2009.03.24 16:00:00.130,1.66205,1.66245,6.40,4.80
2009.03.24 16:00:00.409,1.66205,1.6625,9.60,1.00
2009.03.24 16:00:00.739,1.6622,1.66245,3.20,1.00
2009.03.24 16:00:01.089,1.66205,1.66255,6.40,5.00
2009.03.24 16:00:01.439,1.6622,1.6625,3.20,1.00
2009.03.24 16:00:01.819,1.66215,1.6626,3.20,1.00
2009.03.24 16:00:02.508,1.6621,1.6626,8.60,1.00
2009.03.24 16:00:02.958,1.66215,1.6626,3.20,1.00
2009.03.24 16:00:03.308,1.6622,1.6626,3.20,1.00
2009.03.24 16:00:03.708,1.66235,1.6627,3.20,6.40
2009.03.24 16:00:03.948,1.66235,1.6627,3.20,6.80
2009.03.24 16:00:04.348,1.66225,1.6627,3.20,1.00
2009.03.24 16:00:04.638,1.66205,1.66265,5.40,1.00
2009.03.24 16:00:04.978,1.66215,1.66265,3.20,5.00
2009.03.24 16:00:05.998,1.66215,1.66265,3.20,1.00
2009.03.24 16:00:06.337,1.66215,1.6626,3.20,1.00
2009.03.24 16:00:07.407,1.66225,1.6626,3.20,1.00
2009.03.24 16:00:07.747,1.66235,1.6626,3.20,1.00
2009.03.24 16:00:08.307,1.6622,1.6626,3.20,1.00
2009.03.24 16:00:08.487,1.6622,1.66265,3.20,1.00
2009.03.24 16:00:08.708,1.6623,1.66275,3.20,5.20
2009.03.24 16:00:08.938,1.6623,1.66265,3.20,4.80
2009.03.24 16:00:09.167,1.6622,1.66265,3.20,5.00
2009.03.24 16:00:09.447,1.66235,1.6627,3.20,4.80
2009.03.24 16:00:09.856,1.6623,1.66265,3.00,4.80
2009.03.24 16:00:10.246,1.66225,1.66275,7.80,1.00
2009.03.24 16:00:10.467,1.66235,1.66265,3.00,5.00
2009.03.24 16:00:10.816,1.6622,1.66265,9.60,4.80
2009.03.24 16:00:11.277,1.6622,1.66265,3.20,4.80
2009.03.24 16:00:12.436,1.6623,1.66265,3.20,4.80
2009.03.24 16:00:12.886,1.6623,1.66275,3.20,5.00
2009.03.24 16:00:13.246,1.6622,1.66275,3.20,5.00
2009.03.24 16:00:13.536,1.6622,1.6626,3.20,1.00
2009.03.24 16:00:14.096,1.6623,1.66265,3.20,4.80
2009.03.24 16:00:14.336,1.6623,1.6627,3.20,4.80
2009.03.24 16:00:14.615,1.6622,1.6627,3.20,5.00
2009.03.24 16:00:14.955,1.66215,1.66265,3.20,4.80
2009.03.24 16:00:15.585,1.6621,1.66255,9.60,1.00
2009.03.24 16:00:15.945,1.66215,1.66255,3.20,4.80
2009.03.24 16:00:16.285,1.66215,1.6626,3.20,4.80
2009.03.24 16:00:16.755,1.66205,1.66245,3.20,1.00
2009.03.24 16:00:17.035,1.66205,1.6625,3.20,4.80
2009.03.24 16:00:17.895,1.662,1.66245,3.20,1.00
2009.03.24 16:00:18.165,1.66195,1.66235,3.20,4.80
2009.03.24 16:00:18.845,1.66205,1.6623,3.20,4.80
2009.03.24 16:00:19.144,1.66205,1.6624,3.20,4.80
2009.03.24 16:00:19.444,1.66195,1.6624,3.20,4.80
2009.03.24 16:00:19.734,1.66195,1.66235,10.20,1.00
2009.03.24 16:00:20.134,1.6618,1.66215,3.20,1.00
2009.03.24 16:00:20.604,1.6618,1.6622,3.20,1.00
2009.03.24 16:00:21.074,1.6619,1.66225,3.20,4.80
2009.03.24 16:00:21.414,1.6619,1.66225,3.20,1.00
2009.03.24 16:00:21.754,1.6621,1.66225,3.20,1.00
2009.03.24 16:00:22.044,1.6621,1.6623,3.20,1.00
2009.03.24 16:00:22.334,1.6621,1.6624,3.20,6.80
2009.03.24 16:00:22.774,1.6622,1.66225,3.20,1.00
2009.03.24 16:00:22.993,1.66215,1.6624,3.20,1.00
2009.03.24 16:00:23.463,1.6621,1.6624,3.20,1.00
2009.03.24 16:00:23.684,1.6621,1.66235,3.20,1.00
2009.03.24 16:00:24.013,1.6621,1.6624,3.20,1.60
2009.03.24 16:00:24.413,1.66215,1.66245,3.20,5.00
2009.03.24 16:00:24.654,1.66215,1.6625,3.20,2.40
2009.03.24 16:00:25.043,1.66215,1.66245,3.20,1.00
2009.03.24 16:00:25.343,1.6621,1.6625,3.20,2.80
2009.03.24 16:00:25.633,1.662,1.6625,3.20,2.40
2009.03.24 16:00:25.923,1.662,1.6625,3.20,2.80
2009.03.24 16:00:26.163,1.662,1.66245,3.20,1.00
2009.03.24 16:00:26.523,1.66195,1.66255,9.60,1.00
2009.03.24 16:00:27.382,1.6621,1.66255,3.20,1.00
2009.03.24 16:00:27.792,1.662,1.66255,3.20,1.00
2009.03.24 16:00:28.023,1.662,1.66255,6.40,1.00
2009.03.24 16:00:28.602,1.6621,1.66265,6.40,1.00
2009.03.24 16:00:28.832,1.6621,1.6625,6.40,4.80
2009.03.24 16:00:29.492,1.6621,1.6626,6.40,4.80
2009.03.24 16:00:29.782,1.66215,1.6626,3.20,4.80
2009.03.24 16:00:30.072,1.6621,1.6626,6.40,4.80
2009.03.24 16:00:31.351,1.6621,1.6625,3.20,1.00
2009.03.24 16:00:31.521,1.66195,1.6625,8.00,1.00
2009.03.24 16:00:31.861,1.6619,1.66245,6.40,4.80
2009.03.24 16:00:32.551,1.6619,1.6624,3.20,4.80
2009.03.24 16:00:32.941,1.66195,1.66235,3.20,1.00
2009.03.24 16:00:33.271,1.6618,1.66235,11.00,1.00
2009.03.24 16:00:33.571,1.6618,1.66235,3.20,5.00
2009.03.24 16:00:34.071,1.66185,1.66235,3.20,5.00
2009.03.24 16:00:34.421,1.66185,1.6623,3.20,4.80
2009.03.24 16:00:34.941,1.6618,1.6623,3.20,4.80
2009.03.24 16:00:35.541,1.6619,1.6623,3.20,4.80
2009.03.24 16:00:35.940,1.66195,1.6623,3.20,4.80
2009.03.24 16:00:37.020,1.6619,1.6623,3.20,4.80
2009.03.24 16:00:37.360,1.66185,1.6623,3.20,4.80
2009.03.24 16:00:37.530,1.66185,1.6623,6.40,4.80
2009.03.24 16:00:37.820,1.66195,1.66235,3.20,4.80
2009.03.24 16:00:38.350,1.66195,1.6622,3.20,4.80
2009.03.24 16:00:38.520,1.66205,1.6622,3.20,4.80
2009.03.24 16:00:39.030,1.66205,1.6621,3.20,4.80
2009.03.24 16:00:39.479,1.6616,1.66205,4.80,4.80
2009.03.24 16:00:39.699,1.6621,1.66215,3.20,5.00
2009.03.24 16:00:40.369,1.66195,1.66205,3.20,5.00
2009.03.24 16:00:40.709,1.6615,1.66195,6.40,1.00
2009.03.24 16:00:41.069,1.6615,1.66185,6.40,4.80
2009.03.24 16:00:41.819,1.662,1.66225,3.20,7.00
2009.03.24 16:00:42.059,1.66205,1.6621,3.20,4.80
2009.03.24 16:00:42.749,1.66195,1.6621,3.20,4.80
2009.03.24 16:00:43.268,1.66205,1.6621,3.20,4.80
2009.03.24 16:00:43.428,1.66205,1.6622,3.20,4.80
2009.03.24 16:00:43.639,1.662,1.6622,3.20,4.80
2009.03.24 16:00:44.148,1.66195,1.6622,3.20,4.80
2009.03.24 16:00:44.388,1.66195,1.6623,3.20,5.00
2009.03.24 16:00:45.088,1.662,1.6623,3.20,4.80
2009.03.24 16:00:45.648,1.66205,1.6622,3.20,4.80
2009.03.24 16:00:46.328,1.66195,1.66225,3.20,4.80
2009.03.24 16:00:46.618,1.66195,1.66225,3.20,5.00
2009.03.24 16:00:47.248,1.662,1.6622,3.20,4.80
2009.03.24 16:00:47.528,1.66205,1.6622,3.20,4.80
2009.03.24 16:00:47.707,1.6621,1.6622,3.20,4.80
2009.03.24 16:00:48.367,1.6621,1.66225,3.20,5.00
2009.03.24 16:00:49.057,1.6621,1.6622,3.20,1.00
2009.03.24 16:00:49.857,1.6621,1.66215,3.20,4.80
2009.03.24 16:00:50.307,1.6616,1.6621,6.40,4.80
2009.03.24 16:00:50.667,1.6622,1.6624,3.20,5.10
2009.03.24 16:00:51.587,1.6621,1.66215,3.20,5.00
2009.03.24 16:00:51.866,1.66215,1.6624,3.20,5.10
2009.03.24 16:00:52.327,1.6616,1.6622,6.40,1.00
2009.03.24 16:00:52.666,1.6616,1.66205,4.80,1.00
2009.03.24 16:00:53.186,1.6616,1.66215,4.80,4.80
2009.03.24 16:00:53.576,1.6616,1.66225,4.80,1.00
2009.03.24 16:00:54.086,1.66235,1.6624,3.20,2.90
2009.03.24 16:00:54.546,1.6616,1.66215,4.80,1.00
2009.03.24 16:00:55.056,1.6623,1.66235,3.20,2.90
2009.03.24 16:00:56.135,1.66165,1.6622,6.40,1.00
2009.03.24 16:00:56.365,1.66225,1.6623,3.20,3.20
2009.03.24 16:00:57.065,1.6621,1.6622,3.20,1.00
2009.03.24 16:00:57.465,1.6622,1.6623,3.20,3.20
2009.03.24 16:00:57.696,1.6621,1.6622,3.20,1.00
2009.03.24 16:00:58.035,1.66205,1.6622,3.20,1.00
2009.03.24 16:00:58.205,1.66195,1.66215,3.20,1.00
2009.03.24 16:00:58.375,1.6619,1.66215,3.20,1.00
2009.03.24 16:00:58.555,1.66185,1.6622,3.20,1.00
2009.03.24 16:00:58.835,1.6619,1.66215,3.20,4.80
2009.03.24 16:00:59.005,1.66155,1.66215,9.60,4.80
2009.03.24 16:00:59.125,1.66155,1.66215,6.40,4.80
2009.03.24 16:01:00.614,1.66185,1.66215,3.20,4.80
2009.03.24 16:01:00.854,1.66165,1.66215,9.60,4.80
2009.03.24 16:01:01.254,1.66165,1.66215,6.40,4.80
2009.03.24 16:01:01.534,1.66175,1.66215,3.20,5.00
2009.03.24 16:01:02.114,1.6617,1.66215,3.20,5.00
2009.03.24 16:01:02.404,1.66165,1.6621,6.40,4.80
2009.03.24 16:01:02.634,1.6618,1.66215,3.20,5.00
2009.03.24 16:01:03.254,1.6619,1.66215,3.20,5.00
2009.03.24 16:01:03.483,1.66185,1.66215,3.20,5.00
2009.03.24 16:01:03.534,1.6618,1.66215,3.20,5.00
2009.03.24 16:01:03.944,1.6619,1.66215,3.20,5.00
2009.03.24 16:01:04.174,1.66195,1.66215,3.20,5.00
2009.03.24 16:01:04.293,1.66185,1.66215,3.20,5.00
2009.03.24 16:01:04.633,1.66195,1.66215,3.20,5.00
2009.03.24 16:01:04.903,1.66205,1.66215,3.20,5.00
2009.03.24 16:01:05.253,1.662,1.66215,3.20,5.00
2009.03.24 16:01:05.523,1.6619,1.66215,3.20,4.80
2009.03.24 16:01:06.493,1.66185,1.66215,3.20,4.80
2009.03.24 16:01:06.783,1.6619,1.66225,3.20,5.00
2009.03.24 16:01:07.193,1.6618,1.66225,6.40,5.00
2009.03.24 16:01:07.423,1.6618,1.66225,3.20,5.00
2009.03.24 16:01:08.203,1.6618,1.66225,6.40,4.80
2009.03.24 16:01:08.323,1.6618,1.6622,3.20,1.00
2009.03.24 16:01:08.552,1.66175,1.6622,3.20,1.00
2009.03.24 16:01:08.672,1.6618,1.66215,3.20,4.80
2009.03.24 16:01:08.893,1.66175,1.66215,3.20,4.80
2009.03.24 16:01:09.063,1.6618,1.66215,3.20,4.80
2009.03.24 16:01:09.812,1.6618,1.6622,3.20,4.80
2009.03.24 16:01:10.092,1.66175,1.6622,3.20,4.80
2009.03.24 16:01:10.512,1.66175,1.66225,3.20,4.80
2009.03.24 16:01:10.852,1.66175,1.66225,3.20,5.00
2009.03.24 16:01:11.192,1.66165,1.6622,3.20,4.80
2009.03.24 16:01:11.542,1.66165,1.6622,3.20,5.00
2009.03.24 16:01:11.832,1.66165,1.66215,3.20,4.80
2009.03.24 16:01:12.122,1.66175,1.66215,3.20,4.80
2009.03.24 16:01:12.402,1.66175,1.66225,6.40,5.00
2009.03.24 16:01:12.831,1.66175,1.66225,3.20,5.00
2009.03.24 16:01:13.481,1.66175,1.66225,3.20,4.80
2009.03.24 16:01:13.721,1.66175,1.66225,3.20,5.00
2009.03.24 16:01:14.231,1.66175,1.6622,2.00,4.80
2009.03.24 16:01:14.571,1.66175,1.66225,6.40,1.00
2009.03.24 16:01:14.751,1.6618,1.66225,3.20,1.00
2009.03.24 16:01:15.031,1.66175,1.6622,3.20,5.00
2009.03.24 16:01:15.660,1.66165,1.6622,6.40,5.00
2009.03.24 16:01:16.669,1.66165,1.6622,3.20,5.00
2009.03.24 16:01:17.009,1.66165,1.66215,3.20,4.80
2009.03.24 16:01:17.719,1.66165,1.66215,8.40,4.80
2009.03.24 16:01:17.959,1.66165,1.66215,3.20,4.80
2009.03.24 16:01:18.409,1.6617,1.66215,3.20,4.80
2009.03.24 16:01:18.959,1.66165,1.66215,3.20,4.80
2009.03.24 16:01:19.189,1.66165,1.66215,6.40,4.80
2009.03.24 16:01:19.419,1.66165,1.6621,3.20,1.00
2009.03.24 16:01:19.658,1.6616,1.66215,4.80,5.00
2009.03.24 16:01:19.878,1.66155,1.662,2.00,4.80
2009.03.24 16:01:20.208,1.6615,1.662,9.80,4.80
2009.03.24 16:01:20.548,1.6615,1.66195,3.20,4.80
2009.03.24 16:01:21.068,1.66165,1.6621,9.60,1.00
2009.03.24 16:01:21.458,1.66165,1.6622,6.40,5.00
2009.03.24 16:01:21.638,1.66165,1.6621,6.40,4.80
2009.03.24 16:01:21.878,1.66165,1.6621,3.20,4.80
2009.03.24 16:01:22.058,1.66155,1.66205,3.20,1.00
2009.03.24 16:01:22.288,1.6615,1.6621,11.00,1.00
2009.03.24 16:01:22.628,1.66155,1.66205,5.20,4.80
2009.03.24 16:01:22.867,1.66155,1.6621,8.40,4.80
2009.03.24 16:01:23.098,1.66165,1.6621,3.20,4.80
2009.03.24 16:01:23.618,1.66165,1.6622,3.20,4.80
2009.03.24 16:01:24.017,1.66165,1.6621,3.20,1.00
2009.03.24 16:01:24.297,1.6615,1.662,3.20,4.80
2009.03.24 16:01:26.137,1.6615,1.662,6.40,4.80
2009.03.24 16:01:26.417,1.66165,1.662,3.20,4.80
2009.03.24 16:01:26.657,1.66165,1.66205,3.20,6.60
2009.03.24 16:01:26.877,1.6615,1.662,3.20,4.80
2009.03.24 16:01:28.666,1.6615,1.662,3.20,5.00
2009.03.24 16:01:29.006,1.66145,1.662,3.20,5.00
2009.03.24 16:01:29.066,1.6614,1.66195,9.60,4.80
2009.03.24 16:01:32.065,1.6614,1.6619,6.40,4.80
2009.03.24 16:01:33.515,1.6613,1.6619,11.00,5.00
2009.03.24 16:01:33.745,1.6613,1.66175,3.20,4.80
2009.03.24 16:01:33.975,1.66125,1.66175,8.40,4.80
2009.03.24 16:01:34.085,1.66125,1.6618,6.40,5.00
2009.03.24 16:01:34.195,1.6613,1.6618,3.20,5.00
2009.03.24 16:01:34.425,1.66125,1.6618,3.20,5.00
2009.03.24 16:01:34.545,1.66125,1.66175,3.20,4.80
2009.03.24 16:01:34.665,1.66125,1.66175,6.40,4.80
2009.03.24 16:01:34.785,1.6613,1.66175,3.20,4.80
2009.03.24 16:01:35.375,1.6613,1.66175,6.40,4.80
2009.03.24 16:01:35.665,1.6613,1.66185,6.40,5.00
2009.03.24 16:01:36.025,1.6613,1.66185,6.40,4.80
2009.03.24 16:01:36.315,1.6613,1.66185,6.40,5.00
2009.03.24 16:01:36.625,1.6613,1.66185,6.40,4.80
2009.03.24 16:01:36.924,1.6614,1.66185,3.20,4.80
2009.03.24 16:01:37.354,1.66135,1.66185,3.20,5.00
2009.03.24 16:01:37.704,1.66125,1.66185,11.20,5.00
2009.03.24 16:01:38.094,1.66125,1.6618,6.40,1.00
2009.03.24 16:01:38.274,1.6613,1.6618,6.40,2.40
2009.03.24 16:01:38.504,1.66145,1.6618,7.80,1.00
2009.03.24 16:01:38.724,1.66145,1.66175,4.80,1.00
2009.03.24 16:01:39.004,1.66105,1.66175,8.40,4.80
2009.03.24 16:01:39.344,1.6611,1.66175,5.20,4.80
2009.03.24 16:01:39.794,1.6611,1.66185,10.00,5.00
2009.03.24 16:01:40.083,1.66125,1.6618,5.20,4.80
2009.03.24 16:01:41.023,1.66125,1.6618,3.20,4.80
2009.03.24 16:01:41.363,1.6613,1.6618,3.20,4.80
2009.03.24 16:01:41.813,1.6613,1.66185,3.20,5.00
2009.03.24 16:01:42.253,1.6613,1.66185,3.20,4.80
2009.03.24 16:01:42.483,1.66125,1.66185,5.20,4.80
2009.03.24 16:01:42.713,1.66125,1.6618,5.20,4.80
2009.03.24 16:01:43.233,1.6614,1.66195,6.40,4.80
2009.03.24 16:01:44.223,1.6615,1.662,3.20,4.80
2009.03.24 16:01:44.383,1.6615,1.662,5.20,4.80
2009.03.24 16:01:44.682,1.6615,1.662,3.20,5.00
2009.03.24 16:01:45.003,1.66145,1.6618,7.80,1.00
2009.03.24 16:01:45.292,1.66125,1.6618,3.20,5.00
2009.03.24 16:01:46.212,1.6614,1.66185,2.00,6.40
2009.03.24 16:01:46.642,1.6614,1.66175,2.00,4.80
2009.03.24 16:01:46.992,1.6614,1.6618,2.00,4.80
2009.03.24 16:01:47.612,1.66135,1.66185,3.20,6.40
2009.03.24 16:01:47.792,1.66135,1.66185,3.20,4.80
2009.03.24 16:01:47.962,1.66135,1.66185,6.40,4.80
2009.03.24 16:01:48.081,1.66135,1.6619,6.40,5.00
2009.03.24 16:01:48.601,1.66135,1.6619,6.40,4.80
2009.03.24 16:01:48.711,1.66145,1.6619,2.00,4.80
2009.03.24 16:01:48.941,1.6614,1.6619,5.20,4.80
2009.03.24 16:01:49.051,1.6615,1.66195,2.00,4.80
2009.03.24 16:01:49.221,1.6614,1.66195,5.20,4.80
2009.03.24 16:01:49.381,1.6614,1.66195,8.20,4.80
2009.03.24 16:01:49.551,1.6614,1.66205,13.00,5.00
2009.03.24 16:01:49.671,1.6614,1.662,8.20,4.80
2009.03.24 16:01:49.721,1.66145,1.662,3.20,4.80
2009.03.24 16:01:50.471,1.66155,1.662,2.00,4.80
2009.03.24 16:01:50.992,1.6615,1.662,5.20,4.80
2009.03.24 16:01:51.341,1.6615,1.66205,5.20,4.80
2009.03.24 16:01:51.631,1.6616,1.66205,2.00,4.80
2009.03.24 16:01:51.861,1.6615,1.66205,8.40,4.80
2009.03.24 16:01:52.720,1.66155,1.662,2.00,4.80
2009.03.24 16:01:53.241,1.66155,1.66205,2.00,4.80
2009.03.24 16:01:53.420,1.6615,1.66205,5.20,4.80
2009.03.24 16:01:53.820,1.6615,1.662,3.20,1.00
2009.03.24 16:01:54.060,1.66155,1.6621,9.80,5.00
2009.03.24 16:01:54.460,1.66155,1.662,2.00,4.80
2009.03.24 16:01:54.640,1.6615,1.66195,3.20,4.80
2009.03.24 16:01:54.690,1.6615,1.662,3.20,1.00
2009.03.24 16:01:55.190,1.6615,1.66205,3.20,5.00
2009.03.24 16:01:55.860,1.6615,1.662,3.20,1.00
2009.03.24 16:01:56.211,1.66145,1.662,3.20,5.00
2009.03.24 16:01:56.500,1.6615,1.66205,3.20,5.00
2009.03.24 16:01:57.009,1.66145,1.662,3.20,5.00
2009.03.24 16:01:57.249,1.6615,1.662,3.20,4.80
2009.03.24 16:01:57.420,1.6615,1.66205,3.20,5.00
2009.03.24 16:01:58.029,1.6615,1.662,2.00,4.80
2009.03.24 16:01:58.189,1.6615,1.662,5.00,4.80
2009.03.24 16:01:58.309,1.6614,1.662,11.00,1.00
2009.03.24 16:01:58.589,1.66145,1.662,3.20,5.00
2009.03.24 16:01:58.890,1.66145,1.66195,3.20,4.80
2009.03.24 16:01:59.169,1.6614,1.66195,8.40,4.80
2009.03.24 16:01:59.399,1.66145,1.662,3.20,4.80
2009.03.24 16:02:06.077,1.6614,1.66185,3.20,1.60
2009.03.24 16:02:06.757,1.66135,1.66185,6.40,1.60
2009.03.24 16:02:09.936,1.6615,1.66195,3.20,5.00
2009.03.24 16:02:10.176,1.6614,1.66195,3.20,1.00
2009.03.24 16:02:10.516,1.6614,1.66195,6.40,5.00
2009.03.24 16:02:11.196,1.6614,1.66195,3.20,5.00
2009.03.24 16:02:11.526,1.6614,1.6619,3.20,4.80
2009.03.24 16:02:11.886,1.6614,1.66195,3.20,5.00
2009.03.24 16:02:12.066,1.66135,1.6619,9.60,4.80
2009.03.24 16:02:13.275,1.6614,1.6619,3.20,4.80
2009.03.24 16:02:14.035,1.6614,1.66195,3.20,5.00
2009.03.24 16:02:14.145,1.6614,1.6619,3.20,4.80
2009.03.24 16:02:14.365,1.6614,1.66195,6.40,5.00
2009.03.24 16:02:14.935,1.6614,1.66195,3.20,5.00
2009.03.24 16:02:15.655,1.6614,1.6619,3.20,1.00
2009.03.24 16:02:15.935,1.66135,1.6619,9.60,4.80
2009.03.24 16:02:16.564,1.66135,1.6619,6.40,4.80
2009.03.24 16:02:17.144,1.66135,1.6619,9.60,4.80
2009.03.24 16:02:17.365,1.66135,1.6619,6.40,5.00
2009.03.24 16:02:18.124,1.66135,1.6619,3.20,1.00
2009.03.24 16:02:18.484,1.66135,1.66185,6.40,4.80
2009.03.24 16:02:18.604,1.66135,1.6619,6.40,5.00
2009.03.24 16:02:20.974,1.66135,1.6619,3.20,5.00
2009.03.24 16:02:21.204,1.66135,1.66185,3.20,1.00
2009.03.24 16:02:21.543,1.66135,1.66185,3.20,5.00
2009.03.24 16:02:21.703,1.66125,1.6618,6.40,4.80
2009.03.24 16:02:21.873,1.66125,1.66185,6.40,5.00
2009.03.24 16:02:22.053,1.6613,1.66185,3.20,5.00
2009.03.24 16:02:22.853,1.66125,1.6618,6.40,1.00
2009.03.24 16:02:23.123,1.66135,1.6618,2.00,4.80
2009.03.24 16:02:23.353,1.6614,1.6618,3.00,4.80
2009.03.24 16:02:23.413,1.66135,1.6618,3.20,4.80
2009.03.24 16:02:23.473,1.66135,1.6619,3.20,1.00
2009.03.24 16:02:23.533,1.6614,1.6619,3.20,1.00
2009.03.24 16:02:23.823,1.66135,1.6619,3.20,1.00
2009.03.24 16:02:23.873,1.66135,1.6619,3.20,5.00
2009.03.24 16:02:26.672,1.66135,1.66185,3.20,1.00
2009.03.24 16:02:26.842,1.6614,1.66185,3.00,5.00
2009.03.24 16:02:27.012,1.66125,1.66185,6.40,5.00
2009.03.24 16:02:27.422,1.66125,1.66185,8.40,4.80
2009.03.24 16:02:27.592,1.66125,1.6618,8.40,4.80
2009.03.24 16:02:27.812,1.6613,1.6618,3.20,4.80
2009.03.24 16:02:27.972,1.6613,1.66185,3.20,5.00
2009.03.24 16:02:28.332,1.66125,1.6618,6.40,4.80
2009.03.24 16:02:28.782,1.66125,1.6618,8.40,4.80
2009.03.24 16:02:28.892,1.66125,1.6618,11.40,4.80
2009.03.24 16:02:29.011,1.66125,1.6619,16.20,5.00
2009.03.24 16:02:29.071,1.66135,1.6619,3.20,5.00
2009.03.24 16:02:29.412,1.66125,1.66185,14.20,1.00
2009.03.24 16:02:29.752,1.6613,1.66185,3.20,5.00
2009.03.24 16:02:30.341,1.66125,1.6618,3.20,4.80
2009.03.24 16:02:30.691,1.6612,1.6617,6.40,5.00
2009.03.24 16:02:31.041,1.6612,1.6617,6.40,4.80
2009.03.24 16:02:31.321,1.6612,1.66175,6.40,4.80
2009.03.24 16:02:33.351,1.6612,1.66175,9.60,4.80
2009.03.24 16:02:34.970,1.6612,1.66175,11.60,4.80
2009.03.24 16:02:35.310,1.66125,1.66175,3.20,4.80
2009.03.24 16:02:35.870,1.6612,1.6617,8.40,4.80
2009.03.24 16:02:39.379,1.6612,1.66175,5.20,4.80
2009.03.24 16:02:39.549,1.6612,1.6617,5.20,4.80
2009.03.24 16:02:39.839,1.6613,1.6618,3.20,1.00
2009.03.24 16:02:40.299,1.6615,1.66175,7.80,1.00
2009.03.24 16:02:40.649,1.6613,1.6618,3.20,1.00
2009.03.24 16:02:41.518,1.66135,1.6618,3.20,1.00
2009.03.24 16:02:42.218,1.66135,1.66175,3.20,1.00
2009.03.24 16:02:42.619,1.6613,1.6617,3.20,1.00
2009.03.24 16:02:42.848,1.6613,1.6618,3.20,1.00
2009.03.24 16:02:44.178,1.6613,1.6617,3.20,1.00
2009.03.24 16:02:48.487,1.6612,1.6617,3.20,1.00
2009.03.24 16:02:48.877,1.6612,1.6617,3.20,5.00
2009.03.24 16:02:51.176,1.6612,1.6617,6.40,5.00
2009.03.24 16:02:51.516,1.6612,1.6617,8.40,1.00
2009.03.24 16:02:51.856,1.66125,1.6617,3.20,1.00
2009.03.24 16:02:52.186,1.6613,1.6617,3.20,1.00
2009.03.24 16:02:52.366,1.6612,1.6617,4.80,5.00
2009.03.24 16:02:52.596,1.66115,1.6616,2.00,5.00
2009.03.24 16:02:53.126,1.66105,1.6616,8.40,5.00
2009.03.24 16:02:53.476,1.66115,1.6616,3.20,5.00
2009.03.24 16:02:53.596,1.6611,1.6616,3.20,1.00
2009.03.24 16:02:53.825,1.66115,1.6616,3.20,5.00
2009.03.24 16:02:54.056,1.66115,1.66145,3.20,1.00
2009.03.24 16:02:54.285,1.66115,1.66155,3.20,5.00
2009.03.24 16:02:54.506,1.66115,1.66135,3.20,4.80
2009.03.24 16:02:54.725,1.6611,1.6615,3.20,5.00
2009.03.24 16:02:55.065,1.6611,1.6614,3.20,4.80
2009.03.24 16:02:55.415,1.66105,1.6614,6.40,4.80
2009.03.24 16:02:55.805,1.6612,1.6616,3.20,4.80
2009.03.24 16:02:56.215,1.6612,1.66175,3.20,4.80
2009.03.24 16:02:57.505,1.6612,1.66165,3.20,1.00
2009.03.24 16:02:57.916,1.6612,1.6617,3.20,1.00
2009.03.24 16:02:58.025,1.66115,1.6617,12.80,4.80
2009.03.24 16:02:58.424,1.66115,1.6617,14.80,4.80
2009.03.24 16:02:58.535,1.6612,1.6617,3.20,4.80
2009.03.24 16:02:58.755,1.6614,1.6617,3.20,4.80
2009.03.24 16:02:59.284,1.6614,1.6618,6.40,1.00
2009.03.24 16:02:59.634,1.6614,1.66195,6.40,4.80
2009.03.24 16:03:00.324,1.66145,1.66195,6.40,4.80
2009.03.24 16:03:00.504,1.6615,1.662,3.20,5.00
2009.03.24 16:03:00.904,1.6615,1.662,4.80,4.80
2009.03.24 16:03:01.074,1.66145,1.662,11.60,4.80
2009.03.24 16:03:01.244,1.6615,1.6621,11.60,4.80
2009.03.24 16:03:01.744,1.6615,1.66205,11.60,4.80
2009.03.24 16:03:02.134,1.6615,1.66205,6.40,4.80
2009.03.24 16:03:02.484,1.6615,1.662,9.60,4.80
2009.03.24 16:03:02.723,1.66155,1.66215,3.20,4.80
2009.03.24 16:03:03.413,1.66155,1.6621,3.20,1.00
2009.03.24 16:03:03.863,1.66155,1.6621,3.20,4.80
2009.03.24 16:03:04.994,1.6616,1.6621,3.20,4.80
2009.03.24 16:03:05.273,1.6616,1.66215,3.20,5.00
2009.03.24 16:03:05.513,1.6616,1.6621,3.20,1.00
2009.03.24 16:03:05.852,1.6615,1.66205,6.40,4.80
2009.03.24 16:03:06.672,1.6615,1.66205,3.20,5.00
2009.03.24 16:03:07.022,1.66145,1.662,3.20,5.00
2009.03.24 16:03:10.372,1.66145,1.6619,3.20,1.00
2009.03.24 16:03:10.542,1.66145,1.6619,5.20,1.00
2009.03.24 16:03:10.721,1.66145,1.662,5.20,4.80
2009.03.24 16:03:10.942,1.6615,1.662,3.20,4.80
2009.03.24 16:03:11.171,1.6616,1.6621,3.20,1.00
2009.03.24 16:03:11.381,1.6616,1.66215,9.60,4.80
2009.03.24 16:03:11.681,1.6617,1.6622,2.00,4.80
2009.03.24 16:03:11.911,1.6618,1.6622,3.20,4.80
2009.03.24 16:03:12.191,1.6618,1.66235,3.20,5.80
2009.03.24 16:03:12.431,1.66175,1.6623,3.20,1.00
2009.03.24 16:03:12.701,1.66175,1.6623,3.20,5.00
2009.03.24 16:03:13.001,1.66175,1.6623,3.20,4.80
2009.03.24 16:03:13.121,1.6618,1.6623,3.20,4.80
2009.03.24 16:03:13.241,1.6618,1.66235,3.20,5.80
2009.03.24 16:03:13.591,1.6617,1.6623,11.00,1.00
2009.03.24 16:03:13.831,1.6617,1.66225,3.20,4.80
2009.03.24 16:03:14.121,1.66165,1.66225,5.20,4.80
2009.03.24 16:03:14.540,1.6617,1.66225,3.20,4.80
2009.03.24 16:03:14.771,1.6618,1.66225,3.20,4.80
2009.03.24 16:03:14.990,1.66175,1.6623,3.20,5.00
2009.03.24 16:03:15.510,1.6618,1.6623,3.20,1.00
2009.03.24 16:03:16.460,1.6617,1.6622,8.00,1.00
2009.03.24 16:03:16.790,1.6616,1.66215,3.20,5.00
2009.03.24 16:03:17.140,1.6616,1.66215,3.20,4.80
2009.03.24 16:03:17.750,1.6616,1.6622,3.20,5.00
2009.03.24 16:03:18.340,1.6616,1.66215,3.20,4.80
2009.03.24 16:03:18.620,1.6616,1.6621,3.20,1.00
2009.03.24 16:03:18.790,1.6615,1.66205,6.20,4.80
2009.03.24 16:03:18.969,1.6616,1.66205,3.00,4.80
2009.03.24 16:03:19.149,1.6615,1.662,3.20,4.80
2009.03.24 16:03:19.329,1.6615,1.662,6.40,4.80
2009.03.24 16:03:19.730,1.66155,1.66205,3.20,4.80
2009.03.24 16:03:19.899,1.66155,1.6621,3.20,5.00
2009.03.24 16:03:20.439,1.6615,1.66205,3.20,4.80
2009.03.24 16:03:20.889,1.66155,1.6621,3.20,5.00
2009.03.24 16:03:21.179,1.6615,1.66205,3.20,5.00
2009.03.24 16:03:21.339,1.66145,1.66205,13.00,4.80
2009.03.24 16:03:21.689,1.6615,1.66195,3.20,4.80
2009.03.24 16:03:22.149,1.66155,1.6621,3.20,5.00
2009.03.24 16:03:22.598,1.6615,1.66205,5.20,4.80
2009.03.24 16:03:23.108,1.6615,1.66205,3.20,4.80
2009.03.24 16:03:23.628,1.6615,1.66205,5.20,4.80
2009.03.24 16:03:23.898,1.6616,1.66205,3.20,4.80
2009.03.24 16:03:24.238,1.66165,1.66205,3.20,4.80
2009.03.24 16:03:24.358,1.66165,1.66215,3.20,4.80
2009.03.24 16:03:24.608,1.66165,1.6622,3.20,4.80
2009.03.24 16:03:24.948,1.6617,1.6622,3.20,4.80
2009.03.24 16:03:25.328,1.6617,1.6622,3.20,1.00
2009.03.24 16:03:25.678,1.66165,1.6622,3.20,5.00
2009.03.24 16:03:25.898,1.6616,1.6622,13.00,4.80
2009.03.24 16:03:26.178,1.66165,1.6622,3.20,4.80
2009.03.24 16:03:26.648,1.66175,1.6622,2.00,5.00
2009.03.24 16:03:27.158,1.66165,1.66215,5.20,4.80
2009.03.24 16:03:27.499,1.66195,1.6625,3.00,5.00
2009.03.24 16:03:27.957,1.6618,1.6625,4.80,1.00
2009.03.24 16:03:28.258,1.6618,1.66245,3.00,4.80
2009.03.24 16:03:28.547,1.6618,1.66235,3.20,4.80
2009.03.24 16:03:28.907,1.6618,1.66235,5.20,4.80
2009.03.24 16:03:29.307,1.66205,1.66245,3.20,5.00
2009.03.24 16:03:29.587,1.66205,1.6623,3.20,1.00
2009.03.24 16:03:29.827,1.66185,1.6623,3.20,1.00
2009.03.24 16:03:30.177,1.66185,1.66225,3.20,4.80
2009.03.24 16:03:30.846,1.6618,1.66225,3.20,5.00
2009.03.24 16:03:31.177,1.6619,1.6622,3.20,1.00
2009.03.24 16:03:31.477,1.66175,1.66215,3.20,4.80
2009.03.24 16:03:31.716,1.66175,1.6622,3.20,5.00
2009.03.24 16:03:32.046,1.6618,1.6622,3.20,4.80
2009.03.24 16:03:32.606,1.6618,1.66225,3.20,5.00
2009.03.24 16:03:32.786,1.66185,1.66225,3.20,5.00
2009.03.24 16:03:33.126,1.6619,1.66225,3.20,5.00
2009.03.24 16:03:33.296,1.66195,1.66225,3.20,5.00
2009.03.24 16:03:33.456,1.6619,1.66225,3.20,5.00
2009.03.24 16:03:33.576,1.6618,1.6622,3.20,4.80
2009.03.24 16:03:33.746,1.6618,1.6622,3.20,5.00
2009.03.24 16:03:33.916,1.6617,1.6622,3.20,5.00
2009.03.24 16:03:34.136,1.6617,1.6621,3.20,4.80
2009.03.24 16:03:34.376,1.6616,1.6621,6.40,4.80
2009.03.24 16:03:35.576,1.6616,1.6621,3.20,4.80
2009.03.24 16:03:35.806,1.6617,1.66215,3.20,4.80
2009.03.24 16:03:36.095,1.6617,1.66215,3.20,5.00
2009.03.24 16:03:36.445,1.6616,1.66215,5.20,4.80
2009.03.24 16:03:37.095,1.66165,1.66215,3.20,4.80
2009.03.24 16:03:37.425,1.66165,1.6622,3.20,5.00
2009.03.24 16:03:37.775,1.66165,1.66215,3.20,1.00
2009.03.24 16:03:37.945,1.6616,1.6621,3.20,5.00
2009.03.24 16:03:38.245,1.66155,1.6621,13.60,4.80
2009.03.24 16:03:38.575,1.6616,1.6621,3.20,4.80
2009.03.24 16:03:38.974,1.6616,1.6621,6.40,4.80
2009.03.24 16:03:39.085,1.6616,1.6621,3.20,4.80
2009.03.24 16:03:39.655,1.66155,1.6621,3.20,5.00
2009.03.24 16:03:39.764,1.6615,1.6621,3.20,5.00
2009.03.24 16:03:39.874,1.66155,1.6621,3.20,5.00
2009.03.24 16:03:43.234,1.66145,1.662,3.20,4.80
2009.03.24 16:03:43.354,1.66145,1.662,3.20,5.00
2009.03.24 16:03:43.733,1.66145,1.6618,3.20,4.80
2009.03.24 16:03:43.963,1.66145,1.6618,2.00,4.80
2009.03.24 16:03:44.074,1.66145,1.66175,3.20,4.80
2009.03.24 16:03:44.413,1.66145,1.66195,3.20,1.00
2009.03.24 16:03:44.763,1.66135,1.66195,8.00,1.00
2009.03.24 16:03:45.063,1.6614,1.6619,3.20,4.80
2009.03.24 16:03:45.353,1.6614,1.66195,3.20,5.00
2009.03.24 16:03:48.582,1.66135,1.66195,3.20,5.00
2009.03.24 16:03:48.862,1.66135,1.6619,3.20,1.00
2009.03.24 16:03:48.972,1.66135,1.6619,3.20,5.00
2009.03.24 16:03:52.811,1.66135,1.6619,6.40,5.00
2009.03.24 16:03:52.931,1.66135,1.6619,6.40,4.80
2009.03.24 16:03:54.421,1.66135,1.6619,9.60,4.80
2009.03.24 16:03:54.961,1.6614,1.6619,3.20,4.80
2009.03.24 16:03:55.832,1.66145,1.6619,3.20,4.80
2009.03.24 16:03:56.060,1.6614,1.6619,3.20,4.80
2009.03.24 16:03:58.041,1.66135,1.6619,9.60,4.80
2009.03.24 16:03:58.610,1.66135,1.6619,6.40,4.80
2009.03.24 16:03:58.970,1.66135,1.6617,6.40,1.00
2009.03.24 16:03:59.150,1.6614,1.6617,3.20,1.00
2009.03.24 16:03:59.840,1.6613,1.6617,4.80,1.00
2009.03.24 16:04:02.449,1.66115,1.66175,8.40,4.80
2009.03.24 16:04:02.899,1.66115,1.66175,11.60,4.80
2009.03.24 16:04:05.408,1.66115,1.6617,11.60,4.80
2009.03.24 16:04:05.978,1.6612,1.66175,3.20,4.80
2009.03.24 16:04:10.048,1.66105,1.6615,3.20,1.00
2009.03.24 16:04:10.487,1.66095,1.6615,3.20,5.00
2009.03.24 16:04:11.187,1.6609,1.66145,3.20,4.80
2009.03.24 16:04:11.527,1.6609,1.66145,5.20,4.80
2009.03.24 16:04:11.877,1.66095,1.6615,5.20,5.00
2009.03.24 16:04:12.376,1.661,1.66145,2.00,4.80
2009.03.24 16:04:12.778,1.6609,1.66145,5.20,4.80
2009.03.24 16:04:13.006,1.66095,1.6615,3.20,1.00
2009.03.24 16:04:13.856,1.66095,1.6615,5.20,1.00
2009.03.24 16:04:14.216,1.66095,1.6614,3.20,1.00
2009.03.24 16:04:14.386,1.661,1.6614,3.20,1.00
2009.03.24 16:04:14.496,1.661,1.6615,3.20,1.00
2009.03.24 16:04:17.925,1.661,1.6615,5.20,1.00
2009.03.24 16:04:18.265,1.661,1.6615,9.80,1.00
2009.03.24 16:04:18.565,1.661,1.6614,2.00,4.80
2009.03.24 16:04:18.745,1.661,1.6614,3.20,4.80
2009.03.24 16:04:18.805,1.661,1.6615,3.20,1.00
2009.03.24 16:04:19.595,1.6611,1.6615,2.00,1.00
2009.03.24 16:04:19.875,1.66115,1.66155,2.00,4.80
2009.03.24 16:04:20.265,1.66115,1.66145,2.00,4.80
2009.03.24 16:04:20.555,1.66115,1.66155,2.00,4.80
2009.03.24 16:04:20.835,1.6611,1.66155,3.20,4.80
2009.03.24 16:04:21.184,1.66105,1.6614,2.00,4.80
2009.03.24 16:04:21.874,1.6609,1.66145,5.20,4.80
2009.03.24 16:04:22.154,1.66095,1.6614,2.00,4.80
2009.03.24 16:04:22.624,1.66105,1.6614,2.00,4.80
2009.03.24 16:04:23.634,1.66105,1.66145,2.00,4.80
2009.03.24 16:04:24.774,1.66105,1.6614,2.00,4.80
2009.03.24 16:04:25.833,1.661,1.66145,2.00,4.80
2009.03.24 16:04:26.063,1.661,1.6614,2.00,4.80
2009.03.24 16:04:27.313,1.661,1.6614,3.20,4.80
2009.03.24 16:04:27.673,1.661,1.6615,3.20,1.00
2009.03.24 16:04:28.293,1.66095,1.66145,11.00,1.00
2009.03.24 16:04:28.353,1.66095,1.66145,6.20,1.00
2009.03.24 16:04:28.833,1.66095,1.66145,3.20,1.00
2009.03.24 16:04:29.173,1.661,1.6614,3.20,1.00
2009.03.24 16:04:29.462,1.661,1.66135,3.20,4.80
2009.03.24 16:04:29.703,1.661,1.6613,3.20,4.80
2009.03.24 16:04:30.212,1.6609,1.66135,3.20,4.80
2009.03.24 16:04:30.502,1.6608,1.66135,3.20,4.80
2009.03.24 16:04:30.842,1.66085,1.66135,2.00,4.80
2009.03.24 16:04:31.222,1.66085,1.66135,3.20,4.80
2009.03.24 16:04:31.392,1.6608,1.66135,3.20,4.80
2009.03.24 16:04:31.822,1.66085,1.66135,3.20,4.80
2009.03.24 16:04:31.992,1.6609,1.6614,3.20,4.80
2009.03.24 16:04:32.502,1.6609,1.66135,3.20,4.80
2009.03.24 16:04:32.562,1.6609,1.66145,6.40,1.00
2009.03.24 16:04:32.892,1.6609,1.66145,6.40,5.00
2009.03.24 16:04:33.112,1.6609,1.66145,6.40,4.80
2009.03.24 16:04:33.522,1.6609,1.66135,3.20,1.00
2009.03.24 16:04:33.752,1.66085,1.66135,6.40,1.00
2009.03.24 16:04:33.982,1.66075,1.66125,3.20,4.80
2009.03.24 16:04:34.621,1.66075,1.66125,6.40,4.80
2009.03.24 16:04:34.871,1.66075,1.6613,3.20,5.00
2009.03.24 16:04:35.141,1.66075,1.66125,3.20,4.80
2009.03.24 16:04:35.471,1.66075,1.66125,8.40,4.80
2009.03.24 16:04:35.701,1.66075,1.6613,8.40,4.80
2009.03.24 16:04:36.041,1.66075,1.6613,6.40,4.80
2009.03.24 16:04:37.262,1.66075,1.66095,3.20,1.00
2009.03.24 16:04:38.050,1.6608,1.66095,7.80,1.00
2009.03.24 16:04:38.220,1.6607,1.66095,8.00,1.00
2009.03.24 16:04:38.440,1.66065,1.6608,3.20,1.00
2009.03.24 16:04:38.730,1.66075,1.6608,3.20,1.00
2009.03.24 16:04:39.021,1.6607,1.6608,3.20,1.00
2009.03.24 16:04:39.310,1.66075,1.6608,1.00,1.00
2009.03.24 16:04:39.600,1.66065,1.6608,6.40,1.00
2009.03.24 16:04:39.870,1.6607,1.6608,3.20,1.00
2009.03.24 16:04:41.559,1.6607,1.6608,6.40,1.00
2009.03.24 16:04:42.239,1.66065,1.6608,3.20,1.00
2009.03.24 16:04:42.479,1.6607,1.6608,1.00,1.00
2009.03.24 16:04:42.719,1.66075,1.6608,1.00,1.00
2009.03.24 16:04:43.279,1.6607,1.6608,1.00,1.00
2009.03.24 16:04:44.089,1.6607,1.6608,3.20,1.00
2009.03.24 16:04:44.809,1.6607,1.6608,1.00,1.00
2009.03.24 16:04:46.928,1.66075,1.6608,1.00,1.00
2009.03.24 16:04:47.108,1.6607,1.6608,1.00,1.00
2009.03.24 16:04:47.698,1.66075,1.6608,1.00,1.00
2009.03.24 16:04:49.028,1.66075,1.66125,1.00,4.80
2009.03.24 16:04:49.528,1.66075,1.66125,2.00,4.80
2009.03.24 16:04:49.698,1.6607,1.66125,2.00,4.80
2009.03.24 16:04:51.397,1.66075,1.66115,2.00,4.80
2009.03.24 16:04:51.817,1.6607,1.6612,3.20,4.80
2009.03.24 16:04:51.987,1.6607,1.66125,3.20,4.80
2009.03.24 16:04:52.297,1.66075,1.66125,3.20,5.00
2009.03.24 16:04:52.477,1.6607,1.66125,3.20,1.00
2009.03.24 16:04:52.697,1.6607,1.66125,3.20,5.00
2009.03.24 16:04:56.196,1.66065,1.66105,2.00,4.80
2009.03.24 16:05:00.055,1.6606,1.66105,5.20,4.80
2009.03.24 16:05:00.285,1.66065,1.6611,2.00,4.80
2009.03.24 16:05:00.755,1.6606,1.6611,5.20,4.80
2009.03.24 16:05:01.035,1.6606,1.66105,5.20,4.80
2009.03.24 16:05:01.395,1.6606,1.6611,3.20,4.80
2009.03.24 16:05:02.384,1.6606,1.66105,3.20,4.80
2009.03.24 16:05:02.604,1.66045,1.66105,8.40,4.80
2009.03.24 16:05:03.014,1.66055,1.66105,2.00,4.80
2009.03.24 16:05:03.184,1.66055,1.661,2.00,4.80
2009.03.24 16:05:03.474,1.6605,1.66105,5.20,4.80
2009.03.24 16:05:03.644,1.6606,1.66105,2.00,4.80
2009.03.24 16:05:03.864,1.6605,1.66105,3.20,4.80
2009.03.24 16:05:04.384,1.66045,1.66105,8.40,4.80
2009.03.24 16:05:04.724,1.66045,1.661,8.40,4.80
2009.03.24 16:05:06.423,1.66045,1.661,5.20,4.80
2009.03.24 16:05:06.543,1.66045,1.66095,5.20,4.80
2009.03.24 16:05:10.352,1.6604,1.6608,7.80,1.00
2009.03.24 16:05:10.652,1.66025,1.6608,3.20,5.00
2009.03.24 16:05:10.772,1.6602,1.66075,3.20,4.80
2009.03.24 16:05:12.212,1.6602,1.66075,3.20,5.00
2009.03.24 16:05:13.522,1.66015,1.66075,3.20,5.00
2009.03.24 16:05:13.742,1.66015,1.6606,3.20,4.80
2009.03.24 16:05:14.251,1.6602,1.6606,3.20,4.80
2009.03.24 16:05:14.592,1.6602,1.6605,3.20,4.80
2009.03.24 16:05:14.761,1.6601,1.6605,6.40,4.80
2009.03.24 16:05:15.001,1.6601,1.66045,6.40,4.80
2009.03.24 16:05:15.241,1.6601,1.6605,6.40,4.80
2009.03.24 16:05:15.421,1.6601,1.66055,6.40,4.80
2009.03.24 16:05:16.101,1.66005,1.66055,8.40,4.80
2009.03.24 16:05:16.381,1.66005,1.66035,8.40,4.80
2009.03.24 16:05:16.611,1.66015,1.6603,2.00,4.80
2009.03.24 16:05:17.001,1.6602,1.6603,2.00,4.80
2009.03.24 16:05:17.231,1.6602,1.6605,2.00,4.80
2009.03.24 16:05:17.980,1.6603,1.6605,2.00,4.80
2009.03.24 16:05:18.430,1.66035,1.6606,2.00,4.80
2009.03.24 16:05:19.071,1.66035,1.66065,2.00,4.80
2009.03.24 16:05:19.122,1.6604,1.66065,2.00,4.80
2009.03.24 16:05:19.870,1.6604,1.6607,2.00,4.80
2009.03.24 16:05:21.220,1.66025,1.6607,3.20,4.80
2009.03.24 16:05:21.560,1.66025,1.6605,5.20,4.80
2009.03.24 16:05:22.179,1.66025,1.6606,5.20,4.80
2009.03.24 16:05:23.699,1.66025,1.66065,5.20,4.80
2009.03.24 16:05:23.929,1.66025,1.6607,5.20,4.80
2009.03.24 16:05:24.039,1.66025,1.6607,3.20,4.80
2009.03.24 16:05:24.209,1.66025,1.6607,2.00,4.80
2009.03.24 16:05:24.269,1.66025,1.6606,2.00,4.80
2009.03.24 16:05:25.319,1.66025,1.66065,2.00,4.80
2009.03.24 16:05:28.228,1.66025,1.66085,3.20,4.80
2009.03.24 16:05:28.338,1.66025,1.6608,3.20,4.80
2009.03.24 16:05:28.928,1.66025,1.66075,3.20,4.80
2009.03.24 16:05:29.048,1.6602,1.66075,3.20,4.80
2009.03.24 16:05:29.278,1.66025,1.66075,3.20,4.80
2009.03.24 16:05:29.618,1.6602,1.6608,3.20,4.80
2009.03.24 16:05:29.798,1.6602,1.66075,3.20,4.80
2009.03.24 16:05:29.918,1.66015,1.66075,5.20,4.80
2009.03.24 16:05:30.148,1.66015,1.66075,3.20,4.80
2009.03.24 16:05:30.877,1.6601,1.66065,6.40,4.80
2009.03.24 16:05:33.667,1.6601,1.66065,9.60,4.80
2009.03.24 16:05:33.777,1.6602,1.66065,2.00,4.80
2009.03.24 16:05:33.937,1.66025,1.66065,3.20,4.80
2009.03.24 16:05:34.327,1.66025,1.6607,3.20,4.80
2009.03.24 16:05:36.856,1.66025,1.66075,3.20,4.80
2009.03.24 16:05:37.666,1.6602,1.66075,3.20,4.80
2009.03.24 16:05:38.066,1.66025,1.66075,3.20,4.80
2009.03.24 16:05:38.236,1.66025,1.6608,3.20,5.00
2009.03.24 16:05:38.416,1.6602,1.66075,3.20,4.80
2009.03.24 16:05:38.576,1.6602,1.66075,5.20,4.80
2009.03.24 16:05:38.926,1.66025,1.66075,3.20,4.80
2009.03.24 16:05:39.106,1.6603,1.66085,3.20,4.80
2009.03.24 16:05:41.145,1.6603,1.6609,3.20,4.80
2009.03.24 16:05:41.375,1.66035,1.6609,3.20,4.80
2009.03.24 16:05:41.615,1.6603,1.66085,3.20,4.80
2009.03.24 16:05:42.944,1.6603,1.66085,3.20,5.00
2009.03.24 16:05:43.004,1.6602,1.66085,13.00,5.00
2009.03.24 16:05:43.065,1.6602,1.66085,10.00,5.00
2009.03.24 16:05:43.125,1.6602,1.66075,5.20,4.80
2009.03.24 16:05:43.365,1.6602,1.66075,3.20,5.00
2009.03.24 16:05:43.425,1.6602,1.6607,3.20,1.00
2009.03.24 16:05:43.544,1.66015,1.66065,6.40,4.80
2009.03.24 16:05:43.784,1.6602,1.66065,5.20,4.80
2009.03.24 16:05:43.945,1.6602,1.6607,5.20,4.80
2009.03.24 16:05:44.174,1.6603,1.66085,9.80,4.80
2009.03.24 16:05:44.394,1.6603,1.66085,3.20,4.80
2009.03.24 16:05:44.894,1.66035,1.66085,3.20,4.80
2009.03.24 16:05:45.124,1.66035,1.6609,3.20,4.80
2009.03.24 16:05:46.214,1.66035,1.6608,3.20,1.00
2009.03.24 16:05:46.334,1.66035,1.6609,3.20,4.80
2009.03.24 16:05:46.504,1.66025,1.6609,11.00,4.80
2009.03.24 16:05:46.864,1.66025,1.6608,3.20,4.80
2009.03.24 16:05:47.044,1.6603,1.6608,3.20,4.80
2009.03.24 16:05:47.163,1.6603,1.66085,3.20,4.80
2009.03.24 16:05:54.182,1.66055,1.66095,4.80,1.00
2009.03.24 16:05:54.242,1.6602,1.66085,3.20,4.80
2009.03.24 16:05:55.222,1.66015,1.66085,5.20,4.80
2009.03.24 16:05:55.632,1.66025,1.6608,5.20,4.80
2009.03.24 16:06:00.520,1.6603,1.6608,2.00,4.80
2009.03.24 16:06:00.870,1.6603,1.66075,3.20,4.80
2009.03.24 16:06:01.040,1.6603,1.66085,3.20,4.80
2009.03.24 16:06:01.570,1.66035,1.66075,2.00,4.80
2009.03.24 16:06:04.259,1.66035,1.6608,2.00,4.80
2009.03.24 16:06:07.089,1.6603,1.66075,2.00,4.80
2009.03.24 16:06:08.638,1.66025,1.6606,2.00,4.80
2009.03.24 16:06:08.698,1.6603,1.6606,2.00,4.80
2009.03.24 16:06:09.748,1.6603,1.66075,2.00,4.80
2009.03.24 16:06:12.008,1.66035,1.66075,2.00,4.80
2009.03.24 16:06:12.407,1.66035,1.6607,2.00,4.80
2009.03.24 16:06:14.187,1.66035,1.66075,2.00,4.80
2009.03.24 16:06:14.357,1.66035,1.6608,2.00,5.00
2009.03.24 16:06:18.396,1.66025,1.6608,5.20,5.00
2009.03.24 16:06:19.546,1.6603,1.6608,6.40,4.80
2009.03.24 16:06:19.776,1.6603,1.6608,5.20,4.80
2009.03.24 16:06:19.955,1.6603,1.66085,11.60,4.80
2009.03.24 16:06:20.526,1.66035,1.6609,3.20,4.80
2009.03.24 16:06:21.035,1.66035,1.66085,3.20,4.80
2009.03.24 16:06:21.255,1.6603,1.66085,11.60,4.80
2009.03.24 16:06:21.965,1.6603,1.66085,9.60,4.80
2009.03.24 16:06:26.644,1.6603,1.6609,9.60,5.00
2009.03.24 16:06:26.874,1.66035,1.6609,3.20,5.00
2009.03.24 16:06:27.904,1.66035,1.6609,6.40,5.00
2009.03.24 16:06:28.064,1.66035,1.6609,8.40,4.80
2009.03.24 16:06:28.234,1.66045,1.6609,3.20,4.80
2009.03.24 16:06:28.523,1.6604,1.66095,3.20,1.00
2009.03.24 16:06:28.803,1.66035,1.6609,3.20,4.80
2009.03.24 16:06:29.783,1.66035,1.6609,3.20,5.00
2009.03.24 16:06:30.003,1.66035,1.6609,3.20,4.80
2009.03.24 16:06:30.704,1.66035,1.6609,3.20,5.00
2009.03.24 16:06:31.043,1.6603,1.66075,3.20,4.80
2009.03.24 16:06:32.233,1.6603,1.6608,3.20,4.80
2009.03.24 16:06:33.032,1.66025,1.6608,8.40,4.80
2009.03.24 16:06:33.202,1.66025,1.6608,5.20,4.80
2009.03.24 16:06:33.422,1.66025,1.6608,8.40,4.80
2009.03.24 16:06:33.482,1.6603,1.66085,5.20,4.80
2009.03.24 16:06:34.242,1.66035,1.6609,3.20,5.00
2009.03.24 16:06:34.632,1.6603,1.66085,3.20,4.80
2009.03.24 16:06:35.642,1.6603,1.66085,3.20,5.00
2009.03.24 16:06:35.762,1.6603,1.66085,3.20,4.80
2009.03.24 16:06:36.801,1.6603,1.6609,5.20,4.80
2009.03.24 16:06:37.132,1.66035,1.6609,3.20,4.80
2009.03.24 16:06:37.422,1.6603,1.66085,3.20,4.80
2009.03.24 16:06:37.661,1.6603,1.6608,3.20,1.00
2009.03.24 16:06:38.181,1.66025,1.6608,5.20,5.00
2009.03.24 16:06:38.451,1.6603,1.6608,3.20,5.00
2009.03.24 16:06:38.891,1.6603,1.6608,3.20,1.00
2009.03.24 16:06:39.071,1.66025,1.6608,3.20,1.00
2009.03.24 16:06:39.301,1.66025,1.6608,3.20,5.00
2009.03.24 16:06:39.641,1.6603,1.6608,3.20,4.80
2009.03.24 16:06:40.111,1.6603,1.66085,3.20,4.80
2009.03.24 16:06:40.461,1.6603,1.66085,3.20,5.00
2009.03.24 16:06:40.640,1.66025,1.6608,3.20,4.80
2009.03.24 16:06:42.390,1.66025,1.6608,5.20,4.80
2009.03.24 16:06:42.500,1.6603,1.6608,9.80,4.80
2009.03.24 16:06:42.670,1.6603,1.6607,5.00,4.80
2009.03.24 16:06:42.900,1.6603,1.6607,2.00,4.80
2009.03.24 16:06:43.930,1.66035,1.6607,2.00,4.80
2009.03.24 16:06:44.160,1.66035,1.6608,2.00,4.80
2009.03.24 16:06:44.669,1.66025,1.6608,5.20,4.80
2009.03.24 16:06:45.190,1.6603,1.6608,3.20,1.00
2009.03.24 16:06:45.989,1.66025,1.66085,5.20,4.80
2009.03.24 16:06:46.329,1.66025,1.66085,5.20,6.40
2009.03.24 16:06:46.769,1.6603,1.6608,3.20,4.80
2009.03.24 16:06:47.069,1.6602,1.66085,13.00,5.00
2009.03.24 16:06:47.399,1.66025,1.6608,3.20,4.80
2009.03.24 16:06:47.749,1.6604,1.6608,3.20,4.80
2009.03.24 16:06:48.249,1.66045,1.6608,3.20,4.80
2009.03.24 16:06:48.429,1.6605,1.661,3.20,1.00
2009.03.24 16:06:52.158,1.6605,1.66095,3.20,1.00
2009.03.24 16:06:52.338,1.6604,1.66095,6.20,5.00
2009.03.24 16:06:52.508,1.6604,1.66095,3.20,4.80
2009.03.24 16:06:52.788,1.6605,1.661,3.20,1.00
2009.03.24 16:06:52.968,1.66045,1.66095,3.20,1.00
2009.03.24 16:06:53.408,1.66045,1.6609,3.20,1.00
2009.03.24 16:06:53.577,1.6604,1.6609,8.00,1.00
2009.03.24 16:06:53.747,1.6604,1.6609,3.20,1.00
2009.03.24 16:06:57.127,1.66035,1.66095,3.20,5.00
2009.03.24 16:06:57.486,1.66035,1.6609,3.20,4.80
2009.03.24 16:06:57.716,1.6604,1.66095,3.20,5.00
2009.03.24 16:06:58.996,1.6604,1.6609,3.20,1.00
2009.03.24 16:06:59.106,1.6603,1.66085,3.20,4.80
2009.03.24 16:07:00.606,1.66035,1.66085,3.20,4.80
2009.03.24 16:07:00.775,1.66035,1.6609,3.20,5.00
2009.03.24 16:07:01.226,1.6603,1.6609,3.20,5.00
2009.03.24 16:07:01.406,1.6603,1.66085,3.20,4.80
2009.03.24 16:07:03.885,1.6603,1.66085,3.20,5.00
2009.03.24 16:07:04.565,1.6603,1.66085,3.20,4.80
2009.03.24 16:07:04.815,1.6603,1.6608,3.20,4.80
2009.03.24 16:07:05.135,1.6603,1.66085,6.40,4.80
2009.03.24 16:07:05.904,1.6603,1.66075,6.40,4.80
2009.03.24 16:07:06.254,1.6603,1.66075,3.20,4.80
2009.03.24 16:07:07.344,1.6603,1.66085,3.20,4.80
2009.03.24 16:07:07.634,1.6603,1.66085,6.40,4.80
2009.03.24 16:07:09.794,1.66035,1.66085,3.20,4.80
2009.03.24 16:07:10.373,1.66035,1.66075,3.20,4.80
2009.03.24 16:07:10.878,1.66035,1.6608,3.20,4.80
2009.03.24 16:07:11.213,1.66025,1.6608,16.00,4.80
2009.03.24 16:07:11.543,1.6602,1.6608,3.20,5.00
2009.03.24 16:07:12.283,1.66015,1.6607,8.40,4.80
2009.03.24 16:07:13.262,1.66015,1.6607,5.20,4.80
2009.03.24 16:07:13.512,1.66015,1.66065,5.20,4.80
2009.03.24 16:07:13.922,1.66015,1.66065,8.40,4.80
2009.03.24 16:07:14.092,1.66015,1.6607,8.40,4.80
2009.03.24 16:07:14.312,1.66015,1.6607,5.20,4.80
2009.03.24 16:07:14.422,1.66025,1.6607,2.00,4.80
2009.03.24 16:07:14.592,1.6602,1.6607,5.20,4.80
2009.03.24 16:07:14.762,1.6602,1.6607,5.60,4.80
2009.03.24 16:07:18.951,1.6602,1.6607,10.00,4.80
2009.03.24 16:07:19.281,1.66025,1.6608,5.20,4.80
2009.03.24 16:07:19.341,1.6603,1.66095,8.00,4.80
2009.03.24 16:07:19.401,1.66035,1.66095,3.20,4.80
2009.03.24 16:07:19.451,1.6604,1.66095,3.20,4.80
2009.03.24 16:07:20.201,1.6604,1.6609,3.20,1.00
2009.03.24 16:07:20.601,1.6604,1.66095,3.20,5.00
2009.03.24 16:07:21.021,1.6604,1.66095,7.80,5.00
2009.03.24 16:07:21.260,1.66035,1.66075,2.00,4.80
2009.03.24 16:07:21.481,1.66035,1.6607,2.00,4.80
2009.03.24 16:07:21.871,1.66035,1.66075,2.00,4.80
2009.03.24 16:07:22.461,1.66025,1.6608,8.40,4.80
2009.03.24 16:07:22.811,1.6603,1.66085,3.20,4.80
2009.03.24 16:07:22.862,1.6603,1.66075,2.00,4.80
2009.03.24 16:07:23.490,1.6603,1.66075,3.20,4.80
2009.03.24 16:07:23.780,1.6603,1.66075,6.20,4.80
2009.03.24 16:07:23.840,1.66035,1.66075,3.20,4.80
2009.03.24 16:07:24.140,1.66035,1.6609,3.20,1.00
2009.03.24 16:07:25.410,1.6603,1.6609,14.20,1.00
2009.03.24 16:07:25.640,1.6603,1.66085,6.40,4.80
2009.03.24 16:07:26.499,1.6603,1.66085,8.40,4.80
2009.03.24 16:07:29.329,1.6603,1.66085,5.20,4.80
2009.03.24 16:07:29.549,1.66035,1.66085,1.60,4.80
2009.03.24 16:07:29.609,1.66035,1.66085,5.60,4.80
2009.03.24 16:07:30.119,1.66035,1.66085,8.80,4.80
2009.03.24 16:07:30.178,1.66035,1.6609,8.80,4.80
2009.03.24 16:07:30.628,1.6604,1.6609,2.40,4.80
2009.03.24 16:07:31.249,1.6604,1.66095,2.40,4.80
2009.03.24 16:07:31.708,1.6604,1.66095,5.60,4.80
2009.03.24 16:07:31.998,1.6604,1.66095,7.20,4.80
2009.03.24 16:07:32.358,1.6604,1.66095,6.40,4.80
2009.03.24 16:07:32.688,1.6604,1.661,6.40,5.00
2009.03.24 16:07:32.928,1.6604,1.661,3.20,5.00
2009.03.24 16:07:33.098,1.66045,1.6608,3.20,1.00
2009.03.24 16:07:33.399,1.66035,1.66075,4.80,4.80
2009.03.24 16:07:33.518,1.6604,1.66075,5.20,4.80
2009.03.24 16:07:33.748,1.66045,1.66075,2.00,4.80
2009.03.24 16:07:33.908,1.6604,1.66095,5.20,4.80
2009.03.24 16:07:34.028,1.66045,1.66095,2.00,4.80
2009.03.24 16:07:34.207,1.66045,1.6609,2.00,4.80
2009.03.24 16:07:34.378,1.6604,1.6609,5.20,4.80
2009.03.24 16:07:34.997,1.66045,1.661,3.20,4.80
2009.03.24 16:07:35.347,1.6605,1.661,3.20,4.80
2009.03.24 16:07:35.517,1.6605,1.66105,3.20,4.80
2009.03.24 16:07:36.497,1.6604,1.66105,16.20,5.00
2009.03.24 16:07:36.827,1.66045,1.661,3.20,4.80
2009.03.24 16:07:37.407,1.6604,1.66095,6.40,4.80
2009.03.24 16:07:37.827,1.6604,1.66095,3.20,4.80
2009.03.24 16:07:38.067,1.66035,1.66095,10.00,4.80
2009.03.24 16:07:38.417,1.66035,1.6609,5.20,4.80
2009.03.24 16:07:38.647,1.6603,1.6609,8.80,4.80
2009.03.24 16:07:42.106,1.66045,1.6609,3.20,4.80
2009.03.24 16:07:42.216,1.66045,1.661,3.20,4.80
2009.03.24 16:07:42.556,1.66045,1.661,6.40,4.80
2009.03.24 16:07:42.726,1.66045,1.661,5.20,4.80
2009.03.24 16:07:42.836,1.6605,1.66095,2.00,4.80
2009.03.24 16:07:43.006,1.6604,1.66095,5.20,4.80
2009.03.24 16:07:43.295,1.66045,1.661,3.20,4.80
2009.03.24 16:07:44.175,1.6604,1.661,5.20,4.80
2009.03.24 16:07:44.455,1.6604,1.66095,5.20,4.80
2009.03.24 16:07:47.194,1.66045,1.66095,3.20,4.80
2009.03.24 16:07:47.314,1.6604,1.66095,5.20,4.80
2009.03.24 16:07:47.374,1.66045,1.66095,2.40,4.80
2009.03.24 16:07:47.665,1.6605,1.66095,1.00,4.80
2009.03.24 16:07:48.014,1.6604,1.66095,8.40,4.80
2009.03.24 16:07:48.344,1.6604,1.66095,5.20,4.80
2009.03.24 16:07:49.046,1.6604,1.66095,3.20,5.00
2009.03.24 16:07:49.384,1.6604,1.6609,5.20,4.80
2009.03.24 16:07:49.494,1.6604,1.6609,3.20,4.80
2009.03.24 16:07:49.674,1.6604,1.661,3.20,5.00
2009.03.24 16:07:49.964,1.6604,1.661,5.20,5.00
2009.03.24 16:07:50.194,1.6604,1.6609,3.20,4.80
2009.03.24 16:07:50.364,1.6604,1.6609,5.20,4.80
2009.03.24 16:07:50.773,1.6604,1.6609,3.20,4.80
2009.03.24 16:07:51.253,1.66035,1.6609,3.20,4.80
2009.03.24 16:07:56.472,1.66035,1.66085,3.20,1.00
2009.03.24 16:07:56.942,1.66035,1.66085,3.20,5.00
2009.03.24 16:07:57.062,1.6603,1.66085,6.40,5.00
2009.03.24 16:07:57.352,1.66025,1.6608,3.20,1.00
2009.03.24 16:07:57.522,1.6603,1.6608,3.20,1.00
2009.03.24 16:07:57.982,1.6602,1.6608,14.20,1.00
2009.03.24 16:08:01.781,1.6603,1.6608,5.20,4.80
2009.03.24 16:08:02.331,1.6603,1.6608,3.20,4.80
2009.03.24 16:08:02.561,1.6603,1.66075,3.20,4.80
2009.03.24 16:08:03.040,1.6603,1.6608,3.20,4.80
2009.03.24 16:08:04.681,1.6603,1.66085,3.20,4.80
2009.03.24 16:08:04.970,1.6603,1.66085,6.40,4.80
2009.03.24 16:08:06.000,1.66035,1.6609,3.20,4.80
2009.03.24 16:08:06.500,1.6603,1.6609,6.40,4.80
2009.03.24 16:08:06.830,1.66035,1.6609,3.20,4.80
2009.03.24 16:08:07.679,1.66035,1.6609,6.40,4.80
2009.03.24 16:08:07.969,1.66035,1.6609,3.20,4.80
2009.03.24 16:08:08.199,1.6604,1.66095,3.20,4.80
2009.03.24 16:08:08.479,1.66045,1.66095,3.20,4.80
2009.03.24 16:08:09.579,1.66055,1.66095,3.20,4.80
2009.03.24 16:08:09.749,1.6606,1.66115,3.20,4.80
2009.03.24 16:08:11.068,1.66065,1.6612,3.20,4.80
2009.03.24 16:08:13.808,1.66065,1.6612,6.40,4.80
2009.03.24 16:08:16.217,1.66115,1.66165,7.80,8.00
2009.03.24 16:08:16.627,1.66115,1.66175,3.20,1.00
2009.03.24 16:08:16.907,1.66095,1.6618,6.40,4.80
2009.03.24 16:08:17.367,1.66105,1.6614,3.20,1.00
2009.03.24 16:08:17.597,1.661,1.66165,3.00,1.00
2009.03.24 16:08:17.947,1.6607,1.66155,3.20,4.80
2009.03.24 16:08:18.247,1.66065,1.66155,3.20,4.80
2009.03.24 16:08:18.537,1.6607,1.6614,3.20,4.80
2009.03.24 16:08:19.946,1.66085,1.6614,3.20,4.80
2009.03.24 16:08:20.226,1.66095,1.6614,3.20,4.80
2009.03.24 16:08:20.567,1.66095,1.6615,3.20,5.00
2009.03.24 16:08:20.626,1.6609,1.6615,3.20,5.00
2009.03.24 16:08:20.896,1.6608,1.6613,3.20,1.00
2009.03.24 16:08:21.116,1.66085,1.66145,3.20,1.00
2009.03.24 16:08:21.466,1.6605,1.66125,3.20,4.80
2009.03.24 16:08:21.806,1.66055,1.66125,3.20,4.80
2009.03.24 16:08:22.146,1.66055,1.66125,6.40,4.80
2009.03.24 16:08:22.496,1.6607,1.66125,6.40,4.80
2009.03.24 16:08:22.776,1.66065,1.6612,6.40,4.80
2009.03.24 16:08:23.066,1.66065,1.66125,6.40,4.80
2009.03.24 16:08:23.416,1.6607,1.6612,3.20,4.80
2009.03.24 16:08:23.526,1.6606,1.6612,6.40,4.80
2009.03.24 16:08:23.707,1.6606,1.6612,6.40,5.00
2009.03.24 16:08:23.986,1.6606,1.66115,6.40,4.80
2009.03.24 16:08:24.225,1.6605,1.6611,6.40,4.80
2009.03.24 16:08:24.326,1.6605,1.66105,6.40,4.80
2009.03.24 16:08:24.785,1.66075,1.66105,1.60,4.80
2009.03.24 16:08:25.115,1.6609,1.66105,3.20,4.80
2009.03.24 16:08:25.455,1.66085,1.66165,3.20,1.00
2009.03.24 16:08:25.845,1.661,1.6617,3.20,4.80
2009.03.24 16:08:26.135,1.661,1.6614,3.20,4.80
2009.03.24 16:08:26.525,1.6608,1.66135,3.20,5.00
2009.03.24 16:08:26.875,1.66075,1.66115,3.20,4.80
2009.03.24 16:08:27.495,1.66075,1.6611,3.20,4.80
2009.03.24 16:08:27.784,1.6606,1.6611,3.20,4.80
2009.03.24 16:08:28.125,1.66055,1.6611,6.40,4.80
2009.03.24 16:08:29.344,1.66055,1.6611,3.20,4.80
2009.03.24 16:08:31.984,1.66055,1.66105,3.20,4.80
2009.03.24 16:08:32.163,1.6605,1.66105,6.40,4.80
2009.03.24 16:08:40.021,1.6606,1.661,3.20,4.80
2009.03.24 16:08:40.312,1.66055,1.66115,6.40,4.80
2009.03.24 16:08:40.611,1.66055,1.66115,3.20,4.80
2009.03.24 16:08:40.912,1.66065,1.66115,3.20,4.80
2009.03.24 16:08:41.242,1.66055,1.66115,6.40,4.80
2009.03.24 16:08:41.582,1.6607,1.6611,3.20,4.80
2009.03.24 16:08:41.981,1.66065,1.66125,11.00,4.80
2009.03.24 16:08:42.451,1.66055,1.6611,3.20,4.80
2009.03.24 16:08:43.271,1.6607,1.66125,3.20,5.00
2009.03.24 16:08:43.391,1.6607,1.6612,3.20,1.00
2009.03.24 16:08:43.681,1.6606,1.6612,11.00,1.00
2009.03.24 16:08:43.861,1.6606,1.6612,3.20,5.00
2009.03.24 16:08:47.471,1.6608,1.66115,3.20,1.00
2009.03.24 16:08:47.760,1.66065,1.6611,7.80,1.00
2009.03.24 16:08:48.110,1.66035,1.661,11.00,1.00
2009.03.24 16:08:48.390,1.6603,1.66095,6.40,4.80
2009.03.24 16:08:48.569,1.6603,1.66095,3.20,4.80
2009.03.24 16:08:48.800,1.6603,1.66085,3.20,1.00
2009.03.24 16:08:48.919,1.6603,1.6608,3.20,1.00
2009.03.24 16:08:49.630,1.6604,1.66075,3.20,1.00
2009.03.24 16:08:50.599,1.66035,1.6609,3.20,1.00
2009.03.24 16:08:50.819,1.66035,1.66075,3.20,1.00
2009.03.24 16:08:50.989,1.66025,1.66065,6.40,4.80
2009.03.24 16:08:51.209,1.6604,1.66075,3.20,4.80
2009.03.24 16:08:51.739,1.6606,1.66095,3.00,4.80
2009.03.24 16:08:52.069,1.6605,1.66095,11.00,1.00
2009.03.24 16:08:52.409,1.6605,1.6609,3.20,1.00
2009.03.24 16:08:52.739,1.66045,1.6609,3.20,1.00
2009.03.24 16:08:52.978,1.6604,1.66085,3.20,1.00
2009.03.24 16:08:53.208,1.6604,1.66075,3.20,1.00
2009.03.24 16:08:53.558,1.6604,1.66075,4.80,1.00
2009.03.24 16:08:53.829,1.66035,1.6608,3.20,4.80
2009.03.24 16:08:53.998,1.6603,1.66085,3.20,4.80
2009.03.24 16:08:54.518,1.66025,1.66075,3.20,4.80
2009.03.24 16:08:54.918,1.6603,1.66085,3.20,4.80
2009.03.24 16:08:55.788,1.66035,1.66085,3.20,4.80
2009.03.24 16:08:56.478,1.66035,1.66085,10.40,4.80
2009.03.24 16:08:56.767,1.66045,1.66105,3.20,4.80
2009.03.24 16:08:57.977,1.6606,1.66105,3.20,4.80
2009.03.24 16:08:58.367,1.6606,1.66115,3.20,5.00
2009.03.24 16:08:58.657,1.6605,1.66105,3.20,4.80
2009.03.24 16:08:58.897,1.66055,1.66105,3.20,4.80
2009.03.24 16:08:59.197,1.66075,1.6611,3.20,4.80
2009.03.24 16:08:59.427,1.6608,1.6611,3.20,4.80
2009.03.24 16:08:59.707,1.6608,1.66125,3.20,4.80
2009.03.24 16:09:00.277,1.6608,1.66135,6.40,4.80
2009.03.24 16:09:01.896,1.66095,1.66135,3.20,4.80
2009.03.24 16:09:02.316,1.66085,1.66135,8.40,4.80
2009.03.24 16:09:02.586,1.6609,1.66135,3.20,1.00
2009.03.24 16:09:02.876,1.6608,1.66135,11.00,1.00
2009.03.24 16:09:03.156,1.6608,1.6613,8.40,4.80
2009.03.24 16:09:03.276,1.6608,1.66135,11.60,4.80
2009.03.24 16:09:03.656,1.66085,1.66135,3.20,4.80
2009.03.24 16:09:03.716,1.66085,1.6614,3.20,4.80
2009.03.24 16:09:03.996,1.6608,1.6614,11.60,4.80
2009.03.24 16:09:05.495,1.6608,1.66135,11.60,4.80
2009.03.24 16:09:05.795,1.66085,1.66135,3.20,4.80
2009.03.24 16:09:06.245,1.6608,1.66135,6.40,4.80
2009.03.24 16:09:06.425,1.6608,1.6613,6.40,1.00
2009.03.24 16:09:06.605,1.6608,1.6612,3.20,4.80
2009.03.24 16:09:06.955,1.66065,1.661,4.60,4.80
2009.03.24 16:09:07.125,1.66065,1.661,1.60,4.80
2009.03.24 16:09:07.245,1.66065,1.66095,1.60,4.80
2009.03.24 16:09:07.825,1.66065,1.66105,1.60,4.80
2009.03.24 16:09:08.115,1.66065,1.66095,1.60,4.80
2009.03.24 16:09:09.355,1.66085,1.66095,3.20,4.80
2009.03.24 16:09:09.745,1.6608,1.6613,3.00,4.80
2009.03.24 16:09:09.864,1.66065,1.6613,5.20,4.80
2009.03.24 16:09:10.085,1.6607,1.6613,2.00,4.80
2009.03.24 16:09:10.204,1.6607,1.6612,2.00,4.80
2009.03.24 16:09:10.374,1.66055,1.6612,9.60,4.80
2009.03.24 16:09:13.844,1.66055,1.6611,6.40,4.80
2009.03.24 16:09:14.903,1.66055,1.6611,6.40,5.00
2009.03.24 16:09:15.183,1.66055,1.661,6.40,4.80
2009.03.24 16:09:15.593,1.66055,1.66105,6.40,4.80
2009.03.24 16:09:16.063,1.6607,1.66105,3.20,4.80
2009.03.24 16:09:16.473,1.6607,1.6612,3.20,4.80
2009.03.24 16:09:17.112,1.66085,1.6612,3.20,4.80
2009.03.24 16:09:17.402,1.66095,1.66125,3.20,4.80
2009.03.24 16:09:18.092,1.66095,1.66135,3.20,4.80
2009.03.24 16:09:19.772,1.6608,1.6613,6.40,4.80
2009.03.24 16:09:20.502,1.6608,1.66125,6.40,4.80
2009.03.24 16:09:21.951,1.6608,1.66125,3.20,4.80
2009.03.24 16:09:22.242,1.66065,1.66125,10.40,4.80
2009.03.24 16:09:22.541,1.66065,1.6612,9.60,4.80
2009.03.24 16:09:33.958,1.66065,1.6612,11.60,4.80
2009.03.24 16:09:34.059,1.66065,1.6612,8.40,4.80
2009.03.24 16:09:34.288,1.66075,1.6612,3.20,4.80
2009.03.24 16:09:34.559,1.66065,1.66115,3.20,1.00
2009.03.24 16:09:34.728,1.6606,1.6611,3.20,4.80
2009.03.24 16:09:35.589,1.66055,1.6611,6.40,4.80
2009.03.24 16:09:37.508,1.66055,1.6611,3.20,5.00
2009.03.24 16:09:37.738,1.6605,1.66105,6.40,4.80
2009.03.24 16:09:42.468,1.66025,1.6608,5.20,4.80
2009.03.24 16:09:43.516,1.6602,1.6607,3.20,4.80
2009.03.24 16:09:43.676,1.6603,1.6607,3.20,4.80
2009.03.24 16:09:44.006,1.66025,1.6607,3.20,4.80
2009.03.24 16:09:44.178,1.66025,1.6608,8.40,4.80
2009.03.24 16:09:44.346,1.6603,1.6608,1.60,4.80
2009.03.24 16:09:44.758,1.6604,1.6609,6.40,4.80
2009.03.24 16:09:44.986,1.6604,1.66095,9.60,4.80
2009.03.24 16:09:45.446,1.6604,1.66095,6.40,4.80
2009.03.24 16:09:45.675,1.6604,1.6609,3.20,4.80
2009.03.24 16:09:46.256,1.6604,1.6609,3.20,4.80
2009.03.24 16:09:46.675,1.6604,1.6609,3.20,6.40
2009.03.24 16:09:48.425,1.6604,1.6609,3.20,6.40
2009.03.24 16:09:48.755,1.66055,1.6609,3.20,4.80
2009.03.24 16:09:48.815,1.66055,1.6609,6.40,4.80
2009.03.24 16:09:49.165,1.66055,1.66105,2.00,4.80
2009.03.24 16:09:49.395,1.6605,1.66115,5.20,4.80
2009.03.24 16:09:52.154,1.6606,1.66115,3.20,5.00
2009.03.24 16:09:54.544,1.6606,1.66115,3.20,4.80
2009.03.24 16:09:54.594,1.6607,1.6612,6.40,1.00
2009.03.24 16:09:54.714,1.6607,1.66115,6.40,1.00
2009.03.24 16:09:54.834,1.6607,1.66115,3.20,1.00
2009.03.24 16:09:54.893,1.66065,1.66115,14.20,1.00
2009.03.24 16:09:55.343,1.66065,1.6611,6.40,1.00
2009.03.24 16:09:57.063,1.66065,1.6611,3.20,1.00
2009.03.24 16:09:57.353,1.6606,1.66095,4.80,1.00
2009.03.24 16:09:57.753,1.66045,1.6609,7.80,1.00
2009.03.24 16:09:58.053,1.66035,1.6608,2.00,4.80
2009.03.24 16:09:58.582,1.6603,1.6608,8.40,4.80
2009.03.24 16:09:59.033,1.6603,1.66095,13.20,5.00
2009.03.24 16:09:59.093,1.6604,1.66095,3.20,5.00
2009.03.24 16:09:59.432,1.66045,1.66095,3.20,1.00
2009.03.24 16:10:00.062,1.66045,1.661,3.20,5.00
2009.03.24 16:10:00.992,1.66035,1.6609,3.20,5.00
2009.03.24 16:10:01.912,1.66035,1.6608,3.20,1.00
2009.03.24 16:10:02.781,1.6603,1.6609,13.00,4.80
2009.03.24 16:10:03.121,1.66035,1.66085,3.20,4.80
2009.03.24 16:10:03.641,1.6603,1.6608,3.20,1.00
2009.03.24 16:10:04.241,1.66025,1.6608,3.20,1.00
2009.03.24 16:10:04.411,1.6603,1.6608,3.20,5.00
2009.03.24 16:10:04.641,1.6603,1.6608,3.20,1.00
2009.03.24 16:10:05.441,1.6603,1.66075,3.20,1.00
2009.03.24 16:10:07.120,1.6603,1.6608,3.20,1.00
2009.03.24 16:10:10.790,1.6603,1.66085,3.20,4.80
2009.03.24 16:10:11.259,1.6603,1.66085,3.20,5.00
2009.03.24 16:10:11.560,1.66025,1.66075,3.20,4.80
2009.03.24 16:10:11.839,1.66025,1.66075,6.20,4.80
2009.03.24 16:10:12.179,1.66035,1.66085,3.20,1.00
2009.03.24 16:10:12.529,1.66035,1.6608,3.20,4.80
2009.03.24 16:10:12.879,1.66025,1.6608,5.20,4.80
2009.03.24 16:10:13.209,1.6603,1.6608,3.20,4.80
2009.03.24 16:10:13.549,1.6603,1.66085,3.20,4.80
2009.03.24 16:10:13.839,1.6604,1.66085,2.00,4.80
2009.03.24 16:10:14.179,1.6603,1.66085,6.40,4.80
2009.03.24 16:10:14.349,1.6603,1.66085,3.20,4.80
2009.03.24 16:10:15.199,1.66035,1.66085,3.20,4.80
2009.03.24 16:10:15.368,1.66035,1.6609,3.20,4.80
2009.03.24 16:10:15.879,1.6603,1.66085,6.40,4.80
2009.03.24 16:10:16.578,1.66035,1.66085,3.20,4.80
2009.03.24 16:10:16.808,1.66035,1.66085,9.60,4.80
2009.03.24 16:10:17.028,1.6605,1.66105,3.20,4.80
2009.03.24 16:10:18.998,1.6605,1.6609,3.20,4.80
2009.03.24 16:10:19.338,1.66035,1.6609,15.60,4.80
2009.03.24 16:10:20.547,1.66035,1.6609,13.60,4.80
2009.03.24 16:10:20.607,1.66035,1.66085,13.60,4.80
2009.03.24 16:10:20.948,1.6605,1.66085,3.20,4.80
2009.03.24 16:10:21.307,1.6604,1.66085,4.00,4.80
2009.03.24 16:10:21.647,1.6603,1.6609,3.20,5.00
2009.03.24 16:10:22.007,1.6603,1.6608,3.20,4.80
2009.03.24 16:10:22.897,1.6604,1.6608,3.20,4.80
2009.03.24 16:10:23.137,1.6604,1.66085,3.20,4.80
2009.03.24 16:10:26.496,1.6604,1.66095,3.20,1.00
2009.03.24 16:10:27.825,1.66035,1.66095,9.60,1.00
2009.03.24 16:10:28.045,1.66035,1.6609,3.20,1.00
2009.03.24 16:10:28.225,1.6604,1.66095,6.20,4.80
2009.03.24 16:10:28.515,1.66025,1.6609,14.60,4.80
2009.03.24 16:10:28.735,1.6604,1.6608,3.00,1.00
2009.03.24 16:10:28.905,1.6604,1.6608,3.20,1.00
2009.03.24 16:10:29.145,1.66025,1.6608,3.20,5.00
2009.03.24 16:10:29.925,1.6603,1.6608,1.60,5.00
2009.03.24 16:10:30.105,1.6604,1.6608,3.20,5.00
2009.03.24 16:10:30.265,1.6604,1.661,3.20,4.80
2009.03.24 16:10:30.485,1.66045,1.661,6.20,4.80
2009.03.24 16:10:30.595,1.66055,1.6611,3.20,6.80
2009.03.24 16:10:30.895,1.66055,1.66095,3.20,5.00
2009.03.24 16:10:31.235,1.6604,1.66095,3.20,4.80
2009.03.24 16:10:31.575,1.66045,1.66085,3.20,4.80
2009.03.24 16:10:31.925,1.66045,1.6609,3.20,1.00
2009.03.24 16:10:32.395,1.6603,1.66085,6.40,4.80
2009.03.24 16:10:32.744,1.66035,1.6609,3.20,5.00
2009.03.24 16:10:33.044,1.66045,1.6609,3.20,1.00
2009.03.24 16:10:33.434,1.66035,1.661,8.40,5.00
2009.03.24 16:10:33.834,1.66035,1.6609,5.20,4.80
2009.03.24 16:10:33.944,1.6604,1.6609,5.20,4.80
2009.03.24 16:10:34.334,1.66045,1.6609,5.00,4.80
2009.03.24 16:10:34.554,1.6605,1.661,2.00,4.80
2009.03.24 16:10:35.014,1.66055,1.661,3.20,5.00
2009.03.24 16:10:35.604,1.66055,1.6609,3.20,4.80
2009.03.24 16:10:35.844,1.66055,1.6611,3.20,5.00
2009.03.24 16:10:36.064,1.66055,1.66105,3.20,4.80
2009.03.24 16:10:36.293,1.6605,1.66105,3.20,4.80
2009.03.24 16:10:36.674,1.6606,1.66105,2.00,4.80
2009.03.24 16:10:37.113,1.66065,1.66105,3.20,1.00
2009.03.24 16:10:37.503,1.6607,1.66105,6.20,1.00
2009.03.24 16:10:40.772,1.6604,1.66095,9.60,4.80
2009.03.24 16:10:40.952,1.6604,1.66095,3.20,4.80
2009.03.24 16:10:41.652,1.6604,1.66095,3.20,1.00
2009.03.24 16:10:42.002,1.6603,1.66085,14.80,4.80
2009.03.24 16:10:42.462,1.6603,1.66085,11.60,4.80
2009.03.24 16:10:42.682,1.6604,1.66095,3.20,5.00
2009.03.24 16:10:43.022,1.66035,1.6609,3.20,4.80
2009.03.24 16:10:43.482,1.66025,1.6608,6.40,5.00
2009.03.24 16:10:43.832,1.66025,1.6608,6.40,4.80
2009.03.24 16:10:46.631,1.66035,1.66085,3.20,4.80
2009.03.24 16:10:46.811,1.66035,1.6609,3.20,4.80
2009.03.24 16:10:47.281,1.66035,1.66085,3.20,4.80
2009.03.24 16:10:48.201,1.66055,1.66085,3.20,4.80
2009.03.24 16:10:48.561,1.6605,1.66095,3.20,1.00
2009.03.24 16:10:48.850,1.66055,1.6609,3.00,4.80
2009.03.24 16:10:49.140,1.66035,1.6609,3.20,5.00
2009.03.24 16:10:49.500,1.6603,1.66085,5.20,4.80
2009.03.24 16:10:49.840,1.66035,1.6609,6.40,4.80
2009.03.24 16:10:50.530,1.66035,1.66085,3.20,4.80
2009.03.24 16:10:50.870,1.66035,1.66085,3.20,1.00
2009.03.24 16:10:51.090,1.6603,1.66085,3.20,1.00
2009.03.24 16:10:51.210,1.66025,1.66075,5.20,4.80
2009.03.24 16:10:51.560,1.6603,1.66075,3.20,4.80
2009.03.24 16:10:51.919,1.66035,1.66075,3.00,4.80
2009.03.24 16:10:52.300,1.6602,1.66075,8.40,4.80
2009.03.24 16:10:52.640,1.66035,1.66075,3.20,4.80
2009.03.24 16:10:52.990,1.66035,1.6609,3.20,4.80
2009.03.24 16:10:53.329,1.66035,1.66085,3.20,4.80
2009.03.24 16:10:53.549,1.66035,1.6609,6.40,5.00
2009.03.24 16:10:54.469,1.66045,1.6609,3.20,4.80
2009.03.24 16:10:54.989,1.66045,1.6609,3.20,5.00
2009.03.24 16:10:55.169,1.66035,1.6609,6.40,5.00
2009.03.24 16:10:55.399,1.6604,1.6609,3.20,4.80
2009.03.24 16:10:55.729,1.6604,1.66085,3.20,5.00
2009.03.24 16:10:56.009,1.6604,1.66085,6.40,1.00
2009.03.24 16:10:56.588,1.6604,1.6609,3.20,1.00
2009.03.24 16:10:57.049,1.66035,1.6609,3.20,5.00
2009.03.24 16:10:57.408,1.66025,1.6608,9.60,1.00
2009.03.24 16:10:57.748,1.66025,1.6608,9.60,5.00
2009.03.24 16:10:58.208,1.66025,1.66075,6.40,1.00
2009.03.24 16:10:58.708,1.66025,1.6608,6.40,5.00
2009.03.24 16:11:00.047,1.6603,1.6608,3.20,5.00
2009.03.24 16:11:00.268,1.6603,1.6608,6.40,4.80
2009.03.24 16:11:00.388,1.6603,1.6608,3.20,1.00
2009.03.24 16:11:00.717,1.6602,1.6608,12.00,1.00
2009.03.24 16:11:00.938,1.66025,1.6608,3.20,5.00
2009.03.24 16:11:02.407,1.66025,1.6608,3.20,4.80
2009.03.24 16:11:03.037,1.6604,1.6608,2.40,4.80
2009.03.24 16:11:03.207,1.6606,1.66085,3.20,4.80
2009.03.24 16:11:03.547,1.6606,1.66085,3.20,5.00
2009.03.24 16:11:03.727,1.6604,1.66085,3.20,4.80
2009.03.24 16:11:04.067,1.6604,1.66095,3.20,4.80
2009.03.24 16:11:04.357,1.6603,1.6608,3.20,4.80
2009.03.24 16:11:04.537,1.6603,1.66075,3.20,4.80
2009.03.24 16:11:04.936,1.6602,1.66075,3.20,4.80
2009.03.24 16:11:05.517,1.66025,1.66075,3.20,4.80
2009.03.24 16:11:05.798,1.66025,1.6608,3.20,4.80
2009.03.24 16:11:06.196,1.6602,1.66075,3.20,4.80
2009.03.24 16:11:06.436,1.66035,1.66075,3.20,4.80
2009.03.24 16:11:06.666,1.6604,1.66075,3.20,4.80
2009.03.24 16:11:06.896,1.6604,1.66115,3.20,4.80
2009.03.24 16:11:07.236,1.66035,1.66115,8.00,4.80
2009.03.24 16:11:07.526,1.66045,1.6611,3.20,4.80
2009.03.24 16:11:07.856,1.6605,1.6611,3.20,4.80
2009.03.24 16:11:10.025,1.6606,1.66095,7.80,1.00
2009.03.24 16:11:10.255,1.66025,1.6609,3.20,4.80
2009.03.24 16:11:10.595,1.6602,1.6609,5.20,4.80
2009.03.24 16:11:10.945,1.66015,1.66085,5.20,4.80
2009.03.24 16:11:11.185,1.66015,1.66085,8.40,4.80
2009.03.24 16:11:11.525,1.6603,1.6608,3.20,1.00
2009.03.24 16:11:11.915,1.66025,1.6608,3.20,5.00
2009.03.24 16:11:12.275,1.6602,1.6608,11.00,1.00
2009.03.24 16:11:12.505,1.6602,1.66075,3.20,4.80
2009.03.24 16:11:13.625,1.66025,1.6608,3.20,4.80
2009.03.24 16:11:14.154,1.6601,1.6607,9.40,4.80
2009.03.24 16:11:14.704,1.6602,1.66075,3.20,4.80
2009.03.24 16:11:15.234,1.66015,1.66075,3.20,5.00
2009.03.24 16:11:15.445,1.66015,1.6607,6.40,4.80
2009.03.24 16:11:15.794,1.66015,1.6607,3.20,1.00
2009.03.24 16:11:16.175,1.6601,1.6607,11.00,1.00
2009.03.24 16:11:16.584,1.6601,1.6606,3.20,4.80
2009.03.24 16:11:17.063,1.6602,1.66065,3.20,4.80
2009.03.24 16:11:17.384,1.66015,1.6606,3.20,4.80
2009.03.24 16:11:18.343,1.6602,1.66065,3.20,4.80
2009.03.24 16:11:19.163,1.6601,1.66065,3.20,4.80
2009.03.24 16:11:19.683,1.66005,1.66065,5.20,4.80
2009.03.24 16:11:20.213,1.6601,1.6606,3.20,4.80
2009.03.24 16:11:20.503,1.66005,1.6606,5.20,4.80
2009.03.24 16:11:21.163,1.66005,1.66065,5.20,4.80
2009.03.24 16:11:21.732,1.6601,1.6606,3.20,4.80
2009.03.24 16:11:22.032,1.66015,1.66065,3.20,4.80
2009.03.24 16:11:22.372,1.6601,1.66055,3.20,4.80
2009.03.24 16:11:22.992,1.66005,1.66055,3.20,4.80
2009.03.24 16:11:23.342,1.66005,1.6606,5.20,4.80
2009.03.24 16:11:23.692,1.6601,1.66065,3.20,4.80
2009.03.24 16:11:24.722,1.6601,1.66065,6.40,4.80
2009.03.24 16:11:24.832,1.6601,1.6607,6.40,6.80
2009.03.24 16:11:25.122,1.66015,1.66065,3.20,1.00
2009.03.24 16:11:25.342,1.66015,1.6607,3.20,6.80
2009.03.24 16:11:25.511,1.6601,1.6606,3.20,4.80
2009.03.24 16:11:25.671,1.6601,1.6606,6.40,4.80
2009.03.24 16:11:26.081,1.66015,1.6607,3.20,6.80
2009.03.24 16:11:26.261,1.66015,1.6607,3.20,6.60
2009.03.24 16:11:26.601,1.6603,1.6608,3.20,4.80
2009.03.24 16:11:27.091,1.6603,1.66085,3.20,5.00
2009.03.24 16:11:27.381,1.6602,1.6608,8.40,4.80
2009.03.24 16:11:28.351,1.66015,1.6608,11.60,5.00
2009.03.24 16:11:28.631,1.66015,1.66075,8.40,4.80
2009.03.24 16:11:28.810,1.66015,1.66065,5.20,4.80
2009.03.24 16:11:29.031,1.6602,1.66065,5.20,4.80
2009.03.24 16:11:29.211,1.66015,1.66065,5.20,4.80
2009.03.24 16:11:29.440,1.6602,1.6607,3.20,4.80
2009.03.24 16:11:29.900,1.6602,1.66065,3.20,4.80
2009.03.24 16:11:30.590,1.6602,1.6607,8.40,4.80
2009.03.24 16:11:30.980,1.6602,1.66075,6.40,5.00
2009.03.24 16:11:31.900,1.6602,1.6607,3.20,1.00
2009.03.24 16:11:32.190,1.6602,1.66065,3.20,4.80
2009.03.24 16:11:32.550,1.66015,1.66065,2.00,4.80
2009.03.24 16:11:34.489,1.66015,1.66065,2.00,5.00
2009.03.24 16:11:34.719,1.6601,1.66065,8.40,5.00
2009.03.24 16:11:35.129,1.6601,1.66065,8.40,4.80
2009.03.24 16:11:35.299,1.6601,1.66065,5.20,4.80
2009.03.24 16:11:35.549,1.6601,1.66065,3.20,5.00
2009.03.24 16:11:35.889,1.66,1.66055,5.20,4.80
2009.03.24 16:11:36.349,1.66015,1.6605,2.00,4.80
2009.03.24 16:11:36.879,1.66015,1.6606,2.00,4.80
2009.03.24 16:11:37.449,1.66015,1.66055,2.00,4.80
2009.03.24 16:11:37.679,1.66015,1.6606,2.00,4.80
2009.03.24 16:11:39.098,1.66005,1.66035,3.20,1.00
2009.03.24 16:11:39.208,1.66005,1.6605,3.20,6.80
2009.03.24 16:11:39.489,1.65985,1.6605,11.60,4.80
2009.03.24 16:11:39.668,1.6599,1.6605,5.20,4.80
2009.03.24 16:11:39.788,1.66,1.66065,3.20,5.00
2009.03.24 16:11:40.468,1.65995,1.6604,2.00,4.80
2009.03.24 16:11:40.808,1.6599,1.6604,5.20,4.80
2009.03.24 16:11:41.088,1.65995,1.66055,3.20,5.00
2009.03.24 16:11:41.418,1.6599,1.66055,16.20,5.00
2009.03.24 16:11:41.697,1.66,1.6604,2.00,4.80
2009.03.24 16:11:41.928,1.65995,1.6604,2.00,4.80
2009.03.24 16:11:42.227,1.65985,1.66035,8.40,4.80
2009.03.24 16:11:42.457,1.6599,1.66035,3.20,4.80
2009.03.24 16:11:42.698,1.66,1.6604,3.20,4.80
2009.03.24 16:11:42.918,1.65985,1.66035,6.40,1.00
2009.03.24 16:11:43.377,1.65985,1.6603,3.20,4.80
2009.03.24 16:11:43.547,1.6599,1.6603,3.20,4.80
2009.03.24 16:11:43.717,1.6599,1.66035,3.20,1.00
2009.03.24 16:11:43.887,1.6599,1.66035,7.80,1.00
2009.03.24 16:11:44.177,1.65975,1.66015,6.40,4.80
2009.03.24 16:11:44.457,1.65985,1.66015,2.00,4.80
2009.03.24 16:11:44.737,1.65985,1.6601,2.00,4.80
2009.03.24 16:11:45.037,1.6599,1.66045,3.20,1.00
2009.03.24 16:11:45.207,1.6599,1.66045,5.20,1.00
2009.03.24 16:11:46.826,1.6599,1.66035,3.20,1.00
2009.03.24 16:11:47.236,1.65985,1.66035,5.20,1.00
2009.03.24 16:11:48.516,1.65985,1.6604,8.40,4.80
2009.03.24 16:11:48.856,1.6599,1.6604,3.20,4.80
2009.03.24 16:11:49.206,1.6599,1.66045,5.20,4.80
2009.03.24 16:11:49.566,1.65995,1.6605,3.20,5.00
2009.03.24 16:11:49.856,1.65995,1.6605,5.20,5.00
2009.03.24 16:11:51.106,1.65995,1.6605,3.20,5.00
2009.03.24 16:11:51.745,1.65995,1.6605,5.20,5.00
2009.03.24 16:11:53.055,1.65995,1.66035,3.20,1.00
2009.03.24 16:11:53.405,1.65995,1.66035,2.00,1.00
2009.03.24 16:11:53.805,1.65995,1.6604,2.00,4.80
2009.03.24 16:11:54.384,1.6599,1.6604,5.20,4.80
2009.03.24 16:11:54.835,1.6599,1.6605,5.20,5.00
2009.03.24 16:11:55.354,1.65995,1.6605,3.20,5.00
2009.03.24 16:11:56.424,1.66,1.66035,2.00,4.80
2009.03.24 16:11:57.944,1.66005,1.66035,2.00,4.80
2009.03.24 16:11:58.404,1.6601,1.6604,3.20,4.80
2009.03.24 16:11:58.633,1.66,1.66055,5.20,5.00
2009.03.24 16:11:59.033,1.66005,1.66055,2.00,5.00
2009.03.24 16:11:59.213,1.66005,1.66045,2.00,4.80
2009.03.24 16:11:59.433,1.66005,1.6604,2.00,4.80
2009.03.24 16:11:59.493,1.66,1.6604,5.20,4.80
2009.03.24 16:11:59.794,1.66,1.6604,8.40,4.80
2009.03.24 16:11:59.853,1.6601,1.6604,3.20,4.80
2009.03.24 16:12:00.133,1.6601,1.6605,3.20,4.80
2009.03.24 16:12:00.193,1.66,1.6605,8.40,4.80
2009.03.24 16:12:00.593,1.66005,1.6606,3.20,5.00
2009.03.24 16:12:00.773,1.66,1.6606,8.40,5.00
2009.03.24 16:12:01.003,1.66,1.66055,8.40,4.80
2009.03.24 16:12:01.233,1.6601,1.66055,2.00,4.80
2009.03.24 16:12:02.442,1.66,1.6605,9.80,1.00
2009.03.24 16:12:02.742,1.66,1.6604,2.00,4.80
2009.03.24 16:12:02.982,1.65995,1.6604,2.00,4.80
2009.03.24 16:12:03.212,1.6598,1.6603,8.40,4.80
2009.03.24 16:12:03.452,1.65985,1.6603,3.20,4.80
2009.03.24 16:12:03.742,1.6599,1.6604,3.20,4.80
2009.03.24 16:12:05.852,1.6598,1.66025,8.40,4.80
2009.03.24 16:12:06.092,1.6598,1.66025,5.20,4.80
2009.03.24 16:12:06.962,1.65985,1.6603,2.00,4.80
2009.03.24 16:12:07.252,1.65975,1.66025,6.40,1.00
2009.03.24 16:12:07.481,1.65965,1.6601,3.20,4.80
2009.03.24 16:12:07.721,1.6596,1.6601,5.20,4.80
2009.03.24 16:12:09.161,1.65965,1.6601,2.00,4.80
2009.03.24 16:12:15.350,1.6596,1.6601,5.20,4.80
2009.03.24 16:12:15.520,1.6596,1.66015,5.20,4.80
2009.03.24 16:12:15.929,1.6597,1.6601,2.00,4.80
2009.03.24 16:12:16.219,1.65965,1.66015,3.20,4.80
2009.03.24 16:12:16.549,1.65965,1.6602,3.20,4.80
2009.03.24 16:12:16.960,1.6596,1.66015,8.40,4.80
2009.03.24 16:12:17.289,1.6597,1.66015,2.00,4.80
2009.03.24 16:12:17.629,1.6597,1.66025,5.20,5.00
2009.03.24 16:12:21.578,1.6598,1.66025,2.00,5.00
2009.03.24 16:12:21.968,1.6597,1.66025,8.40,5.00
2009.03.24 16:12:22.268,1.65985,1.6602,2.00,4.80
2009.03.24 16:12:22.608,1.65985,1.66025,2.00,4.80
2009.03.24 16:12:22.948,1.65985,1.6603,2.00,4.80
2009.03.24 16:12:23.237,1.65975,1.6603,5.20,4.80
2009.03.24 16:12:23.587,1.65985,1.6603,3.20,4.80
2009.03.24 16:12:23.997,1.65985,1.66045,3.20,4.80
2009.03.24 16:12:24.167,1.6598,1.66035,5.20,4.80
2009.03.24 16:12:24.787,1.6599,1.66035,2.00,4.80
2009.03.24 16:12:25.077,1.65985,1.66045,5.20,4.80
2009.03.24 16:12:25.527,1.6599,1.66045,3.20,4.80
2009.03.24 16:12:30.416,1.6599,1.66045,5.20,4.80
2009.03.24 16:12:30.716,1.6599,1.66045,8.40,4.80
2009.03.24 16:12:32.135,1.66,1.66045,2.00,4.80
2009.03.24 16:12:33.925,1.66005,1.66045,2.00,4.80
2009.03.24 16:12:36.064,1.66005,1.6604,2.00,4.80
2009.03.24 16:12:36.524,1.66,1.6604,2.00,4.80
2009.03.24 16:12:39.484,1.6599,1.6604,2.00,5.00
2009.03.24 16:12:39.713,1.6599,1.66025,2.00,4.80
2009.03.24 16:12:39.774,1.6598,1.66025,5.20,4.80
2009.03.24 16:12:40.064,1.65985,1.66025,2.00,4.80
2009.03.24 16:12:40.693,1.65985,1.6602,2.00,4.80
2009.03.24 16:12:42.643,1.65985,1.6602,3.20,4.80
2009.03.24 16:12:43.203,1.65995,1.66025,3.20,4.80
2009.03.24 16:12:43.483,1.6598,1.6602,5.20,4.80
2009.03.24 16:12:43.833,1.65975,1.66015,5.20,4.80
2009.03.24 16:12:44.243,1.65985,1.6603,2.00,4.80
2009.03.24 16:12:44.602,1.6598,1.6603,5.20,4.80
2009.03.24 16:12:44.832,1.65985,1.6603,2.00,4.80
2009.03.24 16:12:45.582,1.6598,1.66035,5.20,4.80
2009.03.24 16:12:47.081,1.65995,1.66035,2.00,4.80
2009.03.24 16:12:47.371,1.65995,1.6603,2.00,4.80
2009.03.24 16:12:47.611,1.65995,1.66035,2.00,4.80
2009.03.24 16:12:54.411,1.6599,1.66045,5.20,4.80
2009.03.24 16:12:56.359,1.6599,1.66045,3.20,4.80
2009.03.24 16:12:56.689,1.6599,1.66045,5.20,4.80
2009.03.24 16:12:57.769,1.6601,1.66045,3.20,4.80
2009.03.24 16:12:58.159,1.6601,1.66055,3.20,1.00
2009.03.24 16:12:58.399,1.65995,1.66045,5.20,4.80
2009.03.24 16:12:58.679,1.66,1.66045,2.00,4.80
2009.03.24 16:12:59.019,1.65995,1.66055,5.20,4.80
2009.03.24 16:12:59.299,1.66,1.66055,9.80,4.80
2009.03.24 16:12:59.419,1.65995,1.66055,5.20,4.80
2009.03.24 16:12:59.479,1.66,1.66055,9.80,4.80
2009.03.24 16:12:59.759,1.66,1.66045,2.00,4.80
2009.03.24 16:12:59.879,1.65995,1.66055,5.20,4.80
2009.03.24 16:13:00.119,1.66005,1.66055,2.00,4.80
2009.03.24 16:13:00.228,1.66005,1.66045,2.00,4.80
2009.03.24 16:13:01.618,1.66,1.66045,2.00,4.80
2009.03.24 16:13:01.908,1.66,1.66035,2.00,4.80
2009.03.24 16:13:02.438,1.65995,1.66035,2.00,4.80
2009.03.24 16:13:02.968,1.6599,1.66025,2.00,4.80
2009.03.24 16:13:03.318,1.65995,1.66025,2.00,4.80
2009.03.24 16:13:03.658,1.65995,1.6602,2.00,4.80
2009.03.24 16:13:04.128,1.65995,1.6603,2.00,4.80
2009.03.24 16:13:06.387,1.66,1.6603,2.00,4.80
2009.03.24 16:13:06.907,1.65995,1.66035,2.00,4.80
2009.03.24 16:13:07.207,1.65995,1.6603,2.00,4.80
2009.03.24 16:13:10.086,1.66,1.6603,2.00,4.80
2009.03.24 16:13:10.436,1.66,1.66035,2.00,4.80
2009.03.24 16:13:11.006,1.66,1.6604,2.00,4.80
2009.03.24 16:13:11.806,1.66005,1.6604,2.00,4.80
2009.03.24 16:13:12.156,1.66005,1.66045,2.00,4.80
2009.03.24 16:13:12.955,1.66005,1.6605,2.00,4.80
2009.03.24 16:13:13.525,1.66005,1.66045,2.00,4.80
2009.03.24 16:13:14.385,1.66005,1.6605,2.00,4.80
2009.03.24 16:13:14.905,1.66005,1.66045,2.00,1.00
2009.03.24 16:13:15.225,1.66005,1.66055,6.40,4.80
2009.03.24 16:13:15.335,1.66005,1.66055,9.60,4.80
2009.03.24 16:13:15.745,1.66005,1.6605,3.20,1.00
2009.03.24 16:13:16.075,1.66005,1.6605,3.20,4.80
2009.03.24 16:13:16.305,1.66,1.6605,3.20,5.00
2009.03.24 16:13:16.645,1.65995,1.66045,7.80,1.00
2009.03.24 16:13:16.995,1.6598,1.66025,5.20,4.80
2009.03.24 16:13:17.295,1.66,1.66025,2.00,4.80
2009.03.24 16:13:17.754,1.65995,1.66035,2.00,4.80
2009.03.24 16:13:18.094,1.65995,1.6603,2.00,4.80
2009.03.24 16:13:18.444,1.65995,1.66025,2.00,4.80
2009.03.24 16:13:18.724,1.65995,1.66035,2.00,4.80
2009.03.24 16:13:19.425,1.6601,1.6603,3.20,4.80
2009.03.24 16:13:20.005,1.6601,1.6605,3.20,4.80
2009.03.24 16:13:20.174,1.6601,1.66055,3.20,4.80
2009.03.24 16:13:20.514,1.6602,1.66055,3.20,4.80
2009.03.24 16:13:21.313,1.6602,1.6606,3.20,4.80
2009.03.24 16:13:26.142,1.66005,1.6606,6.40,5.00
2009.03.24 16:13:26.422,1.66005,1.6605,11.60,4.80
2009.03.24 16:13:27.152,1.66015,1.6606,2.00,4.80
2009.03.24 16:13:27.942,1.66005,1.66055,15.60,4.80
2009.03.24 16:13:28.282,1.6602,1.6606,3.20,4.80
2009.03.24 16:13:28.621,1.66025,1.66055,3.20,4.80
2009.03.24 16:13:29.042,1.66025,1.66055,2.00,4.80
2009.03.24 16:13:29.322,1.6603,1.6607,2.00,4.80
2009.03.24 16:13:29.621,1.6602,1.66065,6.40,4.80
2009.03.24 16:13:30.011,1.6602,1.66065,3.20,1.00
2009.03.24 16:13:30.451,1.6602,1.66055,6.40,4.80
2009.03.24 16:13:30.871,1.6602,1.6607,6.40,4.80
2009.03.24 16:13:31.262,1.6602,1.6607,3.20,4.80
2009.03.24 16:13:31.731,1.6603,1.6607,2.00,4.80
2009.03.24 16:13:32.031,1.6602,1.6607,5.20,4.80
2009.03.24 16:13:32.511,1.6602,1.66065,8.40,4.80
2009.03.24 16:13:32.891,1.6602,1.6608,9.60,5.00
2009.03.24 16:13:33.631,1.66025,1.66075,3.20,4.80
2009.03.24 16:13:33.971,1.66025,1.6608,3.20,4.80
2009.03.24 16:13:34.200,1.66025,1.66075,3.20,4.80
2009.03.24 16:13:34.650,1.66025,1.6608,5.20,4.80
2009.03.24 16:13:34.810,1.66025,1.6607,12.40,4.80
2009.03.24 16:13:35.390,1.66025,1.6608,8.40,4.80
2009.03.24 16:13:36.010,1.66025,1.6608,6.40,4.80
2009.03.24 16:13:36.240,1.66025,1.6608,9.60,4.80
2009.03.24 16:13:36.990,1.66025,1.66075,6.40,4.80
2009.03.24 16:13:37.499,1.66025,1.6607,6.40,4.80
2009.03.24 16:13:37.800,1.6603,1.66075,3.20,4.80
2009.03.24 16:13:38.140,1.6603,1.6607,3.20,4.80
2009.03.24 16:13:38.879,1.6603,1.6607,8.40,4.80
2009.03.24 16:13:38.989,1.6603,1.6607,11.60,4.80
2009.03.24 16:13:39.359,1.6604,1.66075,3.20,4.80
2009.03.24 16:13:39.589,1.6604,1.66085,3.20,4.80
2009.03.24 16:13:40.449,1.6604,1.6609,3.20,4.80
2009.03.24 16:13:42.118,1.6604,1.6609,6.40,4.80
2009.03.24 16:13:42.298,1.6604,1.66095,6.40,5.00
2009.03.24 16:13:42.508,1.6604,1.66095,3.20,5.00
2009.03.24 16:13:43.070,1.6604,1.6609,3.20,4.80
2009.03.24 16:13:43.418,1.6604,1.66085,3.20,4.80
2009.03.24 16:13:44.278,1.66045,1.66085,3.20,4.80
2009.03.24 16:13:44.448,1.6604,1.66085,3.20,4.80
2009.03.24 16:13:45.138,1.6604,1.6609,3.20,4.80
2009.03.24 16:13:45.428,1.6604,1.66085,6.40,4.80
2009.03.24 16:13:45.658,1.6604,1.66085,3.20,4.80
2009.03.24 16:13:45.938,1.6604,1.6609,9.80,2.00
2009.03.24 16:13:46.178,1.6604,1.6609,6.40,1.60
2009.03.24 16:13:46.818,1.6604,1.6608,8.40,4.80
2009.03.24 16:13:47.287,1.66055,1.66095,3.20,4.80
2009.03.24 16:13:47.687,1.66055,1.66095,6.40,4.80
2009.03.24 16:13:48.147,1.66045,1.66105,5.20,4.80
2009.03.24 16:13:48.547,1.66045,1.661,5.20,4.80
2009.03.24 16:13:48.897,1.66045,1.66095,3.20,4.80
2009.03.24 16:13:49.287,1.6606,1.6609,3.20,4.80
2009.03.24 16:13:49.637,1.66055,1.661,2.00,4.80
2009.03.24 16:13:49.817,1.6604,1.661,11.60,4.80
2009.03.24 16:13:50.037,1.66065,1.6609,2.00,4.80
2009.03.24 16:13:50.386,1.66045,1.661,10.40,4.80
2009.03.24 16:13:50.566,1.66055,1.66105,6.40,4.80
2009.03.24 16:13:50.786,1.6605,1.66105,3.00,4.80
2009.03.24 16:13:51.196,1.66075,1.6611,3.20,4.80
2009.03.24 16:13:51.426,1.6607,1.66105,3.00,4.80
2009.03.24 16:13:51.646,1.66065,1.6612,3.20,5.00
2009.03.24 16:13:51.986,1.66065,1.66105,5.20,4.80
2009.03.24 16:13:52.496,1.66075,1.66125,6.40,1.00
2009.03.24 16:13:52.836,1.66065,1.66125,14.80,6.40
2009.03.24 16:13:53.286,1.6608,1.6612,3.20,4.80
2009.03.24 16:13:53.586,1.66085,1.66125,3.20,1.60
2009.03.24 16:13:53.987,1.6609,1.66125,3.20,1.60
2009.03.24 16:13:54.105,1.6609,1.6614,6.40,4.80
2009.03.24 16:13:54.276,1.6609,1.6615,9.60,4.80
2009.03.24 16:13:54.395,1.661,1.66155,12.80,5.00
2009.03.24 16:13:55.025,1.661,1.66155,12.80,4.80
2009.03.24 16:13:55.965,1.661,1.66155,14.80,4.80
2009.03.24 16:13:56.135,1.6611,1.66155,3.20,4.80
2009.03.24 16:13:56.535,1.6611,1.6616,3.20,4.80
2009.03.24 16:13:56.885,1.6611,1.6616,3.20,5.00
2009.03.24 16:13:56.995,1.6611,1.6616,6.40,5.00
2009.03.24 16:13:57.335,1.6612,1.66175,6.40,5.00
2009.03.24 16:13:57.695,1.6613,1.66155,3.00,4.80
2009.03.24 16:13:58.155,1.6611,1.66145,6.40,4.80
2009.03.24 16:13:59.474,1.6611,1.6614,6.40,4.80
2009.03.24 16:13:59.754,1.6611,1.66145,6.40,4.80
2009.03.24 16:14:01.004,1.6612,1.66145,3.20,4.80
2009.03.24 16:14:01.594,1.661,1.66135,6.40,4.80
2009.03.24 16:14:01.883,1.66105,1.66135,3.20,4.80
2009.03.24 16:14:02.273,1.661,1.66125,3.20,4.80
2009.03.24 16:14:02.723,1.6611,1.6613,3.20,4.80
2009.03.24 16:14:03.054,1.661,1.66125,3.20,4.80
2009.03.24 16:14:03.394,1.66105,1.66125,3.00,4.80
2009.03.24 16:14:03.903,1.661,1.66125,3.20,4.80
2009.03.24 16:14:04.193,1.6609,1.66125,3.20,4.80
2009.03.24 16:14:04.743,1.6609,1.66125,6.40,4.80
2009.03.24 16:14:05.093,1.66105,1.6616,3.20,4.80
2009.03.24 16:14:05.143,1.66095,1.66165,9.60,5.00
2009.03.24 16:14:05.423,1.66105,1.66165,3.20,5.00
2009.03.24 16:14:05.823,1.6609,1.66165,8.20,5.00
2009.03.24 16:14:06.232,1.66105,1.66145,2.00,1.00
2009.03.24 16:14:06.633,1.6611,1.66165,3.20,4.00
2009.03.24 16:14:07.082,1.6612,1.6617,3.20,1.00
2009.03.24 16:14:07.262,1.66105,1.6617,11.60,1.00
2009.03.24 16:14:07.592,1.6611,1.6617,3.20,1.00
2009.03.24 16:14:07.882,1.66105,1.6617,11.60,1.00
2009.03.24 16:14:08.232,1.66105,1.6616,8.40,4.80
2009.03.24 16:14:08.702,1.66095,1.6616,11.60,5.00
2009.03.24 16:14:08.822,1.66095,1.6616,8.40,5.00
2009.03.24 16:14:09.052,1.66115,1.6615,3.20,1.00
2009.03.24 16:14:09.392,1.6611,1.66155,3.20,1.00
2009.03.24 16:14:09.732,1.66105,1.66155,3.20,1.00
2009.03.24 16:14:11.201,1.6613,1.66175,3.20,4.80
2009.03.24 16:14:11.591,1.6612,1.66185,3.20,1.00
2009.03.24 16:14:11.881,1.66125,1.6619,3.20,1.00
2009.03.24 16:14:12.151,1.66125,1.6617,3.20,1.00
2009.03.24 16:14:12.321,1.6613,1.6617,7.80,1.00
2009.03.24 16:14:12.741,1.66115,1.66165,3.20,1.00
2009.03.24 16:14:12.981,1.66105,1.6617,3.20,1.00
2009.03.24 16:14:13.261,1.66115,1.66155,3.20,1.00
2009.03.24 16:14:13.901,1.66115,1.66165,3.20,1.00
2009.03.24 16:14:14.291,1.661,1.66165,3.20,1.00
2009.03.24 16:14:14.591,1.66095,1.6616,6.40,1.00
2009.03.24 16:14:14.940,1.6611,1.6616,3.20,4.80
2009.03.24 16:14:15.170,1.66125,1.6616,3.20,4.80
2009.03.24 16:14:15.410,1.6612,1.6618,3.20,4.80
2009.03.24 16:14:15.810,1.6612,1.6618,3.20,5.00
2009.03.24 16:14:16.140,1.6612,1.6618,3.20,4.80
2009.03.24 16:14:16.430,1.6612,1.66165,3.20,4.80
2009.03.24 16:14:17.190,1.6611,1.6616,6.40,1.00
2009.03.24 16:14:17.550,1.6611,1.6615,3.20,1.00
2009.03.24 16:14:17.840,1.66125,1.6615,3.20,1.00
2009.03.24 16:14:18.070,1.66125,1.66145,3.20,4.80
2009.03.24 16:14:18.410,1.66125,1.6615,3.00,4.80
2009.03.24 16:14:18.870,1.66095,1.6617,14.20,4.80
2009.03.24 16:14:19.209,1.66095,1.6616,3.20,4.80
2009.03.24 16:14:19.569,1.6609,1.66145,3.20,4.80
2009.03.24 16:14:19.919,1.6611,1.66145,3.20,4.80
2009.03.24 16:14:20.249,1.6613,1.66145,3.20,4.80
2009.03.24 16:14:20.699,1.6609,1.66145,3.20,4.80
2009.03.24 16:14:20.819,1.6608,1.66135,5.20,4.80
2009.03.24 16:14:20.979,1.66085,1.66135,3.20,4.80
2009.03.24 16:14:21.089,1.6608,1.66135,5.20,4.80
2009.03.24 16:14:21.379,1.66085,1.6613,2.00,4.80
2009.03.24 16:14:21.659,1.66075,1.66125,3.20,4.80
2009.03.24 16:14:21.769,1.66095,1.66125,2.00,4.80
2009.03.24 16:14:22.239,1.661,1.66135,2.00,4.80
2009.03.24 16:14:22.629,1.661,1.6614,2.00,4.80
2009.03.24 16:14:22.928,1.66105,1.66145,3.20,4.80
2009.03.24 16:14:23.379,1.66105,1.6614,5.20,4.80
2009.03.24 16:14:23.838,1.6611,1.6616,6.40,4.80
2009.03.24 16:14:24.178,1.66125,1.6616,3.20,4.80
2009.03.24 16:14:24.449,1.66125,1.66175,3.20,5.00
2009.03.24 16:14:24.738,1.6611,1.6618,6.40,5.00
2009.03.24 16:14:25.028,1.6612,1.6618,2.00,5.00
2009.03.24 16:14:25.198,1.66135,1.66185,3.20,5.00
2009.03.24 16:14:26.118,1.6613,1.66185,3.20,4.80
2009.03.24 16:14:26.338,1.6613,1.6617,7.80,1.00
2009.03.24 16:14:26.678,1.66095,1.66155,5.20,4.80
2009.03.24 16:14:27.027,1.6609,1.66155,3.20,4.80
2009.03.24 16:14:27.308,1.6609,1.6616,3.20,5.00
2009.03.24 16:14:27.887,1.661,1.6614,3.20,1.00
2009.03.24 16:14:28.167,1.66095,1.6614,5.20,1.00
2009.03.24 16:14:28.397,1.661,1.6614,3.20,1.00
2009.03.24 16:14:28.847,1.6611,1.66155,2.00,4.80
2009.03.24 16:14:29.197,1.66105,1.6614,3.20,1.00
2009.03.24 16:14:29.377,1.661,1.6614,3.20,1.00
2009.03.24 16:14:29.547,1.6609,1.66135,5.20,1.00
2009.03.24 16:14:30.627,1.6609,1.66135,3.20,1.00
2009.03.24 16:14:32.596,1.66085,1.66135,3.20,1.00
2009.03.24 16:14:33.396,1.6609,1.66135,3.20,1.00
2009.03.24 16:14:33.866,1.6608,1.6612,5.20,1.00
2009.03.24 16:14:34.096,1.66095,1.6614,2.00,4.80
2009.03.24 16:14:34.326,1.661,1.6615,3.20,1.00
2009.03.24 16:14:34.546,1.66085,1.6613,8.00,1.00
2009.03.24 16:14:34.786,1.66085,1.66145,3.20,4.80
2009.03.24 16:14:34.956,1.66095,1.66145,3.20,4.80
2009.03.24 16:14:35.126,1.66095,1.6615,3.20,1.00
2009.03.24 16:14:36.105,1.6609,1.6614,6.40,1.00
2009.03.24 16:14:36.325,1.661,1.6614,3.20,1.00
2009.03.24 16:14:36.605,1.6609,1.66145,8.40,4.80
2009.03.24 16:14:37.185,1.66095,1.6615,3.20,4.80
2009.03.24 16:14:37.535,1.661,1.6615,3.20,4.80
2009.03.24 16:14:37.875,1.66085,1.6614,6.40,4.80
2009.03.24 16:14:38.235,1.66085,1.6614,6.40,5.00
2009.03.24 16:14:38.575,1.66075,1.66125,8.40,4.80
2009.03.24 16:14:38.905,1.66075,1.66125,3.20,4.80
2009.03.24 16:14:39.144,1.66075,1.6613,6.40,4.80
2009.03.24 16:14:39.204,1.66075,1.6613,6.40,5.00
2009.03.24 16:14:39.324,1.66075,1.6613,3.20,5.00
2009.03.24 16:14:40.264,1.66075,1.66125,3.20,4.80
2009.03.24 16:14:41.754,1.66075,1.6613,3.20,5.00
2009.03.24 16:14:42.864,1.6608,1.6613,3.20,5.00
2009.03.24 16:14:43.094,1.66085,1.66135,3.20,4.80
2009.03.24 16:14:43.783,1.66085,1.6613,3.20,4.80
2009.03.24 16:14:46.193,1.66075,1.6612,3.20,4.80
2009.03.24 16:14:46.643,1.66075,1.6613,3.20,5.00
2009.03.24 16:14:47.373,1.66075,1.6613,5.20,4.80
2009.03.24 16:14:47.603,1.66075,1.6613,6.40,5.00
2009.03.24 16:14:47.833,1.66075,1.6613,3.20,5.00
2009.03.24 16:14:48.362,1.6609,1.6613,3.20,4.80
2009.03.24 16:14:48.712,1.6609,1.66135,3.20,1.00
2009.03.24 16:14:49.962,1.6609,1.66115,3.20,1.00
2009.03.24 16:14:50.082,1.66085,1.66115,3.20,1.00
2009.03.24 16:14:50.142,1.66085,1.66115,7.80,1.00
2009.03.24 16:14:50.492,1.6607,1.6611,3.20,4.80
2009.03.24 16:14:51.322,1.66065,1.6611,3.20,4.80
2009.03.24 16:14:51.602,1.66065,1.66115,3.20,5.00
2009.03.24 16:14:51.902,1.6605,1.66105,8.40,5.00
2009.03.24 16:14:52.191,1.66055,1.66105,3.20,1.00
2009.03.24 16:14:52.311,1.6606,1.6611,3.20,4.80
2009.03.24 16:14:52.491,1.6606,1.66115,3.20,5.00
2009.03.24 16:14:52.661,1.6606,1.66115,4.80,5.00
2009.03.24 16:14:52.831,1.66055,1.661,2.00,4.80
2009.03.24 16:14:53.701,1.6605,1.66095,2.00,4.80
2009.03.24 16:14:54.101,1.66055,1.66095,2.00,4.80
2009.03.24 16:14:54.491,1.66055,1.661,5.20,4.80
2009.03.24 16:14:54.651,1.6606,1.66115,3.20,4.80
2009.03.24 16:14:54.821,1.6606,1.66115,5.20,5.00
2009.03.24 16:14:54.991,1.66065,1.66115,3.20,1.00
2009.03.24 16:14:55.161,1.66065,1.6612,3.20,5.00
2009.03.24 16:14:55.450,1.66065,1.66115,5.00,4.80
2009.03.24 16:14:55.680,1.66075,1.6611,2.00,4.80
2009.03.24 16:14:56.470,1.6607,1.6611,2.00,4.80
2009.03.24 16:14:56.930,1.66075,1.66115,2.00,4.80
2009.03.24 16:14:58.400,1.66055,1.6611,5.20,1.00
2009.03.24 16:14:58.580,1.6606,1.66105,2.00,4.80
2009.03.24 16:14:58.690,1.6606,1.66105,3.20,4.80
2009.03.24 16:14:58.960,1.6606,1.66105,2.00,4.80
2009.03.24 16:14:59.140,1.66065,1.66105,2.00,4.80
2009.03.24 16:14:59.520,1.6607,1.66105,2.00,4.80
2009.03.24 16:14:59.800,1.6607,1.6611,2.00,4.80
2009.03.24 16:15:05.068,1.66055,1.66105,5.20,4.80
2009.03.24 16:15:05.858,1.6607,1.66105,2.00,4.80
2009.03.24 16:15:06.128,1.6606,1.66105,3.20,4.80
2009.03.24 16:15:06.818,1.66055,1.66105,5.20,5.00
2009.03.24 16:15:09.947,1.66055,1.661,5.20,4.80
2009.03.24 16:15:10.577,1.66055,1.66105,5.20,5.00
2009.03.24 16:15:11.537,1.6607,1.66105,2.00,4.80
2009.03.24 16:15:13.276,1.66055,1.66105,3.20,5.00
2009.03.24 16:15:13.736,1.66055,1.66115,5.20,4.80
2009.03.24 16:15:14.076,1.6606,1.66115,3.20,4.80
2009.03.24 16:15:14.136,1.66065,1.66115,2.00,4.80
2009.03.24 16:15:14.368,1.66065,1.66105,2.00,4.80
2009.03.24 16:15:15.017,1.6607,1.66105,2.00,4.80
2009.03.24 16:15:15.756,1.6607,1.66105,3.20,4.80
2009.03.24 16:15:16.095,1.6607,1.6612,3.20,4.80
2009.03.24 16:15:16.495,1.66075,1.6612,3.20,4.80
2009.03.24 16:15:16.726,1.6607,1.6612,3.20,4.80
2009.03.24 16:15:17.235,1.66065,1.6612,5.20,4.80
2009.03.24 16:15:17.575,1.66065,1.6611,3.20,4.80
2009.03.24 16:15:18.255,1.6606,1.6611,5.20,4.80
2009.03.24 16:15:21.164,1.6607,1.6611,2.00,4.80
2009.03.24 16:15:21.494,1.6606,1.6611,3.20,4.80
2009.03.24 16:15:22.985,1.66055,1.6611,5.20,4.80
2009.03.24 16:15:23.104,1.66065,1.6611,2.00,4.80
2009.03.24 16:15:23.404,1.66055,1.66105,5.20,4.80
2009.03.24 16:15:23.624,1.66055,1.661,5.20,4.80
2009.03.24 16:15:24.194,1.66055,1.66105,3.20,4.80
2009.03.24 16:15:24.433,1.66055,1.6609,3.20,4.80
2009.03.24 16:15:24.993,1.66055,1.66095,3.20,4.80
2009.03.24 16:15:25.113,1.66055,1.6609,3.20,4.80
2009.03.24 16:15:25.733,1.66055,1.6609,6.40,4.80
2009.03.24 16:15:25.914,1.66055,1.6609,3.20,4.80
2009.03.24 16:15:26.183,1.66055,1.66095,3.20,4.80
2009.03.24 16:15:26.363,1.6605,1.66095,5.20,4.80
2009.03.24 16:15:26.523,1.6605,1.66095,3.20,4.80
2009.03.24 16:15:26.693,1.6605,1.6609,3.20,1.00
2009.03.24 16:15:26.863,1.6604,1.66075,5.20,4.80
2009.03.24 16:15:27.333,1.6604,1.6608,5.20,4.80
2009.03.24 16:15:28.273,1.6605,1.6608,2.00,4.80
2009.03.24 16:15:28.453,1.6605,1.66085,2.00,4.80
2009.03.24 16:15:28.913,1.6604,1.66085,5.20,4.80
2009.03.24 16:15:29.382,1.6605,1.66085,2.00,4.80
2009.03.24 16:15:30.532,1.66045,1.6609,5.20,4.80
2009.03.24 16:15:30.872,1.6605,1.6609,5.20,4.80
2009.03.24 16:15:30.982,1.6605,1.66095,5.20,4.80
2009.03.24 16:15:31.862,1.6605,1.66095,3.20,4.80
2009.03.24 16:15:32.891,1.6605,1.66095,5.20,4.80
2009.03.24 16:15:33.161,1.6605,1.661,8.40,4.80
2009.03.24 16:15:33.682,1.6606,1.661,2.00,4.80
2009.03.24 16:15:34.011,1.6606,1.66105,2.00,5.00
2009.03.24 16:15:34.301,1.66055,1.66105,5.20,5.00
2009.03.24 16:15:34.471,1.66055,1.66105,5.20,1.00
2009.03.24 16:15:36.551,1.6606,1.66105,2.00,1.00
2009.03.24 16:15:37.071,1.66055,1.661,3.20,5.00
2009.03.24 16:15:37.411,1.66055,1.66095,2.00,4.80
2009.03.24 16:15:37.750,1.6605,1.66095,2.00,4.80
2009.03.24 16:15:38.090,1.6606,1.66095,2.00,4.80
2009.03.24 16:15:38.480,1.66065,1.66095,3.20,4.80
2009.03.24 16:15:38.890,1.66065,1.661,3.20,4.80
2009.03.24 16:15:39.170,1.6606,1.661,2.00,4.80
2009.03.24 16:15:39.350,1.6606,1.66085,2.00,4.80
2009.03.24 16:15:39.780,1.6606,1.6609,2.00,4.80
2009.03.24 16:15:42.069,1.6606,1.66115,14.80,4.80
2009.03.24 16:15:42.409,1.66065,1.66115,5.20,4.80
2009.03.24 16:15:43.599,1.66075,1.66115,2.00,4.80
2009.03.24 16:15:43.939,1.66075,1.6612,2.00,4.80
2009.03.24 16:15:44.449,1.6607,1.6612,5.20,4.80
2009.03.24 16:15:45.109,1.6607,1.6612,8.40,4.80
2009.03.24 16:15:45.288,1.6607,1.66125,8.40,4.80
2009.03.24 16:15:46.768,1.6607,1.66125,5.20,4.80
2009.03.24 16:15:47.058,1.6607,1.6612,5.20,4.80
2009.03.24 16:15:48.188,1.6608,1.6612,2.00,4.80
2009.03.24 16:15:48.418,1.66075,1.6612,5.20,4.80
2009.03.24 16:15:48.827,1.66075,1.66125,5.20,4.80
2009.03.24 16:15:49.398,1.66075,1.66125,8.40,4.80
2009.03.24 16:15:49.738,1.66085,1.66125,2.00,4.80
2009.03.24 16:15:51.237,1.66085,1.6613,2.00,4.80
2009.03.24 16:15:52.927,1.6608,1.66135,5.20,5.00
2009.03.24 16:15:53.327,1.6609,1.66135,2.00,5.00
2009.03.24 16:15:53.607,1.66095,1.66135,2.00,4.80
2009.03.24 16:15:53.937,1.66095,1.6614,3.20,5.00
2009.03.24 16:15:54.466,1.66095,1.6614,2.00,5.00
2009.03.24 16:15:57.646,1.66085,1.66135,5.20,1.00
2009.03.24 16:15:58.056,1.6609,1.66135,2.00,1.00
2009.03.24 16:15:58.405,1.661,1.66135,2.00,5.00
2009.03.24 16:15:58.696,1.66095,1.66135,3.20,1.00
2009.03.24 16:15:59.155,1.66085,1.66135,5.20,1.00
2009.03.24 16:15:59.446,1.6609,1.66135,2.00,1.00
2009.03.24 16:15:59.725,1.6609,1.66135,2.00,5.00
2009.03.24 16:15:59.905,1.6609,1.66135,2.00,1.00
2009.03.24 16:16:00.065,1.66095,1.66135,2.00,1.00
2009.03.24 16:16:00.515,1.661,1.66135,3.20,5.00
2009.03.24 16:16:00.755,1.661,1.66135,3.20,1.00
2009.03.24 16:16:00.985,1.661,1.6614,3.20,1.00
2009.03.24 16:16:01.325,1.661,1.6614,6.40,1.00
2009.03.24 16:16:01.725,1.66115,1.66175,6.40,4.80
2009.03.24 16:16:02.065,1.6612,1.6618,3.20,1.00
2009.03.24 16:16:02.294,1.66125,1.6618,3.20,1.00
2009.03.24 16:16:03.456,1.6612,1.6617,3.20,1.00
2009.03.24 16:16:05.244,1.6611,1.6617,13.20,1.00
2009.03.24 16:16:05.424,1.6611,1.6617,8.40,5.00
2009.03.24 16:16:06.053,1.6611,1.66165,6.40,4.80
2009.03.24 16:16:06.374,1.66105,1.6616,6.40,1.00
2009.03.24 16:16:06.774,1.66105,1.66145,3.20,1.00
2009.03.24 16:16:07.223,1.6611,1.66145,2.00,1.00
2009.03.24 16:16:07.613,1.661,1.66155,3.20,4.80
2009.03.24 16:16:08.063,1.661,1.66145,2.00,4.80
2009.03.24 16:16:09.513,1.6609,1.66145,3.20,5.00
2009.03.24 16:16:09.862,1.6608,1.66135,3.20,4.80
2009.03.24 16:16:15.651,1.6609,1.6614,3.20,1.00
2009.03.24 16:16:16.011,1.6609,1.66145,3.20,1.00
2009.03.24 16:16:18.531,1.6609,1.66155,3.20,2.40
2009.03.24 16:16:19.131,1.66105,1.66155,3.20,2.20
2009.03.24 16:16:19.300,1.66105,1.66175,3.20,1.00
2009.03.24 16:16:19.800,1.6611,1.6618,3.20,1.00
2009.03.24 16:16:19.970,1.6611,1.66185,3.20,2.40
2009.03.24 16:16:20.180,1.6612,1.6619,3.20,2.40
2009.03.24 16:16:20.300,1.66145,1.6619,3.20,2.40
2009.03.24 16:16:20.530,1.6611,1.6618,3.20,2.00
2009.03.24 16:16:21.110,1.66105,1.6617,5.20,2.00
2009.03.24 16:16:21.330,1.66105,1.6617,3.20,2.00
2009.03.24 16:16:21.550,1.6612,1.6617,3.20,2.00
2009.03.24 16:16:21.840,1.6612,1.6617,3.20,1.00
2009.03.24 16:16:22.219,1.6611,1.66165,3.20,2.40
2009.03.24 16:16:22.500,1.6611,1.66165,3.20,2.00
2009.03.24 16:16:22.839,1.66125,1.6618,3.20,2.40
2009.03.24 16:16:23.189,1.6614,1.66175,3.20,2.00
2009.03.24 16:16:23.659,1.66135,1.6619,3.20,1.00
2009.03.24 16:16:26.029,1.66115,1.6617,3.20,2.00
2009.03.24 16:16:26.409,1.6611,1.66165,3.20,2.00
2009.03.24 16:16:26.528,1.66105,1.6616,3.20,2.00
2009.03.24 16:16:26.868,1.661,1.66145,2.00,2.00
2009.03.24 16:16:27.658,1.66095,1.66145,5.20,2.00
2009.03.24 16:16:27.948,1.66095,1.6615,5.20,2.00
2009.03.24 16:16:28.178,1.66105,1.6615,2.00,2.00
2009.03.24 16:16:29.878,1.66105,1.66145,2.00,2.00
2009.03.24 16:16:30.288,1.66105,1.6615,2.00,2.00
2009.03.24 16:16:30.617,1.66095,1.6615,8.40,2.00
2009.03.24 16:16:30.948,1.66095,1.6615,3.20,2.00
2009.03.24 16:16:31.188,1.66095,1.6614,3.20,2.00
2009.03.24 16:16:31.587,1.66095,1.6615,9.60,2.00
2009.03.24 16:16:32.007,1.66095,1.6615,11.60,2.00
2009.03.24 16:16:32.467,1.66095,1.6615,9.60,2.00
2009.03.24 16:16:33.219,1.661,1.6615,9.60,2.00
2009.03.24 16:16:33.507,1.66115,1.66155,3.20,1.00
2009.03.24 16:16:33.787,1.6612,1.6616,3.20,2.40
2009.03.24 16:16:34.117,1.66125,1.6616,3.20,1.00
2009.03.24 16:16:34.467,1.6613,1.66195,3.20,2.00
2009.03.24 16:16:34.637,1.66125,1.6619,3.20,1.00
2009.03.24 16:16:35.146,1.6613,1.66195,3.20,2.40
2009.03.24 16:16:35.366,1.6613,1.66195,3.20,1.00
2009.03.24 16:16:35.696,1.6613,1.66165,3.20,1.00
2009.03.24 16:16:35.866,1.6612,1.66175,9.60,2.40
2009.03.24 16:16:36.106,1.6612,1.66175,6.40,2.40
2009.03.24 16:16:36.786,1.6612,1.66175,9.60,2.40
2009.03.24 16:16:37.206,1.66125,1.66175,3.20,2.40
2009.03.24 16:16:37.326,1.66125,1.66175,6.40,2.40
2009.03.24 16:16:37.606,1.66125,1.66175,6.40,1.00
2009.03.24 16:16:37.776,1.66125,1.66185,6.40,2.40
2009.03.24 16:16:38.336,1.66125,1.66185,8.40,2.00
2009.03.24 16:16:38.565,1.66125,1.6618,6.80,2.00
2009.03.24 16:16:38.786,1.6613,1.6618,6.40,2.00
2009.03.24 16:16:39.075,1.66135,1.66185,3.20,2.00
2009.03.24 16:16:39.255,1.6613,1.6618,5.20,2.00
2009.03.24 16:16:40.755,1.6614,1.6618,2.00,2.00
2009.03.24 16:16:41.105,1.6614,1.6618,2.00,4.80
2009.03.24 16:16:41.515,1.66135,1.6618,5.20,4.80
2009.03.24 16:16:42.095,1.66135,1.66185,5.20,4.80
2009.03.24 16:16:43.625,1.6614,1.66185,2.00,4.80
2009.03.24 16:16:44.044,1.6612,1.66185,16.20,5.00
2009.03.24 16:16:44.334,1.66125,1.6617,2.00,4.80
2009.03.24 16:16:48.403,1.66105,1.66155,5.20,4.80
2009.03.24 16:16:48.703,1.66105,1.6614,5.20,4.80
2009.03.24 16:16:50.143,1.66105,1.6615,5.20,4.80
2009.03.24 16:16:51.133,1.6611,1.6615,2.00,4.80
2009.03.24 16:16:51.883,1.661,1.6615,5.20,4.80
2009.03.24 16:16:52.362,1.661,1.66145,5.20,4.80
2009.03.24 16:16:53.252,1.661,1.6615,5.20,4.80
2009.03.24 16:16:54.012,1.661,1.66145,5.20,4.80
2009.03.24 16:16:54.312,1.66115,1.66145,3.20,4.80
2009.03.24 16:16:54.752,1.6611,1.66155,3.20,1.00
2009.03.24 16:16:55.032,1.6611,1.66155,7.80,1.00
2009.03.24 16:16:55.202,1.66105,1.6615,2.00,4.80
2009.03.24 16:16:55.711,1.661,1.6615,5.20,4.80
2009.03.24 16:16:55.931,1.6611,1.66155,2.00,4.80
2009.03.24 16:16:56.851,1.66115,1.66155,3.20,4.80
2009.03.24 16:16:57.191,1.66115,1.66155,5.20,4.80
2009.03.24 16:16:57.511,1.66115,1.66155,8.40,4.80
2009.03.24 16:16:57.801,1.66115,1.6617,11.60,4.80
2009.03.24 16:16:58.161,1.66125,1.6617,2.00,4.80
2009.03.24 16:16:58.341,1.6613,1.6617,2.00,4.80
2009.03.24 16:16:58.681,1.66125,1.6617,2.00,4.80
2009.03.24 16:17:01.160,1.6613,1.6617,3.20,4.80
2009.03.24 16:17:01.280,1.66145,1.66185,3.20,4.80
2009.03.24 16:17:01.610,1.66145,1.6619,3.20,4.80
2009.03.24 16:17:02.570,1.66145,1.6619,6.40,4.80
2009.03.24 16:17:02.850,1.66145,1.662,6.40,4.80
2009.03.24 16:17:06.419,1.66145,1.662,9.60,4.80
2009.03.24 16:17:06.469,1.6615,1.662,3.20,4.80
2009.03.24 16:17:06.769,1.6615,1.66205,6.40,4.80
2009.03.24 16:17:06.989,1.66145,1.66205,6.40,4.80
2009.03.24 16:17:07.209,1.66145,1.66205,3.20,4.80
2009.03.24 16:17:07.558,1.6615,1.66205,3.20,4.80
2009.03.24 16:17:08.718,1.6615,1.66205,6.40,4.80
2009.03.24 16:17:08.888,1.66155,1.66205,6.40,4.80
2009.03.24 16:17:09.108,1.66155,1.66205,9.60,1.00
2009.03.24 16:17:09.388,1.66155,1.662,6.40,1.00
2009.03.24 16:17:09.448,1.66155,1.66205,3.20,1.00
2009.03.24 16:17:09.740,1.66155,1.66205,3.20,5.00
2009.03.24 16:17:10.078,1.66155,1.66195,3.20,4.80
2009.03.24 16:17:11.468,1.66155,1.6619,3.20,4.80
2009.03.24 16:17:15.007,1.66145,1.6619,6.40,4.80
2009.03.24 16:17:15.447,1.66145,1.66195,6.40,4.80
2009.03.24 16:17:16.047,1.66155,1.6619,3.20,4.80
2009.03.24 16:17:16.507,1.66155,1.66195,6.40,4.80
2009.03.24 16:17:16.807,1.66165,1.66195,3.20,4.80
2009.03.24 16:17:17.146,1.6618,1.6621,3.20,4.80
2009.03.24 16:17:17.426,1.6618,1.66215,3.20,4.80
2009.03.24 16:17:17.816,1.6618,1.6622,3.20,4.80
2009.03.24 16:17:18.156,1.6618,1.6622,6.40,4.80
2009.03.24 16:17:18.496,1.6619,1.6622,6.40,4.80
2009.03.24 16:17:18.836,1.662,1.6624,3.20,4.80
2009.03.24 16:17:19.116,1.662,1.66245,3.20,4.80
2009.03.24 16:17:19.676,1.662,1.6624,3.20,1.00
2009.03.24 16:17:20.246,1.662,1.66235,3.20,4.80
2009.03.24 16:17:20.425,1.6619,1.66235,3.20,4.80
2009.03.24 16:17:20.865,1.6619,1.6623,3.20,1.00
2009.03.24 16:17:21.096,1.66185,1.6623,3.20,5.00
2009.03.24 16:17:21.256,1.66185,1.6622,3.20,4.80
2009.03.24 16:17:21.435,1.66175,1.66215,3.20,4.80
2009.03.24 16:17:21.765,1.66175,1.6621,3.20,4.80
2009.03.24 16:17:22.055,1.6617,1.6621,3.20,4.80
2009.03.24 16:17:22.355,1.6617,1.66205,3.20,4.80
2009.03.24 16:17:22.995,1.6616,1.66215,3.20,4.80
2009.03.24 16:17:23.915,1.66165,1.6622,3.20,4.80
2009.03.24 16:17:24.085,1.66185,1.6622,3.20,4.80
2009.03.24 16:17:24.434,1.66185,1.66235,3.20,1.00
2009.03.24 16:17:24.615,1.66185,1.66235,3.00,5.00
2009.03.24 16:17:24.794,1.6617,1.66235,3.20,4.80
2009.03.24 16:17:24.964,1.66175,1.66235,3.20,4.80
2009.03.24 16:17:25.404,1.66195,1.66245,3.20,4.80
2009.03.24 16:17:25.584,1.66195,1.66245,6.40,4.80
2009.03.24 16:17:25.764,1.66215,1.66255,3.20,4.80
2009.03.24 16:17:26.164,1.66215,1.6627,3.20,4.80
2009.03.24 16:17:26.634,1.6621,1.6627,6.40,4.80
2009.03.24 16:17:28.114,1.6622,1.6627,3.20,4.80
2009.03.24 16:17:28.343,1.66225,1.6627,3.20,4.80
2009.03.24 16:17:28.763,1.6622,1.66275,6.40,1.00
2009.03.24 16:17:28.984,1.66225,1.66275,3.20,1.00
2009.03.24 16:17:30.473,1.66225,1.6628,3.20,5.00
2009.03.24 16:17:30.713,1.66225,1.6628,6.40,5.00
2009.03.24 16:17:30.873,1.66235,1.6628,3.20,1.00
2009.03.24 16:17:31.033,1.66235,1.66285,3.20,5.00
2009.03.24 16:17:31.213,1.66245,1.66285,3.20,5.00
2009.03.24 16:17:31.383,1.66245,1.66285,3.20,1.00
2009.03.24 16:17:33.592,1.6626,1.663,3.20,5.00
2009.03.24 16:17:33.923,1.6626,1.663,3.20,1.00
2009.03.24 16:17:34.262,1.66255,1.66305,3.20,1.00
2009.03.24 16:17:34.782,1.66265,1.663,3.00,1.00
2009.03.24 16:17:34.962,1.66255,1.66285,3.00,5.00
2009.03.24 16:17:35.132,1.6624,1.66285,3.20,5.00
2009.03.24 16:17:35.312,1.6624,1.6628,3.20,4.80
2009.03.24 16:17:35.923,1.6624,1.66285,3.20,5.00
2009.03.24 16:17:38.061,1.66235,1.66285,6.40,5.00
2009.03.24 16:17:38.221,1.66235,1.6628,6.40,1.00
2009.03.24 16:17:38.451,1.66225,1.6628,9.60,1.00
2009.03.24 16:17:38.851,1.6623,1.6628,3.20,1.00
2009.03.24 16:17:39.261,1.66225,1.6627,3.20,4.80
2009.03.24 16:17:39.551,1.66225,1.6628,3.20,1.00
2009.03.24 16:17:40.001,1.66225,1.66265,3.20,1.00
2009.03.24 16:17:40.521,1.66235,1.66265,3.20,1.00
2009.03.24 16:17:42.210,1.66245,1.66265,3.20,1.00
2009.03.24 16:17:42.680,1.66245,1.66275,3.20,1.00
2009.03.24 16:17:43.490,1.66245,1.6628,3.20,1.00
2009.03.24 16:17:45.470,1.6625,1.6628,3.20,1.00
2009.03.24 16:17:46.539,1.6625,1.6629,3.20,1.00
2009.03.24 16:17:46.760,1.66265,1.6629,3.20,1.00
2009.03.24 16:17:46.879,1.66265,1.6628,3.20,1.00
2009.03.24 16:17:47.119,1.6625,1.6628,3.20,1.00
2009.03.24 16:17:47.699,1.66255,1.6628,3.20,1.00
2009.03.24 16:17:48.089,1.66245,1.6629,3.20,1.00
2009.03.24 16:17:48.499,1.66245,1.6628,3.20,1.00
2009.03.24 16:17:48.789,1.66235,1.6628,3.20,1.00
2009.03.24 16:17:50.108,1.66245,1.6629,3.20,1.00
2009.03.24 16:17:50.438,1.6625,1.6628,3.20,1.00
2009.03.24 16:17:50.948,1.66235,1.6628,3.20,1.00
2009.03.24 16:17:51.248,1.66245,1.6629,3.20,1.00
2009.03.24 16:17:51.658,1.66245,1.6628,6.40,1.00
2009.03.24 16:17:51.988,1.66235,1.6628,3.20,1.00
2009.03.24 16:17:52.897,1.66245,1.6628,3.20,1.00
2009.03.24 16:17:53.118,1.66245,1.66295,3.20,4.80
2009.03.24 16:17:53.528,1.6625,1.6628,3.20,1.00
2009.03.24 16:17:53.867,1.66235,1.6628,3.20,1.00
2009.03.24 16:17:54.257,1.6623,1.6628,3.20,1.00
2009.03.24 16:17:55.698,1.66225,1.6628,3.20,1.00
2009.03.24 16:17:55.817,1.66225,1.6627,3.20,4.80
2009.03.24 16:17:56.217,1.66235,1.6627,3.20,4.80
2009.03.24 16:17:56.337,1.66235,1.66275,3.20,4.80
2009.03.24 16:17:56.747,1.66225,1.66275,3.20,4.80
2009.03.24 16:17:57.326,1.66225,1.6627,3.20,4.80
2009.03.24 16:17:58.256,1.66225,1.6626,3.20,4.80
2009.03.24 16:17:58.606,1.66225,1.66265,3.20,4.80
2009.03.24 16:17:59.716,1.6621,1.66265,5.20,4.80
2009.03.24 16:17:59.996,1.66205,1.66265,5.20,4.80
2009.03.24 16:18:00.276,1.6619,1.66255,13.20,1.00
2009.03.24 16:18:00.396,1.66205,1.6625,2.00,4.80
2009.03.24 16:18:00.716,1.66205,1.66255,5.20,4.80
2009.03.24 16:18:00.896,1.6621,1.66255,3.20,4.80
2009.03.24 16:18:01.176,1.66205,1.6625,6.40,1.00
2009.03.24 16:18:01.736,1.66205,1.6626,6.40,4.80
2009.03.24 16:18:03.245,1.66205,1.6626,8.40,4.80
2009.03.24 16:18:03.785,1.6621,1.6626,3.20,4.80
2009.03.24 16:18:04.765,1.6621,1.6626,3.20,5.00
2009.03.24 16:18:05.354,1.6621,1.66255,3.20,1.00
2009.03.24 16:18:05.634,1.6621,1.6626,3.20,5.00
2009.03.24 16:18:06.204,1.6621,1.66255,3.20,1.00
2009.03.24 16:18:06.484,1.66205,1.66255,6.40,1.00
2009.03.24 16:18:06.946,1.66205,1.66245,3.20,4.80
2009.03.24 16:18:09.084,1.662,1.66245,3.20,4.80
2009.03.24 16:18:09.543,1.66205,1.66245,3.20,1.00
2009.03.24 16:18:09.713,1.6619,1.6623,3.20,1.00
2009.03.24 16:18:09.963,1.6619,1.66235,3.20,4.80
2009.03.24 16:18:10.193,1.66175,1.66235,3.20,5.00
2009.03.24 16:18:10.483,1.6618,1.66235,3.20,4.80
2009.03.24 16:18:10.593,1.6617,1.6624,8.00,1.00
2009.03.24 16:18:10.713,1.6617,1.6623,3.20,5.00
2009.03.24 16:18:11.063,1.6617,1.6622,3.20,1.00
2009.03.24 16:18:11.243,1.6616,1.6622,19.40,1.00
2009.03.24 16:18:11.463,1.6616,1.66215,11.60,4.80
2009.03.24 16:18:11.853,1.66155,1.6621,3.20,1.00
2009.03.24 16:18:12.073,1.66155,1.66205,3.20,4.80
2009.03.24 16:18:12.253,1.66165,1.66205,2.00,4.80
2009.03.24 16:18:12.603,1.66165,1.66215,3.20,4.80
2009.03.24 16:18:12.923,1.66165,1.66215,6.40,4.80
2009.03.24 16:18:13.413,1.66165,1.6622,6.40,1.00
2009.03.24 16:18:13.753,1.6617,1.6622,3.20,1.00
2009.03.24 16:18:14.052,1.6617,1.66225,5.20,5.00
2009.03.24 16:18:14.672,1.66175,1.66225,3.20,1.00
2009.03.24 16:18:14.902,1.6618,1.6623,3.20,4.80
2009.03.24 16:18:15.302,1.6618,1.6623,5.20,4.80
2009.03.24 16:18:15.752,1.6618,1.6623,3.20,4.80
2009.03.24 16:18:16.432,1.6618,1.6623,5.20,4.80
2009.03.24 16:18:16.782,1.6619,1.66235,2.00,4.80
2009.03.24 16:18:17.231,1.6619,1.6624,2.00,4.80
2009.03.24 16:18:17.572,1.66185,1.6624,5.20,4.80
2009.03.24 16:18:17.802,1.6619,1.6624,2.00,4.80
2009.03.24 16:18:18.142,1.6619,1.66235,2.00,4.80
2009.03.24 16:18:18.491,1.6619,1.6624,2.00,4.80
2009.03.24 16:18:18.831,1.66185,1.6624,5.20,4.80
2009.03.24 16:18:19.641,1.66185,1.6624,3.20,5.00
2009.03.24 16:18:20.681,1.6618,1.6624,3.20,5.00
2009.03.24 16:18:21.371,1.6618,1.6623,3.20,4.80
2009.03.24 16:18:22.860,1.6618,1.66235,6.40,5.00
2009.03.24 16:18:23.420,1.66185,1.66235,6.40,4.80
2009.03.24 16:18:23.640,1.66195,1.6623,3.20,4.80
2009.03.24 16:18:23.821,1.66195,1.6624,3.20,4.80
2009.03.24 16:18:24.170,1.66195,1.66235,3.20,4.80
2009.03.24 16:18:24.630,1.66185,1.6624,3.20,5.00
2009.03.24 16:18:24.860,1.66185,1.6623,3.20,4.80
2009.03.24 16:18:28.289,1.66185,1.66225,3.20,4.80
2009.03.24 16:18:28.499,1.66185,1.66225,6.40,4.80
2009.03.24 16:18:28.859,1.66195,1.66225,3.20,4.80
2009.03.24 16:18:29.209,1.66195,1.66235,3.20,4.80
2009.03.24 16:18:30.888,1.66195,1.6624,3.20,4.80
2009.03.24 16:18:31.279,1.66195,1.66245,3.20,5.00
2009.03.24 16:18:32.028,1.66195,1.66235,3.20,4.80
2009.03.24 16:18:33.508,1.66195,1.66245,5.20,4.80
2009.03.24 16:18:33.788,1.66195,1.66245,3.20,5.00
2009.03.24 16:18:34.068,1.6618,1.66235,12.60,1.00
2009.03.24 16:18:34.358,1.6618,1.66235,9.60,1.00
2009.03.24 16:18:34.628,1.6618,1.66235,9.60,5.00
2009.03.24 16:18:35.937,1.6618,1.66235,6.40,5.00
2009.03.24 16:18:38.287,1.6617,1.6623,8.40,5.00
2009.03.24 16:18:38.757,1.6617,1.6622,8.40,4.80
2009.03.24 16:18:38.927,1.6617,1.66225,11.60,4.80
2009.03.24 16:18:39.267,1.6617,1.66225,11.60,5.00
2009.03.24 16:18:39.566,1.6617,1.6622,8.40,4.80
2009.03.24 16:18:41.736,1.6617,1.6621,6.40,1.00
2009.03.24 16:18:41.856,1.66165,1.6621,3.20,1.00
2009.03.24 16:18:41.976,1.6616,1.6621,9.60,1.00
2009.03.24 16:18:46.005,1.6617,1.66205,3.20,4.80
2009.03.24 16:18:46.125,1.6617,1.66205,5.20,4.80
2009.03.24 16:18:46.914,1.6617,1.6622,5.20,4.80
2009.03.24 16:18:48.304,1.6617,1.66205,3.20,1.00
2009.03.24 16:18:48.474,1.6617,1.662,3.20,4.80
2009.03.24 16:18:48.654,1.6616,1.662,5.20,4.80
2009.03.24 16:18:48.814,1.6617,1.662,2.00,4.80
2009.03.24 16:18:49.104,1.6617,1.66225,2.00,5.00
2009.03.24 16:18:49.214,1.66175,1.6623,2.00,4.80
2009.03.24 16:18:49.554,1.66165,1.66235,5.20,5.00
2009.03.24 16:18:49.914,1.66165,1.66225,5.20,4.80
2009.03.24 16:18:54.343,1.6617,1.66225,6.40,4.80
2009.03.24 16:18:54.803,1.6617,1.66215,6.40,4.80
2009.03.24 16:18:55.193,1.6617,1.6622,6.40,4.80
2009.03.24 16:18:55.593,1.66175,1.6623,3.20,5.00
2009.03.24 16:18:56.332,1.66175,1.6623,3.20,4.80
2009.03.24 16:18:56.563,1.6617,1.66225,11.60,4.80
2009.03.24 16:18:58.122,1.6617,1.66225,9.60,5.00
2009.03.24 16:18:58.762,1.66165,1.66225,6.40,5.00
2009.03.24 16:18:59.062,1.6617,1.66225,6.40,5.00
2009.03.24 16:18:59.342,1.6617,1.66225,3.20,5.00
2009.03.24 16:18:59.571,1.66165,1.66225,14.20,5.00
2009.03.24 16:18:59.792,1.66165,1.6622,6.40,4.80
2009.03.24 16:19:04.790,1.6617,1.66215,2.00,4.80
2009.03.24 16:19:06.850,1.66175,1.66215,2.00,4.80
2009.03.24 16:19:07.150,1.66175,1.6622,2.00,4.80
2009.03.24 16:19:07.609,1.66175,1.66215,2.00,4.80
2009.03.24 16:19:07.999,1.66165,1.66215,5.20,4.80
2009.03.24 16:19:09.059,1.6617,1.66215,5.20,4.80
2009.03.24 16:19:09.809,1.6619,1.6622,3.20,4.80
2009.03.24 16:19:10.049,1.6619,1.66235,3.20,4.80
2009.03.24 16:19:10.889,1.6619,1.66235,5.20,4.80
2009.03.24 16:19:11.239,1.66195,1.66235,3.20,4.80
2009.03.24 16:19:11.519,1.662,1.6624,3.20,4.80
2009.03.24 16:19:11.809,1.66195,1.6624,3.20,4.80
2009.03.24 16:19:12.099,1.6619,1.66235,3.20,1.00
2009.03.24 16:19:12.439,1.6619,1.66245,3.20,1.00
2009.03.24 16:19:12.828,1.66195,1.6623,3.20,1.00
2009.03.24 16:19:13.128,1.6618,1.6622,3.20,1.00
2009.03.24 16:19:13.528,1.66165,1.6622,3.20,5.00
2009.03.24 16:19:14.108,1.6616,1.6621,5.20,4.80
2009.03.24 16:19:14.458,1.6616,1.66215,5.20,4.80
2009.03.24 16:19:16.318,1.66165,1.66215,5.20,4.80
2009.03.24 16:19:16.557,1.66165,1.66225,8.40,4.80
2009.03.24 16:19:16.667,1.6617,1.66225,3.20,4.80
2009.03.24 16:19:17.987,1.66195,1.66225,3.20,4.80
2009.03.24 16:19:18.327,1.66195,1.66265,3.20,4.80
2009.03.24 16:19:18.657,1.662,1.6626,3.20,1.00
2009.03.24 16:19:18.817,1.6621,1.6627,3.20,4.80
2009.03.24 16:19:19.297,1.6622,1.6628,3.20,4.80
2009.03.24 16:19:19.698,1.66215,1.66255,3.20,1.00
2009.03.24 16:19:20.157,1.662,1.66245,3.20,4.80
2009.03.24 16:19:20.726,1.6621,1.66245,2.00,4.80
2009.03.24 16:19:21.007,1.66215,1.66245,3.20,4.80
2009.03.24 16:19:21.306,1.66215,1.6626,3.20,4.80
2009.03.24 16:19:21.536,1.66205,1.6627,14.20,5.00
2009.03.24 16:19:21.886,1.66205,1.6626,8.40,4.80
2009.03.24 16:19:22.116,1.66205,1.6626,6.40,4.80
2009.03.24 16:19:22.586,1.66205,1.6626,9.20,4.80
2009.03.24 16:19:22.806,1.6621,1.6626,2.00,4.80
2009.03.24 16:19:23.426,1.6621,1.66255,2.00,4.80
2009.03.24 16:19:24.595,1.66205,1.66255,5.20,4.80
2009.03.24 16:19:24.826,1.6622,1.66255,3.20,4.80
2009.03.24 16:19:25.116,1.66205,1.66255,2.00,4.80
2009.03.24 16:19:25.225,1.66205,1.6625,2.00,4.80
2009.03.24 16:19:25.735,1.66205,1.66255,2.00,4.80
2009.03.24 16:19:25.855,1.6621,1.66255,5.20,4.80
2009.03.24 16:19:26.395,1.66215,1.66255,3.20,4.80
2009.03.24 16:19:26.795,1.6623,1.66255,3.20,4.80
2009.03.24 16:19:27.375,1.66235,1.6627,3.20,4.80
2009.03.24 16:19:27.885,1.66235,1.6627,7.20,4.80
2009.03.24 16:19:28.844,1.66235,1.6627,3.20,4.80
2009.03.24 16:19:29.544,1.66235,1.6628,3.20,4.80
2009.03.24 16:19:29.844,1.6624,1.66285,3.20,5.00
2009.03.24 16:19:30.184,1.6624,1.6628,6.40,1.00
2009.03.24 16:19:30.354,1.66235,1.66275,3.20,1.00
2009.03.24 16:19:30.824,1.6623,1.6627,3.20,1.00
2009.03.24 16:19:31.104,1.6623,1.6628,3.20,5.00
2009.03.24 16:19:31.284,1.66235,1.6628,3.20,5.00
2009.03.24 16:19:31.574,1.6622,1.6627,3.20,5.00
2009.03.24 16:19:31.854,1.6622,1.6627,6.40,1.00
2009.03.24 16:19:32.484,1.6622,1.6626,3.20,1.00
2009.03.24 16:19:32.814,1.66215,1.6627,6.40,1.00
2009.03.24 16:19:33.113,1.6622,1.6627,3.20,1.00
2009.03.24 16:19:33.414,1.6623,1.6628,3.20,5.00
2009.03.24 16:19:34.053,1.6623,1.6628,3.20,1.00
2009.03.24 16:19:34.403,1.6623,1.6628,6.40,1.00
2009.03.24 16:19:35.073,1.6623,1.66275,6.40,1.00
2009.03.24 16:19:35.363,1.6623,1.6628,9.60,1.00
2009.03.24 16:19:35.643,1.66245,1.6629,3.20,5.00
2009.03.24 16:19:35.873,1.66245,1.66275,3.20,4.80
2009.03.24 16:19:36.163,1.66245,1.6629,3.20,5.00
2009.03.24 16:19:37.033,1.66245,1.66285,3.20,4.80
2009.03.24 16:19:38.852,1.6623,1.66275,9.40,1.00
2009.03.24 16:19:39.092,1.6623,1.6627,6.40,4.80
2009.03.24 16:19:39.322,1.6623,1.6627,3.20,4.80
2009.03.24 16:19:39.792,1.6623,1.66275,3.20,4.80
2009.03.24 16:19:40.132,1.6625,1.66275,3.20,4.80
2009.03.24 16:19:40.402,1.66245,1.66275,3.20,4.80
2009.03.24 16:19:40.682,1.6623,1.66285,3.20,5.00
2009.03.24 16:19:41.312,1.66235,1.66285,3.20,5.00
2009.03.24 16:19:41.601,1.6623,1.66275,6.40,1.00
2009.03.24 16:19:41.891,1.6623,1.66275,3.20,1.00
2009.03.24 16:19:42.281,1.66225,1.66275,3.20,1.00
2009.03.24 16:19:42.691,1.66225,1.66265,3.20,4.80
2009.03.24 16:19:43.671,1.6623,1.66265,6.40,4.80
2009.03.24 16:19:44.091,1.66245,1.6628,3.20,4.80
2009.03.24 16:19:44.540,1.66235,1.6628,3.20,5.00
2009.03.24 16:19:44.641,1.66235,1.6628,7.80,1.00
2009.03.24 16:19:44.881,1.66235,1.6627,3.00,4.80
2009.03.24 16:19:45.041,1.6622,1.6627,3.20,4.80
2009.03.24 16:19:45.151,1.66225,1.6627,3.20,4.80
2009.03.24 16:19:45.450,1.6622,1.6627,3.20,4.80
2009.03.24 16:19:45.861,1.66225,1.6627,3.20,4.80
2009.03.24 16:19:46.380,1.66215,1.6627,11.60,4.80
2009.03.24 16:19:46.730,1.66215,1.66255,6.40,1.00
2009.03.24 16:19:46.961,1.66215,1.66255,3.20,5.00
2009.03.24 16:19:47.140,1.6621,1.66255,6.40,4.80
2009.03.24 16:19:47.360,1.6621,1.6626,6.40,1.00
2009.03.24 16:19:47.591,1.6621,1.66255,3.20,4.80
2009.03.24 16:19:48.230,1.6621,1.66265,12.80,5.00
2009.03.24 16:19:51.639,1.6622,1.66265,3.20,5.00
2009.03.24 16:19:52.109,1.66225,1.66265,3.20,4.80
2009.03.24 16:19:52.159,1.66225,1.66265,6.40,4.80
2009.03.24 16:19:52.509,1.66225,1.6627,6.40,5.00
2009.03.24 16:19:53.669,1.66225,1.66265,3.20,4.80
2009.03.24 16:19:53.968,1.66225,1.6627,3.20,5.00
2009.03.24 16:19:54.788,1.66225,1.6627,3.20,4.80
2009.03.24 16:19:55.008,1.6624,1.6627,3.20,4.80
2009.03.24 16:19:55.468,1.6624,1.6628,3.20,5.00
2009.03.24 16:19:58.517,1.66255,1.6628,3.20,4.80
2009.03.24 16:19:58.797,1.6622,1.6626,3.20,1.00
2009.03.24 16:19:59.097,1.66215,1.66255,3.20,5.00
2009.03.24 16:19:59.447,1.66215,1.66245,3.20,1.00
2009.03.24 16:19:59.747,1.6623,1.6625,3.20,5.00
2009.03.24 16:20:00.027,1.66175,1.6623,4.80,1.00
2009.03.24 16:20:00.317,1.66205,1.66225,3.20,1.00
2009.03.24 16:20:00.627,1.6619,1.66205,3.20,4.80
2009.03.24 16:20:00.987,1.6619,1.6621,3.20,5.00
2009.03.24 16:20:01.427,1.66195,1.662,3.20,4.80
2009.03.24 16:20:01.697,1.6619,1.662,3.20,4.80
2009.03.24 16:20:02.177,1.6619,1.66195,3.20,4.80
2009.03.24 16:20:02.297,1.6619,1.662,3.20,4.80
2009.03.24 16:20:02.526,1.66185,1.662,3.20,4.80
2009.03.24 16:20:03.386,1.6617,1.6619,3.20,1.00
2009.03.24 16:20:03.789,1.6617,1.6618,3.20,4.80
2009.03.24 16:20:04.127,1.66145,1.66175,4.80,4.80
2009.03.24 16:20:04.426,1.6617,1.6621,3.20,5.00
2009.03.24 16:20:04.706,1.6618,1.66205,3.20,4.80
2009.03.24 16:20:05.106,1.6614,1.66205,3.20,4.80
2009.03.24 16:20:05.346,1.66135,1.66205,3.20,4.80
2009.03.24 16:20:05.526,1.6614,1.662,3.20,5.00
2009.03.24 16:20:05.756,1.66135,1.6619,3.20,1.00
2009.03.24 16:20:06.095,1.6612,1.6618,3.20,4.80
2009.03.24 16:20:06.335,1.6615,1.6618,3.20,4.80
2009.03.24 16:20:06.616,1.66115,1.6618,6.40,4.80
2009.03.24 16:20:06.845,1.66115,1.6618,3.20,4.80
2009.03.24 16:20:07.255,1.66115,1.66175,7.80,1.00
2009.03.24 16:20:07.435,1.66095,1.6616,8.00,1.00
2009.03.24 16:20:07.665,1.661,1.66145,3.20,4.80
2009.03.24 16:20:07.895,1.661,1.6615,3.20,4.80
2009.03.24 16:20:08.065,1.66095,1.6615,5.20,4.80
2009.03.24 16:20:08.915,1.66095,1.66135,5.20,4.80
2009.03.24 16:20:12.624,1.66095,1.66135,6.80,1.00
2009.03.24 16:20:13.094,1.661,1.66145,2.00,4.80
2009.03.24 16:20:13.604,1.66105,1.66145,2.00,4.80
2009.03.24 16:20:14.014,1.66105,1.6615,2.00,4.80
2009.03.24 16:20:14.534,1.66115,1.6614,2.00,4.80
2009.03.24 16:20:14.833,1.66115,1.66155,2.00,4.80
2009.03.24 16:20:15.183,1.66115,1.6616,2.00,4.80
2009.03.24 16:20:15.523,1.6612,1.6616,2.00,4.80
2009.03.24 16:20:16.033,1.66115,1.66155,2.00,4.80
2009.03.24 16:20:16.503,1.66115,1.6617,9.80,4.80
2009.03.24 16:20:16.843,1.66115,1.66155,2.00,4.80
2009.03.24 16:20:17.183,1.6608,1.66135,5.20,5.00
2009.03.24 16:20:17.773,1.66085,1.6613,2.00,4.80
2009.03.24 16:20:19.722,1.6609,1.6612,2.00,1.00
2009.03.24 16:20:20.062,1.66075,1.66125,3.20,4.80
2009.03.24 16:20:20.282,1.66075,1.66125,6.40,4.80
2009.03.24 16:20:20.582,1.66075,1.6613,6.40,5.00
2009.03.24 16:20:20.752,1.66075,1.6613,3.20,5.00
2009.03.24 16:20:20.872,1.66075,1.66125,3.20,4.80
2009.03.24 16:20:21.212,1.6607,1.66125,6.40,4.80
2009.03.24 16:20:22.441,1.6607,1.66125,8.40,4.80
2009.03.24 16:20:22.842,1.66075,1.6613,3.20,5.00
2009.03.24 16:20:23.293,1.66085,1.6613,3.20,4.80
2009.03.24 16:20:23.531,1.66085,1.66135,3.20,4.80
2009.03.24 16:20:28.250,1.66075,1.66125,3.20,1.00
2009.03.24 16:20:28.590,1.66065,1.66115,5.20,4.80
2009.03.24 16:20:29.050,1.66085,1.66125,3.20,4.80
2009.03.24 16:20:29.562,1.6608,1.66145,3.20,4.80
2009.03.24 16:20:29.920,1.66085,1.66155,3.20,4.80
2009.03.24 16:20:30.610,1.66095,1.6615,3.20,4.80
2009.03.24 16:20:30.969,1.661,1.6615,3.20,4.80
2009.03.24 16:20:31.089,1.661,1.66155,3.20,4.80
2009.03.24 16:20:31.429,1.66095,1.66155,3.20,4.80
2009.03.24 16:20:31.480,1.66095,1.66155,6.40,4.80
2009.03.24 16:20:31.969,1.66095,1.66155,9.60,4.80
2009.03.24 16:20:32.019,1.661,1.6615,3.20,4.80
2009.03.24 16:20:32.309,1.6612,1.6615,3.20,4.80
2009.03.24 16:20:32.539,1.6612,1.66185,3.20,4.80
2009.03.24 16:20:32.869,1.66125,1.6619,3.20,4.80
2009.03.24 16:20:35.738,1.66125,1.6616,3.20,1.00
2009.03.24 16:20:36.078,1.6609,1.6616,6.40,1.00
2009.03.24 16:20:36.468,1.6609,1.6616,3.20,1.00
2009.03.24 16:20:36.878,1.6609,1.66145,3.20,1.00
2009.03.24 16:20:37.208,1.66095,1.66145,3.20,1.00
2009.03.24 16:20:39.837,1.66095,1.6615,6.80,5.00
2009.03.24 16:20:40.307,1.6609,1.6614,5.20,4.80
2009.03.24 16:20:40.648,1.6609,1.6615,5.20,5.00
2009.03.24 16:20:40.827,1.66095,1.66145,3.20,5.00
2009.03.24 16:20:41.237,1.66085,1.66145,3.20,5.00
2009.03.24 16:20:41.857,1.6608,1.6614,5.20,4.80
2009.03.24 16:20:42.267,1.66085,1.66135,3.20,1.00
2009.03.24 16:20:42.657,1.66085,1.6613,3.20,5.00
2009.03.24 16:20:43.066,1.66085,1.66135,8.40,4.80
2009.03.24 16:20:43.516,1.661,1.6614,2.00,4.80
2009.03.24 16:20:43.816,1.661,1.6615,8.40,4.80
2009.03.24 16:20:44.166,1.6611,1.6615,3.20,4.80
2009.03.24 16:20:44.576,1.6611,1.66165,3.20,4.80
2009.03.24 16:20:44.916,1.66115,1.6617,3.20,5.00
2009.03.24 16:20:45.138,1.661,1.6615,3.20,4.80
2009.03.24 16:20:45.476,1.661,1.6614,3.20,1.00
2009.03.24 16:20:45.776,1.661,1.66155,3.20,4.80
2009.03.24 16:20:46.116,1.661,1.66165,3.20,4.80
2009.03.24 16:20:46.457,1.661,1.66145,3.20,4.80
2009.03.24 16:20:46.756,1.661,1.6614,3.20,4.80
2009.03.24 16:20:47.056,1.66085,1.6614,5.20,4.80
2009.03.24 16:20:47.335,1.6609,1.6614,3.20,4.80
2009.03.24 16:20:47.686,1.661,1.6615,3.20,4.80
2009.03.24 16:20:47.965,1.66105,1.6616,3.20,4.80
2009.03.24 16:20:48.655,1.661,1.6615,6.20,4.80
2009.03.24 16:20:49.045,1.6609,1.6615,6.40,4.80
2009.03.24 16:20:49.505,1.66095,1.66145,3.20,4.80
2009.03.24 16:20:49.835,1.6609,1.66145,6.40,4.80
2009.03.24 16:20:50.185,1.6609,1.66145,3.20,4.80
2009.03.24 16:20:50.475,1.66085,1.66135,3.20,4.80
2009.03.24 16:20:51.226,1.66085,1.6613,3.20,4.80
2009.03.24 16:20:52.724,1.6609,1.6613,3.20,4.80
2009.03.24 16:20:53.124,1.66105,1.6613,3.20,4.80
2009.03.24 16:20:53.804,1.6611,1.6613,3.20,4.80
2009.03.24 16:20:54.444,1.66095,1.6613,3.20,4.80
2009.03.24 16:20:54.954,1.6609,1.6613,3.20,4.80
2009.03.24 16:20:55.184,1.66085,1.66125,5.20,4.80
2009.03.24 16:20:55.924,1.6608,1.6614,3.20,4.80
2009.03.24 16:20:56.284,1.66085,1.6614,3.20,4.80
2009.03.24 16:20:56.613,1.6609,1.66135,5.00,4.80
2009.03.24 16:20:56.967,1.66085,1.6614,5.20,4.80
2009.03.24 16:20:57.423,1.66105,1.6614,3.20,4.80
2009.03.24 16:20:57.943,1.66105,1.6615,3.20,4.80
2009.03.24 16:20:58.293,1.66095,1.66155,5.20,4.80
2009.03.24 16:20:58.533,1.66105,1.66145,3.20,4.80
2009.03.24 16:20:58.813,1.66095,1.66145,6.40,4.80
2009.03.24 16:20:59.163,1.66105,1.6618,11.00,4.80
2009.03.24 16:20:59.435,1.66105,1.6617,3.20,4.80
2009.03.24 16:21:02.092,1.6609,1.66145,5.20,4.80
2009.03.24 16:21:03.012,1.66095,1.66145,2.00,4.80
2009.03.24 16:21:03.752,1.6609,1.66145,3.20,4.80
2009.03.24 16:21:04.162,1.66095,1.6613,3.20,4.80
2009.03.24 16:21:04.511,1.66095,1.66145,3.20,4.80
2009.03.24 16:21:04.921,1.661,1.66135,3.20,4.80
2009.03.24 16:21:05.331,1.6609,1.66145,3.20,4.80
2009.03.24 16:21:06.061,1.66095,1.66145,3.20,4.80
2009.03.24 16:21:06.681,1.6609,1.6613,3.20,4.80
2009.03.24 16:21:06.921,1.661,1.66135,3.20,4.80
2009.03.24 16:21:07.141,1.6609,1.66135,3.20,4.80
2009.03.24 16:21:07.600,1.66105,1.66135,3.20,4.80
2009.03.24 16:21:07.930,1.6609,1.66135,3.20,4.80
2009.03.24 16:21:08.610,1.66095,1.66135,3.20,4.80
2009.03.24 16:21:08.990,1.6609,1.6617,9.80,1.00
2009.03.24 16:21:09.330,1.661,1.6617,3.20,1.00
2009.03.24 16:21:09.790,1.6611,1.6617,3.20,1.00
2009.03.24 16:21:10.131,1.66105,1.6616,3.20,1.00
2009.03.24 16:21:11.140,1.6611,1.66165,1.60,3.20
2009.03.24 16:21:11.260,1.6613,1.66165,3.20,3.20
2009.03.24 16:21:11.440,1.6613,1.6615,3.20,3.20
2009.03.24 16:21:11.619,1.6614,1.6617,3.20,1.00
2009.03.24 16:21:12.129,1.6612,1.6616,3.20,3.20
2009.03.24 16:21:12.460,1.6612,1.66165,3.20,3.40
2009.03.24 16:21:12.629,1.6611,1.6616,3.20,3.20
2009.03.24 16:21:12.990,1.66105,1.6616,3.20,1.00
2009.03.24 16:21:13.379,1.6611,1.6616,3.20,1.00
2009.03.24 16:21:14.529,1.66115,1.6616,3.20,1.00
2009.03.24 16:21:14.869,1.66115,1.6617,3.20,3.40
2009.03.24 16:21:14.979,1.66115,1.6616,3.20,1.00
2009.03.24 16:21:15.269,1.6611,1.6616,3.20,1.00
2009.03.24 16:21:15.659,1.661,1.6616,14.40,1.00
2009.03.24 16:21:15.829,1.66105,1.6616,4.80,1.00
2009.03.24 16:21:16.049,1.6611,1.66155,3.20,3.20
2009.03.24 16:21:16.219,1.6611,1.6616,8.40,3.20
2009.03.24 16:21:16.459,1.6611,1.6616,4.80,3.20
2009.03.24 16:21:16.798,1.6611,1.6616,9.60,3.20
2009.03.24 16:21:16.968,1.6612,1.66155,3.20,3.20
2009.03.24 16:21:17.258,1.6613,1.6616,3.20,3.20
2009.03.24 16:21:17.658,1.6613,1.66165,3.20,3.40
2009.03.24 16:21:18.128,1.66125,1.66175,7.80,1.00
2009.03.24 16:21:18.588,1.6611,1.66155,3.20,3.20
2009.03.24 16:21:19.048,1.6612,1.6615,3.20,3.20
2009.03.24 16:21:19.378,1.66135,1.66205,3.20,1.00
2009.03.24 16:21:19.708,1.66135,1.6621,7.80,1.00
2009.03.24 16:21:22.057,1.6611,1.6616,2.00,3.20
2009.03.24 16:21:22.347,1.6612,1.66155,2.00,3.20
2009.03.24 16:21:22.647,1.66115,1.6617,5.20,3.20
2009.03.24 16:21:22.947,1.6612,1.6617,3.20,3.20
2009.03.24 16:21:23.627,1.6612,1.66175,6.40,3.20
2009.03.24 16:21:24.037,1.6613,1.66185,3.20,3.40
2009.03.24 16:21:24.266,1.6613,1.66175,3.20,1.00
2009.03.24 16:21:24.536,1.66115,1.6617,5.20,3.20
2009.03.24 16:21:24.878,1.66115,1.6617,3.20,3.20
2009.03.24 16:21:25.226,1.66105,1.6617,13.20,3.40
2009.03.24 16:21:25.626,1.6611,1.66165,3.20,3.20
2009.03.24 16:21:25.747,1.66115,1.66165,3.20,3.20
2009.03.24 16:21:25.976,1.66115,1.6617,3.20,3.20
2009.03.24 16:21:27.056,1.6611,1.6617,3.20,3.40
2009.03.24 16:21:27.406,1.6611,1.6617,5.20,3.20
2009.03.24 16:21:27.646,1.6612,1.66165,2.00,3.20
2009.03.24 16:21:28.125,1.66125,1.6618,3.20,3.20
2009.03.24 16:21:28.645,1.66125,1.66175,7.80,1.00
2009.03.24 16:21:29.105,1.6612,1.66175,3.20,1.00
2009.03.24 16:21:29.445,1.6612,1.6618,2.00,1.00
2009.03.24 16:21:29.745,1.6612,1.6618,2.00,3.40
2009.03.24 16:21:30.305,1.66115,1.66175,2.00,1.00
2009.03.24 16:21:30.985,1.6611,1.6617,2.00,1.00
2009.03.24 16:21:31.255,1.66115,1.6617,2.00,1.00
2009.03.24 16:21:31.535,1.66105,1.66165,2.00,1.00
2009.03.24 16:21:31.715,1.66115,1.6617,2.00,1.00
2009.03.24 16:21:31.834,1.66115,1.6617,2.00,3.40
2009.03.24 16:21:32.125,1.66115,1.6617,2.00,1.00
2009.03.24 16:21:32.465,1.6612,1.66185,2.00,5.20
2009.03.24 16:21:32.824,1.6612,1.6619,2.00,3.40
2009.03.24 16:21:33.335,1.66115,1.66195,6.80,3.20
2009.03.24 16:21:33.676,1.6612,1.66185,3.20,3.20
2009.03.24 16:21:34.024,1.6612,1.66195,2.00,3.40
2009.03.24 16:21:34.364,1.6612,1.66195,3.20,3.40
2009.03.24 16:21:34.774,1.66115,1.66185,5.20,1.00
2009.03.24 16:21:35.234,1.66115,1.66185,5.20,3.20
2009.03.24 16:21:35.714,1.6612,1.6619,3.20,3.20
2009.03.24 16:21:36.174,1.6612,1.66195,3.20,3.20
2009.03.24 16:21:36.513,1.6612,1.6619,3.20,3.40
2009.03.24 16:21:36.855,1.6612,1.6619,3.20,3.20
2009.03.24 16:21:37.183,1.6611,1.6619,5.20,3.20
2009.03.24 16:21:37.524,1.6611,1.662,5.20,3.40
2009.03.24 16:21:37.813,1.66125,1.662,2.00,3.40
2009.03.24 16:21:38.213,1.6612,1.66195,5.20,3.20
2009.03.24 16:21:38.613,1.66125,1.66195,11.60,1.00
2009.03.24 16:21:38.833,1.6613,1.66195,3.20,1.00
2009.03.24 16:21:39.393,1.6612,1.66195,11.60,1.00
2009.03.24 16:21:39.733,1.66125,1.66195,3.20,1.00
2009.03.24 16:21:40.123,1.6612,1.66195,8.40,1.00
2009.03.24 16:21:40.643,1.6612,1.662,3.20,1.00
2009.03.24 16:21:42.172,1.6612,1.662,5.20,1.00
2009.03.24 16:21:42.732,1.6612,1.66185,3.20,1.00
2009.03.24 16:21:43.072,1.6611,1.66185,6.20,1.00
2009.03.24 16:21:43.622,1.6611,1.66195,9.60,8.20
2009.03.24 16:21:43.972,1.6611,1.66195,11.60,8.20
2009.03.24 16:21:44.212,1.66115,1.66185,3.20,1.00
2009.03.24 16:21:44.502,1.66105,1.66185,6.40,1.00
2009.03.24 16:21:44.912,1.66105,1.66185,3.20,1.00
2009.03.24 16:21:45.201,1.66105,1.6619,5.20,1.00
2009.03.24 16:21:45.491,1.66105,1.6619,8.40,1.00
2009.03.24 16:21:45.771,1.6611,1.6619,3.20,1.00
2009.03.24 16:21:46.521,1.6611,1.6618,3.20,1.00
2009.03.24 16:21:47.031,1.6611,1.6618,6.40,1.00
2009.03.24 16:21:47.371,1.66115,1.66175,3.20,1.00
2009.03.24 16:21:47.711,1.66105,1.6617,5.20,1.00
2009.03.24 16:21:48.001,1.66105,1.66165,5.20,1.00
2009.03.24 16:21:48.461,1.6611,1.66165,2.00,1.00
2009.03.24 16:21:49.600,1.661,1.66155,3.20,1.00
2009.03.24 16:21:49.940,1.661,1.66155,2.00,1.00
2009.03.24 16:21:50.350,1.66095,1.66155,5.20,1.00
2009.03.24 16:21:50.870,1.661,1.66155,2.00,1.00
2009.03.24 16:21:52.070,1.66085,1.6615,11.60,1.00
2009.03.24 16:21:52.410,1.6608,1.6614,5.20,1.00
2009.03.24 16:21:52.730,1.6609,1.66145,2.00,5.00
2009.03.24 16:21:53.199,1.6609,1.66145,2.00,1.00
2009.03.24 16:21:53.959,1.66095,1.6615,3.20,4.80
2009.03.24 16:21:54.289,1.661,1.6616,6.40,1.00
2009.03.24 16:21:54.869,1.6611,1.6617,2.00,4.80
2009.03.24 16:21:55.039,1.66105,1.6617,3.20,4.80
2009.03.24 16:21:55.389,1.6612,1.66175,3.20,4.80
2009.03.24 16:21:55.859,1.661,1.6618,8.40,4.80
2009.03.24 16:21:56.259,1.661,1.6617,8.40,4.80
2009.03.24 16:21:56.489,1.661,1.6616,3.20,1.00
2009.03.24 16:21:56.718,1.661,1.66165,3.20,4.80
2009.03.24 16:21:57.228,1.661,1.6616,3.20,1.00
2009.03.24 16:21:57.609,1.661,1.66155,3.20,1.00
2009.03.24 16:21:57.968,1.66095,1.6615,3.20,1.00
2009.03.24 16:21:58.238,1.66095,1.66155,9.60,1.00
2009.03.24 16:21:59.228,1.661,1.66155,3.20,1.00
2009.03.24 16:22:00.427,1.66095,1.66155,9.60,1.00
2009.03.24 16:22:01.028,1.66095,1.66155,6.40,1.00
2009.03.24 16:22:01.368,1.66095,1.6615,3.20,1.00
2009.03.24 16:22:01.718,1.6609,1.6614,3.20,1.00
2009.03.24 16:22:01.897,1.66085,1.6614,3.20,1.00
2009.03.24 16:22:02.287,1.6609,1.6615,3.20,4.80
2009.03.24 16:22:02.758,1.66085,1.6614,3.20,1.00
2009.03.24 16:22:03.679,1.6609,1.6615,2.00,5.00
2009.03.24 16:22:04.099,1.66075,1.6615,3.20,5.00
2009.03.24 16:22:04.447,1.66075,1.66135,3.20,4.80
2009.03.24 16:22:04.777,1.66075,1.6613,3.20,4.80
2009.03.24 16:22:05.067,1.6607,1.6613,5.20,4.80
2009.03.24 16:22:05.697,1.6607,1.6613,8.40,4.80
2009.03.24 16:22:05.937,1.66085,1.6614,2.00,4.80
2009.03.24 16:22:06.226,1.66085,1.66145,2.00,4.80
2009.03.24 16:22:06.396,1.6607,1.66135,5.20,1.00
2009.03.24 16:22:06.736,1.66075,1.66135,2.00,5.00
2009.03.24 16:22:07.366,1.6608,1.6613,2.00,1.00
2009.03.24 16:22:07.656,1.66075,1.6613,2.00,1.00
2009.03.24 16:22:07.996,1.6608,1.66135,2.00,4.80
2009.03.24 16:22:08.826,1.66045,1.6612,4.00,1.00
2009.03.24 16:22:09.255,1.66065,1.6612,2.00,1.00
2009.03.24 16:22:09.615,1.66075,1.66115,3.20,4.80
2009.03.24 16:22:10.185,1.66085,1.6615,3.20,4.80
2009.03.24 16:22:10.475,1.66085,1.6615,8.40,4.80
2009.03.24 16:22:10.695,1.66105,1.6616,3.20,4.80
2009.03.24 16:22:10.875,1.66105,1.6617,3.20,4.80
2009.03.24 16:22:11.395,1.66105,1.66165,6.20,1.00
2009.03.24 16:22:11.565,1.661,1.6615,3.00,1.00
2009.03.24 16:22:11.865,1.66085,1.6615,11.60,1.00
2009.03.24 16:22:12.095,1.66085,1.66145,3.20,1.00
2009.03.24 16:22:12.335,1.6609,1.6615,2.00,1.00
2009.03.24 16:22:12.555,1.6609,1.6615,2.00,5.00
2009.03.24 16:22:12.785,1.6609,1.6615,2.00,4.80
2009.03.24 16:22:13.065,1.6609,1.66155,2.00,4.80
2009.03.24 16:22:13.455,1.6608,1.66155,5.20,5.00
2009.03.24 16:22:13.915,1.66075,1.66135,3.20,1.00
2009.03.24 16:22:14.374,1.66075,1.6614,5.20,1.00
2009.03.24 16:22:14.825,1.66075,1.6615,5.20,4.80
2009.03.24 16:22:15.284,1.66075,1.6614,5.20,4.80
2009.03.24 16:22:15.334,1.66085,1.6614,4.00,4.80
2009.03.24 16:22:15.664,1.66075,1.6615,5.20,5.00
2009.03.24 16:22:16.004,1.6607,1.6614,5.20,1.00
2009.03.24 16:22:16.404,1.6607,1.6614,5.20,5.00
2009.03.24 16:22:17.124,1.6607,1.6614,5.20,5.20
2009.03.24 16:22:17.423,1.6606,1.6612,2.00,5.00
2009.03.24 16:22:18.285,1.6606,1.66115,2.00,4.80
2009.03.24 16:22:18.803,1.66055,1.6612,8.40,5.00
2009.03.24 16:22:19.143,1.6607,1.6612,2.00,5.00
2009.03.24 16:22:19.833,1.66065,1.6612,2.00,1.00
2009.03.24 16:22:20.323,1.66065,1.6612,2.00,5.00
2009.03.24 16:22:20.553,1.66075,1.6612,3.20,4.80
2009.03.24 16:22:21.503,1.66075,1.6613,3.20,2.00
2009.03.24 16:22:21.763,1.66075,1.6613,2.00,2.00
2009.03.24 16:22:21.933,1.6607,1.6612,2.00,1.00
2009.03.24 16:22:22.153,1.66055,1.6613,8.40,2.00
2009.03.24 16:22:22.504,1.6606,1.6612,3.20,1.00
2009.03.24 16:22:22.972,1.6606,1.6612,3.20,6.40
2009.03.24 16:22:23.203,1.6606,1.6612,3.20,1.60
2009.03.24 16:22:23.542,1.66055,1.66105,2.00,1.00
2009.03.24 16:22:23.772,1.66045,1.66105,3.20,1.60
2009.03.24 16:22:24.002,1.6603,1.66095,8.40,4.80
2009.03.24 16:22:24.362,1.6603,1.661,8.40,1.00
2009.03.24 16:22:24.712,1.6605,1.66085,2.00,4.80
2009.03.24 16:22:25.232,1.6604,1.66095,2.00,1.00
2009.03.24 16:22:25.562,1.66025,1.6608,5.20,1.00
2009.03.24 16:22:25.921,1.6604,1.6609,2.00,2.00
2009.03.24 16:22:28.281,1.66065,1.6612,2.00,4.80
2009.03.24 16:22:28.631,1.66055,1.66125,3.20,1.60
2009.03.24 16:22:29.081,1.6607,1.6613,2.00,5.00
2009.03.24 16:22:29.491,1.66075,1.66135,2.00,1.00
2009.03.24 16:22:30.861,1.66065,1.6613,5.20,1.00
2009.03.24 16:22:31.320,1.6606,1.6611,3.20,1.00
2009.03.24 16:22:31.670,1.6605,1.6611,3.20,5.00
2009.03.24 16:22:31.971,1.6605,1.66115,3.20,4.80
2009.03.24 16:22:32.150,1.6605,1.6611,3.20,1.00
2009.03.24 16:22:32.380,1.6605,1.6612,6.40,4.80
2009.03.24 16:22:32.730,1.66075,1.6612,3.20,4.80
2009.03.24 16:22:33.111,1.66055,1.6614,3.20,1.00
2009.03.24 16:22:33.460,1.66055,1.66145,5.20,1.00
2009.03.24 16:22:33.800,1.6609,1.6614,3.20,1.00
2009.03.24 16:22:34.489,1.66105,1.6614,3.20,1.00
2009.03.24 16:22:34.770,1.66105,1.66155,3.20,5.00
2009.03.24 16:22:35.069,1.66105,1.66145,3.20,1.00
2009.03.24 16:22:35.289,1.66105,1.6616,3.20,1.00
2009.03.24 16:22:35.689,1.661,1.66145,3.20,1.00
2009.03.24 16:22:36.169,1.6608,1.66145,5.20,1.00
2009.03.24 16:22:36.449,1.66085,1.6614,2.00,4.80
2009.03.24 16:22:37.159,1.6609,1.6614,2.00,4.80
2009.03.24 16:22:37.600,1.6609,1.6615,2.00,4.80
2009.03.24 16:22:37.929,1.66085,1.66155,5.20,5.00
2009.03.24 16:22:38.269,1.66095,1.6615,3.20,1.00
2009.03.24 16:22:38.719,1.66095,1.6616,5.20,5.00
2009.03.24 16:22:38.949,1.6609,1.66155,8.40,1.00
2009.03.24 16:22:39.178,1.6609,1.66155,5.20,1.00
2009.03.24 16:22:40.049,1.6611,1.6617,2.00,5.00
2009.03.24 16:22:40.618,1.66095,1.6616,11.40,1.00
2009.03.24 16:22:40.798,1.66095,1.6616,5.20,1.00
2009.03.24 16:22:40.918,1.66105,1.6616,2.00,1.00
2009.03.24 16:22:41.658,1.661,1.6616,2.00,1.00
2009.03.24 16:22:42.408,1.66115,1.6616,2.00,1.00
2009.03.24 16:22:42.647,1.6611,1.66165,8.40,4.80
2009.03.24 16:22:42.877,1.66115,1.66175,3.20,1.00
2009.03.24 16:22:43.287,1.6611,1.6616,3.00,1.00
2009.03.24 16:22:43.627,1.661,1.66155,3.20,1.00
2009.03.24 16:22:44.077,1.6609,1.66155,8.40,1.00
2009.03.24 16:22:44.527,1.661,1.6616,2.00,5.00
2009.03.24 16:22:44.817,1.661,1.66155,2.00,1.60
2009.03.24 16:22:45.697,1.6609,1.66145,3.20,1.00
2009.03.24 16:22:46.057,1.6608,1.6614,3.20,1.00
2009.03.24 16:22:46.527,1.6608,1.6614,6.40,1.00
2009.03.24 16:22:46.817,1.6608,1.6614,9.60,1.00
2009.03.24 16:22:48.316,1.6609,1.66145,3.20,1.00
2009.03.24 16:22:49.946,1.66085,1.66145,3.20,1.00
2009.03.24 16:22:50.296,1.6609,1.6615,2.00,5.00
2009.03.24 16:22:50.676,1.66085,1.6615,5.20,5.00
2009.03.24 16:22:50.796,1.6609,1.6615,2.00,1.00
2009.03.24 16:22:56.204,1.6609,1.66155,5.20,1.00
2009.03.24 16:22:56.554,1.6609,1.6615,2.00,1.00
2009.03.24 16:22:57.004,1.6609,1.6615,2.00,5.00
2009.03.24 16:22:57.244,1.6609,1.6615,2.00,1.00
2009.03.24 16:22:57.744,1.66095,1.66155,2.00,5.00
2009.03.24 16:22:58.224,1.66085,1.66145,8.80,1.00
2009.03.24 16:22:58.514,1.66085,1.66145,7.20,1.00
2009.03.24 16:22:58.743,1.66085,1.66145,6.40,1.00
2009.03.24 16:22:58.973,1.6609,1.66145,3.20,1.00
2009.03.24 16:22:59.254,1.6609,1.66155,11.60,1.00
2009.03.24 16:22:59.593,1.661,1.6616,2.00,1.00
2009.03.24 16:22:59.933,1.661,1.6616,3.20,1.00
2009.03.24 16:23:00.173,1.66105,1.6616,3.20,1.00
2009.03.24 16:23:00.923,1.66105,1.66165,3.20,1.00
2009.03.24 16:23:02.003,1.66105,1.66165,2.00,1.00
2009.03.24 16:23:02.063,1.661,1.6615,5.00,1.00
2009.03.24 16:23:02.283,1.66095,1.6615,5.20,1.00
2009.03.24 16:23:02.333,1.66095,1.6616,5.20,1.00
2009.03.24 16:23:02.564,1.661,1.6616,3.20,1.00
2009.03.24 16:23:02.673,1.66095,1.6616,8.40,1.00
2009.03.24 16:23:02.893,1.66095,1.6616,5.20,1.00
2009.03.24 16:23:03.352,1.661,1.6616,2.00,5.00
2009.03.24 16:23:03.752,1.66105,1.6616,2.00,4.80
2009.03.24 16:23:04.092,1.66095,1.6616,8.40,5.00
2009.03.24 16:23:04.723,1.66105,1.6616,3.20,5.00
2009.03.24 16:23:05.122,1.66095,1.6614,3.20,1.00
2009.03.24 16:23:05.342,1.66085,1.6614,4.00,1.00
2009.03.24 16:23:05.562,1.66085,1.6614,5.20,1.00
2009.03.24 16:23:05.732,1.6609,1.6614,2.00,1.00
2009.03.24 16:23:05.952,1.66075,1.6614,6.00,1.00
2009.03.24 16:23:06.172,1.6607,1.66125,15.00,1.00
2009.03.24 16:23:06.522,1.6607,1.66125,6.40,1.00
2009.03.24 16:23:07.561,1.6607,1.66125,8.40,1.00
2009.03.24 16:23:07.851,1.66085,1.6613,3.20,4.80
2009.03.24 16:23:08.131,1.6609,1.66135,2.00,4.80
2009.03.24 16:23:08.421,1.6609,1.6617,5.20,4.80
2009.03.24 16:23:08.761,1.6609,1.66175,5.20,1.00
2009.03.24 16:23:08.931,1.6609,1.6616,5.20,1.00
2009.03.24 16:23:09.421,1.6609,1.66165,8.40,1.00
2009.03.24 16:23:09.761,1.6609,1.6615,8.40,4.80
2009.03.24 16:23:10.101,1.6609,1.66155,5.20,1.00
2009.03.24 16:23:10.451,1.6609,1.6615,2.00,1.00
2009.03.24 16:23:13.450,1.6609,1.66145,2.00,1.00
2009.03.24 16:23:14.030,1.66085,1.6615,5.20,1.00
2009.03.24 16:23:14.262,1.66085,1.6614,2.00,1.00
2009.03.24 16:23:15.130,1.6609,1.66145,2.00,1.00
2009.03.24 16:23:16.829,1.66075,1.6614,5.20,1.00
2009.03.24 16:23:17.189,1.66085,1.66145,2.00,4.80
2009.03.24 16:23:17.879,1.66085,1.6615,2.00,5.20
2009.03.24 16:23:18.179,1.66075,1.6613,2.00,1.00
2009.03.24 16:23:18.509,1.66075,1.66135,3.20,5.00
2009.03.24 16:23:18.809,1.66085,1.6614,2.00,4.80
2009.03.24 16:23:19.249,1.66085,1.66145,3.20,1.00
2009.03.24 16:23:19.599,1.66085,1.6614,3.20,1.00
2009.03.24 16:23:21.678,1.66085,1.66135,3.20,1.00
2009.03.24 16:23:21.959,1.6608,1.66135,3.20,1.00
2009.03.24 16:23:22.068,1.66085,1.66145,2.00,1.00
2009.03.24 16:23:22.238,1.66075,1.6614,9.20,1.00
2009.03.24 16:23:22.528,1.6608,1.66125,3.20,1.00
2009.03.24 16:23:22.820,1.66095,1.66145,3.20,4.00
2009.03.24 16:23:23.108,1.66105,1.6615,3.20,4.80
2009.03.24 16:23:23.387,1.6609,1.6616,3.20,1.00
2009.03.24 16:23:23.778,1.6609,1.6615,3.20,1.00
2009.03.24 16:23:24.357,1.6609,1.6615,2.00,1.00
2009.03.24 16:23:24.697,1.66085,1.6615,5.20,1.00
2009.03.24 16:23:25.047,1.66075,1.6615,15.60,1.00
2009.03.24 16:23:25.267,1.66085,1.6616,6.40,5.00
2009.03.24 16:23:25.557,1.6611,1.66155,3.20,1.00
2009.03.24 16:23:25.898,1.66105,1.6616,3.00,4.80
2009.03.24 16:23:26.177,1.6609,1.6616,3.20,1.00
2009.03.24 16:23:26.507,1.661,1.66165,3.20,5.00
2009.03.24 16:23:26.807,1.66095,1.66155,6.40,1.00
2009.03.24 16:23:27.337,1.6611,1.66165,3.20,5.00
2009.03.24 16:23:27.637,1.66115,1.6616,3.20,1.00
2009.03.24 16:23:27.977,1.66105,1.6616,3.20,1.00
2009.03.24 16:23:28.886,1.66105,1.66155,3.20,1.00
2009.03.24 16:23:29.506,1.66095,1.6616,13.60,1.00
2009.03.24 16:23:29.786,1.661,1.66155,3.20,1.00
2009.03.24 16:23:30.116,1.66105,1.66155,3.20,1.00
2009.03.24 16:23:30.756,1.661,1.66155,6.40,1.00
2009.03.24 16:23:31.276,1.661,1.6616,8.40,4.80
2009.03.24 16:23:31.396,1.661,1.6616,6.40,5.00
2009.03.24 16:23:31.666,1.66105,1.6616,3.20,4.80
2009.03.24 16:23:32.126,1.66105,1.66165,6.40,4.80
2009.03.24 16:23:32.595,1.66115,1.66165,2.00,4.80
2009.03.24 16:23:33.115,1.6611,1.6617,3.20,1.00
2009.03.24 16:23:36.075,1.66115,1.66175,3.20,1.00
2009.03.24 16:23:37.095,1.66125,1.66185,3.20,5.00
2009.03.24 16:23:37.324,1.66115,1.66175,3.20,1.00
2009.03.24 16:23:37.784,1.66115,1.66175,2.00,1.00
2009.03.24 16:23:38.064,1.661,1.66155,3.20,1.00
2009.03.24 16:23:38.294,1.66095,1.6615,2.00,1.00
2009.03.24 16:23:38.874,1.6609,1.6615,2.00,5.00
2009.03.24 16:23:39.104,1.6609,1.66135,2.00,4.80
2009.03.24 16:23:39.274,1.6609,1.6615,2.00,1.00
2009.03.24 16:23:39.754,1.66095,1.66155,2.00,5.20
2009.03.24 16:23:40.263,1.66095,1.66155,2.00,1.00
2009.03.24 16:23:40.594,1.6608,1.66135,3.60,1.00
2009.03.24 16:23:41.763,1.6608,1.6613,3.60,1.00
2009.03.24 16:23:41.873,1.6608,1.6613,1.60,1.00
2009.03.24 16:23:42.203,1.66085,1.6613,2.00,1.00
2009.03.24 16:23:42.503,1.6608,1.6613,2.00,1.00
2009.03.24 16:23:42.903,1.66075,1.66115,2.00,1.00
2009.03.24 16:23:44.122,1.66075,1.6614,3.20,4.80
2009.03.24 16:23:44.353,1.6609,1.6614,2.00,4.80
2009.03.24 16:23:44.693,1.6609,1.6615,2.00,1.00
2009.03.24 16:23:45.043,1.66085,1.66145,2.00,4.00
2009.03.24 16:23:45.272,1.6609,1.66135,2.00,4.00
2009.03.24 16:23:45.442,1.6609,1.6613,2.00,1.00
2009.03.24 16:23:45.942,1.6607,1.6613,5.20,1.00
2009.03.24 16:23:46.162,1.6609,1.66135,2.00,4.00
2009.03.24 16:23:46.492,1.6607,1.66115,5.20,1.00
2009.03.24 16:23:46.772,1.66075,1.66115,2.00,1.00
2009.03.24 16:23:47.862,1.6608,1.66145,2.00,9.20
2009.03.24 16:23:48.102,1.6608,1.6614,2.00,4.80
2009.03.24 16:23:48.791,1.6608,1.66145,2.00,5.00
2009.03.24 16:23:49.441,1.6608,1.66125,2.00,1.00
2009.03.24 16:23:50.231,1.6606,1.66105,5.20,1.00
2009.03.24 16:23:50.621,1.6608,1.66125,2.00,1.00
2009.03.24 16:23:51.731,1.66075,1.6613,5.20,1.00
2009.03.24 16:23:52.441,1.66095,1.66145,2.00,4.80
2009.03.24 16:23:53.080,1.6608,1.6613,2.00,4.80
2009.03.24 16:23:53.420,1.6608,1.66135,5.20,4.80
2009.03.24 16:23:53.710,1.66095,1.66135,2.00,4.80
2009.03.24 16:23:54.120,1.66095,1.6614,2.00,4.80
2009.03.24 16:23:54.400,1.66105,1.6615,3.20,4.80
2009.03.24 16:23:54.680,1.661,1.6615,8.40,4.80
2009.03.24 16:23:55.020,1.661,1.6616,5.20,4.80
2009.03.24 16:23:55.430,1.6611,1.66175,2.00,9.20
2009.03.24 16:23:55.760,1.66105,1.66175,3.20,9.20
2009.03.24 16:23:55.930,1.66105,1.66175,3.20,4.00
2009.03.24 16:23:56.450,1.66105,1.6616,8.40,1.00
2009.03.24 16:23:56.680,1.6611,1.6618,3.20,1.00
2009.03.24 16:23:56.970,1.6611,1.6618,8.40,1.00
2009.03.24 16:23:57.310,1.6611,1.6618,5.20,1.00
2009.03.24 16:23:57.549,1.66115,1.6617,3.20,1.00
2009.03.24 16:23:57.839,1.6613,1.6617,3.20,4.80
2009.03.24 16:23:58.239,1.66135,1.66175,3.20,4.80
2009.03.24 16:23:58.749,1.6613,1.6619,6.40,5.00
2009.03.24 16:23:59.209,1.6609,1.66165,19.40,1.00
2009.03.24 16:23:59.499,1.6609,1.66165,8.40,1.00
2009.03.24 16:24:00.119,1.66105,1.66165,2.00,1.00
2009.03.24 16:24:00.579,1.6611,1.6616,2.00,1.00
2009.03.24 16:24:01.169,1.66095,1.66155,3.20,1.00
2009.03.24 16:24:01.509,1.6609,1.6614,2.00,1.00
2009.03.24 16:24:01.799,1.66095,1.6614,2.00,4.80
2009.03.24 16:24:02.088,1.6609,1.6614,2.00,5.00
2009.03.24 16:24:02.318,1.6609,1.66135,2.00,1.00
2009.03.24 16:24:02.829,1.66095,1.6614,2.00,1.00
2009.03.24 16:24:03.178,1.66095,1.6614,2.00,5.00
2009.03.24 16:24:04.438,1.66095,1.6613,2.00,1.00
2009.03.24 16:24:04.938,1.66095,1.6614,2.00,5.00
2009.03.24 16:24:05.228,1.66095,1.6614,2.00,1.00
2009.03.24 16:24:05.837,1.6609,1.6614,2.00,1.00
2009.03.24 16:24:05.947,1.6609,1.66155,5.20,4.40
2009.03.24 16:24:06.297,1.66105,1.66155,3.20,1.00
2009.03.24 16:24:06.467,1.66105,1.66155,6.40,1.00
2009.03.24 16:24:06.817,1.6612,1.66165,3.20,5.00
2009.03.24 16:24:07.047,1.66135,1.6617,3.20,1.00
2009.03.24 16:24:07.387,1.6612,1.6617,6.40,1.00
2009.03.24 16:24:07.727,1.66115,1.6617,3.20,1.00
2009.03.24 16:24:08.547,1.6611,1.6617,5.20,1.00
2009.03.24 16:24:09.127,1.66105,1.6616,3.20,1.00
2009.03.24 16:24:09.567,1.661,1.66145,13.00,1.00
2009.03.24 16:24:09.856,1.66105,1.6615,3.20,1.00
2009.03.24 16:24:10.166,1.661,1.66145,2.00,1.00
2009.03.24 16:24:10.666,1.66105,1.66145,3.20,1.00
2009.03.24 16:24:11.176,1.66085,1.6615,8.20,1.00
2009.03.24 16:24:11.396,1.6609,1.6615,2.00,1.00
2009.03.24 16:24:11.636,1.66085,1.66145,2.00,4.80
2009.03.24 16:24:11.806,1.6609,1.66145,2.00,4.80
2009.03.24 16:24:12.146,1.6609,1.6615,2.00,1.00
2009.03.24 16:24:12.486,1.6609,1.6614,2.00,1.00
2009.03.24 16:24:12.956,1.6609,1.66125,2.00,1.00
2009.03.24 16:24:13.247,1.6609,1.66165,2.00,9.20
2009.03.24 16:24:13.766,1.66085,1.6613,2.00,1.00
2009.03.24 16:24:14.106,1.66085,1.66125,2.00,1.00
2009.03.24 16:24:15.075,1.66085,1.6612,2.00,1.00
2009.03.24 16:24:15.415,1.6609,1.6616,2.00,4.80
2009.03.24 16:24:15.585,1.6609,1.66155,2.00,4.80
2009.03.24 16:24:15.875,1.66085,1.66155,2.00,4.80
2009.03.24 16:24:16.445,1.6608,1.66155,2.00,5.00
2009.03.24 16:24:16.725,1.66075,1.66145,6.80,1.00
2009.03.24 16:24:16.945,1.66075,1.6614,2.00,1.00
2009.03.24 16:24:17.524,1.66075,1.66135,2.00,1.00
2009.03.24 16:24:17.974,1.6608,1.66135,2.00,1.00
2009.03.24 16:24:18.275,1.6608,1.66125,2.00,1.00
2009.03.24 16:24:18.454,1.66075,1.6611,2.00,1.00
2009.03.24 16:24:19.074,1.66075,1.66115,2.00,1.00
2009.03.24 16:24:19.644,1.66075,1.6612,2.00,1.00
2009.03.24 16:24:20.164,1.6608,1.6612,2.00,1.00
2009.03.24 16:24:20.794,1.6608,1.6613,5.20,1.00
2009.03.24 16:24:21.324,1.6608,1.6613,3.20,1.00
2009.03.24 16:24:21.603,1.6607,1.6613,5.20,1.00
2009.03.24 16:24:24.773,1.6608,1.6613,2.00,1.00
2009.03.24 16:24:25.003,1.6607,1.6613,3.20,1.00
2009.03.24 16:24:25.872,1.66075,1.66135,5.20,5.00
2009.03.24 16:24:26.182,1.6608,1.66135,2.00,1.00
2009.03.24 16:24:26.402,1.6608,1.6613,2.00,1.00
2009.03.24 16:24:26.752,1.6607,1.66115,3.20,1.00
2009.03.24 16:24:28.432,1.6607,1.6612,5.20,1.00
2009.03.24 16:24:28.952,1.66065,1.6612,10.00,1.00
2009.03.24 16:24:29.242,1.66065,1.6611,3.20,1.00
2009.03.24 16:24:29.572,1.66065,1.6612,5.20,1.00
2009.03.24 16:24:29.912,1.6606,1.6612,5.20,1.00
2009.03.24 16:24:30.242,1.6606,1.66115,5.20,1.00
2009.03.24 16:24:30.541,1.6606,1.66115,8.40,1.00
2009.03.24 16:24:31.361,1.6607,1.6612,6.40,1.00
2009.03.24 16:24:31.711,1.6607,1.6613,3.20,1.00
2009.03.24 16:24:32.101,1.6607,1.66125,2.00,4.40
2009.03.24 16:24:32.451,1.6607,1.6612,2.00,1.00
2009.03.24 16:24:32.671,1.66065,1.6612,2.00,1.00
2009.03.24 16:24:33.011,1.66065,1.6611,2.00,1.00
2009.03.24 16:24:33.351,1.6606,1.6611,2.00,1.00
2009.03.24 16:24:33.712,1.6605,1.6611,2.00,1.00
2009.03.24 16:24:34.071,1.66045,1.66105,2.00,1.00
2009.03.24 16:24:34.421,1.6603,1.66095,5.20,1.00
2009.03.24 16:24:34.760,1.6605,1.6611,3.20,1.00
2009.03.24 16:24:35.040,1.6605,1.6612,3.20,1.00
2009.03.24 16:24:35.510,1.6606,1.6611,3.20,1.00
2009.03.24 16:24:35.620,1.6606,1.66125,3.20,1.00
2009.03.24 16:24:36.210,1.6606,1.66125,6.40,1.00
2009.03.24 16:24:36.611,1.6607,1.6613,2.00,1.00
2009.03.24 16:24:37.020,1.66085,1.66135,3.20,1.00
2009.03.24 16:24:37.290,1.66105,1.66145,3.20,4.80
2009.03.24 16:24:37.590,1.66105,1.6615,3.20,1.00
2009.03.24 16:24:37.810,1.6609,1.66145,6.20,1.00
2009.03.24 16:24:38.110,1.6609,1.6614,3.20,1.00
2009.03.24 16:24:38.500,1.6609,1.6614,12.20,1.00
2009.03.24 16:24:38.850,1.6607,1.66125,3.20,1.00
2009.03.24 16:24:39.150,1.6607,1.6613,2.00,1.00
2009.03.24 16:24:39.549,1.6605,1.66115,5.20,1.00
2009.03.24 16:24:39.849,1.6605,1.6611,6.40,1.00
2009.03.24 16:24:40.249,1.66065,1.66125,2.00,5.00
2009.03.24 16:24:40.589,1.66065,1.66125,2.00,1.00
2009.03.24 16:24:40.879,1.66065,1.66115,2.00,1.00
2009.03.24 16:24:41.269,1.6606,1.661,3.20,1.00
2009.03.24 16:24:41.519,1.66065,1.66115,3.20,1.00
2009.03.24 16:24:41.909,1.66065,1.66105,3.20,1.00
2009.03.24 16:24:42.028,1.66065,1.66115,3.20,1.00
2009.03.24 16:24:42.329,1.6608,1.66115,3.20,1.00
2009.03.24 16:24:42.618,1.66085,1.6615,3.20,4.80
2009.03.24 16:24:42.848,1.6609,1.6616,3.20,1.00
2009.03.24 16:24:43.438,1.66095,1.66155,3.20,1.00
2009.03.24 16:24:43.778,1.66095,1.66145,2.00,1.00
2009.03.24 16:24:44.180,1.661,1.66165,2.00,1.00
2009.03.24 16:24:44.638,1.66095,1.66155,2.00,4.20
2009.03.24 16:24:44.858,1.66095,1.66155,3.20,4.40
2009.03.24 16:24:45.128,1.66105,1.66155,3.20,8.80
2009.03.24 16:24:45.478,1.66105,1.6617,5.20,4.80
2009.03.24 16:24:45.698,1.6611,1.6617,3.20,5.00
2009.03.24 16:24:46.047,1.661,1.6617,5.20,1.00
2009.03.24 16:24:46.667,1.66105,1.66165,2.00,4.80
2009.03.24 16:24:47.857,1.66105,1.66165,2.00,5.00
2009.03.24 16:24:48.487,1.6611,1.6616,2.00,1.00
2009.03.24 16:24:49.967,1.66115,1.6616,2.00,1.00
2009.03.24 16:24:50.347,1.66115,1.66165,2.00,1.00
2009.03.24 16:24:51.077,1.66115,1.6616,2.00,1.00
2009.03.24 16:24:51.436,1.66095,1.6616,11.60,1.00
2009.03.24 16:24:51.716,1.66095,1.66155,11.60,1.00
2009.03.24 16:24:51.896,1.66105,1.6616,3.20,5.00
2009.03.24 16:24:52.346,1.66105,1.6616,3.20,1.00
2009.03.24 16:24:52.586,1.66105,1.66155,3.20,1.00
2009.03.24 16:24:53.186,1.661,1.66155,3.20,1.00
2009.03.24 16:24:53.536,1.66095,1.66155,3.20,1.00
2009.03.24 16:24:53.876,1.66085,1.6614,3.20,1.00
2009.03.24 16:24:54.326,1.66075,1.6613,3.20,1.00
2009.03.24 16:24:55.396,1.66075,1.66135,3.20,1.00
2009.03.24 16:24:55.845,1.6608,1.66135,3.20,1.00
2009.03.24 16:24:58.225,1.66085,1.6613,3.20,1.00
2009.03.24 16:24:58.694,1.6608,1.6613,3.20,1.00
2009.03.24 16:24:58.864,1.66085,1.66125,3.20,1.00
2009.03.24 16:24:59.205,1.6609,1.66125,3.20,1.00
2009.03.24 16:24:59.894,1.66095,1.6613,3.20,1.00
2009.03.24 16:25:00.064,1.661,1.6613,3.20,1.00
2009.03.24 16:25:00.474,1.6608,1.6613,3.20,5.00
2009.03.24 16:25:00.994,1.66065,1.6612,5.20,1.00
2009.03.24 16:25:01.114,1.6607,1.66125,5.20,5.00
2009.03.24 16:25:01.574,1.6607,1.66125,5.20,1.00
2009.03.24 16:25:01.694,1.6607,1.66125,8.40,1.00
2009.03.24 16:25:02.154,1.66085,1.6613,3.20,4.80
2009.03.24 16:25:02.393,1.661,1.6614,3.20,5.00
2009.03.24 16:25:02.734,1.661,1.6614,3.20,1.00
2009.03.24 16:25:03.013,1.661,1.6615,6.40,4.80
2009.03.24 16:25:03.403,1.6611,1.66155,3.20,4.80
2009.03.24 16:25:03.753,1.66125,1.6616,3.20,4.80
2009.03.24 16:25:04.093,1.66125,1.6617,3.20,1.00
2009.03.24 16:25:04.773,1.66135,1.66175,3.20,4.80
2009.03.24 16:25:05.123,1.66135,1.66185,3.20,1.00
2009.03.24 16:25:05.353,1.6613,1.66175,4.40,1.00
2009.03.24 16:25:05.533,1.6613,1.6617,3.20,1.00
2009.03.24 16:25:05.763,1.66115,1.6617,2.00,1.00
2009.03.24 16:25:06.113,1.66105,1.66165,6.40,5.00
2009.03.24 16:25:06.343,1.661,1.6616,3.20,1.00
2009.03.24 16:25:06.863,1.661,1.6616,3.20,5.00
2009.03.24 16:25:07.262,1.66115,1.6616,3.20,4.80
2009.03.24 16:25:07.492,1.66115,1.6617,3.20,1.00
2009.03.24 16:25:08.072,1.66115,1.6617,6.40,1.00
2009.03.24 16:25:08.302,1.66115,1.66175,11.60,1.00
2009.03.24 16:25:08.642,1.66125,1.66175,3.20,1.00
2009.03.24 16:25:08.992,1.66125,1.6615,11.00,1.00
2009.03.24 16:25:09.382,1.6609,1.66155,3.20,1.00
2009.03.24 16:25:10.791,1.66105,1.66145,3.20,1.00
2009.03.24 16:25:11.021,1.66105,1.66155,3.20,4.80
2009.03.24 16:25:11.252,1.66105,1.66165,3.20,5.00
2009.03.24 16:25:12.171,1.66115,1.66165,3.20,5.00
2009.03.24 16:25:12.391,1.66115,1.66165,6.40,5.00
2009.03.24 16:25:12.731,1.66115,1.6617,8.40,1.00
2009.03.24 16:25:13.013,1.66115,1.6617,3.20,1.00
2009.03.24 16:25:13.481,1.6611,1.66155,9.60,1.00
2009.03.24 16:25:13.881,1.6611,1.6617,11.60,5.00
2009.03.24 16:25:14.271,1.66105,1.6616,11.60,1.00
2009.03.24 16:25:14.920,1.66105,1.6615,5.00,1.00
2009.03.24 16:25:15.155,1.661,1.6616,2.00,1.00
2009.03.24 16:25:15.771,1.66095,1.66155,2.00,4.80
2009.03.24 16:25:15.830,1.6609,1.6615,5.20,4.80
2009.03.24 16:25:16.130,1.661,1.66145,3.20,4.80
2009.03.24 16:25:16.360,1.661,1.6615,3.20,4.80
2009.03.24 16:25:16.530,1.661,1.66155,3.20,5.00
2009.03.24 16:25:16.920,1.6611,1.6616,3.20,1.00
2009.03.24 16:25:17.090,1.6611,1.6616,6.40,1.00
2009.03.24 16:25:17.500,1.6612,1.6617,3.20,1.00
2009.03.24 16:25:17.730,1.6612,1.6617,6.40,1.00
2009.03.24 16:25:18.110,1.6612,1.6616,12.20,1.00
2009.03.24 16:25:18.409,1.6613,1.66155,3.20,1.00
2009.03.24 16:25:19.450,1.66095,1.6615,2.00,1.00
2009.03.24 16:25:19.789,1.6608,1.6615,3.20,1.00
2009.03.24 16:25:20.260,1.6609,1.66145,3.20,1.00
2009.03.24 16:25:20.489,1.661,1.6614,3.20,1.00
2009.03.24 16:25:20.859,1.66095,1.6614,3.20,1.00
2009.03.24 16:25:21.109,1.66085,1.6614,6.40,1.00
2009.03.24 16:25:21.449,1.66085,1.6613,6.40,1.00
2009.03.24 16:25:21.629,1.66085,1.6613,3.20,1.00
2009.03.24 16:25:21.679,1.66085,1.66135,3.20,1.00
2009.03.24 16:25:23.069,1.66085,1.6614,3.20,1.00
2009.03.24 16:25:23.698,1.66085,1.66135,3.20,1.00
2009.03.24 16:25:24.099,1.6608,1.66135,3.20,1.00
2009.03.24 16:25:24.488,1.6607,1.6612,2.00,1.00
2009.03.24 16:25:26.138,1.6607,1.66115,2.00,1.00
2009.03.24 16:25:27.418,1.66075,1.6612,2.00,1.00
2009.03.24 16:25:27.878,1.6607,1.6612,5.20,4.80
2009.03.24 16:25:28.047,1.6607,1.6612,8.40,4.80
2009.03.24 16:25:28.218,1.6607,1.66125,5.20,1.00
2009.03.24 16:25:28.917,1.6607,1.6613,8.40,5.00
2009.03.24 16:25:29.437,1.6608,1.6613,3.20,1.00
2009.03.24 16:25:29.737,1.6608,1.66135,3.20,1.00
2009.03.24 16:25:30.197,1.66065,1.6612,13.20,1.00
2009.03.24 16:25:30.637,1.66065,1.6612,5.20,1.00
2009.03.24 16:25:30.977,1.6607,1.6612,2.00,1.00
2009.03.24 16:25:35.336,1.66065,1.6612,2.00,1.00
2009.03.24 16:25:35.686,1.66065,1.6612,3.20,1.00
2009.03.24 16:25:35.805,1.66065,1.66125,5.20,4.80
2009.03.24 16:25:36.206,1.6607,1.66125,3.20,4.80
2009.03.24 16:25:36.375,1.6607,1.6613,3.20,5.00
2009.03.24 16:25:36.605,1.6607,1.6611,3.20,1.00
2009.03.24 16:25:36.895,1.66055,1.6611,14.20,1.00
2009.03.24 16:25:37.125,1.66065,1.6612,2.00,4.80
2009.03.24 16:25:37.525,1.66065,1.66135,2.00,5.00
2009.03.24 16:25:39.415,1.6607,1.66125,2.00,4.80
2009.03.24 16:25:39.746,1.6606,1.6612,2.00,1.00
2009.03.24 16:25:40.025,1.6607,1.66125,2.00,5.20
2009.03.24 16:25:40.435,1.66075,1.6612,2.00,4.80
2009.03.24 16:25:40.895,1.6607,1.66135,8.40,4.80
2009.03.24 16:25:41.634,1.6607,1.66135,3.20,4.80
2009.03.24 16:25:41.984,1.6608,1.66125,3.20,1.00
2009.03.24 16:25:42.384,1.66085,1.6613,3.20,1.00
2009.03.24 16:25:42.794,1.66105,1.66145,3.20,4.80
2009.03.24 16:25:43.034,1.66095,1.6616,3.20,4.80
2009.03.24 16:25:43.514,1.66095,1.6616,3.20,1.00
2009.03.24 16:25:43.864,1.66095,1.66155,3.20,1.00
2009.03.24 16:25:44.214,1.6609,1.66155,5.20,1.00
2009.03.24 16:25:44.753,1.661,1.66155,3.20,1.00
2009.03.24 16:25:45.095,1.6609,1.6614,3.20,1.00
2009.03.24 16:25:45.393,1.6609,1.66135,3.20,1.00
2009.03.24 16:25:46.353,1.66095,1.6614,3.20,1.00
2009.03.24 16:25:46.583,1.66105,1.66155,3.20,4.80
2009.03.24 16:25:46.803,1.6609,1.6614,6.40,1.00
2009.03.24 16:25:47.034,1.6609,1.66135,3.20,1.00
2009.03.24 16:25:47.433,1.66085,1.6614,3.20,1.00
2009.03.24 16:25:47.653,1.66075,1.6614,5.20,1.00
2009.03.24 16:25:49.672,1.66075,1.6614,8.40,1.00
2009.03.24 16:25:50.602,1.66075,1.6614,5.20,1.00
2009.03.24 16:25:50.952,1.66075,1.6614,8.40,1.00
2009.03.24 16:25:51.512,1.66075,1.6614,5.20,1.00
2009.03.24 16:25:54.281,1.66075,1.66135,3.20,1.00
2009.03.24 16:25:55.371,1.66075,1.6613,3.20,1.00
2009.03.24 16:25:55.881,1.6607,1.6613,6.40,1.00
2009.03.24 16:25:56.221,1.6608,1.6613,3.20,1.00
2009.03.24 16:25:56.510,1.6608,1.66135,3.20,1.00
2009.03.24 16:25:56.801,1.6609,1.6614,3.20,1.00
2009.03.24 16:25:57.080,1.66085,1.6615,5.20,1.00
2009.03.24 16:25:57.372,1.6609,1.6615,3.20,1.00
2009.03.24 16:25:57.730,1.66095,1.66155,6.40,5.00
2009.03.24 16:25:58.160,1.66095,1.66155,3.20,1.00
2009.03.24 16:25:58.610,1.66095,1.6615,3.20,1.00
2009.03.24 16:25:59.190,1.66095,1.6616,5.20,5.00
2009.03.24 16:25:59.590,1.66095,1.6616,5.20,1.00
2009.03.24 16:26:02.059,1.66095,1.6615,2.00,1.00
2009.03.24 16:26:02.289,1.66095,1.66145,2.00,1.00
2009.03.24 16:26:05.789,1.66095,1.6613,2.00,1.00
2009.03.24 16:26:06.018,1.66095,1.66145,2.00,1.00
2009.03.24 16:26:06.548,1.66095,1.6615,2.00,1.00
2009.03.24 16:26:07.758,1.6608,1.66145,5.20,1.00
2009.03.24 16:26:08.208,1.66085,1.66145,2.00,1.00
2009.03.24 16:26:08.438,1.66085,1.66145,2.00,5.00
2009.03.24 16:26:08.678,1.66085,1.6614,2.00,4.80
2009.03.24 16:26:11.127,1.66085,1.66135,2.00,4.80
2009.03.24 16:26:11.597,1.66085,1.6614,2.00,4.80
2009.03.24 16:26:12.837,1.66085,1.66145,2.00,5.00
2009.03.24 16:26:13.196,1.66085,1.6614,2.00,4.80
2009.03.24 16:26:14.936,1.66085,1.66145,2.00,5.20
2009.03.24 16:26:16.826,1.66085,1.66135,2.00,1.00
2009.03.24 16:26:21.455,1.6608,1.66135,2.00,1.00
2009.03.24 16:26:22.124,1.6608,1.6614,2.00,5.00
2009.03.24 16:26:24.064,1.66075,1.66135,2.00,1.00
2009.03.24 16:26:24.624,1.66075,1.6612,2.00,1.00
2009.03.24 16:26:26.063,1.6607,1.6613,2.00,5.00
2009.03.24 16:26:26.983,1.6606,1.66105,2.00,1.00
2009.03.24 16:26:27.093,1.6607,1.66115,2.00,1.00
2009.03.24 16:26:29.172,1.6606,1.66095,2.00,1.00
2009.03.24 16:26:29.503,1.66065,1.661,2.00,1.00
2009.03.24 16:26:30.092,1.66075,1.6611,2.00,4.80
2009.03.24 16:26:30.322,1.66075,1.6612,2.00,4.80
2009.03.24 16:26:30.603,1.66075,1.66115,2.00,4.80
2009.03.24 16:26:30.882,1.66075,1.6612,2.00,1.00
2009.03.24 16:26:31.334,1.66065,1.6612,5.20,1.00
2009.03.24 16:26:31.782,1.6607,1.66115,2.00,1.00
2009.03.24 16:26:32.122,1.66065,1.66125,5.20,4.80
2009.03.24 16:26:32.542,1.66075,1.66125,2.00,4.80
2009.03.24 16:26:32.762,1.66075,1.6613,2.00,4.80
2009.03.24 16:26:33.112,1.6607,1.66125,2.00,1.00
2009.03.24 16:26:33.972,1.6607,1.6612,2.00,1.00
2009.03.24 16:26:34.711,1.6607,1.66115,2.00,1.00
2009.03.24 16:26:35.451,1.6606,1.66125,5.20,5.00
2009.03.24 16:26:35.891,1.66065,1.6612,2.00,1.00
2009.03.24 16:26:36.171,1.6606,1.6611,2.00,1.00
2009.03.24 16:26:36.591,1.6605,1.6611,3.20,1.00
2009.03.24 16:26:36.961,1.6605,1.6611,3.20,4.80
2009.03.24 16:26:37.301,1.6605,1.661,3.20,4.80
2009.03.24 16:26:38.280,1.6606,1.6614,5.20,4.80
2009.03.24 16:26:38.670,1.6607,1.6613,2.00,4.80
2009.03.24 16:26:39.140,1.6607,1.66145,2.00,1.00
2009.03.24 16:26:39.430,1.6607,1.66135,3.20,5.00
2009.03.24 16:26:39.781,1.6607,1.6613,3.20,4.80
2009.03.24 16:26:40.490,1.66075,1.6613,2.00,4.80
2009.03.24 16:26:40.950,1.6607,1.6613,2.00,1.00
2009.03.24 16:26:41.290,1.66065,1.66125,2.00,5.20
2009.03.24 16:26:41.620,1.6607,1.6611,2.00,1.00
2009.03.24 16:26:41.789,1.6607,1.66115,5.20,1.00
2009.03.24 16:26:42.020,1.66075,1.66115,2.00,1.00
2009.03.24 16:26:42.360,1.6607,1.66115,5.20,1.00
2009.03.24 16:26:42.809,1.6605,1.661,3.20,1.00
2009.03.24 16:26:43.099,1.6605,1.6609,7.80,1.00
2009.03.24 16:26:43.449,1.6604,1.6609,3.20,1.00
2009.03.24 16:26:43.629,1.6604,1.66085,3.20,1.00
2009.03.24 16:26:43.979,1.6604,1.66075,2.00,1.00
2009.03.24 16:26:44.840,1.6604,1.6608,3.20,1.00
2009.03.24 16:26:45.299,1.6605,1.6607,3.20,4.80
2009.03.24 16:26:45.659,1.6603,1.6607,5.20,4.80
2009.03.24 16:26:45.958,1.66035,1.6607,2.00,4.80
2009.03.24 16:26:46.229,1.66035,1.6606,2.00,4.80
2009.03.24 16:26:46.698,1.6603,1.6607,2.00,4.80
2009.03.24 16:26:46.978,1.6602,1.6607,2.00,4.80
2009.03.24 16:26:48.068,1.6602,1.66075,2.00,4.80
2009.03.24 16:26:48.398,1.66015,1.6607,5.20,1.00
2009.03.24 16:26:49.088,1.66015,1.6607,5.20,4.80
2009.03.24 16:26:49.497,1.66015,1.66075,5.20,4.80
2009.03.24 16:26:49.677,1.66035,1.66075,2.00,4.80
2009.03.24 16:26:50.307,1.66035,1.6608,2.00,4.80
2009.03.24 16:26:51.227,1.6602,1.6607,2.00,4.80
2009.03.24 16:26:51.617,1.66025,1.6607,2.00,4.80
2009.03.24 16:26:52.087,1.66025,1.6608,2.00,4.80
2009.03.24 16:26:53.218,1.66035,1.6608,3.20,4.80
2009.03.24 16:26:53.497,1.6605,1.66095,2.00,4.80
2009.03.24 16:26:53.897,1.6605,1.661,2.00,4.80
2009.03.24 16:26:54.196,1.66045,1.661,5.20,4.80
2009.03.24 16:26:54.467,1.66045,1.66105,5.20,4.80
2009.03.24 16:26:55.036,1.6604,1.661,2.00,5.00
2009.03.24 16:26:56.796,1.6605,1.661,2.00,4.80
2009.03.24 16:26:57.067,1.6605,1.66105,2.00,4.80
2009.03.24 16:26:57.236,1.6606,1.66105,2.00,4.80
2009.03.24 16:26:57.746,1.66055,1.66115,5.20,4.80
2009.03.24 16:26:57.926,1.66055,1.66115,8.40,4.80
2009.03.24 16:26:58.145,1.66055,1.6612,8.40,4.80
2009.03.24 16:26:58.325,1.66055,1.66125,8.40,5.00
2009.03.24 16:26:58.645,1.66055,1.6613,3.20,3.40
2009.03.24 16:26:59.176,1.6601,1.66075,3.20,1.00
2009.03.24 16:26:59.525,1.66,1.66075,5.20,1.00
2009.03.24 16:27:00.885,1.66015,1.66055,2.00,1.00
2009.03.24 16:27:01.125,1.66005,1.66065,8.40,5.00
2009.03.24 16:27:01.345,1.6601,1.66055,3.20,4.80
2009.03.24 16:27:01.565,1.6601,1.66055,5.20,4.80
2009.03.24 16:27:01.895,1.6603,1.6606,2.00,4.80
2009.03.24 16:27:02.115,1.6603,1.6608,2.00,4.80
2009.03.24 16:27:02.844,1.6603,1.6609,2.00,5.00
2009.03.24 16:27:03.585,1.66035,1.6609,3.20,5.00
2009.03.24 16:27:03.874,1.66035,1.6608,3.20,4.80
2009.03.24 16:27:04.784,1.66035,1.66085,3.20,4.80
2009.03.24 16:27:05.364,1.6602,1.6608,5.20,1.00
2009.03.24 16:27:05.634,1.6602,1.66075,5.20,1.00
2009.03.24 16:27:06.204,1.6602,1.66085,5.20,5.00
2009.03.24 16:27:06.673,1.6602,1.66085,8.40,5.00
2009.03.24 16:27:07.033,1.6602,1.66085,5.20,5.00
2009.03.24 16:27:07.263,1.6602,1.6608,3.20,1.00
2009.03.24 16:27:07.563,1.6602,1.6608,3.20,5.00
2009.03.24 16:27:07.973,1.6602,1.66075,3.20,4.80
2009.03.24 16:27:08.713,1.6602,1.6608,3.20,5.00
2009.03.24 16:27:09.053,1.6602,1.66075,3.20,1.00
2009.03.24 16:27:09.593,1.6602,1.66075,2.00,1.00
2009.03.24 16:27:09.773,1.6601,1.6606,8.40,1.00
2009.03.24 16:27:10.113,1.6601,1.66055,5.20,1.00
2009.03.24 16:27:10.352,1.6602,1.661,3.20,5.00
2009.03.24 16:27:10.632,1.6602,1.661,6.40,1.00
2009.03.24 16:27:10.922,1.6602,1.661,3.20,1.00
2009.03.24 16:27:11.902,1.6603,1.66095,2.00,1.00
2009.03.24 16:27:12.082,1.66025,1.66095,5.20,1.00
2009.03.24 16:27:12.492,1.66025,1.66085,3.20,1.00
2009.03.24 16:27:12.822,1.66025,1.66085,2.00,1.00
2009.03.24 16:27:13.222,1.66025,1.6609,2.00,1.00
2009.03.24 16:27:13.952,1.6602,1.6609,5.20,1.00
2009.03.24 16:27:14.362,1.6603,1.6609,2.00,1.00
2009.03.24 16:27:14.582,1.66035,1.6609,2.00,4.80
2009.03.24 16:27:15.092,1.66035,1.66085,2.00,1.00
2009.03.24 16:27:15.433,1.6603,1.66085,5.20,1.00
2009.03.24 16:27:16.111,1.6603,1.6608,5.20,1.00
2009.03.24 16:27:17.181,1.6603,1.6608,3.20,1.00
2009.03.24 16:27:17.451,1.66035,1.66095,2.00,1.00
2009.03.24 16:27:17.681,1.6603,1.6609,7.80,1.00
2009.03.24 16:27:18.030,1.6602,1.66095,3.20,5.00
2009.03.24 16:27:18.371,1.66015,1.6609,5.20,5.00
2009.03.24 16:27:18.711,1.66025,1.6609,2.00,4.80
2009.03.24 16:27:19.051,1.66025,1.6609,2.00,1.00
2009.03.24 16:27:19.380,1.6601,1.6608,5.20,1.00
2009.03.24 16:27:19.921,1.6602,1.66075,2.00,4.80
2009.03.24 16:27:20.490,1.6601,1.66085,5.20,1.00
2009.03.24 16:27:20.890,1.6601,1.66075,3.20,1.00
2009.03.24 16:27:21.240,1.6602,1.6606,3.20,1.00
2009.03.24 16:27:21.580,1.6602,1.66075,3.20,5.00
2009.03.24 16:27:22.050,1.66035,1.66075,3.20,1.00
2009.03.24 16:27:22.440,1.66015,1.6608,3.20,5.00
2009.03.24 16:27:22.730,1.6601,1.6606,3.20,1.00
2009.03.24 16:27:23.140,1.6601,1.6606,6.40,5.00
2009.03.24 16:27:23.439,1.6601,1.66075,6.40,4.80
2009.03.24 16:27:23.919,1.6601,1.6608,6.40,5.00
2009.03.24 16:27:24.269,1.6602,1.66065,3.20,1.00
2009.03.24 16:27:24.499,1.6602,1.66075,3.20,1.00
2009.03.24 16:27:24.969,1.6602,1.66075,3.20,5.00
2009.03.24 16:27:25.239,1.6601,1.6607,3.20,1.00
2009.03.24 16:27:25.529,1.6602,1.66065,3.20,1.00
2009.03.24 16:27:25.929,1.6601,1.66055,5.20,1.00
2009.03.24 16:27:26.209,1.6601,1.66055,3.20,1.00
2009.03.24 16:27:26.389,1.6601,1.66055,2.00,1.00
2009.03.24 16:27:26.909,1.6601,1.66055,3.20,1.00
2009.03.24 16:27:27.259,1.65995,1.6603,6.40,1.00
2009.03.24 16:27:27.558,1.65995,1.6604,3.20,1.00
2009.03.24 16:27:27.908,1.65995,1.66065,5.20,5.00
2009.03.24 16:27:28.239,1.65995,1.66055,3.20,1.00
2009.03.24 16:27:28.598,1.6599,1.66015,3.20,1.00
2009.03.24 16:27:28.939,1.65995,1.66025,3.20,2.80
2009.03.24 16:27:29.388,1.65995,1.66,3.20,1.00
2009.03.24 16:27:29.908,1.65935,1.6598,7.20,4.80
2009.03.24 16:27:30.348,1.65975,1.65985,3.20,4.80
2009.03.24 16:27:30.878,1.6593,1.6598,4.80,4.80
2009.03.24 16:27:31.507,1.65995,1.66005,3.20,5.10
2009.03.24 16:27:32.188,1.66,1.6601,3.20,5.60
2009.03.24 16:27:32.407,1.65925,1.6599,6.20,5.00
2009.03.24 16:27:32.757,1.65995,1.66005,3.20,5.10
2009.03.24 16:27:33.277,1.65995,1.66005,3.20,5.00
2009.03.24 16:27:33.597,1.65935,1.65985,3.20,4.80
2009.03.24 16:27:33.927,1.6595,1.6598,3.20,4.80
2009.03.24 16:27:34.317,1.65965,1.6598,3.20,4.80
2009.03.24 16:27:34.547,1.6597,1.6598,3.20,4.80
2009.03.24 16:27:34.727,1.65985,1.6599,3.20,4.80
2009.03.24 16:27:35.066,1.6592,1.66005,3.20,4.80
2009.03.24 16:27:35.527,1.6592,1.6599,2.00,4.80
2009.03.24 16:27:35.987,1.6592,1.65975,3.20,4.80
2009.03.24 16:27:36.316,1.65935,1.65985,6.40,4.80
2009.03.24 16:27:36.486,1.6594,1.65995,3.20,4.80
2009.03.24 16:27:36.666,1.6595,1.65995,3.20,4.80
2009.03.24 16:27:36.826,1.6595,1.6601,3.20,4.80
2009.03.24 16:27:38.706,1.6597,1.6601,3.20,4.80
2009.03.24 16:27:39.286,1.65975,1.6603,3.20,1.00
2009.03.24 16:27:39.406,1.65985,1.66015,3.20,1.00
2009.03.24 16:27:39.695,1.6598,1.66025,3.00,1.00
2009.03.24 16:27:39.935,1.6595,1.6602,6.40,4.80
2009.03.24 16:27:40.176,1.6595,1.6602,3.20,4.80
2009.03.24 16:27:40.405,1.6597,1.66025,3.20,5.00
2009.03.24 16:27:41.895,1.65965,1.66015,3.20,1.00
2009.03.24 16:27:42.365,1.65955,1.66015,6.40,1.00
2009.03.24 16:27:42.475,1.65955,1.66015,3.20,1.00
2009.03.24 16:27:43.284,1.6595,1.66015,11.60,1.00
2009.03.24 16:27:43.335,1.6595,1.6601,9.60,1.00
2009.03.24 16:27:43.794,1.6595,1.6601,6.40,1.00
2009.03.24 16:27:44.185,1.6596,1.66015,2.00,4.80
2009.03.24 16:27:44.584,1.6597,1.66015,3.20,4.80
2009.03.24 16:27:44.884,1.65975,1.66025,3.20,5.00
2009.03.24 16:27:45.224,1.6597,1.66005,3.00,1.00
2009.03.24 16:27:45.504,1.6595,1.6601,8.40,4.80
2009.03.24 16:27:45.854,1.6595,1.66015,11.60,1.00
2009.03.24 16:27:47.754,1.65955,1.66015,3.20,1.00
2009.03.24 16:27:48.163,1.65955,1.6601,3.20,1.00
2009.03.24 16:27:48.334,1.65945,1.6601,5.20,1.00
2009.03.24 16:27:48.683,1.65955,1.6601,2.00,4.80
2009.03.24 16:27:49.023,1.65955,1.6601,3.20,4.80
2009.03.24 16:27:49.373,1.6596,1.6601,3.20,4.80
2009.03.24 16:27:49.753,1.6596,1.66,3.20,1.00
2009.03.24 16:27:50.093,1.65975,1.66015,3.20,4.80
2009.03.24 16:27:50.263,1.65975,1.6605,3.20,4.80
2009.03.24 16:27:50.493,1.6598,1.6605,3.20,5.00
2009.03.24 16:27:50.883,1.6598,1.6605,3.20,1.00
2009.03.24 16:27:51.693,1.65975,1.6603,6.40,1.00
2009.03.24 16:27:51.983,1.6597,1.6603,3.20,1.00
2009.03.24 16:27:52.272,1.6597,1.6603,3.20,5.00
2009.03.24 16:27:52.712,1.65965,1.6603,3.20,5.00
2009.03.24 16:27:53.122,1.65965,1.66025,3.20,1.00
2009.03.24 16:27:53.302,1.6596,1.6601,3.20,1.00
2009.03.24 16:27:53.752,1.6596,1.6601,3.20,5.00
2009.03.24 16:27:54.122,1.6596,1.66005,3.20,4.80
2009.03.24 16:27:55.122,1.6597,1.6601,3.20,4.80
2009.03.24 16:27:55.632,1.6597,1.6603,3.20,4.80
2009.03.24 16:27:56.442,1.65965,1.6602,3.00,1.00
2009.03.24 16:27:56.621,1.6596,1.6602,2.00,5.00
2009.03.24 16:27:57.311,1.6596,1.66015,2.00,4.80
2009.03.24 16:27:57.591,1.6595,1.66015,5.20,5.00
2009.03.24 16:27:57.821,1.65955,1.66015,2.00,5.00
2009.03.24 16:27:57.881,1.65955,1.6601,2.00,4.80
2009.03.24 16:27:58.961,1.6595,1.6601,8.40,4.80
2009.03.24 16:27:59.421,1.6595,1.6601,2.00,4.80
2009.03.24 16:27:59.891,1.65935,1.6601,5.20,4.80
2009.03.24 16:28:00.350,1.65935,1.65995,5.20,4.80
2009.03.24 16:28:01.540,1.65945,1.65995,2.00,4.80
2009.03.24 16:28:01.890,1.65945,1.6599,2.00,4.80
2009.03.24 16:28:02.180,1.6593,1.65985,5.20,4.80
2009.03.24 16:28:02.750,1.6593,1.65995,5.20,1.00
2009.03.24 16:28:03.030,1.6594,1.65995,3.20,4.80
2009.03.24 16:28:03.600,1.6594,1.66,3.20,4.80
2009.03.24 16:28:03.830,1.65935,1.66005,5.20,5.00
2009.03.24 16:28:04.300,1.65935,1.6599,5.20,4.80
2009.03.24 16:28:04.780,1.65945,1.6599,3.20,4.80
2009.03.24 16:28:05.179,1.65945,1.66,3.20,4.80
2009.03.24 16:28:05.459,1.6595,1.66005,3.20,4.80
2009.03.24 16:28:06.029,1.6595,1.6601,3.20,4.80
2009.03.24 16:28:06.829,1.6595,1.66,3.20,4.80
2009.03.24 16:28:07.049,1.6595,1.66005,3.20,4.80
2009.03.24 16:28:07.409,1.65945,1.66,3.20,4.80
2009.03.24 16:28:07.579,1.65945,1.66,5.20,4.80
2009.03.24 16:28:09.568,1.6595,1.66,2.00,4.80
2009.03.24 16:28:10.248,1.6594,1.66,2.00,5.00
2009.03.24 16:28:10.468,1.6594,1.66,2.00,1.00
2009.03.24 16:28:10.918,1.6594,1.65995,2.00,4.80
2009.03.24 16:28:12.997,1.6593,1.65995,6.40,4.80
2009.03.24 16:28:13.217,1.6594,1.65995,3.20,4.80
2009.03.24 16:28:13.328,1.6594,1.65995,6.40,4.80
2009.03.24 16:28:13.567,1.6596,1.65995,3.20,4.80
2009.03.24 16:28:13.867,1.6595,1.66015,3.20,4.80
2009.03.24 16:28:14.207,1.6594,1.6601,6.40,1.00
2009.03.24 16:28:14.567,1.6594,1.6599,6.40,4.80
2009.03.24 16:28:15.037,1.6594,1.66,6.40,4.80
2009.03.24 16:28:15.267,1.6594,1.66,8.40,4.80
2009.03.24 16:28:15.547,1.6594,1.66,6.40,4.80
2009.03.24 16:28:15.897,1.6595,1.66,6.40,4.80
2009.03.24 16:28:16.196,1.65955,1.66005,3.20,4.80
2009.03.24 16:28:16.537,1.65975,1.6602,3.20,4.80
2009.03.24 16:28:17.007,1.6596,1.6602,6.40,4.80
2009.03.24 16:28:17.356,1.6596,1.66015,3.20,1.00
2009.03.24 16:28:19.136,1.6595,1.6601,3.20,1.00
2009.03.24 16:28:19.486,1.65945,1.66005,3.20,1.00
2009.03.24 16:28:19.646,1.6594,1.66005,5.20,1.00
2009.03.24 16:28:20.176,1.6595,1.66005,3.20,4.80
2009.03.24 16:28:20.466,1.6595,1.6601,3.20,5.00
2009.03.24 16:28:20.805,1.6595,1.6601,3.20,1.00
2009.03.24 16:28:21.277,1.6595,1.66015,3.20,4.80
2009.03.24 16:28:21.565,1.6595,1.6601,5.20,4.80
2009.03.24 16:28:22.195,1.6596,1.66005,2.00,4.80
2009.03.24 16:28:22.755,1.65965,1.66005,2.00,4.80
2009.03.24 16:28:22.875,1.65965,1.6601,2.00,4.80
2009.03.24 16:28:23.225,1.65965,1.66025,2.00,1.00
2009.03.24 16:28:23.905,1.65965,1.66025,2.00,5.00
2009.03.24 16:28:24.255,1.6596,1.6602,2.00,5.00
2009.03.24 16:28:24.555,1.6596,1.6602,2.00,1.00
2009.03.24 16:28:26.384,1.6596,1.6602,2.00,5.00
2009.03.24 16:28:27.534,1.6596,1.6602,2.00,1.00
2009.03.24 16:28:28.773,1.6596,1.6601,2.00,4.80
2009.03.24 16:28:31.333,1.65965,1.6601,2.00,4.80
2009.03.24 16:28:31.563,1.6597,1.6601,2.00,4.80
2009.03.24 16:28:31.953,1.65965,1.6601,2.00,4.80
2009.03.24 16:28:32.113,1.65965,1.66015,2.00,4.80
2009.03.24 16:28:32.453,1.6595,1.66015,5.20,5.00
2009.03.24 16:28:32.613,1.6595,1.66015,8.40,5.00
2009.03.24 16:28:32.773,1.65965,1.66005,2.00,4.80
2009.03.24 16:28:32.883,1.65965,1.66015,2.00,4.80
2009.03.24 16:28:35.622,1.65965,1.6602,2.00,4.80
2009.03.24 16:28:36.472,1.6596,1.6602,5.20,4.80
2009.03.24 16:28:37.851,1.65965,1.6602,2.00,4.80
2009.03.24 16:28:38.021,1.65965,1.66005,2.00,4.80
2009.03.24 16:28:38.351,1.65965,1.6602,2.00,4.80
2009.03.24 16:28:38.521,1.6596,1.6602,5.20,4.80
2009.03.24 16:28:41.701,1.6598,1.6602,2.00,4.80
2009.03.24 16:28:41.871,1.6596,1.6602,11.60,4.80
2009.03.24 16:28:42.170,1.65965,1.6602,8.40,4.80
2009.03.24 16:28:42.400,1.6597,1.6603,3.20,5.00
2009.03.24 16:28:43.041,1.6597,1.6603,3.20,1.00
2009.03.24 16:28:44.760,1.6596,1.66025,5.20,1.00
2009.03.24 16:28:45.040,1.6596,1.6602,5.20,4.80
2009.03.24 16:28:45.850,1.65975,1.6602,2.00,4.80
2009.03.24 16:28:46.359,1.6598,1.6602,2.00,4.80
2009.03.24 16:28:46.529,1.6598,1.6604,2.00,5.00
2009.03.24 16:28:46.939,1.6598,1.6604,2.00,1.00
2009.03.24 16:28:47.979,1.6598,1.66035,2.00,1.00
2009.03.24 16:28:48.499,1.6598,1.6604,2.00,1.00
2009.03.24 16:28:49.979,1.6598,1.66035,2.00,1.00
2009.03.24 16:28:50.218,1.6598,1.6604,2.00,1.00
2009.03.24 16:28:50.748,1.6598,1.6604,2.00,5.00
2009.03.24 16:28:51.148,1.65975,1.66035,2.00,1.00
2009.03.24 16:28:52.978,1.65975,1.6603,2.00,1.00
2009.03.24 16:28:53.158,1.6597,1.6603,2.00,1.00
2009.03.24 16:28:54.377,1.6597,1.6602,2.00,1.00
2009.03.24 16:28:55.227,1.6597,1.66025,2.00,1.00
2009.03.24 16:28:55.617,1.6597,1.6603,2.00,5.00
2009.03.24 16:28:56.257,1.6597,1.6603,2.00,1.00
2009.03.24 16:28:57.776,1.65975,1.66035,2.00,5.00
2009.03.24 16:28:59.216,1.65975,1.6603,2.00,1.00
2009.03.24 16:29:02.435,1.6598,1.6603,2.00,1.00
2009.03.24 16:29:03.005,1.65975,1.6603,2.00,1.00
2009.03.24 16:29:03.125,1.6597,1.6603,2.00,1.00
2009.03.24 16:29:03.425,1.65965,1.66025,2.00,1.00
2009.03.24 16:29:03.725,1.65965,1.66025,2.00,5.00
2009.03.24 16:29:04.205,1.6597,1.66025,2.00,4.80
2009.03.24 16:29:07.094,1.65975,1.66025,2.00,4.80
2009.03.24 16:29:08.004,1.6598,1.6603,3.20,4.80
2009.03.24 16:29:08.524,1.6599,1.66035,3.20,4.80
2009.03.24 16:29:09.054,1.6599,1.6604,3.20,4.80
2009.03.24 16:29:09.534,1.65985,1.6604,3.00,1.00
2009.03.24 16:29:09.754,1.6598,1.66025,2.00,4.80
2009.03.24 16:29:10.863,1.6598,1.6603,2.00,4.80
2009.03.24 16:29:12.335,1.6596,1.6602,2.00,5.00
2009.03.24 16:29:12.563,1.6595,1.6601,5.00,1.00
2009.03.24 16:29:12.904,1.6595,1.66,2.00,5.00
2009.03.24 16:29:13.303,1.65945,1.66,2.00,5.00
2009.03.24 16:29:13.574,1.65945,1.6599,2.00,4.80
2009.03.24 16:29:13.633,1.6596,1.66,2.00,4.80
2009.03.24 16:29:13.853,1.65965,1.66,2.00,4.80
2009.03.24 16:29:13.973,1.65955,1.66015,9.80,1.00
2009.03.24 16:29:14.303,1.65955,1.66015,2.00,5.00
2009.03.24 16:29:15.002,1.65955,1.66,2.00,4.80
2009.03.24 16:29:15.622,1.6596,1.66,2.00,4.80
2009.03.24 16:29:15.912,1.6595,1.66005,8.40,4.80
2009.03.24 16:29:16.082,1.6596,1.66015,7.80,1.00
2009.03.24 16:29:16.362,1.65955,1.66015,3.20,1.00
2009.03.24 16:29:16.592,1.65955,1.66015,2.00,1.00
2009.03.24 16:29:16.762,1.65955,1.6602,2.00,5.00
2009.03.24 16:29:16.992,1.65955,1.66015,2.00,4.80
2009.03.24 16:29:17.582,1.65955,1.6602,2.00,1.00
2009.03.24 16:29:18.382,1.6596,1.6602,2.00,1.00
2009.03.24 16:29:18.901,1.6596,1.6602,2.00,5.00
2009.03.24 16:29:19.591,1.65965,1.6602,2.00,4.80
2009.03.24 16:29:19.862,1.65965,1.66025,2.00,1.00
2009.03.24 16:29:20.601,1.6597,1.6603,2.00,5.00
2009.03.24 16:29:21.071,1.6597,1.6603,2.00,1.00
2009.03.24 16:29:21.811,1.6597,1.6603,2.00,5.00
2009.03.24 16:29:23.740,1.6597,1.6603,2.00,1.00
2009.03.24 16:29:23.980,1.65965,1.66025,2.00,1.00
2009.03.24 16:29:24.551,1.65965,1.66025,2.00,5.00
2009.03.24 16:29:25.230,1.65965,1.66025,2.00,1.00
2009.03.24 16:29:25.510,1.6597,1.6603,2.00,5.00
2009.03.24 16:29:25.910,1.65975,1.6603,2.00,4.80
2009.03.24 16:29:26.300,1.65975,1.66035,2.00,5.00
2009.03.24 16:29:26.420,1.65975,1.66025,2.00,4.80
2009.03.24 16:29:27.319,1.6597,1.66025,2.00,4.80
2009.03.24 16:29:27.530,1.6597,1.6602,2.00,4.80
2009.03.24 16:29:27.649,1.6597,1.66015,2.00,4.80
2009.03.24 16:29:28.209,1.6597,1.6602,2.00,4.80
2009.03.24 16:29:28.599,1.6597,1.6603,2.00,1.00
2009.03.24 16:29:29.299,1.65965,1.66025,2.00,1.00
2009.03.24 16:29:29.639,1.65965,1.66015,2.00,1.00
2009.03.24 16:29:30.188,1.65965,1.66025,2.00,1.00
2009.03.24 16:29:31.669,1.6597,1.6603,2.00,5.00
2009.03.24 16:29:32.508,1.6597,1.6603,2.00,1.00
2009.03.24 16:29:34.478,1.6596,1.6602,2.00,1.00
2009.03.24 16:29:38.407,1.6596,1.6602,2.00,1.00
2009.03.24 16:29:40.656,1.65955,1.6602,5.20,1.00
2009.03.24 16:29:40.826,1.65955,1.6602,8.40,1.00
2009.03.24 16:29:43.185,1.6597,1.6603,2.00,5.00
2009.03.24 16:29:43.416,1.6597,1.6603,2.00,1.00
2009.03.24 16:29:44.905,1.65975,1.66035,2.00,5.00
2009.03.24 16:29:45.195,1.65975,1.66025,2.00,4.80
2009.03.24 16:29:45.645,1.6597,1.6603,5.20,4.80
2009.03.24 16:29:45.805,1.6597,1.6603,3.20,5.00
2009.03.24 16:29:45.975,1.6597,1.66025,6.40,4.80
2009.03.24 16:29:46.375,1.6598,1.66025,2.00,4.80
2009.03.24 16:29:46.665,1.6598,1.66035,2.00,4.80
2009.03.24 16:29:47.345,1.6598,1.6603,3.20,4.80
2009.03.24 16:29:47.745,1.65975,1.6603,3.20,4.80
2009.03.24 16:29:48.104,1.6597,1.66025,2.00,4.00
2009.03.24 16:29:48.504,1.6597,1.66025,2.00,1.00
2009.03.24 16:29:48.904,1.65965,1.66025,2.00,1.00
2009.03.24 16:29:50.564,1.6598,1.66025,2.00,1.00
2009.03.24 16:29:50.724,1.6598,1.6603,2.00,5.00
2009.03.24 16:29:51.024,1.6598,1.6601,2.00,4.80
2009.03.24 16:29:51.254,1.6598,1.6602,2.00,4.80
2009.03.24 16:29:51.434,1.6597,1.6602,2.00,4.80
2009.03.24 16:29:51.783,1.6597,1.6603,2.00,5.00
2009.03.24 16:29:52.123,1.6597,1.6603,2.00,1.00
2009.03.24 16:29:52.353,1.6596,1.66025,5.20,1.00
2009.03.24 16:29:52.683,1.65965,1.6603,5.20,1.00
2009.03.24 16:29:52.923,1.65965,1.66025,8.40,4.80
2009.03.24 16:29:53.153,1.65985,1.6604,2.00,4.80
2009.03.24 16:29:54.183,1.65985,1.66045,2.00,5.00
2009.03.24 16:29:54.693,1.65985,1.66045,2.00,1.00
2009.03.24 16:29:55.222,1.65985,1.6604,2.00,4.80
2009.03.24 16:29:55.493,1.6598,1.66035,2.00,4.80
2009.03.24 16:29:55.722,1.6598,1.66035,2.00,9.20
2009.03.24 16:29:56.002,1.6598,1.6603,2.00,4.80
2009.03.24 16:30:01.562,1.6598,1.66035,2.00,5.00
2009.03.24 16:30:03.691,1.6598,1.66035,2.00,4.80
2009.03.24 16:30:04.540,1.6598,1.66035,2.00,5.00
2009.03.24 16:30:05.190,1.65965,1.66035,3.20,5.00
2009.03.24 16:30:05.530,1.6598,1.66035,2.00,4.80
2009.03.24 16:30:05.830,1.6599,1.66035,2.00,4.80
2009.03.24 16:30:06.000,1.6599,1.6604,2.00,4.80
2009.03.24 16:30:06.440,1.6598,1.6605,2.00,1.00
2009.03.24 16:30:06.670,1.6599,1.66045,3.20,4.80
2009.03.24 16:30:07.450,1.65985,1.6605,5.20,1.00
2009.03.24 16:30:07.690,1.66,1.6605,2.00,4.80
2009.03.24 16:30:08.029,1.65985,1.6605,3.20,4.80
2009.03.24 16:30:08.380,1.66,1.6606,2.00,1.00
2009.03.24 16:30:08.789,1.66015,1.66065,3.20,4.80
2009.03.24 16:30:09.079,1.66,1.6606,3.20,1.00
2009.03.24 16:30:10.289,1.66,1.6606,2.00,5.00
2009.03.24 16:30:10.749,1.65995,1.66055,2.00,5.00
2009.03.24 16:30:11.259,1.65995,1.6605,2.00,4.80
2009.03.24 16:30:11.619,1.6599,1.6605,2.00,5.00
2009.03.24 16:30:11.789,1.6599,1.6605,2.00,1.00
2009.03.24 16:30:12.378,1.65985,1.66045,2.00,1.00
2009.03.24 16:30:13.218,1.6598,1.6604,2.00,5.00
2009.03.24 16:30:13.678,1.6598,1.6604,2.00,1.00
2009.03.24 16:30:14.608,1.6598,1.6604,2.00,5.00
2009.03.24 16:30:15.118,1.65975,1.66035,5.20,1.00
2009.03.24 16:30:15.418,1.65975,1.6603,2.00,1.00
2009.03.24 16:30:15.708,1.6598,1.66035,2.00,4.00
2009.03.24 16:30:16.109,1.65975,1.6604,5.20,1.00
2009.03.24 16:30:16.758,1.65985,1.66045,5.20,4.80
2009.03.24 16:30:16.987,1.6599,1.6603,2.00,4.80
2009.03.24 16:30:17.277,1.6598,1.66045,5.20,1.00
2009.03.24 16:30:17.718,1.6599,1.6605,2.00,4.80
2009.03.24 16:30:18.067,1.65975,1.66055,9.20,1.00
2009.03.24 16:30:18.457,1.65985,1.6605,2.00,1.00
2009.03.24 16:30:18.738,1.6598,1.6605,5.20,1.00
2009.03.24 16:30:18.977,1.65985,1.66045,2.00,1.00
2009.03.24 16:30:19.217,1.65975,1.66035,3.20,1.00
2009.03.24 16:30:19.447,1.6598,1.66045,5.20,1.00
2009.03.24 16:30:19.997,1.6599,1.6605,2.00,1.00
2009.03.24 16:30:20.507,1.6599,1.6605,2.00,5.00
2009.03.24 16:30:20.796,1.65995,1.66045,2.00,1.00
2009.03.24 16:30:21.187,1.6598,1.66035,4.80,1.00
2009.03.24 16:30:21.546,1.65975,1.66035,9.80,1.00
2009.03.24 16:30:21.876,1.65975,1.66035,2.00,1.00
2009.03.24 16:30:22.476,1.65965,1.6603,5.20,1.00
2009.03.24 16:30:22.946,1.6597,1.6603,2.00,1.00
2009.03.24 16:30:23.896,1.6598,1.6603,3.20,1.00
2009.03.24 16:30:24.365,1.65975,1.6603,3.20,1.00
2009.03.24 16:30:24.995,1.65965,1.6603,8.40,1.00
2009.03.24 16:30:25.217,1.65965,1.6603,5.20,1.00
2009.03.24 16:30:26.375,1.65975,1.6603,3.20,1.00
2009.03.24 16:30:27.005,1.6597,1.6603,3.20,1.00
2009.03.24 16:30:27.635,1.6597,1.6603,2.00,1.00
2009.03.24 16:30:28.325,1.65965,1.6603,5.20,1.00
2009.03.24 16:30:29.214,1.65975,1.6603,2.00,4.80
2009.03.24 16:30:29.574,1.6598,1.6603,3.20,4.80
2009.03.24 16:30:29.935,1.6599,1.6603,2.00,4.80
2009.03.24 16:30:30.274,1.6599,1.6604,2.00,5.00
2009.03.24 16:30:30.664,1.65985,1.66035,2.00,4.80
2009.03.24 16:30:31.064,1.65995,1.6604,2.00,5.00
2009.03.24 16:30:31.364,1.65995,1.66045,2.00,4.80
2009.03.24 16:30:31.704,1.65995,1.66055,5.20,8.80
2009.03.24 16:30:32.104,1.6601,1.66055,2.00,4.80
2009.03.24 16:30:32.393,1.66025,1.66065,2.00,4.80
2009.03.24 16:30:32.673,1.66025,1.6607,2.00,4.80
2009.03.24 16:30:33.293,1.66025,1.6608,2.00,1.00
2009.03.24 16:30:33.523,1.66035,1.6608,2.00,1.00
2009.03.24 16:30:33.753,1.6602,1.6608,2.00,1.00
2009.03.24 16:30:34.333,1.66025,1.6608,2.00,1.00
2009.03.24 16:30:34.965,1.66025,1.66085,2.00,1.00
2009.03.24 16:30:35.183,1.66025,1.66075,2.00,1.00
2009.03.24 16:30:36.393,1.6603,1.6608,2.00,4.80
2009.03.24 16:30:36.623,1.6602,1.66075,2.00,1.00
2009.03.24 16:30:37.292,1.6602,1.66075,2.00,5.00
2009.03.24 16:30:37.343,1.6601,1.66065,2.00,1.00
2009.03.24 16:30:37.732,1.6601,1.66065,2.00,4.40
2009.03.24 16:30:38.082,1.66005,1.66065,2.00,9.20
2009.03.24 16:30:38.322,1.66005,1.6606,2.00,4.80
2009.03.24 16:30:38.592,1.6601,1.6606,2.00,4.80
2009.03.24 16:30:39.002,1.66005,1.6606,2.00,4.80
2009.03.24 16:30:39.502,1.6601,1.66055,2.00,4.80
2009.03.24 16:30:39.732,1.6601,1.6606,2.00,4.80
2009.03.24 16:30:40.422,1.66015,1.66065,2.00,4.80
2009.03.24 16:30:41.071,1.66015,1.6607,2.00,5.00
2009.03.24 16:30:41.421,1.66015,1.66065,2.00,4.80
2009.03.24 16:30:42.081,1.66,1.6605,2.00,1.00
2009.03.24 16:30:42.321,1.66015,1.66055,2.00,4.80
2009.03.24 16:30:42.501,1.66015,1.66065,2.00,1.00
2009.03.24 16:30:42.671,1.66015,1.66075,2.00,5.20
2009.03.24 16:30:42.731,1.6601,1.6607,2.00,1.00
2009.03.24 16:30:42.961,1.6601,1.6606,2.00,1.00
2009.03.24 16:30:43.141,1.6601,1.6606,2.00,5.00
2009.03.24 16:30:43.531,1.6601,1.6606,2.00,1.00
2009.03.24 16:30:44.990,1.6601,1.66065,2.00,4.40
2009.03.24 16:30:45.331,1.66005,1.66065,5.20,1.00
2009.03.24 16:30:45.450,1.66015,1.6606,3.20,4.80
2009.03.24 16:30:46.040,1.6603,1.66095,3.20,4.80
2009.03.24 16:30:46.321,1.6603,1.66095,3.20,5.00
2009.03.24 16:30:46.560,1.66015,1.66085,2.00,4.80
2009.03.24 16:30:47.030,1.6602,1.66095,3.20,1.00
2009.03.24 16:30:47.370,1.6602,1.6608,3.20,5.00
2009.03.24 16:30:47.600,1.66015,1.6608,2.00,5.00
2009.03.24 16:30:47.930,1.66015,1.6607,2.00,5.00
2009.03.24 16:30:48.330,1.6601,1.6606,2.00,1.00
2009.03.24 16:30:50.579,1.66005,1.6606,2.00,1.00
2009.03.24 16:30:50.919,1.66005,1.6606,2.00,5.00
2009.03.24 16:30:51.269,1.6601,1.6606,2.00,5.00
2009.03.24 16:30:51.599,1.6601,1.6606,2.00,1.00
2009.03.24 16:30:51.829,1.6601,1.66065,2.00,8.80
2009.03.24 16:30:52.170,1.66005,1.6606,2.00,1.00
2009.03.24 16:30:52.509,1.65995,1.66045,2.00,1.00
2009.03.24 16:30:52.739,1.65995,1.6605,2.00,5.00
2009.03.24 16:30:53.089,1.66,1.66045,2.00,4.80
2009.03.24 16:30:54.458,1.66,1.6605,2.00,4.80
2009.03.24 16:30:54.868,1.66005,1.6605,2.00,4.80
2009.03.24 16:30:55.338,1.66005,1.6606,2.00,5.00
2009.03.24 16:30:56.098,1.66015,1.6607,2.00,4.80
2009.03.24 16:30:56.378,1.6601,1.6607,2.00,1.00
2009.03.24 16:30:56.658,1.6601,1.6606,2.00,4.80
2009.03.24 16:30:57.128,1.66005,1.6606,2.00,1.00
2009.03.24 16:30:58.047,1.6601,1.6606,2.00,1.00
2009.03.24 16:31:00.057,1.66015,1.66065,2.00,1.00
2009.03.24 16:31:00.397,1.6601,1.6606,2.00,1.00
2009.03.24 16:31:01.247,1.66015,1.66065,2.00,5.00
2009.03.24 16:31:01.707,1.6601,1.66065,2.00,5.00
2009.03.24 16:31:04.096,1.66,1.6605,2.00,5.00
2009.03.24 16:31:04.206,1.66015,1.6605,2.00,4.80
2009.03.24 16:31:04.566,1.66015,1.66065,2.00,4.00
2009.03.24 16:31:04.676,1.6601,1.66065,2.00,1.00
2009.03.24 16:31:04.836,1.66005,1.6606,2.00,1.00
2009.03.24 16:31:04.956,1.66005,1.6605,2.00,1.00
2009.03.24 16:31:05.666,1.6601,1.6606,2.00,1.00
2009.03.24 16:31:06.286,1.66005,1.6605,2.00,1.00
2009.03.24 16:31:06.455,1.66005,1.6605,9.80,1.00
2009.03.24 16:31:06.626,1.6601,1.6605,2.00,1.00
2009.03.24 16:31:06.855,1.6601,1.66055,2.00,1.00
2009.03.24 16:31:07.845,1.6601,1.66065,2.00,4.80
2009.03.24 16:31:08.125,1.66015,1.66065,2.00,4.80
2009.03.24 16:31:08.365,1.66015,1.6607,2.00,1.00
2009.03.24 16:31:08.535,1.6602,1.66075,2.00,4.00
2009.03.24 16:31:08.765,1.66025,1.66075,2.00,4.00
2009.03.24 16:31:08.825,1.66025,1.6608,2.00,4.80
2009.03.24 16:31:09.115,1.66025,1.66085,2.00,5.00
2009.03.24 16:31:10.624,1.66025,1.6607,2.00,4.80
2009.03.24 16:31:12.514,1.6601,1.6607,2.00,5.00
2009.03.24 16:31:12.794,1.6601,1.66055,2.00,4.80
2009.03.24 16:31:13.124,1.66005,1.66055,5.20,4.80
2009.03.24 16:31:13.413,1.6601,1.66055,2.00,4.80
2009.03.24 16:31:20.032,1.6598,1.6604,6.40,1.00
2009.03.24 16:31:20.392,1.6599,1.66055,8.40,9.20
2009.03.24 16:31:20.722,1.6601,1.6605,3.20,4.80
2009.03.24 16:31:21.242,1.66005,1.66045,3.00,1.00
2009.03.24 16:31:21.572,1.6597,1.66045,5.20,1.00
2009.03.24 16:31:21.921,1.6597,1.66045,5.20,5.00
2009.03.24 16:31:22.252,1.65975,1.66035,6.40,4.80
2009.03.24 16:31:22.601,1.6598,1.66035,5.20,4.80
2009.03.24 16:31:22.952,1.65985,1.66045,2.00,5.00
2009.03.24 16:31:23.131,1.65995,1.66035,2.00,4.80
2009.03.24 16:31:23.361,1.65985,1.66035,3.20,4.80
2009.03.24 16:31:23.591,1.65985,1.66045,2.00,5.00
2009.03.24 16:31:24.061,1.65985,1.66035,2.00,4.80
2009.03.24 16:31:24.411,1.65995,1.66035,2.00,4.80
2009.03.24 16:31:24.711,1.6598,1.66035,5.20,4.80
2009.03.24 16:31:25.001,1.65985,1.66045,2.00,5.00
2009.03.24 16:31:25.341,1.65985,1.66035,2.00,4.80
2009.03.24 16:31:27.940,1.6598,1.66035,5.20,4.80
2009.03.24 16:31:28.680,1.6598,1.66025,5.20,4.80
2009.03.24 16:31:28.970,1.65985,1.66035,2.00,4.80
2009.03.24 16:31:31.429,1.6599,1.66035,2.00,4.80
2009.03.24 16:31:32.039,1.6599,1.6603,2.00,4.80
2009.03.24 16:31:35.988,1.65995,1.6603,2.00,4.80
2009.03.24 16:31:36.498,1.65995,1.66035,2.00,4.80
2009.03.24 16:31:36.718,1.66,1.66035,2.00,4.80
2009.03.24 16:31:36.878,1.66,1.6604,2.00,4.80
2009.03.24 16:31:39.827,1.6599,1.6604,2.00,4.80
2009.03.24 16:31:40.407,1.6599,1.66035,2.00,4.80
2009.03.24 16:31:40.687,1.6599,1.6604,3.20,4.80
2009.03.24 16:31:42.427,1.6599,1.66035,2.00,4.80
2009.03.24 16:32:00.152,1.6599,1.6604,2.00,4.80
2009.03.24 16:32:01.813,1.6599,1.66045,2.00,1.00
2009.03.24 16:32:08.861,1.6599,1.6605,2.00,2.00
2009.03.24 16:32:12.180,1.65985,1.66045,2.00,1.00
2009.03.24 16:32:12.409,1.65985,1.6604,2.00,1.00
2009.03.24 16:32:13.509,1.6599,1.66045,2.00,1.00
2009.03.24 16:32:13.849,1.6599,1.6605,2.00,2.00
2009.03.24 16:32:14.379,1.66,1.6605,2.00,1.60
2009.03.24 16:32:14.609,1.66,1.66055,2.00,1.00
2009.03.24 16:32:14.889,1.66,1.6606,2.00,5.00
2009.03.24 16:32:15.549,1.65995,1.66055,2.00,1.00
2009.03.24 16:32:15.838,1.65995,1.66035,2.00,4.80
2009.03.24 16:32:17.898,1.65985,1.66035,2.00,4.80
2009.03.24 16:32:18.298,1.65985,1.66045,2.00,5.00
2009.03.24 16:32:18.648,1.6599,1.66045,2.00,4.80
2009.03.24 16:32:18.818,1.6599,1.6605,2.00,5.00
2009.03.24 16:32:19.118,1.6599,1.66045,2.00,4.80
2009.03.24 16:32:19.678,1.6599,1.6606,2.00,5.00
2009.03.24 16:32:20.028,1.6599,1.6605,2.00,1.00
2009.03.24 16:32:20.367,1.65985,1.6605,3.20,1.00
2009.03.24 16:32:20.657,1.65995,1.6606,1.00,4.80
2009.03.24 16:32:20.977,1.66,1.66075,7.20,5.00
2009.03.24 16:32:21.457,1.66,1.6607,3.20,4.80
2009.03.24 16:32:21.797,1.6601,1.6608,3.20,4.80
2009.03.24 16:32:22.137,1.6602,1.6608,3.20,1.00
2009.03.24 16:32:22.487,1.6602,1.6608,3.20,5.00
2009.03.24 16:32:22.807,1.6601,1.6607,6.40,1.00
2009.03.24 16:32:23.037,1.6601,1.6607,3.20,1.00
2009.03.24 16:32:23.267,1.66,1.6606,3.20,1.00
2009.03.24 16:32:23.547,1.66005,1.6606,1.60,1.00
2009.03.24 16:32:23.827,1.66,1.6606,8.80,4.80
2009.03.24 16:32:23.996,1.66005,1.6606,5.20,4.80
2009.03.24 16:32:24.207,1.66005,1.6606,8.40,4.80
2009.03.24 16:32:24.546,1.65995,1.6606,5.20,4.80
2009.03.24 16:32:24.887,1.65995,1.66065,9.80,1.00
2009.03.24 16:32:25.236,1.6599,1.6605,5.20,4.80
2009.03.24 16:32:25.576,1.6601,1.6605,3.20,4.80
2009.03.24 16:32:25.866,1.65995,1.6605,3.20,4.80
2009.03.24 16:32:26.386,1.6599,1.6605,5.20,4.80
2009.03.24 16:32:26.746,1.66,1.66045,3.20,4.80
2009.03.24 16:32:26.976,1.65995,1.66045,2.00,4.80
2009.03.24 16:32:28.126,1.66,1.6605,2.00,5.00
2009.03.24 16:32:29.095,1.66005,1.6606,2.00,4.80
2009.03.24 16:32:29.265,1.65985,1.6606,5.20,5.00
2009.03.24 16:32:29.615,1.6599,1.66055,3.20,4.80
2009.03.24 16:32:29.845,1.6599,1.66055,6.40,4.80
2009.03.24 16:32:30.145,1.6599,1.6606,5.20,4.80
2009.03.24 16:32:30.415,1.65995,1.66055,2.00,4.80
2009.03.24 16:32:30.655,1.65985,1.66045,3.20,1.00
2009.03.24 16:32:30.875,1.6598,1.66045,5.20,1.00
2009.03.24 16:32:31.795,1.65995,1.6605,2.00,4.80
2009.03.24 16:32:34.284,1.65995,1.66055,2.00,6.40
2009.03.24 16:32:34.514,1.65995,1.66055,2.00,4.80
2009.03.24 16:32:34.914,1.6599,1.66055,5.20,4.80
2009.03.24 16:32:35.194,1.66,1.66055,2.00,4.80
2009.03.24 16:32:37.103,1.6601,1.66055,1.60,4.80
2009.03.24 16:32:37.383,1.66025,1.66055,3.20,4.80
2009.03.24 16:32:37.683,1.6602,1.66055,3.00,3.00
2009.03.24 16:32:37.863,1.65965,1.6607,3.20,4.80
2009.03.24 16:32:38.043,1.65965,1.66035,3.20,1.00
2009.03.24 16:32:38.363,1.65965,1.6598,3.20,4.80
2009.03.24 16:32:38.643,1.65925,1.6599,3.20,4.80
2009.03.24 16:32:38.943,1.6592,1.6601,3.20,4.80
2009.03.24 16:32:39.343,1.6592,1.6599,3.20,4.80
2009.03.24 16:32:39.684,1.65945,1.6599,3.20,5.00
2009.03.24 16:32:40.023,1.65945,1.6599,3.20,1.00
2009.03.24 16:32:40.473,1.65945,1.65995,3.20,4.80
2009.03.24 16:32:40.873,1.6595,1.65995,3.20,1.00
2009.03.24 16:32:41.333,1.65935,1.6599,3.20,1.00
2009.03.24 16:32:41.852,1.65935,1.66005,3.20,4.80
2009.03.24 16:32:42.132,1.65945,1.6599,3.20,4.80
2009.03.24 16:32:42.353,1.65945,1.65995,8.00,4.80
2009.03.24 16:32:42.822,1.6596,1.66015,3.20,6.40
2009.03.24 16:32:43.172,1.6595,1.6601,2.00,1.00
2009.03.24 16:32:43.512,1.6594,1.65995,6.40,4.80
2009.03.24 16:32:44.022,1.6594,1.65995,3.20,5.00
2009.03.24 16:32:44.472,1.6593,1.65995,5.20,5.00
2009.03.24 16:32:45.091,1.6593,1.6599,3.20,5.00
2009.03.24 16:32:45.311,1.6593,1.6598,2.00,4.80
2009.03.24 16:32:45.642,1.65925,1.6598,3.20,4.80
2009.03.24 16:32:45.881,1.6593,1.65975,3.20,4.80
2009.03.24 16:32:46.851,1.6593,1.6601,3.20,6.60
2009.03.24 16:32:47.261,1.6593,1.6599,3.20,4.80
2009.03.24 16:32:47.731,1.65935,1.65995,2.00,4.80
2009.03.24 16:32:47.901,1.6593,1.6598,2.00,4.80
2009.03.24 16:32:47.961,1.65925,1.65975,2.00,4.80
2009.03.24 16:32:48.261,1.65925,1.65965,2.00,1.00
2009.03.24 16:32:48.600,1.6592,1.65955,2.00,4.80
2009.03.24 16:32:48.961,1.6592,1.6599,2.00,1.00
2009.03.24 16:32:49.300,1.6591,1.65985,5.20,1.00
2009.03.24 16:32:49.590,1.6592,1.6599,3.20,1.00
2009.03.24 16:32:50.160,1.65915,1.6598,5.20,1.00
2009.03.24 16:32:50.460,1.6592,1.6598,2.00,1.00
2009.03.24 16:32:50.700,1.65915,1.65975,3.20,1.00
2009.03.24 16:32:50.920,1.65915,1.6597,3.20,1.00
2009.03.24 16:32:51.160,1.65905,1.6596,5.20,1.60
2009.03.24 16:32:51.640,1.6591,1.6596,2.00,1.60
2009.03.24 16:32:52.790,1.6591,1.6596,2.00,1.00
2009.03.24 16:32:53.010,1.659,1.6596,5.20,1.00
2009.03.24 16:32:53.310,1.65895,1.6596,6.40,1.00
2009.03.24 16:32:53.600,1.6591,1.65965,2.00,4.00
2009.03.24 16:32:53.869,1.6591,1.6597,2.00,5.00
2009.03.24 16:32:54.209,1.6591,1.6597,2.00,1.00
2009.03.24 16:32:54.549,1.65905,1.65965,2.00,4.20
2009.03.24 16:32:54.899,1.65905,1.6596,2.00,1.00
2009.03.24 16:32:55.239,1.659,1.6596,2.00,1.00
2009.03.24 16:32:55.639,1.6591,1.65955,2.00,4.80
2009.03.24 16:32:55.879,1.65905,1.6596,2.00,5.00
2009.03.24 16:32:56.099,1.6591,1.6596,2.00,4.80
2009.03.24 16:32:56.459,1.6591,1.6597,2.00,1.00
2009.03.24 16:32:57.268,1.65915,1.6597,2.00,1.00
2009.03.24 16:32:57.498,1.65915,1.65975,2.00,5.00
2009.03.24 16:32:57.848,1.65915,1.65975,2.00,1.00
2009.03.24 16:32:58.828,1.65915,1.6598,2.00,5.00
2009.03.24 16:32:59.218,1.6591,1.6598,5.20,1.00
2009.03.24 16:33:00.528,1.65915,1.6598,2.00,1.00
2009.03.24 16:33:00.928,1.6592,1.6598,2.00,1.00
2009.03.24 16:33:09.266,1.6592,1.65995,5.20,5.20
2009.03.24 16:33:10.555,1.6593,1.6599,2.00,1.00
2009.03.24 16:33:10.965,1.6594,1.6599,2.00,4.80
2009.03.24 16:33:11.415,1.6594,1.66,2.00,1.00
2009.03.24 16:33:11.695,1.6593,1.66,5.20,1.00
2009.03.24 16:33:12.035,1.6595,1.66005,6.40,4.80
2009.03.24 16:33:12.445,1.6595,1.66005,9.60,4.80
2009.03.24 16:33:12.665,1.6595,1.66025,9.60,4.80
2009.03.24 16:33:12.835,1.6595,1.6603,9.60,6.80
2009.03.24 16:33:13.064,1.6595,1.66025,9.60,4.80
2009.03.24 16:33:13.235,1.6595,1.66015,6.40,1.00
2009.03.24 16:33:14.204,1.6595,1.66005,6.40,1.00
2009.03.24 16:33:14.365,1.6595,1.66005,3.20,1.00
2009.03.24 16:33:14.664,1.6595,1.66005,3.20,2.00
2009.03.24 16:33:15.124,1.6595,1.66005,3.20,1.60
2009.03.24 16:33:15.364,1.6595,1.6601,3.20,1.00
2009.03.24 16:33:25.902,1.6593,1.65985,2.00,1.00
2009.03.24 16:33:26.071,1.6593,1.65985,2.00,4.40
2009.03.24 16:33:28.132,1.6593,1.65985,2.00,9.20
2009.03.24 16:33:28.421,1.6594,1.6599,2.00,4.80
2009.03.24 16:33:28.601,1.65925,1.65995,5.20,5.00
2009.03.24 16:33:28.761,1.6593,1.65995,2.00,5.00
2009.03.24 16:33:29.101,1.65915,1.6598,5.20,4.80
2009.03.24 16:33:29.451,1.65915,1.6598,6.40,1.00
2009.03.24 16:33:29.740,1.65915,1.65985,5.20,5.00
2009.03.24 16:33:30.370,1.65915,1.6598,3.20,1.00
2009.03.24 16:33:30.900,1.65915,1.65975,3.20,4.80
2009.03.24 16:33:31.200,1.65915,1.6597,3.20,4.80
2009.03.24 16:33:32.180,1.6591,1.6597,6.40,4.80
2009.03.24 16:33:32.410,1.6591,1.65985,6.40,4.80
2009.03.24 16:33:33.100,1.6592,1.65985,3.20,4.80
2009.03.24 16:33:34.360,1.6592,1.6598,3.20,1.00
2009.03.24 16:33:34.699,1.65925,1.6598,3.20,1.00
2009.03.24 16:33:35.459,1.65925,1.6599,3.20,5.00
2009.03.24 16:33:35.799,1.65925,1.6599,3.20,1.00
2009.03.24 16:33:40.958,1.65925,1.65995,6.40,4.80
2009.03.24 16:33:41.138,1.65925,1.65995,9.60,4.80
2009.03.24 16:33:41.478,1.65925,1.66,9.60,5.00
2009.03.24 16:33:42.158,1.65925,1.6599,11.60,1.00
2009.03.24 16:33:42.508,1.6594,1.6599,3.20,1.00
2009.03.24 16:33:42.747,1.65945,1.66,3.20,4.80
2009.03.24 16:33:43.207,1.65945,1.66015,3.20,5.00
2009.03.24 16:33:43.657,1.6596,1.66015,3.20,4.80
2009.03.24 16:33:44.567,1.65945,1.66015,3.20,4.80
2009.03.24 16:33:44.837,1.65955,1.66015,2.00,4.80
2009.03.24 16:33:45.127,1.65955,1.66015,2.00,5.00
2009.03.24 16:33:46.036,1.6596,1.66015,2.00,4.80
2009.03.24 16:33:46.696,1.6596,1.66015,3.20,4.80
2009.03.24 16:33:47.266,1.6596,1.6603,3.20,4.80
2009.03.24 16:33:48.186,1.65965,1.6603,3.20,4.80
2009.03.24 16:33:48.306,1.65965,1.6603,6.40,4.80
2009.03.24 16:33:48.766,1.65965,1.66035,6.40,4.80
2009.03.24 16:33:49.046,1.65965,1.66035,3.20,4.80
2009.03.24 16:33:49.226,1.65965,1.66025,3.20,1.00
2009.03.24 16:33:49.626,1.65955,1.6602,3.20,1.00
2009.03.24 16:33:50.506,1.65965,1.6602,3.20,4.80
2009.03.24 16:33:51.305,1.65965,1.66025,3.20,1.00
2009.03.24 16:33:51.715,1.65965,1.66025,2.00,1.00
2009.03.24 16:33:52.635,1.6598,1.6603,3.20,6.40
2009.03.24 16:33:52.975,1.65965,1.66025,2.00,1.00
2009.03.24 16:33:57.704,1.65975,1.6603,2.00,6.40
2009.03.24 16:33:58.174,1.6598,1.6603,2.00,4.80
2009.03.24 16:33:58.514,1.6598,1.66035,2.00,4.80
2009.03.24 16:34:00.293,1.65965,1.6603,5.20,1.00
2009.03.24 16:34:00.573,1.65985,1.66035,2.00,4.80
2009.03.24 16:34:00.853,1.6599,1.66035,2.00,4.80
2009.03.24 16:34:01.433,1.6599,1.66045,2.00,4.80
2009.03.24 16:34:02.892,1.65985,1.66045,5.20,4.80
2009.03.24 16:34:03.063,1.65995,1.6604,2.00,4.80
2009.03.24 16:34:03.512,1.65995,1.66045,2.00,4.80
2009.03.24 16:34:03.802,1.66,1.66045,2.00,4.80
2009.03.24 16:34:04.083,1.66,1.66055,2.00,4.80
2009.03.24 16:34:04.312,1.6599,1.6605,3.20,1.00
2009.03.24 16:34:04.642,1.6599,1.6605,3.20,5.00
2009.03.24 16:34:05.052,1.6599,1.66035,3.20,1.00
2009.03.24 16:34:05.412,1.6597,1.66045,5.20,1.00
2009.03.24 16:34:05.702,1.6598,1.6604,3.20,4.80
2009.03.24 16:34:06.042,1.6598,1.6605,3.20,4.80
2009.03.24 16:34:06.332,1.6598,1.66045,3.20,4.80
2009.03.24 16:34:06.681,1.6598,1.6604,3.20,1.00
2009.03.24 16:34:07.191,1.6598,1.66045,3.20,4.80
2009.03.24 16:34:07.652,1.65985,1.66045,9.60,4.80
2009.03.24 16:34:07.831,1.65985,1.6608,9.60,5.00
2009.03.24 16:34:09.931,1.65995,1.6607,6.40,4.80
2009.03.24 16:34:11.230,1.65995,1.6607,3.20,4.80
2009.03.24 16:34:11.410,1.65995,1.6607,3.20,5.00
2009.03.24 16:34:11.691,1.6599,1.6607,3.20,4.80
2009.03.24 16:34:11.811,1.65995,1.6607,6.40,4.80
2009.03.24 16:34:12.050,1.65995,1.6607,3.20,4.80
2009.03.24 16:34:12.170,1.65985,1.66055,6.40,1.00
2009.03.24 16:34:12.390,1.65985,1.6606,6.40,1.00
2009.03.24 16:34:12.510,1.65985,1.6606,3.20,1.00
2009.03.24 16:34:12.680,1.65985,1.66055,3.20,1.00
2009.03.24 16:34:12.960,1.65985,1.66055,3.20,5.00
2009.03.24 16:34:13.190,1.65985,1.6605,3.20,4.80
2009.03.24 16:34:16.259,1.65995,1.6605,3.20,4.80
2009.03.24 16:34:16.669,1.65985,1.6605,6.40,1.00
2009.03.24 16:34:17.169,1.65975,1.6605,6.40,1.00
2009.03.24 16:34:17.289,1.65975,1.6604,3.20,1.00
2009.03.24 16:34:18.529,1.65975,1.6604,3.20,5.00
2009.03.24 16:34:18.579,1.65985,1.6604,3.20,5.00
2009.03.24 16:34:18.939,1.65985,1.6606,3.20,4.80
2009.03.24 16:34:19.169,1.65975,1.6605,6.40,1.00
2009.03.24 16:34:19.329,1.65975,1.6603,3.20,1.00
2009.03.24 16:34:19.618,1.65985,1.6604,3.20,1.00
2009.03.24 16:34:19.899,1.65985,1.66035,3.20,4.80
2009.03.24 16:34:20.298,1.6597,1.66045,5.20,4.80
2009.03.24 16:34:20.638,1.6597,1.66045,3.20,4.80
2009.03.24 16:34:21.548,1.6599,1.66035,3.20,4.80
2009.03.24 16:34:21.778,1.6599,1.66075,3.20,1.00
2009.03.24 16:34:22.328,1.65985,1.66055,12.60,1.00
2009.03.24 16:34:22.618,1.6599,1.6605,3.20,4.80
2009.03.24 16:34:22.898,1.6599,1.66055,3.20,5.00
2009.03.24 16:34:23.248,1.65975,1.66055,3.20,5.20
2009.03.24 16:34:23.427,1.6597,1.66055,6.40,5.20
2009.03.24 16:34:23.657,1.65975,1.66045,3.20,4.80
2009.03.24 16:34:23.888,1.65975,1.6605,3.20,4.80
2009.03.24 16:34:25.677,1.65975,1.6604,3.20,1.00
2009.03.24 16:34:26.157,1.6597,1.6604,3.20,1.00
2009.03.24 16:34:26.447,1.6597,1.66035,5.20,4.80
2009.03.24 16:34:26.627,1.6597,1.66035,3.20,4.80
2009.03.24 16:34:27.227,1.65975,1.66035,3.20,4.80
2009.03.24 16:34:27.457,1.6597,1.6605,11.60,5.00
2009.03.24 16:34:27.917,1.65985,1.6605,2.00,5.00
2009.03.24 16:34:28.267,1.6598,1.6605,2.00,1.00
2009.03.24 16:34:28.496,1.6597,1.66045,8.40,1.00
2009.03.24 16:34:28.766,1.6598,1.6605,2.00,5.20
2009.03.24 16:34:29.056,1.6598,1.6605,2.00,5.00
2009.03.24 16:34:29.386,1.6597,1.6604,3.20,1.00
2009.03.24 16:34:29.736,1.65965,1.6604,5.20,1.00
2009.03.24 16:34:30.086,1.65965,1.66035,5.20,4.80
2009.03.24 16:34:30.606,1.65965,1.66025,2.00,1.00
2009.03.24 16:34:30.956,1.6596,1.6602,5.20,4.80
2009.03.24 16:34:31.236,1.65965,1.66035,5.20,4.80
2009.03.24 16:34:31.475,1.65965,1.6604,5.20,2.00
2009.03.24 16:34:31.696,1.6598,1.6604,2.00,2.00
2009.03.24 16:34:31.976,1.65975,1.66035,2.00,1.00
2009.03.24 16:34:33.935,1.6598,1.66035,3.20,1.00
2009.03.24 16:34:34.495,1.6598,1.66025,3.20,1.00
2009.03.24 16:34:35.005,1.6598,1.66045,3.20,1.00
2009.03.24 16:34:35.345,1.6598,1.66035,3.20,4.80
2009.03.24 16:34:35.705,1.6597,1.66025,3.20,1.00
2009.03.24 16:34:36.045,1.65965,1.6602,3.20,1.00
2009.03.24 16:34:36.384,1.65955,1.6602,3.20,5.00
2009.03.24 16:34:37.035,1.65975,1.6602,2.40,4.80
2009.03.24 16:34:37.204,1.65975,1.6604,2.40,4.80
2009.03.24 16:34:37.434,1.65985,1.6604,1.00,4.80
2009.03.24 16:34:37.604,1.6598,1.6604,2.40,4.80
2009.03.24 16:34:37.894,1.6598,1.66045,2.40,4.80
2009.03.24 16:34:39.764,1.6597,1.6602,3.20,1.00
2009.03.24 16:34:39.933,1.6596,1.6602,3.20,1.00
2009.03.24 16:34:40.154,1.6595,1.66015,3.20,1.00
2009.03.24 16:34:40.713,1.65945,1.66015,3.20,4.80
2009.03.24 16:34:41.993,1.6595,1.66005,1.60,4.80
2009.03.24 16:34:42.463,1.6597,1.66005,1.00,4.80
2009.03.24 16:34:42.583,1.6597,1.6602,1.00,4.80
2009.03.24 16:34:42.823,1.6596,1.6603,6.40,4.80
2009.03.24 16:34:43.513,1.6596,1.6603,3.20,4.80
2009.03.24 16:34:43.793,1.6596,1.66025,3.20,4.80
2009.03.24 16:34:44.023,1.6596,1.6602,3.20,4.80
2009.03.24 16:34:44.202,1.6596,1.66025,3.20,4.80
2009.03.24 16:34:44.493,1.6596,1.6603,3.20,4.80
2009.03.24 16:34:44.772,1.6597,1.6603,1.60,4.80
2009.03.24 16:34:45.042,1.6598,1.6602,2.40,4.80
2009.03.24 16:34:45.342,1.65965,1.66055,8.40,5.00
2009.03.24 16:34:45.522,1.65965,1.66045,8.40,4.80
2009.03.24 16:34:45.692,1.6597,1.66045,2.00,4.80
2009.03.24 16:34:45.872,1.6595,1.6601,5.20,4.80
2009.03.24 16:34:46.382,1.6593,1.66005,8.20,1.00
2009.03.24 16:34:46.732,1.65925,1.65985,3.20,1.00
2009.03.24 16:34:46.912,1.65915,1.65965,2.00,1.00
2009.03.24 16:34:47.562,1.6591,1.6596,2.00,1.00
2009.03.24 16:34:47.722,1.65915,1.6596,2.00,4.80
2009.03.24 16:34:48.072,1.65915,1.6596,2.00,5.00
2009.03.24 16:34:48.242,1.6591,1.6596,2.00,5.00
2009.03.24 16:34:48.361,1.65915,1.6596,2.00,4.80
2009.03.24 16:34:48.541,1.65905,1.6596,2.00,4.80
2009.03.24 16:34:50.501,1.65895,1.65955,2.00,5.00
2009.03.24 16:34:50.861,1.65895,1.65955,2.00,1.00
2009.03.24 16:34:51.091,1.65895,1.6596,2.00,5.00
2009.03.24 16:34:52.401,1.65895,1.6596,3.20,5.00
2009.03.24 16:34:52.580,1.65905,1.6596,1.00,4.80
2009.03.24 16:34:52.750,1.65905,1.6596,3.20,4.80
2009.03.24 16:34:53.140,1.659,1.65965,1.00,5.20
2009.03.24 16:34:53.530,1.659,1.6596,1.00,1.00
2009.03.24 16:34:53.640,1.659,1.6596,2.00,1.00
2009.03.24 16:34:54.670,1.6589,1.65955,5.20,1.00
2009.03.24 16:34:55.150,1.65895,1.65955,2.00,1.00
2009.03.24 16:34:55.320,1.6589,1.6595,2.00,1.00
2009.03.24 16:34:55.550,1.65885,1.65945,2.00,1.00
2009.03.24 16:34:56.819,1.6588,1.65945,8.40,1.00
2009.03.24 16:34:57.099,1.65895,1.65955,2.00,2.00
2009.03.24 16:34:59.409,1.6589,1.65955,5.20,2.00
2009.03.24 16:34:59.619,1.65895,1.65955,2.00,2.00
2009.03.24 16:35:00.018,1.65895,1.65955,2.00,6.80
2009.03.24 16:35:00.838,1.659,1.65955,2.00,1.00
2009.03.24 16:35:01.009,1.659,1.6596,2.00,5.00
2009.03.24 16:35:01.308,1.65895,1.6596,5.20,5.00
2009.03.24 16:35:01.488,1.65905,1.6596,2.00,4.80
2009.03.24 16:35:01.828,1.65905,1.65965,2.00,5.00
2009.03.24 16:35:01.938,1.65905,1.65965,2.00,1.00
2009.03.24 16:35:02.118,1.6589,1.65955,5.20,1.00
2009.03.24 16:35:02.478,1.6589,1.6595,3.20,1.00
2009.03.24 16:35:02.648,1.6589,1.6595,1.00,1.00
2009.03.24 16:35:02.768,1.65885,1.6595,4.00,1.00
2009.03.24 16:35:03.068,1.65895,1.65955,1.00,2.00
2009.03.24 16:35:04.807,1.65895,1.65955,1.00,1.80
2009.03.24 16:35:04.967,1.65885,1.65935,3.20,1.00
2009.03.24 16:35:05.408,1.6589,1.6595,1.00,4.80
2009.03.24 16:35:05.648,1.65885,1.6595,2.40,4.80
2009.03.24 16:35:05.817,1.65885,1.65955,2.40,5.00
2009.03.24 16:35:10.776,1.65895,1.65955,1.60,5.00
2009.03.24 16:35:10.946,1.65895,1.6596,2.40,4.80
2009.03.24 16:35:11.636,1.659,1.6596,2.40,4.80
2009.03.24 16:35:11.976,1.659,1.6597,3.20,4.80
2009.03.24 16:35:12.316,1.6591,1.6597,4.00,4.80
2009.03.24 16:35:12.476,1.6591,1.65975,6.80,4.80
2009.03.24 16:35:12.536,1.6591,1.65975,5.60,4.80
2009.03.24 16:35:12.785,1.659,1.6597,7.20,1.00
2009.03.24 16:35:13.006,1.659,1.6598,8.40,5.00
2009.03.24 16:35:13.126,1.659,1.6597,8.40,1.00
2009.03.24 16:35:13.705,1.659,1.6597,5.20,5.00
2009.03.24 16:35:15.495,1.65905,1.6597,3.20,4.80
2009.03.24 16:35:15.835,1.65905,1.65975,3.20,5.00
2009.03.24 16:35:16.864,1.6591,1.65975,2.40,4.80
2009.03.24 16:35:18.294,1.65905,1.65975,6.40,5.00
2009.03.24 16:35:18.874,1.65925,1.65975,3.20,4.80
2009.03.24 16:35:19.094,1.6592,1.65985,6.40,4.80
2009.03.24 16:35:19.614,1.6592,1.65995,6.40,5.00
2009.03.24 16:35:19.854,1.6592,1.65995,3.20,5.00
2009.03.24 16:35:20.084,1.65925,1.65995,3.20,1.00
2009.03.24 16:35:20.314,1.6593,1.65995,3.20,1.00
2009.03.24 16:35:20.954,1.6593,1.6598,3.20,1.00
2009.03.24 16:35:21.194,1.6593,1.65995,6.40,1.00
2009.03.24 16:35:22.053,1.6593,1.66015,6.40,4.80
2009.03.24 16:35:22.413,1.65935,1.66015,3.20,4.80
2009.03.24 16:35:23.013,1.65925,1.6599,6.40,1.00
2009.03.24 16:35:23.373,1.6592,1.6598,3.20,1.00
2009.03.24 16:35:24.063,1.6591,1.6597,6.20,1.00
2009.03.24 16:35:24.233,1.6591,1.6597,3.20,1.00
2009.03.24 16:35:25.363,1.6592,1.65975,2.00,4.80
2009.03.24 16:35:25.863,1.6592,1.6598,2.00,5.00
2009.03.24 16:35:33.121,1.6591,1.65965,6.40,1.00
2009.03.24 16:35:33.401,1.65915,1.65965,1.60,1.00
2009.03.24 16:35:33.461,1.6593,1.65965,3.20,1.00
2009.03.24 16:35:33.621,1.65925,1.65975,3.20,4.80
2009.03.24 16:35:33.741,1.65925,1.65985,3.20,1.00
2009.03.24 16:35:33.801,1.6593,1.65985,3.20,1.00
2009.03.24 16:35:34.041,1.6593,1.65995,3.20,5.00
2009.03.24 16:35:34.371,1.6593,1.65995,3.20,1.00
2009.03.24 16:35:35.960,1.6593,1.66005,5.20,4.80
2009.03.24 16:35:36.080,1.6593,1.66005,3.20,4.80
2009.03.24 16:35:36.370,1.6593,1.65995,6.40,4.80
2009.03.24 16:35:36.590,1.6593,1.66005,6.40,4.80
2009.03.24 16:35:44.178,1.6593,1.6601,6.40,5.00
2009.03.24 16:35:44.518,1.6593,1.66005,6.40,4.80
2009.03.24 16:35:44.808,1.6593,1.6601,6.40,4.80
2009.03.24 16:35:45.168,1.6593,1.6601,6.40,5.00
2009.03.24 16:35:45.578,1.6593,1.66005,6.40,4.80
2009.03.24 16:35:45.798,1.6593,1.6601,6.40,4.80
2009.03.24 16:35:45.978,1.6593,1.66005,6.40,4.80
2009.03.24 16:35:46.778,1.6593,1.6601,6.40,4.80
2009.03.24 16:35:47.828,1.6593,1.6601,6.40,5.00
2009.03.24 16:35:47.997,1.6593,1.6601,2.00,5.00
2009.03.24 16:35:48.287,1.6592,1.6599,6.40,1.00
2009.03.24 16:35:48.407,1.6592,1.6599,3.20,5.00
2009.03.24 16:35:48.757,1.65915,1.6599,5.20,5.00
2009.03.24 16:35:51.037,1.65915,1.6598,5.20,1.00
2009.03.24 16:35:51.216,1.6592,1.6598,3.20,1.00
2009.03.24 16:35:51.367,1.6592,1.6598,3.20,5.00
2009.03.24 16:35:51.546,1.65915,1.6598,5.20,5.00
2009.03.24 16:35:54.046,1.65915,1.65975,3.20,1.00
2009.03.24 16:35:54.336,1.6591,1.65975,8.40,1.00
2009.03.24 16:35:54.456,1.6592,1.6598,2.00,5.00
2009.03.24 16:35:54.816,1.6591,1.6597,3.20,1.00
2009.03.24 16:35:55.975,1.65905,1.65965,3.20,1.00
2009.03.24 16:35:56.315,1.65895,1.65955,6.40,1.00
2009.03.24 16:35:56.665,1.65895,1.65955,3.20,1.00
2009.03.24 16:35:56.885,1.65895,1.65955,8.40,4.80
2009.03.24 16:35:57.335,1.65895,1.65965,8.40,5.00
2009.03.24 16:35:57.715,1.6591,1.65965,3.20,4.80
2009.03.24 16:35:58.005,1.6591,1.65975,3.20,2.00
2009.03.24 16:35:58.955,1.6592,1.65975,3.20,2.00
2009.03.24 16:35:59.355,1.6591,1.65975,8.40,1.00
2009.03.24 16:36:00.045,1.65915,1.65975,2.00,1.00
2009.03.24 16:36:00.275,1.659,1.65965,3.20,1.00
2009.03.24 16:36:00.495,1.65895,1.65965,5.20,1.00
2009.03.24 16:36:00.735,1.659,1.65965,2.00,5.00
2009.03.24 16:36:01.074,1.65895,1.65965,2.00,5.00
2009.03.24 16:36:01.464,1.6589,1.65955,6.80,4.80
2009.03.24 16:36:01.704,1.6589,1.65965,5.60,4.80
2009.03.24 16:36:04.004,1.6588,1.65965,8.40,5.00
2009.03.24 16:36:04.293,1.6589,1.65965,2.00,5.00
2009.03.24 16:36:04.644,1.65885,1.65955,2.00,4.80
2009.03.24 16:36:05.113,1.6587,1.65945,5.20,4.80
2009.03.24 16:36:05.503,1.6588,1.65935,2.00,4.80
2009.03.24 16:36:05.843,1.65885,1.6594,2.00,4.80
2009.03.24 16:36:06.143,1.65885,1.6593,2.00,4.80
2009.03.24 16:36:06.493,1.6588,1.6594,2.00,4.80
2009.03.24 16:36:07.682,1.6588,1.65935,2.00,4.80
2009.03.24 16:36:07.982,1.6588,1.6593,2.00,4.80
2009.03.24 16:36:08.323,1.6588,1.65925,2.00,4.80
2009.03.24 16:36:09.002,1.6588,1.6593,2.00,4.80
2009.03.24 16:36:09.792,1.6588,1.65925,2.00,4.80
2009.03.24 16:36:10.442,1.6588,1.6593,2.00,4.80
2009.03.24 16:36:10.962,1.6588,1.65935,2.00,4.80
2009.03.24 16:36:11.132,1.65875,1.6593,2.00,4.80
2009.03.24 16:36:11.532,1.6587,1.6593,5.20,4.80
2009.03.24 16:36:11.941,1.6588,1.65935,2.00,4.80
2009.03.24 16:36:12.681,1.6588,1.6594,2.00,4.80
2009.03.24 16:36:13.731,1.6588,1.65935,2.00,4.80
2009.03.24 16:36:16.270,1.6587,1.65935,5.20,4.80
2009.03.24 16:36:17.000,1.6587,1.6594,5.20,4.80
2009.03.24 16:36:17.570,1.65875,1.6594,3.20,4.80
2009.03.24 16:36:17.800,1.65875,1.65935,3.20,4.80
2009.03.24 16:36:19.090,1.65875,1.6594,3.20,4.80
2009.03.24 16:36:20.109,1.65875,1.65945,3.20,4.80
2009.03.24 16:36:21.280,1.65875,1.6595,8.40,4.80
2009.03.24 16:36:26.308,1.6588,1.6594,2.00,4.80
2009.03.24 16:36:28.518,1.65875,1.65935,2.00,1.00
2009.03.24 16:36:28.628,1.65875,1.6593,2.00,4.80
2009.03.24 16:36:30.007,1.65875,1.65925,2.00,4.80
2009.03.24 16:36:30.347,1.6587,1.6592,2.00,4.80
2009.03.24 16:36:41.794,1.65855,1.65915,3.20,1.00
2009.03.24 16:36:41.904,1.6585,1.65915,8.40,1.00
2009.03.24 16:36:42.085,1.65865,1.65925,2.00,5.00
2009.03.24 16:36:42.144,1.6586,1.65915,5.20,4.80
2009.03.24 16:36:42.484,1.6586,1.6592,8.40,4.80
2009.03.24 16:36:42.844,1.6586,1.65925,8.40,5.00
2009.03.24 16:36:43.534,1.65865,1.65925,3.20,4.80
2009.03.24 16:36:43.934,1.6587,1.6593,3.20,5.00
2009.03.24 16:36:44.104,1.6587,1.6593,3.20,1.00
2009.03.24 16:36:44.454,1.6587,1.65925,3.20,1.00
2009.03.24 16:36:44.973,1.6587,1.65925,6.40,1.00
2009.03.24 16:36:45.364,1.6587,1.65935,3.20,5.00
2009.03.24 16:36:45.754,1.6587,1.6593,3.20,1.00
2009.03.24 16:36:45.983,1.65865,1.6593,3.20,1.00
2009.03.24 16:36:46.153,1.65865,1.65925,3.20,1.00
2009.03.24 16:36:46.543,1.65865,1.65915,3.20,1.00
2009.03.24 16:36:46.773,1.65865,1.65925,3.20,4.80
2009.03.24 16:36:47.293,1.65865,1.6593,3.20,5.00
2009.03.24 16:36:48.053,1.65865,1.65925,3.20,1.00
2009.03.24 16:36:48.793,1.6586,1.6592,3.20,1.00
2009.03.24 16:36:49.422,1.6586,1.6592,3.20,5.00
2009.03.24 16:36:49.762,1.6586,1.6592,3.20,4.80
2009.03.24 16:36:49.932,1.6586,1.65925,3.20,5.00
2009.03.24 16:36:50.172,1.6586,1.6592,3.20,1.00
2009.03.24 16:36:50.642,1.6586,1.6592,3.20,5.00
2009.03.24 16:36:52.122,1.6586,1.65895,3.20,4.80
2009.03.24 16:36:52.282,1.65855,1.65895,5.20,4.80
2009.03.24 16:36:52.382,1.65865,1.65895,2.00,4.80
2009.03.24 16:36:52.552,1.6586,1.65895,5.20,4.80
2009.03.24 16:36:52.672,1.6586,1.65915,5.20,4.80
2009.03.24 16:36:53.201,1.65865,1.65905,2.00,4.80
2009.03.24 16:36:53.422,1.65855,1.65905,8.40,4.80
2009.03.24 16:36:53.642,1.65855,1.65925,8.40,1.00
2009.03.24 16:36:53.892,1.6586,1.6593,8.40,1.00
2009.03.24 16:36:54.232,1.6586,1.6592,6.40,1.00
2009.03.24 16:36:54.531,1.6586,1.6592,2.00,1.00
2009.03.24 16:36:54.762,1.6586,1.65905,2.00,4.80
2009.03.24 16:36:55.111,1.6586,1.65895,2.00,4.80
2009.03.24 16:36:55.451,1.6586,1.6593,2.00,5.00
2009.03.24 16:36:56.561,1.65865,1.65925,2.00,4.80
2009.03.24 16:36:56.741,1.6586,1.6592,2.00,1.00
2009.03.24 16:36:57.320,1.6587,1.65925,2.00,4.80
2009.03.24 16:36:57.721,1.6587,1.6593,2.00,1.00
2009.03.24 16:36:57.841,1.65865,1.6593,5.20,1.00
2009.03.24 16:36:57.960,1.6587,1.6593,2.00,1.00
2009.03.24 16:36:59.300,1.6587,1.65925,2.00,4.80
2009.03.24 16:37:00.280,1.65875,1.6592,2.00,4.80
2009.03.24 16:37:00.730,1.65875,1.65925,2.00,4.80
2009.03.24 16:37:00.910,1.65885,1.6593,2.00,4.80
2009.03.24 16:37:01.389,1.65865,1.65925,2.00,1.00
2009.03.24 16:37:01.610,1.65865,1.6591,2.00,1.00
2009.03.24 16:37:01.840,1.65865,1.6591,2.00,1.60
2009.03.24 16:37:02.299,1.65875,1.6591,2.00,1.60
2009.03.24 16:37:02.469,1.65875,1.65925,2.00,6.40
2009.03.24 16:37:03.779,1.65865,1.65925,2.00,6.80
2009.03.24 16:37:03.829,1.65865,1.6592,2.00,4.80
2009.03.24 16:37:04.649,1.6587,1.65915,2.00,4.80
2009.03.24 16:37:05.059,1.6587,1.6591,2.00,4.80
2009.03.24 16:37:05.339,1.65825,1.6591,12.00,4.80
2009.03.24 16:37:05.569,1.6585,1.6591,2.00,6.40
2009.03.24 16:37:05.859,1.6585,1.6591,2.00,6.80
2009.03.24 16:37:06.268,1.65835,1.659,2.00,1.00
2009.03.24 16:37:06.548,1.65835,1.659,3.20,1.60
2009.03.24 16:37:06.838,1.65845,1.659,2.00,1.60
2009.03.24 16:37:08.188,1.65845,1.659,3.20,1.60
2009.03.24 16:37:08.588,1.6585,1.659,3.20,1.60
2009.03.24 16:37:08.748,1.65865,1.659,3.20,1.60
2009.03.24 16:37:08.978,1.6585,1.659,3.20,1.60
2009.03.24 16:37:09.258,1.65835,1.6591,5.20,4.80
2009.03.24 16:37:09.598,1.65845,1.6591,3.20,1.00
2009.03.24 16:37:10.099,1.65845,1.6591,5.20,1.00
2009.03.24 16:37:10.427,1.6585,1.6591,2.00,5.00
2009.03.24 16:37:10.948,1.65845,1.65905,2.00,1.00
2009.03.24 16:37:11.937,1.65835,1.659,8.40,1.00
2009.03.24 16:37:14.056,1.65835,1.659,8.40,1.00
2009.03.24 16:37:15.676,1.65845,1.65905,2.00,1.00
2009.03.24 16:37:17.876,1.65855,1.65915,3.20,5.00
2009.03.24 16:37:18.106,1.65855,1.65915,2.00,1.00
2009.03.24 16:37:18.515,1.6584,1.65905,5.20,1.00
2009.03.24 16:37:20.735,1.65845,1.65905,2.00,1.00
2009.03.24 16:37:21.585,1.6584,1.65905,5.20,1.00
2009.03.24 16:37:21.705,1.6585,1.6591,2.00,2.00
2009.03.24 16:37:21.935,1.6586,1.6591,2.00,1.60
2009.03.24 16:37:22.045,1.65855,1.65915,5.20,4.80
2009.03.24 16:37:22.325,1.65855,1.6592,5.20,1.00
2009.03.24 16:37:23.694,1.65855,1.65915,3.20,1.00
2009.03.24 16:37:23.804,1.65855,1.65915,2.00,1.00
2009.03.24 16:37:24.374,1.6587,1.65925,2.00,6.80
2009.03.24 16:37:25.004,1.6587,1.6592,2.00,1.00
2009.03.24 16:37:25.304,1.6586,1.65915,2.00,4.80
2009.03.24 16:37:25.574,1.65865,1.65915,2.00,4.80
2009.03.24 16:37:26.164,1.6586,1.65915,2.00,4.80
2009.03.24 16:37:26.614,1.6586,1.65915,2.00,6.40
2009.03.24 16:37:27.813,1.6586,1.65915,2.00,1.60
2009.03.24 16:37:28.323,1.6586,1.65915,2.00,6.40
2009.03.24 16:37:28.603,1.6586,1.65915,2.00,6.80
2009.03.24 16:37:29.183,1.6586,1.6591,2.00,4.80
2009.03.24 16:37:29.343,1.6584,1.659,2.00,1.00
2009.03.24 16:37:29.523,1.6584,1.65895,2.00,1.00
2009.03.24 16:37:29.633,1.6584,1.65895,2.00,5.00
2009.03.24 16:37:29.743,1.6585,1.65895,2.00,5.00
2009.03.24 16:37:30.203,1.6585,1.65895,2.00,1.00
2009.03.24 16:37:30.433,1.6584,1.65885,2.00,1.00
2009.03.24 16:37:30.902,1.6585,1.6589,2.00,1.00
2009.03.24 16:37:34.002,1.65845,1.65905,3.20,1.00
2009.03.24 16:37:34.411,1.6585,1.65925,3.20,1.00
2009.03.24 16:37:34.742,1.6585,1.6592,3.20,1.00
2009.03.24 16:37:34.971,1.65855,1.6592,3.20,1.00
2009.03.24 16:37:35.142,1.65855,1.65915,3.20,1.00
2009.03.24 16:37:35.791,1.65855,1.6592,3.20,1.00
2009.03.24 16:37:36.421,1.65855,1.65925,5.20,1.00
2009.03.24 16:37:36.721,1.65855,1.65925,3.20,1.00
2009.03.24 16:37:36.901,1.6585,1.65925,6.40,1.00
2009.03.24 16:37:37.251,1.6585,1.65925,8.40,4.80
2009.03.24 16:37:37.831,1.65865,1.6593,3.20,1.00
2009.03.24 16:37:38.241,1.6586,1.6593,3.20,1.00
2009.03.24 16:37:38.471,1.6586,1.6593,3.20,5.00
2009.03.24 16:37:39.041,1.6585,1.6593,8.40,1.00
2009.03.24 16:37:39.320,1.6586,1.6592,2.00,1.00
2009.03.24 16:37:39.660,1.65865,1.65925,2.00,1.00
2009.03.24 16:37:39.980,1.6587,1.6592,2.00,4.80
2009.03.24 16:37:40.520,1.65865,1.65925,2.00,1.00
2009.03.24 16:37:41.950,1.65845,1.6591,8.40,1.00
2009.03.24 16:37:42.240,1.6584,1.659,3.20,1.00
2009.03.24 16:37:42.650,1.65835,1.65895,5.20,1.00
2009.03.24 16:37:43.050,1.6584,1.65895,2.00,1.00
2009.03.24 16:37:44.429,1.6584,1.65895,2.00,4.40
2009.03.24 16:37:44.599,1.65835,1.65895,2.00,9.20
2009.03.24 16:37:44.839,1.6584,1.65895,2.00,9.20
2009.03.24 16:37:45.369,1.6584,1.65895,2.00,4.40
2009.03.24 16:37:45.719,1.65845,1.65895,2.00,4.00
2009.03.24 16:37:46.039,1.65845,1.6591,2.00,1.00
2009.03.24 16:37:46.329,1.65845,1.65905,2.00,4.80
2009.03.24 16:37:46.569,1.65825,1.65905,3.20,4.80
2009.03.24 16:37:46.839,1.6583,1.65905,6.40,4.80
2009.03.24 16:37:47.009,1.6583,1.6591,12.00,1.00
2009.03.24 16:37:47.288,1.6584,1.65925,3.20,1.00
2009.03.24 16:37:47.618,1.65845,1.65925,3.20,1.00
2009.03.24 16:37:49.178,1.6584,1.65925,6.40,1.00
2009.03.24 16:37:49.568,1.6584,1.65925,6.40,5.00
2009.03.24 16:37:49.748,1.6584,1.6592,3.20,4.80
2009.03.24 16:37:51.527,1.6584,1.65905,3.20,1.00
2009.03.24 16:37:52.807,1.6584,1.6591,3.20,4.80
2009.03.24 16:37:53.437,1.6584,1.65915,3.20,5.00
2009.03.24 16:37:54.477,1.6584,1.65915,5.20,5.00
2009.03.24 16:37:54.637,1.6584,1.65915,3.20,5.00
2009.03.24 16:37:55.096,1.65845,1.65915,3.20,1.00
2009.03.24 16:37:55.257,1.65845,1.65925,3.20,5.00
2009.03.24 16:37:55.417,1.65845,1.65925,6.40,5.00
2009.03.24 16:37:55.837,1.65845,1.65925,8.40,1.00
2009.03.24 16:37:56.107,1.65845,1.65925,5.20,5.00
2009.03.24 16:37:56.686,1.65845,1.65915,8.40,1.00
2009.03.24 16:37:56.976,1.65845,1.65915,5.20,1.00
2009.03.24 16:37:57.276,1.6585,1.6591,2.00,1.00
2009.03.24 16:37:57.606,1.6584,1.65905,5.20,4.40
2009.03.24 16:37:57.956,1.65835,1.65895,2.00,1.00
2009.03.24 16:37:58.806,1.65835,1.65895,2.00,4.40
2009.03.24 16:37:59.436,1.6583,1.65895,5.20,4.40
2009.03.24 16:37:59.725,1.65835,1.65905,5.20,5.20
2009.03.24 16:38:00.025,1.65855,1.65905,3.20,5.00
2009.03.24 16:38:00.495,1.65835,1.65905,5.20,5.00
2009.03.24 16:38:02.535,1.65835,1.65905,5.20,1.00
2009.03.24 16:38:03.385,1.65835,1.65905,8.40,1.00
2009.03.24 16:38:03.615,1.65845,1.6591,2.00,5.00
2009.03.24 16:38:04.194,1.65845,1.6591,2.00,4.80
2009.03.24 16:38:04.934,1.65845,1.65915,2.00,5.00
2009.03.24 16:38:07.114,1.6585,1.65915,2.00,4.80
2009.03.24 16:38:07.514,1.6585,1.6592,2.00,5.00
2009.03.24 16:38:08.963,1.6585,1.65915,2.00,4.80
2009.03.24 16:38:09.083,1.6585,1.6591,2.00,1.00
2009.03.24 16:38:09.613,1.6584,1.65905,5.20,1.00
2009.03.24 16:38:09.733,1.6585,1.6591,2.00,1.00
2009.03.24 16:38:13.972,1.65865,1.65915,3.20,4.80
2009.03.24 16:38:14.092,1.65865,1.65925,3.20,2.00
2009.03.24 16:38:14.732,1.6585,1.6592,3.20,1.00
2009.03.24 16:38:15.062,1.6585,1.65915,3.20,1.00
2009.03.24 16:38:15.512,1.65855,1.65915,3.20,1.00
2009.03.24 16:38:17.451,1.6585,1.6591,6.40,1.00
2009.03.24 16:38:17.511,1.6585,1.6591,3.20,1.00
2009.03.24 16:38:19.041,1.6585,1.6591,6.40,1.00
2009.03.24 16:38:19.211,1.65855,1.6591,6.40,1.00
2009.03.24 16:38:19.381,1.65865,1.6592,3.20,5.00
2009.03.24 16:38:19.551,1.65865,1.6592,3.20,1.00
2009.03.24 16:38:19.711,1.6587,1.6593,6.40,1.00
2009.03.24 16:38:20.040,1.65855,1.65915,6.40,1.00
2009.03.24 16:38:20.430,1.65865,1.6592,6.40,1.00
2009.03.24 16:38:20.782,1.6585,1.6591,3.20,1.00
2009.03.24 16:38:21.120,1.65855,1.65915,3.20,1.00
2009.03.24 16:38:21.350,1.65875,1.65925,3.20,6.80
2009.03.24 16:38:21.850,1.65875,1.65925,3.20,2.00
2009.03.24 16:38:24.769,1.6586,1.6592,3.20,1.00
2009.03.24 16:38:25.619,1.6586,1.6592,3.20,5.00
2009.03.24 16:38:26.179,1.65875,1.6592,3.20,1.00
2009.03.24 16:38:26.449,1.65875,1.65925,3.20,6.40
2009.03.24 16:38:26.729,1.6586,1.65925,6.40,1.60
2009.03.24 16:38:26.949,1.6586,1.6592,3.20,1.00
2009.03.24 16:38:27.189,1.65855,1.65915,6.20,1.00
2009.03.24 16:38:27.419,1.65855,1.65915,3.20,1.00
2009.03.24 16:38:27.949,1.6585,1.65915,6.40,1.00
2009.03.24 16:38:28.239,1.65855,1.65915,3.20,1.00
2009.03.24 16:38:29.088,1.65855,1.65925,3.20,6.80
2009.03.24 16:38:29.558,1.65855,1.6592,5.20,1.00
2009.03.24 16:38:31.388,1.6586,1.6592,2.00,1.00
2009.03.24 16:38:31.618,1.65865,1.65925,2.00,6.80
2009.03.24 16:38:31.838,1.65865,1.65925,2.00,6.60
2009.03.24 16:38:32.247,1.65865,1.65925,2.00,1.00
2009.03.24 16:38:32.478,1.65865,1.6593,5.20,1.00
2009.03.24 16:38:33.637,1.65875,1.65935,2.00,6.80
2009.03.24 16:38:33.867,1.65875,1.65935,2.00,2.00
2009.03.24 16:38:39.766,1.6587,1.65935,5.20,2.00
2009.03.24 16:38:40.056,1.6587,1.65935,5.20,1.00
2009.03.24 16:38:40.296,1.65865,1.65925,3.20,1.00
2009.03.24 16:38:40.576,1.65865,1.6593,5.20,5.00
2009.03.24 16:38:40.815,1.6587,1.6593,2.00,5.00
2009.03.24 16:38:43.425,1.6585,1.6591,3.20,1.00
2009.03.24 16:38:43.605,1.65845,1.6591,5.20,1.00
2009.03.24 16:38:44.505,1.65845,1.659,5.20,1.00
2009.03.24 16:38:44.744,1.65845,1.659,5.20,1.60
2009.03.24 16:38:45.264,1.6586,1.659,2.00,1.60
2009.03.24 16:38:45.494,1.6586,1.6592,2.00,2.00
2009.03.24 16:38:50.063,1.65855,1.65915,2.00,1.00
2009.03.24 16:38:50.243,1.6586,1.6592,2.00,6.60
2009.03.24 16:38:50.463,1.65855,1.65915,2.00,1.00
2009.03.24 16:38:56.152,1.6585,1.65925,5.20,5.00
2009.03.24 16:38:56.731,1.6585,1.65925,5.20,1.00
2009.03.24 16:38:57.422,1.6586,1.6592,2.00,1.00
2009.03.24 16:38:57.991,1.6585,1.65915,5.20,1.00
2009.03.24 16:38:58.511,1.65865,1.65925,2.00,4.80
2009.03.24 16:38:59.891,1.65875,1.65925,2.00,4.80
2009.03.24 16:39:00.121,1.65875,1.6593,2.00,5.00
2009.03.24 16:39:00.631,1.65875,1.6593,2.00,1.00
2009.03.24 16:39:03.080,1.65865,1.6593,5.20,1.00
2009.03.24 16:39:03.360,1.6587,1.6593,2.00,1.00
2009.03.24 16:39:03.590,1.6587,1.65925,2.00,4.80
2009.03.24 16:39:03.820,1.6587,1.6592,2.00,4.80
2009.03.24 16:39:03.940,1.6587,1.65925,2.00,4.80
2009.03.24 16:39:04.630,1.65865,1.6592,2.00,1.00
2009.03.24 16:39:04.810,1.65865,1.6592,2.00,5.00
2009.03.24 16:39:05.690,1.65865,1.6592,2.00,2.00
2009.03.24 16:39:06.269,1.65865,1.6592,2.00,1.60
2009.03.24 16:39:06.499,1.65875,1.6592,2.00,1.60
2009.03.24 16:39:06.769,1.65875,1.65925,2.00,4.80
2009.03.24 16:39:06.999,1.65875,1.6593,2.00,5.00
2009.03.24 16:39:07.409,1.65875,1.65925,2.00,4.80
2009.03.24 16:39:09.568,1.6586,1.6592,2.00,1.00
2009.03.24 16:39:09.849,1.6587,1.65915,2.00,4.80
2009.03.24 16:39:13.458,1.65875,1.6593,2.00,1.00
2009.03.24 16:39:18.156,1.6587,1.6593,5.20,1.00
2009.03.24 16:39:18.327,1.6588,1.65935,2.00,1.60
2009.03.24 16:39:18.606,1.6587,1.6593,5.20,1.00
2009.03.24 16:39:18.886,1.65875,1.65935,5.20,6.00
2009.03.24 16:39:19.166,1.65875,1.65935,5.20,9.20
2009.03.24 16:39:19.216,1.6588,1.65935,2.00,5.00
2009.03.24 16:39:19.386,1.6588,1.65935,2.00,1.00
2009.03.24 16:39:21.236,1.65895,1.65935,2.00,1.00
2009.03.24 16:39:21.596,1.6588,1.6594,2.00,1.00
2009.03.24 16:39:21.816,1.65895,1.65945,2.00,4.00
2009.03.24 16:39:22.045,1.65895,1.6595,2.00,5.20
2009.03.24 16:39:22.266,1.65895,1.65935,2.00,1.00
2009.03.24 16:39:22.566,1.6588,1.65935,2.00,1.00
2009.03.24 16:39:23.775,1.65875,1.6594,2.00,1.00
2009.03.24 16:39:24.115,1.6588,1.6594,2.00,1.00
2009.03.24 16:39:24.515,1.6586,1.65925,5.20,1.00
2009.03.24 16:39:25.835,1.6587,1.6593,2.00,1.00
2009.03.24 16:39:26.584,1.6585,1.6591,6.40,1.00
2009.03.24 16:39:26.764,1.6585,1.6591,3.20,1.00
2009.03.24 16:39:26.934,1.65845,1.6591,5.20,1.00
2009.03.24 16:39:27.104,1.65855,1.65915,2.00,1.00
2009.03.24 16:39:27.394,1.65855,1.65915,2.00,2.00
2009.03.24 16:39:27.514,1.65855,1.65915,2.00,6.80
2009.03.24 16:39:28.724,1.65855,1.65905,2.00,4.80
2009.03.24 16:39:29.184,1.65855,1.659,2.00,4.80
2009.03.24 16:39:30.103,1.65855,1.6591,2.00,4.80
2009.03.24 16:39:31.343,1.6586,1.65915,2.00,6.80
2009.03.24 16:39:32.063,1.6586,1.6591,2.00,4.80
2009.03.24 16:39:32.693,1.65855,1.6591,2.00,4.80
2009.03.24 16:39:33.493,1.65865,1.6591,2.00,4.80
2009.03.24 16:39:33.723,1.65865,1.65915,2.00,6.40
2009.03.24 16:39:34.173,1.65865,1.65915,2.00,6.80
2009.03.24 16:39:34.232,1.65865,1.65915,2.00,6.40
2009.03.24 16:39:36.032,1.6587,1.65915,2.00,6.40
2009.03.24 16:39:36.202,1.6587,1.65915,2.00,6.40
2009.03.24 16:39:36.552,1.65875,1.65915,2.00,4.80
2009.03.24 16:39:36.832,1.6588,1.6592,2.00,1.00
2009.03.24 16:39:38.254,1.65875,1.6592,2.00,1.00
2009.03.24 16:39:38.431,1.6588,1.6592,2.00,1.00
2009.03.24 16:39:39.471,1.65875,1.6593,2.00,6.80
2009.03.24 16:39:39.591,1.65875,1.65925,2.00,4.80
2009.03.24 16:39:39.901,1.65855,1.6592,5.20,1.00
2009.03.24 16:39:40.411,1.65855,1.65915,5.20,4.80
2009.03.24 16:39:40.801,1.65855,1.65905,3.20,4.80
2009.03.24 16:39:41.101,1.6585,1.6591,2.00,1.00
2009.03.24 16:39:41.561,1.65855,1.6592,2.00,1.00
2009.03.24 16:39:41.791,1.65855,1.6592,6.40,1.00
2009.03.24 16:39:41.961,1.65855,1.65915,3.20,1.00
2009.03.24 16:39:42.791,1.65855,1.65895,3.20,1.00
2009.03.24 16:39:43.611,1.6584,1.65895,3.20,1.00
2009.03.24 16:39:44.770,1.6583,1.65895,5.20,1.00
2009.03.24 16:39:45.000,1.65835,1.65895,2.00,1.00
2009.03.24 16:39:46.030,1.65825,1.65875,3.20,1.00
2009.03.24 16:39:46.270,1.65825,1.65885,5.20,1.00
2009.03.24 16:39:46.490,1.65825,1.6589,5.20,2.00
2009.03.24 16:39:46.670,1.65825,1.6589,8.40,2.00
2009.03.24 16:39:46.790,1.65835,1.6589,2.00,1.60
2009.03.24 16:39:46.900,1.6583,1.6589,2.00,1.80
2009.03.24 16:39:47.010,1.65825,1.6589,5.20,1.00
2009.03.24 16:39:47.529,1.6583,1.6589,2.00,1.00
2009.03.24 16:39:47.829,1.6582,1.65885,3.60,1.00
2009.03.24 16:39:48.129,1.65825,1.65885,3.20,1.00
2009.03.24 16:39:48.239,1.6582,1.65885,3.60,1.00
2009.03.24 16:39:48.339,1.65825,1.65885,3.20,1.00
2009.03.24 16:39:48.519,1.65825,1.6589,5.20,1.00
2009.03.24 16:39:49.149,1.65825,1.65885,3.20,1.00
2009.03.24 16:39:49.259,1.6582,1.65885,3.60,1.00
2009.03.24 16:39:49.379,1.6583,1.6589,2.00,1.00
2009.03.24 16:39:49.769,1.65825,1.65885,3.20,1.00
2009.03.24 16:39:50.059,1.6584,1.6589,2.00,4.80
2009.03.24 16:39:50.298,1.6584,1.659,2.00,6.80
2009.03.24 16:39:50.878,1.65835,1.65895,2.00,1.00
2009.03.24 16:39:51.119,1.65835,1.65895,2.00,5.00
2009.03.24 16:39:51.358,1.65825,1.6589,5.20,1.00
2009.03.24 16:39:52.229,1.65835,1.65895,2.00,5.00
2009.03.24 16:39:52.748,1.65845,1.65895,2.00,4.80
2009.03.24 16:39:52.988,1.65845,1.659,2.00,1.60
2009.03.24 16:39:53.168,1.65835,1.659,8.40,2.00
2009.03.24 16:39:53.328,1.65835,1.659,5.20,2.00
2009.03.24 16:39:53.618,1.65835,1.659,5.20,6.80
2009.03.24 16:39:54.148,1.65835,1.6589,5.20,1.60
2009.03.24 16:39:54.867,1.65835,1.6589,5.20,6.40
2009.03.24 16:39:54.927,1.65835,1.6589,3.20,6.40
2009.03.24 16:39:55.287,1.6583,1.6589,5.20,6.40
2009.03.24 16:39:55.567,1.6582,1.65885,3.60,1.00
2009.03.24 16:39:55.747,1.6582,1.65885,3.60,6.80
2009.03.24 16:40:05.205,1.65835,1.65885,2.00,6.40
2009.03.24 16:40:05.385,1.65835,1.65885,2.00,4.80
2009.03.24 16:40:05.605,1.65835,1.65895,2.00,5.00
2009.03.24 16:40:08.864,1.6584,1.65895,2.00,4.80
2009.03.24 16:40:08.974,1.6584,1.659,2.00,6.80
2009.03.24 16:40:09.444,1.65835,1.65895,2.00,1.00
2009.03.24 16:40:09.784,1.65835,1.65895,2.00,5.00
2009.03.24 16:40:13.593,1.6584,1.65895,2.00,4.80
2009.03.24 16:40:18.202,1.6584,1.659,2.00,6.80
2009.03.24 16:40:22.551,1.65845,1.65905,2.00,5.00
2009.03.24 16:40:26.610,1.6585,1.65905,2.00,5.00
2009.03.24 16:40:27.830,1.65845,1.659,2.00,4.80
2009.03.24 16:40:27.940,1.65845,1.65905,2.00,5.00
2009.03.24 16:40:32.059,1.6585,1.65905,2.00,5.00
2009.03.24 16:40:34.368,1.65845,1.65905,2.00,5.00
2009.03.24 16:40:34.758,1.6585,1.65905,2.00,5.00
2009.03.24 16:40:35.967,1.65855,1.65905,3.20,4.80
2009.03.24 16:40:36.188,1.65855,1.65915,3.20,1.00
2009.03.24 16:40:40.357,1.65855,1.65915,3.20,1.00
2009.03.24 16:40:40.646,1.65855,1.65915,3.20,1.00
2009.03.24 16:40:43.766,1.6586,1.6592,2.00,1.00
2009.03.24 16:40:43.926,1.65855,1.65915,2.00,1.00
2009.03.24 16:40:44.096,1.65845,1.6591,5.20,1.00
2009.03.24 16:40:44.785,1.65855,1.65915,2.00,2.00
2009.03.24 16:40:50.324,1.65855,1.65915,2.00,2.00
2009.03.24 16:40:50.604,1.65855,1.65915,3.20,1.00
2009.03.24 16:40:51.404,1.65855,1.6591,3.20,1.00
2009.03.24 16:40:51.974,1.65855,1.65905,3.20,1.00
2009.03.24 16:40:52.154,1.65855,1.6591,3.20,1.00
2009.03.24 16:40:52.563,1.65855,1.65905,3.20,1.00
2009.03.24 16:40:53.333,1.65855,1.6591,3.20,1.00
2009.03.24 16:40:56.442,1.6587,1.6591,3.20,1.00
2009.03.24 16:40:56.672,1.6587,1.65925,3.20,4.80
2009.03.24 16:40:57.002,1.6587,1.6593,3.20,1.00
2009.03.24 16:40:57.412,1.6587,1.6593,3.20,4.80
2009.03.24 16:40:57.932,1.65855,1.6593,8.40,4.80
2009.03.24 16:40:58.822,1.6587,1.6593,3.20,4.80
2009.03.24 16:40:59.862,1.6587,1.65925,3.20,1.00
2009.03.24 16:41:02.291,1.6587,1.6593,5.20,4.80
2009.03.24 16:41:02.691,1.6588,1.65935,3.20,4.80
2009.03.24 16:41:02.872,1.65885,1.65935,2.00,4.80
2009.03.24 16:41:03.101,1.659,1.65945,3.20,4.80
2009.03.24 16:41:03.491,1.65885,1.6595,5.20,4.80
2009.03.24 16:41:03.791,1.6589,1.6595,3.20,4.80
2009.03.24 16:41:04.091,1.659,1.65955,3.20,4.80
2009.03.24 16:41:04.701,1.659,1.6596,3.20,4.80
2009.03.24 16:41:04.931,1.659,1.6596,6.40,4.80
2009.03.24 16:41:06.650,1.65915,1.6596,3.20,4.80
2009.03.24 16:41:07.480,1.659,1.65965,6.40,5.00
2009.03.24 16:41:12.999,1.659,1.65965,3.20,5.00
2009.03.24 16:41:13.229,1.65895,1.65965,3.20,5.00
2009.03.24 16:41:13.448,1.659,1.65955,3.20,4.80
2009.03.24 16:41:13.798,1.659,1.6596,3.20,4.80
2009.03.24 16:41:13.918,1.65905,1.6596,3.20,4.80
2009.03.24 16:41:14.038,1.65915,1.6596,3.20,4.80
2009.03.24 16:41:14.148,1.65905,1.6596,3.20,4.80
2009.03.24 16:41:14.378,1.659,1.65965,9.60,4.80
2009.03.24 16:41:14.498,1.659,1.6596,9.60,4.80
2009.03.24 16:41:15.308,1.65905,1.6596,3.20,4.80
2009.03.24 16:41:16.498,1.65905,1.6596,6.40,4.80
2009.03.24 16:41:17.747,1.65905,1.6596,3.20,4.80
2009.03.24 16:41:18.637,1.65905,1.65965,3.20,5.00
2009.03.24 16:41:18.907,1.659,1.65965,11.60,5.00
2009.03.24 16:41:21.996,1.6591,1.65965,6.40,4.80
2009.03.24 16:41:22.236,1.6591,1.6597,6.40,1.00
2009.03.24 16:41:22.566,1.6591,1.6597,3.20,1.00
2009.03.24 16:41:22.866,1.6591,1.6597,3.20,5.00
2009.03.24 16:41:22.976,1.6591,1.65965,3.20,1.00
2009.03.24 16:41:26.525,1.6591,1.6596,6.40,1.60
2009.03.24 16:41:26.825,1.6591,1.6597,6.40,2.00
2009.03.24 16:41:28.675,1.659,1.6596,6.40,1.00
2009.03.24 16:41:29.025,1.6591,1.6597,3.20,6.80
2009.03.24 16:41:29.075,1.6591,1.6597,3.20,2.00
2009.03.24 16:41:29.135,1.6591,1.6597,6.40,2.00
2009.03.24 16:41:29.425,1.6591,1.6597,3.20,2.00
2009.03.24 16:41:29.704,1.65905,1.6597,5.20,2.00
2009.03.24 16:41:30.914,1.659,1.65965,11.60,1.00
2009.03.24 16:41:36.723,1.659,1.65965,8.40,1.00
2009.03.24 16:41:37.733,1.659,1.6596,6.40,1.00
2009.03.24 16:41:38.183,1.659,1.65965,8.40,5.00
2009.03.24 16:41:38.413,1.659,1.65965,8.40,1.00
2009.03.24 16:41:46.790,1.6591,1.6597,2.00,6.80
2009.03.24 16:41:47.330,1.659,1.65965,8.40,1.00
2009.03.24 16:41:50.190,1.6591,1.6597,2.00,6.80
2009.03.24 16:42:00.077,1.659,1.65965,8.40,1.00
2009.03.24 16:42:00.197,1.659,1.65965,5.20,1.00
2009.03.24 16:42:00.527,1.659,1.65965,5.20,5.00
2009.03.24 16:42:02.367,1.659,1.6596,5.20,1.60
2009.03.24 16:42:08.025,1.659,1.65945,5.20,1.60
2009.03.24 16:42:08.245,1.659,1.65945,5.20,1.60
2009.03.24 16:42:08.365,1.659,1.6596,3.20,2.00
2009.03.24 16:42:10.855,1.659,1.6596,5.20,1.60
2009.03.24 16:42:13.424,1.659,1.6596,3.20,2.00
2009.03.24 16:42:13.584,1.659,1.6596,5.20,1.60
2009.03.24 16:42:24.001,1.659,1.6596,5.20,1.60
2009.03.24 16:42:24.271,1.659,1.65965,5.20,5.00
2009.03.24 16:42:27.431,1.65915,1.65965,2.00,4.80
2009.03.24 16:42:27.780,1.65925,1.65965,2.00,4.80
2009.03.24 16:42:30.740,1.659,1.65965,8.40,1.00
2009.03.24 16:42:31.710,1.659,1.65955,3.20,1.00
2009.03.24 16:42:33.259,1.659,1.6596,3.20,2.00
2009.03.24 16:42:37.148,1.659,1.65955,3.20,1.00
2009.03.24 16:42:38.268,1.659,1.65945,3.20,1.00
2009.03.24 16:42:38.438,1.659,1.65945,3.20,1.60
2009.03.24 16:42:41.687,1.65895,1.65945,3.20,1.60
2009.03.24 16:42:42.317,1.65895,1.6595,3.20,1.00
2009.03.24 16:42:42.667,1.65895,1.65955,3.20,1.00
2009.03.24 16:42:42.837,1.6589,1.65955,5.20,1.00
2009.03.24 16:42:43.127,1.6589,1.65945,3.20,1.00
2009.03.24 16:42:45.166,1.6589,1.65945,3.20,1.00
2009.03.24 16:42:45.456,1.6589,1.65945,3.20,2.00
2009.03.24 16:42:46.046,1.6589,1.65945,3.20,1.60
2009.03.24 16:42:46.716,1.6589,1.65945,3.20,2.00
2009.03.24 16:42:47.176,1.65895,1.65945,3.20,2.00
2009.03.24 16:42:47.346,1.65895,1.65945,3.20,1.00
2009.03.24 16:42:47.456,1.659,1.65945,3.20,1.00
2009.03.24 16:42:47.616,1.659,1.65955,3.20,5.00
2009.03.24 16:42:47.796,1.659,1.65955,3.20,1.00
2009.03.24 16:42:50.425,1.6589,1.65955,8.40,1.00
2009.03.24 16:42:50.585,1.6589,1.6595,6.40,1.00
2009.03.24 16:42:51.105,1.6589,1.65955,8.40,1.00
2009.03.24 16:42:56.714,1.65895,1.6596,5.20,2.00
2009.03.24 16:43:09.360,1.65905,1.65955,3.20,1.00
2009.03.24 16:43:09.611,1.6589,1.65955,8.60,1.00
2009.03.24 16:43:09.670,1.6589,1.65955,5.40,1.00
2009.03.24 16:43:09.910,1.6589,1.65955,1.60,1.00
2009.03.24 16:43:12.830,1.6589,1.6595,1.60,5.00
2009.03.24 16:43:12.999,1.6589,1.6595,1.60,1.00
2009.03.24 16:43:13.169,1.6589,1.6595,2.00,1.00
2009.03.24 16:43:13.509,1.6588,1.65945,5.20,1.00
2009.03.24 16:43:13.799,1.65895,1.6594,3.20,1.00
2009.03.24 16:43:13.909,1.65895,1.6595,6.40,1.00
2009.03.24 16:43:14.029,1.6591,1.65955,3.20,6.40
2009.03.24 16:43:14.089,1.6591,1.65955,3.20,4.80
2009.03.24 16:43:14.549,1.6591,1.6595,3.20,1.00
2009.03.24 16:43:14.769,1.65895,1.6595,3.20,1.00
2009.03.24 16:43:15.869,1.659,1.65965,5.20,5.00
2009.03.24 16:43:16.339,1.659,1.65965,5.20,4.80
2009.03.24 16:43:16.509,1.65905,1.6597,3.20,5.00
2009.03.24 16:43:16.679,1.65905,1.6597,3.20,1.00
2009.03.24 16:43:17.078,1.65915,1.6597,1.60,1.00
2009.03.24 16:43:17.198,1.6593,1.6598,3.20,4.80
2009.03.24 16:43:17.409,1.65935,1.6598,3.20,4.80
2009.03.24 16:43:17.648,1.65935,1.6598,6.40,4.80
2009.03.24 16:43:17.878,1.65935,1.66,6.40,1.00
2009.03.24 16:43:18.458,1.65935,1.66,6.40,5.00
2009.03.24 16:43:18.918,1.65935,1.66,6.40,1.00
2009.03.24 16:43:19.148,1.65935,1.66,3.20,1.00
2009.03.24 16:43:19.318,1.65935,1.66,3.20,5.00
2009.03.24 16:43:22.137,1.65935,1.65995,3.20,1.00
2009.03.24 16:43:23.527,1.65935,1.6599,3.20,1.00
2009.03.24 16:43:23.757,1.6593,1.6599,5.00,1.00
2009.03.24 16:43:24.088,1.65945,1.66,2.00,1.00
2009.03.24 16:43:24.267,1.6591,1.65985,5.20,1.00
2009.03.24 16:43:24.617,1.659,1.65965,3.20,1.00
2009.03.24 16:43:25.087,1.659,1.65965,6.40,1.00
2009.03.24 16:43:25.376,1.65915,1.65975,6.40,5.00
2009.03.24 16:43:25.716,1.65925,1.65975,3.20,4.80
2009.03.24 16:43:25.986,1.6593,1.65985,3.20,4.80
2009.03.24 16:43:26.346,1.6593,1.65995,3.20,1.00
2009.03.24 16:43:26.586,1.6593,1.66,3.20,4.80
2009.03.24 16:43:27.686,1.6593,1.65995,3.20,1.00
2009.03.24 16:43:28.166,1.6595,1.65995,3.20,1.00
2009.03.24 16:43:28.406,1.6595,1.66005,3.00,4.00
2009.03.24 16:43:28.526,1.6594,1.6601,6.20,1.00
2009.03.24 16:43:28.806,1.6594,1.6601,6.40,1.00
2009.03.24 16:43:28.926,1.6594,1.6602,6.40,5.00
2009.03.24 16:43:29.106,1.6594,1.6601,3.20,1.00
2009.03.24 16:43:29.865,1.6595,1.66015,3.20,1.00
2009.03.24 16:43:30.675,1.6595,1.65995,3.20,1.00
2009.03.24 16:43:31.015,1.6594,1.65995,3.20,1.00
2009.03.24 16:43:31.465,1.6594,1.65995,3.20,4.80
2009.03.24 16:43:32.745,1.6594,1.66,3.20,4.80
2009.03.24 16:43:33.254,1.6594,1.66005,3.20,5.00
2009.03.24 16:43:33.495,1.6594,1.66005,3.20,1.00
2009.03.24 16:43:33.715,1.6594,1.66,3.20,1.00
2009.03.24 16:43:34.125,1.65935,1.65995,3.20,1.00
2009.03.24 16:43:34.424,1.65935,1.6599,3.20,4.80
2009.03.24 16:43:35.214,1.65935,1.6599,3.20,5.00
2009.03.24 16:43:35.734,1.6594,1.6599,3.20,5.00
2009.03.24 16:43:36.074,1.65955,1.6599,3.20,4.80
2009.03.24 16:43:36.534,1.6595,1.66035,3.20,4.80
2009.03.24 16:43:36.984,1.65945,1.6603,3.20,1.00
2009.03.24 16:43:37.314,1.6596,1.6603,3.20,5.00
2009.03.24 16:43:38.073,1.6596,1.6602,3.20,1.00
2009.03.24 16:43:38.583,1.6596,1.6601,3.20,1.00
2009.03.24 16:43:38.963,1.6596,1.66005,3.20,1.00
2009.03.24 16:43:40.053,1.6595,1.66005,3.20,1.00
2009.03.24 16:43:41.123,1.6595,1.6601,6.40,1.00
2009.03.24 16:43:41.743,1.6595,1.66015,8.40,4.80
2009.03.24 16:43:42.092,1.65955,1.66015,3.20,4.80
2009.03.24 16:43:42.394,1.65955,1.66025,6.40,1.00
2009.03.24 16:43:42.682,1.65975,1.6602,3.20,1.00
2009.03.24 16:43:43.022,1.65975,1.6603,3.20,5.00
2009.03.24 16:43:43.322,1.65975,1.6603,3.20,1.00
2009.03.24 16:43:44.062,1.6597,1.6602,3.20,1.00
2009.03.24 16:43:44.582,1.65965,1.6602,3.20,1.00
2009.03.24 16:43:45.102,1.65965,1.6601,3.20,1.00
2009.03.24 16:43:45.452,1.65955,1.6601,3.20,1.00
2009.03.24 16:43:47.221,1.65955,1.6601,3.20,5.00
2009.03.24 16:43:47.392,1.65955,1.66,3.20,1.00
2009.03.24 16:43:48.091,1.65965,1.6601,3.20,4.80
2009.03.24 16:43:48.321,1.6597,1.66025,3.20,4.80
2009.03.24 16:43:48.711,1.65975,1.6603,3.20,5.00
2009.03.24 16:43:49.001,1.65975,1.66025,6.40,1.00
2009.03.24 16:43:49.511,1.65995,1.6603,3.20,1.00
2009.03.24 16:43:49.961,1.65995,1.66025,1.00,1.00
2009.03.24 16:43:50.251,1.65975,1.66025,3.20,1.00
2009.03.24 16:43:51.390,1.65985,1.66035,3.20,1.00
2009.03.24 16:43:52.070,1.65985,1.66035,6.40,1.00
2009.03.24 16:43:52.370,1.65985,1.66015,3.20,1.00
2009.03.24 16:43:52.590,1.6598,1.66015,3.00,1.00
2009.03.24 16:43:52.830,1.65965,1.66015,8.00,1.00
2009.03.24 16:43:53.230,1.65985,1.6603,3.20,5.00
2009.03.24 16:43:53.390,1.65975,1.66025,5.20,1.00
2009.03.24 16:43:53.660,1.65975,1.6603,3.20,1.00
2009.03.24 16:43:54.010,1.65975,1.66025,3.20,1.00
2009.03.24 16:43:54.360,1.6597,1.6602,6.40,1.00
2009.03.24 16:43:54.749,1.6597,1.6602,3.20,1.00
2009.03.24 16:43:55.619,1.65965,1.6602,6.40,1.00
2009.03.24 16:43:55.959,1.65955,1.6602,5.20,1.00
2009.03.24 16:43:56.479,1.65975,1.6602,3.20,4.80
2009.03.24 16:43:57.059,1.65975,1.6603,3.20,5.00
2009.03.24 16:43:57.529,1.65975,1.6603,3.20,1.00
2009.03.24 16:44:01.248,1.65975,1.6603,3.20,5.00
2009.03.24 16:44:03.827,1.65965,1.6602,3.20,1.00
2009.03.24 16:44:04.397,1.6596,1.6601,3.00,1.00
2009.03.24 16:44:04.457,1.65955,1.6602,3.20,1.00
2009.03.24 16:44:04.917,1.6594,1.66,2.00,1.00
2009.03.24 16:44:05.257,1.65935,1.65975,3.20,1.00
2009.03.24 16:44:05.647,1.65935,1.6597,3.20,1.00
2009.03.24 16:44:05.867,1.65935,1.65965,3.20,1.00
2009.03.24 16:44:06.428,1.65915,1.65955,3.20,1.00
2009.03.24 16:44:06.767,1.659,1.6595,3.20,1.00
2009.03.24 16:44:07.116,1.6589,1.6595,3.20,4.80
2009.03.24 16:44:07.416,1.6591,1.6595,3.20,4.80
2009.03.24 16:44:07.826,1.6591,1.6595,4.80,4.80
2009.03.24 16:44:08.276,1.6592,1.6599,3.20,4.80
2009.03.24 16:44:08.786,1.6592,1.65995,3.20,4.80
2009.03.24 16:44:10.056,1.6592,1.65985,5.20,1.00
2009.03.24 16:44:10.856,1.6593,1.6599,2.00,5.00
2009.03.24 16:44:11.085,1.6593,1.6599,2.00,1.00
2009.03.24 16:44:11.776,1.65935,1.6599,3.20,1.00
2009.03.24 16:44:13.045,1.65935,1.65995,3.20,1.00
2009.03.24 16:44:13.606,1.65935,1.65995,6.40,1.00
2009.03.24 16:44:14.445,1.65935,1.6599,6.40,1.00
2009.03.24 16:44:16.614,1.65935,1.6599,8.80,1.00
2009.03.24 16:44:16.854,1.65935,1.6599,8.00,1.00
2009.03.24 16:44:17.194,1.6595,1.65995,3.20,1.00
2009.03.24 16:44:17.934,1.6595,1.66005,3.20,5.00
2009.03.24 16:44:18.104,1.6595,1.66005,3.20,1.00
2009.03.24 16:44:21.063,1.6595,1.6601,3.20,5.00
2009.03.24 16:44:21.643,1.6595,1.6601,3.20,1.00
2009.03.24 16:44:21.933,1.6595,1.66015,5.20,5.00
2009.03.24 16:44:22.433,1.6596,1.66015,3.20,5.00
2009.03.24 16:44:22.723,1.6596,1.6602,3.20,5.00
2009.03.24 16:44:23.183,1.6596,1.6602,3.20,1.00
2009.03.24 16:44:23.582,1.6596,1.6603,8.40,5.00
2009.03.24 16:44:24.082,1.6596,1.6603,8.40,1.00
2009.03.24 16:44:24.424,1.6595,1.6601,3.20,1.00
2009.03.24 16:44:25.042,1.6595,1.66015,5.20,5.00
2009.03.24 16:44:25.752,1.6595,1.66015,5.20,1.00
2009.03.24 16:44:32.090,1.65905,1.6598,3.20,4.80
2009.03.24 16:44:32.320,1.65905,1.65965,3.20,4.80
2009.03.24 16:44:32.650,1.659,1.6597,2.00,4.80
2009.03.24 16:44:32.940,1.659,1.65965,2.00,4.80
2009.03.24 16:44:33.180,1.659,1.65955,2.00,4.80
2009.03.24 16:44:33.530,1.659,1.6596,2.00,4.80
2009.03.24 16:44:34.550,1.659,1.65965,2.00,4.80
2009.03.24 16:44:34.790,1.659,1.65955,2.00,4.80
2009.03.24 16:44:34.969,1.659,1.65965,2.00,4.80
2009.03.24 16:44:35.380,1.659,1.65955,2.00,4.80
2009.03.24 16:44:35.609,1.659,1.65965,2.00,4.80
2009.03.24 16:44:36.249,1.659,1.65955,2.00,4.80
2009.03.24 16:44:36.419,1.65885,1.65955,3.20,4.80
2009.03.24 16:44:36.989,1.6588,1.65955,3.20,4.80
2009.03.24 16:44:37.109,1.6588,1.6595,3.20,4.80
2009.03.24 16:44:39.939,1.65875,1.6595,3.20,4.80
2009.03.24 16:44:42.538,1.65875,1.65945,3.20,4.80
2009.03.24 16:44:44.697,1.65875,1.65955,3.20,4.80
2009.03.24 16:44:44.817,1.6588,1.65955,3.20,4.80
2009.03.24 16:44:45.047,1.6588,1.6595,3.20,4.80
2009.03.24 16:44:45.257,1.6588,1.65955,3.20,4.80
2009.03.24 16:44:45.717,1.6588,1.65965,3.20,4.80
2009.03.24 16:44:46.648,1.6588,1.6595,3.20,1.00
2009.03.24 16:44:47.187,1.6588,1.6595,3.20,5.00
2009.03.24 16:44:49.656,1.6588,1.65955,3.20,4.80
2009.03.24 16:44:50.566,1.65875,1.6594,5.20,1.00
2009.03.24 16:44:52.555,1.6588,1.6594,2.00,1.00
2009.03.24 16:44:52.725,1.6589,1.6594,3.20,1.00
2009.03.24 16:44:52.996,1.65885,1.6594,3.20,1.00
2009.03.24 16:44:54.325,1.6589,1.65935,3.20,1.60
2009.03.24 16:44:54.795,1.659,1.65935,2.00,1.60
2009.03.24 16:44:54.905,1.65905,1.65935,3.20,1.60
2009.03.24 16:44:55.075,1.65905,1.6597,3.20,1.00
2009.03.24 16:44:55.365,1.65905,1.6596,3.20,1.00
2009.03.24 16:44:55.595,1.65915,1.65965,3.20,4.80
2009.03.24 16:44:56.174,1.65905,1.65965,2.00,1.00
2009.03.24 16:44:56.524,1.65895,1.6596,8.40,1.00
2009.03.24 16:44:56.864,1.65895,1.65955,6.40,1.00
2009.03.24 16:44:57.364,1.65895,1.65955,3.20,1.00
2009.03.24 16:45:00.643,1.6589,1.6594,3.20,1.00
2009.03.24 16:45:03.153,1.6589,1.65945,3.20,1.00
2009.03.24 16:45:03.663,1.65895,1.6595,2.00,4.80
2009.03.24 16:45:04.003,1.65905,1.6596,2.00,4.80
2009.03.24 16:45:04.353,1.65905,1.65975,2.00,9.00
2009.03.24 16:45:04.522,1.65905,1.65975,2.00,5.00
2009.03.24 16:45:05.672,1.6591,1.65975,2.00,4.80
2009.03.24 16:45:05.912,1.65905,1.65975,2.00,5.00
2009.03.24 16:45:06.942,1.659,1.65975,3.60,5.00
2009.03.24 16:45:07.122,1.65915,1.65975,3.20,4.80
2009.03.24 16:45:07.342,1.65915,1.65985,3.20,1.60
2009.03.24 16:45:07.692,1.65915,1.65985,5.20,6.40
2009.03.24 16:45:07.912,1.65925,1.65985,2.00,6.40
2009.03.24 16:45:08.132,1.6593,1.65995,2.00,5.20
2009.03.24 16:45:08.462,1.6593,1.65995,2.00,5.00
2009.03.24 16:45:08.641,1.6593,1.65995,2.00,1.00
2009.03.24 16:45:09.541,1.6593,1.6599,2.00,1.00
2009.03.24 16:45:11.351,1.6592,1.6598,2.00,1.00
2009.03.24 16:45:11.981,1.65915,1.65975,2.00,1.00
2009.03.24 16:45:12.161,1.65905,1.6597,11.60,1.00
2009.03.24 16:45:12.221,1.65905,1.6597,8.40,1.00
2009.03.24 16:45:12.441,1.65905,1.65965,3.20,1.00
2009.03.24 16:45:13.410,1.65895,1.65965,5.20,1.00
2009.03.24 16:45:14.180,1.65895,1.6595,3.20,1.00
2009.03.24 16:45:14.582,1.65895,1.6595,6.40,1.00
2009.03.24 16:45:14.690,1.65895,1.65955,6.40,1.00
2009.03.24 16:45:19.449,1.65895,1.65945,6.40,1.00
2009.03.24 16:45:19.739,1.65895,1.6595,3.20,1.00
2009.03.24 16:45:22.028,1.65895,1.65965,3.20,4.80
2009.03.24 16:45:22.368,1.65895,1.6597,3.20,1.00
2009.03.24 16:45:29.577,1.65895,1.6596,5.20,1.00
2009.03.24 16:45:29.877,1.65895,1.6596,8.40,1.00
2009.03.24 16:45:30.166,1.65895,1.6596,5.20,1.00
2009.03.24 16:45:30.446,1.65895,1.6596,8.40,1.00
2009.03.24 16:45:30.786,1.65905,1.65965,2.00,1.00
2009.03.24 16:45:31.577,1.65905,1.65965,3.20,1.00
2009.03.24 16:45:32.256,1.65905,1.6597,5.20,1.00
2009.03.24 16:45:32.855,1.6592,1.6598,2.00,1.00
2009.03.24 16:45:33.095,1.6593,1.6598,2.00,1.00
2009.03.24 16:45:34.125,1.6592,1.6598,2.00,1.00
2009.03.24 16:45:41.604,1.65925,1.65985,2.00,5.00
2009.03.24 16:45:41.953,1.65925,1.65985,2.00,1.00
2009.03.24 16:45:43.333,1.6592,1.6598,2.00,1.00
2009.03.24 16:45:49.042,1.6591,1.6597,2.00,1.00
2009.03.24 16:45:49.342,1.65905,1.6597,5.20,1.00
2009.03.24 16:45:49.572,1.6592,1.6598,2.00,1.00
2009.03.24 16:45:51.051,1.6591,1.6597,2.00,1.00
2009.03.24 16:45:57.110,1.659,1.6596,2.00,1.00
2009.03.24 16:45:57.460,1.6589,1.65955,5.20,1.00
2009.03.24 16:45:58.170,1.65905,1.6596,3.20,6.40
2009.03.24 16:45:58.339,1.65905,1.6596,6.40,1.60
2009.03.24 16:45:59.069,1.65925,1.6596,3.20,1.60
2009.03.24 16:45:59.241,1.65925,1.66,6.40,1.60
2009.03.24 16:45:59.519,1.6593,1.65985,3.20,4.80
2009.03.24 16:45:59.869,1.6593,1.66005,3.20,4.80
2009.03.24 16:46:00.419,1.65925,1.65995,6.80,4.80
2009.03.24 16:46:00.709,1.6592,1.65995,6.40,4.80
2009.03.24 16:46:01.809,1.6592,1.65995,3.20,4.80
2009.03.24 16:46:02.669,1.65915,1.65995,6.40,4.80
2009.03.24 16:46:03.009,1.65915,1.65985,6.40,4.80
2009.03.24 16:46:04.128,1.65925,1.65985,3.20,4.80
2009.03.24 16:46:04.408,1.65925,1.6599,3.20,1.00
2009.03.24 16:46:05.148,1.65925,1.65985,2.00,1.00
2009.03.24 16:46:05.328,1.65925,1.65985,2.00,5.00
2009.03.24 16:46:06.428,1.6593,1.65985,2.00,4.80
2009.03.24 16:46:06.817,1.65935,1.65995,2.00,4.00
2009.03.24 16:46:10.676,1.6594,1.66005,6.40,2.00
2009.03.24 16:46:10.956,1.65945,1.66005,3.20,2.00
2009.03.24 16:46:11.126,1.65945,1.66005,3.20,1.00
2009.03.24 16:46:13.356,1.65945,1.6601,5.20,5.00
2009.03.24 16:46:13.886,1.65945,1.6601,5.20,1.00
2009.03.24 16:46:20.134,1.6595,1.6601,6.40,5.00
2009.03.24 16:46:20.404,1.6595,1.6601,6.40,1.00
2009.03.24 16:46:22.464,1.6595,1.6601,7.20,1.00
2009.03.24 16:46:22.633,1.6597,1.6601,3.20,1.00
2009.03.24 16:46:22.693,1.6597,1.6602,3.20,6.40
2009.03.24 16:46:22.923,1.6597,1.6603,3.20,1.00
2009.03.24 16:46:26.083,1.65945,1.66005,4.80,1.00
2009.03.24 16:46:26.373,1.65945,1.66005,4.80,5.00
2009.03.24 16:46:27.003,1.65945,1.66005,2.00,1.00
2009.03.24 16:46:27.242,1.65945,1.66,2.00,4.80
2009.03.24 16:46:27.682,1.65945,1.66005,2.00,5.00
2009.03.24 16:46:27.922,1.65945,1.66,2.00,4.80
2009.03.24 16:46:28.272,1.65945,1.66,3.20,4.80
2009.03.24 16:46:28.732,1.6594,1.6601,5.20,5.00
2009.03.24 16:46:28.962,1.6594,1.66005,5.20,5.00
2009.03.24 16:46:30.212,1.65945,1.66005,2.00,5.00
2009.03.24 16:46:30.322,1.6594,1.66,2.00,1.00
2009.03.24 16:46:30.614,1.65905,1.6598,10.80,1.00
2009.03.24 16:46:30.731,1.65905,1.65975,5.20,4.80
2009.03.24 16:46:30.892,1.6591,1.65975,2.00,4.80
2009.03.24 16:46:31.351,1.6591,1.6597,2.00,4.80
2009.03.24 16:46:32.051,1.6592,1.6596,2.00,5.00
2009.03.24 16:46:32.401,1.6592,1.65955,2.00,4.80
2009.03.24 16:46:33.321,1.6592,1.65975,2.00,10.40
2009.03.24 16:46:33.441,1.6592,1.65975,2.00,6.40
2009.03.24 16:46:34.461,1.6592,1.65955,2.00,4.80
2009.03.24 16:46:34.821,1.6592,1.6595,2.00,4.80
2009.03.24 16:46:35.291,1.6592,1.65955,2.00,4.80
2009.03.24 16:46:35.631,1.6588,1.65955,3.20,1.00
2009.03.24 16:46:35.990,1.6588,1.65955,3.20,5.00
2009.03.24 16:46:36.210,1.6588,1.65955,11.00,1.00
2009.03.24 16:46:36.380,1.65885,1.6595,3.20,1.00
2009.03.24 16:46:37.050,1.65895,1.65955,3.20,1.00
2009.03.24 16:46:37.230,1.65875,1.65945,5.20,4.80
2009.03.24 16:46:37.950,1.6588,1.65955,3.20,1.00
2009.03.24 16:46:38.050,1.65885,1.65955,3.20,1.00
2009.03.24 16:46:38.530,1.659,1.65975,1.60,7.80
2009.03.24 16:46:38.640,1.65885,1.65975,6.40,3.00
2009.03.24 16:46:38.870,1.65885,1.65955,6.40,1.00
2009.03.24 16:46:39.669,1.65885,1.65955,3.20,1.00
2009.03.24 16:46:39.910,1.6588,1.65955,8.40,1.00
2009.03.24 16:46:40.259,1.6588,1.65955,5.20,1.00
2009.03.24 16:46:40.499,1.65885,1.65955,2.00,1.00
2009.03.24 16:46:40.609,1.65885,1.65945,2.00,1.00
2009.03.24 16:46:40.789,1.65875,1.65935,3.20,1.00
2009.03.24 16:46:41.819,1.65885,1.65945,2.00,1.00
2009.03.24 16:46:42.219,1.6588,1.65955,5.20,1.00
2009.03.24 16:46:42.668,1.6588,1.6596,5.20,1.00
2009.03.24 16:46:43.009,1.6589,1.6596,3.20,1.00
2009.03.24 16:46:43.688,1.65885,1.6596,2.00,5.00
2009.03.24 16:46:43.969,1.6589,1.6596,2.00,5.00
2009.03.24 16:46:44.708,1.65895,1.65965,2.00,4.80
2009.03.24 16:46:45.808,1.659,1.65965,2.00,4.80
2009.03.24 16:46:46.398,1.65895,1.65965,2.00,5.00
2009.03.24 16:46:46.668,1.65895,1.65965,6.80,1.00
2009.03.24 16:46:46.938,1.65895,1.65965,2.00,1.00
2009.03.24 16:46:47.758,1.65885,1.6595,9.80,1.00
2009.03.24 16:46:48.057,1.65885,1.65945,2.00,1.00
2009.03.24 16:46:48.337,1.65885,1.6595,2.00,2.00
2009.03.24 16:46:49.637,1.6589,1.6594,2.00,1.60
2009.03.24 16:46:49.747,1.65905,1.65955,2.00,6.40
2009.03.24 16:46:50.027,1.65905,1.65955,2.00,4.80
2009.03.24 16:46:50.147,1.65905,1.6597,2.00,5.00
2009.03.24 16:46:50.327,1.65905,1.65965,2.00,1.00
2009.03.24 16:46:50.977,1.65905,1.65965,2.00,4.80
2009.03.24 16:46:51.317,1.65905,1.6597,2.00,5.00
2009.03.24 16:46:51.496,1.659,1.65965,2.00,1.00
2009.03.24 16:46:52.517,1.659,1.6597,3.00,4.80
2009.03.24 16:46:52.576,1.6589,1.6598,14.20,4.80
2009.03.24 16:46:52.906,1.6589,1.6598,3.20,4.80
2009.03.24 16:46:53.316,1.65895,1.6598,6.40,4.80
2009.03.24 16:46:53.596,1.65895,1.6597,3.20,4.80
2009.03.24 16:46:54.866,1.65895,1.65965,3.20,4.80
2009.03.24 16:46:57.545,1.6588,1.65935,3.20,1.00
2009.03.24 16:46:57.835,1.6588,1.6595,8.40,4.00
2009.03.24 16:46:58.015,1.6589,1.6595,2.00,4.00
2009.03.24 16:46:58.125,1.6589,1.65965,2.00,4.80
2009.03.24 16:46:58.355,1.65895,1.65965,2.00,4.80
2009.03.24 16:46:59.885,1.65855,1.6593,4.80,1.00
2009.03.24 16:47:00.114,1.65875,1.65945,2.00,8.80
2009.03.24 16:47:00.164,1.65875,1.65925,2.00,4.80
2009.03.24 16:47:00.464,1.65875,1.65935,2.00,4.80
2009.03.24 16:47:00.744,1.6587,1.65945,5.20,4.80
2009.03.24 16:47:00.924,1.65895,1.65945,2.00,4.80
2009.03.24 16:47:01.256,1.6589,1.65945,2.00,4.80
2009.03.24 16:47:01.374,1.6589,1.6595,2.00,5.00
2009.03.24 16:47:01.726,1.6588,1.6594,2.00,1.00
2009.03.24 16:47:02.024,1.6589,1.65945,2.00,8.80
2009.03.24 16:47:02.364,1.6589,1.6595,2.00,5.00
2009.03.24 16:47:02.654,1.6589,1.65945,2.00,4.80
2009.03.24 16:47:03.633,1.65885,1.6594,2.00,1.00
2009.03.24 16:47:03.863,1.65885,1.65935,2.00,4.80
2009.03.24 16:47:03.974,1.6588,1.65935,2.00,4.80
2009.03.24 16:47:04.323,1.6588,1.6593,2.00,4.80
2009.03.24 16:47:04.733,1.6588,1.6593,3.20,4.80
2009.03.24 16:47:05.073,1.65875,1.6593,3.20,4.80
2009.03.24 16:47:05.483,1.6588,1.65935,3.20,4.80
2009.03.24 16:47:05.773,1.6588,1.6593,3.20,4.80
2009.03.24 16:47:06.063,1.6588,1.65935,3.20,4.80
2009.03.24 16:47:08.903,1.65885,1.65935,5.20,4.80
2009.03.24 16:47:09.142,1.65885,1.65945,5.20,4.80
2009.03.24 16:47:12.091,1.6588,1.6594,5.20,4.80
2009.03.24 16:47:12.392,1.6588,1.6594,5.20,5.00
2009.03.24 16:47:12.612,1.6588,1.6594,5.20,1.00
2009.03.24 16:47:13.341,1.6588,1.6594,5.20,5.00
2009.03.24 16:47:13.571,1.65885,1.6594,2.00,5.00
2009.03.24 16:47:13.851,1.65885,1.6594,2.00,4.80
2009.03.24 16:47:14.281,1.65885,1.65935,2.00,4.80
2009.03.24 16:47:16.861,1.65885,1.6594,2.00,4.80
2009.03.24 16:47:20.540,1.65885,1.65935,2.00,4.80
2009.03.24 16:47:20.699,1.65885,1.65935,3.20,4.80
2009.03.24 16:47:21.149,1.65905,1.65945,3.20,1.00
2009.03.24 16:47:21.499,1.65905,1.65945,5.20,1.00
2009.03.24 16:47:21.949,1.6589,1.6595,3.20,5.00
2009.03.24 16:47:22.239,1.6589,1.6595,3.20,1.00
2009.03.24 16:47:22.649,1.65905,1.6595,3.20,1.00
2009.03.24 16:47:22.939,1.65905,1.65945,5.20,1.00
2009.03.24 16:47:23.159,1.65905,1.6595,5.20,1.00
2009.03.24 16:47:24.489,1.65905,1.65945,5.20,1.00
2009.03.24 16:47:24.668,1.6589,1.65945,3.20,1.00
2009.03.24 16:47:26.438,1.65905,1.65945,5.20,1.00
2009.03.24 16:47:31.717,1.6592,1.6595,3.20,4.80
2009.03.24 16:47:32.017,1.6592,1.65955,3.20,1.00
2009.03.24 16:47:32.307,1.65915,1.65955,5.20,1.00
2009.03.24 16:47:32.967,1.6593,1.65955,3.20,1.00
2009.03.24 16:47:33.236,1.6593,1.6596,3.20,1.00
2009.03.24 16:47:34.996,1.65925,1.6596,5.20,1.00
2009.03.24 16:47:35.676,1.6593,1.65965,3.20,1.00
2009.03.24 16:47:38.385,1.6594,1.6597,3.20,1.00
2009.03.24 16:47:41.445,1.6594,1.65975,3.20,1.00
2009.03.24 16:47:41.674,1.6595,1.65975,3.20,1.00
2009.03.24 16:47:42.025,1.6595,1.65985,3.20,5.00
2009.03.24 16:47:42.144,1.6595,1.6599,3.20,1.00
2009.03.24 16:47:42.944,1.65955,1.66,5.20,5.00
2009.03.24 16:47:43.184,1.6596,1.66,2.00,5.00
2009.03.24 16:47:43.584,1.65945,1.66,3.20,1.00
2009.03.24 16:47:43.874,1.65945,1.66,3.20,5.00
2009.03.24 16:47:44.104,1.65945,1.66,3.20,4.80
2009.03.24 16:47:44.384,1.6595,1.66,3.20,4.80
2009.03.24 16:47:45.034,1.6595,1.6601,3.20,5.00
2009.03.24 16:47:45.833,1.6595,1.66005,3.20,5.00
2009.03.24 16:47:47.693,1.6595,1.66,3.20,1.00
2009.03.24 16:47:48.203,1.6595,1.65995,3.20,1.00
2009.03.24 16:47:52.062,1.6594,1.6598,3.20,1.00
2009.03.24 16:47:52.342,1.6594,1.65975,3.20,1.00
2009.03.24 16:47:52.742,1.65935,1.65975,3.20,1.00
2009.03.24 16:47:53.032,1.6593,1.65975,3.20,1.00
2009.03.24 16:47:53.322,1.6593,1.65965,3.20,1.00
2009.03.24 16:47:54.122,1.6593,1.6597,3.20,1.00
2009.03.24 16:47:55.193,1.65925,1.65965,3.20,1.00
2009.03.24 16:47:55.711,1.6593,1.65975,3.20,1.00
2009.03.24 16:47:56.091,1.65935,1.65975,3.20,1.00
2009.03.24 16:47:57.100,1.65935,1.6596,3.20,1.00
2009.03.24 16:47:57.441,1.65925,1.6596,5.20,1.00
2009.03.24 16:47:57.681,1.65915,1.6596,5.20,1.00
2009.03.24 16:47:57.920,1.659,1.6596,9.40,1.00
2009.03.24 16:47:58.150,1.659,1.65955,6.40,1.00
2009.03.24 16:47:58.680,1.659,1.65955,6.40,5.00
2009.03.24 16:47:59.080,1.659,1.65945,6.40,1.00
2009.03.24 16:48:00.340,1.659,1.65955,6.40,4.80
2009.03.24 16:48:00.620,1.659,1.6596,6.40,1.00
2009.03.24 16:48:00.680,1.659,1.65945,6.40,1.00
2009.03.24 16:48:01.209,1.659,1.65955,6.40,1.00
2009.03.24 16:48:01.470,1.659,1.65955,6.40,5.00
2009.03.24 16:48:01.939,1.65905,1.6596,3.20,5.00
2009.03.24 16:48:02.289,1.65895,1.65955,6.40,1.00
2009.03.24 16:48:02.519,1.65895,1.65945,3.20,1.00
2009.03.24 16:48:04.419,1.6589,1.65945,6.40,1.00
2009.03.24 16:48:05.919,1.6589,1.65945,3.20,1.00
2009.03.24 16:48:11.877,1.65895,1.65945,3.20,1.00
2009.03.24 16:48:13.927,1.6589,1.65945,6.40,1.00
2009.03.24 16:48:15.396,1.659,1.65945,6.40,1.00
2009.03.24 16:48:15.626,1.659,1.6595,6.40,1.00
2009.03.24 16:48:17.446,1.659,1.6595,3.20,1.00
2009.03.24 16:48:17.726,1.65885,1.65945,6.20,1.00
2009.03.24 16:48:17.906,1.65895,1.65945,3.00,1.00
2009.03.24 16:48:20.445,1.6588,1.65945,5.20,5.00
2009.03.24 16:48:21.795,1.65895,1.65945,3.20,5.00
2009.03.24 16:48:21.905,1.65895,1.6595,3.20,1.00
2009.03.24 16:48:22.074,1.65885,1.6595,6.40,1.00
2009.03.24 16:48:22.534,1.65885,1.6595,8.40,1.00
2009.03.24 16:48:22.644,1.65885,1.6595,8.40,5.00
2009.03.24 16:48:23.255,1.65885,1.6595,8.40,1.00
2009.03.24 16:48:23.724,1.65885,1.65945,6.40,1.00
2009.03.24 16:48:23.946,1.65885,1.6595,8.40,1.00
2009.03.24 16:48:24.244,1.65885,1.6595,8.40,5.00
2009.03.24 16:48:24.914,1.65895,1.65945,6.40,1.00
2009.03.24 16:48:25.254,1.65895,1.6595,3.20,5.00
2009.03.24 16:48:25.424,1.6589,1.65945,3.20,4.80
2009.03.24 16:48:25.594,1.6588,1.65945,11.60,1.00
2009.03.24 16:48:25.754,1.6589,1.6595,3.20,1.00
2009.03.24 16:48:29.963,1.6588,1.65945,8.40,6.80
2009.03.24 16:48:30.553,1.6589,1.65945,3.20,6.80
2009.03.24 16:48:31.003,1.6589,1.65945,3.20,2.00
2009.03.24 16:48:35.491,1.6588,1.65945,8.40,2.00
2009.03.24 16:48:35.661,1.6588,1.6594,8.40,4.80
2009.03.24 16:48:40.200,1.65895,1.65945,3.20,2.00
2009.03.24 16:48:40.320,1.65895,1.65945,3.20,1.60
2009.03.24 16:48:40.650,1.65895,1.6595,3.20,1.00
2009.03.24 16:48:42.300,1.65895,1.65945,3.20,1.00
2009.03.24 16:48:42.640,1.65895,1.6595,3.20,1.00
2009.03.24 16:48:43.560,1.65885,1.65945,3.20,1.00
2009.03.24 16:48:44.179,1.6588,1.65945,8.40,1.00
2009.03.24 16:48:44.929,1.6588,1.65945,8.40,5.00
2009.03.24 16:48:45.319,1.6588,1.6594,8.40,1.00
2009.03.24 16:48:45.539,1.65885,1.65945,3.20,5.00
2009.03.24 16:48:46.039,1.6588,1.65945,8.40,5.00
2009.03.24 16:48:46.379,1.65875,1.65935,2.00,1.00
2009.03.24 16:48:46.828,1.65875,1.6593,5.20,4.80
2009.03.24 16:48:47.119,1.6588,1.6593,3.20,4.80
2009.03.24 16:48:47.298,1.6588,1.6594,3.20,1.00
2009.03.24 16:48:55.926,1.6588,1.6594,3.20,5.00
2009.03.24 16:48:57.996,1.6588,1.6594,3.20,6.80
2009.03.24 16:48:58.526,1.6588,1.6594,3.20,2.00
2009.03.24 16:48:59.516,1.65875,1.65935,3.20,1.00
2009.03.24 16:48:59.686,1.65875,1.65935,3.20,5.00
2009.03.24 16:48:59.865,1.65875,1.65935,3.20,1.00
2009.03.24 16:49:00.055,1.6588,1.6594,3.20,6.80
2009.03.24 16:49:00.275,1.6588,1.6594,3.20,2.00
2009.03.24 16:49:04.774,1.6588,1.6594,3.20,1.80
2009.03.24 16:49:04.944,1.6588,1.6594,3.20,1.00
2009.03.24 16:49:09.153,1.6588,1.65945,5.20,1.00
2009.03.24 16:49:13.893,1.6588,1.6594,3.20,1.00
2009.03.24 16:49:36.186,1.6587,1.65935,5.20,5.00
2009.03.24 16:49:36.427,1.65875,1.65935,2.00,5.00
2009.03.24 16:49:36.777,1.65875,1.6592,2.00,4.80
2009.03.24 16:49:38.196,1.6588,1.6592,2.00,4.80
2009.03.24 16:49:38.476,1.6588,1.65925,2.00,4.80
2009.03.24 16:49:43.185,1.6586,1.6592,3.60,5.00
2009.03.24 16:49:43.425,1.6587,1.6592,2.00,5.00
2009.03.24 16:49:44.735,1.6587,1.65925,2.00,6.40
2009.03.24 16:49:45.064,1.6587,1.6592,2.00,1.00
2009.03.24 16:49:45.295,1.6587,1.65925,2.00,6.40
2009.03.24 16:49:45.584,1.6587,1.65925,2.00,1.60
2009.03.24 16:49:45.754,1.6587,1.65925,2.00,6.40
2009.03.24 16:49:46.264,1.6587,1.65925,2.00,1.60
2009.03.24 16:49:47.364,1.6586,1.65925,8.40,2.00
2009.03.24 16:49:48.363,1.6586,1.6592,3.20,1.00
2009.03.24 16:49:49.034,1.6586,1.6592,5.20,4.80
2009.03.24 16:49:49.273,1.6586,1.6591,5.20,1.00
2009.03.24 16:49:49.484,1.6586,1.6591,5.20,1.60
2009.03.24 16:49:50.563,1.6586,1.6591,3.20,1.60
2009.03.24 16:49:50.843,1.6587,1.6591,2.00,1.60
2009.03.24 16:49:51.184,1.6587,1.6593,2.00,1.00
2009.03.24 16:49:51.403,1.65865,1.6593,5.20,1.00
2009.03.24 16:49:51.513,1.6588,1.6595,2.00,3.20
2009.03.24 16:49:51.923,1.6588,1.65945,2.00,1.00
2009.03.24 16:49:52.273,1.65865,1.65955,6.40,3.00
2009.03.24 16:49:52.752,1.65885,1.6596,2.00,3.40
2009.03.24 16:49:53.952,1.65885,1.6596,2.00,3.20
2009.03.24 16:49:54.112,1.65885,1.6596,2.00,3.00
2009.03.24 16:49:54.332,1.65885,1.65965,2.00,8.20
2009.03.24 16:49:54.452,1.65865,1.6595,6.40,4.80
2009.03.24 16:49:54.622,1.6588,1.65945,2.00,1.00
2009.03.24 16:49:55.242,1.65885,1.6595,2.00,4.80
2009.03.24 16:49:55.582,1.65885,1.65955,2.00,5.00
2009.03.24 16:49:56.152,1.65885,1.65955,2.00,1.00
2009.03.24 16:49:57.252,1.65895,1.6596,2.00,1.00
2009.03.24 16:49:57.821,1.6589,1.6595,2.00,1.00
2009.03.24 16:49:58.351,1.659,1.6596,2.00,5.00
2009.03.24 16:49:58.631,1.65905,1.6596,2.00,4.80
2009.03.24 16:49:58.911,1.65905,1.65965,2.00,1.00
2009.03.24 16:49:59.381,1.65905,1.65965,2.00,5.00
2009.03.24 16:49:59.501,1.659,1.6596,2.00,1.00
2009.03.24 16:49:59.713,1.65895,1.65955,2.00,1.00
2009.03.24 16:49:59.944,1.65895,1.6595,2.00,1.00
2009.03.24 16:50:01.190,1.659,1.6595,2.00,1.00
2009.03.24 16:50:03.970,1.65925,1.65995,5.20,5.00
2009.03.24 16:50:04.330,1.65945,1.66005,2.00,1.00
2009.03.24 16:50:04.720,1.6595,1.6601,2.00,4.80
2009.03.24 16:50:05.180,1.6595,1.66015,2.00,1.00
2009.03.24 16:50:05.700,1.65955,1.66015,2.00,1.00
2009.03.24 16:50:05.989,1.6596,1.6602,2.00,1.00
2009.03.24 16:50:07.919,1.65965,1.6602,2.00,1.00
2009.03.24 16:50:08.489,1.65965,1.66025,2.00,1.00
2009.03.24 16:50:09.648,1.6595,1.66005,6.40,1.00
2009.03.24 16:50:10.118,1.6595,1.66005,3.20,1.00
2009.03.24 16:50:12.578,1.6595,1.66015,3.20,5.00
2009.03.24 16:50:12.928,1.6595,1.66015,3.20,1.00
2009.03.24 16:50:13.089,1.6595,1.6601,3.20,1.00
2009.03.24 16:50:13.438,1.65955,1.6601,3.20,1.00
2009.03.24 16:50:13.728,1.65955,1.66015,3.20,1.00
2009.03.24 16:50:15.897,1.65955,1.66015,6.40,1.00
2009.03.24 16:50:18.766,1.65955,1.66015,9.60,1.00
2009.03.24 16:50:19.506,1.65975,1.66025,2.00,4.80
2009.03.24 16:50:20.076,1.65975,1.66035,2.00,4.80
2009.03.24 16:50:20.426,1.65975,1.66035,2.00,1.00
2009.03.24 16:50:20.826,1.6596,1.66025,8.40,1.00
2009.03.24 16:50:21.186,1.65965,1.6603,2.00,1.00
2009.03.24 16:50:21.706,1.6596,1.6602,2.00,1.00
2009.03.24 16:50:22.226,1.65965,1.66025,2.00,5.00
2009.03.24 16:50:22.455,1.65965,1.66025,2.00,4.80
2009.03.24 16:50:22.625,1.65965,1.6603,2.00,5.00
2009.03.24 16:50:23.095,1.65965,1.6603,3.20,5.00
2009.03.24 16:50:23.375,1.6597,1.6603,6.40,4.80
2009.03.24 16:50:23.725,1.65975,1.6604,3.20,4.80
2009.03.24 16:50:24.075,1.65975,1.66045,3.20,5.00
2009.03.24 16:50:24.605,1.6597,1.6604,8.40,1.00
2009.03.24 16:50:24.725,1.6598,1.6604,2.00,1.00
2009.03.24 16:50:25.125,1.6597,1.66025,6.40,1.00
2009.03.24 16:50:28.954,1.6597,1.66035,8.40,5.00
2009.03.24 16:50:29.244,1.6597,1.66035,8.40,1.00
2009.03.24 16:50:29.764,1.65975,1.66035,3.20,1.00
2009.03.24 16:50:30.054,1.65975,1.66035,6.40,1.00
2009.03.24 16:50:30.293,1.65975,1.66035,9.60,1.00
2009.03.24 16:50:30.863,1.65985,1.66045,8.40,4.80
2009.03.24 16:50:31.153,1.65985,1.66055,8.40,5.00
2009.03.24 16:50:31.333,1.65995,1.66055,3.20,5.00
2009.03.24 16:50:31.453,1.65995,1.66055,3.20,1.00
2009.03.24 16:50:32.333,1.65995,1.6606,3.20,5.00
2009.03.24 16:50:32.513,1.65995,1.6606,3.20,1.00
2009.03.24 16:50:33.033,1.66,1.66065,3.20,5.00
2009.03.24 16:50:33.213,1.66,1.66065,3.20,1.00
2009.03.24 16:50:33.443,1.66,1.6607,6.40,5.00
2009.03.24 16:50:33.683,1.66005,1.66055,3.20,1.00
2009.03.24 16:50:33.983,1.66005,1.66045,3.20,1.00
2009.03.24 16:50:34.552,1.66005,1.6608,3.20,4.80
2009.03.24 16:50:34.783,1.66005,1.66085,3.20,1.00
2009.03.24 16:50:35.422,1.6602,1.6609,3.20,1.00
2009.03.24 16:50:35.773,1.6602,1.66075,3.20,1.00
2009.03.24 16:50:36.053,1.66015,1.6607,3.20,1.00
2009.03.24 16:50:36.942,1.66035,1.6607,3.20,1.00
2009.03.24 16:50:37.282,1.66035,1.66055,3.20,1.00
2009.03.24 16:50:37.632,1.66015,1.66055,3.20,1.00
2009.03.24 16:50:42.631,1.6599,1.66045,6.20,1.00
2009.03.24 16:50:42.860,1.6599,1.66045,6.40,1.00
2009.03.24 16:50:43.090,1.6598,1.66045,5.20,1.00
2009.03.24 16:50:43.530,1.65985,1.66045,2.00,1.00
2009.03.24 16:50:44.160,1.65985,1.6604,2.00,4.80
2009.03.24 16:50:45.540,1.6599,1.6604,6.40,5.00
2009.03.24 16:50:45.810,1.65995,1.6604,3.20,5.00
2009.03.24 16:50:45.930,1.65995,1.6605,3.20,1.00
2009.03.24 16:50:46.160,1.66,1.6605,3.20,1.00
2009.03.24 16:50:47.229,1.66005,1.6605,3.20,1.00
2009.03.24 16:50:47.569,1.66005,1.66065,6.40,5.00
2009.03.24 16:50:47.809,1.66005,1.6606,3.20,1.00
2009.03.24 16:50:48.049,1.65995,1.6606,5.20,1.00
2009.03.24 16:50:49.239,1.66,1.6606,2.00,1.00
2009.03.24 16:50:49.409,1.65995,1.66055,2.00,1.00
2009.03.24 16:50:49.869,1.66005,1.66055,3.20,1.00
2009.03.24 16:50:50.219,1.66005,1.6606,3.20,5.00
2009.03.24 16:50:50.678,1.66,1.6606,2.00,1.00
2009.03.24 16:50:51.298,1.66,1.66065,2.00,4.80
2009.03.24 16:50:51.478,1.66,1.66065,2.00,5.00
2009.03.24 16:50:51.668,1.66005,1.66065,3.20,5.00
2009.03.24 16:50:52.298,1.66,1.66065,2.00,1.00
2009.03.24 16:50:52.578,1.65995,1.6605,2.00,4.80
2009.03.24 16:50:52.928,1.65995,1.6605,2.00,5.00
2009.03.24 16:50:53.108,1.65995,1.66045,2.00,4.80
2009.03.24 16:50:53.728,1.65995,1.6604,2.00,4.80
2009.03.24 16:50:54.178,1.6598,1.6604,2.00,5.00
2009.03.24 16:50:55.328,1.6597,1.66035,5.20,1.00
2009.03.24 16:50:55.677,1.65975,1.66035,2.00,5.00
2009.03.24 16:50:55.857,1.6598,1.66035,2.00,4.80
2009.03.24 16:50:56.077,1.6598,1.6604,2.00,5.00
2009.03.24 16:50:56.717,1.65975,1.66035,2.00,1.00
2009.03.24 16:50:57.377,1.65975,1.66035,2.00,5.00
2009.03.24 16:50:57.827,1.6597,1.6603,2.00,1.00
2009.03.24 16:51:00.516,1.65975,1.66035,5.20,4.80
2009.03.24 16:51:00.966,1.65975,1.66045,5.20,5.00
2009.03.24 16:51:04.365,1.65975,1.6604,5.20,1.00
2009.03.24 16:51:04.645,1.65975,1.6604,5.20,5.00
2009.03.24 16:51:06.065,1.65975,1.66035,2.00,1.00
2009.03.24 16:51:06.395,1.6597,1.6603,2.00,1.00
2009.03.24 16:51:06.456,1.65965,1.6603,8.40,1.00
2009.03.24 16:51:06.685,1.65965,1.66025,8.40,4.80
2009.03.24 16:51:06.905,1.65965,1.6603,8.40,1.00
2009.03.24 16:51:14.703,1.6598,1.6603,2.00,1.00
2009.03.24 16:51:15.272,1.65975,1.6603,2.00,1.00
2009.03.24 16:51:15.442,1.6597,1.6603,5.20,5.00
2009.03.24 16:51:15.623,1.6597,1.6603,5.20,4.80
2009.03.24 16:51:15.912,1.6597,1.66035,5.20,1.00
2009.03.24 16:51:17.622,1.6598,1.6604,2.00,5.20
2009.03.24 16:51:18.462,1.6598,1.6604,2.00,1.00
2009.03.24 16:51:18.752,1.6598,1.6604,2.00,1.00
2009.03.24 16:51:21.661,1.6598,1.6603,2.00,1.00
2009.03.24 16:51:22.631,1.65985,1.66045,2.00,12.20
2009.03.24 16:51:22.921,1.65985,1.66045,2.00,3.40
2009.03.24 16:51:23.481,1.6599,1.66045,2.00,3.40
2009.03.24 16:51:23.720,1.6599,1.6604,2.00,5.20
2009.03.24 16:51:23.950,1.6599,1.6604,2.00,5.00
2009.03.24 16:51:24.180,1.6599,1.6603,2.00,4.80
2009.03.24 16:51:24.690,1.65985,1.6603,2.00,4.80
2009.03.24 16:51:25.040,1.65985,1.66035,2.00,4.80
2009.03.24 16:51:25.270,1.6599,1.66045,2.00,4.80
2009.03.24 16:51:25.490,1.6599,1.66045,2.00,1.00
2009.03.24 16:51:27.779,1.65985,1.66045,2.00,1.00
2009.03.24 16:51:28.179,1.65985,1.6604,2.00,1.00
2009.03.24 16:51:28.469,1.6598,1.6604,2.00,1.00
2009.03.24 16:51:28.581,1.65985,1.6604,2.00,4.80
2009.03.24 16:51:29.159,1.65985,1.6604,2.00,4.80
2009.03.24 16:51:29.379,1.65985,1.66045,2.00,5.00
2009.03.24 16:51:29.489,1.6599,1.6605,2.00,5.20
2009.03.24 16:51:29.609,1.65995,1.66055,2.00,1.00
2009.03.24 16:51:30.079,1.66005,1.6606,2.00,4.80
2009.03.24 16:51:30.250,1.66005,1.66065,2.00,5.00
2009.03.24 16:51:30.669,1.66005,1.66065,3.20,4.80
2009.03.24 16:51:30.959,1.6601,1.6607,3.20,4.80
2009.03.24 16:51:31.189,1.6601,1.66085,6.40,1.00
2009.03.24 16:51:31.589,1.6601,1.66075,8.40,1.00
2009.03.24 16:51:32.049,1.6602,1.6609,2.00,1.00
2009.03.24 16:51:32.429,1.6601,1.66085,8.40,1.00
2009.03.24 16:51:32.719,1.6601,1.66075,3.20,1.00
2009.03.24 16:51:32.939,1.66005,1.66075,6.40,5.00
2009.03.24 16:51:34.758,1.66005,1.66075,8.40,4.80
2009.03.24 16:51:35.369,1.66005,1.6608,8.40,5.00
2009.03.24 16:51:35.488,1.66005,1.66075,6.40,1.00
2009.03.24 16:51:35.598,1.66005,1.6608,8.40,5.00
2009.03.24 16:51:35.828,1.66015,1.66075,3.20,1.00
2009.03.24 16:51:36.158,1.66015,1.6608,3.20,4.80
2009.03.24 16:51:36.387,1.66015,1.66075,3.20,1.00
2009.03.24 16:51:36.897,1.6602,1.6608,3.20,4.80
2009.03.24 16:51:37.237,1.6602,1.66085,3.20,4.80
2009.03.24 16:51:37.937,1.6602,1.66085,3.20,5.00
2009.03.24 16:51:38.497,1.6602,1.66085,3.20,4.80
2009.03.24 16:51:38.677,1.6602,1.66085,3.20,5.00
2009.03.24 16:51:40.257,1.6602,1.66075,3.20,1.00
2009.03.24 16:51:40.487,1.6602,1.66085,3.20,5.00
2009.03.24 16:51:41.286,1.66015,1.66085,3.20,5.00
2009.03.24 16:51:41.626,1.66015,1.6608,3.20,1.00
2009.03.24 16:51:43.426,1.66015,1.66085,3.20,4.80
2009.03.24 16:51:43.705,1.6602,1.66085,3.20,4.80
2009.03.24 16:51:44.286,1.6602,1.6609,3.20,5.00
2009.03.24 16:51:44.976,1.6602,1.66075,3.20,1.00
2009.03.24 16:51:45.275,1.66015,1.66075,3.20,1.00
2009.03.24 16:51:46.225,1.66015,1.6607,3.20,1.00
2009.03.24 16:51:47.055,1.66025,1.6607,3.20,1.00
2009.03.24 16:51:47.295,1.66025,1.66075,3.20,1.00
2009.03.24 16:51:47.685,1.6601,1.66075,8.40,1.00
2009.03.24 16:51:47.794,1.6601,1.6607,3.20,1.00
2009.03.24 16:51:48.775,1.6601,1.66065,3.20,1.00
2009.03.24 16:51:49.064,1.6602,1.66065,3.20,1.00
2009.03.24 16:51:49.424,1.66015,1.6605,3.00,1.00
2009.03.24 16:51:49.694,1.66,1.6606,2.00,1.00
2009.03.24 16:51:50.844,1.66005,1.6606,2.00,1.00
2009.03.24 16:51:53.453,1.6601,1.6606,2.00,1.00
2009.03.24 16:51:53.743,1.66005,1.6606,2.00,1.00
2009.03.24 16:51:53.853,1.65995,1.6606,5.20,1.00
2009.03.24 16:51:58.132,1.66005,1.66065,2.00,1.00
2009.03.24 16:51:58.602,1.66005,1.66065,2.00,5.00
2009.03.24 16:51:59.732,1.65995,1.6606,5.20,1.00
2009.03.24 16:52:02.061,1.66005,1.66065,2.00,1.00
2009.03.24 16:52:04.711,1.65995,1.6606,5.20,1.00
2009.03.24 16:52:05.960,1.66005,1.66065,2.00,1.00
2009.03.24 16:52:06.640,1.66015,1.6607,2.00,1.00
2009.03.24 16:52:07.090,1.66,1.66065,5.20,1.00
2009.03.24 16:52:07.320,1.66015,1.6607,2.00,1.00
2009.03.24 16:52:07.850,1.6601,1.6607,2.00,1.00
2009.03.24 16:52:08.410,1.66015,1.6607,2.00,1.00
2009.03.24 16:52:09.779,1.66025,1.6607,2.00,1.00
2009.03.24 16:52:10.069,1.66015,1.6607,2.00,1.00
2009.03.24 16:52:11.619,1.66025,1.6607,2.00,1.00
2009.03.24 16:52:11.909,1.66025,1.6608,2.00,1.00
2009.03.24 16:52:15.418,1.6602,1.6608,2.00,1.00
2009.03.24 16:52:15.588,1.66025,1.6608,2.00,1.00
2009.03.24 16:52:15.708,1.6601,1.66075,5.20,1.00
2009.03.24 16:52:15.948,1.6601,1.6607,5.20,1.00
2009.03.24 16:52:20.947,1.66015,1.6606,2.00,1.00
2009.03.24 16:52:22.117,1.66025,1.66075,2.00,4.80
2009.03.24 16:52:22.337,1.6604,1.66075,2.00,4.80
2009.03.24 16:52:22.736,1.66045,1.6607,2.00,1.00
2009.03.24 16:52:22.956,1.66045,1.66075,2.00,4.80
2009.03.24 16:52:23.196,1.66035,1.6608,2.00,1.00
2009.03.24 16:52:23.426,1.6605,1.661,2.00,4.80
2009.03.24 16:52:23.796,1.66055,1.66115,2.00,5.20
2009.03.24 16:52:24.016,1.66055,1.6611,2.00,4.80
2009.03.24 16:52:24.576,1.6606,1.6611,2.00,4.80
2009.03.24 16:52:24.746,1.66065,1.6611,2.00,4.80
2009.03.24 16:52:24.966,1.6606,1.6612,2.00,5.00
2009.03.24 16:52:25.556,1.6606,1.6611,2.00,4.80
2009.03.24 16:52:26.076,1.6607,1.6611,2.00,4.80
2009.03.24 16:52:26.585,1.66075,1.66125,2.00,4.80
2009.03.24 16:52:26.975,1.6607,1.66125,2.00,4.80
2009.03.24 16:52:27.145,1.66075,1.66125,2.00,4.80
2009.03.24 16:52:27.715,1.66075,1.6613,2.00,1.00
2009.03.24 16:52:27.885,1.66075,1.66135,2.00,5.00
2009.03.24 16:52:28.225,1.66075,1.66135,2.00,1.00
2009.03.24 16:52:28.515,1.66085,1.6614,2.00,1.00
2009.03.24 16:52:28.755,1.6608,1.6613,2.00,1.00
2009.03.24 16:52:29.045,1.6606,1.6612,3.20,1.00
2009.03.24 16:52:29.455,1.66055,1.6612,11.60,1.00
2009.03.24 16:52:29.685,1.66045,1.66105,3.20,1.00
2009.03.24 16:52:30.095,1.66055,1.66105,2.00,4.80
2009.03.24 16:52:30.615,1.66055,1.6612,2.00,5.00
2009.03.24 16:52:31.534,1.66055,1.6612,2.00,4.80
2009.03.24 16:52:31.764,1.66055,1.6613,2.00,5.00
2009.03.24 16:52:34.424,1.6605,1.6612,3.20,1.00
2009.03.24 16:52:34.654,1.66045,1.66115,5.20,1.00
2009.03.24 16:52:34.773,1.66045,1.66115,5.20,4.40
2009.03.24 16:52:35.233,1.66045,1.66115,5.20,4.00
2009.03.24 16:52:35.523,1.66045,1.6612,5.20,4.80
2009.03.24 16:52:35.703,1.66055,1.6612,2.00,4.80
2009.03.24 16:52:35.934,1.66055,1.6612,3.20,4.80
2009.03.24 16:52:36.043,1.66055,1.6613,6.40,4.80
2009.03.24 16:52:36.274,1.66065,1.6613,3.20,4.80
2009.03.24 16:52:36.443,1.66065,1.6613,6.40,4.80
2009.03.24 16:52:37.173,1.66065,1.66125,3.20,1.00
2009.03.24 16:52:37.473,1.66065,1.6614,5.20,5.00
2009.03.24 16:52:37.763,1.6607,1.6614,3.20,4.80
2009.03.24 16:52:38.043,1.6607,1.66145,3.20,5.00
2009.03.24 16:52:38.333,1.6608,1.6614,3.20,1.00
2009.03.24 16:52:38.852,1.6608,1.66155,3.20,4.00
2009.03.24 16:52:39.082,1.6608,1.6616,3.20,5.00
2009.03.24 16:52:39.372,1.6608,1.66155,3.20,4.80
2009.03.24 16:52:39.972,1.6608,1.6614,3.20,1.00
2009.03.24 16:52:40.322,1.66075,1.6614,8.40,1.00
2009.03.24 16:52:40.442,1.66075,1.6614,3.20,1.00
2009.03.24 16:52:40.662,1.66075,1.6613,3.20,1.00
2009.03.24 16:52:41.112,1.6609,1.66125,3.20,1.00
2009.03.24 16:52:41.232,1.6608,1.66125,3.20,1.00
2009.03.24 16:52:41.402,1.6607,1.66125,3.20,1.00
2009.03.24 16:52:41.562,1.6609,1.66135,3.20,1.00
2009.03.24 16:52:47.421,1.6609,1.6614,3.20,1.00
2009.03.24 16:52:47.531,1.6609,1.66135,3.20,1.00
2009.03.24 16:52:55.369,1.6609,1.66145,3.20,1.00
2009.03.24 16:52:56.118,1.6609,1.6615,3.20,5.00
2009.03.24 16:52:56.468,1.6609,1.6615,3.20,1.00
2009.03.24 16:52:56.868,1.6609,1.6615,4.00,1.00
2009.03.24 16:52:57.048,1.66095,1.66155,5.20,4.80
2009.03.24 16:52:57.408,1.661,1.66155,3.20,4.80
2009.03.24 16:52:57.688,1.6611,1.66165,3.20,1.00
2009.03.24 16:53:01.837,1.6611,1.6617,3.20,1.00
2009.03.24 16:53:04.096,1.6612,1.6617,2.00,1.00
2009.03.24 16:53:04.446,1.66115,1.66175,8.40,4.80
2009.03.24 16:53:04.556,1.66125,1.66175,3.20,4.80
2009.03.24 16:53:04.726,1.66125,1.6619,5.20,5.00
2009.03.24 16:53:09.325,1.66135,1.6619,3.20,5.00
2009.03.24 16:53:09.565,1.66135,1.6619,3.20,4.80
2009.03.24 16:53:09.685,1.66135,1.66195,3.20,5.00
2009.03.24 16:53:12.354,1.66135,1.6619,2.00,1.00
2009.03.24 16:53:13.604,1.66135,1.66195,2.00,5.00
2009.03.24 16:53:13.654,1.66135,1.6619,2.00,5.00
2009.03.24 16:53:14.234,1.6614,1.6619,2.00,5.00
2009.03.24 16:53:14.814,1.66145,1.6619,2.00,5.00
2009.03.24 16:53:16.264,1.66125,1.6619,2.00,5.00
2009.03.24 16:53:16.485,1.66125,1.66185,2.00,4.80
2009.03.24 16:53:16.654,1.66125,1.6618,3.20,4.80
2009.03.24 16:53:16.944,1.6612,1.6618,2.00,4.80
2009.03.24 16:53:17.053,1.6612,1.66175,2.00,4.80
2009.03.24 16:53:17.793,1.6613,1.66175,2.00,4.80
2009.03.24 16:53:18.833,1.66135,1.66175,2.00,4.80
2009.03.24 16:53:19.053,1.66135,1.66185,2.00,4.80
2009.03.24 16:53:19.283,1.66135,1.6619,2.00,5.00
2009.03.24 16:53:21.292,1.66135,1.6619,2.00,4.80
2009.03.24 16:53:25.581,1.6614,1.6619,2.00,4.80
2009.03.24 16:53:25.851,1.66135,1.6619,2.00,4.80
2009.03.24 16:53:27.301,1.66135,1.6619,2.00,5.00
2009.03.24 16:53:27.591,1.66135,1.6619,2.00,4.80
2009.03.24 16:53:27.771,1.6614,1.6619,2.00,4.80
2009.03.24 16:53:28.071,1.6614,1.662,2.00,1.00
2009.03.24 16:53:28.241,1.6614,1.6621,2.00,5.20
2009.03.24 16:53:28.411,1.6614,1.6621,2.00,1.00
2009.03.24 16:53:28.631,1.6614,1.6621,3.20,1.00
2009.03.24 16:53:29.070,1.6614,1.6622,3.20,5.20
2009.03.24 16:53:29.290,1.66135,1.66205,3.20,1.00
2009.03.24 16:53:29.451,1.66145,1.66205,3.20,1.00
2009.03.24 16:53:31.920,1.66145,1.6622,8.40,1.00
2009.03.24 16:53:32.310,1.66155,1.66215,3.20,1.00
2009.03.24 16:53:32.720,1.66155,1.6622,5.20,1.00
2009.03.24 16:53:33.229,1.66155,1.6622,8.40,1.00
2009.03.24 16:53:33.569,1.66155,1.6622,10.00,1.00
2009.03.24 16:53:33.789,1.6616,1.66225,5.20,1.00
2009.03.24 16:53:34.129,1.66165,1.66225,3.20,1.00
2009.03.24 16:53:34.829,1.6616,1.6622,5.00,1.00
2009.03.24 16:53:35.099,1.6616,1.6622,2.00,1.00
2009.03.24 16:53:35.849,1.6615,1.6622,8.40,1.00
2009.03.24 16:53:36.269,1.6615,1.66225,10.00,4.80
2009.03.24 16:53:36.439,1.66165,1.66225,3.20,4.80
2009.03.24 16:53:36.789,1.66165,1.66235,3.20,5.20
2009.03.24 16:53:37.889,1.6617,1.66235,1.60,5.20
2009.03.24 16:53:38.218,1.66175,1.66225,3.20,1.00
2009.03.24 16:53:38.338,1.66165,1.66225,3.20,1.00
2009.03.24 16:53:39.078,1.6615,1.66215,15.00,1.00
2009.03.24 16:53:39.198,1.6615,1.66215,12.00,1.00
2009.03.24 16:53:39.488,1.6616,1.66215,1.60,1.00
2009.03.24 16:53:39.878,1.6616,1.66215,2.40,1.00
2009.03.24 16:53:40.808,1.66165,1.66225,5.60,5.00
2009.03.24 16:53:40.978,1.66165,1.66225,5.60,1.00
2009.03.24 16:53:41.457,1.66165,1.66225,4.00,1.00
2009.03.24 16:53:41.627,1.66165,1.6622,3.20,1.00
2009.03.24 16:53:42.377,1.6617,1.6622,1.60,1.00
2009.03.24 16:53:42.727,1.6617,1.66235,4.00,1.00
2009.03.24 16:53:42.897,1.6617,1.66235,3.20,1.00
2009.03.24 16:53:43.137,1.6617,1.6623,3.20,1.00
2009.03.24 16:53:46.336,1.6616,1.6622,5.20,1.00
2009.03.24 16:53:46.516,1.66155,1.66215,5.20,1.00
2009.03.24 16:53:47.026,1.66155,1.66215,3.20,1.00
2009.03.24 16:53:47.556,1.66155,1.66215,5.20,1.00
2009.03.24 16:53:47.796,1.66155,1.6622,8.40,1.00
2009.03.24 16:53:49.056,1.6616,1.6622,2.00,1.00
2009.03.24 16:53:49.236,1.66145,1.66215,3.20,5.00
2009.03.24 16:53:49.536,1.6614,1.66215,3.20,4.80
2009.03.24 16:53:49.716,1.6614,1.6621,3.20,4.80
2009.03.24 16:53:49.945,1.6614,1.66205,3.20,4.80
2009.03.24 16:53:50.225,1.66135,1.66205,3.20,4.80
2009.03.24 16:53:51.685,1.66135,1.662,3.20,4.80
2009.03.24 16:53:51.975,1.6613,1.662,3.20,4.80
2009.03.24 16:53:52.675,1.6614,1.662,3.20,4.80
2009.03.24 16:53:53.024,1.6614,1.6621,3.20,1.00
2009.03.24 16:53:53.356,1.66135,1.6621,6.40,5.00
2009.03.24 16:53:53.534,1.66135,1.6621,3.20,5.00
2009.03.24 16:53:55.254,1.66135,1.6621,3.20,5.20
2009.03.24 16:53:55.974,1.66135,1.66205,3.20,1.00
2009.03.24 16:53:56.094,1.66135,1.66205,3.20,4.80
2009.03.24 16:53:56.334,1.66145,1.66205,3.20,4.80
2009.03.24 16:53:57.094,1.66135,1.66205,3.20,4.80
2009.03.24 16:54:01.442,1.66145,1.66205,2.00,5.20
2009.03.24 16:54:01.893,1.6614,1.662,2.00,1.00
2009.03.24 16:54:02.352,1.6614,1.662,2.00,5.00
2009.03.24 16:54:02.692,1.6613,1.6619,2.00,1.00
2009.03.24 16:54:03.162,1.6613,1.6619,2.00,5.00
2009.03.24 16:54:03.572,1.66145,1.6619,2.00,4.80
2009.03.24 16:54:03.792,1.66145,1.66195,2.00,4.00
2009.03.24 16:54:03.972,1.66145,1.66195,2.00,4.00
2009.03.24 16:54:04.132,1.661,1.6617,9.40,1.00
2009.03.24 16:54:04.372,1.66105,1.6619,6.40,1.00
2009.03.24 16:54:04.592,1.66105,1.6619,8.40,4.00
2009.03.24 16:54:04.942,1.6611,1.66205,5.20,1.00
2009.03.24 16:54:05.282,1.6612,1.66195,5.20,4.80
2009.03.24 16:54:05.462,1.6612,1.66195,5.20,1.00
2009.03.24 16:54:06.381,1.66125,1.66185,2.00,1.00
2009.03.24 16:54:09.471,1.66125,1.66185,2.00,1.00
2009.03.24 16:54:10.001,1.66125,1.66185,2.00,4.40
2009.03.24 16:54:12.260,1.66115,1.6617,2.00,1.00
2009.03.24 16:54:13.950,1.6611,1.6617,2.00,1.00
2009.03.24 16:54:14.251,1.66105,1.6617,5.20,1.00
2009.03.24 16:54:14.600,1.66115,1.66175,2.00,6.00
2009.03.24 16:54:14.719,1.6612,1.6618,2.00,3.20
2009.03.24 16:54:14.950,1.66105,1.6616,2.00,1.00
2009.03.24 16:54:15.419,1.66105,1.6616,2.00,1.00
2009.03.24 16:54:15.709,1.66105,1.6616,2.00,2.00
2009.03.24 16:54:16.549,1.66105,1.66155,2.00,1.00
2009.03.24 16:54:16.939,1.66115,1.66155,2.00,1.60
2009.03.24 16:54:17.229,1.6612,1.66155,2.00,1.60
2009.03.24 16:54:17.459,1.66085,1.6617,3.20,2.00
2009.03.24 16:54:17.749,1.6608,1.6617,3.20,6.80
2009.03.24 16:54:17.969,1.6608,1.66165,3.20,4.80
2009.03.24 16:54:18.478,1.6609,1.6616,3.20,1.00
2009.03.24 16:54:18.649,1.6609,1.6616,3.20,1.60
2009.03.24 16:54:18.928,1.6611,1.6616,2.00,1.60
2009.03.24 16:54:19.149,1.6611,1.6616,2.00,1.60
2009.03.24 16:54:19.368,1.6611,1.6617,2.00,6.80
2009.03.24 16:54:19.698,1.66115,1.6617,2.00,2.00
2009.03.24 16:54:19.928,1.66115,1.66165,2.00,1.00
2009.03.24 16:54:20.108,1.66125,1.6616,2.00,1.00
2009.03.24 16:54:20.388,1.6612,1.6616,2.00,1.00
2009.03.24 16:54:21.628,1.6612,1.66165,2.00,4.00
2009.03.24 16:54:21.928,1.6612,1.6617,2.00,2.00
2009.03.24 16:54:22.838,1.66125,1.6617,2.00,2.00
2009.03.24 16:54:23.127,1.6613,1.66175,2.00,1.80
2009.03.24 16:54:23.407,1.6613,1.66175,2.00,1.00
2009.03.24 16:54:23.697,1.6612,1.66165,3.20,1.00
2009.03.24 16:54:23.867,1.66115,1.6617,2.00,1.00
2009.03.24 16:54:24.037,1.6611,1.6617,2.00,5.00
2009.03.24 16:54:24.207,1.66105,1.66165,2.00,1.00
2009.03.24 16:54:25.347,1.6612,1.6617,2.00,1.00
2009.03.24 16:54:25.517,1.66105,1.6617,5.20,1.00
2009.03.24 16:54:25.737,1.6611,1.6617,2.00,1.00
2009.03.24 16:54:26.787,1.66095,1.6616,5.20,1.00
2009.03.24 16:54:27.136,1.661,1.6614,3.20,1.00
2009.03.24 16:54:27.496,1.66095,1.6613,3.20,1.00
2009.03.24 16:54:27.896,1.66085,1.6614,5.20,1.00
2009.03.24 16:54:28.126,1.6609,1.6614,2.00,1.00
2009.03.24 16:54:28.596,1.66095,1.66135,2.00,4.40
2009.03.24 16:54:28.876,1.66095,1.6614,2.00,1.00
2009.03.24 16:54:29.226,1.6608,1.6613,13.00,1.00
2009.03.24 16:54:29.516,1.66085,1.6613,2.00,1.00
2009.03.24 16:54:29.866,1.66075,1.6613,3.20,1.00
2009.03.24 16:54:32.255,1.6605,1.66105,3.20,1.00
2009.03.24 16:54:32.955,1.6605,1.66115,3.20,1.00
2009.03.24 16:54:33.265,1.66045,1.6611,3.20,4.80
2009.03.24 16:54:33.495,1.6604,1.6611,3.20,4.80
2009.03.24 16:54:33.725,1.6604,1.6611,6.40,4.80
2009.03.24 16:54:34.344,1.6604,1.6612,16.20,1.00
2009.03.24 16:54:34.625,1.66045,1.6612,3.20,1.00
2009.03.24 16:54:34.954,1.6606,1.6612,2.00,1.00
2009.03.24 16:54:35.804,1.6606,1.66125,2.00,4.40
2009.03.24 16:54:35.914,1.6606,1.66125,2.00,1.00
2009.03.24 16:54:36.254,1.6606,1.6612,2.00,1.00
2009.03.24 16:54:36.764,1.66065,1.6612,2.00,1.00
2009.03.24 16:54:37.044,1.66065,1.66125,2.00,1.00
2009.03.24 16:54:37.614,1.66065,1.6612,2.00,1.00
2009.03.24 16:54:38.064,1.6607,1.6612,2.00,1.00
2009.03.24 16:54:38.414,1.6607,1.66125,2.00,1.00
2009.03.24 16:54:39.154,1.6607,1.6612,2.00,1.00
2009.03.24 16:54:39.633,1.66065,1.66115,2.00,4.80
2009.03.24 16:54:39.813,1.6607,1.66115,2.00,4.80
2009.03.24 16:54:40.213,1.6605,1.6613,6.40,5.00
2009.03.24 16:54:40.393,1.6607,1.6613,2.00,5.00
2009.03.24 16:54:40.733,1.6607,1.66115,2.00,4.80
2009.03.24 16:54:40.913,1.66075,1.6613,2.00,1.00
2009.03.24 16:54:42.053,1.66075,1.66135,2.00,1.00
2009.03.24 16:54:42.572,1.66075,1.6613,2.00,1.00
2009.03.24 16:54:43.493,1.6607,1.6613,2.00,1.00
2009.03.24 16:54:43.553,1.66075,1.6613,2.00,1.00
2009.03.24 16:54:43.722,1.66075,1.6613,2.00,5.00
2009.03.24 16:54:44.022,1.66075,1.6613,2.00,1.00
2009.03.24 16:54:44.812,1.66075,1.6613,3.20,1.00
2009.03.24 16:54:45.242,1.66075,1.66135,3.20,1.00
2009.03.24 16:54:45.942,1.66085,1.66145,3.20,5.00
2009.03.24 16:54:46.232,1.66085,1.6614,3.20,4.80
2009.03.24 16:54:46.512,1.66085,1.66145,3.20,1.00
2009.03.24 16:54:46.732,1.6608,1.6614,8.40,1.00
2009.03.24 16:54:46.952,1.6608,1.6613,3.20,1.00
2009.03.24 16:54:47.551,1.66075,1.66125,2.00,1.00
2009.03.24 16:54:47.961,1.6606,1.66125,5.20,1.00
2009.03.24 16:54:48.311,1.66065,1.66125,2.00,1.00
2009.03.24 16:54:48.551,1.66075,1.6613,2.00,1.00
2009.03.24 16:54:49.451,1.66075,1.66135,2.00,1.00
2009.03.24 16:54:50.691,1.66075,1.6613,2.00,1.00
2009.03.24 16:54:50.921,1.66065,1.6612,2.00,1.00
2009.03.24 16:54:51.950,1.6607,1.6612,2.00,1.00
2009.03.24 16:54:52.300,1.6608,1.66135,2.00,1.60
2009.03.24 16:54:52.660,1.6608,1.6614,2.00,1.00
2009.03.24 16:54:53.060,1.6608,1.6613,2.00,1.00
2009.03.24 16:54:53.930,1.6608,1.6614,2.00,1.00
2009.03.24 16:54:55.249,1.66085,1.6614,2.00,1.00
2009.03.24 16:54:56.119,1.66085,1.66145,2.00,1.00
2009.03.24 16:54:56.529,1.66075,1.66135,2.00,1.00
2009.03.24 16:54:57.949,1.66085,1.66145,2.00,1.00
2009.03.24 16:54:58.119,1.6608,1.66145,5.20,1.00
2009.03.24 16:54:58.699,1.6609,1.6615,2.00,1.00
2009.03.24 16:54:59.000,1.66085,1.6615,3.60,1.00
2009.03.24 16:54:59.409,1.66095,1.6615,6.40,1.00
2009.03.24 16:54:59.649,1.661,1.66155,3.20,1.00
2009.03.24 16:54:59.879,1.66095,1.6616,8.40,1.00
2009.03.24 16:55:00.168,1.66095,1.6616,5.20,1.00
2009.03.24 16:55:00.578,1.66105,1.66165,2.00,1.00
2009.03.24 16:55:02.148,1.66095,1.6616,8.40,1.00
2009.03.24 16:55:02.478,1.661,1.66155,3.20,1.00
2009.03.24 16:55:02.588,1.661,1.6616,3.20,1.00
2009.03.24 16:55:03.478,1.661,1.66155,3.20,1.00
2009.03.24 16:55:03.698,1.661,1.66165,5.20,1.00
2009.03.24 16:55:04.317,1.661,1.6616,3.20,1.00
2009.03.24 16:55:04.897,1.661,1.66155,3.20,1.00
2009.03.24 16:55:05.657,1.6611,1.6616,3.20,1.00
2009.03.24 16:55:05.887,1.66115,1.6616,3.20,1.00
2009.03.24 16:55:06.117,1.66115,1.6617,3.20,1.00
2009.03.24 16:55:06.337,1.66115,1.66165,3.20,1.00
2009.03.24 16:55:12.135,1.66115,1.66165,3.20,1.00
2009.03.24 16:55:12.185,1.661,1.66165,8.40,1.00
2009.03.24 16:55:12.465,1.661,1.6616,6.40,1.00
2009.03.24 16:55:12.755,1.661,1.6615,3.20,1.00
2009.03.24 16:55:13.045,1.6609,1.6615,5.20,1.00
2009.03.24 16:55:13.275,1.6609,1.66155,5.20,1.00
2009.03.24 16:55:13.875,1.661,1.6616,2.00,6.80
2009.03.24 16:55:14.045,1.6611,1.6616,3.20,6.80
2009.03.24 16:55:14.225,1.6611,1.6616,3.20,2.00
2009.03.24 16:55:14.795,1.6611,1.6616,3.20,1.60
2009.03.24 16:55:15.135,1.66115,1.6617,3.20,1.60
2009.03.24 16:55:15.365,1.66115,1.66175,3.20,1.00
2009.03.24 16:55:16.275,1.66115,1.6618,5.20,1.00
2009.03.24 16:55:18.094,1.66115,1.66175,3.20,1.00
2009.03.24 16:55:18.364,1.6612,1.66175,3.20,1.00
2009.03.24 16:55:18.644,1.6612,1.66175,3.20,1.00
2009.03.24 16:55:18.864,1.6612,1.6618,3.20,5.00
2009.03.24 16:55:19.094,1.6612,1.6618,3.20,1.00
2009.03.24 16:55:20.344,1.6612,1.6618,6.40,1.00
2009.03.24 16:55:20.524,1.6613,1.6618,3.20,1.00
2009.03.24 16:55:20.643,1.6613,1.6619,3.20,6.80
2009.03.24 16:55:20.813,1.66115,1.6618,8.20,1.00
2009.03.24 16:55:21.093,1.66115,1.6618,5.20,1.00
2009.03.24 16:55:21.713,1.66115,1.66175,3.20,1.00
2009.03.24 16:55:22.003,1.66115,1.66175,6.40,1.00
2009.03.24 16:55:22.173,1.66115,1.66175,9.60,1.00
2009.03.24 16:55:22.403,1.66125,1.66185,2.00,1.00
2009.03.24 16:55:22.573,1.66145,1.66185,3.20,1.00
2009.03.24 16:55:22.993,1.66145,1.6619,3.20,1.00
2009.03.24 16:55:23.413,1.66155,1.6619,3.20,1.00
2009.03.24 16:55:23.683,1.66155,1.662,3.20,1.00
2009.03.24 16:55:24.512,1.6614,1.662,2.00,1.00
2009.03.24 16:55:24.912,1.66155,1.662,3.20,1.00
2009.03.24 16:55:25.322,1.6612,1.66195,8.40,1.00
2009.03.24 16:55:25.612,1.6612,1.66195,5.20,1.00
2009.03.24 16:55:26.312,1.6612,1.66195,8.40,1.00
2009.03.24 16:55:26.602,1.6613,1.662,11.60,1.00
2009.03.24 16:55:27.861,1.6613,1.662,13.20,1.00
2009.03.24 16:55:27.972,1.66135,1.66205,8.40,1.00
2009.03.24 16:55:28.303,1.6614,1.66205,3.20,1.00
2009.03.24 16:55:28.771,1.6614,1.6622,5.20,1.00
2009.03.24 16:55:29.111,1.6615,1.6622,2.00,1.00
2009.03.24 16:55:29.551,1.66155,1.66225,2.00,5.20
2009.03.24 16:55:31.991,1.66165,1.66225,2.00,1.00
2009.03.24 16:55:34.870,1.6617,1.6623,2.00,5.00
2009.03.24 16:55:35.160,1.6617,1.6623,2.00,1.00
2009.03.24 16:55:35.860,1.66135,1.6622,8.40,4.80
2009.03.24 16:55:36.140,1.66145,1.6622,3.20,4.80
2009.03.24 16:55:36.470,1.6615,1.6623,2.00,5.20
2009.03.24 16:55:37.479,1.66145,1.6621,3.20,1.00
2009.03.24 16:55:37.649,1.66145,1.6622,3.20,5.00
2009.03.24 16:55:37.949,1.66145,1.6622,2.00,5.00
2009.03.24 16:55:38.119,1.66135,1.6621,5.20,1.00
2009.03.24 16:55:38.459,1.66135,1.66205,2.00,1.00
2009.03.24 16:55:38.899,1.6614,1.6621,2.00,5.00
2009.03.24 16:55:39.199,1.6614,1.6621,2.00,1.00
2009.03.24 16:55:39.489,1.6614,1.662,2.00,1.00
2009.03.24 16:55:41.318,1.66145,1.66205,2.00,1.00
2009.03.24 16:55:41.708,1.6613,1.6619,9.60,1.00
2009.03.24 16:55:41.878,1.6613,1.6619,3.20,1.00
2009.03.24 16:55:42.048,1.66125,1.66205,5.20,1.00
2009.03.24 16:55:42.398,1.66135,1.6621,2.00,4.80
2009.03.24 16:55:42.698,1.66135,1.66215,5.20,1.00
2009.03.24 16:55:43.038,1.66135,1.66205,8.40,1.00
2009.03.24 16:55:43.548,1.6613,1.6619,3.20,1.00
2009.03.24 16:55:43.828,1.66125,1.6619,5.20,1.00
2009.03.24 16:55:43.998,1.6613,1.6619,3.20,1.00
2009.03.24 16:55:44.217,1.6614,1.662,2.00,5.00
2009.03.24 16:55:44.628,1.6614,1.662,2.00,1.00
2009.03.24 16:55:44.798,1.66125,1.6619,5.20,1.00
2009.03.24 16:55:44.917,1.6613,1.6619,3.20,1.00
2009.03.24 16:55:45.097,1.6614,1.662,2.00,5.00
2009.03.24 16:55:45.318,1.6613,1.6619,3.20,1.00
2009.03.24 16:55:45.617,1.66125,1.6619,8.40,1.00
2009.03.24 16:55:45.737,1.66125,1.6619,5.20,1.00
2009.03.24 16:55:45.957,1.6612,1.66185,10.00,1.00
2009.03.24 16:55:46.467,1.66135,1.66195,2.00,1.00
2009.03.24 16:55:46.637,1.6614,1.66195,3.20,1.00
2009.03.24 16:55:46.817,1.6614,1.6619,3.20,1.00
2009.03.24 16:55:47.267,1.6613,1.6619,3.20,1.00
2009.03.24 16:55:47.627,1.66135,1.66195,3.20,1.00
2009.03.24 16:55:47.927,1.6613,1.66195,8.20,1.00
2009.03.24 16:55:48.207,1.66125,1.6619,11.60,1.00
2009.03.24 16:55:48.717,1.6613,1.6619,3.20,1.00
2009.03.24 16:55:49.686,1.6613,1.66195,8.40,1.00
2009.03.24 16:55:49.796,1.6613,1.66195,11.60,1.00
2009.03.24 16:55:49.856,1.66135,1.66195,3.20,1.00
2009.03.24 16:55:49.976,1.66135,1.66195,9.60,1.00
2009.03.24 16:55:50.246,1.66145,1.6623,2.00,5.00
2009.03.24 16:55:50.366,1.6615,1.6623,2.00,5.00
2009.03.24 16:55:50.426,1.6615,1.6623,2.00,4.80
2009.03.24 16:55:51.106,1.6616,1.6624,2.00,4.80
2009.03.24 16:55:51.286,1.66155,1.6623,5.20,1.00
2009.03.24 16:55:51.736,1.6616,1.66225,2.00,1.00
2009.03.24 16:55:51.906,1.66165,1.66225,2.00,1.00
2009.03.24 16:55:55.165,1.66145,1.66205,3.20,1.00
2009.03.24 16:55:55.685,1.6616,1.66205,3.20,1.00
2009.03.24 16:55:55.985,1.66145,1.66205,3.20,1.00
2009.03.24 16:55:56.845,1.66155,1.66195,3.20,1.00
2009.03.24 16:55:57.245,1.66155,1.66205,3.20,1.00
2009.03.24 16:55:57.605,1.66145,1.66205,3.20,1.00
2009.03.24 16:55:57.664,1.66155,1.66205,3.20,1.00
2009.03.24 16:55:59.694,1.66155,1.662,3.20,1.00
2009.03.24 16:56:00.284,1.66155,1.66205,3.20,1.00
2009.03.24 16:56:05.763,1.66155,1.66205,6.40,1.00
2009.03.24 16:56:05.942,1.66155,1.6624,6.40,4.80
2009.03.24 16:56:06.062,1.6615,1.6623,9.60,1.00
2009.03.24 16:56:06.232,1.6615,1.6623,6.40,1.00
2009.03.24 16:56:06.393,1.6616,1.6624,3.20,4.80
2009.03.24 16:56:06.562,1.6617,1.6624,3.20,4.80
2009.03.24 16:56:06.722,1.6617,1.6624,3.20,1.00
2009.03.24 16:56:07.082,1.66155,1.6621,6.40,1.00
2009.03.24 16:56:07.422,1.6615,1.6621,6.40,1.00
2009.03.24 16:56:07.872,1.66155,1.6621,3.20,1.00
2009.03.24 16:56:08.272,1.6617,1.6621,3.20,1.00
2009.03.24 16:56:12.001,1.6615,1.66205,6.40,1.00
2009.03.24 16:56:12.341,1.6616,1.66215,6.40,5.00
2009.03.24 16:56:12.571,1.66155,1.6621,3.20,1.00
2009.03.24 16:56:13.171,1.6617,1.66205,3.20,1.00
2009.03.24 16:56:13.521,1.66135,1.662,3.20,1.00
2009.03.24 16:56:13.750,1.6613,1.662,6.40,1.00
2009.03.24 16:56:13.920,1.6614,1.662,3.20,1.00
2009.03.24 16:56:14.210,1.6614,1.66205,3.20,1.00
2009.03.24 16:56:15.660,1.6617,1.66205,3.20,1.00
2009.03.24 16:56:16.460,1.6617,1.6621,3.20,1.00
2009.03.24 16:56:16.630,1.6615,1.66215,8.40,4.80
2009.03.24 16:56:16.750,1.6615,1.6622,8.40,1.00
2009.03.24 16:56:16.980,1.6617,1.6622,3.20,1.00
2009.03.24 16:56:17.310,1.6617,1.6623,3.20,4.80
2009.03.24 16:56:17.719,1.6617,1.66235,3.20,1.00
2009.03.24 16:56:20.249,1.6617,1.6624,5.20,1.00
2009.03.24 16:56:21.749,1.6617,1.66245,5.20,1.00
2009.03.24 16:56:21.988,1.66185,1.66245,3.20,1.00
2009.03.24 16:56:23.318,1.66185,1.6624,3.20,1.00
2009.03.24 16:56:23.648,1.6618,1.6624,2.00,1.00
2009.03.24 16:56:23.818,1.6617,1.66235,5.20,1.00
2009.03.24 16:56:24.178,1.6617,1.6623,3.20,1.00
2009.03.24 16:56:27.757,1.66185,1.66235,3.20,5.00
2009.03.24 16:56:31.266,1.66185,1.66235,6.40,1.00
2009.03.24 16:56:31.567,1.66195,1.66255,3.20,1.00
2009.03.24 16:56:31.796,1.66195,1.66235,3.20,1.00
2009.03.24 16:56:32.306,1.66175,1.66235,6.40,1.00
2009.03.24 16:56:33.116,1.66175,1.66235,9.60,1.00
2009.03.24 16:56:33.466,1.66175,1.6623,9.60,1.00
2009.03.24 16:56:33.876,1.66175,1.6624,9.60,1.00
2009.03.24 16:56:34.046,1.66195,1.6624,3.20,1.00
2009.03.24 16:56:35.155,1.66195,1.6623,3.20,1.00
2009.03.24 16:56:35.515,1.66175,1.6623,6.40,1.00
2009.03.24 16:56:35.695,1.66175,1.6623,3.20,1.00
2009.03.24 16:56:35.915,1.66195,1.6623,3.20,1.00
2009.03.24 16:56:36.505,1.66175,1.6623,6.40,1.00
2009.03.24 16:56:36.956,1.66175,1.6623,3.20,1.00
2009.03.24 16:56:37.235,1.6617,1.66225,3.20,1.00
2009.03.24 16:56:37.685,1.6617,1.6623,3.20,1.00
2009.03.24 16:56:38.145,1.6617,1.66245,3.20,1.00
2009.03.24 16:56:38.435,1.6617,1.66245,6.40,5.00
2009.03.24 16:56:38.674,1.66185,1.6625,3.20,4.80
2009.03.24 16:56:39.115,1.6619,1.6625,3.20,4.80
2009.03.24 16:56:39.454,1.66175,1.6623,9.60,1.00
2009.03.24 16:56:39.785,1.66175,1.6623,6.40,1.00
2009.03.24 16:56:43.693,1.6618,1.66245,6.40,1.00
2009.03.24 16:56:46.343,1.66195,1.66255,2.00,1.00
2009.03.24 16:56:48.762,1.66185,1.6625,5.20,1.00
2009.03.24 16:56:49.562,1.66185,1.6625,8.40,1.00
2009.03.24 16:56:50.171,1.6619,1.6625,3.20,1.00
2009.03.24 16:56:50.832,1.6619,1.66255,5.20,1.00
2009.03.24 16:56:50.891,1.66195,1.66255,2.00,1.00
2009.03.24 16:56:51.301,1.66205,1.6626,2.00,4.80
2009.03.24 16:56:52.851,1.6619,1.66255,5.20,1.00
2009.03.24 16:56:53.681,1.6619,1.6625,3.20,1.00
2009.03.24 16:56:54.660,1.6619,1.66245,3.20,1.00
2009.03.24 16:56:57.710,1.6619,1.6625,3.20,5.00
2009.03.24 16:57:00.130,1.6619,1.66245,3.20,1.00
2009.03.24 16:57:00.589,1.66185,1.66245,2.00,1.00
2009.03.24 16:57:00.869,1.66195,1.6625,2.00,4.80
2009.03.24 16:57:00.980,1.6619,1.6626,5.20,1.00
2009.03.24 16:57:01.039,1.6619,1.66255,5.20,1.00
2009.03.24 16:57:01.159,1.6619,1.66255,8.40,1.00
2009.03.24 16:57:01.389,1.6619,1.66255,11.60,1.00
2009.03.24 16:57:01.549,1.662,1.66265,2.00,2.00
2009.03.24 16:57:01.879,1.66205,1.66265,3.20,1.80
2009.03.24 16:57:02.109,1.66205,1.66265,3.20,1.00
2009.03.24 16:57:02.329,1.66205,1.66275,5.20,5.00
2009.03.24 16:57:02.628,1.66205,1.6627,3.20,4.80
2009.03.24 16:57:02.959,1.66205,1.6627,5.20,4.80
2009.03.24 16:57:03.288,1.66205,1.66275,5.20,1.00
2009.03.24 16:57:04.028,1.66205,1.6626,3.20,1.00
2009.03.24 16:57:05.318,1.66205,1.6625,3.20,1.00
2009.03.24 16:57:05.538,1.66195,1.6625,6.40,1.00
2009.03.24 16:57:05.658,1.66195,1.6627,5.20,1.00
2009.03.24 16:57:06.218,1.66195,1.66265,5.20,1.00
2009.03.24 16:57:06.338,1.66195,1.66265,8.40,1.00
2009.03.24 16:57:06.508,1.66195,1.66265,11.60,1.00
2009.03.24 16:57:06.968,1.66205,1.6626,3.20,1.00
2009.03.24 16:57:07.188,1.66195,1.6624,6.40,1.00
2009.03.24 16:57:07.468,1.66205,1.6625,3.20,1.00
2009.03.24 16:57:07.757,1.66195,1.6625,3.20,1.00
2009.03.24 16:57:08.327,1.66205,1.66255,3.20,1.00
2009.03.24 16:57:08.648,1.66205,1.6625,3.20,1.00
2009.03.24 16:57:08.877,1.66205,1.66255,3.20,1.00
2009.03.24 16:57:09.097,1.66195,1.6626,5.20,1.00
2009.03.24 16:57:09.437,1.66195,1.6626,3.20,1.00
2009.03.24 16:57:10.247,1.66205,1.6626,2.00,1.00
2009.03.24 16:57:10.587,1.6621,1.6626,2.00,1.00
2009.03.24 16:57:10.927,1.66215,1.6627,2.00,1.60
2009.03.24 16:57:11.317,1.66215,1.6627,2.00,2.00
2009.03.24 16:57:11.537,1.6621,1.6627,2.00,2.00
2009.03.24 16:57:14.956,1.6621,1.6625,2.00,1.00
2009.03.24 16:57:15.306,1.66205,1.66265,2.00,1.00
2009.03.24 16:57:15.755,1.66215,1.6626,2.00,1.00
2009.03.24 16:57:18.095,1.66195,1.6625,3.20,1.00
2009.03.24 16:57:18.505,1.6619,1.6626,3.20,1.00
2009.03.24 16:57:18.625,1.66195,1.6625,3.20,1.00
2009.03.24 16:57:18.916,1.66195,1.6626,3.20,1.00
2009.03.24 16:57:19.195,1.66195,1.6625,3.20,1.00
2009.03.24 16:57:19.495,1.66195,1.6624,3.20,1.00
2009.03.24 16:57:20.005,1.66195,1.66245,3.20,1.00
2009.03.24 16:57:20.634,1.6619,1.66245,6.40,1.00
2009.03.24 16:57:24.493,1.6619,1.66255,8.40,1.00
2009.03.24 16:57:27.013,1.6619,1.66255,5.20,1.00
2009.03.24 16:57:28.903,1.6619,1.6625,3.20,1.00
2009.03.24 16:57:29.022,1.6618,1.6624,3.20,1.00
2009.03.24 16:57:29.132,1.6618,1.66245,5.20,1.00
2009.03.24 16:57:29.532,1.66185,1.66245,2.00,1.00
2009.03.24 16:57:29.952,1.66185,1.66245,2.00,5.00
2009.03.24 16:57:30.402,1.66175,1.66235,6.40,1.00
2009.03.24 16:57:30.572,1.66175,1.66235,3.20,1.00
2009.03.24 16:57:32.232,1.66175,1.66235,9.60,1.00
2009.03.24 16:57:32.681,1.66185,1.66245,2.00,1.00
2009.03.24 16:57:32.971,1.66185,1.66245,3.20,1.00
2009.03.24 16:57:34.151,1.6618,1.66245,5.20,1.00
2009.03.24 16:57:36.310,1.6618,1.66245,8.40,1.00
2009.03.24 16:57:36.490,1.6619,1.6625,3.20,5.00
2009.03.24 16:57:37.350,1.6619,1.66245,3.20,1.00
2009.03.24 16:57:37.570,1.66195,1.66245,3.20,1.00
2009.03.24 16:57:37.750,1.66195,1.6625,3.20,4.80
2009.03.24 16:57:37.920,1.66195,1.66245,3.20,1.00
2009.03.24 16:57:38.620,1.66195,1.6625,3.20,1.00
2009.03.24 16:57:39.220,1.6619,1.6625,3.20,1.00
2009.03.24 16:57:39.670,1.66195,1.6625,3.20,1.00
2009.03.24 16:57:40.170,1.6619,1.6625,3.20,1.00
2009.03.24 16:57:40.520,1.66195,1.6625,3.20,1.00
2009.03.24 16:57:41.279,1.6619,1.6625,3.20,1.00
2009.03.24 16:57:47.908,1.66195,1.6625,3.20,1.00
2009.03.24 16:57:48.088,1.6619,1.6625,3.20,1.00
2009.03.24 16:57:48.198,1.66195,1.6625,3.20,1.00
2009.03.24 16:57:48.528,1.66195,1.66245,3.20,1.00
2009.03.24 16:57:48.638,1.6618,1.66245,8.40,1.00
2009.03.24 16:57:49.168,1.6619,1.6625,2.00,1.00
2009.03.24 16:57:49.457,1.66195,1.66255,2.00,5.00
2009.03.24 16:57:51.387,1.6618,1.66235,6.40,1.00
2009.03.24 16:57:51.607,1.6618,1.66245,8.40,1.00
2009.03.24 16:57:52.127,1.66195,1.66245,3.20,1.00
2009.03.24 16:57:52.656,1.66185,1.66245,3.20,1.00
2009.03.24 16:57:52.886,1.66185,1.6625,5.20,5.00
2009.03.24 16:57:53.866,1.66185,1.6625,8.40,5.00
2009.03.24 16:57:54.146,1.662,1.6627,3.20,4.80
2009.03.24 16:57:54.386,1.66185,1.66255,3.20,1.00
2009.03.24 16:57:54.556,1.66195,1.66255,3.20,1.00
2009.03.24 16:57:54.786,1.66185,1.66255,3.20,1.00
2009.03.24 16:57:55.616,1.66195,1.6626,5.20,1.00
2009.03.24 16:57:56.535,1.66205,1.6626,3.20,1.00
2009.03.24 16:57:57.955,1.66205,1.6626,3.20,5.00
2009.03.24 16:57:58.355,1.662,1.6626,2.00,5.00
2009.03.24 16:57:58.525,1.66195,1.66255,2.00,1.00
2009.03.24 16:57:58.805,1.66185,1.66245,3.20,1.00
2009.03.24 16:57:59.435,1.662,1.66255,2.00,4.80
2009.03.24 16:58:01.034,1.66195,1.66255,2.00,5.00
2009.03.24 16:58:01.844,1.66195,1.6625,2.00,4.80
2009.03.24 16:58:02.064,1.6619,1.6625,2.00,5.00
2009.03.24 16:58:02.474,1.66185,1.6625,5.20,5.00
2009.03.24 16:58:03.424,1.66185,1.66245,3.20,1.00
2009.03.24 16:58:03.824,1.66185,1.6624,2.00,1.00
2009.03.24 16:58:06.103,1.66185,1.66245,3.20,1.00
2009.03.24 16:58:06.903,1.66185,1.66245,3.20,5.00
2009.03.24 16:58:07.483,1.66185,1.66245,3.20,1.00
2009.03.24 16:58:08.833,1.66185,1.66245,3.20,5.00
2009.03.24 16:58:09.642,1.66185,1.66245,2.00,5.00
2009.03.24 16:58:09.802,1.66175,1.66235,2.00,1.00
2009.03.24 16:58:10.892,1.6617,1.66225,3.20,1.00
2009.03.24 16:58:11.062,1.6617,1.6622,3.20,1.00
2009.03.24 16:58:11.352,1.6617,1.66235,3.20,5.00
2009.03.24 16:58:11.692,1.6617,1.66225,3.20,4.80
2009.03.24 16:58:17.031,1.6616,1.66225,5.20,1.00
2009.03.24 16:58:17.261,1.6617,1.6623,2.00,5.00
2009.03.24 16:58:19.200,1.6617,1.6623,3.20,5.00
2009.03.24 16:58:19.530,1.6617,1.6623,2.00,5.00
2009.03.24 16:58:20.860,1.6617,1.66225,2.00,4.80
2009.03.24 16:58:21.400,1.6617,1.6623,2.00,4.80
2009.03.24 16:58:22.049,1.6616,1.66225,5.20,1.00
2009.03.24 16:58:23.169,1.6616,1.66225,8.40,1.00
2009.03.24 16:58:24.339,1.6617,1.66225,3.20,1.00
2009.03.24 16:58:25.618,1.6616,1.66225,8.40,1.00
2009.03.24 16:58:28.408,1.6618,1.66225,2.00,1.00
2009.03.24 16:58:28.578,1.66175,1.66225,5.20,1.00
2009.03.24 16:58:29.208,1.66175,1.66225,3.20,1.00
2009.03.24 16:58:29.617,1.66175,1.6623,3.20,4.80
2009.03.24 16:58:29.787,1.66175,1.66235,3.20,5.00
2009.03.24 16:58:30.857,1.66195,1.66235,3.20,4.80
2009.03.24 16:58:31.037,1.66195,1.6624,5.20,4.80
2009.03.24 16:58:31.277,1.66195,1.66255,5.20,4.80
2009.03.24 16:58:31.447,1.66195,1.6625,5.20,4.80
2009.03.24 16:58:31.747,1.66195,1.66255,5.20,4.80
2009.03.24 16:58:32.047,1.66215,1.6626,5.20,4.80
2009.03.24 16:58:32.387,1.66205,1.6626,5.20,4.80
2009.03.24 16:58:32.607,1.6621,1.6626,3.20,1.00
2009.03.24 16:58:33.077,1.66215,1.6626,5.20,4.80
2009.03.24 16:58:33.257,1.66205,1.66265,5.20,4.80
2009.03.24 16:58:34.666,1.66205,1.66265,3.20,5.00
2009.03.24 16:58:34.956,1.662,1.66265,5.20,5.00
2009.03.24 16:58:35.176,1.6621,1.66265,3.20,4.80
2009.03.24 16:58:35.416,1.6622,1.66265,3.20,4.80
2009.03.24 16:58:35.706,1.6622,1.66265,3.20,1.00
2009.03.24 16:58:35.826,1.6622,1.6627,3.20,1.00
2009.03.24 16:58:36.816,1.66225,1.66275,3.20,1.80
2009.03.24 16:58:36.986,1.66225,1.66275,3.20,1.00
2009.03.24 16:58:37.956,1.66235,1.66275,3.20,1.00
2009.03.24 16:58:38.295,1.66235,1.6628,3.20,1.00
2009.03.24 16:58:39.335,1.6624,1.6628,3.20,1.00
2009.03.24 16:58:39.755,1.6624,1.66285,3.20,1.00
2009.03.24 16:58:40.715,1.66255,1.66295,3.20,1.00
2009.03.24 16:58:40.765,1.6625,1.66295,3.20,1.00
2009.03.24 16:58:41.065,1.6625,1.6631,3.20,5.00
2009.03.24 16:58:41.355,1.66255,1.66305,3.20,1.00
2009.03.24 16:58:41.815,1.66265,1.6631,3.20,1.00
2009.03.24 16:58:42.055,1.6627,1.66315,3.20,5.00
2009.03.24 16:58:42.174,1.6627,1.66315,3.20,1.00
2009.03.24 16:58:43.274,1.6627,1.66315,3.20,5.00
2009.03.24 16:58:43.564,1.6627,1.66315,3.20,1.00
2009.03.24 16:58:44.524,1.66265,1.66315,8.40,1.00
2009.03.24 16:58:44.704,1.66265,1.6631,6.40,1.00
2009.03.24 16:58:44.874,1.6627,1.6632,6.40,4.80
2009.03.24 16:58:45.224,1.6627,1.66315,3.20,1.00
2009.03.24 16:58:46.913,1.66275,1.6632,3.20,1.00
2009.03.24 16:58:47.153,1.6627,1.6631,3.20,1.00
2009.03.24 16:58:47.443,1.66265,1.66305,3.20,1.00
2009.03.24 16:58:49.403,1.66265,1.6631,3.20,1.00
2009.03.24 16:58:49.563,1.6627,1.6631,3.20,1.00
2009.03.24 16:58:51.812,1.66265,1.66305,6.40,1.00
2009.03.24 16:58:52.032,1.66265,1.66305,3.20,1.00
2009.03.24 16:58:52.262,1.6627,1.66315,3.20,1.00
2009.03.24 16:58:53.832,1.66265,1.66315,5.20,1.00
2009.03.24 16:58:54.002,1.66265,1.66305,3.20,1.00
2009.03.24 16:58:55.961,1.66265,1.66315,5.20,1.00
2009.03.24 16:58:56.071,1.6627,1.66315,3.20,1.00
2009.03.24 16:58:58.821,1.66275,1.66315,3.20,1.00
2009.03.24 16:58:58.991,1.6627,1.66315,3.20,1.00
2009.03.24 16:58:59.230,1.66265,1.66315,3.20,1.00
2009.03.24 16:58:59.401,1.6627,1.66315,3.20,1.00
2009.03.24 16:59:00.260,1.6626,1.66315,3.20,1.00
2009.03.24 16:59:00.610,1.6626,1.663,3.20,1.00
2009.03.24 16:59:00.790,1.66255,1.663,6.40,1.00
2009.03.24 16:59:00.900,1.6625,1.66295,3.20,1.00
2009.03.24 16:59:01.140,1.6624,1.6629,3.20,1.00
2009.03.24 16:59:01.540,1.66235,1.6629,3.20,1.00
2009.03.24 16:59:01.770,1.66245,1.66295,3.20,1.00
2009.03.24 16:59:02.000,1.6624,1.66295,3.20,5.00
2009.03.24 16:59:02.290,1.66255,1.6629,1.60,1.00
2009.03.24 16:59:02.520,1.6627,1.663,3.20,4.80
2009.03.24 16:59:02.910,1.66265,1.663,3.20,4.80
2009.03.24 16:59:03.209,1.6626,1.6631,3.20,5.00
2009.03.24 16:59:03.709,1.6626,1.6631,3.20,1.00
2009.03.24 16:59:05.749,1.66275,1.66315,5.20,4.80
2009.03.24 16:59:06.089,1.6629,1.6632,3.20,1.00
2009.03.24 16:59:06.319,1.6629,1.6636,3.20,6.40
2009.03.24 16:59:06.949,1.66275,1.66355,3.20,4.80
2009.03.24 16:59:07.579,1.66275,1.6634,3.20,4.80
2009.03.24 16:59:08.028,1.66275,1.6634,3.20,5.00
2009.03.24 16:59:08.268,1.66275,1.66335,3.20,4.80
2009.03.24 16:59:10.109,1.6627,1.66325,3.20,1.00
2009.03.24 16:59:10.348,1.6626,1.66325,3.20,1.00
2009.03.24 16:59:10.878,1.66245,1.6632,5.20,1.60
2009.03.24 16:59:11.118,1.66245,1.6632,3.20,2.00
2009.03.24 16:59:11.477,1.66245,1.6632,3.20,6.80
2009.03.24 16:59:11.707,1.66245,1.66315,6.40,4.80
2009.03.24 16:59:11.927,1.66245,1.6631,6.40,4.80
2009.03.24 16:59:13.127,1.66255,1.6631,6.40,4.80
2009.03.24 16:59:13.617,1.66255,1.66315,6.40,5.00
2009.03.24 16:59:14.637,1.66255,1.66315,8.40,5.00
2009.03.24 16:59:15.037,1.66255,1.66315,8.40,4.80
2009.03.24 16:59:15.197,1.66255,1.6631,6.40,1.00
2009.03.24 16:59:16.706,1.66265,1.6631,3.20,4.80
2009.03.24 16:59:17.096,1.66255,1.66315,6.40,1.00
2009.03.24 16:59:17.386,1.66265,1.6632,3.20,1.00
2009.03.24 16:59:17.616,1.66265,1.6632,6.40,1.00
2009.03.24 16:59:20.136,1.66275,1.6632,3.20,1.00
2009.03.24 16:59:20.315,1.66275,1.6632,6.40,1.00
2009.03.24 16:59:20.495,1.6627,1.6632,3.20,1.00
2009.03.24 16:59:20.845,1.66265,1.66325,8.40,1.60
2009.03.24 16:59:21.135,1.66265,1.66315,3.20,1.00
2009.03.24 16:59:21.305,1.66265,1.66325,6.40,1.00
2009.03.24 16:59:22.175,1.66265,1.6632,6.40,1.00
2009.03.24 16:59:22.455,1.66265,1.6632,3.20,1.00
2009.03.24 16:59:23.525,1.66265,1.6631,3.20,1.00
2009.03.24 16:59:23.805,1.6625,1.6631,12.60,1.00
2009.03.24 16:59:23.984,1.66265,1.6632,3.20,1.00
2009.03.24 16:59:30.274,1.6626,1.6632,3.20,1.00
2009.03.24 16:59:30.453,1.6627,1.6631,3.20,1.00
2009.03.24 16:59:30.793,1.6627,1.66325,3.20,1.00
2009.03.24 16:59:31.083,1.66265,1.66325,2.00,1.00
2009.03.24 16:59:31.313,1.66265,1.66325,3.20,5.00
2009.03.24 16:59:31.543,1.66265,1.6632,3.20,1.00
2009.03.24 16:59:33.732,1.66265,1.6632,3.20,5.00
2009.03.24 16:59:34.092,1.66265,1.6632,3.20,1.00
2009.03.24 16:59:34.323,1.66265,1.6631,3.20,1.00
2009.03.24 16:59:34.502,1.6627,1.6632,6.40,4.80
2009.03.24 16:59:34.732,1.66265,1.6632,3.20,4.80
2009.03.24 16:59:34.962,1.66265,1.66315,3.20,1.00
2009.03.24 16:59:35.882,1.66265,1.66305,3.20,1.00
2009.03.24 16:59:36.121,1.66265,1.66315,3.20,1.00
2009.03.24 16:59:37.561,1.66265,1.6631,3.20,1.00
2009.03.24 16:59:40.780,1.66265,1.66315,3.20,1.00
2009.03.24 16:59:41.160,1.66265,1.6631,3.20,1.00
2009.03.24 16:59:41.840,1.66265,1.6632,3.20,1.00
2009.03.24 16:59:42.010,1.6626,1.6632,2.00,1.00
2009.03.24 16:59:42.240,1.6625,1.6631,9.60,1.00
2009.03.24 16:59:42.530,1.6625,1.6631,2.00,1.00
2009.03.24 16:59:42.700,1.6624,1.66305,5.20,1.00
2009.03.24 16:59:43.450,1.66245,1.66305,6.40,1.00
2009.03.24 16:59:44.300,1.66245,1.663,6.40,1.00
2009.03.24 16:59:47.179,1.66245,1.6629,6.40,1.00
2009.03.24 16:59:47.519,1.66245,1.663,6.40,1.00
2009.03.24 16:59:48.889,1.66245,1.663,3.20,1.00
2009.03.24 16:59:49.178,1.66245,1.6629,3.20,1.00
2009.03.24 16:59:51.028,1.66245,1.66295,3.20,1.00
2009.03.24 16:59:52.068,1.6626,1.663,3.20,1.00
2009.03.24 16:59:52.587,1.6626,1.66295,3.20,1.00
2009.03.24 16:59:52.638,1.6625,1.66295,3.20,1.00
2009.03.24 16:59:52.987,1.66235,1.6629,6.20,1.00
2009.03.24 16:59:53.437,1.66235,1.6629,3.20,1.00
2009.03.24 16:59:53.607,1.66235,1.66285,3.20,1.00
2009.03.24 16:59:54.307,1.66255,1.6629,3.00,1.00
2009.03.24 16:59:54.597,1.6624,1.6629,3.20,1.00
2009.03.24 16:59:54.887,1.66235,1.6629,6.40,1.00
2009.03.24 16:59:55.917,1.66235,1.66285,6.40,1.00
2009.03.24 16:59:56.087,1.66235,1.6629,6.40,1.00
2009.03.24 16:59:58.067,1.66235,1.66295,6.40,1.00
2009.03.24 16:59:58.796,1.66245,1.663,3.20,1.00
2009.03.24 16:59:59.026,1.66235,1.66295,6.40,1.00
2009.03.24 16:59:59.377,1.66235,1.6629,6.40,1.00
