2013.04.30 10:00:01.181,1.45252,1.45274,1.28,2.33
2013.04.30 10:00:01.727,1.45252,1.45274,1.13,1.20
2013.04.30 10:00:02.094,1.45253,1.45272,1.65,1.13
2013.04.30 10:00:02.704,1.45256,1.45272,1.05,1.13
2013.04.30 10:00:02.909,1.45257,1.45274,1.13,1.50
2013.04.30 10:00:03.107,1.45257,1.4528,1.13,2.63
2013.04.30 10:00:03.726,1.45257,1.45281,1.65,1.13
2013.04.30 10:00:04.495,1.45257,1.45274,1.28,1.50
2013.04.30 10:00:04.580,1.4525,1.45271,2.18,1.13
2013.04.30 10:00:06.708,1.45252,1.45276,2.03,1.50
2013.04.30 10:00:06.779,1.45255,1.4528,1.50,2.18
2013.04.30 10:00:07.098,1.45255,1.45279,2.03,1.13
2013.04.30 10:00:07.947,1.45255,1.4528,2.03,1.13
2013.04.30 10:00:08.899,1.45255,1.45273,1.65,1.50
2013.04.30 10:00:09.108,1.45251,1.45271,1.65,1.13
2013.04.30 10:00:10.868,1.45251,1.45273,1.28,1.50
2013.04.30 10:00:11.068,1.45252,1.45273,1.28,1.50
2013.04.30 10:00:11.830,1.45253,1.45277,1.05,1.28
2013.04.30 10:00:14.153,1.45253,1.45271,1.80,1.13
2013.04.30 10:00:14.477,1.45247,1.45264,1.50,1.50
2013.04.30 10:00:15.416,1.45247,1.45269,2.03,1.50
2013.04.30 10:00:15.549,1.45245,1.45269,1.05,1.50
2013.04.30 10:00:15.706,1.45247,1.45269,1.28,1.50
2013.04.30 10:00:16.059,1.4525,1.45269,2.03,1.50
2013.04.30 10:00:16.297,1.4525,1.45269,2.03,1.50
2013.04.30 10:00:16.917,1.4525,1.45277,2.40,1.43
2013.04.30 10:00:18.339,1.4525,1.45273,2.03,1.50
2013.04.30 10:00:18.718,1.45251,1.45271,1.50,1.13
2013.04.30 10:00:19.279,1.45252,1.45273,1.50,1.50
2013.04.30 10:00:19.587,1.45254,1.45273,2.03,1.50
2013.04.30 10:00:19.733,1.45257,1.45279,1.65,1.13
2013.04.30 10:00:20.890,1.45257,1.45281,1.65,1.13
2013.04.30 10:00:21.717,1.45262,1.45285,1.65,1.50
2013.04.30 10:00:22.507,1.45263,1.45289,1.50,1.13
2013.04.30 10:00:23.933,1.45265,1.45289,1.43,1.13
2013.04.30 10:00:24.658,1.45265,1.4529,2.55,1.88
2013.04.30 10:00:24.977,1.45265,1.45273,1.05,1.50
2013.04.30 10:00:25.048,1.4526,1.45273,1.13,1.50
2013.04.30 10:00:25.298,1.45254,1.4528,1.09,1.88
2013.04.30 10:00:25.850,1.45254,1.45278,1.09,1.50
2013.04.30 10:00:26.049,1.45259,1.45281,2.03,1.50
2013.04.30 10:00:26.298,1.45259,1.45281,1.28,1.50
2013.04.30 10:00:27.358,1.45263,1.45281,1.28,1.50
2013.04.30 10:00:27.427,1.45267,1.45288,1.13,1.50
2013.04.30 10:00:27.498,1.45267,1.4529,1.13,1.13
2013.04.30 10:00:31.567,1.45268,1.4529,1.65,1.13
2013.04.30 10:00:34.485,1.45267,1.45289,1.28,1.13
2013.04.30 10:00:34.707,1.45266,1.45289,2.25,1.13
2013.04.30 10:00:37.868,1.45264,1.45287,1.65,1.13
2013.04.30 10:00:38.061,1.45263,1.45285,1.43,1.13
2013.04.30 10:00:39.371,1.4526,1.45282,1.65,1.13
2013.04.30 10:00:40.527,1.4526,1.45282,2.40,1.13
2013.04.30 10:00:42.998,1.4526,1.45285,3.90,1.50
2013.04.30 10:00:43.248,1.45261,1.45285,1.20,1.50
2013.04.30 10:00:47.348,1.45266,1.45289,1.50,1.13
2013.04.30 10:00:47.537,1.45267,1.4529,1.13,1.88
2013.04.30 10:00:47.858,1.45266,1.45289,1.50,1.13
2013.04.30 10:00:48.391,1.45266,1.45288,1.50,1.28
2013.04.30 10:00:49.707,1.45266,1.45284,1.50,1.73
2013.04.30 10:00:49.797,1.45261,1.45278,1.28,1.50
2013.04.30 10:00:49.939,1.45256,1.45277,1.13,1.88
2013.04.30 10:00:50.498,1.45257,1.45278,1.50,1.50
2013.04.30 10:00:50.847,1.45257,1.45278,1.50,1.50
2013.04.30 10:00:52.027,1.45261,1.45276,1.28,1.13
2013.04.30 10:00:52.098,1.45255,1.45276,1.73,1.13
2013.04.30 10:00:52.167,1.45253,1.45276,1.80,1.13
2013.04.30 10:00:53.336,1.45253,1.45276,1.80,1.13
2013.04.30 10:00:53.589,1.45255,1.45276,2.03,1.13
2013.04.30 10:00:53.898,1.45247,1.45266,1.65,2.25
2013.04.30 10:00:54.326,1.4525,1.45267,1.13,1.50
2013.04.30 10:00:54.577,1.4525,1.4527,1.13,2.25
2013.04.30 10:00:54.979,1.4525,1.4527,2.18,1.50
2013.04.30 10:00:55.240,1.45241,1.45261,1.05,1.13
2013.04.30 10:00:55.309,1.45241,1.45265,1.05,1.13
2013.04.30 10:00:55.506,1.45243,1.45265,1.28,1.13
2013.04.30 10:00:55.626,1.45245,1.45268,1.13,1.13
2013.04.30 10:00:56.137,1.45245,1.45268,1.65,1.88
2013.04.30 10:00:59.887,1.45244,1.45266,1.80,1.13
2013.04.30 10:01:00.421,1.45244,1.45269,1.80,1.88
2013.04.30 10:01:00.979,1.45246,1.45269,2.03,1.13
2013.04.30 10:01:01.532,1.45247,1.45271,2.40,2.25
2013.04.30 10:01:01.738,1.45246,1.4527,2.03,2.25
2013.04.30 10:01:02.455,1.45247,1.4527,2.03,2.25
2013.04.30 10:01:02.779,1.45244,1.45269,2.25,1.13
2013.04.30 10:01:03.096,1.45242,1.45266,2.40,2.25
2013.04.30 10:01:03.588,1.45244,1.45266,2.63,1.50
2013.04.30 10:01:03.978,1.45243,1.45266,1.65,1.88
2013.04.30 10:01:08.597,1.45241,1.45266,2.18,2.25
2013.04.30 10:01:08.728,1.45244,1.45269,1.65,1.50
2013.04.30 10:01:09.231,1.45247,1.45271,2.03,1.50
2013.04.30 10:01:09.843,1.45247,1.45271,2.03,1.50
2013.04.30 10:01:10.598,1.45247,1.45274,2.03,1.13
2013.04.30 10:01:11.909,1.4525,1.45275,2.63,1.13
2013.04.30 10:01:15.268,1.45253,1.45275,1.50,1.88
2013.04.30 10:01:18.098,1.45254,1.45275,1.50,1.88
2013.04.30 10:01:19.248,1.45258,1.45275,1.13,1.88
2013.04.30 10:01:19.587,1.45265,1.4528,1.13,1.50
2013.04.30 10:01:20.107,1.45263,1.4528,1.65,2.25
2013.04.30 10:01:20.916,1.45263,1.4528,2.40,1.13
2013.04.30 10:01:22.347,1.45265,1.4528,1.13,1.13
2013.04.30 10:01:22.649,1.45263,1.4528,1.65,1.13
2013.04.30 10:01:23.659,1.45264,1.4528,1.13,1.13
2013.04.30 10:01:28.456,1.45265,1.4528,1.13,1.13
2013.04.30 10:01:32.678,1.45261,1.4528,1.13,2.25
2013.04.30 10:01:32.748,1.45259,1.45279,1.65,1.13
2013.04.30 10:01:36.550,1.45258,1.45279,1.50,1.13
2013.04.30 10:01:36.760,1.45262,1.45285,1.13,3.00
2013.04.30 10:01:37.318,1.45264,1.45285,1.88,1.50
2013.04.30 10:01:38.017,1.45266,1.45285,1.13,1.50
2013.04.30 10:01:39.367,1.45269,1.45293,1.50,2.40
2013.04.30 10:01:40.054,1.45272,1.45297,1.13,2.18
2013.04.30 10:01:40.671,1.45272,1.45288,1.13,1.50
2013.04.30 10:01:40.741,1.45269,1.45288,1.13,2.25
2013.04.30 10:01:40.810,1.45268,1.45287,1.13,1.50
2013.04.30 10:01:41.058,1.45264,1.45284,1.13,1.50
2013.04.30 10:01:41.128,1.4526,1.45284,2.22,1.50
2013.04.30 10:01:41.197,1.4526,1.45283,1.69,1.28
2013.04.30 10:01:41.658,1.4526,1.45283,1.32,2.18
2013.04.30 10:01:41.986,1.45258,1.45283,2.25,2.18
2013.04.30 10:01:43.077,1.45258,1.45283,2.25,2.18
2013.04.30 10:01:44.441,1.45259,1.45281,1.13,1.65
2013.04.30 10:01:44.768,1.45253,1.45272,1.05,1.13
2013.04.30 10:01:44.978,1.4525,1.45272,1.13,1.13
2013.04.30 10:01:47.557,1.45251,1.45272,1.13,1.13
2013.04.30 10:01:47.627,1.45251,1.45272,1.13,2.25
2013.04.30 10:01:48.688,1.45248,1.4527,1.28,1.13
2013.04.30 10:01:49.181,1.45245,1.4527,1.13,3.53
2013.04.30 10:01:49.327,1.45239,1.45261,1.13,2.25
2013.04.30 10:01:49.467,1.45238,1.4526,1.13,2.03
2013.04.30 10:01:49.807,1.4523,1.45251,1.32,1.50
2013.04.30 10:01:50.356,1.45225,1.45246,1.13,1.13
2013.04.30 10:01:52.418,1.45226,1.4525,2.03,1.50
2013.04.30 10:01:52.547,1.45227,1.45254,1.13,2.40
2013.04.30 10:01:52.678,1.45226,1.45253,1.65,1.65
2013.04.30 10:01:53.071,1.45226,1.4525,2.40,1.50
2013.04.30 10:01:53.351,1.45232,1.45261,1.65,2.03
2013.04.30 10:01:53.418,1.45232,1.45262,1.65,1.05
2013.04.30 10:01:53.749,1.45237,1.45264,1.28,1.28
2013.04.30 10:01:53.817,1.45237,1.45265,1.28,1.28
2013.04.30 10:01:54.094,1.45236,1.45264,2.18,1.50
2013.04.30 10:01:55.047,1.45236,1.45264,2.18,1.13
2013.04.30 10:01:55.616,1.45237,1.45261,1.28,1.13
2013.04.30 10:01:56.897,1.45237,1.45263,1.28,1.50
2013.04.30 10:01:56.969,1.45238,1.45264,1.50,2.10
2013.04.30 10:01:57.578,1.45238,1.45264,1.50,1.35
2013.04.30 10:01:57.647,1.45237,1.45263,1.28,1.50
2013.04.30 10:01:58.288,1.45238,1.45265,1.50,1.80
2013.04.30 10:01:59.137,1.45239,1.45265,1.80,1.13
2013.04.30 10:02:00.657,1.45239,1.45265,1.80,1.88
2013.04.30 10:02:03.679,1.45239,1.45259,1.80,1.13
2013.04.30 10:02:03.867,1.45236,1.45259,1.50,1.65
2013.04.30 10:02:03.939,1.45236,1.45257,1.50,1.13
2013.04.30 10:02:04.069,1.45233,1.45259,1.65,1.50
2013.04.30 10:02:04.137,1.45239,1.45259,1.13,1.13
2013.04.30 10:02:04.267,1.45239,1.45265,1.88,1.88
2013.04.30 10:02:04.459,1.45239,1.45266,2.40,1.28
2013.04.30 10:02:04.588,1.45239,1.45257,2.03,1.13
2013.04.30 10:02:04.898,1.45232,1.45257,1.50,1.88
2013.04.30 10:02:04.966,1.45237,1.45257,1.05,1.88
2013.04.30 10:02:05.267,1.45237,1.45257,1.05,1.13
2013.04.30 10:02:05.457,1.45239,1.45257,1.28,1.88
2013.04.30 10:02:06.044,1.45239,1.45257,1.28,1.50
2013.04.30 10:02:06.229,1.45237,1.45258,1.80,1.13
2013.04.30 10:02:06.791,1.45237,1.45258,1.05,1.13
2013.04.30 10:02:07.278,1.45235,1.45258,1.80,1.50
2013.04.30 10:02:07.645,1.45235,1.45258,1.28,1.50
2013.04.30 10:02:08.699,1.45235,1.45258,1.28,1.50
2013.04.30 10:02:08.850,1.45235,1.45257,1.28,1.13
2013.04.30 10:02:10.187,1.45234,1.45257,1.28,1.13
2013.04.30 10:02:11.546,1.45234,1.45258,1.28,1.13
2013.04.30 10:02:12.605,1.45233,1.45258,1.28,1.13
2013.04.30 10:02:12.670,1.45232,1.45257,1.13,1.50
2013.04.30 10:02:13.019,1.45231,1.45252,1.13,1.50
2013.04.30 10:02:13.296,1.45228,1.45253,1.28,1.13
2013.04.30 10:02:13.707,1.45228,1.45253,1.28,1.13
2013.04.30 10:02:14.076,1.45228,1.45253,1.28,1.13
2013.04.30 10:02:15.038,1.4523,1.45254,1.28,1.13
2013.04.30 10:02:17.407,1.45231,1.45254,4.43,1.13
2013.04.30 10:02:17.596,1.45237,1.45261,1.50,1.13
2013.04.30 10:02:17.776,1.45234,1.45262,2.93,1.88
2013.04.30 10:02:18.342,1.45234,1.45261,1.80,1.13
2013.04.30 10:02:18.420,1.45233,1.45259,1.28,1.65
2013.04.30 10:02:20.419,1.45233,1.45251,1.65,1.50
2013.04.30 10:02:20.558,1.45227,1.45251,2.78,2.25
2013.04.30 10:02:20.757,1.45229,1.45256,1.13,1.28
2013.04.30 10:02:21.069,1.4523,1.45254,1.13,1.65
2013.04.30 10:02:23.137,1.4523,1.45254,1.13,1.65
2013.04.30 10:02:25.248,1.45228,1.45254,1.88,1.65
2013.04.30 10:02:27.152,1.45228,1.45254,1.13,1.65
2013.04.30 10:02:27.288,1.45227,1.45252,1.28,1.50
2013.04.30 10:02:27.888,1.45233,1.45252,1.13,1.50
2013.04.30 10:02:28.016,1.45233,1.45258,1.65,3.90
2013.04.30 10:02:28.137,1.45237,1.45261,1.50,2.03
2013.04.30 10:02:28.269,1.45241,1.45261,1.13,1.28
2013.04.30 10:02:28.816,1.45242,1.45263,1.65,1.13
2013.04.30 10:02:29.394,1.45242,1.45264,1.65,1.13
2013.04.30 10:02:30.889,1.45242,1.45264,1.13,1.13
2013.04.30 10:02:31.019,1.45238,1.4526,2.03,1.13
2013.04.30 10:02:31.499,1.45242,1.45263,1.13,1.65
2013.04.30 10:02:32.007,1.45244,1.45267,1.13,1.50
2013.04.30 10:02:32.198,1.45242,1.45267,1.65,1.13
2013.04.30 10:02:33.418,1.45242,1.45263,1.65,1.13
2013.04.30 10:02:34.367,1.45242,1.45267,1.65,1.13
2013.04.30 10:02:37.522,1.45243,1.45264,1.13,1.65
2013.04.30 10:02:39.049,1.45242,1.45264,1.13,1.13
2013.04.30 10:02:40.647,1.45242,1.45263,1.13,1.13
2013.04.30 10:02:40.958,1.4523,1.45253,1.65,2.25
2013.04.30 10:02:41.148,1.4523,1.45257,1.13,1.28
2013.04.30 10:02:41.217,1.4523,1.45258,1.50,2.55
2013.04.30 10:02:41.526,1.4523,1.45257,1.13,2.03
2013.04.30 10:02:41.837,1.4523,1.45255,1.13,1.80
2013.04.30 10:02:42.569,1.45228,1.45254,1.50,1.28
2013.04.30 10:02:43.143,1.45228,1.45254,1.50,1.65
2013.04.30 10:02:43.216,1.45226,1.45251,1.88,1.65
2013.04.30 10:02:43.817,1.45222,1.45247,1.13,1.50
2013.04.30 10:02:44.138,1.4522,1.45241,1.28,1.13
2013.04.30 10:02:45.278,1.45221,1.45245,3.15,1.50
2013.04.30 10:02:45.587,1.45225,1.45245,1.65,1.50
2013.04.30 10:02:45.719,1.45227,1.45253,1.65,2.03
2013.04.30 10:02:45.789,1.45232,1.45257,1.13,1.95
2013.04.30 10:02:45.859,1.45232,1.45257,1.13,1.65
2013.04.30 10:02:46.387,1.45232,1.45256,1.65,1.13
2013.04.30 10:02:46.946,1.45228,1.45255,1.80,1.50
2013.04.30 10:02:47.485,1.45231,1.45257,1.88,1.65
2013.04.30 10:02:49.058,1.45231,1.45256,1.50,1.28
2013.04.30 10:02:50.587,1.45231,1.45253,1.50,1.28
2013.04.30 10:02:51.678,1.45231,1.45255,1.50,1.13
2013.04.30 10:02:51.807,1.4523,1.45255,2.03,1.13
2013.04.30 10:02:58.237,1.45229,1.45254,1.13,1.13
2013.04.30 10:02:58.367,1.45228,1.45254,2.03,1.13
2013.04.30 10:02:58.500,1.45225,1.45251,1.50,2.93
2013.04.30 10:02:58.631,1.45225,1.45248,1.50,1.20
2013.04.30 10:02:58.757,1.45224,1.45246,1.13,1.05
2013.04.30 10:02:59.498,1.45222,1.45247,1.13,1.28
2013.04.30 10:03:00.058,1.45222,1.45246,1.13,1.13
2013.04.30 10:03:00.738,1.45222,1.45244,1.50,1.13
2013.04.30 10:03:04.868,1.45222,1.45246,1.50,1.13
2013.04.30 10:03:07.948,1.4522,1.45243,1.88,2.03
2013.04.30 10:03:08.078,1.45218,1.45242,1.13,1.50
2013.04.30 10:03:10.643,1.45217,1.4524,1.28,1.13
2013.04.30 10:03:11.286,1.45216,1.45239,1.65,1.50
2013.04.30 10:03:12.495,1.45215,1.45238,1.65,1.88
2013.04.30 10:03:13.050,1.45215,1.45238,2.40,1.88
2013.04.30 10:03:16.248,1.45216,1.4524,1.65,1.50
2013.04.30 10:03:16.519,1.45218,1.45241,1.13,1.28
2013.04.30 10:03:17.064,1.45221,1.45241,1.13,1.13
2013.04.30 10:03:18.129,1.45221,1.45245,1.13,1.13
2013.04.30 10:03:20.061,1.45219,1.45244,2.03,1.50
2013.04.30 10:03:20.146,1.45219,1.45242,1.13,2.03
2013.04.30 10:03:20.396,1.45214,1.45239,1.13,1.43
2013.04.30 10:03:22.547,1.45216,1.45241,1.13,3.30
2013.04.30 10:03:22.802,1.45216,1.45241,1.13,2.03
2013.04.30 10:03:23.488,1.45214,1.45239,2.18,1.13
2013.04.30 10:03:24.128,1.45214,1.45238,1.28,1.28
2013.04.30 10:03:28.879,1.45214,1.45238,1.28,1.28
2013.04.30 10:03:29.007,1.45214,1.45237,1.28,1.50
2013.04.30 10:03:29.771,1.45214,1.45235,1.28,1.50
2013.04.30 10:03:30.184,1.45212,1.45237,1.13,3.15
2013.04.30 10:03:30.317,1.45208,1.45235,2.63,1.50
2013.04.30 10:03:30.567,1.45209,1.45235,1.65,2.03
2013.04.30 10:03:30.911,1.45209,1.45232,1.65,1.05
2013.04.30 10:03:33.127,1.45208,1.45234,2.63,1.50
2013.04.30 10:03:33.677,1.45208,1.45235,2.63,1.73
2013.04.30 10:03:35.120,1.45208,1.45231,2.63,1.13
2013.04.30 10:03:35.438,1.45208,1.45223,1.13,1.05
2013.04.30 10:03:36.087,1.45205,1.45227,1.13,1.35
2013.04.30 10:03:36.158,1.45205,1.45228,1.13,1.05
2013.04.30 10:03:36.738,1.45204,1.45226,1.13,1.73
2013.04.30 10:03:36.866,1.45204,1.45226,1.13,1.73
2013.04.30 10:03:37.059,1.45204,1.45225,1.13,1.73
2013.04.30 10:03:37.392,1.452,1.45219,1.50,1.80
2013.04.30 10:03:37.969,1.45198,1.45221,1.88,1.05
2013.04.30 10:03:38.037,1.45198,1.45223,1.88,2.78
2013.04.30 10:03:38.796,1.45197,1.45221,1.13,1.28
2013.04.30 10:03:40.389,1.45197,1.45221,1.13,1.28
2013.04.30 10:03:42.535,1.45197,1.45221,1.13,1.28
2013.04.30 10:03:45.208,1.45197,1.45221,1.13,1.65
2013.04.30 10:03:45.338,1.45197,1.45221,1.13,2.18
2013.04.30 10:03:45.647,1.45193,1.45215,1.13,1.05
2013.04.30 10:03:46.025,1.45194,1.45218,1.13,1.80
2013.04.30 10:03:46.558,1.45194,1.45218,1.50,1.05
2013.04.30 10:03:49.642,1.45194,1.45218,2.70,1.43
2013.04.30 10:03:50.167,1.45195,1.4522,1.50,3.00
2013.04.30 10:03:50.939,1.45195,1.45221,1.50,1.28
2013.04.30 10:03:51.210,1.45198,1.45223,1.43,1.65
2013.04.30 10:03:51.497,1.45198,1.45224,1.43,1.65
2013.04.30 10:03:52.468,1.45201,1.45224,1.50,1.65
2013.04.30 10:03:53.098,1.45203,1.45224,1.43,1.13
2013.04.30 10:03:53.668,1.45201,1.45225,2.25,1.13
2013.04.30 10:03:54.797,1.45201,1.45224,1.50,1.65
2013.04.30 10:03:54.867,1.45199,1.45224,1.28,2.18
2013.04.30 10:03:55.427,1.45196,1.4522,1.50,1.43
2013.04.30 10:03:55.487,1.45195,1.4522,1.50,1.43
2013.04.30 10:03:56.448,1.45194,1.45219,1.13,1.65
2013.04.30 10:03:56.997,1.45194,1.45217,1.13,1.13
2013.04.30 10:03:58.057,1.45192,1.45217,1.28,1.13
2013.04.30 10:04:00.426,1.4519,1.45215,2.40,1.28
2013.04.30 10:04:01.907,1.4519,1.45215,2.40,1.28
2013.04.30 10:04:02.606,1.4519,1.45215,2.40,2.03
2013.04.30 10:04:03.166,1.45191,1.45216,1.50,2.03
2013.04.30 10:04:04.101,1.45192,1.45216,1.50,2.03
2013.04.30 10:04:04.739,1.45193,1.45216,1.13,1.13
2013.04.30 10:04:07.078,1.45194,1.4522,1.88,1.65
2013.04.30 10:04:07.871,1.45194,1.45219,1.50,1.13
2013.04.30 10:04:08.177,1.45194,1.45214,1.05,1.13
2013.04.30 10:04:08.248,1.45193,1.45219,2.40,1.50
2013.04.30 10:04:08.318,1.45198,1.4522,1.13,2.78
2013.04.30 10:04:08.447,1.452,1.45224,1.13,1.28
2013.04.30 10:04:08.517,1.452,1.45225,2.03,1.65
2013.04.30 10:04:09.317,1.45202,1.45226,1.05,1.13
2013.04.30 10:04:09.987,1.452,1.45226,1.50,2.93
2013.04.30 10:04:12.679,1.452,1.45226,1.50,3.30
2013.04.30 10:04:13.039,1.452,1.45226,1.13,3.30
2013.04.30 10:04:13.568,1.45197,1.45223,2.25,2.18
2013.04.30 10:04:14.230,1.45197,1.45223,1.50,1.43
2013.04.30 10:04:25.601,1.45197,1.45224,2.03,1.65
2013.04.30 10:04:30.766,1.45197,1.45224,2.03,1.65
2013.04.30 10:04:39.237,1.45197,1.45218,2.03,1.50
2013.04.30 10:04:39.391,1.45193,1.45218,1.65,2.63
2013.04.30 10:04:39.907,1.45193,1.45217,1.65,1.13
2013.04.30 10:04:40.038,1.45193,1.45217,1.65,1.13
2013.04.30 10:04:40.771,1.45193,1.45217,1.65,1.13
2013.04.30 10:04:40.899,1.45192,1.45215,1.43,1.13
2013.04.30 10:04:42.045,1.45193,1.45212,1.13,1.13
2013.04.30 10:04:42.250,1.45193,1.45212,1.13,1.13
2013.04.30 10:04:43.700,1.45193,1.45218,1.13,1.13
2013.04.30 10:04:43.768,1.45193,1.45218,1.13,1.13
2013.04.30 10:04:45.164,1.45195,1.45218,1.13,1.13
2013.04.30 10:04:46.399,1.45192,1.45216,1.28,1.28
2013.04.30 10:04:46.609,1.4519,1.45212,1.43,1.13
2013.04.30 10:04:46.818,1.45191,1.45216,1.13,1.13
2013.04.30 10:04:47.758,1.45194,1.45217,1.13,1.65
2013.04.30 10:04:50.764,1.45194,1.45217,1.13,1.28
2013.04.30 10:04:51.390,1.45194,1.45217,1.50,1.28
2013.04.30 10:04:51.649,1.45195,1.4522,1.13,1.13
2013.04.30 10:04:51.897,1.45195,1.4522,1.13,1.13
2013.04.30 10:04:52.303,1.45199,1.45221,1.13,1.65
2013.04.30 10:04:52.442,1.45203,1.45229,2.40,2.03
2013.04.30 10:04:52.580,1.45204,1.45233,1.28,1.65
2013.04.30 10:04:52.651,1.45207,1.45233,1.88,1.65
2013.04.30 10:04:54.568,1.45208,1.45231,1.13,1.28
2013.04.30 10:04:55.107,1.45208,1.45231,1.13,1.65
2013.04.30 10:04:57.280,1.45206,1.45231,1.13,1.65
2013.04.30 10:04:57.867,1.45206,1.45228,1.13,1.13
2013.04.30 10:05:02.936,1.45204,1.45229,2.40,1.13
2013.04.30 10:05:06.722,1.45204,1.45227,2.03,1.13
2013.04.30 10:05:06.867,1.45205,1.45227,1.13,1.73
2013.04.30 10:05:06.945,1.45205,1.45228,1.65,1.35
2013.04.30 10:05:07.288,1.45208,1.45231,2.40,1.13
2013.04.30 10:05:08.618,1.45209,1.45235,1.50,2.40
2013.04.30 10:05:09.058,1.45208,1.45233,2.03,2.85
2013.04.30 10:05:10.147,1.45204,1.45231,2.40,1.43
2013.04.30 10:05:10.302,1.45204,1.45226,1.28,1.13
2013.04.30 10:05:10.882,1.452,1.45225,1.50,1.13
2013.04.30 10:05:11.278,1.45198,1.45224,2.40,1.13
2013.04.30 10:05:11.789,1.452,1.45224,1.13,1.13
2013.04.30 10:05:13.561,1.452,1.45224,1.88,1.13
2013.04.30 10:05:17.455,1.452,1.45224,1.13,1.13
2013.04.30 10:05:18.057,1.45199,1.45224,1.13,2.63
2013.04.30 10:05:18.587,1.45199,1.45219,1.13,1.50
2013.04.30 10:05:19.504,1.45197,1.45219,1.13,1.88
2013.04.30 10:05:20.869,1.45199,1.45223,1.13,2.78
2013.04.30 10:05:22.987,1.452,1.45223,1.13,2.78
2013.04.30 10:05:23.959,1.45203,1.45223,1.13,2.25
2013.04.30 10:05:24.031,1.45203,1.45226,1.13,1.13
2013.04.30 10:05:30.258,1.452,1.45224,1.13,1.50
2013.04.30 10:05:30.428,1.452,1.45223,1.13,1.05
2013.04.30 10:05:34.888,1.452,1.45221,1.13,1.50
2013.04.30 10:05:35.276,1.45198,1.45221,3.00,2.03
2013.04.30 10:05:35.757,1.45198,1.45219,3.00,1.05
2013.04.30 10:05:37.227,1.45198,1.45219,1.88,1.05
2013.04.30 10:05:38.311,1.45198,1.45219,1.88,1.05
2013.04.30 10:05:41.711,1.45198,1.45219,1.88,1.05
2013.04.30 10:05:42.517,1.45198,1.45221,1.88,2.25
2013.04.30 10:05:43.008,1.45198,1.45221,3.75,1.88
2013.04.30 10:05:43.561,1.452,1.45223,1.50,1.80
2013.04.30 10:05:48.717,1.45198,1.45221,1.13,1.88
2013.04.30 10:05:49.290,1.45196,1.4522,1.50,2.63
2013.04.30 10:05:49.943,1.45192,1.45215,1.05,1.50
2013.04.30 10:05:50.149,1.4519,1.45214,2.40,1.88
2013.04.30 10:05:50.667,1.45191,1.45215,1.50,3.00
2013.04.30 10:05:53.380,1.45191,1.45215,1.13,1.88
2013.04.30 10:05:54.480,1.45191,1.45211,1.13,1.50
2013.04.30 10:05:54.859,1.45185,1.45205,1.65,1.13
2013.04.30 10:05:55.397,1.45184,1.45206,1.13,2.25
2013.04.30 10:05:59.460,1.45184,1.45207,1.13,1.50
2013.04.30 10:06:04.198,1.45184,1.45207,1.13,1.50
2013.04.30 10:06:04.269,1.45188,1.45208,1.13,1.50
2013.04.30 10:06:04.410,1.4519,1.45208,1.13,1.50
2013.04.30 10:06:04.749,1.45194,1.45211,1.50,1.09
2013.04.30 10:06:05.217,1.45195,1.4522,1.65,1.13
2013.04.30 10:06:05.948,1.45195,1.4522,2.40,1.13
2013.04.30 10:06:06.268,1.45197,1.45221,1.13,2.03
2013.04.30 10:06:06.899,1.45197,1.45218,1.13,1.24
2013.04.30 10:06:06.969,1.45194,1.45212,1.50,2.03
2013.04.30 10:06:07.157,1.45185,1.45208,1.28,1.35
2013.04.30 10:06:07.230,1.45182,1.45204,1.05,2.48
2013.04.30 10:06:07.370,1.45178,1.45201,1.65,1.65
2013.04.30 10:06:07.629,1.45177,1.452,1.13,1.88
2013.04.30 10:06:09.937,1.45178,1.45203,1.88,1.50
2013.04.30 10:06:10.008,1.45179,1.45204,1.50,2.63
2013.04.30 10:06:10.210,1.45179,1.45204,1.88,1.50
2013.04.30 10:06:11.151,1.45179,1.45201,1.88,1.13
2013.04.30 10:06:11.579,1.45188,1.45203,1.05,1.50
2013.04.30 10:06:12.403,1.45189,1.45203,1.05,1.50
2013.04.30 10:06:13.581,1.45183,1.45205,2.40,2.25
2013.04.30 10:06:14.107,1.45183,1.45205,2.03,1.88
2013.04.30 10:06:14.227,1.45183,1.45207,2.03,2.25
2013.04.30 10:06:14.547,1.4519,1.45209,1.28,1.50
2013.04.30 10:06:16.909,1.45191,1.45212,1.13,1.50
2013.04.30 10:06:19.908,1.45191,1.4521,1.13,1.50
2013.04.30 10:06:20.417,1.45186,1.4521,1.65,1.50
2013.04.30 10:06:21.288,1.45191,1.45212,1.65,1.50
2013.04.30 10:06:21.815,1.45192,1.45213,1.05,1.50
2013.04.30 10:06:22.318,1.45194,1.45211,1.28,1.50
2013.04.30 10:06:27.260,1.45189,1.45211,1.28,3.00
2013.04.30 10:06:27.787,1.4519,1.45211,1.28,3.38
2013.04.30 10:06:28.108,1.4519,1.45211,1.28,3.38
2013.04.30 10:06:28.438,1.4519,1.45211,1.28,2.63
2013.04.30 10:06:28.937,1.45189,1.4521,1.28,1.50
2013.04.30 10:06:39.928,1.45189,1.45205,1.28,1.50
2013.04.30 10:06:41.098,1.4519,1.45205,1.28,1.50
2013.04.30 10:06:42.459,1.45191,1.45205,1.50,1.50
2013.04.30 10:06:43.708,1.45191,1.45209,1.50,1.50
2013.04.30 10:06:43.837,1.45189,1.45209,1.28,1.50
2013.04.30 10:06:47.806,1.45189,1.4521,1.28,1.88
2013.04.30 10:06:48.818,1.45187,1.4521,2.03,1.88
2013.04.30 10:06:49.428,1.45187,1.45209,1.50,2.63
2013.04.30 10:06:55.228,1.45187,1.45209,1.50,1.50
2013.04.30 10:07:03.108,1.45187,1.45208,1.50,1.88
2013.04.30 10:07:08.058,1.45189,1.45208,1.50,1.50
2013.04.30 10:07:08.189,1.4519,1.45208,1.80,1.50
2013.04.30 10:07:08.751,1.4519,1.45208,1.50,1.50
2013.04.30 10:07:09.519,1.45189,1.45208,1.28,1.50
2013.04.30 10:07:10.198,1.45186,1.45208,1.28,1.88
2013.04.30 10:07:10.903,1.45186,1.45207,1.28,1.88
2013.04.30 10:07:13.709,1.45185,1.45208,1.50,1.88
2013.04.30 10:07:14.928,1.45185,1.45198,1.50,1.50
2013.04.30 10:07:14.999,1.45182,1.45198,1.05,1.50
2013.04.30 10:07:15.069,1.45179,1.45198,1.28,1.50
2013.04.30 10:07:16.037,1.45179,1.45198,2.03,1.50
2013.04.30 10:07:16.348,1.45182,1.45202,1.28,1.28
2013.04.30 10:07:16.539,1.45185,1.45203,1.28,1.65
2013.04.30 10:07:17.057,1.45185,1.45203,1.80,1.65
2013.04.30 10:07:17.897,1.45185,1.45198,1.80,1.50
2013.04.30 10:07:18.029,1.45182,1.45198,1.28,1.50
2013.04.30 10:07:23.349,1.45182,1.45194,1.28,1.50
2013.04.30 10:07:23.552,1.45177,1.45194,1.05,1.50
2013.04.30 10:07:24.567,1.45177,1.452,2.55,1.69
2013.04.30 10:07:24.638,1.4518,1.452,1.05,1.50
2013.04.30 10:07:25.139,1.45181,1.452,1.28,1.50
2013.04.30 10:07:25.710,1.45182,1.452,1.50,1.50
2013.04.30 10:07:27.387,1.45184,1.452,2.03,1.50
2013.04.30 10:07:27.947,1.45183,1.452,1.80,1.50
2013.04.30 10:07:29.110,1.45183,1.45199,1.28,1.50
2013.04.30 10:07:31.027,1.45183,1.45199,1.28,1.50
2013.04.30 10:07:34.246,1.45181,1.45199,1.28,1.50
2013.04.30 10:07:35.669,1.4518,1.452,2.55,1.50
2013.04.30 10:07:37.720,1.4518,1.452,1.50,1.50
2013.04.30 10:07:46.254,1.45178,1.45201,2.03,1.50
2013.04.30 10:07:49.711,1.4518,1.45196,1.13,1.50
2013.04.30 10:07:51.067,1.45177,1.45196,1.05,1.50
2013.04.30 10:07:51.378,1.45176,1.45196,1.28,1.50
2013.04.30 10:07:52.627,1.45175,1.45197,2.03,1.28
2013.04.30 10:07:52.759,1.45177,1.452,1.50,1.88
2013.04.30 10:07:53.069,1.45181,1.452,1.80,1.88
2013.04.30 10:07:53.690,1.45186,1.452,1.05,1.50
2013.04.30 10:07:53.848,1.45185,1.45206,1.65,1.13
2013.04.30 10:07:53.991,1.45186,1.45207,1.43,1.28
2013.04.30 10:07:55.159,1.45188,1.45209,1.28,1.50
2013.04.30 10:07:55.303,1.45189,1.45212,1.13,1.13
2013.04.30 10:07:56.098,1.45189,1.45213,1.13,3.38
2013.04.30 10:07:56.479,1.45185,1.45206,1.28,1.13
2013.04.30 10:07:56.549,1.45185,1.45209,1.28,1.65
2013.04.30 10:07:56.928,1.45179,1.45206,2.63,1.65
2013.04.30 10:07:58.479,1.45179,1.45206,1.88,2.40
2013.04.30 10:07:59.889,1.45182,1.45206,1.13,1.28
2013.04.30 10:07:59.970,1.45185,1.45209,1.05,1.50
2013.04.30 10:08:00.448,1.45185,1.45209,1.05,2.25
2013.04.30 10:08:07.101,1.45185,1.45209,1.05,1.50
2013.04.30 10:08:09.467,1.45185,1.4521,1.05,2.25
2013.04.30 10:08:09.867,1.45187,1.4521,1.28,2.25
2013.04.30 10:08:10.508,1.45189,1.45209,1.50,1.13
2013.04.30 10:08:10.697,1.45192,1.45209,1.05,1.13
2013.04.30 10:08:12.269,1.45192,1.45215,1.05,3.38
2013.04.30 10:08:14.778,1.45192,1.45214,1.05,1.50
2013.04.30 10:08:21.647,1.45189,1.4521,1.05,1.13
2013.04.30 10:08:21.717,1.45187,1.4521,2.18,1.13
2013.04.30 10:08:22.128,1.45189,1.4521,1.50,1.13
2013.04.30 10:08:22.878,1.45192,1.4521,1.05,2.25
2013.04.30 10:08:24.507,1.4519,1.4521,1.05,2.25
2013.04.30 10:08:24.577,1.45188,1.4521,1.05,2.25
2013.04.30 10:08:25.739,1.4519,1.4521,1.05,2.25
2013.04.30 10:08:26.352,1.45192,1.4521,1.05,2.25
2013.04.30 10:08:30.168,1.45192,1.45209,1.05,1.50
2013.04.30 10:08:34.269,1.45198,1.45213,1.50,1.50
2013.04.30 10:08:34.519,1.45207,1.45225,1.50,1.50
2013.04.30 10:08:34.588,1.45207,1.45227,2.03,1.50
2013.04.30 10:08:34.718,1.45207,1.45234,3.45,1.65
2013.04.30 10:08:34.969,1.45209,1.45235,1.50,2.18
2013.04.30 10:08:35.481,1.45209,1.45232,1.88,1.13
2013.04.30 10:08:36.419,1.45209,1.45232,1.50,1.13
2013.04.30 10:08:37.200,1.45208,1.45233,2.03,2.25
2013.04.30 10:08:37.637,1.45208,1.45233,2.78,1.13
2013.04.30 10:08:38.842,1.45208,1.45231,3.15,1.50
2013.04.30 10:08:39.228,1.45203,1.45226,1.65,1.13
2013.04.30 10:08:39.741,1.45201,1.45224,1.13,1.65
2013.04.30 10:08:40.252,1.45198,1.45222,1.50,1.28
2013.04.30 10:08:40.319,1.45196,1.45222,2.63,1.28
2013.04.30 10:08:40.388,1.452,1.45225,1.88,1.28
2013.04.30 10:08:40.918,1.452,1.45227,2.78,1.88
2013.04.30 10:08:43.501,1.45198,1.45222,1.28,2.03
2013.04.30 10:08:43.700,1.45197,1.45221,1.50,1.13
2013.04.30 10:08:43.770,1.45197,1.45223,2.25,1.50
2013.04.30 10:08:43.899,1.45197,1.45223,2.25,1.50
2013.04.30 10:08:44.612,1.45199,1.45223,1.13,2.25
2013.04.30 10:08:44.681,1.45203,1.45225,1.73,1.50
2013.04.30 10:08:44.810,1.45204,1.45229,2.25,1.88
2013.04.30 10:08:44.879,1.45206,1.45229,1.47,1.13
2013.04.30 10:08:45.130,1.45207,1.45233,2.03,1.28
2013.04.30 10:08:45.848,1.45211,1.45233,1.50,1.28
2013.04.30 10:08:46.157,1.45212,1.45236,2.25,1.05
2013.04.30 10:08:47.089,1.45211,1.45235,1.13,1.65
2013.04.30 10:08:48.977,1.45211,1.45235,1.43,1.13
2013.04.30 10:08:51.688,1.45213,1.45235,1.80,1.13
2013.04.30 10:08:52.359,1.45213,1.45236,1.05,1.13
2013.04.30 10:08:52.549,1.45212,1.45236,1.13,1.13
2013.04.30 10:08:55.938,1.45212,1.45236,1.43,1.13
2013.04.30 10:08:57.890,1.45212,1.45238,2.93,1.28
2013.04.30 10:09:03.978,1.45212,1.45234,1.80,1.50
2013.04.30 10:09:04.108,1.45212,1.45238,1.80,1.13
2013.04.30 10:09:06.910,1.45216,1.45239,1.65,1.13
2013.04.30 10:09:11.879,1.45217,1.45239,2.03,1.13
2013.04.30 10:09:12.336,1.4522,1.45239,1.80,1.13
2013.04.30 10:09:13.500,1.45222,1.45241,1.28,1.50
2013.04.30 10:09:13.630,1.45223,1.45246,1.28,1.13
2013.04.30 10:09:13.700,1.45223,1.45248,1.28,1.88
2013.04.30 10:09:13.831,1.45225,1.45246,1.05,1.13
2013.04.30 10:09:13.898,1.45225,1.45247,1.05,1.13
2013.04.30 10:09:14.425,1.45225,1.45248,1.80,1.65
2013.04.30 10:09:14.670,1.45227,1.45251,1.28,1.88
2013.04.30 10:09:14.797,1.45229,1.45255,1.80,1.13
2013.04.30 10:09:14.918,1.45229,1.45251,1.80,1.50
2013.04.30 10:09:16.232,1.45228,1.45249,1.50,1.13
2013.04.30 10:09:16.878,1.45227,1.45247,1.28,1.13
2013.04.30 10:09:17.397,1.45225,1.4525,1.80,1.88
2013.04.30 10:09:27.808,1.45225,1.4525,1.43,1.88
2013.04.30 10:09:29.047,1.45224,1.4525,3.53,1.88
2013.04.30 10:09:31.180,1.45225,1.45248,1.65,1.13
2013.04.30 10:09:31.249,1.45225,1.4525,1.65,1.13
2013.04.30 10:09:31.579,1.45228,1.4525,1.80,1.13
2013.04.30 10:09:32.478,1.45228,1.45251,1.80,2.25
2013.04.30 10:09:32.871,1.45232,1.45252,1.28,1.50
2013.04.30 10:09:33.223,1.45234,1.45252,1.05,1.50
2013.04.30 10:09:34.690,1.45234,1.45258,1.05,1.13
2013.04.30 10:09:37.280,1.45234,1.45258,1.05,1.13
2013.04.30 10:09:39.078,1.45234,1.45258,1.43,1.13
2013.04.30 10:09:41.121,1.45236,1.45262,1.65,1.28
2013.04.30 10:09:46.171,1.4524,1.45262,1.05,1.50
2013.04.30 10:09:47.274,1.45242,1.45263,1.05,1.50
2013.04.30 10:09:47.579,1.45236,1.45257,1.28,2.25
2013.04.30 10:09:47.719,1.45238,1.45262,1.13,1.50
2013.04.30 10:09:47.918,1.45242,1.45265,1.88,1.62
2013.04.30 10:09:47.988,1.45242,1.45265,2.70,1.84
2013.04.30 10:09:48.237,1.4524,1.45266,1.80,2.22
2013.04.30 10:09:49.279,1.4524,1.45266,2.03,1.47
2013.04.30 10:10:00.898,1.45246,1.45266,1.24,1.28
2013.04.30 10:10:01.029,1.45253,1.4527,1.50,1.13
2013.04.30 10:10:01.101,1.45252,1.45278,2.40,1.47
2013.04.30 10:10:01.168,1.45254,1.45276,1.13,1.28
2013.04.30 10:10:01.239,1.4525,1.45276,2.63,1.88
2013.04.30 10:10:01.988,1.45253,1.45277,1.88,1.43
2013.04.30 10:10:02.530,1.45253,1.45279,1.88,1.65
2013.04.30 10:10:03.970,1.4525,1.45276,3.15,1.88
2013.04.30 10:10:06.621,1.45245,1.45271,1.88,2.55
2013.04.30 10:10:07.248,1.45247,1.45271,1.13,2.93
2013.04.30 10:10:07.478,1.45247,1.45268,1.13,1.65
2013.04.30 10:10:07.788,1.45241,1.45263,1.50,1.50
2013.04.30 10:10:08.119,1.45241,1.45261,1.50,1.28
2013.04.30 10:10:08.371,1.45241,1.45262,1.50,1.28
2013.04.30 10:10:08.506,1.45236,1.4526,1.28,1.50
2013.04.30 10:10:08.577,1.45236,1.4526,1.28,1.50
2013.04.30 10:10:08.931,1.45245,1.45266,1.50,1.05
2013.04.30 10:10:09.487,1.45244,1.45271,1.65,1.13
2013.04.30 10:10:10.050,1.45246,1.45271,1.50,1.88
2013.04.30 10:10:10.401,1.45246,1.45267,1.88,1.50
2013.04.30 10:10:10.958,1.45248,1.45267,1.05,1.50
2013.04.30 10:10:11.221,1.45246,1.45267,2.40,1.50
2013.04.30 10:10:11.939,1.45246,1.45271,2.40,1.50
2013.04.30 10:10:12.468,1.45246,1.45269,1.28,1.13
2013.04.30 10:10:16.572,1.45244,1.4527,2.18,2.63
2013.04.30 10:10:19.606,1.45244,1.45267,1.80,1.50
2013.04.30 10:10:19.868,1.45241,1.45265,1.65,1.28
2013.04.30 10:10:21.089,1.45242,1.45263,1.65,1.13
2013.04.30 10:10:23.120,1.45241,1.45263,1.13,1.13
2013.04.30 10:10:25.317,1.4524,1.45263,1.13,1.13
2013.04.30 10:10:25.838,1.45242,1.45268,1.28,1.88
2013.04.30 10:10:26.363,1.45246,1.45269,2.03,2.25
2013.04.30 10:10:26.428,1.45246,1.45272,2.40,1.13
2013.04.30 10:10:26.499,1.45246,1.45272,3.15,1.13
2013.04.30 10:10:27.010,1.4525,1.45272,3.15,1.13
2013.04.30 10:10:27.660,1.45251,1.45275,1.13,1.13
2013.04.30 10:10:28.289,1.45252,1.45275,1.13,1.13
2013.04.30 10:10:29.628,1.45251,1.45274,1.13,1.50
2013.04.30 10:10:29.702,1.4525,1.45274,2.78,2.25
2013.04.30 10:10:29.887,1.45245,1.45268,1.28,1.13
2013.04.30 10:10:30.767,1.45246,1.45268,1.28,1.13
2013.04.30 10:10:31.377,1.45244,1.45268,1.43,1.13
2013.04.30 10:10:37.592,1.45241,1.45267,2.25,1.65
2013.04.30 10:10:37.903,1.45241,1.45267,1.80,1.13
2013.04.30 10:10:39.019,1.45239,1.45263,1.80,1.13
2013.04.30 10:10:39.580,1.45241,1.45263,1.05,1.13
2013.04.30 10:10:40.191,1.45242,1.45263,1.28,1.13
2013.04.30 10:10:41.320,1.45241,1.45263,1.05,2.25
2013.04.30 10:10:41.458,1.45239,1.45261,1.28,1.13
2013.04.30 10:10:42.243,1.45237,1.45262,2.55,1.88
2013.04.30 10:10:43.159,1.45237,1.45258,1.80,1.13
2013.04.30 10:10:43.940,1.45235,1.45258,1.28,1.13
2013.04.30 10:10:44.078,1.45235,1.45259,1.28,1.13
2013.04.30 10:10:44.600,1.4524,1.45261,1.28,1.13
2013.04.30 10:10:45.419,1.4524,1.45261,1.28,1.13
2013.04.30 10:10:46.470,1.4524,1.45261,1.28,1.13
2013.04.30 10:10:48.118,1.45241,1.45261,1.80,1.13
2013.04.30 10:10:51.080,1.45241,1.45261,1.80,1.13
2013.04.30 10:10:51.990,1.45242,1.45261,1.28,1.13
2013.04.30 10:10:52.320,1.45244,1.45265,1.80,1.28
2013.04.30 10:10:52.509,1.45243,1.45264,1.28,1.50
2013.04.30 10:10:52.580,1.45239,1.45264,2.18,1.50
2013.04.30 10:10:52.648,1.45239,1.45261,1.05,1.88
2013.04.30 10:10:52.719,1.45236,1.45257,1.43,1.50
2013.04.30 10:10:52.908,1.45233,1.45256,1.43,1.50
2013.04.30 10:10:53.038,1.45236,1.45258,1.65,1.65
2013.04.30 10:10:53.337,1.45236,1.45259,1.65,1.28
2013.04.30 10:10:54.188,1.45235,1.45258,1.65,1.28
2013.04.30 10:10:56.413,1.45235,1.45257,1.28,1.88
2013.04.30 10:10:57.821,1.45235,1.45257,1.28,1.50
2013.04.30 10:10:59.755,1.45235,1.45257,1.28,2.25
2013.04.30 10:10:59.959,1.45231,1.45256,2.40,1.88
2013.04.30 10:11:00.464,1.4523,1.45252,1.65,1.13
2013.04.30 10:11:00.894,1.4523,1.45255,1.65,1.13
2013.04.30 10:11:01.409,1.45231,1.45255,1.65,1.13
2013.04.30 10:11:01.838,1.45234,1.45257,1.65,1.88
2013.04.30 10:11:03.378,1.45234,1.45257,1.28,1.13
2013.04.30 10:11:04.087,1.45234,1.45257,1.28,1.13
2013.04.30 10:11:04.270,1.45235,1.45257,1.80,1.13
2013.04.30 10:11:04.861,1.45235,1.45257,1.80,1.13
2013.04.30 10:11:07.230,1.45235,1.45255,1.80,1.13
2013.04.30 10:11:08.698,1.45235,1.45253,1.80,1.13
2013.04.30 10:11:08.952,1.4523,1.45252,2.03,1.13
2013.04.30 10:11:09.716,1.45222,1.45252,2.40,2.40
2013.04.30 10:11:11.110,1.45222,1.45247,1.28,1.13
2013.04.30 10:11:17.067,1.45222,1.45249,1.28,1.88
2013.04.30 10:11:26.151,1.45221,1.45247,4.28,2.03
2013.04.30 10:11:26.217,1.45221,1.45247,3.53,2.03
2013.04.30 10:11:26.607,1.45222,1.45247,1.50,1.28
2013.04.30 10:11:26.918,1.45224,1.45248,1.65,1.13
2013.04.30 10:11:27.407,1.45224,1.45251,2.78,1.50
2013.04.30 10:11:27.528,1.45225,1.45252,3.00,1.28
2013.04.30 10:11:27.969,1.4523,1.45254,1.13,1.13
2013.04.30 10:11:28.517,1.4523,1.45256,3.00,1.65
2013.04.30 10:11:29.312,1.4523,1.45256,3.75,2.03
2013.04.30 10:11:32.157,1.4523,1.45255,1.50,1.28
2013.04.30 10:11:33.608,1.45231,1.45257,1.13,1.28
2013.04.30 10:11:34.322,1.45233,1.45257,1.13,1.28
2013.04.30 10:11:41.208,1.45231,1.45256,1.13,1.13
2013.04.30 10:11:51.261,1.45232,1.45259,1.88,1.65
2013.04.30 10:11:52.088,1.45232,1.45258,1.88,1.43
2013.04.30 10:11:52.579,1.45232,1.45255,1.13,1.28
2013.04.30 10:11:59.259,1.45234,1.45256,1.13,1.50
2013.04.30 10:11:59.449,1.45234,1.45258,1.13,1.13
2013.04.30 10:11:59.593,1.45235,1.45258,1.13,1.13
2013.04.30 10:12:00.190,1.45237,1.4526,1.88,1.13
2013.04.30 10:12:00.579,1.45237,1.45264,2.25,1.28
2013.04.30 10:12:01.888,1.45242,1.45265,1.50,1.13
2013.04.30 10:12:01.958,1.45242,1.45264,1.88,1.13
2013.04.30 10:12:02.649,1.4524,1.45264,1.50,1.13
2013.04.30 10:12:03.169,1.45241,1.45268,2.25,1.50
2013.04.30 10:12:04.960,1.45244,1.45269,1.65,1.13
2013.04.30 10:12:05.029,1.45248,1.45271,1.50,1.13
2013.04.30 10:12:05.400,1.45249,1.45271,2.25,1.13
2013.04.30 10:12:06.640,1.45251,1.45274,1.13,1.50
2013.04.30 10:12:06.708,1.45251,1.45274,1.13,1.50
2013.04.30 10:12:07.018,1.45251,1.45274,1.13,1.50
2013.04.30 10:12:07.777,1.45251,1.45274,1.13,1.50
2013.04.30 10:12:08.198,1.4525,1.45273,1.13,1.13
2013.04.30 10:12:11.587,1.4525,1.45273,1.50,1.13
2013.04.30 10:12:14.037,1.45248,1.45273,1.69,1.88
2013.04.30 10:12:14.467,1.45246,1.45268,1.32,1.13
2013.04.30 10:12:17.158,1.45246,1.45268,1.13,1.13
2013.04.30 10:12:21.041,1.45246,1.45268,1.13,1.50
2013.04.30 10:12:21.359,1.45244,1.45263,1.28,1.13
2013.04.30 10:12:21.430,1.45245,1.45266,1.13,2.40
2013.04.30 10:12:21.704,1.45247,1.4527,2.25,1.13
2013.04.30 10:12:21.910,1.45251,1.4527,1.05,1.13
2013.04.30 10:12:22.469,1.45251,1.45271,1.80,1.13
2013.04.30 10:12:23.084,1.45251,1.45272,1.80,1.50
2013.04.30 10:12:24.494,1.45251,1.45274,1.80,1.13
2013.04.30 10:12:24.843,1.45251,1.45273,1.13,1.50
2013.04.30 10:12:25.170,1.45255,1.45274,1.13,1.13
2013.04.30 10:12:25.499,1.45256,1.45276,1.28,1.13
2013.04.30 10:12:26.148,1.45256,1.45277,1.65,1.50
2013.04.30 10:12:26.773,1.45258,1.45277,1.28,1.50
2013.04.30 10:12:30.078,1.45258,1.45277,1.28,1.50
2013.04.30 10:12:30.608,1.4526,1.4528,1.28,1.13
2013.04.30 10:12:32.025,1.4526,1.45281,1.28,1.88
2013.04.30 10:12:37.820,1.45261,1.45282,1.20,1.50
2013.04.30 10:12:37.888,1.45261,1.45286,1.20,1.65
2013.04.30 10:12:40.878,1.45261,1.45286,1.13,1.65
2013.04.30 10:12:43.818,1.45261,1.45286,1.50,1.65
2013.04.30 10:12:48.531,1.45262,1.45286,1.13,1.28
2013.04.30 10:12:49.150,1.45264,1.45287,1.13,1.50
2013.04.30 10:12:49.672,1.4526,1.45282,1.43,1.50
2013.04.30 10:12:49.812,1.45264,1.45284,1.13,2.03
2013.04.30 10:12:49.880,1.45264,1.45287,1.65,1.88
2013.04.30 10:12:50.140,1.45264,1.45287,1.13,1.13
2013.04.30 10:12:50.687,1.45266,1.45291,1.50,1.13
2013.04.30 10:12:51.269,1.45266,1.45293,1.88,1.65
2013.04.30 10:12:52.887,1.45266,1.45291,2.25,1.50
2013.04.30 10:12:54.090,1.45266,1.45291,2.63,1.50
2013.04.30 10:12:56.517,1.45272,1.45293,1.50,2.03
2013.04.30 10:12:56.591,1.45272,1.45293,1.50,2.03
2013.04.30 10:13:06.440,1.45272,1.45293,1.50,1.28
2013.04.30 10:13:06.568,1.45267,1.45293,2.03,2.03
2013.04.30 10:13:06.758,1.45267,1.45292,1.65,1.50
2013.04.30 10:13:07.898,1.45267,1.45293,1.65,1.28
2013.04.30 10:13:13.090,1.45267,1.45292,1.28,2.03
2013.04.30 10:13:13.218,1.45266,1.45289,1.43,1.69
2013.04.30 10:13:13.289,1.45264,1.45288,1.80,1.28
2013.04.30 10:13:13.360,1.4526,1.45287,1.28,1.65
2013.04.30 10:13:13.728,1.4526,1.45288,1.28,2.55
2013.04.30 10:13:14.292,1.4526,1.45287,1.28,1.65
2013.04.30 10:13:14.648,1.4526,1.45286,1.28,1.88
2013.04.30 10:13:14.967,1.4526,1.45283,1.28,1.13
2013.04.30 10:13:24.049,1.45263,1.45284,1.50,1.13
2013.04.30 10:13:24.559,1.45263,1.45288,1.13,1.28
2013.04.30 10:13:25.260,1.45263,1.45289,1.50,1.28
2013.04.30 10:13:27.388,1.45263,1.4529,2.03,1.13
2013.04.30 10:13:28.118,1.45263,1.4529,2.40,2.25
2013.04.30 10:13:28.669,1.45263,1.45288,1.65,1.13
2013.04.30 10:13:29.191,1.45263,1.4529,1.65,1.50
2013.04.30 10:13:30.259,1.45263,1.4529,2.78,2.25
2013.04.30 10:13:35.742,1.45266,1.4529,1.13,1.50
2013.04.30 10:13:36.862,1.45263,1.45289,2.03,1.13
2013.04.30 10:13:37.048,1.45263,1.45288,2.03,1.13
2013.04.30 10:13:39.370,1.45258,1.45287,1.50,2.03
2013.04.30 10:13:39.500,1.45257,1.45285,3.15,1.13
2013.04.30 10:13:40.607,1.45256,1.45282,1.28,1.65
2013.04.30 10:13:45.639,1.45264,1.45282,1.84,1.65
2013.04.30 10:13:45.957,1.45281,1.453,1.50,1.05
2013.04.30 10:13:46.199,1.45281,1.45303,1.50,1.05
2013.04.30 10:13:51.990,1.4528,1.45302,2.25,2.03
2013.04.30 10:13:52.059,1.4528,1.45302,2.25,2.55
2013.04.30 10:13:52.370,1.45278,1.45299,1.13,1.05
2013.04.30 10:13:52.912,1.4528,1.45302,2.25,2.03
2013.04.30 10:13:54.518,1.4528,1.45302,2.63,2.03
2013.04.30 10:13:54.881,1.45287,1.45307,2.25,1.43
2013.04.30 10:13:55.079,1.45287,1.45311,2.25,1.43
2013.04.30 10:13:55.299,1.45287,1.45311,2.25,1.43
2013.04.30 10:13:56.002,1.45288,1.4531,2.63,1.65
2013.04.30 10:13:56.075,1.45288,1.45313,2.63,1.28
2013.04.30 10:13:56.548,1.45291,1.45313,2.25,1.28
2013.04.30 10:14:00.086,1.45291,1.45315,2.25,1.05
2013.04.30 10:14:00.435,1.45291,1.45313,2.25,1.28
2013.04.30 10:14:00.810,1.45286,1.45308,1.13,1.50
2013.04.30 10:14:00.950,1.45281,1.45302,1.43,1.50
2013.04.30 10:14:01.235,1.45276,1.45303,1.65,1.50
2013.04.30 10:14:02.389,1.45276,1.45301,1.65,1.80
2013.04.30 10:14:02.909,1.45276,1.45301,1.65,1.80
2013.04.30 10:14:05.127,1.45273,1.45299,1.13,1.28
2013.04.30 10:14:06.556,1.45276,1.453,1.88,1.28
2013.04.30 10:14:07.068,1.45278,1.45301,1.65,1.05
2013.04.30 10:14:07.639,1.45275,1.45299,1.88,1.28
2013.04.30 10:14:07.968,1.45274,1.45299,1.13,1.28
2013.04.30 10:14:10.341,1.45274,1.45301,1.13,1.65
2013.04.30 10:14:10.408,1.45273,1.45301,2.03,1.65
2013.04.30 10:14:10.923,1.45274,1.45301,1.13,1.65
2013.04.30 10:14:12.607,1.45273,1.453,2.78,1.50
2013.04.30 10:14:12.685,1.45273,1.45299,2.03,2.25
2013.04.30 10:14:13.234,1.45273,1.45298,1.50,1.65
2013.04.30 10:14:13.632,1.45273,1.45298,1.50,1.65
2013.04.30 10:14:14.529,1.45273,1.45297,1.13,1.13
2013.04.30 10:14:15.962,1.45273,1.45299,1.88,2.93
2013.04.30 10:14:17.959,1.45273,1.45299,1.88,1.80
2013.04.30 10:14:20.588,1.45274,1.45299,1.50,1.05
2013.04.30 10:14:21.187,1.45273,1.45298,1.13,1.28
2013.04.30 10:14:21.519,1.45273,1.45299,1.13,1.05
2013.04.30 10:14:21.650,1.45277,1.45303,1.13,1.65
2013.04.30 10:14:21.780,1.45277,1.45305,1.13,2.33
2013.04.30 10:14:22.962,1.45281,1.45304,1.13,1.28
2013.04.30 10:14:25.334,1.45278,1.453,1.50,1.05
2013.04.30 10:14:25.400,1.45278,1.453,1.13,1.05
2013.04.30 10:14:25.953,1.45279,1.45299,1.13,1.28
2013.04.30 10:14:26.428,1.45274,1.45299,1.50,1.28
2013.04.30 10:14:27.569,1.45285,1.453,1.50,1.50
2013.04.30 10:14:27.710,1.45284,1.45307,1.28,1.65
2013.04.30 10:14:28.018,1.45285,1.45308,1.88,1.28
2013.04.30 10:14:28.878,1.45285,1.45313,1.88,3.38
2013.04.30 10:14:28.966,1.45288,1.45314,1.13,2.18
2013.04.30 10:14:31.422,1.45287,1.45313,3.38,1.28
2013.04.30 10:14:31.704,1.45287,1.45314,2.25,1.43
2013.04.30 10:14:32.218,1.45287,1.45314,2.25,1.43
2013.04.30 10:14:33.538,1.45288,1.45315,1.28,2.40
2013.04.30 10:14:35.860,1.45284,1.45312,1.88,1.28
2013.04.30 10:14:36.215,1.45282,1.45309,1.13,1.43
2013.04.30 10:14:36.906,1.45282,1.45309,1.13,1.80
2013.04.30 10:14:37.261,1.45282,1.45307,1.13,1.28
2013.04.30 10:14:39.132,1.45282,1.45309,2.70,2.40
2013.04.30 10:14:39.908,1.45284,1.45306,1.05,1.13
2013.04.30 10:14:40.487,1.45282,1.45309,2.18,1.13
2013.04.30 10:14:40.799,1.45282,1.45306,1.13,1.13
2013.04.30 10:14:42.148,1.45279,1.45306,1.80,1.88
2013.04.30 10:14:43.118,1.45279,1.45306,1.80,1.88
2013.04.30 10:14:44.076,1.45279,1.45306,1.80,1.88
2013.04.30 10:14:51.238,1.45279,1.45304,1.80,1.50
2013.04.30 10:14:57.162,1.45279,1.45304,1.80,1.50
2013.04.30 10:14:58.735,1.4528,1.45304,1.28,1.50
2013.04.30 10:15:00.318,1.45278,1.45302,1.50,1.65
2013.04.30 10:15:00.522,1.45278,1.45302,1.13,1.65
2013.04.30 10:15:01.573,1.45278,1.45302,1.13,2.03
2013.04.30 10:15:02.052,1.45278,1.45303,1.13,1.65
2013.04.30 10:15:03.892,1.4528,1.45306,1.50,1.65
2013.04.30 10:15:06.771,1.45281,1.45306,1.43,1.13
2013.04.30 10:15:07.210,1.45283,1.45311,2.70,1.28
2013.04.30 10:15:07.339,1.45285,1.45311,2.18,1.88
2013.04.30 10:15:07.660,1.4528,1.45307,2.03,1.13
2013.04.30 10:15:08.985,1.4528,1.45307,2.03,1.13
2013.04.30 10:15:09.498,1.45285,1.45309,2.40,1.50
2013.04.30 10:15:11.599,1.45285,1.45306,1.65,2.93
2013.04.30 10:15:13.411,1.45285,1.45306,1.28,2.93
2013.04.30 10:15:15.688,1.45284,1.45302,1.28,2.63
2013.04.30 10:15:18.270,1.45283,1.45304,1.80,2.55
2013.04.30 10:15:18.340,1.45283,1.45304,1.80,1.13
2013.04.30 10:15:18.799,1.45287,1.45304,1.05,1.13
2013.04.30 10:15:18.999,1.4529,1.45304,1.28,1.13
2013.04.30 10:15:19.200,1.45291,1.45311,1.13,2.18
2013.04.30 10:15:19.460,1.45291,1.45314,1.13,2.18
2013.04.30 10:15:22.567,1.45294,1.45317,1.13,1.13
2013.04.30 10:15:22.888,1.45294,1.45319,1.88,2.40
2013.04.30 10:15:25.270,1.45296,1.45316,1.13,1.50
2013.04.30 10:15:26.553,1.45295,1.45313,1.50,1.13
2013.04.30 10:15:26.892,1.45295,1.45313,1.13,2.48
2013.04.30 10:15:28.129,1.45296,1.45315,1.13,2.03
2013.04.30 10:15:29.049,1.45296,1.45317,1.13,1.13
2013.04.30 10:15:31.009,1.45296,1.45317,1.28,1.13
2013.04.30 10:15:31.394,1.45296,1.45319,1.28,1.73
2013.04.30 10:15:34.611,1.45315,1.45333,1.13,2.70
2013.04.30 10:15:34.678,1.45313,1.4533,1.13,1.28
2013.04.30 10:15:34.749,1.45308,1.45325,1.28,1.95
2013.04.30 10:15:34.819,1.45308,1.45325,1.05,1.95
2013.04.30 10:15:34.951,1.45301,1.45325,2.03,1.95
2013.04.30 10:15:35.021,1.45301,1.45325,1.28,1.95
2013.04.30 10:15:35.089,1.45301,1.45322,1.28,2.33
2013.04.30 10:15:35.709,1.453,1.45321,1.50,2.78
2013.04.30 10:15:36.040,1.453,1.45322,1.50,2.25
2013.04.30 10:15:36.559,1.45297,1.45321,2.40,2.93
2013.04.30 10:15:36.705,1.45297,1.45315,1.88,1.88
2013.04.30 10:15:37.319,1.45294,1.45315,1.13,1.88
2013.04.30 10:15:37.901,1.45293,1.45315,1.13,1.88
2013.04.30 10:15:38.040,1.45291,1.45311,1.50,1.80
2013.04.30 10:15:39.980,1.45291,1.45311,1.50,1.80
2013.04.30 10:15:40.240,1.45297,1.45318,1.28,1.95
2013.04.30 10:15:40.450,1.45297,1.45317,1.28,1.50
2013.04.30 10:15:40.788,1.45295,1.45317,1.13,3.45
2013.04.30 10:15:41.039,1.4529,1.45312,2.40,1.73
2013.04.30 10:15:41.442,1.45293,1.45315,1.28,1.50
2013.04.30 10:15:44.262,1.45294,1.45317,2.63,1.73
2013.04.30 10:15:45.810,1.453,1.45318,1.50,1.73
2013.04.30 10:15:46.060,1.453,1.4532,2.25,1.50
2013.04.30 10:15:49.290,1.453,1.4532,1.50,1.50
2013.04.30 10:15:49.359,1.453,1.45318,1.13,2.93
2013.04.30 10:15:51.109,1.45299,1.45318,1.13,2.93
2013.04.30 10:16:00.632,1.45299,1.45315,1.80,1.58
2013.04.30 10:16:00.829,1.45299,1.45317,1.80,1.13
2013.04.30 10:16:01.082,1.45298,1.45317,1.13,1.13
2013.04.30 10:16:03.907,1.45298,1.45319,1.13,1.50
2013.04.30 10:16:05.160,1.45298,1.45319,1.50,1.50
2013.04.30 10:16:05.498,1.45297,1.45313,2.25,1.50
2013.04.30 10:16:06.128,1.45297,1.45313,1.13,1.50
2013.04.30 10:16:06.267,1.45297,1.45319,1.13,2.93
2013.04.30 10:16:07.168,1.45295,1.45317,1.43,1.13
2013.04.30 10:16:07.490,1.45295,1.45317,1.05,2.63
2013.04.30 10:16:12.519,1.45295,1.45315,1.05,1.50
2013.04.30 10:16:14.059,1.45295,1.45317,1.05,1.88
2013.04.30 10:16:14.949,1.45295,1.45314,1.05,1.58
2013.04.30 10:16:15.198,1.45292,1.45313,1.65,1.13
2013.04.30 10:16:15.948,1.45292,1.45313,1.65,1.95
2013.04.30 10:16:18.147,1.45295,1.45313,1.13,1.80
2013.04.30 10:16:18.278,1.45295,1.45317,1.13,1.65
2013.04.30 10:16:20.747,1.45299,1.45317,1.43,1.65
2013.04.30 10:16:21.308,1.45299,1.45319,1.43,1.95
2013.04.30 10:16:23.329,1.45299,1.45319,1.43,1.58
2013.04.30 10:16:24.599,1.45299,1.45317,1.13,3.15
2013.04.30 10:16:24.850,1.45298,1.45323,1.50,1.13
2013.04.30 10:16:25.939,1.453,1.45323,1.13,1.13
2013.04.30 10:16:26.497,1.453,1.45323,1.65,1.13
2013.04.30 10:16:26.790,1.453,1.45322,1.65,2.55
2013.04.30 10:16:29.258,1.453,1.45321,1.65,2.40
2013.04.30 10:16:30.422,1.45304,1.45321,1.50,1.65
2013.04.30 10:16:30.748,1.45304,1.45324,2.25,2.55
2013.04.30 10:16:33.499,1.45305,1.45325,1.88,1.88
2013.04.30 10:16:34.043,1.45304,1.45325,2.63,1.88
2013.04.30 10:16:34.379,1.45304,1.45327,2.63,2.55
2013.04.30 10:16:37.468,1.45306,1.45328,1.50,3.15
2013.04.30 10:16:38.087,1.45306,1.45327,1.13,1.13
2013.04.30 10:16:41.194,1.45307,1.45328,1.50,1.58
2013.04.30 10:16:41.322,1.45307,1.4533,1.88,1.13
2013.04.30 10:16:41.589,1.45309,1.45332,1.80,1.50
2013.04.30 10:16:41.659,1.4531,1.45332,1.43,2.48
2013.04.30 10:16:42.038,1.45307,1.45328,1.50,1.73
2013.04.30 10:16:42.349,1.45303,1.45322,1.13,1.13
2013.04.30 10:16:42.481,1.45303,1.45322,1.13,1.13
2013.04.30 10:16:42.549,1.45302,1.45322,1.80,1.13
2013.04.30 10:16:45.916,1.45302,1.45322,2.55,1.13
2013.04.30 10:16:46.469,1.45303,1.45322,1.28,1.13
2013.04.30 10:16:48.438,1.45304,1.45325,1.13,1.13
2013.04.30 10:16:50.122,1.45304,1.45325,1.13,1.13
2013.04.30 10:16:50.789,1.45305,1.45325,1.65,1.13
2013.04.30 10:16:51.373,1.45305,1.45325,2.18,1.13
2013.04.30 10:16:51.778,1.45306,1.45328,2.03,1.13
2013.04.30 10:16:53.851,1.45306,1.45329,2.03,1.13
2013.04.30 10:16:56.279,1.45306,1.45329,2.40,1.13
2013.04.30 10:16:56.642,1.45306,1.45326,1.28,1.13
2013.04.30 10:16:57.161,1.45305,1.45326,1.43,1.13
2013.04.30 10:16:58.339,1.45303,1.45325,1.65,1.13
2013.04.30 10:16:59.164,1.45306,1.45325,1.13,1.13
2013.04.30 10:16:59.721,1.45307,1.45325,1.05,1.13
2013.04.30 10:17:00.308,1.45311,1.45331,1.13,1.13
2013.04.30 10:17:01.929,1.45311,1.45331,1.13,1.13
2013.04.30 10:17:03.570,1.45311,1.45331,1.13,1.13
2013.04.30 10:17:03.699,1.45309,1.45326,1.28,1.13
2013.04.30 10:17:03.890,1.45308,1.45325,2.18,1.13
2013.04.30 10:17:04.031,1.45308,1.45325,2.18,3.00
2013.04.30 10:17:04.280,1.45308,1.45325,2.18,1.13
2013.04.30 10:17:04.659,1.45309,1.45324,1.28,1.13
2013.04.30 10:17:05.537,1.45307,1.45324,1.13,1.13
2013.04.30 10:17:05.685,1.45304,1.45322,1.28,1.13
2013.04.30 10:17:05.961,1.45302,1.45322,3.00,1.13
2013.04.30 10:17:06.151,1.45307,1.45329,1.88,1.50
2013.04.30 10:17:06.222,1.45308,1.45331,1.13,1.43
2013.04.30 10:17:06.415,1.45312,1.45334,1.65,1.28
2013.04.30 10:17:06.611,1.45312,1.45336,1.65,1.28
2013.04.30 10:17:07.160,1.4531,1.45336,2.78,2.03
2013.04.30 10:17:07.489,1.45314,1.45336,1.65,2.03
2013.04.30 10:17:11.448,1.4531,1.45333,1.65,1.13
2013.04.30 10:17:11.749,1.45309,1.45331,1.50,1.88
2013.04.30 10:17:12.759,1.45306,1.45329,1.65,1.13
2013.04.30 10:17:15.853,1.45306,1.45329,1.65,1.13
2013.04.30 10:17:17.186,1.45307,1.45324,1.28,1.13
2013.04.30 10:17:17.254,1.45306,1.45324,1.43,1.13
2013.04.30 10:17:17.322,1.45303,1.45324,1.43,1.13
2013.04.30 10:17:21.889,1.45301,1.45325,1.50,1.88
2013.04.30 10:17:22.399,1.45301,1.45325,1.50,1.88
2013.04.30 10:17:23.011,1.45301,1.45325,2.55,1.13
2013.04.30 10:17:24.392,1.45305,1.45325,1.13,1.13
2013.04.30 10:17:24.898,1.45305,1.45325,1.13,1.13
2013.04.30 10:17:25.751,1.45303,1.45325,2.10,1.13
2013.04.30 10:17:26.130,1.453,1.45319,1.73,1.50
2013.04.30 10:17:27.289,1.453,1.45316,1.50,1.13
2013.04.30 10:17:27.568,1.45301,1.45324,1.13,1.13
2013.04.30 10:17:30.330,1.45301,1.45324,1.65,1.13
2013.04.30 10:17:30.401,1.45301,1.45324,1.65,1.13
2013.04.30 10:17:34.400,1.45301,1.4532,1.28,1.13
2013.04.30 10:17:34.475,1.45301,1.4532,1.28,1.13
2013.04.30 10:17:34.960,1.45299,1.4532,1.13,1.13
2013.04.30 10:17:35.220,1.45295,1.45312,1.50,1.69
2013.04.30 10:17:35.352,1.45283,1.45304,3.34,1.50
2013.04.30 10:17:35.421,1.45283,1.45303,2.25,1.88
2013.04.30 10:17:35.770,1.45277,1.45294,1.50,1.13
2013.04.30 10:17:36.994,1.45276,1.45294,1.13,1.13
2013.04.30 10:17:37.124,1.45267,1.45288,2.40,1.13
2013.04.30 10:17:37.337,1.45267,1.45285,1.13,1.13
2013.04.30 10:17:38.382,1.45266,1.45284,1.13,1.73
2013.04.30 10:17:38.453,1.45265,1.45284,1.28,1.73
2013.04.30 10:17:38.650,1.45263,1.45282,1.05,1.13
2013.04.30 10:17:38.851,1.4526,1.45282,1.13,1.13
2013.04.30 10:17:39.412,1.45261,1.45282,1.13,1.65
2013.04.30 10:17:39.969,1.45261,1.45282,1.50,1.28
2013.04.30 10:17:40.842,1.45261,1.45282,1.13,1.28
2013.04.30 10:17:41.149,1.45256,1.45276,1.13,1.65
2013.04.30 10:17:42.031,1.45256,1.45276,1.88,1.13
2013.04.30 10:17:42.168,1.45258,1.45276,1.58,1.13
2013.04.30 10:17:42.500,1.45258,1.45278,1.28,1.50
2013.04.30 10:17:43.029,1.45258,1.45278,1.28,1.50
2013.04.30 10:17:45.148,1.45254,1.45278,2.40,1.05
2013.04.30 10:17:46.630,1.45254,1.45277,1.28,1.50
2013.04.30 10:17:46.710,1.45254,1.45277,2.03,1.50
2013.04.30 10:17:46.982,1.45258,1.45282,1.13,2.03
2013.04.30 10:17:47.308,1.45262,1.45282,1.13,2.03
2013.04.30 10:17:48.011,1.45254,1.45276,2.03,1.05
2013.04.30 10:17:48.092,1.45253,1.45274,1.28,1.13
2013.04.30 10:17:48.165,1.45249,1.45274,1.88,1.65
2013.04.30 10:17:49.380,1.45251,1.45272,2.40,1.13
2013.04.30 10:17:49.449,1.45254,1.45275,1.28,2.03
2013.04.30 10:17:49.580,1.45255,1.45275,1.28,1.50
2013.04.30 10:17:51.299,1.45254,1.45274,1.50,1.13
2013.04.30 10:17:51.513,1.45248,1.45273,1.13,1.28
2013.04.30 10:17:51.939,1.45254,1.45271,1.13,1.13
2013.04.30 10:17:52.261,1.45254,1.45271,1.13,1.13
2013.04.30 10:17:52.389,1.45254,1.45271,1.13,1.13
2013.04.30 10:17:52.698,1.45254,1.45271,1.88,1.13
2013.04.30 10:17:53.029,1.45259,1.45274,1.13,1.13
2013.04.30 10:17:53.240,1.45254,1.45274,1.65,1.13
2013.04.30 10:17:53.310,1.45254,1.45274,1.65,1.13
2013.04.30 10:17:53.499,1.45254,1.45277,2.40,1.13
2013.04.30 10:17:53.809,1.45256,1.45277,2.25,1.13
2013.04.30 10:17:54.119,1.45258,1.4528,1.43,1.13
2013.04.30 10:17:54.250,1.45262,1.45282,1.13,1.88
2013.04.30 10:17:54.981,1.45261,1.45281,1.28,1.13
2013.04.30 10:17:55.860,1.45257,1.4528,2.03,1.13
2013.04.30 10:17:57.679,1.45262,1.45284,1.13,2.03
2013.04.30 10:17:57.870,1.45262,1.45278,1.13,1.13
2013.04.30 10:17:58.322,1.45254,1.45278,1.13,1.13
2013.04.30 10:17:58.729,1.45261,1.4528,1.28,2.40
2013.04.30 10:17:58.870,1.45254,1.45278,1.28,1.13
2013.04.30 10:17:59.009,1.45254,1.45278,2.03,1.13
2013.04.30 10:17:59.359,1.45254,1.45278,1.05,1.88
2013.04.30 10:18:00.331,1.45253,1.45278,1.28,1.50
2013.04.30 10:18:01.970,1.45249,1.45275,1.43,1.13
2013.04.30 10:18:05.038,1.4525,1.45275,1.65,1.13
2013.04.30 10:18:05.168,1.45249,1.45275,1.13,1.13
2013.04.30 10:18:05.481,1.45251,1.45275,1.28,1.13
2013.04.30 10:18:06.969,1.45251,1.45277,2.03,1.50
2013.04.30 10:18:08.148,1.45252,1.45275,1.65,1.50
2013.04.30 10:18:08.338,1.45256,1.45284,2.33,1.13
2013.04.30 10:18:08.870,1.4526,1.45284,1.43,1.13
2013.04.30 10:18:09.128,1.4526,1.45283,1.43,1.50
2013.04.30 10:18:09.259,1.45262,1.45284,1.43,1.13
2013.04.30 10:18:09.508,1.45262,1.45287,1.05,1.50
2013.04.30 10:18:09.570,1.45262,1.45287,1.05,1.50
2013.04.30 10:18:10.262,1.45262,1.45283,1.05,1.50
2013.04.30 10:18:10.508,1.4526,1.45283,1.28,1.50
2013.04.30 10:18:10.579,1.45259,1.45278,1.13,1.50
2013.04.30 10:18:10.649,1.45257,1.45278,1.28,1.50
2013.04.30 10:18:10.899,1.45256,1.45277,1.43,1.50
2013.04.30 10:18:11.029,1.4526,1.45276,1.13,1.50
2013.04.30 10:18:11.340,1.4526,1.45281,2.18,1.88
2013.04.30 10:18:11.880,1.4526,1.45281,3.30,1.13
2013.04.30 10:18:12.298,1.45266,1.45281,1.13,1.50
2013.04.30 10:18:12.429,1.45266,1.45277,1.13,1.50
2013.04.30 10:18:12.798,1.4526,1.45278,1.50,1.50
2013.04.30 10:18:13.038,1.4526,1.45277,1.50,1.50
2013.04.30 10:18:13.599,1.45257,1.45277,1.65,1.50
2013.04.30 10:18:15.549,1.45258,1.45279,1.65,1.50
2013.04.30 10:18:15.619,1.4526,1.4528,2.18,1.50
2013.04.30 10:18:15.930,1.45263,1.45285,1.43,1.95
2013.04.30 10:18:15.999,1.45264,1.45284,1.65,1.13
2013.04.30 10:18:16.408,1.45264,1.45285,1.65,1.50
2013.04.30 10:18:16.829,1.45263,1.45279,1.65,1.50
2013.04.30 10:18:17.138,1.45265,1.45284,1.65,1.50
2013.04.30 10:18:17.908,1.45266,1.45284,1.13,1.50
2013.04.30 10:18:18.800,1.45266,1.45287,1.13,2.10
2013.04.30 10:18:19.350,1.45268,1.4529,1.43,1.50
2013.04.30 10:18:19.421,1.45272,1.4529,1.28,1.50
2013.04.30 10:18:19.738,1.4527,1.45289,1.13,1.50
2013.04.30 10:18:20.654,1.45266,1.45289,1.80,1.50
2013.04.30 10:18:20.984,1.45266,1.45291,1.80,1.28
2013.04.30 10:18:21.215,1.45266,1.45289,1.80,1.50
2013.04.30 10:18:22.002,1.45266,1.45289,1.05,1.50
2013.04.30 10:18:22.620,1.45261,1.4528,1.28,1.13
2013.04.30 10:18:22.696,1.45259,1.4528,1.13,1.13
2013.04.30 10:18:22.763,1.45255,1.4528,1.80,1.13
2013.04.30 10:18:23.332,1.45255,1.45279,1.05,1.50
2013.04.30 10:18:23.860,1.45255,1.45277,1.43,1.50
2013.04.30 10:18:24.251,1.45252,1.45275,1.43,1.50
2013.04.30 10:18:24.860,1.45252,1.45272,1.43,1.50
2013.04.30 10:18:25.019,1.45252,1.45272,1.05,1.50
2013.04.30 10:18:25.540,1.45252,1.45272,1.05,1.50
2013.04.30 10:18:26.010,1.45252,1.45274,1.80,1.88
2013.04.30 10:18:26.353,1.45255,1.45278,1.28,2.03
2013.04.30 10:18:26.766,1.4526,1.45284,1.13,1.28
2013.04.30 10:18:27.018,1.45259,1.45282,1.43,1.28
2013.04.30 10:18:27.199,1.4526,1.45281,1.65,1.28
2013.04.30 10:18:27.581,1.4526,1.45286,1.65,1.13
2013.04.30 10:18:27.959,1.45262,1.45285,1.13,1.13
2013.04.30 10:18:28.029,1.45262,1.45286,1.13,1.13
2013.04.30 10:18:28.736,1.45262,1.45285,1.13,1.13
2013.04.30 10:18:29.213,1.4526,1.45283,1.65,1.13
2013.04.30 10:18:29.770,1.45259,1.45281,1.43,1.50
2013.04.30 10:18:29.838,1.45259,1.45281,1.43,1.50
2013.04.30 10:18:29.969,1.45259,1.45281,1.43,1.50
2013.04.30 10:18:32.203,1.45256,1.45283,1.88,1.35
2013.04.30 10:18:32.690,1.45261,1.45285,1.65,1.50
2013.04.30 10:18:32.760,1.45259,1.45285,1.28,1.50
2013.04.30 10:18:32.949,1.45259,1.45284,1.28,1.13
2013.04.30 10:18:33.017,1.45259,1.45282,1.28,1.50
2013.04.30 10:18:33.877,1.45259,1.45284,1.28,1.88
2013.04.30 10:18:34.348,1.45259,1.45282,1.28,1.50
2013.04.30 10:18:36.259,1.45258,1.45279,2.18,1.88
2013.04.30 10:18:36.807,1.45258,1.45279,2.18,1.88
2013.04.30 10:18:37.401,1.45258,1.45279,2.18,1.88
2013.04.30 10:18:38.599,1.45258,1.45279,1.43,1.88
2013.04.30 10:18:41.980,1.45258,1.45279,1.05,1.50
2013.04.30 10:18:42.169,1.45255,1.45279,2.40,1.50
2013.04.30 10:18:42.530,1.45255,1.45279,1.65,1.50
2013.04.30 10:18:43.030,1.45255,1.45279,1.65,1.50
2013.04.30 10:18:43.409,1.45253,1.45279,1.28,1.50
2013.04.30 10:18:45.059,1.45254,1.45279,1.65,1.50
2013.04.30 10:18:45.372,1.45255,1.45281,2.33,1.88
2013.04.30 10:18:45.439,1.45256,1.45281,1.05,1.13
2013.04.30 10:18:45.848,1.45256,1.45281,1.43,1.88
2013.04.30 10:18:46.844,1.45258,1.45281,2.03,1.50
2013.04.30 10:18:47.598,1.45258,1.45281,2.03,1.50
2013.04.30 10:18:47.849,1.45254,1.45274,1.50,1.88
2013.04.30 10:18:47.993,1.45251,1.45272,1.65,1.65
2013.04.30 10:18:48.060,1.45248,1.45272,1.50,1.65
2013.04.30 10:18:48.272,1.45248,1.45272,1.50,1.65
2013.04.30 10:18:49.080,1.45247,1.45272,1.28,2.40
2013.04.30 10:18:49.741,1.45247,1.45267,1.28,1.50
2013.04.30 10:18:51.489,1.45246,1.45267,1.28,1.50
2013.04.30 10:18:51.995,1.45245,1.45267,2.18,1.50
2013.04.30 10:18:53.422,1.45245,1.45267,2.18,1.50
2013.04.30 10:18:54.921,1.45247,1.45267,2.03,1.50
2013.04.30 10:18:55.169,1.4525,1.45273,1.80,1.65
2013.04.30 10:18:55.800,1.4525,1.45273,2.55,1.50
2013.04.30 10:18:57.892,1.4525,1.45268,1.50,1.50
2013.04.30 10:18:58.360,1.45244,1.45268,1.88,1.50
2013.04.30 10:18:59.090,1.45244,1.45268,1.88,1.50
2013.04.30 10:19:01.508,1.45247,1.45268,1.50,1.50
2013.04.30 10:19:02.039,1.45247,1.45268,1.28,1.50
2013.04.30 10:19:05.240,1.45244,1.45266,1.28,1.50
2013.04.30 10:19:05.609,1.45244,1.45266,1.28,1.50
2013.04.30 10:19:05.931,1.45246,1.45269,1.28,1.50
2013.04.30 10:19:06.439,1.45246,1.45268,1.50,1.50
2013.04.30 10:19:07.400,1.45246,1.45268,1.50,1.50
2013.04.30 10:19:08.519,1.45254,1.45268,1.50,1.50
2013.04.30 10:19:08.999,1.45248,1.45274,1.80,1.95
2013.04.30 10:19:09.498,1.45243,1.45269,1.65,1.28
2013.04.30 10:19:09.641,1.45243,1.45266,1.28,1.88
2013.04.30 10:19:10.199,1.45244,1.45266,2.18,1.13
2013.04.30 10:19:10.924,1.45242,1.45266,1.65,1.13
2013.04.30 10:19:11.011,1.45241,1.45268,2.18,1.50
2013.04.30 10:19:11.590,1.4524,1.45262,1.65,1.50
2013.04.30 10:19:12.108,1.45236,1.45262,2.93,1.50
2013.04.30 10:19:12.538,1.45236,1.45261,2.93,1.50
2013.04.30 10:19:12.609,1.45236,1.45261,1.80,1.50
2013.04.30 10:19:13.038,1.45237,1.45265,2.03,2.78
2013.04.30 10:19:13.583,1.45237,1.45262,1.28,1.50
2013.04.30 10:19:15.891,1.45237,1.45257,1.28,1.88
2013.04.30 10:19:16.079,1.45236,1.45257,1.43,1.88
2013.04.30 10:19:16.218,1.45236,1.45256,1.43,1.50
2013.04.30 10:19:16.550,1.45233,1.45256,1.65,1.50
2013.04.30 10:19:17.090,1.45233,1.45256,1.65,1.50
2013.04.30 10:19:17.231,1.45233,1.45256,1.65,1.50
2013.04.30 10:19:17.610,1.4523,1.45252,1.65,1.50
2013.04.30 10:19:18.272,1.45231,1.45253,1.28,1.13
2013.04.30 10:19:18.790,1.45231,1.45253,1.28,1.50
2013.04.30 10:19:18.920,1.4523,1.45253,1.43,1.50
2013.04.30 10:19:21.769,1.45228,1.45249,1.43,1.50
2013.04.30 10:19:24.779,1.45228,1.45249,1.43,1.50
2013.04.30 10:19:25.342,1.45228,1.45249,1.43,1.50
2013.04.30 10:19:25.670,1.45236,1.45257,1.65,1.73
2013.04.30 10:19:25.744,1.45235,1.45259,1.88,2.48
2013.04.30 10:19:25.951,1.45233,1.45259,2.03,2.25
2013.04.30 10:19:26.019,1.45233,1.45259,1.88,1.50
2013.04.30 10:19:26.208,1.45233,1.45259,2.63,1.50
2013.04.30 10:19:26.759,1.45233,1.45259,2.63,1.50
2013.04.30 10:19:27.689,1.45233,1.45259,3.00,1.50
2013.04.30 10:19:29.859,1.45233,1.45259,2.25,1.50
2013.04.30 10:19:30.420,1.45234,1.45258,2.25,1.50
2013.04.30 10:19:30.800,1.45231,1.45258,1.65,1.95
2013.04.30 10:19:32.360,1.45234,1.45258,1.13,1.50
2013.04.30 10:19:32.900,1.45234,1.45254,2.18,1.50
2013.04.30 10:19:33.029,1.45234,1.45255,2.18,1.50
2013.04.30 10:19:33.160,1.45234,1.45255,1.43,1.50
2013.04.30 10:19:33.688,1.45232,1.45254,1.13,1.28
2013.04.30 10:19:36.580,1.4523,1.45256,1.28,1.13
2013.04.30 10:19:38.739,1.4523,1.45256,1.28,1.13
2013.04.30 10:19:39.900,1.45229,1.45254,1.43,1.50
2013.04.30 10:19:39.970,1.45228,1.45245,1.20,1.13
2013.04.30 10:19:40.100,1.45223,1.45245,1.80,1.13
2013.04.30 10:19:40.409,1.45226,1.45249,1.28,1.13
2013.04.30 10:19:41.298,1.45225,1.45249,1.28,1.88
2013.04.30 10:19:41.501,1.45223,1.45246,1.28,1.13
2013.04.30 10:19:41.571,1.45219,1.45246,2.55,1.13
2013.04.30 10:19:42.468,1.45219,1.45245,2.55,1.13
2013.04.30 10:19:42.779,1.45215,1.45241,1.65,1.50
2013.04.30 10:19:42.971,1.45215,1.45241,1.65,1.50
2013.04.30 10:19:44.121,1.45214,1.45238,2.03,1.13
2013.04.30 10:19:44.393,1.45208,1.45234,1.28,1.50
2013.04.30 10:19:44.461,1.45208,1.45233,1.28,1.50
2013.04.30 10:19:44.530,1.45207,1.45233,1.28,1.50
2013.04.30 10:19:44.599,1.45207,1.45234,1.28,1.50
2013.04.30 10:19:45.238,1.45208,1.45236,1.43,2.63
2013.04.30 10:19:45.309,1.45209,1.45236,1.50,1.88
2013.04.30 10:19:45.509,1.45213,1.4524,1.43,1.13
2013.04.30 10:19:46.930,1.45214,1.4524,1.65,1.13
2013.04.30 10:19:47.151,1.45215,1.45241,1.28,2.78
2013.04.30 10:19:47.690,1.45217,1.45244,1.43,1.50
2013.04.30 10:19:48.269,1.45219,1.45247,1.28,1.43
2013.04.30 10:19:48.614,1.45225,1.45251,1.28,1.13
2013.04.30 10:19:48.756,1.45224,1.45252,3.15,1.28
2013.04.30 10:19:49.029,1.45223,1.45249,3.15,1.50
2013.04.30 10:19:49.348,1.45227,1.45253,3.53,2.18
2013.04.30 10:19:49.538,1.45224,1.45252,1.84,1.28
2013.04.30 10:19:49.858,1.45228,1.45253,1.88,1.43
2013.04.30 10:19:50.388,1.45228,1.45252,1.88,1.28
2013.04.30 10:19:51.268,1.45227,1.45253,3.53,1.43
2013.04.30 10:19:51.388,1.45227,1.45253,3.53,1.80
2013.04.30 10:19:51.640,1.45224,1.45252,1.47,1.65
2013.04.30 10:19:52.292,1.45228,1.45252,2.63,1.28
2013.04.30 10:19:53.051,1.45223,1.45249,1.65,1.13
2013.04.30 10:19:55.662,1.45223,1.45249,1.28,1.50
2013.04.30 10:19:55.789,1.45222,1.45249,1.13,2.55
2013.04.30 10:19:56.110,1.45222,1.45245,1.13,1.50
2013.04.30 10:19:56.311,1.45222,1.45246,1.13,1.50
2013.04.30 10:19:58.043,1.45219,1.45244,1.80,1.50
2013.04.30 10:19:58.240,1.45211,1.45236,2.44,1.50
2013.04.30 10:19:58.440,1.45213,1.45238,1.43,1.13
2013.04.30 10:19:58.820,1.45216,1.45242,1.88,1.13
2013.04.30 10:20:00.415,1.45215,1.45241,3.49,2.25
2013.04.30 10:20:00.997,1.4521,1.45235,2.55,1.50
2013.04.30 10:20:01.279,1.45211,1.45237,1.28,1.28
2013.04.30 10:20:01.469,1.45211,1.4524,2.78,3.90
2013.04.30 10:20:01.539,1.45213,1.4524,1.28,1.88
2013.04.30 10:20:02.098,1.45214,1.4524,2.55,1.88
2013.04.30 10:20:02.550,1.45216,1.4524,1.28,1.13
2013.04.30 10:20:02.869,1.45221,1.45245,1.43,1.13
2013.04.30 10:20:03.000,1.45221,1.45245,1.80,1.13
2013.04.30 10:20:05.220,1.45222,1.45245,1.28,1.13
2013.04.30 10:20:06.099,1.45222,1.45245,1.65,1.50
2013.04.30 10:20:08.200,1.45222,1.45247,1.65,1.13
2013.04.30 10:20:08.539,1.45222,1.45247,1.65,1.88
2013.04.30 10:20:09.046,1.45222,1.45247,1.65,1.88
2013.04.30 10:20:10.939,1.45221,1.45246,1.13,1.28
2013.04.30 10:20:11.930,1.4522,1.45245,1.13,1.13
2013.04.30 10:20:12.479,1.4522,1.45242,1.13,1.65
2013.04.30 10:20:12.608,1.45217,1.45242,1.13,1.65
2013.04.30 10:20:13.319,1.45217,1.45242,1.13,1.28
2013.04.30 10:20:13.961,1.45217,1.45242,1.13,1.28
2013.04.30 10:20:16.204,1.45214,1.45237,1.43,2.40
2013.04.30 10:20:16.414,1.45202,1.45225,1.73,2.25
2013.04.30 10:20:16.484,1.45203,1.45228,1.13,1.28
2013.04.30 10:20:17.201,1.45204,1.45232,2.78,1.65
2013.04.30 10:20:17.269,1.45204,1.45232,3.53,1.65
2013.04.30 10:20:18.128,1.45204,1.45232,1.28,2.40
2013.04.30 10:20:18.483,1.45203,1.4523,1.43,1.50
2013.04.30 10:20:19.139,1.45203,1.45222,1.05,1.13
2013.04.30 10:20:19.328,1.45198,1.45219,1.28,1.13
2013.04.30 10:20:20.080,1.45197,1.45223,1.13,1.65
2013.04.30 10:20:20.711,1.45198,1.45222,1.13,1.28
2013.04.30 10:20:22.679,1.45198,1.45222,1.28,1.13
2013.04.30 10:20:23.669,1.45196,1.45218,2.93,1.13
2013.04.30 10:20:24.004,1.4519,1.45214,1.05,1.50
2013.04.30 10:20:24.071,1.45192,1.45217,1.13,1.28
2013.04.30 10:20:24.260,1.4519,1.45217,1.05,1.28
2013.04.30 10:20:24.819,1.4519,1.45217,1.05,2.03
2013.04.30 10:20:26.401,1.4519,1.45213,1.05,1.13
2013.04.30 10:20:26.959,1.45188,1.45211,2.78,1.13
2013.04.30 10:20:27.343,1.45192,1.45213,2.03,1.13
2013.04.30 10:20:28.150,1.45192,1.45218,1.43,1.88
2013.04.30 10:20:29.368,1.452,1.45224,1.28,1.13
2013.04.30 10:20:29.689,1.45201,1.45229,1.13,1.28
2013.04.30 10:20:29.759,1.45203,1.45229,1.13,1.28
2013.04.30 10:20:30.539,1.45201,1.45229,1.13,1.28
2013.04.30 10:20:30.802,1.45203,1.45229,1.13,1.28
2013.04.30 10:20:31.351,1.45203,1.45228,1.13,1.50
2013.04.30 10:20:31.680,1.45201,1.45226,1.50,1.13
2013.04.30 10:20:31.821,1.45199,1.45223,2.25,1.05
2013.04.30 10:20:31.961,1.45197,1.45222,1.84,1.65
2013.04.30 10:20:32.931,1.45198,1.45219,2.18,1.50
2013.04.30 10:20:34.159,1.45198,1.4522,2.18,1.50
2013.04.30 10:20:34.646,1.45206,1.4522,1.13,1.50
2013.04.30 10:20:34.782,1.45206,1.45229,1.28,1.05
2013.04.30 10:20:34.850,1.45206,1.45231,1.28,1.05
2013.04.30 10:20:34.980,1.45207,1.45229,1.13,1.28
2013.04.30 10:20:35.529,1.45201,1.45226,1.28,1.50
2013.04.30 10:20:35.720,1.45202,1.45229,1.28,1.50
2013.04.30 10:20:36.272,1.452,1.45226,2.18,1.50
2013.04.30 10:20:37.349,1.452,1.45226,1.80,1.50
2013.04.30 10:20:37.420,1.452,1.45222,1.43,1.13
2013.04.30 10:20:37.570,1.45196,1.4522,1.13,1.65
2013.04.30 10:20:37.820,1.45193,1.45218,1.13,1.28
2013.04.30 10:20:38.139,1.45192,1.45216,1.65,1.50
2013.04.30 10:20:38.209,1.45193,1.45215,1.28,1.13
2013.04.30 10:20:38.786,1.45193,1.45215,1.28,1.13
2013.04.30 10:20:38.859,1.45191,1.45215,1.80,1.13
2013.04.30 10:20:39.899,1.45191,1.45211,1.80,1.50
2013.04.30 10:20:46.672,1.45188,1.4521,1.65,1.13
2013.04.30 10:20:50.360,1.45188,1.45212,2.40,1.50
2013.04.30 10:20:51.060,1.45192,1.45211,1.80,1.50
2013.04.30 10:20:51.575,1.45192,1.45211,1.80,1.50
2013.04.30 10:20:52.133,1.45192,1.45215,1.43,1.13
2013.04.30 10:20:52.392,1.45193,1.45215,1.28,1.13
2013.04.30 10:20:53.139,1.45193,1.45215,1.28,1.13
2013.04.30 10:20:53.669,1.45195,1.45215,1.80,1.13
2013.04.30 10:20:54.346,1.45194,1.45215,1.28,1.88
2013.04.30 10:20:56.590,1.45192,1.45215,1.28,1.88
2013.04.30 10:20:57.199,1.45191,1.45216,2.40,1.50
2013.04.30 10:20:57.269,1.45191,1.45214,2.03,1.28
2013.04.30 10:20:57.631,1.45191,1.45209,1.65,1.50
2013.04.30 10:20:57.760,1.45186,1.45207,1.88,2.63
2013.04.30 10:20:57.829,1.45185,1.45207,2.18,2.63
2013.04.30 10:20:57.959,1.45186,1.45207,1.65,2.63
2013.04.30 10:20:58.218,1.45186,1.45207,1.13,2.63
2013.04.30 10:21:05.930,1.45188,1.45206,1.13,1.50
2013.04.30 10:21:06.000,1.4519,1.45214,1.50,2.55
2013.04.30 10:21:06.069,1.45189,1.45214,2.48,1.65
2013.04.30 10:21:06.138,1.4519,1.45214,1.80,1.13
2013.04.30 10:21:06.496,1.4519,1.45214,1.80,1.13
2013.04.30 10:21:11.767,1.4519,1.45211,1.43,1.13
2013.04.30 10:21:13.714,1.45191,1.45213,2.37,1.50
2013.04.30 10:21:13.779,1.45197,1.45217,1.13,1.50
2013.04.30 10:21:14.061,1.45197,1.45218,1.13,1.65
2013.04.30 10:21:15.869,1.45197,1.45218,1.13,2.40
2013.04.30 10:21:16.620,1.45197,1.45218,1.13,1.88
2013.04.30 10:21:27.218,1.45196,1.45218,1.13,1.13
2013.04.30 10:21:28.029,1.45197,1.45218,1.13,1.13
2013.04.30 10:21:31.899,1.45196,1.45218,1.13,1.13
2013.04.30 10:21:33.720,1.45192,1.45218,1.13,1.50
2013.04.30 10:21:34.241,1.45192,1.45215,1.13,2.03
2013.04.30 10:21:35.401,1.45192,1.45214,1.13,1.88
2013.04.30 10:21:35.758,1.45189,1.45214,2.40,1.88
2013.04.30 10:21:37.421,1.45189,1.45211,1.28,1.13
2013.04.30 10:21:38.479,1.45189,1.45211,1.65,1.13
2013.04.30 10:21:41.580,1.45189,1.45211,1.28,1.13
2013.04.30 10:21:48.489,1.45189,1.45215,1.28,2.03
2013.04.30 10:21:49.979,1.45189,1.45211,2.78,1.13
2013.04.30 10:21:50.410,1.4519,1.45214,1.13,1.50
2013.04.30 10:21:51.649,1.4519,1.45211,1.50,1.13
2013.04.30 10:21:53.018,1.45192,1.45211,1.13,1.13
2013.04.30 10:21:53.528,1.45189,1.45211,2.40,1.13
2013.04.30 10:22:09.479,1.45193,1.45214,1.13,1.50
2013.04.30 10:22:09.611,1.45194,1.45214,1.13,1.13
2013.04.30 10:22:12.598,1.45193,1.45216,1.50,1.13
2013.04.30 10:22:15.253,1.45193,1.45217,1.50,1.13
2013.04.30 10:22:15.896,1.45194,1.45217,1.50,1.13
2013.04.30 10:22:17.708,1.45194,1.45216,1.50,1.65
2013.04.30 10:22:20.148,1.45194,1.45216,1.50,2.40
2013.04.30 10:22:25.013,1.45194,1.45215,1.50,1.28
2013.04.30 10:22:25.758,1.45194,1.45215,1.13,1.28
2013.04.30 10:22:26.871,1.45195,1.45217,2.97,1.88
2013.04.30 10:22:27.199,1.452,1.45224,1.43,1.13
2013.04.30 10:22:27.675,1.452,1.4522,1.43,1.13
2013.04.30 10:22:28.179,1.45195,1.45216,1.50,1.28
2013.04.30 10:22:28.489,1.45195,1.45215,1.50,1.13
2013.04.30 10:22:28.790,1.45195,1.45214,1.50,1.65
2013.04.30 10:22:29.150,1.45195,1.45211,1.50,1.28
2013.04.30 10:22:29.219,1.45191,1.4521,1.50,1.13
2013.04.30 10:22:29.750,1.4519,1.4521,1.50,1.13
2013.04.30 10:22:30.282,1.4519,1.4521,1.13,1.13
2013.04.30 10:22:30.469,1.45189,1.45208,1.28,1.28
2013.04.30 10:22:30.789,1.45184,1.45205,1.88,1.13
2013.04.30 10:22:31.759,1.45184,1.45204,1.50,1.28
2013.04.30 10:22:31.830,1.45179,1.45204,1.13,1.65
2013.04.30 10:22:31.960,1.45178,1.45197,1.50,1.73
2013.04.30 10:22:32.282,1.45169,1.45189,1.13,1.50
2013.04.30 10:22:32.410,1.45168,1.45189,1.32,1.50
2013.04.30 10:22:32.943,1.45167,1.45188,1.32,1.13
2013.04.30 10:22:33.401,1.45164,1.45188,1.47,1.88
2013.04.30 10:22:33.529,1.45163,1.45187,2.03,1.50
2013.04.30 10:22:34.571,1.45163,1.45187,1.28,1.50
2013.04.30 10:22:35.149,1.45161,1.45186,1.50,1.13
2013.04.30 10:22:36.838,1.45162,1.45187,1.88,1.50
2013.04.30 10:22:37.020,1.45163,1.45187,1.28,1.13
2013.04.30 10:22:40.643,1.45165,1.45188,1.13,1.13
2013.04.30 10:22:40.854,1.45162,1.45183,1.28,1.13
2013.04.30 10:22:40.929,1.45162,1.45183,1.28,1.13
2013.04.30 10:22:41.156,1.4516,1.45183,1.13,2.03
2013.04.30 10:22:41.419,1.4516,1.45183,1.13,1.13
2013.04.30 10:22:44.190,1.45161,1.45183,1.65,1.88
2013.04.30 10:22:44.985,1.45161,1.4518,1.28,1.13
2013.04.30 10:22:46.699,1.45159,1.4518,1.80,1.13
2013.04.30 10:22:47.370,1.45161,1.45185,1.28,1.13
2013.04.30 10:22:47.957,1.45161,1.45185,1.28,1.13
2013.04.30 10:22:48.318,1.45162,1.45185,1.88,1.13
2013.04.30 10:22:48.674,1.45168,1.45191,1.05,1.88
2013.04.30 10:22:49.738,1.45168,1.45191,1.43,1.13
2013.04.30 10:22:51.795,1.45169,1.45193,1.28,1.88
2013.04.30 10:22:54.502,1.45168,1.45191,1.05,1.28
2013.04.30 10:22:54.808,1.45163,1.45189,2.40,1.13
2013.04.30 10:22:56.466,1.45163,1.45188,2.78,1.50
2013.04.30 10:22:56.871,1.45166,1.45191,1.50,1.13
2013.04.30 10:22:57.429,1.45167,1.45189,1.05,1.13
2013.04.30 10:22:57.988,1.45168,1.4519,1.65,1.50
2013.04.30 10:22:58.509,1.45168,1.45191,1.65,1.50
2013.04.30 10:22:59.119,1.45169,1.45191,1.13,1.50
2013.04.30 10:22:59.661,1.45172,1.45198,1.05,1.50
2013.04.30 10:23:00.489,1.45173,1.45198,1.28,1.50
2013.04.30 10:23:02.039,1.45174,1.45198,2.22,1.50
2013.04.30 10:23:02.109,1.45176,1.45199,1.09,1.13
2013.04.30 10:23:02.421,1.45181,1.45205,1.13,1.43
2013.04.30 10:23:02.793,1.4518,1.45206,1.05,1.13
2013.04.30 10:23:02.859,1.4518,1.45206,2.18,1.13
2013.04.30 10:23:03.440,1.45181,1.45208,1.13,1.13
2013.04.30 10:23:03.509,1.45181,1.45209,1.88,1.65
2013.04.30 10:23:03.932,1.45182,1.45208,1.88,1.13
2013.04.30 10:23:04.238,1.45183,1.45209,2.25,1.65
2013.04.30 10:23:04.890,1.45181,1.45206,1.50,1.50
2013.04.30 10:23:06.300,1.45182,1.45206,1.13,1.50
2013.04.30 10:23:06.491,1.45177,1.45204,1.28,2.40
2013.04.30 10:23:06.559,1.45175,1.452,1.69,1.13
2013.04.30 10:23:06.869,1.45172,1.452,2.78,2.18
2013.04.30 10:23:07.419,1.45176,1.452,1.13,1.43
2013.04.30 10:23:07.609,1.45177,1.45202,1.65,1.65
2013.04.30 10:23:08.864,1.45177,1.45205,2.40,2.93
2013.04.30 10:23:09.421,1.4518,1.45205,1.13,1.65
2013.04.30 10:23:10.759,1.4518,1.45206,2.25,1.65
2013.04.30 10:23:11.769,1.4518,1.45206,2.63,1.65
2013.04.30 10:23:12.455,1.45181,1.45206,1.28,1.13
2013.04.30 10:23:14.188,1.45181,1.45206,1.80,1.50
2013.04.30 10:23:14.850,1.4518,1.45206,2.40,1.50
2013.04.30 10:23:16.433,1.4518,1.45206,2.40,1.50
2013.04.30 10:23:18.109,1.4518,1.45205,2.03,1.13
2013.04.30 10:23:19.243,1.45179,1.45203,1.80,1.88
2013.04.30 10:23:20.890,1.45179,1.45203,1.28,1.88
2013.04.30 10:23:21.020,1.45176,1.45203,1.28,1.13
2013.04.30 10:23:22.079,1.45175,1.45197,1.80,1.13
2013.04.30 10:23:22.269,1.45176,1.45201,1.28,1.88
2013.04.30 10:23:22.791,1.45179,1.45205,1.80,1.13
2013.04.30 10:23:24.775,1.45179,1.45205,2.55,1.50
2013.04.30 10:23:26.130,1.45179,1.45205,2.55,2.25
2013.04.30 10:23:26.260,1.45175,1.45198,1.28,1.13
2013.04.30 10:23:27.013,1.45173,1.45198,1.50,1.65
2013.04.30 10:23:27.649,1.45173,1.45197,1.50,1.65
2013.04.30 10:23:28.209,1.45174,1.45199,2.25,1.65
2013.04.30 10:23:28.800,1.45184,1.45205,1.65,2.03
2013.04.30 10:23:28.872,1.45184,1.45206,1.65,1.05
2013.04.30 10:23:29.010,1.45182,1.45209,2.40,1.84
2013.04.30 10:23:29.593,1.45184,1.45209,1.28,2.22
2013.04.30 10:23:29.663,1.45181,1.45206,1.05,1.50
2013.04.30 10:23:29.979,1.45179,1.45206,1.13,2.03
2013.04.30 10:23:30.502,1.45179,1.45205,1.13,1.50
2013.04.30 10:23:30.630,1.45177,1.45199,1.43,1.13
2013.04.30 10:23:30.760,1.45171,1.45196,2.18,1.13
2013.04.30 10:23:31.410,1.45176,1.45196,1.05,1.13
2013.04.30 10:23:32.080,1.45178,1.45198,1.80,1.13
2013.04.30 10:23:32.639,1.45179,1.45197,1.05,1.13
2013.04.30 10:23:33.049,1.45173,1.45199,3.00,1.13
2013.04.30 10:23:33.368,1.45176,1.45201,1.28,1.50
2013.04.30 10:23:34.519,1.45174,1.452,1.65,2.03
2013.04.30 10:23:35.189,1.45174,1.45198,1.65,1.50
2013.04.30 10:23:36.059,1.45172,1.45195,1.28,1.13
2013.04.30 10:23:36.608,1.45171,1.45195,1.13,1.13
2013.04.30 10:23:36.679,1.45171,1.45194,1.13,1.05
2013.04.30 10:23:36.798,1.45171,1.45195,1.13,1.65
2013.04.30 10:23:37.309,1.45171,1.45195,1.13,1.13
2013.04.30 10:23:39.661,1.45173,1.452,1.43,2.03
2013.04.30 10:23:39.984,1.45178,1.452,1.50,1.13
2013.04.30 10:23:40.489,1.45178,1.452,1.50,1.88
2013.04.30 10:23:41.150,1.45178,1.452,1.50,1.50
2013.04.30 10:23:41.669,1.45178,1.45204,1.50,2.03
2013.04.30 10:23:42.899,1.45178,1.452,1.13,1.13
2013.04.30 10:23:44.501,1.45179,1.45204,1.13,1.28
2013.04.30 10:23:44.632,1.45179,1.45206,1.13,1.80
2013.04.30 10:23:45.084,1.45183,1.45205,1.05,1.13
2013.04.30 10:23:45.271,1.45181,1.45204,1.13,1.50
2013.04.30 10:23:45.532,1.4518,1.45204,1.28,1.50
2013.04.30 10:23:46.060,1.4518,1.45204,1.28,1.50
2013.04.30 10:23:46.370,1.45178,1.45204,1.43,1.50
2013.04.30 10:23:46.841,1.45178,1.45204,1.43,1.50
2013.04.30 10:23:46.970,1.45178,1.45202,1.43,1.13
2013.04.30 10:23:47.492,1.45177,1.45201,1.05,1.13
2013.04.30 10:23:47.558,1.45177,1.45201,1.05,1.13
2013.04.30 10:23:48.128,1.45177,1.452,1.05,1.13
2013.04.30 10:23:51.541,1.45174,1.45195,1.13,1.13
2013.04.30 10:23:52.850,1.45172,1.45195,1.65,1.13
2013.04.30 10:23:53.378,1.45172,1.45195,1.28,1.13
2013.04.30 10:23:53.896,1.45175,1.45195,1.05,1.13
2013.04.30 10:23:54.405,1.45175,1.45195,1.80,1.13
2013.04.30 10:23:55.203,1.45176,1.45201,1.65,1.13
2013.04.30 10:23:55.521,1.45178,1.45201,1.28,1.13
2013.04.30 10:24:00.916,1.45181,1.45204,1.28,1.13
2013.04.30 10:24:01.384,1.45182,1.45204,1.05,1.13
2013.04.30 10:24:01.745,1.45186,1.45208,1.43,1.50
2013.04.30 10:24:01.950,1.45186,1.45211,1.80,1.88
2013.04.30 10:24:02.746,1.45186,1.45209,1.80,1.50
2013.04.30 10:24:03.145,1.45186,1.45209,1.80,1.50
2013.04.30 10:24:05.841,1.45186,1.45209,2.18,1.88
2013.04.30 10:24:07.852,1.45186,1.45209,1.43,1.88
2013.04.30 10:24:07.930,1.45186,1.45206,1.43,1.65
2013.04.30 10:24:08.459,1.45179,1.452,1.50,1.13
2013.04.30 10:24:08.721,1.45176,1.452,1.32,1.50
2013.04.30 10:24:09.351,1.45176,1.452,2.07,1.13
2013.04.30 10:24:09.479,1.45178,1.452,1.13,1.13
2013.04.30 10:24:09.810,1.45179,1.452,1.13,1.13
2013.04.30 10:24:11.301,1.45178,1.452,1.13,1.13
2013.04.30 10:24:11.441,1.45176,1.452,2.44,1.13
2013.04.30 10:24:11.954,1.45174,1.45198,1.65,1.13
2013.04.30 10:24:12.460,1.45174,1.45198,1.28,1.13
2013.04.30 10:24:13.538,1.45176,1.452,1.50,1.13
2013.04.30 10:24:14.129,1.45174,1.45199,2.97,1.13
2013.04.30 10:24:14.201,1.45176,1.45199,1.13,1.13
2013.04.30 10:24:17.090,1.45177,1.452,1.13,1.13
2013.04.30 10:24:18.831,1.45176,1.45199,1.13,1.13
2013.04.30 10:24:20.530,1.45174,1.452,1.80,1.88
2013.04.30 10:24:21.929,1.45177,1.452,1.13,1.05
2013.04.30 10:24:23.430,1.45177,1.452,1.13,1.05
2013.04.30 10:24:24.601,1.45179,1.45205,1.88,2.18
2013.04.30 10:24:25.383,1.45178,1.45202,1.50,1.65
2013.04.30 10:24:26.710,1.45177,1.45202,1.50,1.65
2013.04.30 10:24:27.721,1.45176,1.45202,1.28,1.65
2013.04.30 10:24:28.114,1.45175,1.45202,2.18,1.65
2013.04.30 10:24:30.592,1.45175,1.452,1.28,2.18
2013.04.30 10:24:31.157,1.45175,1.452,1.28,2.18
2013.04.30 10:24:32.688,1.45175,1.452,1.28,2.18
2013.04.30 10:24:34.225,1.45175,1.45198,1.65,1.65
2013.04.30 10:24:34.590,1.45176,1.452,1.13,2.93
2013.04.30 10:24:35.491,1.45176,1.45199,1.50,1.65
2013.04.30 10:24:36.708,1.45176,1.45202,3.00,1.88
2013.04.30 10:24:37.228,1.45179,1.45202,1.43,1.88
2013.04.30 10:24:37.745,1.45179,1.452,1.43,1.13
2013.04.30 10:24:37.941,1.45178,1.45202,1.28,1.50
2013.04.30 10:24:38.073,1.45179,1.45204,1.13,1.28
2013.04.30 10:24:38.471,1.45179,1.45206,2.18,2.25
2013.04.30 10:24:39.183,1.45177,1.452,1.28,1.88
2013.04.30 10:24:39.630,1.45177,1.452,1.13,1.13
2013.04.30 10:24:39.762,1.45177,1.452,1.13,1.13
2013.04.30 10:24:41.651,1.45175,1.45201,2.40,1.88
2013.04.30 10:24:45.810,1.45177,1.45197,1.28,1.13
2013.04.30 10:24:46.556,1.45173,1.45195,1.13,1.13
2013.04.30 10:24:47.895,1.45173,1.45193,1.13,1.13
2013.04.30 10:24:48.404,1.45171,1.45193,1.50,1.13
2013.04.30 10:24:51.559,1.45171,1.45195,2.63,1.13
2013.04.30 10:24:52.096,1.45171,1.45195,3.00,1.13
2013.04.30 10:24:54.008,1.45171,1.45192,1.88,1.13
2013.04.30 10:24:54.085,1.45172,1.45194,1.13,1.13
2013.04.30 10:24:55.516,1.45172,1.45194,1.13,1.13
2013.04.30 10:24:56.579,1.45172,1.45194,1.65,1.13
2013.04.30 10:24:58.671,1.45174,1.45194,1.28,1.13
2013.04.30 10:24:58.741,1.45175,1.45196,2.25,1.13
2013.04.30 10:24:59.289,1.45177,1.45198,1.28,1.13
2013.04.30 10:25:00.132,1.45176,1.45198,1.05,1.13
2013.04.30 10:25:00.264,1.45179,1.452,1.28,1.88
2013.04.30 10:25:00.812,1.4518,1.452,1.88,1.50
2013.04.30 10:25:01.095,1.45184,1.45209,1.43,1.32
2013.04.30 10:25:01.290,1.45186,1.45209,1.24,1.32
2013.04.30 10:25:01.642,1.45194,1.45216,1.50,1.28
2013.04.30 10:25:01.980,1.45194,1.45214,1.50,1.13
2013.04.30 10:25:02.317,1.45194,1.45214,1.50,1.65
2013.04.30 10:25:03.230,1.45194,1.45213,1.50,1.13
2013.04.30 10:25:03.360,1.4519,1.45213,1.65,1.50
2013.04.30 10:25:03.618,1.45191,1.45217,1.43,1.50
2013.04.30 10:25:04.719,1.45199,1.45222,1.13,1.28
2013.04.30 10:25:05.757,1.452,1.45224,1.88,1.13
2013.04.30 10:25:05.891,1.45205,1.45227,1.13,1.50
2013.04.30 10:25:06.422,1.45206,1.45227,1.50,1.13
2013.04.30 10:25:07.079,1.45206,1.45227,1.50,1.13
2013.04.30 10:25:07.979,1.45204,1.45226,1.88,1.13
2013.04.30 10:25:08.422,1.45202,1.45224,1.28,1.13
2013.04.30 10:25:09.200,1.452,1.45223,1.13,2.40
2013.04.30 10:25:09.801,1.45198,1.45223,2.03,3.00
2013.04.30 10:25:10.589,1.45198,1.45223,3.00,2.25
2013.04.30 10:25:11.961,1.45198,1.45223,1.50,2.25
2013.04.30 10:25:12.315,1.45198,1.4522,1.13,1.13
2013.04.30 10:25:13.559,1.45195,1.45217,1.28,1.13
2013.04.30 10:25:15.036,1.45193,1.45213,1.05,1.13
2013.04.30 10:25:15.242,1.45186,1.45206,1.65,1.50
2013.04.30 10:25:17.348,1.45184,1.45204,1.28,1.13
2013.04.30 10:25:23.010,1.45183,1.45207,1.65,1.13
2013.04.30 10:25:23.139,1.45184,1.45207,1.43,1.13
2013.04.30 10:25:25.902,1.45178,1.452,1.05,1.50
2013.04.30 10:25:29.620,1.45178,1.45192,1.05,1.50
2013.04.30 10:25:29.760,1.45173,1.45189,2.03,1.13
2013.04.30 10:25:29.832,1.45172,1.45189,1.05,1.13
2013.04.30 10:25:30.631,1.45172,1.45186,1.05,1.13
2013.04.30 10:25:32.539,1.45172,1.45185,1.05,1.13
2013.04.30 10:25:33.901,1.45172,1.45188,1.05,1.13
2013.04.30 10:25:36.780,1.45172,1.45191,1.43,1.13
2013.04.30 10:25:37.029,1.45173,1.45193,1.43,1.13
2013.04.30 10:25:37.620,1.45175,1.45196,1.13,1.50
2013.04.30 10:25:39.539,1.45176,1.45196,1.50,1.50
2013.04.30 10:25:39.669,1.45172,1.45194,3.08,1.13
2013.04.30 10:25:39.919,1.45174,1.45196,3.00,1.50
2013.04.30 10:25:40.312,1.45177,1.45196,1.05,1.50
2013.04.30 10:25:41.410,1.45176,1.45193,1.28,1.13
2013.04.30 10:25:41.543,1.45173,1.45193,1.28,1.13
2013.04.30 10:25:42.065,1.45171,1.45193,2.18,1.13
2013.04.30 10:25:43.360,1.45167,1.45192,1.13,1.88
2013.04.30 10:25:43.914,1.45165,1.4519,1.13,3.53
2013.04.30 10:25:44.118,1.45162,1.45187,1.28,2.25
2013.04.30 10:25:45.670,1.45163,1.45187,2.40,1.50
2013.04.30 10:25:46.219,1.45163,1.45187,1.65,1.50
2013.04.30 10:25:46.913,1.45162,1.45183,1.28,1.50
2013.04.30 10:25:47.038,1.45159,1.45182,1.65,1.13
2013.04.30 10:25:47.158,1.45159,1.45177,1.65,1.50
2013.04.30 10:25:47.444,1.4516,1.45181,1.28,1.50
2013.04.30 10:25:47.895,1.4516,1.45181,2.78,1.50
2013.04.30 10:25:48.030,1.4516,1.45181,2.03,1.50
2013.04.30 10:25:48.118,1.45161,1.45181,1.05,1.50
2013.04.30 10:25:48.650,1.45164,1.45186,1.13,1.50
2013.04.30 10:25:49.202,1.45166,1.45186,1.43,1.13
2013.04.30 10:25:50.125,1.45166,1.45189,2.18,1.13
2013.04.30 10:25:53.152,1.45167,1.4519,1.28,1.13
2013.04.30 10:25:53.280,1.45167,1.45191,1.28,1.88
2013.04.30 10:25:53.470,1.45167,1.4519,2.03,1.13
2013.04.30 10:25:53.600,1.45167,1.4519,2.03,1.13
2013.04.30 10:25:53.921,1.45167,1.4519,2.78,1.13
2013.04.30 10:25:54.179,1.45168,1.45191,1.65,1.13
2013.04.30 10:25:54.442,1.45168,1.4519,1.28,1.50
2013.04.30 10:25:54.752,1.4517,1.4519,1.05,1.50
2013.04.30 10:25:55.469,1.45172,1.4519,1.28,1.50
2013.04.30 10:25:55.912,1.45174,1.45194,1.05,1.69
2013.04.30 10:25:56.470,1.45174,1.45189,1.05,1.13
2013.04.30 10:25:56.794,1.45169,1.45179,1.50,1.13
2013.04.30 10:25:56.861,1.45162,1.45181,1.13,1.13
2013.04.30 10:25:56.933,1.45171,1.45184,1.73,1.20
2013.04.30 10:25:57.002,1.45171,1.45188,1.73,1.50
2013.04.30 10:25:57.132,1.45173,1.45192,1.13,2.25
2013.04.30 10:25:57.319,1.45175,1.45198,1.65,1.35
2013.04.30 10:25:57.462,1.45175,1.45198,1.28,1.50
2013.04.30 10:25:58.030,1.45173,1.45197,1.28,1.13
2013.04.30 10:25:58.101,1.45173,1.45196,1.28,1.13
2013.04.30 10:25:58.666,1.45162,1.45181,1.50,1.50
2013.04.30 10:25:58.744,1.45156,1.45182,1.28,1.65
2013.04.30 10:26:00.210,1.45157,1.45182,1.50,1.65
2013.04.30 10:26:00.341,1.45158,1.45183,2.18,1.65
2013.04.30 10:26:00.851,1.45161,1.45182,2.18,1.65
2013.04.30 10:26:01.365,1.45161,1.45182,2.18,1.65
2013.04.30 10:26:01.701,1.45161,1.45186,2.18,1.50
2013.04.30 10:26:01.769,1.45161,1.45185,2.18,1.50
2013.04.30 10:26:02.762,1.45162,1.45187,2.03,1.50
2013.04.30 10:26:02.830,1.45162,1.45182,1.65,1.50
2013.04.30 10:26:05.330,1.45162,1.45182,1.65,1.50
2013.04.30 10:26:07.709,1.45163,1.45182,1.28,1.50
2013.04.30 10:26:08.734,1.45161,1.45182,2.55,1.50
2013.04.30 10:26:09.229,1.45163,1.45182,1.43,1.50
2013.04.30 10:26:09.301,1.45166,1.45187,1.50,1.50
2013.04.30 10:26:09.370,1.45166,1.45191,1.50,1.50
2013.04.30 10:26:10.363,1.45171,1.45191,2.03,1.50
2013.04.30 10:26:10.490,1.45172,1.45194,2.40,2.55
2013.04.30 10:26:10.627,1.45175,1.45198,1.50,1.65
2013.04.30 10:26:10.871,1.45176,1.45198,1.43,1.13
2013.04.30 10:26:11.912,1.45178,1.45199,1.28,1.50
2013.04.30 10:26:13.237,1.45177,1.45199,1.28,1.50
2013.04.30 10:26:13.304,1.45174,1.45199,3.34,1.50
2013.04.30 10:26:13.591,1.45173,1.45197,1.28,1.50
2013.04.30 10:26:14.175,1.45172,1.45197,1.13,1.50
2013.04.30 10:26:14.831,1.45169,1.45195,3.90,1.50
2013.04.30 10:26:14.902,1.45171,1.45197,2.78,1.13
2013.04.30 10:26:15.101,1.45175,1.452,1.50,2.18
2013.04.30 10:26:15.173,1.45173,1.45199,1.65,1.28
2013.04.30 10:26:15.240,1.45175,1.452,1.50,1.43
2013.04.30 10:26:15.560,1.45175,1.45194,1.50,1.13
2013.04.30 10:26:16.899,1.45172,1.45194,1.13,1.13
2013.04.30 10:26:19.233,1.4517,1.45191,1.28,1.50
2013.04.30 10:26:19.432,1.45169,1.45191,3.75,1.50
2013.04.30 10:26:19.562,1.45172,1.45191,1.28,1.50
2013.04.30 10:26:19.885,1.45173,1.45191,1.28,1.50
2013.04.30 10:26:20.649,1.45173,1.45191,1.65,1.50
2013.04.30 10:26:20.723,1.45173,1.45195,1.65,1.69
2013.04.30 10:26:22.031,1.45172,1.45195,1.13,2.25
2013.04.30 10:26:22.579,1.45171,1.45195,1.88,2.25
2013.04.30 10:26:24.247,1.4517,1.45195,1.88,3.75
2013.04.30 10:26:24.874,1.4517,1.4519,1.13,1.43
2013.04.30 10:26:25.211,1.45167,1.45188,1.13,1.65
2013.04.30 10:26:25.520,1.45166,1.45185,1.50,2.93
2013.04.30 10:26:25.950,1.45162,1.45184,1.13,1.28
2013.04.30 10:26:26.499,1.4516,1.45184,1.13,1.28
2013.04.30 10:26:27.448,1.45159,1.45182,1.65,1.88
2013.04.30 10:26:27.769,1.4516,1.45182,1.47,1.50
2013.04.30 10:26:28.338,1.45162,1.45182,1.88,1.50
2013.04.30 10:26:33.404,1.4516,1.45182,1.13,1.50
2013.04.30 10:26:34.485,1.4516,1.45182,1.13,1.88
2013.04.30 10:26:34.682,1.45158,1.45183,1.65,2.63
2013.04.30 10:26:35.992,1.4516,1.45183,1.13,1.88
2013.04.30 10:26:37.453,1.4516,1.45184,1.50,2.03
2013.04.30 10:26:37.591,1.45162,1.45186,1.88,1.28
2013.04.30 10:26:40.113,1.45158,1.45184,1.65,1.50
2013.04.30 10:26:41.380,1.45157,1.45182,1.13,2.03
2013.04.30 10:26:43.421,1.45158,1.45181,1.13,2.63
2013.04.30 10:26:46.840,1.45156,1.45175,1.88,1.13
2013.04.30 10:26:47.171,1.45149,1.4517,1.65,1.88
2013.04.30 10:26:47.672,1.45147,1.45169,1.65,1.50
2013.04.30 10:26:47.743,1.45144,1.45167,1.28,1.50
2013.04.30 10:26:48.553,1.45148,1.4517,1.50,2.40
2013.04.30 10:26:48.920,1.45149,1.45172,1.13,2.63
2013.04.30 10:26:49.748,1.45151,1.45172,1.13,1.50
2013.04.30 10:26:50.629,1.45151,1.45172,1.13,1.50
2013.04.30 10:26:52.290,1.45152,1.45175,1.13,1.28
2013.04.30 10:26:54.249,1.45151,1.45176,1.13,1.50
2013.04.30 10:26:55.863,1.4515,1.45171,1.65,1.50
2013.04.30 10:26:56.430,1.45149,1.45171,1.80,3.38
2013.04.30 10:26:56.822,1.45146,1.45171,1.43,3.38
2013.04.30 10:26:58.301,1.45148,1.4517,1.88,1.50
2013.04.30 10:26:58.729,1.45148,1.45171,1.13,2.40
2013.04.30 10:26:59.723,1.45144,1.45168,1.50,1.50
2013.04.30 10:27:00.200,1.45146,1.4517,2.18,1.65
2013.04.30 10:27:00.939,1.45147,1.45172,1.65,1.88
2013.04.30 10:27:03.969,1.45151,1.45173,1.13,1.50
2013.04.30 10:27:04.510,1.4515,1.45173,1.50,1.50
2013.04.30 10:27:04.810,1.45149,1.45172,1.65,2.25
2013.04.30 10:27:05.190,1.45149,1.45166,1.28,1.50
2013.04.30 10:27:05.729,1.45147,1.45166,1.28,1.50
2013.04.30 10:27:06.119,1.45151,1.45172,1.50,1.88
2013.04.30 10:27:06.431,1.45151,1.45176,2.63,2.78
2013.04.30 10:27:06.990,1.45156,1.45177,1.65,1.50
2013.04.30 10:27:08.288,1.45157,1.45179,1.13,1.50
2013.04.30 10:27:08.669,1.4516,1.45183,1.13,3.53
2013.04.30 10:27:10.610,1.4516,1.45181,2.25,1.13
2013.04.30 10:27:10.921,1.4516,1.45173,1.50,1.28
2013.04.30 10:27:10.991,1.45148,1.45171,1.28,2.25
2013.04.30 10:27:11.321,1.45144,1.45171,1.65,3.38
2013.04.30 10:27:15.352,1.45146,1.45171,1.50,3.00
2013.04.30 10:27:17.160,1.45151,1.45174,1.50,1.50
2013.04.30 10:27:18.022,1.45146,1.45171,2.93,2.63
2013.04.30 10:27:19.620,1.45146,1.45165,1.05,1.50
2013.04.30 10:27:20.139,1.45145,1.45165,1.43,1.50
2013.04.30 10:27:20.651,1.45144,1.45165,1.28,1.50
2013.04.30 10:27:21.740,1.45147,1.4517,2.63,1.50
2013.04.30 10:27:21.817,1.45149,1.45173,2.33,3.19
2013.04.30 10:27:21.953,1.45153,1.45181,1.28,2.03
2013.04.30 10:27:22.090,1.45154,1.45181,1.05,1.50
2013.04.30 10:27:22.591,1.45154,1.45181,1.05,2.63
2013.04.30 10:27:22.969,1.45154,1.45181,1.05,1.13
2013.04.30 10:27:23.750,1.45154,1.45177,1.43,1.50
2013.04.30 10:27:24.079,1.45155,1.45177,1.13,1.50
2013.04.30 10:27:25.392,1.45155,1.45177,1.13,1.50
2013.04.30 10:27:26.347,1.45154,1.45173,1.28,1.50
2013.04.30 10:27:26.672,1.4515,1.4517,1.43,1.13
2013.04.30 10:27:27.160,1.45151,1.45173,1.13,2.55
2013.04.30 10:27:27.491,1.45148,1.45173,1.28,2.03
2013.04.30 10:27:27.820,1.45151,1.45173,1.13,2.03
2013.04.30 10:27:28.780,1.45153,1.45174,1.65,1.50
2013.04.30 10:27:29.369,1.45153,1.45176,1.65,1.50
2013.04.30 10:27:29.439,1.45153,1.45176,1.65,1.50
2013.04.30 10:27:30.471,1.45152,1.45176,1.65,1.50
2013.04.30 10:27:33.462,1.45151,1.45172,1.05,1.50
2013.04.30 10:27:33.900,1.45152,1.45172,1.58,1.50
2013.04.30 10:27:34.522,1.45152,1.45172,2.03,1.50
2013.04.30 10:27:34.590,1.45152,1.45172,2.03,1.50
2013.04.30 10:27:35.380,1.45155,1.45177,1.50,1.50
2013.04.30 10:27:35.892,1.45157,1.45177,1.28,1.50
2013.04.30 10:27:37.087,1.45157,1.45181,1.65,1.50
2013.04.30 10:27:37.969,1.45157,1.45178,1.65,1.13
2013.04.30 10:27:38.851,1.45156,1.45178,1.13,1.13
2013.04.30 10:27:38.921,1.45152,1.45173,1.28,1.50
2013.04.30 10:27:39.060,1.45148,1.45173,2.03,1.50
2013.04.30 10:27:39.131,1.4515,1.45173,1.50,1.50
2013.04.30 10:27:39.401,1.45159,1.45179,2.25,1.13
2013.04.30 10:27:40.019,1.45161,1.45178,1.13,1.13
2013.04.30 10:27:40.149,1.45161,1.45187,1.13,1.88
2013.04.30 10:27:40.341,1.4516,1.45178,1.65,1.13
2013.04.30 10:27:40.410,1.4516,1.45179,1.28,1.13
2013.04.30 10:27:40.743,1.45154,1.45179,1.05,1.13
2013.04.30 10:27:41.060,1.45154,1.4518,2.55,1.65
2013.04.30 10:27:41.501,1.45156,1.4518,1.28,1.28
2013.04.30 10:27:41.759,1.45159,1.45185,1.65,1.13
2013.04.30 10:27:42.070,1.45159,1.45186,1.65,1.13
2013.04.30 10:27:42.813,1.45162,1.45184,1.13,1.13
2013.04.30 10:27:43.550,1.45158,1.4518,1.13,1.50
2013.04.30 10:27:44.238,1.45157,1.45179,1.50,1.13
2013.04.30 10:27:44.325,1.45158,1.45179,1.13,1.13
2013.04.30 10:27:44.526,1.45157,1.45179,1.13,1.50
2013.04.30 10:27:45.649,1.45152,1.45179,3.15,1.13
2013.04.30 10:27:48.730,1.45151,1.45178,1.28,1.28
2013.04.30 10:27:48.803,1.45148,1.45154,1.28,1.13
2013.04.30 10:27:48.870,1.45143,1.45154,1.69,1.13
2013.04.30 10:27:48.948,1.45138,1.45154,1.50,2.25
2013.04.30 10:27:49.023,1.45135,1.45154,1.50,2.25
2013.04.30 10:27:49.164,1.4513,1.45154,1.58,2.25
2013.04.30 10:27:49.591,1.4513,1.45151,1.43,1.13
2013.04.30 10:27:50.190,1.4513,1.45151,1.65,1.13
2013.04.30 10:27:50.322,1.45133,1.45153,1.05,1.28
2013.04.30 10:27:50.590,1.4513,1.45151,1.43,1.13
2013.04.30 10:27:51.257,1.4513,1.45153,1.43,1.28
2013.04.30 10:27:53.659,1.4513,1.45153,1.05,1.28
2013.04.30 10:27:54.770,1.4513,1.45151,1.05,1.50
2013.04.30 10:27:57.481,1.4513,1.45151,1.05,2.25
2013.04.30 10:27:58.481,1.4513,1.45151,1.05,1.13
2013.04.30 10:27:59.603,1.4513,1.45151,1.05,1.50
2013.04.30 10:27:59.799,1.45128,1.45152,1.65,1.50
2013.04.30 10:28:00.311,1.45128,1.45151,1.65,1.50
2013.04.30 10:28:00.439,1.45128,1.45153,2.40,1.88
2013.04.30 10:28:00.510,1.45129,1.45155,3.42,2.40
2013.04.30 10:28:00.579,1.4513,1.45155,1.50,1.28
2013.04.30 10:28:02.163,1.45133,1.45155,1.80,1.13
2013.04.30 10:28:02.690,1.45133,1.45155,2.18,1.13
2013.04.30 10:28:03.240,1.45133,1.45155,2.18,1.13
2013.04.30 10:28:04.069,1.45133,1.45154,1.43,1.50
2013.04.30 10:28:04.319,1.45132,1.45155,2.40,1.50
2013.04.30 10:28:04.395,1.45133,1.45155,1.13,1.13
2013.04.30 10:28:04.650,1.45135,1.4516,1.28,2.40
2013.04.30 10:28:05.971,1.45135,1.45161,1.80,1.50
2013.04.30 10:28:06.869,1.45135,1.45161,1.80,1.50
2013.04.30 10:28:07.479,1.45135,1.45161,1.80,1.50
2013.04.30 10:28:08.939,1.45136,1.45161,1.28,1.13
2013.04.30 10:28:09.010,1.45136,1.45157,1.28,1.32
2013.04.30 10:28:09.330,1.45131,1.45147,1.50,1.50
2013.04.30 10:28:09.401,1.4512,1.45143,1.50,1.28
2013.04.30 10:28:09.531,1.45117,1.45141,1.05,1.50
2013.04.30 10:28:09.891,1.45114,1.45141,1.50,1.50
2013.04.30 10:28:10.479,1.45116,1.45141,1.43,1.50
2013.04.30 10:28:11.039,1.45121,1.4514,1.05,1.13
2013.04.30 10:28:11.350,1.45123,1.45146,1.50,1.50
2013.04.30 10:28:11.662,1.45127,1.45152,1.28,1.13
2013.04.30 10:28:15.079,1.45127,1.45151,1.28,1.13
2013.04.30 10:28:15.714,1.45128,1.45151,1.13,1.13
2013.04.30 10:28:16.179,1.4513,1.45151,1.28,1.13
2013.04.30 10:28:16.498,1.45128,1.45151,1.65,1.13
2013.04.30 10:28:18.419,1.45129,1.45151,1.13,1.13
2013.04.30 10:28:18.609,1.45131,1.45154,2.18,1.50
2013.04.30 10:28:18.919,1.45131,1.45152,1.13,1.13
2013.04.30 10:28:19.895,1.45128,1.45152,1.13,1.13
2013.04.30 10:28:20.342,1.45126,1.45152,1.65,1.13
2013.04.30 10:28:23.789,1.45125,1.45149,1.13,1.65
2013.04.30 10:28:23.859,1.45125,1.45149,1.13,1.65
2013.04.30 10:28:24.407,1.45125,1.45149,1.13,1.65
2013.04.30 10:28:24.928,1.45125,1.45147,1.13,1.88
2013.04.30 10:28:26.851,1.45125,1.45146,1.28,1.13
2013.04.30 10:28:27.159,1.45126,1.45146,1.28,1.13
2013.04.30 10:28:28.150,1.45128,1.45146,1.28,1.50
2013.04.30 10:28:29.134,1.45128,1.45148,1.65,1.13
2013.04.30 10:28:29.380,1.4513,1.4515,1.05,1.13
2013.04.30 10:28:30.061,1.45132,1.45144,1.28,1.50
2013.04.30 10:28:30.216,1.45125,1.45137,1.05,1.13
2013.04.30 10:28:30.341,1.45125,1.45139,1.05,1.13
2013.04.30 10:28:30.475,1.45117,1.45141,1.50,1.13
2013.04.30 10:28:30.601,1.45118,1.45141,1.28,1.13
2013.04.30 10:28:31.220,1.45118,1.45141,1.65,1.13
2013.04.30 10:28:31.590,1.45118,1.45142,2.03,1.50
2013.04.30 10:28:32.752,1.45121,1.45144,1.50,1.50
2013.04.30 10:28:33.059,1.45123,1.45148,1.28,2.40
2013.04.30 10:28:33.635,1.45125,1.45148,1.13,2.25
2013.04.30 10:28:34.790,1.45123,1.45143,1.80,1.50
2013.04.30 10:28:34.990,1.45119,1.45141,1.05,1.50
2013.04.30 10:28:35.241,1.45118,1.45141,1.65,1.50
2013.04.30 10:28:35.789,1.45123,1.45141,1.43,1.50
2013.04.30 10:28:36.960,1.45121,1.45141,2.18,1.50
2013.04.30 10:28:37.054,1.45121,1.45141,2.55,1.50
2013.04.30 10:28:38.332,1.45121,1.45144,2.18,1.88
2013.04.30 10:28:38.532,1.45118,1.45143,1.65,1.13
2013.04.30 10:28:39.029,1.45118,1.45136,1.28,1.13
2013.04.30 10:28:39.352,1.45121,1.45144,1.50,3.38
2013.04.30 10:28:39.670,1.45122,1.45145,2.03,1.50
2013.04.30 10:28:39.861,1.45123,1.45149,1.65,1.50
2013.04.30 10:28:39.937,1.45126,1.45149,2.10,1.50
2013.04.30 10:28:40.249,1.45126,1.45147,1.43,1.13
2013.04.30 10:28:40.498,1.45124,1.45145,1.35,1.13
2013.04.30 10:28:41.040,1.45126,1.45145,2.63,1.13
2013.04.30 10:28:42.010,1.45126,1.45145,1.28,1.13
2013.04.30 10:28:42.202,1.45124,1.45145,1.28,1.13
2013.04.30 10:28:42.510,1.45124,1.45145,1.28,1.13
2013.04.30 10:28:47.159,1.45126,1.45151,1.88,1.05
2013.04.30 10:28:52.183,1.4513,1.45154,1.13,1.65
2013.04.30 10:28:54.514,1.45129,1.45152,1.13,1.13
2013.04.30 10:28:54.854,1.45128,1.45149,1.28,1.13
2013.04.30 10:28:55.590,1.45124,1.45148,1.05,1.13
2013.04.30 10:28:55.660,1.45125,1.45148,1.50,1.13
2013.04.30 10:28:56.439,1.45125,1.45148,1.28,1.13
2013.04.30 10:28:57.674,1.45125,1.45151,1.28,1.28
2013.04.30 10:28:57.740,1.45127,1.45152,1.13,1.65
2013.04.30 10:28:58.963,1.45128,1.45152,1.50,1.28
2013.04.30 10:28:59.245,1.45141,1.45162,1.88,1.28
2013.04.30 10:28:59.312,1.45143,1.45166,1.73,1.32
2013.04.30 10:28:59.383,1.45144,1.45167,2.48,1.09
2013.04.30 10:28:59.901,1.45144,1.45169,2.03,1.32
2013.04.30 10:29:00.909,1.45142,1.45169,1.50,1.32
2013.04.30 10:29:01.490,1.45144,1.45169,1.35,1.32
2013.04.30 10:29:02.206,1.45142,1.45169,2.78,1.13
2013.04.30 10:29:02.801,1.45146,1.45169,1.13,1.13
2013.04.30 10:29:03.878,1.45142,1.45165,1.65,1.13
2013.04.30 10:29:06.250,1.4514,1.45164,2.18,1.13
2013.04.30 10:29:06.429,1.45142,1.45164,1.88,1.13
2013.04.30 10:29:08.380,1.45146,1.45166,1.28,1.13
2013.04.30 10:29:08.452,1.45149,1.45172,1.73,1.13
2013.04.30 10:29:08.591,1.45149,1.45175,2.03,1.50
2013.04.30 10:29:09.920,1.45149,1.45175,1.05,1.13
2013.04.30 10:29:11.820,1.45149,1.45175,2.18,1.50
2013.04.30 10:29:12.140,1.45143,1.45166,1.50,2.25
2013.04.30 10:29:13.177,1.45141,1.45165,1.88,1.13
2013.04.30 10:29:13.541,1.45139,1.45165,2.18,1.13
2013.04.30 10:29:15.213,1.45138,1.45165,2.40,1.13
2013.04.30 10:29:15.422,1.45138,1.45162,1.65,2.25
2013.04.30 10:29:19.571,1.45137,1.45162,2.78,1.50
2013.04.30 10:29:21.019,1.45137,1.45155,1.65,1.13
2013.04.30 10:29:21.210,1.45131,1.45156,1.28,2.25
2013.04.30 10:29:21.280,1.4513,1.45152,1.80,1.50
2013.04.30 10:29:21.409,1.4513,1.45153,1.80,1.50
2013.04.30 10:29:21.659,1.45134,1.45153,1.43,1.50
2013.04.30 10:29:21.730,1.45134,1.45159,1.43,1.50
2013.04.30 10:29:23.792,1.45134,1.45155,1.05,1.50
2013.04.30 10:29:23.992,1.45128,1.45153,1.28,1.88
2013.04.30 10:29:24.300,1.45123,1.4515,2.18,1.50
2013.04.30 10:29:25.283,1.45123,1.4515,1.80,1.50
2013.04.30 10:29:29.636,1.45126,1.45148,1.05,1.13
2013.04.30 10:29:30.238,1.45129,1.45152,1.65,1.50
2013.04.30 10:29:30.310,1.45129,1.45157,2.03,2.03
2013.04.30 10:29:31.518,1.45132,1.45157,1.13,2.03
2013.04.30 10:29:31.972,1.45135,1.4516,1.28,1.13
2013.04.30 10:29:32.281,1.45137,1.45162,1.28,1.88
2013.04.30 10:29:33.999,1.45137,1.45163,2.55,1.13
2013.04.30 10:29:51.174,1.45137,1.4516,1.28,1.13
2013.04.30 10:29:51.301,1.45133,1.45156,1.28,1.13
2013.04.30 10:29:51.572,1.45135,1.45157,1.65,1.13
2013.04.30 10:29:51.829,1.45136,1.45157,2.03,1.13
2013.04.30 10:29:52.453,1.45137,1.45157,1.05,1.13
2013.04.30 10:30:03.542,1.4514,1.45157,1.05,1.13
2013.04.30 10:30:32.341,1.4514,1.45158,1.05,1.13
2013.04.30 10:30:36.240,1.4514,1.45158,1.05,2.25
2013.04.30 10:30:36.370,1.45138,1.45158,1.28,2.25
2013.04.30 10:30:36.889,1.45138,1.45158,1.05,1.50
2013.04.30 10:30:36.959,1.45139,1.45158,1.05,1.50
2013.04.30 10:30:43.300,1.45138,1.45158,1.05,1.50
2013.04.30 10:30:43.751,1.45134,1.45157,1.28,1.13
2013.04.30 10:30:43.946,1.45134,1.45156,2.25,1.13
2013.04.30 10:30:46.785,1.45137,1.45158,2.78,1.13
2013.04.30 10:30:47.090,1.4514,1.45159,1.05,1.13
2013.04.30 10:30:47.162,1.4514,1.45161,1.05,1.50
2013.04.30 10:30:48.251,1.4514,1.45161,1.05,2.25
2013.04.30 10:30:48.786,1.4514,1.45161,1.05,1.13
2013.04.30 10:30:50.221,1.4514,1.45161,1.28,1.65
2013.04.30 10:30:50.540,1.45135,1.45153,1.80,1.50
2013.04.30 10:30:51.495,1.45136,1.45159,1.28,1.50
2013.04.30 10:30:51.620,1.45136,1.4516,1.28,1.28
2013.04.30 10:30:51.689,1.45136,1.4516,1.58,1.28
2013.04.30 10:30:52.234,1.4514,1.45161,1.28,1.65
2013.04.30 10:30:54.145,1.4514,1.45157,1.28,1.50
2013.04.30 10:30:54.340,1.45133,1.45153,1.43,1.88
2013.04.30 10:30:54.821,1.45138,1.45155,1.50,1.13
2013.04.30 10:30:55.151,1.45139,1.45159,2.03,1.50
2013.04.30 10:30:55.219,1.45139,1.45162,2.03,1.50
2013.04.30 10:30:55.350,1.4514,1.45162,1.28,1.50
2013.04.30 10:30:55.675,1.45142,1.45162,1.05,1.50
2013.04.30 10:31:01.160,1.45143,1.45168,1.28,1.28
2013.04.30 10:31:04.192,1.45143,1.45168,2.03,1.28
2013.04.30 10:31:05.009,1.45143,1.45165,2.03,1.50
2013.04.30 10:31:05.561,1.45144,1.45166,1.28,1.50
2013.04.30 10:31:06.110,1.45143,1.45167,1.65,1.13
2013.04.30 10:31:07.879,1.45144,1.45165,1.65,1.13
2013.04.30 10:31:09.210,1.45142,1.45164,1.43,1.88
2013.04.30 10:31:11.683,1.45142,1.45162,1.05,1.13
2013.04.30 10:31:11.755,1.45137,1.45162,2.18,2.40
2013.04.30 10:31:11.821,1.45135,1.45159,1.65,1.50
2013.04.30 10:31:14.484,1.45135,1.45156,1.05,1.13
2013.04.30 10:31:14.845,1.45132,1.45149,1.28,1.13
2013.04.30 10:31:15.805,1.45132,1.45149,1.13,1.13
2013.04.30 10:31:15.950,1.45132,1.45153,2.18,1.50
2013.04.30 10:31:16.910,1.45128,1.45152,1.65,2.25
2013.04.30 10:31:17.104,1.45125,1.45149,2.03,1.13
2013.04.30 10:31:17.530,1.45128,1.45145,1.13,1.13
2013.04.30 10:31:17.671,1.45125,1.45145,1.13,1.13
2013.04.30 10:31:17.800,1.4512,1.45145,1.43,1.50
2013.04.30 10:31:17.873,1.45119,1.45138,1.05,1.50
2013.04.30 10:31:18.131,1.45113,1.45136,1.28,1.13
2013.04.30 10:31:18.691,1.45113,1.45136,1.28,1.13
2013.04.30 10:31:18.879,1.45113,1.45136,2.03,1.13
2013.04.30 10:31:19.009,1.45113,1.45136,1.28,1.13
2013.04.30 10:31:19.271,1.45112,1.45134,1.28,1.13
2013.04.30 10:31:22.025,1.45112,1.45133,1.28,1.13
2013.04.30 10:31:23.813,1.45113,1.45134,1.28,1.13
2013.04.30 10:31:24.291,1.45113,1.45134,1.28,1.13
2013.04.30 10:31:24.599,1.45116,1.45134,1.13,1.13
2013.04.30 10:31:25.892,1.45116,1.45135,1.13,1.13
2013.04.30 10:31:33.952,1.45111,1.45134,2.40,1.13
2013.04.30 10:31:37.950,1.45109,1.45133,1.88,1.13
2013.04.30 10:31:39.620,1.45112,1.45133,1.13,1.50
2013.04.30 10:31:40.960,1.45112,1.45132,1.13,1.13
2013.04.30 10:31:42.691,1.45108,1.45132,2.18,1.88
2013.04.30 10:31:42.827,1.45107,1.45132,2.40,1.88
2013.04.30 10:31:43.240,1.45105,1.4513,2.18,1.50
2013.04.30 10:31:43.800,1.45108,1.4513,1.43,1.50
2013.04.30 10:31:45.241,1.45108,1.45129,1.35,1.13
2013.04.30 10:31:47.881,1.45108,1.45129,1.35,1.13
2013.04.30 10:31:48.130,1.45108,1.45129,1.65,1.13
2013.04.30 10:31:48.201,1.45108,1.45129,1.80,1.13
2013.04.30 10:31:53.481,1.4511,1.45131,1.28,1.13
2013.04.30 10:31:53.801,1.45112,1.45135,1.80,2.63
2013.04.30 10:31:54.050,1.45114,1.45135,1.28,1.13
2013.04.30 10:31:54.361,1.45112,1.45135,1.28,1.13
2013.04.30 10:31:55.660,1.45112,1.45138,1.28,1.50
2013.04.30 10:31:56.161,1.45112,1.45134,1.05,1.50
2013.04.30 10:31:56.290,1.4511,1.45132,1.43,1.50
2013.04.30 10:31:57.369,1.4511,1.45133,1.05,2.63
2013.04.30 10:31:57.561,1.45113,1.45133,1.05,1.13
2013.04.30 10:32:02.680,1.45113,1.45136,1.43,1.13
2013.04.30 10:32:04.274,1.45113,1.45136,1.43,2.25
2013.04.30 10:32:07.033,1.45113,1.45136,1.43,1.50
2013.04.30 10:32:09.601,1.45113,1.45136,1.43,1.50
2013.04.30 10:32:10.862,1.45113,1.45136,1.43,1.50
2013.04.30 10:32:11.120,1.45113,1.45136,1.43,1.88
2013.04.30 10:32:15.054,1.45116,1.45136,1.43,1.88
2013.04.30 10:32:15.530,1.45116,1.45137,1.80,1.13
2013.04.30 10:32:16.041,1.45116,1.45139,1.80,1.13
2013.04.30 10:32:16.400,1.45116,1.45142,1.80,1.13
2013.04.30 10:32:17.020,1.45116,1.45141,1.80,1.13
2013.04.30 10:32:19.883,1.45116,1.4514,1.80,1.50
2013.04.30 10:32:21.623,1.45114,1.4514,1.28,1.50
2013.04.30 10:32:21.834,1.45117,1.45141,1.65,1.13
2013.04.30 10:32:22.164,1.4512,1.45146,2.63,1.65
2013.04.30 10:32:22.420,1.4512,1.45146,3.00,1.28
2013.04.30 10:32:22.880,1.4512,1.45148,3.38,2.18
2013.04.30 10:32:23.191,1.4512,1.45146,3.38,1.28
2013.04.30 10:32:23.502,1.45118,1.45142,1.28,1.88
2013.04.30 10:32:23.819,1.45112,1.4514,2.85,1.28
2013.04.30 10:32:24.700,1.45112,1.45139,1.50,1.28
2013.04.30 10:32:25.509,1.45112,1.45138,1.50,1.13
2013.04.30 10:32:26.166,1.45113,1.45139,1.50,2.03
2013.04.30 10:32:26.643,1.45113,1.45139,1.13,2.40
2013.04.30 10:32:27.900,1.45113,1.45139,1.13,2.40
2013.04.30 10:32:28.517,1.45113,1.45139,1.13,2.40
2013.04.30 10:32:28.972,1.45113,1.45134,1.13,1.50
2013.04.30 10:32:29.290,1.451,1.45124,2.93,1.50
2013.04.30 10:32:29.866,1.45102,1.45125,2.40,1.13
2013.04.30 10:32:29.991,1.45104,1.45129,1.13,1.13
2013.04.30 10:32:30.061,1.45106,1.45131,3.75,1.28
2013.04.30 10:32:30.371,1.45108,1.45132,2.18,1.13
2013.04.30 10:32:30.441,1.45108,1.45135,2.55,1.28
2013.04.30 10:32:30.631,1.45111,1.45136,1.05,1.28
2013.04.30 10:32:31.525,1.45114,1.45136,1.28,1.28
2013.04.30 10:32:31.590,1.45115,1.4514,1.13,1.43
2013.04.30 10:32:31.789,1.45115,1.45144,2.03,2.40
2013.04.30 10:32:31.990,1.45115,1.45144,2.03,2.40
2013.04.30 10:32:33.050,1.45116,1.45138,1.28,1.13
2013.04.30 10:32:33.672,1.45116,1.45138,2.03,1.13
2013.04.30 10:32:34.780,1.45115,1.45139,2.40,1.13
2013.04.30 10:32:35.640,1.45113,1.45138,2.40,1.88
2013.04.30 10:32:35.710,1.45113,1.45138,2.40,1.88
2013.04.30 10:32:35.899,1.45113,1.45136,2.40,1.13
2013.04.30 10:32:41.120,1.45109,1.45134,3.08,1.88
2013.04.30 10:32:41.429,1.45107,1.4513,2.03,1.13
2013.04.30 10:32:42.700,1.45106,1.4513,1.28,1.13
2013.04.30 10:32:43.202,1.45106,1.45129,2.78,1.13
2013.04.30 10:32:43.760,1.45105,1.4513,3.90,1.13
2013.04.30 10:32:46.150,1.45109,1.4513,1.05,1.13
2013.04.30 10:32:48.224,1.45105,1.4513,1.20,1.88
2013.04.30 10:32:48.292,1.45103,1.4513,2.78,1.13
2013.04.30 10:32:48.811,1.45102,1.4513,2.10,2.03
2013.04.30 10:32:49.180,1.45102,1.45128,1.13,1.65
2013.04.30 10:32:50.635,1.45102,1.45128,1.13,1.65
2013.04.30 10:32:51.040,1.45099,1.45126,1.28,1.88
2013.04.30 10:32:51.559,1.45096,1.45124,3.90,2.03
2013.04.30 10:32:51.870,1.45101,1.45127,1.65,2.03
2013.04.30 10:32:51.941,1.45103,1.45128,1.13,1.65
2013.04.30 10:32:53.691,1.45105,1.45128,1.50,1.28
2013.04.30 10:32:54.561,1.45105,1.4513,1.50,1.43
2013.04.30 10:32:56.801,1.45105,1.4513,2.48,2.18
2013.04.30 10:32:58.201,1.45104,1.45126,1.13,1.05
2013.04.30 10:32:58.337,1.45103,1.45126,1.13,1.05
2013.04.30 10:33:02.484,1.45102,1.45126,1.13,2.18
2013.04.30 10:33:11.301,1.45101,1.45123,1.13,1.28
2013.04.30 10:33:11.430,1.451,1.45122,1.13,1.13
2013.04.30 10:33:11.573,1.45093,1.4512,1.84,1.13
2013.04.30 10:33:13.700,1.45093,1.45117,1.65,1.13
2013.04.30 10:33:20.383,1.45093,1.45117,1.28,1.50
2013.04.30 10:33:20.700,1.45086,1.45103,1.20,1.13
2013.04.30 10:33:21.010,1.4509,1.45106,1.05,1.50
2013.04.30 10:33:21.400,1.45092,1.45114,1.50,2.63
2013.04.30 10:33:21.552,1.45092,1.45114,1.50,1.13
2013.04.30 10:33:31.122,1.45091,1.45114,1.88,1.13
2013.04.30 10:33:33.236,1.45091,1.45115,2.55,2.03
2013.04.30 10:33:37.090,1.45092,1.45116,1.43,1.13
2013.04.30 10:33:37.601,1.45091,1.45116,1.13,1.13
2013.04.30 10:33:39.690,1.45091,1.45117,1.13,1.65
2013.04.30 10:33:40.960,1.45089,1.45115,2.03,1.13
2013.04.30 10:33:44.971,1.45089,1.45115,1.13,2.55
2013.04.30 10:33:52.585,1.4509,1.45116,1.13,2.40
2013.04.30 10:33:53.930,1.45089,1.45116,1.28,2.78
2013.04.30 10:33:54.520,1.45088,1.45113,1.65,1.13
2013.04.30 10:33:55.860,1.45088,1.45112,1.65,1.13
2013.04.30 10:33:56.421,1.45086,1.45109,1.50,1.13
2013.04.30 10:33:59.432,1.45087,1.45112,1.50,1.65
2013.04.30 10:34:03.702,1.45087,1.45114,1.50,2.03
2013.04.30 10:34:05.459,1.4509,1.45114,1.88,1.50
2013.04.30 10:34:05.820,1.45096,1.45119,1.43,1.13
2013.04.30 10:34:06.970,1.45094,1.45119,1.28,1.88
2013.04.30 10:34:08.967,1.45093,1.45119,1.80,2.25
2013.04.30 10:34:12.484,1.45093,1.45119,1.80,1.88
2013.04.30 10:34:19.006,1.45097,1.45119,1.80,1.13
2013.04.30 10:34:19.071,1.45097,1.45119,1.80,1.13
2013.04.30 10:34:19.260,1.45097,1.45119,1.43,1.13
2013.04.30 10:34:19.795,1.45096,1.45119,1.28,1.13
2013.04.30 10:34:20.461,1.45096,1.4512,1.80,1.13
2013.04.30 10:34:24.753,1.45098,1.45121,1.43,1.13
2013.04.30 10:34:35.661,1.45098,1.45123,1.43,1.13
2013.04.30 10:34:39.451,1.45099,1.45121,1.28,2.63
2013.04.30 10:34:40.009,1.45099,1.45124,2.03,1.13
2013.04.30 10:34:40.481,1.451,1.45124,1.28,1.13
2013.04.30 10:34:41.975,1.451,1.45122,1.65,1.13
2013.04.30 10:34:44.421,1.45098,1.45124,3.30,1.88
2013.04.30 10:34:47.372,1.45098,1.45122,2.18,1.50
2013.04.30 10:34:52.491,1.45094,1.45119,1.80,1.88
2013.04.30 10:34:53.333,1.45094,1.45119,1.80,1.88
2013.04.30 10:34:58.612,1.45094,1.45118,1.43,1.50
2013.04.30 10:34:59.992,1.45094,1.45115,1.43,1.13
2013.04.30 10:35:01.926,1.45094,1.45115,1.43,1.13
2013.04.30 10:35:06.252,1.45094,1.45106,1.43,2.25
2013.04.30 10:35:06.325,1.45087,1.45104,1.13,1.13
2013.04.30 10:35:06.398,1.45087,1.45112,1.13,1.28
2013.04.30 10:35:06.464,1.4509,1.45114,1.50,1.28
2013.04.30 10:35:07.002,1.45092,1.45116,1.28,1.13
2013.04.30 10:35:08.559,1.45092,1.45116,1.28,1.88
2013.04.30 10:35:09.688,1.45092,1.45116,1.65,1.88
2013.04.30 10:35:13.223,1.45091,1.45116,1.65,1.88
2013.04.30 10:35:14.093,1.45091,1.45114,1.28,1.13
2013.04.30 10:35:17.121,1.45088,1.45114,2.40,1.65
2013.04.30 10:35:22.211,1.45091,1.45114,1.65,1.50
2013.04.30 10:35:23.321,1.45089,1.45112,1.05,1.13
2013.04.30 10:35:23.726,1.45089,1.4511,1.05,2.25
2013.04.30 10:35:23.924,1.45086,1.4511,1.05,3.38
2013.04.30 10:35:24.062,1.4508,1.45105,2.03,1.13
2013.04.30 10:35:24.314,1.4508,1.45105,1.65,1.50
2013.04.30 10:35:24.382,1.45079,1.45099,1.28,1.09
2013.04.30 10:35:24.725,1.45075,1.45097,1.13,2.03
2013.04.30 10:35:24.796,1.45072,1.45097,1.35,1.65
2013.04.30 10:35:25.306,1.45075,1.45098,1.65,1.13
2013.04.30 10:35:25.951,1.45074,1.45095,1.05,1.50
2013.04.30 10:35:26.141,1.4507,1.45089,1.05,1.65
2013.04.30 10:35:26.213,1.45067,1.45091,2.63,2.59
2013.04.30 10:35:26.285,1.45066,1.4509,2.25,1.43
2013.04.30 10:35:26.353,1.45067,1.45089,1.28,1.65
2013.04.30 10:35:26.550,1.45066,1.45091,2.18,3.00
2013.04.30 10:35:26.613,1.45069,1.45091,1.28,1.13
2013.04.30 10:35:26.921,1.45072,1.45092,1.50,1.13
2013.04.30 10:35:28.529,1.45072,1.45092,1.28,1.13
2013.04.30 10:35:31.252,1.45071,1.45091,1.28,1.13
2013.04.30 10:35:39.161,1.4507,1.45095,2.55,1.50
2013.04.30 10:35:39.410,1.45075,1.45098,1.43,1.13
2013.04.30 10:35:40.826,1.45081,1.451,1.13,1.13
2013.04.30 10:35:40.892,1.45081,1.45104,1.13,1.50
2013.04.30 10:35:41.409,1.4508,1.45103,1.65,1.13
2013.04.30 10:35:42.693,1.4508,1.45102,1.65,1.13
2013.04.30 10:35:47.702,1.45081,1.45102,1.13,1.13
2013.04.30 10:35:48.204,1.45078,1.451,1.43,1.13
2013.04.30 10:35:51.530,1.45075,1.45098,1.28,1.13
2013.04.30 10:35:52.499,1.45075,1.45098,1.28,1.88
2013.04.30 10:35:54.510,1.45075,1.45098,1.28,1.13
2013.04.30 10:35:56.492,1.45073,1.45094,1.43,1.13
2013.04.30 10:35:57.001,1.4507,1.45094,1.50,1.13
2013.04.30 10:35:57.253,1.45068,1.45093,1.13,1.13
2013.04.30 10:35:58.175,1.45068,1.45093,1.88,1.13
2013.04.30 10:35:58.661,1.45068,1.45094,1.13,1.13
2013.04.30 10:35:59.194,1.45069,1.45093,1.43,1.13
2013.04.30 10:36:03.580,1.45069,1.45094,1.65,1.13
2013.04.30 10:36:03.911,1.45068,1.45092,1.28,1.13
2013.04.30 10:36:04.451,1.45066,1.45092,1.05,1.88
2013.04.30 10:36:06.121,1.45068,1.45092,1.28,1.13
2013.04.30 10:36:07.711,1.45068,1.45092,1.28,1.13
2013.04.30 10:36:09.653,1.45071,1.45092,1.28,1.50
2013.04.30 10:36:09.724,1.45071,1.45094,1.80,1.13
2013.04.30 10:36:09.924,1.45075,1.45094,1.05,1.13
2013.04.30 10:36:09.990,1.45075,1.45097,1.05,2.03
2013.04.30 10:36:10.741,1.45077,1.45099,1.28,1.13
2013.04.30 10:36:10.811,1.45078,1.45099,2.48,1.13
2013.04.30 10:36:11.241,1.4508,1.45103,2.25,1.05
2013.04.30 10:36:11.433,1.45081,1.45106,1.50,1.13
2013.04.30 10:36:11.501,1.45082,1.45106,1.50,1.13
2013.04.30 10:36:12.071,1.45082,1.45108,2.18,1.13
2013.04.30 10:36:12.772,1.45085,1.4511,2.40,1.13
2013.04.30 10:36:12.901,1.45085,1.45113,2.40,2.78
2013.04.30 10:36:13.210,1.45083,1.45109,1.88,1.88
2013.04.30 10:36:13.281,1.45082,1.45109,1.65,1.88
2013.04.30 10:36:13.821,1.45084,1.45106,1.28,2.03
2013.04.30 10:36:13.950,1.45085,1.45111,1.80,1.88
2013.04.30 10:36:14.201,1.45085,1.45112,3.68,1.13
2013.04.30 10:36:14.336,1.45085,1.45106,2.18,1.50
2013.04.30 10:36:14.532,1.45088,1.4511,1.28,1.50
2013.04.30 10:36:14.601,1.4509,1.4511,1.05,1.50
2013.04.30 10:36:15.490,1.4509,1.45111,1.43,1.88
2013.04.30 10:36:15.680,1.4509,1.45116,1.43,1.13
2013.04.30 10:36:15.932,1.4509,1.45111,1.43,1.65
2013.04.30 10:36:16.001,1.45088,1.45111,1.65,1.65
2013.04.30 10:36:16.941,1.45088,1.4511,1.28,1.13
2013.04.30 10:36:17.642,1.45085,1.4511,1.28,1.13
2013.04.30 10:36:21.993,1.45087,1.4511,1.28,1.88
2013.04.30 10:36:22.550,1.45091,1.45112,1.28,1.50
2013.04.30 10:36:23.436,1.45091,1.45111,1.28,1.13
2013.04.30 10:36:24.030,1.45091,1.45111,1.28,1.13
2013.04.30 10:36:25.520,1.45088,1.45111,1.28,1.13
2013.04.30 10:36:25.711,1.4509,1.45116,1.28,2.63
2013.04.30 10:36:26.049,1.4509,1.45116,1.28,1.13
2013.04.30 10:36:27.902,1.4509,1.45116,1.28,1.13
2013.04.30 10:36:32.722,1.45091,1.45116,1.50,1.13
2013.04.30 10:36:34.021,1.45091,1.45115,1.50,1.13
2013.04.30 10:36:34.093,1.45088,1.45114,1.50,2.03
2013.04.30 10:36:34.223,1.45085,1.45112,1.80,1.28
2013.04.30 10:36:35.259,1.45086,1.45112,1.28,1.65
2013.04.30 10:36:38.642,1.45089,1.45112,1.28,1.28
2013.04.30 10:36:38.954,1.45092,1.45112,1.28,1.28
2013.04.30 10:36:42.750,1.45092,1.45112,1.28,1.28
2013.04.30 10:36:43.650,1.45092,1.45111,1.28,1.13
2013.04.30 10:36:44.031,1.45092,1.45115,1.28,1.13
2013.04.30 10:36:44.200,1.45092,1.45115,1.28,1.13
2013.04.30 10:36:47.011,1.45092,1.45115,1.28,1.13
2013.04.30 10:36:52.456,1.45092,1.45111,1.28,1.13
2013.04.30 10:36:52.520,1.45089,1.45111,1.05,1.13
2013.04.30 10:36:52.591,1.45087,1.45111,1.43,2.78
2013.04.30 10:36:52.912,1.45081,1.45109,1.43,1.28
2013.04.30 10:36:57.794,1.45083,1.45106,1.28,1.13
2013.04.30 10:37:00.549,1.45085,1.4511,1.65,1.50
2013.04.30 10:37:03.101,1.45085,1.4511,1.65,1.50
2013.04.30 10:37:03.352,1.45085,1.4511,1.65,1.50
2013.04.30 10:37:03.610,1.45085,1.4511,1.65,1.50
2013.04.30 10:37:03.682,1.45085,1.4511,1.65,1.50
2013.04.30 10:37:04.181,1.45085,1.4511,1.28,1.13
2013.04.30 10:37:04.252,1.45085,1.45111,1.28,2.03
2013.04.30 10:37:04.590,1.45085,1.45111,1.28,2.03
2013.04.30 10:37:05.821,1.45087,1.45112,1.13,1.88
2013.04.30 10:37:05.891,1.45087,1.45114,1.88,1.28
2013.04.30 10:37:06.020,1.45087,1.45115,3.45,2.03
2013.04.30 10:37:06.575,1.45091,1.45115,1.28,1.50
2013.04.30 10:37:09.691,1.45091,1.45115,1.28,1.13
2013.04.30 10:37:10.792,1.4509,1.45115,1.28,1.13
2013.04.30 10:37:20.771,1.45091,1.45114,1.28,1.13
2013.04.30 10:37:32.703,1.45095,1.45114,1.28,1.13
2013.04.30 10:37:36.364,1.45095,1.45118,1.28,1.13
2013.04.30 10:37:36.880,1.45095,1.45118,1.28,1.13
2013.04.30 10:37:39.542,1.45093,1.45118,2.55,1.13
2013.04.30 10:37:41.251,1.45093,1.45117,1.50,1.13
2013.04.30 10:37:41.905,1.45086,1.45112,1.50,1.28
2013.04.30 10:37:42.723,1.45084,1.45111,1.28,1.13
2013.04.30 10:37:47.931,1.45084,1.4511,1.13,1.65
2013.04.30 10:37:48.060,1.45081,1.45108,1.43,1.13
2013.04.30 10:37:52.763,1.45083,1.45106,1.13,1.13
2013.04.30 10:37:57.353,1.45083,1.45106,1.65,1.13
2013.04.30 10:37:58.060,1.45083,1.45106,2.40,1.13
2013.04.30 10:37:58.620,1.45085,1.45108,1.28,1.50
2013.04.30 10:38:01.801,1.45085,1.45109,1.65,1.13
2013.04.30 10:38:02.242,1.45084,1.45106,1.43,1.50
2013.04.30 10:38:02.369,1.45081,1.45107,2.78,1.13
2013.04.30 10:38:02.620,1.45085,1.45111,1.13,1.28
2013.04.30 10:38:03.161,1.45089,1.45112,1.88,1.28
2013.04.30 10:38:03.899,1.45089,1.45112,1.13,1.28
2013.04.30 10:38:04.174,1.45086,1.45112,3.00,1.65
2013.04.30 10:38:04.242,1.45086,1.4511,2.48,1.50
2013.04.30 10:38:04.431,1.45081,1.45106,1.13,1.50
2013.04.30 10:38:04.568,1.45083,1.4511,2.25,1.65
2013.04.30 10:38:04.632,1.45084,1.4511,2.25,1.13
2013.04.30 10:38:06.150,1.45085,1.45109,1.50,1.50
2013.04.30 10:38:06.280,1.45083,1.45108,1.80,1.13
2013.04.30 10:38:07.691,1.45084,1.45108,1.28,2.25
2013.04.30 10:38:08.106,1.45084,1.45108,1.28,2.25
2013.04.30 10:38:10.321,1.45084,1.45109,2.03,2.25
2013.04.30 10:38:10.520,1.45083,1.45109,1.80,3.00
2013.04.30 10:38:12.820,1.45083,1.45109,2.18,1.13
2013.04.30 10:38:14.011,1.45087,1.4511,1.13,1.13
2013.04.30 10:38:14.411,1.45087,1.4511,1.13,1.13
2013.04.30 10:38:16.162,1.45084,1.45109,2.78,1.88
2013.04.30 10:38:16.472,1.45088,1.45109,2.03,1.50
2013.04.30 10:38:16.783,1.4509,1.45109,1.05,1.50
2013.04.30 10:38:16.972,1.45092,1.45114,1.65,1.13
2013.04.30 10:38:18.672,1.45092,1.45118,2.78,1.50
2013.04.30 10:38:22.762,1.45092,1.45118,2.40,1.50
2013.04.30 10:38:33.121,1.45094,1.45117,1.28,1.13
2013.04.30 10:38:34.841,1.45095,1.45117,1.28,1.13
2013.04.30 10:38:37.166,1.45094,1.4512,1.13,1.80
2013.04.30 10:38:38.412,1.45091,1.45114,2.03,2.25
2013.04.30 10:38:38.621,1.45087,1.45113,2.55,1.50
2013.04.30 10:38:41.369,1.45089,1.45113,1.80,2.25
2013.04.30 10:38:41.855,1.4509,1.4511,1.28,1.50
2013.04.30 10:38:42.172,1.45094,1.4511,1.05,2.40
2013.04.30 10:38:43.711,1.45091,1.4511,1.05,2.40
2013.04.30 10:38:43.786,1.4509,1.4511,2.03,2.40
2013.04.30 10:38:51.804,1.4509,1.45111,1.28,1.65
2013.04.30 10:38:51.873,1.45091,1.45113,1.28,1.13
2013.04.30 10:38:51.951,1.45094,1.45115,1.28,1.80
2013.04.30 10:38:52.470,1.45092,1.45116,1.05,1.28
2013.04.30 10:38:56.380,1.45092,1.45116,1.05,1.28
2013.04.30 10:38:56.511,1.4509,1.45115,1.13,1.28
2013.04.30 10:38:57.942,1.45091,1.45114,1.50,2.40
2013.04.30 10:38:58.590,1.45091,1.45114,2.25,1.65
2013.04.30 10:38:58.903,1.45094,1.45114,1.28,1.50
2013.04.30 10:38:59.881,1.45095,1.4512,1.13,1.13
2013.04.30 10:39:00.791,1.45094,1.45121,1.65,1.28
2013.04.30 10:39:01.266,1.45095,1.45121,1.13,1.28
2013.04.30 10:39:01.732,1.45094,1.45117,1.28,1.13
2013.04.30 10:39:01.802,1.45092,1.45117,1.80,1.13
2013.04.30 10:39:02.340,1.45095,1.45118,1.50,1.50
2013.04.30 10:39:04.127,1.45095,1.45121,1.88,2.40
2013.04.30 10:39:07.632,1.45095,1.45119,1.50,2.55
2013.04.30 10:39:07.821,1.45092,1.45117,1.13,1.13
2013.04.30 10:39:08.341,1.4509,1.45114,2.03,2.03
2013.04.30 10:39:08.924,1.45089,1.45114,1.50,2.55
2013.04.30 10:39:10.162,1.45088,1.45113,1.50,2.40
2013.04.30 10:39:10.504,1.45087,1.45109,1.13,2.25
2013.04.30 10:39:10.830,1.45089,1.45109,1.65,1.50
2013.04.30 10:39:11.591,1.45091,1.45112,1.28,1.13
2013.04.30 10:39:12.100,1.45091,1.45117,1.28,2.03
2013.04.30 10:39:22.615,1.45091,1.45117,2.78,2.78
2013.04.30 10:39:24.123,1.45091,1.45117,2.40,2.55
2013.04.30 10:39:25.661,1.45093,1.45117,1.13,1.65
2013.04.30 10:39:28.206,1.45094,1.45118,1.88,2.93
2013.04.30 10:39:29.325,1.45094,1.45118,1.13,2.93
2013.04.30 10:39:32.914,1.45094,1.45116,1.13,1.13
2013.04.30 10:39:33.441,1.45092,1.45115,1.13,1.88
2013.04.30 10:39:33.691,1.45089,1.45112,1.28,2.03
2013.04.30 10:39:36.728,1.45089,1.45112,1.28,2.40
2013.04.30 10:39:37.824,1.45088,1.45109,2.18,1.13
2013.04.30 10:39:43.222,1.45091,1.45111,1.65,1.50
2013.04.30 10:39:43.553,1.45093,1.45111,1.43,1.50
2013.04.30 10:39:44.162,1.45093,1.45116,1.43,1.13
2013.04.30 10:39:45.855,1.45093,1.45116,3.30,1.13
2013.04.30 10:39:48.263,1.45093,1.45113,2.93,2.25
2013.04.30 10:39:48.541,1.45089,1.45112,1.28,1.28
2013.04.30 10:39:49.123,1.4509,1.45114,2.40,1.13
2013.04.30 10:39:49.432,1.45096,1.45115,1.28,1.13
2013.04.30 10:39:49.753,1.45099,1.45119,1.05,1.50
2013.04.30 10:39:49.891,1.45097,1.45119,1.28,1.50
2013.04.30 10:39:51.266,1.45097,1.45119,2.03,1.50
2013.04.30 10:39:51.653,1.451,1.45124,1.13,1.65
2013.04.30 10:39:52.874,1.45099,1.45124,1.13,1.65
2013.04.30 10:39:54.292,1.451,1.45125,1.13,1.05
2013.04.30 10:39:54.432,1.45101,1.45127,1.28,1.65
2013.04.30 10:39:54.982,1.45103,1.45128,1.13,1.05
2013.04.30 10:39:57.051,1.45103,1.45129,1.65,1.28
2013.04.30 10:39:57.311,1.45103,1.45129,1.65,1.28
2013.04.30 10:39:59.748,1.45104,1.45129,1.13,1.28
2013.04.30 10:40:00.927,1.45109,1.4513,1.05,1.13
2013.04.30 10:40:02.281,1.45112,1.4513,1.28,2.40
2013.04.30 10:40:05.286,1.45112,1.45134,1.28,1.13
2013.04.30 10:40:22.923,1.4511,1.45134,1.13,1.65
2013.04.30 10:40:43.062,1.45109,1.45133,1.13,1.65
2013.04.30 10:40:47.413,1.45107,1.45133,1.28,2.03
2013.04.30 10:40:47.481,1.45104,1.45129,2.70,1.13
2013.04.30 10:40:48.031,1.45107,1.45129,1.28,1.13
2013.04.30 10:40:48.771,1.45106,1.45133,2.40,1.65
2013.04.30 10:40:49.261,1.45103,1.4513,1.05,1.28
2013.04.30 10:40:49.332,1.45104,1.4513,1.28,1.28
2013.04.30 10:40:49.520,1.45101,1.45128,2.78,2.03
2013.04.30 10:40:56.378,1.45103,1.4513,2.03,4.05
2013.04.30 10:40:57.363,1.45104,1.4513,1.50,3.30
2013.04.30 10:40:59.613,1.45108,1.45134,1.88,1.28
2013.04.30 10:41:01.421,1.45107,1.45133,1.28,2.25
2013.04.30 10:41:01.943,1.45107,1.45131,1.28,1.13
2013.04.30 10:41:02.684,1.45107,1.45131,1.65,1.13
2013.04.30 10:41:03.400,1.45108,1.45134,1.13,1.28
2013.04.30 10:41:03.470,1.45108,1.45133,1.13,1.50
2013.04.30 10:41:04.022,1.45107,1.45131,1.28,1.50
2013.04.30 10:41:04.701,1.45107,1.45131,1.28,1.50
2013.04.30 10:41:05.015,1.45107,1.45131,1.28,1.50
2013.04.30 10:41:05.141,1.45106,1.45131,1.28,2.25
2013.04.30 10:41:05.461,1.45107,1.45131,1.28,1.50
2013.04.30 10:41:05.793,1.45106,1.45131,1.28,3.00
2013.04.30 10:41:06.493,1.45106,1.45131,1.28,3.00
2013.04.30 10:41:09.871,1.45102,1.45127,1.65,1.13
2013.04.30 10:41:10.390,1.45102,1.45127,1.13,1.13
2013.04.30 10:41:11.048,1.45104,1.4513,1.13,1.28
2013.04.30 10:41:12.801,1.45105,1.45132,2.40,2.03
2013.04.30 10:41:13.851,1.45106,1.45133,1.13,2.18
2013.04.30 10:41:15.112,1.45106,1.45133,1.13,2.18
2013.04.30 10:41:15.451,1.45105,1.45128,2.03,1.13
2013.04.30 10:41:15.594,1.45096,1.45123,2.10,2.03
2013.04.30 10:41:15.662,1.45097,1.45123,1.43,1.13
2013.04.30 10:41:15.804,1.45105,1.4513,1.13,1.50
2013.04.30 10:41:15.877,1.45105,1.45131,1.13,1.13
2013.04.30 10:41:16.013,1.45105,1.45128,1.13,1.50
2013.04.30 10:41:16.342,1.45108,1.45135,1.65,3.38
2013.04.30 10:41:17.151,1.45109,1.45135,1.13,3.38
2013.04.30 10:41:17.934,1.45108,1.45135,2.40,2.25
2013.04.30 10:41:19.251,1.4511,1.45136,1.50,2.78
2013.04.30 10:41:19.440,1.45108,1.45136,2.40,3.53
2013.04.30 10:41:19.973,1.45106,1.45128,2.18,1.13
2013.04.30 10:41:20.282,1.45102,1.45121,1.05,1.50
2013.04.30 10:41:20.831,1.45101,1.45121,1.05,2.25
2013.04.30 10:41:22.533,1.45101,1.45126,1.80,2.03
2013.04.30 10:41:24.075,1.45101,1.45121,1.80,1.50
2013.04.30 10:41:24.343,1.45096,1.45121,1.65,1.88
2013.04.30 10:41:24.413,1.45096,1.4512,1.28,1.13
2013.04.30 10:41:24.793,1.45097,1.45121,2.03,1.88
2013.04.30 10:41:25.591,1.45097,1.45121,1.65,1.50
2013.04.30 10:41:25.661,1.45097,1.45123,1.13,3.83
2013.04.30 10:41:27.348,1.45097,1.45123,1.88,3.83
2013.04.30 10:41:29.102,1.45097,1.45123,1.28,2.78
2013.04.30 10:41:29.412,1.45094,1.45118,1.28,1.88
2013.04.30 10:41:29.733,1.45095,1.45118,1.50,2.63
2013.04.30 10:41:30.062,1.45098,1.45118,1.05,1.50
2013.04.30 10:41:31.021,1.45099,1.4512,1.28,1.50
2013.04.30 10:41:32.114,1.45103,1.45125,1.13,1.13
2013.04.30 10:41:32.421,1.45099,1.45125,2.78,2.40
2013.04.30 10:41:32.851,1.45099,1.45124,2.25,1.43
2013.04.30 10:41:33.631,1.45099,1.45122,1.88,1.13
2013.04.30 10:41:33.893,1.45091,1.45113,1.62,1.50
2013.04.30 10:41:34.151,1.45088,1.45113,1.28,1.50
2013.04.30 10:41:37.680,1.45089,1.45114,1.65,1.88
2013.04.30 10:41:39.063,1.45092,1.45114,1.50,1.50
2013.04.30 10:41:39.372,1.45094,1.45114,2.40,1.50
2013.04.30 10:41:39.502,1.45096,1.45121,1.88,1.13
2013.04.30 10:41:39.813,1.451,1.45124,1.13,1.69
2013.04.30 10:41:41.267,1.45101,1.45125,2.25,1.65
2013.04.30 10:41:41.812,1.45101,1.45127,2.78,2.25
2013.04.30 10:41:42.181,1.45101,1.45117,1.28,1.50
2013.04.30 10:41:42.310,1.45096,1.45117,2.03,1.50
2013.04.30 10:41:42.875,1.45098,1.45117,1.88,1.50
2013.04.30 10:41:42.941,1.45098,1.45117,1.50,1.50
2013.04.30 10:41:43.012,1.45098,1.45117,3.00,1.50
2013.04.30 10:41:43.401,1.45099,1.45124,1.43,2.25
2013.04.30 10:41:46.012,1.45099,1.45121,1.20,2.63
2013.04.30 10:41:49.160,1.45098,1.45121,1.05,2.63
2013.04.30 10:41:50.892,1.45097,1.45121,1.50,1.28
2013.04.30 10:41:50.967,1.45097,1.45117,1.13,1.28
2013.04.30 10:41:52.061,1.45095,1.45119,1.13,1.50
2013.04.30 10:41:53.614,1.45093,1.45118,1.65,1.88
2013.04.30 10:41:53.920,1.45094,1.45118,1.50,1.88
2013.04.30 10:41:55.642,1.45094,1.45118,1.88,1.88
2013.04.30 10:41:55.834,1.45094,1.45118,1.88,2.63
2013.04.30 10:41:59.081,1.45094,1.45118,2.03,2.63
2013.04.30 10:41:59.150,1.45094,1.45118,2.03,1.50
2013.04.30 10:41:59.222,1.45094,1.4512,2.63,2.78
2013.04.30 10:42:02.285,1.45097,1.4512,1.50,1.28
2013.04.30 10:42:03.992,1.45098,1.45119,1.50,1.13
2013.04.30 10:42:04.122,1.45103,1.45124,1.28,1.50
2013.04.30 10:42:04.671,1.45104,1.45125,1.50,1.65
2013.04.30 10:42:04.982,1.45106,1.45125,1.13,1.13
2013.04.30 10:42:05.180,1.45108,1.4513,1.28,2.25
2013.04.30 10:42:05.311,1.45108,1.4513,1.43,1.88
2013.04.30 10:42:05.440,1.45108,1.4513,1.43,1.88
2013.04.30 10:42:05.682,1.45108,1.45127,1.43,1.13
2013.04.30 10:42:05.753,1.45107,1.45127,1.13,1.13
2013.04.30 10:42:06.405,1.45104,1.45127,2.03,1.13
2013.04.30 10:42:06.952,1.45104,1.45127,1.28,1.13
2013.04.30 10:42:07.733,1.45104,1.45127,1.65,1.50
2013.04.30 10:42:13.010,1.45106,1.4513,1.13,1.43
2013.04.30 10:42:14.071,1.45104,1.45129,2.40,1.50
2013.04.30 10:42:15.873,1.45102,1.45127,2.93,1.50
2013.04.30 10:42:17.662,1.45102,1.45123,1.80,1.50
2013.04.30 10:42:19.193,1.45099,1.45123,1.65,1.50
2013.04.30 10:42:20.604,1.45099,1.45118,1.28,1.50
2013.04.30 10:42:20.730,1.45098,1.45118,1.80,1.50
2013.04.30 10:42:20.879,1.45095,1.45118,1.28,1.50
2013.04.30 10:42:21.022,1.45099,1.45118,1.50,1.50
2013.04.30 10:42:23.070,1.451,1.45123,1.28,1.65
2013.04.30 10:42:23.462,1.45101,1.45123,1.88,1.65
2013.04.30 10:42:24.781,1.45102,1.45123,1.28,1.50
2013.04.30 10:42:24.854,1.45103,1.45128,1.50,1.28
2013.04.30 10:42:34.043,1.45106,1.45129,1.50,1.50
2013.04.30 10:42:34.529,1.45104,1.45129,2.03,2.25
2013.04.30 10:42:39.758,1.45104,1.45128,2.03,1.50
2013.04.30 10:42:46.017,1.45103,1.45128,1.65,1.50
2013.04.30 10:42:46.771,1.45103,1.45128,1.13,2.03
2013.04.30 10:42:48.223,1.45104,1.45129,1.13,1.80
2013.04.30 10:42:48.731,1.45108,1.45133,1.65,1.65
2013.04.30 10:42:49.542,1.45108,1.45133,1.65,1.65
2013.04.30 10:42:49.931,1.45108,1.45129,1.13,1.84
2013.04.30 10:42:50.181,1.451,1.4512,1.28,1.50
2013.04.30 10:42:52.242,1.45098,1.45118,1.05,1.50
2013.04.30 10:42:52.813,1.451,1.45118,1.28,1.50
2013.04.30 10:42:53.121,1.45101,1.45118,1.50,1.50
2013.04.30 10:42:53.310,1.451,1.45118,1.28,1.50
2013.04.30 10:42:55.230,1.45101,1.45125,1.88,1.13
2013.04.30 10:42:55.361,1.45102,1.45128,1.13,2.03
2013.04.30 10:43:04.844,1.45103,1.45123,1.28,1.50
2013.04.30 10:43:07.782,1.45103,1.45125,1.65,1.13
2013.04.30 10:43:12.188,1.45104,1.45127,1.50,1.50
2013.04.30 10:43:14.111,1.45103,1.45126,2.40,1.50
2013.04.30 10:43:15.600,1.45104,1.45126,1.80,1.50
2013.04.30 10:43:25.121,1.45103,1.45126,1.13,1.50
2013.04.30 10:43:30.940,1.45104,1.45126,1.50,1.50
2013.04.30 10:43:33.120,1.45104,1.45127,1.50,1.50
2013.04.30 10:43:39.510,1.45102,1.45127,1.65,1.50
2013.04.30 10:43:39.645,1.45098,1.45117,1.13,1.50
2013.04.30 10:43:39.717,1.45095,1.45117,2.40,1.50
2013.04.30 10:43:40.154,1.45099,1.45117,1.50,1.50
2013.04.30 10:43:40.294,1.45098,1.45117,1.13,1.50
2013.04.30 10:43:40.693,1.45095,1.45117,1.28,1.50
2013.04.30 10:43:40.774,1.45098,1.45117,1.88,1.50
2013.04.30 10:43:41.289,1.451,1.45117,2.18,1.50
2013.04.30 10:43:42.861,1.45101,1.45124,1.13,1.50
2013.04.30 10:43:43.781,1.45101,1.45124,1.88,1.50
2013.04.30 10:43:44.323,1.45104,1.45124,1.50,1.50
2013.04.30 10:43:57.838,1.45104,1.45126,1.88,1.88
2013.04.30 10:43:58.585,1.45101,1.45124,1.50,2.22
2013.04.30 10:43:58.853,1.45093,1.45117,1.62,2.25
2013.04.30 10:43:58.923,1.45093,1.45117,1.09,3.00
2013.04.30 10:43:59.451,1.45092,1.45117,1.65,1.84
2013.04.30 10:43:59.886,1.45092,1.45111,1.28,1.50
2013.04.30 10:44:00.441,1.45089,1.45111,1.43,1.50
2013.04.30 10:44:01.397,1.4509,1.45107,1.28,1.50
2013.04.30 10:44:01.591,1.45088,1.45107,1.05,1.50
2013.04.30 10:44:01.853,1.45084,1.45107,1.50,1.50
2013.04.30 10:44:02.226,1.45085,1.45107,1.50,1.50
2013.04.30 10:44:05.412,1.45087,1.45109,1.13,3.00
2013.04.30 10:44:05.626,1.45088,1.45109,2.40,3.00
2013.04.30 10:44:06.012,1.45092,1.45109,1.28,1.50
2013.04.30 10:44:06.573,1.45089,1.45109,1.88,1.50
2013.04.30 10:44:09.651,1.45087,1.45108,1.50,1.50
2013.04.30 10:44:09.841,1.45085,1.45108,1.28,1.50
2013.04.30 10:44:11.121,1.45086,1.45109,1.13,1.13
2013.04.30 10:44:11.681,1.45088,1.45113,2.18,3.75
2013.04.30 10:44:14.837,1.45088,1.45109,1.43,1.50
2013.04.30 10:44:15.116,1.45084,1.45105,1.28,2.03
2013.04.30 10:44:15.661,1.45084,1.45109,1.13,2.25
2013.04.30 10:44:16.647,1.45083,1.45109,1.28,2.25
2013.04.30 10:44:17.712,1.45083,1.45108,1.28,1.50
2013.04.30 10:44:23.162,1.45081,1.45105,2.93,1.13
2013.04.30 10:44:25.588,1.45081,1.45105,2.93,1.13
2013.04.30 10:44:27.631,1.45083,1.45109,2.40,1.13
2013.04.30 10:44:28.893,1.45085,1.45107,1.13,1.13
2013.04.30 10:44:29.731,1.45085,1.4511,1.13,1.88
2013.04.30 10:44:29.801,1.45085,1.4511,1.13,1.88
2013.04.30 10:44:32.141,1.45085,1.4511,1.65,1.50
2013.04.30 10:44:32.673,1.45085,1.4511,1.88,1.50
2013.04.30 10:44:33.153,1.45088,1.45111,1.13,1.28
2013.04.30 10:44:35.421,1.45085,1.4511,1.50,2.25
2013.04.30 10:44:43.602,1.45085,1.45108,1.13,1.13
2013.04.30 10:44:44.371,1.45085,1.45108,1.13,1.13
2013.04.30 10:44:44.691,1.45085,1.451,1.13,1.13
2013.04.30 10:44:46.952,1.45076,1.45098,1.65,1.50
2013.04.30 10:44:53.172,1.45075,1.45098,1.13,1.13
2013.04.30 10:44:53.865,1.45075,1.45098,1.13,1.13
2013.04.30 10:44:55.521,1.45078,1.45098,1.05,1.88
2013.04.30 10:44:55.592,1.45077,1.45098,2.03,1.88
2013.04.30 10:44:56.235,1.45075,1.45098,1.13,1.88
2013.04.30 10:45:03.694,1.45081,1.45099,1.13,1.50
2013.04.30 10:45:03.825,1.4508,1.45102,1.13,1.13
2013.04.30 10:45:04.402,1.45078,1.45102,1.50,1.13
2013.04.30 10:45:09.683,1.45076,1.45099,1.65,1.13
2013.04.30 10:45:10.305,1.45079,1.451,1.13,1.13
2013.04.30 10:45:14.315,1.45079,1.45102,1.13,1.88
2013.04.30 10:45:14.387,1.45076,1.45094,2.03,1.50
2013.04.30 10:45:14.465,1.45076,1.45094,1.28,1.50
2013.04.30 10:45:14.732,1.45071,1.45093,1.28,1.88
2013.04.30 10:45:14.861,1.45071,1.45093,1.28,3.75
2013.04.30 10:45:18.193,1.45069,1.45093,1.65,1.50
2013.04.30 10:45:18.262,1.45069,1.45094,2.63,1.13
2013.04.30 10:45:18.632,1.45071,1.45094,1.28,1.13
2013.04.30 10:45:18.942,1.45078,1.45096,1.43,1.13
2013.04.30 10:45:19.191,1.45078,1.45102,1.43,1.50
2013.04.30 10:45:19.262,1.45078,1.45094,1.43,1.50
2013.04.30 10:45:19.331,1.45078,1.45095,1.43,1.50
2013.04.30 10:45:19.641,1.45076,1.45099,1.50,2.25
2013.04.30 10:45:19.711,1.45071,1.45099,2.55,2.25
2013.04.30 10:45:19.784,1.45071,1.45098,2.93,1.50
2013.04.30 10:45:25.681,1.45076,1.451,1.13,3.00
2013.04.30 10:45:26.434,1.45077,1.45101,1.43,2.25
2013.04.30 10:45:28.301,1.45076,1.45101,1.13,2.40
2013.04.30 10:45:28.381,1.45075,1.45098,1.28,1.50
2013.04.30 10:45:28.932,1.45073,1.45098,2.93,1.88
2013.04.30 10:45:30.097,1.45073,1.45094,2.55,1.50
2013.04.30 10:45:30.401,1.4507,1.45094,1.28,1.50
2013.04.30 10:45:31.326,1.4507,1.45089,1.28,1.50
2013.04.30 10:45:31.513,1.45065,1.45089,1.65,1.50
2013.04.30 10:45:32.063,1.45059,1.45083,3.00,1.13
2013.04.30 10:45:32.659,1.45059,1.45085,3.75,1.88
2013.04.30 10:45:33.270,1.45059,1.45085,2.25,1.88
2013.04.30 10:45:34.692,1.45059,1.45085,2.03,1.88
2013.04.30 10:45:35.280,1.45059,1.45085,2.40,3.00
2013.04.30 10:45:38.523,1.45059,1.45082,1.65,1.13
2013.04.30 10:45:39.003,1.45059,1.45083,1.65,1.13
2013.04.30 10:45:40.344,1.4506,1.45083,1.88,2.22
2013.04.30 10:45:40.683,1.45049,1.45072,2.18,1.50
2013.04.30 10:45:40.754,1.45048,1.45072,1.88,3.00
2013.04.30 10:45:41.320,1.45048,1.45072,1.50,1.50
2013.04.30 10:45:43.204,1.45049,1.45075,2.70,1.50
2013.04.30 10:45:43.345,1.45054,1.45075,2.03,1.13
2013.04.30 10:45:43.615,1.45056,1.45081,1.28,1.13
2013.04.30 10:45:43.683,1.45057,1.45081,1.50,1.13
2013.04.30 10:45:43.892,1.45068,1.45088,1.13,1.65
2013.04.30 10:45:44.265,1.4506,1.45083,1.28,1.50
2013.04.30 10:45:44.333,1.45059,1.45083,1.28,1.50
2013.04.30 10:45:44.704,1.45058,1.45083,1.13,1.50
2013.04.30 10:45:44.777,1.45057,1.45084,1.65,1.28
2013.04.30 10:45:51.338,1.45057,1.45081,1.65,1.13
2013.04.30 10:45:51.475,1.45054,1.45081,2.18,1.13
2013.04.30 10:45:52.902,1.45054,1.45078,1.28,4.13
2013.04.30 10:45:54.114,1.45046,1.45069,1.50,1.50
2013.04.30 10:45:54.325,1.45043,1.45069,1.13,4.80
2013.04.30 10:45:55.562,1.45042,1.45066,1.43,1.88
2013.04.30 10:45:56.353,1.45044,1.45064,1.13,1.50
2013.04.30 10:45:56.686,1.45038,1.45066,2.85,3.30
2013.04.30 10:45:56.821,1.45039,1.45066,1.28,1.28
2013.04.30 10:45:58.892,1.45041,1.45068,1.73,2.03
2013.04.30 10:45:58.973,1.45041,1.45063,3.00,1.13
2013.04.30 10:45:59.294,1.45044,1.45065,1.80,1.50
2013.04.30 10:46:00.153,1.45045,1.45067,1.28,1.13
2013.04.30 10:46:00.711,1.45047,1.4507,1.28,1.88
2013.04.30 10:46:02.882,1.45046,1.4507,2.40,1.50
2013.04.30 10:46:03.856,1.45046,1.45072,3.15,1.13
2013.04.30 10:46:05.943,1.45049,1.45074,1.13,3.15
2013.04.30 10:46:06.493,1.45048,1.45073,1.28,2.63
2013.04.30 10:46:07.402,1.45047,1.45069,1.80,1.50
2013.04.30 10:46:07.962,1.45049,1.45069,2.03,1.50
2013.04.30 10:46:08.271,1.45051,1.45069,1.05,1.50
2013.04.30 10:46:09.743,1.45047,1.45069,1.73,1.50
2013.04.30 10:46:09.812,1.45046,1.45069,1.65,1.50
2013.04.30 10:46:09.941,1.45047,1.45069,1.28,1.50
2013.04.30 10:46:10.461,1.45049,1.45069,1.28,1.50
2013.04.30 10:46:11.172,1.45049,1.45073,1.28,3.38
2013.04.30 10:46:12.621,1.45049,1.45068,1.28,1.50
2013.04.30 10:46:12.875,1.45044,1.45068,1.65,1.50
2013.04.30 10:46:12.941,1.45044,1.45068,1.65,1.50
2013.04.30 10:46:13.473,1.45046,1.45068,1.28,1.50
2013.04.30 10:46:13.791,1.45045,1.45068,2.03,1.50
2013.04.30 10:46:14.360,1.45049,1.45068,1.50,1.50
2013.04.30 10:46:15.421,1.4505,1.45072,1.50,1.28
2013.04.30 10:46:16.211,1.45048,1.45071,1.13,1.28
2013.04.30 10:46:16.812,1.45046,1.45069,1.13,2.93
2013.04.30 10:46:16.946,1.45046,1.45066,1.13,1.13
2013.04.30 10:46:17.262,1.45043,1.45059,1.50,1.50
2013.04.30 10:46:17.582,1.4504,1.45055,1.28,1.50
2013.04.30 10:46:19.348,1.45037,1.45057,1.13,1.13
2013.04.30 10:46:19.422,1.45037,1.45057,1.13,1.13
2013.04.30 10:46:19.557,1.45037,1.45057,1.13,1.13
2013.04.30 10:46:20.138,1.45036,1.45057,1.13,1.88
2013.04.30 10:46:23.221,1.45035,1.45056,1.50,1.50
2013.04.30 10:46:24.381,1.45037,1.4506,1.50,1.13
2013.04.30 10:46:25.063,1.4504,1.45061,1.13,1.13
2013.04.30 10:46:25.637,1.45038,1.45061,1.28,2.25
2013.04.30 10:46:25.822,1.45038,1.45061,1.28,1.50
2013.04.30 10:46:27.113,1.45037,1.4506,1.65,1.65
2013.04.30 10:46:29.483,1.45036,1.45059,1.50,1.13
2013.04.30 10:46:32.107,1.45041,1.45059,1.50,1.13
2013.04.30 10:46:32.172,1.45041,1.4506,1.50,1.50
2013.04.30 10:46:32.314,1.45041,1.45062,1.50,1.05
2013.04.30 10:46:32.382,1.45036,1.45056,1.13,1.50
2013.04.30 10:46:32.581,1.45035,1.45056,1.80,1.50
2013.04.30 10:46:33.921,1.45037,1.45059,2.03,1.50
2013.04.30 10:46:33.992,1.45037,1.45063,2.03,2.03
2013.04.30 10:46:34.965,1.45037,1.45061,1.65,1.13
2013.04.30 10:46:35.303,1.45034,1.45059,1.28,1.28
2013.04.30 10:46:35.434,1.45036,1.45059,1.13,1.65
2013.04.30 10:46:38.173,1.45037,1.45061,1.50,1.43
2013.04.30 10:46:38.723,1.45041,1.45065,1.13,1.88
2013.04.30 10:46:39.635,1.45038,1.4506,1.28,1.50
2013.04.30 10:46:39.702,1.45038,1.4506,1.28,1.50
2013.04.30 10:46:40.981,1.45036,1.45055,1.05,1.50
2013.04.30 10:46:41.582,1.45035,1.45055,1.50,1.50
2013.04.30 10:46:42.051,1.45036,1.45055,1.05,1.50
2013.04.30 10:46:42.171,1.45036,1.45059,2.18,1.13
2013.04.30 10:46:43.802,1.45035,1.45057,1.13,1.13
2013.04.30 10:46:44.350,1.45036,1.45059,1.65,1.13
2013.04.30 10:46:44.411,1.45037,1.45059,1.05,1.13
2013.04.30 10:46:46.619,1.45037,1.45059,1.43,1.50
2013.04.30 10:46:47.702,1.45037,1.45059,1.13,1.13
2013.04.30 10:46:50.323,1.45033,1.45056,1.50,1.50
2013.04.30 10:46:50.453,1.45031,1.45054,1.28,1.13
2013.04.30 10:46:53.414,1.45029,1.45051,1.50,1.13
2013.04.30 10:46:53.972,1.45029,1.4505,1.50,2.25
2013.04.30 10:46:54.762,1.45029,1.45051,1.50,1.88
2013.04.30 10:46:54.892,1.45024,1.45051,1.58,1.50
2013.04.30 10:46:56.072,1.45025,1.45051,1.28,1.50
2013.04.30 10:46:56.272,1.45025,1.45051,1.28,3.00
2013.04.30 10:46:56.834,1.45025,1.45047,1.28,1.50
2013.04.30 10:46:57.742,1.45025,1.45054,1.28,2.18
2013.04.30 10:46:57.931,1.45025,1.45054,1.28,2.18
2013.04.30 10:46:58.302,1.45025,1.45054,1.28,1.43
2013.04.30 10:46:58.868,1.45025,1.4505,1.28,1.50
2013.04.30 10:46:59.473,1.45024,1.45053,2.18,1.28
2013.04.30 10:47:00.254,1.45026,1.45053,2.40,1.50
2013.04.30 10:47:00.462,1.45026,1.45053,1.65,1.50
2013.04.30 10:47:00.793,1.45026,1.45052,1.65,1.50
2013.04.30 10:47:01.123,1.45028,1.45052,1.05,1.50
2013.04.30 10:47:01.460,1.45032,1.45055,1.28,1.13
2013.04.30 10:47:01.722,1.45029,1.45055,2.18,1.50
2013.04.30 10:47:02.403,1.45029,1.45055,2.18,1.50
2013.04.30 10:47:03.343,1.45029,1.45051,3.68,1.13
2013.04.30 10:47:08.472,1.45029,1.45051,2.55,1.13
2013.04.30 10:47:08.549,1.45029,1.45048,1.05,2.25
2013.04.30 10:47:08.694,1.45028,1.45048,1.28,1.50
2013.04.30 10:47:10.932,1.45027,1.45049,2.03,1.13
2013.04.30 10:47:12.073,1.45027,1.45049,1.50,1.13
2013.04.30 10:47:12.841,1.45027,1.45047,1.50,1.50
2013.04.30 10:47:13.313,1.45024,1.45046,1.28,1.13
2013.04.30 10:47:15.154,1.45027,1.45046,1.50,1.50
2013.04.30 10:47:15.282,1.45027,1.4505,1.50,1.50
2013.04.30 10:47:15.831,1.45027,1.45049,1.50,1.13
2013.04.30 10:47:16.352,1.45027,1.45048,1.50,1.50
2013.04.30 10:47:17.942,1.45027,1.45047,1.50,1.50
2013.04.30 10:47:18.565,1.45027,1.45046,1.50,1.50
2013.04.30 10:47:19.802,1.45023,1.45046,1.43,1.88
2013.04.30 10:47:21.077,1.45023,1.45044,1.43,1.13
2013.04.30 10:47:21.145,1.45023,1.45041,1.05,1.13
2013.04.30 10:47:21.283,1.45017,1.45041,1.43,1.50
2013.04.30 10:47:21.352,1.45016,1.45038,2.40,1.13
2013.04.30 10:47:21.672,1.45016,1.45037,1.88,1.13
2013.04.30 10:47:23.111,1.45016,1.45035,1.50,1.13
2013.04.30 10:47:23.631,1.45012,1.45035,1.05,1.50
2013.04.30 10:47:24.227,1.45012,1.45034,1.05,1.13
2013.04.30 10:47:24.855,1.45011,1.45033,1.05,1.13
2013.04.30 10:47:27.013,1.4501,1.45031,1.43,1.13
2013.04.30 10:47:27.269,1.45007,1.45027,1.43,1.88
2013.04.30 10:47:27.873,1.45007,1.45031,2.18,1.50
2013.04.30 10:47:28.432,1.4501,1.45034,1.43,2.25
2013.04.30 10:47:30.743,1.45012,1.45034,2.03,1.13
2013.04.30 10:47:31.092,1.45012,1.45034,2.03,2.25
2013.04.30 10:47:31.952,1.4501,1.45033,1.43,1.50
2013.04.30 10:47:32.235,1.45008,1.4503,1.58,1.13
2013.04.30 10:47:32.306,1.45004,1.45023,1.05,1.13
2013.04.30 10:47:32.432,1.45003,1.45023,1.28,1.13
2013.04.30 10:47:32.988,1.44997,1.45023,1.05,1.13
2013.04.30 10:47:33.413,1.45,1.45026,2.55,1.50
2013.04.30 10:47:33.975,1.45,1.45026,2.25,1.65
2013.04.30 10:47:36.302,1.45,1.45027,2.63,1.43
2013.04.30 10:47:36.374,1.45005,1.45027,1.50,1.05
2013.04.30 10:47:36.752,1.45005,1.45028,1.50,1.13
2013.04.30 10:47:37.412,1.45001,1.45024,2.55,1.50
2013.04.30 10:47:37.781,1.44997,1.45024,1.43,1.13
2013.04.30 10:47:39.784,1.45003,1.45026,2.03,1.50
2013.04.30 10:47:39.923,1.45003,1.45028,2.40,1.13
2013.04.30 10:47:40.547,1.45003,1.45028,3.15,1.13
2013.04.30 10:47:42.128,1.45008,1.45029,1.50,1.50
2013.04.30 10:47:42.266,1.45008,1.45033,2.03,1.50
2013.04.30 10:47:51.702,1.45016,1.45035,1.13,1.50
2013.04.30 10:47:51.833,1.45018,1.45045,1.43,3.34
2013.04.30 10:47:51.973,1.45016,1.45043,2.03,1.62
2013.04.30 10:47:52.101,1.45015,1.45038,2.10,1.50
2013.04.30 10:47:52.233,1.45015,1.4504,2.10,1.50
2013.04.30 10:47:52.432,1.45016,1.4504,1.80,1.50
2013.04.30 10:47:52.931,1.45017,1.45041,2.03,1.13
2013.04.30 10:47:56.552,1.45015,1.45042,1.65,1.28
2013.04.30 10:47:56.623,1.45015,1.45041,1.28,1.13
2013.04.30 10:47:56.944,1.45005,1.45031,2.07,1.65
2013.04.30 10:47:57.265,1.45,1.4502,1.24,1.50
2013.04.30 10:47:57.403,1.44998,1.4502,2.25,1.50
2013.04.30 10:47:58.062,1.44998,1.4502,1.50,1.50
2013.04.30 10:47:59.582,1.44998,1.4502,2.25,1.50
2013.04.30 10:48:00.174,1.45,1.45024,1.50,1.13
2013.04.30 10:48:02.412,1.45,1.45023,1.05,1.50
2013.04.30 10:48:02.992,1.44997,1.45023,1.13,2.25
2013.04.30 10:48:03.482,1.44998,1.45023,1.50,1.13
2013.04.30 10:48:03.813,1.44997,1.45022,2.03,1.32
2013.04.30 10:48:04.382,1.44997,1.4502,1.50,1.28
2013.04.30 10:48:05.121,1.4499,1.45018,1.80,1.88
2013.04.30 10:48:05.776,1.44992,1.45017,1.80,1.13
2013.04.30 10:48:06.321,1.44992,1.45018,3.30,1.13
2013.04.30 10:48:09.421,1.44992,1.45017,1.88,1.28
2013.04.30 10:48:09.741,1.44992,1.45016,1.50,1.28
2013.04.30 10:48:09.872,1.44992,1.45016,1.50,1.28
2013.04.30 10:48:10.692,1.44988,1.45014,2.03,2.48
2013.04.30 10:48:10.762,1.44988,1.45011,1.43,2.03
2013.04.30 10:48:10.831,1.44983,1.45011,1.43,2.03
2013.04.30 10:48:12.306,1.44985,1.4501,1.28,1.50
2013.04.30 10:48:12.613,1.44979,1.45007,1.80,1.13
2013.04.30 10:48:12.802,1.44976,1.45007,1.43,2.70
2013.04.30 10:48:13.364,1.44978,1.45008,3.30,2.18
2013.04.30 10:48:15.499,1.44985,1.45009,1.65,2.25
2013.04.30 10:48:15.854,1.44985,1.45012,2.85,1.50
2013.04.30 10:48:15.936,1.44992,1.45015,1.13,1.65
2013.04.30 10:48:17.876,1.44989,1.45016,1.65,1.65
2013.04.30 10:48:18.483,1.44991,1.45016,1.05,1.13
2013.04.30 10:48:19.919,1.44992,1.45016,2.03,1.13
2013.04.30 10:48:20.113,1.44991,1.45014,1.28,1.13
2013.04.30 10:48:20.363,1.44988,1.45012,1.13,1.28
2013.04.30 10:48:20.882,1.44989,1.45012,1.13,1.80
2013.04.30 10:48:21.443,1.44989,1.45013,1.13,1.43
2013.04.30 10:48:24.162,1.44989,1.45013,1.28,1.50
2013.04.30 10:48:29.629,1.44989,1.45012,2.03,2.03
2013.04.30 10:48:30.321,1.44989,1.45012,2.03,2.03
2013.04.30 10:48:30.841,1.44989,1.45012,2.03,1.65
2013.04.30 10:48:30.913,1.44989,1.45015,2.03,1.50
2013.04.30 10:48:31.810,1.44992,1.45015,1.80,1.13
2013.04.30 10:48:32.125,1.44993,1.45016,1.28,1.50
2013.04.30 10:48:32.803,1.44995,1.45015,1.80,1.13
2013.04.30 10:48:32.992,1.44994,1.45016,1.28,1.50
2013.04.30 10:48:33.064,1.44995,1.45016,1.28,1.50
2013.04.30 10:48:37.944,1.44995,1.45023,2.93,2.03
2013.04.30 10:48:41.132,1.44997,1.45024,1.65,1.88
2013.04.30 10:48:43.335,1.44998,1.45024,1.13,1.13
2013.04.30 10:48:45.144,1.44996,1.45022,1.28,1.65
2013.04.30 10:48:47.393,1.44997,1.45023,1.05,2.78
2013.04.30 10:48:47.583,1.44996,1.45023,1.05,2.78
2013.04.30 10:48:47.712,1.44996,1.45023,2.18,2.03
2013.04.30 10:48:52.208,1.44998,1.45023,1.13,1.13
2013.04.30 10:48:52.275,1.44998,1.45023,1.13,1.13
2013.04.30 10:48:56.003,1.45002,1.45023,1.05,1.13
2013.04.30 10:48:56.355,1.44998,1.45023,1.80,1.13
2013.04.30 10:48:57.724,1.44996,1.45022,1.50,1.13
2013.04.30 10:49:01.049,1.44998,1.45022,1.13,2.25
2013.04.30 10:49:04.036,1.44996,1.45022,1.50,2.25
2013.04.30 10:49:11.179,1.44998,1.45022,1.50,2.40
2013.04.30 10:49:13.569,1.44999,1.45027,2.40,3.38
2013.04.30 10:49:13.717,1.44999,1.45027,1.65,2.63
2013.04.30 10:49:15.935,1.44999,1.45025,1.65,2.63
2013.04.30 10:49:16.500,1.45,1.45025,1.50,1.13
2013.04.30 10:49:18.247,1.44995,1.45023,1.13,1.05
2013.04.30 10:49:18.611,1.44994,1.45019,1.13,3.23
2013.04.30 10:49:18.984,1.44989,1.45015,1.58,1.20
2013.04.30 10:49:19.612,1.44987,1.45013,1.50,3.68
2013.04.30 10:49:20.002,1.44987,1.45013,1.50,1.43
2013.04.30 10:49:20.312,1.4499,1.45013,1.50,2.55
2013.04.30 10:49:21.172,1.44989,1.45013,1.13,2.03
2013.04.30 10:49:22.194,1.44988,1.45014,1.88,2.93
2013.04.30 10:49:23.572,1.44989,1.45014,1.88,1.28
2013.04.30 10:49:25.142,1.44993,1.45016,2.10,1.28
2013.04.30 10:49:25.664,1.44994,1.45016,1.35,1.28
2013.04.30 10:49:29.364,1.44994,1.45016,2.10,1.28
2013.04.30 10:49:29.432,1.44994,1.45016,2.10,1.13
2013.04.30 10:49:30.014,1.44996,1.45021,1.13,1.65
2013.04.30 10:49:31.902,1.44997,1.45021,1.28,1.13
2013.04.30 10:49:33.173,1.44997,1.45021,1.28,2.25
2013.04.30 10:49:36.252,1.44997,1.45021,1.28,1.50
2013.04.30 10:49:36.505,1.44997,1.45021,2.03,1.50
2013.04.30 10:49:37.592,1.44997,1.45021,1.65,1.50
2013.04.30 10:49:38.209,1.44995,1.45022,2.93,1.88
2013.04.30 10:49:41.312,1.44995,1.4502,2.55,1.13
2013.04.30 10:49:47.633,1.44997,1.4502,1.28,1.13
2013.04.30 10:49:47.823,1.44999,1.45024,1.13,1.05
2013.04.30 10:49:49.802,1.45,1.45024,1.28,1.13
2013.04.30 10:49:53.789,1.44998,1.45022,1.13,1.13
2013.04.30 10:49:55.486,1.44999,1.45022,1.88,1.43
2013.04.30 10:49:56.154,1.44999,1.45022,1.13,1.43
2013.04.30 10:49:56.826,1.44999,1.45022,1.13,1.43
2013.04.30 10:50:00.498,1.45,1.45024,1.13,1.80
2013.04.30 10:50:03.714,1.45,1.45024,1.50,1.80
2013.04.30 10:50:04.973,1.45,1.45024,1.13,1.05
2013.04.30 10:50:05.231,1.44999,1.45024,1.13,1.80
2013.04.30 10:50:06.463,1.45,1.45024,1.50,1.05
2013.04.30 10:50:12.103,1.45,1.45026,1.28,2.25
2013.04.30 10:50:12.673,1.45,1.45026,1.13,2.03
2013.04.30 10:50:13.242,1.44999,1.45025,1.13,1.65
2013.04.30 10:50:28.611,1.44999,1.45022,1.13,2.55
2013.04.30 10:50:30.381,1.45,1.45023,1.13,1.28
2013.04.30 10:50:32.723,1.45,1.45023,1.13,1.65
2013.04.30 10:50:33.171,1.45,1.45026,1.50,1.88
2013.04.30 10:50:33.492,1.45002,1.45023,1.13,1.13
2013.04.30 10:50:34.555,1.45001,1.45021,1.50,1.13
2013.04.30 10:50:34.695,1.45,1.45022,1.13,1.95
2013.04.30 10:50:35.372,1.45003,1.45022,1.13,1.43
2013.04.30 10:50:38.042,1.45001,1.45021,1.13,1.13
2013.04.30 10:50:38.750,1.45001,1.45021,1.13,1.65
2013.04.30 10:50:38.824,1.45001,1.45024,1.13,1.80
2013.04.30 10:50:38.890,1.45001,1.45022,1.13,1.65
2013.04.30 10:50:40.973,1.45005,1.45022,1.13,1.28
2013.04.30 10:50:41.292,1.45005,1.45026,1.13,1.88
2013.04.30 10:50:41.942,1.45001,1.45026,1.13,1.13
2013.04.30 10:50:42.887,1.44997,1.45023,1.13,1.88
2013.04.30 10:50:42.953,1.44997,1.45023,1.13,1.13
2013.04.30 10:50:43.943,1.44997,1.45019,1.13,1.65
2013.04.30 10:50:45.152,1.44997,1.45023,1.88,3.15
2013.04.30 10:50:45.374,1.45,1.45023,1.13,2.03
2013.04.30 10:50:51.706,1.45,1.45023,1.13,2.03
2013.04.30 10:50:52.723,1.44998,1.45023,1.13,2.18
2013.04.30 10:50:52.851,1.44994,1.4502,1.28,2.25
2013.04.30 10:50:53.054,1.44991,1.45019,2.40,1.28
2013.04.30 10:50:55.557,1.44992,1.45018,1.13,1.88
2013.04.30 10:50:59.393,1.44991,1.45016,1.13,1.65
2013.04.30 10:51:00.482,1.44992,1.45016,1.28,1.13
2013.04.30 10:51:03.562,1.44992,1.45016,1.50,1.28
2013.04.30 10:51:07.985,1.44989,1.45015,1.28,1.50
2013.04.30 10:51:08.057,1.44987,1.45013,1.13,1.50
2013.04.30 10:51:08.186,1.44987,1.4501,1.13,1.95
2013.04.30 10:51:08.513,1.44982,1.45009,1.88,1.43
2013.04.30 10:51:08.583,1.44981,1.45009,1.28,1.43
2013.04.30 10:51:08.921,1.44981,1.45008,1.28,1.88
2013.04.30 10:51:10.997,1.44982,1.45009,1.13,2.18
2013.04.30 10:51:11.634,1.44983,1.4501,1.13,2.70
2013.04.30 10:51:13.656,1.44983,1.45009,1.13,2.18
2013.04.30 10:51:14.241,1.44983,1.45009,1.50,2.93
2013.04.30 10:51:20.743,1.44983,1.45007,1.13,1.50
2013.04.30 10:51:21.303,1.44985,1.45007,1.50,1.50
2013.04.30 10:51:22.347,1.44986,1.45007,1.13,1.13
2013.04.30 10:51:22.630,1.44987,1.45009,1.50,1.65
2013.04.30 10:51:23.533,1.44987,1.4501,1.50,1.43
2013.04.30 10:51:25.241,1.44987,1.45006,1.13,1.13
2013.04.30 10:51:26.307,1.44987,1.4501,1.13,2.55
2013.04.30 10:51:26.442,1.44987,1.4501,1.13,2.55
2013.04.30 10:51:29.383,1.44987,1.4501,1.13,1.50
2013.04.30 10:51:31.152,1.44984,1.45008,1.50,1.50
2013.04.30 10:51:31.222,1.44983,1.45008,1.28,1.50
2013.04.30 10:51:31.741,1.44982,1.45005,1.80,1.50
2013.04.30 10:51:38.000,1.44982,1.45006,2.18,1.50
2013.04.30 10:51:42.234,1.44982,1.45007,2.18,1.50
2013.04.30 10:51:42.833,1.44982,1.45003,1.43,1.13
2013.04.30 10:51:43.364,1.44982,1.45003,1.05,1.50
2013.04.30 10:51:43.743,1.44981,1.45005,1.05,1.13
2013.04.30 10:51:44.295,1.44979,1.45005,1.88,1.65
2013.04.30 10:51:44.370,1.44979,1.45006,1.88,1.13
2013.04.30 10:51:44.574,1.44979,1.45007,2.78,1.88
2013.04.30 10:51:45.082,1.44983,1.45007,1.65,1.50
2013.04.30 10:51:45.602,1.44983,1.45009,1.65,1.50
2013.04.30 10:51:45.863,1.44984,1.45008,1.13,1.50
2013.04.30 10:51:46.008,1.44987,1.45009,1.88,1.13
2013.04.30 10:51:46.072,1.44987,1.45012,1.88,1.28
2013.04.30 10:51:46.144,1.44987,1.45013,1.13,2.18
2013.04.30 10:51:46.815,1.44987,1.45012,1.13,1.65
2013.04.30 10:51:46.884,1.44989,1.45015,1.28,1.50
2013.04.30 10:51:48.782,1.44991,1.45014,1.50,1.13
2013.04.30 10:51:49.882,1.44993,1.45015,2.25,1.88
2013.04.30 10:51:50.049,1.44996,1.45022,1.88,1.13
2013.04.30 10:51:54.656,1.44996,1.4502,1.50,1.28
2013.04.30 10:51:54.902,1.44991,1.45019,2.03,1.65
2013.04.30 10:51:57.784,1.44991,1.45013,1.65,1.13
2013.04.30 10:52:00.117,1.44991,1.45013,2.78,1.13
2013.04.30 10:52:00.337,1.44995,1.45016,1.73,1.13
2013.04.30 10:52:00.614,1.44996,1.45023,1.13,3.90
2013.04.30 10:52:01.170,1.44999,1.45023,1.50,1.50
2013.04.30 10:52:01.852,1.44998,1.45023,1.28,1.13
2013.04.30 10:52:06.013,1.44992,1.4501,1.43,1.65
2013.04.30 10:52:06.089,1.4499,1.45011,1.28,1.50
2013.04.30 10:52:06.436,1.44988,1.45014,1.88,1.28
2013.04.30 10:52:06.504,1.44986,1.45014,1.28,2.03
2013.04.30 10:52:06.573,1.44988,1.45014,1.13,1.13
2013.04.30 10:52:06.701,1.44988,1.45014,1.13,1.13
2013.04.30 10:52:07.712,1.44988,1.45014,1.13,1.28
2013.04.30 10:52:07.983,1.44988,1.45016,1.50,4.43
2013.04.30 10:52:10.943,1.44986,1.45012,1.65,2.78
2013.04.30 10:52:11.132,1.44985,1.45011,3.72,2.63
2013.04.30 10:52:12.033,1.44983,1.45008,1.50,2.25
2013.04.30 10:52:12.103,1.44982,1.45008,1.28,3.00
2013.04.30 10:52:12.232,1.44981,1.45008,2.63,3.00
2013.04.30 10:52:12.753,1.44981,1.45008,1.88,1.65
2013.04.30 10:52:15.051,1.44981,1.45008,2.63,2.40
2013.04.30 10:52:16.383,1.4498,1.45003,1.05,1.13
2013.04.30 10:52:16.937,1.44979,1.45005,1.13,1.65
2013.04.30 10:52:18.064,1.44981,1.45005,1.13,1.28
2013.04.30 10:52:18.254,1.44981,1.45008,2.40,1.65
2013.04.30 10:52:21.732,1.44981,1.45006,1.28,1.28
2013.04.30 10:52:21.802,1.44977,1.45006,1.80,2.18
2013.04.30 10:52:21.871,1.44978,1.45006,1.50,3.68
2013.04.30 10:52:22.445,1.44977,1.45006,1.80,2.78
2013.04.30 10:52:23.009,1.44977,1.45005,1.80,2.03
2013.04.30 10:52:23.992,1.44977,1.45005,1.80,2.03
2013.04.30 10:52:27.559,1.44977,1.45005,1.43,2.78
2013.04.30 10:52:27.813,1.44978,1.45006,2.25,1.05
2013.04.30 10:52:28.344,1.44979,1.45006,1.50,1.05
2013.04.30 10:52:29.017,1.44978,1.45006,3.00,1.05
2013.04.30 10:52:29.547,1.44979,1.45006,1.50,1.05
2013.04.30 10:52:30.673,1.44985,1.45006,1.13,1.05
2013.04.30 10:52:30.743,1.44985,1.45009,1.13,1.28
2013.04.30 10:52:33.293,1.44982,1.45009,1.50,1.65
2013.04.30 10:52:33.482,1.44981,1.45009,1.13,2.40
2013.04.30 10:52:35.441,1.44982,1.45012,1.28,3.45
2013.04.30 10:52:35.682,1.44982,1.45012,1.28,3.38
2013.04.30 10:52:37.217,1.4498,1.45008,1.65,1.28
2013.04.30 10:52:41.112,1.44981,1.45008,1.65,1.28
2013.04.30 10:52:43.580,1.44981,1.45008,1.65,1.28
2013.04.30 10:52:44.843,1.44981,1.45008,1.65,1.65
2013.04.30 10:52:44.972,1.44981,1.45002,1.65,2.40
2013.04.30 10:52:45.283,1.4497,1.45001,2.03,2.63
2013.04.30 10:52:45.713,1.44975,1.45002,2.03,3.30
2013.04.30 10:52:46.203,1.44975,1.45,1.05,1.13
2013.04.30 10:52:47.192,1.44972,1.44996,1.43,1.50
2013.04.30 10:52:48.169,1.4497,1.44996,1.43,1.88
2013.04.30 10:52:49.402,1.44967,1.44993,1.65,2.63
2013.04.30 10:52:49.795,1.44967,1.4499,1.65,1.13
2013.04.30 10:52:50.432,1.44967,1.44991,1.43,1.13
2013.04.30 10:52:51.065,1.44969,1.44993,1.05,1.88
2013.04.30 10:52:53.654,1.44968,1.44992,2.03,1.88
2013.04.30 10:52:54.023,1.44968,1.44992,1.43,1.88
2013.04.30 10:53:00.484,1.4497,1.44998,1.05,1.13
2013.04.30 10:53:00.675,1.44975,1.44998,1.13,1.13
2013.04.30 10:53:01.064,1.44976,1.44998,1.13,1.13
2013.04.30 10:53:01.394,1.4498,1.45006,1.05,1.13
2013.04.30 10:53:03.612,1.4498,1.45006,1.43,1.50
2013.04.30 10:53:05.392,1.4498,1.45005,1.05,1.13
2013.04.30 10:53:05.832,1.4498,1.45005,1.05,1.65
2013.04.30 10:53:06.335,1.4498,1.45004,1.05,1.65
2013.04.30 10:53:08.014,1.4498,1.45004,1.05,1.28
2013.04.30 10:53:09.924,1.4498,1.45004,1.05,1.28
2013.04.30 10:53:14.951,1.4498,1.45005,1.43,1.28
2013.04.30 10:53:15.097,1.44977,1.45,1.43,1.50
2013.04.30 10:53:15.284,1.44974,1.45002,1.65,1.65
2013.04.30 10:53:15.903,1.4498,1.45002,1.65,1.13
2013.04.30 10:53:15.973,1.44982,1.45002,1.28,1.13
2013.04.30 10:53:16.163,1.44981,1.45007,2.18,1.13
2013.04.30 10:53:16.352,1.44986,1.45008,1.65,1.13
2013.04.30 10:53:16.962,1.44986,1.45012,2.18,1.88
2013.04.30 10:53:17.230,1.44983,1.45012,1.05,2.03
2013.04.30 10:53:18.792,1.44983,1.45012,1.05,2.40
2013.04.30 10:53:19.922,1.44983,1.45011,1.05,1.13
2013.04.30 10:53:21.503,1.44983,1.45007,1.05,1.13
2013.04.30 10:53:22.072,1.44983,1.45007,1.05,1.88
2013.04.30 10:53:23.469,1.44983,1.45008,1.05,1.50
2013.04.30 10:53:23.742,1.44983,1.45008,1.05,1.13
2013.04.30 10:53:23.937,1.44984,1.45011,1.28,2.63
2013.04.30 10:53:24.122,1.44985,1.45012,1.80,1.50
2013.04.30 10:53:24.812,1.44985,1.45008,1.80,1.13
2013.04.30 10:53:26.513,1.44985,1.45008,1.05,1.13
2013.04.30 10:53:26.654,1.44984,1.45008,2.33,1.13
2013.04.30 10:53:27.196,1.44984,1.45008,1.80,1.13
2013.04.30 10:53:27.323,1.44984,1.45011,1.80,2.03
2013.04.30 10:53:29.386,1.44989,1.45014,2.40,2.40
2013.04.30 10:53:29.694,1.4499,1.45016,1.05,1.13
2013.04.30 10:53:29.933,1.44989,1.45016,2.55,1.13
2013.04.30 10:53:30.252,1.44991,1.45014,1.43,1.58
2013.04.30 10:53:30.382,1.44989,1.45013,2.55,1.13
2013.04.30 10:53:31.051,1.44989,1.45009,1.05,1.13
2013.04.30 10:53:31.131,1.44984,1.45007,1.43,1.13
2013.04.30 10:53:31.463,1.44983,1.45007,1.05,1.13
2013.04.30 10:53:31.949,1.44984,1.45007,1.43,1.13
2013.04.30 10:53:32.294,1.44984,1.45005,1.05,1.13
2013.04.30 10:53:32.851,1.44984,1.45003,1.05,1.13
2013.04.30 10:53:33.312,1.44984,1.45003,1.05,1.13
2013.04.30 10:53:33.564,1.44984,1.45003,1.05,1.13
2013.04.30 10:53:33.794,1.44984,1.45003,1.05,1.13
2013.04.30 10:53:34.524,1.44984,1.45009,1.43,1.50
2013.04.30 10:53:34.714,1.44986,1.4501,1.28,1.13
2013.04.30 10:53:34.842,1.44986,1.45008,1.28,1.13
2013.04.30 10:53:36.932,1.44987,1.45008,1.80,1.13
2013.04.30 10:53:38.933,1.44987,1.4501,1.80,1.13
2013.04.30 10:53:39.010,1.44987,1.45012,1.43,1.13
2013.04.30 10:53:39.144,1.44989,1.45014,1.28,1.13
2013.04.30 10:53:39.356,1.44991,1.45014,1.05,1.13
2013.04.30 10:53:40.205,1.44991,1.45012,1.05,1.13
2013.04.30 10:53:43.453,1.44991,1.4501,1.05,1.13
2013.04.30 10:53:45.892,1.44991,1.45011,1.05,1.13
2013.04.30 10:53:46.781,1.44991,1.45011,1.05,1.13
2013.04.30 10:53:54.582,1.44991,1.45013,1.05,1.88
2013.04.30 10:53:54.854,1.44991,1.45013,1.43,1.50
2013.04.30 10:53:55.222,1.44995,1.45016,1.28,1.65
2013.04.30 10:53:55.413,1.44991,1.45014,1.43,1.13
2013.04.30 10:53:58.857,1.44991,1.45014,1.43,1.13
2013.04.30 10:53:59.141,1.44991,1.45017,2.18,1.13
2013.04.30 10:53:59.368,1.44993,1.45016,2.03,1.13
2013.04.30 10:54:00.056,1.44995,1.45015,1.28,1.28
2013.04.30 10:54:00.373,1.44995,1.45016,1.28,1.28
2013.04.30 10:54:00.451,1.44992,1.45014,1.05,1.13
2013.04.30 10:54:00.866,1.44992,1.45014,1.05,1.13
2013.04.30 10:54:01.653,1.44992,1.45013,1.80,1.13
2013.04.30 10:54:01.972,1.44989,1.45013,1.05,1.13
2013.04.30 10:54:04.632,1.44992,1.45013,1.05,1.13
2013.04.30 10:54:05.534,1.44992,1.45014,1.05,1.13
2013.04.30 10:54:06.342,1.44993,1.45017,1.28,1.28
2013.04.30 10:54:06.412,1.44993,1.45014,1.28,1.13
2013.04.30 10:54:06.624,1.44993,1.45015,1.65,1.28
2013.04.30 10:54:13.553,1.44993,1.45015,1.28,1.28
2013.04.30 10:54:21.623,1.44993,1.45012,2.03,1.13
2013.04.30 10:54:22.144,1.44994,1.45011,1.28,1.13
2013.04.30 10:54:26.661,1.44992,1.45011,1.80,1.13
2013.04.30 10:54:26.843,1.44992,1.45015,2.55,1.13
2013.04.30 10:54:30.101,1.44993,1.45017,1.28,1.13
2013.04.30 10:54:30.231,1.44994,1.45017,1.20,1.13
2013.04.30 10:54:30.303,1.44995,1.45017,1.05,1.13
2013.04.30 10:54:30.562,1.44994,1.45015,1.28,1.13
2013.04.30 10:54:31.033,1.44994,1.45017,1.80,1.88
2013.04.30 10:54:31.826,1.44994,1.45014,1.28,1.13
2013.04.30 10:54:33.253,1.44991,1.45014,2.03,1.88
2013.04.30 10:54:33.327,1.44991,1.45014,2.55,1.13
2013.04.30 10:54:33.832,1.44994,1.45014,1.20,1.13
2013.04.30 10:54:36.633,1.44994,1.45014,1.58,1.13
2013.04.30 10:54:36.824,1.44995,1.45014,1.13,1.13
2013.04.30 10:54:37.023,1.44995,1.45016,1.65,1.13
2013.04.30 10:54:37.803,1.44995,1.45018,2.03,3.53
2013.04.30 10:54:37.933,1.44997,1.45018,1.05,2.78
2013.04.30 10:54:38.005,1.44997,1.45018,1.05,1.28
2013.04.30 10:54:40.073,1.44999,1.45021,1.65,1.50
2013.04.30 10:54:40.273,1.45,1.45026,1.28,1.13
2013.04.30 10:54:40.733,1.45003,1.45025,1.65,1.13
2013.04.30 10:54:41.258,1.45003,1.45029,1.28,1.28
2013.04.30 10:54:41.324,1.45003,1.45023,1.28,1.13
2013.04.30 10:54:42.676,1.45,1.45025,1.28,1.13
2013.04.30 10:54:43.583,1.45,1.45025,1.28,1.13
2013.04.30 10:54:43.962,1.44999,1.45023,2.78,1.13
2013.04.30 10:54:44.095,1.44997,1.45023,1.50,1.13
2013.04.30 10:54:44.402,1.44997,1.4502,1.13,3.00
2013.04.30 10:54:44.901,1.44994,1.45016,1.28,1.50
2013.04.30 10:54:46.344,1.44993,1.45015,1.43,1.13
2013.04.30 10:54:46.663,1.44996,1.45018,2.03,1.28
2013.04.30 10:54:46.981,1.44999,1.45019,1.05,1.65
2013.04.30 10:54:47.625,1.44999,1.45022,1.05,1.50
2013.04.30 10:54:51.392,1.45,1.45022,2.03,2.63
2013.04.30 10:54:53.042,1.45001,1.45018,1.28,1.28
2013.04.30 10:54:53.112,1.45001,1.45018,1.28,1.28
2013.04.30 10:54:55.051,1.45003,1.45022,1.43,1.13
2013.04.30 10:54:56.603,1.45003,1.45019,1.05,1.13
2013.04.30 10:54:58.264,1.44999,1.45022,2.93,1.88
2013.04.30 10:55:00.503,1.44999,1.45018,1.80,1.13
2013.04.30 10:55:01.824,1.44999,1.45018,1.80,1.13
2013.04.30 10:55:03.733,1.44999,1.4502,1.80,2.03
2013.04.30 10:55:05.693,1.44997,1.45018,1.28,2.25
2013.04.30 10:55:05.764,1.44992,1.45018,2.40,3.00
2013.04.30 10:55:06.927,1.44995,1.45013,1.13,1.13
2013.04.30 10:55:07.025,1.45,1.45023,1.13,1.13
2013.04.30 10:55:07.363,1.45002,1.45026,1.80,1.28
2013.04.30 10:55:08.002,1.45003,1.45025,1.65,1.28
2013.04.30 10:55:08.503,1.45003,1.45027,1.65,1.13
2013.04.30 10:55:08.644,1.45005,1.45027,1.88,1.13
2013.04.30 10:55:08.988,1.45011,1.45031,1.13,1.50
2013.04.30 10:55:09.337,1.45012,1.45034,2.18,1.50
2013.04.30 10:55:09.407,1.45014,1.45035,1.43,1.13
2013.04.30 10:55:09.618,1.45018,1.45044,2.03,1.13
2013.04.30 10:55:09.934,1.4502,1.45041,1.05,2.03
2013.04.30 10:55:10.123,1.45018,1.45038,1.28,1.50
2013.04.30 10:55:10.622,1.45012,1.45037,1.65,1.50
2013.04.30 10:55:11.157,1.45012,1.45033,1.65,1.28
2013.04.30 10:55:11.224,1.45011,1.45033,1.80,1.28
2013.04.30 10:55:12.655,1.45011,1.45031,1.43,1.50
2013.04.30 10:55:12.863,1.45005,1.45027,1.28,3.38
2013.04.30 10:55:12.994,1.45004,1.45031,1.43,2.40
2013.04.30 10:55:13.069,1.45005,1.45029,1.65,1.50
2013.04.30 10:55:13.203,1.45008,1.45031,1.50,1.50
2013.04.30 10:55:13.334,1.45008,1.45033,1.65,2.25
2013.04.30 10:55:13.881,1.45008,1.45033,1.43,2.25
2013.04.30 10:55:14.223,1.45008,1.4503,2.18,1.28
2013.04.30 10:55:14.743,1.45008,1.45028,2.18,1.28
2013.04.30 10:55:16.015,1.45007,1.45032,1.28,1.13
2013.04.30 10:55:16.213,1.45007,1.45028,1.28,1.13
2013.04.30 10:55:16.944,1.45007,1.45028,1.65,1.13
2013.04.30 10:55:20.912,1.45005,1.45026,1.65,1.13
2013.04.30 10:55:21.262,1.45007,1.45031,1.28,1.13
2013.04.30 10:55:25.225,1.45007,1.45029,1.28,1.28
2013.04.30 10:55:29.056,1.45006,1.45026,1.28,1.13
2013.04.30 10:55:32.996,1.45009,1.45026,1.13,1.13
2013.04.30 10:55:33.193,1.45011,1.45031,1.50,1.50
2013.04.30 10:55:33.323,1.45016,1.45032,1.13,1.50
2013.04.30 10:55:33.513,1.45016,1.45035,1.13,1.13
2013.04.30 10:55:33.584,1.45018,1.45035,1.13,1.13
2013.04.30 10:55:33.655,1.45018,1.45036,1.13,1.13
2013.04.30 10:55:33.725,1.45014,1.45036,2.03,1.13
2013.04.30 10:55:33.985,1.45006,1.45029,1.65,1.13
2013.04.30 10:55:34.356,1.45008,1.45029,1.13,1.13
2013.04.30 10:55:35.284,1.45008,1.4503,1.13,1.13
2013.04.30 10:55:35.355,1.45007,1.4503,1.50,1.13
2013.04.30 10:55:35.812,1.45008,1.45029,1.13,1.13
2013.04.30 10:55:38.196,1.45008,1.45029,1.13,1.13
2013.04.30 10:55:40.345,1.45006,1.45029,2.03,1.13
2013.04.30 10:55:41.119,1.45006,1.45029,2.03,1.13
2013.04.30 10:55:42.877,1.45008,1.45029,1.13,1.13
2013.04.30 10:55:43.844,1.4501,1.4503,1.13,1.13
2013.04.30 10:55:45.343,1.45007,1.45031,2.25,1.13
2013.04.30 10:55:48.572,1.45009,1.45031,1.13,1.13
2013.04.30 10:55:49.074,1.45009,1.45031,1.13,1.13
2013.04.30 10:55:50.823,1.45009,1.45031,1.13,1.13
2013.04.30 10:55:50.893,1.45009,1.45032,1.13,1.28
2013.04.30 10:55:51.093,1.45011,1.45033,1.13,1.88
2013.04.30 10:55:53.813,1.45013,1.45035,2.03,1.13
2013.04.30 10:55:54.517,1.45012,1.45035,2.18,1.13
2013.04.30 10:55:54.903,1.45011,1.45035,1.13,1.13
2013.04.30 10:55:55.033,1.45009,1.45033,1.28,1.50
2013.04.30 10:55:55.164,1.45008,1.4503,1.65,1.13
2013.04.30 10:56:03.555,1.45008,1.4503,2.03,1.13
2013.04.30 10:56:04.003,1.4501,1.45033,1.13,1.50
2013.04.30 10:56:04.522,1.45012,1.45033,1.43,2.25
2013.04.30 10:56:06.044,1.45012,1.45033,2.18,1.50
2013.04.30 10:56:07.567,1.45012,1.45032,1.80,1.13
2013.04.30 10:56:07.708,1.45007,1.45028,1.80,1.28
2013.04.30 10:56:08.386,1.45005,1.45029,1.28,1.28
2013.04.30 10:56:10.643,1.45005,1.45028,1.28,1.28
2013.04.30 10:56:13.823,1.45005,1.45028,1.28,1.28
2013.04.30 10:56:13.963,1.45002,1.45026,2.03,1.13
2013.04.30 10:56:18.933,1.45001,1.45025,2.18,1.13
2013.04.30 10:56:20.831,1.45001,1.45022,1.05,1.13
2013.04.30 10:56:21.649,1.45001,1.45021,1.05,1.13
2013.04.30 10:56:21.972,1.45001,1.45019,1.05,1.13
2013.04.30 10:56:24.097,1.44999,1.45022,1.13,2.40
2013.04.30 10:56:24.702,1.44999,1.45022,1.88,2.40
2013.04.30 10:56:25.304,1.44999,1.45022,2.25,1.28
2013.04.30 10:56:25.812,1.45,1.45021,1.50,1.13
2013.04.30 10:56:25.894,1.44998,1.45019,1.28,1.50
2013.04.30 10:56:26.039,1.44999,1.45024,1.50,1.28
2013.04.30 10:56:27.679,1.45002,1.45024,1.13,1.28
2013.04.30 10:56:29.614,1.45003,1.45024,1.65,1.28
2013.04.30 10:56:32.544,1.45006,1.45024,1.13,1.13
2013.04.30 10:56:33.892,1.45006,1.45028,1.13,1.13
2013.04.30 10:56:37.373,1.45008,1.45028,1.13,1.13
2013.04.30 10:56:37.926,1.4501,1.45029,1.13,1.13
2013.04.30 10:56:38.455,1.45008,1.45027,1.13,1.88
2013.04.30 10:56:45.534,1.45008,1.45027,1.13,1.13
2013.04.30 10:56:45.923,1.45008,1.45026,1.13,2.25
2013.04.30 10:56:48.114,1.45006,1.45022,1.43,1.13
2013.04.30 10:56:49.580,1.45005,1.45022,1.13,1.50
2013.04.30 10:56:50.054,1.45002,1.45022,1.65,1.50
2013.04.30 10:56:50.311,1.45004,1.45022,1.13,1.50
2013.04.30 10:56:50.954,1.45008,1.45022,1.13,1.50
2013.04.30 10:56:52.091,1.45008,1.45028,1.13,1.28
2013.04.30 10:56:53.973,1.45009,1.45028,1.13,1.28
2013.04.30 10:56:54.102,1.45009,1.45028,1.13,1.28
2013.04.30 10:56:54.172,1.45009,1.45028,1.13,1.28
2013.04.30 10:56:54.830,1.45009,1.45028,1.13,1.13
2013.04.30 10:56:57.893,1.45012,1.45028,1.13,1.13
2013.04.30 10:56:58.439,1.45009,1.45028,1.13,1.13
2013.04.30 10:56:58.974,1.45008,1.45028,1.13,2.63
2013.04.30 10:57:00.574,1.45008,1.45027,1.13,1.13
2013.04.30 10:57:04.064,1.45015,1.45033,1.13,1.50
2013.04.30 10:57:04.253,1.45016,1.45033,1.13,1.50
2013.04.30 10:57:04.382,1.45016,1.45037,1.50,1.50
2013.04.30 10:57:04.922,1.45017,1.45039,1.50,1.65
2013.04.30 10:57:04.993,1.45019,1.45041,1.13,2.03
2013.04.30 10:57:06.483,1.45019,1.45041,1.50,1.13
2013.04.30 10:57:08.435,1.45021,1.45039,1.13,1.13
2013.04.30 10:57:08.503,1.45021,1.45043,1.13,1.80
2013.04.30 10:57:09.180,1.45021,1.45039,2.25,1.13
2013.04.30 10:57:13.454,1.45021,1.45039,1.50,1.13
2013.04.30 10:57:14.002,1.45021,1.4504,1.13,1.13
2013.04.30 10:57:14.874,1.45022,1.4504,1.88,1.13
2013.04.30 10:57:15.063,1.45019,1.4504,1.50,1.65
2013.04.30 10:57:16.144,1.45018,1.45039,2.25,1.28
2013.04.30 10:57:16.695,1.45018,1.45039,2.25,1.28
2013.04.30 10:57:17.550,1.45016,1.45036,1.50,1.13
2013.04.30 10:57:19.087,1.45018,1.45039,1.13,1.28
2013.04.30 10:57:19.334,1.4502,1.45042,1.13,1.80
2013.04.30 10:57:19.582,1.4502,1.4504,1.13,1.13
2013.04.30 10:57:20.263,1.4502,1.45043,1.13,1.65
2013.04.30 10:57:20.333,1.4502,1.45043,1.13,1.65
2013.04.30 10:57:20.463,1.45019,1.45042,1.13,1.65
2013.04.30 10:57:20.791,1.45015,1.45037,1.13,1.13
2013.04.30 10:57:21.092,1.45015,1.45036,1.13,1.28
2013.04.30 10:57:21.612,1.45014,1.45037,1.50,1.13
2013.04.30 10:57:22.194,1.45014,1.45037,1.50,1.13
2013.04.30 10:57:22.565,1.45014,1.45037,1.50,1.13
2013.04.30 10:57:23.052,1.45014,1.45038,1.50,1.80
2013.04.30 10:57:23.552,1.45014,1.45041,1.50,1.43
2013.04.30 10:57:23.883,1.45019,1.45042,1.13,1.65
2013.04.30 10:57:37.486,1.45019,1.45043,2.03,1.50
2013.04.30 10:57:38.028,1.4502,1.45042,1.13,1.13
2013.04.30 10:57:38.603,1.45021,1.45043,1.13,1.65
2013.04.30 10:57:39.394,1.45021,1.45043,1.13,1.13
2013.04.30 10:57:39.903,1.4502,1.45043,1.13,1.13
2013.04.30 10:57:40.032,1.4502,1.45041,1.13,1.13
2013.04.30 10:57:40.584,1.4502,1.4504,1.13,1.28
2013.04.30 10:57:41.092,1.4502,1.45041,1.13,2.03
2013.04.30 10:57:42.023,1.4502,1.45046,4.43,1.28
2013.04.30 10:57:42.214,1.45024,1.45046,1.13,1.28
2013.04.30 10:57:42.463,1.45024,1.45045,1.13,1.13
2013.04.30 10:57:43.474,1.45027,1.4505,1.13,1.50
2013.04.30 10:57:44.962,1.45027,1.45051,1.13,1.28
2013.04.30 10:57:45.153,1.45027,1.45055,2.78,2.03
2013.04.30 10:57:45.463,1.45034,1.45057,1.13,1.13
2013.04.30 10:57:45.777,1.45033,1.45059,1.88,1.65
2013.04.30 10:57:46.326,1.45034,1.4506,1.13,2.18
2013.04.30 10:57:47.164,1.45034,1.45058,1.13,1.65
2013.04.30 10:57:47.424,1.45038,1.45058,1.13,1.65
2013.04.30 10:57:47.494,1.45038,1.45058,1.13,1.65
2013.04.30 10:57:47.996,1.45035,1.45055,1.13,1.65
2013.04.30 10:57:48.305,1.45033,1.45054,1.13,2.03
2013.04.30 10:57:48.874,1.45023,1.4505,2.40,2.03
2013.04.30 10:57:49.073,1.45023,1.45051,1.65,2.40
2013.04.30 10:57:49.203,1.45027,1.45051,1.28,3.15
2013.04.30 10:57:49.705,1.45031,1.45053,1.28,1.50
2013.04.30 10:57:49.953,1.45031,1.45053,1.28,1.50
2013.04.30 10:57:50.144,1.45033,1.45053,1.13,1.13
2013.04.30 10:57:50.214,1.45033,1.45053,1.13,1.13
2013.04.30 10:57:50.404,1.45033,1.4506,1.65,2.03
2013.04.30 10:57:51.904,1.45035,1.45053,1.28,1.13
2013.04.30 10:57:52.035,1.45033,1.45052,1.43,1.50
2013.04.30 10:57:52.354,1.45032,1.45052,1.65,1.50
2013.04.30 10:57:52.487,1.45033,1.45053,1.13,1.13
2013.04.30 10:57:52.874,1.45033,1.4505,1.13,1.13
2013.04.30 10:57:53.216,1.45035,1.4505,1.13,1.13
2013.04.30 10:57:53.544,1.45037,1.45057,1.13,2.22
2013.04.30 10:57:53.782,1.45037,1.45057,1.13,1.28
2013.04.30 10:57:53.996,1.45037,1.45057,1.13,1.28
2013.04.30 10:57:56.045,1.45037,1.45057,1.13,2.40
2013.04.30 10:57:56.115,1.45032,1.45054,1.13,1.13
2013.04.30 10:57:56.615,1.45032,1.45054,1.13,1.88
2013.04.30 10:57:58.258,1.45034,1.45057,1.13,2.03
2013.04.30 10:57:58.445,1.45037,1.45057,1.13,1.13
2013.04.30 10:57:58.643,1.45037,1.45059,1.13,1.84
2013.04.30 10:57:58.967,1.45032,1.45057,1.65,1.65
2013.04.30 10:57:59.495,1.45033,1.45054,1.13,1.13
2013.04.30 10:57:59.563,1.45031,1.45054,1.13,1.13
2013.04.30 10:58:02.563,1.45032,1.45057,1.65,1.50
2013.04.30 10:58:02.872,1.45032,1.45055,1.65,1.13
2013.04.30 10:58:03.374,1.45031,1.45055,1.43,1.88
2013.04.30 10:58:03.876,1.45031,1.45051,1.43,1.13
2013.04.30 10:58:04.263,1.45032,1.45049,1.28,1.13
2013.04.30 10:58:04.963,1.4503,1.45054,1.80,1.28
2013.04.30 10:58:05.770,1.45031,1.45056,1.13,2.78
2013.04.30 10:58:05.840,1.45031,1.45056,1.88,1.28
2013.04.30 10:58:09.383,1.45033,1.45059,2.03,1.13
2013.04.30 10:58:10.254,1.45033,1.4506,2.40,2.78
2013.04.30 10:58:11.744,1.45034,1.4506,1.28,2.78
2013.04.30 10:58:12.052,1.45038,1.4506,1.73,1.50
2013.04.30 10:58:12.523,1.45039,1.4506,1.73,1.50
2013.04.30 10:58:12.853,1.45038,1.4506,1.73,1.50
2013.04.30 10:58:12.923,1.45038,1.45063,2.48,2.18
2013.04.30 10:58:12.993,1.45039,1.45063,1.73,1.43
2013.04.30 10:58:13.564,1.45037,1.45062,1.13,1.65
2013.04.30 10:58:16.795,1.45037,1.45062,1.65,1.13
2013.04.30 10:58:17.360,1.4504,1.45062,1.13,1.13
2013.04.30 10:58:17.774,1.4504,1.45062,1.13,3.00
2013.04.30 10:58:18.304,1.45037,1.45061,1.13,1.28
2013.04.30 10:58:20.623,1.45034,1.4506,1.50,2.03
2013.04.30 10:58:21.093,1.45034,1.4506,1.50,2.40
2013.04.30 10:58:21.685,1.45034,1.4506,1.50,2.40
2013.04.30 10:58:23.509,1.45035,1.4506,1.13,1.28
2013.04.30 10:58:24.259,1.45033,1.45057,1.65,1.13
2013.04.30 10:58:24.384,1.45036,1.45057,1.13,1.13
2013.04.30 10:58:25.583,1.45036,1.45061,1.13,1.65
2013.04.30 10:58:26.113,1.4504,1.45061,1.13,1.28
2013.04.30 10:58:28.408,1.4504,1.45063,1.13,1.13
2013.04.30 10:58:29.193,1.45038,1.45063,2.03,1.88
2013.04.30 10:58:29.324,1.45038,1.45063,1.28,1.13
2013.04.30 10:58:29.395,1.45038,1.4506,1.28,1.13
2013.04.30 10:58:29.853,1.45036,1.45059,1.43,1.13
2013.04.30 10:58:30.172,1.45036,1.45056,1.13,2.25
2013.04.30 10:58:30.485,1.45035,1.45058,1.13,1.13
2013.04.30 10:58:30.992,1.45035,1.45058,1.13,1.13
2013.04.30 10:58:32.812,1.45035,1.45059,1.13,1.88
2013.04.30 10:58:33.458,1.45035,1.45059,1.13,1.88
2013.04.30 10:58:33.969,1.45036,1.45059,1.13,1.88
2013.04.30 10:58:35.451,1.45048,1.45064,2.03,1.13
2013.04.30 10:58:35.635,1.45046,1.45064,1.05,1.13
2013.04.30 10:58:35.708,1.45044,1.45064,1.43,1.13
2013.04.30 10:58:36.093,1.45045,1.45064,1.13,1.13
2013.04.30 10:58:36.222,1.45045,1.4507,1.13,1.28
2013.04.30 10:58:36.603,1.45044,1.45068,1.13,1.13
2013.04.30 10:58:37.114,1.4504,1.45067,1.65,1.88
2013.04.30 10:58:38.344,1.4504,1.45066,1.28,3.00
2013.04.30 10:58:42.301,1.45039,1.45064,1.88,1.28
2013.04.30 10:58:42.525,1.45035,1.45059,1.43,1.88
2013.04.30 10:58:42.934,1.45033,1.45059,2.03,1.88
2013.04.30 10:58:43.234,1.45033,1.45058,1.65,1.50
2013.04.30 10:58:43.422,1.45026,1.45047,1.20,1.50
2013.04.30 10:58:43.552,1.45024,1.45047,1.65,1.88
2013.04.30 10:58:43.822,1.4502,1.45045,2.40,1.13
2013.04.30 10:58:44.374,1.4502,1.45043,1.65,2.25
2013.04.30 10:58:45.793,1.4502,1.45043,2.40,1.50
2013.04.30 10:58:46.212,1.4502,1.45043,2.03,1.88
2013.04.30 10:58:46.520,1.45024,1.45044,1.28,2.25
2013.04.30 10:58:47.824,1.45024,1.45044,1.65,1.13
2013.04.30 10:58:48.297,1.45025,1.45047,1.28,1.50
2013.04.30 10:58:49.819,1.45026,1.45047,1.50,1.50
2013.04.30 10:58:53.905,1.45027,1.45051,1.13,2.03
2013.04.30 10:58:54.416,1.45027,1.4505,2.18,1.13
2013.04.30 10:58:55.226,1.45027,1.45051,2.18,1.13
2013.04.30 10:58:56.463,1.45027,1.45048,1.80,1.28
2013.04.30 10:58:57.250,1.45025,1.4505,1.50,2.25
2013.04.30 10:59:01.115,1.45026,1.4505,1.13,1.80
2013.04.30 10:59:01.624,1.45022,1.45047,1.13,1.50
2013.04.30 10:59:02.184,1.45022,1.45047,1.13,2.25
2013.04.30 10:59:02.923,1.45021,1.45047,1.28,2.63
2013.04.30 10:59:03.852,1.4502,1.45045,1.65,1.13
2013.04.30 10:59:04.176,1.45019,1.45046,1.50,4.65
2013.04.30 10:59:04.733,1.45019,1.45041,1.50,1.28
2013.04.30 10:59:05.674,1.45017,1.45041,1.88,1.28
2013.04.30 10:59:05.744,1.45017,1.45041,1.88,1.28
2013.04.30 10:59:05.877,1.45017,1.45037,1.50,1.13
2013.04.30 10:59:06.003,1.45009,1.45036,1.65,1.13
2013.04.30 10:59:06.079,1.45009,1.45036,1.65,1.88
2013.04.30 10:59:07.063,1.45008,1.45031,1.43,1.50
2013.04.30 10:59:07.384,1.45004,1.45029,1.13,2.18
2013.04.30 10:59:07.695,1.45004,1.45026,1.13,1.13
2013.04.30 10:59:08.126,1.45004,1.45024,1.13,1.50
2013.04.30 10:59:10.194,1.44998,1.45022,1.13,1.65
2013.04.30 10:59:10.263,1.44998,1.45022,1.13,1.80
2013.04.30 10:59:10.822,1.44997,1.45019,1.13,1.43
2013.04.30 10:59:12.503,1.44997,1.4502,1.13,1.28
2013.04.30 10:59:13.133,1.44994,1.45017,1.13,1.13
2013.04.30 10:59:13.476,1.44984,1.45008,2.22,1.50
2013.04.30 10:59:13.614,1.44985,1.45012,1.69,1.28
2013.04.30 10:59:13.686,1.44986,1.4501,1.13,1.13
2013.04.30 10:59:14.274,1.44986,1.4501,1.13,1.13
2013.04.30 10:59:14.351,1.44974,1.45001,1.28,2.18
2013.04.30 10:59:14.624,1.44971,1.44996,1.13,1.28
2013.04.30 10:59:15.185,1.44968,1.44994,2.25,1.28
2013.04.30 10:59:15.536,1.44967,1.44993,3.00,1.13
2013.04.30 10:59:16.333,1.44969,1.44996,1.65,1.13
2013.04.30 10:59:16.653,1.44971,1.44996,3.30,1.13
2013.04.30 10:59:16.865,1.44971,1.44997,2.93,1.50
2013.04.30 10:59:17.053,1.44976,1.45002,1.13,1.84
2013.04.30 10:59:17.553,1.44978,1.45003,1.13,1.28
2013.04.30 10:59:17.864,1.44981,1.45007,2.55,1.50
2013.04.30 10:59:18.435,1.44983,1.45009,1.13,1.28
2013.04.30 10:59:19.003,1.44983,1.4501,2.03,2.78
2013.04.30 10:59:20.076,1.44983,1.4501,2.78,2.03
2013.04.30 10:59:20.895,1.44984,1.4501,1.28,1.28
2013.04.30 10:59:21.637,1.44986,1.4501,1.50,1.65
2013.04.30 10:59:22.194,1.44989,1.4501,1.50,1.88
2013.04.30 10:59:22.513,1.44982,1.45008,2.78,2.25
2013.04.30 10:59:23.853,1.44982,1.45007,2.78,1.50
2013.04.30 10:59:23.923,1.44982,1.45008,2.40,3.53
2013.04.30 10:59:24.234,1.44983,1.45005,1.13,1.13
2013.04.30 10:59:24.305,1.44981,1.45005,1.13,1.13
2013.04.30 10:59:24.815,1.44981,1.45005,1.13,1.13
2013.04.30 10:59:28.931,1.44977,1.45003,1.65,1.13
2013.04.30 10:59:29.853,1.44977,1.45002,1.65,1.13
2013.04.30 10:59:30.118,1.44975,1.44998,1.88,1.50
2013.04.30 10:59:30.556,1.44976,1.44996,1.88,1.13
2013.04.30 10:59:30.914,1.44975,1.44996,1.50,1.13
2013.04.30 10:59:30.985,1.44974,1.44996,1.28,2.63
2013.04.30 10:59:31.425,1.44972,1.44983,1.05,1.50
2013.04.30 10:59:31.500,1.44968,1.44983,1.28,1.50
2013.04.30 10:59:31.754,1.4496,1.44987,2.93,1.28
2013.04.30 10:59:33.226,1.4496,1.44987,1.43,1.65
2013.04.30 10:59:34.178,1.44963,1.44983,1.28,1.13
2013.04.30 10:59:34.618,1.44958,1.44977,1.13,1.13
2013.04.30 10:59:34.827,1.44953,1.44977,1.13,1.13
2013.04.30 10:59:35.038,1.44954,1.44977,1.13,1.13
2013.04.30 10:59:35.182,1.44954,1.44981,2.78,1.43
2013.04.30 10:59:35.325,1.44959,1.44981,1.50,1.43
2013.04.30 10:59:36.066,1.4496,1.44984,1.13,1.43
2013.04.30 10:59:36.551,1.4496,1.44985,1.50,1.50
2013.04.30 10:59:37.363,1.4496,1.44986,1.13,1.13
2013.04.30 10:59:37.904,1.4496,1.44987,1.13,2.25
2013.04.30 10:59:37.974,1.44958,1.4498,1.28,1.65
2013.04.30 10:59:38.164,1.44952,1.44977,1.43,1.13
2013.04.30 10:59:38.614,1.44952,1.44975,1.05,1.88
2013.04.30 10:59:38.754,1.4495,1.44966,1.28,2.40
2013.04.30 10:59:38.825,1.44944,1.44966,1.65,2.40
2013.04.30 10:59:39.538,1.4494,1.44965,1.65,1.65
2013.04.30 10:59:39.936,1.44939,1.44964,1.43,1.50
2013.04.30 10:59:40.693,1.44938,1.44957,1.65,1.65
2013.04.30 10:59:40.942,1.44934,1.44956,1.50,1.65
2013.04.30 10:59:41.073,1.44934,1.44957,1.95,1.84
2013.04.30 10:59:41.894,1.44936,1.44956,1.65,2.40
2013.04.30 10:59:41.965,1.44936,1.44956,1.13,3.90
2013.04.30 10:59:42.223,1.4493,1.44953,1.43,1.50
2013.04.30 10:59:43.924,1.4493,1.44955,2.93,2.25
2013.04.30 10:59:43.993,1.44931,1.44955,1.65,2.25
2013.04.30 10:59:44.065,1.44931,1.44955,2.40,1.50
2013.04.30 10:59:44.194,1.44932,1.44955,1.28,1.50
2013.04.30 10:59:45.180,1.44932,1.44954,2.55,1.50
2013.04.30 10:59:45.495,1.44932,1.44946,1.05,1.50
2013.04.30 10:59:45.744,1.44925,1.44946,1.80,3.00
2013.04.30 10:59:45.877,1.44925,1.44946,1.13,1.50
2013.04.30 10:59:46.005,1.44927,1.4495,1.50,2.25
2013.04.30 10:59:46.075,1.44929,1.44951,2.25,2.18
2013.04.30 10:59:46.633,1.44929,1.44955,1.50,1.88
2013.04.30 10:59:47.593,1.44929,1.44953,1.50,1.50
2013.04.30 10:59:47.853,1.44917,1.44946,1.65,1.65
2013.04.30 10:59:50.065,1.44921,1.44946,1.65,1.99
2013.04.30 10:59:50.136,1.44921,1.44937,1.65,1.65
2013.04.30 10:59:50.453,1.44917,1.44937,2.25,1.65
2013.04.30 10:59:50.527,1.44918,1.4494,1.50,2.03
2013.04.30 10:59:54.109,1.44923,1.44946,1.50,2.03
2013.04.30 10:59:54.671,1.44921,1.44946,1.50,2.03
2013.04.30 10:59:55.715,1.44921,1.44946,1.50,2.03
2013.04.30 10:59:55.917,1.44921,1.44946,1.13,1.65
2013.04.30 10:59:56.223,1.4492,1.44945,1.65,1.50
2013.04.30 10:59:56.473,1.44919,1.44944,2.55,2.25
2013.04.30 10:59:57.014,1.4492,1.44944,1.65,2.25
2013.04.30 10:59:57.196,1.44921,1.44944,1.13,2.25
2013.04.30 10:59:57.394,1.44925,1.44948,1.13,1.43
2013.04.30 10:59:58.345,1.44921,1.44946,1.88,2.78
2013.04.30 10:59:58.535,1.44919,1.44942,2.18,1.50
2013.04.30 10:59:58.807,1.44919,1.44926,1.05,1.13
2013.04.30 10:59:58.950,1.44914,1.44924,1.05,1.50
2013.04.30 10:59:59.370,1.44904,1.44915,1.24,1.28
2013.04.30 10:59:59.508,1.44901,1.44913,1.50,1.50
2013.04.30 10:59:59.720,1.44896,1.44913,1.05,2.25
2013.04.30 10:59:59.937,1.44891,1.44914,1.09,2.03
