2015.07.06 12:00:00.162,1.47115,1.47149,1.00,1.00
2015.07.06 12:00:00.264,1.47116,1.47147,1.00,1.00
2015.07.06 12:00:00.569,1.4712,1.47147,1.00,1.00
2015.07.06 12:00:00.621,1.47116,1.47147,1.00,1.00
2015.07.06 12:00:00.708,1.47116,1.47149,1.00,1.00
2015.07.06 12:00:00.862,1.4712,1.47149,1.00,1.00
2015.07.06 12:00:01.213,1.47115,1.47147,1.00,1.00
2015.07.06 12:00:01.315,1.47113,1.47147,1.00,1.00
2015.07.06 12:00:01.674,1.47123,1.47147,1.00,1.00
2015.07.06 12:00:01.930,1.47126,1.47154,1.00,1.00
2015.07.06 12:00:02.200,1.47133,1.47164,1.00,1.37
2015.07.06 12:00:02.251,1.47138,1.47166,1.00,1.37
2015.07.06 12:00:02.403,1.47138,1.4717,1.00,1.12
2015.07.06 12:00:02.915,1.47137,1.4717,1.50,1.00
2015.07.06 12:00:03.631,1.47137,1.4717,2.25,1.37
2015.07.06 12:00:04.222,1.47137,1.4717,2.25,1.00
2015.07.06 12:00:04.465,1.47137,1.47172,2.25,1.87
2015.07.06 12:00:04.516,1.47142,1.47169,1.00,1.00
2015.07.06 12:00:04.567,1.47142,1.47175,1.00,1.37
2015.07.06 12:00:04.720,1.47142,1.47169,1.00,1.00
2015.07.06 12:00:05.270,1.47142,1.47175,1.00,1.37
2015.07.06 12:00:05.372,1.47141,1.47167,1.00,1.00
2015.07.06 12:00:05.423,1.47137,1.47167,1.00,1.00
2015.07.06 12:00:05.895,1.47135,1.47167,1.50,1.00
2015.07.06 12:00:07.412,1.47133,1.47167,1.87,1.00
2015.07.06 12:00:07.565,1.47135,1.47167,1.00,1.00
2015.07.06 12:00:07.667,1.47133,1.47167,1.00,1.00
2015.07.06 12:00:08.178,1.47134,1.47167,1.00,1.00
2015.07.06 12:00:09.301,1.47133,1.47167,1.00,1.00
2015.07.06 12:00:09.680,1.47132,1.47163,1.00,1.00
2015.07.06 12:00:09.887,1.47128,1.47163,1.50,1.50
2015.07.06 12:00:10.994,1.47128,1.47161,1.50,1.12
2015.07.06 12:00:11.300,1.47126,1.47156,1.00,1.50
2015.07.06 12:00:11.848,1.47131,1.47156,1.84,1.50
2015.07.06 12:00:11.899,1.47134,1.47157,1.00,1.00
2015.07.06 12:00:11.950,1.47125,1.47157,1.00,1.00
2015.07.06 12:00:12.451,1.47126,1.47157,1.00,1.00
2015.07.06 12:00:13.130,1.47124,1.47157,1.00,1.00
2015.07.06 12:00:13.488,1.47126,1.47157,1.00,1.00
2015.07.06 12:00:13.742,1.47124,1.47157,1.00,1.00
2015.07.06 12:00:14.486,1.47125,1.47157,1.00,1.00
2015.07.06 12:00:14.537,1.47137,1.47157,1.84,1.00
2015.07.06 12:00:14.742,1.47136,1.47157,1.37,1.00
2015.07.06 12:00:14.793,1.47141,1.47159,1.00,1.00
2015.07.06 12:00:14.845,1.47141,1.47169,1.00,1.37
2015.07.06 12:00:14.897,1.4714,1.47169,1.00,1.37
2015.07.06 12:00:14.999,1.47137,1.47169,1.12,1.37
2015.07.06 12:00:15.203,1.47131,1.47161,1.87,1.00
2015.07.06 12:00:15.520,1.47128,1.47161,1.00,1.00
2015.07.06 12:00:15.622,1.47126,1.47156,1.50,1.00
2015.07.06 12:00:15.930,1.4711,1.47145,1.34,1.00
2015.07.06 12:00:16.032,1.4711,1.47145,1.50,1.00
2015.07.06 12:00:16.236,1.4712,1.47139,1.00,1.00
2015.07.06 12:00:16.501,1.4711,1.47139,1.00,1.00
2015.07.06 12:00:16.603,1.47115,1.47139,1.00,1.00
2015.07.06 12:00:16.923,1.47121,1.47139,1.00,1.00
2015.07.06 12:00:18.237,1.47121,1.47144,1.00,1.00
2015.07.06 12:00:18.883,1.47111,1.47139,1.00,1.00
2015.07.06 12:00:19.036,1.47111,1.47135,1.00,1.50
2015.07.06 12:00:19.445,1.47116,1.47135,1.00,1.50
2015.07.06 12:00:19.650,1.47111,1.47139,1.00,1.00
2015.07.06 12:00:20.060,1.47106,1.47139,1.00,1.00
2015.07.06 12:00:20.113,1.47111,1.47139,1.00,1.00
2015.07.06 12:00:20.317,1.47106,1.47139,1.00,1.00
2015.07.06 12:00:20.674,1.47111,1.47139,1.00,1.00
2015.07.06 12:00:22.207,1.47106,1.47139,1.50,1.00
2015.07.06 12:00:22.720,1.47112,1.4714,1.00,1.00
2015.07.06 12:00:22.771,1.47112,1.47144,1.00,1.00
2015.07.06 12:00:25.591,1.47111,1.47144,1.00,1.00
2015.07.06 12:00:25.947,1.47111,1.47138,1.50,1.00
2015.07.06 12:00:26.454,1.4711,1.47138,1.00,1.00
2015.07.06 12:00:26.962,1.47111,1.47138,1.00,1.00
2015.07.06 12:00:27.638,1.4711,1.47138,1.00,1.00
2015.07.06 12:00:28.148,1.47111,1.47138,1.00,1.00
2015.07.06 12:00:28.250,1.47107,1.47138,1.00,1.00
2015.07.06 12:00:28.787,1.47107,1.47132,1.00,1.00
2015.07.06 12:00:29.099,1.47097,1.47127,1.37,1.00
2015.07.06 12:00:30.061,1.47101,1.47127,1.00,1.00
2015.07.06 12:00:31.563,1.47105,1.47127,1.00,1.00
2015.07.06 12:00:32.913,1.471,1.47127,1.00,1.00
2015.07.06 12:00:33.411,1.47106,1.47127,1.00,1.00
2015.07.06 12:00:33.665,1.47106,1.47134,1.00,1.00
2015.07.06 12:00:33.716,1.471,1.47134,1.00,1.00
2015.07.06 12:00:37.344,1.47105,1.47134,1.00,1.12
2015.07.06 12:00:38.019,1.47121,1.47137,1.00,1.00
2015.07.06 12:00:38.070,1.47121,1.47141,1.00,2.25
2015.07.06 12:00:38.121,1.47114,1.4715,1.00,1.50
2015.07.06 12:00:38.172,1.47117,1.47152,1.37,1.00
2015.07.06 12:00:38.224,1.47124,1.47158,1.00,1.71
2015.07.06 12:00:38.326,1.47122,1.47158,1.00,1.34
2015.07.06 12:00:38.541,1.47122,1.47158,1.00,1.71
2015.07.06 12:00:38.643,1.47118,1.47154,1.00,1.00
2015.07.06 12:00:38.745,1.47121,1.47154,1.00,1.00
2015.07.06 12:00:39.288,1.4712,1.47154,1.50,1.50
2015.07.06 12:00:39.593,1.4712,1.4715,1.00,1.00
2015.07.06 12:00:40.096,1.4712,1.47151,1.00,1.00
2015.07.06 12:00:40.311,1.47122,1.47154,1.00,1.00
2015.07.06 12:00:40.464,1.47125,1.47154,1.50,1.00
2015.07.06 12:00:41.244,1.47125,1.47157,1.50,1.46
2015.07.06 12:00:41.295,1.47121,1.47153,1.00,1.00
2015.07.06 12:00:41.404,1.47119,1.47153,1.00,1.50
2015.07.06 12:00:41.455,1.47118,1.47142,1.00,1.00
2015.07.06 12:00:41.506,1.47116,1.47142,1.00,1.00
2015.07.06 12:00:41.558,1.47111,1.47142,1.50,1.00
2015.07.06 12:00:41.660,1.47106,1.47135,1.50,1.00
2015.07.06 12:00:41.762,1.47104,1.47135,1.00,1.00
2015.07.06 12:00:41.864,1.47108,1.47135,1.00,1.00
2015.07.06 12:00:41.966,1.47104,1.47135,1.00,1.00
2015.07.06 12:00:42.370,1.47101,1.47135,1.34,1.50
2015.07.06 12:00:42.898,1.47101,1.47135,1.00,1.50
2015.07.06 12:00:43.051,1.47103,1.47135,1.00,1.00
2015.07.06 12:00:43.204,1.47099,1.47135,1.87,1.50
2015.07.06 12:00:43.533,1.47103,1.47135,2.21,1.00
2015.07.06 12:00:43.586,1.47109,1.47141,1.50,1.00
2015.07.06 12:00:43.791,1.4711,1.47143,1.00,1.00
2015.07.06 12:00:43.843,1.47114,1.47144,1.00,1.50
2015.07.06 12:00:44.098,1.47117,1.4715,1.00,1.00
2015.07.06 12:00:44.149,1.4712,1.4715,1.00,1.00
2015.07.06 12:00:44.302,1.47124,1.47157,1.00,1.37
2015.07.06 12:00:44.804,1.47123,1.47157,1.00,1.87
2015.07.06 12:00:46.411,1.47126,1.47157,1.00,1.12
2015.07.06 12:00:46.854,1.47122,1.47156,1.00,1.50
2015.07.06 12:00:47.057,1.47122,1.47152,1.00,1.00
2015.07.06 12:00:47.261,1.4712,1.47152,1.00,1.50
2015.07.06 12:00:47.363,1.47116,1.47151,2.25,1.00
2015.07.06 12:00:47.465,1.47116,1.47137,1.00,1.00
2015.07.06 12:00:47.518,1.47109,1.47137,1.34,1.00
2015.07.06 12:00:47.672,1.47104,1.47137,1.00,1.00
2015.07.06 12:00:48.089,1.471,1.47132,1.00,1.00
2015.07.06 12:00:48.395,1.47091,1.47122,1.87,1.00
2015.07.06 12:00:48.998,1.4709,1.47122,1.50,1.00
2015.07.06 12:00:49.304,1.47092,1.47122,1.00,1.00
2015.07.06 12:00:49.407,1.47092,1.47125,1.50,1.00
2015.07.06 12:00:50.520,1.47092,1.47125,1.46,1.00
2015.07.06 12:00:50.571,1.47097,1.47126,1.37,1.00
2015.07.06 12:00:50.624,1.47097,1.47132,1.87,1.50
2015.07.06 12:00:50.676,1.47099,1.47132,1.00,1.50
2015.07.06 12:00:50.779,1.47097,1.4713,1.50,1.00
2015.07.06 12:00:51.580,1.47099,1.47132,1.00,1.50
2015.07.06 12:00:51.886,1.471,1.47128,1.75,1.00
2015.07.06 12:00:51.989,1.47106,1.47133,1.12,1.00
2015.07.06 12:00:52.090,1.47108,1.47139,1.00,1.00
2015.07.06 12:00:52.440,1.47106,1.47138,1.12,1.00
2015.07.06 12:00:52.796,1.471,1.47133,1.50,1.00
2015.07.06 12:00:53.674,1.471,1.47133,1.00,1.34
2015.07.06 12:00:53.827,1.47093,1.47129,2.62,1.50
2015.07.06 12:00:53.878,1.47093,1.47127,2.62,1.00
2015.07.06 12:00:54.185,1.47091,1.47118,1.71,1.00
2015.07.06 12:00:54.237,1.47091,1.47122,1.71,1.00
2015.07.06 12:00:54.547,1.47092,1.47125,1.71,2.25
2015.07.06 12:00:54.598,1.47097,1.47125,1.00,1.00
2015.07.06 12:00:54.700,1.47101,1.47131,1.00,1.00
2015.07.06 12:00:54.856,1.47106,1.47127,1.00,1.00
2015.07.06 12:00:54.958,1.471,1.47127,1.00,1.00
2015.07.06 12:00:55.111,1.471,1.47125,1.00,1.00
2015.07.06 12:00:55.512,1.47097,1.47125,1.00,1.00
2015.07.06 12:00:55.667,1.47097,1.47127,1.00,1.00
2015.07.06 12:00:55.718,1.47097,1.47131,1.50,1.00
2015.07.06 12:00:58.947,1.47099,1.47131,1.00,1.00
2015.07.06 12:00:59.151,1.47097,1.47131,1.00,1.00
2015.07.06 12:01:03.933,1.471,1.47131,1.00,1.00
2015.07.06 12:01:04.290,1.47097,1.47131,1.37,1.50
2015.07.06 12:01:04.947,1.47099,1.47131,1.12,1.00
2015.07.06 12:01:05.255,1.47099,1.47131,1.87,1.00
2015.07.06 12:01:05.357,1.47105,1.47136,1.00,1.00
2015.07.06 12:01:05.867,1.47104,1.47136,1.00,1.00
2015.07.06 12:01:06.020,1.47102,1.47136,1.00,1.00
2015.07.06 12:01:06.659,1.47103,1.47136,1.00,1.00
2015.07.06 12:01:07.210,1.47104,1.47136,1.00,1.00
2015.07.06 12:01:07.697,1.47107,1.47136,1.00,1.00
2015.07.06 12:01:08.325,1.47101,1.47131,1.00,1.00
2015.07.06 12:01:08.376,1.47097,1.4713,1.00,1.00
2015.07.06 12:01:08.428,1.47094,1.47121,1.00,1.00
2015.07.06 12:01:08.479,1.47089,1.47121,1.37,1.00
2015.07.06 12:01:08.774,1.47104,1.47135,1.34,1.00
2015.07.06 12:01:08.829,1.47109,1.47144,1.37,1.50
2015.07.06 12:01:08.931,1.47115,1.47144,1.00,1.00
2015.07.06 12:01:09.135,1.47122,1.47153,1.00,1.00
2015.07.06 12:01:09.390,1.47122,1.47155,1.50,1.00
2015.07.06 12:01:09.931,1.47118,1.47152,1.34,1.50
2015.07.06 12:01:10.440,1.47122,1.47152,1.00,1.50
2015.07.06 12:01:10.948,1.47121,1.47152,1.00,2.25
2015.07.06 12:01:11.233,1.47116,1.47152,2.62,2.25
2015.07.06 12:01:11.335,1.47116,1.47152,2.25,2.25
2015.07.06 12:01:11.386,1.47116,1.47152,3.34,2.25
2015.07.06 12:01:13.062,1.47122,1.47152,1.00,1.50
2015.07.06 12:01:13.502,1.47123,1.47155,1.00,1.00
2015.07.06 12:01:14.156,1.47124,1.47156,1.00,1.00
2015.07.06 12:01:14.207,1.47126,1.47156,1.00,1.00
2015.07.06 12:01:14.310,1.47123,1.47156,1.00,1.00
2015.07.06 12:01:14.838,1.47123,1.47155,1.00,1.00
2015.07.06 12:01:14.993,1.47126,1.47156,1.00,1.00
2015.07.06 12:01:16.307,1.47123,1.47156,1.50,1.00
2015.07.06 12:01:16.636,1.47125,1.47156,1.00,1.00
2015.07.06 12:01:17.112,1.4713,1.47156,1.00,1.00
2015.07.06 12:01:17.417,1.47126,1.47156,1.00,1.00
2015.07.06 12:01:17.946,1.47123,1.47154,1.12,1.00
2015.07.06 12:01:17.997,1.47127,1.47156,1.00,1.00
2015.07.06 12:01:18.457,1.47125,1.47156,1.00,1.00
2015.07.06 12:01:18.560,1.47128,1.47156,1.00,1.00
2015.07.06 12:01:19.061,1.47126,1.47156,1.00,1.00
2015.07.06 12:01:19.567,1.47125,1.47156,1.00,1.00
2015.07.06 12:01:20.145,1.47131,1.47156,1.00,1.00
2015.07.06 12:01:22.449,1.47125,1.47156,1.00,1.00
2015.07.06 12:01:23.334,1.4713,1.47156,1.00,1.00
2015.07.06 12:01:26.874,1.47125,1.47156,1.00,1.00
2015.07.06 12:01:28.623,1.47126,1.47156,1.00,1.00
2015.07.06 12:01:29.192,1.47126,1.47157,1.00,1.00
2015.07.06 12:01:29.294,1.4713,1.47157,1.00,1.00
2015.07.06 12:01:32.575,1.47126,1.47157,1.00,1.00
2015.07.06 12:01:33.056,1.47124,1.47157,1.00,1.00
2015.07.06 12:01:33.375,1.47126,1.47156,1.00,1.00
2015.07.06 12:01:33.932,1.47124,1.47156,1.00,1.00
2015.07.06 12:01:34.483,1.47126,1.47157,1.00,1.00
2015.07.06 12:01:35.851,1.47127,1.47157,1.00,1.00
2015.07.06 12:01:35.953,1.47125,1.47157,1.00,1.00
2015.07.06 12:01:36.469,1.47126,1.47157,1.00,1.00
2015.07.06 12:01:37.158,1.47126,1.47153,1.00,1.00
2015.07.06 12:01:38.469,1.47126,1.47157,1.00,1.00
2015.07.06 12:01:38.775,1.47126,1.47155,1.00,1.00
2015.07.06 12:01:38.928,1.47126,1.47157,1.00,1.00
2015.07.06 12:01:39.284,1.47129,1.47162,1.00,1.87
2015.07.06 12:01:39.335,1.47129,1.47159,1.00,1.00
2015.07.06 12:01:39.386,1.47125,1.47159,1.12,1.50
2015.07.06 12:01:39.922,1.47126,1.47159,1.00,1.50
2015.07.06 12:01:40.456,1.47125,1.47159,1.00,1.50
2015.07.06 12:01:43.128,1.4713,1.47159,1.00,1.50
2015.07.06 12:01:43.230,1.4713,1.47163,1.00,2.25
2015.07.06 12:01:43.485,1.47128,1.47163,1.50,3.00
2015.07.06 12:01:44.100,1.47127,1.47158,1.71,1.00
2015.07.06 12:01:44.304,1.47129,1.47162,1.34,1.50
2015.07.06 12:01:46.828,1.47131,1.47161,1.34,1.00
2015.07.06 12:01:47.348,1.47131,1.47162,1.34,1.00
2015.07.06 12:01:48.019,1.47133,1.47164,1.00,1.00
2015.07.06 12:01:48.192,1.47134,1.47169,1.00,1.37
2015.07.06 12:01:48.294,1.47134,1.47164,1.00,1.00
2015.07.06 12:01:48.498,1.47131,1.47164,1.34,1.50
2015.07.06 12:01:48.601,1.47131,1.47161,1.34,1.00
2015.07.06 12:01:49.043,1.47131,1.47158,1.34,1.00
2015.07.06 12:01:53.064,1.47129,1.47164,1.46,2.62
2015.07.06 12:01:53.579,1.47129,1.47164,1.34,1.50
2015.07.06 12:01:53.630,1.47127,1.4716,1.34,1.00
2015.07.06 12:01:54.354,1.4713,1.47164,1.34,1.00
2015.07.06 12:01:54.405,1.47131,1.47166,1.34,1.00
2015.07.06 12:01:55.414,1.4713,1.47162,1.46,1.00
2015.07.06 12:01:55.916,1.47129,1.47165,2.21,1.00
2015.07.06 12:01:56.171,1.47129,1.47163,1.00,1.00
2015.07.06 12:01:56.374,1.47131,1.47166,1.00,1.00
2015.07.06 12:01:56.476,1.47128,1.47165,1.00,1.00
2015.07.06 12:01:56.578,1.47128,1.4716,1.00,1.00
2015.07.06 12:01:56.988,1.47131,1.47166,1.09,2.25
2015.07.06 12:01:57.194,1.47129,1.47163,1.34,1.00
2015.07.06 12:01:57.922,1.47128,1.47161,1.34,1.00
2015.07.06 12:01:58.316,1.47124,1.47155,1.84,1.00
2015.07.06 12:01:58.829,1.47124,1.47156,1.84,1.50
2015.07.06 12:02:00.810,1.4713,1.47162,1.00,1.87
2015.07.06 12:02:00.862,1.47128,1.47162,1.00,1.87
2015.07.06 12:02:00.913,1.47126,1.47161,1.50,1.00
2015.07.06 12:02:01.014,1.47128,1.47162,1.00,2.62
2015.07.06 12:02:01.319,1.47126,1.47159,1.00,1.00
2015.07.06 12:02:01.676,1.47128,1.47161,1.00,1.00
2015.07.06 12:02:01.836,1.47126,1.47161,1.50,1.50
2015.07.06 12:02:02.191,1.47126,1.47157,1.50,1.00
2015.07.06 12:02:02.242,1.47126,1.47162,2.25,1.87
2015.07.06 12:02:02.446,1.47128,1.47162,1.00,1.87
2015.07.06 12:02:02.753,1.47131,1.47162,1.00,1.00
2015.07.06 12:02:03.160,1.47127,1.47162,1.50,1.00
2015.07.06 12:02:03.262,1.47131,1.47162,1.00,1.00
2015.07.06 12:02:04.068,1.47129,1.47162,1.37,1.00
2015.07.06 12:02:04.600,1.47131,1.47162,1.00,1.00
2015.07.06 12:02:05.106,1.4713,1.47162,1.12,1.00
2015.07.06 12:02:06.420,1.47132,1.47163,1.00,1.50
2015.07.06 12:02:07.467,1.4713,1.47161,1.37,1.50
2015.07.06 12:02:07.772,1.47141,1.47161,1.00,1.00
2015.07.06 12:02:08.079,1.47141,1.47173,1.00,1.00
2015.07.06 12:02:08.182,1.47141,1.4717,1.00,1.00
2015.07.06 12:02:08.233,1.47141,1.47173,1.00,1.50
2015.07.06 12:02:08.335,1.47145,1.4717,1.00,1.00
2015.07.06 12:02:08.387,1.47145,1.47173,1.00,1.00
2015.07.06 12:02:08.909,1.47146,1.47173,1.00,1.00
2015.07.06 12:02:09.978,1.47146,1.47173,1.34,1.00
2015.07.06 12:02:10.447,1.47195,1.47203,1.00,1.00
2015.07.06 12:02:10.498,1.47201,1.47223,1.34,1.00
2015.07.06 12:02:10.556,1.472,1.47232,1.34,1.00
2015.07.06 12:02:10.760,1.47201,1.47235,1.34,1.00
2015.07.06 12:02:10.964,1.47196,1.47238,2.96,1.00
2015.07.06 12:02:11.753,1.47203,1.47239,1.09,1.50
2015.07.06 12:02:12.008,1.47196,1.47236,2.96,1.00
2015.07.06 12:02:12.384,1.47205,1.47244,1.00,1.00
2015.07.06 12:02:12.439,1.47205,1.4724,2.59,1.00
2015.07.06 12:02:12.490,1.47205,1.47247,1.84,1.37
2015.07.06 12:02:12.541,1.47204,1.47241,1.09,1.00
2015.07.06 12:02:12.644,1.47201,1.47239,1.71,1.00
2015.07.06 12:02:12.965,1.47198,1.47237,1.84,1.00
2015.07.06 12:02:13.358,1.47198,1.47234,1.84,1.00
2015.07.06 12:02:13.461,1.47193,1.47231,1.34,1.00
2015.07.06 12:02:13.717,1.47193,1.47229,1.34,1.00
2015.07.06 12:02:14.546,1.47191,1.47228,1.34,1.00
2015.07.06 12:02:15.380,1.47189,1.47226,2.59,1.00
2015.07.06 12:02:15.754,1.47185,1.47217,1.84,1.00
2015.07.06 12:02:15.806,1.47186,1.47221,1.34,1.00
2015.07.06 12:02:15.908,1.47185,1.47219,1.84,1.00
2015.07.06 12:02:16.061,1.47185,1.47223,1.84,1.00
2015.07.06 12:02:16.168,1.47185,1.47221,1.84,1.00
2015.07.06 12:02:16.275,1.47186,1.47229,1.84,1.87
2015.07.06 12:02:17.143,1.47188,1.4723,1.34,1.00
2015.07.06 12:02:17.594,1.4719,1.47229,1.09,1.00
2015.07.06 12:02:18.123,1.47193,1.4723,1.37,1.12
2015.07.06 12:02:19.342,1.47192,1.4723,1.84,1.00
2015.07.06 12:02:19.444,1.47194,1.47233,1.00,1.37
2015.07.06 12:02:19.699,1.47191,1.47233,1.34,1.12
2015.07.06 12:02:20.302,1.47191,1.47232,1.34,1.00
2015.07.06 12:02:20.898,1.47191,1.47232,1.71,1.00
2015.07.06 12:02:21.344,1.47192,1.47232,1.09,1.37
2015.07.06 12:02:22.524,1.47193,1.47234,1.00,1.37
2015.07.06 12:02:22.846,1.47193,1.47224,1.00,1.00
2015.07.06 12:02:23.163,1.47187,1.47219,2.21,1.12
2015.07.06 12:02:23.316,1.47186,1.47219,1.00,1.12
2015.07.06 12:02:23.368,1.47186,1.47216,1.00,1.12
2015.07.06 12:02:23.572,1.47178,1.47214,1.71,1.37
2015.07.06 12:02:23.834,1.47174,1.47209,1.34,1.37
2015.07.06 12:02:24.673,1.47175,1.47215,1.00,1.71
2015.07.06 12:02:24.725,1.47174,1.47209,1.00,2.25
2015.07.06 12:02:24.776,1.47167,1.47206,1.00,1.09
2015.07.06 12:02:25.051,1.47165,1.47207,1.00,1.34
2015.07.06 12:02:25.103,1.47165,1.47202,1.00,1.00
2015.07.06 12:02:25.206,1.47165,1.47207,1.00,1.34
2015.07.06 12:02:25.308,1.47162,1.47204,1.50,1.00
2015.07.06 12:02:25.614,1.47162,1.47204,1.87,1.00
2015.07.06 12:02:25.819,1.47162,1.47204,1.50,1.00
2015.07.06 12:02:27.076,1.47162,1.47204,1.50,1.34
2015.07.06 12:02:27.791,1.47162,1.47204,1.46,1.12
2015.07.06 12:02:30.442,1.47162,1.47204,1.46,1.37
2015.07.06 12:02:31.960,1.47162,1.47204,1.71,2.25
2015.07.06 12:02:32.883,1.47162,1.47204,1.46,1.87
2015.07.06 12:02:35.276,1.47162,1.47204,1.00,2.96
2015.07.06 12:02:35.684,1.47157,1.47197,1.09,1.00
2015.07.06 12:02:36.145,1.47163,1.472,1.71,1.12
2015.07.06 12:02:36.581,1.47162,1.47199,1.71,1.00
2015.07.06 12:02:36.734,1.47161,1.47204,2.21,1.37
2015.07.06 12:02:41.418,1.47161,1.47204,1.71,1.37
2015.07.06 12:02:42.017,1.47165,1.47204,1.37,1.37
2015.07.06 12:02:42.529,1.4716,1.47199,2.21,1.00
2015.07.06 12:02:42.631,1.4716,1.47199,1.37,1.34
2015.07.06 12:02:43.327,1.47167,1.47199,1.00,1.37
2015.07.06 12:02:43.838,1.47167,1.47199,1.12,1.37
2015.07.06 12:02:43.991,1.47167,1.47199,1.12,1.12
2015.07.06 12:02:48.956,1.47161,1.47197,1.37,1.00
2015.07.06 12:02:49.450,1.47161,1.47197,1.12,1.00
2015.07.06 12:02:49.552,1.47156,1.47191,2.25,1.00
2015.07.06 12:02:50.660,1.47159,1.47191,1.37,1.00
2015.07.06 12:02:53.944,1.47159,1.47191,1.37,1.00
2015.07.06 12:02:54.511,1.47159,1.47191,1.12,1.00
2015.07.06 12:02:54.973,1.47161,1.47191,1.00,1.00
2015.07.06 12:02:55.631,1.47156,1.47191,1.87,1.50
2015.07.06 12:02:55.682,1.47156,1.47182,1.50,1.00
2015.07.06 12:02:56.002,1.47145,1.47172,1.37,1.00
2015.07.06 12:02:56.053,1.47144,1.47169,1.00,1.00
2015.07.06 12:02:56.104,1.47136,1.47169,1.87,1.00
2015.07.06 12:02:56.156,1.47136,1.47169,1.50,1.00
2015.07.06 12:02:56.309,1.4714,1.47169,1.00,1.00
2015.07.06 12:02:56.717,1.47141,1.47173,1.00,1.00
2015.07.06 12:02:57.156,1.47142,1.47175,1.00,1.00
2015.07.06 12:02:59.170,1.47142,1.47173,1.00,1.00
2015.07.06 12:03:01.480,1.47136,1.47173,1.87,1.00
2015.07.06 12:03:02.367,1.4714,1.47174,1.00,1.00
2015.07.06 12:03:04.588,1.47137,1.47172,2.21,1.00
2015.07.06 12:03:05.212,1.47143,1.47174,1.71,1.00
2015.07.06 12:03:05.365,1.47147,1.47178,1.00,1.00
2015.07.06 12:03:05.416,1.47147,1.47175,1.50,1.00
2015.07.06 12:03:05.641,1.47147,1.47178,1.00,1.00
2015.07.06 12:03:05.696,1.47141,1.47178,1.00,1.00
2015.07.06 12:03:05.748,1.4714,1.47175,1.12,1.00
2015.07.06 12:03:05.851,1.4714,1.47178,1.12,1.00
2015.07.06 12:03:06.207,1.47139,1.47174,1.37,1.00
2015.07.06 12:03:06.831,1.47137,1.47173,1.37,1.00
2015.07.06 12:03:07.355,1.47137,1.47173,1.00,1.00
2015.07.06 12:03:07.660,1.47134,1.4717,1.46,1.00
2015.07.06 12:03:08.165,1.47138,1.47174,1.00,1.50
2015.07.06 12:03:08.217,1.47142,1.47174,1.34,1.00
2015.07.06 12:03:08.269,1.47142,1.47178,1.34,1.37
2015.07.06 12:03:08.423,1.47146,1.47178,1.00,1.00
2015.07.06 12:03:08.678,1.47146,1.47182,1.00,1.00
2015.07.06 12:03:09.670,1.47146,1.47182,1.37,1.00
2015.07.06 12:03:10.814,1.47146,1.47178,1.00,1.00
2015.07.06 12:03:11.171,1.47142,1.47178,1.34,1.00
2015.07.06 12:03:11.375,1.4714,1.47176,1.84,1.00
2015.07.06 12:03:12.224,1.47141,1.47176,1.09,1.00
2015.07.06 12:03:12.429,1.47142,1.47176,1.46,1.00
2015.07.06 12:03:13.144,1.47152,1.47179,1.84,1.00
2015.07.06 12:03:13.196,1.47152,1.47184,1.84,1.50
2015.07.06 12:03:13.247,1.47152,1.47187,2.21,1.00
2015.07.06 12:03:13.298,1.47154,1.4719,1.71,1.37
2015.07.06 12:03:13.553,1.47158,1.47194,1.71,1.87
2015.07.06 12:03:13.605,1.47154,1.47188,1.71,1.00
2015.07.06 12:03:13.758,1.47155,1.47189,1.00,1.50
2015.07.06 12:03:13.809,1.47156,1.4719,1.09,1.37
2015.07.06 12:03:14.080,1.47158,1.47194,1.71,1.00
2015.07.06 12:03:14.131,1.47156,1.47191,1.34,1.00
2015.07.06 12:03:14.488,1.4716,1.47196,1.00,1.00
2015.07.06 12:03:14.641,1.47163,1.47199,1.00,1.00
2015.07.06 12:03:15.292,1.47163,1.47199,1.34,1.00
2015.07.06 12:03:17.153,1.47161,1.47197,2.21,1.00
2015.07.06 12:03:18.457,1.47161,1.47197,1.50,1.00
2015.07.06 12:03:18.509,1.4716,1.47194,1.75,1.00
2015.07.06 12:03:18.814,1.47155,1.47189,1.84,1.50
2015.07.06 12:03:18.968,1.47156,1.47184,1.09,1.00
2015.07.06 12:03:19.070,1.47154,1.4718,1.00,1.00
2015.07.06 12:03:19.367,1.47146,1.47177,1.71,1.00
2015.07.06 12:03:20.032,1.47147,1.47176,1.71,1.00
2015.07.06 12:03:20.687,1.47145,1.47177,2.21,1.00
2015.07.06 12:03:21.883,1.47146,1.47177,1.00,1.00
2015.07.06 12:03:21.934,1.47141,1.47173,2.59,1.00
2015.07.06 12:03:22.342,1.4714,1.47171,1.71,1.00
2015.07.06 12:03:22.596,1.47136,1.47169,1.87,1.00
2015.07.06 12:03:22.699,1.47135,1.47167,1.37,1.00
2015.07.06 12:03:23.134,1.47133,1.47166,1.71,1.00
2015.07.06 12:03:23.453,1.47133,1.47164,1.09,1.00
2015.07.06 12:03:23.758,1.47132,1.4716,1.09,1.00
2015.07.06 12:03:24.275,1.47131,1.47159,1.46,1.00
2015.07.06 12:03:24.777,1.47131,1.4716,1.46,1.00
2015.07.06 12:03:25.563,1.47128,1.47161,1.84,1.00
2015.07.06 12:03:26.760,1.47128,1.47162,2.21,2.25
2015.07.06 12:03:27.622,1.47128,1.47155,1.84,1.00
2015.07.06 12:03:27.675,1.47121,1.47154,2.96,1.00
2015.07.06 12:03:27.726,1.47121,1.47154,2.59,1.00
2015.07.06 12:03:27.777,1.47121,1.4715,2.59,1.00
2015.07.06 12:03:28.297,1.47117,1.47149,2.21,1.00
2015.07.06 12:03:28.551,1.47116,1.47145,1.00,1.00
2015.07.06 12:03:28.928,1.47111,1.47141,1.71,1.00
2015.07.06 12:03:29.603,1.47111,1.4714,1.71,1.00
2015.07.06 12:03:30.635,1.47111,1.47139,1.34,1.00
2015.07.06 12:03:31.144,1.47108,1.4714,1.84,1.00
2015.07.06 12:03:32.245,1.47105,1.47134,1.75,1.00
2015.07.06 12:03:32.348,1.47105,1.47134,1.00,1.00
2015.07.06 12:03:32.399,1.47105,1.47127,1.50,1.00
2015.07.06 12:03:32.502,1.47105,1.47133,1.00,1.00
2015.07.06 12:03:32.706,1.47105,1.47136,1.00,1.00
2015.07.06 12:03:32.915,1.47101,1.47137,1.71,2.25
2015.07.06 12:03:33.275,1.47104,1.47134,1.50,1.00
2015.07.06 12:03:33.890,1.47104,1.47133,1.50,1.00
2015.07.06 12:03:34.421,1.47104,1.47132,1.50,1.00
2015.07.06 12:03:35.581,1.47104,1.47129,1.50,1.00
2015.07.06 12:03:36.026,1.47104,1.47132,1.50,1.00
2015.07.06 12:03:36.993,1.47104,1.47133,1.50,1.00
2015.07.06 12:03:37.672,1.47104,1.47132,1.50,1.00
2015.07.06 12:03:37.974,1.471,1.47134,1.84,1.00
2015.07.06 12:03:38.025,1.47103,1.47135,1.46,1.50
2015.07.06 12:03:38.127,1.47103,1.47136,1.46,1.12
2015.07.06 12:03:38.651,1.47103,1.47136,1.46,1.12
2015.07.06 12:03:39.186,1.47103,1.47135,1.46,1.00
2015.07.06 12:03:39.553,1.47103,1.47135,1.46,1.00
2015.07.06 12:03:39.656,1.47103,1.47135,1.46,1.00
2015.07.06 12:03:39.707,1.47105,1.47135,1.84,1.00
2015.07.06 12:03:40.253,1.47106,1.47138,1.71,1.87
2015.07.06 12:03:40.806,1.47106,1.47137,1.37,1.37
2015.07.06 12:03:40.857,1.47105,1.47133,1.50,1.00
2015.07.06 12:03:40.959,1.47105,1.47132,1.50,1.00
2015.07.06 12:03:41.467,1.47104,1.47132,1.09,1.00
2015.07.06 12:03:41.518,1.47104,1.47137,1.09,1.00
2015.07.06 12:03:41.670,1.47107,1.47139,1.37,1.00
2015.07.06 12:03:42.160,1.47107,1.47137,1.50,1.00
2015.07.06 12:03:43.812,1.47107,1.47139,1.50,1.00
2015.07.06 12:03:46.030,1.47107,1.47138,1.50,1.00
2015.07.06 12:03:46.586,1.47107,1.47136,1.50,1.00
2015.07.06 12:03:46.789,1.47107,1.47138,1.50,1.00
2015.07.06 12:03:47.349,1.47107,1.47133,1.37,1.00
2015.07.06 12:03:47.400,1.47107,1.47135,1.37,1.00
2015.07.06 12:03:47.452,1.47105,1.47137,1.37,1.50
2015.07.06 12:03:47.605,1.47106,1.47137,2.59,1.12
2015.07.06 12:03:47.810,1.47108,1.47144,1.34,1.37
2015.07.06 12:03:47.862,1.47113,1.47144,1.00,1.37
2015.07.06 12:03:48.680,1.47113,1.47144,1.12,1.37
2015.07.06 12:03:48.833,1.47102,1.47138,1.87,1.12
2015.07.06 12:03:48.885,1.47102,1.47131,1.50,1.00
2015.07.06 12:03:49.191,1.47102,1.47138,1.34,1.37
2015.07.06 12:03:49.549,1.47108,1.47144,1.00,1.87
2015.07.06 12:03:50.252,1.47112,1.47143,1.00,1.37
2015.07.06 12:03:50.557,1.47117,1.47143,1.00,1.37
2015.07.06 12:03:50.671,1.47116,1.47143,1.00,1.37
2015.07.06 12:03:50.723,1.47112,1.47143,1.00,1.37
2015.07.06 12:03:50.977,1.47112,1.4714,1.37,1.00
2015.07.06 12:03:51.523,1.47112,1.47141,1.12,1.00
2015.07.06 12:03:52.028,1.47112,1.47142,1.12,1.00
2015.07.06 12:03:52.334,1.47112,1.47132,1.00,1.00
2015.07.06 12:03:52.385,1.47107,1.47135,1.09,1.00
2015.07.06 12:03:52.893,1.47105,1.47136,1.09,1.00
2015.07.06 12:03:52.944,1.47105,1.47139,1.34,1.00
2015.07.06 12:03:53.046,1.47103,1.47134,1.71,1.00
2015.07.06 12:03:53.352,1.47103,1.47131,1.71,1.00
2015.07.06 12:03:53.841,1.47095,1.4712,2.59,1.00
2015.07.06 12:03:54.045,1.47105,1.47132,1.34,1.50
2015.07.06 12:03:54.198,1.47108,1.47141,1.34,1.00
2015.07.06 12:03:54.503,1.47116,1.47145,1.00,1.37
2015.07.06 12:03:54.809,1.47116,1.47145,1.50,1.00
2015.07.06 12:03:54.911,1.47121,1.47148,1.00,1.00
2015.07.06 12:03:55.232,1.47125,1.47156,1.71,1.00
2015.07.06 12:03:55.494,1.47125,1.47159,2.96,1.00
2015.07.06 12:03:55.596,1.47131,1.47159,1.00,1.00
2015.07.06 12:03:55.800,1.47131,1.47163,1.00,1.87
2015.07.06 12:03:56.207,1.47136,1.47163,1.00,1.00
2015.07.06 12:03:57.514,1.47136,1.47166,1.00,1.00
2015.07.06 12:03:57.908,1.47136,1.47172,2.96,1.00
2015.07.06 12:03:58.010,1.47144,1.47172,1.00,1.00
2015.07.06 12:03:58.337,1.47144,1.47167,1.00,1.00
2015.07.06 12:03:58.801,1.47138,1.47165,1.87,1.00
2015.07.06 12:03:59.195,1.47136,1.47168,1.71,1.00
2015.07.06 12:03:59.247,1.47136,1.47166,1.37,1.00
2015.07.06 12:03:59.298,1.47136,1.47168,1.00,1.37
2015.07.06 12:03:59.401,1.47142,1.47169,1.00,1.37
2015.07.06 12:03:59.503,1.47133,1.4716,1.00,1.00
2015.07.06 12:03:59.555,1.47133,1.47164,1.00,1.00
2015.07.06 12:03:59.759,1.47136,1.47168,1.00,1.87
2015.07.06 12:03:59.862,1.47133,1.47167,1.00,1.12
2015.07.06 12:03:59.964,1.47133,1.47164,1.00,1.00
2015.07.06 12:04:00.314,1.47133,1.4716,1.00,1.00
2015.07.06 12:04:01.830,1.47133,1.47159,1.00,1.00
2015.07.06 12:04:02.139,1.47139,1.47165,1.71,1.00
2015.07.06 12:04:02.191,1.47139,1.4717,1.71,1.00
2015.07.06 12:04:02.242,1.4714,1.4717,1.71,1.00
2015.07.06 12:04:02.294,1.47141,1.47172,1.84,1.00
2015.07.06 12:04:02.843,1.47141,1.47173,1.84,1.00
2015.07.06 12:04:03.276,1.47141,1.47175,1.84,1.50
2015.07.06 12:04:03.803,1.47141,1.47174,1.46,1.00
2015.07.06 12:04:04.288,1.47141,1.47171,1.46,1.00
2015.07.06 12:04:04.732,1.47141,1.47173,1.46,1.00
2015.07.06 12:04:04.834,1.47141,1.47175,1.46,1.87
2015.07.06 12:04:05.389,1.47144,1.47176,1.00,1.87
2015.07.06 12:04:05.695,1.47144,1.47172,1.50,1.00
2015.07.06 12:04:05.796,1.47144,1.47174,1.50,1.00
2015.07.06 12:04:06.103,1.47141,1.47174,1.84,1.12
2015.07.06 12:04:06.475,1.47141,1.4717,1.09,1.00
2015.07.06 12:04:06.935,1.47139,1.47168,1.71,1.00
2015.07.06 12:04:07.344,1.47139,1.47166,1.71,1.00
2015.07.06 12:04:08.313,1.4714,1.47166,1.71,1.00
2015.07.06 12:04:08.365,1.4714,1.47168,1.71,1.00
2015.07.06 12:04:10.000,1.4714,1.47171,1.71,1.00
2015.07.06 12:04:10.555,1.47139,1.47168,1.71,1.00
2015.07.06 12:04:11.171,1.47139,1.47169,1.71,1.00
2015.07.06 12:04:11.428,1.4714,1.47171,1.71,1.00
2015.07.06 12:04:12.693,1.47141,1.47166,1.46,1.00
2015.07.06 12:04:13.212,1.47141,1.47165,1.46,1.00
2015.07.06 12:04:14.280,1.47141,1.47165,1.09,1.00
2015.07.06 12:04:17.270,1.47139,1.47166,1.46,1.00
2015.07.06 12:04:18.219,1.47139,1.47165,1.46,1.00
2015.07.06 12:04:19.240,1.47139,1.47168,1.71,1.00
2015.07.06 12:04:19.775,1.47141,1.47169,2.21,1.00
2015.07.06 12:04:20.094,1.47141,1.47174,2.21,1.00
2015.07.06 12:04:20.247,1.47141,1.47172,2.21,1.00
2015.07.06 12:04:20.602,1.47141,1.47173,2.62,1.37
2015.07.06 12:04:20.985,1.47136,1.47165,2.62,1.00
2015.07.06 12:04:21.087,1.47133,1.47162,1.71,1.00
2015.07.06 12:04:21.598,1.47133,1.47161,1.71,1.00
2015.07.06 12:04:22.107,1.47133,1.47162,1.71,1.00
2015.07.06 12:04:22.609,1.47133,1.47163,1.71,1.12
2015.07.06 12:04:23.169,1.47133,1.47163,1.46,1.00
2015.07.06 12:04:23.805,1.47133,1.47163,1.46,1.37
2015.07.06 12:04:24.161,1.47133,1.47159,1.46,1.00
2015.07.06 12:04:24.314,1.47133,1.47164,1.46,1.00
2015.07.06 12:04:24.416,1.47133,1.47159,1.12,1.00
2015.07.06 12:04:24.719,1.47133,1.47157,1.12,1.00
2015.07.06 12:04:25.075,1.4713,1.47159,1.50,1.00
2015.07.06 12:04:25.177,1.47132,1.47163,1.37,1.12
2015.07.06 12:04:25.482,1.47132,1.47161,1.37,1.00
2015.07.06 12:04:26.198,1.47132,1.47161,1.37,1.00
2015.07.06 12:04:26.613,1.47132,1.47166,1.37,1.37
2015.07.06 12:04:27.682,1.47132,1.47167,1.37,1.87
2015.07.06 12:04:27.936,1.47136,1.47168,1.00,1.87
2015.07.06 12:04:28.191,1.47136,1.47169,1.00,1.12
2015.07.06 12:04:28.395,1.47136,1.47169,1.34,1.87
2015.07.06 12:04:28.498,1.47136,1.47169,1.34,1.00
2015.07.06 12:04:28.834,1.47137,1.47172,1.09,1.00
2015.07.06 12:04:29.090,1.4714,1.47172,1.00,1.00
2015.07.06 12:04:29.752,1.4714,1.47177,1.50,1.87
2015.07.06 12:04:30.093,1.4714,1.47176,1.87,1.12
2015.07.06 12:04:30.520,1.4714,1.47171,1.12,1.37
2015.07.06 12:04:30.825,1.47137,1.4717,1.09,1.37
2015.07.06 12:04:31.532,1.47138,1.4717,1.00,1.37
2015.07.06 12:04:36.280,1.47138,1.47171,1.00,1.50
2015.07.06 12:04:36.824,1.47138,1.47171,1.00,1.50
2015.07.06 12:04:39.815,1.47142,1.47172,1.50,1.37
2015.07.06 12:04:40.120,1.47142,1.47171,1.50,1.37
2015.07.06 12:04:40.273,1.47135,1.47169,1.34,2.25
2015.07.06 12:04:40.477,1.47138,1.4717,1.00,1.87
2015.07.06 12:04:40.864,1.47134,1.4717,1.00,1.50
2015.07.06 12:04:40.966,1.47139,1.47171,1.00,1.50
2015.07.06 12:04:41.223,1.47139,1.47173,1.84,1.00
2015.07.06 12:04:41.479,1.47139,1.4717,1.84,1.00
2015.07.06 12:04:41.874,1.47133,1.47166,1.84,1.00
2015.07.06 12:04:41.930,1.47137,1.47167,1.00,1.00
2015.07.06 12:04:41.982,1.47132,1.47167,1.00,1.00
2015.07.06 12:04:42.033,1.47135,1.47166,1.00,1.00
2015.07.06 12:04:42.084,1.47127,1.47164,1.84,1.00
2015.07.06 12:04:42.135,1.47132,1.47165,1.00,1.50
2015.07.06 12:04:42.446,1.47126,1.47159,1.34,1.00
2015.07.06 12:04:44.292,1.47128,1.47164,1.84,1.87
2015.07.06 12:04:44.953,1.47128,1.47164,1.09,1.87
2015.07.06 12:04:45.757,1.47128,1.47164,1.09,1.87
2015.07.06 12:04:46.273,1.47128,1.47163,1.09,1.37
2015.07.06 12:04:46.889,1.47128,1.47163,1.09,1.37
2015.07.06 12:04:47.246,1.47128,1.4716,1.09,1.37
2015.07.06 12:04:47.450,1.47128,1.4716,1.09,1.00
2015.07.06 12:04:47.997,1.47128,1.47162,1.09,1.37
2015.07.06 12:04:48.505,1.47128,1.47162,1.09,1.00
2015.07.06 12:04:48.607,1.47128,1.47162,1.09,1.37
2015.07.06 12:04:49.136,1.47128,1.47162,1.09,1.37
2015.07.06 12:04:49.465,1.47126,1.47157,1.34,1.00
2015.07.06 12:04:49.770,1.47126,1.47153,1.84,1.00
2015.07.06 12:04:50.075,1.47126,1.47151,1.34,1.00
2015.07.06 12:04:50.381,1.47122,1.47149,2.59,1.00
2015.07.06 12:04:50.919,1.47122,1.47148,1.84,1.00
2015.07.06 12:04:51.449,1.47122,1.47149,1.84,1.00
2015.07.06 12:04:52.145,1.47122,1.47148,1.84,1.00
2015.07.06 12:04:52.373,1.47122,1.4715,1.84,1.00
2015.07.06 12:04:52.882,1.47122,1.47149,1.84,1.00
2015.07.06 12:04:53.136,1.47119,1.47147,1.09,1.00
2015.07.06 12:04:53.360,1.47119,1.47145,1.09,1.00
2015.07.06 12:04:53.563,1.47119,1.47148,1.09,1.00
2015.07.06 12:04:53.665,1.47119,1.47152,1.09,1.75
2015.07.06 12:04:53.767,1.47123,1.47152,1.00,1.50
2015.07.06 12:04:54.021,1.47119,1.47151,1.09,1.00
2015.07.06 12:04:54.124,1.47124,1.47154,1.00,1.37
2015.07.06 12:04:54.587,1.47128,1.47157,1.00,1.87
2015.07.06 12:04:54.791,1.47122,1.47154,1.00,1.75
2015.07.06 12:04:54.893,1.47124,1.47154,1.00,1.75
2015.07.06 12:04:55.403,1.47124,1.47152,1.00,1.37
2015.07.06 12:04:56.056,1.47124,1.47154,1.00,1.37
2015.07.06 12:04:56.463,1.47124,1.47154,1.00,1.87
2015.07.06 12:04:57.015,1.47124,1.47154,1.00,1.87
2015.07.06 12:04:57.986,1.47124,1.47152,1.00,1.12
2015.07.06 12:05:00.470,1.47124,1.47154,1.00,2.25
2015.07.06 12:05:00.980,1.47124,1.47153,1.00,1.00
2015.07.06 12:05:01.082,1.47127,1.47155,1.00,1.12
2015.07.06 12:05:01.481,1.4713,1.47157,1.00,1.00
2015.07.06 12:05:01.787,1.47127,1.47158,1.34,1.00
2015.07.06 12:05:01.839,1.47127,1.47156,1.34,1.00
2015.07.06 12:05:02.042,1.47127,1.47159,1.34,1.00
2015.07.06 12:05:02.607,1.47129,1.4716,1.50,1.00
2015.07.06 12:05:03.114,1.4713,1.47161,1.00,1.00
2015.07.06 12:05:03.625,1.4713,1.47161,1.37,1.00
2015.07.06 12:05:04.361,1.47131,1.4716,1.12,1.00
2015.07.06 12:05:04.906,1.47131,1.4716,1.50,1.00
2015.07.06 12:05:05.212,1.47135,1.47159,1.00,1.00
2015.07.06 12:05:05.559,1.47136,1.47166,1.34,1.00
2015.07.06 12:05:05.661,1.47141,1.47166,1.00,1.00
2015.07.06 12:05:05.966,1.47141,1.47167,1.37,1.00
2015.07.06 12:05:07.075,1.47146,1.47169,1.00,1.00
2015.07.06 12:05:07.314,1.4714,1.47169,1.50,1.00
2015.07.06 12:05:07.416,1.4714,1.47167,1.50,1.00
2015.07.06 12:05:07.518,1.4714,1.47167,1.00,1.00
2015.07.06 12:05:07.835,1.47144,1.47169,1.50,1.00
2015.07.06 12:05:07.989,1.47144,1.47172,1.50,1.00
2015.07.06 12:05:08.194,1.47144,1.4717,1.50,1.00
2015.07.06 12:05:08.347,1.4714,1.4717,1.50,1.00
2015.07.06 12:05:10.020,1.4714,1.4717,1.87,1.00
2015.07.06 12:05:10.560,1.4714,1.47169,1.37,1.00
2015.07.06 12:05:11.069,1.47141,1.47168,1.12,1.00
2015.07.06 12:05:11.710,1.4714,1.4717,1.37,1.00
2015.07.06 12:05:12.161,1.4714,1.47168,1.37,1.00
2015.07.06 12:05:13.117,1.4714,1.47171,1.12,1.00
2015.07.06 12:05:13.650,1.4714,1.4717,1.12,1.00
2015.07.06 12:05:14.222,1.47141,1.47169,1.37,1.00
2015.07.06 12:05:14.376,1.47141,1.47173,1.71,1.00
2015.07.06 12:05:14.681,1.4714,1.47169,2.21,1.00
2015.07.06 12:05:15.225,1.4714,1.4717,2.21,1.00
2015.07.06 12:05:15.531,1.4714,1.47168,1.71,1.00
2015.07.06 12:05:15.846,1.47137,1.47166,2.96,1.00
2015.07.06 12:05:15.999,1.47141,1.47168,1.71,1.00
2015.07.06 12:05:16.404,1.47141,1.47168,1.00,1.00
2015.07.06 12:05:17.203,1.47137,1.47168,1.37,1.00
2015.07.06 12:05:17.457,1.47135,1.47165,1.46,1.00
2015.07.06 12:05:18.001,1.47136,1.47166,1.37,1.00
2015.07.06 12:05:18.309,1.47135,1.47168,1.84,1.00
2015.07.06 12:05:18.512,1.47135,1.47166,1.84,1.00
2015.07.06 12:05:18.563,1.47135,1.47168,1.84,1.00
2015.07.06 12:05:18.893,1.4714,1.47166,1.00,1.00
2015.07.06 12:05:19.516,1.4714,1.47168,1.00,1.00
2015.07.06 12:05:19.968,1.4714,1.47161,1.00,1.00
2015.07.06 12:05:20.278,1.4714,1.47163,1.37,1.00
2015.07.06 12:05:20.829,1.47135,1.47164,1.46,1.00
2015.07.06 12:05:21.636,1.47141,1.47167,1.12,1.00
2015.07.06 12:05:22.174,1.4714,1.47166,1.37,1.00
2015.07.06 12:05:22.802,1.47141,1.47173,1.84,1.00
2015.07.06 12:05:22.955,1.47144,1.47175,1.46,1.00
2015.07.06 12:05:23.260,1.47144,1.47173,1.46,1.00
2015.07.06 12:05:23.941,1.47144,1.4717,1.46,1.00
2015.07.06 12:05:24.248,1.47141,1.47168,1.84,1.00
2015.07.06 12:05:24.585,1.47141,1.47171,1.09,1.00
2015.07.06 12:05:24.789,1.4714,1.47171,2.21,1.00
2015.07.06 12:05:26.806,1.47141,1.4717,1.34,1.00
2015.07.06 12:05:27.091,1.47141,1.47168,1.34,1.00
2015.07.06 12:05:27.616,1.47141,1.47169,1.34,1.00
2015.07.06 12:05:27.668,1.47141,1.47171,1.34,1.00
2015.07.06 12:05:29.880,1.47141,1.47172,1.46,1.00
2015.07.06 12:05:30.441,1.47141,1.47173,1.46,1.00
2015.07.06 12:05:30.594,1.47147,1.47173,1.00,1.00
2015.07.06 12:05:30.645,1.47147,1.47178,1.00,1.50
2015.07.06 12:05:30.747,1.47147,1.47176,1.00,1.00
2015.07.06 12:05:30.953,1.47147,1.47178,1.00,1.00
2015.07.06 12:05:31.713,1.47147,1.47176,1.00,1.00
2015.07.06 12:05:32.382,1.47147,1.47178,1.00,1.50
2015.07.06 12:05:33.799,1.47147,1.47177,1.00,1.00
2015.07.06 12:05:34.108,1.47147,1.47181,1.00,1.00
2015.07.06 12:05:34.617,1.47148,1.47179,1.00,1.00
2015.07.06 12:05:35.023,1.47152,1.47182,1.50,1.00
2015.07.06 12:05:35.125,1.47152,1.47185,1.50,1.00
2015.07.06 12:05:35.481,1.47152,1.47182,1.50,1.00
2015.07.06 12:05:35.989,1.47152,1.47181,2.25,1.00
2015.07.06 12:05:36.340,1.4715,1.47176,1.00,1.00
2015.07.06 12:05:36.646,1.47148,1.47174,1.00,1.00
2015.07.06 12:05:36.951,1.47148,1.47171,1.50,1.00
2015.07.06 12:05:37.880,1.47148,1.47173,1.50,1.00
2015.07.06 12:05:38.898,1.47148,1.47175,1.50,1.00
2015.07.06 12:05:39.424,1.47148,1.47176,1.50,1.00
2015.07.06 12:05:39.628,1.47151,1.47176,1.71,1.00
2015.07.06 12:05:39.679,1.47152,1.47184,1.46,1.00
2015.07.06 12:05:39.730,1.47155,1.47184,2.96,1.00
2015.07.06 12:05:39.782,1.47161,1.47186,1.09,1.00
2015.07.06 12:05:39.833,1.47161,1.47193,1.09,1.00
2015.07.06 12:05:40.069,1.47165,1.47195,1.34,1.50
2015.07.06 12:05:40.602,1.47165,1.47194,1.34,1.00
2015.07.06 12:05:41.293,1.47165,1.47193,1.71,1.00
2015.07.06 12:05:41.598,1.47163,1.47189,2.21,1.00
2015.07.06 12:05:41.954,1.47163,1.47192,2.21,1.00
2015.07.06 12:05:42.056,1.47163,1.47192,2.21,1.37
2015.07.06 12:05:42.581,1.47163,1.47187,2.21,1.00
2015.07.06 12:05:42.741,1.47165,1.47189,1.71,1.00
2015.07.06 12:05:42.843,1.47165,1.47187,1.71,1.00
2015.07.06 12:05:42.961,1.47165,1.47189,1.71,1.00
2015.07.06 12:05:43.647,1.47165,1.47199,1.71,1.75
2015.07.06 12:05:43.966,1.47163,1.47199,2.21,1.50
2015.07.06 12:05:44.017,1.47167,1.47195,1.34,1.00
2015.07.06 12:05:44.120,1.47166,1.47201,1.87,1.00
2015.07.06 12:05:44.171,1.47166,1.47199,1.87,1.50
2015.07.06 12:05:44.476,1.47161,1.47197,1.50,2.21
2015.07.06 12:05:44.759,1.47157,1.47192,1.00,1.37
2015.07.06 12:05:44.810,1.47157,1.47192,1.00,1.37
2015.07.06 12:05:45.021,1.47157,1.47192,1.00,1.37
2015.07.06 12:05:45.224,1.47161,1.47195,1.00,1.71
2015.07.06 12:05:46.084,1.47161,1.47193,1.00,1.46
2015.07.06 12:05:46.555,1.47161,1.47193,1.00,1.09
2015.07.06 12:05:46.910,1.47161,1.47193,1.00,2.21
2015.07.06 12:05:47.224,1.47156,1.47188,1.00,1.12
2015.07.06 12:05:47.276,1.47158,1.47192,1.00,2.25
2015.07.06 12:05:47.581,1.47158,1.47191,1.00,1.12
2015.07.06 12:05:48.586,1.47158,1.47188,1.00,1.75
2015.07.06 12:05:48.738,1.47147,1.4718,1.00,1.50
2015.07.06 12:05:48.790,1.47144,1.47173,1.50,1.00
2015.07.06 12:05:48.942,1.47145,1.47178,1.00,1.00
2015.07.06 12:05:48.994,1.47144,1.47173,1.50,1.00
2015.07.06 12:05:49.096,1.47145,1.4718,1.00,1.00
2015.07.06 12:05:49.350,1.4715,1.47181,1.00,2.62
2015.07.06 12:05:49.746,1.4715,1.47179,1.34,1.00
2015.07.06 12:05:49.800,1.4715,1.47183,1.34,1.12
2015.07.06 12:05:50.107,1.47154,1.47186,1.00,1.37
2015.07.06 12:05:50.209,1.47154,1.47189,1.50,1.50
2015.07.06 12:05:50.412,1.47152,1.47186,1.00,1.50
2015.07.06 12:05:50.985,1.47148,1.47184,2.59,1.00
2015.07.06 12:05:51.087,1.4715,1.47186,1.34,1.50
2015.07.06 12:05:51.241,1.4715,1.47186,1.34,3.00
2015.07.06 12:05:51.778,1.4715,1.47186,1.34,2.25
2015.07.06 12:05:52.341,1.47152,1.47186,1.00,2.25
2015.07.06 12:05:53.147,1.47152,1.47186,1.00,2.25
2015.07.06 12:05:53.463,1.47148,1.47185,1.84,1.12
2015.07.06 12:05:53.616,1.47152,1.47186,1.00,1.87
2015.07.06 12:05:54.236,1.47148,1.47185,1.84,1.12
2015.07.06 12:05:55.094,1.47152,1.47186,1.00,1.87
2015.07.06 12:05:55.305,1.47152,1.47186,1.00,1.87
2015.07.06 12:05:55.806,1.47152,1.47186,1.00,1.87
2015.07.06 12:05:56.523,1.47152,1.47186,1.00,1.87
2015.07.06 12:05:58.605,1.47152,1.47186,1.00,2.25
2015.07.06 12:05:58.707,1.4715,1.47184,1.09,1.00
2015.07.06 12:05:58.810,1.47155,1.47186,1.00,1.50
2015.07.06 12:05:58.963,1.47157,1.47191,1.00,1.12
2015.07.06 12:05:59.115,1.47157,1.47191,1.00,1.50
2015.07.06 12:05:59.422,1.47152,1.47186,1.00,1.50
2015.07.06 12:05:59.779,1.47149,1.47184,2.21,1.50
2015.07.06 12:06:00.338,1.47151,1.47185,1.09,1.00
2015.07.06 12:06:00.862,1.47151,1.47184,1.00,1.34
2015.07.06 12:06:01.167,1.47145,1.4718,1.37,1.37
2015.07.06 12:06:01.629,1.47136,1.47167,1.34,1.00
2015.07.06 12:06:02.139,1.47138,1.47168,1.34,1.00
2015.07.06 12:06:02.728,1.47138,1.47168,1.34,1.37
2015.07.06 12:06:03.512,1.47138,1.47168,1.34,1.37
2015.07.06 12:06:04.053,1.47135,1.47168,1.34,1.37
2015.07.06 12:06:04.570,1.47135,1.47168,1.34,1.37
2015.07.06 12:06:04.875,1.47133,1.47168,1.87,1.37
2015.07.06 12:06:05.128,1.47136,1.47168,1.00,1.37
2015.07.06 12:06:05.179,1.47133,1.47168,1.87,1.37
2015.07.06 12:06:05.282,1.47135,1.47168,1.00,1.37
2015.07.06 12:06:05.333,1.47133,1.47166,1.12,1.12
2015.07.06 12:06:05.587,1.47136,1.47168,1.00,1.37
2015.07.06 12:06:05.740,1.47133,1.47168,1.87,1.37
2015.07.06 12:06:06.735,1.47138,1.4717,1.00,2.25
2015.07.06 12:06:07.546,1.47138,1.47167,1.00,1.12
2015.07.06 12:06:08.069,1.47138,1.47173,1.50,1.37
2015.07.06 12:06:08.868,1.47138,1.47171,1.00,1.00
2015.07.06 12:06:09.173,1.47138,1.47173,1.50,1.00
2015.07.06 12:06:09.579,1.47138,1.47173,1.50,1.37
2015.07.06 12:06:09.936,1.47141,1.47173,1.00,1.37
2015.07.06 12:06:12.041,1.47141,1.47173,1.00,1.87
2015.07.06 12:06:13.177,1.47141,1.47173,1.00,1.50
2015.07.06 12:06:13.381,1.47141,1.47173,1.00,1.37
2015.07.06 12:06:13.483,1.47144,1.47176,1.00,1.12
2015.07.06 12:06:14.180,1.47144,1.47174,1.00,1.00
2015.07.06 12:06:14.703,1.47144,1.47173,1.00,1.00
2015.07.06 12:06:14.754,1.47144,1.47173,1.34,1.00
2015.07.06 12:06:14.856,1.47148,1.47179,1.00,1.12
2015.07.06 12:06:15.213,1.4715,1.47184,1.00,1.37
2015.07.06 12:06:15.784,1.4715,1.47185,1.00,1.87
2015.07.06 12:06:15.887,1.47147,1.47183,3.00,1.00
2015.07.06 12:06:15.989,1.47151,1.47185,1.00,1.50
2015.07.06 12:06:17.178,1.47151,1.47185,1.00,1.37
2015.07.06 12:06:17.281,1.47147,1.47183,1.50,1.00
2015.07.06 12:06:17.799,1.47151,1.47185,1.00,1.00
2015.07.06 12:06:18.105,1.47154,1.47184,1.00,1.00
2015.07.06 12:06:18.207,1.47147,1.47182,1.00,1.37
2015.07.06 12:06:18.568,1.4715,1.47182,1.00,1.37
2015.07.06 12:06:19.914,1.4715,1.47182,1.00,1.75
2015.07.06 12:06:20.422,1.47147,1.47182,1.00,1.75
2015.07.06 12:06:20.603,1.47147,1.47178,1.00,1.12
2015.07.06 12:06:20.958,1.47148,1.47182,1.00,1.00
2015.07.06 12:06:21.111,1.4715,1.47182,1.00,1.00
2015.07.06 12:06:21.496,1.47152,1.47187,1.50,1.50
2015.07.06 12:06:21.759,1.47152,1.4718,1.50,1.00
2015.07.06 12:06:21.918,1.4715,1.4718,1.00,1.00
2015.07.06 12:06:22.376,1.4715,1.47184,1.00,1.00
2015.07.06 12:06:22.777,1.47148,1.47178,1.00,1.00
2015.07.06 12:06:22.830,1.47148,1.47183,1.00,1.00
2015.07.06 12:06:22.984,1.47148,1.47183,1.00,1.37
2015.07.06 12:06:23.341,1.47148,1.47183,1.00,1.50
2015.07.06 12:06:23.850,1.47148,1.47183,1.00,2.25
2015.07.06 12:06:24.106,1.47146,1.47177,1.09,1.12
2015.07.06 12:06:24.309,1.47148,1.47177,1.00,1.37
2015.07.06 12:06:24.513,1.47148,1.47181,1.00,1.00
2015.07.06 12:06:24.564,1.4715,1.47181,1.00,1.00
2015.07.06 12:06:24.717,1.4715,1.47183,1.00,1.00
2015.07.06 12:06:25.261,1.4715,1.47184,1.00,1.00
2015.07.06 12:06:25.414,1.4715,1.4718,1.00,1.00
2015.07.06 12:06:25.567,1.4715,1.47184,1.00,1.00
2015.07.06 12:06:26.094,1.47149,1.47184,1.00,1.37
2015.07.06 12:06:26.312,1.47151,1.47184,1.00,1.37
2015.07.06 12:06:26.684,1.47151,1.47184,1.00,1.37
2015.07.06 12:06:27.489,1.47151,1.47184,1.00,1.37
2015.07.06 12:06:27.540,1.47149,1.47184,1.00,1.37
2015.07.06 12:06:27.592,1.47149,1.47184,1.00,1.37
2015.07.06 12:06:27.693,1.47152,1.47184,1.00,1.37
2015.07.06 12:06:27.983,1.47152,1.47184,1.00,1.37
2015.07.06 12:06:28.550,1.47152,1.47184,1.00,1.50
2015.07.06 12:06:29.681,1.47152,1.47184,1.00,1.37
2015.07.06 12:06:29.885,1.47148,1.47184,1.50,1.50
2015.07.06 12:06:30.392,1.4715,1.47179,1.00,1.37
2015.07.06 12:06:30.494,1.47148,1.47179,1.00,1.00
2015.07.06 12:06:30.722,1.47146,1.47179,1.46,1.00
2015.07.06 12:06:31.690,1.47143,1.47179,1.37,1.87
2015.07.06 12:06:32.234,1.47145,1.47179,1.00,1.37
2015.07.06 12:06:33.516,1.47145,1.47179,1.00,1.37
2015.07.06 12:06:34.185,1.47145,1.47179,1.00,1.37
2015.07.06 12:06:34.696,1.47145,1.47179,1.00,1.37
2015.07.06 12:06:35.009,1.47145,1.47179,1.00,1.37
2015.07.06 12:06:35.416,1.47143,1.47177,1.12,1.37
2015.07.06 12:06:35.921,1.47144,1.47179,1.00,1.37
2015.07.06 12:06:36.649,1.47144,1.47179,1.00,1.37
2015.07.06 12:06:38.482,1.47144,1.47179,1.00,1.37
2015.07.06 12:06:38.837,1.47148,1.47182,1.00,1.84
2015.07.06 12:06:39.197,1.4715,1.47182,1.00,1.09
2015.07.06 12:06:39.248,1.47148,1.47179,1.00,1.12
2015.07.06 12:06:41.043,1.47148,1.47182,1.00,2.21
2015.07.06 12:06:41.441,1.47148,1.47182,1.00,1.84
2015.07.06 12:06:46.543,1.47148,1.47183,1.00,2.21
2015.07.06 12:06:47.496,1.47148,1.47181,1.00,1.37
2015.07.06 12:06:47.801,1.47148,1.47181,1.00,1.12
2015.07.06 12:06:49.525,1.47148,1.47183,1.50,1.37
2015.07.06 12:06:49.816,1.47148,1.47183,1.50,1.37
2015.07.06 12:06:50.325,1.47148,1.47183,1.50,1.37
2015.07.06 12:06:51.109,1.47148,1.47183,1.50,1.75
2015.07.06 12:06:53.342,1.47148,1.47183,1.50,1.37
2015.07.06 12:06:53.852,1.47148,1.47181,1.00,1.37
2015.07.06 12:06:53.954,1.47148,1.47181,1.00,1.50
2015.07.06 12:06:54.590,1.47145,1.4718,1.34,1.37
2015.07.06 12:06:54.895,1.47145,1.47179,1.34,1.75
2015.07.06 12:06:55.397,1.47145,1.47179,1.34,1.75
2015.07.06 12:06:57.840,1.47145,1.47179,1.84,1.12
2015.07.06 12:06:58.377,1.47145,1.47179,1.34,1.87
2015.07.06 12:07:00.381,1.47146,1.4718,1.34,1.87
2015.07.06 12:07:00.957,1.47145,1.47177,1.34,1.37
2015.07.06 12:07:01.498,1.47145,1.47176,1.84,1.37
2015.07.06 12:07:03.958,1.47146,1.47175,1.34,1.37
2015.07.06 12:07:04.467,1.47145,1.47176,1.84,1.37
2015.07.06 12:07:05.009,1.47145,1.47176,1.84,1.37
2015.07.06 12:07:06.040,1.47145,1.47173,1.00,1.37
2015.07.06 12:07:06.591,1.47144,1.4717,1.00,1.00
2015.07.06 12:07:06.858,1.47141,1.4717,1.12,1.00
2015.07.06 12:07:07.202,1.47143,1.4717,1.00,1.00
2015.07.06 12:07:07.253,1.47141,1.4717,1.12,1.00
2015.07.06 12:07:08.945,1.47141,1.4717,1.12,1.50
2015.07.06 12:07:09.098,1.47136,1.47166,1.34,1.37
2015.07.06 12:07:09.200,1.47136,1.47168,1.84,1.37
2015.07.06 12:07:09.906,1.47135,1.47166,1.34,1.00
2015.07.06 12:07:10.077,1.4714,1.47166,1.00,1.00
2015.07.06 12:07:10.335,1.4714,1.47169,1.00,1.00
2015.07.06 12:07:10.437,1.4714,1.47166,1.12,1.00
2015.07.06 12:07:11.101,1.47138,1.47165,1.37,1.00
2015.07.06 12:07:11.650,1.47138,1.47169,1.87,1.00
2015.07.06 12:07:12.227,1.4714,1.47168,1.00,1.00
2015.07.06 12:07:12.386,1.47137,1.47167,1.09,1.00
2015.07.06 12:07:13.396,1.47137,1.47168,1.09,1.12
2015.07.06 12:07:13.927,1.47137,1.47168,1.09,1.37
2015.07.06 12:07:14.991,1.47137,1.47168,1.09,1.37
2015.07.06 12:07:15.298,1.47155,1.47175,1.09,1.50
2015.07.06 12:07:15.570,1.47157,1.47188,1.46,1.00
2015.07.06 12:07:15.694,1.47157,1.47182,1.46,1.00
2015.07.06 12:07:15.796,1.47157,1.47184,1.37,1.00
2015.07.06 12:07:17.443,1.47151,1.47184,1.84,1.50
2015.07.06 12:07:17.550,1.47151,1.47182,1.84,1.00
2015.07.06 12:07:17.926,1.47156,1.47183,1.00,1.50
2015.07.06 12:07:18.570,1.47156,1.47181,1.00,1.37
2015.07.06 12:07:19.476,1.47156,1.47184,1.34,1.50
2015.07.06 12:07:19.528,1.47159,1.47184,1.09,1.00
2015.07.06 12:07:19.579,1.4716,1.47192,1.75,1.37
2015.07.06 12:07:19.783,1.47161,1.47193,2.25,1.12
2015.07.06 12:07:19.834,1.47167,1.47193,1.84,1.12
2015.07.06 12:07:20.038,1.47171,1.47197,1.00,1.50
2015.07.06 12:07:20.090,1.47166,1.47197,1.50,1.50
2015.07.06 12:07:20.376,1.47162,1.47194,1.71,1.00
2015.07.06 12:07:20.692,1.47161,1.47189,1.00,1.00
2015.07.06 12:07:20.997,1.47161,1.47195,1.71,1.00
2015.07.06 12:07:21.099,1.47166,1.47193,1.00,1.00
2015.07.06 12:07:21.201,1.47164,1.47195,1.09,1.00
2015.07.06 12:07:21.418,1.47165,1.47197,1.00,1.00
2015.07.06 12:07:21.746,1.47166,1.47199,1.50,1.00
2015.07.06 12:07:21.849,1.47171,1.47199,1.00,1.00
2015.07.06 12:07:21.951,1.47171,1.47201,1.00,1.50
2015.07.06 12:07:22.104,1.47171,1.47199,1.00,1.00
2015.07.06 12:07:22.307,1.47171,1.47201,1.00,1.50
2015.07.06 12:07:22.409,1.47171,1.47201,1.00,1.87
2015.07.06 12:07:22.981,1.47171,1.47201,1.00,1.00
2015.07.06 12:07:23.508,1.4717,1.472,1.00,1.00
2015.07.06 12:07:23.879,1.4717,1.47201,1.00,1.37
2015.07.06 12:07:24.185,1.47166,1.47201,1.12,1.87
2015.07.06 12:07:24.891,1.47166,1.472,1.12,1.37
2015.07.06 12:07:25.231,1.47166,1.47201,1.87,1.37
2015.07.06 12:07:25.435,1.4717,1.47201,1.00,1.00
2015.07.06 12:07:25.974,1.47168,1.47201,1.87,1.00
2015.07.06 12:07:26.477,1.47168,1.47203,1.87,1.00
2015.07.06 12:07:26.529,1.47172,1.47203,1.00,1.00
2015.07.06 12:07:26.580,1.47174,1.47206,1.00,1.00
2015.07.06 12:07:26.834,1.47174,1.47202,1.00,1.00
2015.07.06 12:07:26.886,1.47168,1.47202,1.87,1.00
2015.07.06 12:07:27.142,1.47171,1.47203,1.00,1.00
2015.07.06 12:07:27.193,1.47173,1.47206,1.00,1.00
2015.07.06 12:07:27.244,1.47173,1.47204,1.00,1.00
2015.07.06 12:07:27.903,1.47173,1.47202,1.00,1.00
2015.07.06 12:07:28.212,1.47165,1.47197,2.25,1.00
2015.07.06 12:07:29.399,1.47169,1.47204,1.50,1.37
2015.07.06 12:07:29.451,1.47167,1.472,1.37,1.37
2015.07.06 12:07:30.085,1.47167,1.472,1.37,1.37
2015.07.06 12:07:30.136,1.4717,1.472,1.00,1.37
2015.07.06 12:07:30.188,1.4717,1.47203,1.50,1.37
2015.07.06 12:07:30.392,1.47167,1.47202,1.37,1.50
2015.07.06 12:07:30.444,1.47167,1.47199,1.37,1.00
2015.07.06 12:07:30.545,1.47167,1.47201,1.37,1.00
2015.07.06 12:07:30.806,1.47167,1.47199,1.37,1.00
2015.07.06 12:07:31.190,1.47171,1.47199,1.00,1.00
2015.07.06 12:07:31.658,1.47167,1.472,1.37,1.37
2015.07.06 12:07:31.885,1.47171,1.472,1.00,1.37
2015.07.06 12:07:32.369,1.47171,1.472,1.00,1.87
2015.07.06 12:07:33.621,1.47166,1.47201,1.87,1.50
2015.07.06 12:07:33.723,1.4717,1.47203,1.00,1.75
2015.07.06 12:07:34.304,1.47166,1.472,2.62,1.37
2015.07.06 12:07:34.742,1.4717,1.47198,1.00,1.37
2015.07.06 12:07:34.844,1.47166,1.47199,2.62,1.37
2015.07.06 12:07:35.872,1.4717,1.47203,1.50,1.75
2015.07.06 12:07:36.379,1.4717,1.47199,1.00,1.87
2015.07.06 12:07:38.322,1.4717,1.47201,1.00,1.87
2015.07.06 12:07:41.541,1.47171,1.47201,1.00,1.37
2015.07.06 12:07:42.852,1.4717,1.47199,1.00,1.87
2015.07.06 12:07:46.368,1.47171,1.47201,1.00,1.37
2015.07.06 12:07:47.020,1.4717,1.47204,1.37,1.37
2015.07.06 12:07:47.376,1.47176,1.47204,1.00,1.37
2015.07.06 12:07:47.427,1.47176,1.47204,1.00,1.12
2015.07.06 12:07:47.529,1.47176,1.47204,1.00,1.37
2015.07.06 12:07:48.055,1.47176,1.47204,1.00,1.37
2015.07.06 12:07:48.656,1.47176,1.47204,1.00,1.00
2015.07.06 12:07:49.169,1.47175,1.47204,1.00,1.12
2015.07.06 12:07:49.995,1.47176,1.47205,1.12,1.37
2015.07.06 12:07:50.453,1.47175,1.47206,1.37,1.12
2015.07.06 12:07:50.555,1.4718,1.47206,1.00,1.12
2015.07.06 12:07:51.389,1.4718,1.47207,1.00,1.37
2015.07.06 12:07:52.080,1.47177,1.4721,1.00,1.50
2015.07.06 12:07:52.365,1.47181,1.47207,1.00,1.87
2015.07.06 12:07:53.194,1.47181,1.47207,1.00,1.37
2015.07.06 12:07:53.843,1.47175,1.47208,1.37,1.37
2015.07.06 12:07:54.367,1.47175,1.47208,1.37,1.87
2015.07.06 12:07:54.876,1.47175,1.47208,1.37,1.87
2015.07.06 12:07:55.956,1.47175,1.47204,1.37,1.00
2015.07.06 12:07:56.410,1.47178,1.47208,1.12,1.37
2015.07.06 12:07:57.506,1.47172,1.47205,2.25,1.12
2015.07.06 12:07:57.607,1.47172,1.47202,2.25,1.00
2015.07.06 12:07:57.811,1.47172,1.47204,2.25,1.12
2015.07.06 12:07:57.964,1.47172,1.47202,2.25,1.00
2015.07.06 12:07:58.254,1.47172,1.47201,1.87,1.00
2015.07.06 12:07:59.705,1.47172,1.472,1.87,1.00
2015.07.06 12:08:00.210,1.47172,1.47201,1.87,1.00
2015.07.06 12:08:00.539,1.47172,1.47201,1.50,1.00
2015.07.06 12:08:01.056,1.47172,1.472,1.50,1.00
2015.07.06 12:08:01.588,1.47172,1.47201,1.00,1.00
2015.07.06 12:08:03.393,1.4717,1.47201,1.87,1.00
2015.07.06 12:08:03.445,1.4717,1.47197,1.37,1.00
2015.07.06 12:08:03.700,1.47168,1.47195,1.46,1.00
2015.07.06 12:08:04.193,1.47166,1.47193,1.71,1.00
2015.07.06 12:08:04.703,1.47163,1.47192,1.75,1.00
2015.07.06 12:08:05.010,1.47163,1.47189,1.75,1.00
2015.07.06 12:08:05.265,1.47163,1.47189,1.37,1.00
2015.07.06 12:08:05.521,1.47161,1.47185,1.71,1.00
2015.07.06 12:08:06.073,1.47161,1.47184,1.71,1.00
2015.07.06 12:08:06.962,1.47161,1.47183,1.71,1.00
2015.07.06 12:08:07.284,1.47162,1.47187,1.09,1.00
2015.07.06 12:08:07.540,1.47162,1.47189,1.09,1.12
2015.07.06 12:08:08.072,1.47162,1.47192,1.84,1.37
2015.07.06 12:08:08.581,1.47162,1.47189,1.84,1.12
2015.07.06 12:08:09.090,1.47162,1.4719,1.09,1.37
2015.07.06 12:08:09.141,1.47161,1.4719,1.46,1.37
2015.07.06 12:08:09.192,1.47161,1.47186,1.46,1.00
2015.07.06 12:08:09.520,1.47157,1.47184,2.21,1.00
2015.07.06 12:08:09.726,1.47157,1.47186,2.21,1.00
2015.07.06 12:08:09.930,1.47157,1.47182,2.21,1.00
2015.07.06 12:08:10.032,1.47157,1.47187,1.71,1.12
2015.07.06 12:08:10.185,1.47157,1.47183,1.71,1.00
2015.07.06 12:08:10.388,1.47157,1.47186,1.71,1.00
2015.07.06 12:08:11.135,1.47157,1.47189,1.71,1.87
2015.07.06 12:08:11.697,1.47157,1.47183,1.71,1.00
2015.07.06 12:08:11.749,1.47156,1.47183,1.50,1.00
2015.07.06 12:08:12.337,1.47155,1.47189,1.09,2.62
2015.07.06 12:08:12.850,1.47159,1.47193,1.87,1.50
2015.07.06 12:08:12.952,1.47159,1.47194,1.87,2.25
2015.07.06 12:08:13.054,1.47159,1.47191,1.87,1.37
2015.07.06 12:08:13.361,1.47159,1.47188,1.37,1.37
2015.07.06 12:08:13.887,1.47159,1.4719,1.37,1.37
2015.07.06 12:08:13.988,1.47159,1.4719,1.75,1.37
2015.07.06 12:08:14.649,1.47159,1.47191,1.75,1.50
2015.07.06 12:08:15.196,1.47159,1.47189,1.75,1.00
2015.07.06 12:08:16.003,1.47159,1.4719,1.75,1.12
2015.07.06 12:08:16.515,1.47159,1.47188,1.75,1.00
2015.07.06 12:08:16.698,1.47159,1.47188,1.37,1.00
2015.07.06 12:08:16.799,1.47159,1.47188,1.37,1.37
2015.07.06 12:08:17.065,1.47159,1.47188,1.37,1.12
2015.07.06 12:08:18.168,1.47159,1.47187,1.37,1.37
2015.07.06 12:08:19.674,1.47159,1.47184,1.00,1.37
2015.07.06 12:08:21.204,1.47158,1.47184,1.12,1.37
2015.07.06 12:08:22.766,1.47156,1.47184,1.37,1.37
2015.07.06 12:08:23.086,1.47152,1.47178,1.00,1.12
2015.07.06 12:08:23.137,1.47151,1.47173,1.00,1.00
2015.07.06 12:08:23.239,1.47151,1.47183,1.34,1.37
2015.07.06 12:08:23.341,1.47151,1.47183,1.34,1.12
2015.07.06 12:08:23.997,1.47153,1.47188,1.84,1.37
2015.07.06 12:08:24.208,1.4716,1.47188,1.00,1.37
2015.07.06 12:08:24.438,1.4716,1.47188,1.00,1.00
2015.07.06 12:08:24.490,1.4716,1.47193,1.00,1.75
2015.07.06 12:08:24.591,1.47165,1.47194,1.00,1.12
2015.07.06 12:08:24.744,1.47165,1.47194,1.00,1.12
2015.07.06 12:08:24.947,1.47165,1.47194,1.00,1.12
2015.07.06 12:08:25.322,1.47162,1.47193,1.00,1.87
2015.07.06 12:08:25.837,1.47162,1.47194,1.00,1.87
2015.07.06 12:08:25.939,1.47162,1.47192,1.00,1.50
2015.07.06 12:08:27.017,1.47162,1.4719,1.00,1.37
2015.07.06 12:08:27.424,1.47169,1.47197,1.00,1.12
2015.07.06 12:08:27.528,1.47171,1.47202,2.59,1.87
2015.07.06 12:08:27.893,1.47177,1.47208,1.00,1.00
2015.07.06 12:08:27.944,1.47178,1.47214,1.00,1.37
2015.07.06 12:08:28.148,1.47178,1.4721,1.00,1.37
2015.07.06 12:08:29.106,1.47177,1.47208,1.00,1.75
2015.07.06 12:08:29.258,1.47174,1.47208,1.00,1.75
2015.07.06 12:08:29.843,1.47176,1.47208,1.00,1.37
2015.07.06 12:08:33.673,1.47174,1.47208,1.00,1.50
2015.07.06 12:08:34.590,1.47173,1.47205,1.00,1.37
2015.07.06 12:08:34.794,1.47173,1.47208,1.00,1.37
2015.07.06 12:08:35.042,1.47173,1.47205,1.00,1.00
2015.07.06 12:08:35.093,1.47166,1.47204,2.96,1.50
2015.07.06 12:08:35.145,1.47166,1.47204,2.96,1.50
2015.07.06 12:08:35.196,1.4717,1.47204,1.00,1.00
2015.07.06 12:08:35.501,1.47167,1.47203,1.46,1.00
2015.07.06 12:08:35.681,1.47169,1.47204,1.00,1.00
2015.07.06 12:08:36.095,1.47172,1.47207,1.00,1.50
2015.07.06 12:08:36.411,1.47172,1.47207,1.00,3.00
2015.07.06 12:08:36.888,1.47172,1.47205,1.34,1.37
2015.07.06 12:08:36.939,1.47172,1.47207,1.34,2.25
2015.07.06 12:08:37.243,1.47172,1.47207,1.71,1.37
2015.07.06 12:08:39.109,1.47172,1.47205,1.71,1.37
2015.07.06 12:08:39.213,1.47171,1.47203,1.84,1.00
2015.07.06 12:08:39.265,1.47171,1.47201,1.09,1.00
2015.07.06 12:08:40.066,1.47169,1.472,2.21,1.00
2015.07.06 12:08:40.219,1.47169,1.47203,2.21,1.87
2015.07.06 12:08:41.073,1.47173,1.47208,1.34,1.75
2015.07.06 12:08:41.788,1.47175,1.47206,1.09,1.75
2015.07.06 12:08:42.321,1.47175,1.47208,1.09,1.75
2015.07.06 12:08:42.474,1.47172,1.47208,1.34,2.25
2015.07.06 12:08:42.998,1.47176,1.47208,1.00,2.25
2015.07.06 12:08:43.514,1.47175,1.47208,1.09,2.25
2015.07.06 12:08:44.855,1.47175,1.47208,1.09,1.87
2015.07.06 12:08:45.364,1.47176,1.47204,1.00,1.50
2015.07.06 12:08:45.673,1.47176,1.47204,1.00,1.50
2015.07.06 12:08:46.039,1.47176,1.47204,1.00,1.87
2015.07.06 12:08:46.600,1.47176,1.47204,1.00,1.37
2015.07.06 12:08:56.712,1.47176,1.47206,1.00,1.12
2015.07.06 12:08:57.017,1.47176,1.47207,1.00,1.37
2015.07.06 12:08:57.532,1.47176,1.47206,1.00,1.37
2015.07.06 12:08:58.090,1.47176,1.47201,1.00,1.00
2015.07.06 12:08:58.588,1.47176,1.47209,1.00,1.87
2015.07.06 12:08:59.145,1.47177,1.47209,1.00,1.50
2015.07.06 12:09:00.053,1.47177,1.47209,1.00,1.37
2015.07.06 12:09:00.156,1.4718,1.47209,1.00,1.37
2015.07.06 12:09:00.309,1.47173,1.47208,1.00,1.37
2015.07.06 12:09:00.513,1.47173,1.47203,1.00,1.00
2015.07.06 12:09:01.105,1.47173,1.47206,1.00,1.37
2015.07.06 12:09:01.432,1.47173,1.47206,1.00,1.75
2015.07.06 12:09:01.866,1.47173,1.47206,1.00,1.37
2015.07.06 12:09:02.372,1.47173,1.47206,1.00,1.37
2015.07.06 12:09:02.899,1.47173,1.47206,1.00,1.37
2015.07.06 12:09:03.566,1.47173,1.47206,1.00,1.50
2015.07.06 12:09:06.777,1.47173,1.47209,1.00,4.12
2015.07.06 12:09:07.077,1.47173,1.47209,1.00,3.75
2015.07.06 12:09:07.636,1.47173,1.47205,1.00,1.50
2015.07.06 12:09:07.788,1.47173,1.47205,1.00,1.75
2015.07.06 12:09:07.890,1.47173,1.47204,1.00,1.50
2015.07.06 12:09:08.162,1.47173,1.472,1.00,1.00
2015.07.06 12:09:09.036,1.47173,1.47204,1.00,1.50
2015.07.06 12:09:09.242,1.47173,1.47204,1.00,1.50
2015.07.06 12:09:10.869,1.47173,1.47204,1.00,1.50
2015.07.06 12:09:12.162,1.47173,1.47204,1.00,1.12
2015.07.06 12:09:13.416,1.47173,1.47204,1.00,1.50
2015.07.06 12:09:15.407,1.47174,1.47204,1.50,1.50
2015.07.06 12:09:17.088,1.47174,1.47204,1.87,1.50
2015.07.06 12:09:18.586,1.47174,1.47205,1.87,1.50
2015.07.06 12:09:20.079,1.47174,1.47205,1.50,1.37
2015.07.06 12:09:20.588,1.47174,1.47209,2.25,1.87
2015.07.06 12:09:20.639,1.47176,1.47209,1.00,1.37
2015.07.06 12:09:21.090,1.47174,1.47208,2.25,1.37
2015.07.06 12:09:21.355,1.47177,1.47209,1.00,1.37
2015.07.06 12:09:21.623,1.47177,1.47209,1.00,1.37
2015.07.06 12:09:22.920,1.47177,1.47209,1.12,1.12
2015.07.06 12:09:23.124,1.47177,1.47212,1.12,1.87
2015.07.06 12:09:23.644,1.4718,1.47213,1.50,1.50
2015.07.06 12:09:23.989,1.4718,1.47214,1.50,2.25
2015.07.06 12:09:24.327,1.4718,1.47213,1.50,1.12
2015.07.06 12:09:24.440,1.4718,1.47214,1.50,2.25
2015.07.06 12:09:24.946,1.4718,1.47211,1.50,1.00
2015.07.06 12:09:26.200,1.4718,1.47215,1.50,1.50
2015.07.06 12:09:26.619,1.4718,1.47215,1.50,1.87
2015.07.06 12:09:27.690,1.4718,1.47214,1.50,1.37
2015.07.06 12:09:27.792,1.4718,1.47215,1.50,1.87
2015.07.06 12:09:28.338,1.4718,1.47215,1.50,2.62
2015.07.06 12:09:30.010,1.4718,1.4721,1.50,1.00
2015.07.06 12:09:30.279,1.4718,1.47214,2.25,1.37
2015.07.06 12:09:30.381,1.4718,1.47215,3.37,1.00
2015.07.06 12:09:30.432,1.4718,1.47215,3.00,1.37
2015.07.06 12:09:30.687,1.4718,1.47215,3.00,1.00
2015.07.06 12:09:31.011,1.4718,1.47213,3.00,1.00
2015.07.06 12:09:31.460,1.4718,1.47212,3.00,1.37
2015.07.06 12:09:31.523,1.4718,1.47212,3.00,1.37
2015.07.06 12:09:31.966,1.4718,1.47213,3.00,1.37
2015.07.06 12:09:32.169,1.4718,1.47213,3.00,1.37
2015.07.06 12:09:32.425,1.4718,1.47214,2.62,1.37
2015.07.06 12:09:32.739,1.4718,1.47214,2.62,1.75
2015.07.06 12:09:33.279,1.4718,1.47214,2.62,1.50
2015.07.06 12:09:33.786,1.4718,1.47214,2.62,1.37
2015.07.06 12:09:34.071,1.4718,1.47214,2.62,1.00
2015.07.06 12:09:34.585,1.4718,1.47213,1.87,1.00
2015.07.06 12:09:35.014,1.4718,1.4721,1.37,1.00
2015.07.06 12:09:35.500,1.47177,1.47208,1.09,1.00
2015.07.06 12:09:36.172,1.4718,1.47209,1.37,1.12
2015.07.06 12:09:37.216,1.47181,1.47214,1.12,1.50
2015.07.06 12:09:37.864,1.47181,1.47215,1.12,1.87
2015.07.06 12:09:39.929,1.47181,1.47214,1.00,1.00
2015.07.06 12:09:40.340,1.47182,1.47217,1.37,1.12
2015.07.06 12:09:40.391,1.47186,1.47217,1.50,1.00
2015.07.06 12:09:40.696,1.47186,1.47217,1.87,1.00
2015.07.06 12:09:42.419,1.47182,1.47211,1.87,1.00
2015.07.06 12:09:42.521,1.4718,1.47212,2.21,1.00
2015.07.06 12:09:42.573,1.4718,1.47209,1.12,1.00
2015.07.06 12:09:42.677,1.47181,1.47215,1.00,1.09
2015.07.06 12:09:42.728,1.47181,1.47209,1.00,1.00
2015.07.06 12:09:42.830,1.47182,1.47214,1.00,1.00
2015.07.06 12:09:43.047,1.47182,1.47216,1.00,1.00
2015.07.06 12:09:43.521,1.47182,1.47216,1.50,1.00
2015.07.06 12:09:43.677,1.47185,1.47218,1.12,1.12
2015.07.06 12:09:43.881,1.47187,1.4722,1.00,1.50
2015.07.06 12:09:44.421,1.47187,1.47219,1.00,1.12
2015.07.06 12:09:45.539,1.47187,1.47221,1.00,1.50
2015.07.06 12:09:46.243,1.47187,1.47221,1.00,1.87
2015.07.06 12:09:46.295,1.47182,1.47215,1.12,1.00
2015.07.06 12:09:47.674,1.47182,1.47215,1.12,1.37
2015.07.06 12:09:48.187,1.47185,1.47218,1.00,1.50
2015.07.06 12:09:48.518,1.47185,1.47215,1.00,1.00
2015.07.06 12:09:48.633,1.47185,1.47217,1.00,1.50
2015.07.06 12:09:49.144,1.47186,1.47217,1.00,1.50
2015.07.06 12:09:49.688,1.47186,1.47219,1.00,2.62
2015.07.06 12:09:49.891,1.47186,1.47218,1.00,1.50
2015.07.06 12:09:50.206,1.47186,1.47215,1.00,1.00
2015.07.06 12:09:50.644,1.47186,1.47219,1.00,2.25
2015.07.06 12:09:50.695,1.47186,1.47219,1.00,1.50
2015.07.06 12:09:52.898,1.47186,1.47219,1.12,1.50
2015.07.06 12:09:53.208,1.47186,1.47219,1.12,1.37
2015.07.06 12:09:53.514,1.4718,1.47212,1.09,1.75
2015.07.06 12:09:53.616,1.47179,1.47209,1.09,1.00
2015.07.06 12:09:53.908,1.47175,1.47206,1.87,1.00
2015.07.06 12:09:54.618,1.47171,1.47206,2.21,1.00
2015.07.06 12:09:54.771,1.47179,1.47208,1.00,1.00
2015.07.06 12:09:54.822,1.47179,1.4721,1.00,1.12
2015.07.06 12:09:54.924,1.47179,1.47212,1.00,1.00
2015.07.06 12:09:55.168,1.47182,1.47213,1.00,1.12
2015.07.06 12:09:55.219,1.47179,1.47213,1.00,1.12
2015.07.06 12:09:55.589,1.47185,1.47214,1.00,1.00
2015.07.06 12:09:56.115,1.47185,1.47215,1.00,1.12
2015.07.06 12:09:56.474,1.47187,1.47216,1.00,1.00
2015.07.06 12:09:56.525,1.47187,1.47218,1.00,1.12
2015.07.06 12:09:57.084,1.47187,1.47216,1.00,1.00
2015.07.06 12:09:57.186,1.47187,1.47218,1.00,1.12
2015.07.06 12:09:58.247,1.47187,1.47219,1.00,1.12
2015.07.06 12:09:58.348,1.47187,1.47218,1.00,1.37
2015.07.06 12:09:58.811,1.47185,1.47216,1.00,1.50
2015.07.06 12:09:58.863,1.47185,1.4721,1.00,1.00
2015.07.06 12:09:59.067,1.47183,1.47209,1.00,1.12
2015.07.06 12:09:59.118,1.4718,1.47209,1.00,1.87
2015.07.06 12:09:59.170,1.47177,1.47209,1.37,2.62
2015.07.06 12:09:59.373,1.47173,1.47208,1.75,1.37
2015.07.06 12:09:59.782,1.47172,1.47205,1.75,1.37
2015.07.06 12:09:59.884,1.47172,1.47204,1.75,1.00
2015.07.06 12:10:00.437,1.47171,1.47203,1.09,1.00
2015.07.06 12:10:00.645,1.47168,1.47203,2.59,1.00
2015.07.06 12:10:01.378,1.47168,1.47203,1.84,1.87
2015.07.06 12:10:01.579,1.47168,1.47203,1.84,1.87
2015.07.06 12:10:01.630,1.47168,1.47199,1.84,1.00
2015.07.06 12:10:01.935,1.47168,1.47196,1.84,1.00
2015.07.06 12:10:03.308,1.47163,1.47196,1.75,1.37
2015.07.06 12:10:03.659,1.47177,1.47194,1.09,1.00
2015.07.06 12:10:03.711,1.4718,1.47196,3.00,1.00
2015.07.06 12:10:03.916,1.47177,1.47204,2.59,1.00
2015.07.06 12:10:03.967,1.47183,1.4721,1.75,1.00
2015.07.06 12:10:04.019,1.47185,1.47215,2.25,1.00
2015.07.06 12:10:04.122,1.47189,1.47219,1.37,1.00
2015.07.06 12:10:04.378,1.47189,1.47222,1.37,1.50
2015.07.06 12:10:04.581,1.47191,1.47219,1.00,1.00
2015.07.06 12:10:04.734,1.47191,1.47222,1.00,1.00
2015.07.06 12:10:04.785,1.47191,1.47217,1.00,1.00
2015.07.06 12:10:05.040,1.47191,1.47219,1.00,1.00
2015.07.06 12:10:05.143,1.47191,1.47217,1.00,1.00
2015.07.06 12:10:05.493,1.47189,1.47216,1.00,1.00
2015.07.06 12:10:05.544,1.47186,1.47217,1.12,1.00
2015.07.06 12:10:06.217,1.47186,1.47221,1.12,1.00
2015.07.06 12:10:06.445,1.47186,1.47216,1.12,1.00
2015.07.06 12:10:06.599,1.47186,1.4722,1.12,1.00
2015.07.06 12:10:06.956,1.47186,1.4722,1.37,1.50
2015.07.06 12:10:07.279,1.47186,1.4722,1.37,1.87
2015.07.06 12:10:07.811,1.47186,1.4722,1.37,1.37
2015.07.06 12:10:08.888,1.47186,1.47218,1.37,1.37
2015.07.06 12:10:09.041,1.47186,1.47216,1.00,1.12
2015.07.06 12:10:09.092,1.47186,1.47213,1.00,1.00
2015.07.06 12:10:09.498,1.47184,1.47211,1.37,1.00
2015.07.06 12:10:10.277,1.47181,1.47213,2.96,1.00
2015.07.06 12:10:10.789,1.47181,1.47213,2.59,1.37
2015.07.06 12:10:11.244,1.47181,1.47214,1.84,1.50
2015.07.06 12:10:11.397,1.47181,1.47211,1.84,1.00
2015.07.06 12:10:11.908,1.47181,1.4721,2.59,1.12
2015.07.06 12:10:12.227,1.47181,1.47207,2.59,1.00
2015.07.06 12:10:13.261,1.47181,1.47207,2.21,1.00
2015.07.06 12:10:13.838,1.47181,1.47208,2.21,1.00
2015.07.06 12:10:14.168,1.47191,1.47208,1.00,1.00
2015.07.06 12:10:14.372,1.47181,1.47211,1.46,1.00
2015.07.06 12:10:14.525,1.47186,1.4721,1.00,1.00
2015.07.06 12:10:14.830,1.47181,1.47209,1.46,1.00
2015.07.06 12:10:15.145,1.47181,1.47207,1.46,1.00
2015.07.06 12:10:15.588,1.47181,1.47204,2.21,1.00
2015.07.06 12:10:15.690,1.47186,1.47209,1.00,1.00
2015.07.06 12:10:15.945,1.47181,1.47209,2.21,1.00
2015.07.06 12:10:17.527,1.47181,1.4721,1.46,1.00
2015.07.06 12:10:17.578,1.47186,1.4721,1.00,1.00
2015.07.06 12:10:18.120,1.47186,1.47209,1.00,1.00
2015.07.06 12:10:18.376,1.47185,1.47211,1.00,1.00
2015.07.06 12:10:18.732,1.47185,1.47217,1.00,1.50
2015.07.06 12:10:18.835,1.47187,1.47217,2.25,1.00
2015.07.06 12:10:18.886,1.47191,1.47219,1.12,1.00
2015.07.06 12:10:19.333,1.47191,1.47217,1.12,1.00
2015.07.06 12:10:19.638,1.47183,1.47211,1.75,1.00
2015.07.06 12:10:19.740,1.47182,1.47209,1.12,1.00
2015.07.06 12:10:19.995,1.47182,1.47206,1.12,1.00
2015.07.06 12:10:20.097,1.47182,1.47209,1.12,1.00
2015.07.06 12:10:20.199,1.47184,1.47208,1.00,1.00
2015.07.06 12:10:20.439,1.47184,1.47211,1.00,1.00
2015.07.06 12:10:20.491,1.47186,1.47211,1.00,1.00
2015.07.06 12:10:20.644,1.47186,1.47213,1.50,1.00
2015.07.06 12:10:20.751,1.47183,1.47209,1.00,1.00
2015.07.06 12:10:20.853,1.47182,1.47211,1.00,1.00
2015.07.06 12:10:20.998,1.47181,1.47213,1.50,1.00
2015.07.06 12:10:21.241,1.47181,1.47211,1.50,1.00
2015.07.06 12:10:21.547,1.47176,1.47201,1.37,1.00
2015.07.06 12:10:21.598,1.47176,1.47201,1.00,1.00
2015.07.06 12:10:21.751,1.47176,1.47205,1.00,1.00
2015.07.06 12:10:21.957,1.47176,1.47199,1.50,1.00
2015.07.06 12:10:22.502,1.47175,1.472,1.00,1.00
2015.07.06 12:10:22.819,1.47178,1.47207,1.37,1.00
2015.07.06 12:10:22.921,1.4718,1.4721,1.00,2.25
2015.07.06 12:10:22.972,1.47184,1.4721,1.00,1.00
2015.07.06 12:10:23.410,1.47187,1.47211,1.00,1.00
2015.07.06 12:10:24.056,1.47187,1.47212,1.00,1.00
2015.07.06 12:10:24.482,1.47189,1.47215,1.00,1.00
2015.07.06 12:10:24.584,1.47189,1.47218,1.00,1.00
2015.07.06 12:10:24.686,1.47189,1.47215,1.00,1.37
2015.07.06 12:10:25.011,1.47188,1.47209,1.00,1.00
2015.07.06 12:10:25.868,1.47185,1.47209,1.12,1.00
2015.07.06 12:10:26.122,1.47185,1.47209,1.75,1.00
2015.07.06 12:10:26.548,1.47185,1.47213,1.75,1.00
2015.07.06 12:10:26.914,1.47188,1.47215,1.37,1.00
2015.07.06 12:10:26.965,1.47189,1.47217,1.12,1.00
2015.07.06 12:10:27.475,1.4719,1.47216,1.00,1.00
2015.07.06 12:10:27.577,1.4719,1.4722,1.00,1.87
2015.07.06 12:10:28.179,1.4719,1.47217,1.00,1.00
2015.07.06 12:10:28.395,1.4719,1.47217,1.50,1.00
2015.07.06 12:10:28.932,1.4719,1.47216,1.50,1.00
2015.07.06 12:10:29.644,1.4719,1.4722,1.50,1.00
2015.07.06 12:10:29.696,1.47196,1.4722,1.00,1.00
2015.07.06 12:10:29.797,1.47191,1.4722,1.37,1.37
2015.07.06 12:10:29.849,1.47191,1.47216,1.37,1.00
2015.07.06 12:10:30.765,1.47191,1.47217,1.37,1.00
2015.07.06 12:10:31.277,1.47191,1.47216,1.37,1.00
2015.07.06 12:10:31.532,1.47191,1.4722,1.50,1.37
2015.07.06 12:10:31.972,1.47191,1.47217,1.50,1.00
2015.07.06 12:10:32.873,1.4719,1.47216,1.75,1.00
2015.07.06 12:10:34.572,1.4719,1.47216,1.37,1.12
2015.07.06 12:10:35.155,1.4719,1.47215,1.37,1.00
2015.07.06 12:10:35.730,1.47189,1.47216,1.37,1.00
2015.07.06 12:10:36.491,1.47189,1.47217,1.37,1.00
2015.07.06 12:10:36.592,1.47189,1.47215,1.37,1.00
2015.07.06 12:10:37.122,1.47189,1.47213,1.00,1.00
2015.07.06 12:10:39.291,1.47191,1.47213,1.37,1.00
2015.07.06 12:10:39.444,1.47191,1.47215,1.37,1.00
2015.07.06 12:10:41.419,1.47191,1.47216,1.37,1.00
2015.07.06 12:10:42.183,1.47191,1.47214,1.37,1.00
2015.07.06 12:10:42.569,1.4719,1.47212,1.37,1.00
2015.07.06 12:10:42.620,1.4719,1.47214,1.37,1.12
2015.07.06 12:10:43.288,1.4719,1.47212,1.37,1.00
2015.07.06 12:10:44.722,1.47186,1.47212,1.46,1.00
2015.07.06 12:10:45.007,1.47181,1.4721,1.87,1.00
2015.07.06 12:10:45.345,1.47181,1.47204,1.75,1.00
2015.07.06 12:10:46.253,1.47181,1.47205,1.75,1.00
2015.07.06 12:10:46.559,1.47178,1.47203,2.59,1.00
2015.07.06 12:10:46.610,1.47178,1.47206,2.59,1.00
2015.07.06 12:10:46.713,1.47178,1.47208,2.59,1.00
2015.07.06 12:10:46.815,1.47179,1.4721,1.75,1.12
2015.07.06 12:10:47.477,1.4718,1.47206,1.37,1.00
2015.07.06 12:10:47.580,1.47186,1.4721,1.00,1.00
2015.07.06 12:10:47.682,1.47186,1.47215,1.50,1.37
2015.07.06 12:10:47.784,1.47186,1.47215,1.50,1.00
2015.07.06 12:10:47.836,1.47186,1.47217,1.50,1.50
2015.07.06 12:10:47.938,1.47182,1.47211,1.37,1.00
2015.07.06 12:10:48.336,1.47181,1.47201,1.37,1.00
2015.07.06 12:10:48.438,1.47175,1.47198,1.00,1.00
2015.07.06 12:10:48.489,1.47175,1.47196,1.00,1.00
2015.07.06 12:10:48.895,1.47171,1.47196,1.00,1.00
2015.07.06 12:10:49.099,1.47175,1.47196,1.00,1.00
2015.07.06 12:10:49.200,1.4717,1.47196,1.12,1.00
2015.07.06 12:10:49.478,1.4717,1.47202,1.12,2.25
2015.07.06 12:10:49.681,1.47171,1.47199,1.50,1.00
2015.07.06 12:10:49.986,1.47171,1.47196,1.00,1.00
2015.07.06 12:10:50.586,1.4717,1.47194,1.00,1.00
2015.07.06 12:10:50.897,1.47171,1.47192,1.50,1.00
2015.07.06 12:10:51.000,1.4717,1.47196,1.75,1.87
2015.07.06 12:10:51.479,1.4717,1.47194,1.75,1.00
2015.07.06 12:10:51.531,1.4717,1.47196,2.25,1.00
2015.07.06 12:10:51.632,1.47171,1.47199,1.50,1.00
2015.07.06 12:10:51.684,1.47171,1.47193,1.50,1.00
2015.07.06 12:10:51.735,1.47168,1.47193,1.00,1.00
2015.07.06 12:10:51.786,1.47166,1.4719,1.00,1.00
2015.07.06 12:10:52.093,1.47165,1.47184,1.00,1.00
2015.07.06 12:10:52.532,1.47161,1.47181,1.00,1.00
2015.07.06 12:10:52.846,1.47161,1.47179,1.00,1.00
2015.07.06 12:10:53.395,1.47161,1.4718,1.00,1.00
2015.07.06 12:10:53.737,1.47161,1.47188,1.00,1.50
2015.07.06 12:10:54.253,1.47157,1.47188,1.34,1.50
2015.07.06 12:10:55.068,1.47155,1.47187,1.34,1.37
2015.07.06 12:10:55.588,1.47161,1.47183,1.00,1.12
2015.07.06 12:10:56.126,1.47156,1.47183,1.34,1.12
2015.07.06 12:10:56.636,1.47156,1.47183,1.34,1.37
2015.07.06 12:10:59.658,1.47154,1.47183,1.84,1.37
2015.07.06 12:10:59.884,1.47152,1.47183,1.09,1.37
2015.07.06 12:11:00.547,1.47152,1.47183,1.09,1.75
2015.07.06 12:11:00.699,1.47146,1.47178,2.62,1.50
2015.07.06 12:11:00.852,1.47146,1.47178,1.00,1.87
2015.07.06 12:11:01.097,1.4715,1.47178,1.00,1.00
2015.07.06 12:11:01.403,1.47155,1.47174,1.00,1.00
2015.07.06 12:11:02.413,1.47151,1.47174,1.00,1.12
2015.07.06 12:11:02.837,1.47156,1.47174,1.00,1.12
2015.07.06 12:11:03.058,1.4715,1.47174,1.00,1.37
2015.07.06 12:11:03.262,1.4715,1.47174,1.00,1.37
2015.07.06 12:11:03.574,1.47141,1.47174,1.71,1.37
2015.07.06 12:11:03.625,1.47141,1.47174,1.46,1.37
2015.07.06 12:11:04.146,1.47141,1.47174,1.46,1.37
2015.07.06 12:11:04.299,1.47146,1.47174,1.00,1.37
2015.07.06 12:11:04.351,1.47146,1.47174,1.00,1.37
2015.07.06 12:11:04.884,1.47145,1.47174,1.37,1.00
2015.07.06 12:11:05.037,1.47146,1.47179,1.71,1.00
2015.07.06 12:11:05.443,1.47146,1.47181,1.34,1.50
2015.07.06 12:11:05.800,1.47144,1.47175,1.84,1.00
2015.07.06 12:11:06.300,1.47141,1.47175,1.71,1.87
2015.07.06 12:11:06.846,1.47141,1.47175,1.46,1.87
2015.07.06 12:11:09.703,1.47141,1.47175,1.71,1.87
2015.07.06 12:11:10.189,1.47145,1.47175,1.00,1.87
2015.07.06 12:11:10.533,1.4715,1.47175,1.34,1.50
2015.07.06 12:11:10.849,1.4716,1.47189,1.00,1.87
2015.07.06 12:11:11.003,1.47156,1.47181,1.00,1.00
2015.07.06 12:11:11.513,1.4715,1.47181,1.34,1.00
2015.07.06 12:11:12.498,1.4715,1.47181,1.34,1.37
2015.07.06 12:11:12.905,1.47148,1.47181,1.34,1.75
2015.07.06 12:11:13.668,1.47143,1.47177,1.09,1.37
2015.07.06 12:11:14.138,1.47143,1.47177,1.09,1.37
2015.07.06 12:11:14.702,1.47143,1.47177,1.09,1.50
2015.07.06 12:11:15.500,1.4714,1.47172,1.84,1.37
2015.07.06 12:11:15.603,1.47141,1.47172,1.34,1.12
2015.07.06 12:11:19.486,1.47146,1.47172,1.00,1.00
2015.07.06 12:11:19.588,1.47142,1.47172,1.46,1.00
2015.07.06 12:11:19.877,1.47146,1.47172,1.00,1.00
2015.07.06 12:11:20.339,1.47141,1.47172,1.84,1.00
2015.07.06 12:11:23.403,1.47146,1.47172,1.00,1.00
2015.07.06 12:11:23.723,1.4714,1.47172,2.96,1.37
2015.07.06 12:11:24.242,1.47141,1.47172,1.34,1.00
2015.07.06 12:11:26.540,1.47138,1.47172,1.71,1.37
2015.07.06 12:11:26.846,1.47136,1.47165,1.00,1.12
2015.07.06 12:11:26.949,1.47141,1.47165,1.00,1.00
2015.07.06 12:11:27.287,1.47141,1.47165,1.00,1.37
2015.07.06 12:11:27.799,1.4714,1.47165,1.00,1.37
2015.07.06 12:11:27.953,1.4714,1.47165,1.00,1.00
2015.07.06 12:11:28.275,1.47145,1.47169,1.00,1.00
2015.07.06 12:11:28.327,1.47145,1.47174,1.00,1.87
2015.07.06 12:11:28.379,1.47146,1.47174,1.00,1.50
2015.07.06 12:11:28.481,1.47144,1.47174,1.00,1.50
2015.07.06 12:11:28.901,1.47151,1.47174,1.00,1.50
2015.07.06 12:11:29.419,1.4715,1.47174,1.00,1.50
2015.07.06 12:11:29.827,1.47156,1.47178,1.00,1.00
2015.07.06 12:11:29.930,1.47151,1.47183,1.34,1.00
2015.07.06 12:11:34.178,1.47156,1.47184,1.34,1.00
2015.07.06 12:11:34.229,1.47156,1.47187,1.34,1.12
2015.07.06 12:11:35.456,1.47156,1.47187,1.09,1.12
2015.07.06 12:11:36.860,1.47161,1.47187,1.00,1.00
2015.07.06 12:11:37.400,1.47161,1.47188,1.00,1.00
2015.07.06 12:11:37.737,1.47161,1.47188,1.34,1.00
2015.07.06 12:11:38.099,1.47165,1.47196,2.96,1.12
2015.07.06 12:11:45.691,1.47165,1.47196,1.84,1.50
2015.07.06 12:11:45.793,1.47165,1.47196,1.84,1.37
2015.07.06 12:11:46.049,1.47163,1.47196,1.34,1.37
2015.07.06 12:11:47.210,1.47163,1.47196,1.34,1.37
2015.07.06 12:11:47.735,1.47163,1.47196,1.34,1.37
2015.07.06 12:11:48.663,1.47163,1.47196,1.00,1.37
2015.07.06 12:11:49.930,1.47163,1.47196,1.00,1.37
2015.07.06 12:11:50.433,1.47163,1.47193,1.00,1.12
2015.07.06 12:11:51.766,1.47163,1.47193,1.00,1.37
2015.07.06 12:11:52.296,1.47161,1.47193,2.62,1.12
2015.07.06 12:11:52.464,1.47166,1.47193,1.00,1.12
2015.07.06 12:11:53.104,1.47165,1.47193,1.00,1.00
2015.07.06 12:11:53.425,1.47165,1.47196,1.34,1.87
2015.07.06 12:11:53.768,1.47165,1.47194,1.34,1.00
2015.07.06 12:11:54.690,1.47165,1.47195,1.34,1.00
2015.07.06 12:11:54.742,1.47167,1.47197,1.46,1.00
2015.07.06 12:11:55.350,1.47167,1.47195,1.46,1.00
2015.07.06 12:11:55.845,1.47167,1.47194,1.00,1.00
2015.07.06 12:11:55.896,1.47167,1.47189,1.00,1.00
2015.07.06 12:11:56.101,1.47167,1.47194,1.00,1.00
2015.07.06 12:11:56.152,1.47167,1.47193,1.00,1.37
2015.07.06 12:11:56.459,1.47157,1.47175,1.37,1.00
2015.07.06 12:11:56.561,1.47161,1.4718,1.12,1.00
2015.07.06 12:11:56.663,1.47161,1.47187,1.00,1.00
2015.07.06 12:11:57.230,1.47161,1.47186,1.00,1.00
2015.07.06 12:11:57.753,1.47161,1.47185,1.00,1.00
2015.07.06 12:11:57.855,1.47162,1.47185,1.34,1.00
2015.07.06 12:11:57.906,1.47162,1.47188,1.34,1.00
2015.07.06 12:11:58.008,1.47166,1.47192,1.12,1.00
2015.07.06 12:11:58.512,1.47165,1.47193,1.09,1.00
2015.07.06 12:11:59.292,1.47166,1.47193,1.00,1.00
2015.07.06 12:11:59.800,1.47165,1.47193,1.09,1.00
2015.07.06 12:12:00.443,1.47164,1.47194,1.09,1.00
2015.07.06 12:12:00.986,1.47165,1.47195,1.09,1.00
2015.07.06 12:12:01.624,1.47165,1.47194,1.09,1.00
2015.07.06 12:12:02.754,1.47163,1.47196,1.71,1.12
2015.07.06 12:12:03.856,1.47164,1.47199,1.09,2.62
2015.07.06 12:12:04.392,1.47164,1.47196,1.09,1.00
2015.07.06 12:12:05.895,1.4717,1.47194,1.00,1.00
2015.07.06 12:12:06.150,1.4717,1.47196,1.00,1.00
2015.07.06 12:12:06.315,1.47165,1.47196,1.46,1.00
2015.07.06 12:12:06.519,1.47171,1.47196,1.00,1.00
2015.07.06 12:12:07.067,1.47171,1.47195,1.00,1.00
2015.07.06 12:12:07.315,1.47166,1.47195,1.50,1.00
2015.07.06 12:12:07.823,1.47166,1.47196,1.50,1.00
2015.07.06 12:12:08.775,1.47166,1.47194,1.50,1.00
2015.07.06 12:12:09.296,1.47168,1.47193,1.00,1.00
2015.07.06 12:12:09.547,1.4717,1.47201,1.00,1.00
2015.07.06 12:12:09.598,1.47166,1.47201,2.62,1.37
2015.07.06 12:12:09.853,1.47171,1.47201,1.00,1.37
2015.07.06 12:12:10.366,1.47171,1.472,1.50,1.37
2015.07.06 12:12:10.884,1.47171,1.472,1.50,1.00
2015.07.06 12:12:11.537,1.47171,1.472,1.50,1.37
2015.07.06 12:12:12.025,1.47175,1.472,1.00,1.87
2015.07.06 12:12:12.076,1.47175,1.47201,1.00,1.12
2015.07.06 12:12:12.616,1.47176,1.47201,1.00,1.12
2015.07.06 12:12:13.361,1.47175,1.47201,1.00,1.12
2015.07.06 12:12:14.485,1.47176,1.47201,1.00,1.12
2015.07.06 12:12:14.704,1.47176,1.47205,1.00,1.87
2015.07.06 12:12:14.806,1.47176,1.47207,1.37,1.37
2015.07.06 12:12:14.908,1.47177,1.47207,1.37,1.00
2015.07.06 12:12:14.961,1.47175,1.47202,1.50,1.00
2015.07.06 12:12:15.167,1.47176,1.47206,1.37,1.00
2015.07.06 12:12:15.474,1.47176,1.47196,1.37,1.00
2015.07.06 12:12:15.577,1.47176,1.47196,1.00,1.00
2015.07.06 12:12:15.679,1.47171,1.47196,1.00,1.00
2015.07.06 12:12:15.730,1.47171,1.47194,1.00,1.00
2015.07.06 12:12:16.240,1.4717,1.47198,1.00,1.00
2015.07.06 12:12:16.342,1.47167,1.47198,1.87,1.00
2015.07.06 12:12:16.613,1.47167,1.472,2.25,1.00
2015.07.06 12:12:16.867,1.47167,1.47197,1.50,1.00
2015.07.06 12:12:16.919,1.47167,1.47191,1.00,1.00
2015.07.06 12:12:16.970,1.47164,1.47191,1.00,1.00
2015.07.06 12:12:17.124,1.47164,1.47197,1.00,1.87
2015.07.06 12:12:17.735,1.47164,1.47197,1.00,1.87
2015.07.06 12:12:17.940,1.47159,1.47196,2.96,1.37
2015.07.06 12:12:18.245,1.47159,1.47196,2.96,1.87
2015.07.06 12:12:18.558,1.47166,1.47196,1.00,1.50
2015.07.06 12:12:18.824,1.47166,1.47196,1.00,1.37
2015.07.06 12:12:19.028,1.47165,1.47196,1.00,1.00
2015.07.06 12:12:19.079,1.47165,1.47197,2.25,1.50
2015.07.06 12:12:19.284,1.47171,1.47203,1.00,1.12
2015.07.06 12:12:19.543,1.47169,1.472,1.37,1.00
2015.07.06 12:12:20.046,1.47166,1.47199,1.37,1.00
2015.07.06 12:12:20.422,1.47171,1.47199,1.00,1.75
2015.07.06 12:12:21.090,1.47171,1.47199,1.00,1.75
2015.07.06 12:12:21.146,1.47163,1.47199,1.87,1.75
2015.07.06 12:12:21.914,1.47163,1.47199,1.87,1.50
2015.07.06 12:12:22.119,1.47163,1.47199,1.87,1.37
2015.07.06 12:12:22.363,1.47166,1.47199,1.00,1.37
2015.07.06 12:12:22.465,1.47163,1.47199,1.87,1.37
2015.07.06 12:12:22.618,1.47163,1.47199,1.87,1.00
2015.07.06 12:12:23.076,1.47168,1.47198,1.00,1.00
2015.07.06 12:12:23.598,1.47168,1.472,1.00,1.00
2015.07.06 12:12:23.651,1.47168,1.472,1.00,1.37
2015.07.06 12:12:24.534,1.47168,1.472,1.00,1.50
2015.07.06 12:12:26.263,1.47168,1.472,1.00,1.75
2015.07.06 12:12:26.827,1.47168,1.472,1.00,2.21
2015.07.06 12:12:27.132,1.47166,1.47194,1.00,1.37
2015.07.06 12:12:27.634,1.47165,1.47193,1.00,1.00
2015.07.06 12:12:27.940,1.47167,1.47195,1.00,1.12
2015.07.06 12:12:28.145,1.47165,1.47195,1.00,1.12
2015.07.06 12:12:28.884,1.47166,1.47193,1.00,1.00
2015.07.06 12:12:28.986,1.47162,1.47193,2.25,1.00
2015.07.06 12:12:29.088,1.47162,1.47194,1.50,1.12
2015.07.06 12:12:29.190,1.47162,1.47193,1.50,1.00
2015.07.06 12:12:29.834,1.4717,1.47195,1.00,1.12
2015.07.06 12:12:30.089,1.4717,1.472,1.50,1.37
2015.07.06 12:12:30.945,1.47171,1.47201,1.00,1.12
2015.07.06 12:12:33.023,1.47171,1.472,1.00,1.12
2015.07.06 12:12:34.120,1.4717,1.47196,1.00,1.37
2015.07.06 12:12:34.222,1.47165,1.47196,1.00,1.37
2015.07.06 12:12:34.274,1.47165,1.47198,1.00,2.25
2015.07.06 12:12:34.325,1.47163,1.47198,1.00,2.25
2015.07.06 12:12:34.376,1.47163,1.47198,1.34,1.50
2015.07.06 12:12:35.275,1.47166,1.47198,1.34,1.00
2015.07.06 12:12:35.428,1.47171,1.47198,1.00,1.00
2015.07.06 12:12:36.480,1.47166,1.47198,1.84,1.00
2015.07.06 12:12:36.634,1.4717,1.47198,1.00,1.00
2015.07.06 12:12:36.737,1.47166,1.47198,1.34,1.37
2015.07.06 12:12:36.789,1.47166,1.47196,1.34,1.50
2015.07.06 12:12:36.893,1.47162,1.47196,1.34,1.00
2015.07.06 12:12:36.945,1.47165,1.47194,1.34,1.00
2015.07.06 12:12:37.734,1.47165,1.47194,1.34,1.50
2015.07.06 12:12:39.944,1.47166,1.47194,1.34,1.75
2015.07.06 12:12:40.442,1.47166,1.47193,1.34,1.00
2015.07.06 12:12:40.544,1.47163,1.47195,1.84,1.00
2015.07.06 12:12:40.834,1.47166,1.472,1.34,1.37
2015.07.06 12:12:42.193,1.47166,1.472,1.34,1.75
2015.07.06 12:12:42.398,1.47163,1.472,2.25,1.75
2015.07.06 12:12:42.500,1.47163,1.472,2.25,2.25
2015.07.06 12:12:43.119,1.47163,1.47201,2.25,3.37
2015.07.06 12:12:43.650,1.47163,1.47201,2.25,3.00
2015.07.06 12:12:44.305,1.47163,1.47201,2.25,3.37
2015.07.06 12:12:44.786,1.47167,1.47201,1.00,2.62
2015.07.06 12:12:44.838,1.47165,1.47201,1.00,3.37
2015.07.06 12:12:44.940,1.47165,1.47201,1.00,3.00
2015.07.06 12:12:44.991,1.47163,1.472,2.25,1.37
2015.07.06 12:12:45.846,1.47166,1.47201,1.00,1.87
2015.07.06 12:12:46.377,1.47167,1.47201,1.00,1.87
2015.07.06 12:12:46.533,1.47166,1.47201,1.00,1.50
2015.07.06 12:12:47.096,1.47164,1.47201,1.00,1.50
2015.07.06 12:12:47.250,1.47164,1.47201,1.00,2.25
2015.07.06 12:12:48.813,1.47166,1.47201,1.00,2.25
2015.07.06 12:12:48.916,1.47166,1.47199,1.00,1.12
2015.07.06 12:12:49.263,1.4717,1.472,1.00,1.50
2015.07.06 12:12:51.127,1.47166,1.472,1.00,1.50
2015.07.06 12:12:51.669,1.47166,1.472,1.00,1.00
2015.07.06 12:12:52.116,1.47171,1.472,1.00,1.00
2015.07.06 12:12:53.329,1.47165,1.472,2.25,1.00
2015.07.06 12:12:53.874,1.47171,1.472,1.00,1.00
2015.07.06 12:12:54.315,1.47166,1.472,1.00,1.00
2015.07.06 12:12:55.194,1.47171,1.472,1.00,1.00
2015.07.06 12:12:55.660,1.47166,1.472,1.00,1.00
2015.07.06 12:12:55.883,1.4717,1.472,1.00,1.00
2015.07.06 12:12:57.393,1.47165,1.472,1.50,1.00
2015.07.06 12:12:57.764,1.47171,1.472,1.00,1.00
2015.07.06 12:12:57.991,1.47165,1.472,1.50,1.00
2015.07.06 12:12:58.263,1.47171,1.472,1.00,1.00
2015.07.06 12:12:59.298,1.47166,1.472,1.00,1.00
2015.07.06 12:13:00.144,1.47165,1.472,1.50,1.00
2015.07.06 12:13:01.053,1.47166,1.472,1.00,1.00
2015.07.06 12:13:01.324,1.47166,1.472,1.00,1.50
2015.07.06 12:13:01.630,1.47166,1.47195,1.00,1.00
2015.07.06 12:13:01.937,1.47166,1.4719,1.00,1.00
2015.07.06 12:13:02.218,1.47161,1.4719,1.00,1.00
2015.07.06 12:13:02.270,1.47165,1.4719,1.00,1.00
2015.07.06 12:13:02.814,1.47166,1.4719,1.00,1.00
2015.07.06 12:13:03.120,1.47171,1.4719,1.00,1.00
2015.07.06 12:13:03.425,1.47165,1.4719,2.25,1.00
2015.07.06 12:13:03.476,1.47166,1.47196,1.00,1.00
2015.07.06 12:13:03.680,1.47166,1.47188,1.00,1.00
2015.07.06 12:13:03.731,1.47166,1.47194,1.00,1.00
2015.07.06 12:13:03.833,1.47166,1.47197,1.00,2.21
2015.07.06 12:13:04.138,1.47171,1.47197,1.00,2.21
2015.07.06 12:13:04.689,1.4717,1.47197,1.00,2.21
2015.07.06 12:13:06.117,1.47171,1.47203,1.00,1.75
2015.07.06 12:13:07.284,1.4717,1.472,1.00,1.75
2015.07.06 12:13:07.959,1.47171,1.47196,1.00,1.00
2015.07.06 12:13:08.609,1.47171,1.47193,1.00,1.00
2015.07.06 12:13:09.089,1.4717,1.4719,1.00,1.00
2015.07.06 12:13:09.395,1.4717,1.47188,1.00,1.00
2015.07.06 12:13:09.751,1.4717,1.47186,1.00,1.00
2015.07.06 12:13:10.089,1.47166,1.47186,1.00,1.00
2015.07.06 12:13:10.191,1.47166,1.47189,1.00,1.00
2015.07.06 12:13:10.711,1.47165,1.47189,1.00,1.00
2015.07.06 12:13:10.945,1.47162,1.47187,1.00,1.00
2015.07.06 12:13:11.590,1.47162,1.47182,1.00,1.00
2015.07.06 12:13:12.285,1.47161,1.47182,1.00,1.00
2015.07.06 12:13:12.387,1.47157,1.47179,1.00,1.00
2015.07.06 12:13:12.488,1.47161,1.47177,1.00,1.00
2015.07.06 12:13:12.590,1.47155,1.47177,1.00,1.00
2015.07.06 12:13:13.465,1.47155,1.47176,1.00,1.00
2015.07.06 12:13:13.976,1.47155,1.47177,1.00,1.00
2015.07.06 12:13:14.027,1.47153,1.47179,1.00,1.00
2015.07.06 12:13:14.261,1.47156,1.47179,1.00,1.00
2015.07.06 12:13:14.771,1.47156,1.47181,1.00,1.37
2015.07.06 12:13:16.775,1.47156,1.47175,1.00,1.00
2015.07.06 12:13:17.232,1.47156,1.47177,1.00,1.00
2015.07.06 12:13:17.656,1.47155,1.47175,1.00,1.00
2015.07.06 12:13:17.758,1.47155,1.47181,1.00,1.00
2015.07.06 12:13:17.860,1.4716,1.47181,1.00,1.00
2015.07.06 12:13:18.075,1.47157,1.47183,1.00,1.00
2015.07.06 12:13:18.330,1.47161,1.47184,1.00,1.00
2015.07.06 12:13:18.432,1.47161,1.47186,1.00,1.00
2015.07.06 12:13:18.942,1.47161,1.47185,1.00,1.00
2015.07.06 12:13:20.169,1.47161,1.47191,1.00,1.12
2015.07.06 12:13:20.621,1.47164,1.47199,1.50,1.87
2015.07.06 12:13:21.131,1.47164,1.47199,1.50,1.12
2015.07.06 12:13:21.335,1.47166,1.47199,1.00,1.12
2015.07.06 12:13:21.689,1.47166,1.47195,1.00,1.00
2015.07.06 12:13:21.740,1.47166,1.47198,1.00,1.50
2015.07.06 12:13:22.249,1.47166,1.47196,1.00,1.00
2015.07.06 12:13:22.430,1.47166,1.47198,1.00,1.00
2015.07.06 12:13:22.937,1.47166,1.47199,1.00,3.00
2015.07.06 12:13:23.682,1.47164,1.47199,1.00,2.62
2015.07.06 12:13:24.312,1.47165,1.47196,1.00,1.12
2015.07.06 12:13:25.247,1.47166,1.47196,1.00,1.12
2015.07.06 12:13:26.009,1.47169,1.47196,1.00,1.12
2015.07.06 12:13:27.671,1.47171,1.47198,1.00,1.12
2015.07.06 12:13:27.875,1.47169,1.47198,1.00,1.12
2015.07.06 12:13:28.171,1.47171,1.47198,1.00,1.00
2015.07.06 12:13:29.204,1.47169,1.47198,1.00,1.00
2015.07.06 12:13:29.427,1.4717,1.47201,1.00,1.00
2015.07.06 12:13:29.962,1.47175,1.47205,1.00,1.37
2015.07.06 12:13:30.115,1.47176,1.47205,1.00,1.00
2015.07.06 12:13:30.525,1.47172,1.47205,1.00,1.00
2015.07.06 12:13:30.985,1.47176,1.47205,1.00,1.00
2015.07.06 12:13:33.065,1.47175,1.47205,1.00,1.00
2015.07.06 12:13:33.471,1.4718,1.47206,1.00,1.00
2015.07.06 12:13:33.803,1.47173,1.4721,2.62,2.25
2015.07.06 12:13:33.861,1.47178,1.4721,1.00,1.50
2015.07.06 12:13:34.319,1.47175,1.4721,1.50,1.50
2015.07.06 12:13:34.370,1.47175,1.4721,1.50,1.87
2015.07.06 12:13:34.676,1.47181,1.47202,1.00,1.00
2015.07.06 12:13:34.930,1.47176,1.47202,1.00,1.00
2015.07.06 12:13:36.309,1.4717,1.47203,1.00,1.00
2015.07.06 12:13:36.614,1.47174,1.47205,1.00,1.00
2015.07.06 12:13:37.124,1.47176,1.47205,1.00,1.00
2015.07.06 12:13:37.560,1.47171,1.47205,2.25,1.00
2015.07.06 12:13:38.019,1.47175,1.47205,1.00,1.00
2015.07.06 12:13:38.529,1.47177,1.47205,1.00,1.00
2015.07.06 12:13:39.323,1.47172,1.47205,1.12,1.00
2015.07.06 12:13:39.553,1.47176,1.47209,1.00,1.75
2015.07.06 12:13:40.964,1.47176,1.47208,1.00,1.12
2015.07.06 12:13:41.271,1.47178,1.4721,1.00,1.12
2015.07.06 12:13:41.425,1.47175,1.47208,1.00,1.50
2015.07.06 12:13:41.679,1.47178,1.47211,1.00,1.37
2015.07.06 12:13:42.081,1.47175,1.47208,1.00,1.00
2015.07.06 12:13:42.132,1.4717,1.47205,1.50,1.00
2015.07.06 12:13:42.641,1.4717,1.47204,2.25,1.00
2015.07.06 12:13:42.845,1.47176,1.47204,1.00,1.00
2015.07.06 12:13:43.649,1.47184,1.47204,1.00,1.00
2015.07.06 12:13:43.955,1.47194,1.47214,1.00,1.12
2015.07.06 12:13:44.458,1.47194,1.47211,1.00,1.00
2015.07.06 12:13:44.969,1.47195,1.47211,1.00,1.00
2015.07.06 12:13:45.528,1.47196,1.47212,1.00,1.37
2015.07.06 12:13:45.927,1.47193,1.47215,1.00,1.09
2015.07.06 12:13:46.080,1.47196,1.47215,1.00,1.09
2015.07.06 12:13:46.182,1.47194,1.47215,1.00,1.09
2015.07.06 12:13:47.658,1.47194,1.47213,1.00,1.00
2015.07.06 12:13:47.760,1.47193,1.47216,1.00,1.12
2015.07.06 12:13:47.811,1.47193,1.47214,1.00,1.00
2015.07.06 12:13:48.120,1.47188,1.47214,1.00,1.00
2015.07.06 12:13:48.171,1.47188,1.47207,1.00,1.50
2015.07.06 12:13:48.427,1.47176,1.47197,1.00,1.00
2015.07.06 12:13:48.529,1.47174,1.47196,1.00,1.00
2015.07.06 12:13:48.631,1.47174,1.47194,1.00,1.00
2015.07.06 12:13:49.038,1.47172,1.47193,1.00,1.00
2015.07.06 12:13:49.092,1.47176,1.47196,1.00,1.00
2015.07.06 12:13:49.143,1.47176,1.47198,1.00,1.00
2015.07.06 12:13:49.422,1.47179,1.47198,1.00,1.00
2015.07.06 12:13:50.256,1.4718,1.47201,1.00,1.50
2015.07.06 12:13:50.506,1.47177,1.47201,1.00,1.00
2015.07.06 12:13:50.557,1.47177,1.47209,1.00,3.37
2015.07.06 12:13:50.608,1.47184,1.47209,1.00,1.87
2015.07.06 12:13:50.762,1.47183,1.47213,1.00,1.50
2015.07.06 12:13:50.815,1.47189,1.47213,1.00,1.50
2015.07.06 12:13:50.917,1.47186,1.47213,1.00,1.50
2015.07.06 12:13:51.425,1.47187,1.47209,1.00,1.00
2015.07.06 12:13:51.730,1.47184,1.47207,1.00,1.00
2015.07.06 12:13:51.833,1.47182,1.47207,1.00,1.00
2015.07.06 12:13:52.128,1.47179,1.47207,1.00,1.00
2015.07.06 12:13:52.282,1.47179,1.47203,1.00,1.00
2015.07.06 12:13:52.615,1.47176,1.47202,1.00,1.50
2015.07.06 12:13:53.347,1.47177,1.47202,1.00,1.50
2015.07.06 12:13:53.691,1.47179,1.47202,1.00,1.00
2015.07.06 12:13:53.895,1.47179,1.47205,1.00,1.00
2015.07.06 12:13:54.647,1.47179,1.47206,1.34,1.37
2015.07.06 12:13:54.698,1.47183,1.4721,1.84,1.50
2015.07.06 12:13:54.800,1.47186,1.47218,1.00,1.87
2015.07.06 12:13:54.902,1.47185,1.47214,1.00,1.87
2015.07.06 12:13:55.493,1.47186,1.47211,1.00,2.25
2015.07.06 12:13:55.545,1.47183,1.47211,1.12,2.25
2015.07.06 12:13:56.004,1.47185,1.47211,1.00,1.50
2015.07.06 12:13:56.106,1.47183,1.47211,1.12,1.00
2015.07.06 12:13:56.259,1.47183,1.47209,1.12,1.00
2015.07.06 12:13:56.596,1.47183,1.47211,1.12,1.12
2015.07.06 12:13:56.901,1.47187,1.47214,1.00,1.00
2015.07.06 12:13:57.206,1.47184,1.47213,1.00,1.12
2015.07.06 12:13:57.359,1.47184,1.47213,1.00,1.37
2015.07.06 12:13:57.689,1.47185,1.47207,1.00,1.00
2015.07.06 12:13:57.741,1.47183,1.47207,1.00,1.00
2015.07.06 12:13:58.014,1.47183,1.4721,1.00,1.00
2015.07.06 12:13:58.543,1.47182,1.47211,1.00,3.75
2015.07.06 12:13:58.842,1.47184,1.47211,1.00,2.25
2015.07.06 12:13:59.330,1.47183,1.47209,1.00,1.00
2015.07.06 12:13:59.851,1.47183,1.47209,1.00,1.37
2015.07.06 12:14:00.703,1.47185,1.4721,1.00,1.87
2015.07.06 12:14:00.805,1.47185,1.4721,1.00,1.00
2015.07.06 12:14:01.274,1.47183,1.47211,1.00,1.87
2015.07.06 12:14:01.325,1.47183,1.47209,1.00,1.00
2015.07.06 12:14:01.862,1.47183,1.47208,1.00,1.00
2015.07.06 12:14:02.372,1.47182,1.47211,1.00,1.87
2015.07.06 12:14:02.834,1.47181,1.47205,1.00,1.00
2015.07.06 12:14:03.344,1.47181,1.47204,1.00,1.00
2015.07.06 12:14:03.702,1.4718,1.47204,1.00,1.37
2015.07.06 12:14:04.026,1.47176,1.47203,1.00,1.00
2015.07.06 12:14:04.129,1.47181,1.47203,1.00,1.00
2015.07.06 12:14:04.333,1.47179,1.47206,1.00,1.00
2015.07.06 12:14:04.690,1.47179,1.47202,1.00,1.12
2015.07.06 12:14:04.893,1.47173,1.47198,1.00,1.87
2015.07.06 12:14:05.279,1.47173,1.47195,1.00,1.00
2015.07.06 12:14:05.383,1.47173,1.47198,1.00,2.25
2015.07.06 12:14:05.435,1.47171,1.47198,1.00,2.25
2015.07.06 12:14:05.537,1.47171,1.47194,1.00,1.00
2015.07.06 12:14:05.589,1.47167,1.47194,1.50,1.00
2015.07.06 12:14:05.690,1.47167,1.47192,1.12,1.00
2015.07.06 12:14:05.996,1.47169,1.47189,1.00,1.00
2015.07.06 12:14:06.463,1.47169,1.47192,1.00,1.00
2015.07.06 12:14:06.716,1.47169,1.47195,1.00,1.00
2015.07.06 12:14:06.920,1.47169,1.47192,1.00,1.00
2015.07.06 12:14:07.584,1.47168,1.47192,1.00,1.50
2015.07.06 12:14:07.997,1.47168,1.47196,1.00,1.00
2015.07.06 12:14:09.103,1.4717,1.47196,1.00,1.00
2015.07.06 12:14:09.409,1.47169,1.47189,1.00,1.00
2015.07.06 12:14:09.717,1.47169,1.47183,1.00,1.00
2015.07.06 12:14:10.069,1.47166,1.47183,1.50,1.00
2015.07.06 12:14:10.121,1.47169,1.47183,1.00,1.00
2015.07.06 12:14:10.223,1.47169,1.47185,1.00,1.00
2015.07.06 12:14:10.426,1.47166,1.47184,1.50,1.00
2015.07.06 12:14:10.973,1.47166,1.47183,1.50,1.00
2015.07.06 12:14:11.804,1.47166,1.47182,1.50,1.00
2015.07.06 12:14:11.855,1.47168,1.47182,1.00,1.00
2015.07.06 12:14:11.907,1.47168,1.47186,1.00,1.00
2015.07.06 12:14:12.212,1.47168,1.47189,1.00,1.00
2015.07.06 12:14:12.467,1.47168,1.47186,1.00,1.00
2015.07.06 12:14:12.867,1.47168,1.47181,1.00,1.00
2015.07.06 12:14:13.123,1.47168,1.47183,1.00,1.00
2015.07.06 12:14:13.378,1.47166,1.47184,1.00,1.00
2015.07.06 12:14:13.532,1.47167,1.47187,1.00,1.00
2015.07.06 12:14:13.942,1.47167,1.47189,1.00,1.00
2015.07.06 12:14:13.994,1.47167,1.47183,1.00,1.00
2015.07.06 12:14:14.147,1.47164,1.47181,1.00,1.00
2015.07.06 12:14:14.402,1.47165,1.47183,1.00,1.00
2015.07.06 12:14:14.935,1.47166,1.47184,1.00,1.00
2015.07.06 12:14:15.196,1.47167,1.47182,1.00,1.00
2015.07.06 12:14:15.248,1.47164,1.47182,1.00,1.00
2015.07.06 12:14:15.423,1.47164,1.4718,1.00,1.00
2015.07.06 12:14:16.035,1.47165,1.47182,1.50,1.00
2015.07.06 12:14:16.583,1.47166,1.47183,1.50,1.00
2015.07.06 12:14:17.482,1.47166,1.47184,1.50,1.00
2015.07.06 12:14:17.663,1.47168,1.47184,1.00,1.00
2015.07.06 12:14:18.783,1.47171,1.47184,1.00,1.00
2015.07.06 12:14:19.254,1.47168,1.47185,1.00,1.00
2015.07.06 12:14:19.469,1.47168,1.47194,1.00,2.25
2015.07.06 12:14:19.623,1.47172,1.47199,1.00,1.00
2015.07.06 12:14:20.983,1.4717,1.47199,1.00,1.00
2015.07.06 12:14:21.186,1.47173,1.47199,1.00,1.00
2015.07.06 12:14:21.496,1.47173,1.47197,1.00,1.00
2015.07.06 12:14:21.548,1.47173,1.47199,1.00,1.00
2015.07.06 12:14:22.062,1.47166,1.47197,1.50,1.00
2015.07.06 12:14:22.164,1.47165,1.47193,1.75,1.00
2015.07.06 12:14:22.580,1.47175,1.47199,1.00,2.25
2015.07.06 12:14:22.631,1.47171,1.47199,1.00,2.25
2015.07.06 12:14:22.733,1.47171,1.47193,1.00,1.00
2015.07.06 12:14:23.142,1.47171,1.47198,1.00,1.00
2015.07.06 12:14:24.345,1.47171,1.47195,1.00,1.00
2015.07.06 12:14:24.847,1.4717,1.47199,1.09,1.00
2015.07.06 12:14:26.124,1.47171,1.47199,1.00,1.00
2015.07.06 12:14:26.806,1.4717,1.47199,1.09,1.00
2015.07.06 12:14:27.111,1.47168,1.47199,1.00,1.00
2015.07.06 12:14:27.485,1.47172,1.47199,1.00,1.50
2015.07.06 12:14:27.790,1.47176,1.47208,1.00,2.21
2015.07.06 12:14:27.893,1.47174,1.47204,1.00,1.37
2015.07.06 12:14:28.198,1.47171,1.47193,1.00,1.00
2015.07.06 12:14:28.249,1.47164,1.47192,1.12,1.00
2015.07.06 12:14:28.446,1.47164,1.47187,1.00,1.00
2015.07.06 12:14:28.651,1.47162,1.47186,1.00,1.00
2015.07.06 12:14:29.176,1.47162,1.47187,1.00,1.50
2015.07.06 12:14:29.685,1.47161,1.47187,1.00,1.00
2015.07.06 12:14:29.787,1.47158,1.47187,1.00,1.00
2015.07.06 12:14:29.889,1.47156,1.47184,1.00,1.00
2015.07.06 12:14:30.194,1.47154,1.47184,1.00,1.00
2015.07.06 12:14:30.449,1.47157,1.47184,1.00,1.00
2015.07.06 12:14:30.795,1.47157,1.47182,1.00,1.00
2015.07.06 12:14:31.100,1.47155,1.4718,1.00,1.00
2015.07.06 12:14:31.406,1.47155,1.47171,1.00,1.00
2015.07.06 12:14:31.809,1.47155,1.47168,1.00,1.00
2015.07.06 12:14:31.865,1.47152,1.47168,1.00,1.00
2015.07.06 12:14:31.917,1.47152,1.47166,1.00,1.00
2015.07.06 12:14:32.338,1.47152,1.47168,1.00,1.00
2015.07.06 12:14:33.009,1.47152,1.47167,1.00,1.00
2015.07.06 12:14:33.179,1.4715,1.47167,1.00,1.00
2015.07.06 12:14:33.281,1.47153,1.47167,1.00,1.00
2015.07.06 12:14:33.485,1.4715,1.47168,1.00,1.00
2015.07.06 12:14:33.639,1.47152,1.47169,1.00,1.00
2015.07.06 12:14:34.120,1.47153,1.47172,1.00,1.00
2015.07.06 12:14:34.171,1.47155,1.47172,1.00,1.00
2015.07.06 12:14:34.223,1.47155,1.47175,1.00,1.00
2015.07.06 12:14:34.274,1.47157,1.47175,1.00,1.00
2015.07.06 12:14:34.477,1.47155,1.47175,1.00,1.00
2015.07.06 12:14:34.681,1.47156,1.47178,1.00,1.00
2015.07.06 12:14:34.733,1.47161,1.47178,1.00,1.00
2015.07.06 12:14:35.037,1.47166,1.47179,1.00,1.00
2015.07.06 12:14:35.088,1.47166,1.47182,1.00,1.00
2015.07.06 12:14:35.242,1.47166,1.47184,1.00,1.00
2015.07.06 12:14:35.445,1.47165,1.47182,1.00,1.00
2015.07.06 12:14:36.756,1.47165,1.47181,1.00,1.00
2015.07.06 12:14:36.808,1.47163,1.47181,1.00,1.00
2015.07.06 12:14:38.025,1.47162,1.47181,1.00,1.00
2015.07.06 12:14:38.529,1.47163,1.4718,1.00,1.00
2015.07.06 12:14:39.512,1.47163,1.47181,1.00,1.00
2015.07.06 12:14:40.017,1.47162,1.4718,1.00,1.00
2015.07.06 12:14:40.221,1.47164,1.4718,1.00,1.00
2015.07.06 12:14:40.427,1.47161,1.47179,1.00,1.00
2015.07.06 12:14:40.529,1.47163,1.47179,1.00,1.00
2015.07.06 12:14:40.631,1.47163,1.47182,1.00,1.00
2015.07.06 12:14:40.682,1.47167,1.47182,1.00,1.00
2015.07.06 12:14:41.231,1.47168,1.47183,1.00,1.00
2015.07.06 12:14:41.543,1.47166,1.47183,1.00,1.00
2015.07.06 12:14:41.645,1.47168,1.47182,1.00,1.00
2015.07.06 12:14:41.949,1.47168,1.4718,1.00,1.00
2015.07.06 12:14:42.265,1.47168,1.47182,1.00,1.00
2015.07.06 12:14:42.524,1.4717,1.47184,1.00,1.00
2015.07.06 12:14:42.688,1.4717,1.47186,1.00,1.00
2015.07.06 12:14:43.044,1.4717,1.47188,1.00,1.00
2015.07.06 12:14:43.196,1.47172,1.47188,1.00,1.00
2015.07.06 12:14:43.502,1.47176,1.47188,1.00,1.00
2015.07.06 12:14:43.554,1.47176,1.47191,1.00,1.00
2015.07.06 12:14:43.876,1.47176,1.47193,1.00,1.00
2015.07.06 12:14:45.491,1.47179,1.47193,1.00,1.00
2015.07.06 12:14:46.744,1.47176,1.47194,1.00,1.00
2015.07.06 12:14:46.947,1.47178,1.47194,1.00,1.00
2015.07.06 12:14:46.998,1.47178,1.47196,1.00,1.00
2015.07.06 12:14:47.508,1.47178,1.47197,1.00,1.00
2015.07.06 12:14:47.887,1.47181,1.47198,1.00,1.00
2015.07.06 12:14:47.941,1.47181,1.472,1.00,1.00
2015.07.06 12:14:48.444,1.4718,1.47199,1.00,1.00
2015.07.06 12:14:48.698,1.4718,1.47197,1.00,1.00
2015.07.06 12:14:49.475,1.47181,1.47198,1.00,1.00
2015.07.06 12:14:49.993,1.47181,1.47197,1.00,1.00
2015.07.06 12:14:50.558,1.4718,1.47197,1.00,1.00
2015.07.06 12:14:50.609,1.4718,1.47199,1.00,1.00
2015.07.06 12:14:51.136,1.47181,1.47199,1.00,1.00
2015.07.06 12:14:51.238,1.47183,1.472,1.00,1.00
2015.07.06 12:14:51.340,1.47183,1.47202,1.00,1.00
2015.07.06 12:14:51.701,1.47185,1.47204,1.00,1.00
2015.07.06 12:14:52.211,1.47185,1.47203,1.00,1.00
2015.07.06 12:14:52.568,1.47185,1.47213,1.00,1.71
2015.07.06 12:14:52.882,1.47185,1.47212,1.00,1.09
2015.07.06 12:14:53.091,1.47191,1.47217,1.00,1.00
2015.07.06 12:14:53.194,1.47195,1.47217,1.00,1.00
2015.07.06 12:14:53.297,1.47195,1.47223,1.00,1.87
2015.07.06 12:14:53.399,1.47192,1.47223,1.00,1.87
2015.07.06 12:14:53.451,1.47192,1.47221,1.00,1.00
2015.07.06 12:14:53.553,1.47192,1.47223,1.00,1.50
2015.07.06 12:14:53.882,1.47205,1.47226,1.00,1.00
2015.07.06 12:14:53.933,1.47205,1.47229,1.00,1.37
2015.07.06 12:14:54.086,1.47203,1.47229,1.00,1.37
2015.07.06 12:14:54.289,1.47202,1.47225,1.00,1.00
2015.07.06 12:14:54.595,1.47197,1.47215,1.00,1.00
2015.07.06 12:14:54.647,1.47192,1.47213,1.00,1.00
2015.07.06 12:14:54.988,1.47187,1.47207,1.00,1.00
2015.07.06 12:14:55.090,1.47185,1.47209,1.50,1.00
2015.07.06 12:14:55.192,1.47188,1.4721,1.00,1.00
2015.07.06 12:14:55.701,1.47189,1.4721,1.00,1.00
2015.07.06 12:14:55.752,1.47189,1.47212,1.00,1.00
2015.07.06 12:14:56.640,1.47189,1.4721,1.00,1.00
2015.07.06 12:14:56.691,1.47189,1.47212,1.00,1.00
2015.07.06 12:14:57.201,1.47188,1.47212,1.00,1.00
2015.07.06 12:14:57.455,1.47184,1.47208,1.00,1.50
2015.07.06 12:14:57.762,1.47184,1.47206,1.00,1.00
2015.07.06 12:14:57.864,1.47184,1.47208,1.00,1.00
2015.07.06 12:14:57.967,1.47186,1.47208,1.00,1.00
2015.07.06 12:14:58.119,1.47186,1.47214,1.00,1.00
2015.07.06 12:14:58.171,1.47188,1.47214,1.00,1.00
2015.07.06 12:14:58.222,1.47188,1.47217,1.00,1.00
2015.07.06 12:14:58.274,1.47194,1.47218,1.00,1.00
2015.07.06 12:14:58.609,1.47197,1.47222,1.00,1.50
2015.07.06 12:14:58.711,1.47197,1.47225,1.00,1.87
2015.07.06 12:14:58.866,1.47198,1.47224,1.00,2.21
2015.07.06 12:14:59.172,1.47193,1.47214,1.00,1.00
2015.07.06 12:14:59.376,1.47194,1.47217,1.00,1.50
2015.07.06 12:14:59.608,1.47189,1.47212,1.00,1.00
2015.07.06 12:14:59.813,1.47187,1.47212,1.00,1.00
2015.07.06 12:14:59.915,1.47187,1.47208,1.00,1.00
2015.07.06 12:15:00.474,1.47188,1.47208,1.00,1.00
2015.07.06 12:15:00.717,1.47189,1.47212,1.00,1.00
2015.07.06 12:15:00.824,1.47186,1.47214,1.00,1.00
2015.07.06 12:15:00.927,1.4719,1.47214,1.00,1.00
2015.07.06 12:15:01.234,1.4719,1.47212,1.00,1.00
2015.07.06 12:15:01.387,1.47187,1.47212,1.00,1.00
2015.07.06 12:15:01.438,1.47187,1.47208,1.00,1.00
2015.07.06 12:15:01.700,1.47181,1.4721,1.00,1.00
2015.07.06 12:15:02.159,1.47183,1.47209,1.00,1.00
2015.07.06 12:15:02.262,1.47183,1.47211,1.00,1.00
2015.07.06 12:15:02.314,1.47183,1.47209,1.00,1.00
2015.07.06 12:15:02.714,1.47185,1.47213,1.00,1.00
2015.07.06 12:15:02.821,1.47183,1.47211,1.00,1.00
2015.07.06 12:15:03.126,1.47177,1.47202,1.00,1.00
2015.07.06 12:15:03.431,1.4717,1.47189,1.00,1.00
2015.07.06 12:15:03.919,1.4717,1.47195,1.00,1.00
2015.07.06 12:15:04.123,1.47166,1.47195,1.00,1.00
2015.07.06 12:15:04.327,1.47164,1.47195,1.00,1.00
2015.07.06 12:15:04.531,1.47165,1.47197,1.00,1.00
2015.07.06 12:15:04.583,1.47167,1.47197,1.00,1.00
2015.07.06 12:15:04.635,1.47167,1.47199,1.00,1.50
2015.07.06 12:15:04.831,1.47169,1.47199,1.00,1.50
2015.07.06 12:15:05.368,1.47168,1.47199,1.00,1.00
2015.07.06 12:15:05.419,1.47166,1.47199,1.00,1.00
2015.07.06 12:15:06.185,1.47166,1.47198,1.00,1.00
2015.07.06 12:15:06.729,1.47166,1.47199,1.00,1.00
2015.07.06 12:15:07.613,1.47166,1.47198,1.00,1.00
2015.07.06 12:15:08.121,1.47167,1.47199,1.00,1.00
2015.07.06 12:15:08.517,1.47171,1.47194,1.00,1.00
2015.07.06 12:15:08.785,1.47171,1.47199,1.00,1.00
2015.07.06 12:15:09.310,1.47168,1.47199,1.00,1.00
2015.07.06 12:15:10.304,1.47169,1.47199,1.00,1.00
2015.07.06 12:15:10.473,1.47171,1.47199,1.00,1.00
2015.07.06 12:15:10.756,1.47171,1.47203,1.00,1.00
2015.07.06 12:15:10.807,1.47173,1.47203,1.00,1.00
2015.07.06 12:15:10.959,1.47174,1.47206,1.00,1.00
2015.07.06 12:15:11.011,1.47174,1.472,1.00,1.00
2015.07.06 12:15:11.366,1.47174,1.47204,1.00,1.00
2015.07.06 12:15:11.925,1.47176,1.47203,1.00,1.00
2015.07.06 12:15:12.134,1.47174,1.47202,1.00,1.00
2015.07.06 12:15:12.236,1.4717,1.47202,2.59,1.00
2015.07.06 12:15:12.338,1.4717,1.47198,2.59,1.00
2015.07.06 12:15:12.643,1.47175,1.47208,1.00,1.87
2015.07.06 12:15:12.695,1.47177,1.47208,1.00,1.87
2015.07.06 12:15:13.095,1.47177,1.47208,1.00,2.25
2015.07.06 12:15:13.457,1.47175,1.47208,1.00,1.50
2015.07.06 12:15:13.559,1.47173,1.47208,1.00,1.50
2015.07.06 12:15:13.713,1.47171,1.47208,1.84,1.50
2015.07.06 12:15:13.865,1.47171,1.47201,1.09,1.00
2015.07.06 12:15:14.183,1.47169,1.47192,1.00,1.00
2015.07.06 12:15:14.440,1.47163,1.47187,1.00,1.00
2015.07.06 12:15:14.542,1.47163,1.47184,1.00,1.00
2015.07.06 12:15:15.189,1.47158,1.47183,1.34,1.00
2015.07.06 12:15:17.250,1.47158,1.47183,1.00,1.00
2015.07.06 12:15:17.302,1.47155,1.47183,1.09,1.00
2015.07.06 12:15:17.455,1.47153,1.4718,1.34,1.00
2015.07.06 12:15:17.808,1.47153,1.47177,1.34,1.00
2015.07.06 12:15:18.324,1.47153,1.47178,1.34,1.00
2015.07.06 12:15:20.978,1.47157,1.47178,1.00,1.50
2015.07.06 12:15:21.284,1.47159,1.47178,1.00,1.00
2015.07.06 12:15:21.642,1.4716,1.47182,1.00,1.00
2015.07.06 12:15:22.075,1.47157,1.47186,1.00,1.00
2015.07.06 12:15:22.497,1.47159,1.47186,1.00,1.00
2015.07.06 12:15:22.854,1.47159,1.47182,1.00,1.00
2015.07.06 12:15:23.176,1.47159,1.47186,1.00,1.00
2015.07.06 12:15:23.227,1.47157,1.47182,1.00,1.00
2015.07.06 12:15:23.532,1.47163,1.47187,1.00,1.00
2015.07.06 12:15:23.685,1.47163,1.47191,1.00,1.37
2015.07.06 12:15:24.063,1.47162,1.47187,1.00,1.00
2015.07.06 12:15:24.114,1.4716,1.47187,1.00,1.00
2015.07.06 12:15:24.325,1.47162,1.47187,1.00,1.00
2015.07.06 12:15:24.377,1.47162,1.47191,1.00,1.00
2015.07.06 12:15:24.479,1.47164,1.47193,1.00,1.50
2015.07.06 12:15:24.788,1.4716,1.47193,1.00,1.37
2015.07.06 12:15:25.093,1.47158,1.47193,1.00,1.37
2015.07.06 12:15:26.015,1.47157,1.47193,1.87,1.37
2015.07.06 12:15:26.067,1.47157,1.47193,1.87,1.75
2015.07.06 12:15:27.545,1.47157,1.47193,1.50,1.87
2015.07.06 12:15:31.520,1.47157,1.47193,1.50,1.75
2015.07.06 12:15:31.900,1.47157,1.47193,1.87,1.37
2015.07.06 12:15:32.002,1.47157,1.47191,1.12,1.75
2015.07.06 12:15:32.409,1.47153,1.47187,1.34,2.25
2015.07.06 12:15:33.032,1.4715,1.47187,3.71,2.25
2015.07.06 12:15:33.580,1.4715,1.47187,2.96,2.25
2015.07.06 12:15:34.374,1.4715,1.47183,1.71,1.12
2015.07.06 12:15:34.709,1.4715,1.47183,1.71,1.37
2015.07.06 12:15:35.463,1.4715,1.47183,1.71,1.00
2015.07.06 12:15:37.514,1.4715,1.47183,1.71,1.37
2015.07.06 12:15:37.668,1.47149,1.4718,2.21,1.00
2015.07.06 12:15:37.923,1.47146,1.47177,1.71,1.12
2015.07.06 12:15:38.025,1.47145,1.47177,1.71,1.37
2015.07.06 12:15:38.433,1.47141,1.47176,4.46,1.37
2015.07.06 12:15:38.978,1.47141,1.47176,5.21,1.37
2015.07.06 12:15:40.262,1.47143,1.47176,1.09,1.37
2015.07.06 12:15:40.313,1.47155,1.47176,1.00,1.37
2015.07.06 12:15:40.823,1.47155,1.47176,1.00,1.37
2015.07.06 12:15:41.336,1.47156,1.47176,1.00,1.37
2015.07.06 12:15:41.542,1.47156,1.47176,1.00,1.12
2015.07.06 12:15:45.143,1.47161,1.47176,1.00,1.00
2015.07.06 12:15:45.296,1.47161,1.47181,1.00,1.00
2015.07.06 12:15:45.705,1.47155,1.47181,1.37,1.00
2015.07.06 12:15:48.114,1.47151,1.47181,1.37,1.00
2015.07.06 12:15:48.654,1.47156,1.47181,1.00,1.00
2015.07.06 12:15:49.011,1.47156,1.47177,1.00,1.00
2015.07.06 12:15:49.432,1.47155,1.47181,1.00,1.12
2015.07.06 12:15:49.851,1.47151,1.47181,1.00,1.12
2015.07.06 12:15:50.467,1.47151,1.47181,1.00,1.37
2015.07.06 12:15:51.057,1.47151,1.47181,1.00,1.37
2015.07.06 12:15:51.567,1.47146,1.4718,2.96,1.37
2015.07.06 12:15:52.361,1.47146,1.4718,2.21,1.37
2015.07.06 12:15:52.776,1.47151,1.47175,1.00,1.12
2015.07.06 12:15:53.285,1.47143,1.47175,2.21,1.12
2015.07.06 12:15:54.201,1.47146,1.47175,1.34,1.37
2015.07.06 12:15:54.252,1.47146,1.47175,1.00,1.37
2015.07.06 12:15:54.455,1.47145,1.4717,1.00,1.00
2015.07.06 12:15:54.506,1.4714,1.47172,2.21,1.37
2015.07.06 12:15:55.051,1.47141,1.47167,1.34,1.00
2015.07.06 12:15:55.458,1.47135,1.47167,1.12,1.00
2015.07.06 12:15:56.473,1.4714,1.47167,1.00,1.00
2015.07.06 12:15:57.426,1.47141,1.47167,1.00,1.00
2015.07.06 12:15:57.785,1.47146,1.47167,1.00,1.00
2015.07.06 12:15:58.770,1.4714,1.47167,1.00,1.00
2015.07.06 12:15:59.013,1.47146,1.47167,1.00,1.00
2015.07.06 12:15:59.064,1.47146,1.47176,1.00,1.00
2015.07.06 12:15:59.217,1.4715,1.47181,1.00,2.21
2015.07.06 12:16:00.482,1.4715,1.47182,1.50,1.00
2015.07.06 12:16:00.636,1.47156,1.47184,1.00,1.87
2015.07.06 12:16:00.941,1.4716,1.47186,1.00,1.46
2015.07.06 12:16:01.332,1.47156,1.47189,1.50,1.84
2015.07.06 12:16:01.591,1.47156,1.47186,1.50,1.46
2015.07.06 12:16:02.091,1.47156,1.47186,1.50,1.46
2015.07.06 12:16:02.541,1.47156,1.47185,1.50,1.75
2015.07.06 12:16:02.949,1.47151,1.47185,1.00,1.75
2015.07.06 12:16:03.452,1.47151,1.47182,1.00,1.00
2015.07.06 12:16:05.233,1.47151,1.47179,1.00,1.75
2015.07.06 12:16:06.786,1.47151,1.47176,1.00,1.12
2015.07.06 12:16:07.783,1.47151,1.47177,1.00,1.37
2015.07.06 12:16:08.394,1.47151,1.47181,1.50,1.37
2015.07.06 12:16:08.896,1.47151,1.47181,1.00,1.00
2015.07.06 12:16:10.139,1.47151,1.47181,1.34,1.00
2015.07.06 12:16:10.191,1.47151,1.47183,1.34,1.12
2015.07.06 12:16:11.045,1.47157,1.47186,1.00,1.00
2015.07.06 12:16:11.148,1.47162,1.47187,1.00,1.37
2015.07.06 12:16:11.443,1.47156,1.4719,1.84,1.37
2015.07.06 12:16:13.017,1.47156,1.47186,1.84,1.00
2015.07.06 12:16:13.122,1.47156,1.47191,1.84,1.37
2015.07.06 12:16:16.321,1.47157,1.47188,1.00,1.00
2015.07.06 12:16:16.843,1.47157,1.47192,1.00,1.75
2015.07.06 12:16:18.001,1.47157,1.47193,1.00,2.62
2015.07.06 12:16:18.326,1.47157,1.47193,1.00,3.00
2015.07.06 12:16:18.529,1.47157,1.47193,1.00,2.62
2015.07.06 12:16:19.156,1.47157,1.47193,1.00,3.00
2015.07.06 12:16:20.602,1.47164,1.47193,1.00,1.37
2015.07.06 12:16:21.023,1.47164,1.47193,1.00,1.75
2015.07.06 12:16:21.075,1.47159,1.47193,1.00,1.75
2015.07.06 12:16:21.126,1.47159,1.47193,1.00,1.37
2015.07.06 12:16:21.329,1.47159,1.47193,1.00,2.25
2015.07.06 12:16:22.140,1.47159,1.47194,1.00,3.00
2015.07.06 12:16:22.344,1.47159,1.47194,1.00,3.00
2015.07.06 12:16:22.651,1.47159,1.4719,1.00,1.37
2015.07.06 12:16:24.043,1.47159,1.47194,1.00,2.25
2015.07.06 12:16:24.584,1.47159,1.47192,1.00,1.12
2015.07.06 12:16:25.169,1.47159,1.47191,1.00,1.75
2015.07.06 12:16:25.220,1.47155,1.47191,1.34,2.25
2015.07.06 12:16:25.373,1.47155,1.47191,1.34,2.25
2015.07.06 12:16:25.577,1.47155,1.47191,1.34,2.25
2015.07.06 12:16:25.679,1.47155,1.47191,1.34,2.25
2015.07.06 12:16:30.117,1.47154,1.47188,1.34,1.75
2015.07.06 12:16:30.169,1.47154,1.47188,1.34,1.37
2015.07.06 12:16:30.608,1.47154,1.47182,1.34,1.00
2015.07.06 12:16:30.712,1.47154,1.47188,1.46,1.00
2015.07.06 12:16:31.017,1.4716,1.47188,1.00,1.12
2015.07.06 12:16:31.770,1.4716,1.47194,1.00,1.37
2015.07.06 12:16:31.880,1.4716,1.47194,1.00,1.75
2015.07.06 12:16:32.186,1.4716,1.47193,1.00,1.37
2015.07.06 12:16:32.289,1.4716,1.47194,1.00,2.62
2015.07.06 12:16:32.391,1.4716,1.4719,1.00,1.12
2015.07.06 12:16:32.493,1.47164,1.47195,1.00,1.75
2015.07.06 12:16:33.001,1.47164,1.47197,1.00,1.12
2015.07.06 12:16:35.158,1.47164,1.47192,1.00,1.12
2015.07.06 12:16:35.311,1.4716,1.47189,1.50,1.12
2015.07.06 12:16:35.515,1.4716,1.47185,1.00,1.12
2015.07.06 12:16:36.131,1.47155,1.47184,1.34,1.75
2015.07.06 12:16:36.648,1.47155,1.47185,1.34,1.12
2015.07.06 12:16:36.854,1.47155,1.47184,1.34,1.12
2015.07.06 12:16:37.401,1.47155,1.47188,1.34,1.12
2015.07.06 12:16:37.555,1.47155,1.4719,1.34,1.87
2015.07.06 12:16:37.657,1.47155,1.4719,1.34,1.87
2015.07.06 12:16:37.709,1.47163,1.4719,1.00,1.87
2015.07.06 12:16:38.243,1.47163,1.47193,1.00,1.87
2015.07.06 12:16:39.509,1.47163,1.47193,1.00,1.75
2015.07.06 12:16:39.865,1.47157,1.4719,1.50,1.75
2015.07.06 12:16:40.028,1.47157,1.4719,1.50,1.75
2015.07.06 12:16:40.486,1.47157,1.47184,1.00,1.50
2015.07.06 12:16:40.639,1.47156,1.47171,1.00,1.00
2015.07.06 12:16:40.690,1.47147,1.47171,1.09,1.00
2015.07.06 12:16:41.024,1.47146,1.47169,1.34,1.00
2015.07.06 12:16:41.331,1.47146,1.47167,1.34,1.00
2015.07.06 12:16:41.738,1.47146,1.47169,1.34,1.00
2015.07.06 12:16:42.180,1.47146,1.47177,1.34,1.50
2015.07.06 12:16:44.309,1.47146,1.47181,1.34,2.25
2015.07.06 12:16:44.462,1.47146,1.47178,1.34,1.12
2015.07.06 12:16:45.001,1.47145,1.47177,1.34,1.75
2015.07.06 12:16:45.543,1.47145,1.47181,1.34,3.00
2015.07.06 12:16:46.403,1.47145,1.47181,1.34,3.00
2015.07.06 12:16:46.948,1.47145,1.47181,1.34,3.00
2015.07.06 12:16:49.391,1.47145,1.47179,1.34,1.87
2015.07.06 12:16:51.546,1.47145,1.47177,1.34,1.12
2015.07.06 12:16:53.995,1.47145,1.47174,1.00,1.75
2015.07.06 12:16:54.199,1.47145,1.47175,1.00,1.12
2015.07.06 12:16:54.353,1.47142,1.47174,1.00,1.75
2015.07.06 12:16:54.664,1.47139,1.47172,1.50,1.75
2015.07.06 12:16:55.178,1.47135,1.47169,1.34,1.75
2015.07.06 12:16:55.680,1.47135,1.47164,1.34,1.00
2015.07.06 12:16:56.241,1.47136,1.47169,1.34,1.12
2015.07.06 12:16:56.343,1.47136,1.4717,1.34,1.12
2015.07.06 12:16:56.847,1.47139,1.47172,1.50,1.87
2015.07.06 12:16:58.740,1.47139,1.47175,2.25,1.75
2015.07.06 12:16:59.313,1.47139,1.47174,3.37,1.00
2015.07.06 12:16:59.415,1.47144,1.47176,1.00,1.12
2015.07.06 12:16:59.669,1.47141,1.47176,1.37,1.12
2015.07.06 12:16:59.823,1.47144,1.47176,1.00,1.12
2015.07.06 12:16:59.925,1.47141,1.47174,1.87,1.00
2015.07.06 12:17:00.594,1.47141,1.47176,1.50,1.12
2015.07.06 12:17:00.649,1.47144,1.47174,1.00,1.50
2015.07.06 12:17:00.955,1.47139,1.47167,1.50,1.00
2015.07.06 12:17:01.975,1.47139,1.47169,1.50,1.87
2015.07.06 12:17:02.387,1.47136,1.47169,1.00,1.12
2015.07.06 12:17:02.438,1.47136,1.47167,1.00,1.12
2015.07.06 12:17:02.540,1.47136,1.47168,1.00,1.12
2015.07.06 12:17:05.264,1.47136,1.47167,1.00,1.75
2015.07.06 12:17:05.904,1.47136,1.47163,1.00,1.00
2015.07.06 12:17:06.328,1.47136,1.47163,1.00,1.12
2015.07.06 12:17:11.166,1.47136,1.47167,1.34,1.87
2015.07.06 12:17:11.785,1.47139,1.47167,1.50,1.50
2015.07.06 12:17:12.090,1.47141,1.47167,1.00,1.50
2015.07.06 12:17:13.041,1.47141,1.47171,1.00,1.75
2015.07.06 12:17:13.092,1.47139,1.4717,1.50,1.00
2015.07.06 12:17:13.499,1.47141,1.47171,1.00,1.37
2015.07.06 12:17:13.802,1.47145,1.47171,1.00,1.37
2015.07.06 12:17:14.596,1.47139,1.47173,2.25,1.37
2015.07.06 12:17:14.800,1.47139,1.47172,1.50,1.12
2015.07.06 12:17:15.102,1.47139,1.47171,2.25,1.37
2015.07.06 12:17:15.615,1.47139,1.47171,2.25,1.00
2015.07.06 12:17:16.558,1.47145,1.47174,1.00,1.87
2015.07.06 12:17:17.064,1.47145,1.47174,1.50,1.75
2015.07.06 12:17:17.369,1.4714,1.47174,1.50,2.25
2015.07.06 12:17:18.262,1.4714,1.47174,1.50,1.87
2015.07.06 12:17:18.465,1.4714,1.47174,1.50,1.50
2015.07.06 12:17:19.362,1.4714,1.47174,2.25,1.50
2015.07.06 12:17:19.667,1.47146,1.47174,1.00,1.37
2015.07.06 12:17:19.922,1.4714,1.47174,1.50,1.37
2015.07.06 12:17:20.176,1.4714,1.47174,1.87,1.00
2015.07.06 12:17:20.520,1.4715,1.47178,1.50,1.00
2015.07.06 12:17:20.851,1.47158,1.47182,1.00,1.37
2015.07.06 12:17:21.733,1.47152,1.47182,1.00,1.37
2015.07.06 12:17:21.988,1.47152,1.47182,1.00,1.75
2015.07.06 12:17:22.896,1.47152,1.47182,1.00,1.00
2015.07.06 12:17:22.947,1.47152,1.47185,1.00,2.21
2015.07.06 12:17:23.890,1.47152,1.47185,1.00,2.59
2015.07.06 12:17:24.863,1.47152,1.4718,1.00,1.12
2015.07.06 12:17:27.048,1.47152,1.47178,1.00,1.12
2015.07.06 12:17:27.402,1.47152,1.47176,1.00,1.00
2015.07.06 12:17:27.505,1.47147,1.47179,1.00,1.87
2015.07.06 12:17:27.710,1.47147,1.47171,1.00,1.00
2015.07.06 12:17:27.761,1.47147,1.47176,1.00,1.46
2015.07.06 12:17:27.812,1.47139,1.47169,1.00,1.00
2015.07.06 12:17:28.262,1.47139,1.47172,1.00,1.00
2015.07.06 12:17:29.071,1.47139,1.47172,1.75,1.12
2015.07.06 12:17:29.682,1.47142,1.47175,1.37,1.37
2015.07.06 12:17:29.948,1.47142,1.47175,1.00,1.37
2015.07.06 12:17:30.050,1.47139,1.47173,1.00,1.37
2015.07.06 12:17:31.107,1.47139,1.47173,1.00,1.37
2015.07.06 12:17:31.911,1.47139,1.47173,1.00,1.37
2015.07.06 12:17:32.604,1.47139,1.47173,1.00,1.37
2015.07.06 12:17:32.960,1.47141,1.47173,1.00,1.00
2015.07.06 12:17:33.955,1.47141,1.47171,1.00,1.00
2015.07.06 12:17:34.321,1.47143,1.47171,1.00,1.00
2015.07.06 12:17:34.474,1.47143,1.47176,1.00,1.09
2015.07.06 12:17:36.468,1.47143,1.47178,1.37,1.12
2015.07.06 12:17:36.865,1.47146,1.4718,1.00,1.87
2015.07.06 12:17:37.512,1.47146,1.4718,1.00,1.50
2015.07.06 12:17:38.340,1.4715,1.4718,1.50,1.50
2015.07.06 12:17:38.447,1.47145,1.4718,1.00,1.37
2015.07.06 12:17:38.980,1.47144,1.47179,2.25,1.37
2015.07.06 12:17:39.531,1.47145,1.4718,1.00,1.37
2015.07.06 12:17:39.790,1.47144,1.47175,2.25,1.12
2015.07.06 12:17:39.945,1.4714,1.47175,1.84,1.12
2015.07.06 12:17:40.048,1.4714,1.47176,2.21,1.50
2015.07.06 12:17:40.100,1.4714,1.47173,1.71,1.00
2015.07.06 12:17:40.625,1.47142,1.47177,1.00,2.25
2015.07.06 12:17:40.947,1.47146,1.47175,1.00,1.00
2015.07.06 12:17:41.465,1.47146,1.47176,1.00,1.75
2015.07.06 12:17:42.102,1.4714,1.47176,2.21,1.75
2015.07.06 12:17:43.961,1.47146,1.47176,1.00,1.50
2015.07.06 12:17:45.493,1.47146,1.47176,1.00,1.87
2015.07.06 12:17:46.001,1.47146,1.47177,1.00,3.00
2015.07.06 12:17:46.533,1.47146,1.47175,1.00,1.75
2015.07.06 12:17:46.636,1.47141,1.47175,1.09,1.75
2015.07.06 12:17:46.840,1.47146,1.47174,1.00,1.00
2015.07.06 12:17:47.094,1.47142,1.47176,1.00,1.12
2015.07.06 12:17:47.435,1.47147,1.47178,1.34,1.00
2015.07.06 12:17:47.946,1.47148,1.47178,1.00,1.00
2015.07.06 12:17:48.048,1.47148,1.47181,1.00,1.12
2015.07.06 12:17:48.100,1.4715,1.47183,1.00,1.37
2015.07.06 12:17:48.607,1.47147,1.47182,1.00,1.37
2015.07.06 12:17:48.659,1.47147,1.47182,1.00,1.87
2015.07.06 12:17:50.028,1.47147,1.47181,1.00,1.37
2015.07.06 12:17:50.272,1.47147,1.47182,1.00,1.75
2015.07.06 12:17:50.374,1.47147,1.47181,1.00,1.37
2015.07.06 12:17:51.333,1.47147,1.47179,1.00,1.00
2015.07.06 12:17:51.487,1.47147,1.47182,1.00,1.37
2015.07.06 12:17:51.590,1.47147,1.47176,1.00,1.00
2015.07.06 12:17:51.692,1.47145,1.47176,1.00,1.00
2015.07.06 12:17:52.432,1.47142,1.47176,1.46,1.00
2015.07.06 12:17:52.971,1.47142,1.47175,1.46,1.00
2015.07.06 12:17:53.124,1.47146,1.47175,1.00,1.00
2015.07.06 12:17:54.606,1.47146,1.47177,1.50,1.37
2015.07.06 12:17:55.207,1.47146,1.47177,1.50,1.37
2015.07.06 12:17:56.017,1.47146,1.47177,1.50,1.37
2015.07.06 12:17:56.818,1.47147,1.4718,1.00,1.12
2015.07.06 12:17:57.022,1.47146,1.47178,1.50,1.12
2015.07.06 12:17:57.124,1.47147,1.4718,1.00,1.12
2015.07.06 12:17:57.659,1.47146,1.47179,1.50,1.75
2015.07.06 12:17:58.737,1.47146,1.47178,1.50,1.00
2015.07.06 12:17:59.245,1.47147,1.47183,1.00,1.87
2015.07.06 12:17:59.800,1.47147,1.4718,1.00,1.75
2015.07.06 12:17:59.852,1.47147,1.47177,1.00,1.12
2015.07.06 12:17:59.954,1.47147,1.47177,1.37,1.50
2015.07.06 12:18:00.157,1.47145,1.47177,1.50,1.37
2015.07.06 12:18:00.260,1.47146,1.47177,1.37,1.12
2015.07.06 12:18:00.840,1.47151,1.47177,1.00,1.00
2015.07.06 12:18:01.197,1.47151,1.47183,1.00,1.00
2015.07.06 12:18:01.299,1.47151,1.47183,1.00,1.50
2015.07.06 12:18:01.350,1.47147,1.47183,1.87,1.50
2015.07.06 12:18:01.504,1.47147,1.47178,1.87,1.50
2015.07.06 12:18:02.043,1.47147,1.47177,1.00,1.12
2015.07.06 12:18:02.094,1.47147,1.47178,1.00,1.75
2015.07.06 12:18:02.503,1.47144,1.47178,1.00,1.75
2015.07.06 12:18:03.094,1.47146,1.47178,1.00,1.37
2015.07.06 12:18:03.147,1.47147,1.47178,1.12,1.00
2015.07.06 12:18:03.504,1.47148,1.47182,1.00,1.12
2015.07.06 12:18:03.556,1.47148,1.47182,1.34,1.12
2015.07.06 12:18:03.863,1.47151,1.47184,3.71,1.37
2015.07.06 12:18:04.368,1.47152,1.47184,1.84,1.00
2015.07.06 12:18:05.923,1.47151,1.47184,1.46,1.37
2015.07.06 12:18:06.450,1.47151,1.47184,1.09,1.87
2015.07.06 12:18:07.143,1.47151,1.47184,1.09,1.50
2015.07.06 12:18:07.197,1.47154,1.47189,1.00,1.75
2015.07.06 12:18:07.657,1.47154,1.47186,1.00,1.75
2015.07.06 12:18:07.861,1.47154,1.47187,1.00,1.87
2015.07.06 12:18:08.264,1.47153,1.47185,1.00,1.87
2015.07.06 12:18:08.721,1.47149,1.47184,1.34,2.25
2015.07.06 12:18:11.983,1.47151,1.4718,1.09,1.00
2015.07.06 12:18:15.995,1.47155,1.4718,1.00,1.00
2015.07.06 12:18:16.096,1.47151,1.47184,1.09,1.50
2015.07.06 12:18:16.628,1.4715,1.4718,1.34,1.12
2015.07.06 12:18:16.907,1.4715,1.4718,1.34,1.37
2015.07.06 12:18:17.474,1.4715,1.4718,1.00,1.37
2015.07.06 12:18:17.982,1.47149,1.47178,1.00,1.00
2015.07.06 12:18:18.577,1.4715,1.47181,1.00,1.00
2015.07.06 12:18:18.679,1.4715,1.47181,1.00,1.37
2015.07.06 12:18:19.213,1.4715,1.47177,1.00,1.00
2015.07.06 12:18:19.467,1.4715,1.47182,1.00,1.37
2015.07.06 12:18:19.989,1.47151,1.47182,1.00,1.37
2015.07.06 12:18:20.091,1.47151,1.47182,1.00,1.37
2015.07.06 12:18:20.396,1.47149,1.47179,1.00,1.12
2015.07.06 12:18:21.370,1.47151,1.47179,1.00,1.00
2015.07.06 12:18:21.897,1.47149,1.47179,1.37,1.37
2015.07.06 12:18:22.215,1.47145,1.47179,1.84,2.25
2015.07.06 12:18:22.696,1.47146,1.47176,1.50,1.12
2015.07.06 12:18:24.342,1.47145,1.47176,1.46,1.12
2015.07.06 12:18:25.541,1.47148,1.47176,1.84,1.00
2015.07.06 12:18:25.796,1.47154,1.47181,1.09,1.00
2015.07.06 12:18:26.346,1.47155,1.47185,1.00,1.50
2015.07.06 12:18:27.825,1.4715,1.47183,1.46,1.50
2015.07.06 12:18:29.614,1.47151,1.47182,1.34,1.37
2015.07.06 12:18:29.666,1.47151,1.47182,1.00,1.37
2015.07.06 12:18:30.224,1.47148,1.47182,1.00,1.50
2015.07.06 12:18:30.659,1.47148,1.47182,1.00,1.87
2015.07.06 12:18:31.170,1.47148,1.47182,1.00,2.25
2015.07.06 12:18:33.273,1.47148,1.47181,1.00,1.12
2015.07.06 12:18:39.001,1.47151,1.47182,1.00,1.37
2015.07.06 12:18:39.243,1.47152,1.47183,1.00,1.37
2015.07.06 12:18:39.548,1.47154,1.47187,1.00,1.87
2015.07.06 12:18:39.600,1.47152,1.47187,2.21,1.12
2015.07.06 12:18:39.752,1.47158,1.47187,1.00,1.00
2015.07.06 12:18:40.409,1.47158,1.47187,1.34,1.00
2015.07.06 12:18:45.271,1.47158,1.4719,1.34,1.00
2015.07.06 12:18:48.653,1.47158,1.4719,1.00,1.00
2015.07.06 12:18:53.267,1.47163,1.4719,1.00,1.00
2015.07.06 12:18:53.816,1.47163,1.4719,1.50,1.37
2015.07.06 12:18:54.599,1.47163,1.4719,1.50,1.00
2015.07.06 12:18:54.701,1.4716,1.4719,1.00,1.00
2015.07.06 12:18:55.232,1.47158,1.47194,2.59,3.00
2015.07.06 12:18:55.748,1.47164,1.47194,1.00,2.25
2015.07.06 12:18:56.208,1.47164,1.47194,1.50,1.00
2015.07.06 12:18:56.513,1.4716,1.47194,1.00,1.00
2015.07.06 12:18:58.003,1.4716,1.47194,1.00,2.25
2015.07.06 12:18:59.109,1.47156,1.47191,2.21,1.12
2015.07.06 12:18:59.415,1.47156,1.47191,2.59,1.37
2015.07.06 12:19:00.214,1.47156,1.47191,1.84,1.37
2015.07.06 12:19:01.017,1.47156,1.47191,4.09,1.12
2015.07.06 12:19:02.096,1.4716,1.47191,1.00,1.00
2015.07.06 12:19:02.407,1.4716,1.47194,1.00,1.12
2015.07.06 12:19:03.017,1.4716,1.47194,1.12,1.37
2015.07.06 12:19:05.823,1.47161,1.47194,1.00,1.37
2015.07.06 12:19:06.458,1.47158,1.47194,1.84,1.37
2015.07.06 12:19:07.727,1.47158,1.47194,1.84,1.37
2015.07.06 12:19:08.032,1.47167,1.47196,1.00,1.00
2015.07.06 12:19:09.736,1.47167,1.47196,1.50,1.00
2015.07.06 12:19:10.045,1.47175,1.47202,1.00,1.37
2015.07.06 12:19:10.567,1.47176,1.47204,1.00,1.71
2015.07.06 12:19:11.094,1.47175,1.47204,1.00,1.71
2015.07.06 12:19:11.747,1.47171,1.47204,1.00,1.71
2015.07.06 12:19:12.291,1.47171,1.47204,1.00,1.50
2015.07.06 12:19:15.161,1.47175,1.47204,1.00,1.50
2015.07.06 12:19:16.515,1.47171,1.47204,1.50,1.50
2015.07.06 12:19:17.698,1.47171,1.47204,1.00,1.37
2015.07.06 12:19:21.441,1.47171,1.47204,1.00,1.37
2015.07.06 12:19:26.182,1.47176,1.47206,1.00,1.37
2015.07.06 12:19:26.924,1.47171,1.47206,2.59,1.37
2015.07.06 12:19:27.369,1.47176,1.47206,1.00,1.50
2015.07.06 12:19:27.623,1.47171,1.47206,2.59,1.50
2015.07.06 12:19:30.386,1.47171,1.47206,1.84,1.37
2015.07.06 12:19:30.489,1.47171,1.47206,2.59,1.50
2015.07.06 12:19:31.203,1.47171,1.47205,1.84,1.00
2015.07.06 12:19:32.669,1.47171,1.47205,1.09,1.37
2015.07.06 12:19:33.533,1.47175,1.47205,1.00,1.37
2015.07.06 12:19:33.787,1.47171,1.47205,1.84,1.37
2015.07.06 12:19:34.406,1.47171,1.47205,1.84,1.37
2015.07.06 12:19:34.509,1.47176,1.47205,1.00,1.37
2015.07.06 12:19:34.661,1.47171,1.47205,1.84,1.37
2015.07.06 12:19:34.814,1.47171,1.47206,3.34,1.37
2015.07.06 12:19:35.119,1.47177,1.47209,1.00,1.75
2015.07.06 12:19:36.349,1.47177,1.47209,1.00,1.75
2015.07.06 12:19:36.848,1.47171,1.47207,2.21,2.25
2015.07.06 12:19:36.950,1.47171,1.47207,2.21,2.25
2015.07.06 12:19:37.472,1.47171,1.47207,2.21,2.25
2015.07.06 12:19:37.981,1.47174,1.47207,1.00,1.37
2015.07.06 12:19:38.234,1.47176,1.47209,1.34,1.50
2015.07.06 12:19:42.854,1.47176,1.47211,2.21,1.75
2015.07.06 12:19:43.109,1.47174,1.47208,1.75,1.75
2015.07.06 12:19:43.262,1.47174,1.47208,1.75,1.75
2015.07.06 12:19:44.194,1.47172,1.47207,1.75,1.75
2015.07.06 12:19:45.165,1.47172,1.47207,1.37,1.75
2015.07.06 12:19:46.180,1.47172,1.47207,1.37,1.75
2015.07.06 12:19:46.282,1.47171,1.47206,1.84,1.75
2015.07.06 12:19:48.228,1.47171,1.47206,1.46,1.75
2015.07.06 12:19:48.928,1.47171,1.47206,1.46,1.50
2015.07.06 12:19:49.504,1.47171,1.47206,1.46,1.75
2015.07.06 12:19:50.012,1.47169,1.47202,2.21,1.00
2015.07.06 12:19:51.768,1.4717,1.47202,1.71,1.37
2015.07.06 12:19:54.193,1.4717,1.47202,1.09,1.37
2015.07.06 12:19:55.948,1.4717,1.47202,1.09,1.37
2015.07.06 12:19:56.385,1.4717,1.47202,1.09,1.37
2015.07.06 12:19:57.410,1.47175,1.47205,1.00,1.37
2015.07.06 12:19:57.628,1.4717,1.47205,1.75,1.75
2015.07.06 12:19:57.835,1.47166,1.47197,1.00,1.37
2015.07.06 12:19:58.352,1.47162,1.47198,2.21,1.37
2015.07.06 12:20:00.174,1.47165,1.47198,1.09,1.00
2015.07.06 12:20:00.480,1.47162,1.47192,1.50,1.00
2015.07.06 12:20:00.922,1.47155,1.47187,1.37,1.00
2015.07.06 12:20:01.227,1.47161,1.47187,1.00,1.00
2015.07.06 12:20:01.686,1.47156,1.47192,1.87,1.50
2015.07.06 12:20:02.134,1.4716,1.47194,1.50,1.12
2015.07.06 12:20:02.885,1.4716,1.47195,1.50,1.75
2015.07.06 12:20:03.314,1.47162,1.47196,1.00,1.12
2015.07.06 12:20:03.619,1.47166,1.47198,1.00,3.00
2015.07.06 12:20:03.880,1.47162,1.47198,1.00,2.25
2015.07.06 12:20:05.983,1.47162,1.47198,1.00,2.25
2015.07.06 12:20:06.136,1.4716,1.47196,1.50,1.37
2015.07.06 12:20:06.188,1.4716,1.47196,1.50,1.75
2015.07.06 12:20:06.290,1.47161,1.47191,1.00,1.00
2015.07.06 12:20:06.544,1.47161,1.47193,1.00,1.12
2015.07.06 12:20:07.938,1.47159,1.47195,1.50,1.12
2015.07.06 12:20:08.469,1.47159,1.47196,1.87,3.00
2015.07.06 12:20:09.411,1.47161,1.47196,1.00,3.00
2015.07.06 12:20:09.917,1.47159,1.47196,1.87,3.00
2015.07.06 12:20:10.531,1.47159,1.47196,1.87,2.62
2015.07.06 12:20:11.257,1.4716,1.47196,1.37,2.62
2015.07.06 12:20:11.563,1.47161,1.47192,1.37,1.37
2015.07.06 12:20:12.028,1.4716,1.47192,1.37,1.37
2015.07.06 12:20:13.254,1.4716,1.47192,1.71,1.12
2015.07.06 12:20:13.559,1.47161,1.47195,1.71,1.50
2015.07.06 12:20:14.111,1.47161,1.47195,1.71,1.37
2015.07.06 12:20:14.367,1.4716,1.47195,1.84,1.37
2015.07.06 12:20:14.680,1.47165,1.47195,1.00,1.37
2015.07.06 12:20:14.887,1.47161,1.47195,1.71,1.37
2015.07.06 12:20:15.051,1.47165,1.47196,1.84,1.50
2015.07.06 12:20:15.331,1.47171,1.47206,2.96,1.12
2015.07.06 12:20:15.434,1.47175,1.47206,1.00,1.00
2015.07.06 12:20:15.485,1.47175,1.47208,1.50,1.00
2015.07.06 12:20:15.991,1.47176,1.47208,1.00,1.00
2015.07.06 12:20:16.144,1.47175,1.47208,1.50,1.37
2015.07.06 12:20:16.654,1.47175,1.47208,1.50,1.50
2015.07.06 12:20:17.179,1.47175,1.47208,1.00,1.37
2015.07.06 12:20:17.556,1.47175,1.47208,1.00,1.75
2015.07.06 12:20:17.926,1.47171,1.47206,1.46,1.50
2015.07.06 12:20:18.083,1.47171,1.47206,1.00,1.75
2015.07.06 12:20:18.510,1.47168,1.47202,1.46,1.37
2015.07.06 12:20:18.561,1.47168,1.47202,1.46,1.75
2015.07.06 12:20:18.867,1.47166,1.47201,1.71,1.75
2015.07.06 12:20:19.266,1.47163,1.47197,1.12,2.25
2015.07.06 12:20:19.369,1.47161,1.47197,2.25,1.87
2015.07.06 12:20:19.880,1.47167,1.47201,1.37,1.75
2015.07.06 12:20:20.608,1.47167,1.47197,1.00,1.37
2015.07.06 12:20:20.761,1.47167,1.47197,1.00,1.37
2015.07.06 12:20:20.915,1.47162,1.47197,1.37,1.87
2015.07.06 12:20:20.966,1.47162,1.47197,1.37,2.25
2015.07.06 12:20:21.471,1.47162,1.47197,1.37,2.25
2015.07.06 12:20:21.523,1.47162,1.47197,1.37,2.25
2015.07.06 12:20:22.245,1.47162,1.47197,1.00,2.25
2015.07.06 12:20:22.723,1.47162,1.47193,1.00,1.75
2015.07.06 12:20:22.878,1.47156,1.47189,5.62,1.12
2015.07.06 12:20:22.980,1.47162,1.47191,1.00,1.00
2015.07.06 12:20:23.031,1.47162,1.47194,1.00,1.37
2015.07.06 12:20:23.135,1.47165,1.47194,1.00,1.00
2015.07.06 12:20:23.957,1.47165,1.47194,1.00,1.75
2015.07.06 12:20:24.388,1.47166,1.47194,1.00,2.62
2015.07.06 12:20:24.693,1.47161,1.47194,1.12,2.62
2015.07.06 12:20:25.992,1.47162,1.47194,1.00,1.87
2015.07.06 12:20:26.043,1.47162,1.47194,1.00,1.12
2015.07.06 12:20:26.145,1.47165,1.47194,1.00,1.12
2015.07.06 12:20:26.694,1.47166,1.47194,1.00,1.12
2015.07.06 12:20:26.795,1.47162,1.47194,1.00,1.12
2015.07.06 12:20:27.000,1.47166,1.47197,1.00,1.87
2015.07.06 12:20:27.220,1.47162,1.47197,1.00,1.87
2015.07.06 12:20:27.323,1.47166,1.47197,1.00,1.87
2015.07.06 12:20:28.957,1.47162,1.47197,1.00,1.87
2015.07.06 12:20:31.683,1.47162,1.47194,1.00,1.50
2015.07.06 12:20:32.271,1.47162,1.47194,1.00,1.50
2015.07.06 12:20:33.187,1.47165,1.47195,1.00,1.37
2015.07.06 12:20:33.488,1.47162,1.47195,1.00,1.37
2015.07.06 12:20:34.491,1.47166,1.47195,1.00,1.37
2015.07.06 12:20:34.593,1.47162,1.47195,1.00,1.37
2015.07.06 12:20:35.676,1.47166,1.47195,1.00,1.37
2015.07.06 12:20:35.779,1.47162,1.47195,1.00,1.37
2015.07.06 12:20:35.890,1.47166,1.47195,1.00,1.37
2015.07.06 12:20:36.923,1.47162,1.47195,1.00,1.37
2015.07.06 12:20:37.366,1.47165,1.47195,1.00,1.37
2015.07.06 12:20:37.891,1.47162,1.47195,1.00,1.37
2015.07.06 12:20:38.634,1.47162,1.47195,1.00,1.50
2015.07.06 12:20:41.161,1.4716,1.47195,1.50,1.50
2015.07.06 12:20:41.774,1.47161,1.47195,1.00,1.50
2015.07.06 12:20:42.260,1.47161,1.47195,1.50,1.37
2015.07.06 12:20:42.820,1.47166,1.47195,1.00,1.37
2015.07.06 12:20:43.327,1.47161,1.47195,1.00,1.37
2015.07.06 12:20:44.236,1.47161,1.47195,1.50,1.37
2015.07.06 12:20:44.767,1.47161,1.47195,1.87,1.37
2015.07.06 12:20:44.934,1.47161,1.47195,1.87,1.00
2015.07.06 12:20:45.441,1.47161,1.47198,1.87,3.37
2015.07.06 12:20:46.387,1.4717,1.47198,1.00,3.00
2015.07.06 12:20:46.489,1.47166,1.47198,1.00,3.00
2015.07.06 12:20:46.794,1.47171,1.47198,1.00,3.00
2015.07.06 12:20:46.998,1.47166,1.47198,1.00,3.00
2015.07.06 12:20:49.902,1.47166,1.47197,1.00,1.00
2015.07.06 12:20:51.310,1.47165,1.47198,1.50,1.00
2015.07.06 12:20:51.854,1.47166,1.47198,1.00,1.00
2015.07.06 12:20:53.421,1.47171,1.47198,1.00,1.00
2015.07.06 12:20:54.187,1.4717,1.47198,1.00,1.00
2015.07.06 12:20:54.442,1.47171,1.472,1.00,1.87
2015.07.06 12:20:54.493,1.47176,1.472,1.00,1.87
2015.07.06 12:20:54.697,1.47175,1.47203,1.00,1.12
2015.07.06 12:20:54.898,1.47171,1.47202,1.00,1.00
2015.07.06 12:20:54.949,1.47175,1.472,1.00,1.00
2015.07.06 12:20:55.461,1.47176,1.472,1.00,1.00
2015.07.06 12:20:55.769,1.47176,1.47203,1.00,1.00
2015.07.06 12:20:55.871,1.47176,1.47206,1.00,1.00
2015.07.06 12:20:56.159,1.47173,1.47206,1.50,1.00
2015.07.06 12:20:57.135,1.47176,1.47206,1.00,1.00
2015.07.06 12:20:57.997,1.47175,1.47206,1.00,1.00
2015.07.06 12:20:58.524,1.47176,1.47206,1.00,1.00
2015.07.06 12:20:59.632,1.47176,1.47209,1.00,1.00
2015.07.06 12:21:00.352,1.47175,1.47209,1.12,1.00
2015.07.06 12:21:00.680,1.47181,1.47209,1.00,1.00
2015.07.06 12:21:01.388,1.47177,1.47209,1.00,1.00
2015.07.06 12:21:01.768,1.47181,1.47209,1.00,1.00
2015.07.06 12:21:03.612,1.4718,1.47209,1.00,1.00
2015.07.06 12:21:04.118,1.47181,1.47209,1.00,1.00
2015.07.06 12:21:04.448,1.47191,1.47213,1.00,1.00
2015.07.06 12:21:04.550,1.47191,1.47216,1.00,1.50
2015.07.06 12:21:05.148,1.47186,1.47216,1.84,1.00
2015.07.06 12:21:07.579,1.47186,1.4722,2.21,1.00
2015.07.06 12:21:07.691,1.47191,1.4722,1.00,1.00
2015.07.06 12:21:08.667,1.47186,1.4722,2.21,1.00
2015.07.06 12:21:08.925,1.4719,1.4722,1.00,1.00
2015.07.06 12:21:10.073,1.47186,1.4722,2.21,1.00
2015.07.06 12:21:10.227,1.4719,1.4722,1.00,1.00
2015.07.06 12:21:11.636,1.47191,1.4722,1.00,1.00
2015.07.06 12:21:12.871,1.4719,1.4722,1.00,1.00
2015.07.06 12:21:13.380,1.47191,1.4722,1.00,1.00
2015.07.06 12:21:13.909,1.4719,1.4722,1.00,1.00
2015.07.06 12:21:14.570,1.47191,1.4722,1.00,1.00
2015.07.06 12:21:15.115,1.4719,1.4722,1.00,1.00
2015.07.06 12:21:15.846,1.47191,1.4722,1.00,1.00
2015.07.06 12:21:16.568,1.47191,1.47221,1.00,1.00
2015.07.06 12:21:16.721,1.4719,1.47224,1.50,1.37
2015.07.06 12:21:18.347,1.47191,1.47224,1.00,1.37
2015.07.06 12:21:18.902,1.47196,1.47224,1.00,1.37
2015.07.06 12:21:19.430,1.47197,1.47224,1.00,1.00
2015.07.06 12:21:19.844,1.47197,1.4723,1.00,1.37
2015.07.06 12:21:20.150,1.47201,1.4723,1.00,1.37
2015.07.06 12:21:20.878,1.47197,1.4723,1.00,1.37
2015.07.06 12:21:20.957,1.47197,1.4723,1.00,1.12
2015.07.06 12:21:21.008,1.472,1.4723,1.00,1.12
2015.07.06 12:21:21.319,1.47197,1.4723,1.00,1.12
2015.07.06 12:21:22.123,1.47194,1.47229,1.00,1.00
2015.07.06 12:21:22.711,1.47194,1.47226,1.00,1.00
2015.07.06 12:21:22.945,1.47195,1.47229,1.00,1.00
2015.07.06 12:21:23.200,1.47194,1.47229,1.50,1.50
2015.07.06 12:21:23.662,1.47196,1.47229,1.00,1.50
2015.07.06 12:21:24.398,1.47194,1.47229,1.50,1.50
2015.07.06 12:21:25.211,1.47196,1.47229,1.00,1.50
2015.07.06 12:21:25.313,1.47194,1.47229,1.50,1.50
2015.07.06 12:21:25.419,1.47196,1.47229,1.00,1.50
2015.07.06 12:21:25.928,1.47195,1.47226,1.00,1.37
2015.07.06 12:21:26.486,1.47196,1.47226,1.00,1.00
2015.07.06 12:21:27.026,1.47195,1.47226,1.00,1.00
2015.07.06 12:21:28.010,1.47196,1.47226,1.00,1.00
2015.07.06 12:21:28.521,1.47195,1.47226,1.00,1.00
2015.07.06 12:21:29.139,1.47194,1.47226,1.00,1.00
2015.07.06 12:21:29.677,1.47196,1.47226,1.00,1.12
2015.07.06 12:21:30.362,1.47191,1.47226,1.46,2.62
2015.07.06 12:21:31.481,1.47191,1.47223,1.34,1.00
2015.07.06 12:21:31.787,1.4719,1.4722,1.34,1.00
2015.07.06 12:21:34.670,1.4719,1.47217,1.34,1.00
2015.07.06 12:21:35.709,1.4719,1.47221,1.34,1.00
2015.07.06 12:21:36.753,1.47191,1.4722,1.34,1.00
2015.07.06 12:21:38.916,1.47195,1.4722,1.00,1.00
2015.07.06 12:21:39.075,1.47195,1.47225,1.00,1.00
2015.07.06 12:21:39.178,1.4719,1.47225,1.34,1.00
2015.07.06 12:21:42.966,1.4719,1.47222,1.34,1.00
2015.07.06 12:21:46.697,1.4719,1.47222,1.84,1.00
2015.07.06 12:21:49.766,1.47192,1.47222,1.09,1.50
2015.07.06 12:21:55.412,1.47191,1.47221,1.84,1.00
2015.07.06 12:21:55.766,1.47186,1.47217,1.75,1.00
2015.07.06 12:21:55.818,1.47186,1.47217,1.75,1.00
2015.07.06 12:21:56.328,1.47185,1.47216,1.75,1.00
2015.07.06 12:21:57.950,1.47191,1.47216,1.00,1.00
2015.07.06 12:21:58.555,1.47185,1.47216,1.75,1.00
2015.07.06 12:22:01.290,1.47186,1.4722,1.75,1.00
2015.07.06 12:22:01.596,1.47186,1.47215,1.75,1.00
2015.07.06 12:22:07.754,1.47185,1.47215,1.75,1.00
2015.07.06 12:22:11.214,1.47186,1.47218,1.75,1.00
2015.07.06 12:22:11.593,1.47188,1.47221,1.50,1.00
2015.07.06 12:22:13.146,1.47194,1.47224,1.50,1.50
2015.07.06 12:22:13.197,1.47193,1.47229,3.00,1.50
2015.07.06 12:22:13.350,1.47195,1.47231,3.00,1.87
2015.07.06 12:22:13.604,1.472,1.47233,1.00,1.00
2015.07.06 12:22:13.808,1.472,1.47236,1.00,1.34
2015.07.06 12:22:14.243,1.47206,1.47237,1.00,1.34
2015.07.06 12:22:14.294,1.47206,1.47237,1.00,1.00
2015.07.06 12:22:14.754,1.47206,1.4724,1.00,1.00
2015.07.06 12:22:20.912,1.47206,1.4724,1.37,1.50
2015.07.06 12:22:22.079,1.47206,1.47239,1.37,1.00
2015.07.06 12:22:22.580,1.47206,1.47239,1.37,1.87
2015.07.06 12:22:23.187,1.47206,1.47235,1.37,1.00
2015.07.06 12:22:23.908,1.47204,1.47235,1.75,1.00
2015.07.06 12:22:24.482,1.47202,1.47234,1.09,1.00
2015.07.06 12:22:24.827,1.47202,1.47236,1.09,1.00
2015.07.06 12:22:25.336,1.47202,1.47235,1.09,1.00
2015.07.06 12:22:26.308,1.47202,1.47235,1.09,1.37
2015.07.06 12:22:26.476,1.47202,1.47232,1.09,1.00
2015.07.06 12:22:27.285,1.47205,1.47232,1.09,1.00
2015.07.06 12:22:27.388,1.47206,1.47234,1.71,1.00
2015.07.06 12:22:27.921,1.47205,1.47235,1.09,1.00
2015.07.06 12:22:28.641,1.47205,1.47236,1.09,1.00
2015.07.06 12:22:29.509,1.47206,1.47236,1.09,1.00
2015.07.06 12:22:29.561,1.47206,1.47232,1.09,1.00
2015.07.06 12:22:29.714,1.47206,1.47234,1.84,1.00
2015.07.06 12:22:30.668,1.47208,1.47235,2.21,1.00
2015.07.06 12:22:31.186,1.4721,1.47236,1.00,1.00
2015.07.06 12:22:31.545,1.4721,1.47233,1.00,1.00
2015.07.06 12:22:31.647,1.47206,1.47235,1.84,1.00
2015.07.06 12:22:31.800,1.47206,1.47233,1.84,1.00
2015.07.06 12:22:32.106,1.47206,1.47231,1.84,1.00
2015.07.06 12:22:32.208,1.47206,1.47234,1.84,1.00
2015.07.06 12:22:32.778,1.47207,1.47233,1.09,1.00
2015.07.06 12:22:34.327,1.47207,1.47234,1.09,1.00
2015.07.06 12:22:34.432,1.47206,1.47232,1.75,1.00
2015.07.06 12:22:34.483,1.47206,1.47232,1.00,1.00
2015.07.06 12:22:34.536,1.47206,1.47228,1.00,1.00
2015.07.06 12:22:34.638,1.47201,1.47231,1.50,1.00
2015.07.06 12:22:34.740,1.47205,1.47233,1.00,1.00
2015.07.06 12:22:35.045,1.47206,1.47233,1.34,1.00
2015.07.06 12:22:36.036,1.47205,1.47233,1.50,1.00
2015.07.06 12:22:36.392,1.47205,1.4723,1.00,1.00
2015.07.06 12:22:36.494,1.47201,1.47228,1.12,1.00
2015.07.06 12:22:37.304,1.472,1.47227,1.37,1.00
2015.07.06 12:22:37.839,1.472,1.47227,1.00,1.00
2015.07.06 12:22:38.358,1.472,1.47228,1.00,1.00
2015.07.06 12:22:39.968,1.47194,1.47227,1.75,1.00
2015.07.06 12:22:40.020,1.47195,1.47224,1.50,1.00
2015.07.06 12:22:40.376,1.47195,1.47227,1.50,1.50
2015.07.06 12:22:40.581,1.47196,1.47229,1.37,1.50
2015.07.06 12:22:40.888,1.47201,1.47229,1.00,1.00
2015.07.06 12:22:40.992,1.47198,1.47229,1.12,1.00
2015.07.06 12:22:41.043,1.47199,1.47231,1.00,1.00
2015.07.06 12:22:41.224,1.472,1.47233,1.00,1.09
2015.07.06 12:22:41.732,1.47199,1.47233,1.00,1.09
2015.07.06 12:22:42.445,1.472,1.47234,1.00,1.34
2015.07.06 12:22:42.497,1.472,1.47234,1.50,1.34
2015.07.06 12:22:45.036,1.47206,1.47235,1.00,1.84
2015.07.06 12:22:45.806,1.47205,1.47235,1.00,1.84
2015.07.06 12:22:48.137,1.47206,1.47235,1.00,1.84
2015.07.06 12:22:48.669,1.47205,1.47233,1.00,1.09
2015.07.06 12:22:49.028,1.47205,1.47231,1.00,1.00
2015.07.06 12:22:49.554,1.47205,1.4723,1.00,1.00
2015.07.06 12:22:49.914,1.472,1.4723,1.37,1.00
2015.07.06 12:22:50.017,1.47205,1.4723,1.00,1.00
2015.07.06 12:22:50.120,1.472,1.47231,1.37,1.00
2015.07.06 12:22:50.383,1.472,1.47229,1.37,1.00
2015.07.06 12:22:50.934,1.472,1.47229,1.00,1.00
2015.07.06 12:22:51.442,1.47201,1.4723,1.00,1.00
2015.07.06 12:22:51.493,1.47201,1.47233,1.00,1.09
2015.07.06 12:22:53.006,1.47201,1.47231,1.00,1.00
2015.07.06 12:22:53.342,1.47206,1.4723,1.00,1.00
2015.07.06 12:22:53.701,1.47206,1.47228,1.00,1.00
2015.07.06 12:22:53.752,1.47201,1.47228,1.00,1.00
2015.07.06 12:22:54.260,1.47201,1.47227,1.00,1.00
2015.07.06 12:22:54.807,1.47201,1.47226,1.00,1.00
2015.07.06 12:22:55.315,1.472,1.47226,1.00,1.00
2015.07.06 12:22:55.417,1.47205,1.47226,1.00,1.00
2015.07.06 12:22:55.779,1.47205,1.47228,1.00,1.00
2015.07.06 12:22:55.967,1.47198,1.47221,1.00,1.00
2015.07.06 12:22:56.120,1.47196,1.47221,1.00,1.00
2015.07.06 12:22:56.323,1.47196,1.47223,1.00,1.00
2015.07.06 12:22:56.848,1.47196,1.47224,1.00,1.00
2015.07.06 12:22:57.362,1.47196,1.47225,1.00,1.00
2015.07.06 12:22:57.515,1.47196,1.47228,1.50,1.00
2015.07.06 12:22:57.618,1.47198,1.47228,1.00,1.00
2015.07.06 12:22:58.146,1.47198,1.47229,1.00,1.00
2015.07.06 12:22:58.665,1.47198,1.47228,1.00,1.00
2015.07.06 12:22:59.868,1.47198,1.47227,1.00,1.00
2015.07.06 12:23:00.173,1.47198,1.47229,1.00,1.00
2015.07.06 12:23:01.215,1.47198,1.47223,1.00,1.00
2015.07.06 12:23:04.269,1.47198,1.47228,1.00,1.75
2015.07.06 12:23:06.934,1.47203,1.47228,1.00,1.75
2015.07.06 12:23:07.036,1.47203,1.47226,1.00,1.00
2015.07.06 12:23:07.240,1.47205,1.47226,1.00,1.00
2015.07.06 12:23:07.588,1.47207,1.47226,1.00,1.00
2015.07.06 12:23:08.869,1.47207,1.47233,1.00,1.00
2015.07.06 12:23:09.124,1.47211,1.47233,1.00,1.00
2015.07.06 12:23:11.855,1.47211,1.47239,1.00,1.75
2015.07.06 12:23:14.852,1.47211,1.47244,1.50,1.75
2015.07.06 12:23:17.908,1.47211,1.47241,1.00,1.75
2015.07.06 12:23:20.864,1.47211,1.47243,1.00,1.75
2015.07.06 12:23:23.659,1.47217,1.47239,1.00,1.00
2015.07.06 12:23:23.964,1.47211,1.47239,3.37,1.00
2015.07.06 12:23:26.024,1.47211,1.47244,2.25,1.75
2015.07.06 12:23:28.273,1.4722,1.47247,1.00,2.25
2015.07.06 12:23:28.376,1.47215,1.47246,1.00,1.75
2015.07.06 12:23:29.040,1.47215,1.47245,1.00,1.75
2015.07.06 12:23:29.589,1.47214,1.47243,1.00,1.75
2015.07.06 12:23:31.964,1.47214,1.47243,1.00,1.75
2015.07.06 12:23:32.966,1.47219,1.47247,1.00,1.75
2015.07.06 12:23:33.476,1.47213,1.47245,1.00,2.25
2015.07.06 12:23:34.742,1.47213,1.47245,1.00,1.12
2015.07.06 12:23:34.843,1.47213,1.47241,1.00,1.00
2015.07.06 12:23:35.149,1.47213,1.47244,1.00,1.00
2015.07.06 12:23:36.558,1.47213,1.47245,1.00,1.12
2015.07.06 12:23:36.660,1.47215,1.47245,1.00,1.12
2015.07.06 12:23:37.206,1.47215,1.47244,1.00,1.00
2015.07.06 12:23:38.325,1.47215,1.47241,1.00,1.00
2015.07.06 12:23:38.529,1.47213,1.47241,1.00,1.00
2015.07.06 12:23:39.868,1.47213,1.47242,1.00,1.00
2015.07.06 12:23:40.534,1.47213,1.47246,1.12,1.75
2015.07.06 12:23:40.637,1.47216,1.47246,1.00,1.75
2015.07.06 12:23:41.041,1.47221,1.4725,1.00,1.75
2015.07.06 12:23:41.193,1.47217,1.47252,1.00,1.87
2015.07.06 12:23:41.245,1.47221,1.47252,1.00,1.87
2015.07.06 12:23:41.398,1.47216,1.47252,3.00,1.87
2015.07.06 12:23:42.721,1.47217,1.47252,1.00,1.87
2015.07.06 12:23:43.229,1.47216,1.47252,3.00,1.87
2015.07.06 12:23:43.514,1.47216,1.47247,3.00,1.00
2015.07.06 12:23:44.284,1.47217,1.47247,1.00,1.00
2015.07.06 12:23:44.794,1.47216,1.47246,1.50,1.00
2015.07.06 12:23:45.436,1.47216,1.47245,1.50,1.00
2015.07.06 12:23:45.489,1.47212,1.47245,1.50,1.00
2015.07.06 12:23:46.252,1.47212,1.47247,2.25,1.00
2015.07.06 12:23:46.354,1.47214,1.47248,1.00,1.50
2015.07.06 12:23:46.783,1.47216,1.47248,1.00,1.00
2015.07.06 12:23:47.315,1.47221,1.47248,1.00,1.12
2015.07.06 12:23:48.371,1.47216,1.47248,1.00,1.12
2015.07.06 12:23:50.038,1.47216,1.47248,1.00,1.50
2015.07.06 12:23:50.343,1.47215,1.47243,1.00,1.00
2015.07.06 12:23:50.649,1.47215,1.47246,1.00,1.12
2015.07.06 12:23:51.209,1.47215,1.47244,1.00,1.00
2015.07.06 12:23:51.715,1.47215,1.47243,1.00,1.00
2015.07.06 12:23:51.867,1.47215,1.47247,1.00,1.87
2015.07.06 12:23:52.517,1.47215,1.47245,1.00,1.00
2015.07.06 12:23:52.772,1.47212,1.47245,1.00,1.75
2015.07.06 12:23:53.129,1.47214,1.47247,1.00,1.75
2015.07.06 12:23:55.748,1.47214,1.47244,1.00,1.00
2015.07.06 12:23:59.005,1.47214,1.47242,1.00,1.00
2015.07.06 12:23:59.701,1.47214,1.4724,1.00,1.00
2015.07.06 12:24:00.208,1.47214,1.47241,1.00,1.00
2015.07.06 12:24:01.553,1.47214,1.47242,1.00,1.00
2015.07.06 12:24:02.094,1.47214,1.47243,1.00,1.00
2015.07.06 12:24:02.451,1.47214,1.47239,1.00,1.00
2015.07.06 12:24:02.553,1.47214,1.47243,1.00,1.00
2015.07.06 12:24:02.605,1.47212,1.47243,1.50,1.00
2015.07.06 12:24:02.827,1.47216,1.47243,1.00,1.00
2015.07.06 12:24:03.184,1.47212,1.47245,1.00,1.87
2015.07.06 12:24:03.598,1.47216,1.47245,1.00,1.12
2015.07.06 12:24:03.903,1.47216,1.47245,1.00,1.75
2015.07.06 12:24:05.225,1.47215,1.47242,1.00,1.75
2015.07.06 12:24:05.758,1.47216,1.47242,1.00,1.75
2015.07.06 12:24:05.809,1.47211,1.47242,1.00,1.75
2015.07.06 12:24:06.030,1.47215,1.47242,1.00,1.75
2015.07.06 12:24:06.363,1.47211,1.47242,1.00,1.75
2015.07.06 12:24:06.466,1.47216,1.47242,1.00,1.75
2015.07.06 12:24:06.567,1.47211,1.47242,1.00,1.75
2015.07.06 12:24:06.886,1.47216,1.47242,1.00,1.75
2015.07.06 12:24:07.514,1.47216,1.4724,1.00,1.00
2015.07.06 12:24:07.866,1.4721,1.4724,1.50,1.00
2015.07.06 12:24:08.020,1.47212,1.4724,1.00,1.00
2015.07.06 12:24:08.527,1.47213,1.4724,1.00,1.00
2015.07.06 12:24:08.834,1.47209,1.4724,1.00,1.00
2015.07.06 12:24:09.140,1.47212,1.4724,1.00,1.00
2015.07.06 12:24:09.606,1.47212,1.47245,1.00,1.50
2015.07.06 12:24:10.016,1.47217,1.47246,1.00,1.75
2015.07.06 12:24:10.119,1.47215,1.47248,1.09,1.75
2015.07.06 12:24:10.732,1.47216,1.47248,1.00,1.75
2015.07.06 12:24:11.621,1.47215,1.47248,1.09,1.75
2015.07.06 12:24:12.170,1.47216,1.47248,1.00,1.75
2015.07.06 12:24:12.573,1.47216,1.47247,1.00,1.12
2015.07.06 12:24:12.624,1.47216,1.47245,1.00,1.00
2015.07.06 12:24:12.726,1.47213,1.47247,1.50,2.62
2015.07.06 12:24:14.667,1.47212,1.47245,1.00,1.00
2015.07.06 12:24:15.176,1.47211,1.47245,1.00,1.00
2015.07.06 12:24:15.517,1.47216,1.47245,1.00,1.00
2015.07.06 12:24:15.721,1.47213,1.47247,1.50,1.87
2015.07.06 12:24:16.544,1.47214,1.47248,1.00,2.25
2015.07.06 12:24:16.647,1.47214,1.47242,1.00,1.00
2015.07.06 12:24:16.698,1.47208,1.47242,1.00,1.00
2015.07.06 12:24:16.749,1.4721,1.47242,1.00,1.00
2015.07.06 12:24:17.261,1.4721,1.47245,1.50,1.12
2015.07.06 12:24:17.414,1.4721,1.47242,1.50,1.00
2015.07.06 12:24:17.618,1.47212,1.47246,1.00,1.37
2015.07.06 12:24:18.149,1.47213,1.47246,1.00,1.37
2015.07.06 12:24:18.672,1.4721,1.47241,1.00,1.00
2015.07.06 12:24:19.323,1.47205,1.47238,2.96,1.00
2015.07.06 12:24:19.633,1.47212,1.47242,1.00,1.50
2015.07.06 12:24:19.939,1.4722,1.47245,1.00,1.00
2015.07.06 12:24:19.991,1.4722,1.47249,1.00,1.75
2015.07.06 12:24:20.042,1.4722,1.47249,1.00,1.00
2015.07.06 12:24:20.145,1.4722,1.47254,1.50,1.12
2015.07.06 12:24:20.196,1.47224,1.47255,1.34,1.00
2015.07.06 12:24:20.298,1.47227,1.47259,1.00,1.12
2015.07.06 12:24:20.451,1.4723,1.47262,1.00,1.75
2015.07.06 12:24:20.553,1.47228,1.47262,1.50,1.75
2015.07.06 12:24:21.120,1.47226,1.47258,1.84,1.50
2015.07.06 12:24:21.631,1.47226,1.47257,1.84,1.50
2015.07.06 12:24:23.699,1.47226,1.47257,1.84,1.12
2015.07.06 12:24:24.516,1.47227,1.47262,1.00,2.25
2015.07.06 12:24:24.619,1.47231,1.47262,1.00,2.25
2015.07.06 12:24:24.924,1.47236,1.47266,1.00,2.25
2015.07.06 12:24:25.841,1.47237,1.47269,1.00,2.25
2015.07.06 12:24:26.389,1.47238,1.4727,1.00,1.75
2015.07.06 12:24:26.896,1.47237,1.47269,1.00,1.75
2015.07.06 12:24:27.862,1.47237,1.47257,1.00,1.00
2015.07.06 12:24:28.409,1.47236,1.47257,2.25,1.00
2015.07.06 12:24:29.985,1.47237,1.47257,1.00,1.00
2015.07.06 12:24:30.569,1.47236,1.47257,1.50,1.00
2015.07.06 12:24:30.671,1.47232,1.47257,1.00,1.00
2015.07.06 12:24:30.824,1.47232,1.47255,1.00,1.00
2015.07.06 12:24:31.374,1.47231,1.47255,1.00,1.00
2015.07.06 12:24:32.425,1.47232,1.47255,1.00,1.00
2015.07.06 12:24:32.985,1.47236,1.47255,1.00,1.00
2015.07.06 12:24:33.816,1.47236,1.47267,1.50,1.75
2015.07.06 12:24:37.304,1.47236,1.47266,1.00,1.75
2015.07.06 12:24:40.303,1.47236,1.4726,1.50,1.12
2015.07.06 12:24:41.661,1.47237,1.4726,1.00,1.12
2015.07.06 12:24:43.025,1.47236,1.4726,1.50,1.12
2015.07.06 12:24:43.275,1.47236,1.47262,1.50,1.37
2015.07.06 12:24:43.957,1.47237,1.47262,1.00,1.37
2015.07.06 12:24:44.384,1.4724,1.47262,1.00,1.00
2015.07.06 12:24:44.691,1.47245,1.47274,1.00,1.75
2015.07.06 12:24:45.202,1.47248,1.47278,1.00,1.75
2015.07.06 12:24:45.412,1.47246,1.47278,1.00,1.75
2015.07.06 12:24:45.926,1.47246,1.47278,1.00,2.25
2015.07.06 12:24:46.470,1.47247,1.47278,1.00,2.25
2015.07.06 12:24:47.123,1.47248,1.47278,1.00,2.25
2015.07.06 12:24:47.632,1.47247,1.47278,1.00,2.25
2015.07.06 12:24:48.825,1.47249,1.47278,1.00,2.25
2015.07.06 12:24:49.033,1.47242,1.47273,1.00,1.75
2015.07.06 12:24:49.135,1.47242,1.47272,1.00,1.12
2015.07.06 12:24:49.399,1.47241,1.47275,1.00,1.75
2015.07.06 12:24:49.923,1.4724,1.47275,2.25,1.75
2015.07.06 12:24:51.838,1.4724,1.47275,2.25,2.25
2015.07.06 12:24:52.398,1.4724,1.4727,1.50,1.12
2015.07.06 12:24:53.225,1.47235,1.4727,2.25,1.12
2015.07.06 12:24:53.429,1.47235,1.47264,3.00,1.75
2015.07.06 12:24:53.531,1.4723,1.4726,1.00,1.12
2015.07.06 12:24:53.636,1.4723,1.47259,1.00,1.87
2015.07.06 12:24:53.737,1.47228,1.47259,1.00,1.87
2015.07.06 12:24:53.988,1.47227,1.47259,1.00,1.12
2015.07.06 12:24:54.041,1.47227,1.4726,1.00,1.75
2015.07.06 12:24:54.092,1.47229,1.4726,1.00,1.75
2015.07.06 12:24:54.194,1.47229,1.4726,1.00,1.12
2015.07.06 12:24:54.245,1.4723,1.4726,1.34,1.12
2015.07.06 12:24:54.906,1.47235,1.4726,1.09,1.12
2015.07.06 12:24:55.411,1.47236,1.4726,1.00,1.12
2015.07.06 12:24:55.962,1.47233,1.4726,1.84,1.12
2015.07.06 12:24:56.786,1.47236,1.47263,1.00,1.75
2015.07.06 12:24:56.978,1.47233,1.47263,1.50,2.25
2015.07.06 12:24:57.130,1.47228,1.47259,1.00,1.50
2015.07.06 12:24:57.182,1.47227,1.47258,1.50,1.75
2015.07.06 12:24:57.385,1.47227,1.47255,1.00,1.00
2015.07.06 12:24:57.487,1.47224,1.47255,1.00,1.00
2015.07.06 12:24:57.841,1.47223,1.47255,1.50,1.75
2015.07.06 12:24:58.150,1.47229,1.47256,1.00,1.87
2015.07.06 12:24:58.658,1.4723,1.47259,1.00,1.75
2015.07.06 12:24:59.859,1.4723,1.47261,1.50,1.12
2015.07.06 12:25:00.264,1.4723,1.4726,1.50,1.37
2015.07.06 12:25:00.767,1.47231,1.47261,1.00,1.12
2015.07.06 12:25:01.664,1.4723,1.47261,1.50,1.12
2015.07.06 12:25:01.767,1.4723,1.4726,1.50,1.37
2015.07.06 12:25:02.293,1.4723,1.4726,1.00,1.12
2015.07.06 12:25:03.924,1.47231,1.47259,1.00,1.50
2015.07.06 12:25:04.455,1.4723,1.47259,1.00,1.50
2015.07.06 12:25:05.535,1.4723,1.47259,1.00,1.75
2015.07.06 12:25:07.630,1.4723,1.47259,2.25,1.37
2015.07.06 12:25:07.937,1.47236,1.47264,1.00,2.25
2015.07.06 12:25:08.443,1.47236,1.47264,1.00,1.37
2015.07.06 12:25:09.085,1.47236,1.47264,1.00,1.37
2015.07.06 12:25:09.593,1.47237,1.47264,1.00,1.37
2015.07.06 12:25:10.186,1.47237,1.47264,1.00,1.37
2015.07.06 12:25:10.237,1.47241,1.47264,1.00,1.37
2015.07.06 12:25:10.288,1.47241,1.47264,1.34,1.12
2015.07.06 12:25:10.390,1.47244,1.47271,1.09,1.37
2015.07.06 12:25:10.441,1.47246,1.47273,1.00,1.75
2015.07.06 12:25:10.595,1.47246,1.47274,1.00,2.25
2015.07.06 12:25:10.697,1.47244,1.47274,1.09,1.75
2015.07.06 12:25:12.077,1.47244,1.47272,1.00,1.87
2015.07.06 12:25:12.382,1.47244,1.47272,1.00,1.12
2015.07.06 12:25:12.586,1.47241,1.47272,1.00,1.12
2015.07.06 12:25:12.739,1.47239,1.47272,1.00,1.12
2015.07.06 12:25:13.260,1.4724,1.47272,1.00,1.87
2015.07.06 12:25:13.900,1.4724,1.47268,1.00,1.37
2015.07.06 12:25:15.961,1.47239,1.47268,2.25,1.37
2015.07.06 12:25:16.117,1.47239,1.47268,2.25,1.75
2015.07.06 12:25:16.635,1.47239,1.47268,1.00,1.12
2015.07.06 12:25:17.187,1.47239,1.47268,1.00,1.37
2015.07.06 12:25:18.474,1.4724,1.47268,1.00,1.37
2015.07.06 12:25:20.738,1.4724,1.47268,1.00,1.12
2015.07.06 12:25:21.289,1.47237,1.47267,1.00,1.37
2015.07.06 12:25:23.166,1.47237,1.47267,1.00,1.12
2015.07.06 12:25:23.709,1.47237,1.47267,1.00,1.12
2015.07.06 12:25:24.003,1.47235,1.47267,1.50,1.75
2015.07.06 12:25:24.957,1.47238,1.47267,1.00,1.75
2015.07.06 12:25:29.994,1.47235,1.47266,1.50,1.12
2015.07.06 12:25:32.186,1.47236,1.47266,1.00,1.12
2015.07.06 12:25:34.188,1.47236,1.47264,1.00,1.37
2015.07.06 12:25:34.702,1.47236,1.47265,1.00,1.75
2015.07.06 12:25:35.352,1.47237,1.47265,1.00,1.75
2015.07.06 12:25:35.916,1.47236,1.47265,1.00,1.75
2015.07.06 12:25:36.533,1.47237,1.47268,1.00,2.25
2015.07.06 12:25:37.083,1.47236,1.47268,1.00,2.25
2015.07.06 12:25:38.727,1.47236,1.47268,1.00,2.25
2015.07.06 12:25:38.835,1.47237,1.47268,1.00,2.25
2015.07.06 12:25:39.040,1.47237,1.47268,2.25,1.75
2015.07.06 12:25:39.193,1.47234,1.47267,1.00,1.75
2015.07.06 12:25:39.295,1.47236,1.47267,1.00,1.75
2015.07.06 12:25:39.865,1.47235,1.47267,1.00,1.75
2015.07.06 12:25:40.171,1.47237,1.47268,1.00,1.12
2015.07.06 12:25:40.376,1.47236,1.47268,1.50,1.12
2015.07.06 12:25:40.579,1.4724,1.47269,1.00,1.75
2015.07.06 12:25:40.833,1.47241,1.47269,2.25,1.12
2015.07.06 12:25:41.364,1.47242,1.47269,1.00,1.12
2015.07.06 12:25:41.871,1.47243,1.47269,1.00,1.12
2015.07.06 12:25:43.269,1.47242,1.47274,1.00,1.12
2015.07.06 12:25:45.220,1.47243,1.47272,1.00,1.12
2015.07.06 12:25:45.761,1.47241,1.47272,1.00,1.12
2015.07.06 12:25:46.321,1.47241,1.47272,1.50,1.12
2015.07.06 12:25:46.526,1.47241,1.47272,1.50,1.37
2015.07.06 12:25:48.293,1.47243,1.47277,1.00,2.25
2015.07.06 12:25:48.973,1.47241,1.47277,1.50,2.25
2015.07.06 12:25:49.206,1.47241,1.47277,1.50,2.25
2015.07.06 12:25:49.533,1.47241,1.47277,1.50,2.25
2015.07.06 12:25:49.901,1.47241,1.47277,1.50,2.25
2015.07.06 12:25:50.441,1.47241,1.47277,1.00,2.25
2015.07.06 12:25:50.946,1.47241,1.47275,1.00,1.75
2015.07.06 12:25:51.099,1.47241,1.47275,1.00,1.75
2015.07.06 12:25:51.642,1.47241,1.47275,1.00,1.75
2015.07.06 12:25:52.155,1.47241,1.47275,1.00,1.75
2015.07.06 12:25:52.460,1.47241,1.47275,1.00,1.75
2015.07.06 12:25:53.017,1.47241,1.47275,1.50,1.75
2015.07.06 12:25:53.558,1.47241,1.47274,1.00,1.75
2015.07.06 12:25:55.325,1.47241,1.47274,1.00,1.75
2015.07.06 12:25:55.630,1.47241,1.47271,1.00,1.75
2015.07.06 12:25:55.935,1.47241,1.47271,1.00,1.75
2015.07.06 12:25:56.037,1.47238,1.47271,1.37,1.75
2015.07.06 12:25:56.139,1.47238,1.47271,1.37,1.75
2015.07.06 12:25:56.889,1.47238,1.47271,1.50,1.75
2015.07.06 12:25:57.429,1.47238,1.47271,1.00,1.75
2015.07.06 12:25:58.707,1.47238,1.47271,1.00,1.75
2015.07.06 12:25:59.063,1.47238,1.47272,1.00,2.25
2015.07.06 12:25:59.335,1.47232,1.47269,2.21,2.25
2015.07.06 12:26:00.751,1.47232,1.47263,1.46,1.75
2015.07.06 12:26:01.056,1.47232,1.47264,1.46,1.75
2015.07.06 12:26:01.629,1.47232,1.47262,1.46,1.75
2015.07.06 12:26:02.211,1.47232,1.47264,1.46,1.75
2015.07.06 12:26:02.791,1.47232,1.47264,1.34,1.75
2015.07.06 12:26:03.058,1.47232,1.47262,1.34,1.75
2015.07.06 12:26:03.211,1.47231,1.47262,1.12,2.25
2015.07.06 12:26:03.366,1.47228,1.47261,1.50,1.75
2015.07.06 12:26:03.699,1.47228,1.4726,1.00,1.75
2015.07.06 12:26:03.750,1.47225,1.4726,3.34,1.75
2015.07.06 12:26:03.958,1.47225,1.4726,3.34,1.00
2015.07.06 12:26:04.263,1.47226,1.47258,1.00,1.00
2015.07.06 12:26:04.569,1.47226,1.47256,1.00,1.00
2015.07.06 12:26:05.083,1.47226,1.47255,1.00,1.75
2015.07.06 12:26:06.874,1.47221,1.47255,1.00,1.75
2015.07.06 12:26:06.975,1.47221,1.47251,1.00,1.75
2015.07.06 12:26:07.281,1.47221,1.47247,1.00,1.87
2015.07.06 12:26:07.433,1.47216,1.47247,1.50,2.62
2015.07.06 12:26:08.053,1.47216,1.47246,1.00,1.75
2015.07.06 12:26:08.592,1.47216,1.47246,1.00,1.75
2015.07.06 12:26:08.897,1.47216,1.47244,1.00,1.50
2015.07.06 12:26:10.187,1.47216,1.47243,1.00,1.75
2015.07.06 12:26:10.238,1.47214,1.47242,1.00,1.50
2015.07.06 12:26:10.442,1.47211,1.47242,1.50,1.50
2015.07.06 12:26:10.493,1.47211,1.47242,1.50,1.75
2015.07.06 12:26:10.942,1.47211,1.47241,1.50,1.50
2015.07.06 12:26:11.501,1.47211,1.47241,1.50,1.75
2015.07.06 12:26:15.004,1.47211,1.47243,1.00,2.25
2015.07.06 12:26:15.553,1.47211,1.47243,1.50,2.25
2015.07.06 12:26:15.705,1.47211,1.47243,1.50,1.00
2015.07.06 12:26:16.061,1.47213,1.47246,1.84,1.87
2015.07.06 12:26:16.163,1.47216,1.47247,1.34,1.87
2015.07.06 12:26:16.215,1.47216,1.47244,1.00,1.00
2015.07.06 12:26:16.317,1.47216,1.47246,1.00,1.00
2015.07.06 12:26:16.614,1.47212,1.47246,1.00,1.00
2015.07.06 12:26:17.117,1.47212,1.47241,1.00,1.00
2015.07.06 12:26:17.422,1.47212,1.47244,1.00,1.00
2015.07.06 12:26:17.675,1.47215,1.47244,1.50,1.00
2015.07.06 12:26:17.879,1.47215,1.47248,2.25,1.00
2015.07.06 12:26:18.068,1.47216,1.47246,1.00,1.00
2015.07.06 12:26:18.373,1.47221,1.4725,1.00,1.00
2015.07.06 12:26:18.975,1.47218,1.4725,1.34,1.00
2015.07.06 12:26:19.489,1.47221,1.4725,1.00,1.00
2015.07.06 12:26:20.000,1.47218,1.4725,1.34,1.00
2015.07.06 12:26:24.465,1.4722,1.47254,1.09,1.00
2015.07.06 12:26:24.946,1.47219,1.4725,1.34,1.00
2015.07.06 12:26:31.659,1.47219,1.47251,1.34,1.00
2015.07.06 12:26:31.710,1.47219,1.47253,1.34,1.50
2015.07.06 12:26:32.225,1.47221,1.47253,1.00,1.00
2015.07.06 12:26:32.885,1.47219,1.47253,1.34,1.75
2015.07.06 12:26:33.453,1.47219,1.47247,1.00,1.00
2015.07.06 12:26:34.401,1.47219,1.47246,1.00,1.50
2015.07.06 12:26:34.504,1.47212,1.47246,2.21,1.00
2015.07.06 12:26:35.012,1.47212,1.47246,1.84,1.00
2015.07.06 12:26:36.834,1.47212,1.47245,1.84,1.00
2015.07.06 12:26:37.369,1.47212,1.47246,1.34,1.00
2015.07.06 12:26:38.328,1.47212,1.47244,1.34,1.00
2015.07.06 12:26:39.639,1.47212,1.47246,1.34,1.50
2015.07.06 12:26:39.943,1.47212,1.47242,1.34,1.00
2015.07.06 12:26:40.377,1.47213,1.47244,1.84,1.00
2015.07.06 12:26:40.479,1.47214,1.47248,1.00,1.50
2015.07.06 12:26:40.683,1.47214,1.47246,1.00,1.00
2015.07.06 12:26:41.040,1.47213,1.47248,1.84,1.00
2015.07.06 12:26:41.585,1.47213,1.47247,1.84,1.00
2015.07.06 12:26:41.636,1.47216,1.47247,1.00,1.00
2015.07.06 12:26:42.141,1.47215,1.47248,1.12,1.00
2015.07.06 12:26:42.446,1.47216,1.47248,1.87,1.00
2015.07.06 12:26:42.710,1.47218,1.47251,1.09,1.00
2015.07.06 12:26:42.761,1.47218,1.47251,1.84,1.00
2015.07.06 12:26:44.833,1.4722,1.47251,1.50,1.00
2015.07.06 12:26:46.413,1.47222,1.47253,1.37,1.00
2015.07.06 12:26:46.616,1.47223,1.47256,1.37,1.00
2015.07.06 12:26:47.188,1.47223,1.47255,2.21,1.00
2015.07.06 12:26:50.772,1.47223,1.47255,1.71,1.00
2015.07.06 12:26:53.930,1.47223,1.47254,1.71,1.00
2015.07.06 12:26:54.465,1.47223,1.47254,1.71,1.00
2015.07.06 12:26:55.128,1.47223,1.47255,1.71,1.00
2015.07.06 12:26:55.955,1.47224,1.47258,1.46,1.12
2015.07.06 12:26:56.911,1.47224,1.47254,1.46,1.00
2015.07.06 12:26:57.418,1.47224,1.47254,1.09,1.00
2015.07.06 12:26:57.774,1.47219,1.47254,2.62,1.50
2015.07.06 12:26:59.715,1.47219,1.47253,1.87,1.00
2015.07.06 12:26:59.903,1.47219,1.47253,1.87,1.00
2015.07.06 12:27:00.444,1.47224,1.47254,1.09,1.00
2015.07.06 12:27:00.941,1.47226,1.4726,1.00,1.00
2015.07.06 12:27:01.752,1.47226,1.47257,1.00,1.00
2015.07.06 12:27:01.854,1.47225,1.47259,1.87,1.00
2015.07.06 12:27:01.906,1.47226,1.47255,1.12,1.00
2015.07.06 12:27:02.299,1.47231,1.47262,1.46,1.12
2015.07.06 12:27:03.011,1.47232,1.47262,1.09,1.00
2015.07.06 12:27:03.667,1.47232,1.47262,1.09,1.37
2015.07.06 12:27:04.376,1.47232,1.47262,1.09,1.12
2015.07.06 12:27:04.530,1.47227,1.47262,1.37,1.37
2015.07.06 12:27:06.299,1.47227,1.47262,1.37,1.50
2015.07.06 12:27:07.315,1.47227,1.47261,1.37,1.75
2015.07.06 12:27:07.367,1.47227,1.47261,1.37,1.37
2015.07.06 12:27:07.470,1.47227,1.47261,1.37,1.75
2015.07.06 12:27:07.572,1.47227,1.47261,1.37,1.37
2015.07.06 12:27:07.776,1.47227,1.47261,1.37,1.50
2015.07.06 12:27:08.080,1.47227,1.4726,1.37,1.75
2015.07.06 12:27:08.479,1.47223,1.47255,1.09,1.37
2015.07.06 12:27:08.631,1.47221,1.47255,1.46,1.37
2015.07.06 12:27:09.204,1.47226,1.47255,1.00,1.37
2015.07.06 12:27:12.393,1.47223,1.47255,1.09,1.37
2015.07.06 12:27:12.748,1.47223,1.47257,1.09,1.87
2015.07.06 12:27:13.750,1.47223,1.47257,1.09,1.50
2015.07.06 12:27:13.801,1.47223,1.47257,1.84,1.37
2015.07.06 12:27:14.319,1.47223,1.47257,1.84,1.37
2015.07.06 12:27:15.358,1.47223,1.47257,1.84,1.37
2015.07.06 12:27:16.376,1.47223,1.47257,1.84,1.37
2015.07.06 12:27:16.963,1.47223,1.47257,1.84,1.37
2015.07.06 12:27:17.495,1.47223,1.47257,1.84,1.37
2015.07.06 12:27:19.514,1.47223,1.47257,1.84,1.37
2015.07.06 12:27:20.022,1.47223,1.47257,1.84,1.37
2015.07.06 12:27:20.260,1.47223,1.47255,1.84,1.12
2015.07.06 12:27:21.125,1.47223,1.47255,1.84,1.37
2015.07.06 12:27:22.462,1.47223,1.47255,1.84,1.37
2015.07.06 12:27:22.514,1.47223,1.47254,1.84,1.37
2015.07.06 12:27:23.061,1.47222,1.47251,1.09,1.00
2015.07.06 12:27:23.419,1.47222,1.47252,1.09,1.87
2015.07.06 12:27:23.927,1.47222,1.47252,1.09,1.87
2015.07.06 12:27:24.400,1.47222,1.47252,1.09,2.62
2015.07.06 12:27:24.944,1.47225,1.47253,1.37,1.00
2015.07.06 12:27:25.527,1.47222,1.47257,1.09,3.75
2015.07.06 12:27:25.883,1.47221,1.47254,1.84,1.37
2015.07.06 12:27:29.264,1.47222,1.47252,1.09,1.37
2015.07.06 12:27:29.572,1.47216,1.47248,1.75,1.37
2015.07.06 12:27:29.725,1.47216,1.47245,1.37,1.37
2015.07.06 12:27:30.264,1.47206,1.47239,1.75,1.00
2015.07.06 12:27:30.775,1.47206,1.47238,1.37,1.00
2015.07.06 12:27:32.022,1.47206,1.47238,1.00,1.00
2015.07.06 12:27:32.536,1.47206,1.47238,1.00,1.37
2015.07.06 12:27:33.074,1.47206,1.47238,1.00,1.37
2015.07.06 12:27:35.987,1.47206,1.47238,1.00,1.75
2015.07.06 12:27:40.229,1.47203,1.47238,1.71,1.75
2015.07.06 12:27:40.803,1.47203,1.47238,1.71,2.25
2015.07.06 12:27:41.657,1.47206,1.47238,1.00,1.75
2015.07.06 12:27:42.166,1.47203,1.47238,1.34,1.75
2015.07.06 12:27:47.294,1.47203,1.47238,1.34,1.75
2015.07.06 12:27:48.322,1.47202,1.47238,1.46,2.25
2015.07.06 12:27:50.211,1.47202,1.47238,1.46,2.25
2015.07.06 12:27:50.727,1.47206,1.47238,1.00,2.25
2015.07.06 12:27:53.920,1.47206,1.47238,1.00,2.25
2015.07.06 12:27:54.527,1.47206,1.47238,1.00,2.25
2015.07.06 12:27:54.886,1.47206,1.47238,1.00,2.25
2015.07.06 12:27:55.529,1.47206,1.47238,1.00,2.25
2015.07.06 12:27:56.722,1.47202,1.47238,1.46,2.25
2015.07.06 12:27:57.669,1.47202,1.47238,1.34,2.25
2015.07.06 12:27:58.219,1.47202,1.47238,1.34,2.25
2015.07.06 12:27:58.853,1.47202,1.47238,1.34,2.25
2015.07.06 12:28:00.359,1.47202,1.47238,1.34,1.87
2015.07.06 12:28:00.461,1.47202,1.47237,1.34,1.75
2015.07.06 12:28:02.992,1.47202,1.47237,1.46,1.75
2015.07.06 12:28:03.536,1.47201,1.47238,2.21,2.25
2015.07.06 12:28:04.162,1.47208,1.47238,1.84,1.75
2015.07.06 12:28:04.213,1.47211,1.47238,1.34,1.37
2015.07.06 12:28:06.248,1.47211,1.47239,1.00,1.50
2015.07.06 12:28:06.299,1.47205,1.47239,2.59,1.37
2015.07.06 12:28:06.402,1.47209,1.47241,1.12,1.00
2015.07.06 12:28:06.927,1.4721,1.47241,1.00,1.00
2015.07.06 12:28:07.131,1.47211,1.47244,1.00,1.50
2015.07.06 12:28:07.652,1.4721,1.47244,1.00,1.50
2015.07.06 12:28:08.501,1.4721,1.47244,1.00,2.25
2015.07.06 12:28:09.440,1.4721,1.47244,1.00,1.75
2015.07.06 12:28:11.064,1.4721,1.47244,1.00,1.75
2015.07.06 12:28:11.574,1.47209,1.47244,1.00,1.75
2015.07.06 12:28:11.930,1.47216,1.47244,1.00,1.75
2015.07.06 12:28:12.133,1.4721,1.47244,1.00,1.75
2015.07.06 12:28:12.440,1.4721,1.47244,1.00,1.50
2015.07.06 12:28:13.237,1.47209,1.47244,1.00,1.50
2015.07.06 12:28:13.339,1.47215,1.47244,1.00,1.50
2015.07.06 12:28:13.492,1.47209,1.47244,1.00,2.25
2015.07.06 12:28:14.445,1.4721,1.47244,1.00,1.75
2015.07.06 12:28:14.649,1.47209,1.47244,1.00,2.25
2015.07.06 12:28:14.751,1.47209,1.47243,1.00,2.25
2015.07.06 12:28:14.955,1.47206,1.4724,1.00,3.00
2015.07.06 12:28:15.159,1.47206,1.4724,1.00,3.00
2015.07.06 12:28:15.707,1.47205,1.4724,1.84,3.00
2015.07.06 12:28:16.217,1.47206,1.4724,1.00,3.00
2015.07.06 12:28:16.746,1.47206,1.4724,1.00,3.00
2015.07.06 12:28:17.191,1.47206,1.4724,1.00,3.00
2015.07.06 12:28:17.723,1.47206,1.47239,1.00,1.75
2015.07.06 12:28:19.788,1.47206,1.47239,1.00,1.75
2015.07.06 12:28:20.331,1.47205,1.47238,1.84,1.75
2015.07.06 12:28:22.478,1.47206,1.47238,1.00,1.75
2015.07.06 12:28:22.530,1.47206,1.47238,1.00,1.75
2015.07.06 12:28:22.734,1.47209,1.47239,1.00,1.75
2015.07.06 12:28:22.960,1.47211,1.47239,1.00,1.00
2015.07.06 12:28:23.011,1.47211,1.47241,1.00,1.00
2015.07.06 12:28:23.063,1.47211,1.47239,1.00,1.00
2015.07.06 12:28:23.114,1.47211,1.47241,1.00,1.00
2015.07.06 12:28:23.165,1.47209,1.47242,1.50,1.00
2015.07.06 12:28:23.217,1.47209,1.4724,1.50,1.00
2015.07.06 12:28:23.533,1.47204,1.47234,1.00,1.50
2015.07.06 12:28:24.272,1.47204,1.47234,1.00,1.75
2015.07.06 12:28:24.577,1.47204,1.47234,1.34,1.37
2015.07.06 12:28:24.882,1.47205,1.47238,1.34,1.75
2015.07.06 12:28:25.042,1.47212,1.47238,1.00,1.50
2015.07.06 12:28:27.007,1.47212,1.47239,1.00,1.75
2015.07.06 12:28:27.160,1.47204,1.47229,1.00,1.75
2015.07.06 12:28:27.364,1.47198,1.47228,1.37,1.75
2015.07.06 12:28:27.415,1.47198,1.47228,1.37,3.00
2015.07.06 12:28:28.092,1.47198,1.47226,1.00,1.12
2015.07.06 12:28:28.297,1.47202,1.47234,1.00,1.00
2015.07.06 12:28:28.348,1.47204,1.47235,1.00,1.87
2015.07.06 12:28:28.655,1.47206,1.47236,1.00,2.25
2015.07.06 12:28:29.171,1.47205,1.47238,1.37,1.37
2015.07.06 12:28:29.790,1.47205,1.47238,1.37,1.75
2015.07.06 12:28:31.276,1.47206,1.47238,1.37,1.75
2015.07.06 12:28:32.392,1.47206,1.47238,1.87,1.50
2015.07.06 12:28:32.728,1.47209,1.47241,1.50,2.25
2015.07.06 12:28:33.981,1.47209,1.47241,1.50,1.75
2015.07.06 12:28:35.147,1.47209,1.47241,1.50,1.75
2015.07.06 12:28:35.249,1.47209,1.47238,1.50,1.75
2015.07.06 12:28:38.155,1.47209,1.47238,1.50,1.75
2015.07.06 12:28:40.611,1.47209,1.47236,1.50,1.75
2015.07.06 12:28:40.814,1.47205,1.47239,1.00,1.75
2015.07.06 12:28:40.865,1.47206,1.47239,1.00,1.75
2015.07.06 12:28:41.366,1.47207,1.47239,1.00,1.75
2015.07.06 12:28:42.213,1.47207,1.47239,1.12,1.50
2015.07.06 12:28:42.315,1.47207,1.47241,1.12,2.25
2015.07.06 12:28:42.830,1.47207,1.47241,1.12,2.25
2015.07.06 12:28:43.288,1.47207,1.47241,1.12,2.25
2015.07.06 12:28:43.675,1.47205,1.47238,1.37,1.75
2015.07.06 12:28:44.495,1.47205,1.47237,1.37,1.75
2015.07.06 12:28:44.546,1.47205,1.47237,1.00,1.75
2015.07.06 12:28:45.782,1.47203,1.47235,1.12,1.75
2015.07.06 12:28:46.089,1.47199,1.47232,1.50,1.75
2015.07.06 12:28:46.140,1.47199,1.47232,1.50,1.75
2015.07.06 12:28:46.633,1.47199,1.47233,1.50,1.84
2015.07.06 12:28:46.836,1.47194,1.4723,1.37,1.75
2015.07.06 12:28:47.362,1.47194,1.47229,1.37,1.00
2015.07.06 12:28:47.618,1.47194,1.47229,1.37,1.75
2015.07.06 12:28:47.771,1.47194,1.47229,1.12,1.75
2015.07.06 12:28:49.572,1.47194,1.47229,1.12,1.75
2015.07.06 12:28:50.862,1.47194,1.47227,1.00,1.75
2015.07.06 12:28:51.167,1.47193,1.47225,1.00,1.75
2015.07.06 12:28:51.562,1.47189,1.47218,1.37,1.75
2015.07.06 12:28:52.760,1.47189,1.47218,1.00,1.75
2015.07.06 12:28:53.881,1.47189,1.47219,1.00,1.37
2015.07.06 12:28:53.983,1.47189,1.47221,1.00,1.00
2015.07.06 12:28:54.512,1.47189,1.4722,1.00,1.00
2015.07.06 12:28:54.874,1.47189,1.4722,1.00,1.75
2015.07.06 12:28:55.398,1.47189,1.47218,1.00,1.75
2015.07.06 12:28:55.918,1.47189,1.47218,1.00,1.75
2015.07.06 12:29:00.718,1.47189,1.4722,1.00,1.75
2015.07.06 12:29:00.820,1.47189,1.4722,1.00,1.75
2015.07.06 12:29:01.143,1.47193,1.47223,1.00,1.37
2015.07.06 12:29:01.245,1.47193,1.47225,1.00,1.00
2015.07.06 12:29:01.346,1.47195,1.47225,1.00,1.00
2015.07.06 12:29:01.717,1.47192,1.47225,1.00,1.00
2015.07.06 12:29:02.451,1.47192,1.47225,1.00,1.75
2015.07.06 12:29:04.069,1.47192,1.47224,1.00,1.75
2015.07.06 12:29:04.662,1.47192,1.47224,1.00,1.75
2015.07.06 12:29:05.070,1.47192,1.47226,1.12,1.37
2015.07.06 12:29:05.121,1.47194,1.47227,1.00,1.37
2015.07.06 12:29:05.432,1.47194,1.4723,1.34,1.50
2015.07.06 12:29:09.098,1.47194,1.47229,1.50,1.75
2015.07.06 12:29:09.403,1.47194,1.47227,1.50,1.75
2015.07.06 12:29:09.607,1.47194,1.47225,1.00,1.12
2015.07.06 12:29:10.137,1.47192,1.47225,1.00,1.12
2015.07.06 12:29:10.645,1.47192,1.47225,1.00,1.12
2015.07.06 12:29:10.834,1.4719,1.47225,1.00,1.12
2015.07.06 12:29:12.697,1.4719,1.47226,1.50,1.87
2015.07.06 12:29:12.900,1.4719,1.47226,1.50,1.87
2015.07.06 12:29:13.505,1.47191,1.47226,1.00,1.87
2015.07.06 12:29:14.015,1.4719,1.47226,1.50,1.75
2015.07.06 12:29:14.852,1.47195,1.47226,1.00,1.75
2015.07.06 12:29:15.075,1.47191,1.47226,1.37,1.75
2015.07.06 12:29:15.578,1.47191,1.47226,1.37,1.75
2015.07.06 12:29:15.833,1.47195,1.47226,1.00,1.75
2015.07.06 12:29:16.190,1.4719,1.47226,2.25,1.75
2015.07.06 12:29:16.241,1.47192,1.47226,2.21,1.75
2015.07.06 12:29:16.548,1.47196,1.47226,1.09,1.75
2015.07.06 12:29:16.957,1.47196,1.47228,1.09,1.75
2015.07.06 12:29:17.059,1.47196,1.4723,1.09,1.50
2015.07.06 12:29:17.110,1.47199,1.4723,2.21,1.00
2015.07.06 12:29:17.212,1.47201,1.47235,1.34,1.50
2015.07.06 12:29:17.868,1.472,1.47235,1.46,2.25
2015.07.06 12:29:18.387,1.47202,1.47236,1.34,2.25
2015.07.06 12:29:21.188,1.47202,1.47234,1.71,1.75
2015.07.06 12:29:21.239,1.47202,1.47234,1.37,1.75
2015.07.06 12:29:21.290,1.47202,1.4723,1.37,1.75
2015.07.06 12:29:21.392,1.472,1.4723,1.00,1.87
2015.07.06 12:29:21.596,1.47196,1.47225,1.00,1.75
2015.07.06 12:29:21.698,1.47195,1.47226,1.84,1.50
2015.07.06 12:29:21.997,1.47201,1.47227,1.00,1.00
2015.07.06 12:29:22.301,1.47196,1.47227,2.59,1.00
2015.07.06 12:29:22.838,1.47196,1.47229,1.84,1.00
2015.07.06 12:29:22.991,1.472,1.4723,1.50,1.00
2015.07.06 12:29:23.042,1.472,1.47232,1.50,1.00
2015.07.06 12:29:24.008,1.472,1.47231,2.25,1.00
2015.07.06 12:29:24.110,1.472,1.47231,2.25,1.75
2015.07.06 12:29:25.293,1.47201,1.47233,1.00,1.75
2015.07.06 12:29:25.840,1.472,1.47233,2.25,1.75
2015.07.06 12:29:26.175,1.472,1.47229,2.25,1.75
2015.07.06 12:29:26.687,1.472,1.47226,1.00,1.75
2015.07.06 12:29:27.058,1.47195,1.47226,1.00,1.75
2015.07.06 12:29:27.211,1.47195,1.47226,1.00,1.75
2015.07.06 12:29:27.730,1.47195,1.47226,1.50,1.75
2015.07.06 12:29:28.735,1.472,1.47226,1.84,1.50
2015.07.06 12:29:28.837,1.47206,1.4723,1.09,1.00
2015.07.06 12:29:28.888,1.47206,1.47235,1.00,1.50
2015.07.06 12:29:28.939,1.47201,1.47235,1.00,1.50
2015.07.06 12:29:31.086,1.47201,1.47235,1.50,2.25
2015.07.06 12:29:31.293,1.47201,1.47235,1.50,2.25
2015.07.06 12:29:32.098,1.47201,1.47235,1.50,1.75
2015.07.06 12:29:32.606,1.47201,1.47234,1.50,1.75
2015.07.06 12:29:34.154,1.47201,1.47231,1.50,1.75
2015.07.06 12:29:34.693,1.47199,1.47228,1.09,1.75
2015.07.06 12:29:34.748,1.47196,1.47226,1.50,1.00
2015.07.06 12:29:34.957,1.47196,1.47224,1.00,1.00
2015.07.06 12:29:35.009,1.47192,1.47224,1.00,1.00
2015.07.06 12:29:35.162,1.47192,1.47221,1.00,1.00
2015.07.06 12:29:35.366,1.47192,1.47223,1.00,1.00
2015.07.06 12:29:35.722,1.47192,1.47221,1.00,1.00
2015.07.06 12:29:36.139,1.47192,1.47223,1.00,1.00
2015.07.06 12:29:36.834,1.47192,1.47221,1.00,1.00
2015.07.06 12:29:37.161,1.47196,1.47221,1.00,1.00
2015.07.06 12:29:39.895,1.47196,1.47224,1.00,1.00
2015.07.06 12:29:39.998,1.47196,1.47222,1.00,1.00
2015.07.06 12:29:40.049,1.47192,1.47222,1.00,1.00
2015.07.06 12:29:40.362,1.47195,1.47221,1.00,1.00
2015.07.06 12:29:40.464,1.47195,1.47226,1.00,1.37
2015.07.06 12:29:40.718,1.47192,1.47225,1.00,1.12
2015.07.06 12:29:41.065,1.47195,1.47224,1.00,1.00
2015.07.06 12:29:41.269,1.47192,1.47224,1.00,1.00
2015.07.06 12:29:41.372,1.47196,1.47225,1.00,1.00
2015.07.06 12:29:41.779,1.47196,1.47223,1.00,1.00
2015.07.06 12:29:41.881,1.47192,1.47222,1.00,1.00
2015.07.06 12:29:42.570,1.47192,1.47223,1.00,1.00
2015.07.06 12:29:43.216,1.47192,1.47224,1.00,1.00
2015.07.06 12:29:43.725,1.47192,1.47223,1.00,1.00
2015.07.06 12:29:44.274,1.47192,1.47222,1.00,1.00
2015.07.06 12:29:44.525,1.47192,1.4722,1.00,1.00
2015.07.06 12:29:47.717,1.47192,1.47221,1.00,1.00
2015.07.06 12:29:48.340,1.47192,1.47222,1.00,1.00
2015.07.06 12:29:48.646,1.47196,1.47222,1.00,1.00
2015.07.06 12:29:49.196,1.47196,1.47221,1.00,1.00
2015.07.06 12:29:49.491,1.47195,1.47224,1.00,1.00
2015.07.06 12:29:49.595,1.47192,1.47223,1.37,1.00
2015.07.06 12:29:49.697,1.47196,1.47223,1.00,1.00
2015.07.06 12:29:50.002,1.47196,1.47225,1.00,1.00
2015.07.06 12:29:50.539,1.47196,1.47224,1.00,1.00
2015.07.06 12:29:51.994,1.47191,1.4722,1.50,1.50
2015.07.06 12:29:52.300,1.47187,1.47217,1.75,1.00
2015.07.06 12:29:52.960,1.47187,1.47217,1.37,1.00
2015.07.06 12:29:55.278,1.47187,1.47218,1.37,1.00
2015.07.06 12:29:55.611,1.47187,1.47221,1.37,1.00
2015.07.06 12:29:56.129,1.47187,1.47221,1.37,1.00
2015.07.06 12:29:57.064,1.47191,1.47221,1.00,1.00
2015.07.06 12:29:58.066,1.47191,1.47222,1.00,1.00
2015.07.06 12:29:58.722,1.47191,1.47221,1.50,1.00
2015.07.06 12:29:59.234,1.47191,1.4722,1.50,1.00
2015.07.06 12:29:59.752,1.47191,1.47221,1.50,1.00
2015.07.06 12:30:00.332,1.47191,1.47222,1.00,1.00
2015.07.06 12:30:00.882,1.47191,1.47221,1.00,1.00
2015.07.06 12:30:01.187,1.47191,1.47214,1.00,1.37
2015.07.06 12:30:01.492,1.47181,1.47205,1.00,1.00
2015.07.06 12:30:01.793,1.47181,1.47203,1.00,1.00
2015.07.06 12:30:02.385,1.47178,1.47206,1.00,1.37
2015.07.06 12:30:03.754,1.4718,1.47213,1.00,2.62
2015.07.06 12:30:03.805,1.47185,1.47213,1.00,2.25
2015.07.06 12:30:04.009,1.47186,1.47215,1.00,1.37
2015.07.06 12:30:04.517,1.47185,1.47216,1.50,1.37
2015.07.06 12:30:05.870,1.47186,1.47216,1.00,1.37
2015.07.06 12:30:10.030,1.47186,1.47216,1.00,1.37
2015.07.06 12:30:10.881,1.47186,1.47215,1.00,1.37
2015.07.06 12:30:11.630,1.47185,1.47213,1.50,1.12
2015.07.06 12:30:12.179,1.47185,1.47213,1.50,1.37
2015.07.06 12:30:14.586,1.47186,1.47215,1.00,1.37
2015.07.06 12:30:15.088,1.47185,1.47215,1.50,1.37
2015.07.06 12:30:16.681,1.47186,1.47215,1.00,1.37
2015.07.06 12:30:16.936,1.47185,1.47214,1.00,1.37
2015.07.06 12:30:17.090,1.4718,1.47206,1.12,1.00
2015.07.06 12:30:17.385,1.4718,1.47209,1.12,1.37
2015.07.06 12:30:17.894,1.47181,1.47209,1.00,1.37
2015.07.06 12:30:17.945,1.47181,1.47209,1.37,1.37
2015.07.06 12:30:18.452,1.47181,1.47209,1.37,1.00
2015.07.06 12:30:19.203,1.47181,1.4721,1.37,1.50
2015.07.06 12:30:19.508,1.47177,1.47204,1.75,1.37
2015.07.06 12:30:19.559,1.47177,1.47204,1.00,1.37
2015.07.06 12:30:20.068,1.47176,1.47204,1.87,1.37
2015.07.06 12:30:20.619,1.47176,1.47202,1.87,1.37
2015.07.06 12:30:21.157,1.47176,1.47202,1.87,1.12
2015.07.06 12:30:22.597,1.47181,1.47202,1.00,1.00
2015.07.06 12:30:23.385,1.47181,1.47203,1.00,1.00
2015.07.06 12:30:23.444,1.47181,1.47205,1.00,1.12
2015.07.06 12:30:24.678,1.47177,1.4721,1.50,1.87
2015.07.06 12:30:25.288,1.47181,1.4721,1.12,2.25
2015.07.06 12:30:25.390,1.4718,1.4721,1.37,2.25
2015.07.06 12:30:26.072,1.47181,1.47207,1.12,1.75
2015.07.06 12:30:26.174,1.47176,1.47207,1.12,1.75
2015.07.06 12:30:26.328,1.47181,1.47205,1.00,1.37
2015.07.06 12:30:26.851,1.47181,1.47206,1.00,1.75
2015.07.06 12:30:26.902,1.47181,1.47206,1.00,1.37
2015.07.06 12:30:27.004,1.47181,1.47206,1.00,1.37
2015.07.06 12:30:30.121,1.47181,1.47205,1.00,1.37
2015.07.06 12:30:32.550,1.47176,1.47207,1.87,1.37
2015.07.06 12:30:32.709,1.47181,1.47207,1.00,1.50
2015.07.06 12:30:33.253,1.47181,1.47208,1.00,1.50
2015.07.06 12:30:33.861,1.4718,1.47208,1.00,1.50
2015.07.06 12:30:34.461,1.47181,1.47208,1.00,1.37
2015.07.06 12:30:34.930,1.47177,1.47208,1.12,1.75
2015.07.06 12:30:35.422,1.47176,1.47201,1.37,1.00
2015.07.06 12:30:35.473,1.47176,1.47206,1.37,1.37
2015.07.06 12:30:35.524,1.47177,1.47206,1.87,1.00
2015.07.06 12:30:35.575,1.47186,1.47206,1.00,1.00
2015.07.06 12:30:35.677,1.4718,1.47206,1.00,1.00
2015.07.06 12:30:35.728,1.4718,1.47209,1.00,1.00
2015.07.06 12:30:35.881,1.47181,1.47211,1.00,1.00
2015.07.06 12:30:35.932,1.47186,1.47211,1.00,1.00
2015.07.06 12:30:36.300,1.47186,1.47214,1.00,1.50
2015.07.06 12:30:36.352,1.47185,1.47216,1.00,1.00
2015.07.06 12:30:36.556,1.47185,1.47212,1.00,1.00
2015.07.06 12:30:37.083,1.47185,1.4721,1.00,1.00
2015.07.06 12:30:38.121,1.47183,1.4721,1.12,1.37
2015.07.06 12:30:38.847,1.4718,1.4721,1.71,1.50
2015.07.06 12:30:39.368,1.4718,1.47211,1.37,1.75
2015.07.06 12:30:39.470,1.4718,1.4721,1.37,1.75
2015.07.06 12:30:40.005,1.4718,1.47212,1.37,1.75
2015.07.06 12:30:40.572,1.4718,1.47213,1.00,1.75
2015.07.06 12:30:41.870,1.4718,1.47212,1.00,1.75
2015.07.06 12:30:42.394,1.4718,1.47212,1.00,1.75
2015.07.06 12:30:42.947,1.4718,1.47213,1.00,1.75
2015.07.06 12:30:44.406,1.47178,1.47212,1.87,1.75
2015.07.06 12:30:44.921,1.47178,1.47212,1.87,1.75
2015.07.06 12:30:46.513,1.47178,1.4721,1.87,1.75
2015.07.06 12:30:47.175,1.47178,1.47212,1.87,1.75
2015.07.06 12:30:48.412,1.47175,1.47209,1.12,2.25
2015.07.06 12:30:48.514,1.47175,1.47209,1.12,2.25
2015.07.06 12:30:48.819,1.47175,1.47209,1.12,1.75
2015.07.06 12:30:49.363,1.47176,1.47209,1.00,1.75
2015.07.06 12:30:49.885,1.47176,1.47209,1.00,1.75
2015.07.06 12:30:50.615,1.47176,1.47209,1.75,1.75
2015.07.06 12:30:51.264,1.47176,1.47209,1.75,1.75
2015.07.06 12:30:51.367,1.47176,1.47209,1.75,1.00
2015.07.06 12:30:51.519,1.47177,1.47214,1.75,2.21
2015.07.06 12:30:51.781,1.47177,1.47214,1.75,2.21
2015.07.06 12:30:51.985,1.47186,1.47214,1.00,1.00
2015.07.06 12:30:52.036,1.47187,1.47219,1.00,1.00
2015.07.06 12:30:52.138,1.47187,1.47223,1.87,1.46
2015.07.06 12:30:52.537,1.47187,1.47223,1.87,1.46
2015.07.06 12:30:54.855,1.47187,1.47223,1.87,1.84
2015.07.06 12:30:55.530,1.47187,1.47223,1.87,2.21
2015.07.06 12:30:56.686,1.47187,1.47223,1.87,1.09
2015.07.06 12:30:57.944,1.47187,1.47223,1.50,1.46
2015.07.06 12:30:58.294,1.47196,1.47215,1.00,1.00
2015.07.06 12:30:58.396,1.47196,1.47219,1.00,1.37
2015.07.06 12:30:58.447,1.47196,1.47216,1.00,1.00
2015.07.06 12:30:58.763,1.47196,1.47211,1.00,1.00
2015.07.06 12:30:58.815,1.47196,1.47217,1.00,1.37
2015.07.06 12:30:59.019,1.47185,1.47215,1.37,1.12
2015.07.06 12:30:59.419,1.4718,1.47214,1.87,1.50
2015.07.06 12:30:59.471,1.4718,1.47212,1.00,1.87
2015.07.06 12:30:59.523,1.4718,1.47207,1.00,1.00
2015.07.06 12:30:59.778,1.47176,1.47207,1.00,1.00
2015.07.06 12:31:00.542,1.47176,1.47207,1.00,1.37
2015.07.06 12:31:00.883,1.47181,1.47207,1.00,1.00
2015.07.06 12:31:01.397,1.47181,1.4721,1.00,1.37
2015.07.06 12:31:01.650,1.47175,1.4721,1.87,1.37
2015.07.06 12:31:02.342,1.47175,1.4721,1.87,1.37
2015.07.06 12:31:02.444,1.47175,1.4721,1.87,1.00
2015.07.06 12:31:03.518,1.47181,1.4721,1.00,1.00
2015.07.06 12:31:03.723,1.47178,1.4721,1.00,1.12
2015.07.06 12:31:03.827,1.4718,1.4721,1.00,1.12
2015.07.06 12:31:04.702,1.47178,1.4721,1.37,1.00
2015.07.06 12:31:04.755,1.47178,1.47215,1.87,1.00
2015.07.06 12:31:04.962,1.4718,1.47209,1.00,1.00
2015.07.06 12:31:05.065,1.4718,1.47213,1.00,1.00
2015.07.06 12:31:05.464,1.4718,1.47209,1.00,1.00
2015.07.06 12:31:05.618,1.4718,1.47213,1.00,1.00
2015.07.06 12:31:05.776,1.47183,1.47213,1.00,1.00
2015.07.06 12:31:08.457,1.4718,1.47211,1.00,1.00
2015.07.06 12:31:08.794,1.47182,1.47211,1.00,1.00
2015.07.06 12:31:09.105,1.47183,1.47211,1.00,1.75
2015.07.06 12:31:09.359,1.47181,1.47211,1.00,1.75
2015.07.06 12:31:10.027,1.4718,1.4721,1.00,1.75
2015.07.06 12:31:10.085,1.47176,1.47206,1.09,1.12
2015.07.06 12:31:10.600,1.4718,1.4721,1.00,2.25
2015.07.06 12:31:11.348,1.4718,1.4721,1.00,1.50
2015.07.06 12:31:11.813,1.47186,1.4721,1.00,1.50
2015.07.06 12:31:12.118,1.47186,1.47214,1.00,1.75
2015.07.06 12:31:12.664,1.47186,1.4721,1.00,1.00
2015.07.06 12:31:12.817,1.47181,1.4721,1.00,1.50
2015.07.06 12:31:12.868,1.47181,1.47208,1.00,1.12
2015.07.06 12:31:13.021,1.47176,1.4721,1.46,1.87
2015.07.06 12:31:13.073,1.47176,1.47204,1.12,1.00
2015.07.06 12:31:13.379,1.47171,1.47204,1.12,1.00
2015.07.06 12:31:13.889,1.4717,1.47203,1.87,1.00
2015.07.06 12:31:14.373,1.47176,1.47204,1.00,1.50
2015.07.06 12:31:15.031,1.47171,1.47204,1.00,1.50
2015.07.06 12:31:15.929,1.47171,1.47203,1.00,1.00
2015.07.06 12:31:16.477,1.4717,1.47204,1.50,1.50
2015.07.06 12:31:17.142,1.47175,1.47204,1.00,1.00
2015.07.06 12:31:17.347,1.4717,1.47202,1.00,1.00
2015.07.06 12:31:17.449,1.4717,1.47204,1.00,1.00
2015.07.06 12:31:18.011,1.47169,1.47204,1.09,1.50
2015.07.06 12:31:18.113,1.47169,1.47202,1.09,1.00
2015.07.06 12:31:18.721,1.47169,1.47201,1.09,1.00
2015.07.06 12:31:19.308,1.47169,1.47202,1.09,1.00
2015.07.06 12:31:20.004,1.47169,1.47203,1.09,1.00
2015.07.06 12:31:20.506,1.47169,1.47202,1.09,1.00
2015.07.06 12:31:22.283,1.4717,1.47202,1.00,1.00
2015.07.06 12:31:22.509,1.4717,1.47204,1.00,1.12
2015.07.06 12:31:23.066,1.47169,1.47203,1.09,1.00
2015.07.06 12:31:23.250,1.47171,1.47203,1.00,1.00
2015.07.06 12:31:23.762,1.47171,1.47204,1.00,1.12
2015.07.06 12:31:24.221,1.47169,1.47204,1.00,3.37
2015.07.06 12:31:24.628,1.47171,1.47204,1.00,1.87
2015.07.06 12:31:24.933,1.47173,1.47204,1.00,1.12
2015.07.06 12:31:25.239,1.47173,1.47207,1.12,1.37
2015.07.06 12:31:25.485,1.47176,1.47208,1.00,1.00
2015.07.06 12:31:25.892,1.47175,1.47204,1.00,1.00
2015.07.06 12:31:26.693,1.47175,1.47205,1.00,1.00
2015.07.06 12:31:26.744,1.47175,1.47209,1.00,2.25
2015.07.06 12:31:26.999,1.47174,1.47205,1.00,1.00
2015.07.06 12:31:27.304,1.47174,1.47203,1.00,1.00
2015.07.06 12:31:27.811,1.47174,1.47203,1.00,1.50
2015.07.06 12:31:29.033,1.47174,1.47201,1.00,1.00
2015.07.06 12:31:29.187,1.47171,1.47201,1.00,1.00
2015.07.06 12:31:29.238,1.47171,1.47197,1.00,1.00
2015.07.06 12:31:29.340,1.47169,1.47197,1.00,1.00
2015.07.06 12:31:29.887,1.47169,1.47196,1.00,1.00
2015.07.06 12:31:30.397,1.47168,1.47196,1.50,1.00
2015.07.06 12:31:32.612,1.47168,1.472,1.50,1.12
2015.07.06 12:31:36.813,1.47168,1.47194,1.50,1.00
2015.07.06 12:31:36.914,1.47168,1.47197,1.50,1.00
2015.07.06 12:31:36.966,1.47168,1.47195,1.50,1.50
2015.07.06 12:31:37.271,1.47161,1.47194,1.12,2.25
2015.07.06 12:31:39.988,1.47161,1.47193,1.50,1.75
2015.07.06 12:31:40.522,1.4716,1.47191,1.00,1.75
2015.07.06 12:31:40.624,1.4716,1.47192,1.37,1.00
2015.07.06 12:31:41.131,1.47161,1.47191,1.00,1.00
2015.07.06 12:31:41.979,1.47161,1.47191,1.87,1.00
2015.07.06 12:31:42.570,1.47161,1.47191,1.50,1.00
2015.07.06 12:31:43.836,1.47157,1.47188,1.00,1.00
2015.07.06 12:31:43.989,1.47155,1.47185,1.50,1.00
2015.07.06 12:31:44.193,1.47153,1.47185,1.00,1.00
2015.07.06 12:31:44.747,1.47153,1.47186,1.00,1.50
2015.07.06 12:31:45.262,1.47153,1.47186,1.00,2.25
2015.07.06 12:31:45.801,1.47154,1.47185,1.00,1.75
2015.07.06 12:31:46.321,1.47153,1.47184,1.00,1.75
2015.07.06 12:31:46.820,1.47151,1.47179,1.87,1.00
2015.07.06 12:31:47.278,1.47151,1.47175,1.00,1.00
2015.07.06 12:31:47.330,1.47149,1.47175,1.00,1.00
2015.07.06 12:31:47.585,1.47151,1.47175,1.00,1.50
2015.07.06 12:31:47.913,1.47149,1.47175,1.00,1.50
2015.07.06 12:31:49.591,1.47149,1.47173,1.00,1.00
2015.07.06 12:31:50.132,1.47149,1.47179,1.00,1.75
2015.07.06 12:31:50.642,1.47149,1.4718,1.00,2.25
2015.07.06 12:31:53.489,1.47149,1.47182,1.00,1.75
2015.07.06 12:31:56.821,1.47149,1.4718,1.00,2.25
2015.07.06 12:31:57.846,1.47151,1.47182,1.00,1.12
2015.07.06 12:31:58.355,1.4715,1.47184,1.00,1.75
2015.07.06 12:31:59.051,1.47156,1.47185,1.00,3.00
2015.07.06 12:31:59.659,1.47155,1.47189,1.00,3.00
2015.07.06 12:31:59.761,1.47155,1.47179,1.00,1.00
2015.07.06 12:32:00.023,1.47161,1.47179,1.00,1.00
2015.07.06 12:32:00.226,1.47155,1.47179,1.00,1.00
2015.07.06 12:32:02.426,1.47156,1.47179,1.00,1.00
2015.07.06 12:32:02.985,1.47156,1.47189,1.00,2.25
2015.07.06 12:32:03.490,1.47155,1.47189,1.00,1.50
2015.07.06 12:32:03.729,1.47157,1.47189,1.00,1.00
2015.07.06 12:32:04.035,1.47161,1.47188,1.00,1.00
2015.07.06 12:32:04.392,1.47156,1.47188,1.50,1.00
2015.07.06 12:32:05.045,1.47156,1.47187,1.12,1.00
2015.07.06 12:32:05.100,1.47156,1.47189,1.12,1.00
2015.07.06 12:32:05.553,1.47156,1.47186,1.12,1.00
2015.07.06 12:32:05.897,1.47156,1.47188,1.12,1.00
2015.07.06 12:32:06.984,1.47156,1.47187,1.12,1.00
2015.07.06 12:32:07.502,1.47154,1.47187,2.21,1.00
2015.07.06 12:32:09.494,1.47154,1.47188,1.84,1.00
2015.07.06 12:32:10.074,1.47154,1.47189,2.96,1.00
2015.07.06 12:32:10.918,1.47156,1.47189,1.00,1.00
2015.07.06 12:32:11.369,1.47157,1.47189,1.37,1.00
2015.07.06 12:32:11.676,1.47162,1.4719,1.00,1.00
2015.07.06 12:32:11.935,1.47163,1.47194,1.34,1.00
2015.07.06 12:32:11.986,1.47166,1.47194,1.00,1.00
2015.07.06 12:32:12.089,1.47168,1.47201,1.00,1.75
2015.07.06 12:32:12.140,1.4717,1.47203,1.00,2.25
2015.07.06 12:32:12.588,1.47171,1.47203,2.96,1.37
2015.07.06 12:32:12.640,1.47171,1.47206,4.09,1.00
2015.07.06 12:32:13.188,1.47174,1.47206,1.50,1.00
2015.07.06 12:32:13.494,1.47174,1.47206,1.87,1.00
2015.07.06 12:32:14.274,1.4718,1.47207,1.12,1.00
2015.07.06 12:32:14.326,1.4718,1.47211,1.12,1.00
2015.07.06 12:32:14.684,1.4718,1.47211,2.96,1.00
2015.07.06 12:32:16.686,1.47183,1.47211,1.00,1.00
2015.07.06 12:32:17.396,1.47182,1.47211,1.12,1.00
2015.07.06 12:32:17.803,1.47183,1.47217,1.00,1.12
2015.07.06 12:32:18.337,1.47183,1.47217,1.00,1.37
2015.07.06 12:32:20.909,1.47183,1.47215,1.00,1.00
2015.07.06 12:32:21.266,1.47183,1.47218,1.00,1.37
2015.07.06 12:32:21.656,1.47183,1.47215,1.00,1.00
2015.07.06 12:32:21.810,1.4718,1.47213,1.50,1.00
2015.07.06 12:32:21.912,1.47178,1.47213,1.00,1.50
2015.07.06 12:32:21.963,1.47177,1.47211,2.25,1.00
2015.07.06 12:32:22.268,1.47177,1.47209,1.00,1.00
2015.07.06 12:32:23.891,1.47177,1.47208,1.00,1.00
2015.07.06 12:32:23.994,1.47175,1.47207,1.00,1.12
2015.07.06 12:32:24.045,1.47176,1.47207,1.84,1.00
2015.07.06 12:32:24.096,1.47176,1.47209,2.59,1.50
2015.07.06 12:32:24.964,1.47179,1.47209,1.50,1.00
2015.07.06 12:32:25.120,1.47175,1.47209,1.00,1.00
2015.07.06 12:32:25.623,1.47174,1.47209,1.84,1.00
2015.07.06 12:32:26.132,1.47174,1.4721,1.84,1.00
2015.07.06 12:32:26.234,1.47174,1.4721,2.21,1.00
2015.07.06 12:32:27.366,1.47174,1.4721,1.09,1.00
2015.07.06 12:32:27.741,1.47174,1.47208,1.09,1.00
2015.07.06 12:32:28.283,1.47174,1.47206,1.09,1.00
2015.07.06 12:32:28.894,1.47174,1.47205,1.09,1.00
2015.07.06 12:32:29.301,1.47173,1.47207,3.34,1.00
2015.07.06 12:32:29.352,1.47173,1.47207,3.34,1.00
2015.07.06 12:32:29.603,1.47176,1.47211,1.12,2.25
2015.07.06 12:32:30.111,1.47177,1.47211,1.00,1.50
2015.07.06 12:32:30.365,1.47175,1.47211,1.50,3.00
2015.07.06 12:32:30.517,1.47175,1.47209,1.50,1.00
2015.07.06 12:32:30.862,1.47175,1.47211,2.62,2.25
2015.07.06 12:32:31.371,1.47175,1.47209,1.00,1.00
2015.07.06 12:32:31.679,1.47174,1.47204,1.00,1.50
2015.07.06 12:32:32.227,1.47169,1.47204,1.84,1.50
2015.07.06 12:32:33.194,1.47172,1.47205,1.37,1.50
2015.07.06 12:32:33.704,1.47172,1.47204,1.37,1.00
2015.07.06 12:32:34.206,1.47172,1.47204,1.00,1.12
2015.07.06 12:32:34.730,1.47173,1.47204,1.00,1.12
2015.07.06 12:32:36.184,1.47173,1.47201,1.00,1.00
2015.07.06 12:32:37.546,1.47172,1.47201,1.00,1.00
2015.07.06 12:32:38.623,1.47172,1.47201,1.87,1.00
2015.07.06 12:32:39.130,1.47172,1.47201,1.00,1.00
2015.07.06 12:32:39.182,1.47172,1.47203,1.00,1.50
2015.07.06 12:32:39.233,1.47172,1.472,1.00,1.00
2015.07.06 12:32:39.771,1.47172,1.47199,1.00,1.00
2015.07.06 12:32:40.326,1.47171,1.47199,1.09,1.00
2015.07.06 12:32:40.428,1.47171,1.47201,1.09,1.00
2015.07.06 12:32:40.989,1.47172,1.47203,1.00,1.00
2015.07.06 12:32:41.524,1.47171,1.47202,1.84,1.00
2015.07.06 12:32:42.217,1.47171,1.47201,1.84,1.00
2015.07.06 12:32:45.150,1.47174,1.47201,1.00,1.00
2015.07.06 12:32:46.683,1.47177,1.47201,1.00,1.00
2015.07.06 12:32:47.480,1.47176,1.47201,1.34,1.00
2015.07.06 12:32:47.531,1.47175,1.47204,1.84,1.50
2015.07.06 12:32:47.634,1.47176,1.47207,1.84,1.00
2015.07.06 12:32:48.039,1.47176,1.47206,1.00,1.00
2015.07.06 12:32:48.550,1.47177,1.47207,1.00,1.00
2015.07.06 12:32:48.703,1.4718,1.47207,1.00,1.00
2015.07.06 12:32:49.154,1.47176,1.47206,1.00,1.00
2015.07.06 12:32:49.308,1.47176,1.47199,1.00,1.00
2015.07.06 12:32:49.511,1.47173,1.47199,1.00,1.00
2015.07.06 12:32:49.562,1.47171,1.47199,1.00,1.00
2015.07.06 12:32:49.613,1.47174,1.47199,1.00,1.00
2015.07.06 12:32:49.766,1.4717,1.47199,1.00,1.00
2015.07.06 12:32:50.813,1.47173,1.47199,1.00,1.00
2015.07.06 12:32:51.125,1.47175,1.47199,1.00,1.00
2015.07.06 12:32:51.794,1.47175,1.472,1.00,1.75
2015.07.06 12:32:51.947,1.47169,1.472,1.00,1.75
2015.07.06 12:32:52.805,1.47169,1.47195,1.00,1.00
2015.07.06 12:32:53.316,1.47169,1.47197,1.00,1.50
2015.07.06 12:32:54.478,1.47169,1.47189,1.00,1.00
2015.07.06 12:32:55.384,1.47172,1.47189,1.00,1.00
2015.07.06 12:32:55.894,1.47173,1.47189,1.00,1.00
2015.07.06 12:32:56.098,1.47169,1.47189,1.00,1.00
2015.07.06 12:32:56.891,1.47173,1.47189,1.00,1.00
2015.07.06 12:32:56.994,1.47175,1.47201,1.00,1.75
2015.07.06 12:32:58.206,1.47169,1.47201,1.50,1.75
2015.07.06 12:32:59.021,1.4717,1.47203,1.00,1.75
2015.07.06 12:32:59.533,1.47169,1.472,1.00,1.75
2015.07.06 12:32:59.941,1.47169,1.47199,1.00,1.00
2015.07.06 12:33:00.146,1.47169,1.47197,1.00,1.00
2015.07.06 12:33:00.299,1.47165,1.47195,1.00,1.00
2015.07.06 12:33:00.533,1.47161,1.4719,2.21,1.00
2015.07.06 12:33:01.296,1.47164,1.4719,1.00,1.00
2015.07.06 12:33:01.501,1.47161,1.47189,1.84,1.00
2015.07.06 12:33:02.765,1.47161,1.47188,1.34,1.00
2015.07.06 12:33:02.816,1.47159,1.47184,1.84,1.00
2015.07.06 12:33:02.969,1.47159,1.47187,1.84,1.00
2015.07.06 12:33:03.376,1.47159,1.47183,1.84,1.00
2015.07.06 12:33:05.285,1.47159,1.47183,1.50,1.00
2015.07.06 12:33:06.203,1.47159,1.47184,1.50,1.00
2015.07.06 12:33:06.921,1.47157,1.47184,1.00,1.00
2015.07.06 12:33:07.923,1.47155,1.47183,1.50,1.00
2015.07.06 12:33:08.577,1.47156,1.47183,1.50,1.00
2015.07.06 12:33:09.079,1.47157,1.47184,1.00,1.00
2015.07.06 12:33:09.613,1.47156,1.47185,1.00,1.00
2015.07.06 12:33:09.715,1.4716,1.47185,1.50,1.00
2015.07.06 12:33:10.454,1.47156,1.47185,1.50,1.50
2015.07.06 12:33:11.133,1.47156,1.47184,1.00,1.00
2015.07.06 12:33:11.651,1.47156,1.47185,1.00,1.50
2015.07.06 12:33:12.368,1.47156,1.47189,1.00,1.75
2015.07.06 12:33:15.244,1.47156,1.47187,1.87,1.75
2015.07.06 12:33:17.368,1.47158,1.47191,1.87,2.25
2015.07.06 12:33:17.673,1.4716,1.47192,1.00,2.25
2015.07.06 12:33:18.209,1.47159,1.47185,1.00,1.00
2015.07.06 12:33:18.260,1.47156,1.47185,1.00,1.00
2015.07.06 12:33:18.465,1.47154,1.47185,1.00,1.00
2015.07.06 12:33:18.669,1.47152,1.47185,1.09,1.00
2015.07.06 12:33:18.720,1.47152,1.47182,1.09,1.00
2015.07.06 12:33:19.240,1.47152,1.47181,1.09,1.00
2015.07.06 12:33:19.291,1.47152,1.47183,1.09,1.00
2015.07.06 12:33:19.342,1.47158,1.47183,1.00,1.00
2015.07.06 12:33:19.394,1.47158,1.47185,1.00,1.00
2015.07.06 12:33:19.897,1.47157,1.47185,1.00,1.00
2015.07.06 12:33:21.027,1.47158,1.47185,1.00,1.00
2015.07.06 12:33:21.551,1.47157,1.47188,1.50,1.12
2015.07.06 12:33:21.839,1.47159,1.47188,1.00,1.12
2015.07.06 12:33:22.609,1.4716,1.47188,1.00,1.12
2015.07.06 12:33:24.137,1.4716,1.47188,1.00,1.12
2015.07.06 12:33:24.739,1.47161,1.47188,1.50,1.00
2015.07.06 12:33:24.791,1.47166,1.47188,1.00,1.00
2015.07.06 12:33:25.674,1.47169,1.47188,1.00,1.00
2015.07.06 12:33:25.776,1.47166,1.47188,2.59,1.00
2015.07.06 12:33:26.062,1.4717,1.472,1.00,2.62
2015.07.06 12:33:26.525,1.47171,1.47197,1.00,1.12
2015.07.06 12:33:26.627,1.47166,1.47196,1.87,1.50
2015.07.06 12:33:27.198,1.47166,1.47194,1.00,1.37
2015.07.06 12:33:27.538,1.47166,1.47195,1.00,1.37
2015.07.06 12:33:27.945,1.47169,1.47193,1.34,1.00
2015.07.06 12:33:28.047,1.47176,1.472,1.00,1.00
2015.07.06 12:33:28.098,1.47176,1.47205,1.00,1.37
2015.07.06 12:33:28.251,1.47181,1.47207,1.00,1.75
2015.07.06 12:33:28.517,1.47181,1.47207,1.00,1.00
2015.07.06 12:33:28.569,1.47178,1.47207,1.00,1.00
2015.07.06 12:33:28.773,1.47176,1.47205,1.37,1.00
2015.07.06 12:33:29.086,1.47175,1.47208,2.62,1.00
2015.07.06 12:33:29.138,1.47181,1.47208,1.00,1.00
2015.07.06 12:33:29.291,1.47176,1.47205,1.00,1.00
2015.07.06 12:33:29.393,1.47176,1.47207,1.00,1.50
2015.07.06 12:33:29.444,1.47181,1.47207,1.00,1.50
2015.07.06 12:33:29.795,1.47181,1.47209,1.37,1.00
2015.07.06 12:33:29.947,1.47181,1.47211,1.37,1.50
2015.07.06 12:33:30.049,1.47181,1.47208,1.37,1.00
2015.07.06 12:33:30.202,1.47181,1.4721,1.37,1.00
2015.07.06 12:33:30.405,1.47181,1.47208,1.37,1.00
2015.07.06 12:33:31.169,1.47181,1.47209,1.37,1.00
2015.07.06 12:33:31.733,1.47181,1.47211,1.37,1.37
2015.07.06 12:33:31.988,1.4718,1.47212,2.59,1.12
2015.07.06 12:33:32.140,1.47181,1.47216,1.87,1.37
2015.07.06 12:33:32.799,1.47185,1.47218,1.87,2.25
2015.07.06 12:33:33.451,1.47185,1.47214,1.12,1.37
2015.07.06 12:33:33.709,1.47186,1.47216,1.00,1.00
2015.07.06 12:33:33.915,1.47185,1.47213,1.12,1.00
2015.07.06 12:33:34.170,1.47186,1.47216,1.00,1.00
2015.07.06 12:33:34.712,1.47183,1.47215,1.87,1.00
2015.07.06 12:33:36.777,1.47189,1.47216,1.00,1.00
2015.07.06 12:33:37.095,1.47189,1.47216,1.37,1.50
2015.07.06 12:33:37.502,1.47189,1.47216,1.37,1.75
2015.07.06 12:33:37.916,1.47188,1.47216,1.00,1.75
2015.07.06 12:33:38.425,1.47187,1.47216,1.00,1.75
2015.07.06 12:33:39.673,1.47187,1.47216,1.00,1.75
2015.07.06 12:33:39.877,1.47185,1.47216,1.00,1.75
2015.07.06 12:33:39.928,1.47185,1.47216,1.00,1.75
2015.07.06 12:33:39.980,1.47183,1.47214,1.00,1.75
2015.07.06 12:33:40.495,1.47182,1.47213,1.12,1.50
2015.07.06 12:33:40.878,1.4718,1.47213,3.34,1.50
2015.07.06 12:33:42.397,1.4718,1.47213,3.34,1.50
2015.07.06 12:33:44.802,1.47181,1.47215,1.37,1.75
2015.07.06 12:33:45.319,1.47183,1.47207,1.00,1.75
2015.07.06 12:33:45.371,1.47179,1.47205,1.00,2.25
2015.07.06 12:33:45.422,1.47176,1.47205,1.50,1.87
2015.07.06 12:33:45.676,1.47178,1.47207,1.00,1.37
2015.07.06 12:33:46.011,1.47179,1.47211,1.37,1.50
2015.07.06 12:33:46.316,1.47181,1.47211,1.37,1.37
2015.07.06 12:33:46.470,1.47184,1.47211,1.00,1.37
2015.07.06 12:33:46.991,1.47183,1.47211,1.00,1.37
2015.07.06 12:33:47.625,1.47177,1.47211,1.75,1.37
2015.07.06 12:33:50.333,1.47178,1.47211,1.75,1.37
2015.07.06 12:33:50.887,1.47183,1.47211,1.00,1.00
2015.07.06 12:33:50.939,1.47185,1.47211,1.87,1.00
2015.07.06 12:33:50.990,1.47185,1.47218,1.87,1.87
2015.07.06 12:33:51.041,1.47187,1.47218,1.00,1.50
2015.07.06 12:33:51.194,1.47189,1.47223,1.37,1.00
2015.07.06 12:33:51.246,1.47189,1.47226,1.37,2.59
2015.07.06 12:33:51.551,1.47193,1.47226,1.00,1.00
2015.07.06 12:33:51.653,1.47191,1.47225,1.12,1.00
2015.07.06 12:33:51.705,1.47193,1.47226,1.00,1.00
2015.07.06 12:33:51.807,1.47194,1.47231,1.00,1.75
2015.07.06 12:33:51.960,1.47195,1.47231,1.84,1.37
2015.07.06 12:33:52.291,1.47201,1.47237,1.50,2.62
2015.07.06 12:33:52.545,1.47201,1.47237,1.50,1.87
2015.07.06 12:33:53.054,1.47201,1.47237,2.25,1.87
2015.07.06 12:33:54.038,1.47202,1.47237,1.00,1.87
2015.07.06 12:33:54.343,1.47203,1.47237,1.37,1.37
2015.07.06 12:33:54.754,1.47203,1.47237,1.37,2.25
2015.07.06 12:33:55.298,1.47199,1.47232,1.75,1.50
2015.07.06 12:33:55.851,1.47199,1.47232,1.75,1.75
2015.07.06 12:33:55.953,1.47199,1.47232,1.00,1.75
2015.07.06 12:33:58.377,1.47199,1.47232,1.00,1.75
2015.07.06 12:33:58.581,1.47199,1.47232,1.00,1.75
2015.07.06 12:33:58.785,1.47197,1.47229,1.46,1.37
2015.07.06 12:33:59.313,1.47197,1.47229,1.46,1.37
2015.07.06 12:34:00.770,1.47197,1.47232,1.46,2.25
2015.07.06 12:34:01.092,1.472,1.47232,1.00,1.50
2015.07.06 12:34:01.271,1.47197,1.47232,1.46,1.50
2015.07.06 12:34:01.883,1.47197,1.47232,1.46,1.50
2015.07.06 12:34:04.640,1.47206,1.47232,1.34,1.50
2015.07.06 12:34:04.793,1.47205,1.47236,1.71,1.00
2015.07.06 12:34:04.844,1.47205,1.47239,2.21,1.87
2015.07.06 12:34:05.098,1.47205,1.47241,1.50,1.00
2015.07.06 12:34:05.613,1.47203,1.47237,1.75,1.00
2015.07.06 12:34:05.838,1.47203,1.47237,1.00,1.00
2015.07.06 12:34:05.999,1.47203,1.47237,1.00,1.50
2015.07.06 12:34:06.906,1.47203,1.47237,1.00,1.75
2015.07.06 12:34:07.215,1.47202,1.47235,1.12,1.75
2015.07.06 12:34:08.274,1.47201,1.47235,1.00,2.25
2015.07.06 12:34:12.354,1.47201,1.47235,1.00,1.75
2015.07.06 12:34:12.690,1.47201,1.47235,1.00,1.37
2015.07.06 12:34:13.018,1.47201,1.47235,1.50,2.25
2015.07.06 12:34:13.467,1.472,1.4723,1.12,1.37
2015.07.06 12:34:14.131,1.472,1.4723,1.12,1.50
2015.07.06 12:34:14.469,1.47206,1.4723,1.00,1.50
2015.07.06 12:34:15.025,1.472,1.4723,1.12,1.50
2015.07.06 12:34:15.541,1.47201,1.4723,1.00,1.50
2015.07.06 12:34:16.957,1.47205,1.4723,1.00,1.50
2015.07.06 12:34:17.209,1.47201,1.4723,1.12,1.37
2015.07.06 12:34:17.639,1.47206,1.4723,1.00,1.37
2015.07.06 12:34:18.199,1.47206,1.4723,1.00,1.37
2015.07.06 12:34:18.732,1.472,1.4723,1.37,1.37
2015.07.06 12:34:18.885,1.472,1.47231,1.37,1.12
2015.07.06 12:34:19.269,1.47206,1.47237,1.00,1.75
2015.07.06 12:34:20.900,1.47206,1.47239,1.09,1.75
2015.07.06 12:34:21.307,1.47206,1.4724,1.09,1.37
2015.07.06 12:34:21.410,1.47216,1.47241,1.00,3.00
2015.07.06 12:34:22.022,1.47211,1.47241,1.00,2.25
2015.07.06 12:34:22.504,1.47207,1.47241,1.00,2.25
2015.07.06 12:34:22.556,1.47207,1.47241,1.00,2.25
2015.07.06 12:34:22.861,1.47201,1.47234,1.00,1.37
2015.07.06 12:34:23.221,1.47201,1.47234,1.00,1.00
2015.07.06 12:34:24.217,1.47201,1.47234,1.00,1.75
2015.07.06 12:34:24.515,1.47201,1.47234,1.00,1.50
2015.07.06 12:34:24.668,1.47199,1.47234,1.00,2.25
2015.07.06 12:34:25.772,1.47204,1.47234,1.00,1.50
2015.07.06 12:34:25.874,1.47205,1.47234,1.34,1.00
2015.07.06 12:34:26.078,1.47205,1.4724,1.84,1.37
2015.07.06 12:34:26.586,1.47206,1.47241,1.34,2.25
2015.07.06 12:34:26.838,1.47206,1.47241,1.34,1.87
2015.07.06 12:34:27.348,1.47206,1.47239,1.34,1.00
2015.07.06 12:34:27.552,1.47205,1.47239,2.96,1.37
2015.07.06 12:34:28.074,1.47206,1.47241,1.34,2.25
2015.07.06 12:34:29.091,1.47206,1.47241,1.34,2.25
2015.07.06 12:34:30.501,1.47206,1.47241,1.34,2.25
2015.07.06 12:34:31.036,1.47205,1.47241,1.84,1.87
2015.07.06 12:34:33.896,1.47206,1.47241,1.84,1.87
2015.07.06 12:34:33.999,1.47208,1.47241,1.09,1.12
2015.07.06 12:34:34.050,1.47209,1.47241,1.84,1.12
2015.07.06 12:34:34.332,1.47214,1.47247,1.34,1.37
2015.07.06 12:34:34.841,1.47215,1.47247,1.09,1.37
2015.07.06 12:34:35.381,1.47212,1.47247,1.84,1.87
2015.07.06 12:34:36.092,1.47212,1.47247,1.84,1.87
2015.07.06 12:34:36.619,1.47216,1.47247,1.50,1.37
2015.07.06 12:34:37.542,1.47219,1.47249,1.00,1.50
2015.07.06 12:34:37.750,1.47216,1.47249,2.25,1.50
2015.07.06 12:34:37.902,1.47216,1.47249,2.25,1.37
2015.07.06 12:34:38.055,1.47218,1.47249,1.00,1.37
2015.07.06 12:34:38.564,1.47218,1.47253,1.00,3.00
2015.07.06 12:34:39.177,1.47226,1.47253,1.00,3.00
2015.07.06 12:34:39.680,1.47227,1.47253,1.00,3.00
2015.07.06 12:34:41.147,1.47226,1.47253,1.00,2.25
2015.07.06 12:34:41.250,1.47226,1.47252,1.00,1.50
2015.07.06 12:34:41.985,1.47227,1.47252,1.00,1.50
2015.07.06 12:34:42.036,1.4723,1.47252,1.84,1.50
2015.07.06 12:34:42.089,1.47227,1.47252,1.00,1.50
2015.07.06 12:34:42.140,1.4723,1.47251,1.00,1.00
2015.07.06 12:34:42.242,1.4723,1.47254,1.00,1.00
2015.07.06 12:34:42.344,1.47236,1.47254,1.00,1.00
2015.07.06 12:34:42.395,1.47236,1.4726,1.00,1.87
2015.07.06 12:34:42.447,1.47236,1.4726,1.00,1.00
2015.07.06 12:34:42.650,1.47239,1.47266,1.00,1.75
2015.07.06 12:34:42.991,1.47242,1.47264,1.00,1.00
2015.07.06 12:34:43.042,1.47238,1.47264,1.00,1.00
2015.07.06 12:34:43.096,1.4724,1.47264,1.00,1.00
2015.07.06 12:34:43.148,1.4724,1.47266,1.00,1.12
2015.07.06 12:34:43.770,1.47241,1.47268,1.00,1.00
2015.07.06 12:34:43.923,1.47241,1.47271,1.00,1.00
2015.07.06 12:34:44.214,1.47246,1.47272,1.00,1.50
2015.07.06 12:34:44.575,1.47248,1.47272,1.00,1.00
2015.07.06 12:34:44.626,1.47248,1.47274,1.00,1.50
2015.07.06 12:34:44.932,1.47248,1.47273,1.00,1.75
2015.07.06 12:34:45.446,1.47249,1.47273,1.00,1.75
2015.07.06 12:34:46.048,1.47249,1.47273,1.00,1.37
2015.07.06 12:34:46.099,1.47251,1.47274,1.00,1.50
2015.07.06 12:34:46.151,1.47251,1.47274,1.00,1.37
2015.07.06 12:34:46.202,1.47253,1.47273,1.00,1.37
2015.07.06 12:34:46.703,1.47253,1.4728,1.00,1.75
2015.07.06 12:34:47.009,1.47255,1.4728,1.00,1.75
2015.07.06 12:34:47.515,1.47255,1.4728,1.00,1.75
2015.07.06 12:34:47.567,1.47255,1.47279,1.00,1.00
2015.07.06 12:34:47.618,1.47264,1.47279,1.00,1.00
2015.07.06 12:34:47.720,1.47256,1.47279,1.00,1.00
2015.07.06 12:34:48.077,1.47254,1.47282,1.00,1.00
2015.07.06 12:34:48.642,1.47253,1.47282,1.00,1.00
2015.07.06 12:34:48.744,1.47251,1.47282,1.00,1.00
2015.07.06 12:34:49.279,1.47257,1.47285,1.00,1.00
2015.07.06 12:34:49.381,1.47253,1.47284,1.84,1.00
2015.07.06 12:34:49.535,1.47253,1.47284,1.50,1.00
2015.07.06 12:34:50.045,1.47255,1.47284,1.00,2.25
2015.07.06 12:34:50.439,1.47255,1.47284,1.00,3.00
2015.07.06 12:34:50.490,1.47253,1.47284,1.00,3.00
2015.07.06 12:34:50.699,1.47253,1.47279,1.00,1.00
2015.07.06 12:34:51.008,1.47255,1.47279,1.00,1.00
2015.07.06 12:34:51.061,1.47251,1.47279,1.00,1.00
2015.07.06 12:34:51.357,1.47254,1.47279,1.00,1.00
2015.07.06 12:34:51.612,1.47252,1.47279,1.00,1.00
2015.07.06 12:34:51.714,1.47254,1.47279,1.00,1.00
2015.07.06 12:34:52.020,1.47256,1.47279,1.00,1.00
2015.07.06 12:34:52.122,1.4725,1.47284,1.00,2.62
2015.07.06 12:34:52.480,1.47257,1.47284,1.00,1.87
2015.07.06 12:34:52.583,1.47255,1.47284,1.00,1.12
2015.07.06 12:34:53.091,1.47256,1.47284,1.00,1.12
2015.07.06 12:34:53.142,1.47254,1.47284,1.00,1.12
2015.07.06 12:34:53.243,1.47252,1.47283,1.00,1.00
2015.07.06 12:34:53.295,1.47252,1.47282,1.00,1.75
2015.07.06 12:34:53.612,1.47257,1.47284,1.00,1.50
2015.07.06 12:34:53.663,1.47255,1.47284,1.00,1.50
2015.07.06 12:34:53.714,1.47255,1.47282,1.00,2.25
2015.07.06 12:34:53.765,1.47252,1.47282,1.00,2.25
2015.07.06 12:34:53.919,1.4725,1.47277,1.00,1.75
2015.07.06 12:34:54.021,1.47247,1.47277,1.00,1.75
2015.07.06 12:34:54.123,1.47244,1.47275,1.00,1.75
2015.07.06 12:34:54.227,1.47242,1.47272,1.00,1.00
2015.07.06 12:34:54.431,1.47245,1.47272,1.00,1.00
2015.07.06 12:34:54.782,1.47243,1.47272,1.00,1.00
2015.07.06 12:34:54.885,1.47241,1.47272,1.00,1.00
2015.07.06 12:34:55.117,1.47243,1.47272,1.00,1.00
2015.07.06 12:34:55.219,1.4724,1.47272,1.00,1.00
2015.07.06 12:34:55.423,1.47242,1.47272,1.00,1.00
2015.07.06 12:34:55.755,1.47242,1.47272,1.00,1.75
2015.07.06 12:34:56.269,1.47243,1.47272,1.00,1.75
2015.07.06 12:34:56.586,1.47246,1.47275,1.00,1.75
2015.07.06 12:34:56.637,1.47243,1.47275,1.00,1.75
2015.07.06 12:34:56.738,1.47245,1.47274,1.00,1.75
2015.07.06 12:34:57.075,1.47247,1.47269,1.00,1.00
2015.07.06 12:34:57.395,1.47249,1.47271,1.00,1.12
2015.07.06 12:34:57.626,1.47247,1.47271,1.00,1.12
2015.07.06 12:34:58.128,1.47246,1.47271,1.00,1.12
2015.07.06 12:34:58.301,1.47243,1.47271,1.00,1.12
2015.07.06 12:34:58.403,1.47243,1.47265,1.00,1.12
2015.07.06 12:34:58.611,1.4724,1.47265,1.00,1.12
2015.07.06 12:34:58.713,1.4724,1.47264,1.00,1.12
2015.07.06 12:34:58.917,1.4724,1.47267,1.00,1.75
2015.07.06 12:34:58.968,1.47238,1.47267,1.00,2.25
2015.07.06 12:34:59.492,1.47237,1.47265,1.00,1.75
2015.07.06 12:35:00.116,1.47237,1.47263,1.00,1.12
2015.07.06 12:35:01.476,1.47238,1.47259,1.00,1.12
2015.07.06 12:35:01.578,1.47234,1.47259,1.00,1.12
2015.07.06 12:35:01.936,1.47232,1.47259,1.00,1.12
2015.07.06 12:35:01.987,1.47232,1.4726,1.00,1.75
2015.07.06 12:35:03.054,1.47232,1.47259,1.00,1.12
2015.07.06 12:35:03.468,1.47238,1.47262,3.75,1.75
2015.07.06 12:35:03.874,1.47238,1.47262,3.75,3.00
2015.07.06 12:35:04.478,1.47238,1.47258,3.75,1.37
2015.07.06 12:35:06.663,1.47238,1.47263,3.75,1.37
2015.07.06 12:35:07.105,1.4724,1.47263,1.00,1.37
2015.07.06 12:35:07.981,1.4724,1.47266,1.00,1.50
2015.07.06 12:35:09.398,1.4724,1.47266,4.50,1.50
2015.07.06 12:35:10.846,1.47242,1.47266,1.00,1.50
2015.07.06 12:35:11.412,1.4724,1.47266,4.50,1.50
2015.07.06 12:35:12.981,1.47241,1.47266,1.12,1.37
2015.07.06 12:35:13.136,1.47243,1.47269,1.00,1.37
2015.07.06 12:35:13.579,1.47245,1.47269,1.00,1.37
2015.07.06 12:35:14.132,1.47244,1.47271,1.00,1.75
2015.07.06 12:35:15.552,1.47245,1.47271,1.00,1.75
2015.07.06 12:35:15.793,1.47243,1.47271,1.00,1.75
2015.07.06 12:35:16.146,1.47245,1.47271,1.00,1.75
2015.07.06 12:35:17.636,1.47245,1.47271,1.00,1.75
2015.07.06 12:35:17.941,1.47247,1.47271,1.50,1.50
2015.07.06 12:35:18.451,1.47248,1.47274,1.00,1.75
2015.07.06 12:35:18.764,1.47251,1.47275,1.00,2.25
2015.07.06 12:35:19.740,1.47249,1.47275,1.00,2.25
2015.07.06 12:35:21.737,1.47251,1.47275,1.00,2.25
2015.07.06 12:35:21.841,1.47251,1.47275,1.00,2.25
2015.07.06 12:35:21.944,1.47251,1.47275,1.00,1.50
2015.07.06 12:35:22.046,1.47249,1.47275,1.00,1.50
2015.07.06 12:35:22.403,1.47246,1.47275,1.00,1.50
2015.07.06 12:35:22.759,1.47245,1.47274,1.12,1.75
2015.07.06 12:35:23.108,1.47248,1.47274,1.00,1.75
2015.07.06 12:35:23.261,1.47244,1.47274,3.00,1.75
2015.07.06 12:35:23.790,1.47246,1.47269,1.00,1.37
2015.07.06 12:35:24.492,1.47247,1.47275,1.00,3.00
2015.07.06 12:35:24.594,1.47244,1.47273,1.00,1.75
2015.07.06 12:35:24.960,1.47244,1.47273,1.00,1.75
2015.07.06 12:35:25.265,1.47246,1.47273,1.00,1.75
2015.07.06 12:35:25.608,1.47251,1.47273,2.25,1.75
2015.07.06 12:35:26.846,1.47251,1.47273,2.25,1.00
2015.07.06 12:35:26.897,1.47252,1.47275,1.00,1.50
2015.07.06 12:35:27.104,1.47254,1.47275,1.00,1.00
2015.07.06 12:35:27.159,1.47254,1.4728,1.00,1.00
2015.07.06 12:35:27.210,1.47252,1.4728,1.00,1.00
2015.07.06 12:35:27.261,1.4726,1.4728,2.25,1.37
2015.07.06 12:35:28.661,1.4726,1.4728,2.25,1.37
2015.07.06 12:35:29.170,1.4726,1.4728,2.25,1.50
2015.07.06 12:35:29.961,1.4726,1.4728,2.25,1.37
2015.07.06 12:35:30.215,1.47256,1.4728,2.25,1.37
2015.07.06 12:35:30.382,1.47256,1.4728,2.25,2.25
2015.07.06 12:35:30.638,1.47244,1.47272,1.75,1.00
2015.07.06 12:35:33.043,1.47243,1.47274,1.75,1.00
2015.07.06 12:35:33.399,1.4725,1.47275,1.00,1.00
2015.07.06 12:35:33.450,1.4725,1.47277,1.00,1.09
2015.07.06 12:35:33.603,1.4725,1.47277,1.00,1.84
2015.07.06 12:35:33.893,1.47241,1.47273,1.75,1.00
2015.07.06 12:35:34.454,1.47244,1.47274,1.75,1.50
2015.07.06 12:35:34.759,1.47248,1.47278,1.12,1.84
2015.07.06 12:35:35.262,1.47246,1.47274,1.75,1.00
2015.07.06 12:35:35.669,1.47246,1.47276,1.50,1.00
2015.07.06 12:35:35.975,1.47245,1.47272,1.75,1.00
2015.07.06 12:35:36.281,1.47239,1.47267,1.50,1.50
2015.07.06 12:35:36.758,1.47244,1.47268,1.00,1.00
2015.07.06 12:35:37.295,1.47245,1.47268,1.00,1.00
2015.07.06 12:35:37.346,1.47241,1.47268,1.00,1.00
2015.07.06 12:35:37.448,1.47239,1.47268,1.50,1.00
2015.07.06 12:35:38.035,1.47242,1.47268,1.00,1.00
2015.07.06 12:35:38.429,1.47236,1.47269,1.00,1.09
2015.07.06 12:35:38.481,1.47238,1.47265,1.00,1.87
2015.07.06 12:35:38.584,1.47236,1.47265,1.00,1.87
2015.07.06 12:35:38.686,1.47234,1.47265,1.00,1.50
2015.07.06 12:35:39.046,1.47234,1.47265,1.00,2.62
2015.07.06 12:35:39.097,1.47232,1.47265,1.00,2.62
2015.07.06 12:35:39.148,1.47232,1.47261,1.00,1.00
2015.07.06 12:35:39.453,1.47234,1.4726,1.00,1.00
2015.07.06 12:35:39.607,1.47237,1.47265,1.00,1.87
2015.07.06 12:35:39.659,1.47233,1.47265,1.00,1.12
2015.07.06 12:35:39.875,1.47229,1.47261,1.50,1.00
2015.07.06 12:35:40.198,1.4722,1.47255,1.00,1.00
2015.07.06 12:35:40.300,1.47226,1.47255,1.00,1.00
2015.07.06 12:35:40.656,1.47228,1.47256,1.00,1.50
2015.07.06 12:35:40.899,1.47226,1.47256,1.00,1.50
2015.07.06 12:35:41.103,1.47228,1.47256,1.00,1.50
2015.07.06 12:35:41.409,1.47227,1.47251,1.00,1.00
2015.07.06 12:35:41.460,1.47227,1.47256,1.00,1.87
2015.07.06 12:35:41.817,1.47227,1.47256,1.00,1.87
2015.07.06 12:35:42.359,1.47226,1.47256,1.00,1.87
2015.07.06 12:35:42.715,1.47227,1.47256,1.00,1.87
2015.07.06 12:35:42.766,1.47229,1.47256,1.00,1.87
2015.07.06 12:35:43.278,1.47227,1.47256,1.00,1.87
2015.07.06 12:35:43.380,1.47229,1.47256,1.00,1.87
2015.07.06 12:35:43.685,1.47231,1.47256,1.00,1.50
2015.07.06 12:35:44.216,1.4723,1.47256,1.00,1.50
2015.07.06 12:35:44.717,1.47234,1.47256,1.00,1.00
2015.07.06 12:35:44.768,1.47234,1.47262,1.00,1.84
2015.07.06 12:35:44.921,1.47237,1.47262,1.00,1.09
2015.07.06 12:35:45.449,1.47237,1.47264,1.00,1.75
2015.07.06 12:35:45.602,1.47236,1.47262,1.00,1.75
2015.07.06 12:35:46.055,1.47238,1.47262,1.00,1.75
2015.07.06 12:35:46.157,1.47235,1.47262,1.00,1.75
2015.07.06 12:35:46.578,1.47239,1.47262,1.00,1.75
2015.07.06 12:35:47.713,1.47229,1.47255,1.50,1.87
2015.07.06 12:35:47.816,1.47223,1.47252,1.00,1.09
2015.07.06 12:35:47.919,1.47221,1.47252,1.00,1.09
2015.07.06 12:35:48.545,1.47219,1.47252,1.00,2.21
2015.07.06 12:35:49.187,1.47221,1.47252,1.00,1.46
2015.07.06 12:35:49.550,1.47219,1.47252,1.00,1.46
2015.07.06 12:35:50.008,1.47221,1.47251,1.00,1.12
2015.07.06 12:35:50.523,1.4722,1.47252,1.00,1.09
2015.07.06 12:35:50.897,1.47217,1.47248,1.00,1.75
2015.07.06 12:35:51.446,1.47221,1.47252,1.00,1.84
2015.07.06 12:35:53.062,1.47219,1.47252,1.00,2.59
2015.07.06 12:35:53.570,1.4722,1.47245,1.00,1.00
2015.07.06 12:35:54.166,1.47221,1.47245,1.00,1.00
2015.07.06 12:35:54.674,1.4722,1.47245,1.00,1.00
2015.07.06 12:35:55.149,1.47218,1.47245,1.00,1.00
2015.07.06 12:35:56.037,1.47221,1.47251,1.00,1.75
2015.07.06 12:35:56.504,1.47215,1.47247,1.00,1.50
2015.07.06 12:35:56.606,1.47218,1.47247,1.00,1.50
2015.07.06 12:35:57.459,1.47217,1.47247,1.00,1.50
2015.07.06 12:35:57.613,1.47214,1.47247,1.00,1.50
2015.07.06 12:35:57.715,1.47214,1.47247,1.00,1.75
2015.07.06 12:35:58.020,1.47216,1.47248,1.84,1.75
2015.07.06 12:35:58.581,1.47223,1.47249,1.00,1.75
2015.07.06 12:35:59.090,1.47222,1.47252,1.00,1.75
2015.07.06 12:35:59.395,1.47225,1.47252,1.00,2.25
2015.07.06 12:35:59.700,1.47226,1.47252,1.00,1.75
2015.07.06 12:36:00.292,1.47224,1.47252,1.00,1.75
2015.07.06 12:36:01.735,1.4722,1.4725,1.00,1.75
2015.07.06 12:36:01.786,1.4722,1.47247,1.00,1.12
2015.07.06 12:36:01.837,1.47217,1.47243,1.00,1.75
2015.07.06 12:36:01.940,1.47215,1.47242,1.00,1.75
2015.07.06 12:36:02.245,1.47218,1.47242,1.00,1.75
2015.07.06 12:36:02.500,1.47216,1.47245,1.00,1.75
2015.07.06 12:36:02.694,1.47214,1.47245,1.00,1.75
2015.07.06 12:36:03.271,1.47213,1.47245,1.00,1.75
2015.07.06 12:36:03.322,1.47213,1.47245,1.00,1.50
2015.07.06 12:36:04.794,1.47215,1.47245,1.00,1.50
2015.07.06 12:36:05.661,1.47216,1.47245,1.00,1.50
2015.07.06 12:36:06.231,1.47215,1.47245,1.00,1.50
2015.07.06 12:36:06.764,1.47214,1.47245,1.00,1.50
2015.07.06 12:36:07.120,1.47217,1.47245,1.00,1.50
2015.07.06 12:36:07.306,1.47215,1.47245,1.00,1.50
2015.07.06 12:36:07.739,1.47217,1.47245,1.00,1.50
2015.07.06 12:36:07.892,1.47215,1.47245,1.00,1.50
2015.07.06 12:36:08.409,1.47216,1.47245,1.00,1.50
2015.07.06 12:36:08.520,1.47218,1.47245,1.00,1.50
2015.07.06 12:36:08.673,1.47215,1.47245,1.00,1.50
2015.07.06 12:36:08.775,1.47212,1.47244,1.50,1.12
2015.07.06 12:36:09.422,1.47212,1.47243,1.00,1.00
2015.07.06 12:36:09.924,1.47212,1.47244,1.00,1.00
2015.07.06 12:36:10.865,1.47212,1.47243,1.00,1.00
2015.07.06 12:36:11.382,1.47212,1.47242,1.00,1.00
2015.07.06 12:36:12.030,1.47212,1.47243,1.00,1.00
2015.07.06 12:36:12.940,1.47212,1.47241,1.00,1.00
2015.07.06 12:36:15.338,1.47212,1.47236,1.00,1.00
2015.07.06 12:36:15.751,1.47206,1.47236,1.50,1.00
2015.07.06 12:36:16.261,1.47205,1.47236,1.00,1.00
2015.07.06 12:36:16.363,1.47208,1.47236,1.00,1.00
2015.07.06 12:36:17.465,1.47211,1.47236,1.00,1.00
2015.07.06 12:36:17.669,1.47209,1.47236,1.00,1.00
2015.07.06 12:36:18.306,1.47209,1.47232,1.00,1.00
2015.07.06 12:36:20.092,1.4721,1.47232,1.00,1.00
2015.07.06 12:36:20.599,1.47211,1.47232,1.00,1.00
2015.07.06 12:36:20.896,1.47209,1.47232,1.00,1.00
2015.07.06 12:36:23.180,1.4721,1.47242,1.00,2.25
2015.07.06 12:36:24.304,1.4721,1.47233,1.00,1.00
2015.07.06 12:36:24.841,1.47213,1.47233,1.00,1.00
2015.07.06 12:36:25.147,1.47216,1.47233,1.00,1.00
2015.07.06 12:36:25.453,1.47216,1.47243,1.00,1.75
2015.07.06 12:36:25.504,1.47216,1.47243,1.00,1.87
2015.07.06 12:36:26.234,1.47211,1.47242,1.00,1.50
2015.07.06 12:36:26.336,1.47216,1.47242,1.00,1.50
2015.07.06 12:36:26.535,1.47211,1.47242,1.00,1.50
2015.07.06 12:36:27.167,1.47215,1.47243,1.00,1.87
2015.07.06 12:36:29.310,1.47215,1.47244,1.00,1.37
2015.07.06 12:36:29.412,1.47213,1.47245,1.34,2.62
2015.07.06 12:36:30.633,1.47214,1.47246,1.84,1.75
2015.07.06 12:36:31.553,1.47216,1.47247,1.00,1.75
2015.07.06 12:36:32.811,1.47214,1.47246,1.09,1.75
2015.07.06 12:36:32.964,1.47216,1.47247,1.00,1.75
2015.07.06 12:36:33.016,1.47216,1.47247,1.00,1.75
2015.07.06 12:36:33.169,1.47218,1.47249,1.00,1.75
2015.07.06 12:36:33.490,1.47221,1.47251,1.00,1.75
2015.07.06 12:36:34.267,1.4722,1.47254,1.50,1.75
2015.07.06 12:36:35.895,1.4722,1.47248,1.00,1.00
2015.07.06 12:36:39.188,1.47221,1.47255,1.00,1.75
2015.07.06 12:36:39.290,1.47223,1.47256,1.00,1.75
2015.07.06 12:36:39.850,1.47223,1.47256,1.00,1.00
2015.07.06 12:36:40.356,1.47221,1.47255,1.34,1.00
2015.07.06 12:36:40.510,1.4722,1.47251,1.34,1.00
2015.07.06 12:36:42.351,1.47221,1.47255,1.34,1.50
2015.07.06 12:36:42.452,1.4722,1.47255,1.00,1.50
2015.07.06 12:36:42.504,1.4722,1.47252,1.00,1.12
2015.07.06 12:36:42.707,1.47213,1.47249,2.59,1.00
2015.07.06 12:36:43.757,1.47219,1.47249,1.50,1.00
2015.07.06 12:36:44.197,1.4722,1.47253,1.00,1.00
2015.07.06 12:36:44.411,1.47221,1.47256,1.00,2.25
2015.07.06 12:36:44.948,1.47221,1.47254,1.00,1.00
2015.07.06 12:36:46.157,1.47221,1.47256,1.00,2.25
2015.07.06 12:36:48.002,1.47221,1.47256,1.00,2.25
2015.07.06 12:36:48.053,1.47221,1.47256,1.34,2.25
2015.07.06 12:36:48.557,1.47224,1.47254,1.00,1.00
2015.07.06 12:36:48.711,1.47221,1.47254,1.00,1.50
2015.07.06 12:36:50.376,1.47221,1.47254,1.00,1.87
2015.07.06 12:36:50.428,1.47221,1.4725,1.00,1.00
2015.07.06 12:36:50.531,1.47221,1.47254,1.00,1.37
2015.07.06 12:36:50.836,1.47221,1.47254,1.34,1.00
2015.07.06 12:36:51.151,1.47229,1.47257,1.00,1.00
2015.07.06 12:36:51.305,1.47224,1.47257,1.34,1.12
2015.07.06 12:36:51.460,1.47224,1.47254,1.00,1.00
2015.07.06 12:36:51.511,1.47221,1.47253,1.87,1.00
2015.07.06 12:36:51.870,1.47216,1.47253,1.84,1.00
2015.07.06 12:36:51.973,1.47216,1.47251,1.00,1.00
2015.07.06 12:36:52.299,1.47213,1.47246,1.00,1.00
2015.07.06 12:36:52.606,1.47208,1.47241,1.00,1.50
2015.07.06 12:36:53.063,1.47206,1.47241,1.00,2.25
2015.07.06 12:36:53.317,1.47206,1.47241,1.34,2.25
2015.07.06 12:36:53.839,1.47209,1.47242,1.09,1.00
2015.07.06 12:36:54.151,1.47209,1.47242,1.09,1.37
2015.07.06 12:36:57.269,1.4721,1.47242,1.00,1.37
2015.07.06 12:36:57.708,1.4721,1.47242,1.00,1.75
2015.07.06 12:37:00.068,1.4721,1.47242,1.00,1.50
2015.07.06 12:37:00.368,1.4721,1.47242,1.00,1.37
2015.07.06 12:37:00.470,1.47212,1.47242,1.00,1.00
2015.07.06 12:37:00.521,1.47212,1.47249,1.50,2.25
2015.07.06 12:37:00.674,1.47216,1.47248,1.00,1.37
2015.07.06 12:37:01.029,1.47215,1.47248,1.34,1.37
2015.07.06 12:37:01.081,1.47215,1.47248,1.34,1.12
2015.07.06 12:37:01.183,1.47217,1.4725,1.34,1.50
2015.07.06 12:37:01.649,1.4722,1.47251,1.00,1.00
2015.07.06 12:37:01.954,1.47221,1.47254,1.00,1.00
2015.07.06 12:37:02.056,1.47223,1.47257,1.00,1.00
2015.07.06 12:37:03.371,1.47223,1.47257,1.00,1.37
2015.07.06 12:37:04.173,1.47223,1.47257,1.00,1.37
2015.07.06 12:37:08.445,1.47225,1.47257,1.00,1.37
2015.07.06 12:37:10.786,1.47225,1.47259,1.00,2.25
2015.07.06 12:37:10.888,1.47223,1.47259,1.50,2.25
2015.07.06 12:37:10.990,1.47226,1.47259,1.00,2.25
2015.07.06 12:37:11.683,1.47223,1.47259,1.50,2.25
2015.07.06 12:37:11.886,1.47225,1.47259,1.00,2.25
2015.07.06 12:37:12.746,1.47223,1.47259,1.50,2.25
2015.07.06 12:37:13.945,1.47225,1.47259,1.00,2.25
2015.07.06 12:37:15.714,1.47223,1.47259,1.50,2.25
2015.07.06 12:37:16.883,1.47223,1.47259,1.50,2.25
2015.07.06 12:37:18.770,1.47223,1.47259,1.50,1.87
2015.07.06 12:37:18.872,1.47227,1.47259,1.00,1.37
2015.07.06 12:37:19.076,1.47223,1.47259,1.84,1.50
2015.07.06 12:37:19.932,1.47227,1.47259,1.00,1.50
2015.07.06 12:37:19.984,1.47229,1.47259,1.00,1.00
2015.07.06 12:37:20.137,1.47229,1.47262,1.00,1.00
2015.07.06 12:37:23.895,1.4723,1.47262,1.00,1.00
2015.07.06 12:37:23.997,1.47233,1.47264,1.00,1.00
2015.07.06 12:37:24.327,1.47235,1.47266,1.37,1.12
2015.07.06 12:37:31.154,1.47235,1.4727,1.37,2.62
2015.07.06 12:37:32.106,1.47235,1.4727,1.37,3.37
2015.07.06 12:37:32.462,1.47235,1.47268,1.00,1.12
2015.07.06 12:37:32.615,1.47232,1.47266,1.00,1.00
2015.07.06 12:37:34.756,1.47232,1.47264,1.00,1.00
2015.07.06 12:37:36.816,1.47232,1.47264,1.00,1.37
2015.07.06 12:37:42.163,1.4723,1.47265,1.37,1.75
2015.07.06 12:37:43.748,1.47234,1.47265,1.00,1.75
2015.07.06 12:37:44.023,1.4723,1.47265,1.87,1.75
2015.07.06 12:37:44.654,1.4723,1.47265,1.87,1.75
2015.07.06 12:37:45.512,1.4723,1.47265,1.87,1.75
2015.07.06 12:37:47.384,1.4723,1.47265,1.87,1.75
2015.07.06 12:37:50.630,1.47233,1.47265,1.00,1.75
2015.07.06 12:37:51.206,1.47233,1.47264,1.00,1.75
2015.07.06 12:37:54.372,1.47233,1.47264,1.50,1.75
2015.07.06 12:37:54.678,1.47234,1.47268,1.09,1.12
2015.07.06 12:37:54.831,1.47238,1.47268,1.50,1.12
2015.07.06 12:37:55.075,1.47238,1.47267,1.50,1.00
2015.07.06 12:37:55.996,1.47238,1.47269,1.50,1.75
2015.07.06 12:37:56.922,1.47238,1.47268,1.50,1.12
2015.07.06 12:37:57.076,1.47234,1.4726,1.09,1.00
2015.07.06 12:37:57.589,1.47231,1.47264,1.00,1.50
2015.07.06 12:37:57.833,1.47233,1.47267,1.87,1.46
2015.07.06 12:37:58.353,1.47234,1.47268,1.00,1.87
2015.07.06 12:37:59.538,1.47234,1.47266,1.00,1.50
2015.07.06 12:38:00.040,1.47233,1.47266,1.12,1.50
2015.07.06 12:38:00.192,1.47233,1.47266,1.87,1.37
2015.07.06 12:38:00.360,1.47235,1.47268,1.00,1.37
2015.07.06 12:38:01.401,1.47235,1.47269,1.50,1.37
2015.07.06 12:38:01.917,1.47236,1.47271,1.00,1.87
2015.07.06 12:38:05.281,1.47237,1.47269,1.00,1.37
2015.07.06 12:38:05.787,1.47235,1.4727,1.37,1.75
2015.07.06 12:38:06.841,1.47235,1.47271,1.50,1.75
2015.07.06 12:38:09.415,1.47235,1.47271,1.50,1.87
2015.07.06 12:38:10.215,1.47235,1.4727,1.87,1.37
2015.07.06 12:38:10.316,1.47235,1.4727,2.21,1.37
2015.07.06 12:38:10.520,1.47239,1.47271,1.09,1.00
2015.07.06 12:38:10.624,1.47241,1.47272,1.50,1.00
2015.07.06 12:38:11.040,1.47246,1.47276,1.00,1.00
2015.07.06 12:38:11.578,1.47247,1.47276,1.09,1.00
2015.07.06 12:38:11.680,1.47247,1.47279,1.09,1.00
2015.07.06 12:38:11.934,1.47247,1.47279,1.84,1.00
2015.07.06 12:38:12.740,1.47247,1.47279,1.84,1.37
2015.07.06 12:38:14.887,1.47247,1.47279,1.46,1.37
2015.07.06 12:38:16.140,1.47246,1.47279,1.84,1.50
2015.07.06 12:38:16.547,1.47246,1.47279,1.34,1.75
2015.07.06 12:38:17.242,1.47246,1.47279,1.34,1.75
2015.07.06 12:38:18.415,1.47246,1.47279,1.84,1.50
2015.07.06 12:38:18.851,1.47246,1.47278,1.84,1.37
2015.07.06 12:38:18.903,1.4725,1.47281,1.00,1.12
2015.07.06 12:38:19.056,1.4725,1.47282,1.00,1.75
2015.07.06 12:38:19.463,1.47248,1.47282,1.00,1.50
2015.07.06 12:38:19.514,1.47248,1.47282,1.00,1.12
2015.07.06 12:38:19.827,1.4725,1.47282,1.84,1.37
2015.07.06 12:38:20.079,1.47252,1.47283,1.34,1.50
2015.07.06 12:38:22.552,1.47251,1.47286,2.59,1.00
2015.07.06 12:38:22.603,1.47251,1.47286,1.50,1.00
2015.07.06 12:38:23.113,1.47251,1.47286,1.50,1.37
2015.07.06 12:38:23.903,1.47251,1.47285,1.50,1.50
2015.07.06 12:38:24.318,1.47255,1.47285,1.00,1.50
2015.07.06 12:38:24.420,1.47251,1.47281,1.50,1.00
2015.07.06 12:38:26.728,1.47251,1.47284,1.50,2.25
2015.07.06 12:38:27.102,1.47251,1.47284,1.50,2.25
2015.07.06 12:38:27.717,1.47251,1.4728,1.50,1.37
2015.07.06 12:38:27.819,1.47246,1.4728,1.00,1.12
2015.07.06 12:38:28.212,1.47246,1.47276,1.00,1.50
2015.07.06 12:38:28.315,1.4724,1.47274,3.75,1.37
2015.07.06 12:38:28.717,1.4724,1.47271,1.00,1.00
2015.07.06 12:38:29.456,1.4724,1.47271,1.84,1.00
2015.07.06 12:38:29.508,1.4724,1.47276,2.59,3.00
2015.07.06 12:38:29.610,1.4724,1.47274,2.59,1.87
2015.07.06 12:38:29.917,1.4724,1.47273,1.84,1.12
2015.07.06 12:38:30.532,1.4724,1.47273,1.34,2.25
2015.07.06 12:38:31.128,1.4724,1.47272,1.00,1.12
2015.07.06 12:38:31.230,1.47237,1.4727,1.00,2.25
2015.07.06 12:38:31.333,1.47236,1.4727,1.00,1.87
2015.07.06 12:38:31.384,1.47239,1.4727,1.00,1.12
2015.07.06 12:38:31.905,1.47239,1.47269,1.00,1.00
2015.07.06 12:38:33.325,1.47239,1.47267,1.00,1.12
2015.07.06 12:38:33.428,1.47235,1.47267,1.00,1.50
2015.07.06 12:38:33.937,1.47234,1.47269,2.25,1.87
2015.07.06 12:38:35.061,1.47234,1.47269,2.25,2.25
2015.07.06 12:38:47.334,1.47235,1.47268,1.00,1.87
2015.07.06 12:38:48.813,1.47234,1.47268,1.50,2.25
2015.07.06 12:38:49.324,1.47235,1.47268,1.00,1.87
2015.07.06 12:38:50.385,1.47235,1.47268,1.00,1.87
2015.07.06 12:38:50.776,1.47235,1.47268,1.00,1.50
2015.07.06 12:38:55.022,1.47234,1.47268,1.00,1.87
2015.07.06 12:38:59.380,1.47235,1.47268,1.00,1.37
2015.07.06 12:38:59.431,1.47235,1.47268,1.00,1.37
2015.07.06 12:38:59.536,1.47238,1.47268,1.00,1.37
2015.07.06 12:38:59.638,1.47238,1.47268,1.00,1.37
2015.07.06 12:38:59.740,1.4724,1.47268,1.00,1.12
2015.07.06 12:39:00.234,1.47245,1.47268,1.00,1.00
2015.07.06 12:39:00.336,1.47245,1.47277,1.00,1.75
2015.07.06 12:39:00.796,1.47245,1.47275,1.84,1.37
2015.07.06 12:39:01.100,1.47249,1.47277,2.25,1.50
2015.07.06 12:39:01.531,1.47249,1.47277,2.25,1.00
2015.07.06 12:39:02.292,1.47249,1.47278,2.25,1.00
2015.07.06 12:39:03.643,1.47249,1.47279,1.50,1.12
2015.07.06 12:39:04.156,1.47249,1.4728,1.50,2.25
2015.07.06 12:39:04.635,1.47249,1.47279,1.50,1.37
2015.07.06 12:39:04.951,1.47249,1.47279,1.50,1.87
2015.07.06 12:39:08.489,1.47249,1.47268,1.50,1.09
2015.07.06 12:39:08.592,1.47237,1.4727,1.37,1.00
2015.07.06 12:39:08.644,1.47236,1.47267,1.00,1.09
2015.07.06 12:39:08.862,1.47233,1.47268,1.00,2.59
2015.07.06 12:39:09.066,1.47233,1.47265,1.50,1.00
2015.07.06 12:39:09.226,1.47233,1.47268,1.50,1.84
2015.07.06 12:39:09.419,1.47235,1.47265,1.00,1.00
2015.07.06 12:39:09.834,1.47233,1.47267,1.50,1.46
2015.07.06 12:39:10.087,1.47233,1.47264,1.00,1.00
2015.07.06 12:39:10.192,1.47233,1.47267,1.50,1.46
2015.07.06 12:39:10.908,1.47233,1.47264,1.00,1.00
2015.07.06 12:39:10.959,1.47227,1.47262,1.37,1.00
2015.07.06 12:39:11.011,1.47227,1.4726,1.37,1.00
2015.07.06 12:39:11.892,1.47227,1.4726,1.00,1.87
2015.07.06 12:39:12.435,1.47227,1.47259,1.00,1.00
2015.07.06 12:39:12.945,1.47227,1.4726,1.00,1.87
2015.07.06 12:39:13.452,1.47227,1.47256,1.00,1.00
2015.07.06 12:39:13.780,1.47227,1.47254,1.00,1.00
2015.07.06 12:39:13.832,1.47227,1.47256,1.00,1.00
2015.07.06 12:39:14.653,1.47227,1.47254,1.00,1.00
2015.07.06 12:39:14.704,1.47223,1.47254,1.00,1.37
2015.07.06 12:39:14.756,1.47221,1.4725,1.00,1.00
2015.07.06 12:39:14.807,1.47219,1.4725,1.00,1.50
2015.07.06 12:39:14.858,1.47216,1.4725,1.12,1.50
2015.07.06 12:39:14.910,1.47216,1.47248,1.12,1.00
2015.07.06 12:39:15.215,1.47206,1.47236,1.00,1.00
2015.07.06 12:39:15.266,1.47204,1.47236,1.00,1.00
2015.07.06 12:39:15.368,1.47204,1.47234,1.00,1.00
2015.07.06 12:39:15.470,1.47202,1.47236,1.00,1.50
2015.07.06 12:39:15.770,1.472,1.47234,2.25,1.00
2015.07.06 12:39:16.076,1.47202,1.47229,1.50,1.00
2015.07.06 12:39:16.127,1.47202,1.47234,1.50,1.00
2015.07.06 12:39:16.178,1.47205,1.47234,1.00,1.00
2015.07.06 12:39:16.586,1.47205,1.47239,1.50,1.50
2015.07.06 12:39:16.637,1.47207,1.47239,1.00,1.50
2015.07.06 12:39:17.442,1.4721,1.47239,1.00,1.00
2015.07.06 12:39:17.747,1.47206,1.47239,1.00,1.00
2015.07.06 12:39:17.799,1.47206,1.47239,1.00,1.34
2015.07.06 12:39:18.428,1.47205,1.47235,1.00,1.09
2015.07.06 12:39:19.193,1.47209,1.47238,1.50,1.34
2015.07.06 12:39:19.842,1.47209,1.4724,1.50,1.00
2015.07.06 12:39:20.096,1.47211,1.47243,1.00,1.09
2015.07.06 12:39:20.403,1.47214,1.47244,1.00,1.71
2015.07.06 12:39:20.606,1.4721,1.47244,1.00,1.71
2015.07.06 12:39:21.012,1.4721,1.47244,1.00,1.84
2015.07.06 12:39:21.521,1.47209,1.47243,1.50,1.09
2015.07.06 12:39:22.593,1.47209,1.47239,1.50,1.00
2015.07.06 12:39:23.631,1.47205,1.47235,1.00,1.00
2015.07.06 12:39:23.886,1.472,1.47234,1.00,1.00
2015.07.06 12:39:24.841,1.47201,1.47235,1.00,1.00
2015.07.06 12:39:24.893,1.47203,1.47236,1.50,1.00
2015.07.06 12:39:25.532,1.47203,1.47236,1.50,1.46
2015.07.06 12:39:25.634,1.472,1.47234,1.00,1.00
2015.07.06 12:39:26.259,1.47199,1.47233,1.00,1.00
2015.07.06 12:39:27.911,1.47195,1.47228,1.00,1.00
2015.07.06 12:39:28.287,1.47194,1.47224,1.00,1.84
2015.07.06 12:39:28.491,1.47189,1.47223,1.50,1.34
2015.07.06 12:39:29.343,1.47189,1.47225,1.50,1.12
2015.07.06 12:39:29.496,1.47194,1.47226,1.00,1.00
2015.07.06 12:39:30.025,1.47194,1.47229,1.50,1.34
2015.07.06 12:39:31.545,1.47203,1.4723,1.00,1.34
2015.07.06 12:39:32.281,1.47203,1.4723,1.00,1.12
2015.07.06 12:39:32.906,1.47202,1.47234,1.00,1.50
2015.07.06 12:39:32.957,1.47199,1.47234,1.00,3.00
2015.07.06 12:39:33.471,1.47199,1.47229,1.00,1.00
2015.07.06 12:39:36.684,1.47199,1.47224,1.00,1.00
2015.07.06 12:39:37.633,1.47199,1.4723,1.00,1.46
2015.07.06 12:39:37.685,1.47199,1.47233,1.00,1.75
2015.07.06 12:39:37.786,1.47199,1.47229,1.00,1.00
2015.07.06 12:39:38.092,1.47202,1.47234,1.50,1.37
2015.07.06 12:39:38.347,1.47191,1.47224,1.50,1.00
2015.07.06 12:39:38.598,1.47191,1.47219,1.00,1.00
2015.07.06 12:39:38.700,1.47191,1.47225,1.00,1.00
2015.07.06 12:39:38.802,1.47191,1.4722,1.00,1.34
2015.07.06 12:39:41.856,1.47184,1.47214,1.50,1.00
2015.07.06 12:39:43.720,1.47184,1.47219,1.50,2.21
2015.07.06 12:39:43.822,1.47191,1.47219,1.00,2.21
2015.07.06 12:39:45.058,1.47191,1.47219,1.00,1.00
2015.07.06 12:39:45.160,1.47191,1.47226,2.59,1.37
2015.07.06 12:39:45.212,1.47191,1.47226,2.96,1.00
2015.07.06 12:39:45.265,1.47196,1.47231,1.34,1.37
2015.07.06 12:39:45.520,1.47202,1.47231,1.00,1.37
2015.07.06 12:39:45.825,1.47202,1.4723,1.00,1.12
2015.07.06 12:39:46.389,1.47202,1.47231,1.00,1.12
2015.07.06 12:39:46.593,1.47202,1.4723,1.00,1.00
2015.07.06 12:39:47.363,1.47202,1.47233,1.00,1.00
2015.07.06 12:39:47.819,1.47202,1.4723,1.00,1.00
2015.07.06 12:39:48.872,1.47202,1.47234,1.00,1.87
2015.07.06 12:39:49.223,1.47202,1.47229,1.00,1.50
2015.07.06 12:39:49.274,1.47197,1.47229,1.46,1.00
2015.07.06 12:39:49.325,1.472,1.47231,1.84,1.12
2015.07.06 12:39:49.733,1.47203,1.47235,1.34,1.50
2015.07.06 12:39:52.405,1.47203,1.47234,1.34,1.00
2015.07.06 12:39:52.887,1.47203,1.47234,1.00,1.00
2015.07.06 12:39:55.962,1.47207,1.47234,1.00,1.00
2015.07.06 12:39:56.642,1.47208,1.47234,1.00,1.00
2015.07.06 12:39:57.161,1.47208,1.47237,1.00,1.75
2015.07.06 12:39:57.693,1.47208,1.47234,1.00,1.00
2015.07.06 12:39:58.410,1.47208,1.47237,1.00,1.75
2015.07.06 12:39:58.719,1.47208,1.4723,1.00,1.37
2015.07.06 12:39:58.872,1.47202,1.4723,1.00,1.37
2015.07.06 12:39:59.233,1.47195,1.4723,1.00,1.37
2015.07.06 12:39:59.284,1.47195,1.47224,1.00,1.00
2015.07.06 12:39:59.591,1.472,1.47224,1.00,1.00
2015.07.06 12:39:59.693,1.47201,1.4723,1.00,1.37
2015.07.06 12:39:59.846,1.47201,1.47225,1.00,1.00
2015.07.06 12:40:00.920,1.47201,1.47224,1.00,1.00
2015.07.06 12:40:01.022,1.47201,1.47229,1.00,1.37
2015.07.06 12:40:01.642,1.47201,1.47229,1.00,1.00
2015.07.06 12:40:01.693,1.47197,1.4723,1.00,1.00
2015.07.06 12:40:02.228,1.47197,1.47229,1.00,2.62
2015.07.06 12:40:02.879,1.47197,1.47229,1.00,2.62
2015.07.06 12:40:02.934,1.47197,1.47224,1.00,1.00
2015.07.06 12:40:03.138,1.47197,1.47229,1.00,2.25
2015.07.06 12:40:03.291,1.472,1.47229,1.00,2.25
2015.07.06 12:40:03.799,1.47201,1.47229,1.00,2.25
2015.07.06 12:40:04.710,1.47201,1.47229,1.00,1.87
2015.07.06 12:40:04.964,1.47201,1.47233,1.00,2.21
2015.07.06 12:40:06.885,1.47201,1.4723,1.00,1.46
2015.07.06 12:40:08.866,1.47201,1.47225,1.00,1.00
2015.07.06 12:40:08.968,1.47193,1.47225,1.50,1.00
2015.07.06 12:40:09.492,1.47193,1.47224,1.50,1.00
2015.07.06 12:40:11.819,1.47193,1.47225,1.50,1.00
2015.07.06 12:40:11.871,1.47199,1.47225,1.00,1.00
2015.07.06 12:40:11.922,1.47199,1.47229,1.00,1.37
2015.07.06 12:40:12.075,1.47203,1.47229,1.00,1.37
2015.07.06 12:40:12.596,1.47197,1.47229,1.00,1.87
2015.07.06 12:40:15.791,1.47197,1.47229,1.50,1.50
2015.07.06 12:40:15.842,1.472,1.47229,1.00,1.12
2015.07.06 12:40:16.047,1.47197,1.47229,1.00,2.25
2015.07.06 12:40:16.301,1.47197,1.47225,1.00,1.00
2015.07.06 12:40:16.861,1.47197,1.4723,1.00,2.59
2015.07.06 12:40:16.912,1.47202,1.4723,1.00,2.59
2015.07.06 12:40:17.116,1.47196,1.4723,1.00,2.59
2015.07.06 12:40:17.828,1.47196,1.47229,1.00,1.87
2015.07.06 12:40:18.135,1.47196,1.47226,1.00,1.87
2015.07.06 12:40:18.187,1.47194,1.47224,1.00,3.75
2015.07.06 12:40:18.238,1.47189,1.47224,1.00,3.75
2015.07.06 12:40:18.751,1.47189,1.47224,1.00,3.75
2015.07.06 12:40:18.853,1.47192,1.47224,1.00,2.25
2015.07.06 12:40:18.904,1.47192,1.47224,1.00,2.25
2015.07.06 12:40:19.007,1.47189,1.47224,1.00,3.00
2015.07.06 12:40:19.058,1.47189,1.47224,1.00,3.34
2015.07.06 12:40:20.821,1.47189,1.47219,1.00,1.00
2015.07.06 12:40:21.128,1.47197,1.47219,1.50,1.00
2015.07.06 12:40:21.383,1.47197,1.47224,1.50,1.87
2015.07.06 12:40:21.485,1.47197,1.47224,1.50,2.25
2015.07.06 12:40:21.536,1.47191,1.47223,1.00,1.75
2015.07.06 12:40:22.215,1.47191,1.47221,1.00,1.50
2015.07.06 12:40:22.318,1.47189,1.47221,1.00,1.75
2015.07.06 12:40:22.522,1.47188,1.47217,1.00,1.37
2015.07.06 12:40:22.726,1.47188,1.47217,1.00,1.50
2015.07.06 12:40:23.236,1.47188,1.47217,1.00,1.75
2015.07.06 12:40:23.497,1.47188,1.47217,1.00,1.37
2015.07.06 12:40:23.549,1.4719,1.47217,1.00,1.37
2015.07.06 12:40:23.882,1.47192,1.47219,1.00,2.25
2015.07.06 12:40:23.941,1.4719,1.47219,1.00,2.25
2015.07.06 12:40:24.094,1.47192,1.47219,1.00,1.75
2015.07.06 12:40:24.400,1.47192,1.47219,1.00,1.37
2015.07.06 12:40:24.698,1.47194,1.47219,1.00,1.50
2015.07.06 12:40:24.749,1.47192,1.47219,1.50,1.50
2015.07.06 12:40:25.515,1.47192,1.47219,1.00,1.37
2015.07.06 12:40:27.118,1.47192,1.47219,1.00,1.37
2015.07.06 12:40:27.433,1.47192,1.47219,1.00,1.37
2015.07.06 12:40:28.956,1.47192,1.4722,1.00,1.37
2015.07.06 12:40:29.215,1.47193,1.47224,1.50,2.21
2015.07.06 12:40:29.317,1.47195,1.47224,1.00,1.84
2015.07.06 12:40:29.623,1.47199,1.47224,1.00,1.34
2015.07.06 12:40:29.893,1.47197,1.47224,1.00,1.34
2015.07.06 12:40:31.002,1.47199,1.47224,1.00,1.34
2015.07.06 12:40:31.154,1.472,1.47224,1.50,1.00
2015.07.06 12:40:31.308,1.472,1.47229,2.62,1.50
2015.07.06 12:40:31.359,1.47206,1.47229,1.00,1.37
2015.07.06 12:40:31.660,1.47208,1.47234,1.00,1.12
2015.07.06 12:40:31.842,1.47207,1.47237,1.50,1.00
2015.07.06 12:40:31.943,1.47207,1.47234,1.50,1.00
2015.07.06 12:40:32.248,1.47211,1.47234,1.00,1.00
2015.07.06 12:40:32.918,1.47209,1.47235,1.00,1.37
2015.07.06 12:40:33.468,1.4721,1.47235,1.00,1.37
2015.07.06 12:40:34.017,1.4721,1.47235,1.00,1.37
2015.07.06 12:40:34.520,1.47208,1.47235,1.00,1.37
2015.07.06 12:40:35.177,1.47209,1.47234,1.00,1.37
2015.07.06 12:40:35.712,1.47209,1.47234,1.00,1.12
2015.07.06 12:40:36.234,1.47209,1.47234,1.00,1.37
2015.07.06 12:40:37.117,1.47209,1.47234,1.00,1.00
2015.07.06 12:40:37.168,1.47213,1.47234,1.00,1.00
2015.07.06 12:40:37.270,1.4721,1.47234,1.00,1.00
2015.07.06 12:40:37.929,1.47211,1.47235,1.00,1.12
2015.07.06 12:40:38.031,1.47209,1.47235,1.00,1.12
2015.07.06 12:40:38.133,1.47207,1.47235,1.50,1.12
2015.07.06 12:40:38.350,1.47207,1.47235,1.50,1.37
2015.07.06 12:40:38.736,1.47207,1.47235,1.50,1.37
2015.07.06 12:40:39.244,1.47202,1.47233,1.00,1.37
2015.07.06 12:40:39.660,1.47202,1.47234,1.50,1.37
2015.07.06 12:40:40.163,1.47203,1.47235,1.00,3.75
2015.07.06 12:40:40.266,1.47201,1.47232,1.00,1.37
2015.07.06 12:40:40.317,1.47201,1.47232,1.00,2.25
2015.07.06 12:40:40.521,1.47199,1.47229,1.00,1.75
2015.07.06 12:40:40.761,1.47194,1.47228,1.00,1.75
2015.07.06 12:40:40.820,1.47194,1.47225,1.00,1.00
2015.07.06 12:40:40.922,1.47194,1.47229,1.00,2.25
2015.07.06 12:40:41.226,1.47194,1.47226,1.00,1.00
2015.07.06 12:40:41.328,1.47194,1.47228,1.00,1.00
2015.07.06 12:40:41.430,1.47194,1.47224,1.00,1.00
2015.07.06 12:40:41.773,1.47198,1.47224,1.00,1.00
2015.07.06 12:40:42.288,1.47197,1.47224,1.00,1.00
2015.07.06 12:40:44.063,1.47202,1.4723,1.00,2.25
2015.07.06 12:40:44.331,1.472,1.4723,1.00,3.00
2015.07.06 12:40:44.433,1.47205,1.4723,1.00,1.87
2015.07.06 12:40:44.938,1.47204,1.47229,1.00,1.00
2015.07.06 12:40:44.990,1.47201,1.47229,1.50,1.00
2015.07.06 12:40:45.793,1.47201,1.4723,1.00,1.00
2015.07.06 12:40:46.391,1.47201,1.4723,1.50,1.37
2015.07.06 12:40:47.056,1.47201,1.4723,1.00,1.87
2015.07.06 12:40:47.374,1.47201,1.4723,1.00,1.37
2015.07.06 12:40:47.680,1.47201,1.4723,1.00,1.75
2015.07.06 12:40:47.934,1.47199,1.4723,1.00,1.75
2015.07.06 12:40:48.189,1.47197,1.47229,1.00,1.09
2015.07.06 12:40:48.291,1.47195,1.47227,1.00,1.00
2015.07.06 12:40:48.342,1.47195,1.47225,1.00,1.00
2015.07.06 12:40:48.672,1.47194,1.47223,1.00,1.12
2015.07.06 12:40:49.002,1.47195,1.47223,1.00,1.87
2015.07.06 12:40:49.538,1.47194,1.47223,1.00,1.87
2015.07.06 12:40:50.383,1.47195,1.47223,1.00,1.87
2015.07.06 12:40:50.972,1.47194,1.47223,1.00,1.87
2015.07.06 12:40:51.629,1.47198,1.47224,1.00,3.00
2015.07.06 12:40:51.917,1.47198,1.47224,1.00,1.87
2015.07.06 12:40:52.654,1.47198,1.47224,1.00,1.50
2015.07.06 12:40:53.106,1.47201,1.47226,1.00,1.12
2015.07.06 12:40:53.626,1.472,1.47226,1.00,1.12
2015.07.06 12:40:54.174,1.472,1.47229,1.00,1.87
2015.07.06 12:40:55.535,1.47204,1.4723,1.84,1.87
2015.07.06 12:40:55.791,1.47208,1.47233,1.34,1.00
2015.07.06 12:40:55.906,1.47208,1.4724,1.34,2.25
2015.07.06 12:40:56.270,1.47212,1.47241,1.00,1.00
2015.07.06 12:40:56.586,1.47214,1.47246,1.00,1.12
2015.07.06 12:40:56.637,1.47218,1.47246,1.00,1.12
2015.07.06 12:40:56.831,1.47215,1.47246,1.00,1.12
2015.07.06 12:40:57.137,1.47216,1.47246,1.00,1.37
2015.07.06 12:40:57.660,1.47212,1.47244,1.00,1.37
2015.07.06 12:40:57.712,1.4721,1.47242,1.50,1.37
2015.07.06 12:40:57.864,1.4721,1.4724,1.50,1.37
2015.07.06 12:40:58.392,1.47209,1.47239,1.09,1.37
2015.07.06 12:40:58.697,1.47209,1.4724,1.09,1.37
2015.07.06 12:40:59.402,1.47206,1.47239,2.59,1.37
2015.07.06 12:40:59.948,1.47207,1.4724,1.34,1.37
2015.07.06 12:41:01.424,1.47206,1.4724,2.59,2.25
2015.07.06 12:41:02.792,1.47209,1.47239,1.09,1.75
2015.07.06 12:41:02.894,1.47206,1.4724,1.50,1.87
2015.07.06 12:41:03.404,1.47205,1.47237,1.00,1.75
2015.07.06 12:41:04.129,1.47203,1.47234,1.00,1.37
2015.07.06 12:41:04.684,1.47203,1.47234,1.00,1.37
2015.07.06 12:41:05.193,1.47203,1.47234,1.00,1.37
2015.07.06 12:41:05.917,1.47202,1.47235,1.50,1.50
2015.07.06 12:41:06.121,1.47202,1.47235,1.50,1.87
2015.07.06 12:41:06.624,1.47203,1.47234,1.00,1.37
2015.07.06 12:41:06.930,1.47202,1.47229,2.25,1.00
2015.07.06 12:41:07.934,1.47202,1.47234,2.25,1.37
2015.07.06 12:41:08.439,1.47202,1.47234,2.25,1.37
2015.07.06 12:41:09.024,1.47203,1.47234,1.00,1.37
2015.07.06 12:41:10.444,1.47203,1.47229,1.00,1.00
2015.07.06 12:41:10.766,1.47203,1.47234,1.00,1.37
2015.07.06 12:41:10.820,1.47206,1.47234,1.00,1.00
2015.07.06 12:41:11.284,1.47208,1.47234,1.00,1.00
2015.07.06 12:41:12.312,1.47206,1.47234,1.00,1.00
2015.07.06 12:41:13.305,1.47208,1.47234,1.00,1.00
2015.07.06 12:41:14.491,1.47208,1.47235,1.00,1.00
2015.07.06 12:41:15.713,1.47208,1.47238,1.00,1.37
2015.07.06 12:41:16.192,1.4721,1.4724,1.00,1.50
2015.07.06 12:41:16.345,1.47208,1.4724,1.50,1.50
2015.07.06 12:41:16.701,1.47205,1.47239,1.00,1.37
2015.07.06 12:41:16.854,1.47207,1.47239,1.00,1.37
2015.07.06 12:41:17.409,1.47206,1.47238,1.00,1.37
2015.07.06 12:41:19.170,1.47205,1.47238,1.00,1.37
2015.07.06 12:41:20.142,1.47203,1.47238,1.00,1.87
2015.07.06 12:41:20.350,1.47203,1.47239,1.84,1.00
2015.07.06 12:41:20.553,1.47205,1.4724,1.00,2.25
2015.07.06 12:41:21.224,1.47205,1.47238,1.00,1.00
2015.07.06 12:41:21.275,1.47203,1.47237,1.09,1.00
2015.07.06 12:41:21.541,1.47203,1.47232,1.09,1.50
2015.07.06 12:41:22.065,1.47204,1.47232,1.00,1.50
2015.07.06 12:41:22.116,1.47204,1.47235,1.00,1.00
2015.07.06 12:41:22.472,1.47206,1.47235,1.00,1.00
2015.07.06 12:41:23.822,1.47204,1.47235,1.00,1.00
2015.07.06 12:41:23.924,1.47207,1.47235,1.50,1.00
2015.07.06 12:41:24.077,1.47208,1.47238,1.34,1.00
2015.07.06 12:41:24.457,1.47211,1.47239,1.00,1.00
2015.07.06 12:41:24.661,1.47211,1.47243,1.00,1.37
2015.07.06 12:41:25.220,1.47212,1.47243,1.00,1.37
2015.07.06 12:41:25.671,1.4721,1.47243,2.25,1.37
2015.07.06 12:41:26.206,1.47212,1.47243,1.00,1.37
2015.07.06 12:41:26.754,1.47212,1.47243,1.00,1.00
2015.07.06 12:41:27.307,1.47214,1.47243,1.00,1.00
2015.07.06 12:41:27.511,1.47214,1.47246,1.00,1.12
2015.07.06 12:41:27.563,1.47217,1.47246,1.00,1.12
2015.07.06 12:41:27.767,1.47217,1.47248,1.00,1.00
2015.07.06 12:41:28.423,1.47218,1.47249,1.50,1.00
2015.07.06 12:41:28.732,1.47219,1.47254,1.50,2.25
2015.07.06 12:41:29.242,1.4722,1.47254,1.00,2.25
2015.07.06 12:41:29.846,1.47221,1.47254,1.50,1.00
2015.07.06 12:41:31.923,1.47223,1.47254,1.00,1.00
2015.07.06 12:41:32.229,1.47225,1.47254,1.00,1.50
2015.07.06 12:41:32.281,1.47223,1.47254,1.00,1.50
2015.07.06 12:41:32.836,1.47224,1.47254,1.00,1.50
2015.07.06 12:41:33.039,1.47226,1.47254,1.00,1.50
2015.07.06 12:41:33.345,1.47226,1.47255,1.00,1.12
2015.07.06 12:41:33.548,1.47224,1.47254,1.00,2.25
2015.07.06 12:41:33.916,1.4722,1.47254,1.84,2.25
2015.07.06 12:41:33.972,1.4722,1.47249,1.84,1.00
2015.07.06 12:41:34.380,1.47224,1.47249,1.00,1.00
2015.07.06 12:41:34.431,1.47224,1.47255,1.00,1.75
2015.07.06 12:41:34.583,1.47224,1.47255,1.50,1.00
2015.07.06 12:41:34.787,1.47226,1.47255,1.00,1.00
2015.07.06 12:41:35.349,1.47225,1.47255,1.00,1.00
2015.07.06 12:41:37.111,1.47224,1.47255,1.00,1.00
2015.07.06 12:41:37.417,1.47224,1.47253,1.00,1.75
2015.07.06 12:41:37.469,1.4722,1.47251,1.84,1.37
2015.07.06 12:41:37.571,1.4722,1.47248,1.00,1.37
2015.07.06 12:41:37.622,1.47218,1.47248,1.00,1.37
2015.07.06 12:41:37.936,1.47217,1.47245,1.00,1.37
2015.07.06 12:41:38.259,1.47213,1.47245,1.37,1.37
2015.07.06 12:41:38.769,1.47213,1.47245,1.00,1.37
2015.07.06 12:41:40.134,1.47212,1.47245,1.00,1.37
2015.07.06 12:41:40.236,1.47212,1.47245,1.00,1.50
2015.07.06 12:41:40.887,1.47212,1.47244,1.00,1.37
2015.07.06 12:41:41.193,1.47209,1.47244,1.09,3.00
2015.07.06 12:41:41.535,1.47215,1.47245,1.84,1.00
2015.07.06 12:41:41.587,1.47218,1.47249,1.09,1.75
2015.07.06 12:41:41.689,1.47218,1.4725,1.46,1.00
2015.07.06 12:41:41.740,1.47216,1.47246,1.71,1.00
2015.07.06 12:41:42.617,1.47213,1.47246,1.84,1.00
2015.07.06 12:41:42.924,1.47213,1.47244,1.84,1.00
2015.07.06 12:41:43.593,1.47213,1.47244,1.84,1.37
2015.07.06 12:41:45.275,1.47211,1.47241,1.00,1.50
2015.07.06 12:41:45.378,1.47209,1.47241,1.84,1.87
2015.07.06 12:41:45.728,1.47209,1.47238,1.09,1.50
2015.07.06 12:41:45.780,1.47209,1.47238,1.00,1.37
2015.07.06 12:41:45.831,1.47207,1.47241,1.00,3.00
2015.07.06 12:41:45.934,1.47209,1.47241,2.59,3.00
2015.07.06 12:41:45.985,1.47211,1.47241,1.34,2.25
2015.07.06 12:41:46.647,1.47212,1.47246,1.84,1.50
2015.07.06 12:41:46.955,1.47215,1.47244,1.09,1.00
2015.07.06 12:41:47.058,1.47212,1.47245,1.00,1.00
2015.07.06 12:41:47.109,1.47211,1.47243,1.00,1.00
2015.07.06 12:41:47.314,1.47207,1.4724,1.00,1.00
2015.07.06 12:41:47.822,1.47207,1.47241,1.00,2.62
2015.07.06 12:41:48.180,1.47209,1.47241,1.00,1.12
2015.07.06 12:41:48.486,1.47211,1.47244,1.00,1.37
2015.07.06 12:41:49.046,1.47211,1.47243,1.00,1.12
2015.07.06 12:41:50.776,1.47211,1.47243,1.34,1.37
2015.07.06 12:41:50.827,1.47211,1.47244,1.34,1.75
2015.07.06 12:41:51.357,1.47211,1.47246,2.59,2.25
2015.07.06 12:41:52.974,1.47211,1.47246,1.84,1.87
2015.07.06 12:41:53.280,1.47207,1.47241,1.84,1.37
2015.07.06 12:41:53.600,1.47207,1.47241,1.34,1.75
2015.07.06 12:41:53.901,1.47207,1.47242,1.34,3.37
2015.07.06 12:41:54.413,1.47207,1.47242,1.84,2.62
2015.07.06 12:41:55.608,1.47207,1.47242,1.34,2.62
2015.07.06 12:41:55.965,1.4721,1.47242,1.00,1.37
2015.07.06 12:41:56.017,1.4721,1.47239,1.00,1.75
2015.07.06 12:41:56.069,1.47203,1.47238,2.59,1.50
2015.07.06 12:41:56.222,1.47203,1.47238,2.59,1.00
2015.07.06 12:41:56.273,1.47206,1.47234,1.00,1.00
2015.07.06 12:41:56.531,1.47206,1.4724,1.50,1.00
2015.07.06 12:41:56.583,1.47206,1.47242,1.50,1.00
2015.07.06 12:41:56.685,1.47208,1.47242,1.00,1.50
2015.07.06 12:41:57.720,1.47208,1.47242,1.00,1.75
2015.07.06 12:41:59.430,1.47207,1.47242,1.00,1.75
2015.07.06 12:42:01.037,1.47207,1.47242,1.00,1.75
2015.07.06 12:42:01.952,1.47209,1.47242,1.00,1.75
2015.07.06 12:42:02.490,1.47208,1.47242,1.00,1.75
2015.07.06 12:42:02.904,1.47208,1.47242,1.00,1.75
2015.07.06 12:42:03.645,1.47207,1.47242,1.50,1.75
2015.07.06 12:42:03.899,1.472,1.47234,1.84,1.50
2015.07.06 12:42:04.286,1.47201,1.4723,1.34,2.25
2015.07.06 12:42:06.309,1.47196,1.4723,2.25,2.25
2015.07.06 12:42:06.411,1.47201,1.4723,1.00,2.25
2015.07.06 12:42:06.752,1.47197,1.4723,1.84,3.00
2015.07.06 12:42:06.804,1.47196,1.47227,1.00,1.00
2015.07.06 12:42:06.906,1.47194,1.47226,1.12,1.50
2015.07.06 12:42:07.444,1.47194,1.47227,1.00,1.00
2015.07.06 12:42:07.546,1.47194,1.47229,1.00,1.00
2015.07.06 12:42:08.071,1.47193,1.47229,2.59,1.00
2015.07.06 12:42:08.365,1.47193,1.47228,2.59,1.37
2015.07.06 12:42:08.680,1.47196,1.47229,1.00,1.37
2015.07.06 12:42:08.968,1.47194,1.47229,1.00,1.87
2015.07.06 12:42:09.255,1.47196,1.47229,1.00,1.87
2015.07.06 12:42:09.306,1.47196,1.47229,1.00,1.00
2015.07.06 12:42:09.838,1.47194,1.47229,1.00,1.12
2015.07.06 12:42:09.889,1.47193,1.47229,2.59,1.87
2015.07.06 12:42:10.042,1.47191,1.47223,1.00,1.12
2015.07.06 12:42:10.245,1.47186,1.47223,2.96,1.87
2015.07.06 12:42:10.579,1.47186,1.47219,1.84,1.00
2015.07.06 12:42:11.087,1.47185,1.47219,1.46,1.87
2015.07.06 12:42:11.394,1.47183,1.47215,1.71,1.00
2015.07.06 12:42:11.934,1.47181,1.47214,4.09,1.00
2015.07.06 12:42:12.453,1.47181,1.47215,4.09,1.50
2015.07.06 12:42:14.863,1.47181,1.47216,4.46,1.00
2015.07.06 12:42:15.196,1.47182,1.47214,1.71,1.00
2015.07.06 12:42:15.451,1.47184,1.47217,1.46,1.87
2015.07.06 12:42:15.604,1.47186,1.47219,1.09,1.00
2015.07.06 12:42:15.808,1.47186,1.47221,1.09,1.00
2015.07.06 12:42:15.860,1.47189,1.47222,1.12,1.50
2015.07.06 12:42:16.313,1.47196,1.47222,1.00,1.00
2015.07.06 12:42:16.569,1.47196,1.47227,1.00,1.12
2015.07.06 12:42:16.824,1.47196,1.47227,1.37,1.12
2015.07.06 12:42:17.027,1.47196,1.4723,2.62,1.00
2015.07.06 12:42:17.283,1.47201,1.47232,1.00,1.00
2015.07.06 12:42:17.435,1.47201,1.47236,1.00,2.62
2015.07.06 12:42:17.718,1.472,1.47232,1.50,1.00
2015.07.06 12:42:18.024,1.472,1.47234,1.87,1.50
2015.07.06 12:42:18.075,1.47201,1.47234,1.34,1.00
2015.07.06 12:42:18.381,1.47201,1.47232,1.34,1.00
2015.07.06 12:42:18.534,1.47201,1.47236,1.84,1.37
2015.07.06 12:42:18.816,1.47202,1.47237,1.09,1.50
2015.07.06 12:42:18.969,1.47207,1.4724,1.87,1.37
2015.07.06 12:42:19.517,1.47204,1.47238,1.75,1.00
2015.07.06 12:42:20.218,1.47206,1.47239,1.37,1.50
2015.07.06 12:42:20.437,1.47206,1.47237,1.37,1.00
2015.07.06 12:42:20.880,1.47206,1.47238,1.00,1.00
2015.07.06 12:42:21.040,1.47206,1.47238,1.00,1.37
2015.07.06 12:42:21.512,1.47204,1.47233,1.37,1.00
2015.07.06 12:42:21.980,1.47204,1.47235,1.37,1.00
2015.07.06 12:42:22.083,1.47204,1.47237,1.37,1.50
2015.07.06 12:42:22.591,1.47206,1.47239,1.50,1.00
2015.07.06 12:42:22.933,1.47209,1.47239,1.00,1.50
2015.07.06 12:42:24.813,1.47204,1.47239,1.87,1.50
2015.07.06 12:42:26.447,1.47205,1.47239,1.00,1.00
2015.07.06 12:42:26.549,1.47208,1.47239,1.00,1.00
2015.07.06 12:42:27.076,1.47208,1.4724,1.50,1.00
2015.07.06 12:42:28.143,1.47208,1.47241,1.00,1.87
2015.07.06 12:42:28.653,1.47208,1.47241,1.00,1.87
2015.07.06 12:42:29.266,1.47208,1.47241,1.00,1.12
2015.07.06 12:42:30.571,1.47208,1.47239,1.00,1.00
2015.07.06 12:42:30.922,1.47208,1.47241,1.00,1.12
2015.07.06 12:42:31.329,1.47208,1.47239,1.00,1.50
2015.07.06 12:42:31.631,1.47206,1.47233,1.00,1.00
2015.07.06 12:42:31.987,1.47201,1.47233,1.34,1.00
2015.07.06 12:42:32.560,1.47202,1.47234,1.09,1.50
2015.07.06 12:42:33.061,1.47198,1.47233,1.34,1.50
2015.07.06 12:42:33.112,1.47197,1.47229,1.34,1.00
2015.07.06 12:42:33.469,1.47197,1.47233,1.34,1.50
2015.07.06 12:42:37.548,1.47199,1.47233,1.00,1.00
2015.07.06 12:42:37.753,1.47197,1.47232,1.12,1.50
2015.07.06 12:42:39.697,1.47197,1.47229,1.00,1.00
2015.07.06 12:42:40.280,1.47197,1.47232,1.00,1.00
2015.07.06 12:42:41.077,1.47202,1.47232,1.00,1.00
2015.07.06 12:42:41.128,1.47202,1.47235,1.00,1.00
2015.07.06 12:42:41.652,1.47202,1.47236,1.00,1.00
2015.07.06 12:42:42.181,1.47198,1.47232,1.00,1.50
2015.07.06 12:42:48.762,1.47198,1.47232,2.59,1.50
2015.07.06 12:42:48.915,1.47203,1.47234,1.34,1.00
2015.07.06 12:42:49.256,1.47203,1.47236,1.34,1.00
2015.07.06 12:42:50.365,1.47203,1.4723,1.34,1.00
2015.07.06 12:42:50.912,1.47203,1.47229,1.34,1.00
2015.07.06 12:42:51.361,1.47203,1.47234,1.34,1.00
2015.07.06 12:42:51.717,1.47198,1.47229,2.59,1.00
2015.07.06 12:42:52.347,1.47199,1.47235,1.34,4.50
2015.07.06 12:42:52.449,1.47199,1.47229,1.34,1.00
2015.07.06 12:42:52.767,1.47199,1.47224,1.34,1.00
2015.07.06 12:42:53.460,1.47199,1.47225,1.34,1.00
2015.07.06 12:42:53.665,1.47199,1.47229,1.34,1.12
2015.07.06 12:42:54.903,1.47198,1.4723,1.84,1.00
2015.07.06 12:42:55.423,1.47198,1.47229,1.84,1.50
2015.07.06 12:42:55.785,1.47198,1.47232,1.84,1.00
2015.07.06 12:42:56.619,1.47198,1.4723,1.84,1.00
2015.07.06 12:42:57.176,1.47198,1.47229,1.84,1.00
2015.07.06 12:42:57.677,1.47198,1.47228,1.84,1.00
2015.07.06 12:42:57.840,1.47193,1.47228,1.71,1.00
2015.07.06 12:42:58.281,1.47193,1.47225,1.71,1.00
2015.07.06 12:42:58.588,1.47193,1.47219,1.34,1.00
2015.07.06 12:42:59.074,1.4719,1.47222,1.84,2.25
2015.07.06 12:42:59.279,1.4719,1.4722,1.84,1.00
2015.07.06 12:42:59.381,1.4719,1.47222,1.84,2.25
2015.07.06 12:42:59.635,1.4719,1.4722,1.84,1.00
2015.07.06 12:43:00.510,1.4719,1.47222,1.84,2.25
2015.07.06 12:43:00.714,1.4719,1.4722,1.84,1.00
2015.07.06 12:43:01.939,1.4719,1.47219,1.84,1.00
2015.07.06 12:43:02.041,1.4719,1.47222,1.84,2.25
2015.07.06 12:43:02.143,1.4719,1.4722,1.84,1.00
2015.07.06 12:43:02.661,1.4719,1.47219,1.84,1.00
2015.07.06 12:43:03.263,1.4719,1.47222,1.84,2.62
2015.07.06 12:43:04.003,1.4719,1.47219,1.84,1.00
2015.07.06 12:43:04.580,1.4719,1.4722,1.84,1.00
2015.07.06 12:43:04.682,1.4719,1.47222,1.84,2.62
2015.07.06 12:43:04.784,1.4719,1.47219,1.84,1.00
2015.07.06 12:43:05.457,1.4719,1.47222,1.84,2.62
2015.07.06 12:43:05.802,1.4719,1.4722,1.84,1.00
2015.07.06 12:43:06.349,1.4719,1.47222,1.84,2.25
2015.07.06 12:43:07.965,1.4719,1.47219,1.84,1.00
2015.07.06 12:43:08.178,1.4719,1.47222,1.84,3.37
2015.07.06 12:43:08.488,1.4719,1.4722,1.84,1.00
2015.07.06 12:43:08.794,1.4719,1.47216,1.84,1.00
2015.07.06 12:43:10.596,1.47186,1.47217,1.37,1.00
2015.07.06 12:43:10.647,1.47186,1.4722,1.37,1.00
2015.07.06 12:43:10.800,1.47183,1.47216,1.71,1.00
2015.07.06 12:43:10.851,1.47183,1.47216,1.34,1.00
2015.07.06 12:43:11.205,1.4718,1.4721,2.21,1.00
2015.07.06 12:43:11.816,1.4718,1.47209,2.21,1.00
2015.07.06 12:43:12.411,1.4718,1.4721,2.21,1.00
2015.07.06 12:43:12.463,1.4718,1.47213,2.21,1.00
2015.07.06 12:43:13.133,1.4718,1.47215,2.59,1.00
2015.07.06 12:43:14.002,1.47189,1.47217,1.00,1.00
2015.07.06 12:43:14.053,1.47189,1.47221,1.00,1.50
2015.07.06 12:43:14.307,1.47192,1.47224,1.00,1.00
2015.07.06 12:43:14.613,1.47191,1.47221,1.00,1.00
2015.07.06 12:43:14.883,1.47186,1.47221,2.25,1.00
2015.07.06 12:43:16.322,1.47191,1.47224,1.00,1.00
2015.07.06 12:43:16.678,1.47197,1.47228,1.00,2.25
2015.07.06 12:43:16.780,1.47192,1.47228,1.00,2.25
2015.07.06 12:43:17.972,1.47192,1.47224,1.00,1.00
2015.07.06 12:43:18.227,1.47191,1.47222,1.00,1.00
2015.07.06 12:43:18.738,1.47191,1.47223,1.00,1.00
2015.07.06 12:43:19.083,1.47193,1.47226,1.00,1.37
2015.07.06 12:43:19.388,1.47195,1.47226,1.50,1.37
2015.07.06 12:43:19.540,1.47195,1.47226,1.50,1.00
2015.07.06 12:43:20.290,1.47195,1.47229,1.50,1.50
2015.07.06 12:43:20.392,1.47198,1.47229,1.00,1.50
2015.07.06 12:43:20.698,1.47199,1.47233,1.34,2.25
2015.07.06 12:43:21.054,1.47201,1.47229,1.12,1.00
2015.07.06 12:43:21.846,1.47198,1.47232,1.37,1.12
2015.07.06 12:43:22.355,1.472,1.47233,1.37,1.12
2015.07.06 12:43:23.453,1.472,1.47231,1.37,1.00
2015.07.06 12:43:24.058,1.472,1.47231,1.00,1.00
2015.07.06 12:43:24.574,1.47201,1.47232,1.00,1.00
2015.07.06 12:43:25.091,1.47202,1.47233,1.00,1.00
2015.07.06 12:43:25.396,1.47204,1.47235,1.00,1.00
2015.07.06 12:43:25.862,1.47207,1.47237,1.00,1.00
2015.07.06 12:43:26.218,1.47204,1.47237,1.12,2.25
2015.07.06 12:43:26.422,1.47202,1.47235,1.87,1.00
2015.07.06 12:43:26.727,1.47201,1.4723,1.50,1.00
2015.07.06 12:43:27.120,1.47202,1.4723,1.00,1.50
2015.07.06 12:43:27.522,1.47199,1.47229,1.00,1.00
2015.07.06 12:43:28.026,1.47198,1.47229,1.12,1.00
2015.07.06 12:43:29.489,1.47199,1.47229,1.00,1.00
2015.07.06 12:43:30.696,1.472,1.47229,1.00,1.00
2015.07.06 12:43:32.445,1.47201,1.47229,1.00,1.00
2015.07.06 12:43:32.650,1.47199,1.47228,1.00,1.00
2015.07.06 12:43:32.701,1.47197,1.47228,1.00,1.50
2015.07.06 12:43:32.905,1.47196,1.47225,1.50,1.00
2015.07.06 12:43:33.220,1.47197,1.47227,1.00,1.50
2015.07.06 12:43:33.322,1.47198,1.4723,1.00,1.50
2015.07.06 12:43:34.025,1.47197,1.4723,1.00,3.00
2015.07.06 12:43:34.127,1.47199,1.4723,1.00,3.00
2015.07.06 12:43:34.524,1.47197,1.47228,1.00,1.50
2015.07.06 12:43:35.640,1.47195,1.47228,1.00,1.50
2015.07.06 12:43:36.069,1.47196,1.47226,1.00,1.00
2015.07.06 12:43:36.120,1.47194,1.47226,1.50,1.00
2015.07.06 12:43:36.801,1.47194,1.47225,1.50,1.00
2015.07.06 12:43:37.347,1.47194,1.47226,1.50,1.00
2015.07.06 12:43:37.398,1.47194,1.47229,1.50,1.50
2015.07.06 12:43:38.243,1.47196,1.47229,1.00,1.00
2015.07.06 12:43:38.766,1.472,1.47231,1.00,1.00
2015.07.06 12:43:38.919,1.47195,1.4723,2.25,1.50
2015.07.06 12:43:40.172,1.47196,1.4723,1.00,1.00
2015.07.06 12:43:40.956,1.47202,1.47231,1.00,1.00
2015.07.06 12:43:41.267,1.47201,1.47234,1.50,1.00
2015.07.06 12:43:41.617,1.47203,1.47235,1.00,1.00
2015.07.06 12:43:41.923,1.47202,1.47237,1.34,1.00
2015.07.06 12:43:42.228,1.47208,1.47238,1.00,1.50
2015.07.06 12:43:42.654,1.47202,1.47238,1.09,1.00
2015.07.06 12:43:43.173,1.47206,1.47239,1.09,1.50
2015.07.06 12:43:43.225,1.47206,1.47241,1.09,1.50
2015.07.06 12:43:43.478,1.47206,1.47238,1.09,1.00
2015.07.06 12:43:43.783,1.47212,1.47238,1.00,1.00
2015.07.06 12:43:43.834,1.47212,1.47241,1.00,1.00
2015.07.06 12:43:44.289,1.47206,1.47241,1.09,1.00
2015.07.06 12:43:47.804,1.47211,1.47241,1.00,1.00
2015.07.06 12:43:48.008,1.47205,1.47241,2.59,1.00
2015.07.06 12:43:48.303,1.47205,1.47238,1.84,1.00
2015.07.06 12:43:49.079,1.47206,1.47242,1.09,2.25
2015.07.06 12:43:53.122,1.47206,1.47241,1.09,1.00
2015.07.06 12:43:53.660,1.47206,1.47241,1.00,1.37
2015.07.06 12:43:53.712,1.47202,1.47237,1.37,1.00
2015.07.06 12:43:53.865,1.472,1.47235,1.50,1.00
2015.07.06 12:43:53.917,1.47202,1.47235,1.00,1.00
2015.07.06 12:43:54.228,1.47202,1.47232,1.00,1.00
2015.07.06 12:43:54.329,1.472,1.47232,1.00,1.00
2015.07.06 12:43:55.976,1.47196,1.47232,1.71,1.50
2015.07.06 12:43:56.593,1.47196,1.47231,1.71,1.00
2015.07.06 12:43:56.883,1.472,1.47232,1.00,1.00
2015.07.06 12:43:57.188,1.47206,1.47238,1.00,1.00
2015.07.06 12:43:57.537,1.47206,1.47235,1.00,1.00
2015.07.06 12:43:57.639,1.47203,1.47235,1.00,1.00
2015.07.06 12:43:57.931,1.47203,1.47233,1.00,1.00
2015.07.06 12:43:57.983,1.47199,1.47233,1.50,1.00
2015.07.06 12:43:58.491,1.47199,1.47234,1.50,1.00
2015.07.06 12:43:58.830,1.47202,1.47235,1.00,1.00
2015.07.06 12:43:58.881,1.47199,1.47235,1.50,1.50
2015.07.06 12:43:59.034,1.47202,1.47237,1.00,1.50
2015.07.06 12:43:59.809,1.47199,1.47235,3.00,1.00
2015.07.06 12:43:59.911,1.47201,1.47233,1.00,1.00
2015.07.06 12:44:00.353,1.47199,1.47233,2.25,1.50
2015.07.06 12:44:01.268,1.47199,1.47234,3.75,1.00
2015.07.06 12:44:01.319,1.47201,1.47235,1.00,2.25
2015.07.06 12:44:01.722,1.47205,1.47237,1.50,1.50
2015.07.06 12:44:02.078,1.47205,1.47234,1.00,1.00
2015.07.06 12:44:02.536,1.47205,1.47232,1.00,1.00
2015.07.06 12:44:03.037,1.47201,1.47231,1.50,1.00
2015.07.06 12:44:03.190,1.47201,1.47228,1.00,1.00
2015.07.06 12:44:03.728,1.47201,1.47227,1.00,1.00
2015.07.06 12:44:03.933,1.47197,1.47226,1.84,1.00
2015.07.06 12:44:04.283,1.47197,1.47224,1.09,1.00
2015.07.06 12:44:04.940,1.47197,1.47225,1.84,1.00
2015.07.06 12:44:05.648,1.47197,1.47228,1.84,1.00
2015.07.06 12:44:07.725,1.47197,1.47229,1.84,1.00
2015.07.06 12:44:07.827,1.47197,1.47227,1.84,1.00
2015.07.06 12:44:08.931,1.47197,1.47228,1.84,1.00
2015.07.06 12:44:09.702,1.47197,1.47229,2.59,1.00
2015.07.06 12:44:10.015,1.47201,1.47232,1.00,1.00
2015.07.06 12:44:10.320,1.47206,1.47234,1.00,1.00
2015.07.06 12:44:10.523,1.47203,1.47234,1.00,1.00
2015.07.06 12:44:10.575,1.47202,1.4723,1.00,1.00
2015.07.06 12:44:10.727,1.47197,1.47229,2.59,1.00
2015.07.06 12:44:11.032,1.47197,1.47227,1.84,1.00
2015.07.06 12:44:11.235,1.47197,1.47229,1.84,1.50
2015.07.06 12:44:11.489,1.47197,1.47227,1.84,1.00
2015.07.06 12:44:12.023,1.47197,1.47226,1.84,1.00
2015.07.06 12:44:12.138,1.47197,1.47228,1.84,1.00
2015.07.06 12:44:12.240,1.47197,1.47233,1.84,1.00
2015.07.06 12:44:12.291,1.47197,1.47233,2.21,1.00
2015.07.06 12:44:12.831,1.47202,1.47234,1.00,1.00
2015.07.06 12:44:13.276,1.47202,1.47236,1.00,1.00
2015.07.06 12:44:13.825,1.47202,1.47235,1.00,1.00
2015.07.06 12:44:14.360,1.47202,1.47236,1.00,1.00
2015.07.06 12:44:14.868,1.47202,1.47234,1.00,1.00
2015.07.06 12:44:15.073,1.47203,1.47237,1.00,1.50
2015.07.06 12:44:15.226,1.47205,1.47238,1.50,1.12
2015.07.06 12:44:15.776,1.47205,1.47239,1.50,1.00
2015.07.06 12:44:16.083,1.47201,1.47236,1.37,1.50
2015.07.06 12:44:16.389,1.47203,1.47236,1.46,1.00
2015.07.06 12:44:16.541,1.47206,1.47239,1.84,1.00
2015.07.06 12:44:17.074,1.47202,1.47237,1.71,1.00
2015.07.06 12:44:17.588,1.47204,1.47238,1.34,1.50
2015.07.06 12:44:17.893,1.47202,1.47236,1.71,1.00
2015.07.06 12:44:18.046,1.47202,1.47236,1.37,1.50
2015.07.06 12:44:18.306,1.47202,1.47234,1.37,1.00
2015.07.06 12:44:18.359,1.47202,1.47238,1.87,1.50
2015.07.06 12:44:18.410,1.47202,1.47236,1.87,1.00
2015.07.06 12:44:18.970,1.47198,1.47233,1.75,1.00
2015.07.06 12:44:19.072,1.47201,1.47236,1.37,1.00
2015.07.06 12:44:19.576,1.47201,1.47235,1.37,1.00
2015.07.06 12:44:20.086,1.47201,1.47234,1.87,1.00
2015.07.06 12:44:20.595,1.47201,1.47233,1.37,1.00
2015.07.06 12:44:21.025,1.47201,1.47233,1.00,1.00
2015.07.06 12:44:23.773,1.47201,1.47233,1.37,1.00
2015.07.06 12:44:24.099,1.47207,1.47234,1.00,1.00
2015.07.06 12:44:24.363,1.47201,1.47234,1.87,1.00
2015.07.06 12:44:24.465,1.47201,1.47236,1.87,1.12
2015.07.06 12:44:25.414,1.47201,1.47236,1.87,1.37
2015.07.06 12:44:26.859,1.47206,1.47235,1.50,1.12
2015.07.06 12:44:26.910,1.47206,1.47238,1.50,1.12
2015.07.06 12:44:27.421,1.47206,1.4724,1.50,1.37
2015.07.06 12:44:27.625,1.47206,1.4724,2.25,1.00
2015.07.06 12:44:27.727,1.4721,1.47244,1.12,3.00
2015.07.06 12:44:27.828,1.4721,1.47244,1.12,3.00
2015.07.06 12:44:27.930,1.4721,1.47244,1.12,2.25
2015.07.06 12:44:28.443,1.47211,1.4724,1.00,1.00
2015.07.06 12:44:28.952,1.47206,1.4724,2.25,1.00
2015.07.06 12:44:29.462,1.47206,1.47239,2.25,1.00
2015.07.06 12:44:29.972,1.47206,1.4724,2.25,1.00
2015.07.06 12:44:30.675,1.47206,1.47239,2.25,1.00
2015.07.06 12:44:31.395,1.47206,1.4724,2.25,1.00
2015.07.06 12:44:33.249,1.47206,1.47242,3.00,1.00
2015.07.06 12:44:33.353,1.47212,1.47242,1.00,1.00
2015.07.06 12:44:33.506,1.47213,1.47244,1.00,1.12
2015.07.06 12:44:33.761,1.47213,1.47239,1.00,1.00
2015.07.06 12:44:34.092,1.47208,1.47241,1.00,2.25
2015.07.06 12:44:34.143,1.47206,1.47237,1.00,1.37
2015.07.06 12:44:34.346,1.47201,1.47237,1.12,2.62
2015.07.06 12:44:34.960,1.47201,1.47234,1.12,1.00
2015.07.06 12:44:35.297,1.47201,1.47236,1.12,1.00
2015.07.06 12:44:35.400,1.47207,1.47236,1.00,1.00
2015.07.06 12:44:35.451,1.47207,1.47238,1.00,1.00
2015.07.06 12:44:35.604,1.47211,1.47238,1.00,1.00
2015.07.06 12:44:35.808,1.47207,1.4724,1.00,1.00
2015.07.06 12:44:36.319,1.47205,1.4724,1.46,1.50
2015.07.06 12:44:38.092,1.47205,1.4724,1.46,1.12
2015.07.06 12:44:38.627,1.47205,1.47241,1.46,1.00
2015.07.06 12:44:39.240,1.4721,1.47242,1.00,1.12
2015.07.06 12:44:39.545,1.47213,1.47244,1.00,1.50
2015.07.06 12:44:39.799,1.47211,1.47244,1.00,1.50
2015.07.06 12:44:40.257,1.47212,1.47246,1.00,1.50
2015.07.06 12:44:40.308,1.47217,1.47248,1.00,1.50
2015.07.06 12:44:40.814,1.47213,1.47247,1.00,1.00
2015.07.06 12:44:41.271,1.47213,1.47244,1.00,1.00
2015.07.06 12:44:41.475,1.47213,1.47247,1.00,1.00
2015.07.06 12:44:42.070,1.47213,1.47249,1.50,3.37
2015.07.06 12:44:42.701,1.47213,1.47244,1.50,1.00
2015.07.06 12:44:43.013,1.47209,1.47243,1.12,1.50
2015.07.06 12:44:43.166,1.47208,1.47241,1.37,1.12
2015.07.06 12:44:43.713,1.47206,1.4724,1.50,2.25
2015.07.06 12:44:43.917,1.47208,1.47242,1.37,1.00
2015.07.06 12:44:45.324,1.47213,1.47244,1.00,1.87
2015.07.06 12:44:45.835,1.47213,1.47244,1.00,1.37
2015.07.06 12:44:46.372,1.47213,1.47244,1.00,1.37
2015.07.06 12:44:46.679,1.47213,1.47241,1.00,1.00
2015.07.06 12:44:46.730,1.47213,1.47245,1.00,1.37
2015.07.06 12:44:47.373,1.47213,1.47245,1.00,1.37
2015.07.06 12:44:47.975,1.47213,1.4724,1.00,1.00
2015.07.06 12:44:48.131,1.47209,1.4724,1.12,1.00
2015.07.06 12:44:49.728,1.47207,1.4724,1.87,1.00
2015.07.06 12:44:49.831,1.47207,1.47242,2.25,1.87
2015.07.06 12:44:50.066,1.47209,1.47239,1.00,1.00
2015.07.06 12:44:50.372,1.47209,1.47244,1.00,2.25
2015.07.06 12:44:51.034,1.47215,1.47244,1.00,1.87
2015.07.06 12:44:51.187,1.47209,1.47244,1.00,2.25
2015.07.06 12:44:51.655,1.47209,1.47242,1.00,1.50
2015.07.06 12:44:52.268,1.47209,1.47242,1.00,1.12
2015.07.06 12:44:54.123,1.47209,1.47244,1.00,3.00
2015.07.06 12:44:54.174,1.47209,1.47244,1.00,3.00
2015.07.06 12:44:54.546,1.47208,1.47238,1.00,1.37
2015.07.06 12:44:54.597,1.4721,1.4724,1.00,1.00
2015.07.06 12:44:54.800,1.47207,1.47242,1.00,1.84
2015.07.06 12:44:54.851,1.47207,1.47242,1.00,1.46
2015.07.06 12:44:54.903,1.47211,1.47239,1.00,1.00
2015.07.06 12:44:55.413,1.47211,1.4724,1.00,1.00
2015.07.06 12:44:55.753,1.47209,1.47243,1.00,1.50
2015.07.06 12:44:55.807,1.47211,1.47246,1.00,1.12
2015.07.06 12:44:56.315,1.47211,1.47247,1.00,1.12
2015.07.06 12:44:56.820,1.47211,1.47246,1.00,1.00
2015.07.06 12:44:57.321,1.47212,1.47246,1.00,1.00
2015.07.06 12:44:57.779,1.47211,1.47244,1.00,1.00
2015.07.06 12:44:58.228,1.47207,1.4724,1.00,1.50
2015.07.06 12:44:58.534,1.47207,1.47237,1.00,1.00
2015.07.06 12:44:59.249,1.47207,1.47238,1.00,1.00
2015.07.06 12:44:59.654,1.47207,1.47236,1.00,1.00
2015.07.06 12:44:59.966,1.47207,1.4724,1.00,1.12
2015.07.06 12:45:00.321,1.47214,1.47242,1.00,1.50
2015.07.06 12:45:00.633,1.47216,1.47244,1.00,1.00
2015.07.06 12:45:00.929,1.47209,1.47244,1.00,1.00
2015.07.06 12:45:01.285,1.47212,1.47243,1.00,1.00
2015.07.06 12:45:01.488,1.47208,1.47243,1.00,1.50
2015.07.06 12:45:01.602,1.47211,1.47243,1.00,1.00
2015.07.06 12:45:01.654,1.47208,1.47243,1.00,1.50
2015.07.06 12:45:01.859,1.47208,1.47243,1.00,1.87
2015.07.06 12:45:02.194,1.47207,1.4724,1.50,1.37
2015.07.06 12:45:03.010,1.47203,1.47239,2.96,1.12
2015.07.06 12:45:05.786,1.47203,1.47236,2.25,1.00
2015.07.06 12:45:06.184,1.4719,1.47222,1.50,1.37
2015.07.06 12:45:06.794,1.4719,1.47222,2.59,1.00
2015.07.06 12:45:07.877,1.4719,1.47222,2.59,1.00
2015.07.06 12:45:08.133,1.4719,1.47225,2.59,1.37
2015.07.06 12:45:08.727,1.47192,1.47228,1.75,2.62
2015.07.06 12:45:08.781,1.47192,1.47225,1.75,1.00
2015.07.06 12:45:09.087,1.47192,1.47224,1.00,1.37
2015.07.06 12:45:09.138,1.47192,1.4722,1.00,1.00
2015.07.06 12:45:09.291,1.47184,1.47214,1.00,1.00
2015.07.06 12:45:09.342,1.47178,1.47213,1.87,1.00
2015.07.06 12:45:12.271,1.47178,1.47213,2.62,1.00
2015.07.06 12:45:12.373,1.47182,1.47216,1.87,1.09
2015.07.06 12:45:12.628,1.47182,1.4721,1.87,1.00
2015.07.06 12:45:12.832,1.4718,1.47214,1.37,1.50
2015.07.06 12:45:13.599,1.4718,1.47209,1.37,1.00
2015.07.06 12:45:14.464,1.47183,1.47214,1.00,1.50
2015.07.06 12:45:14.566,1.47183,1.47214,1.34,1.00
2015.07.06 12:45:14.618,1.47185,1.47219,1.84,1.12
2015.07.06 12:45:14.669,1.47185,1.47215,1.84,1.00
2015.07.06 12:45:14.975,1.47183,1.47204,1.00,1.09
2015.07.06 12:45:15.026,1.47169,1.47204,2.25,1.09
2015.07.06 12:45:15.332,1.47169,1.47201,1.00,1.00
2015.07.06 12:45:15.435,1.47164,1.472,1.50,1.00
2015.07.06 12:45:15.900,1.47168,1.472,1.00,1.00
2015.07.06 12:45:16.447,1.47164,1.47195,1.09,1.00
2015.07.06 12:45:16.506,1.47164,1.47198,1.00,1.09
2015.07.06 12:45:16.557,1.47161,1.47195,1.00,1.00
2015.07.06 12:45:16.864,1.4716,1.47193,1.00,1.00
2015.07.06 12:45:17.016,1.47157,1.47193,1.87,1.00
2015.07.06 12:45:17.169,1.47157,1.47186,1.87,1.00
2015.07.06 12:45:17.499,1.47148,1.4718,2.59,1.00
2015.07.06 12:45:17.551,1.47148,1.4718,1.00,1.00
2015.07.06 12:45:17.603,1.47146,1.4718,1.09,1.00
2015.07.06 12:45:17.655,1.47146,1.47178,1.09,1.00
2015.07.06 12:45:18.371,1.47146,1.47179,1.09,1.00
2015.07.06 12:45:18.679,1.47146,1.47176,1.09,1.00
2015.07.06 12:45:19.202,1.4714,1.47176,1.00,1.12
2015.07.06 12:45:19.253,1.4714,1.47173,1.00,1.00
2015.07.06 12:45:21.037,1.4714,1.47172,1.00,1.00
2015.07.06 12:45:21.609,1.4714,1.47173,1.00,1.00
2015.07.06 12:45:22.658,1.4714,1.47172,1.00,1.00
2015.07.06 12:45:23.360,1.4714,1.47174,1.00,1.12
2015.07.06 12:45:27.160,1.4714,1.47172,1.12,1.37
2015.07.06 12:45:27.262,1.47136,1.47168,1.34,1.00
2015.07.06 12:45:27.364,1.47132,1.47167,2.59,1.37
2015.07.06 12:45:27.619,1.47126,1.47161,1.37,1.00
2015.07.06 12:45:28.877,1.47126,1.4716,1.37,1.00
2015.07.06 12:45:29.466,1.47126,1.4716,1.12,1.00
2015.07.06 12:45:31.963,1.47126,1.47161,1.87,1.00
2015.07.06 12:45:35.374,1.47126,1.47161,1.87,1.00
2015.07.06 12:45:38.351,1.47127,1.47161,2.21,1.00
2015.07.06 12:45:38.811,1.47135,1.47169,2.59,2.25
2015.07.06 12:45:39.362,1.47135,1.4717,2.59,1.87
2015.07.06 12:45:39.616,1.47129,1.47165,2.21,1.00
2015.07.06 12:45:40.910,1.47133,1.4717,1.34,1.50
2015.07.06 12:45:41.063,1.47133,1.47168,1.34,1.00
2015.07.06 12:45:41.518,1.47133,1.47164,1.34,1.00
2015.07.06 12:45:42.061,1.47133,1.47165,1.34,1.00
2015.07.06 12:45:42.436,1.47128,1.47163,3.71,1.00
2015.07.06 12:45:43.048,1.47132,1.47164,1.34,1.00
2015.07.06 12:45:43.610,1.47137,1.47164,1.00,1.00
2015.07.06 12:45:43.763,1.47132,1.47164,1.34,1.00
2015.07.06 12:45:44.099,1.47138,1.47164,1.00,1.00
2015.07.06 12:45:44.556,1.47139,1.47169,1.00,1.12
2015.07.06 12:45:45.065,1.47139,1.47168,1.00,1.00
2015.07.06 12:45:45.116,1.47131,1.47169,2.59,1.87
2015.07.06 12:45:45.218,1.47131,1.47166,1.84,1.00
2015.07.06 12:45:45.654,1.47128,1.47161,2.59,1.50
2015.07.06 12:45:46.213,1.47131,1.47164,1.34,1.50
2015.07.06 12:45:46.788,1.47131,1.47163,1.34,1.00
2015.07.06 12:45:47.189,1.47128,1.4716,2.21,1.00
2015.07.06 12:45:47.546,1.47131,1.47163,1.34,1.00
2015.07.06 12:45:47.751,1.47137,1.47164,1.00,1.00
2015.07.06 12:45:48.056,1.4714,1.47165,1.50,1.00
2015.07.06 12:45:48.520,1.4714,1.47169,1.00,1.00
2015.07.06 12:45:48.929,1.47136,1.47169,1.00,1.50
2015.07.06 12:45:49.083,1.47136,1.47167,1.00,1.00
2015.07.06 12:45:49.185,1.47136,1.4717,1.50,1.00
2015.07.06 12:45:49.527,1.4714,1.47174,1.50,1.00
2015.07.06 12:45:49.870,1.47146,1.47174,1.00,1.50
2015.07.06 12:45:50.023,1.47137,1.47171,1.50,1.00
2015.07.06 12:45:50.125,1.47137,1.4717,1.84,1.00
2015.07.06 12:45:50.380,1.47144,1.47174,1.00,1.00
2015.07.06 12:45:50.533,1.47139,1.47174,1.34,1.00
2015.07.06 12:45:50.866,1.47139,1.47173,1.00,1.00
2015.07.06 12:45:50.968,1.47139,1.47167,1.00,1.00
2015.07.06 12:45:51.070,1.47139,1.4717,1.00,1.50
2015.07.06 12:45:51.324,1.47133,1.47169,1.50,3.00
2015.07.06 12:45:51.375,1.47133,1.47165,1.50,1.00
2015.07.06 12:45:51.527,1.47135,1.47167,1.37,1.00
2015.07.06 12:45:51.876,1.47131,1.47167,2.59,1.00
2015.07.06 12:45:52.191,1.47131,1.47163,1.84,1.00
2015.07.06 12:45:52.649,1.47131,1.47169,2.59,3.00
2015.07.06 12:45:53.088,1.47137,1.47169,1.00,1.00
2015.07.06 12:45:53.749,1.47136,1.47165,1.00,1.00
2015.07.06 12:45:53.851,1.47132,1.47167,1.34,1.00
2015.07.06 12:45:54.363,1.47132,1.47165,1.34,1.00
2015.07.06 12:45:54.415,1.47132,1.47167,1.34,1.00
2015.07.06 12:45:55.106,1.47132,1.47165,1.34,1.00
2015.07.06 12:45:55.751,1.47136,1.47161,1.00,1.00
2015.07.06 12:45:55.804,1.4714,1.47167,1.00,1.00
2015.07.06 12:45:55.906,1.4714,1.47171,1.00,1.00
2015.07.06 12:45:56.059,1.4714,1.47169,1.00,1.00
2015.07.06 12:45:56.162,1.47138,1.47171,1.09,1.50
2015.07.06 12:45:56.213,1.47136,1.47168,1.84,1.00
2015.07.06 12:45:56.519,1.47135,1.47163,1.00,1.00
2015.07.06 12:45:57.669,1.47135,1.47164,1.00,1.50
2015.07.06 12:45:58.378,1.47135,1.47165,1.00,1.00
2015.07.06 12:45:59.080,1.47135,1.47164,1.00,1.00
2015.07.06 12:46:00.735,1.47135,1.47166,1.00,1.00
2015.07.06 12:46:00.838,1.47133,1.47164,1.00,1.00
2015.07.06 12:46:00.890,1.47131,1.47163,1.00,1.00
2015.07.06 12:46:01.736,1.47127,1.47163,1.71,1.00
2015.07.06 12:46:01.940,1.47126,1.47161,2.21,1.00
2015.07.06 12:46:02.347,1.47126,1.47161,1.00,1.50
2015.07.06 12:46:02.647,1.47126,1.47159,1.00,1.00
2015.07.06 12:46:03.194,1.47126,1.47158,1.00,1.00
2015.07.06 12:46:04.397,1.47125,1.47158,1.00,1.50
2015.07.06 12:46:05.879,1.47128,1.47158,1.00,1.00
2015.07.06 12:46:06.032,1.47125,1.47158,1.00,1.00
2015.07.06 12:46:06.083,1.47126,1.47162,1.00,1.00
2015.07.06 12:46:06.185,1.47128,1.47163,1.00,1.12
2015.07.06 12:46:06.503,1.47126,1.4716,1.00,1.00
2015.07.06 12:46:07.911,1.47126,1.47159,1.00,1.00
2015.07.06 12:46:08.624,1.47127,1.4716,1.00,1.00
2015.07.06 12:46:08.929,1.47127,1.4716,2.59,1.00
2015.07.06 12:46:22.547,1.47129,1.47164,1.34,3.37
2015.07.06 12:46:22.894,1.47128,1.47156,1.00,1.12
2015.07.06 12:46:22.946,1.47124,1.47156,1.84,1.12
2015.07.06 12:46:22.997,1.47124,1.47153,1.34,1.00
2015.07.06 12:46:23.100,1.4712,1.47153,1.00,1.00
2015.07.06 12:46:23.202,1.47118,1.47152,1.12,1.50
2015.07.06 12:46:23.558,1.47118,1.47152,1.00,2.62
2015.07.06 12:46:23.609,1.47116,1.47149,1.50,1.37
2015.07.06 12:46:24.402,1.47115,1.47148,1.09,1.37
2015.07.06 12:46:24.607,1.47117,1.47149,1.00,1.37
2015.07.06 12:46:24.709,1.47115,1.47149,1.09,1.87
2015.07.06 12:46:25.063,1.47119,1.47149,1.00,1.37
2015.07.06 12:46:25.454,1.47122,1.47149,2.25,1.00
2015.07.06 12:46:26.064,1.47122,1.47147,2.25,1.00
2015.07.06 12:46:26.320,1.47111,1.47143,3.00,1.50
2015.07.06 12:46:26.422,1.47111,1.47141,2.25,1.37
2015.07.06 12:46:26.727,1.47111,1.47136,2.25,1.50
2015.07.06 12:46:26.981,1.47109,1.47135,1.00,1.00
2015.07.06 12:46:27.134,1.47109,1.47138,1.00,1.00
2015.07.06 12:46:27.186,1.47111,1.47143,1.00,1.00
2015.07.06 12:46:27.237,1.47114,1.47144,1.00,1.50
2015.07.06 12:46:27.645,1.47113,1.47149,1.50,3.37
2015.07.06 12:46:27.848,1.47117,1.47149,1.00,3.00
2015.07.06 12:46:28.250,1.47117,1.47147,1.00,1.00
2015.07.06 12:46:28.764,1.47117,1.47146,1.00,1.00
2015.07.06 12:46:28.866,1.47117,1.47148,1.00,1.00
2015.07.06 12:46:28.968,1.47117,1.47145,1.00,1.00
2015.07.06 12:46:29.173,1.47118,1.47151,1.00,1.00
2015.07.06 12:46:29.396,1.47121,1.47151,1.00,1.00
2015.07.06 12:46:29.722,1.47123,1.47151,1.75,1.00
2015.07.06 12:46:30.209,1.47123,1.47154,1.75,1.00
2015.07.06 12:46:32.843,1.47126,1.47152,1.00,1.00
2015.07.06 12:46:35.554,1.47118,1.47152,1.75,1.00
2015.07.06 12:46:36.063,1.47123,1.47152,1.00,1.00
2015.07.06 12:46:36.832,1.47123,1.47154,1.00,1.00
2015.07.06 12:46:39.074,1.47123,1.47146,1.00,1.75
2015.07.06 12:46:39.125,1.47115,1.47146,2.25,2.25
2015.07.06 12:46:39.176,1.47115,1.47144,2.25,1.00
2015.07.06 12:46:39.278,1.47115,1.47139,2.25,1.00
2015.07.06 12:46:39.939,1.47115,1.47142,1.00,1.00
2015.07.06 12:46:39.990,1.47115,1.47144,1.00,1.00
2015.07.06 12:46:40.535,1.47115,1.47145,1.00,1.00
2015.07.06 12:46:41.449,1.47115,1.47146,1.37,1.00
2015.07.06 12:46:41.873,1.47122,1.47149,1.00,1.50
2015.07.06 12:46:42.077,1.4712,1.4715,1.00,1.00
2015.07.06 12:46:42.129,1.4712,1.47152,1.00,1.12
2015.07.06 12:46:42.639,1.4712,1.47151,1.00,1.00
2015.07.06 12:46:42.690,1.4712,1.47151,1.00,1.84
2015.07.06 12:46:42.997,1.4712,1.47135,1.00,1.00
2015.07.06 12:46:43.211,1.4712,1.47138,1.00,1.00
2015.07.06 12:46:43.894,1.47113,1.47138,1.00,1.00
2015.07.06 12:46:44.097,1.47113,1.4714,1.00,1.00
2015.07.06 12:46:46.628,1.47113,1.47141,1.00,1.00
2015.07.06 12:46:47.202,1.47113,1.47137,1.00,1.00
2015.07.06 12:46:47.508,1.47113,1.47125,1.00,1.00
2015.07.06 12:46:47.559,1.47096,1.47125,1.00,1.00
2015.07.06 12:46:47.610,1.47091,1.47125,2.25,1.00
2015.07.06 12:46:49.014,1.47092,1.47125,1.00,1.00
2015.07.06 12:46:49.612,1.47092,1.47124,1.00,1.00
2015.07.06 12:46:50.128,1.47091,1.47124,1.00,1.50
2015.07.06 12:46:50.686,1.47092,1.47124,1.00,1.50
2015.07.06 12:46:52.939,1.47095,1.47124,1.00,1.00
2015.07.06 12:46:53.244,1.47097,1.47124,1.00,1.00
2015.07.06 12:46:53.452,1.47092,1.47124,1.50,1.00
2015.07.06 12:46:53.910,1.47092,1.47121,1.00,1.00
2015.07.06 12:46:55.038,1.47092,1.4712,1.00,1.00
2015.07.06 12:46:56.569,1.47087,1.4712,1.00,1.00
2015.07.06 12:46:59.539,1.47086,1.4712,2.25,1.50
2015.07.06 12:46:59.844,1.47086,1.47115,2.25,1.00
2015.07.06 12:47:02.415,1.47086,1.47119,3.00,1.00
2015.07.06 12:47:02.517,1.47091,1.47119,1.00,1.00
2015.07.06 12:47:03.166,1.47091,1.4712,1.00,1.00
2015.07.06 12:47:03.689,1.47093,1.47119,1.00,1.00
2015.07.06 12:47:03.843,1.47093,1.47124,1.00,1.50
2015.07.06 12:47:04.047,1.47096,1.47125,1.00,1.00
2015.07.06 12:47:04.620,1.47097,1.47125,1.00,1.00
2015.07.06 12:47:04.671,1.47097,1.47128,1.00,1.00
2015.07.06 12:47:04.939,1.47099,1.47128,1.00,1.00
2015.07.06 12:47:05.146,1.47103,1.47134,1.00,1.00
2015.07.06 12:47:05.299,1.47105,1.47135,1.00,1.00
2015.07.06 12:47:05.605,1.47109,1.47135,1.00,1.00
2015.07.06 12:47:06.359,1.47109,1.47134,1.34,1.00
2015.07.06 12:47:06.412,1.47111,1.4714,1.50,1.00
2015.07.06 12:47:06.667,1.4711,1.47129,1.00,1.00
2015.07.06 12:47:06.821,1.47105,1.47129,1.00,1.00
2015.07.06 12:47:06.872,1.47097,1.47129,1.75,1.00
2015.07.06 12:47:07.435,1.47097,1.4713,1.75,1.00
2015.07.06 12:47:07.537,1.47097,1.47124,1.75,1.00
2015.07.06 12:47:07.691,1.47095,1.4713,2.25,2.59
2015.07.06 12:47:07.895,1.47091,1.47125,1.75,1.00
2015.07.06 12:47:08.352,1.47091,1.47119,1.75,1.00
2015.07.06 12:47:08.682,1.47092,1.47125,1.75,1.00
2015.07.06 12:47:08.886,1.47098,1.4713,1.09,1.00
2015.07.06 12:47:09.089,1.47098,1.4713,1.84,1.00
2015.07.06 12:47:10.147,1.47098,1.47129,1.84,1.00
2015.07.06 12:47:10.468,1.47098,1.47124,2.59,1.00
2015.07.06 12:47:10.621,1.47098,1.4713,2.59,1.00
2015.07.06 12:47:11.061,1.47098,1.47129,1.50,1.50
2015.07.06 12:47:11.112,1.47098,1.47127,1.00,1.00
2015.07.06 12:47:11.420,1.47102,1.47129,1.00,1.00
2015.07.06 12:47:11.925,1.47101,1.4713,1.00,1.00
2015.07.06 12:47:12.416,1.47108,1.47134,1.00,1.12
2015.07.06 12:47:12.518,1.47099,1.47131,1.00,1.34
2015.07.06 12:47:12.570,1.47099,1.47124,1.00,1.00
2015.07.06 12:47:12.825,1.47094,1.47121,1.00,1.00
2015.07.06 12:47:12.928,1.47094,1.47119,1.00,1.00
2015.07.06 12:47:13.177,1.47088,1.47119,1.00,1.00
2015.07.06 12:47:13.231,1.47086,1.47119,1.00,1.34
2015.07.06 12:47:13.333,1.47084,1.47118,1.12,1.09
2015.07.06 12:47:13.487,1.47084,1.47114,1.12,1.00
2015.07.06 12:47:13.991,1.47083,1.47111,1.00,1.00
2015.07.06 12:47:14.267,1.47065,1.47097,1.50,1.00
2015.07.06 12:47:14.369,1.47068,1.47101,1.34,1.00
2015.07.06 12:47:14.721,1.47065,1.47099,1.09,1.00
2015.07.06 12:47:14.823,1.47067,1.47103,1.34,1.00
2015.07.06 12:47:14.925,1.47067,1.471,1.34,1.00
2015.07.06 12:47:15.130,1.47071,1.47103,1.00,1.00
2015.07.06 12:47:15.232,1.47071,1.47106,1.00,1.00
2015.07.06 12:47:15.283,1.47071,1.47106,1.75,1.00
2015.07.06 12:47:15.586,1.4707,1.47104,1.75,1.00
2015.07.06 12:47:15.892,1.47062,1.47098,1.87,1.50
2015.07.06 12:47:16.550,1.47063,1.47097,1.75,1.00
2015.07.06 12:47:16.602,1.47066,1.47099,1.75,1.00
2015.07.06 12:47:17.011,1.47066,1.47096,1.75,1.00
2015.07.06 12:47:17.113,1.47066,1.47097,1.00,1.00
2015.07.06 12:47:17.780,1.47071,1.47097,1.00,1.00
2015.07.06 12:47:18.085,1.47071,1.47094,1.00,1.00
2015.07.06 12:47:18.390,1.47071,1.47096,1.34,1.00
2015.07.06 12:47:18.442,1.47071,1.47103,1.34,1.00
2015.07.06 12:47:18.594,1.47071,1.47106,1.34,1.50
2015.07.06 12:47:19.039,1.47071,1.47105,1.00,1.00
2015.07.06 12:47:19.555,1.47071,1.47104,1.00,1.00
2015.07.06 12:47:19.637,1.4707,1.47104,1.75,1.00
2015.07.06 12:47:20.306,1.47071,1.47109,1.75,1.00
2015.07.06 12:47:20.816,1.4707,1.47108,1.75,1.00
2015.07.06 12:47:21.179,1.47067,1.47102,1.87,1.00
2015.07.06 12:47:21.707,1.47068,1.47103,1.12,1.00
2015.07.06 12:47:21.961,1.47068,1.47105,1.12,1.00
2015.07.06 12:47:22.474,1.47074,1.47104,1.09,1.00
2015.07.06 12:47:22.526,1.47074,1.47109,1.09,1.00
2015.07.06 12:47:22.758,1.47083,1.47111,1.00,1.00
2015.07.06 12:47:23.268,1.47083,1.47113,1.00,1.34
2015.07.06 12:47:23.576,1.47083,1.47109,1.00,1.00
2015.07.06 12:47:23.928,1.47076,1.47109,1.75,1.00
2015.07.06 12:47:23.979,1.47076,1.47112,2.25,1.09
2015.07.06 12:47:25.389,1.47076,1.47106,1.75,1.34
2015.07.06 12:47:25.491,1.4707,1.47103,1.12,1.00
2015.07.06 12:47:25.696,1.47078,1.47105,1.00,1.00
2015.07.06 12:47:25.849,1.47082,1.47112,1.00,2.25
2015.07.06 12:47:26.358,1.47082,1.47109,1.12,1.00
2015.07.06 12:47:26.571,1.47077,1.47112,1.75,1.50
2015.07.06 12:47:26.724,1.4708,1.47114,3.00,1.00
2015.07.06 12:47:26.878,1.47084,1.47114,1.00,1.00
2015.07.06 12:47:27.133,1.47084,1.47119,1.50,1.50
2015.07.06 12:47:28.149,1.47084,1.47114,1.50,1.00
2015.07.06 12:47:28.251,1.47084,1.47117,1.50,1.00
2015.07.06 12:47:28.353,1.47084,1.47115,1.00,1.00
2015.07.06 12:47:28.761,1.47084,1.47113,1.75,1.00
2015.07.06 12:47:29.067,1.47084,1.4711,1.75,1.00
2015.07.06 12:47:30.130,1.47077,1.47109,1.75,1.00
2015.07.06 12:47:30.350,1.47078,1.47111,1.75,1.00
2015.07.06 12:47:30.656,1.47102,1.47112,1.00,1.50
2015.07.06 12:47:30.861,1.47105,1.47118,1.00,1.00
2015.07.06 12:47:31.155,1.47105,1.47129,1.00,1.00
2015.07.06 12:47:31.775,1.47105,1.47135,1.00,1.50
2015.07.06 12:47:31.877,1.47105,1.47129,1.00,1.00
2015.07.06 12:47:32.427,1.47105,1.47133,1.00,1.00
2015.07.06 12:47:33.188,1.47101,1.47133,1.75,1.00
2015.07.06 12:47:34.041,1.47101,1.47132,1.75,1.84
2015.07.06 12:47:34.194,1.47089,1.47125,1.75,1.00
2015.07.06 12:47:34.296,1.47089,1.47121,1.75,1.00
2015.07.06 12:47:34.602,1.47085,1.47117,1.75,1.09
2015.07.06 12:47:34.907,1.47085,1.47114,1.75,1.00
2015.07.06 12:47:35.699,1.47082,1.47114,1.00,1.00
2015.07.06 12:47:35.904,1.47078,1.47111,1.46,1.00
2015.07.06 12:47:36.359,1.47081,1.47117,2.59,1.00
2015.07.06 12:47:36.463,1.47081,1.47116,1.00,1.00
2015.07.06 12:47:36.669,1.47078,1.47114,1.37,1.00
2015.07.06 12:47:37.462,1.47078,1.47114,1.00,1.00
2015.07.06 12:47:37.971,1.47078,1.47115,1.00,2.25
2015.07.06 12:47:38.073,1.47078,1.47111,1.00,1.00
2015.07.06 12:47:38.379,1.47075,1.47109,1.50,1.50
2015.07.06 12:47:38.777,1.47078,1.47111,1.00,1.50
2015.07.06 12:47:39.235,1.47078,1.47107,1.00,1.00
2015.07.06 12:47:39.337,1.47075,1.47109,1.50,1.50
2015.07.06 12:47:39.388,1.47075,1.47109,1.00,1.84
2015.07.06 12:47:39.593,1.47067,1.471,1.00,1.00
2015.07.06 12:47:39.644,1.47071,1.47102,1.00,1.00
2015.07.06 12:47:39.994,1.47071,1.47107,1.00,1.00
2015.07.06 12:47:40.865,1.47074,1.47108,1.00,1.00
2015.07.06 12:47:41.266,1.47077,1.47109,1.00,1.00
2015.07.06 12:47:41.317,1.47073,1.47109,1.00,1.00
2015.07.06 12:47:41.850,1.47072,1.4711,1.87,1.50
2015.07.06 12:47:41.952,1.47079,1.4711,1.00,1.00
2015.07.06 12:47:42.309,1.4708,1.47107,1.00,1.00
2015.07.06 12:47:42.539,1.47073,1.47105,1.00,1.00
2015.07.06 12:47:42.641,1.47075,1.47105,1.50,1.00
2015.07.06 12:47:42.692,1.47076,1.47111,1.00,1.34
2015.07.06 12:47:43.122,1.47076,1.4711,1.37,1.00
2015.07.06 12:47:43.377,1.47084,1.4712,1.12,1.00
2015.07.06 12:47:43.927,1.47083,1.47115,1.87,1.00
2015.07.06 12:47:44.385,1.47083,1.47118,1.87,1.00
2015.07.06 12:47:44.627,1.47086,1.47121,1.00,2.25
2015.07.06 12:47:45.246,1.47086,1.47119,1.00,1.50
2015.07.06 12:47:45.297,1.47083,1.47119,2.62,2.25
2015.07.06 12:47:45.450,1.47083,1.47116,1.87,1.00
2015.07.06 12:47:45.992,1.47083,1.47115,1.37,1.00
2015.07.06 12:47:46.297,1.4708,1.47114,1.00,1.00
2015.07.06 12:47:48.727,1.47079,1.47113,1.12,1.00
2015.07.06 12:47:49.214,1.47079,1.47111,1.00,1.00
2015.07.06 12:47:49.761,1.47079,1.47114,1.00,1.00
2015.07.06 12:47:49.914,1.47084,1.47114,1.00,1.00
2015.07.06 12:47:49.965,1.47086,1.47118,1.00,1.00
2015.07.06 12:47:50.068,1.47086,1.4712,1.50,1.50
2015.07.06 12:47:50.170,1.47086,1.47118,1.00,1.00
2015.07.06 12:47:50.477,1.47086,1.47116,1.00,1.00
2015.07.06 12:47:50.934,1.47086,1.47114,1.00,1.00
2015.07.06 12:47:50.985,1.47084,1.47114,1.50,1.00
2015.07.06 12:47:51.188,1.47084,1.47117,1.50,1.00
2015.07.06 12:47:51.494,1.47084,1.47116,1.37,1.00
2015.07.06 12:47:51.596,1.47086,1.47118,1.12,1.00
2015.07.06 12:47:52.042,1.47089,1.47118,1.00,1.00
2015.07.06 12:47:52.344,1.47091,1.4712,1.00,1.00
2015.07.06 12:47:52.447,1.47093,1.47124,1.00,1.50
2015.07.06 12:47:52.803,1.47095,1.47126,1.50,1.00
2015.07.06 12:47:53.549,1.47095,1.47125,1.50,1.00
2015.07.06 12:47:53.930,1.47095,1.4712,1.50,1.00
2015.07.06 12:47:54.799,1.47088,1.47118,2.25,1.00
2015.07.06 12:47:56.203,1.47088,1.47117,2.25,1.00
2015.07.06 12:47:56.704,1.47088,1.47117,1.75,1.00
2015.07.06 12:47:56.857,1.47088,1.47119,1.75,1.50
2015.07.06 12:47:57.371,1.47088,1.4712,1.75,1.50
2015.07.06 12:47:57.778,1.47094,1.47124,2.62,1.00
2015.07.06 12:47:58.315,1.47096,1.47124,1.00,1.00
2015.07.06 12:47:58.630,1.47098,1.47124,1.00,1.00
2015.07.06 12:47:58.732,1.47095,1.47124,1.12,1.00
2015.07.06 12:47:58.987,1.47095,1.47124,1.50,1.00
2015.07.06 12:47:59.089,1.47095,1.47129,1.50,1.00
2015.07.06 12:47:59.715,1.47099,1.47129,1.00,1.00
2015.07.06 12:47:59.868,1.47104,1.47131,1.00,1.09
2015.07.06 12:48:00.173,1.47102,1.47134,1.00,1.34
2015.07.06 12:48:00.325,1.471,1.47132,1.50,1.34
2015.07.06 12:48:00.630,1.47097,1.4713,1.37,1.00
2015.07.06 12:48:00.732,1.47098,1.47128,1.12,1.00
2015.07.06 12:48:01.381,1.47098,1.4713,1.12,1.50
2015.07.06 12:48:01.889,1.47098,1.47129,1.12,1.00
2015.07.06 12:48:02.042,1.47098,1.47129,1.75,1.00
2015.07.06 12:48:02.692,1.47098,1.47128,1.75,1.00
2015.07.06 12:48:03.151,1.47098,1.4713,1.75,1.00
2015.07.06 12:48:03.763,1.47101,1.47132,1.50,1.00
2015.07.06 12:48:03.916,1.47104,1.47134,1.00,1.00
2015.07.06 12:48:04.431,1.47101,1.47133,1.50,1.00
2015.07.06 12:48:04.759,1.47101,1.47131,1.50,1.00
2015.07.06 12:48:05.014,1.47099,1.47131,1.37,1.00
2015.07.06 12:48:05.669,1.47104,1.47131,1.50,1.00
2015.07.06 12:48:05.925,1.47101,1.47131,1.50,1.00
2015.07.06 12:48:06.028,1.47101,1.47133,1.50,1.00
2015.07.06 12:48:06.137,1.47103,1.47133,1.00,1.00
2015.07.06 12:48:06.658,1.47103,1.47134,1.00,2.25
2015.07.06 12:48:06.964,1.47099,1.47131,1.37,1.00
2015.07.06 12:48:08.012,1.47098,1.47131,1.87,1.00
2015.07.06 12:48:08.165,1.47098,1.47127,1.37,1.00
2015.07.06 12:48:08.902,1.47095,1.47121,1.75,1.00
2015.07.06 12:48:09.106,1.47082,1.47112,1.09,1.00
2015.07.06 12:48:09.614,1.47081,1.47113,1.75,1.00
2015.07.06 12:48:09.767,1.47081,1.47109,1.75,1.00
2015.07.06 12:48:10.310,1.47074,1.4711,1.75,1.00
2015.07.06 12:48:13.408,1.47081,1.47114,1.09,1.00
2015.07.06 12:48:14.530,1.47078,1.47113,1.75,1.00
2015.07.06 12:48:14.582,1.47078,1.47109,1.75,1.00
2015.07.06 12:48:15.142,1.47074,1.47109,3.00,1.00
2015.07.06 12:48:16.941,1.47074,1.47108,1.75,1.00
2015.07.06 12:48:16.992,1.47072,1.47105,1.84,1.00
2015.07.06 12:48:18.087,1.47072,1.47105,1.84,1.00
2015.07.06 12:48:23.723,1.47074,1.47107,1.75,1.00
2015.07.06 12:48:24.241,1.47072,1.47105,1.84,1.00
2015.07.06 12:48:27.942,1.47072,1.47104,1.09,1.00
2015.07.06 12:48:29.787,1.47072,1.47104,1.09,2.25
2015.07.06 12:48:31.202,1.47079,1.47108,1.12,1.00
2015.07.06 12:48:31.355,1.47073,1.47105,1.75,1.00
2015.07.06 12:48:32.323,1.4708,1.47104,1.00,1.00
2015.07.06 12:48:32.527,1.4708,1.47109,1.00,1.00
2015.07.06 12:48:32.629,1.47076,1.47104,1.50,1.00
2015.07.06 12:48:32.731,1.47074,1.47104,1.12,1.00
2015.07.06 12:48:33.585,1.47069,1.47105,2.62,1.00
2015.07.06 12:48:33.636,1.47074,1.47107,1.12,1.50
2015.07.06 12:48:33.992,1.47074,1.47105,1.12,1.00
2015.07.06 12:48:34.488,1.47069,1.471,1.75,1.00
2015.07.06 12:48:35.555,1.47074,1.47108,1.12,1.50
2015.07.06 12:48:35.606,1.47084,1.47104,1.00,1.00
2015.07.06 12:48:35.957,1.47084,1.4711,1.00,1.50
2015.07.06 12:48:36.126,1.47084,1.47108,1.00,1.00
2015.07.06 12:48:36.431,1.47084,1.47104,1.00,1.00
2015.07.06 12:48:36.482,1.47084,1.47107,1.00,1.00
2015.07.06 12:48:36.584,1.47079,1.47107,1.09,1.00
2015.07.06 12:48:36.737,1.47079,1.47112,1.84,1.00
2015.07.06 12:48:37.186,1.47079,1.4711,1.84,1.00
2015.07.06 12:48:37.390,1.47079,1.47112,1.84,1.00
2015.07.06 12:48:37.594,1.47079,1.4711,1.84,1.00
2015.07.06 12:48:38.160,1.47079,1.47109,1.09,1.00
2015.07.06 12:48:38.262,1.47083,1.47112,1.75,1.00
2015.07.06 12:48:38.314,1.47083,1.47116,1.75,1.00
2015.07.06 12:48:38.468,1.47086,1.47116,1.34,1.00
2015.07.06 12:48:38.519,1.47085,1.47119,1.09,1.87
2015.07.06 12:48:38.570,1.47091,1.47119,1.75,1.12
2015.07.06 12:48:38.672,1.47091,1.47124,1.75,1.87
2015.07.06 12:48:38.928,1.47094,1.47127,1.75,1.12
2015.07.06 12:48:39.161,1.47094,1.47125,1.75,1.00
2015.07.06 12:48:39.470,1.47087,1.47122,1.37,1.00
2015.07.06 12:48:39.777,1.47094,1.47127,1.50,1.34
2015.07.06 12:48:40.289,1.47091,1.47126,1.00,1.84
2015.07.06 12:48:40.341,1.4709,1.4712,1.00,1.00
2015.07.06 12:48:40.443,1.4709,1.47122,1.00,1.00
2015.07.06 12:48:40.494,1.4709,1.47124,1.00,1.00
2015.07.06 12:48:40.546,1.4709,1.47122,1.00,1.00
2015.07.06 12:48:40.852,1.47084,1.4712,1.75,1.50
2015.07.06 12:48:41.161,1.47084,1.47119,1.75,1.00
2015.07.06 12:48:41.710,1.47085,1.4712,1.12,2.25
2015.07.06 12:48:42.219,1.47084,1.47119,1.75,1.00
2015.07.06 12:48:42.775,1.47084,1.4712,1.75,2.25
2015.07.06 12:48:43.767,1.47084,1.47119,1.75,1.00
2015.07.06 12:48:44.678,1.47095,1.47119,1.00,1.00
2015.07.06 12:48:44.729,1.4709,1.47125,2.96,1.00
2015.07.06 12:48:44.781,1.47098,1.47125,1.00,1.00
2015.07.06 12:48:45.169,1.47094,1.47125,1.00,1.00
2015.07.06 12:48:45.388,1.47094,1.47124,1.75,1.00
2015.07.06 12:48:45.644,1.471,1.47132,1.37,1.00
2015.07.06 12:48:46.231,1.47097,1.47133,2.25,1.50
2015.07.06 12:48:46.746,1.47097,1.47131,2.25,1.00
2015.07.06 12:48:47.051,1.47094,1.47127,1.75,1.00
2015.07.06 12:48:48.449,1.47094,1.47127,1.50,1.00
2015.07.06 12:48:49.126,1.47094,1.47124,1.50,1.00
2015.07.06 12:48:49.638,1.4709,1.47125,1.09,3.00
2015.07.06 12:48:50.146,1.47096,1.47124,1.37,1.00
2015.07.06 12:48:50.654,1.47096,1.47125,1.37,1.00
2015.07.06 12:48:51.173,1.47092,1.47124,1.75,1.00
2015.07.06 12:48:51.427,1.47092,1.47124,1.12,1.50
2015.07.06 12:48:51.479,1.47092,1.4712,1.12,1.00
2015.07.06 12:48:53.533,1.47091,1.47125,1.37,1.00
2015.07.06 12:48:53.585,1.47094,1.47126,1.00,1.00
2015.07.06 12:48:53.890,1.47092,1.47125,1.12,1.00
2015.07.06 12:48:54.400,1.47092,1.47124,1.50,1.00
2015.07.06 12:48:55.365,1.47097,1.47124,1.00,1.00
2015.07.06 12:48:55.923,1.4709,1.47124,1.75,1.00
2015.07.06 12:48:56.432,1.47095,1.47124,1.00,1.00
2015.07.06 12:48:57.155,1.47095,1.47125,1.00,1.00
2015.07.06 12:48:58.122,1.47094,1.47123,1.00,1.00
2015.07.06 12:48:58.771,1.47091,1.47122,1.50,1.00
2015.07.06 12:48:59.026,1.47093,1.47124,1.87,1.00
2015.07.06 12:48:59.128,1.47095,1.47125,1.00,1.00
2015.07.06 12:48:59.658,1.47096,1.47125,1.00,1.00
2015.07.06 12:48:59.709,1.47092,1.47124,1.37,1.00
2015.07.06 12:49:00.006,1.47091,1.47122,1.50,1.00
2015.07.06 12:49:00.523,1.47091,1.47122,1.37,1.00
2015.07.06 12:49:01.067,1.47088,1.47121,1.75,1.00
2015.07.06 12:49:01.578,1.47087,1.4712,2.25,1.00
2015.07.06 12:49:02.097,1.47089,1.47123,1.75,1.00
2015.07.06 12:49:02.314,1.47093,1.47121,1.00,1.00
2015.07.06 12:49:02.416,1.47093,1.47123,1.00,1.00
2015.07.06 12:49:02.518,1.47093,1.47125,1.00,1.50
2015.07.06 12:49:02.570,1.47093,1.47122,1.00,1.00
2015.07.06 12:49:02.874,1.47093,1.4712,1.00,1.00
2015.07.06 12:49:03.388,1.47088,1.47119,1.75,1.00
2015.07.06 12:49:03.776,1.4709,1.47123,1.50,1.50
2015.07.06 12:49:03.878,1.47088,1.4712,1.75,1.00
2015.07.06 12:49:04.185,1.4709,1.47123,1.50,1.50
2015.07.06 12:49:04.439,1.47088,1.4712,1.75,1.00
2015.07.06 12:49:04.745,1.47088,1.47115,1.75,1.00
2015.07.06 12:49:05.537,1.47086,1.47117,1.75,1.00
2015.07.06 12:49:06.135,1.47087,1.47117,1.75,1.00
2015.07.06 12:49:06.686,1.47088,1.47118,1.75,1.00
2015.07.06 12:49:07.134,1.47088,1.47121,1.75,1.50
2015.07.06 12:49:07.185,1.47087,1.47118,1.75,1.00
2015.07.06 12:49:07.699,1.47087,1.47115,1.75,1.00
2015.07.06 12:49:08.300,1.47087,1.47118,1.75,1.50
2015.07.06 12:49:08.694,1.47087,1.47118,1.00,1.00
2015.07.06 12:49:08.796,1.47087,1.47115,1.00,1.00
2015.07.06 12:49:08.848,1.47085,1.47115,1.50,1.84
2015.07.06 12:49:08.950,1.47079,1.47112,2.25,1.00
2015.07.06 12:49:09.255,1.47079,1.47104,1.75,1.00
2015.07.06 12:49:09.762,1.47075,1.47103,1.75,1.00
2015.07.06 12:49:10.913,1.47075,1.47103,1.75,1.00
2015.07.06 12:49:11.770,1.47075,1.47104,1.75,1.00
2015.07.06 12:49:12.326,1.47075,1.47103,1.75,1.00
2015.07.06 12:49:13.338,1.47075,1.47104,1.75,1.00
2015.07.06 12:49:13.441,1.47075,1.47106,1.75,1.00
2015.07.06 12:49:13.747,1.47075,1.47108,1.75,1.00
2015.07.06 12:49:14.103,1.47075,1.47106,1.75,1.00
2015.07.06 12:49:16.862,1.47075,1.47104,1.75,1.00
2015.07.06 12:49:17.206,1.47075,1.47102,1.75,1.00
2015.07.06 12:49:19.805,1.47085,1.47102,1.00,1.00
2015.07.06 12:49:19.907,1.47085,1.47105,1.00,1.00
2015.07.06 12:49:20.247,1.47085,1.47107,1.00,1.00
2015.07.06 12:49:20.299,1.47085,1.47109,1.00,1.00
2015.07.06 12:49:22.878,1.4709,1.47109,1.00,1.00
2015.07.06 12:49:24.426,1.4709,1.47112,1.00,1.87
2015.07.06 12:49:25.034,1.4709,1.47108,1.00,1.00
2015.07.06 12:49:29.199,1.47077,1.47106,1.75,1.00
2015.07.06 12:49:29.653,1.47073,1.47103,1.75,1.00
2015.07.06 12:49:30.619,1.47088,1.47103,1.00,1.00
2015.07.06 12:49:31.139,1.47088,1.47102,1.00,1.00
2015.07.06 12:49:31.648,1.47088,1.47105,1.00,1.37
2015.07.06 12:49:32.569,1.47077,1.47104,1.75,1.00
2015.07.06 12:49:34.705,1.47077,1.47103,1.75,1.00
2015.07.06 12:49:36.785,1.47077,1.47102,1.75,1.00
2015.07.06 12:49:37.076,1.47074,1.471,1.09,1.00
2015.07.06 12:49:37.231,1.47073,1.47103,1.75,1.00
2015.07.06 12:49:38.304,1.47073,1.47096,1.00,1.00
2015.07.06 12:49:38.356,1.47067,1.47093,1.12,1.00
2015.07.06 12:49:38.865,1.47063,1.4709,1.12,1.00
2015.07.06 12:49:39.170,1.47059,1.47087,1.75,1.00
2015.07.06 12:49:39.709,1.47058,1.47084,1.12,1.00
2015.07.06 12:49:40.045,1.47054,1.47081,1.12,1.00
2015.07.06 12:49:40.585,1.47049,1.4708,2.62,1.00
2015.07.06 12:49:40.687,1.47049,1.47078,2.25,1.00
2015.07.06 12:49:42.580,1.47049,1.47078,2.25,1.00
2015.07.06 12:49:43.755,1.47046,1.47077,1.75,1.00
2015.07.06 12:49:44.263,1.47053,1.47076,1.00,1.00
2015.07.06 12:49:45.569,1.47045,1.47076,1.00,1.00
2015.07.06 12:49:45.620,1.47045,1.47076,1.00,1.34
2015.07.06 12:49:45.722,1.47043,1.47072,1.00,1.09
2015.07.06 12:49:45.774,1.47041,1.47069,1.00,1.00
2015.07.06 12:49:46.251,1.47041,1.47066,1.00,1.00
2015.07.06 12:49:46.403,1.47041,1.47068,1.00,1.50
2015.07.06 12:49:47.060,1.47041,1.47067,1.00,1.00
2015.07.06 12:49:47.614,1.47041,1.47068,1.00,1.50
2015.07.06 12:49:47.828,1.47041,1.47065,1.00,1.00
2015.07.06 12:49:47.982,1.47041,1.47068,1.12,1.00
2015.07.06 12:49:48.187,1.47047,1.47068,1.00,1.00
2015.07.06 12:49:48.289,1.47047,1.47073,1.00,1.00
2015.07.06 12:49:48.839,1.47047,1.47074,1.12,1.50
2015.07.06 12:49:48.890,1.47047,1.47074,2.62,1.00
2015.07.06 12:49:48.941,1.47047,1.47078,2.62,1.00
2015.07.06 12:49:49.448,1.47047,1.47079,1.87,1.46
2015.07.06 12:49:49.601,1.47047,1.47081,3.00,1.37
2015.07.06 12:49:49.910,1.47056,1.47088,1.37,1.37
2015.07.06 12:49:49.961,1.47061,1.47088,1.00,1.00
2015.07.06 12:49:50.013,1.47061,1.4709,1.00,1.00
2015.07.06 12:49:50.064,1.47062,1.47091,1.37,1.00
2015.07.06 12:49:50.370,1.47067,1.47099,1.87,1.37
2015.07.06 12:49:50.421,1.47067,1.47099,1.87,1.00
2015.07.06 12:49:50.971,1.47067,1.47098,1.87,1.50
2015.07.06 12:49:51.827,1.47067,1.47099,1.87,1.00
2015.07.06 12:49:54.464,1.47068,1.471,1.12,1.50
2015.07.06 12:49:55.264,1.47067,1.47099,1.37,1.00
2015.07.06 12:49:55.315,1.47067,1.47096,1.37,1.00
2015.07.06 12:49:55.468,1.4706,1.47093,1.87,1.00
2015.07.06 12:49:55.775,1.4706,1.47088,1.00,1.00
2015.07.06 12:49:56.289,1.4706,1.47089,1.00,1.50
2015.07.06 12:49:56.880,1.47059,1.4709,1.09,1.00
2015.07.06 12:49:58.316,1.47059,1.4709,1.46,1.00
2015.07.06 12:49:58.519,1.47062,1.47094,1.50,1.00
2015.07.06 12:49:58.571,1.47064,1.47094,1.00,1.00
2015.07.06 12:49:58.870,1.47062,1.47095,2.25,1.00
2015.07.06 12:49:59.394,1.47062,1.47096,2.25,1.00
2015.07.06 12:50:00.712,1.47062,1.47098,2.25,2.62
2015.07.06 12:50:00.814,1.47062,1.47098,3.00,1.00
2015.07.06 12:50:01.348,1.47062,1.47098,2.25,1.50
2015.07.06 12:50:02.021,1.47072,1.471,1.37,1.00
2015.07.06 12:50:02.123,1.47072,1.47105,2.96,1.00
2015.07.06 12:50:02.174,1.47077,1.47107,1.46,1.00
2015.07.06 12:50:02.379,1.47078,1.4711,1.12,1.00
2015.07.06 12:50:02.930,1.47078,1.47109,1.12,1.00
2015.07.06 12:50:03.925,1.47078,1.47111,1.50,1.00
2015.07.06 12:50:04.475,1.47079,1.47111,1.12,1.00
2015.07.06 12:50:05.306,1.47078,1.47111,1.12,1.00
2015.07.06 12:50:05.925,1.47077,1.471,1.00,1.00
2015.07.06 12:50:05.976,1.47069,1.471,1.00,1.00
2015.07.06 12:50:06.028,1.47067,1.471,1.50,1.00
2015.07.06 12:50:06.232,1.47067,1.47098,1.12,1.00
2015.07.06 12:50:06.780,1.47067,1.47099,1.12,1.00
2015.07.06 12:50:09.630,1.47066,1.47099,1.87,1.00
2015.07.06 12:50:10.207,1.47067,1.47099,1.00,1.00
2015.07.06 12:50:10.871,1.47066,1.47099,1.12,1.00
2015.07.06 12:50:11.806,1.47066,1.47098,1.12,1.00
2015.07.06 12:50:12.338,1.47065,1.47098,1.12,1.50
2015.07.06 12:50:14.100,1.47065,1.47095,1.12,1.00
2015.07.06 12:50:14.152,1.47059,1.47094,1.71,1.00
2015.07.06 12:50:14.254,1.47057,1.47091,1.50,2.59
2015.07.06 12:50:14.661,1.47054,1.47088,1.12,1.50
2015.07.06 12:50:14.713,1.47053,1.47086,1.37,1.00
2015.07.06 12:50:15.017,1.47051,1.47084,1.00,2.25
2015.07.06 12:50:15.069,1.47052,1.47084,1.37,2.25
2015.07.06 12:50:15.170,1.47051,1.47084,1.12,2.25
2015.07.06 12:50:15.440,1.47052,1.47086,1.00,1.00
2015.07.06 12:50:18.213,1.47052,1.47084,1.00,1.00
2015.07.06 12:50:18.854,1.47052,1.47085,1.00,1.00
2015.07.06 12:50:21.411,1.47052,1.47083,1.00,1.00
2015.07.06 12:50:21.845,1.47052,1.47086,1.00,1.50
2015.07.06 12:50:25.261,1.47052,1.47085,1.12,1.50
2015.07.06 12:50:33.063,1.47055,1.47085,1.00,1.00
2015.07.06 12:50:34.573,1.47055,1.47086,1.00,1.00
2015.07.06 12:50:35.594,1.47054,1.47086,1.00,1.00
2015.07.06 12:50:35.899,1.47056,1.47086,1.50,1.00
2015.07.06 12:50:36.659,1.47054,1.47086,1.37,1.00
2015.07.06 12:50:37.210,1.47054,1.47087,1.37,1.00
2015.07.06 12:50:37.363,1.47053,1.47087,1.00,1.00
2015.07.06 12:50:37.466,1.47055,1.47087,1.00,1.00
2015.07.06 12:50:37.618,1.47053,1.47087,1.00,1.00
2015.07.06 12:50:38.026,1.47056,1.47087,1.00,1.00
2015.07.06 12:50:38.454,1.47054,1.47087,1.50,1.00
2015.07.06 12:50:39.245,1.47056,1.47087,1.00,1.00
2015.07.06 12:50:39.793,1.47054,1.47086,1.00,1.00
2015.07.06 12:50:40.882,1.47055,1.47088,1.37,1.00
2015.07.06 12:50:41.200,1.47054,1.47085,1.12,1.00
2015.07.06 12:50:41.707,1.47054,1.47086,1.12,1.00
2015.07.06 12:50:43.771,1.47055,1.47086,1.00,1.00
2015.07.06 12:50:44.516,1.47054,1.47086,1.12,1.00
2015.07.06 12:50:45.226,1.47054,1.47087,1.87,1.00
2015.07.06 12:50:45.732,1.47058,1.47088,2.62,1.09
2015.07.06 12:50:46.191,1.47057,1.47085,1.00,1.00
2015.07.06 12:50:46.243,1.47053,1.47085,1.12,2.25
2015.07.06 12:50:46.753,1.47052,1.47086,1.37,1.00
2015.07.06 12:50:47.589,1.47052,1.47088,1.87,2.59
2015.07.06 12:50:47.641,1.47056,1.47088,1.37,2.25
2015.07.06 12:50:47.844,1.47062,1.47094,1.12,1.00
2015.07.06 12:50:48.099,1.47063,1.4709,1.00,1.00
2015.07.06 12:50:48.150,1.4706,1.4709,1.00,1.50
2015.07.06 12:50:48.252,1.47061,1.47087,1.00,1.00
2015.07.06 12:50:48.495,1.47057,1.47087,1.00,1.00
2015.07.06 12:50:48.546,1.47057,1.47085,1.00,1.00
2015.07.06 12:50:48.853,1.4706,1.47087,1.87,1.00
2015.07.06 12:50:49.362,1.47061,1.47086,1.00,1.00
2015.07.06 12:50:49.413,1.47059,1.47086,1.00,1.00
2015.07.06 12:50:49.464,1.47055,1.47086,1.50,1.00
2015.07.06 12:50:49.566,1.47054,1.47084,1.50,1.00
2015.07.06 12:50:50.027,1.47053,1.47081,1.00,1.00
2015.07.06 12:50:50.340,1.47056,1.47084,1.00,1.00
2015.07.06 12:50:50.853,1.47055,1.47084,1.00,1.00
2015.07.06 12:50:51.652,1.47055,1.47085,1.00,1.00
2015.07.06 12:50:51.998,1.47055,1.47087,1.00,1.00
2015.07.06 12:50:54.153,1.47055,1.47088,1.00,1.09
2015.07.06 12:50:54.529,1.47053,1.47086,1.87,1.00
2015.07.06 12:50:55.765,1.47053,1.47087,1.87,1.00
2015.07.06 12:50:56.277,1.47053,1.47087,1.00,1.50
2015.07.06 12:50:56.596,1.47053,1.47084,1.00,1.00
2015.07.06 12:50:56.816,1.47056,1.47088,1.12,1.09
2015.07.06 12:50:56.867,1.47059,1.47088,1.00,1.09
2015.07.06 12:50:57.173,1.47062,1.47089,1.00,1.34
2015.07.06 12:50:57.595,1.47056,1.47089,1.50,1.34
2015.07.06 12:51:00.686,1.47057,1.47088,1.00,1.09
2015.07.06 12:51:00.996,1.47059,1.47088,1.12,1.09
2015.07.06 12:51:01.556,1.47056,1.47089,1.50,1.34
2015.07.06 12:51:03.414,1.47056,1.47087,1.50,1.00
2015.07.06 12:51:03.846,1.47054,1.47088,1.12,2.59
2015.07.06 12:51:04.507,1.47053,1.47087,1.87,1.00
2015.07.06 12:51:05.033,1.47056,1.47088,1.00,1.84
2015.07.06 12:51:05.526,1.47059,1.47089,1.00,1.84
2015.07.06 12:51:05.780,1.47056,1.47089,1.50,1.84
2015.07.06 12:51:05.984,1.47053,1.47087,1.87,1.00
2015.07.06 12:51:06.086,1.47053,1.47084,1.12,1.00
2015.07.06 12:51:06.545,1.47053,1.47087,1.37,2.25
2015.07.06 12:51:06.647,1.4706,1.47088,1.00,1.09
2015.07.06 12:51:07.113,1.47061,1.4709,1.00,1.00
2015.07.06 12:51:07.164,1.47067,1.47091,1.00,1.00
2015.07.06 12:51:07.266,1.47067,1.47096,1.00,1.00
2015.07.06 12:51:07.777,1.47063,1.47095,1.00,1.00
2015.07.06 12:51:07.828,1.4706,1.47095,1.37,1.50
2015.07.06 12:51:08.136,1.47062,1.47095,1.37,1.00
2015.07.06 12:51:08.523,1.47066,1.47098,1.00,1.34
2015.07.06 12:51:09.046,1.47065,1.47097,1.50,1.09
2015.07.06 12:51:09.548,1.47066,1.47097,1.00,1.09
2015.07.06 12:51:11.413,1.47067,1.47098,1.00,1.84
2015.07.06 12:51:12.189,1.4707,1.47098,1.00,1.84
2015.07.06 12:51:12.494,1.47072,1.47098,1.37,1.00
2015.07.06 12:51:12.545,1.47075,1.47106,1.00,2.21
2015.07.06 12:51:13.061,1.47076,1.47109,1.00,1.46
2015.07.06 12:51:15.498,1.47075,1.47106,1.50,1.09
2015.07.06 12:51:17.769,1.47076,1.47108,1.00,1.34
2015.07.06 12:51:17.871,1.47078,1.47106,1.00,1.09
2015.07.06 12:51:18.473,1.4708,1.47109,1.00,1.34
2015.07.06 12:51:18.983,1.47081,1.47109,1.00,1.34
2015.07.06 12:51:19.505,1.47082,1.47109,1.00,1.34
2015.07.06 12:51:20.825,1.4708,1.47107,1.00,1.34
2015.07.06 12:51:20.930,1.47073,1.47107,3.75,1.34
2015.07.06 12:51:21.032,1.47077,1.47107,1.00,1.34
2015.07.06 12:51:21.876,1.47077,1.47105,1.00,1.00
2015.07.06 12:51:21.927,1.47073,1.47105,3.37,1.00
2015.07.06 12:51:22.460,1.47076,1.47105,1.00,1.00
2015.07.06 12:51:22.765,1.47079,1.47107,1.50,1.00
2015.07.06 12:51:22.867,1.47079,1.47109,1.00,1.00
2015.07.06 12:51:22.918,1.47081,1.47109,1.12,1.00
2015.07.06 12:51:23.242,1.47085,1.47114,1.00,1.00
2015.07.06 12:51:23.345,1.47083,1.47114,1.00,1.50
2015.07.06 12:51:23.447,1.47085,1.47114,1.00,1.00
2015.07.06 12:51:24.102,1.47084,1.47114,1.00,1.00
2015.07.06 12:51:24.612,1.47085,1.47114,1.00,1.00
2015.07.06 12:51:25.153,1.47085,1.47115,1.00,1.00
2015.07.06 12:51:25.822,1.47085,1.47114,1.00,1.00
2015.07.06 12:51:26.519,1.47085,1.47115,1.00,1.00
2015.07.06 12:51:26.821,1.47088,1.47115,1.00,1.00
2015.07.06 12:51:29.414,1.47087,1.47115,1.00,1.00
2015.07.06 12:51:29.922,1.47088,1.47114,1.00,1.00
2015.07.06 12:51:30.490,1.47088,1.47115,1.00,1.00
2015.07.06 12:51:30.857,1.4709,1.47114,1.00,1.00
2015.07.06 12:51:31.283,1.47088,1.47114,1.00,1.00
2015.07.06 12:51:31.385,1.47086,1.47114,1.00,1.00
2015.07.06 12:51:31.909,1.47086,1.47115,1.00,1.00
2015.07.06 12:51:31.960,1.47084,1.47115,1.00,1.00
2015.07.06 12:51:32.236,1.47084,1.47112,1.00,1.00
2015.07.06 12:51:32.440,1.47084,1.47114,1.00,1.50
2015.07.06 12:51:32.491,1.47087,1.47114,1.00,1.50
2015.07.06 12:51:32.951,1.4709,1.47114,1.00,1.00
2015.07.06 12:51:33.104,1.4709,1.47116,1.00,1.09
2015.07.06 12:51:34.979,1.4709,1.4712,1.00,1.50
2015.07.06 12:51:35.081,1.4709,1.47123,1.12,1.00
2015.07.06 12:51:35.132,1.47097,1.47123,1.00,1.00
2015.07.06 12:51:35.466,1.471,1.47126,1.00,1.00
2015.07.06 12:51:35.924,1.47098,1.47127,1.00,1.09
2015.07.06 12:51:35.976,1.47098,1.47122,1.00,1.00
2015.07.06 12:51:36.027,1.47096,1.47122,1.00,1.00
2015.07.06 12:51:36.078,1.47096,1.47124,1.00,1.00
2015.07.06 12:51:36.129,1.47094,1.47124,1.00,1.00
2015.07.06 12:51:36.634,1.47096,1.47126,1.00,1.00
2015.07.06 12:51:36.941,1.47105,1.47134,1.00,1.00
2015.07.06 12:51:37.602,1.47106,1.47134,1.00,1.00
2015.07.06 12:51:37.914,1.47104,1.47134,1.00,1.00
2015.07.06 12:51:38.302,1.47108,1.47134,1.00,1.00
2015.07.06 12:51:38.506,1.47108,1.47138,1.00,1.50
2015.07.06 12:51:38.557,1.47103,1.47138,1.50,1.50
2015.07.06 12:51:38.864,1.47106,1.47138,1.00,1.50
2015.07.06 12:51:39.376,1.47107,1.47137,1.00,1.00
2015.07.06 12:51:39.427,1.47104,1.47137,1.00,1.00
2015.07.06 12:51:39.479,1.47102,1.47137,1.50,1.50
2015.07.06 12:51:39.581,1.47102,1.47134,1.50,1.00
2015.07.06 12:51:39.886,1.47104,1.47134,1.00,1.00
2015.07.06 12:51:40.377,1.47106,1.47135,1.12,1.50
2015.07.06 12:51:40.682,1.47106,1.47138,2.62,1.00
2015.07.06 12:51:42.358,1.47107,1.47138,1.00,1.00
2015.07.06 12:51:42.461,1.47111,1.47138,1.50,1.00
2015.07.06 12:51:42.562,1.47111,1.47141,1.50,1.00
2015.07.06 12:51:43.008,1.47111,1.47137,1.50,1.00
2015.07.06 12:51:43.164,1.47105,1.47137,1.87,1.00
2015.07.06 12:51:43.671,1.47105,1.47138,1.37,1.00
2015.07.06 12:51:43.774,1.47106,1.4714,1.12,1.50
2015.07.06 12:51:43.926,1.4711,1.47141,1.00,1.00
2015.07.06 12:51:43.977,1.4711,1.47143,1.00,1.00
2015.07.06 12:51:44.080,1.47111,1.47143,1.34,1.00
2015.07.06 12:51:44.232,1.47115,1.47148,1.00,1.12
2015.07.06 12:51:44.334,1.4712,1.47151,1.00,1.00
2015.07.06 12:51:44.797,1.4712,1.47149,1.00,1.00
2015.07.06 12:51:44.848,1.47116,1.47149,1.37,1.00
2015.07.06 12:51:44.900,1.47116,1.47151,1.37,1.50
2015.07.06 12:51:47.522,1.47116,1.47151,1.00,1.50
2015.07.06 12:51:49.832,1.47116,1.47148,1.00,1.00
2015.07.06 12:51:50.442,1.4712,1.47147,1.50,1.00
2015.07.06 12:51:50.493,1.4712,1.47153,1.50,1.00
2015.07.06 12:51:51.161,1.4712,1.47155,1.84,1.00
2015.07.06 12:51:52.619,1.4712,1.47156,2.59,1.00
2015.07.06 12:51:54.305,1.47123,1.4715,1.37,1.00
2015.07.06 12:51:54.459,1.47123,1.47155,1.37,1.00
2015.07.06 12:51:54.862,1.47123,1.47149,1.37,1.00
2015.07.06 12:51:55.433,1.47123,1.4715,1.37,1.00
2015.07.06 12:51:55.984,1.47123,1.47149,1.37,1.00
2015.07.06 12:51:56.848,1.47123,1.47154,1.37,1.50
2015.07.06 12:52:00.807,1.47124,1.47155,1.50,1.00
2015.07.06 12:52:00.858,1.47129,1.47155,1.00,1.00
2015.07.06 12:52:01.798,1.47126,1.47155,1.00,1.00
2015.07.06 12:52:02.379,1.4713,1.47155,1.00,1.00
2015.07.06 12:52:04.394,1.47126,1.47155,1.00,1.00
2015.07.06 12:52:05.394,1.4713,1.47155,1.00,1.00
2015.07.06 12:52:06.104,1.4713,1.47158,1.00,1.00
2015.07.06 12:52:06.588,1.4713,1.47155,1.00,1.00
2015.07.06 12:52:09.384,1.4713,1.47154,1.00,1.00
2015.07.06 12:52:11.372,1.4713,1.47155,1.00,1.00
2015.07.06 12:52:12.033,1.4713,1.47154,1.00,1.00
2015.07.06 12:52:12.160,1.4713,1.47159,1.00,1.00
2015.07.06 12:52:12.666,1.4713,1.4716,1.00,1.00
2015.07.06 12:52:13.745,1.4713,1.47159,1.00,1.00
2015.07.06 12:52:15.702,1.47134,1.47159,1.50,1.00
2015.07.06 12:52:16.222,1.47134,1.4716,1.50,1.00
2015.07.06 12:52:17.434,1.47131,1.47159,1.00,1.00
2015.07.06 12:52:17.872,1.47131,1.47163,1.00,1.00
2015.07.06 12:52:18.075,1.47131,1.47159,1.00,1.00
2015.07.06 12:52:18.379,1.47137,1.47159,1.00,1.00
2015.07.06 12:52:18.685,1.47147,1.4717,1.00,1.00
2015.07.06 12:52:18.918,1.47139,1.47169,1.50,1.00
2015.07.06 12:52:19.612,1.47139,1.4717,1.50,1.00
2015.07.06 12:52:20.315,1.47139,1.47169,1.50,1.00
2015.07.06 12:52:20.824,1.47144,1.47169,1.50,1.00
2015.07.06 12:52:21.332,1.47137,1.47169,1.09,1.00
2015.07.06 12:52:25.005,1.47142,1.47169,1.00,1.00
2015.07.06 12:52:25.158,1.47142,1.47174,1.00,1.00
2015.07.06 12:52:27.428,1.47142,1.47175,1.00,1.50
2015.07.06 12:52:28.877,1.47142,1.47174,1.00,1.00
2015.07.06 12:52:29.663,1.47142,1.47175,1.00,1.00
2015.07.06 12:52:29.767,1.47142,1.47177,1.00,1.00
2015.07.06 12:52:29.869,1.47142,1.47174,1.00,1.00
2015.07.06 12:52:30.175,1.47147,1.47169,1.00,1.00
2015.07.06 12:52:30.950,1.47141,1.47169,1.50,1.00
2015.07.06 12:52:31.243,1.47139,1.47169,1.00,1.00
2015.07.06 12:52:32.647,1.47144,1.47169,1.00,1.00
2015.07.06 12:52:32.952,1.47149,1.47175,1.50,1.00
2015.07.06 12:52:33.648,1.47141,1.47173,1.50,1.00
2015.07.06 12:52:33.903,1.47137,1.47172,1.46,1.00
2015.07.06 12:52:34.515,1.47137,1.47171,1.09,1.00
2015.07.06 12:52:34.566,1.4714,1.47171,1.37,1.00
2015.07.06 12:52:34.871,1.4714,1.47174,1.87,1.00
2015.07.06 12:52:34.922,1.4714,1.47169,1.87,1.00
2015.07.06 12:52:35.125,1.4714,1.47174,2.25,1.50
2015.07.06 12:52:35.436,1.4714,1.47174,2.96,1.00
2015.07.06 12:52:35.895,1.47145,1.47179,1.84,1.00
2015.07.06 12:52:37.162,1.47152,1.47179,1.00,1.00
2015.07.06 12:52:37.568,1.47146,1.47179,2.59,1.00
2015.07.06 12:52:42.009,1.47146,1.47177,2.59,1.00
2015.07.06 12:52:42.510,1.47143,1.47165,3.37,1.00
2015.07.06 12:52:43.023,1.47143,1.47164,3.37,1.00
2015.07.06 12:52:43.531,1.47139,1.47164,1.50,1.00
2015.07.06 12:52:43.633,1.47139,1.47166,1.50,1.00
2015.07.06 12:52:44.581,1.47139,1.47165,1.50,1.00
2015.07.06 12:52:45.907,1.47139,1.47164,1.50,1.00
2015.07.06 12:52:46.421,1.47139,1.47165,1.37,1.00
2015.07.06 12:52:47.662,1.47139,1.47166,1.37,1.00
2015.07.06 12:52:47.881,1.47139,1.47164,1.37,1.00
2015.07.06 12:52:50.081,1.47139,1.47166,1.37,1.00
2015.07.06 12:52:50.191,1.47139,1.47164,1.37,1.00
2015.07.06 12:52:50.344,1.47137,1.47166,1.09,1.00
2015.07.06 12:52:50.884,1.47137,1.47165,1.09,1.00
2015.07.06 12:52:52.510,1.47137,1.47166,1.09,1.00
2015.07.06 12:52:53.375,1.47137,1.47166,1.09,1.00
2015.07.06 12:52:53.671,1.47144,1.4717,3.00,1.50
2015.07.06 12:52:53.978,1.47144,1.47175,3.00,1.00
2015.07.06 12:52:54.337,1.47144,1.47175,3.75,1.00
2015.07.06 12:52:54.390,1.47144,1.47177,3.75,1.00
2015.07.06 12:52:55.296,1.47146,1.47176,3.75,1.00
2015.07.06 12:52:57.300,1.47146,1.47176,3.75,1.00
2015.07.06 12:53:00.509,1.47146,1.47175,3.37,1.00
2015.07.06 12:53:00.818,1.47146,1.47177,3.37,1.00
2015.07.06 12:53:01.329,1.47149,1.47178,3.37,1.50
2015.07.06 12:53:06.327,1.47146,1.47178,3.75,2.25
2015.07.06 12:53:08.411,1.47146,1.47177,3.75,1.00
2015.07.06 12:53:09.420,1.47146,1.47177,3.75,1.00
2015.07.06 12:53:10.125,1.47146,1.47178,3.75,1.00
2015.07.06 12:53:11.097,1.4715,1.47179,1.12,1.00
2015.07.06 12:53:11.645,1.4715,1.4718,1.12,1.00
2015.07.06 12:53:12.899,1.4715,1.47179,1.00,1.00
2015.07.06 12:53:15.231,1.4715,1.47183,1.00,1.00
2015.07.06 12:53:17.949,1.4715,1.47182,1.00,1.00
2015.07.06 12:53:18.399,1.4715,1.47179,1.00,1.00
2015.07.06 12:53:18.902,1.47149,1.47179,3.37,1.00
2015.07.06 12:53:19.004,1.4715,1.47181,1.37,1.00
2015.07.06 12:53:19.055,1.47151,1.47185,1.12,1.00
2015.07.06 12:53:19.567,1.47151,1.47184,1.00,1.00
2015.07.06 12:53:20.194,1.47151,1.47184,4.12,1.50
2015.07.06 12:53:22.327,1.47151,1.47185,1.50,1.50
2015.07.06 12:53:24.268,1.47151,1.47184,1.37,1.00
2015.07.06 12:53:24.626,1.47151,1.4718,1.37,1.00
2015.07.06 12:53:25.088,1.47149,1.47174,1.50,1.00
2015.07.06 12:53:25.377,1.4715,1.4718,1.00,1.00
2015.07.06 12:53:25.632,1.4715,1.47182,1.37,1.00
2015.07.06 12:53:25.684,1.47153,1.47184,1.00,1.00
2015.07.06 12:53:25.989,1.4716,1.47185,1.00,1.12
2015.07.06 12:53:26.040,1.47155,1.47185,1.00,1.12
2015.07.06 12:53:26.091,1.47157,1.47185,1.00,1.12
2015.07.06 12:53:26.645,1.47157,1.47184,1.00,1.00
2015.07.06 12:53:27.194,1.47155,1.47185,1.00,1.12
2015.07.06 12:53:28.382,1.47155,1.47184,1.00,1.00
2015.07.06 12:53:29.774,1.47155,1.47185,1.37,1.00
2015.07.06 12:53:29.825,1.47155,1.47188,1.37,1.50
2015.07.06 12:53:39.672,1.47159,1.47188,1.00,1.00
2015.07.06 12:53:39.824,1.47159,1.4719,1.00,1.00
2015.07.06 12:53:40.373,1.47159,1.47185,1.00,1.00
2015.07.06 12:53:40.577,1.47159,1.4719,1.00,1.00
2015.07.06 12:53:41.228,1.47159,1.47187,1.00,1.00
2015.07.06 12:53:41.280,1.47152,1.47185,1.00,1.00
2015.07.06 12:53:41.809,1.47152,1.47184,1.00,1.00
2015.07.06 12:53:42.113,1.47152,1.47179,1.00,1.00
2015.07.06 12:53:42.419,1.47152,1.47177,1.00,1.09
2015.07.06 12:53:42.471,1.47144,1.47177,1.37,1.09
2015.07.06 12:53:42.573,1.47144,1.47177,1.00,1.09
2015.07.06 12:53:42.625,1.47143,1.47174,1.00,1.00
2015.07.06 12:53:43.135,1.47144,1.47173,1.00,1.00
2015.07.06 12:53:43.186,1.47145,1.47178,1.00,1.34
2015.07.06 12:53:43.443,1.47149,1.47175,1.00,1.00
2015.07.06 12:53:43.548,1.47149,1.47179,1.00,1.00
2015.07.06 12:53:44.058,1.47149,1.4718,1.00,1.00
2015.07.06 12:53:44.600,1.47144,1.47178,1.00,1.00
2015.07.06 12:53:44.703,1.47144,1.47175,1.00,1.00
2015.07.06 12:53:45.395,1.47143,1.47175,1.00,1.00
2015.07.06 12:53:45.971,1.47138,1.47174,2.21,1.00
2015.07.06 12:53:46.022,1.47142,1.47172,1.00,1.00
2015.07.06 12:53:46.346,1.47138,1.47171,1.50,1.00
2015.07.06 12:53:46.448,1.47138,1.47168,1.50,1.09
2015.07.06 12:53:46.652,1.47133,1.47167,2.25,1.00
2015.07.06 12:53:47.163,1.47133,1.47168,2.62,1.09
2015.07.06 12:53:47.418,1.47134,1.47164,1.00,1.00
2015.07.06 12:53:47.622,1.47134,1.47168,1.00,1.09
2015.07.06 12:53:47.673,1.47134,1.47166,1.00,1.00
2015.07.06 12:53:49.525,1.47134,1.47164,1.12,1.00
2015.07.06 12:53:50.087,1.47133,1.47165,1.37,1.00
2015.07.06 12:53:50.906,1.47133,1.47165,2.25,1.00
2015.07.06 12:53:51.080,1.47133,1.47167,1.87,1.00
2015.07.06 12:53:51.284,1.47134,1.47164,1.00,1.00
2015.07.06 12:53:51.386,1.47133,1.47167,2.25,1.00
2015.07.06 12:53:51.488,1.47133,1.47165,2.25,1.00
2015.07.06 12:53:52.033,1.47133,1.47168,1.87,1.00
2015.07.06 12:53:52.338,1.47133,1.47169,2.62,1.50
2015.07.06 12:53:52.774,1.47133,1.47167,1.87,1.00
2015.07.06 12:53:53.376,1.47137,1.4717,1.50,1.50
2015.07.06 12:53:53.885,1.47137,1.47169,1.50,1.00
2015.07.06 12:53:55.452,1.47137,1.4717,1.50,1.50
2015.07.06 12:53:56.645,1.47137,1.47169,1.50,1.00
2015.07.06 12:53:56.930,1.47137,1.47167,1.50,1.00
2015.07.06 12:54:00.351,1.47137,1.47168,1.00,1.00
2015.07.06 12:54:01.221,1.47137,1.47167,1.00,1.00
2015.07.06 12:54:03.880,1.47137,1.47168,1.00,1.00
2015.07.06 12:54:05.648,1.47137,1.47167,1.00,1.00
2015.07.06 12:54:07.785,1.47138,1.47173,1.00,1.00
2015.07.06 12:54:07.840,1.47141,1.47174,1.12,1.50
2015.07.06 12:54:08.145,1.47144,1.47174,1.00,1.00
2015.07.06 12:54:08.888,1.47143,1.47174,1.00,1.00
2015.07.06 12:54:09.397,1.47144,1.47174,1.00,1.00
2015.07.06 12:54:12.267,1.47144,1.47177,1.00,1.00
2015.07.06 12:54:13.569,1.47143,1.47178,1.00,1.50
2015.07.06 12:54:14.228,1.47144,1.47178,1.00,1.00
2015.07.06 12:54:14.734,1.47143,1.47178,1.00,1.50
2015.07.06 12:54:15.106,1.47147,1.47177,1.00,1.00
2015.07.06 12:54:17.292,1.47146,1.47177,1.00,1.00
2015.07.06 12:54:17.546,1.47151,1.47183,1.50,1.12
2015.07.06 12:54:17.911,1.47154,1.47183,1.00,1.00
2015.07.06 12:54:18.222,1.47156,1.47185,1.50,1.00
2015.07.06 12:54:18.426,1.47156,1.47187,1.50,1.00
2015.07.06 12:54:18.477,1.47158,1.47187,1.00,1.00
2015.07.06 12:54:18.791,1.47156,1.47188,1.50,1.00
2015.07.06 12:54:19.297,1.47154,1.47186,1.87,1.00
2015.07.06 12:54:20.335,1.47154,1.47185,1.50,1.00
2015.07.06 12:54:20.640,1.47154,1.47183,1.50,1.00
2015.07.06 12:54:21.258,1.47154,1.47185,1.00,1.50
2015.07.06 12:54:21.411,1.47151,1.47185,1.50,1.50
2015.07.06 12:54:21.901,1.47151,1.47182,1.50,1.00
2015.07.06 12:54:24.217,1.47151,1.47183,1.00,1.00
2015.07.06 12:54:24.369,1.47151,1.47185,1.00,1.50
2015.07.06 12:54:26.920,1.47151,1.47184,1.00,1.00
2015.07.06 12:54:27.228,1.47153,1.47184,1.00,1.00
2015.07.06 12:54:27.579,1.47155,1.47185,1.00,1.50
2015.07.06 12:54:27.630,1.47153,1.47185,1.00,1.50
2015.07.06 12:54:27.783,1.47156,1.47185,1.00,1.00
2015.07.06 12:54:28.310,1.47157,1.47185,1.00,1.00
2015.07.06 12:54:28.565,1.47156,1.47187,1.00,1.50
2015.07.06 12:54:29.675,1.47157,1.47187,1.00,1.50
2015.07.06 12:54:29.980,1.4716,1.47187,1.00,1.50
2015.07.06 12:54:30.490,1.47157,1.47187,1.00,1.00
2015.07.06 12:54:30.963,1.47155,1.47186,1.87,1.00
2015.07.06 12:54:31.731,1.47158,1.47187,1.00,1.00
2015.07.06 12:54:32.267,1.47157,1.47187,1.00,1.00
2015.07.06 12:54:32.807,1.47158,1.47187,1.00,1.00
2015.07.06 12:54:34.006,1.47157,1.47187,1.00,1.00
2015.07.06 12:54:34.577,1.47157,1.47186,1.00,1.00
2015.07.06 12:54:36.473,1.47158,1.47186,1.00,1.00
2015.07.06 12:54:36.574,1.47156,1.47187,1.00,1.00
2015.07.06 12:54:37.083,1.47155,1.47187,1.12,1.00
2015.07.06 12:54:37.711,1.47155,1.47186,1.87,1.00
2015.07.06 12:54:37.766,1.47157,1.47186,1.00,1.00
2015.07.06 12:54:38.333,1.47155,1.47186,1.87,1.00
2015.07.06 12:54:38.863,1.47156,1.47186,1.00,1.00
2015.07.06 12:54:39.537,1.47155,1.47186,1.50,1.00
2015.07.06 12:54:40.044,1.47155,1.47187,1.50,1.00
2015.07.06 12:54:40.594,1.47156,1.47187,1.00,1.00
2015.07.06 12:54:41.107,1.47155,1.47187,1.50,1.00
2015.07.06 12:54:41.620,1.47156,1.47187,1.00,1.00
2015.07.06 12:54:42.132,1.47155,1.47187,1.00,1.00
2015.07.06 12:54:42.939,1.47157,1.47187,1.00,1.00
2015.07.06 12:54:43.494,1.47156,1.47187,1.00,1.00
2015.07.06 12:54:44.045,1.47159,1.47187,1.00,1.00
2015.07.06 12:54:44.474,1.47155,1.47187,2.25,1.00
2015.07.06 12:54:44.682,1.47157,1.47187,1.00,1.00
2015.07.06 12:54:44.835,1.47155,1.47187,1.50,1.00
2015.07.06 12:54:45.338,1.47155,1.47191,1.50,1.50
2015.07.06 12:54:45.388,1.47164,1.47191,1.00,1.50
2015.07.06 12:54:45.983,1.4716,1.47191,1.00,1.50
2015.07.06 12:54:46.109,1.47158,1.47191,1.00,1.50
2015.07.06 12:54:48.678,1.47159,1.47191,1.00,1.00
2015.07.06 12:54:48.781,1.47159,1.47187,1.00,1.00
2015.07.06 12:54:49.512,1.47159,1.47189,1.00,1.00
2015.07.06 12:54:49.668,1.47159,1.47186,1.00,1.00
2015.07.06 12:54:49.974,1.47157,1.47187,1.00,1.00
2015.07.06 12:54:50.511,1.47158,1.47187,1.00,1.00
2015.07.06 12:54:50.918,1.47155,1.47187,1.50,1.00
2015.07.06 12:54:51.438,1.47155,1.47186,1.00,1.00
2015.07.06 12:54:51.865,1.47157,1.47187,1.00,1.50
2015.07.06 12:54:52.295,1.4716,1.47187,1.00,1.00
2015.07.06 12:54:52.653,1.47163,1.47187,1.00,1.00
2015.07.06 12:54:52.755,1.47159,1.47187,1.00,1.00
2015.07.06 12:54:52.969,1.47157,1.47187,1.00,1.00
2015.07.06 12:54:53.481,1.47157,1.47186,1.00,1.00
2015.07.06 12:54:53.532,1.47155,1.47186,1.87,1.00
2015.07.06 12:54:53.827,1.47157,1.47186,1.00,1.00
2015.07.06 12:54:54.577,1.47157,1.47187,1.00,1.00
2015.07.06 12:54:54.630,1.47154,1.47187,1.00,1.50
2015.07.06 12:54:54.681,1.47154,1.47181,1.00,1.00
2015.07.06 12:54:54.834,1.4715,1.47181,1.00,1.00
2015.07.06 12:54:55.176,1.47147,1.47177,2.62,1.00
2015.07.06 12:54:56.033,1.47148,1.47179,1.00,1.00
2015.07.06 12:54:56.135,1.47151,1.47181,1.00,1.00
2015.07.06 12:54:56.456,1.47154,1.47184,1.00,1.50
2015.07.06 12:54:56.711,1.47149,1.47184,1.00,1.50
2015.07.06 12:54:56.915,1.47152,1.47182,1.00,1.00
2015.07.06 12:54:57.018,1.4715,1.47183,1.00,1.00
2015.07.06 12:54:57.275,1.47152,1.47182,1.00,1.00
2015.07.06 12:54:57.577,1.47157,1.47182,1.00,1.00
2015.07.06 12:54:57.629,1.47157,1.47184,1.00,1.00
2015.07.06 12:54:58.072,1.47156,1.47189,1.00,2.96
2015.07.06 12:54:58.225,1.47156,1.47184,1.00,1.00
2015.07.06 12:54:58.769,1.47156,1.47185,1.00,1.00
2015.07.06 12:54:58.972,1.47156,1.47189,1.00,2.21
2015.07.06 12:54:59.125,1.47159,1.47189,1.00,2.21
2015.07.06 12:54:59.331,1.47157,1.47189,1.00,2.21
2015.07.06 12:55:00.013,1.47158,1.47189,1.00,1.71
2015.07.06 12:55:00.434,1.47158,1.47189,1.75,1.34
2015.07.06 12:55:04.263,1.47158,1.4719,1.50,1.34
2015.07.06 12:55:05.079,1.47158,1.4719,1.50,1.50
2015.07.06 12:55:05.581,1.47169,1.4719,1.00,1.00
2015.07.06 12:55:07.371,1.47169,1.47192,1.00,1.00
2015.07.06 12:55:07.677,1.47165,1.47195,2.25,1.00
2015.07.06 12:55:08.237,1.47161,1.47194,1.75,1.00
2015.07.06 12:55:08.339,1.47161,1.47196,1.75,1.50
2015.07.06 12:55:09.433,1.47167,1.47196,1.00,1.50
2015.07.06 12:55:11.970,1.47161,1.47196,1.12,1.50
2015.07.06 12:55:17.200,1.47163,1.47196,1.00,1.00
2015.07.06 12:55:17.302,1.47161,1.47196,1.12,1.50
2015.07.06 12:55:20.899,1.47161,1.47194,1.12,1.00
2015.07.06 12:55:24.171,1.47161,1.47194,1.37,1.50
2015.07.06 12:55:24.513,1.47161,1.4719,1.37,1.00
2015.07.06 12:55:25.215,1.47163,1.47197,2.25,1.50
2015.07.06 12:55:25.622,1.47163,1.47195,1.50,1.00
2015.07.06 12:55:26.095,1.47163,1.47193,1.50,1.00
2015.07.06 12:55:27.122,1.4716,1.47193,1.37,1.00
2015.07.06 12:55:27.276,1.47159,1.4719,1.87,1.00
2015.07.06 12:55:27.834,1.47157,1.47191,1.75,1.00
2015.07.06 12:55:28.140,1.47164,1.47191,1.00,1.00
2015.07.06 12:55:28.191,1.47161,1.47193,1.12,1.00
2015.07.06 12:55:28.823,1.47159,1.47189,1.71,1.00
2015.07.06 12:55:29.033,1.47159,1.47189,1.00,1.00
2015.07.06 12:55:29.135,1.47159,1.47191,1.00,1.00
2015.07.06 12:55:29.238,1.47159,1.47186,1.09,1.00
2015.07.06 12:55:29.340,1.47155,1.4719,1.84,1.00
2015.07.06 12:55:29.544,1.47155,1.47189,1.50,1.00
2015.07.06 12:55:29.596,1.47155,1.47185,1.00,1.00
2015.07.06 12:55:29.899,1.47154,1.47182,1.00,2.25
2015.07.06 12:55:29.950,1.47151,1.47182,1.00,2.25
2015.07.06 12:55:30.001,1.47151,1.47178,1.00,1.00
2015.07.06 12:55:30.257,1.47151,1.47181,1.00,1.00
2015.07.06 12:55:30.612,1.47151,1.47185,1.50,1.37
2015.07.06 12:55:30.664,1.47151,1.47185,1.50,1.00
2015.07.06 12:55:31.204,1.47151,1.47186,1.50,1.00
2015.07.06 12:55:31.411,1.47151,1.47182,1.00,1.00
2015.07.06 12:55:31.741,1.47151,1.47185,1.00,1.00
2015.07.06 12:55:31.862,1.47151,1.47182,1.00,1.00
2015.07.06 12:55:32.384,1.47149,1.47182,1.71,1.50
2015.07.06 12:55:34.381,1.4715,1.47184,1.46,1.50
2015.07.06 12:55:34.483,1.4715,1.47181,1.46,1.00
2015.07.06 12:55:34.788,1.47146,1.47177,1.09,1.00
2015.07.06 12:55:36.387,1.47145,1.47175,1.34,1.00
2015.07.06 12:55:37.034,1.47144,1.47177,1.00,1.00
2015.07.06 12:55:37.558,1.47144,1.47178,1.00,1.00
2015.07.06 12:55:38.394,1.47147,1.47178,1.00,1.00
2015.07.06 12:55:38.597,1.47143,1.47176,1.00,1.00
2015.07.06 12:55:38.956,1.47147,1.47179,1.00,1.50
2015.07.06 12:55:39.417,1.47147,1.47175,1.00,1.00
2015.07.06 12:55:39.620,1.4714,1.47175,1.71,1.00
2015.07.06 12:55:40.061,1.4714,1.47173,1.71,1.00
2015.07.06 12:55:40.368,1.4714,1.47171,1.34,1.00
2015.07.06 12:55:40.877,1.47138,1.4717,1.34,1.00
2015.07.06 12:55:41.223,1.47141,1.4717,1.09,1.00
2015.07.06 12:55:41.479,1.47144,1.47176,1.37,1.00
2015.07.06 12:55:46.785,1.47145,1.47175,1.00,1.00
2015.07.06 12:55:47.336,1.47144,1.47176,1.50,1.00
2015.07.06 12:55:48.148,1.47144,1.47174,1.50,1.00
2015.07.06 12:55:48.251,1.47144,1.47176,1.50,1.00
2015.07.06 12:55:48.760,1.47144,1.47176,1.50,1.00
2015.07.06 12:55:48.811,1.47144,1.47174,1.50,1.00
2015.07.06 12:55:49.660,1.47144,1.47175,1.50,1.00
2015.07.06 12:55:50.181,1.47144,1.47175,1.75,1.00
2015.07.06 12:55:50.724,1.47144,1.47174,1.50,1.50
2015.07.06 12:55:57.365,1.47144,1.47175,1.37,2.62
2015.07.06 12:55:57.670,1.47144,1.47173,1.00,1.12
2015.07.06 12:55:57.823,1.4714,1.47172,1.46,1.00
2015.07.06 12:55:59.261,1.4714,1.47173,2.59,1.00
2015.07.06 12:56:00.405,1.4714,1.4717,2.21,1.00
2015.07.06 12:56:00.779,1.4714,1.4717,1.12,1.50
2015.07.06 12:56:01.408,1.4714,1.47169,1.12,1.00
2015.07.06 12:56:07.251,1.4714,1.47169,1.37,1.00
2015.07.06 12:56:07.455,1.4714,1.47174,1.37,1.50
2015.07.06 12:56:07.557,1.4714,1.47174,1.12,1.50
2015.07.06 12:56:07.966,1.4714,1.47172,1.37,1.00
2015.07.06 12:56:08.496,1.47138,1.47172,1.75,1.00
2015.07.06 12:56:08.548,1.47139,1.47171,1.00,1.00
2015.07.06 12:56:08.599,1.47141,1.4717,1.00,1.50
2015.07.06 12:56:08.650,1.47139,1.4717,1.00,1.50
2015.07.06 12:56:09.280,1.47136,1.47169,1.12,1.00
2015.07.06 12:56:09.653,1.47139,1.4717,2.25,1.00
2015.07.06 12:56:09.705,1.4714,1.47172,1.37,1.00
2015.07.06 12:56:09.756,1.4714,1.47174,1.37,1.50
2015.07.06 12:56:09.807,1.4714,1.4717,1.37,1.00
2015.07.06 12:56:10.114,1.47145,1.4717,1.00,1.00
2015.07.06 12:56:10.421,1.47143,1.47168,1.00,1.00
2015.07.06 12:56:11.220,1.47142,1.47168,1.00,1.00
2015.07.06 12:56:12.060,1.47143,1.47168,1.00,1.00
2015.07.06 12:56:12.365,1.47149,1.47174,1.00,3.37
2015.07.06 12:56:12.951,1.47147,1.47174,1.00,3.37
2015.07.06 12:56:13.162,1.47149,1.47172,1.00,1.00
2015.07.06 12:56:13.316,1.47152,1.47178,1.00,1.75
2015.07.06 12:56:13.721,1.47154,1.47178,1.00,1.37
2015.07.06 12:56:13.941,1.47152,1.47178,1.00,1.37
2015.07.06 12:56:15.041,1.47152,1.47178,1.00,1.87
2015.07.06 12:56:15.550,1.47151,1.47178,1.00,1.50
2015.07.06 12:56:16.277,1.47152,1.47178,1.00,1.00
2015.07.06 12:56:16.379,1.4715,1.47178,1.00,1.00
2015.07.06 12:56:17.023,1.47153,1.47178,1.00,1.00
2015.07.06 12:56:17.496,1.47154,1.47182,1.00,1.12
2015.07.06 12:56:17.649,1.47154,1.47179,1.00,1.00
2015.07.06 12:56:18.169,1.47153,1.4718,1.00,1.50
2015.07.06 12:56:18.324,1.4715,1.47179,1.12,1.00
2015.07.06 12:56:19.392,1.47148,1.47175,1.00,1.00
2015.07.06 12:56:19.443,1.47145,1.47175,1.00,1.00
2015.07.06 12:56:19.954,1.47143,1.47174,1.87,1.00
2015.07.06 12:56:20.537,1.47143,1.47174,1.37,1.00
2015.07.06 12:56:20.639,1.47146,1.47177,1.00,1.37
2015.07.06 12:56:20.946,1.47149,1.4718,1.00,2.25
2015.07.06 12:56:20.997,1.47145,1.4718,1.50,3.00
2015.07.06 12:56:21.302,1.47146,1.4718,1.00,2.25
2015.07.06 12:56:22.636,1.47145,1.4718,1.37,2.25
2015.07.06 12:56:23.102,1.47145,1.47179,2.25,1.00
2015.07.06 12:56:23.408,1.47153,1.4718,1.00,1.00
2015.07.06 12:56:23.612,1.47151,1.47181,1.00,1.00
2015.07.06 12:56:24.175,1.47149,1.47181,1.00,1.00
2015.07.06 12:56:24.694,1.4715,1.47181,1.12,1.00
2015.07.06 12:56:24.847,1.4715,1.47183,1.00,1.50
2015.07.06 12:56:25.789,1.47149,1.47182,2.25,1.00
2015.07.06 12:56:27.551,1.47149,1.47182,2.62,1.00
2015.07.06 12:56:28.057,1.47149,1.47183,2.62,2.25
2015.07.06 12:56:28.531,1.47149,1.47179,1.87,1.00
2015.07.06 12:56:28.633,1.47153,1.47183,1.00,1.50
2015.07.06 12:56:29.184,1.47152,1.47184,2.25,1.00
2015.07.06 12:56:29.337,1.47154,1.47183,1.00,1.00
2015.07.06 12:56:29.751,1.47151,1.4718,1.00,1.00
2015.07.06 12:56:29.803,1.47149,1.4718,2.62,1.00
2015.07.06 12:56:30.163,1.47149,1.47179,1.87,1.00
2015.07.06 12:56:30.571,1.47149,1.4718,1.00,1.00
2015.07.06 12:56:30.622,1.47149,1.47175,1.00,1.00
2015.07.06 12:56:30.726,1.47149,1.4718,1.00,1.00
2015.07.06 12:56:31.274,1.47149,1.47179,1.00,1.00
2015.07.06 12:56:32.693,1.47149,1.47174,1.00,1.00
2015.07.06 12:56:34.446,1.47146,1.47174,1.34,1.00
2015.07.06 12:56:34.602,1.47144,1.47175,1.87,1.00
2015.07.06 12:56:35.133,1.47144,1.47174,1.00,1.00
2015.07.06 12:56:36.198,1.47144,1.47176,1.00,1.00
2015.07.06 12:56:36.503,1.47144,1.47172,1.00,1.00
2015.07.06 12:56:36.708,1.47144,1.47175,1.12,1.00
2015.07.06 12:56:36.811,1.47144,1.47173,1.00,1.00
2015.07.06 12:56:37.122,1.47146,1.47176,1.46,1.00
2015.07.06 12:56:37.938,1.47145,1.47176,1.87,1.00
2015.07.06 12:56:38.334,1.4714,1.47169,1.09,1.00
2015.07.06 12:56:39.100,1.47141,1.47172,1.37,1.00
2015.07.06 12:56:39.648,1.47143,1.47175,1.87,1.50
2015.07.06 12:56:40.167,1.47143,1.47175,1.87,1.50
2015.07.06 12:56:40.270,1.47143,1.47175,2.96,1.50
2015.07.06 12:56:41.422,1.47143,1.47174,2.59,1.00
2015.07.06 12:56:45.743,1.47143,1.47175,3.34,1.50
2015.07.06 12:56:46.246,1.47144,1.47174,1.46,1.00
2015.07.06 12:56:48.956,1.47143,1.47175,1.84,1.87
2015.07.06 12:56:50.387,1.47143,1.47174,2.59,1.00
2015.07.06 12:56:50.896,1.47143,1.47175,2.96,2.25
2015.07.06 12:56:51.200,1.47139,1.4717,1.84,1.00
2015.07.06 12:56:51.655,1.47139,1.47168,1.09,1.00
2015.07.06 12:56:52.746,1.47139,1.47169,1.09,1.00
2015.07.06 12:56:52.847,1.47139,1.47171,2.59,1.00
2015.07.06 12:56:52.899,1.4714,1.47173,1.50,1.00
2015.07.06 12:56:53.270,1.4714,1.47169,1.50,1.00
2015.07.06 12:56:53.322,1.47139,1.47169,3.34,1.00
2015.07.06 12:56:53.424,1.47139,1.47172,2.59,1.00
2015.07.06 12:56:53.932,1.47139,1.47171,1.09,1.00
2015.07.06 12:56:54.287,1.47139,1.47168,1.84,1.00
2015.07.06 12:56:54.390,1.47138,1.4717,1.75,1.00
2015.07.06 12:56:54.686,1.47135,1.47166,1.50,1.00
2015.07.06 12:56:54.891,1.47135,1.47164,1.00,1.00
2015.07.06 12:56:55.095,1.47132,1.47164,1.00,1.50
2015.07.06 12:56:55.603,1.47131,1.47164,2.25,1.50
2015.07.06 12:56:57.305,1.47135,1.47164,1.00,1.00
2015.07.06 12:56:57.356,1.47133,1.47164,1.12,1.00
2015.07.06 12:56:59.271,1.47134,1.47164,1.00,1.00
2015.07.06 12:56:59.789,1.47132,1.47165,1.37,1.00
2015.07.06 12:57:02.251,1.47134,1.47165,1.00,1.50
2015.07.06 12:57:02.515,1.47134,1.47166,1.37,1.00
2015.07.06 12:57:02.922,1.47136,1.47167,1.75,1.00
2015.07.06 12:57:03.431,1.47137,1.47171,2.25,1.50
2015.07.06 12:57:03.635,1.47137,1.47168,2.25,1.00
2015.07.06 12:57:03.973,1.47137,1.47167,2.25,1.00
2015.07.06 12:57:04.182,1.47138,1.47173,1.50,1.00
2015.07.06 12:57:04.538,1.47138,1.4717,1.75,1.00
2015.07.06 12:57:05.432,1.47142,1.4717,1.00,1.00
2015.07.06 12:57:05.534,1.47142,1.47176,1.00,1.00
2015.07.06 12:57:05.737,1.47141,1.47174,1.87,1.00
2015.07.06 12:57:06.254,1.47138,1.47173,1.71,1.50
2015.07.06 12:57:06.674,1.47138,1.47171,1.71,1.00
2015.07.06 12:57:07.432,1.47138,1.4717,1.71,1.00
2015.07.06 12:57:07.954,1.47137,1.47169,1.09,1.00
2015.07.06 12:57:09.383,1.47133,1.47169,4.46,1.00
2015.07.06 12:57:09.945,1.47133,1.47168,4.09,1.00
2015.07.06 12:57:10.480,1.47133,1.47169,4.84,1.00
2015.07.06 12:57:12.140,1.47133,1.47168,4.09,1.00
2015.07.06 12:57:13.014,1.47133,1.47169,3.71,1.50
2015.07.06 12:57:13.065,1.47133,1.47169,1.87,1.50
2015.07.06 12:57:13.117,1.47133,1.47166,1.12,1.00
2015.07.06 12:57:13.732,1.47132,1.47164,1.37,1.00
2015.07.06 12:57:14.242,1.47133,1.47163,1.12,1.00
2015.07.06 12:57:15.775,1.4713,1.47163,1.37,1.00
2015.07.06 12:57:16.380,1.4713,1.47161,1.37,1.00
2015.07.06 12:57:16.688,1.47123,1.47158,2.62,1.50
2015.07.06 12:57:17.247,1.47128,1.47161,1.37,1.00
2015.07.06 12:57:17.658,1.47129,1.47158,1.37,1.00
2015.07.06 12:57:18.528,1.47123,1.47158,2.62,1.00
2015.07.06 12:57:18.631,1.47126,1.47156,1.12,1.00
2015.07.06 12:57:18.833,1.47126,1.47158,1.12,1.00
2015.07.06 12:57:18.991,1.47126,1.47156,1.12,1.00
2015.07.06 12:57:19.195,1.47117,1.47149,1.09,1.00
2015.07.06 12:57:19.449,1.47116,1.47145,1.34,1.00
2015.07.06 12:57:20.156,1.4712,1.47145,1.00,1.12
2015.07.06 12:57:20.361,1.4712,1.47148,1.37,1.00
2015.07.06 12:57:20.702,1.47119,1.4715,1.37,1.00
2015.07.06 12:57:20.757,1.47123,1.47151,1.00,1.00
2015.07.06 12:57:21.063,1.47123,1.47152,1.00,1.37
2015.07.06 12:57:21.114,1.47121,1.47152,1.50,1.87
2015.07.06 12:57:21.165,1.47115,1.47152,1.84,1.87
2015.07.06 12:57:21.369,1.47122,1.47151,1.00,1.37
2015.07.06 12:57:21.522,1.4712,1.47152,1.50,1.37
2015.07.06 12:57:21.793,1.47123,1.4715,1.00,1.37
2015.07.06 12:57:22.048,1.4712,1.47152,1.00,1.37
2015.07.06 12:57:22.151,1.47118,1.4715,1.00,1.00
2015.07.06 12:57:22.356,1.4712,1.4715,1.00,1.00
2015.07.06 12:57:22.459,1.47121,1.47152,1.00,1.00
2015.07.06 12:57:22.510,1.47121,1.47149,1.00,1.00
2015.07.06 12:57:22.861,1.47123,1.47149,1.00,1.37
2015.07.06 12:57:22.912,1.47121,1.47149,1.00,1.37
2015.07.06 12:57:23.167,1.47119,1.47149,1.00,1.37
2015.07.06 12:57:23.575,1.47115,1.47149,1.84,1.37
2015.07.06 12:57:23.626,1.47115,1.47145,1.84,1.00
2015.07.06 12:57:23.901,1.47116,1.47149,1.12,1.37
2015.07.06 12:57:24.004,1.47116,1.47149,1.37,1.37
2015.07.06 12:57:24.208,1.47118,1.4715,1.12,1.00
2015.07.06 12:57:24.717,1.47119,1.4715,1.00,1.50
2015.07.06 12:57:25.230,1.47118,1.4715,1.00,1.50
2015.07.06 12:57:25.449,1.4712,1.4715,1.50,1.00
2015.07.06 12:57:26.060,1.47119,1.4715,1.00,2.25
2015.07.06 12:57:26.111,1.47116,1.4715,1.00,1.50
2015.07.06 12:57:26.588,1.47121,1.4715,1.00,1.50
2015.07.06 12:57:26.894,1.47119,1.47149,1.00,1.00
2015.07.06 12:57:26.945,1.47119,1.47149,1.34,1.00
2015.07.06 12:57:27.047,1.47125,1.47151,1.09,1.50
2015.07.06 12:57:27.098,1.4713,1.47157,1.00,1.37
2015.07.06 12:57:27.200,1.47128,1.47157,1.00,1.37
2015.07.06 12:57:27.353,1.47126,1.47157,1.00,1.37
2015.07.06 12:57:27.564,1.47124,1.47156,1.12,1.87
2015.07.06 12:57:28.111,1.47122,1.47156,1.50,1.50
2015.07.06 12:57:28.213,1.47122,1.47156,1.12,1.87
2015.07.06 12:57:28.417,1.47128,1.47152,1.00,1.00
2015.07.06 12:57:28.794,1.47126,1.47152,1.00,1.00
2015.07.06 12:57:28.896,1.47125,1.47157,1.12,1.37
2015.07.06 12:57:28.998,1.47127,1.47158,1.00,1.37
2015.07.06 12:57:29.303,1.47132,1.47162,1.00,2.59
2015.07.06 12:57:29.557,1.4713,1.47162,1.00,1.09
2015.07.06 12:57:29.659,1.47128,1.47163,2.25,2.21
2015.07.06 12:57:30.071,1.47129,1.47154,1.00,1.00
2015.07.06 12:57:30.325,1.47126,1.47154,1.00,1.00
2015.07.06 12:57:30.428,1.47126,1.47157,1.00,1.00
2015.07.06 12:57:30.836,1.47126,1.47157,1.37,1.00
2015.07.06 12:57:30.939,1.47129,1.47159,1.00,1.00
2015.07.06 12:57:31.428,1.47132,1.47164,1.00,2.96
2015.07.06 12:57:31.734,1.4713,1.47157,1.12,1.00
2015.07.06 12:57:32.040,1.47135,1.47162,1.00,1.09
2015.07.06 12:57:32.194,1.47133,1.47162,1.00,1.09
2015.07.06 12:57:32.946,1.47132,1.47159,1.12,1.00
2015.07.06 12:57:32.997,1.47132,1.47163,1.12,1.34
2015.07.06 12:57:33.048,1.47132,1.47164,1.12,1.00
2015.07.06 12:57:33.150,1.47134,1.47165,1.00,1.00
2015.07.06 12:57:33.456,1.47136,1.47162,1.50,1.00
2015.07.06 12:57:33.710,1.4713,1.47162,1.00,1.84
2015.07.06 12:57:34.920,1.47131,1.47162,1.00,1.84
2015.07.06 12:57:36.241,1.4713,1.47162,1.50,1.34
2015.07.06 12:57:36.777,1.4713,1.47162,1.50,1.71
2015.07.06 12:57:37.278,1.4713,1.47159,1.50,1.00
2015.07.06 12:57:37.798,1.4713,1.47162,1.50,1.71
2015.07.06 12:57:38.508,1.4713,1.47157,1.00,1.00
2015.07.06 12:57:38.610,1.4713,1.4716,1.00,1.12
2015.07.06 12:57:38.914,1.47129,1.47159,1.00,1.37
2015.07.06 12:57:39.118,1.47126,1.47159,1.00,1.37
2015.07.06 12:57:39.668,1.47125,1.47155,1.50,1.00
2015.07.06 12:57:39.770,1.47128,1.47155,1.00,1.00
2015.07.06 12:57:40.331,1.47127,1.47155,1.00,1.00
2015.07.06 12:57:40.992,1.47129,1.47155,1.00,1.00
2015.07.06 12:57:41.298,1.47121,1.47154,1.12,1.46
2015.07.06 12:57:41.400,1.47124,1.47154,1.00,1.46
2015.07.06 12:57:41.608,1.47122,1.47154,1.00,1.46
2015.07.06 12:57:41.761,1.47124,1.47154,1.00,1.46
2015.07.06 12:57:42.293,1.47125,1.47155,1.00,1.87
2015.07.06 12:57:42.600,1.47127,1.47155,1.00,1.37
2015.07.06 12:57:43.111,1.47128,1.47155,1.00,1.37
2015.07.06 12:57:43.162,1.47125,1.47155,1.50,1.37
2015.07.06 12:57:43.625,1.47125,1.47155,1.50,1.00
2015.07.06 12:57:44.149,1.4712,1.47154,1.00,1.84
2015.07.06 12:57:44.404,1.47122,1.47154,1.00,1.00
2015.07.06 12:57:44.455,1.47122,1.47152,1.00,1.00
2015.07.06 12:57:44.808,1.47124,1.47152,1.00,1.00
2015.07.06 12:57:45.284,1.47124,1.4715,1.00,1.37
2015.07.06 12:57:45.490,1.47121,1.47152,1.00,1.37
2015.07.06 12:57:45.592,1.47119,1.47154,2.25,1.75
2015.07.06 12:57:46.559,1.47119,1.47146,1.50,1.00
2015.07.06 12:57:47.017,1.47117,1.47146,1.00,1.00
2015.07.06 12:57:47.354,1.47119,1.47146,1.00,1.00
2015.07.06 12:57:47.618,1.47119,1.47148,1.00,1.00
2015.07.06 12:57:47.669,1.47117,1.47148,1.00,1.00
2015.07.06 12:57:48.319,1.47116,1.47148,1.50,1.00
2015.07.06 12:57:48.572,1.47122,1.47149,1.00,1.12
2015.07.06 12:57:49.080,1.47121,1.47149,1.00,1.12
2015.07.06 12:57:49.452,1.47117,1.47149,1.00,1.12
2015.07.06 12:57:49.737,1.47117,1.47147,1.00,1.50
2015.07.06 12:57:49.839,1.47117,1.47149,1.00,1.12
2015.07.06 12:57:50.348,1.47118,1.47149,1.00,1.12
2015.07.06 12:57:51.082,1.47118,1.4715,1.00,1.00
2015.07.06 12:57:51.733,1.47119,1.4715,1.00,1.00
2015.07.06 12:57:52.316,1.47117,1.47145,1.00,1.00
2015.07.06 12:57:52.688,1.47117,1.47147,1.00,1.00
2015.07.06 12:57:53.189,1.47118,1.47146,1.00,1.00
2015.07.06 12:57:53.720,1.47117,1.47146,1.00,1.00
2015.07.06 12:57:54.224,1.47118,1.47146,1.00,1.00
2015.07.06 12:57:54.728,1.47117,1.47146,1.00,1.00
2015.07.06 12:57:55.279,1.47117,1.47149,1.00,2.25
2015.07.06 12:57:55.789,1.47118,1.47149,1.00,1.00
2015.07.06 12:57:56.247,1.4712,1.47149,1.00,1.50
2015.07.06 12:57:56.698,1.47122,1.47149,1.00,1.50
2015.07.06 12:57:59.336,1.4712,1.47149,1.00,1.00
2015.07.06 12:57:59.684,1.47122,1.47152,1.00,1.00
2015.07.06 12:57:59.789,1.47127,1.47152,1.00,1.00
2015.07.06 12:57:59.941,1.47127,1.47155,1.00,1.00
2015.07.06 12:57:59.993,1.47125,1.47155,1.00,1.00
2015.07.06 12:58:00.746,1.47123,1.47155,1.00,1.00
2015.07.06 12:58:01.264,1.47122,1.47155,1.50,1.00
2015.07.06 12:58:01.912,1.47122,1.47154,1.50,1.00
2015.07.06 12:58:01.964,1.47124,1.47154,1.00,1.00
2015.07.06 12:58:02.189,1.47122,1.47154,1.00,1.00
2015.07.06 12:58:06.156,1.47123,1.47154,1.00,1.00
2015.07.06 12:58:06.259,1.4712,1.47154,1.50,1.00
2015.07.06 12:58:06.707,1.47121,1.47152,1.00,1.00
2015.07.06 12:58:07.060,1.47121,1.47149,1.00,1.00
2015.07.06 12:58:07.380,1.47123,1.47149,1.00,1.00
2015.07.06 12:58:08.263,1.47123,1.4715,1.00,1.00
2015.07.06 12:58:10.331,1.47122,1.4715,1.00,1.00
2015.07.06 12:58:11.318,1.47121,1.4715,1.00,1.00
2015.07.06 12:58:11.637,1.47126,1.47152,1.00,1.34
2015.07.06 12:58:12.172,1.47125,1.47152,1.00,1.34
2015.07.06 12:58:12.223,1.47123,1.47152,1.00,1.34
2015.07.06 12:58:13.657,1.47122,1.47152,1.00,1.34
2015.07.06 12:58:15.077,1.47122,1.4715,1.00,1.00
2015.07.06 12:58:15.827,1.47121,1.4715,1.00,1.00
2015.07.06 12:58:19.346,1.47122,1.4715,1.00,1.00
2015.07.06 12:58:19.865,1.47122,1.47152,1.00,1.34
2015.07.06 12:58:20.378,1.47123,1.47152,1.00,1.34
2015.07.06 12:58:21.277,1.47123,1.47152,1.00,1.00
2015.07.06 12:58:21.430,1.47125,1.47152,1.00,1.00
2015.07.06 12:58:21.889,1.47127,1.47152,1.00,1.00
2015.07.06 12:58:23.857,1.47128,1.47152,1.00,1.00
2015.07.06 12:58:24.868,1.47129,1.47152,1.00,1.00
2015.07.06 12:58:24.919,1.47129,1.47154,1.00,1.00
2015.07.06 12:58:25.431,1.4713,1.47155,1.00,1.00
2015.07.06 12:58:26.315,1.47131,1.47155,1.00,1.00
2015.07.06 12:58:26.519,1.47129,1.47155,1.00,1.00
2015.07.06 12:58:27.099,1.47129,1.47156,1.00,1.00
2015.07.06 12:58:27.150,1.47134,1.47156,1.00,1.00
2015.07.06 12:58:27.201,1.47134,1.47158,1.00,1.00
2015.07.06 12:58:27.303,1.47137,1.47158,1.00,1.00
2015.07.06 12:58:27.659,1.47138,1.47164,1.00,1.12
2015.07.06 12:58:27.936,1.47141,1.47165,1.00,1.87
2015.07.06 12:58:28.445,1.47141,1.47164,1.00,1.00
2015.07.06 12:58:28.496,1.47137,1.47164,1.00,1.00
2015.07.06 12:58:28.949,1.4714,1.47164,1.00,1.00
2015.07.06 12:58:29.496,1.47139,1.47164,1.00,1.00
2015.07.06 12:58:30.888,1.47138,1.47164,1.00,1.00
2015.07.06 12:58:31.260,1.47136,1.47164,1.00,1.00
2015.07.06 12:58:31.463,1.47133,1.47164,1.50,1.84
2015.07.06 12:58:31.704,1.47133,1.4716,1.50,1.00
2015.07.06 12:58:31.756,1.47131,1.4716,1.00,1.00
2015.07.06 12:58:32.296,1.47131,1.47159,1.00,1.00
2015.07.06 12:58:32.349,1.47128,1.47157,1.00,1.00
2015.07.06 12:58:32.451,1.47126,1.47157,1.12,1.00
2015.07.06 12:58:32.656,1.47124,1.47155,1.37,1.00
2015.07.06 12:58:32.707,1.47124,1.47155,1.00,1.00
2015.07.06 12:58:33.075,1.47125,1.47158,1.00,2.62
2015.07.06 12:58:33.613,1.47126,1.47158,1.00,1.12
2015.07.06 12:58:33.917,1.47127,1.47154,1.00,1.00
2015.07.06 12:58:33.969,1.47124,1.47154,1.00,1.00
2015.07.06 12:58:35.325,1.47127,1.47158,1.00,1.50
2015.07.06 12:58:35.427,1.47131,1.47158,1.00,1.00
2015.07.06 12:58:35.885,1.4713,1.4716,1.00,1.00
2015.07.06 12:58:36.534,1.47129,1.47159,1.00,1.00
2015.07.06 12:58:36.737,1.47127,1.47158,1.00,1.00
2015.07.06 12:58:37.257,1.47127,1.47157,1.00,1.00
2015.07.06 12:58:38.289,1.47128,1.47157,1.00,1.00
2015.07.06 12:58:38.391,1.47126,1.47157,1.00,1.00
2015.07.06 12:58:39.136,1.47127,1.47157,1.00,1.50
2015.07.06 12:58:39.319,1.47127,1.47155,1.00,1.00
2015.07.06 12:58:39.370,1.47125,1.47155,1.50,1.00
2015.07.06 12:58:39.472,1.47127,1.47155,1.00,1.00
2015.07.06 12:58:39.778,1.47129,1.47155,1.00,1.00
2015.07.06 12:58:40.083,1.47129,1.47159,1.50,1.50
2015.07.06 12:58:41.136,1.4713,1.47159,1.00,1.00
2015.07.06 12:58:41.239,1.47135,1.47159,1.00,1.00
2015.07.06 12:58:41.545,1.47135,1.47158,1.00,1.84
2015.07.06 12:58:41.596,1.47129,1.47157,1.50,1.34
2015.07.06 12:58:41.648,1.47129,1.47157,1.50,1.00
2015.07.06 12:58:41.699,1.47131,1.47159,1.00,1.00
2015.07.06 12:58:42.114,1.47133,1.4716,1.00,1.00
2015.07.06 12:58:42.693,1.47133,1.47159,1.00,1.00
2015.07.06 12:58:43.244,1.4713,1.4716,1.50,1.00
2015.07.06 12:58:43.745,1.4713,1.47159,1.00,1.00
2015.07.06 12:58:44.561,1.47131,1.47159,1.00,1.00
2015.07.06 12:58:47.199,1.47131,1.4716,1.00,1.12
2015.07.06 12:58:48.097,1.47131,1.47159,1.00,1.00
2015.07.06 12:58:48.402,1.47133,1.47159,1.00,1.00
2015.07.06 12:58:48.920,1.47133,1.4716,1.00,1.00
2015.07.06 12:58:49.427,1.47132,1.4716,1.00,1.00
2015.07.06 12:58:50.940,1.47131,1.4716,1.00,1.00
2015.07.06 12:58:52.129,1.4713,1.4716,1.50,1.00
2015.07.06 12:58:53.579,1.47132,1.4716,1.00,1.50
2015.07.06 12:58:54.142,1.4713,1.4716,1.50,1.00
2015.07.06 12:58:56.431,1.47132,1.4716,1.00,1.00
2015.07.06 12:58:56.736,1.47134,1.47161,1.00,1.12
2015.07.06 12:58:57.134,1.47134,1.47159,1.00,1.00
2015.07.06 12:59:04.579,1.47131,1.4716,1.00,1.37
2015.07.06 12:59:09.535,1.47131,1.47155,1.00,1.00
2015.07.06 12:59:09.930,1.47133,1.47158,1.00,2.21
2015.07.06 12:59:09.981,1.47128,1.47158,1.00,2.21
2015.07.06 12:59:10.507,1.47129,1.47159,1.00,2.59
2015.07.06 12:59:11.309,1.47131,1.47159,1.00,1.84
2015.07.06 12:59:12.165,1.47133,1.47156,1.00,1.37
2015.07.06 12:59:12.370,1.4713,1.47157,1.00,1.12
2015.07.06 12:59:12.522,1.47132,1.47158,1.00,1.46
2015.07.06 12:59:13.298,1.4713,1.4716,1.00,2.62
2015.07.06 12:59:13.543,1.47131,1.4716,1.00,2.62
2015.07.06 12:59:14.318,1.47131,1.47156,1.50,1.00
2015.07.06 12:59:14.622,1.47134,1.47156,1.00,1.09
2015.07.06 12:59:14.924,1.47132,1.47156,1.00,1.09
2015.07.06 12:59:15.432,1.47131,1.47156,1.00,1.09
2015.07.06 12:59:16.348,1.47131,1.47159,1.50,1.84
2015.07.06 12:59:16.697,1.47133,1.47159,1.00,2.59
2015.07.06 12:59:18.491,1.47134,1.47161,1.00,1.75
2015.07.06 12:59:18.758,1.47134,1.47161,1.00,1.12
2015.07.06 12:59:19.063,1.47134,1.47164,1.00,2.25
2015.07.06 12:59:19.115,1.47137,1.47165,1.00,2.25
2015.07.06 12:59:19.422,1.47157,1.47182,1.34,1.75
2015.07.06 12:59:19.736,1.47162,1.47189,1.00,1.00
2015.07.06 12:59:20.270,1.47161,1.47189,1.00,2.25
2015.07.06 12:59:21.538,1.47161,1.47188,1.00,1.00
2015.07.06 12:59:21.640,1.47156,1.47188,1.00,1.87
2015.07.06 12:59:21.793,1.47156,1.47184,1.00,1.00
2015.07.06 12:59:22.123,1.47151,1.47183,1.00,1.00
2015.07.06 12:59:22.276,1.47151,1.47181,1.00,1.00
2015.07.06 12:59:22.839,1.47151,1.4718,1.00,1.00
2015.07.06 12:59:23.345,1.47151,1.47183,1.00,1.00
2015.07.06 12:59:23.607,1.47151,1.47179,1.00,1.00
2015.07.06 12:59:25.242,1.47148,1.47179,1.50,1.00
2015.07.06 12:59:28.217,1.47145,1.47176,2.25,1.00
2015.07.06 12:59:28.914,1.47146,1.47176,1.12,1.00
2015.07.06 12:59:29.222,1.4715,1.47176,1.00,1.00
2015.07.06 12:59:29.616,1.47149,1.4718,1.00,1.00
2015.07.06 12:59:29.769,1.47154,1.4718,1.00,1.00
2015.07.06 12:59:29.820,1.47154,1.47182,1.00,1.00
2015.07.06 12:59:29.871,1.47157,1.47184,1.00,2.62
2015.07.06 12:59:34.412,1.47157,1.47186,1.00,1.46
2015.07.06 12:59:34.514,1.4716,1.47186,1.00,1.00
2015.07.06 12:59:34.616,1.47157,1.47186,1.50,1.00
2015.07.06 12:59:36.119,1.47157,1.47186,1.00,1.37
2015.07.06 12:59:39.544,1.47157,1.47186,1.00,1.00
2015.07.06 12:59:39.838,1.47157,1.47184,1.00,1.00
2015.07.06 12:59:40.348,1.47156,1.47185,1.00,1.50
2015.07.06 12:59:40.857,1.47156,1.47184,1.00,1.00
2015.07.06 12:59:41.188,1.47154,1.47184,1.00,1.00
2015.07.06 12:59:41.647,1.47158,1.47184,1.00,1.00
2015.07.06 12:59:41.902,1.47158,1.47186,1.00,1.00
2015.07.06 12:59:42.004,1.47156,1.47186,1.00,1.00
2015.07.06 12:59:42.189,1.47154,1.47187,1.00,1.87
2015.07.06 12:59:42.436,1.47154,1.47184,1.00,1.00
2015.07.06 12:59:42.742,1.4715,1.47184,1.00,2.25
2015.07.06 12:59:42.947,1.47153,1.47184,1.00,2.62
2015.07.06 12:59:43.517,1.47151,1.47184,1.00,3.37
2015.07.06 12:59:44.509,1.47152,1.47184,1.00,1.87
2015.07.06 12:59:45.035,1.47151,1.47184,1.00,1.00
2015.07.06 12:59:46.547,1.4715,1.47184,1.12,1.50
2015.07.06 12:59:47.105,1.47148,1.47179,1.12,1.00
2015.07.06 12:59:47.156,1.47146,1.47179,1.09,1.00
2015.07.06 12:59:47.360,1.47142,1.47177,1.87,1.00
2015.07.06 12:59:47.824,1.47142,1.47175,1.50,1.00
2015.07.06 12:59:48.130,1.47141,1.47173,1.00,1.00
2015.07.06 12:59:48.685,1.47139,1.47174,1.46,1.50
2015.07.06 12:59:50.467,1.47142,1.47174,1.00,1.00
2015.07.06 12:59:51.010,1.47142,1.47175,1.00,1.12
2015.07.06 12:59:51.668,1.47141,1.47175,1.50,1.12
2015.07.06 12:59:53.173,1.47142,1.47175,1.00,1.12
2015.07.06 12:59:53.591,1.47145,1.47178,1.34,1.00
2015.07.06 12:59:54.372,1.47144,1.47179,2.59,1.37
2015.07.06 12:59:54.781,1.47144,1.47179,1.34,1.37
2015.07.06 12:59:55.669,1.47144,1.47178,1.34,1.12
2015.07.06 12:59:56.082,1.47144,1.47175,1.34,1.50
2015.07.06 12:59:56.388,1.4714,1.47173,3.34,1.00
2015.07.06 12:59:57.391,1.47139,1.47175,3.34,3.37
2015.07.06 12:59:57.442,1.4714,1.47175,1.00,3.37
2015.07.06 12:59:57.998,1.47139,1.47173,1.00,1.50
2015.07.06 12:59:58.050,1.47139,1.47169,1.00,1.00
2015.07.06 12:59:58.563,1.47139,1.4717,1.00,1.00
2015.07.06 12:59:58.895,1.47139,1.4717,1.37,1.00
2015.07.06 12:59:59.399,1.47135,1.47169,2.21,1.12
