2015.09.03 02:00:00.452,1.48332,1.48365,1.00,1.37
2015.09.03 02:00:00.504,1.48329,1.48365,1.00,1.00
2015.09.03 02:00:00.657,1.48327,1.48364,1.00,1.12
2015.09.03 02:00:00.708,1.48327,1.48364,1.00,1.37
2015.09.03 02:00:00.760,1.48325,1.48363,1.00,1.37
2015.09.03 02:00:01.066,1.48325,1.48362,1.00,1.50
2015.09.03 02:00:01.375,1.48328,1.48361,1.00,1.37
2015.09.03 02:00:01.789,1.48326,1.48356,1.00,1.52
2015.09.03 02:00:01.840,1.48323,1.48356,1.00,1.52
2015.09.03 02:00:01.994,1.48322,1.48359,1.00,1.87
2015.09.03 02:00:02.199,1.48324,1.48359,1.00,1.50
2015.09.03 02:00:03.067,1.48325,1.48359,1.00,1.50
2015.09.03 02:00:04.077,1.48325,1.48359,1.00,1.50
2015.09.03 02:00:05.322,1.48325,1.48359,1.00,1.87
2015.09.03 02:00:08.676,1.48325,1.48359,1.00,1.12
2015.09.03 02:00:17.783,1.48326,1.48359,1.00,1.12
2015.09.03 02:00:18.337,1.48326,1.48359,1.00,1.12
2015.09.03 02:00:19.483,1.48326,1.48359,1.00,1.75
2015.09.03 02:00:20.186,1.48326,1.48354,1.00,1.12
2015.09.03 02:00:22.031,1.48326,1.48357,1.00,1.75
2015.09.03 02:00:25.563,1.48325,1.48357,1.00,1.75
2015.09.03 02:00:32.703,1.48329,1.48359,1.00,1.12
2015.09.03 02:00:33.815,1.48329,1.48361,1.00,1.12
2015.09.03 02:00:33.919,1.4833,1.4836,1.00,1.00
2015.09.03 02:00:34.440,1.4833,1.48365,1.00,1.87
2015.09.03 02:00:35.352,1.4833,1.48365,1.00,1.87
2015.09.03 02:00:41.637,1.4833,1.48363,1.00,1.12
2015.09.03 02:00:42.155,1.48331,1.48362,1.00,1.12
2015.09.03 02:00:42.931,1.4833,1.48361,1.00,1.37
2015.09.03 02:00:52.601,1.4833,1.48362,1.00,1.12
2015.09.03 02:00:57.419,1.4833,1.48364,1.00,1.37
2015.09.03 02:01:03.733,1.4833,1.48364,1.00,1.12
2015.09.03 02:01:04.602,1.48329,1.48364,1.00,1.12
2015.09.03 02:01:04.653,1.48329,1.48364,1.00,1.12
2015.09.03 02:01:05.275,1.48329,1.48364,1.00,1.12
2015.09.03 02:01:05.967,1.4833,1.48364,1.00,1.12
2015.09.03 02:01:08.096,1.4833,1.48365,1.00,1.50
2015.09.03 02:01:36.334,1.4833,1.48364,1.00,1.12
2015.09.03 02:01:40.668,1.48328,1.48363,1.00,1.37
2015.09.03 02:01:41.211,1.48328,1.48364,1.00,1.12
2015.09.03 02:01:45.722,1.48329,1.48364,1.00,1.12
2015.09.03 02:01:49.671,1.48328,1.48365,1.00,1.87
2015.09.03 02:01:49.976,1.48334,1.48363,1.00,1.37
2015.09.03 02:01:50.822,1.4834,1.48363,1.00,1.37
2015.09.03 02:01:50.881,1.4834,1.48368,1.00,1.37
2015.09.03 02:01:51.497,1.4834,1.48369,1.00,1.00
2015.09.03 02:01:51.650,1.48342,1.48374,1.00,1.12
2015.09.03 02:01:52.822,1.48342,1.48377,1.00,1.12
2015.09.03 02:01:52.873,1.48346,1.48377,1.00,1.12
2015.09.03 02:01:53.179,1.48352,1.48383,1.00,2.00
2015.09.03 02:01:53.282,1.48352,1.48385,1.00,1.12
2015.09.03 02:01:54.046,1.48352,1.48386,1.00,1.12
2015.09.03 02:01:54.148,1.48352,1.48385,1.00,1.12
2015.09.03 02:01:54.699,1.48351,1.48385,1.00,1.12
2015.09.03 02:01:55.099,1.48351,1.48385,1.00,1.12
2015.09.03 02:01:57.869,1.48351,1.4838,1.00,1.46
2015.09.03 02:01:58.572,1.48351,1.48377,1.00,1.27
2015.09.03 02:01:58.623,1.48349,1.48377,1.00,1.27
2015.09.03 02:01:58.675,1.48343,1.48377,1.37,1.75
2015.09.03 02:01:59.032,1.48341,1.48373,1.00,1.12
2015.09.03 02:01:59.450,1.48342,1.4838,1.00,2.62
2015.09.03 02:01:59.603,1.48343,1.4838,1.00,2.62
2015.09.03 02:01:59.807,1.48343,1.48375,1.00,1.00
2015.09.03 02:02:00.328,1.48342,1.48375,1.00,1.00
2015.09.03 02:02:01.056,1.48342,1.48375,1.00,1.87
2015.09.03 02:02:01.107,1.48338,1.48371,1.00,1.12
2015.09.03 02:02:01.158,1.48331,1.4837,1.12,1.00
2015.09.03 02:02:01.210,1.48331,1.4837,1.12,1.37
2015.09.03 02:02:01.736,1.4833,1.48367,1.50,1.37
2015.09.03 02:02:02.443,1.4833,1.48366,1.50,1.37
2015.09.03 02:02:02.782,1.4833,1.48366,1.50,1.37
2015.09.03 02:02:03.120,1.4833,1.48364,1.50,1.12
2015.09.03 02:02:08.753,1.48326,1.48361,1.12,1.12
2015.09.03 02:02:11.047,1.48326,1.48361,1.12,1.12
2015.09.03 02:02:17.606,1.48326,1.48361,1.12,1.12
2015.09.03 02:02:20.181,1.48328,1.4836,1.00,1.00
2015.09.03 02:02:20.283,1.48331,1.4836,1.00,1.00
2015.09.03 02:02:20.603,1.48333,1.48364,1.00,1.12
2015.09.03 02:02:20.654,1.48333,1.48366,1.00,1.75
2015.09.03 02:02:21.072,1.48331,1.48364,1.00,1.37
2015.09.03 02:02:21.714,1.48329,1.48364,1.00,1.12
2015.09.03 02:02:21.867,1.48329,1.48362,1.00,1.12
2015.09.03 02:02:21.919,1.48327,1.48362,1.00,1.12
2015.09.03 02:02:21.970,1.48327,1.48359,1.00,1.00
2015.09.03 02:02:22.752,1.48318,1.48356,1.00,1.12
2015.09.03 02:02:22.969,1.48318,1.48357,1.00,1.87
2015.09.03 02:02:23.020,1.48322,1.48357,1.00,1.37
2015.09.03 02:02:23.330,1.48324,1.48357,1.00,1.37
2015.09.03 02:02:23.437,1.48322,1.48357,1.00,1.37
2015.09.03 02:02:23.488,1.48322,1.48354,1.00,1.12
2015.09.03 02:02:24.202,1.48324,1.48354,1.00,1.12
2015.09.03 02:02:24.961,1.48324,1.48356,1.00,1.12
2015.09.03 02:02:25.171,1.48324,1.48353,1.00,1.37
2015.09.03 02:02:25.274,1.48323,1.48356,1.00,1.12
2015.09.03 02:02:25.699,1.48325,1.48356,1.00,1.12
2015.09.03 02:02:26.226,1.48324,1.48356,1.00,1.12
2015.09.03 02:02:29.201,1.48322,1.48356,1.00,1.12
2015.09.03 02:02:29.739,1.48323,1.48356,1.00,1.12
2015.09.03 02:02:30.988,1.48323,1.48355,1.00,1.12
2015.09.03 02:02:31.090,1.48323,1.48355,1.00,1.37
2015.09.03 02:02:35.777,1.48321,1.48355,1.00,1.37
2015.09.03 02:02:37.655,1.48321,1.48357,1.00,1.75
2015.09.03 02:02:38.162,1.48322,1.48357,1.00,1.75
2015.09.03 02:02:41.885,1.48322,1.48356,1.00,1.12
2015.09.03 02:02:44.053,1.48323,1.48356,1.00,1.12
2015.09.03 02:02:57.046,1.48323,1.48357,1.00,1.12
2015.09.03 02:02:57.618,1.48324,1.4836,1.00,1.87
2015.09.03 02:02:59.144,1.48324,1.4836,1.00,1.87
2015.09.03 02:02:59.439,1.48326,1.4836,1.00,1.87
2015.09.03 02:03:04.715,1.48326,1.4836,1.00,1.87
2015.09.03 02:03:07.437,1.48324,1.48359,1.00,1.37
2015.09.03 02:03:07.668,1.48326,1.48359,1.00,1.37
2015.09.03 02:03:08.543,1.48328,1.48359,1.00,1.37
2015.09.03 02:03:08.595,1.48328,1.48365,1.00,1.12
2015.09.03 02:03:10.326,1.48331,1.48365,1.00,1.87
2015.09.03 02:03:11.528,1.48332,1.48365,1.00,1.87
2015.09.03 02:03:15.323,1.48332,1.48366,1.00,1.87
2015.09.03 02:03:15.476,1.48331,1.48366,1.00,1.37
2015.09.03 02:03:15.951,1.48336,1.48368,1.00,1.37
2015.09.03 02:03:16.002,1.48336,1.48371,1.00,1.12
2015.09.03 02:03:16.105,1.48335,1.4837,1.50,1.12
2015.09.03 02:03:16.157,1.48338,1.48375,1.00,1.75
2015.09.03 02:03:16.539,1.48338,1.48372,1.00,1.00
2015.09.03 02:03:17.059,1.48338,1.48374,1.00,1.75
2015.09.03 02:03:18.255,1.48333,1.4837,1.75,1.00
2015.09.03 02:03:18.306,1.48333,1.48369,1.00,1.75
2015.09.03 02:03:18.813,1.48332,1.48369,1.12,2.25
2015.09.03 02:03:19.616,1.48333,1.48369,1.00,1.75
2015.09.03 02:03:21.599,1.48331,1.48368,1.37,1.37
2015.09.03 02:03:26.445,1.48337,1.4837,1.00,1.37
2015.09.03 02:03:26.751,1.4834,1.48373,1.00,1.37
2015.09.03 02:03:27.279,1.4834,1.48374,1.00,1.12
2015.09.03 02:03:28.057,1.48341,1.48377,1.00,1.87
2015.09.03 02:03:28.885,1.4834,1.48377,1.00,2.25
2015.09.03 02:03:30.807,1.48341,1.48377,1.00,1.75
2015.09.03 02:03:32.677,1.48339,1.48377,1.00,1.75
2015.09.03 02:03:34.007,1.4834,1.48375,1.00,1.12
2015.09.03 02:03:36.060,1.4834,1.48378,1.00,1.87
2015.09.03 02:03:40.094,1.4834,1.48376,1.00,1.12
2015.09.03 02:03:47.023,1.48341,1.48376,1.00,1.37
2015.09.03 02:03:48.190,1.4834,1.48377,1.00,1.12
2015.09.03 02:03:48.702,1.48339,1.48377,1.00,1.12
2015.09.03 02:03:49.210,1.4834,1.48377,1.00,1.12
2015.09.03 02:03:50.661,1.48341,1.48377,1.00,1.12
2015.09.03 02:03:51.166,1.4834,1.48377,1.00,1.12
2015.09.03 02:03:56.655,1.48341,1.48378,1.00,1.87
2015.09.03 02:03:59.738,1.4834,1.48376,1.00,1.12
2015.09.03 02:04:01.079,1.48341,1.48376,1.00,1.12
2015.09.03 02:04:10.418,1.4834,1.48375,1.00,1.37
2015.09.03 02:04:10.520,1.48338,1.48375,1.12,1.12
2015.09.03 02:04:10.978,1.4834,1.48375,1.00,1.12
2015.09.03 02:04:11.029,1.4834,1.48376,1.00,1.75
2015.09.03 02:04:11.182,1.48342,1.48377,1.00,1.12
2015.09.03 02:04:12.231,1.48342,1.48378,1.00,1.87
2015.09.03 02:04:13.274,1.48342,1.48377,1.00,1.12
2015.09.03 02:04:13.925,1.48341,1.48377,1.00,1.12
2015.09.03 02:04:35.859,1.48338,1.48369,1.00,1.00
2015.09.03 02:04:36.114,1.48338,1.48371,1.00,1.75
2015.09.03 02:04:36.627,1.48337,1.48371,1.00,1.75
2015.09.03 02:04:39.574,1.48337,1.48364,1.00,1.75
2015.09.03 02:04:39.625,1.48334,1.48364,1.00,1.75
2015.09.03 02:04:39.993,1.48334,1.48364,1.00,1.75
2015.09.03 02:04:40.048,1.48326,1.48364,1.37,2.25
2015.09.03 02:04:40.253,1.48326,1.48364,1.00,1.87
2015.09.03 02:04:40.356,1.48323,1.4836,1.00,1.75
2015.09.03 02:04:40.408,1.48323,1.4836,1.00,1.75
2015.09.03 02:04:40.460,1.48321,1.4836,1.00,1.75
2015.09.03 02:04:40.563,1.48318,1.48357,1.37,1.75
2015.09.03 02:04:41.060,1.48318,1.48352,1.00,1.12
2015.09.03 02:04:41.491,1.48318,1.48351,1.00,1.12
2015.09.03 02:04:42.229,1.48316,1.48351,1.12,1.12
2015.09.03 02:04:42.280,1.48316,1.48351,1.50,1.00
2015.09.03 02:04:42.382,1.48319,1.48351,1.00,1.37
2015.09.03 02:04:43.270,1.48319,1.48351,1.00,1.12
2015.09.03 02:04:43.321,1.48316,1.48351,1.12,1.12
2015.09.03 02:04:43.524,1.48318,1.48351,1.00,1.12
2015.09.03 02:04:44.397,1.48315,1.48348,1.37,1.12
2015.09.03 02:04:44.448,1.48315,1.48348,1.37,1.75
2015.09.03 02:04:45.186,1.48319,1.48347,1.00,1.12
2015.09.03 02:04:45.529,1.48318,1.48342,1.00,1.12
2015.09.03 02:04:45.631,1.48321,1.48349,1.00,1.12
2015.09.03 02:04:46.602,1.48316,1.48349,1.37,1.12
2015.09.03 02:04:46.653,1.48316,1.48347,1.00,1.12
2015.09.03 02:04:47.071,1.4832,1.48348,1.00,1.75
2015.09.03 02:04:47.123,1.4832,1.48348,1.00,1.00
2015.09.03 02:04:47.735,1.48316,1.48348,1.50,1.00
2015.09.03 02:04:47.940,1.48316,1.48353,1.00,2.62
2015.09.03 02:04:48.043,1.48314,1.48349,1.00,1.75
2015.09.03 02:04:48.457,1.48314,1.48343,1.00,1.12
2015.09.03 02:04:48.610,1.48312,1.48343,1.00,1.12
2015.09.03 02:04:49.369,1.48315,1.48343,1.00,1.12
2015.09.03 02:04:49.421,1.48315,1.48342,1.00,1.00
2015.09.03 02:04:50.685,1.48313,1.48343,1.12,1.12
2015.09.03 02:04:50.839,1.4831,1.48338,1.00,1.00
2015.09.03 02:04:51.255,1.48306,1.48338,1.87,1.37
2015.09.03 02:04:51.875,1.48306,1.48338,1.37,1.37
2015.09.03 02:04:52.677,1.48307,1.48338,1.12,1.37
2015.09.03 02:04:55.571,1.48306,1.48338,1.00,1.37
2015.09.03 02:05:01.445,1.48306,1.48338,1.00,1.75
2015.09.03 02:05:01.753,1.48304,1.48329,1.00,1.00
2015.09.03 02:05:02.161,1.48302,1.48329,1.12,1.00
2015.09.03 02:05:02.220,1.48298,1.48329,1.37,1.12
2015.09.03 02:05:02.373,1.48296,1.48325,1.37,1.12
2015.09.03 02:05:02.508,1.48296,1.48326,1.37,1.12
2015.09.03 02:05:02.915,1.48295,1.48325,1.37,1.12
2015.09.03 02:05:03.017,1.48296,1.48327,1.50,1.12
2015.09.03 02:05:03.878,1.48296,1.48327,1.50,1.12
2015.09.03 02:05:05.755,1.48296,1.48322,1.00,1.12
2015.09.03 02:05:07.417,1.483,1.48324,1.00,1.00
2015.09.03 02:05:07.732,1.48298,1.48324,1.00,1.00
2015.09.03 02:05:07.834,1.48296,1.48324,1.00,1.00
2015.09.03 02:05:07.886,1.48296,1.48324,1.00,1.37
2015.09.03 02:05:08.194,1.48297,1.48321,1.00,1.12
2015.09.03 02:05:08.696,1.48296,1.48321,1.00,1.12
2015.09.03 02:05:09.288,1.48292,1.4832,1.12,1.12
2015.09.03 02:05:09.391,1.48291,1.48319,1.37,1.12
2015.09.03 02:05:10.002,1.48292,1.48313,1.00,1.12
2015.09.03 02:05:10.390,1.48292,1.48308,1.00,1.00
2015.09.03 02:05:25.865,1.48291,1.48308,1.00,1.00
2015.09.03 02:05:28.722,1.48291,1.48308,1.00,1.37
2015.09.03 02:05:29.443,1.48285,1.48312,1.00,1.12
2015.09.03 02:05:29.545,1.48288,1.48318,1.00,2.32
2015.09.03 02:05:29.648,1.48289,1.48317,1.00,1.20
2015.09.03 02:05:30.159,1.4829,1.48318,1.00,1.20
2015.09.03 02:05:30.314,1.48286,1.48317,1.00,1.20
2015.09.03 02:05:30.722,1.48288,1.48321,1.00,1.75
2015.09.03 02:05:34.339,1.48289,1.48317,1.00,1.12
2015.09.03 02:05:38.084,1.4829,1.48312,1.00,1.12
2015.09.03 02:05:38.187,1.4829,1.48311,1.00,1.00
2015.09.03 02:05:38.289,1.4829,1.48312,1.00,1.12
2015.09.03 02:05:38.595,1.48289,1.48311,1.00,1.00
2015.09.03 02:05:38.697,1.48289,1.48312,1.00,1.12
2015.09.03 02:05:38.749,1.48285,1.48312,1.00,1.12
2015.09.03 02:05:38.800,1.48285,1.48317,1.00,1.87
2015.09.03 02:05:38.902,1.48284,1.48315,1.00,1.20
2015.09.03 02:05:39.005,1.48281,1.48316,1.00,1.20
2015.09.03 02:05:39.553,1.48284,1.48316,1.00,1.20
2015.09.03 02:05:40.670,1.48283,1.48314,1.00,1.12
2015.09.03 02:05:42.170,1.48282,1.4831,1.00,1.12
2015.09.03 02:05:42.632,1.48284,1.4831,1.00,1.12
2015.09.03 02:05:45.813,1.48281,1.48308,1.00,1.37
2015.09.03 02:05:45.865,1.48281,1.48307,1.00,1.12
2015.09.03 02:05:46.349,1.48281,1.48308,1.00,1.37
2015.09.03 02:05:46.583,1.48281,1.48308,1.00,1.75
2015.09.03 02:05:47.740,1.48281,1.48307,1.00,1.12
2015.09.03 02:05:47.893,1.48279,1.48307,1.00,1.12
2015.09.03 02:05:47.944,1.48279,1.48308,1.00,1.37
2015.09.03 02:05:48.046,1.4828,1.48307,1.00,1.12
2015.09.03 02:05:48.148,1.4828,1.48308,1.00,1.37
2015.09.03 02:05:48.250,1.4828,1.48307,1.00,1.12
2015.09.03 02:05:48.453,1.4828,1.48308,1.00,1.12
2015.09.03 02:05:51.516,1.48282,1.48306,1.00,1.12
2015.09.03 02:05:51.619,1.48279,1.48306,1.00,1.12
2015.09.03 02:05:51.891,1.48279,1.48308,1.00,1.75
2015.09.03 02:05:51.994,1.48279,1.48308,1.00,1.12
2015.09.03 02:05:52.786,1.48279,1.48306,1.00,1.37
2015.09.03 02:05:52.888,1.48279,1.48306,1.00,1.00
2015.09.03 02:05:53.683,1.48279,1.48308,1.00,1.12
2015.09.03 02:05:53.778,1.48279,1.48306,1.00,1.37
2015.09.03 02:05:53.981,1.48279,1.48308,1.00,1.12
2015.09.03 02:05:54.328,1.48279,1.48306,1.00,1.37
2015.09.03 02:06:01.949,1.4828,1.48305,1.00,1.12
2015.09.03 02:06:03.634,1.48277,1.48305,1.00,1.12
2015.09.03 02:06:04.306,1.4828,1.48306,1.00,1.12
2015.09.03 02:06:04.491,1.48274,1.48306,1.37,1.12
2015.09.03 02:06:05.385,1.48274,1.48305,1.37,1.37
2015.09.03 02:06:06.175,1.48274,1.48305,1.37,1.12
2015.09.03 02:06:07.062,1.48276,1.48305,1.37,1.37
2015.09.03 02:06:07.668,1.48276,1.48307,1.87,1.12
2015.09.03 02:06:07.720,1.4828,1.48307,1.00,1.12
2015.09.03 02:06:08.367,1.4828,1.48307,1.37,1.12
2015.09.03 02:06:08.967,1.4828,1.48307,1.12,1.12
2015.09.03 02:06:10.399,1.48279,1.48307,1.37,1.12
2015.09.03 02:06:10.823,1.48278,1.48305,1.12,1.12
2015.09.03 02:06:11.322,1.48277,1.48304,1.37,1.00
2015.09.03 02:06:11.871,1.48277,1.48305,1.37,1.12
2015.09.03 02:06:12.177,1.48276,1.48301,1.37,1.37
2015.09.03 02:06:13.280,1.48273,1.48301,1.37,1.37
2015.09.03 02:06:13.786,1.48274,1.48301,1.37,1.12
2015.09.03 02:06:15.037,1.48273,1.48301,1.37,1.12
2015.09.03 02:06:17.030,1.48272,1.48301,1.37,1.37
2015.09.03 02:06:17.900,1.48272,1.48301,1.00,1.37
2015.09.03 02:06:18.423,1.48272,1.48301,1.00,1.12
2015.09.03 02:06:19.033,1.48272,1.48301,1.00,1.37
2015.09.03 02:06:21.073,1.48272,1.48301,1.00,1.12
2015.09.03 02:06:21.674,1.48273,1.48301,1.00,1.12
2015.09.03 02:06:21.990,1.48273,1.483,1.00,1.12
2015.09.03 02:06:22.041,1.48273,1.48301,1.00,1.75
2015.09.03 02:06:25.293,1.48273,1.48295,1.00,1.37
2015.09.03 02:06:25.344,1.48269,1.48295,1.00,1.37
2015.09.03 02:06:25.600,1.48267,1.48295,1.00,1.37
2015.09.03 02:06:28.882,1.48267,1.48295,1.00,1.75
2015.09.03 02:06:29.123,1.48267,1.48295,1.00,1.37
2015.09.03 02:06:38.278,1.48264,1.48295,1.12,1.50
2015.09.03 02:06:38.330,1.48264,1.48295,1.12,1.75
2015.09.03 02:06:40.739,1.48264,1.48295,1.12,1.75
2015.09.03 02:06:41.149,1.48267,1.48295,1.00,1.75
2015.09.03 02:06:48.037,1.48267,1.48295,1.00,1.75
2015.09.03 02:06:48.088,1.48263,1.48295,1.00,1.75
2015.09.03 02:06:50.881,1.48263,1.48295,1.37,1.75
2015.09.03 02:06:54.595,1.48263,1.48295,1.00,1.75
2015.09.03 02:06:58.478,1.48261,1.48293,1.37,1.75
2015.09.03 02:06:59.474,1.48264,1.48293,1.00,1.75
2015.09.03 02:06:59.780,1.48267,1.48296,1.00,1.12
2015.09.03 02:06:59.831,1.48267,1.48298,1.00,1.75
2015.09.03 02:07:00.756,1.48267,1.48297,1.00,1.12
2015.09.03 02:07:07.112,1.48267,1.48296,1.00,1.37
2015.09.03 02:07:09.826,1.48267,1.48297,1.00,1.12
2015.09.03 02:07:10.124,1.48267,1.48296,1.00,1.12
2015.09.03 02:07:10.670,1.48267,1.48296,1.00,1.12
2015.09.03 02:07:12.513,1.48267,1.48297,1.00,1.12
2015.09.03 02:07:14.170,1.48267,1.48296,1.00,1.12
2015.09.03 02:07:15.057,1.48267,1.48297,1.00,1.12
2015.09.03 02:07:16.337,1.48267,1.48295,1.00,1.75
2015.09.03 02:07:17.048,1.48268,1.48295,1.00,1.75
2015.09.03 02:07:21.071,1.48268,1.48294,1.12,1.00
2015.09.03 02:07:21.530,1.48274,1.48305,1.00,1.12
2015.09.03 02:07:23.842,1.48274,1.48305,1.00,1.12
2015.09.03 02:07:24.132,1.48272,1.48305,1.00,1.12
2015.09.03 02:07:24.183,1.48272,1.48301,1.00,1.12
2015.09.03 02:07:24.234,1.4827,1.48301,1.00,1.12
2015.09.03 02:07:26.727,1.4827,1.48301,1.00,1.12
2015.09.03 02:07:33.295,1.48269,1.48301,1.00,1.12
2015.09.03 02:07:40.171,1.48269,1.48298,1.00,1.12
2015.09.03 02:07:40.748,1.48269,1.48298,1.00,1.75
2015.09.03 02:07:41.295,1.4827,1.48298,1.00,1.75
2015.09.03 02:07:42.344,1.4827,1.48298,1.00,1.37
2015.09.03 02:07:46.589,1.48276,1.48307,1.00,3.00
2015.09.03 02:07:46.691,1.48273,1.48306,1.00,1.37
2015.09.03 02:07:47.353,1.48274,1.48305,1.00,1.00
2015.09.03 02:07:47.814,1.48274,1.48305,1.00,1.12
2015.09.03 02:07:48.326,1.48274,1.48304,1.00,1.12
2015.09.03 02:07:50.084,1.48274,1.48303,1.00,1.12
2015.09.03 02:07:55.354,1.48272,1.48303,1.00,1.12
2015.09.03 02:07:56.024,1.48271,1.48302,1.00,1.75
2015.09.03 02:07:56.830,1.48271,1.48302,1.00,1.75
2015.09.03 02:07:56.881,1.48269,1.48302,1.00,1.75
2015.09.03 02:08:00.922,1.48271,1.48302,1.00,1.12
2015.09.03 02:08:01.466,1.48271,1.48302,1.00,1.12
2015.09.03 02:08:02.983,1.48256,1.48289,1.12,1.75
2015.09.03 02:08:03.034,1.48253,1.48289,1.37,1.37
2015.09.03 02:08:03.136,1.48253,1.48289,1.00,1.87
2015.09.03 02:08:03.188,1.4825,1.48287,1.00,1.12
2015.09.03 02:08:03.239,1.4825,1.48285,1.00,1.75
2015.09.03 02:08:03.290,1.48244,1.48283,1.37,1.12
2015.09.03 02:08:03.444,1.48245,1.48284,1.00,3.00
2015.09.03 02:08:03.749,1.48249,1.48283,1.00,1.12
2015.09.03 02:08:03.952,1.48249,1.48279,1.00,1.00
2015.09.03 02:08:04.400,1.48252,1.48283,1.00,1.37
2015.09.03 02:08:04.451,1.48252,1.48283,1.00,1.00
2015.09.03 02:08:04.988,1.48252,1.48287,1.00,1.12
2015.09.03 02:08:05.192,1.48254,1.48287,1.00,1.12
2015.09.03 02:08:05.496,1.48254,1.48284,1.00,1.12
2015.09.03 02:08:06.464,1.48254,1.48284,1.00,1.12
2015.09.03 02:08:07.014,1.48253,1.48284,1.00,1.12
2015.09.03 02:08:12.070,1.48253,1.48284,1.00,1.12
2015.09.03 02:08:12.121,1.48251,1.48284,1.00,1.12
2015.09.03 02:08:12.627,1.48252,1.48284,1.00,1.12
2015.09.03 02:08:13.134,1.48253,1.48284,1.00,1.12
2015.09.03 02:08:20.103,1.48251,1.48284,1.00,1.12
2015.09.03 02:08:20.682,1.48252,1.48284,1.00,1.12
2015.09.03 02:08:21.212,1.48251,1.48284,1.00,1.12
2015.09.03 02:08:21.536,1.48253,1.48284,1.00,1.12
2015.09.03 02:08:22.083,1.48252,1.48284,1.00,1.12
2015.09.03 02:08:22.978,1.48253,1.48284,1.00,1.12
2015.09.03 02:08:39.362,1.48255,1.48285,1.00,1.12
2015.09.03 02:08:43.329,1.48253,1.48285,1.00,1.12
2015.09.03 02:08:47.679,1.48249,1.48281,1.00,1.12
2015.09.03 02:08:47.732,1.48247,1.48281,1.00,1.87
2015.09.03 02:08:47.784,1.48244,1.48276,1.12,1.12
2015.09.03 02:08:48.191,1.48242,1.48275,1.00,1.12
2015.09.03 02:08:49.037,1.48243,1.48275,1.00,1.12
2015.09.03 02:08:56.843,1.48244,1.48275,1.00,1.12
2015.09.03 02:09:00.451,1.48251,1.48284,1.00,2.25
2015.09.03 02:09:00.502,1.48248,1.48284,1.00,1.37
2015.09.03 02:09:01.027,1.48247,1.48284,1.00,1.50
2015.09.03 02:09:01.485,1.48246,1.4828,1.00,1.75
2015.09.03 02:09:02.232,1.48248,1.4828,1.00,1.75
2015.09.03 02:09:02.591,1.48249,1.4828,1.00,1.37
2015.09.03 02:09:03.157,1.48249,1.4828,1.00,1.37
2015.09.03 02:09:07.349,1.48249,1.4828,1.00,1.00
2015.09.03 02:09:09.907,1.48248,1.4828,1.00,1.00
2015.09.03 02:09:10.886,1.48248,1.4828,1.37,1.00
2015.09.03 02:09:12.963,1.48248,1.4828,1.37,1.00
2015.09.03 02:09:15.549,1.48249,1.4828,1.12,1.00
2015.09.03 02:09:16.815,1.4825,1.48288,1.37,2.25
2015.09.03 02:09:21.826,1.48249,1.48284,1.37,1.12
2015.09.03 02:09:22.564,1.48249,1.48284,1.37,1.12
2015.09.03 02:09:26.600,1.48251,1.48284,1.37,1.12
2015.09.03 02:09:29.614,1.48251,1.48284,1.37,1.12
2015.09.03 02:09:30.173,1.48251,1.48284,1.37,1.12
2015.09.03 02:09:32.572,1.4825,1.48284,1.37,1.12
2015.09.03 02:09:35.696,1.48251,1.4828,1.37,1.00
2015.09.03 02:09:35.900,1.4825,1.4828,1.37,1.00
2015.09.03 02:09:35.951,1.48253,1.48289,1.75,1.37
2015.09.03 02:09:36.054,1.48261,1.4829,1.00,1.00
2015.09.03 02:09:36.156,1.48264,1.4829,1.00,1.00
2015.09.03 02:09:36.360,1.48268,1.48298,1.00,1.12
2015.09.03 02:09:36.875,1.48267,1.48298,1.00,1.12
2015.09.03 02:09:37.387,1.48266,1.48297,1.00,1.37
2015.09.03 02:09:37.896,1.48267,1.48298,1.00,1.12
2015.09.03 02:09:40.199,1.48269,1.483,1.00,1.12
2015.09.03 02:09:40.909,1.48269,1.483,1.37,1.12
2015.09.03 02:09:41.710,1.48269,1.483,1.12,1.12
2015.09.03 02:09:42.501,1.4827,1.483,1.00,1.12
2015.09.03 02:09:46.153,1.48268,1.48298,1.37,1.12
2015.09.03 02:09:46.936,1.48268,1.48298,1.37,1.12
2015.09.03 02:09:47.748,1.48268,1.48298,1.37,1.12
2015.09.03 02:09:48.725,1.48268,1.48298,1.37,1.12
2015.09.03 02:09:50.330,1.48268,1.48298,1.37,1.12
2015.09.03 02:09:54.047,1.48267,1.48298,1.37,1.12
2015.09.03 02:09:54.664,1.48267,1.48297,1.37,1.00
2015.09.03 02:09:56.125,1.48267,1.48297,1.37,1.00
2015.09.03 02:09:56.844,1.48266,1.48297,1.37,1.00
2015.09.03 02:10:00.350,1.48266,1.48297,1.37,1.00
2015.09.03 02:10:01.679,1.48267,1.48297,1.37,1.00
2015.09.03 02:10:01.883,1.48267,1.48297,1.00,1.00
2015.09.03 02:10:02.429,1.48268,1.48297,1.00,1.00
2015.09.03 02:10:03.174,1.48268,1.48297,1.37,1.00
2015.09.03 02:10:04.174,1.48268,1.48297,1.37,1.37
2015.09.03 02:10:05.260,1.48268,1.48297,1.37,1.00
2015.09.03 02:10:09.187,1.48269,1.48297,1.37,1.00
2015.09.03 02:10:10.488,1.48269,1.48297,1.37,1.00
2015.09.03 02:10:11.116,1.48271,1.48306,2.25,1.75
2015.09.03 02:10:11.168,1.48274,1.48302,1.12,1.00
2015.09.03 02:10:11.219,1.48274,1.48302,1.37,1.00
2015.09.03 02:10:13.395,1.48274,1.48302,1.37,1.00
2015.09.03 02:10:14.584,1.48276,1.48313,1.37,1.12
2015.09.03 02:10:14.736,1.4828,1.4831,1.00,1.12
2015.09.03 02:10:15.077,1.48273,1.48308,1.12,1.00
2015.09.03 02:10:15.128,1.48273,1.48308,1.37,1.37
2015.09.03 02:10:15.230,1.48272,1.48304,1.00,1.00
2015.09.03 02:10:15.282,1.4827,1.48304,2.25,1.00
2015.09.03 02:10:16.120,1.48267,1.48304,1.12,1.00
2015.09.03 02:10:16.171,1.4827,1.48304,1.00,1.00
2015.09.03 02:10:16.709,1.48269,1.48304,1.00,1.00
2015.09.03 02:10:17.017,1.48259,1.48295,1.37,1.50
2015.09.03 02:10:17.557,1.48259,1.48294,1.37,1.12
2015.09.03 02:10:17.609,1.48258,1.48294,1.12,1.12
2015.09.03 02:10:18.171,1.48259,1.48294,1.00,1.12
2015.09.03 02:10:19.409,1.48265,1.48294,1.00,1.12
2015.09.03 02:10:24.093,1.48266,1.48294,1.00,1.12
2015.09.03 02:10:28.427,1.48267,1.48296,1.00,1.12
2015.09.03 02:10:28.529,1.48265,1.48297,1.00,1.75
2015.09.03 02:10:29.191,1.48267,1.48297,1.00,1.75
2015.09.03 02:10:29.727,1.48269,1.48297,1.00,1.50
2015.09.03 02:10:29.779,1.48269,1.48297,1.00,1.50
2015.09.03 02:10:30.472,1.48271,1.48297,1.00,1.12
2015.09.03 02:10:31.824,1.4827,1.48297,1.00,1.12
2015.09.03 02:10:47.306,1.48271,1.48297,1.00,1.12
2015.09.03 02:10:47.898,1.4827,1.48297,1.00,1.12
2015.09.03 02:10:52.064,1.48271,1.48297,1.00,1.12
2015.09.03 02:10:53.673,1.4827,1.48297,1.00,1.12
2015.09.03 02:10:54.183,1.48271,1.48297,1.00,1.12
2015.09.03 02:10:55.124,1.4827,1.48297,1.00,1.12
2015.09.03 02:10:55.883,1.48271,1.48298,1.00,1.37
2015.09.03 02:10:57.565,1.48269,1.48299,1.00,1.37
2015.09.03 02:10:57.616,1.48269,1.48299,1.00,1.00
2015.09.03 02:10:57.667,1.48271,1.48299,1.00,1.00
2015.09.03 02:10:58.532,1.48272,1.48299,1.00,1.37
2015.09.03 02:10:59.738,1.48271,1.48299,1.00,1.37
2015.09.03 02:11:00.670,1.48272,1.48299,1.00,1.37
2015.09.03 02:11:01.058,1.4827,1.48299,1.00,1.37
2015.09.03 02:11:01.590,1.48271,1.48299,1.00,1.37
2015.09.03 02:11:05.624,1.48271,1.48299,1.00,1.00
2015.09.03 02:11:08.875,1.48269,1.48299,1.00,1.37
2015.09.03 02:11:08.976,1.48267,1.48299,1.00,1.37
2015.09.03 02:11:13.260,1.48268,1.48299,1.00,1.37
2015.09.03 02:11:14.396,1.48269,1.48297,1.00,1.12
2015.09.03 02:11:14.906,1.48268,1.483,1.00,1.12
2015.09.03 02:11:15.617,1.48267,1.48297,1.00,1.12
2015.09.03 02:11:19.520,1.48266,1.48297,1.00,1.75
2015.09.03 02:11:20.166,1.48267,1.48297,1.00,1.75
2015.09.03 02:11:21.611,1.48265,1.48297,1.00,1.75
2015.09.03 02:11:22.271,1.48266,1.48297,1.00,1.75
2015.09.03 02:11:23.592,1.48265,1.48295,1.00,1.00
2015.09.03 02:11:23.810,1.48267,1.48295,1.00,1.00
2015.09.03 02:11:31.774,1.48266,1.48295,1.00,1.00
2015.09.03 02:11:32.349,1.48265,1.48295,1.00,1.00
2015.09.03 02:11:32.657,1.48267,1.48295,1.00,1.00
2015.09.03 02:11:33.406,1.48266,1.48295,1.00,1.00
2015.09.03 02:11:35.251,1.48267,1.48295,1.00,1.00
2015.09.03 02:11:37.381,1.48268,1.48296,1.00,1.37
2015.09.03 02:11:38.855,1.48268,1.48296,1.00,1.37
2015.09.03 02:11:38.906,1.48265,1.48296,1.00,1.37
2015.09.03 02:11:39.009,1.48268,1.48296,1.00,1.37
2015.09.03 02:11:39.758,1.48268,1.48296,1.00,1.37
2015.09.03 02:11:53.109,1.48269,1.48296,1.00,1.37
2015.09.03 02:11:55.976,1.48267,1.48296,1.00,1.37
2015.09.03 02:11:57.710,1.48268,1.48296,1.00,1.37
2015.09.03 02:12:05.269,1.48269,1.48296,1.00,1.37
2015.09.03 02:12:06.370,1.48267,1.48296,1.00,1.37
2015.09.03 02:12:06.910,1.48268,1.48296,1.00,1.37
2015.09.03 02:12:07.421,1.48268,1.48296,1.00,1.00
2015.09.03 02:12:08.733,1.4827,1.48296,1.00,1.00
2015.09.03 02:12:09.373,1.48269,1.48296,1.00,1.00
2015.09.03 02:12:11.649,1.48268,1.48296,1.00,1.00
2015.09.03 02:12:12.496,1.48269,1.48296,1.00,1.00
2015.09.03 02:12:14.445,1.48269,1.48296,1.00,1.37
2015.09.03 02:12:15.097,1.48268,1.48296,1.00,1.00
2015.09.03 02:12:15.614,1.48269,1.48296,1.00,1.00
2015.09.03 02:12:17.815,1.48268,1.48296,1.00,1.00
2015.09.03 02:12:18.608,1.48269,1.48296,1.00,1.00
2015.09.03 02:12:19.559,1.4827,1.48296,1.00,1.00
2015.09.03 02:12:20.560,1.48268,1.48296,1.00,1.00
2015.09.03 02:12:22.871,1.48269,1.48296,1.00,1.00
2015.09.03 02:12:23.434,1.48267,1.48296,1.00,1.00
2015.09.03 02:12:24.034,1.48269,1.48296,1.00,1.00
2015.09.03 02:12:25.085,1.48267,1.48296,1.00,1.00
2015.09.03 02:12:25.427,1.48269,1.48296,1.00,1.00
2015.09.03 02:12:27.091,1.48268,1.48296,1.00,1.00
2015.09.03 02:12:27.902,1.48269,1.48296,1.00,1.00
2015.09.03 02:12:29.029,1.48268,1.48296,1.00,1.00
2015.09.03 02:12:30.228,1.48266,1.48295,1.00,1.00
2015.09.03 02:12:30.791,1.48267,1.48295,1.00,1.00
2015.09.03 02:12:32.698,1.48265,1.48295,1.00,1.00
2015.09.03 02:12:32.800,1.48268,1.48295,1.00,1.00
2015.09.03 02:12:33.214,1.48266,1.48295,1.00,1.00
2015.09.03 02:12:33.723,1.48267,1.48295,1.00,1.00
2015.09.03 02:12:35.547,1.48266,1.48295,1.00,1.00
2015.09.03 02:12:35.858,1.48268,1.48295,1.00,1.00
2015.09.03 02:12:36.972,1.48269,1.48295,1.00,1.00
2015.09.03 02:12:37.612,1.48268,1.48295,1.00,1.00
2015.09.03 02:12:38.269,1.48269,1.48295,1.00,1.00
2015.09.03 02:12:43.568,1.48268,1.48295,1.00,1.00
2015.09.03 02:12:54.439,1.48269,1.48295,1.00,1.00
2015.09.03 02:12:54.989,1.48268,1.48295,1.00,1.00
2015.09.03 02:12:55.541,1.48269,1.48295,1.00,1.00
2015.09.03 02:12:56.337,1.48268,1.48296,1.00,1.50
2015.09.03 02:12:56.838,1.48269,1.48296,1.00,1.37
2015.09.03 02:13:01.595,1.4827,1.48296,1.00,1.37
2015.09.03 02:13:02.405,1.48269,1.48296,1.00,1.37
2015.09.03 02:13:04.713,1.48268,1.48296,1.00,1.37
2015.09.03 02:13:05.865,1.48269,1.48296,1.00,1.37
2015.09.03 02:13:06.769,1.48267,1.48296,1.00,1.37
2015.09.03 02:13:07.230,1.48269,1.48296,1.00,1.37
2015.09.03 02:13:09.219,1.48267,1.48296,1.00,1.37
2015.09.03 02:13:09.740,1.48269,1.48296,1.00,1.37
2015.09.03 02:13:10.284,1.48269,1.48296,1.00,1.00
2015.09.03 02:13:10.589,1.48273,1.48299,1.00,1.00
2015.09.03 02:13:10.741,1.4827,1.48299,1.00,1.00
2015.09.03 02:13:11.285,1.48269,1.48299,1.00,1.00
2015.09.03 02:13:12.035,1.4827,1.48299,1.00,1.00
2015.09.03 02:13:12.638,1.48268,1.48299,1.00,1.00
2015.09.03 02:13:12.929,1.4827,1.48299,1.00,1.00
2015.09.03 02:13:14.592,1.48269,1.48299,1.00,1.00
2015.09.03 02:13:15.137,1.4827,1.48299,1.00,1.00
2015.09.03 02:13:16.579,1.48268,1.48299,1.00,1.00
2015.09.03 02:13:16.784,1.4827,1.48299,1.00,1.00
2015.09.03 02:13:17.141,1.48268,1.48299,1.00,1.00
2015.09.03 02:13:18.066,1.48269,1.48299,1.00,1.00
2015.09.03 02:13:18.899,1.48268,1.48299,1.00,1.12
2015.09.03 02:13:19.078,1.48266,1.48299,1.00,1.12
2015.09.03 02:13:19.180,1.48266,1.48299,1.00,1.12
2015.09.03 02:13:20.425,1.48267,1.48298,1.00,1.75
2015.09.03 02:13:26.121,1.48265,1.48298,1.00,1.75
2015.09.03 02:13:26.479,1.48267,1.48298,1.00,1.75
2015.09.03 02:13:28.418,1.48266,1.48298,1.00,1.75
2015.09.03 02:13:28.919,1.48267,1.48298,1.00,1.75
2015.09.03 02:13:29.124,1.48265,1.48298,1.00,1.75
2015.09.03 02:13:34.649,1.48265,1.48298,1.00,1.75
2015.09.03 02:13:35.280,1.48267,1.48298,1.00,1.75
2015.09.03 02:13:39.561,1.48266,1.48296,1.00,1.37
2015.09.03 02:13:39.970,1.48266,1.483,1.00,1.75
2015.09.03 02:13:40.030,1.48266,1.483,1.00,1.37
2015.09.03 02:13:40.233,1.48266,1.48299,1.00,1.12
2015.09.03 02:13:40.540,1.48264,1.48297,1.00,1.12
2015.09.03 02:13:42.728,1.48265,1.48297,1.00,1.12
2015.09.03 02:13:44.200,1.48267,1.48296,1.00,1.12
2015.09.03 02:13:44.833,1.48266,1.48296,1.00,1.12
2015.09.03 02:13:47.358,1.48269,1.48296,1.00,1.12
2015.09.03 02:13:47.459,1.48267,1.48296,1.00,1.12
2015.09.03 02:13:48.131,1.48266,1.48296,1.00,1.12
2015.09.03 02:13:55.754,1.48266,1.48296,1.00,1.37
2015.09.03 02:13:56.161,1.48269,1.48296,1.00,1.37
2015.09.03 02:14:04.025,1.48268,1.48296,1.00,1.37
2015.09.03 02:14:04.653,1.48269,1.48296,1.00,1.37
2015.09.03 02:14:04.969,1.48276,1.48302,1.00,1.00
2015.09.03 02:14:05.356,1.48279,1.48306,1.00,1.00
2015.09.03 02:14:05.407,1.4828,1.48308,1.00,1.00
2015.09.03 02:14:05.918,1.48279,1.48308,1.00,1.00
2015.09.03 02:14:06.793,1.48282,1.48308,1.00,1.00
2015.09.03 02:14:08.773,1.48282,1.48311,1.00,1.00
2015.09.03 02:14:09.284,1.48284,1.48311,1.00,1.00
2015.09.03 02:14:10.155,1.48283,1.48313,1.00,2.25
2015.09.03 02:14:11.930,1.48286,1.48313,1.00,1.87
2015.09.03 02:14:11.982,1.48286,1.48313,1.00,1.50
2015.09.03 02:14:12.237,1.48288,1.48313,1.00,1.50
2015.09.03 02:14:12.543,1.48288,1.48317,1.00,1.37
2015.09.03 02:14:14.737,1.48289,1.48319,1.00,1.87
2015.09.03 02:14:16.413,1.48287,1.48319,1.00,1.87
2015.09.03 02:14:17.843,1.48281,1.48316,1.00,1.12
2015.09.03 02:14:17.945,1.48284,1.48315,1.00,1.12
2015.09.03 02:14:18.048,1.4828,1.48315,1.00,1.12
2015.09.03 02:14:19.344,1.4828,1.48313,1.00,1.50
2015.09.03 02:14:19.663,1.4828,1.48308,1.00,1.00
2015.09.03 02:14:21.482,1.48279,1.48308,1.00,1.00
2015.09.03 02:14:24.246,1.48282,1.48313,1.00,1.12
2015.09.03 02:14:25.390,1.48282,1.48314,1.00,1.12
2015.09.03 02:14:26.663,1.48284,1.48314,1.00,1.12
2015.09.03 02:14:28.415,1.48284,1.48314,1.00,1.37
2015.09.03 02:14:29.412,1.48283,1.48314,1.00,1.37
2015.09.03 02:14:30.307,1.48284,1.48314,1.00,1.37
2015.09.03 02:14:31.237,1.48282,1.48314,1.00,1.37
2015.09.03 02:14:32.092,1.48283,1.48314,1.00,1.37
2015.09.03 02:14:33.373,1.48284,1.48314,1.00,1.37
2015.09.03 02:14:35.236,1.48283,1.48314,1.00,1.37
2015.09.03 02:14:36.142,1.48284,1.48314,1.00,1.37
2015.09.03 02:14:37.397,1.48283,1.48314,1.00,1.37
2015.09.03 02:14:37.987,1.48284,1.48314,1.00,1.37
2015.09.03 02:14:38.501,1.48284,1.48314,1.00,1.12
2015.09.03 02:14:39.191,1.48282,1.48314,1.00,1.12
2015.09.03 02:14:39.993,1.48283,1.48314,1.00,1.12
2015.09.03 02:14:41.416,1.48282,1.48314,1.00,1.12
2015.09.03 02:14:42.277,1.48283,1.48314,1.00,1.12
2015.09.03 02:14:43.403,1.48282,1.48314,1.00,1.12
2015.09.03 02:14:44.011,1.48283,1.48314,1.00,1.12
2015.09.03 02:14:44.519,1.48283,1.48313,1.00,1.00
2015.09.03 02:14:47.281,1.48284,1.48313,1.00,1.00
2015.09.03 02:14:47.485,1.48282,1.48313,1.00,1.00
2015.09.03 02:14:47.937,1.48284,1.48313,1.00,1.00
2015.09.03 02:14:50.867,1.48285,1.48313,1.00,1.00
2015.09.03 02:14:50.986,1.48283,1.48313,1.00,1.00
2015.09.03 02:14:51.507,1.48284,1.48313,1.00,1.00
2015.09.03 02:14:52.185,1.48282,1.48313,1.00,1.00
2015.09.03 02:14:52.727,1.48283,1.48313,1.00,1.00
2015.09.03 02:15:18.295,1.48284,1.48315,1.00,1.37
2015.09.03 02:15:20.042,1.48287,1.48315,1.00,1.37
2015.09.03 02:15:20.428,1.48291,1.48319,1.00,1.37
2015.09.03 02:15:22.256,1.4829,1.48319,1.00,1.37
2015.09.03 02:15:22.612,1.4829,1.48319,1.00,1.37
2015.09.03 02:15:23.250,1.48294,1.48325,1.00,1.37
2015.09.03 02:15:23.352,1.48291,1.48325,1.00,1.37
2015.09.03 02:15:24.860,1.4829,1.48323,1.00,1.00
2015.09.03 02:15:24.972,1.4829,1.48325,1.00,1.12
2015.09.03 02:15:27.114,1.48289,1.48321,1.00,1.87
2015.09.03 02:15:27.657,1.48287,1.48321,1.00,2.25
2015.09.03 02:15:28.387,1.48287,1.48321,1.00,2.25
2015.09.03 02:15:28.712,1.48284,1.48319,1.00,1.12
2015.09.03 02:15:29.176,1.48283,1.48317,1.00,1.87
2015.09.03 02:15:31.241,1.48284,1.48315,1.00,1.37
2015.09.03 02:15:39.314,1.48283,1.48314,1.00,1.12
2015.09.03 02:15:40.003,1.48284,1.48314,1.00,1.12
2015.09.03 02:15:41.471,1.48283,1.48314,1.00,1.12
2015.09.03 02:15:44.202,1.48283,1.48314,1.00,1.75
2015.09.03 02:15:44.457,1.48281,1.48313,1.00,1.12
2015.09.03 02:15:45.174,1.48279,1.48314,1.00,1.87
2015.09.03 02:15:45.361,1.48281,1.48314,1.00,2.32
2015.09.03 02:15:45.670,1.48279,1.48314,1.00,2.32
2015.09.03 02:15:46.122,1.48275,1.48311,1.00,1.75
2015.09.03 02:15:46.224,1.48275,1.48307,1.00,1.12
2015.09.03 02:15:46.742,1.48274,1.48303,1.00,1.00
2015.09.03 02:15:47.226,1.48272,1.48307,1.00,1.12
2015.09.03 02:15:47.732,1.48272,1.48304,1.00,1.12
2015.09.03 02:15:50.204,1.48271,1.48304,1.00,2.25
2015.09.03 02:15:53.119,1.48272,1.48302,1.00,1.00
2015.09.03 02:15:57.283,1.48274,1.48304,1.00,1.87
2015.09.03 02:15:57.588,1.48279,1.48305,1.00,1.12
2015.09.03 02:15:57.894,1.48276,1.48304,1.00,1.37
2015.09.03 02:16:01.442,1.48276,1.48304,1.00,1.00
2015.09.03 02:16:03.636,1.48276,1.48306,1.00,1.12
2015.09.03 02:16:03.840,1.48276,1.48306,1.00,1.12
2015.09.03 02:16:04.569,1.48275,1.48306,1.00,1.12
2015.09.03 02:16:04.722,1.48272,1.48304,1.00,1.00
2015.09.03 02:16:04.824,1.48276,1.48305,1.00,1.37
2015.09.03 02:16:05.351,1.48277,1.48305,1.00,1.37
2015.09.03 02:16:05.822,1.48275,1.48306,1.00,1.12
2015.09.03 02:16:05.924,1.48277,1.48306,1.00,1.12
2015.09.03 02:16:06.919,1.48274,1.48306,1.00,1.87
2015.09.03 02:16:07.021,1.48277,1.48305,1.00,1.12
2015.09.03 02:16:07.123,1.48274,1.48305,1.00,1.12
2015.09.03 02:16:07.936,1.48274,1.48305,1.00,1.12
2015.09.03 02:16:08.486,1.48272,1.48301,1.00,1.12
2015.09.03 02:16:09.018,1.48282,1.48306,1.00,1.87
2015.09.03 02:16:09.170,1.48285,1.48306,1.00,1.37
2015.09.03 02:16:09.222,1.48288,1.48306,1.00,1.50
2015.09.03 02:16:09.324,1.48286,1.48306,1.00,1.37
2015.09.03 02:16:09.426,1.48288,1.48307,1.00,1.50
2015.09.03 02:16:09.630,1.4827,1.48307,1.05,1.50
2015.09.03 02:16:10.656,1.48284,1.48307,1.00,1.50
2015.09.03 02:16:10.759,1.48287,1.48307,1.00,1.50
2015.09.03 02:16:11.217,1.48283,1.48305,1.00,1.00
2015.09.03 02:16:11.320,1.48286,1.48307,1.00,1.37
2015.09.03 02:16:11.640,1.48285,1.48307,1.00,1.12
2015.09.03 02:16:11.742,1.48284,1.48305,1.00,1.00
2015.09.03 02:16:12.245,1.48285,1.48307,1.00,1.12
2015.09.03 02:16:12.749,1.48284,1.48307,1.00,1.12
2015.09.03 02:16:13.301,1.48283,1.48307,1.00,1.12
2015.09.03 02:16:16.647,1.48283,1.48305,1.00,1.00
2015.09.03 02:16:25.485,1.48283,1.48306,1.00,1.12
2015.09.03 02:16:27.266,1.4828,1.48306,1.00,1.12
2015.09.03 02:16:28.990,1.48279,1.48306,1.00,1.37
2015.09.03 02:16:29.655,1.48279,1.48306,1.00,1.37
2015.09.03 02:16:29.706,1.48279,1.48306,1.00,1.00
2015.09.03 02:16:32.717,1.48279,1.48306,1.00,1.37
2015.09.03 02:16:32.768,1.48275,1.48306,1.00,1.37
2015.09.03 02:16:33.584,1.48276,1.48301,1.00,1.00
2015.09.03 02:16:34.490,1.48275,1.48301,1.00,1.00
2015.09.03 02:16:34.721,1.48278,1.48301,1.00,1.00
2015.09.03 02:16:35.310,1.48279,1.48301,1.00,1.00
2015.09.03 02:16:35.615,1.48281,1.48301,1.00,1.00
2015.09.03 02:16:36.132,1.4828,1.48301,1.00,1.00
2015.09.03 02:16:37.466,1.48281,1.48301,1.00,1.00
2015.09.03 02:16:37.978,1.4828,1.48301,1.00,1.00
2015.09.03 02:16:38.283,1.48286,1.4831,1.00,1.50
2015.09.03 02:16:38.902,1.48289,1.4831,1.00,1.00
2015.09.03 02:16:38.954,1.48286,1.4831,1.00,1.00
2015.09.03 02:16:39.006,1.48283,1.4831,1.00,1.00
2015.09.03 02:16:39.311,1.48284,1.4831,1.00,1.75
2015.09.03 02:16:39.591,1.4828,1.48307,1.00,1.00
2015.09.03 02:16:39.895,1.48282,1.48307,1.00,1.00
2015.09.03 02:16:40.474,1.48283,1.48307,1.00,1.00
2015.09.03 02:16:41.013,1.48284,1.48307,1.00,1.00
2015.09.03 02:16:41.591,1.48285,1.48307,1.00,1.00
2015.09.03 02:16:42.092,1.48284,1.48307,1.00,1.00
2015.09.03 02:16:42.631,1.48285,1.48307,1.00,1.00
2015.09.03 02:16:43.376,1.48285,1.4831,1.00,1.00
2015.09.03 02:16:44.610,1.48286,1.4831,1.00,1.00
2015.09.03 02:16:46.629,1.48284,1.4831,1.00,1.00
2015.09.03 02:16:48.064,1.48286,1.4831,1.00,1.00
2015.09.03 02:16:48.239,1.48284,1.4831,1.00,1.00
2015.09.03 02:16:48.780,1.48285,1.4831,1.00,1.00
2015.09.03 02:16:49.351,1.48285,1.48313,1.00,1.12
2015.09.03 02:16:52.859,1.48284,1.48314,1.00,1.12
2015.09.03 02:16:53.392,1.48285,1.48314,1.00,1.12
2015.09.03 02:16:54.920,1.48286,1.48314,1.00,1.12
2015.09.03 02:16:58.569,1.48289,1.48318,1.00,1.87
2015.09.03 02:16:58.824,1.48293,1.48318,1.00,1.12
2015.09.03 02:16:59.114,1.48287,1.48316,1.00,1.37
2015.09.03 02:16:59.166,1.48282,1.48316,1.00,1.50
2015.09.03 02:16:59.268,1.48282,1.48316,1.00,1.75
2015.09.03 02:16:59.370,1.4828,1.48316,1.00,1.95
2015.09.03 02:16:59.479,1.48278,1.48311,1.00,1.75
2015.09.03 02:16:59.979,1.48277,1.48311,1.00,1.75
2015.09.03 02:17:00.283,1.48279,1.48304,1.00,1.00
2015.09.03 02:17:03.481,1.48278,1.48304,1.00,1.00
2015.09.03 02:17:04.312,1.48277,1.48304,1.00,1.00
2015.09.03 02:17:05.949,1.48274,1.48304,1.00,1.00
2015.09.03 02:17:06.071,1.48278,1.48304,1.00,1.12
2015.09.03 02:17:06.326,1.48276,1.48304,1.00,1.12
2015.09.03 02:17:06.428,1.48279,1.48304,1.00,1.12
2015.09.03 02:17:15.731,1.48279,1.48304,1.00,1.37
2015.09.03 02:17:15.782,1.48276,1.48304,1.00,1.37
2015.09.03 02:17:16.080,1.48278,1.48306,1.00,1.87
2015.09.03 02:17:20.139,1.48279,1.48306,1.00,1.87
2015.09.03 02:17:20.648,1.48278,1.48306,1.00,1.87
2015.09.03 02:17:21.397,1.48279,1.48306,1.00,1.87
2015.09.03 02:17:22.064,1.48278,1.48306,1.00,1.87
2015.09.03 02:17:22.925,1.48279,1.48306,1.00,1.87
2015.09.03 02:17:23.602,1.4828,1.48306,1.00,1.87
2015.09.03 02:17:23.960,1.48275,1.48307,1.00,1.12
2015.09.03 02:17:24.164,1.48279,1.48306,1.00,1.12
2015.09.03 02:17:24.984,1.48278,1.48306,1.00,1.12
2015.09.03 02:17:25.495,1.48279,1.48306,1.00,1.12
2015.09.03 02:17:26.127,1.48278,1.48306,1.00,1.12
2015.09.03 02:17:27.490,1.48275,1.48304,1.00,1.37
2015.09.03 02:17:27.921,1.48278,1.48304,1.00,1.37
2015.09.03 02:17:28.920,1.48276,1.48307,1.00,1.75
2015.09.03 02:17:29.682,1.48277,1.48307,1.00,1.87
2015.09.03 02:17:30.969,1.4828,1.48307,1.00,1.75
2015.09.03 02:17:34.273,1.48278,1.48305,1.00,1.12
2015.09.03 02:17:34.643,1.4828,1.48305,1.00,1.12
2015.09.03 02:17:40.390,1.48277,1.48305,1.00,1.12
2015.09.03 02:17:40.442,1.48275,1.48305,1.00,1.12
2015.09.03 02:17:40.697,1.48277,1.48303,1.00,1.37
2015.09.03 02:17:40.902,1.48275,1.48303,1.00,1.37
2015.09.03 02:17:41.107,1.48278,1.48303,1.00,1.37
2015.09.03 02:17:48.128,1.4828,1.48303,1.00,1.37
2015.09.03 02:17:55.704,1.4828,1.48304,1.00,1.37
2015.09.03 02:17:56.212,1.4828,1.48304,1.00,1.12
2015.09.03 02:17:57.934,1.48279,1.48304,1.00,1.00
2015.09.03 02:17:59.558,1.4828,1.48304,1.00,1.00
2015.09.03 02:18:12.480,1.48277,1.48304,1.00,1.00
2015.09.03 02:18:12.700,1.48279,1.48304,1.00,1.12
2015.09.03 02:18:13.232,1.4828,1.48304,1.00,1.00
2015.09.03 02:18:19.258,1.48279,1.48304,1.00,1.00
2015.09.03 02:18:19.519,1.48277,1.48304,1.00,1.00
2015.09.03 02:18:19.622,1.4828,1.48304,1.00,1.00
2015.09.03 02:18:19.724,1.4827,1.48304,1.00,1.95
2015.09.03 02:18:20.249,1.4827,1.48296,1.00,1.00
2015.09.03 02:18:20.993,1.48273,1.48296,1.00,1.00
2015.09.03 02:18:22.885,1.48271,1.48296,1.00,1.00
2015.09.03 02:18:22.940,1.48273,1.48296,1.00,1.00
2015.09.03 02:18:24.667,1.48271,1.48296,1.00,1.12
2015.09.03 02:18:25.033,1.48271,1.48296,1.00,1.37
2015.09.03 02:18:25.084,1.48264,1.48296,1.00,1.12
2015.09.03 02:18:25.135,1.4826,1.48296,1.37,1.12
2015.09.03 02:18:25.187,1.4826,1.48291,1.37,1.00
2015.09.03 02:18:29.343,1.4826,1.48291,1.00,1.00
2015.09.03 02:18:29.903,1.48259,1.48291,1.12,1.00
2015.09.03 02:18:30.688,1.48259,1.48291,1.12,1.50
2015.09.03 02:18:30.946,1.48243,1.48274,1.12,1.50
2015.09.03 02:18:30.998,1.48237,1.48271,1.37,1.00
2015.09.03 02:18:31.306,1.48232,1.48268,2.17,1.75
2015.09.03 02:18:31.358,1.48233,1.48268,1.37,1.75
2015.09.03 02:18:33.147,1.48236,1.48268,1.37,1.75
2015.09.03 02:18:34.091,1.48233,1.48265,1.37,1.12
2015.09.03 02:18:35.274,1.48232,1.48264,1.37,1.37
2015.09.03 02:18:35.667,1.48232,1.48264,1.37,1.37
2015.09.03 02:18:41.387,1.48232,1.48264,1.37,1.37
2015.09.03 02:18:41.439,1.48232,1.48264,1.37,1.12
2015.09.03 02:18:41.543,1.48232,1.48264,1.37,1.12
2015.09.03 02:18:41.594,1.48228,1.48264,1.68,1.12
2015.09.03 02:18:45.175,1.48231,1.48264,1.37,1.37
2015.09.03 02:18:45.724,1.48231,1.48264,1.37,1.37
2015.09.03 02:18:46.070,1.48231,1.48264,1.37,1.37
2015.09.03 02:18:47.642,1.48231,1.48264,1.37,1.12
2015.09.03 02:18:48.193,1.48231,1.48264,1.37,1.12
2015.09.03 02:18:49.381,1.48231,1.48264,1.37,1.12
2015.09.03 02:18:53.170,1.48231,1.48264,1.37,1.12
2015.09.03 02:18:53.552,1.48222,1.4826,2.43,1.37
2015.09.03 02:18:53.603,1.48221,1.48258,2.25,1.12
2015.09.03 02:18:53.705,1.48221,1.48258,2.25,1.12
2015.09.03 02:18:54.213,1.4822,1.48257,2.05,1.12
2015.09.03 02:18:57.128,1.48223,1.48257,1.37,1.12
2015.09.03 02:18:57.538,1.48228,1.4826,1.37,1.37
2015.09.03 02:18:57.589,1.48228,1.48261,1.37,1.12
2015.09.03 02:18:59.924,1.48229,1.48261,1.37,1.12
2015.09.03 02:19:00.334,1.48228,1.48261,1.12,1.12
2015.09.03 02:19:01.264,1.48227,1.48255,1.00,1.12
2015.09.03 02:19:03.037,1.48228,1.48255,1.00,1.12
2015.09.03 02:19:06.347,1.48224,1.4826,1.37,1.12
2015.09.03 02:19:06.449,1.48224,1.48261,1.50,1.87
2015.09.03 02:19:06.551,1.48226,1.4826,1.37,1.37
2015.09.03 02:19:07.107,1.48227,1.4826,1.12,1.37
2015.09.03 02:19:07.649,1.48228,1.4826,1.00,1.37
2015.09.03 02:19:09.053,1.48228,1.48255,1.00,1.00
2015.09.03 02:19:09.206,1.4822,1.48253,1.68,2.70
2015.09.03 02:19:09.258,1.4822,1.48242,1.93,1.00
2015.09.03 02:19:09.360,1.48216,1.48247,1.93,1.00
2015.09.03 02:19:09.869,1.48216,1.48247,1.37,1.00
2015.09.03 02:19:10.076,1.48219,1.48252,1.12,1.37
2015.09.03 02:19:10.733,1.48221,1.48254,1.37,1.12
2015.09.03 02:19:13.029,1.48221,1.48253,1.12,1.37
2015.09.03 02:19:14.882,1.48221,1.48253,1.12,1.12
2015.09.03 02:19:15.194,1.48221,1.48253,1.37,1.12
2015.09.03 02:19:15.399,1.48217,1.48253,1.37,1.12
2015.09.03 02:19:16.211,1.48216,1.48251,1.87,1.37
2015.09.03 02:19:17.790,1.48213,1.48249,1.37,1.75
2015.09.03 02:19:18.174,1.48211,1.48245,2.62,1.12
2015.09.03 02:19:20.161,1.48211,1.48245,1.37,1.12
2015.09.03 02:19:22.575,1.4821,1.48245,1.87,1.12
2015.09.03 02:19:22.627,1.4821,1.48245,1.37,2.25
2015.09.03 02:19:23.607,1.48211,1.48239,1.37,1.00
2015.09.03 02:19:24.282,1.48211,1.48239,1.37,1.00
2015.09.03 02:19:26.969,1.48211,1.48239,1.37,1.00
2015.09.03 02:19:27.479,1.48211,1.48239,1.37,1.00
2015.09.03 02:19:27.882,1.48211,1.48239,1.37,1.00
2015.09.03 02:19:28.764,1.48208,1.4824,1.37,1.12
2015.09.03 02:19:29.019,1.48206,1.4824,1.68,1.37
2015.09.03 02:19:29.880,1.48206,1.48242,1.37,1.12
2015.09.03 02:19:30.539,1.48206,1.48242,1.37,1.12
2015.09.03 02:19:39.488,1.48205,1.48243,1.37,1.87
2015.09.03 02:19:40.027,1.48205,1.48243,1.37,1.87
2015.09.03 02:19:41.923,1.48205,1.48243,1.75,1.50
2015.09.03 02:19:42.468,1.48209,1.48243,1.50,1.00
2015.09.03 02:19:44.122,1.48209,1.48243,1.50,1.00
2015.09.03 02:19:45.718,1.4821,1.48247,1.12,1.37
2015.09.03 02:19:45.770,1.4821,1.48247,1.37,1.37
2015.09.03 02:19:46.289,1.48211,1.48247,1.12,1.12
2015.09.03 02:19:47.061,1.48211,1.48249,1.50,2.25
2015.09.03 02:19:51.207,1.48213,1.4825,1.50,1.12
2015.09.03 02:19:53.055,1.48213,1.4825,1.75,1.87
2015.09.03 02:19:55.180,1.48214,1.4825,1.50,1.12
2015.09.03 02:20:01.067,1.48214,1.4825,1.50,1.12
2015.09.03 02:20:01.589,1.48214,1.4825,1.50,1.12
2015.09.03 02:20:03.693,1.48213,1.4825,1.50,1.12
2015.09.03 02:20:04.289,1.48215,1.4825,1.00,1.12
2015.09.03 02:20:05.092,1.48214,1.4825,1.12,1.12
2015.09.03 02:20:08.062,1.48214,1.4825,1.12,1.37
2015.09.03 02:20:16.119,1.48214,1.4825,1.37,1.37
2015.09.03 02:20:17.033,1.48211,1.4825,1.87,1.87
2015.09.03 02:20:26.106,1.48214,1.4825,1.12,1.37
2015.09.03 02:20:35.356,1.48216,1.4825,1.00,1.37
2015.09.03 02:20:35.423,1.48213,1.4825,1.37,1.87
2015.09.03 02:20:49.256,1.48212,1.48249,1.00,1.75
2015.09.03 02:20:49.867,1.48212,1.48249,1.37,1.87
2015.09.03 02:20:50.667,1.48212,1.48247,1.12,1.00
2015.09.03 02:20:58.018,1.48213,1.48247,1.00,1.00
2015.09.03 02:20:59.564,1.48213,1.4825,1.12,2.62
2015.09.03 02:21:00.688,1.48209,1.48245,1.37,1.12
2015.09.03 02:21:03.121,1.48208,1.48244,1.37,1.50
2015.09.03 02:21:04.727,1.48208,1.48244,1.37,1.50
2015.09.03 02:21:06.171,1.48219,1.48256,1.00,1.50
2015.09.03 02:21:06.223,1.48219,1.48256,1.00,1.12
2015.09.03 02:21:08.531,1.48219,1.48256,1.12,1.37
2015.09.03 02:21:10.140,1.48219,1.48256,1.50,1.12
2015.09.03 02:21:11.774,1.48219,1.48256,1.12,1.37
2015.09.03 02:21:11.825,1.48219,1.48256,1.37,1.37
2015.09.03 02:21:12.226,1.48216,1.48252,1.37,1.12
2015.09.03 02:21:12.683,1.48215,1.48254,2.25,1.00
2015.09.03 02:21:12.734,1.48217,1.48256,1.37,1.37
2015.09.03 02:21:22.825,1.48219,1.48256,1.37,1.37
2015.09.03 02:21:22.989,1.4822,1.48259,1.50,2.25
2015.09.03 02:21:23.041,1.4822,1.48258,1.75,1.00
2015.09.03 02:21:23.399,1.48222,1.48259,1.00,2.62
2015.09.03 02:21:24.063,1.48221,1.48257,1.12,1.12
2015.09.03 02:21:24.470,1.48222,1.48259,1.37,3.00
2015.09.03 02:21:31.598,1.48224,1.48259,1.00,1.75
2015.09.03 02:21:34.864,1.48225,1.48259,1.00,1.75
2015.09.03 02:21:36.052,1.48225,1.48259,1.00,1.50
2015.09.03 02:21:36.571,1.48226,1.4826,1.00,1.12
2015.09.03 02:21:38.795,1.48227,1.48263,1.00,1.87
2015.09.03 02:21:38.898,1.48229,1.48264,1.00,1.50
2015.09.03 02:21:40.004,1.48232,1.48265,1.00,1.37
2015.09.03 02:21:40.515,1.48233,1.48266,1.00,1.37
2015.09.03 02:21:41.710,1.48233,1.48266,1.00,1.00
2015.09.03 02:21:44.975,1.48232,1.48266,1.00,1.12
2015.09.03 02:21:45.368,1.48232,1.48265,1.00,1.12
2015.09.03 02:21:45.419,1.4823,1.48263,1.12,1.00
2015.09.03 02:21:45.942,1.48229,1.48263,1.12,1.00
2015.09.03 02:21:46.095,1.48229,1.48265,1.12,1.12
2015.09.03 02:21:47.501,1.48229,1.48265,1.00,1.12
2015.09.03 02:21:48.043,1.4823,1.48265,1.00,1.12
2015.09.03 02:21:48.979,1.4823,1.48265,1.00,1.12
2015.09.03 02:21:49.508,1.48229,1.48265,1.00,1.12
2015.09.03 02:21:49.945,1.48229,1.48265,1.00,1.12
2015.09.03 02:21:52.213,1.48229,1.48265,1.37,1.12
2015.09.03 02:21:54.747,1.48229,1.48265,1.37,1.87
2015.09.03 02:21:55.057,1.48231,1.48265,1.37,1.87
2015.09.03 02:21:55.159,1.48228,1.48265,1.37,1.87
2015.09.03 02:21:55.261,1.48228,1.48265,1.37,1.87
2015.09.03 02:21:55.967,1.48225,1.48264,1.75,1.75
2015.09.03 02:21:56.018,1.48225,1.48264,1.75,1.75
2015.09.03 02:21:57.964,1.48225,1.48262,1.75,1.12
2015.09.03 02:21:58.470,1.48228,1.48265,1.37,2.62
2015.09.03 02:22:01.647,1.48229,1.48265,1.37,1.12
2015.09.03 02:22:02.165,1.48229,1.48265,1.37,1.37
2015.09.03 02:22:03.915,1.48229,1.48265,1.50,1.00
2015.09.03 02:22:04.544,1.48234,1.48267,1.37,1.00
2015.09.03 02:22:04.595,1.48234,1.48269,1.00,1.00
2015.09.03 02:22:04.647,1.48234,1.48271,1.00,2.62
2015.09.03 02:22:05.058,1.48243,1.48282,1.75,1.45
2015.09.03 02:22:05.668,1.48241,1.48278,1.37,1.00
2015.09.03 02:22:07.602,1.48241,1.48279,1.37,1.12
2015.09.03 02:22:07.654,1.48241,1.48279,1.37,1.50
2015.09.03 02:22:08.245,1.4824,1.48278,1.50,1.37
2015.09.03 02:22:12.374,1.48241,1.48279,1.75,2.25
2015.09.03 02:22:12.906,1.48239,1.48278,2.43,1.00
2015.09.03 02:22:13.330,1.48246,1.48283,1.37,1.87
2015.09.03 02:22:13.916,1.48245,1.48281,1.12,1.00
2015.09.03 02:22:15.069,1.48245,1.48282,1.87,1.00
2015.09.03 02:22:15.787,1.48245,1.48281,1.12,1.00
2015.09.03 02:22:16.680,1.48245,1.48281,1.12,1.00
2015.09.03 02:22:17.974,1.48245,1.48282,1.87,1.00
2015.09.03 02:22:18.126,1.48245,1.48284,1.50,1.37
2015.09.03 02:22:18.330,1.48245,1.4828,1.00,1.00
2015.09.03 02:22:18.787,1.48236,1.48272,1.50,1.00
2015.09.03 02:22:18.838,1.48237,1.48274,1.50,1.00
2015.09.03 02:22:19.367,1.48237,1.48274,1.50,1.00
2015.09.03 02:22:20.758,1.48239,1.48275,1.37,1.12
2015.09.03 02:22:22.379,1.48238,1.48274,1.37,1.00
2015.09.03 02:22:22.583,1.4824,1.48277,1.37,1.12
2015.09.03 02:22:22.787,1.48241,1.48279,1.12,2.25
2015.09.03 02:22:23.268,1.4824,1.48277,1.37,1.00
2015.09.03 02:22:23.833,1.48241,1.48278,1.00,1.37
2015.09.03 02:22:25.338,1.48241,1.48278,1.37,1.37
2015.09.03 02:22:25.860,1.48241,1.48278,1.75,1.37
2015.09.03 02:22:31.079,1.48241,1.4828,1.75,1.87
2015.09.03 02:22:31.181,1.48247,1.48282,1.12,1.12
2015.09.03 02:22:32.252,1.4824,1.48279,1.37,1.50
2015.09.03 02:22:33.868,1.4824,1.48279,1.37,1.50
2015.09.03 02:22:35.704,1.48243,1.48279,1.37,1.00
2015.09.03 02:22:35.806,1.48243,1.48279,1.37,1.00
2015.09.03 02:22:36.875,1.48247,1.48284,1.50,1.50
2015.09.03 02:22:36.926,1.48247,1.48284,1.50,1.12
2015.09.03 02:22:37.487,1.48248,1.48287,1.37,1.50
2015.09.03 02:22:37.768,1.48248,1.48287,1.37,1.50
2015.09.03 02:22:40.033,1.48249,1.48286,1.37,1.37
2015.09.03 02:22:43.331,1.48251,1.48288,1.37,1.87
2015.09.03 02:22:43.499,1.48249,1.48286,1.37,1.37
2015.09.03 02:22:45.135,1.48249,1.48286,1.37,1.37
2015.09.03 02:22:51.551,1.48249,1.48286,1.37,1.37
2015.09.03 02:22:56.102,1.4825,1.48289,1.37,2.62
2015.09.03 02:22:56.357,1.48248,1.48287,1.75,1.00
2015.09.03 02:22:57.100,1.48251,1.48288,1.37,1.00
2015.09.03 02:22:57.702,1.4825,1.48287,1.37,1.00
2015.09.03 02:23:01.429,1.4825,1.48287,1.75,1.00
2015.09.03 02:23:03.001,1.4825,1.48289,1.75,1.50
2015.09.03 02:23:04.961,1.48249,1.48288,1.75,1.00
2015.09.03 02:23:07.296,1.4825,1.48287,1.75,1.00
2015.09.03 02:23:09.078,1.4825,1.48289,1.75,1.50
2015.09.03 02:23:17.947,1.48253,1.48289,1.37,1.12
2015.09.03 02:23:18.405,1.48256,1.48292,1.12,1.50
2015.09.03 02:23:18.507,1.48256,1.48292,1.12,1.12
2015.09.03 02:23:19.017,1.48256,1.48292,1.50,1.00
2015.09.03 02:23:20.539,1.48257,1.48293,1.12,1.12
2015.09.03 02:23:22.731,1.48257,1.48294,1.37,1.00
2015.09.03 02:23:23.037,1.48257,1.48296,1.37,1.12
2015.09.03 02:23:23.240,1.48257,1.48294,1.37,1.00
2015.09.03 02:23:24.870,1.48255,1.48292,1.75,1.00
2015.09.03 02:23:26.439,1.48255,1.48292,1.50,1.37
2015.09.03 02:23:33.567,1.48255,1.48292,1.75,1.37
2015.09.03 02:23:33.669,1.48255,1.48292,1.75,1.12
2015.09.03 02:23:36.876,1.48256,1.48293,1.75,1.00
2015.09.03 02:23:37.632,1.48257,1.48294,1.50,1.00
2015.09.03 02:23:46.364,1.48257,1.48294,1.50,1.37
2015.09.03 02:23:46.415,1.48257,1.48292,1.00,1.12
2015.09.03 02:23:46.466,1.48252,1.48285,1.37,1.00
2015.09.03 02:23:47.001,1.4825,1.48285,1.12,1.00
2015.09.03 02:23:58.334,1.4825,1.48286,1.12,1.12
2015.09.03 02:23:58.652,1.4825,1.48286,1.12,1.12
2015.09.03 02:24:03.276,1.48253,1.48289,1.75,1.00
2015.09.03 02:24:03.996,1.48257,1.48293,1.00,1.87
2015.09.03 02:24:06.430,1.48254,1.48293,1.75,1.87
2015.09.03 02:24:06.861,1.48257,1.48293,1.37,1.12
2015.09.03 02:24:07.167,1.48253,1.4829,1.87,1.12
2015.09.03 02:24:07.768,1.48253,1.48289,1.37,1.00
2015.09.03 02:24:09.686,1.48254,1.48291,1.37,1.37
2015.09.03 02:24:10.139,1.48254,1.48291,1.37,1.37
2015.09.03 02:24:11.493,1.48258,1.48295,1.37,1.37
2015.09.03 02:24:11.798,1.48261,1.48296,1.37,1.12
2015.09.03 02:24:20.094,1.48261,1.48298,1.37,1.50
2015.09.03 02:24:20.196,1.48261,1.48298,1.37,1.87
2015.09.03 02:24:20.248,1.48254,1.48291,1.37,1.12
2015.09.03 02:24:20.553,1.48252,1.48288,1.97,1.00
2015.09.03 02:24:22.420,1.48251,1.48288,2.05,1.00
2015.09.03 02:24:24.075,1.48263,1.48293,1.37,1.37
2015.09.03 02:24:24.126,1.48263,1.48299,1.37,1.00
2015.09.03 02:24:25.421,1.48263,1.48299,1.37,1.00
2015.09.03 02:24:26.584,1.48268,1.48299,1.00,1.37
2015.09.03 02:24:26.737,1.48257,1.48296,2.25,1.37
2015.09.03 02:24:28.372,1.48257,1.48294,1.87,1.37
2015.09.03 02:24:29.395,1.48257,1.48294,1.37,1.37
2015.09.03 02:24:31.079,1.4826,1.48294,1.00,1.00
2015.09.03 02:24:31.130,1.48263,1.48299,1.37,1.50
2015.09.03 02:24:35.281,1.4826,1.48297,1.50,1.00
2015.09.03 02:24:35.332,1.4826,1.48297,1.50,1.00
2015.09.03 02:24:35.539,1.48259,1.48296,1.75,1.00
2015.09.03 02:24:38.971,1.48259,1.48296,1.75,1.00
2015.09.03 02:24:41.619,1.4826,1.48297,1.50,1.00
2015.09.03 02:24:44.669,1.48263,1.48299,1.37,1.00
2015.09.03 02:24:44.721,1.48263,1.48299,1.37,1.12
2015.09.03 02:24:45.070,1.48252,1.48287,1.12,1.00
2015.09.03 02:24:45.601,1.48252,1.48287,1.12,1.00
2015.09.03 02:24:46.205,1.48252,1.48289,1.12,1.00
2015.09.03 02:24:46.661,1.48252,1.48289,1.87,1.00
2015.09.03 02:24:46.829,1.48252,1.48289,1.87,1.00
2015.09.03 02:24:47.991,1.48252,1.48288,1.12,1.00
2015.09.03 02:24:48.877,1.48252,1.48289,1.87,1.00
2015.09.03 02:24:49.196,1.48252,1.48289,1.87,1.00
2015.09.03 02:24:49.509,1.48251,1.48287,2.25,1.00
2015.09.03 02:24:50.164,1.48256,1.48287,1.37,1.00
2015.09.03 02:24:50.266,1.48257,1.48294,2.25,1.00
2015.09.03 02:24:50.318,1.48257,1.48294,2.62,1.00
2015.09.03 02:24:50.521,1.48258,1.48294,1.37,1.00
2015.09.03 02:24:50.623,1.48258,1.48294,1.87,1.00
2015.09.03 02:24:53.188,1.48262,1.48297,1.00,1.00
2015.09.03 02:24:53.374,1.4826,1.48297,1.00,1.00
2015.09.03 02:24:53.968,1.4826,1.48296,1.00,1.00
2015.09.03 02:25:06.849,1.48257,1.48296,3.00,1.12
2015.09.03 02:25:08.928,1.48257,1.48294,1.50,1.00
2015.09.03 02:25:11.719,1.48256,1.48293,1.87,1.00
2015.09.03 02:25:13.826,1.48258,1.48294,1.12,1.00
2015.09.03 02:25:14.861,1.48258,1.48294,1.00,1.12
2015.09.03 02:25:14.913,1.48253,1.4829,1.37,1.75
2015.09.03 02:25:15.015,1.48249,1.48285,1.12,1.00
2015.09.03 02:25:15.066,1.48249,1.48285,1.12,1.37
2015.09.03 02:25:15.582,1.4825,1.48281,1.00,1.00
2015.09.03 02:25:15.997,1.48248,1.48281,1.12,1.00
2015.09.03 02:25:18.105,1.48248,1.48284,1.12,1.00
2015.09.03 02:25:19.053,1.48248,1.48284,1.50,1.00
2015.09.03 02:25:20.412,1.48248,1.48284,1.50,1.00
2015.09.03 02:25:28.508,1.48248,1.48285,1.50,1.00
2015.09.03 02:25:31.926,1.48247,1.48284,1.37,1.00
2015.09.03 02:25:32.798,1.48247,1.48283,1.37,1.00
2015.09.03 02:25:33.063,1.48247,1.48285,1.87,1.00
2015.09.03 02:25:37.775,1.48247,1.48285,1.50,1.37
2015.09.03 02:25:38.539,1.48247,1.48285,1.75,1.00
2015.09.03 02:25:39.156,1.4825,1.48288,1.00,1.37
2015.09.03 02:25:39.476,1.48249,1.48288,1.00,1.87
2015.09.03 02:25:39.991,1.48246,1.48285,1.87,1.37
2015.09.03 02:25:45.386,1.48247,1.48284,1.37,1.75
2015.09.03 02:25:49.628,1.48245,1.48282,1.75,1.00
2015.09.03 02:25:55.659,1.48245,1.48282,1.50,1.00
2015.09.03 02:25:56.607,1.48245,1.48282,1.12,1.00
2015.09.03 02:25:58.428,1.48245,1.48282,1.12,1.37
2015.09.03 02:26:00.946,1.48245,1.48282,1.12,1.75
2015.09.03 02:26:01.371,1.48243,1.48281,2.25,1.12
2015.09.03 02:26:01.999,1.48246,1.48283,1.00,1.37
2015.09.03 02:26:02.697,1.48247,1.48284,1.00,1.50
2015.09.03 02:26:05.668,1.48247,1.48284,1.00,1.12
2015.09.03 02:26:05.974,1.48247,1.48286,1.75,1.37
2015.09.03 02:26:10.130,1.48248,1.48287,1.50,1.12
2015.09.03 02:26:12.780,1.48248,1.48287,1.50,1.50
2015.09.03 02:26:15.046,1.48247,1.48286,1.87,1.00
2015.09.03 02:26:22.628,1.48248,1.48285,1.87,1.00
2015.09.03 02:26:24.424,1.48249,1.48286,1.50,1.00
2015.09.03 02:26:24.628,1.48248,1.48283,1.12,1.00
2015.09.03 02:26:25.195,1.48247,1.48286,1.75,1.12
2015.09.03 02:26:35.924,1.48247,1.48286,1.50,1.12
2015.09.03 02:26:36.268,1.48246,1.48284,1.75,1.00
2015.09.03 02:26:36.720,1.48247,1.48284,1.50,1.37
2015.09.03 02:26:37.406,1.48247,1.48286,1.50,1.37
2015.09.03 02:26:37.610,1.48247,1.48286,1.50,1.37
2015.09.03 02:26:37.935,1.48246,1.48284,1.12,1.37
2015.09.03 02:26:38.292,1.48246,1.48283,1.87,1.37
2015.09.03 02:26:39.119,1.48249,1.48285,1.00,1.75
2015.09.03 02:26:39.478,1.48246,1.48285,1.87,1.75
2015.09.03 02:26:41.587,1.48249,1.48286,1.00,1.87
2015.09.03 02:26:42.140,1.48248,1.48285,1.00,1.50
2015.09.03 02:26:42.684,1.48249,1.48286,1.00,1.50
2015.09.03 02:26:47.403,1.48249,1.48286,1.37,1.50
2015.09.03 02:26:49.119,1.48248,1.48284,1.00,1.37
2015.09.03 02:26:54.782,1.48249,1.48286,1.00,1.87
2015.09.03 02:26:54.884,1.48249,1.48286,1.00,1.87
2015.09.03 02:26:55.653,1.4825,1.48286,1.00,1.12
2015.09.03 02:26:56.189,1.48247,1.48286,1.50,1.87
2015.09.03 02:26:59.261,1.48248,1.48287,1.37,1.87
2015.09.03 02:26:59.828,1.4825,1.48287,1.00,1.12
2015.09.03 02:27:02.453,1.48251,1.48287,1.00,1.12
2015.09.03 02:27:04.987,1.4825,1.48287,1.00,1.87
2015.09.03 02:27:05.777,1.48248,1.48287,1.37,1.87
2015.09.03 02:27:06.468,1.4825,1.48287,1.00,1.87
2015.09.03 02:27:07.284,1.48249,1.48286,1.12,1.50
2015.09.03 02:27:10.954,1.48246,1.48285,1.37,1.50
2015.09.03 02:27:15.724,1.48248,1.48285,1.37,1.87
2015.09.03 02:27:18.867,1.48249,1.48285,1.37,1.37
2015.09.03 02:27:28.884,1.48249,1.48286,1.37,1.50
2015.09.03 02:27:30.582,1.48246,1.48285,1.50,1.37
2015.09.03 02:27:31.511,1.48246,1.48285,2.25,1.37
2015.09.03 02:27:31.960,1.48249,1.48286,1.00,2.25
2015.09.03 02:27:32.471,1.48247,1.48284,1.37,1.37
2015.09.03 02:27:34.755,1.48246,1.48283,1.50,1.37
2015.09.03 02:27:35.612,1.48245,1.48284,2.62,1.37
2015.09.03 02:27:35.770,1.48246,1.48285,1.50,1.37
2015.09.03 02:27:36.087,1.48248,1.48285,1.00,1.37
2015.09.03 02:27:36.139,1.48248,1.48285,1.37,1.37
2015.09.03 02:27:43.248,1.48246,1.48283,2.62,1.00
2015.09.03 02:27:44.777,1.48248,1.48285,1.37,1.37
2015.09.03 02:27:46.124,1.48246,1.48284,1.87,1.12
2015.09.03 02:27:56.761,1.48247,1.48284,1.37,1.12
2015.09.03 02:27:59.094,1.48247,1.48284,1.37,1.37
2015.09.03 02:28:09.360,1.48247,1.48284,1.37,1.37
2015.09.03 02:28:09.951,1.48246,1.48282,1.50,1.00
2015.09.03 02:28:10.621,1.48246,1.48283,1.50,1.12
2015.09.03 02:28:10.673,1.48246,1.48283,1.50,1.37
2015.09.03 02:28:10.978,1.48247,1.48285,1.37,1.75
2015.09.03 02:28:11.751,1.48247,1.48285,1.12,1.12
2015.09.03 02:28:13.723,1.48247,1.48285,1.37,1.12
2015.09.03 02:28:20.521,1.48247,1.48285,1.37,1.12
2015.09.03 02:28:38.090,1.48246,1.48284,3.55,1.37
2015.09.03 02:28:38.141,1.48246,1.48284,3.55,1.37
2015.09.03 02:28:42.236,1.4825,1.48286,1.37,1.50
2015.09.03 02:28:42.517,1.48251,1.48287,1.37,1.37
2015.09.03 02:28:42.619,1.48249,1.48286,1.37,1.37
2015.09.03 02:28:44.268,1.48247,1.48285,1.37,1.37
2015.09.03 02:28:45.052,1.48247,1.48285,1.37,1.37
2015.09.03 02:28:50.256,1.48246,1.48284,3.75,1.37
2015.09.03 02:28:58.803,1.48247,1.48285,2.42,1.37
2015.09.03 02:29:00.263,1.48249,1.48285,1.50,1.37
2015.09.03 02:29:02.303,1.48247,1.48285,2.80,1.37
2015.09.03 02:29:02.506,1.48247,1.48283,1.50,1.37
2015.09.03 02:29:03.220,1.48247,1.48283,1.50,1.37
2015.09.03 02:29:06.427,1.48247,1.48285,2.25,1.37
2015.09.03 02:29:09.919,1.48247,1.48285,2.80,1.37
2015.09.03 02:29:23.938,1.48247,1.48285,1.87,1.37
2015.09.03 02:29:24.232,1.48247,1.48285,1.87,1.37
2015.09.03 02:29:28.857,1.48248,1.48284,1.50,1.12
2015.09.03 02:29:32.964,1.48248,1.48284,1.75,1.12
2015.09.03 02:29:41.377,1.48249,1.48286,1.37,1.37
2015.09.03 02:29:42.984,1.48249,1.48286,1.37,1.37
2015.09.03 02:29:51.215,1.48249,1.48286,1.37,1.37
2015.09.03 02:29:53.004,1.48249,1.48286,1.37,1.37
2015.09.03 02:29:54.116,1.4825,1.48288,1.00,1.37
2015.09.03 02:29:54.664,1.4825,1.48287,1.50,1.12
2015.09.03 02:29:59.764,1.4825,1.48287,1.12,1.37
2015.09.03 02:30:00.410,1.48251,1.48288,1.00,1.87
2015.09.03 02:30:00.730,1.48249,1.48288,2.62,1.87
2015.09.03 02:30:10.949,1.48252,1.48289,1.37,1.50
2015.09.03 02:30:13.133,1.48252,1.48289,1.37,1.50
2015.09.03 02:30:16.435,1.4825,1.48289,1.37,1.50
2015.09.03 02:30:17.156,1.48254,1.4829,1.00,1.87
2015.09.03 02:30:18.006,1.48252,1.4829,1.00,1.12
2015.09.03 02:30:19.184,1.48252,1.4829,1.37,1.12
2015.09.03 02:30:28.045,1.48253,1.4829,1.12,1.12
2015.09.03 02:30:28.350,1.48253,1.48291,1.87,1.87
2015.09.03 02:30:32.518,1.48253,1.4829,1.12,1.37
2015.09.03 02:30:35.115,1.48253,1.4829,1.50,1.37
2015.09.03 02:30:37.436,1.48254,1.4829,1.12,1.12
2015.09.03 02:30:38.712,1.48254,1.4829,1.37,1.12
2015.09.03 02:30:48.639,1.48254,1.4829,1.37,1.12
2015.09.03 02:30:58.865,1.48254,1.48292,1.37,1.37
2015.09.03 02:31:18.588,1.48254,1.48293,1.87,1.87
2015.09.03 02:31:28.831,1.48254,1.48293,1.87,1.87
2015.09.03 02:31:35.994,1.48255,1.48293,1.12,1.87
2015.09.03 02:31:36.096,1.48257,1.48294,1.50,1.37
2015.09.03 02:31:37.554,1.48257,1.48294,1.12,1.37
2015.09.03 02:31:38.477,1.48257,1.48294,1.12,1.50
2015.09.03 02:31:38.797,1.48255,1.48292,1.50,1.37
2015.09.03 02:31:39.548,1.48257,1.48294,1.37,1.50
2015.09.03 02:31:39.752,1.48255,1.48294,1.50,1.50
2015.09.03 02:31:39.804,1.48257,1.48294,1.37,1.37
2015.09.03 02:31:41.287,1.48258,1.48296,1.50,3.37
2015.09.03 02:31:41.389,1.48259,1.48296,1.12,1.87
2015.09.03 02:31:41.823,1.48259,1.48296,3.00,1.12
2015.09.03 02:31:44.734,1.4826,1.48297,1.50,1.87
2015.09.03 02:31:45.065,1.48259,1.48296,3.00,1.37
2015.09.03 02:31:45.444,1.48262,1.48297,1.75,1.00
2015.09.03 02:31:45.598,1.48265,1.48302,1.50,1.00
2015.09.03 02:31:46.013,1.48266,1.48302,1.37,1.37
2015.09.03 02:31:48.397,1.48268,1.48305,1.37,1.87
2015.09.03 02:31:48.921,1.48267,1.48304,1.37,1.50
2015.09.03 02:31:49.648,1.48264,1.48299,1.91,1.50
2015.09.03 02:31:50.776,1.48264,1.483,2.54,1.37
2015.09.03 02:31:51.761,1.48264,1.483,1.98,1.37
2015.09.03 02:31:53.277,1.48264,1.48301,2.55,1.37
2015.09.03 02:31:53.379,1.48264,1.48301,1.87,1.37
2015.09.03 02:31:54.651,1.48264,1.48301,1.87,1.37
2015.09.03 02:31:56.364,1.48264,1.48301,1.87,1.87
2015.09.03 02:31:56.676,1.48264,1.48301,1.87,1.87
2015.09.03 02:31:59.197,1.48264,1.48301,1.87,1.37
2015.09.03 02:31:59.503,1.48265,1.48302,1.00,1.37
2015.09.03 02:31:59.605,1.48264,1.48302,1.12,1.37
2015.09.03 02:32:03.255,1.48266,1.48302,1.37,1.37
2015.09.03 02:32:03.887,1.48266,1.48302,1.37,1.37
2015.09.03 02:32:04.390,1.48266,1.48302,1.37,1.37
2015.09.03 02:32:08.639,1.48266,1.48302,1.50,1.37
2015.09.03 02:32:09.565,1.48266,1.48302,1.50,1.37
2015.09.03 02:32:09.728,1.48266,1.48302,1.50,1.37
2015.09.03 02:32:17.321,1.48265,1.48301,1.98,1.12
2015.09.03 02:32:18.373,1.48265,1.48301,1.12,1.37
2015.09.03 02:32:19.034,1.48265,1.48299,1.12,1.12
2015.09.03 02:32:19.237,1.48265,1.48299,1.12,1.12
2015.09.03 02:32:20.019,1.48265,1.48298,1.12,1.00
2015.09.03 02:32:20.074,1.48266,1.48298,1.00,1.00
2015.09.03 02:32:21.932,1.48265,1.48298,1.12,1.00
2015.09.03 02:32:22.807,1.48265,1.48299,1.12,1.12
2015.09.03 02:32:26.541,1.48265,1.48297,1.12,1.00
2015.09.03 02:32:26.643,1.48265,1.48299,1.12,1.12
2015.09.03 02:32:27.045,1.48264,1.48299,1.37,1.12
2015.09.03 02:32:27.747,1.48264,1.48299,1.37,1.12
2015.09.03 02:32:29.568,1.48264,1.48302,1.87,1.37
2015.09.03 02:32:29.622,1.48268,1.48307,1.87,1.87
2015.09.03 02:32:30.070,1.48268,1.48307,2.25,1.87
2015.09.03 02:32:34.359,1.4827,1.48307,1.37,1.87
2015.09.03 02:32:44.377,1.4827,1.48307,1.37,1.87
2015.09.03 02:32:54.395,1.48271,1.48307,1.37,1.37
2015.09.03 02:32:55.040,1.4827,1.48307,1.87,1.37
2015.09.03 02:32:55.587,1.4827,1.48305,1.12,1.37
2015.09.03 02:32:56.641,1.48271,1.48307,1.37,1.37
2015.09.03 02:32:57.149,1.48271,1.48308,1.50,1.87
2015.09.03 02:32:57.644,1.48271,1.48308,1.50,1.87
2015.09.03 02:32:58.159,1.48271,1.48308,1.87,1.87
2015.09.03 02:33:02.488,1.48271,1.48308,1.87,1.87
2015.09.03 02:33:12.033,1.48271,1.48308,1.87,1.37
2015.09.03 02:33:22.049,1.48271,1.48308,1.87,1.37
2015.09.03 02:33:25.816,1.48272,1.48308,1.37,1.37
2015.09.03 02:33:26.359,1.48271,1.48308,1.37,1.37
2015.09.03 02:33:28.365,1.48271,1.48308,1.87,1.37
2015.09.03 02:33:31.972,1.48271,1.48308,1.87,1.37
2015.09.03 02:33:36.088,1.48271,1.4831,1.37,1.50
2015.09.03 02:33:40.854,1.48271,1.48307,1.67,1.37
2015.09.03 02:33:41.407,1.48271,1.48307,1.67,1.37
2015.09.03 02:33:51.422,1.48272,1.48307,1.37,1.37
2015.09.03 02:33:53.872,1.48272,1.48307,1.72,1.37
2015.09.03 02:33:56.027,1.48272,1.48307,1.37,1.37
2015.09.03 02:33:56.148,1.48272,1.48309,1.37,1.87
2015.09.03 02:34:14.448,1.48271,1.4831,1.50,2.25
2015.09.03 02:34:15.615,1.48273,1.48312,1.37,3.00
2015.09.03 02:34:23.765,1.48271,1.48308,2.25,1.37
2015.09.03 02:34:25.548,1.48271,1.48308,1.50,1.37
2015.09.03 02:34:26.856,1.48271,1.48308,1.50,1.37
2015.09.03 02:34:33.569,1.48272,1.48309,1.37,1.12
2015.09.03 02:34:33.672,1.48271,1.48308,1.50,1.00
2015.09.03 02:34:33.774,1.48271,1.48308,1.37,1.37
2015.09.03 02:34:35.678,1.4827,1.48307,1.87,1.37
2015.09.03 02:34:37.680,1.4827,1.48307,1.87,1.37
2015.09.03 02:34:44.194,1.4827,1.48305,1.87,1.12
2015.09.03 02:34:45.629,1.4827,1.48306,1.87,1.37
2015.09.03 02:34:45.884,1.4827,1.48307,1.87,1.37
2015.09.03 02:34:48.870,1.4827,1.48306,1.37,1.37
2015.09.03 02:34:49.092,1.4827,1.48308,1.37,1.37
2015.09.03 02:34:50.359,1.4827,1.48307,1.50,1.00
2015.09.03 02:34:50.412,1.4827,1.48307,2.25,1.00
2015.09.03 02:34:50.514,1.4827,1.48306,1.50,1.37
2015.09.03 02:34:50.821,1.4827,1.48306,1.12,1.37
2015.09.03 02:34:51.334,1.48269,1.48306,1.50,1.50
2015.09.03 02:34:52.001,1.48269,1.48306,1.50,1.00
2015.09.03 02:34:52.522,1.48272,1.48308,1.37,1.12
2015.09.03 02:34:52.831,1.48272,1.48308,1.37,1.12
2015.09.03 02:34:55.148,1.48271,1.48307,1.30,1.37
2015.09.03 02:34:55.650,1.48272,1.48307,1.30,1.12
2015.09.03 02:34:57.588,1.48271,1.48306,1.30,1.12
2015.09.03 02:34:58.164,1.48275,1.48308,1.37,1.00
2015.09.03 02:35:00.742,1.48276,1.48309,1.37,1.37
2015.09.03 02:35:04.475,1.48276,1.48309,1.37,1.12
2015.09.03 02:35:05.466,1.48276,1.48309,1.37,1.12
2015.09.03 02:35:08.733,1.48276,1.48311,1.37,1.12
2015.09.03 02:35:25.504,1.48276,1.48311,1.92,1.12
2015.09.03 02:35:26.773,1.48276,1.48309,1.92,1.00
2015.09.03 02:35:31.267,1.48276,1.48309,1.37,1.00
2015.09.03 02:35:38.776,1.48276,1.48309,1.37,1.00
2015.09.03 02:36:29.313,1.48275,1.48309,1.64,1.00
2015.09.03 02:36:30.550,1.48275,1.48307,1.64,1.00
2015.09.03 02:36:32.232,1.48274,1.48307,1.30,1.00
2015.09.03 02:36:41.355,1.48273,1.4831,1.30,1.00
2015.09.03 02:36:43.976,1.48273,1.48311,1.30,1.12
2015.09.03 02:36:44.754,1.48273,1.48311,1.30,1.12
2015.09.03 02:36:48.684,1.48273,1.48309,1.30,1.12
2015.09.03 02:36:49.223,1.48273,1.48308,1.30,1.12
2015.09.03 02:36:51.982,1.48273,1.4831,1.92,1.37
2015.09.03 02:36:52.633,1.48273,1.4831,1.92,1.37
2015.09.03 02:36:55.505,1.48273,1.4831,1.92,1.37
2015.09.03 02:37:06.092,1.48271,1.4831,3.00,1.37
2015.09.03 02:37:16.527,1.48272,1.4831,1.92,1.37
2015.09.03 02:37:31.556,1.48273,1.48311,1.61,1.12
2015.09.03 02:37:34.798,1.48273,1.48311,1.61,1.12
2015.09.03 02:37:36.875,1.48276,1.48311,1.75,1.50
2015.09.03 02:37:37.531,1.48276,1.4831,1.75,1.00
2015.09.03 02:37:37.787,1.48276,1.48312,1.75,1.12
2015.09.03 02:37:38.312,1.48273,1.48311,1.12,1.00
2015.09.03 02:37:40.675,1.48275,1.48311,1.75,1.00
2015.09.03 02:37:50.597,1.48275,1.48311,1.75,1.00
2015.09.03 02:38:01.412,1.48273,1.48308,1.75,1.00
2015.09.03 02:38:04.151,1.48273,1.48311,1.75,1.00
2015.09.03 02:38:04.658,1.48273,1.4831,2.05,1.00
2015.09.03 02:38:04.908,1.48273,1.48308,1.75,1.00
2015.09.03 02:38:09.033,1.48275,1.48308,1.75,1.00
2015.09.03 02:38:17.678,1.48276,1.48311,1.75,1.00
2015.09.03 02:38:19.000,1.48276,1.48311,1.75,1.00
2015.09.03 02:38:19.582,1.48276,1.48311,1.75,1.00
2015.09.03 02:38:22.062,1.48276,1.48312,2.05,1.00
2015.09.03 02:38:23.094,1.48276,1.48312,1.30,1.00
2015.09.03 02:38:24.135,1.48278,1.48312,1.61,1.00
2015.09.03 02:38:33.163,1.48281,1.48311,1.67,1.00
2015.09.03 02:38:34.489,1.48281,1.48311,1.67,1.00
2015.09.03 02:38:42.840,1.48281,1.48313,1.37,1.00
2015.09.03 02:38:43.167,1.48281,1.48315,1.67,1.12
2015.09.03 02:38:44.146,1.48281,1.48315,1.67,1.12
2015.09.03 02:38:47.452,1.48281,1.48315,1.67,1.12
2015.09.03 02:38:57.958,1.4828,1.48315,2.09,1.00
2015.09.03 02:38:59.574,1.4828,1.48316,2.09,1.87
2015.09.03 02:39:00.052,1.4828,1.48316,1.50,1.50
2015.09.03 02:39:00.695,1.48282,1.48316,1.30,1.00
2015.09.03 02:39:02.185,1.4828,1.48316,2.25,1.00
2015.09.03 02:39:02.696,1.48281,1.48316,1.75,1.00
2015.09.03 02:39:03.706,1.48286,1.48316,1.37,1.00
2015.09.03 02:39:04.677,1.48286,1.48318,1.37,1.00
2015.09.03 02:39:15.811,1.48286,1.48318,1.37,1.00
2015.09.03 02:39:19.607,1.48282,1.48318,1.75,1.00
2015.09.03 02:39:20.048,1.48282,1.48316,1.30,1.00
2015.09.03 02:39:20.583,1.48281,1.48316,1.30,1.00
2015.09.03 02:39:21.092,1.48281,1.48316,1.30,1.00
2015.09.03 02:39:21.747,1.48282,1.48317,1.30,1.00
2015.09.03 02:39:22.295,1.48281,1.48317,2.05,1.00
2015.09.03 02:39:22.841,1.48281,1.48317,2.05,1.00
2015.09.03 02:39:24.933,1.48282,1.48317,1.30,1.00
2015.09.03 02:39:28.943,1.48281,1.48317,2.05,1.00
2015.09.03 02:39:29.936,1.48283,1.48317,1.30,1.00
2015.09.03 02:39:42.666,1.48282,1.48316,1.30,1.00
2015.09.03 02:39:44.252,1.48282,1.48316,1.30,1.00
2015.09.03 02:39:44.817,1.48283,1.48316,1.30,1.00
2015.09.03 02:39:44.969,1.48283,1.48318,1.30,1.00
2015.09.03 02:39:45.518,1.48283,1.48318,1.30,1.00
2015.09.03 02:39:46.424,1.48283,1.48318,1.30,1.00
2015.09.03 02:39:49.209,1.48283,1.48318,1.30,1.00
2015.09.03 02:39:51.887,1.48282,1.48318,1.30,1.00
2015.09.03 02:40:05.017,1.48284,1.48316,1.30,1.00
2015.09.03 02:40:05.563,1.48283,1.48315,1.30,1.00
2015.09.03 02:40:07.690,1.48283,1.48315,1.30,1.00
2015.09.03 02:40:14.125,1.48283,1.48315,1.30,1.00
2015.09.03 02:40:24.258,1.48282,1.48315,1.30,1.00
2015.09.03 02:40:29.943,1.48282,1.48315,1.30,1.00
2015.09.03 02:40:30.519,1.48281,1.48316,2.05,1.00
2015.09.03 02:40:32.053,1.48282,1.48317,1.30,1.00
2015.09.03 02:40:33.475,1.48281,1.48317,2.80,1.00
2015.09.03 02:40:34.778,1.48282,1.48317,1.30,1.00
2015.09.03 02:40:40.290,1.4828,1.48317,1.75,1.00
2015.09.03 02:40:41.719,1.4828,1.48315,2.05,1.00
2015.09.03 02:40:42.970,1.48281,1.48317,1.75,1.00
2015.09.03 02:40:44.164,1.48282,1.48317,1.30,1.00
2015.09.03 02:40:48.133,1.48283,1.48317,1.61,1.00
2015.09.03 02:41:01.573,1.48283,1.48318,1.61,1.12
2015.09.03 02:41:04.173,1.48281,1.48318,2.05,1.12
2015.09.03 02:41:06.727,1.4828,1.48318,1.30,1.12
2015.09.03 02:41:11.781,1.48281,1.48318,1.75,1.12
2015.09.03 02:41:12.307,1.48281,1.4832,2.25,1.87
2015.09.03 02:41:15.704,1.48281,1.48318,1.75,1.50
2015.09.03 02:41:16.208,1.48279,1.48318,2.05,1.50
2015.09.03 02:41:18.455,1.4828,1.48316,1.75,1.00
2015.09.03 02:41:19.109,1.4828,1.48316,1.75,1.00
2015.09.03 02:41:20.452,1.4828,1.48315,1.75,1.00
2015.09.03 02:41:30.273,1.4828,1.48315,1.30,1.00
2015.09.03 02:41:40.956,1.48282,1.48315,1.61,1.00
2015.09.03 02:41:42.750,1.4828,1.48315,2.05,1.00
2015.09.03 02:41:45.560,1.48281,1.48316,1.75,1.00
2015.09.03 02:41:45.765,1.48281,1.48318,2.05,1.00
2015.09.03 02:41:48.372,1.48281,1.48316,1.75,1.00
2015.09.03 02:41:48.705,1.48281,1.48318,1.75,1.50
2015.09.03 02:41:48.806,1.48281,1.48318,1.75,1.50
2015.09.03 02:41:49.110,1.4828,1.48316,1.75,1.00
2015.09.03 02:41:50.167,1.4828,1.48316,1.75,1.00
2015.09.03 02:41:56.076,1.4828,1.48316,1.75,1.00
2015.09.03 02:41:56.441,1.4828,1.48318,1.75,1.50
2015.09.03 02:41:56.553,1.4828,1.48316,1.75,1.00
2015.09.03 02:41:58.221,1.4828,1.48316,1.75,1.00
2015.09.03 02:41:59.732,1.48281,1.48318,1.87,1.00
2015.09.03 02:41:59.835,1.48279,1.48315,1.98,1.00
2015.09.03 02:42:01.761,1.4828,1.48314,1.50,1.00
2015.09.03 02:42:02.305,1.4828,1.48315,1.50,1.00
2015.09.03 02:42:02.990,1.4828,1.48315,1.50,1.00
2015.09.03 02:42:04.706,1.4828,1.48315,1.50,1.00
2015.09.03 02:42:12.843,1.4828,1.48317,1.50,1.00
2015.09.03 02:42:14.423,1.4828,1.48316,1.50,1.00
2015.09.03 02:42:20.217,1.48279,1.48314,1.12,1.00
2015.09.03 02:42:20.268,1.48278,1.48314,1.12,1.37
2015.09.03 02:42:21.041,1.48278,1.48306,1.12,1.00
2015.09.03 02:42:21.108,1.48275,1.48308,1.37,1.00
2015.09.03 02:42:21.653,1.48275,1.48308,1.37,1.00
2015.09.03 02:42:23.532,1.48275,1.48308,1.37,1.00
2015.09.03 02:42:39.903,1.48273,1.48309,1.30,1.00
2015.09.03 02:42:49.793,1.48273,1.48309,1.30,1.00
2015.09.03 02:42:59.872,1.48274,1.48309,1.61,1.00
2015.09.03 02:43:01.496,1.48274,1.48309,1.30,1.00
2015.09.03 02:43:02.598,1.48273,1.48309,1.75,1.00
2015.09.03 02:43:19.207,1.48272,1.48309,1.37,1.37
2015.09.03 02:43:19.310,1.48272,1.48307,1.37,1.37
2015.09.03 02:43:19.979,1.48272,1.48305,1.67,1.00
2015.09.03 02:43:22.653,1.48272,1.48305,1.92,1.00
2015.09.03 02:43:23.844,1.48272,1.48305,1.37,1.00
2015.09.03 02:43:24.648,1.48272,1.48305,1.37,1.00
2015.09.03 02:43:31.822,1.48272,1.48304,1.37,1.00
2015.09.03 02:43:34.070,1.48272,1.48304,1.37,1.00
2015.09.03 02:43:36.095,1.48272,1.48304,1.37,1.00
2015.09.03 02:43:40.478,1.48269,1.48304,1.30,1.00
2015.09.03 02:43:42.371,1.48271,1.48303,1.37,1.00
2015.09.03 02:43:42.423,1.48268,1.48302,1.30,1.00
2015.09.03 02:43:42.728,1.48266,1.48302,1.87,1.00
2015.09.03 02:43:43.785,1.48266,1.48302,1.87,1.00
2015.09.03 02:43:52.422,1.48266,1.48302,3.37,1.00
2015.09.03 02:43:53.919,1.48266,1.48302,2.62,1.00
2015.09.03 02:44:03.918,1.48266,1.48302,1.87,1.00
2015.09.03 02:44:42.921,1.48267,1.48304,1.75,1.00
2015.09.03 02:44:45.798,1.48266,1.48304,1.12,1.00
2015.09.03 02:44:48.305,1.48267,1.48303,1.30,1.00
2015.09.03 02:44:48.624,1.48271,1.48306,1.37,1.12
2015.09.03 02:44:49.818,1.4827,1.48306,1.37,1.50
2015.09.03 02:44:50.717,1.4827,1.48306,1.37,1.50
2015.09.03 02:44:59.761,1.48267,1.48306,1.87,1.12
2015.09.03 02:45:01.252,1.48267,1.48304,1.87,1.00
2015.09.03 02:45:07.383,1.48268,1.48304,1.30,1.00
2015.09.03 02:45:08.438,1.48267,1.48306,2.42,1.12
2015.09.03 02:45:08.843,1.48267,1.48304,1.87,1.00
2015.09.03 02:45:09.458,1.48267,1.48303,1.12,1.00
2015.09.03 02:45:10.007,1.48271,1.48304,1.37,1.00
2015.09.03 02:45:10.197,1.48267,1.48304,1.87,1.00
2015.09.03 02:45:10.934,1.48267,1.48304,1.87,1.00
2015.09.03 02:45:12.524,1.48267,1.48304,1.12,1.00
2015.09.03 02:45:13.696,1.48267,1.48303,1.12,1.00
2015.09.03 02:45:14.251,1.48267,1.48303,1.12,1.00
2015.09.03 02:45:16.439,1.48266,1.48303,2.25,1.00
2015.09.03 02:45:17.312,1.48266,1.48305,2.25,1.50
2015.09.03 02:45:17.714,1.48269,1.48305,1.00,1.50
2015.09.03 02:45:20.314,1.48266,1.48305,1.75,1.50
2015.09.03 02:45:26.444,1.48266,1.48303,2.80,1.00
2015.09.03 02:45:27.029,1.48266,1.48303,2.25,1.00
2015.09.03 02:45:27.444,1.48267,1.48304,1.75,1.12
2015.09.03 02:45:28.596,1.48267,1.48302,1.30,1.00
2015.09.03 02:45:32.633,1.48267,1.48302,1.30,1.00
2015.09.03 02:45:40.741,1.48267,1.48301,1.30,1.00
2015.09.03 02:45:40.793,1.48266,1.48301,2.05,1.00
2015.09.03 02:45:41.389,1.48266,1.48301,1.30,1.00
2015.09.03 02:45:42.886,1.48266,1.48301,1.75,1.00
2015.09.03 02:45:47.889,1.48266,1.48301,1.75,1.00
2015.09.03 02:45:57.282,1.48263,1.48301,2.42,1.00
2015.09.03 02:46:06.751,1.48265,1.48302,1.75,1.00
2015.09.03 02:46:14.689,1.48266,1.48301,1.75,1.00
2015.09.03 02:46:17.320,1.48266,1.48301,1.75,1.00
2015.09.03 02:46:47.265,1.48266,1.48301,1.75,1.50
2015.09.03 02:46:57.287,1.48263,1.48301,2.42,1.50
2015.09.03 02:47:18.648,1.48266,1.48301,1.00,1.00
2015.09.03 02:47:18.803,1.48266,1.48299,1.00,1.00
2015.09.03 02:47:19.940,1.48264,1.48299,1.12,1.00
2015.09.03 02:47:20.475,1.48264,1.48299,1.12,1.00
2015.09.03 02:47:30.318,1.48266,1.48299,1.00,1.00
2015.09.03 02:47:31.358,1.48266,1.48297,1.00,1.00
2015.09.03 02:47:31.673,1.48264,1.48302,1.12,1.00
2015.09.03 02:47:32.080,1.48261,1.483,2.25,1.00
2015.09.03 02:47:36.239,1.48261,1.483,3.00,1.00
2015.09.03 02:47:37.397,1.48261,1.483,3.00,1.00
2015.09.03 02:47:38.121,1.48265,1.483,1.00,1.00
2015.09.03 02:47:38.652,1.48261,1.483,2.25,1.00
2015.09.03 02:47:40.691,1.48261,1.483,2.25,1.00
2015.09.03 02:47:41.246,1.48262,1.483,1.30,1.00
2015.09.03 02:47:45.171,1.48271,1.48306,1.12,1.00
2015.09.03 02:47:45.477,1.48274,1.48305,1.75,1.00
2015.09.03 02:47:45.579,1.48281,1.48313,1.37,1.00
2015.09.03 02:47:46.121,1.48281,1.48315,1.37,1.00
2015.09.03 02:47:55.173,1.4828,1.48315,1.75,1.00
2015.09.03 02:48:03.915,1.48282,1.48315,1.75,1.00
2015.09.03 02:48:18.677,1.48284,1.48315,1.50,1.00
2015.09.03 02:48:18.779,1.48284,1.48318,1.50,1.00
2015.09.03 02:48:22.972,1.48282,1.48318,1.75,1.00
2015.09.03 02:48:23.337,1.48282,1.48318,1.75,1.00
2015.09.03 02:48:25.645,1.48282,1.48318,1.75,1.00
2015.09.03 02:48:35.677,1.48284,1.48318,1.37,1.00
2015.09.03 02:48:37.220,1.48283,1.4832,1.87,1.00
2015.09.03 02:48:37.322,1.48286,1.4832,1.12,1.00
2015.09.03 02:48:37.475,1.48288,1.48322,1.37,1.00
2015.09.03 02:48:43.131,1.4829,1.48322,1.75,1.00
2015.09.03 02:48:56.144,1.4829,1.48326,1.75,1.00
2015.09.03 02:48:58.239,1.48288,1.48325,1.87,1.00
2015.09.03 02:49:08.599,1.48288,1.48323,1.37,1.00
2015.09.03 02:49:08.803,1.48288,1.48323,1.37,1.00
2015.09.03 02:49:09.006,1.48288,1.48323,1.12,1.00
2015.09.03 02:49:10.191,1.48288,1.48323,1.37,1.00
2015.09.03 02:49:10.429,1.48287,1.48323,1.75,1.00
2015.09.03 02:49:11.036,1.48284,1.48323,1.37,1.00
2015.09.03 02:49:12.164,1.48284,1.48323,1.37,1.37
2015.09.03 02:49:20.387,1.48283,1.48318,1.12,1.00
2015.09.03 02:49:20.704,1.48283,1.48316,1.12,1.00
2015.09.03 02:49:21.209,1.48283,1.48318,1.12,1.37
2015.09.03 02:49:24.216,1.48283,1.48316,1.12,1.00
2015.09.03 02:49:25.455,1.48283,1.48316,1.12,1.37
2015.09.03 02:49:26.013,1.48283,1.48316,1.12,1.37
2015.09.03 02:49:26.989,1.4828,1.48316,1.12,1.37
2015.09.03 02:49:27.726,1.4828,1.48316,1.87,1.37
2015.09.03 02:49:29.365,1.4828,1.48316,1.12,1.37
2015.09.03 02:49:32.609,1.4828,1.48316,1.87,1.37
2015.09.03 02:49:39.424,1.48282,1.48316,1.37,1.37
2015.09.03 02:49:41.576,1.48282,1.48316,1.50,1.37
2015.09.03 02:49:42.201,1.48282,1.48316,1.50,1.37
2015.09.03 02:49:50.090,1.48282,1.48316,1.50,1.37
2015.09.03 02:49:50.624,1.48282,1.48316,1.50,1.37
2015.09.03 02:49:51.134,1.48281,1.48316,1.87,1.37
2015.09.03 02:49:51.593,1.4828,1.48316,1.12,1.37
2015.09.03 02:49:52.192,1.4828,1.48316,1.87,1.37
2015.09.03 02:49:53.957,1.48282,1.48316,1.50,1.37
2015.09.03 02:49:57.651,1.48283,1.48316,1.75,1.37
2015.09.03 02:49:58.223,1.48284,1.48316,1.37,1.37
2015.09.03 02:49:59.606,1.48284,1.48316,1.37,1.37
2015.09.03 02:50:04.090,1.48284,1.48316,1.37,1.37
2015.09.03 02:50:09.093,1.48284,1.48316,1.37,1.37
2015.09.03 02:50:10.097,1.48284,1.48316,1.37,1.37
2015.09.03 02:50:11.964,1.48284,1.48316,1.37,1.37
2015.09.03 02:50:14.020,1.48284,1.48316,1.37,1.37
2015.09.03 02:50:16.373,1.48284,1.48316,1.37,1.37
2015.09.03 02:50:21.709,1.48284,1.48316,1.12,1.37
2015.09.03 02:50:22.274,1.48284,1.48321,1.87,1.50
2015.09.03 02:50:22.326,1.48284,1.48321,1.87,1.50
2015.09.03 02:50:23.706,1.48284,1.48319,1.12,1.37
2015.09.03 02:50:25.132,1.48284,1.48319,1.12,1.37
2015.09.03 02:50:32.296,1.48286,1.48319,1.37,1.37
2015.09.03 02:50:32.659,1.48285,1.48319,1.37,1.37
2015.09.03 02:50:36.548,1.48285,1.48319,1.37,1.00
2015.09.03 02:50:36.701,1.48289,1.48319,1.75,1.00
2015.09.03 02:50:36.753,1.48289,1.48321,1.75,1.12
2015.09.03 02:50:36.804,1.4829,1.48321,1.75,1.12
2015.09.03 02:50:37.606,1.48297,1.48331,1.37,1.46
2015.09.03 02:50:37.658,1.48297,1.48333,1.37,1.37
2015.09.03 02:50:38.183,1.483,1.48334,1.37,1.37
2015.09.03 02:50:39.543,1.48301,1.48334,1.12,1.37
2015.09.03 02:50:50.106,1.48299,1.48334,1.75,1.37
2015.09.03 02:50:50.941,1.48304,1.48343,1.75,1.67
2015.09.03 02:50:51.297,1.48306,1.48343,1.75,1.92
2015.09.03 02:50:51.410,1.48306,1.48343,1.37,1.92
2015.09.03 02:50:52.112,1.48306,1.48343,1.75,1.92
2015.09.03 02:50:52.214,1.48306,1.48343,1.12,1.67
2015.09.03 02:50:54.002,1.48306,1.48343,1.75,1.37
2015.09.03 02:50:54.105,1.48306,1.48343,1.12,1.37
2015.09.03 02:50:55.429,1.48307,1.48343,1.00,1.37
2015.09.03 02:50:56.121,1.48306,1.48343,1.12,1.37
2015.09.03 02:51:00.532,1.48307,1.48343,1.00,1.37
2015.09.03 02:51:02.472,1.48306,1.48343,1.75,1.37
2015.09.03 02:51:03.595,1.48306,1.48343,1.75,1.37
2015.09.03 02:51:05.299,1.48306,1.48342,2.25,1.37
2015.09.03 02:51:05.350,1.48306,1.48342,1.87,1.37
2015.09.03 02:51:06.151,1.48307,1.48343,1.50,1.37
2015.09.03 02:51:07.101,1.48306,1.48343,1.12,2.35
2015.09.03 02:51:09.840,1.48306,1.48343,1.12,1.92
2015.09.03 02:51:10.709,1.48306,1.48343,1.12,2.57
2015.09.03 02:51:11.649,1.48306,1.48343,1.12,1.92
2015.09.03 02:51:12.609,1.48306,1.48343,1.12,2.09
2015.09.03 02:51:16.141,1.48305,1.48343,1.37,1.92
2015.09.03 02:51:17.048,1.48305,1.48343,1.37,2.72
2015.09.03 02:51:27.941,1.48305,1.48343,1.37,1.92
2015.09.03 02:51:28.943,1.48305,1.48343,1.37,2.39
2015.09.03 02:51:31.769,1.48306,1.48342,1.37,1.67
2015.09.03 02:51:33.863,1.48307,1.48343,1.37,2.50
2015.09.03 02:51:35.455,1.48308,1.48344,1.12,4.41
2015.09.03 02:51:35.991,1.48308,1.48343,1.12,1.67
2015.09.03 02:51:37.799,1.48308,1.48344,1.12,4.22
2015.09.03 02:51:39.000,1.48308,1.48343,1.12,1.64
2015.09.03 02:51:43.871,1.48308,1.48344,1.12,3.59
2015.09.03 02:51:45.987,1.48306,1.48343,1.75,1.92
2015.09.03 02:51:47.105,1.48306,1.48343,1.75,1.92
2015.09.03 02:51:53.875,1.48308,1.48344,1.37,2.42
2015.09.03 02:51:54.389,1.48308,1.48344,1.37,2.87
2015.09.03 02:52:01.183,1.48306,1.48343,1.87,1.92
2015.09.03 02:52:02.045,1.48306,1.48343,1.87,1.92
2015.09.03 02:52:04.931,1.48306,1.48343,1.87,1.37
2015.09.03 02:52:06.724,1.48306,1.48344,1.50,1.72
2015.09.03 02:52:06.928,1.48306,1.48344,1.50,1.37
2015.09.03 02:52:12.529,1.48308,1.48344,1.37,2.42
2015.09.03 02:52:16.035,1.48305,1.48344,2.25,1.37
2015.09.03 02:52:16.930,1.48305,1.48344,2.25,1.87
2015.09.03 02:52:18.343,1.48305,1.48344,2.25,1.87
2015.09.03 02:52:28.552,1.48305,1.48344,2.25,2.42
2015.09.03 02:52:30.375,1.48305,1.48344,2.25,2.42
2015.09.03 02:52:31.179,1.48305,1.48344,2.25,2.42
2015.09.03 02:52:36.086,1.48305,1.48342,1.50,1.37
2015.09.03 02:52:37.125,1.48305,1.48342,1.50,1.37
2015.09.03 02:52:38.465,1.48305,1.48342,1.50,1.37
2015.09.03 02:52:42.918,1.48305,1.48342,1.50,1.37
2015.09.03 02:52:43.547,1.48305,1.48342,1.37,1.37
2015.09.03 02:53:00.448,1.48306,1.48342,1.37,1.37
2015.09.03 02:53:00.550,1.48305,1.48342,1.87,1.37
2015.09.03 02:53:12.827,1.48306,1.48342,1.37,1.37
2015.09.03 02:53:14.747,1.48306,1.48342,1.37,1.37
2015.09.03 02:53:22.973,1.48305,1.48342,1.37,1.87
2015.09.03 02:53:23.699,1.48305,1.48342,1.37,1.87
2015.09.03 02:53:24.344,1.48305,1.48342,1.37,1.87
2015.09.03 02:53:24.891,1.48302,1.48341,2.25,1.37
2015.09.03 02:53:25.416,1.48302,1.48341,1.87,1.37
2015.09.03 02:53:26.145,1.48302,1.48339,1.87,1.37
2015.09.03 02:53:28.067,1.48302,1.48339,1.87,1.37
2015.09.03 02:53:29.575,1.48302,1.48339,1.87,1.37
2015.09.03 02:53:30.396,1.48302,1.48339,1.87,1.37
2015.09.03 02:53:51.314,1.48303,1.4834,1.37,1.37
2015.09.03 02:53:51.365,1.48305,1.48343,1.50,1.61
2015.09.03 02:53:51.867,1.48308,1.48345,1.37,1.67
2015.09.03 02:53:53.476,1.48308,1.48345,1.37,1.67
2015.09.03 02:53:54.144,1.48308,1.48345,1.37,1.67
2015.09.03 02:53:56.120,1.48308,1.48345,1.37,1.67
2015.09.03 02:53:59.568,1.48308,1.48345,1.75,1.37
2015.09.03 02:53:59.874,1.4832,1.48347,1.37,1.57
2015.09.03 02:53:59.977,1.4832,1.48353,1.37,1.97
2015.09.03 02:54:00.130,1.4832,1.48354,1.37,1.92
2015.09.03 02:54:01.939,1.4832,1.48354,1.87,1.67
2015.09.03 02:54:04.144,1.4832,1.48354,1.37,1.37
2015.09.03 02:54:07.542,1.4832,1.48353,1.87,1.05
2015.09.03 02:54:09.662,1.4832,1.48354,1.87,1.67
2015.09.03 02:54:19.545,1.4832,1.48354,1.50,2.46
2015.09.03 02:54:19.650,1.4832,1.48353,1.00,1.64
2015.09.03 02:54:19.702,1.4832,1.48354,1.00,1.92
2015.09.03 02:54:19.907,1.4832,1.48354,1.12,1.37
2015.09.03 02:54:20.009,1.4832,1.48356,1.87,1.00
2015.09.03 02:54:20.060,1.48322,1.48359,1.75,1.67
2015.09.03 02:54:20.111,1.48325,1.48359,1.12,1.00
2015.09.03 02:54:20.162,1.48334,1.48366,1.37,1.50
2015.09.03 02:54:20.264,1.48327,1.48364,1.87,1.00
2015.09.03 02:54:20.316,1.48332,1.48364,1.00,1.00
2015.09.03 02:54:20.418,1.48332,1.48368,1.00,1.00
2015.09.03 02:54:21.414,1.48331,1.4837,1.00,1.00
2015.09.03 02:54:21.835,1.48334,1.48371,1.50,1.00
2015.09.03 02:54:22.371,1.48331,1.4837,1.75,1.00
2015.09.03 02:54:22.872,1.48333,1.4837,1.50,1.12
2015.09.03 02:54:23.393,1.48333,1.4837,1.50,1.37
2015.09.03 02:54:27.115,1.48333,1.4837,1.50,1.37
2015.09.03 02:54:27.521,1.48332,1.48369,1.37,1.37
2015.09.03 02:54:29.332,1.48332,1.48369,1.50,1.37
2015.09.03 02:54:30.149,1.48334,1.4837,1.37,1.37
2015.09.03 02:54:33.417,1.48334,1.48372,1.37,1.87
2015.09.03 02:54:35.588,1.48331,1.4837,2.25,1.37
2015.09.03 02:54:36.097,1.48331,1.48367,2.25,1.12
2015.09.03 02:54:37.854,1.4833,1.48368,3.00,1.37
2015.09.03 02:54:38.007,1.4833,1.48368,3.00,1.37
2015.09.03 02:54:41.059,1.4833,1.48368,2.25,1.37
2015.09.03 02:54:42.633,1.48331,1.48367,1.75,1.37
2015.09.03 02:54:46.797,1.48331,1.48367,1.50,1.37
2015.09.03 02:54:47.001,1.48331,1.48368,1.75,1.37
2015.09.03 02:54:47.529,1.48332,1.48369,1.50,1.37
2015.09.03 02:54:48.283,1.48332,1.48369,1.50,1.37
2015.09.03 02:54:49.035,1.48332,1.48369,1.50,1.37
2015.09.03 02:54:54.295,1.48334,1.48371,1.50,1.37
2015.09.03 02:54:54.603,1.48357,1.48393,1.37,1.37
2015.09.03 02:54:54.655,1.48365,1.48394,1.00,1.37
2015.09.03 02:54:54.757,1.48366,1.48399,1.00,1.50
2015.09.03 02:54:55.064,1.48365,1.48404,1.00,1.50
2015.09.03 02:54:55.115,1.48367,1.48404,1.00,1.50
2015.09.03 02:54:55.870,1.48366,1.48403,1.00,1.00
2015.09.03 02:54:56.370,1.48366,1.48403,1.75,1.00
2015.09.03 02:54:56.625,1.4836,1.48397,1.37,1.00
2015.09.03 02:54:56.778,1.4836,1.48397,1.50,1.00
2015.09.03 02:54:56.982,1.4836,1.48399,1.50,1.00
2015.09.03 02:54:57.084,1.4836,1.48397,1.50,1.00
2015.09.03 02:54:57.606,1.48357,1.48396,1.75,1.00
2015.09.03 02:54:58.035,1.48359,1.48396,1.37,1.00
2015.09.03 02:54:58.189,1.48359,1.48396,1.75,1.00
2015.09.03 02:54:58.494,1.48358,1.48397,1.75,1.00
2015.09.03 02:54:58.799,1.4836,1.48399,1.75,1.00
2015.09.03 02:54:59.447,1.48361,1.48399,1.75,1.00
2015.09.03 02:55:00.420,1.48362,1.48399,1.50,1.37
2015.09.03 02:55:01.098,1.48362,1.48399,1.37,1.37
2015.09.03 02:55:01.506,1.48361,1.48397,1.50,1.37
2015.09.03 02:55:02.197,1.48361,1.48397,1.37,1.37
2015.09.03 02:55:03.043,1.48361,1.48397,1.37,1.00
2015.09.03 02:55:04.907,1.48361,1.48397,1.37,1.00
2015.09.03 02:55:05.009,1.48361,1.48396,1.12,1.00
2015.09.03 02:55:05.304,1.48361,1.48397,1.37,1.00
2015.09.03 02:55:05.745,1.48361,1.48397,1.37,1.12
2015.09.03 02:55:06.114,1.48361,1.484,2.25,1.37
2015.09.03 02:55:06.938,1.48363,1.484,1.37,1.50
2015.09.03 02:55:07.226,1.48361,1.48396,1.37,1.00
2015.09.03 02:55:09.847,1.48361,1.48397,1.37,1.12
2015.09.03 02:55:12.209,1.48361,1.48398,1.87,1.00
2015.09.03 02:55:12.763,1.48361,1.48399,1.50,1.12
2015.09.03 02:55:12.866,1.48361,1.48399,1.37,1.12
2015.09.03 02:55:13.147,1.48361,1.48397,1.37,1.00
2015.09.03 02:55:16.217,1.4836,1.48397,1.37,1.37
2015.09.03 02:55:17.188,1.4836,1.48397,1.50,1.37
2015.09.03 02:55:18.061,1.4836,1.48398,1.50,1.37
2015.09.03 02:55:18.416,1.4836,1.48398,1.37,1.37
2015.09.03 02:55:19.522,1.4836,1.48397,1.37,1.37
2015.09.03 02:55:24.256,1.48358,1.48395,1.75,1.12
2015.09.03 02:55:25.046,1.48359,1.48396,1.37,1.37
2015.09.03 02:55:28.079,1.48358,1.48395,1.50,1.37
2015.09.03 02:55:28.766,1.48358,1.48395,1.75,1.37
2015.09.03 02:55:29.255,1.48358,1.48395,1.75,1.12
2015.09.03 02:55:30.544,1.48358,1.48397,1.75,1.37
2015.09.03 02:55:30.646,1.48358,1.48397,1.50,1.37
2015.09.03 02:55:31.177,1.48359,1.48395,1.37,1.00
2015.09.03 02:55:34.479,1.48359,1.48395,1.75,1.00
2015.09.03 02:55:34.581,1.48359,1.48395,1.50,1.00
2015.09.03 02:55:39.159,1.48359,1.48397,1.50,1.12
2015.09.03 02:55:40.207,1.48358,1.48395,1.37,1.50
2015.09.03 02:55:40.361,1.48358,1.48395,1.75,1.50
2015.09.03 02:55:41.879,1.48356,1.48395,2.25,1.50
2015.09.03 02:55:42.083,1.48358,1.48397,1.75,1.87
2015.09.03 02:55:42.485,1.48359,1.48396,1.37,1.75
2015.09.03 02:55:43.787,1.48359,1.48396,1.50,1.75
2015.09.03 02:55:48.166,1.48356,1.48394,1.75,1.37
2015.09.03 02:55:48.483,1.48356,1.48394,1.75,1.37
2015.09.03 02:55:49.479,1.48357,1.48396,1.75,1.37
2015.09.03 02:55:55.734,1.48358,1.48395,1.37,1.37
2015.09.03 02:55:56.394,1.48358,1.48395,1.37,1.37
2015.09.03 02:55:56.727,1.48359,1.48396,1.37,1.37
2015.09.03 02:55:57.736,1.48356,1.48395,3.00,1.37
2015.09.03 02:55:58.528,1.48356,1.48395,2.62,1.37
2015.09.03 02:56:02.333,1.48359,1.48396,1.37,1.37
2015.09.03 02:56:03.533,1.48361,1.48398,1.37,1.87
2015.09.03 02:56:04.212,1.48359,1.48396,1.37,1.37
2015.09.03 02:56:06.234,1.48359,1.48396,1.37,1.37
2015.09.03 02:56:06.336,1.48359,1.48396,1.37,1.37
2015.09.03 02:56:08.517,1.48359,1.48396,1.37,1.50
2015.09.03 02:56:08.933,1.48359,1.48396,1.37,1.37
2015.09.03 02:56:09.837,1.48359,1.48396,1.50,1.37
2015.09.03 02:56:10.590,1.48356,1.48395,1.75,1.37
2015.09.03 02:56:11.641,1.48357,1.48395,1.12,1.37
2015.09.03 02:56:11.744,1.48356,1.48395,1.75,1.37
2015.09.03 02:56:13.922,1.48356,1.48395,1.87,1.37
2015.09.03 02:56:14.075,1.48356,1.48395,1.87,1.37
2015.09.03 02:56:15.059,1.48359,1.48396,1.50,1.37
2015.09.03 02:56:15.162,1.48359,1.48396,1.37,1.50
2015.09.03 02:56:15.617,1.48355,1.4839,2.25,1.00
2015.09.03 02:56:15.821,1.4835,1.48384,1.00,1.37
2015.09.03 02:56:15.923,1.48346,1.48384,1.87,1.12
2015.09.03 02:56:15.975,1.48343,1.48377,1.75,1.00
2015.09.03 02:56:16.127,1.48339,1.48374,1.12,1.00
2015.09.03 02:56:16.656,1.48336,1.48373,2.25,1.00
2015.09.03 02:56:17.356,1.48338,1.48373,1.37,1.37
2015.09.03 02:56:17.990,1.48332,1.4837,1.12,1.37
2015.09.03 02:56:18.041,1.48333,1.48367,1.00,1.12
2015.09.03 02:56:18.346,1.48329,1.48366,2.62,1.37
2015.09.03 02:56:18.500,1.48325,1.48361,1.37,1.37
2015.09.03 02:56:18.755,1.48325,1.48362,1.00,1.75
2015.09.03 02:56:18.959,1.48319,1.48354,1.00,1.00
2015.09.03 02:56:19.867,1.48319,1.48357,1.12,1.87
2015.09.03 02:56:20.480,1.48319,1.48357,1.37,1.50
2015.09.03 02:56:20.786,1.48317,1.48353,1.12,1.00
2015.09.03 02:56:21.483,1.48317,1.48353,1.75,1.00
2015.09.03 02:56:22.675,1.48318,1.48354,1.50,1.37
2015.09.03 02:56:22.777,1.48317,1.48351,1.12,1.00
2015.09.03 02:56:23.987,1.48317,1.48351,1.12,1.37
2015.09.03 02:56:24.651,1.48317,1.48351,1.12,1.12
2015.09.03 02:56:26.037,1.48318,1.48354,1.12,1.87
2015.09.03 02:56:26.090,1.48317,1.48353,1.12,1.37
2015.09.03 02:56:26.192,1.48317,1.48353,1.12,1.37
2015.09.03 02:56:26.674,1.48317,1.48351,1.75,1.37
2015.09.03 02:56:26.878,1.48317,1.48351,1.12,1.37
2015.09.03 02:56:26.929,1.48317,1.48348,1.12,1.00
2015.09.03 02:56:27.449,1.48318,1.48348,1.00,1.00
2015.09.03 02:56:28.150,1.48318,1.4835,1.00,1.12
2015.09.03 02:56:28.578,1.48317,1.4835,1.12,1.00
2015.09.03 02:56:29.137,1.48317,1.48352,1.12,1.37
2015.09.03 02:56:29.443,1.48318,1.48351,1.12,1.12
2015.09.03 02:56:29.595,1.48317,1.48349,1.12,1.00
2015.09.03 02:56:29.799,1.48317,1.48347,1.12,1.00
2015.09.03 02:56:30.279,1.48317,1.48349,1.12,1.00
2015.09.03 02:56:30.816,1.48317,1.4835,1.75,1.00
2015.09.03 02:56:31.248,1.48317,1.48352,1.75,1.12
2015.09.03 02:56:32.894,1.48317,1.4835,1.12,1.00
2015.09.03 02:56:36.923,1.48315,1.4835,1.12,1.00
2015.09.03 02:56:37.467,1.48315,1.48352,1.87,1.00
2015.09.03 02:56:38.208,1.48315,1.48352,1.87,1.00
2015.09.03 02:56:38.717,1.48315,1.48351,1.12,1.00
2015.09.03 02:56:39.185,1.48314,1.48351,1.87,1.00
2015.09.03 02:56:42.988,1.48314,1.48353,2.62,1.12
2015.09.03 02:56:44.802,1.48314,1.4835,1.87,1.00
2015.09.03 02:56:47.590,1.48315,1.4835,1.00,1.00
2015.09.03 02:56:48.634,1.48314,1.48353,2.62,1.12
2015.09.03 02:56:49.474,1.48315,1.48351,1.50,1.00
2015.09.03 02:56:49.525,1.48315,1.48351,1.50,1.00
2015.09.03 02:56:50.203,1.48315,1.48351,2.25,1.00
2015.09.03 02:56:50.355,1.48315,1.48354,2.25,1.37
2015.09.03 02:56:53.843,1.48316,1.48353,1.87,1.00
2015.09.03 02:56:54.097,1.48317,1.48355,1.37,1.12
2015.09.03 02:56:54.433,1.48324,1.48357,1.00,1.50
2015.09.03 02:56:55.267,1.48324,1.48361,2.25,1.87
2015.09.03 02:56:55.319,1.4833,1.48369,2.25,1.37
2015.09.03 02:56:55.953,1.48332,1.48369,1.75,1.37
2015.09.03 02:56:56.314,1.48333,1.48366,1.00,1.00
2015.09.03 02:56:58.162,1.48333,1.48368,1.00,1.12
2015.09.03 02:56:58.945,1.48333,1.48368,1.00,1.37
2015.09.03 02:57:00.060,1.48331,1.48368,1.12,1.37
2015.09.03 02:57:00.162,1.48331,1.48368,1.75,1.37
2015.09.03 02:57:01.148,1.48331,1.48368,1.12,1.12
2015.09.03 02:57:03.224,1.48331,1.48368,1.12,1.37
2015.09.03 02:57:03.754,1.48331,1.48368,1.87,1.37
2015.09.03 02:57:04.504,1.48332,1.48369,2.25,1.37
2015.09.03 02:57:05.053,1.48332,1.4837,2.25,1.37
2015.09.03 02:57:05.581,1.48333,1.4837,1.12,1.37
2015.09.03 02:57:05.684,1.48334,1.48371,1.37,1.37
2015.09.03 02:57:05.786,1.48334,1.48371,2.25,1.37
2015.09.03 02:57:06.880,1.48334,1.48371,1.37,1.37
2015.09.03 02:57:07.834,1.48333,1.48369,2.25,1.37
2015.09.03 02:57:11.139,1.48334,1.4837,1.37,1.37
2015.09.03 02:57:11.259,1.48334,1.4837,1.50,1.37
2015.09.03 02:57:12.584,1.48335,1.48372,1.37,1.37
2015.09.03 02:57:16.808,1.48335,1.48369,1.50,1.37
2015.09.03 02:57:16.859,1.48335,1.48369,1.50,1.00
2015.09.03 02:57:17.383,1.48335,1.48371,1.50,1.37
2015.09.03 02:57:18.432,1.48335,1.48371,1.37,1.37
2015.09.03 02:57:19.189,1.48335,1.48371,1.37,1.37
2015.09.03 02:57:23.321,1.48335,1.48372,2.25,1.37
2015.09.03 02:57:24.418,1.48335,1.48372,1.87,1.37
2015.09.03 02:57:47.446,1.48336,1.48371,1.12,1.37
2015.09.03 02:57:48.125,1.48336,1.48371,1.37,1.37
2015.09.03 02:57:49.210,1.48336,1.48371,1.37,1.37
2015.09.03 02:57:54.219,1.48335,1.4837,1.12,1.37
2015.09.03 02:57:54.938,1.48335,1.48371,1.12,1.37
2015.09.03 02:58:00.798,1.48335,1.48372,1.87,1.37
2015.09.03 02:58:01.982,1.48335,1.48371,1.37,1.37
2015.09.03 02:58:06.258,1.48336,1.48371,1.12,1.37
2015.09.03 02:58:07.480,1.48335,1.48371,1.12,1.37
2015.09.03 02:58:12.192,1.48335,1.48372,1.87,1.37
2015.09.03 02:58:14.471,1.48335,1.48372,1.87,1.37
2015.09.03 02:58:19.301,1.48337,1.48371,1.37,1.37
2015.09.03 02:58:20.333,1.48337,1.48372,1.37,1.37
2015.09.03 02:58:20.606,1.48337,1.48372,1.37,1.37
2015.09.03 02:58:20.809,1.48337,1.48372,1.37,1.37
2015.09.03 02:58:21.287,1.48337,1.48372,1.37,1.37
2015.09.03 02:58:22.091,1.48337,1.48366,1.37,1.00
2015.09.03 02:58:26.682,1.48337,1.48368,1.37,1.00
2015.09.03 02:58:26.937,1.48337,1.48366,1.37,1.00
2015.09.03 02:58:33.056,1.48337,1.48366,1.50,1.00
2015.09.03 02:58:33.107,1.48337,1.48369,1.50,1.00
2015.09.03 02:58:33.732,1.48337,1.48369,1.37,1.00
2015.09.03 02:58:35.471,1.48337,1.48366,1.37,1.00
2015.09.03 02:58:39.562,1.48336,1.48366,1.75,1.00
2015.09.03 02:58:39.856,1.48336,1.48369,1.75,1.00
2015.09.03 02:58:40.073,1.48336,1.4837,1.12,1.00
2015.09.03 02:58:40.176,1.48336,1.4837,2.25,1.00
2015.09.03 02:58:40.227,1.48336,1.48373,2.25,1.12
2015.09.03 02:58:40.330,1.48336,1.48371,2.25,1.00
2015.09.03 02:58:40.744,1.48344,1.48378,1.37,1.00
2015.09.03 02:58:45.279,1.48346,1.48378,1.12,1.00
2015.09.03 02:58:45.630,1.48344,1.48377,1.50,1.37
2015.09.03 02:58:46.000,1.48344,1.48377,1.87,1.37
2015.09.03 02:58:50.038,1.48344,1.48378,1.87,1.12
2015.09.03 02:58:50.592,1.48344,1.48378,1.50,1.37
2015.09.03 02:58:55.625,1.48344,1.48378,1.75,1.37
2015.09.03 02:59:00.063,1.48346,1.48378,1.37,1.37
2015.09.03 02:59:16.115,1.48346,1.48377,1.37,1.37
2015.09.03 02:59:17.174,1.48346,1.48377,1.37,1.37
2015.09.03 02:59:19.503,1.48346,1.48377,1.37,1.37
2015.09.03 02:59:19.993,1.48346,1.48377,1.37,1.12
2015.09.03 02:59:20.520,1.48346,1.48377,1.37,1.37
2015.09.03 02:59:21.698,1.48346,1.48377,1.37,1.12
2015.09.03 02:59:34.776,1.48344,1.48375,1.12,1.37
2015.09.03 02:59:49.771,1.4834,1.48375,1.75,1.37
2015.09.03 02:59:58.432,1.48342,1.48375,1.37,1.12
