2013.12.10 19:00:00.200,1.45896,1.45915,1.53,1.13
2013.12.10 19:00:00.556,1.45896,1.45913,1.38,1.95
2013.12.10 19:00:01.088,1.45892,1.45912,1.50,1.15
2013.12.10 19:00:01.291,1.45888,1.4591,1.50,1.58
2013.12.10 19:00:01.392,1.45888,1.45907,1.00,2.25
2013.12.10 19:00:02.071,1.45888,1.45906,1.00,1.10
2013.12.10 19:00:02.493,1.45884,1.45906,2.03,1.58
2013.12.10 19:00:03.395,1.45884,1.45906,1.65,1.50
2013.12.10 19:00:03.927,1.45884,1.45904,1.65,1.00
2013.12.10 19:00:03.978,1.45884,1.45904,1.65,1.00
2013.12.10 19:00:04.030,1.45884,1.45902,1.18,1.00
2013.12.10 19:00:04.333,1.45879,1.45899,1.15,1.00
2013.12.10 19:00:04.688,1.45883,1.45902,1.00,1.00
2013.12.10 19:00:04.739,1.45883,1.45902,1.08,1.00
2013.12.10 19:00:05.044,1.45888,1.45902,1.00,1.00
2013.12.10 19:00:05.151,1.45885,1.45902,1.18,1.00
2013.12.10 19:00:05.575,1.45885,1.45902,1.65,1.00
2013.12.10 19:00:05.676,1.45885,1.45905,1.65,1.50
2013.12.10 19:00:07.915,1.45885,1.45905,1.18,1.00
2013.12.10 19:00:08.434,1.45883,1.45902,1.28,1.00
2013.12.10 19:00:11.248,1.45882,1.45902,1.55,1.50
2013.12.10 19:00:11.299,1.45882,1.45902,1.48,1.50
2013.12.10 19:00:11.691,1.45881,1.459,1.65,1.50
2013.12.10 19:00:12.049,1.45879,1.45897,1.90,1.00
2013.12.10 19:00:12.593,1.45879,1.45897,1.28,1.00
2013.12.10 19:00:13.314,1.45883,1.459,1.00,1.00
2013.12.10 19:00:13.415,1.45883,1.459,1.08,1.00
2013.12.10 19:00:15.514,1.45882,1.459,1.18,1.00
2013.12.10 19:00:15.565,1.45882,1.459,1.20,1.00
2013.12.10 19:00:16.377,1.45883,1.459,1.00,1.00
2013.12.10 19:00:17.207,1.45883,1.459,1.00,1.08
2013.12.10 19:00:17.730,1.45883,1.459,1.00,1.58
2013.12.10 19:00:20.183,1.45883,1.45898,1.00,2.33
2013.12.10 19:00:21.175,1.45883,1.45899,1.00,3.00
2013.12.10 19:00:21.225,1.45883,1.459,1.00,2.25
2013.12.10 19:00:21.887,1.45879,1.459,1.50,2.25
2013.12.10 19:00:22.090,1.45892,1.459,1.00,1.00
2013.12.10 19:00:22.444,1.45888,1.45903,1.00,1.15
2013.12.10 19:00:23.819,1.45888,1.45907,1.00,1.83
2013.12.10 19:00:23.870,1.45888,1.45907,1.00,1.15
2013.12.10 19:00:24.310,1.45886,1.45907,1.00,1.65
2013.12.10 19:00:24.361,1.45886,1.45904,1.00,1.13
2013.12.10 19:00:24.463,1.45883,1.45903,1.00,1.58
2013.12.10 19:00:24.826,1.45881,1.45902,1.00,1.28
2013.12.10 19:00:24.928,1.45878,1.45899,1.88,1.15
2013.12.10 19:00:25.422,1.45878,1.45899,2.63,1.08
2013.12.10 19:00:25.624,1.45878,1.45899,2.33,1.00
2013.12.10 19:00:27.119,1.45878,1.45899,1.50,1.58
2013.12.10 19:00:28.250,1.45883,1.45899,1.00,1.58
2013.12.10 19:00:28.554,1.45888,1.45902,1.00,1.95
2013.12.10 19:00:28.605,1.45883,1.45902,1.38,1.95
2013.12.10 19:00:28.706,1.45888,1.45902,1.00,1.95
2013.12.10 19:00:29.047,1.45883,1.45902,1.38,1.95
2013.12.10 19:00:29.680,1.45883,1.45902,1.00,1.95
2013.12.10 19:00:31.408,1.45883,1.45902,1.00,1.00
2013.12.10 19:00:40.422,1.4588,1.45902,1.65,2.25
2013.12.10 19:00:42.854,1.45883,1.45899,1.75,1.00
2013.12.10 19:00:42.956,1.45888,1.45902,1.48,1.00
2013.12.10 19:00:43.108,1.45886,1.45897,1.75,1.00
2013.12.10 19:00:43.159,1.45886,1.45897,1.00,1.50
2013.12.10 19:00:43.210,1.45885,1.45897,1.00,2.63
2013.12.10 19:00:43.261,1.4588,1.45897,1.00,2.63
2013.12.10 19:00:43.413,1.45878,1.45897,1.00,1.88
2013.12.10 19:00:44.344,1.45878,1.45897,1.50,1.13
2013.12.10 19:00:44.648,1.45883,1.45899,1.00,1.18
2013.12.10 19:00:45.308,1.45883,1.45899,1.00,1.00
2013.12.10 19:00:46.336,1.45883,1.45902,1.00,1.95
2013.12.10 19:00:47.582,1.45883,1.45902,1.00,1.58
2013.12.10 19:00:50.324,1.45888,1.45902,1.00,1.58
2013.12.10 19:00:50.858,1.45886,1.45902,1.85,1.50
2013.12.10 19:00:52.263,1.45883,1.45902,1.65,1.50
2013.12.10 19:00:53.229,1.45883,1.45902,1.50,1.50
2013.12.10 19:01:03.562,1.45888,1.45902,1.00,1.00
2013.12.10 19:01:04.988,1.45888,1.45901,1.00,1.00
2013.12.10 19:01:09.174,1.45883,1.45901,1.38,1.50
2013.12.10 19:01:12.332,1.45884,1.45902,1.13,1.50
2013.12.10 19:01:13.555,1.45884,1.45902,1.13,1.58
2013.12.10 19:01:18.615,1.45882,1.45892,1.50,1.00
2013.12.10 19:01:19.072,1.45882,1.45897,1.50,1.00
2013.12.10 19:01:19.914,1.4588,1.45897,1.20,1.00
2013.12.10 19:01:21.343,1.45883,1.45899,1.00,1.15
2013.12.10 19:01:21.598,1.4588,1.45897,1.13,1.10
2013.12.10 19:01:21.797,1.45883,1.45899,1.00,1.15
2013.12.10 19:01:28.805,1.45883,1.45902,1.00,2.40
2013.12.10 19:01:32.160,1.45888,1.45902,1.00,1.15
2013.12.10 19:01:32.573,1.45883,1.45902,1.00,1.65
2013.12.10 19:01:35.147,1.45888,1.45902,1.00,1.28
2013.12.10 19:01:35.301,1.45888,1.45904,1.00,1.20
2013.12.10 19:01:35.352,1.45886,1.45902,1.00,1.13
2013.12.10 19:01:35.454,1.45883,1.45902,1.00,1.88
2013.12.10 19:01:35.505,1.45883,1.45902,1.00,2.03
2013.12.10 19:01:35.809,1.45888,1.45902,1.00,1.13
2013.12.10 19:01:35.873,1.45883,1.45902,1.58,1.88
2013.12.10 19:01:38.029,1.45883,1.45902,1.50,1.65
2013.12.10 19:01:38.283,1.45883,1.45898,1.00,1.00
2013.12.10 19:01:38.485,1.45883,1.459,1.00,1.00
2013.12.10 19:01:40.497,1.45883,1.45898,1.00,1.00
2013.12.10 19:01:41.319,1.45883,1.45898,1.00,1.65
2013.12.10 19:01:50.075,1.45883,1.45898,1.38,1.18
2013.12.10 19:01:50.379,1.45893,1.45907,1.50,1.13
2013.12.10 19:01:50.430,1.45889,1.45902,1.38,1.00
2013.12.10 19:01:50.582,1.45887,1.45902,1.00,1.00
2013.12.10 19:01:50.633,1.45888,1.45907,1.00,1.28
2013.12.10 19:01:52.701,1.45888,1.45908,1.00,1.53
2013.12.10 19:01:57.025,1.45887,1.45907,1.00,1.28
2013.12.10 19:01:59.343,1.45888,1.45908,1.00,1.53
2013.12.10 19:01:59.546,1.45893,1.45907,1.00,1.18
2013.12.10 19:01:59.773,1.45888,1.45907,1.00,1.18
2013.12.10 19:02:00.475,1.45887,1.45907,1.00,2.40
2013.12.10 19:02:01.666,1.45887,1.45906,1.00,1.20
2013.12.10 19:02:01.717,1.45884,1.45905,1.08,1.08
2013.12.10 19:02:02.228,1.45884,1.45905,1.00,2.70
2013.12.10 19:02:02.484,1.45883,1.45903,1.50,1.83
2013.12.10 19:02:03.119,1.45883,1.45902,1.50,1.50
2013.12.10 19:02:07.765,1.45883,1.45903,1.50,1.65
2013.12.10 19:02:11.093,1.45888,1.45903,1.00,2.03
2013.12.10 19:02:11.246,1.45888,1.45903,1.00,1.00
2013.12.10 19:02:14.994,1.45888,1.45903,1.00,1.15
2013.12.10 19:02:15.383,1.45883,1.45902,1.50,1.18
2013.12.10 19:02:15.539,1.45882,1.45901,1.00,1.20
2013.12.10 19:02:15.590,1.4588,1.459,1.13,1.28
2013.12.10 19:02:16.078,1.4588,1.45899,1.13,2.03
2013.12.10 19:02:18.206,1.45878,1.45892,1.00,1.00
2013.12.10 19:02:18.798,1.45878,1.45894,1.00,1.00
2013.12.10 19:02:22.861,1.45877,1.45896,1.00,1.53
2013.12.10 19:02:23.411,1.45878,1.45896,1.00,2.03
2013.12.10 19:02:24.861,1.45877,1.45894,1.00,1.20
2013.12.10 19:02:24.912,1.45873,1.45893,1.50,1.00
2013.12.10 19:02:24.963,1.45873,1.45893,1.50,1.28
2013.12.10 19:02:25.064,1.4587,1.45892,2.25,1.65
2013.12.10 19:02:25.166,1.4587,1.45888,2.25,1.00
2013.12.10 19:02:25.470,1.4587,1.45888,1.50,1.15
2013.12.10 19:02:26.871,1.4587,1.45888,1.00,1.53
2013.12.10 19:02:29.592,1.4587,1.45886,1.00,1.48
2013.12.10 19:02:30.894,1.4587,1.45884,1.00,1.00
2013.12.10 19:02:31.322,1.4587,1.45884,1.00,1.15
2013.12.10 19:02:31.714,1.45866,1.45884,1.00,1.15
2013.12.10 19:02:33.091,1.45868,1.45884,1.00,1.28
2013.12.10 19:02:43.306,1.45866,1.45886,1.00,1.58
2013.12.10 19:02:43.809,1.45865,1.45882,1.00,1.58
2013.12.10 19:02:43.960,1.45861,1.45882,1.50,1.95
2013.12.10 19:02:45.207,1.45863,1.45882,1.00,1.58
2013.12.10 19:02:46.383,1.45866,1.45882,1.00,1.20
2013.12.10 19:02:51.087,1.45866,1.45883,1.00,1.00
2013.12.10 19:02:51.138,1.45868,1.45883,1.00,1.00
2013.12.10 19:02:55.298,1.45868,1.45886,1.00,2.03
2013.12.10 19:03:01.120,1.45868,1.45884,1.00,1.20
2013.12.10 19:03:01.272,1.45864,1.45883,1.00,1.95
2013.12.10 19:03:16.747,1.45864,1.4588,1.00,1.20
2013.12.10 19:03:16.798,1.45861,1.4588,1.00,1.20
2013.12.10 19:03:17.325,1.45861,1.4588,1.00,1.88
2013.12.10 19:03:36.032,1.45861,1.4588,1.50,2.63
2013.12.10 19:03:36.574,1.45861,1.45883,1.50,2.33
2013.12.10 19:03:37.430,1.45863,1.45883,1.00,2.33
2013.12.10 19:03:41.643,1.45868,1.45881,1.00,3.15
2013.12.10 19:03:42.149,1.45868,1.45879,1.00,1.48
2013.12.10 19:03:42.402,1.45863,1.45879,1.00,1.15
2013.12.10 19:03:42.504,1.45858,1.45879,1.00,1.15
2013.12.10 19:03:42.605,1.45863,1.45879,1.00,1.15
2013.12.10 19:03:42.657,1.45863,1.45879,1.00,1.10
2013.12.10 19:03:43.302,1.45863,1.45879,1.00,1.75
2013.12.10 19:03:43.729,1.45859,1.45879,1.00,2.25
2013.12.10 19:03:53.959,1.45857,1.45879,1.00,3.38
2013.12.10 19:03:57.482,1.45858,1.45878,1.50,1.20
2013.12.10 19:03:57.634,1.45858,1.45879,1.58,1.58
2013.12.10 19:03:57.685,1.45858,1.45879,1.50,1.58
2013.12.10 19:04:05.058,1.45863,1.45876,1.00,1.10
2013.12.10 19:04:09.914,1.45861,1.45876,1.00,1.00
2013.12.10 19:04:11.042,1.45858,1.45876,1.13,1.65
2013.12.10 19:04:11.093,1.45863,1.45876,1.00,1.65
2013.12.10 19:04:11.676,1.45863,1.45876,1.00,1.50
2013.12.10 19:04:12.523,1.45863,1.45873,1.00,1.75
2013.12.10 19:04:12.785,1.45858,1.45873,1.00,2.25
2013.12.10 19:04:13.501,1.45858,1.45872,1.00,1.50
2013.12.10 19:04:17.134,1.45858,1.45871,1.00,1.20
2013.12.10 19:04:19.340,1.45858,1.45872,1.00,2.03
2013.12.10 19:04:20.810,1.4585,1.45872,1.50,2.78
2013.12.10 19:04:29.241,1.45853,1.45871,1.00,1.28
2013.12.10 19:04:42.385,1.45853,1.45868,1.00,1.88
2013.12.10 19:04:54.761,1.45848,1.45867,1.10,1.65
2013.12.10 19:05:01.389,1.45853,1.45868,1.00,2.33
2013.12.10 19:05:01.491,1.45853,1.45868,1.00,1.58
2013.12.10 19:05:01.593,1.45848,1.45867,1.10,1.00
2013.12.10 19:05:02.425,1.45848,1.45863,1.10,1.00
2013.12.10 19:05:03.988,1.45848,1.45867,1.10,1.13
2013.12.10 19:05:05.177,1.45848,1.45867,1.10,1.28
2013.12.10 19:05:07.562,1.45853,1.45868,1.00,2.33
2013.12.10 19:05:07.964,1.45858,1.45868,1.00,2.33
2013.12.10 19:05:09.420,1.4586,1.45868,1.00,1.10
2013.12.10 19:05:15.567,1.45858,1.45868,1.00,1.10
2013.12.10 19:05:18.104,1.4586,1.45868,1.00,1.10
2013.12.10 19:05:20.188,1.45858,1.4587,1.00,1.15
2013.12.10 19:05:23.275,1.45858,1.45872,1.00,2.03
2013.12.10 19:05:23.778,1.45858,1.45872,1.00,2.03
2013.12.10 19:05:48.154,1.45853,1.45872,1.00,2.78
2013.12.10 19:05:48.348,1.45858,1.45872,1.00,2.03
2013.12.10 19:05:55.394,1.45858,1.45872,1.00,1.28
2013.12.10 19:06:03.764,1.45858,1.45872,1.00,1.10
2013.12.10 19:06:18.476,1.45858,1.45876,1.00,1.28
2013.12.10 19:06:19.020,1.45858,1.45874,1.00,1.28
2013.12.10 19:06:19.378,1.45863,1.45874,1.00,1.28
2013.12.10 19:06:20.891,1.45863,1.45877,1.00,2.33
2013.12.10 19:06:31.672,1.45863,1.45876,1.00,1.58
2013.12.10 19:06:32.360,1.45863,1.45875,1.00,1.20
2013.12.10 19:06:45.126,1.45858,1.45876,1.13,1.50
2013.12.10 19:06:45.328,1.45863,1.45877,1.00,1.13
2013.12.10 19:06:45.430,1.45863,1.45879,1.00,2.03
2013.12.10 19:06:45.683,1.45858,1.45874,1.88,1.10
2013.12.10 19:06:46.240,1.45858,1.45874,1.88,1.18
2013.12.10 19:07:01.728,1.45858,1.45874,1.88,1.10
2013.12.10 19:07:23.585,1.45855,1.45874,1.50,1.10
2013.12.10 19:07:23.687,1.45853,1.4587,1.48,1.38
2013.12.10 19:07:23.839,1.45852,1.4587,1.38,1.38
2013.12.10 19:07:26.583,1.45852,1.45865,1.38,1.00
2013.12.10 19:07:26.839,1.45849,1.45865,1.00,1.15
2013.12.10 19:07:27.521,1.45849,1.45862,1.00,1.00
2013.12.10 19:07:27.975,1.45849,1.4586,1.00,1.00
2013.12.10 19:07:37.577,1.45849,1.4586,1.00,1.38
2013.12.10 19:07:38.084,1.45848,1.4586,1.00,1.53
2013.12.10 19:07:38.911,1.45845,1.4586,1.00,2.03
2013.12.10 19:07:43.486,1.45845,1.45858,1.00,1.48
2013.12.10 19:07:47.888,1.45845,1.45854,1.00,1.00
2013.12.10 19:07:48.041,1.45841,1.45854,1.00,1.10
2013.12.10 19:07:48.145,1.45839,1.45852,1.00,1.00
2013.12.10 19:07:48.350,1.45838,1.45854,1.50,1.10
2013.12.10 19:07:50.527,1.45838,1.4585,1.50,1.38
2013.12.10 19:07:52.413,1.45838,1.45852,1.00,1.50
2013.12.10 19:07:55.475,1.45838,1.45853,1.50,1.00
2013.12.10 19:07:55.586,1.45838,1.45853,1.50,1.08
2013.12.10 19:07:56.141,1.45838,1.45853,1.50,1.15
2013.12.10 19:08:15.668,1.45843,1.45852,1.00,1.53
2013.12.10 19:08:15.948,1.45838,1.45852,1.50,1.38
2013.12.10 19:08:27.605,1.45838,1.45853,1.50,1.48
2013.12.10 19:08:27.706,1.45841,1.45853,1.00,1.38
2013.12.10 19:08:28.021,1.45843,1.45853,1.00,1.38
2013.12.10 19:08:28.409,1.45843,1.45856,1.00,1.00
2013.12.10 19:08:28.511,1.45848,1.45856,1.00,1.10
2013.12.10 19:08:28.618,1.45843,1.45856,1.00,1.10
2013.12.10 19:08:30.110,1.45843,1.4586,1.13,1.50
2013.12.10 19:08:30.622,1.45844,1.45862,1.00,1.18
2013.12.10 19:08:31.197,1.45845,1.45864,1.00,1.28
2013.12.10 19:08:33.944,1.45848,1.45864,1.00,1.90
2013.12.10 19:08:35.334,1.45845,1.45864,1.00,1.15
2013.12.10 19:08:37.349,1.45844,1.45864,1.50,1.90
2013.12.10 19:08:38.549,1.45844,1.45864,1.75,1.15
2013.12.10 19:08:38.940,1.45848,1.45864,1.88,1.00
2013.12.10 19:08:39.541,1.45848,1.45867,1.88,1.28
2013.12.10 19:08:39.694,1.45846,1.45863,1.00,1.15
2013.12.10 19:08:40.000,1.45848,1.45864,1.00,2.33
2013.12.10 19:08:40.390,1.45842,1.45862,1.13,1.65
2013.12.10 19:08:57.920,1.45843,1.45863,1.00,1.53
2013.12.10 19:08:59.741,1.45843,1.45863,1.00,1.53
2013.12.10 19:09:03.303,1.45848,1.45862,1.00,1.18
2013.12.10 19:09:04.273,1.45848,1.45864,1.00,1.10
2013.12.10 19:09:04.694,1.45849,1.45866,1.00,1.20
2013.12.10 19:09:05.333,1.4585,1.45866,1.00,1.88
2013.12.10 19:09:06.326,1.45849,1.45864,1.00,1.28
2013.12.10 19:09:06.377,1.45845,1.45864,1.38,1.28
2013.12.10 19:09:06.591,1.45843,1.4586,1.00,1.00
2013.12.10 19:09:13.417,1.45848,1.4586,1.00,1.00
2013.12.10 19:09:15.044,1.45843,1.4586,1.10,1.00
2013.12.10 19:09:15.382,1.45848,1.45863,1.00,1.00
2013.12.10 19:09:16.837,1.45848,1.45864,1.38,1.58
2013.12.10 19:09:17.534,1.45848,1.45864,1.38,1.10
2013.12.10 19:09:20.004,1.4585,1.45869,1.00,1.20
2013.12.10 19:09:20.309,1.45857,1.45871,1.28,1.50
2013.12.10 19:09:20.614,1.45857,1.45872,1.00,1.00
2013.12.10 19:09:21.121,1.45857,1.45867,1.00,1.00
2013.12.10 19:09:24.325,1.45853,1.4587,1.00,1.18
2013.12.10 19:09:24.376,1.45853,1.4587,1.00,1.95
2013.12.10 19:09:24.878,1.45853,1.45869,1.00,1.20
2013.12.10 19:09:25.901,1.45849,1.45867,1.00,1.15
2013.12.10 19:09:26.659,1.45849,1.45865,1.00,1.48
2013.12.10 19:09:27.046,1.45849,1.45865,1.00,1.53
2013.12.10 19:09:35.076,1.45853,1.45865,1.00,1.28
2013.12.10 19:09:41.456,1.45849,1.45865,1.00,1.28
2013.12.10 19:09:48.034,1.45849,1.45866,1.00,1.28
2013.12.10 19:09:54.513,1.45849,1.45867,1.00,1.28
2013.12.10 19:09:55.351,1.45853,1.45867,1.00,1.28
2013.12.10 19:09:55.559,1.45849,1.45868,1.00,1.58
2013.12.10 19:09:55.762,1.45849,1.45868,1.00,1.10
2013.12.10 19:09:55.965,1.45849,1.45865,1.00,1.83
2013.12.10 19:10:00.292,1.45844,1.45864,1.75,1.85
2013.12.10 19:10:01.203,1.45844,1.45862,1.38,1.13
2013.12.10 19:10:01.798,1.45844,1.4585,1.00,1.00
2013.12.10 19:10:01.951,1.45843,1.45858,1.00,1.08
2013.12.10 19:10:02.053,1.45843,1.45859,1.00,2.25
2013.12.10 19:10:02.368,1.45843,1.45859,1.38,1.50
2013.12.10 19:10:02.905,1.45843,1.45859,1.38,1.00
2013.12.10 19:10:12.897,1.45848,1.45863,1.00,1.90
2013.12.10 19:10:15.810,1.45848,1.45866,1.00,1.53
2013.12.10 19:10:18.584,1.45848,1.45864,1.00,1.20
2013.12.10 19:10:20.066,1.45844,1.45864,1.38,1.20
2013.12.10 19:10:20.583,1.45844,1.45864,1.38,1.88
2013.12.10 19:10:24.058,1.45848,1.45861,1.00,1.18
2013.12.10 19:10:35.346,1.45853,1.45861,1.00,1.18
2013.12.10 19:10:35.498,1.45853,1.45865,1.00,1.10
2013.12.10 19:10:35.603,1.45848,1.45865,1.00,1.10
2013.12.10 19:10:36.690,1.45848,1.45866,1.00,2.33
2013.12.10 19:10:37.244,1.45848,1.45865,1.00,1.95
2013.12.10 19:10:37.348,1.45844,1.45862,1.38,1.65
2013.12.10 19:10:37.877,1.45844,1.45861,1.00,1.15
2013.12.10 19:10:44.377,1.45844,1.45857,1.00,1.00
2013.12.10 19:10:44.631,1.45841,1.45857,1.00,1.00
2013.12.10 19:10:45.552,1.45841,1.45862,1.00,3.08
2013.12.10 19:10:49.976,1.45843,1.45862,1.00,2.33
2013.12.10 19:10:52.683,1.45843,1.45861,1.00,1.55
2013.12.10 19:10:52.905,1.45843,1.45862,1.00,1.55
2013.12.10 19:10:54.063,1.45843,1.45862,1.00,1.53
2013.12.10 19:10:54.753,1.45843,1.45862,1.00,2.70
2013.12.10 19:10:56.174,1.45845,1.45861,1.38,1.15
2013.12.10 19:10:56.275,1.45843,1.45861,1.38,1.10
2013.12.10 19:10:56.731,1.45848,1.45864,1.38,1.13
2013.12.10 19:10:56.913,1.45848,1.45867,1.38,1.15
2013.12.10 19:10:57.015,1.45848,1.45867,1.65,1.00
2013.12.10 19:10:57.167,1.45848,1.45867,1.50,1.10
2013.12.10 19:10:57.674,1.45848,1.45867,1.50,1.10
2013.12.10 19:11:00.272,1.45848,1.45867,1.13,1.18
2013.12.10 19:11:00.933,1.45848,1.45866,1.13,1.53
2013.12.10 19:11:02.757,1.45845,1.45866,1.75,1.53
2013.12.10 19:11:02.808,1.45845,1.45864,1.38,1.28
2013.12.10 19:11:03.762,1.45845,1.45864,1.38,1.95
2013.12.10 19:11:04.265,1.45845,1.45864,1.38,1.28
2013.12.10 19:11:05.773,1.45845,1.45862,1.38,1.10
2013.12.10 19:11:11.455,1.45845,1.45862,1.00,1.10
2013.12.10 19:11:11.897,1.45845,1.45863,1.00,1.95
2013.12.10 19:11:13.912,1.45843,1.45863,1.38,1.95
2013.12.10 19:11:18.586,1.45843,1.45862,1.00,1.28
2013.12.10 19:11:18.900,1.45843,1.4586,1.00,1.88
2013.12.10 19:11:26.183,1.45843,1.4586,1.00,1.28
2013.12.10 19:11:31.292,1.45848,1.45863,1.00,1.95
2013.12.10 19:11:31.393,1.45843,1.45863,1.00,1.95
2013.12.10 19:11:31.909,1.45842,1.45862,1.00,2.25
2013.12.10 19:11:48.884,1.45842,1.45857,1.00,1.00
2013.12.10 19:11:52.008,1.45842,1.45857,1.00,1.18
2013.12.10 19:11:54.303,1.45833,1.45852,2.78,1.00
2013.12.10 19:11:54.406,1.45833,1.4585,1.65,1.00
2013.12.10 19:11:54.709,1.45833,1.45846,1.38,1.10
2013.12.10 19:11:55.190,1.45833,1.45842,1.38,1.00
2013.12.10 19:11:58.648,1.45833,1.45842,1.38,1.18
2013.12.10 19:11:59.340,1.45833,1.45842,1.38,1.00
2013.12.10 19:12:02.767,1.45833,1.45842,1.00,1.00
2013.12.10 19:12:03.380,1.45833,1.45847,1.00,1.00
2013.12.10 19:12:11.878,1.45838,1.45847,1.00,1.00
2013.12.10 19:12:12.227,1.45838,1.45847,1.00,1.15
2013.12.10 19:12:23.095,1.45831,1.45847,1.38,1.15
2013.12.10 19:12:23.146,1.45841,1.45847,1.00,1.00
2013.12.10 19:12:23.349,1.45838,1.45847,1.00,1.00
2013.12.10 19:12:27.276,1.45833,1.45847,1.00,1.00
2013.12.10 19:12:27.379,1.45833,1.45847,1.00,1.15
2013.12.10 19:12:29.464,1.45838,1.45847,1.00,1.15
2013.12.10 19:12:30.349,1.45833,1.45847,1.00,1.15
2013.12.10 19:12:30.452,1.45838,1.45847,1.00,1.15
2013.12.10 19:12:36.521,1.45838,1.45847,1.00,1.00
2013.12.10 19:12:36.624,1.45841,1.45847,1.00,1.00
2013.12.10 19:12:36.877,1.45838,1.45847,1.00,1.00
2013.12.10 19:12:55.562,1.45833,1.45847,1.00,1.00
2013.12.10 19:12:57.733,1.45838,1.45847,1.00,1.00
2013.12.10 19:13:03.068,1.45838,1.4585,1.00,1.15
2013.12.10 19:13:03.372,1.45831,1.4585,1.38,1.15
2013.12.10 19:13:03.567,1.45842,1.4585,1.00,1.15
2013.12.10 19:13:07.676,1.45838,1.4585,1.00,1.28
2013.12.10 19:13:16.592,1.45838,1.45854,1.00,2.03
2013.12.10 19:13:25.360,1.45838,1.45854,1.00,3.15
2013.12.10 19:13:25.663,1.45843,1.45854,1.00,3.15
2013.12.10 19:13:27.013,1.45843,1.45854,1.00,1.15
2013.12.10 19:13:27.115,1.45833,1.45854,1.38,1.15
2013.12.10 19:13:27.532,1.45838,1.45854,1.00,1.15
2013.12.10 19:13:28.202,1.45843,1.45856,1.00,2.70
2013.12.10 19:13:28.253,1.45843,1.45856,1.00,2.03
2013.12.10 19:13:28.304,1.45846,1.45856,1.00,2.03
2013.12.10 19:13:40.635,1.45843,1.45857,1.00,1.15
2013.12.10 19:13:47.233,1.45848,1.45857,1.00,1.53
2013.12.10 19:13:48.609,1.45848,1.45857,1.00,1.55
2013.12.10 19:13:52.176,1.45848,1.45857,1.00,1.10
2013.12.10 19:13:52.480,1.45848,1.4586,1.00,1.00
2013.12.10 19:13:53.183,1.45843,1.4586,1.00,1.00
2013.12.10 19:13:53.385,1.45838,1.4586,1.95,1.08
2013.12.10 19:13:54.118,1.45838,1.45858,1.88,1.18
2013.12.10 19:13:57.560,1.45843,1.45857,1.00,1.10
2013.12.10 19:13:57.917,1.45848,1.45857,1.00,1.10
2013.12.10 19:14:00.667,1.45843,1.4586,1.00,2.78
2013.12.10 19:14:01.243,1.45843,1.4586,1.00,3.15
2013.12.10 19:14:01.305,1.45838,1.4586,1.50,3.15
2013.12.10 19:14:01.559,1.45838,1.45855,1.50,1.20
2013.12.10 19:14:02.095,1.45838,1.45855,1.50,1.95
2013.12.10 19:14:03.216,1.45838,1.45855,1.50,1.20
2013.12.10 19:14:05.261,1.45843,1.45855,1.00,1.20
2013.12.10 19:14:06.912,1.45838,1.45855,1.50,1.20
2013.12.10 19:14:07.290,1.45843,1.45855,1.00,1.20
2013.12.10 19:14:13.157,1.45843,1.45855,1.00,1.95
2013.12.10 19:14:13.359,1.45838,1.45855,1.50,2.63
2013.12.10 19:14:14.077,1.45838,1.45855,1.50,1.95
2013.12.10 19:14:14.128,1.45843,1.45855,1.00,1.95
2013.12.10 19:14:14.179,1.45843,1.45855,1.00,1.28
2013.12.10 19:14:14.277,1.45838,1.45856,1.50,1.38
2013.12.10 19:14:14.334,1.45847,1.45856,1.00,1.45
2013.12.10 19:14:14.847,1.45848,1.45855,1.00,1.13
2013.12.10 19:14:17.726,1.45848,1.45858,1.00,1.10
2013.12.10 19:14:19.219,1.45848,1.4586,1.00,1.45
2013.12.10 19:14:31.419,1.45848,1.4586,1.00,1.00
2013.12.10 19:14:52.574,1.45848,1.45864,1.00,2.03
2013.12.10 19:15:02.154,1.45843,1.45864,1.00,1.65
2013.12.10 19:15:02.790,1.45843,1.45862,1.00,1.20
2013.12.10 19:15:06.781,1.45843,1.45862,1.00,3.38
2013.12.10 19:15:07.096,1.45848,1.45862,1.00,2.70
2013.12.10 19:15:10.072,1.45843,1.45861,1.00,2.40
2013.12.10 19:15:10.282,1.45843,1.45861,1.00,5.33
2013.12.10 19:15:12.620,1.45848,1.45861,1.00,2.70
2013.12.10 19:15:12.963,1.45848,1.45859,1.00,1.28
2013.12.10 19:15:13.621,1.45848,1.45858,1.00,1.58
2013.12.10 19:15:17.373,1.45838,1.45858,1.38,1.58
2013.12.10 19:15:17.576,1.45838,1.45854,1.38,1.20
2013.12.10 19:15:22.349,1.45838,1.45856,1.00,2.78
2013.12.10 19:15:23.511,1.45838,1.45855,1.00,3.53
2013.12.10 19:15:26.480,1.45838,1.45855,1.00,3.15
2013.12.10 19:15:32.549,1.45838,1.45854,1.00,2.33
2013.12.10 19:15:34.006,1.45838,1.45854,1.00,2.40
2013.12.10 19:15:47.809,1.45838,1.45856,1.38,2.33
2013.12.10 19:15:48.112,1.45843,1.45856,1.00,1.75
2013.12.10 19:15:50.096,1.45843,1.4586,1.00,1.00
2013.12.10 19:15:50.146,1.45848,1.4586,1.00,1.00
2013.12.10 19:15:50.688,1.45848,1.45863,1.00,2.03
2013.12.10 19:16:08.923,1.45848,1.45863,1.00,2.03
2013.12.10 19:16:28.992,1.45848,1.45863,1.00,1.58
2013.12.10 19:16:50.165,1.45841,1.45863,1.20,1.20
2013.12.10 19:17:08.501,1.4584,1.45866,1.28,1.53
2013.12.10 19:17:16.100,1.45844,1.45866,1.00,1.53
2013.12.10 19:17:16.403,1.45853,1.45866,1.00,1.38
2013.12.10 19:17:19.265,1.45853,1.45868,1.00,1.48
2013.12.10 19:17:32.069,1.45853,1.45869,1.00,1.95
2013.12.10 19:17:32.372,1.45853,1.45865,1.00,1.50
2013.12.10 19:17:41.052,1.45844,1.45862,1.38,1.15
2013.12.10 19:17:41.262,1.45848,1.45864,1.00,1.95
2013.12.10 19:17:41.829,1.45848,1.45864,1.00,1.48
2013.12.10 19:17:43.618,1.45848,1.45866,1.00,1.15
2013.12.10 19:17:50.156,1.45848,1.45865,1.00,1.28
2013.12.10 19:17:50.937,1.45853,1.45866,1.00,1.88
2013.12.10 19:17:51.343,1.45853,1.45869,1.00,1.75
2013.12.10 19:18:00.271,1.45853,1.45869,1.00,1.10
2013.12.10 19:18:06.007,1.45853,1.45869,1.00,1.48
2013.12.10 19:18:43.510,1.45854,1.45873,1.50,1.38
2013.12.10 19:18:43.561,1.45854,1.45873,1.50,1.00
2013.12.10 19:18:43.612,1.45856,1.45874,1.20,1.00
2013.12.10 19:18:44.125,1.45858,1.45875,2.70,1.00
2013.12.10 19:18:58.985,1.45861,1.45882,2.03,1.38
2013.12.10 19:19:03.993,1.45861,1.45882,1.65,1.38
2013.12.10 19:19:04.546,1.45861,1.45882,1.65,1.38
2013.12.10 19:19:17.008,1.45863,1.45881,2.03,1.38
2013.12.10 19:19:17.588,1.45865,1.45883,1.00,1.18
2013.12.10 19:19:17.799,1.45865,1.45882,1.38,1.00
2013.12.10 19:19:18.306,1.45865,1.45883,1.38,1.00
2013.12.10 19:19:22.010,1.45865,1.45887,1.88,2.03
2013.12.10 19:19:22.061,1.45868,1.45887,1.38,1.28
2013.12.10 19:19:22.112,1.45868,1.45887,1.93,1.00
2013.12.10 19:19:22.213,1.45873,1.45889,1.38,1.13
2013.12.10 19:19:22.366,1.45875,1.45891,1.00,1.13
2013.12.10 19:19:22.417,1.45875,1.45892,1.75,1.75
2013.12.10 19:19:22.727,1.45875,1.45887,1.00,1.00
2013.12.10 19:19:22.778,1.45871,1.45887,1.00,1.00
2013.12.10 19:19:23.363,1.45871,1.4589,1.00,1.47
2013.12.10 19:19:24.802,1.45871,1.45891,1.00,2.97
2013.12.10 19:19:28.589,1.45871,1.45888,1.00,1.10
2013.12.10 19:19:34.287,1.45871,1.45891,1.38,2.37
2013.12.10 19:19:34.849,1.45868,1.4589,1.50,2.37
2013.12.10 19:19:35.706,1.45868,1.45885,1.50,1.00
2013.12.10 19:19:47.959,1.45868,1.45886,1.50,1.00
2013.12.10 19:19:48.744,1.45868,1.45886,2.25,1.00
2013.12.10 19:19:49.047,1.45873,1.45886,1.00,1.00
2013.12.10 19:19:50.660,1.45873,1.45889,1.00,1.75
2013.12.10 19:19:52.325,1.45873,1.45889,1.00,1.00
2013.12.10 19:19:53.075,1.45873,1.4589,1.00,2.25
2013.12.10 19:19:58.380,1.45869,1.4589,1.55,1.50
2013.12.10 19:19:59.031,1.45869,1.4589,1.95,1.50
2013.12.10 19:19:59.636,1.4587,1.4589,1.20,1.50
2013.12.10 19:20:32.734,1.45869,1.4589,1.58,1.00
2013.12.10 19:20:33.343,1.45868,1.4589,2.78,1.00
2013.12.10 19:20:34.666,1.45868,1.45892,1.65,1.48
2013.12.10 19:20:40.113,1.45868,1.45892,1.90,1.20
2013.12.10 19:20:46.108,1.4587,1.45892,1.20,1.00
2013.12.10 19:20:47.857,1.45873,1.45894,1.18,1.38
2013.12.10 19:20:48.376,1.45873,1.45894,1.18,1.00
2013.12.10 19:20:48.867,1.4587,1.45892,1.20,1.00
2013.12.10 19:20:49.171,1.45866,1.45887,1.95,1.00
2013.12.10 19:20:50.253,1.45866,1.45887,1.20,1.00
2013.12.10 19:20:51.218,1.45866,1.45887,1.20,1.38
2013.12.10 19:20:55.845,1.45866,1.45887,1.20,1.88
2013.12.10 19:20:56.401,1.45862,1.45882,1.20,1.00
2013.12.10 19:21:05.252,1.45864,1.45882,1.53,1.00
2013.12.10 19:21:17.021,1.45864,1.45882,1.55,1.00
2013.12.10 19:21:17.403,1.45864,1.45886,1.55,1.58
2013.12.10 19:21:17.453,1.45864,1.45886,1.95,1.50
2013.12.10 19:21:17.757,1.45869,1.45889,1.20,1.88
2013.12.10 19:21:18.364,1.45869,1.45889,1.20,1.00
2013.12.10 19:21:19.345,1.45869,1.45887,1.20,1.00
2013.12.10 19:21:19.559,1.45867,1.45887,1.53,1.00
2013.12.10 19:21:21.631,1.45868,1.45887,1.20,1.13
2013.12.10 19:21:21.934,1.45869,1.45889,1.20,1.00
2013.12.10 19:21:22.482,1.45868,1.45889,1.55,1.00
2013.12.10 19:21:22.635,1.45867,1.45887,1.53,1.00
2013.12.10 19:21:23.627,1.45867,1.45882,1.53,1.00
2013.12.10 19:21:26.394,1.45867,1.45882,1.38,1.50
2013.12.10 19:21:28.930,1.45867,1.45883,1.38,1.00
2013.12.10 19:21:32.529,1.45867,1.45883,1.00,1.13
2013.12.10 19:21:34.864,1.45867,1.45887,1.00,1.90
2013.12.10 19:21:35.713,1.45867,1.45887,1.58,1.00
2013.12.10 19:21:35.815,1.45867,1.45882,1.58,1.00
2013.12.10 19:21:36.322,1.45867,1.45882,1.00,1.18
2013.12.10 19:21:36.878,1.45861,1.45882,1.13,2.25
2013.12.10 19:21:40.768,1.45858,1.45879,1.45,1.20
2013.12.10 19:21:41.353,1.45858,1.45879,1.53,1.13
2013.12.10 19:21:46.576,1.45857,1.45877,1.53,1.00
2013.12.10 19:21:46.628,1.45857,1.45877,1.00,1.48
2013.12.10 19:21:46.830,1.45857,1.45872,1.00,1.00
2013.12.10 19:21:47.819,1.45853,1.45872,1.00,1.13
2013.12.10 19:21:47.921,1.4585,1.45867,1.15,1.00
2013.12.10 19:21:48.174,1.45849,1.45867,1.00,1.75
2013.12.10 19:21:52.067,1.45845,1.45867,1.50,2.40
2013.12.10 19:21:54.334,1.45845,1.45867,1.00,3.15
2013.12.10 19:21:57.193,1.45845,1.45864,1.00,1.00
2013.12.10 19:21:58.310,1.45845,1.45864,1.00,1.28
2013.12.10 19:22:07.899,1.45845,1.45863,1.00,1.45
2013.12.10 19:22:08.743,1.45845,1.45863,1.00,1.00
2013.12.10 19:22:09.972,1.45845,1.45863,1.00,1.15
2013.12.10 19:22:20.444,1.45843,1.45863,1.00,2.40
2013.12.10 19:22:20.499,1.45843,1.45863,1.00,3.08
2013.12.10 19:22:21.306,1.45843,1.45862,1.00,1.20
2013.12.10 19:22:22.472,1.45843,1.45863,1.00,2.40
2013.12.10 19:22:34.021,1.45843,1.45863,1.00,2.70
2013.12.10 19:22:38.196,1.45843,1.45863,1.00,2.03
2013.12.10 19:22:41.404,1.45841,1.45862,1.20,1.10
2013.12.10 19:22:42.537,1.45841,1.45861,1.20,1.00
2013.12.10 19:22:44.919,1.45843,1.45861,1.00,1.13
2013.12.10 19:22:45.224,1.45845,1.45864,1.00,1.53
2013.12.10 19:22:45.736,1.45845,1.45863,1.48,1.00
2013.12.10 19:22:47.898,1.45845,1.45864,1.48,1.13
2013.12.10 19:22:48.201,1.45848,1.45866,1.00,2.33
2013.12.10 19:22:48.252,1.45848,1.45866,1.50,1.95
2013.12.10 19:22:49.240,1.45848,1.45866,1.18,2.25
2013.12.10 19:22:51.554,1.45848,1.45867,1.65,1.75
2013.12.10 19:22:52.559,1.45848,1.45861,1.65,1.00
2013.12.10 19:22:52.672,1.45844,1.45861,1.55,1.00
2013.12.10 19:22:52.723,1.45848,1.45861,1.00,1.00
2013.12.10 19:22:53.078,1.45841,1.45861,1.10,1.00
2013.12.10 19:22:53.129,1.45841,1.45861,1.00,1.15
2013.12.10 19:22:54.089,1.45841,1.45856,1.00,1.00
2013.12.10 19:22:57.836,1.45841,1.45855,1.00,1.13
2013.12.10 19:22:58.140,1.45838,1.45855,1.00,1.28
2013.12.10 19:22:58.241,1.45843,1.45855,1.00,1.28
2013.12.10 19:22:59.854,1.45836,1.45855,1.00,1.28
2013.12.10 19:23:00.435,1.45836,1.45853,1.00,1.00
2013.12.10 19:23:01.104,1.45836,1.45857,1.00,2.03
2013.12.10 19:23:17.714,1.45836,1.45856,1.00,1.28
2013.12.10 19:23:19.913,1.45836,1.45857,1.00,2.03
2013.12.10 19:23:21.913,1.45836,1.45855,1.00,1.13
2013.12.10 19:23:24.863,1.45836,1.45857,1.00,2.03
2013.12.10 19:23:25.707,1.45836,1.45853,1.00,1.00
2013.12.10 19:23:27.282,1.45836,1.45853,1.00,1.50
2013.12.10 19:23:27.941,1.45833,1.45853,2.03,1.50
2013.12.10 19:23:28.397,1.45833,1.45847,1.00,1.00
2013.12.10 19:23:28.498,1.45829,1.45847,1.38,1.00
2013.12.10 19:23:29.018,1.45829,1.45847,1.38,1.18
2013.12.10 19:23:32.340,1.45825,1.45847,1.38,2.70
2013.12.10 19:23:32.390,1.45825,1.45846,1.00,1.20
2013.12.10 19:23:32.492,1.45823,1.45843,1.38,1.93
2013.12.10 19:23:33.012,1.45821,1.45842,1.38,1.65
2013.12.10 19:23:33.541,1.45821,1.45842,1.48,1.58
2013.12.10 19:23:34.149,1.45823,1.45843,1.38,1.65
2013.12.10 19:23:37.293,1.45823,1.45843,1.53,1.00
2013.12.10 19:23:42.127,1.45821,1.45842,1.55,1.00
2013.12.10 19:23:42.860,1.45821,1.45842,1.95,1.00
2013.12.10 19:23:50.887,1.45822,1.45842,1.20,1.00
2013.12.10 19:23:51.193,1.45828,1.45849,2.33,1.38
2013.12.10 19:23:51.497,1.45832,1.45849,1.58,1.00
2013.12.10 19:23:55.984,1.45838,1.45849,1.00,1.00
2013.12.10 19:23:56.215,1.45838,1.45851,1.00,1.00
2013.12.10 19:23:56.316,1.45843,1.45853,1.00,1.10
2013.12.10 19:23:56.861,1.45843,1.45854,1.00,1.00
2013.12.10 19:23:58.956,1.45848,1.45854,1.00,1.00
2013.12.10 19:23:59.108,1.45838,1.45854,1.18,1.50
2013.12.10 19:23:59.311,1.45843,1.45854,1.00,1.50
2013.12.10 19:24:00.713,1.45838,1.45854,1.00,1.00
2013.12.10 19:24:02.297,1.45843,1.45854,1.00,1.00
2013.12.10 19:24:04.013,1.45838,1.45854,1.00,1.00
2013.12.10 19:24:08.195,1.45843,1.45854,1.00,1.00
2013.12.10 19:24:09.554,1.45833,1.45854,1.38,1.18
2013.12.10 19:24:09.605,1.45833,1.45854,1.00,1.55
2013.12.10 19:24:09.656,1.45833,1.45853,1.00,1.20
2013.12.10 19:24:09.960,1.45838,1.45854,1.00,1.08
2013.12.10 19:24:10.672,1.45838,1.45854,1.00,1.00
2013.12.10 19:24:11.384,1.45846,1.45854,1.00,1.00
2013.12.10 19:24:11.435,1.45846,1.45859,1.00,1.28
2013.12.10 19:24:11.486,1.45846,1.45859,1.00,1.13
2013.12.10 19:24:11.739,1.45844,1.4586,1.00,1.38
2013.12.10 19:24:11.841,1.45841,1.4586,1.38,1.53
2013.12.10 19:24:12.360,1.45841,1.45857,1.38,1.00
2013.12.10 19:24:12.901,1.45843,1.45858,1.00,1.10
2013.12.10 19:24:14.526,1.45841,1.45857,1.00,1.00
2013.12.10 19:24:14.628,1.45841,1.45852,1.00,1.00
2013.12.10 19:24:14.779,1.45838,1.45852,1.00,1.88
2013.12.10 19:24:15.482,1.45847,1.45852,1.00,1.00
2013.12.10 19:24:15.912,1.45848,1.45858,1.00,1.38
2013.12.10 19:24:16.611,1.45848,1.4586,1.00,1.38
2013.12.10 19:24:16.713,1.45848,1.45863,1.00,1.65
2013.12.10 19:24:16.764,1.45848,1.45863,1.00,1.00
2013.12.10 19:24:17.167,1.45846,1.45863,1.00,1.00
2013.12.10 19:24:19.614,1.45843,1.45863,1.65,1.00
2013.12.10 19:24:19.665,1.45841,1.45862,1.58,1.08
2013.12.10 19:24:20.255,1.45841,1.45862,1.38,1.15
2013.12.10 19:24:22.055,1.45844,1.45862,1.00,1.15
2013.12.10 19:24:22.156,1.45846,1.45866,1.00,1.53
2013.12.10 19:24:23.946,1.45848,1.45866,1.50,1.53
2013.12.10 19:24:24.098,1.45848,1.45867,1.88,1.00
2013.12.10 19:24:24.200,1.45848,1.45862,1.88,1.00
2013.12.10 19:24:25.272,1.45848,1.45867,1.88,1.00
2013.12.10 19:24:26.022,1.45848,1.45867,1.13,1.00
2013.12.10 19:24:26.187,1.45848,1.45862,1.13,1.00
2013.12.10 19:24:26.594,1.45852,1.45867,1.00,1.00
2013.12.10 19:24:26.797,1.45855,1.45867,1.00,1.00
2013.12.10 19:24:27.822,1.45855,1.4587,1.00,1.28
2013.12.10 19:24:28.157,1.45857,1.4587,1.00,1.15
2013.12.10 19:24:28.309,1.45858,1.4587,1.00,1.00
2013.12.10 19:24:28.816,1.45861,1.45872,1.00,1.10
2013.12.10 19:24:32.513,1.45861,1.45875,1.00,1.00
2013.12.10 19:24:34.043,1.45859,1.45875,1.00,1.00
2013.12.10 19:24:34.196,1.45854,1.45872,1.93,1.00
2013.12.10 19:24:34.604,1.45854,1.45872,1.65,1.00
2013.12.10 19:24:35.872,1.45858,1.45875,1.00,1.38
2013.12.10 19:24:36.802,1.45858,1.45875,1.00,1.00
2013.12.10 19:24:38.147,1.45863,1.45875,1.00,1.00
2013.12.10 19:24:39.879,1.45863,1.45878,1.50,1.15
2013.12.10 19:24:40.492,1.45863,1.45881,1.50,1.18
2013.12.10 19:24:43.396,1.45863,1.45883,1.93,1.88
2013.12.10 19:24:43.700,1.45868,1.45883,1.00,1.00
2013.12.10 19:24:44.054,1.45873,1.45884,1.00,1.00
2013.12.10 19:24:44.105,1.45868,1.45884,1.00,1.00
2013.12.10 19:24:46.964,1.45873,1.45884,1.00,1.00
2013.12.10 19:24:48.474,1.45877,1.45884,1.00,1.00
2013.12.10 19:24:48.576,1.45877,1.4589,1.00,1.95
2013.12.10 19:24:48.677,1.45873,1.4589,1.00,1.38
2013.12.10 19:24:49.489,1.45873,1.45888,1.00,1.13
2013.12.10 19:24:49.843,1.45878,1.45888,1.00,1.28
2013.12.10 19:24:50.442,1.45878,1.4589,1.00,1.53
2013.12.10 19:24:51.705,1.45881,1.45887,1.00,1.10
2013.12.10 19:24:51.891,1.45873,1.45887,1.13,1.10
2013.12.10 19:24:52.617,1.45868,1.45887,1.75,1.10
2013.12.10 19:24:52.820,1.45873,1.45887,1.00,1.10
2013.12.10 19:25:02.780,1.45873,1.45887,1.00,1.18
2013.12.10 19:25:02.832,1.45865,1.45887,1.50,1.65
2013.12.10 19:25:07.603,1.45866,1.45887,1.00,2.03
2013.12.10 19:25:07.912,1.45866,1.45887,1.10,1.88
2013.12.10 19:25:08.245,1.45866,1.45887,1.00,2.03
2013.12.10 19:25:08.576,1.45866,1.45887,1.18,1.88
2013.12.10 19:25:08.728,1.45869,1.45889,1.00,1.20
2013.12.10 19:25:15.296,1.45866,1.45887,1.65,1.38
2013.12.10 19:25:15.871,1.45866,1.45887,1.50,1.53
2013.12.10 19:25:17.422,1.45866,1.45887,1.65,1.38
2013.12.10 19:25:17.943,1.45868,1.45888,1.00,1.48
2013.12.10 19:25:18.709,1.45868,1.45888,1.00,1.95
2013.12.10 19:25:18.760,1.45866,1.45887,1.13,1.53
2013.12.10 19:25:19.633,1.45866,1.45882,1.13,1.00
2013.12.10 19:25:20.184,1.45866,1.45887,1.20,1.48
2013.12.10 19:25:20.736,1.45868,1.45888,1.00,1.55
2013.12.10 19:25:21.847,1.45866,1.45887,1.20,1.48
2013.12.10 19:25:22.013,1.45866,1.45887,1.20,1.55
2013.12.10 19:25:22.317,1.45874,1.45893,1.65,1.38
2013.12.10 19:25:22.621,1.45878,1.45898,1.13,1.18
2013.12.10 19:25:24.362,1.45883,1.45901,1.50,1.10
2013.12.10 19:25:27.191,1.45886,1.45905,1.00,1.18
2013.12.10 19:25:27.242,1.45888,1.45905,1.00,1.18
2013.12.10 19:25:28.504,1.45892,1.45908,1.00,1.13
2013.12.10 19:25:28.757,1.45898,1.45914,1.00,1.88
2013.12.10 19:25:28.809,1.45896,1.45914,1.00,1.95
2013.12.10 19:25:31.076,1.45896,1.45915,1.00,1.20
2013.12.10 19:25:31.127,1.45892,1.45914,1.00,1.53
2013.12.10 19:25:31.582,1.45889,1.45911,1.55,1.48
2013.12.10 19:25:33.617,1.45889,1.45911,1.00,2.33
2013.12.10 19:25:35.936,1.45893,1.45911,1.00,1.95
2013.12.10 19:25:36.139,1.45893,1.45911,1.00,1.10
2013.12.10 19:25:36.790,1.4589,1.45911,1.00,1.10
2013.12.10 19:25:38.970,1.45889,1.45911,1.58,1.85
2013.12.10 19:25:39.542,1.45889,1.45911,1.50,2.33
2013.12.10 19:25:40.664,1.4589,1.45911,1.38,1.58
2013.12.10 19:25:40.716,1.4589,1.45911,1.38,1.10
2013.12.10 19:25:43.419,1.4589,1.45911,3.83,1.00
2013.12.10 19:25:43.721,1.45898,1.45911,1.00,1.00
2013.12.10 19:25:44.222,1.45898,1.45915,1.00,1.48
2013.12.10 19:25:44.840,1.45893,1.45915,2.03,1.48
2013.12.10 19:25:45.431,1.45898,1.45915,1.00,1.48
2013.12.10 19:25:47.402,1.45895,1.45915,1.53,1.38
2013.12.10 19:25:47.554,1.45893,1.45914,1.65,1.75
2013.12.10 19:25:47.756,1.45893,1.45914,1.00,2.33
2013.12.10 19:25:47.959,1.45888,1.45909,2.03,1.00
2013.12.10 19:25:48.114,1.45893,1.45909,1.00,1.00
2013.12.10 19:25:48.523,1.45893,1.45909,1.08,1.00
2013.12.10 19:25:48.866,1.45898,1.45909,1.00,1.00
2013.12.10 19:25:49.212,1.45903,1.45912,1.00,1.13
2013.12.10 19:25:49.576,1.45905,1.45918,1.00,1.38
2013.12.10 19:25:49.728,1.45898,1.45916,1.15,1.00
2013.12.10 19:25:51.048,1.45903,1.45916,1.10,1.00
2013.12.10 19:25:52.533,1.45903,1.45916,1.48,1.00
2013.12.10 19:25:53.058,1.45903,1.45921,1.38,1.28
2013.12.10 19:25:53.323,1.45908,1.45923,1.00,1.20
2013.12.10 19:25:53.684,1.45903,1.45925,1.15,1.50
2013.12.10 19:25:53.837,1.45903,1.45925,2.03,1.00
2013.12.10 19:25:53.888,1.45908,1.45925,1.00,1.00
2013.12.10 19:25:55.421,1.45904,1.45922,1.18,1.00
2013.12.10 19:25:55.798,1.45913,1.45925,1.00,1.00
2013.12.10 19:25:56.180,1.45908,1.45925,1.00,1.00
2013.12.10 19:25:56.941,1.45904,1.45922,1.18,1.00
2013.12.10 19:25:57.981,1.45908,1.45925,1.00,1.00
2013.12.10 19:25:58.812,1.45904,1.45925,1.18,1.00
2013.12.10 19:25:59.516,1.45904,1.45917,1.18,1.00
2013.12.10 19:26:00.026,1.45903,1.45917,1.38,1.00
2013.12.10 19:26:00.961,1.45903,1.45917,1.00,1.00
2013.12.10 19:26:01.113,1.459,1.45917,1.58,1.00
2013.12.10 19:26:01.290,1.459,1.45917,1.65,1.00
2013.12.10 19:26:01.544,1.459,1.45917,1.20,1.00
2013.12.10 19:26:01.959,1.459,1.45917,1.13,1.58
2013.12.10 19:26:02.493,1.459,1.45912,1.13,1.00
2013.12.10 19:26:03.110,1.45896,1.45912,1.38,1.00
2013.12.10 19:26:11.565,1.45892,1.45912,1.48,1.08
2013.12.10 19:26:11.616,1.45892,1.45912,1.13,1.15
2013.12.10 19:26:12.274,1.45898,1.45914,1.00,2.33
2013.12.10 19:26:12.476,1.45898,1.45914,1.00,1.58
2013.12.10 19:26:13.374,1.45903,1.45914,1.00,1.10
2013.12.10 19:26:17.128,1.45908,1.45914,1.00,1.00
2013.12.10 19:26:17.230,1.45903,1.45914,1.00,1.00
2013.12.10 19:26:17.281,1.45903,1.45917,1.00,1.00
2013.12.10 19:26:17.434,1.45901,1.45917,1.10,1.50
2013.12.10 19:26:17.586,1.45903,1.45917,1.00,1.00
2013.12.10 19:26:18.675,1.45898,1.45917,1.75,1.50
2013.12.10 19:26:18.777,1.45903,1.45917,1.00,1.00
2013.12.10 19:26:22.636,1.45898,1.45917,1.90,1.00
2013.12.10 19:26:22.831,1.45898,1.45917,1.00,1.10
2013.12.10 19:26:23.884,1.45898,1.45917,1.18,1.00
2013.12.10 19:26:24.502,1.459,1.45917,1.00,1.00
2013.12.10 19:26:24.655,1.459,1.45917,1.38,1.00
2013.12.10 19:26:25.317,1.459,1.45921,1.53,1.00
2013.12.10 19:26:30.559,1.45903,1.45921,2.70,1.00
2013.12.10 19:26:39.333,1.45903,1.45921,1.58,1.00
2013.12.10 19:26:45.161,1.45903,1.45921,1.38,1.08
2013.12.10 19:26:45.515,1.45903,1.45921,1.38,1.58
2013.12.10 19:26:46.058,1.45903,1.45921,1.38,1.10
2013.12.10 19:26:47.879,1.45908,1.45921,1.00,1.10
2013.12.10 19:26:48.031,1.45908,1.45926,1.00,1.18
2013.12.10 19:26:53.978,1.45908,1.45926,1.10,1.13
2013.12.10 19:26:55.428,1.45908,1.45927,1.10,1.00
2013.12.10 19:27:15.139,1.45908,1.45925,1.00,1.00
2013.12.10 19:27:18.439,1.45908,1.45927,1.00,1.58
2013.12.10 19:27:23.549,1.45908,1.45927,1.00,1.10
2013.12.10 19:27:25.589,1.45908,1.45927,1.00,1.58
2013.12.10 19:27:26.083,1.45908,1.45927,2.25,1.58
2013.12.10 19:27:26.597,1.45913,1.45931,1.50,1.00
2013.12.10 19:27:27.107,1.45913,1.45931,1.65,1.00
2013.12.10 19:27:27.465,1.45923,1.45931,1.00,1.00
2013.12.10 19:27:28.026,1.45918,1.45931,1.00,1.00
2013.12.10 19:27:47.349,1.45913,1.45931,1.50,1.00
2013.12.10 19:27:48.358,1.45913,1.45931,1.50,1.50
2013.12.10 19:27:52.227,1.45913,1.45931,1.50,1.88
2013.12.10 19:27:53.656,1.45918,1.45931,1.00,1.88
2013.12.10 19:27:53.968,1.45918,1.45931,1.00,1.00
2013.12.10 19:27:54.339,1.45923,1.45931,1.00,1.00
2013.12.10 19:28:09.361,1.45923,1.45934,1.00,1.00
2013.12.10 19:28:30.085,1.45923,1.45933,1.00,1.00
2013.12.10 19:28:30.531,1.45918,1.45933,1.50,1.00
2013.12.10 19:28:30.887,1.45923,1.45933,1.00,1.00
2013.12.10 19:28:31.402,1.45923,1.45937,1.00,1.00
2013.12.10 19:28:34.785,1.45928,1.45937,1.00,1.28
2013.12.10 19:28:34.936,1.45923,1.45937,1.00,1.13
2013.12.10 19:28:35.502,1.45923,1.45936,1.00,1.00
2013.12.10 19:28:36.501,1.45923,1.45936,1.00,1.88
2013.12.10 19:28:36.603,1.45915,1.45932,1.10,1.00
2013.12.10 19:28:36.806,1.45913,1.4593,1.50,1.75
2013.12.10 19:28:37.312,1.4591,1.45926,1.38,1.13
2013.12.10 19:28:37.413,1.4591,1.45926,1.00,1.13
2013.12.10 19:28:37.801,1.45908,1.45926,1.00,1.13
2013.12.10 19:28:38.332,1.45913,1.45926,1.00,1.00
2013.12.10 19:28:38.926,1.45913,1.45928,1.00,1.13
2013.12.10 19:28:39.795,1.45918,1.45928,1.00,1.00
2013.12.10 19:28:40.150,1.45918,1.45933,1.00,1.50
2013.12.10 19:28:40.200,1.45919,1.45936,1.38,2.03
2013.12.10 19:28:40.915,1.45923,1.45936,1.00,1.00
2013.12.10 19:28:41.220,1.45919,1.4594,1.75,1.00
2013.12.10 19:28:41.271,1.45923,1.4594,1.38,1.00
2013.12.10 19:28:42.667,1.45919,1.45937,1.13,1.00
2013.12.10 19:28:42.785,1.45918,1.45937,2.70,1.00
2013.12.10 19:28:43.341,1.45918,1.45939,2.63,1.18
2013.12.10 19:28:43.887,1.45918,1.45937,1.88,1.50
2013.12.10 19:28:43.938,1.45918,1.45936,1.13,1.08
2013.12.10 19:28:44.140,1.45914,1.45936,1.88,1.15
2013.12.10 19:28:44.191,1.45914,1.45931,1.88,1.00
2013.12.10 19:28:45.273,1.45918,1.45931,1.13,1.18
2013.12.10 19:28:45.527,1.45913,1.45932,1.38,1.00
2013.12.10 19:28:46.647,1.45923,1.45932,1.00,1.00
2013.12.10 19:28:48.148,1.45918,1.45932,1.20,1.00
2013.12.10 19:28:48.321,1.45918,1.45936,1.20,1.00
2013.12.10 19:28:48.618,1.45923,1.45936,1.00,1.00
2013.12.10 19:28:48.668,1.45923,1.4594,1.00,1.13
2013.12.10 19:28:51.147,1.45928,1.4594,1.00,1.13
2013.12.10 19:28:53.456,1.45923,1.4594,1.00,1.13
2013.12.10 19:28:54.168,1.45923,1.4594,1.08,1.13
2013.12.10 19:28:54.269,1.45923,1.45944,1.53,1.00
2013.12.10 19:28:54.320,1.45933,1.45944,1.00,1.00
2013.12.10 19:28:55.182,1.45928,1.45944,1.00,1.00
2013.12.10 19:28:56.198,1.45933,1.45944,1.00,1.00
2013.12.10 19:28:56.530,1.45928,1.45944,1.00,1.00
2013.12.10 19:29:00.153,1.45933,1.45944,1.00,1.00
2013.12.10 19:29:01.150,1.45928,1.45944,1.00,1.00
2013.12.10 19:29:01.352,1.45933,1.45944,1.00,1.00
2013.12.10 19:29:01.490,1.45928,1.45944,1.00,1.00
2013.12.10 19:29:01.976,1.45924,1.45944,1.88,1.28
2013.12.10 19:29:02.028,1.45928,1.45944,1.00,1.28
2013.12.10 19:29:03.353,1.45933,1.45944,1.00,1.18
2013.12.10 19:29:03.804,1.45928,1.45944,1.00,1.18
2013.12.10 19:29:04.009,1.45928,1.45944,1.00,1.85
2013.12.10 19:29:04.318,1.45933,1.45944,1.00,2.25
2013.12.10 19:29:04.790,1.45928,1.45944,1.00,2.25
2013.12.10 19:29:06.328,1.45928,1.45944,1.00,1.53
2013.12.10 19:29:12.171,1.45923,1.45944,1.00,2.03
2013.12.10 19:29:12.272,1.45923,1.4594,1.00,1.20
2013.12.10 19:29:13.042,1.45923,1.4594,1.00,1.20
2013.12.10 19:29:14.129,1.45923,1.45944,1.10,3.00
2013.12.10 19:29:14.382,1.45923,1.45944,2.70,2.63
2013.12.10 19:29:14.686,1.45923,1.45942,1.08,1.00
2013.12.10 19:29:14.787,1.45922,1.45942,1.13,1.10
2013.12.10 19:29:14.938,1.45922,1.4594,1.13,1.00
2013.12.10 19:29:15.249,1.45922,1.45939,1.13,1.13
2013.12.10 19:29:17.800,1.45922,1.45939,1.20,1.13
2013.12.10 19:29:17.902,1.45923,1.45942,1.18,1.00
2013.12.10 19:29:20.381,1.45923,1.45942,1.65,1.75
2013.12.10 19:29:20.685,1.45918,1.45937,1.55,1.50
2013.12.10 19:29:21.601,1.45918,1.45937,1.55,1.88
2013.12.10 19:29:21.939,1.45923,1.45938,1.75,1.38
2013.12.10 19:29:22.042,1.45925,1.45941,1.00,1.38
2013.12.10 19:29:22.194,1.45925,1.45941,1.18,1.00
2013.12.10 19:29:22.245,1.45925,1.45944,1.18,1.13
2013.12.10 19:29:28.031,1.45928,1.45944,1.00,1.00
2013.12.10 19:29:29.877,1.45924,1.45944,1.53,1.00
2013.12.10 19:29:32.848,1.45928,1.45944,1.00,1.00
2013.12.10 19:29:33.152,1.45933,1.45944,1.13,1.00
2013.12.10 19:29:35.161,1.45933,1.45944,1.38,1.00
2013.12.10 19:29:35.212,1.45933,1.4595,1.38,1.65
2013.12.10 19:29:35.314,1.45939,1.4595,1.13,1.53
2013.12.10 19:29:35.517,1.45943,1.45953,1.00,1.00
2013.12.10 19:29:35.619,1.45939,1.45953,1.13,1.00
2013.12.10 19:29:36.050,1.45943,1.45953,1.00,1.00
2013.12.10 19:29:37.139,1.45948,1.45953,1.00,1.00
2013.12.10 19:29:37.357,1.45943,1.45953,1.00,1.00
2013.12.10 19:29:43.210,1.45948,1.45953,1.00,1.00
2013.12.10 19:29:43.413,1.45943,1.45953,1.00,1.00
2013.12.10 19:29:43.878,1.45939,1.45953,1.13,1.00
2013.12.10 19:29:46.106,1.45938,1.45953,1.38,1.00
2013.12.10 19:29:47.175,1.45943,1.45953,1.00,1.00
2013.12.10 19:29:47.226,1.45943,1.45959,1.00,1.65
2013.12.10 19:29:47.327,1.45943,1.45956,1.10,1.00
2013.12.10 19:29:47.840,1.45937,1.45956,1.38,1.10
2013.12.10 19:29:47.992,1.45938,1.45956,1.38,1.58
2013.12.10 19:29:49.069,1.45934,1.45955,1.38,2.70
2013.12.10 19:29:50.185,1.45933,1.45953,1.38,1.50
2013.12.10 19:29:52.102,1.45938,1.45953,1.00,1.50
2013.12.10 19:29:52.153,1.45938,1.45954,1.00,1.15
2013.12.10 19:29:53.107,1.45943,1.45954,1.00,1.15
2013.12.10 19:29:53.259,1.45943,1.45958,1.00,1.15
2013.12.10 19:29:53.788,1.45943,1.45958,1.13,1.00
2013.12.10 19:29:55.666,1.45948,1.45958,1.00,1.00
2013.12.10 19:29:57.113,1.45948,1.45961,1.00,1.15
2013.12.10 19:29:57.266,1.45948,1.45961,1.00,1.00
2013.12.10 19:29:57.317,1.45948,1.45964,1.00,1.28
2013.12.10 19:30:02.597,1.45948,1.45964,1.38,1.18
2013.12.10 19:30:02.749,1.45945,1.45967,2.25,1.50
2013.12.10 19:30:03.053,1.4595,1.45972,1.88,3.15
2013.12.10 19:30:03.604,1.4595,1.4597,1.13,1.13
2013.12.10 19:30:03.908,1.4595,1.45969,1.00,1.28
2013.12.10 19:30:04.212,1.45947,1.45967,1.75,1.58
2013.12.10 19:30:06.107,1.45947,1.45966,1.00,1.15
2013.12.10 19:30:09.479,1.45947,1.45962,1.00,1.00
2013.12.10 19:30:12.131,1.45947,1.45967,1.00,3.08
2013.12.10 19:30:12.369,1.45944,1.45964,1.38,1.20
2013.12.10 19:30:15.126,1.45944,1.45962,1.38,1.15
2013.12.10 19:30:22.825,1.45943,1.45962,1.00,1.15
2013.12.10 19:30:24.497,1.45943,1.45964,1.50,1.53
2013.12.10 19:30:29.882,1.45943,1.45961,1.00,1.00
2013.12.10 19:30:31.264,1.45943,1.45961,1.75,1.00
2013.12.10 19:30:31.569,1.45948,1.45965,1.00,1.65
2013.12.10 19:30:33.574,1.45943,1.45962,1.75,1.10
2013.12.10 19:30:33.930,1.45943,1.45962,1.00,1.20
2013.12.10 19:30:33.980,1.45943,1.45962,1.00,1.28
2013.12.10 19:30:34.513,1.4594,1.45961,1.13,1.15
2013.12.10 19:30:35.783,1.45939,1.45961,1.50,1.15
2013.12.10 19:30:38.342,1.45939,1.45957,1.50,1.00
2013.12.10 19:30:38.650,1.45939,1.45952,1.38,1.00
2013.12.10 19:30:38.751,1.45939,1.45957,1.38,1.00
2013.12.10 19:30:39.749,1.45939,1.45961,1.38,1.15
2013.12.10 19:30:40.619,1.45939,1.45957,1.38,1.00
2013.12.10 19:30:41.122,1.45939,1.45961,1.38,1.15
2013.12.10 19:30:42.282,1.45939,1.45957,1.38,1.00
2013.12.10 19:30:42.795,1.45939,1.45961,1.38,1.28
2013.12.10 19:30:43.259,1.45939,1.45957,1.38,1.08
2013.12.10 19:30:43.802,1.45939,1.45957,1.38,1.15
2013.12.10 19:30:49.569,1.45939,1.45957,1.00,1.15
2013.12.10 19:31:01.781,1.45935,1.45957,1.00,2.40
2013.12.10 19:31:01.934,1.45931,1.45953,2.25,1.95
2013.12.10 19:31:03.139,1.45931,1.45952,1.00,1.53
2013.12.10 19:31:03.312,1.45931,1.4595,1.00,1.50
2013.12.10 19:31:04.003,1.45928,1.45949,1.38,1.58
2013.12.10 19:31:06.687,1.45927,1.45946,1.00,1.20
2013.12.10 19:31:06.738,1.45923,1.45945,2.25,1.95
2013.12.10 19:31:06.839,1.45928,1.45945,1.00,1.95
2013.12.10 19:31:07.092,1.45923,1.45945,2.25,2.33
2013.12.10 19:31:07.358,1.45923,1.45941,1.88,1.58
2013.12.10 19:31:07.662,1.4592,1.45937,1.00,1.10
2013.12.10 19:31:07.713,1.4592,1.45937,1.00,1.15
2013.12.10 19:31:10.586,1.4592,1.45937,1.00,1.58
2013.12.10 19:31:10.890,1.45917,1.45936,1.13,1.58
2013.12.10 19:31:13.863,1.45917,1.45932,1.00,1.08
2013.12.10 19:31:13.914,1.45913,1.45931,1.50,1.08
2013.12.10 19:31:14.066,1.45913,1.45927,1.00,1.00
2013.12.10 19:31:14.420,1.45913,1.45925,1.00,1.00
2013.12.10 19:31:15.019,1.45913,1.45924,1.00,1.00
2013.12.10 19:31:15.390,1.45913,1.45922,1.00,1.00
2013.12.10 19:31:15.942,1.45913,1.45922,1.38,1.00
2013.12.10 19:31:18.400,1.45909,1.45927,1.88,1.15
2013.12.10 19:31:18.452,1.45909,1.45927,1.88,1.65
2013.12.10 19:31:18.756,1.45908,1.45926,1.88,1.18
2013.12.10 19:31:19.060,1.45908,1.45929,2.70,1.10
2013.12.10 19:31:21.985,1.45913,1.4593,1.50,1.00
2013.12.10 19:31:22.086,1.45913,1.45933,2.25,1.10
2013.12.10 19:31:23.859,1.45913,1.45932,1.50,1.00
2013.12.10 19:31:23.961,1.45913,1.45932,1.50,1.20
2013.12.10 19:31:24.266,1.45909,1.45931,1.88,2.25
2013.12.10 19:31:27.104,1.45909,1.4593,1.38,1.55
2013.12.10 19:31:27.154,1.45909,1.4593,1.00,1.93
2013.12.10 19:31:27.256,1.45909,1.45927,2.25,1.00
2013.12.10 19:31:27.357,1.45909,1.45931,2.33,1.00
2013.12.10 19:31:27.511,1.45914,1.45932,1.08,1.13
2013.12.10 19:31:27.888,1.45918,1.45935,1.00,2.25
2013.12.10 19:31:28.040,1.45914,1.45934,1.00,1.58
2013.12.10 19:31:28.091,1.45914,1.45935,1.00,1.90
2013.12.10 19:31:28.361,1.45923,1.45936,1.38,1.15
2013.12.10 19:31:28.469,1.45923,1.45939,2.03,1.00
2013.12.10 19:31:28.520,1.45924,1.45939,1.48,1.00
2013.12.10 19:31:28.824,1.45928,1.45941,1.00,1.50
2013.12.10 19:31:29.128,1.45928,1.45937,1.00,1.00
2013.12.10 19:31:31.861,1.45928,1.45947,1.00,1.00
2013.12.10 19:31:34.164,1.45928,1.45948,1.50,1.00
2013.12.10 19:31:34.419,1.45928,1.45942,1.00,1.00
2013.12.10 19:31:35.222,1.45928,1.45942,1.00,1.88
2013.12.10 19:31:35.273,1.45924,1.45942,1.13,1.88
2013.12.10 19:31:35.374,1.45924,1.45937,1.00,1.00
2013.12.10 19:31:35.847,1.45924,1.45941,1.00,1.48
2013.12.10 19:31:36.252,1.45924,1.45943,1.10,1.00
2013.12.10 19:31:37.566,1.45928,1.45945,1.00,1.48
2013.12.10 19:31:37.617,1.45928,1.45945,1.00,1.10
2013.12.10 19:31:39.731,1.45924,1.45946,1.18,1.48
2013.12.10 19:31:39.782,1.45924,1.45946,1.10,1.48
2013.12.10 19:31:41.137,1.45928,1.45946,1.00,1.48
2013.12.10 19:31:44.808,1.45924,1.45946,1.13,1.55
2013.12.10 19:31:45.245,1.45926,1.45946,1.13,1.55
2013.12.10 19:31:45.701,1.45928,1.45943,1.50,1.58
2013.12.10 19:31:45.802,1.45928,1.45944,1.00,2.03
2013.12.10 19:31:45.954,1.45924,1.45942,1.00,1.00
2013.12.10 19:31:46.536,1.45924,1.45945,1.00,1.28
2013.12.10 19:31:46.587,1.45924,1.45946,1.75,1.53
2013.12.10 19:31:46.942,1.45928,1.45946,1.00,1.53
2013.12.10 19:31:48.267,1.45924,1.45946,1.75,1.53
2013.12.10 19:31:48.616,1.45928,1.45946,1.00,1.38
2013.12.10 19:31:50.887,1.45927,1.45946,1.00,1.38
2013.12.10 19:31:51.215,1.45928,1.45947,1.00,1.10
2013.12.10 19:31:54.940,1.45928,1.45945,1.00,1.20
2013.12.10 19:31:55.093,1.45925,1.45945,1.88,1.20
2013.12.10 19:31:55.194,1.45933,1.45946,1.00,1.50
2013.12.10 19:31:55.296,1.45933,1.45947,1.00,1.28
2013.12.10 19:31:55.397,1.45929,1.45947,1.00,1.65
2013.12.10 19:31:55.649,1.45929,1.45942,1.00,1.00
2013.12.10 19:31:55.851,1.45925,1.45944,1.38,1.95
2013.12.10 19:31:55.952,1.45928,1.45944,1.00,1.95
2013.12.10 19:31:57.485,1.45925,1.45944,1.00,1.20
2013.12.10 19:31:57.586,1.45928,1.45944,1.00,1.20
2013.12.10 19:31:57.697,1.45925,1.45944,1.00,1.20
2013.12.10 19:31:59.794,1.45925,1.45941,1.00,1.28
2013.12.10 19:31:59.895,1.45918,1.4594,1.55,1.85
2013.12.10 19:32:00.364,1.45932,1.4594,1.00,1.85
2013.12.10 19:32:00.415,1.45933,1.4594,1.00,1.00
2013.12.10 19:32:00.466,1.45933,1.45945,1.00,1.55
2013.12.10 19:32:00.929,1.45928,1.45947,1.00,1.28
2013.12.10 19:32:01.477,1.45926,1.45947,1.00,1.28
2013.12.10 19:32:01.731,1.45926,1.45945,1.00,1.58
2013.12.10 19:32:03.596,1.45926,1.45944,1.00,1.90
2013.12.10 19:32:04.836,1.45926,1.45945,1.13,1.58
2013.12.10 19:32:05.090,1.45928,1.45945,1.00,1.18
2013.12.10 19:32:05.596,1.45928,1.45945,1.00,1.28
2013.12.10 19:32:05.698,1.45926,1.45944,1.00,1.20
2013.12.10 19:32:06.725,1.45928,1.45943,1.00,1.28
2013.12.10 19:32:06.777,1.45928,1.45946,1.00,2.40
2013.12.10 19:32:07.571,1.45928,1.45946,1.00,2.03
2013.12.10 19:32:07.673,1.45926,1.45943,1.00,1.58
2013.12.10 19:32:07.926,1.45922,1.45939,1.00,1.20
2013.12.10 19:32:09.611,1.45928,1.4594,1.00,1.50
2013.12.10 19:32:09.662,1.45928,1.45942,1.00,1.15
2013.12.10 19:32:13.240,1.45928,1.45944,1.00,1.55
2013.12.10 19:32:17.856,1.45928,1.45944,1.00,1.53
2013.12.10 19:32:17.907,1.45923,1.45941,1.50,1.20
2013.12.10 19:32:18.421,1.45923,1.45939,1.50,1.90
2013.12.10 19:32:19.307,1.45918,1.45939,1.88,1.28
2013.12.10 19:32:19.991,1.45918,1.45939,1.50,1.65
2013.12.10 19:32:23.043,1.45923,1.45939,1.00,1.65
2013.12.10 19:32:25.687,1.45928,1.4594,1.00,1.20
2013.12.10 19:32:26.096,1.45928,1.45943,1.00,1.00
2013.12.10 19:32:26.672,1.45928,1.45943,1.00,1.88
2013.12.10 19:32:27.885,1.45923,1.45943,1.00,1.53
2013.12.10 19:32:28.088,1.45928,1.45943,1.00,1.53
2013.12.10 19:32:30.176,1.45928,1.45943,1.00,1.95
2013.12.10 19:32:30.713,1.45928,1.45942,1.00,2.33
2013.12.10 19:32:35.660,1.45921,1.45942,1.00,3.45
2013.12.10 19:32:35.711,1.45921,1.45938,1.00,1.13
2013.12.10 19:32:36.095,1.45921,1.45938,1.00,1.20
2013.12.10 19:32:37.619,1.45927,1.45938,1.00,1.20
2013.12.10 19:32:37.670,1.45928,1.45939,1.00,3.38
2013.12.10 19:32:37.872,1.45921,1.45939,1.00,1.50
2013.12.10 19:32:38.024,1.45921,1.45939,1.00,1.18
2013.12.10 19:32:38.125,1.45921,1.45938,1.00,1.50
2013.12.10 19:32:38.432,1.45918,1.45937,1.00,1.58
2013.12.10 19:32:39.635,1.45923,1.45937,1.00,1.58
2013.12.10 19:32:42.335,1.45923,1.45938,1.00,1.50
2013.12.10 19:32:42.386,1.45928,1.45938,1.00,1.50
2013.12.10 19:32:42.489,1.45928,1.45939,1.00,1.15
2013.12.10 19:32:42.784,1.45923,1.45939,1.00,1.15
2013.12.10 19:32:43.089,1.45923,1.45939,1.00,2.03
2013.12.10 19:32:43.139,1.45918,1.45939,1.00,2.03
2013.12.10 19:32:43.602,1.45923,1.45939,1.00,3.45
2013.12.10 19:32:43.704,1.45918,1.45939,1.00,4.20
2013.12.10 19:32:44.224,1.45917,1.45935,1.00,1.20
2013.12.10 19:32:44.578,1.4592,1.45934,1.38,1.53
2013.12.10 19:32:44.679,1.45922,1.45938,1.00,2.25
2013.12.10 19:32:44.740,1.45931,1.45938,1.00,1.00
2013.12.10 19:32:44.892,1.45923,1.45939,1.00,1.45
2013.12.10 19:32:45.248,1.45917,1.45932,1.00,1.10
2013.12.10 19:32:46.795,1.45914,1.45932,1.00,1.58
2013.12.10 19:32:48.726,1.45914,1.45932,1.00,1.58
2013.12.10 19:32:49.107,1.45914,1.45931,1.00,1.20
2013.12.10 19:32:50.750,1.45911,1.45931,1.00,1.20
2013.12.10 19:32:51.369,1.45913,1.45931,1.00,1.20
2013.12.10 19:32:54.087,1.45913,1.45929,1.00,1.20
2013.12.10 19:32:54.138,1.45911,1.45928,1.00,1.20
2013.12.10 19:32:54.340,1.45908,1.45928,1.50,1.20
2013.12.10 19:32:57.871,1.45908,1.45928,1.50,1.58
2013.12.10 19:32:59.655,1.45913,1.45928,1.00,1.58
2013.12.10 19:33:00.954,1.45908,1.4593,1.50,2.40
2013.12.10 19:33:02.495,1.45913,1.4593,1.00,1.90
2013.12.10 19:33:02.546,1.45913,1.4593,1.00,1.90
2013.12.10 19:33:05.450,1.45913,1.45928,1.00,1.20
2013.12.10 19:33:05.555,1.45918,1.45928,1.00,1.20
2013.12.10 19:33:05.707,1.45913,1.45928,1.00,1.20
2013.12.10 19:33:05.910,1.45913,1.45928,1.00,1.20
2013.12.10 19:33:15.145,1.45916,1.45926,1.00,1.95
2013.12.10 19:33:15.298,1.45904,1.45926,1.53,1.88
2013.12.10 19:33:15.474,1.45904,1.45922,1.08,1.20
2013.12.10 19:33:15.576,1.45904,1.45922,1.00,1.28
2013.12.10 19:33:22.509,1.45904,1.45922,1.00,1.28
2013.12.10 19:33:22.736,1.45904,1.45922,1.00,1.28
2013.12.10 19:33:30.430,1.45904,1.45922,1.00,2.03
2013.12.10 19:33:32.285,1.45904,1.45923,1.00,1.58
2013.12.10 19:33:32.437,1.45904,1.45922,1.00,1.48
2013.12.10 19:33:32.841,1.45904,1.45921,1.00,1.75
2013.12.10 19:33:34.329,1.45904,1.4592,1.00,1.13
2013.12.10 19:33:34.944,1.45904,1.45921,1.00,1.20
2013.12.10 19:33:43.934,1.45904,1.45917,1.00,1.55
2013.12.10 19:33:43.985,1.459,1.45917,1.00,1.95
2013.12.10 19:33:44.036,1.459,1.45917,1.00,2.70
2013.12.10 19:33:44.087,1.45898,1.45917,1.00,2.70
2013.12.10 19:33:44.343,1.45895,1.45917,1.13,1.95
2013.12.10 19:33:44.657,1.45898,1.45917,1.00,1.95
2013.12.10 19:33:47.609,1.45895,1.45917,1.00,3.08
2013.12.10 19:33:48.286,1.45898,1.45917,1.00,2.33
2013.12.10 19:33:48.807,1.45898,1.45917,1.18,1.75
2013.12.10 19:33:51.948,1.45898,1.45917,1.18,1.75
2013.12.10 19:33:58.093,1.45898,1.45917,1.00,1.55
2013.12.10 19:33:59.254,1.45903,1.45917,1.00,1.55
2013.12.10 19:34:07.052,1.45903,1.45917,1.00,1.28
2013.12.10 19:34:13.224,1.45898,1.45917,1.00,1.28
2013.12.10 19:34:13.710,1.45903,1.45917,1.00,1.65
2013.12.10 19:34:18.530,1.45903,1.45917,1.00,1.13
2013.12.10 19:34:29.194,1.45908,1.45917,1.00,1.13
2013.12.10 19:34:30.178,1.45903,1.45917,1.00,1.13
2013.12.10 19:34:31.614,1.45908,1.45917,1.00,1.13
2013.12.10 19:34:44.108,1.45908,1.45925,1.00,1.58
2013.12.10 19:35:06.935,1.45913,1.45921,1.00,1.00
2013.12.10 19:35:07.346,1.459,1.45921,1.48,1.48
2013.12.10 19:35:07.953,1.45903,1.45921,1.00,1.48
2013.12.10 19:35:08.177,1.45908,1.45921,1.00,1.58
2013.12.10 19:35:09.069,1.45908,1.45921,1.00,1.20
2013.12.10 19:35:09.170,1.45903,1.45921,1.00,1.20
2013.12.10 19:35:09.281,1.45903,1.45921,1.00,1.88
2013.12.10 19:35:09.588,1.45908,1.45921,1.00,1.95
2013.12.10 19:35:10.057,1.45903,1.45921,1.00,1.95
2013.12.10 19:35:10.260,1.45908,1.45921,1.00,1.28
2013.12.10 19:35:12.909,1.45903,1.45921,1.00,1.28
2013.12.10 19:35:17.075,1.45908,1.45921,1.00,1.28
2013.12.10 19:35:17.272,1.45903,1.45921,1.00,1.28
2013.12.10 19:35:17.650,1.45908,1.45921,1.00,1.28
2013.12.10 19:35:19.263,1.45908,1.45921,1.00,1.28
2013.12.10 19:35:19.516,1.45903,1.45921,1.00,1.95
2013.12.10 19:35:19.815,1.45899,1.45921,1.13,2.70
2013.12.10 19:35:20.653,1.45899,1.45919,1.00,1.53
2013.12.10 19:35:20.918,1.45908,1.45919,1.00,1.53
2013.12.10 19:35:21.246,1.45903,1.45919,1.00,1.53
2013.12.10 19:35:26.995,1.45908,1.45917,1.00,1.13
2013.12.10 19:35:28.390,1.45903,1.45916,1.00,1.15
2013.12.10 19:35:28.615,1.45907,1.45916,1.00,1.15
2013.12.10 19:35:28.767,1.45908,1.45916,1.00,1.00
2013.12.10 19:35:33.594,1.45908,1.45918,1.00,1.18
2013.12.10 19:35:33.695,1.45911,1.45918,1.00,1.18
2013.12.10 19:35:34.230,1.45912,1.45918,1.00,1.00
2013.12.10 19:35:37.095,1.45908,1.45918,1.00,1.00
2013.12.10 19:35:37.202,1.45912,1.45918,1.00,1.00
2013.12.10 19:35:43.733,1.45903,1.45918,1.00,1.10
2013.12.10 19:35:44.309,1.45903,1.45918,1.00,1.18
2013.12.10 19:35:47.377,1.45898,1.45917,1.38,1.10
2013.12.10 19:35:47.479,1.45903,1.45918,1.00,1.18
2013.12.10 19:35:55.579,1.4591,1.45918,1.00,1.18
2013.12.10 19:35:56.124,1.45913,1.45918,1.00,1.00
2013.12.10 19:36:00.354,1.45913,1.45922,1.00,1.00
2013.12.10 19:36:04.832,1.45916,1.45922,1.00,1.00
2013.12.10 19:36:05.602,1.45913,1.45922,1.00,1.00
2013.12.10 19:36:07.346,1.45911,1.45922,1.38,1.00
2013.12.10 19:36:07.499,1.4591,1.4593,1.85,1.00
2013.12.10 19:36:09.763,1.45923,1.4593,1.00,1.00
2013.12.10 19:36:09.988,1.45927,1.45937,1.00,1.53
2013.12.10 19:36:11.101,1.45923,1.4593,1.00,1.00
2013.12.10 19:36:12.861,1.45926,1.45937,1.00,1.15
2013.12.10 19:36:13.064,1.45923,1.4593,1.00,1.00
2013.12.10 19:36:13.973,1.45926,1.45937,1.00,1.15
2013.12.10 19:36:14.074,1.45918,1.4593,1.00,1.00
2013.12.10 19:36:14.732,1.45923,1.4593,1.00,1.00
2013.12.10 19:36:14.934,1.45918,1.4593,1.00,1.00
2013.12.10 19:36:15.187,1.45928,1.45937,1.00,1.00
2013.12.10 19:36:15.390,1.45918,1.45937,1.38,1.53
2013.12.10 19:36:15.896,1.45918,1.45936,1.00,1.20
2013.12.10 19:36:22.796,1.45918,1.45932,1.00,1.13
2013.12.10 19:36:22.898,1.45912,1.45927,1.00,1.00
2013.12.10 19:36:23.202,1.45918,1.45932,1.00,1.55
2013.12.10 19:36:24.952,1.45913,1.45932,1.00,1.53
2013.12.10 19:36:25.054,1.45913,1.45929,1.00,1.13
2013.12.10 19:36:28.592,1.45918,1.45929,1.00,2.33
2013.12.10 19:36:32.423,1.45913,1.45929,1.00,1.20
2013.12.10 19:36:53.101,1.45912,1.45927,1.00,1.15
2013.12.10 19:37:00.393,1.45908,1.45927,1.50,2.78
2013.12.10 19:37:00.494,1.45908,1.45925,1.50,1.13
2013.12.10 19:37:02.591,1.45908,1.45925,1.50,1.95
2013.12.10 19:37:04.101,1.45904,1.45925,1.00,2.70
2013.12.10 19:37:04.304,1.45904,1.45926,1.20,1.58
2013.12.10 19:37:04.659,1.45908,1.45926,1.00,1.58
2013.12.10 19:37:08.864,1.45908,1.45926,1.00,1.95
2013.12.10 19:37:13.845,1.45908,1.45926,1.00,1.20
2013.12.10 19:37:13.896,1.45913,1.45926,1.00,1.20
2013.12.10 19:37:14.149,1.45908,1.45926,1.00,1.20
2013.12.10 19:37:16.659,1.45908,1.45926,1.00,1.95
2013.12.10 19:37:19.465,1.45908,1.45926,1.00,1.85
2013.12.10 19:37:46.695,1.45904,1.45926,1.28,1.85
2013.12.10 19:37:47.047,1.45908,1.45926,1.00,1.48
2013.12.10 19:37:50.308,1.45907,1.45927,1.00,1.95
2013.12.10 19:37:52.982,1.45907,1.45923,1.00,2.33
2013.12.10 19:37:53.345,1.45907,1.45921,1.00,1.28
2013.12.10 19:37:53.659,1.45907,1.45919,1.00,1.58
2013.12.10 19:37:54.530,1.45904,1.45919,1.00,1.20
2013.12.10 19:37:57.669,1.45904,1.45922,1.00,1.90
2013.12.10 19:38:00.543,1.45904,1.45919,1.00,1.13
2013.12.10 19:38:00.866,1.45908,1.45919,1.00,1.20
2013.12.10 19:38:03.195,1.45908,1.45923,1.00,1.20
2013.12.10 19:38:04.131,1.45908,1.45927,1.50,1.20
2013.12.10 19:38:05.765,1.45905,1.45927,1.10,2.03
2013.12.10 19:38:06.736,1.45913,1.45927,1.00,1.95
2013.12.10 19:38:34.118,1.45908,1.45927,1.00,3.08
2013.12.10 19:38:37.549,1.45916,1.45927,1.00,1.95
2013.12.10 19:38:37.850,1.45913,1.45927,1.00,1.95
2013.12.10 19:38:43.172,1.45908,1.45927,1.00,2.70
2013.12.10 19:38:43.391,1.45913,1.45925,1.00,1.53
2013.12.10 19:38:43.695,1.45913,1.45922,1.00,1.95
2013.12.10 19:38:44.034,1.45905,1.45922,1.38,1.95
2013.12.10 19:38:44.167,1.459,1.45922,1.00,3.45
2013.12.10 19:38:50.986,1.45897,1.45915,1.00,1.18
2013.12.10 19:38:51.727,1.45894,1.45915,1.00,1.18
2013.12.10 19:39:02.940,1.45898,1.45917,1.00,1.53
2013.12.10 19:39:03.294,1.45894,1.45916,1.00,1.53
2013.12.10 19:39:04.922,1.45898,1.45915,1.00,1.55
2013.12.10 19:39:07.767,1.45894,1.45916,1.00,1.53
2013.12.10 19:39:10.985,1.45894,1.45916,1.00,1.95
2013.12.10 19:39:28.159,1.45898,1.45916,1.00,2.33
2013.12.10 19:39:29.311,1.45898,1.45913,1.00,1.28
2013.12.10 19:39:29.362,1.45894,1.45907,1.00,1.13
2013.12.10 19:39:29.464,1.45889,1.45907,1.00,1.13
2013.12.10 19:39:31.047,1.45889,1.4591,1.00,1.53
2013.12.10 19:39:44.788,1.45889,1.4591,1.00,1.53
2013.12.10 19:39:50.815,1.45895,1.45911,1.38,1.53
2013.12.10 19:39:51.018,1.45895,1.45915,1.38,1.55
2013.12.10 19:39:51.120,1.45898,1.45915,1.00,1.55
2013.12.10 19:39:53.799,1.45898,1.45915,1.50,1.38
2013.12.10 19:39:54.500,1.45898,1.45915,1.50,1.38
2013.12.10 19:40:01.607,1.45898,1.45915,1.00,1.38
2013.12.10 19:40:05.983,1.45898,1.45915,1.00,1.20
2013.12.10 19:40:10.942,1.459,1.45915,1.00,1.13
2013.12.10 19:40:15.661,1.45903,1.45915,1.00,1.13
2013.12.10 19:40:21.073,1.45899,1.45919,1.38,1.48
2013.12.10 19:40:21.595,1.45899,1.45919,1.38,1.48
2013.12.10 19:40:23.285,1.45899,1.45919,1.38,1.95
2013.12.10 19:40:23.890,1.45898,1.45919,1.13,1.95
2013.12.10 19:40:40.172,1.45899,1.45919,1.00,2.70
2013.12.10 19:40:43.136,1.459,1.45919,1.00,1.95
2013.12.10 19:40:43.503,1.459,1.45919,1.00,1.53
2013.12.10 19:40:51.621,1.45897,1.45917,2.63,1.48
2013.12.10 19:40:52.076,1.45898,1.45918,1.13,1.58
2013.12.10 19:40:54.137,1.45897,1.45916,1.00,1.65
2013.12.10 19:40:54.950,1.45897,1.45916,1.00,3.83
2013.12.10 19:40:55.501,1.45897,1.45915,1.00,1.50
2013.12.10 19:41:01.827,1.45898,1.45916,1.00,1.20
2013.12.10 19:41:01.887,1.45898,1.45917,1.00,2.03
2013.12.10 19:41:02.191,1.45898,1.45919,1.50,1.55
2013.12.10 19:41:03.192,1.45898,1.45915,1.00,1.00
2013.12.10 19:41:03.293,1.45894,1.45915,1.38,1.15
2013.12.10 19:41:03.445,1.45893,1.45915,2.25,3.15
2013.12.10 19:41:03.496,1.45893,1.45907,1.50,1.38
2013.12.10 19:41:04.068,1.45889,1.45907,1.00,1.38
2013.12.10 19:41:05.078,1.45889,1.45907,1.00,1.75
2013.12.10 19:41:05.280,1.45884,1.45901,1.00,1.00
2013.12.10 19:41:05.382,1.45888,1.45901,1.00,1.00
2013.12.10 19:41:09.568,1.45888,1.45906,1.00,1.13
2013.12.10 19:41:09.669,1.45898,1.45906,1.00,1.13
2013.12.10 19:41:11.058,1.45893,1.45906,1.00,1.13
2013.12.10 19:41:13.388,1.45893,1.45911,1.00,1.38
2013.12.10 19:41:13.895,1.45893,1.45911,1.18,1.38
2013.12.10 19:41:14.587,1.45898,1.45911,1.00,1.38
2013.12.10 19:41:16.338,1.45893,1.45911,1.18,1.38
2013.12.10 19:41:16.569,1.45898,1.45911,1.00,1.38
2013.12.10 19:41:16.929,1.45893,1.45911,1.18,1.38
2013.12.10 19:41:17.877,1.45898,1.45911,1.00,1.38
2013.12.10 19:41:18.516,1.45898,1.45911,1.00,1.00
2013.12.10 19:41:18.909,1.45893,1.45911,1.13,1.00
2013.12.10 19:41:20.076,1.45898,1.45911,1.00,1.00
2013.12.10 19:41:20.399,1.45903,1.45911,1.00,1.00
2013.12.10 19:41:22.917,1.45898,1.45911,1.00,1.00
2013.12.10 19:41:31.870,1.45898,1.45908,1.00,1.00
2013.12.10 19:41:32.022,1.45893,1.45906,1.00,1.00
2013.12.10 19:41:32.744,1.45893,1.45903,1.00,1.00
2013.12.10 19:41:34.774,1.45898,1.45906,1.00,1.10
2013.12.10 19:41:35.297,1.45898,1.45908,1.00,1.38
2013.12.10 19:41:38.129,1.45898,1.4591,1.00,1.95
2013.12.10 19:41:38.180,1.45893,1.4591,1.00,1.95
2013.12.10 19:41:39.848,1.45898,1.4591,1.00,1.95
2013.12.10 19:41:42.969,1.45898,1.4591,1.00,1.00
2013.12.10 19:41:43.019,1.45898,1.45914,1.00,1.55
2013.12.10 19:41:43.121,1.45903,1.45914,1.00,1.38
2013.12.10 19:41:43.222,1.45903,1.45915,1.00,1.00
2013.12.10 19:41:44.837,1.45903,1.45917,1.00,1.13
2013.12.10 19:41:45.101,1.45903,1.45921,1.00,1.50
2013.12.10 19:41:45.316,1.45908,1.45921,1.00,1.00
2013.12.10 19:41:52.358,1.45903,1.45921,1.00,1.00
2013.12.10 19:41:52.460,1.45903,1.45921,1.00,1.75
2013.12.10 19:41:52.763,1.45908,1.45921,1.00,3.38
2013.12.10 19:41:59.298,1.45903,1.4592,1.00,1.20
2013.12.10 19:41:59.552,1.45903,1.45917,1.00,1.58
2013.12.10 19:41:59.857,1.45903,1.45912,1.00,1.50
2013.12.10 19:42:00.501,1.45898,1.45913,1.75,1.53
2013.12.10 19:42:00.552,1.45898,1.45913,1.00,1.45
2013.12.10 19:42:00.603,1.45898,1.45913,1.00,1.00
2013.12.10 19:42:00.655,1.45903,1.45914,1.00,1.13
2013.12.10 19:42:01.169,1.45903,1.45917,1.00,1.53
2013.12.10 19:42:03.624,1.45903,1.45919,1.00,1.65
2013.12.10 19:42:05.153,1.45908,1.45919,1.00,1.55
2013.12.10 19:42:05.254,1.45908,1.45919,1.00,1.00
2013.12.10 19:42:07.308,1.45908,1.4592,1.00,1.00
2013.12.10 19:42:07.460,1.45908,1.45922,1.00,1.20
2013.12.10 19:42:08.329,1.45908,1.45922,1.00,1.58
2013.12.10 19:42:18.611,1.45908,1.45922,1.00,3.08
2013.12.10 19:42:21.254,1.45908,1.45921,1.00,1.38
2013.12.10 19:42:21.557,1.45913,1.45922,1.00,1.58
2013.12.10 19:42:22.097,1.45908,1.45922,1.00,1.20
2013.12.10 19:42:23.055,1.45913,1.45922,1.00,1.20
2013.12.10 19:42:24.506,1.45908,1.45922,1.00,1.20
2013.12.10 19:42:34.970,1.45913,1.45922,1.00,1.95
2013.12.10 19:42:36.369,1.45908,1.45922,1.00,1.20
2013.12.10 19:42:47.147,1.459,1.45917,1.95,1.00
2013.12.10 19:42:53.243,1.45903,1.45922,1.00,2.40
2013.12.10 19:42:59.481,1.459,1.4592,1.00,1.18
2013.12.10 19:43:00.339,1.459,1.4592,1.00,2.25
2013.12.10 19:43:01.698,1.459,1.45916,1.00,1.93
2013.12.10 19:43:02.002,1.45898,1.45913,1.00,3.45
2013.12.10 19:43:03.220,1.45893,1.45907,1.00,1.00
2013.12.10 19:43:03.888,1.45893,1.45906,1.00,1.00
2013.12.10 19:43:06.737,1.45893,1.45906,1.00,1.15
2013.12.10 19:43:14.437,1.45893,1.45906,1.00,1.53
2013.12.10 19:43:14.771,1.45888,1.45906,1.00,1.65
2013.12.10 19:43:14.822,1.45888,1.45902,1.00,1.13
2013.12.10 19:43:15.231,1.45883,1.45898,1.00,1.18
2013.12.10 19:43:15.547,1.45891,1.45898,1.00,1.18
2013.12.10 19:43:15.869,1.45888,1.45898,1.00,1.18
2013.12.10 19:43:16.428,1.45883,1.45898,1.00,1.18
2013.12.10 19:43:16.873,1.45888,1.45901,1.00,1.20
2013.12.10 19:43:16.924,1.45888,1.45903,1.00,1.38
2013.12.10 19:43:17.966,1.45884,1.45906,1.28,1.38
2013.12.10 19:43:18.118,1.45884,1.45906,1.13,1.53
2013.12.10 19:43:21.707,1.45884,1.45906,1.75,1.53
2013.12.10 19:43:29.622,1.45887,1.45907,1.75,1.20
2013.12.10 19:43:36.541,1.45887,1.45905,1.75,2.63
2013.12.10 19:43:37.874,1.45887,1.45904,1.00,1.58
2013.12.10 19:43:45.536,1.45883,1.45902,1.00,1.65
2013.12.10 19:43:49.206,1.45883,1.459,1.00,1.18
2013.12.10 19:43:49.375,1.45879,1.45897,1.38,1.18
2013.12.10 19:43:50.110,1.45879,1.45897,1.00,2.03
2013.12.10 19:44:00.847,1.45879,1.45897,1.50,2.03
2013.12.10 19:44:00.898,1.45888,1.45897,1.00,1.18
2013.12.10 19:44:00.949,1.45888,1.459,1.00,1.00
2013.12.10 19:44:01.051,1.45888,1.45902,1.00,1.50
2013.12.10 19:44:01.102,1.45886,1.45902,1.00,1.00
2013.12.10 19:44:01.626,1.45886,1.45901,1.00,1.00
2013.12.10 19:44:02.313,1.45888,1.45901,1.00,1.00
2013.12.10 19:44:02.364,1.45888,1.45905,1.00,1.15
2013.12.10 19:44:02.415,1.45886,1.45905,1.00,1.15
2013.12.10 19:44:04.777,1.45886,1.45905,1.00,1.53
2013.12.10 19:44:05.308,1.45883,1.45901,1.75,1.00
2013.12.10 19:44:05.615,1.45883,1.45903,2.25,1.10
2013.12.10 19:44:05.818,1.45883,1.45903,2.25,1.08
2013.12.10 19:44:07.074,1.45885,1.45904,1.75,1.58
2013.12.10 19:44:07.125,1.45885,1.45904,1.75,1.00
2013.12.10 19:44:07.228,1.45888,1.45908,1.20,1.08
2013.12.10 19:44:07.279,1.45888,1.45908,1.28,1.00
2013.12.10 19:44:10.626,1.45888,1.45908,1.28,1.00
2013.12.10 19:44:11.133,1.45889,1.45911,1.58,1.55
2013.12.10 19:44:11.184,1.45893,1.45911,1.00,1.55
2013.12.10 19:44:22.258,1.45893,1.45914,1.50,1.95
2013.12.10 19:44:27.384,1.45893,1.45914,2.25,1.53
2013.12.10 19:44:29.043,1.45893,1.45912,1.50,1.10
2013.12.10 19:44:30.653,1.45897,1.45917,1.88,1.65
2013.12.10 19:44:31.970,1.45897,1.45917,3.38,1.18
2013.12.10 19:44:35.424,1.45897,1.45917,3.00,1.18
2013.12.10 19:44:35.525,1.45897,1.45912,2.63,1.00
2013.12.10 19:44:35.737,1.45898,1.45917,1.00,1.18
2013.12.10 19:44:36.814,1.45898,1.45919,1.00,2.03
2013.12.10 19:44:37.219,1.45893,1.45913,1.88,1.48
2013.12.10 19:44:37.321,1.45898,1.45913,1.00,1.48
2013.12.10 19:44:40.108,1.45898,1.45915,1.00,1.53
2013.12.10 19:44:40.253,1.45893,1.45915,1.50,1.53
2013.12.10 19:44:40.586,1.45898,1.45915,1.00,1.53
2013.12.10 19:44:42.134,1.45898,1.45915,1.00,1.00
2013.12.10 19:44:42.236,1.45903,1.45915,1.00,1.00
2013.12.10 19:44:44.103,1.45898,1.45915,1.00,1.00
2013.12.10 19:44:44.655,1.45898,1.45918,1.00,1.15
2013.12.10 19:44:49.844,1.45903,1.45918,1.00,1.28
2013.12.10 19:45:00.485,1.45903,1.45917,1.00,1.10
2013.12.10 19:45:01.108,1.45903,1.45918,1.00,1.00
2013.12.10 19:45:04.394,1.45903,1.45918,1.58,1.00
2013.12.10 19:45:04.546,1.45908,1.45927,2.03,1.13
2013.12.10 19:45:05.052,1.45911,1.4593,1.00,1.53
2013.12.10 19:46:02.136,1.45913,1.45928,1.00,1.18
2013.12.10 19:46:02.289,1.45911,1.45929,1.10,1.58
2013.12.10 19:46:02.925,1.45911,1.45929,1.00,1.65
2013.12.10 19:46:04.905,1.45903,1.45928,1.65,1.28
2013.12.10 19:46:07.675,1.45903,1.45928,1.58,1.95
2013.12.10 19:46:08.206,1.45903,1.45927,1.50,1.58
2013.12.10 19:46:09.191,1.45907,1.45927,1.00,1.58
2013.12.10 19:46:28.392,1.45907,1.45926,1.00,1.15
2013.12.10 19:46:38.096,1.45908,1.45929,1.00,1.93
2013.12.10 19:46:38.612,1.45907,1.45929,1.00,1.93
2013.12.10 19:46:42.220,1.45907,1.45928,1.00,1.50
2013.12.10 19:46:48.021,1.45908,1.45928,1.00,1.58
2013.12.10 19:46:51.187,1.45907,1.45926,1.00,1.53
2013.12.10 19:46:51.492,1.45908,1.45921,1.00,1.90
2013.12.10 19:46:51.543,1.45903,1.45921,2.63,1.90
2013.12.10 19:46:51.862,1.45908,1.4592,1.00,1.55
2013.12.10 19:46:53.644,1.45903,1.45918,1.13,1.13
2013.12.10 19:46:53.847,1.45903,1.45917,1.00,1.50
2013.12.10 19:46:53.999,1.45895,1.45917,1.75,3.08
2013.12.10 19:46:56.808,1.45895,1.45917,1.38,3.08
2013.12.10 19:47:14.016,1.45895,1.45915,1.38,1.58
2013.12.10 19:47:34.982,1.45895,1.45916,1.38,1.58
2013.12.10 19:47:39.336,1.45895,1.45916,1.00,1.95
2013.12.10 19:47:39.688,1.45898,1.45916,1.00,1.95
2013.12.10 19:47:41.811,1.45895,1.45916,1.00,1.95
2013.12.10 19:47:45.992,1.45895,1.45913,1.00,1.20
2013.12.10 19:47:53.064,1.45892,1.4591,1.00,1.28
2013.12.10 19:47:53.267,1.45893,1.45909,1.00,1.00
2013.12.10 19:47:53.368,1.45891,1.45907,1.00,1.10
2013.12.10 19:47:53.672,1.45885,1.45906,1.00,1.28
2013.12.10 19:47:55.451,1.45885,1.45904,1.00,1.88
2013.12.10 19:47:55.502,1.45883,1.45902,1.13,1.15
2013.12.10 19:47:56.006,1.45883,1.45902,1.13,1.00
2013.12.10 19:47:56.356,1.45883,1.45902,1.13,1.15
2013.12.10 19:48:19.602,1.45876,1.45898,1.65,1.00
2013.12.10 19:48:19.907,1.45873,1.45894,2.25,2.33
2013.12.10 19:48:22.373,1.45873,1.45894,1.38,1.85
2013.12.10 19:48:32.201,1.45873,1.45894,1.38,1.85
2013.12.10 19:48:41.818,1.45873,1.45894,1.38,1.95
2013.12.10 19:48:44.577,1.45873,1.45891,1.38,1.20
2013.12.10 19:49:06.253,1.45876,1.45891,1.38,1.00
2013.12.10 19:49:11.972,1.45876,1.45891,1.20,1.00
2013.12.10 19:49:12.148,1.45878,1.45899,1.28,1.38
2013.12.10 19:49:12.568,1.45877,1.45899,1.58,1.55
2013.12.10 19:49:13.134,1.45877,1.45899,1.10,2.03
2013.12.10 19:49:19.090,1.45877,1.45898,1.10,1.10
2013.12.10 19:49:27.999,1.45877,1.45898,1.10,1.20
2013.12.10 19:49:30.968,1.45877,1.45898,1.10,1.85
2013.12.10 19:49:38.231,1.45878,1.45898,1.00,1.20
2013.12.10 19:49:39.988,1.45878,1.45898,1.00,1.20
2013.12.10 19:49:42.751,1.45878,1.45898,1.00,1.10
2013.12.10 19:49:42.853,1.45878,1.45898,1.08,1.00
2013.12.10 19:49:44.343,1.45878,1.45898,1.08,1.08
2013.12.10 19:49:44.647,1.45869,1.45891,3.53,1.00
2013.12.10 19:49:44.951,1.45869,1.45891,3.00,1.15
2013.12.10 19:50:10.321,1.45878,1.45891,1.00,1.83
2013.12.10 19:50:10.423,1.45878,1.45891,1.00,1.00
2013.12.10 19:50:10.677,1.45873,1.45891,1.48,1.00
2013.12.10 19:50:14.834,1.45869,1.45891,1.65,1.00
2013.12.10 19:50:15.088,1.45869,1.45887,1.65,1.00
2013.12.10 19:50:15.594,1.45866,1.45882,1.00,1.00
2013.12.10 19:50:22.223,1.45866,1.45887,1.00,1.93
2013.12.10 19:50:22.545,1.45866,1.45882,1.00,1.00
2013.12.10 19:50:25.307,1.45866,1.45887,1.08,1.83
2013.12.10 19:50:25.467,1.45866,1.45887,1.15,1.00
2013.12.10 19:50:27.410,1.45868,1.45888,1.18,1.00
2013.12.10 19:50:35.631,1.45866,1.45887,1.90,1.00
2013.12.10 19:50:37.756,1.45869,1.45887,1.20,1.00
2013.12.10 19:50:38.326,1.45869,1.45888,1.20,1.00
2013.12.10 19:50:44.993,1.45873,1.45892,1.20,1.38
2013.12.10 19:50:45.631,1.45871,1.45892,1.28,1.50
2013.12.10 19:50:45.879,1.4587,1.45892,1.38,1.65
2013.12.10 19:50:45.981,1.45868,1.45889,1.55,1.00
2013.12.10 19:50:49.591,1.4587,1.45889,1.20,1.00
2013.12.10 19:50:50.275,1.45878,1.45889,1.00,1.00
2013.12.10 19:50:50.377,1.45878,1.45893,1.10,1.13
2013.12.10 19:50:53.122,1.45874,1.45892,1.58,1.00
2013.12.10 19:50:53.375,1.45874,1.45892,1.00,1.00
2013.12.10 19:50:54.241,1.45874,1.45892,1.50,1.00
2013.12.10 19:50:54.342,1.45874,1.45892,1.58,1.00
2013.12.10 19:50:54.843,1.45874,1.45896,2.40,1.50
2013.12.10 19:50:55.154,1.45874,1.45896,2.25,1.65
2013.12.10 19:50:56.035,1.45874,1.45896,2.40,1.50
2013.12.10 19:51:00.762,1.45874,1.45896,1.65,1.50
2013.12.10 19:51:14.101,1.45877,1.45897,1.58,1.38
2013.12.10 19:51:14.406,1.45877,1.45892,1.18,1.00
2013.12.10 19:51:15.595,1.45877,1.45892,1.00,1.00
2013.12.10 19:51:16.121,1.45877,1.45897,1.00,1.93
2013.12.10 19:51:20.407,1.45877,1.45892,1.00,1.00
2013.12.10 19:51:22.491,1.45877,1.45892,1.00,1.75
2013.12.10 19:51:22.592,1.45873,1.45885,1.13,1.00
2013.12.10 19:51:22.643,1.45873,1.45891,1.13,1.20
2013.12.10 19:51:22.796,1.45871,1.45891,1.13,1.13
2013.12.10 19:51:25.010,1.45871,1.45892,1.20,1.50
2013.12.10 19:51:32.881,1.45878,1.45892,1.00,1.00
2013.12.10 19:51:32.932,1.45878,1.45895,1.00,1.13
2013.12.10 19:51:33.478,1.45878,1.45899,1.18,1.75
2013.12.10 19:51:33.989,1.45878,1.45899,1.18,1.38
2013.12.10 19:51:42.241,1.45878,1.45898,1.18,1.38
2013.12.10 19:51:45.213,1.45878,1.45898,1.18,1.00
2013.12.10 19:51:52.099,1.45878,1.45899,1.28,1.13
2013.12.10 19:51:53.402,1.45878,1.45899,1.55,1.13
2013.12.10 19:52:01.122,1.45878,1.45898,1.95,1.13
2013.12.10 19:52:01.549,1.45878,1.45892,1.20,1.00
2013.12.10 19:52:06.762,1.45877,1.45892,1.53,1.00
2013.12.10 19:52:07.290,1.45878,1.45895,1.28,1.00
2013.12.10 19:52:09.131,1.45883,1.45895,1.00,1.00
2013.12.10 19:52:09.361,1.45878,1.45899,1.18,1.88
2013.12.10 19:52:09.889,1.45878,1.45899,1.00,2.40
2013.12.10 19:52:10.041,1.45888,1.45899,1.00,1.88
2013.12.10 19:52:10.143,1.45883,1.45894,1.00,1.00
2013.12.10 19:52:10.245,1.45883,1.45897,1.00,1.13
2013.12.10 19:52:10.652,1.45883,1.45899,1.00,1.50
2013.12.10 19:52:11.252,1.45883,1.45902,1.00,1.28
2013.12.10 19:52:12.578,1.45883,1.45902,1.75,1.15
2013.12.10 19:52:17.552,1.45883,1.45902,2.03,1.00
2013.12.10 19:52:23.420,1.45883,1.45902,1.18,1.00
2013.12.10 19:52:24.142,1.45883,1.45902,1.00,1.10
2013.12.10 19:52:26.289,1.45884,1.45902,1.00,1.10
2013.12.10 19:52:31.776,1.45883,1.45902,1.00,1.10
2013.12.10 19:52:36.186,1.45883,1.45902,1.28,1.00
2013.12.10 19:52:36.832,1.45884,1.45902,1.28,1.00
2013.12.10 19:52:40.431,1.45884,1.45902,1.28,1.38
2013.12.10 19:52:41.041,1.45885,1.45902,1.10,1.38
2013.12.10 19:52:46.428,1.45888,1.45904,1.00,1.38
2013.12.10 19:52:50.121,1.45888,1.45898,1.00,1.00
2013.12.10 19:52:50.223,1.45888,1.45904,1.00,1.55
2013.12.10 19:52:56.104,1.45888,1.45904,1.00,1.28
2013.12.10 19:52:56.658,1.45888,1.45904,1.00,1.13
2013.12.10 19:53:01.231,1.45888,1.45904,1.00,1.28
2013.12.10 19:53:02.302,1.45888,1.45904,1.00,1.20
2013.12.10 19:53:02.532,1.45888,1.45907,1.38,1.10
2013.12.10 19:53:02.633,1.45893,1.45908,1.00,1.18
2013.12.10 19:53:02.786,1.45893,1.45914,1.00,1.95
2013.12.10 19:53:02.836,1.45898,1.45914,1.00,1.88
2013.12.10 19:53:02.887,1.45898,1.45914,1.00,1.50
2013.12.10 19:53:05.487,1.45898,1.45917,1.13,1.48
2013.12.10 19:53:11.579,1.45898,1.45917,1.15,1.38
2013.12.10 19:53:12.453,1.45903,1.45919,1.00,1.38
2013.12.10 19:53:14.901,1.45903,1.45922,1.00,1.18
2013.12.10 19:53:17.075,1.45908,1.45924,1.00,1.28
2013.12.10 19:53:17.737,1.45908,1.45924,1.00,1.20
2013.12.10 19:53:17.788,1.45908,1.45924,1.00,1.13
2013.12.10 19:53:17.941,1.45903,1.45922,1.15,1.00
2013.12.10 19:53:18.521,1.45903,1.45922,1.08,1.00
2013.12.10 19:53:19.176,1.45903,1.45922,1.00,1.00
2013.12.10 19:53:19.827,1.45902,1.45917,1.88,1.00
2013.12.10 19:53:40.568,1.45902,1.45912,1.00,1.00
2013.12.10 19:53:42.128,1.45902,1.45917,1.00,1.00
2013.12.10 19:53:48.618,1.45903,1.45922,1.00,1.48
2013.12.10 19:53:49.367,1.45902,1.45917,1.00,1.00
2013.12.10 19:53:51.283,1.45903,1.45922,1.00,1.48
2013.12.10 19:53:54.319,1.45902,1.45917,1.00,1.00
2013.12.10 19:53:55.968,1.45903,1.45922,1.00,1.48
2013.12.10 19:54:00.031,1.45903,1.45922,1.00,1.53
2013.12.10 19:54:00.284,1.45902,1.45917,1.00,1.00
2013.12.10 19:54:14.901,1.45898,1.45917,1.28,1.00
2013.12.10 19:54:18.922,1.45898,1.45917,1.58,1.00
2013.12.10 19:54:21.707,1.45898,1.45912,1.58,1.00
2013.12.10 19:54:25.398,1.45898,1.45917,1.95,1.00
2013.12.10 19:54:30.806,1.45903,1.4592,1.20,1.13
2013.12.10 19:54:30.857,1.45903,1.45922,1.58,1.00
2013.12.10 19:54:30.958,1.45903,1.45922,2.33,1.00
2013.12.10 19:54:31.160,1.45908,1.45924,1.00,1.00
2013.12.10 19:54:31.708,1.45908,1.45927,1.00,1.88
2013.12.10 19:54:40.400,1.45913,1.45927,1.00,1.38
2013.12.10 19:54:43.033,1.45908,1.45927,1.65,1.88
2013.12.10 19:54:45.010,1.45908,1.45927,1.58,1.88
2013.12.10 19:54:45.061,1.45908,1.45927,1.50,1.88
2013.12.10 19:54:45.430,1.45905,1.45927,1.58,1.95
2013.12.10 19:54:45.989,1.45905,1.45927,1.50,2.03
2013.12.10 19:54:46.040,1.45905,1.45927,1.50,2.03
2013.12.10 19:54:47.989,1.45908,1.45927,1.00,1.65
2013.12.10 19:54:48.292,1.45909,1.45927,1.28,1.00
2013.12.10 19:54:48.498,1.45909,1.4593,1.65,1.38
2013.12.10 19:54:52.184,1.4591,1.4593,1.28,1.38
2013.12.10 19:54:54.120,1.4591,1.45922,1.28,1.00
2013.12.10 19:54:54.221,1.45908,1.4593,2.40,1.50
2013.12.10 19:54:54.272,1.45908,1.45926,1.50,1.00
2013.12.10 19:54:54.778,1.45907,1.45922,1.50,1.00
2013.12.10 19:54:55.032,1.45907,1.45927,1.50,1.28
2013.12.10 19:54:56.876,1.45907,1.45925,1.00,1.28
2013.12.10 19:54:57.588,1.45907,1.45922,1.00,1.00
2013.12.10 19:54:58.795,1.45904,1.45922,1.00,1.00
2013.12.10 19:54:59.298,1.45904,1.45922,1.00,1.50
2013.12.10 19:55:00.218,1.45904,1.45922,1.00,1.00
2013.12.10 19:55:01.711,1.45904,1.45926,1.00,1.53
2013.12.10 19:55:02.095,1.45904,1.45924,1.00,1.20
2013.12.10 19:55:02.215,1.45904,1.45926,1.18,1.48
2013.12.10 19:55:03.403,1.45904,1.45926,1.00,2.33
2013.12.10 19:55:11.103,1.45904,1.45922,1.88,1.10
2013.12.10 19:55:12.096,1.45904,1.45922,1.38,1.10
2013.12.10 19:55:13.262,1.45913,1.45926,1.00,1.95
2013.12.10 19:55:23.026,1.45913,1.45926,1.00,1.13
2013.12.10 19:55:23.263,1.45908,1.45926,1.93,1.00
2013.12.10 19:55:23.978,1.45908,1.45926,1.00,1.10
2013.12.10 19:55:25.093,1.45908,1.45926,1.00,1.15
2013.12.10 19:55:32.177,1.45908,1.45926,1.00,1.10
2013.12.10 19:55:33.817,1.45904,1.45922,1.55,1.00
2013.12.10 19:55:34.358,1.45904,1.45922,1.38,1.18
2013.12.10 19:55:35.150,1.45908,1.45924,1.00,1.15
2013.12.10 19:55:37.800,1.45913,1.45924,1.00,1.15
2013.12.10 19:55:37.851,1.45913,1.45924,1.00,1.00
2013.12.10 19:55:38.003,1.45907,1.45922,1.50,1.00
2013.12.10 19:55:38.156,1.45908,1.45927,1.00,2.03
2013.12.10 19:55:38.462,1.45911,1.45927,1.00,1.38
2013.12.10 19:55:41.534,1.45911,1.45927,1.13,1.13
2013.12.10 19:55:49.050,1.45913,1.45927,1.13,1.13
2013.12.10 19:55:56.976,1.45914,1.45932,1.50,1.38
2013.12.10 19:56:03.914,1.45914,1.45932,1.00,1.38
2013.12.10 19:56:07.649,1.45914,1.45932,1.08,1.38
2013.12.10 19:56:08.353,1.45914,1.45932,1.58,1.38
2013.12.10 19:56:10.421,1.45914,1.45932,1.18,1.38
2013.12.10 19:56:10.472,1.45914,1.45932,1.10,1.38
2013.12.10 19:56:11.944,1.45914,1.45932,1.10,1.00
2013.12.10 19:56:39.443,1.45917,1.45936,1.00,2.03
2013.12.10 19:56:42.473,1.45915,1.45936,1.00,2.03
2013.12.10 19:56:43.073,1.45915,1.45936,1.00,2.03
2013.12.10 19:56:45.443,1.45914,1.45936,1.88,1.28
2013.12.10 19:56:52.927,1.45914,1.45937,1.88,1.53
2013.12.10 19:56:55.895,1.45914,1.45937,1.13,1.53
2013.12.10 19:56:56.099,1.45917,1.45937,1.00,1.53
2013.12.10 19:56:56.428,1.45918,1.45939,1.18,1.50
2013.12.10 19:56:58.258,1.45918,1.45939,1.18,1.50
2013.12.10 19:56:58.864,1.45917,1.45937,1.15,1.00
2013.12.10 19:57:19.443,1.45918,1.45937,1.50,1.50
2013.12.10 19:57:25.384,1.45918,1.45937,1.50,1.00
2013.12.10 19:57:42.642,1.45917,1.45937,1.00,1.58
2013.12.10 19:57:43.421,1.45917,1.45937,1.00,1.95
2013.12.10 19:57:44.526,1.45916,1.45932,1.10,1.00
2013.12.10 19:57:58.152,1.45915,1.45934,1.18,1.00
2013.12.10 19:57:58.408,1.45915,1.45934,1.18,1.38
2013.12.10 19:58:00.044,1.45918,1.45934,1.00,1.38
2013.12.10 19:58:08.513,1.45916,1.45937,1.00,1.53
2013.12.10 19:58:09.030,1.45915,1.45937,1.00,1.53
2013.12.10 19:58:13.404,1.45915,1.45937,1.00,1.53
2013.12.10 19:58:26.243,1.45916,1.45937,1.00,1.53
2013.12.10 19:58:36.121,1.45918,1.45938,1.00,1.20
2013.12.10 19:58:41.449,1.45918,1.45937,1.00,1.20
2013.12.10 19:58:52.215,1.45917,1.45937,1.00,1.95
2013.12.10 19:58:59.593,1.45918,1.45937,1.00,1.20
2013.12.10 19:59:00.330,1.45914,1.45937,1.13,2.70
2013.12.10 19:59:01.507,1.45914,1.45933,1.00,1.08
2013.12.10 19:59:01.616,1.45914,1.45933,1.00,1.85
2013.12.10 19:59:07.138,1.45913,1.45933,1.88,2.25
2013.12.10 19:59:17.191,1.45913,1.45933,1.00,1.95
2013.12.10 19:59:17.271,1.45913,1.45933,1.00,1.55
2013.12.10 19:59:18.344,1.45913,1.45932,1.00,1.20
2013.12.10 19:59:18.648,1.45911,1.45931,1.00,1.58
2013.12.10 19:59:20.195,1.45908,1.4593,1.88,2.03
2013.12.10 19:59:20.575,1.45908,1.45929,1.88,1.50
2013.12.10 19:59:28.746,1.45908,1.45929,1.50,1.88
2013.12.10 19:59:32.078,1.45905,1.45922,2.25,1.00
2013.12.10 19:59:32.381,1.45905,1.45921,1.38,1.18
2013.12.10 19:59:32.941,1.45905,1.45921,1.38,1.00
2013.12.10 19:59:32.992,1.45903,1.45921,1.18,1.00
2013.12.10 19:59:33.507,1.45903,1.45922,1.18,1.00
2013.12.10 19:59:33.823,1.45903,1.45917,1.18,1.00
2013.12.10 19:59:35.132,1.45903,1.45912,1.18,1.00
2013.12.10 19:59:35.334,1.45903,1.45922,1.00,2.78
2013.12.10 19:59:36.690,1.45904,1.45925,1.00,1.95
2013.12.10 19:59:36.892,1.45904,1.45925,1.00,1.95
2013.12.10 19:59:38.761,1.45903,1.45922,1.10,1.38
2013.12.10 19:59:40.362,1.45903,1.45922,1.85,1.38
2013.12.10 19:59:40.414,1.45904,1.45925,1.38,1.10
2013.12.10 19:59:41.410,1.45908,1.45925,1.00,1.10
2013.12.10 19:59:48.257,1.45908,1.45928,1.00,1.48
2013.12.10 19:59:49.181,1.45908,1.45922,1.00,1.00
2013.12.10 19:59:49.835,1.45908,1.45921,1.00,1.00
2013.12.10 19:59:50.039,1.45908,1.45924,1.00,1.00
2013.12.10 19:59:51.081,1.45913,1.45924,1.00,1.00
2013.12.10 19:59:51.412,1.45907,1.45922,1.10,1.00
2013.12.10 19:59:51.962,1.45908,1.45922,1.00,1.00
2013.12.10 19:59:52.709,1.45908,1.45923,1.00,1.00
2013.12.10 19:59:52.811,1.45908,1.45927,1.00,1.38
2013.12.10 19:59:53.330,1.45907,1.45927,1.20,1.38
2013.12.10 19:59:54.193,1.45908,1.45929,1.00,1.55
2013.12.10 19:59:55.367,1.45908,1.45929,1.13,1.18
2013.12.10 19:59:57.644,1.45908,1.45929,1.00,2.70
2013.12.10 19:59:58.074,1.45908,1.45925,1.00,1.45
2013.12.10 19:59:58.226,1.45908,1.45928,1.00,1.20
2013.12.10 19:59:59.551,1.45907,1.45928,1.00,1.20
