2013.10.08 19:00:00.238,1.45438,1.45459,1.13,1.13
2013.10.08 19:00:00.543,1.45433,1.4546,2.25,2.07
2013.10.08 19:00:01.538,1.45433,1.45457,2.25,1.50
2013.10.08 19:00:02.311,1.45432,1.45456,1.50,1.69
2013.10.08 19:00:02.431,1.45428,1.45456,2.25,2.44
2013.10.08 19:00:02.673,1.45429,1.45456,1.50,1.69
2013.10.08 19:00:02.861,1.4543,1.45452,1.13,1.50
2013.10.08 19:00:03.046,1.4543,1.45456,1.88,1.50
2013.10.08 19:00:03.517,1.4543,1.45452,1.13,1.50
2013.10.08 19:00:06.205,1.45428,1.45452,2.63,2.25
2013.10.08 19:00:06.271,1.45424,1.45451,3.19,1.50
2013.10.08 19:00:06.331,1.45423,1.45448,1.69,1.50
2013.10.08 19:00:06.393,1.45422,1.45448,1.32,1.50
2013.10.08 19:00:08.351,1.4542,1.45444,1.13,2.25
2013.10.08 19:00:10.421,1.45422,1.45444,3.75,1.50
2013.10.08 19:00:12.816,1.45422,1.45442,1.88,2.63
2013.10.08 19:00:12.882,1.45419,1.45438,1.50,1.13
2013.10.08 19:00:13.194,1.45419,1.4544,1.50,1.50
2013.10.08 19:00:13.262,1.45419,1.45443,1.50,1.50
2013.10.08 19:00:13.571,1.45422,1.45447,1.50,2.07
2013.10.08 19:00:13.630,1.45423,1.45447,1.50,1.32
2013.10.08 19:00:21.131,1.45426,1.45449,1.50,1.13
2013.10.08 19:00:23.991,1.45426,1.45453,1.50,2.82
2013.10.08 19:00:25.601,1.45431,1.45453,1.50,1.50
2013.10.08 19:00:26.234,1.45427,1.45453,1.50,3.00
2013.10.08 19:00:26.421,1.45426,1.45452,1.50,1.50
2013.10.08 19:00:26.480,1.45426,1.45452,2.25,1.50
2013.10.08 19:00:30.731,1.45436,1.45454,1.13,1.13
2013.10.08 19:00:30.791,1.45436,1.45458,1.13,1.50
2013.10.08 19:00:30.851,1.45436,1.45463,1.13,1.13
2013.10.08 19:00:31.218,1.45438,1.45464,1.50,1.69
2013.10.08 19:00:31.730,1.45439,1.45467,1.50,1.13
2013.10.08 19:00:32.853,1.45439,1.45467,1.69,1.50
2013.10.08 19:00:32.922,1.45443,1.45471,2.25,1.88
2013.10.08 19:00:33.281,1.4544,1.45467,1.50,1.50
2013.10.08 19:00:43.194,1.45436,1.45464,1.88,2.25
2013.10.08 19:00:43.725,1.45436,1.45464,1.88,1.50
2013.10.08 19:00:46.070,1.45442,1.45464,1.50,1.50
2013.10.08 19:00:48.690,1.45442,1.45464,1.50,2.07
2013.10.08 19:00:51.441,1.45439,1.45462,1.50,1.32
2013.10.08 19:00:51.561,1.45439,1.4546,1.50,1.50
2013.10.08 19:00:51.681,1.4544,1.45461,1.50,1.13
2013.10.08 19:00:51.802,1.45441,1.45462,1.50,1.50
2013.10.08 19:00:52.100,1.45438,1.45463,1.88,1.32
2013.10.08 19:00:53.170,1.45438,1.45465,1.88,1.88
2013.10.08 19:00:53.652,1.45438,1.45465,2.25,1.50
2013.10.08 19:00:56.651,1.45438,1.45465,1.50,1.50
2013.10.08 19:00:57.440,1.45438,1.45462,1.50,2.25
2013.10.08 19:00:57.500,1.45438,1.4546,1.50,1.13
2013.10.08 19:00:57.804,1.45434,1.45454,1.13,2.96
2013.10.08 19:01:01.144,1.45432,1.45454,1.88,1.50
2013.10.08 19:01:01.330,1.45432,1.45459,1.88,4.20
2013.10.08 19:01:01.390,1.45432,1.45462,1.88,3.00
2013.10.08 19:01:02.298,1.45432,1.4546,1.88,1.13
2013.10.08 19:01:02.600,1.45432,1.45453,1.88,1.73
2013.10.08 19:01:03.694,1.45432,1.45447,3.00,1.73
2013.10.08 19:01:04.242,1.45428,1.45448,1.50,1.73
2013.10.08 19:01:04.782,1.45427,1.45446,1.13,1.73
2013.10.08 19:01:05.173,1.45427,1.45446,1.13,1.73
2013.10.08 19:01:07.521,1.45428,1.45446,1.88,1.73
2013.10.08 19:01:08.812,1.45426,1.45446,1.69,1.73
2013.10.08 19:01:08.872,1.45426,1.45446,1.50,1.73
2013.10.08 19:01:08.933,1.45425,1.45442,2.63,1.50
2013.10.08 19:01:09.277,1.45418,1.45444,1.88,1.32
2013.10.08 19:01:09.403,1.45418,1.45444,1.88,1.32
2013.10.08 19:01:09.710,1.45415,1.45444,1.88,1.32
2013.10.08 19:01:09.990,1.45417,1.45443,1.50,1.32
2013.10.08 19:01:10.564,1.45415,1.45443,1.88,1.32
2013.10.08 19:01:15.221,1.45417,1.45442,1.50,1.50
2013.10.08 19:01:15.583,1.45419,1.45446,1.13,1.92
2013.10.08 19:01:15.901,1.45424,1.45446,1.13,1.73
2013.10.08 19:01:16.205,1.45427,1.45446,1.50,1.73
2013.10.08 19:01:17.693,1.45427,1.45446,1.50,1.73
2013.10.08 19:01:17.880,1.45425,1.45446,1.13,1.73
2013.10.08 19:01:18.560,1.45425,1.45446,1.88,1.73
2013.10.08 19:01:21.259,1.45425,1.45446,1.50,1.73
2013.10.08 19:01:21.339,1.45428,1.45446,1.50,1.73
2013.10.08 19:01:21.412,1.45426,1.45446,1.13,1.73
2013.10.08 19:01:21.961,1.4543,1.45446,3.00,1.73
2013.10.08 19:01:22.264,1.45429,1.45446,1.50,1.67
2013.10.08 19:01:22.391,1.45428,1.45446,1.69,1.67
2013.10.08 19:01:22.911,1.45425,1.45446,1.13,1.67
2013.10.08 19:01:23.151,1.45424,1.45446,1.13,1.67
2013.10.08 19:01:23.332,1.45425,1.45446,1.50,1.67
2013.10.08 19:01:23.672,1.45426,1.45446,1.50,1.67
2013.10.08 19:01:26.741,1.45426,1.45442,1.88,1.50
2013.10.08 19:01:27.102,1.45428,1.45446,1.13,1.67
2013.10.08 19:01:27.641,1.45422,1.45446,1.13,1.67
2013.10.08 19:01:27.942,1.45428,1.45446,1.13,1.67
2013.10.08 19:01:28.481,1.45427,1.45446,1.69,1.67
2013.10.08 19:01:28.841,1.45423,1.45446,1.13,1.67
2013.10.08 19:01:29.201,1.45421,1.45446,1.13,1.67
2013.10.08 19:01:30.171,1.45423,1.45446,2.25,1.67
2013.10.08 19:01:30.591,1.45424,1.45446,1.13,1.67
2013.10.08 19:01:31.130,1.45422,1.45446,1.13,1.67
2013.10.08 19:01:31.738,1.45428,1.45446,1.13,1.67
2013.10.08 19:01:33.383,1.45427,1.45446,1.13,1.67
2013.10.08 19:01:33.874,1.45428,1.45446,1.13,1.67
2013.10.08 19:01:34.660,1.45429,1.45446,2.82,1.67
2013.10.08 19:01:36.654,1.4543,1.45446,1.69,1.54
2013.10.08 19:01:37.331,1.45429,1.45446,1.69,1.54
2013.10.08 19:01:38.780,1.4543,1.45446,1.32,1.54
2013.10.08 19:01:38.901,1.45433,1.45446,1.13,1.54
2013.10.08 19:01:38.962,1.45432,1.45446,1.50,1.54
2013.10.08 19:01:41.101,1.45428,1.45452,2.25,1.50
2013.10.08 19:01:41.761,1.45425,1.45447,1.50,1.50
2013.10.08 19:01:42.881,1.45428,1.45452,1.69,1.88
2013.10.08 19:01:48.852,1.45428,1.45452,1.88,1.50
2013.10.08 19:01:53.989,1.45428,1.45447,1.50,1.13
2013.10.08 19:01:54.175,1.45427,1.45447,2.25,1.13
2013.10.08 19:01:54.242,1.45426,1.45447,1.13,1.13
2013.10.08 19:01:54.362,1.45426,1.45447,1.13,1.13
2013.10.08 19:01:54.601,1.45426,1.45447,1.13,1.13
2013.10.08 19:01:54.962,1.45423,1.45447,1.50,1.32
2013.10.08 19:01:55.790,1.45423,1.45447,1.50,1.32
2013.10.08 19:01:56.751,1.45423,1.45447,1.50,1.32
2013.10.08 19:01:56.870,1.45423,1.45447,1.50,1.32
2013.10.08 19:01:57.870,1.45423,1.45447,1.50,1.13
2013.10.08 19:01:58.216,1.45423,1.45447,1.50,1.13
2013.10.08 19:01:59.942,1.45423,1.45447,1.50,1.13
2013.10.08 19:02:00.051,1.45423,1.45447,1.50,1.13
2013.10.08 19:02:01.501,1.45423,1.45445,1.50,1.13
2013.10.08 19:02:01.801,1.45427,1.45449,1.50,1.88
2013.10.08 19:02:03.253,1.45427,1.45449,1.50,1.13
2013.10.08 19:02:03.889,1.45423,1.45447,1.69,1.13
2013.10.08 19:02:04.261,1.45427,1.45449,1.50,1.88
2013.10.08 19:02:05.220,1.45424,1.45447,1.13,1.13
2013.10.08 19:02:05.282,1.45424,1.45447,1.13,1.13
2013.10.08 19:02:05.461,1.45427,1.45449,1.50,1.13
2013.10.08 19:02:10.831,1.45427,1.45452,1.50,1.88
2013.10.08 19:02:21.424,1.45423,1.45449,1.50,1.88
2013.10.08 19:02:43.632,1.45427,1.45452,1.69,1.50
2013.10.08 19:02:43.751,1.45432,1.45452,1.50,1.50
2013.10.08 19:02:44.291,1.45432,1.45457,1.13,1.50
2013.10.08 19:02:45.856,1.45432,1.45458,1.88,1.50
2013.10.08 19:02:50.121,1.45433,1.45458,2.82,1.50
2013.10.08 19:02:50.665,1.45437,1.45462,1.88,1.50
2013.10.08 19:02:51.861,1.45437,1.45462,2.07,1.50
2013.10.08 19:02:55.093,1.45438,1.45462,1.69,1.50
2013.10.08 19:02:55.595,1.45438,1.45467,1.69,1.13
2013.10.08 19:02:56.101,1.45438,1.45467,1.69,1.13
2013.10.08 19:02:56.362,1.45438,1.45466,1.69,1.50
2013.10.08 19:03:06.151,1.45444,1.45466,1.13,1.50
2013.10.08 19:03:06.273,1.45448,1.45469,1.13,1.50
2013.10.08 19:03:06.400,1.45445,1.45472,3.00,1.13
2013.10.08 19:03:07.137,1.45444,1.45467,1.69,1.50
2013.10.08 19:03:15.261,1.45447,1.45472,1.50,1.88
2013.10.08 19:03:15.441,1.45448,1.4547,1.50,1.50
2013.10.08 19:03:25.770,1.45443,1.45467,1.50,1.50
2013.10.08 19:03:26.261,1.45443,1.45466,1.50,1.13
2013.10.08 19:03:26.321,1.45443,1.45465,2.25,1.50
2013.10.08 19:03:26.441,1.45443,1.45467,2.25,1.88
2013.10.08 19:03:26.561,1.45443,1.45466,1.50,1.88
2013.10.08 19:03:26.621,1.45439,1.45466,1.50,1.88
2013.10.08 19:03:26.681,1.45435,1.45462,3.94,1.50
2013.10.08 19:03:26.850,1.45439,1.45466,1.50,1.88
2013.10.08 19:03:28.401,1.45438,1.45462,1.50,3.00
2013.10.08 19:03:28.461,1.45435,1.45462,1.50,2.25
2013.10.08 19:03:28.994,1.45438,1.45461,1.50,1.50
2013.10.08 19:03:44.164,1.45438,1.45464,1.50,1.13
2013.10.08 19:03:44.473,1.45438,1.45464,1.50,1.13
2013.10.08 19:03:45.710,1.45438,1.45462,2.07,1.50
2013.10.08 19:03:45.772,1.45443,1.45462,1.13,1.50
2013.10.08 19:03:46.131,1.45443,1.45466,1.13,1.13
2013.10.08 19:03:46.932,1.45438,1.45465,2.82,1.50
2013.10.08 19:03:59.651,1.45435,1.45461,1.50,1.50
2013.10.08 19:04:01.711,1.45439,1.45462,1.50,3.00
2013.10.08 19:04:02.470,1.45438,1.45462,2.25,3.75
2013.10.08 19:04:10.961,1.45439,1.4546,1.50,1.13
2013.10.08 19:04:18.831,1.45439,1.45462,1.50,1.88
2013.10.08 19:04:19.011,1.45439,1.45462,1.50,1.88
2013.10.08 19:04:19.132,1.45438,1.45462,2.25,2.63
2013.10.08 19:04:20.080,1.45438,1.45459,1.50,1.50
2013.10.08 19:04:20.621,1.45431,1.45455,2.63,1.50
2013.10.08 19:04:21.470,1.45431,1.45454,3.38,2.25
2013.10.08 19:04:23.172,1.45431,1.45453,2.25,1.13
2013.10.08 19:04:38.281,1.45431,1.45453,1.50,2.44
2013.10.08 19:04:39.031,1.45428,1.45452,1.50,1.50
2013.10.08 19:04:39.271,1.45428,1.45449,1.50,1.50
2013.10.08 19:04:39.331,1.45427,1.45449,1.50,2.25
2013.10.08 19:04:41.931,1.45427,1.45451,1.50,1.50
2013.10.08 19:04:42.111,1.45427,1.4545,1.50,1.50
2013.10.08 19:04:43.171,1.4543,1.45453,1.69,1.13
2013.10.08 19:04:44.540,1.45432,1.45454,1.50,1.50
2013.10.08 19:04:47.461,1.45432,1.45454,1.50,1.50
2013.10.08 19:04:52.710,1.45432,1.45453,1.50,1.50
2013.10.08 19:04:53.011,1.45432,1.45454,1.88,1.50
2013.10.08 19:04:53.911,1.45433,1.45461,2.25,1.50
2013.10.08 19:04:54.971,1.45438,1.4546,1.88,1.50
2013.10.08 19:04:55.332,1.45445,1.45466,1.32,1.13
2013.10.08 19:04:55.691,1.45445,1.45466,1.32,1.13
2013.10.08 19:04:58.300,1.45445,1.45467,1.32,3.00
2013.10.08 19:05:00.391,1.45446,1.45467,1.32,2.25
2013.10.08 19:05:03.700,1.45443,1.45467,3.38,3.00
2013.10.08 19:05:03.940,1.45445,1.45467,1.69,2.25
2013.10.08 19:05:04.241,1.45448,1.4547,1.32,1.50
2013.10.08 19:05:05.690,1.45446,1.4547,2.82,1.13
2013.10.08 19:05:16.961,1.45446,1.45467,1.69,1.13
2013.10.08 19:05:23.131,1.45445,1.45467,1.50,1.13
2013.10.08 19:05:23.432,1.45439,1.45465,1.13,1.13
2013.10.08 19:05:24.661,1.45439,1.45462,1.88,1.13
2013.10.08 19:05:25.411,1.45439,1.45462,1.50,1.13
2013.10.08 19:05:25.592,1.45439,1.45461,1.50,1.13
2013.10.08 19:05:27.450,1.45439,1.45461,1.50,1.88
2013.10.08 19:05:27.570,1.45439,1.45461,1.50,1.88
2013.10.08 19:05:27.630,1.45439,1.45461,1.50,1.88
2013.10.08 19:05:29.461,1.45439,1.45461,1.50,1.88
2013.10.08 19:05:29.521,1.45439,1.45461,1.50,4.13
2013.10.08 19:05:29.642,1.45436,1.45456,1.50,1.50
2013.10.08 19:05:30.170,1.45432,1.45457,1.13,1.13
2013.10.08 19:05:30.601,1.45432,1.45456,1.13,1.13
2013.10.08 19:05:50.481,1.45431,1.45454,1.50,1.88
2013.10.08 19:05:54.201,1.45431,1.45454,1.50,1.13
2013.10.08 19:06:22.472,1.45432,1.45459,1.88,1.50
2013.10.08 19:06:30.632,1.45432,1.4546,1.88,3.00
2013.10.08 19:06:40.181,1.45432,1.4546,1.88,2.25
2013.10.08 19:07:03.411,1.45432,1.45459,1.13,1.50
2013.10.08 19:07:04.330,1.45432,1.45459,1.13,1.50
2013.10.08 19:07:04.451,1.45431,1.45458,1.88,1.13
2013.10.08 19:07:05.901,1.45431,1.45458,1.50,1.13
2013.10.08 19:07:09.284,1.45431,1.45457,1.50,1.13
2013.10.08 19:07:09.732,1.45431,1.45455,1.50,1.13
2013.10.08 19:07:10.092,1.45426,1.45449,1.13,1.69
2013.10.08 19:07:10.621,1.45426,1.45447,1.13,1.50
2013.10.08 19:07:11.413,1.45426,1.45446,1.13,1.50
2013.10.08 19:07:11.861,1.45426,1.45447,1.13,1.50
2013.10.08 19:07:13.791,1.45423,1.45447,2.25,1.13
2013.10.08 19:07:20.321,1.45423,1.45447,1.50,1.13
2013.10.08 19:07:20.562,1.45418,1.45446,2.44,1.88
2013.10.08 19:07:20.861,1.45418,1.45446,1.69,2.25
2013.10.08 19:07:21.301,1.45418,1.45443,2.44,1.13
2013.10.08 19:07:52.912,1.45418,1.45441,1.50,1.50
2013.10.08 19:07:53.510,1.45418,1.4544,1.50,1.50
2013.10.08 19:07:57.684,1.45419,1.4544,1.50,1.50
2013.10.08 19:07:57.753,1.45418,1.4544,1.50,1.50
2013.10.08 19:07:58.261,1.45415,1.45441,1.50,2.63
2013.10.08 19:07:59.331,1.45418,1.45441,1.50,2.63
2013.10.08 19:08:00.084,1.45418,1.45441,1.50,2.63
2013.10.08 19:08:01.523,1.45418,1.45441,2.25,1.32
2013.10.08 19:08:21.426,1.45419,1.45447,1.13,1.88
2013.10.08 19:08:30.652,1.45419,1.45447,1.13,1.88
2013.10.08 19:08:35.511,1.45419,1.45444,1.13,1.50
2013.10.08 19:08:36.271,1.45419,1.45444,1.13,1.88
2013.10.08 19:08:38.522,1.45419,1.45444,1.13,1.88
2013.10.08 19:08:44.291,1.45418,1.45445,1.88,2.82
2013.10.08 19:08:44.657,1.45418,1.45442,1.88,1.13
2013.10.08 19:08:46.297,1.45418,1.45444,1.88,1.88
2013.10.08 19:08:46.421,1.45418,1.45442,1.88,1.13
2013.10.08 19:08:46.661,1.45418,1.45444,1.88,1.88
2013.10.08 19:08:48.402,1.45418,1.45441,1.88,1.88
2013.10.08 19:08:48.947,1.45414,1.45441,1.50,2.63
2013.10.08 19:08:50.391,1.45413,1.45441,2.63,1.50
2013.10.08 19:09:00.411,1.45414,1.45441,1.50,1.13
2013.10.08 19:09:00.531,1.45414,1.45442,1.50,2.63
2013.10.08 19:09:03.862,1.45415,1.45441,1.50,3.19
2013.10.08 19:09:08.723,1.45415,1.45434,1.50,1.50
2013.10.08 19:09:29.621,1.45415,1.45436,1.50,1.50
2013.10.08 19:09:30.451,1.45412,1.4544,1.88,1.50
2013.10.08 19:09:30.901,1.45415,1.45442,1.50,1.13
2013.10.08 19:09:31.441,1.45418,1.45442,1.50,1.88
2013.10.08 19:09:35.122,1.45418,1.45442,1.50,1.50
2013.10.08 19:09:46.731,1.45418,1.45443,1.50,1.50
2013.10.08 19:09:48.082,1.45418,1.45443,1.88,1.50
2013.10.08 19:09:54.603,1.45418,1.45443,1.50,1.50
2013.10.08 19:09:54.722,1.45418,1.4544,1.50,1.13
2013.10.08 19:10:22.031,1.45418,1.45437,1.13,1.13
2013.10.08 19:10:22.571,1.45419,1.45441,1.13,1.32
2013.10.08 19:10:24.651,1.45419,1.45444,1.50,1.13
2013.10.08 19:10:38.672,1.45418,1.4544,1.88,1.13
2013.10.08 19:10:38.793,1.45418,1.45437,1.13,2.25
2013.10.08 19:10:39.151,1.45408,1.45428,2.70,1.13
2013.10.08 19:10:46.944,1.45408,1.45428,4.20,1.13
2013.10.08 19:10:47.302,1.4541,1.45428,1.13,1.13
2013.10.08 19:10:47.663,1.4541,1.4543,1.13,1.50
2013.10.08 19:10:48.695,1.45412,1.45434,1.13,1.69
2013.10.08 19:10:48.763,1.45416,1.45438,1.32,1.50
2013.10.08 19:10:48.945,1.45416,1.45442,1.32,2.25
2013.10.08 19:10:49.013,1.45416,1.45442,1.13,2.63
2013.10.08 19:10:49.442,1.45415,1.45435,1.13,2.25
2013.10.08 19:10:50.584,1.45416,1.45435,1.13,1.50
2013.10.08 19:10:50.892,1.45416,1.4544,1.13,1.13
2013.10.08 19:10:55.385,1.45421,1.45444,1.69,1.13
2013.10.08 19:10:55.513,1.4543,1.45445,1.13,1.50
2013.10.08 19:10:55.633,1.4543,1.45449,1.13,1.50
2013.10.08 19:10:55.872,1.45428,1.45449,1.13,1.50
2013.10.08 19:10:56.171,1.45428,1.45452,1.13,1.50
2013.10.08 19:10:57.342,1.4543,1.45453,1.13,2.25
2013.10.08 19:10:57.822,1.4543,1.45452,1.13,1.50
2013.10.08 19:11:04.073,1.45427,1.45451,1.50,1.13
2013.10.08 19:11:04.192,1.45427,1.45448,1.50,1.50
2013.10.08 19:11:04.668,1.45427,1.45448,1.50,1.50
2013.10.08 19:11:05.802,1.45423,1.45447,1.50,1.50
2013.10.08 19:11:06.961,1.4542,1.45447,1.69,1.50
2013.10.08 19:11:07.321,1.45419,1.45444,1.32,1.50
2013.10.08 19:11:08.021,1.45418,1.45443,2.07,1.50
2013.10.08 19:11:08.142,1.45418,1.45443,1.32,1.50
2013.10.08 19:11:08.571,1.45418,1.45443,1.32,1.50
2013.10.08 19:11:09.061,1.45418,1.45443,1.13,1.50
2013.10.08 19:11:11.211,1.4542,1.45443,1.50,1.50
2013.10.08 19:11:12.471,1.45423,1.45443,1.50,1.13
2013.10.08 19:11:13.062,1.4542,1.45443,1.50,1.13
2013.10.08 19:11:18.812,1.45419,1.45444,1.50,1.50
2013.10.08 19:11:18.932,1.45422,1.45447,1.13,2.25
2013.10.08 19:11:18.993,1.45425,1.45447,1.13,1.50
2013.10.08 19:11:19.473,1.45423,1.45447,2.07,2.25
2013.10.08 19:11:19.605,1.45424,1.4545,1.69,1.13
2013.10.08 19:11:23.622,1.45426,1.4545,1.13,1.13
2013.10.08 19:11:38.142,1.45423,1.4545,1.50,2.25
2013.10.08 19:11:38.441,1.45421,1.45445,1.50,1.50
2013.10.08 19:11:40.903,1.45424,1.45443,1.13,1.13
2013.10.08 19:11:40.963,1.45421,1.45446,2.25,1.13
2013.10.08 19:11:41.142,1.45421,1.45443,1.50,1.50
2013.10.08 19:11:41.202,1.45421,1.4544,1.50,1.13
2013.10.08 19:11:42.161,1.45418,1.4544,1.88,1.50
2013.10.08 19:11:49.222,1.45418,1.4544,1.50,1.50
2013.10.08 19:11:50.353,1.45418,1.4544,1.50,1.88
2013.10.08 19:11:52.941,1.45414,1.45439,3.00,1.13
2013.10.08 19:11:55.731,1.45415,1.45436,1.13,1.50
2013.10.08 19:11:56.676,1.45414,1.4544,3.75,1.88
2013.10.08 19:11:56.803,1.45413,1.45435,1.13,1.13
2013.10.08 19:11:57.141,1.4541,1.4543,1.13,1.50
2013.10.08 19:11:58.642,1.4541,1.45433,1.50,1.69
2013.10.08 19:11:58.825,1.4541,1.45432,1.50,1.88
2013.10.08 19:11:59.144,1.4541,1.4543,1.50,1.50
2013.10.08 19:12:00.212,1.4541,1.4543,1.50,1.50
2013.10.08 19:12:01.392,1.45408,1.4543,1.13,1.50
2013.10.08 19:12:01.732,1.45408,1.4543,1.88,1.50
2013.10.08 19:12:06.392,1.4541,1.45431,2.70,1.50
2013.10.08 19:12:08.692,1.4541,1.4543,1.95,1.50
2013.10.08 19:12:09.296,1.4541,1.45429,1.95,1.13
2013.10.08 19:12:10.363,1.4541,1.45429,1.95,1.50
2013.10.08 19:12:11.831,1.4541,1.45428,1.95,1.13
2013.10.08 19:12:12.175,1.4541,1.45427,2.70,1.32
2013.10.08 19:12:12.243,1.4541,1.45427,2.70,1.13
2013.10.08 19:12:12.364,1.4541,1.45431,2.70,1.50
2013.10.08 19:12:12.552,1.4541,1.45433,1.95,1.88
2013.10.08 19:12:12.673,1.4541,1.45433,2.70,1.13
2013.10.08 19:12:12.993,1.45412,1.45434,1.50,2.25
2013.10.08 19:12:13.174,1.4541,1.45433,2.70,1.50
2013.10.08 19:12:13.719,1.4541,1.45434,2.70,2.25
2013.10.08 19:12:17.495,1.45412,1.45434,1.50,2.25
2013.10.08 19:12:17.622,1.45411,1.45433,1.13,1.50
2013.10.08 19:12:18.153,1.45411,1.45434,1.13,2.25
2013.10.08 19:12:25.244,1.45412,1.45434,1.50,2.25
2013.10.08 19:12:27.715,1.4541,1.45433,2.70,1.50
2013.10.08 19:12:28.315,1.45412,1.45434,1.50,2.25
2013.10.08 19:12:34.153,1.45412,1.45434,1.50,2.25
2013.10.08 19:12:53.421,1.45415,1.45435,1.50,1.50
2013.10.08 19:12:54.259,1.45415,1.45436,1.50,1.50
2013.10.08 19:12:59.694,1.45413,1.45436,1.50,1.50
2013.10.08 19:13:00.663,1.4541,1.45435,3.08,1.50
2013.10.08 19:13:00.926,1.45413,1.45436,1.50,1.50
2013.10.08 19:13:01.332,1.45415,1.45436,1.50,1.50
2013.10.08 19:13:01.633,1.45411,1.45432,1.50,1.50
2013.10.08 19:13:09.113,1.45413,1.45432,1.50,1.50
2013.10.08 19:13:22.452,1.45413,1.45433,1.50,1.50
2013.10.08 19:13:37.642,1.45413,1.45435,1.50,1.13
2013.10.08 19:13:38.892,1.45413,1.45433,1.50,1.13
2013.10.08 19:13:39.302,1.45413,1.45433,1.50,1.13
2013.10.08 19:13:44.092,1.45413,1.45433,1.50,1.88
2013.10.08 19:13:48.473,1.45413,1.45433,1.50,1.50
2013.10.08 19:13:58.733,1.45411,1.45429,2.70,1.13
2013.10.08 19:13:58.856,1.45411,1.45429,2.70,1.13
2013.10.08 19:13:58.922,1.45411,1.45432,2.70,1.50
2013.10.08 19:13:59.041,1.45411,1.45432,2.70,1.50
2013.10.08 19:13:59.602,1.45411,1.45431,2.70,1.50
2013.10.08 19:14:05.991,1.45411,1.45429,2.70,1.13
2013.10.08 19:14:06.052,1.45411,1.45429,1.95,1.13
2013.10.08 19:14:06.172,1.45411,1.45427,1.95,1.13
2013.10.08 19:14:30.932,1.45411,1.45421,1.95,1.13
2013.10.08 19:14:31.172,1.45411,1.45427,1.95,2.82
2013.10.08 19:14:31.291,1.45411,1.45427,1.95,2.07
2013.10.08 19:14:31.351,1.45411,1.45427,2.70,1.69
2013.10.08 19:14:43.167,1.45411,1.45427,2.70,1.50
2013.10.08 19:14:43.472,1.45403,1.45422,1.50,1.32
2013.10.08 19:14:43.535,1.45399,1.45422,1.13,1.32
2013.10.08 19:14:43.742,1.45403,1.4542,1.20,1.13
2013.10.08 19:14:43.802,1.45403,1.4542,1.20,1.13
2013.10.08 19:14:46.432,1.45408,1.45426,1.20,1.13
2013.10.08 19:14:49.394,1.45405,1.45423,1.20,1.50
2013.10.08 19:14:49.752,1.45408,1.45427,1.20,2.82
2013.10.08 19:14:50.234,1.45411,1.4543,1.20,1.50
2013.10.08 19:14:51.892,1.45411,1.4543,1.20,1.50
2013.10.08 19:14:51.951,1.45411,1.4543,1.20,1.13
2013.10.08 19:14:52.432,1.45408,1.45427,1.95,1.13
2013.10.08 19:14:52.742,1.45408,1.45427,1.95,1.50
2013.10.08 19:14:53.232,1.45408,1.45424,1.20,1.88
2013.10.08 19:14:54.243,1.45408,1.45424,1.20,2.44
2013.10.08 19:15:03.666,1.45408,1.45424,1.20,1.88
2013.10.08 19:15:06.771,1.45398,1.45424,1.13,1.50
2013.10.08 19:15:08.121,1.45398,1.45423,1.50,1.50
2013.10.08 19:15:14.228,1.45398,1.45423,1.50,1.69
2013.10.08 19:15:15.623,1.45398,1.45421,1.50,1.13
2013.10.08 19:15:16.401,1.45392,1.45419,2.63,1.32
2013.10.08 19:15:17.190,1.45392,1.45416,1.88,1.13
2013.10.08 19:15:17.852,1.45392,1.45416,1.13,2.63
2013.10.08 19:15:19.179,1.4539,1.4541,1.50,1.50
2013.10.08 19:15:19.482,1.45387,1.45407,1.13,1.69
2013.10.08 19:15:20.173,1.45386,1.45408,1.50,1.13
2013.10.08 19:15:20.752,1.45386,1.45408,1.50,1.13
2013.10.08 19:15:20.827,1.45386,1.45408,1.50,1.13
2013.10.08 19:15:21.372,1.45389,1.45409,1.13,1.13
2013.10.08 19:15:21.438,1.45389,1.45408,1.13,1.13
2013.10.08 19:15:21.962,1.45389,1.45415,1.32,1.50
2013.10.08 19:15:22.142,1.45389,1.45415,2.07,1.50
2013.10.08 19:15:22.201,1.45389,1.45418,1.32,1.13
2013.10.08 19:15:22.321,1.4539,1.45419,1.69,1.13
2013.10.08 19:15:22.382,1.4539,1.45419,1.69,1.13
2013.10.08 19:15:23.402,1.45395,1.45418,1.13,1.13
2013.10.08 19:15:23.523,1.45392,1.45415,1.13,1.13
2013.10.08 19:15:23.824,1.45391,1.45413,1.50,1.13
2013.10.08 19:15:23.891,1.45391,1.45414,1.50,1.13
2013.10.08 19:15:24.075,1.45387,1.45407,1.13,1.32
2013.10.08 19:15:24.143,1.45385,1.45403,1.50,1.50
2013.10.08 19:15:24.321,1.45385,1.45407,1.50,1.32
2013.10.08 19:15:26.232,1.45387,1.45408,1.13,1.32
2013.10.08 19:15:28.877,1.45386,1.45408,1.88,1.13
2013.10.08 19:15:29.182,1.45386,1.45408,1.50,1.13
2013.10.08 19:15:29.241,1.45386,1.45408,1.50,1.13
2013.10.08 19:15:33.692,1.45386,1.45409,1.50,1.50
2013.10.08 19:15:33.752,1.45386,1.45408,1.50,1.13
2013.10.08 19:15:41.974,1.45387,1.45414,3.75,1.50
2013.10.08 19:15:42.045,1.45387,1.45415,3.75,1.13
2013.10.08 19:15:42.831,1.45394,1.45413,1.13,1.13
2013.10.08 19:15:44.142,1.45394,1.45414,1.13,1.13
2013.10.08 19:15:44.202,1.45394,1.45411,1.13,1.13
2013.10.08 19:15:45.647,1.4539,1.45412,1.13,1.13
2013.10.08 19:15:45.712,1.4539,1.45411,1.13,1.13
2013.10.08 19:15:47.472,1.45391,1.45412,2.44,1.13
2013.10.08 19:16:43.059,1.45395,1.45422,1.13,1.88
2013.10.08 19:16:47.451,1.45392,1.45422,1.50,1.13
2013.10.08 19:16:52.301,1.45392,1.45422,1.50,1.13
2013.10.08 19:17:04.791,1.45392,1.45422,1.50,1.13
2013.10.08 19:17:05.771,1.45394,1.45422,1.50,1.13
2013.10.08 19:17:06.401,1.45399,1.45415,1.50,1.13
2013.10.08 19:17:06.583,1.45399,1.45421,1.69,1.13
2013.10.08 19:17:06.992,1.45399,1.45427,2.82,1.13
2013.10.08 19:17:09.062,1.45405,1.45425,1.13,1.13
2013.10.08 19:17:11.734,1.45405,1.45425,1.13,1.13
2013.10.08 19:17:31.155,1.45403,1.45425,1.50,1.13
2013.10.08 19:17:44.484,1.45403,1.45425,1.50,1.13
2013.10.08 19:17:47.502,1.45403,1.45422,1.50,1.13
2013.10.08 19:17:47.562,1.45403,1.45425,1.50,1.13
2013.10.08 19:17:47.682,1.45403,1.45425,1.50,1.13
2013.10.08 19:17:48.043,1.45403,1.45425,1.50,1.13
2013.10.08 19:17:48.383,1.45403,1.45425,1.50,1.13
2013.10.08 19:17:48.922,1.45408,1.45428,1.13,1.13
2013.10.08 19:17:49.143,1.45408,1.45428,1.13,1.13
2013.10.08 19:17:50.167,1.45408,1.45425,1.13,1.13
2013.10.08 19:17:52.953,1.45403,1.45425,2.44,1.13
2013.10.08 19:17:53.074,1.45403,1.45425,2.25,1.50
2013.10.08 19:17:53.324,1.45403,1.45425,1.50,1.13
2013.10.08 19:17:58.543,1.45403,1.45425,1.50,1.13
2013.10.08 19:17:58.722,1.45403,1.45425,2.07,1.13
2013.10.08 19:18:09.462,1.45406,1.45434,1.13,1.88
2013.10.08 19:18:15.502,1.45404,1.45434,1.13,1.50
2013.10.08 19:18:15.622,1.45404,1.45434,1.13,1.13
2013.10.08 19:18:17.383,1.45404,1.45433,1.13,1.13
2013.10.08 19:18:17.442,1.45404,1.4543,1.13,1.69
2013.10.08 19:18:17.563,1.45404,1.45426,1.13,1.13
2013.10.08 19:18:17.862,1.45401,1.45426,1.50,1.13
2013.10.08 19:18:17.922,1.45401,1.45423,1.50,1.13
2013.10.08 19:18:18.942,1.45401,1.45425,1.50,1.13
2013.10.08 19:18:19.443,1.45401,1.45425,1.50,1.50
2013.10.08 19:18:22.203,1.45401,1.45423,1.50,1.69
2013.10.08 19:18:22.388,1.45396,1.45423,1.50,1.69
2013.10.08 19:18:22.453,1.45392,1.45423,3.75,1.32
2013.10.08 19:18:23.048,1.454,1.45426,1.50,1.50
2013.10.08 19:18:47.212,1.454,1.45422,2.25,1.88
2013.10.08 19:18:47.752,1.454,1.45422,1.88,1.50
2013.10.08 19:18:48.123,1.454,1.4543,1.88,1.88
2013.10.08 19:19:22.263,1.454,1.45422,1.50,1.50
2013.10.08 19:19:23.744,1.45396,1.45427,1.50,1.50
2013.10.08 19:19:24.262,1.45396,1.45427,1.50,1.50
2013.10.08 19:19:27.753,1.45396,1.45426,2.07,1.13
2013.10.08 19:19:28.906,1.45399,1.45431,1.50,1.50
2013.10.08 19:19:32.462,1.45399,1.45431,1.88,2.25
2013.10.08 19:19:33.782,1.45395,1.45426,2.25,1.13
2013.10.08 19:19:34.426,1.45395,1.45426,1.88,1.13
2013.10.08 19:19:39.382,1.45399,1.45431,1.50,1.88
2013.10.08 19:19:42.822,1.45402,1.45432,1.88,2.25
2013.10.08 19:19:43.373,1.45403,1.45432,1.13,1.50
2013.10.08 19:20:00.973,1.45402,1.45432,1.88,1.50
2013.10.08 19:20:08.952,1.45402,1.45432,2.82,2.25
2013.10.08 19:20:09.742,1.45403,1.45432,3.00,1.50
2013.10.08 19:20:09.863,1.45406,1.45432,1.50,1.50
2013.10.08 19:20:09.983,1.45405,1.45436,1.50,1.13
2013.10.08 19:20:10.043,1.45406,1.45436,2.25,1.13
2013.10.08 19:20:10.222,1.45404,1.45435,2.25,1.50
2013.10.08 19:20:10.283,1.45404,1.45432,1.50,1.50
2013.10.08 19:20:10.704,1.45405,1.45427,1.13,1.50
2013.10.08 19:20:10.766,1.45408,1.45427,1.13,1.50
2013.10.08 19:20:10.834,1.45408,1.45427,1.50,1.50
2013.10.08 19:20:11.135,1.45415,1.45432,1.88,1.50
2013.10.08 19:20:11.194,1.45412,1.45435,1.13,1.13
2013.10.08 19:20:11.253,1.45414,1.45436,1.13,1.50
2013.10.08 19:20:11.315,1.45412,1.4544,1.50,2.07
2013.10.08 19:20:11.375,1.45413,1.4544,1.13,1.32
2013.10.08 19:20:13.196,1.45416,1.45445,1.88,1.32
2013.10.08 19:20:13.948,1.45419,1.45442,1.50,1.13
2013.10.08 19:20:46.394,1.45423,1.45447,1.50,1.50
2013.10.08 19:20:46.752,1.45426,1.45453,1.50,2.07
2013.10.08 19:20:46.813,1.45427,1.45454,1.13,1.32
2013.10.08 19:20:47.192,1.45427,1.45454,1.13,1.69
2013.10.08 19:21:20.117,1.45428,1.45454,1.13,1.13
2013.10.08 19:21:27.442,1.45428,1.45451,1.13,1.13
2013.10.08 19:21:27.503,1.45428,1.45448,1.13,1.13
2013.10.08 19:21:29.844,1.45423,1.45447,1.50,1.13
2013.10.08 19:21:37.234,1.45426,1.45448,1.50,1.13
2013.10.08 19:21:50.573,1.4542,1.45449,1.13,1.13
2013.10.08 19:21:53.608,1.4542,1.45449,1.32,1.13
2013.10.08 19:21:53.973,1.45423,1.45452,1.50,1.50
2013.10.08 19:21:54.214,1.4543,1.45454,1.13,1.13
2013.10.08 19:21:54.523,1.45428,1.45454,1.50,1.13
2013.10.08 19:21:54.583,1.45424,1.45451,1.50,1.13
2013.10.08 19:21:55.065,1.45418,1.45447,3.38,1.13
2013.10.08 19:21:55.462,1.45423,1.45447,1.50,1.13
2013.10.08 19:21:55.763,1.45425,1.4545,1.13,1.50
2013.10.08 19:21:56.902,1.45425,1.45452,1.13,1.13
2013.10.08 19:21:57.543,1.45425,1.45452,1.13,1.13
2013.10.08 19:21:57.603,1.45425,1.45452,1.13,1.13
2013.10.08 19:21:58.379,1.45425,1.45452,1.13,1.13
2013.10.08 19:22:05.503,1.45426,1.45452,1.13,1.13
2013.10.08 19:22:11.434,1.45425,1.45452,1.50,1.50
2013.10.08 19:22:11.793,1.45422,1.45452,1.88,1.88
2013.10.08 19:22:11.913,1.45422,1.45452,1.88,1.88
2013.10.08 19:22:13.383,1.45427,1.45452,1.13,1.88
2013.10.08 19:22:13.443,1.45427,1.45452,1.13,1.88
2013.10.08 19:22:13.683,1.45427,1.45452,1.13,1.88
2013.10.08 19:22:14.216,1.45423,1.45452,1.32,1.88
2013.10.08 19:22:15.442,1.45423,1.4545,1.13,1.13
2013.10.08 19:22:16.558,1.45427,1.4545,1.13,1.13
2013.10.08 19:22:16.803,1.45427,1.45453,2.63,1.13
2013.10.08 19:22:17.162,1.45427,1.45454,2.63,1.88
2013.10.08 19:22:23.173,1.45427,1.45453,1.88,1.50
2013.10.08 19:22:23.903,1.45427,1.45452,1.88,1.13
2013.10.08 19:22:25.142,1.45424,1.45451,3.38,1.13
2013.10.08 19:22:28.153,1.45424,1.45447,2.63,1.13
2013.10.08 19:22:28.273,1.45422,1.45447,1.50,1.13
2013.10.08 19:22:28.702,1.45418,1.45444,2.25,1.13
2013.10.08 19:22:29.902,1.45421,1.45447,1.13,1.13
2013.10.08 19:22:31.843,1.45418,1.45444,2.25,1.13
2013.10.08 19:22:33.252,1.45421,1.45447,1.13,1.13
2013.10.08 19:22:36.252,1.45418,1.45444,1.88,1.13
2013.10.08 19:22:43.969,1.45421,1.45447,1.13,1.13
2013.10.08 19:22:44.273,1.45418,1.45446,2.25,1.13
2013.10.08 19:22:44.595,1.45421,1.4545,1.88,1.13
2013.10.08 19:22:45.522,1.45424,1.45456,1.50,1.88
2013.10.08 19:22:45.583,1.45424,1.45456,1.50,1.88
2013.10.08 19:22:45.642,1.45429,1.45453,1.50,1.13
2013.10.08 19:22:45.943,1.45428,1.45455,3.00,1.13
2013.10.08 19:22:46.063,1.45431,1.45455,1.50,1.13
2013.10.08 19:22:46.606,1.45432,1.45457,1.88,2.70
2013.10.08 19:22:49.082,1.45432,1.45457,2.25,2.70
2013.10.08 19:22:50.613,1.45434,1.45457,1.13,1.95
2013.10.08 19:22:50.854,1.45437,1.45457,1.13,2.70
2013.10.08 19:22:54.454,1.4544,1.45457,1.50,2.70
2013.10.08 19:22:54.694,1.45441,1.45457,1.32,2.70
2013.10.08 19:22:54.753,1.45443,1.45457,1.13,2.70
2013.10.08 19:22:54.875,1.45447,1.45457,1.50,1.95
2013.10.08 19:22:54.945,1.45447,1.45468,1.50,2.25
2013.10.08 19:22:55.014,1.45447,1.45468,1.50,1.50
2013.10.08 19:22:55.136,1.45446,1.45472,1.88,1.88
2013.10.08 19:22:55.548,1.45446,1.45473,1.88,1.13
2013.10.08 19:22:55.876,1.45443,1.45467,2.82,1.13
2013.10.08 19:22:56.185,1.45447,1.45466,1.13,1.13
2013.10.08 19:22:56.694,1.45447,1.45465,1.13,1.13
2013.10.08 19:22:57.123,1.45447,1.45457,1.13,1.20
2013.10.08 19:23:01.393,1.45447,1.45468,1.13,1.50
2013.10.08 19:23:02.733,1.45447,1.45458,1.13,1.20
2013.10.08 19:23:04.343,1.45445,1.45458,1.13,1.20
2013.10.08 19:23:05.485,1.45445,1.45458,1.13,1.20
2013.10.08 19:23:06.184,1.45445,1.45458,1.13,1.20
2013.10.08 19:23:09.686,1.45443,1.45458,1.13,1.20
2013.10.08 19:23:09.817,1.45441,1.45458,1.32,1.20
2013.10.08 19:23:10.005,1.45449,1.45467,1.50,2.70
2013.10.08 19:23:11.952,1.4545,1.45463,1.50,1.20
2013.10.08 19:23:12.013,1.4545,1.45469,1.50,2.25
2013.10.08 19:23:12.073,1.45447,1.45469,1.50,2.25
2013.10.08 19:23:12.626,1.45447,1.45468,1.50,1.13
2013.10.08 19:23:13.148,1.45447,1.45467,1.50,1.13
2013.10.08 19:23:18.132,1.45443,1.45467,3.57,1.13
2013.10.08 19:23:18.476,1.45443,1.45467,3.38,1.13
2013.10.08 19:23:25.042,1.45443,1.45468,1.88,1.13
2013.10.08 19:23:26.025,1.45443,1.45467,1.88,1.13
2013.10.08 19:23:28.124,1.45443,1.45468,1.50,1.13
2013.10.08 19:23:33.844,1.45443,1.45467,1.50,1.13
2013.10.08 19:23:35.994,1.45445,1.45467,1.50,1.13
2013.10.08 19:23:36.353,1.45445,1.45467,1.50,1.13
2013.10.08 19:23:36.533,1.45445,1.45469,3.38,1.13
2013.10.08 19:23:40.934,1.45445,1.45467,1.50,1.13
2013.10.08 19:23:41.563,1.45445,1.45467,1.50,1.13
2013.10.08 19:24:03.476,1.45445,1.45467,1.50,1.13
2013.10.08 19:24:04.223,1.45445,1.45467,1.50,1.13
2013.10.08 19:24:04.482,1.45445,1.45467,1.50,1.13
2013.10.08 19:24:05.124,1.45444,1.45467,1.13,1.13
2013.10.08 19:24:05.244,1.45444,1.45467,1.13,1.13
2013.10.08 19:24:05.767,1.45445,1.45467,1.50,1.13
2013.10.08 19:24:05.952,1.45443,1.45467,1.50,1.13
2013.10.08 19:24:08.584,1.45438,1.45462,2.25,1.50
2013.10.08 19:24:08.645,1.45438,1.45462,2.25,1.50
2013.10.08 19:24:13.043,1.45438,1.4546,1.50,1.13
2013.10.08 19:24:14.223,1.45438,1.4546,1.50,1.13
2013.10.08 19:24:14.582,1.45437,1.45459,1.50,1.50
2013.10.08 19:24:14.942,1.45438,1.45455,1.50,1.13
2013.10.08 19:24:15.372,1.45438,1.45455,1.50,1.13
2013.10.08 19:24:16.144,1.45438,1.45455,1.50,1.13
2013.10.08 19:24:16.502,1.45438,1.45455,1.50,1.13
2013.10.08 19:24:19.386,1.4543,1.45454,1.13,1.88
2013.10.08 19:24:19.455,1.4543,1.45454,1.13,1.88
2013.10.08 19:24:20.963,1.45424,1.45453,1.88,1.13
2013.10.08 19:24:21.364,1.45426,1.45452,1.50,1.13
2013.10.08 19:24:21.723,1.45431,1.45452,1.13,1.13
2013.10.08 19:24:22.463,1.45431,1.45459,3.00,1.88
2013.10.08 19:24:22.855,1.45435,1.45459,1.50,2.63
2013.10.08 19:24:32.436,1.45432,1.45457,1.13,1.88
2013.10.08 19:24:32.866,1.45433,1.45457,1.50,1.88
2013.10.08 19:24:42.193,1.45433,1.45457,1.50,1.88
2013.10.08 19:24:54.843,1.45433,1.45457,1.50,3.38
2013.10.08 19:24:54.904,1.45433,1.45455,2.25,1.13
2013.10.08 19:24:54.964,1.45433,1.45454,2.25,1.13
2013.10.08 19:24:55.383,1.4543,1.45453,1.50,1.13
2013.10.08 19:24:55.503,1.45429,1.45452,1.50,2.63
2013.10.08 19:24:55.623,1.45429,1.45452,1.50,1.13
2013.10.08 19:24:55.803,1.45428,1.45452,1.50,1.50
2013.10.08 19:24:56.353,1.45429,1.45451,1.13,1.13
2013.10.08 19:25:02.284,1.45428,1.45451,2.63,1.13
2013.10.08 19:25:02.983,1.45428,1.45447,2.63,1.13
2013.10.08 19:25:03.224,1.45428,1.45451,1.88,1.13
2013.10.08 19:25:23.047,1.45426,1.45451,1.50,1.88
2013.10.08 19:25:23.114,1.45425,1.45448,2.63,1.13
2013.10.08 19:25:23.234,1.45425,1.45453,2.07,1.50
2013.10.08 19:25:23.784,1.45428,1.45454,1.50,1.50
2013.10.08 19:25:23.847,1.45428,1.45452,1.50,1.50
2013.10.08 19:25:25.113,1.45428,1.45454,1.50,1.50
2013.10.08 19:25:26.164,1.45428,1.45454,1.50,1.50
2013.10.08 19:25:32.705,1.45428,1.45457,1.50,2.25
2013.10.08 19:25:33.473,1.45428,1.45452,1.50,1.50
2013.10.08 19:25:36.343,1.45428,1.45452,1.50,1.88
2013.10.08 19:25:37.003,1.45427,1.45455,1.88,1.50
2013.10.08 19:25:38.093,1.45428,1.45455,1.13,1.50
2013.10.08 19:25:39.182,1.45428,1.45455,3.00,1.50
2013.10.08 19:25:39.242,1.45432,1.45456,1.88,1.50
2013.10.08 19:25:39.303,1.45432,1.45455,1.88,1.50
2013.10.08 19:25:39.422,1.45432,1.45459,2.63,1.13
2013.10.08 19:25:39.483,1.45432,1.45457,1.50,1.13
2013.10.08 19:25:40.235,1.4543,1.45457,1.69,1.13
2013.10.08 19:25:40.545,1.45429,1.4545,1.13,1.88
2013.10.08 19:25:40.734,1.45428,1.45451,1.88,1.50
2013.10.08 19:25:47.425,1.45428,1.4545,1.50,1.50
2013.10.08 19:25:47.942,1.45427,1.4545,1.88,1.50
2013.10.08 19:25:49.543,1.45427,1.45452,1.88,1.50
2013.10.08 19:26:09.532,1.45429,1.45456,1.50,1.50
2013.10.08 19:26:18.484,1.45429,1.45456,2.63,1.50
2013.10.08 19:26:19.435,1.4543,1.45454,1.13,1.13
2013.10.08 19:26:20.026,1.4543,1.45453,1.13,1.13
2013.10.08 19:26:20.093,1.4543,1.45457,1.13,1.88
2013.10.08 19:26:20.343,1.45432,1.45457,1.13,1.50
2013.10.08 19:26:20.523,1.45432,1.45455,1.13,1.50
2013.10.08 19:26:21.132,1.45432,1.45456,1.50,1.13
2013.10.08 19:26:21.373,1.45433,1.4546,1.13,2.44
2013.10.08 19:26:21.863,1.45434,1.45463,1.69,1.88
2013.10.08 19:26:21.982,1.45434,1.45463,1.69,1.50
2013.10.08 19:26:22.043,1.45433,1.45464,2.63,1.50
2013.10.08 19:26:22.892,1.45438,1.45463,1.50,2.25
2013.10.08 19:26:22.952,1.45436,1.45463,1.69,1.50
2013.10.08 19:26:23.013,1.45436,1.4546,1.69,1.50
2013.10.08 19:26:23.563,1.45436,1.45459,1.69,1.50
2013.10.08 19:26:24.342,1.45436,1.45459,1.50,1.50
2013.10.08 19:26:29.434,1.45436,1.45459,2.25,1.50
2013.10.08 19:26:38.016,1.45438,1.45459,1.50,1.50
2013.10.08 19:26:38.773,1.45436,1.45459,1.69,1.50
2013.10.08 19:26:38.893,1.45436,1.45459,1.69,1.50
2013.10.08 19:26:41.353,1.45439,1.45464,1.13,1.50
2013.10.08 19:26:53.734,1.45441,1.45463,1.50,1.13
2013.10.08 19:26:55.843,1.45442,1.45468,2.25,1.13
2013.10.08 19:26:57.293,1.45445,1.45468,1.69,1.50
2013.10.08 19:27:13.243,1.45448,1.4547,1.88,1.50
2013.10.08 19:27:13.303,1.45448,1.45472,1.88,1.88
2013.10.08 19:27:13.423,1.45448,1.45474,1.13,1.50
2013.10.08 19:27:13.484,1.45448,1.45474,1.13,1.13
2013.10.08 19:27:13.663,1.45448,1.45474,1.13,1.13
2013.10.08 19:27:14.243,1.45448,1.45474,1.88,1.50
2013.10.08 19:27:14.362,1.45448,1.45474,1.88,1.13
2013.10.08 19:27:14.423,1.45448,1.45474,1.88,1.88
2013.10.08 19:27:18.143,1.45448,1.45474,1.88,2.63
2013.10.08 19:27:20.903,1.45451,1.45473,1.50,1.13
2013.10.08 19:27:20.962,1.45451,1.45477,2.25,2.63
2013.10.08 19:27:21.263,1.45453,1.45477,1.50,1.13
2013.10.08 19:27:21.963,1.45451,1.45477,3.38,1.13
2013.10.08 19:27:29.942,1.45457,1.45479,1.50,1.13
2013.10.08 19:27:30.003,1.45457,1.45482,1.50,1.88
2013.10.08 19:27:30.183,1.45455,1.45477,1.88,1.13
2013.10.08 19:27:32.843,1.45455,1.45478,1.50,1.13
2013.10.08 19:27:33.349,1.45457,1.45477,1.50,1.50
2013.10.08 19:27:33.655,1.45453,1.45472,1.69,1.13
2013.10.08 19:27:33.955,1.45452,1.45477,1.69,2.25
2013.10.08 19:27:39.974,1.45452,1.45473,1.50,1.13
2013.10.08 19:27:40.096,1.45452,1.45473,1.50,1.13
2013.10.08 19:27:40.227,1.45452,1.45472,1.50,1.13
2013.10.08 19:27:47.933,1.45448,1.45472,2.25,2.63
2013.10.08 19:27:48.055,1.45448,1.45472,1.50,2.63
2013.10.08 19:27:54.593,1.4545,1.45472,1.50,1.50
2013.10.08 19:27:54.835,1.45449,1.45469,1.50,1.13
2013.10.08 19:27:55.143,1.4545,1.45471,1.50,1.13
2013.10.08 19:27:59.504,1.45449,1.45471,1.50,1.13
2013.10.08 19:27:59.565,1.4545,1.45469,1.50,1.13
2013.10.08 19:27:59.695,1.45445,1.45467,1.13,1.50
2013.10.08 19:28:00.423,1.45443,1.45468,1.69,1.13
2013.10.08 19:28:00.664,1.45445,1.45467,1.50,1.50
2013.10.08 19:28:01.174,1.45446,1.4547,1.50,1.13
2013.10.08 19:28:01.722,1.45446,1.45467,1.50,1.13
2013.10.08 19:28:02.994,1.45445,1.45467,1.50,1.13
2013.10.08 19:28:04.435,1.45445,1.45467,2.25,1.13
2013.10.08 19:28:11.643,1.45445,1.45467,2.25,1.13
2013.10.08 19:28:29.143,1.45444,1.45467,2.44,1.13
2013.10.08 19:28:29.385,1.45441,1.45465,2.25,1.13
2013.10.08 19:28:29.694,1.45438,1.45462,1.50,1.13
2013.10.08 19:28:29.934,1.45434,1.45462,1.50,1.13
2013.10.08 19:28:29.995,1.45435,1.45462,1.88,1.13
2013.10.08 19:28:30.393,1.45437,1.45462,1.13,1.13
2013.10.08 19:28:30.513,1.45439,1.45462,1.50,1.50
2013.10.08 19:28:30.943,1.45439,1.45461,1.50,1.13
2013.10.08 19:28:31.003,1.45439,1.45461,1.50,1.13
2013.10.08 19:28:31.886,1.45439,1.45461,1.50,1.13
2013.10.08 19:28:40.514,1.45439,1.45461,1.50,1.13
2013.10.08 19:28:41.775,1.45439,1.45461,1.50,1.13
2013.10.08 19:29:04.135,1.45439,1.45461,1.50,1.13
2013.10.08 19:29:04.744,1.45439,1.45461,1.50,1.13
2013.10.08 19:29:08.434,1.45439,1.45461,2.63,1.13
2013.10.08 19:29:08.939,1.45439,1.45461,1.13,1.13
2013.10.08 19:29:30.453,1.45433,1.4546,1.13,1.13
2013.10.08 19:29:35.942,1.45434,1.45463,2.25,1.13
2013.10.08 19:29:44.843,1.45435,1.45463,2.25,1.88
2013.10.08 19:29:46.632,1.45434,1.45463,2.25,1.13
2013.10.08 19:29:53.173,1.45434,1.45465,2.25,1.13
2013.10.08 19:30:00.136,1.45437,1.45465,1.50,1.88
2013.10.08 19:30:00.384,1.45434,1.45465,1.50,1.88
2013.10.08 19:30:00.566,1.45434,1.45465,1.50,2.63
2013.10.08 19:30:00.863,1.45434,1.45465,1.50,1.88
2013.10.08 19:30:05.253,1.45434,1.45465,1.50,1.13
2013.10.08 19:30:08.433,1.45434,1.45464,1.88,1.13
2013.10.08 19:30:08.734,1.45434,1.4546,1.88,1.13
2013.10.08 19:30:09.093,1.45434,1.45462,2.25,1.13
2013.10.08 19:30:09.424,1.45434,1.45462,2.25,1.13
2013.10.08 19:30:12.483,1.45434,1.45459,2.25,1.13
2013.10.08 19:30:14.507,1.45437,1.45463,1.13,1.50
2013.10.08 19:30:15.294,1.45439,1.45459,1.13,1.13
2013.10.08 19:30:28.723,1.45435,1.45456,1.50,1.13
2013.10.08 19:30:29.143,1.45435,1.45456,1.50,1.13
2013.10.08 19:30:31.226,1.45435,1.45456,1.50,1.13
2013.10.08 19:30:31.664,1.45435,1.45456,1.50,1.13
2013.10.08 19:30:31.994,1.45435,1.45456,1.50,1.13
2013.10.08 19:30:32.642,1.45435,1.45456,1.50,1.13
2013.10.08 19:30:35.113,1.45435,1.45456,1.50,1.13
2013.10.08 19:30:50.194,1.45434,1.45456,2.25,1.13
2013.10.08 19:30:50.552,1.45434,1.45456,1.50,1.13
2013.10.08 19:30:54.143,1.45434,1.4546,1.50,1.13
2013.10.08 19:30:54.483,1.45434,1.4546,1.50,1.13
2013.10.08 19:31:09.016,1.45431,1.45458,1.50,1.50
2013.10.08 19:31:25.474,1.45431,1.4546,1.13,1.88
2013.10.08 19:31:41.438,1.45431,1.4546,1.13,1.50
2013.10.08 19:31:54.005,1.45434,1.45462,1.69,1.69
2013.10.08 19:31:54.623,1.45433,1.4546,1.32,2.25
2013.10.08 19:31:54.683,1.45433,1.4546,1.13,2.63
2013.10.08 19:31:54.924,1.45429,1.45454,1.32,1.50
2013.10.08 19:31:55.167,1.45431,1.45454,2.63,1.50
2013.10.08 19:31:55.743,1.45433,1.45454,1.13,1.50
2013.10.08 19:31:57.463,1.45432,1.45457,2.25,1.69
2013.10.08 19:31:58.027,1.45432,1.45457,1.13,1.50
2013.10.08 19:32:10.333,1.45431,1.45453,1.88,1.50
2013.10.08 19:32:13.123,1.45431,1.45453,1.50,1.50
2013.10.08 19:32:14.234,1.45431,1.45456,1.50,1.13
2013.10.08 19:32:16.973,1.45429,1.45453,1.32,1.50
2013.10.08 19:32:36.633,1.45428,1.45452,1.50,1.13
2013.10.08 19:32:37.141,1.45428,1.45452,1.50,1.13
2013.10.08 19:32:37.704,1.45428,1.45452,1.50,1.13
2013.10.08 19:32:43.624,1.45426,1.45452,1.13,1.13
2013.10.08 19:32:44.653,1.45425,1.4545,1.69,1.13
2013.10.08 19:33:16.965,1.45423,1.45452,1.32,2.44
2013.10.08 19:33:18.424,1.45425,1.45447,1.69,1.50
2013.10.08 19:33:18.967,1.45423,1.45447,1.13,3.38
2013.10.08 19:33:19.273,1.45423,1.45447,1.13,3.38
2013.10.08 19:33:31.355,1.45422,1.45442,1.13,1.58
2013.10.08 19:33:31.545,1.45418,1.45439,1.50,1.95
2013.10.08 19:33:31.604,1.45416,1.45439,1.13,1.95
2013.10.08 19:33:32.239,1.45414,1.45437,2.70,1.50
2013.10.08 19:33:32.873,1.45414,1.45437,3.45,1.88
2013.10.08 19:33:33.553,1.45414,1.45436,2.70,1.13
2013.10.08 19:33:33.616,1.45416,1.45439,1.13,2.25
2013.10.08 19:33:33.675,1.45416,1.4544,1.13,1.50
2013.10.08 19:33:46.734,1.45417,1.45439,1.69,2.63
2013.10.08 19:33:46.984,1.45414,1.45437,1.95,1.32
2013.10.08 19:33:47.588,1.45414,1.45435,1.95,1.50
2013.10.08 19:33:47.974,1.45414,1.45436,2.70,1.50
2013.10.08 19:33:48.814,1.45414,1.45434,2.70,1.13
2013.10.08 19:33:49.326,1.45414,1.45435,2.70,1.13
2013.10.08 19:33:50.933,1.45414,1.45436,2.70,1.88
2013.10.08 19:33:56.836,1.45414,1.45434,1.95,1.13
2013.10.08 19:33:57.144,1.45414,1.45432,1.95,1.88
2013.10.08 19:33:57.445,1.45413,1.45432,1.49,1.88
2013.10.08 19:33:57.977,1.45414,1.45427,1.07,1.13
2013.10.08 19:34:00.513,1.45403,1.45429,1.13,1.13
2013.10.08 19:34:00.854,1.45403,1.4543,1.13,1.13
2013.10.08 19:34:01.726,1.45413,1.45429,1.07,1.13
2013.10.08 19:34:02.243,1.45413,1.4543,1.82,1.13
2013.10.08 19:34:02.484,1.45413,1.45432,1.07,1.50
2013.10.08 19:34:02.784,1.45413,1.45432,1.07,1.13
2013.10.08 19:34:03.415,1.45413,1.45432,1.07,1.13
2013.10.08 19:34:03.724,1.45413,1.45432,1.82,1.88
2013.10.08 19:34:04.630,1.45413,1.45432,1.82,1.88
2013.10.08 19:34:05.201,1.45413,1.45432,1.82,1.88
2013.10.08 19:34:05.924,1.45413,1.45431,1.82,1.32
2013.10.08 19:34:06.414,1.45413,1.45431,1.82,1.32
2013.10.08 19:34:10.655,1.45413,1.45432,1.82,1.88
2013.10.08 19:34:16.224,1.45413,1.45432,1.82,1.88
2013.10.08 19:34:23.764,1.45413,1.45433,1.82,1.13
2013.10.08 19:34:23.883,1.45413,1.45432,1.82,1.50
2013.10.08 19:34:44.543,1.45413,1.45432,1.82,2.25
2013.10.08 19:34:51.013,1.45413,1.45435,1.82,2.07
2013.10.08 19:34:53.284,1.45413,1.45434,1.82,1.32
2013.10.08 19:34:59.145,1.45413,1.45435,2.57,2.07
2013.10.08 19:35:00.605,1.45413,1.45435,2.57,1.50
2013.10.08 19:35:01.144,1.45409,1.45436,1.69,2.25
2013.10.08 19:35:01.204,1.45409,1.45435,1.69,1.13
2013.10.08 19:35:01.634,1.45408,1.45432,1.13,1.13
2013.10.08 19:35:01.693,1.45412,1.45432,1.07,1.13
2013.10.08 19:35:02.164,1.45412,1.45432,1.82,1.13
2013.10.08 19:35:05.796,1.45412,1.45427,1.82,1.13
2013.10.08 19:35:05.926,1.45412,1.45427,1.07,1.88
2013.10.08 19:35:06.118,1.45412,1.45425,1.07,1.13
2013.10.08 19:35:06.196,1.45412,1.45425,1.07,1.13
2013.10.08 19:35:06.271,1.45412,1.45421,1.07,1.13
2013.10.08 19:35:06.337,1.45403,1.45422,1.50,1.69
2013.10.08 19:35:06.407,1.45403,1.45424,1.88,1.88
2013.10.08 19:35:06.474,1.45403,1.45424,1.13,1.13
2013.10.08 19:35:06.534,1.45396,1.45424,1.13,1.13
2013.10.08 19:35:06.594,1.45396,1.45422,1.13,1.32
2013.10.08 19:35:06.714,1.45393,1.45419,1.69,1.88
2013.10.08 19:35:08.058,1.45393,1.45419,1.69,1.88
2013.10.08 19:35:08.267,1.45408,1.45435,2.25,2.82
2013.10.08 19:35:08.339,1.4541,1.45435,1.13,2.44
2013.10.08 19:35:09.605,1.45405,1.45432,1.88,1.13
2013.10.08 19:35:42.224,1.45408,1.45421,1.50,1.13
2013.10.08 19:35:42.345,1.45402,1.45427,1.32,1.50
2013.10.08 19:35:42.884,1.45398,1.45425,1.88,2.25
2013.10.08 19:35:42.947,1.45398,1.45423,1.13,1.50
2013.10.08 19:35:43.573,1.45393,1.45422,1.69,1.69
2013.10.08 19:35:43.873,1.45397,1.45424,1.13,1.50
2013.10.08 19:35:44.244,1.45398,1.45423,1.50,1.69
2013.10.08 19:35:44.545,1.45398,1.45421,2.25,1.13
2013.10.08 19:35:44.847,1.45398,1.4542,1.50,1.50
2013.10.08 19:35:44.914,1.45393,1.45417,1.50,1.13
2013.10.08 19:35:45.864,1.45393,1.45417,1.50,1.88
2013.10.08 19:35:46.044,1.45393,1.45419,2.25,3.19
2013.10.08 19:35:46.404,1.45398,1.45421,1.50,1.13
2013.10.08 19:35:48.715,1.45399,1.45421,1.50,1.13
2013.10.08 19:35:48.884,1.45399,1.45423,1.50,2.82
2013.10.08 19:35:49.498,1.45399,1.45422,1.13,1.69
2013.10.08 19:35:49.624,1.45399,1.45419,1.13,1.50
2013.10.08 19:35:57.004,1.45399,1.45422,1.13,1.69
2013.10.08 19:36:08.434,1.45403,1.45427,1.13,3.00
2013.10.08 19:36:08.613,1.45403,1.45428,1.13,1.88
2013.10.08 19:36:09.524,1.45404,1.45427,1.13,2.25
2013.10.08 19:36:11.465,1.45404,1.45427,3.38,1.50
2013.10.08 19:36:19.385,1.45404,1.45427,1.88,1.50
2013.10.08 19:36:30.234,1.45405,1.4543,1.13,1.13
2013.10.08 19:36:55.016,1.45404,1.45427,1.13,1.88
2013.10.08 19:37:02.935,1.45405,1.45426,1.13,1.13
2013.10.08 19:37:03.053,1.4541,1.45429,1.13,1.50
2013.10.08 19:37:03.174,1.45408,1.45432,1.13,1.88
2013.10.08 19:37:03.235,1.45405,1.45432,1.88,3.38
2013.10.08 19:37:03.785,1.45405,1.45429,1.13,1.50
2013.10.08 19:37:04.694,1.45407,1.45432,1.88,2.25
2013.10.08 19:37:04.754,1.4541,1.45432,1.13,1.50
2013.10.08 19:37:05.365,1.4541,1.45432,1.13,1.50
2013.10.08 19:37:05.484,1.45407,1.4543,1.13,1.50
2013.10.08 19:37:05.904,1.45403,1.45429,1.13,1.50
2013.10.08 19:37:06.083,1.45403,1.45427,1.88,1.50
2013.10.08 19:37:09.405,1.45405,1.45427,1.13,1.50
2013.10.08 19:37:09.704,1.45406,1.45428,2.25,1.50
2013.10.08 19:37:09.823,1.45406,1.45428,1.50,1.50
2013.10.08 19:37:13.383,1.45409,1.45432,1.50,3.00
2013.10.08 19:37:13.564,1.4541,1.45433,1.13,1.50
2013.10.08 19:37:18.654,1.4541,1.45433,1.13,2.25
2013.10.08 19:37:18.840,1.45403,1.45427,2.25,1.13
2013.10.08 19:37:18.904,1.45403,1.45427,1.50,1.13
2013.10.08 19:37:18.964,1.45403,1.45427,1.50,1.13
2013.10.08 19:37:19.524,1.45405,1.45428,1.13,1.50
2013.10.08 19:37:19.866,1.45406,1.45428,1.13,1.50
2013.10.08 19:37:20.174,1.45413,1.45432,1.13,1.50
2013.10.08 19:37:20.293,1.45413,1.45437,1.88,1.50
2013.10.08 19:37:20.783,1.45414,1.45439,1.88,1.50
2013.10.08 19:37:21.085,1.45432,1.45451,1.50,1.13
2013.10.08 19:37:21.204,1.45432,1.45454,1.50,1.50
2013.10.08 19:37:21.384,1.45434,1.45455,1.13,1.95
2013.10.08 19:37:21.943,1.45433,1.45455,1.50,1.95
2013.10.08 19:37:22.944,1.45433,1.45455,3.38,1.95
2013.10.08 19:37:24.174,1.45434,1.45455,1.13,2.70
2013.10.08 19:37:24.675,1.45431,1.45453,1.50,1.50
2013.10.08 19:37:24.855,1.45428,1.45452,2.25,1.50
2013.10.08 19:37:25.237,1.45426,1.45449,1.13,1.50
2013.10.08 19:37:43.395,1.45425,1.45447,1.50,1.50
2013.10.08 19:37:44.204,1.45424,1.45446,1.13,1.50
2013.10.08 19:37:47.499,1.45426,1.45446,1.13,1.84
2013.10.08 19:37:47.645,1.4542,1.45442,1.13,1.50
2013.10.08 19:37:47.704,1.45419,1.45442,1.50,1.88
2013.10.08 19:37:50.364,1.45417,1.45442,1.88,3.00
2013.10.08 19:37:50.745,1.45417,1.45438,1.13,1.50
2013.10.08 19:37:51.178,1.45417,1.45437,1.13,1.50
2013.10.08 19:37:52.595,1.45413,1.45442,2.63,3.38
2013.10.08 19:38:12.874,1.45417,1.45442,1.13,1.88
2013.10.08 19:38:37.045,1.45413,1.45439,1.13,1.50
2013.10.08 19:38:37.600,1.45412,1.45437,1.50,1.13
2013.10.08 19:38:41.645,1.45412,1.45438,1.88,1.13
2013.10.08 19:38:45.424,1.45412,1.45438,1.88,1.13
2013.10.08 19:38:51.317,1.45412,1.4544,1.13,1.13
2013.10.08 19:38:52.484,1.45412,1.4544,1.13,1.13
2013.10.08 19:38:52.664,1.45412,1.4544,1.13,2.63
2013.10.08 19:38:53.024,1.45412,1.45438,1.13,1.50
2013.10.08 19:38:55.386,1.4541,1.45438,1.88,2.25
2013.10.08 19:38:59.155,1.4541,1.45434,1.88,2.63
2013.10.08 19:38:59.634,1.45408,1.45432,1.88,1.50
2013.10.08 19:39:00.334,1.45408,1.45432,1.50,1.50
2013.10.08 19:39:04.654,1.45408,1.45434,2.25,2.25
2013.10.08 19:39:09.046,1.4541,1.45437,1.13,1.50
2013.10.08 19:39:12.726,1.4541,1.45438,1.88,1.88
2013.10.08 19:39:19.313,1.45418,1.45438,1.09,1.13
2013.10.08 19:39:19.614,1.45424,1.45442,1.13,2.25
2013.10.08 19:39:19.675,1.45423,1.45442,1.13,1.50
2013.10.08 19:39:19.976,1.4542,1.45446,1.13,2.25
2013.10.08 19:39:20.095,1.4542,1.45448,1.13,1.69
2013.10.08 19:39:21.315,1.4542,1.45448,2.63,1.69
2013.10.08 19:39:28.774,1.45422,1.45448,1.88,1.13
2013.10.08 19:39:28.895,1.45423,1.45451,2.63,2.82
2013.10.08 19:39:29.074,1.45423,1.45451,2.63,3.19
2013.10.08 19:39:29.237,1.45423,1.45451,3.38,2.82
2013.10.08 19:39:32.154,1.45423,1.45451,3.38,2.82
2013.10.08 19:39:33.413,1.45426,1.45451,1.13,2.82
2013.10.08 19:39:36.490,1.45427,1.45452,1.13,1.13
2013.10.08 19:39:37.266,1.45428,1.45452,1.50,1.13
2013.10.08 19:39:38.845,1.45427,1.45452,1.13,1.88
2013.10.08 19:39:38.965,1.45424,1.45451,1.88,1.50
2013.10.08 19:39:39.084,1.45423,1.45451,2.25,1.50
2013.10.08 19:39:41.364,1.45423,1.45446,1.50,2.25
2013.10.08 19:40:00.302,1.4542,1.45447,1.13,3.00
2013.10.08 19:40:03.944,1.45423,1.45447,1.13,2.25
2013.10.08 19:40:05.174,1.45423,1.45447,1.13,2.25
2013.10.08 19:40:10.464,1.45423,1.4545,1.50,1.50
2013.10.08 19:40:12.985,1.45423,1.4545,1.13,1.88
2013.10.08 19:40:13.395,1.45423,1.4545,1.13,1.88
2013.10.08 19:40:14.205,1.45423,1.4545,1.13,1.88
2013.10.08 19:40:14.505,1.45422,1.4545,1.13,1.88
2013.10.08 19:40:16.905,1.45422,1.45448,1.32,1.13
2013.10.08 19:40:17.337,1.45428,1.45448,1.13,1.13
2013.10.08 19:40:17.524,1.45424,1.45452,1.32,1.50
2013.10.08 19:40:18.905,1.45423,1.45452,2.07,1.88
2013.10.08 19:40:23.435,1.45428,1.45452,1.13,1.13
2013.10.08 19:40:29.204,1.45429,1.45454,1.13,1.88
2013.10.08 19:40:29.706,1.45433,1.45454,1.13,1.88
2013.10.08 19:40:35.834,1.45433,1.45454,1.88,1.50
2013.10.08 19:40:35.954,1.45436,1.45455,1.13,2.70
2013.10.08 19:40:52.989,1.45433,1.45452,1.88,1.50
2013.10.08 19:40:53.055,1.4543,1.45452,1.88,1.50
2013.10.08 19:40:53.175,1.4543,1.45452,2.63,1.50
2013.10.08 19:40:53.234,1.4543,1.45452,3.38,1.50
2013.10.08 19:40:53.475,1.45433,1.45455,1.13,2.70
2013.10.08 19:40:54.015,1.45428,1.45455,1.88,3.08
2013.10.08 19:40:54.134,1.45428,1.45455,1.88,3.08
2013.10.08 19:40:54.775,1.45434,1.45455,1.50,2.70
2013.10.08 19:40:57.634,1.45434,1.45455,1.50,2.70
2013.10.08 19:40:58.714,1.45437,1.45455,1.13,2.70
2013.10.08 19:40:59.616,1.45438,1.45455,1.50,2.70
2013.10.08 19:41:00.045,1.45438,1.45455,2.25,2.70
2013.10.08 19:41:02.585,1.45437,1.45455,1.88,2.70
2013.10.08 19:41:04.425,1.45434,1.45455,1.50,2.70
2013.10.08 19:41:05.414,1.45434,1.45455,1.88,2.70
2013.10.08 19:41:08.275,1.45436,1.45455,1.13,2.70
2013.10.08 19:41:21.874,1.45436,1.45455,1.13,2.70
2013.10.08 19:41:22.114,1.45435,1.45455,1.50,2.70
2013.10.08 19:41:41.705,1.45436,1.45455,1.13,2.70
2013.10.08 19:41:42.056,1.45436,1.45455,1.13,2.70
2013.10.08 19:41:42.205,1.45435,1.45455,1.13,2.70
2013.10.08 19:41:42.716,1.45434,1.45455,1.50,2.70
2013.10.08 19:41:43.144,1.45431,1.45455,2.25,2.70
2013.10.08 19:41:45.485,1.4543,1.45455,1.50,2.89
2013.10.08 19:41:47.896,1.45428,1.45454,2.25,1.13
2013.10.08 19:41:47.954,1.45428,1.45454,1.50,1.13
2013.10.08 19:41:50.146,1.45428,1.45454,1.69,1.13
2013.10.08 19:41:53.181,1.45428,1.45454,1.69,1.88
2013.10.08 19:41:54.414,1.45427,1.45448,1.50,1.13
2013.10.08 19:41:54.835,1.45423,1.45448,2.44,1.13
2013.10.08 19:41:54.955,1.45423,1.45448,2.44,1.13
2013.10.08 19:41:55.576,1.45424,1.45448,1.69,1.13
2013.10.08 19:42:05.894,1.45424,1.45447,1.50,1.50
2013.10.08 19:42:06.424,1.45423,1.45447,2.25,1.88
2013.10.08 19:42:35.474,1.45425,1.45448,1.50,1.13
2013.10.08 19:42:43.615,1.45426,1.45448,1.50,1.13
2013.10.08 19:42:48.725,1.45425,1.45446,1.50,1.13
2013.10.08 19:42:48.905,1.45421,1.45446,2.25,1.13
2013.10.08 19:42:53.375,1.45423,1.45444,1.50,1.32
2013.10.08 19:42:53.685,1.45434,1.45454,1.13,1.50
2013.10.08 19:42:53.806,1.45434,1.45455,1.88,2.33
2013.10.08 19:42:54.347,1.45434,1.45455,1.88,3.08
2013.10.08 19:42:54.745,1.45434,1.45455,1.13,3.08
2013.10.08 19:42:54.925,1.45431,1.45455,2.25,3.08
2013.10.08 19:42:55.554,1.45431,1.45455,1.50,3.45
2013.10.08 19:43:06.104,1.45431,1.45456,1.50,3.45
2013.10.08 19:43:06.653,1.45433,1.45456,1.13,3.45
2013.10.08 19:43:09.976,1.45434,1.45456,1.13,3.45
2013.10.08 19:43:20.175,1.45434,1.45456,1.13,3.45
2013.10.08 19:43:22.988,1.45434,1.45456,1.88,3.45
2013.10.08 19:43:23.136,1.45434,1.45456,1.13,3.45
2013.10.08 19:43:29.176,1.45434,1.45456,1.13,3.45
2013.10.08 19:43:30.027,1.45433,1.45456,2.25,3.83
2013.10.08 19:43:30.210,1.45433,1.45451,1.50,1.13
2013.10.08 19:43:30.335,1.45427,1.45451,1.13,1.13
2013.10.08 19:43:30.886,1.45427,1.45451,1.13,1.13
2013.10.08 19:43:31.055,1.45427,1.45451,1.13,1.13
2013.10.08 19:43:50.324,1.45423,1.45449,3.75,1.32
2013.10.08 19:43:59.625,1.45423,1.45445,2.25,1.50
2013.10.08 19:43:59.925,1.45423,1.45447,2.25,1.50
2013.10.08 19:44:00.494,1.4542,1.45447,1.88,1.88
2013.10.08 19:44:02.406,1.45423,1.45447,2.25,1.50
2013.10.08 19:44:14.685,1.45423,1.45446,1.50,1.13
2013.10.08 19:44:16.714,1.4542,1.45446,1.50,1.50
2013.10.08 19:44:19.856,1.45419,1.45442,2.25,1.13
2013.10.08 19:44:20.634,1.4542,1.45442,1.50,1.13
2013.10.08 19:44:20.875,1.45418,1.45442,1.50,2.25
2013.10.08 19:44:21.986,1.4542,1.45442,1.88,1.88
2013.10.08 19:44:22.625,1.4542,1.45442,1.88,1.50
2013.10.08 19:44:22.865,1.45421,1.45447,1.13,1.13
2013.10.08 19:44:23.627,1.45424,1.45449,1.88,1.13
2013.10.08 19:44:24.204,1.45423,1.45448,1.50,1.88
2013.10.08 19:44:26.519,1.4542,1.45445,1.50,1.13
2013.10.08 19:44:27.144,1.45423,1.45445,2.25,1.13
2013.10.08 19:44:27.815,1.45425,1.45448,1.50,1.13
2013.10.08 19:44:28.115,1.45423,1.45447,1.50,1.50
2013.10.08 19:44:28.696,1.45422,1.45447,1.50,1.50
2013.10.08 19:44:45.907,1.45423,1.45447,2.25,1.13
2013.10.08 19:44:46.085,1.45423,1.45447,2.25,1.13
2013.10.08 19:44:48.734,1.45423,1.4545,2.63,1.69
2013.10.08 19:44:51.216,1.45423,1.4545,2.25,1.69
2013.10.08 19:44:51.694,1.45422,1.45447,1.50,2.07
2013.10.08 19:44:52.025,1.45419,1.45447,2.25,2.07
2013.10.08 19:45:01.655,1.45424,1.45447,1.13,1.50
2013.10.08 19:45:02.925,1.45423,1.45447,1.50,1.50
2013.10.08 19:45:09.746,1.45424,1.4545,1.13,1.32
2013.10.08 19:45:10.047,1.45427,1.4545,1.50,1.32
2013.10.08 19:45:15.254,1.45423,1.4545,1.88,2.07
2013.10.08 19:45:51.777,1.45423,1.45447,1.50,1.50
2013.10.08 19:46:04.726,1.45422,1.45446,1.50,1.32
2013.10.08 19:46:05.214,1.45418,1.45442,2.25,1.13
2013.10.08 19:46:05.726,1.45418,1.45444,2.25,1.69
2013.10.08 19:46:06.985,1.45419,1.45446,1.50,3.00
2013.10.08 19:46:09.935,1.45418,1.45442,2.25,1.13
2013.10.08 19:46:09.995,1.45418,1.45442,2.25,1.50
2013.10.08 19:46:10.175,1.45421,1.45446,1.13,1.13
2013.10.08 19:46:10.235,1.45421,1.45447,1.50,2.25
2013.10.08 19:46:10.355,1.45421,1.45446,1.50,1.50
2013.10.08 19:46:10.794,1.45423,1.45451,1.69,2.82
2013.10.08 19:46:13.924,1.45424,1.45451,1.13,3.00
2013.10.08 19:46:18.805,1.45425,1.45448,1.13,1.50
2013.10.08 19:46:26.145,1.45425,1.45448,2.25,1.50
2013.10.08 19:46:29.086,1.45425,1.45448,1.13,1.50
2013.10.08 19:46:33.284,1.45423,1.45447,1.69,1.50
2013.10.08 19:46:33.964,1.45421,1.45446,2.25,1.50
2013.10.08 19:46:39.306,1.45424,1.45446,1.13,1.50
2013.10.08 19:46:43.239,1.45423,1.45451,2.82,1.69
2013.10.08 19:46:45.479,1.4542,1.45443,1.13,1.50
2013.10.08 19:46:45.547,1.45418,1.45442,1.32,2.25
2013.10.08 19:46:45.618,1.45418,1.4544,1.32,1.50
2013.10.08 19:46:45.934,1.45417,1.45437,1.13,1.50
2013.10.08 19:46:46.209,1.45411,1.45437,1.50,1.50
2013.10.08 19:46:46.886,1.45413,1.45437,1.13,2.25
2013.10.08 19:46:48.985,1.4541,1.45436,1.50,1.69
2013.10.08 19:46:50.605,1.45413,1.45433,1.13,1.50
2013.10.08 19:46:50.906,1.45413,1.45432,1.88,1.13
2013.10.08 19:46:51.264,1.4541,1.45431,1.88,1.13
2013.10.08 19:46:51.384,1.4541,1.45431,1.88,1.13
2013.10.08 19:46:51.925,1.45408,1.45431,2.25,1.13
2013.10.08 19:46:53.396,1.45408,1.45432,2.25,1.50
2013.10.08 19:46:53.947,1.45407,1.45432,1.50,1.50
2013.10.08 19:46:54.905,1.45404,1.45429,1.32,1.50
2013.10.08 19:46:54.965,1.45403,1.45429,1.13,2.25
2013.10.08 19:47:00.805,1.45401,1.45422,1.13,1.50
2013.10.08 19:47:03.475,1.45398,1.45421,1.13,1.50
2013.10.08 19:47:03.596,1.45397,1.45421,1.69,1.50
2013.10.08 19:47:03.665,1.45395,1.45422,1.88,2.25
2013.10.08 19:47:04.378,1.45395,1.45421,1.50,1.50
2013.10.08 19:47:04.445,1.45395,1.4542,1.50,1.13
2013.10.08 19:47:05.805,1.45398,1.4542,1.13,1.13
2013.10.08 19:47:05.996,1.45404,1.45425,1.13,2.25
2013.10.08 19:47:06.175,1.45404,1.45431,1.88,2.25
2013.10.08 19:47:06.820,1.45407,1.45433,1.50,1.88
2013.10.08 19:47:07.388,1.45407,1.45433,1.50,1.13
2013.10.08 19:47:07.674,1.45407,1.45433,1.50,1.13
2013.10.08 19:47:08.146,1.45408,1.45433,1.13,1.13
2013.10.08 19:47:08.616,1.45408,1.45433,1.13,1.13
2013.10.08 19:47:11.105,1.45408,1.45435,1.13,2.63
2013.10.08 19:47:31.565,1.45409,1.45432,1.50,1.50
2013.10.08 19:47:34.015,1.4541,1.45432,1.50,1.50
2013.10.08 19:47:41.865,1.45413,1.45435,2.25,1.50
2013.10.08 19:47:57.125,1.4541,1.45432,1.32,1.50
2013.10.08 19:47:57.665,1.45409,1.45432,1.88,1.50
2013.10.08 19:47:57.965,1.45409,1.45432,1.88,1.50
2013.10.08 19:48:07.595,1.45409,1.45432,1.50,1.88
2013.10.08 19:48:08.735,1.4541,1.45432,1.13,1.88
2013.10.08 19:48:11.586,1.45409,1.45432,1.88,1.88
2013.10.08 19:48:22.166,1.4541,1.45432,1.88,1.88
2013.10.08 19:48:22.586,1.4541,1.45432,1.32,1.50
2013.10.08 19:48:22.908,1.4541,1.45434,2.07,1.13
2013.10.08 19:48:28.325,1.45409,1.45432,2.07,1.50
2013.10.08 19:48:29.695,1.4541,1.45434,1.69,1.13
2013.10.08 19:48:29.936,1.45409,1.45435,1.69,1.50
2013.10.08 19:48:30.056,1.4541,1.45436,1.69,1.13
2013.10.08 19:48:30.115,1.45412,1.45436,1.50,1.13
2013.10.08 19:48:30.355,1.45408,1.45432,3.00,1.50
2013.10.08 19:48:31.888,1.45408,1.45436,3.38,1.50
2013.10.08 19:48:33.689,1.45409,1.45431,1.50,1.13
2013.10.08 19:48:33.878,1.45408,1.4543,2.25,1.69
2013.10.08 19:48:41.455,1.45408,1.45429,1.50,1.69
2013.10.08 19:48:50.475,1.45407,1.45429,2.63,1.69
2013.10.08 19:48:52.176,1.45408,1.45431,1.50,1.13
2013.10.08 19:48:52.695,1.45411,1.45435,1.50,1.32
2013.10.08 19:48:53.093,1.45412,1.45436,1.50,1.50
2013.10.08 19:48:55.885,1.45412,1.45436,1.50,1.50
2013.10.08 19:49:05.785,1.45415,1.45436,1.13,1.13
2013.10.08 19:49:05.845,1.45417,1.45438,1.50,1.69
2013.10.08 19:49:06.537,1.45416,1.4544,1.50,1.13
2013.10.08 19:49:07.113,1.45416,1.45437,1.50,1.50
2013.10.08 19:49:14.508,1.45414,1.45436,1.13,1.13
2013.10.08 19:49:14.757,1.45409,1.45435,1.88,1.69
2013.10.08 19:49:15.057,1.45414,1.45436,1.13,1.13
2013.10.08 19:49:28.212,1.45415,1.45433,1.50,1.13
2013.10.08 19:49:35.104,1.45415,1.45433,1.50,1.13
2013.10.08 19:49:35.347,1.45414,1.45437,1.50,1.50
2013.10.08 19:49:46.895,1.45414,1.45433,1.50,1.13
2013.10.08 19:49:48.343,1.45414,1.45437,1.50,1.88
2013.10.08 19:49:51.351,1.45414,1.45433,1.50,1.13
2013.10.08 19:49:55.308,1.45415,1.45433,1.50,1.13
2013.10.08 19:50:00.234,1.45416,1.45433,1.50,1.13
2013.10.08 19:50:00.300,1.45417,1.45436,1.13,1.50
2013.10.08 19:50:00.846,1.45411,1.45433,2.25,1.50
2013.10.08 19:50:02.798,1.4541,1.45433,1.13,1.50
2013.10.08 19:50:04.259,1.45408,1.45433,2.25,1.50
2013.10.08 19:50:04.505,1.45404,1.45432,2.25,2.25
2013.10.08 19:50:04.567,1.45408,1.45432,1.50,2.63
2013.10.08 19:50:05.007,1.45409,1.45432,1.50,1.50
2013.10.08 19:50:05.366,1.45409,1.45432,1.50,1.50
2013.10.08 19:50:07.245,1.45408,1.45432,2.25,1.50
2013.10.08 19:50:07.426,1.45409,1.45431,1.50,1.50
2013.10.08 19:50:27.866,1.45415,1.45436,1.50,1.69
2013.10.08 19:50:27.925,1.45415,1.45437,1.50,1.13
2013.10.08 19:50:28.225,1.45414,1.45441,1.50,1.88
2013.10.08 19:50:29.106,1.45414,1.45437,1.50,1.13
2013.10.08 19:50:40.555,1.45414,1.45434,1.50,1.13
2013.10.08 19:50:48.204,1.45412,1.45434,2.25,1.13
2013.10.08 19:50:57.315,1.45412,1.45437,2.25,2.25
2013.10.08 19:51:00.735,1.45415,1.45437,1.50,1.69
2013.10.08 19:51:06.424,1.45416,1.45437,1.50,1.13
2013.10.08 19:51:09.247,1.45418,1.45442,1.69,1.13
2013.10.08 19:51:09.308,1.45419,1.45445,1.50,3.00
2013.10.08 19:51:09.376,1.45418,1.45442,2.44,1.13
2013.10.08 19:51:09.497,1.45419,1.45442,1.50,1.88
2013.10.08 19:51:09.856,1.45422,1.45442,1.50,1.88
2013.10.08 19:51:10.035,1.45416,1.45442,1.13,2.63
2013.10.08 19:51:10.585,1.45418,1.45442,2.44,1.88
2013.10.08 19:51:11.687,1.45419,1.45446,1.50,1.50
2013.10.08 19:51:14.245,1.45418,1.45442,2.25,1.50
2013.10.08 19:51:27.071,1.45418,1.45437,1.50,1.50
2013.10.08 19:51:28.817,1.45415,1.45442,2.25,2.44
2013.10.08 19:51:36.905,1.45415,1.45437,1.88,1.50
2013.10.08 19:51:39.077,1.45415,1.45437,1.13,1.50
2013.10.08 19:51:39.386,1.45411,1.45435,1.13,1.50
2013.10.08 19:51:42.975,1.4541,1.45436,1.50,1.50
2013.10.08 19:51:52.646,1.4541,1.45435,1.50,1.50
2013.10.08 19:51:53.655,1.45406,1.45434,1.69,1.50
2013.10.08 19:51:54.156,1.45406,1.45433,1.69,1.13
2013.10.08 19:51:54.337,1.45406,1.45434,1.50,2.44
2013.10.08 19:52:01.635,1.45407,1.45433,1.50,1.13
2013.10.08 19:52:46.845,1.45407,1.45429,2.25,1.50
2013.10.08 19:52:52.856,1.45407,1.45431,4.13,1.50
2013.10.08 19:52:54.940,1.45407,1.45435,3.38,1.13
2013.10.08 19:52:56.337,1.45407,1.45435,3.38,1.13
2013.10.08 19:52:58.185,1.45407,1.45435,3.38,1.13
2013.10.08 19:52:58.716,1.45408,1.45435,2.25,1.13
2013.10.08 19:53:01.155,1.45408,1.45436,2.25,1.13
2013.10.08 19:53:12.625,1.45412,1.45436,1.13,1.13
2013.10.08 19:53:13.165,1.45413,1.45437,2.25,1.50
2013.10.08 19:53:13.465,1.45413,1.45441,2.25,1.88
2013.10.08 19:53:13.670,1.45413,1.45441,1.50,1.13
2013.10.08 19:53:13.916,1.45413,1.45439,1.88,1.13
2013.10.08 19:53:14.096,1.45416,1.45439,1.50,1.13
2013.10.08 19:53:16.886,1.45416,1.45439,1.50,1.13
2013.10.08 19:53:17.426,1.45417,1.45439,1.50,1.13
2013.10.08 19:53:19.255,1.45416,1.45439,1.50,1.50
2013.10.08 19:53:28.935,1.45412,1.45439,1.50,1.69
2013.10.08 19:53:31.615,1.45412,1.45435,1.50,1.13
2013.10.08 19:53:34.563,1.45411,1.45433,2.25,1.13
2013.10.08 19:53:35.106,1.45411,1.45433,2.25,1.88
2013.10.08 19:53:35.168,1.45413,1.45433,2.25,1.88
2013.10.08 19:53:35.595,1.45412,1.45437,1.13,1.69
2013.10.08 19:53:42.396,1.45412,1.45439,1.88,1.13
2013.10.08 19:53:42.457,1.45412,1.45439,1.88,1.13
2013.10.08 19:53:42.519,1.45412,1.45439,1.88,1.13
2013.10.08 19:53:43.065,1.45416,1.45437,1.50,1.69
2013.10.08 19:53:43.149,1.45413,1.45437,1.88,1.69
2013.10.08 19:54:00.165,1.45411,1.45433,1.13,1.50
2013.10.08 19:54:09.957,1.45411,1.45431,1.50,1.13
2013.10.08 19:54:10.256,1.45407,1.45429,1.50,1.69
2013.10.08 19:54:10.316,1.45405,1.45429,1.50,1.69
2013.10.08 19:54:18.126,1.45407,1.45429,1.50,1.50
2013.10.08 19:54:21.686,1.45407,1.45432,1.50,1.50
2013.10.08 19:54:24.456,1.45407,1.45432,1.50,1.50
2013.10.08 19:54:33.477,1.45408,1.45432,1.88,1.50
2013.10.08 19:54:38.025,1.45408,1.45432,1.88,1.50
2013.10.08 19:54:42.756,1.45408,1.45432,1.88,1.50
2013.10.08 19:54:44.815,1.45407,1.45435,1.88,1.88
2013.10.08 19:54:48.876,1.4541,1.45435,2.25,1.88
2013.10.08 19:54:50.170,1.45411,1.45435,1.13,1.13
2013.10.08 19:54:50.866,1.4541,1.45435,3.00,1.13
2013.10.08 19:54:50.986,1.45409,1.45435,1.50,1.13
2013.10.08 19:54:51.505,1.45408,1.45435,3.75,1.50
2013.10.08 19:54:52.189,1.45408,1.45435,1.50,1.50
2013.10.08 19:54:54.505,1.45405,1.45432,2.63,1.69
2013.10.08 19:54:56.896,1.45406,1.45434,1.50,1.13
2013.10.08 19:54:57.501,1.45409,1.45432,1.50,1.69
2013.10.08 19:55:00.317,1.4541,1.45438,1.13,1.13
2013.10.08 19:55:00.377,1.45409,1.45432,2.82,1.50
2013.10.08 19:55:00.497,1.45408,1.45432,1.32,1.50
2013.10.08 19:55:00.997,1.45407,1.45427,1.13,1.50
2013.10.08 19:55:04.811,1.45407,1.45432,1.13,1.13
2013.10.08 19:55:04.996,1.45415,1.45433,2.25,1.50
2013.10.08 19:55:05.056,1.45412,1.45436,1.13,1.50
2013.10.08 19:55:05.236,1.4541,1.45436,1.13,1.13
2013.10.08 19:55:05.835,1.4541,1.45432,1.13,1.50
2013.10.08 19:55:07.615,1.45409,1.45432,2.44,1.50
2013.10.08 19:55:08.131,1.45409,1.45432,2.07,1.50
2013.10.08 19:55:09.967,1.45408,1.45428,1.88,1.50
2013.10.08 19:55:10.946,1.45407,1.45435,1.13,1.13
2013.10.08 19:55:12.825,1.45407,1.45436,1.50,1.50
2013.10.08 19:56:00.965,1.45413,1.45437,1.50,2.44
2013.10.08 19:56:01.086,1.45413,1.45439,1.50,2.25
2013.10.08 19:56:01.387,1.45413,1.45437,1.50,1.69
2013.10.08 19:56:01.746,1.45413,1.45439,1.50,2.25
2013.10.08 19:56:01.925,1.45413,1.45437,1.50,1.69
2013.10.08 19:56:03.055,1.45409,1.45437,1.50,2.07
2013.10.08 19:56:03.595,1.45408,1.45433,1.13,1.50
2013.10.08 19:56:04.485,1.45406,1.45432,2.25,1.13
2013.10.08 19:56:05.666,1.45408,1.45431,1.50,1.13
2013.10.08 19:56:06.096,1.45406,1.45431,1.50,2.63
2013.10.08 19:56:06.577,1.45406,1.45431,2.25,2.63
2013.10.08 19:56:07.105,1.45406,1.45427,2.25,1.50
2013.10.08 19:56:18.826,1.45406,1.45431,1.50,1.50
2013.10.08 19:56:29.797,1.45406,1.45429,2.25,1.50
2013.10.08 19:56:31.978,1.45403,1.45426,1.13,1.50
2013.10.08 19:56:32.050,1.45403,1.45425,1.13,1.50
2013.10.08 19:56:32.120,1.45398,1.45425,1.13,2.25
2013.10.08 19:56:32.367,1.45396,1.45423,1.50,1.13
2013.10.08 19:56:32.626,1.45398,1.45422,2.25,1.50
2013.10.08 19:56:32.986,1.45398,1.45422,1.50,1.50
2013.10.08 19:56:34.417,1.45397,1.45422,2.25,1.50
2013.10.08 19:56:35.717,1.45396,1.45421,1.13,1.50
2013.10.08 19:56:37.916,1.45396,1.45421,1.50,2.25
2013.10.08 19:56:40.199,1.45394,1.45418,1.13,1.50
2013.10.08 19:56:56.226,1.45396,1.4542,1.50,1.50
2013.10.08 19:57:10.898,1.45395,1.45418,1.13,1.50
2013.10.08 19:57:10.957,1.45395,1.45418,1.13,1.50
2013.10.08 19:57:11.506,1.45396,1.45418,2.25,1.50
2013.10.08 19:57:12.806,1.45395,1.45418,1.13,1.50
2013.10.08 19:57:23.636,1.45393,1.45417,2.25,1.13
2013.10.08 19:57:23.876,1.45391,1.45416,1.13,1.69
2013.10.08 19:57:24.128,1.45387,1.45417,1.13,3.75
2013.10.08 19:57:24.307,1.45387,1.45417,1.32,2.25
2013.10.08 19:57:24.426,1.45387,1.45416,1.69,1.13
2013.10.08 19:57:24.487,1.45388,1.45416,1.50,1.13
2013.10.08 19:57:24.606,1.45389,1.45416,1.50,1.13
2013.10.08 19:57:25.867,1.45389,1.45416,1.50,1.13
2013.10.08 19:57:26.226,1.45387,1.45416,1.50,1.13
2013.10.08 19:57:26.737,1.45386,1.45415,1.50,1.50
2013.10.08 19:57:27.235,1.45387,1.45412,1.50,1.50
2013.10.08 19:57:28.140,1.45387,1.45415,2.25,1.50
2013.10.08 19:57:28.449,1.45389,1.45415,2.25,1.50
2013.10.08 19:57:28.576,1.45393,1.45419,1.50,1.13
2013.10.08 19:57:28.636,1.45393,1.45422,1.50,1.69
2013.10.08 19:57:28.696,1.45394,1.45423,1.50,1.69
2013.10.08 19:57:29.687,1.45394,1.45423,1.88,1.69
2013.10.08 19:57:29.967,1.45396,1.45423,1.50,1.69
2013.10.08 19:57:32.464,1.45394,1.45422,1.88,1.50
2013.10.08 19:57:33.006,1.45391,1.45418,1.13,2.25
2013.10.08 19:57:41.482,1.4539,1.45418,1.50,3.00
2013.10.08 19:57:51.738,1.45389,1.45417,1.50,1.50
2013.10.08 19:57:58.706,1.45389,1.45411,1.50,1.50
2013.10.08 19:57:58.825,1.45386,1.45411,1.13,1.50
2013.10.08 19:57:58.946,1.45386,1.45412,1.13,2.25
2013.10.08 19:57:59.007,1.45386,1.45412,1.88,2.25
2013.10.08 19:57:59.365,1.45389,1.45412,1.50,1.50
2013.10.08 19:58:02.357,1.45389,1.45412,1.50,1.50
2013.10.08 19:58:02.657,1.45385,1.45412,1.50,1.50
2013.10.08 19:58:09.806,1.45384,1.45412,1.50,1.50
2013.10.08 19:58:11.159,1.45388,1.45412,1.50,1.50
2013.10.08 19:58:11.227,1.45388,1.45412,1.50,2.25
2013.10.08 19:58:11.588,1.45392,1.45412,1.50,1.50
2013.10.08 19:58:11.976,1.45392,1.45417,1.50,1.50
2013.10.08 19:58:13.247,1.45389,1.45417,1.50,1.50
2013.10.08 19:58:13.946,1.4539,1.45415,1.50,1.13
2013.10.08 19:58:14.876,1.45388,1.45412,3.38,1.50
2013.10.08 19:58:16.077,1.45391,1.45414,1.50,1.13
2013.10.08 19:58:20.009,1.45392,1.45417,1.13,1.50
2013.10.08 19:58:20.518,1.45392,1.45417,1.13,1.50
2013.10.08 19:58:21.576,1.45395,1.45419,1.50,1.13
2013.10.08 19:58:23.960,1.45392,1.45412,1.88,1.88
2013.10.08 19:58:24.028,1.4539,1.45412,1.13,1.88
2013.10.08 19:58:24.627,1.45387,1.45412,1.69,1.88
2013.10.08 19:58:26.516,1.45387,1.45412,1.50,1.88
2013.10.08 19:58:28.797,1.45387,1.45412,1.50,1.50
2013.10.08 19:58:59.088,1.45387,1.45414,1.13,1.88
2013.10.08 19:59:00.300,1.45387,1.45413,1.13,1.50
2013.10.08 19:59:01.264,1.45388,1.45414,1.50,1.13
2013.10.08 19:59:01.767,1.45385,1.45409,1.13,1.13
2013.10.08 19:59:01.891,1.45384,1.45409,2.25,1.13
2013.10.08 19:59:02.406,1.45383,1.45409,1.13,1.13
2013.10.08 19:59:03.466,1.45382,1.45413,1.50,1.50
2013.10.08 19:59:05.336,1.45381,1.45407,1.13,1.50
2013.10.08 19:59:11.615,1.45383,1.45408,1.13,1.13
2013.10.08 19:59:12.086,1.45383,1.45408,1.13,1.13
2013.10.08 19:59:12.266,1.45383,1.45408,1.13,1.13
2013.10.08 19:59:13.382,1.45383,1.45408,1.13,1.13
2013.10.08 19:59:16.066,1.45383,1.45407,1.13,1.50
2013.10.08 19:59:19.985,1.45382,1.45403,1.13,1.50
2013.10.08 19:59:21.169,1.45383,1.45406,1.50,1.13
2013.10.08 19:59:21.477,1.45381,1.45401,1.13,1.13
2013.10.08 19:59:21.656,1.45376,1.45398,1.50,1.13
2013.10.08 19:59:21.717,1.45374,1.45397,1.50,2.07
2013.10.08 19:59:21.897,1.4537,1.45392,2.25,1.13
2013.10.08 19:59:22.016,1.45363,1.45392,2.63,1.13
2013.10.08 19:59:22.659,1.45363,1.45389,2.63,2.63
2013.10.08 19:59:22.849,1.45358,1.45387,3.00,1.13
2013.10.08 19:59:22.919,1.45362,1.45386,1.50,1.13
2013.10.08 19:59:23.947,1.45362,1.45387,1.50,1.13
2013.10.08 19:59:24.006,1.45363,1.45387,1.88,1.13
2013.10.08 19:59:24.307,1.45368,1.45391,1.13,1.50
2013.10.08 19:59:24.547,1.45372,1.45393,1.50,1.13
2013.10.08 19:59:24.726,1.45372,1.45397,1.88,1.50
2013.10.08 19:59:24.908,1.45376,1.45401,1.13,1.50
2013.10.08 19:59:24.967,1.45376,1.45402,1.88,1.50
2013.10.08 19:59:25.326,1.45381,1.45409,1.50,1.69
2013.10.08 19:59:26.576,1.45386,1.4541,1.13,1.13
2013.10.08 19:59:27.117,1.45388,1.45415,1.50,1.13
2013.10.08 19:59:27.597,1.45388,1.45419,1.50,1.13
2013.10.08 19:59:28.017,1.45388,1.45419,1.50,1.13
2013.10.08 19:59:28.526,1.45388,1.45419,1.88,1.32
2013.10.08 19:59:28.886,1.45388,1.45419,2.25,1.32
2013.10.08 19:59:28.946,1.45389,1.45419,1.13,1.32
2013.10.08 19:59:29.366,1.45388,1.45419,1.50,1.32
2013.10.08 19:59:29.667,1.45389,1.45419,1.35,1.32
2013.10.08 19:59:29.846,1.45391,1.45419,1.13,1.13
2013.10.08 19:59:30.026,1.45391,1.45419,1.88,1.13
2013.10.08 19:59:30.086,1.45392,1.45419,1.13,1.13
2013.10.08 19:59:30.146,1.45392,1.45419,1.13,1.13
2013.10.08 19:59:30.576,1.45392,1.45419,1.13,1.13
2013.10.08 19:59:30.757,1.45393,1.45419,1.50,1.13
2013.10.08 19:59:31.057,1.45394,1.45413,1.13,1.13
2013.10.08 19:59:31.297,1.45393,1.45413,1.13,1.13
2013.10.08 19:59:35.548,1.45392,1.45413,1.73,1.13
2013.10.08 19:59:36.267,1.45394,1.45418,1.13,1.50
2013.10.08 19:59:38.692,1.45394,1.4542,1.13,1.88
2013.10.08 19:59:41.690,1.45389,1.45412,1.88,1.13
2013.10.08 19:59:41.877,1.45387,1.45412,1.13,1.13
2013.10.08 19:59:42.627,1.45387,1.45412,1.13,1.13
2013.10.08 19:59:43.466,1.45387,1.45412,1.88,1.13
2013.10.08 19:59:43.837,1.45387,1.45408,1.88,1.50
2013.10.08 19:59:44.076,1.45383,1.45403,1.13,1.88
2013.10.08 19:59:44.638,1.45383,1.45403,1.13,2.63
2013.10.08 19:59:45.307,1.45383,1.45402,1.13,1.50
2013.10.08 19:59:45.426,1.45379,1.45403,1.13,2.63
2013.10.08 19:59:45.606,1.45384,1.45403,1.13,1.13
2013.10.08 19:59:45.666,1.45384,1.45403,1.13,1.13
2013.10.08 19:59:45.726,1.45384,1.45409,1.13,2.70
2013.10.08 19:59:46.148,1.45384,1.45409,1.13,2.70
2013.10.08 19:59:46.386,1.45384,1.45409,1.13,2.70
2013.10.08 19:59:46.447,1.45384,1.45409,1.13,2.70
2013.10.08 19:59:46.686,1.45384,1.45403,1.13,1.50
2013.10.08 19:59:47.506,1.4538,1.45397,1.13,1.50
2013.10.08 19:59:47.687,1.45376,1.45394,1.13,1.58
2013.10.08 19:59:47.986,1.45379,1.45403,1.13,3.08
2013.10.08 19:59:50.147,1.45377,1.45397,2.25,1.50
2013.10.08 19:59:50.207,1.45377,1.45397,1.88,3.00
2013.10.08 19:59:50.386,1.45375,1.45393,1.50,2.63
2013.10.08 19:59:50.446,1.45372,1.45393,1.50,2.63
2013.10.08 19:59:50.626,1.45373,1.45393,1.13,1.50
2013.10.08 19:59:50.686,1.45373,1.45395,1.32,1.50
2013.10.08 19:59:50.867,1.45382,1.45398,1.13,1.50
2013.10.08 19:59:51.046,1.45382,1.454,1.13,1.50
2013.10.08 19:59:53.176,1.45381,1.45401,1.13,1.13
2013.10.08 19:59:53.237,1.45377,1.45397,1.50,1.50
2013.10.08 19:59:53.416,1.45377,1.45397,1.50,2.33
2013.10.08 19:59:53.536,1.45375,1.45397,1.88,1.50
2013.10.08 19:59:53.657,1.45375,1.45398,1.88,1.50
2013.10.08 19:59:54.207,1.45376,1.454,2.63,1.50
2013.10.08 19:59:54.506,1.45377,1.454,1.50,1.50
2013.10.08 19:59:55.336,1.45377,1.454,1.50,1.50
2013.10.08 19:59:58.407,1.45377,1.45397,1.88,1.88
2013.10.08 19:59:58.479,1.45377,1.45392,1.88,1.50
2013.10.08 19:59:58.726,1.45371,1.45392,1.13,1.50
2013.10.08 19:59:58.786,1.4537,1.45392,1.88,1.50
2013.10.08 19:59:59.636,1.4537,1.45392,1.13,2.40
