2014.06.26 09:00:00.091,1.51995,1.52009,1.00,1.77
2014.06.26 09:00:00.142,1.51995,1.52009,1.00,1.02
2014.06.26 09:00:00.197,1.51991,1.52009,1.00,1.77
2014.06.26 09:00:00.851,1.51992,1.52009,1.00,1.10
2014.06.26 09:00:00.953,1.52,1.52015,1.00,1.65
2014.06.26 09:00:01.004,1.52,1.52015,1.00,1.35
2014.06.26 09:00:01.055,1.51996,1.52014,1.19,1.18
2014.06.26 09:00:01.565,1.51996,1.52014,1.19,1.00
2014.06.26 09:00:02.077,1.51996,1.52014,1.19,1.00
2014.06.26 09:00:02.481,1.51994,1.52009,1.19,1.00
2014.06.26 09:00:03.055,1.51993,1.52009,2.07,1.00
2014.06.26 09:00:03.283,1.51996,1.52014,1.19,1.00
2014.06.26 09:00:04.002,1.51996,1.52014,1.19,1.00
2014.06.26 09:00:04.360,1.52001,1.52019,1.00,1.65
2014.06.26 09:00:04.563,1.52001,1.5202,1.19,1.13
2014.06.26 09:00:04.614,1.52001,1.5202,1.19,1.00
2014.06.26 09:00:05.136,1.52003,1.52024,3.19,1.65
2014.06.26 09:00:05.187,1.52004,1.52024,1.69,1.65
2014.06.26 09:00:05.501,1.52007,1.52019,1.50,1.00
2014.06.26 09:00:05.704,1.52005,1.52025,1.69,1.00
2014.06.26 09:00:05.907,1.52005,1.52019,1.19,1.00
2014.06.26 09:00:06.009,1.52006,1.52024,1.25,1.00
2014.06.26 09:00:06.111,1.52005,1.52019,1.19,1.00
2014.06.26 09:00:06.314,1.52004,1.52019,1.25,1.00
2014.06.26 09:00:06.844,1.52,1.5202,2.44,1.10
2014.06.26 09:00:07.368,1.52005,1.52022,1.00,1.65
2014.06.26 09:00:07.471,1.52001,1.52019,1.19,1.00
2014.06.26 09:00:08.160,1.52,1.5202,1.69,1.10
2014.06.26 09:00:08.313,1.52002,1.5202,2.44,1.10
2014.06.26 09:00:08.618,1.52014,1.5203,1.69,1.00
2014.06.26 09:00:08.923,1.52016,1.52029,1.19,1.00
2014.06.26 09:00:09.079,1.52017,1.52035,1.69,1.10
2014.06.26 09:00:09.233,1.52015,1.52035,1.69,1.88
2014.06.26 09:00:09.436,1.52021,1.52039,1.38,1.25
2014.06.26 09:00:09.487,1.52021,1.52037,1.38,1.00
2014.06.26 09:00:09.691,1.52021,1.52039,1.88,1.25
2014.06.26 09:00:09.742,1.52022,1.52034,2.07,1.00
2014.06.26 09:00:09.894,1.52023,1.52039,1.32,1.00
2014.06.26 09:00:10.525,1.52025,1.52045,1.19,2.25
2014.06.26 09:00:10.576,1.52025,1.52045,1.19,1.38
2014.06.26 09:00:10.678,1.52025,1.52045,1.19,1.38
2014.06.26 09:00:10.729,1.52031,1.52046,1.00,1.38
2014.06.26 09:00:10.882,1.52026,1.52046,1.19,1.88
2014.06.26 09:00:10.934,1.52026,1.52043,1.19,1.38
2014.06.26 09:00:11.138,1.52025,1.52045,1.25,1.55
2014.06.26 09:00:11.443,1.52026,1.52043,1.00,1.90
2014.06.26 09:00:11.866,1.52021,1.52039,1.69,1.00
2014.06.26 09:00:12.387,1.52021,1.5204,2.44,1.00
2014.06.26 09:00:12.902,1.52021,1.52039,2.44,1.00
2014.06.26 09:00:13.410,1.52021,1.5204,1.69,1.00
2014.06.26 09:00:13.588,1.52021,1.52034,1.69,1.00
2014.06.26 09:00:13.850,1.52021,1.52039,1.27,1.00
2014.06.26 09:00:14.054,1.52025,1.52045,1.00,1.57
2014.06.26 09:00:14.409,1.52021,1.52039,2.52,1.00
2014.06.26 09:00:15.948,1.52026,1.52044,1.00,1.19
2014.06.26 09:00:16.449,1.52025,1.52045,1.00,3.72
2014.06.26 09:00:16.685,1.52025,1.52045,1.00,3.72
2014.06.26 09:00:17.378,1.52025,1.52045,1.00,4.09
2014.06.26 09:00:17.894,1.52025,1.52045,1.19,2.25
2014.06.26 09:00:17.945,1.52025,1.52045,1.19,1.88
2014.06.26 09:00:18.456,1.52026,1.52044,1.25,1.00
2014.06.26 09:00:18.648,1.52022,1.52039,2.52,1.00
2014.06.26 09:00:19.571,1.52022,1.5204,2.52,1.00
2014.06.26 09:00:19.913,1.52022,1.5204,1.77,1.00
2014.06.26 09:00:20.234,1.52022,1.5204,1.00,1.00
2014.06.26 09:00:20.740,1.52022,1.5204,1.50,1.38
2014.06.26 09:00:20.809,1.52022,1.5204,1.69,1.00
2014.06.26 09:00:21.118,1.52022,1.52035,1.69,1.00
2014.06.26 09:00:21.769,1.52024,1.52039,1.25,1.00
2014.06.26 09:00:22.980,1.52021,1.52039,3.57,1.00
2014.06.26 09:00:23.492,1.52021,1.5204,1.69,1.00
2014.06.26 09:00:23.645,1.5202,1.5204,1.29,1.00
2014.06.26 09:00:24.015,1.52019,1.52035,1.69,1.00
2014.06.26 09:00:24.537,1.52019,1.52034,1.69,1.00
2014.06.26 09:00:25.138,1.5202,1.5204,1.19,1.00
2014.06.26 09:00:25.955,1.5202,1.5204,1.25,1.25
2014.06.26 09:00:26.370,1.5202,1.52038,1.00,1.19
2014.06.26 09:00:26.676,1.52015,1.52029,1.29,1.00
2014.06.26 09:00:26.829,1.52014,1.5203,2.44,1.00
2014.06.26 09:00:27.287,1.52016,1.52034,1.19,1.00
2014.06.26 09:00:27.825,1.5202,1.52036,1.00,1.67
2014.06.26 09:00:27.927,1.52016,1.52034,1.00,1.00
2014.06.26 09:00:28.391,1.52013,1.5203,2.44,1.00
2014.06.26 09:00:28.599,1.52015,1.52034,1.19,1.55
2014.06.26 09:00:28.810,1.52013,1.52029,1.69,1.00
2014.06.26 09:00:28.986,1.52013,1.52029,1.19,1.00
2014.06.26 09:00:29.489,1.52013,1.5203,1.19,1.00
2014.06.26 09:00:29.717,1.52013,1.52024,1.19,1.00
2014.06.26 09:00:30.128,1.52013,1.52029,1.19,1.00
2014.06.26 09:00:30.902,1.52013,1.5203,1.19,1.00
2014.06.26 09:00:31.156,1.52016,1.52034,1.25,1.08
2014.06.26 09:00:31.308,1.52018,1.52034,1.00,1.00
2014.06.26 09:00:31.644,1.52018,1.52029,1.00,1.00
2014.06.26 09:00:31.894,1.52018,1.52035,1.00,1.00
2014.06.26 09:00:32.255,1.52018,1.52034,1.29,1.00
2014.06.26 09:00:32.651,1.52021,1.52039,1.00,1.00
2014.06.26 09:00:33.408,1.52021,1.52034,1.00,1.00
2014.06.26 09:00:33.917,1.52022,1.52034,1.00,1.00
2014.06.26 09:00:37.958,1.52026,1.52044,1.00,1.69
2014.06.26 09:00:38.241,1.52026,1.52044,1.00,1.50
2014.06.26 09:00:40.807,1.52023,1.52039,1.63,1.00
2014.06.26 09:00:40.909,1.52025,1.52045,1.00,1.25
2014.06.26 09:00:41.317,1.52023,1.52039,1.47,1.00
2014.06.26 09:00:41.636,1.52021,1.52039,1.02,1.13
2014.06.26 09:00:41.687,1.5202,1.52034,1.27,1.00
2014.06.26 09:00:41.997,1.52011,1.52029,1.00,1.00
2014.06.26 09:00:42.099,1.5201,1.52025,1.25,1.00
2014.06.26 09:00:42.354,1.52006,1.52024,1.30,1.00
2014.06.26 09:00:42.862,1.52001,1.52019,2.74,1.00
2014.06.26 09:00:43.171,1.52001,1.52019,1.69,1.00
2014.06.26 09:00:43.323,1.52005,1.52022,1.25,1.58
2014.06.26 09:00:44.509,1.52005,1.52022,1.00,1.65
2014.06.26 09:00:44.662,1.52001,1.52019,1.19,1.00
2014.06.26 09:00:44.866,1.52006,1.52022,1.00,1.65
2014.06.26 09:00:45.657,1.52005,1.52022,1.00,1.65
2014.06.26 09:00:47.043,1.52,1.5202,1.69,1.00
2014.06.26 09:00:47.561,1.52006,1.52022,1.00,1.28
2014.06.26 09:00:48.107,1.52001,1.52019,2.59,1.00
2014.06.26 09:00:48.950,1.52001,1.52019,3.34,1.00
2014.06.26 09:00:49.309,1.52005,1.52025,1.25,2.63
2014.06.26 09:00:49.360,1.52005,1.52025,1.25,1.00
2014.06.26 09:00:49.453,1.52005,1.52025,1.69,1.00
2014.06.26 09:00:49.966,1.52006,1.52024,1.19,1.00
2014.06.26 09:00:50.482,1.52005,1.52025,1.19,1.50
2014.06.26 09:00:50.787,1.52004,1.52024,1.19,1.00
2014.06.26 09:00:52.381,1.52004,1.52024,1.19,1.50
2014.06.26 09:00:52.790,1.52006,1.52024,1.00,1.40
2014.06.26 09:00:52.892,1.52003,1.52025,1.19,2.22
2014.06.26 09:00:52.943,1.52003,1.52025,1.19,1.92
2014.06.26 09:00:53.045,1.52008,1.52025,1.25,1.00
2014.06.26 09:00:53.211,1.52006,1.52024,1.00,1.00
2014.06.26 09:00:54.468,1.52005,1.52025,1.25,1.25
2014.06.26 09:00:54.976,1.52006,1.52024,1.25,1.00
2014.06.26 09:00:56.739,1.52006,1.52022,1.25,1.00
2014.06.26 09:00:56.842,1.52006,1.52024,1.25,1.00
2014.06.26 09:00:57.489,1.52006,1.52024,1.00,1.08
2014.06.26 09:00:58.092,1.52006,1.52022,1.00,1.20
2014.06.26 09:00:58.597,1.52006,1.52024,1.00,2.18
2014.06.26 09:00:59.990,1.52006,1.52024,1.00,1.00
2014.06.26 09:01:02.036,1.52006,1.52024,1.19,1.00
2014.06.26 09:01:02.638,1.52011,1.52027,1.00,1.00
2014.06.26 09:01:03.146,1.52011,1.52026,1.00,1.20
2014.06.26 09:01:03.952,1.5201,1.52026,1.00,1.20
2014.06.26 09:01:04.469,1.5201,1.52028,1.00,1.39
2014.06.26 09:01:04.877,1.52011,1.52027,1.00,1.00
2014.06.26 09:01:05.030,1.52012,1.52029,1.00,1.00
2014.06.26 09:01:05.081,1.52012,1.52029,1.19,1.00
2014.06.26 09:01:05.435,1.52013,1.52025,1.19,1.00
2014.06.26 09:01:06.166,1.52013,1.52029,1.19,2.03
2014.06.26 09:01:06.268,1.52011,1.52025,1.19,1.00
2014.06.26 09:01:06.668,1.52011,1.52025,1.25,1.00
2014.06.26 09:01:06.720,1.52011,1.52028,1.25,1.58
2014.06.26 09:01:08.590,1.5201,1.52028,1.25,1.58
2014.06.26 09:01:09.734,1.5201,1.5203,1.19,2.03
2014.06.26 09:01:09.886,1.52011,1.52029,1.25,1.00
2014.06.26 09:01:10.090,1.52006,1.52024,3.19,1.00
2014.06.26 09:01:10.413,1.5201,1.5203,1.25,3.27
2014.06.26 09:01:10.717,1.5201,1.5203,1.19,2.25
2014.06.26 09:01:11.124,1.5201,1.5203,2.22,1.00
2014.06.26 09:01:11.458,1.52016,1.52032,1.00,1.00
2014.06.26 09:01:11.975,1.52015,1.52032,1.00,1.00
2014.06.26 09:01:12.128,1.52015,1.52035,1.00,3.79
2014.06.26 09:01:12.645,1.52016,1.52034,1.00,1.69
2014.06.26 09:01:12.848,1.52021,1.52034,1.00,1.28
2014.06.26 09:01:13.356,1.5202,1.52037,1.25,1.13
2014.06.26 09:01:13.496,1.52016,1.52039,2.97,1.88
2014.06.26 09:01:13.597,1.52016,1.52037,2.97,1.20
2014.06.26 09:01:13.937,1.52016,1.52035,2.97,1.20
2014.06.26 09:01:14.241,1.52016,1.52035,2.22,1.20
2014.06.26 09:01:14.739,1.52021,1.52036,1.50,1.20
2014.06.26 09:01:14.790,1.52021,1.5204,1.69,1.58
2014.06.26 09:01:14.841,1.52021,1.5204,1.77,1.58
2014.06.26 09:01:14.893,1.52021,1.52043,1.77,1.13
2014.06.26 09:01:14.944,1.52026,1.52044,1.00,2.52
2014.06.26 09:01:15.045,1.52023,1.52044,1.19,1.77
2014.06.26 09:01:18.660,1.52023,1.52041,1.19,1.20
2014.06.26 09:01:19.108,1.52023,1.52043,1.00,1.28
2014.06.26 09:01:19.261,1.52025,1.52045,1.00,1.94
2014.06.26 09:01:21.037,1.52025,1.5204,1.00,1.50
2014.06.26 09:01:21.342,1.52018,1.52035,1.13,2.97
2014.06.26 09:01:21.444,1.52012,1.52034,1.19,1.92
2014.06.26 09:01:21.596,1.52012,1.52029,1.19,1.00
2014.06.26 09:01:21.901,1.52012,1.52025,1.19,1.00
2014.06.26 09:01:22.137,1.52012,1.52029,1.19,1.00
2014.06.26 09:01:22.290,1.52011,1.52029,1.50,1.00
2014.06.26 09:01:22.893,1.52011,1.52024,1.00,1.00
2014.06.26 09:01:23.818,1.52011,1.52029,1.50,1.00
2014.06.26 09:01:25.137,1.52011,1.5203,1.00,2.03
2014.06.26 09:01:25.651,1.52011,1.52029,1.00,1.00
2014.06.26 09:01:27.209,1.52011,1.52029,1.19,1.00
2014.06.26 09:01:29.253,1.52011,1.52029,1.19,1.00
2014.06.26 09:01:30.036,1.52011,1.5203,1.19,1.13
2014.06.26 09:01:30.221,1.52011,1.5203,1.25,1.13
2014.06.26 09:01:30.627,1.52011,1.52029,1.19,1.00
2014.06.26 09:01:33.647,1.52011,1.52029,1.77,1.00
2014.06.26 09:01:34.547,1.5201,1.52029,2.07,1.00
2014.06.26 09:01:35.563,1.52011,1.52032,1.19,1.10
2014.06.26 09:01:35.665,1.52011,1.52034,2.07,1.65
2014.06.26 09:01:35.970,1.52017,1.52029,1.19,1.00
2014.06.26 09:01:36.021,1.52017,1.52034,1.19,1.00
2014.06.26 09:01:36.072,1.5202,1.52034,1.19,1.00
2014.06.26 09:01:37.079,1.52019,1.52034,2.07,1.00
2014.06.26 09:01:38.215,1.52021,1.52039,1.19,1.00
2014.06.26 09:01:39.868,1.52021,1.52041,1.19,1.30
2014.06.26 09:01:40.122,1.52021,1.52039,1.19,1.00
2014.06.26 09:01:40.426,1.52021,1.52041,1.19,1.30
2014.06.26 09:01:43.648,1.5202,1.5204,1.19,1.00
2014.06.26 09:01:44.232,1.5202,1.5204,1.19,1.00
2014.06.26 09:01:45.255,1.52021,1.52039,1.19,1.00
2014.06.26 09:01:46.130,1.52021,1.52039,1.19,1.00
2014.06.26 09:01:47.938,1.5202,1.52042,1.32,1.35
2014.06.26 09:01:48.629,1.5202,1.52042,1.32,1.35
2014.06.26 09:01:49.162,1.5202,1.52042,1.32,1.35
2014.06.26 09:01:50.065,1.52021,1.52044,1.19,2.67
2014.06.26 09:01:53.177,1.52026,1.52044,1.00,2.67
2014.06.26 09:01:54.321,1.52026,1.52044,1.00,2.29
2014.06.26 09:01:58.036,1.52021,1.52044,1.19,2.22
2014.06.26 09:01:58.137,1.52021,1.52044,1.19,2.07
2014.06.26 09:01:58.239,1.52021,1.52042,1.19,1.45
2014.06.26 09:01:59.156,1.52021,1.52042,1.69,2.18
2014.06.26 09:02:01.485,1.52021,1.52042,1.69,2.18
2014.06.26 09:02:01.699,1.52021,1.52042,1.69,2.18
2014.06.26 09:02:02.231,1.52021,1.52039,1.19,1.00
2014.06.26 09:02:04.162,1.52021,1.52039,1.19,1.00
2014.06.26 09:02:04.803,1.52021,1.5204,1.19,1.20
2014.06.26 09:02:05.323,1.52021,1.5204,1.19,1.20
2014.06.26 09:02:09.972,1.52026,1.52042,1.00,1.00
2014.06.26 09:02:10.075,1.52021,1.52039,1.69,1.00
2014.06.26 09:02:10.178,1.52026,1.52044,1.00,2.29
2014.06.26 09:02:10.880,1.52025,1.52044,1.00,1.39
2014.06.26 09:02:11.207,1.52021,1.5204,1.39,1.00
2014.06.26 09:02:11.275,1.52025,1.52045,1.00,1.69
2014.06.26 09:02:12.293,1.52025,1.52045,1.00,1.00
2014.06.26 09:02:13.319,1.52025,1.52045,1.19,1.00
2014.06.26 09:02:14.135,1.52025,1.52044,1.19,1.00
2014.06.26 09:02:14.242,1.52025,1.52042,1.00,1.00
2014.06.26 09:02:14.395,1.5202,1.5204,1.19,1.58
2014.06.26 09:02:14.699,1.5202,1.52038,1.19,1.00
2014.06.26 09:02:15.218,1.5202,1.52039,1.19,1.00
2014.06.26 09:02:15.725,1.5202,1.52039,1.25,1.00
2014.06.26 09:02:18.236,1.5202,1.52034,1.00,1.00
2014.06.26 09:02:18.439,1.52011,1.52029,1.27,1.00
2014.06.26 09:02:19.447,1.52012,1.52033,1.13,1.47
2014.06.26 09:02:19.994,1.52012,1.52033,1.32,1.47
2014.06.26 09:02:20.604,1.52012,1.52034,1.32,1.84
2014.06.26 09:02:21.386,1.52011,1.52032,1.19,1.48
2014.06.26 09:02:21.437,1.5201,1.5203,1.50,1.25
2014.06.26 09:02:21.591,1.5201,1.52028,1.00,1.00
2014.06.26 09:02:21.895,1.52011,1.52027,1.00,1.18
2014.06.26 09:02:22.098,1.52007,1.52025,1.00,1.00
2014.06.26 09:02:22.919,1.52007,1.52025,1.19,1.00
2014.06.26 09:02:23.884,1.52007,1.52025,1.25,1.00
2014.06.26 09:02:24.934,1.52007,1.52025,1.19,1.00
2014.06.26 09:02:26.206,1.52006,1.52025,1.25,1.58
2014.06.26 09:02:26.359,1.52015,1.52026,1.00,1.33
2014.06.26 09:02:26.614,1.52011,1.52028,1.00,1.19
2014.06.26 09:02:26.906,1.52016,1.52028,1.00,1.19
2014.06.26 09:02:27.401,1.52016,1.52028,1.00,1.25
2014.06.26 09:02:28.155,1.5201,1.52028,1.00,1.25
2014.06.26 09:02:28.257,1.5201,1.52028,1.00,1.84
2014.06.26 09:02:28.409,1.5201,1.52028,1.00,1.65
2014.06.26 09:02:28.925,1.52011,1.52028,1.00,1.00
2014.06.26 09:02:30.421,1.52016,1.52028,1.00,1.00
2014.06.26 09:02:30.876,1.52016,1.52025,1.00,1.00
2014.06.26 09:02:31.142,1.5201,1.52025,1.00,1.00
2014.06.26 09:02:32.927,1.52005,1.52025,1.69,1.69
2014.06.26 09:02:33.333,1.5201,1.52026,1.00,1.19
2014.06.26 09:02:34.187,1.5201,1.52025,1.00,1.39
2014.06.26 09:02:35.150,1.5201,1.52025,1.00,1.20
2014.06.26 09:02:36.337,1.52011,1.52025,1.00,1.20
2014.06.26 09:02:36.439,1.52006,1.52024,1.00,1.00
2014.06.26 09:02:36.643,1.5201,1.52028,1.00,1.08
2014.06.26 09:02:37.007,1.52015,1.52029,1.00,2.22
2014.06.26 09:02:37.395,1.5201,1.52029,1.00,2.22
2014.06.26 09:02:38.825,1.52015,1.5203,1.00,2.67
2014.06.26 09:02:39.402,1.52016,1.5203,1.00,2.22
2014.06.26 09:02:39.822,1.5201,1.5203,1.25,2.07
2014.06.26 09:02:40.378,1.5201,1.5203,1.19,2.78
2014.06.26 09:02:40.955,1.5201,1.5203,1.19,2.40
2014.06.26 09:02:41.361,1.52016,1.5203,1.00,1.65
2014.06.26 09:02:42.125,1.52011,1.52029,1.25,1.00
2014.06.26 09:02:42.674,1.52016,1.5203,1.00,1.69
2014.06.26 09:02:43.406,1.52016,1.5203,1.00,2.59
2014.06.26 09:02:44.320,1.52016,1.52029,1.00,1.63
2014.06.26 09:02:44.815,1.5201,1.52027,1.00,1.20
2014.06.26 09:02:45.114,1.52015,1.52027,1.00,1.20
2014.06.26 09:02:45.865,1.52011,1.52027,1.00,1.20
2014.06.26 09:02:46.186,1.52011,1.52023,1.00,1.00
2014.06.26 09:02:46.237,1.52006,1.52021,1.00,1.25
2014.06.26 09:02:46.338,1.52002,1.52019,1.00,2.67
2014.06.26 09:02:46.441,1.52001,1.52018,1.00,1.38
2014.06.26 09:02:47.424,1.52001,1.52018,1.00,1.57
2014.06.26 09:02:48.656,1.52005,1.52016,1.00,1.20
2014.06.26 09:02:50.815,1.52001,1.52016,1.00,1.20
2014.06.26 09:02:52.801,1.52,1.52016,1.00,1.20
2014.06.26 09:02:53.016,1.51996,1.52014,2.07,1.00
2014.06.26 09:02:53.170,1.52001,1.52017,1.00,1.09
2014.06.26 09:02:53.713,1.52001,1.52016,1.00,1.02
2014.06.26 09:02:54.057,1.52006,1.52016,1.00,1.02
2014.06.26 09:02:54.599,1.52005,1.52016,1.00,1.65
2014.06.26 09:02:56.225,1.52005,1.52015,1.00,1.20
2014.06.26 09:02:56.276,1.52,1.52015,1.00,1.09
2014.06.26 09:02:56.378,1.51998,1.52014,1.00,1.00
2014.06.26 09:02:56.481,1.51996,1.52014,1.00,1.65
2014.06.26 09:02:56.583,1.52001,1.52013,1.00,1.20
2014.06.26 09:02:56.684,1.52001,1.52015,1.00,3.49
2014.06.26 09:02:57.150,1.51996,1.52014,1.00,1.00
2014.06.26 09:02:57.457,1.52,1.52017,1.00,2.22
2014.06.26 09:02:59.422,1.52,1.52018,1.00,1.69
2014.06.26 09:03:00.207,1.52001,1.52017,1.00,1.19
2014.06.26 09:03:00.715,1.52001,1.52017,1.00,1.00
2014.06.26 09:03:01.260,1.52001,1.52019,1.00,1.19
2014.06.26 09:03:01.775,1.52001,1.52019,1.00,1.19
2014.06.26 09:03:03.421,1.52001,1.52018,1.00,1.37
2014.06.26 09:03:04.975,1.52001,1.52019,1.00,1.84
2014.06.26 09:03:06.599,1.52,1.52019,1.00,1.34
2014.06.26 09:03:08.172,1.52001,1.52019,1.00,1.84
2014.06.26 09:03:08.874,1.52001,1.52019,1.00,1.69
2014.06.26 09:03:12.899,1.52001,1.52019,1.00,1.69
2014.06.26 09:03:13.859,1.52001,1.52016,1.00,1.00
2014.06.26 09:03:14.371,1.52,1.52015,1.00,1.02
2014.06.26 09:03:15.191,1.52001,1.52018,1.00,2.52
2014.06.26 09:03:16.632,1.51996,1.52014,1.00,1.00
2014.06.26 09:03:17.236,1.51996,1.52011,1.00,1.00
2014.06.26 09:03:17.750,1.51996,1.52013,1.00,1.70
2014.06.26 09:03:17.853,1.51991,1.52009,1.50,1.00
2014.06.26 09:03:18.373,1.5199,1.5201,1.50,1.47
2014.06.26 09:03:19.153,1.51996,1.52011,1.00,1.32
2014.06.26 09:03:19.213,1.51996,1.52011,1.00,1.32
2014.06.26 09:03:21.687,1.51996,1.52011,1.00,1.63
2014.06.26 09:03:22.675,1.51991,1.5201,1.00,1.13
2014.06.26 09:03:23.422,1.51991,1.52009,1.00,1.00
2014.06.26 09:03:26.654,1.51991,1.52009,1.00,1.19
2014.06.26 09:03:27.110,1.51985,1.52005,1.77,1.00
2014.06.26 09:03:27.761,1.51985,1.52005,1.33,1.00
2014.06.26 09:03:29.185,1.51991,1.52007,1.00,1.39
2014.06.26 09:03:30.867,1.51985,1.52005,1.08,1.00
2014.06.26 09:03:31.171,1.5199,1.52006,1.00,1.25
2014.06.26 09:03:32.188,1.5199,1.5201,1.00,2.14
2014.06.26 09:03:34.164,1.51991,1.52009,1.00,1.19
2014.06.26 09:03:35.204,1.51991,1.52009,1.00,1.19
2014.06.26 09:03:41.159,1.51991,1.52009,1.00,1.32
2014.06.26 09:03:43.172,1.51991,1.52009,1.00,1.19
2014.06.26 09:03:44.263,1.51991,1.52009,1.00,1.25
2014.06.26 09:03:44.749,1.51986,1.52005,2.89,1.00
2014.06.26 09:03:44.856,1.5199,1.5201,1.00,1.39
2014.06.26 09:03:45.191,1.51986,1.52004,3.64,1.00
2014.06.26 09:03:45.495,1.51986,1.52004,3.00,1.00
2014.06.26 09:03:45.546,1.5199,1.5201,1.00,2.52
2014.06.26 09:03:46.124,1.5199,1.52008,1.00,1.20
2014.06.26 09:03:46.714,1.5199,1.52008,1.00,1.39
2014.06.26 09:03:47.254,1.5199,1.5201,1.00,1.92
2014.06.26 09:03:48.223,1.5199,1.5201,1.00,1.92
2014.06.26 09:03:49.216,1.5199,1.5201,1.00,1.73
2014.06.26 09:03:51.093,1.5199,1.52,1.00,1.13
2014.06.26 09:03:51.195,1.51985,1.51999,1.00,1.00
2014.06.26 09:03:51.349,1.5198,1.52,1.00,1.57
2014.06.26 09:03:51.501,1.5198,1.52,1.69,1.00
2014.06.26 09:03:51.857,1.51981,1.51999,1.19,1.38
2014.06.26 09:03:51.908,1.51977,1.51994,2.03,1.13
2014.06.26 09:03:52.337,1.51986,1.52,1.00,2.59
2014.06.26 09:03:52.389,1.51986,1.52,1.00,1.39
2014.06.26 09:03:52.492,1.51986,1.52003,1.00,1.84
2014.06.26 09:03:52.645,1.51985,1.52003,1.00,1.32
2014.06.26 09:03:53.154,1.51986,1.52003,1.00,1.25
2014.06.26 09:03:54.350,1.51982,1.52003,1.19,1.00
2014.06.26 09:03:54.659,1.51986,1.52003,1.00,1.00
2014.06.26 09:03:59.593,1.51982,1.52004,1.19,1.29
2014.06.26 09:04:00.436,1.51985,1.52004,1.00,1.29
2014.06.26 09:04:00.741,1.5199,1.52007,1.00,1.65
2014.06.26 09:04:00.843,1.5199,1.5201,1.00,1.39
2014.06.26 09:04:01.147,1.51996,1.52011,1.00,1.32
2014.06.26 09:04:01.401,1.5199,1.5201,1.00,1.19
2014.06.26 09:04:05.134,1.51988,1.52004,1.58,1.00
2014.06.26 09:04:06.046,1.51994,1.52004,1.00,1.00
2014.06.26 09:04:06.352,1.51997,1.52004,1.25,1.00
2014.06.26 09:04:06.454,1.52,1.52018,1.00,1.57
2014.06.26 09:04:06.843,1.51997,1.52018,1.25,1.57
2014.06.26 09:04:07.641,1.51997,1.52018,1.25,1.47
2014.06.26 09:04:08.144,1.51997,1.52018,1.00,1.47
2014.06.26 09:04:09.263,1.51997,1.52018,1.00,1.47
2014.06.26 09:04:12.289,1.51997,1.52018,1.00,1.09
2014.06.26 09:04:12.893,1.51997,1.52018,1.00,1.47
2014.06.26 09:04:13.113,1.52001,1.52018,1.00,1.47
2014.06.26 09:04:15.106,1.51997,1.5202,1.38,2.22
2014.06.26 09:04:15.208,1.52005,1.52021,1.00,2.07
2014.06.26 09:04:15.360,1.52,1.5202,1.00,1.38
2014.06.26 09:04:15.411,1.52,1.5202,1.00,1.13
2014.06.26 09:04:15.912,1.51998,1.52019,1.77,1.00
2014.06.26 09:04:16.453,1.52001,1.52021,1.10,2.07
2014.06.26 09:04:17.178,1.51998,1.52019,1.77,1.00
2014.06.26 09:04:31.091,1.51998,1.52019,1.47,1.00
2014.06.26 09:04:31.963,1.51998,1.52019,1.47,1.25
2014.06.26 09:04:33.971,1.51998,1.52019,1.47,1.00
2014.06.26 09:04:34.591,1.52,1.52021,1.25,1.69
2014.06.26 09:04:35.195,1.52,1.52021,1.00,1.19
2014.06.26 09:04:35.982,1.52,1.52021,1.19,1.00
2014.06.26 09:04:37.144,1.52006,1.52021,1.00,1.00
2014.06.26 09:04:37.690,1.52006,1.52022,1.00,1.47
2014.06.26 09:04:44.141,1.52005,1.52024,1.69,1.00
2014.06.26 09:04:44.706,1.52007,1.52024,1.00,1.20
2014.06.26 09:04:44.808,1.52005,1.52024,1.25,1.20
2014.06.26 09:04:47.172,1.52005,1.52026,1.00,1.74
2014.06.26 09:04:47.658,1.52001,1.52023,1.19,1.47
2014.06.26 09:04:48.087,1.52001,1.52023,1.00,1.47
2014.06.26 09:04:49.131,1.52001,1.52023,1.25,1.47
2014.06.26 09:04:50.802,1.52005,1.52023,1.00,1.47
2014.06.26 09:04:52.094,1.52005,1.52023,1.00,1.47
2014.06.26 09:04:52.892,1.52001,1.52023,1.00,1.47
2014.06.26 09:04:54.105,1.52001,1.52023,1.00,1.47
2014.06.26 09:04:55.111,1.52001,1.52023,1.00,2.22
2014.06.26 09:04:57.654,1.52006,1.52021,1.00,1.28
2014.06.26 09:04:58.176,1.52001,1.52023,1.00,1.77
2014.06.26 09:04:59.374,1.52001,1.52021,1.00,1.57
2014.06.26 09:05:00.592,1.52,1.52018,1.00,1.47
2014.06.26 09:05:01.945,1.52,1.52017,1.00,1.20
2014.06.26 09:05:02.352,1.51998,1.52014,1.25,1.00
2014.06.26 09:05:03.220,1.51996,1.52014,1.50,1.25
2014.06.26 09:05:03.272,1.51996,1.52014,1.00,1.63
2014.06.26 09:05:03.374,1.51995,1.52014,1.00,1.39
2014.06.26 09:05:03.678,1.51991,1.52012,1.02,1.69
2014.06.26 09:05:06.483,1.5199,1.52012,1.25,1.69
2014.06.26 09:05:09.175,1.51991,1.52012,1.00,1.69
2014.06.26 09:05:09.735,1.51991,1.52012,1.25,1.69
2014.06.26 09:05:14.365,1.51996,1.52012,1.00,1.69
2014.06.26 09:05:14.700,1.51996,1.52012,1.00,2.44
2014.06.26 09:05:15.047,1.5199,1.5201,1.00,1.19
2014.06.26 09:05:15.628,1.5199,1.5201,1.25,1.25
2014.06.26 09:05:17.313,1.51996,1.5201,1.00,1.25
2014.06.26 09:05:18.633,1.5199,1.5201,1.00,1.50
2014.06.26 09:05:19.092,1.51996,1.5201,1.00,1.00
2014.06.26 09:05:20.917,1.5199,1.5201,1.00,1.25
2014.06.26 09:05:21.019,1.51996,1.5201,1.00,1.25
2014.06.26 09:05:21.835,1.51996,1.52009,1.00,1.00
2014.06.26 09:05:21.888,1.5199,1.52008,1.00,1.00
2014.06.26 09:05:22.423,1.51991,1.52008,1.00,1.00
2014.06.26 09:05:22.670,1.51995,1.52008,1.00,1.00
2014.06.26 09:05:22.864,1.51991,1.52008,1.00,1.00
2014.06.26 09:05:23.208,1.51991,1.52005,1.00,1.33
2014.06.26 09:05:23.615,1.51991,1.52009,1.00,3.72
2014.06.26 09:05:24.404,1.51995,1.52009,1.00,2.22
2014.06.26 09:05:24.658,1.51991,1.52009,1.00,2.97
2014.06.26 09:05:24.811,1.51991,1.52008,1.00,1.74
2014.06.26 09:05:25.091,1.51991,1.52009,1.00,2.97
2014.06.26 09:05:25.956,1.51996,1.5201,1.00,1.77
2014.06.26 09:05:26.737,1.51996,1.52008,1.00,1.47
2014.06.26 09:05:26.840,1.51991,1.52008,1.00,1.47
2014.06.26 09:05:27.372,1.51995,1.52008,1.00,1.60
2014.06.26 09:05:27.894,1.51995,1.52009,1.00,1.74
2014.06.26 09:05:28.148,1.51991,1.52006,1.00,1.20
2014.06.26 09:05:28.503,1.51991,1.52009,1.00,1.55
2014.06.26 09:05:29.010,1.5199,1.52008,1.00,2.29
2014.06.26 09:05:29.804,1.5199,1.52008,1.00,1.39
2014.06.26 09:05:30.135,1.51996,1.52008,1.00,1.39
2014.06.26 09:05:30.343,1.5199,1.5201,1.00,1.78
2014.06.26 09:05:30.597,1.51995,1.5201,1.00,1.92
2014.06.26 09:05:31.624,1.51995,1.5201,1.00,2.37
2014.06.26 09:05:31.675,1.51991,1.52009,1.00,1.37
2014.06.26 09:05:31.827,1.51991,1.52009,1.00,1.74
2014.06.26 09:05:31.929,1.51986,1.52004,1.88,1.63
2014.06.26 09:05:32.183,1.51986,1.52003,1.00,1.73
2014.06.26 09:05:32.795,1.51982,1.51999,1.32,1.00
2014.06.26 09:05:32.898,1.51985,1.52003,1.00,1.20
2014.06.26 09:05:33.203,1.5199,1.52004,1.00,1.02
2014.06.26 09:05:33.255,1.5199,1.52005,1.00,2.37
2014.06.26 09:05:34.118,1.51986,1.52002,1.00,1.00
2014.06.26 09:05:34.170,1.51986,1.52002,1.00,2.33
2014.06.26 09:05:34.699,1.51985,1.52002,1.00,1.43
2014.06.26 09:05:35.206,1.51986,1.52,1.00,1.30
2014.06.26 09:05:35.737,1.51985,1.52003,1.00,1.77
2014.06.26 09:05:36.285,1.51986,1.52,1.00,1.30
2014.06.26 09:05:37.292,1.51986,1.52003,1.00,1.55
2014.06.26 09:05:37.495,1.51986,1.52004,1.00,1.69
2014.06.26 09:05:38.573,1.51986,1.52004,1.69,1.00
2014.06.26 09:05:39.107,1.51986,1.52005,1.19,1.13
2014.06.26 09:05:41.619,1.51986,1.52005,1.25,1.13
2014.06.26 09:05:41.977,1.51988,1.52004,1.00,1.00
2014.06.26 09:05:42.482,1.51988,1.52004,1.19,1.00
2014.06.26 09:05:43.195,1.51988,1.52004,1.00,1.00
2014.06.26 09:05:44.489,1.51987,1.52004,1.69,1.00
2014.06.26 09:05:45.522,1.51987,1.52004,2.44,1.00
2014.06.26 09:05:49.521,1.51987,1.52004,1.69,1.00
2014.06.26 09:05:50.078,1.51987,1.52005,1.69,1.00
2014.06.26 09:05:50.646,1.51987,1.52005,1.00,1.13
2014.06.26 09:05:51.521,1.51985,1.52005,2.07,1.38
2014.06.26 09:05:51.829,1.51985,1.52004,1.00,1.78
2014.06.26 09:05:51.880,1.51983,1.51999,1.00,1.00
2014.06.26 09:05:51.982,1.51986,1.52004,1.00,3.72
2014.06.26 09:05:52.085,1.51981,1.52,1.00,1.00
2014.06.26 09:05:52.190,1.51986,1.52002,1.00,1.15
2014.06.26 09:05:52.393,1.51981,1.51999,1.69,1.00
2014.06.26 09:05:52.648,1.51986,1.52004,1.00,3.42
2014.06.26 09:05:53.814,1.51985,1.52004,1.00,2.67
2014.06.26 09:05:53.866,1.51985,1.52004,1.00,2.29
2014.06.26 09:05:54.219,1.51985,1.52,1.00,1.20
2014.06.26 09:05:54.652,1.51985,1.52003,1.00,1.30
2014.06.26 09:05:55.185,1.51986,1.52004,1.00,2.03
2014.06.26 09:05:57.672,1.51986,1.52004,1.08,1.13
2014.06.26 09:05:58.724,1.51986,1.52003,1.08,1.20
2014.06.26 09:05:58.775,1.51984,1.51999,1.20,1.00
2014.06.26 09:05:58.826,1.51984,1.51999,1.15,1.00
2014.06.26 09:05:58.927,1.51989,1.52003,1.00,1.00
2014.06.26 09:05:59.232,1.51989,1.52004,1.20,1.00
2014.06.26 09:05:59.536,1.51989,1.52004,1.10,1.00
2014.06.26 09:06:00.065,1.51989,1.52005,1.10,1.00
2014.06.26 09:06:02.902,1.5199,1.52005,1.00,1.00
2014.06.26 09:06:02.953,1.51991,1.52005,1.18,1.00
2014.06.26 09:06:03.055,1.51991,1.52009,1.84,1.13
2014.06.26 09:06:03.309,1.51991,1.52005,1.09,1.00
2014.06.26 09:06:03.943,1.51987,1.52,1.02,1.00
2014.06.26 09:06:03.995,1.51986,1.52,1.84,1.00
2014.06.26 09:06:04.047,1.51986,1.52004,1.40,1.20
2014.06.26 09:06:04.250,1.51986,1.52004,1.09,1.00
2014.06.26 09:06:04.352,1.51987,1.52004,1.15,1.00
2014.06.26 09:06:09.149,1.51986,1.52004,1.18,1.00
2014.06.26 09:06:09.687,1.51986,1.52004,1.00,1.25
2014.06.26 09:06:10.305,1.51986,1.52004,1.00,1.63
2014.06.26 09:06:14.626,1.51986,1.52004,1.00,1.38
2014.06.26 09:06:15.641,1.51982,1.52,1.19,1.00
2014.06.26 09:06:16.199,1.51982,1.51999,1.19,1.00
2014.06.26 09:06:18.612,1.51981,1.51999,1.84,1.00
2014.06.26 09:06:23.604,1.51981,1.51999,1.84,1.00
2014.06.26 09:06:25.556,1.51986,1.52001,1.00,1.20
2014.06.26 09:06:25.664,1.51986,1.52003,1.00,1.28
2014.06.26 09:06:27.000,1.51982,1.52,1.69,1.00
2014.06.26 09:06:27.724,1.51984,1.52,1.69,1.00
2014.06.26 09:06:29.031,1.51982,1.52,1.19,1.00
2014.06.26 09:06:29.343,1.51986,1.52004,1.00,2.78
2014.06.26 09:06:31.883,1.51986,1.52004,1.00,2.07
2014.06.26 09:06:32.623,1.51985,1.52004,1.02,1.20
2014.06.26 09:06:33.161,1.51985,1.52005,1.02,1.25
2014.06.26 09:06:33.585,1.51985,1.52003,1.02,1.20
2014.06.26 09:06:34.608,1.51986,1.52003,1.00,1.20
2014.06.26 09:06:35.205,1.51986,1.52004,1.00,1.13
2014.06.26 09:06:36.806,1.51985,1.52005,1.00,2.03
2014.06.26 09:06:37.114,1.5199,1.52005,1.00,1.28
2014.06.26 09:06:37.321,1.51986,1.52004,1.25,1.00
2014.06.26 09:06:38.532,1.51991,1.52006,1.00,1.38
2014.06.26 09:06:42.153,1.51991,1.52004,1.00,1.20
2014.06.26 09:06:42.820,1.51991,1.52006,1.00,2.22
2014.06.26 09:06:45.765,1.51991,1.52006,1.00,2.22
2014.06.26 09:06:45.901,1.51986,1.52004,1.00,1.25
2014.06.26 09:06:50.192,1.51991,1.52006,1.00,2.97
2014.06.26 09:06:51.115,1.51985,1.52005,1.00,2.03
2014.06.26 09:06:52.034,1.51985,1.52003,1.25,1.00
2014.06.26 09:06:52.540,1.51986,1.52003,1.00,1.20
2014.06.26 09:06:53.371,1.51986,1.52004,1.00,1.25
2014.06.26 09:06:53.677,1.51991,1.52008,1.00,1.09
2014.06.26 09:06:54.578,1.51991,1.52007,1.00,1.39
2014.06.26 09:06:55.352,1.51991,1.52004,1.00,1.00
2014.06.26 09:06:55.860,1.51991,1.52005,1.00,2.07
2014.06.26 09:06:56.266,1.51991,1.52003,1.00,1.00
2014.06.26 09:06:56.776,1.51991,1.52005,1.00,2.82
2014.06.26 09:06:56.979,1.51991,1.52003,1.00,1.00
2014.06.26 09:06:57.486,1.51991,1.52005,1.00,2.07
2014.06.26 09:06:59.849,1.51991,1.52007,1.00,1.19
2014.06.26 09:07:00.103,1.51986,1.52004,1.00,1.00
2014.06.26 09:07:00.205,1.51986,1.52001,1.00,1.20
2014.06.26 09:07:00.409,1.51986,1.52004,1.00,1.65
2014.06.26 09:07:00.511,1.51986,1.52002,1.00,1.20
2014.06.26 09:07:01.121,1.51985,1.52002,1.20,1.20
2014.06.26 09:07:01.425,1.5199,1.52004,1.00,1.20
2014.06.26 09:07:01.946,1.51991,1.52004,1.00,1.20
2014.06.26 09:07:03.922,1.51991,1.52003,1.00,1.20
2014.06.26 09:07:04.075,1.51985,1.52002,1.10,1.20
2014.06.26 09:07:04.177,1.51985,1.52,1.10,1.20
2014.06.26 09:07:06.563,1.51985,1.51998,1.00,1.20
2014.06.26 09:07:07.116,1.51985,1.51999,1.00,1.20
2014.06.26 09:07:08.463,1.51985,1.52002,1.00,1.20
2014.06.26 09:07:09.096,1.51985,1.52003,1.00,1.92
2014.06.26 09:07:09.669,1.51985,1.52,1.00,1.20
2014.06.26 09:07:10.177,1.51986,1.52001,1.00,1.20
2014.06.26 09:07:11.188,1.51986,1.51998,1.00,1.20
2014.06.26 09:07:17.041,1.51986,1.52001,1.00,1.09
2014.06.26 09:07:17.143,1.51986,1.51999,1.00,1.20
2014.06.26 09:07:19.556,1.51986,1.52001,1.00,1.39
2014.06.26 09:07:20.425,1.51986,1.52001,1.00,1.00
2014.06.26 09:07:20.983,1.51986,1.52,1.00,1.20
2014.06.26 09:07:23.069,1.51986,1.52001,1.00,1.25
2014.06.26 09:07:23.882,1.51986,1.52001,1.00,1.84
2014.06.26 09:07:24.876,1.51986,1.52001,1.00,1.00
2014.06.26 09:07:25.181,1.51985,1.52,1.00,1.39
2014.06.26 09:07:25.906,1.51981,1.51998,1.00,1.17
2014.06.26 09:07:25.958,1.51981,1.51996,1.00,1.20
2014.06.26 09:07:27.178,1.51981,1.51997,1.00,1.32
2014.06.26 09:07:27.345,1.51976,1.51997,1.19,2.07
2014.06.26 09:07:27.915,1.51976,1.51997,1.00,1.32
2014.06.26 09:07:31.095,1.51975,1.51995,1.02,1.00
2014.06.26 09:07:32.671,1.51976,1.51995,1.00,1.00
2014.06.26 09:07:33.195,1.51975,1.51995,1.02,1.25
2014.06.26 09:07:34.909,1.51975,1.51994,1.10,1.65
2014.06.26 09:07:35.473,1.51976,1.51994,1.00,1.50
2014.06.26 09:07:36.924,1.51971,1.51989,2.82,1.00
2014.06.26 09:07:37.120,1.51976,1.51994,1.00,1.50
2014.06.26 09:07:37.928,1.51975,1.51994,1.00,1.00
2014.06.26 09:07:41.123,1.51976,1.51994,1.00,1.50
2014.06.26 09:07:42.433,1.51971,1.51989,3.64,1.00
2014.06.26 09:07:42.535,1.51971,1.51989,3.34,1.00
2014.06.26 09:07:43.047,1.51971,1.51989,2.59,1.00
2014.06.26 09:07:44.525,1.51976,1.51994,1.00,2.07
2014.06.26 09:07:45.084,1.51976,1.51994,1.00,1.50
2014.06.26 09:07:45.652,1.51975,1.51995,1.19,1.00
2014.06.26 09:07:46.216,1.51975,1.51995,1.19,1.00
2014.06.26 09:07:47.165,1.51975,1.51995,1.00,1.00
2014.06.26 09:07:47.950,1.51975,1.51993,1.00,1.20
2014.06.26 09:07:48.766,1.51976,1.51994,1.00,1.00
2014.06.26 09:07:49.298,1.51976,1.51994,1.00,1.19
2014.06.26 09:07:50.224,1.51976,1.51994,1.00,1.00
2014.06.26 09:07:55.430,1.51976,1.51993,1.25,1.20
2014.06.26 09:07:55.975,1.51976,1.51994,1.25,1.00
2014.06.26 09:07:56.860,1.51976,1.51994,1.77,1.00
2014.06.26 09:07:58.652,1.51976,1.51995,1.19,1.00
2014.06.26 09:08:00.061,1.51976,1.51994,1.19,1.00
2014.06.26 09:08:01.478,1.51978,1.51994,1.00,1.00
2014.06.26 09:08:01.783,1.51981,1.51998,1.00,1.39
2014.06.26 09:08:02.314,1.51981,1.51998,1.00,1.20
2014.06.26 09:08:04.351,1.51976,1.51994,1.25,1.00
2014.06.26 09:08:05.288,1.51976,1.51994,1.19,1.00
2014.06.26 09:08:05.791,1.51978,1.51994,1.00,1.00
2014.06.26 09:08:05.893,1.51981,1.51999,1.00,1.69
2014.06.26 09:08:07.296,1.51981,1.51999,1.50,1.19
2014.06.26 09:08:07.347,1.51978,1.51995,1.02,1.00
2014.06.26 09:08:07.702,1.51976,1.51994,1.25,1.20
2014.06.26 09:08:08.227,1.51975,1.51995,1.29,2.03
2014.06.26 09:08:08.278,1.51975,1.51995,1.29,2.03
2014.06.26 09:08:10.277,1.51978,1.51995,1.19,1.00
2014.06.26 09:08:12.294,1.51978,1.51995,1.25,1.00
2014.06.26 09:08:14.375,1.51978,1.51995,1.19,1.00
2014.06.26 09:08:15.342,1.51978,1.51995,1.25,1.00
2014.06.26 09:08:18.649,1.5198,1.52,1.00,3.72
2014.06.26 09:08:18.902,1.51978,1.51995,1.25,2.40
2014.06.26 09:08:19.004,1.51975,1.51995,1.84,2.40
2014.06.26 09:08:19.512,1.51975,1.51994,1.19,1.20
2014.06.26 09:08:19.692,1.51975,1.51991,1.19,1.00
2014.06.26 09:08:19.895,1.51971,1.51989,1.19,1.00
2014.06.26 09:08:19.997,1.51976,1.51993,1.00,1.48
2014.06.26 09:08:29.988,1.51976,1.51994,1.00,1.84
2014.06.26 09:08:30.808,1.51976,1.51994,1.00,2.22
2014.06.26 09:08:30.961,1.51967,1.51985,2.44,1.00
2014.06.26 09:08:31.115,1.51965,1.51985,1.15,1.25
2014.06.26 09:08:31.217,1.51965,1.51984,1.15,1.39
2014.06.26 09:08:31.319,1.51965,1.51984,1.15,1.39
2014.06.26 09:08:31.831,1.51966,1.51984,1.20,1.50
2014.06.26 09:08:32.085,1.51966,1.51983,1.20,1.39
2014.06.26 09:08:32.634,1.51965,1.51984,1.50,1.47
2014.06.26 09:08:33.228,1.51965,1.51983,1.50,1.20
2014.06.26 09:08:33.729,1.51965,1.51985,1.50,1.84
2014.06.26 09:08:34.149,1.51965,1.51983,1.50,1.20
2014.06.26 09:08:34.390,1.51965,1.51985,1.50,2.22
2014.06.26 09:08:34.745,1.51965,1.51983,1.00,1.20
2014.06.26 09:08:35.051,1.51965,1.51985,1.00,1.32
2014.06.26 09:08:36.859,1.51966,1.51984,1.00,1.00
2014.06.26 09:08:38.458,1.51971,1.51987,1.00,1.69
2014.06.26 09:08:39.450,1.51971,1.51989,1.00,1.63
2014.06.26 09:08:39.653,1.51976,1.5199,1.00,2.52
2014.06.26 09:08:39.755,1.51976,1.5199,1.00,2.33
2014.06.26 09:08:40.842,1.51981,1.51993,1.00,1.57
2014.06.26 09:08:40.995,1.51981,1.51996,1.00,1.00
2014.06.26 09:08:41.198,1.51975,1.51995,1.69,1.00
2014.06.26 09:08:41.403,1.51981,1.51997,1.00,1.09
2014.06.26 09:08:41.657,1.51981,1.51999,1.00,1.50
2014.06.26 09:08:47.569,1.51981,1.51996,1.00,1.20
2014.06.26 09:08:48.228,1.51981,1.51998,1.00,1.20
2014.06.26 09:08:51.379,1.5198,1.51998,1.25,1.20
2014.06.26 09:08:52.113,1.5198,1.51999,1.25,1.65
2014.06.26 09:09:00.004,1.5198,1.51996,1.00,1.20
2014.06.26 09:09:02.569,1.5198,1.51998,1.00,1.20
2014.06.26 09:09:03.091,1.5198,1.51996,1.00,1.20
2014.06.26 09:09:03.404,1.51975,1.5199,1.32,1.00
2014.06.26 09:09:03.557,1.51972,1.51987,1.25,1.20
2014.06.26 09:09:03.864,1.5197,1.51987,1.25,1.20
2014.06.26 09:09:03.967,1.51971,1.51989,1.00,1.00
2014.06.26 09:09:09.377,1.51971,1.51987,1.00,1.20
2014.06.26 09:09:09.480,1.51971,1.51989,1.00,2.59
2014.06.26 09:09:10.867,1.51971,1.51989,1.00,4.09
2014.06.26 09:09:13.837,1.51971,1.51989,1.00,4.28
2014.06.26 09:09:17.643,1.51971,1.51989,1.19,1.88
2014.06.26 09:09:17.950,1.51971,1.51984,1.69,1.00
2014.06.26 09:09:18.139,1.51973,1.5199,1.69,1.00
2014.06.26 09:09:18.648,1.51973,1.51989,1.69,1.00
2014.06.26 09:09:18.953,1.51975,1.51992,1.00,1.20
2014.06.26 09:09:20.457,1.51975,1.51993,1.25,1.20
2014.06.26 09:09:21.521,1.51976,1.51993,1.00,1.20
2014.06.26 09:09:21.573,1.51976,1.51991,1.00,1.20
2014.06.26 09:09:21.933,1.51973,1.51989,1.69,1.00
2014.06.26 09:09:22.137,1.51976,1.51991,1.00,1.20
2014.06.26 09:09:23.359,1.51976,1.51993,1.00,1.28
2014.06.26 09:09:34.658,1.51976,1.51994,1.00,1.25
2014.06.26 09:09:34.912,1.51976,1.51997,1.69,1.38
2014.06.26 09:09:35.013,1.51976,1.51998,1.69,1.77
2014.06.26 09:09:35.117,1.5198,1.51998,1.00,1.58
2014.06.26 09:09:35.421,1.51981,1.51999,1.77,1.00
2014.06.26 09:09:37.227,1.51984,1.51999,1.00,1.00
2014.06.26 09:09:37.734,1.51983,1.51999,1.25,1.00
2014.06.26 09:09:38.930,1.51983,1.51999,1.19,1.00
2014.06.26 09:09:40.817,1.51983,1.52,1.19,1.00
2014.06.26 09:09:41.024,1.51981,1.51999,1.10,1.00
2014.06.26 09:09:41.381,1.51983,1.51999,1.00,1.13
2014.06.26 09:09:41.685,1.51984,1.51999,1.69,1.00
2014.06.26 09:09:42.394,1.51986,1.52004,1.00,1.00
2014.06.26 09:09:43.717,1.51982,1.51999,1.69,1.00
2014.06.26 09:09:43.869,1.51982,1.51999,1.69,1.00
2014.06.26 09:09:43.920,1.51985,1.52001,1.00,1.20
2014.06.26 09:09:44.893,1.51985,1.52002,1.00,1.20
2014.06.26 09:09:45.666,1.51985,1.52,1.00,1.20
2014.06.26 09:09:46.651,1.51982,1.52,1.69,1.65
2014.06.26 09:09:47.118,1.51986,1.52,1.00,1.20
2014.06.26 09:09:47.220,1.51986,1.52004,1.00,1.37
2014.06.26 09:09:47.729,1.51986,1.52002,1.00,1.20
2014.06.26 09:09:49.168,1.51986,1.52001,1.00,1.20
2014.06.26 09:09:49.736,1.51986,1.52002,1.00,1.20
2014.06.26 09:09:51.368,1.51986,1.52,1.00,1.20
2014.06.26 09:09:51.901,1.51986,1.52001,1.00,1.20
2014.06.26 09:09:53.457,1.51986,1.52003,1.00,1.20
2014.06.26 09:09:54.682,1.51982,1.52,1.29,1.00
2014.06.26 09:09:55.418,1.51982,1.51999,1.29,1.00
2014.06.26 09:09:55.969,1.51982,1.52,1.29,1.00
2014.06.26 09:09:59.893,1.51986,1.52001,1.00,1.20
2014.06.26 09:10:00.453,1.51986,1.52002,1.00,1.20
2014.06.26 09:10:02.274,1.51986,1.52003,1.00,1.20
2014.06.26 09:10:03.301,1.51986,1.52002,1.00,1.20
2014.06.26 09:10:08.414,1.51985,1.52002,1.25,1.20
2014.06.26 09:10:09.762,1.51985,1.52004,1.00,1.24
2014.06.26 09:10:10.290,1.51985,1.52002,1.00,1.20
2014.06.26 09:10:10.797,1.51986,1.52004,1.00,1.84
2014.06.26 09:10:11.344,1.51986,1.52004,1.00,1.84
2014.06.26 09:10:11.524,1.51986,1.52004,1.00,1.65
2014.06.26 09:10:17.109,1.51985,1.52005,1.69,1.00
2014.06.26 09:10:17.363,1.51985,1.52005,2.14,1.00
2014.06.26 09:10:18.241,1.51985,1.52005,2.14,1.00
2014.06.26 09:10:18.823,1.51985,1.52005,1.00,1.00
2014.06.26 09:10:19.642,1.51986,1.52004,1.00,1.50
2014.06.26 09:10:20.411,1.51982,1.52004,1.84,1.50
2014.06.26 09:10:20.934,1.51982,1.52004,1.77,1.69
2014.06.26 09:10:21.548,1.51985,1.52004,1.00,1.25
2014.06.26 09:10:22.156,1.51986,1.52004,1.00,1.00
2014.06.26 09:10:22.359,1.5199,1.52007,1.00,1.19
2014.06.26 09:10:22.511,1.5199,1.52009,1.00,2.67
2014.06.26 09:10:22.715,1.51986,1.52004,1.84,1.00
2014.06.26 09:10:22.918,1.5199,1.52009,1.00,1.84
2014.06.26 09:10:23.472,1.5199,1.5201,1.00,1.20
2014.06.26 09:10:26.122,1.51996,1.52011,1.00,1.57
2014.06.26 09:10:26.630,1.51996,1.52011,1.00,1.88
2014.06.26 09:10:26.883,1.5199,1.5201,1.29,1.50
2014.06.26 09:10:27.447,1.5199,1.5201,1.25,1.32
2014.06.26 09:10:27.991,1.51991,1.52009,1.00,1.00
2014.06.26 09:10:28.858,1.51987,1.52004,1.09,1.00
2014.06.26 09:10:29.062,1.5199,1.5201,1.00,4.09
2014.06.26 09:10:29.290,1.51986,1.52004,1.39,1.00
2014.06.26 09:10:29.598,1.51986,1.52004,1.84,1.00
2014.06.26 09:10:30.674,1.51986,1.52004,1.39,1.00
2014.06.26 09:10:30.829,1.51986,1.52008,1.39,1.00
2014.06.26 09:10:31.365,1.51986,1.52007,1.19,1.00
2014.06.26 09:10:31.619,1.51986,1.52007,1.19,1.25
2014.06.26 09:10:32.665,1.51986,1.52007,1.25,1.19
2014.06.26 09:10:33.472,1.51986,1.52007,1.25,1.57
2014.06.26 09:10:34.545,1.51984,1.52005,1.69,1.13
2014.06.26 09:10:36.545,1.51984,1.52005,1.69,1.25
2014.06.26 09:10:37.541,1.51982,1.52005,2.22,1.50
2014.06.26 09:10:38.579,1.51982,1.52005,1.72,1.50
2014.06.26 09:10:39.093,1.51982,1.52005,1.72,1.88
2014.06.26 09:10:39.316,1.51986,1.52004,1.00,1.13
2014.06.26 09:10:42.100,1.51986,1.52004,1.00,1.19
2014.06.26 09:10:43.107,1.51986,1.52004,1.00,1.19
2014.06.26 09:10:43.516,1.51986,1.52004,1.00,2.97
2014.06.26 09:10:45.592,1.51986,1.52004,1.00,2.33
2014.06.26 09:10:46.356,1.51985,1.52004,1.00,1.95
2014.06.26 09:10:47.499,1.51985,1.52004,1.00,2.14
2014.06.26 09:10:49.045,1.51985,1.52002,1.00,1.00
2014.06.26 09:10:49.531,1.51983,1.52,1.95,1.00
2014.06.26 09:10:49.874,1.51988,1.51999,1.00,1.00
2014.06.26 09:10:50.026,1.51982,1.51999,2.22,1.00
2014.06.26 09:10:50.320,1.51986,1.52002,1.00,1.19
2014.06.26 09:10:50.625,1.51974,1.51989,2.82,1.00
2014.06.26 09:10:50.676,1.51972,1.51989,3.57,1.00
2014.06.26 09:10:50.841,1.51976,1.51992,1.13,1.00
2014.06.26 09:10:51.004,1.51976,1.51992,1.00,1.00
2014.06.26 09:10:52.238,1.51976,1.51992,1.00,1.38
2014.06.26 09:10:53.347,1.51976,1.5199,1.00,1.00
2014.06.26 09:10:56.079,1.51976,1.51992,1.00,1.50
2014.06.26 09:11:00.267,1.51976,1.51994,1.25,1.13
2014.06.26 09:11:00.572,1.51981,1.51997,1.00,2.59
2014.06.26 09:11:01.678,1.51981,1.51996,1.00,2.07
2014.06.26 09:11:06.198,1.51981,1.51992,1.00,1.00
2014.06.26 09:11:06.435,1.51975,1.5199,1.00,1.00
2014.06.26 09:11:08.628,1.5198,1.5199,1.00,1.00
2014.06.26 09:11:08.832,1.51976,1.5199,1.00,1.00
2014.06.26 09:11:09.081,1.51976,1.51993,1.00,2.25
2014.06.26 09:11:09.588,1.51976,1.51993,1.00,1.19
2014.06.26 09:11:09.945,1.5198,1.51993,1.00,1.19
2014.06.26 09:11:10.456,1.51981,1.51993,1.00,1.00
2014.06.26 09:11:10.568,1.51976,1.51993,1.00,1.00
2014.06.26 09:11:11.238,1.51976,1.51993,1.19,1.00
2014.06.26 09:11:12.597,1.5198,1.51993,1.00,1.00
2014.06.26 09:11:16.322,1.51975,1.51993,1.29,1.00
2014.06.26 09:11:17.603,1.51972,1.51993,1.77,1.00
2014.06.26 09:11:17.705,1.51976,1.51989,1.00,1.00
2014.06.26 09:11:17.859,1.5197,1.51985,1.00,1.00
2014.06.26 09:11:18.389,1.51971,1.51985,1.00,1.13
2014.06.26 09:11:19.080,1.51968,1.51985,1.09,1.13
2014.06.26 09:11:20.028,1.51966,1.51985,1.02,1.13
2014.06.26 09:11:20.579,1.51966,1.51984,1.02,1.00
2014.06.26 09:11:20.732,1.51966,1.51982,1.00,1.00
2014.06.26 09:11:21.037,1.51966,1.5198,1.00,1.00
2014.06.26 09:11:21.362,1.51971,1.51982,1.00,1.00
2014.06.26 09:11:22.339,1.51966,1.51982,1.25,1.00
2014.06.26 09:11:23.458,1.51966,1.51979,1.00,1.00
2014.06.26 09:11:23.916,1.5196,1.51979,1.19,1.00
2014.06.26 09:11:24.018,1.51966,1.51979,1.00,1.00
2014.06.26 09:11:24.323,1.51971,1.51979,1.00,1.00
2014.06.26 09:11:24.832,1.51971,1.51978,1.00,1.50
2014.06.26 09:11:24.884,1.51961,1.51976,1.00,1.00
2014.06.26 09:11:25.140,1.51965,1.51975,1.00,1.00
2014.06.26 09:11:25.352,1.51965,1.51979,1.00,1.75
2014.06.26 09:11:26.121,1.51961,1.5198,1.25,2.25
2014.06.26 09:11:26.664,1.5196,1.51976,1.00,1.00
2014.06.26 09:11:27.176,1.51961,1.5197,1.00,1.00
2014.06.26 09:11:27.431,1.51961,1.51975,1.00,1.50
2014.06.26 09:11:27.584,1.51966,1.51975,1.00,1.50
2014.06.26 09:11:27.685,1.51961,1.51975,1.00,1.50
2014.06.26 09:11:29.321,1.51961,1.51975,1.00,1.00
2014.06.26 09:11:29.373,1.51965,1.51975,1.00,1.00
2014.06.26 09:11:29.576,1.5196,1.51975,1.00,1.00
2014.06.26 09:11:30.545,1.5196,1.51976,1.00,1.00
2014.06.26 09:11:31.256,1.5196,1.51978,1.00,1.00
2014.06.26 09:11:31.307,1.51966,1.51978,1.00,1.00
2014.06.26 09:11:31.700,1.51966,1.51976,1.00,1.00
2014.06.26 09:11:31.904,1.51961,1.51976,1.00,3.45
2014.06.26 09:11:32.107,1.51955,1.51973,1.00,1.00
2014.06.26 09:11:32.159,1.51955,1.51971,1.00,1.00
2014.06.26 09:11:32.702,1.51955,1.51972,1.00,1.50
2014.06.26 09:11:33.281,1.51955,1.51972,1.00,2.25
2014.06.26 09:11:33.660,1.5196,1.51972,1.00,2.25
2014.06.26 09:11:33.964,1.51966,1.51974,1.00,1.13
2014.06.26 09:11:34.066,1.51957,1.51974,1.19,1.13
2014.06.26 09:11:34.429,1.5196,1.51974,1.00,1.13
2014.06.26 09:11:34.936,1.5196,1.51976,1.00,1.50
2014.06.26 09:11:39.841,1.5196,1.51976,1.00,2.59
2014.06.26 09:11:39.892,1.51956,1.51966,1.00,1.00
2014.06.26 09:11:39.994,1.51956,1.51975,1.00,1.25
2014.06.26 09:11:41.317,1.5196,1.51975,1.00,1.13
2014.06.26 09:11:42.020,1.51956,1.51976,2.33,1.00
2014.06.26 09:11:42.173,1.51956,1.51973,2.40,1.00
2014.06.26 09:11:42.699,1.5196,1.51978,1.00,1.00
2014.06.26 09:11:42.854,1.5196,1.51978,1.19,1.00
2014.06.26 09:11:43.894,1.51966,1.51978,1.00,1.00
2014.06.26 09:11:44.849,1.51965,1.51978,1.00,1.00
2014.06.26 09:11:45.408,1.51966,1.51978,1.00,1.00
2014.06.26 09:11:46.816,1.51966,1.51981,1.00,1.00
2014.06.26 09:11:47.340,1.51966,1.51979,1.00,1.00
2014.06.26 09:11:47.542,1.51966,1.51981,1.00,1.88
2014.06.26 09:11:48.069,1.51965,1.51981,1.00,1.88
2014.06.26 09:11:50.151,1.5196,1.5198,1.67,1.00
2014.06.26 09:11:50.707,1.5196,1.51979,1.67,1.00
2014.06.26 09:11:51.945,1.5196,1.51978,1.67,1.00
2014.06.26 09:11:55.067,1.5196,1.5198,1.39,2.25
2014.06.26 09:11:56.379,1.51961,1.51977,1.00,1.20
2014.06.26 09:11:56.900,1.51961,1.51976,1.00,1.00
2014.06.26 09:11:59.915,1.51956,1.51974,1.77,1.00
2014.06.26 09:12:00.017,1.51956,1.51974,1.84,1.00
2014.06.26 09:12:00.478,1.51961,1.51976,1.00,1.50
2014.06.26 09:12:01.138,1.5196,1.51976,1.00,1.50
2014.06.26 09:12:02.441,1.51957,1.51975,1.00,1.00
2014.06.26 09:12:03.097,1.51961,1.51976,1.00,1.32
2014.06.26 09:12:03.358,1.51957,1.51973,1.00,1.00
2014.06.26 09:12:03.651,1.5196,1.51973,1.00,1.00
2014.06.26 09:12:03.757,1.51957,1.51973,1.00,1.00
2014.06.26 09:12:04.857,1.51961,1.51973,1.00,1.00
2014.06.26 09:12:05.077,1.51957,1.51973,1.00,1.00
2014.06.26 09:12:05.580,1.51955,1.51973,2.14,1.00
2014.06.26 09:12:05.846,1.5196,1.51973,1.00,1.00
2014.06.26 09:12:06.005,1.5196,1.51976,1.00,1.32
2014.06.26 09:12:06.620,1.51961,1.51976,1.00,1.32
2014.06.26 09:12:08.216,1.51961,1.51976,1.00,2.52
2014.06.26 09:12:08.550,1.5196,1.51971,1.00,1.00
2014.06.26 09:12:09.388,1.51961,1.51971,1.00,1.00
2014.06.26 09:12:09.496,1.51956,1.51971,1.00,1.00
2014.06.26 09:12:09.806,1.51961,1.51971,1.00,1.00
2014.06.26 09:12:11.137,1.51956,1.51971,1.00,1.00
2014.06.26 09:12:12.599,1.5196,1.51971,1.00,1.00
2014.06.26 09:12:15.176,1.5196,1.51975,1.00,1.88
2014.06.26 09:12:16.463,1.51956,1.51974,1.13,1.00
2014.06.26 09:12:18.798,1.51956,1.51973,1.00,1.00
2014.06.26 09:12:19.537,1.51956,1.51972,1.00,1.00
2014.06.26 09:12:21.758,1.51956,1.51973,1.00,1.25
2014.06.26 09:12:22.652,1.5196,1.51973,1.00,1.00
2014.06.26 09:12:22.804,1.5196,1.51976,1.00,1.88
2014.06.26 09:12:23.109,1.5196,1.5198,1.00,1.32
2014.06.26 09:12:23.862,1.5196,1.5198,1.00,1.00
2014.06.26 09:12:24.186,1.5196,1.51978,1.00,1.00
2014.06.26 09:12:25.155,1.51958,1.51975,1.92,1.00
2014.06.26 09:12:25.670,1.5196,1.51976,1.00,1.00
2014.06.26 09:12:26.345,1.51961,1.51976,1.00,1.50
2014.06.26 09:12:27.667,1.51966,1.51976,1.00,1.69
2014.06.26 09:12:30.946,1.51966,1.51976,1.00,2.44
2014.06.26 09:12:31.099,1.51961,1.51975,1.00,1.25
2014.06.26 09:12:31.201,1.51961,1.51973,1.00,1.00
2014.06.26 09:12:31.846,1.51966,1.51972,1.00,1.00
2014.06.26 09:12:32.626,1.51965,1.51971,1.00,1.00
2014.06.26 09:12:39.106,1.5196,1.51971,1.00,1.00
2014.06.26 09:12:40.691,1.51966,1.51971,1.00,1.00
2014.06.26 09:12:41.205,1.51966,1.51972,1.00,1.00
2014.06.26 09:12:41.256,1.51966,1.51974,1.00,1.25
2014.06.26 09:12:44.040,1.51966,1.51975,1.00,1.00
2014.06.26 09:12:44.092,1.5196,1.51977,1.13,1.00
2014.06.26 09:12:44.398,1.51966,1.5198,1.00,1.00
2014.06.26 09:12:45.726,1.51961,1.51979,1.77,1.00
2014.06.26 09:12:45.828,1.51966,1.5198,1.00,1.00
2014.06.26 09:12:47.143,1.51961,1.5198,1.77,1.00
2014.06.26 09:12:48.049,1.51961,1.5198,1.00,1.25
2014.06.26 09:12:49.118,1.5196,1.5198,1.25,1.25
2014.06.26 09:12:49.363,1.51966,1.5198,1.00,1.25
2014.06.26 09:12:53.554,1.51966,1.5198,1.00,1.19
2014.06.26 09:12:55.401,1.5196,1.5198,1.00,2.07
2014.06.26 09:12:55.857,1.5196,1.51974,1.20,1.00
2014.06.26 09:12:55.959,1.51956,1.51974,1.18,1.13
2014.06.26 09:12:56.467,1.51956,1.51974,1.10,1.13
2014.06.26 09:12:57.996,1.51956,1.51974,1.00,1.32
2014.06.26 09:12:58.396,1.51953,1.51969,1.20,1.00
2014.06.26 09:12:58.650,1.5196,1.51977,1.00,1.00
2014.06.26 09:12:59.192,1.5196,1.5198,2.07,2.25
2014.06.26 09:12:59.345,1.51965,1.5198,1.00,1.75
2014.06.26 09:12:59.625,1.5196,1.5198,2.22,2.25
2014.06.26 09:12:59.981,1.5196,1.5198,2.22,1.00
2014.06.26 09:13:00.857,1.51966,1.51981,1.00,1.00
2014.06.26 09:13:01.375,1.51965,1.51981,1.00,1.00
2014.06.26 09:13:02.300,1.51965,1.5198,1.00,1.00
2014.06.26 09:13:02.402,1.51961,1.51979,1.00,1.00
2014.06.26 09:13:02.504,1.51965,1.51979,1.00,1.19
2014.06.26 09:13:02.759,1.51961,1.51979,1.00,2.44
2014.06.26 09:13:02.810,1.51961,1.51978,1.00,1.19
2014.06.26 09:13:03.161,1.51965,1.51978,1.00,1.19
2014.06.26 09:13:03.263,1.51961,1.51978,1.00,1.19
2014.06.26 09:13:03.780,1.5196,1.51978,1.00,1.19
2014.06.26 09:13:04.284,1.5196,1.51979,1.00,1.69
2014.06.26 09:13:08.226,1.5196,1.51975,1.00,1.19
2014.06.26 09:13:09.240,1.5196,1.51977,1.00,1.19
2014.06.26 09:13:10.339,1.51961,1.51977,1.00,1.19
2014.06.26 09:13:11.717,1.51961,1.51978,1.00,1.19
2014.06.26 09:13:13.130,1.51961,1.51979,1.00,3.19
2014.06.26 09:13:13.344,1.51961,1.51979,1.00,1.50
2014.06.26 09:13:13.395,1.51965,1.51979,1.00,1.00
2014.06.26 09:13:13.496,1.51961,1.51979,2.03,1.50
2014.06.26 09:13:13.958,1.51965,1.51982,1.00,1.25
2014.06.26 09:13:14.467,1.51966,1.51982,1.00,1.25
2014.06.26 09:13:16.346,1.51963,1.51979,1.20,1.00
2014.06.26 09:13:18.926,1.51966,1.51982,1.00,1.00
2014.06.26 09:13:20.183,1.51966,1.51982,1.00,1.19
2014.06.26 09:13:20.706,1.51966,1.51979,1.00,1.00
2014.06.26 09:13:21.150,1.51966,1.51977,1.00,1.00
2014.06.26 09:13:23.054,1.51961,1.51977,1.00,1.00
2014.06.26 09:13:24.450,1.51961,1.51979,1.00,2.44
2014.06.26 09:13:25.857,1.51971,1.51979,1.00,1.69
2014.06.26 09:13:26.010,1.51971,1.51981,1.00,1.00
2014.06.26 09:13:26.315,1.5197,1.51986,1.00,3.19
2014.06.26 09:13:26.519,1.5197,1.51982,1.00,1.00
2014.06.26 09:13:26.723,1.5197,1.51984,1.00,1.25
2014.06.26 09:13:26.774,1.51966,1.51984,1.00,1.69
2014.06.26 09:13:27.434,1.51966,1.51984,1.00,2.44
2014.06.26 09:13:29.429,1.51966,1.51983,1.00,1.19
2014.06.26 09:13:31.167,1.51961,1.5198,1.20,1.25
2014.06.26 09:13:31.585,1.51966,1.51982,1.00,1.19
2014.06.26 09:13:31.737,1.51961,1.51979,1.00,1.25
2014.06.26 09:13:31.840,1.51966,1.51982,1.00,1.19
2014.06.26 09:13:31.949,1.5196,1.5198,1.13,1.69
2014.06.26 09:13:33.381,1.51961,1.51979,1.00,1.25
2014.06.26 09:13:33.483,1.51961,1.51979,1.00,1.19
2014.06.26 09:13:33.855,1.51965,1.5198,1.00,1.19
2014.06.26 09:13:33.914,1.51961,1.51979,1.00,1.19
2014.06.26 09:13:37.470,1.51961,1.51979,1.00,1.19
2014.06.26 09:13:41.421,1.51965,1.51981,1.00,2.44
2014.06.26 09:13:41.522,1.51965,1.51981,1.00,1.69
2014.06.26 09:13:42.633,1.51971,1.51981,1.00,1.25
2014.06.26 09:13:43.526,1.51971,1.51982,1.00,1.25
2014.06.26 09:13:43.578,1.51966,1.51982,1.00,1.25
2014.06.26 09:13:46.449,1.5197,1.51983,1.00,1.19
2014.06.26 09:13:46.702,1.5197,1.51984,1.00,1.25
2014.06.26 09:13:47.648,1.51971,1.51984,1.00,1.00
2014.06.26 09:13:48.328,1.51975,1.51984,1.00,1.00
2014.06.26 09:13:48.430,1.5197,1.51983,1.00,1.00
2014.06.26 09:13:48.744,1.5197,1.51987,1.00,1.00
2014.06.26 09:13:51.639,1.5197,1.51988,1.00,1.00
2014.06.26 09:13:51.825,1.5197,1.51986,1.00,1.00
2014.06.26 09:13:53.596,1.51971,1.51988,1.00,1.00
2014.06.26 09:13:53.699,1.51971,1.51988,1.00,1.77
2014.06.26 09:13:54.706,1.51971,1.51987,1.00,1.19
2014.06.26 09:13:55.218,1.5197,1.51987,1.00,1.19
2014.06.26 09:13:56.384,1.51971,1.51986,1.00,1.19
2014.06.26 09:13:56.793,1.51971,1.51983,1.00,1.00
2014.06.26 09:13:56.894,1.51971,1.51985,1.00,1.00
2014.06.26 09:13:57.250,1.51971,1.51983,1.00,1.00
2014.06.26 09:13:57.453,1.51971,1.51985,1.00,1.00
2014.06.26 09:13:57.896,1.51971,1.51983,1.00,1.00
2014.06.26 09:13:58.239,1.51971,1.51985,1.00,1.00
2014.06.26 09:13:59.320,1.51971,1.51987,1.00,1.19
2014.06.26 09:14:00.688,1.51971,1.51987,1.00,1.19
2014.06.26 09:14:01.733,1.51971,1.51987,1.00,1.69
2014.06.26 09:14:03.546,1.51971,1.51987,1.00,1.19
2014.06.26 09:14:03.750,1.51971,1.51988,1.00,1.02
2014.06.26 09:14:05.357,1.51971,1.51987,1.00,1.00
2014.06.26 09:14:05.974,1.51971,1.51987,1.00,1.19
2014.06.26 09:14:07.392,1.5197,1.51987,1.00,1.19
2014.06.26 09:14:07.919,1.5197,1.51985,1.00,1.00
2014.06.26 09:14:08.427,1.5197,1.51986,1.00,1.25
2014.06.26 09:14:09.553,1.5197,1.51986,1.00,1.19
2014.06.26 09:14:09.940,1.51976,1.51986,1.00,1.19
2014.06.26 09:14:10.144,1.51971,1.51986,1.00,1.69
2014.06.26 09:14:10.347,1.51971,1.51984,1.00,1.19
2014.06.26 09:14:10.854,1.51971,1.51981,1.00,1.00
2014.06.26 09:14:11.109,1.51971,1.51983,1.00,1.25
2014.06.26 09:14:11.894,1.51971,1.51984,1.00,1.50
2014.06.26 09:14:12.107,1.51971,1.51982,1.00,1.00
2014.06.26 09:14:13.198,1.51971,1.51983,1.00,1.00
2014.06.26 09:14:14.411,1.51971,1.51984,1.00,1.50
2014.06.26 09:14:14.722,1.51971,1.51982,1.00,1.00
2014.06.26 09:14:16.505,1.51971,1.51984,1.00,1.50
2014.06.26 09:14:16.727,1.51971,1.51982,1.00,1.00
2014.06.26 09:14:17.344,1.51971,1.51983,1.00,1.00
2014.06.26 09:14:17.894,1.51971,1.51982,1.00,1.25
2014.06.26 09:14:18.456,1.51971,1.51981,1.00,1.00
2014.06.26 09:14:18.964,1.51971,1.51983,1.00,1.19
2014.06.26 09:14:21.681,1.51971,1.51981,1.00,1.00
2014.06.26 09:14:22.287,1.51971,1.51982,1.00,1.25
2014.06.26 09:14:22.845,1.51971,1.51982,1.00,1.19
2014.06.26 09:14:23.833,1.51971,1.51983,1.00,1.19
2014.06.26 09:14:24.817,1.51971,1.51983,1.00,1.00
2014.06.26 09:14:31.590,1.51966,1.51983,1.00,1.00
2014.06.26 09:14:32.334,1.51971,1.51983,1.00,1.00
2014.06.26 09:14:34.105,1.51976,1.51983,1.00,1.00
2014.06.26 09:14:35.871,1.51976,1.51985,1.00,1.00
2014.06.26 09:14:36.923,1.51976,1.51984,1.00,1.00
2014.06.26 09:14:37.261,1.51976,1.51986,1.00,1.25
2014.06.26 09:14:37.797,1.51976,1.51985,1.00,1.00
2014.06.26 09:14:37.950,1.51976,1.51989,1.00,1.28
2014.06.26 09:14:38.205,1.5197,1.51988,1.00,1.00
2014.06.26 09:14:38.408,1.51975,1.51989,1.00,1.13
2014.06.26 09:14:38.914,1.51975,1.5199,1.00,1.69
2014.06.26 09:14:40.210,1.51975,1.5199,1.00,1.69
2014.06.26 09:14:40.916,1.51976,1.5199,1.00,1.69
2014.06.26 09:14:41.324,1.51976,1.51992,1.00,1.25
2014.06.26 09:14:41.629,1.51975,1.51992,1.00,1.77
2014.06.26 09:14:42.714,1.51976,1.51992,1.00,2.14
2014.06.26 09:14:43.005,1.5197,1.5199,1.65,2.07
2014.06.26 09:14:43.158,1.51975,1.5199,1.00,1.25
2014.06.26 09:14:43.444,1.5197,1.5199,1.00,1.69
2014.06.26 09:14:43.667,1.5197,1.5199,1.00,2.14
2014.06.26 09:14:44.470,1.51976,1.5199,1.00,2.22
2014.06.26 09:14:45.325,1.51971,1.51987,1.00,2.07
2014.06.26 09:14:45.524,1.51971,1.51987,1.00,2.07
2014.06.26 09:14:46.436,1.5197,1.51987,1.00,2.07
2014.06.26 09:14:47.096,1.51971,1.51985,1.00,1.25
2014.06.26 09:14:47.670,1.51971,1.51985,1.00,1.29
2014.06.26 09:14:48.432,1.5197,1.51985,1.00,1.29
2014.06.26 09:14:48.969,1.5197,1.51985,1.00,1.29
2014.06.26 09:14:49.405,1.51975,1.51986,1.00,1.92
2014.06.26 09:14:49.456,1.51975,1.51986,1.00,1.00
2014.06.26 09:14:49.610,1.51971,1.51987,1.00,1.25
2014.06.26 09:14:49.813,1.51971,1.51982,1.00,1.00
2014.06.26 09:14:49.915,1.5197,1.51986,1.00,1.00
2014.06.26 09:14:50.067,1.51965,1.51985,1.69,1.00
2014.06.26 09:14:53.573,1.51965,1.51985,1.00,2.22
2014.06.26 09:14:54.075,1.51966,1.51984,1.00,1.25
2014.06.26 09:15:00.367,1.5197,1.51985,1.00,1.65
2014.06.26 09:15:00.469,1.5197,1.51987,1.00,1.99
2014.06.26 09:15:00.672,1.5197,1.51985,1.00,1.20
2014.06.26 09:15:00.883,1.5197,1.51987,1.00,2.74
2014.06.26 09:15:01.138,1.51965,1.51985,1.25,1.00
2014.06.26 09:15:01.606,1.51965,1.51985,1.19,1.00
2014.06.26 09:15:02.703,1.51965,1.51985,1.25,1.25
2014.06.26 09:15:06.722,1.51965,1.51985,1.19,1.65
2014.06.26 09:15:11.746,1.51965,1.51985,1.25,1.25
2014.06.26 09:15:11.982,1.51965,1.51985,1.69,1.00
2014.06.26 09:15:12.520,1.51966,1.51984,1.19,1.00
2014.06.26 09:15:13.118,1.51965,1.51985,1.69,1.00
2014.06.26 09:15:14.399,1.51966,1.51984,1.19,1.00
2014.06.26 09:15:16.514,1.5197,1.51988,1.00,1.20
2014.06.26 09:15:16.617,1.51975,1.51986,1.00,1.20
2014.06.26 09:15:16.719,1.51971,1.51986,1.00,1.20
2014.06.26 09:15:16.770,1.51971,1.51988,1.00,1.00
2014.06.26 09:15:17.074,1.51976,1.51988,1.00,1.20
2014.06.26 09:15:17.176,1.51971,1.51989,1.00,2.85
2014.06.26 09:15:17.227,1.51971,1.51987,1.00,1.00
2014.06.26 09:15:17.329,1.51966,1.51984,1.69,1.65
2014.06.26 09:15:17.831,1.51966,1.51983,1.00,1.50
2014.06.26 09:15:18.503,1.51966,1.51984,1.00,2.07
2014.06.26 09:15:18.606,1.5197,1.51984,1.00,1.32
2014.06.26 09:15:19.604,1.51966,1.51984,1.00,1.13
2014.06.26 09:15:20.698,1.51966,1.51983,1.00,1.00
2014.06.26 09:15:20.902,1.51963,1.51979,1.19,1.20
2014.06.26 09:15:21.054,1.5196,1.51979,1.25,1.20
2014.06.26 09:15:21.561,1.51966,1.51979,1.00,1.00
2014.06.26 09:15:22.108,1.51966,1.5198,1.00,2.22
2014.06.26 09:15:22.794,1.51961,1.51979,1.00,1.00
2014.06.26 09:15:23.971,1.51961,1.51979,1.19,1.00
2014.06.26 09:15:24.501,1.5196,1.5198,2.44,1.00
2014.06.26 09:15:24.775,1.51966,1.51984,1.00,2.22
2014.06.26 09:15:27.072,1.5197,1.51984,1.00,1.47
2014.06.26 09:15:27.427,1.51965,1.51985,1.00,2.22
2014.06.26 09:15:27.934,1.51966,1.51986,1.00,2.22
2014.06.26 09:15:28.259,1.51963,1.51985,1.00,1.19
2014.06.26 09:15:28.514,1.5196,1.51981,3.12,1.00
2014.06.26 09:15:28.742,1.51966,1.51984,1.00,1.00
2014.06.26 09:15:29.152,1.51971,1.51986,1.00,1.25
2014.06.26 09:15:29.612,1.51966,1.51985,1.02,1.00
2014.06.26 09:15:29.815,1.51969,1.51985,1.20,1.00
2014.06.26 09:15:29.920,1.51966,1.51985,1.02,1.00
2014.06.26 09:15:30.174,1.51966,1.51985,1.29,1.00
2014.06.26 09:15:30.710,1.51966,1.51985,1.29,1.00
2014.06.26 09:15:31.619,1.51966,1.51985,1.29,1.00
2014.06.26 09:15:33.135,1.51971,1.51988,1.00,1.00
2014.06.26 09:15:33.339,1.51965,1.51985,1.19,1.00
2014.06.26 09:15:33.440,1.51965,1.51985,1.00,1.00
2014.06.26 09:15:33.491,1.51965,1.51985,1.00,1.15
2014.06.26 09:15:33.745,1.51965,1.51986,1.00,1.77
2014.06.26 09:15:34.308,1.51964,1.51984,1.25,1.00
2014.06.26 09:15:37.004,1.51964,1.51984,1.63,1.00
2014.06.26 09:15:37.210,1.51966,1.51987,1.00,1.37
2014.06.26 09:15:37.414,1.5197,1.51987,1.00,1.25
2014.06.26 09:15:37.618,1.51965,1.51986,1.39,1.00
2014.06.26 09:15:38.090,1.51971,1.51986,1.00,1.00
2014.06.26 09:15:38.421,1.51966,1.51986,1.19,1.00
2014.06.26 09:15:38.946,1.51966,1.51987,1.19,1.25
2014.06.26 09:15:39.537,1.51966,1.51987,1.00,1.25
2014.06.26 09:15:40.459,1.51966,1.51987,1.25,1.69
2014.06.26 09:15:40.712,1.51962,1.51984,1.69,1.10
2014.06.26 09:15:40.763,1.51961,1.51984,1.69,1.77
2014.06.26 09:15:40.854,1.51961,1.51983,1.69,1.45
2014.06.26 09:15:40.906,1.51961,1.51982,1.00,1.39
2014.06.26 09:15:41.401,1.51957,1.51974,1.19,1.00
2014.06.26 09:15:41.452,1.51957,1.51974,1.25,1.00
2014.06.26 09:15:42.459,1.51955,1.51975,1.69,1.13
2014.06.26 09:15:43.112,1.51956,1.51974,1.19,1.00
2014.06.26 09:15:43.768,1.51956,1.51974,1.25,1.00
2014.06.26 09:15:45.177,1.51958,1.51974,1.00,1.00
2014.06.26 09:15:45.664,1.5196,1.51978,1.00,1.00
2014.06.26 09:15:45.816,1.5196,1.51978,1.19,1.00
2014.06.26 09:15:45.970,1.51965,1.51981,1.00,1.00
2014.06.26 09:15:46.225,1.51965,1.51982,1.19,1.00
2014.06.26 09:15:46.530,1.51966,1.51984,1.19,1.00
2014.06.26 09:15:47.229,1.51966,1.51984,1.00,1.00
2014.06.26 09:15:49.687,1.51966,1.51983,1.00,1.00
2014.06.26 09:15:50.211,1.51966,1.51984,1.00,1.00
2014.06.26 09:15:50.348,1.51966,1.51982,1.00,1.00
2014.06.26 09:15:51.679,1.51966,1.51984,1.00,1.69
2014.06.26 09:15:52.238,1.51966,1.51984,1.00,1.47
2014.06.26 09:15:52.441,1.51965,1.51981,1.00,1.00
2014.06.26 09:15:52.898,1.51965,1.51978,1.00,1.10
2014.06.26 09:15:53.203,1.51965,1.51976,1.00,1.00
2014.06.26 09:15:53.355,1.51961,1.51976,1.00,1.00
2014.06.26 09:15:53.537,1.51961,1.51979,1.00,1.08
2014.06.26 09:15:54.044,1.5196,1.51979,1.25,1.08
2014.06.26 09:15:55.541,1.51961,1.51979,1.00,1.58
2014.06.26 09:15:55.643,1.51961,1.51979,1.00,1.95
2014.06.26 09:15:56.050,1.51961,1.51979,1.00,1.10
2014.06.26 09:15:56.152,1.51957,1.51975,2.07,1.00
2014.06.26 09:15:56.605,1.51961,1.51978,1.00,1.20
2014.06.26 09:15:57.360,1.51956,1.51975,1.19,1.00
2014.06.26 09:15:59.015,1.51955,1.51975,1.69,1.10
2014.06.26 09:15:59.982,1.51955,1.51975,1.69,1.10
2014.06.26 09:16:00.514,1.51956,1.51974,1.00,1.10
2014.06.26 09:16:01.024,1.51956,1.51974,1.00,1.18
2014.06.26 09:16:01.126,1.51951,1.5197,2.07,1.00
2014.06.26 09:16:02.653,1.51951,1.51969,1.19,1.00
2014.06.26 09:16:03.331,1.51951,1.51969,1.19,1.00
2014.06.26 09:16:06.038,1.51951,1.51969,1.19,1.00
2014.06.26 09:16:06.631,1.51961,1.51973,1.00,2.40
2014.06.26 09:16:06.733,1.51956,1.51973,1.00,2.40
2014.06.26 09:16:06.835,1.51961,1.51973,1.00,1.00
2014.06.26 09:16:06.886,1.51961,1.51975,1.00,1.00
2014.06.26 09:16:07.089,1.51961,1.51977,1.00,1.00
2014.06.26 09:16:07.638,1.5196,1.51977,1.00,1.00
2014.06.26 09:16:08.152,1.51965,1.51977,1.00,1.00
2014.06.26 09:16:08.657,1.51966,1.51982,1.00,1.47
2014.06.26 09:16:10.856,1.51966,1.5198,1.00,1.00
2014.06.26 09:16:10.958,1.51966,1.51982,1.00,2.22
2014.06.26 09:16:11.534,1.51965,1.51982,1.00,2.03
2014.06.26 09:16:12.094,1.51965,1.51982,1.00,2.03
2014.06.26 09:16:12.635,1.51966,1.51982,1.00,2.03
2014.06.26 09:16:13.165,1.51965,1.51982,1.00,2.03
2014.06.26 09:16:13.938,1.51965,1.51979,1.00,1.20
2014.06.26 09:16:14.244,1.51965,1.51977,1.00,1.00
2014.06.26 09:16:14.447,1.51961,1.51976,1.00,1.13
2014.06.26 09:16:14.853,1.51956,1.51974,1.27,1.38
2014.06.26 09:16:14.955,1.51956,1.51973,1.00,1.88
2014.06.26 09:16:15.311,1.5195,1.51968,1.00,1.00
2014.06.26 09:16:15.464,1.5195,1.51966,1.00,1.00
2014.06.26 09:16:15.769,1.51952,1.51972,1.29,1.50
2014.06.26 09:16:16.716,1.51951,1.51971,1.84,1.38
2014.06.26 09:16:17.685,1.51951,1.51971,1.84,1.38
2014.06.26 09:16:20.567,1.51951,1.51972,1.69,1.00
2014.06.26 09:16:20.669,1.5196,1.51973,1.00,2.82
2014.06.26 09:16:21.223,1.5196,1.51974,1.00,1.10
2014.06.26 09:16:23.499,1.51955,1.51974,1.25,1.10
2014.06.26 09:16:23.601,1.51955,1.51971,1.25,1.00
2014.06.26 09:16:23.905,1.51955,1.51973,1.00,1.25
2014.06.26 09:16:27.970,1.51955,1.51971,1.00,1.00
2014.06.26 09:16:28.123,1.51951,1.51969,1.00,1.13
2014.06.26 09:16:28.258,1.51951,1.51968,1.00,1.37
2014.06.26 09:16:31.049,1.51951,1.51966,1.00,1.00
2014.06.26 09:16:31.308,1.51946,1.51964,1.19,1.00
2014.06.26 09:16:31.362,1.51946,1.51964,1.00,1.63
2014.06.26 09:16:31.566,1.51943,1.51959,1.50,1.00
2014.06.26 09:16:31.668,1.51945,1.51964,1.00,1.58
2014.06.26 09:16:32.313,1.51946,1.51964,1.00,1.50
2014.06.26 09:16:32.415,1.5195,1.51966,1.00,1.39
2014.06.26 09:16:32.930,1.51951,1.51968,1.00,1.69
2014.06.26 09:16:35.174,1.51956,1.51968,1.00,1.00
2014.06.26 09:16:36.057,1.51951,1.51968,1.00,1.00
2014.06.26 09:16:36.886,1.51951,1.51969,1.00,1.95
2014.06.26 09:16:37.020,1.51951,1.51967,1.00,1.00
2014.06.26 09:16:37.587,1.5195,1.51967,1.00,1.00
2014.06.26 09:16:39.089,1.5195,1.51969,1.00,1.39
2014.06.26 09:16:39.344,1.5195,1.51967,1.00,1.00
2014.06.26 09:16:42.308,1.51955,1.51967,1.00,1.00
2014.06.26 09:16:42.875,1.51956,1.51967,1.00,1.00
2014.06.26 09:16:43.521,1.51955,1.51967,1.00,1.00
2014.06.26 09:16:43.725,1.51955,1.5197,1.00,1.33
2014.06.26 09:16:43.951,1.51955,1.51967,1.00,1.00
2014.06.26 09:16:44.370,1.51955,1.5197,1.00,1.25
2014.06.26 09:16:44.878,1.51956,1.5197,1.00,1.00
2014.06.26 09:16:45.391,1.5196,1.51971,1.00,1.00
2014.06.26 09:16:45.494,1.5196,1.51978,1.00,1.18
2014.06.26 09:16:45.646,1.51966,1.51978,1.00,1.00
2014.06.26 09:16:46.153,1.51966,1.5198,1.00,1.02
2014.06.26 09:16:46.695,1.51966,1.51979,1.00,1.00
2014.06.26 09:16:47.234,1.51966,1.51978,1.00,1.00
2014.06.26 09:16:47.339,1.51961,1.51978,1.00,1.00
2014.06.26 09:16:47.546,1.51966,1.51978,1.00,1.00
2014.06.26 09:16:47.884,1.51961,1.51978,1.00,1.00
2014.06.26 09:16:48.595,1.51966,1.51978,1.00,1.00
2014.06.26 09:16:48.870,1.51961,1.51978,1.25,1.00
2014.06.26 09:16:49.375,1.51961,1.51979,1.00,1.25
2014.06.26 09:16:49.638,1.51966,1.51979,1.00,1.25
2014.06.26 09:16:49.857,1.51961,1.51979,1.00,1.69
2014.06.26 09:16:50.404,1.51961,1.51978,1.00,1.00
2014.06.26 09:16:50.607,1.51961,1.51976,1.00,1.00
2014.06.26 09:16:50.963,1.51961,1.51978,1.00,1.00
2014.06.26 09:16:51.146,1.51961,1.51975,1.00,1.00
2014.06.26 09:16:51.615,1.51961,1.51978,1.00,1.00
2014.06.26 09:16:51.818,1.51961,1.51978,1.00,2.07
2014.06.26 09:16:51.869,1.51955,1.51975,1.13,1.57
2014.06.26 09:16:51.920,1.51955,1.51971,1.13,1.00
2014.06.26 09:16:52.426,1.51955,1.51972,1.13,1.00
2014.06.26 09:16:52.937,1.51955,1.51971,1.13,1.00
2014.06.26 09:16:58.554,1.51956,1.51971,1.00,1.00
2014.06.26 09:16:58.864,1.51961,1.51974,1.00,1.00
2014.06.26 09:16:59.572,1.51955,1.51974,1.00,1.00
2014.06.26 09:17:01.748,1.51955,1.51971,1.00,1.00
2014.06.26 09:17:04.017,1.51955,1.51972,1.00,1.00
2014.06.26 09:17:04.627,1.51956,1.51972,1.00,1.00
2014.06.26 09:17:06.262,1.51956,1.51971,1.00,1.00
2014.06.26 09:17:06.797,1.51961,1.51971,1.00,1.00
2014.06.26 09:17:12.202,1.5196,1.51971,1.00,1.00
2014.06.26 09:17:12.305,1.51961,1.51976,1.00,1.10
2014.06.26 09:17:12.508,1.51961,1.51979,1.19,1.00
2014.06.26 09:17:13.651,1.51959,1.51974,2.07,1.00
2014.06.26 09:17:14.078,1.51965,1.51983,1.00,1.15
2014.06.26 09:17:25.068,1.51961,1.51979,1.19,1.00
2014.06.26 09:17:25.323,1.51961,1.51979,1.00,1.00
2014.06.26 09:17:25.426,1.51958,1.51975,2.07,1.00
2014.06.26 09:17:25.528,1.51961,1.51979,1.00,1.00
2014.06.26 09:17:26.041,1.5196,1.5198,1.25,1.09
2014.06.26 09:17:26.093,1.51957,1.51974,1.77,1.00
2014.06.26 09:17:26.602,1.51957,1.51974,1.77,1.00
2014.06.26 09:17:27.338,1.51957,1.51974,1.77,1.00
2014.06.26 09:17:29.566,1.51961,1.51979,1.00,1.00
2014.06.26 09:17:30.116,1.5196,1.5198,1.25,1.09
2014.06.26 09:17:31.566,1.5196,1.5198,1.38,1.00
2014.06.26 09:17:31.872,1.51962,1.5198,2.07,1.00
2014.06.26 09:17:31.973,1.51966,1.51984,1.00,1.92
2014.06.26 09:17:32.476,1.51965,1.51984,1.00,1.29
2014.06.26 09:17:32.785,1.51965,1.51983,1.00,1.20
2014.06.26 09:17:33.242,1.51966,1.51985,1.63,1.00
2014.06.26 09:17:33.547,1.51969,1.51985,2.07,1.00
2014.06.26 09:17:34.167,1.51969,1.51984,2.07,1.00
2014.06.26 09:17:34.592,1.51971,1.51989,1.25,1.00
2014.06.26 09:17:36.040,1.5197,1.5199,1.32,1.00
2014.06.26 09:17:36.296,1.51971,1.51989,1.00,1.19
2014.06.26 09:17:36.860,1.51971,1.51987,1.00,1.00
2014.06.26 09:17:38.560,1.5197,1.51987,1.00,1.10
2014.06.26 09:17:39.093,1.51971,1.51987,1.00,1.10
2014.06.26 09:17:39.144,1.51967,1.51987,1.25,1.10
2014.06.26 09:17:41.176,1.51966,1.51986,1.25,1.20
2014.06.26 09:17:41.814,1.51966,1.51986,1.00,1.39
2014.06.26 09:17:43.958,1.5197,1.51986,1.00,1.39
2014.06.26 09:17:44.060,1.51966,1.51987,1.00,1.92
2014.06.26 09:17:45.063,1.51965,1.51987,1.25,1.99
2014.06.26 09:17:47.590,1.51965,1.51986,1.00,2.59
2014.06.26 09:17:47.895,1.51962,1.5198,2.07,1.00
2014.06.26 09:17:48.233,1.51966,1.51984,1.00,1.15
2014.06.26 09:17:48.755,1.51965,1.51985,1.00,1.02
2014.06.26 09:17:49.596,1.51966,1.51987,1.00,3.72
2014.06.26 09:17:50.368,1.51965,1.51985,1.00,1.39
2014.06.26 09:17:50.823,1.51962,1.5198,1.69,1.00
2014.06.26 09:17:51.508,1.51962,1.5198,1.69,1.00
2014.06.26 09:17:54.122,1.51966,1.51984,1.00,1.40
2014.06.26 09:17:54.275,1.51966,1.51984,1.00,1.00
2014.06.26 09:17:54.377,1.5197,1.51987,1.00,1.84
2014.06.26 09:17:55.026,1.5197,1.51987,1.00,1.84
2014.06.26 09:17:58.067,1.51971,1.51987,1.00,1.84
2014.06.26 09:17:58.607,1.51971,1.51987,1.00,1.84
2014.06.26 09:17:59.581,1.51971,1.51987,1.00,2.22
2014.06.26 09:17:59.734,1.51966,1.51984,1.00,1.13
2014.06.26 09:18:00.039,1.51966,1.51981,1.00,1.38
2014.06.26 09:18:00.293,1.5196,1.5198,1.75,1.27
2014.06.26 09:18:00.395,1.51966,1.51981,1.00,2.37
2014.06.26 09:18:00.496,1.5196,1.51976,1.00,1.00
2014.06.26 09:18:00.598,1.5196,1.51974,1.00,1.00
2014.06.26 09:18:00.853,1.51955,1.51974,1.00,1.95
2014.06.26 09:18:01.296,1.51951,1.5197,1.19,1.00
2014.06.26 09:18:01.657,1.51951,1.5197,1.19,1.00
2014.06.26 09:18:04.556,1.51955,1.51973,1.00,1.39
2014.06.26 09:18:05.131,1.51956,1.51974,1.00,2.89
2014.06.26 09:18:06.909,1.51956,1.51974,1.00,2.33
2014.06.26 09:18:08.860,1.51955,1.51974,1.00,1.58
2014.06.26 09:18:09.395,1.51961,1.51974,1.00,1.58
2014.06.26 09:18:10.480,1.51955,1.51974,1.00,1.58
2014.06.26 09:18:10.657,1.51961,1.51974,1.00,1.95
2014.06.26 09:18:11.575,1.51955,1.51974,1.00,1.02
2014.06.26 09:18:11.779,1.51961,1.51974,1.00,1.02
2014.06.26 09:18:11.889,1.51955,1.51974,1.00,1.02
2014.06.26 09:18:13.339,1.51955,1.51974,1.19,1.10
2014.06.26 09:18:13.407,1.5196,1.51974,1.00,1.10
2014.06.26 09:18:14.108,1.51956,1.51974,1.25,1.58
2014.06.26 09:18:14.666,1.51956,1.51973,1.25,1.00
2014.06.26 09:18:15.212,1.51956,1.5197,1.00,1.00
2014.06.26 09:18:16.202,1.51956,1.51971,1.00,1.00
2014.06.26 09:18:16.862,1.51961,1.51971,1.00,1.00
2014.06.26 09:18:18.264,1.51961,1.51972,1.00,1.00
2014.06.26 09:18:18.366,1.5195,1.51969,1.29,1.20
2014.06.26 09:18:18.468,1.5195,1.51969,1.19,1.20
2014.06.26 09:18:18.976,1.51951,1.51969,1.00,1.84
2014.06.26 09:18:19.282,1.5195,1.51966,1.00,1.00
2014.06.26 09:18:21.044,1.51946,1.51964,1.19,1.00
2014.06.26 09:18:21.147,1.5195,1.51966,1.00,1.13
2014.06.26 09:18:21.452,1.51951,1.51963,1.00,1.20
2014.06.26 09:18:21.554,1.51945,1.51963,1.00,1.20
2014.06.26 09:18:21.742,1.51945,1.51964,1.00,1.47
2014.06.26 09:18:21.945,1.5194,1.51959,1.27,1.65
2014.06.26 09:18:22.153,1.5194,1.51957,1.00,1.00
2014.06.26 09:18:23.233,1.51935,1.51955,2.14,1.00
2014.06.26 09:18:24.340,1.5194,1.51957,1.00,1.20
2014.06.26 09:18:24.871,1.5194,1.51959,1.00,2.07
2014.06.26 09:18:25.404,1.5194,1.51958,1.00,1.17
2014.06.26 09:18:25.994,1.5194,1.51958,1.00,1.47
2014.06.26 09:18:26.435,1.51935,1.51955,2.07,1.00
2014.06.26 09:18:27.045,1.51935,1.51955,1.32,1.00
2014.06.26 09:18:28.153,1.51935,1.51955,1.32,1.33
2014.06.26 09:18:28.850,1.51935,1.51953,1.25,1.00
2014.06.26 09:18:29.357,1.51935,1.51954,1.00,1.10
2014.06.26 09:18:29.408,1.51935,1.51952,1.00,1.00
2014.06.26 09:18:29.714,1.5193,1.5195,1.77,1.50
2014.06.26 09:18:29.968,1.51926,1.51946,1.69,1.25
2014.06.26 09:18:30.085,1.51925,1.51943,1.00,1.00
2014.06.26 09:18:30.595,1.51926,1.51944,1.00,1.69
2014.06.26 09:18:30.901,1.51928,1.51947,1.88,1.02
2014.06.26 09:18:31.207,1.51931,1.51949,2.03,1.00
2014.06.26 09:18:31.554,1.51935,1.51952,1.00,1.19
2014.06.26 09:18:31.935,1.51935,1.51953,1.00,1.84
2014.06.26 09:18:32.679,1.51935,1.51953,1.00,1.65
2014.06.26 09:18:33.621,1.51931,1.51949,2.52,1.00
2014.06.26 09:18:33.773,1.51931,1.51949,1.19,1.00
2014.06.26 09:18:33.926,1.51936,1.51951,1.00,1.00
2014.06.26 09:18:34.433,1.51935,1.51952,1.00,1.25
2014.06.26 09:18:34.951,1.51935,1.51954,1.00,1.00
2014.06.26 09:18:36.126,1.51936,1.51954,1.00,1.50
2014.06.26 09:18:36.633,1.51936,1.51953,1.00,1.00
2014.06.26 09:18:36.988,1.51936,1.51951,1.00,1.00
2014.06.26 09:18:37.892,1.51936,1.51953,1.00,1.00
2014.06.26 09:18:38.874,1.51935,1.51953,1.00,1.00
2014.06.26 09:18:39.153,1.51936,1.51954,1.38,1.00
2014.06.26 09:18:39.306,1.5194,1.51957,1.00,1.00
2014.06.26 09:18:40.925,1.5194,1.51958,1.00,1.00
2014.06.26 09:18:41.077,1.51946,1.51958,1.00,1.00
2014.06.26 09:18:41.412,1.5194,1.51958,1.00,1.00
2014.06.26 09:18:44.181,1.51943,1.51958,1.00,1.00
2014.06.26 09:18:44.385,1.51946,1.51962,1.00,1.65
2014.06.26 09:18:44.891,1.51945,1.51963,1.00,1.19
2014.06.26 09:18:45.045,1.5195,1.51963,1.00,1.00
2014.06.26 09:18:45.487,1.51945,1.51963,1.00,1.65
2014.06.26 09:18:47.268,1.51951,1.51963,1.00,1.00
2014.06.26 09:18:47.334,1.51945,1.51963,1.25,1.00
2014.06.26 09:18:50.977,1.51951,1.51963,1.00,1.00
2014.06.26 09:18:51.408,1.51946,1.51963,1.00,1.00
2014.06.26 09:18:51.857,1.51951,1.51967,1.00,1.34
2014.06.26 09:18:51.908,1.51951,1.51967,1.00,1.19
2014.06.26 09:18:52.066,1.51956,1.51967,1.00,1.00
2014.06.26 09:18:52.370,1.51956,1.5197,1.00,1.74
2014.06.26 09:18:53.670,1.51961,1.5197,1.00,1.74
2014.06.26 09:18:53.772,1.51956,1.5197,1.00,1.74
2014.06.26 09:18:53.882,1.5195,1.5197,1.00,2.22
2014.06.26 09:18:53.986,1.51956,1.5197,1.00,1.74
2014.06.26 09:18:54.493,1.51956,1.51968,1.00,1.20
2014.06.26 09:18:54.777,1.5195,1.51969,1.00,2.07
2014.06.26 09:18:54.980,1.51951,1.51965,1.00,1.20
2014.06.26 09:18:55.084,1.51948,1.51964,1.00,1.00
2014.06.26 09:18:56.193,1.51951,1.51969,1.00,3.72
2014.06.26 09:18:56.381,1.51951,1.51969,1.00,3.53
2014.06.26 09:18:56.930,1.5195,1.51969,1.25,1.00
2014.06.26 09:18:57.441,1.51951,1.51969,1.00,1.50
2014.06.26 09:18:57.943,1.51951,1.51968,1.00,1.84
2014.06.26 09:18:58.096,1.5195,1.51966,1.00,1.00
2014.06.26 09:18:58.603,1.5195,1.51967,1.00,1.00
2014.06.26 09:18:59.112,1.5195,1.5197,1.00,3.72
2014.06.26 09:18:59.794,1.5195,1.5197,1.00,3.34
2014.06.26 09:19:01.165,1.51951,1.51969,1.00,1.25
2014.06.26 09:19:12.244,1.5195,1.51969,1.25,2.40
2014.06.26 09:19:12.753,1.5195,1.51969,1.00,2.59
2014.06.26 09:19:14.152,1.51956,1.51969,1.00,1.84
2014.06.26 09:19:14.203,1.51956,1.51971,1.00,2.40
2014.06.26 09:19:14.507,1.51956,1.51972,1.00,1.09
2014.06.26 09:19:15.106,1.5195,1.5197,2.07,1.00
2014.06.26 09:19:15.369,1.51956,1.5197,1.00,1.69
2014.06.26 09:19:16.142,1.51955,1.51971,1.00,1.99
2014.06.26 09:19:16.650,1.51956,1.51969,1.00,1.25
2014.06.26 09:19:18.271,1.51956,1.51972,1.00,1.00
2014.06.26 09:19:18.940,1.51956,1.51973,1.00,1.88
2014.06.26 09:19:19.847,1.51951,1.51969,1.65,1.00
2014.06.26 09:19:20.202,1.51952,1.51967,2.07,1.00
2014.06.26 09:19:20.457,1.51955,1.51973,1.00,1.00
2014.06.26 09:19:20.559,1.5196,1.51973,1.00,1.00
2014.06.26 09:19:20.711,1.51955,1.51974,1.13,1.25
2014.06.26 09:19:21.227,1.51956,1.51974,1.00,1.69
2014.06.26 09:19:21.924,1.51961,1.51974,1.00,1.00
2014.06.26 09:19:22.111,1.51956,1.51974,1.00,1.50
2014.06.26 09:19:22.466,1.5196,1.51974,1.00,1.25
2014.06.26 09:19:22.643,1.51956,1.51974,1.00,1.69
2014.06.26 09:19:23.635,1.51955,1.51974,1.25,1.00
2014.06.26 09:19:24.169,1.51956,1.51974,1.00,1.50
2014.06.26 09:19:24.954,1.51955,1.51974,1.00,1.25
2014.06.26 09:19:26.275,1.51956,1.51974,1.00,1.69
2014.06.26 09:19:26.835,1.5196,1.51974,1.00,1.25
2014.06.26 09:19:26.936,1.5196,1.51977,1.00,2.59
2014.06.26 09:19:27.823,1.51961,1.51977,1.00,1.25
2014.06.26 09:19:28.506,1.51961,1.51977,1.00,1.08
2014.06.26 09:19:30.908,1.51966,1.51977,1.00,1.40
2014.06.26 09:19:31.165,1.5196,1.51977,1.00,1.40
2014.06.26 09:19:32.255,1.5196,1.51977,1.00,1.02
2014.06.26 09:19:34.332,1.51966,1.51977,1.00,1.02
2014.06.26 09:19:36.403,1.5196,1.51975,1.00,1.00
2014.06.26 09:19:36.809,1.5196,1.51973,1.00,1.38
2014.06.26 09:19:36.860,1.51955,1.51973,1.25,1.38
2014.06.26 09:19:37.399,1.51956,1.51973,1.00,1.57
2014.06.26 09:19:37.603,1.51956,1.51973,1.00,1.25
2014.06.26 09:19:37.654,1.51961,1.51973,1.00,1.25
2014.06.26 09:19:39.142,1.51961,1.51973,1.00,1.33
2014.06.26 09:19:39.738,1.51961,1.51973,1.00,1.40
2014.06.26 09:19:40.161,1.51956,1.5197,1.00,1.00
2014.06.26 09:19:41.318,1.51956,1.5197,1.00,1.19
2014.06.26 09:19:42.466,1.51956,1.51969,1.00,1.33
2014.06.26 09:19:44.082,1.51956,1.51965,1.00,1.00
2014.06.26 09:19:44.387,1.51956,1.51964,1.00,1.15
2014.06.26 09:19:44.438,1.51951,1.51964,1.00,1.15
2014.06.26 09:19:44.793,1.51951,1.51961,1.00,1.50
2014.06.26 09:19:45.098,1.51946,1.51959,1.00,1.65
2014.06.26 09:19:45.567,1.51951,1.51958,1.00,1.20
2014.06.26 09:19:47.806,1.5195,1.51958,1.00,1.00
2014.06.26 09:19:47.911,1.51945,1.51958,1.00,1.00
2014.06.26 09:19:48.222,1.51946,1.51956,1.00,1.10
2014.06.26 09:19:50.346,1.51949,1.51957,1.00,1.18
2014.06.26 09:19:50.450,1.51941,1.51957,1.00,1.00
2014.06.26 09:19:50.552,1.51946,1.51957,1.00,1.00
2014.06.26 09:19:51.636,1.51941,1.51957,1.00,1.00
2014.06.26 09:19:52.183,1.5194,1.51957,1.00,1.00
2014.06.26 09:19:57.403,1.51941,1.51957,1.00,1.00
2014.06.26 09:19:58.605,1.51936,1.51957,1.69,1.00
2014.06.26 09:19:58.911,1.51941,1.51957,1.00,1.65
2014.06.26 09:19:59.452,1.51941,1.51956,1.00,1.00
2014.06.26 09:20:00.322,1.51936,1.51956,1.25,1.00
2014.06.26 09:20:00.986,1.51941,1.51956,1.00,1.00
2014.06.26 09:20:01.493,1.5194,1.51957,1.00,1.09
2014.06.26 09:20:01.810,1.51946,1.51957,1.00,1.09
2014.06.26 09:20:02.804,1.51946,1.51957,1.00,1.00
2014.06.26 09:20:04.351,1.51946,1.51959,1.00,1.00
2014.06.26 09:20:05.010,1.51946,1.51961,1.00,1.00
2014.06.26 09:20:05.524,1.51946,1.51964,1.00,2.59
2014.06.26 09:20:06.242,1.51946,1.51964,1.00,2.44
2014.06.26 09:20:07.204,1.51946,1.51964,1.00,2.44
2014.06.26 09:20:09.847,1.51951,1.51964,1.00,1.50
2014.06.26 09:20:10.423,1.51951,1.51966,1.00,1.29
2014.06.26 09:20:13.282,1.51945,1.51965,1.00,1.25
2014.06.26 09:20:13.627,1.51951,1.51966,1.00,1.67
2014.06.26 09:20:13.830,1.51945,1.51966,1.00,1.29
2014.06.26 09:20:13.932,1.51951,1.51966,1.00,1.29
2014.06.26 09:20:14.534,1.51951,1.51966,1.00,1.02
2014.06.26 09:20:14.976,1.51951,1.51966,1.00,1.39
2014.06.26 09:20:15.130,1.51946,1.51964,1.00,2.07
2014.06.26 09:20:15.334,1.51946,1.51961,1.00,1.84
2014.06.26 09:20:15.609,1.51941,1.51961,1.25,1.84
2014.06.26 09:20:16.743,1.51941,1.51961,1.00,1.77
2014.06.26 09:20:16.896,1.51946,1.51961,1.00,1.77
2014.06.26 09:20:17.255,1.51946,1.51961,1.00,1.77
2014.06.26 09:20:17.586,1.51941,1.51961,1.00,2.59
2014.06.26 09:20:17.688,1.51945,1.51961,1.00,2.59
2014.06.26 09:20:18.008,1.51951,1.51963,1.00,1.84
2014.06.26 09:20:18.109,1.5195,1.51963,1.00,1.00
2014.06.26 09:20:18.471,1.51956,1.51965,1.00,1.19
2014.06.26 09:20:18.525,1.51956,1.51967,1.00,2.67
2014.06.26 09:20:19.066,1.51956,1.51967,1.00,1.20
2014.06.26 09:20:20.953,1.51955,1.51967,1.00,1.10
2014.06.26 09:20:21.479,1.51956,1.51967,1.00,1.00
2014.06.26 09:20:24.591,1.51955,1.51967,1.00,1.00
2014.06.26 09:20:26.463,1.5195,1.51967,1.00,1.25
2014.06.26 09:20:27.789,1.5195,1.51964,1.00,1.00
2014.06.26 09:20:28.094,1.51946,1.51964,1.00,1.95
2014.06.26 09:20:28.399,1.5195,1.51963,1.00,1.45
2014.06.26 09:20:28.907,1.51951,1.51962,1.00,1.10
2014.06.26 09:20:33.994,1.51951,1.51962,1.00,1.39
2014.06.26 09:20:35.641,1.51951,1.51959,1.00,1.20
2014.06.26 09:20:36.183,1.51951,1.51961,1.00,1.63
2014.06.26 09:20:36.491,1.51953,1.51961,1.00,1.63
2014.06.26 09:20:36.645,1.51951,1.51961,1.00,1.63
2014.06.26 09:20:37.103,1.5195,1.51963,1.00,1.25
2014.06.26 09:20:37.306,1.51955,1.51964,1.00,1.00
2014.06.26 09:20:37.357,1.51955,1.51967,1.00,1.13
2014.06.26 09:20:38.596,1.51955,1.51967,1.00,2.07
2014.06.26 09:20:38.648,1.51951,1.51967,1.00,2.07
2014.06.26 09:20:38.802,1.51951,1.51962,1.00,1.00
2014.06.26 09:20:39.107,1.51951,1.51958,1.00,1.00
2014.06.26 09:20:39.412,1.51946,1.51959,1.00,1.13
2014.06.26 09:20:40.262,1.51951,1.51959,1.00,1.13
2014.06.26 09:20:40.517,1.51951,1.51962,1.00,2.14
2014.06.26 09:20:41.135,1.51951,1.51963,1.00,1.25
2014.06.26 09:20:41.186,1.51954,1.51963,1.00,1.25
2014.06.26 09:20:41.716,1.51956,1.51964,1.00,1.19
2014.06.26 09:20:42.142,1.51956,1.51967,1.00,1.99
2014.06.26 09:20:42.654,1.51955,1.51968,1.00,1.19
2014.06.26 09:20:42.807,1.5196,1.51971,1.00,2.07
2014.06.26 09:20:43.131,1.51956,1.51971,1.00,2.07
2014.06.26 09:20:43.182,1.51956,1.51971,1.00,1.57
2014.06.26 09:20:43.386,1.5196,1.51973,1.00,1.84
2014.06.26 09:20:43.747,1.5196,1.51974,1.00,1.67
2014.06.26 09:20:44.002,1.51955,1.51974,1.00,1.67
2014.06.26 09:20:44.331,1.51961,1.51974,1.00,1.67
2014.06.26 09:20:45.689,1.51956,1.51974,1.00,1.67
2014.06.26 09:20:46.675,1.51955,1.51975,1.00,2.37
2014.06.26 09:20:48.358,1.51955,1.51972,1.00,1.32
2014.06.26 09:20:48.863,1.5195,1.5197,1.25,1.25
2014.06.26 09:20:49.771,1.5195,1.5197,1.00,1.19
2014.06.26 09:20:49.830,1.51956,1.51972,1.00,1.39
2014.06.26 09:20:51.591,1.51955,1.51972,1.00,1.67
2014.06.26 09:20:53.101,1.51955,1.51968,1.00,1.20
2014.06.26 09:20:53.406,1.51956,1.51968,1.00,1.77
2014.06.26 09:20:53.942,1.51955,1.51966,1.00,1.28
2014.06.26 09:20:54.246,1.51956,1.51969,1.00,1.63
2014.06.26 09:20:54.719,1.51956,1.51967,1.00,1.58
2014.06.26 09:20:55.262,1.51951,1.51969,1.00,2.07
2014.06.26 09:20:55.465,1.51951,1.51967,1.00,1.58
2014.06.26 09:20:57.357,1.51946,1.51961,1.00,1.95
2014.06.26 09:20:57.560,1.51946,1.51958,1.00,1.39
2014.06.26 09:20:57.713,1.51946,1.5196,1.00,1.19
2014.06.26 09:20:57.866,1.51946,1.5196,1.00,1.88
2014.06.26 09:20:59.290,1.51945,1.51959,1.00,1.38
2014.06.26 09:21:00.746,1.51945,1.51963,1.00,1.57
2014.06.26 09:21:00.848,1.5195,1.51963,1.00,1.39
2014.06.26 09:21:01.017,1.51951,1.51963,1.00,1.25
2014.06.26 09:21:01.285,1.51946,1.51963,1.00,1.63
2014.06.26 09:21:01.643,1.5195,1.51966,1.00,1.13
2014.06.26 09:21:02.152,1.51951,1.51969,1.00,2.22
2014.06.26 09:21:02.457,1.51946,1.51965,1.08,2.82
2014.06.26 09:21:02.559,1.51951,1.51965,1.00,2.07
2014.06.26 09:21:02.611,1.51946,1.51965,1.00,2.07
2014.06.26 09:21:02.814,1.51945,1.51965,1.00,1.39
2014.06.26 09:21:03.162,1.51951,1.51965,1.00,1.54
2014.06.26 09:21:03.366,1.51945,1.51965,1.00,1.17
2014.06.26 09:21:05.591,1.51945,1.51966,1.63,1.47
2014.06.26 09:21:05.845,1.51945,1.51966,1.09,2.59
2014.06.26 09:21:05.896,1.5195,1.51966,1.00,2.59
2014.06.26 09:21:06.099,1.51946,1.51966,1.19,1.50
2014.06.26 09:21:06.601,1.51946,1.51965,1.63,1.28
2014.06.26 09:21:06.855,1.5195,1.51966,1.00,1.47
2014.06.26 09:21:07.312,1.51956,1.51968,1.00,1.39
2014.06.26 09:21:07.413,1.5195,1.51968,1.13,2.29
2014.06.26 09:21:07.465,1.5195,1.51968,1.13,2.29
2014.06.26 09:21:08.004,1.51951,1.51968,1.00,1.63
2014.06.26 09:21:09.474,1.51951,1.51964,1.00,1.00
2014.06.26 09:21:10.394,1.51951,1.51967,1.00,2.97
2014.06.26 09:21:10.903,1.51951,1.51967,1.00,1.58
2014.06.26 09:21:11.464,1.5195,1.51968,1.13,2.07
2014.06.26 09:21:11.617,1.51951,1.51969,1.00,1.57
2014.06.26 09:21:13.564,1.51955,1.51969,1.00,1.38
2014.06.26 09:21:14.072,1.51956,1.51969,1.00,1.00
2014.06.26 09:21:14.834,1.51955,1.51969,1.00,1.00
2014.06.26 09:21:15.288,1.51955,1.51967,1.00,1.00
2014.06.26 09:21:15.441,1.51955,1.51969,1.00,1.65
2014.06.26 09:21:15.542,1.51951,1.51969,1.00,1.00
2014.06.26 09:21:15.593,1.51951,1.51971,1.38,1.37
2014.06.26 09:21:15.898,1.5196,1.51973,1.00,1.32
2014.06.26 09:21:16.346,1.51956,1.51973,1.00,1.57
2014.06.26 09:21:16.601,1.51956,1.51973,1.00,2.29
2014.06.26 09:21:16.806,1.51956,1.51974,1.00,1.99
2014.06.26 09:21:16.858,1.51961,1.51974,1.00,1.73
2014.06.26 09:21:17.010,1.51961,1.51975,1.00,1.20
2014.06.26 09:21:17.112,1.51955,1.51975,1.19,1.88
2014.06.26 09:21:17.164,1.51955,1.51974,1.00,1.63
2014.06.26 09:21:17.215,1.51961,1.51973,1.00,2.03
2014.06.26 09:21:17.571,1.5196,1.51971,1.00,1.25
2014.06.26 09:21:18.348,1.5196,1.51971,1.00,1.63
2014.06.26 09:21:18.399,1.51956,1.51971,1.00,1.63
2014.06.26 09:21:18.773,1.51956,1.51971,1.00,1.25
2014.06.26 09:21:18.908,1.5195,1.51971,1.57,1.20
2014.06.26 09:21:18.962,1.51951,1.51974,2.07,2.25
2014.06.26 09:21:19.267,1.51957,1.51974,1.00,1.00
2014.06.26 09:21:19.776,1.51956,1.51974,1.00,1.00
2014.06.26 09:21:20.471,1.51956,1.51974,1.00,1.19
2014.06.26 09:21:23.725,1.51956,1.51974,1.00,1.19
2014.06.26 09:21:24.090,1.51961,1.51974,1.00,1.19
2014.06.26 09:21:24.646,1.51956,1.51974,1.00,1.69
2014.06.26 09:21:24.697,1.51956,1.51974,1.00,1.69
2014.06.26 09:21:24.850,1.51961,1.51975,1.00,1.20
2014.06.26 09:21:25.651,1.5196,1.51977,1.00,1.64
2014.06.26 09:21:26.161,1.5196,1.51977,1.00,1.57
2014.06.26 09:21:26.618,1.51956,1.51974,1.25,1.00
2014.06.26 09:21:26.821,1.51961,1.51975,1.00,1.00
2014.06.26 09:21:27.354,1.51961,1.51974,1.00,1.25
2014.06.26 09:21:27.407,1.51956,1.51974,1.00,1.69
2014.06.26 09:21:28.309,1.51956,1.51974,1.00,1.69
2014.06.26 09:21:29.793,1.51955,1.51974,1.00,1.19
2014.06.26 09:21:30.371,1.51956,1.51974,1.00,2.59
2014.06.26 09:21:30.473,1.51951,1.51969,2.33,1.00
2014.06.26 09:21:30.575,1.5195,1.5197,1.00,1.69
2014.06.26 09:21:31.083,1.51951,1.51969,1.00,1.00
2014.06.26 09:21:32.139,1.51946,1.51969,1.69,1.25
2014.06.26 09:21:32.241,1.51946,1.51968,1.25,2.44
2014.06.26 09:21:33.242,1.51946,1.51968,1.00,2.82
2014.06.26 09:21:34.273,1.51946,1.51968,1.00,2.82
2014.06.26 09:21:35.253,1.51946,1.51968,1.00,2.82
2014.06.26 09:21:38.844,1.51951,1.51968,1.00,2.82
2014.06.26 09:21:38.895,1.51951,1.51968,1.00,2.82
2014.06.26 09:21:39.159,1.51947,1.51968,1.09,2.44
2014.06.26 09:21:39.686,1.51946,1.51968,1.32,2.44
2014.06.26 09:21:41.079,1.51947,1.51968,1.08,1.69
2014.06.26 09:21:41.384,1.51951,1.51968,1.19,1.20
2014.06.26 09:21:41.536,1.51951,1.51968,1.00,1.20
2014.06.26 09:21:41.896,1.51956,1.51969,1.00,1.25
2014.06.26 09:21:42.889,1.51956,1.51971,1.00,1.19
2014.06.26 09:21:43.398,1.5195,1.5197,1.10,1.25
2014.06.26 09:21:43.948,1.51951,1.51969,1.00,1.25
2014.06.26 09:21:44.921,1.51956,1.51967,1.00,1.20
2014.06.26 09:21:45.125,1.51951,1.51967,1.00,2.03
2014.06.26 09:21:45.226,1.51956,1.51967,1.00,2.40
2014.06.26 09:21:46.051,1.51956,1.51967,1.00,1.69
2014.06.26 09:21:48.025,1.51956,1.51967,1.00,1.69
2014.06.26 09:21:49.411,1.51956,1.51966,1.00,1.00
2014.06.26 09:21:49.614,1.51946,1.51966,1.13,1.19
2014.06.26 09:21:49.767,1.51945,1.51961,1.50,1.00
2014.06.26 09:21:50.047,1.51945,1.51963,1.50,1.00
2014.06.26 09:21:50.200,1.51951,1.51963,1.00,1.00
2014.06.26 09:21:50.302,1.51945,1.51963,1.38,1.00
2014.06.26 09:21:50.505,1.51951,1.51963,1.00,1.00
2014.06.26 09:21:50.607,1.51951,1.51966,1.00,1.69
2014.06.26 09:21:51.479,1.5195,1.51966,1.00,1.69
2014.06.26 09:21:52.057,1.51951,1.51966,1.00,1.25
2014.06.26 09:21:52.158,1.51955,1.51967,1.00,1.19
2014.06.26 09:21:52.361,1.51951,1.51968,1.00,1.19
2014.06.26 09:21:52.881,1.51951,1.51967,1.00,1.00
2014.06.26 09:21:53.356,1.51955,1.51969,1.00,1.19
2014.06.26 09:21:53.610,1.51951,1.51969,1.00,1.19
2014.06.26 09:21:53.712,1.51955,1.51969,1.00,1.19
2014.06.26 09:21:54.490,1.5195,1.51969,1.13,1.19
2014.06.26 09:21:55.020,1.5195,1.51968,1.00,1.25
2014.06.26 09:21:55.540,1.5195,1.51967,1.00,1.00
2014.06.26 09:21:56.036,1.51951,1.51969,1.00,1.00
2014.06.26 09:21:56.665,1.51956,1.5197,1.00,2.44
2014.06.26 09:22:00.198,1.51956,1.51968,1.00,1.65
2014.06.26 09:22:00.503,1.51955,1.51964,1.00,1.00
2014.06.26 09:22:00.809,1.51945,1.51965,1.67,1.20
2014.06.26 09:22:01.183,1.51945,1.51963,1.48,1.00
2014.06.26 09:22:01.724,1.51945,1.51963,1.10,1.00
2014.06.26 09:22:02.894,1.51951,1.51963,1.00,1.25
2014.06.26 09:22:03.406,1.5195,1.51963,1.00,1.00
2014.06.26 09:22:04.301,1.51951,1.51963,1.00,1.00
2014.06.26 09:22:04.402,1.51946,1.51963,1.00,1.00
2014.06.26 09:22:05.818,1.51951,1.51963,1.00,1.00
2014.06.26 09:22:08.310,1.51951,1.51961,1.00,1.00
2014.06.26 09:22:09.665,1.51951,1.51962,1.00,1.00
2014.06.26 09:22:11.868,1.51946,1.51962,1.00,1.00
2014.06.26 09:22:12.359,1.5195,1.51962,1.00,1.00
2014.06.26 09:22:14.394,1.5195,1.51961,1.00,1.00
2014.06.26 09:22:14.839,1.51946,1.51961,1.00,1.00
2014.06.26 09:22:15.680,1.51946,1.51964,1.00,1.25
2014.06.26 09:22:16.035,1.51946,1.51961,1.00,1.00
2014.06.26 09:22:17.807,1.51946,1.51962,1.00,1.09
2014.06.26 09:22:19.213,1.51946,1.51963,1.00,1.69
2014.06.26 09:22:19.537,1.51951,1.51963,1.00,1.69
2014.06.26 09:22:21.406,1.51951,1.51965,1.00,1.69
2014.06.26 09:22:21.457,1.51946,1.51964,1.00,1.25
2014.06.26 09:22:21.548,1.5195,1.51965,1.00,1.69
2014.06.26 09:22:21.700,1.51945,1.51965,1.00,1.69
2014.06.26 09:22:22.145,1.5195,1.51965,1.00,1.69
2014.06.26 09:22:22.349,1.51945,1.51965,1.00,1.19
2014.06.26 09:22:22.553,1.5195,1.51966,1.00,1.19
2014.06.26 09:22:22.860,1.5195,1.51966,1.00,1.25
2014.06.26 09:22:24.896,1.51946,1.51968,1.02,1.69
2014.06.26 09:22:24.998,1.5195,1.51968,1.00,1.69
2014.06.26 09:22:26.825,1.5195,1.51968,1.00,1.69
2014.06.26 09:22:28.170,1.5195,1.51969,1.00,1.25
2014.06.26 09:22:28.526,1.5195,1.51973,2.70,2.07
2014.06.26 09:22:28.577,1.5195,1.51973,2.89,1.32
2014.06.26 09:22:28.628,1.51955,1.51973,1.00,1.32
2014.06.26 09:22:28.679,1.51955,1.51975,1.00,4.32
2014.06.26 09:22:29.212,1.51956,1.51974,1.00,1.25
2014.06.26 09:22:30.330,1.51956,1.51975,1.00,3.19
2014.06.26 09:22:30.568,1.51954,1.51974,1.20,1.00
2014.06.26 09:22:30.803,1.51956,1.51975,1.00,3.19
2014.06.26 09:22:31.260,1.51956,1.51975,1.00,3.19
2014.06.26 09:22:32.098,1.51955,1.51973,1.00,1.25
2014.06.26 09:22:32.422,1.51953,1.5197,1.20,1.00
2014.06.26 09:22:32.923,1.51953,1.51972,1.20,1.19
2014.06.26 09:22:33.258,1.51955,1.51972,1.20,1.00
2014.06.26 09:22:33.415,1.51955,1.51974,1.20,1.69
2014.06.26 09:22:33.743,1.51953,1.51974,1.20,1.69
2014.06.26 09:22:34.255,1.51953,1.51974,1.20,1.69
2014.06.26 09:22:34.501,1.51956,1.51974,1.20,1.69
2014.06.26 09:22:34.848,1.51956,1.5197,1.20,1.00
2014.06.26 09:22:34.951,1.51953,1.5197,1.20,1.00
2014.06.26 09:22:35.209,1.51956,1.51974,1.00,1.69
2014.06.26 09:22:36.168,1.51953,1.5197,1.28,1.00
2014.06.26 09:22:36.510,1.51951,1.5197,1.30,1.00
2014.06.26 09:22:38.372,1.51951,1.51969,1.10,1.00
2014.06.26 09:22:38.474,1.51953,1.51969,1.20,1.00
2014.06.26 09:22:38.898,1.51951,1.5197,1.30,1.25
2014.06.26 09:22:39.803,1.51953,1.5197,1.20,1.25
2014.06.26 09:22:40.006,1.51951,1.51969,1.10,1.00
2014.06.26 09:22:42.358,1.5195,1.51971,3.68,1.25
2014.06.26 09:22:43.565,1.51951,1.51971,1.29,1.00
2014.06.26 09:22:44.531,1.51951,1.51971,1.02,1.25
2014.06.26 09:22:45.053,1.51951,1.5197,1.02,1.00
2014.06.26 09:22:46.274,1.51951,1.5197,1.00,2.44
2014.06.26 09:22:49.373,1.5195,1.5197,1.00,1.69
2014.06.26 09:22:49.878,1.51947,1.51969,2.29,1.25
2014.06.26 09:22:53.073,1.51947,1.51969,2.29,1.00
2014.06.26 09:22:53.877,1.51947,1.5197,2.29,2.44
2014.06.26 09:22:59.610,1.51947,1.51969,1.54,1.00
2014.06.26 09:23:00.109,1.51947,1.51962,1.54,1.00
2014.06.26 09:23:00.211,1.51945,1.51962,1.00,1.00
2014.06.26 09:23:00.719,1.51945,1.51965,1.65,1.69
2014.06.26 09:23:01.311,1.51945,1.51965,1.65,1.69
2014.06.26 09:23:03.017,1.51945,1.51966,1.65,1.25
2014.06.26 09:23:03.454,1.51947,1.51965,1.20,1.00
2014.06.26 09:23:04.088,1.51946,1.51966,1.65,1.25
2014.06.26 09:23:04.523,1.51946,1.51966,1.65,1.19
2014.06.26 09:23:06.140,1.51946,1.51966,1.65,1.19
2014.06.26 09:23:07.280,1.51947,1.51966,1.20,1.19
2014.06.26 09:23:07.381,1.51947,1.51968,1.09,1.39
2014.06.26 09:23:07.960,1.51948,1.51969,1.20,2.97
2014.06.26 09:23:08.177,1.51947,1.51964,1.09,1.00
2014.06.26 09:23:09.185,1.51947,1.51969,1.09,1.37
2014.06.26 09:23:09.389,1.51949,1.51969,1.20,1.84
2014.06.26 09:23:13.474,1.51947,1.51969,1.39,1.65
2014.06.26 09:23:13.788,1.51947,1.51969,1.39,1.58
2014.06.26 09:23:14.496,1.51947,1.51969,1.39,1.00
2014.06.26 09:23:15.228,1.51952,1.51969,1.20,1.00
2014.06.26 09:23:15.330,1.51948,1.51969,1.47,1.00
2014.06.26 09:23:15.897,1.51948,1.51969,1.47,1.00
2014.06.26 09:23:15.948,1.51948,1.51965,1.47,1.00
2014.06.26 09:23:16.253,1.51951,1.5197,1.99,1.00
2014.06.26 09:23:16.563,1.51951,1.51964,1.99,1.00
2014.06.26 09:23:16.614,1.51951,1.51964,1.57,1.00
2014.06.26 09:23:18.129,1.51949,1.5196,1.47,1.00
2014.06.26 09:23:18.384,1.51947,1.51964,1.57,1.00
2014.06.26 09:23:18.588,1.51949,1.51964,1.92,1.00
2014.06.26 09:23:19.118,1.51952,1.5197,1.20,1.00
2014.06.26 09:23:19.712,1.51951,1.5197,1.92,1.00
2014.06.26 09:23:20.244,1.51951,1.5197,1.92,1.00
2014.06.26 09:23:21.536,1.51952,1.51965,1.09,1.00
2014.06.26 09:23:23.849,1.51951,1.5197,1.92,1.00
2014.06.26 09:23:25.094,1.51951,1.51969,2.67,1.00
2014.06.26 09:23:27.316,1.51951,1.51969,2.67,1.00
2014.06.26 09:23:29.019,1.51955,1.51972,1.00,1.00
2014.06.26 09:23:29.681,1.51956,1.51972,1.00,1.25
2014.06.26 09:23:31.283,1.51958,1.51972,1.00,1.25
2014.06.26 09:23:31.436,1.51961,1.51976,1.00,1.00
2014.06.26 09:23:31.538,1.51961,1.51979,2.03,1.00
2014.06.26 09:23:31.589,1.51965,1.51981,1.00,1.18
2014.06.26 09:23:32.125,1.51961,1.51979,1.88,1.00
2014.06.26 09:23:32.329,1.51959,1.51974,1.39,1.00
2014.06.26 09:23:32.904,1.51956,1.51974,2.29,1.00
2014.06.26 09:23:34.744,1.51958,1.51974,1.00,1.00
2014.06.26 09:23:34.896,1.5196,1.51979,1.65,1.19
2014.06.26 09:23:34.947,1.5196,1.51981,1.84,1.18
2014.06.26 09:23:35.617,1.51961,1.51983,1.19,2.14
2014.06.26 09:23:36.348,1.51961,1.51983,1.00,2.14
2014.06.26 09:23:37.337,1.51961,1.51983,1.00,2.14
2014.06.26 09:23:38.099,1.5196,1.5198,1.30,1.00
2014.06.26 09:23:39.334,1.5196,1.5198,1.30,1.19
2014.06.26 09:23:40.338,1.5196,1.5198,1.17,1.25
2014.06.26 09:23:42.807,1.5196,1.51975,1.30,1.00
2014.06.26 09:23:43.168,1.51958,1.5198,1.47,1.00
2014.06.26 09:23:43.577,1.51959,1.51974,1.47,1.00
2014.06.26 09:23:45.899,1.51961,1.51979,1.00,1.25
2014.06.26 09:23:46.657,1.51965,1.51979,1.20,1.00
2014.06.26 09:23:46.946,1.51962,1.5198,1.20,1.50
2014.06.26 09:23:52.724,1.51958,1.51969,1.77,1.00
2014.06.26 09:23:52.776,1.51957,1.51969,2.67,1.00
2014.06.26 09:23:52.827,1.51957,1.51974,2.67,1.00
2014.06.26 09:23:53.030,1.51957,1.51974,1.09,1.00
2014.06.26 09:23:53.591,1.51961,1.51977,1.00,2.44
2014.06.26 09:23:53.928,1.51956,1.51974,1.84,1.00
2014.06.26 09:24:01.410,1.51956,1.51975,1.39,1.00
2014.06.26 09:24:01.923,1.51956,1.51975,3.04,1.00
2014.06.26 09:24:02.094,1.51956,1.5197,3.12,1.00
2014.06.26 09:24:02.859,1.51956,1.51969,2.22,1.00
2014.06.26 09:24:04.319,1.51956,1.5197,2.22,1.00
2014.06.26 09:24:06.029,1.51955,1.5197,2.07,1.00
2014.06.26 09:24:06.579,1.51955,1.51969,2.07,1.00
2014.06.26 09:24:07.184,1.51955,1.5197,2.07,1.00
2014.06.26 09:24:07.708,1.51953,1.51969,1.84,1.00
2014.06.26 09:24:08.214,1.51953,1.51969,1.37,1.00
2014.06.26 09:24:10.020,1.51953,1.51969,1.37,1.00
2014.06.26 09:24:10.247,1.51953,1.51969,2.22,1.00
2014.06.26 09:24:10.828,1.51954,1.5197,4.02,1.00
2014.06.26 09:24:11.357,1.51954,1.51969,4.02,1.00
2014.06.26 09:24:11.560,1.51952,1.51969,2.97,1.00
2014.06.26 09:24:12.108,1.51952,1.5197,2.97,1.00
2014.06.26 09:24:12.159,1.51953,1.5197,1.47,1.00
2014.06.26 09:24:14.134,1.51953,1.5197,1.47,1.00
2014.06.26 09:24:15.135,1.51953,1.5197,1.47,1.00
2014.06.26 09:24:15.648,1.51953,1.51969,1.84,1.00
2014.06.26 09:24:15.801,1.51953,1.51969,1.29,1.00
2014.06.26 09:24:16.321,1.51952,1.5197,2.44,1.00
2014.06.26 09:24:17.092,1.51952,1.5197,2.44,1.00
2014.06.26 09:24:18.071,1.51952,1.5197,1.69,1.00
2014.06.26 09:24:21.066,1.51952,1.5197,1.69,1.00
2014.06.26 09:24:22.070,1.51952,1.5197,1.69,1.00
2014.06.26 09:24:23.074,1.51952,1.5197,1.69,1.00
2014.06.26 09:24:24.336,1.51952,1.51969,2.07,1.00
2014.06.26 09:24:24.709,1.51956,1.51974,1.00,1.00
2014.06.26 09:24:24.915,1.51952,1.51974,1.19,1.00
2014.06.26 09:24:25.143,1.51951,1.5197,1.32,1.00
2014.06.26 09:24:26.895,1.51951,1.51974,2.07,1.50
2014.06.26 09:24:27.506,1.51951,1.51974,2.07,1.69
2014.06.26 09:24:28.794,1.51951,1.51974,1.57,1.19
2014.06.26 09:24:29.149,1.51955,1.51975,1.63,1.25
2014.06.26 09:24:29.756,1.51952,1.51974,1.72,1.00
2014.06.26 09:24:30.649,1.51953,1.51974,1.09,1.00
2014.06.26 09:24:31.111,1.51953,1.51969,3.34,1.00
2014.06.26 09:24:31.660,1.51952,1.5197,1.84,1.00
2014.06.26 09:24:31.778,1.51952,1.5197,1.09,1.00
2014.06.26 09:24:32.286,1.51952,1.51969,1.09,1.00
2014.06.26 09:24:32.826,1.51951,1.51969,1.72,1.00
2014.06.26 09:24:33.356,1.51951,1.51969,1.78,1.00
2014.06.26 09:24:34.073,1.51951,1.51969,1.34,1.00
2014.06.26 09:24:34.125,1.51951,1.51964,1.34,1.00
2014.06.26 09:24:34.227,1.51951,1.5197,1.34,1.00
2014.06.26 09:24:34.328,1.51951,1.51965,1.19,1.00
2014.06.26 09:24:34.582,1.51951,1.51965,1.25,1.00
2014.06.26 09:24:34.737,1.51951,1.51969,1.69,1.00
2014.06.26 09:24:34.890,1.51951,1.51969,1.19,1.00
2014.06.26 09:24:35.634,1.51951,1.5197,1.19,1.00
2014.06.26 09:24:36.419,1.51951,1.51969,1.19,1.00
2014.06.26 09:24:37.015,1.51951,1.51969,1.19,1.00
2014.06.26 09:24:38.581,1.51951,1.51969,2.07,1.00
2014.06.26 09:24:41.611,1.51951,1.51969,2.07,1.00
2014.06.26 09:24:42.607,1.51951,1.51969,2.07,1.00
2014.06.26 09:24:44.614,1.51951,1.51969,2.07,1.00
2014.06.26 09:24:46.624,1.51951,1.51969,2.07,1.00
2014.06.26 09:24:50.645,1.51951,1.51969,2.07,1.00
2014.06.26 09:24:54.667,1.51949,1.51969,1.69,1.00
2014.06.26 09:25:00.692,1.51951,1.51969,1.19,1.00
2014.06.26 09:25:01.157,1.51951,1.51964,1.19,1.00
2014.06.26 09:25:03.111,1.51951,1.51964,1.19,1.00
2014.06.26 09:25:03.337,1.51951,1.51969,1.19,1.20
2014.06.26 09:25:03.856,1.51951,1.5197,1.19,1.00
2014.06.26 09:25:04.520,1.51951,1.5197,1.19,1.00
2014.06.26 09:25:05.446,1.51951,1.5197,1.00,1.25
2014.06.26 09:25:05.978,1.51948,1.5197,1.32,1.69
2014.06.26 09:25:06.427,1.5195,1.5197,1.19,1.00
2014.06.26 09:25:07.206,1.51951,1.51972,1.19,1.09
2014.06.26 09:25:08.434,1.51951,1.51972,1.25,1.20
2014.06.26 09:25:11.498,1.51951,1.51972,1.25,1.39
2014.06.26 09:25:13.097,1.51951,1.51973,1.32,1.25
2014.06.26 09:25:13.432,1.51951,1.5197,1.32,1.00
2014.06.26 09:25:16.578,1.51956,1.51973,1.00,1.25
2014.06.26 09:25:20.829,1.51956,1.51974,1.00,2.40
2014.06.26 09:25:21.338,1.51957,1.51974,1.00,1.00
2014.06.26 09:25:23.385,1.51957,1.51975,1.25,1.00
2014.06.26 09:25:23.906,1.51956,1.51974,1.77,1.00
2014.06.26 09:25:24.672,1.51956,1.51975,1.29,1.00
2014.06.26 09:25:25.417,1.51956,1.51973,1.29,1.20
2014.06.26 09:25:25.975,1.51956,1.51973,1.02,1.20
2014.06.26 09:25:26.737,1.51956,1.51975,1.02,1.65
2014.06.26 09:25:28.537,1.51956,1.51975,1.29,1.65
2014.06.26 09:25:31.346,1.51956,1.51974,1.29,1.00
2014.06.26 09:25:33.338,1.51956,1.51975,1.29,1.65
2014.06.26 09:25:33.899,1.51955,1.51975,1.27,1.65
2014.06.26 09:25:34.609,1.51955,1.51975,1.64,1.00
2014.06.26 09:25:35.572,1.51955,1.51975,1.32,1.50
2014.06.26 09:25:36.103,1.51956,1.51974,1.19,1.00
2014.06.26 09:25:36.869,1.51956,1.51974,1.00,1.00
2014.06.26 09:25:41.578,1.51955,1.51975,1.25,2.52
2014.06.26 09:25:42.150,1.51955,1.51974,1.25,1.00
2014.06.26 09:25:42.698,1.51955,1.51974,1.00,1.19
2014.06.26 09:25:43.424,1.51956,1.51974,1.00,1.69
2014.06.26 09:25:43.947,1.51956,1.51974,1.00,1.69
2014.06.26 09:25:44.656,1.51956,1.51974,1.00,1.69
2014.06.26 09:25:45.536,1.5195,1.5197,3.64,1.00
2014.06.26 09:25:46.659,1.5195,1.5197,2.82,1.00
2014.06.26 09:25:48.400,1.51955,1.51974,1.00,1.47
2014.06.26 09:25:56.899,1.51955,1.51974,1.88,1.08
2014.06.26 09:25:56.950,1.51955,1.51974,1.88,1.10
2014.06.26 09:25:57.153,1.51954,1.51974,1.20,1.00
2014.06.26 09:25:57.872,1.51955,1.51974,1.00,2.37
2014.06.26 09:25:58.243,1.51955,1.51974,1.00,1.47
2014.06.26 09:25:59.178,1.51956,1.51974,1.00,1.84
2014.06.26 09:25:59.727,1.51955,1.51974,1.00,1.84
2014.06.26 09:26:00.194,1.5196,1.51974,1.00,1.57
2014.06.26 09:26:00.347,1.51961,1.51977,1.00,1.39
2014.06.26 09:26:00.500,1.51955,1.51976,1.19,2.07
2014.06.26 09:26:00.704,1.51955,1.51976,1.19,1.69
2014.06.26 09:26:00.805,1.51955,1.5197,1.19,1.00
2014.06.26 09:26:00.856,1.51955,1.51976,1.19,1.69
2014.06.26 09:26:01.378,1.51955,1.51976,1.00,3.34
2014.06.26 09:26:01.538,1.51961,1.51975,1.00,1.09
2014.06.26 09:26:02.597,1.51961,1.51975,1.00,1.47
2014.06.26 09:26:03.739,1.51955,1.51975,1.00,1.47
2014.06.26 09:26:04.855,1.51956,1.51973,1.00,1.50
2014.06.26 09:26:07.036,1.5196,1.51973,1.00,1.50
2014.06.26 09:26:07.776,1.5196,1.51976,1.00,1.50
2014.06.26 09:26:08.030,1.5196,1.51974,1.00,1.00
2014.06.26 09:26:08.846,1.5196,1.51976,1.00,1.50
2014.06.26 09:26:09.100,1.5196,1.5198,1.88,1.00
2014.06.26 09:26:09.203,1.51961,1.51979,1.38,1.00
2014.06.26 09:26:09.357,1.51965,1.51982,1.13,1.09
2014.06.26 09:26:09.611,1.5197,1.51984,1.00,1.69
2014.06.26 09:26:09.763,1.5197,1.51984,1.00,1.65
2014.06.26 09:26:09.916,1.51966,1.51984,1.00,1.65
2014.06.26 09:26:10.576,1.5197,1.51984,1.00,1.65
2014.06.26 09:26:11.099,1.5197,1.51987,1.00,1.19
2014.06.26 09:26:11.754,1.5197,1.51987,1.00,1.00
2014.06.26 09:26:13.906,1.5197,1.51986,1.00,1.20
2014.06.26 09:26:17.141,1.5197,1.51987,1.00,1.20
2014.06.26 09:26:20.416,1.5197,1.51989,1.00,1.65
2014.06.26 09:26:20.723,1.51975,1.51989,1.00,1.65
2014.06.26 09:26:20.775,1.51975,1.51992,1.00,1.73
2014.06.26 09:26:21.233,1.51981,1.51993,1.00,1.00
2014.06.26 09:26:21.488,1.51975,1.51993,1.88,1.00
2014.06.26 09:26:21.691,1.51981,1.51993,1.00,1.00
2014.06.26 09:26:26.023,1.51981,1.51994,1.00,1.00
2014.06.26 09:26:26.379,1.51981,1.51996,1.00,1.00
2014.06.26 09:26:27.887,1.51981,1.51994,1.00,1.20
2014.06.26 09:26:29.089,1.51981,1.51996,1.00,1.00
2014.06.26 09:26:29.639,1.5198,1.51996,1.00,1.65
2014.06.26 09:26:30.091,1.51976,1.51994,1.10,1.00
2014.06.26 09:26:33.196,1.51981,1.51995,1.00,1.20
2014.06.26 09:26:33.298,1.51975,1.51995,1.55,1.00
2014.06.26 09:26:33.400,1.51981,1.51996,1.00,1.65
2014.06.26 09:26:34.407,1.51981,1.51994,1.00,1.20
2014.06.26 09:26:35.566,1.5198,1.51994,1.00,1.20
2014.06.26 09:26:37.875,1.51981,1.51994,1.00,1.20
2014.06.26 09:26:38.028,1.51976,1.51994,1.10,1.00
2014.06.26 09:26:48.248,1.51981,1.51994,1.00,1.30
2014.06.26 09:26:48.350,1.51975,1.51995,1.00,2.48
2014.06.26 09:26:50.102,1.5198,1.51995,1.00,1.73
2014.06.26 09:26:50.407,1.51975,1.5199,1.00,1.15
2014.06.26 09:26:50.712,1.51976,1.51988,1.00,1.15
2014.06.26 09:26:50.865,1.51971,1.51987,1.38,1.08
2014.06.26 09:26:51.017,1.51971,1.51989,1.38,1.50
2014.06.26 09:26:51.335,1.51976,1.51989,1.00,1.00
2014.06.26 09:26:52.010,1.51976,1.5199,1.00,1.10
2014.06.26 09:26:54.427,1.51976,1.51989,1.00,1.00
2014.06.26 09:26:54.934,1.51976,1.5199,1.00,1.10
2014.06.26 09:26:55.441,1.51976,1.51988,1.00,1.00
2014.06.26 09:26:55.984,1.51976,1.51989,1.00,1.00
2014.06.26 09:26:56.502,1.51976,1.51988,1.00,1.00
2014.06.26 09:26:57.051,1.51975,1.51988,1.00,1.00
2014.06.26 09:26:57.203,1.51975,1.5199,1.00,1.58
2014.06.26 09:26:57.739,1.51975,1.51989,1.00,1.00
2014.06.26 09:26:58.252,1.51976,1.51989,1.00,1.00
2014.06.26 09:26:58.975,1.5198,1.51995,1.00,3.27
2014.06.26 09:26:59.281,1.51986,1.51994,1.00,1.00
2014.06.26 09:26:59.434,1.51981,1.51994,1.00,1.00
2014.06.26 09:26:59.638,1.51985,1.51995,1.00,1.00
2014.06.26 09:27:00.069,1.51981,1.51996,1.00,1.00
2014.06.26 09:27:00.171,1.51985,1.51996,1.00,1.00
2014.06.26 09:27:00.594,1.5198,1.51996,1.00,1.00
2014.06.26 09:27:01.113,1.5198,1.51998,1.00,1.50
2014.06.26 09:27:01.683,1.5198,1.51989,1.00,1.00
2014.06.26 09:27:02.244,1.51986,1.51999,1.00,1.75
2014.06.26 09:27:02.466,1.51986,1.51998,1.00,1.00
2014.06.26 09:27:02.674,1.51986,1.51996,1.00,1.00
2014.06.26 09:27:02.827,1.5198,1.51996,1.00,1.00
2014.06.26 09:27:03.140,1.51985,1.51997,1.00,1.00
2014.06.26 09:27:03.242,1.51985,1.52001,1.00,1.00
2014.06.26 09:27:03.293,1.51985,1.52001,1.38,1.00
2014.06.26 09:27:03.395,1.51985,1.52001,1.00,1.00
2014.06.26 09:27:03.497,1.51985,1.52002,1.38,1.50
2014.06.26 09:27:03.599,1.51985,1.52002,1.00,1.00
2014.06.26 09:27:04.115,1.51985,1.52003,1.38,1.00
2014.06.26 09:27:04.786,1.51991,1.52003,1.00,1.00
2014.06.26 09:27:04.991,1.51991,1.52005,1.00,1.50
2014.06.26 09:27:05.042,1.51986,1.52004,1.00,1.00
2014.06.26 09:27:06.132,1.5199,1.52004,1.00,1.00
2014.06.26 09:27:07.085,1.51986,1.52004,1.00,1.50
2014.06.26 09:27:07.606,1.51986,1.52004,1.38,1.00
2014.06.26 09:27:07.708,1.51987,1.52003,2.78,1.00
2014.06.26 09:27:07.810,1.51987,1.52003,2.18,1.00
2014.06.26 09:27:07.912,1.51996,1.5201,1.00,1.50
2014.06.26 09:27:08.371,1.51991,1.52,1.00,1.00
2014.06.26 09:27:08.575,1.5198,1.51999,1.38,1.50
2014.06.26 09:27:08.677,1.5198,1.51995,1.00,1.65
2014.06.26 09:27:08.729,1.51976,1.51994,1.88,1.00
2014.06.26 09:27:09.053,1.51971,1.51989,1.00,1.58
2014.06.26 09:27:09.160,1.51968,1.51985,1.50,1.65
2014.06.26 09:27:09.466,1.51966,1.51983,1.00,1.00
2014.06.26 09:27:09.568,1.51963,1.51983,1.25,1.00
2014.06.26 09:27:09.670,1.51963,1.51981,1.32,1.20
2014.06.26 09:27:09.936,1.51963,1.51983,1.32,1.65
2014.06.26 09:27:09.988,1.51965,1.51983,1.13,1.65
2014.06.26 09:27:10.293,1.51968,1.51984,1.00,1.20
2014.06.26 09:27:10.599,1.51971,1.51986,1.00,1.20
2014.06.26 09:27:10.702,1.51971,1.51988,1.00,1.20
2014.06.26 09:27:11.231,1.51971,1.51987,1.00,1.20
2014.06.26 09:27:11.521,1.51973,1.51987,1.50,1.20
2014.06.26 09:27:11.573,1.51975,1.5199,1.00,1.20
2014.06.26 09:27:11.675,1.51976,1.51993,1.00,2.03
2014.06.26 09:27:12.301,1.51976,1.51993,1.38,1.28
2014.06.26 09:27:12.352,1.5198,1.5199,1.00,1.20
2014.06.26 09:27:12.454,1.51976,1.5199,1.45,1.20
2014.06.26 09:27:12.657,1.51986,1.51994,1.00,1.20
2014.06.26 09:27:12.759,1.5198,1.51993,1.38,1.20
2014.06.26 09:27:12.912,1.51981,1.51993,1.00,1.20
2014.06.26 09:27:13.217,1.51977,1.51996,1.65,1.20
2014.06.26 09:27:13.319,1.5198,1.51996,1.00,1.20
2014.06.26 09:27:13.895,1.51977,1.51996,1.65,1.20
2014.06.26 09:27:14.334,1.51981,1.51996,1.00,1.20
2014.06.26 09:27:14.859,1.51978,1.51997,1.20,1.09
2014.06.26 09:27:14.911,1.5198,1.51998,1.50,1.32
2014.06.26 09:27:15.233,1.51985,1.52004,1.13,2.59
2014.06.26 09:27:15.285,1.51985,1.52004,1.38,2.59
2014.06.26 09:27:15.591,1.51991,1.52007,1.00,1.25
2014.06.26 09:27:15.896,1.51995,1.52007,1.00,1.25
2014.06.26 09:27:16.458,1.51995,1.52008,1.00,1.00
2014.06.26 09:27:16.662,1.51996,1.5201,1.00,1.00
2014.06.26 09:27:16.864,1.5199,1.5201,1.38,1.50
2014.06.26 09:27:18.158,1.5199,1.52008,1.48,1.20
2014.06.26 09:27:18.948,1.51991,1.52007,1.00,1.20
2014.06.26 09:27:19.525,1.51991,1.52005,1.00,1.65
2014.06.26 09:27:19.728,1.51985,1.52001,1.00,1.20
2014.06.26 09:27:19.831,1.51985,1.51999,1.00,1.20
2014.06.26 09:27:19.985,1.5198,1.51999,1.00,1.20
2014.06.26 09:27:20.087,1.51986,1.51996,1.00,1.00
2014.06.26 09:27:20.189,1.51986,1.52,1.00,1.65
2014.06.26 09:27:20.706,1.51985,1.52,1.00,1.00
2014.06.26 09:27:21.376,1.51986,1.52,1.00,1.00
2014.06.26 09:27:22.063,1.51986,1.51998,1.00,1.00
2014.06.26 09:27:25.032,1.5199,1.51998,1.00,1.00
2014.06.26 09:27:25.558,1.51986,1.51998,1.00,1.00
2014.06.26 09:27:25.712,1.5199,1.52,1.00,1.00
2014.06.26 09:27:32.805,1.51985,1.52,1.00,1.00
2014.06.26 09:27:33.310,1.51986,1.52,1.00,1.00
2014.06.26 09:27:33.855,1.51985,1.52,1.00,1.00
2014.06.26 09:27:36.639,1.5199,1.52,1.00,1.00
2014.06.26 09:27:37.927,1.51991,1.52,1.00,1.00
2014.06.26 09:27:41.148,1.51985,1.52,1.00,1.00
2014.06.26 09:27:41.409,1.51991,1.52,1.00,1.00
2014.06.26 09:27:41.511,1.51986,1.52,1.00,1.00
2014.06.26 09:27:41.613,1.5199,1.52,1.00,1.00
2014.06.26 09:27:41.664,1.5199,1.52002,1.00,2.82
2014.06.26 09:27:42.334,1.51991,1.52002,1.00,2.07
2014.06.26 09:27:42.995,1.5199,1.52002,1.00,1.50
2014.06.26 09:27:43.507,1.51991,1.52002,1.00,1.50
2014.06.26 09:27:44.368,1.5199,1.52002,1.00,1.50
2014.06.26 09:27:44.976,1.51991,1.52002,1.00,1.50
2014.06.26 09:27:49.981,1.51991,1.52001,1.00,1.00
2014.06.26 09:27:58.670,1.51986,1.52001,1.00,1.00
2014.06.26 09:27:58.823,1.51986,1.51998,1.00,1.00
2014.06.26 09:27:59.992,1.51986,1.51996,1.00,1.00
2014.06.26 09:28:00.523,1.51986,1.51995,1.00,1.00
2014.06.26 09:28:03.795,1.51985,1.51995,1.00,1.00
2014.06.26 09:28:05.663,1.51981,1.51995,1.00,1.00
2014.06.26 09:28:05.934,1.51986,1.51995,1.00,1.00
2014.06.26 09:28:08.158,1.51986,1.51992,1.00,1.00
2014.06.26 09:28:10.334,1.51981,1.51992,1.00,1.00
2014.06.26 09:28:10.538,1.51985,1.51993,1.00,1.00
2014.06.26 09:28:10.833,1.51981,1.51994,1.00,1.00
2014.06.26 09:28:13.584,1.5198,1.51994,1.00,1.00
2014.06.26 09:28:14.352,1.51981,1.51994,1.00,1.00
2014.06.26 09:28:14.505,1.51981,1.51997,1.00,1.69
2014.06.26 09:28:15.891,1.51986,1.51997,1.00,1.50
2014.06.26 09:28:16.243,1.5198,1.51997,1.00,1.50
2014.06.26 09:28:16.447,1.51986,1.51997,1.00,1.50
2014.06.26 09:28:16.553,1.51981,1.51997,1.00,1.50
2014.06.26 09:28:17.215,1.51985,1.51997,1.00,1.50
2014.06.26 09:28:17.368,1.5198,1.51997,1.65,1.50
2014.06.26 09:28:17.469,1.51986,1.51997,1.00,1.50
2014.06.26 09:28:18.478,1.51986,1.51995,1.00,1.00
2014.06.26 09:28:18.681,1.51981,1.51995,1.00,1.00
2014.06.26 09:28:18.733,1.51981,1.51993,1.00,1.00
2014.06.26 09:28:19.564,1.5198,1.51993,1.00,1.00
2014.06.26 09:28:20.052,1.5198,1.51995,1.00,1.00
2014.06.26 09:28:20.498,1.51977,1.51994,1.20,1.00
2014.06.26 09:28:20.705,1.51986,1.51996,1.00,1.00
2014.06.26 09:28:20.922,1.51981,1.51996,1.00,1.00
2014.06.26 09:28:21.774,1.51976,1.51995,1.58,1.00
2014.06.26 09:28:21.876,1.5198,1.51996,1.00,1.00
2014.06.26 09:28:22.863,1.51981,1.51996,1.00,1.00
2014.06.26 09:28:23.633,1.5198,1.51996,1.00,1.00
2014.06.26 09:28:25.988,1.51976,1.51995,1.58,1.00
2014.06.26 09:28:26.970,1.51981,1.51996,1.00,1.00
2014.06.26 09:28:27.072,1.51977,1.51994,1.58,1.00
2014.06.26 09:28:27.377,1.51981,1.51994,1.00,1.00
2014.06.26 09:28:27.529,1.51981,1.51996,1.00,1.00
2014.06.26 09:28:27.631,1.51981,1.51994,1.00,1.00
2014.06.26 09:28:28.704,1.5198,1.51994,1.00,1.00
2014.06.26 09:28:29.174,1.5198,1.51992,1.00,1.00
2014.06.26 09:28:29.932,1.51986,1.51993,1.00,1.00
2014.06.26 09:28:30.135,1.51981,1.51996,1.20,1.00
2014.06.26 09:28:30.390,1.51981,1.51999,1.20,1.50
2014.06.26 09:28:30.598,1.51986,1.51998,1.00,1.00
2014.06.26 09:28:30.904,1.51981,1.51998,1.20,1.00
2014.06.26 09:28:31.552,1.51981,1.51999,1.20,1.50
2014.06.26 09:28:35.075,1.51986,1.51999,1.00,1.00
2014.06.26 09:28:40.400,1.5198,1.51999,1.00,1.00
2014.06.26 09:28:40.911,1.51981,1.51999,1.00,1.69
2014.06.26 09:28:41.014,1.51981,1.51996,1.00,1.00
2014.06.26 09:28:41.338,1.51986,1.51996,1.00,1.00
2014.06.26 09:28:41.872,1.51986,1.51997,1.00,1.13
2014.06.26 09:28:47.513,1.51986,1.51998,1.00,1.13
2014.06.26 09:28:51.491,1.51986,1.51999,1.00,2.25
2014.06.26 09:28:56.560,1.5198,1.51999,1.38,1.50
2014.06.26 09:28:56.714,1.51985,1.51999,1.00,1.50
2014.06.26 09:28:58.356,1.5198,1.51999,1.38,1.00
2014.06.26 09:29:01.721,1.51986,1.52001,1.00,1.00
2014.06.26 09:29:02.413,1.51981,1.51999,1.00,1.00
2014.06.26 09:29:02.927,1.5198,1.52,1.00,1.00
2014.06.26 09:29:03.711,1.5198,1.52,1.63,1.00
2014.06.26 09:29:03.813,1.5199,1.52002,1.00,1.10
2014.06.26 09:29:04.017,1.5199,1.52007,1.65,1.41
2014.06.26 09:29:04.772,1.5199,1.52006,1.00,1.58
2014.06.26 09:29:04.823,1.51986,1.52006,1.00,1.18
2014.06.26 09:29:05.542,1.51986,1.52006,1.00,1.50
2014.06.26 09:29:06.288,1.51991,1.52006,1.00,1.50
2014.06.26 09:29:06.829,1.51991,1.52008,1.00,2.44
2014.06.26 09:29:07.112,1.51986,1.52008,1.73,2.44
2014.06.26 09:29:07.365,1.51991,1.5201,1.00,1.10
2014.06.26 09:29:07.671,1.51996,1.52013,1.00,1.13
2014.06.26 09:29:08.577,1.52001,1.52013,1.00,1.13
2014.06.26 09:29:09.319,1.51995,1.52013,1.10,1.13
2014.06.26 09:29:11.299,1.51996,1.52013,1.00,1.00
2014.06.26 09:29:11.844,1.51995,1.52013,1.00,1.00
2014.06.26 09:29:12.150,1.51995,1.52012,1.00,2.44
2014.06.26 09:29:12.506,1.51991,1.52014,1.64,1.50
2014.06.26 09:29:12.964,1.51991,1.52011,1.58,1.00
2014.06.26 09:29:13.167,1.51991,1.52013,1.58,1.25
2014.06.26 09:29:13.938,1.51996,1.52013,1.00,1.00
2014.06.26 09:29:14.965,1.51995,1.52013,1.00,1.00
2014.06.26 09:29:15.529,1.51996,1.52013,1.00,1.00
2014.06.26 09:29:16.133,1.51991,1.52009,1.77,1.00
2014.06.26 09:29:16.849,1.51991,1.52009,1.67,1.00
2014.06.26 09:29:17.378,1.5199,1.5201,2.97,1.00
2014.06.26 09:29:18.443,1.51996,1.52013,1.00,1.00
2014.06.26 09:29:19.159,1.51995,1.52013,1.00,1.00
2014.06.26 09:29:20.862,1.51993,1.52009,1.00,1.00
2014.06.26 09:29:21.436,1.51993,1.5201,1.00,1.00
2014.06.26 09:29:22.071,1.51995,1.52013,1.00,1.00
2014.06.26 09:29:23.392,1.51993,1.5201,1.00,1.00
2014.06.26 09:29:23.551,1.51991,1.5201,1.02,1.00
2014.06.26 09:29:24.111,1.51991,1.52009,1.77,1.00
2014.06.26 09:29:24.213,1.51991,1.52009,2.14,1.00
2014.06.26 09:29:24.517,1.51992,1.52009,1.77,1.00
2014.06.26 09:29:25.101,1.51992,1.5201,1.77,1.00
2014.06.26 09:29:25.713,1.51996,1.5201,1.00,1.00
2014.06.26 09:29:27.351,1.51996,1.52009,1.00,1.00
2014.06.26 09:29:28.128,1.51996,1.5201,1.00,1.00
2014.06.26 09:29:29.331,1.51996,1.52014,1.50,1.00
2014.06.26 09:29:29.687,1.51997,1.5201,1.10,1.00
2014.06.26 09:29:30.094,1.51999,1.5201,1.00,1.00
2014.06.26 09:29:30.145,1.51999,1.52015,1.00,1.00
2014.06.26 09:29:30.711,1.51999,1.52015,1.15,1.00
2014.06.26 09:29:31.659,1.51999,1.52014,1.40,1.00
2014.06.26 09:29:32.331,1.51999,1.52014,1.00,1.00
2014.06.26 09:29:33.076,1.52001,1.52019,1.00,1.00
2014.06.26 09:29:33.622,1.51999,1.52014,1.00,1.00
2014.06.26 09:29:35.901,1.51997,1.52014,1.77,1.00
2014.06.26 09:29:36.054,1.51996,1.52014,1.00,1.65
2014.06.26 09:29:36.105,1.51993,1.5201,1.20,1.00
2014.06.26 09:29:36.156,1.51993,1.5201,1.13,1.00
2014.06.26 09:29:36.258,1.51991,1.52009,1.50,1.00
2014.06.26 09:29:37.310,1.51987,1.52004,2.22,1.00
2014.06.26 09:29:39.112,1.51987,1.52005,1.65,1.00
2014.06.26 09:29:40.601,1.5199,1.52009,1.00,1.00
2014.06.26 09:29:41.347,1.5199,1.5201,1.00,1.00
2014.06.26 09:29:41.540,1.5199,1.52008,1.00,1.00
2014.06.26 09:29:41.643,1.51986,1.52005,1.50,1.00
2014.06.26 09:29:41.847,1.5199,1.52008,1.00,1.00
2014.06.26 09:29:42.102,1.5199,1.5201,1.00,1.20
2014.06.26 09:29:45.132,1.51991,1.52009,1.00,1.00
2014.06.26 09:29:55.476,1.51991,1.52009,1.00,1.08
2014.06.26 09:29:55.989,1.51991,1.52009,1.00,1.00
2014.06.26 09:29:57.357,1.5199,1.5201,1.00,1.10
2014.06.26 09:30:00.219,1.51992,1.5201,1.00,2.48
2014.06.26 09:30:00.630,1.51989,1.52005,1.00,1.00
2014.06.26 09:30:00.733,1.51986,1.52005,1.00,1.00
2014.06.26 09:30:01.251,1.51986,1.52004,1.00,1.00
2014.06.26 09:30:05.574,1.51991,1.52004,1.00,1.00
2014.06.26 09:30:06.122,1.51985,1.52004,1.00,1.00
2014.06.26 09:30:09.092,1.51986,1.52004,1.00,1.50
2014.06.26 09:30:09.310,1.51981,1.52,1.34,1.00
2014.06.26 09:30:10.193,1.51981,1.51999,1.84,1.00
2014.06.26 09:30:10.392,1.51981,1.52004,1.84,1.50
2014.06.26 09:30:16.870,1.51984,1.52004,1.00,1.00
2014.06.26 09:30:16.987,1.51984,1.52004,1.33,1.00
2014.06.26 09:30:17.402,1.51984,1.52004,1.02,1.00
2014.06.26 09:30:17.529,1.51986,1.52006,1.00,1.00
2014.06.26 09:30:17.697,1.51984,1.52005,1.02,1.00
2014.06.26 09:30:18.002,1.51981,1.52002,1.77,1.00
2014.06.26 09:30:18.053,1.51981,1.52002,1.02,1.00
2014.06.26 09:30:18.104,1.51981,1.51996,1.10,1.00
2014.06.26 09:30:18.308,1.51971,1.5199,2.07,1.50
2014.06.26 09:30:18.460,1.51971,1.51989,1.15,1.69
2014.06.26 09:30:18.715,1.51956,1.51974,1.15,1.00
2014.06.26 09:30:18.868,1.51951,1.51973,1.88,1.00
2014.06.26 09:30:18.919,1.51951,1.5197,1.20,1.20
2014.06.26 09:30:18.970,1.5195,1.51969,1.15,1.00
2014.06.26 09:30:19.021,1.51947,1.51966,1.57,1.00
2014.06.26 09:30:19.327,1.51937,1.51959,1.18,1.00
2014.06.26 09:30:19.429,1.5194,1.51959,1.00,1.00
2014.06.26 09:30:19.633,1.51935,1.51957,1.50,1.19
2014.06.26 09:30:19.836,1.51935,1.51954,1.00,1.00
2014.06.26 09:30:19.989,1.51936,1.51956,1.00,1.25
2014.06.26 09:30:20.040,1.51936,1.51952,1.00,1.00
2014.06.26 09:30:20.091,1.51931,1.51952,1.19,1.00
2014.06.26 09:30:20.193,1.51931,1.51949,1.00,1.00
2014.06.26 09:30:20.498,1.5193,1.51947,1.00,1.00
2014.06.26 09:30:20.999,1.5193,1.51948,1.00,1.25
2014.06.26 09:30:21.152,1.51926,1.51945,1.00,1.00
2014.06.26 09:30:21.407,1.51931,1.51948,1.00,1.65
2014.06.26 09:30:21.714,1.51926,1.51944,1.38,1.00
2014.06.26 09:30:22.020,1.51926,1.51942,1.00,2.40
2014.06.26 09:30:22.350,1.51926,1.5194,1.00,1.20
2014.06.26 09:30:22.554,1.51926,1.51942,1.00,1.65
2014.06.26 09:30:23.032,1.51925,1.51944,1.00,1.47
2014.06.26 09:30:23.184,1.51925,1.51941,1.00,1.00
2014.06.26 09:30:23.387,1.51926,1.51943,1.00,1.20
2014.06.26 09:30:23.438,1.51926,1.51941,1.00,1.20
2014.06.26 09:30:23.648,1.51925,1.51943,1.00,1.20
2014.06.26 09:30:23.953,1.51931,1.51944,1.00,1.00
2014.06.26 09:30:24.582,1.51931,1.51945,1.00,2.40
2014.06.26 09:30:24.685,1.51931,1.51948,1.00,1.00
2014.06.26 09:30:24.838,1.5193,1.5195,1.39,1.00
2014.06.26 09:30:24.940,1.51935,1.51951,1.00,1.00
2014.06.26 09:30:25.173,1.51936,1.51954,1.00,1.30
2014.06.26 09:30:25.226,1.51936,1.51956,1.00,1.50
2014.06.26 09:30:25.633,1.51938,1.51956,1.00,1.00
2014.06.26 09:30:25.940,1.51941,1.51962,2.07,1.00
2014.06.26 09:30:26.043,1.51944,1.51964,1.50,1.10
2014.06.26 09:30:26.095,1.51944,1.51967,2.63,1.39
2014.06.26 09:30:26.247,1.51946,1.51968,1.32,1.18
2014.06.26 09:30:26.349,1.5195,1.5197,1.00,1.77
2014.06.26 09:30:26.452,1.5195,1.51971,1.00,1.29
2014.06.26 09:30:26.859,1.51951,1.51974,1.19,2.33
2014.06.26 09:30:27.164,1.51956,1.51972,1.00,1.58
2014.06.26 09:30:27.215,1.51951,1.51972,1.19,1.58
2014.06.26 09:30:28.066,1.51951,1.51968,1.00,1.00
2014.06.26 09:30:28.524,1.51947,1.51969,2.07,1.18
2014.06.26 09:30:28.575,1.51951,1.5197,1.00,1.15
2014.06.26 09:30:28.728,1.51951,1.5197,1.00,1.10
2014.06.26 09:30:29.246,1.5195,1.5197,1.13,1.10
2014.06.26 09:30:29.348,1.51961,1.5197,1.00,1.10
2014.06.26 09:30:29.451,1.51961,1.51975,1.00,1.13
2014.06.26 09:30:29.502,1.51961,1.51977,1.00,1.00
2014.06.26 09:30:29.553,1.51957,1.5197,1.48,1.00
2014.06.26 09:30:29.655,1.51955,1.5197,1.18,1.00
2014.06.26 09:30:29.707,1.51956,1.51974,1.08,1.00
2014.06.26 09:30:29.910,1.51955,1.51977,1.10,1.50
2014.06.26 09:30:30.114,1.51951,1.51974,1.47,1.00
2014.06.26 09:30:30.440,1.51956,1.51977,1.00,1.00
2014.06.26 09:30:30.745,1.51952,1.51974,1.63,1.00
2014.06.26 09:30:31.190,1.51952,1.51975,1.63,2.33
2014.06.26 09:30:31.343,1.51957,1.51974,1.00,1.00
2014.06.26 09:30:31.647,1.51955,1.51978,2.03,1.00
2014.06.26 09:30:32.155,1.51956,1.51977,1.13,1.10
2014.06.26 09:30:33.208,1.51955,1.51976,1.25,1.00
2014.06.26 09:30:33.310,1.51956,1.51974,1.00,1.00
2014.06.26 09:30:33.412,1.51952,1.51974,1.00,1.25
2014.06.26 09:30:33.711,1.51951,1.51972,1.13,1.00
2014.06.26 09:30:34.691,1.51951,1.51973,1.13,1.00
2014.06.26 09:30:35.285,1.51951,1.51974,1.13,2.44
2014.06.26 09:30:36.282,1.5195,1.51974,1.10,2.82
2014.06.26 09:30:36.587,1.51951,1.51972,1.00,1.58
2014.06.26 09:30:36.913,1.51947,1.51969,2.22,1.00
2014.06.26 09:30:37.448,1.51947,1.51969,2.22,1.00
2014.06.26 09:30:38.321,1.51947,1.51969,2.22,1.00
2014.06.26 09:30:38.771,1.51951,1.51972,1.00,2.70
2014.06.26 09:30:39.211,1.51954,1.51972,1.00,1.58
2014.06.26 09:30:39.515,1.51942,1.51959,1.30,1.00
2014.06.26 09:30:39.566,1.51946,1.51964,1.00,1.10
2014.06.26 09:30:39.719,1.51944,1.51967,1.00,2.25
2014.06.26 09:30:39.878,1.51951,1.51967,1.00,1.32
2014.06.26 09:30:39.980,1.51951,1.5197,1.00,1.57
2014.06.26 09:30:40.032,1.51951,1.51959,1.00,1.00
2014.06.26 09:30:40.083,1.51947,1.51959,1.65,1.00
2014.06.26 09:30:40.134,1.5195,1.51972,1.00,1.65
2014.06.26 09:30:40.287,1.5195,1.51974,1.69,1.00
2014.06.26 09:30:40.693,1.5195,1.51972,1.25,1.00
2014.06.26 09:30:41.149,1.51949,1.51964,1.10,1.00
2014.06.26 09:30:41.352,1.51951,1.5197,1.00,1.00
2014.06.26 09:30:41.505,1.51953,1.51972,1.13,1.00
2014.06.26 09:30:41.606,1.51953,1.51974,1.20,1.00
2014.06.26 09:30:41.759,1.51957,1.51975,1.00,1.69
2014.06.26 09:30:41.926,1.51959,1.51979,1.00,1.33
2014.06.26 09:30:42.078,1.51959,1.51979,1.19,1.08
2014.06.26 09:30:42.130,1.51959,1.5198,1.19,1.50
2014.06.26 09:30:42.182,1.51956,1.5198,1.72,1.50
2014.06.26 09:30:42.234,1.51956,1.51977,2.97,1.00
2014.06.26 09:30:42.377,1.51956,1.51979,2.22,1.00
2014.06.26 09:30:42.595,1.5196,1.51979,1.00,1.00
2014.06.26 09:30:42.899,1.51961,1.51982,1.00,1.77
2014.06.26 09:30:43.254,1.51964,1.51985,1.00,1.69
2014.06.26 09:30:43.407,1.51962,1.51986,1.77,1.02
2014.06.26 09:30:43.458,1.51962,1.51986,2.14,1.25
2014.06.26 09:30:43.793,1.51961,1.51984,1.84,2.63
2014.06.26 09:30:43.895,1.51961,1.5198,1.29,1.00
2014.06.26 09:30:44.301,1.5196,1.51984,1.00,3.64
2014.06.26 09:30:44.505,1.5196,1.51982,1.13,1.50
2014.06.26 09:30:44.657,1.51966,1.51982,1.00,1.50
2014.06.26 09:30:44.962,1.51963,1.51984,1.10,1.00
2014.06.26 09:30:45.014,1.51961,1.51982,1.47,1.00
2014.06.26 09:30:45.115,1.51961,1.51982,1.25,1.50
2014.06.26 09:30:45.318,1.51961,1.51981,1.00,1.28
2014.06.26 09:30:45.849,1.5196,1.51981,1.00,1.72
2014.06.26 09:30:46.252,1.51957,1.5198,1.13,1.09
2014.06.26 09:30:46.766,1.51959,1.5198,1.00,1.18
2014.06.26 09:30:47.778,1.51959,1.51979,1.38,1.10
2014.06.26 09:30:48.084,1.51956,1.51979,2.40,1.19
2014.06.26 09:30:48.388,1.51956,1.51975,1.84,1.00
2014.06.26 09:30:48.490,1.51956,1.51978,2.44,1.00
2014.06.26 09:30:48.643,1.51961,1.51978,1.00,1.00
2014.06.26 09:30:48.948,1.51962,1.51974,1.00,1.00
2014.06.26 09:30:49.102,1.5196,1.51982,1.27,1.00
2014.06.26 09:30:49.203,1.51962,1.51982,1.38,1.00
2014.06.26 09:30:49.254,1.51965,1.51984,1.57,1.50
2014.06.26 09:30:49.305,1.51965,1.51985,1.57,1.10
2014.06.26 09:30:49.610,1.51972,1.51984,1.38,1.00
2014.06.26 09:30:49.673,1.51972,1.5199,1.38,1.00
2014.06.26 09:30:49.829,1.51976,1.5199,1.38,1.00
2014.06.26 09:30:49.881,1.51976,1.51995,1.38,1.08
2014.06.26 09:30:50.034,1.51982,1.51995,1.00,1.00
2014.06.26 09:30:50.086,1.51982,1.51999,1.38,1.00
2014.06.26 09:30:50.189,1.51982,1.52002,1.55,1.00
2014.06.26 09:30:50.291,1.51982,1.52004,1.38,1.00
2014.06.26 09:30:50.443,1.51989,1.52008,1.13,1.10
2014.06.26 09:30:50.495,1.51989,1.52008,1.38,1.10
2014.06.26 09:30:50.699,1.51992,1.52014,1.57,1.38
2014.06.26 09:30:50.852,1.51993,1.52014,1.57,1.00
2014.06.26 09:30:50.954,1.52,1.52017,1.00,1.08
2014.06.26 09:30:51.157,1.51998,1.5202,2.59,1.00
2014.06.26 09:30:51.361,1.52002,1.5202,1.45,1.00
2014.06.26 09:30:51.412,1.52005,1.52024,1.13,1.25
2014.06.26 09:30:51.565,1.52005,1.52026,2.07,1.08
2014.06.26 09:30:51.820,1.52006,1.5203,1.77,2.33
2014.06.26 09:30:52.025,1.52007,1.52029,1.02,1.00
2014.06.26 09:30:52.076,1.5201,1.52033,2.78,2.44
2014.06.26 09:30:52.127,1.5201,1.52033,3.27,1.50
2014.06.26 09:30:52.178,1.52011,1.52035,1.74,1.50
2014.06.26 09:30:52.381,1.52018,1.52029,1.13,1.00
2014.06.26 09:30:52.635,1.52022,1.52039,1.27,1.00
2014.06.26 09:30:52.818,1.52022,1.52044,1.57,1.00
2014.06.26 09:30:53.022,1.52023,1.52044,1.69,1.00
2014.06.26 09:30:53.328,1.52035,1.52049,1.00,1.00
2014.06.26 09:30:53.531,1.52036,1.52054,1.19,1.00
2014.06.26 09:30:53.684,1.52043,1.52055,1.00,1.50
2014.06.26 09:30:53.837,1.52045,1.52059,1.00,1.00
2014.06.26 09:30:53.939,1.52046,1.52064,2.40,1.00
2014.06.26 09:30:54.042,1.52046,1.5206,1.00,1.00
2014.06.26 09:30:54.195,1.5204,1.5206,1.84,1.00
2014.06.26 09:30:54.450,1.52044,1.52059,1.38,1.00
2014.06.26 09:30:54.754,1.52049,1.5206,1.38,1.00
2014.06.26 09:30:54.857,1.52049,1.52065,1.38,1.00
2014.06.26 09:30:55.365,1.52041,1.52059,1.57,1.00
2014.06.26 09:30:55.467,1.52041,1.52059,1.00,1.00
2014.06.26 09:30:55.620,1.5204,1.52063,2.07,1.50
2014.06.26 09:30:55.776,1.5204,1.52057,1.25,1.00
2014.06.26 09:30:55.878,1.52035,1.52054,1.38,1.00
2014.06.26 09:30:56.017,1.52031,1.52053,1.13,1.00
2014.06.26 09:30:56.171,1.52031,1.52051,1.00,1.00
2014.06.26 09:30:56.477,1.52033,1.52054,1.00,1.19
2014.06.26 09:30:56.528,1.52033,1.52054,1.00,1.00
2014.06.26 09:30:56.834,1.52033,1.52044,1.00,1.00
2014.06.26 09:30:56.936,1.5203,1.52044,2.40,1.00
2014.06.26 09:30:57.139,1.5203,1.52055,2.25,2.74
2014.06.26 09:30:57.293,1.5203,1.52055,2.82,2.55
2014.06.26 09:30:57.900,1.52033,1.52054,1.00,1.00
2014.06.26 09:30:58.206,1.52038,1.52056,1.00,2.03
2014.06.26 09:30:58.257,1.52037,1.52059,1.47,1.58
2014.06.26 09:30:59.158,1.52036,1.52059,1.57,2.33
2014.06.26 09:30:59.209,1.52036,1.52056,1.57,1.00
2014.06.26 09:30:59.514,1.52036,1.52056,1.00,2.14
2014.06.26 09:30:59.667,1.52031,1.5205,1.69,1.00
2014.06.26 09:31:00.202,1.52027,1.5205,1.57,1.50
2014.06.26 09:31:00.869,1.52028,1.52045,1.62,1.00
2014.06.26 09:31:01.378,1.52027,1.52044,1.37,1.00
2014.06.26 09:31:01.430,1.52029,1.5205,1.00,1.00
2014.06.26 09:31:01.583,1.5203,1.5205,1.32,1.00
2014.06.26 09:31:01.888,1.52041,1.52056,1.20,1.19
2014.06.26 09:31:02.041,1.5204,1.52061,1.00,1.84
2014.06.26 09:31:02.143,1.5204,1.52061,1.00,1.00
2014.06.26 09:31:02.297,1.52036,1.52054,1.74,1.00
2014.06.26 09:31:02.552,1.52035,1.52055,1.10,2.44
2014.06.26 09:31:02.705,1.52036,1.52052,1.00,1.00
2014.06.26 09:31:02.858,1.5203,1.52052,2.18,1.00
2014.06.26 09:31:02.960,1.5203,1.52052,1.55,1.00
2014.06.26 09:31:03.012,1.5203,1.52055,1.55,2.82
2014.06.26 09:31:03.267,1.5203,1.52052,1.55,1.00
2014.06.26 09:31:03.572,1.5204,1.52058,1.00,1.09
2014.06.26 09:31:03.674,1.52035,1.52055,1.13,1.10
2014.06.26 09:31:03.882,1.52041,1.52056,1.00,1.27
2014.06.26 09:31:04.035,1.52042,1.52059,1.20,1.58
2014.06.26 09:31:04.086,1.52046,1.52062,1.00,1.13
2014.06.26 09:31:04.239,1.52046,1.52069,1.48,1.00
2014.06.26 09:31:04.291,1.52046,1.52064,1.67,1.00
2014.06.26 09:31:04.393,1.5205,1.5207,1.25,1.10
2014.06.26 09:31:04.546,1.52052,1.5207,1.64,1.00
2014.06.26 09:31:04.648,1.52053,1.52074,1.87,1.00
2014.06.26 09:31:04.700,1.52056,1.52074,1.57,1.00
2014.06.26 09:31:05.007,1.52063,1.52074,1.20,1.00
2014.06.26 09:31:05.172,1.5207,1.52088,1.00,1.00
2014.06.26 09:31:05.326,1.5207,1.5209,1.00,1.00
2014.06.26 09:31:05.428,1.52071,1.5209,1.00,1.38
2014.06.26 09:31:05.582,1.52066,1.52089,1.88,1.38
2014.06.26 09:31:05.684,1.52066,1.52089,1.50,1.38
2014.06.26 09:31:05.786,1.52066,1.52089,1.58,1.00
2014.06.26 09:31:05.888,1.52069,1.52089,1.00,1.00
2014.06.26 09:31:06.194,1.52079,1.52094,1.49,1.00
2014.06.26 09:31:06.245,1.52079,1.52094,1.17,1.00
2014.06.26 09:31:06.450,1.52076,1.52095,1.18,1.00
2014.06.26 09:31:06.627,1.52074,1.52095,1.57,1.00
2014.06.26 09:31:06.780,1.52076,1.52099,1.19,1.45
2014.06.26 09:31:07.086,1.5209,1.52104,1.00,2.25
2014.06.26 09:31:07.291,1.52101,1.52111,1.00,1.00
2014.06.26 09:31:07.342,1.52105,1.52111,1.00,1.00
2014.06.26 09:31:07.496,1.52106,1.52118,1.00,1.69
2014.06.26 09:31:07.548,1.521,1.5212,1.00,1.20
2014.06.26 09:31:07.600,1.521,1.52123,1.00,1.65
2014.06.26 09:31:07.651,1.52106,1.52123,1.00,1.65
2014.06.26 09:31:07.908,1.52101,1.5212,1.00,1.20
2014.06.26 09:31:07.959,1.52101,1.5212,1.00,1.19
2014.06.26 09:31:08.112,1.52096,1.52119,1.38,1.69
2014.06.26 09:31:08.214,1.52096,1.52119,1.63,1.00
2014.06.26 09:31:08.316,1.521,1.52124,1.13,2.44
2014.06.26 09:31:08.622,1.521,1.52117,1.00,1.38
2014.06.26 09:31:08.673,1.52096,1.52114,1.10,1.32
2014.06.26 09:31:08.724,1.52096,1.52108,1.00,1.00
2014.06.26 09:31:08.877,1.52087,1.52108,1.50,1.19
2014.06.26 09:31:08.928,1.52085,1.52106,1.00,1.20
2014.06.26 09:31:09.081,1.52085,1.52105,1.00,1.19
2014.06.26 09:31:09.420,1.52086,1.52099,1.00,1.00
2014.06.26 09:31:09.741,1.52077,1.52094,1.00,1.00
2014.06.26 09:31:09.855,1.52081,1.52094,1.00,1.00
2014.06.26 09:31:10.211,1.52081,1.52094,1.00,1.63
2014.06.26 09:31:10.313,1.52076,1.52094,1.00,1.63
2014.06.26 09:31:10.466,1.52076,1.52094,1.38,1.57
2014.06.26 09:31:10.568,1.52076,1.52096,1.38,1.38
2014.06.26 09:31:10.619,1.52086,1.52096,1.00,1.38
2014.06.26 09:31:10.876,1.52091,1.52108,1.00,1.63
2014.06.26 09:31:11.401,1.52085,1.52107,1.00,1.25
2014.06.26 09:31:11.655,1.52085,1.52108,1.00,1.94
2014.06.26 09:31:11.968,1.52086,1.52105,1.00,1.32
2014.06.26 09:31:12.071,1.52081,1.52103,1.00,2.22
2014.06.26 09:31:12.224,1.52081,1.52103,1.00,3.12
2014.06.26 09:31:12.530,1.52081,1.52101,1.00,1.95
2014.06.26 09:31:12.852,1.52086,1.52101,1.00,1.20
2014.06.26 09:31:12.955,1.52086,1.52103,1.00,1.94
2014.06.26 09:31:13.057,1.5208,1.521,1.47,1.13
2014.06.26 09:31:13.818,1.52086,1.52105,1.00,1.02
2014.06.26 09:31:14.127,1.52086,1.52106,1.00,1.67
2014.06.26 09:31:14.281,1.52091,1.52106,1.00,1.67
2014.06.26 09:31:14.585,1.52086,1.52106,1.00,1.38
2014.06.26 09:31:15.152,1.52086,1.52104,1.00,1.00
2014.06.26 09:31:15.660,1.52086,1.52107,1.00,1.47
2014.06.26 09:31:15.711,1.52086,1.52107,1.00,1.09
2014.06.26 09:31:16.016,1.52091,1.5211,1.00,1.94
2014.06.26 09:31:16.661,1.52085,1.52109,1.13,3.19
2014.06.26 09:31:16.864,1.52085,1.52108,1.38,1.69
2014.06.26 09:31:17.412,1.52085,1.52105,1.00,1.38
2014.06.26 09:31:17.920,1.52085,1.52108,1.00,3.00
2014.06.26 09:31:18.225,1.5208,1.52105,1.69,2.33
2014.06.26 09:31:18.327,1.5208,1.52099,1.57,1.00
2014.06.26 09:31:18.560,1.52081,1.52104,1.57,1.53
2014.06.26 09:31:19.237,1.5208,1.52105,1.57,2.70
2014.06.26 09:31:19.602,1.5208,1.52105,1.38,3.04
2014.06.26 09:31:19.653,1.52081,1.52099,1.13,1.00
2014.06.26 09:31:20.109,1.52086,1.52101,1.00,1.34
2014.06.26 09:31:20.211,1.52086,1.52104,1.00,1.09
2014.06.26 09:31:20.262,1.52086,1.52104,1.00,1.00
2014.06.26 09:31:20.710,1.52086,1.52106,1.00,3.72
2014.06.26 09:31:21.017,1.52085,1.52103,1.00,4.13
2014.06.26 09:31:21.547,1.52086,1.52103,1.00,3.75
2014.06.26 09:31:21.608,1.52081,1.52103,1.00,3.75
2014.06.26 09:31:21.862,1.52086,1.52103,1.00,3.75
2014.06.26 09:31:22.624,1.52081,1.52098,1.00,2.70
2014.06.26 09:31:23.183,1.52076,1.52094,1.00,2.59
2014.06.26 09:31:23.336,1.52076,1.52089,1.00,1.08
2014.06.26 09:31:23.387,1.5207,1.52089,1.00,1.13
2014.06.26 09:31:23.489,1.5207,1.52088,1.00,1.13
2014.06.26 09:31:23.590,1.5206,1.52086,1.57,1.69
2014.06.26 09:31:23.642,1.5206,1.52086,1.57,3.57
2014.06.26 09:31:23.693,1.5206,1.52086,1.13,3.94
2014.06.26 09:31:23.745,1.5206,1.52083,1.13,2.52
2014.06.26 09:31:23.897,1.52055,1.52078,1.48,1.32
2014.06.26 09:31:24.101,1.52055,1.52072,1.00,1.45
2014.06.26 09:31:24.459,1.52055,1.52071,1.00,1.08
2014.06.26 09:31:24.663,1.52056,1.52074,1.00,2.82
2014.06.26 09:31:24.765,1.52056,1.52073,1.00,1.39
2014.06.26 09:31:25.124,1.52056,1.52076,1.00,1.15
2014.06.26 09:31:25.175,1.5206,1.52079,1.00,1.70
2014.06.26 09:31:25.227,1.5206,1.52085,1.00,8.44
2014.06.26 09:31:25.379,1.52061,1.52079,1.00,1.45
2014.06.26 09:31:25.482,1.52056,1.52074,1.00,1.18
2014.06.26 09:31:25.584,1.52061,1.52075,1.00,1.50
2014.06.26 09:31:25.737,1.52061,1.52075,1.00,1.18
2014.06.26 09:31:25.943,1.52055,1.5208,1.25,2.00
2014.06.26 09:31:26.298,1.52056,1.52076,1.00,1.45
2014.06.26 09:31:26.604,1.5206,1.5207,1.00,1.08
2014.06.26 09:31:26.706,1.52051,1.5207,1.00,1.08
2014.06.26 09:31:27.141,1.52051,1.52074,1.38,1.37
2014.06.26 09:31:27.193,1.52051,1.52072,1.00,1.47
2014.06.26 09:31:27.599,1.52051,1.5207,1.00,1.93
2014.06.26 09:31:28.466,1.5205,1.52072,1.63,1.95
2014.06.26 09:31:28.618,1.5205,1.52075,1.63,2.14
2014.06.26 09:31:28.812,1.52055,1.52078,1.38,1.77
2014.06.26 09:31:30.653,1.52055,1.52078,1.38,1.95
2014.06.26 09:31:31.177,1.52056,1.52073,1.00,1.09
2014.06.26 09:31:31.788,1.52056,1.52079,1.00,2.22
2014.06.26 09:31:32.330,1.52056,1.52079,1.32,1.95
2014.06.26 09:31:32.761,1.52056,1.52079,1.13,1.65
2014.06.26 09:31:32.914,1.5206,1.52079,1.00,1.15
2014.06.26 09:31:33.609,1.5206,1.52079,1.00,1.50
2014.06.26 09:31:34.209,1.52061,1.52079,1.00,1.50
2014.06.26 09:31:34.959,1.52061,1.52079,1.00,1.20
2014.06.26 09:31:35.010,1.52065,1.52079,1.00,1.20
2014.06.26 09:31:35.112,1.52065,1.52083,1.00,1.94
2014.06.26 09:31:35.656,1.52061,1.52083,1.00,1.38
2014.06.26 09:31:36.300,1.52061,1.52083,1.00,1.77
2014.06.26 09:31:36.576,1.5206,1.52082,1.00,1.13
2014.06.26 09:31:37.121,1.5206,1.52078,1.00,1.13
2014.06.26 09:31:37.578,1.52061,1.52077,1.00,1.13
2014.06.26 09:31:37.893,1.52055,1.52077,1.00,1.50
2014.06.26 09:31:38.830,1.52051,1.52073,1.19,1.20
2014.06.26 09:31:38.931,1.5205,1.52073,1.00,1.39
2014.06.26 09:31:39.033,1.5205,1.52073,1.00,1.77
2014.06.26 09:31:40.130,1.52056,1.5207,1.00,1.10
2014.06.26 09:31:40.489,1.52051,1.52071,1.00,1.00
2014.06.26 09:31:40.642,1.52051,1.52074,1.00,3.27
2014.06.26 09:31:40.948,1.52051,1.52071,1.00,1.83
2014.06.26 09:31:41.271,1.52051,1.5207,1.00,1.13
2014.06.26 09:31:41.896,1.5205,1.5207,1.00,2.07
2014.06.26 09:31:42.105,1.5205,1.5207,1.00,1.78
2014.06.26 09:31:42.309,1.5205,1.52072,1.00,1.84
2014.06.26 09:31:42.665,1.52051,1.52061,1.00,1.00
2014.06.26 09:31:42.767,1.52051,1.52067,1.00,1.00
2014.06.26 09:31:43.933,1.52051,1.52067,1.00,1.80
2014.06.26 09:31:44.517,1.52051,1.52064,1.00,1.00
2014.06.26 09:31:44.638,1.52046,1.52064,1.00,1.00
2014.06.26 09:31:45.409,1.52045,1.52064,1.00,1.13
2014.06.26 09:31:46.168,1.52045,1.52064,1.00,1.28
2014.06.26 09:31:46.691,1.52046,1.52062,1.00,1.58
2014.06.26 09:31:46.997,1.52046,1.52058,1.00,1.13
2014.06.26 09:31:47.441,1.5204,1.52058,1.00,1.13
2014.06.26 09:31:48.629,1.5204,1.52058,1.00,1.20
2014.06.26 09:31:49.653,1.52041,1.52058,1.00,1.28
2014.06.26 09:31:49.907,1.5204,1.52058,1.00,1.00
2014.06.26 09:31:50.949,1.52041,1.52059,1.00,1.28
2014.06.26 09:31:51.623,1.52041,1.52058,1.00,1.13
2014.06.26 09:31:51.878,1.52036,1.52056,1.20,1.33
2014.06.26 09:31:51.930,1.52035,1.52056,1.00,3.19
2014.06.26 09:31:52.250,1.52031,1.52052,1.00,1.20
2014.06.26 09:31:53.120,1.52042,1.52052,1.38,1.20
2014.06.26 09:31:53.222,1.52045,1.52055,1.00,1.00
2014.06.26 09:31:53.273,1.52051,1.52055,1.00,1.00
2014.06.26 09:31:53.324,1.52052,1.52068,1.00,2.63
2014.06.26 09:31:53.426,1.52052,1.52069,1.00,1.30
2014.06.26 09:31:53.477,1.52045,1.5207,1.69,1.58
2014.06.26 09:31:53.630,1.5205,1.52068,1.00,1.53
2014.06.26 09:31:53.935,1.52046,1.52065,1.00,1.95
2014.06.26 09:31:54.241,1.52046,1.52063,1.00,2.70
2014.06.26 09:31:54.394,1.5204,1.5206,1.19,1.50
2014.06.26 09:31:54.831,1.52036,1.52059,1.69,1.58
2014.06.26 09:31:54.933,1.52039,1.52059,1.00,1.58
2014.06.26 09:31:55.035,1.52041,1.52063,1.00,1.53
2014.06.26 09:31:55.289,1.5204,1.52063,1.00,1.53
2014.06.26 09:31:55.391,1.52046,1.52063,1.00,1.15
2014.06.26 09:31:55.748,1.52045,1.52057,1.00,1.00
2014.06.26 09:31:55.900,1.52041,1.52061,1.00,1.88
2014.06.26 09:31:56.524,1.52041,1.52059,1.00,1.83
2014.06.26 09:31:56.981,1.52041,1.52063,1.00,3.64
2014.06.26 09:31:57.033,1.52042,1.52064,1.00,1.74
2014.06.26 09:31:57.084,1.52042,1.52061,1.00,1.00
2014.06.26 09:31:57.135,1.52051,1.52061,1.00,1.00
2014.06.26 09:31:57.186,1.52051,1.52063,1.00,1.13
2014.06.26 09:31:57.289,1.52051,1.52067,1.00,1.10
2014.06.26 09:31:57.340,1.52046,1.52067,1.69,1.10
2014.06.26 09:31:57.441,1.52045,1.52069,1.19,2.03
2014.06.26 09:31:57.595,1.52043,1.52068,1.19,1.02
2014.06.26 09:31:57.647,1.52042,1.52066,1.19,1.75
2014.06.26 09:31:57.902,1.52046,1.52072,1.50,2.82
2014.06.26 09:31:58.003,1.52046,1.52072,1.69,2.07
2014.06.26 09:31:58.167,1.5205,1.52073,1.58,2.22
2014.06.26 09:31:58.691,1.52051,1.52073,1.25,1.67
2014.06.26 09:31:58.996,1.52055,1.52077,1.00,2.37
2014.06.26 09:31:59.148,1.52056,1.52077,1.19,2.18
2014.06.26 09:31:59.301,1.52056,1.52079,1.19,2.44
2014.06.26 09:31:59.403,1.52066,1.5208,1.00,2.22
2014.06.26 09:31:59.505,1.5206,1.5208,1.25,1.28
2014.06.26 09:32:00.034,1.52061,1.52082,1.00,1.72
2014.06.26 09:32:00.547,1.52056,1.52079,1.69,1.38
2014.06.26 09:32:00.688,1.52056,1.52079,1.69,1.38
2014.06.26 09:32:00.892,1.52055,1.52076,1.00,2.00
2014.06.26 09:32:00.943,1.5205,1.5207,2.07,1.38
2014.06.26 09:32:01.147,1.5205,1.5207,2.07,1.20
2014.06.26 09:32:01.439,1.5205,1.52069,1.00,1.39
2014.06.26 09:32:01.490,1.52047,1.52069,1.00,2.22
2014.06.26 09:32:01.725,1.52046,1.52063,1.00,1.00
2014.06.26 09:32:01.827,1.52046,1.52067,1.00,1.67
2014.06.26 09:32:02.082,1.52046,1.52067,1.00,2.44
2014.06.26 09:32:03.894,1.52041,1.52064,2.44,1.08
2014.06.26 09:32:04.301,1.52041,1.52064,1.69,1.08
2014.06.26 09:32:05.120,1.52046,1.52064,1.00,1.69
2014.06.26 09:32:05.273,1.52041,1.52064,1.69,1.58
2014.06.26 09:32:05.375,1.5204,1.52058,1.00,1.00
2014.06.26 09:32:05.854,1.52035,1.52059,2.59,1.70
2014.06.26 09:32:07.347,1.52037,1.52058,1.00,1.48
2014.06.26 09:32:07.399,1.52037,1.52059,1.19,1.08
2014.06.26 09:32:07.451,1.52039,1.5206,1.19,1.10
2014.06.26 09:32:07.605,1.52041,1.52061,1.19,1.28
2014.06.26 09:32:07.656,1.52044,1.52062,1.25,1.00
2014.06.26 09:32:08.202,1.52041,1.52064,1.69,1.45
2014.06.26 09:32:08.622,1.52041,1.5206,1.25,1.00
2014.06.26 09:32:08.927,1.52036,1.52059,1.39,1.13
2014.06.26 09:32:09.029,1.52036,1.52058,1.29,1.58
2014.06.26 09:32:09.080,1.52036,1.52058,1.25,1.92
2014.06.26 09:32:09.676,1.52037,1.52059,1.00,1.39
2014.06.26 09:32:09.727,1.52037,1.52059,1.00,1.00
2014.06.26 09:32:09.778,1.52035,1.5206,1.09,1.38
2014.06.26 09:32:10.093,1.52038,1.52054,1.00,1.00
2014.06.26 09:32:10.196,1.52034,1.52054,1.54,1.00
2014.06.26 09:32:13.592,1.52036,1.52059,1.25,2.22
2014.06.26 09:32:14.360,1.52036,1.5206,1.19,2.37
2014.06.26 09:32:15.387,1.52035,1.5206,1.19,3.87
2014.06.26 09:32:17.362,1.52036,1.52059,1.25,1.84
2014.06.26 09:32:17.887,1.52037,1.52059,1.19,1.58
2014.06.26 09:32:18.198,1.52037,1.5206,1.32,1.02
2014.06.26 09:32:18.578,1.52041,1.52061,1.00,1.47
2014.06.26 09:32:18.923,1.52046,1.52061,1.00,1.20
2014.06.26 09:32:19.025,1.52042,1.52064,1.27,1.63
2014.06.26 09:32:19.127,1.52041,1.52064,1.19,1.02
2014.06.26 09:32:19.432,1.52041,1.52065,1.27,1.67
2014.06.26 09:32:19.533,1.52041,1.52065,1.19,1.74
2014.06.26 09:32:19.788,1.52042,1.52065,1.33,1.39
2014.06.26 09:32:20.296,1.52041,1.52065,1.19,2.07
2014.06.26 09:32:20.626,1.52041,1.5206,1.19,1.20
2014.06.26 09:32:21.134,1.52041,1.5206,1.00,1.35
2014.06.26 09:32:21.286,1.52036,1.52059,1.25,2.08
2014.06.26 09:32:22.521,1.52036,1.52059,1.25,1.84
2014.06.26 09:32:22.775,1.52033,1.52055,1.39,1.00
2014.06.26 09:32:23.079,1.52034,1.52055,1.29,1.38
2014.06.26 09:32:23.384,1.52032,1.52054,1.19,1.38
2014.06.26 09:32:23.624,1.52029,1.5205,1.19,1.18
2014.06.26 09:32:23.730,1.52027,1.52048,1.32,1.00
2014.06.26 09:32:23.883,1.52027,1.5205,1.19,3.12
2014.06.26 09:32:24.410,1.52025,1.52044,1.69,1.00
2014.06.26 09:32:24.714,1.52023,1.52045,1.19,1.13
2014.06.26 09:32:25.038,1.52023,1.5204,1.19,1.00
2014.06.26 09:32:25.230,1.5202,1.5204,2.89,1.00
2014.06.26 09:32:25.332,1.5202,1.5204,2.44,1.13
2014.06.26 09:32:25.842,1.5202,1.52039,1.25,1.00
2014.06.26 09:32:26.365,1.5202,1.5204,1.33,1.00
2014.06.26 09:32:26.879,1.52024,1.5204,1.00,1.00
2014.06.26 09:32:27.032,1.52024,1.52045,1.15,1.57
2014.06.26 09:32:27.566,1.52024,1.52044,1.18,1.25
2014.06.26 09:32:28.969,1.52026,1.52044,1.29,1.00
2014.06.26 09:32:29.958,1.52026,1.52044,1.58,1.00
2014.06.26 09:32:30.470,1.52026,1.52045,1.58,1.00
2014.06.26 09:32:31.337,1.52026,1.52049,1.69,3.12
2014.06.26 09:32:31.491,1.52029,1.52049,1.00,1.38
2014.06.26 09:32:31.837,1.52027,1.52049,1.00,1.57
2014.06.26 09:32:32.142,1.52026,1.52045,1.92,1.38
2014.06.26 09:32:42.773,1.52026,1.52049,2.59,2.07
2014.06.26 09:32:43.446,1.52029,1.52049,1.25,1.63
2014.06.26 09:32:44.928,1.52029,1.5205,1.19,1.63
2014.06.26 09:32:45.473,1.52029,1.52044,1.19,1.00
2014.06.26 09:32:45.986,1.52029,1.52044,1.00,1.00
2014.06.26 09:32:46.651,1.52029,1.52045,1.02,1.00
2014.06.26 09:32:48.305,1.52029,1.5205,1.00,2.22
2014.06.26 09:32:48.598,1.52026,1.5205,1.57,2.97
2014.06.26 09:32:49.276,1.52025,1.52044,2.52,1.00
2014.06.26 09:32:50.138,1.52029,1.52044,1.00,1.00
2014.06.26 09:32:50.443,1.5203,1.52044,1.63,1.00
2014.06.26 09:32:50.793,1.52033,1.52044,1.00,1.00
2014.06.26 09:32:50.845,1.52035,1.52055,1.00,3.12
2014.06.26 09:32:50.896,1.52036,1.52055,1.20,1.08
2014.06.26 09:32:50.947,1.52036,1.52055,1.68,1.00
2014.06.26 09:32:50.998,1.52036,1.52055,2.29,1.00
2014.06.26 09:32:51.303,1.52036,1.52049,1.38,1.00
2014.06.26 09:32:51.405,1.52033,1.52054,1.77,1.28
2014.06.26 09:32:51.608,1.52033,1.5205,2.00,1.00
2014.06.26 09:32:51.812,1.52033,1.5205,1.25,1.00
2014.06.26 09:32:52.319,1.5203,1.52049,1.62,1.00
2014.06.26 09:32:52.833,1.52028,1.52049,1.49,1.45
2014.06.26 09:32:53.347,1.52028,1.52049,1.49,1.20
2014.06.26 09:32:59.239,1.52029,1.5205,1.57,1.58
2014.06.26 09:33:00.246,1.52029,1.5205,1.02,1.00
2014.06.26 09:33:01.238,1.52028,1.5205,2.17,1.00
2014.06.26 09:33:01.790,1.52028,1.5205,2.17,1.00
2014.06.26 09:33:02.954,1.52028,1.5205,1.84,1.00
2014.06.26 09:33:03.286,1.52028,1.52044,1.84,1.00
2014.06.26 09:33:04.608,1.52027,1.52044,2.04,1.00
2014.06.26 09:33:05.239,1.52031,1.52044,1.80,1.00
2014.06.26 09:33:05.495,1.52043,1.52059,1.13,1.08
2014.06.26 09:33:05.648,1.52043,1.52054,1.20,1.00
2014.06.26 09:33:05.852,1.52045,1.52065,1.37,1.00
2014.06.26 09:33:05.954,1.52045,1.52065,1.84,1.00
2014.06.26 09:33:06.259,1.52046,1.5206,1.29,1.00
2014.06.26 09:33:06.819,1.52052,1.52065,1.10,1.00
2014.06.26 09:33:07.124,1.52052,1.52065,1.84,1.00
2014.06.26 09:33:07.378,1.52051,1.52069,2.15,1.00
2014.06.26 09:33:07.784,1.5205,1.5207,2.14,1.13
2014.06.26 09:33:07.835,1.5205,1.52065,2.14,1.00
2014.06.26 09:33:08.039,1.52047,1.52065,1.69,1.00
2014.06.26 09:33:08.567,1.52046,1.52065,1.67,1.00
2014.06.26 09:33:08.821,1.52042,1.52059,2.14,1.00
2014.06.26 09:33:08.926,1.52042,1.52059,1.27,1.00
2014.06.26 09:33:09.028,1.5204,1.52059,1.64,1.00
2014.06.26 09:33:09.788,1.52042,1.52059,1.00,1.00
2014.06.26 09:33:09.941,1.52044,1.5206,1.19,1.00
2014.06.26 09:33:10.448,1.52043,1.52059,1.37,1.00
2014.06.26 09:33:10.919,1.52043,1.52065,1.37,2.40
2014.06.26 09:33:11.108,1.52043,1.52059,1.37,1.00
2014.06.26 09:33:11.362,1.52043,1.52065,1.69,1.25
2014.06.26 09:33:11.413,1.52042,1.52062,1.27,1.00
2014.06.26 09:33:11.515,1.52041,1.52064,4.77,1.00
2014.06.26 09:33:11.718,1.52041,1.52065,2.52,1.84
2014.06.26 09:33:12.124,1.5204,1.5206,2.07,1.00
2014.06.26 09:33:12.636,1.52042,1.52064,1.50,1.19
2014.06.26 09:33:13.278,1.52042,1.52064,1.69,1.19
2014.06.26 09:33:13.832,1.52041,1.52059,1.99,1.00
2014.06.26 09:33:14.338,1.52041,1.5206,1.24,1.00
2014.06.26 09:33:14.441,1.52045,1.52065,1.19,1.00
2014.06.26 09:33:14.745,1.52043,1.52064,1.02,1.20
2014.06.26 09:33:14.847,1.52043,1.52059,1.77,1.00
2014.06.26 09:33:15.377,1.5204,1.52059,1.39,1.00
2014.06.26 09:33:15.428,1.52041,1.52064,1.19,1.19
2014.06.26 09:33:15.480,1.52043,1.52064,1.19,1.00
2014.06.26 09:33:15.785,1.52045,1.52064,1.19,1.00
2014.06.26 09:33:16.332,1.52046,1.52068,1.19,1.09
2014.06.26 09:33:16.587,1.52049,1.52069,1.29,1.00
2014.06.26 09:33:17.564,1.52048,1.52069,2.89,1.00
2014.06.26 09:33:18.072,1.52048,1.5207,2.89,1.13
2014.06.26 09:33:18.588,1.52048,1.52069,2.14,1.00
2014.06.26 09:33:19.225,1.52048,1.52069,2.67,1.38
2014.06.26 09:33:19.584,1.52048,1.52069,2.67,1.38
2014.06.26 09:33:19.635,1.52048,1.52064,2.67,1.00
2014.06.26 09:33:20.143,1.52048,1.52065,1.19,1.00
2014.06.26 09:33:20.449,1.52048,1.52059,1.19,1.00
2014.06.26 09:33:22.180,1.52045,1.52064,2.52,1.00
2014.06.26 09:33:22.593,1.52045,1.52059,2.52,1.00
2014.06.26 09:33:22.797,1.52045,1.52064,2.44,1.00
2014.06.26 09:33:22.947,1.52045,1.52059,2.44,1.00
2014.06.26 09:33:23.481,1.52045,1.5206,2.44,1.00
2014.06.26 09:33:23.786,1.52045,1.52064,2.44,1.00
2014.06.26 09:33:24.293,1.52045,1.52064,1.69,1.00
2014.06.26 09:33:24.674,1.52045,1.52059,1.69,1.00
2014.06.26 09:33:25.106,1.52045,1.52064,1.69,1.00
2014.06.26 09:33:26.097,1.52045,1.52065,2.44,1.00
2014.06.26 09:33:27.859,1.52045,1.52064,1.69,1.00
2014.06.26 09:33:29.104,1.52045,1.52059,1.19,1.00
2014.06.26 09:33:29.257,1.52041,1.52059,2.07,1.00
2014.06.26 09:33:29.360,1.52041,1.52059,1.25,1.00
2014.06.26 09:33:30.566,1.52038,1.52058,2.59,1.20
2014.06.26 09:33:30.718,1.52038,1.52057,1.77,1.20
2014.06.26 09:33:30.769,1.52038,1.5205,1.50,1.00
2014.06.26 09:33:30.871,1.5204,1.52057,1.00,1.00
2014.06.26 09:33:30.922,1.5204,1.52053,1.00,1.20
2014.06.26 09:33:31.024,1.5204,1.52056,1.00,1.20
2014.06.26 09:33:31.330,1.52041,1.5206,1.00,1.29
2014.06.26 09:33:31.840,1.52041,1.52062,1.32,1.40
2014.06.26 09:33:31.994,1.5204,1.52062,1.00,1.34
2014.06.26 09:33:32.647,1.52041,1.5206,1.00,1.29
2014.06.26 09:33:32.877,1.52046,1.52058,1.00,1.00
2014.06.26 09:33:35.179,1.5204,1.52058,1.19,1.00
2014.06.26 09:33:35.428,1.52046,1.52058,1.00,1.00
2014.06.26 09:33:35.479,1.52046,1.52061,1.00,1.25
2014.06.26 09:33:35.632,1.5204,1.52061,1.32,1.00
2014.06.26 09:33:36.038,1.5204,1.52059,1.19,1.00
2014.06.26 09:33:37.943,1.52038,1.52059,1.39,1.50
2014.06.26 09:33:38.474,1.52041,1.52059,1.00,1.00
2014.06.26 09:33:39.472,1.52041,1.52057,1.25,1.00
2014.06.26 09:33:40.016,1.5204,1.52059,1.25,1.10
2014.06.26 09:33:40.371,1.52046,1.52061,1.00,1.15
2014.06.26 09:33:40.448,1.52046,1.52061,1.00,1.00
2014.06.26 09:33:40.602,1.52042,1.52064,1.19,1.15
2014.06.26 09:33:40.755,1.52042,1.52064,1.25,1.34
2014.06.26 09:33:40.856,1.5204,1.5206,1.32,1.00
2014.06.26 09:33:44.358,1.5204,1.5206,1.19,1.00
2014.06.26 09:33:44.864,1.52041,1.52059,1.25,1.10
2014.06.26 09:33:45.270,1.5204,1.52057,1.00,1.00
2014.06.26 09:33:45.752,1.52036,1.52054,2.82,1.00
2014.06.26 09:33:49.077,1.5204,1.52056,1.00,1.00
2014.06.26 09:33:49.764,1.52036,1.52055,2.07,1.00
2014.06.26 09:33:50.120,1.5204,1.52055,1.00,1.00
2014.06.26 09:33:50.651,1.5204,1.52056,1.00,1.00
2014.06.26 09:33:51.080,1.52036,1.52054,2.07,1.00
2014.06.26 09:33:51.599,1.52035,1.52055,1.00,1.20
2014.06.26 09:33:51.700,1.52036,1.52054,1.00,1.00
2014.06.26 09:33:51.853,1.5204,1.52056,1.00,1.47
2014.06.26 09:33:52.072,1.52036,1.52054,1.00,1.00
2014.06.26 09:33:52.286,1.52041,1.52056,1.00,1.47
2014.06.26 09:33:52.864,1.52041,1.52056,1.00,1.47
2014.06.26 09:33:53.412,1.52041,1.52056,1.00,1.28
2014.06.26 09:33:55.835,1.52035,1.52056,1.19,1.47
2014.06.26 09:33:57.406,1.52037,1.52056,1.00,1.05
2014.06.26 09:33:57.457,1.52037,1.52056,1.08,1.30
2014.06.26 09:33:57.686,1.52039,1.52059,1.00,1.58
2014.06.26 09:33:58.219,1.5204,1.52058,1.00,1.20
2014.06.26 09:33:58.758,1.52038,1.52057,1.25,1.20
2014.06.26 09:33:59.155,1.52041,1.52057,1.00,1.20
2014.06.26 09:33:59.901,1.52035,1.52057,1.19,1.30
2014.06.26 09:34:00.109,1.5204,1.52057,1.00,1.30
2014.06.26 09:34:00.668,1.52046,1.5206,1.00,1.54
2014.06.26 09:34:00.770,1.52041,1.52059,1.00,1.15
2014.06.26 09:34:01.316,1.52046,1.52061,1.00,1.84
2014.06.26 09:34:01.723,1.52046,1.52061,1.00,1.17
2014.06.26 09:34:01.876,1.52041,1.52059,1.00,1.00
2014.06.26 09:34:03.296,1.5204,1.5206,1.00,1.29
2014.06.26 09:34:04.371,1.5204,1.5206,1.25,1.92
2014.06.26 09:34:07.614,1.52046,1.5206,1.00,1.30
2014.06.26 09:34:07.766,1.52045,1.52062,1.00,1.00
2014.06.26 09:34:08.299,1.52046,1.52064,1.00,1.08
2014.06.26 09:34:11.401,1.52051,1.52065,1.00,1.18
2014.06.26 09:34:13.586,1.52045,1.52065,1.25,1.18
2014.06.26 09:34:14.109,1.52045,1.52061,1.00,1.00
2014.06.26 09:34:14.995,1.52041,1.52061,1.19,1.00
2014.06.26 09:34:15.728,1.52041,1.52061,1.19,1.00
2014.06.26 09:34:16.448,1.52041,1.52061,1.19,1.73
2014.06.26 09:34:16.551,1.52051,1.5206,1.00,1.08
2014.06.26 09:34:16.653,1.52045,1.52064,1.00,2.00
2014.06.26 09:34:16.704,1.52045,1.52064,1.00,1.40
2014.06.26 09:34:16.755,1.52045,1.52064,1.19,1.15
2014.06.26 09:34:17.060,1.52046,1.52065,1.13,1.39
2014.06.26 09:34:17.263,1.52045,1.52067,1.57,2.14
2014.06.26 09:34:17.467,1.52046,1.52066,1.32,1.68
2014.06.26 09:34:21.841,1.52045,1.52066,1.00,1.92
2014.06.26 09:34:22.359,1.52046,1.52065,1.00,2.22
2014.06.26 09:34:22.664,1.5205,1.52065,1.00,2.07
2014.06.26 09:34:22.817,1.52046,1.52063,1.25,1.00
2014.06.26 09:34:23.367,1.52041,1.52059,3.19,1.00
2014.06.26 09:34:23.418,1.52041,1.52059,2.44,1.00
2014.06.26 09:34:23.470,1.52045,1.52063,1.00,1.28
2014.06.26 09:34:23.726,1.52046,1.52064,1.00,1.25
2014.06.26 09:34:23.930,1.52043,1.52065,1.19,1.92
2014.06.26 09:34:24.134,1.52046,1.52064,1.00,1.09
2014.06.26 09:34:24.816,1.52045,1.52064,1.00,1.65
2014.06.26 09:34:25.147,1.52046,1.52062,1.00,1.20
2014.06.26 09:34:25.351,1.52041,1.52062,1.25,1.20
2014.06.26 09:34:25.555,1.52045,1.52062,1.00,1.20
2014.06.26 09:34:26.063,1.52046,1.52062,1.00,1.00
2014.06.26 09:34:26.368,1.52045,1.5206,1.00,1.20
2014.06.26 09:34:26.470,1.52041,1.52059,1.25,1.00
2014.06.26 09:34:26.888,1.52041,1.52057,1.00,1.20
2014.06.26 09:34:27.143,1.52036,1.52057,1.00,1.77
2014.06.26 09:34:27.663,1.52036,1.52053,1.00,1.00
2014.06.26 09:34:28.148,1.5204,1.52053,1.00,1.00
2014.06.26 09:34:28.351,1.52035,1.52057,1.00,1.57
2014.06.26 09:34:28.605,1.52041,1.52057,1.00,1.39
2014.06.26 09:34:28.656,1.52041,1.52059,1.00,1.47
2014.06.26 09:34:29.354,1.52036,1.52058,1.19,1.19
2014.06.26 09:34:30.747,1.52036,1.52056,1.00,1.32
2014.06.26 09:34:31.356,1.52031,1.52054,2.14,1.00
2014.06.26 09:34:31.741,1.52031,1.52054,1.39,1.00
2014.06.26 09:34:32.118,1.5204,1.52056,1.00,1.77
2014.06.26 09:34:32.564,1.52036,1.52056,1.00,1.77
2014.06.26 09:34:32.816,1.52036,1.52052,1.00,1.00
2014.06.26 09:34:33.120,1.52036,1.52048,1.00,1.20
2014.06.26 09:34:33.171,1.52036,1.5205,1.00,1.00
2014.06.26 09:34:33.324,1.5204,1.52052,1.00,1.69
2014.06.26 09:34:33.527,1.5204,1.52056,1.00,2.29
2014.06.26 09:34:34.327,1.5204,1.52056,1.00,1.20
2014.06.26 09:34:35.607,1.52041,1.52057,1.00,1.20
2014.06.26 09:34:35.833,1.52041,1.52059,1.00,1.20
2014.06.26 09:34:35.904,1.52041,1.52057,1.00,1.20
2014.06.26 09:34:36.044,1.52038,1.52057,1.25,1.20
2014.06.26 09:34:36.307,1.5204,1.52058,1.25,1.20
2014.06.26 09:34:36.908,1.5204,1.52059,1.25,1.20
2014.06.26 09:34:38.796,1.52041,1.52059,1.00,1.20
2014.06.26 09:34:40.905,1.5204,1.52057,1.00,1.20
2014.06.26 09:34:41.211,1.52033,1.52044,1.10,1.84
2014.06.26 09:34:41.518,1.52026,1.52042,1.00,1.84
2014.06.26 09:34:41.619,1.52026,1.52038,1.00,1.00
2014.06.26 09:34:41.721,1.52026,1.52041,1.00,1.29
2014.06.26 09:34:42.480,1.52025,1.52041,1.00,1.29
2014.06.26 09:34:42.634,1.5202,1.52041,1.25,1.29
2014.06.26 09:34:43.401,1.5202,1.52041,1.00,1.77
2014.06.26 09:34:44.124,1.52021,1.52041,1.00,1.77
2014.06.26 09:34:44.379,1.52026,1.52041,1.00,1.29
2014.06.26 09:34:44.792,1.52026,1.52037,1.00,1.00
2014.06.26 09:34:44.894,1.52026,1.52041,1.00,2.14
2014.06.26 09:34:45.148,1.52021,1.52041,1.00,2.14
2014.06.26 09:34:45.832,1.52021,1.52039,1.00,1.19
2014.06.26 09:34:47.271,1.52021,1.52041,1.00,1.39
2014.06.26 09:34:47.807,1.5202,1.52041,1.00,2.14
2014.06.26 09:34:47.911,1.52026,1.52041,1.00,2.14
2014.06.26 09:34:48.104,1.52021,1.52041,1.19,1.20
2014.06.26 09:34:48.666,1.52021,1.52043,1.19,1.29
2014.06.26 09:34:49.205,1.52021,1.52043,1.19,1.10
2014.06.26 09:34:50.069,1.52021,1.52043,1.19,1.10
2014.06.26 09:34:50.376,1.52021,1.52041,1.00,1.32
2014.06.26 09:34:50.428,1.52021,1.52041,1.00,1.70
2014.06.26 09:34:50.632,1.52018,1.5204,1.39,2.40
2014.06.26 09:34:50.744,1.5202,1.52038,1.00,1.39
2014.06.26 09:34:50.846,1.52015,1.52037,1.00,1.19
2014.06.26 09:34:51.101,1.52021,1.52039,1.00,1.09
2014.06.26 09:34:51.616,1.52021,1.5204,1.00,1.32
2014.06.26 09:34:51.718,1.52021,1.52042,1.19,2.22
2014.06.26 09:34:52.510,1.52019,1.52039,1.39,1.00
2014.06.26 09:34:53.023,1.52021,1.52042,1.00,1.99
2014.06.26 09:34:53.355,1.52021,1.52037,1.00,1.30
2014.06.26 09:34:53.406,1.52016,1.52034,1.50,1.00
2014.06.26 09:34:53.508,1.5202,1.52038,1.00,2.37
2014.06.26 09:34:53.611,1.52016,1.52038,1.00,2.37
2014.06.26 09:34:53.815,1.52012,1.52034,2.22,1.25
2014.06.26 09:34:54.302,1.52015,1.52036,1.00,1.25
2014.06.26 09:34:54.405,1.5202,1.52036,1.00,1.25
2014.06.26 09:34:54.716,1.5202,1.52039,1.00,2.22
2014.06.26 09:34:54.818,1.52026,1.52039,1.00,2.03
2014.06.26 09:34:55.072,1.52026,1.52044,1.00,2.97
2014.06.26 09:34:55.173,1.52021,1.52043,1.19,1.35
2014.06.26 09:34:56.291,1.5202,1.52042,2.44,1.20
2014.06.26 09:34:56.342,1.52021,1.52042,1.00,1.09
2014.06.26 09:34:56.445,1.52021,1.52038,1.00,1.38
2014.06.26 09:34:56.599,1.52018,1.52036,1.00,1.88
2014.06.26 09:34:56.650,1.52018,1.52036,1.00,2.82
2014.06.26 09:34:56.967,1.52006,1.5203,1.25,2.22
2014.06.26 09:34:57.121,1.52006,1.52028,1.13,2.14
2014.06.26 09:34:57.425,1.52011,1.5203,1.00,1.95
2014.06.26 09:34:57.932,1.52011,1.5203,1.00,1.67
2014.06.26 09:34:58.454,1.52011,1.52029,1.00,1.39
2014.06.26 09:34:58.825,1.52011,1.52026,1.00,1.00
2014.06.26 09:34:59.387,1.5201,1.52026,1.00,1.00
2014.06.26 09:35:00.021,1.5201,1.52026,1.00,1.19
2014.06.26 09:35:00.634,1.52011,1.52026,1.00,1.25
2014.06.26 09:35:01.395,1.52011,1.52026,1.00,1.33
2014.06.26 09:35:01.787,1.52006,1.52026,1.00,1.27
2014.06.26 09:35:02.118,1.52011,1.52026,1.00,1.27
2014.06.26 09:35:03.785,1.52011,1.52025,1.00,1.29
2014.06.26 09:35:05.302,1.52011,1.52025,1.00,1.29
2014.06.26 09:35:06.872,1.52005,1.52025,1.13,2.14
2014.06.26 09:35:07.126,1.52001,1.52023,2.14,1.25
2014.06.26 09:35:07.177,1.52,1.52023,1.88,1.69
2014.06.26 09:35:07.483,1.52001,1.52021,1.00,2.29
2014.06.26 09:35:07.636,1.51996,1.52019,2.89,1.25
2014.06.26 09:35:08.151,1.51997,1.52018,1.02,1.20
2014.06.26 09:35:08.660,1.51996,1.52019,1.20,1.27
2014.06.26 09:35:09.172,1.51996,1.52019,1.00,3.42
2014.06.26 09:35:09.426,1.52001,1.52019,1.00,2.59
2014.06.26 09:35:09.934,1.52,1.5202,1.00,2.14
2014.06.26 09:35:10.236,1.52001,1.52015,1.00,4.02
2014.06.26 09:35:10.287,1.51996,1.52014,1.00,1.74
2014.06.26 09:35:10.390,1.52,1.52015,1.00,1.02
2014.06.26 09:35:10.594,1.51996,1.52016,2.22,1.50
2014.06.26 09:35:11.153,1.52001,1.5202,1.00,3.04
2014.06.26 09:35:11.356,1.51995,1.52015,1.32,1.00
2014.06.26 09:35:11.864,1.51995,1.52017,1.13,1.39
2014.06.26 09:35:11.915,1.51995,1.52019,1.38,3.49
2014.06.26 09:35:11.966,1.51995,1.52019,1.57,2.74
2014.06.26 09:35:12.118,1.51995,1.52019,1.57,2.74
2014.06.26 09:35:12.948,1.51996,1.52019,1.72,1.00
2014.06.26 09:35:13.253,1.51996,1.52014,1.57,1.00
2014.06.26 09:35:13.558,1.52001,1.52017,1.00,1.39
2014.06.26 09:35:14.650,1.52001,1.52014,1.00,1.20
2014.06.26 09:35:15.209,1.52,1.52015,1.00,1.20
2014.06.26 09:35:16.116,1.51996,1.52014,1.00,1.00
2014.06.26 09:35:16.167,1.51996,1.52011,1.00,1.20
2014.06.26 09:35:16.375,1.51996,1.52013,1.00,1.20
2014.06.26 09:35:16.912,1.51996,1.52014,1.00,1.00
2014.06.26 09:35:17.114,1.52,1.52016,1.00,1.84
2014.06.26 09:35:17.422,1.52006,1.52024,1.00,3.79
2014.06.26 09:35:17.828,1.52006,1.52023,1.00,1.20
2014.06.26 09:35:18.336,1.52005,1.52024,1.19,1.20
2014.06.26 09:35:18.387,1.52008,1.52028,1.38,1.25
2014.06.26 09:35:18.590,1.52008,1.52029,1.48,1.47
2014.06.26 09:35:18.642,1.52015,1.52029,1.00,1.47
2014.06.26 09:35:18.923,1.52015,1.52032,1.00,1.84
2014.06.26 09:35:19.371,1.52015,1.52028,1.00,1.20
2014.06.26 09:35:19.423,1.52008,1.52028,2.22,1.20
2014.06.26 09:35:19.474,1.52008,1.5203,2.22,1.84
2014.06.26 09:35:19.678,1.52008,1.52028,1.74,1.20
2014.06.26 09:35:19.932,1.52011,1.5203,1.57,1.20
2014.06.26 09:35:20.034,1.52011,1.52032,1.19,1.09
2014.06.26 09:35:20.085,1.52008,1.52024,1.47,1.00
2014.06.26 09:35:20.187,1.52006,1.52022,1.00,1.20
2014.06.26 09:35:20.340,1.52006,1.52024,1.00,1.25
2014.06.26 09:35:20.492,1.52005,1.5202,1.00,1.20
2014.06.26 09:35:21.045,1.52006,1.5202,1.00,1.20
2014.06.26 09:35:21.147,1.52006,1.52025,1.00,1.02
2014.06.26 09:35:21.300,1.52008,1.52025,1.00,1.25
2014.06.26 09:35:21.401,1.52008,1.52029,2.82,3.15
2014.06.26 09:35:21.453,1.52016,1.52029,1.00,1.50
2014.06.26 09:35:21.605,1.52016,1.52034,1.00,1.50
2014.06.26 09:35:21.656,1.5201,1.52035,2.22,2.40
2014.06.26 09:35:21.708,1.52015,1.52035,1.00,2.40
2014.06.26 09:35:21.811,1.5201,1.52035,2.22,2.40
2014.06.26 09:35:21.983,1.52011,1.52034,2.22,1.50
2014.06.26 09:35:22.137,1.52016,1.52037,1.00,2.74
2014.06.26 09:35:23.822,1.52016,1.52037,1.00,1.94
2014.06.26 09:35:23.873,1.52013,1.52029,1.10,1.10
2014.06.26 09:35:23.924,1.52011,1.52029,1.00,1.28
2014.06.26 09:35:24.229,1.52005,1.52025,1.08,1.19
2014.06.26 09:35:24.846,1.52011,1.52026,1.00,1.25
2014.06.26 09:35:24.999,1.52011,1.52028,1.00,1.20
2014.06.26 09:35:25.151,1.52015,1.52031,1.00,1.47
2014.06.26 09:35:25.405,1.52011,1.52033,1.00,1.77
2014.06.26 09:35:25.507,1.52016,1.52035,1.00,2.14
2014.06.26 09:35:25.558,1.52016,1.52035,1.00,1.34
2014.06.26 09:35:25.913,1.52016,1.52037,1.32,1.62
2014.06.26 09:35:26.015,1.52017,1.52039,1.63,2.07
2014.06.26 09:35:26.218,1.5202,1.52044,2.07,1.34
2014.06.26 09:35:27.020,1.5202,1.52045,2.07,2.22
2014.06.26 09:35:30.895,1.52019,1.52039,1.67,1.00
2014.06.26 09:35:31.251,1.52018,1.52039,1.13,1.84
2014.06.26 09:35:32.287,1.52016,1.52038,1.02,1.09
2014.06.26 09:35:32.389,1.52016,1.52039,2.14,1.69
2014.06.26 09:35:32.542,1.52016,1.52037,1.00,3.72
2014.06.26 09:35:33.578,1.52018,1.52038,1.00,1.32
2014.06.26 09:35:33.883,1.52018,1.52038,1.67,1.20
2014.06.26 09:35:33.985,1.52017,1.52038,1.64,1.20
2014.06.26 09:35:34.296,1.52017,1.52038,1.20,1.09
2014.06.26 09:35:34.632,1.5202,1.5204,1.00,1.39
2014.06.26 09:35:35.067,1.52025,1.52041,1.00,1.00
2014.06.26 09:35:35.118,1.52025,1.52043,1.00,1.00
2014.06.26 09:35:35.423,1.5203,1.52048,1.00,1.38
2014.06.26 09:35:35.842,1.52027,1.52049,1.67,1.50
2014.06.26 09:35:36.299,1.52031,1.52051,1.00,2.89
2014.06.26 09:35:36.401,1.52031,1.52051,1.00,1.77
2014.06.26 09:35:36.503,1.52031,1.52051,1.13,1.29
2014.06.26 09:35:37.509,1.52031,1.52051,1.13,1.19
2014.06.26 09:35:38.069,1.52031,1.52048,1.00,1.00
2014.06.26 09:35:38.648,1.52031,1.52048,1.00,1.19
2014.06.26 09:35:39.055,1.52031,1.52045,1.00,1.00
2014.06.26 09:35:39.157,1.52025,1.52045,1.38,1.00
2014.06.26 09:35:39.345,1.5203,1.52045,1.00,1.38
2014.06.26 09:35:39.599,1.52026,1.52044,1.00,1.38
2014.06.26 09:35:39.930,1.52026,1.52044,1.38,1.38
2014.06.26 09:35:40.032,1.52026,1.52044,1.88,1.38
2014.06.26 09:35:40.134,1.5203,1.52047,1.00,1.94
2014.06.26 09:35:40.642,1.5203,1.52044,1.00,1.00
2014.06.26 09:35:40.743,1.5203,1.52046,1.00,1.00
2014.06.26 09:35:41.058,1.5203,1.52048,1.00,1.25
2014.06.26 09:35:41.824,1.5203,1.52047,1.00,1.00
2014.06.26 09:35:42.331,1.5203,1.52048,1.00,1.25
2014.06.26 09:35:42.812,1.5203,1.52048,1.00,1.19
2014.06.26 09:35:43.329,1.52036,1.52049,1.00,1.69
2014.06.26 09:35:43.635,1.5203,1.52049,1.00,1.19
2014.06.26 09:35:44.161,1.5203,1.52052,1.38,1.27
2014.06.26 09:35:44.262,1.5203,1.52053,1.77,1.32
2014.06.26 09:35:44.364,1.52035,1.52052,1.00,1.19
2014.06.26 09:35:44.885,1.5203,1.52052,1.77,1.19
2014.06.26 09:35:44.994,1.52035,1.52052,1.00,1.19
2014.06.26 09:35:45.522,1.52032,1.52051,1.72,1.00
2014.06.26 09:35:45.675,1.52037,1.52056,1.00,1.00
2014.06.26 09:35:45.879,1.52037,1.52057,1.38,1.25
2014.06.26 09:35:46.626,1.52035,1.52057,2.37,1.25
2014.06.26 09:35:47.446,1.52036,1.52057,1.13,1.19
2014.06.26 09:35:50.387,1.52034,1.52055,1.78,1.00
2014.06.26 09:35:50.490,1.52034,1.52055,1.15,1.19
2014.06.26 09:35:51.035,1.52034,1.52055,1.00,1.19
2014.06.26 09:35:51.542,1.52034,1.52055,1.25,1.19
2014.06.26 09:35:51.645,1.52032,1.52054,1.20,1.29
2014.06.26 09:35:51.848,1.52036,1.52053,1.00,1.25
2014.06.26 09:35:52.155,1.52031,1.52053,1.63,1.19
2014.06.26 09:35:53.661,1.5203,1.52053,1.38,1.19
2014.06.26 09:35:54.579,1.52036,1.52053,1.00,1.84
2014.06.26 09:35:54.783,1.52036,1.52057,1.38,1.77
2014.06.26 09:35:54.935,1.52036,1.52058,1.57,1.34
2014.06.26 09:35:54.987,1.52036,1.52058,1.57,1.34
2014.06.26 09:35:55.557,1.52041,1.52058,1.00,1.19
2014.06.26 09:35:55.914,1.52045,1.52059,1.00,1.00
2014.06.26 09:35:56.117,1.52045,1.52062,1.00,1.19
2014.06.26 09:35:56.802,1.52041,1.52062,2.37,1.19
2014.06.26 09:35:57.107,1.52046,1.52062,1.00,1.00
2014.06.26 09:35:57.210,1.52046,1.52065,1.37,1.88
2014.06.26 09:35:57.312,1.52046,1.52065,1.77,1.00
2014.06.26 09:35:57.567,1.5205,1.52071,1.29,1.69
2014.06.26 09:35:58.127,1.52056,1.52073,1.00,1.92
2014.06.26 09:35:58.331,1.5205,1.52072,3.12,1.19
2014.06.26 09:35:58.851,1.5205,1.52075,4.62,1.29
2014.06.26 09:35:59.322,1.52056,1.52078,1.00,2.52
2014.06.26 09:35:59.425,1.52056,1.52078,1.13,1.69
2014.06.26 09:35:59.526,1.52056,1.52079,2.14,1.32
2014.06.26 09:36:00.533,1.52057,1.52079,1.02,1.32
2014.06.26 09:36:01.118,1.52058,1.5208,1.00,1.67
2014.06.26 09:36:01.220,1.5206,1.5208,1.25,1.10
2014.06.26 09:36:01.751,1.52061,1.52084,1.00,2.07
2014.06.26 09:36:02.535,1.52061,1.52084,1.00,2.07
2014.06.26 09:36:02.855,1.52062,1.52085,1.25,2.14
2014.06.26 09:36:03.211,1.52064,1.52085,1.00,1.69
2014.06.26 09:36:03.985,1.52064,1.52085,1.25,1.32
2014.06.26 09:36:04.190,1.52066,1.52085,1.00,1.19
2014.06.26 09:36:04.497,1.52071,1.52089,1.00,1.67
2014.06.26 09:36:04.803,1.52075,1.52092,1.00,2.14
2014.06.26 09:36:04.915,1.52071,1.52089,1.00,1.38
2014.06.26 09:36:05.604,1.52071,1.52089,1.00,1.38
2014.06.26 09:36:05.757,1.5207,1.5209,1.00,1.58
2014.06.26 09:36:05.859,1.52066,1.52084,3.19,1.00
2014.06.26 09:36:06.436,1.52066,1.52085,1.69,1.00
2014.06.26 09:36:06.943,1.5207,1.52085,1.20,1.00
2014.06.26 09:36:07.493,1.5207,1.52084,2.18,1.00
2014.06.26 09:36:08.573,1.5207,1.52084,2.37,1.00
2014.06.26 09:36:08.624,1.5207,1.5209,2.74,1.00
2014.06.26 09:36:08.942,1.52072,1.52085,1.25,1.00
2014.06.26 09:36:09.044,1.52071,1.52089,1.19,1.00
2014.06.26 09:36:09.400,1.52068,1.52084,3.79,1.00
2014.06.26 09:36:09.584,1.52068,1.52084,3.04,1.00
2014.06.26 09:36:10.584,1.52069,1.52084,1.84,1.00
2014.06.26 09:36:10.693,1.52071,1.52089,1.00,1.25
2014.06.26 09:36:11.580,1.52076,1.52094,1.00,1.69
2014.06.26 09:36:12.175,1.52075,1.52095,1.00,1.67
2014.06.26 09:36:12.698,1.52076,1.52094,1.00,1.38
2014.06.26 09:36:12.953,1.52076,1.52096,1.19,1.38
2014.06.26 09:36:13.462,1.52081,1.521,1.00,1.57
2014.06.26 09:36:14.038,1.52081,1.521,1.00,1.57
2014.06.26 09:36:14.140,1.5208,1.52097,1.00,1.19
2014.06.26 09:36:14.295,1.52077,1.52097,1.00,1.64
2014.06.26 09:36:14.397,1.52075,1.52097,1.00,1.74
2014.06.26 09:36:14.549,1.52071,1.52094,1.54,1.19
2014.06.26 09:36:14.753,1.52076,1.52088,1.00,1.00
2014.06.26 09:36:14.856,1.52076,1.52091,1.00,1.02
2014.06.26 09:36:14.909,1.52069,1.52089,1.39,1.00
2014.06.26 09:36:15.215,1.52076,1.52091,1.00,1.09
2014.06.26 09:36:15.520,1.52073,1.52091,1.20,1.20
2014.06.26 09:36:15.571,1.5207,1.52091,2.22,1.20
2014.06.26 09:36:15.673,1.52076,1.52091,1.00,1.00
2014.06.26 09:36:15.775,1.52071,1.52091,1.20,1.00
2014.06.26 09:36:15.876,1.52076,1.52091,1.00,1.00
2014.06.26 09:36:16.287,1.52076,1.52094,1.00,1.13
2014.06.26 09:36:16.439,1.52077,1.52096,1.09,1.00
2014.06.26 09:36:16.959,1.52077,1.52099,1.02,1.19
2014.06.26 09:36:17.010,1.52079,1.52099,1.00,1.19
2014.06.26 09:36:17.343,1.52077,1.52099,1.02,1.19
2014.06.26 09:36:17.445,1.52077,1.52099,2.52,1.00
2014.06.26 09:36:17.496,1.52081,1.52103,1.00,2.22
2014.06.26 09:36:17.648,1.52081,1.52099,1.65,1.00
2014.06.26 09:36:17.954,1.52089,1.52106,1.20,1.39
2014.06.26 09:36:18.209,1.52086,1.52104,1.00,1.00
2014.06.26 09:36:18.567,1.52088,1.52104,1.00,1.00
2014.06.26 09:36:18.618,1.5209,1.52109,1.00,1.63
2014.06.26 09:36:18.821,1.52095,1.52113,1.00,2.07
2014.06.26 09:36:18.923,1.52095,1.52114,1.00,1.77
2014.06.26 09:36:19.395,1.52091,1.5211,1.17,1.00
2014.06.26 09:36:19.598,1.52096,1.52112,1.00,1.38
2014.06.26 09:36:19.700,1.52096,1.52113,1.00,1.63
2014.06.26 09:36:20.157,1.52092,1.52109,1.19,1.00
2014.06.26 09:36:20.642,1.52095,1.52109,1.20,1.00
2014.06.26 09:36:20.845,1.52095,1.52115,1.20,1.38
2014.06.26 09:36:20.896,1.52095,1.52115,1.39,1.00
2014.06.26 09:36:21.347,1.521,1.52116,1.00,1.00
2014.06.26 09:36:21.653,1.52101,1.52124,1.99,2.07
2014.06.26 09:36:21.755,1.52101,1.52124,1.77,1.69
2014.06.26 09:36:22.060,1.52103,1.5212,1.54,1.00
2014.06.26 09:36:22.111,1.52103,1.5212,1.57,1.00
2014.06.26 09:36:23.196,1.52101,1.5212,1.27,1.00
2014.06.26 09:36:23.555,1.52101,1.52124,2.07,2.07
2014.06.26 09:36:23.606,1.52103,1.52124,1.32,1.88
2014.06.26 09:36:24.425,1.52103,1.52122,1.19,1.00
2014.06.26 09:36:24.995,1.52103,1.52123,1.19,1.00
2014.06.26 09:36:25.097,1.52101,1.52123,1.09,1.25
2014.06.26 09:36:25.924,1.52106,1.52126,1.00,1.37
2014.06.26 09:36:26.127,1.52106,1.52127,1.25,1.92
2014.06.26 09:36:26.652,1.52102,1.52124,1.19,1.08
2014.06.26 09:36:27.437,1.521,1.52123,2.97,1.10
2014.06.26 09:36:27.897,1.521,1.52123,1.39,1.00
2014.06.26 09:36:28.455,1.52103,1.52124,1.00,1.99
2014.06.26 09:36:29.027,1.52103,1.52125,1.00,2.29
2014.06.26 09:36:29.664,1.52101,1.52125,1.29,1.67
2014.06.26 09:36:30.195,1.52101,1.52122,1.10,1.09
2014.06.26 09:36:30.824,1.52102,1.52125,1.00,1.67
2014.06.26 09:36:31.087,1.52103,1.52119,1.00,1.00
2014.06.26 09:36:31.392,1.52102,1.52117,1.00,1.20
2014.06.26 09:36:31.630,1.521,1.52117,1.00,1.20
2014.06.26 09:36:32.430,1.521,1.52117,1.00,1.39
2014.06.26 09:36:32.865,1.52096,1.52114,2.22,1.00
2014.06.26 09:36:33.172,1.521,1.52123,1.33,1.32
2014.06.26 09:36:33.846,1.52099,1.52119,1.84,1.00
2014.06.26 09:36:34.059,1.521,1.52119,1.27,1.00
2014.06.26 09:36:34.364,1.521,1.52125,1.77,1.77
2014.06.26 09:36:35.123,1.521,1.52125,1.69,2.07
2014.06.26 09:36:35.174,1.52101,1.52119,1.25,1.00
2014.06.26 09:36:35.818,1.52099,1.5212,1.25,1.29
2014.06.26 09:36:35.871,1.52097,1.5212,2.14,1.29
2014.06.26 09:36:35.973,1.52101,1.52122,1.29,1.09
2014.06.26 09:36:36.025,1.52099,1.5212,1.02,1.00
2014.06.26 09:36:36.346,1.521,1.5212,1.00,1.57
2014.06.26 09:36:36.500,1.521,1.5212,3.34,1.00
2014.06.26 09:36:36.602,1.52101,1.52124,1.19,2.14
2014.06.26 09:36:36.654,1.52101,1.52124,1.77,1.13
2014.06.26 09:36:37.325,1.52103,1.52124,1.37,1.88
2014.06.26 09:36:37.529,1.521,1.5212,1.20,1.19
2014.06.26 09:36:37.580,1.52099,1.52119,1.45,2.22
2014.06.26 09:36:37.834,1.52096,1.52119,1.29,2.22
2014.06.26 09:36:38.240,1.52097,1.52118,1.69,1.58
2014.06.26 09:36:38.545,1.52101,1.52119,1.00,1.57
2014.06.26 09:36:38.879,1.52105,1.52121,1.00,1.57
2014.06.26 09:36:39.237,1.521,1.5212,1.00,1.65
2014.06.26 09:36:39.289,1.521,1.5212,1.15,1.65
2014.06.26 09:36:39.595,1.52106,1.52124,1.00,2.03
2014.06.26 09:36:39.647,1.52107,1.52126,1.00,1.39
2014.06.26 09:36:39.888,1.52111,1.52126,1.00,1.00
2014.06.26 09:36:40.040,1.52111,1.52128,1.00,1.20
2014.06.26 09:36:40.357,1.52106,1.52128,1.69,1.20
2014.06.26 09:36:40.560,1.5211,1.52129,1.00,1.47
2014.06.26 09:36:40.885,1.52106,1.52129,1.69,2.22
2014.06.26 09:36:41.146,1.52106,1.52125,1.00,1.38
2014.06.26 09:36:41.553,1.5211,1.52124,1.00,1.50
2014.06.26 09:36:41.654,1.5211,1.5213,1.00,1.54
2014.06.26 09:36:42.200,1.52111,1.52129,1.00,1.00
2014.06.26 09:36:42.353,1.52116,1.52133,1.00,1.77
2014.06.26 09:36:42.556,1.52116,1.52134,1.00,1.25
2014.06.26 09:36:42.658,1.52116,1.52139,1.00,2.52
2014.06.26 09:36:42.811,1.52116,1.52139,1.19,2.37
2014.06.26 09:36:42.913,1.52121,1.5214,1.00,1.84
2014.06.26 09:36:43.116,1.52118,1.52138,1.10,1.28
2014.06.26 09:36:43.898,1.52121,1.52138,1.00,1.00
2014.06.26 09:36:44.418,1.52121,1.52139,1.00,1.17
2014.06.26 09:36:44.672,1.52118,1.52139,1.00,1.17
2014.06.26 09:36:44.874,1.52125,1.52139,1.00,1.17
2014.06.26 09:36:45.078,1.52126,1.52141,1.00,1.00
2014.06.26 09:36:45.389,1.52125,1.52145,1.00,1.20
2014.06.26 09:36:45.440,1.52131,1.52145,1.00,1.20
2014.06.26 09:36:45.973,1.52131,1.52148,1.00,1.99
2014.06.26 09:36:46.329,1.52131,1.52151,1.00,1.10
2014.06.26 09:36:46.431,1.52136,1.52154,1.00,2.05
2014.06.26 09:36:46.533,1.52136,1.52154,1.19,1.30
2014.06.26 09:36:46.685,1.52136,1.52157,1.39,1.09
2014.06.26 09:36:46.838,1.52135,1.52155,1.72,1.00
2014.06.26 09:36:47.092,1.52138,1.52159,1.09,1.00
2014.06.26 09:36:47.194,1.52141,1.52163,1.00,1.63
2014.06.26 09:36:47.245,1.52141,1.52163,1.58,1.25
2014.06.26 09:36:47.550,1.52145,1.52165,1.08,1.19
2014.06.26 09:36:47.601,1.52146,1.52167,1.10,2.29
2014.06.26 09:36:47.836,1.52145,1.52167,1.37,1.13
2014.06.26 09:36:47.938,1.52145,1.52166,1.09,1.20
2014.06.26 09:36:48.090,1.52143,1.52165,1.39,1.00
2014.06.26 09:36:48.628,1.52144,1.52165,1.77,1.00
2014.06.26 09:36:48.831,1.52145,1.52168,1.39,1.32
2014.06.26 09:36:49.195,1.52144,1.52165,1.84,1.00
2014.06.26 09:36:49.449,1.52144,1.52165,1.33,1.19
2014.06.26 09:36:49.964,1.52144,1.52165,1.25,1.19
2014.06.26 09:36:50.639,1.52144,1.52164,1.65,1.19
2014.06.26 09:36:50.994,1.52141,1.52165,1.19,2.07
2014.06.26 09:36:51.632,1.52141,1.52164,1.88,1.57
2014.06.26 09:36:52.139,1.52142,1.52164,1.00,1.19
2014.06.26 09:36:52.660,1.52141,1.52164,1.00,1.19
2014.06.26 09:36:52.711,1.52143,1.52164,1.20,1.19
2014.06.26 09:36:52.864,1.52141,1.52164,1.25,2.07
2014.06.26 09:36:52.966,1.52143,1.5216,1.20,1.00
2014.06.26 09:36:53.483,1.52141,1.52164,1.25,2.14
2014.06.26 09:36:53.586,1.52139,1.52159,1.19,1.00
2014.06.26 09:36:53.637,1.52139,1.52159,1.25,1.25
2014.06.26 09:36:55.074,1.52141,1.52162,1.00,1.47
2014.06.26 09:36:55.176,1.52141,1.52164,1.19,1.53
2014.06.26 09:36:55.330,1.52145,1.52165,1.00,2.37
2014.06.26 09:36:55.856,1.5215,1.52166,1.00,1.57
2014.06.26 09:36:55.958,1.52146,1.52166,1.00,1.19
2014.06.26 09:36:56.655,1.52145,1.52166,1.25,1.00
2014.06.26 09:36:56.884,1.52141,1.52164,2.22,1.84
2014.06.26 09:36:57.189,1.5215,1.52164,1.00,1.19
2014.06.26 09:36:57.351,1.52146,1.52164,1.00,1.69
2014.06.26 09:36:57.665,1.52151,1.52165,1.00,1.02
2014.06.26 09:36:58.175,1.5215,1.52169,1.00,2.37
2014.06.26 09:36:58.226,1.52145,1.52168,1.77,1.47
2014.06.26 09:36:58.479,1.52145,1.5217,1.77,2.22
2014.06.26 09:36:58.632,1.5215,1.5217,1.00,1.77
2014.06.26 09:36:58.936,1.5215,1.52163,1.00,1.20
2014.06.26 09:36:59.100,1.52145,1.52163,1.69,1.20
2014.06.26 09:36:59.354,1.52145,1.52163,1.25,1.58
2014.06.26 09:36:59.507,1.52146,1.52164,1.00,1.35
2014.06.26 09:37:00.012,1.52145,1.52164,1.00,1.35
2014.06.26 09:37:00.633,1.52146,1.52166,1.00,1.72
2014.06.26 09:37:00.808,1.52146,1.52166,1.00,1.72
2014.06.26 09:37:01.012,1.52145,1.52167,1.19,3.42
2014.06.26 09:37:01.578,1.52142,1.52163,1.69,1.58
2014.06.26 09:37:01.744,1.52142,1.52163,1.00,1.84
2014.06.26 09:37:02.053,1.5214,1.52159,1.29,1.00
2014.06.26 09:37:02.584,1.52141,1.52162,1.25,2.40
2014.06.26 09:37:03.118,1.52141,1.52159,1.25,1.20
2014.06.26 09:37:03.639,1.52137,1.52159,2.14,2.03
2014.06.26 09:37:03.792,1.52136,1.52158,1.33,1.13
2014.06.26 09:37:03.844,1.52136,1.52158,1.00,2.52
2014.06.26 09:37:04.301,1.52136,1.52153,1.00,1.69
2014.06.26 09:37:04.610,1.52131,1.52153,1.00,2.67
2014.06.26 09:37:04.916,1.52131,1.52151,1.00,1.74
2014.06.26 09:37:05.221,1.52131,1.52146,1.00,1.47
2014.06.26 09:37:05.526,1.52131,1.52143,1.00,1.00
2014.06.26 09:37:05.773,1.52126,1.52143,1.00,1.00
2014.06.26 09:37:05.935,1.52131,1.52143,1.00,1.00
2014.06.26 09:37:06.543,1.52131,1.52145,1.00,1.55
2014.06.26 09:37:06.764,1.52125,1.52145,1.00,2.03
2014.06.26 09:37:07.364,1.5213,1.52145,1.00,1.55
2014.06.26 09:37:07.873,1.52131,1.52144,1.00,1.39
2014.06.26 09:37:08.634,1.52135,1.52145,1.00,1.38
2014.06.26 09:37:08.788,1.52131,1.52145,1.00,1.38
2014.06.26 09:37:09.329,1.5213,1.52145,1.00,1.13
2014.06.26 09:37:09.623,1.52126,1.52144,1.19,1.00
2014.06.26 09:37:10.145,1.52126,1.52144,1.00,1.00
2014.06.26 09:37:10.315,1.5213,1.52147,1.00,1.39
2014.06.26 09:37:10.756,1.52126,1.52144,1.00,1.00
2014.06.26 09:37:10.943,1.52136,1.52147,1.00,1.39
2014.06.26 09:37:11.390,1.52135,1.52147,1.00,1.39
2014.06.26 09:37:11.973,1.52135,1.52147,1.00,1.39
2014.06.26 09:37:12.086,1.5213,1.52147,1.00,1.39
2014.06.26 09:37:12.342,1.52125,1.52145,1.19,1.00
2014.06.26 09:37:12.443,1.52131,1.52147,1.00,1.39
2014.06.26 09:37:12.768,1.52136,1.5215,1.00,2.67
2014.06.26 09:37:12.869,1.52131,1.52149,1.00,1.72
2014.06.26 09:37:13.618,1.52135,1.5215,1.00,1.92
2014.06.26 09:37:13.984,1.52136,1.5215,1.00,1.47
2014.06.26 09:37:14.086,1.52131,1.52149,1.00,1.13
2014.06.26 09:37:14.660,1.52131,1.5215,1.00,1.09
2014.06.26 09:37:14.864,1.52136,1.5215,1.00,1.09
2014.06.26 09:37:15.072,1.52131,1.52152,1.00,1.74
2014.06.26 09:37:15.595,1.5213,1.52149,1.00,1.00
2014.06.26 09:37:16.363,1.52136,1.52149,1.00,1.25
2014.06.26 09:37:16.877,1.52136,1.52148,1.00,1.00
2014.06.26 09:37:18.343,1.5213,1.52148,1.00,1.25
2014.06.26 09:37:18.700,1.52136,1.5215,1.00,1.39
2014.06.26 09:37:18.751,1.52136,1.5215,1.00,1.20
2014.06.26 09:37:18.904,1.5214,1.52154,1.00,1.67
2014.06.26 09:37:19.158,1.52135,1.52154,1.00,1.39
2014.06.26 09:37:19.313,1.52135,1.52156,1.00,1.92
2014.06.26 09:37:19.587,1.52141,1.52157,1.00,1.77
2014.06.26 09:37:19.911,1.52141,1.52159,1.00,1.67
2014.06.26 09:37:20.114,1.52135,1.52159,2.89,1.48
2014.06.26 09:37:20.368,1.52141,1.52162,1.00,1.77
2014.06.26 09:37:21.959,1.5214,1.52164,2.22,2.14
2014.06.26 09:37:22.010,1.52143,1.52164,1.19,1.88
2014.06.26 09:37:22.061,1.52143,1.52164,1.19,1.50
2014.06.26 09:37:22.112,1.52151,1.52167,1.00,1.02
2014.06.26 09:37:22.164,1.52151,1.52168,1.00,1.94
2014.06.26 09:37:22.266,1.52151,1.52168,1.00,1.38
2014.06.26 09:37:22.317,1.52156,1.52168,1.00,1.00
2014.06.26 09:37:22.368,1.52156,1.52173,1.00,1.02
2014.06.26 09:37:22.419,1.52156,1.52174,1.00,2.03
2014.06.26 09:37:22.521,1.52156,1.52174,1.00,1.88
2014.06.26 09:37:22.776,1.52158,1.52177,1.00,1.70
2014.06.26 09:37:23.284,1.52157,1.52179,1.39,1.64
2014.06.26 09:37:23.386,1.52157,1.5218,2.59,1.50
2014.06.26 09:37:23.589,1.52157,1.5218,2.44,1.50
2014.06.26 09:37:23.946,1.52158,1.5218,1.19,1.38
2014.06.26 09:37:24.251,1.5216,1.52179,1.65,1.38
2014.06.26 09:37:24.486,1.52164,1.52185,1.20,1.67
2014.06.26 09:37:24.639,1.52166,1.52186,1.00,1.57
2014.06.26 09:37:24.996,1.52164,1.52185,1.00,1.57
2014.06.26 09:37:25.534,1.52165,1.52187,1.00,3.42
2014.06.26 09:37:25.585,1.5217,1.52187,1.00,3.42
2014.06.26 09:37:25.893,1.52166,1.52184,1.00,1.48
2014.06.26 09:37:26.645,1.5217,1.52189,1.00,2.22
2014.06.26 09:37:27.597,1.5217,1.52189,1.19,1.38
2014.06.26 09:37:27.648,1.52176,1.52189,1.00,1.38
2014.06.26 09:37:27.851,1.52176,1.52194,1.00,1.78
2014.06.26 09:37:28.108,1.52171,1.52189,3.23,1.00
2014.06.26 09:37:28.311,1.52175,1.52192,1.00,1.02
2014.06.26 09:37:28.821,1.52176,1.52193,1.00,1.67
2014.06.26 09:37:28.974,1.52176,1.52194,1.00,1.02
2014.06.26 09:37:29.077,1.52171,1.52194,1.00,1.02
2014.06.26 09:37:29.178,1.52174,1.52195,1.00,1.84
2014.06.26 09:37:29.381,1.52172,1.52195,1.00,1.84
2014.06.26 09:37:29.705,1.5217,1.52195,1.77,2.74
2014.06.26 09:37:29.756,1.5217,1.52195,1.77,2.74
2014.06.26 09:37:30.214,1.5217,1.52191,1.00,1.92
2014.06.26 09:37:30.417,1.52167,1.52189,2.14,1.00
2014.06.26 09:37:30.468,1.5217,1.52189,1.43,1.00
2014.06.26 09:37:30.621,1.52171,1.52192,1.00,1.30
2014.06.26 09:37:30.923,1.52171,1.52193,1.00,2.74
2014.06.26 09:37:31.228,1.52171,1.52191,1.00,1.77
2014.06.26 09:37:31.534,1.5217,1.52187,1.00,1.77
2014.06.26 09:37:31.840,1.52166,1.52187,1.00,1.84
2014.06.26 09:37:32.738,1.52165,1.52187,1.00,1.84
2014.06.26 09:37:33.807,1.52166,1.52187,1.00,1.77
2014.06.26 09:37:33.910,1.52166,1.52185,1.00,1.58
2014.06.26 09:37:34.266,1.52165,1.52183,1.00,1.57
2014.06.26 09:37:34.367,1.5216,1.52183,2.14,1.57
2014.06.26 09:37:34.571,1.52166,1.52183,1.00,1.57
2014.06.26 09:37:34.673,1.52166,1.52184,1.00,2.14
2014.06.26 09:37:34.977,1.52165,1.52183,1.00,1.77
2014.06.26 09:37:36.477,1.52165,1.52182,1.00,1.32
2014.06.26 09:37:36.681,1.5216,1.5218,1.00,1.50
2014.06.26 09:37:37.032,1.52156,1.52175,1.00,1.02
2014.06.26 09:37:37.344,1.52151,1.52169,1.13,1.09
2014.06.26 09:37:37.548,1.52146,1.52169,1.32,1.99
2014.06.26 09:37:37.599,1.52146,1.52169,1.32,3.12
2014.06.26 09:37:37.904,1.52146,1.52168,1.25,1.25
2014.06.26 09:37:38.107,1.52146,1.52167,1.00,1.47
2014.06.26 09:37:38.412,1.52145,1.52163,1.00,1.09
2014.06.26 09:37:38.669,1.5214,1.52159,1.00,1.30
2014.06.26 09:37:38.720,1.5214,1.52159,1.00,1.87
2014.06.26 09:37:39.583,1.52146,1.52156,1.00,1.09
2014.06.26 09:37:39.684,1.52141,1.52156,1.00,1.09
2014.06.26 09:37:40.215,1.52141,1.52159,1.00,2.37
2014.06.26 09:37:40.576,1.52151,1.52163,1.00,1.02
2014.06.26 09:37:40.627,1.52151,1.52164,1.00,1.39
2014.06.26 09:37:40.729,1.52151,1.52167,1.00,1.28
2014.06.26 09:37:41.136,1.52156,1.52164,1.00,1.20
2014.06.26 09:37:41.187,1.52156,1.52168,1.00,1.19
2014.06.26 09:37:41.288,1.52156,1.52168,1.00,1.20
2014.06.26 09:37:41.340,1.52151,1.52169,1.00,1.47
2014.06.26 09:37:42.534,1.52146,1.52167,1.57,1.47
2014.06.26 09:37:42.788,1.52151,1.52165,1.00,1.28
2014.06.26 09:37:44.324,1.52156,1.52165,1.00,1.30
2014.06.26 09:37:44.847,1.52147,1.52169,1.38,1.64
2014.06.26 09:37:45.051,1.52145,1.52167,1.88,1.94
2014.06.26 09:37:45.103,1.52151,1.52167,1.00,1.94
2014.06.26 09:37:45.408,1.52156,1.52164,1.00,1.19
2014.06.26 09:37:45.459,1.52156,1.52168,1.00,1.39
2014.06.26 09:37:45.991,1.52155,1.52168,1.00,1.19
2014.06.26 09:37:47.252,1.52155,1.52168,1.00,1.19
2014.06.26 09:37:47.405,1.52156,1.5217,1.00,1.92
2014.06.26 09:37:47.507,1.52156,1.52173,1.00,1.54
2014.06.26 09:37:47.609,1.5216,1.52174,1.00,2.29
2014.06.26 09:37:48.396,1.52161,1.52174,1.00,2.22
2014.06.26 09:37:48.933,1.5216,1.52174,1.00,1.77
2014.06.26 09:37:49.157,1.52156,1.52174,1.00,1.77
2014.06.26 09:37:49.411,1.52155,1.52175,1.85,1.57
2014.06.26 09:37:49.715,1.52165,1.52181,1.00,1.45
2014.06.26 09:37:49.868,1.52165,1.52183,1.00,1.84
2014.06.26 09:37:50.020,1.52166,1.52183,1.00,1.58
2014.06.26 09:37:50.545,1.52165,1.52185,1.00,1.87
2014.06.26 09:37:51.084,1.52166,1.52185,1.00,1.87
2014.06.26 09:37:51.834,1.52166,1.52185,1.00,1.09
2014.06.26 09:37:51.936,1.52165,1.52183,1.25,1.20
2014.06.26 09:37:52.037,1.52165,1.52187,1.25,2.37
2014.06.26 09:37:52.240,1.52166,1.52184,1.00,1.57
2014.06.26 09:37:52.697,1.5217,1.52187,1.00,1.25
2014.06.26 09:37:52.850,1.5217,1.5219,1.69,1.53
2014.06.26 09:37:53.005,1.52167,1.52185,1.00,1.00
2014.06.26 09:37:53.057,1.52165,1.52185,2.07,1.00
2014.06.26 09:37:53.363,1.52164,1.5218,1.57,1.00
2014.06.26 09:37:53.566,1.52165,1.52185,1.32,1.63
2014.06.26 09:37:54.025,1.52166,1.52184,1.00,1.95
2014.06.26 09:37:54.331,1.52164,1.52179,1.00,1.00
2014.06.26 09:37:54.879,1.52165,1.52179,1.00,1.00
2014.06.26 09:37:57.186,1.52163,1.52179,1.00,1.00
2014.06.26 09:37:57.431,1.52163,1.52174,1.00,1.00
2014.06.26 09:37:57.533,1.5216,1.52174,1.38,1.00
2014.06.26 09:37:57.838,1.5216,1.52181,2.78,1.29
2014.06.26 09:37:57.889,1.52163,1.52183,1.20,1.55
2014.06.26 09:37:57.991,1.52163,1.52185,1.20,1.64
2014.06.26 09:37:58.093,1.52163,1.52179,1.20,1.00
2014.06.26 09:37:58.194,1.52167,1.52185,1.00,1.32
2014.06.26 09:37:58.742,1.52167,1.52185,1.00,1.13
2014.06.26 09:37:59.277,1.52167,1.52184,1.00,1.00
2014.06.26 09:37:59.582,1.52167,1.52189,1.00,1.64
2014.06.26 09:38:00.144,1.52165,1.52189,1.69,1.64
2014.06.26 09:38:00.694,1.52166,1.52189,1.25,1.02
2014.06.26 09:38:00.847,1.5217,1.52189,1.00,1.02
2014.06.26 09:38:01.372,1.52171,1.52188,1.00,1.55
2014.06.26 09:38:01.813,1.52165,1.52188,1.19,1.55
2014.06.26 09:38:02.626,1.52166,1.5219,1.84,1.95
2014.06.26 09:38:03.084,1.52166,1.52189,1.69,1.88
2014.06.26 09:38:03.593,1.52165,1.52189,1.19,2.29
2014.06.26 09:38:04.153,1.52165,1.52189,1.19,1.64
2014.06.26 09:38:04.821,1.52166,1.52188,1.19,1.67
2014.06.26 09:38:05.186,1.52166,1.52189,1.00,1.64
2014.06.26 09:38:05.339,1.52167,1.52189,1.19,1.33
2014.06.26 09:38:05.644,1.52171,1.52193,1.25,3.79
2014.06.26 09:38:05.746,1.52171,1.52193,2.59,1.00
2014.06.26 09:38:05.798,1.52171,1.52189,2.22,1.00
2014.06.26 09:38:05.900,1.52171,1.52193,1.32,1.00
2014.06.26 09:38:06.443,1.52171,1.52194,2.07,1.77
2014.06.26 09:38:06.826,1.52171,1.52193,2.07,1.20
2014.06.26 09:38:07.572,1.52171,1.52194,2.07,2.48
2014.06.26 09:38:08.087,1.52171,1.52193,1.69,1.20
2014.06.26 09:38:08.621,1.52175,1.52193,1.00,1.20
2014.06.26 09:38:09.171,1.52175,1.52194,1.13,1.29
2014.06.26 09:38:09.683,1.52176,1.52194,1.00,1.77
2014.06.26 09:38:10.217,1.52175,1.52194,1.13,1.29
2014.06.26 09:38:10.815,1.52176,1.52194,1.00,1.29
2014.06.26 09:38:11.120,1.52172,1.52194,1.47,2.52
2014.06.26 09:38:11.171,1.52172,1.52191,1.20,1.19
2014.06.26 09:38:11.679,1.52171,1.52189,1.00,1.25
2014.06.26 09:38:11.983,1.52177,1.52194,1.77,1.20
2014.06.26 09:38:12.136,1.52184,1.52204,1.00,3.23
2014.06.26 09:38:12.187,1.52184,1.52204,1.88,1.58
2014.06.26 09:38:12.339,1.52191,1.52207,1.00,1.13
2014.06.26 09:38:12.695,1.52194,1.52214,1.00,1.38
2014.06.26 09:38:12.913,1.52191,1.52214,1.84,1.00
2014.06.26 09:38:13.126,1.522,1.52219,1.00,1.02
2014.06.26 09:38:13.433,1.52206,1.5222,1.00,1.38
2014.06.26 09:38:13.587,1.52206,1.52224,1.00,1.13
2014.06.26 09:38:13.894,1.52205,1.52225,1.25,1.48
2014.06.26 09:38:13.996,1.52206,1.52224,1.00,1.38
2014.06.26 09:38:14.149,1.52206,1.52227,1.00,2.52
2014.06.26 09:38:14.403,1.5221,1.52228,1.00,2.14
2014.06.26 09:38:14.908,1.5221,1.52226,1.00,1.20
2014.06.26 09:38:15.061,1.52206,1.52224,1.25,1.00
2014.06.26 09:38:15.416,1.52211,1.52229,1.00,1.37
2014.06.26 09:38:15.822,1.52207,1.52229,1.09,1.08
2014.06.26 09:38:16.071,1.52206,1.52225,1.24,1.00
2014.06.26 09:38:16.173,1.52205,1.52225,1.00,1.13
2014.06.26 09:38:16.377,1.52211,1.52225,1.00,1.10
2014.06.26 09:38:16.784,1.52206,1.52228,2.97,1.28
2014.06.26 09:38:16.835,1.52206,1.52228,2.97,1.13
2014.06.26 09:38:17.141,1.52209,1.5223,1.32,1.25
2014.06.26 09:38:17.683,1.52209,1.5223,1.32,1.33
2014.06.26 09:38:17.734,1.52209,1.5223,1.63,1.33
2014.06.26 09:38:17.887,1.52215,1.52233,1.00,1.00
2014.06.26 09:38:17.938,1.52215,1.52233,1.19,1.00
2014.06.26 09:38:18.091,1.52215,1.52235,2.44,1.10
2014.06.26 09:38:18.446,1.52215,1.52239,2.07,1.77
2014.06.26 09:38:18.548,1.52215,1.52239,1.13,2.59
2014.06.26 09:38:18.650,1.52213,1.52229,1.32,1.00
2014.06.26 09:38:18.905,1.52211,1.52235,1.57,1.20
2014.06.26 09:38:18.956,1.5221,1.52235,2.22,1.50
2014.06.26 09:38:19.286,1.52209,1.52224,2.59,1.00
2014.06.26 09:38:19.643,1.52211,1.52229,1.19,1.00
2014.06.26 09:38:20.151,1.5221,1.5223,1.29,1.00
2014.06.26 09:38:20.578,1.5221,1.5223,1.20,1.00
2014.06.26 09:38:20.629,1.52209,1.52225,1.54,1.00
2014.06.26 09:38:20.862,1.52211,1.52229,1.00,1.00
2014.06.26 09:38:22.154,1.52209,1.52224,1.09,1.00
2014.06.26 09:38:22.509,1.52214,1.52224,1.00,1.00
2014.06.26 09:38:22.611,1.5221,1.52232,3.79,1.00
2014.06.26 09:38:22.662,1.52212,1.52232,1.68,1.00
2014.06.26 09:38:22.714,1.52214,1.52235,1.57,1.00
2014.06.26 09:38:22.867,1.52218,1.52239,1.69,1.00
2014.06.26 09:38:22.918,1.52219,1.52239,1.57,1.00
2014.06.26 09:38:23.619,1.52219,1.5224,1.57,1.00
2014.06.26 09:38:23.721,1.52219,1.52242,1.57,1.00
2014.06.26 09:38:24.026,1.52217,1.52242,2.59,1.63
2014.06.26 09:38:24.470,1.52217,1.5224,2.22,1.58
2014.06.26 09:38:24.776,1.52212,1.52238,3.87,1.54
2014.06.26 09:38:24.929,1.52216,1.52234,1.00,1.00
2014.06.26 09:38:25.234,1.52218,1.52229,1.20,1.00
2014.06.26 09:38:25.386,1.52218,1.52234,1.09,1.00
2014.06.26 09:38:25.589,1.52218,1.5224,1.09,1.38
2014.06.26 09:38:26.114,1.52219,1.5224,1.20,1.38
2014.06.26 09:38:26.451,1.52218,1.52239,2.59,1.13
2014.06.26 09:38:27.111,1.52219,1.52234,1.39,1.00
2014.06.26 09:38:27.425,1.52219,1.52235,1.25,1.00
2014.06.26 09:38:27.579,1.52219,1.5224,1.25,1.39
2014.06.26 09:38:27.742,1.52215,1.5224,3.79,1.67
2014.06.26 09:38:28.132,1.52223,1.52237,1.20,1.20
2014.06.26 09:38:28.438,1.52231,1.52249,1.00,1.37
2014.06.26 09:38:28.539,1.52231,1.52249,1.00,2.22
2014.06.26 09:38:28.845,1.52231,1.52248,1.00,1.17
2014.06.26 09:38:28.947,1.52225,1.5225,1.67,1.47
2014.06.26 09:38:28.999,1.52225,1.5225,3.27,1.47
2014.06.26 09:38:29.313,1.52226,1.52249,1.57,1.65
2014.06.26 09:38:29.365,1.52224,1.52245,2.59,1.00
2014.06.26 09:38:29.625,1.5223,1.52249,1.00,1.25
2014.06.26 09:38:29.676,1.52231,1.52249,1.19,1.00
2014.06.26 09:38:30.134,1.52234,1.5225,1.00,1.00
2014.06.26 09:38:30.468,1.52236,1.52254,1.29,1.00
2014.06.26 09:38:30.621,1.52236,1.52259,1.77,1.19
2014.06.26 09:38:30.672,1.52241,1.52263,1.19,1.39
2014.06.26 09:38:30.978,1.52239,1.52259,1.00,1.77
2014.06.26 09:38:31.282,1.52238,1.5226,1.20,1.13
2014.06.26 09:38:31.384,1.52238,1.5226,1.19,1.19
2014.06.26 09:38:31.587,1.52238,1.52254,1.00,1.00
2014.06.26 09:38:31.904,1.5224,1.52254,1.00,1.00
2014.06.26 09:38:32.362,1.52241,1.52259,1.88,1.00
2014.06.26 09:38:32.667,1.52246,1.52259,1.02,1.00
2014.06.26 09:38:32.769,1.52245,1.52265,1.75,1.69
2014.06.26 09:38:33.024,1.52251,1.52264,1.38,1.00
2014.06.26 09:38:33.075,1.52251,1.52269,1.38,1.25
2014.06.26 09:38:33.530,1.52251,1.52268,1.38,1.49
2014.06.26 09:38:33.582,1.52242,1.52267,3.19,1.25
2014.06.26 09:38:33.633,1.52242,1.52266,3.19,1.19
2014.06.26 09:38:33.837,1.52242,1.52267,1.50,2.37
2014.06.26 09:38:33.888,1.52242,1.52267,2.03,1.84
2014.06.26 09:38:34.204,1.52241,1.52262,1.32,1.39
2014.06.26 09:38:34.510,1.52249,1.52264,1.13,1.10
2014.06.26 09:38:34.663,1.52245,1.5227,2.03,1.65
2014.06.26 09:38:34.767,1.52246,1.52269,1.94,1.08
2014.06.26 09:38:35.074,1.52246,1.52267,1.93,1.19
2014.06.26 09:38:35.637,1.52246,1.52264,1.28,1.00
2014.06.26 09:38:35.789,1.52245,1.52264,1.78,1.00
2014.06.26 09:38:36.298,1.52244,1.52265,1.13,1.84
2014.06.26 09:38:36.349,1.52244,1.52263,1.13,1.19
2014.06.26 09:38:36.653,1.52251,1.52263,1.00,1.19
2014.06.26 09:38:36.704,1.52251,1.52267,1.00,1.29
2014.06.26 09:38:36.908,1.52256,1.52267,1.00,1.29
2014.06.26 09:38:37.061,1.52246,1.52266,1.13,1.19
2014.06.26 09:38:37.264,1.52246,1.52264,1.00,1.69
2014.06.26 09:38:37.366,1.52241,1.52259,1.38,1.00
2014.06.26 09:38:37.468,1.52238,1.52259,1.38,1.19
2014.06.26 09:38:37.672,1.52238,1.5226,1.38,1.19
2014.06.26 09:38:37.834,1.5224,1.5226,1.30,1.25
2014.06.26 09:38:37.936,1.52246,1.52262,1.00,1.19
2014.06.26 09:38:38.089,1.52247,1.52266,1.00,1.77
2014.06.26 09:38:38.141,1.5225,1.52266,1.00,1.69
2014.06.26 09:38:38.243,1.5225,1.5227,1.00,1.84
2014.06.26 09:38:38.346,1.52246,1.52269,1.00,1.29
2014.06.26 09:38:38.397,1.52246,1.52268,1.00,1.19
2014.06.26 09:38:38.703,1.52241,1.52257,1.00,1.19
2014.06.26 09:38:39.009,1.5223,1.52244,3.15,1.00
2014.06.26 09:38:39.111,1.52231,1.5225,2.10,1.19
2014.06.26 09:38:39.317,1.52231,1.52248,1.38,1.19
2014.06.26 09:38:39.419,1.52231,1.52252,1.38,1.29
2014.06.26 09:38:39.623,1.52232,1.52255,1.84,1.27
2014.06.26 09:38:39.775,1.52233,1.52255,1.35,1.77
2014.06.26 09:38:39.878,1.52235,1.52254,1.38,1.25
2014.06.26 09:38:40.082,1.52234,1.52255,1.39,1.00
2014.06.26 09:38:40.133,1.52239,1.52259,1.20,1.84
2014.06.26 09:38:40.235,1.5224,1.52259,1.09,1.00
2014.06.26 09:38:40.438,1.52243,1.52259,1.20,1.00
2014.06.26 09:38:40.945,1.52242,1.5226,1.20,1.25
2014.06.26 09:38:40.996,1.52239,1.5226,1.47,1.25
2014.06.26 09:38:41.507,1.52241,1.5226,1.20,1.00
2014.06.26 09:38:42.046,1.5224,1.5226,1.00,1.19
2014.06.26 09:38:42.554,1.52238,1.5226,1.43,1.19
2014.06.26 09:38:42.656,1.52241,1.52259,1.00,1.25
2014.06.26 09:38:42.961,1.5224,1.52254,1.35,1.00
2014.06.26 09:38:43.114,1.5224,1.52259,1.35,1.00
2014.06.26 09:38:43.429,1.52239,1.52259,1.84,1.00
2014.06.26 09:38:44.391,1.52238,1.5226,1.24,1.00
2014.06.26 09:38:44.645,1.52237,1.52255,1.39,1.00
2014.06.26 09:38:44.872,1.52237,1.5226,1.39,1.13
2014.06.26 09:38:45.017,1.52237,1.5226,1.84,1.13
2014.06.26 09:38:45.324,1.52236,1.52255,2.29,1.00
2014.06.26 09:38:46.174,1.52237,1.52254,1.09,1.00
2014.06.26 09:38:46.686,1.52237,1.52254,1.47,1.00
2014.06.26 09:38:47.045,1.52234,1.52254,1.00,1.00
2014.06.26 09:38:47.299,1.52234,1.52249,1.00,1.00
2014.06.26 09:38:47.893,1.52231,1.52249,1.34,1.00
2014.06.26 09:38:48.385,1.5223,1.52245,1.39,1.00
2014.06.26 09:38:48.650,1.52231,1.52249,1.34,1.00
2014.06.26 09:38:48.822,1.52236,1.52254,1.00,1.77
2014.06.26 09:38:48.925,1.52236,1.52254,1.00,1.19
2014.06.26 09:38:49.078,1.52235,1.52255,1.25,1.00
2014.06.26 09:38:49.129,1.52235,1.52255,1.84,1.00
2014.06.26 09:38:49.438,1.52236,1.52255,1.39,1.00
2014.06.26 09:38:49.592,1.52234,1.52254,1.57,1.00
2014.06.26 09:38:49.696,1.52231,1.52254,2.97,1.00
2014.06.26 09:38:50.242,1.52231,1.52254,1.34,1.00
2014.06.26 09:38:51.140,1.52235,1.52254,1.00,1.00
2014.06.26 09:38:51.546,1.52236,1.52257,1.10,1.32
2014.06.26 09:38:51.597,1.52241,1.52257,1.00,1.32
2014.06.26 09:38:51.750,1.52241,1.52258,1.00,1.25
2014.06.26 09:38:52.063,1.52238,1.52254,1.24,1.00
2014.06.26 09:38:52.267,1.52241,1.52259,1.00,1.19
2014.06.26 09:38:52.814,1.5224,1.5226,1.00,2.07
2014.06.26 09:38:53.173,1.5224,1.5226,1.25,1.25
2014.06.26 09:38:53.684,1.52236,1.5226,1.84,1.39
2014.06.26 09:38:53.837,1.52236,1.5226,1.27,2.44
2014.06.26 09:38:54.154,1.52235,1.52257,1.69,1.48
2014.06.26 09:38:54.408,1.52237,1.52257,1.32,1.00
2014.06.26 09:38:54.511,1.52238,1.52259,1.69,1.13
2014.06.26 09:38:54.917,1.52241,1.52265,1.00,2.22
2014.06.26 09:38:55.121,1.52242,1.52264,1.19,1.67
2014.06.26 09:38:55.430,1.52243,1.52259,1.02,1.00
2014.06.26 09:38:55.685,1.52243,1.52265,1.63,1.74
2014.06.26 09:38:55.736,1.52244,1.52265,1.13,1.74
2014.06.26 09:38:56.094,1.52243,1.52255,1.63,1.00
2014.06.26 09:38:56.352,1.52241,1.52259,1.38,1.57
2014.06.26 09:38:57.019,1.52241,1.52259,2.07,1.00
2014.06.26 09:38:57.444,1.52242,1.52254,1.38,1.00
2014.06.26 09:38:57.925,1.52245,1.52265,1.25,1.47
2014.06.26 09:38:57.976,1.52245,1.52265,2.00,1.47
2014.06.26 09:38:58.231,1.52246,1.52264,2.25,1.38
2014.06.26 09:38:58.689,1.52246,1.52265,1.50,1.00
2014.06.26 09:38:59.234,1.52246,1.52264,2.44,1.00
2014.06.26 09:39:00.262,1.52246,1.52264,1.69,1.00
2014.06.26 09:39:00.606,1.52248,1.5226,1.57,1.00
2014.06.26 09:39:00.658,1.52248,1.52264,1.57,1.00
2014.06.26 09:39:00.709,1.52248,1.52269,1.57,1.70
2014.06.26 09:39:00.861,1.5225,1.52271,1.63,1.58
2014.06.26 09:39:00.963,1.52253,1.52271,1.00,1.38
2014.06.26 09:39:01.115,1.52257,1.52275,1.00,2.14
2014.06.26 09:39:01.166,1.52257,1.52275,1.00,1.50
2014.06.26 09:39:01.268,1.52258,1.52275,1.18,1.00
2014.06.26 09:39:01.319,1.52259,1.52279,1.08,1.65
2014.06.26 09:39:01.370,1.52259,1.52279,1.27,1.65
2014.06.26 09:39:01.523,1.52259,1.52281,1.27,1.20
2014.06.26 09:39:01.676,1.52259,1.52281,1.25,1.39
2014.06.26 09:39:02.050,1.52258,1.5228,1.00,1.34
2014.06.26 09:39:02.726,1.52257,1.52279,1.25,1.39
2014.06.26 09:39:03.261,1.52257,1.52279,1.00,1.39
2014.06.26 09:39:03.821,1.52257,1.52274,1.00,1.00
2014.06.26 09:39:04.813,1.52257,1.52275,1.00,1.00
2014.06.26 09:39:06.132,1.52253,1.52274,1.77,1.00
2014.06.26 09:39:06.596,1.52251,1.52274,4.09,1.38
2014.06.26 09:39:08.121,1.52255,1.52274,1.19,1.38
2014.06.26 09:39:09.213,1.52255,1.52274,1.19,1.00
2014.06.26 09:39:11.321,1.52253,1.52275,1.47,1.00
2014.06.26 09:39:11.623,1.52253,1.52275,2.07,1.08
2014.06.26 09:39:11.984,1.52253,1.52269,2.22,1.00
2014.06.26 09:39:12.543,1.52253,1.5227,2.22,1.00
2014.06.26 09:39:12.885,1.52253,1.52275,1.32,1.28
2014.06.26 09:39:13.096,1.52251,1.5227,2.97,1.00
2014.06.26 09:39:13.148,1.52251,1.5227,2.22,1.00
2014.06.26 09:39:13.251,1.5225,1.5227,1.57,1.20
2014.06.26 09:39:13.825,1.52248,1.52269,2.55,1.00
2014.06.26 09:39:13.876,1.52247,1.52259,1.45,1.00
2014.06.26 09:39:13.927,1.52247,1.52259,1.08,1.00
2014.06.26 09:39:14.081,1.52242,1.52259,1.55,1.00
2014.06.26 09:39:14.610,1.52242,1.52259,2.07,1.00
2014.06.26 09:39:14.662,1.52246,1.52264,1.00,1.13
2014.06.26 09:39:14.865,1.52243,1.52259,1.32,1.00
2014.06.26 09:39:15.821,1.52244,1.52259,1.00,1.00
2014.06.26 09:39:16.399,1.52244,1.5226,1.02,1.00
2014.06.26 09:39:16.705,1.52248,1.52259,1.37,1.00
2014.06.26 09:39:16.857,1.52249,1.52264,1.77,1.00
2014.06.26 09:39:17.097,1.52249,1.5227,1.77,1.38
2014.06.26 09:39:17.404,1.52249,1.52264,1.77,1.00
2014.06.26 09:39:17.506,1.52249,1.52269,1.77,1.38
2014.06.26 09:39:17.912,1.52251,1.5227,1.19,1.00
2014.06.26 09:39:18.166,1.52253,1.52274,1.13,1.39
2014.06.26 09:39:18.711,1.52251,1.52274,1.19,1.73
2014.06.26 09:39:18.965,1.52253,1.52275,1.25,2.67
2014.06.26 09:39:19.168,1.52253,1.52269,1.25,1.00
2014.06.26 09:39:19.832,1.52253,1.52264,1.69,1.00
2014.06.26 09:39:20.151,1.52253,1.5227,1.25,1.00
2014.06.26 09:39:21.120,1.52253,1.52269,1.25,1.00
2014.06.26 09:39:22.587,1.5225,1.52264,1.84,1.00
2014.06.26 09:39:23.133,1.5225,1.52264,2.14,1.00
2014.06.26 09:39:23.185,1.52251,1.52269,1.94,1.00
2014.06.26 09:39:23.236,1.52253,1.52274,1.69,1.77
2014.06.26 09:39:23.287,1.52253,1.52274,1.25,1.49
2014.06.26 09:39:23.832,1.52254,1.52275,1.25,1.92
2014.06.26 09:39:24.644,1.52254,1.52274,1.19,1.73
2014.06.26 09:39:25.154,1.52256,1.52274,1.00,1.00
2014.06.26 09:39:26.114,1.52254,1.52269,1.19,1.00
2014.06.26 09:39:26.642,1.52254,1.52269,1.19,1.00
2014.06.26 09:39:27.647,1.52254,1.52269,1.19,1.00
2014.06.26 09:39:27.907,1.52256,1.52274,1.25,1.00
2014.06.26 09:39:28.337,1.52255,1.5227,1.19,1.00
2014.06.26 09:39:28.439,1.52256,1.52274,1.25,1.00
2014.06.26 09:39:28.966,1.52256,1.52274,1.19,1.00
2014.06.26 09:39:29.687,1.5226,1.5228,1.00,2.89
2014.06.26 09:39:29.992,1.52262,1.52279,1.25,1.00
2014.06.26 09:39:30.297,1.52266,1.52288,1.00,1.62
2014.06.26 09:39:30.450,1.52266,1.52289,1.69,2.22
2014.06.26 09:39:30.881,1.52266,1.52285,1.19,1.00
2014.06.26 09:39:31.186,1.5227,1.52285,1.00,1.00
2014.06.26 09:39:31.288,1.52265,1.52285,2.22,1.00
2014.06.26 09:39:31.835,1.52266,1.52286,2.25,1.19
2014.06.26 09:39:33.828,1.52266,1.52285,1.88,1.19
2014.06.26 09:39:34.547,1.52267,1.52286,1.00,1.19
2014.06.26 09:39:34.964,1.5227,1.52286,1.00,1.19
2014.06.26 09:39:35.181,1.52267,1.52286,1.00,1.19
2014.06.26 09:39:35.364,1.52267,1.52288,1.00,1.19
2014.06.26 09:39:35.568,1.52277,1.5229,1.00,1.00
2014.06.26 09:39:35.720,1.52279,1.52294,1.28,1.00
2014.06.26 09:39:36.076,1.52276,1.52294,1.00,1.00
2014.06.26 09:39:36.178,1.52275,1.52292,1.20,1.19
2014.06.26 09:39:36.331,1.52274,1.52291,1.20,1.25
2014.06.26 09:39:36.382,1.52274,1.5229,1.20,1.19
2014.06.26 09:39:36.433,1.52269,1.5229,1.20,1.19
2014.06.26 09:39:36.636,1.52268,1.52286,1.55,1.19
2014.06.26 09:39:36.975,1.52263,1.52283,1.15,1.19
2014.06.26 09:39:37.497,1.52263,1.52283,1.00,1.19
2014.06.26 09:39:37.688,1.52263,1.52284,1.00,1.19
2014.06.26 09:39:38.909,1.52266,1.52284,1.00,1.19
2014.06.26 09:39:39.530,1.52265,1.52284,1.00,1.19
2014.06.26 09:39:39.867,1.52261,1.52284,1.84,2.07
2014.06.26 09:39:40.121,1.5226,1.52279,2.07,1.00
2014.06.26 09:39:40.223,1.5226,1.52279,1.19,1.00
2014.06.26 09:39:40.730,1.5226,1.5228,1.19,1.00
2014.06.26 09:39:41.259,1.5226,1.5228,1.25,1.25
2014.06.26 09:39:41.774,1.5226,1.52279,1.25,1.20
2014.06.26 09:39:41.879,1.5226,1.52274,1.25,1.00
2014.06.26 09:39:41.987,1.5226,1.52279,1.25,1.20
2014.06.26 09:39:42.665,1.52259,1.52279,1.10,1.25
2014.06.26 09:39:42.833,1.52259,1.52274,1.10,1.00
2014.06.26 09:39:43.400,1.52259,1.52279,1.30,1.25
2014.06.26 09:39:43.861,1.5226,1.52275,1.25,1.00
2014.06.26 09:39:44.080,1.5226,1.52279,1.25,1.00
2014.06.26 09:39:44.850,1.5226,1.52274,1.00,1.00
2014.06.26 09:39:45.103,1.52261,1.52279,1.10,1.25
2014.06.26 09:39:45.314,1.52261,1.52274,1.10,1.00
2014.06.26 09:39:45.399,1.52261,1.52279,1.10,1.25
2014.06.26 09:39:46.113,1.52264,1.52279,1.00,1.00
2014.06.26 09:39:46.419,1.52272,1.52286,1.08,1.20
2014.06.26 09:39:46.471,1.52273,1.5229,1.18,1.00
2014.06.26 09:39:46.573,1.52273,1.5229,2.44,1.00
2014.06.26 09:39:46.624,1.52273,1.52294,2.44,1.00
2014.06.26 09:39:46.777,1.52279,1.52294,1.00,1.00
2014.06.26 09:39:46.929,1.52275,1.52295,1.99,1.00
2014.06.26 09:39:47.431,1.52275,1.52294,1.39,1.00
2014.06.26 09:39:48.040,1.52277,1.52295,1.25,1.00
2014.06.26 09:39:48.409,1.52277,1.523,1.09,2.74
2014.06.26 09:39:49.094,1.52277,1.52299,1.18,1.24
2014.06.26 09:39:49.667,1.52277,1.52298,1.18,1.19
2014.06.26 09:39:49.871,1.52277,1.523,1.09,1.99
2014.06.26 09:39:50.024,1.52275,1.52295,2.67,1.00
2014.06.26 09:39:50.075,1.52275,1.52295,2.67,1.25
2014.06.26 09:39:50.516,1.52273,1.52294,1.20,1.27
2014.06.26 09:39:50.822,1.52269,1.52289,1.47,1.08
2014.06.26 09:39:51.306,1.52268,1.52289,2.22,1.08
2014.06.26 09:39:51.838,1.52271,1.52289,1.50,1.38
2014.06.26 09:39:51.889,1.52271,1.52289,1.50,1.00
2014.06.26 09:39:52.565,1.52268,1.52289,1.19,1.48
2014.06.26 09:39:52.617,1.52268,1.52289,1.00,1.67
2014.06.26 09:39:52.921,1.52268,1.52284,1.00,1.00
2014.06.26 09:39:52.972,1.52265,1.52284,2.07,1.00
2014.06.26 09:39:53.480,1.52265,1.52285,1.25,1.25
2014.06.26 09:39:54.065,1.52265,1.52284,1.25,1.00
2014.06.26 09:39:54.656,1.52263,1.52284,1.29,1.25
2014.06.26 09:39:54.759,1.52263,1.52279,1.19,1.00
2014.06.26 09:39:55.104,1.52263,1.52284,1.19,1.25
2014.06.26 09:39:55.351,1.52263,1.52279,1.19,1.00
2014.06.26 09:39:56.629,1.52263,1.52284,1.19,1.00
2014.06.26 09:39:57.154,1.52263,1.52284,1.19,1.38
2014.06.26 09:39:57.205,1.52263,1.52279,1.19,1.38
2014.06.26 09:39:57.257,1.52262,1.52279,1.50,1.38
2014.06.26 09:39:57.410,1.52259,1.5228,1.00,2.22
2014.06.26 09:39:57.461,1.52259,1.5228,1.00,2.22
2014.06.26 09:39:57.563,1.52255,1.5228,2.22,2.97
2014.06.26 09:39:57.614,1.52255,1.52274,1.47,1.00
2014.06.26 09:39:57.972,1.52253,1.52274,1.47,1.00
2014.06.26 09:39:58.237,1.52253,1.5227,1.47,1.00
2014.06.26 09:39:58.787,1.52253,1.52269,1.32,1.00
2014.06.26 09:39:59.093,1.52249,1.52265,1.19,1.00
2014.06.26 09:39:59.889,1.52249,1.52265,1.00,1.00
2014.06.26 09:40:00.171,1.52249,1.52269,1.00,1.00
2014.06.26 09:40:01.076,1.52247,1.52269,1.19,1.69
2014.06.26 09:40:01.177,1.52247,1.52269,1.25,2.82
2014.06.26 09:40:01.701,1.52247,1.52264,1.25,1.00
2014.06.26 09:40:02.226,1.52247,1.52265,1.25,1.00
2014.06.26 09:40:03.609,1.52247,1.52255,1.00,1.00
2014.06.26 09:40:03.817,1.52243,1.52254,1.20,1.00
2014.06.26 09:40:03.970,1.52243,1.52252,1.20,1.00
2014.06.26 09:40:04.504,1.52242,1.52252,1.45,1.00
2014.06.26 09:40:04.819,1.52242,1.52254,1.55,1.00
2014.06.26 09:40:04.921,1.52242,1.52252,1.55,1.00
2014.06.26 09:40:05.178,1.52242,1.52255,1.20,1.00
2014.06.26 09:40:05.230,1.52246,1.52255,1.00,1.00
2014.06.26 09:40:05.281,1.52246,1.52258,1.00,1.00
2014.06.26 09:40:05.333,1.52242,1.52258,1.10,1.00
2014.06.26 09:40:05.384,1.52242,1.5226,1.00,1.00
2014.06.26 09:40:05.841,1.52239,1.5226,1.57,1.25
2014.06.26 09:40:06.816,1.52238,1.5226,1.32,1.19
2014.06.26 09:40:07.121,1.52238,1.52255,1.32,1.00
2014.06.26 09:40:07.424,1.52238,1.52255,1.47,1.00
2014.06.26 09:40:08.302,1.52242,1.52255,1.00,1.00
2014.06.26 09:40:08.833,1.52242,1.52254,1.10,1.00
2014.06.26 09:40:09.593,1.5224,1.52254,1.72,1.00
2014.06.26 09:40:09.694,1.52241,1.52259,1.47,1.00
2014.06.26 09:40:09.995,1.5224,1.52254,1.27,1.00
2014.06.26 09:40:10.408,1.52239,1.52254,1.13,1.00
2014.06.26 09:40:10.948,1.52239,1.52255,1.13,1.00
2014.06.26 09:40:11.546,1.52239,1.52255,1.32,1.00
2014.06.26 09:40:11.699,1.5224,1.52259,1.25,1.00
2014.06.26 09:40:11.801,1.52239,1.52255,1.19,1.00
2014.06.26 09:40:11.903,1.52241,1.52259,1.00,2.40
2014.06.26 09:40:12.023,1.52239,1.52254,1.32,1.00
2014.06.26 09:40:12.329,1.52241,1.52259,1.00,1.00
2014.06.26 09:40:12.380,1.52243,1.52259,1.00,1.00
2014.06.26 09:40:12.888,1.52242,1.52259,1.00,1.00
2014.06.26 09:40:13.360,1.52242,1.52255,1.00,1.00
2014.06.26 09:40:13.462,1.52241,1.5226,1.00,1.00
2014.06.26 09:40:13.665,1.52239,1.52257,2.63,1.20
2014.06.26 09:40:14.075,1.52239,1.5226,2.63,2.03
2014.06.26 09:40:14.622,1.52241,1.5226,1.00,1.65
2014.06.26 09:40:14.876,1.52242,1.52263,1.10,1.58
2014.06.26 09:40:14.978,1.52244,1.52264,1.20,1.50
2014.06.26 09:40:15.284,1.52246,1.52263,1.00,1.20
2014.06.26 09:40:15.436,1.52243,1.52263,2.14,1.20
2014.06.26 09:40:15.843,1.52243,1.52263,2.14,1.58
2014.06.26 09:40:16.148,1.52241,1.52257,1.00,1.20
2014.06.26 09:40:16.200,1.5224,1.52259,1.25,1.20
2014.06.26 09:40:16.765,1.5224,1.5226,1.65,1.57
2014.06.26 09:40:17.424,1.52237,1.52255,1.20,1.00
2014.06.26 09:40:17.808,1.52235,1.52255,1.00,1.00
2014.06.26 09:40:18.347,1.52235,1.52255,1.00,1.69
2014.06.26 09:40:18.398,1.52234,1.52249,1.10,1.00
2014.06.26 09:40:18.501,1.52232,1.52252,1.58,1.32
2014.06.26 09:40:18.604,1.52232,1.52249,1.10,1.00
2014.06.26 09:40:18.858,1.52232,1.52253,1.15,1.00
2014.06.26 09:40:19.215,1.52232,1.52253,1.10,1.00
2014.06.26 09:40:19.316,1.52231,1.52252,2.48,1.38
2014.06.26 09:40:19.470,1.52228,1.52244,1.13,1.13
2014.06.26 09:40:19.623,1.52226,1.5224,1.38,1.00
2014.06.26 09:40:20.037,1.52226,1.52239,1.00,1.00
2014.06.26 09:40:20.507,1.52226,1.52245,1.00,1.88
2014.06.26 09:40:20.559,1.52225,1.52245,1.15,2.07
2014.06.26 09:40:20.866,1.52226,1.52244,1.00,2.59
2014.06.26 09:40:21.029,1.52226,1.52242,1.00,1.00
2014.06.26 09:40:21.368,1.52226,1.52245,1.00,1.19
2014.06.26 09:40:21.419,1.52221,1.52244,2.40,1.25
2014.06.26 09:40:21.963,1.52225,1.52244,1.00,1.25
2014.06.26 09:40:22.416,1.52221,1.52239,1.00,1.75
2014.06.26 09:40:22.620,1.52225,1.52239,1.00,1.13
2014.06.26 09:40:23.028,1.52226,1.52243,1.00,1.25
2014.06.26 09:40:23.283,1.5222,1.52243,1.28,1.25
2014.06.26 09:40:23.385,1.52226,1.52243,1.00,1.25
2014.06.26 09:40:23.845,1.52225,1.52242,1.00,1.58
2014.06.26 09:40:24.354,1.52226,1.5224,1.00,1.00
2014.06.26 09:40:24.406,1.52221,1.52241,1.08,1.13
2014.06.26 09:40:24.876,1.52225,1.5224,1.00,1.00
2014.06.26 09:40:24.979,1.52225,1.52242,1.00,1.09
2014.06.26 09:40:25.132,1.52221,1.52242,1.00,1.09
2014.06.26 09:40:25.390,1.52226,1.52242,1.00,1.20
2014.06.26 09:40:25.893,1.52225,1.52243,1.00,1.00
2014.06.26 09:40:27.213,1.52221,1.52243,1.00,1.65
2014.06.26 09:40:27.338,1.52226,1.52243,1.00,1.65
2014.06.26 09:40:27.443,1.52221,1.52243,1.00,1.65
2014.06.26 09:40:28.014,1.52221,1.52243,1.00,1.32
2014.06.26 09:40:28.587,1.5222,1.52243,1.00,1.32
2014.06.26 09:40:28.689,1.52219,1.52239,1.95,1.00
2014.06.26 09:40:29.118,1.52221,1.52239,1.00,1.00
2014.06.26 09:40:29.423,1.52225,1.52245,1.00,2.89
2014.06.26 09:40:30.491,1.52225,1.52245,1.00,2.14
2014.06.26 09:40:30.542,1.52223,1.52239,1.00,1.00
2014.06.26 09:40:30.975,1.52221,1.52239,1.00,1.00
2014.06.26 09:40:31.429,1.52225,1.52245,1.00,1.77
2014.06.26 09:40:31.532,1.52221,1.52239,1.50,1.00
2014.06.26 09:40:32.073,1.52222,1.52239,1.00,1.00
2014.06.26 09:40:32.588,1.52226,1.52244,1.00,1.57
2014.06.26 09:40:33.096,1.52229,1.52244,1.00,1.00
2014.06.26 09:40:33.147,1.52229,1.52249,1.00,1.25
2014.06.26 09:40:33.198,1.52227,1.52249,1.00,1.25
2014.06.26 09:40:33.787,1.52229,1.52249,1.00,1.25
2014.06.26 09:40:34.349,1.5223,1.52249,1.00,1.00
2014.06.26 09:40:34.674,1.52228,1.52244,1.00,1.00
2014.06.26 09:40:34.980,1.52229,1.52244,1.38,1.00
2014.06.26 09:40:35.523,1.52227,1.52245,1.50,1.00
2014.06.26 09:40:35.829,1.52232,1.52245,1.00,1.00
2014.06.26 09:40:35.880,1.52232,1.52249,1.00,1.00
2014.06.26 09:40:36.084,1.52234,1.52249,1.00,1.00
2014.06.26 09:40:36.389,1.52234,1.52249,1.50,1.00
2014.06.26 09:40:37.492,1.52234,1.5225,1.58,1.00
2014.06.26 09:40:37.544,1.52234,1.5225,1.10,1.00
2014.06.26 09:40:37.646,1.52232,1.52244,1.08,1.00
2014.06.26 09:40:37.697,1.52232,1.52244,1.00,1.00
2014.06.26 09:40:38.226,1.52231,1.52244,1.10,1.00
2014.06.26 09:40:39.683,1.52229,1.52244,1.00,1.00
2014.06.26 09:40:39.978,1.52227,1.52244,1.50,1.00
2014.06.26 09:40:40.131,1.52225,1.52244,1.95,1.00
2014.06.26 09:40:40.334,1.52222,1.52244,1.20,1.25
2014.06.26 09:40:40.385,1.52222,1.5224,1.20,1.00
2014.06.26 09:40:40.690,1.52225,1.52244,1.00,1.19
2014.06.26 09:40:41.062,1.52226,1.52247,1.00,2.14
2014.06.26 09:40:41.696,1.52225,1.52247,1.84,1.58
2014.06.26 09:40:42.004,1.52231,1.52249,1.47,1.00
2014.06.26 09:40:42.529,1.52232,1.52249,1.32,1.00
2014.06.26 09:40:42.783,1.52229,1.52249,1.02,1.00
2014.06.26 09:40:43.038,1.52228,1.52247,2.44,1.00
2014.06.26 09:40:43.190,1.52228,1.52247,1.84,1.00
2014.06.26 09:40:43.394,1.52228,1.52244,1.84,1.00
2014.06.26 09:40:44.037,1.52228,1.52244,1.84,1.00
2014.06.26 09:40:44.287,1.52228,1.52246,1.84,1.00
2014.06.26 09:40:44.440,1.52228,1.52249,1.09,1.19
2014.06.26 09:40:44.593,1.52226,1.52244,2.67,1.00
2014.06.26 09:40:45.101,1.52225,1.52242,1.45,1.20
2014.06.26 09:40:45.203,1.5222,1.52242,3.87,1.39
2014.06.26 09:40:45.406,1.52222,1.52241,1.13,1.19
2014.06.26 09:40:45.549,1.52223,1.52244,1.00,1.84
2014.06.26 09:40:45.600,1.52226,1.52245,1.00,1.34
2014.06.26 09:40:46.149,1.52225,1.52242,1.00,1.00
2014.06.26 09:40:46.453,1.52221,1.52239,1.19,1.50
2014.06.26 09:40:46.555,1.52221,1.52239,1.00,1.00
2014.06.26 09:40:47.012,1.5222,1.52241,1.00,1.25
2014.06.26 09:40:47.063,1.5222,1.52241,1.19,1.00
2014.06.26 09:40:47.648,1.5222,1.52239,1.38,1.73
2014.06.26 09:40:47.954,1.5222,1.52234,1.38,1.00
2014.06.26 09:40:48.107,1.52221,1.52243,1.38,1.19
2014.06.26 09:40:48.675,1.5222,1.52241,1.85,1.19
2014.06.26 09:40:49.142,1.52221,1.52241,1.94,1.00
2014.06.26 09:40:49.430,1.52226,1.52241,1.00,1.00
2014.06.26 09:40:49.678,1.5222,1.52241,2.52,1.00
2014.06.26 09:40:49.940,1.5222,1.5224,2.52,1.08
2014.06.26 09:40:49.991,1.5222,1.5224,1.13,1.15
2014.06.26 09:40:50.093,1.52218,1.52234,1.47,1.00
2014.06.26 09:40:50.398,1.52216,1.5223,1.00,1.00
2014.06.26 09:40:50.449,1.52211,1.52229,1.47,1.00
2014.06.26 09:40:50.500,1.52211,1.52227,1.47,1.00
2014.06.26 09:40:50.855,1.52211,1.5223,1.19,1.00
2014.06.26 09:40:50.957,1.52212,1.52233,1.63,1.27
2014.06.26 09:40:51.059,1.52212,1.52233,1.57,1.00
2014.06.26 09:40:52.366,1.52215,1.52233,1.63,1.50
2014.06.26 09:40:52.468,1.52216,1.52236,1.32,1.50
2014.06.26 09:40:52.519,1.5222,1.52236,1.13,1.50
2014.06.26 09:40:52.621,1.5222,1.52238,2.07,1.00
2014.06.26 09:40:52.824,1.5222,1.5224,2.63,1.00
2014.06.26 09:40:53.281,1.52223,1.52245,1.32,1.99
2014.06.26 09:40:54.480,1.52221,1.52242,1.57,1.20
2014.06.26 09:40:54.594,1.5222,1.52234,1.50,1.00
2014.06.26 09:40:55.001,1.52221,1.52237,1.38,1.02
2014.06.26 09:40:55.457,1.52221,1.52239,1.00,1.20
2014.06.26 09:40:55.610,1.52216,1.52239,1.00,2.14
2014.06.26 09:40:56.623,1.52216,1.52238,1.00,1.47
2014.06.26 09:40:56.674,1.52213,1.52235,2.07,1.19
2014.06.26 09:40:57.630,1.52212,1.52235,1.19,1.33
2014.06.26 09:40:57.796,1.52211,1.52235,1.19,2.44
2014.06.26 09:40:58.107,1.52216,1.5223,1.00,1.09
2014.06.26 09:40:58.311,1.52216,1.52233,1.00,1.25
2014.06.26 09:40:58.412,1.52213,1.52234,1.02,2.59
2014.06.26 09:40:58.666,1.52211,1.52234,1.72,1.19
2014.06.26 09:40:58.971,1.5223,1.52244,1.00,1.50
2014.06.26 09:40:59.073,1.52227,1.52244,1.02,1.50
2014.06.26 09:40:59.124,1.52226,1.52247,1.84,1.50
2014.06.26 09:40:59.175,1.52231,1.52247,1.19,1.50
2014.06.26 09:40:59.430,1.52231,1.52252,1.19,1.20
2014.06.26 09:40:59.748,1.52231,1.52253,1.69,1.10
2014.06.26 09:40:59.901,1.5223,1.52253,1.29,1.77
2014.06.26 09:41:00.269,1.5223,1.52252,1.02,1.39
2014.06.26 09:41:00.625,1.52226,1.52249,1.37,1.84
2014.06.26 09:41:00.831,1.52231,1.5225,1.00,1.69
2014.06.26 09:41:01.184,1.52226,1.52249,1.37,1.69
2014.06.26 09:41:01.819,1.5223,1.52251,1.00,1.29
2014.06.26 09:41:02.183,1.52227,1.52249,1.25,1.25
2014.06.26 09:41:02.773,1.52227,1.5225,1.19,1.25
2014.06.26 09:41:03.275,1.52227,1.52249,1.19,1.00
2014.06.26 09:41:03.677,1.52227,1.52249,1.25,1.25
2014.06.26 09:41:04.097,1.52227,1.52249,2.07,1.00
2014.06.26 09:41:04.552,1.52231,1.52253,1.00,1.47
2014.06.26 09:41:04.705,1.52231,1.52253,1.32,1.47
2014.06.26 09:41:04.807,1.52231,1.52254,1.32,1.74
2014.06.26 09:41:04.910,1.5223,1.52255,3.72,2.97
2014.06.26 09:41:05.255,1.5223,1.5225,1.19,1.38
2014.06.26 09:41:05.687,1.5223,1.5225,1.25,1.63
2014.06.26 09:41:06.309,1.52232,1.5225,1.28,1.25
2014.06.26 09:41:06.412,1.52233,1.52254,1.32,1.08
2014.06.26 09:41:06.463,1.52233,1.52254,1.32,1.00
2014.06.26 09:41:06.514,1.52236,1.52254,1.19,1.00
2014.06.26 09:41:06.667,1.52238,1.5226,1.69,1.09
2014.06.26 09:41:06.718,1.52242,1.5226,1.19,1.08
2014.06.26 09:41:06.870,1.52243,1.52263,1.19,1.00
2014.06.26 09:41:06.922,1.52248,1.52265,1.00,1.00
2014.06.26 09:41:07.329,1.52251,1.52264,1.00,1.00
2014.06.26 09:41:07.634,1.52251,1.5227,1.25,1.13
2014.06.26 09:41:07.891,1.52254,1.52269,1.00,1.00
2014.06.26 09:41:08.559,1.52254,1.52264,1.00,1.00
2014.06.26 09:41:09.092,1.52255,1.52265,1.00,1.00
2014.06.26 09:41:09.448,1.5225,1.52264,1.00,1.00
2014.06.26 09:41:10.016,1.52248,1.52264,1.19,1.00
2014.06.26 09:41:10.550,1.52247,1.52264,1.25,1.00
2014.06.26 09:41:11.852,1.52247,1.52265,1.25,1.00
2014.06.26 09:41:12.451,1.52247,1.52259,1.25,1.00
2014.06.26 09:41:12.971,1.52248,1.5226,1.00,1.00
2014.06.26 09:41:13.395,1.52248,1.52255,1.00,1.00
2014.06.26 09:41:13.915,1.52247,1.52255,1.00,1.00
2014.06.26 09:41:14.128,1.52244,1.52255,1.00,1.00
2014.06.26 09:41:14.720,1.52243,1.52254,1.69,1.00
2014.06.26 09:41:15.178,1.52243,1.5225,1.00,1.00
2014.06.26 09:41:15.230,1.52239,1.5225,1.27,1.00
2014.06.26 09:41:15.764,1.52238,1.52249,1.29,1.00
2014.06.26 09:41:16.069,1.52237,1.52249,1.37,1.00
2014.06.26 09:41:17.058,1.52236,1.52249,1.34,1.00
2014.06.26 09:41:17.743,1.52238,1.5225,1.10,1.00
2014.06.26 09:41:17.794,1.52242,1.52249,1.00,1.00
2014.06.26 09:41:18.743,1.52238,1.52249,1.20,1.00
2014.06.26 09:41:18.794,1.52237,1.52249,1.34,1.00
2014.06.26 09:41:19.554,1.52236,1.52254,1.84,1.00
2014.06.26 09:41:20.098,1.52236,1.52254,1.84,1.00
2014.06.26 09:41:20.856,1.52235,1.52254,1.19,1.20
2014.06.26 09:41:20.907,1.52235,1.52244,1.00,1.00
2014.06.26 09:41:20.958,1.52233,1.52244,1.00,1.00
2014.06.26 09:41:21.161,1.52228,1.52244,1.19,1.00
2014.06.26 09:41:21.314,1.52226,1.52245,2.07,1.00
2014.06.26 09:41:22.991,1.52226,1.52245,2.07,1.00
2014.06.26 09:41:23.987,1.52226,1.52245,2.07,1.00
2014.06.26 09:41:24.659,1.52226,1.52244,1.69,1.00
2014.06.26 09:41:25.219,1.52224,1.52244,1.00,1.84
2014.06.26 09:41:25.523,1.52224,1.52239,1.00,1.00
2014.06.26 09:41:25.834,1.52224,1.52234,1.00,1.00
2014.06.26 09:41:25.936,1.52224,1.5224,1.00,1.00
2014.06.26 09:41:26.193,1.52224,1.52234,1.00,1.00
2014.06.26 09:41:28.402,1.52224,1.5224,1.00,1.00
2014.06.26 09:41:28.686,1.52222,1.5224,1.00,1.00
2014.06.26 09:41:28.737,1.52224,1.5224,1.20,1.57
2014.06.26 09:41:28.992,1.52219,1.52235,1.00,1.00
2014.06.26 09:41:29.246,1.52215,1.52235,1.37,1.00
2014.06.26 09:41:30.383,1.52214,1.5223,3.49,1.00
2014.06.26 09:41:30.611,1.52214,1.52235,3.49,1.38
2014.06.26 09:41:30.713,1.52214,1.52235,1.99,1.13
2014.06.26 09:41:30.866,1.52218,1.52235,1.20,1.00
2014.06.26 09:41:31.171,1.52215,1.52229,1.19,1.00
2014.06.26 09:41:31.374,1.52218,1.52234,1.20,1.13
2014.06.26 09:41:31.851,1.52218,1.52238,1.20,1.47
2014.06.26 09:41:33.164,1.52215,1.52235,1.39,1.00
2014.06.26 09:41:33.726,1.52215,1.52235,1.39,1.00
2014.06.26 09:41:34.083,1.52215,1.52234,1.20,1.00
2014.06.26 09:41:34.631,1.52215,1.52235,1.20,1.47
2014.06.26 09:41:35.031,1.52215,1.52235,1.20,2.22
2014.06.26 09:41:35.337,1.52211,1.52224,1.20,1.00
2014.06.26 09:41:35.608,1.5221,1.5223,1.00,1.38
2014.06.26 09:41:35.914,1.52207,1.52224,2.89,1.00
2014.06.26 09:41:37.094,1.52207,1.52229,2.52,1.13
2014.06.26 09:41:37.421,1.52207,1.52225,2.52,1.00
2014.06.26 09:41:38.855,1.52209,1.52225,1.39,1.00
2014.06.26 09:41:39.471,1.52209,1.52224,1.39,1.00
2014.06.26 09:41:39.823,1.52209,1.52224,1.09,1.00
2014.06.26 09:41:40.731,1.52209,1.52224,1.39,1.00
2014.06.26 09:41:41.057,1.52206,1.52225,1.39,1.00
2014.06.26 09:41:41.363,1.52206,1.52225,1.39,1.38
2014.06.26 09:41:41.414,1.52206,1.52227,1.20,1.57
2014.06.26 09:41:41.567,1.52206,1.52227,1.20,1.32
2014.06.26 09:41:41.872,1.52206,1.52224,1.09,1.00
2014.06.26 09:41:42.191,1.52208,1.52228,1.00,1.09
2014.06.26 09:41:42.449,1.52206,1.5223,1.84,2.04
2014.06.26 09:41:42.580,1.52206,1.5223,1.84,2.04
2014.06.26 09:41:43.087,1.52207,1.52224,1.00,1.13
2014.06.26 09:41:43.421,1.52209,1.5222,1.65,1.00
2014.06.26 09:41:43.523,1.52209,1.52225,1.65,1.00
2014.06.26 09:41:43.778,1.52209,1.52224,1.00,1.38
2014.06.26 09:41:44.091,1.52204,1.52219,1.19,1.00
2014.06.26 09:41:44.765,1.52204,1.5222,1.19,1.00
2014.06.26 09:41:45.508,1.52204,1.5222,1.19,1.00
2014.06.26 09:41:45.834,1.52205,1.52225,1.09,1.77
2014.06.26 09:41:46.442,1.52206,1.52224,1.20,1.50
2014.06.26 09:41:47.439,1.52204,1.52224,1.84,1.50
2014.06.26 09:41:47.744,1.52201,1.52219,1.20,1.69
2014.06.26 09:41:48.252,1.52201,1.52214,1.20,1.00
2014.06.26 09:41:48.785,1.52203,1.52214,1.20,1.00
2014.06.26 09:41:48.887,1.52201,1.52214,1.20,1.00
2014.06.26 09:41:48.938,1.52201,1.5222,1.28,1.57
2014.06.26 09:41:49.040,1.52204,1.5222,1.00,1.57
2014.06.26 09:41:49.091,1.52204,1.5222,1.00,1.19
2014.06.26 09:41:49.142,1.52204,1.52223,1.00,1.67
2014.06.26 09:41:49.662,1.52203,1.52219,1.20,1.00
2014.06.26 09:41:50.109,1.52203,1.52214,1.20,1.00
2014.06.26 09:41:50.640,1.52202,1.52215,1.20,1.00
2014.06.26 09:41:50.974,1.52199,1.52214,1.00,1.00
2014.06.26 09:41:51.330,1.52198,1.5221,1.20,1.00
2014.06.26 09:41:51.620,1.52196,1.5221,1.09,1.00
2014.06.26 09:41:51.671,1.52196,1.52204,1.09,1.00
2014.06.26 09:41:51.874,1.52196,1.52209,1.20,1.00
2014.06.26 09:41:52.179,1.52194,1.52209,1.20,1.00
2014.06.26 09:41:52.636,1.52195,1.52204,1.20,1.00
2014.06.26 09:41:52.737,1.52193,1.52204,1.20,1.00
2014.06.26 09:41:52.890,1.52193,1.522,1.20,1.00
2014.06.26 09:41:52.941,1.52188,1.522,2.74,1.00
2014.06.26 09:41:53.093,1.52188,1.52209,1.99,1.00
2014.06.26 09:41:53.195,1.52188,1.52204,1.24,1.00
2014.06.26 09:41:53.550,1.52192,1.52204,1.20,1.00
2014.06.26 09:41:53.833,1.5219,1.52204,1.20,1.00
2014.06.26 09:41:53.884,1.5219,1.52199,1.20,1.00
2014.06.26 09:41:53.936,1.52186,1.52199,1.20,1.00
2014.06.26 09:41:54.362,1.52184,1.522,1.20,1.25
2014.06.26 09:41:54.911,1.52184,1.52199,1.20,1.00
2014.06.26 09:41:55.165,1.52182,1.52199,1.20,1.19
2014.06.26 09:41:55.367,1.5218,1.52199,1.20,1.19
2014.06.26 09:41:55.469,1.52179,1.52197,1.65,1.32
2014.06.26 09:41:56.321,1.52181,1.52197,1.00,1.32
2014.06.26 09:41:56.575,1.52179,1.52197,1.20,1.32
2014.06.26 09:41:57.089,1.5218,1.52197,1.00,1.32
2014.06.26 09:41:57.293,1.52181,1.52195,1.00,1.19
2014.06.26 09:41:57.344,1.52179,1.52195,1.20,1.19
2014.06.26 09:41:57.446,1.52176,1.52195,1.65,1.29
2014.06.26 09:41:57.599,1.52176,1.52192,1.65,1.19
2014.06.26 09:41:58.103,1.52175,1.52189,1.20,1.00
2014.06.26 09:41:58.423,1.52177,1.52192,1.20,1.19
2014.06.26 09:41:59.620,1.52177,1.52193,1.20,1.19
2014.06.26 09:41:59.842,1.52175,1.52193,1.00,1.19
2014.06.26 09:42:00.294,1.52176,1.5219,1.20,1.00
2014.06.26 09:42:00.650,1.52176,1.52193,1.65,1.69
2014.06.26 09:42:00.836,1.52176,1.5219,1.20,1.00
2014.06.26 09:42:01.470,1.52176,1.52189,1.20,1.00
2014.06.26 09:42:01.930,1.52173,1.5219,1.30,1.00
2014.06.26 09:42:02.494,1.52173,1.52189,1.30,1.00
2014.06.26 09:42:03.161,1.52176,1.52192,1.00,1.19
2014.06.26 09:42:05.134,1.52176,1.52189,1.20,1.00
2014.06.26 09:42:05.510,1.52175,1.52191,1.65,1.25
2014.06.26 09:42:05.929,1.52175,1.52189,1.20,1.00
2014.06.26 09:42:05.980,1.52173,1.52189,1.30,1.00
2014.06.26 09:42:06.075,1.52176,1.52189,1.20,1.00
2014.06.26 09:42:06.126,1.52176,1.52192,1.65,1.69
2014.06.26 09:42:06.380,1.52177,1.52189,1.20,1.00
2014.06.26 09:42:06.583,1.52177,1.52192,1.20,1.19
2014.06.26 09:42:07.531,1.52177,1.52192,1.20,1.69
2014.06.26 09:42:07.633,1.52176,1.52192,1.00,1.25
2014.06.26 09:42:07.890,1.52176,1.5219,1.30,1.00
2014.06.26 09:42:08.314,1.52176,1.52192,1.10,1.25
2014.06.26 09:42:08.842,1.52177,1.52193,1.20,1.19
2014.06.26 09:42:09.129,1.52177,1.52184,1.20,1.00
2014.06.26 09:42:09.231,1.52168,1.52184,1.57,1.00
2014.06.26 09:42:09.283,1.52168,1.52184,1.57,1.00
2014.06.26 09:42:09.385,1.52171,1.52184,1.20,1.00
2014.06.26 09:42:09.538,1.52168,1.52184,1.28,1.00
2014.06.26 09:42:09.741,1.52171,1.52189,1.30,1.38
2014.06.26 09:42:09.792,1.52171,1.52189,1.38,1.38
2014.06.26 09:42:09.843,1.52171,1.52192,1.38,1.19
2014.06.26 09:42:10.148,1.52175,1.52193,1.00,2.07
2014.06.26 09:42:10.679,1.52175,1.52193,1.00,1.32
2014.06.26 09:42:10.945,1.52177,1.52194,1.20,1.19
2014.06.26 09:42:11.148,1.52178,1.52195,1.20,1.00
2014.06.26 09:42:11.344,1.52181,1.52198,1.00,1.63
2014.06.26 09:42:11.498,1.52176,1.52199,1.84,2.22
2014.06.26 09:42:11.752,1.52182,1.52199,1.20,1.57
2014.06.26 09:42:12.160,1.52178,1.52199,1.84,1.19
2014.06.26 09:42:12.381,1.52178,1.522,1.09,2.22
2014.06.26 09:42:12.487,1.5218,1.522,1.20,2.22
2014.06.26 09:42:13.033,1.5218,1.52199,1.20,1.00
2014.06.26 09:42:13.463,1.52182,1.522,1.20,2.22
2014.06.26 09:42:13.768,1.52184,1.52195,1.20,1.00
2014.06.26 09:42:13.922,1.5218,1.52194,1.39,1.00
2014.06.26 09:42:14.426,1.52182,1.52194,1.20,1.00
2014.06.26 09:42:14.647,1.52182,1.5219,1.20,1.00
2014.06.26 09:42:14.901,1.52177,1.52195,1.39,1.00
2014.06.26 09:42:15.314,1.52183,1.52199,1.20,1.19
2014.06.26 09:42:15.824,1.52183,1.52199,1.20,1.00
2014.06.26 09:42:15.976,1.52181,1.522,1.09,1.00
2014.06.26 09:42:16.129,1.52183,1.52199,1.20,1.00
2014.06.26 09:42:16.241,1.52181,1.52199,1.20,1.00
2014.06.26 09:42:16.631,1.52183,1.52199,1.20,1.00
2014.06.26 09:42:17.037,1.52183,1.52205,2.67,1.39
2014.06.26 09:42:17.571,1.52184,1.52205,1.00,1.32
2014.06.26 09:42:18.091,1.5219,1.52207,1.00,2.59
2014.06.26 09:42:18.143,1.5219,1.52207,1.00,1.47
2014.06.26 09:42:18.195,1.52187,1.52207,1.20,1.47
2014.06.26 09:42:18.601,1.5219,1.52209,1.00,2.07
2014.06.26 09:42:18.959,1.52193,1.52209,1.20,1.25
2014.06.26 09:42:19.285,1.52195,1.52214,1.84,1.38
2014.06.26 09:42:19.489,1.52197,1.52218,1.20,1.47
2014.06.26 09:42:19.591,1.52199,1.52218,1.00,1.47
2014.06.26 09:42:20.833,1.52202,1.52215,1.00,1.38
2014.06.26 09:42:20.986,1.52208,1.52224,1.20,1.20
2014.06.26 09:42:21.038,1.52206,1.52224,1.84,1.10
2014.06.26 09:42:21.241,1.52207,1.52219,1.20,1.00
2014.06.26 09:42:21.807,1.52206,1.52219,1.65,1.00
2014.06.26 09:42:22.081,1.52206,1.52224,1.65,1.00
2014.06.26 09:42:22.400,1.52206,1.52224,1.65,1.38
2014.06.26 09:42:22.901,1.52205,1.5222,1.00,1.00
2014.06.26 09:42:23.553,1.52204,1.5222,1.20,1.00
2014.06.26 09:42:23.867,1.52206,1.52224,1.20,1.32
2014.06.26 09:42:24.440,1.52207,1.52224,1.20,1.32
2014.06.26 09:42:24.491,1.52207,1.52224,1.20,1.13
2014.06.26 09:42:25.472,1.52207,1.52224,1.20,1.74
2014.06.26 09:42:25.777,1.52206,1.5222,1.20,1.13
2014.06.26 09:42:25.879,1.52204,1.5222,1.20,1.13
2014.06.26 09:42:25.982,1.52201,1.5222,1.20,1.13
2014.06.26 09:42:26.342,1.52204,1.5222,1.20,1.13
2014.06.26 09:42:26.850,1.52205,1.5222,1.20,1.50
2014.06.26 09:42:26.902,1.52205,1.52223,1.20,2.07
2014.06.26 09:42:27.233,1.52203,1.52221,1.20,1.02
2014.06.26 09:42:27.538,1.52203,1.52219,1.20,1.02
2014.06.26 09:42:27.879,1.52205,1.5222,1.20,1.02
2014.06.26 09:42:28.222,1.52202,1.52219,1.20,1.58
2014.06.26 09:42:29.272,1.52202,1.52219,1.20,1.32
2014.06.26 09:42:29.323,1.52204,1.52219,1.20,1.32
2014.06.26 09:42:29.921,1.52204,1.52218,1.20,1.32
2014.06.26 09:42:30.074,1.52202,1.52218,1.20,1.32
2014.06.26 09:42:30.381,1.522,1.52218,1.65,1.32
2014.06.26 09:42:30.940,1.52199,1.52215,1.20,1.18
2014.06.26 09:42:31.093,1.52204,1.5222,1.20,1.13
2014.06.26 09:42:31.196,1.52209,1.52223,1.20,1.57
2014.06.26 09:42:31.248,1.52209,1.52223,1.20,1.00
2014.06.26 09:42:31.401,1.52212,1.52224,1.20,1.00
2014.06.26 09:42:31.717,1.52214,1.52224,1.20,1.00
2014.06.26 09:42:31.971,1.5221,1.52224,1.20,1.00
2014.06.26 09:42:32.362,1.52208,1.52224,1.20,1.00
2014.06.26 09:42:32.633,1.52208,1.52219,1.20,1.00
2014.06.26 09:42:33.053,1.5221,1.52219,1.20,1.00
2014.06.26 09:42:33.206,1.52211,1.52225,1.20,1.38
2014.06.26 09:42:33.258,1.52207,1.52225,1.09,1.38
2014.06.26 09:42:33.433,1.52206,1.5222,2.59,1.00
2014.06.26 09:42:33.776,1.52209,1.5222,1.20,1.00
2014.06.26 09:42:34.082,1.52213,1.5222,1.20,1.00
2014.06.26 09:42:34.235,1.52209,1.5222,1.69,1.00
2014.06.26 09:42:34.438,1.52214,1.52224,1.20,1.00
2014.06.26 09:42:34.704,1.52209,1.52224,2.59,1.00
2014.06.26 09:42:34.806,1.52214,1.52224,1.20,1.00
2014.06.26 09:42:35.119,1.52212,1.5222,1.20,1.00
2014.06.26 09:42:35.391,1.52212,1.52229,1.95,1.00
2014.06.26 09:42:35.442,1.52221,1.52229,1.20,1.00
2014.06.26 09:42:35.645,1.52225,1.52239,1.20,1.64
2014.06.26 09:42:36.195,1.52224,1.52239,1.39,1.00
2014.06.26 09:42:36.401,1.52224,1.52235,1.20,1.00
2014.06.26 09:42:36.902,1.52223,1.52235,1.20,1.00
2014.06.26 09:42:37.471,1.52223,1.52239,1.20,1.00
2014.06.26 09:42:37.999,1.52222,1.52239,1.84,1.00
2014.06.26 09:42:38.101,1.52222,1.52234,1.84,1.00
2014.06.26 09:42:38.677,1.52222,1.52235,1.84,1.00
2014.06.26 09:42:39.108,1.52222,1.52239,1.84,1.00
2014.06.26 09:42:40.503,1.52222,1.5224,1.25,1.00
2014.06.26 09:42:41.588,1.52222,1.5224,1.19,1.00
2014.06.26 09:42:41.741,1.52222,1.52234,1.19,1.00
2014.06.26 09:42:41.949,1.52222,1.52239,1.19,1.00
2014.06.26 09:42:42.561,1.52222,1.52239,1.25,1.00
2014.06.26 09:42:44.869,1.52222,1.52239,1.25,1.38
2014.06.26 09:42:45.022,1.5222,1.52239,1.20,1.38
2014.06.26 09:42:45.124,1.5222,1.52234,1.20,1.00
2014.06.26 09:42:45.226,1.52217,1.52234,1.00,1.00
2014.06.26 09:42:45.379,1.52216,1.52229,1.84,1.00
2014.06.26 09:42:45.872,1.52218,1.52229,1.20,1.00
2014.06.26 09:42:45.923,1.52218,1.52234,1.09,1.13
2014.06.26 09:42:46.025,1.52218,1.52234,1.39,1.00
2014.06.26 09:42:46.580,1.52219,1.52234,2.03,1.38
2014.06.26 09:42:46.786,1.52214,1.52235,1.00,1.72
2014.06.26 09:42:46.888,1.52211,1.52229,1.19,1.00
2014.06.26 09:42:47.194,1.5221,1.52224,1.00,1.00
2014.06.26 09:42:47.499,1.52208,1.52224,1.00,1.19
2014.06.26 09:42:47.653,1.52206,1.52224,1.50,1.19
2014.06.26 09:42:48.176,1.52205,1.52224,1.00,1.19
2014.06.26 09:42:48.715,1.52205,1.52224,1.00,1.25
2014.06.26 09:42:49.839,1.52205,1.5222,1.20,1.00
2014.06.26 09:42:51.604,1.52202,1.52215,1.00,1.00
2014.06.26 09:42:51.656,1.522,1.52215,1.95,1.00
2014.06.26 09:42:52.164,1.522,1.52209,1.20,1.00
2014.06.26 09:42:52.215,1.52197,1.52209,1.25,1.00
2014.06.26 09:42:52.418,1.52197,1.52214,1.84,1.00
2014.06.26 09:42:52.622,1.52199,1.52214,1.00,1.00
2014.06.26 09:42:52.926,1.52199,1.5221,1.20,1.00
2014.06.26 09:42:53.079,1.52198,1.52214,1.20,1.00
2014.06.26 09:42:53.620,1.52197,1.52215,1.34,1.00
2014.06.26 09:42:54.182,1.52199,1.52214,1.19,1.00
2014.06.26 09:42:56.987,1.52196,1.52214,4.09,1.00
2014.06.26 09:42:58.022,1.52196,1.52214,3.34,1.00
2014.06.26 09:43:00.539,1.52196,1.52214,4.62,1.00
2014.06.26 09:43:06.255,1.52199,1.52214,1.25,1.00
2014.06.26 09:43:06.561,1.52201,1.52214,1.00,1.00
2014.06.26 09:43:08.980,1.52201,1.52219,1.50,1.00
2014.06.26 09:43:09.133,1.52201,1.52215,1.00,1.00
2014.06.26 09:43:09.460,1.52203,1.52215,1.00,1.00
2014.06.26 09:43:09.967,1.52202,1.52215,1.00,1.00
2014.06.26 09:43:10.629,1.522,1.52215,1.19,1.00
2014.06.26 09:43:12.838,1.52201,1.52214,1.02,1.00
2014.06.26 09:43:14.139,1.52202,1.52214,1.00,1.00
2014.06.26 09:43:14.698,1.52201,1.52214,1.02,1.00
2014.06.26 09:43:15.662,1.52202,1.52214,1.20,1.00
2014.06.26 09:43:15.814,1.52204,1.52219,1.25,1.00
2014.06.26 09:43:15.916,1.52207,1.52219,1.00,1.00
2014.06.26 09:43:16.457,1.52205,1.52219,1.00,1.00
2014.06.26 09:43:16.909,1.52208,1.5222,1.00,1.00
2014.06.26 09:43:17.112,1.52206,1.5222,1.10,1.00
2014.06.26 09:43:18.146,1.52208,1.5222,1.00,1.00
2014.06.26 09:43:18.811,1.52207,1.52219,1.00,1.00
2014.06.26 09:43:19.330,1.52205,1.5222,1.37,1.00
2014.06.26 09:43:20.158,1.52205,1.52219,1.99,1.00
2014.06.26 09:43:20.529,1.52208,1.52219,1.00,1.00
2014.06.26 09:43:20.893,1.52206,1.52219,1.02,1.00
2014.06.26 09:43:21.096,1.52209,1.52219,1.00,1.00
2014.06.26 09:43:21.607,1.5221,1.52219,1.20,1.00
2014.06.26 09:43:21.709,1.52209,1.52224,1.65,1.00
2014.06.26 09:43:22.054,1.52211,1.52224,1.00,1.00
2014.06.26 09:43:22.901,1.52211,1.52219,1.00,1.00
2014.06.26 09:43:22.952,1.52209,1.52219,1.00,1.00
2014.06.26 09:43:23.207,1.52205,1.52219,1.00,1.00
2014.06.26 09:43:23.258,1.52206,1.52214,1.20,1.00
2014.06.26 09:43:23.361,1.52207,1.52219,1.20,1.00
2014.06.26 09:43:23.564,1.52206,1.52214,1.00,1.00
2014.06.26 09:43:23.666,1.52208,1.5222,1.00,1.00
2014.06.26 09:43:23.819,1.52208,1.52219,1.38,1.00
2014.06.26 09:43:23.921,1.52213,1.52225,1.20,1.00
2014.06.26 09:43:24.125,1.52211,1.52224,1.20,1.00
2014.06.26 09:43:24.435,1.52211,1.5223,1.20,2.07
2014.06.26 09:43:24.638,1.52211,1.52224,1.20,1.00
2014.06.26 09:43:24.960,1.52213,1.52224,1.00,1.00
2014.06.26 09:43:25.468,1.52212,1.52224,1.00,1.00
2014.06.26 09:43:25.997,1.52214,1.52224,1.20,1.00
2014.06.26 09:43:26.202,1.52213,1.5223,1.20,1.00
2014.06.26 09:43:26.558,1.52216,1.52229,1.20,1.00
2014.06.26 09:43:27.179,1.52217,1.5223,1.20,1.00
2014.06.26 09:43:28.269,1.52214,1.5223,1.09,1.00
2014.06.26 09:43:28.907,1.52213,1.52229,1.19,1.00
2014.06.26 09:43:29.009,1.52212,1.52229,1.09,1.00
2014.06.26 09:43:29.400,1.52214,1.52229,1.20,1.00
2014.06.26 09:43:30.372,1.52213,1.52229,1.20,1.00
2014.06.26 09:43:30.930,1.52216,1.52229,1.20,1.00
2014.06.26 09:43:31.463,1.52217,1.52229,1.09,1.00
2014.06.26 09:43:31.666,1.52218,1.52234,1.00,1.13
2014.06.26 09:43:31.869,1.52219,1.52229,1.09,1.00
2014.06.26 09:43:32.174,1.5223,1.52244,1.20,1.00
2014.06.26 09:43:32.377,1.52231,1.52245,1.57,1.00
2014.06.26 09:43:32.631,1.52233,1.52249,1.65,1.00
2014.06.26 09:43:32.834,1.52233,1.52244,1.92,1.00
2014.06.26 09:43:33.088,1.52233,1.52249,1.02,1.00
2014.06.26 09:43:33.431,1.52237,1.52249,1.20,1.00
2014.06.26 09:43:33.533,1.52233,1.52249,1.65,1.00
2014.06.26 09:43:34.189,1.52233,1.52245,1.00,1.00
2014.06.26 09:43:34.710,1.52233,1.52244,1.00,1.00
2014.06.26 09:43:35.169,1.52234,1.5224,1.65,1.00
2014.06.26 09:43:35.373,1.52233,1.52244,1.09,1.00
2014.06.26 09:43:35.892,1.52232,1.52245,1.84,1.00
2014.06.26 09:43:36.353,1.52231,1.52244,1.09,1.00
2014.06.26 09:43:36.902,1.52232,1.52244,1.20,1.00
2014.06.26 09:43:37.932,1.52229,1.52244,1.54,1.00
2014.06.26 09:43:38.085,1.52229,1.52244,1.20,1.00
2014.06.26 09:43:38.136,1.52229,1.52239,1.20,1.00
2014.06.26 09:43:38.238,1.52226,1.52239,1.20,1.00
2014.06.26 09:43:38.749,1.52224,1.5224,1.84,1.00
2014.06.26 09:43:39.307,1.52221,1.5224,1.20,1.63
2014.06.26 09:43:39.461,1.5222,1.52234,1.20,1.00
2014.06.26 09:43:39.563,1.5222,1.52239,1.20,1.57
2014.06.26 09:43:40.097,1.52219,1.52239,1.20,2.22
2014.06.26 09:43:40.448,1.52217,1.52239,1.09,1.74
2014.06.26 09:43:41.079,1.52218,1.52239,1.20,2.22
2014.06.26 09:43:41.596,1.52219,1.52239,1.20,1.38
2014.06.26 09:43:42.099,1.5222,1.52239,1.20,1.38
2014.06.26 09:43:42.877,1.5222,1.52241,1.65,2.44
2014.06.26 09:43:42.928,1.5222,1.52234,1.20,1.00
2014.06.26 09:43:43.184,1.52221,1.52239,1.65,1.25
2014.06.26 09:43:43.591,1.52222,1.52243,1.92,1.13
2014.06.26 09:43:43.830,1.52222,1.52239,1.92,1.00
2014.06.26 09:43:44.255,1.52222,1.52239,2.29,1.00
2014.06.26 09:43:46.141,1.52225,1.52244,1.30,1.00
2014.06.26 09:43:47.715,1.52227,1.52244,1.20,1.00
2014.06.26 09:43:48.224,1.52227,1.52245,1.00,1.00
2014.06.26 09:43:48.688,1.52229,1.52249,1.39,1.00
2014.06.26 09:43:49.095,1.52227,1.52245,1.39,1.00
2014.06.26 09:43:49.883,1.52227,1.5225,1.39,1.32
2014.06.26 09:43:49.934,1.52226,1.52249,1.69,2.44
2014.06.26 09:43:50.240,1.52226,1.5224,1.00,1.38
2014.06.26 09:43:50.444,1.5222,1.52235,1.25,1.00
2014.06.26 09:43:50.757,1.52219,1.52239,1.84,1.00
2014.06.26 09:43:50.859,1.52218,1.52235,2.59,1.00
2014.06.26 09:43:51.063,1.52218,1.52235,1.25,1.00
2014.06.26 09:43:51.114,1.52216,1.52229,1.19,1.00
2014.06.26 09:43:51.419,1.52215,1.52235,1.19,1.10
2014.06.26 09:43:52.065,1.52216,1.52234,1.39,1.00
2014.06.26 09:43:52.218,1.52216,1.52229,1.84,1.00
2014.06.26 09:43:52.421,1.52216,1.52234,1.39,1.00
2014.06.26 09:43:52.956,1.52216,1.52234,1.39,1.38
2014.06.26 09:43:53.174,1.52216,1.52239,1.84,1.74
2014.06.26 09:43:53.635,1.52216,1.52235,1.09,1.00
2014.06.26 09:43:54.092,1.52216,1.52235,1.34,1.00
2014.06.26 09:43:54.906,1.52218,1.5224,1.49,2.63
2014.06.26 09:43:55.457,1.52216,1.52234,1.99,1.00
2014.06.26 09:43:55.814,1.52214,1.52229,2.44,1.00
2014.06.26 09:43:56.760,1.52214,1.52229,2.14,1.00
2014.06.26 09:43:57.882,1.52214,1.52229,1.77,1.00
2014.06.26 09:43:59.947,1.52214,1.52234,1.29,1.50
2014.06.26 09:44:00.922,1.52214,1.52234,1.19,1.00
2014.06.26 09:44:01.448,1.52216,1.52236,1.00,1.18
2014.06.26 09:44:01.651,1.52216,1.52238,1.00,1.02
2014.06.26 09:44:01.804,1.52216,1.52239,1.19,1.83
2014.06.26 09:44:02.108,1.5222,1.52239,1.20,1.08
2014.06.26 09:44:02.464,1.5222,1.52243,1.00,1.74
2014.06.26 09:44:02.974,1.5222,1.52241,1.19,1.32
2014.06.26 09:44:03.267,1.52218,1.5224,1.49,1.88
2014.06.26 09:44:03.776,1.52223,1.5224,1.20,1.20
2014.06.26 09:44:04.081,1.52226,1.52242,1.65,1.08
2014.06.26 09:44:04.233,1.52222,1.52239,1.84,1.10
2014.06.26 09:44:04.411,1.52226,1.52244,1.00,1.10
2014.06.26 09:44:05.717,1.52226,1.52241,1.25,1.00
2014.06.26 09:44:06.022,1.52221,1.5224,1.19,1.00
2014.06.26 09:44:06.073,1.52221,1.52239,1.20,1.00
2014.06.26 09:44:06.175,1.52217,1.52237,2.14,1.00
2014.06.26 09:44:06.226,1.52217,1.52237,1.57,1.00
2014.06.26 09:44:06.328,1.52217,1.52237,1.57,1.00
2014.06.26 09:44:06.481,1.52218,1.5224,1.47,2.14
2014.06.26 09:44:06.937,1.52219,1.52238,1.58,1.00
2014.06.26 09:44:07.451,1.5222,1.52239,1.32,1.00
2014.06.26 09:44:07.958,1.5222,1.5224,1.32,1.00
2014.06.26 09:44:09.149,1.52221,1.5224,1.63,1.00
2014.06.26 09:44:09.807,1.5222,1.52243,2.97,1.27
2014.06.26 09:44:10.111,1.52221,1.52243,1.67,1.00
2014.06.26 09:44:10.867,1.5222,1.52243,4.62,1.00
2014.06.26 09:44:11.149,1.52225,1.52243,1.20,1.00
2014.06.26 09:44:11.454,1.52228,1.52245,1.25,1.00
2014.06.26 09:44:11.759,1.52232,1.52248,1.00,1.13
2014.06.26 09:44:12.114,1.52232,1.52244,1.00,1.00
2014.06.26 09:44:12.216,1.52227,1.52244,1.19,1.00
2014.06.26 09:44:12.318,1.52227,1.52248,1.19,1.13
2014.06.26 09:44:12.420,1.52227,1.52248,1.19,1.00
2014.06.26 09:44:12.726,1.52225,1.52245,1.19,1.00
2014.06.26 09:44:12.828,1.52225,1.52245,1.00,1.00
2014.06.26 09:44:13.202,1.52222,1.52244,1.47,1.08
2014.06.26 09:44:13.715,1.52222,1.52242,1.39,1.10
2014.06.26 09:44:14.243,1.52221,1.52242,1.99,1.10
2014.06.26 09:44:14.549,1.52223,1.5224,1.25,1.00
2014.06.26 09:44:15.882,1.52221,1.52243,1.19,1.02
2014.06.26 09:44:16.034,1.52222,1.52243,1.19,1.10
2014.06.26 09:44:16.339,1.52221,1.52243,1.19,1.10
2014.06.26 09:44:16.547,1.52221,1.52239,1.19,1.00
2014.06.26 09:44:16.990,1.52221,1.52239,1.19,1.00
2014.06.26 09:44:17.667,1.52221,1.52239,1.19,1.00
2014.06.26 09:44:19.849,1.5222,1.52234,1.20,1.00
2014.06.26 09:44:20.205,1.5222,1.5224,1.00,1.55
2014.06.26 09:44:20.358,1.5222,1.5224,1.19,1.55
2014.06.26 09:44:20.838,1.52221,1.52245,1.39,3.64
2014.06.26 09:44:21.618,1.52221,1.52239,1.84,1.00
2014.06.26 09:44:22.457,1.52226,1.52239,1.20,1.00
2014.06.26 09:44:22.510,1.52226,1.52245,1.20,1.19
2014.06.26 09:44:22.685,1.52226,1.52244,2.59,1.00
2014.06.26 09:44:22.838,1.52227,1.52249,1.39,1.20
2014.06.26 09:44:22.890,1.52229,1.52249,1.39,1.00
2014.06.26 09:44:23.398,1.5223,1.52253,1.19,2.22
2014.06.26 09:44:23.587,1.5223,1.52249,1.39,1.00
2014.06.26 09:44:23.892,1.52233,1.52249,1.25,1.00
2014.06.26 09:44:24.146,1.52232,1.52254,1.39,1.18
2014.06.26 09:44:24.299,1.52235,1.52254,1.00,1.00
2014.06.26 09:44:24.603,1.52236,1.52258,1.84,2.59
2014.06.26 09:44:24.806,1.52236,1.52259,1.19,1.19
2014.06.26 09:44:25.174,1.52237,1.52255,1.19,1.00
2014.06.26 09:44:25.711,1.52235,1.52254,1.19,1.13
2014.06.26 09:44:25.914,1.52235,1.52254,1.00,1.13
2014.06.26 09:44:26.717,1.52234,1.52254,1.32,1.00
2014.06.26 09:44:27.329,1.52236,1.52257,1.00,1.09
2014.06.26 09:44:28.825,1.52237,1.52259,1.00,2.52
2014.06.26 09:44:29.251,1.52238,1.52259,1.19,1.28
2014.06.26 09:44:29.768,1.52238,1.52258,1.19,1.20
2014.06.26 09:44:30.182,1.52238,1.52255,1.19,1.00
2014.06.26 09:44:30.760,1.52238,1.52255,1.00,1.00
2014.06.26 09:44:31.065,1.5224,1.52254,1.00,1.00
2014.06.26 09:44:31.371,1.52231,1.52249,1.69,1.00
2014.06.26 09:44:31.422,1.52231,1.52244,1.69,1.00
2014.06.26 09:44:32.083,1.52231,1.52245,1.25,1.00
2014.06.26 09:44:32.287,1.52229,1.52245,1.00,1.00
2014.06.26 09:44:32.829,1.52228,1.52245,1.50,1.00
2014.06.26 09:44:33.356,1.52228,1.52245,1.69,1.00
2014.06.26 09:44:33.891,1.52225,1.52244,2.22,1.20
2014.06.26 09:44:34.095,1.52224,1.52244,1.00,1.84
2014.06.26 09:44:34.147,1.52222,1.5224,1.77,1.00
2014.06.26 09:44:34.656,1.52221,1.52239,2.44,1.00
2014.06.26 09:44:35.192,1.52221,1.52239,1.69,1.00
2014.06.26 09:44:35.900,1.52221,1.52235,1.00,1.00
2014.06.26 09:44:36.002,1.52218,1.52235,1.33,1.00
2014.06.26 09:44:36.187,1.52216,1.52233,1.19,1.20
2014.06.26 09:44:36.289,1.52215,1.52233,1.32,1.20
2014.06.26 09:44:36.593,1.52215,1.52235,1.32,1.13
2014.06.26 09:44:39.343,1.52215,1.52235,1.00,1.00
2014.06.26 09:44:39.707,1.52217,1.52235,1.00,1.13
2014.06.26 09:44:41.811,1.52216,1.52235,1.00,1.13
2014.06.26 09:44:42.811,1.52216,1.52237,1.50,1.62
2014.06.26 09:44:43.119,1.52217,1.52235,1.15,1.00
2014.06.26 09:44:43.635,1.5222,1.52234,1.00,1.00
2014.06.26 09:44:44.223,1.5222,1.52234,1.19,1.00
2014.06.26 09:44:45.109,1.52222,1.52234,1.00,1.00
2014.06.26 09:44:45.160,1.52222,1.5224,1.00,1.00
2014.06.26 09:44:45.365,1.52223,1.52243,1.19,1.20
2014.06.26 09:44:45.894,1.52226,1.52239,1.00,1.00
2014.06.26 09:44:46.027,1.52226,1.52244,1.00,1.65
2014.06.26 09:44:46.480,1.52228,1.52245,1.00,2.03
2014.06.26 09:44:46.731,1.52231,1.52249,1.50,1.13
2014.06.26 09:44:47.040,1.52232,1.52253,1.25,1.19
2014.06.26 09:44:47.310,1.52234,1.52253,1.00,1.19
2014.06.26 09:44:48.049,1.52234,1.52254,1.00,1.50
2014.06.26 09:44:48.588,1.52234,1.52254,1.00,1.13
2014.06.26 09:44:48.893,1.52234,1.5225,1.00,1.00
2014.06.26 09:44:48.995,1.52232,1.5225,1.13,1.13
2014.06.26 09:44:49.504,1.52228,1.52249,1.19,1.20
2014.06.26 09:44:50.283,1.52228,1.52249,1.19,1.39
2014.06.26 09:44:50.564,1.52227,1.52249,1.69,1.10
2014.06.26 09:44:50.615,1.52229,1.52249,1.08,1.00
2014.06.26 09:44:50.920,1.52235,1.52249,1.69,1.00
2014.06.26 09:44:51.333,1.52233,1.52254,2.44,1.10
2014.06.26 09:44:51.656,1.52233,1.52249,2.44,1.13
2014.06.26 09:44:51.707,1.52233,1.52249,1.00,1.13
2014.06.26 09:44:51.809,1.52231,1.52253,1.50,1.94
2014.06.26 09:44:52.063,1.52233,1.52253,1.00,1.94
2014.06.26 09:44:52.165,1.52231,1.5225,1.00,1.38
2014.06.26 09:44:52.825,1.52231,1.52249,1.00,1.48
2014.06.26 09:44:53.459,1.52231,1.52244,1.00,1.00
2014.06.26 09:44:53.970,1.52229,1.52244,1.69,1.00
2014.06.26 09:44:54.240,1.52229,1.52248,1.69,1.28
2014.06.26 09:44:54.552,1.52229,1.52245,1.69,1.00
2014.06.26 09:44:56.327,1.52229,1.52244,1.00,1.00
2014.06.26 09:44:57.027,1.52227,1.52244,1.19,1.00
2014.06.26 09:44:57.541,1.52229,1.52244,1.00,1.00
2014.06.26 09:44:58.115,1.52229,1.52245,1.00,1.00
2014.06.26 09:44:58.318,1.52229,1.52248,1.00,1.47
2014.06.26 09:44:58.521,1.52229,1.52245,1.00,1.00
2014.06.26 09:45:00.716,1.52229,1.5224,1.00,1.00
2014.06.26 09:45:01.186,1.52231,1.52245,1.00,1.13
2014.06.26 09:45:01.289,1.52228,1.52245,1.00,1.13
2014.06.26 09:45:01.543,1.52228,1.52245,1.00,1.70
2014.06.26 09:45:01.594,1.52226,1.52245,1.00,1.78
2014.06.26 09:45:01.907,1.52224,1.52245,1.00,1.77
2014.06.26 09:45:02.162,1.52224,1.52244,1.00,1.72
2014.06.26 09:45:03.007,1.52221,1.52244,1.25,1.72
2014.06.26 09:45:03.364,1.52226,1.52244,1.00,1.72
2014.06.26 09:45:03.877,1.52225,1.5224,1.00,1.25
2014.06.26 09:45:04.795,1.52225,1.52244,1.00,1.72
2014.06.26 09:45:05.751,1.52226,1.52245,1.20,2.14
2014.06.26 09:45:05.947,1.52226,1.52245,1.20,2.14
2014.06.26 09:45:06.459,1.52225,1.52245,1.50,1.39
2014.06.26 09:45:07.122,1.52223,1.52243,1.65,1.57
2014.06.26 09:45:07.634,1.52224,1.52243,1.00,1.57
2014.06.26 09:45:09.087,1.52223,1.5224,1.00,1.38
2014.06.26 09:45:10.537,1.52224,1.52239,1.00,1.38
2014.06.26 09:45:10.877,1.52223,1.52234,1.00,1.00
2014.06.26 09:45:11.103,1.52223,1.52239,1.00,1.38
2014.06.26 09:45:11.607,1.52223,1.52235,1.00,1.00
2014.06.26 09:45:12.277,1.52223,1.52234,1.00,1.00
2014.06.26 09:45:12.939,1.52223,1.52235,1.00,1.00
2014.06.26 09:45:14.367,1.52223,1.52239,1.00,1.38
2014.06.26 09:45:14.922,1.52223,1.52239,1.00,1.25
2014.06.26 09:45:15.358,1.52223,1.52235,1.00,1.00
2014.06.26 09:45:17.231,1.52225,1.52234,1.00,1.00
2014.06.26 09:45:17.371,1.52225,1.5224,1.00,2.97
2014.06.26 09:45:17.426,1.52219,1.5224,1.00,2.97
2014.06.26 09:45:17.681,1.52219,1.52234,1.00,1.00
2014.06.26 09:45:17.987,1.52219,1.52229,1.00,1.00
2014.06.26 09:45:18.342,1.52219,1.52234,1.00,1.00
2014.06.26 09:45:19.661,1.52219,1.52229,1.00,1.00
2014.06.26 09:45:19.864,1.52219,1.52235,1.00,1.10
2014.06.26 09:45:20.068,1.52217,1.52235,1.00,1.10
2014.06.26 09:45:20.262,1.52219,1.52235,1.00,1.10
2014.06.26 09:45:21.114,1.52219,1.52234,1.00,1.00
2014.06.26 09:45:21.617,1.52219,1.52237,1.00,1.47
2014.06.26 09:45:22.940,1.52219,1.52234,1.00,1.00
2014.06.26 09:45:25.879,1.52218,1.5223,1.00,1.00
2014.06.26 09:45:26.235,1.52218,1.52224,1.00,1.00
2014.06.26 09:45:26.336,1.52216,1.52224,1.00,1.00
2014.06.26 09:45:26.642,1.52215,1.52222,1.00,1.00
2014.06.26 09:45:26.847,1.52208,1.52219,1.00,1.00
2014.06.26 09:45:27.379,1.52208,1.5222,1.00,1.00
2014.06.26 09:45:27.532,1.52204,1.52219,1.38,1.00
2014.06.26 09:45:27.856,1.52202,1.52219,2.44,1.00
2014.06.26 09:45:28.263,1.52201,1.5222,1.00,1.38
2014.06.26 09:45:28.314,1.52201,1.52221,1.00,1.57
2014.06.26 09:45:28.619,1.52198,1.52214,1.20,1.00
2014.06.26 09:45:29.382,1.52198,1.52219,1.25,2.22
2014.06.26 09:45:31.136,1.52198,1.52214,1.25,1.00
2014.06.26 09:45:31.295,1.52198,1.52219,1.25,1.57
2014.06.26 09:45:31.447,1.52198,1.52219,1.19,1.38
2014.06.26 09:45:31.753,1.52204,1.52224,1.25,1.25
2014.06.26 09:45:32.383,1.52205,1.52224,1.00,1.25
2014.06.26 09:45:32.945,1.52205,1.52225,1.00,1.47
2014.06.26 09:45:33.346,1.52205,1.52219,1.00,1.00
2014.06.26 09:45:33.886,1.52205,1.52224,1.00,1.00
2014.06.26 09:45:34.248,1.52205,1.5222,1.00,1.00
2014.06.26 09:45:34.590,1.52205,1.52223,1.00,1.09
2014.06.26 09:45:34.889,1.52204,1.52219,1.00,1.00
2014.06.26 09:45:35.099,1.52204,1.52224,1.00,1.39
2014.06.26 09:45:37.416,1.52205,1.52224,1.00,1.39
2014.06.26 09:45:37.850,1.52207,1.52223,1.00,1.09
2014.06.26 09:45:38.478,1.52207,1.52225,1.00,1.28
2014.06.26 09:45:39.101,1.52207,1.5222,1.00,1.00
2014.06.26 09:45:39.408,1.52204,1.5222,1.25,1.00
2014.06.26 09:45:39.932,1.52205,1.52219,1.00,1.00
2014.06.26 09:45:39.983,1.52205,1.52224,1.00,1.25
2014.06.26 09:45:40.531,1.52205,1.52224,1.00,1.38
2014.06.26 09:45:42.840,1.52206,1.52224,1.20,1.38
2014.06.26 09:45:43.171,1.52205,1.52224,1.00,1.38
2014.06.26 09:45:43.478,1.52203,1.52214,1.10,1.00
2014.06.26 09:45:43.683,1.522,1.52215,1.18,1.00
2014.06.26 09:45:44.217,1.52201,1.52214,1.10,1.00
2014.06.26 09:45:44.483,1.52201,1.5222,1.10,1.32
2014.06.26 09:45:44.585,1.52203,1.5222,1.00,1.19
2014.06.26 09:45:44.839,1.52204,1.5222,1.00,1.00
2014.06.26 09:45:44.890,1.52204,1.52215,1.00,1.00
2014.06.26 09:45:45.042,1.52205,1.5222,1.00,1.00
2014.06.26 09:45:45.550,1.52203,1.52215,1.18,1.00
2014.06.26 09:45:45.810,1.52205,1.52219,1.20,1.00
2014.06.26 09:45:46.336,1.52206,1.52219,1.65,1.00
2014.06.26 09:45:46.438,1.52209,1.5222,1.00,1.00
2014.06.26 09:45:48.516,1.52206,1.5222,1.84,1.00
2014.06.26 09:45:48.626,1.52206,1.52215,1.84,1.00
2014.06.26 09:45:49.157,1.52207,1.52214,1.00,1.00
2014.06.26 09:45:49.461,1.52209,1.52214,1.00,1.00
2014.06.26 09:45:49.512,1.52206,1.52214,1.00,1.00
2014.06.26 09:45:49.617,1.52206,1.5222,1.00,1.00
2014.06.26 09:45:49.871,1.52209,1.52225,1.00,1.00
2014.06.26 09:45:50.078,1.52212,1.52224,1.00,1.00
2014.06.26 09:45:50.282,1.52209,1.52224,1.18,1.00
2014.06.26 09:45:50.435,1.52209,1.5222,1.08,1.00
2014.06.26 09:45:50.964,1.52209,1.5222,1.00,1.00
2014.06.26 09:45:51.509,1.52208,1.5222,1.10,1.00
2014.06.26 09:45:51.661,1.52208,1.52224,1.10,1.00
2014.06.26 09:45:52.678,1.52205,1.52225,1.39,1.13
2014.06.26 09:45:52.740,1.52205,1.52225,1.39,1.50
2014.06.26 09:45:52.792,1.52205,1.52225,1.20,2.44
2014.06.26 09:45:52.843,1.52205,1.52225,1.10,1.77
2014.06.26 09:45:52.894,1.52205,1.52215,1.00,1.00
2014.06.26 09:45:52.955,1.52201,1.52215,1.00,1.00
2014.06.26 09:45:53.159,1.52197,1.52215,1.30,1.00
2014.06.26 09:45:53.312,1.52196,1.52209,1.20,1.00
2014.06.26 09:45:53.668,1.52196,1.52214,1.00,1.19
2014.06.26 09:45:53.719,1.52196,1.52214,1.65,1.00
2014.06.26 09:45:54.286,1.52197,1.52214,1.20,1.00
2014.06.26 09:45:54.489,1.52199,1.52214,1.20,1.00
2014.06.26 09:45:55.006,1.52199,1.52215,1.38,1.00
2014.06.26 09:45:55.158,1.52197,1.52214,2.67,1.00
2014.06.26 09:45:55.565,1.52191,1.52215,2.40,1.38
2014.06.26 09:45:55.616,1.52191,1.52209,3.15,1.00
2014.06.26 09:45:55.718,1.52191,1.52209,1.00,1.13
2014.06.26 09:45:56.227,1.52191,1.52209,1.19,1.00
2014.06.26 09:45:56.864,1.52192,1.52214,1.09,1.32
2014.06.26 09:45:56.915,1.52194,1.52214,1.09,1.13
2014.06.26 09:45:57.229,1.52202,1.52219,1.20,1.00
2014.06.26 09:45:57.738,1.52202,1.5222,1.00,1.00
2014.06.26 09:45:58.247,1.52201,1.5222,1.25,1.00
2014.06.26 09:45:58.770,1.52202,1.5222,1.00,1.00
2014.06.26 09:45:59.079,1.52203,1.52215,1.00,1.00
2014.06.26 09:45:59.232,1.52198,1.52215,1.00,1.00
2014.06.26 09:45:59.435,1.52195,1.52214,1.19,1.00
2014.06.26 09:45:59.948,1.52195,1.52214,1.00,1.02
2014.06.26 09:46:00.419,1.52195,1.5221,1.00,1.00
2014.06.26 09:46:00.573,1.52195,1.52214,1.00,1.63
2014.06.26 09:46:01.035,1.52194,1.52214,1.00,1.25
2014.06.26 09:46:01.086,1.52196,1.52214,1.00,1.25
2014.06.26 09:46:01.549,1.52196,1.52215,1.00,1.63
2014.06.26 09:46:01.752,1.52193,1.52215,1.19,1.63
2014.06.26 09:46:02.007,1.52193,1.52215,1.19,1.63
2014.06.26 09:46:02.413,1.52194,1.52212,1.00,1.74
2014.06.26 09:46:02.567,1.52193,1.52211,1.20,1.68
2014.06.26 09:46:02.822,1.52193,1.52211,1.20,1.25
2014.06.26 09:46:03.190,1.52195,1.52217,1.00,1.77
2014.06.26 09:46:03.710,1.52196,1.52217,1.65,1.72
2014.06.26 09:46:03.972,1.52198,1.52218,1.00,2.07
2014.06.26 09:46:04.259,1.522,1.52218,1.00,2.07
2014.06.26 09:46:04.812,1.52201,1.52218,1.00,2.07
2014.06.26 09:46:05.426,1.522,1.52218,1.00,2.07
2014.06.26 09:46:06.044,1.52201,1.52218,1.00,2.07
2014.06.26 09:46:06.399,1.52201,1.52218,1.00,2.07
2014.06.26 09:46:06.916,1.522,1.52218,1.00,2.07
2014.06.26 09:46:07.265,1.52202,1.52218,1.00,2.07
2014.06.26 09:46:07.479,1.52199,1.52217,1.00,1.77
2014.06.26 09:46:08.021,1.522,1.52218,1.00,2.97
2014.06.26 09:46:08.124,1.522,1.52218,1.00,2.97
2014.06.26 09:46:08.637,1.52202,1.52218,1.00,2.07
2014.06.26 09:46:09.145,1.52201,1.52218,1.00,2.07
2014.06.26 09:46:09.652,1.52198,1.52218,1.00,2.17
2014.06.26 09:46:09.956,1.522,1.52219,1.00,2.82
2014.06.26 09:46:12.099,1.522,1.52219,1.00,2.82
2014.06.26 09:46:12.151,1.52203,1.52219,1.00,2.82
2014.06.26 09:46:12.456,1.52203,1.52223,1.00,1.64
2014.06.26 09:46:12.701,1.52206,1.52226,1.00,1.72
2014.06.26 09:46:13.007,1.52208,1.52223,1.00,1.58
2014.06.26 09:46:13.059,1.52205,1.52223,1.00,1.68
2014.06.26 09:46:13.161,1.52201,1.52225,1.34,2.97
2014.06.26 09:46:13.467,1.52206,1.52224,1.00,1.38
2014.06.26 09:46:13.976,1.52207,1.52225,1.00,2.37
2014.06.26 09:46:14.484,1.52206,1.52225,1.00,3.12
2014.06.26 09:46:14.788,1.52204,1.52223,1.00,1.47
2014.06.26 09:46:15.879,1.52204,1.52224,1.00,1.67
2014.06.26 09:46:16.882,1.52204,1.52224,1.00,1.87
2014.06.26 09:46:18.414,1.52204,1.52221,1.00,1.00
2014.06.26 09:46:18.516,1.522,1.5222,1.25,1.13
2014.06.26 09:46:19.023,1.52201,1.5222,1.00,2.97
2014.06.26 09:46:19.603,1.52201,1.5222,1.50,1.25
2014.06.26 09:46:19.654,1.52204,1.52221,1.00,1.32
2014.06.26 09:46:19.959,1.52206,1.5222,1.00,1.47
2014.06.26 09:46:20.119,1.52201,1.5222,1.00,1.09
2014.06.26 09:46:20.643,1.522,1.52221,1.25,1.57
2014.06.26 09:46:21.203,1.52201,1.5222,1.00,1.39
2014.06.26 09:46:21.559,1.52198,1.52219,1.19,1.32
2014.06.26 09:46:21.929,1.52196,1.52219,2.52,1.32
2014.06.26 09:46:22.287,1.52196,1.52217,1.77,1.00
2014.06.26 09:46:22.490,1.52196,1.5222,1.29,3.12
2014.06.26 09:46:22.694,1.52201,1.5222,1.00,1.67
2014.06.26 09:46:23.217,1.52201,1.5222,1.00,2.29
2014.06.26 09:46:23.749,1.522,1.5222,1.00,1.67
2014.06.26 09:46:24.289,1.522,1.5222,1.00,1.39
2014.06.26 09:46:24.593,1.52198,1.52219,1.25,1.28
2014.06.26 09:46:24.898,1.522,1.52218,1.00,1.37
2014.06.26 09:46:25.313,1.52197,1.52217,1.00,1.49
2014.06.26 09:46:25.954,1.52196,1.52218,1.19,1.37
2014.06.26 09:46:27.845,1.52197,1.52219,1.19,1.72
2014.06.26 09:46:28.048,1.52197,1.52215,1.00,1.25
2014.06.26 09:46:28.560,1.52195,1.52219,1.69,1.92
2014.06.26 09:46:28.763,1.52198,1.52219,1.00,2.37
2014.06.26 09:46:29.076,1.52201,1.5222,1.00,1.77
2014.06.26 09:46:29.230,1.52201,1.5222,1.00,1.39
2014.06.26 09:46:29.738,1.52203,1.52219,1.00,1.84
2014.06.26 09:46:30.631,1.52204,1.52219,1.00,1.20
2014.06.26 09:46:30.885,1.52204,1.52221,1.00,1.47
2014.06.26 09:46:31.398,1.52203,1.52221,1.00,1.47
2014.06.26 09:46:31.500,1.52206,1.52221,1.00,1.47
2014.06.26 09:46:31.703,1.52201,1.52221,1.69,1.47
2014.06.26 09:46:31.935,1.52204,1.52221,1.00,1.28
2014.06.26 09:46:32.517,1.52202,1.52221,1.25,1.28
2014.06.26 09:46:32.922,1.52206,1.52221,1.00,1.28
2014.06.26 09:46:33.024,1.52203,1.52221,1.00,1.28
2014.06.26 09:46:33.516,1.52203,1.52221,1.00,1.58
2014.06.26 09:46:33.886,1.52205,1.52221,1.00,1.47
2014.06.26 09:46:34.230,1.52206,1.52216,1.00,1.20
2014.06.26 09:46:34.739,1.52206,1.52217,1.00,1.20
2014.06.26 09:46:35.369,1.52206,1.52218,1.00,1.20
2014.06.26 09:46:35.905,1.52206,1.52217,1.00,1.20
2014.06.26 09:46:36.544,1.52205,1.52217,1.00,1.20
2014.06.26 09:46:36.646,1.52202,1.52217,1.00,1.20
2014.06.26 09:46:36.697,1.52202,1.52219,1.00,1.28
2014.06.26 09:46:36.852,1.52205,1.52219,1.00,1.28
2014.06.26 09:46:37.417,1.52206,1.52221,1.00,2.14
2014.06.26 09:46:37.921,1.52206,1.5222,1.00,1.28
2014.06.26 09:46:38.649,1.52205,1.5222,1.00,1.20
2014.06.26 09:46:39.156,1.52204,1.52221,1.00,1.28
2014.06.26 09:46:39.462,1.52206,1.5222,1.00,1.20
2014.06.26 09:46:40.712,1.52207,1.5222,1.00,1.20
2014.06.26 09:46:43.064,1.52207,1.52224,1.00,1.38
2014.06.26 09:46:43.127,1.5221,1.52228,1.00,1.84
2014.06.26 09:46:43.178,1.52216,1.52231,1.00,1.83
2014.06.26 09:46:43.635,1.52217,1.52235,1.00,2.67
2014.06.26 09:46:43.742,1.52218,1.52235,1.00,2.29
2014.06.26 09:46:44.263,1.52217,1.52235,1.00,2.29
2014.06.26 09:46:44.854,1.52216,1.52235,1.00,2.29
2014.06.26 09:46:46.984,1.5222,1.52235,1.00,1.67
2014.06.26 09:46:47.528,1.5222,1.52235,1.00,1.02
2014.06.26 09:46:48.038,1.52221,1.52239,1.00,2.44
2014.06.26 09:46:48.191,1.52222,1.52239,1.00,1.62
2014.06.26 09:46:48.700,1.52223,1.5224,1.00,1.54
2014.06.26 09:46:49.474,1.52223,1.52242,1.00,1.77
2014.06.26 09:46:49.998,1.52222,1.52244,1.00,3.12
2014.06.26 09:46:50.303,1.52226,1.52243,1.00,1.54
2014.06.26 09:46:50.506,1.52226,1.52248,1.00,2.37
2014.06.26 09:46:50.658,1.5223,1.52249,1.00,2.07
2014.06.26 09:46:50.709,1.5223,1.52249,1.25,1.13
2014.06.26 09:46:50.912,1.52232,1.52252,1.00,2.14
2014.06.26 09:46:51.320,1.52236,1.52251,1.00,1.20
2014.06.26 09:46:51.823,1.52236,1.52252,1.00,2.03
2014.06.26 09:46:53.079,1.52235,1.52252,1.50,2.03
2014.06.26 09:46:53.473,1.52235,1.52247,1.50,1.20
2014.06.26 09:46:53.660,1.52236,1.5225,1.00,1.20
2014.06.26 09:46:53.746,1.52236,1.52257,1.00,1.39
2014.06.26 09:46:53.798,1.52237,1.52257,1.10,1.13
2014.06.26 09:46:53.850,1.5224,1.52254,1.00,1.20
2014.06.26 09:46:53.952,1.5224,1.5226,1.10,1.20
2014.06.26 09:46:54.207,1.52243,1.52254,1.00,1.20
2014.06.26 09:46:54.465,1.5224,1.52254,1.10,1.20
2014.06.26 09:46:54.876,1.52241,1.52257,1.00,1.20
2014.06.26 09:46:54.978,1.52241,1.5226,1.27,1.20
2014.06.26 09:46:55.607,1.52242,1.52257,1.00,1.20
2014.06.26 09:46:56.120,1.52241,1.52256,1.50,1.20
2014.06.26 09:46:56.929,1.5224,1.52252,1.00,1.20
2014.06.26 09:46:56.980,1.52238,1.52252,1.25,1.20
2014.06.26 09:46:57.183,1.52236,1.52252,1.00,1.20
2014.06.26 09:46:57.691,1.52236,1.52251,1.00,1.20
2014.06.26 09:46:57.742,1.52237,1.52251,1.13,1.20
2014.06.26 09:46:58.251,1.52237,1.52252,1.32,1.20
2014.06.26 09:46:58.303,1.52236,1.52252,1.69,1.20
2014.06.26 09:46:58.405,1.52233,1.52252,1.25,1.20
2014.06.26 09:46:59.106,1.52235,1.52252,1.00,1.20
2014.06.26 09:46:59.437,1.52231,1.52249,3.64,1.00
2014.06.26 09:46:59.743,1.52241,1.52256,1.50,1.20
2014.06.26 09:47:00.149,1.52241,1.52258,1.00,1.20
2014.06.26 09:47:00.313,1.52241,1.52255,1.00,1.00
2014.06.26 09:47:00.824,1.52242,1.52259,1.00,1.65
2014.06.26 09:47:01.230,1.52242,1.52257,1.25,1.20
2014.06.26 09:47:01.848,1.52242,1.52255,1.25,1.00
2014.06.26 09:47:02.729,1.52242,1.52257,1.00,1.20
2014.06.26 09:47:03.994,1.52243,1.52257,1.00,1.20
2014.06.26 09:47:04.248,1.52241,1.52257,1.50,1.20
2014.06.26 09:47:04.797,1.52242,1.52257,1.00,1.20
2014.06.26 09:47:04.849,1.52242,1.52253,1.00,1.20
2014.06.26 09:47:05.103,1.52238,1.52253,1.00,1.20
2014.06.26 09:47:05.638,1.52237,1.52252,1.25,1.20
2014.06.26 09:47:06.145,1.52236,1.52251,1.00,1.20
2014.06.26 09:47:06.196,1.52236,1.52253,1.00,1.20
2014.06.26 09:47:06.399,1.52236,1.52251,1.00,1.20
2014.06.26 09:47:06.874,1.52235,1.52249,1.00,1.20
2014.06.26 09:47:07.235,1.52232,1.52249,1.77,1.20
2014.06.26 09:47:07.751,1.52234,1.5225,1.00,1.00
2014.06.26 09:47:08.157,1.52232,1.5225,1.25,1.00
2014.06.26 09:47:08.643,1.52231,1.52244,1.19,1.00
2014.06.26 09:47:09.175,1.52233,1.52244,1.32,1.00
2014.06.26 09:47:09.226,1.52233,1.5225,1.32,1.00
2014.06.26 09:47:09.429,1.52235,1.52254,1.69,1.00
2014.06.26 09:47:09.481,1.5224,1.52254,1.00,1.00
2014.06.26 09:47:09.888,1.5224,1.5225,1.00,1.00
2014.06.26 09:47:09.939,1.52237,1.5225,1.25,1.00
2014.06.26 09:47:10.446,1.52234,1.52249,1.94,1.00
2014.06.26 09:47:10.992,1.52234,1.52249,2.00,1.00
2014.06.26 09:47:11.044,1.52234,1.52249,1.25,1.00
2014.06.26 09:47:11.095,1.52234,1.52244,1.00,1.00
2014.06.26 09:47:11.603,1.52227,1.52245,1.47,1.00
2014.06.26 09:47:11.705,1.52226,1.52245,1.35,1.25
2014.06.26 09:47:12.221,1.52228,1.52244,1.00,1.00
2014.06.26 09:47:12.424,1.52228,1.52249,1.00,1.39
2014.06.26 09:47:12.880,1.5223,1.52249,1.00,2.14
2014.06.26 09:47:13.202,1.52226,1.52249,1.39,1.39
2014.06.26 09:47:13.405,1.52226,1.52245,1.32,1.00
2014.06.26 09:47:13.928,1.52225,1.52244,1.57,1.00
2014.06.26 09:47:14.436,1.52225,1.52245,1.00,1.27
2014.06.26 09:47:14.740,1.52222,1.52244,1.63,1.02
2014.06.26 09:47:16.081,1.52222,1.52243,1.25,1.99
2014.06.26 09:47:16.630,1.52222,1.52243,1.25,1.47
2014.06.26 09:47:17.155,1.52221,1.52243,1.69,1.62
2014.06.26 09:47:17.461,1.52221,1.52239,1.00,1.13
2014.06.26 09:47:17.788,1.5222,1.5224,1.29,1.00
2014.06.26 09:47:17.890,1.52225,1.52243,1.00,1.25
2014.06.26 09:47:17.941,1.52225,1.52245,1.25,1.13
2014.06.26 09:47:18.043,1.52227,1.52245,1.00,1.13
2014.06.26 09:47:18.563,1.52226,1.52247,1.50,1.47
2014.06.26 09:47:20.264,1.52226,1.52245,1.50,1.58
2014.06.26 09:47:20.570,1.5222,1.52243,2.07,2.29
2014.06.26 09:47:21.238,1.52221,1.52243,1.57,2.37
2014.06.26 09:47:22.580,1.52221,1.52243,1.25,3.12
2014.06.26 09:47:23.382,1.5222,1.5224,1.00,1.38
2014.06.26 09:47:23.916,1.52221,1.52239,1.00,1.25
2014.06.26 09:47:23.967,1.52221,1.52244,1.19,1.47
2014.06.26 09:47:24.070,1.52224,1.52244,1.00,1.32
2014.06.26 09:47:24.172,1.52226,1.52247,1.10,1.84
2014.06.26 09:47:24.224,1.52228,1.52249,1.08,1.99
2014.06.26 09:47:24.276,1.52228,1.52249,1.34,1.05
2014.06.26 09:47:24.378,1.52228,1.52249,1.84,1.00
2014.06.26 09:47:24.480,1.52231,1.52254,1.84,1.63
2014.06.26 09:47:25.123,1.52235,1.52254,1.25,1.38
2014.06.26 09:47:25.978,1.52234,1.52254,1.00,1.57
2014.06.26 09:47:26.324,1.52233,1.52253,1.00,1.47
2014.06.26 09:47:26.478,1.52231,1.52252,1.69,1.58
2014.06.26 09:47:26.782,1.5223,1.52249,1.00,1.63
2014.06.26 09:47:27.087,1.52228,1.52249,1.00,2.59
2014.06.26 09:47:29.244,1.52228,1.52243,1.00,1.20
2014.06.26 09:47:29.398,1.52226,1.52243,1.69,1.20
2014.06.26 09:47:30.071,1.52225,1.52244,1.19,1.65
2014.06.26 09:47:30.776,1.52225,1.52244,1.00,1.65
2014.06.26 09:47:31.908,1.52226,1.52244,1.00,1.00
2014.06.26 09:47:32.477,1.52225,1.52244,1.00,1.84
2014.06.26 09:47:33.457,1.52224,1.52244,1.25,1.09
2014.06.26 09:47:34.078,1.52224,1.52244,1.00,1.39
2014.06.26 09:47:34.618,1.52221,1.52244,1.19,2.37
2014.06.26 09:47:34.815,1.52221,1.52244,1.25,2.37
2014.06.26 09:47:34.917,1.5222,1.52244,1.69,1.94
2014.06.26 09:47:35.221,1.52221,1.52239,1.00,1.00
2014.06.26 09:47:35.753,1.52221,1.52242,1.00,1.57
2014.06.26 09:47:36.270,1.5222,1.52242,1.69,1.57
2014.06.26 09:47:37.049,1.52221,1.52242,1.00,2.22
2014.06.26 09:47:38.292,1.52221,1.52242,1.58,1.84
2014.06.26 09:47:38.603,1.52225,1.52241,1.00,1.20
2014.06.26 09:47:39.164,1.52226,1.52245,1.00,1.92
2014.06.26 09:47:39.216,1.52226,1.52245,1.00,1.92
2014.06.26 09:47:43.150,1.52226,1.52244,1.00,1.62
2014.06.26 09:47:43.344,1.52222,1.52244,1.19,2.37
2014.06.26 09:47:44.155,1.52222,1.52244,1.00,2.37
2014.06.26 09:47:45.172,1.52222,1.52244,1.00,2.22
2014.06.26 09:47:45.418,1.52226,1.52244,1.00,1.77
2014.06.26 09:47:45.521,1.52222,1.52245,1.00,2.97
2014.06.26 09:47:46.028,1.52221,1.52242,1.88,1.32
2014.06.26 09:47:46.080,1.52221,1.52244,1.13,1.64
2014.06.26 09:47:46.131,1.52223,1.52244,1.50,1.64
2014.06.26 09:47:46.435,1.52226,1.52242,1.00,1.13
2014.06.26 09:47:48.383,1.52225,1.52242,1.00,1.00
2014.06.26 09:47:49.497,1.52225,1.52242,1.00,1.38
2014.06.26 09:47:49.600,1.52222,1.52242,1.00,2.10
2014.06.26 09:47:49.702,1.5222,1.52241,2.07,1.35
2014.06.26 09:47:49.753,1.5222,1.52239,2.07,1.20
2014.06.26 09:47:50.295,1.52221,1.52239,1.00,1.62
2014.06.26 09:47:50.865,1.5222,1.5224,1.50,1.92
2014.06.26 09:47:51.576,1.5222,1.5224,1.50,1.92
2014.06.26 09:47:52.824,1.52221,1.5224,1.00,1.92
2014.06.26 09:47:53.594,1.5222,1.52237,1.50,1.20
2014.06.26 09:47:53.899,1.52218,1.52238,1.25,1.09
2014.06.26 09:47:54.151,1.52217,1.52236,1.13,1.20
2014.06.26 09:47:54.673,1.52217,1.52239,1.13,1.62
2014.06.26 09:47:55.219,1.52217,1.52239,1.13,1.62
2014.06.26 09:47:56.243,1.52225,1.52239,1.00,1.62
2014.06.26 09:47:56.447,1.52222,1.52239,1.00,1.18
2014.06.26 09:47:56.498,1.52222,1.52239,1.00,1.10
2014.06.26 09:47:56.855,1.5222,1.52242,1.50,1.78
2014.06.26 09:47:57.120,1.52221,1.52239,1.50,1.28
2014.06.26 09:47:57.425,1.52221,1.52239,1.00,1.47
2014.06.26 09:47:58.679,1.52221,1.52239,1.00,1.47
2014.06.26 09:47:59.614,1.52217,1.5224,1.00,3.12
2014.06.26 09:48:00.144,1.52217,1.52237,1.00,1.39
2014.06.26 09:48:00.676,1.52216,1.52238,1.69,3.04
2014.06.26 09:48:00.931,1.52216,1.52238,1.69,4.17
2014.06.26 09:48:01.494,1.52215,1.52234,1.00,1.13
2014.06.26 09:48:02.047,1.52214,1.52234,1.00,1.13
2014.06.26 09:48:02.633,1.52214,1.52234,1.00,1.32
2014.06.26 09:48:02.983,1.52213,1.52225,1.00,1.13
2014.06.26 09:48:03.085,1.52208,1.52225,1.00,1.50
2014.06.26 09:48:03.187,1.52208,1.52224,1.00,1.84
2014.06.26 09:48:03.390,1.52206,1.52224,1.50,1.99
2014.06.26 09:48:03.492,1.52206,1.5222,1.00,1.00
2014.06.26 09:48:03.563,1.52206,1.52224,1.50,1.99
2014.06.26 09:48:05.331,1.52206,1.52224,1.50,1.00
2014.06.26 09:48:05.586,1.52208,1.52225,1.00,1.25
2014.06.26 09:48:09.233,1.52207,1.52225,1.00,1.00
2014.06.26 09:48:10.325,1.52205,1.52225,1.69,1.00
2014.06.26 09:48:10.629,1.52207,1.52229,1.00,1.92
2014.06.26 09:48:10.680,1.52207,1.52229,1.19,1.62
2014.06.26 09:48:10.782,1.52209,1.52229,1.25,1.54
2014.06.26 09:48:11.663,1.52209,1.52229,1.19,1.20
2014.06.26 09:48:12.217,1.52211,1.5223,1.00,1.62
2014.06.26 09:48:12.722,1.5221,1.52232,1.25,1.02
2014.06.26 09:48:13.224,1.52211,1.52232,1.00,1.02
2014.06.26 09:48:13.553,1.52216,1.52232,1.00,1.02
2014.06.26 09:48:14.579,1.52215,1.52232,1.00,1.92
2014.06.26 09:48:15.090,1.52216,1.52232,1.00,1.92
2014.06.26 09:48:16.448,1.5221,1.52232,1.00,2.67
2014.06.26 09:48:16.500,1.5221,1.5223,1.00,1.94
2014.06.26 09:48:16.777,1.52212,1.5223,1.00,1.30
2014.06.26 09:48:16.829,1.52212,1.52232,1.00,1.17
2014.06.26 09:48:16.880,1.52216,1.52232,1.00,1.09
2014.06.26 09:48:16.932,1.52216,1.52236,1.50,2.29
2014.06.26 09:48:17.468,1.52217,1.52236,1.00,1.57
2014.06.26 09:48:18.010,1.52217,1.52238,1.00,1.62
2014.06.26 09:48:18.529,1.52217,1.52238,1.00,1.62
2014.06.26 09:48:20.615,1.52217,1.52228,1.00,1.00
2014.06.26 09:48:20.666,1.52213,1.52228,1.20,1.00
2014.06.26 09:48:20.717,1.52213,1.52229,1.10,1.48
2014.06.26 09:48:21.022,1.5221,1.52223,1.00,1.20
2014.06.26 09:48:21.126,1.52206,1.52223,1.00,1.20
2014.06.26 09:48:21.692,1.52206,1.52224,1.00,1.65
2014.06.26 09:48:22.844,1.52206,1.52224,1.69,1.65
2014.06.26 09:48:23.351,1.52206,1.52224,1.69,1.20
2014.06.26 09:48:23.605,1.52207,1.52226,1.29,1.20
2014.06.26 09:48:23.933,1.52209,1.52224,1.00,1.20
2014.06.26 09:48:25.085,1.52211,1.52224,1.00,1.20
2014.06.26 09:48:25.186,1.52209,1.52224,1.25,1.20
2014.06.26 09:48:25.860,1.5221,1.52224,1.00,1.20
2014.06.26 09:48:26.464,1.5221,1.52224,1.19,1.20
2014.06.26 09:48:27.127,1.52211,1.5223,2.44,1.20
2014.06.26 09:48:27.178,1.52211,1.5223,2.44,1.20
2014.06.26 09:48:27.484,1.52216,1.52231,1.00,1.20
2014.06.26 09:48:27.688,1.52221,1.52237,1.00,1.09
2014.06.26 09:48:27.891,1.52218,1.52233,1.25,1.20
2014.06.26 09:48:28.481,1.52217,1.52232,1.25,1.20
2014.06.26 09:48:29.221,1.52213,1.52229,1.00,1.30
2014.06.26 09:48:29.476,1.52211,1.52227,1.00,1.00
2014.06.26 09:48:29.984,1.52208,1.52226,1.19,1.28
2014.06.26 09:48:30.496,1.52211,1.52226,1.00,1.28
2014.06.26 09:48:30.849,1.52211,1.52223,1.00,1.20
2014.06.26 09:48:31.205,1.52209,1.52226,1.19,1.28
2014.06.26 09:48:31.926,1.52209,1.52226,1.00,1.28
2014.06.26 09:48:32.608,1.52209,1.52224,1.25,1.20
2014.06.26 09:48:32.760,1.52207,1.52224,1.25,1.20
2014.06.26 09:48:33.458,1.52206,1.52224,1.00,1.43
2014.06.26 09:48:33.614,1.52206,1.52218,1.00,1.20
2014.06.26 09:48:34.121,1.52201,1.52218,1.69,1.20
2014.06.26 09:48:34.172,1.52201,1.52224,1.69,2.03
2014.06.26 09:48:34.326,1.52206,1.52224,1.00,2.78
2014.06.26 09:48:35.195,1.52201,1.52215,1.69,1.00
2014.06.26 09:48:35.246,1.52201,1.52215,1.69,1.00
2014.06.26 09:48:35.298,1.52203,1.5222,1.00,2.03
2014.06.26 09:48:35.349,1.52203,1.5222,1.00,2.29
2014.06.26 09:48:35.554,1.522,1.52219,1.00,1.02
2014.06.26 09:48:36.063,1.52201,1.52217,1.00,2.37
2014.06.26 09:48:36.317,1.52201,1.52216,1.00,1.99
2014.06.26 09:48:36.622,1.52186,1.52201,1.00,1.00
2014.06.26 09:48:36.673,1.52186,1.52201,1.00,1.10
2014.06.26 09:48:36.943,1.52191,1.52201,1.00,1.17
2014.06.26 09:48:37.146,1.52186,1.52199,1.00,1.20
2014.06.26 09:48:37.350,1.52185,1.52199,1.00,1.39
2014.06.26 09:48:40.295,1.52185,1.52199,1.00,1.09
2014.06.26 09:48:40.346,1.52187,1.52199,1.00,1.09
2014.06.26 09:48:40.499,1.52187,1.52202,1.00,1.19
2014.06.26 09:48:41.042,1.52188,1.52201,1.00,1.20
2014.06.26 09:48:41.245,1.52189,1.52206,1.00,1.47
2014.06.26 09:48:41.372,1.52189,1.52206,1.00,1.20
2014.06.26 09:48:41.474,1.52191,1.52206,1.00,1.20
2014.06.26 09:48:41.784,1.52191,1.52204,1.00,1.20
2014.06.26 09:48:41.988,1.52187,1.52201,1.00,1.00
2014.06.26 09:48:42.140,1.52185,1.52203,1.00,2.37
2014.06.26 09:48:42.459,1.52187,1.52203,1.00,1.67
2014.06.26 09:48:42.936,1.52187,1.52204,1.00,1.58
2014.06.26 09:48:43.837,1.52187,1.52204,1.00,1.28
2014.06.26 09:48:43.888,1.52185,1.52202,1.69,1.20
2014.06.26 09:48:44.193,1.5219,1.52202,1.00,1.20
2014.06.26 09:48:44.396,1.52185,1.52202,1.00,1.20
2014.06.26 09:48:44.600,1.5219,1.52202,1.00,1.20
2014.06.26 09:48:45.792,1.52186,1.52202,1.00,1.20
2014.06.26 09:48:46.401,1.52186,1.52203,1.00,1.20
2014.06.26 09:48:46.604,1.52185,1.52199,1.00,1.20
2014.06.26 09:48:46.705,1.52185,1.52202,1.00,1.20
2014.06.26 09:48:47.181,1.52186,1.52199,1.00,1.20
2014.06.26 09:48:47.334,1.52181,1.52197,1.00,1.17
2014.06.26 09:48:47.588,1.52181,1.52196,1.00,2.29
2014.06.26 09:48:48.423,1.52181,1.52198,1.00,1.09
2014.06.26 09:48:49.142,1.52186,1.52199,1.00,2.67
2014.06.26 09:48:50.314,1.5218,1.52199,1.00,1.39
2014.06.26 09:48:50.674,1.52181,1.52196,1.00,1.20
2014.06.26 09:48:50.979,1.52176,1.52196,1.69,1.20
2014.06.26 09:48:51.081,1.52181,1.52196,1.00,1.20
2014.06.26 09:48:51.436,1.52176,1.52196,1.19,1.68
2014.06.26 09:48:51.589,1.52176,1.52194,1.00,1.20
2014.06.26 09:48:51.894,1.52176,1.52191,1.00,1.20
2014.06.26 09:48:52.407,1.52171,1.52191,1.50,1.62
2014.06.26 09:48:52.967,1.52175,1.52191,1.00,1.62
2014.06.26 09:48:53.291,1.52175,1.52188,1.00,1.20
2014.06.26 09:48:53.494,1.52171,1.52189,1.50,1.20
2014.06.26 09:48:53.840,1.52176,1.52189,1.00,1.20
2014.06.26 09:48:54.145,1.52166,1.52182,1.00,2.25
2014.06.26 09:48:54.348,1.5216,1.52176,1.00,1.39
2014.06.26 09:48:54.399,1.52166,1.52176,1.00,1.20
2014.06.26 09:48:54.552,1.52166,1.52182,1.50,1.60
2014.06.26 09:48:54.806,1.52165,1.52185,1.00,2.97
2014.06.26 09:48:54.857,1.52165,1.52185,1.00,2.67
2014.06.26 09:48:55.373,1.52166,1.52184,1.00,1.53
2014.06.26 09:48:55.887,1.52165,1.52185,1.00,2.67
2014.06.26 09:48:56.316,1.52165,1.52182,1.00,1.87
2014.06.26 09:48:56.367,1.52161,1.52179,1.50,1.38
2014.06.26 09:48:56.469,1.52161,1.52179,1.50,2.22
2014.06.26 09:48:56.880,1.52161,1.52181,1.00,1.47
2014.06.26 09:48:57.140,1.52162,1.52182,1.25,1.47
2014.06.26 09:48:57.193,1.52165,1.52182,1.00,1.39
2014.06.26 09:48:57.462,1.52163,1.52184,1.00,1.67
2014.06.26 09:48:57.916,1.52166,1.52186,1.00,2.59
2014.06.26 09:48:58.119,1.52161,1.52185,1.29,1.47
2014.06.26 09:48:59.139,1.52161,1.52185,1.29,1.09
2014.06.26 09:49:00.216,1.52166,1.52186,1.00,1.47
2014.06.26 09:49:00.674,1.5217,1.52186,1.00,1.34
2014.06.26 09:49:01.102,1.52166,1.52189,1.00,3.87
2014.06.26 09:49:01.407,1.52171,1.5219,1.00,1.92
2014.06.26 09:49:02.702,1.5217,1.52188,1.00,1.38
2014.06.26 09:49:02.964,1.52166,1.52188,1.69,1.38
2014.06.26 09:49:03.116,1.52171,1.52188,1.00,1.38
2014.06.26 09:49:03.422,1.5217,1.52189,1.69,1.30
2014.06.26 09:49:03.574,1.52176,1.52191,1.00,1.38
2014.06.26 09:49:03.778,1.52176,1.52195,1.19,1.15
2014.06.26 09:49:04.186,1.52178,1.52194,1.19,1.00
2014.06.26 09:49:04.338,1.52178,1.52198,1.19,1.00
2014.06.26 09:49:04.845,1.52178,1.52199,1.19,1.73
2014.06.26 09:49:05.379,1.52179,1.52199,1.19,1.30
2014.06.26 09:49:06.824,1.52181,1.52199,1.19,1.20
2014.06.26 09:49:07.028,1.52187,1.52204,1.19,1.48
2014.06.26 09:49:07.180,1.52187,1.52208,1.19,2.33
2014.06.26 09:49:07.806,1.52187,1.52209,2.82,1.13
2014.06.26 09:49:07.857,1.5219,1.52211,1.19,1.45
2014.06.26 09:49:08.365,1.52191,1.52208,1.00,1.20
2014.06.26 09:49:08.755,1.52188,1.52208,1.19,1.20
2014.06.26 09:49:09.306,1.52188,1.52208,1.19,1.50
2014.06.26 09:49:09.879,1.52188,1.52208,1.19,1.15
2014.06.26 09:49:10.082,1.52191,1.5221,1.19,1.50
2014.06.26 09:49:10.188,1.52191,1.5221,1.19,1.20
2014.06.26 09:49:10.493,1.5219,1.52212,1.19,1.15
2014.06.26 09:49:10.544,1.5219,1.52211,1.19,1.75
2014.06.26 09:49:11.254,1.52187,1.52209,1.19,1.20
2014.06.26 09:49:11.609,1.52187,1.52204,1.19,1.00
2014.06.26 09:49:12.134,1.52186,1.52209,1.19,1.02
2014.06.26 09:49:12.864,1.52186,1.52209,1.19,1.02
2014.06.26 09:49:13.470,1.52186,1.52204,1.00,1.09
2014.06.26 09:49:13.774,1.52181,1.52199,1.00,1.00
2014.06.26 09:49:14.287,1.52178,1.52199,1.19,1.00
2014.06.26 09:49:14.592,1.52176,1.52194,1.00,1.20
2014.06.26 09:49:14.795,1.52176,1.52194,1.00,1.10
2014.06.26 09:49:16.705,1.52176,1.52197,1.69,1.20
2014.06.26 09:49:16.807,1.52179,1.52199,1.25,2.29
2014.06.26 09:49:16.960,1.52179,1.522,1.77,1.19
2014.06.26 09:49:17.011,1.52183,1.522,2.25,1.19
2014.06.26 09:49:17.113,1.52179,1.522,1.77,1.19
2014.06.26 09:49:17.835,1.52179,1.52197,1.69,2.25
2014.06.26 09:49:17.937,1.52177,1.522,1.69,1.25
2014.06.26 09:49:18.470,1.52177,1.52199,1.69,1.00
2014.06.26 09:49:18.647,1.52177,1.52199,1.00,1.19
2014.06.26 09:49:19.208,1.52176,1.52199,2.25,1.34
2014.06.26 09:49:19.751,1.52176,1.52198,1.69,1.37
2014.06.26 09:49:20.628,1.52178,1.522,1.00,3.42
2014.06.26 09:49:20.680,1.52181,1.522,1.00,2.29
2014.06.26 09:49:20.782,1.52181,1.522,1.00,1.38
2014.06.26 09:49:20.885,1.52186,1.52199,1.00,1.20
2014.06.26 09:49:20.937,1.52186,1.52202,1.00,1.09
2014.06.26 09:49:21.518,1.52186,1.52205,1.00,1.94
2014.06.26 09:49:21.843,1.52186,1.52199,1.00,1.19
2014.06.26 09:49:21.895,1.52181,1.52199,1.00,1.19
2014.06.26 09:49:22.099,1.52176,1.52197,1.25,1.10
2014.06.26 09:49:22.150,1.52175,1.52195,1.00,1.09
2014.06.26 09:49:22.724,1.52172,1.52194,1.09,1.00
2014.06.26 09:49:23.771,1.52172,1.52194,1.09,1.25
2014.06.26 09:49:25.155,1.52176,1.52197,1.00,2.14
2014.06.26 09:49:25.612,1.52176,1.52197,1.02,1.00
2014.06.26 09:49:25.816,1.5218,1.52197,1.00,1.00
2014.06.26 09:49:25.921,1.52175,1.52196,1.37,1.20
2014.06.26 09:49:26.074,1.52181,1.52196,1.00,1.47
2014.06.26 09:49:26.176,1.52175,1.52196,1.47,1.47
2014.06.26 09:49:26.379,1.52175,1.52198,2.07,1.94
2014.06.26 09:49:27.075,1.52175,1.522,2.07,5.44
2014.06.26 09:49:28.079,1.52175,1.522,2.07,4.69
2014.06.26 09:49:29.184,1.52175,1.522,2.07,5.44
2014.06.26 09:49:30.125,1.52181,1.52198,1.00,1.94
2014.06.26 09:49:30.227,1.52175,1.52198,1.88,1.94
2014.06.26 09:49:30.430,1.5218,1.52198,1.00,1.57
2014.06.26 09:49:30.532,1.52176,1.52199,1.13,1.19
2014.06.26 09:49:30.633,1.52177,1.52199,1.25,1.25
2014.06.26 09:49:30.685,1.52177,1.52199,1.63,1.25
2014.06.26 09:49:31.329,1.52181,1.52203,1.00,3.57
2014.06.26 09:49:31.788,1.52186,1.52199,1.00,1.10
2014.06.26 09:49:31.889,1.5218,1.522,1.69,1.50
2014.06.26 09:49:32.094,1.52176,1.52198,1.19,1.19
2014.06.26 09:49:32.145,1.52176,1.52195,1.00,1.19
2014.06.26 09:49:32.450,1.52176,1.52195,1.00,1.19
2014.06.26 09:49:32.603,1.52178,1.52196,1.00,1.39
2014.06.26 09:49:32.705,1.52176,1.52196,1.00,1.39
2014.06.26 09:49:33.111,1.52172,1.52194,2.22,1.37
2014.06.26 09:49:33.213,1.52175,1.52196,1.00,1.39
2014.06.26 09:49:33.734,1.52176,1.52197,1.00,1.69
2014.06.26 09:49:34.243,1.52176,1.52197,1.00,1.39
2014.06.26 09:49:34.751,1.52175,1.52197,1.00,1.34
2014.06.26 09:49:35.281,1.52176,1.52197,1.00,1.34
2014.06.26 09:49:35.785,1.52175,1.52197,1.00,1.34
2014.06.26 09:49:36.146,1.52175,1.52194,1.00,1.19
2014.06.26 09:49:36.700,1.52176,1.52196,1.00,1.39
2014.06.26 09:49:37.005,1.52175,1.52189,1.00,1.00
2014.06.26 09:49:37.157,1.52171,1.52189,1.00,1.02
2014.06.26 09:49:37.208,1.52171,1.52187,1.00,1.00
2014.06.26 09:49:37.513,1.52171,1.52186,1.00,3.04
2014.06.26 09:49:37.666,1.52171,1.52186,1.00,1.00
2014.06.26 09:49:38.213,1.5217,1.52186,1.00,1.50
2014.06.26 09:49:38.721,1.5217,1.52187,1.00,1.10
2014.06.26 09:49:38.823,1.5217,1.52187,1.00,1.33
2014.06.26 09:49:41.830,1.5217,1.52187,1.00,1.09
2014.06.26 09:49:42.084,1.52165,1.52184,1.25,1.00
2014.06.26 09:49:42.287,1.52165,1.52182,1.00,1.25
2014.06.26 09:49:42.976,1.52166,1.52182,1.00,1.25
2014.06.26 09:49:46.439,1.52165,1.52182,1.00,1.25
2014.06.26 09:49:46.755,1.52165,1.52182,1.00,1.38
2014.06.26 09:49:48.061,1.52166,1.52182,1.00,1.24
2014.06.26 09:49:48.282,1.52165,1.52185,1.00,2.59
2014.06.26 09:49:48.434,1.52165,1.52184,1.00,1.32
2014.06.26 09:49:48.851,1.52166,1.52182,1.00,1.19
2014.06.26 09:49:49.157,1.52162,1.52174,1.00,1.25
2014.06.26 09:49:49.310,1.5216,1.52174,1.00,1.77
2014.06.26 09:49:49.412,1.52156,1.52173,1.00,1.00
2014.06.26 09:49:49.955,1.52155,1.52172,1.00,1.39
2014.06.26 09:49:50.923,1.52155,1.52173,1.00,1.19
2014.06.26 09:49:52.818,1.52155,1.52169,1.00,1.00
2014.06.26 09:49:53.022,1.52151,1.52168,1.00,1.10
2014.06.26 09:49:53.327,1.5215,1.52168,1.00,1.29
2014.06.26 09:49:53.655,1.52151,1.52166,1.00,1.19
2014.06.26 09:49:54.159,1.5215,1.52166,1.00,1.19
2014.06.26 09:49:54.572,1.52151,1.52166,1.00,1.25
2014.06.26 09:49:54.928,1.52156,1.52168,1.00,1.77
2014.06.26 09:49:55.451,1.52156,1.52168,1.00,1.77
2014.06.26 09:49:55.553,1.5215,1.52168,1.13,1.77
2014.06.26 09:49:55.604,1.5215,1.52168,1.38,1.10
2014.06.26 09:49:55.910,1.52156,1.52172,1.00,2.59
2014.06.26 09:49:56.594,1.52156,1.52172,1.00,1.84
2014.06.26 09:49:57.192,1.5215,1.52172,1.88,1.84
2014.06.26 09:49:57.760,1.5215,1.52172,1.88,1.84
2014.06.26 09:49:57.862,1.52156,1.52172,1.00,1.19
2014.06.26 09:49:58.115,1.52151,1.52172,2.40,1.19
2014.06.26 09:50:00.165,1.52155,1.52172,1.00,1.19
2014.06.26 09:50:00.587,1.52155,1.52174,1.58,1.19
2014.06.26 09:50:01.236,1.52155,1.52174,1.20,1.25
2014.06.26 09:50:03.304,1.52155,1.52172,1.02,1.50
2014.06.26 09:50:03.844,1.52156,1.52172,1.00,3.00
2014.06.26 09:50:04.828,1.52156,1.52175,1.00,2.14
2014.06.26 09:50:05.339,1.52155,1.52174,1.00,1.25
2014.06.26 09:50:07.935,1.52156,1.52174,1.00,1.25
2014.06.26 09:50:08.240,1.52155,1.52171,1.00,1.00
2014.06.26 09:50:08.547,1.52155,1.52167,1.00,1.00
2014.06.26 09:50:08.700,1.52151,1.52167,1.00,1.00
2014.06.26 09:50:08.802,1.52156,1.52167,1.00,1.50
2014.06.26 09:50:09.164,1.52151,1.52167,1.00,1.50
2014.06.26 09:50:09.364,1.52156,1.52167,1.00,1.50
2014.06.26 09:50:09.669,1.5215,1.52167,1.00,1.69
2014.06.26 09:50:09.887,1.52145,1.52165,2.97,1.00
2014.06.26 09:50:10.090,1.52147,1.52165,1.39,1.00
2014.06.26 09:50:10.141,1.52151,1.52169,1.00,1.00
2014.06.26 09:50:10.543,1.52156,1.52169,1.00,1.00
2014.06.26 09:50:11.452,1.52155,1.52169,1.00,1.00
2014.06.26 09:50:12.452,1.52155,1.5217,1.00,1.25
2014.06.26 09:50:12.554,1.52147,1.5217,2.22,1.38
2014.06.26 09:50:12.605,1.5215,1.5217,1.19,1.00
2014.06.26 09:50:12.656,1.52151,1.52172,1.19,1.95
2014.06.26 09:50:12.808,1.52151,1.52172,1.19,2.63
2014.06.26 09:50:13.145,1.52156,1.5217,1.00,1.38
2014.06.26 09:50:13.644,1.52151,1.52169,1.25,1.13
2014.06.26 09:50:13.797,1.52151,1.52169,1.00,1.75
2014.06.26 09:50:13.848,1.52146,1.52164,1.20,1.50
2014.06.26 09:50:13.900,1.52146,1.52162,1.13,1.28
2014.06.26 09:50:14.325,1.5214,1.52161,1.00,2.40
2014.06.26 09:50:14.866,1.52141,1.5216,1.00,1.20
2014.06.26 09:50:15.382,1.52141,1.52161,1.00,1.69
2014.06.26 09:50:16.844,1.5214,1.52161,1.00,1.69
2014.06.26 09:50:17.978,1.5214,1.52161,1.00,2.07
2014.06.26 09:50:18.521,1.52141,1.52161,1.00,2.07
2014.06.26 09:50:18.623,1.52146,1.52161,1.00,1.88
2014.06.26 09:50:19.132,1.52145,1.52161,1.00,1.00
2014.06.26 09:50:20.452,1.52145,1.52163,1.00,2.07
2014.06.26 09:50:20.985,1.52146,1.52163,1.00,1.25
2014.06.26 09:50:21.512,1.52145,1.52163,1.00,1.00
2014.06.26 09:50:21.834,1.52145,1.52161,1.00,2.40
2014.06.26 09:50:21.886,1.52141,1.52159,1.10,1.38
2014.06.26 09:50:22.395,1.5214,1.52157,1.00,1.00
2014.06.26 09:50:23.323,1.52141,1.52157,1.00,1.00
2014.06.26 09:50:23.849,1.5214,1.52157,1.00,1.00
2014.06.26 09:50:23.900,1.52135,1.52157,1.37,1.00
2014.06.26 09:50:24.113,1.5214,1.52157,1.00,1.00
2014.06.26 09:50:24.615,1.52141,1.52157,1.00,1.00
2014.06.26 09:50:24.667,1.52136,1.52157,1.33,1.00
2014.06.26 09:50:25.214,1.52136,1.52157,1.00,1.19
2014.06.26 09:50:26.054,1.5214,1.52157,1.00,1.19
2014.06.26 09:50:26.571,1.52141,1.52157,1.00,1.19
2014.06.26 09:50:27.396,1.5214,1.52158,1.00,1.99
2014.06.26 09:50:27.903,1.52141,1.52155,1.00,1.20
2014.06.26 09:50:28.418,1.52141,1.52154,1.00,1.20
2014.06.26 09:50:28.672,1.5214,1.52156,1.00,1.09
2014.06.26 09:50:28.890,1.5214,1.52153,1.00,1.20
2014.06.26 09:50:30.860,1.5214,1.52155,1.00,1.39
2014.06.26 09:50:31.459,1.5214,1.52155,1.00,1.20
2014.06.26 09:50:32.113,1.52141,1.52155,1.00,1.20
2014.06.26 09:50:32.701,1.52141,1.52153,1.00,1.00
2014.06.26 09:50:33.007,1.5214,1.5215,1.00,1.00
2014.06.26 09:50:33.452,1.52136,1.5215,1.00,1.00
2014.06.26 09:50:33.554,1.5214,1.5215,1.00,1.00
2014.06.26 09:50:33.914,1.52136,1.5215,1.00,1.25
2014.06.26 09:50:35.330,1.52141,1.52154,1.00,1.84
2014.06.26 09:50:35.381,1.52141,1.52154,1.00,1.10
2014.06.26 09:50:35.432,1.52145,1.52155,1.00,1.77
2014.06.26 09:50:35.635,1.52141,1.52155,1.00,1.69
2014.06.26 09:50:36.143,1.5214,1.52155,1.00,1.32
2014.06.26 09:50:36.665,1.52141,1.52154,1.00,1.20
2014.06.26 09:50:37.168,1.5214,1.52154,1.00,1.20
2014.06.26 09:50:37.675,1.5214,1.52155,1.00,1.65
2014.06.26 09:50:39.406,1.52141,1.52154,1.00,1.20
2014.06.26 09:50:39.952,1.5214,1.52155,1.00,2.03
2014.06.26 09:50:41.024,1.52141,1.52155,1.00,1.28
2014.06.26 09:50:41.352,1.52146,1.52155,1.00,1.20
2014.06.26 09:50:41.734,1.52141,1.52156,1.00,1.84
2014.06.26 09:50:42.562,1.5214,1.52156,1.00,1.84
2014.06.26 09:50:42.880,1.52146,1.52156,1.00,1.84
2014.06.26 09:50:44.383,1.52146,1.52156,1.00,1.84
2014.06.26 09:50:44.872,1.5214,1.52156,1.00,1.84
2014.06.26 09:50:45.138,1.52141,1.52154,1.00,1.77
2014.06.26 09:50:45.342,1.52136,1.52154,1.00,1.69
2014.06.26 09:50:45.495,1.52136,1.52154,1.00,1.50
2014.06.26 09:50:46.230,1.52135,1.52156,1.25,1.84
2014.06.26 09:50:47.504,1.52135,1.52156,1.25,1.65
2014.06.26 09:50:48.099,1.52135,1.52158,1.69,1.67
2014.06.26 09:50:48.150,1.52141,1.52159,1.00,3.12
2014.06.26 09:50:48.474,1.52146,1.52158,1.00,1.39
2014.06.26 09:50:48.576,1.5214,1.52158,1.00,1.39
2014.06.26 09:50:48.932,1.52146,1.52158,1.00,1.39
2014.06.26 09:50:49.034,1.52141,1.52159,1.00,2.07
2014.06.26 09:50:49.136,1.52145,1.52159,1.00,1.32
2014.06.26 09:50:49.635,1.52146,1.52162,1.00,2.22
2014.06.26 09:50:49.783,1.52151,1.52162,1.00,2.22
2014.06.26 09:50:49.892,1.52146,1.52162,1.00,2.22
2014.06.26 09:50:53.191,1.5214,1.52158,1.00,1.09
2014.06.26 09:50:54.292,1.52141,1.52158,1.00,1.09
2014.06.26 09:50:54.651,1.52146,1.52158,1.00,1.09
2014.06.26 09:50:54.956,1.5215,1.52161,1.00,1.84
2014.06.26 09:50:55.545,1.52145,1.52158,1.00,1.20
2014.06.26 09:50:55.596,1.52145,1.5216,1.00,1.25
2014.06.26 09:50:55.952,1.52151,1.52161,1.00,1.39
2014.06.26 09:50:56.658,1.5215,1.52161,1.00,1.39
2014.06.26 09:50:57.270,1.5215,1.52158,1.00,1.20
2014.06.26 09:50:57.372,1.52145,1.52158,1.00,1.20
2014.06.26 09:50:57.537,1.52145,1.52155,1.00,1.20
2014.06.26 09:50:57.639,1.52141,1.52156,1.00,1.39
2014.06.26 09:50:58.147,1.52141,1.52154,1.00,1.20
2014.06.26 09:50:58.656,1.52141,1.52156,1.00,1.19
2014.06.26 09:50:58.758,1.52141,1.52159,1.00,1.39
2014.06.26 09:50:58.810,1.52146,1.52158,1.00,1.39
2014.06.26 09:50:58.962,1.52141,1.52159,1.00,1.39
2014.06.26 09:50:59.122,1.52143,1.52162,1.00,1.20
2014.06.26 09:50:59.173,1.52145,1.52162,1.00,1.20
2014.06.26 09:50:59.631,1.52146,1.52162,1.00,1.84
2014.06.26 09:50:59.792,1.5214,1.52161,1.69,1.39
2014.06.26 09:50:59.996,1.5214,1.52158,1.09,1.20
2014.06.26 09:51:00.149,1.52146,1.52159,1.00,1.20
2014.06.26 09:51:00.455,1.5214,1.52159,1.84,1.20
2014.06.26 09:51:00.607,1.52146,1.52161,1.00,1.39
2014.06.26 09:51:00.922,1.52151,1.52161,1.00,1.20
2014.06.26 09:51:01.116,1.52145,1.52161,1.00,1.20
2014.06.26 09:51:01.666,1.52145,1.52161,1.00,1.39
2014.06.26 09:51:02.022,1.5215,1.52162,1.00,1.39
2014.06.26 09:51:02.642,1.5215,1.52163,1.00,1.39
2014.06.26 09:51:03.310,1.52154,1.52163,1.00,1.39
2014.06.26 09:51:03.413,1.52154,1.52164,1.00,1.00
2014.06.26 09:51:03.516,1.52156,1.52166,1.00,1.10
2014.06.26 09:51:03.669,1.52151,1.52165,1.00,1.20
2014.06.26 09:51:03.973,1.52151,1.52163,1.00,1.20
2014.06.26 09:51:04.300,1.52146,1.52165,1.00,1.20
2014.06.26 09:51:04.809,1.52146,1.52166,1.00,2.97
2014.06.26 09:51:04.860,1.52151,1.52166,1.00,3.72
2014.06.26 09:51:05.377,1.52151,1.52163,1.00,1.20
2014.06.26 09:51:05.631,1.52145,1.52162,1.00,1.85
2014.06.26 09:51:05.834,1.52141,1.52161,1.00,1.84
2014.06.26 09:51:06.403,1.5214,1.52159,1.00,1.28
2014.06.26 09:51:06.616,1.52145,1.5216,1.00,1.50
2014.06.26 09:51:06.746,1.52145,1.52163,1.00,1.27
2014.06.26 09:51:06.950,1.52151,1.52163,1.00,1.08
2014.06.26 09:51:07.207,1.52145,1.52163,1.00,1.00
2014.06.26 09:51:07.463,1.52145,1.5216,1.00,1.00
2014.06.26 09:51:08.125,1.52145,1.52162,1.00,1.77
2014.06.26 09:51:08.380,1.5214,1.52158,1.00,1.20
2014.06.26 09:51:08.483,1.5214,1.52156,1.00,1.20
2014.06.26 09:51:08.585,1.52141,1.52158,1.00,1.20
2014.06.26 09:51:09.916,1.5214,1.52158,1.00,1.20
2014.06.26 09:51:10.367,1.52146,1.5216,1.00,1.54
2014.06.26 09:51:11.144,1.52145,1.52162,1.00,2.52
2014.06.26 09:51:11.347,1.52145,1.52163,1.00,1.92
2014.06.26 09:51:11.601,1.52151,1.52161,1.00,1.20
2014.06.26 09:51:11.891,1.52146,1.52162,1.00,1.28
2014.06.26 09:51:12.505,1.52146,1.52161,1.00,1.20
2014.06.26 09:51:12.557,1.52151,1.52161,1.00,1.20
2014.06.26 09:51:13.064,1.52151,1.52162,1.00,1.47
2014.06.26 09:51:13.573,1.5215,1.52162,1.00,1.09
2014.06.26 09:51:13.877,1.52146,1.52162,1.00,1.09
2014.06.26 09:51:14.341,1.5215,1.52162,1.00,1.09
2014.06.26 09:51:15.207,1.5215,1.52164,1.00,1.20
2014.06.26 09:51:15.715,1.52151,1.52164,1.00,1.20
2014.06.26 09:51:15.868,1.52146,1.52164,1.47,1.20
2014.06.26 09:51:15.971,1.52146,1.52161,1.63,1.20
2014.06.26 09:51:16.073,1.52146,1.52161,1.32,1.20
2014.06.26 09:51:17.828,1.5215,1.52162,1.00,1.20
2014.06.26 09:51:18.356,1.52151,1.52162,1.00,1.20
2014.06.26 09:51:19.804,1.52151,1.52161,1.00,1.20
2014.06.26 09:51:20.353,1.52151,1.52162,1.00,1.20
2014.06.26 09:51:21.758,1.5215,1.52162,1.00,1.20
2014.06.26 09:51:21.915,1.5215,1.52164,1.19,1.20
2014.06.26 09:51:22.068,1.52155,1.52164,1.00,1.20
2014.06.26 09:51:22.119,1.52155,1.52168,1.00,1.20
2014.06.26 09:51:22.472,1.52155,1.52166,1.00,1.20
2014.06.26 09:51:22.602,1.52151,1.52166,1.63,1.20
2014.06.26 09:51:22.836,1.52155,1.52166,1.00,1.20
2014.06.26 09:51:23.371,1.52151,1.52166,1.38,1.20
2014.06.26 09:51:24.986,1.5215,1.52167,1.63,1.20
2014.06.26 09:51:25.087,1.5215,1.52167,1.25,1.20
2014.06.26 09:51:25.138,1.52156,1.52167,1.00,1.20
2014.06.26 09:51:25.402,1.5215,1.52167,1.19,1.20
2014.06.26 09:51:25.575,1.52155,1.52167,1.00,1.20
2014.06.26 09:51:25.805,1.52151,1.52167,1.19,1.20
2014.06.26 09:51:25.957,1.52151,1.52164,1.00,1.20
2014.06.26 09:51:26.262,1.52156,1.52166,1.00,1.20
2014.06.26 09:51:26.891,1.52155,1.52166,1.00,1.20
2014.06.26 09:51:28.371,1.5215,1.52166,2.07,1.20
2014.06.26 09:51:28.911,1.52151,1.52169,1.57,1.20
2014.06.26 09:51:29.445,1.52151,1.5217,2.07,1.20
2014.06.26 09:51:29.950,1.52151,1.52171,1.57,1.20
2014.06.26 09:51:31.323,1.52151,1.52171,1.74,1.20
2014.06.26 09:51:31.988,1.52151,1.52171,1.74,1.20
2014.06.26 09:51:32.831,1.52155,1.52171,1.00,1.20
2014.06.26 09:51:34.177,1.52151,1.52171,2.22,1.20
2014.06.26 09:51:34.481,1.52156,1.5217,1.00,1.20
2014.06.26 09:51:35.291,1.52155,1.5217,1.00,1.20
2014.06.26 09:51:35.597,1.52161,1.52169,1.00,1.20
2014.06.26 09:51:35.851,1.52156,1.52168,1.00,1.65
2014.06.26 09:51:36.391,1.52155,1.52168,1.00,1.65
2014.06.26 09:51:40.984,1.52151,1.52168,1.00,1.58
2014.06.26 09:51:41.671,1.52151,1.52168,1.00,1.28
2014.06.26 09:51:43.087,1.5215,1.52169,1.25,1.58
2014.06.26 09:51:43.393,1.52156,1.52168,1.00,1.28
2014.06.26 09:51:43.900,1.52156,1.52167,1.00,1.20
2014.06.26 09:51:44.464,1.52156,1.52168,1.00,1.20
2014.06.26 09:51:46.954,1.52151,1.52168,1.00,1.20
2014.06.26 09:51:47.831,1.52151,1.52169,1.00,1.20
2014.06.26 09:51:48.359,1.5215,1.52169,1.25,1.20
2014.06.26 09:51:48.862,1.5215,1.52168,1.25,1.20
2014.06.26 09:51:50.801,1.5215,1.52169,1.00,1.20
2014.06.26 09:51:51.526,1.5215,1.52169,1.19,1.20
2014.06.26 09:51:52.071,1.5215,1.52169,1.00,1.20
2014.06.26 09:51:53.964,1.5215,1.52169,1.19,1.20
2014.06.26 09:51:58.971,1.5215,1.52168,1.19,1.20
2014.06.26 09:51:59.172,1.52155,1.52168,1.00,1.20
2014.06.26 09:52:00.403,1.52155,1.5217,1.00,1.00
2014.06.26 09:52:05.124,1.52151,1.5217,1.00,1.00
2014.06.26 09:52:05.327,1.52155,1.5217,1.00,1.00
2014.06.26 09:52:07.853,1.52151,1.5217,1.25,1.00
2014.06.26 09:52:08.115,1.52161,1.52173,1.00,1.00
2014.06.26 09:52:08.267,1.52161,1.52177,1.00,1.39
2014.06.26 09:52:08.521,1.52161,1.52179,1.00,1.02
2014.06.26 09:52:09.023,1.52161,1.52179,1.00,1.02
2014.06.26 09:52:09.928,1.52161,1.5218,1.00,1.64
2014.06.26 09:52:10.934,1.52161,1.5218,1.00,1.64
2014.06.26 09:52:11.843,1.5216,1.52181,1.00,1.19
2014.06.26 09:52:12.437,1.52161,1.52181,1.00,1.84
2014.06.26 09:52:12.946,1.52161,1.52181,1.00,1.84
2014.06.26 09:52:13.452,1.5216,1.52181,1.25,1.84
2014.06.26 09:52:14.687,1.52161,1.52181,1.00,1.19
2014.06.26 09:52:15.449,1.52161,1.52178,1.25,1.20
2014.06.26 09:52:15.969,1.52156,1.52179,1.32,2.97
2014.06.26 09:52:16.492,1.52155,1.52178,1.77,1.19
2014.06.26 09:52:17.484,1.52156,1.52175,1.25,1.00
2014.06.26 09:52:18.039,1.52156,1.52178,1.00,1.19
2014.06.26 09:52:18.091,1.5216,1.52178,1.00,1.19
2014.06.26 09:52:18.601,1.52161,1.5218,1.00,3.12
2014.06.26 09:52:19.114,1.5216,1.5218,1.00,2.59
2014.06.26 09:52:19.217,1.5216,1.5218,1.00,2.59
2014.06.26 09:52:19.370,1.52166,1.5218,1.00,1.84
2014.06.26 09:52:19.937,1.52161,1.5218,1.00,1.32
2014.06.26 09:52:20.904,1.52161,1.5218,1.00,2.29
2014.06.26 09:52:21.815,1.52161,1.5218,1.00,1.84
2014.06.26 09:52:22.922,1.52161,1.5218,1.13,1.09
2014.06.26 09:52:23.344,1.52165,1.5218,1.00,1.00
2014.06.26 09:52:23.877,1.52166,1.52182,1.00,1.84
2014.06.26 09:52:25.303,1.52165,1.52181,1.00,1.00
2014.06.26 09:52:25.629,1.52165,1.52184,1.00,1.57
2014.06.26 09:52:25.884,1.5217,1.52182,1.00,1.00
2014.06.26 09:52:26.189,1.52175,1.52187,1.00,1.10
2014.06.26 09:52:26.291,1.52171,1.52187,1.00,1.08
2014.06.26 09:52:26.342,1.52171,1.52187,1.00,1.00
2014.06.26 09:52:26.647,1.52175,1.52191,1.00,2.59
2014.06.26 09:52:27.557,1.52175,1.52191,1.00,2.22
2014.06.26 09:52:29.599,1.52176,1.52191,1.00,1.84
2014.06.26 09:52:29.701,1.52176,1.52191,1.00,1.00
2014.06.26 09:52:29.854,1.52181,1.52193,1.00,1.39
2014.06.26 09:52:30.108,1.52181,1.52196,1.00,1.27
2014.06.26 09:52:30.159,1.52175,1.52196,1.13,1.27
2014.06.26 09:52:30.464,1.52175,1.52196,1.38,1.27
2014.06.26 09:52:30.667,1.52175,1.52198,1.13,2.59
2014.06.26 09:52:31.256,1.52175,1.52194,1.00,1.00
2014.06.26 09:52:31.358,1.52175,1.52196,1.29,1.50
2014.06.26 09:52:31.511,1.52175,1.52199,2.67,1.29
2014.06.26 09:52:31.612,1.52178,1.52199,1.19,1.10
2014.06.26 09:52:31.969,1.5218,1.52201,1.84,1.00
2014.06.26 09:52:32.329,1.52185,1.52202,1.00,1.20
2014.06.26 09:52:32.998,1.5218,1.52202,2.97,1.10
2014.06.26 09:52:33.520,1.52181,1.52202,1.57,1.10
2014.06.26 09:52:34.371,1.52181,1.52201,1.57,1.00
2014.06.26 09:52:36.162,1.52181,1.52201,1.63,1.33
2014.06.26 09:52:36.265,1.52181,1.52201,1.00,2.37
2014.06.26 09:52:36.417,1.52181,1.52199,1.00,3.72
2014.06.26 09:52:36.925,1.52181,1.52198,1.00,2.29
2014.06.26 09:52:43.851,1.5218,1.52198,1.00,1.39
2014.06.26 09:52:46.771,1.5218,1.52198,1.00,1.69
2014.06.26 09:52:48.157,1.5218,1.52201,1.00,2.22
2014.06.26 09:52:48.516,1.5218,1.522,2.29,1.00
2014.06.26 09:52:49.025,1.52181,1.52199,1.00,1.00
2014.06.26 09:52:49.559,1.52179,1.522,1.19,1.48
2014.06.26 09:52:50.110,1.52179,1.522,1.25,1.48
2014.06.26 09:52:50.981,1.52179,1.522,1.25,2.14
2014.06.26 09:52:51.286,1.52176,1.52194,1.00,1.00
2014.06.26 09:52:55.406,1.52173,1.52195,1.69,1.10
2014.06.26 09:52:55.915,1.52173,1.52194,1.19,1.00
2014.06.26 09:52:56.472,1.52171,1.52194,3.64,1.25
2014.06.26 09:52:57.017,1.52171,1.52194,2.52,1.63
2014.06.26 09:52:57.484,1.52171,1.52194,1.77,1.63
2014.06.26 09:52:58.007,1.52172,1.52194,1.09,2.22
2014.06.26 09:52:58.261,1.52176,1.52194,1.00,1.78
2014.06.26 09:52:58.614,1.52171,1.52194,1.19,1.72
2014.06.26 09:52:59.152,1.52171,1.52194,1.00,1.72
2014.06.26 09:52:59.407,1.52171,1.52193,1.00,2.22
2014.06.26 09:52:59.810,1.52171,1.52188,1.00,1.33
2014.06.26 09:53:02.919,1.5217,1.52189,1.00,1.74
2014.06.26 09:53:03.400,1.52171,1.52191,1.19,1.43
2014.06.26 09:53:03.907,1.52173,1.52193,1.20,2.04
2014.06.26 09:53:04.688,1.52173,1.52194,1.09,1.47
2014.06.26 09:53:05.084,1.52173,1.5219,1.09,1.00
2014.06.26 09:53:05.135,1.52171,1.5219,1.65,1.00
2014.06.26 09:53:05.290,1.52171,1.52189,1.00,1.88
2014.06.26 09:53:05.642,1.52166,1.52184,2.44,1.00
2014.06.26 09:53:05.854,1.52171,1.52187,1.00,1.00
2014.06.26 09:53:06.061,1.52166,1.52187,1.50,1.25
2014.06.26 09:53:06.112,1.52168,1.52187,1.20,1.25
2014.06.26 09:53:06.911,1.52169,1.52189,1.00,1.69
2014.06.26 09:53:07.295,1.52169,1.52189,1.00,1.32
2014.06.26 09:53:07.347,1.52171,1.52189,1.00,1.32
2014.06.26 09:53:07.953,1.5217,1.5219,1.50,1.38
2014.06.26 09:53:09.569,1.5217,1.52191,1.88,2.14
2014.06.26 09:53:09.874,1.52181,1.52199,1.25,1.20
2014.06.26 09:53:10.178,1.52179,1.52199,1.25,1.39
2014.06.26 09:53:10.330,1.52178,1.52199,1.00,1.77
2014.06.26 09:53:10.837,1.52176,1.52199,1.19,1.84
2014.06.26 09:53:11.441,1.52175,1.52198,1.65,1.09
2014.06.26 09:53:11.946,1.52176,1.52197,1.00,2.59
2014.06.26 09:53:11.998,1.52176,1.52196,1.00,1.70
2014.06.26 09:53:12.545,1.52175,1.52196,1.00,2.07
2014.06.26 09:53:14.899,1.52175,1.52193,1.00,1.47
2014.06.26 09:53:15.002,1.52171,1.52192,1.13,1.02
2014.06.26 09:53:15.358,1.52173,1.52195,1.00,2.14
2014.06.26 09:53:15.409,1.52173,1.52195,1.19,1.00
2014.06.26 09:53:15.460,1.52173,1.5219,1.19,1.00
2014.06.26 09:53:15.969,1.52173,1.5219,1.25,1.00
2014.06.26 09:53:16.325,1.5217,1.52189,1.69,1.58
2014.06.26 09:53:16.377,1.52169,1.52185,1.25,1.00
2014.06.26 09:53:16.591,1.52165,1.52185,2.59,1.25
2014.06.26 09:53:19.750,1.52171,1.52188,1.00,1.77
2014.06.26 09:53:20.078,1.52166,1.52184,1.00,1.00
2014.06.26 09:53:22.064,1.52165,1.52185,1.00,1.00
2014.06.26 09:53:22.301,1.5217,1.52188,1.00,1.02
2014.06.26 09:53:23.610,1.5217,1.52187,1.00,1.19
2014.06.26 09:53:30.637,1.52165,1.52185,1.25,1.25
2014.06.26 09:53:31.190,1.52166,1.52184,1.00,1.25
2014.06.26 09:53:36.360,1.52165,1.52185,1.00,1.25
2014.06.26 09:53:38.010,1.52166,1.52184,1.00,1.00
2014.06.26 09:53:38.547,1.52165,1.52185,1.25,1.25
2014.06.26 09:53:39.879,1.52166,1.52184,1.00,1.00
2014.06.26 09:53:41.338,1.52163,1.52184,1.84,1.00
2014.06.26 09:53:41.440,1.52163,1.52184,1.19,1.95
2014.06.26 09:53:41.745,1.52157,1.52179,2.59,1.13
2014.06.26 09:53:41.847,1.52157,1.52179,2.22,1.19
2014.06.26 09:53:41.898,1.52157,1.52174,2.22,1.00
2014.06.26 09:53:42.000,1.52161,1.52179,1.00,1.19
2014.06.26 09:53:42.102,1.52156,1.52174,1.57,1.00
2014.06.26 09:53:42.305,1.5216,1.5218,1.00,2.22
2014.06.26 09:53:42.851,1.52161,1.52184,1.19,2.22
2014.06.26 09:53:43.821,1.52161,1.52184,1.50,2.22
2014.06.26 09:53:44.375,1.5216,1.52184,1.50,1.72
2014.06.26 09:53:45.808,1.5216,1.52182,1.69,1.39
2014.06.26 09:53:47.077,1.52161,1.52182,1.00,1.39
2014.06.26 09:53:47.601,1.5216,1.52182,1.69,1.39
2014.06.26 09:53:48.156,1.5216,1.52182,1.50,1.39
2014.06.26 09:53:50.401,1.52161,1.52181,1.00,1.47
2014.06.26 09:53:50.763,1.5216,1.52179,1.00,1.49
2014.06.26 09:53:51.293,1.52161,1.5218,1.00,1.19
2014.06.26 09:53:51.396,1.52161,1.52181,1.25,2.22
2014.06.26 09:53:51.700,1.52162,1.52183,1.19,1.24
2014.06.26 09:53:53.719,1.52162,1.52182,1.25,1.05
2014.06.26 09:53:54.819,1.52162,1.52184,1.19,1.54
2014.06.26 09:53:56.442,1.52162,1.52183,1.19,1.20
2014.06.26 09:53:56.980,1.52162,1.52183,1.19,1.20
2014.06.26 09:53:57.484,1.52162,1.52184,1.19,1.92
2014.06.26 09:53:57.791,1.52162,1.52182,1.19,1.20
2014.06.26 09:53:58.322,1.52162,1.52183,1.19,1.20
2014.06.26 09:53:58.627,1.52162,1.52178,1.00,1.39
2014.06.26 09:53:58.882,1.52157,1.52178,1.75,1.57
2014.06.26 09:53:58.933,1.52157,1.52178,1.00,1.57
2014.06.26 09:54:02.357,1.52157,1.52175,1.00,1.20
2014.06.26 09:54:03.804,1.52157,1.52174,1.00,1.20
2014.06.26 09:54:04.065,1.52157,1.52174,1.00,1.38
2014.06.26 09:54:04.553,1.52155,1.52172,1.50,1.30
2014.06.26 09:54:07.362,1.52156,1.52172,1.00,1.30
2014.06.26 09:54:07.795,1.52156,1.5217,1.00,1.20
2014.06.26 09:54:08.100,1.52156,1.5217,1.00,1.35
2014.06.26 09:54:08.354,1.52152,1.52172,1.25,1.84
2014.06.26 09:54:08.557,1.52152,1.52173,1.25,1.92
2014.06.26 09:54:08.661,1.52156,1.52172,1.00,1.24
2014.06.26 09:54:11.068,1.52155,1.52173,1.00,1.39
2014.06.26 09:54:15.127,1.52156,1.52174,1.00,2.22
2014.06.26 09:54:17.892,1.52152,1.52174,1.25,2.59
2014.06.26 09:54:20.841,1.52152,1.52174,1.00,2.67
2014.06.26 09:54:21.178,1.52155,1.52174,1.00,2.67
2014.06.26 09:54:22.096,1.52151,1.52174,1.00,3.42
2014.06.26 09:54:22.746,1.52151,1.52174,1.19,2.67
2014.06.26 09:54:24.859,1.52155,1.52174,1.00,1.92
2014.06.26 09:54:25.623,1.52151,1.52174,1.69,2.67
2014.06.26 09:54:26.187,1.52151,1.52173,1.69,1.20
2014.06.26 09:54:27.012,1.52151,1.52174,1.69,2.67
2014.06.26 09:54:31.896,1.52151,1.52174,1.69,1.29
2014.06.26 09:54:32.930,1.52151,1.52174,1.69,1.02
2014.06.26 09:54:33.906,1.52151,1.52174,1.69,1.29
2014.06.26 09:54:37.832,1.52151,1.52174,1.69,1.10
2014.06.26 09:54:38.870,1.52151,1.52174,1.69,1.29
2014.06.26 09:54:39.835,1.52151,1.52174,1.69,1.29
2014.06.26 09:54:40.964,1.52151,1.52174,1.69,1.33
2014.06.26 09:54:41.242,1.52151,1.52174,1.69,1.77
2014.06.26 09:54:41.549,1.5215,1.52159,1.00,1.84
2014.06.26 09:54:41.601,1.5214,1.52154,1.00,1.00
2014.06.26 09:54:41.653,1.5214,1.52153,1.00,1.19
2014.06.26 09:54:41.856,1.52131,1.52152,1.50,2.52
2014.06.26 09:54:42.110,1.5213,1.52151,1.00,2.22
2014.06.26 09:54:42.618,1.52131,1.5215,1.00,1.02
2014.06.26 09:54:43.126,1.52127,1.52148,1.00,1.09
2014.06.26 09:54:43.336,1.5213,1.52148,1.00,1.09
2014.06.26 09:54:43.892,1.52131,1.52148,1.00,1.09
2014.06.26 09:54:47.787,1.52132,1.52151,1.00,1.02
2014.06.26 09:54:47.889,1.52132,1.52154,1.25,3.42
2014.06.26 09:54:47.991,1.52134,1.52154,1.00,2.44
2014.06.26 09:54:48.852,1.52134,1.52153,1.00,1.20
2014.06.26 09:54:49.928,1.52134,1.52154,1.00,2.67
2014.06.26 09:54:50.053,1.52134,1.5215,1.00,1.13
2014.06.26 09:54:53.668,1.52134,1.52151,1.00,1.30
2014.06.26 09:54:55.674,1.52134,1.52151,1.00,1.49
2014.06.26 09:54:56.566,1.52134,1.52154,1.00,1.94
2014.06.26 09:54:56.668,1.52136,1.52154,1.00,1.94
2014.06.26 09:54:57.177,1.52135,1.52154,1.00,1.19
2014.06.26 09:54:57.483,1.52135,1.5215,1.00,1.00
2014.06.26 09:54:57.534,1.52135,1.52152,1.00,1.28
2014.06.26 09:54:57.687,1.52133,1.5215,1.00,1.00
2014.06.26 09:54:57.839,1.52133,1.52153,1.00,1.47
2014.06.26 09:54:58.389,1.52134,1.52153,1.00,1.47
2014.06.26 09:54:58.908,1.52133,1.52154,1.00,2.07
2014.06.26 09:54:59.230,1.52135,1.52154,1.00,2.07
2014.06.26 09:55:00.370,1.52135,1.52154,1.00,1.25
2014.06.26 09:55:00.975,1.52134,1.52154,1.25,1.25
2014.06.26 09:55:01.510,1.52134,1.52154,1.19,1.00
2014.06.26 09:55:02.099,1.52135,1.52155,1.25,1.25
2014.06.26 09:55:02.601,1.52137,1.52155,1.00,1.32
2014.06.26 09:55:06.048,1.52137,1.52154,1.00,1.10
2014.06.26 09:55:07.170,1.5214,1.52158,1.00,2.74
2014.06.26 09:55:07.522,1.5214,1.5216,1.69,1.53
2014.06.26 09:55:07.624,1.52146,1.52162,1.00,1.20
2014.06.26 09:55:07.727,1.52146,1.52164,1.19,1.13
2014.06.26 09:55:07.779,1.52149,1.52164,1.00,1.00
2014.06.26 09:55:08.033,1.52151,1.52169,1.19,1.10
2014.06.26 09:55:08.084,1.52152,1.52169,2.00,1.00
2014.06.26 09:55:08.186,1.52156,1.52179,1.20,1.50
2014.06.26 09:55:08.237,1.5216,1.5218,1.00,1.88
2014.06.26 09:55:08.550,1.52165,1.52183,1.00,1.20
2014.06.26 09:55:08.600,1.52166,1.52185,1.00,3.34
2014.06.26 09:55:09.127,1.52166,1.52183,1.19,1.13
2014.06.26 09:55:09.454,1.52162,1.52185,1.39,1.69
2014.06.26 09:55:09.606,1.52162,1.52179,1.39,1.00
2014.06.26 09:55:09.759,1.52158,1.52179,1.37,1.00
2014.06.26 09:55:10.425,1.52158,1.5218,1.19,1.13
2014.06.26 09:55:11.101,1.5216,1.52181,1.19,1.39
2014.06.26 09:55:11.644,1.52161,1.5218,1.00,1.25
2014.06.26 09:55:12.159,1.52162,1.5218,1.00,1.25
2014.06.26 09:55:12.616,1.52166,1.5218,1.00,1.00
2014.06.26 09:55:13.131,1.52165,1.52179,1.00,1.00
2014.06.26 09:55:13.409,1.52165,1.52182,1.00,1.57
2014.06.26 09:55:14.105,1.52165,1.52179,1.00,1.00
2014.06.26 09:55:14.620,1.52165,1.5218,1.00,1.00
2014.06.26 09:55:15.168,1.52165,1.52179,1.00,1.00
2014.06.26 09:55:16.047,1.52165,1.5218,1.00,1.00
2014.06.26 09:55:17.301,1.52165,1.52179,1.00,1.00
2014.06.26 09:55:17.566,1.52163,1.5218,1.00,1.13
2014.06.26 09:55:18.108,1.52163,1.52179,1.00,1.25
2014.06.26 09:55:18.663,1.52164,1.52183,1.00,2.07
2014.06.26 09:55:19.066,1.52164,1.52183,1.00,2.59
2014.06.26 09:55:19.613,1.52166,1.52184,1.00,2.22
2014.06.26 09:55:20.031,1.52164,1.52182,1.00,1.69
2014.06.26 09:55:20.135,1.52161,1.5218,1.50,1.19
2014.06.26 09:55:20.644,1.52158,1.52179,1.25,1.77
2014.06.26 09:55:20.797,1.52158,1.52178,1.00,1.39
2014.06.26 09:55:21.101,1.52158,1.52175,1.00,1.99
2014.06.26 09:55:22.998,1.52158,1.52174,1.00,1.25
2014.06.26 09:55:23.455,1.52158,1.52178,1.00,1.47
2014.06.26 09:55:24.042,1.52158,1.52179,1.00,1.34
2014.06.26 09:55:24.206,1.5216,1.52179,1.00,1.34
2014.06.26 09:55:24.555,1.52163,1.5218,1.00,1.32
2014.06.26 09:55:24.860,1.52165,1.5218,1.00,1.25
2014.06.26 09:55:25.383,1.52166,1.52183,1.00,1.29
2014.06.26 09:55:25.961,1.52166,1.52179,1.00,1.00
2014.06.26 09:55:26.358,1.52166,1.52185,1.00,2.59
2014.06.26 09:55:27.127,1.52166,1.52185,1.00,1.32
2014.06.26 09:55:27.179,1.52174,1.52184,1.00,1.25
2014.06.26 09:55:27.283,1.52167,1.52184,1.00,1.25
2014.06.26 09:55:27.689,1.5217,1.52184,1.00,1.00
2014.06.26 09:55:27.994,1.52172,1.52185,1.00,1.00
2014.06.26 09:55:28.146,1.52173,1.52188,1.00,1.00
2014.06.26 09:55:28.349,1.52172,1.52188,1.00,1.19
2014.06.26 09:55:28.657,1.52172,1.52184,1.00,1.00
2014.06.26 09:55:28.708,1.52169,1.52184,1.00,1.00
2014.06.26 09:55:29.108,1.52171,1.52184,1.00,1.00
2014.06.26 09:55:29.472,1.5217,1.52189,1.00,1.62
2014.06.26 09:55:30.010,1.52169,1.5219,1.00,3.12
2014.06.26 09:55:30.469,1.52171,1.52191,1.50,2.52
2014.06.26 09:55:30.673,1.52168,1.52185,1.00,1.00
2014.06.26 09:55:30.978,1.52166,1.52184,1.20,1.00
2014.06.26 09:55:31.131,1.52167,1.5219,1.00,2.52
2014.06.26 09:55:31.233,1.52167,1.52185,1.00,1.00
2014.06.26 09:55:31.740,1.52165,1.52185,1.34,1.00
2014.06.26 09:55:32.197,1.5217,1.52185,1.00,1.00
2014.06.26 09:55:32.704,1.5217,1.52184,1.00,1.00
2014.06.26 09:55:33.009,1.5217,1.5219,1.00,1.49
2014.06.26 09:55:33.213,1.52175,1.52189,1.00,1.00
2014.06.26 09:55:33.383,1.52175,1.52194,1.00,1.32
2014.06.26 09:55:33.842,1.52176,1.52189,1.00,1.00
2014.06.26 09:55:34.388,1.52175,1.52189,1.00,1.00
2014.06.26 09:55:34.439,1.52175,1.52194,1.00,1.00
2014.06.26 09:55:34.645,1.52176,1.5219,1.00,1.00
2014.06.26 09:55:35.160,1.52175,1.5219,1.00,1.00
2014.06.26 09:55:35.691,1.52176,1.5219,1.00,1.00
2014.06.26 09:55:35.793,1.52176,1.52194,1.00,1.00
2014.06.26 09:55:36.148,1.52174,1.52194,1.50,1.00
2014.06.26 09:55:36.605,1.52176,1.52194,1.00,1.00
2014.06.26 09:55:36.923,1.52174,1.52193,1.00,1.39
2014.06.26 09:55:37.380,1.52171,1.52191,1.39,1.09
2014.06.26 09:55:37.888,1.52171,1.5219,1.63,1.20
2014.06.26 09:55:37.991,1.5217,1.52187,1.19,1.20
2014.06.26 09:55:38.195,1.52171,1.52189,1.25,1.13
2014.06.26 09:55:39.026,1.52169,1.52189,1.00,1.32
2014.06.26 09:55:39.230,1.52169,1.52189,1.00,1.32
2014.06.26 09:55:39.743,1.5217,1.52189,1.00,1.32
2014.06.26 09:55:40.302,1.5217,1.52187,1.00,1.09
2014.06.26 09:55:41.223,1.5217,1.52189,1.00,1.32
2014.06.26 09:55:42.747,1.52167,1.52189,1.74,1.32
2014.06.26 09:55:43.297,1.52169,1.52189,1.00,1.32
2014.06.26 09:55:43.834,1.52168,1.5219,1.20,1.57
2014.06.26 09:55:43.987,1.52168,1.5219,1.20,1.57
2014.06.26 09:55:44.548,1.52169,1.5219,1.00,1.57
2014.06.26 09:55:45.260,1.52169,1.5219,1.25,1.57
2014.06.26 09:55:45.514,1.52171,1.5219,1.00,1.32
2014.06.26 09:55:47.536,1.52171,1.5219,1.13,1.25
2014.06.26 09:55:48.007,1.5217,1.5219,2.00,1.25
2014.06.26 09:55:48.670,1.52172,1.52189,1.50,1.00
2014.06.26 09:55:48.976,1.52172,1.52184,1.50,1.00
2014.06.26 09:55:49.458,1.5217,1.52184,1.25,1.00
2014.06.26 09:55:49.715,1.52172,1.52184,1.00,1.00
2014.06.26 09:55:50.263,1.52165,1.52183,1.02,1.20
2014.06.26 09:55:50.314,1.52162,1.52174,2.05,1.00
2014.06.26 09:55:50.570,1.52159,1.52175,1.20,1.00
2014.06.26 09:55:50.672,1.52154,1.52175,1.77,1.38
2014.06.26 09:55:50.774,1.52153,1.52169,2.82,1.88
2014.06.26 09:55:50.825,1.52153,1.52168,2.63,1.77
2014.06.26 09:55:50.927,1.52151,1.52168,1.75,1.69
2014.06.26 09:55:51.029,1.52146,1.52168,2.18,1.69
2014.06.26 09:55:51.233,1.5215,1.52168,1.13,1.69
2014.06.26 09:55:51.335,1.5215,1.52168,1.13,1.63
2014.06.26 09:55:51.387,1.52145,1.52166,2.22,1.20
2014.06.26 09:55:51.438,1.52145,1.52166,2.03,1.39
2014.06.26 09:55:51.836,1.52141,1.52155,1.64,1.00
2014.06.26 09:55:51.887,1.5214,1.52148,1.50,1.00
2014.06.26 09:55:51.940,1.52135,1.52148,1.75,1.00
2014.06.26 09:55:52.157,1.5213,1.52148,1.55,1.00
2014.06.26 09:55:52.310,1.52136,1.52142,1.38,1.13
2014.06.26 09:55:52.463,1.5213,1.52142,1.38,1.88
2014.06.26 09:55:52.666,1.5213,1.52146,1.00,1.19
2014.06.26 09:55:52.717,1.5213,1.52149,1.00,1.77
2014.06.26 09:55:52.819,1.5213,1.52149,1.00,1.19
2014.06.26 09:55:52.870,1.52126,1.52143,1.32,1.00
2014.06.26 09:55:53.176,1.52125,1.52143,1.00,1.69
2014.06.26 09:55:53.278,1.52126,1.52146,1.00,1.99
2014.06.26 09:55:53.330,1.52126,1.52146,1.00,1.19
2014.06.26 09:55:53.432,1.52125,1.52133,1.00,1.00
2014.06.26 09:55:53.536,1.52121,1.52133,1.00,1.00
2014.06.26 09:55:53.943,1.52121,1.52139,1.25,1.00
2014.06.26 09:55:54.045,1.52121,1.52139,1.27,1.00
2014.06.26 09:55:54.507,1.52126,1.52139,1.00,1.00
2014.06.26 09:55:54.790,1.52125,1.52143,1.00,1.75
2014.06.26 09:55:54.841,1.52121,1.52143,1.37,1.75
2014.06.26 09:55:55.356,1.5212,1.52145,3.27,1.69
2014.06.26 09:55:55.407,1.52125,1.52145,1.00,1.19
2014.06.26 09:55:56.607,1.5212,1.52145,3.27,1.69
2014.06.26 09:55:56.861,1.52125,1.52143,1.00,1.19
2014.06.26 09:55:57.177,1.52126,1.52145,1.00,1.19
2014.06.26 09:55:57.680,1.52125,1.52144,1.13,1.25
2014.06.26 09:55:57.731,1.5213,1.52144,1.00,1.25
2014.06.26 09:55:57.939,1.52125,1.52148,1.28,1.99
2014.06.26 09:55:58.092,1.52126,1.52148,1.02,1.49
2014.06.26 09:55:58.143,1.52131,1.52148,1.00,1.49
2014.06.26 09:55:59.379,1.52131,1.52151,1.00,2.52
2014.06.26 09:56:00.421,1.52131,1.52151,1.00,2.52
2014.06.26 09:56:00.938,1.52128,1.52149,1.09,1.49
2014.06.26 09:56:02.191,1.52128,1.52149,1.32,1.49
2014.06.26 09:56:03.484,1.5213,1.52151,1.00,2.67
2014.06.26 09:56:04.019,1.52131,1.52152,1.00,2.37
2014.06.26 09:56:04.590,1.5213,1.52152,1.25,1.49
2014.06.26 09:56:05.112,1.5213,1.52152,1.25,1.49
2014.06.26 09:56:05.782,1.5213,1.52152,1.19,1.49
2014.06.26 09:56:06.306,1.52131,1.52153,1.25,1.69
2014.06.26 09:56:06.918,1.52131,1.52153,1.25,1.69
2014.06.26 09:56:08.491,1.52131,1.52152,1.50,1.62
2014.06.26 09:56:09.112,1.52136,1.52147,1.00,1.00
2014.06.26 09:56:09.164,1.52136,1.52152,1.00,1.13
2014.06.26 09:56:09.272,1.52136,1.52155,1.19,1.00
2014.06.26 09:56:09.576,1.52136,1.52156,1.00,1.50
2014.06.26 09:56:09.931,1.52135,1.52156,1.25,1.50
2014.06.26 09:56:10.424,1.52141,1.52156,1.00,1.00
2014.06.26 09:56:10.873,1.52136,1.52156,1.15,1.00
2014.06.26 09:56:11.178,1.52141,1.52157,1.00,1.25
2014.06.26 09:56:11.280,1.52141,1.52161,1.13,1.25
2014.06.26 09:56:11.331,1.5215,1.52161,1.00,1.25
2014.06.26 09:56:11.433,1.52146,1.52161,1.50,1.00
2014.06.26 09:56:11.554,1.52146,1.52165,2.40,1.25
2014.06.26 09:56:11.660,1.52151,1.5217,1.00,1.19
2014.06.26 09:56:11.762,1.52153,1.52172,1.00,1.57
2014.06.26 09:56:11.864,1.52151,1.52172,1.10,1.19
2014.06.26 09:56:11.966,1.52156,1.52172,1.00,1.19
2014.06.26 09:56:12.171,1.52151,1.52172,1.10,1.19
2014.06.26 09:56:12.581,1.52151,1.52173,1.29,1.32
2014.06.26 09:56:13.826,1.52156,1.52172,1.00,1.25
2014.06.26 09:56:14.333,1.52152,1.52172,1.47,1.25
2014.06.26 09:56:14.590,1.52156,1.52173,1.00,1.19
2014.06.26 09:56:15.137,1.52151,1.52173,2.59,1.19
2014.06.26 09:56:16.214,1.52155,1.52173,1.10,1.00
2014.06.26 09:56:18.521,1.52156,1.52173,1.00,1.32
2014.06.26 09:56:21.819,1.52156,1.52173,1.00,1.63
2014.06.26 09:56:22.285,1.52151,1.52173,1.99,1.63
2014.06.26 09:56:22.808,1.52151,1.52173,1.99,1.63
2014.06.26 09:56:23.347,1.52155,1.52173,1.00,1.63
2014.06.26 09:56:23.871,1.52154,1.52172,1.20,1.38
2014.06.26 09:56:23.922,1.52152,1.52172,1.17,1.38
2014.06.26 09:56:27.575,1.52153,1.52173,1.00,1.57
2014.06.26 09:56:28.197,1.52151,1.52173,1.80,1.57
2014.06.26 09:56:28.827,1.52151,1.52173,1.80,1.57
2014.06.26 09:56:32.379,1.52151,1.52175,1.57,2.07
2014.06.26 09:56:33.418,1.52151,1.52175,1.84,2.07
2014.06.26 09:56:33.588,1.52151,1.52175,1.84,2.07
2014.06.26 09:56:43.404,1.52151,1.52175,1.84,2.07
2014.06.26 09:56:44.391,1.52151,1.52175,1.87,2.07
2014.06.26 09:56:44.442,1.52151,1.52175,1.57,2.07
2014.06.26 09:56:46.366,1.52151,1.52175,1.57,2.07
2014.06.26 09:56:46.873,1.52153,1.52175,1.34,1.88
2014.06.26 09:56:47.377,1.52155,1.52176,1.00,1.63
2014.06.26 09:56:48.341,1.52155,1.52177,1.00,1.32
2014.06.26 09:56:48.843,1.52155,1.52177,1.25,1.32
2014.06.26 09:56:49.559,1.52155,1.52177,1.25,1.63
2014.06.26 09:56:49.866,1.52155,1.52175,1.13,2.07
2014.06.26 09:56:50.070,1.52155,1.52174,1.00,3.72
2014.06.26 09:56:50.120,1.52155,1.5217,1.00,1.57
2014.06.26 09:56:50.223,1.52155,1.52171,1.00,1.69
2014.06.26 09:56:50.730,1.52155,1.52171,1.00,1.13
2014.06.26 09:56:51.035,1.52155,1.52174,1.00,1.69
2014.06.26 09:56:51.712,1.52156,1.52174,1.10,1.19
2014.06.26 09:56:52.233,1.52156,1.52177,1.10,1.57
2014.06.26 09:56:52.907,1.52156,1.52177,1.20,1.19
2014.06.26 09:56:53.060,1.52156,1.52178,1.39,1.19
2014.06.26 09:56:55.039,1.52156,1.52179,1.39,1.57
2014.06.26 09:56:56.868,1.5216,1.5218,1.00,1.57
2014.06.26 09:56:57.400,1.5216,1.52181,1.00,2.82
2014.06.26 09:56:57.451,1.5216,1.52181,1.00,2.82
2014.06.26 09:56:57.961,1.52156,1.52174,1.20,1.00
2014.06.26 09:56:58.265,1.52161,1.52177,1.00,1.57
2014.06.26 09:56:59.537,1.52161,1.52177,1.08,1.25
2014.06.26 09:56:59.588,1.52161,1.52181,1.18,1.47
2014.06.26 09:56:59.639,1.52165,1.52182,1.00,2.22
2014.06.26 09:56:59.843,1.5216,1.52182,1.18,1.57
2014.06.26 09:57:00.356,1.5216,1.5218,1.10,1.19
2014.06.26 09:57:00.508,1.52166,1.5218,1.00,1.19
2014.06.26 09:57:00.610,1.52161,1.5218,1.00,1.19
2014.06.26 09:57:00.827,1.52166,1.52181,1.00,1.32
2014.06.26 09:57:01.057,1.5216,1.52182,1.10,2.07
2014.06.26 09:57:01.745,1.52161,1.52182,1.00,2.82
2014.06.26 09:57:03.087,1.52161,1.52181,1.00,1.32
2014.06.26 09:57:05.066,1.52161,1.52181,1.15,1.32
2014.06.26 09:57:13.321,1.52161,1.52183,1.15,2.07
2014.06.26 09:57:15.145,1.52161,1.52183,1.40,1.57
2014.06.26 09:57:16.352,1.52161,1.52183,1.40,1.57
2014.06.26 09:57:26.523,1.52161,1.52183,1.84,1.57
2014.06.26 09:57:32.219,1.52162,1.52184,1.69,2.37
2014.06.26 09:57:35.561,1.52166,1.52186,1.10,1.57
2014.06.26 09:57:36.105,1.52165,1.52186,1.00,1.57
2014.06.26 09:57:36.557,1.52165,1.52186,1.00,1.57
2014.06.26 09:57:38.491,1.52166,1.52186,1.25,1.25
2014.06.26 09:57:38.593,1.52168,1.52187,1.00,1.19
2014.06.26 09:57:38.695,1.52168,1.52188,1.80,1.00
2014.06.26 09:57:38.848,1.52171,1.52189,1.50,1.32
2014.06.26 09:57:39.153,1.52176,1.52194,1.00,2.34
2014.06.26 09:57:40.155,1.52175,1.52194,1.00,1.57
2014.06.26 09:57:40.890,1.52175,1.52195,1.00,2.07
2014.06.26 09:57:41.043,1.5218,1.52195,1.00,1.50
2014.06.26 09:57:41.348,1.52186,1.52198,1.38,1.00
2014.06.26 09:57:41.399,1.52186,1.52206,1.38,2.07
2014.06.26 09:57:41.450,1.52186,1.52206,1.57,1.88
2014.06.26 09:57:41.912,1.52191,1.5221,1.00,1.67
2014.06.26 09:57:42.420,1.52191,1.52209,1.00,3.72
2014.06.26 09:57:42.573,1.52186,1.52204,1.00,1.38
2014.06.26 09:57:43.095,1.52185,1.52205,1.00,2.22
2014.06.26 09:57:43.685,1.52186,1.52204,1.00,2.22
2014.06.26 09:57:44.086,1.52182,1.52204,1.20,2.97
2014.06.26 09:57:44.289,1.52181,1.52203,1.00,1.77
2014.06.26 09:57:44.340,1.52186,1.52203,1.00,1.77
2014.06.26 09:57:44.747,1.52191,1.52204,1.00,1.57
2014.06.26 09:57:45.263,1.5219,1.52206,1.00,3.34
2014.06.26 09:57:45.889,1.5219,1.52206,1.00,1.84
2014.06.26 09:57:46.395,1.52191,1.52206,1.00,1.84
2014.06.26 09:57:49.096,1.52196,1.52206,1.00,1.72
2014.06.26 09:57:49.315,1.52191,1.52206,1.00,1.72
2014.06.26 09:57:49.701,1.52191,1.52209,1.00,2.14
2014.06.26 09:57:51.330,1.52195,1.5221,1.00,1.77
2014.06.26 09:57:51.533,1.52195,1.52212,1.00,1.09
2014.06.26 09:57:52.074,1.52196,1.52214,1.00,2.89
2014.06.26 09:57:52.175,1.52201,1.52214,1.00,1.39
2014.06.26 09:57:52.632,1.522,1.52216,1.00,1.84
2014.06.26 09:57:52.835,1.52206,1.52217,1.00,1.39
2014.06.26 09:57:53.344,1.52206,1.52216,1.00,1.00
2014.06.26 09:57:53.395,1.52201,1.52216,1.00,1.00
2014.06.26 09:57:54.060,1.52195,1.52219,2.40,2.97
2014.06.26 09:57:54.263,1.52196,1.52215,1.00,1.32
2014.06.26 09:57:54.568,1.52196,1.52214,1.00,2.14
2014.06.26 09:57:54.924,1.52195,1.52209,1.00,1.38
2014.06.26 09:57:55.502,1.52196,1.52209,1.00,1.57
2014.06.26 09:57:55.966,1.5219,1.52209,1.00,1.69
2014.06.26 09:57:56.373,1.52195,1.52209,1.00,1.69
2014.06.26 09:57:56.678,1.52195,1.52214,1.00,2.97
2014.06.26 09:57:56.729,1.522,1.52214,1.00,2.97
2014.06.26 09:57:57.285,1.52196,1.52214,1.00,2.82
2014.06.26 09:58:06.696,1.52195,1.52213,1.00,1.77
2014.06.26 09:58:07.921,1.52196,1.52213,1.00,1.47
2014.06.26 09:58:08.440,1.52195,1.52213,1.00,1.47
2014.06.26 09:58:08.866,1.52191,1.52214,1.84,2.07
2014.06.26 09:58:09.069,1.5219,1.52214,2.14,1.57
2014.06.26 09:58:09.120,1.52195,1.52214,1.00,1.57
2014.06.26 09:58:09.433,1.52195,1.52215,1.00,2.44
2014.06.26 09:58:09.484,1.52195,1.52215,1.00,2.44
2014.06.26 09:58:09.535,1.52191,1.52214,2.74,1.57
2014.06.26 09:58:09.638,1.52196,1.52215,1.00,2.44
2014.06.26 09:58:10.034,1.52196,1.52214,1.00,1.57
2014.06.26 09:58:11.513,1.52195,1.52214,1.00,1.57
2014.06.26 09:58:12.248,1.52195,1.52214,1.00,1.67
2014.06.26 09:58:13.147,1.522,1.52214,1.00,1.67
2014.06.26 09:58:13.384,1.52196,1.52215,1.00,3.34
2014.06.26 09:58:14.844,1.52196,1.52214,1.00,1.67
2014.06.26 09:58:14.997,1.5219,1.52213,1.10,2.22
2014.06.26 09:58:15.303,1.52191,1.52209,1.00,1.57
2014.06.26 09:58:15.354,1.52186,1.52208,1.50,1.02
2014.06.26 09:58:15.405,1.52186,1.52207,1.50,1.57
2014.06.26 09:58:15.811,1.52184,1.52205,1.00,1.39
2014.06.26 09:58:16.365,1.52183,1.52205,1.50,1.39
2014.06.26 09:58:17.304,1.52185,1.52206,1.00,2.37
2014.06.26 09:58:20.494,1.52186,1.52205,1.00,1.67
2014.06.26 09:58:21.309,1.52186,1.52202,1.00,1.57
2014.06.26 09:58:21.858,1.52185,1.52202,1.00,1.57
2014.06.26 09:58:22.164,1.52185,1.52202,1.00,1.57
2014.06.26 09:58:22.760,1.52186,1.52201,1.00,1.57
2014.06.26 09:58:23.146,1.5218,1.522,1.00,1.57
2014.06.26 09:58:24.572,1.52185,1.52204,1.00,2.22
2014.06.26 09:58:27.689,1.52185,1.52202,1.00,1.57
2014.06.26 09:58:27.994,1.52186,1.52204,1.75,2.07
2014.06.26 09:58:28.361,1.52186,1.52204,1.00,2.22
2014.06.26 09:58:28.666,1.52191,1.52205,1.00,1.57
2014.06.26 09:58:28.717,1.52191,1.52205,1.00,1.57
2014.06.26 09:58:28.871,1.5219,1.52209,1.00,1.88
2014.06.26 09:58:29.176,1.52191,1.52211,1.00,2.22
2014.06.26 09:58:29.685,1.52191,1.52212,1.18,1.57
2014.06.26 09:58:30.332,1.5219,1.52212,1.00,1.77
2014.06.26 09:58:30.733,1.52195,1.52213,1.00,1.32
2014.06.26 09:58:31.112,1.52195,1.52213,1.00,1.19
2014.06.26 09:58:31.644,1.52196,1.52214,1.00,1.69
2014.06.26 09:58:34.085,1.52196,1.52214,1.00,1.69
2014.06.26 09:58:34.865,1.52196,1.52214,1.00,1.69
2014.06.26 09:58:35.398,1.52195,1.52214,1.00,1.69
2014.06.26 09:58:36.098,1.52196,1.52214,1.00,1.69
2014.06.26 09:58:36.635,1.52195,1.52213,1.00,1.25
2014.06.26 09:58:37.177,1.52195,1.52213,1.00,1.19
2014.06.26 09:58:37.961,1.52195,1.52213,1.00,1.25
2014.06.26 09:58:38.715,1.52201,1.52213,1.00,1.25
2014.06.26 09:58:38.868,1.52196,1.52213,1.00,1.25
2014.06.26 09:58:41.289,1.52192,1.52213,1.09,1.00
2014.06.26 09:58:41.855,1.52192,1.52214,1.09,1.69
2014.06.26 09:58:42.937,1.52191,1.52214,1.84,1.69
2014.06.26 09:58:43.333,1.52196,1.52214,1.00,1.19
2014.06.26 09:58:47.156,1.52196,1.52216,1.00,1.19
2014.06.26 09:58:48.105,1.52196,1.52216,1.38,1.19
2014.06.26 09:58:48.178,1.52195,1.52215,1.13,1.00
2014.06.26 09:58:48.434,1.522,1.52219,1.00,1.19
2014.06.26 09:58:48.537,1.52197,1.52214,1.27,1.00
2014.06.26 09:58:49.065,1.52199,1.52214,1.00,1.00
2014.06.26 09:58:51.614,1.52199,1.5222,1.00,1.57
2014.06.26 09:58:52.139,1.52198,1.5222,1.02,1.57
2014.06.26 09:58:53.022,1.52198,1.5222,1.02,1.63
2014.06.26 09:58:53.573,1.52198,1.5222,1.02,1.63
2014.06.26 09:58:54.403,1.52199,1.5222,1.20,1.63
2014.06.26 09:58:54.951,1.52199,1.5222,1.39,1.63
2014.06.26 09:58:55.904,1.52199,1.5222,1.09,1.57
2014.06.26 09:58:56.598,1.52199,1.5222,1.09,1.57
2014.06.26 09:58:57.433,1.52198,1.5222,1.02,1.63
2014.06.26 09:58:58.050,1.52198,1.5222,1.29,1.57
2014.06.26 09:58:58.466,1.52197,1.5222,1.00,3.04
2014.06.26 09:58:59.122,1.52196,1.52219,1.20,1.67
2014.06.26 09:58:59.470,1.52196,1.52219,1.39,1.67
2014.06.26 09:59:00.125,1.52197,1.52219,1.19,1.48
2014.06.26 09:59:00.329,1.522,1.52224,1.32,1.57
2014.06.26 09:59:00.381,1.522,1.52223,1.13,1.57
2014.06.26 09:59:00.890,1.52201,1.52223,1.00,2.07
2014.06.26 09:59:01.359,1.52205,1.52224,1.00,1.25
2014.06.26 09:59:01.513,1.52207,1.52225,1.30,1.00
2014.06.26 09:59:01.564,1.52207,1.52227,1.80,1.13
2014.06.26 09:59:01.870,1.52209,1.52228,1.09,1.38
2014.06.26 09:59:02.175,1.52211,1.52229,1.30,1.25
2014.06.26 09:59:02.481,1.5221,1.5223,2.29,1.00
2014.06.26 09:59:03.032,1.52213,1.5223,2.89,1.00
2014.06.26 09:59:03.083,1.52213,1.52235,2.89,1.00
2014.06.26 09:59:03.237,1.52215,1.52234,1.18,1.00
2014.06.26 09:59:03.885,1.52215,1.52235,1.18,1.00
2014.06.26 09:59:04.399,1.52216,1.52239,1.33,2.82
2014.06.26 09:59:05.790,1.52216,1.52239,1.50,2.82
2014.06.26 09:59:06.095,1.52218,1.52239,1.00,2.07
2014.06.26 09:59:06.277,1.52216,1.52239,1.00,2.97
2014.06.26 09:59:06.783,1.52216,1.52234,1.00,1.00
2014.06.26 09:59:07.056,1.52216,1.52234,1.27,1.00
2014.06.26 09:59:07.159,1.52219,1.52239,1.10,2.07
2014.06.26 09:59:07.927,1.52219,1.52239,1.25,1.32
2014.06.26 09:59:08.181,1.52221,1.52239,1.00,1.32
2014.06.26 09:59:08.639,1.52221,1.52234,1.00,1.00
2014.06.26 09:59:09.758,1.52221,1.5224,1.00,1.19
2014.06.26 09:59:10.291,1.52221,1.52234,1.00,1.00
2014.06.26 09:59:11.054,1.52221,1.5224,1.00,1.57
2014.06.26 09:59:11.425,1.52221,1.52235,1.00,1.00
2014.06.26 09:59:11.635,1.52221,1.52239,1.00,1.13
2014.06.26 09:59:11.845,1.52221,1.52235,1.00,1.00
2014.06.26 09:59:12.602,1.52221,1.52234,1.00,1.00
2014.06.26 09:59:12.653,1.52219,1.52234,1.25,1.00
2014.06.26 09:59:13.161,1.52217,1.52235,1.00,1.25
2014.06.26 09:59:13.314,1.52216,1.52234,1.00,1.38
2014.06.26 09:59:13.618,1.52212,1.52234,1.84,1.38
2014.06.26 09:59:13.822,1.52212,1.52229,1.69,1.00
2014.06.26 09:59:14.398,1.52211,1.52224,1.19,1.00
2014.06.26 09:59:14.602,1.52211,1.52229,1.19,1.00
2014.06.26 09:59:14.806,1.5221,1.52229,1.20,1.63
2014.06.26 09:59:14.958,1.52207,1.5223,1.18,2.07
2014.06.26 09:59:15.367,1.52206,1.52224,1.33,1.00
2014.06.26 09:59:15.897,1.52206,1.52225,1.25,1.00
2014.06.26 09:59:16.406,1.52207,1.52229,1.10,2.07
2014.06.26 09:59:16.880,1.52207,1.5223,1.29,2.07
2014.06.26 09:59:18.028,1.52207,1.5223,1.02,2.07
2014.06.26 09:59:18.751,1.52211,1.5223,1.00,1.57
2014.06.26 09:59:19.157,1.5221,1.52225,1.00,1.00
2014.06.26 09:59:19.361,1.52207,1.52224,1.00,1.00
2014.06.26 09:59:19.412,1.52207,1.52229,1.00,1.74
2014.06.26 09:59:19.955,1.52206,1.52229,1.00,1.74
2014.06.26 09:59:20.462,1.52205,1.5223,1.69,2.59
2014.06.26 09:59:21.090,1.52206,1.5223,1.00,1.72
2014.06.26 09:59:21.631,1.52205,1.52229,1.19,1.74
2014.06.26 09:59:23.019,1.52203,1.52224,1.84,1.25
2014.06.26 09:59:23.551,1.52201,1.52224,1.32,1.09
2014.06.26 09:59:23.743,1.52201,1.52224,1.02,1.27
2014.06.26 09:59:24.707,1.52201,1.52224,1.39,1.19
2014.06.26 09:59:25.123,1.522,1.5222,1.84,1.00
2014.06.26 09:59:25.442,1.52203,1.52214,1.00,1.00
2014.06.26 09:59:26.152,1.52201,1.52214,1.09,1.00
2014.06.26 09:59:27.512,1.52201,1.52215,1.20,1.00
2014.06.26 09:59:28.022,1.52199,1.52215,1.84,1.00
2014.06.26 09:59:28.073,1.52201,1.52219,1.00,1.00
2014.06.26 09:59:28.732,1.52201,1.52219,1.00,1.32
2014.06.26 09:59:29.102,1.52195,1.52214,1.37,1.00
2014.06.26 09:59:29.154,1.52195,1.52214,1.18,1.00
2014.06.26 09:59:29.560,1.52197,1.52214,1.19,1.00
2014.06.26 09:59:29.713,1.52197,1.52219,1.39,1.32
2014.06.26 09:59:29.917,1.522,1.52216,1.10,1.20
2014.06.26 09:59:30.120,1.52193,1.52214,2.14,1.00
2014.06.26 09:59:30.476,1.52195,1.52218,3.83,1.19
2014.06.26 09:59:30.983,1.52196,1.52218,3.19,1.00
2014.06.26 09:59:31.287,1.52198,1.52214,1.00,1.00
2014.06.26 09:59:31.862,1.52196,1.52214,1.25,1.00
2014.06.26 09:59:32.940,1.52196,1.52204,1.25,1.00
2014.06.26 09:59:33.042,1.52195,1.52209,1.19,1.00
2014.06.26 09:59:33.144,1.52195,1.52204,1.00,1.00
2014.06.26 09:59:33.296,1.52188,1.52204,1.84,1.00
2014.06.26 09:59:33.347,1.52188,1.52209,1.84,1.00
2014.06.26 09:59:33.924,1.52188,1.5221,1.37,1.88
2014.06.26 09:59:34.127,1.52188,1.52209,1.19,1.08
2014.06.26 09:59:34.483,1.52186,1.5221,1.19,1.47
2014.06.26 09:59:35.524,1.52185,1.52209,2.67,1.27
2014.06.26 09:59:35.704,1.52186,1.52202,1.39,1.00
2014.06.26 09:59:35.806,1.52186,1.52209,1.39,2.14
2014.06.26 09:59:36.491,1.52185,1.52209,1.29,2.14
2014.06.26 09:59:37.486,1.52185,1.52209,1.29,2.14
2014.06.26 09:59:40.522,1.52185,1.52208,1.02,2.14
2014.06.26 09:59:41.277,1.52186,1.52208,1.00,2.14
2014.06.26 09:59:43.741,1.5219,1.52208,1.00,1.77
2014.06.26 09:59:43.843,1.52186,1.52208,1.00,1.77
2014.06.26 09:59:45.429,1.52186,1.52208,1.25,2.14
2014.06.26 09:59:45.632,1.52186,1.52205,1.00,2.07
2014.06.26 09:59:45.734,1.52181,1.522,1.00,1.00
2014.06.26 09:59:45.836,1.52191,1.52203,1.00,1.72
2014.06.26 09:59:46.044,1.52186,1.52203,1.00,1.70
2014.06.26 09:59:46.750,1.52186,1.52205,1.00,1.29
2014.06.26 09:59:47.476,1.52186,1.52205,1.00,1.29
2014.06.26 09:59:48.674,1.52186,1.52205,1.25,1.10
2014.06.26 09:59:49.183,1.52186,1.52207,1.25,2.29
2014.06.26 09:59:50.111,1.52183,1.52205,1.69,1.00
2014.06.26 09:59:50.661,1.52183,1.52205,2.44,1.00
2014.06.26 09:59:51.559,1.52183,1.52204,2.44,1.00
2014.06.26 09:59:51.652,1.52185,1.52207,1.32,1.54
2014.06.26 09:59:51.703,1.52185,1.52204,1.32,1.20
2014.06.26 09:59:52.237,1.52186,1.52206,1.00,1.77
2014.06.26 09:59:54.891,1.52186,1.52202,1.00,1.20
2014.06.26 09:59:55.953,1.52186,1.52204,1.00,1.39
2014.06.26 09:59:56.592,1.52186,1.52206,1.00,2.22
2014.06.26 09:59:57.015,1.52186,1.52204,1.00,1.39
2014.06.26 09:59:57.066,1.52182,1.52204,1.10,1.84
2014.06.26 09:59:58.001,1.52182,1.52203,1.02,1.39
2014.06.26 09:59:58.406,1.52186,1.52201,1.00,1.20
2014.06.26 09:59:59.349,1.52186,1.52203,1.00,1.39
