2009.05.27 02:00:00.173,1.73275,1.7334,1.20,1.60
2009.05.27 02:00:00.653,1.7329,1.73345,1.20,1.60
2009.05.27 02:00:00.942,1.7328,1.7335,1.20,4.60
2009.05.27 02:00:01.232,1.7328,1.73345,1.20,1.60
2009.05.27 02:00:02.352,1.7327,1.7334,2.40,3.00
2009.05.27 02:00:02.642,1.7327,1.7334,3.00,3.00
2009.05.27 02:00:02.912,1.7328,1.73345,1.60,3.00
2009.05.27 02:00:03.202,1.7328,1.73345,1.60,4.60
2009.05.27 02:00:03.322,1.7328,1.73345,1.60,3.00
2009.05.27 02:00:03.662,1.7328,1.73345,2.80,1.60
2009.05.27 02:00:03.952,1.7328,1.73345,1.60,3.00
2009.05.27 02:00:04.642,1.73285,1.7335,1.20,3.00
2009.05.27 02:00:05.211,1.7328,1.73345,1.60,3.00
2009.05.27 02:00:05.661,1.7328,1.7335,2.80,3.60
2009.05.27 02:00:08.291,1.73285,1.7335,1.20,2.00
2009.05.27 02:00:08.590,1.7329,1.7335,1.00,2.00
2009.05.27 02:00:08.760,1.7329,1.7335,1.00,1.60
2009.05.27 02:00:08.940,1.7329,1.7336,2.40,1.60
2009.05.27 02:00:09.110,1.7329,1.73365,2.40,1.60
2009.05.27 02:00:09.460,1.7329,1.7337,2.40,1.60
2009.05.27 02:00:09.760,1.73285,1.7337,3.60,1.60
2009.05.27 02:00:10.050,1.73295,1.7337,1.00,1.60
2009.05.27 02:00:10.330,1.733,1.7337,1.60,1.60
2009.05.27 02:00:11.450,1.733,1.7337,2.80,1.60
2009.05.27 02:00:11.560,1.733,1.7337,3.60,1.60
2009.05.27 02:00:11.670,1.733,1.7337,2.80,1.60
2009.05.27 02:00:11.780,1.733,1.7337,1.60,1.60
2009.05.27 02:00:12.579,1.733,1.7337,2.80,1.60
2009.05.27 02:00:12.920,1.733,1.73355,1.60,3.00
2009.05.27 02:00:13.209,1.73285,1.73355,1.20,4.60
2009.05.27 02:00:13.439,1.73285,1.73355,1.20,3.60
2009.05.27 02:00:14.309,1.733,1.7335,1.00,4.60
2009.05.27 02:00:14.529,1.73285,1.7335,1.20,4.60
2009.05.27 02:00:14.759,1.73285,1.7335,1.20,3.00
2009.05.27 02:00:14.979,1.73285,1.7334,1.00,3.00
2009.05.27 02:00:15.209,1.73295,1.7335,1.00,2.00
2009.05.27 02:00:15.389,1.733,1.73355,1.60,1.60
2009.05.27 02:00:15.789,1.733,1.7337,1.60,1.60
2009.05.27 02:00:16.139,1.73315,1.7337,1.60,1.60
2009.05.27 02:00:16.368,1.73315,1.7337,1.00,1.60
2009.05.27 02:00:16.609,1.7331,1.73375,1.60,4.60
2009.05.27 02:00:16.888,1.7331,1.73375,1.60,3.60
2009.05.27 02:00:17.099,1.7331,1.73355,1.60,3.00
2009.05.27 02:00:17.328,1.7326,1.7336,2.00,3.00
2009.05.27 02:00:17.618,1.73275,1.7336,1.20,1.60
2009.05.27 02:00:17.888,1.73265,1.7336,1.60,4.60
2009.05.27 02:00:18.238,1.7326,1.73345,1.20,1.00
2009.05.27 02:00:19.058,1.7327,1.73345,3.60,3.60
2009.05.27 02:00:19.228,1.7327,1.73345,3.60,3.00
2009.05.27 02:00:19.568,1.7327,1.73345,5.20,3.00
2009.05.27 02:00:21.007,1.7328,1.73345,1.60,3.00
2009.05.27 02:00:21.298,1.7328,1.73345,5.60,3.00
2009.05.27 02:00:21.477,1.7331,1.7335,1.00,1.60
2009.05.27 02:00:21.757,1.73305,1.7335,2.00,1.60
2009.05.27 02:00:21.997,1.73305,1.73385,3.60,1.60
2009.05.27 02:00:22.217,1.73305,1.73395,3.60,1.60
2009.05.27 02:00:22.387,1.73305,1.734,3.60,1.60
2009.05.27 02:00:22.627,1.7332,1.7341,3.60,1.60
2009.05.27 02:00:22.797,1.7332,1.7341,2.00,1.60
2009.05.27 02:00:23.037,1.73305,1.73355,3.20,3.00
2009.05.27 02:00:23.207,1.733,1.73355,1.00,3.00
2009.05.27 02:00:23.737,1.73285,1.73355,1.00,3.00
2009.05.27 02:00:24.087,1.73295,1.7334,1.00,3.00
2009.05.27 02:00:24.197,1.73295,1.73345,1.00,3.00
2009.05.27 02:00:24.606,1.73295,1.73345,1.40,3.00
2009.05.27 02:00:25.296,1.7329,1.7334,1.40,3.00
2009.05.27 02:00:25.596,1.7329,1.73345,1.40,3.00
2009.05.27 02:00:26.166,1.7329,1.73345,1.00,3.00
2009.05.27 02:00:26.446,1.73285,1.73345,1.00,3.00
2009.05.27 02:00:29.026,1.7328,1.73345,2.80,3.00
2009.05.27 02:00:29.136,1.7327,1.73345,2.20,3.00
2009.05.27 02:00:29.195,1.7327,1.73345,2.20,3.60
2009.05.27 02:00:29.365,1.7327,1.73345,1.60,3.60
2009.05.27 02:00:29.585,1.7328,1.73345,1.20,3.60
2009.05.27 02:00:30.165,1.7328,1.73345,1.20,3.00
2009.05.27 02:00:31.295,1.7327,1.73335,5.40,3.00
2009.05.27 02:00:31.575,1.7327,1.73335,3.60,3.00
2009.05.27 02:00:31.745,1.7328,1.73335,1.60,3.00
2009.05.27 02:00:32.375,1.7328,1.73325,1.60,3.00
2009.05.27 02:00:33.165,1.7326,1.73325,2.80,3.00
2009.05.27 02:00:33.904,1.73265,1.7333,2.00,3.00
2009.05.27 02:00:34.254,1.73265,1.7334,2.00,4.60
2009.05.27 02:00:34.314,1.73265,1.7334,2.00,3.00
2009.05.27 02:00:34.644,1.73265,1.73335,2.00,3.00
2009.05.27 02:00:35.044,1.73285,1.73335,1.00,3.00
2009.05.27 02:00:35.404,1.7329,1.73345,2.00,1.60
2009.05.27 02:00:35.804,1.7329,1.7335,2.00,3.00
2009.05.27 02:00:36.954,1.73295,1.73355,1.20,1.60
2009.05.27 02:00:37.354,1.733,1.7336,1.00,4.60
2009.05.27 02:00:37.923,1.733,1.73355,1.00,3.00
2009.05.27 02:00:38.733,1.733,1.73365,2.00,4.60
2009.05.27 02:00:39.253,1.733,1.7336,2.00,1.60
2009.05.27 02:00:40.453,1.733,1.73365,2.00,4.60
2009.05.27 02:00:41.083,1.733,1.7336,1.00,3.00
2009.05.27 02:00:42.282,1.733,1.7336,1.00,4.60
2009.05.27 02:00:48.341,1.733,1.73355,1.00,3.00
2009.05.27 02:00:50.520,1.733,1.7336,1.00,4.60
2009.05.27 02:00:51.160,1.733,1.7336,1.20,1.60
2009.05.27 02:00:52.820,1.7329,1.73355,3.60,3.00
2009.05.27 02:00:53.170,1.7329,1.73355,2.80,3.00
2009.05.27 02:00:53.409,1.7329,1.73355,2.80,4.60
2009.05.27 02:00:58.629,1.733,1.73355,1.20,1.60
2009.05.27 02:00:58.749,1.73295,1.73355,1.20,1.60
2009.05.27 02:00:59.098,1.733,1.73355,1.20,1.60
2009.05.27 02:01:01.118,1.73305,1.73355,1.20,1.60
2009.05.27 02:01:01.748,1.73305,1.7337,1.20,4.60
2009.05.27 02:01:02.677,1.73305,1.7337,1.20,3.00
2009.05.27 02:01:02.857,1.73305,1.73365,1.20,1.60
2009.05.27 02:01:14.855,1.733,1.73365,1.20,4.60
2009.05.27 02:01:15.374,1.733,1.7336,1.20,1.60
2009.05.27 02:01:18.134,1.73295,1.7336,1.20,4.60
2009.05.27 02:01:22.472,1.7329,1.73355,2.80,3.00
2009.05.27 02:01:29.581,1.7329,1.7336,2.80,4.60
2009.05.27 02:01:30.601,1.7329,1.7336,1.20,4.60
2009.05.27 02:01:31.360,1.733,1.7336,1.20,1.60
2009.05.27 02:01:31.590,1.7329,1.73365,4.40,4.60
2009.05.27 02:01:31.910,1.7329,1.73365,4.40,5.20
2009.05.27 02:01:32.320,1.7329,1.7336,1.60,3.00
2009.05.27 02:01:32.670,1.7329,1.7336,1.60,4.60
2009.05.27 02:01:34.060,1.7329,1.73355,1.60,3.00
2009.05.27 02:01:34.460,1.7329,1.7336,1.60,4.60
2009.05.27 02:01:36.059,1.7329,1.7336,1.60,5.60
2009.05.27 02:01:36.409,1.7329,1.7334,1.60,3.00
2009.05.27 02:01:36.629,1.7329,1.73345,1.60,3.00
2009.05.27 02:01:36.799,1.7331,1.7335,1.20,1.00
2009.05.27 02:01:36.909,1.7331,1.73355,1.20,2.00
2009.05.27 02:01:37.439,1.733,1.73365,3.60,3.00
2009.05.27 02:01:37.739,1.73305,1.7337,1.00,3.00
2009.05.27 02:01:42.098,1.733,1.7337,1.00,12.60
2009.05.27 02:01:42.678,1.7329,1.7337,3.60,12.60
2009.05.27 02:01:42.788,1.7329,1.73355,1.60,3.00
2009.05.27 02:01:43.018,1.7329,1.73355,1.60,3.60
2009.05.27 02:01:43.138,1.73285,1.73355,1.00,3.60
2009.05.27 02:01:44.977,1.73285,1.73345,1.00,1.00
2009.05.27 02:01:45.217,1.73285,1.7334,1.00,1.00
2009.05.27 02:01:45.557,1.73285,1.73345,1.00,1.00
2009.05.27 02:01:46.707,1.73285,1.73345,1.00,3.60
2009.05.27 02:01:47.047,1.73285,1.7335,1.00,2.00
2009.05.27 02:01:47.397,1.7328,1.7335,1.00,2.00
2009.05.27 02:01:47.786,1.7328,1.73345,1.00,1.00
2009.05.27 02:01:48.246,1.73285,1.73345,2.80,1.00
2009.05.27 02:01:48.466,1.73285,1.7335,3.60,1.60
2009.05.27 02:01:48.696,1.73285,1.7336,3.60,2.00
2009.05.27 02:01:52.445,1.73295,1.7336,1.00,2.00
2009.05.27 02:01:54.215,1.73295,1.73355,1.00,3.00
2009.05.27 02:01:54.615,1.73295,1.7336,1.00,2.00
2009.05.27 02:01:55.345,1.73295,1.7336,1.00,1.60
2009.05.27 02:01:55.634,1.733,1.7336,2.00,1.60
2009.05.27 02:01:55.984,1.733,1.73365,2.00,4.60
2009.05.27 02:01:57.324,1.73305,1.73365,1.20,1.60
2009.05.27 02:01:57.854,1.73305,1.73365,2.00,1.60
2009.05.27 02:01:58.154,1.73305,1.7337,2.00,4.60
2009.05.27 02:01:59.973,1.73315,1.7337,1.20,1.60
2009.05.27 02:02:00.213,1.73315,1.73375,1.20,1.60
2009.05.27 02:02:00.323,1.73315,1.7338,1.20,5.20
2009.05.27 02:02:02.173,1.7332,1.7338,1.20,1.60
2009.05.27 02:02:02.743,1.7332,1.7338,1.20,8.00
2009.05.27 02:02:02.863,1.7332,1.7338,1.20,9.60
2009.05.27 02:02:03.093,1.7332,1.7338,1.20,1.60
2009.05.27 02:02:03.203,1.7332,1.7338,1.20,9.60
2009.05.27 02:02:03.753,1.7332,1.73385,1.20,3.00
2009.05.27 02:02:05.592,1.7331,1.7337,2.40,3.00
2009.05.27 02:02:05.822,1.7331,1.73375,3.60,3.00
2009.05.27 02:02:06.102,1.7332,1.73385,1.20,3.00
2009.05.27 02:02:06.512,1.7332,1.73385,2.80,3.00
2009.05.27 02:02:06.812,1.7333,1.73395,1.20,3.00
2009.05.27 02:02:10.101,1.73345,1.73405,1.20,10.00
2009.05.27 02:02:10.451,1.73345,1.73405,1.20,1.60
2009.05.27 02:02:10.621,1.73345,1.7341,1.20,12.60
2009.05.27 02:02:10.731,1.73345,1.7341,1.20,11.00
2009.05.27 02:02:16.340,1.7334,1.7341,1.60,11.00
2009.05.27 02:02:16.620,1.7333,1.7341,1.60,11.00
2009.05.27 02:02:16.730,1.7333,1.734,1.60,8.00
2009.05.27 02:02:27.897,1.7333,1.7341,1.20,11.00
2009.05.27 02:02:32.126,1.7333,1.73405,2.80,3.00
2009.05.27 02:02:32.466,1.7333,1.73405,1.20,3.00
2009.05.27 02:02:36.385,1.7333,1.7341,2.80,10.00
2009.05.27 02:02:36.715,1.7333,1.7341,2.80,2.00
2009.05.27 02:02:37.175,1.7333,1.7341,2.80,8.40
2009.05.27 02:02:37.625,1.7333,1.73405,2.80,3.00
2009.05.27 02:02:37.844,1.7333,1.73405,1.20,3.00
2009.05.27 02:02:39.664,1.7333,1.73405,2.80,3.00
2009.05.27 02:02:41.294,1.7333,1.73405,1.20,3.00
2009.05.27 02:02:41.514,1.73325,1.734,1.60,8.00
2009.05.27 02:02:41.854,1.7333,1.734,1.20,8.00
2009.05.27 02:02:42.033,1.73325,1.734,1.60,8.00
2009.05.27 02:02:42.204,1.73325,1.73405,1.60,3.60
2009.05.27 02:02:42.563,1.73325,1.734,1.60,8.00
2009.05.27 02:02:43.493,1.73315,1.734,1.20,8.00
2009.05.27 02:02:43.713,1.7331,1.7338,1.00,3.00
2009.05.27 02:02:43.933,1.73305,1.7338,1.20,3.00
2009.05.27 02:02:44.053,1.73315,1.7339,1.20,2.00
2009.05.27 02:02:44.273,1.73315,1.7339,1.20,1.60
2009.05.27 02:02:44.603,1.73315,1.734,1.20,2.00
2009.05.27 02:02:44.943,1.73315,1.734,1.20,8.40
2009.05.27 02:02:50.751,1.73315,1.73395,1.20,3.00
2009.05.27 02:02:51.041,1.73315,1.73395,1.20,3.60
2009.05.27 02:02:59.519,1.7331,1.7339,1.00,3.00
2009.05.27 02:02:59.639,1.733,1.7339,3.60,11.00
2009.05.27 02:02:59.759,1.733,1.7339,2.00,11.00
2009.05.27 02:02:59.879,1.733,1.73385,2.00,1.00
2009.05.27 02:03:02.528,1.733,1.7338,2.00,3.00
2009.05.27 02:03:02.708,1.733,1.73375,2.00,1.00
2009.05.27 02:03:03.478,1.73305,1.73375,1.20,1.00
2009.05.27 02:03:03.758,1.73305,1.73375,2.00,1.00
2009.05.27 02:03:03.818,1.73305,1.73385,2.00,3.60
2009.05.27 02:03:04.358,1.7332,1.73385,1.20,3.60
2009.05.27 02:03:04.818,1.7332,1.73385,1.20,3.00
2009.05.27 02:03:06.368,1.7332,1.73395,1.20,4.60
2009.05.27 02:03:06.847,1.7332,1.73395,1.20,3.00
2009.05.27 02:03:07.497,1.7333,1.73395,1.20,3.00
2009.05.27 02:03:09.707,1.73315,1.734,2.00,8.00
2009.05.27 02:03:09.877,1.73315,1.73395,2.00,1.00
2009.05.27 02:03:09.937,1.73315,1.73395,1.20,1.00
2009.05.27 02:03:10.277,1.7333,1.73395,1.20,1.00
2009.05.27 02:03:10.457,1.73315,1.734,2.80,12.60
2009.05.27 02:03:10.747,1.7332,1.73395,1.60,1.00
2009.05.27 02:03:10.987,1.73315,1.73395,1.20,1.00
2009.05.27 02:03:17.425,1.73315,1.73395,1.20,3.60
2009.05.27 02:03:27.063,1.73315,1.7339,1.20,8.00
2009.05.27 02:03:27.412,1.73315,1.73395,1.20,3.60
2009.05.27 02:03:30.842,1.73315,1.7339,1.20,3.00
2009.05.27 02:03:30.962,1.73325,1.7339,1.20,3.00
2009.05.27 02:03:31.242,1.7332,1.7339,1.60,3.00
2009.05.27 02:03:31.952,1.73315,1.7339,1.20,3.00
2009.05.27 02:03:43.519,1.73325,1.7339,1.20,3.00
2009.05.27 02:03:43.639,1.7332,1.7339,1.60,3.00
2009.05.27 02:03:43.818,1.7332,1.7339,1.60,11.00
2009.05.27 02:03:44.049,1.73315,1.7339,1.20,11.00
2009.05.27 02:04:22.389,1.73305,1.7337,2.00,3.00
2009.05.27 02:04:23.939,1.733,1.7336,2.40,3.00
2009.05.27 02:04:24.149,1.733,1.73365,2.00,3.00
2009.05.27 02:04:24.259,1.73305,1.73375,1.20,3.00
2009.05.27 02:04:24.499,1.73305,1.7337,1.20,8.00
2009.05.27 02:04:25.119,1.73305,1.7337,2.00,8.00
2009.05.27 02:04:25.478,1.7331,1.7338,1.20,11.00
2009.05.27 02:04:25.818,1.7331,1.7337,1.20,8.00
2009.05.27 02:04:30.907,1.73275,1.73375,1.00,11.60
2009.05.27 02:04:30.967,1.73275,1.7337,1.00,8.00
2009.05.27 02:04:31.027,1.7327,1.7337,3.80,8.00
2009.05.27 02:04:31.147,1.7327,1.7337,2.20,8.00
2009.05.27 02:04:32.807,1.73295,1.73375,1.20,8.40
2009.05.27 02:04:33.147,1.73295,1.73375,1.20,1.00
2009.05.27 02:04:34.156,1.73295,1.73375,1.20,2.00
2009.05.27 02:04:35.356,1.73295,1.73375,1.20,1.00
2009.05.27 02:04:39.295,1.7329,1.7337,2.00,3.00
2009.05.27 02:04:39.575,1.7329,1.7337,2.00,3.60
2009.05.27 02:04:50.273,1.7329,1.7337,2.80,3.60
2009.05.27 02:04:55.052,1.7329,1.7337,1.20,3.60
2009.05.27 02:04:55.171,1.73285,1.73365,2.80,3.60
2009.05.27 02:04:58.721,1.73285,1.73355,2.80,1.00
2009.05.27 02:05:00.290,1.7329,1.73355,1.60,1.00
2009.05.27 02:05:00.570,1.73295,1.73355,1.60,1.00
2009.05.27 02:05:00.750,1.7329,1.7336,1.60,1.00
2009.05.27 02:05:01.080,1.7329,1.73365,1.60,1.00
2009.05.27 02:05:02.760,1.73295,1.73365,1.20,1.00
2009.05.27 02:05:03.459,1.73295,1.7337,1.20,2.80
2009.05.27 02:05:03.570,1.73295,1.73375,1.20,2.80
2009.05.27 02:05:05.499,1.7329,1.7337,1.60,5.20
2009.05.27 02:05:05.559,1.73285,1.7337,1.20,5.20
2009.05.27 02:05:05.679,1.73285,1.73365,1.20,1.00
2009.05.27 02:05:06.039,1.73285,1.73365,1.20,1.20
2009.05.27 02:05:06.209,1.73285,1.73365,1.20,3.60
2009.05.27 02:05:06.849,1.73295,1.73365,1.20,3.60
2009.05.27 02:05:07.029,1.73295,1.73365,1.20,1.40
2009.05.27 02:05:07.208,1.73295,1.73365,1.20,2.20
2009.05.27 02:05:07.538,1.73295,1.7337,1.20,8.80
2009.05.27 02:05:07.768,1.73285,1.7337,1.60,8.80
2009.05.27 02:05:07.888,1.73275,1.7337,1.60,11.20
2009.05.27 02:05:08.008,1.73275,1.7336,1.60,1.00
2009.05.27 02:05:08.119,1.7329,1.73345,1.20,1.00
2009.05.27 02:05:08.348,1.7329,1.7335,1.20,1.00
2009.05.27 02:05:08.808,1.7329,1.7336,1.20,13.60
2009.05.27 02:05:09.208,1.7329,1.7336,1.20,8.00
2009.05.27 02:05:09.538,1.7328,1.7336,1.20,11.60
2009.05.27 02:05:09.718,1.7328,1.7336,1.20,13.20
2009.05.27 02:05:10.598,1.73285,1.7336,1.20,13.60
2009.05.27 02:05:10.717,1.73285,1.7336,1.20,13.00
2009.05.27 02:05:11.417,1.73285,1.7336,1.20,11.40
2009.05.27 02:05:11.637,1.7328,1.73355,2.80,3.00
2009.05.27 02:05:17.106,1.7328,1.73345,2.80,3.00
2009.05.27 02:05:17.336,1.7328,1.73345,1.20,3.00
2009.05.27 02:05:17.626,1.7327,1.73325,1.60,3.00
2009.05.27 02:05:17.736,1.7326,1.73325,4.40,3.00
2009.05.27 02:05:18.076,1.73265,1.7333,2.80,3.00
2009.05.27 02:05:20.115,1.73275,1.73345,2.80,1.60
2009.05.27 02:05:20.235,1.73275,1.7335,2.80,3.80
2009.05.27 02:05:24.514,1.73275,1.7335,2.80,1.00
2009.05.27 02:05:24.694,1.73275,1.7336,1.20,2.80
2009.05.27 02:05:24.814,1.73265,1.7336,3.60,2.40
2009.05.27 02:05:24.984,1.73265,1.7336,2.80,8.00
2009.05.27 02:05:25.164,1.73265,1.73355,1.20,3.00
2009.05.27 02:05:25.454,1.73265,1.73355,1.20,3.80
2009.05.27 02:05:25.954,1.73265,1.73355,1.20,3.00
2009.05.27 02:05:26.184,1.73285,1.73355,1.20,2.00
2009.05.27 02:05:26.364,1.73285,1.7336,1.20,3.80
2009.05.27 02:05:39.860,1.73285,1.7335,1.20,3.00
2009.05.27 02:06:10.453,1.73295,1.7336,1.20,11.00
2009.05.27 02:06:10.743,1.73295,1.7336,1.20,3.00
2009.05.27 02:06:10.973,1.73295,1.7336,1.20,5.00
2009.05.27 02:06:11.883,1.73295,1.7336,1.20,3.80
2009.05.27 02:06:12.053,1.73295,1.7336,1.20,3.00
2009.05.27 02:06:14.092,1.73295,1.7336,1.20,4.20
2009.05.27 02:06:14.142,1.73295,1.7336,1.20,5.00
2009.05.27 02:06:15.412,1.73275,1.7336,2.80,5.00
2009.05.27 02:06:15.652,1.73275,1.7336,2.80,3.00
2009.05.27 02:06:22.120,1.7327,1.73355,1.60,3.00
2009.05.27 02:06:22.230,1.73265,1.73355,1.20,3.00
2009.05.27 02:06:27.229,1.73265,1.73345,1.20,3.00
2009.05.27 02:06:27.519,1.73265,1.73345,2.80,3.00
2009.05.27 02:06:33.208,1.73265,1.7334,2.80,1.20
2009.05.27 02:06:33.558,1.7326,1.7332,1.60,3.00
2009.05.27 02:06:41.066,1.73255,1.7332,2.80,3.00
2009.05.27 02:06:48.124,1.7326,1.73335,2.80,2.40
2009.05.27 02:06:48.234,1.7327,1.7334,1.60,2.80
2009.05.27 02:06:48.654,1.7327,1.7334,1.60,1.00
2009.05.27 02:06:48.824,1.73275,1.7334,1.60,1.00
2009.05.27 02:06:49.004,1.73275,1.7335,1.60,2.40
2009.05.27 02:06:49.174,1.73275,1.73355,1.60,8.40
2009.05.27 02:06:49.404,1.73275,1.73355,1.60,6.80
2009.05.27 02:06:49.684,1.73275,1.73355,1.60,8.00
2009.05.27 02:06:51.253,1.73275,1.73355,1.60,9.60
2009.05.27 02:06:51.643,1.73275,1.73355,1.60,7.00
2009.05.27 02:06:52.263,1.73275,1.73355,1.60,5.40
2009.05.27 02:06:53.273,1.73275,1.73355,2.80,5.40
2009.05.27 02:06:53.793,1.73275,1.7335,2.80,3.00
2009.05.27 02:06:54.583,1.73275,1.73355,2.80,5.40
2009.05.27 02:06:54.883,1.73275,1.73355,2.80,5.20
2009.05.27 02:07:19.827,1.73275,1.73355,2.80,5.20
2009.05.27 02:07:23.726,1.73275,1.7335,2.80,1.00
2009.05.27 02:07:37.112,1.73275,1.7335,2.80,3.00
2009.05.27 02:07:47.180,1.73275,1.73345,2.80,3.00
2009.05.27 02:07:48.730,1.73275,1.73345,1.20,3.00
2009.05.27 02:07:49.829,1.7327,1.7334,1.20,3.00
2009.05.27 02:07:50.179,1.73265,1.73335,1.20,3.00
2009.05.27 02:07:54.938,1.7325,1.7332,2.80,3.00
2009.05.27 02:07:55.108,1.73255,1.73325,1.20,5.60
2009.05.27 02:07:55.168,1.73255,1.73325,1.20,6.80
2009.05.27 02:07:55.348,1.73255,1.73325,1.20,6.00
2009.05.27 02:07:55.408,1.73255,1.73325,1.20,3.00
2009.05.27 02:07:55.738,1.7326,1.7333,1.20,5.20
2009.05.27 02:07:56.258,1.7326,1.7333,1.20,3.00
2009.05.27 02:08:16.183,1.7326,1.7333,1.20,3.00
2009.05.27 02:08:16.303,1.73265,1.73335,1.20,3.00
2009.05.27 02:08:34.289,1.7326,1.7333,4.40,3.00
2009.05.27 02:08:34.459,1.7326,1.7333,2.80,3.00
2009.05.27 02:08:34.689,1.7326,1.7333,1.20,3.00
2009.05.27 02:08:35.049,1.7326,1.73335,1.20,5.20
2009.05.27 02:08:35.339,1.7326,1.73335,1.20,3.60
2009.05.27 02:08:35.799,1.7326,1.7333,1.20,3.00
2009.05.27 02:08:37.038,1.73255,1.7332,1.20,3.00
2009.05.27 02:08:52.484,1.73265,1.73335,1.20,4.60
2009.05.27 02:08:52.984,1.73265,1.73335,1.20,3.00
2009.05.27 02:08:58.063,1.7326,1.73325,1.20,3.00
2009.05.27 02:08:59.832,1.7327,1.73335,1.20,4.60
2009.05.27 02:08:59.953,1.7326,1.73325,1.20,3.00
2009.05.27 02:09:13.729,1.73265,1.73335,1.20,3.00
2009.05.27 02:09:38.603,1.73255,1.73315,1.60,3.00
2009.05.27 02:09:38.843,1.7325,1.73315,3.60,3.00
2009.05.27 02:09:38.903,1.73265,1.73335,1.20,3.00
2009.05.27 02:09:38.963,1.73265,1.73335,1.20,4.60
2009.05.27 02:09:39.073,1.73265,1.7333,1.20,1.00
2009.05.27 02:09:39.303,1.73265,1.73335,1.20,4.60
2009.05.27 02:09:39.483,1.73265,1.73335,1.20,3.00
2009.05.27 02:09:44.222,1.7326,1.73325,1.20,3.00
2009.05.27 02:09:44.512,1.73265,1.73335,1.20,3.00
2009.05.27 02:09:49.491,1.7327,1.7334,1.20,5.20
2009.05.27 02:09:49.610,1.7327,1.7334,1.20,4.60
2009.05.27 02:09:49.780,1.7327,1.7334,1.20,3.00
2009.05.27 02:09:51.800,1.7327,1.7334,2.80,3.00
2009.05.27 02:09:52.540,1.7327,1.7334,1.20,3.00
2009.05.27 02:09:55.059,1.7327,1.7334,2.80,3.00
2009.05.27 02:09:55.509,1.7327,1.7334,1.20,3.00
2009.05.27 02:09:55.669,1.7327,1.7334,2.80,3.00
2009.05.27 02:09:56.839,1.7327,1.7334,1.20,3.00
2009.05.27 02:10:18.753,1.7327,1.7334,2.80,3.00
2009.05.27 02:10:19.033,1.7327,1.7334,1.20,3.00
2009.05.27 02:10:20.153,1.7327,1.7334,2.80,3.00
2009.05.27 02:10:20.683,1.7327,1.7334,1.20,3.00
2009.05.27 02:10:21.833,1.7327,1.7334,2.80,3.00
2009.05.27 02:10:22.233,1.7327,1.7334,1.20,3.00
2009.05.27 02:10:23.212,1.7327,1.7334,2.80,3.00
2009.05.27 02:10:24.872,1.73265,1.73335,1.20,3.00
2009.05.27 02:10:31.141,1.7327,1.7334,1.20,3.00
2009.05.27 02:10:31.970,1.73265,1.73335,2.80,3.00
2009.05.27 02:10:32.260,1.73265,1.73335,1.20,3.00
2009.05.27 02:10:35.290,1.7326,1.7333,2.80,3.00
2009.05.27 02:10:35.349,1.7326,1.7333,1.20,3.00
2009.05.27 02:10:47.127,1.73255,1.7332,2.80,3.00
2009.05.27 02:10:47.237,1.7326,1.7333,1.20,3.00
2009.05.27 02:11:19.509,1.7327,1.7334,1.60,3.00
2009.05.27 02:11:19.569,1.7327,1.73345,1.60,3.60
2009.05.27 02:11:20.928,1.73265,1.73345,1.20,3.60
2009.05.27 02:11:21.558,1.73265,1.7334,1.20,1.00
2009.05.27 02:11:30.526,1.73265,1.7334,2.80,1.00
2009.05.27 02:11:30.816,1.73265,1.73345,2.80,5.20
2009.05.27 02:11:30.926,1.73265,1.73345,2.80,3.60
2009.05.27 02:11:34.215,1.73265,1.73345,1.20,3.60
2009.05.27 02:11:34.325,1.73265,1.73345,1.20,5.20
2009.05.27 02:11:34.505,1.73265,1.7334,1.20,1.00
2009.05.27 02:11:42.064,1.7327,1.73345,1.60,3.60
2009.05.27 02:11:43.653,1.73265,1.73345,2.80,3.60
2009.05.27 02:11:44.173,1.73265,1.7334,2.80,1.00
2009.05.27 02:11:47.922,1.7327,1.7334,1.60,1.00
2009.05.27 02:11:48.102,1.7327,1.73345,1.60,3.60
2009.05.27 02:11:56.940,1.73265,1.73345,2.80,3.60
2009.05.27 02:11:57.420,1.73265,1.7334,2.80,1.00
2009.05.27 02:12:22.914,1.73265,1.73335,2.80,3.00
2009.05.27 02:12:23.143,1.73265,1.73335,1.20,3.00
2009.05.27 02:12:36.760,1.7327,1.7334,1.60,3.60
2009.05.27 02:12:37.110,1.73265,1.7334,2.80,3.60
2009.05.27 02:12:40.069,1.7327,1.7334,1.60,3.00
2009.05.27 02:12:41.499,1.7327,1.73335,1.60,3.00
2009.05.27 02:12:41.619,1.73265,1.73335,1.20,3.00
2009.05.27 02:12:53.136,1.73265,1.7334,1.20,5.20
2009.05.27 02:12:53.256,1.7327,1.7334,1.60,5.20
2009.05.27 02:12:53.366,1.7327,1.7334,1.60,4.60
2009.05.27 02:12:53.756,1.7327,1.7334,1.60,3.00
2009.05.27 02:12:59.495,1.7327,1.7334,1.60,3.60
2009.05.27 02:12:59.615,1.7327,1.73335,1.60,3.00
2009.05.27 02:12:59.785,1.73265,1.73335,1.20,3.00
2009.05.27 02:13:02.284,1.7327,1.7334,1.60,3.60
2009.05.27 02:13:02.505,1.7327,1.7334,1.60,3.00
2009.05.27 02:13:09.502,1.7327,1.73335,1.60,3.00
2009.05.27 02:13:09.903,1.73265,1.73335,1.20,3.00
2009.05.27 02:13:10.422,1.7327,1.7334,1.20,3.00
2009.05.27 02:13:12.372,1.73275,1.73345,1.20,5.20
2009.05.27 02:13:12.762,1.73275,1.73345,1.20,3.60
2009.05.27 02:13:13.062,1.73275,1.73345,1.20,3.00
2009.05.27 02:13:14.151,1.73275,1.73345,2.80,3.00
2009.05.27 02:13:14.321,1.7328,1.7335,1.20,4.60
2009.05.27 02:13:14.551,1.7328,1.7335,1.20,3.00
2009.05.27 02:13:14.841,1.7328,1.7335,2.80,3.00
2009.05.27 02:13:16.581,1.7328,1.73355,2.80,3.00
2009.05.27 02:13:16.761,1.73285,1.73355,1.60,3.00
2009.05.27 02:13:19.610,1.73285,1.73355,1.60,3.60
2009.05.27 02:13:19.850,1.73285,1.7335,1.60,3.00
2009.05.27 02:13:20.020,1.7328,1.7335,2.80,3.00
2009.05.27 02:13:47.223,1.73305,1.7337,1.20,2.00
2009.05.27 02:13:47.443,1.73305,1.7337,1.20,1.60
2009.05.27 02:13:47.553,1.73305,1.7337,2.80,1.60
2009.05.27 02:13:47.724,1.73305,1.7338,2.80,1.60
2009.05.27 02:13:49.273,1.73305,1.73385,2.80,1.60
2009.05.27 02:13:58.721,1.73305,1.73385,1.20,1.60
2009.05.27 02:13:58.840,1.733,1.73385,2.80,4.60
2009.05.27 02:13:59.600,1.733,1.73385,1.20,4.60
2009.05.27 02:13:59.720,1.73295,1.73375,1.00,3.00
2009.05.27 02:13:59.960,1.7329,1.73375,1.00,3.00
2009.05.27 02:14:00.080,1.733,1.73375,1.20,1.60
2009.05.27 02:14:00.420,1.733,1.73385,1.20,6.00
2009.05.27 02:14:00.540,1.733,1.73385,1.20,5.20
2009.05.27 02:14:00.660,1.733,1.73385,1.20,4.60
2009.05.27 02:14:04.239,1.73295,1.73375,1.00,3.00
2009.05.27 02:14:04.469,1.733,1.7338,1.20,1.00
2009.05.27 02:14:04.629,1.733,1.7338,1.20,2.00
2009.05.27 02:14:04.689,1.733,1.7338,1.20,1.60
2009.05.27 02:14:04.909,1.733,1.73385,1.20,5.40
2009.05.27 02:14:13.297,1.733,1.73385,1.20,4.60
2009.05.27 02:14:19.985,1.73305,1.73385,2.00,1.60
2009.05.27 02:14:20.215,1.73315,1.7339,1.20,2.00
2009.05.27 02:14:20.715,1.73315,1.7339,1.20,1.60
2009.05.27 02:14:22.415,1.73315,1.73395,1.20,5.40
2009.05.27 02:14:23.455,1.7331,1.73395,2.80,5.40
2009.05.27 02:14:23.635,1.73315,1.7339,1.20,6.40
2009.05.27 02:14:24.075,1.73315,1.7338,1.20,3.00
2009.05.27 02:14:24.195,1.73315,1.7339,1.20,6.40
2009.05.27 02:14:24.365,1.73315,1.7339,1.20,3.00
2009.05.27 02:14:25.704,1.7331,1.73395,2.80,5.40
2009.05.27 02:14:25.994,1.73315,1.7339,1.20,3.00
2009.05.27 02:14:26.384,1.73315,1.7339,1.20,4.60
2009.05.27 02:14:26.565,1.73305,1.7339,2.80,1.60
2009.05.27 02:14:26.734,1.73305,1.73395,2.80,5.40
2009.05.27 02:14:26.854,1.73305,1.7339,2.80,1.00
2009.05.27 02:14:27.384,1.73305,1.7339,2.80,2.00
2009.05.27 02:14:28.073,1.73305,1.7339,2.80,5.20
2009.05.27 02:14:40.061,1.733,1.7338,2.80,3.00
2009.05.27 02:14:40.231,1.73305,1.7338,1.20,3.00
2009.05.27 02:14:41.280,1.73305,1.7338,2.80,3.00
2009.05.27 02:14:43.740,1.73305,1.73375,2.80,3.00
2009.05.27 02:14:44.030,1.73305,1.7338,2.80,3.00
2009.05.27 02:14:46.589,1.733,1.73375,2.80,3.00
2009.05.27 02:14:47.919,1.73305,1.73375,1.60,3.00
2009.05.27 02:14:48.219,1.73315,1.7338,1.20,3.60
2009.05.27 02:14:48.338,1.73315,1.7338,1.20,3.00
2009.05.27 02:14:49.539,1.73305,1.73375,1.60,3.00
2009.05.27 02:14:49.768,1.733,1.73375,2.80,3.60
2009.05.27 02:14:50.178,1.733,1.73375,2.80,3.00
2009.05.27 02:14:56.237,1.73315,1.7339,1.60,2.80
2009.05.27 02:14:56.527,1.73315,1.73395,1.60,5.40
2009.05.27 02:14:57.156,1.73315,1.7339,1.60,1.00
2009.05.27 02:14:58.466,1.7332,1.7339,1.60,1.00
2009.05.27 02:14:58.737,1.7332,1.73395,1.60,4.40
2009.05.27 02:14:59.466,1.73315,1.7339,3.20,1.00
2009.05.27 02:14:59.736,1.73335,1.7339,1.20,1.00
2009.05.27 02:14:59.906,1.73325,1.73395,1.60,3.00
2009.05.27 02:15:00.196,1.73325,1.7339,1.60,1.00
2009.05.27 02:15:00.366,1.7331,1.7338,1.60,3.00
2009.05.27 02:15:08.983,1.7332,1.7338,1.00,3.00
2009.05.27 02:15:09.204,1.7332,1.73395,1.00,2.00
2009.05.27 02:15:09.324,1.7332,1.7339,1.00,1.60
2009.05.27 02:15:09.444,1.7332,1.73395,1.00,1.60
2009.05.27 02:15:09.503,1.7332,1.734,1.00,2.00
2009.05.27 02:15:09.623,1.7332,1.734,1.00,1.60
2009.05.27 02:15:10.363,1.7332,1.734,1.00,4.60
2009.05.27 02:15:14.062,1.7332,1.734,2.40,1.60
2009.05.27 02:15:14.292,1.7333,1.73405,1.00,4.60
2009.05.27 02:15:15.732,1.73335,1.73405,1.00,4.60
2009.05.27 02:15:16.072,1.73335,1.73405,1.00,3.00
2009.05.27 02:15:17.632,1.73335,1.73405,1.00,3.00
2009.05.27 02:15:18.042,1.7334,1.73395,1.00,3.00
2009.05.27 02:15:18.151,1.7334,1.73395,1.40,3.00
2009.05.27 02:15:18.332,1.7334,1.73395,1.00,3.00
2009.05.27 02:15:19.611,1.7334,1.7341,1.00,1.60
2009.05.27 02:15:19.791,1.7334,1.73415,1.00,2.00
2009.05.27 02:15:20.071,1.7334,1.73415,1.00,1.60
2009.05.27 02:15:20.251,1.7334,1.7342,1.00,2.00
2009.05.27 02:15:21.241,1.7334,1.73415,1.00,2.00
2009.05.27 02:15:23.030,1.73335,1.73415,1.00,2.00
2009.05.27 02:15:23.150,1.73335,1.7339,1.00,1.00
2009.05.27 02:15:23.430,1.73325,1.7339,1.00,1.00
2009.05.27 02:15:23.670,1.73325,1.7338,1.00,1.00
2009.05.27 02:15:23.960,1.73315,1.7338,1.00,1.00
2009.05.27 02:15:24.300,1.73315,1.73415,1.00,1.00
2009.05.27 02:15:24.640,1.7332,1.73415,1.00,1.00
2009.05.27 02:15:24.760,1.7332,1.7341,1.00,1.00
2009.05.27 02:15:24.980,1.73315,1.7341,1.00,1.00
2009.05.27 02:15:25.280,1.73315,1.73415,1.00,1.00
2009.05.27 02:15:25.460,1.73315,1.7339,2.00,3.00
2009.05.27 02:15:25.690,1.7332,1.7339,1.60,3.00
2009.05.27 02:15:31.798,1.7332,1.73385,4.40,3.00
2009.05.27 02:15:32.038,1.7333,1.73385,1.60,3.00
2009.05.27 02:15:33.428,1.7333,1.7338,1.60,3.00
2009.05.27 02:15:33.868,1.7332,1.7338,1.60,3.00
2009.05.27 02:15:34.217,1.7331,1.7338,4.40,3.00
2009.05.27 02:15:34.727,1.7331,1.73375,4.40,1.00
2009.05.27 02:15:35.067,1.7331,1.73375,2.80,1.00
2009.05.27 02:15:35.707,1.7331,1.7338,2.80,3.00
2009.05.27 02:15:37.247,1.7331,1.73375,1.60,3.60
2009.05.27 02:15:37.357,1.73305,1.7337,2.80,1.00
2009.05.27 02:15:38.406,1.73305,1.73375,2.80,3.00
2009.05.27 02:15:44.645,1.73305,1.73375,2.80,3.00
2009.05.27 02:15:46.305,1.73305,1.73385,2.80,8.00
2009.05.27 02:15:46.534,1.73305,1.73385,2.80,6.40
2009.05.27 02:15:46.594,1.73305,1.73385,2.80,3.00
2009.05.27 02:15:46.934,1.73305,1.7338,2.80,3.00
2009.05.27 02:15:51.203,1.73305,1.73385,2.80,3.00
2009.05.27 02:15:56.172,1.7331,1.73385,1.60,3.00
2009.05.27 02:16:01.471,1.73315,1.7339,1.20,6.80
2009.05.27 02:16:01.761,1.73315,1.7339,2.80,6.00
2009.05.27 02:16:01.931,1.73315,1.7339,2.80,3.00
2009.05.27 02:16:02.231,1.7331,1.73395,1.60,3.00
2009.05.27 02:16:02.411,1.7331,1.734,1.60,1.00
2009.05.27 02:16:02.691,1.7332,1.73405,1.20,5.40
2009.05.27 02:16:02.981,1.73335,1.73405,1.20,1.00
2009.05.27 02:16:03.271,1.73325,1.73405,1.60,1.00
2009.05.27 02:16:03.550,1.73325,1.7341,1.60,5.20
2009.05.27 02:16:03.981,1.73325,1.7341,1.60,3.60
2009.05.27 02:16:10.969,1.73325,1.734,1.60,1.00
2009.05.27 02:16:11.089,1.7332,1.734,2.80,3.60
2009.05.27 02:16:11.149,1.7332,1.73395,2.80,1.00
2009.05.27 02:16:15.788,1.7332,1.734,2.80,3.00
2009.05.27 02:16:16.127,1.7332,1.73395,1.60,3.00
2009.05.27 02:16:16.357,1.73315,1.73395,2.80,3.00
2009.05.27 02:16:16.417,1.73315,1.7339,1.60,3.00
2009.05.27 02:16:18.387,1.73315,1.73385,1.60,3.00
2009.05.27 02:16:18.837,1.7332,1.73385,2.80,3.00
2009.05.27 02:16:19.167,1.73315,1.73385,1.60,3.00
2009.05.27 02:16:19.287,1.73315,1.7339,1.60,6.00
2009.05.27 02:16:19.347,1.73315,1.7339,1.60,5.00
2009.05.27 02:16:19.517,1.73315,1.7339,1.60,4.20
2009.05.27 02:16:19.627,1.73315,1.7339,1.60,3.00
2009.05.27 02:16:31.944,1.73325,1.73395,1.60,3.60
2009.05.27 02:16:32.423,1.73325,1.734,2.80,4.60
2009.05.27 02:16:32.824,1.7333,1.734,1.60,5.20
2009.05.27 02:16:33.343,1.7334,1.734,1.20,1.40
2009.05.27 02:16:33.683,1.733,1.7339,3.20,3.00
2009.05.27 02:16:34.083,1.73305,1.7339,1.20,3.00
2009.05.27 02:16:34.323,1.73285,1.73375,3.60,3.00
2009.05.27 02:16:34.793,1.73295,1.7338,1.20,3.00
2009.05.27 02:16:35.023,1.733,1.7338,2.80,3.00
2009.05.27 02:16:35.323,1.733,1.7339,2.00,3.60
2009.05.27 02:16:35.553,1.73305,1.7339,1.60,1.00
2009.05.27 02:16:35.833,1.73305,1.73395,1.60,1.60
2009.05.27 02:16:36.353,1.73305,1.7339,1.60,3.00
2009.05.27 02:16:36.932,1.73305,1.7339,1.60,5.20
2009.05.27 02:16:37.222,1.73305,1.7339,1.60,3.60
2009.05.27 02:16:37.512,1.73305,1.7339,1.60,3.00
2009.05.27 02:16:37.632,1.73305,1.7339,1.60,3.60
2009.05.27 02:16:38.342,1.73305,1.7339,1.60,5.20
2009.05.27 02:16:39.562,1.7329,1.7339,2.80,5.20
2009.05.27 02:16:39.612,1.7329,1.73385,2.80,1.00
2009.05.27 02:16:39.662,1.7329,1.7338,2.80,3.00
2009.05.27 02:16:39.832,1.73295,1.7338,1.60,3.00
2009.05.27 02:16:39.892,1.7329,1.7337,2.80,3.00
2009.05.27 02:16:43.571,1.73295,1.73365,1.60,3.00
2009.05.27 02:16:54.998,1.73265,1.7335,6.60,3.00
2009.05.27 02:16:55.238,1.7327,1.7335,2.60,3.00
2009.05.27 02:16:55.418,1.73265,1.7335,1.60,3.00
2009.05.27 02:16:55.718,1.73265,1.7335,2.80,3.00
2009.05.27 02:16:55.888,1.7326,1.73345,6.40,3.00
2009.05.27 02:16:56.098,1.73265,1.7335,1.60,3.00
2009.05.27 02:16:56.278,1.73265,1.7335,1.60,4.60
2009.05.27 02:16:56.568,1.73265,1.7335,2.80,3.00
2009.05.27 02:16:56.798,1.73265,1.7335,1.60,3.00
2009.05.27 02:16:59.907,1.7327,1.7335,1.60,3.00
2009.05.27 02:17:06.175,1.7327,1.73335,1.60,1.60
2009.05.27 02:17:06.625,1.7327,1.7334,1.60,3.00
2009.05.27 02:17:06.905,1.73275,1.7336,1.60,4.60
2009.05.27 02:17:07.525,1.73265,1.7335,1.60,3.00
2009.05.27 02:17:07.755,1.7325,1.73345,3.20,3.00
2009.05.27 02:17:07.995,1.73255,1.73345,1.60,3.00
2009.05.27 02:17:08.865,1.7326,1.7335,2.80,5.20
2009.05.27 02:17:09.255,1.7326,1.7335,2.80,4.60
2009.05.27 02:17:09.595,1.7326,1.7335,2.00,3.00
2009.05.27 02:17:10.064,1.7326,1.7335,2.80,3.00
2009.05.27 02:17:10.184,1.73255,1.7333,2.40,3.00
2009.05.27 02:17:10.464,1.7326,1.7333,1.00,3.00
2009.05.27 02:17:10.634,1.7326,1.73335,2.00,1.00
2009.05.27 02:17:10.694,1.7327,1.7335,1.20,4.80
2009.05.27 02:17:10.994,1.7327,1.7336,1.20,4.60
2009.05.27 02:17:11.164,1.7327,1.7336,1.20,3.00
2009.05.27 02:17:13.064,1.7328,1.73355,1.20,3.00
2009.05.27 02:17:13.244,1.7328,1.73355,2.80,3.00
2009.05.27 02:17:13.534,1.73285,1.7335,1.60,3.00
2009.05.27 02:17:13.594,1.7328,1.73355,2.80,3.00
2009.05.27 02:17:13.704,1.7329,1.73355,1.60,3.00
2009.05.27 02:17:16.323,1.7328,1.7336,1.60,5.20
2009.05.27 02:17:16.503,1.73275,1.7336,3.20,3.00
2009.05.27 02:17:16.663,1.73275,1.7336,1.60,1.60
2009.05.27 02:17:16.843,1.7327,1.73365,1.60,4.60
2009.05.27 02:17:17.143,1.73275,1.73365,1.00,1.60
2009.05.27 02:17:17.383,1.73265,1.73365,2.20,3.00
2009.05.27 02:17:17.893,1.73265,1.73365,1.00,3.00
2009.05.27 02:17:18.113,1.73265,1.73375,3.00,4.60
2009.05.27 02:17:18.402,1.73265,1.73365,1.40,3.00
2009.05.27 02:17:18.932,1.73275,1.7336,1.60,3.00
2009.05.27 02:17:21.622,1.7327,1.7336,2.80,3.00
2009.05.27 02:17:21.742,1.73275,1.7336,1.60,3.00
2009.05.27 02:17:22.032,1.7327,1.7336,3.20,3.00
2009.05.27 02:17:28.080,1.7327,1.7336,3.20,3.00
2009.05.27 02:17:31.049,1.73275,1.7336,1.60,3.00
2009.05.27 02:17:31.100,1.7328,1.7336,1.60,3.00
2009.05.27 02:17:31.219,1.73275,1.7336,3.20,3.00
2009.05.27 02:17:31.389,1.7328,1.7336,1.60,3.00
2009.05.27 02:17:31.619,1.73275,1.7336,3.20,3.00
2009.05.27 02:17:36.278,1.73275,1.7336,1.60,3.00
2009.05.27 02:17:36.868,1.7328,1.7336,1.60,3.00
2009.05.27 02:17:36.988,1.73275,1.7336,3.20,3.00
2009.05.27 02:17:38.648,1.7328,1.7336,1.60,3.00
2009.05.27 02:17:38.827,1.73275,1.7336,1.60,3.00
2009.05.27 02:17:39.897,1.73275,1.7336,2.00,3.00
2009.05.27 02:17:40.017,1.73275,1.7336,1.00,3.00
2009.05.27 02:17:40.127,1.73275,1.7336,1.60,3.00
2009.05.27 02:17:46.156,1.73275,1.7336,3.20,3.00
2009.05.27 02:17:46.726,1.7328,1.7336,1.60,3.00
2009.05.27 02:17:46.955,1.73275,1.7336,3.20,3.00
2009.05.27 02:17:54.554,1.7328,1.7336,1.60,3.00
2009.05.27 02:17:54.604,1.73275,1.7336,1.60,3.00
2009.05.27 02:17:58.363,1.7328,1.7336,1.60,3.00
2009.05.27 02:17:58.773,1.73285,1.7336,1.60,3.00
2009.05.27 02:17:59.343,1.7329,1.7336,1.60,3.00
2009.05.27 02:18:10.980,1.7328,1.7336,1.60,3.00
2009.05.27 02:18:13.829,1.73285,1.7336,1.60,3.00
2009.05.27 02:18:23.657,1.73295,1.7336,1.60,3.00
2009.05.27 02:18:25.277,1.7329,1.7336,1.60,3.00
2009.05.27 02:18:25.906,1.73285,1.7336,2.80,3.00
2009.05.27 02:18:26.076,1.7329,1.7336,1.60,3.00
2009.05.27 02:18:28.175,1.73285,1.7336,2.80,3.00
2009.05.27 02:18:36.403,1.7329,1.7336,1.60,3.00
2009.05.27 02:18:36.973,1.7329,1.73365,2.80,3.00
2009.05.27 02:18:37.034,1.73295,1.73365,1.60,3.00
2009.05.27 02:18:37.434,1.73295,1.7336,1.60,3.00
2009.05.27 02:18:44.612,1.73305,1.73365,1.60,3.00
2009.05.27 02:18:58.229,1.73285,1.7336,1.60,3.00
2009.05.27 02:19:05.907,1.73295,1.73375,1.60,4.60
2009.05.27 02:19:06.187,1.73295,1.73375,1.60,3.00
2009.05.27 02:19:07.496,1.7328,1.7333,2.40,3.00
2009.05.27 02:19:07.666,1.73275,1.73345,1.00,1.00
2009.05.27 02:19:08.076,1.73285,1.7338,1.00,3.00
2009.05.27 02:19:08.346,1.73275,1.7338,2.40,3.00
2009.05.27 02:19:08.646,1.7328,1.73365,1.00,3.00
2009.05.27 02:19:08.916,1.7328,1.7336,1.00,3.00
2009.05.27 02:19:09.436,1.7328,1.7336,1.00,3.60
2009.05.27 02:19:18.303,1.73275,1.73355,1.40,3.00
2009.05.27 02:19:19.004,1.73275,1.73355,1.00,3.00
2009.05.27 02:19:28.601,1.73275,1.73345,1.00,3.00
2009.05.27 02:19:29.081,1.73275,1.73345,1.60,3.00
2009.05.27 02:19:38.289,1.73275,1.73355,1.60,1.00
2009.05.27 02:19:38.469,1.73285,1.73355,1.00,1.00
2009.05.27 02:19:39.109,1.73285,1.7336,1.00,3.00
2009.05.27 02:20:03.542,1.7328,1.7336,1.00,3.00
2009.05.27 02:20:28.327,1.7328,1.73365,2.80,3.60
2009.05.27 02:20:30.496,1.73285,1.73365,1.00,3.60
2009.05.27 02:20:35.735,1.73285,1.7335,1.00,3.00
2009.05.27 02:20:35.855,1.7329,1.7335,1.60,3.00
2009.05.27 02:21:00.419,1.7329,1.73325,1.60,3.00
2009.05.27 02:21:01.828,1.7329,1.7334,1.60,3.00
2009.05.27 02:21:02.828,1.7329,1.73345,1.60,1.00
2009.05.27 02:21:03.118,1.733,1.73355,1.20,7.60
2009.05.27 02:21:03.398,1.7331,1.73365,1.20,3.00
2009.05.27 02:21:05.248,1.73325,1.73365,1.20,3.00
2009.05.27 02:21:05.358,1.73325,1.7337,1.20,1.60
2009.05.27 02:21:05.528,1.73325,1.73375,1.20,1.60
2009.05.27 02:21:05.698,1.73325,1.7338,1.20,1.60
2009.05.27 02:21:06.048,1.73325,1.73385,1.20,1.60
2009.05.27 02:21:09.097,1.73325,1.7339,1.20,2.00
2009.05.27 02:21:30.072,1.7332,1.7339,1.20,2.00
2009.05.27 02:21:30.522,1.73325,1.73385,1.20,1.00
2009.05.27 02:21:30.642,1.7333,1.73385,1.20,1.00
2009.05.27 02:21:30.932,1.7333,1.73385,1.20,2.00
2009.05.27 02:21:31.291,1.7333,1.7339,1.20,1.60
2009.05.27 02:21:31.451,1.7333,1.73395,1.20,2.00
2009.05.27 02:21:31.731,1.7333,1.73395,1.20,1.00
2009.05.27 02:21:33.911,1.7334,1.73395,1.20,1.00
2009.05.27 02:21:40.759,1.7334,1.7339,1.20,1.00
2009.05.27 02:21:42.669,1.7334,1.73385,1.20,1.00
2009.05.27 02:21:43.808,1.73345,1.73385,1.20,1.00
2009.05.27 02:21:43.918,1.73345,1.73395,1.20,1.60
2009.05.27 02:21:44.139,1.73345,1.734,1.20,2.00
2009.05.27 02:21:52.097,1.7335,1.7339,1.20,1.00
2009.05.27 02:21:52.336,1.7335,1.734,1.20,1.20
2009.05.27 02:21:52.456,1.7334,1.734,1.20,1.20
2009.05.27 02:21:52.726,1.7334,1.73395,1.20,1.00
2009.05.27 02:21:53.606,1.7334,1.7339,1.20,1.00
2009.05.27 02:21:56.465,1.73355,1.7339,1.20,1.00
2009.05.27 02:21:56.516,1.73355,1.73405,1.20,1.00
2009.05.27 02:21:56.975,1.73375,1.73405,1.20,1.00
2009.05.27 02:21:57.035,1.73375,1.7341,1.20,1.00
2009.05.27 02:21:57.195,1.7336,1.73415,1.20,1.20
2009.05.27 02:21:57.585,1.7336,1.73415,1.20,1.00
2009.05.27 02:21:58.275,1.7336,1.7342,1.20,1.00
2009.05.27 02:21:58.935,1.73365,1.7342,1.20,1.00
2009.05.27 02:21:59.165,1.73365,1.73425,1.20,1.00
2009.05.27 02:22:00.064,1.73375,1.73425,1.20,1.00
2009.05.27 02:22:01.654,1.7337,1.73425,1.20,1.00
2009.05.27 02:22:01.834,1.7337,1.7343,1.20,1.00
2009.05.27 02:22:02.764,1.7338,1.73425,1.20,1.00
2009.05.27 02:22:02.984,1.7339,1.7344,1.20,2.00
2009.05.27 02:22:03.524,1.7339,1.73435,1.20,2.00
2009.05.27 02:22:03.744,1.7339,1.73435,1.20,1.00
2009.05.27 02:22:04.254,1.73395,1.7344,1.20,2.00
2009.05.27 02:22:04.594,1.73395,1.7344,1.20,1.60
2009.05.27 02:22:04.834,1.73385,1.7344,1.20,1.60
2009.05.27 02:22:05.004,1.73395,1.7345,1.20,2.00
2009.05.27 02:22:05.333,1.73395,1.73445,1.20,1.60
2009.05.27 02:22:05.573,1.73395,1.73445,1.20,2.00
2009.05.27 02:22:05.753,1.73385,1.73445,1.20,2.00
2009.05.27 02:22:07.033,1.73385,1.73445,1.20,2.80
2009.05.27 02:22:07.323,1.73385,1.73445,1.20,2.60
2009.05.27 02:22:08.173,1.73385,1.73445,1.20,1.80
2009.05.27 02:22:08.393,1.73385,1.7344,1.20,1.00
2009.05.27 02:22:08.783,1.73385,1.73445,1.20,2.40
2009.05.27 02:22:16.251,1.7337,1.73435,1.20,1.00
2009.05.27 02:22:16.421,1.73385,1.73435,1.20,1.00
2009.05.27 02:22:16.591,1.73385,1.7343,1.20,1.00
2009.05.27 02:22:16.921,1.73385,1.73435,1.20,1.00
2009.05.27 02:22:18.480,1.7339,1.73435,1.20,1.00
2009.05.27 02:22:24.519,1.73385,1.73435,1.20,1.00
2009.05.27 02:22:24.689,1.7339,1.73435,1.20,1.00
2009.05.27 02:22:25.309,1.73385,1.73435,1.20,1.00
2009.05.27 02:22:28.668,1.73385,1.73435,1.20,1.60
2009.05.27 02:22:28.838,1.7335,1.73415,2.80,1.00
2009.05.27 02:22:28.958,1.7335,1.73415,1.20,1.00
2009.05.27 02:22:29.847,1.7336,1.73425,1.20,4.80
2009.05.27 02:22:30.008,1.7336,1.73435,1.20,3.20
2009.05.27 02:22:30.127,1.7336,1.7343,1.20,1.60
2009.05.27 02:22:32.257,1.7336,1.7343,1.20,2.00
2009.05.27 02:22:34.116,1.7336,1.7343,1.20,1.60
2009.05.27 02:22:35.526,1.7336,1.73435,1.20,2.60
2009.05.27 02:22:37.985,1.7336,1.7343,1.20,1.80
2009.05.27 02:22:38.165,1.7336,1.7343,1.20,3.40
2009.05.27 02:22:39.285,1.7336,1.7343,1.20,2.40
2009.05.27 02:22:39.965,1.7335,1.7343,1.20,2.40
2009.05.27 02:22:41.345,1.7335,1.73425,1.20,1.60
2009.05.27 02:22:42.284,1.7335,1.73425,1.20,2.40
2009.05.27 02:22:42.464,1.7335,1.73425,1.20,3.20
2009.05.27 02:22:45.244,1.73355,1.73425,1.20,3.20
2009.05.27 02:22:45.603,1.73355,1.73425,1.20,1.80
2009.05.27 02:22:56.561,1.7334,1.73405,2.80,1.00
2009.05.27 02:22:57.021,1.7334,1.73415,2.80,5.20
2009.05.27 02:22:57.491,1.7334,1.73415,2.80,1.00
2009.05.27 02:22:58.161,1.7334,1.7341,2.80,1.00
2009.05.27 02:22:58.681,1.7334,1.73415,2.80,1.00
2009.05.27 02:23:09.068,1.7334,1.7341,2.80,1.00
2009.05.27 02:23:10.748,1.7334,1.73415,2.80,2.00
2009.05.27 02:23:11.328,1.7334,1.73415,1.20,1.00
2009.05.27 02:23:11.627,1.7334,1.73415,2.80,1.00
2009.05.27 02:23:12.317,1.7334,1.7342,2.80,1.00
2009.05.27 02:23:13.057,1.7334,1.73415,2.80,1.00
2009.05.27 02:23:16.246,1.7334,1.73405,2.80,1.00
2009.05.27 02:23:18.476,1.7334,1.73405,1.20,1.00
2009.05.27 02:23:18.986,1.7334,1.73405,2.80,1.00
2009.05.27 02:23:21.185,1.7334,1.73405,4.40,1.00
2009.05.27 02:23:21.235,1.7336,1.7342,1.20,6.40
2009.05.27 02:23:21.585,1.7336,1.7342,1.20,1.60
2009.05.27 02:23:21.855,1.7336,1.73425,1.20,1.00
2009.05.27 02:23:21.975,1.7337,1.73425,1.20,1.00
2009.05.27 02:23:22.205,1.7337,1.7342,1.20,1.00
2009.05.27 02:23:22.375,1.7338,1.73415,1.20,1.00
2009.05.27 02:23:22.665,1.73375,1.7342,1.20,1.00
2009.05.27 02:23:23.015,1.7337,1.7342,1.20,1.00
2009.05.27 02:23:23.954,1.73375,1.7343,1.20,2.00
2009.05.27 02:23:24.834,1.73375,1.73425,1.20,1.00
2009.05.27 02:23:25.344,1.7338,1.73425,1.20,1.00
2009.05.27 02:23:25.504,1.73375,1.73425,1.20,1.00
2009.05.27 02:23:25.744,1.7337,1.73425,1.20,1.00
2009.05.27 02:23:25.914,1.7337,1.7343,1.20,1.00
2009.05.27 02:23:26.084,1.7336,1.73425,1.20,1.00
2009.05.27 02:23:26.424,1.7336,1.7343,1.20,2.00
2009.05.27 02:23:26.544,1.7336,1.7342,1.20,1.00
2009.05.27 02:23:27.564,1.73365,1.7342,1.20,1.00
2009.05.27 02:23:28.373,1.73365,1.73425,1.20,1.00
2009.05.27 02:23:29.193,1.7336,1.7342,1.20,1.00
2009.05.27 02:23:29.373,1.73365,1.7342,1.20,1.00
2009.05.27 02:23:29.703,1.7337,1.7343,1.20,6.80
2009.05.27 02:23:30.103,1.7337,1.7343,1.20,2.00
2009.05.27 02:23:30.333,1.73365,1.7343,1.20,2.00
2009.05.27 02:23:30.513,1.7338,1.7343,1.20,2.00
2009.05.27 02:23:30.833,1.7338,1.73425,1.20,1.00
2009.05.27 02:23:31.123,1.7338,1.7344,1.20,2.00
2009.05.27 02:23:31.403,1.7338,1.7344,1.20,1.00
2009.05.27 02:23:31.633,1.7339,1.73445,1.20,1.60
2009.05.27 02:23:33.392,1.7338,1.7344,1.20,1.60
2009.05.27 02:23:33.572,1.7338,1.7343,1.20,1.00
2009.05.27 02:23:33.912,1.73345,1.7343,2.20,1.00
2009.05.27 02:23:34.082,1.73345,1.73435,1.00,1.00
2009.05.27 02:23:34.262,1.73345,1.73415,1.00,1.00
2009.05.27 02:23:34.602,1.73345,1.7341,1.00,1.00
2009.05.27 02:23:34.942,1.73355,1.7342,1.00,1.00
2009.05.27 02:23:35.762,1.73355,1.7341,1.00,1.00
2009.05.27 02:23:36.341,1.73355,1.7341,2.00,1.00
2009.05.27 02:23:36.751,1.73355,1.73415,2.00,1.00
2009.05.27 02:23:36.991,1.73355,1.73425,2.00,1.20
2009.05.27 02:23:37.161,1.73355,1.73425,2.00,1.20
2009.05.27 02:23:37.281,1.73355,1.73425,2.00,1.00
2009.05.27 02:23:42.880,1.73355,1.7342,2.00,1.00
2009.05.27 02:23:44.250,1.73365,1.7342,1.20,1.00
2009.05.27 02:23:44.490,1.7337,1.7343,1.20,1.40
2009.05.27 02:23:44.719,1.7337,1.7344,1.20,6.80
2009.05.27 02:23:44.999,1.7337,1.7344,1.20,1.00
2009.05.27 02:23:46.399,1.7337,1.73435,1.20,1.00
2009.05.27 02:23:46.749,1.7337,1.7344,1.20,1.00
2009.05.27 02:23:47.579,1.73375,1.7344,1.20,1.00
2009.05.27 02:23:47.928,1.73375,1.7343,1.20,1.00
2009.05.27 02:23:48.728,1.73375,1.73435,1.20,1.00
2009.05.27 02:23:48.958,1.7337,1.73435,1.20,1.00
2009.05.27 02:23:49.239,1.7337,1.7344,1.20,1.00
2009.05.27 02:23:50.238,1.7337,1.73435,1.20,1.00
2009.05.27 02:23:50.358,1.73365,1.7343,1.20,1.00
2009.05.27 02:23:50.808,1.73365,1.73425,1.20,1.00
2009.05.27 02:23:50.928,1.7336,1.73425,1.20,1.00
2009.05.27 02:23:51.428,1.7336,1.7342,1.20,1.00
2009.05.27 02:23:53.457,1.73355,1.7342,1.20,1.00
2009.05.27 02:23:53.907,1.73355,1.73415,1.20,1.00
2009.05.27 02:23:54.447,1.73355,1.7342,1.20,1.00
2009.05.27 02:23:55.447,1.73355,1.73415,1.20,1.00
2009.05.27 02:23:56.267,1.7336,1.73415,1.20,1.00
2009.05.27 02:23:56.387,1.73355,1.73425,1.20,3.00
2009.05.27 02:23:56.707,1.73355,1.7342,1.20,1.60
2009.05.27 02:23:57.417,1.7335,1.73415,1.20,1.00
2009.05.27 02:23:57.586,1.7334,1.73415,1.20,1.00
2009.05.27 02:23:57.866,1.7334,1.73415,1.20,2.00
2009.05.27 02:23:58.326,1.73345,1.73415,1.20,1.00
2009.05.27 02:23:58.566,1.73345,1.7342,1.20,1.00
2009.05.27 02:24:00.486,1.73345,1.73415,1.20,1.00
2009.05.27 02:24:01.915,1.7335,1.73415,1.20,1.00
2009.05.27 02:24:02.246,1.7335,1.7342,1.20,2.00
2009.05.27 02:24:02.595,1.73355,1.7342,1.20,1.00
2009.05.27 02:24:02.835,1.7335,1.7342,1.20,1.00
2009.05.27 02:24:07.924,1.73355,1.73425,1.20,2.60
2009.05.27 02:24:08.044,1.73355,1.7342,1.20,1.00
2009.05.27 02:24:08.504,1.73355,1.73425,1.20,2.60
2009.05.27 02:24:09.064,1.73365,1.7342,1.20,1.00
2009.05.27 02:24:09.234,1.73365,1.73425,1.20,2.60
2009.05.27 02:24:09.593,1.7336,1.73425,1.20,2.60
2009.05.27 02:24:13.992,1.7336,1.73425,1.20,3.80
2009.05.27 02:24:14.452,1.7336,1.73425,1.20,2.60
2009.05.27 02:24:22.650,1.73365,1.73425,1.20,2.60
2009.05.27 02:24:25.790,1.73385,1.7342,1.20,1.00
2009.05.27 02:24:26.120,1.7339,1.73455,1.20,2.00
2009.05.27 02:24:26.469,1.73395,1.7345,1.20,1.00
2009.05.27 02:24:26.819,1.73395,1.7346,1.20,2.00
2009.05.27 02:24:27.809,1.7339,1.7345,1.20,2.00
2009.05.27 02:24:28.039,1.73395,1.7345,1.20,2.00
2009.05.27 02:24:28.339,1.734,1.7345,1.20,2.00
2009.05.27 02:24:28.739,1.73395,1.73455,1.20,2.00
2009.05.27 02:24:29.029,1.734,1.7345,1.20,2.00
2009.05.27 02:24:29.329,1.73395,1.7345,1.20,1.00
2009.05.27 02:24:29.609,1.734,1.7345,1.20,1.00
2009.05.27 02:24:29.999,1.73405,1.73455,1.20,2.00
2009.05.27 02:24:30.289,1.73405,1.7346,1.20,1.00
2009.05.27 02:24:30.809,1.73395,1.7346,1.20,2.00
2009.05.27 02:24:31.158,1.734,1.7345,1.20,1.00
2009.05.27 02:24:31.508,1.734,1.7345,1.20,2.00
2009.05.27 02:24:34.637,1.73395,1.7345,1.20,2.00
2009.05.27 02:24:35.307,1.73395,1.7345,1.20,1.60
2009.05.27 02:24:35.697,1.7336,1.73435,1.20,1.00
2009.05.27 02:24:36.097,1.7336,1.7342,1.20,1.00
2009.05.27 02:24:36.327,1.73325,1.7343,2.80,1.00
2009.05.27 02:24:36.507,1.73325,1.7343,1.20,1.00
2009.05.27 02:24:37.097,1.73325,1.73425,1.20,1.00
2009.05.27 02:24:37.337,1.73355,1.73415,1.20,1.00
2009.05.27 02:24:37.907,1.73355,1.7341,1.20,1.00
2009.05.27 02:24:38.778,1.73355,1.73415,1.20,1.00
2009.05.27 02:24:40.706,1.73355,1.7341,1.20,1.00
2009.05.27 02:24:41.466,1.73355,1.73425,1.20,1.00
2009.05.27 02:24:41.526,1.73345,1.73425,1.20,1.00
2009.05.27 02:24:42.435,1.73345,1.7342,1.20,1.00
2009.05.27 02:24:44.325,1.73345,1.73425,1.20,2.00
2009.05.27 02:24:44.655,1.7334,1.73425,1.20,2.00
2009.05.27 02:24:44.935,1.73345,1.7342,1.20,1.00
2009.05.27 02:24:46.464,1.73345,1.73425,1.20,1.00
2009.05.27 02:24:47.064,1.73345,1.73425,1.20,2.00
2009.05.27 02:24:52.343,1.73345,1.73425,2.00,1.00
2009.05.27 02:24:53.043,1.73355,1.73425,1.20,1.00
2009.05.27 02:24:53.613,1.73355,1.73425,1.20,2.00
2009.05.27 02:24:55.172,1.73355,1.73425,1.20,1.00
2009.05.27 02:24:57.952,1.73355,1.7343,1.20,2.00
2009.05.27 02:25:00.971,1.73355,1.73435,1.20,2.00
2009.05.27 02:25:01.721,1.7335,1.7343,2.00,2.00
2009.05.27 02:25:01.901,1.73355,1.7343,1.20,2.00
2009.05.27 02:25:02.191,1.73355,1.73435,1.20,2.00
2009.05.27 02:25:02.950,1.73355,1.73435,2.00,2.00
2009.05.27 02:25:03.940,1.73365,1.73435,1.20,2.00
2009.05.27 02:25:04.330,1.73365,1.7344,1.20,2.00
2009.05.27 02:25:04.890,1.73365,1.7344,1.20,1.00
2009.05.27 02:25:05.120,1.73365,1.7344,1.20,2.00
2009.05.27 02:25:05.410,1.73375,1.7344,1.20,2.00
2009.05.27 02:25:05.690,1.73375,1.7344,1.20,1.60
2009.05.27 02:25:06.280,1.73375,1.73445,1.20,2.00
2009.05.27 02:25:07.310,1.7338,1.73445,1.20,2.00
2009.05.27 02:25:07.530,1.7338,1.73445,1.20,1.60
2009.05.27 02:25:08.639,1.7337,1.73445,1.60,1.60
2009.05.27 02:25:08.929,1.73385,1.7344,1.20,1.60
2009.05.27 02:25:09.159,1.73385,1.73445,1.20,1.60
2009.05.27 02:25:09.569,1.73385,1.7345,1.20,1.60
2009.05.27 02:25:09.789,1.73375,1.7345,1.20,1.60
2009.05.27 02:25:12.058,1.73355,1.7343,1.20,1.60
2009.05.27 02:25:12.338,1.73355,1.73435,1.20,2.00
2009.05.27 02:25:12.748,1.7335,1.73435,1.20,2.00
2009.05.27 02:25:12.978,1.7335,1.7343,1.20,2.00
2009.05.27 02:25:13.138,1.7334,1.7342,2.80,1.00
2009.05.27 02:25:13.378,1.7334,1.73415,2.80,1.00
2009.05.27 02:25:13.668,1.7336,1.73415,1.00,1.00
2009.05.27 02:25:14.008,1.7338,1.7343,1.20,1.60
2009.05.27 02:25:14.308,1.73345,1.7344,1.20,3.60
2009.05.27 02:25:14.538,1.73345,1.73435,1.20,1.60
2009.05.27 02:25:14.828,1.73345,1.7343,1.20,1.60
2009.05.27 02:25:15.168,1.7334,1.73435,1.20,2.00
2009.05.27 02:25:15.568,1.7337,1.73435,1.20,2.00
2009.05.27 02:25:15.968,1.7336,1.73425,1.20,1.00
2009.05.27 02:25:16.308,1.7335,1.73425,1.20,1.00
2009.05.27 02:25:18.757,1.7335,1.7343,1.20,1.60
2009.05.27 02:25:19.307,1.7335,1.7342,1.20,1.00
2009.05.27 02:25:22.206,1.7335,1.73425,1.20,1.00
2009.05.27 02:25:22.436,1.73345,1.73425,1.20,1.00
2009.05.27 02:25:23.725,1.73355,1.73425,1.20,1.00
2009.05.27 02:25:24.126,1.73345,1.73425,1.20,1.00
2009.05.27 02:25:25.135,1.73345,1.7342,1.20,1.00
2009.05.27 02:25:25.525,1.7335,1.73425,1.20,1.00
2009.05.27 02:25:26.655,1.73355,1.73435,2.80,1.60
2009.05.27 02:25:26.705,1.73375,1.73445,1.60,1.60
2009.05.27 02:25:26.925,1.7338,1.73445,1.60,1.60
2009.05.27 02:25:27.035,1.73385,1.73445,1.60,1.60
2009.05.27 02:25:27.395,1.7337,1.73445,1.60,1.60
2009.05.27 02:25:27.455,1.7337,1.73445,7.80,1.60
2009.05.27 02:25:27.515,1.73355,1.73445,1.60,1.60
2009.05.27 02:25:27.575,1.73355,1.73445,7.80,1.60
2009.05.27 02:25:27.694,1.73355,1.73445,3.00,1.60
2009.05.27 02:25:27.974,1.7336,1.73445,1.00,1.60
2009.05.27 02:25:29.804,1.73365,1.73445,1.60,1.60
2009.05.27 02:25:30.324,1.7337,1.73445,1.20,1.60
2009.05.27 02:25:30.494,1.73375,1.73445,1.60,1.60
2009.05.27 02:25:30.554,1.73375,1.7345,1.60,1.60
2009.05.27 02:25:31.184,1.7337,1.7345,2.80,1.60
2009.05.27 02:25:31.294,1.7337,1.7345,3.60,1.60
2009.05.27 02:25:31.684,1.7337,1.7345,1.60,1.60
2009.05.27 02:25:31.973,1.73365,1.7345,2.00,1.60
2009.05.27 02:25:32.364,1.73365,1.7345,1.20,2.00
2009.05.27 02:25:32.603,1.7337,1.7345,1.20,1.60
2009.05.27 02:25:33.153,1.7337,1.73455,1.20,2.00
2009.05.27 02:25:33.443,1.7337,1.7345,1.20,1.60
2009.05.27 02:25:33.803,1.73375,1.73455,1.20,2.00
2009.05.27 02:25:34.103,1.73375,1.73455,1.20,1.00
2009.05.27 02:25:35.273,1.73385,1.73455,1.20,1.00
2009.05.27 02:25:35.553,1.73385,1.7346,1.20,1.00
2009.05.27 02:25:35.972,1.73375,1.7346,2.00,1.00
2009.05.27 02:25:38.262,1.7339,1.73505,2.00,1.00
2009.05.27 02:25:38.482,1.7339,1.7349,2.00,1.00
2009.05.27 02:25:38.902,1.73395,1.73505,1.60,1.00
2009.05.27 02:25:40.232,1.734,1.7351,1.60,1.00
2009.05.27 02:25:40.351,1.73395,1.73505,1.60,1.00
2009.05.27 02:25:40.871,1.73395,1.73505,2.80,1.00
2009.05.27 02:25:41.141,1.73405,1.7351,1.60,1.00
2009.05.27 02:25:41.431,1.7341,1.73515,1.60,2.40
2009.05.27 02:25:41.611,1.73395,1.73505,1.60,1.00
2009.05.27 02:25:41.771,1.73415,1.73505,1.20,1.00
2009.05.27 02:25:42.061,1.73415,1.73515,1.20,1.00
2009.05.27 02:25:42.521,1.73405,1.73505,1.20,1.00
2009.05.27 02:25:42.811,1.73405,1.7351,1.20,1.00
2009.05.27 02:25:43.111,1.73415,1.7351,1.20,1.00
2009.05.27 02:25:43.391,1.73425,1.73515,1.20,1.00
2009.05.27 02:25:43.631,1.73405,1.73505,2.80,1.00
2009.05.27 02:25:43.911,1.73405,1.73505,2.00,1.00
2009.05.27 02:25:44.141,1.73415,1.73495,1.20,1.20
2009.05.27 02:25:44.361,1.7341,1.73495,1.20,1.20
2009.05.27 02:25:44.540,1.7341,1.7348,1.20,1.00
2009.05.27 02:25:44.720,1.7341,1.7347,1.20,1.00
2009.05.27 02:25:44.900,1.73425,1.7347,1.20,1.00
2009.05.27 02:25:45.230,1.73425,1.73475,1.20,1.00
2009.05.27 02:25:45.570,1.73425,1.73495,1.20,1.00
2009.05.27 02:25:45.850,1.7339,1.7348,1.60,1.20
2009.05.27 02:25:46.020,1.7339,1.73465,1.60,1.60
2009.05.27 02:25:46.180,1.73395,1.73455,1.60,1.00
2009.05.27 02:25:46.290,1.7339,1.73455,1.60,1.00
2009.05.27 02:25:46.460,1.73455,1.73465,1.60,1.10
2009.05.27 02:25:46.810,1.73365,1.73475,1.00,4.80
2009.05.27 02:25:47.090,1.7339,1.7349,1.60,1.00
2009.05.27 02:25:47.370,1.7338,1.735,1.60,4.80
2009.05.27 02:25:47.600,1.7337,1.73505,1.60,1.00
2009.05.27 02:25:47.830,1.7342,1.7351,1.00,1.00
2009.05.27 02:25:48.340,1.73415,1.7351,8.40,1.00
2009.05.27 02:25:48.569,1.7345,1.73575,1.60,7.20
2009.05.27 02:25:48.790,1.7345,1.73575,1.60,2.40
2009.05.27 02:25:48.850,1.7347,1.73575,1.60,2.40
2009.05.27 02:25:49.089,1.7349,1.73575,4.80,2.40
2009.05.27 02:25:49.199,1.7349,1.73565,7.80,2.40
2009.05.27 02:25:49.309,1.735,1.73565,1.60,2.40
2009.05.27 02:25:49.429,1.73495,1.73565,1.60,2.40
2009.05.27 02:25:49.659,1.73495,1.73565,1.60,2.40
2009.05.27 02:25:49.949,1.7349,1.73565,1.60,2.40
2009.05.27 02:25:50.179,1.7349,1.73555,1.60,2.40
2009.05.27 02:25:50.989,1.7349,1.7354,1.60,11.00
2009.05.27 02:25:51.049,1.7349,1.7353,1.60,5.40
2009.05.27 02:25:51.389,1.7349,1.73525,1.60,2.40
2009.05.27 02:25:51.449,1.7349,1.7351,1.60,3.00
2009.05.27 02:25:51.569,1.7349,1.7351,1.60,11.00
2009.05.27 02:25:51.689,1.7349,1.7351,1.60,13.40
2009.05.27 02:25:52.219,1.7349,1.7351,1.60,7.00
2009.05.27 02:25:52.339,1.7349,1.73505,1.60,1.60
2009.05.27 02:25:52.688,1.7349,1.7351,1.60,5.60
2009.05.27 02:25:52.858,1.73495,1.7351,1.60,5.60
2009.05.27 02:25:53.588,1.7349,1.7351,1.60,5.60
2009.05.27 02:25:53.988,1.7349,1.73505,1.60,2.40
2009.05.27 02:25:54.338,1.73495,1.735,1.20,1.60
2009.05.27 02:25:54.728,1.7349,1.73495,1.60,1.60
2009.05.27 02:25:55.198,1.7349,1.735,1.60,4.00
2009.05.27 02:25:55.808,1.7348,1.7349,2.20,1.60
2009.05.27 02:25:56.038,1.7337,1.7347,1.00,1.00
2009.05.27 02:25:56.158,1.73365,1.7347,2.00,1.00
2009.05.27 02:25:56.738,1.73365,1.7347,1.20,1.00
2009.05.27 02:25:56.857,1.7342,1.7347,1.20,1.00
2009.05.27 02:25:56.967,1.7342,1.73465,1.20,1.00
2009.05.27 02:25:57.527,1.7344,1.7348,1.20,4.80
2009.05.27 02:25:57.767,1.7344,1.73485,1.20,1.00
2009.05.27 02:25:58.297,1.7344,1.7348,1.20,1.00
2009.05.27 02:25:58.637,1.73435,1.7348,1.20,1.00
2009.05.27 02:25:58.877,1.73435,1.73485,1.20,1.00
2009.05.27 02:25:59.917,1.7343,1.73485,1.20,1.00
2009.05.27 02:26:00.097,1.73435,1.73485,1.20,1.00
2009.05.27 02:26:00.337,1.7342,1.73485,2.80,1.00
2009.05.27 02:26:00.506,1.7342,1.73485,1.20,1.00
2009.05.27 02:26:00.897,1.7342,1.73475,2.80,1.20
2009.05.27 02:26:00.956,1.7343,1.7348,1.20,1.60
2009.05.27 02:26:01.127,1.7343,1.73465,1.20,1.00
2009.05.27 02:26:01.186,1.7343,1.73475,1.20,1.00
2009.05.27 02:26:01.576,1.7343,1.73485,1.20,6.00
2009.05.27 02:26:02.046,1.7343,1.73485,1.20,1.20
2009.05.27 02:26:02.336,1.73425,1.73485,2.80,1.20
2009.05.27 02:26:02.616,1.73425,1.73485,1.20,1.20
2009.05.27 02:26:06.025,1.73425,1.73475,1.20,1.00
2009.05.27 02:26:10.224,1.73455,1.7349,1.20,2.40
2009.05.27 02:26:11.464,1.73455,1.73495,1.20,1.00
2009.05.27 02:26:11.754,1.73455,1.735,1.20,1.00
2009.05.27 02:26:12.484,1.7346,1.7349,1.20,1.00
2009.05.27 02:26:12.924,1.73445,1.7349,1.20,1.00
2009.05.27 02:26:13.094,1.7343,1.73495,4.40,1.00
2009.05.27 02:26:13.274,1.73435,1.73495,1.20,1.20
2009.05.27 02:26:13.454,1.73435,1.7349,1.20,4.80
2009.05.27 02:26:13.574,1.73415,1.7349,1.20,4.80
2009.05.27 02:26:13.814,1.73405,1.73505,1.20,1.00
2009.05.27 02:26:14.104,1.73405,1.73495,1.20,1.00
2009.05.27 02:26:14.344,1.7341,1.73495,1.00,1.00
2009.05.27 02:26:14.813,1.7341,1.73495,2.00,1.00
2009.05.27 02:26:14.983,1.7341,1.73505,3.60,1.60
2009.05.27 02:26:15.434,1.73415,1.73515,1.00,2.00
2009.05.27 02:26:15.553,1.73435,1.7352,1.60,2.40
2009.05.27 02:26:15.733,1.7344,1.73535,1.60,2.40
2009.05.27 02:26:16.383,1.73445,1.73535,1.60,2.40
2009.05.27 02:26:16.493,1.7346,1.7355,1.60,8.00
2009.05.27 02:26:16.773,1.73455,1.73565,1.60,3.00
2009.05.27 02:26:17.063,1.7338,1.73505,2.20,1.00
2009.05.27 02:26:17.183,1.7338,1.73495,1.00,1.00
2009.05.27 02:26:17.462,1.73395,1.73495,1.00,1.00
2009.05.27 02:26:17.693,1.73395,1.735,1.00,1.00
2009.05.27 02:26:18.052,1.73405,1.7348,1.00,1.00
2009.05.27 02:26:18.342,1.7341,1.7348,1.00,1.00
2009.05.27 02:26:18.632,1.7341,1.7348,1.00,1.00
2009.05.27 02:26:20.252,1.7341,1.7348,1.40,1.00
2009.05.27 02:26:20.472,1.7341,1.73495,1.40,5.20
2009.05.27 02:26:20.532,1.7342,1.73495,1.00,1.00
2009.05.27 02:26:20.692,1.7341,1.7349,1.00,3.00
2009.05.27 02:26:20.752,1.7339,1.7349,2.80,3.00
2009.05.27 02:26:20.872,1.7339,1.7347,1.20,1.00
2009.05.27 02:26:21.092,1.7339,1.73465,1.20,1.00
2009.05.27 02:26:21.202,1.734,1.73465,1.20,1.00
2009.05.27 02:26:21.372,1.734,1.7347,1.20,2.00
2009.05.27 02:26:21.552,1.73405,1.7347,2.00,2.00
2009.05.27 02:26:21.772,1.734,1.7347,1.00,1.60
2009.05.27 02:26:22.002,1.73405,1.7348,1.00,4.80
2009.05.27 02:26:22.181,1.73405,1.73515,1.00,1.00
2009.05.27 02:26:22.351,1.7341,1.73515,1.00,1.00
2009.05.27 02:26:22.761,1.73415,1.7351,1.00,1.00
2009.05.27 02:26:23.161,1.7341,1.73515,1.00,1.00
2009.05.27 02:26:23.571,1.73405,1.7349,1.00,8.00
2009.05.27 02:26:23.911,1.73405,1.7349,1.00,1.00
2009.05.27 02:26:24.851,1.73415,1.73505,3.20,4.80
2009.05.27 02:26:25.081,1.73435,1.7351,1.20,1.00
2009.05.27 02:26:25.541,1.7344,1.7351,1.20,1.00
2009.05.27 02:26:26.810,1.7344,1.73495,1.20,1.20
2009.05.27 02:26:26.990,1.73385,1.73475,4.80,1.00
2009.05.27 02:26:27.290,1.73385,1.73475,1.20,1.00
2009.05.27 02:26:27.590,1.73395,1.73485,1.20,7.20
2009.05.27 02:26:28.040,1.734,1.7348,1.20,1.60
2009.05.27 02:26:28.270,1.73415,1.735,1.20,1.00
2009.05.27 02:26:28.720,1.73415,1.73505,1.20,1.00
2009.05.27 02:26:29.060,1.7341,1.735,1.00,1.00
2009.05.27 02:26:29.180,1.73415,1.735,1.20,1.00
2009.05.27 02:26:29.460,1.73415,1.73505,1.20,1.00
2009.05.27 02:26:30.479,1.73415,1.73505,1.00,1.00
2009.05.27 02:26:30.949,1.7342,1.73495,1.20,1.00
2009.05.27 02:26:31.229,1.73405,1.73495,2.00,1.00
2009.05.27 02:26:31.399,1.7342,1.73495,1.20,1.00
2009.05.27 02:26:31.790,1.7342,1.73505,1.20,5.20
2009.05.27 02:26:31.959,1.7342,1.73505,1.20,1.00
2009.05.27 02:26:33.949,1.7342,1.735,1.20,1.20
2009.05.27 02:26:34.229,1.7341,1.735,2.80,4.00
2009.05.27 02:26:34.459,1.7341,1.7348,1.60,1.00
2009.05.27 02:26:34.818,1.73405,1.73475,1.20,1.00
2009.05.27 02:26:35.048,1.7341,1.73475,1.20,1.00
2009.05.27 02:26:35.228,1.7341,1.7348,1.20,1.00
2009.05.27 02:26:35.768,1.7343,1.7348,1.20,1.00
2009.05.27 02:26:39.877,1.7345,1.7349,1.20,1.00
2009.05.27 02:26:40.097,1.7345,1.73505,1.20,1.00
2009.05.27 02:26:43.596,1.7345,1.7351,1.20,1.00
2009.05.27 02:26:49.175,1.7345,1.73525,1.20,2.00
2009.05.27 02:26:49.335,1.7345,1.7352,1.20,1.60
2009.05.27 02:26:49.975,1.7345,1.73505,1.20,1.20
2009.05.27 02:26:50.205,1.7343,1.73505,1.20,1.20
2009.05.27 02:26:50.384,1.7343,1.73495,1.20,1.00
2009.05.27 02:26:50.965,1.7344,1.73515,1.20,2.00
2009.05.27 02:26:51.304,1.7343,1.73505,1.20,1.60
2009.05.27 02:26:51.414,1.7343,1.73515,1.20,2.00
2009.05.27 02:26:51.584,1.7343,1.73505,1.20,1.00
2009.05.27 02:26:52.094,1.7343,1.73485,1.20,1.00
2009.05.27 02:26:52.274,1.7343,1.7348,1.20,1.00
2009.05.27 02:26:52.744,1.7343,1.7348,2.80,1.00
2009.05.27 02:26:52.964,1.73445,1.73515,1.20,1.00
2009.05.27 02:26:53.194,1.73445,1.73525,1.20,2.00
2009.05.27 02:26:53.524,1.73445,1.7353,1.20,3.40
2009.05.27 02:26:53.814,1.73445,1.73505,1.20,1.00
2009.05.27 02:26:55.923,1.7345,1.73495,1.20,1.00
2009.05.27 02:26:56.103,1.73445,1.7349,1.20,5.20
2009.05.27 02:26:56.223,1.73445,1.7349,1.20,1.00
2009.05.27 02:26:57.883,1.7345,1.73495,1.20,5.20
2009.05.27 02:26:58.113,1.7345,1.73495,1.20,1.00
2009.05.27 02:26:58.693,1.73445,1.735,2.80,1.00
2009.05.27 02:26:58.982,1.73445,1.73485,2.80,1.00
2009.05.27 02:27:00.362,1.73445,1.73485,1.60,1.00
2009.05.27 02:27:01.812,1.73445,1.7348,1.60,1.00
2009.05.27 02:27:01.992,1.73445,1.7349,1.60,1.00
2009.05.27 02:27:02.112,1.73445,1.73505,1.60,4.80
2009.05.27 02:27:02.382,1.73445,1.73525,1.60,3.00
2009.05.27 02:27:02.972,1.73445,1.7353,1.60,4.60
2009.05.27 02:27:03.202,1.73445,1.73525,1.60,4.60
2009.05.27 02:27:03.432,1.73435,1.7352,1.60,3.00
2009.05.27 02:27:03.652,1.73435,1.7352,1.60,1.00
2009.05.27 02:27:04.001,1.73435,1.7351,1.60,3.60
2009.05.27 02:27:04.241,1.73425,1.7351,1.60,3.60
2009.05.27 02:27:08.750,1.73425,1.7351,1.60,4.60
2009.05.27 02:27:08.920,1.73425,1.73485,1.60,1.00
2009.05.27 02:27:09.380,1.73425,1.735,1.60,5.20
2009.05.27 02:27:09.550,1.73425,1.735,1.60,1.00
2009.05.27 02:27:10.460,1.73425,1.7348,1.60,1.00
2009.05.27 02:27:12.450,1.73425,1.735,1.60,5.20
2009.05.27 02:27:12.789,1.73425,1.735,1.60,1.00
2009.05.27 02:27:15.779,1.73425,1.7348,1.60,1.00
2009.05.27 02:27:17.458,1.73425,1.7349,1.60,4.80
2009.05.27 02:27:17.918,1.73425,1.73495,1.60,1.00
2009.05.27 02:27:21.207,1.73425,1.735,1.60,1.00
2009.05.27 02:27:30.825,1.73425,1.73485,1.60,1.00
2009.05.27 02:27:30.945,1.73425,1.7349,1.60,1.00
2009.05.27 02:27:37.313,1.7343,1.7349,1.60,1.00
2009.05.27 02:27:37.873,1.7343,1.73495,1.60,1.00
2009.05.27 02:27:38.563,1.7343,1.7349,1.60,1.00
2009.05.27 02:27:39.493,1.7343,1.735,1.60,1.00
2009.05.27 02:27:44.941,1.73425,1.735,1.60,1.00
2009.05.27 02:27:45.112,1.73425,1.73495,1.60,1.00
2009.05.27 02:27:45.941,1.7343,1.735,1.60,1.00
2009.05.27 02:27:46.561,1.7342,1.73495,1.20,1.00
2009.05.27 02:27:46.801,1.73415,1.7349,3.20,3.00
2009.05.27 02:27:46.981,1.7341,1.7349,1.60,3.60
2009.05.27 02:27:47.761,1.7341,1.73485,1.60,4.60
2009.05.27 02:27:47.921,1.7341,1.73485,1.60,3.60
2009.05.27 02:27:48.451,1.73405,1.73485,1.60,3.60
2009.05.27 02:27:48.741,1.734,1.73475,1.60,1.60
2009.05.27 02:27:49.041,1.734,1.7347,1.20,1.60
2009.05.27 02:27:49.271,1.73395,1.7347,1.60,4.60
2009.05.27 02:27:49.610,1.734,1.7347,1.20,1.60
2009.05.27 02:27:49.830,1.734,1.73475,1.20,1.60
2009.05.27 02:27:50.230,1.73405,1.73475,1.20,1.60
2009.05.27 02:27:50.390,1.73405,1.7348,2.80,1.60
2009.05.27 02:27:50.670,1.734,1.7348,1.20,3.00
2009.05.27 02:27:51.650,1.73405,1.73485,2.80,4.60
2009.05.27 02:27:52.380,1.734,1.7348,4.40,3.00
2009.05.27 02:27:52.560,1.734,1.7348,2.80,3.00
2009.05.27 02:27:52.730,1.734,1.7348,2.80,4.60
2009.05.27 02:27:53.759,1.73395,1.73475,2.80,3.00
2009.05.27 02:27:54.789,1.7341,1.7348,1.60,1.60
2009.05.27 02:27:55.029,1.7341,1.73495,1.60,1.60
2009.05.27 02:27:55.329,1.7341,1.735,1.60,1.60
2009.05.27 02:27:55.609,1.7341,1.73505,1.60,5.20
2009.05.27 02:27:56.089,1.73405,1.73505,2.00,5.20
2009.05.27 02:27:56.329,1.73405,1.735,1.00,2.00
2009.05.27 02:27:57.178,1.73405,1.73495,1.00,1.00
2009.05.27 02:27:58.148,1.73405,1.73495,2.00,1.00
2009.05.27 02:27:58.368,1.73405,1.7349,2.00,1.00
2009.05.27 02:27:58.928,1.73415,1.735,1.20,1.60
2009.05.27 02:27:59.458,1.73415,1.73505,1.20,3.60
2009.05.27 02:28:00.038,1.73435,1.73505,2.00,2.00
2009.05.27 02:28:00.268,1.73435,1.73505,2.00,1.60
2009.05.27 02:28:00.448,1.7342,1.73505,1.00,3.00
2009.05.27 02:28:00.728,1.7343,1.7351,1.20,1.60
2009.05.27 02:28:00.898,1.7341,1.73505,4.40,3.00
2009.05.27 02:28:01.128,1.73415,1.735,1.00,1.00
2009.05.27 02:28:01.527,1.73405,1.73495,1.00,1.00
2009.05.27 02:28:04.307,1.73405,1.73495,1.00,3.60
2009.05.27 02:28:04.607,1.73405,1.7349,1.00,1.00
2009.05.27 02:28:06.236,1.734,1.7349,2.40,1.00
2009.05.27 02:28:06.296,1.73405,1.7349,2.00,1.00
2009.05.27 02:28:06.466,1.7341,1.7349,1.00,1.00
2009.05.27 02:28:06.576,1.7341,1.7349,1.00,3.60
2009.05.27 02:28:06.697,1.734,1.7349,2.00,3.60
2009.05.27 02:28:06.876,1.73405,1.7349,1.20,1.00
2009.05.27 02:28:06.936,1.73405,1.7348,1.20,1.00
2009.05.27 02:28:07.556,1.734,1.73475,1.00,3.00
2009.05.27 02:28:07.796,1.73395,1.7347,1.20,1.00
2009.05.27 02:28:08.026,1.73395,1.7347,2.80,1.00
2009.05.27 02:28:08.256,1.73405,1.73485,1.20,2.00
2009.05.27 02:28:08.486,1.734,1.73485,2.00,2.00
2009.05.27 02:28:08.716,1.734,1.7348,2.00,1.00
2009.05.27 02:28:11.125,1.734,1.7348,1.00,3.60
2009.05.27 02:28:11.985,1.734,1.7348,2.00,2.00
2009.05.27 02:28:12.245,1.734,1.73485,2.00,2.00
2009.05.27 02:28:12.605,1.734,1.73475,2.00,1.00
2009.05.27 02:28:14.804,1.734,1.7348,2.00,2.00
2009.05.27 02:28:14.964,1.734,1.7348,2.00,1.00
2009.05.27 02:28:17.313,1.734,1.7348,2.00,3.60
2009.05.27 02:28:17.474,1.734,1.73475,1.20,1.00
2009.05.27 02:28:23.102,1.73395,1.7347,2.00,3.00
2009.05.27 02:28:26.302,1.73395,1.7347,2.80,3.00
2009.05.27 02:28:26.471,1.73395,1.7347,1.60,3.00
2009.05.27 02:28:26.522,1.7339,1.7347,1.00,3.00
2009.05.27 02:28:29.181,1.7337,1.7347,4.80,3.00
2009.05.27 02:28:29.241,1.73375,1.73455,1.60,1.00
2009.05.27 02:28:29.401,1.7337,1.73455,1.60,1.00
2009.05.27 02:28:29.631,1.73355,1.7346,2.00,1.20
2009.05.27 02:28:29.741,1.73355,1.7346,2.00,1.00
2009.05.27 02:28:30.090,1.73355,1.7346,10.00,1.00
2009.05.27 02:28:30.590,1.7336,1.7346,8.80,1.00
2009.05.27 02:28:30.880,1.73385,1.7346,1.20,1.00
2009.05.27 02:28:30.940,1.73385,1.73465,1.20,1.00
2009.05.27 02:28:32.360,1.73395,1.7347,1.20,3.60
2009.05.27 02:28:37.949,1.73395,1.7347,2.80,3.60
2009.05.27 02:28:38.559,1.73395,1.73465,2.80,1.00
2009.05.27 02:28:39.329,1.734,1.73465,1.60,1.00
2009.05.27 02:28:39.858,1.734,1.7347,1.60,3.60
2009.05.27 02:28:43.037,1.73395,1.7347,2.80,3.60
2009.05.27 02:28:45.057,1.73395,1.73465,2.80,1.00
2009.05.27 02:28:51.926,1.734,1.73465,2.80,1.00
2009.05.27 02:28:57.134,1.73405,1.73475,1.60,1.00
2009.05.27 02:28:59.554,1.734,1.7347,1.60,3.00
2009.05.27 02:28:59.853,1.734,1.7347,1.60,3.60
2009.05.27 02:29:00.483,1.734,1.7347,1.60,3.00
2009.05.27 02:29:00.893,1.734,1.7347,1.60,3.60
2009.05.27 02:29:01.243,1.734,1.73465,1.60,1.00
2009.05.27 02:29:01.473,1.734,1.7346,1.60,1.00
2009.05.27 02:29:01.823,1.73395,1.7346,1.60,1.00
2009.05.27 02:29:01.943,1.734,1.7347,1.60,4.80
2009.05.27 02:29:02.113,1.73395,1.73475,2.80,1.00
2009.05.27 02:29:02.223,1.73395,1.73475,1.60,1.00
2009.05.27 02:29:02.513,1.73395,1.73465,1.60,1.00
2009.05.27 02:29:02.633,1.73395,1.73475,2.80,1.00
2009.05.27 02:29:05.302,1.734,1.7347,1.60,1.00
2009.05.27 02:29:05.422,1.73395,1.7347,1.60,1.00
2009.05.27 02:29:06.942,1.73405,1.7347,1.60,1.00
2009.05.27 02:29:07.632,1.73405,1.73485,1.60,1.00
2009.05.27 02:29:07.862,1.73405,1.73485,1.60,3.60
2009.05.27 02:29:08.101,1.73405,1.7347,1.60,1.00
2009.05.27 02:29:14.120,1.73405,1.7348,1.60,1.00
2009.05.27 02:29:14.300,1.73405,1.7347,1.60,1.00
2009.05.27 02:29:18.989,1.73405,1.73475,1.60,1.00
2009.05.27 02:29:26.407,1.73405,1.7347,1.60,1.00
2009.05.27 02:29:27.277,1.73405,1.73475,1.60,1.00
2009.05.27 02:29:28.077,1.734,1.7348,1.60,1.00
2009.05.27 02:29:28.317,1.734,1.73485,2.80,2.00
2009.05.27 02:29:28.587,1.734,1.73475,1.60,1.00
2009.05.27 02:29:29.846,1.734,1.7347,1.60,1.00
2009.05.27 02:29:34.985,1.73395,1.7347,1.60,1.00
2009.05.27 02:29:35.395,1.73395,1.73475,1.60,1.00
2009.05.27 02:29:35.515,1.7339,1.73475,2.20,1.00
2009.05.27 02:29:35.915,1.7339,1.73475,1.40,1.00
2009.05.27 02:29:36.195,1.7339,1.73475,2.80,3.60
2009.05.27 02:29:36.485,1.7339,1.73475,2.20,1.00
2009.05.27 02:29:36.665,1.7339,1.73475,1.60,3.60
2009.05.27 02:29:36.826,1.7339,1.7347,1.60,1.00
2009.05.27 02:29:37.164,1.73385,1.7347,3.60,1.00
2009.05.27 02:29:37.615,1.7339,1.73465,2.80,3.00
2009.05.27 02:29:38.254,1.73395,1.7347,2.80,1.00
2009.05.27 02:29:38.534,1.73385,1.73475,3.60,3.00
2009.05.27 02:29:38.944,1.7339,1.73465,2.80,3.00
2009.05.27 02:29:39.244,1.73385,1.7347,3.60,1.00
2009.05.27 02:29:40.624,1.7339,1.73465,2.80,3.00
2009.05.27 02:29:40.744,1.7339,1.7347,1.60,3.60
2009.05.27 02:29:40.964,1.7339,1.7347,1.60,1.00
2009.05.27 02:29:41.653,1.7339,1.73465,1.60,1.00
2009.05.27 02:29:42.163,1.7339,1.73465,2.80,3.00
2009.05.27 02:29:42.333,1.7339,1.73475,2.80,3.60
2009.05.27 02:29:42.633,1.7339,1.73465,2.80,3.00
2009.05.27 02:29:43.803,1.7339,1.7347,2.80,3.60
2009.05.27 02:29:44.153,1.7339,1.7347,2.80,1.00
2009.05.27 02:29:44.373,1.73395,1.7347,1.20,1.00
2009.05.27 02:29:44.543,1.7339,1.7347,2.80,1.00
2009.05.27 02:29:44.883,1.73405,1.7347,1.00,1.00
2009.05.27 02:29:45.173,1.734,1.7351,1.00,4.80
2009.05.27 02:29:45.652,1.734,1.73515,1.00,3.00
2009.05.27 02:29:46.282,1.734,1.73505,2.40,3.00
2009.05.27 02:29:50.151,1.734,1.73505,1.60,3.00
2009.05.27 02:29:50.331,1.73405,1.73505,1.60,2.40
2009.05.27 02:29:50.601,1.734,1.73505,2.40,4.00
2009.05.27 02:29:50.831,1.734,1.73505,2.40,3.00
2009.05.27 02:29:51.011,1.734,1.73505,1.00,3.00
2009.05.27 02:29:51.361,1.734,1.73505,1.60,3.00
2009.05.27 02:29:55.870,1.734,1.73505,1.60,7.60
2009.05.27 02:29:56.170,1.734,1.73505,1.60,7.00
2009.05.27 02:29:56.440,1.73395,1.73505,4.40,7.60
2009.05.27 02:29:57.710,1.73405,1.73505,1.60,7.60
2009.05.27 02:29:57.950,1.73405,1.735,1.60,3.00
2009.05.27 02:29:58.070,1.73405,1.735,1.60,1.00
2009.05.27 02:29:58.240,1.73405,1.735,1.60,3.60
2009.05.27 02:29:58.469,1.73405,1.735,1.60,1.00
2009.05.27 02:29:58.879,1.73405,1.73495,1.60,1.00
2009.05.27 02:29:59.109,1.73405,1.735,1.60,3.00
2009.05.27 02:29:59.390,1.73405,1.73495,1.60,1.00
2009.05.27 02:29:59.629,1.73405,1.735,1.60,3.00
2009.05.27 02:30:02.139,1.7341,1.7349,1.60,1.00
2009.05.27 02:30:02.439,1.7341,1.73495,1.60,2.00
2009.05.27 02:30:02.898,1.7341,1.735,1.60,3.00
2009.05.27 02:30:03.548,1.7341,1.735,1.60,7.60
2009.05.27 02:30:03.728,1.7341,1.735,1.60,3.00
2009.05.27 02:30:10.826,1.73415,1.735,1.60,1.60
2009.05.27 02:30:10.996,1.73415,1.73505,1.60,2.00
2009.05.27 02:30:14.295,1.73415,1.73505,1.60,5.20
2009.05.27 02:30:16.085,1.73415,1.73505,2.80,5.20
2009.05.27 02:30:16.305,1.73415,1.73495,2.80,1.00
2009.05.27 02:30:16.835,1.73415,1.73505,2.80,8.60
2009.05.27 02:30:16.945,1.73415,1.73505,2.80,3.00
2009.05.27 02:30:23.133,1.7342,1.7351,1.60,3.80
2009.05.27 02:30:23.183,1.7342,1.7351,1.60,3.00
2009.05.27 02:30:24.334,1.7342,1.7351,1.60,1.00
2009.05.27 02:30:30.572,1.7342,1.7351,2.80,1.00
2009.05.27 02:30:36.580,1.7342,1.73505,1.60,3.00
2009.05.27 02:30:37.610,1.7342,1.73495,1.60,3.00
2009.05.27 02:30:37.910,1.73425,1.73495,1.60,3.00
2009.05.27 02:30:40.049,1.73425,1.7349,1.60,4.80
2009.05.27 02:30:40.399,1.73425,1.73505,1.60,3.60
2009.05.27 02:30:44.258,1.73425,1.735,1.60,3.00
2009.05.27 02:30:44.498,1.73425,1.735,1.60,3.60
2009.05.27 02:30:45.878,1.73425,1.735,1.60,1.00
2009.05.27 02:30:46.208,1.73425,1.735,1.60,3.00
2009.05.27 02:30:46.268,1.73425,1.735,1.60,3.60
2009.05.27 02:30:46.668,1.73425,1.735,1.60,1.00
2009.05.27 02:30:46.728,1.73425,1.73505,1.60,3.60
2009.05.27 02:30:47.757,1.73425,1.73495,1.60,1.20
2009.05.27 02:30:48.107,1.73405,1.7348,3.20,3.00
2009.05.27 02:30:48.457,1.7342,1.73485,1.60,1.00
2009.05.27 02:30:48.577,1.7342,1.735,1.60,2.80
2009.05.27 02:30:48.637,1.7342,1.735,1.60,2.00
2009.05.27 02:30:48.747,1.7342,1.735,1.60,1.00
2009.05.27 02:30:48.807,1.7342,1.73505,1.60,3.60
2009.05.27 02:30:53.936,1.73425,1.7351,1.20,1.60
2009.05.27 02:30:54.056,1.73425,1.73515,1.20,5.20
2009.05.27 02:30:54.796,1.7343,1.73495,1.60,3.00
2009.05.27 02:30:54.966,1.7341,1.73495,3.20,3.00
2009.05.27 02:30:55.146,1.7341,1.73495,1.60,3.00
2009.05.27 02:30:55.486,1.73425,1.73505,1.60,5.20
2009.05.27 02:30:55.725,1.73425,1.73515,1.60,1.00
2009.05.27 02:31:00.114,1.73425,1.73505,1.60,3.60
2009.05.27 02:31:00.584,1.73425,1.735,1.60,1.00
2009.05.27 02:31:11.052,1.73405,1.73485,1.20,1.20
2009.05.27 02:31:11.272,1.734,1.73485,4.80,3.00
2009.05.27 02:31:11.552,1.734,1.73485,3.20,3.00
2009.05.27 02:31:11.732,1.734,1.73485,1.60,3.00
2009.05.27 02:31:11.792,1.734,1.73485,1.60,4.00
2009.05.27 02:31:12.831,1.734,1.73475,1.60,3.00
2009.05.27 02:31:19.810,1.7341,1.7348,1.00,1.00
2009.05.27 02:31:19.870,1.7342,1.7348,1.60,1.00
2009.05.27 02:31:19.990,1.7342,1.73485,1.60,1.60
2009.05.27 02:31:20.270,1.7342,1.735,1.60,2.00
2009.05.27 02:31:21.969,1.7342,1.7348,1.60,1.00
2009.05.27 02:31:28.378,1.7342,1.73465,1.60,1.00
2009.05.27 02:31:28.897,1.7342,1.7348,1.60,4.80
2009.05.27 02:31:28.998,1.7342,1.73485,1.60,1.00
2009.05.27 02:31:29.537,1.7342,1.7349,2.80,1.00
2009.05.27 02:31:30.157,1.7342,1.7349,1.60,1.00
2009.05.27 02:31:30.447,1.7342,1.7348,1.60,1.00
2009.05.27 02:31:31.647,1.7342,1.73485,1.60,1.00
2009.05.27 02:31:32.907,1.7342,1.73485,1.60,1.60
2009.05.27 02:31:33.017,1.73385,1.73465,4.40,1.00
2009.05.27 02:31:33.237,1.7339,1.73465,3.20,1.00
2009.05.27 02:31:33.466,1.73385,1.7347,1.60,1.00
2009.05.27 02:31:35.896,1.7339,1.7346,2.80,1.00
2009.05.27 02:31:36.006,1.73395,1.7346,1.60,1.00
2009.05.27 02:31:37.086,1.734,1.7346,1.60,1.00
2009.05.27 02:31:37.386,1.734,1.73465,1.60,1.00
2009.05.27 02:31:37.676,1.73405,1.73475,1.60,3.00
2009.05.27 02:31:38.085,1.73405,1.7348,1.60,3.60
2009.05.27 02:31:38.315,1.73405,1.73475,1.60,3.00
2009.05.27 02:31:38.705,1.73405,1.73475,1.60,3.60
2009.05.27 02:31:40.295,1.73425,1.73475,1.60,3.60
2009.05.27 02:31:40.475,1.73425,1.73495,1.60,2.00
2009.05.27 02:31:40.765,1.73425,1.735,1.60,1.00
2009.05.27 02:31:45.593,1.7342,1.73495,1.60,1.00
2009.05.27 02:31:46.123,1.73415,1.7349,1.60,1.00
2009.05.27 02:31:48.093,1.73415,1.7349,1.60,1.60
2009.05.27 02:31:48.203,1.73415,1.7347,1.60,3.00
2009.05.27 02:31:48.263,1.734,1.7347,3.20,3.00
2009.05.27 02:31:48.323,1.734,1.73465,3.20,1.00
2009.05.27 02:31:48.503,1.734,1.73465,1.60,1.00
2009.05.27 02:31:49.703,1.73405,1.73475,1.60,3.00
2009.05.27 02:31:53.532,1.73405,1.7346,1.60,1.00
2009.05.27 02:31:58.250,1.734,1.7346,1.60,1.00
2009.05.27 02:31:58.310,1.734,1.73455,1.60,1.00
2009.05.27 02:31:59.780,1.734,1.7346,1.60,1.00
2009.05.27 02:32:02.059,1.734,1.7347,1.60,4.40
2009.05.27 02:32:02.279,1.734,1.7347,1.60,3.60
2009.05.27 02:32:02.519,1.734,1.7347,1.60,3.00
2009.05.27 02:32:09.338,1.7342,1.73505,1.60,3.00
2009.05.27 02:32:10.238,1.7342,1.735,1.60,3.00
2009.05.27 02:32:12.527,1.73415,1.73485,1.00,1.00
2009.05.27 02:32:12.757,1.7342,1.73485,1.60,1.00
2009.05.27 02:32:13.107,1.7342,1.73505,1.60,4.60
2009.05.27 02:32:13.277,1.7342,1.73505,1.60,3.00
2009.05.27 02:32:14.476,1.73415,1.73505,1.00,3.00
2009.05.27 02:32:15.116,1.7342,1.7351,1.00,4.60
2009.05.27 02:32:15.466,1.7342,1.73505,1.60,3.00
2009.05.27 02:32:18.846,1.7342,1.7351,1.60,1.60
2009.05.27 02:32:19.305,1.73415,1.7351,3.20,1.60
2009.05.27 02:32:19.765,1.73415,1.7349,3.20,3.00
2009.05.27 02:32:20.055,1.73405,1.7348,1.60,3.00
2009.05.27 02:32:20.405,1.734,1.73485,1.60,3.00
2009.05.27 02:32:20.795,1.7342,1.7349,1.00,2.00
2009.05.27 02:32:21.025,1.7342,1.73505,1.00,3.00
2009.05.27 02:32:21.555,1.7342,1.73505,1.60,3.00
2009.05.27 02:32:23.234,1.7342,1.73505,1.60,4.60
2009.05.27 02:32:24.294,1.7342,1.73505,1.60,3.00
2009.05.27 02:32:27.843,1.73415,1.7351,2.00,4.60
2009.05.27 02:32:30.143,1.73415,1.73505,1.60,4.60
2009.05.27 02:32:32.932,1.73415,1.735,1.60,3.00
2009.05.27 02:32:33.102,1.73415,1.735,1.00,3.00
2009.05.27 02:32:33.662,1.73415,1.735,1.00,1.60
2009.05.27 02:32:34.252,1.7341,1.73505,2.40,4.60
2009.05.27 02:32:35.352,1.7341,1.73505,1.60,4.60
2009.05.27 02:32:35.802,1.73425,1.73505,1.20,4.60
2009.05.27 02:32:35.971,1.73425,1.73505,2.00,4.60
2009.05.27 02:32:36.241,1.7341,1.73505,3.20,3.00
2009.05.27 02:32:36.801,1.7341,1.73505,3.20,4.60
2009.05.27 02:32:36.911,1.73415,1.735,1.60,3.00
2009.05.27 02:32:39.370,1.73425,1.735,1.60,3.00
2009.05.27 02:32:39.950,1.7343,1.73505,1.20,4.60
2009.05.27 02:32:40.590,1.73425,1.735,3.20,3.00
2009.05.27 02:32:40.750,1.73425,1.735,1.60,3.00
2009.05.27 02:32:41.320,1.7343,1.73505,2.80,3.00
2009.05.27 02:32:54.327,1.7344,1.7352,2.80,4.60
2009.05.27 02:32:54.387,1.7344,1.7352,2.80,5.40
2009.05.27 02:32:54.687,1.7344,1.7352,2.80,3.80
2009.05.27 02:32:59.066,1.7345,1.73525,1.60,3.00
2009.05.27 02:32:59.176,1.73445,1.73525,2.80,3.00
2009.05.27 02:32:59.456,1.73445,1.73515,1.60,3.00
2009.05.27 02:32:59.686,1.73445,1.73525,2.80,6.20
2009.05.27 02:33:00.386,1.7344,1.7351,3.20,3.00
2009.05.27 02:33:00.885,1.7344,1.7351,1.60,3.00
2009.05.27 02:33:06.854,1.7343,1.73505,1.60,3.00
2009.05.27 02:33:06.964,1.73435,1.7351,1.00,3.60
2009.05.27 02:33:07.074,1.7344,1.7351,1.20,1.00
2009.05.27 02:33:07.364,1.73435,1.7351,1.20,3.00
2009.05.27 02:33:07.944,1.73435,1.73505,1.60,3.00
2009.05.27 02:33:08.803,1.73435,1.7351,2.80,3.80
2009.05.27 02:33:09.763,1.7344,1.7351,2.80,1.00
2009.05.27 02:33:09.983,1.7344,1.73515,2.80,3.80
2009.05.27 02:33:11.483,1.73445,1.73515,1.20,1.00
2009.05.27 02:33:11.713,1.7344,1.73515,2.80,3.80
2009.05.27 02:33:12.723,1.7344,1.73515,2.80,1.00
2009.05.27 02:33:15.442,1.7344,1.73515,1.20,1.00
2009.05.27 02:33:15.612,1.7344,1.73515,1.20,3.80
2009.05.27 02:33:16.931,1.7344,1.73515,1.20,5.40
2009.05.27 02:33:18.631,1.73445,1.73515,1.20,2.40
2009.05.27 02:33:18.861,1.73445,1.73515,1.20,1.00
2009.05.27 02:33:18.921,1.7344,1.73515,2.80,3.80
2009.05.27 02:33:18.981,1.7344,1.73515,1.20,3.80
2009.05.27 02:33:19.431,1.7344,1.73515,2.80,3.80
2009.05.27 02:33:19.731,1.7344,1.73515,2.80,1.00
2009.05.27 02:33:22.030,1.7344,1.73515,2.80,3.80
2009.05.27 02:33:22.150,1.7344,1.73515,1.20,3.80
2009.05.27 02:33:23.380,1.73445,1.73515,1.20,1.00
2009.05.27 02:33:23.740,1.7344,1.73515,1.20,3.80
2009.05.27 02:33:26.110,1.73445,1.73515,1.20,1.00
2009.05.27 02:33:26.409,1.7345,1.73515,1.20,1.00
2009.05.27 02:33:26.739,1.73455,1.7352,1.20,2.20
2009.05.27 02:33:27.029,1.73445,1.73525,1.60,7.80
2009.05.27 02:33:27.319,1.7344,1.73515,4.40,1.00
2009.05.27 02:33:27.439,1.73445,1.73515,1.20,1.00
2009.05.27 02:33:27.909,1.73455,1.73515,1.20,1.00
2009.05.27 02:33:28.139,1.73445,1.7352,1.20,2.20
2009.05.27 02:33:28.379,1.7344,1.7352,2.80,5.20
2009.05.27 02:33:28.719,1.73445,1.7352,1.20,2.20
2009.05.27 02:33:28.939,1.7345,1.7352,1.60,3.80
2009.05.27 02:33:29.169,1.7344,1.7352,2.80,3.80
2009.05.27 02:33:29.399,1.7344,1.7352,2.80,5.20
2009.05.27 02:33:40.026,1.73425,1.73515,1.60,6.00
2009.05.27 02:33:40.086,1.73425,1.73515,3.20,7.20
2009.05.27 02:33:40.436,1.73435,1.73515,1.20,4.00
2009.05.27 02:33:40.776,1.7342,1.73515,1.60,7.00
2009.05.27 02:33:41.525,1.7342,1.73515,1.60,4.00
2009.05.27 02:33:41.815,1.73435,1.73515,1.20,4.00
2009.05.27 02:33:42.086,1.73435,1.7352,1.20,4.80
2009.05.27 02:33:42.375,1.73435,1.7352,1.20,2.40
2009.05.27 02:33:42.545,1.73435,1.7352,1.20,4.00
2009.05.27 02:33:43.195,1.73435,1.7352,1.20,2.40
2009.05.27 02:33:43.835,1.7342,1.73505,1.60,3.00
2009.05.27 02:33:48.324,1.73415,1.7349,1.20,3.00
2009.05.27 02:33:53.533,1.73415,1.7349,1.20,3.80
2009.05.27 02:33:53.763,1.73415,1.7349,1.20,5.00
2009.05.27 02:33:56.032,1.7341,1.7349,2.80,5.00
2009.05.27 02:33:57.292,1.73415,1.7349,1.60,5.00
2009.05.27 02:33:59.011,1.73415,1.7348,1.60,1.20
2009.05.27 02:33:59.241,1.73405,1.73475,1.60,3.00
2009.05.27 02:33:59.571,1.73395,1.73475,1.60,3.00
2009.05.27 02:33:59.741,1.73385,1.73475,1.60,6.20
2009.05.27 02:34:00.031,1.73385,1.73475,2.00,5.40
2009.05.27 02:34:00.201,1.73385,1.73475,2.00,3.00
2009.05.27 02:34:10.838,1.73405,1.73475,1.60,3.00
2009.05.27 02:34:11.128,1.734,1.73475,1.60,3.80
2009.05.27 02:34:11.368,1.734,1.73475,1.60,6.40
2009.05.27 02:34:14.428,1.73405,1.73475,1.60,6.40
2009.05.27 02:34:14.598,1.73405,1.73475,1.60,5.60
2009.05.27 02:34:14.777,1.73405,1.7348,1.60,3.80
2009.05.27 02:34:21.096,1.73405,1.7348,2.80,1.00
2009.05.27 02:34:21.336,1.73405,1.7348,1.60,3.80
2009.05.27 02:34:21.686,1.7341,1.7349,1.00,1.60
2009.05.27 02:34:22.046,1.73415,1.7349,1.60,1.60
2009.05.27 02:34:22.106,1.73405,1.73495,2.00,2.40
2009.05.27 02:34:22.216,1.73405,1.73495,1.40,2.40
2009.05.27 02:34:22.396,1.73405,1.73495,1.00,2.40
2009.05.27 02:34:23.545,1.734,1.73495,3.60,2.40
2009.05.27 02:34:23.716,1.734,1.735,2.00,2.40
2009.05.27 02:34:23.836,1.734,1.735,3.60,3.00
2009.05.27 02:34:24.055,1.734,1.735,5.20,2.40
2009.05.27 02:34:24.635,1.734,1.735,3.60,2.40
2009.05.27 02:34:25.275,1.734,1.735,3.60,3.00
2009.05.27 02:34:26.185,1.734,1.735,2.80,3.00
2009.05.27 02:34:26.425,1.73395,1.735,3.60,3.00
2009.05.27 02:34:32.293,1.734,1.73485,1.60,4.60
2009.05.27 02:34:33.123,1.734,1.73485,1.60,5.60
2009.05.27 02:34:33.283,1.734,1.73475,1.60,3.00
2009.05.27 02:34:40.381,1.73395,1.73475,2.80,3.00
2009.05.27 02:34:40.551,1.7339,1.7347,2.80,3.00
2009.05.27 02:34:40.781,1.7339,1.7347,2.80,3.60
2009.05.27 02:34:40.961,1.7339,1.73465,2.80,1.00
2009.05.27 02:34:41.301,1.7339,1.7347,2.80,6.00
2009.05.27 02:34:42.111,1.7339,1.73465,2.80,1.00
2009.05.27 02:34:42.581,1.734,1.73465,1.60,1.00
2009.05.27 02:34:42.691,1.734,1.7347,1.60,1.00
2009.05.27 02:34:48.679,1.73395,1.73475,2.80,2.40
2009.05.27 02:34:54.818,1.7342,1.73475,1.20,2.40
2009.05.27 02:34:55.228,1.7342,1.7347,1.20,2.40
2009.05.27 02:34:55.558,1.73415,1.7347,1.00,3.00
2009.05.27 02:34:55.728,1.73385,1.7347,4.40,2.40
2009.05.27 02:34:55.848,1.73385,1.7347,2.80,2.40
2009.05.27 02:34:56.008,1.73385,1.7346,2.80,1.20
2009.05.27 02:34:56.308,1.73385,1.7346,1.60,1.20
2009.05.27 02:34:58.267,1.73395,1.73465,1.60,1.20
2009.05.27 02:34:59.317,1.73395,1.7347,1.60,7.20
2009.05.27 02:34:59.587,1.73395,1.73465,1.60,1.20
2009.05.27 02:34:59.707,1.73395,1.73465,1.60,1.80
2009.05.27 02:34:59.827,1.73395,1.7346,1.60,1.20
2009.05.27 02:34:59.927,1.73395,1.7346,1.60,1.80
2009.05.27 02:35:02.146,1.734,1.73495,2.80,2.40
2009.05.27 02:35:02.266,1.734,1.735,3.60,2.40
2009.05.27 02:35:03.246,1.734,1.7349,5.20,2.40
2009.05.27 02:35:04.545,1.734,1.735,5.20,2.40
2009.05.27 02:35:15.213,1.734,1.735,4.40,2.40
2009.05.27 02:35:18.352,1.73415,1.7351,1.00,1.00
2009.05.27 02:35:21.132,1.73415,1.73505,1.00,1.00
2009.05.27 02:35:21.312,1.7341,1.73505,1.00,1.00
2009.05.27 02:35:21.662,1.73415,1.7351,1.00,2.40
2009.05.27 02:35:22.781,1.73415,1.73515,1.00,1.00
2009.05.27 02:35:23.401,1.73405,1.73515,4.40,1.00
2009.05.27 02:35:23.521,1.7341,1.73515,1.60,1.00
2009.05.27 02:35:23.751,1.7341,1.73515,1.00,4.60
2009.05.27 02:35:23.931,1.73405,1.73515,1.60,7.60
2009.05.27 02:35:24.281,1.73405,1.7351,1.40,1.00
2009.05.27 02:35:24.621,1.73405,1.73505,1.00,3.60
2009.05.27 02:35:25.071,1.73405,1.735,2.20,1.20
2009.05.27 02:35:25.301,1.73405,1.73495,1.60,3.00
2009.05.27 02:35:27.140,1.73405,1.73495,1.60,4.60
2009.05.27 02:35:29.129,1.73405,1.7349,1.60,1.60
2009.05.27 02:35:29.640,1.7341,1.7349,1.60,1.60
2009.05.27 02:35:29.869,1.7341,1.73495,1.60,1.60
2009.05.27 02:35:30.199,1.7341,1.735,1.60,1.60
2009.05.27 02:35:33.458,1.73405,1.735,3.60,1.60
2009.05.27 02:35:33.569,1.73405,1.73495,2.20,3.00
2009.05.27 02:35:34.009,1.73405,1.73495,2.20,4.60
2009.05.27 02:35:35.908,1.73405,1.7349,1.60,3.00
2009.05.27 02:35:36.178,1.73405,1.7349,1.60,4.60
2009.05.27 02:35:37.158,1.73405,1.7349,1.60,3.00
2009.05.27 02:35:40.187,1.73405,1.7349,1.60,1.60
2009.05.27 02:35:40.477,1.73405,1.7349,2.20,4.60
2009.05.27 02:35:40.767,1.73405,1.7349,2.20,3.00
2009.05.27 02:35:41.037,1.73405,1.7349,1.60,4.60
2009.05.27 02:35:44.456,1.73405,1.7349,1.60,1.60
2009.05.27 02:35:44.876,1.73405,1.73495,1.60,4.60
2009.05.27 02:35:45.156,1.73405,1.7349,1.60,3.00
2009.05.27 02:35:45.806,1.73405,1.7349,1.60,4.60
2009.05.27 02:35:46.685,1.73405,1.7349,1.60,1.60
2009.05.27 02:35:47.205,1.73405,1.73495,1.60,4.60
2009.05.27 02:35:53.294,1.7341,1.73495,1.60,4.60
2009.05.27 02:35:53.354,1.7341,1.73495,1.60,1.60
2009.05.27 02:35:53.694,1.73415,1.73495,1.20,1.60
2009.05.27 02:35:53.754,1.73415,1.735,1.20,1.60
2009.05.27 02:35:53.974,1.7341,1.735,1.60,1.60
2009.05.27 02:35:54.084,1.7341,1.735,3.20,1.60
2009.05.27 02:35:54.144,1.7341,1.735,1.60,1.60
2009.05.27 02:35:54.673,1.73415,1.735,2.80,1.60
2009.05.27 02:35:55.303,1.73415,1.73505,2.80,1.60
2009.05.27 02:35:55.983,1.73415,1.73505,1.60,1.60
2009.05.27 02:35:56.223,1.73415,1.73505,1.60,2.00
2009.05.27 02:35:56.563,1.73415,1.7349,1.60,1.00
2009.05.27 02:35:56.843,1.73415,1.73495,1.60,1.00
2009.05.27 02:35:57.193,1.734,1.73495,2.80,1.00
2009.05.27 02:35:57.253,1.734,1.73495,1.20,1.00
2009.05.27 02:35:57.893,1.734,1.73495,2.00,1.00
2009.05.27 02:35:58.193,1.734,1.73495,1.00,1.00
2009.05.27 02:35:58.313,1.73395,1.73495,3.00,1.00
2009.05.27 02:35:58.373,1.73395,1.7349,3.00,1.00
2009.05.27 02:35:58.602,1.73405,1.7349,1.60,1.00
2009.05.27 02:35:58.942,1.73405,1.73485,1.60,1.00
2009.05.27 02:36:06.521,1.73415,1.735,2.80,1.60
2009.05.27 02:36:07.241,1.7341,1.73485,1.60,3.00
2009.05.27 02:36:07.421,1.73405,1.73495,2.20,3.00
2009.05.27 02:36:07.601,1.73405,1.73495,2.20,4.60
2009.05.27 02:36:07.820,1.73405,1.73495,2.20,3.00
2009.05.27 02:36:08.170,1.73405,1.73485,1.60,3.00
2009.05.27 02:36:10.690,1.7341,1.73485,1.60,3.00
2009.05.27 02:36:11.030,1.7341,1.7348,1.60,3.00
2009.05.27 02:36:11.479,1.7341,1.7349,2.80,3.00
2009.05.27 02:36:14.129,1.7341,1.7348,1.60,3.00
2009.05.27 02:36:15.149,1.7341,1.73485,1.60,3.00
2009.05.27 02:36:15.868,1.7342,1.73495,1.20,1.60
2009.05.27 02:36:16.508,1.7342,1.735,2.80,4.60
2009.05.27 02:36:16.628,1.7342,1.735,2.80,3.00
2009.05.27 02:36:16.928,1.73425,1.73505,1.20,4.60
2009.05.27 02:36:17.348,1.7343,1.73505,1.60,4.60
2009.05.27 02:36:17.528,1.7343,1.73505,1.60,3.00
2009.05.27 02:36:17.698,1.7343,1.735,1.60,3.00
2009.05.27 02:36:17.988,1.7343,1.73505,1.60,3.00
2009.05.27 02:36:18.288,1.7343,1.73495,1.60,3.00
2009.05.27 02:36:18.408,1.7342,1.73495,1.60,3.00
2009.05.27 02:36:18.588,1.73415,1.73495,2.20,3.00
2009.05.27 02:36:21.017,1.73415,1.73495,1.60,3.00
2009.05.27 02:36:24.726,1.7341,1.7349,1.60,3.60
2009.05.27 02:36:24.846,1.7341,1.7349,1.60,3.00
2009.05.27 02:36:27.685,1.73405,1.73495,1.40,1.60
2009.05.27 02:36:28.015,1.73405,1.735,1.40,4.60
2009.05.27 02:36:29.185,1.73405,1.735,1.40,3.00
2009.05.27 02:36:29.945,1.73405,1.735,1.40,4.60
2009.05.27 02:36:31.345,1.7341,1.735,1.00,4.60
2009.05.27 02:36:34.124,1.7341,1.735,1.40,5.20
2009.05.27 02:36:34.414,1.7341,1.735,1.40,4.60
2009.05.27 02:36:36.133,1.7341,1.735,1.00,5.20
2009.05.27 02:36:36.353,1.73405,1.735,1.60,7.60
2009.05.27 02:36:36.524,1.73405,1.73485,1.60,1.00
2009.05.27 02:36:37.044,1.73405,1.73495,1.60,1.00
2009.05.27 02:36:38.443,1.734,1.73495,2.00,1.00
2009.05.27 02:36:41.002,1.73405,1.73495,1.00,1.00
2009.05.27 02:36:41.692,1.7341,1.73495,1.00,1.00
2009.05.27 02:36:41.922,1.7341,1.735,1.00,2.00
2009.05.27 02:36:42.322,1.7341,1.735,1.00,1.00
2009.05.27 02:36:42.662,1.7341,1.73505,1.00,3.00
2009.05.27 02:36:42.822,1.73405,1.73505,1.60,3.00
2009.05.27 02:36:44.022,1.7341,1.73505,1.00,3.00
2009.05.27 02:36:44.941,1.7341,1.7351,1.00,2.00
2009.05.27 02:36:45.401,1.7341,1.7351,1.00,1.00
2009.05.27 02:36:46.251,1.7341,1.7351,1.00,2.00
2009.05.27 02:36:54.109,1.7341,1.73505,1.00,3.00
2009.05.27 02:36:54.689,1.7341,1.73505,1.00,3.60
2009.05.27 02:36:58.628,1.73415,1.7351,1.00,2.00
2009.05.27 02:37:02.027,1.7341,1.7351,1.60,3.40
2009.05.27 02:37:02.247,1.7341,1.735,5.00,1.00
2009.05.27 02:37:02.467,1.73415,1.73505,1.60,2.60
2009.05.27 02:37:02.647,1.73415,1.73505,1.60,3.40
2009.05.27 02:37:02.877,1.73415,1.73505,1.60,2.40
2009.05.27 02:37:02.987,1.73415,1.73505,1.60,3.20
2009.05.27 02:37:03.277,1.73415,1.73505,1.60,3.40
2009.05.27 02:37:03.397,1.73415,1.73505,1.60,1.20
2009.05.27 02:37:05.656,1.73415,1.73505,2.80,1.20
2009.05.27 02:37:06.226,1.7342,1.73505,1.60,1.20
2009.05.27 02:37:06.627,1.73425,1.73515,1.60,7.80
2009.05.27 02:37:06.856,1.73425,1.73515,1.60,5.40
2009.05.27 02:37:07.496,1.73425,1.73515,1.60,3.00
2009.05.27 02:37:07.666,1.73425,1.73505,1.60,1.20
2009.05.27 02:37:09.945,1.73425,1.7351,1.60,1.20
2009.05.27 02:37:12.495,1.73425,1.73515,1.60,4.60
2009.05.27 02:37:12.665,1.73425,1.7351,1.60,1.20
2009.05.27 02:37:17.394,1.73425,1.73515,1.60,4.60
2009.05.27 02:37:17.633,1.73425,1.7351,1.60,1.20
2009.05.27 02:37:18.223,1.73425,1.73515,1.60,3.00
2009.05.27 02:37:34.139,1.73445,1.73525,1.60,3.00
2009.05.27 02:37:38.429,1.73425,1.73495,1.60,3.00
2009.05.27 02:37:38.548,1.73425,1.73485,1.60,3.00
2009.05.27 02:37:40.058,1.7343,1.7349,1.60,3.00
2009.05.27 02:37:40.358,1.73425,1.7349,1.60,3.00
2009.05.27 02:37:40.418,1.73435,1.7349,1.60,3.00
2009.05.27 02:37:41.178,1.73435,1.73505,1.60,1.60
2009.05.27 02:37:41.518,1.734,1.7351,1.00,1.00
2009.05.27 02:37:42.218,1.734,1.7352,1.60,3.00
2009.05.27 02:37:42.678,1.73415,1.7352,1.60,6.00
2009.05.27 02:37:42.857,1.7341,1.73515,1.60,1.00
2009.05.27 02:37:43.088,1.73405,1.73515,3.00,1.00
2009.05.27 02:37:43.547,1.7341,1.73515,1.60,1.00
2009.05.27 02:37:43.727,1.73415,1.7352,1.60,1.20
2009.05.27 02:37:44.087,1.73415,1.7352,1.60,1.60
2009.05.27 02:37:44.307,1.73415,1.7352,1.60,4.00
2009.05.27 02:37:44.467,1.73415,1.7352,1.60,4.60
2009.05.27 02:37:44.807,1.7341,1.7352,1.60,8.60
2009.05.27 02:37:45.277,1.7341,1.735,1.60,1.20
2009.05.27 02:37:45.657,1.734,1.735,1.00,4.00
2009.05.27 02:37:46.127,1.734,1.735,1.00,6.00
2009.05.27 02:37:46.307,1.734,1.735,1.00,6.00
2009.05.27 02:37:46.596,1.734,1.735,1.00,4.80
2009.05.27 02:37:46.766,1.734,1.735,1.00,4.00
2009.05.27 02:37:46.946,1.73395,1.735,1.00,4.00
2009.05.27 02:37:47.456,1.73395,1.735,1.00,5.60
2009.05.27 02:37:47.566,1.73395,1.73495,1.00,3.00
2009.05.27 02:37:47.687,1.734,1.73495,1.00,3.00
2009.05.27 02:37:47.806,1.734,1.7349,1.00,3.00
2009.05.27 02:37:47.866,1.7339,1.7349,5.20,1.00
2009.05.27 02:37:47.976,1.73395,1.7349,1.20,1.80
2009.05.27 02:37:48.216,1.7339,1.73485,1.60,1.00
2009.05.27 02:37:48.456,1.734,1.73485,1.00,1.00
2009.05.27 02:37:48.746,1.73395,1.73485,1.60,3.00
2009.05.27 02:37:49.156,1.73395,1.73485,1.00,1.00
2009.05.27 02:37:49.386,1.73395,1.7349,1.00,1.00
2009.05.27 02:37:50.885,1.73395,1.7349,1.00,3.60
2009.05.27 02:37:51.055,1.7339,1.73485,1.00,3.00
2009.05.27 02:37:51.296,1.7339,1.73485,1.00,1.00
2009.05.27 02:37:51.525,1.734,1.7349,1.00,1.00
2009.05.27 02:37:51.755,1.73395,1.7349,1.00,1.00
2009.05.27 02:37:51.935,1.73395,1.73485,1.00,1.00
2009.05.27 02:37:52.225,1.7341,1.73485,1.00,1.00
2009.05.27 02:37:52.455,1.73405,1.7349,1.00,1.00
2009.05.27 02:37:52.735,1.73405,1.73475,1.00,1.00
2009.05.27 02:37:52.915,1.73385,1.73475,1.00,1.00
2009.05.27 02:37:53.555,1.73395,1.73485,1.00,3.60
2009.05.27 02:37:54.715,1.73395,1.7347,1.00,3.00
2009.05.27 02:37:54.835,1.7339,1.73475,2.80,1.00
2009.05.27 02:37:55.134,1.73405,1.73485,1.00,1.60
2009.05.27 02:37:55.294,1.73405,1.7349,1.00,1.00
2009.05.27 02:37:55.584,1.73405,1.73495,1.00,1.00
2009.05.27 02:37:55.814,1.734,1.735,1.00,3.00
2009.05.27 02:37:56.514,1.73415,1.735,1.00,3.00
2009.05.27 02:37:56.794,1.73405,1.735,1.00,3.00
2009.05.27 02:38:02.793,1.7341,1.735,1.00,2.40
2009.05.27 02:38:04.852,1.734,1.7349,1.00,3.60
2009.05.27 02:38:05.422,1.734,1.7349,1.60,3.60
2009.05.27 02:38:05.872,1.734,1.7348,1.60,1.00
2009.05.27 02:38:10.741,1.734,1.7349,1.00,4.60
2009.05.27 02:38:11.940,1.734,1.73485,1.00,1.20
2009.05.27 02:38:12.160,1.734,1.73475,1.00,1.00
2009.05.27 02:38:12.800,1.734,1.7349,1.00,9.40
2009.05.27 02:38:13.030,1.734,1.7349,1.00,4.60
2009.05.27 02:38:13.450,1.734,1.7349,2.00,1.60
2009.05.27 02:38:13.570,1.73405,1.7349,1.00,1.60
2009.05.27 02:38:13.790,1.73405,1.7349,1.00,4.60
2009.05.27 02:38:14.080,1.73405,1.735,2.00,5.40
2009.05.27 02:38:14.200,1.73405,1.7349,1.00,3.00
2009.05.27 02:38:14.360,1.73405,1.7349,1.60,3.00
2009.05.27 02:38:14.590,1.734,1.7349,3.20,3.00
2009.05.27 02:38:16.439,1.734,1.7349,1.60,3.00
2009.05.27 02:38:16.709,1.73405,1.7349,1.00,3.00
2009.05.27 02:38:22.538,1.73415,1.73495,2.00,6.40
2009.05.27 02:38:22.878,1.73415,1.73495,2.00,3.00
2009.05.27 02:38:23.868,1.7342,1.735,1.20,3.80
2009.05.27 02:38:24.107,1.7342,1.735,2.00,3.80
2009.05.27 02:38:24.727,1.7342,1.735,1.20,3.80
2009.05.27 02:38:24.837,1.7342,1.735,2.00,3.80
2009.05.27 02:38:24.957,1.7342,1.735,1.20,3.80
2009.05.27 02:38:25.167,1.73415,1.73495,2.00,3.00
2009.05.27 02:38:27.047,1.7342,1.73495,1.00,3.00
2009.05.27 02:38:27.457,1.73415,1.73495,3.60,3.00
2009.05.27 02:38:28.387,1.7342,1.73495,1.00,3.00
2009.05.27 02:38:28.626,1.7342,1.735,2.00,3.80
2009.05.27 02:38:29.676,1.7342,1.735,2.80,3.80
2009.05.27 02:38:29.736,1.73435,1.735,1.60,3.80
2009.05.27 02:38:29.796,1.73435,1.735,1.60,1.00
2009.05.27 02:38:29.966,1.73435,1.73505,1.60,3.80
2009.05.27 02:38:31.516,1.7343,1.735,1.60,3.00
2009.05.27 02:38:37.624,1.734,1.7349,1.00,1.00
2009.05.27 02:38:37.904,1.73405,1.7349,1.00,1.00
2009.05.27 02:38:44.673,1.7341,1.73495,1.60,3.80
2009.05.27 02:38:44.962,1.734,1.73495,3.00,3.60
2009.05.27 02:38:45.013,1.73405,1.73495,1.00,6.00
2009.05.27 02:38:45.362,1.7341,1.7349,1.00,1.00
2009.05.27 02:38:49.122,1.7341,1.73485,1.00,1.00
2009.05.27 02:38:55.090,1.734,1.73485,1.00,1.00
2009.05.27 02:38:55.260,1.734,1.7349,1.00,1.00
2009.05.27 02:38:56.140,1.734,1.73495,1.00,3.00
2009.05.27 02:38:56.430,1.734,1.73495,1.00,3.60
2009.05.27 02:38:58.959,1.73405,1.73495,1.00,3.60
2009.05.27 02:38:59.129,1.73405,1.73495,1.00,4.60
2009.05.27 02:38:59.469,1.73405,1.73495,1.00,3.00
2009.05.27 02:39:04.128,1.73405,1.7349,1.00,3.00
2009.05.27 02:39:04.288,1.73405,1.73495,2.00,6.20
2009.05.27 02:39:04.398,1.73415,1.73495,1.20,3.20
2009.05.27 02:39:04.568,1.73415,1.735,1.20,4.60
2009.05.27 02:39:04.788,1.7341,1.73495,1.60,3.00
2009.05.27 02:39:05.638,1.73405,1.73495,3.60,3.00
2009.05.27 02:39:05.758,1.7341,1.73495,1.00,3.00
2009.05.27 02:39:05.877,1.7341,1.735,2.00,5.00
2009.05.27 02:39:05.997,1.7341,1.735,2.00,3.80
2009.05.27 02:39:12.046,1.7342,1.73495,1.60,3.00
2009.05.27 02:39:16.205,1.73415,1.73495,1.60,3.00
2009.05.27 02:39:16.725,1.73405,1.73495,4.40,3.00
2009.05.27 02:39:17.065,1.73405,1.73485,1.60,3.00
2009.05.27 02:39:17.695,1.734,1.73485,1.60,5.00
2009.05.27 02:39:18.285,1.73395,1.73465,1.60,3.00
2009.05.27 02:39:19.334,1.734,1.7347,1.60,3.00
2009.05.27 02:39:20.384,1.73395,1.7347,1.60,3.00
2009.05.27 02:39:20.794,1.73395,1.7348,2.80,6.40
2009.05.27 02:39:20.954,1.73395,1.7348,2.80,5.00
2009.05.27 02:39:23.583,1.73395,1.7347,2.80,3.00
2009.05.27 02:39:23.763,1.73395,1.7347,1.60,3.00
2009.05.27 02:39:23.993,1.73395,1.7347,2.80,3.00
2009.05.27 02:39:24.223,1.73395,1.7347,1.60,3.00
2009.05.27 02:39:26.003,1.7341,1.73475,1.60,1.20
2009.05.27 02:39:26.223,1.7341,1.7348,1.60,1.60
2009.05.27 02:39:26.452,1.73405,1.73495,1.00,4.00
2009.05.27 02:39:26.742,1.734,1.73495,1.60,4.00
2009.05.27 02:39:26.862,1.73405,1.73495,1.00,2.40
2009.05.27 02:39:27.383,1.73405,1.73495,1.00,3.00
2009.05.27 02:39:28.862,1.73405,1.73475,1.00,3.00
2009.05.27 02:39:29.162,1.734,1.73475,1.60,3.00
2009.05.27 02:39:29.332,1.734,1.7347,1.60,1.00
2009.05.27 02:39:29.632,1.734,1.7348,1.60,4.00
2009.05.27 02:39:29.752,1.734,1.7348,1.60,3.00
2009.05.27 02:39:30.432,1.73395,1.7347,1.60,1.00
2009.05.27 02:39:30.761,1.7339,1.7348,2.00,4.40
2009.05.27 02:39:30.922,1.73395,1.7347,1.00,1.00
2009.05.27 02:39:31.391,1.73395,1.73475,2.80,3.60
2009.05.27 02:39:31.681,1.73395,1.73475,2.80,5.20
2009.05.27 02:39:32.121,1.73395,1.73475,2.80,3.60
2009.05.27 02:39:32.291,1.73395,1.73475,2.80,3.00
2009.05.27 02:39:33.671,1.7339,1.7347,2.80,3.00
2009.05.27 02:39:33.791,1.73395,1.73475,2.80,3.00
2009.05.27 02:39:33.961,1.7339,1.7347,2.80,3.00
2009.05.27 02:39:34.421,1.73395,1.73475,2.80,3.00
2009.05.27 02:39:35.340,1.7339,1.7347,2.80,3.00
2009.05.27 02:39:37.300,1.7339,1.7347,2.80,5.00
2009.05.27 02:39:38.109,1.7339,1.7347,2.80,5.80
2009.05.27 02:39:39.179,1.734,1.7347,1.60,5.80
2009.05.27 02:39:39.450,1.734,1.73475,1.60,4.60
2009.05.27 02:39:39.849,1.734,1.73475,1.60,3.00
2009.05.27 02:39:40.029,1.734,1.7347,1.60,3.00
2009.05.27 02:39:40.439,1.734,1.73475,1.60,3.00
2009.05.27 02:39:40.909,1.734,1.7347,1.60,3.00
2009.05.27 02:39:41.269,1.734,1.73465,1.60,3.00
2009.05.27 02:39:41.619,1.7339,1.73465,1.60,3.00
2009.05.27 02:39:41.919,1.7339,1.7346,1.60,3.00
2009.05.27 02:39:42.089,1.73385,1.7345,1.60,3.00
2009.05.27 02:39:42.549,1.7339,1.73465,1.60,6.00
2009.05.27 02:39:42.718,1.7339,1.73465,1.60,3.80
2009.05.27 02:39:44.578,1.73395,1.73465,1.60,3.80
2009.05.27 02:39:46.278,1.73395,1.73465,2.80,1.00
2009.05.27 02:39:46.678,1.73405,1.7347,1.00,2.00
2009.05.27 02:39:47.088,1.73405,1.7348,1.60,3.00
2009.05.27 02:39:48.277,1.73395,1.7346,1.60,3.00
2009.05.27 02:39:48.497,1.734,1.7346,1.00,3.00
2009.05.27 02:39:48.957,1.734,1.7348,1.60,5.80
2009.05.27 02:39:49.587,1.73405,1.7348,1.60,3.00
2009.05.27 02:39:49.977,1.734,1.73475,2.80,3.00
2009.05.27 02:39:50.667,1.73405,1.7346,1.60,3.00
2009.05.27 02:39:51.017,1.7339,1.7346,1.60,3.00
2009.05.27 02:39:51.516,1.73405,1.7346,1.60,3.00
2009.05.27 02:39:51.867,1.73405,1.7348,1.60,5.20
2009.05.27 02:39:52.096,1.73405,1.7348,1.60,3.00
2009.05.27 02:40:01.934,1.73405,1.7348,1.60,3.00
2009.05.27 02:40:02.454,1.73405,1.73485,1.60,3.60
2009.05.27 02:40:02.674,1.73405,1.73485,1.60,6.80
2009.05.27 02:40:02.914,1.73405,1.73485,1.60,3.60
2009.05.27 02:40:04.173,1.73405,1.73485,1.60,5.20
2009.05.27 02:40:04.633,1.73405,1.73485,1.60,7.60
2009.05.27 02:40:04.863,1.73405,1.73485,1.60,3.00
2009.05.27 02:40:05.153,1.73405,1.73485,1.60,2.40
2009.05.27 02:40:05.733,1.73405,1.73485,1.60,5.40
2009.05.27 02:40:06.543,1.73405,1.73485,1.60,6.00
2009.05.27 02:40:07.942,1.73405,1.73485,1.60,7.60
2009.05.27 02:40:18.780,1.73405,1.73485,2.80,6.00
2009.05.27 02:40:18.890,1.73405,1.7348,2.80,1.20
2009.05.27 02:40:19.060,1.73405,1.7348,2.80,2.00
2009.05.27 02:40:26.598,1.73395,1.73475,2.80,3.00
2009.05.27 02:40:26.888,1.734,1.7348,1.20,3.60
2009.05.27 02:40:27.128,1.734,1.7348,2.00,3.60
2009.05.27 02:40:27.358,1.734,1.7348,1.20,3.60
2009.05.27 02:40:27.598,1.73395,1.73475,2.80,3.00
2009.05.27 02:40:27.828,1.734,1.7348,1.20,3.60
2009.05.27 02:40:30.057,1.734,1.7346,1.20,1.00
2009.05.27 02:40:31.147,1.734,1.73475,1.20,1.00
2009.05.27 02:40:31.607,1.734,1.73475,2.80,1.00
2009.05.27 02:40:32.477,1.734,1.73475,1.60,3.60
2009.05.27 02:40:32.807,1.734,1.7347,1.60,3.00
2009.05.27 02:40:33.226,1.734,1.7347,1.60,1.00
2009.05.27 02:40:33.387,1.734,1.7347,1.60,2.60
2009.05.27 02:40:33.786,1.734,1.7347,1.60,2.00
2009.05.27 02:40:36.996,1.734,1.7347,1.60,1.20
2009.05.27 02:40:37.175,1.734,1.73475,1.60,3.00
2009.05.27 02:40:38.025,1.734,1.7347,1.60,3.00
2009.05.27 02:40:38.195,1.7341,1.7348,1.60,1.00
2009.05.27 02:40:38.525,1.7341,1.7349,1.60,1.60
2009.05.27 02:40:38.695,1.7341,1.735,1.60,4.00
2009.05.27 02:40:39.455,1.73405,1.735,1.00,4.00
2009.05.27 02:40:39.875,1.7341,1.735,1.60,4.00
2009.05.27 02:40:40.155,1.73405,1.735,1.00,4.00
2009.05.27 02:40:41.164,1.73405,1.7348,1.60,1.80
2009.05.27 02:40:41.505,1.73405,1.7348,1.00,3.20
2009.05.27 02:40:41.854,1.73405,1.7348,1.60,3.20
2009.05.27 02:40:46.733,1.73395,1.7348,1.60,4.60
2009.05.27 02:40:48.403,1.7339,1.7348,2.00,4.60
2009.05.27 02:40:48.463,1.73395,1.7348,1.60,4.60
2009.05.27 02:40:48.573,1.73395,1.7347,1.60,3.00
2009.05.27 02:40:48.683,1.73395,1.73475,1.60,3.00
2009.05.27 02:40:48.803,1.7339,1.7347,1.00,3.00
2009.05.27 02:40:49.942,1.7341,1.7348,1.20,1.60
2009.05.27 02:40:50.182,1.73395,1.7347,1.60,3.00
2009.05.27 02:40:50.402,1.734,1.73485,2.80,5.40
2009.05.27 02:40:50.572,1.734,1.73485,2.80,6.20
2009.05.27 02:40:50.802,1.734,1.7348,1.60,3.00
2009.05.27 02:40:52.062,1.73395,1.7348,1.00,3.00
2009.05.27 02:40:52.522,1.73385,1.7348,1.60,5.40
2009.05.27 02:40:52.752,1.73385,1.7347,1.60,3.00
2009.05.27 02:40:53.042,1.73385,1.7346,1.60,3.00
2009.05.27 02:40:53.222,1.73385,1.7347,1.60,3.80
2009.05.27 02:40:53.402,1.73385,1.73455,1.60,3.00
2009.05.27 02:40:55.471,1.7339,1.73445,1.60,1.00
2009.05.27 02:40:55.651,1.7339,1.73455,1.60,3.00
2009.05.27 02:40:56.501,1.7339,1.7346,1.60,3.00
2009.05.27 02:40:56.861,1.7339,1.7347,1.60,3.80
2009.05.27 02:40:56.981,1.7339,1.73475,1.60,4.00
2009.05.27 02:40:57.261,1.73395,1.73475,1.00,1.60
2009.05.27 02:40:57.371,1.734,1.73475,1.00,1.60
2009.05.27 02:40:57.661,1.734,1.7348,1.00,4.00
2009.05.27 02:40:57.841,1.734,1.7348,1.00,2.40
2009.05.27 02:40:58.800,1.73405,1.73485,1.00,2.40
2009.05.27 02:40:59.260,1.73405,1.7348,1.00,3.00
2009.05.27 02:40:59.490,1.734,1.7348,1.00,3.00
2009.05.27 02:40:59.780,1.73405,1.7348,1.00,3.00
2009.05.27 02:41:00.290,1.734,1.7348,1.00,3.00
2009.05.27 02:41:01.399,1.734,1.73485,1.00,7.00
2009.05.27 02:41:01.630,1.734,1.73485,1.00,4.60
2009.05.27 02:41:01.859,1.73405,1.73485,1.60,4.60
2009.05.27 02:41:01.970,1.73405,1.73485,2.80,3.00
2009.05.27 02:41:02.659,1.73405,1.73485,2.00,3.00
2009.05.27 02:41:02.709,1.7341,1.7349,1.20,4.60
2009.05.27 02:41:02.819,1.73405,1.73485,2.80,3.00
2009.05.27 02:41:04.819,1.73395,1.7348,3.60,3.00
2009.05.27 02:41:05.229,1.73395,1.7347,1.60,3.00
2009.05.27 02:41:05.529,1.73395,1.7347,1.00,3.00
2009.05.27 02:41:09.638,1.73385,1.73465,2.80,2.20
2009.05.27 02:41:09.938,1.73385,1.7347,2.80,6.80
2009.05.27 02:41:10.178,1.7339,1.73465,1.60,5.20
2009.05.27 02:41:10.537,1.73395,1.7347,1.60,4.80
2009.05.27 02:41:10.817,1.73395,1.73475,1.60,3.00
2009.05.27 02:41:11.037,1.73385,1.7347,2.80,3.00
2009.05.27 02:41:11.267,1.73395,1.73475,1.20,3.00
2009.05.27 02:41:11.617,1.73395,1.7347,1.60,3.00
2009.05.27 02:41:12.077,1.7339,1.73465,4.40,3.00
2009.05.27 02:41:12.417,1.73395,1.73475,2.80,3.00
2009.05.27 02:41:12.537,1.7339,1.73465,2.80,3.00
2009.05.27 02:41:12.837,1.73395,1.73475,2.80,3.00
2009.05.27 02:41:12.887,1.7339,1.7346,3.20,3.00
2009.05.27 02:41:13.187,1.7338,1.73455,3.20,3.00
2009.05.27 02:41:13.547,1.7339,1.73455,1.60,3.00
2009.05.27 02:41:14.186,1.7341,1.7346,1.00,2.40
2009.05.27 02:41:14.417,1.7341,1.73465,1.00,3.00
2009.05.27 02:41:14.816,1.7341,1.7347,1.00,3.00
2009.05.27 02:41:15.336,1.7341,1.7348,1.00,4.60
2009.05.27 02:41:15.516,1.73415,1.7348,1.00,1.60
2009.05.27 02:41:15.866,1.73425,1.7348,1.00,3.00
2009.05.27 02:41:16.576,1.7342,1.73475,1.00,3.00
2009.05.27 02:41:16.746,1.7341,1.7348,2.40,3.00
2009.05.27 02:41:17.026,1.7342,1.7348,1.00,3.00
2009.05.27 02:41:17.376,1.7341,1.7347,1.00,3.00
2009.05.27 02:41:17.436,1.7341,1.73465,1.00,3.00
2009.05.27 02:41:17.646,1.73405,1.73465,1.00,3.00
2009.05.27 02:41:22.145,1.73425,1.73515,1.00,5.20
2009.05.27 02:41:22.375,1.73425,1.7351,1.00,3.00
2009.05.27 02:41:23.954,1.73425,1.735,1.00,3.00
2009.05.27 02:41:24.124,1.7342,1.735,1.40,3.00
2009.05.27 02:41:27.603,1.7342,1.73505,1.40,1.60
2009.05.27 02:41:31.492,1.7342,1.7351,2.80,1.60
2009.05.27 02:41:31.722,1.73425,1.7351,1.00,1.60
2009.05.27 02:41:41.350,1.7342,1.7351,2.20,4.60
2009.05.27 02:41:41.740,1.7342,1.735,1.40,3.00
2009.05.27 02:41:44.759,1.73425,1.7352,1.60,4.60
2009.05.27 02:41:45.109,1.73425,1.73515,1.60,3.00
2009.05.27 02:41:45.219,1.73425,1.73515,1.00,3.00
2009.05.27 02:41:45.279,1.73425,1.73515,1.00,4.60
2009.05.27 02:41:45.499,1.73425,1.73515,2.20,4.60
2009.05.27 02:41:45.739,1.73425,1.73515,1.40,3.00
2009.05.27 02:41:46.329,1.73425,1.73515,1.00,3.00
2009.05.27 02:41:48.168,1.73425,1.73515,1.00,4.60
2009.05.27 02:41:53.197,1.7342,1.73515,2.00,4.60
2009.05.27 02:41:53.427,1.7342,1.735,1.40,3.00
2009.05.27 02:41:53.647,1.7342,1.7351,1.40,3.00
2009.05.27 02:41:53.697,1.7342,1.7351,1.00,5.20
2009.05.27 02:41:53.987,1.73415,1.7351,1.00,5.20
2009.05.27 02:41:54.107,1.7342,1.7351,1.00,5.20
2009.05.27 02:41:54.457,1.7342,1.7351,1.40,5.20
2009.05.27 02:41:55.377,1.7342,1.73505,1.40,1.60
2009.05.27 02:41:55.666,1.7342,1.735,1.40,3.00
2009.05.27 02:41:56.136,1.7342,1.73495,1.40,1.20
2009.05.27 02:41:56.356,1.734,1.73475,2.40,3.00
2009.05.27 02:41:56.696,1.734,1.73475,3.20,3.00
2009.05.27 02:41:56.866,1.734,1.73475,1.60,3.00
2009.05.27 02:42:05.294,1.7339,1.73465,1.60,3.00
2009.05.27 02:42:07.223,1.7339,1.7346,1.60,3.00
2009.05.27 02:42:07.653,1.7339,1.73465,1.60,3.00
2009.05.27 02:42:11.472,1.7338,1.73465,2.00,3.00
2009.05.27 02:42:11.652,1.7337,1.7343,1.60,3.00
2009.05.27 02:42:11.882,1.7336,1.7343,1.60,3.00
2009.05.27 02:42:12.052,1.73355,1.7344,1.00,3.00
2009.05.27 02:42:12.232,1.7335,1.7344,1.00,3.00
2009.05.27 02:42:12.512,1.73355,1.73435,1.00,3.00
2009.05.27 02:42:12.752,1.73355,1.73415,1.00,3.00
2009.05.27 02:42:13.042,1.73355,1.7342,1.00,3.00
2009.05.27 02:42:13.511,1.73355,1.7342,1.00,4.00
2009.05.27 02:42:14.761,1.73355,1.73415,1.00,1.20
2009.05.27 02:42:15.061,1.73365,1.7342,1.00,1.00
2009.05.27 02:42:15.291,1.7337,1.73435,1.00,1.00
2009.05.27 02:42:15.471,1.73365,1.73435,1.00,1.00
2009.05.27 02:42:15.811,1.73365,1.73445,1.00,4.80
2009.05.27 02:42:15.981,1.7337,1.73445,1.00,4.80
2009.05.27 02:42:16.161,1.7337,1.7345,1.00,4.60
2009.05.27 02:42:16.611,1.7337,1.7345,1.00,7.00
2009.05.27 02:42:17.300,1.7337,1.73435,1.00,3.00
2009.05.27 02:42:18.400,1.73365,1.73435,1.00,3.00
2009.05.27 02:42:18.510,1.7337,1.73435,1.00,3.00
2009.05.27 02:42:18.870,1.7337,1.7344,1.00,3.00
2009.05.27 02:42:19.090,1.73365,1.7344,1.00,3.00
2009.05.27 02:42:19.260,1.73365,1.73435,1.00,3.00
2009.05.27 02:42:24.219,1.73365,1.7343,1.60,3.00
2009.05.27 02:42:24.559,1.73365,1.73435,1.60,3.00
2009.05.27 02:42:24.609,1.7337,1.73435,1.00,3.00
2009.05.27 02:42:24.999,1.73365,1.73435,1.00,3.00
2009.05.27 02:42:25.348,1.7337,1.73435,1.00,3.00
2009.05.27 02:42:26.538,1.73365,1.73425,1.00,3.00
2009.05.27 02:42:26.898,1.7337,1.7343,1.00,3.00
2009.05.27 02:42:27.238,1.73375,1.7344,1.00,9.00
2009.05.27 02:42:27.358,1.73375,1.7344,1.00,6.20
2009.05.27 02:42:28.058,1.7337,1.7344,1.00,6.20
2009.05.27 02:42:28.168,1.7337,1.7344,1.00,8.80
2009.05.27 02:42:28.398,1.7337,1.7344,1.00,5.40
2009.05.27 02:42:29.427,1.7337,1.7344,1.00,2.40
2009.05.27 02:42:29.647,1.7337,1.73445,1.00,7.80
2009.05.27 02:42:32.847,1.7337,1.7343,1.00,3.00
2009.05.27 02:42:36.087,1.7336,1.73435,2.00,6.40
2009.05.27 02:42:36.256,1.73365,1.7343,1.00,3.00
2009.05.27 02:42:36.496,1.7337,1.73435,1.00,1.00
2009.05.27 02:42:36.786,1.73375,1.73435,1.00,3.80
2009.05.27 02:42:37.475,1.73375,1.7343,1.00,3.00
2009.05.27 02:42:37.936,1.73375,1.73435,1.00,3.80
2009.05.27 02:42:38.206,1.7337,1.73435,1.00,3.80
2009.05.27 02:42:38.385,1.7337,1.73435,1.00,5.00
2009.05.27 02:42:39.335,1.73365,1.7343,1.00,3.00
2009.05.27 02:42:41.225,1.7337,1.7343,1.00,3.00
2009.05.27 02:42:41.385,1.7337,1.7343,1.60,3.00
2009.05.27 02:42:41.625,1.7337,1.73435,1.60,3.00
2009.05.27 02:42:41.735,1.73375,1.73435,1.00,1.20
2009.05.27 02:42:41.845,1.7337,1.73435,1.60,3.00
2009.05.27 02:42:42.534,1.7337,1.73435,1.00,3.00
2009.05.27 02:42:46.683,1.7337,1.73445,1.00,7.40
2009.05.27 02:42:46.743,1.7337,1.73435,1.00,3.00
2009.05.27 02:42:50.642,1.73375,1.73445,1.60,8.60
2009.05.27 02:42:50.992,1.73375,1.73445,1.60,7.60
2009.05.27 02:42:51.322,1.73375,1.73445,1.60,5.40
2009.05.27 02:42:52.522,1.73375,1.7344,1.00,1.00
2009.05.27 02:42:52.912,1.73375,1.7344,1.00,3.80
2009.05.27 02:42:53.022,1.7337,1.73435,1.00,3.00
2009.05.27 02:42:54.721,1.73355,1.73435,2.00,3.00
2009.05.27 02:42:54.771,1.7336,1.73425,1.00,3.00
2009.05.27 02:42:56.811,1.7336,1.73425,1.00,3.80
2009.05.27 02:42:57.451,1.73355,1.73425,2.00,1.00
2009.05.27 02:42:57.511,1.73365,1.7343,1.00,1.00
2009.05.27 02:42:57.751,1.7336,1.7343,1.00,1.00
2009.05.27 02:42:57.861,1.7336,1.7343,1.00,5.00
2009.05.27 02:42:59.880,1.7336,1.7343,1.60,5.00
2009.05.27 02:43:04.159,1.7338,1.73435,1.00,1.20
2009.05.27 02:43:04.609,1.73385,1.73445,1.00,4.80
2009.05.27 02:43:04.779,1.73385,1.73455,1.00,2.40
2009.05.27 02:43:04.959,1.7339,1.73455,1.00,2.40
2009.05.27 02:43:05.839,1.73385,1.73455,1.00,2.40
2009.05.27 02:43:06.009,1.7339,1.73455,1.00,2.40
2009.05.27 02:43:06.309,1.734,1.73455,1.00,2.40
2009.05.27 02:43:06.588,1.734,1.7346,1.00,1.00
2009.05.27 02:43:06.938,1.734,1.73465,1.00,3.60
2009.05.27 02:43:07.609,1.734,1.73465,1.00,3.00
2009.05.27 02:43:07.718,1.734,1.73445,1.00,3.00
2009.05.27 02:43:07.898,1.7338,1.73445,1.00,3.00
2009.05.27 02:43:08.358,1.7337,1.73445,2.00,3.00
2009.05.27 02:43:08.538,1.7338,1.73445,1.00,3.00
2009.05.27 02:43:12.417,1.7338,1.7345,1.00,3.00
2009.05.27 02:43:14.937,1.734,1.7345,1.00,3.00
2009.05.27 02:43:15.047,1.73395,1.7345,1.00,1.00
2009.05.27 02:43:15.327,1.734,1.73455,1.00,1.00
2009.05.27 02:43:15.606,1.7339,1.7344,1.00,1.20
2009.05.27 02:43:15.716,1.73375,1.73455,1.00,2.40
2009.05.27 02:43:15.956,1.73375,1.7345,1.00,1.60
2009.05.27 02:43:16.466,1.7339,1.73455,1.00,3.00
2009.05.27 02:43:16.936,1.73385,1.73445,1.00,1.20
2009.05.27 02:43:20.395,1.7338,1.73445,1.00,3.00
2009.05.27 02:43:22.255,1.73385,1.73445,1.00,3.00
2009.05.27 02:43:29.063,1.73385,1.7345,1.00,3.00
2009.05.27 02:43:29.243,1.734,1.7345,1.00,2.20
2009.05.27 02:43:29.523,1.7339,1.73455,1.00,1.00
2009.05.27 02:43:29.693,1.734,1.73465,1.00,3.20
2009.05.27 02:43:36.112,1.734,1.73465,1.00,1.00
2009.05.27 02:43:36.511,1.73395,1.7347,1.00,4.00
2009.05.27 02:43:36.621,1.73395,1.7347,1.00,2.40
2009.05.27 02:43:36.791,1.73395,1.7347,1.00,6.20
2009.05.27 02:43:36.951,1.73395,1.7347,1.00,8.60
2009.05.27 02:43:37.071,1.734,1.7347,1.00,5.40
2009.05.27 02:43:37.421,1.734,1.7347,1.00,2.40
2009.05.27 02:43:37.531,1.734,1.7347,1.00,3.20
2009.05.27 02:43:40.281,1.734,1.7347,1.00,4.20
2009.05.27 02:43:40.450,1.734,1.73465,1.00,1.00
2009.05.27 02:43:40.560,1.7339,1.7346,1.00,3.00
2009.05.27 02:43:40.680,1.73395,1.7346,1.00,3.00
2009.05.27 02:43:45.569,1.73395,1.73465,1.00,7.60
2009.05.27 02:43:45.909,1.73395,1.73465,1.00,4.40
2009.05.27 02:43:46.139,1.73395,1.73465,1.00,3.60
2009.05.27 02:43:46.539,1.73395,1.73465,1.00,7.60
2009.05.27 02:43:46.949,1.73395,1.73465,1.00,7.00
2009.05.27 02:43:47.349,1.73395,1.73465,1.00,4.00
2009.05.27 02:43:47.459,1.7339,1.7346,1.00,3.00
2009.05.27 02:43:48.109,1.73385,1.7346,2.00,3.00
2009.05.27 02:43:48.449,1.73385,1.7346,1.00,3.00
2009.05.27 02:43:48.678,1.73375,1.73455,2.00,3.00
2009.05.27 02:43:49.288,1.73375,1.73455,2.00,5.40
2009.05.27 02:43:49.468,1.7338,1.7344,1.00,1.00
2009.05.27 02:43:49.808,1.73375,1.7343,1.60,1.00
2009.05.27 02:43:49.989,1.73385,1.7343,1.60,1.00
2009.05.27 02:43:50.498,1.73385,1.73465,1.60,3.20
2009.05.27 02:43:50.898,1.7339,1.73465,1.60,3.20
2009.05.27 02:43:51.118,1.73395,1.73465,1.20,1.00
2009.05.27 02:43:51.408,1.7339,1.73475,1.60,3.60
2009.05.27 02:43:52.107,1.73385,1.73465,2.80,3.60
2009.05.27 02:43:52.227,1.73385,1.73455,1.60,3.00
2009.05.27 02:43:53.677,1.7339,1.7346,1.60,3.00
2009.05.27 02:43:55.277,1.7339,1.7346,2.80,1.00
2009.05.27 02:43:55.557,1.7339,1.73455,1.60,7.20
2009.05.27 02:43:55.786,1.7338,1.73455,3.20,7.20
2009.05.27 02:44:10.773,1.7337,1.73445,2.80,2.40
2009.05.27 02:44:11.243,1.73375,1.73445,1.60,2.40
2009.05.27 02:44:11.353,1.7337,1.73425,1.60,1.00
2009.05.27 02:44:11.523,1.7337,1.73425,1.60,2.40
2009.05.27 02:44:11.693,1.7337,1.73425,1.60,5.40
2009.05.27 02:44:11.923,1.7335,1.73425,6.00,5.40
2009.05.27 02:44:12.153,1.7335,1.73425,2.80,5.40
2009.05.27 02:44:12.383,1.7335,1.73425,4.40,5.40
2009.05.27 02:44:13.513,1.7335,1.73405,3.20,3.00
2009.05.27 02:44:13.682,1.7335,1.73405,1.60,3.00
2009.05.27 02:44:13.802,1.7334,1.7342,2.80,3.00
2009.05.27 02:44:13.853,1.7334,1.73425,2.80,3.00
2009.05.27 02:44:14.152,1.7335,1.73425,1.60,2.00
2009.05.27 02:44:14.312,1.7335,1.73425,1.60,1.20
2009.05.27 02:44:14.372,1.7335,1.7343,1.60,1.00
2009.05.27 02:44:17.362,1.7336,1.7343,1.20,1.00
2009.05.27 02:44:18.231,1.73365,1.7344,2.80,3.20
2009.05.27 02:44:18.451,1.73365,1.7344,2.80,2.40
2009.05.27 02:44:18.631,1.73365,1.73445,2.80,1.00
2009.05.27 02:44:18.751,1.73365,1.7345,2.80,8.80
2009.05.27 02:44:22.180,1.73375,1.7345,1.60,8.80
2009.05.27 02:44:22.230,1.73375,1.7345,2.80,8.80
2009.05.27 02:44:22.570,1.73375,1.7345,2.80,7.20
2009.05.27 02:44:23.260,1.73375,1.7343,1.20,2.40
2009.05.27 02:44:23.370,1.7336,1.7342,1.60,1.20
2009.05.27 02:44:23.430,1.7335,1.7341,10.40,1.00
2009.05.27 02:44:23.600,1.7334,1.73395,1.60,1.60
2009.05.27 02:44:23.950,1.7334,1.73395,1.60,2.40
2009.05.27 02:44:25.590,1.7335,1.73395,1.20,2.40
2009.05.27 02:44:25.699,1.7336,1.73395,1.20,1.60
2009.05.27 02:44:25.869,1.7336,1.7345,2.80,1.60
2009.05.27 02:44:25.989,1.7336,1.73455,2.80,6.60
2009.05.27 02:44:26.619,1.7336,1.73455,4.40,6.60
2009.05.27 02:44:27.029,1.7336,1.7344,2.80,5.00
2009.05.27 02:44:27.209,1.73365,1.7344,1.60,4.20
2009.05.27 02:44:27.389,1.73365,1.7344,1.60,3.00
2009.05.27 02:44:32.318,1.7337,1.7345,1.20,3.00
2009.05.27 02:44:33.048,1.7337,1.7345,2.80,3.00
2009.05.27 02:44:33.208,1.73375,1.73455,2.80,4.60
2009.05.27 02:44:33.328,1.73375,1.73455,2.80,3.00
2009.05.27 02:44:33.958,1.73375,1.7345,1.60,3.00
2009.05.27 02:44:34.187,1.7337,1.73445,2.80,1.00
2009.05.27 02:44:34.478,1.7338,1.73445,1.20,1.00
2009.05.27 02:44:34.817,1.7338,1.7345,1.20,1.00
2009.05.27 02:44:35.168,1.73375,1.7345,1.60,2.00
2009.05.27 02:44:35.528,1.73375,1.7344,1.60,3.00
2009.05.27 02:44:35.807,1.73355,1.7344,1.20,3.80
2009.05.27 02:44:36.277,1.7334,1.73425,1.20,1.00
2009.05.27 02:44:37.187,1.73355,1.73425,1.60,1.00
2009.05.27 02:44:37.467,1.73365,1.73425,1.20,1.00
2009.05.27 02:44:37.707,1.7337,1.73445,1.20,1.60
2009.05.27 02:44:37.946,1.73375,1.73445,2.00,1.60
2009.05.27 02:44:38.107,1.73375,1.73465,1.20,2.40
2009.05.27 02:44:38.407,1.73385,1.73475,1.00,1.60
2009.05.27 02:44:38.586,1.73385,1.7348,2.20,8.00
2009.05.27 02:44:38.747,1.73385,1.73495,2.20,3.00
2009.05.27 02:44:39.157,1.7339,1.73495,1.00,1.00
2009.05.27 02:44:39.506,1.7339,1.73475,1.00,1.00
2009.05.27 02:44:39.736,1.7339,1.7347,1.00,1.00
2009.05.27 02:44:39.966,1.7339,1.73475,2.00,4.80
2009.05.27 02:44:40.256,1.73395,1.73495,1.60,4.80
2009.05.27 02:44:40.666,1.73395,1.735,1.60,8.00
2009.05.27 02:44:40.876,1.73405,1.7349,1.60,8.00
2009.05.27 02:44:41.116,1.73405,1.735,1.60,8.00
2009.05.27 02:44:41.866,1.73405,1.73505,1.60,2.40
2009.05.27 02:44:42.215,1.73415,1.7351,1.60,10.40
2009.05.27 02:44:42.486,1.73375,1.73495,2.80,3.60
2009.05.27 02:44:43.275,1.73375,1.73495,2.80,3.00
2009.05.27 02:44:45.235,1.73385,1.73485,2.80,4.60
2009.05.27 02:44:46.225,1.73385,1.7348,2.80,1.60
2009.05.27 02:44:46.404,1.73385,1.73475,1.60,1.00
2009.05.27 02:44:46.574,1.73375,1.73475,1.00,1.00
2009.05.27 02:44:46.984,1.7338,1.73475,1.00,1.00
2009.05.27 02:44:47.904,1.73375,1.73475,1.00,1.00
2009.05.27 02:44:48.304,1.73375,1.73475,1.60,1.00
2009.05.27 02:44:48.364,1.73375,1.73475,1.00,1.00
2009.05.27 02:44:48.654,1.73375,1.73475,1.00,2.00
2009.05.27 02:44:54.123,1.73375,1.73475,2.80,1.00
2009.05.27 02:44:54.343,1.73375,1.7347,2.80,1.00
2009.05.27 02:44:54.993,1.7336,1.7347,5.20,1.00
2009.05.27 02:44:55.052,1.73365,1.7347,2.40,1.00
2009.05.27 02:44:55.212,1.73375,1.7348,1.60,3.80
2009.05.27 02:44:55.322,1.73375,1.7347,1.60,2.40
2009.05.27 02:44:56.582,1.73375,1.7345,1.60,2.40
2009.05.27 02:44:56.922,1.7337,1.73445,2.40,1.00
2009.05.27 02:44:57.272,1.7337,1.73445,1.00,1.00
2009.05.27 02:44:57.382,1.73385,1.7347,1.20,8.00
2009.05.27 02:44:57.602,1.73385,1.7348,1.20,1.00
2009.05.27 02:44:57.652,1.7339,1.73485,1.20,1.60
2009.05.27 02:44:57.712,1.7339,1.7349,1.20,6.40
2009.05.27 02:44:57.932,1.7339,1.73495,1.20,4.60
2009.05.27 02:44:58.631,1.734,1.7348,1.20,1.60
2009.05.27 02:44:59.591,1.73405,1.7348,1.20,1.60
2009.05.27 02:45:00.051,1.73405,1.73495,1.20,5.60
2009.05.27 02:45:00.411,1.73405,1.73495,1.20,4.00
2009.05.27 02:45:00.921,1.73385,1.73485,10.20,1.00
2009.05.27 02:45:01.272,1.7338,1.7348,1.00,1.00
2009.05.27 02:45:01.511,1.73375,1.7348,2.20,1.00
2009.05.27 02:45:01.801,1.73375,1.73465,1.60,2.40
2009.05.27 02:45:02.041,1.7337,1.73465,1.60,2.40
2009.05.27 02:45:02.321,1.7337,1.73465,2.40,2.40
2009.05.27 02:45:02.611,1.7337,1.73465,1.60,2.40
2009.05.27 02:45:09.089,1.73375,1.73465,1.60,2.40
2009.05.27 02:45:09.149,1.7339,1.73465,1.20,2.40
2009.05.27 02:45:09.329,1.7339,1.73475,1.20,1.00
2009.05.27 02:45:09.389,1.7339,1.73485,2.80,2.40
2009.05.27 02:45:12.988,1.7339,1.7348,1.00,1.60
2009.05.27 02:45:13.808,1.7339,1.7348,1.00,2.00
2009.05.27 02:45:15.118,1.7339,1.7348,1.00,1.00
2009.05.27 02:45:16.867,1.7339,1.7348,1.00,1.60
2009.05.27 02:45:17.047,1.73375,1.7346,1.60,3.60
2009.05.27 02:45:17.517,1.7337,1.7346,7.60,3.60
2009.05.27 02:45:17.577,1.7337,1.7346,6.00,3.60
2009.05.27 02:45:18.217,1.7337,1.7345,6.00,1.00
2009.05.27 02:45:18.387,1.7337,1.7345,6.20,1.00
2009.05.27 02:45:18.447,1.7337,1.7345,7.40,1.00
2009.05.27 02:45:18.667,1.73375,1.7345,1.60,1.00
2009.05.27 02:45:19.077,1.73375,1.7346,1.60,3.60
2009.05.27 02:45:19.187,1.73385,1.7346,1.60,3.60
2009.05.27 02:45:19.246,1.73385,1.7346,3.60,1.00
2009.05.27 02:45:19.407,1.7339,1.7346,1.00,1.00
2009.05.27 02:45:19.697,1.7339,1.73475,1.00,1.60
2009.05.27 02:45:21.786,1.73385,1.73475,3.60,1.60
2009.05.27 02:45:21.956,1.7339,1.73475,1.60,1.60
2009.05.27 02:45:22.066,1.7339,1.73475,2.20,1.60
2009.05.27 02:45:22.296,1.7339,1.73475,1.00,1.60
2009.05.27 02:45:27.125,1.73395,1.7346,1.20,1.00
2009.05.27 02:45:27.695,1.7339,1.7346,1.40,1.00
2009.05.27 02:45:27.815,1.7339,1.7346,1.00,1.00
2009.05.27 02:45:28.085,1.73385,1.73475,4.40,1.60
2009.05.27 02:45:28.314,1.73385,1.7348,4.40,2.00
2009.05.27 02:45:28.934,1.73385,1.73475,4.40,1.60
2009.05.27 02:45:29.274,1.7339,1.73475,2.80,1.60
2009.05.27 02:45:29.394,1.7339,1.7348,2.80,1.60
2009.05.27 02:45:29.614,1.73385,1.7348,4.40,1.60
2009.05.27 02:45:29.724,1.7339,1.73485,1.40,3.60
2009.05.27 02:45:29.784,1.73395,1.73485,1.00,3.60
2009.05.27 02:45:30.004,1.7339,1.73485,1.00,3.60
2009.05.27 02:45:30.124,1.7339,1.7349,2.00,1.00
2009.05.27 02:45:31.444,1.7339,1.7349,1.20,1.00
2009.05.27 02:45:34.193,1.7339,1.7348,1.20,1.00
2009.05.27 02:45:34.593,1.73385,1.73465,3.60,1.00
2009.05.27 02:45:34.813,1.73385,1.73465,4.40,1.00
2009.05.27 02:45:36.643,1.7339,1.73465,2.00,1.00
2009.05.27 02:45:36.762,1.7339,1.7347,2.00,1.00
2009.05.27 02:45:37.292,1.7339,1.73475,2.00,1.00
2009.05.27 02:45:37.522,1.7339,1.7348,2.00,1.00
2009.05.27 02:45:39.122,1.734,1.7348,1.20,1.00
2009.05.27 02:45:39.442,1.734,1.73485,1.20,1.00
2009.05.27 02:45:40.771,1.73395,1.73485,2.80,1.00
2009.05.27 02:45:46.210,1.7339,1.73475,1.40,3.60
2009.05.27 02:45:46.550,1.7339,1.73465,2.20,1.00
2009.05.27 02:45:46.960,1.7339,1.73465,1.00,1.00
2009.05.27 02:45:47.140,1.7339,1.7347,1.00,1.00
2009.05.27 02:45:47.540,1.7338,1.7347,3.60,1.00
2009.05.27 02:45:50.329,1.7339,1.7347,1.60,1.00
2009.05.27 02:45:50.709,1.73395,1.7347,1.60,1.00
2009.05.27 02:45:51.009,1.73395,1.73475,1.60,1.00
2009.05.27 02:45:51.879,1.73395,1.73485,1.60,3.00
2009.05.27 02:45:52.569,1.73395,1.7348,1.60,3.00
2009.05.27 02:45:52.748,1.7339,1.7348,1.00,3.00
2009.05.27 02:45:53.158,1.7339,1.7348,1.00,3.60
2009.05.27 02:45:55.458,1.73395,1.7348,1.20,1.00
2009.05.27 02:45:55.688,1.73395,1.73485,1.20,1.60
2009.05.27 02:45:55.908,1.73395,1.7349,1.20,4.60
2009.05.27 02:45:56.258,1.73395,1.7349,1.20,5.20
2009.05.27 02:46:06.035,1.73395,1.7348,1.60,3.60
2009.05.27 02:46:07.125,1.734,1.73485,1.60,4.60
2009.05.27 02:46:07.355,1.7339,1.73475,1.60,3.00
2009.05.27 02:46:07.405,1.73385,1.7347,3.20,3.00
2009.05.27 02:46:07.645,1.7339,1.73475,1.60,1.00
2009.05.27 02:46:07.875,1.7339,1.7348,1.60,1.00
2009.05.27 02:46:08.105,1.73395,1.7348,1.60,1.00
2009.05.27 02:46:08.155,1.73395,1.7348,1.60,3.60
2009.05.27 02:46:17.043,1.73395,1.7348,1.60,3.00
2009.05.27 02:46:17.503,1.73395,1.73475,1.60,1.00
2009.05.27 02:46:18.063,1.73395,1.7348,1.60,3.60
2009.05.27 02:46:31.779,1.73395,1.7348,1.60,3.00
2009.05.27 02:46:31.889,1.734,1.7348,1.60,3.00
2009.05.27 02:46:32.689,1.7339,1.7347,2.80,3.00
2009.05.27 02:46:33.509,1.73395,1.7347,1.60,3.00
2009.05.27 02:46:33.789,1.7338,1.7347,2.80,3.00
2009.05.27 02:46:34.009,1.73385,1.7347,1.60,3.00
2009.05.27 02:46:34.129,1.73385,1.7345,1.60,3.00
2009.05.27 02:46:34.479,1.73385,1.7346,1.60,1.00
2009.05.27 02:46:35.238,1.73385,1.7345,1.60,3.00
2009.05.27 02:46:35.418,1.73385,1.7344,1.60,3.00
2009.05.27 02:46:35.698,1.7338,1.73435,1.60,3.00
2009.05.27 02:46:35.998,1.7338,1.7345,1.60,3.00
2009.05.27 02:46:36.168,1.7338,1.7346,1.60,1.00
2009.05.27 02:46:36.408,1.73385,1.7346,1.60,1.00
2009.05.27 02:46:39.637,1.73385,1.73465,1.60,3.60
2009.05.27 02:46:39.697,1.73385,1.73465,1.60,4.60
2009.05.27 02:46:39.867,1.73385,1.73465,1.60,3.60
2009.05.27 02:46:42.297,1.73395,1.7347,2.80,3.60
2009.05.27 02:46:42.636,1.7339,1.73465,1.60,4.00
2009.05.27 02:46:42.876,1.7339,1.7346,1.60,3.00
2009.05.27 02:46:45.206,1.73385,1.7345,1.60,3.00
2009.05.27 02:46:45.486,1.7339,1.7346,1.60,3.60
2009.05.27 02:46:45.946,1.7339,1.7346,1.60,3.00
2009.05.27 02:46:55.433,1.7339,1.7346,1.60,3.60
2009.05.27 02:46:56.543,1.7339,1.7346,1.60,3.00
2009.05.27 02:46:56.723,1.7339,1.73465,2.80,3.60
2009.05.27 02:46:58.553,1.7339,1.73465,1.60,1.00
2009.05.27 02:46:58.723,1.73395,1.73465,1.60,1.00
2009.05.27 02:46:59.022,1.73395,1.73475,1.60,3.60
2009.05.27 02:47:00.062,1.73395,1.73475,1.60,8.40
2009.05.27 02:47:00.222,1.73395,1.73465,1.60,1.00
2009.05.27 02:47:01.732,1.73395,1.7346,1.60,1.00
2009.05.27 02:47:08.340,1.73375,1.7346,1.60,1.00
2009.05.27 02:47:08.450,1.73375,1.7345,1.60,1.00
2009.05.27 02:47:10.460,1.73385,1.7345,1.00,1.00
2009.05.27 02:47:10.630,1.73385,1.73465,1.00,6.80
2009.05.27 02:47:10.800,1.73385,1.73465,1.00,2.00
2009.05.27 02:47:11.260,1.73375,1.73465,1.60,2.00
2009.05.27 02:47:11.490,1.73375,1.73465,1.60,1.60
2009.05.27 02:47:11.720,1.73375,1.73455,1.60,1.00
2009.05.27 02:47:12.229,1.73375,1.7345,1.60,1.00
2009.05.27 02:47:13.519,1.73375,1.73455,1.60,1.00
2009.05.27 02:47:21.207,1.7339,1.73465,1.20,3.60
2009.05.27 02:47:21.427,1.734,1.73465,1.20,3.60
2009.05.27 02:47:22.017,1.734,1.73465,1.20,3.00
2009.05.27 02:47:32.005,1.7336,1.7345,2.80,1.00
2009.05.27 02:47:32.245,1.7336,1.73465,2.00,4.60
2009.05.27 02:47:32.474,1.73365,1.73455,1.00,1.60
2009.05.27 02:47:37.803,1.7338,1.73455,1.60,1.00
2009.05.27 02:47:37.913,1.7338,1.7346,1.60,2.00
2009.05.27 02:47:40.033,1.7338,1.7345,1.60,3.00
2009.05.27 02:47:40.273,1.7337,1.7345,2.80,3.00
2009.05.27 02:47:46.471,1.7338,1.7345,2.80,3.00
2009.05.27 02:47:46.641,1.7338,1.7345,1.20,3.00
2009.05.27 02:47:46.911,1.7337,1.7345,2.80,3.00
2009.05.27 02:47:52.320,1.73365,1.73435,2.80,1.00
2009.05.27 02:47:52.490,1.73355,1.7344,1.60,3.00
2009.05.27 02:47:52.910,1.73355,1.7344,1.60,4.60
2009.05.27 02:47:53.020,1.7335,1.7344,2.80,4.60
2009.05.27 02:47:53.190,1.7335,1.7344,2.80,5.20
2009.05.27 02:47:53.300,1.73355,1.7343,1.20,3.00
2009.05.27 02:47:53.709,1.7335,1.7343,2.80,3.00
2009.05.27 02:47:54.219,1.73355,1.73435,1.60,3.60
2009.05.27 02:47:54.619,1.73355,1.73435,1.60,3.00
2009.05.27 02:47:58.068,1.7336,1.73445,1.20,2.00
2009.05.27 02:47:58.398,1.7336,1.73445,1.20,1.60
2009.05.27 02:47:58.698,1.7336,1.7345,1.20,4.60
2009.05.27 02:47:59.738,1.7336,1.7344,1.60,3.00
2009.05.27 02:48:01.758,1.7336,1.73445,2.80,2.00
2009.05.27 02:48:02.057,1.73365,1.7344,1.20,3.00
2009.05.27 02:48:03.667,1.7338,1.7345,1.20,4.60
2009.05.27 02:48:03.957,1.7339,1.7345,1.20,1.60
2009.05.27 02:48:04.067,1.7338,1.73455,1.20,2.00
2009.05.27 02:48:04.227,1.7338,1.73455,1.20,1.00
2009.05.27 02:48:04.407,1.7338,1.7346,1.20,1.60
2009.05.27 02:48:05.037,1.7338,1.73465,1.20,4.60
2009.05.27 02:48:05.717,1.7338,1.73465,1.20,5.20
2009.05.27 02:48:16.534,1.7338,1.7344,1.20,1.00
2009.05.27 02:48:17.224,1.7338,1.7345,1.20,8.00
2009.05.27 02:48:17.403,1.7338,1.7346,1.20,1.60
2009.05.27 02:48:34.550,1.73395,1.73465,1.20,4.60
2009.05.27 02:48:34.660,1.7339,1.73465,1.60,4.60
2009.05.27 02:48:35.629,1.7337,1.7346,2.80,4.60
2009.05.27 02:48:37.149,1.7337,1.73455,2.80,1.60
2009.05.27 02:48:42.088,1.73375,1.7346,1.60,4.60
2009.05.27 02:48:42.448,1.7338,1.7346,1.60,4.60
2009.05.27 02:48:42.738,1.7338,1.7346,2.80,4.60
2009.05.27 02:48:42.978,1.7338,1.7346,2.80,3.00
2009.05.27 02:48:47.107,1.73385,1.7347,1.20,4.60
2009.05.27 02:48:47.336,1.73385,1.7347,2.80,4.60
2009.05.27 02:48:47.636,1.7339,1.73475,1.20,4.60
2009.05.27 02:48:47.976,1.73385,1.7347,2.80,3.00
2009.05.27 02:48:48.376,1.7338,1.7347,2.80,3.00
2009.05.27 02:48:50.236,1.7338,1.7347,2.80,4.60
2009.05.27 02:48:50.866,1.7338,1.7347,2.00,4.60
2009.05.27 02:48:51.316,1.7338,1.7347,2.00,12.60
2009.05.27 02:48:51.496,1.7338,1.7347,1.20,12.60
2009.05.27 02:48:51.666,1.7338,1.7347,1.20,4.60
2009.05.27 02:48:56.984,1.73385,1.73455,1.20,3.00
2009.05.27 02:48:57.214,1.7338,1.7346,1.20,1.00
2009.05.27 02:48:57.444,1.73385,1.73455,1.20,3.00
2009.05.27 02:48:57.844,1.73375,1.73455,1.20,3.00
2009.05.27 02:48:58.014,1.73375,1.73455,2.80,3.00
2009.05.27 02:48:58.194,1.73375,1.73455,1.20,3.00
2009.05.27 02:49:00.843,1.7337,1.7345,2.80,3.00
2009.05.27 02:49:01.423,1.73375,1.73455,2.80,3.00
2009.05.27 02:49:01.653,1.73375,1.73455,1.20,3.00
2009.05.27 02:49:01.833,1.7337,1.7345,2.80,3.00
2009.05.27 02:49:02.073,1.7337,1.7345,2.80,3.60
2009.05.27 02:49:14.100,1.7337,1.7346,1.60,6.20
2009.05.27 02:49:14.330,1.73365,1.73445,1.60,3.00
2009.05.27 02:49:14.390,1.73365,1.73445,2.80,3.00
2009.05.27 02:49:14.620,1.73365,1.7345,2.80,3.00
2009.05.27 02:49:14.730,1.73375,1.7344,1.20,1.00
2009.05.27 02:49:15.000,1.73365,1.73445,2.80,1.00
2009.05.27 02:49:17.199,1.73365,1.73445,1.60,1.00
2009.05.27 02:49:17.439,1.73355,1.73445,1.60,1.00
2009.05.27 02:49:22.598,1.7335,1.73445,3.60,1.00
2009.05.27 02:49:23.298,1.73355,1.7344,1.60,3.00
2009.05.27 02:49:23.948,1.7336,1.7344,1.60,3.00
2009.05.27 02:49:24.178,1.7336,1.7344,1.60,3.60
2009.05.27 02:49:24.458,1.73355,1.7344,1.60,3.60
2009.05.27 02:49:24.567,1.73355,1.73425,1.60,1.00
2009.05.27 02:49:24.907,1.7336,1.73425,1.20,1.00
2009.05.27 02:49:25.188,1.7335,1.73435,2.80,8.40
2009.05.27 02:49:25.547,1.73355,1.73425,1.60,1.00
2009.05.27 02:49:26.757,1.73355,1.7342,1.60,1.00
2009.05.27 02:49:26.997,1.73355,1.7343,1.60,3.00
2009.05.27 02:49:28.886,1.73355,1.7344,1.60,4.60
2009.05.27 02:49:29.007,1.73355,1.7343,1.60,3.00
2009.05.27 02:49:29.126,1.73355,1.7344,1.60,3.60
2009.05.27 02:49:31.316,1.7336,1.7344,1.60,3.60
2009.05.27 02:49:36.475,1.7336,1.7344,2.80,3.60
2009.05.27 02:49:37.224,1.7336,1.7344,2.80,3.00
2009.05.27 02:49:37.454,1.7336,1.7344,1.60,3.00
2009.05.27 02:49:37.694,1.73345,1.73435,5.20,1.00
2009.05.27 02:49:38.194,1.73355,1.7344,1.20,3.60
2009.05.27 02:49:38.484,1.73345,1.7344,2.80,3.60
2009.05.27 02:49:39.074,1.7335,1.73435,1.00,3.60
2009.05.27 02:49:40.004,1.7335,1.7342,1.00,3.00
2009.05.27 02:49:40.305,1.73345,1.7342,2.80,3.00
2009.05.27 02:49:40.474,1.7335,1.73425,1.00,3.00
2009.05.27 02:49:40.644,1.7334,1.73425,2.80,3.00
2009.05.27 02:49:41.144,1.73345,1.73425,1.00,3.60
2009.05.27 02:49:43.883,1.7334,1.73425,2.00,3.60
2009.05.27 02:49:47.572,1.73345,1.73425,1.00,3.60
2009.05.27 02:49:48.222,1.7335,1.73425,1.20,1.00
2009.05.27 02:49:48.452,1.73355,1.73425,1.00,1.00
2009.05.27 02:49:48.512,1.73355,1.7342,1.00,1.00
2009.05.27 02:49:50.861,1.73355,1.7342,2.00,1.00
2009.05.27 02:49:51.091,1.7336,1.7342,1.60,1.00
2009.05.27 02:49:51.261,1.7336,1.73425,1.60,1.00
2009.05.27 02:49:51.321,1.73355,1.73425,2.00,1.00
2009.05.27 02:50:04.388,1.73365,1.73445,1.00,1.00
2009.05.27 02:50:04.548,1.73365,1.7344,1.00,1.00
2009.05.27 02:50:17.065,1.73365,1.7344,1.00,3.60
2009.05.27 02:50:17.225,1.7336,1.7344,1.00,3.60
2009.05.27 02:50:20.874,1.73355,1.7344,2.00,1.00
2009.05.27 02:50:20.994,1.73365,1.7344,1.00,1.00
2009.05.27 02:50:21.114,1.73365,1.73445,1.00,4.00
2009.05.27 02:50:21.224,1.7337,1.73445,1.00,4.00
2009.05.27 02:50:21.584,1.7337,1.73445,1.00,4.60
2009.05.27 02:50:22.394,1.7337,1.7344,1.60,1.20
2009.05.27 02:50:22.674,1.7337,1.73445,1.60,4.00
2009.05.27 02:50:40.689,1.73375,1.73445,1.60,4.00
2009.05.27 02:50:42.559,1.73375,1.73445,1.60,3.00
2009.05.27 02:50:47.728,1.73375,1.7345,2.80,5.00
2009.05.27 02:50:48.008,1.73375,1.7345,2.80,3.00
2009.05.27 02:50:48.177,1.73375,1.73445,1.60,3.00
2009.05.27 02:50:48.528,1.73365,1.73445,2.80,3.00
2009.05.27 02:50:48.697,1.7337,1.73445,2.80,3.00
2009.05.27 02:50:49.237,1.7337,1.73445,1.60,3.00
2009.05.27 02:50:49.757,1.73375,1.73445,1.60,3.00
2009.05.27 02:50:49.997,1.73375,1.73445,1.60,3.60
2009.05.27 02:50:53.506,1.73375,1.7343,1.60,1.00
2009.05.27 02:50:54.386,1.73375,1.73445,1.60,3.60
2009.05.27 02:51:00.834,1.73375,1.73445,1.60,1.00
2009.05.27 02:51:01.224,1.73375,1.73445,1.60,3.60
2009.05.27 02:51:16.641,1.7338,1.73445,1.60,3.00
2009.05.27 02:51:20.980,1.7338,1.73455,1.60,1.00
2009.05.27 02:51:21.039,1.73385,1.73455,1.60,1.00
2009.05.27 02:51:22.049,1.73385,1.7346,1.60,1.00
2009.05.27 02:51:22.909,1.7339,1.7346,1.20,1.00
2009.05.27 02:51:23.140,1.7338,1.7346,2.80,1.00
2009.05.27 02:51:23.249,1.73395,1.7346,1.20,1.00
2009.05.27 02:51:23.419,1.73395,1.7347,1.20,5.20
2009.05.27 02:51:23.539,1.73395,1.7347,1.20,1.00
2009.05.27 02:51:23.829,1.73395,1.73475,1.20,1.00
2009.05.27 02:51:24.149,1.7341,1.73475,1.20,1.00
2009.05.27 02:51:24.439,1.734,1.73485,1.60,4.60
2009.05.27 02:51:24.719,1.734,1.73485,1.60,3.00
2009.05.27 02:51:25.059,1.734,1.73485,1.60,1.00
2009.05.27 02:51:25.288,1.734,1.7349,1.60,2.60
2009.05.27 02:51:25.868,1.7341,1.7349,2.80,2.60
2009.05.27 02:51:26.098,1.7341,1.73495,2.80,2.00
2009.05.27 02:51:26.498,1.7342,1.73495,1.20,1.60
2009.05.27 02:51:26.678,1.7342,1.735,1.20,5.20
2009.05.27 02:51:29.367,1.7342,1.735,1.20,11.60
2009.05.27 02:51:33.996,1.7342,1.735,1.20,12.60
2009.05.27 02:51:36.076,1.7342,1.735,1.20,9.00
2009.05.27 02:51:36.316,1.7342,1.735,1.20,1.20
2009.05.27 02:51:41.365,1.73415,1.7349,1.20,3.00
2009.05.27 02:51:41.585,1.7343,1.7351,1.20,8.00
2009.05.27 02:51:41.925,1.7342,1.735,1.20,3.00
2009.05.27 02:51:42.564,1.7342,1.735,1.20,3.60
2009.05.27 02:51:47.973,1.7343,1.735,1.20,3.60
2009.05.27 02:51:48.153,1.7343,1.735,1.20,3.00
2009.05.27 02:51:48.613,1.7342,1.735,1.20,3.60
2009.05.27 02:52:07.868,1.73415,1.73495,2.80,3.00
2009.05.27 02:52:13.977,1.73375,1.73465,2.20,1.00
2009.05.27 02:52:14.387,1.73375,1.73465,1.60,1.00
2009.05.27 02:52:16.226,1.73385,1.7347,1.00,1.60
2009.05.27 02:52:16.516,1.73385,1.73475,1.00,2.40
2009.05.27 02:52:16.956,1.7339,1.7348,1.00,2.40
2009.05.27 02:52:17.476,1.7339,1.73485,1.00,5.40
2009.05.27 02:52:18.116,1.73395,1.73485,1.00,5.40
2009.05.27 02:52:18.466,1.7339,1.73485,1.00,5.40
2009.05.27 02:52:18.755,1.73395,1.73485,1.00,5.40
2009.05.27 02:52:19.096,1.734,1.73485,1.00,5.40
2009.05.27 02:52:19.485,1.73395,1.7349,2.00,1.60
2009.05.27 02:52:19.655,1.73395,1.73495,2.00,4.00
2009.05.27 02:52:19.885,1.734,1.735,1.00,3.60
2009.05.27 02:52:21.325,1.73405,1.735,1.00,3.60
2009.05.27 02:52:21.965,1.73405,1.735,2.00,3.60
2009.05.27 02:52:22.205,1.73405,1.735,2.00,3.00
2009.05.27 02:52:23.314,1.73415,1.73505,1.20,3.00
2009.05.27 02:52:23.714,1.73405,1.735,2.80,3.00
2009.05.27 02:52:27.623,1.73405,1.735,5.60,3.00
2009.05.27 02:52:27.843,1.73405,1.735,2.80,3.00
2009.05.27 02:52:28.243,1.7341,1.735,1.00,3.00
2009.05.27 02:52:28.413,1.73415,1.73505,1.20,3.00
2009.05.27 02:52:29.973,1.7341,1.73485,2.00,3.00
2009.05.27 02:52:40.021,1.734,1.7347,2.80,3.00
2009.05.27 02:52:40.491,1.73405,1.7346,1.60,3.00
2009.05.27 02:52:40.830,1.734,1.7347,2.80,3.00
2009.05.27 02:52:41.060,1.734,1.7346,1.60,3.00
2009.05.27 02:52:42.040,1.73395,1.7346,1.20,3.00
2009.05.27 02:52:42.690,1.7339,1.73455,3.20,3.00
2009.05.27 02:52:42.980,1.73385,1.73455,1.60,3.00
2009.05.27 02:52:45.609,1.7339,1.73455,1.60,3.00
2009.05.27 02:52:52.787,1.734,1.7349,1.00,3.60
2009.05.27 02:52:52.967,1.73395,1.73485,1.00,3.00
2009.05.27 02:52:53.297,1.734,1.73485,1.00,3.00
2009.05.27 02:52:53.937,1.73405,1.73495,1.20,1.00
2009.05.27 02:52:54.057,1.73395,1.7349,2.00,3.00
2009.05.27 02:52:54.347,1.73395,1.73485,4.40,1.00
2009.05.27 02:52:54.627,1.734,1.7349,1.20,3.00
2009.05.27 02:52:54.907,1.73395,1.7349,2.80,3.00
2009.05.27 02:52:55.137,1.734,1.7349,1.20,3.60
2009.05.27 02:52:55.647,1.73395,1.73485,1.40,3.00
2009.05.27 02:52:55.866,1.73395,1.73485,1.40,3.60
2009.05.27 02:52:56.377,1.73395,1.73485,1.40,3.00
2009.05.27 02:52:56.606,1.73395,1.73485,1.00,3.00
2009.05.27 02:52:57.006,1.73395,1.73485,1.00,3.60
2009.05.27 02:52:57.527,1.73395,1.73485,1.00,3.00
2009.05.27 02:53:01.365,1.7339,1.73485,2.00,3.00
2009.05.27 02:53:01.885,1.73395,1.73485,1.00,3.00
2009.05.27 02:53:02.235,1.73395,1.73485,1.00,3.60
2009.05.27 02:53:03.085,1.7339,1.73485,2.00,3.00
2009.05.27 02:53:03.435,1.7339,1.73485,2.00,3.60
2009.05.27 02:53:03.785,1.7339,1.73485,2.00,3.00
2009.05.27 02:53:10.363,1.73405,1.735,1.20,3.00
2009.05.27 02:53:10.593,1.73405,1.735,1.20,3.60
2009.05.27 02:53:12.173,1.73405,1.735,1.20,3.00
2009.05.27 02:53:12.403,1.73405,1.735,2.00,3.00
2009.05.27 02:53:12.862,1.73415,1.73505,1.20,3.60
2009.05.27 02:53:13.093,1.73415,1.735,1.20,1.00
2009.05.27 02:53:14.882,1.73405,1.735,2.80,3.60
2009.05.27 02:53:15.672,1.73405,1.73495,2.80,1.00
2009.05.27 02:53:16.532,1.73405,1.73495,2.00,1.00
2009.05.27 02:53:16.652,1.73405,1.7349,2.00,1.00
2009.05.27 02:53:16.932,1.73405,1.7349,1.20,1.00
2009.05.27 02:53:17.051,1.73405,1.73495,1.20,1.00
2009.05.27 02:53:17.222,1.73405,1.735,1.20,3.60
2009.05.27 02:53:22.530,1.73405,1.73495,1.20,1.00
2009.05.27 02:53:34.317,1.73405,1.735,1.20,3.60
2009.05.27 02:53:34.437,1.73415,1.735,1.20,1.00
2009.05.27 02:53:34.547,1.73405,1.735,2.00,3.60
2009.05.27 02:53:35.457,1.73415,1.735,1.20,1.00
2009.05.27 02:53:35.867,1.73405,1.735,2.00,3.60
2009.05.27 02:53:37.477,1.73405,1.735,2.00,3.60
2009.05.27 02:53:37.886,1.73405,1.735,1.20,3.60
2009.05.27 02:53:38.167,1.73405,1.735,2.00,3.60
2009.05.27 02:53:38.276,1.73405,1.73495,2.00,1.00
2009.05.27 02:53:38.336,1.73405,1.73495,1.20,1.00
2009.05.27 02:53:40.586,1.734,1.73495,1.40,1.00
2009.05.27 02:53:40.756,1.734,1.7349,1.40,1.00
2009.05.27 02:53:46.624,1.73405,1.7349,2.00,3.00
2009.05.27 02:53:46.864,1.73405,1.73485,1.20,1.00
2009.05.27 02:53:47.044,1.7341,1.73485,1.20,1.00
2009.05.27 02:53:47.384,1.73405,1.7349,2.80,3.00
2009.05.27 02:53:47.494,1.73415,1.73485,1.20,1.00
2009.05.27 02:53:48.004,1.73405,1.73485,2.80,1.00
2009.05.27 02:53:49.574,1.73415,1.73485,1.60,1.00
2009.05.27 02:53:49.804,1.7342,1.73485,1.60,1.00
2009.05.27 02:53:50.164,1.73425,1.73485,1.20,1.00
2009.05.27 02:53:50.513,1.7342,1.73485,1.60,1.00
2009.05.27 02:53:50.573,1.7342,1.7349,1.60,1.00
2009.05.27 02:53:50.743,1.7342,1.7349,1.60,3.60
2009.05.27 02:53:50.803,1.7342,1.73485,1.60,1.00
2009.05.27 02:53:52.513,1.7343,1.73485,1.20,1.00
2009.05.27 02:53:52.743,1.7343,1.7349,1.20,1.00
2009.05.27 02:53:58.891,1.7343,1.73495,1.20,3.00
2009.05.27 02:54:01.361,1.73425,1.7349,1.60,3.00
2009.05.27 02:54:01.421,1.7342,1.7349,1.60,3.00
2009.05.27 02:54:04.710,1.7342,1.73505,2.80,5.20
2009.05.27 02:54:05.280,1.7343,1.735,1.20,3.00
2009.05.27 02:54:05.930,1.7342,1.73485,4.40,3.00
2009.05.27 02:54:06.220,1.7342,1.7348,2.80,2.40
2009.05.27 02:54:06.699,1.7343,1.7348,1.20,2.40
2009.05.27 02:54:07.230,1.7342,1.7348,2.80,2.40
2009.05.27 02:54:07.569,1.73425,1.7348,1.60,2.40
2009.05.27 02:54:08.010,1.73405,1.7347,2.80,3.00
2009.05.27 02:54:08.249,1.73405,1.7347,2.80,5.40
2009.05.27 02:54:08.699,1.73405,1.73465,1.60,3.00
2009.05.27 02:54:09.159,1.73415,1.7347,1.20,1.60
2009.05.27 02:54:09.329,1.73415,1.7348,1.20,3.00
2009.05.27 02:54:10.429,1.73415,1.7348,2.80,3.00
2009.05.27 02:54:10.649,1.7342,1.73485,1.20,5.40
2009.05.27 02:54:10.809,1.7342,1.73485,2.80,5.40
2009.05.27 02:54:11.159,1.73415,1.7348,2.80,3.00
2009.05.27 02:54:14.388,1.7342,1.7348,1.60,3.00
2009.05.27 02:54:14.627,1.73415,1.7348,2.80,3.00
2009.05.27 02:54:27.995,1.73405,1.73475,1.60,3.60
2009.05.27 02:54:28.234,1.73405,1.7347,1.60,1.00
2009.05.27 02:54:31.773,1.73405,1.73475,1.60,3.60
2009.05.27 02:54:40.641,1.7341,1.7347,1.60,1.00
2009.05.27 02:54:40.912,1.7341,1.73475,1.60,1.00
2009.05.27 02:54:41.331,1.7341,1.7348,1.60,1.20
2009.05.27 02:54:41.611,1.7341,1.73485,1.60,3.60
2009.05.27 02:54:42.031,1.7341,1.73485,1.60,3.00
2009.05.27 02:54:42.381,1.73405,1.73485,2.80,3.00
2009.05.27 02:54:44.001,1.73415,1.73485,1.60,3.00
2009.05.27 02:54:44.511,1.7341,1.73485,1.60,3.00
2009.05.27 02:54:44.571,1.7341,1.73475,1.60,3.00
2009.05.27 02:54:52.348,1.73395,1.7345,1.60,3.00
2009.05.27 02:54:53.028,1.7339,1.7345,1.60,3.00
2009.05.27 02:54:53.388,1.7339,1.7346,1.60,3.60
2009.05.27 02:54:53.738,1.7339,1.73455,1.60,1.20
2009.05.27 02:54:53.798,1.7339,1.73455,1.60,2.80
2009.05.27 02:54:54.368,1.73395,1.73455,1.60,2.80
2009.05.27 02:54:54.598,1.7339,1.73455,1.60,2.40
2009.05.27 02:54:54.718,1.734,1.73455,1.60,4.60
2009.05.27 02:54:55.008,1.7338,1.73445,1.60,3.00
2009.05.27 02:54:56.138,1.7338,1.73445,1.60,3.80
2009.05.27 02:54:56.317,1.7338,1.73445,1.60,5.40
2009.05.27 02:54:57.637,1.7339,1.73445,1.20,2.40
2009.05.27 02:54:57.877,1.7339,1.73445,2.80,1.60
2009.05.27 02:54:58.107,1.7339,1.7348,2.80,3.60
2009.05.27 02:54:58.567,1.73395,1.7348,1.60,3.60
2009.05.27 02:54:58.747,1.7339,1.7348,2.80,3.60
2009.05.27 02:54:58.867,1.7339,1.7348,2.80,3.00
2009.05.27 02:54:59.347,1.7339,1.7347,4.40,3.60
2009.05.27 02:54:59.527,1.7339,1.7346,3.20,3.00
2009.05.27 02:54:59.747,1.7339,1.73465,4.40,1.00
2009.05.27 02:54:59.967,1.7339,1.73465,2.80,1.00
2009.05.27 02:55:00.137,1.73395,1.73465,2.80,3.60
2009.05.27 02:55:01.357,1.73395,1.7346,2.80,3.00
2009.05.27 02:55:01.866,1.73395,1.73445,1.60,3.00
2009.05.27 02:55:02.026,1.73385,1.73445,1.60,3.00
2009.05.27 02:55:05.726,1.73385,1.7345,2.80,3.00
2009.05.27 02:55:05.955,1.7338,1.73445,2.80,3.00
2009.05.27 02:55:06.475,1.7339,1.73455,1.20,3.00
2009.05.27 02:55:06.705,1.7339,1.73455,2.80,3.00
2009.05.27 02:55:07.175,1.73395,1.7346,1.20,5.40
2009.05.27 02:55:07.405,1.73395,1.7346,1.20,3.60
2009.05.27 02:55:07.635,1.73395,1.7346,2.00,5.40
2009.05.27 02:55:11.984,1.73395,1.73455,1.00,3.00
2009.05.27 02:55:12.274,1.73395,1.73455,1.60,3.00
2009.05.27 02:55:12.753,1.73395,1.73455,1.00,3.00
2009.05.27 02:55:19.082,1.734,1.73455,1.00,3.00
2009.05.27 02:55:19.192,1.734,1.7346,2.00,1.60
2009.05.27 02:55:19.422,1.73405,1.73475,2.00,5.40
2009.05.27 02:55:28.120,1.7341,1.73475,1.20,1.60
2009.05.27 02:55:28.470,1.7341,1.73485,1.20,5.40
2009.05.27 02:55:33.189,1.7341,1.73485,1.20,5.40
2009.05.27 02:55:34.108,1.73405,1.73475,1.20,3.00
2009.05.27 02:55:35.108,1.73405,1.73475,1.20,3.80
2009.05.27 02:55:35.278,1.73405,1.73475,1.20,5.40
2009.05.27 02:55:36.018,1.73405,1.73475,2.80,5.40
2009.05.27 02:55:36.578,1.734,1.73475,2.80,5.40
2009.05.27 02:55:36.869,1.734,1.73475,2.80,3.00
2009.05.27 02:55:37.838,1.7339,1.7347,4.40,3.00
2009.05.27 02:55:38.008,1.7339,1.7347,2.80,3.00
2009.05.27 02:55:39.057,1.7339,1.7346,1.60,3.00
2009.05.27 02:55:39.517,1.73385,1.7346,1.60,3.00
2009.05.27 02:55:39.917,1.73385,1.7347,1.60,3.60
2009.05.27 02:55:40.037,1.73395,1.7347,1.60,3.00
2009.05.27 02:55:41.897,1.73395,1.7346,1.60,3.00
2009.05.27 02:55:46.126,1.73395,1.7346,1.60,3.00
2009.05.27 02:55:48.036,1.73385,1.73455,1.60,3.00
2009.05.27 02:55:48.365,1.73385,1.73445,1.60,3.00
2009.05.27 02:55:48.875,1.73385,1.7345,2.80,3.00
2009.05.27 02:55:50.805,1.73385,1.73445,1.60,3.00
2009.05.27 02:55:52.414,1.73385,1.7344,1.60,3.00
2009.05.27 02:55:52.654,1.73385,1.73445,1.60,3.00
2009.05.27 02:55:52.874,1.73385,1.7344,1.60,3.00
2009.05.27 02:56:03.851,1.7335,1.7344,3.60,3.00
2009.05.27 02:56:03.962,1.7335,1.7344,2.00,3.00
2009.05.27 02:56:04.131,1.73365,1.7344,1.60,3.00
2009.05.27 02:56:08.220,1.73375,1.7342,1.60,3.00
2009.05.27 02:56:08.340,1.7337,1.73415,1.00,2.40
2009.05.27 02:56:08.580,1.73375,1.73415,1.60,1.60
2009.05.27 02:56:08.870,1.73375,1.7345,1.60,3.00
2009.05.27 02:56:09.740,1.73375,1.7345,2.80,3.00
2009.05.27 02:56:10.040,1.73385,1.7344,1.60,3.00
2009.05.27 02:57:18.314,1.73395,1.73455,1.60,3.60
2009.05.27 02:57:18.543,1.73395,1.7345,1.60,1.00
2009.05.27 02:57:18.893,1.73395,1.73455,1.60,3.60
2009.05.27 02:57:24.082,1.73385,1.7343,1.60,3.00
2009.05.27 02:57:24.382,1.7335,1.7344,2.80,3.60
2009.05.27 02:57:24.552,1.7335,1.73435,2.80,1.20
2009.05.27 02:57:24.712,1.7335,1.73425,1.20,1.00
2009.05.27 02:57:24.882,1.7335,1.73425,1.20,2.40
2009.05.27 02:57:25.062,1.7337,1.73425,1.60,2.40
2009.05.27 02:57:25.462,1.7337,1.73425,1.60,2.40
2009.05.27 02:57:25.822,1.7338,1.73425,1.60,3.60
2009.05.27 02:57:26.212,1.7338,1.73425,1.60,3.00
2009.05.27 02:57:26.441,1.7338,1.73435,2.80,1.20
2009.05.27 02:57:26.661,1.7338,1.73435,1.60,3.60
2009.05.27 02:57:26.941,1.7338,1.7343,1.60,3.00
2009.05.27 02:57:28.601,1.7338,1.7344,1.60,3.60
2009.05.27 02:57:29.141,1.7338,1.7344,1.60,4.80
2009.05.27 02:57:29.501,1.73385,1.7344,1.60,1.20
2009.05.27 02:57:29.611,1.73385,1.73445,1.60,4.60
2009.05.27 02:57:33.640,1.73395,1.7345,1.60,3.00
2009.05.27 02:57:42.448,1.7338,1.73435,1.60,4.00
2009.05.27 02:57:42.788,1.7338,1.7344,1.60,1.20
2009.05.27 02:57:42.848,1.7338,1.73435,1.60,1.00
2009.05.27 02:57:43.087,1.73375,1.7344,1.60,3.60
2009.05.27 02:57:43.427,1.7337,1.73435,2.80,1.00
2009.05.27 02:57:43.707,1.7337,1.73435,2.80,1.20
2009.05.27 02:57:44.067,1.7337,1.7343,1.60,1.20
2009.05.27 02:57:44.647,1.7337,1.73425,1.60,3.00
2009.05.27 02:57:44.877,1.7335,1.73415,1.60,3.00
2009.05.27 02:57:45.117,1.7334,1.7341,1.60,3.00
2009.05.27 02:57:45.457,1.7335,1.7341,1.60,3.00
2009.05.27 02:57:45.637,1.7335,1.7342,1.60,3.00
2009.05.27 02:57:47.066,1.7335,1.7342,1.60,4.00
2009.05.27 02:57:47.186,1.7335,1.7341,1.60,3.00
2009.05.27 02:57:47.246,1.7334,1.7341,1.60,3.00
2009.05.27 02:57:47.946,1.73355,1.7343,1.60,4.00
2009.05.27 02:57:52.885,1.7336,1.7343,2.80,1.00
2009.05.27 02:58:00.143,1.7338,1.7343,1.60,1.00
2009.05.27 02:58:00.603,1.73385,1.7344,1.60,4.00
2009.05.27 02:58:00.663,1.73385,1.7344,1.60,3.00
2009.05.27 02:58:01.413,1.73385,1.7344,1.60,3.60
2009.05.27 02:58:01.743,1.73385,1.7344,1.60,3.00
2009.05.27 02:58:16.809,1.7338,1.7345,1.60,4.00
2009.05.27 02:58:18.189,1.73375,1.73445,2.80,3.00
2009.05.27 02:58:18.649,1.7338,1.7345,1.60,4.00
2009.05.27 02:58:23.768,1.7338,1.7345,2.80,1.20
2009.05.27 02:58:23.938,1.7339,1.7344,1.60,1.00
2009.05.27 02:58:27.377,1.7341,1.7348,1.00,1.00
2009.05.27 02:58:28.836,1.7341,1.7348,2.00,1.00
2009.05.27 02:58:29.176,1.7342,1.7348,1.20,1.00
2009.05.27 02:58:29.296,1.7342,1.7349,1.20,1.00
2009.05.27 02:58:30.256,1.7342,1.7349,1.60,1.00
2009.05.27 02:58:30.486,1.73415,1.7349,2.00,1.00
2009.05.27 02:58:30.546,1.7342,1.7349,1.20,1.00
2009.05.27 02:58:34.395,1.73415,1.73475,2.80,1.00
2009.05.27 02:58:34.975,1.73415,1.7348,2.80,3.00
2009.05.27 02:58:36.684,1.73415,1.73475,2.80,1.00
2009.05.27 02:58:41.183,1.73415,1.73475,1.20,1.00
2009.05.27 02:58:41.413,1.734,1.73475,1.60,3.60
2009.05.27 02:58:41.643,1.734,1.73465,1.60,1.00
2009.05.27 02:58:42.283,1.73395,1.73465,1.60,1.00
2009.05.27 02:58:42.393,1.73395,1.73455,1.60,1.00
2009.05.27 02:58:54.051,1.7339,1.73455,1.60,3.60
2009.05.27 02:58:54.170,1.7339,1.73455,1.60,1.00
2009.05.27 02:58:54.410,1.7339,1.73455,1.60,3.60
2009.05.27 02:58:55.880,1.7339,1.73445,1.60,3.00
2009.05.27 02:59:08.647,1.734,1.73465,1.60,1.00
2009.05.27 02:59:12.025,1.734,1.7346,1.60,1.00
2009.05.27 02:59:12.195,1.73405,1.7346,1.60,1.00
2009.05.27 02:59:12.885,1.73405,1.73465,1.60,1.00
2009.05.27 02:59:18.073,1.73395,1.7345,2.80,1.00
2009.05.27 02:59:18.363,1.734,1.7345,2.80,1.00
2009.05.27 02:59:18.833,1.734,1.7346,2.80,1.00
2009.05.27 02:59:19.053,1.734,1.7345,2.80,1.00
2009.05.27 02:59:19.283,1.73395,1.7345,2.80,1.00
2009.05.27 02:59:19.563,1.734,1.7346,2.80,3.00
2009.05.27 02:59:19.783,1.734,1.7346,2.80,1.00
2009.05.27 02:59:20.243,1.734,1.73455,2.80,1.00
2009.05.27 02:59:20.413,1.734,1.73445,2.80,1.00
2009.05.27 02:59:20.753,1.73405,1.73445,1.60,1.00
2009.05.27 02:59:21.043,1.73405,1.7346,1.60,1.00
2009.05.27 02:59:21.562,1.73405,1.73465,1.60,1.00
2009.05.27 02:59:23.692,1.73395,1.73455,1.60,1.00
2009.05.27 02:59:23.912,1.73395,1.7345,1.60,1.00
2009.05.27 02:59:23.962,1.73395,1.7343,1.60,1.00
2009.05.27 02:59:24.262,1.73395,1.73455,1.60,1.00
2009.05.27 02:59:25.002,1.73395,1.7344,1.60,1.00
2009.05.27 02:59:25.362,1.7339,1.7345,1.20,5.20
2009.05.27 02:59:25.721,1.73375,1.7344,1.20,3.00
2009.05.27 02:59:25.781,1.73375,1.73435,1.20,2.40
2009.05.27 02:59:26.071,1.73375,1.7343,1.20,1.00
2009.05.27 02:59:26.522,1.73375,1.73435,1.20,1.00
2009.05.27 02:59:27.161,1.7338,1.73435,1.20,1.00
2009.05.27 02:59:27.281,1.7338,1.7344,1.20,1.00
2009.05.27 02:59:30.890,1.73375,1.7343,2.80,1.00
2009.05.27 02:59:31.070,1.7338,1.7343,1.20,1.20
2009.05.27 02:59:31.360,1.7338,1.73435,1.20,1.80
2009.05.27 02:59:31.530,1.7338,1.73435,1.20,1.00
2009.05.27 02:59:31.650,1.7338,1.7344,1.20,1.20
2009.05.27 02:59:31.820,1.7338,1.7344,1.20,1.00
2009.05.27 02:59:32.470,1.7337,1.73435,1.20,3.00
2009.05.27 02:59:34.289,1.73375,1.7344,1.20,3.00
2009.05.27 02:59:34.849,1.7337,1.73435,1.20,3.00
2009.05.27 02:59:35.019,1.73375,1.7344,1.20,3.00
2009.05.27 02:59:35.549,1.7337,1.73435,2.80,3.00
2009.05.27 02:59:35.779,1.7337,1.73435,1.20,3.00
2009.05.27 02:59:35.999,1.73375,1.73435,1.20,3.00
2009.05.27 02:59:36.219,1.7337,1.73435,1.20,3.00
2009.05.27 02:59:37.919,1.7337,1.7343,1.20,2.40
2009.05.27 02:59:38.259,1.73355,1.7342,1.20,3.00
2009.05.27 02:59:38.649,1.7336,1.73425,2.80,7.00
2009.05.27 02:59:38.938,1.73345,1.73415,1.60,3.00
2009.05.27 02:59:39.278,1.73345,1.7341,1.60,3.00
2009.05.27 02:59:39.558,1.73345,1.73415,1.60,3.00
2009.05.27 02:59:40.088,1.73345,1.7341,1.60,4.00
2009.05.27 02:59:40.259,1.7334,1.7341,1.60,3.00
2009.05.27 02:59:42.188,1.7334,1.73405,2.80,1.60
2009.05.27 02:59:42.537,1.7334,1.734,2.80,1.20
2009.05.27 02:59:42.647,1.7334,1.7341,2.80,3.00
2009.05.27 02:59:42.888,1.73345,1.73415,1.60,3.00
2009.05.27 02:59:43.237,1.73355,1.7342,1.60,2.00
2009.05.27 02:59:43.537,1.73355,1.7342,1.60,1.00
2009.05.27 02:59:43.897,1.7336,1.7343,1.60,3.20
2009.05.27 02:59:47.196,1.73365,1.73425,1.60,1.00
2009.05.27 02:59:47.376,1.73365,1.7343,1.60,1.20
2009.05.27 02:59:47.606,1.73355,1.7343,1.60,1.00
2009.05.27 02:59:47.776,1.73355,1.73435,1.60,1.00
2009.05.27 02:59:48.006,1.73355,1.73435,1.60,3.60
2009.05.27 02:59:49.216,1.73355,1.73425,1.60,3.00
2009.05.27 02:59:49.376,1.7335,1.73425,1.60,3.00
2009.05.27 02:59:49.776,1.7336,1.73435,1.60,4.60
2009.05.27 02:59:49.946,1.7336,1.73425,1.60,3.00
2009.05.27 02:59:50.116,1.73345,1.73415,2.80,3.00
2009.05.27 02:59:50.406,1.73345,1.73425,1.60,1.00
2009.05.27 02:59:51.135,1.73345,1.7343,1.60,1.00
2009.05.27 02:59:56.594,1.73345,1.7341,2.80,3.60
2009.05.27 02:59:57.324,1.7335,1.7341,1.60,3.60
2009.05.27 02:59:57.444,1.7335,1.73415,2.80,1.00
2009.05.27 02:59:57.844,1.7335,1.7342,2.80,1.00
2009.05.27 02:59:58.533,1.73355,1.7342,1.20,1.00
2009.05.27 02:59:58.824,1.73355,1.7342,2.80,1.00
2009.05.27 02:59:59.174,1.73355,1.73415,2.80,1.00
2009.05.27 02:59:59.343,1.73355,1.7341,2.80,1.00
