2015.03.09 07:00:00.273,1.48547,1.48582,2.25,2.62
2015.03.09 07:00:01.040,1.48542,1.4858,2.25,2.62
2015.03.09 07:00:01.550,1.48545,1.48584,4.35,1.37
2015.03.09 07:00:02.005,1.48546,1.48589,1.15,1.37
2015.03.09 07:00:02.056,1.48555,1.48599,2.25,4.12
2015.03.09 07:00:02.387,1.48555,1.4859,2.25,2.62
2015.03.09 07:00:03.024,1.48555,1.48586,2.17,3.00
2015.03.09 07:00:03.075,1.4855,1.48585,2.25,2.25
2015.03.09 07:00:03.125,1.4855,1.48578,2.17,2.17
2015.03.09 07:00:03.177,1.4854,1.48577,2.25,2.25
2015.03.09 07:00:03.623,1.48544,1.48577,2.25,2.17
2015.03.09 07:00:03.675,1.48545,1.48581,2.25,2.25
2015.03.09 07:00:03.931,1.48545,1.48579,2.25,2.25
2015.03.09 07:00:03.982,1.48542,1.48579,4.35,4.35
2015.03.09 07:00:04.253,1.48545,1.48583,2.25,2.25
2015.03.09 07:00:04.624,1.48545,1.48579,2.25,2.25
2015.03.09 07:00:04.675,1.48541,1.48579,4.35,4.35
2015.03.09 07:00:11.066,1.48541,1.48571,4.35,1.37
2015.03.09 07:00:11.319,1.48506,1.48541,1.00,2.25
2015.03.09 07:00:11.370,1.48499,1.4853,1.37,2.25
2015.03.09 07:00:11.582,1.48491,1.48519,1.50,4.35
2015.03.09 07:00:11.707,1.48492,1.48522,1.00,2.25
2015.03.09 07:00:11.961,1.48495,1.48522,1.00,2.25
2015.03.09 07:00:12.165,1.48499,1.48534,1.15,2.25
2015.03.09 07:00:12.267,1.48503,1.48538,2.25,2.25
2015.03.09 07:00:13.862,1.48501,1.48534,1.15,2.25
2015.03.09 07:00:15.655,1.48499,1.48526,2.17,2.17
2015.03.09 07:00:15.705,1.48491,1.48524,1.17,1.15
2015.03.09 07:00:15.756,1.48491,1.48516,1.07,2.17
2015.03.09 07:00:15.808,1.48488,1.48516,1.00,4.35
2015.03.09 07:00:15.859,1.48488,1.4851,1.00,2.17
2015.03.09 07:00:15.909,1.48485,1.48509,1.00,2.25
2015.03.09 07:00:16.371,1.48484,1.48512,1.00,4.35
2015.03.09 07:00:17.344,1.48486,1.48512,1.00,4.35
2015.03.09 07:00:17.572,1.48487,1.48515,1.00,2.25
2015.03.09 07:00:17.674,1.48488,1.48526,2.25,2.25
2015.03.09 07:00:18.212,1.48495,1.48526,1.37,2.25
2015.03.09 07:00:18.415,1.48521,1.48551,4.35,1.00
2015.03.09 07:00:18.475,1.48521,1.48559,4.35,1.37
2015.03.09 07:00:18.526,1.48527,1.48559,1.15,1.00
2015.03.09 07:00:18.831,1.48551,1.48573,2.25,1.37
2015.03.09 07:00:19.035,1.48558,1.48579,2.17,1.00
2015.03.09 07:00:19.087,1.4857,1.48594,2.17,1.00
2015.03.09 07:00:19.189,1.48574,1.48594,2.17,1.00
2015.03.09 07:00:19.543,1.48574,1.48599,2.25,1.50
2015.03.09 07:00:19.989,1.48585,1.48594,2.17,1.00
2015.03.09 07:00:20.312,1.48593,1.48599,2.25,1.00
2015.03.09 07:00:20.624,1.48597,1.48609,2.25,1.00
2015.03.09 07:00:20.847,1.48597,1.48605,2.25,1.00
2015.03.09 07:00:21.371,1.48597,1.48604,2.25,1.00
2015.03.09 07:00:21.582,1.48587,1.48604,4.35,1.00
2015.03.09 07:00:21.842,1.48587,1.48599,4.35,1.00
2015.03.09 07:00:22.490,1.48587,1.486,4.35,1.00
2015.03.09 07:00:22.591,1.48574,1.486,2.25,1.00
2015.03.09 07:00:22.694,1.48562,1.486,2.25,1.00
2015.03.09 07:00:23.354,1.48562,1.48599,2.25,1.00
2015.03.09 07:00:23.456,1.48541,1.48599,3.00,1.00
2015.03.09 07:00:23.507,1.48539,1.48593,2.17,1.00
2015.03.09 07:00:23.557,1.48537,1.48593,1.00,1.00
2015.03.09 07:00:23.608,1.48534,1.48593,1.00,1.00
2015.03.09 07:00:23.913,1.48532,1.4859,1.17,1.00
2015.03.09 07:00:24.065,1.48527,1.48589,1.00,1.15
2015.03.09 07:00:24.167,1.48523,1.48582,1.00,1.00
2015.03.09 07:00:24.470,1.48539,1.48586,1.00,1.00
2015.03.09 07:00:24.622,1.48518,1.48578,1.00,1.10
2015.03.09 07:00:24.673,1.48518,1.48575,1.00,1.00
2015.03.09 07:00:24.981,1.48509,1.48566,2.25,1.00
2015.03.09 07:00:25.082,1.48504,1.48564,1.00,1.50
2015.03.09 07:00:25.133,1.485,1.4856,1.15,1.50
2015.03.09 07:00:25.386,1.48497,1.48559,1.00,1.07
2015.03.09 07:00:26.381,1.48498,1.4856,1.00,1.17
2015.03.09 07:00:28.109,1.48513,1.48559,2.17,1.00
2015.03.09 07:00:28.413,1.48522,1.48559,2.25,1.00
2015.03.09 07:00:28.765,1.48522,1.48564,2.25,1.50
2015.03.09 07:00:28.969,1.48522,1.48559,2.25,1.00
2015.03.09 07:00:29.321,1.48522,1.48564,2.25,1.00
2015.03.09 07:00:29.423,1.48522,1.48568,2.25,1.00
2015.03.09 07:00:30.210,1.48521,1.48568,2.17,1.00
2015.03.09 07:00:30.312,1.48509,1.48567,2.25,1.00
2015.03.09 07:00:30.414,1.48509,1.48565,2.25,1.00
2015.03.09 07:00:30.515,1.48509,1.48567,2.25,1.00
2015.03.09 07:00:30.617,1.48509,1.48564,2.25,1.00
2015.03.09 07:00:30.769,1.48509,1.48567,2.25,1.00
2015.03.09 07:00:30.871,1.48509,1.48564,2.25,1.00
2015.03.09 07:00:31.073,1.48509,1.48567,2.25,1.00
2015.03.09 07:00:31.277,1.48509,1.48565,2.25,1.00
2015.03.09 07:00:31.827,1.4851,1.48564,1.15,1.00
2015.03.09 07:00:32.612,1.48509,1.48565,2.25,1.00
2015.03.09 07:00:33.417,1.48509,1.48569,2.25,1.00
2015.03.09 07:00:33.749,1.48509,1.48567,2.25,1.00
2015.03.09 07:00:36.681,1.48509,1.48569,2.25,1.50
2015.03.09 07:00:37.231,1.48509,1.4857,2.25,1.00
2015.03.09 07:00:37.684,1.48509,1.48572,2.25,1.00
2015.03.09 07:00:38.445,1.48509,1.48564,2.25,1.00
2015.03.09 07:00:38.772,1.48509,1.48569,2.25,1.00
2015.03.09 07:00:38.885,1.48509,1.48565,2.25,1.00
2015.03.09 07:00:39.331,1.48509,1.48569,2.25,1.00
2015.03.09 07:00:43.281,1.48509,1.48564,2.25,1.00
2015.03.09 07:00:44.493,1.48509,1.48569,2.25,1.00
2015.03.09 07:00:45.599,1.48509,1.48564,2.25,1.00
2015.03.09 07:00:45.852,1.48509,1.48569,2.25,1.00
2015.03.09 07:00:46.142,1.48509,1.48565,2.25,1.00
2015.03.09 07:00:46.824,1.48509,1.48564,2.25,1.00
2015.03.09 07:00:50.466,1.48509,1.48569,2.25,1.50
2015.03.09 07:00:52.101,1.4851,1.48564,1.15,1.00
2015.03.09 07:00:53.204,1.48509,1.48569,2.25,1.50
2015.03.09 07:00:53.306,1.48509,1.48567,2.25,1.00
2015.03.09 07:00:53.986,1.48509,1.48568,2.25,1.00
2015.03.09 07:00:56.642,1.48509,1.48567,2.25,1.00
2015.03.09 07:00:56.811,1.48509,1.48569,2.25,1.00
2015.03.09 07:00:57.165,1.48511,1.48571,1.15,1.00
2015.03.09 07:00:57.474,1.48509,1.48569,2.25,1.00
2015.03.09 07:00:58.020,1.48509,1.48567,2.25,1.00
2015.03.09 07:00:58.900,1.48509,1.48564,2.25,1.00
2015.03.09 07:00:59.556,1.48509,1.48565,2.25,1.00
2015.03.09 07:01:01.453,1.48509,1.48564,2.25,1.00
2015.03.09 07:01:02.032,1.48509,1.48565,3.00,1.00
2015.03.09 07:01:02.581,1.48509,1.48564,2.25,1.00
2015.03.09 07:01:03.082,1.48509,1.48565,2.25,1.00
2015.03.09 07:01:04.184,1.48509,1.48564,2.25,1.00
2015.03.09 07:01:04.291,1.48509,1.48568,2.25,1.00
2015.03.09 07:01:04.823,1.48509,1.48569,3.00,1.50
2015.03.09 07:01:08.065,1.4851,1.4857,1.15,1.50
2015.03.09 07:01:08.577,1.4851,1.48569,1.15,1.00
2015.03.09 07:01:09.130,1.48509,1.48568,2.25,1.00
2015.03.09 07:01:09.351,1.48509,1.48565,2.25,1.00
2015.03.09 07:01:09.924,1.48509,1.48564,2.25,1.00
2015.03.09 07:01:10.437,1.48508,1.48564,1.17,1.00
2015.03.09 07:01:10.866,1.48508,1.48564,1.17,1.19
2015.03.09 07:01:11.170,1.48508,1.4856,1.17,1.00
2015.03.09 07:01:11.222,1.48508,1.48564,1.17,1.19
2015.03.09 07:01:11.331,1.48508,1.4856,1.17,1.00
2015.03.09 07:01:11.873,1.48508,1.48559,1.17,1.00
2015.03.09 07:01:12.686,1.48508,1.48554,1.17,1.00
2015.03.09 07:01:13.869,1.4851,1.4856,1.10,1.37
2015.03.09 07:01:14.672,1.48508,1.48555,1.17,1.00
2015.03.09 07:01:14.892,1.48508,1.48559,1.17,1.00
2015.03.09 07:01:16.393,1.48507,1.48554,1.15,1.00
2015.03.09 07:01:17.932,1.4851,1.48555,1.10,1.00
2015.03.09 07:01:18.750,1.48509,1.48559,1.07,1.37
2015.03.09 07:01:19.175,1.48506,1.48554,3.00,1.00
2015.03.09 07:01:19.378,1.48509,1.48559,1.00,1.87
2015.03.09 07:01:19.630,1.48509,1.48555,1.00,1.00
2015.03.09 07:01:20.140,1.48508,1.48555,1.00,1.00
2015.03.09 07:01:20.722,1.4851,1.48555,1.00,1.00
2015.03.09 07:01:21.380,1.48509,1.48555,1.00,1.00
2015.03.09 07:01:21.832,1.48509,1.48559,1.00,1.00
2015.03.09 07:01:21.883,1.48509,1.48559,1.00,1.37
2015.03.09 07:01:21.984,1.48509,1.48559,1.00,1.00
2015.03.09 07:01:22.035,1.48509,1.48554,1.00,1.00
2015.03.09 07:01:22.660,1.48509,1.48559,1.00,1.00
2015.03.09 07:01:23.189,1.48509,1.4856,1.00,1.00
2015.03.09 07:01:23.241,1.48509,1.48562,1.00,1.00
2015.03.09 07:01:24.311,1.48509,1.48559,1.00,1.00
2015.03.09 07:01:24.966,1.48509,1.4856,1.00,1.00
2015.03.09 07:01:25.851,1.48509,1.48559,1.00,1.00
2015.03.09 07:01:26.107,1.48511,1.48562,1.00,1.00
2015.03.09 07:01:26.662,1.4851,1.4856,1.00,1.00
2015.03.09 07:01:27.176,1.4851,1.48559,1.00,1.00
2015.03.09 07:01:27.433,1.48508,1.48559,1.00,1.50
2015.03.09 07:01:27.922,1.48509,1.48559,1.17,1.00
2015.03.09 07:01:28.451,1.48509,1.4856,1.17,1.00
2015.03.09 07:01:29.820,1.48509,1.48559,1.17,1.00
2015.03.09 07:01:30.041,1.48509,1.48562,1.17,1.00
2015.03.09 07:01:31.903,1.48512,1.48563,1.00,1.00
2015.03.09 07:01:33.041,1.4851,1.48563,1.10,1.00
2015.03.09 07:01:33.451,1.4851,1.48559,1.10,1.00
2015.03.09 07:01:34.980,1.4851,1.48563,1.10,1.00
2015.03.09 07:01:36.630,1.4851,1.4856,1.10,1.00
2015.03.09 07:01:37.451,1.4851,1.48559,1.10,1.00
2015.03.09 07:01:37.765,1.48512,1.4856,1.00,1.00
2015.03.09 07:01:38.060,1.48513,1.48564,1.00,1.00
2015.03.09 07:01:38.330,1.48513,1.48559,1.00,1.00
2015.03.09 07:01:38.541,1.48512,1.48564,1.00,1.00
2015.03.09 07:01:38.958,1.48511,1.48562,1.00,1.00
2015.03.09 07:01:39.600,1.48511,1.48559,1.00,1.00
2015.03.09 07:01:39.760,1.48511,1.48562,1.00,1.00
2015.03.09 07:01:39.861,1.48513,1.4856,1.00,1.00
2015.03.09 07:01:40.172,1.48513,1.48564,1.00,1.00
2015.03.09 07:01:42.831,1.48513,1.48559,1.00,1.00
2015.03.09 07:01:44.160,1.48513,1.4856,1.00,1.00
2015.03.09 07:01:45.321,1.48513,1.48559,1.00,1.00
2015.03.09 07:01:45.890,1.48512,1.48559,1.00,1.00
2015.03.09 07:01:47.767,1.48512,1.48563,1.00,1.00
2015.03.09 07:01:49.964,1.48513,1.48564,1.00,1.00
2015.03.09 07:01:51.165,1.48511,1.48562,1.17,1.00
2015.03.09 07:01:53.448,1.48507,1.48555,2.17,1.37
2015.03.09 07:01:53.499,1.48503,1.48555,1.12,1.37
2015.03.09 07:01:53.600,1.485,1.48552,1.15,1.00
2015.03.09 07:01:53.904,1.48499,1.4855,1.15,1.00
2015.03.09 07:01:55.589,1.48501,1.48552,1.15,1.00
2015.03.09 07:01:55.640,1.48501,1.48552,1.07,1.37
2015.03.09 07:01:55.692,1.48492,1.48545,1.52,1.00
2015.03.09 07:01:55.896,1.4849,1.48542,2.25,1.00
2015.03.09 07:01:56.915,1.4849,1.4854,2.25,1.00
2015.03.09 07:02:02.930,1.4849,1.48541,3.00,1.00
2015.03.09 07:02:03.594,1.4849,1.48538,2.25,1.00
2015.03.09 07:02:03.848,1.4849,1.48541,2.25,1.00
2015.03.09 07:02:04.051,1.48491,1.48544,1.15,1.00
2015.03.09 07:02:10.975,1.48492,1.48543,1.27,1.00
2015.03.09 07:02:13.039,1.48494,1.48545,1.10,1.00
2015.03.09 07:02:13.370,1.48494,1.48547,1.10,1.00
2015.03.09 07:02:13.871,1.48494,1.48547,1.47,1.00
2015.03.09 07:02:14.184,1.48493,1.48544,1.17,1.00
2015.03.09 07:02:15.810,1.48493,1.48544,1.55,1.87
2015.03.09 07:02:19.128,1.48493,1.48544,1.37,1.00
2015.03.09 07:02:19.230,1.48493,1.48546,1.37,1.50
2015.03.09 07:02:19.809,1.48493,1.48546,1.37,1.00
2015.03.09 07:02:20.374,1.48492,1.48545,1.37,1.00
2015.03.09 07:02:24.051,1.48495,1.48545,1.00,1.00
2015.03.09 07:02:24.838,1.48493,1.48544,1.37,1.00
2015.03.09 07:02:25.041,1.48495,1.48545,1.37,1.00
2015.03.09 07:02:25.193,1.48495,1.48548,1.37,1.37
2015.03.09 07:02:26.350,1.48495,1.48548,1.00,1.37
2015.03.09 07:02:26.466,1.48493,1.48546,1.12,1.00
2015.03.09 07:02:27.864,1.48493,1.48546,1.37,1.37
2015.03.09 07:02:31.781,1.48492,1.48543,1.37,1.37
2015.03.09 07:02:32.165,1.48491,1.48542,1.50,1.00
2015.03.09 07:02:32.216,1.48492,1.48545,1.37,1.37
2015.03.09 07:02:32.465,1.48492,1.48545,1.37,1.37
2015.03.09 07:02:34.330,1.48491,1.48541,1.37,1.00
2015.03.09 07:02:35.691,1.48491,1.48541,1.50,1.00
2015.03.09 07:02:36.098,1.48491,1.48541,1.95,1.00
2015.03.09 07:02:36.200,1.48496,1.48546,1.75,1.00
2015.03.09 07:02:36.251,1.485,1.48551,1.50,1.00
2015.03.09 07:02:36.403,1.485,1.48551,1.37,1.87
2015.03.09 07:02:36.505,1.48499,1.4855,1.37,1.37
2015.03.09 07:02:36.708,1.48494,1.48547,1.50,1.00
2015.03.09 07:02:37.143,1.48492,1.48545,1.82,1.00
2015.03.09 07:02:38.306,1.48494,1.48545,1.37,1.12
2015.03.09 07:02:38.385,1.48494,1.48545,1.37,1.37
2015.03.09 07:02:38.980,1.48493,1.48543,1.47,1.00
2015.03.09 07:02:40.700,1.48493,1.48544,1.85,1.00
2015.03.09 07:02:40.802,1.48517,1.48553,1.00,1.37
2015.03.09 07:02:40.894,1.48519,1.48559,1.00,1.37
2015.03.09 07:02:40.945,1.48519,1.4857,1.00,2.02
2015.03.09 07:02:41.097,1.48519,1.4857,1.00,1.55
2015.03.09 07:02:41.300,1.48523,1.4857,1.00,1.10
2015.03.09 07:02:41.605,1.48545,1.48585,1.50,1.00
2015.03.09 07:02:41.656,1.48551,1.486,1.00,1.12
2015.03.09 07:02:41.757,1.48559,1.486,1.00,1.12
2015.03.09 07:02:42.062,1.48561,1.48607,1.00,1.37
2015.03.09 07:02:42.164,1.48561,1.48613,1.00,1.00
2015.03.09 07:02:42.681,1.4856,1.48613,1.00,1.00
2015.03.09 07:02:43.669,1.4856,1.48611,1.00,1.00
2015.03.09 07:02:43.770,1.48562,1.48615,1.00,1.00
2015.03.09 07:02:45.315,1.48562,1.48615,1.00,1.07
2015.03.09 07:02:45.416,1.48559,1.48612,1.00,1.10
2015.03.09 07:02:45.619,1.48564,1.48615,1.00,1.15
2015.03.09 07:02:47.325,1.48562,1.48615,1.00,1.15
2015.03.09 07:02:47.579,1.4856,1.48611,1.00,1.00
2015.03.09 07:02:47.960,1.48562,1.48611,1.00,1.00
2015.03.09 07:02:48.264,1.48567,1.4862,1.37,1.50
2015.03.09 07:02:48.314,1.48567,1.48614,1.00,1.00
2015.03.09 07:02:48.365,1.48561,1.48612,1.00,1.00
2015.03.09 07:02:48.568,1.48563,1.48614,1.00,1.50
2015.03.09 07:02:49.340,1.48561,1.48612,1.00,1.00
2015.03.09 07:02:49.993,1.48565,1.48612,1.75,1.00
2015.03.09 07:02:50.044,1.48579,1.48628,1.00,1.00
2015.03.09 07:02:50.145,1.48585,1.48629,1.00,1.00
2015.03.09 07:02:50.456,1.48587,1.4863,1.00,1.00
2015.03.09 07:02:50.770,1.48595,1.48629,1.00,1.00
2015.03.09 07:02:50.974,1.48591,1.4863,1.00,1.00
2015.03.09 07:02:51.512,1.48591,1.48629,1.00,1.00
2015.03.09 07:02:51.794,1.48586,1.48629,1.00,1.50
2015.03.09 07:02:52.190,1.48589,1.48629,1.00,1.00
2015.03.09 07:02:52.510,1.48587,1.4863,1.00,1.00
2015.03.09 07:02:53.353,1.48587,1.48629,1.00,1.00
2015.03.09 07:02:53.404,1.48592,1.48629,1.00,1.00
2015.03.09 07:02:53.773,1.48594,1.4863,1.00,1.00
2015.03.09 07:02:54.283,1.48594,1.48629,1.00,1.00
2015.03.09 07:02:54.522,1.48592,1.48629,1.00,1.00
2015.03.09 07:02:55.038,1.48592,1.48633,1.00,1.65
2015.03.09 07:02:55.140,1.48586,1.48633,1.50,2.02
2015.03.09 07:02:56.099,1.4859,1.48634,1.00,2.77
2015.03.09 07:02:56.666,1.48588,1.48633,1.00,2.02
2015.03.09 07:02:57.239,1.48587,1.48633,1.00,2.02
2015.03.09 07:02:57.646,1.48593,1.48633,1.00,1.65
2015.03.09 07:02:57.809,1.48591,1.48633,1.00,1.15
2015.03.09 07:02:58.124,1.48587,1.48633,1.00,1.65
2015.03.09 07:02:58.629,1.48586,1.48633,1.00,1.65
2015.03.09 07:02:59.020,1.48588,1.48633,1.00,1.65
2015.03.09 07:02:59.703,1.48586,1.48633,1.00,1.65
2015.03.09 07:03:00.153,1.48584,1.48633,1.00,2.02
2015.03.09 07:03:00.355,1.48586,1.48633,1.00,1.52
2015.03.09 07:03:00.669,1.48591,1.48634,1.00,2.77
2015.03.09 07:03:01.181,1.48588,1.48633,1.00,2.02
2015.03.09 07:03:01.492,1.48585,1.48634,1.00,2.02
2015.03.09 07:03:01.544,1.48585,1.48634,1.00,3.15
2015.03.09 07:03:01.595,1.48583,1.48621,1.00,1.12
2015.03.09 07:03:01.646,1.48583,1.48621,1.00,1.57
2015.03.09 07:03:01.900,1.48561,1.48606,2.25,1.00
2015.03.09 07:03:02.002,1.48553,1.48606,1.00,1.00
2015.03.09 07:03:02.205,1.48553,1.48604,1.00,1.00
2015.03.09 07:03:02.711,1.48554,1.48607,1.00,1.00
2015.03.09 07:03:02.863,1.48554,1.48605,1.00,1.00
2015.03.09 07:03:03.447,1.48553,1.48604,1.00,1.50
2015.03.09 07:03:03.861,1.48555,1.48606,1.00,1.00
2015.03.09 07:03:04.323,1.48562,1.48615,1.00,2.02
2015.03.09 07:03:04.626,1.48565,1.48615,1.00,1.65
2015.03.09 07:03:05.299,1.48567,1.48615,1.00,1.65
2015.03.09 07:03:05.865,1.48571,1.48617,1.00,2.25
2015.03.09 07:03:06.170,1.48575,1.48617,1.00,2.25
2015.03.09 07:03:06.525,1.48578,1.48617,1.00,2.25
2015.03.09 07:03:06.626,1.48576,1.48617,1.00,2.25
2015.03.09 07:03:06.729,1.48563,1.48616,1.37,1.52
2015.03.09 07:03:06.780,1.48563,1.48614,1.00,1.92
2015.03.09 07:03:06.881,1.48563,1.48614,1.00,1.55
2015.03.09 07:03:06.983,1.48557,1.4861,1.00,1.00
2015.03.09 07:03:07.085,1.48555,1.48608,1.00,1.00
2015.03.09 07:03:07.389,1.48553,1.48604,1.00,1.00
2015.03.09 07:03:08.608,1.48551,1.48602,1.00,1.00
2015.03.09 07:03:08.919,1.48548,1.48601,1.10,1.00
2015.03.09 07:03:09.550,1.48548,1.48601,1.47,1.00
2015.03.09 07:03:09.601,1.48563,1.4861,1.00,1.00
2015.03.09 07:03:09.652,1.48563,1.48614,1.00,1.17
2015.03.09 07:03:09.703,1.48563,1.48614,1.00,1.55
2015.03.09 07:03:09.804,1.48553,1.48604,1.37,1.00
2015.03.09 07:03:09.906,1.48553,1.48604,1.00,1.00
2015.03.09 07:03:10.058,1.48553,1.48597,1.00,1.10
2015.03.09 07:03:10.212,1.48542,1.48593,1.00,1.00
2015.03.09 07:03:10.264,1.48531,1.48585,1.00,1.00
2015.03.09 07:03:10.366,1.48526,1.48578,1.00,1.00
2015.03.09 07:03:10.702,1.48525,1.48576,1.00,1.00
2015.03.09 07:03:12.020,1.48528,1.48579,1.00,1.50
2015.03.09 07:03:12.324,1.48531,1.48582,1.00,1.00
2015.03.09 07:03:13.243,1.48535,1.48585,4.35,1.50
2015.03.09 07:03:13.344,1.48542,1.48589,1.00,1.00
2015.03.09 07:03:13.395,1.48542,1.48593,1.00,1.00
2015.03.09 07:03:13.446,1.48549,1.48594,1.00,1.00
2015.03.09 07:03:13.497,1.48549,1.486,1.00,1.00
2015.03.09 07:03:13.598,1.48549,1.48602,1.00,1.00
2015.03.09 07:03:13.649,1.48552,1.48604,1.00,1.00
2015.03.09 07:03:13.977,1.48552,1.48607,1.00,1.15
2015.03.09 07:03:14.028,1.4855,1.48605,1.00,1.00
2015.03.09 07:03:14.079,1.4855,1.486,1.00,2.25
2015.03.09 07:03:14.596,1.48551,1.486,1.00,2.25
2015.03.09 07:03:15.244,1.48551,1.48601,1.00,2.17
2015.03.09 07:03:15.295,1.48551,1.48604,1.00,1.00
2015.03.09 07:03:15.345,1.48555,1.48608,1.00,1.20
2015.03.09 07:03:15.649,1.48559,1.48609,1.00,1.17
2015.03.09 07:03:15.986,1.48562,1.48615,1.12,1.00
2015.03.09 07:03:16.088,1.48565,1.48618,1.00,1.00
2015.03.09 07:03:17.013,1.48565,1.48618,1.00,1.37
2015.03.09 07:03:19.578,1.48565,1.48618,1.85,1.00
2015.03.09 07:03:19.832,1.486,1.48643,1.00,1.45
2015.03.09 07:03:19.883,1.48601,1.48655,1.00,1.52
2015.03.09 07:03:19.934,1.4861,1.48655,1.00,1.52
2015.03.09 07:03:20.138,1.4861,1.48664,1.00,1.00
2015.03.09 07:03:20.442,1.4861,1.48668,1.00,1.15
2015.03.09 07:03:20.544,1.4861,1.48665,1.00,1.00
2015.03.09 07:03:20.797,1.4861,1.48668,1.00,1.52
2015.03.09 07:03:21.409,1.4861,1.48664,1.00,1.00
2015.03.09 07:03:21.929,1.4861,1.48665,1.00,1.00
2015.03.09 07:03:22.234,1.48575,1.48634,1.00,4.50
2015.03.09 07:03:22.386,1.48561,1.48616,1.00,2.25
2015.03.09 07:03:22.437,1.48561,1.48609,1.00,1.00
2015.03.09 07:03:22.488,1.48556,1.48609,1.00,1.00
2015.03.09 07:03:22.589,1.48554,1.48609,1.00,1.00
2015.03.09 07:03:22.741,1.48554,1.48611,1.00,1.00
2015.03.09 07:03:22.792,1.48551,1.4861,1.00,1.00
2015.03.09 07:03:22.895,1.4855,1.48607,1.00,2.25
2015.03.09 07:03:23.047,1.48548,1.48606,1.50,1.15
2015.03.09 07:03:23.250,1.48552,1.48607,1.00,2.25
2015.03.09 07:03:23.754,1.48553,1.48607,1.00,2.25
2015.03.09 07:03:24.648,1.48553,1.48607,1.00,3.00
2015.03.09 07:03:24.901,1.4855,1.48601,1.00,1.00
2015.03.09 07:03:24.952,1.48543,1.48599,1.00,1.00
2015.03.09 07:03:25.407,1.48543,1.48598,1.00,3.00
2015.03.09 07:03:25.458,1.48537,1.48598,1.00,3.00
2015.03.09 07:03:25.719,1.48541,1.48596,1.00,1.15
2015.03.09 07:03:25.821,1.48537,1.48595,1.00,1.17
2015.03.09 07:03:26.076,1.4854,1.48595,1.00,1.17
2015.03.09 07:03:26.137,1.48537,1.48595,1.00,1.17
2015.03.09 07:03:26.661,1.48537,1.48595,1.00,1.92
2015.03.09 07:03:27.949,1.4854,1.48591,1.00,1.37
2015.03.09 07:03:28.261,1.48556,1.48591,1.00,1.00
2015.03.09 07:03:28.312,1.48556,1.48601,1.00,1.37
2015.03.09 07:03:28.414,1.48556,1.48601,1.00,1.00
2015.03.09 07:03:28.465,1.48566,1.48601,1.00,1.00
2015.03.09 07:03:28.516,1.48569,1.4862,1.00,1.50
2015.03.09 07:03:28.721,1.48566,1.48629,1.37,1.57
2015.03.09 07:03:28.778,1.48571,1.48629,1.00,1.10
2015.03.09 07:03:29.250,1.48566,1.48629,1.00,1.10
2015.03.09 07:03:29.351,1.48561,1.48624,1.15,1.00
2015.03.09 07:03:29.859,1.4856,1.48625,3.75,1.00
2015.03.09 07:03:29.909,1.48566,1.48629,1.00,1.95
2015.03.09 07:03:30.011,1.4857,1.48633,1.00,3.00
2015.03.09 07:03:30.214,1.48568,1.48629,1.00,1.47
2015.03.09 07:03:30.436,1.48576,1.48633,1.00,3.00
2015.03.09 07:03:30.538,1.48571,1.48633,1.00,2.62
2015.03.09 07:03:30.793,1.48576,1.48633,1.00,2.62
2015.03.09 07:03:32.540,1.48581,1.48633,1.00,2.25
2015.03.09 07:03:38.181,1.48571,1.48633,1.37,2.62
2015.03.09 07:03:38.283,1.48575,1.48633,1.00,2.62
2015.03.09 07:03:40.581,1.48568,1.48629,1.00,1.85
2015.03.09 07:03:40.682,1.48566,1.48627,1.12,1.37
2015.03.09 07:03:40.834,1.48569,1.48629,1.00,1.85
2015.03.09 07:03:41.138,1.48571,1.48629,1.00,1.85
2015.03.09 07:03:41.492,1.48571,1.48632,1.50,1.27
2015.03.09 07:03:41.998,1.48572,1.48633,1.00,3.75
2015.03.09 07:03:45.217,1.48573,1.48633,1.00,3.00
2015.03.09 07:03:48.106,1.48573,1.48633,1.12,3.00
2015.03.09 07:03:48.511,1.48575,1.48633,1.00,2.62
2015.03.09 07:03:48.817,1.48573,1.48634,1.12,1.55
2015.03.09 07:03:49.444,1.48573,1.48634,1.00,1.92
2015.03.09 07:03:49.985,1.48571,1.48633,1.87,1.85
2015.03.09 07:03:50.515,1.48575,1.48633,1.00,1.85
2015.03.09 07:03:54.357,1.48576,1.48632,1.00,1.37
2015.03.09 07:03:54.979,1.48573,1.48632,1.00,1.37
2015.03.09 07:03:55.088,1.48575,1.48634,1.00,1.92
2015.03.09 07:03:55.310,1.48573,1.48633,1.00,1.20
2015.03.09 07:03:57.738,1.48573,1.48625,1.00,1.00
2015.03.09 07:03:57.840,1.48573,1.48629,1.00,1.37
2015.03.09 07:04:01.296,1.48574,1.48633,1.00,1.20
2015.03.09 07:04:01.835,1.48575,1.48633,1.00,1.20
2015.03.09 07:04:02.352,1.48576,1.48633,1.00,1.20
2015.03.09 07:04:03.130,1.48575,1.48633,1.00,1.20
2015.03.09 07:04:04.659,1.48576,1.48633,1.00,1.20
2015.03.09 07:04:07.220,1.48574,1.4863,1.00,1.37
2015.03.09 07:04:07.321,1.48574,1.48624,1.00,1.10
2015.03.09 07:04:07.373,1.48567,1.48624,1.00,1.10
2015.03.09 07:04:07.576,1.48566,1.48622,1.00,1.00
2015.03.09 07:04:07.880,1.48571,1.48619,1.07,1.00
2015.03.09 07:04:07.982,1.48571,1.48624,1.00,1.50
2015.03.09 07:04:08.135,1.48573,1.48624,1.00,1.00
2015.03.09 07:04:08.186,1.48573,1.48626,1.00,1.10
2015.03.09 07:04:08.237,1.48575,1.48628,1.00,1.00
2015.03.09 07:04:08.541,1.48581,1.48635,1.00,1.00
2015.03.09 07:04:08.642,1.48581,1.48629,1.00,1.00
2015.03.09 07:04:08.693,1.48575,1.48628,1.00,1.00
2015.03.09 07:04:08.744,1.48575,1.48625,1.00,1.00
2015.03.09 07:04:08.896,1.48571,1.48625,1.10,1.00
2015.03.09 07:04:09.556,1.48588,1.48625,2.17,1.07
2015.03.09 07:04:10.170,1.48588,1.4862,2.17,2.17
2015.03.09 07:04:10.271,1.48587,1.48619,1.10,2.25
2015.03.09 07:04:10.478,1.48587,1.48619,3.00,2.17
2015.03.09 07:04:10.529,1.48588,1.48624,2.25,2.25
2015.03.09 07:04:10.631,1.48591,1.48626,2.25,2.25
2015.03.09 07:04:19.059,1.48591,1.48622,2.17,2.25
2015.03.09 07:04:19.161,1.48586,1.4862,2.17,2.25
2015.03.09 07:04:19.263,1.48583,1.48618,2.25,2.25
2015.03.09 07:04:23.408,1.48583,1.48616,2.17,2.25
2015.03.09 07:04:23.459,1.48579,1.48616,1.15,4.35
2015.03.09 07:04:31.277,1.48578,1.48613,2.25,2.25
2015.03.09 07:04:31.397,1.48576,1.48613,5.10,4.35
2015.03.09 07:04:33.780,1.48578,1.48613,2.25,2.25
2015.03.09 07:04:33.882,1.48579,1.48615,2.25,2.25
2015.03.09 07:04:39.505,1.48579,1.48613,2.25,2.25
2015.03.09 07:04:39.810,1.48567,1.48603,2.25,2.25
2015.03.09 07:04:41.218,1.48567,1.48601,2.17,2.25
2015.03.09 07:04:41.273,1.48566,1.48599,1.07,2.25
2015.03.09 07:05:16.116,1.48562,1.48596,1.15,2.17
2015.03.09 07:05:18.182,1.4856,1.48593,1.17,2.25
2015.03.09 07:05:19.601,1.48557,1.48591,1.15,2.25
2015.03.09 07:05:19.724,1.48554,1.48591,4.35,4.35
2015.03.09 07:05:19.826,1.48554,1.48589,2.25,2.25
2015.03.09 07:05:19.877,1.48552,1.48589,1.15,4.35
2015.03.09 07:05:22.579,1.48551,1.48584,4.35,1.00
2015.03.09 07:05:22.631,1.48551,1.48579,2.17,2.17
2015.03.09 07:05:22.683,1.48543,1.48576,2.25,1.17
2015.03.09 07:05:22.734,1.48542,1.48573,2.17,2.17
2015.03.09 07:05:22.786,1.48535,1.48573,2.25,2.25
2015.03.09 07:05:31.090,1.48535,1.4857,2.25,1.55
2015.03.09 07:05:31.293,1.48521,1.48557,1.27,5.10
2015.03.09 07:05:31.346,1.48523,1.48557,2.25,3.00
2015.03.09 07:05:31.396,1.48523,1.48557,2.25,1.17
2015.03.09 07:05:31.730,1.48522,1.48557,2.25,2.25
2015.03.09 07:05:31.781,1.48521,1.48557,1.65,4.35
2015.03.09 07:05:31.832,1.48523,1.48557,2.25,2.25
2015.03.09 07:05:31.883,1.48523,1.4856,2.25,2.25
2015.03.09 07:05:38.589,1.48518,1.48553,1.15,4.35
2015.03.09 07:05:38.691,1.4851,1.48557,1.37,1.00
2015.03.09 07:05:38.742,1.48514,1.48563,1.00,1.00
2015.03.09 07:05:38.894,1.48516,1.48567,1.00,1.00
2015.03.09 07:05:39.845,1.48518,1.48567,1.00,1.00
2015.03.09 07:05:43.064,1.48516,1.48566,1.00,1.00
2015.03.09 07:05:43.217,1.48516,1.48566,1.37,1.00
2015.03.09 07:05:43.382,1.48516,1.48566,1.00,1.00
2015.03.09 07:05:44.874,1.48524,1.48561,2.17,2.17
2015.03.09 07:06:03.446,1.48524,1.48555,2.17,2.17
2015.03.09 07:06:03.548,1.4852,1.48554,2.25,2.25
2015.03.09 07:06:03.650,1.48525,1.48558,2.17,2.25
2015.03.09 07:06:03.751,1.48526,1.48561,2.25,2.25
2015.03.09 07:06:12.358,1.48531,1.48567,2.25,3.00
2015.03.09 07:06:12.459,1.48538,1.48574,1.15,2.25
2015.03.09 07:06:12.662,1.4854,1.48575,2.25,2.25
2015.03.09 07:06:20.655,1.48543,1.48578,2.25,2.25
2015.03.09 07:06:22.266,1.48537,1.48575,2.25,2.25
2015.03.09 07:06:29.198,1.48548,1.48582,1.15,1.15
2015.03.09 07:06:29.350,1.48553,1.4859,2.25,1.15
2015.03.09 07:06:29.570,1.48557,1.4859,2.17,1.07
2015.03.09 07:06:29.621,1.48557,1.4859,4.35,1.00
2015.03.09 07:06:29.936,1.48557,1.48588,4.35,1.00
2015.03.09 07:06:30.448,1.48557,1.48589,4.35,1.00
2015.03.09 07:06:30.551,1.48557,1.48591,4.35,1.20
2015.03.09 07:06:30.990,1.48561,1.48592,2.25,1.07
2015.03.09 07:06:31.193,1.48565,1.486,4.35,1.15
2015.03.09 07:06:31.498,1.48568,1.48613,1.50,1.00
2015.03.09 07:06:31.549,1.48577,1.48615,1.00,1.00
2015.03.09 07:06:31.650,1.48578,1.48627,1.00,1.15
2015.03.09 07:06:33.956,1.48578,1.48625,1.00,1.45
2015.03.09 07:06:35.299,1.48578,1.48624,1.00,1.10
2015.03.09 07:06:35.401,1.48578,1.48619,1.00,1.00
2015.03.09 07:06:35.467,1.48578,1.48624,1.00,1.10
2015.03.09 07:06:36.947,1.48579,1.48625,1.00,1.45
2015.03.09 07:06:37.497,1.48578,1.48628,1.00,3.00
2015.03.09 07:06:40.091,1.48578,1.48624,1.00,1.57
2015.03.09 07:06:40.243,1.48568,1.48617,1.10,1.00
2015.03.09 07:06:40.446,1.48564,1.4861,2.25,1.00
2015.03.09 07:06:41.107,1.48578,1.48617,1.37,1.00
2015.03.09 07:06:41.158,1.48583,1.48627,1.00,1.00
2015.03.09 07:06:41.259,1.48585,1.48631,1.00,1.37
2015.03.09 07:06:41.627,1.48585,1.48634,1.37,1.20
2015.03.09 07:06:41.678,1.48588,1.48635,1.00,1.65
2015.03.09 07:06:41.830,1.48593,1.4864,1.00,1.00
2015.03.09 07:06:41.881,1.48599,1.48644,1.00,1.12
2015.03.09 07:06:42.185,1.48609,1.48649,1.00,1.00
2015.03.09 07:06:42.287,1.48609,1.48654,1.00,1.00
2015.03.09 07:06:42.835,1.4861,1.4865,1.00,1.00
2015.03.09 07:06:43.406,1.4861,1.48654,1.00,2.25
2015.03.09 07:06:43.929,1.48609,1.48654,1.00,1.75
2015.03.09 07:06:44.131,1.48602,1.48648,1.00,1.00
2015.03.09 07:06:44.183,1.48601,1.48644,1.00,1.00
2015.03.09 07:06:44.233,1.48597,1.48644,1.00,1.00
2015.03.09 07:06:44.740,1.48597,1.48645,1.00,1.00
2015.03.09 07:06:44.842,1.48597,1.48639,1.00,1.00
2015.03.09 07:06:44.943,1.48596,1.48644,1.00,1.37
2015.03.09 07:06:44.995,1.48588,1.48637,1.17,1.00
2015.03.09 07:06:45.047,1.48595,1.48637,1.00,1.00
2015.03.09 07:06:45.300,1.48595,1.48639,1.00,1.00
2015.03.09 07:06:45.351,1.48592,1.48639,1.00,1.00
2015.03.09 07:06:45.402,1.48589,1.48638,1.10,1.00
2015.03.09 07:06:45.554,1.48587,1.48636,1.15,1.00
2015.03.09 07:06:46.069,1.48587,1.48635,1.15,1.00
2015.03.09 07:06:47.194,1.48589,1.48638,1.10,1.12
2015.03.09 07:06:47.707,1.48588,1.48634,1.17,1.00
2015.03.09 07:06:47.809,1.48588,1.48637,1.17,1.12
2015.03.09 07:06:47.961,1.48588,1.48637,1.17,1.37
2015.03.09 07:06:48.464,1.48585,1.48634,3.00,1.00
2015.03.09 07:06:49.467,1.48585,1.48634,3.00,1.37
2015.03.09 07:06:52.564,1.48585,1.48632,2.25,1.00
2015.03.09 07:06:55.134,1.48584,1.48632,2.17,1.12
2015.03.09 07:06:55.185,1.48581,1.48632,1.00,1.12
2015.03.09 07:06:55.749,1.48584,1.48635,1.00,1.37
2015.03.09 07:07:00.465,1.48586,1.48637,1.00,1.87
2015.03.09 07:07:01.875,1.48586,1.48629,1.00,1.00
2015.03.09 07:07:01.926,1.4858,1.48626,1.10,1.00
2015.03.09 07:07:02.027,1.48576,1.48624,2.25,1.00
2015.03.09 07:07:02.385,1.48576,1.48622,2.25,1.00
2015.03.09 07:07:02.689,1.48576,1.48626,1.00,1.37
2015.03.09 07:07:02.740,1.48576,1.48624,1.00,1.00
2015.03.09 07:07:02.791,1.4858,1.48624,1.00,1.00
2015.03.09 07:07:02.842,1.4858,1.48631,1.00,1.00
2015.03.09 07:07:02.893,1.4858,1.48628,1.00,1.00
2015.03.09 07:07:15.664,1.48579,1.48628,1.10,1.12
2015.03.09 07:07:19.076,1.48578,1.48629,1.65,1.37
2015.03.09 07:07:23.137,1.48576,1.48627,1.15,1.37
2015.03.09 07:07:25.093,1.48576,1.48627,1.07,1.37
2015.03.09 07:07:25.144,1.48576,1.48627,1.00,1.37
2015.03.09 07:07:26.520,1.48576,1.48627,1.00,1.12
2015.03.09 07:07:27.135,1.48576,1.48627,1.00,1.37
2015.03.09 07:07:27.337,1.48576,1.48627,1.00,1.12
2015.03.09 07:07:27.756,1.48576,1.48624,1.00,1.00
2015.03.09 07:07:29.429,1.48578,1.48624,1.00,1.00
2015.03.09 07:07:29.549,1.48572,1.4862,1.00,1.00
2015.03.09 07:07:31.059,1.4857,1.48618,1.00,1.00
2015.03.09 07:07:32.119,1.48568,1.48618,1.15,1.00
2015.03.09 07:07:33.730,1.48567,1.48616,1.15,1.00
2015.03.09 07:07:39.969,1.48567,1.48616,1.12,1.00
2015.03.09 07:07:43.856,1.48569,1.48616,1.00,1.00
2015.03.09 07:07:44.169,1.48565,1.48613,1.55,1.00
2015.03.09 07:07:48.200,1.48565,1.48613,1.17,1.00
2015.03.09 07:07:48.760,1.48564,1.48615,1.65,1.00
2015.03.09 07:07:48.912,1.48563,1.48612,1.65,1.00
2015.03.09 07:07:49.535,1.48562,1.48611,2.25,1.00
2015.03.09 07:07:50.183,1.48563,1.48614,1.15,1.00
2015.03.09 07:07:50.449,1.48563,1.48612,1.15,1.00
2015.03.09 07:07:52.161,1.48563,1.48612,1.07,1.00
2015.03.09 07:07:52.212,1.48563,1.48612,1.00,1.00
2015.03.09 07:08:04.336,1.48564,1.48612,1.00,1.00
2015.03.09 07:08:05.274,1.48564,1.48614,1.00,1.00
2015.03.09 07:08:05.886,1.48565,1.48614,1.50,1.00
2015.03.09 07:08:12.673,1.48565,1.48613,1.00,1.00
2015.03.09 07:08:15.024,1.48564,1.48613,1.00,1.00
2015.03.09 07:08:15.531,1.48565,1.48614,1.00,1.50
2015.03.09 07:08:22.977,1.48563,1.48612,1.00,1.00
2015.03.09 07:08:24.490,1.48563,1.4861,1.00,1.00
2015.03.09 07:08:24.819,1.48563,1.48604,1.00,1.00
2015.03.09 07:08:24.870,1.48561,1.48604,1.10,1.00
2015.03.09 07:08:24.921,1.48561,1.48609,1.47,1.00
2015.03.09 07:08:25.075,1.48562,1.48605,1.37,1.00
2015.03.09 07:08:25.177,1.48562,1.48609,1.37,1.50
2015.03.09 07:08:25.380,1.48568,1.48604,2.17,1.10
2015.03.09 07:08:25.747,1.4857,1.48604,2.25,1.17
2015.03.09 07:08:45.602,1.4857,1.48605,2.25,2.25
2015.03.09 07:08:46.696,1.48571,1.48607,2.25,1.15
2015.03.09 07:08:46.747,1.48574,1.48607,2.25,1.07
2015.03.09 07:08:47.051,1.48579,1.4861,2.25,1.00
2015.03.09 07:08:47.588,1.48579,1.48609,2.25,1.00
2015.03.09 07:08:48.098,1.48581,1.4861,2.25,1.00
2015.03.09 07:08:48.617,1.4858,1.4861,2.25,1.00
2015.03.09 07:08:49.568,1.4858,1.48609,2.25,1.00
2015.03.09 07:08:53.228,1.4858,1.4861,2.25,1.00
2015.03.09 07:08:53.836,1.4858,1.48612,2.25,1.17
2015.03.09 07:08:54.204,1.4858,1.48609,2.25,1.00
2015.03.09 07:08:55.424,1.4858,1.4861,2.25,1.00
2015.03.09 07:08:55.930,1.4858,1.48609,2.25,1.00
2015.03.09 07:08:56.873,1.48577,1.48609,2.25,1.07
2015.03.09 07:08:58.552,1.48579,1.48609,2.25,1.00
2015.03.09 07:08:59.454,1.48579,1.4861,2.25,1.00
2015.03.09 07:09:00.366,1.48583,1.4861,2.25,1.00
2015.03.09 07:09:00.890,1.48583,1.48609,2.25,1.00
2015.03.09 07:09:01.197,1.48579,1.48604,2.25,1.00
2015.03.09 07:09:02.657,1.48579,1.48605,2.25,1.00
2015.03.09 07:09:03.678,1.48579,1.48604,2.25,1.00
2015.03.09 07:09:08.267,1.48575,1.48604,2.17,1.07
2015.03.09 07:09:08.371,1.48571,1.48604,2.25,1.15
2015.03.09 07:09:08.482,1.48567,1.48603,2.25,2.25
2015.03.09 07:09:12.793,1.48572,1.48604,2.25,1.10
2015.03.09 07:09:13.094,1.48572,1.48605,2.25,2.02
2015.03.09 07:09:13.409,1.4857,1.48605,2.25,4.12
2015.03.09 07:09:23.265,1.4857,1.48599,2.25,1.00
2015.03.09 07:09:24.454,1.4857,1.486,2.25,1.00
2015.03.09 07:09:24.606,1.48565,1.486,3.00,1.17
2015.03.09 07:09:26.790,1.48565,1.48603,2.25,2.62
2015.03.09 07:09:27.301,1.48565,1.48603,2.25,2.62
2015.03.09 07:09:27.370,1.48565,1.48603,2.25,2.62
2015.03.09 07:09:29.283,1.48565,1.486,2.25,1.17
2015.03.09 07:09:29.905,1.48569,1.48604,2.17,4.12
2015.03.09 07:09:29.956,1.48569,1.48604,2.25,1.52
2015.03.09 07:09:31.396,1.48568,1.48602,2.25,2.17
2015.03.09 07:09:31.947,1.48567,1.48602,2.25,2.25
2015.03.09 07:09:33.416,1.48572,1.48603,2.17,2.25
2015.03.09 07:09:33.467,1.48572,1.48604,2.25,1.07
2015.03.09 07:09:34.628,1.48574,1.48604,2.25,1.00
2015.03.09 07:09:37.649,1.48574,1.48606,2.25,1.00
2015.03.09 07:09:44.566,1.48574,1.48607,2.25,1.10
2015.03.09 07:09:49.931,1.48577,1.48612,2.25,2.62
2015.03.09 07:09:49.982,1.48577,1.48614,2.25,2.02
2015.03.09 07:09:51.182,1.48577,1.48609,2.25,1.00
2015.03.09 07:09:51.864,1.48576,1.48609,2.25,1.07
2015.03.09 07:09:52.578,1.48575,1.48609,4.35,1.15
2015.03.09 07:09:55.373,1.48575,1.48604,4.35,1.00
2015.03.09 07:09:55.576,1.48575,1.48611,4.35,1.15
2015.03.09 07:09:58.730,1.48575,1.48609,4.35,1.52
2015.03.09 07:09:59.239,1.48575,1.48609,4.35,1.15
2015.03.09 07:10:12.452,1.48575,1.48609,2.25,1.15
2015.03.09 07:10:12.939,1.48574,1.48605,2.17,1.07
2015.03.09 07:10:12.990,1.48569,1.48605,4.35,1.15
2015.03.09 07:10:14.024,1.48569,1.48604,2.25,3.00
2015.03.09 07:10:14.075,1.48567,1.48604,4.35,5.10
2015.03.09 07:10:17.159,1.48569,1.48604,2.25,2.25
2015.03.09 07:10:17.462,1.48571,1.48604,2.25,1.17
2015.03.09 07:10:19.223,1.48571,1.48603,2.17,3.00
2015.03.09 07:10:19.326,1.48566,1.486,2.25,2.25
2015.03.09 07:10:19.431,1.48563,1.48596,2.25,3.00
2015.03.09 07:10:19.482,1.48559,1.48596,4.35,5.10
2015.03.09 07:10:19.634,1.48559,1.48593,2.25,3.00
2015.03.09 07:10:19.686,1.48557,1.48592,2.25,2.25
2015.03.09 07:10:24.152,1.48557,1.48587,2.25,1.00
2015.03.09 07:10:24.254,1.48557,1.48586,2.17,2.92
2015.03.09 07:10:24.304,1.48551,1.48584,1.17,2.25
2015.03.09 07:10:24.355,1.48549,1.48582,2.17,2.25
2015.03.09 07:10:24.406,1.48545,1.48581,3.00,2.25
2015.03.09 07:10:24.710,1.48547,1.48582,2.25,2.25
2015.03.09 07:10:24.761,1.48547,1.48584,4.35,4.35
2015.03.09 07:10:29.143,1.48543,1.48581,2.25,2.25
2015.03.09 07:10:29.549,1.48542,1.48577,2.25,3.00
2015.03.09 07:10:29.853,1.48549,1.48584,2.25,2.62
2015.03.09 07:10:32.450,1.48544,1.48582,5.10,4.35
2015.03.09 07:10:32.583,1.48548,1.48582,2.25,2.25
2015.03.09 07:10:32.634,1.48548,1.48584,2.25,2.25
2015.03.09 07:10:39.164,1.48543,1.48578,2.25,2.62
2015.03.09 07:10:39.266,1.48536,1.48572,2.25,2.25
2015.03.09 07:10:39.680,1.48529,1.48566,4.35,5.10
2015.03.09 07:10:39.783,1.48526,1.48561,2.25,2.25
2015.03.09 07:10:40.090,1.48522,1.48559,5.10,4.35
2015.03.09 07:10:40.141,1.48526,1.48559,2.25,2.25
2015.03.09 07:10:40.192,1.48526,1.48561,2.25,2.25
2015.03.09 07:10:40.394,1.48527,1.48565,2.25,2.25
2015.03.09 07:10:41.484,1.4853,1.48567,2.25,2.25
2015.03.09 07:10:42.939,1.48534,1.48568,2.17,2.25
2015.03.09 07:10:43.451,1.48534,1.48569,2.25,2.25
2015.03.09 07:10:43.962,1.48537,1.48572,2.25,2.25
2015.03.09 07:10:49.068,1.48533,1.48569,2.25,2.25
2015.03.09 07:10:49.371,1.48537,1.48573,2.25,2.25
2015.03.09 07:10:49.976,1.48535,1.4857,2.25,2.25
2015.03.09 07:10:50.386,1.48527,1.48565,2.25,2.25
2015.03.09 07:10:55.661,1.4853,1.48566,2.25,2.25
2015.03.09 07:10:56.208,1.4853,1.48567,2.25,2.25
2015.03.09 07:10:57.774,1.48528,1.48562,1.10,2.25
2015.03.09 07:10:57.977,1.48526,1.48562,2.25,2.25
2015.03.09 07:10:58.293,1.4853,1.48567,4.35,4.35
2015.03.09 07:11:02.906,1.48528,1.48564,2.25,2.25
2015.03.09 07:11:06.713,1.48525,1.48561,2.25,2.25
2015.03.09 07:11:07.197,1.48522,1.48559,2.25,2.25
2015.03.09 07:11:12.612,1.48526,1.48561,2.25,2.25
2015.03.09 07:11:16.201,1.48528,1.48564,2.25,2.25
2015.03.09 07:11:16.304,1.48531,1.48567,2.25,2.25
2015.03.09 07:11:21.743,1.48531,1.48565,2.25,2.25
2015.03.09 07:11:21.845,1.48528,1.48565,4.35,4.35
2015.03.09 07:11:24.429,1.48528,1.4856,2.17,2.17
2015.03.09 07:11:24.531,1.48523,1.48559,2.25,2.25
2015.03.09 07:11:26.839,1.48523,1.48557,2.25,2.25
2015.03.09 07:11:26.941,1.48521,1.48556,2.25,2.25
2015.03.09 07:11:28.744,1.48521,1.48554,2.17,2.25
2015.03.09 07:11:28.949,1.48507,1.48546,1.52,2.25
2015.03.09 07:11:33.993,1.48506,1.48539,2.92,2.17
2015.03.09 07:11:34.044,1.48506,1.48538,1.00,2.25
2015.03.09 07:11:34.095,1.48502,1.48534,1.57,2.25
2015.03.09 07:11:34.146,1.48502,1.48533,1.50,2.25
2015.03.09 07:11:34.399,1.48498,1.48533,1.15,2.25
2015.03.09 07:11:49.183,1.48499,1.48534,2.25,2.25
2015.03.09 07:11:49.234,1.48499,1.48537,2.25,2.25
2015.03.09 07:11:49.689,1.48498,1.48534,3.75,2.25
2015.03.09 07:11:50.204,1.48498,1.48534,1.65,4.35
2015.03.09 07:12:04.343,1.48497,1.48523,2.17,2.17
2015.03.09 07:12:04.394,1.48489,1.48522,1.85,2.25
2015.03.09 07:12:04.445,1.48495,1.48522,2.17,2.17
2015.03.09 07:12:04.496,1.48496,1.48532,2.25,3.00
2015.03.09 07:12:04.700,1.48498,1.48535,2.25,2.25
2015.03.09 07:12:08.638,1.485,1.48535,1.15,2.25
2015.03.09 07:12:08.689,1.485,1.48538,3.00,2.25
2015.03.09 07:12:09.668,1.485,1.48529,2.17,2.17
2015.03.09 07:12:09.719,1.48491,1.48529,4.35,4.35
2015.03.09 07:12:12.762,1.48491,1.48526,2.25,2.25
2015.03.09 07:12:12.813,1.4849,1.48526,1.15,4.35
2015.03.09 07:12:13.575,1.48489,1.48519,4.35,1.00
2015.03.09 07:12:13.727,1.48473,1.48511,2.25,2.25
2015.03.09 07:12:17.248,1.48473,1.48508,2.17,2.25
2015.03.09 07:12:17.299,1.48471,1.48506,1.15,2.25
2015.03.09 07:12:22.826,1.48474,1.48508,2.17,2.25
2015.03.09 07:12:22.877,1.48474,1.4851,2.25,2.25
2015.03.09 07:12:23.912,1.48477,1.48512,2.17,2.25
2015.03.09 07:12:24.419,1.48477,1.48513,2.25,2.25
2015.03.09 07:12:24.911,1.48476,1.48501,2.17,2.17
2015.03.09 07:12:24.962,1.4847,1.48501,1.87,2.25
2015.03.09 07:12:25.013,1.48474,1.48503,2.17,2.17
2015.03.09 07:12:25.064,1.48474,1.4851,2.25,2.25
2015.03.09 07:12:25.115,1.48477,1.48511,2.25,2.25
2015.03.09 07:12:25.165,1.48477,1.48513,2.25,2.25
2015.03.09 07:12:31.421,1.48475,1.48508,2.17,2.17
2015.03.09 07:12:31.472,1.48474,1.48508,1.10,2.25
2015.03.09 07:12:33.530,1.48469,1.48505,2.25,2.25
2015.03.09 07:12:33.682,1.48463,1.48501,4.35,4.35
2015.03.09 07:12:33.733,1.48463,1.48497,2.25,2.25
2015.03.09 07:12:33.784,1.48459,1.48497,4.35,5.10
2015.03.09 07:12:33.835,1.48459,1.48489,2.17,2.17
2015.03.09 07:12:33.886,1.48454,1.48489,2.25,2.25
2015.03.09 07:12:34.038,1.48453,1.48487,2.25,2.25
2015.03.09 07:12:34.089,1.4845,1.48487,4.35,4.35
2015.03.09 07:12:35.826,1.48455,1.48487,2.17,2.25
2015.03.09 07:12:35.927,1.48455,1.4849,2.25,2.25
2015.03.09 07:12:36.282,1.48455,1.4848,2.25,1.00
2015.03.09 07:12:36.586,1.4844,1.48469,4.35,1.00
2015.03.09 07:12:36.637,1.4844,1.48464,2.25,1.00
2015.03.09 07:12:36.688,1.48439,1.48464,1.07,1.00
2015.03.09 07:12:36.840,1.48439,1.4847,2.92,1.20
2015.03.09 07:12:37.346,1.48439,1.48469,3.00,1.00
2015.03.09 07:12:37.854,1.48439,1.48474,3.00,2.25
2015.03.09 07:12:38.360,1.48437,1.48474,1.00,1.00
2015.03.09 07:12:38.461,1.48437,1.48469,1.00,1.00
2015.03.09 07:12:38.571,1.48437,1.48474,1.00,1.00
2015.03.09 07:12:38.932,1.48437,1.48479,1.00,1.50
2015.03.09 07:12:39.033,1.48437,1.48474,1.00,1.00
2015.03.09 07:12:39.229,1.48437,1.48479,1.00,1.50
2015.03.09 07:12:39.909,1.4844,1.48482,1.00,1.00
2015.03.09 07:12:40.418,1.48441,1.48483,1.00,1.00
2015.03.09 07:12:41.009,1.48441,1.48484,1.00,1.12
2015.03.09 07:12:41.313,1.48441,1.48486,1.00,1.12
2015.03.09 07:12:41.650,1.48441,1.48479,1.00,1.00
2015.03.09 07:12:42.197,1.48438,1.48479,1.00,1.00
2015.03.09 07:12:42.248,1.48434,1.48474,1.00,1.00
2015.03.09 07:12:42.502,1.48427,1.48469,1.12,1.00
2015.03.09 07:12:42.756,1.48427,1.48474,1.00,1.50
2015.03.09 07:12:42.858,1.48425,1.48471,1.00,1.00
2015.03.09 07:12:43.166,1.48425,1.48473,1.00,1.00
2015.03.09 07:12:43.300,1.48425,1.48469,1.00,1.00
2015.03.09 07:12:43.521,1.48425,1.48473,1.00,1.00
2015.03.09 07:12:43.673,1.48425,1.48469,1.00,1.00
2015.03.09 07:12:43.850,1.48425,1.48473,1.00,1.00
2015.03.09 07:12:44.039,1.48418,1.48472,2.62,1.12
2015.03.09 07:12:44.090,1.48418,1.48464,2.62,1.00
2015.03.09 07:12:44.638,1.48418,1.48465,2.25,1.00
2015.03.09 07:12:45.502,1.48418,1.48464,2.25,1.00
2015.03.09 07:12:46.203,1.48418,1.48464,2.25,1.37
2015.03.09 07:12:46.357,1.48415,1.48464,1.00,1.37
2015.03.09 07:12:46.612,1.48418,1.4847,1.00,1.87
2015.03.09 07:12:46.664,1.48418,1.4847,1.37,1.37
2015.03.09 07:12:46.765,1.48418,1.48469,1.00,1.37
2015.03.09 07:12:47.271,1.48418,1.48469,1.00,1.37
2015.03.09 07:12:47.828,1.48418,1.48469,1.00,1.37
2015.03.09 07:12:48.081,1.48418,1.48469,1.37,1.37
2015.03.09 07:12:48.390,1.48418,1.48469,1.12,1.37
2015.03.09 07:12:48.542,1.48418,1.4847,3.00,1.37
2015.03.09 07:12:48.593,1.48418,1.48472,3.00,1.50
2015.03.09 07:12:48.972,1.48421,1.48473,1.07,1.37
2015.03.09 07:12:49.200,1.48421,1.48473,1.07,1.12
2015.03.09 07:12:49.620,1.48421,1.48473,1.07,1.37
2015.03.09 07:12:49.903,1.4842,1.48472,1.17,1.12
2015.03.09 07:12:50.853,1.4842,1.48472,1.00,1.12
2015.03.09 07:12:50.904,1.48417,1.48471,1.50,1.00
2015.03.09 07:12:51.006,1.48419,1.48472,1.00,1.12
2015.03.09 07:12:51.310,1.4842,1.48472,1.37,1.12
2015.03.09 07:12:52.160,1.48419,1.48471,1.37,1.00
2015.03.09 07:12:53.785,1.48419,1.48471,1.37,1.37
2015.03.09 07:12:54.291,1.48419,1.48471,1.37,1.00
2015.03.09 07:12:54.494,1.48422,1.4847,1.96,1.00
2015.03.09 07:12:54.596,1.48427,1.48476,2.01,1.00
2015.03.09 07:12:54.698,1.48433,1.48471,4.72,4.35
2015.03.09 07:12:55.021,1.48442,1.48478,2.62,2.25
2015.03.09 07:12:55.855,1.48445,1.48482,2.25,2.25
2015.03.09 07:12:56.058,1.4845,1.48488,2.25,3.37
2015.03.09 07:12:56.160,1.48453,1.48488,4.35,1.15
2015.03.09 07:13:03.472,1.48453,1.48484,2.17,1.07
2015.03.09 07:13:03.523,1.48448,1.48484,4.35,1.15
2015.03.09 07:13:03.574,1.48448,1.4848,2.25,1.07
2015.03.09 07:13:03.625,1.48445,1.4848,2.25,1.15
2015.03.09 07:13:04.901,1.48448,1.48483,2.25,2.62
2015.03.09 07:13:04.952,1.48448,1.48483,2.25,2.25
2015.03.09 07:13:05.003,1.48452,1.48487,2.25,2.25
2015.03.09 07:13:05.612,1.48455,1.4849,2.25,2.25
2015.03.09 07:13:07.881,1.48454,1.48487,2.25,2.25
2015.03.09 07:13:07.932,1.48452,1.48487,2.25,2.25
2015.03.09 07:13:07.983,1.4845,1.48479,2.25,1.00
2015.03.09 07:13:08.034,1.48446,1.48479,4.35,1.00
2015.03.09 07:13:08.085,1.48449,1.48475,2.25,1.00
2015.03.09 07:13:08.186,1.48449,1.48486,4.35,4.35
2015.03.09 07:13:15.512,1.48452,1.48486,2.25,2.25
2015.03.09 07:13:15.580,1.48453,1.48488,2.25,2.25
2015.03.09 07:13:24.536,1.48449,1.48487,2.25,2.25
2015.03.09 07:13:28.685,1.48452,1.48487,2.25,2.25
2015.03.09 07:13:28.736,1.48452,1.4849,4.35,4.35
2015.03.09 07:13:30.040,1.48456,1.4849,2.25,2.25
2015.03.09 07:13:30.293,1.48459,1.48494,2.25,2.25
2015.03.09 07:13:39.755,1.48458,1.48492,2.25,2.25
2015.03.09 07:13:39.806,1.48454,1.48492,4.35,4.35
2015.03.09 07:13:47.973,1.48454,1.4847,2.25,1.00
2015.03.09 07:13:48.024,1.48451,1.4847,2.62,1.00
2015.03.09 07:13:48.075,1.48449,1.4847,2.62,1.00
2015.03.09 07:13:48.126,1.48447,1.4847,4.72,1.00
2015.03.09 07:13:48.742,1.48447,1.48465,4.35,1.00
2015.03.09 07:13:49.048,1.48445,1.48465,2.25,1.00
2015.03.09 07:13:49.381,1.48444,1.48456,2.25,1.00
2015.03.09 07:13:49.432,1.4844,1.48456,2.25,1.00
2015.03.09 07:13:49.536,1.48435,1.48457,2.25,1.00
2015.03.09 07:13:49.587,1.48433,1.48457,2.55,1.00
2015.03.09 07:13:49.639,1.48425,1.48457,2.02,1.07
2015.03.09 07:13:49.691,1.48424,1.48447,2.62,1.00
2015.03.09 07:13:49.741,1.48421,1.48447,2.17,1.00
2015.03.09 07:13:49.843,1.48415,1.48448,2.25,1.07
2015.03.09 07:13:49.945,1.48411,1.48437,2.25,1.00
2015.03.09 07:13:50.046,1.48408,1.48437,2.25,1.00
2015.03.09 07:13:50.561,1.48408,1.48437,2.62,1.00
2015.03.09 07:13:50.713,1.48408,1.48434,2.62,1.00
2015.03.09 07:13:51.219,1.48408,1.48434,2.62,1.00
2015.03.09 07:13:51.877,1.48406,1.48434,2.62,1.00
2015.03.09 07:13:51.928,1.48404,1.48434,2.62,1.00
2015.03.09 07:13:52.751,1.48406,1.48434,2.62,1.00
2015.03.09 07:13:54.125,1.48406,1.48431,4.72,1.00
2015.03.09 07:13:54.471,1.48395,1.48416,1.50,1.00
2015.03.09 07:13:54.573,1.48391,1.48426,1.37,1.00
2015.03.09 07:13:54.674,1.48383,1.4842,1.95,1.00
2015.03.09 07:13:54.725,1.48381,1.4842,1.75,1.00
2015.03.09 07:13:54.776,1.48381,1.48414,1.37,1.00
2015.03.09 07:13:54.827,1.48378,1.48414,1.12,1.00
2015.03.09 07:13:55.131,1.48378,1.48414,1.63,1.00
2015.03.09 07:13:55.952,1.48377,1.48414,1.49,1.00
2015.03.09 07:13:56.069,1.48373,1.48414,3.00,1.00
2015.03.09 07:13:56.534,1.48373,1.48403,3.11,1.00
2015.03.09 07:13:56.585,1.48371,1.48403,2.55,1.00
2015.03.09 07:13:56.636,1.48367,1.48403,1.12,1.00
2015.03.09 07:13:56.688,1.48367,1.48402,1.35,1.00
2015.03.09 07:13:57.198,1.48373,1.48402,1.42,1.00
2015.03.09 07:13:57.354,1.48367,1.48402,1.80,1.00
2015.03.09 07:13:57.938,1.48367,1.48403,1.39,1.00
2015.03.09 07:13:58.499,1.4837,1.48403,1.37,1.00
2015.03.09 07:13:58.652,1.4837,1.48405,1.37,1.00
2015.03.09 07:13:58.753,1.4837,1.48402,1.37,1.00
2015.03.09 07:13:58.870,1.4837,1.48408,1.37,1.00
2015.03.09 07:13:58.972,1.48376,1.4841,1.37,1.00
2015.03.09 07:13:59.023,1.48377,1.4841,1.62,1.00
2015.03.09 07:13:59.074,1.48377,1.48413,1.62,1.00
2015.03.09 07:14:00.018,1.4838,1.48413,1.37,1.00
2015.03.09 07:14:00.120,1.48381,1.48413,1.82,1.00
2015.03.09 07:14:00.323,1.4838,1.48412,1.37,1.00
2015.03.09 07:14:00.525,1.48378,1.48409,1.05,1.00
2015.03.09 07:14:00.930,1.4838,1.48414,1.37,1.00
2015.03.09 07:14:01.132,1.48382,1.48414,1.52,1.00
2015.03.09 07:14:02.389,1.48386,1.48418,1.37,1.00
2015.03.09 07:14:02.441,1.48387,1.48418,1.24,1.00
2015.03.09 07:14:02.593,1.48396,1.4843,1.12,1.00
2015.03.09 07:14:02.695,1.48398,1.48433,1.47,1.00
2015.03.09 07:14:02.746,1.48399,1.48433,1.31,1.00
2015.03.09 07:14:02.948,1.48401,1.48436,1.94,1.00
2015.03.09 07:14:03.050,1.4841,1.48441,1.37,1.00
2015.03.09 07:14:03.253,1.48416,1.4845,1.37,1.00
2015.03.09 07:14:03.506,1.48412,1.48447,1.39,1.00
2015.03.09 07:14:03.962,1.48407,1.48447,1.20,1.00
2015.03.09 07:14:04.265,1.48413,1.48447,1.09,1.00
2015.03.09 07:14:04.468,1.4841,1.48447,1.37,1.00
2015.03.09 07:14:04.670,1.4841,1.48443,1.79,1.00
2015.03.09 07:14:04.772,1.4841,1.48443,1.37,1.00
2015.03.09 07:14:05.557,1.4841,1.48445,1.37,1.00
2015.03.09 07:14:05.658,1.48412,1.48445,1.42,1.00
2015.03.09 07:14:05.911,1.4841,1.48446,1.37,1.00
2015.03.09 07:14:06.013,1.48413,1.48446,1.67,1.00
2015.03.09 07:14:06.520,1.4841,1.48446,1.37,1.00
2015.03.09 07:14:06.774,1.48413,1.48446,1.47,1.00
2015.03.09 07:14:07.179,1.4841,1.48446,1.37,1.00
2015.03.09 07:14:07.719,1.48408,1.48446,1.12,1.00
2015.03.09 07:14:07.821,1.48411,1.48446,1.37,1.00
2015.03.09 07:14:08.347,1.48411,1.48446,1.37,1.00
2015.03.09 07:14:08.507,1.48411,1.48446,1.37,1.00
2015.03.09 07:14:09.119,1.48411,1.48446,1.37,1.00
2015.03.09 07:14:09.628,1.48411,1.48446,1.37,1.00
2015.03.09 07:14:10.308,1.48411,1.48445,1.37,1.00
2015.03.09 07:14:10.951,1.48411,1.48445,1.37,1.00
2015.03.09 07:14:11.053,1.48411,1.48444,1.37,1.00
2015.03.09 07:14:11.205,1.48406,1.48439,1.37,1.00
2015.03.09 07:14:11.306,1.48406,1.48444,1.97,1.00
2015.03.09 07:14:13.515,1.48402,1.48444,2.55,1.00
2015.03.09 07:14:13.617,1.48406,1.48445,1.82,1.00
2015.03.09 07:14:13.820,1.48407,1.48445,1.52,1.00
2015.03.09 07:14:14.022,1.48413,1.48445,1.42,1.00
2015.03.09 07:14:14.124,1.48405,1.48445,1.90,1.00
2015.03.09 07:14:15.049,1.48405,1.48445,1.37,1.00
2015.03.09 07:14:17.806,1.48407,1.4844,1.62,1.00
2015.03.09 07:14:17.907,1.48407,1.48445,1.62,1.00
2015.03.09 07:14:21.743,1.48413,1.48445,1.47,1.00
2015.03.09 07:14:22.548,1.48411,1.48445,1.37,1.00
2015.03.09 07:14:22.708,1.48408,1.48439,1.57,1.00
2015.03.09 07:14:22.860,1.48401,1.48438,1.97,1.00
2015.03.09 07:14:22.962,1.48401,1.48434,1.82,1.00
2015.03.09 07:14:23.270,1.48395,1.48432,1.87,1.00
2015.03.09 07:14:23.802,1.48397,1.48432,1.42,1.00
2015.03.09 07:14:24.307,1.48395,1.48432,1.87,1.00
2015.03.09 07:14:25.274,1.48397,1.48432,1.57,1.00
2015.03.09 07:14:27.079,1.48398,1.48432,1.67,1.00
2015.03.09 07:14:27.130,1.48398,1.4842,1.67,1.00
2015.03.09 07:14:27.231,1.48397,1.48426,1.05,1.00
2015.03.09 07:14:27.282,1.48391,1.48426,1.91,1.00
2015.03.09 07:14:27.815,1.48392,1.48425,1.46,1.00
2015.03.09 07:14:32.842,1.48392,1.48423,1.46,1.00
2015.03.09 07:14:35.114,1.48391,1.48423,1.35,1.00
2015.03.09 07:14:35.798,1.48391,1.48424,1.97,1.00
2015.03.09 07:14:36.896,1.48391,1.48423,1.75,1.00
2015.03.09 07:14:42.091,1.48391,1.48421,1.75,1.00
2015.03.09 07:14:42.192,1.48387,1.48421,1.67,1.00
2015.03.09 07:14:42.477,1.48388,1.48421,1.24,1.00
2015.03.09 07:14:42.692,1.48388,1.48421,1.52,1.00
2015.03.09 07:14:43.516,1.48387,1.48421,1.05,1.00
2015.03.09 07:14:44.226,1.48385,1.48421,2.10,1.00
2015.03.09 07:14:44.632,1.48392,1.48421,1.37,1.00
2015.03.09 07:14:44.838,1.48391,1.48421,1.37,1.00
2015.03.09 07:14:44.940,1.48388,1.48421,1.47,1.00
2015.03.09 07:14:46.987,1.48398,1.48421,1.47,1.00
2015.03.09 07:14:47.038,1.48398,1.4843,1.95,1.00
2015.03.09 07:14:47.605,1.48403,1.4843,1.47,1.00
2015.03.09 07:14:47.912,1.484,1.4843,1.37,1.00
2015.03.09 07:14:51.881,1.48401,1.48425,1.37,1.00
2015.03.09 07:14:51.932,1.48395,1.48425,1.37,1.00
2015.03.09 07:14:51.984,1.48393,1.48422,1.12,1.00
2015.03.09 07:14:52.136,1.4839,1.48421,1.37,1.00
2015.03.09 07:14:52.289,1.4839,1.48421,1.37,1.00
2015.03.09 07:14:52.643,1.48387,1.48419,1.37,1.00
2015.03.09 07:14:52.854,1.48386,1.48419,1.37,1.00
2015.03.09 07:14:52.955,1.48387,1.48419,1.01,1.00
2015.03.09 07:14:53.547,1.48384,1.48419,1.35,1.00
2015.03.09 07:14:54.607,1.48382,1.48419,1.67,1.00
2015.03.09 07:14:55.889,1.48395,1.48419,1.00,1.00
2015.03.09 07:14:55.941,1.48395,1.48433,1.00,1.00
2015.03.09 07:14:55.992,1.48406,1.48439,2.17,1.50
2015.03.09 07:14:56.297,1.48391,1.48422,3.75,1.10
2015.03.09 07:14:57.138,1.48391,1.48422,3.37,1.10
2015.03.09 07:14:57.460,1.48391,1.48422,3.37,1.10
2015.03.09 07:15:01.788,1.48391,1.48421,3.37,1.00
2015.03.09 07:15:02.276,1.48391,1.48421,3.00,1.00
2015.03.09 07:15:02.327,1.48391,1.48406,3.00,1.00
2015.03.09 07:15:02.429,1.48388,1.48414,1.01,1.10
2015.03.09 07:15:02.530,1.48383,1.48415,1.01,3.00
2015.03.09 07:15:02.582,1.48385,1.48415,2.62,1.00
2015.03.09 07:15:04.295,1.48385,1.48415,3.37,1.00
2015.03.09 07:15:04.810,1.48385,1.48415,2.62,1.00
2015.03.09 07:15:05.460,1.48394,1.48415,3.37,1.00
2015.03.09 07:15:05.513,1.48395,1.48431,3.07,2.25
2015.03.09 07:15:05.615,1.48398,1.48433,3.34,2.25
2015.03.09 07:15:05.716,1.48401,1.48437,2.62,2.25
2015.03.09 07:15:06.681,1.48405,1.48439,2.62,1.15
2015.03.09 07:15:20.420,1.484,1.48438,2.62,2.25
2015.03.09 07:15:20.928,1.484,1.48431,2.62,1.00
2015.03.09 07:15:21.029,1.484,1.4843,2.62,1.00
2015.03.09 07:15:25.085,1.484,1.48428,2.62,1.00
2015.03.09 07:15:25.186,1.48398,1.48428,2.25,1.00
2015.03.09 07:15:25.237,1.48391,1.4842,1.37,1.15
2015.03.09 07:15:25.288,1.48386,1.4842,2.25,1.15
2015.03.09 07:15:25.339,1.48382,1.48408,2.62,1.00
2015.03.09 07:15:25.652,1.48369,1.48399,2.25,1.00
2015.03.09 07:15:25.754,1.48364,1.48399,4.72,1.15
2015.03.09 07:15:25.855,1.48364,1.48394,4.35,1.00
2015.03.09 07:15:25.906,1.48355,1.48393,2.62,3.00
2015.03.09 07:15:25.957,1.48355,1.48387,2.62,1.00
2015.03.09 07:15:26.261,1.48353,1.48383,2.25,1.00
2015.03.09 07:15:27.022,1.48353,1.48383,2.62,1.00
2015.03.09 07:15:27.327,1.48356,1.48385,2.62,1.00
2015.03.09 07:15:31.149,1.48345,1.48375,1.37,1.00
2015.03.09 07:15:31.252,1.48347,1.48381,1.39,1.00
2015.03.09 07:15:33.591,1.48348,1.48381,1.62,1.00
2015.03.09 07:15:33.694,1.48347,1.48379,1.42,1.00
2015.03.09 07:15:33.879,1.48345,1.4837,1.37,1.00
2015.03.09 07:15:34.283,1.48335,1.4837,1.27,1.00
2015.03.09 07:15:35.145,1.48338,1.4837,1.80,1.00
2015.03.09 07:15:35.196,1.48335,1.4837,1.87,1.00
2015.03.09 07:15:36.820,1.4833,1.4837,1.87,1.00
2015.03.09 07:15:36.871,1.48328,1.48363,1.37,1.00
2015.03.09 07:15:37.023,1.48313,1.48355,1.29,1.00
2015.03.09 07:15:37.073,1.48312,1.4835,1.31,1.00
2015.03.09 07:15:37.225,1.48308,1.4835,1.52,1.50
2015.03.09 07:15:37.429,1.48305,1.48349,1.50,1.00
2015.03.09 07:15:37.530,1.48305,1.48347,2.02,1.00
2015.03.09 07:15:38.035,1.48308,1.48347,1.37,1.00
2015.03.09 07:15:38.712,1.48309,1.48347,1.37,1.00
2015.03.09 07:15:40.037,1.48309,1.48349,1.37,1.00
2015.03.09 07:15:40.189,1.48311,1.4835,1.86,1.00
2015.03.09 07:15:40.290,1.48313,1.4835,1.57,1.00
2015.03.09 07:15:40.788,1.48311,1.48349,1.87,1.00
2015.03.09 07:15:40.889,1.48315,1.48349,1.37,1.00
2015.03.09 07:15:41.092,1.48316,1.48349,1.82,1.00
2015.03.09 07:15:41.143,1.48316,1.48351,1.82,1.00
2015.03.09 07:15:41.658,1.48317,1.48351,1.05,1.00
2015.03.09 07:15:42.217,1.48316,1.4835,1.86,1.00
2015.03.09 07:15:42.278,1.48316,1.4835,1.37,1.00
2015.03.09 07:15:42.380,1.48318,1.4835,1.46,1.00
2015.03.09 07:15:42.693,1.48311,1.48352,1.99,1.00
2015.03.09 07:15:43.396,1.48313,1.48352,1.37,1.00
2015.03.09 07:15:43.999,1.48318,1.48352,1.57,1.00
2015.03.09 07:15:45.228,1.48313,1.48352,1.46,1.00
2015.03.09 07:15:46.141,1.4831,1.48352,1.87,1.00
2015.03.09 07:15:46.243,1.48318,1.48342,1.37,1.00
2015.03.09 07:15:46.344,1.48313,1.48342,1.37,1.00
2015.03.09 07:15:46.446,1.48313,1.48351,1.37,1.00
2015.03.09 07:15:46.550,1.4831,1.48351,1.37,1.00
2015.03.09 07:15:46.651,1.48315,1.48351,1.37,1.00
2015.03.09 07:15:48.552,1.48307,1.48346,1.27,1.00
2015.03.09 07:15:48.653,1.48306,1.48346,1.37,1.00
2015.03.09 07:15:48.727,1.48306,1.4835,1.37,1.00
2015.03.09 07:15:48.778,1.48308,1.4835,1.46,1.00
2015.03.09 07:15:49.110,1.48313,1.4835,1.42,1.00
2015.03.09 07:15:49.873,1.48315,1.48351,1.37,1.00
2015.03.09 07:15:53.172,1.48312,1.48352,1.80,1.00
2015.03.09 07:15:54.605,1.48311,1.48352,1.87,1.00
2015.03.09 07:15:54.660,1.48311,1.48352,1.50,1.00
2015.03.09 07:15:55.013,1.48311,1.4835,1.00,1.00
2015.03.09 07:15:56.668,1.48311,1.48353,1.75,1.00
2015.03.09 07:15:56.769,1.48311,1.48353,1.12,1.00
2015.03.09 07:15:56.870,1.48311,1.48351,1.12,1.00
2015.03.09 07:15:58.588,1.4831,1.48351,1.00,1.00
2015.03.09 07:15:59.115,1.48311,1.48351,1.00,1.00
2015.03.09 07:15:59.427,1.48315,1.48351,1.00,1.00
2015.03.09 07:15:59.731,1.4833,1.4837,1.00,1.00
2015.03.09 07:15:59.782,1.48319,1.4837,1.37,1.12
2015.03.09 07:15:59.883,1.48318,1.48356,1.12,1.00
2015.03.09 07:15:59.985,1.48316,1.48356,1.00,1.00
2015.03.09 07:16:00.086,1.48313,1.48353,1.00,1.00
2015.03.09 07:16:00.543,1.48313,1.48351,1.00,1.00
2015.03.09 07:16:00.696,1.48311,1.48351,1.12,1.00
2015.03.09 07:16:01.204,1.4831,1.48351,1.12,1.00
2015.03.09 07:16:04.801,1.4831,1.48348,1.00,1.00
2015.03.09 07:16:04.852,1.48307,1.48348,1.37,1.00
2015.03.09 07:16:04.903,1.48306,1.48348,1.50,1.00
2015.03.09 07:16:05.055,1.48307,1.48342,1.00,1.00
2015.03.09 07:16:05.106,1.48303,1.48342,1.00,1.00
2015.03.09 07:16:05.157,1.48298,1.48338,1.12,1.00
2015.03.09 07:16:05.208,1.48298,1.48338,1.37,1.00
2015.03.09 07:16:06.138,1.48301,1.48338,1.00,1.00
2015.03.09 07:16:07.248,1.48305,1.48338,1.00,1.00
2015.03.09 07:16:07.350,1.483,1.48339,1.00,1.50
2015.03.09 07:16:07.552,1.48301,1.48332,1.00,1.00
2015.03.09 07:16:07.809,1.48305,1.4834,1.00,1.00
2015.03.09 07:16:07.911,1.48303,1.4834,1.00,1.00
2015.03.09 07:16:08.013,1.48306,1.4834,1.00,1.00
2015.03.09 07:16:08.234,1.48303,1.4834,1.00,1.00
2015.03.09 07:16:08.488,1.48305,1.4834,1.00,1.00
2015.03.09 07:16:08.792,1.48303,1.4834,1.12,1.00
2015.03.09 07:16:09.099,1.48311,1.4834,1.00,1.00
2015.03.09 07:16:09.403,1.48316,1.48344,1.15,1.00
2015.03.09 07:16:10.291,1.48315,1.48346,2.25,1.10
2015.03.09 07:16:10.342,1.48317,1.48346,2.25,1.00
2015.03.09 07:16:10.646,1.48323,1.48354,2.25,1.00
2015.03.09 07:16:11.177,1.48325,1.48355,1.15,1.00
2015.03.09 07:16:11.329,1.48328,1.48355,2.17,1.00
2015.03.09 07:16:11.532,1.48331,1.48358,1.17,1.00
2015.03.09 07:16:12.038,1.48328,1.48359,2.25,1.00
2015.03.09 07:16:12.816,1.48328,1.48358,2.25,1.00
2015.03.09 07:16:14.328,1.48327,1.48358,2.25,1.10
2015.03.09 07:16:14.429,1.48325,1.48358,4.35,1.20
2015.03.09 07:16:15.930,1.48325,1.48356,2.17,2.17
2015.03.09 07:16:16.032,1.4832,1.48356,3.00,2.25
2015.03.09 07:16:16.234,1.4832,1.48347,2.25,1.00
2015.03.09 07:16:16.487,1.48317,1.48347,2.25,1.00
2015.03.09 07:16:16.540,1.48316,1.48346,2.17,2.17
2015.03.09 07:16:16.590,1.4831,1.48346,2.25,2.25
2015.03.09 07:16:16.743,1.48308,1.48343,5.10,2.17
2015.03.09 07:16:16.895,1.48293,1.48329,2.62,2.25
2015.03.09 07:16:16.946,1.48291,1.48321,2.55,2.17
2015.03.09 07:16:17.031,1.48285,1.48321,2.25,2.25
2015.03.09 07:16:17.083,1.48292,1.48323,2.17,2.17
2015.03.09 07:16:17.135,1.48292,1.48329,2.25,2.25
2015.03.09 07:16:17.186,1.48294,1.4833,2.25,2.25
2015.03.09 07:16:17.693,1.48294,1.48331,4.35,4.35
2015.03.09 07:16:19.371,1.48298,1.48331,2.25,2.25
2015.03.09 07:16:19.422,1.48298,1.48333,2.25,2.25
2015.03.09 07:16:20.408,1.48298,1.48333,3.00,2.25
2015.03.09 07:16:20.459,1.48304,1.48334,1.07,2.17
2015.03.09 07:16:20.510,1.48304,1.48339,1.52,2.25
2015.03.09 07:16:20.561,1.48309,1.48341,2.17,2.17
2015.03.09 07:16:20.612,1.48309,1.48343,4.35,1.15
2015.03.09 07:16:25.177,1.48309,1.48341,4.35,1.00
2015.03.09 07:16:25.229,1.48304,1.48339,2.25,2.25
2015.03.09 07:16:28.787,1.48307,1.48341,2.17,2.25
2015.03.09 07:16:28.838,1.48307,1.48345,2.25,2.25
2015.03.09 07:16:29.306,1.48311,1.48346,2.17,2.25
2015.03.09 07:16:29.844,1.48311,1.48347,2.25,3.00
2015.03.09 07:16:31.052,1.48311,1.48345,2.25,2.25
2015.03.09 07:16:31.103,1.48307,1.48343,4.35,1.15
2015.03.09 07:16:31.457,1.48312,1.48345,2.17,2.17
2015.03.09 07:16:31.508,1.48314,1.48347,2.25,1.17
2015.03.09 07:16:32.784,1.48315,1.48349,2.25,2.92
2015.03.09 07:16:32.835,1.48317,1.48349,2.25,1.07
2015.03.09 07:16:34.599,1.48319,1.48348,2.25,1.10
2015.03.09 07:16:34.953,1.48319,1.48351,4.35,1.00
2015.03.09 07:16:36.701,1.48319,1.4835,4.35,1.00
2015.03.09 07:16:41.523,1.48319,1.4835,2.17,1.07
2015.03.09 07:16:41.574,1.48315,1.4835,2.25,1.65
2015.03.09 07:16:45.222,1.48315,1.48348,2.25,3.00
2015.03.09 07:16:45.273,1.48312,1.48347,2.25,2.25
2015.03.09 07:16:49.837,1.48314,1.48347,2.25,2.25
2015.03.09 07:16:49.888,1.48315,1.4835,2.25,3.00
2015.03.09 07:16:54.147,1.48315,1.48348,2.17,2.25
2015.03.09 07:16:54.199,1.48311,1.48347,3.00,2.25
2015.03.09 07:16:56.332,1.48314,1.48347,2.25,2.17
2015.03.09 07:16:56.383,1.48315,1.48348,2.25,1.17
2015.03.09 07:16:57.278,1.48327,1.48349,2.25,1.00
2015.03.09 07:16:57.329,1.48327,1.48352,2.25,1.00
2015.03.09 07:16:57.380,1.48321,1.48352,2.25,1.10
2015.03.09 07:16:57.482,1.48317,1.48352,4.35,1.15
2015.03.09 07:17:01.347,1.4832,1.48352,2.25,1.07
2015.03.09 07:17:01.860,1.48321,1.48352,2.25,1.10
2015.03.09 07:17:03.693,1.48324,1.48355,2.25,1.00
2015.03.09 07:17:03.995,1.48327,1.48361,2.25,1.15
2015.03.09 07:17:04.299,1.4833,1.48365,2.25,3.00
2015.03.09 07:17:07.982,1.4833,1.48363,2.17,1.15
2015.03.09 07:17:08.034,1.48326,1.48362,2.25,2.25
2015.03.09 07:17:20.032,1.48326,1.48356,2.25,1.00
2015.03.09 07:17:20.440,1.48328,1.48355,2.25,1.00
2015.03.09 07:17:21.005,1.48328,1.48356,4.35,1.00
2015.03.09 07:17:24.068,1.48328,1.48358,4.35,1.12
2015.03.09 07:17:24.169,1.48328,1.48353,4.35,1.00
2015.03.09 07:17:24.220,1.48325,1.48353,2.25,1.00
2015.03.09 07:17:24.378,1.48325,1.48357,2.25,1.00
2015.03.09 07:17:24.429,1.48333,1.48357,1.00,1.00
2015.03.09 07:17:24.530,1.48342,1.48377,2.25,1.15
2015.03.09 07:17:24.682,1.48352,1.48378,1.00,2.25
2015.03.09 07:17:24.835,1.48363,1.484,1.15,4.72
2015.03.09 07:17:24.886,1.48375,1.484,1.00,4.72
2015.03.09 07:17:25.189,1.4841,1.48424,1.00,2.25
2015.03.09 07:17:25.240,1.48408,1.48432,1.00,1.37
2015.03.09 07:17:25.291,1.48408,1.48441,1.00,1.00
2015.03.09 07:17:25.342,1.48408,1.48445,1.00,1.12
2015.03.09 07:17:25.393,1.48408,1.48447,1.00,1.00
2015.03.09 07:17:25.495,1.48408,1.48451,1.00,1.00
2015.03.09 07:17:25.546,1.48405,1.48451,1.00,1.00
2015.03.09 07:17:25.749,1.48402,1.48451,1.00,1.00
2015.03.09 07:17:27.759,1.48404,1.48451,1.00,1.50
2015.03.09 07:17:35.107,1.48402,1.48451,1.00,1.00
2015.03.09 07:17:36.234,1.48403,1.48451,1.00,1.00
2015.03.09 07:17:36.393,1.48398,1.48451,1.17,1.00
2015.03.09 07:17:36.501,1.48397,1.48449,1.15,1.00
2015.03.09 07:17:36.703,1.48401,1.48452,1.00,1.87
2015.03.09 07:17:37.285,1.484,1.48452,1.10,1.87
2015.03.09 07:17:38.146,1.48396,1.48449,3.00,1.00
2015.03.09 07:17:46.405,1.48398,1.48447,1.17,1.00
2015.03.09 07:17:52.567,1.48397,1.48449,1.15,1.00
2015.03.09 07:17:52.668,1.48397,1.48451,1.65,1.50
2015.03.09 07:17:56.684,1.48399,1.48451,1.00,1.00
2015.03.09 07:17:58.212,1.48401,1.48451,1.12,1.00
2015.03.09 07:17:58.263,1.48403,1.48457,1.00,1.00
2015.03.09 07:17:58.314,1.48405,1.48457,1.00,1.00
2015.03.09 07:17:58.618,1.48397,1.48449,1.00,1.00
2015.03.09 07:17:58.923,1.48396,1.48447,1.00,1.00
2015.03.09 07:17:59.642,1.48395,1.48449,1.50,1.00
2015.03.09 07:17:59.924,1.48395,1.48447,1.00,1.12
2015.03.09 07:18:00.228,1.48394,1.48443,1.00,1.00
2015.03.09 07:18:00.436,1.48392,1.48443,1.00,1.00
2015.03.09 07:18:00.695,1.48392,1.48445,1.00,1.00
2015.03.09 07:18:00.797,1.48392,1.48448,1.50,1.37
2015.03.09 07:18:01.006,1.48393,1.48449,1.00,1.50
2015.03.09 07:18:01.109,1.48396,1.4845,1.00,1.00
2015.03.09 07:18:01.416,1.48398,1.48452,1.00,1.00
2015.03.09 07:18:01.923,1.48396,1.4845,1.00,1.00
2015.03.09 07:18:02.568,1.48394,1.4845,1.50,1.00
2015.03.09 07:18:03.107,1.48396,1.4845,1.00,1.12
2015.03.09 07:18:03.310,1.48394,1.4845,1.50,1.12
2015.03.09 07:18:03.843,1.48394,1.48449,1.00,1.00
2015.03.09 07:18:04.076,1.48396,1.4845,1.00,1.00
2015.03.09 07:18:04.608,1.48394,1.48449,1.00,1.00
2015.03.09 07:18:05.158,1.48394,1.4845,1.00,1.50
2015.03.09 07:18:05.695,1.48395,1.4845,1.00,1.50
2015.03.09 07:18:05.849,1.48397,1.4845,1.00,1.50
2015.03.09 07:18:06.413,1.48399,1.48452,1.00,1.87
2015.03.09 07:18:07.033,1.484,1.48452,1.00,1.00
2015.03.09 07:18:07.332,1.48395,1.48448,3.00,1.00
2015.03.09 07:18:07.858,1.48394,1.48447,1.50,1.00
2015.03.09 07:18:08.596,1.48395,1.48447,1.00,1.00
2015.03.09 07:18:09.116,1.48394,1.48447,1.00,1.00
2015.03.09 07:18:10.358,1.48395,1.48448,1.00,1.00
2015.03.09 07:18:10.468,1.48397,1.4845,1.00,1.00
2015.03.09 07:18:10.569,1.48398,1.48453,1.00,1.47
2015.03.09 07:18:10.776,1.48401,1.48453,1.00,1.47
2015.03.09 07:18:11.094,1.48398,1.48453,1.12,1.57
2015.03.09 07:18:11.348,1.48401,1.48453,1.00,1.57
2015.03.09 07:18:11.948,1.484,1.48453,1.00,1.95
2015.03.09 07:18:12.490,1.48401,1.48453,1.00,1.00
2015.03.09 07:18:13.152,1.484,1.48453,1.50,1.00
2015.03.09 07:18:14.504,1.48401,1.48453,1.00,1.12
2015.03.09 07:18:18.356,1.48398,1.48453,1.00,1.12
2015.03.09 07:18:21.000,1.48401,1.48452,1.00,1.00
2015.03.09 07:18:21.325,1.48398,1.48452,1.00,1.00
2015.03.09 07:18:21.544,1.484,1.48452,1.00,1.00
2015.03.09 07:18:22.086,1.48401,1.48453,1.00,1.50
2015.03.09 07:18:22.620,1.48401,1.48452,1.00,1.00
2015.03.09 07:18:23.307,1.484,1.48452,1.00,1.00
2015.03.09 07:18:23.696,1.48398,1.48453,1.12,1.50
2015.03.09 07:18:23.890,1.48401,1.48453,1.00,1.50
2015.03.09 07:18:23.991,1.48399,1.48453,1.00,1.00
2015.03.09 07:18:24.337,1.48401,1.48453,1.00,1.00
2015.03.09 07:18:24.734,1.48399,1.48453,1.00,1.00
2015.03.09 07:18:25.102,1.48401,1.48453,1.00,1.00
2015.03.09 07:18:25.404,1.48405,1.48453,1.00,1.00
2015.03.09 07:18:25.506,1.484,1.48453,1.00,1.00
2015.03.09 07:18:26.039,1.48399,1.48453,1.00,1.00
2015.03.09 07:18:26.417,1.48406,1.48455,1.00,1.00
2015.03.09 07:18:26.866,1.48402,1.48456,1.12,1.00
2015.03.09 07:18:27.272,1.48406,1.48456,1.00,1.00
2015.03.09 07:18:28.144,1.48402,1.48456,1.87,1.00
2015.03.09 07:18:28.656,1.48404,1.48456,1.00,1.00
2015.03.09 07:18:29.024,1.48406,1.48458,1.00,1.37
2015.03.09 07:18:29.354,1.48404,1.48458,1.00,1.37
2015.03.09 07:18:29.980,1.48404,1.48458,1.00,1.00
2015.03.09 07:18:31.529,1.48403,1.48458,1.12,1.00
2015.03.09 07:18:31.681,1.48405,1.48458,1.00,1.00
2015.03.09 07:18:31.853,1.48403,1.48458,1.87,1.00
2015.03.09 07:18:34.275,1.48404,1.48458,1.00,1.12
2015.03.09 07:18:34.326,1.48406,1.48458,1.00,1.00
2015.03.09 07:18:34.781,1.48402,1.48457,1.45,1.00
2015.03.09 07:18:35.301,1.48402,1.48456,1.07,1.00
2015.03.09 07:18:45.896,1.48402,1.48453,1.07,1.00
2015.03.09 07:18:52.414,1.48399,1.48453,1.17,1.00
2015.03.09 07:18:52.485,1.48399,1.48453,1.10,1.00
2015.03.09 07:18:56.854,1.484,1.48453,1.00,1.00
2015.03.09 07:18:57.360,1.48399,1.48453,1.10,1.00
2015.03.09 07:18:59.094,1.48397,1.48451,2.40,1.00
2015.03.09 07:19:01.305,1.48396,1.4845,1.65,1.00
2015.03.09 07:19:04.081,1.48397,1.4845,1.65,1.00
2015.03.09 07:19:04.182,1.48401,1.48452,1.00,1.00
2015.03.09 07:19:04.284,1.48401,1.48454,1.50,1.00
2015.03.09 07:19:04.637,1.48402,1.48454,1.37,1.00
2015.03.09 07:19:05.309,1.48402,1.48455,1.37,1.00
2015.03.09 07:19:12.385,1.48402,1.48454,1.37,1.00
2015.03.09 07:19:12.880,1.48401,1.48453,1.00,1.00
2015.03.09 07:19:13.033,1.48398,1.48452,1.57,1.00
2015.03.09 07:19:14.674,1.48401,1.48452,1.00,1.00
2015.03.09 07:19:15.926,1.48398,1.48452,1.07,1.00
2015.03.09 07:19:17.646,1.484,1.48452,1.00,1.00
2015.03.09 07:19:18.350,1.48398,1.48452,1.57,1.00
2015.03.09 07:19:19.096,1.48401,1.48452,1.00,1.00
2015.03.09 07:19:19.298,1.48396,1.48452,3.52,1.00
2015.03.09 07:19:20.834,1.484,1.48452,1.00,1.00
2015.03.09 07:19:23.583,1.48398,1.48452,1.07,1.00
2015.03.09 07:19:27.522,1.48398,1.4845,1.07,1.00
2015.03.09 07:19:28.061,1.484,1.4845,1.00,1.00
2015.03.09 07:19:28.567,1.48396,1.48449,1.15,1.00
2015.03.09 07:19:29.192,1.48396,1.48448,1.15,1.00
2015.03.09 07:19:33.473,1.48396,1.48448,1.87,1.00
2015.03.09 07:19:34.467,1.48396,1.48448,1.87,1.00
2015.03.09 07:19:34.518,1.48407,1.48448,1.00,1.00
2015.03.09 07:19:34.569,1.48407,1.4846,1.50,1.07
2015.03.09 07:19:34.620,1.48407,1.48463,1.50,1.87
2015.03.09 07:19:34.873,1.4841,1.48465,1.87,1.37
2015.03.09 07:19:35.285,1.48411,1.48465,1.37,1.37
2015.03.09 07:19:36.404,1.4841,1.48458,1.37,1.00
2015.03.09 07:19:36.505,1.48405,1.48459,2.25,1.87
2015.03.09 07:19:36.556,1.48405,1.48455,2.25,1.00
2015.03.09 07:19:36.759,1.48405,1.48457,2.25,1.00
2015.03.09 07:19:37.261,1.48405,1.48458,1.50,1.00
2015.03.09 07:19:38.992,1.48406,1.48458,1.00,1.00
2015.03.09 07:19:40.203,1.48423,1.48459,1.00,1.00
2015.03.09 07:19:40.255,1.48423,1.48469,1.37,1.37
2015.03.09 07:19:40.306,1.48429,1.48478,1.37,1.57
2015.03.09 07:19:40.407,1.48428,1.48482,1.00,3.00
2015.03.09 07:19:40.509,1.48432,1.48483,1.00,2.17
2015.03.09 07:19:40.560,1.48432,1.48486,1.00,1.00
2015.03.09 07:19:40.611,1.48437,1.48486,1.00,1.00
2015.03.09 07:19:40.930,1.48443,1.48488,1.00,1.00
2015.03.09 07:19:41.437,1.48442,1.48489,1.00,1.00
2015.03.09 07:19:42.267,1.48442,1.4849,1.00,1.00
2015.03.09 07:19:42.597,1.48442,1.4849,1.00,1.37
2015.03.09 07:19:43.272,1.48442,1.48493,1.00,1.17
2015.03.09 07:19:43.424,1.48442,1.48494,1.00,1.12
2015.03.09 07:19:43.931,1.48443,1.48496,1.00,1.37
2015.03.09 07:19:44.203,1.48443,1.48496,1.00,1.12
2015.03.09 07:19:44.314,1.48441,1.48495,2.25,1.37
2015.03.09 07:19:47.122,1.48441,1.48493,1.00,1.87
2015.03.09 07:19:47.173,1.48436,1.48491,1.50,1.37
2015.03.09 07:19:47.693,1.48435,1.48491,2.25,1.37
2015.03.09 07:19:47.946,1.48435,1.48485,1.50,1.00
2015.03.09 07:19:48.258,1.48436,1.48488,1.20,1.00
2015.03.09 07:19:48.562,1.48441,1.48488,1.00,1.00
2015.03.09 07:19:49.091,1.48436,1.48488,3.37,1.00
2015.03.09 07:19:50.148,1.48441,1.48488,1.00,1.00
2015.03.09 07:19:51.302,1.48436,1.48488,3.75,1.00
2015.03.09 07:19:51.539,1.48435,1.48487,1.37,1.00
2015.03.09 07:19:51.590,1.48431,1.48481,1.37,1.37
2015.03.09 07:19:51.641,1.48431,1.48481,1.00,1.37
2015.03.09 07:19:51.692,1.48431,1.48477,1.37,1.00
2015.03.09 07:19:53.209,1.4843,1.48477,1.95,1.00
2015.03.09 07:19:53.514,1.4843,1.48474,1.47,1.00
2015.03.09 07:19:53.818,1.48418,1.48472,1.07,1.50
2015.03.09 07:19:54.630,1.48417,1.48465,1.17,1.00
2015.03.09 07:19:54.934,1.48416,1.48462,1.15,1.00
2015.03.09 07:19:55.245,1.48416,1.48453,1.07,1.00
2015.03.09 07:19:55.296,1.48413,1.48453,1.00,1.00
2015.03.09 07:19:55.348,1.48411,1.48453,1.00,1.00
2015.03.09 07:19:55.608,1.48405,1.48452,1.65,1.00
2015.03.09 07:19:55.710,1.48406,1.48454,1.15,1.12
2015.03.09 07:19:57.248,1.4841,1.48455,1.00,1.37
2015.03.09 07:19:57.359,1.48405,1.48455,1.65,1.37
2015.03.09 07:19:58.915,1.4841,1.48455,1.00,1.37
2015.03.09 07:20:00.553,1.48411,1.48455,1.00,1.00
2015.03.09 07:20:00.807,1.48411,1.48458,1.00,1.50
2015.03.09 07:20:01.974,1.48408,1.48458,1.00,1.50
2015.03.09 07:20:03.307,1.48411,1.48458,1.00,1.50
2015.03.09 07:20:03.849,1.48415,1.48458,1.00,1.00
2015.03.09 07:20:04.001,1.48408,1.48458,1.00,1.00
2015.03.09 07:20:04.545,1.48408,1.48459,1.00,1.12
2015.03.09 07:20:06.536,1.48409,1.4846,1.00,1.37
2015.03.09 07:20:07.730,1.48409,1.4846,1.37,1.37
2015.03.09 07:20:08.176,1.48416,1.4846,1.00,1.12
2015.03.09 07:20:08.730,1.48421,1.4846,1.00,1.12
2015.03.09 07:20:09.140,1.48411,1.4846,1.37,1.37
2015.03.09 07:20:09.649,1.48411,1.4846,1.00,1.37
2015.03.09 07:20:10.445,1.4841,1.4846,1.12,1.37
2015.03.09 07:20:11.695,1.4841,1.48459,1.50,1.20
2015.03.09 07:20:12.698,1.48409,1.48459,1.37,1.27
2015.03.09 07:20:13.282,1.48409,1.48461,1.75,3.37
2015.03.09 07:20:14.241,1.48411,1.48461,1.00,3.37
2015.03.09 07:20:14.758,1.48409,1.48461,1.50,3.00
2015.03.09 07:20:15.617,1.48409,1.48461,1.12,3.00
2015.03.09 07:20:17.974,1.48411,1.48461,1.37,3.00
2015.03.09 07:20:21.798,1.48411,1.48461,1.37,2.25
2015.03.09 07:20:21.899,1.48411,1.48461,1.00,2.25
2015.03.09 07:20:22.769,1.48411,1.4846,1.37,1.15
2015.03.09 07:20:23.295,1.48411,1.4846,1.37,1.15
2015.03.09 07:20:23.801,1.48411,1.4846,1.00,1.15
2015.03.09 07:20:24.279,1.48411,1.4846,1.37,1.15
2015.03.09 07:20:24.838,1.48411,1.4846,1.37,1.15
2015.03.09 07:20:27.944,1.48411,1.48457,1.00,1.10
2015.03.09 07:20:28.155,1.48408,1.48458,1.12,1.17
2015.03.09 07:20:28.534,1.4841,1.48457,1.00,1.10
2015.03.09 07:20:29.374,1.48411,1.48461,1.00,2.25
2015.03.09 07:20:29.898,1.48411,1.48461,1.37,2.25
2015.03.09 07:20:31.775,1.48411,1.48463,1.37,1.07
2015.03.09 07:20:32.317,1.48411,1.48463,2.25,1.07
2015.03.09 07:20:32.620,1.48419,1.48466,1.00,2.25
2015.03.09 07:20:36.533,1.48417,1.48466,1.00,2.25
2015.03.09 07:20:37.694,1.48417,1.48466,1.37,2.25
2015.03.09 07:20:39.472,1.48417,1.48466,1.50,2.62
2015.03.09 07:20:39.676,1.48416,1.48466,1.00,2.62
2015.03.09 07:20:39.727,1.48414,1.48466,1.00,2.62
2015.03.09 07:20:40.857,1.48414,1.48466,1.75,2.25
2015.03.09 07:20:41.277,1.48421,1.48455,1.00,1.00
2015.03.09 07:20:41.786,1.48418,1.48455,1.87,1.00
2015.03.09 07:20:46.763,1.48418,1.4845,1.87,1.00
2015.03.09 07:20:46.814,1.48418,1.4845,1.00,1.00
2015.03.09 07:20:46.865,1.48415,1.4845,1.00,1.00
2015.03.09 07:20:47.017,1.48414,1.48445,1.00,1.00
2015.03.09 07:20:47.119,1.4841,1.48445,1.00,1.00
2015.03.09 07:20:47.220,1.4841,1.48441,1.00,1.00
2015.03.09 07:20:47.322,1.48405,1.48439,1.12,1.00
2015.03.09 07:20:47.525,1.48401,1.48439,1.50,1.00
2015.03.09 07:20:47.883,1.48405,1.48439,1.00,1.00
2015.03.09 07:20:47.984,1.48401,1.48439,1.37,1.00
2015.03.09 07:20:48.085,1.48406,1.48439,1.00,1.00
2015.03.09 07:20:48.553,1.48401,1.48439,1.00,1.00
2015.03.09 07:20:48.614,1.48406,1.48439,1.00,1.00
2015.03.09 07:20:48.766,1.48401,1.48439,1.37,1.00
2015.03.09 07:20:52.465,1.48405,1.48439,1.00,1.00
2015.03.09 07:20:52.822,1.48405,1.48441,1.00,1.00
2015.03.09 07:20:53.913,1.48402,1.4844,1.12,1.00
2015.03.09 07:20:54.134,1.48405,1.4844,1.00,1.00
2015.03.09 07:20:56.361,1.48406,1.4844,1.00,1.00
2015.03.09 07:20:56.463,1.48402,1.4844,1.37,1.00
2015.03.09 07:20:56.676,1.48406,1.4844,1.00,1.00
2015.03.09 07:20:56.864,1.48402,1.4844,1.12,1.00
2015.03.09 07:20:57.856,1.48401,1.4844,1.87,1.00
2015.03.09 07:20:58.888,1.48406,1.48442,1.00,1.00
2015.03.09 07:20:59.092,1.48401,1.48442,1.37,1.00
2015.03.09 07:20:59.143,1.484,1.48442,1.00,1.00
2015.03.09 07:20:59.194,1.484,1.48438,1.00,1.00
2015.03.09 07:20:59.498,1.48395,1.48427,1.37,1.00
2015.03.09 07:21:00.126,1.48392,1.48427,1.00,1.00
2015.03.09 07:21:00.932,1.48396,1.48427,1.00,1.00
2015.03.09 07:21:02.977,1.48396,1.48427,1.37,1.00
2015.03.09 07:21:03.558,1.48396,1.48427,1.00,1.00
2015.03.09 07:21:04.893,1.48395,1.48427,1.00,1.00
2015.03.09 07:21:05.343,1.48401,1.48427,1.00,1.00
2015.03.09 07:21:05.698,1.48396,1.48425,1.00,1.00
2015.03.09 07:21:05.800,1.4839,1.48421,1.75,1.00
2015.03.09 07:21:06.420,1.4839,1.48421,1.87,1.00
2015.03.09 07:21:06.577,1.4839,1.48425,1.12,1.00
2015.03.09 07:21:06.781,1.48391,1.48425,1.00,1.00
2015.03.09 07:21:06.832,1.48389,1.4842,1.50,1.00
2015.03.09 07:21:07.173,1.48396,1.4842,1.00,1.00
2015.03.09 07:21:07.578,1.48392,1.4842,1.00,1.00
2015.03.09 07:21:08.118,1.48393,1.4842,1.00,1.00
2015.03.09 07:21:09.189,1.48392,1.4842,1.00,1.00
2015.03.09 07:21:09.240,1.48392,1.48423,1.00,1.00
2015.03.09 07:21:10.114,1.48393,1.48423,1.00,1.00
2015.03.09 07:21:10.216,1.48393,1.48421,1.00,1.00
2015.03.09 07:21:10.531,1.48393,1.48423,1.00,1.00
2015.03.09 07:21:11.125,1.48392,1.48423,1.12,1.00
2015.03.09 07:21:11.884,1.48392,1.4842,1.00,1.00
2015.03.09 07:21:18.117,1.48392,1.48421,1.12,1.00
2015.03.09 07:21:18.620,1.48393,1.48421,1.00,1.00
2015.03.09 07:21:19.015,1.48392,1.48423,1.12,1.00
2015.03.09 07:21:19.218,1.48388,1.4842,2.25,1.00
2015.03.09 07:21:19.526,1.48388,1.48419,1.00,1.00
2015.03.09 07:21:19.627,1.48387,1.48419,1.37,1.00
2015.03.09 07:21:19.931,1.48389,1.48419,1.50,1.00
2015.03.09 07:21:22.339,1.48389,1.4842,1.50,1.00
2015.03.09 07:21:26.175,1.48389,1.48418,1.50,1.00
2015.03.09 07:21:27.224,1.48391,1.48418,1.00,1.00
2015.03.09 07:21:27.378,1.48389,1.48418,1.50,1.00
2015.03.09 07:21:37.247,1.48389,1.48418,1.87,1.00
2015.03.09 07:21:37.298,1.48391,1.48424,1.37,1.00
2015.03.09 07:21:37.348,1.48396,1.48424,1.37,1.00
2015.03.09 07:21:37.501,1.48403,1.48436,1.00,1.00
2015.03.09 07:21:37.552,1.48408,1.48436,1.00,1.00
2015.03.09 07:21:37.704,1.48408,1.48441,1.00,1.00
2015.03.09 07:21:37.806,1.4841,1.48441,1.00,1.00
2015.03.09 07:21:38.110,1.48415,1.48444,1.00,1.00
2015.03.09 07:21:38.313,1.4841,1.48443,1.50,1.00
2015.03.09 07:21:38.920,1.48406,1.48439,1.50,1.00
2015.03.09 07:21:39.254,1.48405,1.48436,1.00,1.00
2015.03.09 07:21:40.534,1.48406,1.48436,1.00,1.00
2015.03.09 07:21:43.773,1.48405,1.48436,1.00,1.00
2015.03.09 07:21:45.594,1.4841,1.48436,1.00,1.00
2015.03.09 07:21:45.754,1.48405,1.48436,1.00,1.00
2015.03.09 07:21:47.385,1.48405,1.48436,1.50,1.00
2015.03.09 07:21:47.686,1.48405,1.48436,1.12,1.00
2015.03.09 07:21:50.323,1.48405,1.48436,1.20,1.07
2015.03.09 07:21:50.374,1.48405,1.48432,1.20,1.00
2015.03.09 07:21:50.906,1.48405,1.48432,1.27,1.00
2015.03.09 07:21:58.151,1.48405,1.4843,1.17,1.00
2015.03.09 07:21:58.354,1.48397,1.48429,2.25,1.10
2015.03.09 07:21:58.412,1.48397,1.48425,2.25,1.00
2015.03.09 07:21:58.463,1.48393,1.48425,1.37,1.00
2015.03.09 07:21:58.514,1.48383,1.48421,1.12,1.00
2015.03.09 07:21:58.768,1.48376,1.48415,1.50,1.00
2015.03.09 07:21:58.819,1.48376,1.48411,1.00,1.00
2015.03.09 07:21:59.135,1.48371,1.48408,1.37,1.00
2015.03.09 07:21:59.439,1.48371,1.48405,1.37,1.00
2015.03.09 07:21:59.902,1.48376,1.48405,1.00,1.00
2015.03.09 07:22:00.004,1.4837,1.48405,1.75,1.00
2015.03.09 07:22:00.420,1.48368,1.48405,1.00,1.00
2015.03.09 07:22:00.572,1.48371,1.48405,1.00,1.00
2015.03.09 07:22:00.777,1.48368,1.48405,1.12,1.50
2015.03.09 07:22:00.929,1.48361,1.48399,1.75,1.00
2015.03.09 07:22:01.182,1.48356,1.48391,1.00,1.00
2015.03.09 07:22:01.335,1.48351,1.48392,1.37,1.00
2015.03.09 07:22:01.798,1.48356,1.48392,1.00,1.00
2015.03.09 07:22:02.352,1.48355,1.48392,1.00,1.00
2015.03.09 07:22:06.202,1.48356,1.48392,1.00,1.00
2015.03.09 07:22:07.372,1.48351,1.48392,1.00,1.00
2015.03.09 07:22:10.706,1.48346,1.48392,1.00,1.00
2015.03.09 07:22:12.363,1.48351,1.48392,1.00,1.00
2015.03.09 07:22:13.428,1.4835,1.48392,1.00,1.00
2015.03.09 07:22:13.534,1.48346,1.48392,1.12,1.00
2015.03.09 07:22:14.915,1.48346,1.48387,1.12,1.00
2015.03.09 07:22:21.972,1.4834,1.48387,1.75,1.00
2015.03.09 07:22:24.351,1.48346,1.48387,1.00,1.00
2015.03.09 07:22:26.971,1.48346,1.48386,1.00,1.00
2015.03.09 07:22:31.394,1.48345,1.48386,1.00,1.00
2015.03.09 07:22:31.903,1.48346,1.48386,1.00,1.00
2015.03.09 07:22:35.680,1.48341,1.48386,1.12,1.00
2015.03.09 07:22:35.883,1.48346,1.48386,1.00,1.00
2015.03.09 07:22:36.035,1.48344,1.48387,1.50,1.00
2015.03.09 07:22:36.086,1.48346,1.48387,1.00,1.00
2015.03.09 07:22:36.137,1.48346,1.48391,1.00,1.00
2015.03.09 07:22:36.339,1.48346,1.48386,1.00,1.00
2015.03.09 07:22:36.541,1.48346,1.48388,1.00,1.00
2015.03.09 07:22:36.855,1.48341,1.48388,1.37,1.00
2015.03.09 07:22:36.906,1.48341,1.48385,1.37,1.00
2015.03.09 07:22:37.722,1.48341,1.48385,1.37,1.00
2015.03.09 07:22:37.975,1.48346,1.4839,1.00,1.00
2015.03.09 07:22:39.413,1.48345,1.48392,1.37,1.00
2015.03.09 07:22:40.543,1.48346,1.48392,1.37,1.00
2015.03.09 07:22:41.843,1.4835,1.48392,1.00,1.00
2015.03.09 07:22:41.946,1.48345,1.4839,2.25,1.00
2015.03.09 07:22:42.855,1.48346,1.4839,1.12,1.00
2015.03.09 07:22:42.906,1.48345,1.48385,1.37,1.00
2015.03.09 07:22:43.211,1.48335,1.48378,1.37,1.00
2015.03.09 07:22:43.313,1.48327,1.48376,1.37,1.00
2015.03.09 07:22:43.364,1.48331,1.48378,1.00,1.00
2015.03.09 07:22:43.465,1.48326,1.48378,1.00,1.00
2015.03.09 07:22:43.567,1.48321,1.48377,1.00,1.10
2015.03.09 07:22:44.145,1.48326,1.48377,1.00,1.10
2015.03.09 07:22:45.444,1.4832,1.48377,1.50,1.10
2015.03.09 07:22:45.547,1.48326,1.48374,1.00,1.00
2015.03.09 07:22:46.003,1.4832,1.48374,1.00,1.00
2015.03.09 07:22:46.205,1.48321,1.48372,1.00,1.00
2015.03.09 07:22:46.422,1.48321,1.48379,1.00,1.52
2015.03.09 07:22:46.473,1.48325,1.48379,1.00,1.52
2015.03.09 07:22:46.676,1.48322,1.48379,1.12,1.52
2015.03.09 07:22:47.346,1.48326,1.48379,1.00,1.52
2015.03.09 07:22:47.521,1.48321,1.4838,1.37,1.52
2015.03.09 07:22:47.659,1.48326,1.4838,1.00,1.52
2015.03.09 07:22:48.562,1.4832,1.4838,2.25,1.52
2015.03.09 07:22:48.842,1.48326,1.48377,1.00,1.20
2015.03.09 07:22:49.415,1.48326,1.48376,1.00,1.00
2015.03.09 07:22:49.832,1.48322,1.48377,1.00,1.20
2015.03.09 07:22:50.735,1.4832,1.48377,1.50,1.20
2015.03.09 07:22:50.943,1.48321,1.48375,1.00,1.00
2015.03.09 07:22:51.300,1.48316,1.48375,1.87,1.00
2015.03.09 07:22:51.402,1.4832,1.48377,1.00,1.20
2015.03.09 07:22:51.705,1.48317,1.48374,1.37,1.12
2015.03.09 07:22:51.807,1.48316,1.48373,1.50,1.00
2015.03.09 07:22:52.328,1.48316,1.48375,1.00,1.37
2015.03.09 07:22:52.558,1.48316,1.48375,1.00,1.75
2015.03.09 07:22:52.889,1.48321,1.48375,1.00,1.75
2015.03.09 07:22:53.159,1.48315,1.48375,1.50,1.75
2015.03.09 07:22:53.210,1.48315,1.48375,1.50,1.37
2015.03.09 07:22:54.400,1.48315,1.48375,1.50,1.75
2015.03.09 07:22:57.089,1.48316,1.48375,1.00,1.75
2015.03.09 07:22:57.530,1.48315,1.48369,1.00,1.00
2015.03.09 07:22:57.834,1.48316,1.48371,1.00,4.35
2015.03.09 07:22:58.429,1.48314,1.48371,1.00,5.10
2015.03.09 07:22:58.733,1.48321,1.48371,1.00,4.35
2015.03.09 07:23:01.277,1.48316,1.48371,1.00,4.72
2015.03.09 07:23:02.392,1.48321,1.48371,1.00,4.35
2015.03.09 07:23:03.050,1.48312,1.48369,1.12,1.15
2015.03.09 07:23:03.533,1.48313,1.48371,2.25,5.10
2015.03.09 07:23:03.901,1.48325,1.48371,1.00,4.35
2015.03.09 07:23:03.952,1.4832,1.48371,1.00,4.35
2015.03.09 07:23:04.062,1.48314,1.48371,1.00,4.35
2015.03.09 07:23:04.265,1.48316,1.48371,1.00,4.35
2015.03.09 07:23:04.818,1.48317,1.48371,1.00,4.35
2015.03.09 07:23:05.348,1.48318,1.48371,1.00,4.35
2015.03.09 07:23:05.882,1.48317,1.48371,1.00,4.35
2015.03.09 07:23:06.187,1.48319,1.48371,1.00,4.72
2015.03.09 07:23:06.339,1.48317,1.48371,1.00,4.35
2015.03.09 07:23:06.390,1.48317,1.48371,1.37,4.35
2015.03.09 07:23:06.760,1.48318,1.48371,1.65,4.35
2015.03.09 07:23:06.811,1.48317,1.48371,1.37,4.35
2015.03.09 07:23:06.912,1.48317,1.48369,2.76,1.15
2015.03.09 07:23:07.253,1.48323,1.48371,1.27,4.35
2015.03.09 07:23:07.623,1.48323,1.48371,1.00,4.35
2015.03.09 07:23:07.775,1.48321,1.48375,1.37,1.10
2015.03.09 07:23:08.321,1.48323,1.48375,1.09,1.10
2015.03.09 07:23:08.730,1.48321,1.48375,1.37,1.10
2015.03.09 07:23:08.834,1.48321,1.48371,1.37,2.17
2015.03.09 07:23:09.139,1.48311,1.48352,1.37,1.00
2015.03.09 07:23:09.442,1.48309,1.48348,1.37,1.00
2015.03.09 07:23:09.595,1.48306,1.48348,1.37,1.00
2015.03.09 07:23:09.696,1.48305,1.48346,1.37,1.00
2015.03.09 07:23:10.101,1.48306,1.48343,1.37,1.00
2015.03.09 07:23:10.202,1.483,1.48341,1.92,1.00
2015.03.09 07:23:10.707,1.48301,1.48341,1.47,1.00
2015.03.09 07:23:11.552,1.48303,1.48329,1.00,1.00
2015.03.09 07:23:11.603,1.48296,1.48329,1.12,1.00
2015.03.09 07:23:11.857,1.48295,1.48334,1.37,1.00
2015.03.09 07:23:11.908,1.48295,1.48334,1.75,1.00
2015.03.09 07:23:12.009,1.48295,1.48334,1.37,1.00
2015.03.09 07:23:12.511,1.48291,1.48334,2.32,1.00
2015.03.09 07:23:13.092,1.48291,1.48334,1.47,1.00
2015.03.09 07:23:13.295,1.4829,1.4833,2.40,1.00
2015.03.09 07:23:13.853,1.4829,1.4833,1.65,1.00
2015.03.09 07:23:14.550,1.4829,1.4833,1.92,1.00
2015.03.09 07:23:14.651,1.4829,1.4833,1.00,1.00
2015.03.09 07:23:15.391,1.48291,1.4833,1.00,1.00
2015.03.09 07:23:16.442,1.48286,1.4833,1.37,1.00
2015.03.09 07:23:17.269,1.48286,1.48334,1.12,1.00
2015.03.09 07:23:17.370,1.48286,1.48334,1.75,1.00
2015.03.09 07:23:17.472,1.48283,1.48331,1.12,1.00
2015.03.09 07:23:17.959,1.48285,1.48331,1.12,1.00
2015.03.09 07:23:18.060,1.48285,1.48335,1.12,1.00
2015.03.09 07:23:18.162,1.48287,1.48332,1.12,1.00
2015.03.09 07:23:18.731,1.48291,1.48332,1.00,1.00
2015.03.09 07:23:19.131,1.48287,1.48332,1.37,1.00
2015.03.09 07:23:19.738,1.48286,1.48332,1.50,1.00
2015.03.09 07:23:19.890,1.4829,1.48332,1.00,1.00
2015.03.09 07:23:20.002,1.48286,1.48332,1.50,1.00
2015.03.09 07:23:20.468,1.48285,1.48332,1.75,1.00
2015.03.09 07:23:20.772,1.48291,1.48332,1.00,1.00
2015.03.09 07:23:21.268,1.48287,1.48332,2.25,1.00
2015.03.09 07:23:21.788,1.48292,1.48332,1.00,1.00
2015.03.09 07:23:22.102,1.4829,1.48332,1.00,1.00
2015.03.09 07:23:22.203,1.48288,1.48332,1.00,1.00
2015.03.09 07:23:22.305,1.4829,1.48332,1.00,1.00
2015.03.09 07:23:22.407,1.48288,1.48332,1.00,1.00
2015.03.09 07:23:22.617,1.48287,1.48332,1.75,1.00
2015.03.09 07:23:22.888,1.48286,1.48332,1.12,1.00
2015.03.09 07:23:22.990,1.48287,1.48334,1.75,1.00
2015.03.09 07:23:23.293,1.48291,1.48332,1.00,1.00
2015.03.09 07:23:23.956,1.48296,1.48332,1.00,1.00
2015.03.09 07:23:24.058,1.48286,1.48332,1.00,1.00
2015.03.09 07:23:24.109,1.48286,1.48326,1.37,1.00
2015.03.09 07:23:24.514,1.48285,1.48329,1.75,1.00
2015.03.09 07:23:25.021,1.48286,1.48329,1.75,1.00
2015.03.09 07:23:25.538,1.48285,1.48329,1.75,1.00
2015.03.09 07:23:25.814,1.48291,1.48329,1.00,1.00
2015.03.09 07:23:26.975,1.48291,1.48329,1.37,1.00
2015.03.09 07:23:30.013,1.48291,1.48329,1.12,1.00
2015.03.09 07:23:30.536,1.48285,1.48329,1.75,1.00
2015.03.09 07:23:31.290,1.48291,1.48329,1.00,1.00
2015.03.09 07:23:31.665,1.48286,1.48329,1.75,1.00
2015.03.09 07:23:32.173,1.48291,1.48329,1.00,1.00
2015.03.09 07:23:33.091,1.4829,1.48329,1.00,1.00
2015.03.09 07:23:33.294,1.48285,1.48329,1.50,1.00
2015.03.09 07:23:33.345,1.48285,1.48325,1.50,1.00
2015.03.09 07:23:33.862,1.48286,1.48325,1.00,1.00
2015.03.09 07:23:42.933,1.48281,1.48325,2.25,1.00
2015.03.09 07:23:43.774,1.48287,1.48325,1.00,1.00
2015.03.09 07:23:46.540,1.48287,1.48322,1.00,1.00
2015.03.09 07:23:46.591,1.4828,1.48322,1.50,1.00
2015.03.09 07:23:46.642,1.48277,1.48322,1.12,1.00
2015.03.09 07:23:46.693,1.48268,1.48313,1.87,1.00
2015.03.09 07:23:46.950,1.48261,1.48303,1.50,1.00
2015.03.09 07:23:47.051,1.48258,1.48302,1.00,1.00
2015.03.09 07:23:48.595,1.48257,1.48302,1.00,1.00
2015.03.09 07:23:48.646,1.48257,1.48302,1.47,1.00
2015.03.09 07:23:48.756,1.48257,1.48303,1.12,1.00
2015.03.09 07:23:48.807,1.48264,1.48303,1.00,1.00
2015.03.09 07:23:49.113,1.48273,1.48303,1.00,1.00
2015.03.09 07:23:49.747,1.48273,1.48303,1.37,1.00
2015.03.09 07:23:50.885,1.48273,1.48303,1.37,1.00
2015.03.09 07:23:51.751,1.48273,1.48303,1.00,1.00
2015.03.09 07:23:52.412,1.48272,1.48303,1.37,1.00
2015.03.09 07:23:52.853,1.48272,1.48303,1.00,1.00
2015.03.09 07:23:53.430,1.48273,1.48303,1.00,1.00
2015.03.09 07:23:53.978,1.48272,1.48303,1.00,1.00
2015.03.09 07:23:56.651,1.48272,1.48299,1.00,1.00
2015.03.09 07:23:56.752,1.48266,1.48299,1.37,1.00
2015.03.09 07:23:56.854,1.48266,1.48291,1.37,1.00
2015.03.09 07:23:57.012,1.4826,1.48291,1.00,1.00
2015.03.09 07:23:57.063,1.48256,1.48289,1.50,1.00
2015.03.09 07:23:57.316,1.48256,1.48285,1.37,1.00
2015.03.09 07:23:57.532,1.48257,1.48288,1.00,1.00
2015.03.09 07:23:57.634,1.48257,1.4829,1.00,1.00
2015.03.09 07:23:57.685,1.4826,1.4829,1.12,1.00
2015.03.09 07:23:57.997,1.48257,1.4829,1.00,1.00
2015.03.09 07:23:58.099,1.48252,1.4829,1.00,1.00
2015.03.09 07:23:58.201,1.48252,1.48285,1.00,1.00
2015.03.09 07:23:58.709,1.48256,1.48285,1.00,1.00
2015.03.09 07:23:58.760,1.48256,1.48289,1.00,1.00
2015.03.09 07:23:59.268,1.48255,1.48281,1.00,1.00
2015.03.09 07:23:59.372,1.48245,1.48281,1.00,1.00
2015.03.09 07:23:59.423,1.48242,1.48281,1.87,1.00
2015.03.09 07:23:59.475,1.48242,1.48281,2.25,1.00
2015.03.09 07:23:59.801,1.48242,1.48281,1.37,1.00
2015.03.09 07:23:59.852,1.48242,1.48278,1.37,1.00
2015.03.09 07:24:00.359,1.48242,1.48279,1.87,1.00
2015.03.09 07:24:01.053,1.48242,1.48277,1.37,1.00
2015.03.09 07:24:01.581,1.48242,1.48277,1.00,1.00
2015.03.09 07:24:01.885,1.48244,1.48275,1.00,1.00
2015.03.09 07:24:01.936,1.48244,1.48277,1.00,1.00
2015.03.09 07:24:03.110,1.48246,1.48277,1.00,1.00
2015.03.09 07:24:04.180,1.48245,1.48277,1.00,1.00
2015.03.09 07:24:04.662,1.48247,1.48279,1.00,1.00
2015.03.09 07:24:04.764,1.48238,1.48276,1.37,1.00
2015.03.09 07:24:04.865,1.48241,1.48276,1.00,1.00
2015.03.09 07:24:04.916,1.48241,1.48278,1.00,1.00
2015.03.09 07:24:05.573,1.48241,1.48279,1.00,1.00
2015.03.09 07:24:06.226,1.48241,1.4828,1.12,1.00
2015.03.09 07:24:06.751,1.48241,1.48279,1.37,1.00
2015.03.09 07:24:07.540,1.48241,1.4828,1.37,1.00
2015.03.09 07:24:07.744,1.48241,1.48282,1.37,1.00
2015.03.09 07:24:07.997,1.48244,1.48282,1.37,1.00
2015.03.09 07:24:08.200,1.48244,1.48282,1.37,1.00
2015.03.09 07:24:08.753,1.48244,1.48283,1.37,1.00
2015.03.09 07:24:09.110,1.48245,1.48284,1.75,1.00
2015.03.09 07:24:09.212,1.48244,1.48284,1.75,1.00
2015.03.09 07:24:09.364,1.48247,1.48284,1.00,1.00
2015.03.09 07:24:09.465,1.48249,1.48283,1.00,1.00
2015.03.09 07:24:09.642,1.48242,1.48281,1.87,1.00
2015.03.09 07:24:09.852,1.48242,1.48283,1.87,1.00
2015.03.09 07:24:09.903,1.48242,1.48283,1.50,1.00
2015.03.09 07:24:09.955,1.48236,1.4828,2.77,1.00
2015.03.09 07:24:10.157,1.48236,1.48278,1.00,1.00
2015.03.09 07:24:10.259,1.48236,1.48275,1.00,1.00
2015.03.09 07:24:10.462,1.48233,1.48275,1.00,1.00
2015.03.09 07:24:10.798,1.48236,1.48275,1.00,1.00
2015.03.09 07:24:10.899,1.48233,1.48275,1.00,1.00
2015.03.09 07:24:11.513,1.48233,1.48275,1.37,1.00
2015.03.09 07:24:12.629,1.48236,1.48275,1.00,1.00
2015.03.09 07:24:12.849,1.48233,1.48275,1.50,1.00
2015.03.09 07:24:13.001,1.48236,1.48275,1.00,1.00
2015.03.09 07:24:13.507,1.48236,1.48276,1.00,1.00
2015.03.09 07:24:13.821,1.48242,1.48276,1.00,1.00
2015.03.09 07:24:13.923,1.48241,1.48283,1.00,1.00
2015.03.09 07:24:14.025,1.48241,1.48276,1.00,1.00
2015.03.09 07:24:14.177,1.48235,1.48276,1.00,1.00
2015.03.09 07:24:14.228,1.48235,1.48272,1.00,1.00
2015.03.09 07:24:14.330,1.48232,1.48272,1.12,1.00
2015.03.09 07:24:14.837,1.48232,1.48273,1.00,1.00
2015.03.09 07:24:15.383,1.48231,1.48273,1.12,1.00
2015.03.09 07:24:16.362,1.48226,1.48273,2.02,1.00
2015.03.09 07:24:16.565,1.4823,1.48273,1.37,1.00
2015.03.09 07:24:16.860,1.4823,1.48273,1.75,1.00
2015.03.09 07:24:17.291,1.48231,1.48273,1.12,1.00
2015.03.09 07:24:17.978,1.48231,1.48273,1.50,1.00
2015.03.09 07:24:18.487,1.48231,1.48273,1.12,1.00
2015.03.09 07:24:18.680,1.48236,1.48273,1.00,1.00
2015.03.09 07:24:20.078,1.48236,1.48275,1.00,1.00
2015.03.09 07:24:20.180,1.48235,1.48278,1.37,1.00
2015.03.09 07:24:20.281,1.48233,1.48276,1.37,1.00
2015.03.09 07:24:20.484,1.48231,1.48276,1.87,1.00
2015.03.09 07:24:20.636,1.48231,1.48273,1.87,1.00
2015.03.09 07:24:20.940,1.48231,1.48268,1.00,1.00
2015.03.09 07:24:21.300,1.48231,1.4827,1.50,1.00
2015.03.09 07:24:21.913,1.48236,1.4827,1.00,1.00
2015.03.09 07:24:22.756,1.48235,1.4827,1.00,1.00
2015.03.09 07:24:22.908,1.48231,1.4827,1.37,1.00
2015.03.09 07:24:22.959,1.48231,1.48266,1.37,1.00
2015.03.09 07:24:23.060,1.48231,1.48271,1.00,1.00
2015.03.09 07:24:23.313,1.48236,1.48271,1.00,1.00
2015.03.09 07:24:23.832,1.48235,1.48272,1.00,1.00
2015.03.09 07:24:24.112,1.4823,1.48272,1.87,1.00
2015.03.09 07:24:24.646,1.48232,1.48273,1.37,1.00
2015.03.09 07:24:24.697,1.48232,1.4827,1.00,1.00
2015.03.09 07:24:24.849,1.48222,1.48265,1.37,1.00
2015.03.09 07:24:24.900,1.48222,1.48263,1.37,1.00
2015.03.09 07:24:25.053,1.48218,1.48263,1.90,1.00
2015.03.09 07:24:25.160,1.48221,1.48266,1.37,1.00
2015.03.09 07:24:26.224,1.48221,1.48265,1.75,1.00
2015.03.09 07:24:26.275,1.48226,1.48265,1.00,1.00
2015.03.09 07:24:26.845,1.4822,1.48265,1.85,1.00
2015.03.09 07:24:26.896,1.4822,1.48268,1.85,1.00
2015.03.09 07:24:27.098,1.48222,1.48266,1.75,1.00
2015.03.09 07:24:27.640,1.4822,1.48267,1.95,1.00
2015.03.09 07:24:27.996,1.48216,1.48261,4.12,1.00
2015.03.09 07:24:28.300,1.48221,1.48259,1.00,1.00
2015.03.09 07:24:28.663,1.48216,1.48261,3.75,1.00
2015.03.09 07:24:29.216,1.4822,1.48263,1.10,1.00
2015.03.09 07:24:29.919,1.48221,1.48263,1.00,1.00
2015.03.09 07:24:30.433,1.48221,1.48262,1.00,1.00
2015.03.09 07:24:30.829,1.48221,1.48266,1.37,1.00
2015.03.09 07:24:32.258,1.48223,1.48266,1.00,1.00
2015.03.09 07:24:34.304,1.48226,1.48266,1.00,1.00
2015.03.09 07:24:34.822,1.48226,1.48269,1.00,1.00
2015.03.09 07:24:34.923,1.48231,1.48269,1.00,1.00
2015.03.09 07:24:35.238,1.48233,1.48269,1.00,1.00
2015.03.09 07:24:35.492,1.48229,1.48269,1.00,1.00
2015.03.09 07:24:36.691,1.48228,1.48269,1.00,1.00
2015.03.09 07:24:36.895,1.48226,1.48269,1.00,1.00
2015.03.09 07:24:36.996,1.48221,1.48265,1.50,1.00
2015.03.09 07:24:37.302,1.48223,1.48263,1.00,1.00
2015.03.09 07:24:37.987,1.48221,1.48263,1.00,1.00
2015.03.09 07:24:38.089,1.48221,1.48263,1.37,1.00
2015.03.09 07:24:38.386,1.48221,1.48263,1.00,1.00
2015.03.09 07:24:39.082,1.48225,1.48265,1.00,1.00
2015.03.09 07:24:39.386,1.48232,1.48272,1.00,1.00
2015.03.09 07:24:39.688,1.48231,1.48269,1.00,1.00
2015.03.09 07:24:39.740,1.48229,1.48269,1.00,1.00
2015.03.09 07:24:40.338,1.4823,1.48269,1.00,1.00
2015.03.09 07:24:41.190,1.48229,1.48269,1.00,1.00
2015.03.09 07:24:41.394,1.48227,1.48269,1.00,1.00
2015.03.09 07:24:41.546,1.48225,1.48267,1.00,1.00
2015.03.09 07:24:41.891,1.48225,1.48264,1.00,1.00
2015.03.09 07:24:42.685,1.48223,1.48264,1.12,1.00
2015.03.09 07:24:42.888,1.48225,1.48264,1.00,1.00
2015.03.09 07:24:43.242,1.48223,1.48264,1.12,1.00
2015.03.09 07:24:43.578,1.48226,1.48264,1.00,1.00
2015.03.09 07:24:44.860,1.48223,1.48264,1.12,1.00
2015.03.09 07:24:45.216,1.48225,1.48264,1.00,1.00
2015.03.09 07:24:45.569,1.48225,1.4826,1.00,1.00
2015.03.09 07:24:45.671,1.48223,1.4826,1.12,1.00
2015.03.09 07:24:45.722,1.48219,1.48259,1.00,1.00
2015.03.09 07:24:46.026,1.48219,1.48257,1.00,1.00
2015.03.09 07:24:46.331,1.48221,1.48255,1.00,1.00
2015.03.09 07:24:46.713,1.48219,1.48255,1.00,1.00
2015.03.09 07:24:47.577,1.48219,1.48257,1.00,1.00
2015.03.09 07:24:47.678,1.48222,1.48257,1.00,1.00
2015.03.09 07:24:48.199,1.48221,1.48257,1.00,1.00
2015.03.09 07:24:48.251,1.48218,1.48257,1.00,1.00
2015.03.09 07:24:49.024,1.48218,1.48255,1.00,1.00
2015.03.09 07:24:49.125,1.48216,1.48255,1.10,1.00
2015.03.09 07:24:49.226,1.48218,1.48255,1.00,1.00
2015.03.09 07:24:50.628,1.48218,1.48256,1.00,1.00
2015.03.09 07:24:51.130,1.4822,1.48256,1.00,1.00
2015.03.09 07:24:53.736,1.48218,1.48256,1.00,1.00
2015.03.09 07:24:54.244,1.48219,1.48256,1.00,1.00
2015.03.09 07:24:54.296,1.48216,1.48256,1.10,1.00
2015.03.09 07:24:54.804,1.48216,1.48257,1.10,1.00
2015.03.09 07:24:55.309,1.48216,1.48256,1.10,1.00
2015.03.09 07:24:55.468,1.48216,1.48258,1.10,1.00
2015.03.09 07:24:55.721,1.48216,1.4826,1.10,1.12
2015.03.09 07:24:56.142,1.48213,1.48262,1.12,1.12
2015.03.09 07:24:56.497,1.4821,1.48262,1.12,1.37
2015.03.09 07:24:57.069,1.48211,1.4826,1.00,1.00
2015.03.09 07:24:57.272,1.48213,1.48264,1.00,2.25
2015.03.09 07:24:57.778,1.48211,1.48267,1.37,1.87
2015.03.09 07:24:58.082,1.48215,1.48268,1.87,1.12
2015.03.09 07:24:58.387,1.48218,1.4827,1.37,2.02
2015.03.09 07:24:58.539,1.48222,1.48275,1.12,1.37
2015.03.09 07:24:58.692,1.48225,1.48277,1.00,1.50
2015.03.09 07:24:59.148,1.48227,1.48278,1.00,1.95
2015.03.09 07:24:59.585,1.48229,1.48278,1.00,1.47
2015.03.09 07:24:59.636,1.48229,1.48279,1.00,1.82
2015.03.09 07:24:59.789,1.48227,1.48279,1.00,1.82
2015.03.09 07:25:00.301,1.48226,1.48277,1.87,1.50
2015.03.09 07:25:00.453,1.48228,1.48278,1.00,1.47
2015.03.09 07:25:01.473,1.48227,1.48279,1.00,1.37
2015.03.09 07:25:01.887,1.48229,1.48279,1.00,1.37
2015.03.09 07:25:02.090,1.48224,1.48275,1.87,1.37
2015.03.09 07:25:02.191,1.48225,1.48271,1.00,1.37
2015.03.09 07:25:02.648,1.48223,1.48271,1.00,1.37
2015.03.09 07:25:03.077,1.48224,1.48271,1.00,1.12
2015.03.09 07:25:03.178,1.48226,1.48275,1.00,1.37
2015.03.09 07:25:03.394,1.48224,1.48275,1.00,1.37
2015.03.09 07:25:05.077,1.48229,1.48275,1.00,1.87
2015.03.09 07:25:05.178,1.48229,1.48278,1.00,1.50
2015.03.09 07:25:05.381,1.4824,1.48278,1.00,1.00
2015.03.09 07:25:05.584,1.48251,1.48291,1.12,1.50
2015.03.09 07:25:05.635,1.48263,1.48301,1.00,1.87
2015.03.09 07:25:05.944,1.4826,1.48299,1.00,1.00
2015.03.09 07:25:06.059,1.4826,1.48302,1.00,1.37
2015.03.09 07:25:06.110,1.4826,1.48299,1.00,1.00
2015.03.09 07:25:06.535,1.4826,1.48302,1.00,1.00
2015.03.09 07:25:07.280,1.4826,1.48302,1.00,1.37
2015.03.09 07:25:07.454,1.4826,1.48302,1.00,1.37
2015.03.09 07:25:07.505,1.48257,1.48302,1.00,1.37
2015.03.09 07:25:11.160,1.48257,1.48302,1.00,1.12
2015.03.09 07:25:13.680,1.48257,1.483,1.00,1.00
2015.03.09 07:25:13.996,1.48259,1.483,1.00,1.00
2015.03.09 07:25:15.571,1.48259,1.48302,1.00,1.00
2015.03.09 07:25:16.271,1.4826,1.48302,1.00,1.00
2015.03.09 07:25:18.290,1.4826,1.48303,1.00,1.00
2015.03.09 07:25:18.594,1.48259,1.48305,1.00,1.50
2015.03.09 07:25:20.024,1.48259,1.48306,1.50,1.00
2015.03.09 07:25:20.376,1.48261,1.48306,1.00,1.00
2015.03.09 07:25:20.883,1.48261,1.48307,1.00,1.00
2015.03.09 07:25:21.253,1.48259,1.48307,1.12,1.00
2015.03.09 07:25:22.723,1.48261,1.48307,1.00,1.00
2015.03.09 07:25:23.237,1.48261,1.4831,1.00,1.37
2015.03.09 07:25:23.837,1.48261,1.4831,1.00,1.37
2015.03.09 07:25:24.120,1.48258,1.48311,2.25,1.87
2015.03.09 07:25:25.526,1.48256,1.48308,2.25,1.50
2015.03.09 07:25:25.830,1.48255,1.48304,1.00,1.37
2015.03.09 07:25:26.362,1.48254,1.48304,1.00,1.37
2015.03.09 07:25:26.666,1.4825,1.48302,1.50,2.25
2015.03.09 07:25:28.469,1.48252,1.48301,1.00,1.37
2015.03.09 07:25:28.821,1.48252,1.48301,1.00,1.00
2015.03.09 07:25:31.549,1.48251,1.48301,1.00,1.00
2015.03.09 07:25:32.099,1.48252,1.48301,1.00,1.00
2015.03.09 07:25:33.640,1.48253,1.48301,1.00,1.00
2015.03.09 07:25:34.348,1.48252,1.48301,1.00,1.00
2015.03.09 07:25:35.509,1.48252,1.48302,1.00,1.87
2015.03.09 07:25:36.274,1.48253,1.48302,1.00,2.25
2015.03.09 07:25:39.243,1.48253,1.48302,1.00,1.87
2015.03.09 07:25:39.397,1.48256,1.48304,1.00,1.87
2015.03.09 07:25:39.448,1.48256,1.48304,1.50,1.12
2015.03.09 07:25:39.933,1.48259,1.48304,1.00,1.12
2015.03.09 07:25:40.473,1.4826,1.48304,1.00,1.12
2015.03.09 07:25:41.007,1.48261,1.48304,1.00,1.00
2015.03.09 07:25:41.059,1.48259,1.48306,1.00,1.12
2015.03.09 07:25:41.160,1.48259,1.48304,1.00,1.00
2015.03.09 07:25:41.464,1.48263,1.48305,1.00,1.00
2015.03.09 07:25:41.574,1.48249,1.48296,1.00,1.00
2015.03.09 07:25:41.625,1.48249,1.483,1.00,1.50
2015.03.09 07:25:41.676,1.48253,1.483,1.00,1.50
2015.03.09 07:25:41.828,1.48254,1.48302,1.00,1.00
2015.03.09 07:25:42.135,1.48255,1.48304,1.00,1.00
2015.03.09 07:25:42.339,1.48257,1.48304,1.00,1.00
2015.03.09 07:25:42.440,1.48254,1.48304,1.00,1.00
2015.03.09 07:25:43.255,1.48257,1.48304,1.00,1.00
2015.03.09 07:25:44.124,1.48255,1.48304,1.00,1.00
2015.03.09 07:25:45.550,1.48254,1.48304,1.50,1.00
2015.03.09 07:25:46.331,1.48255,1.48304,1.00,1.00
2015.03.09 07:25:48.284,1.48257,1.48304,1.00,1.00
2015.03.09 07:25:48.386,1.48255,1.48304,1.00,1.00
2015.03.09 07:25:48.538,1.48256,1.48302,1.00,1.00
2015.03.09 07:25:53.542,1.48255,1.48302,1.00,1.00
2015.03.09 07:25:54.111,1.48256,1.48302,1.00,1.00
2015.03.09 07:25:54.683,1.48254,1.48302,1.00,1.00
2015.03.09 07:25:55.188,1.48257,1.48303,1.00,1.50
2015.03.09 07:25:55.391,1.48255,1.48303,1.00,1.50
2015.03.09 07:25:55.977,1.48253,1.48303,1.00,1.50
2015.03.09 07:25:56.516,1.48254,1.48303,1.00,1.87
2015.03.09 07:25:58.176,1.48254,1.48303,1.00,1.87
2015.03.09 07:25:58.380,1.48252,1.48302,1.00,1.37
2015.03.09 07:25:58.532,1.48244,1.48294,1.37,1.00
2015.03.09 07:25:58.735,1.48248,1.48293,1.00,1.12
2015.03.09 07:25:58.786,1.48248,1.48301,1.87,1.50
2015.03.09 07:25:58.836,1.48252,1.48301,1.00,1.00
2015.03.09 07:25:59.141,1.48255,1.48301,1.00,1.00
2015.03.09 07:25:59.661,1.48254,1.48301,1.00,1.00
2015.03.09 07:26:00.061,1.48256,1.48301,1.00,1.00
2015.03.09 07:26:00.286,1.48253,1.48301,1.00,1.00
2015.03.09 07:26:00.794,1.48254,1.48301,1.00,1.00
2015.03.09 07:26:00.895,1.48252,1.48301,1.00,1.00
2015.03.09 07:26:03.598,1.48254,1.48301,1.00,1.00
2015.03.09 07:26:03.996,1.48256,1.48305,1.00,1.55
2015.03.09 07:26:05.129,1.48256,1.48305,1.00,1.37
2015.03.09 07:26:06.770,1.48258,1.48305,1.00,1.00
2015.03.09 07:26:07.086,1.48258,1.48305,1.00,1.37
2015.03.09 07:26:07.137,1.48258,1.48305,1.00,1.00
2015.03.09 07:26:08.494,1.48258,1.48305,1.00,1.37
2015.03.09 07:26:09.255,1.48258,1.48305,1.00,1.37
2015.03.09 07:26:09.408,1.48258,1.48305,1.00,1.00
2015.03.09 07:26:09.883,1.48258,1.48305,1.00,1.37
2015.03.09 07:26:10.401,1.48259,1.48306,1.00,1.37
2015.03.09 07:26:10.599,1.48259,1.48306,1.00,1.00
2015.03.09 07:26:15.576,1.48257,1.48306,1.87,1.00
2015.03.09 07:26:19.600,1.48257,1.48304,1.00,1.00
2015.03.09 07:26:19.761,1.48255,1.48304,1.00,1.00
2015.03.09 07:26:19.921,1.48255,1.48306,1.00,1.00
2015.03.09 07:26:20.488,1.48255,1.48305,1.00,1.37
2015.03.09 07:26:20.741,1.48253,1.48304,1.00,2.62
2015.03.09 07:26:21.270,1.48252,1.48302,1.00,1.12
2015.03.09 07:26:21.833,1.48251,1.48302,1.00,1.87
2015.03.09 07:26:22.338,1.48251,1.48301,1.00,1.12
2015.03.09 07:26:22.839,1.4825,1.48301,1.00,1.12
2015.03.09 07:26:23.603,1.48249,1.48301,1.00,2.25
2015.03.09 07:26:23.807,1.48249,1.48301,1.00,1.87
2015.03.09 07:26:24.715,1.48249,1.48301,1.00,2.25
2015.03.09 07:26:26.648,1.48249,1.48283,1.00,1.00
2015.03.09 07:26:26.750,1.48237,1.48283,1.87,1.12
2015.03.09 07:26:26.851,1.48238,1.48288,1.00,1.50
2015.03.09 07:26:26.953,1.48242,1.48287,1.00,1.00
2015.03.09 07:26:27.005,1.48242,1.48291,1.00,2.25
2015.03.09 07:26:28.616,1.48242,1.48291,1.00,1.37
2015.03.09 07:26:29.350,1.4824,1.48292,1.87,1.50
2015.03.09 07:26:30.222,1.4824,1.48291,1.37,1.00
2015.03.09 07:26:30.273,1.48244,1.48291,1.00,1.00
2015.03.09 07:26:31.872,1.48249,1.48291,1.00,1.00
2015.03.09 07:26:32.379,1.48248,1.48291,1.00,1.00
2015.03.09 07:26:32.909,1.48248,1.48291,1.00,1.37
2015.03.09 07:26:35.248,1.48248,1.48293,1.00,1.12
2015.03.09 07:26:36.830,1.48253,1.48291,2.17,2.17
2015.03.09 07:26:43.541,1.48255,1.48291,2.25,2.25
2015.03.09 07:26:43.852,1.48257,1.48293,2.25,2.25
2015.03.09 07:26:44.245,1.48261,1.48293,2.25,2.17
2015.03.09 07:26:44.347,1.48262,1.48297,2.25,1.15
2015.03.09 07:26:44.449,1.48265,1.48299,2.25,2.17
2015.03.09 07:26:44.550,1.48267,1.48303,2.25,2.25
2015.03.09 07:26:45.165,1.48269,1.48303,2.25,2.25
2015.03.09 07:26:45.216,1.4827,1.48305,2.25,2.25
2015.03.09 07:26:49.993,1.48274,1.48305,2.25,2.17
2015.03.09 07:26:50.044,1.48275,1.48311,2.25,2.25
2015.03.09 07:26:52.863,1.48284,1.48316,4.35,1.00
2015.03.09 07:26:52.913,1.48284,1.4832,4.35,1.65
2015.03.09 07:26:53.065,1.48291,1.48326,1.15,2.25
2015.03.09 07:26:53.167,1.48294,1.48331,4.35,1.15
2015.03.09 07:26:53.269,1.48291,1.48332,2.62,1.00
2015.03.09 07:26:53.320,1.48296,1.48339,1.00,1.00
2015.03.09 07:26:53.421,1.48299,1.48347,1.00,1.12
2015.03.09 07:26:53.522,1.48301,1.48348,1.00,1.50
2015.03.09 07:26:54.048,1.483,1.48348,1.50,1.12
2015.03.09 07:26:54.374,1.48305,1.48349,1.00,1.00
2015.03.09 07:26:54.890,1.48305,1.48342,1.00,1.00
2015.03.09 07:26:54.992,1.48305,1.48347,1.00,1.00
2015.03.09 07:26:55.043,1.48302,1.48347,1.00,1.00
2015.03.09 07:26:55.499,1.48299,1.48347,1.50,1.37
2015.03.09 07:26:55.602,1.48299,1.48339,1.00,1.00
2015.03.09 07:26:55.703,1.48297,1.48346,1.00,1.37
2015.03.09 07:26:55.805,1.48297,1.48345,1.00,1.47
2015.03.09 07:26:56.312,1.48297,1.48344,1.00,1.37
2015.03.09 07:26:56.819,1.48296,1.48346,1.00,1.95
2015.03.09 07:26:58.696,1.48296,1.48344,1.00,1.87
2015.03.09 07:26:59.001,1.48292,1.48334,1.00,1.87
2015.03.09 07:26:59.207,1.48285,1.48334,1.50,1.12
2015.03.09 07:26:59.257,1.48288,1.48337,1.00,1.37
2015.03.09 07:26:59.561,1.48293,1.48336,1.00,1.00
2015.03.09 07:26:59.865,1.48295,1.4833,1.00,1.00
2015.03.09 07:27:00.219,1.48293,1.48335,1.00,1.00
2015.03.09 07:27:00.472,1.48296,1.48336,1.00,1.00
2015.03.09 07:27:02.425,1.48296,1.48337,1.00,1.00
2015.03.09 07:27:02.963,1.48297,1.48337,1.00,1.00
2015.03.09 07:27:03.326,1.48301,1.48337,2.17,2.17
2015.03.09 07:27:03.634,1.48299,1.48334,2.25,2.25
2015.03.09 07:27:04.559,1.48297,1.48325,2.92,2.17
2015.03.09 07:27:04.610,1.48297,1.48325,1.00,2.25
2015.03.09 07:27:04.711,1.48291,1.48325,1.15,2.25
2015.03.09 07:27:04.863,1.48297,1.48325,1.00,2.25
2015.03.09 07:27:04.965,1.48293,1.48325,1.07,2.25
2015.03.09 07:27:06.168,1.48293,1.48327,1.07,2.25
2015.03.09 07:27:06.219,1.48293,1.48329,1.15,2.25
2015.03.09 07:27:06.421,1.48291,1.48325,2.25,2.17
2015.03.09 07:27:06.522,1.48289,1.48325,2.25,2.25
2015.03.09 07:27:06.725,1.48287,1.48319,2.17,2.17
2015.03.09 07:27:06.827,1.48285,1.48319,1.20,4.35
2015.03.09 07:27:11.933,1.48284,1.48312,1.07,2.17
2015.03.09 07:27:12.136,1.48274,1.48304,1.10,2.17
2015.03.09 07:27:12.238,1.48271,1.48304,1.00,4.35
2015.03.09 07:27:12.340,1.48271,1.48304,1.07,2.25
2015.03.09 07:27:12.441,1.48271,1.48307,1.15,4.35
2015.03.09 07:27:16.578,1.48276,1.48307,2.17,2.17
2015.03.09 07:27:16.629,1.48276,1.48314,5.10,4.35
2015.03.09 07:27:16.781,1.48276,1.4831,3.00,2.25
2015.03.09 07:27:16.832,1.48274,1.4831,2.25,2.25
2015.03.09 07:27:16.883,1.48273,1.48307,1.15,2.17
2015.03.09 07:27:17.289,1.48274,1.48309,2.92,2.25
2015.03.09 07:27:17.340,1.48274,1.48311,5.10,4.35
2015.03.09 07:27:17.442,1.48274,1.48308,3.00,2.25
2015.03.09 07:27:17.543,1.48274,1.48308,1.17,2.25
2015.03.09 07:27:18.680,1.48271,1.48299,2.25,1.00
2015.03.09 07:27:18.782,1.48271,1.48308,2.25,2.62
2015.03.09 07:27:26.755,1.48274,1.48309,2.25,2.25
2015.03.09 07:27:27.258,1.48274,1.4831,2.25,2.25
2015.03.09 07:27:28.182,1.48277,1.48311,2.25,2.25
2015.03.09 07:27:28.233,1.48277,1.48315,4.35,4.72
2015.03.09 07:27:28.798,1.48277,1.48312,2.25,2.25
2015.03.09 07:27:28.849,1.48275,1.48312,2.25,2.25
2015.03.09 07:27:29.204,1.48274,1.48309,2.25,2.25
2015.03.09 07:27:29.255,1.48271,1.48309,4.35,4.35
2015.03.09 07:27:29.762,1.48271,1.48304,4.35,1.00
2015.03.09 07:27:33.159,1.48271,1.48309,4.35,5.47
2015.03.09 07:27:35.103,1.48274,1.48309,2.25,2.25
2015.03.09 07:27:35.155,1.48274,1.48311,4.35,4.35
2015.03.09 07:27:35.207,1.48274,1.48304,2.17,2.17
2015.03.09 07:27:35.259,1.48267,1.48304,1.15,2.25
2015.03.09 07:27:35.310,1.48274,1.48305,2.17,2.17
2015.03.09 07:27:35.361,1.48274,1.48309,4.35,1.15
2015.03.09 07:27:38.611,1.48278,1.48314,2.25,3.75
2015.03.09 07:27:42.912,1.4828,1.48314,4.35,1.15
2015.03.09 07:27:43.219,1.48285,1.4832,2.25,1.15
2015.03.09 07:27:43.627,1.4829,1.48324,2.25,1.15
2015.03.09 07:27:45.511,1.48295,1.48325,2.25,1.00
2015.03.09 07:27:45.664,1.48295,1.48327,2.25,1.10
2015.03.09 07:27:45.714,1.48297,1.48327,2.25,1.00
2015.03.09 07:27:45.765,1.48297,1.48334,2.25,2.25
2015.03.09 07:27:46.329,1.48294,1.48329,2.25,1.15
2015.03.09 07:27:47.032,1.48297,1.48331,2.25,2.25
2015.03.09 07:27:47.084,1.48303,1.48335,1.00,2.25
2015.03.09 07:27:47.135,1.48307,1.48344,2.25,1.65
2015.03.09 07:27:47.236,1.48312,1.48347,2.25,2.25
2015.03.09 07:27:47.541,1.48315,1.4835,2.25,2.25
2015.03.09 07:27:47.643,1.48318,1.48355,2.25,2.25
2015.03.09 07:27:47.694,1.48322,1.48356,2.17,2.25
2015.03.09 07:27:47.948,1.48325,1.4836,3.00,2.25
2015.03.09 07:27:47.998,1.48328,1.48362,2.17,2.25
2015.03.09 07:27:48.049,1.48328,1.48365,4.35,4.35
2015.03.09 07:27:49.113,1.48332,1.48368,2.25,2.25
2015.03.09 07:27:49.418,1.48337,1.48372,2.25,2.25
2015.03.09 07:27:50.435,1.48333,1.4837,2.25,2.62
2015.03.09 07:27:50.649,1.4833,1.48367,4.35,4.35
2015.03.09 07:27:50.750,1.48328,1.48372,1.50,1.37
2015.03.09 07:27:52.976,1.48329,1.48373,1.00,1.37
2015.03.09 07:27:53.147,1.48336,1.48373,1.00,1.00
2015.03.09 07:27:53.249,1.48336,1.48379,1.00,1.37
2015.03.09 07:27:53.353,1.48336,1.48379,1.00,1.37
2015.03.09 07:27:56.079,1.48337,1.48379,1.00,1.37
2015.03.09 07:27:56.183,1.48339,1.48385,1.50,2.40
2015.03.09 07:27:56.284,1.48346,1.48389,1.00,1.12
2015.03.09 07:27:56.335,1.48351,1.48392,1.00,1.50
2015.03.09 07:27:56.437,1.4835,1.48392,1.00,1.37
2015.03.09 07:27:56.538,1.4835,1.48394,1.00,3.00
2015.03.09 07:27:56.792,1.48343,1.48385,1.00,1.00
2015.03.09 07:27:56.843,1.48343,1.48388,1.00,1.87
2015.03.09 07:27:56.995,1.48336,1.48388,1.00,1.87
2015.03.09 07:27:57.096,1.48335,1.48385,1.50,1.00
2015.03.09 07:27:57.400,1.48335,1.48382,1.50,1.00
2015.03.09 07:27:57.451,1.48335,1.48384,1.50,1.00
2015.03.09 07:27:58.111,1.48333,1.48384,1.00,1.50
2015.03.09 07:27:58.213,1.48333,1.48384,1.00,1.87
2015.03.09 07:27:59.496,1.48332,1.48382,1.00,1.12
2015.03.09 07:28:01.295,1.4833,1.48382,1.65,1.12
2015.03.09 07:28:03.563,1.4833,1.4838,1.50,1.00
2015.03.09 07:28:03.867,1.48329,1.48379,1.00,1.37
2015.03.09 07:28:04.368,1.48329,1.48379,1.00,1.37
2015.03.09 07:28:06.202,1.48328,1.48379,1.00,1.37
2015.03.09 07:28:08.515,1.4833,1.48379,1.00,1.37
2015.03.09 07:28:12.716,1.4833,1.48374,1.00,1.00
2015.03.09 07:28:12.820,1.4833,1.48379,1.00,1.37
2015.03.09 07:28:13.582,1.48328,1.48377,1.50,1.00
2015.03.09 07:28:13.835,1.4833,1.48379,1.00,1.37
2015.03.09 07:28:14.365,1.48328,1.48377,1.00,1.12
2015.03.09 07:28:15.824,1.48329,1.48378,1.00,1.37
2015.03.09 07:28:25.679,1.48329,1.48378,1.00,1.37
2015.03.09 07:28:26.373,1.48329,1.48378,1.00,1.37
2015.03.09 07:28:27.539,1.48329,1.48376,1.00,1.00
2015.03.09 07:28:27.641,1.48329,1.48375,1.00,1.37
2015.03.09 07:28:27.692,1.48326,1.48375,1.00,1.87
2015.03.09 07:28:27.895,1.48323,1.48374,1.00,1.37
2015.03.09 07:28:27.997,1.4832,1.48368,1.00,1.00
2015.03.09 07:28:28.252,1.48315,1.48364,1.00,1.00
2015.03.09 07:28:28.767,1.48316,1.48365,1.00,1.00
2015.03.09 07:28:30.826,1.48316,1.48364,1.00,1.00
2015.03.09 07:28:31.771,1.48316,1.48364,1.00,1.37
2015.03.09 07:28:39.313,1.48316,1.48365,1.00,1.00
2015.03.09 07:28:39.364,1.48322,1.48368,1.00,1.12
2015.03.09 07:28:40.795,1.48322,1.48368,1.00,1.37
2015.03.09 07:28:46.131,1.48322,1.48368,1.00,1.00
2015.03.09 07:28:48.148,1.48322,1.48368,1.00,1.37
2015.03.09 07:28:54.584,1.48322,1.48369,1.00,1.37
2015.03.09 07:28:56.136,1.48322,1.4837,1.00,1.87
2015.03.09 07:28:58.150,1.48322,1.4837,1.00,1.00
2015.03.09 07:28:58.254,1.48324,1.48372,1.00,1.87
2015.03.09 07:28:59.768,1.48324,1.48372,1.00,1.37
2015.03.09 07:29:00.325,1.48324,1.48372,1.00,1.37
2015.03.09 07:29:01.145,1.48324,1.48372,1.00,1.12
2015.03.09 07:29:02.476,1.48324,1.48372,1.00,1.37
2015.03.09 07:29:02.963,1.48324,1.48372,1.00,1.12
2015.03.09 07:29:04.100,1.48325,1.48373,1.00,1.47
2015.03.09 07:29:04.697,1.48326,1.48374,1.00,1.55
2015.03.09 07:29:08.566,1.48326,1.48369,1.00,1.00
2015.03.09 07:29:11.324,1.48326,1.48369,1.00,1.37
2015.03.09 07:29:11.976,1.48326,1.48374,1.00,1.37
2015.03.09 07:29:13.011,1.48323,1.48373,1.00,1.37
2015.03.09 07:29:13.532,1.48322,1.48372,1.00,1.12
2015.03.09 07:29:13.993,1.48324,1.48372,1.00,1.00
2015.03.09 07:29:15.201,1.48322,1.4837,1.00,1.00
2015.03.09 07:29:15.746,1.48323,1.48369,1.00,1.00
2015.03.09 07:29:17.501,1.48323,1.48373,1.00,1.87
2015.03.09 07:29:21.138,1.48321,1.48371,1.00,1.00
2015.03.09 07:29:21.661,1.48321,1.4837,1.00,1.00
2015.03.09 07:29:22.404,1.48321,1.48371,1.00,1.00
2015.03.09 07:29:24.794,1.48324,1.48372,1.00,1.12
2015.03.09 07:29:27.217,1.48326,1.48372,1.00,1.12
2015.03.09 07:29:30.546,1.48326,1.48369,1.00,1.00
2015.03.09 07:29:30.850,1.4832,1.48356,2.25,2.25
2015.03.09 07:29:31.154,1.48316,1.48352,2.25,2.25
2015.03.09 07:29:31.496,1.48314,1.48349,2.25,2.25
2015.03.09 07:29:31.699,1.48308,1.48345,4.35,4.35
2015.03.09 07:29:33.075,1.48308,1.48342,2.25,2.25
2015.03.09 07:29:33.125,1.48305,1.48342,2.25,2.25
2015.03.09 07:29:33.176,1.48304,1.48338,2.25,2.17
2015.03.09 07:29:33.227,1.48302,1.48338,2.25,2.25
2015.03.09 07:29:33.682,1.483,1.48336,2.25,2.25
2015.03.09 07:29:33.986,1.48297,1.48332,2.25,2.25
2015.03.09 07:29:38.696,1.483,1.48334,2.17,2.25
2015.03.09 07:29:39.016,1.48298,1.4833,2.17,2.17
2015.03.09 07:29:39.067,1.48292,1.4833,2.25,2.25
2015.03.09 07:29:39.219,1.48291,1.48325,2.25,2.17
2015.03.09 07:29:39.270,1.48288,1.48325,4.35,4.35
2015.03.09 07:29:42.004,1.4829,1.48325,2.25,2.25
2015.03.09 07:29:42.055,1.4829,1.48327,2.25,1.15
2015.03.09 07:29:48.645,1.48289,1.48322,2.25,2.17
2015.03.09 07:29:48.697,1.48287,1.48322,2.25,2.25
2015.03.09 07:29:49.465,1.48283,1.48321,4.35,4.35
2015.03.09 07:29:49.668,1.48275,1.48323,1.00,1.37
2015.03.09 07:29:49.719,1.48269,1.48319,1.37,1.00
2015.03.09 07:29:49.770,1.48269,1.48319,1.00,1.50
2015.03.09 07:29:50.277,1.48267,1.48315,1.87,1.00
2015.03.09 07:29:50.583,1.48267,1.48315,2.25,1.00
2015.03.09 07:29:50.634,1.48268,1.48315,1.00,1.00
2015.03.09 07:29:51.135,1.48267,1.48315,1.87,1.00
2015.03.09 07:29:51.452,1.48267,1.48315,1.50,1.00
2015.03.09 07:29:51.604,1.4827,1.48315,1.00,1.00
2015.03.09 07:29:51.914,1.48268,1.48315,1.00,1.00
2015.03.09 07:29:52.370,1.4827,1.48315,1.00,1.00
2015.03.09 07:29:52.472,1.4827,1.48317,1.00,1.00
2015.03.09 07:29:53.128,1.48271,1.48317,1.00,1.00
2015.03.09 07:29:54.003,1.48271,1.48317,1.37,1.00
2015.03.09 07:29:54.198,1.48273,1.48314,1.00,1.00
2015.03.09 07:29:54.249,1.48264,1.48312,1.50,1.00
2015.03.09 07:29:54.760,1.48269,1.48312,1.37,1.00
2015.03.09 07:29:55.271,1.48271,1.48312,1.12,1.00
2015.03.09 07:29:56.041,1.48273,1.48313,1.00,1.00
2015.03.09 07:29:56.252,1.48273,1.48315,1.00,1.00
2015.03.09 07:29:56.834,1.48273,1.48314,1.00,1.00
2015.03.09 07:29:57.708,1.48272,1.48314,1.12,1.00
2015.03.09 07:30:01.065,1.4827,1.48311,1.12,1.00
2015.03.09 07:30:01.368,1.48267,1.4831,2.62,1.00
2015.03.09 07:30:01.885,1.48267,1.48309,1.87,1.00
2015.03.09 07:30:04.481,1.48271,1.48309,1.00,1.00
2015.03.09 07:30:04.789,1.48268,1.48309,1.00,1.00
2015.03.09 07:30:04.890,1.48267,1.48305,1.50,1.00
2015.03.09 07:30:04.992,1.48267,1.48307,1.00,1.50
2015.03.09 07:30:05.043,1.48262,1.48303,1.00,1.00
2015.03.09 07:30:05.094,1.48259,1.48303,1.00,1.00
2015.03.09 07:30:05.247,1.48259,1.48298,1.00,1.00
2015.03.09 07:30:05.399,1.48256,1.48297,1.00,1.00
2015.03.09 07:30:05.450,1.48256,1.48295,1.00,1.00
2015.03.09 07:30:05.703,1.48257,1.48298,1.00,1.00
2015.03.09 07:30:05.805,1.48259,1.48298,1.00,1.00
2015.03.09 07:30:06.329,1.48259,1.48295,1.00,1.00
2015.03.09 07:30:06.877,1.48257,1.48295,1.00,1.00
2015.03.09 07:30:06.978,1.4826,1.48295,1.00,1.00
2015.03.09 07:30:07.029,1.4826,1.483,1.00,1.00
2015.03.09 07:30:07.232,1.48264,1.483,1.00,1.00
2015.03.09 07:30:07.462,1.4826,1.483,1.00,1.00
2015.03.09 07:30:08.202,1.48259,1.483,1.00,1.00
2015.03.09 07:30:08.406,1.48261,1.483,1.00,1.00
2015.03.09 07:30:09.311,1.48261,1.48301,1.00,1.00
2015.03.09 07:30:09.681,1.48266,1.48301,1.00,1.00
2015.03.09 07:30:10.827,1.48261,1.48301,1.00,1.00
2015.03.09 07:30:11.575,1.48265,1.48301,1.00,1.00
2015.03.09 07:30:12.197,1.48265,1.48299,1.00,1.00
2015.03.09 07:30:12.467,1.48257,1.48299,1.50,1.00
2015.03.09 07:30:12.518,1.4826,1.48299,1.00,1.87
2015.03.09 07:30:12.721,1.48256,1.48297,1.00,1.00
2015.03.09 07:30:13.621,1.48257,1.48297,1.00,1.00
2015.03.09 07:30:13.672,1.4826,1.48297,1.00,1.00
2015.03.09 07:30:15.234,1.4826,1.48299,1.00,1.00
2015.03.09 07:30:15.539,1.48258,1.48299,1.00,1.00
2015.03.09 07:30:15.631,1.48256,1.48299,1.50,1.00
2015.03.09 07:30:15.940,1.48258,1.48299,1.00,1.00
2015.03.09 07:30:16.286,1.4826,1.48299,1.00,1.00
2015.03.09 07:30:16.337,1.48257,1.48299,1.00,1.00
2015.03.09 07:30:16.547,1.4826,1.48299,1.00,1.00
2015.03.09 07:30:17.018,1.4826,1.48297,1.00,1.00
2015.03.09 07:30:17.320,1.48256,1.48296,1.00,1.00
2015.03.09 07:30:17.675,1.48254,1.48296,1.50,1.00
2015.03.09 07:30:17.735,1.48256,1.48296,1.00,1.00
2015.03.09 07:30:18.398,1.4826,1.48296,1.00,1.00
2015.03.09 07:30:18.750,1.48258,1.48296,1.00,1.00
2015.03.09 07:30:18.801,1.48256,1.48299,1.50,1.00
2015.03.09 07:30:19.166,1.48261,1.48299,1.00,1.00
2015.03.09 07:30:19.217,1.48261,1.48303,1.00,1.00
2015.03.09 07:30:19.628,1.48265,1.48303,1.00,1.00
2015.03.09 07:30:19.982,1.48261,1.48303,1.00,1.00
2015.03.09 07:30:20.488,1.48261,1.48302,1.00,1.00
2015.03.09 07:30:21.145,1.4826,1.48302,1.00,1.00
2015.03.09 07:30:21.197,1.4826,1.483,1.00,1.00
2015.03.09 07:30:21.400,1.4826,1.48304,1.00,1.00
2015.03.09 07:30:21.603,1.48265,1.48305,1.00,1.00
2015.03.09 07:30:21.797,1.48265,1.48308,1.00,1.00
2015.03.09 07:30:22.341,1.48266,1.48309,1.00,1.50
2015.03.09 07:30:23.811,1.48265,1.48309,1.00,1.50
2015.03.09 07:30:23.913,1.48261,1.48308,1.50,1.00
2015.03.09 07:30:24.125,1.48266,1.48308,1.00,1.00
2015.03.09 07:30:25.355,1.4827,1.48308,1.00,1.00
2015.03.09 07:30:27.435,1.48265,1.48308,1.00,1.00
2015.03.09 07:30:27.637,1.4827,1.48308,1.00,1.00
2015.03.09 07:30:28.736,1.48271,1.48308,1.00,1.00
2015.03.09 07:30:29.324,1.48266,1.48308,1.00,1.00
2015.03.09 07:30:30.607,1.48265,1.48308,1.00,1.00
2015.03.09 07:30:30.937,1.48271,1.48308,1.00,1.00
2015.03.09 07:30:32.083,1.48271,1.48307,1.00,1.00
2015.03.09 07:30:32.185,1.48266,1.48307,1.00,1.00
2015.03.09 07:30:32.300,1.4826,1.48307,1.50,1.50
2015.03.09 07:30:32.836,1.48261,1.48306,1.00,1.00
2015.03.09 07:30:35.363,1.48261,1.48307,1.00,1.50
2015.03.09 07:30:36.113,1.4826,1.48307,1.50,1.50
2015.03.09 07:30:36.266,1.48262,1.48309,1.00,2.25
2015.03.09 07:30:36.579,1.48265,1.48309,1.00,2.25
2015.03.09 07:30:36.880,1.48262,1.48309,1.50,3.00
2015.03.09 07:30:37.397,1.48261,1.48308,1.50,1.00
2015.03.09 07:30:37.916,1.48261,1.48307,1.00,1.00
2015.03.09 07:30:40.001,1.48261,1.48303,1.00,1.00
2015.03.09 07:30:40.102,1.48258,1.48303,1.00,1.00
2015.03.09 07:30:40.608,1.48257,1.48303,1.00,1.50
2015.03.09 07:30:43.457,1.4826,1.48303,1.00,1.50
2015.03.09 07:30:44.574,1.4826,1.48302,1.00,1.00
2015.03.09 07:30:44.938,1.4826,1.48305,1.00,1.50
2015.03.09 07:30:45.191,1.48261,1.48307,1.00,1.00
2015.03.09 07:30:45.638,1.48263,1.48308,1.00,1.00
2015.03.09 07:30:45.944,1.48282,1.48317,2.25,2.25
2015.03.09 07:30:45.995,1.48283,1.48319,4.35,1.15
2015.03.09 07:30:46.096,1.48288,1.4832,2.25,1.57
2015.03.09 07:30:46.401,1.48291,1.48322,2.25,1.00
2015.03.09 07:30:46.715,1.48291,1.48319,2.25,1.00
2015.03.09 07:30:47.019,1.48286,1.48322,4.35,1.15
2015.03.09 07:30:48.022,1.48276,1.4832,1.00,1.50
2015.03.09 07:30:48.587,1.48276,1.48319,1.00,1.00
2015.03.09 07:30:50.171,1.48277,1.4832,1.00,1.00
2015.03.09 07:30:50.273,1.48277,1.48322,1.00,1.00
2015.03.09 07:30:51.694,1.48277,1.48319,1.50,1.00
2015.03.09 07:30:51.798,1.48277,1.48322,1.50,1.00
2015.03.09 07:30:51.994,1.4828,1.48322,1.00,1.00
2015.03.09 07:30:53.246,1.4828,1.48322,1.37,1.00
2015.03.09 07:30:53.398,1.48293,1.48335,1.00,1.00
2015.03.09 07:30:53.651,1.48296,1.48338,1.00,1.00
2015.03.09 07:30:53.905,1.48292,1.48337,1.50,1.00
2015.03.09 07:30:54.107,1.48296,1.48337,1.00,1.00
2015.03.09 07:30:54.585,1.48296,1.48335,1.00,1.00
2015.03.09 07:30:55.042,1.48296,1.48337,1.00,1.50
2015.03.09 07:30:55.420,1.48295,1.48339,1.50,1.00
2015.03.09 07:30:55.471,1.48298,1.48339,1.00,1.00
2015.03.09 07:30:55.661,1.48306,1.4835,1.00,1.12
2015.03.09 07:30:55.763,1.48311,1.48351,1.00,1.37
2015.03.09 07:30:56.067,1.48307,1.4835,1.00,1.12
2015.03.09 07:30:56.270,1.48305,1.4835,1.00,1.12
2015.03.09 07:30:56.725,1.48311,1.4835,1.00,1.12
2015.03.09 07:30:57.231,1.4831,1.4835,1.00,1.12
2015.03.09 07:30:57.866,1.48311,1.4835,1.00,1.12
2015.03.09 07:30:58.221,1.4831,1.48352,1.00,1.00
2015.03.09 07:30:58.373,1.48311,1.48354,1.00,1.00
2015.03.09 07:30:58.875,1.48325,1.48354,1.00,1.00
2015.03.09 07:30:59.027,1.48334,1.48366,1.00,1.00
2015.03.09 07:30:59.079,1.48334,1.48368,1.00,1.00
2015.03.09 07:30:59.130,1.48332,1.48368,1.00,1.00
2015.03.09 07:30:59.333,1.48339,1.48368,1.00,1.00
2015.03.09 07:30:59.384,1.48339,1.48376,1.00,1.00
2015.03.09 07:30:59.544,1.48337,1.48376,1.00,1.00
2015.03.09 07:30:59.899,1.48339,1.48376,1.00,1.00
2015.03.09 07:31:00.204,1.48339,1.48374,1.00,1.00
2015.03.09 07:31:00.255,1.48339,1.48376,1.00,1.00
2015.03.09 07:31:00.306,1.48343,1.48376,1.00,1.00
2015.03.09 07:31:00.813,1.48344,1.48379,1.00,1.00
2015.03.09 07:31:00.864,1.48351,1.48379,1.00,1.00
2015.03.09 07:31:01.375,1.48351,1.48385,1.50,1.00
2015.03.09 07:31:01.827,1.4835,1.48387,1.00,1.00
2015.03.09 07:31:01.878,1.48353,1.48387,1.00,1.00
2015.03.09 07:31:02.342,1.48353,1.48384,1.00,1.00
2015.03.09 07:31:02.647,1.48357,1.48385,1.00,1.00
2015.03.09 07:31:02.698,1.48357,1.4839,1.00,1.00
2015.03.09 07:31:02.749,1.48361,1.4839,1.00,1.00
2015.03.09 07:31:02.800,1.48361,1.48392,1.00,1.12
2015.03.09 07:31:02.851,1.48366,1.48392,1.37,1.00
2015.03.09 07:31:02.902,1.48366,1.48394,1.37,1.00
2015.03.09 07:31:03.003,1.48366,1.48399,1.37,1.00
2015.03.09 07:31:03.105,1.48365,1.48394,1.37,1.00
2015.03.09 07:31:03.214,1.48366,1.484,1.87,1.00
2015.03.09 07:31:03.436,1.48362,1.48395,1.37,1.00
2015.03.09 07:31:03.594,1.48364,1.48395,1.00,1.00
2015.03.09 07:31:03.750,1.48366,1.48395,1.00,1.00
2015.03.09 07:31:04.077,1.48366,1.48399,1.37,1.00
2015.03.09 07:31:04.442,1.48366,1.48399,1.00,1.00
2015.03.09 07:31:04.493,1.48364,1.48399,1.00,1.00
2015.03.09 07:31:04.686,1.48364,1.48402,1.00,1.00
2015.03.09 07:31:04.738,1.48366,1.48404,1.00,1.00
2015.03.09 07:31:05.064,1.48372,1.48405,1.00,1.00
2015.03.09 07:31:05.114,1.48372,1.48408,1.00,1.00
2015.03.09 07:31:05.635,1.48373,1.48409,1.00,1.00
2015.03.09 07:31:05.889,1.48372,1.48412,1.00,1.00
2015.03.09 07:31:05.940,1.48376,1.48412,1.00,1.00
2015.03.09 07:31:05.991,1.48376,1.48414,1.00,1.00
2015.03.09 07:31:06.093,1.48377,1.48416,1.00,1.00
2015.03.09 07:31:06.648,1.48378,1.48416,1.00,1.00
2015.03.09 07:31:07.157,1.48379,1.48416,1.00,1.00
2015.03.09 07:31:07.360,1.48377,1.48416,1.00,1.00
2015.03.09 07:31:07.462,1.48379,1.48416,1.00,1.00
2015.03.09 07:31:08.680,1.4838,1.48416,1.00,1.00
2015.03.09 07:31:09.122,1.48375,1.48416,1.00,1.00
2015.03.09 07:31:10.344,1.48374,1.48416,1.00,1.00
2015.03.09 07:31:10.395,1.48376,1.48416,1.00,1.00
2015.03.09 07:31:10.598,1.48374,1.48416,1.00,1.00
2015.03.09 07:31:10.708,1.48381,1.48416,1.00,1.00
2015.03.09 07:31:10.809,1.48381,1.4842,1.00,1.50
2015.03.09 07:31:11.397,1.4838,1.4842,1.00,1.50
2015.03.09 07:31:11.499,1.48376,1.4842,1.00,1.50
2015.03.09 07:31:12.010,1.48376,1.48419,1.00,1.00
2015.03.09 07:31:12.579,1.48381,1.4842,1.00,1.00
2015.03.09 07:31:13.138,1.4838,1.4842,1.00,1.00
2015.03.09 07:31:13.337,1.48377,1.48419,1.00,1.00
2015.03.09 07:31:13.858,1.48378,1.4842,1.00,1.00
2015.03.09 07:31:14.410,1.48377,1.4842,1.00,1.00
2015.03.09 07:31:14.949,1.48378,1.4842,2.17,1.00
2015.03.09 07:31:15.000,1.48379,1.48423,2.25,1.00
2015.03.09 07:31:15.307,1.48381,1.48421,1.15,1.00
2015.03.09 07:31:15.611,1.48379,1.48419,2.25,1.00
2015.03.09 07:31:16.119,1.48381,1.48423,1.15,1.00
2015.03.09 07:31:18.805,1.4838,1.48422,1.15,1.00
2015.03.09 07:31:19.160,1.4838,1.48424,1.15,1.00
2015.03.09 07:31:19.414,1.48381,1.48422,1.15,1.00
2015.03.09 07:31:19.845,1.48385,1.48427,1.00,1.00
2015.03.09 07:31:19.947,1.4838,1.48425,1.65,1.00
2015.03.09 07:31:20.470,1.48381,1.48424,1.15,1.50
2015.03.09 07:31:20.825,1.48379,1.48419,2.25,1.00
2015.03.09 07:31:21.331,1.48379,1.4842,2.25,1.00
2015.03.09 07:31:21.855,1.48379,1.48419,2.25,1.00
2015.03.09 07:31:22.377,1.48381,1.48423,1.15,1.00
2015.03.09 07:31:22.478,1.4838,1.48425,1.15,1.00
2015.03.09 07:31:22.579,1.48381,1.48423,1.15,1.00
2015.03.09 07:31:22.894,1.48379,1.48419,2.25,1.00
2015.03.09 07:31:23.334,1.48375,1.48418,1.10,1.00
2015.03.09 07:31:23.642,1.48372,1.48415,1.15,1.00
2015.03.09 07:31:23.960,1.48371,1.48412,2.25,1.00
2015.03.09 07:31:24.264,1.48371,1.4841,2.25,1.00
2015.03.09 07:31:24.416,1.48365,1.48409,1.50,1.00
2015.03.09 07:31:24.923,1.48365,1.48408,1.00,1.00
2015.03.09 07:31:25.196,1.48366,1.4841,1.00,1.00
2015.03.09 07:31:25.834,1.48367,1.48411,1.00,1.00
2015.03.09 07:31:25.885,1.48367,1.48408,1.00,1.00
2015.03.09 07:31:25.987,1.48371,1.48414,1.07,1.50
2015.03.09 07:31:26.139,1.48373,1.48409,1.00,1.00
2015.03.09 07:31:26.241,1.48374,1.48414,1.00,1.00
2015.03.09 07:31:26.342,1.48375,1.4842,1.00,1.00
2015.03.09 07:31:26.444,1.48381,1.4842,1.00,1.00
2015.03.09 07:31:26.545,1.48375,1.4842,1.00,2.25
2015.03.09 07:31:26.596,1.48386,1.4842,1.00,1.50
2015.03.09 07:31:26.647,1.48386,1.48424,1.10,1.50
2015.03.09 07:31:27.001,1.4838,1.48424,1.50,1.00
2015.03.09 07:31:27.052,1.4839,1.48424,1.00,1.00
2015.03.09 07:31:27.205,1.48393,1.48429,1.17,1.00
2015.03.09 07:31:27.306,1.48391,1.48434,1.15,1.00
2015.03.09 07:31:27.408,1.48391,1.48438,1.65,1.00
2015.03.09 07:31:27.510,1.48391,1.48435,1.65,1.00
2015.03.09 07:31:27.945,1.48393,1.4844,1.17,2.25
2015.03.09 07:31:28.046,1.48396,1.4844,1.00,1.50
2015.03.09 07:31:28.394,1.48391,1.4844,2.40,2.25
2015.03.09 07:31:28.495,1.48391,1.48438,1.65,1.00
2015.03.09 07:31:29.039,1.48392,1.4844,1.15,1.50
2015.03.09 07:31:29.206,1.48392,1.48434,1.15,1.00
2015.03.09 07:31:30.144,1.48394,1.48439,1.10,1.37
2015.03.09 07:31:30.245,1.48394,1.4844,1.10,1.50
2015.03.09 07:31:30.795,1.48399,1.4844,1.00,1.50
2015.03.09 07:31:31.108,1.48401,1.4844,1.00,1.00
2015.03.09 07:31:31.363,1.48397,1.4844,1.00,1.00
2015.03.09 07:31:33.079,1.48397,1.4844,1.00,1.37
2015.03.09 07:31:33.631,1.48398,1.48441,1.00,1.37
2015.03.09 07:31:34.374,1.48398,1.48442,1.00,1.87
2015.03.09 07:31:34.476,1.48399,1.48439,1.00,1.00
2015.03.09 07:31:34.780,1.48399,1.48442,1.00,1.37
2015.03.09 07:31:34.831,1.48399,1.48442,1.00,1.00
2015.03.09 07:31:34.882,1.48399,1.48435,1.00,1.00
2015.03.09 07:31:35.218,1.48405,1.48434,1.00,1.00
2015.03.09 07:31:35.569,1.48404,1.48439,1.00,1.00
2015.03.09 07:31:35.772,1.48404,1.48435,1.00,1.00
2015.03.09 07:31:36.077,1.48402,1.4844,1.00,1.00
2015.03.09 07:31:36.533,1.48402,1.48442,1.00,1.00
2015.03.09 07:31:36.638,1.48402,1.4844,1.00,1.00
2015.03.09 07:31:37.106,1.48402,1.48442,1.00,1.00
2015.03.09 07:31:37.173,1.48402,1.48439,1.00,1.00
2015.03.09 07:31:37.834,1.48402,1.4844,1.00,1.00
2015.03.09 07:31:38.604,1.48402,1.48439,1.00,1.00
2015.03.09 07:31:40.034,1.48402,1.48434,1.00,1.00
2015.03.09 07:31:41.135,1.48402,1.48439,1.00,1.00
2015.03.09 07:31:44.895,1.48402,1.48442,1.00,1.12
2015.03.09 07:31:49.527,1.48402,1.48439,1.00,1.00
2015.03.09 07:31:49.628,1.48402,1.48442,1.00,1.00
2015.03.09 07:31:50.274,1.48402,1.48444,1.00,1.50
2015.03.09 07:31:51.086,1.48402,1.48439,1.00,1.00
2015.03.09 07:31:51.138,1.484,1.48439,1.00,1.00
2015.03.09 07:31:51.189,1.48401,1.48434,1.00,1.00
2015.03.09 07:31:51.290,1.48399,1.48435,1.00,1.00
2015.03.09 07:31:51.392,1.48399,1.48439,1.00,1.00
2015.03.09 07:31:51.696,1.484,1.48442,1.00,1.00
2015.03.09 07:31:52.154,1.48403,1.48442,1.00,1.00
2015.03.09 07:31:52.205,1.48403,1.48444,1.00,1.50
2015.03.09 07:31:52.508,1.48403,1.48442,1.00,1.00
2015.03.09 07:31:52.559,1.484,1.48442,1.00,1.12
2015.03.09 07:31:54.161,1.484,1.48441,1.00,1.00
2015.03.09 07:31:54.681,1.48399,1.48441,1.00,1.00
2015.03.09 07:31:55.830,1.484,1.48441,1.00,1.00
2015.03.09 07:31:56.208,1.484,1.48434,1.50,1.00
2015.03.09 07:31:58.039,1.48403,1.48434,1.00,1.00
2015.03.09 07:31:58.563,1.48403,1.48435,1.00,1.00
2015.03.09 07:31:59.164,1.48403,1.48434,1.00,1.00
2015.03.09 07:31:59.426,1.48403,1.4844,1.00,1.00
2015.03.09 07:31:59.889,1.48403,1.4844,1.00,1.37
2015.03.09 07:32:00.213,1.48403,1.48434,1.00,1.00
2015.03.09 07:32:00.264,1.48399,1.48434,1.00,1.00
2015.03.09 07:32:00.623,1.48399,1.4844,1.00,1.37
2015.03.09 07:32:00.877,1.48401,1.48445,1.00,1.87
2015.03.09 07:32:01.214,1.48402,1.48444,1.00,1.37
2015.03.09 07:32:01.526,1.48406,1.48447,1.00,1.37
2015.03.09 07:32:01.859,1.48407,1.48439,1.00,1.00
2015.03.09 07:32:02.365,1.48408,1.48439,1.00,1.00
2015.03.09 07:32:03.774,1.48408,1.48444,1.00,1.00
2015.03.09 07:32:04.059,1.48408,1.4845,1.00,1.00
2015.03.09 07:32:05.025,1.48416,1.48451,1.00,1.50
2015.03.09 07:32:05.329,1.48433,1.48462,1.00,1.00
2015.03.09 07:32:05.482,1.48435,1.48469,1.00,1.00
2015.03.09 07:32:05.938,1.4843,1.48469,1.00,1.50
2015.03.09 07:32:06.040,1.48429,1.48465,1.10,1.00
2015.03.09 07:32:06.689,1.48429,1.48469,1.10,1.50
2015.03.09 07:32:07.100,1.4843,1.48465,1.00,1.00
2015.03.09 07:32:07.423,1.4843,1.4846,1.00,1.00
2015.03.09 07:32:07.535,1.4843,1.48465,1.00,1.00
2015.03.09 07:32:08.675,1.4843,1.48464,1.00,1.00
2015.03.09 07:32:09.843,1.4843,1.48471,1.50,1.00
2015.03.09 07:32:09.894,1.48432,1.48471,1.00,1.00
2015.03.09 07:32:10.411,1.48435,1.48471,1.00,1.00
2015.03.09 07:32:10.512,1.48435,1.48474,1.00,1.00
2015.03.09 07:32:10.866,1.48433,1.48474,1.00,1.00
2015.03.09 07:32:10.968,1.48433,1.48469,1.00,1.00
2015.03.09 07:32:11.405,1.48433,1.48474,1.00,1.50
2015.03.09 07:32:12.306,1.48435,1.48474,1.00,1.00
2015.03.09 07:32:12.408,1.48433,1.48474,1.00,1.50
2015.03.09 07:32:13.363,1.48433,1.48469,1.00,1.00
2015.03.09 07:32:13.616,1.48434,1.48474,1.00,1.00
2015.03.09 07:32:13.717,1.48434,1.4847,1.00,1.00
2015.03.09 07:32:13.971,1.48441,1.48478,1.00,1.00
2015.03.09 07:32:14.072,1.48446,1.4848,1.00,1.50
2015.03.09 07:32:14.275,1.48448,1.48488,1.00,1.00
2015.03.09 07:32:14.377,1.48455,1.48492,1.00,1.87
2015.03.09 07:32:15.019,1.48451,1.48492,1.00,1.37
2015.03.09 07:32:15.070,1.48453,1.48492,1.00,1.37
2015.03.09 07:32:15.171,1.48451,1.48492,1.50,1.00
2015.03.09 07:32:15.273,1.48456,1.48492,1.00,1.00
2015.03.09 07:32:15.564,1.4845,1.48492,1.00,1.00
2015.03.09 07:32:15.782,1.48447,1.48489,1.50,1.00
2015.03.09 07:32:16.113,1.4845,1.48492,1.00,1.00
2015.03.09 07:32:17.219,1.48451,1.48492,1.00,1.00
2015.03.09 07:32:17.555,1.48455,1.4849,1.00,1.00
2015.03.09 07:32:18.223,1.48455,1.48491,1.00,1.00
2015.03.09 07:32:18.744,1.48455,1.48492,1.00,1.50
2015.03.09 07:32:20.214,1.48456,1.48492,1.00,1.00
2015.03.09 07:32:20.428,1.48451,1.48494,1.00,1.50
2015.03.09 07:32:20.529,1.48455,1.48494,1.00,1.00
2015.03.09 07:32:20.835,1.48465,1.48499,1.00,1.00
2015.03.09 07:32:20.886,1.48466,1.48504,1.00,1.37
2015.03.09 07:32:21.089,1.4847,1.48504,1.00,1.50
2015.03.09 07:32:21.656,1.48466,1.48504,1.00,1.00
2015.03.09 07:32:22.162,1.48465,1.48505,1.00,1.87
2015.03.09 07:32:22.517,1.48473,1.48505,1.00,1.00
2015.03.09 07:32:22.618,1.48471,1.48516,1.00,1.37
2015.03.09 07:32:22.720,1.48481,1.48516,1.00,1.00
2015.03.09 07:32:22.771,1.48481,1.48518,1.00,1.12
2015.03.09 07:32:22.974,1.48472,1.48518,1.00,1.12
2015.03.09 07:32:23.278,1.48475,1.48518,1.00,1.12
2015.03.09 07:32:23.582,1.4848,1.48518,1.00,1.00
2015.03.09 07:32:28.224,1.4848,1.48517,1.00,1.00
2015.03.09 07:32:29.532,1.48471,1.48517,1.00,1.00
2015.03.09 07:32:29.685,1.48471,1.48515,1.00,1.00
2015.03.09 07:32:29.887,1.48469,1.48514,1.00,1.00
2015.03.09 07:32:30.428,1.48468,1.48515,2.25,1.00
2015.03.09 07:32:30.642,1.4847,1.48515,1.00,1.00
2015.03.09 07:32:31.330,1.48469,1.48515,1.00,1.00
2015.03.09 07:32:31.658,1.48471,1.48516,1.00,1.50
2015.03.09 07:32:32.864,1.48476,1.48516,1.00,1.00
2015.03.09 07:32:32.966,1.48472,1.48516,1.00,1.00
2015.03.09 07:32:33.104,1.4847,1.48516,1.50,1.00
2015.03.09 07:32:33.515,1.48468,1.48514,2.25,1.00
2015.03.09 07:32:34.643,1.48471,1.48516,1.00,1.00
2015.03.09 07:32:35.802,1.48471,1.48514,1.00,1.00
2015.03.09 07:32:38.153,1.48468,1.48509,1.50,1.00
2015.03.09 07:32:38.383,1.48471,1.48514,1.00,1.00
2015.03.09 07:32:39.883,1.4847,1.48515,1.50,1.00
2015.03.09 07:32:40.137,1.48476,1.48519,1.00,1.00
2015.03.09 07:32:40.340,1.48471,1.48515,1.00,1.50
2015.03.09 07:32:40.855,1.48471,1.48514,1.00,1.00
2015.03.09 07:32:40.906,1.48471,1.48512,1.00,1.00
2015.03.09 07:32:41.449,1.48469,1.48513,1.00,1.00
2015.03.09 07:32:41.912,1.48471,1.48513,1.00,1.00
2015.03.09 07:32:43.993,1.48471,1.48514,2.25,1.00
2015.03.09 07:32:44.723,1.4847,1.48514,1.00,1.00
2015.03.09 07:32:47.496,1.4847,1.48513,1.00,1.00
2015.03.09 07:32:47.800,1.48468,1.48511,1.00,1.00
2015.03.09 07:32:48.104,1.48471,1.48511,1.00,1.00
2015.03.09 07:32:48.633,1.4847,1.4851,1.00,1.00
2015.03.09 07:32:49.050,1.48468,1.48509,1.00,1.00
2015.03.09 07:32:49.232,1.48466,1.48509,1.00,1.00
2015.03.09 07:32:49.913,1.48465,1.48512,2.25,1.12
2015.03.09 07:32:49.965,1.48465,1.48512,2.25,1.37
2015.03.09 07:32:50.269,1.48461,1.48501,1.50,1.00
2015.03.09 07:32:50.573,1.48455,1.48499,1.00,1.00
2015.03.09 07:32:51.108,1.48454,1.48499,1.00,1.00
2015.03.09 07:32:51.314,1.48456,1.48499,1.00,1.00
2015.03.09 07:32:52.228,1.48452,1.48494,1.50,1.00
2015.03.09 07:32:52.552,1.48455,1.48492,1.00,1.00
2015.03.09 07:32:52.755,1.48447,1.48493,1.00,1.87
2015.03.09 07:32:52.857,1.48447,1.48493,1.00,2.25
2015.03.09 07:32:53.935,1.48446,1.48491,1.00,1.37
2015.03.09 07:32:54.087,1.48442,1.48485,1.00,1.00
2015.03.09 07:32:55.064,1.48441,1.48484,1.00,1.00
2015.03.09 07:32:55.535,1.48441,1.48482,1.00,1.00
2015.03.09 07:32:55.839,1.48435,1.48479,1.50,1.12
2015.03.09 07:32:55.991,1.48435,1.48475,1.00,1.00
2015.03.09 07:32:56.042,1.48431,1.48475,1.00,1.00
2015.03.09 07:32:56.315,1.48431,1.48471,1.00,1.00
2015.03.09 07:32:57.079,1.4843,1.48471,1.00,1.00
2015.03.09 07:32:57.583,1.48431,1.48471,1.00,1.00
2015.03.09 07:32:58.093,1.4843,1.4847,1.50,1.00
2015.03.09 07:32:58.673,1.48431,1.4847,1.00,1.00
2015.03.09 07:32:59.693,1.48426,1.4846,1.00,1.00
2015.03.09 07:32:59.795,1.48421,1.48459,1.50,1.00
2015.03.09 07:32:59.896,1.48426,1.48459,1.00,1.00
2015.03.09 07:32:59.948,1.48426,1.48468,1.00,1.37
2015.03.09 07:33:00.049,1.4843,1.48468,1.00,1.00
2015.03.09 07:33:00.150,1.48427,1.48466,1.00,1.00
2015.03.09 07:33:00.354,1.48426,1.48468,1.50,1.00
2015.03.09 07:33:00.455,1.48431,1.48471,1.00,1.00
2015.03.09 07:33:00.811,1.48426,1.48472,1.50,1.00
2015.03.09 07:33:00.913,1.48428,1.48472,1.00,1.00
2015.03.09 07:33:01.217,1.48431,1.48474,1.00,1.00
2015.03.09 07:33:01.774,1.48431,1.48473,1.00,1.00
2015.03.09 07:33:02.129,1.48431,1.48477,1.50,1.37
2015.03.09 07:33:02.733,1.48431,1.48477,1.50,1.00
2015.03.09 07:33:02.784,1.48426,1.48467,1.00,1.00
2015.03.09 07:33:02.987,1.48431,1.48473,1.00,1.00
2015.03.09 07:33:03.491,1.48431,1.48475,1.00,1.87
2015.03.09 07:33:04.011,1.4843,1.48475,1.50,1.87
2015.03.09 07:33:04.932,1.48431,1.48475,1.00,1.87
2015.03.09 07:33:05.405,1.48426,1.48465,1.00,1.00
2015.03.09 07:33:05.558,1.48421,1.48462,1.00,1.12
2015.03.09 07:33:05.659,1.48415,1.4846,1.00,1.50
2015.03.09 07:33:05.760,1.48422,1.4846,1.00,1.00
2015.03.09 07:33:05.862,1.4842,1.48464,1.00,1.00
2015.03.09 07:33:06.389,1.48421,1.48467,1.50,1.00
2015.03.09 07:33:06.542,1.48426,1.48467,1.00,1.00
2015.03.09 07:33:06.643,1.48424,1.48467,1.00,1.00
2015.03.09 07:33:06.745,1.48424,1.48469,1.00,1.00
2015.03.09 07:33:06.847,1.48421,1.48467,1.00,1.00
2015.03.09 07:33:07.981,1.48421,1.48466,1.00,1.00
2015.03.09 07:33:08.288,1.48416,1.48463,1.57,1.00
2015.03.09 07:33:08.789,1.48416,1.48462,1.57,1.00
2015.03.09 07:33:08.840,1.48421,1.48462,1.00,1.00
2015.03.09 07:33:09.043,1.48415,1.48462,3.07,1.00
2015.03.09 07:33:09.376,1.48415,1.48458,1.07,1.00
2015.03.09 07:33:09.479,1.4841,1.48453,1.00,1.00
2015.03.09 07:33:09.732,1.48411,1.48456,1.00,1.12
2015.03.09 07:33:10.239,1.48412,1.48456,1.00,1.12
2015.03.09 07:33:10.393,1.48416,1.48456,1.00,1.00
2015.03.09 07:33:10.499,1.48417,1.48464,1.00,1.00
2015.03.09 07:33:10.702,1.48416,1.48462,1.00,1.00
2015.03.09 07:33:11.006,1.48418,1.48462,1.00,1.00
2015.03.09 07:33:11.373,1.48421,1.48465,1.00,1.50
2015.03.09 07:33:11.879,1.4842,1.48464,1.00,1.00
2015.03.09 07:33:11.930,1.48421,1.48466,1.00,1.00
2015.03.09 07:33:12.235,1.48421,1.48462,1.00,1.00
2015.03.09 07:33:12.337,1.48415,1.48462,2.25,1.00
2015.03.09 07:33:12.959,1.48415,1.48461,1.50,1.00
2015.03.09 07:33:13.495,1.48416,1.4846,1.00,1.00
2015.03.09 07:33:13.647,1.48414,1.48459,1.00,1.00
2015.03.09 07:33:14.197,1.48415,1.4846,1.00,1.50
2015.03.09 07:33:14.302,1.48413,1.48459,1.00,1.00
2015.03.09 07:33:14.772,1.48411,1.48455,1.00,1.00
2015.03.09 07:33:15.076,1.48411,1.48453,1.00,1.37
2015.03.09 07:33:15.127,1.48408,1.48451,1.00,1.37
2015.03.09 07:33:15.341,1.48406,1.48451,1.00,1.37
2015.03.09 07:33:15.846,1.4841,1.48451,1.00,1.37
2015.03.09 07:33:16.151,1.48419,1.48455,2.25,2.25
2015.03.09 07:33:18.184,1.48419,1.4844,2.17,1.10
2015.03.09 07:33:18.235,1.48406,1.4844,5.10,1.20
2015.03.09 07:33:18.387,1.48411,1.48444,1.07,2.17
2015.03.09 07:33:18.438,1.48412,1.48448,2.25,2.25
2015.03.09 07:33:19.107,1.48414,1.48448,2.25,2.17
2015.03.09 07:33:19.158,1.48416,1.48451,2.25,2.25
2015.03.09 07:33:26.213,1.48417,1.48451,2.25,2.17
2015.03.09 07:33:26.264,1.48419,1.48455,2.25,2.25
2015.03.09 07:33:26.503,1.48419,1.48453,2.25,2.25
2015.03.09 07:33:26.554,1.48417,1.48452,2.25,2.25
2015.03.09 07:33:26.944,1.48421,1.48457,2.25,2.25
2015.03.09 07:33:27.046,1.48425,1.48459,4.35,1.20
2015.03.09 07:33:27.745,1.48428,1.48464,2.25,1.15
2015.03.09 07:33:29.255,1.48432,1.48464,2.25,1.17
2015.03.09 07:33:29.458,1.48435,1.48468,2.25,1.17
2015.03.09 07:33:29.821,1.48438,1.48471,2.25,2.25
2015.03.09 07:33:29.871,1.48439,1.48473,2.25,2.02
2015.03.09 07:33:30.551,1.48435,1.48471,2.25,2.25
2015.03.09 07:33:38.976,1.48435,1.4847,2.25,2.25
2015.03.09 07:33:39.027,1.48433,1.48468,2.25,2.25
2015.03.09 07:33:39.961,1.48433,1.48467,2.25,2.25
2015.03.09 07:33:40.012,1.4843,1.48466,3.00,2.25
2015.03.09 07:33:40.166,1.4843,1.48464,2.17,2.25
2015.03.09 07:33:40.218,1.48427,1.48462,2.25,2.25
2015.03.09 07:33:44.370,1.48427,1.4846,2.17,2.25
2015.03.09 07:33:44.421,1.48425,1.48459,1.15,2.25
2015.03.09 07:33:49.448,1.48426,1.4846,2.25,2.25
2015.03.09 07:33:49.500,1.48426,1.48462,2.25,2.25
2015.03.09 07:33:49.551,1.48429,1.48463,2.25,2.25
2015.03.09 07:33:50.061,1.48431,1.48464,1.17,2.25
2015.03.09 07:33:54.891,1.48436,1.48464,1.00,2.25
2015.03.09 07:33:56.343,1.48432,1.48464,1.07,2.25
2015.03.09 07:33:57.084,1.48431,1.48466,4.50,2.25
2015.03.09 07:33:57.136,1.48431,1.48469,3.75,2.25
2015.03.09 07:33:57.649,1.48436,1.48469,1.00,2.25
2015.03.09 07:33:58.006,1.48431,1.48466,1.15,2.25
2015.03.09 07:33:58.514,1.48429,1.48466,3.00,2.25
2015.03.09 07:34:04.199,1.48428,1.4846,2.25,2.17
2015.03.09 07:34:04.250,1.48425,1.4846,1.15,2.25
2015.03.09 07:34:04.301,1.48425,1.48455,1.07,2.17
2015.03.09 07:34:04.352,1.48421,1.48455,1.15,2.25
2015.03.09 07:34:07.422,1.48421,1.4845,1.07,2.17
2015.03.09 07:34:07.675,1.48416,1.4845,1.15,2.25
2015.03.09 07:34:12.981,1.48414,1.48445,2.25,1.00
2015.03.09 07:34:13.032,1.48413,1.4844,2.17,2.17
2015.03.09 07:34:13.083,1.48405,1.4844,2.40,2.25
2015.03.09 07:34:13.134,1.48405,1.48435,1.07,2.17
2015.03.09 07:34:13.185,1.48401,1.48435,1.10,2.25
2015.03.09 07:34:14.030,1.48405,1.48435,1.00,2.25
2015.03.09 07:34:14.580,1.48406,1.48436,1.00,2.25
2015.03.09 07:34:14.631,1.48403,1.48438,2.25,2.25
2015.03.09 07:34:14.682,1.48403,1.4844,4.35,4.35
2015.03.09 07:34:14.936,1.48403,1.48436,2.25,2.25
2015.03.09 07:34:14.987,1.48401,1.48436,1.15,2.25
2015.03.09 07:34:15.140,1.48406,1.48436,1.00,2.25
2015.03.09 07:34:15.242,1.484,1.48436,2.25,2.25
2015.03.09 07:34:16.031,1.48406,1.48436,1.00,3.00
2015.03.09 07:34:16.340,1.484,1.48436,3.00,3.00
2015.03.09 07:34:17.603,1.484,1.48433,2.25,1.45
2015.03.09 07:34:17.654,1.48398,1.48428,2.17,2.17
2015.03.09 07:34:17.705,1.48391,1.48428,1.15,5.10
2015.03.09 07:34:17.807,1.4839,1.48424,2.25,2.25
2015.03.09 07:34:17.858,1.48388,1.48423,3.00,2.25
2015.03.09 07:34:17.909,1.48388,1.48419,2.17,2.25
2015.03.09 07:34:17.960,1.48382,1.48418,3.00,3.00
2015.03.09 07:34:18.253,1.48379,1.48415,2.25,2.25
2015.03.09 07:34:18.557,1.48382,1.48418,2.25,2.25
2015.03.09 07:34:18.863,1.48385,1.48414,2.25,1.00
2015.03.09 07:34:18.914,1.48385,1.4842,2.25,3.00
2015.03.09 07:34:19.015,1.48387,1.48419,2.25,1.07
2015.03.09 07:34:19.066,1.48387,1.48419,4.35,1.00
2015.03.09 07:34:19.117,1.4839,1.4842,2.25,1.00
2015.03.09 07:34:19.219,1.48391,1.48424,2.17,1.07
2015.03.09 07:34:19.270,1.48382,1.48424,1.50,1.00
2015.03.09 07:34:19.781,1.48382,1.48425,1.00,1.00
2015.03.09 07:34:19.882,1.4839,1.48425,2.17,1.07
2015.03.09 07:34:20.406,1.48391,1.48425,2.25,1.15
2015.03.09 07:34:20.559,1.48398,1.48434,2.25,3.75
2015.03.09 07:34:22.758,1.48396,1.4843,2.25,2.17
2015.03.09 07:34:23.625,1.48395,1.4843,2.25,2.25
2015.03.09 07:34:36.685,1.48398,1.48431,2.25,2.25
2015.03.09 07:34:36.736,1.48398,1.48433,2.25,2.25
2015.03.09 07:34:41.386,1.48398,1.48431,2.17,2.25
2015.03.09 07:34:41.437,1.48394,1.4843,2.25,2.25
2015.03.09 07:34:43.449,1.48394,1.48427,2.17,2.25
2015.03.09 07:34:43.500,1.48391,1.48426,1.15,2.25
2015.03.09 07:34:43.867,1.48392,1.48426,1.15,2.25
2015.03.09 07:34:43.918,1.48392,1.48429,3.00,2.25
2015.03.09 07:34:46.271,1.48395,1.48429,2.25,2.25
2015.03.09 07:34:46.322,1.48395,1.48433,5.10,4.35
2015.03.09 07:34:46.374,1.48398,1.48433,2.25,2.25
2015.03.09 07:34:46.425,1.48399,1.48435,2.25,2.25
2015.03.09 07:34:49.598,1.48402,1.48435,2.25,2.17
2015.03.09 07:34:49.649,1.48403,1.48439,2.25,2.25
2015.03.09 07:34:52.792,1.48403,1.48436,2.25,2.25
2015.03.09 07:34:52.844,1.48401,1.48436,1.15,4.35
2015.03.09 07:34:54.402,1.48399,1.48432,2.17,2.25
2015.03.09 07:34:54.453,1.48397,1.48432,1.15,4.35
2015.03.09 07:34:54.835,1.48398,1.48433,2.25,2.25
2015.03.09 07:34:58.131,1.484,1.48431,1.00,2.25
2015.03.09 07:34:58.619,1.48398,1.48431,1.10,2.25
2015.03.09 07:35:02.632,1.48398,1.48435,1.15,4.35
2015.03.09 07:35:05.665,1.48401,1.48439,4.35,4.35
2015.03.09 07:35:05.969,1.48398,1.48435,1.15,4.35
2015.03.09 07:35:13.554,1.48401,1.48438,5.10,4.35
2015.03.09 07:35:13.656,1.48404,1.48442,4.35,4.35
2015.03.09 07:35:15.766,1.48408,1.48445,4.35,1.15
2015.03.09 07:35:18.695,1.48407,1.48441,1.65,2.25
2015.03.09 07:35:22.185,1.48414,1.48442,2.17,2.17
2015.03.09 07:35:22.236,1.48414,1.48444,2.25,1.00
2015.03.09 07:35:22.439,1.48417,1.48445,2.25,1.12
2015.03.09 07:35:22.541,1.48418,1.48449,2.25,1.10
2015.03.09 07:35:22.642,1.48421,1.4845,2.25,1.07
2015.03.09 07:35:22.947,1.48423,1.4845,2.25,1.00
2015.03.09 07:35:23.452,1.48423,1.48449,2.25,1.00
2015.03.09 07:35:24.607,1.48419,1.48449,2.25,1.00
2015.03.09 07:35:25.542,1.48419,1.48446,2.25,1.00
2015.03.09 07:35:25.649,1.48419,1.4845,2.25,1.00
2015.03.09 07:35:26.156,1.48419,1.48452,2.25,1.17
2015.03.09 07:35:26.770,1.48419,1.4845,2.25,1.00
2015.03.09 07:35:27.840,1.48419,1.48449,2.25,1.00
2015.03.09 07:35:28.767,1.48422,1.48449,2.25,1.00
2015.03.09 07:35:29.285,1.48423,1.4845,2.25,1.00
2015.03.09 07:35:29.792,1.48423,1.48449,2.25,1.00
2015.03.09 07:35:30.150,1.48423,1.48454,2.25,1.00
2015.03.09 07:35:33.892,1.48423,1.48449,2.25,1.00
2015.03.09 07:35:34.044,1.48423,1.48454,2.25,1.00
2015.03.09 07:35:34.348,1.48427,1.48455,2.25,1.12
2015.03.09 07:35:34.501,1.48436,1.4847,4.35,2.40
2015.03.09 07:35:34.552,1.48442,1.48469,2.17,1.00
2015.03.09 07:35:34.856,1.48454,1.48485,2.25,1.45
2015.03.09 07:35:35.008,1.48455,1.4849,2.25,1.55
2015.03.09 07:35:35.059,1.48459,1.4849,2.25,1.07
2015.03.09 07:35:35.375,1.48468,1.4849,2.25,1.00
2015.03.09 07:35:35.527,1.48462,1.4849,1.00,1.00
2015.03.09 07:35:35.680,1.48458,1.4849,1.00,1.00
2015.03.09 07:35:35.781,1.48457,1.48494,1.00,1.00
2015.03.09 07:35:35.883,1.48457,1.48489,1.00,1.00
2015.03.09 07:35:35.984,1.48457,1.48494,1.00,1.00
2015.03.09 07:35:36.136,1.48457,1.48489,1.00,1.00
2015.03.09 07:35:36.238,1.48454,1.4849,1.00,1.00
2015.03.09 07:35:36.442,1.48446,1.48489,1.10,1.00
2015.03.09 07:35:36.970,1.48447,1.48494,1.00,1.00
2015.03.09 07:35:37.122,1.48451,1.48494,1.00,1.00
2015.03.09 07:35:37.275,1.48446,1.48491,1.00,1.00
2015.03.09 07:35:37.479,1.48443,1.4849,1.00,1.00
2015.03.09 07:35:37.580,1.48446,1.48491,1.00,1.00
2015.03.09 07:35:37.901,1.48446,1.48489,1.00,1.00
2015.03.09 07:35:37.953,1.48443,1.48489,1.00,1.50
2015.03.09 07:35:38.425,1.48441,1.48489,2.25,1.50
2015.03.09 07:35:38.793,1.48445,1.48489,1.00,1.00
2015.03.09 07:35:40.118,1.48446,1.48488,1.00,1.00
2015.03.09 07:35:40.692,1.48446,1.48489,1.00,1.50
2015.03.09 07:35:41.080,1.48446,1.48487,1.00,1.00
2015.03.09 07:35:41.446,1.48446,1.48489,1.00,1.00
2015.03.09 07:35:41.547,1.48443,1.48489,1.00,1.00
2015.03.09 07:35:42.003,1.48443,1.48487,1.00,1.00
2015.03.09 07:35:43.611,1.48443,1.48488,1.00,1.00
2015.03.09 07:35:43.927,1.48445,1.48488,1.00,1.00
2015.03.09 07:35:44.079,1.48445,1.48493,1.50,1.87
2015.03.09 07:35:44.182,1.48445,1.4849,1.10,1.00
2015.03.09 07:35:44.664,1.48445,1.48492,1.10,1.00
2015.03.09 07:35:44.867,1.48444,1.4849,1.17,1.00
2015.03.09 07:35:45.087,1.48444,1.48492,1.17,1.12
2015.03.09 07:35:45.480,1.48444,1.4849,1.17,1.00
2015.03.09 07:35:46.077,1.48444,1.48491,1.17,1.00
2015.03.09 07:35:46.820,1.48444,1.4849,1.17,1.00
2015.03.09 07:35:47.124,1.48448,1.48494,2.92,1.87
2015.03.09 07:35:47.378,1.48451,1.48495,1.15,1.00
2015.03.09 07:35:48.174,1.48453,1.48494,1.07,1.00
2015.03.09 07:35:48.478,1.48453,1.48499,1.07,1.37
2015.03.09 07:35:48.580,1.48456,1.48499,1.00,1.37
2015.03.09 07:35:48.891,1.48456,1.48494,1.00,1.00
2015.03.09 07:35:49.414,1.48455,1.48494,1.00,1.00
2015.03.09 07:35:49.943,1.48454,1.48494,1.10,1.00
2015.03.09 07:35:51.012,1.4846,1.485,1.00,1.00
2015.03.09 07:35:51.316,1.48461,1.48499,1.15,1.00
2015.03.09 07:35:51.863,1.4846,1.485,1.15,1.00
2015.03.09 07:35:52.882,1.48459,1.48499,2.25,1.00
2015.03.09 07:35:53.405,1.48459,1.48499,2.25,1.37
2015.03.09 07:35:54.204,1.48454,1.485,1.50,1.87
2015.03.09 07:35:54.457,1.48453,1.48494,1.00,1.00
2015.03.09 07:35:56.292,1.48452,1.48494,1.10,1.00
2015.03.09 07:35:57.072,1.48453,1.48494,1.00,1.00
2015.03.09 07:35:57.401,1.48453,1.4849,1.00,1.00
2015.03.09 07:35:57.717,1.48453,1.48495,1.00,1.00
2015.03.09 07:35:58.304,1.48453,1.48489,1.00,1.00
2015.03.09 07:35:58.901,1.48452,1.48489,1.10,1.00
2015.03.09 07:36:00.618,1.48454,1.48489,1.00,1.00
2015.03.09 07:36:01.119,1.48453,1.48489,1.00,1.00
2015.03.09 07:36:01.634,1.48456,1.48489,1.00,1.00
2015.03.09 07:36:03.462,1.48456,1.48495,1.00,1.00
2015.03.09 07:36:03.563,1.48456,1.48489,1.00,1.00
2015.03.09 07:36:04.109,1.48455,1.48489,1.00,1.00
2015.03.09 07:36:05.520,1.48455,1.48494,1.00,1.00
2015.03.09 07:36:06.950,1.48455,1.48495,1.00,1.00
2015.03.09 07:36:07.479,1.48456,1.48494,1.00,1.00
2015.03.09 07:36:07.631,1.48456,1.485,1.00,1.87
2015.03.09 07:36:07.784,1.48458,1.485,1.00,1.87
2015.03.09 07:36:08.089,1.48458,1.48494,1.00,1.00
2015.03.09 07:36:08.191,1.48458,1.485,1.00,1.87
2015.03.09 07:36:09.338,1.48459,1.48499,1.00,1.37
2015.03.09 07:36:09.402,1.48459,1.48499,1.00,1.00
2015.03.09 07:36:09.639,1.48456,1.48499,1.00,1.37
2015.03.09 07:36:09.965,1.48459,1.48499,1.00,1.00
2015.03.09 07:36:10.529,1.48459,1.485,1.00,1.00
2015.03.09 07:36:11.067,1.48459,1.48499,1.00,1.00
2015.03.09 07:36:11.422,1.48461,1.48499,1.00,1.00
2015.03.09 07:36:11.953,1.48462,1.48499,1.00,1.00
2015.03.09 07:36:12.479,1.48463,1.48499,1.00,1.00
2015.03.09 07:36:13.574,1.48463,1.48504,1.00,1.00
2015.03.09 07:36:13.727,1.48461,1.48504,1.00,1.00
2015.03.09 07:36:14.233,1.48461,1.48505,1.00,1.50
2015.03.09 07:36:15.651,1.48461,1.48499,1.00,1.00
2015.03.09 07:36:15.806,1.48459,1.48499,1.00,1.00
2015.03.09 07:36:18.206,1.48459,1.485,1.00,1.00
2015.03.09 07:36:18.798,1.48459,1.48499,1.00,1.00
2015.03.09 07:36:21.958,1.48461,1.48499,1.00,1.37
2015.03.09 07:36:22.262,1.48465,1.48504,1.00,1.00
2015.03.09 07:36:22.516,1.48467,1.48505,1.00,1.00
2015.03.09 07:36:23.148,1.48466,1.48505,1.00,1.00
2015.03.09 07:36:23.923,1.48467,1.48505,1.00,1.00
2015.03.09 07:36:24.442,1.48466,1.48504,1.00,1.00
2015.03.09 07:36:27.118,1.48465,1.48505,1.50,1.00
2015.03.09 07:36:28.359,1.48465,1.48505,1.00,1.37
2015.03.09 07:36:28.979,1.48465,1.48505,1.00,1.37
2015.03.09 07:36:30.168,1.48465,1.48505,1.00,1.00
2015.03.09 07:36:30.371,1.48471,1.48505,1.00,1.00
2015.03.09 07:36:30.422,1.48471,1.48509,1.50,1.37
2015.03.09 07:36:30.473,1.48477,1.48509,1.00,1.00
2015.03.09 07:36:30.727,1.48478,1.48514,1.00,1.00
2015.03.09 07:36:31.081,1.4848,1.48515,1.00,1.00
2015.03.09 07:36:31.436,1.48478,1.48514,1.00,1.00
2015.03.09 07:36:32.514,1.4848,1.48514,1.00,1.00
2015.03.09 07:36:33.945,1.48479,1.48509,1.00,1.00
2015.03.09 07:36:34.046,1.48479,1.48514,1.00,1.00
2015.03.09 07:36:34.248,1.48478,1.48519,1.25,1.00
2015.03.09 07:36:34.573,1.48479,1.48514,1.00,1.00
2015.03.09 07:36:34.780,1.48478,1.48519,1.25,1.00
2015.03.09 07:36:34.831,1.48482,1.48519,1.00,1.00
2015.03.09 07:36:35.140,1.4848,1.4852,1.00,1.00
2015.03.09 07:36:36.273,1.48478,1.4852,1.00,1.50
2015.03.09 07:36:36.818,1.48478,1.48519,1.00,1.00
2015.03.09 07:36:37.343,1.48479,1.4852,1.00,1.50
2015.03.09 07:36:38.648,1.48479,1.48515,1.00,1.00
2015.03.09 07:36:39.546,1.48479,1.48519,1.00,1.00
2015.03.09 07:36:40.639,1.48479,1.48515,1.00,1.00
2015.03.09 07:36:41.930,1.48479,1.48514,1.00,1.00
2015.03.09 07:36:45.588,1.4848,1.48514,1.00,1.00
2015.03.09 07:36:51.333,1.48478,1.48514,1.00,1.00
2015.03.09 07:36:53.611,1.48478,1.48515,1.00,1.00
2015.03.09 07:36:54.116,1.48479,1.48515,1.00,1.00
2015.03.09 07:36:55.349,1.48479,1.48514,1.00,1.00
2015.03.09 07:36:55.859,1.48481,1.48514,1.00,1.00
2015.03.09 07:36:56.808,1.48479,1.48514,1.00,1.00
2015.03.09 07:36:57.159,1.48477,1.48514,1.00,1.00
2015.03.09 07:36:57.693,1.48476,1.48515,1.00,1.00
2015.03.09 07:37:00.411,1.48476,1.48515,1.00,1.37
2015.03.09 07:37:00.512,1.48471,1.48512,1.00,1.00
2015.03.09 07:37:00.715,1.48472,1.48516,1.50,1.00
2015.03.09 07:37:00.766,1.48472,1.48509,1.50,1.00
2015.03.09 07:37:01.070,1.48474,1.4851,1.00,1.00
2015.03.09 07:37:01.383,1.48477,1.4851,1.00,1.00
2015.03.09 07:37:01.574,1.48474,1.4851,1.00,1.00
2015.03.09 07:37:01.675,1.48476,1.48514,1.00,1.00
2015.03.09 07:37:02.212,1.48476,1.48515,1.00,1.00
2015.03.09 07:37:03.171,1.4848,1.48514,1.00,1.00
2015.03.09 07:37:03.272,1.48477,1.48514,1.00,1.00
2015.03.09 07:37:04.259,1.48477,1.48515,1.00,1.00
2015.03.09 07:37:05.664,1.48475,1.48515,1.50,1.00
2015.03.09 07:37:08.438,1.48475,1.48514,1.50,1.00
2015.03.09 07:37:09.931,1.4847,1.48512,1.00,1.00
2015.03.09 07:37:10.134,1.48473,1.48512,1.00,1.00
2015.03.09 07:37:10.286,1.48473,1.48516,1.00,1.00
2015.03.09 07:37:10.782,1.48474,1.48514,1.00,1.00
2015.03.09 07:37:11.307,1.48473,1.48514,1.00,1.00
2015.03.09 07:37:12.398,1.48473,1.48515,1.00,1.00
2015.03.09 07:37:13.658,1.48474,1.48515,1.00,1.00
2015.03.09 07:37:13.962,1.48496,1.48523,1.00,1.00
2015.03.09 07:37:14.014,1.48493,1.48534,1.00,1.00
2015.03.09 07:37:14.116,1.48494,1.4854,1.00,1.50
2015.03.09 07:37:14.224,1.48497,1.48537,1.00,1.00
2015.03.09 07:37:15.690,1.48497,1.48535,1.00,1.00
2015.03.09 07:37:15.996,1.48497,1.48539,1.00,1.00
2015.03.09 07:37:16.047,1.48497,1.48535,1.00,1.00
2015.03.09 07:37:16.562,1.48496,1.48534,1.00,1.00
2015.03.09 07:37:17.175,1.48495,1.48535,1.00,1.00
2015.03.09 07:37:17.889,1.48495,1.48534,1.00,1.00
2015.03.09 07:37:20.457,1.48494,1.48534,2.25,1.00
2015.03.09 07:37:21.431,1.48494,1.4853,2.25,1.00
2015.03.09 07:37:21.736,1.48492,1.4853,1.00,1.00
2015.03.09 07:37:22.242,1.48492,1.48529,1.00,1.00
2015.03.09 07:37:22.743,1.48492,1.4853,1.00,1.00
2015.03.09 07:37:23.098,1.48492,1.48534,1.00,1.00
2015.03.09 07:37:23.615,1.48493,1.48534,1.00,1.00
2015.03.09 07:37:23.758,1.48491,1.48535,1.50,1.00
2015.03.09 07:37:24.646,1.4849,1.48535,2.32,1.00
2015.03.09 07:37:26.602,1.4849,1.48529,2.32,1.00
2015.03.09 07:37:26.907,1.4849,1.48524,1.00,1.00
2015.03.09 07:37:28.408,1.48487,1.48524,1.00,1.00
2015.03.09 07:37:29.796,1.48487,1.48525,1.50,1.00
2015.03.09 07:37:30.241,1.48487,1.4853,1.00,1.12
2015.03.09 07:37:30.343,1.48488,1.48525,1.00,1.00
2015.03.09 07:37:30.495,1.48485,1.48525,1.00,1.00
2015.03.09 07:37:31.018,1.48484,1.48525,1.50,1.00
2015.03.09 07:37:32.905,1.48484,1.4852,1.50,1.00
2015.03.09 07:37:33.349,1.48484,1.48524,1.50,1.00
2015.03.09 07:37:37.471,1.48484,1.48524,1.00,1.37
2015.03.09 07:37:38.141,1.48484,1.48519,1.00,1.00
2015.03.09 07:37:38.460,1.48485,1.48514,1.00,1.00
2015.03.09 07:37:38.511,1.48484,1.48519,1.00,1.00
2015.03.09 07:37:38.613,1.48483,1.48515,1.00,1.00
2015.03.09 07:37:39.238,1.48482,1.4851,1.00,1.00
2015.03.09 07:37:41.878,1.48482,1.48514,1.00,1.00
2015.03.09 07:37:42.428,1.48482,1.48515,1.00,1.00
2015.03.09 07:37:46.869,1.48484,1.48515,1.00,1.00
2015.03.09 07:37:47.410,1.48483,1.48514,1.00,1.00
2015.03.09 07:37:48.757,1.48482,1.48514,1.00,1.00
2015.03.09 07:37:49.246,1.48483,1.48509,1.00,1.00
2015.03.09 07:37:49.399,1.48483,1.48515,1.50,1.00
2015.03.09 07:37:49.923,1.48483,1.4852,1.50,1.00
2015.03.09 07:37:50.028,1.48483,1.48515,1.50,1.00
2015.03.09 07:37:50.130,1.48482,1.48519,1.00,1.00
2015.03.09 07:37:50.282,1.48481,1.48515,1.00,1.00
2015.03.09 07:37:50.586,1.48467,1.48494,1.00,1.00
2015.03.09 07:37:50.890,1.4846,1.48495,1.50,1.00
2015.03.09 07:37:50.941,1.48467,1.48495,2.17,1.00
2015.03.09 07:37:51.489,1.48467,1.48494,4.35,1.00
2015.03.09 07:37:52.157,1.48467,1.48495,4.35,1.00
2015.03.09 07:37:53.227,1.48467,1.48489,2.17,1.00
2015.03.09 07:37:53.329,1.48463,1.4849,2.25,1.00
2015.03.09 07:37:53.431,1.48463,1.48495,2.25,1.17
2015.03.09 07:37:53.735,1.48467,1.48499,2.25,1.47
2015.03.09 07:37:53.937,1.48463,1.48499,1.00,1.37
2015.03.09 07:37:54.292,1.48466,1.485,1.00,1.00
2015.03.09 07:37:54.393,1.48464,1.48499,1.50,1.00
2015.03.09 07:37:54.599,1.48466,1.48499,1.00,1.00
2015.03.09 07:37:55.103,1.48466,1.485,1.00,1.00
2015.03.09 07:37:55.618,1.48465,1.485,1.00,1.00
2015.03.09 07:37:55.669,1.48465,1.48504,1.00,1.00
2015.03.09 07:37:56.384,1.48467,1.48504,1.00,1.00
2015.03.09 07:37:56.699,1.48471,1.48504,1.00,1.00
2015.03.09 07:37:56.901,1.48468,1.48504,1.00,1.00
2015.03.09 07:37:57.211,1.48468,1.48509,1.00,1.00
2015.03.09 07:37:57.367,1.48471,1.48509,1.00,1.00
2015.03.09 07:37:57.520,1.48471,1.48514,1.00,1.37
2015.03.09 07:37:57.622,1.48471,1.48509,1.00,1.00
2015.03.09 07:37:57.875,1.48471,1.48515,1.50,1.37
2015.03.09 07:37:58.331,1.48473,1.48514,1.00,1.50
2015.03.09 07:37:59.087,1.48476,1.48514,1.50,1.00
2015.03.09 07:37:59.442,1.48474,1.48514,1.00,1.00
2015.03.09 07:37:59.544,1.48474,1.48519,1.00,1.37
2015.03.09 07:37:59.668,1.48476,1.48519,1.00,1.37
2015.03.09 07:37:59.769,1.48474,1.48519,1.00,1.37
2015.03.09 07:38:00.187,1.48475,1.48515,1.00,1.37
2015.03.09 07:38:00.492,1.48472,1.48508,1.00,1.37
2015.03.09 07:38:00.746,1.48473,1.48516,1.00,1.75
2015.03.09 07:38:01.158,1.48475,1.48514,1.00,1.50
2015.03.09 07:38:01.260,1.48475,1.48514,1.00,1.12
2015.03.09 07:38:01.464,1.4848,1.48514,1.00,1.12
2015.03.09 07:38:01.768,1.48484,1.48521,2.25,2.62
2015.03.09 07:38:02.169,1.48484,1.48521,2.25,2.25
2015.03.09 07:38:02.817,1.4848,1.48516,3.00,2.25
2015.03.09 07:38:02.920,1.4848,1.48514,1.17,2.25
2015.03.09 07:38:07.341,1.48474,1.48509,1.15,4.35
2015.03.09 07:38:07.543,1.48471,1.48502,5.10,1.00
2015.03.09 07:38:07.847,1.48466,1.485,3.00,1.27
2015.03.09 07:38:08.151,1.48463,1.48493,2.25,1.00
2015.03.09 07:38:08.465,1.48458,1.4849,4.35,1.87
2015.03.09 07:38:08.924,1.48461,1.48489,2.25,1.37
2015.03.09 07:38:09.532,1.48459,1.48489,2.25,1.00
2015.03.09 07:38:11.797,1.48459,1.48493,2.25,1.52
2015.03.09 07:38:12.537,1.48462,1.48494,2.25,1.47
2015.03.09 07:38:12.841,1.48468,1.48495,2.25,1.00
2015.03.09 07:38:13.349,1.48466,1.48494,2.25,1.00
2015.03.09 07:38:13.748,1.48468,1.48495,2.25,1.00
2015.03.09 07:38:14.493,1.48468,1.48495,4.35,1.37
2015.03.09 07:38:14.646,1.48464,1.48495,4.35,1.37
2015.03.09 07:38:15.346,1.48464,1.48495,4.35,1.37
2015.03.09 07:38:16.560,1.48464,1.48494,4.35,1.37
2015.03.09 07:38:17.074,1.48464,1.48495,4.35,1.37
2015.03.09 07:38:17.327,1.48464,1.48489,4.35,1.00
2015.03.09 07:38:17.429,1.48464,1.48494,4.35,1.37
2015.03.09 07:38:17.632,1.48464,1.48489,4.35,1.00
2015.03.09 07:38:17.885,1.48464,1.48495,4.35,1.37
2015.03.09 07:38:18.428,1.48464,1.48495,4.35,1.37
2015.03.09 07:38:19.386,1.48464,1.4849,4.35,1.00
2015.03.09 07:38:19.829,1.48464,1.48494,4.35,1.00
2015.03.09 07:38:20.157,1.48464,1.48489,4.35,1.00
2015.03.09 07:38:20.472,1.48456,1.48479,2.25,1.00
2015.03.09 07:38:20.777,1.48446,1.48465,2.25,1.00
2015.03.09 07:38:21.037,1.48446,1.48469,2.25,1.00
2015.03.09 07:38:21.263,1.48446,1.48464,2.25,1.00
2015.03.09 07:38:21.477,1.48446,1.4847,2.25,1.00
2015.03.09 07:38:21.698,1.48446,1.48464,2.25,1.00
2015.03.09 07:38:22.051,1.48446,1.4847,2.25,1.00
2015.03.09 07:38:23.167,1.48446,1.48469,2.25,1.00
2015.03.09 07:38:24.593,1.48446,1.4847,2.25,1.00
2015.03.09 07:38:26.260,1.48444,1.4847,2.25,1.00
2015.03.09 07:38:28.631,1.48444,1.48469,2.25,1.00
2015.03.09 07:38:28.682,1.48439,1.48469,2.25,1.00
2015.03.09 07:38:31.186,1.48439,1.48464,2.25,1.00
2015.03.09 07:38:31.389,1.48439,1.48469,2.25,1.00
2015.03.09 07:38:32.385,1.48439,1.4847,2.25,1.00
2015.03.09 07:38:32.590,1.48439,1.48475,2.25,1.65
2015.03.09 07:38:34.903,1.48439,1.4847,2.25,1.00
2015.03.09 07:38:35.157,1.48439,1.48474,2.25,1.15
2015.03.09 07:38:35.569,1.48439,1.4847,2.25,1.00
2015.03.09 07:38:35.822,1.48439,1.48475,2.25,1.65
2015.03.09 07:38:36.437,1.48439,1.48469,2.25,1.00
2015.03.09 07:38:37.078,1.48439,1.4847,2.25,1.00
2015.03.09 07:38:38.642,1.48439,1.48469,2.25,1.00
2015.03.09 07:38:39.108,1.48434,1.48469,4.35,1.15
2015.03.09 07:38:41.688,1.48442,1.48469,2.25,1.00
2015.03.09 07:38:41.739,1.48442,1.48475,2.25,1.57
2015.03.09 07:38:41.791,1.48437,1.48474,2.25,3.00
2015.03.09 07:38:41.893,1.48433,1.4847,1.15,2.25
2015.03.09 07:38:42.096,1.4844,1.48469,2.25,1.00
2015.03.09 07:38:42.198,1.48432,1.48468,2.25,2.25
2015.03.09 07:38:44.609,1.48432,1.48459,2.25,1.00
2015.03.09 07:38:44.919,1.48426,1.48454,2.25,1.00
2015.03.09 07:38:45.020,1.48423,1.48458,2.25,2.25
2015.03.09 07:38:45.422,1.4842,1.48454,2.25,1.15
2015.03.09 07:38:45.787,1.4842,1.48449,2.25,1.00
2015.03.09 07:38:46.326,1.4842,1.4845,2.25,1.00
2015.03.09 07:38:47.107,1.4842,1.48449,2.25,1.00
2015.03.09 07:38:47.648,1.4842,1.4845,2.25,1.00
2015.03.09 07:38:48.156,1.4842,1.48455,2.25,2.25
2015.03.09 07:38:49.484,1.48423,1.48457,2.17,2.25
2015.03.09 07:38:49.990,1.48423,1.48458,2.25,2.25
2015.03.09 07:38:50.438,1.48418,1.48459,1.00,1.00
2015.03.09 07:38:50.626,1.48418,1.48455,1.00,1.00
2015.03.09 07:38:51.106,1.48418,1.4846,1.00,1.00
2015.03.09 07:38:51.616,1.48418,1.48459,1.00,1.00
2015.03.09 07:38:54.516,1.48418,1.4846,1.00,1.00
2015.03.09 07:38:55.624,1.48418,1.48459,1.00,1.00
2015.03.09 07:38:55.676,1.4842,1.48459,1.00,1.00
2015.03.09 07:38:56.139,1.4842,1.48454,1.00,1.00
2015.03.09 07:38:57.557,1.4842,1.48455,1.00,1.00
2015.03.09 07:38:58.107,1.4842,1.48454,1.00,1.00
2015.03.09 07:38:59.169,1.48418,1.48454,1.00,1.00
2015.03.09 07:38:59.220,1.48418,1.48459,1.00,1.00
2015.03.09 07:38:59.322,1.4842,1.48455,1.00,1.00
2015.03.09 07:38:59.474,1.48421,1.4846,1.00,1.00
2015.03.09 07:39:00.307,1.4842,1.4846,1.00,1.00
2015.03.09 07:39:00.486,1.48422,1.4846,1.00,1.00
2015.03.09 07:39:01.605,1.48425,1.4846,1.00,1.00
2015.03.09 07:39:02.795,1.48426,1.4846,1.00,1.00
2015.03.09 07:39:03.137,1.48426,1.48454,1.00,1.00
2015.03.09 07:39:03.390,1.48426,1.4846,1.00,1.00
2015.03.09 07:39:04.148,1.48427,1.4846,1.00,1.00
2015.03.09 07:39:04.660,1.48426,1.4846,1.00,1.00
2015.03.09 07:39:04.863,1.48426,1.48455,1.00,1.00
2015.03.09 07:39:05.233,1.48419,1.48455,1.50,1.00
2015.03.09 07:39:05.285,1.48419,1.48459,1.50,1.00
2015.03.09 07:39:05.386,1.48419,1.48454,2.25,1.00
2015.03.09 07:39:05.488,1.48419,1.48459,2.25,1.00
2015.03.09 07:39:05.685,1.48419,1.48454,2.25,1.00
2015.03.09 07:39:06.617,1.48419,1.48459,2.25,1.00
2015.03.09 07:39:06.804,1.48419,1.48455,2.25,1.00
2015.03.09 07:39:07.532,1.48426,1.48455,1.00,1.00
2015.03.09 07:39:07.836,1.48427,1.48454,2.25,1.00
2015.03.09 07:39:08.337,1.48427,1.48455,2.25,1.00
2015.03.09 07:39:08.658,1.48429,1.48454,4.35,1.00
2015.03.09 07:39:08.964,1.48432,1.48454,2.25,1.00
2015.03.09 07:39:09.428,1.48437,1.48455,2.17,1.00
2015.03.09 07:39:10.644,1.48442,1.48455,2.25,1.00
2015.03.09 07:39:10.695,1.48442,1.48459,2.25,1.00
2015.03.09 07:39:10.797,1.48442,1.48465,2.25,1.00
2015.03.09 07:39:11.857,1.48442,1.48459,2.25,1.00
2015.03.09 07:39:13.970,1.48442,1.48464,2.25,1.00
2015.03.09 07:39:14.516,1.48442,1.48459,2.25,1.00
2015.03.09 07:39:15.927,1.48442,1.4846,2.25,1.00
2015.03.09 07:39:16.806,1.48442,1.48459,2.25,1.00
2015.03.09 07:39:17.796,1.48442,1.48464,2.25,1.00
2015.03.09 07:39:18.728,1.48442,1.4846,2.25,1.00
2015.03.09 07:39:19.235,1.48442,1.48459,2.25,1.00
2015.03.09 07:39:19.540,1.48445,1.48459,2.25,1.00
2015.03.09 07:39:20.327,1.48445,1.48464,2.25,1.00
2015.03.09 07:39:21.429,1.48445,1.48454,2.17,1.00
2015.03.09 07:39:21.480,1.48434,1.48454,4.35,1.00
2015.03.09 07:39:21.733,1.48442,1.48455,2.17,1.00
2015.03.09 07:39:21.784,1.48443,1.48459,2.25,1.00
2015.03.09 07:39:21.885,1.48443,1.48464,2.25,1.12
2015.03.09 07:39:22.316,1.48442,1.48459,2.25,1.00
2015.03.09 07:39:22.468,1.48442,1.48465,2.25,1.37
2015.03.09 07:39:22.670,1.48442,1.48459,2.25,1.00
2015.03.09 07:39:22.986,1.48442,1.48465,2.25,1.37
2015.03.09 07:39:23.087,1.48442,1.4846,2.25,1.00
2015.03.09 07:39:23.641,1.48442,1.48459,2.25,1.00
2015.03.09 07:39:25.086,1.48442,1.4846,2.25,1.00
2015.03.09 07:39:25.425,1.48442,1.48455,2.25,1.00
2015.03.09 07:39:25.526,1.48443,1.48459,2.25,1.00
2015.03.09 07:39:25.577,1.48445,1.48459,2.25,1.00
2015.03.09 07:39:25.831,1.48445,1.48464,2.25,1.00
2015.03.09 07:39:26.490,1.48445,1.4846,2.25,1.00
2015.03.09 07:39:26.591,1.48434,1.4846,4.35,1.00
2015.03.09 07:39:27.256,1.48434,1.48454,4.35,1.00
2015.03.09 07:39:27.787,1.48434,1.48455,4.35,1.00
2015.03.09 07:39:29.896,1.48434,1.48454,4.35,1.00
2015.03.09 07:39:30.595,1.48423,1.48456,1.17,1.12
2015.03.09 07:39:30.646,1.48426,1.48456,2.17,1.12
2015.03.09 07:39:30.950,1.48434,1.4846,4.35,1.37
2015.03.09 07:39:32.831,1.48434,1.48459,4.35,1.37
2015.03.09 07:39:38.760,1.48434,1.48463,4.35,1.37
2015.03.09 07:39:40.955,1.48434,1.48464,4.35,2.25
2015.03.09 07:39:41.107,1.48421,1.48454,2.25,1.12
2015.03.09 07:39:41.158,1.48425,1.48458,2.25,1.75
2015.03.09 07:39:41.310,1.48427,1.4846,1.50,1.37
2015.03.09 07:39:41.361,1.48434,1.48459,2.17,1.37
2015.03.09 07:39:43.375,1.48434,1.48459,4.35,1.00
2015.03.09 07:39:44.254,1.48434,1.48458,4.35,1.00
2015.03.09 07:39:44.305,1.48434,1.48455,4.35,1.00
2015.03.09 07:39:44.407,1.48427,1.48455,1.50,1.00
2015.03.09 07:39:44.458,1.48428,1.48459,1.07,1.50
2015.03.09 07:39:44.509,1.48428,1.48459,3.00,1.00
2015.03.09 07:39:44.812,1.48436,1.48454,2.25,1.00
2015.03.09 07:39:45.406,1.48436,1.48455,2.25,1.00
2015.03.09 07:39:47.628,1.48434,1.48455,2.25,1.00
2015.03.09 07:39:47.730,1.48427,1.48455,3.00,1.00
2015.03.09 07:39:47.831,1.48425,1.48455,2.25,1.00
2015.03.09 07:39:49.596,1.48425,1.48459,2.25,1.52
2015.03.09 07:39:52.884,1.48426,1.48459,2.25,1.45
2015.03.09 07:39:52.935,1.48428,1.48459,2.25,1.37
2015.03.09 07:39:55.497,1.48428,1.48464,2.25,2.62
2015.03.09 07:40:01.399,1.48428,1.48459,2.25,1.00
2015.03.09 07:40:01.945,1.48428,1.48464,2.25,3.37
2015.03.09 07:40:03.037,1.48428,1.48459,2.25,1.00
2015.03.09 07:40:04.328,1.48428,1.48464,2.25,3.37
2015.03.09 07:40:08.201,1.48428,1.48457,2.17,2.17
2015.03.09 07:40:08.252,1.48425,1.48457,1.00,4.35
2015.03.09 07:40:08.483,1.48424,1.48459,2.25,1.15
2015.03.09 07:40:08.789,1.48421,1.48456,2.25,2.25
2015.03.09 07:40:10.031,1.48421,1.48454,2.17,2.25
2015.03.09 07:40:10.082,1.48417,1.48453,2.25,2.25
2015.03.09 07:40:15.278,1.48422,1.48454,2.17,2.25
2015.03.09 07:40:15.330,1.48422,1.48458,2.25,2.25
2015.03.09 07:40:15.381,1.48426,1.48459,2.17,1.65
2015.03.09 07:40:15.432,1.48426,1.48459,2.25,1.65
2015.03.09 07:40:18.628,1.48426,1.48454,2.25,1.00
2015.03.09 07:40:19.408,1.48426,1.48455,2.25,1.00
2015.03.09 07:40:19.733,1.48428,1.48454,2.25,1.00
2015.03.09 07:40:20.094,1.48428,1.48459,2.25,1.00
2015.03.09 07:40:21.081,1.48428,1.4846,2.25,1.00
2015.03.09 07:40:21.836,1.48432,1.4846,2.25,1.50
2015.03.09 07:40:22.146,1.48437,1.4846,2.25,1.00
2015.03.09 07:40:22.450,1.48441,1.4846,2.25,1.00
2015.03.09 07:40:22.501,1.48441,1.48465,2.25,1.50
2015.03.09 07:40:23.018,1.48441,1.48459,2.25,1.00
2015.03.09 07:40:25.033,1.48441,1.4846,2.25,1.00
2015.03.09 07:40:25.144,1.48435,1.48459,2.25,1.00
2015.03.09 07:40:25.651,1.48435,1.4846,2.25,1.00
2015.03.09 07:40:26.877,1.48435,1.48454,2.25,1.00
2015.03.09 07:40:27.029,1.4843,1.48455,2.25,1.00
2015.03.09 07:40:27.131,1.48428,1.48455,2.25,1.00
2015.03.09 07:40:27.182,1.4843,1.48455,2.25,1.00
2015.03.09 07:40:28.638,1.48426,1.48455,2.25,1.00
2015.03.09 07:40:28.689,1.48429,1.48455,2.25,1.00
2015.03.09 07:40:29.238,1.4843,1.48455,2.25,1.00
2015.03.09 07:40:30.397,1.4843,1.48454,2.25,1.00
2015.03.09 07:40:30.613,1.4843,1.48458,2.25,1.00
2015.03.09 07:40:31.520,1.4843,1.48454,2.25,1.00
2015.03.09 07:40:31.823,1.4843,1.48458,2.25,1.00
2015.03.09 07:40:32.078,1.4843,1.4846,2.25,1.00
2015.03.09 07:40:32.750,1.4843,1.48459,2.25,1.00
2015.03.09 07:40:32.852,1.48427,1.4846,2.25,1.07
2015.03.09 07:40:33.920,1.48427,1.48454,2.25,1.00
2015.03.09 07:40:34.127,1.48427,1.48459,2.25,1.10
2015.03.09 07:40:34.346,1.48427,1.48455,2.25,1.00
2015.03.09 07:40:35.822,1.48427,1.48454,2.25,1.00
2015.03.09 07:40:38.760,1.48427,1.48455,2.25,1.00
2015.03.09 07:40:39.272,1.48427,1.48454,2.25,1.00
2015.03.09 07:40:39.846,1.48427,1.48455,2.25,1.00
2015.03.09 07:40:40.108,1.48427,1.48459,2.25,1.10
2015.03.09 07:40:40.260,1.48432,1.48459,2.25,1.00
2015.03.09 07:40:40.564,1.48438,1.4846,4.35,1.00
2015.03.09 07:40:40.767,1.48438,1.48464,4.35,1.00
2015.03.09 07:40:40.818,1.48446,1.48464,1.00,1.00
2015.03.09 07:40:40.970,1.48446,1.48474,1.50,1.15
2015.03.09 07:40:41.122,1.48453,1.48476,2.17,2.17
2015.03.09 07:40:41.173,1.48453,1.4848,5.10,1.00
2015.03.09 07:40:41.732,1.48457,1.4848,2.25,1.00
2015.03.09 07:40:42.188,1.48457,1.48485,2.25,1.00
2015.03.09 07:40:42.239,1.48455,1.48485,2.25,1.00
2015.03.09 07:40:42.290,1.48455,1.48479,2.25,1.00
2015.03.09 07:40:42.967,1.48455,1.48474,2.25,1.00
2015.03.09 07:40:43.037,1.48455,1.48479,2.25,1.00
2015.03.09 07:40:43.676,1.48455,1.4848,2.25,1.00
2015.03.09 07:40:43.982,1.48451,1.4848,2.25,1.00
2015.03.09 07:40:45.791,1.48451,1.48474,2.25,1.00
2015.03.09 07:40:49.637,1.48451,1.48475,2.25,1.00
2015.03.09 07:40:50.957,1.48451,1.48479,2.25,1.00
2015.03.09 07:40:54.368,1.48451,1.4848,2.25,1.00
2015.03.09 07:40:55.907,1.48451,1.48484,2.25,1.45
2015.03.09 07:40:56.346,1.48451,1.4848,2.25,1.00
2015.03.09 07:40:56.965,1.48451,1.48479,2.25,1.00
2015.03.09 07:40:57.342,1.48451,1.48484,2.25,1.07
2015.03.09 07:40:57.799,1.48454,1.48484,4.35,1.00
2015.03.09 07:41:00.600,1.48457,1.48484,2.25,1.00
2015.03.09 07:41:01.129,1.48457,1.48485,2.25,1.00
2015.03.09 07:41:01.663,1.48457,1.48484,2.25,1.00
2015.03.09 07:41:02.603,1.48455,1.48484,2.25,1.00
2015.03.09 07:41:02.756,1.48455,1.48479,2.25,1.00
2015.03.09 07:41:02.836,1.48455,1.48484,2.25,1.00
2015.03.09 07:41:03.067,1.48455,1.4848,2.25,1.00
2015.03.09 07:41:05.293,1.48455,1.48484,2.25,1.00
2015.03.09 07:41:05.395,1.48455,1.48479,2.25,1.00
2015.03.09 07:41:05.587,1.48455,1.48485,2.25,1.00
2015.03.09 07:41:05.809,1.48455,1.4848,2.25,1.00
2015.03.09 07:41:07.050,1.48455,1.48484,2.25,1.00
2015.03.09 07:41:09.218,1.48455,1.48485,2.25,1.00
2015.03.09 07:41:10.035,1.48455,1.48484,2.25,1.00
2015.03.09 07:41:14.179,1.48455,1.48485,2.25,1.00
2015.03.09 07:41:15.396,1.48455,1.48484,2.25,1.00
2015.03.09 07:41:16.054,1.48455,1.48485,2.25,1.00
2015.03.09 07:41:16.635,1.48455,1.48484,2.25,1.00
2015.03.09 07:41:17.166,1.48455,1.48485,2.25,1.00
2015.03.09 07:41:18.822,1.48455,1.48489,2.25,1.15
2015.03.09 07:41:18.923,1.48455,1.48484,2.25,1.00
2015.03.09 07:41:19.127,1.48457,1.48493,2.25,2.25
2015.03.09 07:41:26.846,1.48457,1.48485,2.25,1.00
2015.03.09 07:41:27.150,1.48457,1.48487,2.25,1.00
2015.03.09 07:41:28.000,1.48456,1.48487,2.25,1.07
2015.03.09 07:41:28.102,1.48454,1.48487,2.25,1.15
2015.03.09 07:41:34.733,1.48457,1.48492,2.25,2.25
2015.03.09 07:41:39.435,1.4846,1.48495,2.25,1.15
2015.03.09 07:41:39.740,1.48462,1.48499,2.25,3.00
2015.03.09 07:41:39.842,1.48466,1.485,2.25,1.17
2015.03.09 07:41:40.235,1.4847,1.48501,2.25,1.57
2015.03.09 07:41:40.337,1.48466,1.48501,4.35,1.65
2015.03.09 07:41:42.829,1.4847,1.48501,2.25,1.57
2015.03.09 07:41:44.863,1.48473,1.48501,2.25,1.50
2015.03.09 07:41:45.648,1.48477,1.48501,2.25,1.50
2015.03.09 07:41:45.953,1.48474,1.48501,2.25,1.50
2015.03.09 07:41:46.257,1.48471,1.48501,2.25,1.50
2015.03.09 07:41:50.447,1.48474,1.48501,2.25,1.50
2015.03.09 07:41:52.161,1.48474,1.48499,2.25,1.00
2015.03.09 07:41:52.666,1.48474,1.485,2.25,1.00
2015.03.09 07:41:53.786,1.48474,1.48501,2.25,1.50
2015.03.09 07:42:05.784,1.4847,1.48501,1.15,1.50
2015.03.09 07:42:06.888,1.48468,1.48501,1.15,1.65
2015.03.09 07:42:07.176,1.48468,1.48497,1.00,2.25
2015.03.09 07:42:07.278,1.48461,1.48492,1.10,2.25
2015.03.09 07:42:07.379,1.48465,1.48498,2.25,1.15
2015.03.09 07:42:09.091,1.48465,1.48493,1.00,4.35
2015.03.09 07:42:09.142,1.48457,1.48493,1.15,5.85
2015.03.09 07:42:09.193,1.48456,1.48489,1.17,2.25
2015.03.09 07:42:09.296,1.48456,1.48493,5.10,4.35
2015.03.09 07:42:09.398,1.48454,1.48488,2.25,1.15
2015.03.09 07:42:10.915,1.48462,1.48494,2.25,1.17
2015.03.09 07:42:11.168,1.48464,1.48496,2.25,1.00
2015.03.09 07:42:11.219,1.48467,1.485,2.25,1.65
2015.03.09 07:42:11.526,1.48471,1.48502,2.25,1.47
2015.03.09 07:42:12.467,1.48471,1.48502,2.25,1.10
2015.03.09 07:42:14.666,1.48471,1.485,2.25,1.00
2015.03.09 07:42:14.717,1.48461,1.48498,1.17,4.12
2015.03.09 07:42:14.818,1.48466,1.48497,2.25,1.00
2015.03.09 07:42:15.122,1.4847,1.48504,2.25,1.90
2015.03.09 07:42:16.386,1.4847,1.48504,2.25,1.90
2015.03.09 07:42:17.424,1.48467,1.485,1.17,1.10
2015.03.09 07:42:17.526,1.48468,1.485,2.25,1.17
2015.03.09 07:42:19.495,1.48467,1.48499,2.25,2.17
2015.03.09 07:42:19.546,1.48463,1.48499,2.25,2.25
2015.03.09 07:42:25.588,1.48463,1.48494,2.25,1.00
2015.03.09 07:42:25.639,1.4846,1.48494,1.00,4.50
2015.03.09 07:42:25.945,1.48461,1.48494,2.25,1.17
2015.03.09 07:42:29.505,1.48461,1.4849,2.25,1.50
2015.03.09 07:42:29.556,1.4845,1.48482,1.15,1.00
2015.03.09 07:42:29.657,1.48454,1.48489,4.35,1.15
2015.03.09 07:42:29.770,1.4846,1.48494,4.35,1.20
2015.03.09 07:42:30.075,1.48463,1.48498,4.35,1.52
2015.03.09 07:42:30.630,1.48463,1.48494,4.35,1.00
2015.03.09 07:42:31.137,1.48463,1.48495,4.35,1.00
2015.03.09 07:42:31.852,1.48463,1.48494,4.35,1.00
2015.03.09 07:42:34.280,1.48463,1.48495,4.35,1.00
2015.03.09 07:42:34.586,1.4846,1.48495,2.25,1.15
2015.03.09 07:42:34.687,1.48462,1.48495,2.25,1.10
2015.03.09 07:42:35.193,1.48462,1.48494,2.25,1.00
2015.03.09 07:42:37.018,1.48462,1.4849,2.25,1.00
2015.03.09 07:42:37.069,1.48456,1.48485,2.25,1.00
2015.03.09 07:42:37.170,1.48454,1.48485,3.37,1.00
2015.03.09 07:42:37.271,1.48458,1.4849,2.25,1.10
2015.03.09 07:42:37.373,1.48461,1.4849,2.25,1.00
2015.03.09 07:42:38.242,1.48461,1.48489,2.25,1.00
2015.03.09 07:42:39.086,1.48461,1.48494,2.25,2.02
2015.03.09 07:42:40.591,1.48461,1.48482,2.25,1.00
2015.03.09 07:42:40.692,1.48454,1.48482,4.35,1.00
2015.03.09 07:42:40.794,1.48451,1.48488,4.35,5.10
2015.03.09 07:42:40.896,1.48457,1.48488,2.25,1.10
2015.03.09 07:42:40.998,1.48459,1.48494,4.35,1.52
2015.03.09 07:42:42.875,1.48462,1.48494,2.25,1.45
2015.03.09 07:42:42.976,1.48463,1.48494,2.25,1.00
2015.03.09 07:42:43.196,1.48463,1.48498,2.25,1.52
2015.03.09 07:42:44.168,1.48463,1.48495,2.25,1.10
2015.03.09 07:42:44.843,1.48463,1.48493,2.25,1.00
2015.03.09 07:42:44.995,1.48456,1.48489,2.25,1.00
2015.03.09 07:42:45.046,1.48456,1.48494,2.25,1.90
2015.03.09 07:42:45.097,1.48461,1.48494,2.25,1.55
2015.03.09 07:42:45.730,1.48461,1.48495,2.25,2.77
2015.03.09 07:42:46.249,1.48461,1.48494,2.25,1.55
2015.03.09 07:42:46.770,1.48461,1.48494,2.25,1.55
2015.03.09 07:42:48.456,1.48461,1.48487,2.25,1.00
2015.03.09 07:42:48.558,1.48456,1.48487,4.35,1.00
2015.03.09 07:42:48.659,1.48456,1.48489,4.35,1.00
2015.03.09 07:42:48.710,1.48459,1.48489,4.35,1.00
2015.03.09 07:42:49.318,1.48463,1.48494,2.25,1.47
2015.03.09 07:42:49.369,1.48463,1.48494,2.25,1.10
2015.03.09 07:42:49.522,1.48465,1.48494,2.25,1.00
2015.03.09 07:42:50.635,1.48465,1.48499,2.25,1.55
2015.03.09 07:42:51.118,1.48465,1.48495,2.25,1.00
2015.03.09 07:42:51.835,1.48461,1.48495,2.25,1.17
2015.03.09 07:42:51.886,1.48465,1.48495,2.25,1.07
2015.03.09 07:42:51.987,1.48467,1.48499,2.25,1.07
2015.03.09 07:42:52.833,1.48467,1.48494,2.25,1.00
2015.03.09 07:42:56.840,1.48467,1.48499,2.25,1.45
2015.03.09 07:42:57.069,1.48471,1.485,2.17,1.47
2015.03.09 07:43:00.348,1.4847,1.48499,2.25,1.37
2015.03.09 07:43:00.983,1.48469,1.485,2.25,1.47
2015.03.09 07:43:11.511,1.48474,1.48504,2.25,1.37
2015.03.09 07:43:11.815,1.4848,1.48505,2.25,1.37
2015.03.09 07:43:11.931,1.4848,1.48509,2.25,1.37
2015.03.09 07:43:12.145,1.4848,1.48509,2.25,1.00
2015.03.09 07:43:12.408,1.48489,1.48509,2.17,1.00
2015.03.09 07:43:12.460,1.48489,1.48512,2.25,1.00
2015.03.09 07:43:12.513,1.48489,1.48515,2.25,1.00
2015.03.09 07:43:12.667,1.48489,1.48519,2.25,1.37
2015.03.09 07:43:12.822,1.48492,1.48525,2.25,2.62
2015.03.09 07:43:13.129,1.48497,1.4853,2.25,1.50
2015.03.09 07:43:13.637,1.48496,1.48524,2.25,1.37
2015.03.09 07:43:14.104,1.48496,1.48525,2.25,1.00
2015.03.09 07:43:14.205,1.48496,1.48529,2.25,1.47
2015.03.09 07:43:14.504,1.48496,1.48533,3.00,3.00
2015.03.09 07:43:14.605,1.48496,1.48533,3.00,3.00
2015.03.09 07:43:14.707,1.48496,1.48529,3.00,1.10
2015.03.09 07:43:16.415,1.48496,1.48529,3.00,1.47
2015.03.09 07:43:17.455,1.48496,1.48531,3.00,1.55
2015.03.09 07:43:18.847,1.48499,1.48531,2.25,1.00
2015.03.09 07:43:24.805,1.48499,1.48531,2.25,1.37
2015.03.09 07:43:26.112,1.48499,1.48534,2.25,1.27
2015.03.09 07:43:27.276,1.48493,1.4853,4.35,1.90
2015.03.09 07:43:27.883,1.48493,1.48529,4.35,1.95
2015.03.09 07:43:28.893,1.48493,1.4853,4.35,1.90
2015.03.09 07:43:29.104,1.48493,1.48529,4.35,1.95
2015.03.09 07:43:30.094,1.48493,1.48522,4.35,1.00
2015.03.09 07:43:30.196,1.48491,1.48522,4.35,1.00
2015.03.09 07:43:31.418,1.48491,1.48524,4.35,1.20
2015.03.09 07:43:32.504,1.48491,1.48524,4.35,1.57
2015.03.09 07:43:34.188,1.48491,1.48523,4.35,1.50
2015.03.09 07:43:34.290,1.48487,1.48522,2.25,1.17
2015.03.09 07:43:34.983,1.48487,1.48522,2.25,1.65
2015.03.09 07:43:36.195,1.48487,1.48521,2.25,1.47
2015.03.09 07:43:36.607,1.48484,1.48519,2.25,1.52
2015.03.09 07:43:38.760,1.48482,1.48517,2.25,2.55
2015.03.09 07:43:38.811,1.48481,1.48517,1.15,2.62
2015.03.09 07:43:41.370,1.48479,1.48517,2.25,3.00
2015.03.09 07:43:42.359,1.48478,1.48512,2.25,2.55
2015.03.09 07:43:42.461,1.48476,1.48512,1.15,2.25
2015.03.09 07:43:42.563,1.48477,1.48513,2.25,2.25
2015.03.09 07:43:43.081,1.48477,1.48514,4.35,5.47
2015.03.09 07:43:44.205,1.48481,1.48514,2.25,3.37
2015.03.09 07:43:44.256,1.48481,1.48514,2.25,1.07
2015.03.09 07:43:46.121,1.48481,1.48514,2.25,1.45
2015.03.09 07:43:46.172,1.48479,1.48514,2.25,3.30
2015.03.09 07:43:46.223,1.48476,1.48514,4.35,5.47
2015.03.09 07:43:46.375,1.48482,1.48514,2.17,2.25
2015.03.09 07:43:46.426,1.48482,1.48515,2.25,1.07
2015.03.09 07:43:48.715,1.4848,1.48514,2.25,2.55
2015.03.09 07:43:48.766,1.48478,1.48513,2.25,1.15
2015.03.09 07:43:48.868,1.48482,1.48514,2.17,1.17
2015.03.09 07:43:48.969,1.48482,1.48515,2.25,1.07
2015.03.09 07:43:51.571,1.4848,1.48515,2.25,1.07
2015.03.09 07:43:52.123,1.48479,1.48515,2.25,1.15
2015.03.09 07:43:59.212,1.48478,1.48509,2.25,1.07
2015.03.09 07:43:59.305,1.48474,1.48509,4.35,1.15
2015.03.09 07:44:01.401,1.48474,1.48509,4.35,1.52
2015.03.09 07:44:02.913,1.48477,1.48508,2.25,1.47
2015.03.09 07:44:03.217,1.48485,1.48517,2.25,1.12
2015.03.09 07:44:05.036,1.48486,1.48518,2.25,1.50
2015.03.09 07:44:07.109,1.48486,1.48518,2.25,1.50
2015.03.09 07:44:07.316,1.48486,1.48518,2.25,1.50
2015.03.09 07:44:07.468,1.48486,1.48518,2.25,1.50
2015.03.09 07:44:07.970,1.48486,1.48517,2.25,1.37
2015.03.09 07:44:08.433,1.48486,1.48517,2.25,1.12
2015.03.09 07:44:09.677,1.48486,1.48517,2.25,1.37
2015.03.09 07:44:10.555,1.48486,1.48517,2.25,1.00
2015.03.09 07:44:10.708,1.48486,1.48515,2.25,1.00
2015.03.09 07:44:10.809,1.48482,1.48514,2.25,1.00
2015.03.09 07:44:10.860,1.48487,1.48514,2.17,1.00
2015.03.09 07:44:10.911,1.48488,1.48517,2.25,1.12
2015.03.09 07:44:11.114,1.48488,1.48522,2.25,2.40
2015.03.09 07:44:11.622,1.48488,1.48519,2.25,1.00
2015.03.09 07:44:12.936,1.48488,1.48522,2.25,2.40
2015.03.09 07:44:14.402,1.48488,1.48522,2.25,1.65
2015.03.09 07:44:14.869,1.48488,1.48522,2.25,2.40
2015.03.09 07:44:15.126,1.48488,1.48522,2.25,1.65
2015.03.09 07:44:21.981,1.48488,1.48519,2.25,1.37
2015.03.09 07:44:22.585,1.48488,1.48519,2.25,1.37
2015.03.09 07:44:29.221,1.48488,1.4852,2.25,1.47
2015.03.09 07:44:30.667,1.48488,1.48519,2.25,1.37
2015.03.09 07:44:31.017,1.48486,1.48521,2.25,1.55
2015.03.09 07:44:33.089,1.48486,1.48521,2.25,1.55
2015.03.09 07:44:34.597,1.48486,1.48519,2.25,1.37
2015.03.09 07:44:34.951,1.48486,1.48519,2.25,1.37
2015.03.09 07:44:35.412,1.48485,1.48499,2.10,1.75
2015.03.09 07:44:35.462,1.48479,1.4849,4.35,1.87
2015.03.09 07:44:35.513,1.48479,1.48486,2.10,1.00
2015.03.09 07:44:35.564,1.48466,1.48486,1.17,1.00
2015.03.09 07:44:35.615,1.48466,1.48484,1.00,1.20
2015.03.09 07:44:35.666,1.48464,1.48484,1.00,1.20
2015.03.09 07:44:35.717,1.4845,1.48484,4.35,1.20
2015.03.09 07:44:37.091,1.48455,1.48488,2.17,3.37
2015.03.09 07:44:37.141,1.48455,1.48488,2.25,1.52
2015.03.09 07:44:42.623,1.48454,1.48487,2.25,2.25
2015.03.09 07:44:42.674,1.48452,1.48487,2.25,2.25
2015.03.09 07:44:43.302,1.48451,1.48483,2.25,2.17
2015.03.09 07:44:43.353,1.48448,1.48483,2.25,3.75
2015.03.09 07:44:44.527,1.4845,1.48484,2.25,1.15
2015.03.09 07:44:44.832,1.48464,1.48494,2.25,1.37
2015.03.09 07:44:45.287,1.48464,1.48499,2.25,4.12
2015.03.09 07:44:50.314,1.48467,1.485,2.25,2.25
2015.03.09 07:44:50.365,1.48467,1.48501,2.25,2.02
2015.03.09 07:44:52.149,1.48463,1.48499,2.25,2.25
2015.03.09 07:45:01.171,1.48463,1.48495,2.17,2.25
2015.03.09 07:45:01.273,1.4846,1.48494,1.15,2.25
2015.03.09 07:45:01.375,1.48458,1.48489,2.17,2.17
2015.03.09 07:45:01.578,1.48453,1.48484,1.07,2.17
2015.03.09 07:45:01.680,1.48453,1.48489,1.15,4.35
2015.03.09 07:45:02.189,1.48456,1.48489,1.50,4.35
2015.03.09 07:45:02.876,1.48456,1.48489,1.07,2.25
2015.03.09 07:45:03.186,1.48456,1.48491,3.75,2.25
2015.03.09 07:45:05.214,1.48456,1.48489,2.17,2.25
2015.03.09 07:45:05.265,1.48455,1.48489,1.20,5.10
2015.03.09 07:45:05.316,1.48451,1.48485,2.25,2.62
2015.03.09 07:45:05.367,1.4845,1.48485,1.15,4.72
2015.03.09 07:45:05.418,1.48448,1.48477,2.17,2.17
2015.03.09 07:45:05.470,1.48443,1.48477,1.15,4.35
2015.03.09 07:45:08.933,1.48445,1.48477,1.07,2.25
2015.03.09 07:45:08.984,1.48446,1.48481,1.15,4.35
2015.03.09 07:45:09.036,1.48449,1.48481,2.17,2.17
2015.03.09 07:45:09.087,1.48449,1.48484,4.35,1.15
2015.03.09 07:45:14.398,1.48449,1.48485,2.25,2.25
2015.03.09 07:45:14.702,1.48451,1.48483,1.10,2.25
2015.03.09 07:45:15.045,1.48451,1.48486,1.15,2.25
2015.03.09 07:45:15.348,1.48462,1.48486,1.00,2.17
2015.03.09 07:45:15.400,1.48462,1.48488,1.00,1.10
2015.03.09 07:45:15.603,1.48461,1.48494,1.15,2.25
2015.03.09 07:45:15.654,1.48459,1.48491,2.17,2.25
2015.03.09 07:45:15.706,1.48455,1.48491,1.15,4.35
2015.03.09 07:45:17.724,1.48456,1.48488,1.07,2.25
2015.03.09 07:45:17.977,1.48455,1.48488,1.65,4.35
2015.03.09 07:45:18.492,1.48456,1.48488,1.00,4.35
2015.03.09 07:45:18.752,1.48466,1.48488,1.00,2.17
2015.03.09 07:45:18.803,1.48466,1.48496,1.00,2.25
2015.03.09 07:45:18.854,1.48472,1.48496,1.00,2.17
2015.03.09 07:45:18.905,1.48472,1.48501,1.00,2.25
2015.03.09 07:45:19.686,1.48472,1.48506,1.10,2.25
2015.03.09 07:45:23.801,1.48475,1.48506,1.00,2.25
2015.03.09 07:45:24.105,1.48477,1.48509,1.17,2.25
2015.03.09 07:45:26.030,1.48474,1.48508,2.17,2.25
2015.03.09 07:45:26.081,1.48472,1.48507,1.15,2.25
2015.03.09 07:45:27.455,1.48474,1.48507,2.25,2.17
2015.03.09 07:45:27.506,1.48475,1.48512,2.25,1.15
2015.03.09 07:45:27.557,1.48475,1.48509,2.92,2.25
2015.03.09 07:45:27.609,1.48475,1.48508,1.00,2.25
2015.03.09 07:45:28.116,1.48471,1.48508,1.15,2.25
2015.03.09 07:45:28.619,1.48475,1.48508,1.00,2.25
2015.03.09 07:45:29.164,1.48476,1.48508,1.00,2.25
2015.03.09 07:45:29.630,1.4847,1.48508,3.75,2.25
2015.03.09 07:45:29.833,1.48476,1.48508,2.17,2.17
2015.03.09 07:45:29.884,1.48478,1.48511,2.25,1.17
2015.03.09 07:45:30.756,1.48482,1.48513,2.25,2.17
2015.03.09 07:45:30.807,1.48483,1.48516,2.25,1.10
2015.03.09 07:45:31.483,1.48486,1.4852,2.25,4.87
2015.03.09 07:45:31.534,1.48486,1.4852,4.35,1.27
2015.03.09 07:45:32.052,1.48489,1.4852,3.00,1.07
2015.03.09 07:45:32.154,1.4849,1.48526,2.25,3.37
2015.03.09 07:45:32.206,1.4849,1.48518,2.25,1.00
2015.03.09 07:45:32.308,1.4849,1.48525,2.25,1.27
2015.03.09 07:45:34.709,1.48496,1.48525,1.00,1.15
2015.03.09 07:45:34.811,1.48494,1.48525,3.00,1.00
2015.03.09 07:45:35.014,1.4849,1.48526,3.00,1.27
2015.03.09 07:45:35.116,1.48489,1.48525,1.00,1.00
2015.03.09 07:45:35.167,1.48489,1.48525,1.00,1.37
2015.03.09 07:45:35.370,1.48479,1.48519,1.50,1.00
2015.03.09 07:45:35.593,1.48479,1.48514,1.50,1.00
2015.03.09 07:45:35.695,1.48479,1.48519,1.00,1.00
2015.03.09 07:45:36.231,1.48477,1.48519,1.00,1.00
2015.03.09 07:45:36.831,1.48476,1.48519,1.50,1.00
2015.03.09 07:45:36.934,1.48478,1.48517,1.00,1.00
2015.03.09 07:45:37.238,1.48488,1.48523,2.25,2.40
2015.03.09 07:45:38.094,1.48488,1.48519,2.25,1.00
2015.03.09 07:45:39.558,1.48488,1.4852,2.25,1.10
2015.03.09 07:45:47.041,1.485,1.48525,2.17,2.17
2015.03.09 07:45:47.092,1.485,1.48528,2.25,1.87
2015.03.09 07:45:47.194,1.485,1.4853,2.25,1.00
2015.03.09 07:45:47.245,1.48507,1.4853,1.00,1.00
2015.03.09 07:45:47.397,1.48506,1.48532,1.00,1.10
2015.03.09 07:45:47.653,1.4851,1.48537,2.17,2.17
2015.03.09 07:45:47.705,1.4851,1.48544,4.35,1.20
2015.03.09 07:45:48.413,1.48512,1.48543,1.07,2.92
2015.03.09 07:45:48.616,1.48506,1.48539,2.32,2.25
2015.03.09 07:45:48.718,1.48507,1.48535,1.07,2.17
2015.03.09 07:45:49.022,1.48504,1.48528,1.25,2.25
2015.03.09 07:45:49.124,1.48504,1.4853,1.25,2.25
2015.03.09 07:45:49.225,1.48504,1.48533,1.25,4.35
2015.03.09 07:45:49.732,1.48497,1.48533,1.40,4.35
2015.03.09 07:45:49.884,1.48501,1.48537,1.15,4.35
2015.03.09 07:45:49.985,1.48502,1.48537,1.40,4.35
2015.03.09 07:45:50.289,1.48497,1.48532,2.50,2.25
2015.03.09 07:45:50.644,1.48496,1.4853,2.50,2.25
2015.03.09 07:45:51.103,1.48497,1.48533,3.25,2.25
2015.03.09 07:45:51.720,1.48497,1.48533,2.50,2.62
2015.03.09 07:45:52.250,1.48497,1.48533,3.25,2.62
2015.03.09 07:45:53.238,1.48497,1.48533,2.50,2.62
2015.03.09 07:45:54.155,1.48497,1.48533,2.50,2.62
2015.03.09 07:45:54.673,1.48497,1.48533,2.50,2.62
2015.03.09 07:45:55.600,1.48497,1.48533,2.50,2.62
2015.03.09 07:45:57.474,1.48497,1.48533,2.50,2.62
2015.03.09 07:45:57.982,1.48495,1.48531,1.40,3.00
2015.03.09 07:45:58.388,1.48501,1.48535,2.50,1.15
2015.03.09 07:45:58.439,1.485,1.48533,2.50,2.17
2015.03.09 07:45:58.743,1.48495,1.4853,3.25,2.25
2015.03.09 07:45:59.274,1.48495,1.4853,3.25,2.25
2015.03.09 07:45:59.782,1.48496,1.4853,1.40,2.25
2015.03.09 07:46:00.883,1.48497,1.48531,3.25,2.25
2015.03.09 07:46:00.934,1.48501,1.48535,2.50,2.25
2015.03.09 07:46:01.036,1.48501,1.48536,4.60,1.15
2015.03.09 07:46:01.645,1.48506,1.48539,2.43,2.25
2015.03.09 07:46:01.696,1.48512,1.48542,1.00,2.25
2015.03.09 07:46:01.747,1.48513,1.48543,2.17,1.20
2015.03.09 07:46:01.798,1.48513,1.48544,2.25,1.37
2015.03.09 07:46:02.660,1.48513,1.48547,2.25,1.27
2015.03.09 07:46:03.591,1.48513,1.48547,2.25,1.52
2015.03.09 07:46:03.905,1.48513,1.48547,2.25,1.15
2015.03.09 07:46:05.734,1.48513,1.48547,2.25,1.52
2015.03.09 07:46:05.929,1.48513,1.48547,2.25,1.15
2015.03.09 07:46:06.766,1.48513,1.48544,2.25,1.00
2015.03.09 07:46:07.283,1.48516,1.4855,2.25,3.00
2015.03.09 07:46:07.789,1.48516,1.48551,2.25,3.37
2015.03.09 07:46:08.094,1.48513,1.48548,2.25,2.62
2015.03.09 07:46:12.854,1.48511,1.48546,2.25,2.25
2015.03.09 07:46:13.058,1.48502,1.48538,2.25,2.25
2015.03.09 07:46:13.306,1.48501,1.48534,3.00,2.17
2015.03.09 07:46:13.357,1.48501,1.48534,1.17,2.25
2015.03.09 07:46:13.664,1.48497,1.48531,2.25,2.25
2015.03.09 07:46:13.917,1.48499,1.48535,2.25,3.00
2015.03.09 07:46:15.178,1.48502,1.48535,2.25,1.07
2015.03.09 07:46:15.229,1.48502,1.48537,4.35,1.65
2015.03.09 07:46:21.721,1.48516,1.4854,1.00,2.25
2015.03.09 07:46:21.772,1.48516,1.48543,1.00,2.25
2015.03.09 07:46:21.823,1.48519,1.48544,1.00,2.17
2015.03.09 07:46:21.874,1.48519,1.48551,1.00,2.62
2015.03.09 07:46:22.026,1.48513,1.48549,2.25,1.15
2015.03.09 07:46:22.577,1.48517,1.48552,2.17,5.47
2015.03.09 07:46:22.780,1.48517,1.48549,1.10,2.25
2015.03.09 07:46:35.427,1.48516,1.48553,3.00,2.25
2015.03.09 07:46:35.822,1.48516,1.4855,1.10,2.25
2015.03.09 07:46:40.252,1.48512,1.48544,1.00,4.35
2015.03.09 07:46:40.404,1.4851,1.48544,1.20,5.10
2015.03.09 07:46:40.506,1.48514,1.48544,1.10,2.92
2015.03.09 07:46:40.557,1.48514,1.48544,1.17,1.10
2015.03.09 07:46:41.609,1.48514,1.48548,3.00,2.17
2015.03.09 07:46:41.660,1.48516,1.48551,2.25,2.25
2015.03.09 07:46:43.867,1.48517,1.48554,2.25,1.90
2015.03.09 07:46:45.466,1.48514,1.48551,4.35,4.35
2015.03.09 07:46:45.969,1.48511,1.48547,3.75,2.25
2015.03.09 07:46:52.954,1.48514,1.48552,4.35,4.35
2015.03.09 07:46:53.056,1.48519,1.48554,2.25,3.37
2015.03.09 07:46:53.158,1.48515,1.48552,5.10,4.72
2015.03.09 07:47:05.980,1.48511,1.48548,5.10,1.15
2015.03.09 07:47:06.083,1.48508,1.48543,2.25,2.25
2015.03.09 07:47:12.162,1.48515,1.48543,1.00,2.25
2015.03.09 07:47:14.258,1.48516,1.48543,1.00,2.25
2015.03.09 07:47:14.461,1.48516,1.48547,1.00,2.25
2015.03.09 07:47:14.816,1.48516,1.48544,1.00,2.25
2015.03.09 07:47:14.918,1.48511,1.48544,1.07,2.25
2015.03.09 07:47:15.650,1.48516,1.48544,1.00,2.25
2015.03.09 07:47:15.701,1.48516,1.48546,1.15,1.00
2015.03.09 07:47:15.903,1.48516,1.48544,1.00,2.25
2015.03.09 07:47:18.546,1.48511,1.48544,1.07,2.25
2015.03.09 07:47:20.005,1.48511,1.48541,1.00,4.35
2015.03.09 07:47:23.020,1.48506,1.48541,1.15,4.35
2015.03.09 07:47:23.169,1.4851,1.48541,1.00,4.35
2015.03.09 07:47:23.502,1.48505,1.48541,1.15,4.35
2015.03.09 07:47:23.706,1.48511,1.48537,1.00,2.25
2015.03.09 07:47:23.807,1.48505,1.48533,1.00,2.17
2015.03.09 07:47:24.340,1.48506,1.48533,1.00,2.25
2015.03.09 07:47:28.193,1.4851,1.48533,1.00,2.25
2015.03.09 07:47:28.348,1.48505,1.48533,1.00,2.25
2015.03.09 07:47:34.371,1.48506,1.48533,1.00,2.25
2015.03.09 07:47:34.928,1.48505,1.48535,1.07,2.25
2015.03.09 07:47:35.109,1.48505,1.48539,1.15,4.35
2015.03.09 07:47:46.248,1.4851,1.48539,1.00,4.72
2015.03.09 07:47:46.927,1.4851,1.48541,1.10,2.62
2015.03.09 07:47:47.659,1.48515,1.48541,1.00,2.62
2015.03.09 07:47:47.862,1.48516,1.48546,1.15,1.20
2015.03.09 07:47:47.913,1.48516,1.48546,1.07,1.17
2015.03.09 07:47:48.015,1.48515,1.48547,1.00,2.25
2015.03.09 07:47:49.100,1.4852,1.48547,1.00,2.25
2015.03.09 07:47:49.468,1.48516,1.48547,1.00,2.25
2015.03.09 07:47:50.331,1.48521,1.48547,1.00,2.25
2015.03.09 07:47:50.660,1.48515,1.48547,1.00,2.25
2015.03.09 07:47:54.925,1.48516,1.48547,1.00,2.25
2015.03.09 07:47:55.430,1.48515,1.48547,1.00,2.25
2015.03.09 07:47:56.712,1.48516,1.48547,1.00,2.25
2015.03.09 07:47:56.971,1.48515,1.48543,1.00,2.25
2015.03.09 07:47:57.375,1.48511,1.48543,1.17,2.25
2015.03.09 07:47:58.941,1.4851,1.48541,1.00,4.35
2015.03.09 07:47:59.444,1.48511,1.48542,1.10,2.25
2015.03.09 07:48:01.106,1.48516,1.48542,1.00,2.25
2015.03.09 07:48:01.442,1.48515,1.48546,1.00,2.25
2015.03.09 07:48:01.645,1.48521,1.48546,1.00,2.25
2015.03.09 07:48:01.747,1.48516,1.48546,1.00,2.25
2015.03.09 07:48:01.899,1.48521,1.48546,1.00,2.25
2015.03.09 07:48:02.052,1.48521,1.48549,1.00,4.35
2015.03.09 07:48:02.305,1.48515,1.48549,1.15,4.35
2015.03.09 07:48:02.782,1.48516,1.48545,1.00,2.25
2015.03.09 07:48:03.154,1.48516,1.48542,1.00,3.00
2015.03.09 07:48:03.306,1.4851,1.48537,1.00,2.25
2015.03.09 07:48:04.182,1.48511,1.48537,1.00,2.25
2015.03.09 07:48:04.704,1.4851,1.48537,1.00,2.25
2015.03.09 07:48:05.191,1.4851,1.4854,1.00,2.25
2015.03.09 07:48:05.709,1.48511,1.4854,1.00,2.25
2015.03.09 07:48:06.590,1.48506,1.4854,1.17,2.25
2015.03.09 07:48:06.949,1.48505,1.48537,1.15,2.17
2015.03.09 07:48:16.985,1.48505,1.48537,1.15,2.25
2015.03.09 07:48:17.087,1.48506,1.4854,1.15,2.25
2015.03.09 07:48:17.251,1.48511,1.4854,1.00,2.25
2015.03.09 07:48:17.507,1.48506,1.4854,1.15,2.25
2015.03.09 07:48:30.943,1.48511,1.48547,2.25,2.62
2015.03.09 07:48:31.246,1.4852,1.48553,2.25,1.96
2015.03.09 07:48:31.353,1.48518,1.48553,2.25,4.06
2015.03.09 07:48:32.015,1.48518,1.48553,2.25,3.37
2015.03.09 07:48:32.321,1.48518,1.48553,2.25,3.37
2015.03.09 07:48:36.448,1.48522,1.48553,4.35,1.37
2015.03.09 07:48:36.958,1.48522,1.48557,4.35,1.52
2015.03.09 07:48:39.882,1.48522,1.48557,4.35,1.52
2015.03.09 07:48:39.933,1.48526,1.48557,2.25,1.55
2015.03.09 07:48:41.400,1.48526,1.48557,2.25,1.47
2015.03.09 07:48:43.144,1.48526,1.48557,2.25,1.47
2015.03.09 07:48:43.359,1.48523,1.48557,2.25,1.90
2015.03.09 07:48:43.461,1.48519,1.48553,4.35,1.52
2015.03.09 07:48:43.982,1.48525,1.48554,1.00,1.52
2015.03.09 07:48:44.345,1.4852,1.48555,1.15,1.52
2015.03.09 07:48:44.654,1.48525,1.48559,1.15,1.65
2015.03.09 07:48:44.705,1.48528,1.48559,1.20,1.27
2015.03.09 07:48:44.756,1.48531,1.48559,3.00,1.12
2015.03.09 07:48:45.076,1.48535,1.4857,2.25,1.12
2015.03.09 07:48:45.424,1.48532,1.48567,2.25,2.62
2015.03.09 07:48:45.901,1.4853,1.48564,1.20,4.72
2015.03.09 07:48:46.287,1.48536,1.48564,1.00,4.72
2015.03.09 07:48:46.440,1.48531,1.48564,1.00,5.10
2015.03.09 07:48:46.941,1.4853,1.48563,1.20,1.15
2015.03.09 07:48:47.454,1.48531,1.48563,1.00,1.15
2015.03.09 07:48:48.415,1.4853,1.48563,1.20,1.15
2015.03.09 07:48:49.187,1.48531,1.48564,1.00,5.29
2015.03.09 07:48:49.491,1.48531,1.48566,2.25,2.44
2015.03.09 07:48:49.694,1.48534,1.48571,4.35,4.54
2015.03.09 07:48:52.804,1.48537,1.48574,2.25,2.25
2015.03.09 07:48:57.677,1.48541,1.48568,1.10,2.17
2015.03.09 07:48:57.728,1.48536,1.48567,1.00,2.25
2015.03.09 07:48:57.830,1.48536,1.48561,1.00,1.00
2015.03.09 07:48:58.033,1.48526,1.48559,4.35,1.20
2015.03.09 07:48:58.084,1.48526,1.48555,2.17,2.17
2015.03.09 07:48:58.135,1.48518,1.48554,2.25,2.25
2015.03.09 07:48:58.288,1.48518,1.48548,2.25,1.00
2015.03.09 07:48:58.846,1.48518,1.4855,2.25,1.10
2015.03.09 07:48:59.484,1.48518,1.48547,2.25,1.00
2015.03.09 07:48:59.535,1.48514,1.48547,4.35,1.00
2015.03.09 07:48:59.638,1.48521,1.48548,1.00,1.20
2015.03.09 07:49:00.478,1.48516,1.48548,1.15,1.20
2015.03.09 07:49:02.602,1.48521,1.48548,1.00,1.20
2015.03.09 07:49:03.338,1.48515,1.48548,1.15,1.20
2015.03.09 07:49:03.490,1.4852,1.48551,1.00,1.65
2015.03.09 07:49:03.794,1.48523,1.48554,2.17,2.17
2015.03.09 07:49:03.845,1.48524,1.48558,2.25,1.10
2015.03.09 07:49:04.229,1.48525,1.48558,1.17,1.17
2015.03.09 07:49:04.534,1.48523,1.48557,2.25,1.15
2015.03.09 07:49:04.839,1.48531,1.48557,1.00,1.15
2015.03.09 07:49:04.890,1.48526,1.48557,1.07,1.15
2015.03.09 07:49:07.216,1.48523,1.48556,2.17,3.00
2015.03.09 07:49:07.267,1.4852,1.48554,1.17,2.25
2015.03.09 07:49:08.723,1.4852,1.48554,2.25,2.25
2015.03.09 07:49:08.774,1.48521,1.48555,2.25,1.15
2015.03.09 07:49:08.876,1.48521,1.48552,1.07,1.17
2015.03.09 07:49:12.010,1.48512,1.48545,5.10,1.20
2015.03.09 07:49:12.898,1.4851,1.48545,1.15,1.15
2015.03.09 07:49:13.000,1.48511,1.48542,1.10,2.25
2015.03.09 07:49:14.180,1.48505,1.48539,2.25,2.17
2015.03.09 07:49:14.231,1.48503,1.48539,2.25,2.25
2015.03.09 07:49:18.016,1.48511,1.48542,2.25,1.00
2015.03.09 07:49:18.118,1.48511,1.48542,1.15,1.15
2015.03.09 07:49:18.220,1.48515,1.48545,1.00,4.35
2015.03.09 07:49:18.321,1.48511,1.48545,1.15,4.35
2015.03.09 07:49:21.335,1.48511,1.48542,1.00,4.35
2015.03.09 07:49:21.640,1.48505,1.48542,5.10,4.35
2015.03.09 07:49:25.673,1.48511,1.48542,1.00,4.35
2015.03.09 07:49:26.150,1.48506,1.48542,1.15,4.35
2015.03.09 07:49:27.022,1.48506,1.48539,1.17,2.25
2015.03.09 07:49:27.125,1.48506,1.48538,1.17,2.25
2015.03.09 07:49:33.639,1.48501,1.48536,1.65,4.35
2015.03.09 07:49:33.740,1.48507,1.48543,2.25,2.25
2015.03.09 07:49:34.044,1.48513,1.48548,2.25,2.44
2015.03.09 07:49:35.567,1.48513,1.48548,2.25,2.25
2015.03.09 07:49:49.979,1.48515,1.48552,2.25,2.44
2015.03.09 07:49:51.300,1.48512,1.48548,2.25,2.25
2015.03.09 07:49:51.766,1.48511,1.48545,2.25,2.25
2015.03.09 07:49:52.274,1.4851,1.48545,2.25,2.25
2015.03.09 07:50:00.701,1.48512,1.4855,2.25,4.12
2015.03.09 07:50:01.135,1.4851,1.48547,2.25,2.62
2015.03.09 07:50:03.421,1.48507,1.48543,2.25,2.25
2015.03.09 07:50:07.495,1.48508,1.48543,2.25,2.25
2015.03.09 07:50:07.546,1.48509,1.48546,2.25,2.62
2015.03.09 07:50:10.721,1.48514,1.4855,1.15,4.72
2015.03.09 07:50:11.026,1.48517,1.48554,2.25,3.45
2015.03.09 07:50:11.330,1.48517,1.48554,2.25,2.25
2015.03.09 07:50:12.959,1.48514,1.4855,2.25,2.25
2015.03.09 07:50:16.760,1.4851,1.48546,2.25,2.25
2015.03.09 07:50:17.062,1.48508,1.48543,2.25,2.25
2015.03.09 07:50:19.852,1.48511,1.48548,2.25,1.65
2015.03.09 07:50:19.954,1.48517,1.48548,2.25,1.37
2015.03.09 07:50:20.005,1.48517,1.48548,2.25,1.00
2015.03.09 07:50:20.157,1.48521,1.48554,2.25,1.55
2015.03.09 07:50:20.461,1.48524,1.48558,2.25,2.11
2015.03.09 07:50:20.613,1.48524,1.48559,2.25,2.62
2015.03.09 07:50:20.765,1.48526,1.48559,4.35,1.37
2015.03.09 07:50:20.968,1.48526,1.48559,4.35,1.00
2015.03.09 07:50:21.070,1.48529,1.48561,2.25,1.25
2015.03.09 07:50:21.576,1.48529,1.4856,2.25,1.00
2015.03.09 07:50:21.830,1.48529,1.48566,2.25,3.19
2015.03.09 07:50:21.881,1.48533,1.48565,2.25,1.01
2015.03.09 07:50:22.571,1.48531,1.48566,2.25,3.19
2015.03.09 07:50:23.794,1.48531,1.48553,2.25,1.00
2015.03.09 07:50:23.896,1.4852,1.4855,1.50,2.25
2015.03.09 07:50:23.947,1.48513,1.48549,1.15,1.15
2015.03.09 07:50:24.099,1.4851,1.48545,1.15,5.10
2015.03.09 07:50:25.020,1.48508,1.4854,4.35,1.00
2015.03.09 07:50:25.527,1.48508,1.48541,4.35,1.20
2015.03.09 07:50:26.109,1.48508,1.4854,4.35,1.00
2015.03.09 07:50:26.640,1.48508,1.48539,4.35,1.00
2015.03.09 07:50:27.249,1.48508,1.48538,4.35,1.00
2015.03.09 07:50:27.553,1.48511,1.48541,1.15,1.20
2015.03.09 07:50:27.960,1.48516,1.4854,1.00,1.00
2015.03.09 07:50:29.664,1.48516,1.48538,1.00,1.00
2015.03.09 07:50:30.172,1.48506,1.48534,1.15,1.00
2015.03.09 07:50:30.273,1.48511,1.48534,1.00,1.19
2015.03.09 07:50:30.375,1.48505,1.48534,2.25,1.00
2015.03.09 07:50:30.625,1.48505,1.48533,1.15,1.00
2015.03.09 07:50:30.726,1.48511,1.48533,1.00,1.00
2015.03.09 07:50:30.828,1.48506,1.48533,1.20,1.00
2015.03.09 07:50:31.081,1.48505,1.48531,1.15,1.00
2015.03.09 07:50:31.385,1.48496,1.48524,1.15,1.00
2015.03.09 07:50:32.281,1.48497,1.48524,2.25,1.00
2015.03.09 07:50:32.484,1.48497,1.4853,2.25,1.10
2015.03.09 07:50:32.636,1.48497,1.48527,2.25,1.00
2015.03.09 07:50:32.840,1.48501,1.48529,1.10,1.00
2015.03.09 07:50:33.351,1.48497,1.48533,2.25,1.65
2015.03.09 07:50:34.969,1.48505,1.4853,1.00,1.10
2015.03.09 07:50:40.546,1.48505,1.48529,1.00,1.00
2015.03.09 07:50:41.091,1.48505,1.48528,1.00,1.15
2015.03.09 07:50:41.142,1.48501,1.48528,1.00,1.15
2015.03.09 07:50:41.347,1.48505,1.48528,1.00,1.15
2015.03.09 07:50:41.567,1.48501,1.48528,1.00,1.15
2015.03.09 07:50:41.828,1.48505,1.48528,1.00,1.15
2015.03.09 07:50:42.332,1.48506,1.48528,1.00,1.15
2015.03.09 07:50:42.917,1.485,1.48528,1.00,1.15
2015.03.09 07:50:43.560,1.48505,1.48528,1.00,1.15
2015.03.09 07:50:44.142,1.48501,1.48528,1.00,1.15
2015.03.09 07:50:44.556,1.48496,1.48528,1.15,1.15
2015.03.09 07:50:47.183,1.48501,1.4853,1.00,2.25
2015.03.09 07:50:47.317,1.48501,1.48531,1.07,1.17
2015.03.09 07:50:50.743,1.48501,1.48529,1.00,2.25
2015.03.09 07:50:51.057,1.48501,1.48531,1.00,2.25
2015.03.09 07:50:51.563,1.485,1.48531,1.10,3.00
2015.03.09 07:50:55.439,1.48501,1.48531,1.00,2.25
2015.03.09 07:50:56.541,1.485,1.48531,1.10,2.25
2015.03.09 07:50:59.057,1.48505,1.48531,1.00,2.25
2015.03.09 07:51:00.056,1.48496,1.48531,2.25,2.25
2015.03.09 07:51:00.582,1.48499,1.48532,2.25,2.25
2015.03.09 07:51:00.633,1.48499,1.48534,2.25,2.25
2015.03.09 07:51:00.944,1.48505,1.48534,1.00,2.25
2015.03.09 07:51:04.026,1.48499,1.48534,2.25,2.25
2015.03.09 07:51:09.399,1.48501,1.48537,2.25,2.25
2015.03.09 07:51:13.885,1.48501,1.48529,2.17,2.17
2015.03.09 07:51:13.936,1.48495,1.48528,1.17,2.25
2015.03.09 07:51:14.170,1.48495,1.48528,3.00,2.25
2015.03.09 07:51:14.221,1.48496,1.48531,2.25,2.25
2015.03.09 07:51:18.879,1.48499,1.48531,2.25,2.17
2015.03.09 07:51:18.930,1.48501,1.48536,2.25,2.25
2015.03.09 07:51:19.297,1.4851,1.48536,1.00,2.25
2015.03.09 07:51:20.945,1.4851,1.48538,1.00,1.10
2015.03.09 07:51:20.996,1.48504,1.48539,2.25,1.17
2015.03.09 07:51:24.405,1.48503,1.48538,4.35,2.17
2015.03.09 07:51:24.906,1.4851,1.48538,1.00,2.25
2015.03.09 07:51:25.127,1.48506,1.48538,1.17,2.25
2015.03.09 07:51:25.711,1.4851,1.48538,1.00,2.25
2015.03.09 07:51:25.813,1.48506,1.48538,1.17,2.25
2015.03.09 07:51:26.016,1.48511,1.48538,1.00,2.25
2015.03.09 07:51:26.118,1.48506,1.48538,1.17,2.25
2015.03.09 07:51:26.338,1.48511,1.48538,1.00,2.25
2015.03.09 07:51:26.591,1.48503,1.48538,2.25,2.25
2015.03.09 07:51:27.956,1.48506,1.48539,2.25,2.25
2015.03.09 07:51:28.007,1.48506,1.48542,2.25,3.00
2015.03.09 07:51:28.109,1.48515,1.48542,1.00,2.25
2015.03.09 07:51:28.161,1.48515,1.48544,1.10,2.25
2015.03.09 07:51:28.212,1.48515,1.48546,1.10,2.25
2015.03.09 07:51:31.908,1.48516,1.48546,2.17,2.17
2015.03.09 07:51:31.959,1.48517,1.4855,2.25,1.15
2015.03.09 07:51:32.060,1.48519,1.48556,2.25,1.65
2015.03.09 07:51:32.111,1.48523,1.48556,2.25,1.07
2015.03.09 07:51:32.162,1.48524,1.48556,2.25,1.10
2015.03.09 07:51:32.518,1.48526,1.4856,2.25,2.55
2015.03.09 07:51:32.586,1.48527,1.48562,2.25,1.55
2015.03.09 07:51:32.739,1.48531,1.48562,1.10,1.17
2015.03.09 07:51:32.942,1.48533,1.48563,2.25,1.00
2015.03.09 07:51:32.993,1.48533,1.48568,2.25,1.27
2015.03.09 07:51:33.044,1.48538,1.48568,2.25,1.00
2015.03.09 07:51:33.565,1.48538,1.48573,2.25,2.62
2015.03.09 07:51:33.895,1.48542,1.48576,2.25,1.90
2015.03.09 07:51:35.496,1.48542,1.48574,2.25,1.20
2015.03.09 07:51:39.509,1.48542,1.48575,2.25,1.92
2015.03.09 07:51:39.977,1.48542,1.48576,2.25,3.15
2015.03.09 07:51:40.337,1.48538,1.48575,4.35,4.72
2015.03.09 07:51:40.887,1.48538,1.48574,4.35,1.52
2015.03.09 07:51:43.580,1.48538,1.48572,4.35,1.90
2015.03.09 07:51:44.088,1.48538,1.48572,4.35,1.52
2015.03.09 07:51:44.189,1.48538,1.48572,4.35,1.90
2015.03.09 07:51:49.527,1.48538,1.48573,4.35,1.65
2015.03.09 07:51:49.579,1.48541,1.48573,2.25,1.57
2015.03.09 07:51:50.604,1.48541,1.48572,2.25,1.87
2015.03.09 07:51:51.729,1.48541,1.48572,2.25,1.37
2015.03.09 07:51:52.798,1.48541,1.48574,2.25,1.87
2015.03.09 07:51:52.900,1.48541,1.48572,2.25,1.12
2015.03.09 07:51:53.834,1.48541,1.48574,2.25,1.87
2015.03.09 07:51:53.885,1.48538,1.48574,2.25,4.12
2015.03.09 07:51:54.037,1.4854,1.48574,2.25,4.12
2015.03.09 07:51:54.574,1.48541,1.48574,2.25,1.27
2015.03.09 07:51:54.986,1.48537,1.48572,2.25,1.52
2015.03.09 07:51:55.037,1.48537,1.48572,2.25,1.52
2015.03.09 07:51:55.368,1.48544,1.48574,2.17,2.55
2015.03.09 07:51:55.470,1.48549,1.4858,2.25,1.57
2015.03.09 07:51:55.522,1.4855,1.48581,2.25,1.12
2015.03.09 07:51:55.674,1.48554,1.48583,2.25,1.75
2015.03.09 07:51:55.979,1.48557,1.4859,2.25,2.64
2015.03.09 07:51:56.666,1.48557,1.48587,2.25,1.00
2015.03.09 07:51:57.182,1.48557,1.48589,2.25,1.27
2015.03.09 07:51:58.667,1.48557,1.48589,2.25,1.55
2015.03.09 07:52:01.167,1.48557,1.48589,2.25,1.92
2015.03.09 07:52:02.806,1.48557,1.4859,2.25,1.52
2015.03.09 07:52:03.834,1.48556,1.48588,2.25,2.55
2015.03.09 07:52:03.885,1.48552,1.48588,2.25,2.62
2015.03.09 07:52:03.936,1.4855,1.48586,2.25,2.62
2015.03.09 07:52:03.988,1.48548,1.48586,3.75,2.62
2015.03.09 07:52:04.040,1.48547,1.4858,2.25,2.17
2015.03.09 07:52:04.091,1.48545,1.4858,2.25,2.25
2015.03.09 07:52:05.438,1.48543,1.48577,2.25,2.17
2015.03.09 07:52:05.590,1.4854,1.48573,1.00,2.25
2015.03.09 07:52:05.642,1.48541,1.48569,1.00,2.17
2015.03.09 07:52:05.946,1.48536,1.4856,1.00,2.25
2015.03.09 07:52:06.048,1.48531,1.4856,1.00,2.25
2015.03.09 07:52:06.246,1.48526,1.4856,1.17,2.25
2015.03.09 07:52:06.500,1.48527,1.48563,2.25,2.25
2015.03.09 07:52:13.810,1.48523,1.48549,4.35,1.50
2015.03.09 07:52:13.911,1.48512,1.48542,1.00,4.35
2015.03.09 07:52:14.013,1.48504,1.4854,4.35,1.15
2015.03.09 07:52:14.114,1.48501,1.48532,2.62,1.69
2015.03.09 07:52:14.317,1.4847,1.48514,1.37,1.00
2015.03.09 07:52:14.368,1.4847,1.4851,1.37,1.00
2015.03.09 07:52:14.521,1.4847,1.4851,1.00,1.50
2015.03.09 07:52:14.572,1.48464,1.48508,1.00,1.00
2015.03.09 07:52:14.774,1.48466,1.48507,1.00,1.00
2015.03.09 07:52:14.927,1.48464,1.48506,1.00,1.00
2015.03.09 07:52:14.977,1.48466,1.48506,1.00,1.00
2015.03.09 07:52:15.287,1.48464,1.48506,1.00,1.00
2015.03.09 07:52:15.439,1.48464,1.48504,1.00,1.00
2015.03.09 07:52:15.744,1.48466,1.48504,1.00,1.00
2015.03.09 07:52:16.352,1.48466,1.48505,1.00,1.00
2015.03.09 07:52:16.456,1.48464,1.48505,1.00,1.00
2015.03.09 07:52:16.558,1.48466,1.48505,1.00,1.00
2015.03.09 07:52:17.065,1.48466,1.48504,1.00,1.00
2015.03.09 07:52:17.427,1.48468,1.48509,1.00,1.00
2015.03.09 07:52:17.478,1.48469,1.48514,1.00,2.25
2015.03.09 07:52:17.988,1.48471,1.48515,1.00,1.00
2015.03.09 07:52:18.090,1.48469,1.48515,1.00,1.00
2015.03.09 07:52:18.192,1.48471,1.48514,1.00,1.00
2015.03.09 07:52:18.416,1.48471,1.48516,1.00,1.00
2015.03.09 07:52:19.175,1.48473,1.48517,1.00,1.00
2015.03.09 07:52:21.265,1.48471,1.48514,1.00,1.00
2015.03.09 07:52:21.837,1.4847,1.48514,1.00,1.00
2015.03.09 07:52:22.390,1.4848,1.48518,1.00,1.37
2015.03.09 07:52:22.643,1.48471,1.48518,1.50,1.00
2015.03.09 07:52:22.745,1.48475,1.48519,1.00,1.00
2015.03.09 07:52:23.049,1.48477,1.48517,1.00,1.00
2015.03.09 07:52:23.557,1.48475,1.48516,1.50,1.00
2015.03.09 07:52:24.492,1.48475,1.48515,1.00,1.00
2015.03.09 07:52:24.644,1.48472,1.48515,1.00,1.00
2015.03.09 07:52:25.099,1.48475,1.48516,1.00,1.00
2015.03.09 07:52:25.452,1.48477,1.4852,1.00,1.75
2015.03.09 07:52:25.756,1.48479,1.4852,1.00,1.37
2015.03.09 07:52:26.300,1.4848,1.48524,1.00,1.37
2015.03.09 07:52:26.620,1.4848,1.48524,1.00,1.37
2015.03.09 07:52:27.646,1.48478,1.48524,1.00,1.37
2015.03.09 07:52:29.145,1.48478,1.4852,1.00,1.12
2015.03.09 07:52:29.662,1.48478,1.48519,1.00,1.00
2015.03.09 07:52:30.240,1.48479,1.48524,1.00,1.37
2015.03.09 07:52:34.376,1.48479,1.48519,1.00,1.00
2015.03.09 07:52:34.915,1.48479,1.48524,1.00,1.37
2015.03.09 07:52:35.018,1.48479,1.48524,1.00,1.37
2015.03.09 07:52:35.069,1.48479,1.4852,1.00,1.00
2015.03.09 07:52:35.728,1.48477,1.48523,1.00,1.37
2015.03.09 07:52:36.499,1.48478,1.48523,1.00,1.37
2015.03.09 07:52:37.629,1.48475,1.48521,1.50,1.37
2015.03.09 07:52:38.472,1.48476,1.48521,1.00,1.37
2015.03.09 07:52:38.696,1.48479,1.4852,1.00,1.37
2015.03.09 07:52:39.139,1.48476,1.48519,1.00,1.12
2015.03.09 07:52:39.341,1.48476,1.48514,1.00,1.00
2015.03.09 07:52:41.524,1.48476,1.48515,1.00,1.00
2015.03.09 07:52:41.899,1.48478,1.48519,1.00,1.37
2015.03.09 07:52:42.074,1.48478,1.48514,1.00,1.00
2015.03.09 07:52:42.306,1.48478,1.48519,1.00,1.37
2015.03.09 07:52:42.904,1.48478,1.48519,1.00,1.12
2015.03.09 07:52:44.545,1.48478,1.48518,1.00,1.00
2015.03.09 07:52:44.647,1.48471,1.4851,1.10,1.00
2015.03.09 07:52:45.001,1.48474,1.4851,1.00,1.00
2015.03.09 07:52:45.052,1.48474,1.48515,1.00,1.37
2015.03.09 07:52:45.394,1.48472,1.48515,1.50,1.37
2015.03.09 07:52:47.068,1.48472,1.4851,1.00,1.00
2015.03.09 07:52:47.245,1.48472,1.48514,1.00,1.12
2015.03.09 07:52:48.114,1.48472,1.48514,1.00,1.37
2015.03.09 07:52:49.244,1.48473,1.48514,1.00,1.37
2015.03.09 07:52:49.753,1.48473,1.48514,1.00,1.12
2015.03.09 07:52:50.302,1.48474,1.48516,1.00,1.37
2015.03.09 07:52:51.123,1.48474,1.48514,1.00,1.37
2015.03.09 07:52:51.926,1.48473,1.48514,1.00,1.37
2015.03.09 07:52:52.414,1.48473,1.48509,1.00,1.00
2015.03.09 07:52:52.985,1.48474,1.4851,1.00,1.00
2015.03.09 07:52:53.671,1.48472,1.4851,1.00,1.00
2015.03.09 07:52:54.081,1.48471,1.48514,1.00,1.37
2015.03.09 07:52:55.667,1.48469,1.48514,1.00,1.87
2015.03.09 07:52:55.972,1.48468,1.48509,1.50,1.00
2015.03.09 07:52:56.279,1.4847,1.48509,1.00,1.00
2015.03.09 07:52:56.744,1.48465,1.4851,1.00,1.87
2015.03.09 07:52:56.978,1.48463,1.48508,1.00,1.00
2015.03.09 07:52:57.182,1.48461,1.48507,1.57,1.00
2015.03.09 07:52:57.283,1.48461,1.48505,1.10,1.00
2015.03.09 07:52:57.638,1.48461,1.48499,1.57,1.00
2015.03.09 07:52:57.790,1.48456,1.48497,1.00,1.00
2015.03.09 07:52:57.841,1.48461,1.48497,1.00,1.00
2015.03.09 07:52:58.399,1.4846,1.48497,1.00,1.00
2015.03.09 07:52:59.172,1.48455,1.48497,1.00,1.00
2015.03.09 07:52:59.688,1.48456,1.48496,1.00,1.00
2015.03.09 07:53:00.242,1.48456,1.48497,1.00,1.00
2015.03.09 07:53:00.940,1.48456,1.48496,1.00,1.00
2015.03.09 07:53:02.577,1.48456,1.48497,1.00,1.00
2015.03.09 07:53:03.107,1.48456,1.48496,1.00,1.00
2015.03.09 07:53:04.295,1.48455,1.48496,1.00,1.00
2015.03.09 07:53:06.166,1.48456,1.48496,1.00,1.00
2015.03.09 07:53:06.419,1.4846,1.48496,1.00,1.00
2015.03.09 07:53:06.867,1.48456,1.48496,1.00,1.00
2015.03.09 07:53:07.077,1.48456,1.48498,1.00,1.12
2015.03.09 07:53:07.389,1.48461,1.48498,1.00,1.87
2015.03.09 07:53:07.490,1.48456,1.485,1.00,1.37
2015.03.09 07:53:08.033,1.48455,1.48499,1.50,1.12
2015.03.09 07:53:08.836,1.48456,1.485,1.00,1.87
2015.03.09 07:53:08.888,1.48456,1.48498,1.00,1.37
2015.03.09 07:53:10.125,1.48456,1.485,1.00,1.87
2015.03.09 07:53:14.463,1.48455,1.48498,1.00,1.37
2015.03.09 07:53:14.564,1.48451,1.48498,1.57,1.37
2015.03.09 07:53:15.971,1.48451,1.48497,1.57,1.37
2015.03.09 07:53:16.449,1.48451,1.48494,1.10,1.00
2015.03.09 07:53:17.103,1.48448,1.48493,1.15,1.00
2015.03.09 07:53:17.651,1.48451,1.48492,1.10,1.50
2015.03.09 07:53:17.854,1.48446,1.48491,1.00,1.87
2015.03.09 07:53:18.155,1.48451,1.4849,1.00,1.87
2015.03.09 07:53:19.079,1.48451,1.48489,1.00,1.37
2015.03.09 07:53:19.633,1.48446,1.48487,1.00,1.12
2015.03.09 07:53:19.836,1.48445,1.48485,1.00,1.00
2015.03.09 07:53:19.937,1.4844,1.48485,1.50,1.00
2015.03.09 07:53:20.039,1.48445,1.48485,1.00,1.00
2015.03.09 07:53:20.384,1.48445,1.48485,1.00,1.37
2015.03.09 07:53:20.796,1.4844,1.48485,1.50,1.37
2015.03.09 07:53:21.465,1.48445,1.48485,1.00,1.37
2015.03.09 07:53:22.125,1.48446,1.48485,1.00,1.37
2015.03.09 07:53:22.334,1.48441,1.48485,1.00,1.37
2015.03.09 07:53:22.395,1.48441,1.48485,1.00,1.37
2015.03.09 07:53:23.324,1.4844,1.48485,1.50,1.37
2015.03.09 07:53:23.578,1.48443,1.48486,1.00,1.37
2015.03.09 07:53:25.150,1.48443,1.48486,1.00,1.37
2015.03.09 07:53:26.024,1.48444,1.48486,1.00,1.37
2015.03.09 07:53:26.554,1.48443,1.48485,1.00,1.37
2015.03.09 07:53:27.067,1.48443,1.48485,1.00,1.37
2015.03.09 07:53:27.372,1.48445,1.48485,1.00,1.37
2015.03.09 07:53:27.525,1.48444,1.48485,1.00,1.37
2015.03.09 07:53:28.041,1.48445,1.48487,1.00,1.50
2015.03.09 07:53:28.544,1.48443,1.48486,1.00,1.50
2015.03.09 07:53:28.646,1.48441,1.48486,1.00,2.25
2015.03.09 07:53:28.697,1.48441,1.48484,1.00,1.75
2015.03.09 07:53:29.228,1.4844,1.48482,1.00,1.87
2015.03.09 07:53:29.741,1.48441,1.48482,1.00,1.37
2015.03.09 07:53:30.513,1.48441,1.48482,1.00,1.37
2015.03.09 07:53:31.731,1.4844,1.48482,1.00,1.37
2015.03.09 07:53:33.382,1.48446,1.4848,1.00,1.37
2015.03.09 07:53:33.483,1.4844,1.48472,1.00,1.00
2015.03.09 07:53:33.686,1.48446,1.48478,1.00,1.75
2015.03.09 07:53:33.788,1.48441,1.48478,1.00,1.75
2015.03.09 07:53:34.766,1.48436,1.48478,1.50,1.37
2015.03.09 07:53:34.817,1.48436,1.48477,1.50,1.00
2015.03.09 07:53:35.584,1.48436,1.48469,1.00,1.00
2015.03.09 07:53:35.737,1.48437,1.48477,1.00,1.56
2015.03.09 07:53:35.788,1.48441,1.48477,1.00,1.56
2015.03.09 07:53:36.143,1.48441,1.48474,1.00,1.00
2015.03.09 07:53:36.346,1.4844,1.48481,1.00,1.19
2015.03.09 07:53:36.967,1.48441,1.48482,1.00,1.31
2015.03.09 07:53:38.838,1.48441,1.48481,1.00,1.37
2015.03.09 07:53:39.736,1.4844,1.48481,1.00,1.37
2015.03.09 07:53:40.264,1.48441,1.48481,1.00,1.37
2015.03.09 07:53:41.803,1.48441,1.48477,1.00,1.00
2015.03.09 07:53:42.306,1.4844,1.48477,1.00,1.00
2015.03.09 07:53:44.261,1.48441,1.48481,1.00,1.37
2015.03.09 07:53:44.781,1.4844,1.48481,1.00,1.37
2015.03.09 07:53:45.704,1.4844,1.48481,1.00,1.37
2015.03.09 07:53:46.322,1.4844,1.48481,1.00,1.37
2015.03.09 07:53:46.373,1.4844,1.48481,1.00,1.37
2015.03.09 07:53:46.909,1.48441,1.48481,1.00,1.37
2015.03.09 07:53:47.313,1.48446,1.48481,1.00,1.37
2015.03.09 07:53:47.833,1.48445,1.48481,1.00,1.37
2015.03.09 07:53:48.662,1.48446,1.48481,1.00,1.37
2015.03.09 07:53:49.123,1.48446,1.48481,1.00,1.00
2015.03.09 07:53:49.372,1.48446,1.48481,1.00,1.37
2015.03.09 07:53:49.422,1.4844,1.48481,1.00,1.37
2015.03.09 07:53:49.614,1.48446,1.48481,1.00,1.37
2015.03.09 07:53:49.939,1.48446,1.48481,1.00,1.75
2015.03.09 07:53:50.092,1.4844,1.48481,1.00,1.75
2015.03.09 07:53:50.244,1.48441,1.4848,1.00,1.75
2015.03.09 07:53:50.500,1.48436,1.4848,1.50,1.75
2015.03.09 07:53:50.653,1.48436,1.4848,1.50,1.75
2015.03.09 07:53:50.754,1.48441,1.4848,1.00,1.75
2015.03.09 07:53:51.621,1.48436,1.4848,1.00,1.75
2015.03.09 07:53:51.726,1.48441,1.4848,1.00,1.75
2015.03.09 07:53:52.395,1.4844,1.48477,1.00,1.50
2015.03.09 07:53:53.023,1.48441,1.48477,1.00,1.50
2015.03.09 07:53:53.354,1.48441,1.48477,1.00,1.50
2015.03.09 07:53:53.587,1.48436,1.48477,1.00,1.50
2015.03.09 07:53:53.638,1.48436,1.48475,1.00,1.37
2015.03.09 07:53:53.941,1.4844,1.48475,1.00,1.75
2015.03.09 07:53:54.448,1.48441,1.48475,1.00,2.25
2015.03.09 07:53:54.983,1.4844,1.48475,1.00,2.25
2015.03.09 07:53:56.323,1.48436,1.48475,1.00,2.25
2015.03.09 07:53:57.458,1.48436,1.48475,1.00,2.25
2015.03.09 07:53:57.877,1.48441,1.48475,1.00,1.75
2015.03.09 07:53:59.185,1.48441,1.48476,1.00,1.37
2015.03.09 07:53:59.287,1.48441,1.48476,1.00,1.75
2015.03.09 07:53:59.641,1.48445,1.48477,1.00,2.25
2015.03.09 07:54:00.155,1.48446,1.48477,1.00,1.75
2015.03.09 07:54:00.733,1.48446,1.48477,1.00,1.75
2015.03.09 07:54:01.163,1.48441,1.48477,1.00,1.75
2015.03.09 07:54:02.264,1.4844,1.48477,1.00,1.75
2015.03.09 07:54:02.525,1.48436,1.48477,1.00,1.75
2015.03.09 07:54:03.059,1.48435,1.48478,1.00,1.75
2015.03.09 07:54:04.499,1.48436,1.48479,1.00,1.75
2015.03.09 07:54:05.015,1.48435,1.48479,1.00,1.75
2015.03.09 07:54:05.167,1.48441,1.48479,1.00,1.75
2015.03.09 07:54:05.744,1.4844,1.48478,1.00,1.75
2015.03.09 07:54:06.333,1.48436,1.48478,1.00,1.75
2015.03.09 07:54:06.875,1.48435,1.48478,1.00,1.75
2015.03.09 07:54:07.129,1.48441,1.48478,1.00,2.25
2015.03.09 07:54:07.230,1.48436,1.48478,1.00,2.25
2015.03.09 07:54:07.448,1.48441,1.48477,1.00,1.50
2015.03.09 07:54:07.753,1.48446,1.48475,1.00,1.12
2015.03.09 07:54:07.804,1.4844,1.48475,1.00,1.12
2015.03.09 07:54:07.855,1.4844,1.48473,1.00,1.00
2015.03.09 07:54:07.906,1.48435,1.48473,1.00,1.00
2015.03.09 07:54:08.109,1.48445,1.48476,1.00,2.62
2015.03.09 07:54:08.262,1.48445,1.48476,1.00,2.25
2015.03.09 07:54:08.363,1.4844,1.48476,1.00,2.62
2015.03.09 07:54:08.474,1.48445,1.48476,1.00,2.62
2015.03.09 07:54:08.980,1.48446,1.48474,1.00,1.00
2015.03.09 07:54:09.342,1.4844,1.48474,1.00,1.00
2015.03.09 07:54:09.974,1.48441,1.48474,1.00,1.00
2015.03.09 07:54:10.497,1.48441,1.48475,1.00,1.12
2015.03.09 07:54:11.282,1.4844,1.48475,1.00,1.12
2015.03.09 07:54:11.485,1.4844,1.48478,1.00,1.00
2015.03.09 07:54:11.536,1.48445,1.48478,1.50,1.00
2015.03.09 07:54:11.587,1.48445,1.48481,1.50,1.00
2015.03.09 07:54:11.865,1.48451,1.48481,1.00,1.00
2015.03.09 07:54:11.967,1.48447,1.48481,1.00,1.00
2015.03.09 07:54:12.068,1.48451,1.48481,1.00,1.00
2015.03.09 07:54:12.859,1.4845,1.48481,1.00,1.00
2015.03.09 07:54:13.045,1.48446,1.48481,1.00,1.00
2015.03.09 07:54:13.197,1.48451,1.48481,1.00,1.00
2015.03.09 07:54:13.739,1.4845,1.48481,1.00,1.00
2015.03.09 07:54:13.841,1.48446,1.48481,1.00,1.00
2015.03.09 07:54:15.795,1.48445,1.48481,1.00,1.00
2015.03.09 07:54:17.663,1.48446,1.48481,1.00,1.00
2015.03.09 07:54:17.819,1.48441,1.48481,1.87,1.00
2015.03.09 07:54:18.102,1.48446,1.48481,1.00,1.00
2015.03.09 07:54:18.363,1.48441,1.4848,1.50,1.00
2015.03.09 07:54:18.730,1.48441,1.48478,1.00,1.00
2015.03.09 07:54:19.696,1.4844,1.48478,1.50,1.00
2015.03.09 07:54:21.764,1.48446,1.48478,1.00,1.00
2015.03.09 07:54:22.833,1.48445,1.48478,1.00,1.00
2015.03.09 07:54:23.395,1.48446,1.48478,1.00,1.00
2015.03.09 07:54:23.932,1.48445,1.48478,1.00,1.00
2015.03.09 07:54:24.042,1.48441,1.48478,1.00,1.00
2015.03.09 07:54:26.261,1.48446,1.48478,1.00,1.00
2015.03.09 07:54:26.312,1.48446,1.48481,1.00,1.00
2015.03.09 07:54:26.870,1.48446,1.48483,1.00,1.00
2015.03.09 07:54:27.175,1.48441,1.48483,1.50,1.00
2015.03.09 07:54:27.343,1.48446,1.48483,1.00,1.00
2015.03.09 07:54:27.600,1.48441,1.48483,1.50,1.00
2015.03.09 07:54:28.112,1.48442,1.48483,1.00,1.00
2015.03.09 07:54:28.333,1.48445,1.48483,1.00,1.00
2015.03.09 07:54:29.134,1.48446,1.48483,1.00,1.00
2015.03.09 07:54:31.303,1.48445,1.48483,1.00,1.50
2015.03.09 07:54:32.292,1.48446,1.48483,1.00,1.00
2015.03.09 07:54:33.062,1.48445,1.48483,1.00,1.00
2015.03.09 07:54:37.914,1.48451,1.48483,1.00,1.00
2015.03.09 07:54:38.217,1.48451,1.48485,1.00,1.00
2015.03.09 07:54:38.425,1.4845,1.48488,1.00,1.00
2015.03.09 07:54:38.526,1.4845,1.48486,1.00,1.00
2015.03.09 07:54:39.042,1.48451,1.48486,1.00,1.50
2015.03.09 07:54:39.346,1.48446,1.48483,1.00,1.00
2015.03.09 07:54:39.552,1.48451,1.48483,1.00,1.00
2015.03.09 07:54:40.165,1.4845,1.48483,1.00,1.00
2015.03.09 07:54:41.312,1.48445,1.48483,1.00,1.00
2015.03.09 07:54:41.642,1.48451,1.48483,1.00,1.00
2015.03.09 07:54:42.159,1.4845,1.48483,1.00,1.00
2015.03.09 07:54:42.883,1.48445,1.48483,1.00,1.00
2015.03.09 07:54:43.443,1.48446,1.48483,1.00,1.00
2015.03.09 07:54:43.545,1.48451,1.48483,1.00,1.00
2015.03.09 07:54:44.151,1.4845,1.48483,1.00,1.00
2015.03.09 07:54:44.742,1.48451,1.48483,1.00,1.00
2015.03.09 07:54:47.472,1.48446,1.48483,1.00,1.00
2015.03.09 07:54:49.312,1.48446,1.48482,1.00,1.00
2015.03.09 07:54:54.038,1.48446,1.48484,1.00,1.00
2015.03.09 07:54:56.288,1.4844,1.48484,1.50,1.00
2015.03.09 07:54:56.390,1.48451,1.48484,1.00,1.00
2015.03.09 07:54:56.694,1.48451,1.48481,1.00,1.00
2015.03.09 07:54:56.745,1.48445,1.48481,1.00,1.00
2015.03.09 07:54:56.898,1.48446,1.48478,1.00,1.00
2015.03.09 07:54:57.203,1.48441,1.48478,1.00,1.00
2015.03.09 07:54:57.728,1.48445,1.48479,1.00,1.00
2015.03.09 07:54:58.032,1.48451,1.48478,1.00,1.00
2015.03.09 07:54:58.556,1.4845,1.48478,1.00,1.00
2015.03.09 07:54:58.718,1.48445,1.48478,1.00,1.00
2015.03.09 07:54:58.820,1.48441,1.48478,1.00,1.00
2015.03.09 07:54:58.871,1.48441,1.48475,1.00,1.00
2015.03.09 07:54:59.023,1.48437,1.48475,1.00,1.00
2015.03.09 07:54:59.385,1.48441,1.48475,1.00,1.00
2015.03.09 07:54:59.690,1.48436,1.48475,1.20,1.00
2015.03.09 07:55:00.145,1.4844,1.48475,1.00,1.00
2015.03.09 07:55:00.455,1.48445,1.48475,1.00,1.00
2015.03.09 07:55:00.709,1.48441,1.48474,1.00,1.00
2015.03.09 07:55:01.266,1.48436,1.48474,1.00,1.00
2015.03.09 07:55:01.317,1.48436,1.48464,1.00,1.00
2015.03.09 07:55:01.369,1.48431,1.48464,1.50,1.00
2015.03.09 07:55:01.420,1.48431,1.48462,1.00,1.00
2015.03.09 07:55:01.576,1.48431,1.48472,1.00,2.77
2015.03.09 07:55:01.627,1.48431,1.48472,1.00,2.25
2015.03.09 07:55:01.779,1.48436,1.48472,1.00,2.25
2015.03.09 07:55:02.285,1.48436,1.48471,1.00,1.00
2015.03.09 07:55:03.126,1.48435,1.48471,1.00,1.00
2015.03.09 07:55:03.331,1.48436,1.48474,1.00,1.00
2015.03.09 07:55:03.433,1.48441,1.48474,1.00,1.00
2015.03.09 07:55:03.534,1.48441,1.48477,1.00,1.00
2015.03.09 07:55:03.901,1.48435,1.48478,1.00,1.50
2015.03.09 07:55:04.424,1.48435,1.48477,1.00,1.00
2015.03.09 07:55:04.929,1.48435,1.48479,1.00,1.00
2015.03.09 07:55:05.030,1.48435,1.48476,1.00,1.00
2015.03.09 07:55:05.337,1.48445,1.48477,1.00,1.00
2015.03.09 07:55:05.542,1.4844,1.48478,1.50,1.00
2015.03.09 07:55:05.744,1.48446,1.48478,1.00,1.00
2015.03.09 07:55:06.053,1.48451,1.48478,1.00,1.00
2015.03.09 07:55:06.205,1.48445,1.48478,1.00,1.00
2015.03.09 07:55:06.306,1.48451,1.48478,1.00,1.00
2015.03.09 07:55:07.291,1.48446,1.48478,1.00,1.00
2015.03.09 07:55:07.747,1.4845,1.48479,1.00,1.00
2015.03.09 07:55:07.849,1.48446,1.48479,1.00,1.00
2015.03.09 07:55:07.950,1.48451,1.48479,1.00,1.00
2015.03.09 07:55:08.204,1.48446,1.48479,1.00,1.00
2015.03.09 07:55:08.375,1.48441,1.48479,1.00,1.00
2015.03.09 07:55:08.527,1.48446,1.48479,1.00,1.00
2015.03.09 07:55:09.068,1.48441,1.48479,1.00,1.00
2015.03.09 07:55:09.595,1.4844,1.48479,1.50,1.00
2015.03.09 07:55:09.646,1.48442,1.48479,1.00,1.00
2015.03.09 07:55:10.153,1.48441,1.48479,1.50,1.00
2015.03.09 07:55:14.441,1.48441,1.48483,1.00,1.00
2015.03.09 07:55:14.492,1.48444,1.48483,1.00,1.00
2015.03.09 07:55:14.644,1.48441,1.48482,1.00,1.00
2015.03.09 07:55:14.807,1.4844,1.4848,1.50,1.00
2015.03.09 07:55:15.123,1.48446,1.4848,2.25,1.17
2015.03.09 07:55:15.427,1.4845,1.48485,2.25,2.25
2015.03.09 07:55:17.942,1.48457,1.48485,2.17,2.17
2015.03.09 07:55:17.993,1.48458,1.4849,2.25,1.00
2015.03.09 07:55:18.045,1.48458,1.4849,2.17,1.07
2015.03.09 07:55:18.096,1.48454,1.4849,2.25,2.25
2015.03.09 07:55:18.940,1.48454,1.48487,2.17,2.25
2015.03.09 07:55:18.991,1.4845,1.48486,2.25,2.25
2015.03.09 07:55:22.055,1.48456,1.48486,1.00,2.25
2015.03.09 07:55:22.894,1.48453,1.48486,1.17,2.25
2015.03.09 07:55:27.293,1.48456,1.48486,1.00,2.25
2015.03.09 07:55:27.520,1.48456,1.48489,1.17,2.25
2015.03.09 07:55:31.179,1.48453,1.48487,2.25,2.25
2015.03.09 07:55:31.231,1.48451,1.48486,3.00,2.25
2015.03.09 07:55:34.375,1.48453,1.48486,2.25,2.25
2015.03.09 07:55:34.426,1.48454,1.48489,2.25,2.25
2015.03.09 07:55:39.927,1.48457,1.48493,2.25,2.25
2015.03.09 07:55:44.605,1.48457,1.48492,2.25,2.25
2015.03.09 07:55:44.656,1.48456,1.48491,1.15,2.25
2015.03.09 07:55:48.341,1.48451,1.48486,3.00,2.25
2015.03.09 07:55:51.927,1.48451,1.48484,2.25,2.25
2015.03.09 07:55:51.978,1.48447,1.48484,4.35,4.35
2015.03.09 07:56:02.621,1.48455,1.48484,1.00,4.35
2015.03.09 07:56:03.148,1.48456,1.48484,1.00,4.35
2015.03.09 07:56:03.351,1.48456,1.48486,1.00,2.25
2015.03.09 07:56:05.573,1.48455,1.48486,1.00,2.25
2015.03.09 07:56:06.343,1.48456,1.48486,1.00,2.25
2015.03.09 07:56:06.455,1.48451,1.48486,1.15,2.25
2015.03.09 07:56:06.607,1.48456,1.48486,1.00,2.25
2015.03.09 07:56:08.016,1.4845,1.48486,5.25,2.25
2015.03.09 07:56:08.067,1.48453,1.48489,2.25,2.25
2015.03.09 07:56:08.407,1.48451,1.48486,3.00,2.25
2015.03.09 07:56:08.917,1.48456,1.48486,1.00,2.25
2015.03.09 07:56:09.552,1.48455,1.48486,1.10,2.25
2015.03.09 07:56:10.058,1.48456,1.48486,1.00,2.25
2015.03.09 07:56:11.101,1.48455,1.48489,1.15,2.25
2015.03.09 07:56:11.152,1.48458,1.48489,2.25,2.17
2015.03.09 07:56:11.204,1.4846,1.48495,2.25,2.25
2015.03.09 07:56:11.862,1.48461,1.48495,3.00,2.17
2015.03.09 07:56:11.913,1.48462,1.48499,2.25,2.25
2015.03.09 07:56:11.964,1.48468,1.48499,2.17,2.17
2015.03.09 07:56:12.016,1.4847,1.48502,2.25,1.10
2015.03.09 07:56:12.067,1.48474,1.48505,2.25,1.07
2015.03.09 07:56:12.118,1.48474,1.48505,4.35,1.00
2015.03.09 07:56:12.221,1.48474,1.48507,4.35,1.00
2015.03.09 07:56:12.272,1.48477,1.48507,4.35,1.00
2015.03.09 07:56:12.482,1.48475,1.48507,2.25,1.17
2015.03.09 07:56:12.641,1.48475,1.48504,2.25,1.00
2015.03.09 07:56:13.164,1.48475,1.48505,2.25,1.00
2015.03.09 07:56:14.313,1.48475,1.48509,2.25,1.65
2015.03.09 07:56:14.668,1.48477,1.4851,2.25,2.25
2015.03.09 07:56:14.719,1.48478,1.48511,2.25,1.15
2015.03.09 07:56:18.367,1.48481,1.48512,2.25,1.07
2015.03.09 07:56:18.418,1.48481,1.48512,4.35,1.00
2015.03.09 07:56:18.570,1.48481,1.48515,4.35,1.20
2015.03.09 07:56:19.410,1.4848,1.48515,1.00,1.00
2015.03.09 07:56:20.007,1.4848,1.48514,1.00,1.00
2015.03.09 07:56:20.542,1.48479,1.48514,1.00,1.00
2015.03.09 07:56:20.797,1.48478,1.48509,1.00,1.00
2015.03.09 07:56:21.104,1.48477,1.48514,1.00,1.50
2015.03.09 07:56:21.925,1.48479,1.48514,1.00,1.50
2015.03.09 07:56:22.435,1.4848,1.48514,1.00,1.00
2015.03.09 07:56:22.637,1.48481,1.48518,1.00,1.00
2015.03.09 07:56:22.688,1.48479,1.48518,1.00,1.00
2015.03.09 07:56:22.739,1.48481,1.48521,1.00,1.87
2015.03.09 07:56:22.891,1.48476,1.48521,1.00,1.00
2015.03.09 07:56:22.942,1.48486,1.48521,1.00,1.00
2015.03.09 07:56:22.993,1.48486,1.48529,1.00,1.87
2015.03.09 07:56:23.044,1.48489,1.48529,1.00,1.87
2015.03.09 07:56:23.146,1.48479,1.48525,1.00,2.25
2015.03.09 07:56:23.197,1.48479,1.48523,1.00,1.00
2015.03.09 07:56:23.501,1.48476,1.48522,1.00,1.00
2015.03.09 07:56:23.577,1.48478,1.48522,1.00,1.37
2015.03.09 07:56:24.086,1.48477,1.48523,1.00,1.87
2015.03.09 07:56:24.699,1.48472,1.48517,1.00,1.37
2015.03.09 07:56:25.043,1.48475,1.48518,1.00,1.37
2015.03.09 07:56:25.384,1.48472,1.48518,1.00,1.87
2015.03.09 07:56:26.471,1.48472,1.48518,1.00,1.50
2015.03.09 07:56:27.650,1.48473,1.48519,1.00,2.25
2015.03.09 07:56:29.431,1.48474,1.48519,1.00,2.25
2015.03.09 07:56:30.250,1.48473,1.48519,1.00,1.50
2015.03.09 07:56:30.352,1.48473,1.48515,1.00,1.00
2015.03.09 07:56:30.454,1.48473,1.48519,1.00,2.25
2015.03.09 07:56:30.560,1.48473,1.48514,1.00,1.00
2015.03.09 07:56:30.662,1.48473,1.48519,1.00,2.25
2015.03.09 07:56:30.814,1.48473,1.48514,1.00,1.00
2015.03.09 07:56:31.320,1.48472,1.48515,1.00,1.00
2015.03.09 07:56:31.965,1.4847,1.48515,1.00,1.50
2015.03.09 07:56:32.269,1.48466,1.48514,2.25,1.50
2015.03.09 07:56:32.320,1.48466,1.4851,1.50,1.00
2015.03.09 07:56:32.836,1.48467,1.48509,1.00,1.00
2015.03.09 07:56:33.352,1.48466,1.4851,1.00,1.00
2015.03.09 07:56:33.403,1.48466,1.48512,1.50,1.50
2015.03.09 07:56:33.835,1.48466,1.48508,1.00,1.00
2015.03.09 07:56:34.088,1.4846,1.48506,1.57,1.12
2015.03.09 07:56:34.607,1.48461,1.48505,1.00,1.00
2015.03.09 07:56:35.113,1.48461,1.48506,1.00,1.87
2015.03.09 07:56:35.215,1.48461,1.48506,1.00,2.02
2015.03.09 07:56:35.519,1.48466,1.48507,1.00,3.37
2015.03.09 07:56:35.620,1.48462,1.48507,1.00,3.37
2015.03.09 07:56:36.127,1.48461,1.48507,1.00,3.37
2015.03.09 07:56:36.669,1.48462,1.48507,1.00,4.12
2015.03.09 07:56:37.313,1.4846,1.48506,1.00,1.52
2015.03.09 07:56:37.364,1.48461,1.48506,1.00,1.37
2015.03.09 07:56:38.166,1.4846,1.48506,1.50,1.37
2015.03.09 07:56:38.318,1.48462,1.48507,1.00,1.37
2015.03.09 07:56:38.642,1.48464,1.48507,1.00,1.37
2015.03.09 07:56:39.155,1.48465,1.48507,1.00,1.37
2015.03.09 07:56:39.459,1.48471,1.48515,1.00,1.37
2015.03.09 07:56:39.966,1.48472,1.48516,1.00,1.87
2015.03.09 07:56:40.324,1.4847,1.48513,1.00,1.37
2015.03.09 07:56:40.375,1.48467,1.48513,1.00,1.87
2015.03.09 07:56:40.903,1.48467,1.48511,1.00,1.00
2015.03.09 07:56:42.684,1.4847,1.48511,1.00,1.00
2015.03.09 07:56:43.271,1.4847,1.4851,1.00,1.00
2015.03.09 07:56:43.322,1.48466,1.4851,1.00,1.00
2015.03.09 07:56:44.321,1.4847,1.4851,1.00,1.00
2015.03.09 07:56:44.842,1.48466,1.4851,1.00,1.00
2015.03.09 07:56:45.672,1.48466,1.48509,1.00,1.00
2015.03.09 07:56:47.814,1.48465,1.48509,1.00,1.00
2015.03.09 07:56:48.325,1.48465,1.4851,1.00,1.00
2015.03.09 07:56:48.902,1.48465,1.48509,1.50,1.00
2015.03.09 07:56:49.054,1.48465,1.48511,1.50,1.50
2015.03.09 07:56:49.578,1.48466,1.48511,1.00,1.50
2015.03.09 07:56:49.785,1.48467,1.48513,1.00,1.50
2015.03.09 07:56:50.906,1.48471,1.48514,1.00,1.95
2015.03.09 07:56:52.324,1.4847,1.48514,1.00,1.20
2015.03.09 07:56:52.832,1.48471,1.48514,1.00,1.20
2015.03.09 07:56:53.900,1.48468,1.48513,1.00,1.00
2015.03.09 07:56:54.104,1.48471,1.48514,1.00,1.95
2015.03.09 07:56:54.620,1.48472,1.48515,1.00,1.27
2015.03.09 07:56:54.924,1.4847,1.48509,1.00,1.00
2015.03.09 07:56:54.976,1.48468,1.4851,1.50,1.00
2015.03.09 07:56:55.487,1.48468,1.48509,1.00,1.00
2015.03.09 07:56:55.638,1.4847,1.48505,1.00,1.00
2015.03.09 07:56:55.893,1.48471,1.48509,1.00,1.00
2015.03.09 07:56:56.401,1.4847,1.48509,1.00,1.00
2015.03.09 07:56:56.840,1.48468,1.48514,1.00,1.10
2015.03.09 07:56:56.942,1.48468,1.48514,1.00,1.47
2015.03.09 07:56:57.407,1.48466,1.48509,1.00,1.00
2015.03.09 07:56:57.864,1.48466,1.48504,1.00,1.00
2015.03.09 07:56:59.141,1.48466,1.48509,1.00,1.00
2015.03.09 07:56:59.615,1.48468,1.48504,1.00,1.00
2015.03.09 07:56:59.818,1.48466,1.48509,1.00,1.50
2015.03.09 07:57:02.213,1.48467,1.48509,1.00,1.87
2015.03.09 07:57:02.994,1.48466,1.48509,1.00,1.00
2015.03.09 07:57:06.881,1.48465,1.48509,1.00,1.50
2015.03.09 07:57:07.186,1.48466,1.48507,1.00,1.00
2015.03.09 07:57:07.691,1.48465,1.48507,1.50,1.00
2015.03.09 07:57:08.034,1.4846,1.48495,1.00,1.00
2015.03.09 07:57:08.339,1.48456,1.48486,1.00,1.00
2015.03.09 07:57:08.694,1.4845,1.48485,1.00,1.00
2015.03.09 07:57:08.796,1.48455,1.48486,1.00,1.00
2015.03.09 07:57:08.897,1.48451,1.48486,1.00,1.00
2015.03.09 07:57:09.581,1.4845,1.48486,1.00,1.00
2015.03.09 07:57:10.175,1.4845,1.48485,1.00,1.00
2015.03.09 07:57:10.898,1.48451,1.48485,1.00,1.00
2015.03.09 07:57:11.456,1.48451,1.48486,1.00,1.00
2015.03.09 07:57:11.609,1.4845,1.48486,1.00,1.07
2015.03.09 07:57:12.118,1.48445,1.48485,1.00,1.15
2015.03.09 07:57:12.169,1.48445,1.48481,1.37,1.00
2015.03.09 07:57:12.676,1.48445,1.4848,1.37,1.00
2015.03.09 07:57:13.728,1.48446,1.4848,1.00,1.00
2015.03.09 07:57:14.246,1.48445,1.48481,1.00,1.00
2015.03.09 07:57:14.398,1.48441,1.4848,1.37,1.00
2015.03.09 07:57:14.651,1.48445,1.4848,1.00,1.00
2015.03.09 07:57:15.174,1.48441,1.4848,1.37,1.00
2015.03.09 07:57:15.682,1.48445,1.4848,1.00,1.00
2015.03.09 07:57:16.196,1.48446,1.4848,1.00,1.00
2015.03.09 07:57:16.742,1.48451,1.4848,1.00,1.50
2015.03.09 07:57:16.844,1.48445,1.48479,1.00,1.00
2015.03.09 07:57:16.945,1.48451,1.48479,1.00,1.00
2015.03.09 07:57:17.047,1.48446,1.48479,1.00,1.00
2015.03.09 07:57:17.200,1.48446,1.48476,1.00,1.00
2015.03.09 07:57:17.355,1.48441,1.48476,1.37,1.00
2015.03.09 07:57:17.508,1.48446,1.48476,1.00,1.00
2015.03.09 07:57:18.249,1.48441,1.48476,1.12,1.50
2015.03.09 07:57:18.300,1.48441,1.48474,1.12,1.00
2015.03.09 07:57:18.761,1.48445,1.48474,1.00,1.00
2015.03.09 07:57:18.891,1.48441,1.48474,1.12,1.00
2015.03.09 07:57:19.152,1.48446,1.48474,1.00,1.00
2015.03.09 07:57:19.681,1.48445,1.48474,1.00,1.00
2015.03.09 07:57:20.204,1.48446,1.48474,1.00,1.00
2015.03.09 07:57:22.054,1.48446,1.48473,1.00,1.00
2015.03.09 07:57:22.572,1.48445,1.48473,1.00,1.00
2015.03.09 07:57:23.080,1.48446,1.48473,1.00,1.00
2015.03.09 07:57:23.592,1.48446,1.48472,1.00,1.00
2015.03.09 07:57:23.997,1.4844,1.48472,1.12,1.00
2015.03.09 07:57:24.099,1.48446,1.48472,1.00,1.00
2015.03.09 07:57:24.304,1.4844,1.48472,1.12,1.00
2015.03.09 07:57:24.913,1.48441,1.48472,1.00,1.00
2015.03.09 07:57:25.424,1.48446,1.48472,1.00,1.00
2015.03.09 07:57:25.730,1.48438,1.48464,1.00,1.00
2015.03.09 07:57:25.882,1.48436,1.48463,1.00,1.00
2015.03.09 07:57:25.934,1.4843,1.48463,1.37,1.00
2015.03.09 07:57:27.168,1.48431,1.48463,1.37,1.00
2015.03.09 07:57:28.902,1.48436,1.48463,1.00,1.00
2015.03.09 07:57:29.416,1.48425,1.48463,1.80,1.00
2015.03.09 07:57:29.568,1.48431,1.48464,1.00,1.50
2015.03.09 07:57:29.720,1.48431,1.48466,1.00,1.00
2015.03.09 07:57:29.821,1.48431,1.48464,1.00,1.00
2015.03.09 07:57:29.973,1.48431,1.48466,1.00,1.00
2015.03.09 07:57:30.635,1.48431,1.48468,1.00,1.50
2015.03.09 07:57:31.250,1.48431,1.48466,1.00,1.00
2015.03.09 07:57:31.789,1.4843,1.48467,1.00,1.00
2015.03.09 07:57:32.292,1.4843,1.48468,1.00,1.00
2015.03.09 07:57:32.861,1.48431,1.48468,1.00,1.00
2015.03.09 07:57:33.962,1.48436,1.48468,1.00,1.00
2015.03.09 07:57:34.215,1.48425,1.48465,1.37,1.00
2015.03.09 07:57:34.266,1.48425,1.4846,1.37,1.00
2015.03.09 07:57:34.419,1.48425,1.48457,1.00,1.00
2015.03.09 07:57:34.622,1.48421,1.48457,1.00,1.00
2015.03.09 07:57:34.673,1.48421,1.48459,1.00,1.00
2015.03.09 07:57:36.604,1.48416,1.48459,1.37,1.00
2015.03.09 07:57:36.858,1.4842,1.48459,1.00,1.00
2015.03.09 07:57:37.410,1.48421,1.48459,1.00,1.00
2015.03.09 07:57:37.955,1.48426,1.48459,1.00,1.00
2015.03.09 07:57:38.259,1.4842,1.48462,1.50,1.50
2015.03.09 07:57:38.310,1.48422,1.48462,1.00,1.50
2015.03.09 07:57:38.758,1.48419,1.48462,1.00,1.50
2015.03.09 07:57:39.283,1.4842,1.48462,1.00,1.50
2015.03.09 07:57:39.394,1.48425,1.48462,1.00,1.00
2015.03.09 07:57:39.496,1.4842,1.4846,1.00,1.00
2015.03.09 07:57:40.030,1.48421,1.4846,1.00,1.00
2015.03.09 07:57:40.542,1.4842,1.4846,1.00,1.00
2015.03.09 07:57:40.858,1.4842,1.48458,1.00,1.00
2015.03.09 07:57:41.111,1.48417,1.48457,1.00,1.00
2015.03.09 07:57:41.264,1.4842,1.48457,1.00,1.00
2015.03.09 07:57:41.365,1.48417,1.48457,1.00,1.00
2015.03.09 07:57:41.913,1.48416,1.48457,1.00,1.00
2015.03.09 07:57:42.116,1.4842,1.48457,1.00,1.00
2015.03.09 07:57:44.678,1.48415,1.48457,3.00,1.00
2015.03.09 07:57:44.887,1.48421,1.48457,1.00,1.00
2015.03.09 07:57:45.071,1.48416,1.48457,1.50,1.00
2015.03.09 07:57:45.927,1.48418,1.48457,1.00,1.00
2015.03.09 07:57:46.391,1.4842,1.48457,1.00,1.00
2015.03.09 07:57:46.721,1.48418,1.48457,1.00,1.00
2015.03.09 07:57:46.840,1.48418,1.48457,1.00,1.07
2015.03.09 07:57:47.381,1.4842,1.48457,1.00,1.17
2015.03.09 07:57:47.495,1.48418,1.48457,1.00,1.17
2015.03.09 07:57:47.647,1.48416,1.48457,1.00,1.17
2015.03.09 07:57:48.620,1.48415,1.48457,1.50,1.17
2015.03.09 07:57:49.284,1.48416,1.48457,1.50,1.17
2015.03.09 07:57:51.780,1.4842,1.48457,1.00,1.17
2015.03.09 07:57:52.303,1.48419,1.48459,1.00,2.25
2015.03.09 07:57:53.187,1.48417,1.48458,1.00,1.15
2015.03.09 07:57:54.249,1.48416,1.48457,1.50,1.17
2015.03.09 07:57:54.350,1.4842,1.48457,1.00,1.17
2015.03.09 07:57:54.563,1.48416,1.48457,2.25,1.17
2015.03.09 07:57:55.153,1.48417,1.48457,1.00,1.17
2015.03.09 07:57:55.758,1.48416,1.48457,2.25,1.17
2015.03.09 07:57:57.007,1.48416,1.48449,1.00,2.25
2015.03.09 07:57:57.523,1.48415,1.48449,1.00,2.25
2015.03.09 07:57:58.029,1.48416,1.48449,1.00,2.25
2015.03.09 07:57:58.536,1.48415,1.48449,1.00,3.00
2015.03.09 07:57:58.974,1.4842,1.48449,1.00,2.25
2015.03.09 07:57:59.075,1.48415,1.48449,1.00,2.25
2015.03.09 07:57:59.846,1.48416,1.48449,1.00,2.25
2015.03.09 07:58:00.614,1.48415,1.48448,1.00,1.15
2015.03.09 07:58:01.057,1.4841,1.48448,1.00,1.15
2015.03.09 07:58:01.159,1.48415,1.48448,1.00,1.15
2015.03.09 07:58:01.503,1.48401,1.48432,1.00,2.25
2015.03.09 07:58:02.009,1.484,1.48432,1.00,2.25
2015.03.09 07:58:02.891,1.48401,1.48432,1.00,2.25
2015.03.09 07:58:03.024,1.48395,1.48432,1.50,2.25
2015.03.09 07:58:03.480,1.48391,1.48432,1.50,2.25
2015.03.09 07:58:03.989,1.4839,1.4843,1.00,1.15
2015.03.09 07:58:04.344,1.48387,1.4843,1.00,1.15
2015.03.09 07:58:06.171,1.48387,1.48427,1.00,1.00
2015.03.09 07:58:06.273,1.48385,1.48424,1.00,1.00
2015.03.09 07:58:06.791,1.48386,1.48423,1.00,1.00
2015.03.09 07:58:07.004,1.4838,1.48423,1.50,1.00
2015.03.09 07:58:07.055,1.4838,1.48421,1.12,1.00
2015.03.09 07:58:07.370,1.48382,1.48412,1.00,1.00
2015.03.09 07:58:07.421,1.48376,1.48412,1.37,1.00
2015.03.09 07:58:07.522,1.48375,1.48412,1.00,1.00
2015.03.09 07:58:07.674,1.48375,1.48408,1.00,1.00
2015.03.09 07:58:08.199,1.48376,1.48407,1.00,1.00
2015.03.09 07:58:08.725,1.48376,1.48407,1.00,1.17
2015.03.09 07:58:10.517,1.48375,1.48408,1.00,1.15
2015.03.09 07:58:10.924,1.48376,1.48392,1.00,2.17
2015.03.09 07:58:11.076,1.4837,1.48392,1.00,4.35
2015.03.09 07:58:11.279,1.48365,1.48392,1.00,4.35
2015.03.09 07:58:12.140,1.48366,1.48392,1.00,4.35
2015.03.09 07:58:12.629,1.48361,1.48392,1.00,4.35
2015.03.09 07:58:12.803,1.48365,1.48392,1.00,4.35
2015.03.09 07:58:13.348,1.48366,1.48392,1.00,4.35
2015.03.09 07:58:13.501,1.48361,1.48392,1.00,4.35
2015.03.09 07:58:13.603,1.48366,1.48392,1.00,4.35
2015.03.09 07:58:13.806,1.48361,1.48392,1.00,4.35
2015.03.09 07:58:14.078,1.48361,1.48387,1.00,2.25
2015.03.09 07:58:14.385,1.48366,1.48387,1.00,2.25
2015.03.09 07:58:15.043,1.4836,1.48387,1.00,2.25
2015.03.09 07:58:18.082,1.48361,1.48387,1.00,2.25
2015.03.09 07:58:18.645,1.48366,1.48387,1.00,2.25
2015.03.09 07:58:18.869,1.4836,1.48387,1.00,2.25
2015.03.09 07:58:19.412,1.48356,1.48387,1.00,2.25
2015.03.09 07:58:19.868,1.4835,1.48387,1.37,2.25
2015.03.09 07:58:19.919,1.4835,1.48384,1.00,1.07
2015.03.09 07:58:20.123,1.48351,1.48381,1.00,1.00
2015.03.09 07:58:20.429,1.48351,1.48378,1.00,1.00
2015.03.09 07:58:20.955,1.48351,1.48378,1.00,1.07
2015.03.09 07:58:25.133,1.48346,1.48379,1.00,5.10
2015.03.09 07:58:30.438,1.48351,1.48376,1.00,1.15
2015.03.09 07:58:31.061,1.48346,1.48376,1.00,1.15
2015.03.09 07:58:31.518,1.48351,1.48376,1.00,1.15
2015.03.09 07:58:32.049,1.4835,1.48377,1.00,1.15
2015.03.09 07:58:32.389,1.48345,1.48377,1.00,1.15
2015.03.09 07:58:32.490,1.48345,1.48369,1.00,3.00
2015.03.09 07:58:32.608,1.48341,1.48369,1.00,3.00
2015.03.09 07:58:32.711,1.48345,1.48369,1.00,3.00
2015.03.09 07:58:32.864,1.48335,1.48369,1.37,2.25
2015.03.09 07:58:33.168,1.48345,1.48367,1.00,1.15
2015.03.09 07:58:33.427,1.48341,1.48368,1.12,1.15
2015.03.09 07:58:33.937,1.48341,1.48368,1.00,1.15
2015.03.09 07:58:34.397,1.48346,1.48369,1.00,1.15
2015.03.09 07:58:34.590,1.48341,1.48369,1.00,1.15
2015.03.09 07:58:34.880,1.4834,1.48364,1.00,1.00
2015.03.09 07:58:34.932,1.48336,1.48364,1.00,1.00
2015.03.09 07:58:34.983,1.48336,1.48362,1.00,1.00
2015.03.09 07:58:35.287,1.48336,1.48358,1.00,1.00
2015.03.09 07:58:35.795,1.48336,1.48358,1.00,1.17
2015.03.09 07:58:36.297,1.48335,1.48358,1.00,1.17
2015.03.09 07:58:37.161,1.48336,1.48359,1.00,1.15
2015.03.09 07:58:37.263,1.4833,1.48359,1.00,1.15
2015.03.09 07:58:38.100,1.48331,1.48358,1.00,1.17
2015.03.09 07:58:41.729,1.4833,1.48358,1.00,1.17
2015.03.09 07:58:42.760,1.48331,1.48358,1.00,1.17
2015.03.09 07:58:43.745,1.48331,1.48358,1.00,1.17
2015.03.09 07:58:43.947,1.48326,1.48357,1.00,1.07
2015.03.09 07:58:46.020,1.48331,1.48357,1.00,1.57
2015.03.09 07:58:46.529,1.4833,1.48357,1.00,1.07
2015.03.09 07:58:48.114,1.48331,1.48357,1.00,1.07
2015.03.09 07:58:49.121,1.48325,1.48359,1.00,1.15
2015.03.09 07:58:50.641,1.48326,1.48359,1.00,1.15
2015.03.09 07:58:51.528,1.48331,1.48359,1.87,1.15
2015.03.09 07:58:51.835,1.48372,1.48391,1.00,2.15
2015.03.09 07:58:51.889,1.48381,1.48406,1.00,1.15
2015.03.09 07:58:51.990,1.48386,1.48408,1.00,2.25
2015.03.09 07:58:52.041,1.48386,1.48418,1.00,2.25
2015.03.09 07:58:52.473,1.48381,1.48418,1.50,2.25
2015.03.09 07:58:52.575,1.48381,1.4842,1.00,1.00
2015.03.09 07:58:52.824,1.48383,1.4842,1.00,1.00
2015.03.09 07:58:53.289,1.48386,1.4842,1.00,1.00
2015.03.09 07:58:54.201,1.48384,1.4842,1.00,1.00
2015.03.09 07:58:54.981,1.48382,1.48421,1.00,1.00
2015.03.09 07:58:55.299,1.48382,1.48418,1.00,1.00
2015.03.09 07:58:56.137,1.4838,1.48418,1.50,1.00
2015.03.09 07:58:57.463,1.48381,1.48418,1.00,1.00
2015.03.09 07:58:58.493,1.4838,1.48418,1.00,1.00
2015.03.09 07:59:00.252,1.48381,1.48418,1.00,1.00
2015.03.09 07:59:02.291,1.48381,1.48415,1.00,1.00
2015.03.09 07:59:02.841,1.4838,1.48415,1.00,1.50
2015.03.09 07:59:03.356,1.48381,1.48413,1.00,1.00
2015.03.09 07:59:03.937,1.48381,1.48414,1.00,1.00
2015.03.09 07:59:04.257,1.48385,1.48417,1.00,1.15
2015.03.09 07:59:04.771,1.48386,1.48417,1.00,1.65
2015.03.09 07:59:04.873,1.4838,1.48417,1.00,1.65
2015.03.09 07:59:05.025,1.4838,1.48413,1.00,1.00
2015.03.09 07:59:05.348,1.48381,1.48411,1.00,1.00
2015.03.09 07:59:05.399,1.48376,1.48411,1.50,1.00
2015.03.09 07:59:05.450,1.48376,1.48413,1.50,1.50
2015.03.09 07:59:05.805,1.48376,1.48411,1.50,1.00
2015.03.09 07:59:08.122,1.48376,1.4841,1.00,1.00
2015.03.09 07:59:08.472,1.48386,1.4841,1.00,1.00
2015.03.09 07:59:08.523,1.48386,1.48413,1.00,1.00
2015.03.09 07:59:08.574,1.48382,1.48413,1.00,1.00
2015.03.09 07:59:08.727,1.48382,1.4841,1.00,1.00
2015.03.09 07:59:08.981,1.48375,1.4841,1.00,1.00
2015.03.09 07:59:10.462,1.48376,1.4841,1.00,1.50
2015.03.09 07:59:11.522,1.48376,1.48409,1.00,1.00
2015.03.09 07:59:11.783,1.48374,1.4841,1.00,1.50
2015.03.09 07:59:12.270,1.48375,1.48407,1.00,1.00
2015.03.09 07:59:12.321,1.48372,1.48407,1.00,1.00
2015.03.09 07:59:12.791,1.48375,1.48408,1.00,1.50
2015.03.09 07:59:13.472,1.48375,1.48407,1.00,1.00
2015.03.09 07:59:14.026,1.48375,1.48409,1.00,1.50
2015.03.09 07:59:15.632,1.48376,1.48409,1.00,1.50
2015.03.09 07:59:16.170,1.48375,1.48409,1.00,1.50
2015.03.09 07:59:16.829,1.48376,1.48409,1.00,1.00
2015.03.09 07:59:17.809,1.48371,1.48409,1.50,1.00
2015.03.09 07:59:17.911,1.48372,1.48407,1.00,1.00
2015.03.09 07:59:18.218,1.4837,1.48405,1.00,1.00
2015.03.09 07:59:18.523,1.48376,1.48403,1.00,1.00
2015.03.09 07:59:18.827,1.4837,1.48401,1.00,1.00
2015.03.09 07:59:19.345,1.48371,1.48401,1.00,1.00
2015.03.09 07:59:20.096,1.48371,1.48399,1.00,1.00
2015.03.09 07:59:20.612,1.4837,1.48399,1.00,1.00
2015.03.09 07:59:21.122,1.48371,1.48399,1.00,1.00
2015.03.09 07:59:21.223,1.48365,1.48399,1.00,1.00
2015.03.09 07:59:21.378,1.48371,1.48399,1.00,1.00
2015.03.09 07:59:22.455,1.48366,1.48399,1.00,1.00
2015.03.09 07:59:22.980,1.48365,1.48399,1.00,1.00
2015.03.09 07:59:23.666,1.48366,1.48399,1.00,1.00
2015.03.09 07:59:23.716,1.48368,1.48402,1.00,1.00
2015.03.09 07:59:23.818,1.48368,1.48406,1.00,1.00
2015.03.09 07:59:23.869,1.4837,1.48406,1.00,1.00
2015.03.09 07:59:23.970,1.48368,1.48406,1.00,1.00
2015.03.09 07:59:24.129,1.4837,1.48407,1.00,1.20
2015.03.09 07:59:24.448,1.48371,1.48405,1.00,1.00
2015.03.09 07:59:24.603,1.48371,1.48407,1.00,1.20
2015.03.09 07:59:25.106,1.48372,1.48411,1.00,5.10
2015.03.09 07:59:25.157,1.48376,1.48411,1.00,5.10
2015.03.09 07:59:25.677,1.48375,1.48411,1.00,5.10
2015.03.09 07:59:25.942,1.48368,1.4841,1.00,1.15
2015.03.09 07:59:26.459,1.48369,1.48408,1.00,1.15
2015.03.09 07:59:26.830,1.48371,1.48408,1.00,1.15
2015.03.09 07:59:27.237,1.48371,1.4841,1.00,1.50
2015.03.09 07:59:28.359,1.4837,1.4841,1.00,1.00
2015.03.09 07:59:28.902,1.48371,1.4841,1.00,1.00
2015.03.09 07:59:29.120,1.48371,1.484,1.00,2.25
2015.03.09 07:59:29.948,1.48368,1.484,1.00,2.25
2015.03.09 07:59:30.449,1.4837,1.484,1.00,2.25
2015.03.09 07:59:30.981,1.4837,1.48387,1.00,2.17
2015.03.09 07:59:31.519,1.48371,1.48387,1.00,4.35
2015.03.09 07:59:31.570,1.48366,1.48387,1.00,4.35
2015.03.09 07:59:31.672,1.48371,1.48387,1.00,4.35
2015.03.09 07:59:31.773,1.48365,1.48387,1.00,4.35
2015.03.09 07:59:32.330,1.48366,1.48387,1.00,4.35
2015.03.09 07:59:32.461,1.48371,1.48387,1.00,4.35
2015.03.09 07:59:33.024,1.48365,1.48387,1.00,4.35
2015.03.09 07:59:33.125,1.48371,1.48387,1.00,4.35
2015.03.09 07:59:34.124,1.4837,1.48387,1.00,4.35
2015.03.09 07:59:34.189,1.48366,1.48387,1.00,4.35
2015.03.09 07:59:34.644,1.48361,1.48387,1.00,4.35
2015.03.09 07:59:35.179,1.48366,1.48387,1.00,4.35
2015.03.09 07:59:35.432,1.48361,1.48387,1.00,4.35
2015.03.09 07:59:35.534,1.48366,1.48387,1.00,4.35
2015.03.09 07:59:35.901,1.48371,1.48387,1.00,4.35
2015.03.09 07:59:36.730,1.48366,1.48387,1.00,4.35
2015.03.09 07:59:37.275,1.48365,1.48387,1.00,4.35
2015.03.09 07:59:37.964,1.48366,1.48387,1.00,4.35
2015.03.09 07:59:38.700,1.4837,1.48387,1.00,4.35
2015.03.09 07:59:38.832,1.48365,1.48387,1.00,4.35
2015.03.09 07:59:39.360,1.48371,1.48387,1.00,4.35
2015.03.09 07:59:39.938,1.48365,1.48387,1.00,4.35
2015.03.09 07:59:41.229,1.48366,1.48387,1.00,4.35
2015.03.09 07:59:41.902,1.48361,1.48387,1.00,4.35
2015.03.09 07:59:42.248,1.48365,1.48387,1.00,4.35
2015.03.09 07:59:42.781,1.48366,1.48387,1.00,4.35
2015.03.09 07:59:43.292,1.48371,1.48387,1.00,4.35
2015.03.09 07:59:44.199,1.4837,1.48387,1.00,4.35
2015.03.09 07:59:46.099,1.48366,1.48387,1.00,4.35
2015.03.09 07:59:46.662,1.48365,1.48387,1.00,4.35
2015.03.09 07:59:47.069,1.48361,1.48387,1.00,4.35
2015.03.09 07:59:47.170,1.48366,1.48387,1.00,4.35
2015.03.09 07:59:47.697,1.48365,1.48387,1.00,4.35
2015.03.09 07:59:48.243,1.48366,1.48387,1.00,4.35
2015.03.09 07:59:48.601,1.48371,1.48387,1.00,4.35
2015.03.09 07:59:48.719,1.48365,1.48387,1.00,4.35
2015.03.09 07:59:49.258,1.48366,1.48387,1.00,4.35
2015.03.09 07:59:50.079,1.48365,1.48387,1.00,4.35
2015.03.09 07:59:50.248,1.4837,1.48387,1.00,4.35
2015.03.09 07:59:50.501,1.48365,1.48387,1.00,4.35
2015.03.09 07:59:50.915,1.4836,1.48387,1.00,4.35
2015.03.09 07:59:51.172,1.48365,1.48387,1.00,2.25
2015.03.09 07:59:51.281,1.48361,1.4839,1.00,4.35
2015.03.09 07:59:52.167,1.48366,1.4839,1.00,4.35
2015.03.09 07:59:52.493,1.48361,1.4839,1.00,4.35
2015.03.09 07:59:52.705,1.48365,1.4839,1.00,4.35
2015.03.09 07:59:52.807,1.48355,1.4839,1.50,4.35
2015.03.09 07:59:53.350,1.48354,1.4839,1.00,4.35
2015.03.09 07:59:53.706,1.4835,1.4839,1.00,4.35
2015.03.09 07:59:53.757,1.4835,1.4838,1.00,2.17
2015.03.09 07:59:53.909,1.48346,1.4838,1.00,2.25
2015.03.09 07:59:53.960,1.4834,1.48375,1.87,1.00
2015.03.09 07:59:54.063,1.48336,1.48369,1.00,2.25
2015.03.09 07:59:54.114,1.48334,1.48369,1.00,2.25
2015.03.09 07:59:54.165,1.48331,1.48369,1.00,2.25
2015.03.09 07:59:54.475,1.48335,1.48369,1.00,2.25
2015.03.09 07:59:54.779,1.48331,1.48369,1.00,3.00
2015.03.09 07:59:54.830,1.48331,1.48357,1.00,2.17
2015.03.09 07:59:54.881,1.48322,1.48357,1.50,2.25
2015.03.09 07:59:54.932,1.48315,1.48346,1.37,2.17
2015.03.09 07:59:55.033,1.48311,1.48346,1.00,2.25
2015.03.09 07:59:55.237,1.48311,1.48331,1.00,2.17
2015.03.09 07:59:55.439,1.48299,1.48322,1.00,2.17
2015.03.09 07:59:55.490,1.48296,1.48322,1.00,2.25
2015.03.09 07:59:55.592,1.48296,1.48333,1.00,2.62
2015.03.09 07:59:55.795,1.48301,1.48333,1.00,2.25
2015.03.09 07:59:56.653,1.483,1.48333,1.00,2.25
2015.03.09 07:59:57.166,1.48301,1.48333,1.00,2.25
2015.03.09 07:59:57.530,1.48295,1.48333,1.00,2.25
2015.03.09 07:59:57.632,1.483,1.48333,1.00,2.25
2015.03.09 07:59:58.389,1.48296,1.48333,1.00,2.25
2015.03.09 07:59:58.868,1.483,1.48333,1.00,2.25
2015.03.09 07:59:59.070,1.48296,1.48333,1.00,2.25
2015.03.09 07:59:59.209,1.48295,1.48339,1.00,1.17
2015.03.09 07:59:59.311,1.483,1.48339,1.00,1.17
2015.03.09 07:59:59.412,1.48295,1.48339,1.00,1.17
2015.03.09 07:59:59.463,1.48295,1.48333,1.00,2.17
2015.03.09 07:59:59.615,1.48291,1.48333,1.00,3.00
2015.03.09 07:59:59.819,1.48295,1.48333,1.00,3.00
