2015.10.14 12:00:00.160,1.46847,1.46873,1.37,1.00
2015.10.14 12:00:00.706,1.46847,1.46872,1.37,1.00
2015.10.14 12:00:00.962,1.46849,1.46875,1.00,1.12
2015.10.14 12:00:01.167,1.46849,1.46873,1.00,1.00
2015.10.14 12:00:02.954,1.46845,1.46873,1.12,1.12
2015.10.14 12:00:03.947,1.46844,1.4687,1.50,1.00
2015.10.14 12:00:04.371,1.46843,1.46868,1.00,1.00
2015.10.14 12:00:04.681,1.4685,1.46876,1.00,1.50
2015.10.14 12:00:04.988,1.46856,1.46884,1.00,2.25
2015.10.14 12:00:05.090,1.46858,1.46884,1.00,1.87
2015.10.14 12:00:05.687,1.46859,1.46885,1.00,1.37
2015.10.14 12:00:05.993,1.46861,1.46889,1.00,2.25
2015.10.14 12:00:06.147,1.46861,1.46889,1.50,1.87
2015.10.14 12:00:06.459,1.46861,1.46887,1.50,1.00
2015.10.14 12:00:07.170,1.46861,1.46886,1.00,1.00
2015.10.14 12:00:08.210,1.46859,1.46886,1.00,1.00
2015.10.14 12:00:08.312,1.46861,1.46886,1.00,1.00
2015.10.14 12:00:08.848,1.46861,1.46889,1.50,1.12
2015.10.14 12:00:09.001,1.46869,1.46892,1.00,1.12
2015.10.14 12:00:09.154,1.46869,1.46894,1.00,2.25
2015.10.14 12:00:09.206,1.46864,1.4689,1.37,1.00
2015.10.14 12:00:09.308,1.46864,1.46888,1.00,1.00
2015.10.14 12:00:09.360,1.46862,1.46888,1.00,1.50
2015.10.14 12:00:09.888,1.46863,1.46889,1.12,1.00
2015.10.14 12:00:09.990,1.46868,1.46895,1.00,1.87
2015.10.14 12:00:10.500,1.46867,1.46892,1.00,1.50
2015.10.14 12:00:10.959,1.46865,1.46891,1.00,1.37
2015.10.14 12:00:12.272,1.46863,1.46889,1.87,1.00
2015.10.14 12:00:12.528,1.46871,1.46897,1.00,3.00
2015.10.14 12:00:12.731,1.46878,1.469,1.00,1.37
2015.10.14 12:00:12.885,1.46878,1.46904,1.00,1.87
2015.10.14 12:00:14.392,1.46879,1.46906,1.00,1.75
2015.10.14 12:00:14.902,1.46877,1.46903,1.50,1.50
2015.10.14 12:00:16.155,1.46874,1.46902,1.50,1.12
2015.10.14 12:00:16.258,1.46873,1.46898,1.37,1.00
2015.10.14 12:00:16.309,1.46873,1.46898,1.00,1.00
2015.10.14 12:00:16.704,1.46869,1.46894,1.75,1.00
2015.10.14 12:00:16.963,1.46869,1.46894,1.50,1.00
2015.10.14 12:00:17.219,1.46867,1.46892,2.25,1.00
2015.10.14 12:00:17.731,1.46867,1.46891,1.75,1.00
2015.10.14 12:00:18.983,1.46868,1.46894,1.75,1.00
2015.10.14 12:00:19.494,1.46867,1.46893,1.84,1.00
2015.10.14 12:00:19.545,1.46868,1.46896,1.75,1.00
2015.10.14 12:00:19.917,1.46876,1.46904,1.87,1.75
2015.10.14 12:00:20.072,1.46879,1.46904,1.00,1.12
2015.10.14 12:00:20.124,1.46879,1.46899,1.00,1.00
2015.10.14 12:00:20.379,1.46874,1.469,3.00,1.00
2015.10.14 12:00:20.997,1.46875,1.46901,1.50,1.00
2015.10.14 12:00:21.049,1.46875,1.46901,1.12,1.00
2015.10.14 12:00:22.137,1.46873,1.46899,1.75,1.00
2015.10.14 12:00:22.525,1.46882,1.469,1.84,1.00
2015.10.14 12:00:22.628,1.46885,1.4691,1.09,1.87
2015.10.14 12:00:22.679,1.46888,1.4691,1.09,1.50
2015.10.14 12:00:22.730,1.46888,1.46914,1.84,1.37
2015.10.14 12:00:22.782,1.46888,1.46914,1.84,1.37
2015.10.14 12:00:23.315,1.46891,1.46914,1.09,1.00
2015.10.14 12:00:23.832,1.46892,1.46914,1.12,1.00
2015.10.14 12:00:24.446,1.46889,1.46914,1.84,1.00
2015.10.14 12:00:24.968,1.46889,1.46915,1.84,1.87
2015.10.14 12:00:25.376,1.46889,1.46909,1.84,1.00
2015.10.14 12:00:25.939,1.46889,1.4691,1.84,1.00
2015.10.14 12:00:26.268,1.46889,1.46915,1.84,1.00
2015.10.14 12:00:26.319,1.46892,1.46915,2.21,1.00
2015.10.14 12:00:26.371,1.46892,1.46917,2.21,1.12
2015.10.14 12:00:26.524,1.46896,1.46922,1.00,1.12
2015.10.14 12:00:27.101,1.46893,1.4692,1.84,1.37
2015.10.14 12:00:27.620,1.46895,1.4692,1.00,1.37
2015.10.14 12:00:28.130,1.46893,1.46914,1.46,1.00
2015.10.14 12:00:28.737,1.46893,1.46914,1.09,1.00
2015.10.14 12:00:29.044,1.46895,1.46914,1.00,1.00
2015.10.14 12:00:29.452,1.46894,1.46919,1.00,1.00
2015.10.14 12:00:29.877,1.46896,1.4692,1.00,1.87
2015.10.14 12:00:30.537,1.46896,1.4692,1.34,1.12
2015.10.14 12:00:30.792,1.469,1.46925,1.00,1.50
2015.10.14 12:00:30.895,1.46899,1.46919,1.00,1.00
2015.10.14 12:00:31.112,1.46897,1.4692,1.00,1.12
2015.10.14 12:00:31.214,1.46902,1.46924,1.00,1.12
2015.10.14 12:00:31.419,1.46898,1.46924,1.00,1.50
2015.10.14 12:00:31.624,1.469,1.46922,1.00,1.00
2015.10.14 12:00:31.727,1.469,1.46924,1.09,1.50
2015.10.14 12:00:31.829,1.46901,1.4692,1.00,1.00
2015.10.14 12:00:32.177,1.46899,1.46925,1.00,1.87
2015.10.14 12:00:32.382,1.46898,1.46919,1.00,1.00
2015.10.14 12:00:32.905,1.46898,1.4692,1.00,1.00
2015.10.14 12:00:33.745,1.469,1.4692,1.00,1.00
2015.10.14 12:00:34.118,1.469,1.46924,1.09,1.37
2015.10.14 12:00:34.372,1.46899,1.4692,1.00,1.00
2015.10.14 12:00:34.665,1.46901,1.46928,1.00,1.37
2015.10.14 12:00:34.716,1.4691,1.46929,1.00,1.50
2015.10.14 12:00:34.921,1.46916,1.46938,1.00,1.00
2015.10.14 12:00:35.331,1.46915,1.4694,1.00,1.50
2015.10.14 12:00:35.586,1.46918,1.4694,1.00,1.37
2015.10.14 12:00:35.830,1.46915,1.46939,1.84,1.12
2015.10.14 12:00:36.339,1.46915,1.4694,1.84,1.00
2015.10.14 12:00:36.809,1.46915,1.4694,3.34,1.00
2015.10.14 12:00:37.063,1.46919,1.4694,1.00,1.00
2015.10.14 12:00:37.115,1.46919,1.46935,1.00,1.00
2015.10.14 12:00:37.167,1.46916,1.46935,1.00,1.00
2015.10.14 12:00:37.218,1.46916,1.46939,1.00,1.00
2015.10.14 12:00:37.321,1.46911,1.46935,1.50,1.00
2015.10.14 12:00:37.857,1.46911,1.46934,1.00,1.00
2015.10.14 12:00:38.221,1.46912,1.46938,1.00,1.37
2015.10.14 12:00:38.743,1.46911,1.46937,1.50,1.12
2015.10.14 12:00:39.219,1.46913,1.46939,1.00,1.87
2015.10.14 12:00:39.787,1.46914,1.46939,1.00,1.37
2015.10.14 12:00:39.889,1.46912,1.46937,1.00,1.00
2015.10.14 12:00:40.422,1.46911,1.46937,1.50,1.00
2015.10.14 12:00:40.891,1.46911,1.46937,1.75,1.12
2015.10.14 12:00:41.429,1.4691,1.46938,1.75,1.00
2015.10.14 12:00:42.548,1.46908,1.46934,1.75,1.00
2015.10.14 12:00:42.650,1.46905,1.46929,1.00,1.00
2015.10.14 12:00:42.753,1.46902,1.46928,1.12,1.00
2015.10.14 12:00:43.110,1.46901,1.46926,1.37,1.00
2015.10.14 12:00:43.287,1.46902,1.46928,1.12,1.00
2015.10.14 12:00:43.829,1.469,1.46927,1.50,1.00
2015.10.14 12:00:44.370,1.46899,1.46926,1.75,1.00
2015.10.14 12:00:45.072,1.46898,1.46925,1.75,1.00
2015.10.14 12:00:46.376,1.469,1.46928,1.50,1.00
2015.10.14 12:00:47.163,1.46901,1.46927,1.37,1.00
2015.10.14 12:00:47.679,1.469,1.46928,1.50,1.00
2015.10.14 12:00:48.218,1.46901,1.46929,1.37,1.12
2015.10.14 12:00:48.423,1.46902,1.4693,3.00,1.37
2015.10.14 12:00:48.730,1.46907,1.46933,1.00,1.50
2015.10.14 12:00:49.036,1.46909,1.46936,1.00,1.12
2015.10.14 12:00:49.241,1.46908,1.46934,1.00,1.00
2015.10.14 12:00:49.554,1.46904,1.4693,1.00,1.00
2015.10.14 12:00:50.228,1.46905,1.46931,1.00,1.00
2015.10.14 12:00:51.063,1.46906,1.46931,1.00,1.00
2015.10.14 12:00:51.369,1.46909,1.46933,1.00,1.00
2015.10.14 12:00:51.914,1.46908,1.46933,1.00,1.00
2015.10.14 12:00:52.636,1.46909,1.46933,1.00,1.00
2015.10.14 12:00:52.942,1.46911,1.46933,1.00,1.00
2015.10.14 12:00:53.272,1.46914,1.46933,1.00,1.00
2015.10.14 12:00:53.399,1.46911,1.46933,1.00,1.00
2015.10.14 12:00:53.451,1.46911,1.46937,1.00,1.12
2015.10.14 12:00:53.655,1.46914,1.46942,1.00,1.87
2015.10.14 12:00:55.248,1.46921,1.46944,1.00,1.75
2015.10.14 12:00:55.300,1.46921,1.46945,1.00,1.00
2015.10.14 12:00:55.606,1.46924,1.4695,1.00,1.75
2015.10.14 12:00:55.657,1.46924,1.4695,1.00,1.50
2015.10.14 12:00:55.963,1.4692,1.46947,1.00,1.00
2015.10.14 12:00:56.167,1.46919,1.46945,1.00,1.50
2015.10.14 12:00:56.697,1.46918,1.46944,1.00,1.12
2015.10.14 12:00:57.515,1.46916,1.46942,1.00,1.00
2015.10.14 12:00:58.019,1.46914,1.46942,1.50,1.00
2015.10.14 12:00:58.375,1.46913,1.4694,1.75,1.00
2015.10.14 12:00:58.477,1.46913,1.46939,1.00,1.00
2015.10.14 12:00:59.144,1.46912,1.46939,1.00,1.50
2015.10.14 12:00:59.449,1.46912,1.46936,1.00,1.00
2015.10.14 12:01:00.009,1.46913,1.46936,1.00,1.00
2015.10.14 12:01:00.484,1.46917,1.46945,1.00,1.87
2015.10.14 12:01:00.587,1.46915,1.46943,1.00,1.75
2015.10.14 12:01:00.926,1.46912,1.46939,1.00,1.00
2015.10.14 12:01:00.977,1.46912,1.46936,1.00,1.00
2015.10.14 12:01:01.282,1.46917,1.46941,1.00,1.00
2015.10.14 12:01:01.901,1.46916,1.46941,1.00,1.00
2015.10.14 12:01:02.208,1.46918,1.46941,1.00,1.00
2015.10.14 12:01:03.450,1.4692,1.46941,1.00,1.00
2015.10.14 12:01:05.387,1.4692,1.46946,1.00,1.12
2015.10.14 12:01:05.439,1.46924,1.46949,1.00,1.75
2015.10.14 12:01:05.490,1.46924,1.46952,1.00,1.87
2015.10.14 12:01:05.541,1.46928,1.46954,1.50,1.12
2015.10.14 12:01:05.592,1.46928,1.46955,1.50,1.12
2015.10.14 12:01:05.695,1.46929,1.46955,1.00,1.00
2015.10.14 12:01:05.746,1.46934,1.46955,1.00,1.00
2015.10.14 12:01:05.849,1.46931,1.46955,1.00,1.00
2015.10.14 12:01:06.395,1.46928,1.46954,1.00,1.00
2015.10.14 12:01:08.069,1.4693,1.46955,1.00,1.00
2015.10.14 12:01:08.375,1.46932,1.46958,1.00,1.37
2015.10.14 12:01:08.682,1.46931,1.46957,1.00,1.75
2015.10.14 12:01:08.937,1.46929,1.46955,1.00,1.37
2015.10.14 12:01:09.374,1.46927,1.46953,1.00,1.00
2015.10.14 12:01:11.675,1.46928,1.46954,1.00,1.12
2015.10.14 12:01:14.660,1.46931,1.46957,1.00,1.75
2015.10.14 12:01:15.206,1.46928,1.46956,1.00,1.50
2015.10.14 12:01:15.871,1.4693,1.46956,1.00,1.50
2015.10.14 12:01:16.127,1.4693,1.46956,1.00,1.00
2015.10.14 12:01:16.178,1.46932,1.46957,1.00,1.00
2015.10.14 12:01:16.725,1.46934,1.46957,1.00,1.00
2015.10.14 12:01:17.265,1.46935,1.46957,1.00,1.00
2015.10.14 12:01:17.623,1.46939,1.46957,1.00,1.00
2015.10.14 12:01:17.873,1.46947,1.46974,1.00,2.62
2015.10.14 12:01:17.926,1.46949,1.46974,1.00,1.50
2015.10.14 12:01:17.977,1.46955,1.4698,1.00,2.25
2015.10.14 12:01:18.131,1.46967,1.46993,1.00,1.00
2015.10.14 12:01:18.183,1.46963,1.4699,1.84,1.00
2015.10.14 12:01:18.489,1.46953,1.46977,1.12,1.00
2015.10.14 12:01:18.592,1.46944,1.46972,2.25,1.00
2015.10.14 12:01:18.764,1.46944,1.4697,1.00,1.00
2015.10.14 12:01:18.816,1.46943,1.46968,1.50,1.00
2015.10.14 12:01:18.920,1.4694,1.46968,1.12,1.12
2015.10.14 12:01:19.280,1.46938,1.46964,1.75,1.00
2015.10.14 12:01:19.334,1.46938,1.46964,1.00,1.00
2015.10.14 12:01:19.386,1.46936,1.46963,1.12,1.00
2015.10.14 12:01:19.489,1.46936,1.46963,1.00,1.75
2015.10.14 12:01:20.008,1.46934,1.46959,1.00,1.12
2015.10.14 12:01:20.060,1.46937,1.46963,1.00,1.75
2015.10.14 12:01:20.163,1.46934,1.46962,1.50,1.75
2015.10.14 12:01:20.674,1.46933,1.46961,1.00,1.50
2015.10.14 12:01:20.891,1.46932,1.4696,1.00,1.75
2015.10.14 12:01:21.283,1.46932,1.4696,1.00,1.00
2015.10.14 12:01:21.386,1.46934,1.4696,1.00,1.00
2015.10.14 12:01:21.896,1.46933,1.46959,1.00,1.00
2015.10.14 12:01:22.447,1.4694,1.46966,1.00,1.87
2015.10.14 12:01:22.549,1.46938,1.46966,1.00,1.00
2015.10.14 12:01:22.815,1.4694,1.46966,1.00,1.00
2015.10.14 12:01:23.223,1.4694,1.46968,1.00,1.12
2015.10.14 12:01:23.326,1.4694,1.46966,1.00,1.00
2015.10.14 12:01:23.582,1.46935,1.46962,1.00,1.00
2015.10.14 12:01:24.293,1.46934,1.46961,1.00,1.00
2015.10.14 12:01:24.838,1.46935,1.46962,1.00,1.00
2015.10.14 12:01:26.066,1.46931,1.46958,1.00,1.00
2015.10.14 12:01:26.576,1.46931,1.46959,1.00,1.00
2015.10.14 12:01:27.653,1.46931,1.46959,1.00,1.75
2015.10.14 12:01:27.962,1.46933,1.46959,1.00,1.75
2015.10.14 12:01:29.195,1.46929,1.46955,1.50,1.00
2015.10.14 12:01:29.400,1.46932,1.46955,1.00,1.00
2015.10.14 12:01:29.960,1.46931,1.46955,1.00,1.00
2015.10.14 12:01:30.063,1.46929,1.46955,1.00,1.00
2015.10.14 12:01:30.371,1.46927,1.46955,1.00,1.50
2015.10.14 12:01:30.423,1.46927,1.46955,1.00,1.75
2015.10.14 12:01:30.935,1.46926,1.46952,1.00,1.50
2015.10.14 12:01:31.445,1.46927,1.46953,1.00,1.75
2015.10.14 12:01:31.978,1.46926,1.46952,1.00,1.50
2015.10.14 12:01:32.522,1.46927,1.46953,1.00,1.75
2015.10.14 12:01:33.133,1.46928,1.46954,1.00,1.75
2015.10.14 12:01:33.527,1.46927,1.46953,1.00,1.75
2015.10.14 12:01:34.891,1.46925,1.46953,1.00,1.75
2015.10.14 12:01:35.638,1.46924,1.46952,1.00,1.75
2015.10.14 12:01:36.641,1.46926,1.46952,1.00,1.87
2015.10.14 12:01:37.314,1.46924,1.46949,1.00,1.50
2015.10.14 12:01:37.825,1.46923,1.46951,1.00,1.75
2015.10.14 12:01:37.979,1.46925,1.46951,1.00,1.75
2015.10.14 12:01:38.181,1.46923,1.46949,1.00,1.50
2015.10.14 12:01:39.466,1.46921,1.46946,1.00,1.00
2015.10.14 12:01:39.774,1.46923,1.46948,1.00,1.75
2015.10.14 12:01:39.977,1.46921,1.46948,1.00,1.75
2015.10.14 12:01:40.414,1.46923,1.46949,1.00,1.75
2015.10.14 12:01:40.949,1.46924,1.4695,1.00,1.75
2015.10.14 12:01:41.392,1.46922,1.46949,1.00,1.75
2015.10.14 12:01:41.597,1.4692,1.46946,1.00,1.50
2015.10.14 12:01:42.108,1.46923,1.46949,1.00,1.75
2015.10.14 12:01:42.160,1.46921,1.46947,1.00,1.75
2015.10.14 12:01:43.620,1.46923,1.46949,1.00,1.75
2015.10.14 12:01:44.133,1.4692,1.46946,1.00,1.50
2015.10.14 12:01:45.877,1.46921,1.46948,1.00,1.75
2015.10.14 12:01:46.218,1.46928,1.46952,1.00,2.25
2015.10.14 12:01:46.270,1.46928,1.46953,1.00,1.75
2015.10.14 12:01:46.582,1.46927,1.46955,1.00,1.75
2015.10.14 12:01:46.687,1.46931,1.46957,1.00,1.75
2015.10.14 12:01:47.044,1.4693,1.46956,1.37,1.00
2015.10.14 12:01:47.095,1.46931,1.46959,1.12,1.37
2015.10.14 12:01:47.197,1.46934,1.4696,1.00,1.50
2015.10.14 12:01:47.503,1.46938,1.4696,1.00,1.50
2015.10.14 12:01:48.008,1.46937,1.46964,1.00,1.75
2015.10.14 12:01:48.468,1.46936,1.46961,1.00,1.75
2015.10.14 12:01:48.776,1.46938,1.46962,1.00,1.75
2015.10.14 12:01:50.971,1.46938,1.46962,1.00,1.50
2015.10.14 12:01:51.073,1.46941,1.46962,1.00,1.50
2015.10.14 12:01:51.379,1.46938,1.46964,1.00,1.75
2015.10.14 12:01:51.685,1.4694,1.46965,1.00,2.25
2015.10.14 12:01:52.388,1.46942,1.46965,1.00,1.75
2015.10.14 12:01:52.440,1.46942,1.46965,1.00,1.75
2015.10.14 12:01:52.593,1.46939,1.46965,1.00,1.75
2015.10.14 12:01:53.137,1.4694,1.46965,1.00,1.75
2015.10.14 12:01:56.591,1.46945,1.46969,1.00,1.75
2015.10.14 12:01:56.744,1.46945,1.46969,1.00,1.00
2015.10.14 12:01:56.897,1.46947,1.4697,1.00,1.00
2015.10.14 12:01:57.400,1.46948,1.4697,1.00,1.00
2015.10.14 12:01:58.404,1.46948,1.46971,1.00,1.00
2015.10.14 12:01:58.739,1.4695,1.46973,1.00,1.37
2015.10.14 12:01:58.791,1.4695,1.46973,1.00,1.00
2015.10.14 12:01:58.894,1.46947,1.46973,1.00,1.50
2015.10.14 12:01:58.945,1.46947,1.46973,1.00,2.25
2015.10.14 12:01:59.549,1.46949,1.46975,1.00,1.75
2015.10.14 12:02:00.059,1.46948,1.46976,3.00,2.25
2015.10.14 12:02:00.161,1.46948,1.46976,3.00,2.25
2015.10.14 12:02:00.349,1.46954,1.46979,1.00,1.50
2015.10.14 12:02:00.657,1.46956,1.46982,1.00,1.75
2015.10.14 12:02:01.389,1.46957,1.46983,1.00,2.25
2015.10.14 12:02:01.491,1.46955,1.46983,1.00,2.25
2015.10.14 12:02:01.695,1.46958,1.46984,1.00,1.37
2015.10.14 12:02:01.748,1.46963,1.46991,1.00,1.75
2015.10.14 12:02:01.800,1.46963,1.46991,1.00,1.75
2015.10.14 12:02:01.954,1.46966,1.46992,1.00,2.25
2015.10.14 12:02:02.633,1.46964,1.46989,1.00,1.50
2015.10.14 12:02:02.863,1.46962,1.46983,1.00,1.00
2015.10.14 12:02:03.021,1.46962,1.46986,1.00,1.00
2015.10.14 12:02:04.036,1.46961,1.46986,1.12,1.50
2015.10.14 12:02:04.286,1.4696,1.46987,3.00,1.75
2015.10.14 12:02:04.545,1.46955,1.46982,1.00,1.50
2015.10.14 12:02:04.750,1.46955,1.46982,1.00,1.75
2015.10.14 12:02:05.259,1.46954,1.46982,1.00,2.25
2015.10.14 12:02:06.446,1.46955,1.46982,1.00,1.75
2015.10.14 12:02:06.816,1.46957,1.46982,1.00,1.37
2015.10.14 12:02:10.134,1.46956,1.46983,1.00,1.12
2015.10.14 12:02:12.098,1.46958,1.46981,1.00,1.00
2015.10.14 12:02:12.332,1.46956,1.46981,1.00,1.00
2015.10.14 12:02:13.028,1.46958,1.46981,1.00,1.00
2015.10.14 12:02:13.348,1.46956,1.46982,1.00,1.37
2015.10.14 12:02:14.224,1.46957,1.46983,1.00,1.87
2015.10.14 12:02:14.754,1.46955,1.46983,1.00,1.87
2015.10.14 12:02:14.856,1.46955,1.46979,1.00,1.00
2015.10.14 12:02:15.516,1.46956,1.46979,1.00,1.00
2015.10.14 12:02:16.866,1.46955,1.46979,1.00,1.00
2015.10.14 12:02:17.516,1.46954,1.46979,1.00,1.00
2015.10.14 12:02:18.776,1.46954,1.46979,1.00,1.37
2015.10.14 12:02:19.618,1.46955,1.46981,1.00,1.50
2015.10.14 12:02:20.176,1.46955,1.46979,1.00,1.00
2015.10.14 12:02:20.601,1.46956,1.46982,1.00,1.50
2015.10.14 12:02:21.111,1.46955,1.46981,1.00,1.50
2015.10.14 12:02:21.655,1.46956,1.46983,1.00,1.12
2015.10.14 12:02:23.441,1.46954,1.46982,1.00,1.50
2015.10.14 12:02:24.490,1.46954,1.46979,1.00,1.00
2015.10.14 12:02:25.017,1.46953,1.46979,1.00,1.00
2015.10.14 12:02:25.628,1.46954,1.46979,1.00,1.87
2015.10.14 12:02:26.140,1.46953,1.46979,1.00,1.87
2015.10.14 12:02:26.608,1.46953,1.46978,1.00,1.75
2015.10.14 12:02:27.329,1.46954,1.4698,1.00,1.75
2015.10.14 12:02:27.431,1.46955,1.46981,1.00,1.12
2015.10.14 12:02:27.534,1.46953,1.46979,1.00,1.00
2015.10.14 12:02:27.839,1.46953,1.46979,1.00,2.25
2015.10.14 12:02:28.333,1.46951,1.46979,1.00,1.50
2015.10.14 12:02:28.881,1.4695,1.46976,1.00,1.00
2015.10.14 12:02:29.390,1.46951,1.46979,1.00,1.50
2015.10.14 12:02:29.909,1.4695,1.46978,1.00,1.37
2015.10.14 12:02:30.390,1.46952,1.46978,1.00,1.37
2015.10.14 12:02:30.728,1.46951,1.46975,1.00,1.00
2015.10.14 12:02:31.041,1.46949,1.46975,1.12,1.00
2015.10.14 12:02:31.568,1.4695,1.46976,1.00,1.00
2015.10.14 12:02:32.222,1.46948,1.46976,1.37,1.00
2015.10.14 12:02:33.242,1.46951,1.46974,1.00,1.00
2015.10.14 12:02:33.447,1.46948,1.46976,1.37,1.00
2015.10.14 12:02:33.651,1.46951,1.46975,1.00,1.00
2015.10.14 12:02:33.703,1.46951,1.46977,1.50,1.12
2015.10.14 12:02:35.108,1.46951,1.46975,1.00,1.00
2015.10.14 12:02:35.771,1.46951,1.46975,1.00,1.37
2015.10.14 12:02:36.515,1.4695,1.46973,1.00,1.00
2015.10.14 12:02:37.107,1.46951,1.46973,1.00,1.00
2015.10.14 12:02:38.635,1.46947,1.46972,1.00,1.00
2015.10.14 12:02:39.073,1.46951,1.46972,1.00,1.00
2015.10.14 12:02:39.417,1.46946,1.46972,1.12,1.00
2015.10.14 12:02:39.926,1.46946,1.46971,1.00,1.12
2015.10.14 12:02:41.026,1.46945,1.46971,1.50,1.12
2015.10.14 12:02:41.618,1.46946,1.46971,1.00,1.12
2015.10.14 12:02:42.253,1.46945,1.46973,1.00,1.75
2015.10.14 12:02:42.661,1.46946,1.46973,1.12,1.00
2015.10.14 12:02:42.926,1.46945,1.46969,1.50,1.00
2015.10.14 12:02:43.438,1.46945,1.46969,1.00,1.00
2015.10.14 12:02:43.744,1.46945,1.46967,1.00,1.00
2015.10.14 12:02:44.181,1.46941,1.46965,1.87,1.00
2015.10.14 12:02:44.336,1.46941,1.46963,1.00,1.00
2015.10.14 12:02:44.672,1.46941,1.4696,1.00,1.00
2015.10.14 12:02:44.774,1.46935,1.4696,1.50,1.00
2015.10.14 12:02:45.029,1.46935,1.46957,1.00,1.00
2015.10.14 12:02:45.081,1.46931,1.46957,2.25,1.00
2015.10.14 12:02:45.234,1.4693,1.46954,1.00,1.00
2015.10.14 12:02:45.746,1.4693,1.46954,1.00,1.50
2015.10.14 12:02:45.900,1.46926,1.46952,1.00,1.00
2015.10.14 12:02:46.002,1.46926,1.4695,1.00,1.00
2015.10.14 12:02:46.512,1.46926,1.46949,1.12,1.00
2015.10.14 12:02:46.835,1.4693,1.46958,1.75,1.00
2015.10.14 12:02:47.659,1.46931,1.46959,1.50,1.00
2015.10.14 12:02:47.863,1.46931,1.46957,1.50,1.00
2015.10.14 12:02:48.177,1.46935,1.46957,1.00,1.00
2015.10.14 12:02:48.228,1.46931,1.46957,1.50,1.00
2015.10.14 12:02:48.279,1.4694,1.46957,1.00,1.00
2015.10.14 12:02:48.432,1.4694,1.46966,1.50,1.12
2015.10.14 12:02:48.534,1.46941,1.46967,1.09,1.00
2015.10.14 12:02:48.992,1.46941,1.46965,1.09,1.00
2015.10.14 12:02:49.044,1.4694,1.46965,2.25,1.00
2015.10.14 12:02:49.289,1.46942,1.46968,1.12,1.00
2015.10.14 12:02:49.547,1.46944,1.46969,1.00,1.50
2015.10.14 12:02:50.171,1.46944,1.46969,1.00,1.50
2015.10.14 12:02:50.831,1.46945,1.46969,1.00,1.00
2015.10.14 12:02:51.137,1.46949,1.46974,1.00,1.37
2015.10.14 12:02:51.393,1.46954,1.46978,1.00,1.37
2015.10.14 12:02:51.597,1.46951,1.46975,1.75,1.12
2015.10.14 12:02:51.699,1.46948,1.46974,1.00,1.50
2015.10.14 12:02:51.751,1.46948,1.46974,1.50,1.12
2015.10.14 12:02:52.299,1.46949,1.46975,1.00,1.50
2015.10.14 12:02:53.285,1.46947,1.46975,1.12,2.25
2015.10.14 12:02:53.478,1.46944,1.4697,1.37,1.00
2015.10.14 12:02:53.531,1.46944,1.4697,1.12,1.00
2015.10.14 12:02:53.686,1.46943,1.46969,1.00,1.50
2015.10.14 12:02:54.043,1.46941,1.46968,1.12,1.12
2015.10.14 12:02:54.551,1.4694,1.46967,1.50,1.00
2015.10.14 12:02:54.920,1.46939,1.46965,1.75,1.00
2015.10.14 12:02:55.227,1.46938,1.46963,1.75,1.00
2015.10.14 12:02:55.380,1.46934,1.4696,1.12,1.00
2015.10.14 12:02:55.483,1.46931,1.46956,1.50,1.00
2015.10.14 12:02:55.789,1.46927,1.46953,2.25,1.00
2015.10.14 12:02:56.362,1.46925,1.46951,2.25,1.00
2015.10.14 12:02:56.465,1.46922,1.46948,1.50,1.00
2015.10.14 12:02:58.316,1.46921,1.46946,1.75,1.00
2015.10.14 12:03:00.229,1.46921,1.46947,2.25,1.00
2015.10.14 12:03:00.606,1.46921,1.46944,2.25,1.00
2015.10.14 12:03:00.817,1.46921,1.46947,2.25,1.00
2015.10.14 12:03:01.339,1.46921,1.46947,2.25,1.37
2015.10.14 12:03:01.705,1.46919,1.46947,1.37,1.50
2015.10.14 12:03:02.063,1.46918,1.46944,1.50,1.00
2015.10.14 12:03:03.179,1.46919,1.46945,1.37,1.00
2015.10.14 12:03:06.440,1.46918,1.46944,1.50,1.00
2015.10.14 12:03:07.543,1.46917,1.46943,1.75,1.00
2015.10.14 12:03:08.464,1.46919,1.46945,1.37,1.00
2015.10.14 12:03:08.566,1.46917,1.46943,1.37,1.12
2015.10.14 12:03:08.868,1.46914,1.4694,1.00,1.75
2015.10.14 12:03:09.022,1.46915,1.46941,1.00,1.75
2015.10.14 12:03:09.784,1.46913,1.46941,1.00,1.75
2015.10.14 12:03:10.658,1.46912,1.46939,1.12,1.12
2015.10.14 12:03:11.167,1.46911,1.46937,1.50,1.00
2015.10.14 12:03:11.702,1.46911,1.46937,1.00,1.00
2015.10.14 12:03:12.221,1.46912,1.46938,1.00,1.50
2015.10.14 12:03:13.028,1.4691,1.46936,1.00,1.00
2015.10.14 12:03:13.079,1.46908,1.46936,1.50,1.00
2015.10.14 12:03:13.182,1.46908,1.46936,1.00,1.87
2015.10.14 12:03:13.285,1.46906,1.46934,1.00,1.50
2015.10.14 12:03:13.388,1.46903,1.4693,1.75,1.00
2015.10.14 12:03:13.694,1.46901,1.46927,1.00,1.50
2015.10.14 12:03:13.746,1.46899,1.46927,1.00,1.50
2015.10.14 12:03:14.136,1.46898,1.46924,1.50,1.00
2015.10.14 12:03:14.682,1.46899,1.46925,1.00,1.00
2015.10.14 12:03:15.813,1.46896,1.46919,1.00,1.00
2015.10.14 12:03:15.967,1.46892,1.4692,1.00,1.75
2015.10.14 12:03:16.018,1.46891,1.46914,1.12,1.00
2015.10.14 12:03:16.223,1.46883,1.46911,1.00,1.00
2015.10.14 12:03:16.274,1.46896,1.46919,1.00,1.12
2015.10.14 12:03:16.326,1.46896,1.46921,1.00,1.00
2015.10.14 12:03:16.377,1.46901,1.46925,1.00,1.00
2015.10.14 12:03:16.479,1.46901,1.46927,1.50,1.00
2015.10.14 12:03:16.753,1.46905,1.46929,1.00,1.00
2015.10.14 12:03:16.856,1.46905,1.46933,1.00,1.50
2015.10.14 12:03:16.994,1.46906,1.46933,1.37,1.00
2015.10.14 12:03:17.505,1.46908,1.46934,1.12,1.00
2015.10.14 12:03:18.697,1.4691,1.46937,1.50,1.00
2015.10.14 12:03:19.206,1.46911,1.46938,1.87,1.00
2015.10.14 12:03:19.666,1.46913,1.46938,1.00,1.00
2015.10.14 12:03:20.430,1.46912,1.46939,1.00,1.00
2015.10.14 12:03:23.742,1.46911,1.46937,1.12,1.00
2015.10.14 12:03:24.180,1.46912,1.46938,1.00,1.75
2015.10.14 12:03:24.713,1.46914,1.4694,1.00,1.50
2015.10.14 12:03:24.764,1.46914,1.46934,1.00,1.00
2015.10.14 12:03:24.815,1.46912,1.46934,1.00,1.00
2015.10.14 12:03:25.105,1.46914,1.46934,1.00,1.00
2015.10.14 12:03:25.158,1.46912,1.46938,1.00,1.12
2015.10.14 12:03:25.426,1.46909,1.46934,1.00,1.00
2015.10.14 12:03:25.478,1.46912,1.46938,1.00,1.00
2015.10.14 12:03:26.196,1.46913,1.46939,1.00,1.00
2015.10.14 12:03:26.350,1.46911,1.46937,1.00,1.00
2015.10.14 12:03:26.708,1.46909,1.46937,1.00,1.00
2015.10.14 12:03:28.238,1.46913,1.46939,1.00,1.00
2015.10.14 12:03:28.810,1.46912,1.46938,1.00,1.00
2015.10.14 12:03:29.321,1.46911,1.46939,1.00,1.00
2015.10.14 12:03:29.777,1.46911,1.46937,1.00,1.00
2015.10.14 12:03:29.880,1.46909,1.46937,1.00,1.00
2015.10.14 12:03:29.982,1.46912,1.4694,1.00,1.00
2015.10.14 12:03:30.884,1.46915,1.46941,1.00,1.00
2015.10.14 12:03:31.995,1.46915,1.46939,1.00,1.00
2015.10.14 12:03:32.097,1.46911,1.46939,1.00,1.87
2015.10.14 12:03:32.200,1.46911,1.46937,1.00,1.00
2015.10.14 12:03:32.507,1.46909,1.46935,1.00,1.00
2015.10.14 12:03:32.660,1.46906,1.46933,1.00,1.00
2015.10.14 12:03:32.882,1.46907,1.46935,1.00,1.00
2015.10.14 12:03:33.403,1.46907,1.46934,1.00,1.00
2015.10.14 12:03:33.752,1.46907,1.46936,1.00,1.50
2015.10.14 12:03:34.224,1.46909,1.46936,1.00,1.87
2015.10.14 12:03:34.962,1.46911,1.46938,1.00,1.87
2015.10.14 12:03:35.476,1.4691,1.46938,1.00,1.87
2015.10.14 12:03:35.835,1.46912,1.46939,1.00,1.87
2015.10.14 12:03:36.677,1.46911,1.46939,1.00,1.12
2015.10.14 12:03:37.136,1.46909,1.46939,1.00,1.00
2015.10.14 12:03:37.492,1.46911,1.46938,1.00,1.87
2015.10.14 12:03:37.855,1.46909,1.46936,1.00,1.00
2015.10.14 12:03:38.365,1.46909,1.46935,1.00,1.00
2015.10.14 12:03:39.801,1.46908,1.46935,1.00,1.00
2015.10.14 12:03:40.211,1.46906,1.46935,1.00,1.50
2015.10.14 12:03:40.683,1.4691,1.46935,1.00,1.00
2015.10.14 12:03:40.991,1.46908,1.46935,1.00,1.00
2015.10.14 12:03:41.566,1.46907,1.46935,1.00,1.50
2015.10.14 12:03:45.161,1.46906,1.46934,1.00,1.00
2015.10.14 12:03:45.314,1.46908,1.46935,1.00,1.50
2015.10.14 12:03:46.980,1.46907,1.46935,1.00,1.50
2015.10.14 12:03:47.083,1.46909,1.46939,1.00,1.87
2015.10.14 12:03:47.185,1.46911,1.46939,1.00,1.37
2015.10.14 12:03:47.441,1.46909,1.46937,1.00,1.00
2015.10.14 12:03:48.075,1.46908,1.46938,1.00,1.12
2015.10.14 12:03:48.127,1.46909,1.46936,1.00,1.00
2015.10.14 12:03:50.727,1.4691,1.46938,1.00,1.12
2015.10.14 12:03:50.829,1.46913,1.4694,1.00,1.37
2015.10.14 12:03:50.881,1.46913,1.4694,1.00,1.00
2015.10.14 12:03:50.932,1.46915,1.46942,1.00,1.37
2015.10.14 12:03:51.292,1.46917,1.46944,1.00,1.87
2015.10.14 12:03:51.671,1.46922,1.46944,1.00,1.00
2015.10.14 12:03:51.926,1.46921,1.46946,1.00,1.00
2015.10.14 12:03:52.694,1.46919,1.46947,1.00,2.25
2015.10.14 12:03:53.780,1.4692,1.46947,1.00,2.62
2015.10.14 12:03:54.476,1.46918,1.46946,1.12,1.00
2015.10.14 12:03:54.982,1.46919,1.46946,1.00,1.00
2015.10.14 12:03:55.438,1.46919,1.46944,1.00,1.00
2015.10.14 12:03:55.851,1.46917,1.46944,1.00,2.25
2015.10.14 12:03:55.902,1.46915,1.46944,1.12,2.25
2015.10.14 12:03:56.005,1.46917,1.46944,1.00,1.75
2015.10.14 12:03:56.463,1.46919,1.46944,1.00,1.75
2015.10.14 12:03:56.994,1.46918,1.46946,1.00,2.62
2015.10.14 12:03:57.300,1.46918,1.46946,1.37,1.87
2015.10.14 12:03:57.351,1.46918,1.46946,1.75,1.50
2015.10.14 12:03:57.453,1.46925,1.46948,1.00,1.00
2015.10.14 12:03:57.991,1.46926,1.46954,1.00,1.87
2015.10.14 12:03:58.093,1.46926,1.46954,1.00,1.12
2015.10.14 12:03:58.733,1.46928,1.46954,1.00,1.00
2015.10.14 12:03:59.197,1.46932,1.46958,1.00,1.12
2015.10.14 12:03:59.301,1.46932,1.46958,1.00,1.37
2015.10.14 12:03:59.454,1.46928,1.46956,1.50,1.00
2015.10.14 12:03:59.606,1.46928,1.46955,1.00,1.37
2015.10.14 12:04:00.173,1.46931,1.46959,1.00,2.25
2015.10.14 12:04:00.224,1.46931,1.46959,1.00,2.25
2015.10.14 12:04:00.732,1.46934,1.46961,1.00,1.12
2015.10.14 12:04:01.154,1.46937,1.46962,1.00,1.37
2015.10.14 12:04:01.668,1.46936,1.46963,1.00,1.75
2015.10.14 12:04:01.719,1.46933,1.46963,1.00,1.75
2015.10.14 12:04:02.229,1.46934,1.46963,1.00,1.75
2015.10.14 12:04:02.929,1.46933,1.4696,1.00,1.00
2015.10.14 12:04:03.440,1.46932,1.46959,1.12,1.00
2015.10.14 12:04:04.107,1.4693,1.46957,1.75,1.00
2015.10.14 12:04:04.268,1.46932,1.46959,1.12,1.00
2015.10.14 12:04:04.676,1.46938,1.46963,1.00,1.37
2015.10.14 12:04:04.728,1.46938,1.46963,1.00,1.12
2015.10.14 12:04:05.436,1.46937,1.46964,1.00,1.50
2015.10.14 12:04:05.691,1.46939,1.46965,1.00,1.75
2015.10.14 12:04:06.200,1.4694,1.46968,1.00,1.75
2015.10.14 12:04:06.353,1.46938,1.46967,1.00,1.75
2015.10.14 12:04:06.594,1.46935,1.46962,1.12,1.00
2015.10.14 12:04:07.104,1.46936,1.46963,1.00,1.12
2015.10.14 12:04:07.648,1.46937,1.46964,1.00,1.50
2015.10.14 12:04:08.640,1.46936,1.46965,1.00,1.75
2015.10.14 12:04:09.315,1.46937,1.46964,1.00,1.50
2015.10.14 12:04:10.370,1.46937,1.46964,1.37,1.37
2015.10.14 12:04:10.473,1.46942,1.46971,1.37,1.37
2015.10.14 12:04:10.524,1.46945,1.46971,1.00,1.37
2015.10.14 12:04:10.831,1.46944,1.46969,1.75,1.00
2015.10.14 12:04:11.035,1.46945,1.4697,1.00,1.00
2015.10.14 12:04:11.520,1.46948,1.46974,1.00,1.75
2015.10.14 12:04:11.572,1.46948,1.46974,1.00,1.37
2015.10.14 12:04:12.082,1.46947,1.46975,1.00,1.50
2015.10.14 12:04:12.641,1.46945,1.46969,1.50,1.00
2015.10.14 12:04:12.947,1.46943,1.46969,1.50,1.00
2015.10.14 12:04:13.458,1.46943,1.46969,1.00,1.50
2015.10.14 12:04:13.719,1.4694,1.46968,1.37,1.50
2015.10.14 12:04:14.039,1.46938,1.46965,1.00,1.50
2015.10.14 12:04:14.550,1.46939,1.46963,1.00,1.00
2015.10.14 12:04:15.924,1.46941,1.46963,1.00,1.00
2015.10.14 12:04:16.450,1.46942,1.46963,1.00,1.00
2015.10.14 12:04:17.436,1.46941,1.46963,1.00,1.00
2015.10.14 12:04:19.994,1.46938,1.46963,1.00,1.00
2015.10.14 12:04:20.299,1.4694,1.46963,1.00,1.00
2015.10.14 12:04:21.183,1.46939,1.46963,1.00,1.00
2015.10.14 12:04:21.388,1.46937,1.46963,1.00,1.00
2015.10.14 12:04:21.826,1.46937,1.4696,1.00,1.12
2015.10.14 12:04:21.981,1.46931,1.46959,1.50,1.12
2015.10.14 12:04:22.083,1.46929,1.46956,1.12,1.12
2015.10.14 12:04:22.395,1.46926,1.46954,1.12,1.50
2015.10.14 12:04:22.701,1.46926,1.46953,1.00,1.75
2015.10.14 12:04:23.014,1.46925,1.46951,1.00,1.50
2015.10.14 12:04:23.066,1.46921,1.46945,1.00,1.00
2015.10.14 12:04:23.168,1.46915,1.46942,1.37,1.00
2015.10.14 12:04:23.495,1.46914,1.46937,1.37,1.00
2015.10.14 12:04:23.699,1.46912,1.46937,1.00,1.00
2015.10.14 12:04:25.127,1.46909,1.46937,1.00,2.25
2015.10.14 12:04:25.280,1.46904,1.46933,1.75,1.87
2015.10.14 12:04:25.332,1.46904,1.46933,1.37,2.25
2015.10.14 12:04:25.485,1.46912,1.46935,1.00,1.00
2015.10.14 12:04:25.587,1.46919,1.46944,1.00,1.50
2015.10.14 12:04:25.639,1.46919,1.46947,1.37,1.75
2015.10.14 12:04:26.051,1.4693,1.46954,1.00,1.12
2015.10.14 12:04:26.102,1.4693,1.46955,1.00,2.25
2015.10.14 12:04:26.154,1.46927,1.46954,1.00,2.25
2015.10.14 12:04:26.716,1.46928,1.46954,1.00,1.50
2015.10.14 12:04:26.820,1.46926,1.46954,1.12,1.50
2015.10.14 12:04:29.135,1.46924,1.46951,1.37,1.00
2015.10.14 12:04:29.186,1.46924,1.46951,1.00,1.12
2015.10.14 12:04:29.423,1.46922,1.4695,1.12,1.00
2015.10.14 12:04:29.678,1.46919,1.46946,1.12,1.00
2015.10.14 12:04:29.997,1.46917,1.46945,1.00,1.37
2015.10.14 12:04:30.588,1.46919,1.46946,1.00,1.50
2015.10.14 12:04:31.063,1.46919,1.46942,1.00,1.00
2015.10.14 12:04:31.175,1.46917,1.46942,1.00,1.00
2015.10.14 12:04:31.431,1.4692,1.46942,1.00,1.00
2015.10.14 12:04:31.687,1.4692,1.46948,1.00,1.12
2015.10.14 12:04:33.346,1.46921,1.46948,1.00,1.75
2015.10.14 12:04:34.932,1.4692,1.46949,1.00,1.75
2015.10.14 12:04:35.035,1.46923,1.46949,1.00,1.50
2015.10.14 12:04:35.086,1.46923,1.46949,1.00,1.50
2015.10.14 12:04:35.249,1.4692,1.46949,1.00,1.50
2015.10.14 12:04:35.505,1.46922,1.46949,1.00,2.25
2015.10.14 12:04:36.051,1.46921,1.46949,1.00,2.25
2015.10.14 12:04:36.554,1.46922,1.46949,1.00,2.25
2015.10.14 12:04:38.180,1.46921,1.46949,1.00,2.25
2015.10.14 12:04:38.811,1.46919,1.46946,1.12,1.00
2015.10.14 12:04:38.914,1.46919,1.46946,1.00,1.75
2015.10.14 12:04:39.016,1.46916,1.46944,1.50,1.12
2015.10.14 12:04:39.118,1.46918,1.46947,1.00,1.75
2015.10.14 12:04:39.442,1.46921,1.46948,1.00,1.75
2015.10.14 12:04:39.545,1.46921,1.46948,1.00,1.75
2015.10.14 12:04:40.221,1.4692,1.46948,1.00,1.75
2015.10.14 12:04:41.113,1.46919,1.46944,1.12,1.00
2015.10.14 12:04:42.965,1.46919,1.46947,1.12,1.50
2015.10.14 12:04:43.645,1.46919,1.46945,1.12,1.00
2015.10.14 12:04:43.977,1.46921,1.46948,1.00,1.75
2015.10.14 12:04:44.131,1.46922,1.46951,1.12,1.00
2015.10.14 12:04:44.183,1.46926,1.46954,1.00,2.62
2015.10.14 12:04:44.336,1.46928,1.46955,1.00,1.50
2015.10.14 12:04:44.500,1.46926,1.46954,1.50,1.00
2015.10.14 12:04:44.707,1.46926,1.46952,1.00,1.00
2015.10.14 12:04:44.923,1.46922,1.46952,2.25,1.12
2015.10.14 12:04:45.435,1.46925,1.46952,1.00,1.12
2015.10.14 12:04:45.588,1.46927,1.46954,1.00,1.75
2015.10.14 12:04:46.102,1.46928,1.46955,1.00,1.75
2015.10.14 12:04:46.256,1.46929,1.46956,1.00,1.37
2015.10.14 12:04:47.260,1.46931,1.46958,1.00,1.75
2015.10.14 12:04:48.598,1.46934,1.46957,1.00,1.37
2015.10.14 12:04:48.852,1.46933,1.4696,1.00,2.25
2015.10.14 12:04:50.237,1.46928,1.46955,2.25,1.12
2015.10.14 12:04:50.772,1.46931,1.46958,1.00,1.12
2015.10.14 12:04:50.824,1.46931,1.46959,1.75,1.87
2015.10.14 12:04:51.333,1.46934,1.46959,1.00,1.37
2015.10.14 12:04:51.538,1.46932,1.4696,1.50,1.12
2015.10.14 12:04:52.075,1.46932,1.46959,1.50,1.00
2015.10.14 12:04:52.546,1.46929,1.46956,1.75,1.00
2015.10.14 12:04:52.750,1.4693,1.46954,1.00,1.00
2015.10.14 12:04:53.108,1.46934,1.46954,1.00,1.00
2015.10.14 12:04:53.210,1.46934,1.46959,1.00,1.37
2015.10.14 12:04:53.262,1.46934,1.4696,1.00,1.12
2015.10.14 12:04:53.619,1.46936,1.46963,1.00,1.75
2015.10.14 12:04:54.027,1.46936,1.4696,1.34,1.12
2015.10.14 12:04:54.257,1.46941,1.46965,1.00,1.12
2015.10.14 12:04:54.311,1.46934,1.46963,1.50,1.00
2015.10.14 12:04:54.363,1.46933,1.46963,1.75,1.00
2015.10.14 12:04:54.414,1.4694,1.46966,1.00,1.50
2015.10.14 12:04:54.618,1.46941,1.46969,1.50,1.50
2015.10.14 12:04:54.874,1.46941,1.46967,1.50,1.00
2015.10.14 12:04:55.181,1.46938,1.46965,1.75,1.50
2015.10.14 12:04:55.491,1.46937,1.46964,1.00,1.00
2015.10.14 12:04:56.010,1.46936,1.46963,1.12,1.00
2015.10.14 12:04:56.163,1.46936,1.46965,1.12,1.87
2015.10.14 12:04:56.678,1.46936,1.46964,1.12,1.00
2015.10.14 12:04:57.155,1.46939,1.46964,1.00,1.00
2015.10.14 12:04:57.694,1.46942,1.46968,1.00,1.75
2015.10.14 12:04:58.034,1.46939,1.46964,1.00,1.00
2015.10.14 12:04:58.545,1.46939,1.46965,1.00,1.12
2015.10.14 12:04:59.055,1.46941,1.46969,1.00,1.75
2015.10.14 12:05:00.360,1.4694,1.46965,1.00,1.12
2015.10.14 12:05:00.949,1.4694,1.46964,1.00,1.00
2015.10.14 12:05:01.481,1.46941,1.46964,1.00,1.00
2015.10.14 12:05:01.790,1.46948,1.46973,1.00,2.25
2015.10.14 12:05:02.055,1.46952,1.46974,1.00,1.00
2015.10.14 12:05:02.210,1.46946,1.46974,1.12,1.12
2015.10.14 12:05:02.516,1.46946,1.46974,1.12,2.25
2015.10.14 12:05:02.823,1.46946,1.46972,1.00,1.75
2015.10.14 12:05:02.874,1.46944,1.46972,1.00,1.75
2015.10.14 12:05:05.181,1.46945,1.46973,1.00,1.75
2015.10.14 12:05:05.436,1.46948,1.46974,1.00,2.25
2015.10.14 12:05:06.184,1.46947,1.46973,1.00,1.75
2015.10.14 12:05:08.535,1.46946,1.4697,1.00,1.75
2015.10.14 12:05:08.690,1.46944,1.4697,1.00,2.25
2015.10.14 12:05:09.200,1.46945,1.4697,1.00,1.75
2015.10.14 12:05:09.711,1.46944,1.46969,1.00,1.75
2015.10.14 12:05:10.695,1.46945,1.46969,1.00,1.75
2015.10.14 12:05:11.002,1.46943,1.4697,1.00,1.75
2015.10.14 12:05:11.118,1.46946,1.4697,1.00,1.75
2015.10.14 12:05:11.336,1.46939,1.46965,1.50,1.00
2015.10.14 12:05:11.438,1.46939,1.46965,1.00,1.75
2015.10.14 12:05:11.947,1.46938,1.46965,1.00,1.75
2015.10.14 12:05:12.525,1.46944,1.46965,1.00,1.00
2015.10.14 12:05:13.034,1.46945,1.46964,1.00,1.00
2015.10.14 12:05:13.543,1.46944,1.46965,1.00,1.00
2015.10.14 12:05:13.752,1.46942,1.46965,1.00,1.00
2015.10.14 12:05:13.803,1.46941,1.46959,1.00,1.00
2015.10.14 12:05:15.429,1.46941,1.4696,1.00,1.00
2015.10.14 12:05:15.808,1.46939,1.4696,1.00,1.00
2015.10.14 12:05:16.013,1.46937,1.4696,1.00,1.00
2015.10.14 12:05:16.518,1.46937,1.46959,1.00,1.00
2015.10.14 12:05:17.188,1.46937,1.4696,1.00,1.00
2015.10.14 12:05:17.617,1.46941,1.4696,1.00,1.00
2015.10.14 12:05:17.673,1.46941,1.46964,1.00,1.75
2015.10.14 12:05:17.879,1.46937,1.46964,1.00,1.75
2015.10.14 12:05:17.983,1.46937,1.4696,1.00,1.00
2015.10.14 12:05:18.560,1.46937,1.46959,1.00,1.00
2015.10.14 12:05:18.612,1.46937,1.46963,1.00,1.50
2015.10.14 12:05:20.630,1.46936,1.46962,1.87,1.12
2015.10.14 12:05:20.988,1.46938,1.46964,1.00,1.75
2015.10.14 12:05:21.405,1.46937,1.46959,1.00,1.00
2015.10.14 12:05:21.938,1.46934,1.4696,1.37,1.87
2015.10.14 12:05:22.244,1.46933,1.46954,1.50,1.00
2015.10.14 12:05:22.296,1.46933,1.46954,1.00,1.00
2015.10.14 12:05:22.348,1.4693,1.46954,1.12,1.00
2015.10.14 12:05:22.451,1.46927,1.46954,1.00,1.50
2015.10.14 12:05:23.119,1.46927,1.46949,1.00,1.00
2015.10.14 12:05:23.374,1.46927,1.46953,1.00,1.00
2015.10.14 12:05:23.732,1.46925,1.46951,1.50,1.00
2015.10.14 12:05:24.274,1.46925,1.4695,1.50,1.00
2015.10.14 12:05:25.866,1.46925,1.46949,1.50,1.00
2015.10.14 12:05:26.999,1.46925,1.46944,1.50,1.00
2015.10.14 12:05:27.308,1.46915,1.46929,1.00,1.00
2015.10.14 12:05:27.461,1.46912,1.46929,1.50,1.00
2015.10.14 12:05:27.565,1.46909,1.46934,2.25,1.00
2015.10.14 12:05:28.446,1.46907,1.46933,1.75,1.00
2015.10.14 12:05:28.804,1.46907,1.46933,1.12,1.00
2015.10.14 12:05:29.181,1.4691,1.46935,1.00,1.12
2015.10.14 12:05:29.658,1.46907,1.46935,1.12,1.87
2015.10.14 12:05:30.097,1.4691,1.46935,1.00,1.12
2015.10.14 12:05:30.787,1.46909,1.46935,1.00,1.87
2015.10.14 12:05:31.093,1.46907,1.46933,1.12,1.00
2015.10.14 12:05:31.606,1.46907,1.46934,1.12,1.00
2015.10.14 12:05:32.153,1.46907,1.46933,1.12,1.00
2015.10.14 12:05:32.819,1.46908,1.46934,1.00,1.00
2015.10.14 12:05:34.066,1.46908,1.46936,1.00,1.50
2015.10.14 12:05:34.373,1.4691,1.46938,1.50,1.00
2015.10.14 12:05:34.425,1.46916,1.46942,1.00,1.50
2015.10.14 12:05:34.629,1.46911,1.46938,3.00,1.00
2015.10.14 12:05:34.884,1.46913,1.46939,1.00,1.12
2015.10.14 12:05:35.397,1.46914,1.46937,1.00,1.00
2015.10.14 12:05:35.499,1.46916,1.46942,1.00,1.12
2015.10.14 12:05:35.704,1.46914,1.46938,1.00,1.00
2015.10.14 12:05:35.960,1.46914,1.46941,1.00,1.00
2015.10.14 12:05:36.064,1.46916,1.46942,1.00,1.12
2015.10.14 12:05:36.370,1.46914,1.4694,1.50,1.00
2015.10.14 12:05:36.672,1.46912,1.46938,1.87,1.00
2015.10.14 12:05:36.723,1.46912,1.46938,1.00,1.00
2015.10.14 12:05:37.455,1.4691,1.46936,2.25,1.00
2015.10.14 12:05:37.968,1.4691,1.46936,1.87,1.00
2015.10.14 12:05:38.276,1.4691,1.46934,1.37,1.00
2015.10.14 12:05:39.879,1.46916,1.4694,1.12,1.00
2015.10.14 12:05:40.474,1.46914,1.4694,1.75,1.12
2015.10.14 12:05:42.540,1.46917,1.46943,1.12,1.00
2015.10.14 12:05:42.592,1.46917,1.46943,1.75,1.00
2015.10.14 12:05:42.644,1.46918,1.46946,1.75,1.12
2015.10.14 12:05:43.798,1.46918,1.46946,1.00,1.87
2015.10.14 12:05:44.356,1.46918,1.46944,1.00,1.00
2015.10.14 12:05:45.584,1.46918,1.46944,1.00,1.37
2015.10.14 12:05:45.841,1.46918,1.46943,1.00,1.12
2015.10.14 12:05:45.944,1.46917,1.46943,1.00,1.12
2015.10.14 12:05:47.421,1.46919,1.46945,1.00,1.87
2015.10.14 12:05:47.937,1.4692,1.46945,1.00,1.12
2015.10.14 12:05:48.656,1.46918,1.46945,1.00,1.37
2015.10.14 12:05:48.895,1.4692,1.46945,1.00,1.37
2015.10.14 12:05:49.459,1.46922,1.46945,1.00,1.37
2015.10.14 12:05:49.976,1.46921,1.46945,1.00,1.37
2015.10.14 12:05:50.508,1.4692,1.46945,1.00,1.37
2015.10.14 12:05:51.096,1.46917,1.46945,1.00,1.87
2015.10.14 12:05:52.126,1.46917,1.46943,1.00,1.75
2015.10.14 12:05:52.730,1.46918,1.46945,1.00,1.75
2015.10.14 12:05:53.036,1.46921,1.46946,1.00,1.87
2015.10.14 12:05:53.240,1.46918,1.46946,1.00,1.87
2015.10.14 12:05:54.632,1.46917,1.46946,1.00,1.75
2015.10.14 12:05:55.267,1.46918,1.46944,1.00,1.50
2015.10.14 12:05:57.057,1.46915,1.46943,1.87,1.12
2015.10.14 12:05:58.144,1.46918,1.46944,1.00,1.50
2015.10.14 12:05:58.685,1.46917,1.46943,1.00,1.12
2015.10.14 12:05:59.460,1.46918,1.46944,1.00,1.50
2015.10.14 12:05:59.613,1.46916,1.46944,1.00,1.50
2015.10.14 12:06:00.897,1.46915,1.46943,1.12,1.12
2015.10.14 12:06:02.020,1.46915,1.46941,1.12,1.00
2015.10.14 12:06:02.897,1.46914,1.4694,1.50,1.00
2015.10.14 12:06:02.999,1.46915,1.46943,1.12,1.12
2015.10.14 12:06:04.203,1.46915,1.46941,1.12,1.00
2015.10.14 12:06:04.739,1.46913,1.46939,1.12,1.00
2015.10.14 12:06:06.183,1.46914,1.4694,1.00,1.12
2015.10.14 12:06:06.724,1.46916,1.46942,1.00,1.75
2015.10.14 12:06:07.416,1.46915,1.46941,1.00,1.50
2015.10.14 12:06:08.545,1.46916,1.46942,1.00,1.00
2015.10.14 12:06:08.701,1.46918,1.46945,1.00,1.75
2015.10.14 12:06:08.856,1.46914,1.46942,1.50,1.00
2015.10.14 12:06:09.162,1.46921,1.46947,1.00,1.12
2015.10.14 12:06:09.779,1.46925,1.46951,1.00,1.37
2015.10.14 12:06:11.915,1.46927,1.46953,1.00,1.75
2015.10.14 12:06:12.430,1.46926,1.46952,1.00,1.50
2015.10.14 12:06:13.771,1.46924,1.46952,1.50,1.50
2015.10.14 12:06:14.403,1.46924,1.46947,1.00,1.00
2015.10.14 12:06:14.457,1.4692,1.46946,1.87,1.00
2015.10.14 12:06:14.661,1.46925,1.46953,1.12,1.00
2015.10.14 12:06:15.171,1.46925,1.46953,1.75,1.00
2015.10.14 12:06:15.649,1.46924,1.46948,1.00,1.00
2015.10.14 12:06:15.955,1.46921,1.46947,1.00,1.00
2015.10.14 12:06:16.109,1.46923,1.46948,1.00,1.00
2015.10.14 12:06:16.525,1.46927,1.46948,1.00,1.00
2015.10.14 12:06:16.883,1.46922,1.46948,1.00,1.00
2015.10.14 12:06:16.985,1.46922,1.46948,1.75,1.00
2015.10.14 12:06:17.088,1.46922,1.46948,1.00,1.12
2015.10.14 12:06:17.617,1.46923,1.46948,1.00,1.12
2015.10.14 12:06:18.160,1.4692,1.46947,2.25,1.00
2015.10.14 12:06:18.704,1.46922,1.46948,1.00,1.12
2015.10.14 12:06:19.286,1.46923,1.46949,1.00,1.50
2015.10.14 12:06:20.264,1.46925,1.46951,1.00,1.75
2015.10.14 12:06:20.818,1.46922,1.4695,1.50,1.75
2015.10.14 12:06:21.495,1.46924,1.4695,1.00,1.75
2015.10.14 12:06:22.001,1.46925,1.46951,1.00,1.75
2015.10.14 12:06:22.460,1.4693,1.46957,1.00,1.75
2015.10.14 12:06:22.969,1.46931,1.46957,1.00,1.75
2015.10.14 12:06:23.335,1.46926,1.46953,1.12,1.12
2015.10.14 12:06:23.386,1.46926,1.46953,1.00,1.75
2015.10.14 12:06:23.437,1.46922,1.4695,1.37,1.12
2015.10.14 12:06:23.590,1.46922,1.4695,1.00,1.75
2015.10.14 12:06:23.898,1.46925,1.46951,1.00,1.75
2015.10.14 12:06:24.452,1.46926,1.46953,1.00,1.75
2015.10.14 12:06:25.964,1.46928,1.46953,1.00,1.75
2015.10.14 12:06:26.347,1.46928,1.46953,1.00,1.75
2015.10.14 12:06:26.398,1.46928,1.46953,1.00,1.00
2015.10.14 12:06:26.655,1.46926,1.46952,1.00,1.00
2015.10.14 12:06:26.911,1.46926,1.46949,1.00,1.00
2015.10.14 12:06:28.520,1.46925,1.46949,1.00,1.00
2015.10.14 12:06:30.791,1.46926,1.46949,1.00,1.00
2015.10.14 12:06:31.111,1.46927,1.46955,1.00,2.25
2015.10.14 12:06:31.365,1.46929,1.46955,1.00,1.50
2015.10.14 12:06:32.679,1.46926,1.46952,1.00,1.00
2015.10.14 12:06:32.781,1.46926,1.46952,1.00,1.75
2015.10.14 12:06:33.037,1.46923,1.46948,1.00,1.00
2015.10.14 12:06:33.393,1.46921,1.46946,1.00,1.00
2015.10.14 12:06:33.496,1.46918,1.46945,1.00,1.00
2015.10.14 12:06:34.241,1.46918,1.46944,1.00,1.00
2015.10.14 12:06:35.210,1.46919,1.46945,1.00,1.50
2015.10.14 12:06:35.814,1.46918,1.46944,1.00,1.00
2015.10.14 12:06:36.321,1.46915,1.46941,1.37,1.00
2015.10.14 12:06:36.424,1.46914,1.46941,1.00,1.00
2015.10.14 12:06:36.882,1.46911,1.46939,1.50,1.00
2015.10.14 12:06:38.396,1.46908,1.46933,1.12,1.00
2015.10.14 12:06:38.499,1.46907,1.46933,1.00,1.00
2015.10.14 12:06:38.653,1.46905,1.46932,1.12,1.00
2015.10.14 12:06:39.184,1.46903,1.46931,1.50,1.12
2015.10.14 12:06:39.720,1.46902,1.4693,1.75,1.00
2015.10.14 12:06:39.926,1.46903,1.4693,1.00,1.00
2015.10.14 12:06:40.431,1.46903,1.46929,1.00,1.00
2015.10.14 12:06:42.545,1.46901,1.46928,1.12,1.00
2015.10.14 12:06:43.056,1.46902,1.4693,1.12,1.50
2015.10.14 12:06:43.158,1.46904,1.46929,1.00,1.12
2015.10.14 12:06:43.463,1.46906,1.46932,1.00,1.75
2015.10.14 12:06:43.515,1.46906,1.46932,1.00,1.00
2015.10.14 12:06:44.104,1.46907,1.46933,1.00,1.12
2015.10.14 12:06:44.688,1.46906,1.46932,1.00,1.00
2015.10.14 12:06:45.236,1.46905,1.46933,1.00,1.12
2015.10.14 12:06:46.428,1.46907,1.46933,1.00,1.12
2015.10.14 12:06:46.741,1.46909,1.46935,1.00,1.75
2015.10.14 12:06:47.280,1.46908,1.46934,1.00,1.50
2015.10.14 12:06:47.794,1.46907,1.46935,1.00,1.75
2015.10.14 12:06:48.210,1.46905,1.46931,1.00,1.00
2015.10.14 12:06:48.516,1.46903,1.46931,1.50,1.50
2015.10.14 12:06:48.734,1.46903,1.46929,1.50,1.00
2015.10.14 12:06:49.039,1.46903,1.46929,1.00,1.75
2015.10.14 12:06:49.974,1.46904,1.4693,1.00,1.75
2015.10.14 12:06:51.446,1.46904,1.4693,1.00,1.00
2015.10.14 12:06:51.972,1.46904,1.46929,1.00,1.00
2015.10.14 12:06:52.500,1.46904,1.4693,1.00,1.00
2015.10.14 12:06:52.900,1.46901,1.46927,1.12,1.00
2015.10.14 12:06:53.158,1.46902,1.46929,1.00,1.12
2015.10.14 12:06:53.668,1.46901,1.4693,1.12,1.37
2015.10.14 12:06:54.159,1.46899,1.46926,1.50,1.00
2015.10.14 12:06:54.698,1.46897,1.46925,1.12,1.00
2015.10.14 12:06:55.260,1.46898,1.46924,1.75,1.00
2015.10.14 12:06:55.796,1.46897,1.46925,1.12,1.00
2015.10.14 12:06:56.358,1.46898,1.46927,1.75,1.50
2015.10.14 12:06:56.868,1.46901,1.46928,1.12,1.00
2015.10.14 12:06:57.457,1.46904,1.46931,1.00,2.25
2015.10.14 12:06:57.788,1.46912,1.46937,1.00,1.50
2015.10.14 12:06:58.094,1.46915,1.46937,1.00,1.50
2015.10.14 12:06:58.453,1.46913,1.46937,1.00,1.50
2015.10.14 12:06:59.301,1.46913,1.46937,1.00,1.00
2015.10.14 12:06:59.658,1.46911,1.46937,1.00,1.50
2015.10.14 12:06:59.760,1.46909,1.46937,1.00,1.50
2015.10.14 12:07:00.149,1.46909,1.46935,1.00,1.00
2015.10.14 12:07:00.667,1.4691,1.46936,1.00,1.00
2015.10.14 12:07:01.074,1.46908,1.46934,1.50,1.00
2015.10.14 12:07:01.379,1.46908,1.46932,1.00,1.00
2015.10.14 12:07:02.213,1.46908,1.46934,1.50,1.00
2015.10.14 12:07:03.870,1.46906,1.46934,1.00,1.75
2015.10.14 12:07:04.175,1.46904,1.4693,1.00,1.37
2015.10.14 12:07:04.430,1.46902,1.4693,1.12,1.37
2015.10.14 12:07:04.935,1.46902,1.46928,1.12,1.00
2015.10.14 12:07:06.513,1.46901,1.46927,1.37,1.00
2015.10.14 12:07:06.870,1.46903,1.46929,1.00,1.12
2015.10.14 12:07:07.503,1.46903,1.46928,1.00,1.00
2015.10.14 12:07:08.587,1.46904,1.4693,1.00,1.37
2015.10.14 12:07:08.740,1.46902,1.4693,1.12,1.37
2015.10.14 12:07:09.276,1.46904,1.46932,1.00,1.75
2015.10.14 12:07:09.481,1.4691,1.46936,1.50,1.00
2015.10.14 12:07:09.583,1.46915,1.46941,1.00,1.00
2015.10.14 12:07:09.941,1.46918,1.46944,1.00,1.00
2015.10.14 12:07:10.257,1.46918,1.46944,1.75,1.00
2015.10.14 12:07:10.563,1.46921,1.46947,1.75,1.37
2015.10.14 12:07:10.717,1.46921,1.46947,1.00,1.37
2015.10.14 12:07:10.819,1.46921,1.46947,1.00,1.00
2015.10.14 12:07:10.922,1.46919,1.46947,1.12,1.00
2015.10.14 12:07:10.973,1.46919,1.46947,1.75,1.00
2015.10.14 12:07:11.228,1.46922,1.4695,2.25,1.00
2015.10.14 12:07:11.811,1.46922,1.46948,2.25,1.00
2015.10.14 12:07:12.323,1.46922,1.46947,1.75,1.00
2015.10.14 12:07:12.862,1.4692,1.46946,2.25,1.00
2015.10.14 12:07:13.184,1.4692,1.46946,1.87,1.00
2015.10.14 12:07:13.695,1.46921,1.46947,1.12,1.00
2015.10.14 12:07:14.273,1.4692,1.46946,1.87,1.00
2015.10.14 12:07:14.795,1.4692,1.46947,1.37,1.00
2015.10.14 12:07:15.328,1.4692,1.46946,1.37,1.00
2015.10.14 12:07:15.843,1.4692,1.46945,1.37,1.00
2015.10.14 12:07:16.381,1.4692,1.46945,1.00,1.00
2015.10.14 12:07:16.535,1.46917,1.4694,1.50,1.00
2015.10.14 12:07:16.586,1.46917,1.4694,1.00,1.00
2015.10.14 12:07:16.637,1.46914,1.4694,2.25,1.00
2015.10.14 12:07:17.155,1.46913,1.46939,1.87,1.00
2015.10.14 12:07:20.045,1.46914,1.46942,1.50,1.12
2015.10.14 12:07:20.147,1.46918,1.46944,1.00,1.75
2015.10.14 12:07:20.403,1.46918,1.46946,1.75,1.00
2015.10.14 12:07:20.591,1.46918,1.46944,1.75,1.00
2015.10.14 12:07:20.818,1.46918,1.46946,1.75,1.00
2015.10.14 12:07:21.327,1.46919,1.46947,1.50,1.00
2015.10.14 12:07:21.969,1.46917,1.46942,2.25,1.00
2015.10.14 12:07:22.277,1.46913,1.46938,1.75,1.00
2015.10.14 12:07:22.585,1.46913,1.46936,1.75,1.00
2015.10.14 12:07:22.999,1.46913,1.46939,1.75,1.50
2015.10.14 12:07:25.736,1.46914,1.4694,1.37,1.12
2015.10.14 12:07:25.788,1.46914,1.4694,1.00,1.12
2015.10.14 12:07:25.994,1.46913,1.46938,1.00,1.00
2015.10.14 12:07:26.502,1.46913,1.46939,1.00,1.00
2015.10.14 12:07:27.573,1.46913,1.4694,1.00,1.12
2015.10.14 12:07:28.205,1.46915,1.46941,1.00,1.12
2015.10.14 12:07:28.724,1.46914,1.4694,1.00,1.00
2015.10.14 12:07:29.537,1.46914,1.4694,1.37,1.00
2015.10.14 12:07:30.066,1.46916,1.46942,1.50,1.00
2015.10.14 12:07:30.117,1.46917,1.46945,1.37,2.25
2015.10.14 12:07:30.633,1.46917,1.46944,1.37,1.00
2015.10.14 12:07:31.912,1.46915,1.46943,2.25,1.00
2015.10.14 12:07:32.167,1.46919,1.46945,1.00,1.12
2015.10.14 12:07:32.219,1.46919,1.46947,1.37,1.12
2015.10.14 12:07:32.525,1.46929,1.46955,1.50,1.75
2015.10.14 12:07:32.627,1.46933,1.46959,1.37,1.37
2015.10.14 12:07:32.934,1.46934,1.4696,1.75,1.50
2015.10.14 12:07:33.138,1.46936,1.46961,1.37,1.00
2015.10.14 12:07:33.523,1.46936,1.46964,1.75,1.50
2015.10.14 12:07:33.897,1.46937,1.46962,1.50,1.00
2015.10.14 12:07:34.261,1.46937,1.46964,1.50,1.00
2015.10.14 12:07:34.767,1.46939,1.46964,1.00,1.00
2015.10.14 12:07:35.300,1.46939,1.46965,1.00,1.00
2015.10.14 12:07:35.351,1.46937,1.46963,1.50,1.00
2015.10.14 12:07:35.658,1.46931,1.46956,1.75,1.00
2015.10.14 12:07:35.709,1.46932,1.46956,1.00,1.00
2015.10.14 12:07:36.072,1.46932,1.46954,1.00,1.00
2015.10.14 12:07:36.123,1.46928,1.46953,1.50,1.00
2015.10.14 12:07:36.225,1.46928,1.46951,1.50,1.00
2015.10.14 12:07:36.683,1.46924,1.46949,1.87,1.00
2015.10.14 12:07:36.785,1.46925,1.46951,1.75,1.00
2015.10.14 12:07:36.989,1.46925,1.46953,1.75,1.00
2015.10.14 12:07:37.331,1.46925,1.46951,1.75,1.00
2015.10.14 12:07:37.433,1.46924,1.4695,2.25,1.00
2015.10.14 12:07:37.943,1.46924,1.46949,1.75,1.00
2015.10.14 12:07:38.096,1.46924,1.46951,1.75,1.00
2015.10.14 12:07:38.148,1.46924,1.46951,1.75,1.00
2015.10.14 12:07:38.199,1.4693,1.46953,1.00,1.00
2015.10.14 12:07:38.741,1.4693,1.46952,1.00,1.00
2015.10.14 12:07:41.257,1.4693,1.46953,1.00,1.00
2015.10.14 12:07:42.023,1.4693,1.46952,1.00,1.00
2015.10.14 12:07:42.548,1.4693,1.46953,1.00,1.00
2015.10.14 12:07:42.599,1.4693,1.46951,1.00,1.00
2015.10.14 12:07:43.110,1.4693,1.46952,1.00,1.00
2015.10.14 12:07:43.567,1.4693,1.4695,1.00,1.00
2015.10.14 12:07:44.684,1.4693,1.46952,1.00,1.00
2015.10.14 12:07:44.735,1.46924,1.46952,2.25,1.00
2015.10.14 12:07:44.888,1.46924,1.4695,2.25,1.00
2015.10.14 12:07:45.389,1.46923,1.46949,1.75,1.00
2015.10.14 12:07:48.441,1.46922,1.46948,1.75,1.00
2015.10.14 12:07:48.744,1.46922,1.46948,1.37,1.00
2015.10.14 12:07:49.280,1.46921,1.46947,1.50,1.00
2015.10.14 12:07:50.582,1.46921,1.46947,1.00,1.50
2015.10.14 12:07:50.735,1.46918,1.46944,1.37,1.00
2015.10.14 12:07:50.939,1.46916,1.46944,1.87,1.00
2015.10.14 12:07:54.681,1.46916,1.46942,1.50,1.00
2015.10.14 12:07:55.195,1.46916,1.46942,1.00,1.12
2015.10.14 12:07:55.725,1.46915,1.46941,1.12,1.00
2015.10.14 12:07:56.306,1.46916,1.46942,1.00,1.12
2015.10.14 12:07:56.613,1.46915,1.4694,1.00,1.00
2015.10.14 12:07:56.841,1.46911,1.46938,1.00,1.00
2015.10.14 12:07:57.352,1.46912,1.46938,1.00,1.00
2015.10.14 12:07:57.910,1.46912,1.46937,1.00,1.00
2015.10.14 12:07:58.114,1.46911,1.46934,1.00,1.00
2015.10.14 12:07:58.268,1.46905,1.46933,1.12,1.37
2015.10.14 12:07:58.319,1.46904,1.4693,1.50,1.00
2015.10.14 12:07:58.625,1.46911,1.46938,1.00,1.75
2015.10.14 12:07:58.881,1.4692,1.46946,1.00,1.50
2015.10.14 12:07:59.642,1.46919,1.46945,1.00,1.37
2015.10.14 12:07:59.846,1.46917,1.46943,1.00,1.00
2015.10.14 12:08:00.453,1.46916,1.46942,1.12,1.12
2015.10.14 12:08:00.504,1.46914,1.46942,1.00,1.50
2015.10.14 12:08:01.065,1.46914,1.46939,1.00,1.00
2015.10.14 12:08:01.574,1.46915,1.46941,1.00,1.37
2015.10.14 12:08:01.728,1.46913,1.46941,1.50,1.37
2015.10.14 12:08:02.774,1.46916,1.46942,1.00,1.50
2015.10.14 12:08:02.980,1.46914,1.46942,1.75,1.00
2015.10.14 12:08:03.032,1.46914,1.46942,3.00,1.00
2015.10.14 12:08:03.084,1.46921,1.46949,1.50,1.00
2015.10.14 12:08:03.186,1.46926,1.46951,1.00,1.00
2015.10.14 12:08:03.288,1.4692,1.46947,1.00,1.00
2015.10.14 12:08:03.340,1.4692,1.46947,1.00,1.37
2015.10.14 12:08:03.391,1.46916,1.46942,1.00,1.00
2015.10.14 12:08:03.917,1.46915,1.46941,1.00,1.00
2015.10.14 12:08:04.380,1.46915,1.46939,1.00,1.00
2015.10.14 12:08:05.281,1.46915,1.4694,1.00,1.00
2015.10.14 12:08:05.384,1.46915,1.46942,1.00,1.00
2015.10.14 12:08:05.487,1.46915,1.4694,1.00,1.00
2015.10.14 12:08:05.796,1.46913,1.46936,1.12,1.00
2015.10.14 12:08:06.051,1.46913,1.46938,1.12,1.00
2015.10.14 12:08:06.154,1.46913,1.46935,1.12,1.00
2015.10.14 12:08:06.205,1.46911,1.46935,1.00,1.00
2015.10.14 12:08:08.354,1.46911,1.46934,1.12,1.00
2015.10.14 12:08:09.113,1.46909,1.46935,1.87,1.00
2015.10.14 12:08:09.291,1.46909,1.46932,1.12,1.00
2015.10.14 12:08:09.403,1.46909,1.46932,1.00,1.00
2015.10.14 12:08:09.455,1.46908,1.46934,1.87,1.00
2015.10.14 12:08:09.870,1.46908,1.46936,1.50,1.12
2015.10.14 12:08:09.921,1.46908,1.46936,1.87,1.00
2015.10.14 12:08:11.801,1.4691,1.46938,1.37,1.12
2015.10.14 12:08:12.316,1.46915,1.4694,1.00,1.50
2015.10.14 12:08:13.004,1.46917,1.46942,1.00,1.00
2015.10.14 12:08:13.056,1.46914,1.46942,1.00,1.50
2015.10.14 12:08:13.371,1.46916,1.46942,1.00,1.00
2015.10.14 12:08:15.179,1.4692,1.46942,1.00,1.00
2015.10.14 12:08:15.649,1.46921,1.46949,3.00,1.00
2015.10.14 12:08:15.702,1.46929,1.46955,1.00,1.50
2015.10.14 12:08:15.858,1.46932,1.46959,1.00,1.12
2015.10.14 12:08:16.678,1.46929,1.46957,1.00,1.75
2015.10.14 12:08:17.269,1.46932,1.46958,1.00,1.75
2015.10.14 12:08:17.784,1.46934,1.46959,1.00,1.12
2015.10.14 12:08:18.094,1.46936,1.46959,1.00,1.37
2015.10.14 12:08:18.604,1.46935,1.46959,1.00,1.37
2015.10.14 12:08:19.360,1.46936,1.46961,1.00,1.12
2015.10.14 12:08:20.750,1.46935,1.4696,1.00,1.75
2015.10.14 12:08:21.060,1.46937,1.46961,1.00,1.12
2015.10.14 12:08:21.528,1.46933,1.46961,1.00,1.87
2015.10.14 12:08:22.291,1.46936,1.46961,1.00,1.12
2015.10.14 12:08:22.803,1.46937,1.46961,1.00,1.12
2015.10.14 12:08:22.958,1.46933,1.4696,1.00,1.75
2015.10.14 12:08:23.164,1.46931,1.46957,1.00,1.12
2015.10.14 12:08:23.215,1.46931,1.46957,1.00,1.37
2015.10.14 12:08:23.770,1.4693,1.46956,1.00,1.75
2015.10.14 12:08:24.489,1.46928,1.46956,1.00,1.75
2015.10.14 12:08:25.257,1.46931,1.46956,1.00,1.75
2015.10.14 12:08:25.617,1.46929,1.46956,1.00,1.75
2015.10.14 12:08:25.821,1.46934,1.46959,1.00,1.12
2015.10.14 12:08:25.923,1.46934,1.46959,1.00,1.12
2015.10.14 12:08:28.473,1.46932,1.4696,1.00,1.87
2015.10.14 12:08:28.880,1.46932,1.46958,1.00,1.75
2015.10.14 12:08:28.932,1.46929,1.46957,1.50,1.75
2015.10.14 12:08:29.472,1.46928,1.46956,1.00,1.50
2015.10.14 12:08:30.000,1.46932,1.46958,1.00,1.75
2015.10.14 12:08:30.559,1.46929,1.46956,1.00,1.37
2015.10.14 12:08:31.051,1.46928,1.46954,1.00,1.37
2015.10.14 12:08:31.102,1.46925,1.46951,1.00,1.12
2015.10.14 12:08:31.754,1.46926,1.46952,1.00,1.50
2015.10.14 12:08:32.560,1.46927,1.46953,1.00,1.75
2015.10.14 12:08:33.519,1.46929,1.46954,1.00,1.87
2015.10.14 12:08:33.724,1.46927,1.46955,1.00,1.87
2015.10.14 12:08:34.241,1.46926,1.46953,1.00,1.00
2015.10.14 12:08:34.630,1.46929,1.46955,1.00,1.87
2015.10.14 12:08:35.183,1.46929,1.46955,1.00,1.50
2015.10.14 12:08:35.685,1.4693,1.46955,1.00,1.00
2015.10.14 12:08:36.043,1.46932,1.46955,1.00,1.00
2015.10.14 12:08:36.246,1.46929,1.46955,1.00,1.00
2015.10.14 12:08:36.349,1.46932,1.46955,1.00,1.00
2015.10.14 12:08:36.841,1.46934,1.46962,1.00,1.75
2015.10.14 12:08:36.894,1.46938,1.46965,1.00,1.75
2015.10.14 12:08:37.200,1.46941,1.46969,1.00,1.75
2015.10.14 12:08:37.463,1.4694,1.46966,1.00,1.50
2015.10.14 12:08:37.515,1.4694,1.46966,1.00,1.12
2015.10.14 12:08:37.831,1.46943,1.46969,1.00,2.25
2015.10.14 12:08:38.370,1.46942,1.46968,1.00,1.50
2015.10.14 12:08:38.676,1.46948,1.46974,1.00,1.87
2015.10.14 12:08:39.240,1.46949,1.46975,1.00,1.12
2015.10.14 12:08:39.446,1.46951,1.46976,1.00,1.37
2015.10.14 12:08:39.753,1.46961,1.46985,1.00,1.75
2015.10.14 12:08:40.009,1.46966,1.46992,1.00,1.37
2015.10.14 12:08:40.228,1.4697,1.46994,1.00,1.00
2015.10.14 12:08:40.433,1.46974,1.46999,1.00,1.87
2015.10.14 12:08:40.484,1.46974,1.46996,1.00,1.00
2015.10.14 12:08:40.638,1.4698,1.47005,1.00,1.50
2015.10.14 12:08:40.842,1.46981,1.47007,1.00,1.12
2015.10.14 12:08:41.060,1.46979,1.47007,1.00,1.75
2015.10.14 12:08:41.214,1.46981,1.47007,1.00,1.00
2015.10.14 12:08:41.520,1.46978,1.47005,1.00,1.00
2015.10.14 12:08:41.622,1.4698,1.47006,1.00,1.00
2015.10.14 12:08:42.007,1.46979,1.47004,1.00,1.00
2015.10.14 12:08:42.111,1.46981,1.47007,1.00,1.00
2015.10.14 12:08:42.316,1.46979,1.47005,1.00,1.00
2015.10.14 12:08:42.418,1.46977,1.47005,1.00,1.50
2015.10.14 12:08:42.747,1.46979,1.47005,1.00,1.00
2015.10.14 12:08:43.174,1.46981,1.47007,1.00,1.00
2015.10.14 12:08:43.480,1.46976,1.47002,1.00,1.00
2015.10.14 12:08:43.736,1.46973,1.47,1.50,1.00
2015.10.14 12:08:44.295,1.46975,1.47001,1.00,1.00
2015.10.14 12:08:44.628,1.46974,1.46999,1.00,1.00
2015.10.14 12:08:45.130,1.46974,1.46999,1.00,1.50
2015.10.14 12:08:45.617,1.46972,1.46999,1.00,2.25
2015.10.14 12:08:46.386,1.46971,1.46999,1.00,1.84
2015.10.14 12:08:47.131,1.46971,1.46999,1.00,2.59
2015.10.14 12:08:47.642,1.4697,1.46996,1.00,1.37
2015.10.14 12:08:47.950,1.46966,1.46992,1.00,1.75
2015.10.14 12:08:49.579,1.46967,1.46993,1.00,1.75
2015.10.14 12:08:51.344,1.46968,1.46994,1.00,1.75
2015.10.14 12:08:51.882,1.4697,1.46996,1.00,1.75
2015.10.14 12:08:51.933,1.4697,1.46996,1.00,1.50
2015.10.14 12:08:51.985,1.46975,1.47,1.00,2.25
2015.10.14 12:08:52.170,1.46975,1.47,1.00,2.25
2015.10.14 12:08:52.222,1.46978,1.47004,1.00,1.87
2015.10.14 12:08:52.426,1.4698,1.47004,1.00,1.12
2015.10.14 12:08:52.530,1.46981,1.47005,1.00,1.37
2015.10.14 12:08:53.055,1.46982,1.47005,1.00,1.37
2015.10.14 12:08:54.680,1.46982,1.47005,1.00,1.00
2015.10.14 12:08:55.986,1.46983,1.47005,1.00,1.00
2015.10.14 12:08:57.167,1.46982,1.47005,1.00,1.00
2015.10.14 12:08:57.676,1.46983,1.47005,1.00,1.00
2015.10.14 12:08:58.782,1.46982,1.47005,1.00,1.00
2015.10.14 12:08:59.306,1.46981,1.47005,1.00,1.37
2015.10.14 12:08:59.533,1.46979,1.47005,1.00,1.37
2015.10.14 12:09:00.015,1.46981,1.47005,1.00,1.37
2015.10.14 12:09:00.575,1.4698,1.47005,1.00,1.37
2015.10.14 12:09:01.335,1.46979,1.47005,1.00,1.37
2015.10.14 12:09:01.642,1.46976,1.47004,1.00,1.87
2015.10.14 12:09:03.299,1.46975,1.47003,1.00,1.75
2015.10.14 12:09:03.554,1.46967,1.46995,1.75,1.00
2015.10.14 12:09:03.656,1.46967,1.46993,1.00,1.00
2015.10.14 12:09:04.154,1.46969,1.46993,1.00,1.00
2015.10.14 12:09:04.460,1.46968,1.46994,1.00,1.75
2015.10.14 12:09:05.199,1.46966,1.46992,1.00,1.75
2015.10.14 12:09:05.740,1.46964,1.46992,1.00,1.75
2015.10.14 12:09:06.717,1.46967,1.46993,1.00,1.75
2015.10.14 12:09:06.769,1.46957,1.46985,1.12,1.00
2015.10.14 12:09:07.179,1.46954,1.46982,1.75,1.00
2015.10.14 12:09:07.486,1.46948,1.46975,1.00,1.75
2015.10.14 12:09:07.827,1.46948,1.46972,1.00,1.09
2015.10.14 12:09:08.051,1.46945,1.46972,1.00,1.09
2015.10.14 12:09:08.359,1.46943,1.46971,1.00,1.46
2015.10.14 12:09:08.462,1.46945,1.46971,1.00,1.46
2015.10.14 12:09:09.035,1.46945,1.46973,1.00,1.75
2015.10.14 12:09:09.385,1.46947,1.46972,1.00,1.50
2015.10.14 12:09:10.039,1.46948,1.46974,1.00,1.12
2015.10.14 12:09:10.310,1.46946,1.46974,1.00,2.25
2015.10.14 12:09:10.363,1.46945,1.46973,1.12,1.12
2015.10.14 12:09:10.881,1.46948,1.46974,1.00,1.50
2015.10.14 12:09:11.596,1.46947,1.46973,1.00,1.12
2015.10.14 12:09:12.424,1.46946,1.46972,1.00,1.00
2015.10.14 12:09:13.344,1.46945,1.46971,1.12,1.00
2015.10.14 12:09:14.222,1.46946,1.46974,1.00,1.50
2015.10.14 12:09:14.644,1.4695,1.46975,1.00,1.75
2015.10.14 12:09:14.955,1.46947,1.46975,1.00,2.25
2015.10.14 12:09:15.200,1.46949,1.46975,1.00,2.25
2015.10.14 12:09:15.302,1.46949,1.46975,1.00,1.50
2015.10.14 12:09:16.308,1.46952,1.46975,1.00,1.00
2015.10.14 12:09:16.644,1.46948,1.46975,1.50,1.00
2015.10.14 12:09:17.115,1.4695,1.46976,1.00,1.50
2015.10.14 12:09:17.647,1.46951,1.46977,1.00,2.25
2015.10.14 12:09:18.719,1.46949,1.46975,1.00,1.12
2015.10.14 12:09:19.391,1.46952,1.46977,1.00,1.75
2015.10.14 12:09:20.195,1.46952,1.46977,1.00,1.12
2015.10.14 12:09:20.348,1.46954,1.46977,1.37,1.00
2015.10.14 12:09:20.671,1.4696,1.46984,1.00,1.75
2015.10.14 12:09:20.977,1.4696,1.46984,1.00,1.00
2015.10.14 12:09:21.712,1.46962,1.46984,1.00,1.00
2015.10.14 12:09:23.295,1.46962,1.46986,1.00,1.00
2015.10.14 12:09:24.788,1.46963,1.46988,1.00,1.87
2015.10.14 12:09:25.323,1.46962,1.46987,1.00,1.37
2015.10.14 12:09:25.844,1.46963,1.46988,1.00,1.50
2015.10.14 12:09:26.353,1.46964,1.4699,1.00,1.75
2015.10.14 12:09:26.942,1.46965,1.46991,1.00,1.75
2015.10.14 12:09:27.472,1.46966,1.46992,1.00,2.25
2015.10.14 12:09:27.881,1.46967,1.46995,1.00,1.50
2015.10.14 12:09:27.933,1.46975,1.46999,1.00,1.75
2015.10.14 12:09:28.189,1.46979,1.47004,1.00,1.12
2015.10.14 12:09:29.162,1.4698,1.47006,1.00,1.75
2015.10.14 12:09:30.182,1.46981,1.47007,1.00,1.75
2015.10.14 12:09:31.478,1.46982,1.47008,1.00,2.25
2015.10.14 12:09:33.521,1.46987,1.47014,1.00,1.75
2015.10.14 12:09:33.573,1.46987,1.47014,1.37,1.00
2015.10.14 12:09:34.082,1.46989,1.47015,1.00,1.37
2015.10.14 12:09:34.592,1.46987,1.47015,1.50,1.37
2015.10.14 12:09:35.095,1.46987,1.47015,1.12,1.37
2015.10.14 12:09:35.975,1.46989,1.47013,1.00,1.00
2015.10.14 12:09:36.487,1.4699,1.47013,1.00,1.00
2015.10.14 12:09:36.804,1.46994,1.4702,1.00,2.25
2015.10.14 12:09:37.007,1.46995,1.47023,1.00,2.25
2015.10.14 12:09:37.601,1.46994,1.4702,1.00,1.50
2015.10.14 12:09:38.146,1.46995,1.47021,1.00,1.75
2015.10.14 12:09:38.502,1.46992,1.47018,1.00,1.00
2015.10.14 12:09:39.168,1.4699,1.47018,1.50,1.00
2015.10.14 12:09:39.678,1.46992,1.47018,1.00,1.00
2015.10.14 12:09:40.186,1.46991,1.47017,1.12,1.00
2015.10.14 12:09:41.322,1.46991,1.47017,1.00,1.50
2015.10.14 12:09:41.805,1.46993,1.47019,1.00,1.75
2015.10.14 12:09:42.169,1.46995,1.4702,1.00,1.75
2015.10.14 12:09:42.458,1.46992,1.4702,1.00,1.75
2015.10.14 12:09:42.948,1.46992,1.4702,1.00,1.12
2015.10.14 12:09:43.050,1.46995,1.4702,1.00,1.12
2015.10.14 12:09:43.356,1.46993,1.47019,1.00,1.00
2015.10.14 12:09:46.427,1.46992,1.47018,1.00,1.00
2015.10.14 12:09:46.529,1.4699,1.47016,1.12,1.00
2015.10.14 12:09:46.877,1.46994,1.47019,1.00,1.00
2015.10.14 12:09:47.182,1.46994,1.47019,1.00,1.75
2015.10.14 12:09:47.336,1.46997,1.47023,1.00,2.25
2015.10.14 12:09:47.675,1.46994,1.47019,1.00,1.00
2015.10.14 12:09:47.828,1.46994,1.47019,1.00,1.50
2015.10.14 12:09:47.879,1.46992,1.47018,1.00,1.37
2015.10.14 12:09:48.390,1.46993,1.47019,1.00,1.50
2015.10.14 12:09:50.186,1.46991,1.47019,1.00,1.50
2015.10.14 12:09:50.390,1.46987,1.47015,1.75,1.00
2015.10.14 12:09:50.713,1.46987,1.47013,1.75,1.00
2015.10.14 12:09:51.222,1.46988,1.47014,1.50,1.00
2015.10.14 12:09:52.181,1.46984,1.4701,1.75,1.00
2015.10.14 12:09:52.284,1.46986,1.47012,1.00,1.00
2015.10.14 12:09:52.541,1.46985,1.47011,1.00,1.75
2015.10.14 12:09:52.694,1.46987,1.47012,1.00,1.50
2015.10.14 12:09:52.797,1.4699,1.47012,1.00,1.00
2015.10.14 12:09:53.056,1.46992,1.47015,1.00,1.12
2015.10.14 12:09:53.576,1.46993,1.47017,1.00,1.75
2015.10.14 12:09:54.187,1.46992,1.47017,1.00,1.75
2015.10.14 12:09:54.730,1.46991,1.47017,1.00,1.75
2015.10.14 12:09:55.305,1.46991,1.47014,1.00,1.00
2015.10.14 12:09:57.231,1.46991,1.47017,1.00,1.87
2015.10.14 12:09:57.781,1.4699,1.47017,1.00,1.87
2015.10.14 12:09:58.360,1.46991,1.47017,1.00,2.62
2015.10.14 12:09:58.862,1.46992,1.47017,1.00,1.87
2015.10.14 12:09:59.727,1.46993,1.47017,1.00,1.87
2015.10.14 12:09:59.991,1.46993,1.47014,1.00,1.46
2015.10.14 12:10:00.093,1.46984,1.47008,1.00,1.00
2015.10.14 12:10:00.196,1.46984,1.4701,1.00,1.12
2015.10.14 12:10:00.298,1.46987,1.47013,1.00,1.00
2015.10.14 12:10:00.604,1.46983,1.47009,1.50,1.00
2015.10.14 12:10:00.961,1.46982,1.47007,1.00,1.00
2015.10.14 12:10:01.063,1.46982,1.4701,1.12,1.37
2015.10.14 12:10:01.573,1.46982,1.47008,1.00,1.00
2015.10.14 12:10:01.984,1.4698,1.47008,1.00,1.00
2015.10.14 12:10:02.087,1.46979,1.47005,1.50,1.00
2015.10.14 12:10:02.608,1.4698,1.47006,1.00,1.00
2015.10.14 12:10:03.279,1.46979,1.47005,1.50,1.00
2015.10.14 12:10:04.615,1.46979,1.47003,1.00,1.00
2015.10.14 12:10:05.136,1.46978,1.47003,1.12,1.00
2015.10.14 12:10:05.656,1.46977,1.47002,1.37,1.00
2015.10.14 12:10:11.237,1.46976,1.47001,1.50,1.00
2015.10.14 12:10:13.823,1.46977,1.47002,1.37,1.00
2015.10.14 12:10:14.227,1.46979,1.47007,1.37,1.87
2015.10.14 12:10:14.431,1.46979,1.47004,1.00,1.00
2015.10.14 12:10:14.938,1.46979,1.47003,1.00,1.00
2015.10.14 12:10:15.475,1.46979,1.47004,1.00,1.00
2015.10.14 12:10:18.515,1.46977,1.47004,1.75,1.00
2015.10.14 12:10:18.836,1.46977,1.47004,1.75,1.00
2015.10.14 12:10:23.273,1.46979,1.47005,1.75,1.00
2015.10.14 12:10:23.811,1.46977,1.47004,1.75,1.00
2015.10.14 12:10:24.711,1.46979,1.47005,1.75,1.00
2015.10.14 12:10:25.267,1.46978,1.47004,1.75,1.00
2015.10.14 12:10:25.715,1.46976,1.47001,2.25,1.00
2015.10.14 12:10:25.767,1.46975,1.47001,2.25,1.00
2015.10.14 12:10:25.818,1.46977,1.47001,1.00,1.00
2015.10.14 12:10:25.920,1.46975,1.47001,1.87,1.00
2015.10.14 12:10:26.074,1.46972,1.46997,1.50,1.00
2015.10.14 12:10:26.125,1.46971,1.46997,1.50,1.00
2015.10.14 12:10:26.177,1.46971,1.46994,1.00,1.00
2015.10.14 12:10:26.344,1.46964,1.46991,1.75,1.00
2015.10.14 12:10:26.396,1.46964,1.46988,1.75,1.00
2015.10.14 12:10:26.499,1.46962,1.46986,1.37,1.00
2015.10.14 12:10:26.806,1.46961,1.46982,1.37,1.00
2015.10.14 12:10:27.315,1.46954,1.46981,1.75,1.00
2015.10.14 12:10:28.007,1.46954,1.46979,2.25,1.00
2015.10.14 12:10:29.552,1.46954,1.46978,1.75,1.00
2015.10.14 12:10:29.654,1.46954,1.46974,1.37,1.00
2015.10.14 12:10:29.757,1.4695,1.46974,1.50,1.00
2015.10.14 12:10:29.808,1.4695,1.46972,1.12,1.00
2015.10.14 12:10:30.315,1.46948,1.4697,1.87,1.00
2015.10.14 12:10:31.706,1.46948,1.46969,1.87,1.00
2015.10.14 12:10:32.449,1.46948,1.46969,1.12,1.00
2015.10.14 12:10:32.744,1.46948,1.46971,1.12,1.00
2015.10.14 12:10:33.883,1.46948,1.46968,1.00,1.00
2015.10.14 12:10:34.197,1.46948,1.46971,1.00,1.00
2015.10.14 12:10:34.973,1.46948,1.4697,1.12,1.00
2015.10.14 12:10:35.639,1.46948,1.46969,1.12,1.00
2015.10.14 12:10:39.276,1.46948,1.46969,1.46,1.00
2015.10.14 12:10:39.586,1.46956,1.46982,1.00,1.37
2015.10.14 12:10:39.637,1.46956,1.46982,1.00,1.00
2015.10.14 12:10:39.688,1.46956,1.4698,1.00,1.00
2015.10.14 12:10:40.204,1.46956,1.46981,1.00,1.00
2015.10.14 12:10:40.526,1.46954,1.46979,1.50,1.00
2015.10.14 12:10:41.242,1.46953,1.46978,1.87,1.00
2015.10.14 12:10:41.881,1.46953,1.46979,1.12,1.00
2015.10.14 12:10:42.776,1.46951,1.46974,2.62,1.00
2015.10.14 12:10:42.981,1.46951,1.46974,1.00,1.00
2015.10.14 12:10:43.491,1.46947,1.46973,1.87,1.00
2015.10.14 12:10:43.691,1.46945,1.46971,1.12,1.00
2015.10.14 12:10:43.743,1.46943,1.46969,2.25,1.00
2015.10.14 12:10:44.051,1.46943,1.46966,1.75,1.00
2015.10.14 12:10:44.973,1.46943,1.46968,1.75,1.00
2015.10.14 12:10:45.859,1.46946,1.46969,1.37,1.00
2015.10.14 12:10:46.057,1.46946,1.46973,1.37,1.00
2015.10.14 12:10:46.109,1.46946,1.46973,1.37,1.00
2015.10.14 12:10:46.416,1.4695,1.46974,1.37,1.00
2015.10.14 12:10:46.722,1.46951,1.46976,1.37,1.00
2015.10.14 12:10:46.825,1.46951,1.46976,2.25,1.00
2015.10.14 12:10:48.838,1.46949,1.46975,2.62,1.00
2015.10.14 12:10:48.941,1.46947,1.46973,1.75,1.00
2015.10.14 12:10:49.044,1.46946,1.46969,1.00,1.00
2015.10.14 12:10:49.146,1.46943,1.46969,1.87,1.00
2015.10.14 12:10:49.350,1.46944,1.46972,1.12,1.12
2015.10.14 12:10:49.993,1.46943,1.46969,1.00,1.12
2015.10.14 12:10:50.893,1.46942,1.46968,1.12,1.00
2015.10.14 12:10:51.384,1.46945,1.46971,1.00,1.75
2015.10.14 12:10:51.435,1.46947,1.46973,1.00,1.12
2015.10.14 12:10:51.893,1.46949,1.46975,1.00,2.25
2015.10.14 12:10:53.634,1.46951,1.46978,1.00,1.75
2015.10.14 12:10:53.885,1.46953,1.46979,1.00,1.75
2015.10.14 12:10:54.082,1.46951,1.46979,1.50,1.75
2015.10.14 12:10:54.185,1.46954,1.4698,1.00,1.75
2015.10.14 12:10:54.441,1.46959,1.46987,1.00,1.75
2015.10.14 12:10:54.544,1.46951,1.46978,1.50,1.00
2015.10.14 12:10:54.646,1.46951,1.46977,1.00,1.75
2015.10.14 12:10:54.850,1.46949,1.46975,1.00,1.50
2015.10.14 12:10:55.541,1.46948,1.46974,1.00,1.12
2015.10.14 12:10:56.100,1.46946,1.46974,1.12,1.12
2015.10.14 12:10:56.151,1.46946,1.4697,1.00,1.00
2015.10.14 12:10:56.203,1.46944,1.46969,1.00,1.00
2015.10.14 12:10:56.965,1.46944,1.46969,1.00,1.75
2015.10.14 12:10:57.475,1.46945,1.4697,1.00,1.75
2015.10.14 12:10:57.956,1.46946,1.46971,1.00,1.75
2015.10.14 12:10:58.064,1.46944,1.46971,1.00,1.75
2015.10.14 12:10:59.482,1.46946,1.46971,1.00,1.75
2015.10.14 12:10:59.792,1.46947,1.46973,1.00,1.50
2015.10.14 12:10:59.945,1.4695,1.46976,1.00,1.75
2015.10.14 12:11:00.099,1.4695,1.46977,1.00,1.50
2015.10.14 12:11:00.650,1.46951,1.46977,1.00,1.50
2015.10.14 12:11:01.162,1.4695,1.46977,1.00,1.50
2015.10.14 12:11:01.469,1.46948,1.46974,1.50,1.00
2015.10.14 12:11:04.348,1.46946,1.46972,1.75,1.00
2015.10.14 12:11:06.197,1.46946,1.46974,1.12,1.50
2015.10.14 12:11:06.757,1.46946,1.46972,1.12,1.00
2015.10.14 12:11:07.539,1.46951,1.46975,1.00,1.75
2015.10.14 12:11:07.692,1.46951,1.46975,1.12,1.00
2015.10.14 12:11:07.743,1.46953,1.46975,1.00,1.00
2015.10.14 12:11:07.795,1.46953,1.46977,1.00,1.00
2015.10.14 12:11:08.602,1.46954,1.46977,1.00,1.00
2015.10.14 12:11:09.111,1.46952,1.46977,1.50,1.00
2015.10.14 12:11:09.744,1.4695,1.46976,1.75,1.00
2015.10.14 12:11:10.195,1.46949,1.46977,1.50,1.12
2015.10.14 12:11:10.703,1.46951,1.46977,1.00,1.12
2015.10.14 12:11:12.442,1.4695,1.46976,1.12,1.00
2015.10.14 12:11:13.769,1.46953,1.46978,1.00,1.50
2015.10.14 12:11:14.350,1.46954,1.46981,1.00,1.75
2015.10.14 12:11:14.633,1.46955,1.46982,1.00,1.37
2015.10.14 12:11:15.888,1.46954,1.46981,1.12,1.12
2015.10.14 12:11:16.411,1.46954,1.4698,1.12,1.00
2015.10.14 12:11:17.429,1.46956,1.4698,1.00,1.00
2015.10.14 12:11:17.634,1.46953,1.4698,1.37,1.00
2015.10.14 12:11:18.499,1.46951,1.46978,1.75,1.00
2015.10.14 12:11:18.657,1.46952,1.46979,1.00,1.37
2015.10.14 12:11:19.744,1.46953,1.46979,1.00,1.37
2015.10.14 12:11:19.949,1.46951,1.46978,1.12,1.12
2015.10.14 12:11:20.638,1.46951,1.46979,1.00,1.37
2015.10.14 12:11:20.945,1.46948,1.46976,1.00,1.00
2015.10.14 12:11:21.150,1.46948,1.46974,1.00,1.00
2015.10.14 12:11:21.903,1.46948,1.46976,1.00,1.50
2015.10.14 12:11:22.310,1.46947,1.46973,1.50,1.00
2015.10.14 12:11:22.822,1.46947,1.46974,1.00,1.00
2015.10.14 12:11:23.365,1.46947,1.46973,1.00,1.00
2015.10.14 12:11:23.819,1.46943,1.4697,1.00,1.87
2015.10.14 12:11:23.871,1.46941,1.4697,1.50,1.87
2015.10.14 12:11:23.922,1.46941,1.46968,1.50,1.00
2015.10.14 12:11:26.870,1.46941,1.46968,1.00,1.50
2015.10.14 12:11:27.452,1.4694,1.46966,1.00,1.12
2015.10.14 12:11:27.759,1.46934,1.46962,1.00,1.50
2015.10.14 12:11:28.082,1.46932,1.46958,1.87,1.12
2015.10.14 12:11:28.455,1.46931,1.46958,1.00,1.00
2015.10.14 12:11:31.471,1.46933,1.46958,1.00,1.00
2015.10.14 12:11:31.776,1.46935,1.46961,1.00,1.12
2015.10.14 12:11:32.493,1.46934,1.4696,1.12,1.00
2015.10.14 12:11:32.898,1.46936,1.46962,1.00,1.87
2015.10.14 12:11:33.053,1.46928,1.46957,1.37,1.12
2015.10.14 12:11:33.256,1.46931,1.46957,1.00,1.12
2015.10.14 12:11:33.836,1.46932,1.4696,1.00,1.75
2015.10.14 12:11:34.526,1.46934,1.46959,1.00,1.50
2015.10.14 12:11:35.031,1.46933,1.46961,1.00,1.75
2015.10.14 12:11:35.133,1.46931,1.4696,1.00,1.75
2015.10.14 12:11:35.235,1.46936,1.46963,1.00,2.25
2015.10.14 12:11:35.388,1.46938,1.46962,1.00,1.00
2015.10.14 12:11:35.440,1.4694,1.46965,1.00,1.37
2015.10.14 12:11:35.491,1.4694,1.46965,1.00,1.00
2015.10.14 12:11:36.018,1.4694,1.46969,1.00,2.25
2015.10.14 12:11:36.223,1.46943,1.46969,1.00,1.75
2015.10.14 12:11:36.276,1.46943,1.4697,1.50,1.00
2015.10.14 12:11:36.430,1.46939,1.46968,1.75,1.00
2015.10.14 12:11:36.584,1.46939,1.46968,1.12,1.75
2015.10.14 12:11:37.126,1.46939,1.46965,1.12,1.00
2015.10.14 12:11:37.653,1.46938,1.46966,1.00,1.75
2015.10.14 12:11:39.920,1.46937,1.46966,1.00,1.75
2015.10.14 12:11:40.283,1.46934,1.46963,1.00,1.75
2015.10.14 12:11:40.539,1.46937,1.46964,1.00,1.75
2015.10.14 12:11:40.846,1.46937,1.46964,1.00,1.50
2015.10.14 12:11:41.583,1.46938,1.46964,1.00,1.50
2015.10.14 12:11:41.736,1.46936,1.46962,1.12,1.00
2015.10.14 12:11:43.550,1.46936,1.46962,1.12,1.37
2015.10.14 12:11:43.601,1.46932,1.46959,1.00,1.00
2015.10.14 12:11:43.805,1.46931,1.46956,1.00,1.00
2015.10.14 12:11:44.141,1.46927,1.46953,1.37,1.00
2015.10.14 12:11:44.446,1.46931,1.46953,1.00,1.00
2015.10.14 12:11:44.498,1.46927,1.46956,1.37,1.75
2015.10.14 12:11:44.600,1.46932,1.46958,1.00,1.75
2015.10.14 12:11:44.804,1.46929,1.46957,1.12,1.50
2015.10.14 12:11:44.856,1.46929,1.46957,1.12,1.75
2015.10.14 12:11:45.374,1.46929,1.46957,1.00,1.75
2015.10.14 12:11:45.681,1.46926,1.46954,1.12,1.50
2015.10.14 12:11:46.573,1.46925,1.46951,1.00,1.00
2015.10.14 12:11:46.879,1.46917,1.46943,1.00,1.12
2015.10.14 12:11:47.393,1.46916,1.46942,1.00,1.00
2015.10.14 12:11:47.927,1.46916,1.46944,1.00,1.50
2015.10.14 12:11:48.652,1.46916,1.46944,1.00,1.75
2015.10.14 12:11:49.095,1.46919,1.4694,1.00,1.00
2015.10.14 12:11:49.198,1.46919,1.46943,1.00,1.00
2015.10.14 12:11:49.413,1.46922,1.46943,1.00,1.00
2015.10.14 12:11:49.617,1.46922,1.46948,1.00,1.75
2015.10.14 12:11:49.772,1.4692,1.46948,1.00,1.75
2015.10.14 12:11:50.079,1.46915,1.46944,2.25,1.00
2015.10.14 12:11:50.283,1.46921,1.46945,1.00,1.00
2015.10.14 12:11:50.612,1.46921,1.46945,1.00,1.12
2015.10.14 12:11:50.867,1.46919,1.46946,1.00,1.75
2015.10.14 12:11:50.920,1.46919,1.46945,1.00,1.00
2015.10.14 12:11:50.971,1.46916,1.46943,1.50,1.00
2015.10.14 12:11:51.381,1.46919,1.46945,1.00,1.00
2015.10.14 12:11:51.637,1.46921,1.46945,1.00,1.00
2015.10.14 12:11:52.139,1.46922,1.46945,1.00,1.00
2015.10.14 12:11:52.748,1.4692,1.46945,1.00,1.00
2015.10.14 12:11:53.014,1.46917,1.46945,1.37,1.12
2015.10.14 12:11:54.241,1.46921,1.46947,1.00,1.50
2015.10.14 12:11:54.602,1.46923,1.46949,1.00,1.50
2015.10.14 12:11:55.112,1.46924,1.46949,1.00,1.00
2015.10.14 12:11:55.165,1.46927,1.46952,1.00,1.50
2015.10.14 12:11:55.216,1.46927,1.46952,1.00,1.50
2015.10.14 12:11:55.638,1.46929,1.46952,1.00,1.50
2015.10.14 12:11:57.109,1.46927,1.46955,1.00,1.75
2015.10.14 12:11:57.665,1.46928,1.46956,1.00,2.62
2015.10.14 12:11:58.474,1.46929,1.46954,1.00,1.75
2015.10.14 12:11:59.480,1.46924,1.4695,1.00,1.37
2015.10.14 12:11:59.734,1.46922,1.46946,1.00,1.00
2015.10.14 12:12:00.255,1.46921,1.46946,1.00,1.00
2015.10.14 12:12:00.584,1.46925,1.46946,1.00,1.00
2015.10.14 12:12:03.439,1.46924,1.46946,1.00,1.00
2015.10.14 12:12:03.964,1.46922,1.46946,1.00,1.00
2015.10.14 12:12:05.142,1.46925,1.46946,1.00,1.00
2015.10.14 12:12:05.194,1.46921,1.46946,1.00,1.00
2015.10.14 12:12:05.700,1.4692,1.46946,1.00,1.00
2015.10.14 12:12:06.756,1.46921,1.46946,1.00,1.00
2015.10.14 12:12:08.911,1.4692,1.46946,1.00,1.00
2015.10.14 12:12:13.156,1.4692,1.46947,1.50,1.00
2015.10.14 12:12:18.839,1.4692,1.46948,1.00,1.00
2015.10.14 12:12:19.593,1.4692,1.46946,1.50,1.00
2015.10.14 12:12:20.044,1.46918,1.46944,1.00,1.12
2015.10.14 12:12:24.676,1.46918,1.46946,1.00,1.75
2015.10.14 12:12:24.728,1.46916,1.46942,1.00,1.75
2015.10.14 12:12:24.984,1.46918,1.46945,1.00,1.75
2015.10.14 12:12:25.188,1.46919,1.46946,1.00,1.75
2015.10.14 12:12:26.103,1.46918,1.46944,1.00,1.12
2015.10.14 12:12:29.611,1.46916,1.46942,1.00,1.00
2015.10.14 12:12:29.967,1.46916,1.46944,1.00,1.12
2015.10.14 12:12:30.171,1.46918,1.46944,1.00,1.12
2015.10.14 12:12:30.837,1.4692,1.46944,1.00,1.12
2015.10.14 12:12:30.939,1.46918,1.46945,1.12,1.50
2015.10.14 12:12:31.450,1.46919,1.46946,1.12,1.37
2015.10.14 12:12:31.867,1.46917,1.46945,1.12,1.87
2015.10.14 12:12:35.752,1.46923,1.46951,1.37,3.00
2015.10.14 12:12:35.953,1.4693,1.46952,1.00,1.00
2015.10.14 12:12:36.309,1.46931,1.46958,1.12,2.25
2015.10.14 12:12:36.462,1.46931,1.46958,1.12,1.12
2015.10.14 12:12:38.630,1.46933,1.4696,1.00,2.25
2015.10.14 12:12:39.154,1.46932,1.4696,1.00,1.50
2015.10.14 12:12:39.947,1.46931,1.4696,1.12,2.62
2015.10.14 12:12:40.325,1.46933,1.46959,1.00,1.50
2015.10.14 12:12:42.172,1.46932,1.46959,1.00,1.37
2015.10.14 12:12:42.688,1.46933,1.46961,1.00,1.75
2015.10.14 12:12:45.445,1.46931,1.4696,1.12,1.50
2015.10.14 12:12:45.808,1.46933,1.4696,1.12,1.00
2015.10.14 12:12:46.353,1.46932,1.46959,1.37,1.00
2015.10.14 12:12:46.889,1.46932,1.46961,1.37,1.12
2015.10.14 12:12:46.992,1.46931,1.46958,1.50,1.00
2015.10.14 12:12:47.451,1.46933,1.4696,1.12,1.50
2015.10.14 12:12:47.961,1.46931,1.46958,1.50,1.00
2015.10.14 12:12:49.706,1.46931,1.46958,1.75,1.00
2015.10.14 12:12:50.038,1.4693,1.46959,2.25,1.00
2015.10.14 12:12:50.090,1.46935,1.46963,1.50,1.00
2015.10.14 12:12:50.297,1.46936,1.46965,1.00,1.50
2015.10.14 12:12:50.654,1.46936,1.46965,1.75,1.00
2015.10.14 12:12:50.960,1.46935,1.46962,1.37,1.00
2015.10.14 12:12:51.480,1.46937,1.46964,1.00,1.75
2015.10.14 12:12:52.028,1.46936,1.46963,1.12,1.37
2015.10.14 12:12:52.080,1.46938,1.46965,1.00,1.37
2015.10.14 12:12:52.565,1.46936,1.46964,1.12,1.12
2015.10.14 12:12:52.617,1.46934,1.46961,1.50,1.00
2015.10.14 12:12:52.922,1.46934,1.46961,1.50,1.12
2015.10.14 12:12:53.463,1.46932,1.4696,2.25,1.00
2015.10.14 12:12:54.047,1.46932,1.46961,2.25,1.12
2015.10.14 12:12:54.714,1.46932,1.4696,2.25,1.00
2015.10.14 12:12:55.285,1.46932,1.46961,2.25,1.12
2015.10.14 12:12:56.017,1.46939,1.46966,1.00,1.75
2015.10.14 12:12:56.120,1.46941,1.4697,1.12,1.75
2015.10.14 12:12:56.222,1.46941,1.4697,1.37,1.37
2015.10.14 12:12:56.324,1.46945,1.46971,1.00,1.87
2015.10.14 12:12:57.129,1.46944,1.46972,1.12,1.50
2015.10.14 12:12:57.682,1.46943,1.46972,1.00,1.75
2015.10.14 12:12:57.895,1.46941,1.46968,1.12,1.12
2015.10.14 12:12:58.404,1.4694,1.46967,1.50,1.00
2015.10.14 12:12:58.456,1.46938,1.46966,1.50,1.37
2015.10.14 12:12:58.665,1.46936,1.46965,2.25,1.12
2015.10.14 12:12:58.974,1.46935,1.46962,1.37,1.12
2015.10.14 12:12:59.026,1.46935,1.46962,1.00,1.12
2015.10.14 12:12:59.535,1.46934,1.46963,1.12,1.50
2015.10.14 12:12:59.637,1.46937,1.46964,1.00,1.75
2015.10.14 12:13:00.111,1.46937,1.46965,1.00,1.00
2015.10.14 12:13:00.628,1.46936,1.46965,1.00,1.00
2015.10.14 12:13:01.286,1.46934,1.46961,1.00,1.00
2015.10.14 12:13:01.966,1.46934,1.46962,1.00,1.00
2015.10.14 12:13:02.723,1.46932,1.46962,1.00,1.00
2015.10.14 12:13:02.877,1.46932,1.4696,1.00,1.00
2015.10.14 12:13:04.240,1.46932,1.46959,1.00,1.00
2015.10.14 12:13:04.759,1.4693,1.46959,1.00,1.00
2015.10.14 12:13:05.144,1.46932,1.46959,1.00,1.00
2015.10.14 12:13:05.246,1.46932,1.46962,1.00,1.00
2015.10.14 12:13:05.359,1.46934,1.46961,1.00,1.00
2015.10.14 12:13:05.461,1.46932,1.46961,1.00,1.50
2015.10.14 12:13:06.108,1.46931,1.4696,1.00,1.00
2015.10.14 12:13:06.483,1.4693,1.46957,1.00,1.00
2015.10.14 12:13:06.789,1.46927,1.46955,1.00,1.00
2015.10.14 12:13:07.031,1.46923,1.46952,1.00,1.00
2015.10.14 12:13:07.235,1.4692,1.4695,1.87,1.00
2015.10.14 12:13:07.743,1.4692,1.46949,1.50,1.50
2015.10.14 12:13:07.795,1.4692,1.46947,1.00,1.00
2015.10.14 12:13:08.353,1.4692,1.46946,1.00,1.00
2015.10.14 12:13:08.862,1.4692,1.46945,1.00,1.00
2015.10.14 12:13:09.556,1.46914,1.46938,1.75,1.00
2015.10.14 12:13:09.812,1.46912,1.46937,1.00,1.00
2015.10.14 12:13:15.945,1.46912,1.46938,1.00,1.00
2015.10.14 12:13:16.507,1.46911,1.46938,1.75,1.00
2015.10.14 12:13:16.763,1.46918,1.46941,1.00,1.00
2015.10.14 12:13:17.306,1.46915,1.46942,1.75,1.00
2015.10.14 12:13:17.357,1.46912,1.46942,1.75,1.00
2015.10.14 12:13:17.556,1.46912,1.46939,1.75,1.00
2015.10.14 12:13:18.233,1.4691,1.46938,1.75,1.00
2015.10.14 12:13:18.462,1.46909,1.46936,1.75,1.00
2015.10.14 12:13:18.719,1.46908,1.46935,1.12,1.00
2015.10.14 12:13:18.980,1.46908,1.46933,1.12,1.00
2015.10.14 12:13:19.522,1.46908,1.46934,1.00,1.00
2015.10.14 12:13:19.833,1.46905,1.46931,1.12,1.00
2015.10.14 12:13:20.266,1.46905,1.46933,1.87,1.00
2015.10.14 12:13:20.420,1.46907,1.46934,1.00,1.00
2015.10.14 12:13:20.725,1.46912,1.46936,1.00,1.00
2015.10.14 12:13:20.776,1.46912,1.4694,1.00,1.37
2015.10.14 12:13:20.930,1.46913,1.46943,1.50,2.25
2015.10.14 12:13:21.032,1.46916,1.46943,1.00,1.00
2015.10.14 12:13:21.084,1.46914,1.46944,1.12,1.12
2015.10.14 12:13:21.512,1.46915,1.46942,1.00,1.00
2015.10.14 12:13:22.030,1.46914,1.46943,1.12,1.00
2015.10.14 12:13:22.335,1.46919,1.46943,1.00,1.00
2015.10.14 12:13:22.527,1.46922,1.46949,1.12,1.87
2015.10.14 12:13:22.680,1.46923,1.46951,1.00,2.25
2015.10.14 12:13:22.833,1.46922,1.46949,1.00,1.00
2015.10.14 12:13:23.494,1.46922,1.46948,1.00,1.00
2015.10.14 12:13:24.901,1.46922,1.46947,1.00,1.00
2015.10.14 12:13:25.061,1.46917,1.46945,1.37,1.00
2015.10.14 12:13:25.500,1.46912,1.46939,1.75,1.00
2015.10.14 12:13:25.552,1.46913,1.46939,1.00,1.00
2015.10.14 12:13:25.604,1.46913,1.46936,1.00,1.00
2015.10.14 12:13:25.757,1.46908,1.46935,1.50,1.12
2015.10.14 12:13:26.010,1.46906,1.46934,1.87,1.37
2015.10.14 12:13:26.062,1.46904,1.46932,1.00,1.00
2015.10.14 12:13:26.470,1.46901,1.46928,1.00,1.00
2015.10.14 12:13:27.088,1.46901,1.46929,1.00,1.00
2015.10.14 12:13:27.682,1.46901,1.46928,1.50,1.00
2015.10.14 12:13:28.044,1.46903,1.46931,1.00,1.00
2015.10.14 12:13:28.559,1.46904,1.46931,1.00,1.00
2015.10.14 12:13:28.815,1.46904,1.46933,1.00,1.00
2015.10.14 12:13:28.918,1.46904,1.46931,1.00,1.00
2015.10.14 12:13:29.582,1.46903,1.4693,1.00,1.00
2015.10.14 12:13:29.776,1.46901,1.46931,1.00,1.00
2015.10.14 12:13:31.235,1.469,1.46929,1.50,1.00
2015.10.14 12:13:31.440,1.46901,1.46931,1.00,1.00
2015.10.14 12:13:31.542,1.46902,1.46929,1.00,1.00
2015.10.14 12:13:32.055,1.46901,1.4693,1.00,1.00
2015.10.14 12:13:32.566,1.46902,1.4693,1.12,1.00
2015.10.14 12:13:33.229,1.46901,1.46931,1.37,1.00
2015.10.14 12:13:34.618,1.46898,1.46927,2.25,1.00
2015.10.14 12:13:34.924,1.46898,1.46925,2.25,1.00
2015.10.14 12:13:35.333,1.46898,1.46925,2.25,1.00
2015.10.14 12:13:36.267,1.46899,1.46926,1.50,1.00
2015.10.14 12:13:36.780,1.46899,1.46927,1.50,1.00
2015.10.14 12:13:37.135,1.46898,1.46925,1.75,1.00
2015.10.14 12:13:37.660,1.46898,1.46926,1.75,1.00
2015.10.14 12:13:38.186,1.46899,1.46927,1.50,1.00
2015.10.14 12:13:38.238,1.469,1.46929,1.12,1.00
2015.10.14 12:13:39.045,1.46901,1.4693,1.00,1.00
2015.10.14 12:13:39.351,1.46903,1.46931,1.00,1.00
2015.10.14 12:13:39.894,1.46902,1.46931,1.00,1.00
2015.10.14 12:13:40.415,1.46903,1.46932,1.00,1.00
2015.10.14 12:13:41.166,1.46903,1.4693,1.00,1.00
2015.10.14 12:13:41.269,1.46901,1.4693,1.87,1.00
2015.10.14 12:13:41.475,1.46901,1.46928,1.00,1.00
2015.10.14 12:13:41.813,1.46899,1.46926,1.87,1.00
2015.10.14 12:13:41.864,1.46899,1.46926,1.87,1.00
2015.10.14 12:13:42.373,1.46899,1.46919,1.12,1.00
2015.10.14 12:13:42.580,1.46891,1.46915,1.75,1.00
2015.10.14 12:13:43.053,1.46889,1.46915,1.12,1.00
2015.10.14 12:13:43.155,1.46887,1.46913,1.75,1.00
2015.10.14 12:13:46.464,1.46887,1.46911,1.75,1.00
2015.10.14 12:13:46.875,1.46887,1.46914,1.75,1.00
2015.10.14 12:13:47.234,1.46889,1.46916,1.75,1.00
2015.10.14 12:13:47.542,1.46894,1.46924,1.00,1.75
2015.10.14 12:13:47.695,1.46896,1.46925,2.25,1.00
2015.10.14 12:13:48.229,1.46899,1.46926,1.12,1.12
2015.10.14 12:13:49.653,1.46898,1.46925,2.25,1.00
2015.10.14 12:13:50.715,1.46898,1.46924,1.50,1.00
2015.10.14 12:13:51.225,1.46896,1.46923,1.75,1.00
2015.10.14 12:13:51.814,1.46895,1.46923,1.50,1.00
2015.10.14 12:13:52.184,1.46895,1.46921,1.00,1.00
2015.10.14 12:13:52.287,1.46893,1.46921,1.50,1.50
2015.10.14 12:13:53.934,1.46893,1.46919,1.00,1.00
2015.10.14 12:13:54.477,1.46893,1.4692,1.12,1.12
2015.10.14 12:13:54.782,1.46891,1.46918,1.12,1.00
2015.10.14 12:13:55.040,1.46892,1.4692,1.37,1.12
2015.10.14 12:13:55.703,1.46894,1.46923,1.00,1.75
2015.10.14 12:13:55.972,1.46895,1.46923,1.37,1.12
2015.10.14 12:13:59.852,1.46895,1.46921,1.37,1.00
2015.10.14 12:14:00.234,1.46892,1.46918,1.87,1.00
2015.10.14 12:14:00.389,1.46892,1.46918,1.00,1.50
2015.10.14 12:14:01.515,1.4689,1.46915,1.37,1.00
2015.10.14 12:14:02.385,1.46888,1.46914,1.12,1.00
2015.10.14 12:14:02.894,1.46891,1.46913,1.00,1.00
2015.10.14 12:14:02.945,1.46891,1.46916,1.00,1.00
2015.10.14 12:14:03.404,1.46891,1.46914,1.00,1.00
2015.10.14 12:14:03.609,1.46891,1.46916,1.00,1.00
2015.10.14 12:14:04.021,1.46891,1.46918,1.50,1.00
2015.10.14 12:14:04.175,1.46891,1.46919,2.62,1.00
2015.10.14 12:14:04.482,1.46895,1.46923,1.87,1.37
2015.10.14 12:14:04.534,1.46895,1.46923,2.25,1.12
2015.10.14 12:14:04.589,1.46897,1.46925,1.00,2.25
2015.10.14 12:14:04.691,1.469,1.46927,1.00,1.50
2015.10.14 12:14:04.742,1.46898,1.46927,1.37,1.12
2015.10.14 12:14:05.257,1.46901,1.46926,1.75,1.00
2015.10.14 12:14:07.514,1.46901,1.46925,1.75,1.00
2015.10.14 12:14:08.017,1.46901,1.46924,1.75,1.00
2015.10.14 12:14:08.425,1.46897,1.46924,1.37,1.00
2015.10.14 12:14:09.991,1.46897,1.46923,1.37,1.00
2015.10.14 12:14:10.524,1.46897,1.46923,1.12,1.00
2015.10.14 12:14:10.830,1.46896,1.46922,1.87,1.00
2015.10.14 12:14:11.489,1.46896,1.46921,1.75,1.00
2015.10.14 12:14:12.290,1.46896,1.46922,1.75,1.00
2015.10.14 12:14:12.792,1.46896,1.46921,1.12,1.00
2015.10.14 12:14:13.305,1.46896,1.46922,1.12,1.00
2015.10.14 12:14:13.837,1.46895,1.46921,3.37,1.00
2015.10.14 12:14:14.661,1.46898,1.46921,1.00,1.00
2015.10.14 12:14:14.911,1.46898,1.46919,1.00,1.00
2015.10.14 12:14:15.422,1.469,1.46919,1.00,1.00
2015.10.14 12:14:15.678,1.46894,1.46917,1.37,1.00
2015.10.14 12:14:15.883,1.46889,1.46916,1.12,1.00
2015.10.14 12:14:15.934,1.46889,1.46914,1.12,1.00
2015.10.14 12:14:16.240,1.46889,1.46912,1.12,1.00
2015.10.14 12:14:16.702,1.46891,1.4691,1.00,1.00
2015.10.14 12:14:18.336,1.46888,1.46911,1.75,1.00
2015.10.14 12:14:20.991,1.46889,1.46909,1.12,1.00
2015.10.14 12:14:21.941,1.46886,1.46909,1.12,1.00
2015.10.14 12:14:22.182,1.46886,1.46912,2.62,1.00
2015.10.14 12:14:22.284,1.46891,1.4691,1.00,1.00
2015.10.14 12:14:22.643,1.46891,1.46912,1.50,1.00
2015.10.14 12:14:23.508,1.46891,1.46911,1.00,1.00
2015.10.14 12:14:24.083,1.46891,1.46909,1.00,1.00
2015.10.14 12:14:24.391,1.46891,1.46911,1.50,1.00
2015.10.14 12:14:24.699,1.46891,1.46909,1.50,1.00
2015.10.14 12:14:25.286,1.46891,1.46911,1.00,1.00
2015.10.14 12:14:25.929,1.46891,1.46909,1.00,1.00
2015.10.14 12:14:26.569,1.46891,1.46911,1.00,1.00
2015.10.14 12:14:28.681,1.46891,1.46909,1.00,1.00
2015.10.14 12:14:28.783,1.46891,1.46912,1.00,1.00
2015.10.14 12:14:30.912,1.4689,1.46915,1.12,1.00
2015.10.14 12:14:31.423,1.46891,1.46914,1.12,1.00
2015.10.14 12:14:31.679,1.4689,1.46915,1.87,1.00
2015.10.14 12:14:32.039,1.4689,1.46914,1.87,1.00
2015.10.14 12:14:32.091,1.4689,1.46912,1.87,1.00
2015.10.14 12:14:32.612,1.4689,1.46911,1.12,1.00
2015.10.14 12:14:33.199,1.4689,1.46914,1.12,1.12
2015.10.14 12:14:33.353,1.46896,1.46914,1.00,1.12
2015.10.14 12:14:33.406,1.46896,1.46917,1.00,1.00
2015.10.14 12:14:33.674,1.46891,1.46916,1.37,1.00
2015.10.14 12:14:34.738,1.46896,1.46914,1.00,1.00
2015.10.14 12:14:34.842,1.46896,1.46917,1.50,1.00
2015.10.14 12:14:35.364,1.46896,1.46916,1.00,1.00
2015.10.14 12:14:35.519,1.46896,1.46914,1.00,1.00
2015.10.14 12:14:35.834,1.46896,1.46912,1.00,1.00
2015.10.14 12:14:36.496,1.46896,1.46911,1.00,1.00
2015.10.14 12:14:36.904,1.46888,1.4691,1.12,1.00
2015.10.14 12:14:37.661,1.46887,1.4691,1.12,1.12
2015.10.14 12:14:37.712,1.46887,1.4691,1.37,1.12
2015.10.14 12:14:38.019,1.46887,1.46906,1.37,1.00
2015.10.14 12:14:38.531,1.4688,1.46907,1.50,1.00
2015.10.14 12:14:38.633,1.4688,1.46907,1.50,1.00
2015.10.14 12:14:39.163,1.46882,1.46908,1.37,1.50
2015.10.14 12:14:39.623,1.46884,1.4691,1.50,1.00
2015.10.14 12:14:39.776,1.46887,1.46914,1.00,1.75
2015.10.14 12:14:39.828,1.46887,1.46914,1.12,1.00
2015.10.14 12:14:40.044,1.46887,1.46915,3.00,1.00
2015.10.14 12:14:40.101,1.46892,1.4692,1.75,1.12
2015.10.14 12:14:40.464,1.46896,1.46921,1.00,1.00
2015.10.14 12:14:40.566,1.46894,1.4692,1.12,1.00
2015.10.14 12:14:41.380,1.46895,1.46921,1.00,1.00
2015.10.14 12:14:41.918,1.46894,1.46921,1.12,1.00
2015.10.14 12:14:42.694,1.46896,1.46921,1.00,1.37
2015.10.14 12:14:42.753,1.46897,1.46922,1.00,1.00
2015.10.14 12:14:43.010,1.46898,1.46924,1.00,2.25
2015.10.14 12:14:44.205,1.46898,1.46926,1.37,1.87
2015.10.14 12:14:44.409,1.46898,1.46926,1.75,1.50
2015.10.14 12:14:45.301,1.46898,1.46924,1.75,1.00
2015.10.14 12:14:45.506,1.46898,1.46926,1.75,1.00
2015.10.14 12:14:45.608,1.46898,1.46924,1.75,1.00
2015.10.14 12:14:46.040,1.46896,1.46922,1.75,1.00
2015.10.14 12:14:46.561,1.46895,1.46921,2.25,1.00
2015.10.14 12:14:47.579,1.46895,1.4692,1.75,1.00
2015.10.14 12:14:48.409,1.46893,1.46921,1.75,1.00
2015.10.14 12:14:48.902,1.46897,1.46923,1.50,1.00
2015.10.14 12:14:49.159,1.46897,1.46925,1.50,1.00
2015.10.14 12:14:49.806,1.46896,1.46923,1.75,1.00
2015.10.14 12:14:50.219,1.46901,1.46923,1.00,1.00
2015.10.14 12:14:50.322,1.46898,1.46923,1.37,1.00
2015.10.14 12:14:50.684,1.469,1.46928,1.00,1.50
2015.10.14 12:14:50.889,1.46903,1.46928,1.12,1.00
2015.10.14 12:14:51.195,1.46903,1.46928,1.50,1.00
2015.10.14 12:14:51.246,1.46907,1.46933,1.00,1.12
2015.10.14 12:14:51.349,1.46909,1.46936,1.75,1.00
2015.10.14 12:14:51.981,1.46909,1.46934,1.37,1.00
2015.10.14 12:14:52.032,1.46909,1.46934,1.12,1.00
2015.10.14 12:14:52.421,1.46909,1.46936,1.12,1.12
2015.10.14 12:14:52.675,1.46907,1.46933,2.25,1.00
2015.10.14 12:14:52.981,1.46912,1.46933,1.00,1.00
2015.10.14 12:14:53.529,1.46912,1.46934,1.00,1.00
2015.10.14 12:14:54.183,1.46913,1.46939,1.00,1.00
2015.10.14 12:14:54.364,1.46915,1.46941,1.00,1.00
2015.10.14 12:14:54.417,1.46915,1.46943,1.12,1.00
2015.10.14 12:14:54.631,1.46914,1.4694,1.50,1.00
2015.10.14 12:14:54.886,1.46917,1.46943,1.00,1.00
2015.10.14 12:14:55.439,1.46916,1.46942,1.00,1.00
2015.10.14 12:14:56.076,1.46917,1.46943,1.00,1.00
2015.10.14 12:14:56.178,1.46914,1.46941,1.75,1.00
2015.10.14 12:14:56.446,1.46912,1.46936,1.00,1.00
2015.10.14 12:14:56.497,1.46912,1.46933,1.00,1.00
2015.10.14 12:14:56.549,1.46909,1.46933,1.00,1.00
2015.10.14 12:14:56.753,1.46915,1.46939,1.00,1.00
2015.10.14 12:14:56.856,1.46916,1.46942,1.00,1.12
2015.10.14 12:14:57.162,1.46917,1.46946,1.75,1.00
2015.10.14 12:14:57.575,1.46924,1.46951,1.00,1.50
2015.10.14 12:14:57.677,1.46922,1.46949,1.00,1.00
2015.10.14 12:14:58.085,1.46924,1.46951,1.75,1.00
2015.10.14 12:14:58.189,1.46927,1.46954,1.50,1.50
2015.10.14 12:14:58.240,1.46931,1.46954,1.00,1.00
2015.10.14 12:14:58.556,1.46935,1.46961,1.75,1.00
2015.10.14 12:14:58.710,1.46934,1.46963,1.75,1.00
2015.10.14 12:14:58.763,1.46932,1.46961,2.25,1.00
2015.10.14 12:14:59.396,1.46933,1.4696,1.75,1.00
2015.10.14 12:14:59.450,1.46933,1.4696,1.50,1.00
2015.10.14 12:14:59.975,1.46933,1.46958,1.50,1.00
2015.10.14 12:15:00.482,1.46936,1.46958,1.00,1.00
2015.10.14 12:15:00.533,1.46938,1.46964,1.00,1.00
2015.10.14 12:15:00.737,1.46934,1.46961,1.50,1.00
2015.10.14 12:15:01.285,1.46935,1.46964,1.00,1.50
2015.10.14 12:15:01.505,1.46936,1.46961,1.00,1.00
2015.10.14 12:15:01.824,1.46934,1.46961,1.50,1.00
2015.10.14 12:15:01.877,1.46936,1.46961,1.00,1.00
2015.10.14 12:15:02.183,1.46938,1.46963,1.00,1.00
2015.10.14 12:15:02.728,1.46938,1.46961,1.00,1.00
2015.10.14 12:15:03.057,1.46938,1.46956,1.00,1.00
2015.10.14 12:15:04.088,1.4693,1.46956,1.12,1.00
2015.10.14 12:15:04.500,1.46933,1.46962,1.00,1.50
2015.10.14 12:15:04.552,1.46935,1.46962,1.00,1.50
2015.10.14 12:15:04.861,1.46942,1.46969,2.25,1.00
2015.10.14 12:15:04.912,1.46942,1.46971,2.25,1.12
2015.10.14 12:15:05.113,1.46943,1.46969,1.37,1.00
2015.10.14 12:15:05.624,1.46943,1.4697,1.37,1.00
2015.10.14 12:15:05.983,1.46943,1.4697,1.87,1.00
2015.10.14 12:15:06.306,1.46943,1.46968,1.12,1.00
2015.10.14 12:15:06.811,1.46943,1.46969,1.12,1.00
2015.10.14 12:15:07.116,1.46946,1.46963,1.50,1.00
2015.10.14 12:15:07.168,1.46941,1.46963,1.75,1.00
2015.10.14 12:15:07.434,1.46941,1.46962,1.00,1.00
2015.10.14 12:15:07.761,1.4694,1.46959,1.50,1.00
2015.10.14 12:15:08.322,1.4694,1.46961,1.00,1.00
2015.10.14 12:15:08.687,1.4694,1.46959,1.12,1.00
2015.10.14 12:15:08.870,1.4694,1.46961,1.12,1.00
2015.10.14 12:15:09.851,1.4694,1.46959,1.00,1.00
2015.10.14 12:15:10.240,1.46936,1.46959,1.37,1.00
2015.10.14 12:15:10.741,1.46936,1.4696,1.37,1.00
2015.10.14 12:15:10.855,1.46936,1.46958,1.37,1.00
2015.10.14 12:15:11.360,1.46936,1.46957,1.37,1.00
2015.10.14 12:15:11.734,1.46933,1.46952,1.75,1.00
2015.10.14 12:15:11.888,1.46928,1.46951,1.50,1.00
2015.10.14 12:15:12.251,1.46928,1.46949,1.50,1.00
2015.10.14 12:15:13.449,1.46928,1.4695,1.50,1.00
2015.10.14 12:15:13.961,1.4693,1.46949,1.00,1.00
2015.10.14 12:15:14.268,1.4693,1.46939,1.00,1.00
2015.10.14 12:15:14.661,1.4693,1.46941,1.00,1.00
2015.10.14 12:15:14.713,1.4693,1.46944,1.00,1.00
2015.10.14 12:15:14.815,1.4693,1.46946,1.00,1.00
2015.10.14 12:15:15.020,1.4693,1.46944,1.00,1.00
2015.10.14 12:15:15.071,1.4692,1.46944,1.37,1.00
2015.10.14 12:15:15.481,1.4692,1.46942,1.37,1.00
2015.10.14 12:15:15.732,1.4692,1.46946,1.87,1.00
2015.10.14 12:15:16.089,1.46926,1.46946,1.00,1.00
2015.10.14 12:15:16.192,1.46921,1.46946,1.75,1.00
2015.10.14 12:15:16.518,1.46926,1.46946,1.00,1.00
2015.10.14 12:15:16.672,1.46926,1.46949,1.00,1.00
2015.10.14 12:15:17.273,1.46926,1.46948,1.00,1.00
2015.10.14 12:15:17.815,1.46926,1.46947,1.00,1.00
2015.10.14 12:15:18.317,1.46926,1.46945,1.00,1.00
2015.10.14 12:15:18.629,1.4692,1.46946,3.75,1.00
2015.10.14 12:15:18.783,1.4692,1.46944,3.00,1.00
2015.10.14 12:15:18.885,1.46921,1.46947,2.25,1.00
2015.10.14 12:15:19.193,1.46926,1.46948,1.00,1.00
2015.10.14 12:15:19.245,1.46926,1.46951,1.00,1.00
2015.10.14 12:15:19.450,1.46923,1.46949,1.00,1.00
2015.10.14 12:15:19.553,1.46923,1.46946,1.00,1.00
2015.10.14 12:15:20.226,1.46923,1.46945,1.00,1.00
2015.10.14 12:15:20.560,1.4692,1.46943,1.12,1.00
2015.10.14 12:15:20.628,1.4692,1.4694,1.12,1.00
2015.10.14 12:15:20.990,1.4692,1.46938,1.00,1.00
2015.10.14 12:15:21.432,1.46918,1.46936,1.12,1.00
2015.10.14 12:15:21.588,1.46915,1.46936,1.75,1.00
2015.10.14 12:15:23.051,1.46915,1.46935,1.75,1.00
2015.10.14 12:15:23.103,1.46921,1.46935,1.00,1.00
2015.10.14 12:15:23.206,1.4692,1.46937,1.00,1.00
2015.10.14 12:15:23.309,1.4692,1.46939,1.00,1.00
2015.10.14 12:15:23.514,1.46915,1.46936,1.75,1.00
2015.10.14 12:15:23.828,1.46916,1.46935,1.00,1.00
2015.10.14 12:15:23.931,1.46914,1.46934,1.12,1.00
2015.10.14 12:15:23.982,1.46916,1.46934,1.00,1.00
2015.10.14 12:15:24.302,1.46914,1.46932,1.00,1.00
2015.10.14 12:15:24.354,1.46911,1.46932,1.00,1.00
2015.10.14 12:15:24.812,1.46911,1.46929,1.00,1.00
2015.10.14 12:15:25.008,1.46911,1.46934,1.00,1.00
2015.10.14 12:15:25.059,1.46911,1.46939,1.50,1.00
2015.10.14 12:15:25.111,1.46911,1.46939,1.75,1.00
2015.10.14 12:15:25.622,1.46913,1.4694,1.50,1.00
2015.10.14 12:15:26.253,1.46914,1.46939,1.12,1.00
2015.10.14 12:15:27.225,1.46914,1.46939,1.75,1.00
2015.10.14 12:15:27.481,1.46916,1.46941,1.75,1.00
2015.10.14 12:15:27.707,1.46916,1.46944,2.25,1.00
2015.10.14 12:15:28.209,1.46919,1.46945,1.00,1.12
2015.10.14 12:15:30.131,1.46919,1.46943,1.00,1.00
2015.10.14 12:15:30.434,1.46917,1.46943,1.00,1.12
2015.10.14 12:15:31.849,1.46917,1.46943,1.75,1.00
2015.10.14 12:15:32.368,1.46918,1.46944,1.75,1.00
2015.10.14 12:15:32.471,1.46916,1.46942,1.12,1.00
2015.10.14 12:15:32.667,1.46913,1.46938,1.87,1.00
2015.10.14 12:15:33.140,1.46913,1.46938,1.12,1.00
2015.10.14 12:15:33.191,1.46913,1.46936,1.12,1.00
2015.10.14 12:15:33.843,1.46916,1.4694,1.00,1.12
2015.10.14 12:15:34.282,1.46916,1.46943,1.12,1.37
2015.10.14 12:15:34.536,1.46913,1.4694,1.50,1.00
2015.10.14 12:15:34.846,1.4691,1.46935,1.00,1.00
2015.10.14 12:15:35.191,1.46909,1.46932,1.12,1.00
2015.10.14 12:15:35.397,1.46908,1.46935,1.50,1.00
2015.10.14 12:15:35.448,1.46908,1.46935,1.12,1.37
2015.10.14 12:15:36.267,1.46909,1.46935,1.00,1.50
2015.10.14 12:15:36.471,1.46909,1.46935,1.00,1.00
2015.10.14 12:15:36.574,1.46909,1.46937,1.37,1.12
2015.10.14 12:15:37.140,1.46911,1.46935,1.12,1.00
2015.10.14 12:15:37.448,1.46909,1.46934,1.12,1.00
2015.10.14 12:15:39.110,1.46907,1.46933,1.75,1.00
2015.10.14 12:15:39.265,1.46905,1.46931,3.00,1.00
2015.10.14 12:15:39.845,1.46908,1.46933,1.00,1.50
2015.10.14 12:15:40.330,1.46906,1.46934,1.00,1.75
2015.10.14 12:15:42.694,1.46906,1.46932,2.25,1.37
2015.10.14 12:15:42.796,1.46906,1.46934,2.62,1.37
2015.10.14 12:15:43.102,1.4691,1.46935,1.37,1.00
2015.10.14 12:15:43.327,1.46913,1.46939,1.00,1.00
2015.10.14 12:15:43.483,1.46914,1.46942,1.00,1.37
2015.10.14 12:15:44.003,1.46914,1.46942,1.00,1.00
2015.10.14 12:15:44.561,1.46916,1.46942,1.00,1.00
2015.10.14 12:15:45.205,1.46915,1.46941,1.00,1.00
2015.10.14 12:15:45.835,1.46916,1.46941,1.00,1.00
2015.10.14 12:15:45.938,1.46917,1.46945,1.50,1.50
2015.10.14 12:15:46.040,1.46914,1.46942,1.37,1.12
2015.10.14 12:15:46.142,1.46914,1.46942,1.50,1.50
2015.10.14 12:15:46.245,1.46915,1.46943,1.37,1.37
2015.10.14 12:15:46.551,1.46916,1.46941,2.25,1.00
2015.10.14 12:15:46.602,1.46917,1.46943,1.37,1.00
2015.10.14 12:15:48.067,1.46916,1.46943,1.50,1.12
2015.10.14 12:15:48.577,1.46916,1.46942,1.50,1.00
2015.10.14 12:15:48.832,1.46913,1.46941,2.25,1.00
2015.10.14 12:15:48.934,1.46913,1.46939,2.25,1.00
2015.10.14 12:15:48.986,1.46913,1.46939,1.00,1.12
2015.10.14 12:15:49.496,1.46912,1.4694,1.12,1.50
2015.10.14 12:15:50.029,1.46912,1.46938,1.12,1.00
2015.10.14 12:15:50.131,1.46908,1.46936,2.25,1.00
2015.10.14 12:15:50.183,1.46908,1.46936,1.87,1.12
2015.10.14 12:15:50.234,1.46912,1.46938,1.00,1.50
2015.10.14 12:15:50.546,1.46916,1.46942,1.00,2.25
2015.10.14 12:15:50.598,1.46912,1.4694,1.12,1.12
2015.10.14 12:15:50.803,1.46915,1.46941,1.00,1.37
2015.10.14 12:15:51.348,1.46915,1.46941,1.50,1.00
2015.10.14 12:15:51.427,1.46915,1.46943,1.50,1.00
2015.10.14 12:15:52.536,1.46916,1.46944,1.00,1.50
2015.10.14 12:15:52.994,1.4692,1.46944,1.00,1.00
2015.10.14 12:15:53.211,1.46918,1.46944,1.00,1.00
2015.10.14 12:15:53.519,1.46915,1.46943,1.50,1.00
2015.10.14 12:15:53.774,1.46916,1.46944,1.37,1.12
2015.10.14 12:15:54.365,1.4692,1.46948,1.00,2.25
2015.10.14 12:15:54.674,1.46924,1.4695,1.00,1.75
2015.10.14 12:15:55.183,1.46923,1.46949,1.00,1.75
2015.10.14 12:15:56.619,1.46922,1.46948,1.00,1.50
2015.10.14 12:15:57.276,1.46923,1.4695,1.00,1.75
2015.10.14 12:15:57.378,1.4692,1.46946,1.00,1.00
2015.10.14 12:15:57.696,1.46918,1.46946,1.87,1.00
2015.10.14 12:15:57.951,1.46921,1.46947,1.00,1.12
2015.10.14 12:15:58.257,1.46923,1.46949,1.00,1.12
2015.10.14 12:15:58.796,1.46923,1.46951,1.50,1.00
2015.10.14 12:15:59.153,1.46926,1.46952,1.00,1.50
2015.10.14 12:16:00.679,1.46921,1.46945,1.37,1.00
2015.10.14 12:16:00.731,1.46921,1.46945,1.00,1.00
2015.10.14 12:16:00.783,1.46921,1.46946,1.37,1.00
2015.10.14 12:16:01.145,1.46923,1.46949,1.00,1.00
2015.10.14 12:16:01.298,1.46923,1.46949,1.75,1.00
2015.10.14 12:16:01.349,1.46925,1.46953,1.50,1.00
2015.10.14 12:16:01.452,1.46929,1.46955,1.00,2.25
2015.10.14 12:16:01.657,1.46929,1.46957,1.00,1.00
2015.10.14 12:16:02.133,1.4693,1.46958,1.37,1.87
2015.10.14 12:16:02.441,1.46938,1.46966,1.00,1.87
2015.10.14 12:16:02.978,1.46938,1.46966,1.00,1.50
2015.10.14 12:16:04.229,1.46934,1.4696,1.75,1.00
2015.10.14 12:16:04.581,1.46934,1.4696,1.00,1.00
2015.10.14 12:16:05.098,1.46935,1.46961,1.00,1.00
2015.10.14 12:16:05.609,1.46936,1.46962,1.00,1.50
2015.10.14 12:16:05.893,1.46935,1.4696,1.00,1.00
2015.10.14 12:16:07.435,1.46936,1.46962,1.00,1.00
2015.10.14 12:16:07.957,1.46936,1.46961,1.00,1.00
2015.10.14 12:16:09.739,1.46935,1.4696,1.00,1.00
2015.10.14 12:16:10.941,1.46933,1.4696,1.00,1.00
2015.10.14 12:16:11.044,1.46933,1.46958,1.00,1.00
2015.10.14 12:16:11.560,1.46934,1.4696,1.00,1.00
2015.10.14 12:16:11.720,1.46935,1.46962,1.00,1.50
2015.10.14 12:16:12.384,1.46937,1.46962,1.00,1.50
2015.10.14 12:16:15.647,1.46936,1.46962,1.50,1.00
2015.10.14 12:16:16.164,1.46936,1.46963,2.62,1.00
2015.10.14 12:16:16.471,1.46942,1.46968,1.00,1.75
2015.10.14 12:16:16.574,1.46942,1.46968,1.12,1.00
2015.10.14 12:16:17.424,1.46943,1.46969,1.00,1.12
2015.10.14 12:16:17.937,1.46942,1.46968,1.12,1.00
2015.10.14 12:16:17.988,1.46938,1.46965,1.75,1.00
2015.10.14 12:16:18.040,1.46938,1.46965,1.37,1.00
2015.10.14 12:16:18.660,1.46938,1.46964,1.37,1.00
2015.10.14 12:16:19.173,1.46934,1.4696,1.75,1.00
2015.10.14 12:16:19.276,1.46934,1.4696,1.12,1.00
2015.10.14 12:16:19.328,1.46934,1.46962,1.50,1.00
2015.10.14 12:16:19.431,1.46938,1.46964,1.12,1.00
2015.10.14 12:16:19.936,1.46938,1.46966,1.12,1.50
2015.10.14 12:16:20.493,1.46938,1.46964,1.12,1.00
2015.10.14 12:16:20.752,1.46941,1.46968,1.00,1.75
2015.10.14 12:16:21.760,1.46941,1.46968,1.00,1.00
2015.10.14 12:16:21.965,1.46943,1.46969,1.00,1.50
2015.10.14 12:16:25.120,1.46941,1.46969,1.00,1.50
2015.10.14 12:16:25.328,1.4694,1.46967,1.50,1.00
2015.10.14 12:16:25.913,1.4694,1.46968,1.50,1.00
2015.10.14 12:16:26.665,1.4694,1.46965,1.50,1.00
2015.10.14 12:16:27.231,1.4694,1.46964,1.00,1.00
2015.10.14 12:16:30.842,1.4694,1.46965,1.00,1.00
2015.10.14 12:16:31.454,1.4694,1.46965,1.84,1.00
2015.10.14 12:16:31.505,1.46942,1.46968,1.00,1.00
2015.10.14 12:16:31.557,1.46946,1.46968,1.00,1.00
2015.10.14 12:16:32.092,1.46946,1.46967,1.00,1.00
2015.10.14 12:16:33.596,1.46946,1.46968,1.00,1.00
2015.10.14 12:16:34.158,1.46946,1.46969,1.00,1.00
2015.10.14 12:16:34.720,1.46946,1.46967,1.00,1.00
2015.10.14 12:16:34.822,1.46941,1.46967,2.21,1.00
2015.10.14 12:16:35.342,1.46943,1.46969,1.00,1.50
2015.10.14 12:16:35.851,1.46941,1.46969,1.37,1.50
2015.10.14 12:16:36.662,1.4694,1.46966,3.37,1.00
2015.10.14 12:16:36.815,1.46941,1.46968,1.37,1.00
2015.10.14 12:16:37.756,1.46941,1.46967,1.87,1.00
2015.10.14 12:16:38.204,1.46945,1.46966,1.00,1.00
2015.10.14 12:16:38.306,1.46941,1.46966,1.00,1.00
2015.10.14 12:16:38.560,1.46941,1.46967,1.34,1.00
2015.10.14 12:16:39.417,1.46942,1.46968,1.34,1.00
2015.10.14 12:16:40.176,1.46942,1.46967,1.34,1.00
2015.10.14 12:16:40.394,1.46943,1.46969,1.09,1.50
2015.10.14 12:16:40.445,1.46943,1.46969,1.09,1.50
2015.10.14 12:16:47.563,1.4694,1.46966,2.21,1.00
2015.10.14 12:16:48.433,1.46941,1.46967,1.71,1.50
2015.10.14 12:16:48.739,1.46945,1.46966,1.00,1.00
2015.10.14 12:16:48.790,1.46945,1.46968,1.00,1.12
2015.10.14 12:16:48.993,1.46949,1.46975,1.00,1.75
2015.10.14 12:16:49.148,1.46951,1.46977,1.00,1.00
2015.10.14 12:16:49.457,1.46945,1.46967,1.75,1.00
2015.10.14 12:16:49.508,1.46944,1.46967,1.75,1.00
2015.10.14 12:16:49.560,1.46944,1.46965,1.75,1.00
2015.10.14 12:16:49.714,1.46941,1.46962,1.00,1.00
2015.10.14 12:16:49.817,1.46937,1.46961,1.00,1.00
2015.10.14 12:16:50.324,1.46935,1.4696,1.37,1.00
2015.10.14 12:16:50.477,1.46934,1.4696,1.00,1.00
2015.10.14 12:16:50.529,1.46934,1.46962,1.00,1.50
2015.10.14 12:16:50.789,1.46934,1.4696,1.00,1.00
2015.10.14 12:16:51.197,1.46937,1.46963,1.12,1.00
2015.10.14 12:16:51.503,1.46939,1.46966,1.50,1.00
2015.10.14 12:16:51.708,1.46937,1.46965,1.00,1.12
2015.10.14 12:16:52.065,1.46935,1.46961,1.87,1.00
2015.10.14 12:16:52.831,1.46937,1.46963,1.00,1.00
2015.10.14 12:16:53.915,1.46935,1.46962,1.37,1.00
2015.10.14 12:16:54.442,1.46935,1.46963,1.87,1.00
2015.10.14 12:16:55.927,1.46938,1.46964,1.00,1.00
2015.10.14 12:16:58.453,1.46936,1.46962,1.12,1.00
2015.10.14 12:16:58.991,1.46937,1.46963,1.00,1.00
2015.10.14 12:16:59.528,1.46934,1.46962,2.62,1.00
2015.10.14 12:16:59.908,1.46936,1.46964,1.12,1.00
2015.10.14 12:17:00.177,1.46936,1.46962,1.12,1.00
2015.10.14 12:17:00.662,1.46934,1.4696,1.75,1.00
2015.10.14 12:17:01.172,1.46933,1.46959,1.75,1.00
2015.10.14 12:17:01.492,1.46932,1.46957,1.75,1.00
2015.10.14 12:17:01.647,1.46932,1.46956,1.12,1.00
2015.10.14 12:17:08.570,1.4693,1.46958,1.75,1.00
2015.10.14 12:17:09.877,1.46931,1.46959,2.25,1.00
2015.10.14 12:17:10.349,1.46931,1.46955,1.50,1.00
2015.10.14 12:17:11.778,1.46931,1.46956,1.00,1.12
2015.10.14 12:17:12.446,1.46931,1.46957,1.50,1.00
2015.10.14 12:17:12.861,1.46933,1.46959,1.00,1.00
2015.10.14 12:17:13.167,1.46931,1.46956,1.00,1.00
2015.10.14 12:17:13.770,1.46931,1.46955,1.00,1.00
2015.10.14 12:17:14.648,1.46931,1.46952,1.00,1.00
2015.10.14 12:17:14.750,1.46928,1.46951,1.50,1.00
2015.10.14 12:17:16.145,1.46928,1.46953,1.50,1.00
2015.10.14 12:17:17.177,1.46928,1.46952,1.50,1.00
2015.10.14 12:17:19.763,1.46925,1.46952,1.12,1.00
2015.10.14 12:17:19.815,1.46923,1.46949,1.75,1.00
2015.10.14 12:17:19.866,1.46923,1.46949,1.12,1.00
2015.10.14 12:17:19.969,1.46921,1.46948,1.50,1.00
2015.10.14 12:17:20.508,1.46922,1.46948,1.00,1.00
2015.10.14 12:17:20.661,1.46925,1.4695,1.00,1.00
2015.10.14 12:17:21.118,1.46925,1.46952,1.00,1.12
2015.10.14 12:17:22.774,1.46925,1.4695,1.00,1.00
2015.10.14 12:17:22.877,1.46919,1.46946,1.00,1.00
2015.10.14 12:17:22.979,1.46918,1.46943,1.00,1.00
2015.10.14 12:17:23.380,1.46914,1.4694,1.37,1.00
2015.10.14 12:17:23.432,1.46914,1.4694,1.00,1.00
2015.10.14 12:17:23.965,1.46913,1.46939,1.00,1.00
2015.10.14 12:17:28.275,1.46913,1.46941,1.00,1.50
2015.10.14 12:17:28.678,1.4691,1.46938,1.12,1.75
2015.10.14 12:17:29.392,1.46912,1.46938,1.00,1.75
2015.10.14 12:17:29.494,1.46909,1.46937,1.00,1.75
2015.10.14 12:17:30.075,1.46908,1.46934,1.12,1.00
2015.10.14 12:17:35.417,1.46907,1.46935,1.50,1.12
2015.10.14 12:17:35.968,1.4691,1.46938,1.12,1.00
2015.10.14 12:17:36.624,1.4691,1.46936,1.12,1.00
2015.10.14 12:17:42.147,1.46909,1.46935,1.50,1.00
2015.10.14 12:17:42.499,1.46904,1.46928,1.00,1.00
2015.10.14 12:17:43.661,1.46901,1.46927,2.25,1.00
2015.10.14 12:17:45.524,1.46902,1.46928,1.75,1.00
2015.10.14 12:17:47.521,1.46901,1.46927,2.25,1.00
2015.10.14 12:17:48.052,1.46902,1.46928,1.75,1.00
2015.10.14 12:17:48.623,1.46902,1.4693,1.75,1.00
2015.10.14 12:17:50.495,1.46904,1.46929,1.12,1.00
2015.10.14 12:17:51.824,1.46904,1.4693,1.12,1.00
2015.10.14 12:17:53.678,1.46905,1.46933,1.00,1.87
2015.10.14 12:17:53.781,1.46908,1.46933,1.00,1.87
2015.10.14 12:17:53.935,1.46907,1.46935,1.37,1.87
2015.10.14 12:17:54.140,1.46908,1.46936,1.12,1.37
2015.10.14 12:17:54.242,1.4691,1.46936,1.00,1.37
2015.10.14 12:17:54.651,1.46916,1.4694,1.00,1.12
2015.10.14 12:17:54.958,1.46919,1.46943,1.12,1.75
2015.10.14 12:17:55.836,1.4692,1.46946,1.00,1.75
2015.10.14 12:17:55.888,1.46918,1.46946,1.50,1.00
2015.10.14 12:17:55.990,1.46918,1.46944,1.50,1.00
2015.10.14 12:17:56.874,1.46917,1.46943,1.75,1.00
2015.10.14 12:17:57.643,1.46917,1.46945,1.75,1.00
2015.10.14 12:17:59.061,1.46918,1.46944,2.25,1.00
2015.10.14 12:17:59.265,1.46919,1.46947,1.12,1.12
2015.10.14 12:17:59.950,1.46921,1.46947,1.00,1.12
2015.10.14 12:18:00.880,1.46921,1.46947,1.37,1.12
2015.10.14 12:18:01.408,1.46922,1.46948,1.50,1.00
2015.10.14 12:18:02.161,1.46925,1.46952,1.00,1.87
2015.10.14 12:18:02.710,1.46925,1.46953,1.37,1.50
2015.10.14 12:18:03.256,1.46927,1.46953,1.00,1.50
2015.10.14 12:18:03.800,1.46925,1.46953,1.37,1.50
2015.10.14 12:18:04.822,1.46926,1.46951,1.12,1.00
2015.10.14 12:18:04.924,1.46926,1.46948,1.12,1.00
2015.10.14 12:18:07.235,1.46926,1.46945,1.12,1.00
2015.10.14 12:18:09.138,1.46924,1.46945,1.00,1.00
2015.10.14 12:18:09.906,1.46926,1.46945,1.00,1.00
2015.10.14 12:18:10.212,1.46928,1.46951,1.00,1.75
2015.10.14 12:18:10.742,1.4693,1.46951,1.00,1.75
2015.10.14 12:18:11.358,1.46928,1.46955,1.71,1.75
2015.10.14 12:18:13.154,1.4693,1.46947,1.84,1.00
2015.10.14 12:18:15.284,1.46931,1.46947,1.00,1.00
2015.10.14 12:18:16.734,1.46932,1.46947,1.00,1.00
2015.10.14 12:18:19.663,1.46933,1.46947,1.00,1.00
2015.10.14 12:18:20.172,1.46931,1.46947,1.50,1.00
2015.10.14 12:18:20.834,1.4693,1.46947,1.46,1.00
2015.10.14 12:18:20.887,1.46928,1.46947,1.00,1.00
2015.10.14 12:18:21.427,1.46929,1.46947,1.00,1.00
2015.10.14 12:18:22.225,1.46931,1.46947,1.00,1.00
2015.10.14 12:18:22.743,1.4693,1.46955,1.75,1.75
2015.10.14 12:18:23.049,1.46936,1.46959,1.00,1.12
2015.10.14 12:18:23.202,1.46933,1.46958,1.84,1.75
2015.10.14 12:18:24.307,1.46931,1.46958,1.34,2.25
2015.10.14 12:18:24.992,1.46934,1.46959,1.00,1.75
2015.10.14 12:18:25.154,1.46934,1.46951,1.00,1.00
2015.10.14 12:18:26.499,1.46932,1.46951,1.71,1.00
2015.10.14 12:18:28.227,1.46931,1.46958,1.50,1.75
2015.10.14 12:18:28.380,1.46931,1.46957,1.12,1.87
2015.10.14 12:18:28.942,1.46929,1.46957,1.46,1.87
2015.10.14 12:18:29.476,1.46928,1.46953,1.09,1.75
2015.10.14 12:18:30.539,1.46931,1.46955,1.00,1.75
2015.10.14 12:18:30.845,1.46929,1.46955,1.12,1.75
2015.10.14 12:18:31.049,1.46931,1.46956,1.75,1.75
2015.10.14 12:18:31.100,1.46931,1.46953,1.75,1.00
2015.10.14 12:18:31.619,1.46932,1.46953,1.84,1.00
2015.10.14 12:18:40.076,1.46933,1.46953,1.12,1.00
2015.10.14 12:18:40.178,1.46928,1.46953,1.75,1.00
2015.10.14 12:18:40.280,1.46926,1.46948,1.00,1.00
2015.10.14 12:18:40.487,1.46926,1.46951,1.00,1.00
2015.10.14 12:18:41.005,1.46925,1.46951,1.75,1.00
2015.10.14 12:18:41.698,1.46925,1.46953,2.25,1.50
2015.10.14 12:18:42.723,1.46926,1.46953,1.09,1.50
2015.10.14 12:18:42.978,1.46925,1.46953,1.00,1.87
2015.10.14 12:18:43.030,1.46925,1.46948,1.00,1.00
2015.10.14 12:18:43.809,1.46922,1.46944,1.00,1.00
2015.10.14 12:18:43.912,1.46918,1.46944,1.75,1.00
2015.10.14 12:18:44.801,1.46918,1.46944,1.75,1.75
2015.10.14 12:18:45.649,1.46921,1.46947,1.34,1.87
2015.10.14 12:18:45.904,1.46926,1.46952,1.75,1.00
2015.10.14 12:18:46.110,1.46926,1.46952,2.25,1.00
2015.10.14 12:18:46.162,1.46931,1.46955,1.75,1.00
2015.10.14 12:18:47.984,1.46931,1.46957,1.75,1.50
2015.10.14 12:18:48.517,1.46934,1.46957,1.00,1.00
2015.10.14 12:18:49.046,1.46932,1.46957,1.50,1.00
2015.10.14 12:18:49.569,1.46931,1.46957,1.75,1.00
2015.10.14 12:18:50.386,1.46933,1.46959,1.75,1.00
2015.10.14 12:18:50.643,1.46937,1.46963,1.75,1.00
2015.10.14 12:18:50.796,1.46937,1.46965,1.75,1.00
2015.10.14 12:18:51.357,1.46938,1.46966,1.50,1.00
2015.10.14 12:18:52.164,1.46941,1.46967,1.00,1.00
2015.10.14 12:18:52.215,1.46942,1.46969,1.00,2.62
2015.10.14 12:18:52.267,1.46945,1.46969,1.00,1.87
2015.10.14 12:18:52.573,1.46949,1.46969,1.00,1.00
2015.10.14 12:18:53.082,1.46949,1.4697,1.00,1.12
2015.10.14 12:18:53.589,1.46949,1.4697,1.00,1.37
2015.10.14 12:18:55.785,1.46944,1.46969,1.75,1.50
2015.10.14 12:18:59.416,1.46943,1.4697,1.75,1.00
2015.10.14 12:18:59.909,1.46944,1.46972,1.75,1.87
2015.10.14 12:19:00.810,1.46944,1.4697,1.75,1.00
2015.10.14 12:19:01.175,1.46944,1.4697,1.50,1.00
2015.10.14 12:19:01.227,1.46944,1.46967,1.00,1.00
2015.10.14 12:19:01.483,1.46945,1.46969,1.00,1.00
2015.10.14 12:19:01.637,1.46945,1.46971,1.75,1.00
2015.10.14 12:19:02.267,1.46944,1.46972,1.75,1.00
2015.10.14 12:19:04.359,1.46947,1.46972,2.25,1.00
2015.10.14 12:19:04.667,1.46943,1.46969,3.75,1.00
2015.10.14 12:19:04.770,1.46948,1.46974,1.75,1.87
2015.10.14 12:19:04.821,1.46948,1.46974,1.75,1.12
2015.10.14 12:19:05.167,1.46957,1.46979,1.00,1.75
2015.10.14 12:19:05.474,1.46949,1.46974,1.75,1.87
2015.10.14 12:19:05.526,1.46949,1.46974,1.75,1.87
2015.10.14 12:19:05.681,1.46948,1.46976,2.25,1.00
2015.10.14 12:19:05.733,1.46948,1.46976,2.25,1.00
2015.10.14 12:19:06.138,1.46948,1.46974,2.25,1.00
2015.10.14 12:19:06.240,1.4695,1.46976,1.75,1.00
2015.10.14 12:19:06.394,1.4695,1.46974,1.75,1.00
2015.10.14 12:19:06.701,1.46943,1.46968,1.75,1.00
2015.10.14 12:19:07.007,1.46938,1.46964,1.75,1.50
2015.10.14 12:19:07.546,1.46936,1.46963,3.00,1.00
2015.10.14 12:19:09.750,1.46936,1.4696,2.25,1.00
2015.10.14 12:19:09.954,1.46933,1.46956,1.75,1.00
2015.10.14 12:19:10.269,1.46933,1.46959,3.75,1.50
2015.10.14 12:19:10.527,1.46936,1.46964,1.75,1.87
2015.10.14 12:19:10.731,1.46935,1.4696,1.75,1.00
2015.10.14 12:19:12.670,1.46936,1.46962,1.75,1.00
2015.10.14 12:19:13.853,1.46936,1.46959,1.75,1.00
2015.10.14 12:19:14.256,1.46937,1.46959,1.00,1.00
2015.10.14 12:19:16.138,1.46937,1.46962,1.00,1.00
2015.10.14 12:19:16.345,1.46937,1.4696,1.00,1.00
2015.10.14 12:19:16.686,1.46937,1.46963,1.00,1.12
2015.10.14 12:19:16.890,1.46937,1.46965,1.50,1.50
2015.10.14 12:19:17.094,1.46939,1.46965,1.00,1.00
2015.10.14 12:19:17.814,1.46937,1.46965,2.25,1.00
2015.10.14 12:19:18.563,1.46937,1.46964,2.25,1.00
2015.10.14 12:19:18.875,1.46936,1.46962,1.50,1.12
2015.10.14 12:19:19.403,1.46933,1.46959,1.75,1.00
2015.10.14 12:19:19.505,1.46934,1.46962,1.50,1.12
2015.10.14 12:19:19.760,1.46937,1.46963,1.00,2.25
2015.10.14 12:19:20.016,1.46937,1.46965,1.75,1.00
2015.10.14 12:19:20.067,1.46941,1.46967,1.00,2.25
2015.10.14 12:19:20.476,1.46943,1.46969,2.25,1.00
2015.10.14 12:19:20.527,1.46947,1.46975,1.50,1.00
2015.10.14 12:19:20.734,1.46951,1.46977,1.50,1.00
2015.10.14 12:19:21.247,1.46952,1.46978,1.00,1.00
2015.10.14 12:19:22.073,1.46952,1.46975,1.00,1.00
2015.10.14 12:19:22.611,1.46951,1.46974,1.00,1.00
2015.10.14 12:19:23.617,1.46951,1.46976,1.00,1.00
2015.10.14 12:19:23.670,1.4695,1.46976,1.75,1.00
2015.10.14 12:19:23.926,1.4696,1.46984,1.00,2.25
2015.10.14 12:19:24.166,1.46961,1.46989,1.50,1.87
2015.10.14 12:19:24.473,1.46963,1.4699,1.75,1.37
2015.10.14 12:19:24.626,1.46963,1.4699,1.75,1.37
2015.10.14 12:19:25.145,1.46963,1.46989,1.75,1.12
2015.10.14 12:19:28.404,1.46961,1.46987,1.75,1.00
2015.10.14 12:19:28.916,1.46962,1.46988,1.75,1.00
2015.10.14 12:19:29.557,1.46963,1.46989,1.75,1.50
2015.10.14 12:19:30.662,1.46962,1.46988,1.75,1.00
2015.10.14 12:19:31.190,1.46963,1.46989,1.75,1.50
2015.10.14 12:19:31.911,1.46963,1.46985,1.75,1.00
2015.10.14 12:19:32.435,1.46964,1.46985,1.00,1.00
2015.10.14 12:19:32.945,1.46964,1.46989,1.00,2.25
2015.10.14 12:19:33.157,1.46964,1.46992,1.00,2.25
2015.10.14 12:19:33.484,1.46966,1.46992,1.00,1.75
2015.10.14 12:19:33.639,1.46967,1.46992,1.00,1.50
2015.10.14 12:19:33.944,1.46965,1.46991,1.00,1.00
2015.10.14 12:19:34.612,1.46964,1.46991,1.00,1.00
2015.10.14 12:19:34.715,1.4696,1.46986,1.00,1.00
2015.10.14 12:19:35.022,1.46968,1.4699,1.00,1.00
2015.10.14 12:19:35.531,1.46969,1.4699,1.00,1.00
2015.10.14 12:19:36.923,1.46967,1.46993,1.00,1.75
2015.10.14 12:19:37.485,1.46971,1.46993,1.00,1.75
2015.10.14 12:19:37.538,1.46971,1.46994,1.00,1.37
2015.10.14 12:19:37.693,1.46974,1.46999,1.00,1.75
2015.10.14 12:19:37.745,1.46974,1.46998,1.00,1.00
2015.10.14 12:19:37.797,1.46976,1.46998,1.00,1.00
2015.10.14 12:19:37.849,1.46976,1.47,1.00,1.87
2015.10.14 12:19:38.105,1.46974,1.47001,1.00,1.50
2015.10.14 12:19:38.676,1.46976,1.47001,1.00,1.50
2015.10.14 12:19:39.682,1.46974,1.47001,1.00,1.12
2015.10.14 12:19:39.785,1.46972,1.46999,1.37,1.00
2015.10.14 12:19:41.123,1.46973,1.47,1.12,1.00
2015.10.14 12:19:41.583,1.46975,1.47002,1.00,1.50
2015.10.14 12:19:41.890,1.46979,1.47005,1.00,2.62
2015.10.14 12:19:42.011,1.46976,1.47005,1.00,3.37
2015.10.14 12:19:42.317,1.46978,1.47005,1.00,3.37
2015.10.14 12:19:43.712,1.46978,1.47005,1.00,2.62
2015.10.14 12:19:45.220,1.46979,1.47005,1.00,1.37
2015.10.14 12:19:46.401,1.46979,1.47005,1.00,1.00
2015.10.14 12:19:46.504,1.46981,1.47005,1.00,1.00
2015.10.14 12:19:46.607,1.46979,1.47005,1.00,1.00
2015.10.14 12:19:48.035,1.46977,1.47004,1.00,1.00
2015.10.14 12:19:50.738,1.46976,1.47003,1.00,1.00
2015.10.14 12:19:51.552,1.46977,1.47005,1.00,1.87
2015.10.14 12:19:52.291,1.46977,1.47005,1.00,1.87
2015.10.14 12:19:52.673,1.46979,1.47005,1.00,1.87
2015.10.14 12:19:55.089,1.46977,1.47005,1.00,1.87
2015.10.14 12:19:55.745,1.46978,1.47004,1.00,1.37
2015.10.14 12:19:56.102,1.4698,1.47005,1.00,1.37
2015.10.14 12:19:56.729,1.46979,1.47005,1.00,1.12
2015.10.14 12:19:57.605,1.4698,1.47005,1.00,1.12
2015.10.14 12:19:58.186,1.46981,1.47005,1.00,1.12
2015.10.14 12:19:58.703,1.46981,1.47006,1.00,1.12
2015.10.14 12:19:59.408,1.46983,1.47006,1.00,1.12
2015.10.14 12:19:59.603,1.46983,1.47006,1.00,1.00
2015.10.14 12:19:59.706,1.4698,1.47006,1.00,1.00
2015.10.14 12:19:59.962,1.46982,1.47006,1.00,1.12
2015.10.14 12:20:00.065,1.46983,1.47006,1.00,1.00
2015.10.14 12:20:00.272,1.46992,1.47011,1.00,1.12
2015.10.14 12:20:00.375,1.46988,1.47013,1.00,1.75
2015.10.14 12:20:00.482,1.46986,1.47013,1.12,1.50
2015.10.14 12:20:00.633,1.46986,1.47003,1.12,1.00
2015.10.14 12:20:00.787,1.46968,1.46989,1.00,1.50
2015.10.14 12:20:00.890,1.46965,1.46992,1.50,1.75
2015.10.14 12:20:01.248,1.46964,1.46991,1.00,1.75
2015.10.14 12:20:01.650,1.46961,1.46988,1.00,1.87
2015.10.14 12:20:02.115,1.46959,1.46986,1.12,1.75
2015.10.14 12:20:02.636,1.4696,1.46984,1.00,1.75
2015.10.14 12:20:03.144,1.46958,1.46984,1.50,1.75
2015.10.14 12:20:03.668,1.4696,1.46984,1.00,1.75
2015.10.14 12:20:04.011,1.46956,1.46984,1.00,3.00
2015.10.14 12:20:04.113,1.4696,1.46984,1.00,3.00
2015.10.14 12:20:04.470,1.46955,1.46984,1.50,3.75
2015.10.14 12:20:04.522,1.46955,1.46984,1.50,3.37
2015.10.14 12:20:04.573,1.46959,1.46983,1.00,1.12
2015.10.14 12:20:04.676,1.46959,1.46983,1.00,1.37
2015.10.14 12:20:05.071,1.46955,1.46983,1.00,1.37
2015.10.14 12:20:05.589,1.46954,1.46983,1.12,2.62
2015.10.14 12:20:05.743,1.46954,1.46982,1.12,1.12
2015.10.14 12:20:06.354,1.46953,1.46979,1.00,1.12
2015.10.14 12:20:06.408,1.4695,1.46979,1.12,1.87
2015.10.14 12:20:08.156,1.4695,1.46977,1.12,1.50
2015.10.14 12:20:08.659,1.46949,1.46976,1.00,1.87
2015.10.14 12:20:09.079,1.46947,1.46976,1.00,1.12
2015.10.14 12:20:10.151,1.46946,1.46975,1.12,1.50
2015.10.14 12:20:10.897,1.46946,1.46974,1.12,1.12
2015.10.14 12:20:11.000,1.46944,1.46971,1.00,1.12
2015.10.14 12:20:11.154,1.46942,1.46969,1.12,1.12
2015.10.14 12:20:11.205,1.46942,1.46969,1.00,1.87
2015.10.14 12:20:11.714,1.46941,1.46968,1.00,1.50
2015.10.14 12:20:12.021,1.46943,1.46969,1.00,1.12
2015.10.14 12:20:12.530,1.46942,1.46969,1.00,1.12
2015.10.14 12:20:13.298,1.4694,1.46969,1.00,1.12
2015.10.14 12:20:13.350,1.46942,1.46969,1.00,1.87
2015.10.14 12:20:13.583,1.4694,1.46969,1.00,1.87
2015.10.14 12:20:14.091,1.46941,1.46967,1.00,1.00
2015.10.14 12:20:14.194,1.4694,1.46967,1.00,1.87
2015.10.14 12:20:14.246,1.46936,1.46963,1.00,1.00
2015.10.14 12:20:14.348,1.46938,1.46965,1.00,1.50
2015.10.14 12:20:14.785,1.46936,1.46963,1.00,1.00
2015.10.14 12:20:15.295,1.46937,1.46963,1.00,1.00
2015.10.14 12:20:15.347,1.46934,1.46961,1.50,1.00
2015.10.14 12:20:15.656,1.46933,1.46961,1.75,1.50
2015.10.14 12:20:16.111,1.46932,1.46958,1.00,1.37
2015.10.14 12:20:16.636,1.46933,1.46958,1.00,1.37
2015.10.14 12:20:17.013,1.46926,1.46954,1.12,1.00
2015.10.14 12:20:17.192,1.46925,1.4695,1.00,1.37
2015.10.14 12:20:17.244,1.46922,1.4695,1.00,1.37
2015.10.14 12:20:17.397,1.46922,1.46949,1.00,1.75
2015.10.14 12:20:17.449,1.46919,1.46947,1.00,1.75
2015.10.14 12:20:17.960,1.46918,1.46945,1.00,1.50
2015.10.14 12:20:18.351,1.46918,1.46944,1.00,1.12
2015.10.14 12:20:18.887,1.46917,1.46944,1.12,1.87
2015.10.14 12:20:19.968,1.46918,1.46944,1.00,1.12
2015.10.14 12:20:21.205,1.4692,1.46944,1.00,1.12
2015.10.14 12:20:21.257,1.4692,1.46945,1.00,1.75
2015.10.14 12:20:21.715,1.46917,1.46945,1.12,2.25
2015.10.14 12:20:22.801,1.4692,1.46945,1.00,2.25
2015.10.14 12:20:24.304,1.46922,1.46944,1.00,1.12
2015.10.14 12:20:24.458,1.4692,1.46947,1.00,1.75
2015.10.14 12:20:24.560,1.46922,1.46947,1.00,1.75
2015.10.14 12:20:26.582,1.46921,1.46947,1.00,1.12
2015.10.14 12:20:26.888,1.46927,1.46947,1.00,1.12
2015.10.14 12:20:26.990,1.46927,1.46949,1.00,1.37
2015.10.14 12:20:27.169,1.46929,1.46949,1.00,1.00
2015.10.14 12:20:27.528,1.46932,1.46952,1.00,1.37
2015.10.14 12:20:27.885,1.4693,1.46954,1.00,1.12
2015.10.14 12:20:28.090,1.46928,1.46954,1.00,1.12
2015.10.14 12:20:28.671,1.46927,1.46951,1.00,1.12
2015.10.14 12:20:29.511,1.46931,1.46951,1.00,1.12
2015.10.14 12:20:29.877,1.46929,1.46951,1.00,1.12
2015.10.14 12:20:30.474,1.46929,1.46952,1.00,1.12
2015.10.14 12:20:30.525,1.46931,1.46952,1.00,1.12
2015.10.14 12:20:31.217,1.46934,1.46954,1.00,1.12
2015.10.14 12:20:31.729,1.46934,1.46956,1.00,1.75
2015.10.14 12:20:33.182,1.46933,1.46955,1.00,1.12
2015.10.14 12:20:33.285,1.4693,1.46955,1.00,1.12
2015.10.14 12:20:33.851,1.46931,1.46955,1.00,1.12
2015.10.14 12:20:33.953,1.46933,1.46955,1.00,1.12
2015.10.14 12:20:34.472,1.46934,1.46955,1.00,1.12
2015.10.14 12:20:34.931,1.46937,1.46959,1.00,1.12
2015.10.14 12:20:35.360,1.46938,1.46963,1.00,1.12
2015.10.14 12:20:35.463,1.46943,1.46963,1.00,1.12
2015.10.14 12:20:35.514,1.46943,1.46963,1.00,1.00
2015.10.14 12:20:36.028,1.46944,1.46966,1.00,2.25
2015.10.14 12:20:38.328,1.46938,1.4696,1.00,1.00
2015.10.14 12:20:38.431,1.46936,1.4696,1.00,1.00
2015.10.14 12:20:38.534,1.46936,1.4696,1.00,1.12
2015.10.14 12:20:38.636,1.46934,1.4696,1.00,1.12
2015.10.14 12:20:38.738,1.46934,1.4696,1.00,1.12
2015.10.14 12:20:38.891,1.46932,1.4696,1.00,1.12
2015.10.14 12:20:39.045,1.46931,1.46951,1.00,1.00
2015.10.14 12:20:39.570,1.4693,1.46951,1.00,1.00
2015.10.14 12:20:40.093,1.46929,1.46951,1.00,1.00
2015.10.14 12:20:40.298,1.46927,1.46951,1.00,1.00
2015.10.14 12:20:40.878,1.46926,1.46951,1.00,1.00
2015.10.14 12:20:41.512,1.46931,1.46951,1.00,1.00
2015.10.14 12:20:42.124,1.46932,1.46951,1.00,1.00
2015.10.14 12:20:42.633,1.46932,1.46955,1.00,1.12
2015.10.14 12:20:43.195,1.46932,1.46956,1.00,1.12
2015.10.14 12:20:43.824,1.46931,1.46956,1.00,1.12
2015.10.14 12:20:43.926,1.46929,1.46955,1.00,1.50
2015.10.14 12:20:44.029,1.46927,1.46955,1.00,1.50
2015.10.14 12:20:44.182,1.46929,1.46956,1.00,1.12
2015.10.14 12:20:44.731,1.46928,1.46954,1.00,1.37
2015.10.14 12:20:47.008,1.46926,1.46953,1.12,1.12
2015.10.14 12:20:47.111,1.46925,1.46951,1.37,1.00
2015.10.14 12:20:47.416,1.46929,1.46951,1.00,1.00
2015.10.14 12:20:48.677,1.46928,1.46951,1.00,1.00
2015.10.14 12:20:50.747,1.46927,1.46951,1.00,1.00
2015.10.14 12:20:52.738,1.46927,1.46954,1.00,1.37
2015.10.14 12:20:52.790,1.46921,1.46947,1.00,1.00
2015.10.14 12:20:54.159,1.46921,1.46948,1.50,1.50
2015.10.14 12:20:54.403,1.46921,1.46948,1.87,1.12
2015.10.14 12:20:54.463,1.46927,1.46955,1.00,2.62
2015.10.14 12:20:54.515,1.46929,1.46955,1.00,2.62
2015.10.14 12:20:55.025,1.4693,1.46955,1.00,1.12
2015.10.14 12:20:55.945,1.46929,1.46955,1.00,1.12
2015.10.14 12:20:58.443,1.4693,1.46954,1.00,1.37
2015.10.14 12:20:59.440,1.46928,1.46954,1.00,1.37
2015.10.14 12:20:59.746,1.46928,1.46954,1.00,1.37
2015.10.14 12:21:00.000,1.46926,1.46952,1.50,1.12
2015.10.14 12:21:00.358,1.46926,1.46948,1.00,1.00
2015.10.14 12:21:00.942,1.46925,1.46948,1.00,1.00
2015.10.14 12:21:01.755,1.46926,1.46948,1.00,1.00
2015.10.14 12:21:02.195,1.46926,1.46948,1.00,1.50
2015.10.14 12:21:02.399,1.46924,1.46948,1.00,1.50
2015.10.14 12:21:03.076,1.46923,1.46948,1.00,1.50
2015.10.14 12:21:03.611,1.46922,1.46948,1.00,1.50
2015.10.14 12:21:04.172,1.46921,1.46948,1.00,1.50
2015.10.14 12:21:04.830,1.46923,1.46948,1.00,1.50
2015.10.14 12:21:05.190,1.46926,1.46954,1.50,2.62
2015.10.14 12:21:05.498,1.46938,1.46958,1.00,1.75
2015.10.14 12:21:05.651,1.46938,1.46961,1.00,1.00
2015.10.14 12:21:06.214,1.46939,1.46961,1.00,1.00
2015.10.14 12:21:06.474,1.46937,1.46961,1.00,1.00
2015.10.14 12:21:06.578,1.46937,1.46958,1.00,1.00
2015.10.14 12:21:07.086,1.46936,1.46958,1.00,1.00
2015.10.14 12:21:10.292,1.46936,1.46963,1.00,1.37
2015.10.14 12:21:10.494,1.46939,1.46963,1.00,1.37
2015.10.14 12:21:11.003,1.4694,1.46963,1.00,1.37
2015.10.14 12:21:12.200,1.46939,1.46963,1.00,1.37
2015.10.14 12:21:12.842,1.46937,1.46963,1.00,1.37
2015.10.14 12:21:15.442,1.46937,1.46963,1.00,1.37
2015.10.14 12:21:15.595,1.46934,1.46959,1.00,1.37
2015.10.14 12:21:15.903,1.46934,1.46959,1.00,1.12
2015.10.14 12:21:16.842,1.46935,1.46959,1.00,1.12
2015.10.14 12:21:17.576,1.46934,1.46959,1.00,1.12
2015.10.14 12:21:19.349,1.46935,1.46961,1.00,1.87
2015.10.14 12:21:19.831,1.46932,1.46959,1.00,1.75
2015.10.14 12:21:20.343,1.46932,1.46956,1.00,1.12
2015.10.14 12:21:22.987,1.46932,1.46955,1.00,1.00
2015.10.14 12:21:27.045,1.46933,1.46958,1.00,1.75
2015.10.14 12:21:27.148,1.46936,1.46958,1.00,1.75
2015.10.14 12:21:27.200,1.46936,1.46958,1.00,1.12
2015.10.14 12:21:27.812,1.46938,1.46959,1.00,1.37
2015.10.14 12:21:29.232,1.46936,1.46958,1.00,1.00
2015.10.14 12:21:31.026,1.46935,1.46961,1.00,1.75
2015.10.14 12:21:31.230,1.46939,1.46964,1.00,1.12
2015.10.14 12:21:31.509,1.46939,1.46966,1.00,1.12
2015.10.14 12:21:31.561,1.46942,1.46966,1.00,1.12
2015.10.14 12:21:31.919,1.46944,1.46966,1.00,1.12
2015.10.14 12:21:32.123,1.46941,1.46966,1.00,1.12
2015.10.14 12:21:33.348,1.4694,1.46966,1.00,1.12
2015.10.14 12:21:34.743,1.46943,1.46968,1.00,1.12
2015.10.14 12:21:35.529,1.4694,1.46966,1.00,1.75
2015.10.14 12:21:35.701,1.46938,1.46966,1.00,1.75
2015.10.14 12:21:36.414,1.4694,1.46967,1.00,1.75
2015.10.14 12:21:36.568,1.46943,1.46971,1.00,1.75
2015.10.14 12:21:36.619,1.46943,1.46971,1.12,1.50
2015.10.14 12:21:36.773,1.46948,1.46974,1.00,3.00
2015.10.14 12:21:37.214,1.4695,1.46974,1.00,2.25
2015.10.14 12:21:38.125,1.46949,1.46974,1.00,1.75
2015.10.14 12:21:38.640,1.46948,1.46974,1.00,2.25
2015.10.14 12:21:39.325,1.46949,1.46974,1.00,2.25
2015.10.14 12:21:39.904,1.46942,1.4697,2.25,1.12
2015.10.14 12:21:40.109,1.46946,1.46972,1.00,1.75
2015.10.14 12:21:40.638,1.46947,1.46974,1.00,1.75
2015.10.14 12:21:41.863,1.46947,1.46975,1.00,1.75
2015.10.14 12:21:41.966,1.46943,1.46969,1.50,1.75
2015.10.14 12:21:43.050,1.46942,1.46967,1.00,1.12
2015.10.14 12:21:43.408,1.46944,1.4697,1.00,1.37
2015.10.14 12:21:43.461,1.46944,1.4697,1.00,1.12
2015.10.14 12:21:43.716,1.46946,1.46972,1.00,1.75
2015.10.14 12:21:43.924,1.46942,1.4697,1.50,1.12
2015.10.14 12:21:44.436,1.46944,1.4697,1.00,1.12
2015.10.14 12:21:44.487,1.46946,1.46972,1.00,1.75
2015.10.14 12:21:45.004,1.46947,1.46973,1.00,1.12
2015.10.14 12:21:45.525,1.46946,1.46973,1.00,1.12
2015.10.14 12:21:46.781,1.46944,1.46971,1.50,1.37
2015.10.14 12:21:47.326,1.46945,1.46971,1.00,1.87
2015.10.14 12:21:47.882,1.46944,1.4697,1.50,1.12
2015.10.14 12:21:48.536,1.46944,1.4697,1.50,1.50
2015.10.14 12:21:50.695,1.46949,1.46971,1.00,1.75
2015.10.14 12:21:50.747,1.46953,1.46974,1.00,1.00
2015.10.14 12:21:50.850,1.46954,1.46978,1.00,1.87
2015.10.14 12:21:51.874,1.46955,1.46978,1.00,1.12
2015.10.14 12:21:51.977,1.46958,1.46978,1.00,1.12
2015.10.14 12:21:52.283,1.46964,1.46986,1.00,1.75
2015.10.14 12:21:52.385,1.46968,1.46986,1.00,1.00
2015.10.14 12:21:52.640,1.4697,1.46988,1.00,1.37
2015.10.14 12:21:53.504,1.46972,1.46992,1.00,1.75
2015.10.14 12:21:54.284,1.4697,1.46992,1.00,1.75
2015.10.14 12:21:55.132,1.46971,1.46992,1.00,1.12
2015.10.14 12:21:55.814,1.46971,1.46992,1.00,1.12
2015.10.14 12:21:56.465,1.46969,1.46989,1.00,1.37
2015.10.14 12:21:56.825,1.46967,1.46989,1.00,1.37
2015.10.14 12:21:57.451,1.46968,1.4699,1.00,2.25
2015.10.14 12:21:58.330,1.46968,1.4699,1.00,1.50
2015.10.14 12:21:58.779,1.46971,1.46994,1.00,2.62
2015.10.14 12:21:59.239,1.46968,1.46994,1.00,2.62
2015.10.14 12:21:59.646,1.46966,1.46992,1.00,1.50
2015.10.14 12:22:00.085,1.46963,1.4699,1.00,1.00
2015.10.14 12:22:00.443,1.46967,1.4699,1.00,1.00
2015.10.14 12:22:01.223,1.46968,1.4699,1.00,1.00
2015.10.14 12:22:01.542,1.46968,1.4699,1.00,1.75
2015.10.14 12:22:03.473,1.46968,1.4699,1.00,1.00
2015.10.14 12:22:03.964,1.4697,1.4699,1.00,1.00
2015.10.14 12:22:04.500,1.46969,1.46992,1.00,1.37
2015.10.14 12:22:05.661,1.46969,1.46992,1.00,1.00
2015.10.14 12:22:05.949,1.46963,1.46988,1.37,1.00
2015.10.14 12:22:06.052,1.46966,1.46987,1.00,1.00
2015.10.14 12:22:06.104,1.46966,1.46992,1.00,1.87
2015.10.14 12:22:06.615,1.46967,1.46993,1.00,1.75
2015.10.14 12:22:08.681,1.46967,1.46993,1.00,3.00
2015.10.14 12:22:09.326,1.46969,1.46993,1.00,2.25
2015.10.14 12:22:14.842,1.46968,1.46993,1.00,2.25
2015.10.14 12:22:15.046,1.46966,1.46993,1.00,2.25
2015.10.14 12:22:15.853,1.46964,1.46989,1.00,1.75
2015.10.14 12:22:16.108,1.46964,1.46989,1.00,3.75
2015.10.14 12:22:16.619,1.46963,1.46989,1.00,4.50
2015.10.14 12:22:17.212,1.46962,1.46986,1.00,1.12
2015.10.14 12:22:19.064,1.46959,1.46984,1.00,1.50
2015.10.14 12:22:19.570,1.4696,1.46984,1.00,1.50
2015.10.14 12:22:20.424,1.46959,1.46984,1.00,1.50
2015.10.14 12:22:28.604,1.46957,1.46985,1.00,1.75
2015.10.14 12:22:33.105,1.46957,1.46985,1.00,1.75
2015.10.14 12:22:33.607,1.46957,1.46985,1.00,1.75
2015.10.14 12:22:33.659,1.46959,1.46984,1.00,1.75
2015.10.14 12:22:33.761,1.46961,1.46984,1.00,1.00
2015.10.14 12:22:34.016,1.46961,1.46987,1.00,2.25
2015.10.14 12:22:34.551,1.46962,1.46987,1.00,1.50
2015.10.14 12:22:35.063,1.46964,1.46987,1.00,1.50
2015.10.14 12:22:35.369,1.46966,1.46987,1.00,1.50
2015.10.14 12:22:35.983,1.46964,1.46987,1.00,1.37
2015.10.14 12:22:36.493,1.46963,1.46987,1.00,1.37
2015.10.14 12:22:36.836,1.46965,1.4699,1.00,1.12
2015.10.14 12:22:36.938,1.46967,1.46991,1.00,1.37
2015.10.14 12:22:37.133,1.46963,1.46991,1.00,1.50
2015.10.14 12:22:37.236,1.46962,1.46989,1.00,1.75
2015.10.14 12:22:37.569,1.46964,1.4699,1.00,2.62
2015.10.14 12:22:38.079,1.46967,1.4699,1.00,1.87
2015.10.14 12:22:38.366,1.46962,1.46989,1.00,1.75
2015.10.14 12:22:38.623,1.46964,1.46989,1.00,1.75
2015.10.14 12:22:39.134,1.46963,1.4699,1.00,1.12
2015.10.14 12:22:39.593,1.46965,1.4699,1.00,1.12
2015.10.14 12:22:39.901,1.46963,1.4699,1.00,1.12
2015.10.14 12:22:39.953,1.46963,1.4699,1.00,1.12
2015.10.14 12:22:40.463,1.4696,1.46983,1.00,1.00
2015.10.14 12:22:40.928,1.46962,1.46987,1.00,1.00
2015.10.14 12:22:41.032,1.46964,1.46987,1.00,1.00
2015.10.14 12:22:41.134,1.46964,1.46989,1.00,1.50
2015.10.14 12:22:41.800,1.46964,1.4699,1.00,1.12
2015.10.14 12:22:42.004,1.46961,1.46985,1.00,1.00
2015.10.14 12:22:42.055,1.46959,1.46985,1.50,1.00
2015.10.14 12:22:42.323,1.46961,1.46986,1.00,1.00
2015.10.14 12:22:43.022,1.46962,1.46986,1.00,1.00
2015.10.14 12:22:45.402,1.46961,1.46986,1.00,1.00
2015.10.14 12:22:45.916,1.4696,1.46986,1.00,1.50
2015.10.14 12:22:47.394,1.4696,1.46986,1.00,1.87
2015.10.14 12:22:47.981,1.46958,1.46986,1.00,1.87
2015.10.14 12:22:50.351,1.46959,1.46986,1.00,1.37
2015.10.14 12:22:53.369,1.46958,1.46986,1.00,1.87
2015.10.14 12:22:54.459,1.46957,1.46985,1.00,1.12
2015.10.14 12:22:56.907,1.46959,1.46985,1.00,1.12
2015.10.14 12:22:59.265,1.46957,1.46983,1.00,1.00
2015.10.14 12:22:59.632,1.46955,1.46983,1.12,1.50
2015.10.14 12:22:59.684,1.4695,1.46976,1.50,1.12
2015.10.14 12:22:59.786,1.46948,1.46976,1.00,1.12
2015.10.14 12:22:59.940,1.46946,1.46974,2.25,1.00
2015.10.14 12:23:00.246,1.46941,1.46967,1.12,1.12
2015.10.14 12:23:00.553,1.46942,1.46965,1.00,1.00
2015.10.14 12:23:00.604,1.46938,1.46965,1.00,1.00
2015.10.14 12:23:00.858,1.46934,1.46958,1.75,1.00
2015.10.14 12:23:01.012,1.46932,1.46957,1.00,1.12
2015.10.14 12:23:01.063,1.46934,1.46958,1.00,1.12
2015.10.14 12:23:01.217,1.46935,1.46962,1.00,1.37
2015.10.14 12:23:01.741,1.46934,1.46962,1.00,1.87
2015.10.14 12:23:02.426,1.46934,1.46962,1.00,2.25
2015.10.14 12:23:02.752,1.46936,1.46962,1.00,2.25
2015.10.14 12:23:03.247,1.46939,1.46962,1.00,1.50
2015.10.14 12:23:03.576,1.46941,1.46965,1.00,1.12
2015.10.14 12:23:03.883,1.46944,1.46968,1.00,1.87
2015.10.14 12:23:03.986,1.46944,1.46968,1.00,1.50
2015.10.14 12:23:04.517,1.46943,1.46969,1.00,1.75
2015.10.14 12:23:05.108,1.46944,1.46969,1.00,1.75
2015.10.14 12:23:06.013,1.46943,1.46969,1.00,1.75
2015.10.14 12:23:06.410,1.46946,1.46969,1.00,1.75
2015.10.14 12:23:06.515,1.46946,1.46969,1.00,1.37
2015.10.14 12:23:07.025,1.46945,1.46969,1.00,1.37
2015.10.14 12:23:07.229,1.46948,1.46969,1.00,1.37
2015.10.14 12:23:07.780,1.46947,1.46969,1.00,1.12
2015.10.14 12:23:07.984,1.46944,1.46969,1.00,1.12
2015.10.14 12:23:09.296,1.46946,1.46969,1.00,1.00
2015.10.14 12:23:09.821,1.46947,1.46969,1.00,1.00
2015.10.14 12:23:10.071,1.46945,1.46969,1.00,1.00
2015.10.14 12:23:10.377,1.46949,1.46969,1.00,1.00
2015.10.14 12:23:10.840,1.46951,1.46975,1.00,1.12
2015.10.14 12:23:11.068,1.46952,1.46975,1.00,1.12
2015.10.14 12:23:11.578,1.46951,1.46975,1.00,1.37
2015.10.14 12:23:11.630,1.46955,1.46975,1.00,1.37
2015.10.14 12:23:12.220,1.46954,1.46979,1.00,1.12
2015.10.14 12:23:12.577,1.46951,1.46977,1.00,1.12
2015.10.14 12:23:13.037,1.46946,1.46972,1.50,1.50
2015.10.14 12:23:13.088,1.46946,1.46972,1.00,1.87
2015.10.14 12:23:13.241,1.46943,1.46971,1.00,1.75
2015.10.14 12:23:13.293,1.46946,1.46971,1.00,1.75
2015.10.14 12:23:14.042,1.46946,1.46973,1.50,1.87
2015.10.14 12:23:14.247,1.4695,1.46975,1.00,1.12
2015.10.14 12:23:14.724,1.46953,1.46976,1.00,1.12
2015.10.14 12:23:14.776,1.46953,1.46978,1.00,1.09
2015.10.14 12:23:15.541,1.46952,1.46978,1.00,1.84
2015.10.14 12:23:16.171,1.46952,1.46978,1.00,1.84
2015.10.14 12:23:18.197,1.46951,1.46975,1.00,1.75
2015.10.14 12:23:18.502,1.46953,1.46978,1.00,1.09
2015.10.14 12:23:19.068,1.46952,1.46978,1.00,1.09
2015.10.14 12:23:19.171,1.46946,1.46972,1.00,1.12
2015.10.14 12:23:19.684,1.46945,1.46973,1.50,1.50
2015.10.14 12:23:19.787,1.46945,1.46972,1.12,1.12
2015.10.14 12:23:20.200,1.46943,1.46969,1.00,1.37
2015.10.14 12:23:20.406,1.46947,1.46972,1.00,1.12
2015.10.14 12:23:20.459,1.46947,1.46972,1.00,1.37
2015.10.14 12:23:20.510,1.46947,1.46972,1.00,1.00
2015.10.14 12:23:20.715,1.46949,1.46972,1.00,1.00
2015.10.14 12:23:21.238,1.4695,1.46972,1.00,1.00
2015.10.14 12:23:22.278,1.46948,1.46975,1.00,1.75
2015.10.14 12:23:22.913,1.4695,1.46975,1.00,1.75
2015.10.14 12:23:23.837,1.46951,1.46976,1.00,1.12
2015.10.14 12:23:23.889,1.46951,1.46976,1.00,1.37
2015.10.14 12:23:24.040,1.46949,1.46976,1.00,1.37
2015.10.14 12:23:24.244,1.46951,1.46976,1.00,1.37
2015.10.14 12:23:24.499,1.46951,1.46979,1.00,2.62
2015.10.14 12:23:24.601,1.46954,1.46979,1.00,1.87
2015.10.14 12:23:24.703,1.46952,1.46978,1.00,1.37
2015.10.14 12:23:24.906,1.4695,1.46978,1.12,1.37
2015.10.14 12:23:25.218,1.4695,1.46976,1.12,1.37
2015.10.14 12:23:25.742,1.46949,1.46975,1.00,1.87
2015.10.14 12:23:26.714,1.46948,1.46975,1.00,1.12
2015.10.14 12:23:27.021,1.46943,1.46971,1.50,1.50
2015.10.14 12:23:27.526,1.46945,1.46971,1.00,1.50
2015.10.14 12:23:27.857,1.46947,1.46973,1.00,1.87
2015.10.14 12:23:28.587,1.46946,1.46972,1.00,1.75
2015.10.14 12:23:29.595,1.46947,1.46974,1.00,1.75
2015.10.14 12:23:30.131,1.46949,1.46974,1.00,2.25
2015.10.14 12:23:30.236,1.46947,1.46974,1.00,2.25
2015.10.14 12:23:37.528,1.46948,1.46973,1.00,1.75
2015.10.14 12:23:38.370,1.46946,1.46974,1.00,1.75
2015.10.14 12:23:38.859,1.46948,1.46973,1.00,1.75
2015.10.14 12:23:41.003,1.46947,1.46973,1.00,1.75
2015.10.14 12:23:41.259,1.46945,1.4697,1.00,1.50
2015.10.14 12:23:41.413,1.46944,1.46969,1.00,1.12
2015.10.14 12:23:41.465,1.46941,1.46967,1.50,1.12
2015.10.14 12:23:41.805,1.46941,1.46966,1.00,1.75
2015.10.14 12:23:42.112,1.46936,1.46964,1.50,1.75
2015.10.14 12:23:42.214,1.46936,1.46961,1.12,1.37
2015.10.14 12:23:42.520,1.46935,1.46959,1.00,1.37
2015.10.14 12:23:42.571,1.46931,1.46959,1.12,1.37
2015.10.14 12:23:42.673,1.46933,1.46959,1.00,1.37
2015.10.14 12:23:43.027,1.46925,1.46952,1.00,1.84
2015.10.14 12:23:43.333,1.46922,1.46949,1.37,1.75
2015.10.14 12:23:43.435,1.46916,1.46943,1.50,1.12
2015.10.14 12:23:43.690,1.46916,1.46943,1.12,1.12
2015.10.14 12:23:44.447,1.46917,1.46943,1.00,1.12
2015.10.14 12:23:44.752,1.46919,1.46946,1.00,1.87
2015.10.14 12:23:45.068,1.46921,1.46946,1.00,1.12
2015.10.14 12:23:45.324,1.46918,1.46945,1.00,1.50
2015.10.14 12:23:45.576,1.46921,1.46946,1.00,1.12
2015.10.14 12:23:46.090,1.46922,1.46946,1.00,1.12
2015.10.14 12:23:46.691,1.4692,1.46943,1.00,1.00
2015.10.14 12:23:46.744,1.46923,1.46943,1.00,1.00
2015.10.14 12:23:47.151,1.46925,1.46943,1.00,1.00
2015.10.14 12:23:47.681,1.46924,1.46948,1.00,1.12
2015.10.14 12:23:48.845,1.46923,1.46948,1.00,1.12
2015.10.14 12:23:49.050,1.46921,1.46948,1.50,1.12
2015.10.14 12:23:49.918,1.46923,1.4695,1.00,2.25
2015.10.14 12:23:49.969,1.46923,1.46951,1.00,2.62
2015.10.14 12:23:50.021,1.46925,1.46951,1.00,2.62
2015.10.14 12:23:50.072,1.46925,1.46951,1.00,2.62
2015.10.14 12:23:50.682,1.46923,1.46949,1.00,1.50
2015.10.14 12:23:51.115,1.46926,1.46951,1.00,1.12
2015.10.14 12:23:51.777,1.46928,1.46954,1.00,3.75
2015.10.14 12:23:52.084,1.4693,1.46955,1.00,2.25
2015.10.14 12:23:52.135,1.4693,1.46956,1.00,1.75
2015.10.14 12:23:52.461,1.46928,1.46954,1.00,1.75
2015.10.14 12:23:53.997,1.46927,1.46951,1.00,1.00
2015.10.14 12:23:54.049,1.46927,1.46951,1.00,2.25
2015.10.14 12:23:54.588,1.46926,1.46951,1.00,3.37
2015.10.14 12:23:54.895,1.46927,1.46951,1.00,1.12
2015.10.14 12:23:54.947,1.46927,1.46951,1.00,1.12
2015.10.14 12:23:56.203,1.46925,1.4695,1.00,1.37
2015.10.14 12:23:56.720,1.46926,1.4695,1.00,1.37
2015.10.14 12:23:57.253,1.46925,1.4695,1.50,1.37
2015.10.14 12:23:57.779,1.46926,1.4695,1.00,1.37
2015.10.14 12:23:58.187,1.46928,1.4695,1.00,1.37
2015.10.14 12:23:59.828,1.46925,1.4695,1.00,1.87
2015.10.14 12:24:03.605,1.46925,1.46953,2.25,1.00
2015.10.14 12:24:03.656,1.4693,1.46956,1.00,1.50
2015.10.14 12:24:04.014,1.46933,1.46957,1.00,1.12
2015.10.14 12:24:04.519,1.46931,1.46956,1.00,1.50
2015.10.14 12:24:05.318,1.46929,1.46957,1.00,1.50
2015.10.14 12:24:05.680,1.4693,1.46955,1.00,1.37
2015.10.14 12:24:05.896,1.46927,1.46955,1.50,1.75
2015.10.14 12:24:06.100,1.46931,1.46957,1.00,1.75
2015.10.14 12:24:06.151,1.46931,1.46957,1.00,1.75
2015.10.14 12:24:06.407,1.46933,1.46958,1.00,1.12
2015.10.14 12:24:06.724,1.46933,1.46958,1.00,1.37
2015.10.14 12:24:06.775,1.46933,1.46958,1.00,1.00
2015.10.14 12:24:07.116,1.46931,1.46959,1.12,1.50
2015.10.14 12:24:07.219,1.46931,1.46957,1.00,1.37
2015.10.14 12:24:07.434,1.46929,1.46957,1.00,1.75
2015.10.14 12:24:07.641,1.46932,1.46958,1.00,1.75
2015.10.14 12:24:08.203,1.46933,1.46961,1.00,1.75
2015.10.14 12:24:08.722,1.46932,1.46958,1.00,1.75
2015.10.14 12:24:08.825,1.4693,1.46958,1.00,1.75
2015.10.14 12:24:08.978,1.46932,1.46958,1.00,1.75
2015.10.14 12:24:09.286,1.46937,1.46961,1.00,1.75
2015.10.14 12:24:09.664,1.4694,1.46967,1.00,1.75
2015.10.14 12:24:09.717,1.46941,1.46967,1.00,1.00
2015.10.14 12:24:10.281,1.46942,1.46967,1.00,1.00
2015.10.14 12:24:10.384,1.4694,1.46967,1.00,1.00
2015.10.14 12:24:10.881,1.46943,1.46967,1.00,1.00
2015.10.14 12:24:11.469,1.46942,1.46967,1.00,1.00
2015.10.14 12:24:11.981,1.46943,1.46967,1.00,1.00
2015.10.14 12:24:12.435,1.46945,1.46969,1.37,1.00
2015.10.14 12:24:12.486,1.46948,1.46973,1.00,1.12
2015.10.14 12:24:12.588,1.46945,1.46973,1.87,1.12
2015.10.14 12:24:13.883,1.46946,1.46973,1.12,1.87
2015.10.14 12:24:14.762,1.46949,1.46972,1.00,1.12
2015.10.14 12:24:15.448,1.46947,1.46972,1.00,1.12
2015.10.14 12:24:15.807,1.46948,1.46973,1.00,1.87
2015.10.14 12:24:17.220,1.46949,1.46973,1.00,1.12
2015.10.14 12:24:17.424,1.46946,1.46973,1.00,1.12
2015.10.14 12:24:17.628,1.46949,1.46973,1.00,1.12
2015.10.14 12:24:17.986,1.46951,1.46977,1.00,1.75
2015.10.14 12:24:18.368,1.46951,1.46977,1.00,1.75
2015.10.14 12:24:18.421,1.46953,1.46979,1.00,2.25
2015.10.14 12:24:18.524,1.46954,1.46979,1.00,1.75
2015.10.14 12:24:18.575,1.46954,1.4698,1.00,1.87
2015.10.14 12:24:18.627,1.46956,1.4698,1.00,1.37
2015.10.14 12:24:19.390,1.46954,1.46979,1.00,1.37
2015.10.14 12:24:20.809,1.46953,1.46979,1.00,1.87
2015.10.14 12:24:21.442,1.46953,1.46979,1.12,1.50
2015.10.14 12:24:21.947,1.46952,1.46978,1.50,1.00
2015.10.14 12:24:22.458,1.46952,1.46979,1.50,1.00
2015.10.14 12:24:22.510,1.46958,1.46984,1.00,1.87
2015.10.14 12:24:22.612,1.46958,1.46984,2.25,1.12
2015.10.14 12:24:22.715,1.46961,1.46987,1.00,1.00
2015.10.14 12:24:23.123,1.46963,1.4699,1.00,1.00
2015.10.14 12:24:23.378,1.46963,1.46992,1.00,1.87
2015.10.14 12:24:23.582,1.46966,1.46995,1.00,1.75
2015.10.14 12:24:23.915,1.46969,1.46996,1.00,1.75
2015.10.14 12:24:24.223,1.46969,1.46996,1.75,1.00
2015.10.14 12:24:24.841,1.46967,1.46995,2.25,1.00
2015.10.14 12:24:25.468,1.4697,1.46997,1.50,1.00
2015.10.14 12:24:25.622,1.4697,1.46997,2.25,1.00
2015.10.14 12:24:26.131,1.46971,1.47,1.12,2.25
2015.10.14 12:24:26.618,1.4697,1.46997,2.25,1.75
2015.10.14 12:24:26.924,1.46966,1.46989,1.75,1.00
2015.10.14 12:24:27.026,1.46966,1.46988,1.12,1.00
2015.10.14 12:24:27.648,1.46963,1.46988,1.00,1.12
2015.10.14 12:24:27.700,1.46963,1.46987,1.00,1.75
2015.10.14 12:24:27.751,1.4696,1.46983,1.00,1.12
2015.10.14 12:24:27.853,1.4696,1.46981,1.00,1.00
2015.10.14 12:24:28.007,1.46955,1.46978,1.00,1.00
2015.10.14 12:24:28.111,1.4696,1.46984,1.00,1.50
2015.10.14 12:24:28.215,1.4696,1.46982,1.50,1.00
2015.10.14 12:24:28.319,1.4696,1.46988,1.00,1.75
2015.10.14 12:24:28.421,1.46962,1.4699,1.00,1.50
2015.10.14 12:24:28.472,1.46962,1.4699,1.00,1.75
2015.10.14 12:24:28.799,1.46968,1.46992,1.00,1.75
2015.10.14 12:24:29.470,1.4697,1.46995,1.00,1.75
2015.10.14 12:24:29.775,1.4697,1.46994,1.00,1.00
2015.10.14 12:24:30.302,1.4697,1.46995,1.00,1.00
2015.10.14 12:24:30.836,1.4697,1.46996,1.00,1.12
2015.10.14 12:24:31.611,1.4697,1.46995,1.00,1.00
2015.10.14 12:24:32.071,1.46968,1.46993,1.00,1.00
2015.10.14 12:24:32.377,1.46968,1.46988,1.00,1.00
2015.10.14 12:24:32.428,1.46965,1.46988,1.00,1.00
2015.10.14 12:24:32.972,1.46965,1.46989,1.00,1.00
2015.10.14 12:24:33.380,1.46968,1.46991,1.00,1.00
2015.10.14 12:24:33.685,1.46972,1.46994,1.00,1.00
2015.10.14 12:24:34.097,1.46967,1.46991,1.00,1.00
2015.10.14 12:24:34.149,1.46967,1.46988,1.00,1.00
2015.10.14 12:24:34.201,1.46964,1.46988,1.00,1.00
2015.10.14 12:24:34.253,1.46964,1.46983,1.00,1.00
2015.10.14 12:24:34.560,1.46961,1.46982,1.00,1.00
2015.10.14 12:24:34.612,1.46958,1.46982,1.12,1.00
2015.10.14 12:24:34.715,1.46965,1.46985,1.00,1.00
2015.10.14 12:24:35.283,1.46965,1.46986,1.00,1.00
2015.10.14 12:24:35.669,1.46965,1.46988,1.00,1.00
2015.10.14 12:24:35.924,1.46967,1.4699,1.00,1.12
2015.10.14 12:24:36.026,1.46967,1.46992,1.00,1.00
2015.10.14 12:24:36.563,1.46967,1.46992,1.37,1.00
2015.10.14 12:24:37.794,1.46967,1.46991,1.37,1.00
2015.10.14 12:24:38.010,1.46967,1.46993,1.37,1.00
2015.10.14 12:24:39.118,1.46967,1.46991,1.37,1.00
2015.10.14 12:24:39.718,1.46967,1.4699,1.37,1.00
2015.10.14 12:24:41.954,1.46967,1.46988,1.37,1.00
2015.10.14 12:24:42.006,1.46964,1.46988,1.50,1.00
2015.10.14 12:24:42.260,1.46964,1.46984,1.12,1.00
2015.10.14 12:24:42.566,1.46956,1.46981,1.37,1.00
2015.10.14 12:24:42.668,1.46956,1.46979,1.37,1.00
2015.10.14 12:24:42.822,1.46956,1.46981,1.37,1.00
2015.10.14 12:24:43.337,1.46956,1.46982,1.37,1.12
2015.10.14 12:24:43.388,1.46956,1.4698,1.37,1.00
2015.10.14 12:24:43.639,1.46956,1.4698,1.37,1.00
2015.10.14 12:24:44.165,1.46955,1.46981,3.00,1.00
2015.10.14 12:24:44.764,1.46956,1.46982,1.12,1.00
2015.10.14 12:24:45.276,1.46956,1.46982,1.12,1.00
2015.10.14 12:24:45.893,1.46957,1.46983,1.75,1.00
2015.10.14 12:24:46.688,1.46957,1.46983,1.37,1.37
2015.10.14 12:24:47.182,1.46957,1.46982,1.12,1.12
2015.10.14 12:24:47.335,1.46957,1.4698,1.12,1.37
2015.10.14 12:24:47.387,1.46955,1.46979,1.00,1.00
2015.10.14 12:24:47.445,1.46951,1.46976,1.87,1.00
2015.10.14 12:24:47.782,1.46949,1.46973,1.37,1.00
2015.10.14 12:24:47.886,1.46949,1.46973,1.12,1.00
2015.10.14 12:24:48.053,1.46948,1.46974,1.37,1.37
2015.10.14 12:24:48.155,1.46946,1.46973,1.37,1.75
2015.10.14 12:24:51.665,1.46944,1.46972,1.12,1.75
2015.10.14 12:24:51.768,1.46943,1.46969,2.25,1.37
2015.10.14 12:24:52.118,1.46934,1.46961,1.37,1.00
2015.10.14 12:24:52.424,1.4693,1.46955,1.37,1.00
2015.10.14 12:24:52.488,1.4693,1.46955,1.37,1.00
2015.10.14 12:24:53.159,1.4693,1.46953,1.37,1.00
2015.10.14 12:24:53.210,1.4693,1.46953,1.37,1.00
2015.10.14 12:24:54.387,1.46927,1.46948,1.37,1.00
2015.10.14 12:24:54.489,1.46926,1.46948,1.37,1.00
2015.10.14 12:24:54.847,1.46927,1.46946,1.37,1.00
2015.10.14 12:24:55.077,1.46927,1.46947,1.00,1.00
2015.10.14 12:24:56.141,1.46925,1.46947,1.00,1.00
2015.10.14 12:24:56.294,1.46924,1.46947,1.00,1.50
2015.10.14 12:24:56.555,1.46919,1.46942,1.87,1.00
2015.10.14 12:24:57.673,1.46919,1.4694,1.00,1.00
2015.10.14 12:24:59.627,1.46919,1.46942,1.00,1.00
2015.10.14 12:25:00.151,1.46919,1.46943,1.00,1.00
2015.10.14 12:25:01.436,1.46919,1.46943,1.50,1.50
2015.10.14 12:25:01.949,1.46919,1.46943,1.00,1.75
2015.10.14 12:25:05.663,1.46921,1.46945,1.00,1.75
2015.10.14 12:25:05.715,1.46921,1.46945,1.00,1.75
2015.10.14 12:25:06.021,1.46922,1.46948,1.50,1.75
2015.10.14 12:25:06.725,1.46922,1.46948,1.37,1.75
2015.10.14 12:25:07.153,1.46921,1.46947,1.00,1.50
2015.10.14 12:25:07.987,1.46921,1.46945,1.00,1.00
2015.10.14 12:25:08.726,1.46922,1.46947,1.00,1.50
2015.10.14 12:25:08.980,1.46924,1.46947,1.00,1.50
2015.10.14 12:25:09.363,1.46922,1.46947,1.00,1.50
2015.10.14 12:25:09.518,1.4692,1.46946,1.00,1.12
2015.10.14 12:25:09.944,1.46922,1.46946,1.00,1.87
2015.10.14 12:25:10.461,1.4692,1.46946,1.00,1.87
2015.10.14 12:25:12.359,1.46919,1.46946,1.12,2.25
2015.10.14 12:25:12.461,1.46917,1.46942,1.87,1.12
2015.10.14 12:25:14.370,1.46919,1.46943,1.00,1.50
2015.10.14 12:25:15.266,1.46921,1.46942,1.00,1.12
2015.10.14 12:25:15.522,1.46917,1.46942,1.12,1.12
2015.10.14 12:25:15.777,1.46921,1.46944,1.00,1.75
2015.10.14 12:25:16.286,1.46922,1.46944,1.00,1.50
2015.10.14 12:25:17.992,1.46921,1.46943,1.00,1.12
2015.10.14 12:25:18.634,1.46921,1.46944,1.00,1.12
2015.10.14 12:25:20.716,1.46922,1.46945,1.00,1.50
2015.10.14 12:25:21.259,1.46922,1.46946,1.00,1.50
2015.10.14 12:25:22.172,1.4692,1.46944,1.00,1.00
2015.10.14 12:25:22.381,1.46921,1.4694,1.00,1.00
2015.10.14 12:25:22.483,1.46916,1.46942,1.37,1.37
2015.10.14 12:25:23.097,1.46916,1.46944,1.37,1.75
2015.10.14 12:25:23.302,1.46918,1.46945,1.37,1.12
2015.10.14 12:25:23.899,1.46919,1.46948,1.00,1.87
2015.10.14 12:25:24.002,1.46915,1.46942,2.25,1.00
2015.10.14 12:25:24.206,1.46915,1.46943,1.00,1.50
2015.10.14 12:25:24.461,1.46915,1.4694,1.00,1.00
2015.10.14 12:25:24.971,1.46915,1.46939,1.00,1.00
2015.10.14 12:25:25.475,1.46915,1.4694,1.00,1.00
2015.10.14 12:25:26.012,1.46911,1.4694,3.37,1.00
2015.10.14 12:25:26.514,1.46913,1.46941,1.00,1.00
2015.10.14 12:25:27.887,1.46916,1.4694,1.00,1.00
2015.10.14 12:25:28.096,1.46916,1.46942,1.00,1.12
2015.10.14 12:25:28.149,1.46913,1.46942,1.00,1.12
2015.10.14 12:25:29.101,1.46913,1.4694,1.00,1.00
2015.10.14 12:25:29.632,1.46911,1.46937,2.25,1.00
2015.10.14 12:25:30.050,1.46911,1.46939,2.25,1.00
2015.10.14 12:25:31.958,1.46916,1.46943,1.50,1.00
2015.10.14 12:25:32.010,1.46916,1.46943,1.75,1.00
2015.10.14 12:25:32.112,1.46916,1.46943,1.37,1.00
2015.10.14 12:25:33.593,1.46914,1.4694,1.12,1.00
2015.10.14 12:25:35.484,1.46912,1.46939,1.50,1.00
2015.10.14 12:25:36.103,1.46912,1.4694,1.50,1.00
2015.10.14 12:25:37.429,1.46912,1.46935,1.50,1.00
2015.10.14 12:25:37.689,1.46909,1.46935,1.50,1.00
2015.10.14 12:25:38.096,1.46905,1.46934,3.00,1.37
2015.10.14 12:25:38.147,1.46905,1.46934,2.62,1.50
2015.10.14 12:25:38.198,1.46903,1.46924,1.12,1.00
2015.10.14 12:25:38.352,1.46905,1.46925,1.00,1.00
2015.10.14 12:25:38.557,1.46905,1.46927,1.00,1.00
2015.10.14 12:25:38.659,1.46906,1.46929,1.00,1.00
2015.10.14 12:25:39.161,1.46905,1.46929,1.00,1.00
2015.10.14 12:25:39.212,1.46906,1.46926,1.00,1.00
2015.10.14 12:25:39.875,1.46901,1.46924,1.37,1.00
2015.10.14 12:25:39.977,1.46901,1.46922,1.37,1.00
2015.10.14 12:25:40.507,1.46901,1.46925,1.37,1.00
2015.10.14 12:25:41.017,1.46901,1.46924,1.37,1.00
2015.10.14 12:25:41.529,1.46901,1.46923,1.37,1.00
2015.10.14 12:25:42.050,1.469,1.46925,1.37,1.00
2015.10.14 12:25:42.559,1.46899,1.46925,1.87,1.00
2015.10.14 12:25:43.048,1.46901,1.46923,1.12,1.00
2015.10.14 12:25:44.135,1.469,1.46924,1.37,1.00
2015.10.14 12:25:44.528,1.46897,1.46922,1.50,1.37
2015.10.14 12:25:45.892,1.46905,1.46927,1.00,1.87
2015.10.14 12:25:46.148,1.46905,1.46927,1.00,1.12
2015.10.14 12:25:46.912,1.46906,1.46927,1.00,1.12
2015.10.14 12:25:48.078,1.46905,1.46929,1.00,1.75
2015.10.14 12:25:48.538,1.46905,1.46931,1.00,1.37
2015.10.14 12:25:51.180,1.46906,1.46931,1.00,1.37
2015.10.14 12:25:51.711,1.46905,1.46931,1.00,1.37
2015.10.14 12:25:52.235,1.46906,1.46929,1.00,1.00
2015.10.14 12:25:52.822,1.46906,1.46928,1.00,1.00
2015.10.14 12:25:54.280,1.46905,1.46926,1.12,1.00
2015.10.14 12:25:54.587,1.46901,1.46922,1.37,1.00
2015.10.14 12:25:54.894,1.46906,1.46924,1.00,1.12
2015.10.14 12:25:55.155,1.46901,1.46923,1.37,1.00
2015.10.14 12:25:55.667,1.469,1.46922,2.62,1.00
2015.10.14 12:25:56.132,1.46906,1.46922,1.00,1.00
2015.10.14 12:25:56.285,1.469,1.46922,2.62,1.00
2015.10.14 12:25:56.827,1.469,1.4692,1.87,1.00
2015.10.14 12:25:57.108,1.469,1.46923,1.87,1.12
2015.10.14 12:25:57.684,1.46901,1.46922,1.00,1.00
2015.10.14 12:25:58.248,1.46905,1.46926,1.00,1.75
2015.10.14 12:25:59.358,1.46905,1.46922,1.00,1.00
2015.10.14 12:25:59.461,1.46901,1.46922,1.37,1.00
2015.10.14 12:25:59.814,1.46905,1.46922,1.00,1.00
2015.10.14 12:26:00.208,1.469,1.46921,1.50,1.00
2015.10.14 12:26:00.712,1.46901,1.4692,1.00,1.00
2015.10.14 12:26:01.325,1.46901,1.46921,1.00,1.00
2015.10.14 12:26:01.861,1.46905,1.46924,1.00,1.00
2015.10.14 12:26:02.067,1.46905,1.46926,1.00,1.12
2015.10.14 12:26:02.650,1.46905,1.46925,1.00,1.00
2015.10.14 12:26:03.380,1.46905,1.46926,1.00,1.00
2015.10.14 12:26:04.038,1.46905,1.46925,1.00,1.00
2015.10.14 12:26:04.289,1.46907,1.46937,1.12,1.50
2015.10.14 12:26:04.392,1.46915,1.46938,1.00,1.75
2015.10.14 12:26:04.447,1.46915,1.46939,1.00,1.12
2015.10.14 12:26:05.039,1.46914,1.46939,1.00,1.00
2015.10.14 12:26:05.588,1.46915,1.46939,1.00,1.00
2015.10.14 12:26:06.136,1.46915,1.46937,1.37,1.00
2015.10.14 12:26:06.290,1.46915,1.46939,1.75,1.00
2015.10.14 12:26:07.271,1.46915,1.4694,1.75,1.00
2015.10.14 12:26:07.701,1.46915,1.46938,1.75,1.00
2015.10.14 12:26:08.148,1.46915,1.46939,1.00,1.00
2015.10.14 12:26:08.200,1.46916,1.46935,1.00,1.00
2015.10.14 12:26:08.507,1.46916,1.46933,1.00,1.00
2015.10.14 12:26:08.558,1.4691,1.46933,1.00,1.00
2015.10.14 12:26:10.440,1.4691,1.46932,1.00,1.00
2015.10.14 12:26:10.644,1.4691,1.4693,1.00,1.00
2015.10.14 12:26:11.194,1.4691,1.46931,1.00,1.00
2015.10.14 12:26:11.882,1.46911,1.46931,1.00,1.00
2015.10.14 12:26:12.743,1.4691,1.46931,1.00,1.00
2015.10.14 12:26:13.195,1.46916,1.46933,1.00,1.00
2015.10.14 12:26:13.717,1.46916,1.46936,1.00,1.50
2015.10.14 12:26:14.227,1.46916,1.46933,1.00,1.00
2015.10.14 12:26:14.769,1.46915,1.46933,1.00,1.00
2015.10.14 12:26:15.313,1.46916,1.46933,1.00,1.00
2015.10.14 12:26:16.250,1.46916,1.46932,1.00,1.00
2015.10.14 12:26:17.383,1.46911,1.46928,1.00,1.00
2015.10.14 12:26:17.956,1.46911,1.46927,1.00,1.00
2015.10.14 12:26:18.272,1.46906,1.46927,1.00,1.00
2015.10.14 12:26:18.680,1.4691,1.46927,1.00,1.00
2015.10.14 12:26:18.935,1.46906,1.46924,1.00,1.00
2015.10.14 12:26:19.140,1.46903,1.46925,1.00,1.00
2015.10.14 12:26:19.407,1.46903,1.46928,1.00,1.00
2015.10.14 12:26:19.458,1.46906,1.46928,1.00,1.00
2015.10.14 12:26:19.916,1.46906,1.46926,1.00,1.00
2015.10.14 12:26:20.879,1.46905,1.46926,1.00,1.00
2015.10.14 12:26:24.871,1.46905,1.46924,1.00,1.00
2015.10.14 12:26:25.330,1.46907,1.46925,1.00,1.00
2015.10.14 12:26:25.636,1.46911,1.46926,1.12,1.00
2015.10.14 12:26:25.687,1.46911,1.46934,1.12,1.00
2015.10.14 12:26:26.196,1.46911,1.46933,1.12,1.00
2015.10.14 12:26:26.750,1.4691,1.46936,1.12,1.00
2015.10.14 12:26:27.276,1.4691,1.46937,1.12,1.00
2015.10.14 12:26:27.918,1.46911,1.46937,1.00,1.50
2015.10.14 12:26:28.180,1.4691,1.46937,1.00,2.25
2015.10.14 12:26:29.269,1.46911,1.46937,1.37,1.75
2015.10.14 12:26:29.321,1.46911,1.46937,1.37,1.12
2015.10.14 12:26:29.423,1.4691,1.46935,1.87,1.00
2015.10.14 12:26:29.525,1.4691,1.46937,2.62,1.12
2015.10.14 12:26:29.827,1.46916,1.46942,1.00,1.75
2015.10.14 12:26:29.879,1.46916,1.46942,1.00,1.75
2015.10.14 12:26:29.981,1.46917,1.46944,1.00,1.87
2015.10.14 12:26:30.495,1.46917,1.46942,1.00,1.00
2015.10.14 12:26:30.597,1.46917,1.46945,1.00,1.00
2015.10.14 12:26:30.700,1.46919,1.46946,1.00,1.00
2015.10.14 12:26:31.006,1.46921,1.46947,1.00,1.87
2015.10.14 12:26:31.210,1.46919,1.46947,1.00,1.87
2015.10.14 12:26:31.425,1.46919,1.46947,1.00,1.87
2015.10.14 12:26:31.476,1.46917,1.46943,1.00,1.00
2015.10.14 12:26:31.996,1.46918,1.46943,1.00,1.00
2015.10.14 12:26:33.097,1.46915,1.46942,1.12,1.00
2015.10.14 12:26:33.301,1.46915,1.46942,1.00,1.75
2015.10.14 12:26:34.060,1.46913,1.46942,1.00,1.75
2015.10.14 12:26:34.112,1.46915,1.46942,1.00,1.75
2015.10.14 12:26:34.443,1.46911,1.4694,1.87,1.50
2015.10.14 12:26:35.840,1.46911,1.46938,1.87,1.00
2015.10.14 12:26:39.808,1.46911,1.46937,1.12,1.00
2015.10.14 12:26:41.144,1.46911,1.46938,1.12,1.00
2015.10.14 12:26:41.662,1.46911,1.46937,1.12,1.00
2015.10.14 12:26:42.192,1.46911,1.46938,1.87,1.00
2015.10.14 12:26:42.243,1.46911,1.46934,1.12,1.00
2015.10.14 12:26:42.346,1.46907,1.46934,1.00,1.00
2015.10.14 12:26:42.448,1.46907,1.4693,1.00,1.00
2015.10.14 12:26:42.499,1.46904,1.4693,1.00,1.12
2015.10.14 12:26:42.550,1.46905,1.46928,1.00,1.00
2015.10.14 12:26:42.653,1.46905,1.4693,1.00,1.12
2015.10.14 12:26:43.175,1.46904,1.4693,1.00,1.12
2015.10.14 12:26:43.227,1.46906,1.46932,1.00,1.75
2015.10.14 12:26:43.329,1.46904,1.4693,1.00,1.12
2015.10.14 12:26:43.584,1.46906,1.46931,1.00,1.50
2015.10.14 12:26:43.788,1.46902,1.46929,1.00,1.00
2015.10.14 12:26:44.307,1.46903,1.46932,1.00,1.75
2015.10.14 12:26:44.864,1.46904,1.46932,1.00,1.75
2015.10.14 12:26:45.391,1.46903,1.46931,1.00,1.50
2015.10.14 12:26:45.837,1.46901,1.4693,1.12,1.12
2015.10.14 12:26:45.940,1.46901,1.4693,1.00,1.75
2015.10.14 12:26:46.246,1.46901,1.46923,1.00,1.00
2015.10.14 12:26:46.400,1.46896,1.46923,2.25,1.00
2015.10.14 12:26:46.553,1.46896,1.46923,1.87,1.75
2015.10.14 12:26:46.759,1.46895,1.46925,1.50,1.75
2015.10.14 12:26:47.356,1.46894,1.46924,1.00,1.75
2015.10.14 12:26:48.259,1.46893,1.46923,1.00,1.75
2015.10.14 12:26:48.565,1.46895,1.46926,1.00,4.50
2015.10.14 12:26:48.871,1.46898,1.46925,1.00,1.75
2015.10.14 12:26:49.233,1.46896,1.46924,1.50,1.75
2015.10.14 12:26:50.130,1.46898,1.46924,1.00,1.75
2015.10.14 12:26:51.959,1.46898,1.46923,1.00,1.50
2015.10.14 12:26:54.601,1.46899,1.46923,1.00,1.00
2015.10.14 12:26:55.132,1.46898,1.46923,1.00,1.00
2015.10.14 12:26:55.234,1.46901,1.46923,1.00,1.00
2015.10.14 12:26:58.398,1.469,1.46923,1.00,1.00
2015.10.14 12:26:58.947,1.46902,1.46925,1.00,1.00
2015.10.14 12:26:59.455,1.46902,1.46928,1.00,1.75
2015.10.14 12:27:00.400,1.46906,1.46928,1.00,1.75
2015.10.14 12:27:00.836,1.46905,1.4693,1.50,1.00
2015.10.14 12:27:01.383,1.46905,1.46931,1.50,1.00
2015.10.14 12:27:02.028,1.46906,1.46931,1.00,1.00
2015.10.14 12:27:02.717,1.46906,1.4693,1.00,1.00
2015.10.14 12:27:03.234,1.46906,1.46932,1.00,1.75
2015.10.14 12:27:03.463,1.4691,1.46933,1.00,1.75
2015.10.14 12:27:03.719,1.46905,1.46933,1.87,1.75
2015.10.14 12:27:04.348,1.46906,1.46933,1.00,1.75
2015.10.14 12:27:04.450,1.46906,1.46933,1.00,1.75
2015.10.14 12:27:07.228,1.46906,1.4693,1.00,1.00
2015.10.14 12:27:08.782,1.46906,1.46933,1.00,1.87
2015.10.14 12:27:12.391,1.46911,1.46929,1.00,1.00
2015.10.14 12:27:13.050,1.4691,1.46929,1.00,1.00
2015.10.14 12:27:13.459,1.46906,1.46929,1.00,1.00
2015.10.14 12:27:13.961,1.46905,1.46929,1.50,1.00
2015.10.14 12:27:14.503,1.46906,1.46929,1.00,1.00
2015.10.14 12:27:16.061,1.46905,1.46929,1.50,1.00
2015.10.14 12:27:20.452,1.46906,1.46929,1.00,1.00
2015.10.14 12:27:20.983,1.46905,1.46929,1.00,1.50
2015.10.14 12:27:22.206,1.46905,1.46927,1.00,1.00
2015.10.14 12:27:23.329,1.46905,1.46926,1.50,1.00
2015.10.14 12:27:23.535,1.46905,1.46928,1.00,1.00
2015.10.14 12:27:26.846,1.46905,1.46929,1.00,1.50
2015.10.14 12:27:28.256,1.46905,1.46928,1.00,1.00
2015.10.14 12:27:29.364,1.46906,1.46928,1.00,1.00
2015.10.14 12:27:29.868,1.46906,1.46929,1.00,1.50
2015.10.14 12:27:30.436,1.46905,1.46928,1.50,1.00
2015.10.14 12:27:30.590,1.46905,1.46931,1.50,1.00
2015.10.14 12:27:31.092,1.46905,1.46932,1.50,1.00
2015.10.14 12:27:31.770,1.46906,1.46932,1.00,1.00
2015.10.14 12:27:32.466,1.46905,1.46932,1.50,1.00
2015.10.14 12:27:33.631,1.46905,1.46927,1.50,1.00
2015.10.14 12:27:33.937,1.46905,1.46927,1.37,1.00
2015.10.14 12:27:33.989,1.46905,1.46927,1.12,1.00
2015.10.14 12:27:34.563,1.46905,1.46926,1.12,1.00
2015.10.14 12:27:34.885,1.46905,1.46928,1.37,1.00
2015.10.14 12:27:35.472,1.46906,1.46927,1.12,1.00
2015.10.14 12:27:35.991,1.46906,1.46926,1.12,1.00
2015.10.14 12:27:36.653,1.46902,1.46927,1.87,1.00
2015.10.14 12:27:36.756,1.46902,1.46924,1.87,1.00
2015.10.14 12:27:36.959,1.46901,1.46923,1.12,1.00
2015.10.14 12:27:37.594,1.46901,1.46921,1.12,1.00
2015.10.14 12:27:37.953,1.46901,1.46924,1.12,1.12
2015.10.14 12:27:38.466,1.46901,1.46923,1.12,1.00
2015.10.14 12:27:40.384,1.46901,1.46925,1.12,1.50
2015.10.14 12:27:41.337,1.469,1.46925,1.00,1.50
2015.10.14 12:27:42.110,1.46901,1.46927,1.00,1.75
2015.10.14 12:27:42.568,1.46906,1.46929,1.00,1.75
2015.10.14 12:27:43.848,1.46902,1.46929,1.12,1.75
2015.10.14 12:27:44.318,1.46906,1.46929,1.00,1.75
2015.10.14 12:27:44.843,1.46905,1.46931,1.00,1.75
2015.10.14 12:27:46.496,1.46906,1.46928,1.00,1.12
2015.10.14 12:27:46.795,1.46906,1.46928,1.12,1.37
2015.10.14 12:27:47.307,1.46906,1.46928,1.00,1.37
2015.10.14 12:27:47.831,1.46905,1.46927,1.00,1.00
2015.10.14 12:27:49.915,1.46905,1.46926,1.00,1.00
2015.10.14 12:27:50.123,1.469,1.46926,1.12,1.00
2015.10.14 12:27:50.595,1.469,1.46928,1.87,1.00
2015.10.14 12:27:51.143,1.46901,1.46928,1.00,1.00
2015.10.14 12:27:51.665,1.46901,1.46929,1.00,1.12
2015.10.14 12:27:52.223,1.46902,1.46928,1.00,1.00
2015.10.14 12:27:56.311,1.46905,1.46931,1.00,1.75
2015.10.14 12:27:56.465,1.46908,1.46934,1.00,1.50
2015.10.14 12:27:56.787,1.46904,1.46931,1.00,1.00
2015.10.14 12:27:57.315,1.46905,1.46931,1.00,1.00
2015.10.14 12:27:57.823,1.46906,1.46931,1.00,1.00
2015.10.14 12:27:58.942,1.46907,1.46933,1.00,1.00
2015.10.14 12:27:59.388,1.46907,1.46935,1.00,1.00
2015.10.14 12:28:00.038,1.46906,1.46932,1.50,1.00
2015.10.14 12:28:01.144,1.46906,1.46934,2.25,1.00
2015.10.14 12:28:01.501,1.46906,1.46932,2.25,1.00
2015.10.14 12:28:02.105,1.46907,1.46933,1.00,1.00
2015.10.14 12:28:03.890,1.46906,1.46933,1.50,1.00
2015.10.14 12:28:04.794,1.46906,1.46932,1.50,1.00
2015.10.14 12:28:07.349,1.46908,1.46932,3.00,1.00
2015.10.14 12:28:07.401,1.46914,1.46938,1.37,1.00
2015.10.14 12:28:07.555,1.46916,1.46941,1.12,1.00
2015.10.14 12:28:07.657,1.46916,1.46938,1.12,1.00
2015.10.14 12:28:07.974,1.46916,1.4694,1.12,1.00
2015.10.14 12:28:08.751,1.46916,1.46941,1.12,1.00
2015.10.14 12:28:10.392,1.46916,1.46942,1.12,1.00
2015.10.14 12:28:10.699,1.46916,1.4694,1.00,1.00
2015.10.14 12:28:11.281,1.46916,1.46939,1.00,1.00
2015.10.14 12:28:13.062,1.46916,1.46938,1.00,1.00
2015.10.14 12:28:13.164,1.46914,1.46938,1.00,1.00
2015.10.14 12:28:13.673,1.46914,1.46937,1.00,1.00
2015.10.14 12:28:15.576,1.46914,1.46939,1.00,1.00
2015.10.14 12:28:15.678,1.46914,1.46937,1.00,1.00
2015.10.14 12:28:16.155,1.46914,1.46939,1.00,1.00
2015.10.14 12:28:17.846,1.46914,1.46938,1.00,1.00
2015.10.14 12:28:18.524,1.46914,1.46935,1.00,1.00
2015.10.14 12:28:20.171,1.46914,1.46938,1.00,1.00
2015.10.14 12:28:20.222,1.46911,1.46938,1.87,1.00
2015.10.14 12:28:20.425,1.46917,1.46938,1.12,1.00
2015.10.14 12:28:20.527,1.46918,1.46947,1.50,1.37
2015.10.14 12:28:20.579,1.46921,1.46947,1.12,1.00
2015.10.14 12:28:20.886,1.46921,1.46948,2.25,1.00
2015.10.14 12:28:21.039,1.46921,1.4695,1.75,1.00
2015.10.14 12:28:21.196,1.46921,1.4695,1.50,1.50
2015.10.14 12:28:21.725,1.4692,1.46949,1.75,1.37
2015.10.14 12:28:22.031,1.46924,1.46949,1.00,1.00
2015.10.14 12:28:23.243,1.46925,1.46952,1.37,1.12
2015.10.14 12:28:23.448,1.46931,1.46952,1.00,1.00
2015.10.14 12:28:23.656,1.46931,1.46958,1.37,1.37
2015.10.14 12:28:23.708,1.46932,1.46957,1.12,1.00
2015.10.14 12:28:23.810,1.46932,1.46957,1.50,1.00
2015.10.14 12:28:23.963,1.46932,1.46957,1.00,1.00
2015.10.14 12:28:26.281,1.46932,1.46957,1.87,1.00
2015.10.14 12:28:27.452,1.46932,1.46956,1.87,1.00
2015.10.14 12:28:28.098,1.46929,1.46955,1.37,1.00
2015.10.14 12:28:28.403,1.46926,1.46948,1.12,1.00
2015.10.14 12:28:28.607,1.46923,1.46946,1.37,1.00
2015.10.14 12:28:29.154,1.4692,1.46947,1.87,1.00
2015.10.14 12:28:29.411,1.4692,1.46947,1.37,1.00
2015.10.14 12:28:29.945,1.4692,1.46947,1.37,1.00
2015.10.14 12:28:31.186,1.4692,1.46946,1.87,1.00
2015.10.14 12:28:31.937,1.4692,1.46947,1.87,1.00
2015.10.14 12:28:32.486,1.4692,1.46947,1.37,1.00
2015.10.14 12:28:33.104,1.4692,1.46947,1.37,1.00
2015.10.14 12:28:34.253,1.46922,1.46947,1.37,1.00
2015.10.14 12:28:34.945,1.46922,1.46947,1.37,1.00
2015.10.14 12:28:35.456,1.46922,1.46948,1.37,1.50
2015.10.14 12:28:36.001,1.46924,1.46948,1.00,1.00
2015.10.14 12:28:36.052,1.46924,1.4695,1.37,1.37
2015.10.14 12:28:36.104,1.46924,1.4695,1.37,1.00
2015.10.14 12:28:36.155,1.46924,1.46953,1.37,1.12
2015.10.14 12:28:37.050,1.46926,1.46953,1.75,1.00
2015.10.14 12:28:37.567,1.46925,1.46952,1.50,1.12
2015.10.14 12:28:41.002,1.46927,1.46955,1.87,1.00
2015.10.14 12:28:41.155,1.46927,1.46955,1.87,1.00
2015.10.14 12:28:41.851,1.46927,1.46955,1.87,1.00
2015.10.14 12:28:42.158,1.46927,1.46956,1.87,1.50
2015.10.14 12:28:42.690,1.46928,1.46955,1.37,1.00
2015.10.14 12:28:43.671,1.46928,1.46955,1.37,1.37
2015.10.14 12:28:43.723,1.46926,1.46948,1.37,1.00
2015.10.14 12:28:43.909,1.46923,1.46948,2.25,1.12
2015.10.14 12:28:44.164,1.46921,1.46947,1.12,1.00
2015.10.14 12:28:44.702,1.46922,1.46948,1.00,1.12
2015.10.14 12:28:45.858,1.46922,1.46948,1.37,1.12
2015.10.14 12:28:46.363,1.46921,1.46947,1.50,1.00
2015.10.14 12:28:47.055,1.4692,1.46946,2.25,1.00
2015.10.14 12:28:47.463,1.46921,1.46946,1.00,1.00
2015.10.14 12:28:48.169,1.46921,1.46947,1.00,1.00
2015.10.14 12:28:48.744,1.46921,1.46945,1.00,1.00
2015.10.14 12:28:49.355,1.46918,1.46944,1.87,1.00
2015.10.14 12:28:49.890,1.46918,1.46944,1.87,1.00
2015.10.14 12:28:51.880,1.46918,1.46944,2.25,1.00
2015.10.14 12:28:51.932,1.46919,1.46948,1.87,1.50
2015.10.14 12:28:52.291,1.46928,1.46948,1.00,1.00
2015.10.14 12:28:52.343,1.46925,1.46952,1.12,1.00
2015.10.14 12:28:52.854,1.46924,1.46951,1.12,1.00
2015.10.14 12:28:53.696,1.46924,1.4695,1.37,1.00
2015.10.14 12:28:54.246,1.46924,1.46951,1.37,1.00
2015.10.14 12:28:54.891,1.46924,1.46951,1.37,1.00
2015.10.14 12:28:55.198,1.46924,1.46949,1.37,1.00
2015.10.14 12:28:55.786,1.46924,1.46949,1.12,1.00
2015.10.14 12:28:56.091,1.46924,1.46947,1.12,1.00
2015.10.14 12:28:58.864,1.4692,1.46946,1.75,1.00
2015.10.14 12:28:59.629,1.46921,1.46947,1.50,1.00
2015.10.14 12:29:00.280,1.46919,1.46942,1.12,1.00
2015.10.14 12:29:00.332,1.46915,1.46942,1.75,1.00
2015.10.14 12:29:00.384,1.46915,1.4694,1.75,1.00
2015.10.14 12:29:00.888,1.46915,1.4694,1.75,1.00
2015.10.14 12:29:01.267,1.46915,1.46942,1.75,1.00
2015.10.14 12:29:01.573,1.46914,1.46942,1.37,1.75
2015.10.14 12:29:01.625,1.46914,1.46942,1.37,1.75
2015.10.14 12:29:02.167,1.46915,1.46939,1.37,1.00
2015.10.14 12:29:03.329,1.46915,1.46939,1.37,1.00
2015.10.14 12:29:04.609,1.46915,1.46938,1.37,1.00
2015.10.14 12:29:04.940,1.46915,1.46938,1.00,1.00
2015.10.14 12:29:04.991,1.46913,1.46939,1.12,1.00
2015.10.14 12:29:05.094,1.46916,1.46943,1.12,1.37
2015.10.14 12:29:05.145,1.46916,1.46943,1.50,1.00
2015.10.14 12:29:05.197,1.46916,1.46943,1.50,1.00
2015.10.14 12:29:05.766,1.46919,1.46942,1.00,1.00
2015.10.14 12:29:05.869,1.46919,1.46944,1.00,1.12
2015.10.14 12:29:06.393,1.46918,1.46944,1.00,1.12
2015.10.14 12:29:06.922,1.46916,1.46945,2.25,1.50
2015.10.14 12:29:08.164,1.46916,1.46942,1.50,1.00
2015.10.14 12:29:08.471,1.46913,1.4694,1.75,1.00
2015.10.14 12:29:08.774,1.4691,1.46935,1.12,1.00
2015.10.14 12:29:09.176,1.4691,1.46933,1.12,1.00
2015.10.14 12:29:10.159,1.46913,1.46933,1.50,1.00
2015.10.14 12:29:13.369,1.46909,1.46934,1.12,1.00
2015.10.14 12:29:13.675,1.46907,1.4693,1.75,1.00
2015.10.14 12:29:13.777,1.46907,1.46932,1.75,1.00
2015.10.14 12:29:14.247,1.46906,1.46929,2.25,1.00
2015.10.14 12:29:14.298,1.4691,1.46929,1.00,1.00
2015.10.14 12:29:14.451,1.4691,1.46931,1.00,1.00
2015.10.14 12:29:15.277,1.4691,1.4693,1.00,1.00
2015.10.14 12:29:15.431,1.46905,1.46931,1.75,1.00
2015.10.14 12:29:15.792,1.46905,1.46927,1.37,1.00
2015.10.14 12:29:15.895,1.46898,1.46927,2.25,1.00
2015.10.14 12:29:16.422,1.46898,1.46926,1.75,1.00
2015.10.14 12:29:16.476,1.46893,1.46923,1.50,1.00
2015.10.14 12:29:16.984,1.46894,1.46926,1.12,1.75
2015.10.14 12:29:17.342,1.46896,1.46927,1.00,1.75
2015.10.14 12:29:17.664,1.46896,1.46927,1.75,1.12
2015.10.14 12:29:17.974,1.4689,1.46919,1.75,1.00
2015.10.14 12:29:18.332,1.4689,1.46917,1.75,1.00
2015.10.14 12:29:18.596,1.46885,1.46915,1.50,1.00
2015.10.14 12:29:19.410,1.46886,1.46915,1.00,1.00
2015.10.14 12:29:19.609,1.46887,1.46919,1.75,1.87
2015.10.14 12:29:19.865,1.46886,1.46916,1.00,1.50
2015.10.14 12:29:20.196,1.46885,1.46916,1.37,1.50
2015.10.14 12:29:20.450,1.46875,1.46903,1.00,1.00
2015.10.14 12:29:20.741,1.46875,1.469,1.00,1.00
2015.10.14 12:29:21.401,1.46872,1.46896,1.37,1.00
2015.10.14 12:29:21.452,1.46872,1.46896,1.00,1.00
2015.10.14 12:29:21.555,1.46866,1.46896,1.75,1.12
2015.10.14 12:29:21.860,1.46866,1.46896,1.75,1.00
2015.10.14 12:29:21.917,1.46868,1.46899,1.75,1.12
2015.10.14 12:29:22.426,1.46872,1.46901,1.37,1.37
2015.10.14 12:29:22.478,1.46872,1.46902,2.25,1.12
2015.10.14 12:29:23.161,1.46872,1.46901,1.75,1.00
2015.10.14 12:29:23.671,1.46872,1.46903,1.75,1.50
2015.10.14 12:29:23.722,1.46872,1.46903,1.75,1.12
2015.10.14 12:29:24.092,1.46873,1.46905,1.75,1.00
2015.10.14 12:29:24.604,1.46873,1.46903,1.75,1.00
2015.10.14 12:29:24.816,1.46874,1.46906,1.75,1.87
2015.10.14 12:29:25.328,1.46874,1.46905,1.75,1.00
2015.10.14 12:29:25.840,1.46878,1.46909,1.00,1.75
2015.10.14 12:29:26.845,1.46878,1.46909,1.87,1.50
2015.10.14 12:29:26.897,1.46881,1.46911,1.00,1.75
2015.10.14 12:29:27.102,1.46884,1.46912,1.00,1.75
2015.10.14 12:29:27.974,1.4688,1.46913,1.12,1.75
2015.10.14 12:29:29.127,1.46874,1.46907,1.75,1.00
2015.10.14 12:29:29.230,1.46874,1.46909,1.75,1.87
2015.10.14 12:29:30.152,1.46871,1.46909,2.25,1.37
2015.10.14 12:29:30.204,1.46868,1.46909,2.25,1.75
2015.10.14 12:29:30.307,1.46871,1.46906,2.25,1.12
2015.10.14 12:29:30.615,1.46864,1.46904,2.25,1.75
2015.10.14 12:29:31.080,1.46862,1.46896,2.25,1.12
2015.10.14 12:29:31.132,1.46869,1.46898,1.00,1.00
2015.10.14 12:29:31.183,1.46868,1.46904,2.25,1.37
2015.10.14 12:29:31.234,1.46875,1.46904,1.00,1.00
2015.10.14 12:29:31.743,1.46875,1.46905,1.00,1.00
2015.10.14 12:29:31.795,1.46873,1.46912,2.25,3.00
2015.10.14 12:29:31.846,1.46874,1.46918,2.25,2.25
2015.10.14 12:29:35.286,1.46879,1.46918,2.25,2.25
2015.10.14 12:29:35.338,1.46881,1.46921,2.25,1.75
2015.10.14 12:29:35.806,1.46881,1.4692,2.25,1.75
2015.10.14 12:29:35.858,1.46878,1.4692,2.25,2.25
2015.10.14 12:29:39.724,1.46879,1.4692,2.25,2.25
2015.10.14 12:29:39.776,1.4688,1.46924,2.25,2.25
2015.10.14 12:29:41.415,1.46883,1.46924,2.25,2.25
2015.10.14 12:29:41.466,1.46891,1.4692,1.00,1.00
2015.10.14 12:29:41.725,1.46885,1.46927,2.25,1.75
2015.10.14 12:29:42.032,1.46887,1.46929,2.25,2.25
2015.10.14 12:29:44.904,1.46887,1.46927,2.25,2.25
2015.10.14 12:29:44.956,1.46891,1.4692,1.00,1.00
2015.10.14 12:29:45.723,1.46883,1.46923,2.25,2.25
2015.10.14 12:29:45.774,1.46886,1.46915,1.00,1.00
2015.10.14 12:29:46.333,1.46884,1.46923,2.25,2.25
2015.10.14 12:29:46.384,1.46885,1.46929,2.25,2.25
2015.10.14 12:29:46.435,1.46885,1.46927,2.25,2.25
2015.10.14 12:29:46.486,1.46882,1.46926,2.25,2.25
2015.10.14 12:29:46.711,1.46885,1.46926,2.25,2.25
2015.10.14 12:29:46.762,1.46887,1.4693,2.25,2.25
2015.10.14 12:29:47.164,1.4689,1.46933,2.25,2.25
2015.10.14 12:29:47.468,1.46892,1.46936,2.25,2.25
2015.10.14 12:29:50.716,1.46892,1.46932,2.25,2.25
2015.10.14 12:29:50.767,1.46889,1.46931,2.25,2.25
2015.10.14 12:29:50.819,1.46889,1.46927,2.25,2.25
2015.10.14 12:29:50.870,1.4689,1.46919,1.00,1.00
2015.10.14 12:29:50.921,1.46882,1.46924,2.25,2.25
2015.10.14 12:29:50.972,1.4688,1.46922,2.25,2.25
2015.10.14 12:29:51.023,1.46882,1.46922,2.25,2.25
2015.10.14 12:29:51.074,1.46883,1.46925,2.25,2.25
2015.10.14 12:29:51.125,1.46898,1.46925,1.87,1.87
2015.10.14 12:29:51.177,1.46899,1.46935,2.25,1.00
2015.10.14 12:29:51.228,1.4691,1.46935,1.87,1.00
2015.10.14 12:29:51.279,1.46911,1.46955,2.25,2.25
2015.10.14 12:29:51.331,1.46913,1.46955,2.25,2.25
2015.10.14 12:29:51.596,1.46925,1.46962,2.25,1.75
2015.10.14 12:29:51.900,1.46921,1.46965,2.25,2.25
2015.10.14 12:29:51.951,1.46921,1.4696,2.25,2.25
2015.10.14 12:29:52.002,1.46916,1.46959,2.25,2.25
2015.10.14 12:29:52.484,1.4692,1.46949,1.00,1.00
2015.10.14 12:29:52.536,1.46917,1.46956,2.25,2.25
2015.10.14 12:29:52.587,1.46918,1.4696,2.25,2.25
2015.10.14 12:29:52.689,1.46915,1.46958,2.25,2.25
2015.10.14 12:29:53.744,1.46915,1.46955,2.25,2.25
2015.10.14 12:29:53.795,1.46912,1.46954,2.25,2.25
2015.10.14 12:29:55.150,1.46914,1.46954,2.25,2.25
2015.10.14 12:29:55.201,1.46922,1.46951,1.00,1.00
2015.10.14 12:29:55.303,1.46866,1.4698,1.00,1.00
2015.10.14 12:29:55.354,1.46866,1.4698,1.00,1.37
2015.10.14 12:29:55.757,1.4686,1.46975,1.00,1.75
2015.10.14 12:29:55.808,1.4686,1.46966,1.00,1.00
2015.10.14 12:29:55.910,1.46861,1.46988,1.00,1.75
2015.10.14 12:29:56.012,1.46861,1.46982,1.00,1.00
2015.10.14 12:29:56.560,1.4686,1.46982,1.00,1.00
2015.10.14 12:29:57.211,1.46861,1.46982,1.00,1.00
2015.10.14 12:29:57.415,1.46861,1.47019,1.00,1.87
2015.10.14 12:29:57.517,1.46861,1.47019,1.00,1.87
2015.10.14 12:29:57.619,1.46861,1.47019,1.00,1.12
2015.10.14 12:29:57.781,1.46866,1.47014,1.00,1.00
2015.10.14 12:29:58.086,1.46845,1.47021,1.91,1.37
2015.10.14 12:29:58.137,1.46845,1.47021,1.37,1.37
2015.10.14 12:29:59.270,1.46846,1.47021,1.00,1.00
2015.10.14 12:29:59.797,1.46845,1.47021,1.00,1.00
2015.10.14 12:29:59.934,1.4685,1.47021,1.00,1.00
2015.10.14 12:30:00.596,1.46838,1.47021,1.52,1.00
2015.10.14 12:30:00.649,1.46831,1.47021,1.37,1.00
2015.10.14 12:30:00.860,1.46831,1.47021,1.37,1.00
2015.10.14 12:30:01.130,1.46831,1.47034,1.37,1.69
2015.10.14 12:30:01.750,1.46826,1.47037,1.46,1.91
2015.10.14 12:30:02.082,1.46804,1.46833,1.00,1.50
2015.10.14 12:30:02.134,1.46706,1.46823,1.00,1.87
2015.10.14 12:30:02.185,1.46706,1.46818,1.00,2.25
2015.10.14 12:30:02.237,1.4669,1.46785,1.00,1.00
2015.10.14 12:30:02.402,1.46648,1.46785,1.69,1.00
2015.10.14 12:30:02.453,1.4671,1.4688,0.75,3.00
2015.10.14 12:30:02.504,1.46696,1.46859,1.00,1.00
2015.10.14 12:30:02.555,1.46696,1.46786,1.00,1.87
2015.10.14 12:30:02.607,1.46625,1.46757,1.05,1.75
2015.10.14 12:30:02.781,1.46625,1.46706,1.05,0.75
2015.10.14 12:30:02.934,1.46656,1.46802,1.00,2.25
2015.10.14 12:30:03.215,1.46685,1.46834,1.00,2.25
2015.10.14 12:30:03.376,1.46681,1.46834,1.00,2.25
2015.10.14 12:30:03.841,1.46672,1.46795,1.00,1.00
2015.10.14 12:30:03.905,1.46685,1.46822,1.00,1.50
2015.10.14 12:30:03.956,1.46715,1.46796,1.00,1.00
2015.10.14 12:30:04.196,1.46676,1.46834,1.37,1.75
2015.10.14 12:30:04.248,1.4671,1.46801,1.00,1.00
2015.10.14 12:30:04.350,1.46705,1.46809,1.00,1.00
2015.10.14 12:30:04.401,1.46704,1.46849,1.00,1.75
2015.10.14 12:30:04.452,1.46691,1.46857,1.00,2.25
2015.10.14 12:30:04.705,1.46685,1.46857,1.37,2.25
2015.10.14 12:30:04.756,1.46701,1.4686,1.00,1.00
2015.10.14 12:30:04.807,1.46701,1.4686,1.00,2.62
2015.10.14 12:30:04.909,1.46691,1.46854,1.37,1.12
2015.10.14 12:30:05.010,1.4669,1.46842,1.37,1.00
2015.10.14 12:30:05.444,1.46715,1.46839,1.00,1.00
2015.10.14 12:30:05.749,1.46705,1.46831,1.37,1.00
2015.10.14 12:30:05.800,1.46705,1.46836,1.80,1.00
2015.10.14 12:30:06.004,1.46711,1.46837,1.37,1.00
2015.10.14 12:30:06.333,1.46711,1.46838,1.86,1.00
2015.10.14 12:30:06.640,1.46718,1.46826,1.39,1.00
2015.10.14 12:30:06.944,1.46714,1.46816,1.89,1.00
2015.10.14 12:30:07.269,1.46718,1.46815,1.62,1.00
2015.10.14 12:30:07.474,1.46711,1.46814,1.27,1.00
2015.10.14 12:30:07.678,1.4671,1.46819,1.82,1.00
2015.10.14 12:30:07.780,1.46724,1.46816,1.01,1.00
2015.10.14 12:30:08.109,1.46731,1.46816,1.37,1.00
2015.10.14 12:30:08.418,1.46734,1.46811,1.47,1.00
2015.10.14 12:30:08.759,1.46734,1.46807,1.42,1.00
2015.10.14 12:30:09.067,1.46726,1.46808,1.91,1.00
2015.10.14 12:30:09.241,1.46733,1.46808,1.47,1.00
2015.10.14 12:30:09.294,1.46743,1.46812,1.42,1.00
2015.10.14 12:30:09.612,1.46746,1.46803,1.05,1.00
2015.10.14 12:30:09.714,1.46746,1.4681,1.05,1.00
2015.10.14 12:30:09.817,1.46743,1.46817,1.67,1.12
2015.10.14 12:30:09.920,1.46737,1.46825,2.02,1.75
2015.10.14 12:30:10.306,1.46731,1.46827,1.37,1.75
2015.10.14 12:30:10.413,1.4673,1.46819,1.37,1.00
2015.10.14 12:30:10.465,1.4674,1.46825,1.00,1.00
2015.10.14 12:30:10.517,1.46738,1.46825,1.37,1.00
2015.10.14 12:30:10.822,1.46733,1.46817,1.37,1.00
2015.10.14 12:30:11.137,1.46733,1.46815,1.37,1.00
2015.10.14 12:30:11.444,1.46737,1.46809,1.00,1.00
2015.10.14 12:30:11.495,1.46732,1.46809,1.12,1.00
2015.10.14 12:30:11.547,1.46732,1.46807,1.12,1.00
2015.10.14 12:30:11.955,1.46725,1.46801,1.12,1.00
2015.10.14 12:30:12.261,1.46735,1.46798,1.12,1.37
2015.10.14 12:30:12.568,1.46736,1.46794,2.62,1.00
2015.10.14 12:30:12.916,1.46756,1.46805,2.25,1.00
2015.10.14 12:30:12.967,1.46752,1.46805,2.25,1.00
2015.10.14 12:30:13.069,1.46752,1.46808,2.25,1.00
2015.10.14 12:30:13.223,1.46758,1.46808,2.25,1.00
2015.10.14 12:30:13.539,1.46756,1.46805,1.00,1.50
2015.10.14 12:30:13.592,1.4677,1.46805,1.87,1.00
2015.10.14 12:30:13.643,1.4678,1.46809,1.00,1.00
2015.10.14 12:30:13.747,1.46758,1.46813,1.37,1.00
2015.10.14 12:30:13.850,1.46758,1.46811,1.37,1.00
2015.10.14 12:30:14.270,1.46758,1.46803,1.00,1.00
2015.10.14 12:30:14.579,1.46738,1.46797,2.25,1.75
2015.10.14 12:30:14.631,1.46738,1.46786,1.00,1.87
2015.10.14 12:30:14.734,1.4673,1.46783,3.00,2.25
2015.10.14 12:30:14.786,1.4673,1.46782,1.75,2.25
2015.10.14 12:30:15.075,1.46724,1.46779,2.62,2.25
2015.10.14 12:30:15.181,1.46729,1.46786,2.25,2.25
2015.10.14 12:30:15.334,1.46734,1.46786,1.75,2.25
2015.10.14 12:30:15.386,1.46734,1.46789,1.75,3.00
2015.10.14 12:30:15.643,1.46734,1.46786,1.75,2.25
2015.10.14 12:30:15.951,1.46748,1.46789,1.00,1.00
2015.10.14 12:30:16.106,1.46749,1.46797,1.87,1.87
2015.10.14 12:30:16.157,1.4675,1.46807,2.25,3.00
2015.10.14 12:30:16.208,1.4675,1.46794,1.87,1.87
2015.10.14 12:30:16.260,1.46742,1.46793,1.75,2.25
2015.10.14 12:30:16.312,1.46742,1.46791,1.50,2.25
2015.10.14 12:30:16.364,1.46742,1.46783,1.50,1.00
2015.10.14 12:30:16.679,1.46734,1.46789,2.25,2.25
2015.10.14 12:30:16.985,1.46741,1.46797,2.25,2.25
2015.10.14 12:30:17.292,1.46758,1.46809,2.25,1.75
2015.10.14 12:30:17.554,1.46762,1.46804,1.00,1.00
2015.10.14 12:30:17.606,1.4676,1.4681,2.25,1.75
2015.10.14 12:30:17.658,1.46768,1.46809,1.00,1.00
2015.10.14 12:30:17.709,1.46763,1.46818,2.25,3.00
2015.10.14 12:30:17.761,1.46765,1.46818,2.25,1.75
2015.10.14 12:30:17.915,1.46765,1.46798,1.87,1.87
2015.10.14 12:30:17.968,1.46754,1.46796,1.00,2.25
2015.10.14 12:30:18.020,1.46754,1.46787,1.00,1.87
2015.10.14 12:30:18.270,1.46736,1.46794,2.25,2.25
2015.10.14 12:30:18.423,1.4675,1.46794,1.87,1.87
2015.10.14 12:30:18.474,1.46752,1.46807,2.25,2.25
2015.10.14 12:30:18.627,1.46755,1.46807,2.25,2.25
2015.10.14 12:30:18.678,1.46757,1.46813,2.25,2.25
2015.10.14 12:30:19.001,1.46763,1.46813,2.25,1.87
2015.10.14 12:30:19.053,1.46767,1.46822,2.25,3.00
2015.10.14 12:30:19.104,1.46775,1.46816,1.00,1.00
2015.10.14 12:30:19.360,1.46767,1.46819,2.25,2.25
2015.10.14 12:30:19.412,1.46769,1.4681,1.00,1.00
2015.10.14 12:30:19.832,1.46761,1.46808,2.25,1.37
2015.10.14 12:30:19.885,1.46758,1.46808,2.25,1.75
2015.10.14 12:30:19.938,1.46758,1.468,1.87,1.87
2015.10.14 12:30:19.989,1.4675,1.46799,1.12,2.25
2015.10.14 12:30:20.091,1.46755,1.46796,1.12,1.00
2015.10.14 12:30:20.143,1.46755,1.46801,1.00,2.25
2015.10.14 12:30:20.296,1.46757,1.46806,1.37,2.25
2015.10.14 12:30:20.574,1.46754,1.46805,1.12,2.25
2015.10.14 12:30:20.727,1.46748,1.4679,2.25,1.87
2015.10.14 12:30:20.881,1.4676,1.4681,1.37,2.25
2015.10.14 12:30:20.984,1.46758,1.46814,1.12,3.00
2015.10.14 12:30:21.297,1.46769,1.46814,1.87,1.87
2015.10.14 12:30:21.349,1.46769,1.46816,2.25,1.37
2015.10.14 12:30:21.400,1.46769,1.4682,1.12,2.25
2015.10.14 12:30:21.452,1.4677,1.4682,1.12,2.25
2015.10.14 12:30:21.503,1.46777,1.46825,1.12,2.25
2015.10.14 12:30:21.555,1.46787,1.46825,1.87,2.25
2015.10.14 12:30:21.606,1.46789,1.46831,2.25,2.25
2015.10.14 12:30:21.657,1.46791,1.46831,2.25,2.25
2015.10.14 12:30:21.709,1.46792,1.46832,2.25,1.75
2015.10.14 12:30:21.812,1.46791,1.46828,2.25,2.25
2015.10.14 12:30:21.863,1.46786,1.46827,2.25,2.25
2015.10.14 12:30:21.915,1.4679,1.46819,1.00,1.00
2015.10.14 12:30:22.135,1.4679,1.46833,2.25,3.00
2015.10.14 12:30:22.341,1.46808,1.46838,1.00,1.00
2015.10.14 12:30:22.444,1.46815,1.46845,1.87,1.87
2015.10.14 12:30:22.496,1.46822,1.46851,1.00,1.00
2015.10.14 12:30:22.897,1.46779,1.46878,1.50,1.00
2015.10.14 12:30:22.948,1.46777,1.46865,1.56,1.00
2015.10.14 12:30:23.151,1.46778,1.46869,1.72,1.00
2015.10.14 12:30:23.202,1.46777,1.46876,2.42,1.00
2015.10.14 12:30:23.253,1.46777,1.46871,2.42,1.00
2015.10.14 12:30:23.726,1.4678,1.46869,1.57,1.00
2015.10.14 12:30:23.828,1.46788,1.46878,1.00,1.00
2015.10.14 12:30:23.929,1.46786,1.46878,1.37,1.00
2015.10.14 12:30:24.031,1.46786,1.46877,1.37,1.00
2015.10.14 12:30:24.235,1.46788,1.46878,1.00,1.00
2015.10.14 12:30:24.530,1.46787,1.46878,1.75,1.00
2015.10.14 12:30:24.841,1.46795,1.46873,1.00,1.00
2015.10.14 12:30:25.169,1.468,1.46877,1.00,1.00
2015.10.14 12:30:25.221,1.468,1.46884,1.00,1.00
2015.10.14 12:30:25.470,1.46799,1.46882,1.00,1.00
2015.10.14 12:30:25.522,1.46791,1.4688,1.37,1.00
2015.10.14 12:30:25.573,1.46798,1.46879,1.50,1.00
2015.10.14 12:30:25.878,1.46804,1.46884,1.00,1.50
2015.10.14 12:30:26.185,1.46811,1.46868,1.75,3.00
2015.10.14 12:30:26.530,1.46814,1.46856,2.25,2.25
2015.10.14 12:30:26.840,1.46818,1.46861,2.25,2.25
2015.10.14 12:30:26.943,1.4682,1.4685,1.00,1.00
2015.10.14 12:30:27.371,1.46817,1.46859,2.25,2.25
2015.10.14 12:30:27.677,1.46811,1.46853,2.25,2.25
2015.10.14 12:30:27.983,1.46822,1.46851,1.00,1.00
2015.10.14 12:30:28.226,1.46819,1.46859,2.25,2.25
2015.10.14 12:30:28.278,1.46817,1.46859,2.25,2.25
2015.10.14 12:30:28.345,1.46821,1.4686,2.25,2.25
2015.10.14 12:30:28.397,1.46821,1.46864,2.25,2.25
2015.10.14 12:30:28.550,1.46824,1.46866,2.25,1.75
2015.10.14 12:30:29.119,1.46825,1.46867,2.25,1.75
2015.10.14 12:30:29.425,1.46829,1.46867,2.25,1.75
2015.10.14 12:30:29.477,1.46829,1.46872,2.25,1.75
2015.10.14 12:30:29.528,1.46828,1.4687,2.25,2.25
2015.10.14 12:30:29.580,1.46833,1.46862,1.00,1.00
2015.10.14 12:30:29.734,1.46826,1.46865,2.25,2.25
2015.10.14 12:30:29.786,1.46823,1.46865,2.25,2.25
2015.10.14 12:30:30.006,1.46822,1.4686,2.25,2.25
2015.10.14 12:30:30.058,1.46828,1.46871,2.25,1.00
2015.10.14 12:30:30.161,1.46816,1.46874,2.25,1.50
2015.10.14 12:30:30.314,1.46814,1.46869,2.25,1.37
2015.10.14 12:30:30.366,1.46819,1.46869,1.12,1.75
2015.10.14 12:30:30.417,1.46817,1.46869,1.12,1.75
2015.10.14 12:30:30.468,1.46815,1.46873,1.12,2.25
2015.10.14 12:30:30.520,1.46815,1.46874,1.12,3.00
2015.10.14 12:30:30.572,1.46815,1.46876,1.12,1.75
2015.10.14 12:30:30.839,1.46821,1.46867,1.00,1.37
2015.10.14 12:30:31.145,1.4681,1.46856,1.38,1.37
2015.10.14 12:30:31.197,1.46807,1.46858,1.37,2.25
2015.10.14 12:30:31.248,1.46807,1.46847,1.75,1.87
2015.10.14 12:30:31.580,1.46815,1.46855,1.12,2.25
2015.10.14 12:30:31.889,1.46814,1.46856,2.25,1.75
2015.10.14 12:30:31.940,1.46813,1.46853,2.25,2.25
2015.10.14 12:30:31.992,1.46816,1.46853,1.12,2.25
2015.10.14 12:30:32.207,1.46816,1.46856,1.12,2.25
2015.10.14 12:30:32.533,1.46814,1.46849,1.12,2.25
2015.10.14 12:30:32.689,1.46822,1.46851,1.37,1.00
2015.10.14 12:30:33.008,1.4682,1.46857,1.12,2.25
2015.10.14 12:30:33.434,1.46819,1.46854,1.12,2.25
2015.10.14 12:30:33.838,1.46821,1.4686,1.12,2.25
2015.10.14 12:30:34.252,1.46821,1.46861,1.12,2.25
2015.10.14 12:30:34.303,1.46822,1.46862,1.12,2.25
2015.10.14 12:30:34.468,1.46831,1.46861,1.00,1.00
2015.10.14 12:30:34.716,1.46835,1.46864,1.00,1.00
2015.10.14 12:30:35.024,1.46835,1.46877,2.25,2.25
2015.10.14 12:30:35.469,1.46843,1.46878,1.37,1.87
2015.10.14 12:30:35.522,1.46843,1.46885,3.00,1.75
2015.10.14 12:30:35.679,1.46848,1.46885,2.25,1.12
2015.10.14 12:30:35.833,1.46851,1.46886,2.25,1.12
2015.10.14 12:30:35.885,1.46851,1.46895,2.25,2.25
2015.10.14 12:30:36.459,1.46854,1.46891,2.25,1.50
2015.10.14 12:30:36.511,1.46862,1.46891,1.00,1.50
2015.10.14 12:30:36.563,1.4686,1.46899,1.75,2.25
2015.10.14 12:30:36.614,1.4686,1.46901,1.75,2.25
2015.10.14 12:30:36.666,1.46864,1.46898,2.25,1.37
2015.10.14 12:30:36.717,1.46871,1.46898,1.00,1.00
2015.10.14 12:30:36.769,1.46872,1.46898,1.87,1.00
2015.10.14 12:30:37.075,1.4688,1.4692,2.25,1.75
2015.10.14 12:30:37.136,1.46883,1.4692,2.25,1.50
2015.10.14 12:30:37.188,1.46891,1.4692,1.00,1.50
2015.10.14 12:30:37.239,1.46886,1.46921,2.25,1.37
2015.10.14 12:30:37.546,1.46877,1.46918,2.25,1.75
2015.10.14 12:30:37.869,1.46876,1.46911,2.25,1.37
2015.10.14 12:30:37.921,1.46874,1.46911,2.25,1.50
2015.10.14 12:30:38.432,1.46874,1.46907,2.25,1.00
2015.10.14 12:30:38.649,1.46871,1.46909,2.25,1.75
2015.10.14 12:30:38.757,1.4687,1.46909,2.25,3.00
2015.10.14 12:30:38.809,1.46866,1.46909,2.25,3.00
2015.10.14 12:30:38.962,1.46873,1.46906,2.25,1.37
2015.10.14 12:30:39.115,1.46873,1.46915,2.25,2.25
2015.10.14 12:30:39.476,1.46877,1.4692,2.25,2.25
2015.10.14 12:30:39.798,1.4688,1.46923,2.25,2.25
2015.10.14 12:30:40.105,1.46888,1.46925,2.25,1.50
2015.10.14 12:30:40.551,1.46886,1.46927,2.25,2.25
2015.10.14 12:30:41.158,1.46884,1.46927,2.25,2.25
2015.10.14 12:30:41.209,1.46881,1.46923,2.25,2.25
2015.10.14 12:30:41.872,1.46881,1.46908,2.25,1.00
2015.10.14 12:30:42.140,1.46876,1.46915,2.25,1.75
2015.10.14 12:30:43.175,1.46875,1.46914,1.75,2.25
2015.10.14 12:30:43.586,1.46872,1.46903,2.25,1.00
2015.10.14 12:30:43.903,1.46887,1.46906,1.00,1.00
2015.10.14 12:30:44.105,1.46887,1.46908,1.00,1.00
2015.10.14 12:30:44.258,1.46887,1.46916,1.00,1.00
2015.10.14 12:30:44.411,1.46868,1.46929,1.75,1.87
2015.10.14 12:30:46.392,1.4687,1.46925,1.12,1.75
2015.10.14 12:30:46.443,1.4687,1.46928,1.12,3.00
2015.10.14 12:30:46.699,1.46873,1.46923,1.12,1.00
2015.10.14 12:30:46.750,1.46877,1.46934,1.75,1.75
2015.10.14 12:30:46.801,1.46889,1.46937,1.00,1.50
2015.10.14 12:30:47.032,1.46891,1.46947,1.87,2.62
2015.10.14 12:30:47.090,1.46891,1.46953,2.25,1.75
2015.10.14 12:30:47.141,1.46888,1.46953,2.25,1.75
2015.10.14 12:30:47.193,1.46887,1.4695,2.25,2.25
2015.10.14 12:30:47.245,1.46884,1.4695,2.25,2.25
2015.10.14 12:30:47.297,1.46883,1.46944,2.25,2.25
2015.10.14 12:30:47.348,1.46881,1.46944,1.12,2.25
2015.10.14 12:30:48.164,1.46885,1.46931,1.37,1.00
2015.10.14 12:30:48.470,1.46873,1.46933,1.12,2.25
2015.10.14 12:30:48.863,1.46873,1.4693,1.12,1.75
2015.10.14 12:30:49.380,1.46874,1.4693,1.00,2.25
2015.10.14 12:30:49.844,1.46873,1.46925,1.00,1.75
2015.10.14 12:30:50.303,1.46871,1.46917,1.12,1.00
2015.10.14 12:30:50.406,1.46872,1.46915,1.37,1.00
2015.10.14 12:30:50.508,1.46872,1.46925,1.37,1.75
2015.10.14 12:30:50.770,1.46872,1.46914,1.37,1.00
2015.10.14 12:30:50.924,1.46872,1.46925,1.37,1.75
2015.10.14 12:30:51.026,1.46866,1.46925,1.87,3.00
2015.10.14 12:30:51.129,1.46876,1.46932,1.37,2.25
2015.10.14 12:30:51.673,1.46879,1.46934,1.00,2.25
2015.10.14 12:30:51.775,1.46882,1.46934,1.00,2.25
2015.10.14 12:30:51.827,1.46882,1.46937,1.00,2.25
2015.10.14 12:30:52.343,1.46878,1.46937,1.75,2.25
2015.10.14 12:30:52.863,1.4688,1.4693,1.12,1.75
2015.10.14 12:30:52.915,1.46884,1.46927,2.25,2.25
2015.10.14 12:30:53.021,1.46891,1.4693,2.25,1.75
2015.10.14 12:30:53.124,1.46888,1.4693,2.25,3.75
2015.10.14 12:30:53.620,1.46909,1.4693,1.00,1.00
2015.10.14 12:30:53.825,1.46921,1.46958,1.75,3.00
2015.10.14 12:30:53.927,1.46918,1.46944,1.00,1.00
2015.10.14 12:30:54.133,1.46927,1.46962,1.75,1.75
2015.10.14 12:30:54.345,1.46926,1.46968,2.25,2.25
2015.10.14 12:30:55.403,1.46926,1.46967,1.00,1.50
2015.10.14 12:30:55.505,1.46926,1.46969,1.00,1.12
2015.10.14 12:30:56.015,1.46927,1.46969,1.00,1.12
2015.10.14 12:30:56.066,1.46927,1.46965,1.00,1.00
2015.10.14 12:30:56.118,1.46924,1.46965,1.00,1.00
2015.10.14 12:30:56.336,1.46922,1.4696,1.75,1.00
2015.10.14 12:30:56.387,1.46924,1.46968,1.50,1.50
2015.10.14 12:30:56.494,1.46923,1.46964,1.75,1.00
2015.10.14 12:30:56.800,1.46925,1.46961,1.12,1.00
2015.10.14 12:30:57.042,1.46924,1.46967,1.50,1.00
2015.10.14 12:30:57.342,1.4693,1.46969,1.12,1.00
2015.10.14 12:30:57.598,1.46934,1.46974,1.00,1.00
2015.10.14 12:30:58.118,1.46932,1.46973,1.50,1.00
2015.10.14 12:30:58.373,1.46933,1.46966,1.00,1.00
2015.10.14 12:30:58.526,1.4693,1.46966,1.00,1.00
2015.10.14 12:30:58.578,1.4693,1.4697,1.00,1.00
2015.10.14 12:30:59.085,1.4693,1.46971,1.00,1.00
2015.10.14 12:30:59.137,1.4693,1.46971,1.37,1.00
2015.10.14 12:30:59.446,1.46924,1.46955,1.00,1.00
2015.10.14 12:30:59.753,1.46928,1.46959,1.00,1.00
2015.10.14 12:31:00.012,1.46924,1.46964,1.00,1.12
2015.10.14 12:31:00.421,1.46924,1.46957,1.00,1.00
2015.10.14 12:31:00.575,1.46924,1.46959,1.00,1.00
2015.10.14 12:31:00.628,1.46915,1.46952,1.50,1.00
2015.10.14 12:31:00.679,1.46915,1.46952,1.12,1.00
2015.10.14 12:31:00.898,1.46911,1.46949,1.12,1.00
2015.10.14 12:31:00.951,1.46908,1.46945,1.00,1.00
2015.10.14 12:31:01.260,1.46909,1.46943,1.00,1.00
2015.10.14 12:31:01.311,1.46909,1.46945,1.00,1.12
2015.10.14 12:31:01.689,1.46912,1.46948,1.00,1.00
2015.10.14 12:31:01.897,1.46893,1.46937,1.00,2.25
2015.10.14 12:31:02.051,1.46891,1.46938,1.00,1.75
2015.10.14 12:31:02.154,1.46893,1.46938,1.00,1.75
2015.10.14 12:31:02.501,1.46893,1.4694,1.00,1.75
2015.10.14 12:31:02.759,1.46896,1.46941,1.50,1.75
2015.10.14 12:31:02.810,1.46907,1.46945,1.00,1.75
2015.10.14 12:31:02.965,1.46908,1.46941,1.00,1.00
2015.10.14 12:31:03.016,1.46912,1.46941,1.00,1.00
2015.10.14 12:31:03.068,1.46912,1.46953,1.00,1.75
2015.10.14 12:31:03.119,1.46905,1.46947,1.00,1.75
2015.10.14 12:31:03.171,1.46905,1.46947,1.00,1.75
2015.10.14 12:31:03.422,1.46898,1.46939,1.00,1.00
2015.10.14 12:31:03.473,1.46896,1.46938,1.00,1.00
2015.10.14 12:31:03.882,1.46898,1.46939,1.00,1.50
2015.10.14 12:31:04.404,1.46897,1.46938,1.00,1.00
2015.10.14 12:31:04.457,1.46896,1.4694,1.00,1.12
2015.10.14 12:31:04.869,1.46924,1.46944,2.25,1.50
2015.10.14 12:31:04.971,1.469,1.46944,1.00,1.87
2015.10.14 12:31:05.022,1.46915,1.46944,1.00,1.12
2015.10.14 12:31:05.243,1.46914,1.46951,1.00,1.12
2015.10.14 12:31:05.765,1.46913,1.46946,1.00,1.75
2015.10.14 12:31:05.867,1.46907,1.46944,1.00,1.00
2015.10.14 12:31:06.125,1.46907,1.46947,1.00,1.00
2015.10.14 12:31:06.176,1.4692,1.46951,1.00,1.00
2015.10.14 12:31:06.329,1.46908,1.46947,1.00,1.00
2015.10.14 12:31:06.381,1.46911,1.4694,1.00,1.00
2015.10.14 12:31:06.534,1.46906,1.46936,1.00,1.00
2015.10.14 12:31:07.048,1.46928,1.46946,1.00,1.00
2015.10.14 12:31:07.100,1.46926,1.46946,1.00,1.00
2015.10.14 12:31:07.304,1.46929,1.46946,1.00,1.00
2015.10.14 12:31:07.559,1.46928,1.4695,1.00,1.00
2015.10.14 12:31:07.662,1.46928,1.46952,1.00,2.25
2015.10.14 12:31:07.765,1.46917,1.46948,1.00,3.00
2015.10.14 12:31:07.935,1.46919,1.46948,1.00,1.75
2015.10.14 12:31:07.987,1.46923,1.46943,1.00,1.75
2015.10.14 12:31:08.091,1.46919,1.46943,1.00,1.00
2015.10.14 12:31:08.145,1.46919,1.46947,1.00,1.00
2015.10.14 12:31:08.199,1.46927,1.46947,1.00,1.00
2015.10.14 12:31:08.301,1.4692,1.46947,1.00,1.00
2015.10.14 12:31:08.404,1.46918,1.46948,1.00,1.75
2015.10.14 12:31:08.507,1.46918,1.4695,1.50,1.75
2015.10.14 12:31:08.558,1.46918,1.4695,1.12,3.00
2015.10.14 12:31:09.741,1.46914,1.46943,1.00,1.00
2015.10.14 12:31:10.008,1.4691,1.46941,1.00,2.25
2015.10.14 12:31:10.213,1.46915,1.46947,1.00,1.75
2015.10.14 12:31:10.264,1.46919,1.46948,1.00,2.25
2015.10.14 12:31:10.520,1.46913,1.46945,1.00,2.25
2015.10.14 12:31:10.572,1.46913,1.46942,1.00,2.25
2015.10.14 12:31:10.623,1.4691,1.46942,1.00,2.25
2015.10.14 12:31:10.929,1.46911,1.4694,1.50,1.00
2015.10.14 12:31:10.980,1.46911,1.46942,1.00,2.25
2015.10.14 12:31:11.287,1.46934,1.46961,1.00,1.75
2015.10.14 12:31:11.389,1.46931,1.4696,1.00,1.75
2015.10.14 12:31:11.492,1.46929,1.4696,1.12,1.75
2015.10.14 12:31:12.015,1.4693,1.46958,1.00,1.50
2015.10.14 12:31:12.285,1.46933,1.46958,1.00,1.50
2015.10.14 12:31:12.738,1.46941,1.46966,1.00,1.00
2015.10.14 12:31:12.791,1.46935,1.46966,1.75,1.12
2015.10.14 12:31:12.895,1.46935,1.46964,1.12,1.50
2015.10.14 12:31:13.203,1.46937,1.46961,1.00,1.00
2015.10.14 12:31:13.706,1.46937,1.46964,1.00,1.75
2015.10.14 12:31:14.014,1.46939,1.46962,1.00,1.12
2015.10.14 12:31:14.219,1.46937,1.46967,1.75,1.12
2015.10.14 12:31:14.322,1.46937,1.46965,1.00,1.00
2015.10.14 12:31:14.874,1.46938,1.46965,1.00,1.50
2015.10.14 12:31:15.183,1.46937,1.46969,1.75,1.75
2015.10.14 12:31:15.540,1.46945,1.46973,1.12,1.50
2015.10.14 12:31:15.846,1.46944,1.4697,1.00,1.75
2015.10.14 12:31:15.898,1.46946,1.4697,1.00,1.50
2015.10.14 12:31:16.000,1.46954,1.46974,1.00,1.75
2015.10.14 12:31:16.204,1.46954,1.46983,1.37,1.37
2015.10.14 12:31:16.452,1.46954,1.46976,1.00,1.75
2015.10.14 12:31:16.504,1.4695,1.46972,1.00,1.00
2015.10.14 12:31:16.555,1.46947,1.46972,1.00,1.00
2015.10.14 12:31:16.708,1.46947,1.46969,1.00,1.00
2015.10.14 12:31:16.861,1.46944,1.46969,1.50,1.00
2015.10.14 12:31:16.963,1.46944,1.46965,1.00,1.00
2015.10.14 12:31:17.015,1.4694,1.46965,1.00,1.00
2015.10.14 12:31:17.541,1.46941,1.46965,1.00,1.00
2015.10.14 12:31:17.592,1.46941,1.46967,1.00,1.00
2015.10.14 12:31:17.695,1.46941,1.46965,1.00,1.00
2015.10.14 12:31:17.898,1.46938,1.46965,1.00,1.00
2015.10.14 12:31:18.001,1.46938,1.46965,1.75,1.00
2015.10.14 12:31:18.052,1.46938,1.46968,1.75,1.00
2015.10.14 12:31:18.280,1.46942,1.46968,1.75,1.00
2015.10.14 12:31:18.589,1.46942,1.46966,1.00,1.12
2015.10.14 12:31:19.242,1.4694,1.46966,1.00,1.12
2015.10.14 12:31:19.294,1.46942,1.46966,1.00,1.12
2015.10.14 12:31:19.601,1.46937,1.46963,1.00,1.75
2015.10.14 12:31:19.906,1.46938,1.46967,1.00,1.75
2015.10.14 12:31:20.197,1.46938,1.46965,1.00,1.75
2015.10.14 12:31:20.249,1.46931,1.46954,1.12,1.00
2015.10.14 12:31:20.301,1.46924,1.46954,1.12,1.00
2015.10.14 12:31:20.403,1.46923,1.46954,1.50,1.50
2015.10.14 12:31:20.965,1.46925,1.46954,1.00,1.50
2015.10.14 12:31:21.188,1.46931,1.4696,1.00,1.50
2015.10.14 12:31:21.291,1.46934,1.4696,1.00,1.00
2015.10.14 12:31:21.496,1.46935,1.46962,1.00,1.00
2015.10.14 12:31:21.548,1.46935,1.46964,1.00,1.00
2015.10.14 12:31:21.806,1.46935,1.4696,1.50,1.00
2015.10.14 12:31:22.011,1.46936,1.46964,1.00,1.00
2015.10.14 12:31:22.337,1.46935,1.46965,3.00,1.00
2015.10.14 12:31:22.439,1.46935,1.46967,2.25,1.00
2015.10.14 12:31:22.542,1.46935,1.46969,2.25,1.12
2015.10.14 12:31:22.747,1.46935,1.46967,3.00,1.00
2015.10.14 12:31:23.205,1.46935,1.46964,2.25,1.00
2015.10.14 12:31:23.550,1.46935,1.46962,2.25,1.00
2015.10.14 12:31:23.652,1.46937,1.46962,1.00,1.00
2015.10.14 12:31:23.704,1.4693,1.46962,1.75,1.12
2015.10.14 12:31:23.974,1.4693,1.46957,1.00,1.00
2015.10.14 12:31:24.128,1.46926,1.46959,1.12,2.25
2015.10.14 12:31:24.333,1.46926,1.46942,1.00,1.00
2015.10.14 12:31:24.386,1.46918,1.46942,1.75,1.00
2015.10.14 12:31:24.438,1.46918,1.46942,1.00,1.00
2015.10.14 12:31:24.490,1.4691,1.46942,1.75,1.00
2015.10.14 12:31:24.542,1.4691,1.46935,1.75,1.00
2015.10.14 12:31:24.813,1.46906,1.46934,1.00,1.50
2015.10.14 12:31:24.915,1.46904,1.46934,1.00,1.50
2015.10.14 12:31:25.070,1.46904,1.46926,1.00,1.00
2015.10.14 12:31:25.377,1.46901,1.46922,1.50,1.00
2015.10.14 12:31:25.824,1.46894,1.46923,2.25,1.00
2015.10.14 12:31:25.927,1.46893,1.46922,1.00,1.00
2015.10.14 12:31:25.978,1.46893,1.46919,1.00,1.00
2015.10.14 12:31:26.283,1.4689,1.46916,1.00,1.00
2015.10.14 12:31:26.335,1.46886,1.46914,1.37,1.00
2015.10.14 12:31:26.438,1.46886,1.46922,1.87,1.75
2015.10.14 12:31:26.665,1.46882,1.46914,1.37,1.00
2015.10.14 12:31:26.718,1.4688,1.46911,1.37,1.00
2015.10.14 12:31:26.769,1.46878,1.46911,1.37,1.00
2015.10.14 12:31:26.821,1.46878,1.46908,1.37,1.00
2015.10.14 12:31:26.873,1.46876,1.46908,1.00,1.00
2015.10.14 12:31:27.077,1.46876,1.46913,1.50,1.00
2015.10.14 12:31:27.180,1.46876,1.46911,1.00,1.00
2015.10.14 12:31:27.593,1.46873,1.46907,1.00,1.00
2015.10.14 12:31:27.695,1.46872,1.4691,1.12,1.00
2015.10.14 12:31:27.899,1.46874,1.4691,1.00,1.00
2015.10.14 12:31:28.107,1.46872,1.4691,1.12,1.00
2015.10.14 12:31:28.159,1.46872,1.46903,1.12,1.00
2015.10.14 12:31:28.433,1.46875,1.4691,1.00,1.00
2015.10.14 12:31:28.842,1.46875,1.46913,1.00,1.00
2015.10.14 12:31:28.894,1.46877,1.46913,1.00,1.00
2015.10.14 12:31:28.945,1.46877,1.46915,1.12,1.00
2015.10.14 12:31:28.996,1.4688,1.46915,1.00,1.00
2015.10.14 12:31:29.098,1.46877,1.46913,1.12,1.00
2015.10.14 12:31:29.321,1.46881,1.46913,1.00,1.00
2015.10.14 12:31:29.423,1.46876,1.46913,1.50,1.00
2015.10.14 12:31:29.602,1.46876,1.46909,1.50,1.00
2015.10.14 12:31:29.705,1.46877,1.46912,1.12,1.00
2015.10.14 12:31:29.910,1.46877,1.46914,1.12,1.50
2015.10.14 12:31:29.961,1.46896,1.46914,1.00,1.00
2015.10.14 12:31:30.013,1.46896,1.46927,1.00,1.75
2015.10.14 12:31:30.203,1.46896,1.46927,1.00,1.00
2015.10.14 12:31:30.255,1.46893,1.46927,1.00,1.00
2015.10.14 12:31:30.408,1.46899,1.46929,1.00,1.00
2015.10.14 12:31:30.716,1.46902,1.46929,1.00,1.00
2015.10.14 12:31:30.819,1.469,1.46929,1.00,1.00
2015.10.14 12:31:31.014,1.46906,1.46937,1.00,1.00
2015.10.14 12:31:31.065,1.46913,1.46947,1.37,1.37
2015.10.14 12:31:31.116,1.46913,1.46947,1.75,1.00
2015.10.14 12:31:31.168,1.46929,1.46951,1.00,1.37
2015.10.14 12:31:31.374,1.46934,1.46962,1.00,1.00
2015.10.14 12:31:31.478,1.46925,1.4696,1.00,1.67
2015.10.14 12:31:31.580,1.46925,1.46949,1.00,1.00
2015.10.14 12:31:31.784,1.46924,1.46952,1.00,1.00
2015.10.14 12:31:31.835,1.46926,1.46952,1.00,1.00
2015.10.14 12:31:31.989,1.46926,1.46955,1.00,1.00
2015.10.14 12:31:32.142,1.46928,1.46955,1.00,1.00
2015.10.14 12:31:32.606,1.46923,1.46946,1.00,1.00
2015.10.14 12:31:32.657,1.46923,1.46956,1.00,1.00
2015.10.14 12:31:32.709,1.46926,1.46956,1.00,1.00
2015.10.14 12:31:33.019,1.46924,1.46956,1.00,1.00
2015.10.14 12:31:33.122,1.46926,1.46953,1.00,1.00
2015.10.14 12:31:33.224,1.46926,1.46958,1.00,1.50
2015.10.14 12:31:33.516,1.46915,1.46943,1.12,1.00
2015.10.14 12:31:33.567,1.46916,1.46948,1.37,1.12
2015.10.14 12:31:33.824,1.46916,1.46948,1.00,1.00
2015.10.14 12:31:34.140,1.46916,1.4695,1.00,1.00
2015.10.14 12:31:34.434,1.46919,1.46953,1.00,1.50
2015.10.14 12:31:34.792,1.46921,1.46953,1.00,1.00
2015.10.14 12:31:35.097,1.46918,1.4695,1.12,1.00
2015.10.14 12:31:35.317,1.46926,1.4696,1.12,1.37
2015.10.14 12:31:35.368,1.46926,1.4696,1.37,1.00
2015.10.14 12:31:35.470,1.46934,1.46966,1.00,1.00
2015.10.14 12:31:35.674,1.4693,1.46964,1.00,1.00
2015.10.14 12:31:35.777,1.4693,1.46964,1.34,1.00
2015.10.14 12:31:35.879,1.46933,1.46968,1.34,1.00
2015.10.14 12:31:36.138,1.46933,1.46966,1.34,1.00
2015.10.14 12:31:36.547,1.46934,1.46969,1.09,1.00
2015.10.14 12:31:36.751,1.46933,1.46966,1.34,1.00
2015.10.14 12:31:37.303,1.4693,1.46964,1.34,1.00
2015.10.14 12:31:37.774,1.4693,1.46965,1.34,1.00
2015.10.14 12:31:37.939,1.46937,1.46969,1.34,1.00
2015.10.14 12:31:37.991,1.46938,1.46972,1.34,1.00
2015.10.14 12:31:38.042,1.46938,1.46972,1.00,1.00
2015.10.14 12:31:38.196,1.46934,1.46969,1.09,1.00
2015.10.14 12:31:38.299,1.46941,1.46972,1.00,1.00
2015.10.14 12:31:38.605,1.46938,1.4697,1.12,1.00
2015.10.14 12:31:38.657,1.46943,1.46975,1.00,1.87
2015.10.14 12:31:38.835,1.46941,1.46975,1.00,1.00
2015.10.14 12:31:38.887,1.46943,1.46976,1.00,1.00
2015.10.14 12:31:38.990,1.4694,1.46975,1.00,1.00
2015.10.14 12:31:39.094,1.46935,1.46968,1.34,1.00
2015.10.14 12:31:39.511,1.46935,1.4697,1.34,1.00
2015.10.14 12:31:39.975,1.46934,1.46968,1.34,1.00
2015.10.14 12:31:40.385,1.46932,1.46965,1.71,1.00
2015.10.14 12:31:40.604,1.46938,1.46969,1.09,1.00
2015.10.14 12:31:40.707,1.46939,1.46975,1.00,1.75
2015.10.14 12:31:40.809,1.46939,1.46975,1.00,1.00
2015.10.14 12:31:41.167,1.46942,1.46975,1.00,1.00
2015.10.14 12:31:41.269,1.46941,1.46978,1.37,1.00
2015.10.14 12:31:41.529,1.46943,1.46978,1.46,1.00
2015.10.14 12:31:41.581,1.46952,1.46984,1.00,1.00
2015.10.14 12:31:41.735,1.4695,1.46986,1.00,1.37
2015.10.14 12:31:41.939,1.46948,1.46983,1.71,1.00
2015.10.14 12:31:42.042,1.46954,1.46989,1.00,1.00
2015.10.14 12:31:42.306,1.46946,1.46971,1.37,1.00
2015.10.14 12:31:42.357,1.46949,1.46981,1.00,1.00
2015.10.14 12:31:42.613,1.46945,1.46976,1.50,1.00
2015.10.14 12:31:42.870,1.46957,1.46989,1.00,1.00
2015.10.14 12:31:43.149,1.46951,1.46979,1.12,1.00
2015.10.14 12:31:43.251,1.46955,1.46988,1.00,1.00
2015.10.14 12:31:43.354,1.46966,1.46997,1.00,1.12
2015.10.14 12:31:43.456,1.46972,1.47004,1.00,1.00
2015.10.14 12:31:43.609,1.46974,1.47005,1.00,1.00
2015.10.14 12:31:43.965,1.46963,1.46996,1.00,1.00
2015.10.14 12:31:44.033,1.46963,1.46987,1.00,1.00
2015.10.14 12:31:44.085,1.4696,1.46987,1.00,1.00
2015.10.14 12:31:44.137,1.4696,1.4699,1.00,1.50
2015.10.14 12:31:44.241,1.46957,1.4699,1.00,1.00
2015.10.14 12:31:44.446,1.46956,1.46992,1.12,1.00
2015.10.14 12:31:44.549,1.4696,1.46992,1.00,1.00
2015.10.14 12:31:44.911,1.4696,1.46994,1.00,1.00
2015.10.14 12:31:45.422,1.4696,1.47006,1.00,1.67
2015.10.14 12:31:45.503,1.46965,1.4701,1.00,1.80
2015.10.14 12:31:45.768,1.46962,1.4701,1.00,3.30
2015.10.14 12:31:45.872,1.46964,1.4701,1.00,2.55
2015.10.14 12:31:46.229,1.46965,1.46995,1.00,1.00
2015.10.14 12:31:46.280,1.46963,1.46995,1.00,1.00
2015.10.14 12:31:46.699,1.46956,1.46987,1.37,1.00
2015.10.14 12:31:46.751,1.46953,1.46987,1.37,1.00
2015.10.14 12:31:46.854,1.46962,1.46988,1.00,1.00
2015.10.14 12:31:46.905,1.46962,1.46993,1.00,1.00
2015.10.14 12:31:47.060,1.46964,1.46993,1.00,1.00
2015.10.14 12:31:47.264,1.4696,1.46993,1.46,1.00
2015.10.14 12:31:47.419,1.46963,1.46995,1.00,1.00
2015.10.14 12:31:47.753,1.46959,1.46993,1.34,1.00
2015.10.14 12:31:47.804,1.46959,1.46993,1.34,1.00
2015.10.14 12:31:48.112,1.46959,1.4699,1.34,1.00
2015.10.14 12:31:48.872,1.4696,1.46991,1.34,1.00
2015.10.14 12:31:49.178,1.4696,1.4698,1.34,1.00
2015.10.14 12:31:49.347,1.46954,1.46982,2.21,1.00
2015.10.14 12:31:49.399,1.46956,1.46981,1.71,1.00
2015.10.14 12:31:49.916,1.46955,1.46982,1.71,1.00
2015.10.14 12:31:50.286,1.46955,1.46984,1.71,1.00
2015.10.14 12:31:50.338,1.4698,1.47,1.84,3.00
2015.10.14 12:31:50.390,1.46979,1.4699,1.84,1.00
2015.10.14 12:31:50.442,1.46977,1.46993,1.84,1.00
2015.10.14 12:31:50.546,1.46977,1.47,1.84,1.12
2015.10.14 12:31:50.598,1.46981,1.47,1.00,1.12
2015.10.14 12:31:50.700,1.46966,1.46999,1.34,1.00
2015.10.14 12:31:50.752,1.46962,1.46992,1.46,1.00
2015.10.14 12:31:50.967,1.46961,1.46988,1.37,1.00
2015.10.14 12:31:51.070,1.46955,1.46986,2.49,1.00
2015.10.14 12:31:51.172,1.46952,1.46986,2.21,1.00
2015.10.14 12:31:51.839,1.46952,1.46984,1.71,1.00
2015.10.14 12:31:51.943,1.46956,1.46987,1.46,1.00
2015.10.14 12:31:52.403,1.46952,1.46979,1.44,1.00
2015.10.14 12:31:52.454,1.46951,1.46979,1.71,1.00
2015.10.14 12:31:52.505,1.46951,1.46977,1.71,1.00
2015.10.14 12:31:53.274,1.46944,1.46977,1.71,1.00
2015.10.14 12:31:53.377,1.46944,1.46972,1.71,1.00
2015.10.14 12:31:53.722,1.46946,1.46975,1.71,1.00
2015.10.14 12:31:53.826,1.46946,1.46977,1.71,1.00
2015.10.14 12:31:54.451,1.46951,1.46977,1.00,1.00
2015.10.14 12:31:54.504,1.46951,1.46979,1.00,1.00
2015.10.14 12:31:55.033,1.46951,1.46979,1.84,1.00
2015.10.14 12:31:55.309,1.46951,1.46977,1.00,1.00
2015.10.14 12:31:55.589,1.46948,1.46976,1.50,1.00
2015.10.14 12:31:55.640,1.4695,1.46976,1.00,1.00
2015.10.14 12:31:55.998,1.4695,1.46973,1.00,1.00
2015.10.14 12:31:56.152,1.46946,1.46972,1.37,1.00
2015.10.14 12:31:56.458,1.46944,1.46967,1.37,1.00
2015.10.14 12:31:56.783,1.46943,1.46965,1.12,1.00
2015.10.14 12:31:56.937,1.4695,1.46964,1.00,1.00
2015.10.14 12:31:56.989,1.46941,1.46958,1.00,1.00
2015.10.14 12:31:57.143,1.46948,1.46963,1.00,1.00
2015.10.14 12:31:57.195,1.46942,1.46963,1.00,1.00
2015.10.14 12:31:57.247,1.46949,1.46967,1.84,1.00
2015.10.14 12:31:57.508,1.46963,1.46981,1.00,1.12
2015.10.14 12:31:57.611,1.46958,1.46981,1.34,1.12
2015.10.14 12:31:57.714,1.46965,1.46981,1.00,1.12
2015.10.14 12:31:57.765,1.46954,1.46983,1.84,1.00
2015.10.14 12:31:58.021,1.46953,1.46981,1.34,1.00
2015.10.14 12:31:58.547,1.46957,1.46986,1.50,1.00
2015.10.14 12:31:58.600,1.46957,1.46984,1.00,1.00
2015.10.14 12:31:58.906,1.46952,1.46971,1.00,1.00
2015.10.14 12:31:59.009,1.46947,1.4697,1.00,1.00
2015.10.14 12:31:59.213,1.46947,1.46968,1.00,1.00
2015.10.14 12:31:59.544,1.46983,1.47,1.00,1.00
2015.10.14 12:31:59.595,1.46986,1.47005,1.00,1.00
2015.10.14 12:31:59.699,1.46974,1.46998,1.00,1.00
2015.10.14 12:31:59.750,1.46981,1.46998,1.00,1.00
2015.10.14 12:31:59.803,1.46977,1.46998,1.00,1.00
2015.10.14 12:31:59.905,1.46975,1.46998,1.00,1.00
2015.10.14 12:31:59.957,1.46979,1.47,1.00,1.00
2015.10.14 12:32:00.342,1.46977,1.47002,1.00,1.00
2015.10.14 12:32:00.805,1.46978,1.47004,1.00,1.00
2015.10.14 12:32:01.233,1.46982,1.47004,1.00,1.00
2015.10.14 12:32:01.336,1.46975,1.47001,1.00,1.00
2015.10.14 12:32:01.439,1.46982,1.47001,1.00,1.00
2015.10.14 12:32:01.491,1.46982,1.47003,1.00,1.00
2015.10.14 12:32:01.594,1.46982,1.47005,1.00,1.00
2015.10.14 12:32:01.900,1.46989,1.47006,1.00,1.00
2015.10.14 12:32:01.951,1.46984,1.47006,1.00,1.00
2015.10.14 12:32:02.211,1.46982,1.4701,1.50,1.00
2015.10.14 12:32:02.300,1.46982,1.47007,1.00,1.00
2015.10.14 12:32:02.555,1.46979,1.47008,1.50,1.00
2015.10.14 12:32:02.812,1.46983,1.47008,1.00,1.00
2015.10.14 12:32:03.351,1.46983,1.47009,1.00,1.00
2015.10.14 12:32:03.658,1.46987,1.47013,1.00,1.00
2015.10.14 12:32:04.190,1.46988,1.47012,1.00,1.00
2015.10.14 12:32:04.242,1.46988,1.47015,1.00,1.00
2015.10.14 12:32:04.447,1.46983,1.47013,1.00,1.00
2015.10.14 12:32:04.498,1.46985,1.47013,1.00,1.00
2015.10.14 12:32:04.806,1.46985,1.47006,1.50,1.00
2015.10.14 12:32:05.121,1.4699,1.47013,1.00,1.00
2015.10.14 12:32:05.327,1.46992,1.46998,1.00,1.00
2015.10.14 12:32:05.430,1.46985,1.47011,1.34,1.00
2015.10.14 12:32:05.534,1.46991,1.47011,1.50,1.00
2015.10.14 12:32:05.636,1.46991,1.47018,1.00,1.00
2015.10.14 12:32:05.891,1.46988,1.47017,1.00,1.00
2015.10.14 12:32:05.942,1.4699,1.47015,1.00,1.00
2015.10.14 12:32:06.197,1.46988,1.47015,1.00,1.00
2015.10.14 12:32:06.300,1.4699,1.47013,1.00,1.00
2015.10.14 12:32:06.826,1.46987,1.47011,1.00,1.00
2015.10.14 12:32:06.878,1.46985,1.47013,1.00,1.00
2015.10.14 12:32:07.082,1.46987,1.47013,1.00,1.00
2015.10.14 12:32:07.388,1.46979,1.47007,1.00,1.00
2015.10.14 12:32:07.439,1.46979,1.47003,1.00,1.00
2015.10.14 12:32:07.791,1.46982,1.47007,1.34,1.00
2015.10.14 12:32:07.994,1.46982,1.47011,1.84,1.00
2015.10.14 12:32:08.300,1.46983,1.47009,1.34,1.00
2015.10.14 12:32:08.830,1.46983,1.47008,1.34,1.00
2015.10.14 12:32:09.153,1.46983,1.47004,1.34,1.00
2015.10.14 12:32:09.305,1.46982,1.47007,1.50,1.00
2015.10.14 12:32:09.408,1.4698,1.47007,1.00,1.50
2015.10.14 12:32:09.510,1.46978,1.47002,1.00,1.00
2015.10.14 12:32:09.880,1.46978,1.47007,1.84,1.00
2015.10.14 12:32:09.931,1.46978,1.47003,1.50,1.00
2015.10.14 12:32:10.410,1.46978,1.47001,1.00,1.00
2015.10.14 12:32:10.615,1.46977,1.47004,1.34,1.00
2015.10.14 12:32:10.815,1.46987,1.47014,1.00,1.00
2015.10.14 12:32:10.867,1.46987,1.47015,1.34,1.00
2015.10.14 12:32:11.071,1.46993,1.47021,1.00,1.50
2015.10.14 12:32:11.756,1.46995,1.47022,1.00,1.00
2015.10.14 12:32:11.807,1.46993,1.47022,1.00,1.00
2015.10.14 12:32:11.910,1.46992,1.4702,1.50,1.00
2015.10.14 12:32:12.114,1.4699,1.4702,1.00,1.00
2015.10.14 12:32:12.166,1.4699,1.47015,1.00,1.00
2015.10.14 12:32:12.269,1.46991,1.47019,1.00,1.00
2015.10.14 12:32:12.630,1.46989,1.47017,1.50,1.00
2015.10.14 12:32:13.042,1.46996,1.47021,1.00,1.00
2015.10.14 12:32:13.451,1.46995,1.47024,1.00,1.00
2015.10.14 12:32:13.640,1.46997,1.47025,1.00,1.87
2015.10.14 12:32:13.960,1.47002,1.47027,1.00,1.37
2015.10.14 12:32:14.012,1.47,1.47027,1.00,1.37
2015.10.14 12:32:14.629,1.46999,1.47025,1.00,1.00
2015.10.14 12:32:14.681,1.46999,1.47022,1.00,1.00
2015.10.14 12:32:14.890,1.46995,1.47021,1.00,1.00
2015.10.14 12:32:15.424,1.46996,1.47021,1.00,1.00
2015.10.14 12:32:15.678,1.46997,1.47024,1.00,1.00
2015.10.14 12:32:16.086,1.46994,1.47024,1.00,1.00
2015.10.14 12:32:16.188,1.47,1.47027,1.00,1.12
2015.10.14 12:32:16.444,1.46998,1.47026,1.00,1.00
2015.10.14 12:32:16.667,1.46998,1.47025,1.00,1.37
2015.10.14 12:32:16.721,1.46995,1.47021,1.00,1.00
2015.10.14 12:32:16.773,1.46996,1.47019,1.00,1.00
2015.10.14 12:32:16.876,1.46996,1.47021,1.00,1.00
2015.10.14 12:32:17.080,1.46996,1.47018,1.00,1.00
2015.10.14 12:32:17.437,1.46994,1.47017,1.00,1.00
2015.10.14 12:32:17.657,1.46994,1.47019,1.00,1.00
2015.10.14 12:32:18.188,1.46993,1.47019,1.00,1.00
2015.10.14 12:32:18.444,1.46992,1.47008,1.00,1.00
2015.10.14 12:32:18.495,1.4699,1.47008,1.00,1.00
2015.10.14 12:32:18.848,1.4699,1.47006,1.00,1.00
2015.10.14 12:32:19.290,1.46991,1.47017,1.00,1.00
2015.10.14 12:32:19.495,1.46989,1.47017,1.00,1.00
2015.10.14 12:32:19.801,1.46988,1.47014,1.00,1.00
2015.10.14 12:32:19.853,1.46989,1.47016,1.00,1.00
2015.10.14 12:32:20.261,1.46988,1.47014,1.00,1.00
2015.10.14 12:32:20.640,1.46993,1.47015,1.00,1.00
2015.10.14 12:32:21.163,1.46989,1.47016,1.00,1.00
2015.10.14 12:32:21.266,1.46989,1.47014,1.00,1.00
2015.10.14 12:32:21.792,1.46989,1.47012,1.00,1.00
2015.10.14 12:32:22.055,1.46989,1.47014,1.50,1.00
2015.10.14 12:32:22.835,1.46989,1.47013,1.00,1.00
2015.10.14 12:32:23.042,1.46987,1.47011,1.00,1.00
2015.10.14 12:32:23.364,1.46987,1.47013,1.00,1.00
2015.10.14 12:32:23.748,1.46989,1.47016,1.00,1.00
2015.10.14 12:32:23.904,1.46989,1.47018,1.00,1.00
2015.10.14 12:32:24.006,1.46992,1.47018,1.00,1.00
2015.10.14 12:32:24.262,1.46993,1.4702,1.00,1.00
2015.10.14 12:32:24.367,1.46991,1.47019,1.00,1.00
2015.10.14 12:32:24.572,1.46993,1.47019,1.00,1.50
2015.10.14 12:32:24.749,1.46991,1.47019,1.00,2.25
2015.10.14 12:32:24.982,1.46993,1.47019,1.00,1.00
2015.10.14 12:32:25.316,1.46989,1.47016,1.00,1.00
2015.10.14 12:32:25.469,1.46992,1.47019,1.00,1.50
2015.10.14 12:32:25.888,1.4699,1.47019,1.00,1.00
2015.10.14 12:32:26.218,1.46993,1.47019,1.00,1.50
2015.10.14 12:32:26.528,1.46993,1.47017,1.00,1.00
2015.10.14 12:32:26.580,1.46993,1.47019,1.00,1.50
2015.10.14 12:32:26.847,1.46995,1.4702,1.00,1.00
2015.10.14 12:32:26.994,1.46995,1.47023,1.00,1.12
2015.10.14 12:32:27.098,1.46999,1.47024,1.00,1.87
2015.10.14 12:32:27.407,1.47002,1.47024,1.00,1.00
2015.10.14 12:32:28.586,1.47002,1.47026,1.00,1.00
2015.10.14 12:32:29.294,1.47001,1.47026,1.00,1.00
2015.10.14 12:32:29.651,1.46995,1.47017,1.00,1.00
2015.10.14 12:32:29.703,1.46992,1.47017,1.50,1.00
2015.10.14 12:32:29.859,1.46992,1.47013,1.00,1.00
2015.10.14 12:32:29.911,1.46988,1.47013,1.00,1.00
2015.10.14 12:32:29.963,1.46988,1.47011,1.00,1.50
2015.10.14 12:32:30.382,1.46988,1.47008,1.00,1.00
2015.10.14 12:32:30.792,1.46988,1.47011,1.00,1.00
2015.10.14 12:32:31.201,1.46984,1.4701,1.00,1.00
2015.10.14 12:32:31.518,1.46984,1.47008,1.00,1.50
2015.10.14 12:32:31.775,1.46992,1.4702,1.00,1.87
2015.10.14 12:32:31.826,1.46985,1.47012,1.75,1.00
2015.10.14 12:32:31.878,1.46987,1.47012,1.00,1.00
2015.10.14 12:32:31.929,1.46987,1.47007,1.00,1.00
2015.10.14 12:32:31.981,1.46981,1.47007,1.75,1.00
2015.10.14 12:32:32.032,1.46981,1.47004,1.75,1.00
2015.10.14 12:32:32.084,1.46981,1.47003,1.12,1.00
2015.10.14 12:32:32.135,1.46981,1.47001,1.12,1.00
2015.10.14 12:32:32.444,1.46977,1.46999,1.00,1.87
2015.10.14 12:32:32.546,1.46973,1.46994,1.00,1.12
2015.10.14 12:32:32.649,1.46976,1.47,1.00,1.75
2015.10.14 12:32:32.700,1.46974,1.46996,1.00,1.00
2015.10.14 12:32:33.159,1.46971,1.46994,1.00,1.00
2015.10.14 12:32:33.403,1.46971,1.46994,1.00,1.75
2015.10.14 12:32:33.613,1.46971,1.46994,1.00,1.00
2015.10.14 12:32:33.665,1.46971,1.46994,1.00,1.37
2015.10.14 12:32:33.820,1.4697,1.46995,1.00,1.00
2015.10.14 12:32:33.973,1.4697,1.46998,1.00,2.25
2015.10.14 12:32:34.279,1.4697,1.46989,1.00,1.37
2015.10.14 12:32:34.493,1.46968,1.46985,1.00,1.00
2015.10.14 12:32:34.596,1.46964,1.46984,1.00,1.75
2015.10.14 12:32:34.699,1.46964,1.46984,1.00,1.75
2015.10.14 12:32:34.751,1.46959,1.46984,1.00,1.75
2015.10.14 12:32:34.803,1.46963,1.46982,1.00,1.50
2015.10.14 12:32:34.956,1.46959,1.46982,1.00,1.50
2015.10.14 12:32:35.527,1.46959,1.46981,1.00,1.00
2015.10.14 12:32:35.914,1.46961,1.46988,1.00,1.75
2015.10.14 12:32:35.966,1.46961,1.46988,1.00,3.00
2015.10.14 12:32:36.018,1.46959,1.46984,1.00,1.75
2015.10.14 12:32:36.121,1.46959,1.46984,1.00,1.37
2015.10.14 12:32:36.275,1.46962,1.46984,1.00,1.37
2015.10.14 12:32:36.613,1.46959,1.46987,1.50,1.75
2015.10.14 12:32:36.664,1.46962,1.46989,1.00,2.25
2015.10.14 12:32:36.768,1.46961,1.46987,1.00,1.50
2015.10.14 12:32:36.821,1.46964,1.46987,1.00,1.12
2015.10.14 12:32:37.025,1.4697,1.46996,1.00,1.50
2015.10.14 12:32:37.128,1.46976,1.46996,1.00,1.50
2015.10.14 12:32:37.443,1.46974,1.46996,1.00,1.75
2015.10.14 12:32:37.956,1.46974,1.46997,1.00,1.75
2015.10.14 12:32:38.007,1.46974,1.46997,1.00,1.37
2015.10.14 12:32:38.160,1.46981,1.47003,1.00,1.75
2015.10.14 12:32:38.424,1.46981,1.47003,1.00,1.75
2015.10.14 12:32:38.478,1.46976,1.47001,1.00,1.12
2015.10.14 12:32:38.685,1.46975,1.47001,1.50,1.37
2015.10.14 12:32:38.787,1.46971,1.46999,1.00,1.37
2015.10.14 12:32:39.477,1.4697,1.46991,1.00,1.00
2015.10.14 12:32:39.681,1.46972,1.47,1.00,1.75
2015.10.14 12:32:39.733,1.46972,1.47,1.34,1.75
2015.10.14 12:32:39.835,1.46978,1.47003,1.12,1.87
2015.10.14 12:32:39.886,1.46978,1.47003,1.37,1.87
2015.10.14 12:32:40.302,1.46998,1.47017,1.00,1.00
2015.10.14 12:32:40.822,1.46998,1.47022,1.00,1.75
2015.10.14 12:32:40.931,1.46996,1.47019,1.00,1.37
2015.10.14 12:32:40.983,1.46996,1.47018,1.00,1.37
2015.10.14 12:32:41.034,1.46994,1.47014,1.00,1.00
2015.10.14 12:32:41.303,1.46996,1.47019,1.00,1.00
2015.10.14 12:32:41.832,1.46995,1.47022,1.00,1.50
2015.10.14 12:32:42.148,1.46997,1.47023,1.00,1.75
2015.10.14 12:32:42.657,1.46997,1.47019,1.00,1.00
2015.10.14 12:32:43.276,1.46997,1.47019,1.00,1.37
2015.10.14 12:32:43.503,1.46989,1.47014,1.00,1.87
2015.10.14 12:32:43.656,1.46999,1.47014,1.00,1.00
2015.10.14 12:32:43.912,1.46995,1.47019,1.00,1.75
2015.10.14 12:32:44.014,1.46994,1.47015,1.00,1.75
2015.10.14 12:32:44.527,1.46993,1.47017,1.00,1.75
2015.10.14 12:32:44.631,1.46993,1.47018,1.00,1.00
2015.10.14 12:32:44.682,1.46995,1.47018,1.00,1.00
2015.10.14 12:32:44.988,1.46998,1.47018,1.00,1.00
2015.10.14 12:32:45.517,1.46998,1.47017,1.00,1.00
2015.10.14 12:32:45.619,1.46997,1.47019,1.00,1.00
2015.10.14 12:32:45.878,1.47,1.47019,1.00,1.00
2015.10.14 12:32:46.186,1.46997,1.47019,1.00,1.37
2015.10.14 12:32:46.377,1.46995,1.47019,1.00,1.37
2015.10.14 12:32:46.687,1.46992,1.47011,1.00,1.75
2015.10.14 12:32:46.994,1.46993,1.4701,1.00,3.00
2015.10.14 12:32:47.302,1.4699,1.4701,1.00,1.37
2015.10.14 12:32:47.836,1.46988,1.47007,1.00,1.75
2015.10.14 12:32:48.345,1.46989,1.47009,1.00,1.75
2015.10.14 12:32:48.703,1.46988,1.47002,1.00,1.87
2015.10.14 12:32:48.754,1.46983,1.47002,1.00,2.25
2015.10.14 12:32:48.806,1.46983,1.47004,1.00,2.25
2015.10.14 12:32:48.857,1.46983,1.47005,1.00,1.75
2015.10.14 12:32:49.179,1.46985,1.47005,1.00,1.75
2015.10.14 12:32:49.282,1.46988,1.47007,1.00,1.00
2015.10.14 12:32:49.791,1.46988,1.47008,1.00,1.00
2015.10.14 12:32:49.843,1.46986,1.47008,1.00,1.00
2015.10.14 12:32:49.894,1.46986,1.47006,1.00,1.00
2015.10.14 12:32:50.209,1.46985,1.47008,1.00,1.00
2015.10.14 12:32:50.260,1.46987,1.47008,1.00,1.00
2015.10.14 12:32:50.567,1.46987,1.47008,1.00,1.75
2015.10.14 12:32:50.824,1.46985,1.47007,1.00,1.50
2015.10.14 12:32:51.349,1.46986,1.47008,1.00,1.75
2015.10.14 12:32:51.502,1.46989,1.47009,1.00,1.75
2015.10.14 12:32:51.808,1.46964,1.46989,1.50,1.75
2015.10.14 12:32:51.978,1.4697,1.46989,1.00,1.37
2015.10.14 12:32:52.134,1.46967,1.4699,1.00,2.25
2015.10.14 12:32:52.185,1.46967,1.46988,1.00,1.37
2015.10.14 12:32:52.491,1.46963,1.46983,1.00,1.00
2015.10.14 12:32:53.098,1.46962,1.46983,1.50,1.00
2015.10.14 12:32:53.200,1.46964,1.46992,1.00,1.75
2015.10.14 12:32:53.252,1.46969,1.46988,1.00,1.87
2015.10.14 12:32:53.407,1.46971,1.46993,1.00,1.00
2015.10.14 12:32:53.459,1.46968,1.46996,1.00,1.12
2015.10.14 12:32:53.510,1.46967,1.46985,1.50,1.00
2015.10.14 12:32:53.613,1.46957,1.46978,1.75,1.00
2015.10.14 12:32:53.818,1.46961,1.46986,1.00,1.12
2015.10.14 12:32:54.033,1.46958,1.46989,1.00,2.25
2015.10.14 12:32:54.136,1.46966,1.46991,1.00,1.12
2015.10.14 12:32:54.238,1.46966,1.46992,1.00,1.37
2015.10.14 12:32:54.747,1.46967,1.46995,1.00,1.75
2015.10.14 12:32:54.979,1.46967,1.46996,1.00,1.50
2015.10.14 12:32:55.442,1.46963,1.46986,2.25,1.84
2015.10.14 12:32:55.648,1.46953,1.46982,1.00,1.75
2015.10.14 12:32:55.699,1.46953,1.46979,1.00,1.75
2015.10.14 12:32:56.011,1.46954,1.46974,1.00,1.12
2015.10.14 12:32:56.062,1.46954,1.4698,1.12,1.71
2015.10.14 12:32:56.216,1.46952,1.46973,1.00,1.00
2015.10.14 12:32:56.318,1.46952,1.4698,1.00,1.12
2015.10.14 12:32:56.422,1.46953,1.46981,1.37,1.00
2015.10.14 12:32:56.836,1.46955,1.46983,1.50,1.00
2015.10.14 12:32:57.298,1.46959,1.46985,1.00,1.12
2015.10.14 12:32:57.893,1.4696,1.46986,1.00,1.37
2015.10.14 12:32:58.556,1.4696,1.46985,1.00,1.09
2015.10.14 12:32:58.906,1.46937,1.46962,1.37,1.37
2015.10.14 12:32:58.958,1.46937,1.46961,1.00,1.00
2015.10.14 12:32:59.060,1.46933,1.46961,1.00,2.25
2015.10.14 12:32:59.165,1.46933,1.46961,1.37,1.87
2015.10.14 12:32:59.473,1.4694,1.46959,1.09,1.37
2015.10.14 12:32:59.839,1.46941,1.4696,1.71,1.00
2015.10.14 12:32:59.890,1.46949,1.46967,1.00,1.00
2015.10.14 12:32:59.942,1.46951,1.46967,1.00,1.00
2015.10.14 12:32:59.993,1.46951,1.46974,1.00,1.50
2015.10.14 12:33:00.046,1.46957,1.46978,1.00,1.37
2015.10.14 12:33:00.150,1.46957,1.46982,1.00,1.00
2015.10.14 12:33:00.201,1.46957,1.46982,1.00,1.37
2015.10.14 12:33:00.356,1.4696,1.46986,1.00,1.00
2015.10.14 12:33:00.408,1.46962,1.46988,1.00,3.00
2015.10.14 12:33:00.742,1.46964,1.46992,1.12,1.00
2015.10.14 12:33:00.794,1.46967,1.46993,1.00,1.50
2015.10.14 12:33:00.947,1.46968,1.46994,1.00,1.87
2015.10.14 12:33:01.253,1.4697,1.46994,1.00,1.37
2015.10.14 12:33:01.407,1.46967,1.46994,1.00,1.37
2015.10.14 12:33:02.392,1.46971,1.4699,1.00,1.00
2015.10.14 12:33:02.496,1.46963,1.46985,1.37,1.00
2015.10.14 12:33:02.548,1.4696,1.46985,1.12,1.00
2015.10.14 12:33:02.599,1.46971,1.46988,1.00,1.00
2015.10.14 12:33:02.862,1.46968,1.46988,1.00,1.87
2015.10.14 12:33:02.914,1.46971,1.46988,1.00,1.87
2015.10.14 12:33:03.016,1.46962,1.46984,1.37,1.12
2015.10.14 12:33:03.170,1.46959,1.46983,1.00,1.12
2015.10.14 12:33:03.527,1.46959,1.46985,1.00,1.87
2015.10.14 12:33:03.792,1.46957,1.46984,1.12,1.50
2015.10.14 12:33:04.048,1.46957,1.46979,1.12,1.00
2015.10.14 12:33:04.357,1.46954,1.46979,1.00,1.00
2015.10.14 12:33:04.812,1.4695,1.46976,1.50,1.12
2015.10.14 12:33:05.168,1.4695,1.46972,1.50,1.00
2015.10.14 12:33:05.474,1.4695,1.4697,1.00,1.00
2015.10.14 12:33:05.525,1.4695,1.46972,1.00,1.50
2015.10.14 12:33:05.760,1.46947,1.46972,1.00,1.50
2015.10.14 12:33:05.813,1.46949,1.46973,1.00,1.12
2015.10.14 12:33:06.135,1.46948,1.46968,1.00,1.00
2015.10.14 12:33:06.311,1.46944,1.46969,1.50,1.00
2015.10.14 12:33:06.515,1.46944,1.46969,1.50,1.00
2015.10.14 12:33:06.567,1.46949,1.46973,1.00,1.00
2015.10.14 12:33:06.831,1.46949,1.46975,1.50,1.50
2015.10.14 12:33:07.137,1.46949,1.4697,1.00,1.00
2015.10.14 12:33:07.396,1.46945,1.46971,1.37,1.00
2015.10.14 12:33:07.920,1.46949,1.46974,1.00,1.12
2015.10.14 12:33:07.972,1.46947,1.46974,2.25,1.12
2015.10.14 12:33:09.118,1.46948,1.46974,1.00,1.75
2015.10.14 12:33:09.677,1.46948,1.46974,1.12,1.37
2015.10.14 12:33:09.729,1.46948,1.46974,1.12,1.00
2015.10.14 12:33:10.833,1.46949,1.46975,1.00,1.12
2015.10.14 12:33:11.337,1.4695,1.46975,1.12,1.00
2015.10.14 12:33:11.491,1.46953,1.46975,1.00,3.00
2015.10.14 12:33:11.594,1.46948,1.4697,1.37,1.00
2015.10.14 12:33:11.749,1.4695,1.46976,1.00,1.00
2015.10.14 12:33:11.800,1.4695,1.46972,1.00,1.00
2015.10.14 12:33:12.118,1.4695,1.4697,1.00,1.34
2015.10.14 12:33:12.169,1.46946,1.4697,1.00,1.09
2015.10.14 12:33:12.272,1.46946,1.46972,1.00,2.25
2015.10.14 12:33:12.374,1.46948,1.46969,1.00,1.00
2015.10.14 12:33:12.734,1.46951,1.46975,1.00,1.09
2015.10.14 12:33:12.954,1.46957,1.46983,1.00,1.12
2015.10.14 12:33:13.005,1.46957,1.46984,1.00,3.00
2015.10.14 12:33:13.109,1.46965,1.46987,1.00,1.37
2015.10.14 12:33:13.161,1.46959,1.46985,1.75,1.12
2015.10.14 12:33:13.213,1.46959,1.46985,1.00,1.12
2015.10.14 12:33:13.367,1.4696,1.46986,1.37,1.00
2015.10.14 12:33:13.837,1.46965,1.46984,1.00,1.00
2015.10.14 12:33:14.143,1.46986,1.47002,1.00,1.37
2015.10.14 12:33:14.348,1.46986,1.47012,1.50,1.87
2015.10.14 12:33:14.401,1.46995,1.47012,1.00,1.37
2015.10.14 12:33:14.452,1.46995,1.47019,1.00,1.87
2015.10.14 12:33:14.504,1.47,1.47022,1.00,1.37
2015.10.14 12:33:14.702,1.47005,1.47033,1.00,1.87
2015.10.14 12:33:14.770,1.47008,1.47036,1.00,1.37
2015.10.14 12:33:14.822,1.47008,1.47036,1.00,1.12
2015.10.14 12:33:15.129,1.47008,1.47028,1.00,1.00
2015.10.14 12:33:15.232,1.46994,1.47015,1.00,1.00
2015.10.14 12:33:15.283,1.46997,1.47023,1.00,1.87
2015.10.14 12:33:15.386,1.47,1.47023,1.00,1.12
2015.10.14 12:33:15.582,1.47,1.47026,1.00,1.00
2015.10.14 12:33:15.638,1.47004,1.47027,1.00,1.00
2015.10.14 12:33:15.792,1.47005,1.47033,1.00,1.00
2015.10.14 12:33:15.843,1.47007,1.47035,1.00,1.50
2015.10.14 12:33:16.150,1.4701,1.47035,1.00,1.00
2015.10.14 12:33:16.466,1.4701,1.47035,1.00,1.50
2015.10.14 12:33:16.518,1.4701,1.47035,1.00,1.50
2015.10.14 12:33:18.733,1.47008,1.47035,1.00,1.00
2015.10.14 12:33:18.835,1.47007,1.47033,1.00,1.00
2015.10.14 12:33:19.233,1.47006,1.4703,1.00,1.00
2015.10.14 12:33:19.336,1.47002,1.4703,1.00,1.00
2015.10.14 12:33:19.388,1.46999,1.47027,1.00,1.00
2015.10.14 12:33:19.697,1.47001,1.47024,1.00,1.00
2015.10.14 12:33:20.210,1.47,1.47024,1.00,1.00
2015.10.14 12:33:20.575,1.46998,1.47024,1.00,1.00
2015.10.14 12:33:21.087,1.46997,1.47023,1.00,1.00
2015.10.14 12:33:21.576,1.46999,1.47023,1.00,1.00
2015.10.14 12:33:21.679,1.46995,1.4702,1.00,1.00
2015.10.14 12:33:21.781,1.46995,1.47017,1.00,1.00
2015.10.14 12:33:22.132,1.46999,1.47017,1.00,1.00
2015.10.14 12:33:22.235,1.46995,1.47023,1.50,1.00
2015.10.14 12:33:22.542,1.47001,1.47024,1.00,1.00
2015.10.14 12:33:22.916,1.46997,1.47024,1.00,1.00
2015.10.14 12:33:23.794,1.46999,1.47027,1.00,1.00
2015.10.14 12:33:24.866,1.46997,1.47022,1.00,1.00
2015.10.14 12:33:25.071,1.46997,1.47025,1.00,1.00
2015.10.14 12:33:25.225,1.47007,1.47025,1.00,1.00
2015.10.14 12:33:25.327,1.47009,1.47035,1.00,1.37
2015.10.14 12:33:25.841,1.47009,1.47035,1.00,1.00
2015.10.14 12:33:26.096,1.47001,1.47027,1.50,1.00
2015.10.14 12:33:26.485,1.47003,1.47025,1.00,1.00
2015.10.14 12:33:26.537,1.47005,1.47033,1.00,1.00
2015.10.14 12:33:26.946,1.47009,1.47035,1.00,1.00
2015.10.14 12:33:27.360,1.47006,1.47033,1.00,1.37
2015.10.14 12:33:27.674,1.4701,1.47036,1.00,1.00
2015.10.14 12:33:28.822,1.47011,1.47036,1.00,1.00
2015.10.14 12:33:28.925,1.47018,1.47044,1.00,1.00
2015.10.14 12:33:29.128,1.47018,1.47044,1.00,1.37
2015.10.14 12:33:29.180,1.47015,1.47043,1.50,1.50
2015.10.14 12:33:29.374,1.47015,1.47037,1.00,1.00
2015.10.14 12:33:29.685,1.47017,1.47043,1.00,1.00
2015.10.14 12:33:30.045,1.47015,1.47039,1.00,1.00
2015.10.14 12:33:30.269,1.47016,1.47042,1.00,1.00
2015.10.14 12:33:30.474,1.4702,1.47044,1.00,1.00
2015.10.14 12:33:30.993,1.47021,1.47044,1.00,1.00
2015.10.14 12:33:31.168,1.47016,1.47042,1.50,1.00
2015.10.14 12:33:31.575,1.47013,1.47041,1.00,1.00
2015.10.14 12:33:31.677,1.47011,1.4703,1.12,1.00
2015.10.14 12:33:32.141,1.47006,1.47034,1.37,1.00
2015.10.14 12:33:32.243,1.47011,1.47034,1.00,1.00
2015.10.14 12:33:32.562,1.47006,1.4703,1.50,1.00
2015.10.14 12:33:32.665,1.4701,1.4703,1.00,1.00
2015.10.14 12:33:32.819,1.47005,1.47029,1.37,1.00
2015.10.14 12:33:33.027,1.47005,1.47027,1.37,1.00
2015.10.14 12:33:33.335,1.47006,1.47025,1.00,1.00
2015.10.14 12:33:33.692,1.47001,1.47025,1.37,1.00
2015.10.14 12:33:33.794,1.47005,1.47024,1.00,1.00
2015.10.14 12:33:34.103,1.47,1.47017,1.37,1.00
2015.10.14 12:33:34.459,1.47,1.47019,1.37,1.00
2015.10.14 12:33:34.510,1.47,1.47019,1.00,1.00
2015.10.14 12:33:34.765,1.47002,1.4703,1.00,1.75
2015.10.14 12:33:34.929,1.47004,1.47032,1.00,1.50
2015.10.14 12:33:35.184,1.47002,1.4703,1.50,1.00
2015.10.14 12:33:35.236,1.47006,1.4703,1.00,1.00
2015.10.14 12:33:35.542,1.47001,1.47018,1.00,1.00
2015.10.14 12:33:36.175,1.47001,1.47017,1.00,1.00
2015.10.14 12:33:36.644,1.47005,1.47017,1.00,1.00
2015.10.14 12:33:36.847,1.47,1.47018,1.00,1.00
2015.10.14 12:33:37.160,1.47001,1.47013,1.00,1.00
2015.10.14 12:33:37.315,1.46996,1.47014,1.00,1.00
2015.10.14 12:33:37.417,1.47,1.47014,1.00,1.00
2015.10.14 12:33:37.724,1.47001,1.47016,1.00,1.00
2015.10.14 12:33:38.142,1.47001,1.47018,1.00,1.00
2015.10.14 12:33:38.295,1.47005,1.47018,1.00,1.00
2015.10.14 12:33:38.397,1.47001,1.47023,1.00,1.00
2015.10.14 12:33:38.907,1.47,1.47022,1.00,1.00
2015.10.14 12:33:39.130,1.47002,1.4702,1.00,1.00
2015.10.14 12:33:39.187,1.47002,1.47029,1.00,1.75
2015.10.14 12:33:39.290,1.47015,1.47034,1.00,1.00
2015.10.14 12:33:39.598,1.47048,1.47064,1.00,1.00
2015.10.14 12:33:39.702,1.47046,1.47064,1.00,1.50
2015.10.14 12:33:39.754,1.47037,1.4706,1.00,1.00
2015.10.14 12:33:40.013,1.47036,1.47064,1.00,1.00
2015.10.14 12:33:40.065,1.47044,1.47069,1.00,1.37
2015.10.14 12:33:40.218,1.47052,1.47084,1.50,1.00
2015.10.14 12:33:40.269,1.47051,1.47079,1.00,1.00
2015.10.14 12:33:40.575,1.47078,1.47103,1.37,1.37
2015.10.14 12:33:40.627,1.47078,1.47113,1.75,1.37
2015.10.14 12:33:40.895,1.47095,1.47105,1.00,1.00
2015.10.14 12:33:41.050,1.47095,1.47108,1.00,1.00
2015.10.14 12:33:41.153,1.47096,1.47119,1.00,1.00
2015.10.14 12:33:41.257,1.47111,1.47125,1.00,1.00
2015.10.14 12:33:41.359,1.47099,1.47128,1.00,1.00
2015.10.14 12:33:41.465,1.47089,1.47118,1.12,1.00
2015.10.14 12:33:41.825,1.47088,1.47101,1.00,1.00
2015.10.14 12:33:41.878,1.4709,1.47123,1.00,1.87
2015.10.14 12:33:41.931,1.47088,1.4712,1.00,1.37
2015.10.14 12:33:42.035,1.47078,1.47107,1.00,1.00
2015.10.14 12:33:42.137,1.47071,1.47102,1.12,1.00
2015.10.14 12:33:42.189,1.47073,1.47102,1.00,1.00
2015.10.14 12:33:42.240,1.47074,1.47104,1.00,1.00
2015.10.14 12:33:42.659,1.4707,1.47104,1.00,1.00
2015.10.14 12:33:42.918,1.47071,1.47101,1.50,1.00
2015.10.14 12:33:43.571,1.4707,1.47102,1.00,1.00
2015.10.14 12:33:43.877,1.47075,1.47103,1.34,1.00
2015.10.14 12:33:43.979,1.47075,1.47103,1.00,1.00
2015.10.14 12:33:44.030,1.47073,1.47105,1.50,1.00
2015.10.14 12:33:44.560,1.47073,1.47103,1.50,1.00
2015.10.14 12:33:44.663,1.47073,1.47105,1.50,1.00
2015.10.14 12:33:45.179,1.47074,1.47106,1.00,1.37
2015.10.14 12:33:45.230,1.47068,1.47099,1.50,1.00
2015.10.14 12:33:45.504,1.47067,1.47097,1.00,1.00
2015.10.14 12:33:45.762,1.47064,1.47097,1.00,1.00
2015.10.14 12:33:45.864,1.47064,1.47095,1.00,1.00
2015.10.14 12:33:46.297,1.47061,1.47092,1.00,1.00
2015.10.14 12:33:46.534,1.47058,1.47092,1.00,1.00
2015.10.14 12:33:46.637,1.47061,1.47093,1.00,1.00
2015.10.14 12:33:47.291,1.47073,1.471,1.00,1.00
2015.10.14 12:33:47.345,1.47073,1.47107,1.00,1.37
2015.10.14 12:33:47.500,1.47073,1.47108,1.00,1.00
2015.10.14 12:33:47.705,1.47074,1.47106,1.00,1.00
2015.10.14 12:33:47.807,1.47071,1.47104,1.00,1.00
2015.10.14 12:33:47.859,1.47076,1.47104,1.09,1.00
2015.10.14 12:33:48.190,1.47086,1.47114,1.00,1.50
2015.10.14 12:33:48.243,1.47077,1.47112,1.00,1.00
2015.10.14 12:33:48.295,1.47077,1.4711,1.00,1.00
2015.10.14 12:33:48.450,1.47071,1.47105,1.00,1.00
2015.10.14 12:33:48.503,1.47069,1.47104,1.50,1.00
2015.10.14 12:33:48.656,1.47069,1.47095,1.00,1.00
2015.10.14 12:33:48.962,1.47075,1.47099,1.00,1.00
2015.10.14 12:33:49.327,1.47076,1.47094,1.00,1.00
2015.10.14 12:33:49.582,1.4707,1.47094,1.00,1.00
2015.10.14 12:33:50.101,1.47069,1.47094,1.00,1.00
2015.10.14 12:33:50.153,1.47076,1.47094,1.00,1.00
2015.10.14 12:33:50.613,1.47076,1.47099,1.00,1.00
2015.10.14 12:33:50.818,1.47081,1.47099,1.00,1.00
2015.10.14 12:33:51.132,1.47082,1.47094,1.00,1.00
2015.10.14 12:33:51.388,1.47082,1.471,1.00,1.00
2015.10.14 12:33:51.643,1.47081,1.47094,1.00,1.00
2015.10.14 12:33:52.084,1.47084,1.47094,1.00,1.00
2015.10.14 12:33:52.136,1.47082,1.47099,1.00,1.00
2015.10.14 12:33:52.402,1.47082,1.47109,1.00,1.37
2015.10.14 12:33:52.504,1.47083,1.47109,1.00,1.00
2015.10.14 12:33:53.160,1.47082,1.47109,1.00,1.00
2015.10.14 12:33:53.462,1.47081,1.47105,1.00,1.00
2015.10.14 12:33:53.719,1.47081,1.47109,1.00,1.50
2015.10.14 12:33:53.771,1.47081,1.47109,1.34,1.50
2015.10.14 12:33:53.874,1.47079,1.47109,1.00,1.00
2015.10.14 12:33:54.027,1.4708,1.47105,1.00,1.00
2015.10.14 12:33:54.296,1.47072,1.47102,1.00,1.00
2015.10.14 12:33:54.449,1.47071,1.471,1.00,1.00
2015.10.14 12:33:54.603,1.47069,1.47099,1.00,1.00
2015.10.14 12:33:54.757,1.47066,1.47094,1.50,1.00
2015.10.14 12:33:55.165,1.47071,1.47095,1.00,1.00
2015.10.14 12:33:55.217,1.47072,1.47099,1.00,1.00
2015.10.14 12:33:55.423,1.4707,1.471,1.00,1.00
2015.10.14 12:33:55.936,1.4707,1.47099,1.00,1.00
2015.10.14 12:33:56.152,1.4707,1.47099,1.75,1.00
2015.10.14 12:33:57.311,1.47067,1.47098,1.75,1.00
2015.10.14 12:33:57.566,1.4707,1.47099,1.00,1.50
2015.10.14 12:33:57.618,1.47072,1.47099,1.00,1.50
2015.10.14 12:33:57.931,1.47071,1.47094,1.00,1.00
2015.10.14 12:33:58.490,1.4707,1.47094,1.50,1.00
2015.10.14 12:33:59.330,1.4707,1.47095,1.50,1.00
2015.10.14 12:33:59.433,1.47071,1.47099,1.00,1.50
2015.10.14 12:33:59.636,1.4707,1.47095,1.50,1.00
2015.10.14 12:33:59.738,1.4707,1.47099,1.50,2.25
2015.10.14 12:34:00.251,1.47071,1.47099,1.00,1.50
2015.10.14 12:34:00.405,1.4707,1.47095,1.50,1.00
2015.10.14 12:34:00.932,1.4707,1.47094,1.00,1.00
2015.10.14 12:34:01.099,1.4707,1.47099,1.00,2.25
2015.10.14 12:34:01.619,1.47068,1.471,1.37,3.00
2015.10.14 12:34:01.670,1.47068,1.471,1.00,3.00
2015.10.14 12:34:01.772,1.47072,1.47098,1.00,1.00
2015.10.14 12:34:02.222,1.47073,1.47094,1.00,1.00
2015.10.14 12:34:02.324,1.47069,1.47092,1.00,1.00
2015.10.14 12:34:02.427,1.47061,1.47092,3.00,1.71
2015.10.14 12:34:02.478,1.4706,1.47089,1.50,1.50
2015.10.14 12:34:02.529,1.4706,1.47089,1.50,1.84
2015.10.14 12:34:02.581,1.47058,1.47088,1.87,1.71
2015.10.14 12:34:02.888,1.47053,1.47077,2.25,1.00
2015.10.14 12:34:02.939,1.47052,1.47077,1.12,1.00
2015.10.14 12:34:02.990,1.47052,1.47076,1.12,1.00
2015.10.14 12:34:03.242,1.47046,1.47076,1.12,1.12
2015.10.14 12:34:03.294,1.47046,1.47075,1.87,1.00
2015.10.14 12:34:03.448,1.47046,1.4707,1.37,1.00
2015.10.14 12:34:03.602,1.47045,1.47074,1.00,2.25
2015.10.14 12:34:03.654,1.47043,1.47069,1.00,1.00
2015.10.14 12:34:03.909,1.47043,1.47073,1.50,1.50
2015.10.14 12:34:04.363,1.47048,1.47075,1.00,1.75
2015.10.14 12:34:04.414,1.47048,1.47075,1.00,1.50
2015.10.14 12:34:04.516,1.47048,1.47077,1.71,1.37
2015.10.14 12:34:04.772,1.47055,1.47079,1.00,1.00
2015.10.14 12:34:04.876,1.47057,1.47085,1.00,1.75
2015.10.14 12:34:05.253,1.47059,1.47083,1.00,1.75
2015.10.14 12:34:05.305,1.47056,1.47085,1.00,3.00
2015.10.14 12:34:05.459,1.47056,1.47079,1.00,1.00
2015.10.14 12:34:05.562,1.47054,1.4708,1.12,1.00
2015.10.14 12:34:05.664,1.47056,1.4708,1.00,1.00
2015.10.14 12:34:06.301,1.47056,1.47079,1.00,1.00
2015.10.14 12:34:06.352,1.47056,1.47082,1.00,1.50
2015.10.14 12:34:06.760,1.47059,1.47085,1.00,1.75
2015.10.14 12:34:06.964,1.4705,1.47079,1.12,1.75
2015.10.14 12:34:07.016,1.4705,1.47079,1.12,1.37
2015.10.14 12:34:07.067,1.4706,1.4708,1.00,1.50
2015.10.14 12:34:07.235,1.47055,1.4708,1.00,1.50
2015.10.14 12:34:07.287,1.47056,1.47084,1.37,1.37
2015.10.14 12:34:07.339,1.47056,1.47083,1.00,1.50
2015.10.14 12:34:07.391,1.47053,1.47083,1.50,2.25
2015.10.14 12:34:07.442,1.47053,1.47078,1.50,1.00
2015.10.14 12:34:07.953,1.47053,1.47078,1.09,1.00
2015.10.14 12:34:08.005,1.47053,1.47081,1.09,1.00
2015.10.14 12:34:08.209,1.47057,1.47079,1.34,1.00
2015.10.14 12:34:08.265,1.47056,1.47079,1.37,1.00
2015.10.14 12:34:08.317,1.47055,1.47076,1.12,1.00
2015.10.14 12:34:08.470,1.4705,1.47076,1.75,1.00
2015.10.14 12:34:08.521,1.47048,1.47074,1.75,1.00
2015.10.14 12:34:09.183,1.47048,1.47077,2.25,1.50
2015.10.14 12:34:09.447,1.47049,1.47077,1.50,1.12
2015.10.14 12:34:09.653,1.47048,1.47074,1.37,1.00
2015.10.14 12:34:09.755,1.47048,1.47077,1.87,1.12
2015.10.14 12:34:10.544,1.47049,1.47074,1.12,1.00
2015.10.14 12:34:10.859,1.47049,1.47078,1.12,1.37
2015.10.14 12:34:11.115,1.47045,1.47057,1.87,1.00
2015.10.14 12:34:11.218,1.47021,1.47035,1.75,1.00
2015.10.14 12:34:11.321,1.47015,1.47034,1.00,1.00
2015.10.14 12:34:11.426,1.47012,1.47034,1.12,1.00
2015.10.14 12:34:11.477,1.47009,1.47034,1.75,1.00
2015.10.14 12:34:11.529,1.47009,1.47039,1.75,1.00
2015.10.14 12:34:11.633,1.47013,1.47035,1.00,1.00
2015.10.14 12:34:11.910,1.47013,1.47045,1.00,1.00
2015.10.14 12:34:12.013,1.4701,1.47044,1.00,1.00
2015.10.14 12:34:12.064,1.47013,1.47044,1.00,1.00
2015.10.14 12:34:12.372,1.47008,1.47039,1.00,1.00
2015.10.14 12:34:12.679,1.47011,1.47034,1.00,1.00
2015.10.14 12:34:13.223,1.4701,1.47035,1.00,1.00
2015.10.14 12:34:13.275,1.4701,1.47037,1.00,1.00
2015.10.14 12:34:13.481,1.47008,1.47037,1.50,1.00
2015.10.14 12:34:13.838,1.47008,1.47035,1.50,1.00
2015.10.14 12:34:14.270,1.47008,1.47029,1.00,1.00
2015.10.14 12:34:14.480,1.47008,1.47033,1.00,1.00
2015.10.14 12:34:14.583,1.47,1.47033,1.00,1.00
2015.10.14 12:34:14.686,1.47,1.47028,1.50,1.00
2015.10.14 12:34:14.993,1.47002,1.47029,1.00,1.00
2015.10.14 12:34:15.180,1.47003,1.47039,1.00,1.00
2015.10.14 12:34:15.232,1.47004,1.47034,1.00,1.00
2015.10.14 12:34:15.573,1.47003,1.47037,1.00,1.00
2015.10.14 12:34:15.676,1.47006,1.47037,1.00,1.00
2015.10.14 12:34:16.084,1.47003,1.47038,1.00,1.50
2015.10.14 12:34:16.402,1.47002,1.47034,1.00,1.00
2015.10.14 12:34:16.861,1.47,1.47028,1.00,1.00
2015.10.14 12:34:16.913,1.46995,1.47026,1.12,1.00
2015.10.14 12:34:16.964,1.46993,1.47025,1.00,1.00
2015.10.14 12:34:17.016,1.46991,1.47019,1.00,1.00
2015.10.14 12:34:17.395,1.46996,1.47019,1.34,1.00
2015.10.14 12:34:17.446,1.46996,1.47025,1.34,1.00
2015.10.14 12:34:17.656,1.46996,1.47028,1.34,1.50
2015.10.14 12:34:18.765,1.46996,1.47024,1.34,1.00
2015.10.14 12:34:19.105,1.46996,1.47028,1.34,1.50
2015.10.14 12:34:19.515,1.46996,1.47024,1.34,1.00
2015.10.14 12:34:19.669,1.46996,1.47028,1.34,1.50
2015.10.14 12:34:19.772,1.46996,1.47026,1.34,1.00
2015.10.14 12:34:19.874,1.46996,1.47028,1.34,1.00
2015.10.14 12:34:19.925,1.47001,1.47031,1.34,1.00
2015.10.14 12:34:20.080,1.47001,1.47029,1.34,1.00
2015.10.14 12:34:20.602,1.47001,1.4703,1.34,1.50
2015.10.14 12:34:20.908,1.47001,1.47028,1.34,1.00
2015.10.14 12:34:22.194,1.46999,1.47029,1.34,1.00
2015.10.14 12:34:22.552,1.47,1.47029,1.00,1.00
2015.10.14 12:34:22.604,1.47,1.47027,1.00,1.00
2015.10.14 12:34:22.808,1.46994,1.47022,1.00,1.00
2015.10.14 12:34:22.911,1.4699,1.47022,1.00,1.00
2015.10.14 12:34:22.963,1.4699,1.47019,1.00,1.00
2015.10.14 12:34:23.066,1.4699,1.47021,1.00,1.00
2015.10.14 12:34:23.169,1.4699,1.47018,1.00,1.00
2015.10.14 12:34:23.816,1.46989,1.47017,1.00,1.00
2015.10.14 12:34:24.123,1.46985,1.47015,1.00,1.00
2015.10.14 12:34:24.175,1.46985,1.47011,1.00,1.00
2015.10.14 12:34:24.524,1.46979,1.47007,1.37,1.00
2015.10.14 12:34:24.576,1.46979,1.47009,1.37,1.00
2015.10.14 12:34:24.679,1.46984,1.47009,1.00,1.00
2015.10.14 12:34:24.731,1.46984,1.47011,1.00,1.00
2015.10.14 12:34:24.986,1.46982,1.47011,1.00,1.00
2015.10.14 12:34:25.507,1.46981,1.4701,1.00,1.00
2015.10.14 12:34:25.559,1.46977,1.47008,1.00,1.00
2015.10.14 12:34:25.662,1.46977,1.47006,1.00,1.00
2015.10.14 12:34:25.968,1.46976,1.47003,1.00,1.00
2015.10.14 12:34:26.456,1.46975,1.47006,1.50,1.87
2015.10.14 12:34:26.924,1.46976,1.47004,1.12,1.00
2015.10.14 12:34:27.229,1.46976,1.47006,1.12,1.87
2015.10.14 12:34:27.432,1.46974,1.47002,1.75,1.00
2015.10.14 12:34:27.741,1.46969,1.46999,2.25,1.00
2015.10.14 12:34:27.793,1.46967,1.46998,1.75,1.50
2015.10.14 12:34:27.895,1.46967,1.46996,1.75,1.00
2015.10.14 12:34:28.309,1.46974,1.46997,1.50,1.00
2015.10.14 12:34:28.361,1.46976,1.47005,1.00,1.50
2015.10.14 12:34:28.464,1.46972,1.47,1.75,1.00
2015.10.14 12:34:29.558,1.46974,1.47003,1.50,1.00
2015.10.14 12:34:29.661,1.46971,1.47,1.75,1.00
2015.10.14 12:34:30.244,1.46971,1.47002,1.75,1.00
2015.10.14 12:34:30.451,1.46971,1.47,1.75,1.00
2015.10.14 12:34:30.758,1.4697,1.46998,1.75,1.00
2015.10.14 12:34:31.163,1.46972,1.47003,1.75,1.00
2015.10.14 12:34:31.673,1.46976,1.47004,1.00,1.12
2015.10.14 12:34:32.217,1.46977,1.47006,1.00,1.75
2015.10.14 12:34:32.320,1.46975,1.47003,1.12,1.00
2015.10.14 12:34:32.372,1.46975,1.47003,1.50,1.00
2015.10.14 12:34:32.527,1.46974,1.47004,1.00,2.25
2015.10.14 12:34:32.681,1.46976,1.47004,1.00,2.25
2015.10.14 12:34:33.667,1.46974,1.47003,1.00,1.50
2015.10.14 12:34:34.194,1.46973,1.47001,1.12,1.00
2015.10.14 12:34:34.500,1.4697,1.46999,1.37,1.12
2015.10.14 12:34:34.552,1.46969,1.46998,1.37,1.37
2015.10.14 12:34:34.604,1.46969,1.46995,1.37,1.00
2015.10.14 12:34:35.143,1.46965,1.46994,1.75,1.00
2015.10.14 12:34:36.357,1.46965,1.46994,1.37,1.37
2015.10.14 12:34:38.180,1.46963,1.46991,1.37,1.37
2015.10.14 12:34:38.231,1.46963,1.46991,1.00,1.75
2015.10.14 12:34:38.283,1.46965,1.46991,1.00,1.75
2015.10.14 12:34:38.486,1.46963,1.46991,1.00,1.75
2015.10.14 12:34:38.589,1.46963,1.46993,1.37,1.37
2015.10.14 12:34:38.640,1.46966,1.46993,1.00,1.12
2015.10.14 12:34:38.692,1.46966,1.46993,1.37,1.12
2015.10.14 12:34:38.846,1.46962,1.4699,1.37,1.00
2015.10.14 12:34:39.364,1.46961,1.46992,2.62,1.37
2015.10.14 12:34:39.527,1.46963,1.46992,1.71,1.37
2015.10.14 12:34:39.782,1.4698,1.47008,1.50,1.12
2015.10.14 12:34:40.072,1.4698,1.47008,1.75,1.12
2015.10.14 12:34:40.276,1.46993,1.47022,1.50,1.50
2015.10.14 12:34:40.328,1.46994,1.47023,2.25,1.00
2015.10.14 12:34:40.380,1.46995,1.47026,1.75,1.00
2015.10.14 12:34:40.890,1.46996,1.47027,1.75,1.00
2015.10.14 12:34:41.099,1.46999,1.47028,1.75,1.00
2015.10.14 12:34:41.609,1.46997,1.47026,3.00,1.00
2015.10.14 12:34:41.914,1.46997,1.47024,2.25,1.00
2015.10.14 12:34:42.241,1.46997,1.47025,1.75,1.00
2015.10.14 12:34:42.803,1.46996,1.47024,1.75,1.00
2015.10.14 12:34:43.177,1.46998,1.47026,1.50,1.00
2015.10.14 12:34:43.690,1.46998,1.47027,1.75,1.00
2015.10.14 12:34:44.048,1.47008,1.47037,1.00,1.37
2015.10.14 12:34:44.100,1.4701,1.47039,1.00,1.00
2015.10.14 12:34:44.203,1.47008,1.47037,1.00,1.00
2015.10.14 12:34:44.356,1.47003,1.47034,1.50,1.00
2015.10.14 12:34:44.458,1.47005,1.47033,1.00,1.00
2015.10.14 12:34:44.764,1.47005,1.47036,1.00,1.00
2015.10.14 12:34:45.037,1.47021,1.47049,1.00,1.00
2015.10.14 12:34:45.563,1.4702,1.47049,1.00,1.00
2015.10.14 12:34:46.076,1.47019,1.47049,1.00,1.50
2015.10.14 12:34:47.191,1.4702,1.47049,1.00,1.00
2015.10.14 12:34:47.497,1.47001,1.47027,1.00,1.00
2015.10.14 12:34:47.549,1.46997,1.47025,1.00,1.00
2015.10.14 12:34:47.651,1.47001,1.47027,1.00,1.00
2015.10.14 12:34:48.108,1.46999,1.47025,1.00,1.00
2015.10.14 12:34:48.719,1.46999,1.47027,1.00,1.00
2015.10.14 12:34:49.190,1.47002,1.4703,1.00,1.00
2015.10.14 12:34:49.497,1.46999,1.47025,1.00,1.00
2015.10.14 12:34:50.151,1.46998,1.47024,1.00,1.00
2015.10.14 12:34:50.254,1.47,1.47027,1.00,1.00
2015.10.14 12:34:50.410,1.46998,1.47026,1.00,1.00
2015.10.14 12:34:50.818,1.46998,1.47024,1.00,1.00
2015.10.14 12:34:51.138,1.46997,1.47022,1.00,1.00
2015.10.14 12:34:52.248,1.46997,1.47023,1.50,1.00
2015.10.14 12:34:52.656,1.46995,1.47022,1.50,1.00
2015.10.14 12:34:53.331,1.46996,1.47021,1.00,1.00
2015.10.14 12:34:53.434,1.46992,1.47014,1.00,1.00
2015.10.14 12:34:53.486,1.46986,1.47012,1.00,1.00
2015.10.14 12:34:53.691,1.46984,1.4701,1.50,1.00
2015.10.14 12:34:54.167,1.4697,1.46992,1.50,1.00
2015.10.14 12:34:54.218,1.46967,1.46992,1.12,1.00
2015.10.14 12:34:54.322,1.46968,1.46994,1.00,1.50
2015.10.14 12:34:54.629,1.46969,1.46992,1.00,1.00
2015.10.14 12:34:54.680,1.46965,1.46992,1.00,1.00
2015.10.14 12:34:54.783,1.46969,1.46992,1.00,1.00
2015.10.14 12:34:54.834,1.46969,1.46995,1.00,1.00
2015.10.14 12:34:55.045,1.46967,1.46992,1.00,1.00
2015.10.14 12:34:55.354,1.46968,1.46994,1.00,1.00
2015.10.14 12:34:55.866,1.46967,1.46995,1.00,1.00
2015.10.14 12:34:56.337,1.4697,1.46996,1.00,1.00
2015.10.14 12:34:56.654,1.46968,1.46996,1.00,1.00
2015.10.14 12:34:56.706,1.4697,1.46996,1.00,1.00
2015.10.14 12:34:57.064,1.46967,1.46992,1.00,1.00
2015.10.14 12:34:57.423,1.46964,1.46992,1.50,1.00
2015.10.14 12:34:57.525,1.46964,1.4699,1.00,1.00
2015.10.14 12:34:57.577,1.46962,1.4699,1.00,1.00
2015.10.14 12:34:59.752,1.46964,1.4699,1.00,1.00
2015.10.14 12:34:59.956,1.46961,1.46989,1.00,1.00
2015.10.14 12:35:00.313,1.46956,1.46982,1.00,1.00
2015.10.14 12:35:00.624,1.46947,1.46973,1.00,1.00
2015.10.14 12:35:01.118,1.46952,1.46978,1.00,1.00
2015.10.14 12:35:01.426,1.4695,1.46976,1.00,1.00
2015.10.14 12:35:01.528,1.4695,1.46978,1.00,1.50
2015.10.14 12:35:01.631,1.46952,1.46978,1.00,1.00
2015.10.14 12:35:01.683,1.46952,1.4698,1.00,1.50
2015.10.14 12:35:02.513,1.46951,1.46979,1.00,1.00
2015.10.14 12:35:02.718,1.46953,1.46979,1.00,1.00
2015.10.14 12:35:03.108,1.46955,1.46983,1.00,1.00
2015.10.14 12:35:03.365,1.46955,1.46981,1.00,1.00
2015.10.14 12:35:04.027,1.46953,1.46981,1.00,1.00
2015.10.14 12:35:04.387,1.46951,1.46979,1.00,1.00
2015.10.14 12:35:04.946,1.46955,1.46981,1.00,1.00
2015.10.14 12:35:05.449,1.46954,1.4698,1.00,1.00
2015.10.14 12:35:05.788,1.46956,1.46982,1.00,1.00
2015.10.14 12:35:06.310,1.46957,1.46985,1.00,1.00
2015.10.14 12:35:06.717,1.46962,1.4699,1.00,1.00
2015.10.14 12:35:07.265,1.46963,1.46991,1.00,1.00
2015.10.14 12:35:07.570,1.46972,1.46998,1.00,1.00
2015.10.14 12:35:07.622,1.46973,1.47,1.00,1.00
2015.10.14 12:35:07.724,1.46972,1.46998,1.00,1.00
2015.10.14 12:35:08.241,1.46978,1.47004,1.00,1.37
2015.10.14 12:35:08.552,1.4698,1.47006,1.00,1.00
2015.10.14 12:35:08.706,1.46978,1.47006,1.00,1.00
2015.10.14 12:35:09.330,1.4698,1.47006,1.00,1.00
2015.10.14 12:35:09.388,1.4698,1.47008,1.00,1.00
2015.10.14 12:35:09.594,1.46987,1.47013,1.00,1.00
2015.10.14 12:35:10.005,1.46985,1.47011,1.00,1.00
2015.10.14 12:35:10.342,1.46987,1.47013,1.00,1.00
2015.10.14 12:35:10.445,1.46984,1.47012,1.00,1.00
2015.10.14 12:35:10.803,1.46986,1.47012,1.00,1.00
2015.10.14 12:35:11.211,1.46985,1.47009,1.00,1.00
2015.10.14 12:35:11.313,1.46985,1.47013,1.00,1.00
2015.10.14 12:35:11.774,1.46987,1.47013,1.00,1.00
2015.10.14 12:35:12.907,1.46985,1.47013,1.00,1.00
2015.10.14 12:35:13.174,1.46985,1.47011,1.00,1.00
2015.10.14 12:35:13.742,1.46986,1.47012,1.00,1.00
2015.10.14 12:35:13.895,1.46983,1.47011,1.50,1.00
2015.10.14 12:35:14.406,1.46983,1.4701,1.50,1.00
2015.10.14 12:35:14.561,1.46983,1.47008,1.50,1.00
2015.10.14 12:35:14.666,1.46985,1.47013,1.00,1.00
2015.10.14 12:35:14.974,1.46985,1.47011,1.50,1.00
2015.10.14 12:35:15.506,1.46986,1.4701,1.00,1.00
2015.10.14 12:35:16.222,1.46984,1.4701,1.00,1.00
2015.10.14 12:35:16.274,1.46987,1.47013,1.00,1.00
2015.10.14 12:35:16.632,1.46988,1.47016,1.50,1.00
2015.10.14 12:35:17.106,1.46989,1.47014,1.00,1.00
2015.10.14 12:35:17.158,1.4699,1.47018,1.00,1.00
2015.10.14 12:35:17.261,1.46993,1.47019,1.00,1.50
2015.10.14 12:35:17.417,1.46993,1.47021,1.00,1.00
2015.10.14 12:35:17.733,1.46996,1.47022,1.00,1.00
2015.10.14 12:35:18.158,1.46993,1.47021,1.00,1.00
2015.10.14 12:35:18.613,1.46994,1.47019,1.00,1.00
2015.10.14 12:35:18.978,1.46992,1.47017,1.00,1.00
2015.10.14 12:35:19.825,1.46992,1.47019,1.00,1.00
2015.10.14 12:35:19.928,1.46994,1.4702,1.00,1.00
2015.10.14 12:35:20.258,1.47002,1.4703,1.50,1.00
2015.10.14 12:35:20.360,1.47002,1.47027,1.00,1.00
2015.10.14 12:35:20.666,1.47002,1.47022,1.00,1.00
2015.10.14 12:35:20.717,1.47002,1.47024,1.00,1.00
2015.10.14 12:35:21.143,1.46998,1.47023,1.12,1.00
2015.10.14 12:35:21.398,1.46996,1.47022,1.00,1.00
2015.10.14 12:35:21.812,1.46996,1.4702,1.00,1.00
2015.10.14 12:35:22.287,1.4699,1.47014,1.00,1.00
2015.10.14 12:35:22.338,1.4699,1.47016,1.00,1.00
2015.10.14 12:35:22.441,1.46987,1.47011,1.00,1.34
2015.10.14 12:35:22.747,1.46972,1.46993,1.00,1.00
2015.10.14 12:35:22.799,1.46966,1.46993,1.00,1.00
2015.10.14 12:35:22.901,1.46959,1.4699,1.00,1.00
2015.10.14 12:35:23.151,1.46963,1.46989,1.00,1.00
2015.10.14 12:35:23.304,1.4696,1.46987,1.12,1.00
2015.10.14 12:35:23.611,1.46958,1.46986,1.00,1.00
2015.10.14 12:35:23.662,1.46961,1.46985,1.00,1.00
2015.10.14 12:35:23.765,1.46961,1.46987,1.00,1.50
2015.10.14 12:35:24.146,1.46958,1.46987,1.00,1.00
2015.10.14 12:35:24.456,1.46963,1.46991,1.00,1.00
2015.10.14 12:35:24.559,1.46961,1.46991,1.00,1.00
2015.10.14 12:35:24.610,1.46966,1.46991,1.00,1.00
2015.10.14 12:35:24.764,1.46962,1.46993,1.00,1.00
2015.10.14 12:35:24.867,1.46966,1.46995,1.50,1.50
2015.10.14 12:35:25.035,1.46966,1.46997,1.50,1.00
2015.10.14 12:35:25.189,1.46967,1.46995,1.00,1.50
2015.10.14 12:35:25.496,1.46964,1.46992,1.00,1.00
2015.10.14 12:35:26.126,1.46965,1.46992,1.00,1.00
2015.10.14 12:35:26.674,1.46966,1.46992,1.00,1.00
2015.10.14 12:35:28.327,1.46964,1.46992,1.50,1.00
2015.10.14 12:35:28.378,1.46964,1.46989,1.00,1.00
2015.10.14 12:35:28.634,1.46956,1.46983,1.00,1.00
2015.10.14 12:35:28.736,1.46957,1.46985,1.00,1.00
2015.10.14 12:35:28.789,1.46961,1.46985,1.00,1.00
2015.10.14 12:35:29.045,1.46962,1.46988,1.00,1.00
2015.10.14 12:35:29.916,1.46962,1.46987,1.00,1.00
2015.10.14 12:35:29.968,1.46966,1.46987,1.00,1.00
2015.10.14 12:35:30.019,1.46962,1.46987,1.00,1.00
2015.10.14 12:35:30.240,1.46966,1.46985,1.00,1.00
2015.10.14 12:35:30.342,1.46961,1.46986,1.00,1.00
2015.10.14 12:35:30.816,1.46959,1.46987,1.50,1.00
2015.10.14 12:35:31.351,1.46959,1.46988,1.00,1.00
2015.10.14 12:35:31.878,1.4696,1.46988,1.00,1.00
2015.10.14 12:35:32.031,1.46959,1.46986,1.00,1.00
2015.10.14 12:35:32.373,1.46959,1.46981,1.00,1.00
2015.10.14 12:35:32.629,1.46955,1.46982,1.00,1.00
2015.10.14 12:35:33.299,1.46954,1.46981,1.00,1.00
2015.10.14 12:35:33.453,1.46951,1.4698,1.00,1.00
2015.10.14 12:35:33.812,1.46954,1.46979,1.00,1.00
2015.10.14 12:35:33.864,1.4695,1.46979,1.50,1.00
2015.10.14 12:35:33.917,1.4695,1.46974,1.00,1.00
2015.10.14 12:35:34.295,1.4695,1.46972,1.00,1.00
2015.10.14 12:35:34.347,1.46947,1.46971,1.00,1.00
2015.10.14 12:35:34.449,1.46947,1.46968,1.00,1.00
2015.10.14 12:35:34.963,1.46947,1.46967,1.00,1.00
2015.10.14 12:35:35.014,1.46943,1.46967,1.00,1.00
2015.10.14 12:35:35.117,1.4694,1.46967,1.50,1.00
2015.10.14 12:35:35.645,1.4694,1.46966,1.00,1.00
2015.10.14 12:35:35.901,1.46941,1.46968,1.00,1.00
2015.10.14 12:35:36.208,1.46943,1.46972,1.00,1.00
2015.10.14 12:35:36.419,1.46943,1.4697,1.00,1.00
2015.10.14 12:35:36.950,1.46942,1.46969,1.00,1.00
2015.10.14 12:35:37.104,1.46942,1.46971,1.00,1.00
2015.10.14 12:35:37.405,1.46944,1.46971,1.00,1.12
2015.10.14 12:35:37.660,1.46942,1.46971,1.50,1.00
2015.10.14 12:35:37.762,1.46945,1.46974,1.00,1.00
2015.10.14 12:35:38.171,1.46947,1.46974,1.00,1.00
2015.10.14 12:35:38.510,1.46946,1.46971,1.00,1.00
2015.10.14 12:35:38.767,1.46943,1.46972,1.00,1.00
2015.10.14 12:35:38.870,1.46941,1.46967,1.00,1.00
2015.10.14 12:35:39.176,1.46941,1.46965,1.00,1.00
2015.10.14 12:35:39.397,1.46939,1.46966,1.00,1.00
2015.10.14 12:35:39.503,1.46938,1.46964,1.00,1.00
2015.10.14 12:35:39.656,1.46935,1.46963,1.00,1.00
2015.10.14 12:35:39.812,1.46935,1.46958,1.00,1.00
2015.10.14 12:35:39.863,1.46931,1.46958,1.00,1.00
2015.10.14 12:35:40.282,1.46936,1.46964,1.00,1.00
2015.10.14 12:35:40.385,1.46939,1.46966,1.00,1.00
2015.10.14 12:35:40.899,1.46939,1.46966,1.50,1.00
2015.10.14 12:35:41.398,1.46943,1.46964,1.00,1.00
2015.10.14 12:35:41.500,1.46943,1.46969,1.00,1.00
2015.10.14 12:35:42.012,1.46942,1.46969,1.50,1.00
2015.10.14 12:35:42.450,1.46942,1.46971,1.50,1.00
2015.10.14 12:35:42.501,1.46945,1.46969,1.00,1.00
2015.10.14 12:35:42.705,1.46943,1.46969,1.00,1.00
2015.10.14 12:35:42.931,1.46945,1.46969,1.00,1.00
2015.10.14 12:35:43.773,1.46942,1.46962,1.00,1.00
2015.10.14 12:35:44.028,1.46932,1.46954,1.12,1.00
2015.10.14 12:35:44.131,1.46934,1.46959,1.00,1.00
2015.10.14 12:35:44.284,1.46935,1.46964,1.00,1.50
2015.10.14 12:35:44.511,1.46939,1.46968,1.00,1.75
2015.10.14 12:35:45.484,1.46938,1.46969,1.00,1.00
2015.10.14 12:35:45.535,1.46938,1.46967,1.00,1.00
2015.10.14 12:35:45.843,1.46935,1.46964,1.00,1.00
2015.10.14 12:35:46.149,1.46939,1.46968,1.00,1.00
2015.10.14 12:35:46.202,1.46934,1.46965,1.00,1.00
2015.10.14 12:35:46.511,1.46939,1.46964,1.00,1.00
2015.10.14 12:35:46.563,1.46939,1.4697,1.00,1.00
2015.10.14 12:35:46.614,1.46939,1.46967,1.00,1.00
2015.10.14 12:35:46.717,1.4694,1.46969,1.00,1.00
2015.10.14 12:35:46.871,1.4694,1.46971,1.00,1.12
2015.10.14 12:35:47.076,1.4694,1.46969,1.00,1.00
2015.10.14 12:35:47.412,1.46932,1.46959,1.00,1.00
2015.10.14 12:35:47.670,1.46931,1.46963,1.00,1.00
2015.10.14 12:35:47.722,1.46931,1.4696,1.00,1.00
2015.10.14 12:35:48.168,1.46942,1.46965,1.00,1.00
2015.10.14 12:35:48.322,1.46944,1.46973,1.00,1.12
2015.10.14 12:35:48.475,1.4695,1.46976,1.00,1.75
2015.10.14 12:35:48.834,1.46948,1.46975,1.00,1.75
2015.10.14 12:35:49.215,1.46949,1.46974,1.00,1.00
2015.10.14 12:35:49.317,1.46949,1.46976,1.00,1.12
2015.10.14 12:35:49.879,1.46949,1.46975,1.00,1.00
2015.10.14 12:35:50.404,1.46949,1.46976,1.00,1.12
2015.10.14 12:35:50.923,1.46948,1.46975,1.00,1.00
2015.10.14 12:35:51.460,1.46949,1.46976,1.00,1.12
2015.10.14 12:35:52.032,1.46948,1.46975,1.00,1.00
2015.10.14 12:35:52.405,1.46948,1.46959,1.00,1.00
2015.10.14 12:35:52.456,1.46936,1.46959,1.00,1.84
2015.10.14 12:35:52.508,1.46936,1.46955,1.00,1.00
2015.10.14 12:35:52.559,1.46934,1.46955,1.00,1.09
2015.10.14 12:35:52.866,1.46933,1.46959,1.00,1.84
2015.10.14 12:35:52.970,1.46933,1.46954,1.00,1.00
2015.10.14 12:35:53.636,1.4693,1.46949,1.75,1.00
2015.10.14 12:35:53.840,1.46929,1.46954,1.75,1.12
2015.10.14 12:35:55.391,1.4693,1.4695,1.75,1.00
2015.10.14 12:35:55.750,1.46929,1.4695,1.75,1.00
2015.10.14 12:35:56.815,1.46928,1.46949,1.75,1.00
2015.10.14 12:35:57.317,1.46929,1.4695,1.75,1.00
2015.10.14 12:35:57.472,1.46929,1.46957,1.75,1.75
2015.10.14 12:35:57.524,1.46927,1.46958,1.75,1.50
2015.10.14 12:35:57.744,1.46929,1.46955,1.75,1.00
2015.10.14 12:35:58.054,1.46929,1.46949,1.75,1.00
2015.10.14 12:35:58.156,1.46927,1.46954,1.75,1.00
2015.10.14 12:35:58.465,1.46927,1.4695,1.75,1.00
2015.10.14 12:35:58.670,1.46928,1.46954,1.75,1.00
2015.10.14 12:35:59.200,1.46928,1.46955,1.75,1.00
2015.10.14 12:35:59.541,1.46929,1.46949,1.75,1.00
2015.10.14 12:35:59.719,1.46929,1.46955,1.75,1.00
2015.10.14 12:35:59.772,1.46927,1.46955,3.00,1.00
2015.10.14 12:35:59.875,1.4693,1.46959,1.75,1.87
2015.10.14 12:35:59.980,1.46928,1.46954,1.75,1.00
2015.10.14 12:36:00.288,1.46939,1.4696,1.75,1.00
2015.10.14 12:36:01.016,1.46938,1.46959,1.75,1.00
2015.10.14 12:36:01.118,1.46934,1.46959,1.75,1.00
2015.10.14 12:36:01.691,1.46932,1.46955,1.75,1.00
2015.10.14 12:36:01.742,1.46932,1.46959,1.75,1.00
2015.10.14 12:36:01.996,1.4694,1.46959,1.00,1.00
2015.10.14 12:36:02.099,1.4694,1.46964,1.37,1.37
2015.10.14 12:36:02.150,1.46941,1.46963,1.12,1.84
2015.10.14 12:36:02.303,1.46937,1.46959,1.00,1.75
2015.10.14 12:36:02.355,1.46931,1.46959,1.00,1.75
2015.10.14 12:36:02.886,1.4693,1.46959,1.00,1.50
2015.10.14 12:36:02.988,1.4693,1.46954,1.00,1.00
2015.10.14 12:36:03.397,1.4693,1.46959,1.00,1.00
2015.10.14 12:36:03.830,1.4693,1.46954,1.00,1.00
2015.10.14 12:36:04.341,1.46928,1.46954,1.00,1.00
2015.10.14 12:36:04.494,1.46928,1.46956,1.00,1.00
2015.10.14 12:36:04.546,1.46926,1.46956,1.50,1.00
2015.10.14 12:36:04.710,1.4693,1.46956,1.00,1.00
2015.10.14 12:36:04.965,1.4693,1.46959,1.75,1.12
2015.10.14 12:36:05.017,1.4693,1.46959,1.00,1.75
2015.10.14 12:36:05.120,1.46928,1.46959,1.75,1.12
2015.10.14 12:36:05.262,1.46932,1.46959,1.00,1.12
2015.10.14 12:36:05.314,1.4693,1.46959,1.12,1.12
2015.10.14 12:36:05.418,1.46925,1.46954,1.75,1.00
2015.10.14 12:36:05.828,1.46925,1.4695,1.75,1.00
2015.10.14 12:36:06.033,1.46925,1.46954,1.75,1.00
2015.10.14 12:36:06.135,1.46925,1.46954,1.00,1.75
2015.10.14 12:36:06.669,1.46923,1.46951,1.50,1.00
2015.10.14 12:36:07.397,1.46923,1.46953,1.50,1.50
2015.10.14 12:36:08.231,1.46923,1.46949,1.50,1.00
2015.10.14 12:36:08.384,1.46924,1.46953,1.12,1.50
2015.10.14 12:36:08.621,1.46926,1.46954,1.00,1.75
2015.10.14 12:36:08.788,1.46924,1.46954,1.12,1.75
2015.10.14 12:36:08.841,1.46925,1.4695,1.00,1.50
2015.10.14 12:36:08.944,1.46923,1.46949,1.00,1.00
2015.10.14 12:36:09.251,1.46919,1.46949,1.00,1.00
2015.10.14 12:36:09.570,1.46921,1.46952,1.00,1.00
2015.10.14 12:36:09.684,1.46921,1.46949,1.00,1.00
2015.10.14 12:36:09.786,1.46921,1.46952,1.00,1.00
2015.10.14 12:36:10.042,1.46923,1.46951,1.00,1.00
2015.10.14 12:36:10.557,1.46923,1.46949,1.00,1.00
2015.10.14 12:36:10.659,1.46923,1.46951,1.00,1.00
2015.10.14 12:36:10.813,1.46921,1.46951,1.00,1.00
2015.10.14 12:36:11.068,1.46923,1.46952,1.00,1.00
2015.10.14 12:36:11.608,1.46923,1.46953,1.00,1.00
2015.10.14 12:36:12.117,1.46921,1.4695,1.00,1.00
2015.10.14 12:36:12.660,1.46922,1.46951,1.00,1.00
2015.10.14 12:36:13.018,1.46923,1.46954,1.00,1.00
2015.10.14 12:36:13.120,1.46926,1.46949,1.00,1.00
2015.10.14 12:36:13.441,1.46933,1.46951,1.00,1.00
2015.10.14 12:36:13.492,1.46933,1.46955,1.00,1.00
2015.10.14 12:36:13.699,1.46931,1.46955,1.00,1.00
2015.10.14 12:36:14.005,1.46929,1.46955,1.00,1.00
2015.10.14 12:36:14.647,1.46933,1.46955,1.00,1.00
2015.10.14 12:36:14.699,1.46933,1.46959,1.00,1.00
2015.10.14 12:36:14.750,1.46935,1.46961,1.00,1.00
2015.10.14 12:36:15.755,1.46937,1.46961,1.00,1.00
2015.10.14 12:36:16.214,1.4694,1.46961,1.00,1.00
2015.10.14 12:36:16.655,1.46943,1.46966,1.00,1.37
2015.10.14 12:36:17.064,1.46946,1.46966,1.00,1.37
2015.10.14 12:36:17.115,1.46946,1.46966,1.00,1.00
2015.10.14 12:36:17.166,1.46946,1.46972,1.00,1.00
2015.10.14 12:36:17.218,1.4695,1.46972,1.00,1.00
2015.10.14 12:36:17.523,1.46951,1.46969,1.00,1.00
2015.10.14 12:36:17.625,1.46947,1.46969,1.00,1.00
2015.10.14 12:36:18.084,1.46944,1.46969,1.12,1.00
2015.10.14 12:36:18.522,1.46942,1.46969,1.12,1.00
2015.10.14 12:36:18.828,1.46944,1.46969,1.00,1.00
2015.10.14 12:36:19.136,1.46945,1.46969,1.00,1.50
2015.10.14 12:36:19.453,1.46954,1.46977,1.00,1.12
2015.10.14 12:36:19.556,1.46955,1.46982,1.00,1.75
2015.10.14 12:36:19.710,1.46957,1.46982,1.00,1.75
2015.10.14 12:36:20.476,1.46958,1.46984,1.00,1.12
2015.10.14 12:36:20.937,1.4696,1.46985,1.00,1.75
2015.10.14 12:36:21.040,1.46961,1.46985,1.00,1.00
2015.10.14 12:36:21.401,1.46963,1.4699,1.00,1.12
2015.10.14 12:36:21.503,1.46966,1.46993,1.00,1.87
2015.10.14 12:36:21.644,1.46965,1.46993,1.00,1.00
2015.10.14 12:36:21.696,1.46967,1.46989,1.00,1.00
2015.10.14 12:36:21.952,1.46954,1.46982,1.50,1.00
2015.10.14 12:36:22.156,1.46957,1.46982,1.00,1.50
2015.10.14 12:36:22.483,1.46961,1.4699,1.00,3.00
2015.10.14 12:36:22.944,1.46956,1.46985,1.50,1.50
2015.10.14 12:36:23.376,1.46954,1.4698,1.00,1.00
2015.10.14 12:36:23.887,1.46956,1.4698,1.00,1.00
2015.10.14 12:36:24.196,1.46948,1.46973,1.00,2.25
2015.10.14 12:36:24.350,1.4694,1.46965,1.00,1.50
2015.10.14 12:36:24.452,1.4694,1.46959,1.00,1.12
2015.10.14 12:36:24.657,1.46937,1.46965,1.00,1.75
2015.10.14 12:36:24.761,1.46939,1.46965,1.00,1.75
2015.10.14 12:36:25.033,1.46934,1.46962,1.00,3.00
2015.10.14 12:36:25.495,1.46939,1.4696,1.00,1.50
2015.10.14 12:36:26.002,1.4694,1.4696,1.00,1.50
2015.10.14 12:36:26.165,1.46937,1.4696,1.00,1.50
2015.10.14 12:36:26.216,1.46937,1.46954,1.00,1.00
2015.10.14 12:36:26.267,1.46928,1.46954,1.00,2.59
2015.10.14 12:36:26.319,1.46928,1.46944,1.00,1.00
2015.10.14 12:36:26.523,1.46928,1.4695,1.00,1.50
2015.10.14 12:36:26.575,1.46928,1.4695,1.00,1.75
2015.10.14 12:36:26.678,1.46928,1.46953,1.00,1.75
2015.10.14 12:36:26.933,1.4693,1.46953,1.00,1.75
2015.10.14 12:36:27.240,1.46933,1.46955,1.00,1.75
2015.10.14 12:36:27.291,1.46933,1.46955,1.00,1.75
2015.10.14 12:36:27.892,1.46933,1.46955,1.00,1.00
2015.10.14 12:36:28.096,1.46933,1.46955,1.00,1.75
2015.10.14 12:36:28.147,1.4693,1.46955,1.00,1.75
2015.10.14 12:36:28.353,1.46932,1.4696,1.00,4.50
2015.10.14 12:36:28.508,1.46931,1.46959,1.00,2.25
2015.10.14 12:36:28.882,1.46933,1.46954,1.00,1.00
2015.10.14 12:36:29.035,1.4693,1.46956,1.00,2.25
2015.10.14 12:36:29.392,1.46929,1.46955,1.00,1.75
2015.10.14 12:36:29.909,1.4693,1.46955,1.00,1.75
2015.10.14 12:36:30.367,1.46931,1.46956,1.00,1.00
2015.10.14 12:36:30.741,1.4693,1.46954,1.00,1.00
2015.10.14 12:36:31.047,1.46931,1.46957,1.00,1.50
2015.10.14 12:36:31.817,1.46931,1.46954,1.00,1.84
2015.10.14 12:36:31.868,1.46924,1.46952,1.12,1.09
2015.10.14 12:36:31.920,1.46924,1.46949,1.12,1.00
2015.10.14 12:36:32.225,1.46926,1.46949,1.00,1.00
2015.10.14 12:36:32.552,1.46922,1.46949,1.75,1.00
2015.10.14 12:36:32.771,1.46919,1.46947,1.00,1.75
2015.10.14 12:36:33.081,1.46924,1.46944,1.00,1.00
2015.10.14 12:36:33.499,1.46922,1.46944,1.00,1.00
2015.10.14 12:36:34.084,1.46924,1.46944,1.00,1.00
2015.10.14 12:36:34.288,1.46922,1.46945,1.00,1.50
2015.10.14 12:36:34.492,1.46924,1.46945,1.00,1.50
2015.10.14 12:36:35.092,1.46923,1.46944,1.00,1.75
2015.10.14 12:36:35.296,1.46902,1.46923,1.00,1.00
2015.10.14 12:36:35.347,1.46902,1.4692,1.00,1.00
2015.10.14 12:36:35.655,1.46903,1.4693,1.00,1.75
2015.10.14 12:36:35.707,1.46904,1.4693,1.00,1.00
2015.10.14 12:36:35.873,1.469,1.46919,1.00,1.00
2015.10.14 12:36:35.925,1.46896,1.46919,1.00,1.00
2015.10.14 12:36:36.130,1.46896,1.46925,1.00,1.00
2015.10.14 12:36:36.181,1.46894,1.46923,1.00,1.00
2015.10.14 12:36:36.761,1.46894,1.46922,1.00,1.00
2015.10.14 12:36:37.273,1.46895,1.46923,1.00,1.00
2015.10.14 12:36:37.535,1.46898,1.46928,1.00,1.00
2015.10.14 12:36:38.048,1.46896,1.46926,1.00,1.00
2015.10.14 12:36:38.355,1.46895,1.46923,1.00,1.00
2015.10.14 12:36:38.458,1.46891,1.46921,1.00,1.00
2015.10.14 12:36:38.822,1.46891,1.46923,1.00,1.00
2015.10.14 12:36:39.232,1.46891,1.46918,1.00,1.00
2015.10.14 12:36:39.709,1.46888,1.46915,1.00,1.00
2015.10.14 12:36:40.116,1.46885,1.46914,1.00,1.50
2015.10.14 12:36:40.218,1.46892,1.46915,1.00,1.00
2015.10.14 12:36:40.321,1.46895,1.46919,1.00,1.00
2015.10.14 12:36:40.844,1.46894,1.4692,1.00,1.00
2015.10.14 12:36:40.999,1.46892,1.46918,1.00,1.00
2015.10.14 12:36:41.356,1.46897,1.46922,1.00,1.00
2015.10.14 12:36:41.617,1.46893,1.46919,1.00,1.00
2015.10.14 12:36:41.771,1.46896,1.46922,1.00,1.00
2015.10.14 12:36:41.875,1.46894,1.46921,1.00,1.00
2015.10.14 12:36:42.333,1.46892,1.46918,1.00,1.00
2015.10.14 12:36:42.882,1.46893,1.46919,1.00,1.00
2015.10.14 12:36:43.101,1.4689,1.46918,1.00,1.00
2015.10.14 12:36:43.309,1.46892,1.46918,1.00,1.00
2015.10.14 12:36:43.611,1.46888,1.46914,1.00,1.00
2015.10.14 12:36:44.069,1.46885,1.46913,1.00,1.00
2015.10.14 12:36:44.324,1.46887,1.46915,1.00,1.50
2015.10.14 12:36:44.653,1.46884,1.46912,1.00,1.00
2015.10.14 12:36:45.843,1.46883,1.46909,1.00,1.00
2015.10.14 12:36:46.368,1.46884,1.4691,1.00,1.00
2015.10.14 12:36:47.141,1.46885,1.46911,1.00,1.12
2015.10.14 12:36:47.295,1.46883,1.46911,1.00,1.12
2015.10.14 12:36:47.397,1.46888,1.46914,1.00,1.50
2015.10.14 12:36:47.499,1.46885,1.46911,1.00,1.12
2015.10.14 12:36:48.023,1.46885,1.46913,1.00,1.75
2015.10.14 12:36:48.176,1.46887,1.46915,1.00,1.75
2015.10.14 12:36:48.483,1.46878,1.46906,2.25,1.00
2015.10.14 12:36:48.586,1.46893,1.46918,1.00,3.00
2015.10.14 12:36:48.638,1.46893,1.46918,1.00,1.75
2015.10.14 12:36:48.689,1.46898,1.46919,1.00,2.25
2015.10.14 12:36:48.891,1.46899,1.46923,1.00,1.50
2015.10.14 12:36:49.145,1.46899,1.46927,1.75,1.00
2015.10.14 12:36:49.248,1.46899,1.46927,1.00,1.37
2015.10.14 12:36:49.453,1.46895,1.46922,3.00,1.00
2015.10.14 12:36:49.555,1.46897,1.46922,1.00,1.00
2015.10.14 12:36:49.657,1.46895,1.46922,1.12,1.00
2015.10.14 12:36:50.006,1.46894,1.4692,1.37,1.00
2015.10.14 12:36:50.160,1.46897,1.46924,1.00,1.50
2015.10.14 12:36:50.262,1.46899,1.46925,1.00,1.87
2015.10.14 12:36:50.826,1.469,1.46924,1.00,1.50
2015.10.14 12:36:50.877,1.46898,1.46924,1.00,2.25
2015.10.14 12:36:51.389,1.46899,1.46925,1.00,2.62
2015.10.14 12:36:51.865,1.46899,1.46915,1.00,1.00
2015.10.14 12:36:51.917,1.46894,1.46915,1.37,1.00
2015.10.14 12:36:51.969,1.46894,1.46909,1.00,1.00
2015.10.14 12:36:52.021,1.46892,1.46909,1.00,1.00
2015.10.14 12:36:52.124,1.46888,1.4691,1.00,1.50
2015.10.14 12:36:52.430,1.4689,1.46909,1.00,1.12
2015.10.14 12:36:52.997,1.46889,1.46909,1.00,1.00
2015.10.14 12:36:53.765,1.46882,1.46908,1.75,1.00
2015.10.14 12:36:54.042,1.46877,1.469,1.00,1.12
2015.10.14 12:36:54.349,1.46877,1.46895,1.00,1.00
2015.10.14 12:36:54.503,1.4688,1.469,1.00,1.12
2015.10.14 12:36:54.554,1.46878,1.469,1.00,1.00
2015.10.14 12:36:54.758,1.46877,1.46895,1.00,1.00
2015.10.14 12:36:55.115,1.46854,1.46869,1.53,1.00
2015.10.14 12:36:55.166,1.46837,1.46844,2.65,1.00
2015.10.14 12:36:55.218,1.46828,1.46845,1.00,1.00
2015.10.14 12:36:55.270,1.46828,1.4684,1.00,1.00
2015.10.14 12:36:55.322,1.46825,1.4684,1.00,1.00
2015.10.14 12:36:55.373,1.46825,1.46844,1.00,1.00
2015.10.14 12:36:55.425,1.4682,1.46844,1.00,1.00
2015.10.14 12:36:55.528,1.46816,1.46845,1.00,1.00
2015.10.14 12:36:55.630,1.46826,1.46843,1.00,1.00
2015.10.14 12:36:55.998,1.46831,1.46855,1.00,1.00
2015.10.14 12:36:56.050,1.46828,1.46855,1.00,1.00
2015.10.14 12:36:56.255,1.46829,1.46859,1.00,1.00
2015.10.14 12:36:56.307,1.46842,1.46864,1.00,1.00
2015.10.14 12:36:56.563,1.46852,1.46875,1.00,1.00
2015.10.14 12:36:56.614,1.46852,1.46879,1.00,1.00
2015.10.14 12:36:56.946,1.46855,1.46883,1.00,1.37
2015.10.14 12:36:57.486,1.46857,1.46886,1.00,1.50
2015.10.14 12:36:57.639,1.46857,1.46886,1.00,1.00
2015.10.14 12:36:58.047,1.46852,1.46881,1.00,1.00
2015.10.14 12:36:58.353,1.46851,1.46878,1.00,1.00
2015.10.14 12:36:58.660,1.46856,1.46883,1.00,1.00
2015.10.14 12:36:58.712,1.4686,1.46889,1.00,1.50
2015.10.14 12:36:58.814,1.46861,1.46892,1.00,1.00
2015.10.14 12:36:59.073,1.46863,1.46894,1.00,1.00
2015.10.14 12:36:59.379,1.46866,1.46895,1.00,1.00
2015.10.14 12:36:59.892,1.46866,1.46896,1.00,1.00
2015.10.14 12:37:00.395,1.46866,1.46895,1.00,1.00
2015.10.14 12:37:00.499,1.46863,1.46894,1.00,1.00
2015.10.14 12:37:00.703,1.46865,1.46896,1.00,1.50
2015.10.14 12:37:01.009,1.4687,1.46899,1.00,1.00
2015.10.14 12:37:01.341,1.46872,1.46901,1.00,1.00
2015.10.14 12:37:01.714,1.4687,1.46899,1.00,1.00
2015.10.14 12:37:01.994,1.46868,1.46899,1.00,1.00
2015.10.14 12:37:02.147,1.4687,1.46899,1.00,1.12
2015.10.14 12:37:02.478,1.46872,1.469,1.00,1.37
2015.10.14 12:37:02.633,1.46871,1.46902,1.00,1.00
2015.10.14 12:37:03.248,1.46872,1.46903,1.00,1.00
2015.10.14 12:37:03.505,1.46877,1.46906,1.00,1.50
2015.10.14 12:37:03.710,1.46874,1.46905,1.00,1.37
2015.10.14 12:37:04.067,1.46884,1.46913,1.00,1.75
2015.10.14 12:37:04.170,1.46889,1.46913,1.00,1.12
2015.10.14 12:37:04.434,1.4689,1.46919,1.00,1.12
2015.10.14 12:37:04.485,1.46893,1.4692,1.00,1.50
2015.10.14 12:37:04.587,1.46895,1.46924,1.00,1.00
2015.10.14 12:37:04.690,1.46898,1.46927,1.00,1.75
2015.10.14 12:37:04.996,1.46901,1.46929,1.00,1.75
2015.10.14 12:37:05.416,1.46898,1.46924,1.00,1.00
2015.10.14 12:37:05.468,1.46897,1.46928,1.00,1.00
2015.10.14 12:37:05.671,1.46895,1.46925,1.00,1.00
2015.10.14 12:37:06.028,1.46894,1.46923,1.00,1.00
2015.10.14 12:37:06.131,1.46891,1.46922,1.00,1.00
2015.10.14 12:37:06.333,1.46893,1.46922,1.00,1.00
2015.10.14 12:37:06.894,1.46883,1.46912,1.87,1.00
2015.10.14 12:37:06.997,1.46881,1.4691,1.00,1.00
2015.10.14 12:37:07.100,1.46878,1.46909,1.12,1.00
2015.10.14 12:37:07.468,1.46877,1.46906,1.00,1.00
2015.10.14 12:37:07.775,1.46875,1.46907,1.00,1.00
2015.10.14 12:37:08.288,1.46875,1.46907,1.37,1.00
2015.10.14 12:37:08.802,1.46876,1.46906,1.12,1.00
2015.10.14 12:37:08.904,1.46878,1.46907,1.00,1.00
2015.10.14 12:37:09.008,1.46876,1.46906,1.12,1.00
2015.10.14 12:37:09.648,1.46876,1.46905,1.87,1.00
2015.10.14 12:37:09.700,1.46878,1.46909,1.00,1.00
2015.10.14 12:37:10.210,1.46878,1.46908,1.00,1.00
2015.10.14 12:37:10.741,1.46878,1.46907,1.50,1.00
2015.10.14 12:37:11.098,1.46876,1.46905,1.00,1.00
2015.10.14 12:37:11.762,1.46877,1.46906,1.00,1.00
2015.10.14 12:37:12.170,1.46879,1.46908,1.00,1.00
2015.10.14 12:37:12.426,1.46877,1.46908,1.00,1.00
2015.10.14 12:37:12.673,1.46884,1.46912,1.00,1.50
2015.10.14 12:37:12.980,1.4689,1.46916,1.00,1.50
2015.10.14 12:37:13.388,1.46886,1.46916,1.00,1.50
2015.10.14 12:37:13.490,1.46883,1.46914,1.00,1.00
2015.10.14 12:37:13.542,1.46883,1.46912,1.00,1.00
2015.10.14 12:37:13.860,1.46879,1.46908,1.00,1.00
2015.10.14 12:37:14.168,1.46872,1.469,1.12,1.00
2015.10.14 12:37:14.374,1.46867,1.46897,1.37,1.00
2015.10.14 12:37:14.477,1.46865,1.46895,1.37,1.00
2015.10.14 12:37:14.579,1.46864,1.46895,1.37,1.00
2015.10.14 12:37:14.795,1.46862,1.46884,1.00,1.00
2015.10.14 12:37:14.847,1.46858,1.46884,1.00,1.00
2015.10.14 12:37:14.898,1.46858,1.4688,1.00,1.00
2015.10.14 12:37:14.950,1.46854,1.4688,1.37,1.00
2015.10.14 12:37:15.052,1.4685,1.46876,1.00,1.00
2015.10.14 12:37:15.103,1.46848,1.46876,1.00,1.00
2015.10.14 12:37:15.154,1.46849,1.46874,1.00,1.00
2015.10.14 12:37:15.358,1.46846,1.46874,1.50,1.00
2015.10.14 12:37:15.511,1.46844,1.46874,1.00,1.50
2015.10.14 12:37:15.613,1.46841,1.46872,1.00,1.00
2015.10.14 12:37:16.048,1.46842,1.46874,1.00,1.00
2015.10.14 12:37:16.151,1.4684,1.46872,1.50,1.00
2015.10.14 12:37:16.458,1.46856,1.46879,1.00,1.00
2015.10.14 12:37:16.714,1.46861,1.46888,1.00,1.00
2015.10.14 12:37:16.882,1.46859,1.46888,1.00,1.00
2015.10.14 12:37:16.934,1.4686,1.4689,1.00,1.50
2015.10.14 12:37:17.341,1.46859,1.46887,1.00,1.00
2015.10.14 12:37:17.698,1.46859,1.46884,1.00,1.00
2015.10.14 12:37:18.017,1.46856,1.4687,1.00,1.00
2015.10.14 12:37:18.323,1.46853,1.46869,1.00,1.00
2015.10.14 12:37:18.374,1.46852,1.46869,1.34,1.00
2015.10.14 12:37:18.426,1.46852,1.46879,1.34,1.00
2015.10.14 12:37:18.477,1.46862,1.46879,1.00,1.00
2015.10.14 12:37:18.630,1.46861,1.46885,1.00,1.09
2015.10.14 12:37:18.682,1.46847,1.46878,1.00,1.00
2015.10.14 12:37:18.894,1.46843,1.46874,1.00,1.00
2015.10.14 12:37:19.200,1.46844,1.46872,1.00,1.00
2015.10.14 12:37:19.711,1.46845,1.46873,1.00,1.00
2015.10.14 12:37:20.018,1.46843,1.46873,1.00,1.00
2015.10.14 12:37:20.120,1.46843,1.4687,1.00,1.00
2015.10.14 12:37:20.325,1.46838,1.46869,1.00,1.00
2015.10.14 12:37:20.427,1.46844,1.46874,1.00,1.00
2015.10.14 12:37:20.867,1.46842,1.46872,1.00,1.00
2015.10.14 12:37:21.327,1.46844,1.46873,1.00,1.00
2015.10.14 12:37:21.812,1.46843,1.4687,1.00,1.00
2015.10.14 12:37:22.068,1.46841,1.46871,1.00,1.00
2015.10.14 12:37:22.324,1.46842,1.46869,1.00,1.00
2015.10.14 12:37:22.631,1.46838,1.46865,1.00,1.00
2015.10.14 12:37:22.946,1.46834,1.46863,1.00,1.00
2015.10.14 12:37:23.201,1.46835,1.46861,1.00,1.00
2015.10.14 12:37:23.645,1.46835,1.46859,1.00,1.00
2015.10.14 12:37:23.747,1.46836,1.46865,1.12,1.50
2015.10.14 12:37:23.919,1.46838,1.46865,1.00,1.00
2015.10.14 12:37:24.228,1.46835,1.46862,1.75,1.00
2015.10.14 12:37:24.736,1.46836,1.46863,1.75,1.00
2015.10.14 12:37:25.173,1.46834,1.46861,1.87,1.00
2015.10.14 12:37:25.225,1.46834,1.46861,1.50,1.00
2015.10.14 12:37:25.378,1.46839,1.46866,1.00,1.75
2015.10.14 12:37:25.430,1.46839,1.46866,1.12,1.00
2015.10.14 12:37:25.481,1.46842,1.46869,1.00,2.25
2015.10.14 12:37:25.737,1.4684,1.46869,1.00,1.75
2015.10.14 12:37:25.840,1.46843,1.4687,1.12,1.00
2015.10.14 12:37:26.813,1.46841,1.46871,1.75,1.00
2015.10.14 12:37:27.176,1.46842,1.46869,1.50,1.00
2015.10.14 12:37:27.279,1.46842,1.46871,1.50,1.00
2015.10.14 12:37:27.331,1.46842,1.46869,1.00,1.12
2015.10.14 12:37:27.638,1.46839,1.46868,1.00,1.75
2015.10.14 12:37:27.894,1.46836,1.46865,1.87,1.12
2015.10.14 12:37:28.920,1.46839,1.46866,1.00,1.50
2015.10.14 12:37:30.669,1.4684,1.46869,1.00,1.75
2015.10.14 12:37:30.905,1.46836,1.46863,1.50,1.00
2015.10.14 12:37:30.956,1.46836,1.4686,1.50,1.00
2015.10.14 12:37:31.111,1.46837,1.46864,1.12,1.12
2015.10.14 12:37:31.164,1.46837,1.46864,1.00,1.50
2015.10.14 12:37:31.472,1.46842,1.46867,1.00,1.00
2015.10.14 12:37:31.816,1.46844,1.46869,1.00,1.37
2015.10.14 12:37:31.868,1.46846,1.46874,1.00,2.25
2015.10.14 12:37:31.919,1.46846,1.4687,1.00,2.25
2015.10.14 12:37:31.970,1.46844,1.46869,1.00,2.25
2015.10.14 12:37:32.022,1.46844,1.46874,1.00,3.75
2015.10.14 12:37:32.126,1.46844,1.46874,1.00,2.25
2015.10.14 12:37:32.229,1.46846,1.46873,1.00,1.50
2015.10.14 12:37:32.636,1.46845,1.46872,1.00,1.75
2015.10.14 12:37:32.895,1.46851,1.46879,1.50,2.25
2015.10.14 12:37:32.946,1.46851,1.46879,2.25,1.00
2015.10.14 12:37:32.997,1.46855,1.46881,1.00,1.00
2015.10.14 12:37:33.049,1.46855,1.46884,1.50,1.50
2015.10.14 12:37:33.612,1.46852,1.4688,1.75,1.00
2015.10.14 12:37:33.903,1.46861,1.46887,1.00,1.50
2015.10.14 12:37:33.954,1.46859,1.46886,1.00,1.00
2015.10.14 12:37:34.159,1.46858,1.46883,1.00,1.00
2015.10.14 12:37:34.805,1.46854,1.46884,1.75,1.50
2015.10.14 12:37:36.148,1.46855,1.46882,1.50,1.00
2015.10.14 12:37:36.945,1.46856,1.46883,1.12,1.12
2015.10.14 12:37:37.206,1.46856,1.46883,1.75,1.00
2015.10.14 12:37:37.257,1.46858,1.46887,1.37,1.37
2015.10.14 12:37:37.800,1.46857,1.46885,1.50,1.00
2015.10.14 12:37:38.330,1.46857,1.46884,1.50,1.00
2015.10.14 12:37:38.839,1.46854,1.46883,1.75,1.00
2015.10.14 12:37:39.144,1.46859,1.46886,1.12,1.12
2015.10.14 12:37:39.461,1.46853,1.4688,2.25,1.00
2015.10.14 12:37:39.563,1.46853,1.46879,1.87,1.00
2015.10.14 12:37:39.666,1.4685,1.46877,1.75,1.00
2015.10.14 12:37:39.870,1.4685,1.46877,1.12,1.12
2015.10.14 12:37:39.972,1.4685,1.46877,1.00,1.37
2015.10.14 12:37:40.228,1.46848,1.46875,1.00,1.37
2015.10.14 12:37:40.745,1.46845,1.46874,1.12,1.37
2015.10.14 12:37:41.051,1.46847,1.46874,1.00,1.75
2015.10.14 12:37:41.536,1.46849,1.46876,1.00,1.75
2015.10.14 12:37:41.995,1.46852,1.46877,1.00,1.75
2015.10.14 12:37:42.046,1.46852,1.46877,1.00,1.75
2015.10.14 12:37:42.148,1.46852,1.46879,1.00,2.25
2015.10.14 12:37:42.662,1.46856,1.46883,1.00,1.75
2015.10.14 12:37:42.970,1.46861,1.46884,1.00,1.75
2015.10.14 12:37:43.585,1.46865,1.46889,1.00,1.87
2015.10.14 12:37:43.637,1.4687,1.46897,1.00,2.25
2015.10.14 12:37:43.739,1.46868,1.46894,1.00,1.75
2015.10.14 12:37:43.790,1.46868,1.46894,1.00,1.37
2015.10.14 12:37:43.842,1.46868,1.46894,1.00,1.00
2015.10.14 12:37:44.046,1.46868,1.46894,1.00,1.37
2015.10.14 12:37:44.449,1.46867,1.46895,1.50,1.00
2015.10.14 12:37:44.506,1.46874,1.469,1.00,1.75
2015.10.14 12:37:46.500,1.46871,1.46897,1.00,1.50
2015.10.14 12:37:47.010,1.46872,1.46898,1.00,1.75
2015.10.14 12:37:47.533,1.46872,1.46898,1.75,1.00
2015.10.14 12:37:47.790,1.46876,1.46902,1.00,1.50
2015.10.14 12:37:48.096,1.46874,1.469,1.00,1.00
2015.10.14 12:37:48.633,1.46873,1.46899,1.00,1.50
2015.10.14 12:37:48.995,1.46875,1.46899,1.00,1.00
2015.10.14 12:37:49.099,1.46877,1.46902,1.00,1.00
2015.10.14 12:37:49.203,1.46883,1.46902,1.00,1.00
2015.10.14 12:37:49.463,1.46883,1.46907,1.00,1.00
2015.10.14 12:37:49.515,1.46877,1.46905,1.50,1.00
2015.10.14 12:37:49.567,1.46877,1.46905,1.00,1.50
2015.10.14 12:37:50.080,1.46876,1.46902,1.12,1.00
2015.10.14 12:37:50.464,1.46876,1.46899,1.00,1.00
2015.10.14 12:37:50.778,1.46871,1.46895,1.00,1.00
2015.10.14 12:37:51.036,1.46873,1.46896,1.00,1.00
2015.10.14 12:37:51.087,1.46875,1.46901,1.12,1.00
2015.10.14 12:37:51.339,1.46874,1.46899,1.00,1.12
2015.10.14 12:37:51.848,1.46875,1.469,1.00,1.37
2015.10.14 12:37:52.154,1.46877,1.46903,1.00,1.75
2015.10.14 12:37:52.332,1.46877,1.46905,1.00,1.50
2015.10.14 12:37:52.384,1.46874,1.46901,1.00,1.12
2015.10.14 12:37:52.690,1.46873,1.46899,1.00,1.00
2015.10.14 12:37:53.201,1.46873,1.469,1.00,1.00
2015.10.14 12:37:54.031,1.46871,1.46899,1.87,1.00
2015.10.14 12:37:54.336,1.46871,1.46899,1.12,1.75
2015.10.14 12:37:54.912,1.46867,1.46892,2.25,1.00
2015.10.14 12:37:55.117,1.46867,1.46894,1.87,1.12
2015.10.14 12:37:55.272,1.46867,1.46891,1.37,1.00
2015.10.14 12:37:55.476,1.46871,1.46898,1.12,1.75
2015.10.14 12:37:56.120,1.46867,1.46893,1.37,1.00
2015.10.14 12:37:56.275,1.46867,1.46893,1.37,1.00
2015.10.14 12:37:56.794,1.46867,1.46895,1.50,1.50
2015.10.14 12:37:57.319,1.46868,1.46893,1.37,1.00
2015.10.14 12:37:57.830,1.46866,1.46897,1.12,1.75
2015.10.14 12:37:57.881,1.46867,1.46899,1.00,3.00
2015.10.14 12:37:58.085,1.46863,1.46892,1.50,1.00
2015.10.14 12:37:59.013,1.46865,1.46893,1.37,1.00
2015.10.14 12:37:59.371,1.46865,1.46894,1.12,1.00
2015.10.14 12:37:59.688,1.46865,1.46892,1.00,1.00
2015.10.14 12:37:59.996,1.46863,1.4689,1.12,1.75
2015.10.14 12:38:00.303,1.46862,1.46884,1.12,1.75
2015.10.14 12:38:00.545,1.46859,1.46886,1.12,1.75
2015.10.14 12:38:00.751,1.46854,1.46883,1.12,1.50
2015.10.14 12:38:00.803,1.46854,1.46881,1.00,1.75
2015.10.14 12:38:00.956,1.46851,1.46881,1.37,2.25
2015.10.14 12:38:01.316,1.4685,1.46874,1.37,1.00
2015.10.14 12:38:01.532,1.46851,1.46877,1.37,1.87
2015.10.14 12:38:02.300,1.46851,1.46878,1.37,2.25
2015.10.14 12:38:02.556,1.46852,1.46885,1.12,2.25
2015.10.14 12:38:02.608,1.46852,1.46885,1.12,2.25
2015.10.14 12:38:02.812,1.46855,1.46885,1.12,1.75
2015.10.14 12:38:02.915,1.46853,1.46877,1.37,1.00
2015.10.14 12:38:03.460,1.46858,1.46882,1.00,1.00
2015.10.14 12:38:03.613,1.46858,1.46884,1.00,1.12
2015.10.14 12:38:03.716,1.46856,1.46884,1.87,1.12
2015.10.14 12:38:04.174,1.46859,1.46887,1.00,1.75
2015.10.14 12:38:04.225,1.46859,1.46887,1.50,1.00
2015.10.14 12:38:04.541,1.46862,1.46887,1.00,1.00
2015.10.14 12:38:04.848,1.46869,1.46894,1.00,1.00
2015.10.14 12:38:05.154,1.46871,1.46894,1.00,1.00
2015.10.14 12:38:05.578,1.46876,1.46901,1.00,1.00
2015.10.14 12:38:05.681,1.46877,1.46898,1.00,1.00
2015.10.14 12:38:05.989,1.46876,1.46896,1.50,1.00
2015.10.14 12:38:06.347,1.46876,1.46894,1.00,1.00
2015.10.14 12:38:06.822,1.46878,1.46895,1.00,1.00
2015.10.14 12:38:06.925,1.46876,1.46902,1.50,1.00
2015.10.14 12:38:07.028,1.46876,1.46902,1.75,1.00
2015.10.14 12:38:07.334,1.46876,1.46904,2.25,1.50
2015.10.14 12:38:07.910,1.4688,1.46904,1.37,1.00
2015.10.14 12:38:08.013,1.4688,1.46908,1.75,1.00
2015.10.14 12:38:08.323,1.46887,1.46908,1.50,1.00
2015.10.14 12:38:08.642,1.46893,1.46908,1.00,1.00
2015.10.14 12:38:08.693,1.46894,1.46918,1.00,1.09
2015.10.14 12:38:08.745,1.46894,1.46918,1.00,1.09
2015.10.14 12:38:08.898,1.46892,1.46918,1.00,1.84
2015.10.14 12:38:09.000,1.46891,1.46914,1.00,1.12
2015.10.14 12:38:09.570,1.46895,1.46914,1.00,1.00
2015.10.14 12:38:09.808,1.46892,1.46914,1.00,1.00
2015.10.14 12:38:10.349,1.46892,1.46918,1.00,1.09
2015.10.14 12:38:11.105,1.46891,1.46916,1.00,1.37
2015.10.14 12:38:11.411,1.46893,1.46914,1.00,1.00
2015.10.14 12:38:11.931,1.4689,1.46912,1.00,1.75
2015.10.14 12:38:12.289,1.46887,1.46913,1.00,1.75
2015.10.14 12:38:12.814,1.46886,1.46909,1.00,1.12
2015.10.14 12:38:13.126,1.46885,1.46906,1.00,1.00
2015.10.14 12:38:13.177,1.46881,1.46906,1.12,1.00
2015.10.14 12:38:13.698,1.46882,1.46906,1.00,1.00
2015.10.14 12:38:13.851,1.4688,1.46906,1.00,1.00
2015.10.14 12:38:14.918,1.46881,1.46906,1.00,1.50
2015.10.14 12:38:16.388,1.4688,1.46906,1.00,1.50
2015.10.14 12:38:16.925,1.46881,1.46906,1.00,1.00
2015.10.14 12:38:18.338,1.46887,1.46904,1.00,1.00
2015.10.14 12:38:18.442,1.46887,1.4691,1.00,1.00
2015.10.14 12:38:18.545,1.46887,1.46904,1.00,1.00
2015.10.14 12:38:18.648,1.46888,1.46914,1.00,1.00
2015.10.14 12:38:18.904,1.46886,1.46914,1.50,1.00
2015.10.14 12:38:19.599,1.46887,1.46915,1.00,1.50
2015.10.14 12:38:20.352,1.46892,1.46918,1.12,1.00
2015.10.14 12:38:20.885,1.46891,1.46917,1.37,1.00
2015.10.14 12:38:21.740,1.4689,1.46916,2.25,1.00
2015.10.14 12:38:22.048,1.4689,1.46912,1.00,1.00
2015.10.14 12:38:22.417,1.4689,1.46909,1.00,1.00
2015.10.14 12:38:22.887,1.46883,1.46908,1.12,1.00
2015.10.14 12:38:23.538,1.4688,1.46906,1.87,1.00
2015.10.14 12:38:23.590,1.4688,1.46906,1.87,1.00
2015.10.14 12:38:23.641,1.46882,1.46908,1.00,1.37
2015.10.14 12:38:24.527,1.4688,1.46908,1.87,1.37
2015.10.14 12:38:25.797,1.46879,1.469,1.87,1.00
2015.10.14 12:38:25.951,1.46879,1.46907,1.87,1.12
2015.10.14 12:38:26.452,1.46882,1.46908,1.00,1.75
2015.10.14 12:38:26.736,1.46879,1.46907,1.50,1.75
2015.10.14 12:38:27.049,1.46883,1.46908,1.00,1.75
2015.10.14 12:38:27.203,1.46883,1.46908,1.00,1.00
2015.10.14 12:38:27.531,1.46881,1.46907,1.12,1.00
2015.10.14 12:38:28.043,1.46882,1.46908,1.00,1.37
2015.10.14 12:38:28.463,1.4688,1.46908,1.00,1.75
2015.10.14 12:38:29.252,1.46879,1.46906,1.00,1.12
2015.10.14 12:38:29.622,1.46878,1.46906,1.87,1.50
2015.10.14 12:38:29.930,1.46871,1.46897,1.37,1.37
2015.10.14 12:38:29.981,1.46873,1.46899,1.75,1.00
2015.10.14 12:38:30.442,1.46878,1.46906,1.12,1.37
2015.10.14 12:38:30.767,1.46887,1.46913,1.00,1.75
2015.10.14 12:38:33.736,1.46886,1.46912,1.00,2.25
2015.10.14 12:38:34.051,1.46883,1.46911,1.50,1.75
2015.10.14 12:38:34.103,1.46883,1.46911,1.50,2.25
2015.10.14 12:38:34.409,1.46881,1.46908,1.00,1.75
2015.10.14 12:38:35.081,1.4688,1.46908,1.00,1.75
2015.10.14 12:38:35.607,1.46885,1.4691,1.00,2.25
2015.10.14 12:38:35.709,1.46885,1.46911,1.00,1.75
2015.10.14 12:38:36.352,1.46886,1.46912,1.00,1.75
2015.10.14 12:38:36.455,1.46884,1.46912,1.00,1.75
2015.10.14 12:38:37.233,1.46886,1.46912,1.00,1.75
2015.10.14 12:38:37.386,1.46889,1.46916,1.00,3.00
2015.10.14 12:38:37.742,1.4689,1.46915,1.00,1.37
2015.10.14 12:38:37.895,1.46892,1.46914,1.00,1.00
2015.10.14 12:38:38.424,1.46893,1.46916,1.00,1.12
2015.10.14 12:38:38.476,1.46895,1.46918,1.00,1.75
2015.10.14 12:38:38.681,1.46897,1.46924,1.00,1.50
2015.10.14 12:38:38.785,1.46899,1.46925,1.00,2.25
2015.10.14 12:38:39.128,1.46901,1.46925,1.00,1.75
2015.10.14 12:38:39.673,1.469,1.46924,1.00,1.50
2015.10.14 12:38:39.978,1.46905,1.46926,1.00,1.00
2015.10.14 12:38:40.080,1.46904,1.46929,1.00,1.00
2015.10.14 12:38:40.419,1.46902,1.46928,1.12,1.00
2015.10.14 12:38:40.527,1.46904,1.4693,1.00,1.50
2015.10.14 12:38:40.986,1.46901,1.46929,1.50,1.00
2015.10.14 12:38:41.038,1.46901,1.46929,1.50,1.00
2015.10.14 12:38:41.628,1.46903,1.46931,1.75,1.00
2015.10.14 12:38:41.910,1.46905,1.46933,1.12,1.12
2015.10.14 12:38:41.962,1.46906,1.46931,1.00,1.00
2015.10.14 12:38:42.497,1.46904,1.4693,1.50,1.00
2015.10.14 12:38:43.431,1.46902,1.46929,1.75,1.00
2015.10.14 12:38:44.399,1.46907,1.4693,1.00,1.00
2015.10.14 12:38:44.832,1.46907,1.46933,1.00,1.00
2015.10.14 12:38:45.351,1.46908,1.46933,1.00,1.50
2015.10.14 12:38:46.067,1.46909,1.46935,1.00,2.25
2015.10.14 12:38:46.462,1.4691,1.46935,1.00,1.12
2015.10.14 12:38:47.451,1.46912,1.46935,1.00,1.12
2015.10.14 12:38:47.960,1.46911,1.46937,1.00,2.25
2015.10.14 12:38:48.594,1.46912,1.46934,1.00,1.00
2015.10.14 12:38:48.901,1.46912,1.46939,1.00,2.25
2015.10.14 12:38:49.748,1.46914,1.46939,1.00,1.12
2015.10.14 12:38:50.462,1.46913,1.46939,1.00,1.12
2015.10.14 12:38:51.583,1.46913,1.46939,1.00,3.00
2015.10.14 12:38:51.788,1.46913,1.46939,1.00,2.25
2015.10.14 12:38:52.104,1.46912,1.46934,1.00,1.00
2015.10.14 12:38:52.308,1.46912,1.46937,1.00,1.46
2015.10.14 12:38:52.516,1.46909,1.46937,1.50,1.46
2015.10.14 12:38:53.099,1.46909,1.46935,1.50,1.00
2015.10.14 12:38:53.639,1.46908,1.46934,1.75,1.50
2015.10.14 12:38:53.690,1.46908,1.46934,1.00,1.87
2015.10.14 12:38:54.210,1.46909,1.46934,1.00,1.12
2015.10.14 12:38:54.631,1.46911,1.46934,1.00,1.12
2015.10.14 12:38:55.140,1.4691,1.46934,1.00,1.12
2015.10.14 12:38:55.497,1.46907,1.46933,1.00,1.50
2015.10.14 12:38:55.763,1.4691,1.46934,1.00,1.37
2015.10.14 12:38:55.866,1.4691,1.46935,1.00,1.12
2015.10.14 12:38:56.384,1.46906,1.46929,1.00,1.00
2015.10.14 12:38:56.486,1.46904,1.46929,1.00,1.50
2015.10.14 12:38:56.640,1.46904,1.46925,1.00,1.00
2015.10.14 12:38:56.691,1.46897,1.46923,1.00,1.00
2015.10.14 12:38:56.914,1.46893,1.46919,1.12,1.00
2015.10.14 12:38:57.388,1.46893,1.46919,1.75,1.50
2015.10.14 12:38:57.490,1.46893,1.46919,1.12,1.50
2015.10.14 12:38:57.645,1.46893,1.46919,1.12,1.75
2015.10.14 12:38:58.368,1.46896,1.46919,1.12,1.75
2015.10.14 12:38:58.674,1.46899,1.46922,1.00,1.75
2015.10.14 12:38:59.070,1.46897,1.46922,1.00,1.75
2015.10.14 12:38:59.480,1.46892,1.46919,1.37,1.12
2015.10.14 12:38:59.532,1.46892,1.46919,1.00,1.12
2015.10.14 12:38:59.889,1.4689,1.46916,1.12,1.37
2015.10.14 12:39:00.245,1.46886,1.46912,1.12,1.75
2015.10.14 12:39:00.553,1.46891,1.46916,1.00,1.75
2015.10.14 12:39:01.065,1.4689,1.46913,1.00,1.75
2015.10.14 12:39:01.610,1.46889,1.46909,1.50,1.75
2015.10.14 12:39:02.015,1.46891,1.46914,1.00,1.75
2015.10.14 12:39:02.321,1.46889,1.46914,1.50,1.75
2015.10.14 12:39:02.535,1.46891,1.46914,1.00,1.75
2015.10.14 12:39:02.587,1.46891,1.46915,1.00,1.75
2015.10.14 12:39:02.892,1.46897,1.46918,1.00,1.75
2015.10.14 12:39:02.995,1.46894,1.4692,1.50,1.00
2015.10.14 12:39:03.098,1.46892,1.46919,1.75,1.00
2015.10.14 12:39:03.203,1.46899,1.46924,1.00,1.87
2015.10.14 12:39:03.564,1.469,1.46928,1.50,1.37
2015.10.14 12:39:03.769,1.46906,1.46931,1.00,1.00
2015.10.14 12:39:03.974,1.469,1.46926,2.25,1.00
2015.10.14 12:39:04.026,1.469,1.46926,2.25,1.00
2015.10.14 12:39:04.434,1.46896,1.46922,1.50,1.00
2015.10.14 12:39:04.867,1.46896,1.46919,1.50,1.00
2015.10.14 12:39:04.972,1.46896,1.46924,1.00,3.00
2015.10.14 12:39:05.075,1.46899,1.4692,1.00,1.00
2015.10.14 12:39:05.178,1.46896,1.46919,1.00,1.12
2015.10.14 12:39:05.229,1.46892,1.46919,1.75,1.12
2015.10.14 12:39:05.382,1.46896,1.46922,1.00,1.87
2015.10.14 12:39:05.535,1.46894,1.4692,1.12,1.37
2015.10.14 12:39:06.491,1.46895,1.46922,1.00,1.12
2015.10.14 12:39:06.644,1.46894,1.46922,1.12,1.50
2015.10.14 12:39:06.894,1.46894,1.46919,1.00,1.37
2015.10.14 12:39:06.996,1.46888,1.46914,1.12,1.00
2015.10.14 12:39:07.098,1.4689,1.46913,1.00,1.87
2015.10.14 12:39:07.150,1.46884,1.46912,1.50,1.50
2015.10.14 12:39:07.252,1.46883,1.46909,1.00,1.50
2015.10.14 12:39:07.303,1.46883,1.46909,1.00,2.62
2015.10.14 12:39:07.508,1.46881,1.46909,1.00,1.87
2015.10.14 12:39:07.712,1.46879,1.46904,1.87,1.00
2015.10.14 12:39:08.025,1.46877,1.46902,1.00,1.00
2015.10.14 12:39:08.535,1.46873,1.46901,1.00,1.00
2015.10.14 12:39:08.689,1.46871,1.46898,1.50,1.00
2015.10.14 12:39:09.202,1.46871,1.46897,1.50,1.00
2015.10.14 12:39:09.510,1.46861,1.46887,1.50,1.00
2015.10.14 12:39:09.715,1.46856,1.4688,1.00,1.00
2015.10.14 12:39:10.141,1.46858,1.46883,1.00,1.00
2015.10.14 12:39:10.244,1.46859,1.46885,1.00,1.00
2015.10.14 12:39:10.348,1.46861,1.46887,1.50,1.00
2015.10.14 12:39:10.555,1.46862,1.46889,1.12,1.87
2015.10.14 12:39:10.658,1.46865,1.46891,1.00,1.75
2015.10.14 12:39:10.762,1.46865,1.46891,1.50,1.00
2015.10.14 12:39:10.814,1.4687,1.46898,1.00,2.25
2015.10.14 12:39:10.865,1.4687,1.46898,1.00,2.25
2015.10.14 12:39:11.390,1.46871,1.46897,1.00,1.37
2015.10.14 12:39:12.207,1.46875,1.46901,1.00,1.75
2015.10.14 12:39:12.408,1.46872,1.469,1.12,1.87
2015.10.14 12:39:12.462,1.46873,1.469,1.75,1.00
2015.10.14 12:39:12.564,1.46876,1.46902,1.00,1.00
2015.10.14 12:39:12.870,1.46874,1.469,1.50,1.00
2015.10.14 12:39:13.411,1.46873,1.46901,1.75,1.00
2015.10.14 12:39:13.737,1.46874,1.469,1.75,1.00
2015.10.14 12:39:14.291,1.46874,1.46902,1.75,1.00
2015.10.14 12:39:16.185,1.46873,1.46901,1.75,1.00
2015.10.14 12:39:16.708,1.46873,1.46899,2.25,1.00
2015.10.14 12:39:16.759,1.46873,1.46899,2.25,1.00
2015.10.14 12:39:17.601,1.46872,1.46898,1.75,1.00
2015.10.14 12:39:18.511,1.46874,1.469,1.75,1.00
2015.10.14 12:39:19.490,1.46873,1.46901,1.75,1.00
2015.10.14 12:39:19.896,1.46873,1.46899,1.75,1.00
2015.10.14 12:39:21.756,1.46872,1.46898,1.75,1.00
2015.10.14 12:39:22.469,1.46872,1.46898,1.00,1.00
2015.10.14 12:39:22.520,1.46867,1.46893,2.25,1.00
2015.10.14 12:39:22.717,1.46867,1.46892,1.50,1.00
2015.10.14 12:39:23.026,1.46867,1.46895,2.25,1.00
2015.10.14 12:39:23.281,1.46869,1.46895,1.00,1.00
2015.10.14 12:39:23.968,1.46868,1.46894,1.00,1.00
2015.10.14 12:39:24.277,1.46867,1.46891,1.00,1.00
2015.10.14 12:39:24.379,1.46864,1.4689,1.87,1.00
2015.10.14 12:39:24.431,1.46868,1.4689,1.00,1.00
2015.10.14 12:39:24.483,1.46864,1.4689,2.25,1.00
2015.10.14 12:39:24.678,1.46869,1.4689,1.00,1.00
2015.10.14 12:39:24.895,1.46865,1.46891,1.37,1.00
2015.10.14 12:39:25.079,1.46861,1.46887,1.75,1.00
2015.10.14 12:39:25.131,1.46862,1.46887,1.00,1.00
2015.10.14 12:39:25.233,1.46862,1.46885,1.00,1.00
2015.10.14 12:39:25.704,1.46859,1.46882,1.00,1.00
2015.10.14 12:39:26.286,1.46856,1.46882,3.75,1.00
2015.10.14 12:39:26.656,1.46856,1.46884,3.75,1.00
2015.10.14 12:39:27.080,1.46859,1.46883,1.00,1.00
2015.10.14 12:39:27.414,1.46859,1.4688,1.00,1.00
2015.10.14 12:39:27.466,1.46859,1.46885,1.50,1.09
2015.10.14 12:39:27.775,1.46859,1.46882,1.00,1.00
2015.10.14 12:39:28.351,1.46859,1.46881,1.00,1.00
2015.10.14 12:39:29.099,1.46859,1.46883,1.00,1.00
2015.10.14 12:39:30.317,1.46859,1.46882,1.00,1.00
2015.10.14 12:39:30.521,1.46859,1.46884,1.00,1.00
2015.10.14 12:39:30.961,1.46859,1.4688,1.00,1.00
2015.10.14 12:39:31.013,1.46854,1.4688,1.50,1.00
2015.10.14 12:39:31.166,1.46857,1.4688,1.00,1.00
2015.10.14 12:39:31.681,1.46857,1.46881,1.00,1.00
2015.10.14 12:39:32.485,1.46857,1.46882,1.00,1.00
2015.10.14 12:39:32.996,1.46857,1.46883,1.50,1.00
2015.10.14 12:39:33.824,1.46857,1.46881,1.00,1.00
2015.10.14 12:39:34.027,1.46855,1.46882,1.12,1.00
2015.10.14 12:39:34.605,1.46856,1.46882,1.00,1.00
2015.10.14 12:39:39.222,1.46856,1.46884,1.50,1.12
2015.10.14 12:39:39.654,1.46858,1.46885,1.00,1.84
2015.10.14 12:39:40.889,1.46858,1.46885,1.37,1.46
2015.10.14 12:39:40.991,1.46864,1.46888,1.00,1.00
2015.10.14 12:39:41.093,1.46862,1.46888,1.12,1.00
2015.10.14 12:39:41.400,1.46864,1.4689,1.00,1.37
2015.10.14 12:39:41.948,1.46865,1.46891,1.00,1.50
2015.10.14 12:39:42.102,1.46866,1.46893,1.00,1.09
2015.10.14 12:39:42.612,1.46867,1.46893,1.00,1.09
2015.10.14 12:39:43.148,1.46867,1.46895,1.50,1.34
2015.10.14 12:39:43.919,1.46867,1.46893,2.25,1.00
2015.10.14 12:39:43.973,1.46878,1.46899,1.00,1.00
2015.10.14 12:39:44.024,1.46878,1.46902,1.75,1.00
2015.10.14 12:39:44.126,1.46881,1.46907,1.75,1.00
2015.10.14 12:39:44.178,1.46894,1.46919,1.00,2.62
2015.10.14 12:39:44.382,1.46891,1.46915,1.00,1.12
2015.10.14 12:39:45.048,1.46888,1.46916,1.00,1.50
2015.10.14 12:39:45.412,1.46888,1.46914,1.75,1.00
2015.10.14 12:39:45.718,1.46887,1.46912,1.50,1.00
2015.10.14 12:39:46.170,1.46884,1.46909,1.75,1.00
2015.10.14 12:39:46.476,1.46884,1.46907,1.75,1.00
2015.10.14 12:39:46.527,1.46881,1.46907,1.50,1.00
2015.10.14 12:39:47.372,1.46883,1.46908,1.12,1.00
2015.10.14 12:39:47.920,1.4688,1.46907,1.75,1.00
2015.10.14 12:39:48.425,1.46879,1.46906,1.75,1.00
2015.10.14 12:39:48.934,1.46879,1.46905,1.75,1.00
2015.10.14 12:39:49.187,1.46878,1.46904,1.50,1.00
2015.10.14 12:39:49.595,1.46878,1.46904,1.00,1.34
2015.10.14 12:39:49.648,1.46876,1.46904,1.00,1.46
2015.10.14 12:39:49.904,1.46871,1.46897,1.00,1.00
2015.10.14 12:39:50.007,1.46869,1.46895,1.50,1.00
2015.10.14 12:39:50.523,1.4687,1.46898,1.12,1.84
2015.10.14 12:39:51.310,1.46868,1.46894,1.75,1.00
2015.10.14 12:39:51.820,1.46871,1.46893,1.00,1.00
2015.10.14 12:39:51.973,1.46871,1.46895,1.50,1.00
2015.10.14 12:39:52.496,1.46871,1.46896,1.00,1.00
2015.10.14 12:39:52.649,1.46873,1.46896,1.00,1.00
2015.10.14 12:39:52.955,1.46871,1.46896,1.00,1.00
2015.10.14 12:39:53.481,1.46873,1.46897,1.00,1.00
2015.10.14 12:39:53.970,1.46873,1.46899,1.50,1.09
2015.10.14 12:39:54.072,1.46873,1.46897,1.50,1.00
2015.10.14 12:39:54.276,1.46874,1.46902,1.00,1.34
2015.10.14 12:39:54.804,1.46875,1.469,1.00,1.34
2015.10.14 12:39:55.162,1.46873,1.46899,1.50,1.09
2015.10.14 12:39:55.682,1.46873,1.46896,1.00,1.00
2015.10.14 12:39:58.015,1.46873,1.46897,1.00,1.00
2015.10.14 12:39:58.600,1.46873,1.46896,1.00,1.00
2015.10.14 12:40:00.457,1.46873,1.46897,1.00,1.00
2015.10.14 12:40:00.560,1.46871,1.46897,1.12,1.00
2015.10.14 12:40:01.076,1.4687,1.46896,1.00,1.12
2015.10.14 12:40:01.180,1.4687,1.46896,1.00,1.50
2015.10.14 12:40:01.436,1.46876,1.46903,1.00,1.75
2015.10.14 12:40:01.532,1.4688,1.46906,1.12,1.75
2015.10.14 12:40:01.836,1.46882,1.46908,1.00,1.75
2015.10.14 12:40:02.194,1.4688,1.46909,1.12,3.75
2015.10.14 12:40:02.726,1.46881,1.46906,1.00,1.37
2015.10.14 12:40:02.951,1.4688,1.46909,1.12,1.75
2015.10.14 12:40:04.089,1.4688,1.46911,1.50,1.75
2015.10.14 12:40:04.191,1.4688,1.46911,2.25,1.75
2015.10.14 12:40:04.606,1.46881,1.4691,1.37,1.75
2015.10.14 12:40:04.972,1.46882,1.46909,1.50,1.75
2015.10.14 12:40:05.279,1.46882,1.46907,1.50,1.00
2015.10.14 12:40:06.217,1.46881,1.46907,2.25,1.00
2015.10.14 12:40:06.735,1.46881,1.46905,1.50,1.00
2015.10.14 12:40:07.404,1.46881,1.46907,1.50,1.00
2015.10.14 12:40:09.996,1.46881,1.46906,1.50,1.00
2015.10.14 12:40:12.098,1.46881,1.46905,1.00,1.00
2015.10.14 12:40:12.200,1.46881,1.46905,1.00,1.50
2015.10.14 12:40:12.252,1.46879,1.46905,1.00,1.50
2015.10.14 12:40:12.861,1.46878,1.46902,1.00,1.00
2015.10.14 12:40:12.912,1.46878,1.469,1.00,1.00
2015.10.14 12:40:13.219,1.46872,1.46895,1.87,1.00
2015.10.14 12:40:13.676,1.4687,1.46893,2.62,1.00
2015.10.14 12:40:14.086,1.4687,1.46893,1.37,1.00
2015.10.14 12:40:14.188,1.46871,1.46891,1.12,1.00
2015.10.14 12:40:14.444,1.4687,1.46896,1.87,1.00
2015.10.14 12:40:14.598,1.46872,1.46896,1.00,1.00
2015.10.14 12:40:15.025,1.46881,1.46907,1.00,1.75
2015.10.14 12:40:15.077,1.46881,1.46907,1.00,1.50
2015.10.14 12:40:15.585,1.46882,1.46908,1.00,1.75
2015.10.14 12:40:16.913,1.46883,1.46909,1.00,1.75
2015.10.14 12:40:17.517,1.46882,1.46908,1.00,1.75
2015.10.14 12:40:17.828,1.46883,1.46909,1.00,1.00
2015.10.14 12:40:17.879,1.46881,1.46907,1.00,1.00
2015.10.14 12:40:18.212,1.46877,1.46903,1.00,1.00
2015.10.14 12:40:18.639,1.4687,1.46896,1.00,1.00
2015.10.14 12:40:18.945,1.46866,1.46892,1.00,1.00
2015.10.14 12:40:19.048,1.46864,1.46892,1.00,1.00
2015.10.14 12:40:19.101,1.46866,1.46892,1.00,1.00
2015.10.14 12:40:19.407,1.4686,1.46888,1.00,1.00
2015.10.14 12:40:19.935,1.4686,1.46887,1.00,1.00
2015.10.14 12:40:20.449,1.46861,1.46887,1.00,1.00
2015.10.14 12:40:20.760,1.46862,1.46889,1.00,1.00
2015.10.14 12:40:20.813,1.46864,1.4689,1.00,1.00
2015.10.14 12:40:21.273,1.46861,1.46887,1.00,1.00
2015.10.14 12:40:21.528,1.46859,1.46886,1.00,1.00
2015.10.14 12:40:21.879,1.46859,1.46884,1.00,1.00
2015.10.14 12:40:22.513,1.46857,1.46883,1.00,1.00
2015.10.14 12:40:23.024,1.46859,1.46885,1.00,1.00
2015.10.14 12:40:23.282,1.46857,1.46885,1.00,1.00
2015.10.14 12:40:23.918,1.46857,1.46883,1.50,1.00
2015.10.14 12:40:24.461,1.46857,1.46882,1.00,1.00
2015.10.14 12:40:24.925,1.46853,1.46875,1.00,1.00
2015.10.14 12:40:24.976,1.46849,1.46875,1.00,1.00
2015.10.14 12:40:25.028,1.46848,1.46873,1.50,1.00
2015.10.14 12:40:25.579,1.46847,1.46874,1.50,1.00
2015.10.14 12:40:26.538,1.46848,1.46874,1.00,1.00
2015.10.14 12:40:26.590,1.46848,1.46876,1.50,1.00
2015.10.14 12:40:26.692,1.46851,1.46877,1.00,1.00
2015.10.14 12:40:27.840,1.46851,1.46879,1.50,1.00
2015.10.14 12:40:28.529,1.46852,1.4688,1.00,1.00
2015.10.14 12:40:28.683,1.46852,1.46878,1.00,1.00
2015.10.14 12:40:29.025,1.46855,1.46881,1.00,1.00
2015.10.14 12:40:29.231,1.46853,1.46881,1.00,1.00
2015.10.14 12:40:29.436,1.46857,1.46883,1.00,1.00
2015.10.14 12:40:30.083,1.46859,1.46884,1.00,1.00
2015.10.14 12:40:30.442,1.4686,1.46887,1.00,1.00
2015.10.14 12:40:30.955,1.46866,1.4689,1.00,1.00
2015.10.14 12:40:31.058,1.46862,1.4689,1.00,1.50
2015.10.14 12:40:31.263,1.46869,1.4689,1.00,1.00
2015.10.14 12:40:31.314,1.46869,1.46894,1.00,1.00
2015.10.14 12:40:31.620,1.4687,1.46896,1.00,2.25
2015.10.14 12:40:32.129,1.46869,1.46895,1.00,1.00
2015.10.14 12:40:32.645,1.4687,1.46896,1.00,1.50
2015.10.14 12:40:33.631,1.46868,1.46894,1.00,1.00
2015.10.14 12:40:33.886,1.4686,1.46887,1.00,1.00
2015.10.14 12:40:34.180,1.46861,1.46889,1.00,1.00
2015.10.14 12:40:34.384,1.46863,1.46889,1.00,1.00
2015.10.14 12:40:34.950,1.46865,1.4689,1.00,1.75
2015.10.14 12:40:35.053,1.46865,1.46891,1.00,1.12
2015.10.14 12:40:35.156,1.46866,1.46893,1.12,1.00
2015.10.14 12:40:35.258,1.46873,1.46898,1.00,1.00
2015.10.14 12:40:35.360,1.46873,1.46901,1.50,1.50
2015.10.14 12:40:35.412,1.46875,1.46901,1.00,1.50
2015.10.14 12:40:35.931,1.46872,1.46896,1.50,1.00
2015.10.14 12:40:35.983,1.46872,1.46896,1.00,1.00
2015.10.14 12:40:36.493,1.4687,1.46898,1.50,1.12
2015.10.14 12:40:37.469,1.4687,1.46896,2.25,1.00
2015.10.14 12:40:37.775,1.4687,1.46898,2.25,1.12
2015.10.14 12:40:38.188,1.4687,1.46897,1.00,1.50
2015.10.14 12:40:38.750,1.4687,1.46895,1.09,1.00
2015.10.14 12:40:38.801,1.46872,1.46899,1.00,1.50
2015.10.14 12:40:38.853,1.46875,1.46899,1.75,1.00
2015.10.14 12:40:38.956,1.46874,1.469,1.00,1.75
2015.10.14 12:40:39.195,1.4687,1.46898,1.00,1.12
2015.10.14 12:40:39.247,1.46869,1.46895,1.12,1.00
2015.10.14 12:40:39.859,1.46874,1.46899,1.00,1.50
2015.10.14 12:40:40.012,1.46871,1.46897,1.12,1.00
2015.10.14 12:40:40.115,1.46871,1.46899,1.12,1.00
2015.10.14 12:40:40.373,1.46875,1.46901,1.00,1.12
2015.10.14 12:40:40.679,1.46879,1.46903,1.00,1.00
2015.10.14 12:40:40.884,1.4688,1.46905,1.12,1.00
2015.10.14 12:40:41.088,1.46882,1.46904,1.00,1.00
2015.10.14 12:40:41.139,1.46879,1.46904,1.50,1.00
2015.10.14 12:40:41.302,1.46882,1.46904,1.00,1.00
2015.10.14 12:40:42.008,1.46881,1.46904,1.00,1.00
2015.10.14 12:40:43.298,1.46881,1.46906,1.00,1.00
2015.10.14 12:40:44.715,1.4688,1.46906,1.12,1.00
2015.10.14 12:40:45.214,1.46879,1.46904,1.50,1.00
2015.10.14 12:40:46.239,1.4688,1.46905,1.12,1.00
2015.10.14 12:40:46.859,1.4688,1.46905,1.50,1.00
2015.10.14 12:40:46.911,1.46888,1.46916,1.00,2.25
2015.10.14 12:40:46.963,1.46888,1.46916,1.00,1.12
2015.10.14 12:40:47.015,1.46887,1.46908,1.12,1.00
2015.10.14 12:40:47.068,1.4688,1.46908,1.87,1.12
2015.10.14 12:40:47.120,1.46885,1.4691,1.00,1.75
2015.10.14 12:40:47.172,1.46885,1.46911,1.12,1.00
2015.10.14 12:40:47.275,1.46887,1.46913,1.00,1.50
2015.10.14 12:40:47.796,1.46889,1.46915,1.00,1.75
2015.10.14 12:40:48.132,1.46887,1.46915,1.00,1.75
2015.10.14 12:40:48.234,1.46889,1.46915,1.00,1.75
2015.10.14 12:40:48.285,1.46889,1.46915,1.50,1.00
2015.10.14 12:40:48.336,1.46889,1.46917,1.50,1.00
2015.10.14 12:40:48.844,1.4689,1.46916,1.71,1.00
2015.10.14 12:40:48.896,1.46893,1.4692,1.00,1.37
2015.10.14 12:40:48.998,1.46895,1.46923,1.00,2.25
2015.10.14 12:40:49.322,1.46897,1.46924,1.00,1.75
2015.10.14 12:40:49.707,1.46894,1.4692,1.00,1.37
2015.10.14 12:40:49.974,1.46894,1.4692,1.75,1.00
2015.10.14 12:40:50.491,1.46894,1.4692,1.00,1.12
2015.10.14 12:40:50.543,1.46892,1.46917,2.25,1.00
2015.10.14 12:40:51.017,1.46897,1.46918,1.00,1.75
2015.10.14 12:40:51.528,1.46897,1.46917,1.00,1.75
2015.10.14 12:40:51.681,1.46897,1.46918,1.00,1.75
2015.10.14 12:40:52.105,1.46898,1.46924,1.00,1.75
2015.10.14 12:40:52.310,1.46897,1.46923,1.50,1.00
2015.10.14 12:40:52.514,1.46896,1.46921,1.00,1.00
2015.10.14 12:40:53.263,1.46897,1.46923,1.00,1.00
2015.10.14 12:40:53.417,1.46898,1.46925,1.00,1.00
2015.10.14 12:40:53.926,1.46898,1.46924,1.00,1.00
2015.10.14 12:40:54.450,1.46897,1.46923,1.00,1.00
2015.10.14 12:40:54.961,1.46896,1.46921,1.00,1.00
2015.10.14 12:40:55.065,1.46894,1.4692,1.00,1.00
2015.10.14 12:40:55.275,1.46893,1.46916,1.00,1.00
2015.10.14 12:40:55.327,1.4689,1.46916,1.50,1.00
2015.10.14 12:40:55.480,1.4689,1.46914,1.00,1.00
2015.10.14 12:40:55.991,1.46889,1.46915,1.00,1.00
2015.10.14 12:40:56.525,1.4689,1.46916,1.00,1.00
2015.10.14 12:40:57.136,1.46889,1.46915,1.00,1.00
2015.10.14 12:40:57.493,1.4689,1.46918,1.00,1.00
2015.10.14 12:40:58.380,1.4689,1.46916,1.00,1.00
2015.10.14 12:40:58.584,1.46891,1.46919,1.00,1.00
2015.10.14 12:41:00.116,1.46893,1.46919,1.00,1.00
2015.10.14 12:41:00.771,1.46894,1.46922,1.00,1.00
2015.10.14 12:41:01.288,1.46897,1.46923,1.00,1.00
2015.10.14 12:41:01.543,1.46897,1.46925,1.00,1.00
2015.10.14 12:41:02.001,1.46899,1.46925,1.00,1.00
2015.10.14 12:41:02.312,1.469,1.46928,1.00,1.50
2015.10.14 12:41:02.825,1.46901,1.46928,1.00,1.00
2015.10.14 12:41:02.878,1.46902,1.4693,1.00,1.00
2015.10.14 12:41:03.082,1.46907,1.46932,1.00,1.12
2015.10.14 12:41:03.254,1.46901,1.46932,1.00,1.12
2015.10.14 12:41:03.306,1.469,1.46925,1.00,1.00
2015.10.14 12:41:03.664,1.46903,1.46929,1.00,1.75
2015.10.14 12:41:03.717,1.46903,1.46929,1.00,1.75
2015.10.14 12:41:03.871,1.46906,1.46934,1.50,1.75
2015.10.14 12:41:04.189,1.46907,1.46935,1.50,1.37
2015.10.14 12:41:04.292,1.46909,1.46937,1.00,1.75
2015.10.14 12:41:04.496,1.4691,1.46938,1.37,1.12
2015.10.14 12:41:04.650,1.46917,1.46941,1.00,1.75
2015.10.14 12:41:05.363,1.46917,1.46943,1.00,1.75
2015.10.14 12:41:05.415,1.46917,1.46943,1.00,1.37
2015.10.14 12:41:05.517,1.46919,1.46943,1.00,1.37
2015.10.14 12:41:05.824,1.46916,1.46942,1.00,1.12
2015.10.14 12:41:05.927,1.46912,1.46937,1.37,1.12
2015.10.14 12:41:06.029,1.46909,1.46935,1.00,1.00
2015.10.14 12:41:06.336,1.46909,1.46937,1.00,1.12
2015.10.14 12:41:06.544,1.46908,1.46934,1.00,1.00
2015.10.14 12:41:06.852,1.46908,1.46934,1.00,1.75
2015.10.14 12:41:06.904,1.46906,1.46932,1.12,1.50
2015.10.14 12:41:07.312,1.46904,1.46932,1.75,1.50
2015.10.14 12:41:07.646,1.46903,1.46924,1.00,1.00
2015.10.14 12:41:07.697,1.46898,1.46924,1.75,1.00
2015.10.14 12:41:07.850,1.46896,1.46922,1.12,1.00
2015.10.14 12:41:08.362,1.46898,1.46924,1.75,1.50
2015.10.14 12:41:08.676,1.46901,1.46927,1.00,1.37
2015.10.14 12:41:08.880,1.46902,1.46928,1.00,1.00
2015.10.14 12:41:09.417,1.46903,1.46929,1.00,1.50
2015.10.14 12:41:09.621,1.46901,1.46927,1.00,1.00
2015.10.14 12:41:09.968,1.4691,1.46936,1.00,1.75
2015.10.14 12:41:10.019,1.4691,1.46936,1.00,1.37
2015.10.14 12:41:10.172,1.46913,1.46935,1.00,1.12
2015.10.14 12:41:10.223,1.46909,1.46935,1.00,1.37
2015.10.14 12:41:10.531,1.46909,1.46933,1.00,1.84
2015.10.14 12:41:10.684,1.46907,1.46929,1.00,1.12
2015.10.14 12:41:10.849,1.46907,1.46927,1.00,1.00
2015.10.14 12:41:10.901,1.46903,1.46926,1.00,1.00
2015.10.14 12:41:10.953,1.46906,1.46926,1.00,1.00
2015.10.14 12:41:11.004,1.46903,1.46926,1.00,1.00
2015.10.14 12:41:11.056,1.46905,1.46929,1.00,1.50
2015.10.14 12:41:11.108,1.46905,1.46929,1.00,1.12
2015.10.14 12:41:11.159,1.469,1.46926,1.00,1.37
2015.10.14 12:41:11.949,1.46901,1.46927,1.00,1.75
2015.10.14 12:41:12.154,1.46903,1.46931,1.50,1.75
2015.10.14 12:41:12.652,1.46903,1.46929,1.50,1.50
2015.10.14 12:41:12.704,1.469,1.46928,1.50,1.37
2015.10.14 12:41:12.980,1.469,1.46926,1.00,1.84
2015.10.14 12:41:13.499,1.46901,1.46922,1.00,1.00
2015.10.14 12:41:13.754,1.46901,1.46929,1.50,1.75
2015.10.14 12:41:14.057,1.46899,1.46924,1.00,1.00
2015.10.14 12:41:14.160,1.46899,1.46921,1.00,1.00
2015.10.14 12:41:14.467,1.46899,1.46918,1.00,1.50
2015.10.14 12:41:14.621,1.46891,1.46918,1.00,1.50
2015.10.14 12:41:14.724,1.46891,1.46918,1.00,1.75
2015.10.14 12:41:15.444,1.46893,1.46918,1.00,1.75
2015.10.14 12:41:16.188,1.46893,1.46918,1.00,1.00
2015.10.14 12:41:16.881,1.46895,1.46918,1.00,1.00
2015.10.14 12:41:17.469,1.46896,1.4692,1.00,1.75
2015.10.14 12:41:17.521,1.46893,1.46914,1.00,1.00
2015.10.14 12:41:17.674,1.46893,1.46913,1.00,1.37
2015.10.14 12:41:18.629,1.46891,1.46916,1.00,1.75
2015.10.14 12:41:19.174,1.46889,1.46916,1.00,1.75
2015.10.14 12:41:19.734,1.4689,1.46917,1.00,1.75
2015.10.14 12:41:20.374,1.4689,1.46918,1.00,1.75
2015.10.14 12:41:20.426,1.46892,1.46918,1.00,1.75
2015.10.14 12:41:21.237,1.46892,1.4692,1.37,1.37
2015.10.14 12:41:21.340,1.469,1.46926,1.00,1.50
2015.10.14 12:41:21.596,1.46902,1.46925,1.00,1.00
2015.10.14 12:41:22.114,1.46902,1.46927,1.00,1.50
2015.10.14 12:41:22.267,1.469,1.46927,1.00,1.50
2015.10.14 12:41:22.807,1.46899,1.46925,1.12,1.00
2015.10.14 12:41:23.332,1.46899,1.46927,1.12,1.50
2015.10.14 12:41:23.487,1.46901,1.46927,1.00,1.50
2015.10.14 12:41:24.470,1.46899,1.46927,1.12,1.50
2015.10.14 12:41:24.981,1.469,1.46927,1.00,1.50
2015.10.14 12:41:26.049,1.469,1.46928,1.50,1.75
2015.10.14 12:41:26.562,1.469,1.46924,1.00,1.00
2015.10.14 12:41:26.797,1.46896,1.46921,1.50,1.00
2015.10.14 12:41:26.951,1.469,1.46921,1.00,1.00
2015.10.14 12:41:27.496,1.469,1.4692,1.00,1.00
2015.10.14 12:41:28.530,1.469,1.46922,1.00,1.00
2015.10.14 12:41:29.094,1.469,1.46924,1.00,1.00
2015.10.14 12:41:29.633,1.469,1.46925,1.00,1.00
2015.10.14 12:41:29.735,1.46898,1.46925,1.00,1.00
2015.10.14 12:41:29.787,1.46902,1.46925,1.00,1.00
2015.10.14 12:41:30.757,1.46905,1.46925,1.00,1.00
2015.10.14 12:41:30.960,1.46902,1.46927,1.00,1.37
2015.10.14 12:41:31.063,1.46902,1.46927,1.00,1.00
2015.10.14 12:41:31.585,1.46902,1.46928,1.50,1.00
2015.10.14 12:41:31.802,1.46902,1.46924,1.00,1.00
2015.10.14 12:41:32.126,1.46902,1.46921,1.00,1.00
2015.10.14 12:41:33.162,1.46902,1.46923,1.00,1.12
2015.10.14 12:41:34.727,1.46896,1.46923,1.00,1.12
2015.10.14 12:41:35.259,1.46897,1.46923,1.00,1.12
2015.10.14 12:41:36.697,1.46899,1.46925,1.00,1.75
2015.10.14 12:41:37.334,1.46897,1.46925,1.00,1.75
2015.10.14 12:41:38.437,1.469,1.46926,1.00,1.75
2015.10.14 12:41:39.141,1.469,1.46924,1.00,1.75
2015.10.14 12:41:39.823,1.46901,1.46926,1.00,1.12
2015.10.14 12:41:40.131,1.46903,1.46926,1.00,1.12
2015.10.14 12:41:40.730,1.46904,1.4693,1.00,1.75
2015.10.14 12:41:40.884,1.46902,1.4693,1.00,1.75
2015.10.14 12:41:41.386,1.46901,1.46929,1.50,1.75
2015.10.14 12:41:41.964,1.469,1.46925,1.37,1.00
2015.10.14 12:41:42.403,1.469,1.46926,1.00,1.00
2015.10.14 12:41:43.297,1.46898,1.46926,1.50,1.00
2015.10.14 12:41:43.348,1.46902,1.46926,1.00,1.00
2015.10.14 12:41:43.706,1.46899,1.46924,1.00,1.00
2015.10.14 12:41:44.102,1.46898,1.46924,1.50,1.75
2015.10.14 12:41:44.413,1.46898,1.46924,1.50,1.00
2015.10.14 12:41:45.226,1.469,1.46924,1.00,1.00
2015.10.14 12:41:45.649,1.469,1.46922,1.00,1.00
2015.10.14 12:41:45.701,1.46896,1.46922,2.25,1.00
2015.10.14 12:41:45.803,1.469,1.46922,1.00,1.00
2015.10.14 12:41:46.314,1.469,1.46921,1.00,1.00
2015.10.14 12:41:47.135,1.469,1.4692,1.00,1.00
2015.10.14 12:41:47.669,1.469,1.46919,1.00,1.00
2015.10.14 12:41:48.216,1.469,1.46922,1.00,1.00
2015.10.14 12:41:48.735,1.469,1.46923,1.00,1.00
2015.10.14 12:41:49.758,1.469,1.46921,1.00,1.00
2015.10.14 12:41:50.454,1.469,1.4692,1.00,1.00
2015.10.14 12:41:50.990,1.46896,1.4692,2.25,1.00
2015.10.14 12:41:51.101,1.46896,1.46922,2.25,1.00
2015.10.14 12:41:51.407,1.46899,1.46924,1.12,1.00
2015.10.14 12:41:52.010,1.46898,1.46924,1.75,1.00
2015.10.14 12:41:52.218,1.46897,1.46924,1.50,1.00
2015.10.14 12:41:52.321,1.46904,1.46923,1.00,1.00
2015.10.14 12:41:52.534,1.46906,1.46931,1.00,1.75
2015.10.14 12:41:53.087,1.46907,1.46931,1.00,1.75
2015.10.14 12:41:53.751,1.46906,1.46932,1.00,1.75
2015.10.14 12:41:54.731,1.46905,1.46931,1.00,1.75
2015.10.14 12:41:55.829,1.46907,1.46933,1.00,2.25
2015.10.14 12:41:56.405,1.46906,1.46933,1.00,1.75
2015.10.14 12:41:56.917,1.46905,1.46933,1.00,2.25
2015.10.14 12:41:57.426,1.46906,1.46933,1.00,1.75
2015.10.14 12:41:58.028,1.46907,1.46934,1.00,1.75
2015.10.14 12:41:58.373,1.46909,1.46935,1.00,1.75
2015.10.14 12:41:58.578,1.46907,1.46934,1.00,1.75
2015.10.14 12:41:59.105,1.46908,1.46935,1.00,1.75
2015.10.14 12:42:00.615,1.4691,1.46936,1.00,2.25
2015.10.14 12:42:00.820,1.46912,1.46938,1.00,1.75
2015.10.14 12:42:01.557,1.46908,1.46936,1.50,1.75
2015.10.14 12:42:01.857,1.46908,1.46929,1.00,1.75
2015.10.14 12:42:02.010,1.46899,1.46926,1.75,1.12
2015.10.14 12:42:02.265,1.46901,1.46927,1.50,1.50
2015.10.14 12:42:02.521,1.46907,1.46933,1.00,3.00
2015.10.14 12:42:02.736,1.46908,1.4693,1.00,1.00
2015.10.14 12:42:03.619,1.46905,1.4693,1.00,1.00
2015.10.14 12:42:03.821,1.46905,1.46928,1.00,1.00
2015.10.14 12:42:04.131,1.46903,1.46931,1.00,3.00
2015.10.14 12:42:05.066,1.46911,1.4693,1.00,1.75
2015.10.14 12:42:05.168,1.46908,1.46931,1.00,2.25
2015.10.14 12:42:05.270,1.46908,1.46934,1.00,2.25
2015.10.14 12:42:05.476,1.46909,1.46933,1.00,1.00
2015.10.14 12:42:05.528,1.46909,1.46934,1.00,1.75
2015.10.14 12:42:05.833,1.46911,1.46935,1.00,2.25
2015.10.14 12:42:05.890,1.46906,1.46932,1.00,1.75
2015.10.14 12:42:06.349,1.46902,1.4693,1.50,1.75
2015.10.14 12:42:06.451,1.46905,1.46931,1.00,1.75
2015.10.14 12:42:06.862,1.46899,1.46925,1.37,1.00
2015.10.14 12:42:07.117,1.46907,1.46932,1.00,1.75
2015.10.14 12:42:07.169,1.46907,1.46935,1.00,1.75
2015.10.14 12:42:07.424,1.4691,1.46936,1.00,1.75
2015.10.14 12:42:07.738,1.46917,1.46943,1.00,1.75
2015.10.14 12:42:08.047,1.46917,1.46943,1.00,1.12
2015.10.14 12:42:08.099,1.46919,1.46945,1.00,1.75
2015.10.14 12:42:08.782,1.46918,1.46946,1.50,1.75
2015.10.14 12:42:09.089,1.46921,1.46948,1.00,1.75
2015.10.14 12:42:09.243,1.46919,1.46947,1.00,1.75
2015.10.14 12:42:09.872,1.46919,1.46942,1.00,1.00
2015.10.14 12:42:10.396,1.4692,1.46948,1.00,1.75
2015.10.14 12:42:10.550,1.46923,1.46949,1.50,1.75
2015.10.14 12:42:10.875,1.46925,1.46953,1.00,1.75
2015.10.14 12:42:11.079,1.46927,1.46953,1.00,1.75
2015.10.14 12:42:11.487,1.46926,1.46953,1.50,1.75
2015.10.14 12:42:11.968,1.46925,1.46953,1.00,1.75
2015.10.14 12:42:12.429,1.46922,1.46948,1.00,1.37
2015.10.14 12:42:12.939,1.46923,1.46951,1.00,1.75
2015.10.14 12:42:13.220,1.46925,1.46951,1.00,1.75
2015.10.14 12:42:13.529,1.46914,1.46936,1.75,1.00
2015.10.14 12:42:13.786,1.46914,1.46939,1.75,1.50
2015.10.14 12:42:14.061,1.46916,1.46942,1.75,1.75
2015.10.14 12:42:14.266,1.46915,1.46931,1.00,1.00
2015.10.14 12:42:14.321,1.46908,1.46931,1.87,1.00
2015.10.14 12:42:14.374,1.46906,1.46932,1.12,1.00
2015.10.14 12:42:14.476,1.46903,1.46928,1.00,1.00
2015.10.14 12:42:14.578,1.46902,1.46928,1.00,1.75
2015.10.14 12:42:14.888,1.46898,1.46925,1.50,1.00
2015.10.14 12:42:15.041,1.46904,1.46927,1.00,1.00
2015.10.14 12:42:15.349,1.46907,1.46927,1.00,1.00
2015.10.14 12:42:15.401,1.46907,1.46934,1.00,1.75
2015.10.14 12:42:15.504,1.46906,1.46932,1.00,1.12
2015.10.14 12:42:15.789,1.46906,1.4693,1.00,1.00
2015.10.14 12:42:15.891,1.46903,1.46929,1.00,1.00
2015.10.14 12:42:16.044,1.46901,1.46929,1.50,1.00
2015.10.14 12:42:16.147,1.46903,1.46929,1.00,1.00
2015.10.14 12:42:16.302,1.46903,1.46931,1.50,1.00
2015.10.14 12:42:16.458,1.46906,1.46933,1.00,1.00
2015.10.14 12:42:16.780,1.46904,1.46932,1.12,1.00
2015.10.14 12:42:16.883,1.46904,1.46932,1.00,1.75
2015.10.14 12:42:17.179,1.46906,1.46934,2.62,1.00
2015.10.14 12:42:17.232,1.46906,1.46929,1.12,1.00
2015.10.14 12:42:17.285,1.46904,1.46929,1.87,1.00
2015.10.14 12:42:17.706,1.46904,1.46932,1.37,1.50
2015.10.14 12:42:17.758,1.46903,1.46932,2.25,1.50
2015.10.14 12:42:17.809,1.46906,1.46933,1.00,1.00
2015.10.14 12:42:18.115,1.46906,1.46931,1.00,1.00
2015.10.14 12:42:18.671,1.46906,1.46933,1.87,1.12
2015.10.14 12:42:19.084,1.46911,1.46933,1.00,1.00
2015.10.14 12:42:19.135,1.46911,1.46936,1.00,1.00
2015.10.14 12:42:19.339,1.46911,1.46933,1.00,1.00
2015.10.14 12:42:19.544,1.46906,1.46933,1.50,1.00
2015.10.14 12:42:19.822,1.46907,1.46936,1.00,1.00
2015.10.14 12:42:20.077,1.46911,1.46933,1.00,1.00
2015.10.14 12:42:20.179,1.46905,1.46933,2.25,1.00
2015.10.14 12:42:20.434,1.46906,1.46929,1.00,1.00
2015.10.14 12:42:20.940,1.46905,1.46927,1.00,1.00
2015.10.14 12:42:21.252,1.46901,1.46923,1.37,1.00
2015.10.14 12:42:21.763,1.46905,1.46922,1.00,1.00
2015.10.14 12:42:21.975,1.4691,1.46933,1.00,1.50
2015.10.14 12:42:22.079,1.46917,1.46933,1.00,1.00
2015.10.14 12:42:22.131,1.46917,1.46938,1.00,1.00
2015.10.14 12:42:22.182,1.46915,1.46938,1.00,1.00
2015.10.14 12:42:22.386,1.46914,1.46931,1.00,1.00
2015.10.14 12:42:22.437,1.46911,1.46931,1.00,1.00
2015.10.14 12:42:22.539,1.46911,1.46933,1.00,1.00
2015.10.14 12:42:22.642,1.46902,1.46927,1.37,1.00
2015.10.14 12:42:22.693,1.46904,1.46927,1.00,1.00
2015.10.14 12:42:22.745,1.46901,1.4692,1.00,1.00
2015.10.14 12:42:22.961,1.46896,1.46921,1.00,1.00
2015.10.14 12:42:23.065,1.46895,1.46923,1.00,1.00
2015.10.14 12:42:23.304,1.46898,1.46922,1.00,1.00
2015.10.14 12:42:23.611,1.46895,1.46923,1.00,1.00
2015.10.14 12:42:24.139,1.46896,1.46922,1.00,1.00
2015.10.14 12:42:24.497,1.46892,1.46921,1.87,1.00
2015.10.14 12:42:24.700,1.46892,1.46919,1.87,1.00
2015.10.14 12:42:24.961,1.46892,1.46921,1.12,1.00
2015.10.14 12:42:25.266,1.46895,1.4692,1.00,1.00
2015.10.14 12:42:25.676,1.46893,1.46919,1.00,1.00
2015.10.14 12:42:25.728,1.46894,1.46922,1.00,1.00
2015.10.14 12:42:26.038,1.46896,1.46923,1.00,1.00
2015.10.14 12:42:26.344,1.46896,1.46921,1.00,1.00
2015.10.14 12:42:26.600,1.46894,1.46921,1.50,1.00
2015.10.14 12:42:26.909,1.46894,1.46919,1.00,1.00
2015.10.14 12:42:27.474,1.46896,1.46918,1.00,1.00
2015.10.14 12:42:27.782,1.46895,1.46914,1.00,1.00
2015.10.14 12:42:27.885,1.4689,1.46914,1.87,1.37
2015.10.14 12:42:28.106,1.4689,1.46912,1.87,1.37
2015.10.14 12:42:28.413,1.46886,1.4691,1.37,1.75
2015.10.14 12:42:28.516,1.46886,1.46908,1.87,1.75
2015.10.14 12:42:29.098,1.46886,1.46908,1.12,1.75
2015.10.14 12:42:29.620,1.46885,1.46908,1.37,1.00
2015.10.14 12:42:29.722,1.46881,1.46907,2.62,1.50
2015.10.14 12:42:30.081,1.46886,1.46907,1.00,1.12
2015.10.14 12:42:30.337,1.46886,1.46904,1.00,2.25
2015.10.14 12:42:30.441,1.46883,1.469,1.00,1.00
2015.10.14 12:42:30.493,1.46875,1.469,1.37,1.00
2015.10.14 12:42:30.545,1.46875,1.46896,1.37,1.00
2015.10.14 12:42:30.752,1.46876,1.469,1.37,1.37
2015.10.14 12:42:31.119,1.46881,1.46902,1.00,1.75
2015.10.14 12:42:31.630,1.4688,1.46904,1.12,1.12
2015.10.14 12:42:31.732,1.46885,1.46904,1.00,1.00
2015.10.14 12:42:31.784,1.46885,1.46908,1.00,1.12
2015.10.14 12:42:32.000,1.46886,1.46912,1.50,1.37
2015.10.14 12:42:32.205,1.46885,1.46909,1.00,1.00
2015.10.14 12:42:32.309,1.46886,1.46911,1.00,1.00
2015.10.14 12:42:32.412,1.46886,1.46907,1.00,1.00
2015.10.14 12:42:32.778,1.46881,1.46903,1.12,1.00
2015.10.14 12:42:32.836,1.46881,1.46906,1.12,1.00
2015.10.14 12:42:33.346,1.4688,1.46905,1.12,1.00
2015.10.14 12:42:33.398,1.4688,1.46903,1.12,1.00
2015.10.14 12:42:33.914,1.46881,1.46903,1.00,1.00
2015.10.14 12:42:34.445,1.4688,1.46903,1.12,1.00
2015.10.14 12:42:34.933,1.46881,1.46903,1.00,1.75
2015.10.14 12:42:35.036,1.46881,1.46903,1.00,1.00
2015.10.14 12:42:35.189,1.4688,1.46905,1.50,1.50
2015.10.14 12:42:35.240,1.46882,1.46905,1.00,1.50
2015.10.14 12:42:35.343,1.46883,1.46909,1.00,1.00
2015.10.14 12:42:35.394,1.4689,1.46913,1.00,1.75
2015.10.14 12:42:35.547,1.4689,1.46916,1.00,1.50
2015.10.14 12:42:35.769,1.4689,1.46912,1.00,1.00
2015.10.14 12:42:36.076,1.46885,1.46904,1.00,1.00
2015.10.14 12:42:36.382,1.46891,1.46909,1.00,1.50
2015.10.14 12:42:36.485,1.46886,1.46909,1.00,1.50
2015.10.14 12:42:36.747,1.46886,1.46905,1.00,1.00
2015.10.14 12:42:37.058,1.46875,1.46898,1.37,1.37
2015.10.14 12:42:37.160,1.46875,1.46898,1.00,1.37
2015.10.14 12:42:37.263,1.46871,1.46898,1.12,1.37
2015.10.14 12:42:37.775,1.46872,1.46897,1.00,1.12
2015.10.14 12:42:37.827,1.46875,1.46897,1.00,1.12
2015.10.14 12:42:38.338,1.46876,1.46899,1.00,1.50
2015.10.14 12:42:38.655,1.46876,1.469,1.00,1.37
2015.10.14 12:42:38.809,1.46872,1.46895,1.12,1.00
2015.10.14 12:42:39.116,1.4687,1.46893,1.00,1.00
2015.10.14 12:42:39.830,1.46869,1.46893,1.00,1.00
2015.10.14 12:42:39.983,1.46869,1.46895,1.00,1.00
2015.10.14 12:42:40.340,1.46872,1.46895,1.00,1.00
2015.10.14 12:42:40.602,1.46867,1.46891,1.00,1.00
2015.10.14 12:42:40.908,1.46865,1.46891,1.00,1.00
2015.10.14 12:42:41.010,1.46866,1.46895,1.00,1.00
2015.10.14 12:42:41.215,1.46871,1.46895,1.00,1.00
2015.10.14 12:42:41.368,1.46866,1.46894,1.00,1.00
2015.10.14 12:42:41.566,1.46869,1.46894,1.00,1.00
2015.10.14 12:42:42.246,1.46867,1.46894,1.50,1.00
2015.10.14 12:42:42.631,1.46869,1.46895,1.50,1.00
2015.10.14 12:42:42.937,1.46876,1.469,1.00,1.12
2015.10.14 12:42:43.760,1.46874,1.46901,1.00,1.37
2015.10.14 12:42:43.818,1.46872,1.46898,1.00,1.00
2015.10.14 12:42:44.123,1.46871,1.46895,1.00,1.00
2015.10.14 12:42:44.175,1.46871,1.46897,1.00,1.00
2015.10.14 12:42:44.227,1.46867,1.46897,1.87,1.00
2015.10.14 12:42:45.114,1.46866,1.46893,1.37,1.00
2015.10.14 12:42:45.624,1.46868,1.46894,1.00,1.00
2015.10.14 12:42:46.141,1.46867,1.46894,1.00,1.00
2015.10.14 12:42:46.193,1.46865,1.46894,1.09,1.00
2015.10.14 12:42:46.296,1.46866,1.46895,2.62,1.00
2015.10.14 12:42:46.603,1.46867,1.46897,1.00,1.00
2015.10.14 12:42:46.999,1.46867,1.46895,1.50,1.00
2015.10.14 12:42:47.051,1.46868,1.46897,1.00,1.00
2015.10.14 12:42:47.156,1.46867,1.46894,2.25,1.00
2015.10.14 12:42:47.259,1.46868,1.46897,1.00,1.00
2015.10.14 12:42:47.310,1.46871,1.46897,1.00,1.00
2015.10.14 12:42:47.622,1.46869,1.46897,1.00,1.00
2015.10.14 12:42:47.674,1.46872,1.469,1.00,1.00
2015.10.14 12:42:48.025,1.4687,1.469,1.50,1.00
2015.10.14 12:42:48.128,1.4687,1.46898,1.00,1.00
2015.10.14 12:42:48.179,1.46868,1.46898,1.00,1.00
2015.10.14 12:42:48.231,1.46872,1.46898,1.00,1.00
2015.10.14 12:42:48.385,1.46869,1.46896,1.00,1.00
2015.10.14 12:42:48.437,1.46871,1.46896,1.00,1.00
2015.10.14 12:42:48.488,1.46871,1.46898,1.50,1.00
2015.10.14 12:42:48.591,1.46872,1.469,1.00,1.00
2015.10.14 12:42:48.695,1.46871,1.46896,1.00,1.00
2015.10.14 12:42:49.160,1.46871,1.46893,1.00,1.00
2015.10.14 12:42:49.471,1.46861,1.46888,1.37,1.00
2015.10.14 12:42:49.626,1.46861,1.46888,1.37,1.00
2015.10.14 12:42:49.836,1.46857,1.46885,1.37,1.00
2015.10.14 12:42:50.143,1.46857,1.46879,1.37,1.00
2015.10.14 12:42:50.451,1.46853,1.4688,1.37,1.00
2015.10.14 12:42:50.555,1.46851,1.46878,1.37,1.00
2015.10.14 12:42:50.606,1.46851,1.46878,1.87,1.00
2015.10.14 12:42:51.134,1.46849,1.46878,1.50,1.12
2015.10.14 12:42:51.453,1.46853,1.46882,1.00,1.75
2015.10.14 12:42:51.926,1.46855,1.46882,1.00,1.75
2015.10.14 12:42:52.288,1.46856,1.46884,1.00,1.00
2015.10.14 12:42:52.340,1.46859,1.46884,1.00,1.00
2015.10.14 12:42:52.545,1.46857,1.46884,1.00,1.00
2015.10.14 12:42:53.017,1.46854,1.46882,1.50,1.00
2015.10.14 12:42:53.170,1.46853,1.46881,1.00,1.00
2015.10.14 12:42:53.222,1.46855,1.46882,1.00,1.50
2015.10.14 12:42:53.326,1.46852,1.46882,1.87,1.50
2015.10.14 12:42:53.428,1.46852,1.46879,1.87,1.00
2015.10.14 12:42:53.895,1.4685,1.46879,1.37,1.75
2015.10.14 12:42:54.203,1.46855,1.46883,1.37,1.00
2015.10.14 12:42:55.094,1.46855,1.46882,1.12,1.00
2015.10.14 12:42:55.197,1.46856,1.4688,1.50,1.00
2015.10.14 12:42:55.502,1.46861,1.46882,1.00,1.50
2015.10.14 12:42:56.052,1.46856,1.46882,1.37,1.00
2015.10.14 12:42:56.459,1.46856,1.46882,1.37,1.50
2015.10.14 12:42:56.733,1.46856,1.46882,1.37,1.50
2015.10.14 12:42:57.095,1.46856,1.46882,1.37,1.75
2015.10.14 12:42:57.147,1.46856,1.46882,1.37,1.75
2015.10.14 12:42:58.188,1.4686,1.46887,1.00,3.00
2015.10.14 12:42:58.395,1.46866,1.46893,1.50,1.75
2015.10.14 12:42:59.470,1.46865,1.46892,1.87,1.50
2015.10.14 12:42:59.987,1.46866,1.46895,1.37,1.75
2015.10.14 12:43:00.521,1.46871,1.46894,1.00,1.75
2015.10.14 12:43:00.930,1.46865,1.46888,1.37,1.00
2015.10.14 12:43:00.981,1.46861,1.46888,1.12,1.00
2015.10.14 12:43:01.033,1.46858,1.46884,1.12,1.00
2015.10.14 12:43:01.085,1.46857,1.46884,1.00,1.12
2015.10.14 12:43:01.668,1.46859,1.46886,1.00,1.75
2015.10.14 12:43:01.720,1.46859,1.46886,1.00,1.00
2015.10.14 12:43:01.771,1.46861,1.46887,1.00,1.00
2015.10.14 12:43:02.098,1.46864,1.46891,1.00,1.75
2015.10.14 12:43:02.663,1.46866,1.46893,1.00,1.75
2015.10.14 12:43:02.868,1.46864,1.46893,1.50,1.75
2015.10.14 12:43:03.225,1.46869,1.46893,1.00,1.00
2015.10.14 12:43:03.385,1.46865,1.46893,1.00,1.00
2015.10.14 12:43:03.440,1.46867,1.46892,1.00,1.00
2015.10.14 12:43:03.746,1.46864,1.46892,1.00,1.75
2015.10.14 12:43:04.310,1.46866,1.46891,1.00,1.12
2015.10.14 12:43:04.834,1.46864,1.46891,1.00,1.12
2015.10.14 12:43:05.487,1.46866,1.46891,1.00,1.12
2015.10.14 12:43:05.797,1.46872,1.46899,1.00,1.12
2015.10.14 12:43:05.848,1.46878,1.46902,1.00,1.75
2015.10.14 12:43:05.951,1.46877,1.46902,1.00,1.50
2015.10.14 12:43:06.207,1.46879,1.46903,1.00,1.12
2015.10.14 12:43:08.060,1.46881,1.46903,1.00,1.12
2015.10.14 12:43:08.111,1.46881,1.46906,1.00,1.75
2015.10.14 12:43:08.685,1.46881,1.46907,1.00,1.87
2015.10.14 12:43:08.737,1.46885,1.46907,1.00,1.87
2015.10.14 12:43:09.080,1.46889,1.46917,1.00,1.75
2015.10.14 12:43:09.182,1.46886,1.46913,1.00,1.75
2015.10.14 12:43:09.336,1.46883,1.4691,1.00,1.75
2015.10.14 12:43:09.840,1.46883,1.46911,1.00,1.75
2015.10.14 12:43:10.108,1.4688,1.46909,1.12,1.75
2015.10.14 12:43:10.771,1.46881,1.46909,1.00,1.75
2015.10.14 12:43:11.290,1.46882,1.46909,1.00,1.75
2015.10.14 12:43:11.598,1.46885,1.46912,1.00,2.25
2015.10.14 12:43:12.128,1.46886,1.46912,1.50,2.25
2015.10.14 12:43:13.192,1.46885,1.46912,1.00,2.25
2015.10.14 12:43:13.856,1.46886,1.46912,1.00,2.25
2015.10.14 12:43:13.907,1.46887,1.46914,1.00,2.25
2015.10.14 12:43:14.060,1.46887,1.46914,1.00,2.25
2015.10.14 12:43:14.425,1.46889,1.46914,1.00,1.75
2015.10.14 12:43:14.629,1.46887,1.46914,1.00,1.75
2015.10.14 12:43:14.731,1.46891,1.46916,1.00,1.87
2015.10.14 12:43:15.051,1.46888,1.46917,1.00,1.87
2015.10.14 12:43:16.701,1.4689,1.46917,1.00,1.87
2015.10.14 12:43:16.906,1.46888,1.46917,1.50,1.87
2015.10.14 12:43:17.473,1.46891,1.46917,1.00,1.87
2015.10.14 12:43:17.575,1.46888,1.46917,1.00,1.87
2015.10.14 12:43:19.828,1.46891,1.46913,1.00,1.50
2015.10.14 12:43:19.882,1.46886,1.46913,1.00,1.75
2015.10.14 12:43:19.934,1.46882,1.46909,1.00,1.50
2015.10.14 12:43:20.036,1.4688,1.46907,2.25,1.37
2015.10.14 12:43:20.342,1.4688,1.46906,1.12,1.75
2015.10.14 12:43:20.946,1.46881,1.46906,1.00,1.75
2015.10.14 12:43:22.834,1.46879,1.46907,1.00,1.75
2015.10.14 12:43:22.987,1.46881,1.46907,1.00,1.75
2015.10.14 12:43:23.426,1.46882,1.46909,1.00,1.75
2015.10.14 12:43:24.067,1.46883,1.46909,1.00,1.75
2015.10.14 12:43:24.169,1.46881,1.46909,1.50,1.75
2015.10.14 12:43:24.866,1.46881,1.46909,1.50,1.75
2015.10.14 12:43:26.989,1.46882,1.46909,1.00,2.25
2015.10.14 12:43:27.297,1.46886,1.46909,1.00,1.75
2015.10.14 12:43:27.691,1.46885,1.46912,1.00,1.87
2015.10.14 12:43:27.940,1.46888,1.46914,1.00,1.12
2015.10.14 12:43:27.993,1.46888,1.46915,1.00,1.37
2015.10.14 12:43:28.300,1.46888,1.46916,1.50,1.00
2015.10.14 12:43:28.352,1.46891,1.46919,1.50,1.75
2015.10.14 12:43:28.506,1.46891,1.46919,2.25,1.00
2015.10.14 12:43:28.558,1.46886,1.46904,1.75,1.34
2015.10.14 12:43:28.711,1.46883,1.46891,1.75,1.00
2015.10.14 12:43:28.972,1.4688,1.469,1.00,1.37
2015.10.14 12:43:29.024,1.46886,1.46903,1.00,1.00
2015.10.14 12:43:29.179,1.46886,1.46909,1.00,1.75
2015.10.14 12:43:29.281,1.46886,1.4691,1.00,1.12
2015.10.14 12:43:29.587,1.46891,1.46912,1.00,1.75
2015.10.14 12:43:30.010,1.46891,1.46913,1.00,1.00
2015.10.14 12:43:30.214,1.46886,1.46914,1.00,1.00
2015.10.14 12:43:30.723,1.46886,1.46915,1.00,1.50
2015.10.14 12:43:31.664,1.46894,1.46915,1.00,1.00
2015.10.14 12:43:31.818,1.46895,1.4692,1.00,1.50
2015.10.14 12:43:31.869,1.46892,1.46921,1.12,1.37
2015.10.14 12:43:31.921,1.46892,1.46921,1.50,1.12
2015.10.14 12:43:32.157,1.46892,1.46919,1.50,1.34
2015.10.14 12:43:32.415,1.46881,1.46904,1.00,1.34
2015.10.14 12:43:32.466,1.46875,1.46904,1.87,1.71
2015.10.14 12:43:32.569,1.46881,1.46904,1.00,1.71
2015.10.14 12:43:32.621,1.46881,1.46904,1.00,1.34
2015.10.14 12:43:32.672,1.46875,1.46904,2.25,1.34
2015.10.14 12:43:33.131,1.4688,1.46903,1.00,1.34
2015.10.14 12:43:33.436,1.4688,1.46899,1.00,1.00
2015.10.14 12:43:33.947,1.46881,1.46899,1.00,1.50
2015.10.14 12:43:33.999,1.46875,1.46899,1.12,1.00
2015.10.14 12:43:34.268,1.46881,1.46899,1.00,1.50
2015.10.14 12:43:34.791,1.46875,1.469,1.00,1.75
2015.10.14 12:43:34.996,1.46875,1.46902,1.50,1.37
2015.10.14 12:43:35.201,1.46876,1.46903,2.25,1.00
2015.10.14 12:43:35.437,1.46879,1.46906,1.00,1.37
2015.10.14 12:43:35.642,1.46881,1.4691,1.00,2.62
2015.10.14 12:43:37.283,1.46886,1.46909,1.00,1.75
2015.10.14 12:43:38.201,1.46882,1.46901,1.00,1.00
2015.10.14 12:43:38.253,1.4688,1.46901,1.00,1.00
2015.10.14 12:43:38.305,1.46876,1.46901,1.37,1.00
2015.10.14 12:43:38.460,1.46875,1.46901,1.00,1.00
2015.10.14 12:43:38.512,1.46875,1.46903,1.00,1.75
2015.10.14 12:43:38.614,1.46871,1.46899,1.00,1.75
2015.10.14 12:43:38.917,1.46871,1.46894,1.00,1.00
2015.10.14 12:43:40.163,1.46871,1.46893,1.00,1.75
2015.10.14 12:43:41.597,1.4687,1.46894,1.00,1.50
2015.10.14 12:43:41.648,1.4687,1.4689,1.00,1.00
2015.10.14 12:43:41.904,1.46865,1.46891,1.00,1.12
2015.10.14 12:43:42.006,1.46861,1.46891,2.25,1.50
2015.10.14 12:43:42.058,1.46861,1.46891,2.25,1.75
2015.10.14 12:43:42.211,1.46862,1.46889,1.12,1.75
2015.10.14 12:43:42.479,1.46858,1.46886,1.12,1.12
2015.10.14 12:43:42.539,1.4686,1.46887,1.00,1.00
2015.10.14 12:43:42.590,1.4686,1.46889,1.00,1.00
2015.10.14 12:43:42.999,1.46861,1.46887,1.00,1.00
2015.10.14 12:43:43.153,1.46858,1.46887,1.00,1.00
2015.10.14 12:43:43.469,1.46856,1.46881,1.50,1.00
2015.10.14 12:43:43.623,1.46856,1.46885,1.00,1.00
2015.10.14 12:43:44.096,1.46859,1.46888,1.00,1.00
2015.10.14 12:43:44.521,1.46861,1.4689,1.00,1.50
2015.10.14 12:43:44.731,1.46859,1.46889,1.00,1.00
2015.10.14 12:43:44.834,1.46861,1.46888,1.00,1.00
2015.10.14 12:43:44.936,1.46859,1.46888,1.00,1.00
2015.10.14 12:43:45.563,1.4686,1.46887,1.00,1.00
2015.10.14 12:43:45.718,1.46858,1.46888,1.00,1.00
2015.10.14 12:43:46.186,1.46857,1.46884,1.00,1.00
2015.10.14 12:43:46.288,1.46855,1.46884,1.00,1.00
2015.10.14 12:43:46.390,1.46857,1.46884,1.00,1.00
2015.10.14 12:43:46.923,1.46856,1.46885,1.50,1.00
2015.10.14 12:43:47.234,1.4686,1.46887,1.00,1.00
2015.10.14 12:43:47.743,1.46859,1.46886,1.00,1.00
2015.10.14 12:43:48.256,1.46856,1.46885,2.25,1.00
2015.10.14 12:43:48.562,1.46856,1.46883,1.00,1.00
2015.10.14 12:43:48.823,1.46854,1.46883,1.00,1.00
2015.10.14 12:43:49.129,1.46853,1.46881,1.00,1.00
2015.10.14 12:43:49.674,1.46854,1.46881,1.00,1.00
2015.10.14 12:43:50.571,1.46852,1.46882,1.00,1.00
2015.10.14 12:43:51.075,1.46853,1.46882,1.00,1.00
2015.10.14 12:43:51.358,1.46855,1.46882,1.00,1.00
2015.10.14 12:43:51.665,1.46854,1.46878,1.00,1.75
2015.10.14 12:43:51.869,1.46851,1.4688,1.50,1.50
2015.10.14 12:43:51.973,1.46856,1.46883,1.00,1.75
2015.10.14 12:43:52.232,1.46852,1.46882,1.00,1.75
2015.10.14 12:43:52.437,1.46854,1.46881,1.00,2.25
2015.10.14 12:43:52.939,1.46853,1.46881,1.00,2.25
2015.10.14 12:43:53.338,1.46851,1.46881,1.00,2.25
2015.10.14 12:43:53.440,1.46851,1.46878,1.00,1.37
2015.10.14 12:43:53.946,1.46851,1.46878,1.00,1.75
2015.10.14 12:43:54.472,1.46852,1.4688,1.00,1.75
2015.10.14 12:43:54.722,1.4685,1.46878,1.00,1.75
2015.10.14 12:43:55.407,1.46848,1.46878,1.00,1.75
2015.10.14 12:43:55.628,1.4685,1.46878,1.00,1.75
2015.10.14 12:43:55.681,1.46848,1.46878,1.00,1.75
2015.10.14 12:43:55.733,1.46854,1.4688,1.00,1.75
2015.10.14 12:43:55.786,1.46854,1.4688,1.00,1.50
2015.10.14 12:43:55.838,1.46849,1.46876,1.37,1.37
2015.10.14 12:43:55.943,1.46845,1.46872,1.37,1.75
2015.10.14 12:43:56.046,1.46844,1.46872,1.00,3.00
2015.10.14 12:43:56.097,1.46842,1.46864,1.87,1.00
2015.10.14 12:43:56.251,1.46842,1.4687,1.50,2.25
2015.10.14 12:43:56.457,1.46838,1.4686,1.00,1.00
2015.10.14 12:43:56.665,1.46846,1.46869,1.00,1.75
2015.10.14 12:43:56.975,1.46849,1.46874,1.00,1.75
2015.10.14 12:43:57.078,1.46851,1.46875,1.00,2.25
2015.10.14 12:43:57.180,1.46853,1.46876,1.00,1.50
2015.10.14 12:43:57.384,1.46856,1.46876,1.00,1.00
2015.10.14 12:43:57.854,1.46856,1.46878,1.00,1.75
2015.10.14 12:43:58.111,1.4685,1.46879,1.50,2.25
2015.10.14 12:43:58.213,1.46848,1.46877,1.50,1.75
2015.10.14 12:43:58.315,1.46851,1.46877,1.00,1.75
2015.10.14 12:43:58.829,1.4685,1.46877,1.00,1.75
2015.10.14 12:43:59.342,1.46851,1.46878,1.00,1.75
2015.10.14 12:44:00.599,1.46856,1.46879,1.00,2.25
2015.10.14 12:44:00.907,1.46851,1.46876,1.50,2.25
2015.10.14 12:44:01.065,1.46855,1.46876,1.00,2.25
2015.10.14 12:44:01.575,1.46856,1.46876,1.00,2.25
2015.10.14 12:44:01.678,1.46856,1.46879,1.00,2.25
2015.10.14 12:44:02.253,1.46855,1.46879,1.00,2.25
2015.10.14 12:44:02.775,1.46856,1.46879,1.00,2.25
2015.10.14 12:44:03.352,1.46861,1.46879,1.00,2.25
2015.10.14 12:44:03.454,1.46856,1.46879,1.00,2.25
2015.10.14 12:44:03.783,1.4686,1.46879,1.00,2.25
2015.10.14 12:44:04.406,1.46857,1.46879,1.00,2.25
2015.10.14 12:44:05.816,1.46856,1.46879,1.00,2.25
2015.10.14 12:44:06.677,1.46855,1.46879,1.00,2.25
2015.10.14 12:44:07.193,1.46856,1.46876,1.00,1.75
2015.10.14 12:44:07.245,1.46851,1.46876,1.37,1.75
2015.10.14 12:44:07.297,1.46851,1.46875,1.12,3.00
2015.10.14 12:44:07.810,1.4685,1.46875,1.00,1.75
2015.10.14 12:44:08.066,1.46851,1.46876,1.00,1.75
2015.10.14 12:44:08.580,1.46851,1.46877,1.00,2.25
2015.10.14 12:44:09.221,1.4685,1.46877,1.00,3.00
2015.10.14 12:44:09.409,1.4685,1.46877,1.00,2.25
2015.10.14 12:44:09.461,1.4686,1.46877,1.00,1.75
2015.10.14 12:44:09.513,1.4686,1.46878,1.00,1.00
2015.10.14 12:44:09.870,1.46855,1.46878,1.00,1.00
2015.10.14 12:44:10.410,1.46856,1.46878,1.00,1.00
2015.10.14 12:44:10.965,1.46855,1.46878,1.00,1.00
2015.10.14 12:44:11.342,1.46851,1.46878,1.87,1.00
2015.10.14 12:44:11.444,1.46855,1.46878,1.00,1.00
2015.10.14 12:44:11.954,1.46855,1.46878,1.50,1.00
2015.10.14 12:44:12.341,1.46866,1.46885,1.00,1.00
2015.10.14 12:44:12.394,1.4687,1.46898,1.37,1.12
2015.10.14 12:44:12.547,1.46873,1.46901,1.00,1.50
2015.10.14 12:44:13.057,1.46875,1.46901,1.00,1.00
2015.10.14 12:44:13.981,1.46881,1.46901,1.00,1.00
2015.10.14 12:44:14.084,1.46881,1.46907,1.00,1.50
2015.10.14 12:44:14.136,1.46881,1.46907,1.00,1.50
2015.10.14 12:44:14.549,1.46881,1.46902,1.00,1.75
2015.10.14 12:44:14.608,1.46876,1.46897,1.00,1.00
2015.10.14 12:44:14.710,1.46881,1.469,1.00,3.00
2015.10.14 12:44:14.813,1.46876,1.469,1.00,3.00
2015.10.14 12:44:14.967,1.4687,1.469,1.00,3.00
2015.10.14 12:44:15.221,1.46871,1.46897,1.00,2.25
2015.10.14 12:44:15.273,1.46867,1.46896,1.00,1.75
2015.10.14 12:44:15.556,1.46865,1.46894,1.50,1.75
2015.10.14 12:44:16.070,1.46866,1.46895,1.00,1.75
2015.10.14 12:44:16.325,1.46867,1.46894,1.00,1.75
2015.10.14 12:44:16.377,1.46865,1.46893,1.12,1.50
2015.10.14 12:44:16.725,1.46861,1.46888,1.37,1.00
2015.10.14 12:44:17.031,1.46859,1.46887,1.00,2.25
2015.10.14 12:44:17.134,1.46856,1.46882,1.00,1.50
2015.10.14 12:44:17.548,1.46854,1.46881,1.00,1.12
2015.10.14 12:44:17.854,1.46854,1.46881,1.37,1.00
2015.10.14 12:44:17.906,1.46857,1.46886,1.00,1.75
2015.10.14 12:44:18.160,1.46861,1.46887,1.00,1.75
2015.10.14 12:44:18.619,1.46866,1.46888,1.00,1.00
2015.10.14 12:44:18.926,1.46861,1.46891,1.00,1.75
2015.10.14 12:44:19.131,1.46863,1.4689,1.00,1.75
2015.10.14 12:44:19.642,1.46862,1.46889,1.00,1.75
2015.10.14 12:44:19.969,1.46861,1.46888,1.00,1.75
2015.10.14 12:44:20.020,1.46859,1.46887,1.00,1.75
2015.10.14 12:44:21.859,1.46857,1.46887,1.00,1.75
2015.10.14 12:44:22.013,1.46855,1.46885,1.00,1.75
2015.10.14 12:44:23.174,1.46854,1.46881,1.12,1.12
2015.10.14 12:44:23.877,1.46855,1.46881,1.00,1.12
2015.10.14 12:44:24.185,1.46857,1.46885,1.00,1.75
2015.10.14 12:44:24.491,1.46857,1.46883,1.00,2.25
2015.10.14 12:44:24.542,1.46857,1.46883,1.00,1.50
2015.10.14 12:44:24.645,1.46857,1.46883,1.00,1.12
2015.10.14 12:44:24.959,1.4686,1.46886,1.00,1.75
2015.10.14 12:44:25.367,1.46865,1.4689,1.00,1.75
2015.10.14 12:44:25.418,1.46865,1.4689,1.00,1.75
2015.10.14 12:44:25.528,1.46866,1.46893,1.00,1.75
2015.10.14 12:44:25.735,1.4687,1.46897,1.00,3.00
2015.10.14 12:44:25.839,1.4687,1.46893,1.00,1.00
2015.10.14 12:44:26.348,1.46871,1.46893,1.00,1.00
2015.10.14 12:44:26.451,1.46871,1.46894,1.00,1.75
2015.10.14 12:44:26.604,1.46865,1.46894,2.25,1.75
2015.10.14 12:44:27.139,1.46864,1.46891,1.00,1.37
2015.10.14 12:44:27.191,1.46864,1.46891,1.00,1.37
2015.10.14 12:44:27.295,1.46862,1.46888,1.00,1.75
2015.10.14 12:44:27.804,1.46861,1.46888,1.50,1.75
2015.10.14 12:44:27.907,1.46861,1.46883,1.00,1.00
2015.10.14 12:44:28.171,1.46857,1.46884,1.00,1.50
2015.10.14 12:44:28.222,1.46857,1.46884,1.00,1.12
2015.10.14 12:44:28.273,1.4686,1.46889,1.00,1.75
2015.10.14 12:44:28.580,1.46866,1.46891,1.00,2.25
2015.10.14 12:44:28.786,1.46861,1.46887,1.50,1.75
2015.10.14 12:44:28.888,1.46861,1.46885,1.00,2.25
2015.10.14 12:44:29.042,1.46862,1.46889,1.00,1.75
2015.10.14 12:44:29.321,1.46865,1.46891,1.00,2.25
2015.10.14 12:44:29.576,1.46862,1.4689,1.00,1.75
2015.10.14 12:44:29.990,1.46862,1.46887,1.00,2.25
2015.10.14 12:44:30.042,1.4686,1.46887,1.00,3.00
2015.10.14 12:44:30.763,1.46858,1.46887,1.00,3.00
2015.10.14 12:44:31.326,1.4686,1.46886,1.00,1.75
2015.10.14 12:44:32.977,1.46859,1.46887,1.00,2.25
2015.10.14 12:44:33.655,1.46861,1.46887,1.00,2.25
2015.10.14 12:44:33.757,1.46859,1.46887,1.00,2.25
2015.10.14 12:44:33.961,1.4686,1.46886,1.00,1.75
2015.10.14 12:44:34.265,1.46861,1.46887,1.00,1.12
2015.10.14 12:44:34.625,1.4686,1.46885,1.00,1.00
2015.10.14 12:44:35.134,1.4686,1.46886,1.00,1.00
2015.10.14 12:44:35.449,1.46858,1.46886,1.00,1.75
2015.10.14 12:44:35.908,1.46858,1.46884,1.00,1.75
2015.10.14 12:44:36.468,1.46856,1.46882,1.00,1.75
2015.10.14 12:44:36.673,1.46857,1.46883,1.00,1.37
2015.10.14 12:44:36.928,1.46854,1.46882,1.87,1.12
2015.10.14 12:44:36.979,1.46854,1.46882,1.50,1.37
2015.10.14 12:44:37.285,1.4685,1.46876,1.75,1.50
2015.10.14 12:44:37.691,1.46858,1.46876,1.00,1.00
2015.10.14 12:44:37.845,1.46858,1.46882,1.00,1.00
2015.10.14 12:44:38.379,1.46857,1.46882,1.00,1.00
2015.10.14 12:44:38.574,1.46856,1.46882,1.00,1.50
2015.10.14 12:44:39.281,1.46855,1.46882,1.12,1.75
2015.10.14 12:44:39.809,1.46856,1.46882,1.00,1.75
2015.10.14 12:44:40.227,1.46854,1.46882,1.00,1.75
2015.10.14 12:44:40.737,1.46854,1.46882,1.00,1.50
2015.10.14 12:44:40.947,1.46854,1.4688,1.00,1.00
2015.10.14 12:44:41.493,1.46854,1.46881,1.00,1.00
2015.10.14 12:44:41.596,1.46854,1.46881,1.00,1.37
2015.10.14 12:44:42.006,1.46861,1.46875,1.50,1.00
2015.10.14 12:44:42.059,1.46861,1.46886,1.50,1.00
2015.10.14 12:44:42.110,1.46866,1.46888,1.50,1.00
2015.10.14 12:44:42.161,1.46866,1.46891,1.50,1.50
2015.10.14 12:44:43.049,1.46865,1.46889,1.00,1.37
2015.10.14 12:44:43.101,1.46862,1.46888,1.00,1.00
2015.10.14 12:44:43.203,1.46864,1.46889,1.00,1.75
2015.10.14 12:44:43.712,1.46865,1.4689,1.00,1.75
2015.10.14 12:44:44.258,1.46864,1.46889,1.00,1.00
2015.10.14 12:44:44.310,1.46866,1.46889,1.00,1.00
2015.10.14 12:44:45.231,1.46865,1.46889,1.00,1.00
2015.10.14 12:44:45.944,1.46864,1.46889,1.00,1.00
2015.10.14 12:44:46.514,1.46863,1.46889,1.50,1.50
2015.10.14 12:44:46.821,1.46866,1.46888,1.00,1.12
2015.10.14 12:44:47.128,1.4686,1.46885,1.00,1.00
2015.10.14 12:44:47.179,1.4686,1.46883,1.00,1.37
2015.10.14 12:44:47.496,1.46856,1.46882,1.00,1.50
2015.10.14 12:44:47.650,1.46853,1.46881,2.62,1.00
2015.10.14 12:44:48.058,1.46857,1.46882,1.00,1.00
2015.10.14 12:44:48.465,1.46857,1.46885,1.00,1.50
2015.10.14 12:44:48.518,1.46856,1.46882,2.25,1.00
2015.10.14 12:44:48.722,1.46856,1.46884,1.00,1.00
2015.10.14 12:44:50.346,1.46856,1.46883,2.25,1.00
2015.10.14 12:44:50.915,1.46861,1.46885,1.00,1.00
2015.10.14 12:44:51.221,1.46861,1.46888,1.00,1.00
2015.10.14 12:44:51.924,1.4686,1.46888,2.25,1.00
2015.10.14 12:44:52.130,1.46862,1.46888,1.00,1.00
2015.10.14 12:44:53.119,1.46861,1.46889,1.00,2.25
2015.10.14 12:44:53.647,1.46863,1.46889,1.00,1.75
2015.10.14 12:44:53.749,1.46863,1.46892,1.00,2.25
2015.10.14 12:44:53.802,1.46866,1.46892,1.00,2.25
2015.10.14 12:44:53.956,1.46866,1.46893,1.87,1.00
2015.10.14 12:44:54.007,1.46869,1.46898,1.00,1.75
2015.10.14 12:44:54.263,1.4687,1.46899,1.50,1.50
2015.10.14 12:44:54.473,1.4687,1.46897,1.00,1.50
2015.10.14 12:44:54.987,1.46869,1.46897,1.00,1.50
2015.10.14 12:44:55.468,1.46867,1.46897,1.00,1.75
2015.10.14 12:44:55.878,1.46869,1.46898,1.00,1.75
2015.10.14 12:44:56.387,1.46868,1.46898,1.00,1.75
2015.10.14 12:44:56.693,1.4687,1.46898,1.00,1.75
2015.10.14 12:44:56.744,1.46869,1.46897,1.12,1.50
2015.10.14 12:44:57.509,1.4687,1.469,1.00,2.25
2015.10.14 12:44:57.857,1.46873,1.469,1.00,1.75
2015.10.14 12:44:58.380,1.46874,1.469,1.00,1.75
2015.10.14 12:44:58.738,1.46872,1.469,1.00,2.25
2015.10.14 12:44:59.148,1.46869,1.46896,1.12,1.12
2015.10.14 12:45:00.253,1.46871,1.46898,1.00,1.75
2015.10.14 12:45:00.560,1.46873,1.46901,1.00,1.75
2015.10.14 12:45:01.033,1.46869,1.46898,1.12,1.75
2015.10.14 12:45:01.239,1.46869,1.46898,1.75,1.00
2015.10.14 12:45:01.549,1.46864,1.46889,1.50,1.00
2015.10.14 12:45:01.969,1.46867,1.46889,1.00,1.00
2015.10.14 12:45:02.174,1.46865,1.46889,1.00,1.00
2015.10.14 12:45:02.329,1.46861,1.46889,1.00,1.50
2015.10.14 12:45:02.431,1.46858,1.46888,1.00,1.75
2015.10.14 12:45:02.483,1.46858,1.46888,1.00,1.75
2015.10.14 12:45:02.636,1.46856,1.46886,1.87,2.25
2015.10.14 12:45:03.185,1.46857,1.46886,1.00,1.75
2015.10.14 12:45:03.237,1.46857,1.46886,1.00,1.75
2015.10.14 12:45:03.390,1.46856,1.46884,1.12,1.87
2015.10.14 12:45:03.493,1.46858,1.46885,1.00,1.75
2015.10.14 12:45:04.006,1.46859,1.46887,1.00,1.75
2015.10.14 12:45:04.528,1.4686,1.46887,1.00,1.75
2015.10.14 12:45:07.932,1.46859,1.46887,1.00,1.75
2015.10.14 12:45:08.453,1.46857,1.46887,1.50,1.75
2015.10.14 12:45:10.841,1.46856,1.46883,1.50,1.75
2015.10.14 12:45:12.259,1.46857,1.46884,1.00,1.75
2015.10.14 12:45:12.668,1.46855,1.46885,1.00,1.75
2015.10.14 12:45:13.112,1.46858,1.46883,1.00,1.75
2015.10.14 12:45:13.214,1.46852,1.46882,1.12,1.75
2015.10.14 12:45:13.459,1.46852,1.46879,1.00,1.37
2015.10.14 12:45:13.614,1.46843,1.46869,1.00,1.00
2015.10.14 12:45:13.767,1.46842,1.46872,1.50,1.00
2015.10.14 12:45:14.074,1.46841,1.46869,2.62,1.00
2015.10.14 12:45:14.379,1.46842,1.46867,1.00,1.00
2015.10.14 12:45:14.945,1.46842,1.46868,1.00,1.00
2015.10.14 12:45:16.835,1.4684,1.4687,1.87,1.00
2015.10.14 12:45:17.140,1.46845,1.46869,1.00,1.00
2015.10.14 12:45:17.486,1.46846,1.46871,1.00,1.00
2015.10.14 12:45:17.589,1.46846,1.46873,1.00,1.00
2015.10.14 12:45:17.946,1.46846,1.46868,1.00,1.00
2015.10.14 12:45:18.424,1.4684,1.46868,1.87,1.00
2015.10.14 12:45:18.475,1.46842,1.46869,1.00,1.00
2015.10.14 12:45:18.806,1.46842,1.46872,1.00,1.00
2015.10.14 12:45:19.653,1.46841,1.46871,1.50,1.00
2015.10.14 12:45:19.705,1.46841,1.46869,1.87,1.00
2015.10.14 12:45:20.013,1.46846,1.46867,1.00,1.00
2015.10.14 12:45:20.115,1.4684,1.46867,1.87,1.00
2015.10.14 12:45:20.830,1.4684,1.46867,1.87,1.00
2015.10.14 12:45:21.136,1.46841,1.46869,1.12,1.00
2015.10.14 12:45:21.188,1.46845,1.46869,1.00,1.00
2015.10.14 12:45:21.239,1.46845,1.46873,1.50,1.37
2015.10.14 12:45:21.341,1.46847,1.46874,1.00,1.37
2015.10.14 12:45:21.443,1.4685,1.46876,1.00,1.00
2015.10.14 12:45:21.647,1.46852,1.46876,1.00,1.00
2015.10.14 12:45:21.957,1.46853,1.4688,1.00,1.00
2015.10.14 12:45:22.880,1.46851,1.46879,1.50,1.00
2015.10.14 12:45:23.415,1.46852,1.4688,1.00,1.00
2015.10.14 12:45:23.517,1.4685,1.4688,1.50,1.00
2015.10.14 12:45:23.721,1.4685,1.4688,1.50,1.37
2015.10.14 12:45:24.045,1.46855,1.4688,1.00,1.12
2015.10.14 12:45:24.439,1.46853,1.4688,1.00,1.87
2015.10.14 12:45:24.491,1.46851,1.46879,1.00,2.25
2015.10.14 12:45:24.850,1.46851,1.46879,1.00,2.25
2015.10.14 12:45:25.259,1.46851,1.46875,1.00,1.00
2015.10.14 12:45:25.700,1.46856,1.46875,1.00,1.00
2015.10.14 12:45:25.853,1.4685,1.46875,1.87,1.00
2015.10.14 12:45:26.058,1.46851,1.46878,1.00,1.50
2015.10.14 12:45:26.161,1.46851,1.46877,1.00,1.75
2015.10.14 12:45:27.233,1.46849,1.46876,1.00,1.50
2015.10.14 12:45:27.357,1.46851,1.46876,1.00,1.50
2015.10.14 12:45:28.493,1.46847,1.46876,1.50,1.50
2015.10.14 12:45:28.545,1.46847,1.46876,1.00,1.75
2015.10.14 12:45:29.011,1.46845,1.46868,1.12,1.00
2015.10.14 12:45:29.317,1.46845,1.46866,1.12,1.00
2015.10.14 12:45:29.471,1.46843,1.46868,1.12,1.00
2015.10.14 12:45:29.523,1.46841,1.46868,1.37,1.00
2015.10.14 12:45:30.157,1.46851,1.46868,1.00,1.00
2015.10.14 12:45:30.212,1.46851,1.46878,1.50,2.25
2015.10.14 12:45:30.264,1.46856,1.46881,1.00,1.00
2015.10.14 12:45:30.468,1.4686,1.46887,1.00,1.37
2015.10.14 12:45:30.571,1.46863,1.46889,1.00,1.87
2015.10.14 12:45:31.082,1.46864,1.46891,1.00,1.75
2015.10.14 12:45:32.243,1.46863,1.4689,1.00,1.75
2015.10.14 12:45:32.776,1.46864,1.46891,1.00,1.75
2015.10.14 12:45:33.341,1.46866,1.46892,1.00,1.75
2015.10.14 12:45:33.392,1.46866,1.46892,1.00,1.75
2015.10.14 12:45:33.924,1.46865,1.46892,1.00,1.75
2015.10.14 12:45:34.439,1.46866,1.46893,1.00,1.75
2015.10.14 12:45:34.644,1.46865,1.46889,1.00,1.37
2015.10.14 12:45:34.916,1.46861,1.46888,1.37,1.37
2015.10.14 12:45:35.951,1.4686,1.46885,1.00,1.00
2015.10.14 12:45:36.208,1.46863,1.46885,1.00,1.00
2015.10.14 12:45:36.515,1.46859,1.46884,1.00,1.75
2015.10.14 12:45:37.023,1.46856,1.46879,1.75,1.37
2015.10.14 12:45:37.588,1.46856,1.46881,1.37,1.12
2015.10.14 12:45:37.741,1.46855,1.4688,1.00,1.12
2015.10.14 12:45:37.946,1.46845,1.46875,3.37,1.50
2015.10.14 12:45:38.000,1.46845,1.46875,1.12,1.50
2015.10.14 12:45:38.103,1.46845,1.46873,1.00,1.50
2015.10.14 12:45:38.307,1.46847,1.46875,1.00,1.37
2015.10.14 12:45:38.360,1.46847,1.46875,1.37,1.00
2015.10.14 12:45:38.668,1.46853,1.46881,1.00,1.75
2015.10.14 12:45:39.180,1.46852,1.46878,1.00,1.12
2015.10.14 12:45:39.388,1.4685,1.46877,1.12,1.00
2015.10.14 12:45:39.491,1.46846,1.46875,1.87,1.37
2015.10.14 12:45:39.866,1.4685,1.46876,1.00,1.00
2015.10.14 12:45:40.376,1.46848,1.46875,1.00,1.00
2015.10.14 12:45:40.427,1.46851,1.46875,1.00,1.00
2015.10.14 12:45:40.479,1.46847,1.46874,1.00,1.00
2015.10.14 12:45:40.583,1.46849,1.46877,1.75,1.50
2015.10.14 12:45:40.931,1.46849,1.46876,1.37,1.00
2015.10.14 12:45:40.983,1.46849,1.46876,1.00,1.00
2015.10.14 12:45:41.136,1.46847,1.46874,1.50,1.00
2015.10.14 12:45:41.443,1.46853,1.46881,1.00,1.75
2015.10.14 12:45:41.597,1.46855,1.46882,1.00,1.75
2015.10.14 12:45:41.854,1.46852,1.4688,1.12,1.37
2015.10.14 12:45:41.906,1.46855,1.4688,1.00,1.37
2015.10.14 12:45:42.059,1.46861,1.46888,1.00,1.37
2015.10.14 12:45:42.111,1.46856,1.46883,1.50,1.12
2015.10.14 12:45:42.213,1.46856,1.46883,1.12,1.12
2015.10.14 12:45:42.316,1.46856,1.46882,1.00,1.37
2015.10.14 12:45:42.418,1.46851,1.46875,1.00,1.12
2015.10.14 12:45:42.521,1.46847,1.46874,1.50,1.00
2015.10.14 12:45:42.674,1.46847,1.46868,1.50,1.00
2015.10.14 12:45:42.828,1.46848,1.46873,1.00,1.00
2015.10.14 12:45:42.880,1.46847,1.46874,2.25,1.00
2015.10.14 12:45:43.135,1.46851,1.46877,1.00,1.00
2015.10.14 12:45:43.339,1.46853,1.46881,1.37,1.12
2015.10.14 12:45:43.646,1.46858,1.46884,1.00,1.50
2015.10.14 12:45:43.859,1.46856,1.46883,1.00,1.12
2015.10.14 12:45:44.370,1.46855,1.46883,1.12,1.12
2015.10.14 12:45:45.127,1.46853,1.46883,1.12,1.75
2015.10.14 12:45:45.433,1.46851,1.46878,1.12,1.00
2015.10.14 12:45:45.739,1.46849,1.46878,1.75,1.75
2015.10.14 12:45:46.499,1.46849,1.46878,1.00,2.25
2015.10.14 12:45:46.964,1.46847,1.46875,1.00,1.50
2015.10.14 12:45:47.973,1.46848,1.46875,1.00,1.50
2015.10.14 12:45:48.543,1.46847,1.46874,1.00,1.12
2015.10.14 12:45:48.997,1.46845,1.46875,1.12,2.25
2015.10.14 12:45:49.496,1.46847,1.46874,1.00,1.12
2015.10.14 12:45:50.215,1.46848,1.46875,1.00,1.50
2015.10.14 12:45:50.572,1.46845,1.46872,1.87,1.00
2015.10.14 12:45:50.827,1.46846,1.46875,1.50,1.75
2015.10.14 12:45:50.929,1.46851,1.46877,1.00,1.00
2015.10.14 12:45:51.032,1.46859,1.46883,1.00,1.37
2015.10.14 12:45:51.083,1.46859,1.46886,1.00,1.50
2015.10.14 12:45:51.135,1.46862,1.46888,1.00,1.37
2015.10.14 12:45:51.359,1.46863,1.4689,1.00,1.00
2015.10.14 12:45:51.462,1.46866,1.46893,1.00,2.62
2015.10.14 12:45:51.820,1.46868,1.46895,1.00,1.75
2015.10.14 12:45:52.339,1.46869,1.46896,1.00,1.75
2015.10.14 12:45:53.481,1.46871,1.46896,1.00,1.75
2015.10.14 12:45:53.821,1.46873,1.46893,1.00,1.37
2015.10.14 12:45:53.873,1.46871,1.46896,1.00,2.25
2015.10.14 12:45:53.924,1.46871,1.46898,1.00,1.87
2015.10.14 12:45:54.129,1.46868,1.46898,1.00,1.87
2015.10.14 12:45:54.231,1.46871,1.46898,1.00,1.87
2015.10.14 12:45:54.333,1.46869,1.46897,1.00,1.75
2015.10.14 12:45:54.840,1.46868,1.46897,1.00,2.25
2015.10.14 12:45:55.107,1.46871,1.46896,1.00,1.50
2015.10.14 12:45:55.792,1.46873,1.46899,1.00,2.62
2015.10.14 12:45:56.133,1.46871,1.46897,1.00,1.75
2015.10.14 12:45:56.666,1.4687,1.46895,1.00,1.37
2015.10.14 12:45:57.336,1.46873,1.46899,1.00,3.00
2015.10.14 12:45:58.530,1.46872,1.46899,1.00,1.50
2015.10.14 12:45:58.834,1.46872,1.46898,1.00,1.75
2015.10.14 12:45:59.381,1.46872,1.46895,1.00,1.00
2015.10.14 12:45:59.924,1.46871,1.46895,1.00,1.00
2015.10.14 12:46:00.250,1.46869,1.46894,1.00,1.75
2015.10.14 12:46:00.843,1.46867,1.46894,1.00,1.75
2015.10.14 12:46:00.894,1.46867,1.46889,1.00,1.00
2015.10.14 12:46:00.946,1.46864,1.46889,1.00,1.37
2015.10.14 12:46:01.099,1.4686,1.46886,1.12,1.50
2015.10.14 12:46:01.297,1.46864,1.46886,1.00,1.00
2015.10.14 12:46:01.605,1.46867,1.46889,1.00,1.37
2015.10.14 12:46:01.657,1.46867,1.46889,1.00,1.00
2015.10.14 12:46:02.166,1.46868,1.46895,1.00,1.75
2015.10.14 12:46:02.721,1.46869,1.46895,1.00,1.75
2015.10.14 12:46:03.824,1.46871,1.46895,1.00,1.75
2015.10.14 12:46:04.493,1.4687,1.46895,1.00,1.75
2015.10.14 12:46:05.351,1.46869,1.46895,1.00,2.25
2015.10.14 12:46:06.465,1.46867,1.46895,1.00,1.75
2015.10.14 12:46:07.033,1.46866,1.46895,1.00,2.25
2015.10.14 12:46:07.544,1.46867,1.46894,1.00,1.12
2015.10.14 12:46:08.455,1.46866,1.46893,1.00,1.75
2015.10.14 12:46:08.506,1.46866,1.46893,1.00,1.75
2015.10.14 12:46:08.558,1.46859,1.46886,1.50,1.00
2015.10.14 12:46:08.660,1.46857,1.46884,1.37,1.37
2015.10.14 12:46:08.956,1.46857,1.46885,1.00,1.75
2015.10.14 12:46:09.009,1.46859,1.46887,1.00,2.25
2015.10.14 12:46:09.524,1.46858,1.46885,1.00,2.25
2015.10.14 12:46:09.830,1.46856,1.46884,1.00,1.75
2015.10.14 12:46:10.194,1.46854,1.46882,1.00,1.75
2015.10.14 12:46:10.552,1.46855,1.46883,1.00,1.50
2015.10.14 12:46:11.647,1.46853,1.46881,1.37,1.12
2015.10.14 12:46:12.412,1.46855,1.46884,1.00,1.75
2015.10.14 12:46:12.514,1.46857,1.46886,1.00,2.62
2015.10.14 12:46:12.823,1.46854,1.46882,1.12,1.37
2015.10.14 12:46:13.334,1.46855,1.46882,1.50,1.37
2015.10.14 12:46:13.861,1.46852,1.46876,1.50,1.00
2015.10.14 12:46:13.912,1.46849,1.46876,1.37,1.37
2015.10.14 12:46:13.964,1.46849,1.46875,1.00,1.12
2015.10.14 12:46:14.269,1.46846,1.46873,1.75,1.00
2015.10.14 12:46:14.790,1.46845,1.46872,1.50,1.00
2015.10.14 12:46:16.142,1.46847,1.46873,1.12,1.00
2015.10.14 12:46:16.706,1.46846,1.46872,1.87,1.00
2015.10.14 12:46:16.925,1.46848,1.46875,1.00,1.12
2015.10.14 12:46:17.238,1.46852,1.4688,1.00,1.87
2015.10.14 12:46:17.289,1.46852,1.4688,1.12,1.87
2015.10.14 12:46:17.340,1.46853,1.4688,1.00,1.37
2015.10.14 12:46:17.443,1.46856,1.4688,1.00,1.37
2015.10.14 12:46:17.749,1.46851,1.4688,2.25,1.50
2015.10.14 12:46:17.902,1.46851,1.46879,1.12,1.37
2015.10.14 12:46:18.324,1.46849,1.46876,1.50,1.12
2015.10.14 12:46:19.116,1.46847,1.46876,1.50,1.12
2015.10.14 12:46:19.283,1.46852,1.4688,1.00,1.75
2015.10.14 12:46:19.386,1.46854,1.46882,1.50,1.75
2015.10.14 12:46:19.541,1.46856,1.46882,1.00,1.75
2015.10.14 12:46:19.990,1.46854,1.46882,1.50,1.75
2015.10.14 12:46:20.659,1.46855,1.46883,1.00,1.75
2015.10.14 12:46:22.857,1.46853,1.46882,1.12,1.75
2015.10.14 12:46:23.370,1.46854,1.46883,1.00,1.75
2015.10.14 12:46:23.890,1.46855,1.46882,1.00,1.75
2015.10.14 12:46:24.413,1.46856,1.46881,1.00,1.50
2015.10.14 12:46:24.566,1.4685,1.46877,1.00,1.00
2015.10.14 12:46:25.079,1.46849,1.46875,1.50,1.00
2015.10.14 12:46:26.506,1.4685,1.46876,1.00,1.00
2015.10.14 12:46:27.229,1.4685,1.46876,1.00,1.37
2015.10.14 12:46:27.280,1.46848,1.46876,1.00,1.75
2015.10.14 12:46:27.484,1.4685,1.46874,1.00,1.50
2015.10.14 12:46:27.675,1.46847,1.46875,1.00,1.87
2015.10.14 12:46:28.153,1.46845,1.46872,1.00,1.00
2015.10.14 12:46:28.255,1.46845,1.46872,1.50,1.37
2015.10.14 12:46:28.458,1.46843,1.46871,1.00,1.75
2015.10.14 12:46:28.795,1.46841,1.46867,1.87,1.00
2015.10.14 12:46:29.356,1.46841,1.46867,1.50,1.37
2015.10.14 12:46:29.459,1.46839,1.46867,1.00,1.75
2015.10.14 12:46:29.510,1.46841,1.46867,1.00,1.75
2015.10.14 12:46:29.823,1.46843,1.4687,1.00,1.75
2015.10.14 12:46:29.976,1.46845,1.46871,1.00,1.75
2015.10.14 12:46:30.080,1.46846,1.46873,1.00,1.50
2015.10.14 12:46:30.131,1.46848,1.46873,1.00,1.00
2015.10.14 12:46:31.304,1.46845,1.46873,1.00,1.00
2015.10.14 12:46:31.457,1.46849,1.46873,1.00,1.00
2015.10.14 12:46:31.712,1.4685,1.46878,1.00,2.25
2015.10.14 12:46:31.764,1.46853,1.46879,1.00,1.75
2015.10.14 12:46:32.078,1.46855,1.46881,1.00,1.37
2015.10.14 12:46:32.435,1.46857,1.46883,1.00,1.50
2015.10.14 12:46:32.486,1.46857,1.46883,1.00,1.12
2015.10.14 12:46:33.059,1.46855,1.46883,1.50,1.12
2015.10.14 12:46:33.113,1.46859,1.46884,1.00,1.50
2015.10.14 12:46:33.419,1.46857,1.46884,1.00,1.50
2015.10.14 12:46:34.108,1.46853,1.46883,1.00,1.75
2015.10.14 12:46:34.162,1.4685,1.46878,1.87,1.37
2015.10.14 12:46:34.470,1.46849,1.46875,1.00,1.00
2015.10.14 12:46:34.725,1.4685,1.46877,1.00,1.00
2015.10.14 12:46:35.262,1.46851,1.46877,1.00,1.50
2015.10.14 12:46:37.911,1.46853,1.46877,1.00,1.00
2015.10.14 12:46:38.421,1.46852,1.46877,1.00,1.00
2015.10.14 12:46:39.054,1.46856,1.46882,1.00,1.75
2015.10.14 12:46:39.310,1.46858,1.46882,1.00,1.12
2015.10.14 12:46:39.821,1.46857,1.46884,1.00,1.50
2015.10.14 12:46:40.016,1.4686,1.46888,1.00,1.75
2015.10.14 12:46:40.074,1.46862,1.46888,1.00,1.75
2015.10.14 12:46:40.584,1.46859,1.46886,1.12,1.12
2015.10.14 12:46:41.245,1.4686,1.46886,1.00,1.12
2015.10.14 12:46:41.756,1.46861,1.46889,1.00,1.75
2015.10.14 12:46:42.420,1.46859,1.46887,1.12,1.50
2015.10.14 12:46:42.472,1.46861,1.46887,1.00,1.50
2015.10.14 12:46:42.626,1.46859,1.46887,1.12,1.50
2015.10.14 12:46:42.678,1.46861,1.46887,1.00,1.50
2015.10.14 12:46:43.188,1.46865,1.46891,1.00,1.75
2015.10.14 12:46:43.695,1.46866,1.46892,1.00,1.75
2015.10.14 12:46:43.747,1.46864,1.4689,1.00,1.75
2015.10.14 12:46:43.850,1.46862,1.4689,1.00,1.75
2015.10.14 12:46:44.976,1.46861,1.46887,1.00,1.50
2015.10.14 12:46:45.384,1.46864,1.4689,1.00,1.75
2015.10.14 12:46:45.897,1.46865,1.46891,1.00,1.75
2015.10.14 12:46:45.948,1.46863,1.46891,1.00,1.75
2015.10.14 12:46:46.958,1.46862,1.46888,1.00,1.75
2015.10.14 12:46:47.163,1.46864,1.4689,1.00,1.75
2015.10.14 12:46:47.675,1.46863,1.46889,1.00,1.75
2015.10.14 12:46:48.258,1.46864,1.4689,1.00,1.75
2015.10.14 12:46:48.361,1.4686,1.46888,1.00,1.75
2015.10.14 12:46:48.902,1.46859,1.46886,1.12,1.12
2015.10.14 12:46:50.549,1.4686,1.46886,1.00,1.12
2015.10.14 12:46:51.074,1.46861,1.46887,1.12,1.00
2015.10.14 12:46:53.053,1.46862,1.46888,1.00,1.00
2015.10.14 12:46:54.098,1.46861,1.46887,1.12,1.00
2015.10.14 12:46:54.694,1.46862,1.46888,1.00,1.00
2015.10.14 12:46:56.271,1.46863,1.46889,1.00,1.00
2015.10.14 12:46:57.165,1.4686,1.46888,1.50,1.00
2015.10.14 12:46:57.522,1.46863,1.46889,1.00,1.00
2015.10.14 12:46:57.726,1.46861,1.46889,1.12,1.00
2015.10.14 12:46:58.096,1.46869,1.46895,1.00,1.50
2015.10.14 12:46:58.148,1.46873,1.46898,1.00,1.37
2015.10.14 12:46:58.405,1.46868,1.46893,1.37,1.00
2015.10.14 12:46:58.458,1.46866,1.46893,1.50,1.00
2015.10.14 12:46:58.509,1.46863,1.46891,1.50,1.00
2015.10.14 12:46:58.561,1.46863,1.46891,1.12,1.00
2015.10.14 12:46:58.613,1.46862,1.46888,1.50,1.00
2015.10.14 12:46:58.920,1.4686,1.46886,1.75,1.00
2015.10.14 12:46:59.227,1.46856,1.46882,1.00,1.00
2015.10.14 12:46:59.278,1.46856,1.46879,1.00,1.37
2015.10.14 12:46:59.330,1.46852,1.46879,1.37,1.37
2015.10.14 12:46:59.381,1.4685,1.46878,1.00,1.50
2015.10.14 12:46:59.484,1.46846,1.46871,1.00,1.00
2015.10.14 12:46:59.692,1.46846,1.46868,1.00,1.00
2015.10.14 12:46:59.794,1.46843,1.46868,1.37,1.12
2015.10.14 12:46:59.999,1.46842,1.46868,1.12,1.12
2015.10.14 12:47:00.050,1.46845,1.46873,1.00,2.25
2015.10.14 12:47:00.153,1.46843,1.46871,1.50,1.75
2015.10.14 12:47:00.699,1.46844,1.46872,1.00,1.75
2015.10.14 12:47:01.036,1.46846,1.46872,1.00,1.75
2015.10.14 12:47:01.570,1.46847,1.46873,1.00,1.75
2015.10.14 12:47:01.791,1.46845,1.46873,1.00,1.75
2015.10.14 12:47:02.300,1.46844,1.46868,1.00,1.37
2015.10.14 12:47:02.667,1.46837,1.46863,2.25,1.00
2015.10.14 12:47:02.719,1.46837,1.46863,2.25,1.75
2015.10.14 12:47:02.822,1.46834,1.4686,2.25,1.37
2015.10.14 12:47:02.924,1.46831,1.46857,1.87,1.00
2015.10.14 12:47:03.602,1.46831,1.46857,1.00,1.37
2015.10.14 12:47:03.707,1.46831,1.46857,1.00,1.12
2015.10.14 12:47:03.809,1.46831,1.46857,1.00,1.75
2015.10.14 12:47:04.320,1.4683,1.46856,1.00,1.50
2015.10.14 12:47:06.381,1.46828,1.46855,1.00,1.00
2015.10.14 12:47:06.484,1.4683,1.46855,1.00,1.00
2015.10.14 12:47:07.055,1.46829,1.46855,1.00,1.50
2015.10.14 12:47:08.464,1.46828,1.46854,1.00,1.00
2015.10.14 12:47:08.771,1.4683,1.46855,1.00,1.00
2015.10.14 12:47:09.283,1.46828,1.46854,1.50,1.00
2015.10.14 12:47:09.776,1.4683,1.46856,1.00,1.00
2015.10.14 12:47:10.464,1.46831,1.46857,1.00,1.00
2015.10.14 12:47:10.895,1.46829,1.46855,1.12,1.00
2015.10.14 12:47:11.201,1.46832,1.46856,1.00,1.00
2015.10.14 12:47:11.513,1.46834,1.46859,1.00,1.12
2015.10.14 12:47:11.819,1.46837,1.46863,1.00,1.75
2015.10.14 12:47:12.590,1.46839,1.46865,1.00,1.75
2015.10.14 12:47:12.642,1.46838,1.46863,1.00,1.00
2015.10.14 12:47:13.104,1.46841,1.46863,1.00,1.00
2015.10.14 12:47:13.290,1.46839,1.46863,1.00,1.00
2015.10.14 12:47:13.874,1.46838,1.46866,1.00,1.75
2015.10.14 12:47:14.079,1.46836,1.46859,1.00,1.00
2015.10.14 12:47:14.588,1.46835,1.46859,1.00,1.00
2015.10.14 12:47:15.169,1.46836,1.46859,1.00,1.00
2015.10.14 12:47:15.272,1.46831,1.46857,1.00,1.00
2015.10.14 12:47:15.374,1.46831,1.46857,1.00,1.37
2015.10.14 12:47:15.885,1.4683,1.46856,1.50,1.75
2015.10.14 12:47:15.936,1.46828,1.46856,1.00,1.75
2015.10.14 12:47:16.292,1.46831,1.46859,1.00,1.75
2015.10.14 12:47:16.501,1.46828,1.46856,1.00,1.75
2015.10.14 12:47:17.032,1.46825,1.46853,2.25,1.12
2015.10.14 12:47:17.562,1.46828,1.46854,1.00,1.50
2015.10.14 12:47:17.889,1.4683,1.46856,1.00,1.75
2015.10.14 12:47:19.401,1.4683,1.46856,1.00,1.75
2015.10.14 12:47:19.606,1.46828,1.46854,1.00,1.75
2015.10.14 12:47:20.153,1.46827,1.46851,1.00,1.50
2015.10.14 12:47:20.205,1.46827,1.46851,1.00,1.75
2015.10.14 12:47:20.554,1.46827,1.46851,1.00,1.75
2015.10.14 12:47:21.149,1.46827,1.46849,1.00,1.75
2015.10.14 12:47:22.353,1.46823,1.46849,1.00,1.75
2015.10.14 12:47:22.991,1.46822,1.46849,1.00,1.75
2015.10.14 12:47:23.574,1.46821,1.46847,1.00,1.50
2015.10.14 12:47:24.522,1.46823,1.46849,1.00,1.75
2015.10.14 12:47:24.813,1.4682,1.46845,1.00,1.00
2015.10.14 12:47:25.327,1.4682,1.46844,1.00,1.00
2015.10.14 12:47:25.915,1.46821,1.46844,1.00,1.00
2015.10.14 12:47:25.967,1.46819,1.46844,1.00,1.00
2015.10.14 12:47:26.485,1.4682,1.46844,1.00,1.00
2015.10.14 12:47:26.689,1.46821,1.46847,1.00,1.12
2015.10.14 12:47:26.740,1.46819,1.46847,1.00,1.12
2015.10.14 12:47:27.371,1.4682,1.46846,1.00,1.00
2015.10.14 12:47:27.625,1.46817,1.46843,1.12,1.37
2015.10.14 12:47:27.930,1.46815,1.4684,1.00,1.75
2015.10.14 12:47:28.810,1.46817,1.46842,1.00,2.25
2015.10.14 12:47:28.963,1.46817,1.46841,1.00,1.75
2015.10.14 12:47:29.065,1.46815,1.46841,1.00,2.25
2015.10.14 12:47:29.584,1.46816,1.46842,1.00,1.75
2015.10.14 12:47:30.094,1.46815,1.46841,1.00,1.75
2015.10.14 12:47:30.146,1.46815,1.46841,1.00,1.75
2015.10.14 12:47:30.249,1.46812,1.4684,1.00,1.75
2015.10.14 12:47:30.789,1.46811,1.46839,1.00,1.75
2015.10.14 12:47:31.315,1.46812,1.4684,1.00,1.75
2015.10.14 12:47:31.782,1.4681,1.46836,1.00,1.50
2015.10.14 12:47:32.874,1.46811,1.46837,1.00,1.75
2015.10.14 12:47:33.412,1.4681,1.46836,1.00,1.50
2015.10.14 12:47:34.178,1.46808,1.46834,1.00,1.00
2015.10.14 12:47:35.096,1.46809,1.46835,1.00,1.12
2015.10.14 12:47:35.614,1.4681,1.46836,1.00,1.50
2015.10.14 12:47:36.305,1.46809,1.46834,1.00,1.00
2015.10.14 12:47:36.846,1.46809,1.46837,1.00,1.75
2015.10.14 12:47:37.160,1.46812,1.46838,1.00,2.25
2015.10.14 12:47:37.650,1.46811,1.46837,1.00,1.75
2015.10.14 12:47:38.021,1.46809,1.46835,1.00,1.37
2015.10.14 12:47:38.073,1.4681,1.46833,1.00,1.37
2015.10.14 12:47:38.176,1.46807,1.46832,1.00,1.75
2015.10.14 12:47:38.278,1.46809,1.46835,1.00,2.25
2015.10.14 12:47:38.691,1.46809,1.46835,1.00,2.25
2015.10.14 12:47:38.845,1.46814,1.46835,1.00,1.37
2015.10.14 12:47:39.049,1.46814,1.46838,1.00,1.00
2015.10.14 12:47:39.101,1.46817,1.46845,1.00,1.75
2015.10.14 12:47:39.203,1.4682,1.46846,1.00,2.25
2015.10.14 12:47:39.254,1.46822,1.46846,1.50,1.00
2015.10.14 12:47:39.766,1.46823,1.46846,1.00,1.12
2015.10.14 12:47:40.301,1.46824,1.46846,1.00,1.12
2015.10.14 12:47:40.810,1.46826,1.46846,1.00,1.12
2015.10.14 12:47:41.194,1.46827,1.4685,1.00,1.00
2015.10.14 12:47:41.722,1.46828,1.46852,1.00,1.50
2015.10.14 12:47:42.295,1.46825,1.46851,1.50,1.12
2015.10.14 12:47:42.397,1.46825,1.46851,1.50,1.75
2015.10.14 12:47:44.016,1.46822,1.46849,1.00,1.37
2015.10.14 12:47:44.118,1.46819,1.46844,1.50,1.00
2015.10.14 12:47:44.220,1.46819,1.46844,1.00,1.12
2015.10.14 12:47:44.425,1.46819,1.46841,1.00,1.00
2015.10.14 12:47:44.938,1.46819,1.46842,1.00,1.00
2015.10.14 12:47:45.244,1.46819,1.4684,1.00,1.00
2015.10.14 12:47:45.552,1.46811,1.46838,2.62,1.37
2015.10.14 12:47:45.603,1.46811,1.46838,2.25,1.75
2015.10.14 12:47:45.867,1.46811,1.46833,1.00,1.75
2015.10.14 12:47:47.850,1.46808,1.46832,1.00,1.50
2015.10.14 12:47:49.440,1.46804,1.4683,1.00,1.75
2015.10.14 12:47:49.494,1.46802,1.46829,1.00,1.75
2015.10.14 12:47:50.235,1.46801,1.46826,1.00,1.12
2015.10.14 12:47:50.813,1.46807,1.46833,1.00,1.75
2015.10.14 12:47:50.915,1.46809,1.46834,1.00,1.75
2015.10.14 12:47:51.068,1.46812,1.46837,1.00,1.12
2015.10.14 12:47:51.323,1.46811,1.46837,1.00,1.87
2015.10.14 12:47:51.639,1.46814,1.46837,1.00,1.37
2015.10.14 12:47:51.947,1.46815,1.46839,1.00,1.50
2015.10.14 12:47:52.151,1.46819,1.46844,1.00,2.62
2015.10.14 12:47:52.254,1.46818,1.4684,1.00,1.00
2015.10.14 12:47:52.358,1.46816,1.4684,1.00,1.00
2015.10.14 12:47:52.620,1.46816,1.4684,1.00,1.50
2015.10.14 12:47:52.723,1.46817,1.4684,1.00,1.00
2015.10.14 12:47:52.927,1.46819,1.4684,1.00,1.00
2015.10.14 12:47:53.233,1.46823,1.4684,1.00,1.00
2015.10.14 12:47:53.285,1.46823,1.46847,1.00,1.50
2015.10.14 12:47:53.490,1.46825,1.4685,1.00,1.37
2015.10.14 12:47:53.542,1.46825,1.4685,1.00,1.12
2015.10.14 12:47:53.744,1.46824,1.46845,1.00,1.00
2015.10.14 12:47:54.050,1.46826,1.46848,1.00,1.00
2015.10.14 12:47:54.101,1.46829,1.46855,1.00,2.62
2015.10.14 12:47:54.153,1.46829,1.46855,1.00,2.62
2015.10.14 12:47:54.257,1.46831,1.46855,1.00,1.75
2015.10.14 12:47:54.826,1.4683,1.46858,1.00,1.75
2015.10.14 12:47:55.133,1.46829,1.46854,1.00,1.00
2015.10.14 12:47:55.235,1.46827,1.46852,1.00,1.00
2015.10.14 12:47:55.337,1.46827,1.46854,1.00,1.00
2015.10.14 12:47:55.440,1.46829,1.46854,1.00,1.00
2015.10.14 12:47:55.822,1.46834,1.46858,1.00,1.00
2015.10.14 12:47:56.139,1.46836,1.46858,1.00,1.00
2015.10.14 12:47:56.748,1.46837,1.46858,1.00,1.00
2015.10.14 12:47:57.556,1.46838,1.46858,1.00,1.00
2015.10.14 12:47:57.760,1.46836,1.46858,1.00,1.00
2015.10.14 12:47:57.863,1.46839,1.46858,1.00,1.00
2015.10.14 12:47:58.414,1.46836,1.46863,1.00,2.25
2015.10.14 12:47:58.567,1.46836,1.46857,1.00,1.12
2015.10.14 12:47:58.618,1.46834,1.46857,1.00,1.12
2015.10.14 12:47:58.721,1.46834,1.4686,1.00,2.25
2015.10.14 12:47:59.132,1.46832,1.46858,1.00,1.75
2015.10.14 12:47:59.285,1.46828,1.46856,1.00,1.75
2015.10.14 12:47:59.811,1.46829,1.46855,1.00,2.25
2015.10.14 12:47:59.863,1.46827,1.46848,1.00,1.00
2015.10.14 12:48:00.212,1.46829,1.46848,1.00,1.00
2015.10.14 12:48:00.419,1.46827,1.46848,1.00,1.00
2015.10.14 12:48:00.674,1.46828,1.46853,1.00,1.37
2015.10.14 12:48:00.809,1.4683,1.46855,1.00,1.75
2015.10.14 12:48:01.167,1.46828,1.46855,1.00,1.75
2015.10.14 12:48:01.370,1.4683,1.46855,1.00,1.75
2015.10.14 12:48:01.676,1.46832,1.46855,1.00,1.75
2015.10.14 12:48:02.217,1.46828,1.46855,1.00,1.75
2015.10.14 12:48:02.319,1.46825,1.46852,1.00,1.12
2015.10.14 12:48:02.371,1.46825,1.4685,1.00,1.50
2015.10.14 12:48:02.705,1.46822,1.46847,1.00,2.25
2015.10.14 12:48:03.254,1.46823,1.46851,1.00,3.75
2015.10.14 12:48:03.624,1.46822,1.46848,1.00,1.50
2015.10.14 12:48:03.676,1.46827,1.46851,1.00,1.75
2015.10.14 12:48:03.983,1.46831,1.46857,1.00,1.75
2015.10.14 12:48:04.187,1.46833,1.46858,1.00,1.75
2015.10.14 12:48:04.654,1.46833,1.4686,1.00,1.50
2015.10.14 12:48:04.708,1.46835,1.4686,1.00,1.50
2015.10.14 12:48:05.385,1.46836,1.4686,1.00,1.50
2015.10.14 12:48:05.933,1.46837,1.4686,1.00,1.50
2015.10.14 12:48:06.445,1.46838,1.46863,1.00,1.75
2015.10.14 12:48:07.162,1.46839,1.46863,1.00,1.75
2015.10.14 12:48:07.316,1.46839,1.46862,1.00,1.00
2015.10.14 12:48:07.470,1.46842,1.46862,1.00,1.00
2015.10.14 12:48:07.827,1.4684,1.46862,1.00,1.00
2015.10.14 12:48:07.878,1.4684,1.46865,1.00,1.12
2015.10.14 12:48:08.031,1.46842,1.46867,1.00,1.50
2015.10.14 12:48:08.551,1.46839,1.46867,1.00,1.50
2015.10.14 12:48:09.089,1.4684,1.46866,1.00,1.37
2015.10.14 12:48:09.141,1.46838,1.46864,1.12,1.00
2015.10.14 12:48:09.562,1.46838,1.46866,1.12,2.25
2015.10.14 12:48:10.101,1.46838,1.46864,1.00,1.75
2015.10.14 12:48:10.507,1.46842,1.46867,1.00,1.75
2015.10.14 12:48:11.016,1.46841,1.46865,1.00,1.75
2015.10.14 12:48:11.526,1.46842,1.46865,1.00,1.75
2015.10.14 12:48:11.999,1.46842,1.46865,1.00,1.50
2015.10.14 12:48:12.510,1.46843,1.46865,1.00,1.00
2015.10.14 12:48:13.272,1.46844,1.46865,1.00,1.00
2015.10.14 12:48:13.629,1.46842,1.46865,1.00,1.00
2015.10.14 12:48:14.136,1.46842,1.46865,1.00,1.37
2015.10.14 12:48:14.739,1.46846,1.46865,1.00,1.37
2015.10.14 12:48:15.416,1.46843,1.46865,1.00,1.00
2015.10.14 12:48:15.715,1.46845,1.46865,1.00,1.00
2015.10.14 12:48:17.599,1.46847,1.46871,1.00,1.12
2015.10.14 12:48:17.701,1.46849,1.46871,1.00,1.12
2015.10.14 12:48:17.803,1.46849,1.46874,1.00,1.50
2015.10.14 12:48:17.905,1.46851,1.46876,1.00,1.75
2015.10.14 12:48:18.160,1.46849,1.46876,1.00,1.75
2015.10.14 12:48:18.212,1.46849,1.46874,1.00,1.12
2015.10.14 12:48:18.456,1.46847,1.46873,1.00,1.50
2015.10.14 12:48:18.559,1.46849,1.46874,1.00,2.62
2015.10.14 12:48:18.712,1.46847,1.4687,1.00,1.00
2015.10.14 12:48:18.968,1.46847,1.4687,1.00,1.37
2015.10.14 12:48:19.019,1.46842,1.46865,1.00,1.00
2015.10.14 12:48:19.070,1.46842,1.46865,1.00,1.75
2015.10.14 12:48:19.223,1.46839,1.46865,1.00,1.75
2015.10.14 12:48:19.482,1.46841,1.46862,1.00,1.37
2015.10.14 12:48:19.789,1.46843,1.46864,1.00,1.12
2015.10.14 12:48:20.124,1.46845,1.46864,1.00,1.12
2015.10.14 12:48:20.328,1.46842,1.46864,1.00,1.12
2015.10.14 12:48:20.860,1.46841,1.46864,1.00,1.12
2015.10.14 12:48:20.912,1.46843,1.46865,1.00,1.12
2015.10.14 12:48:20.963,1.46843,1.46869,1.00,1.75
2015.10.14 12:48:21.015,1.46843,1.46869,1.00,1.37
2015.10.14 12:48:21.335,1.46846,1.4687,1.00,1.37
2015.10.14 12:48:21.781,1.46844,1.4687,1.00,1.87
2015.10.14 12:48:21.832,1.46844,1.4687,1.00,1.50
2015.10.14 12:48:22.540,1.46843,1.46869,1.00,1.00
2015.10.14 12:48:22.593,1.46843,1.46869,1.00,1.75
2015.10.14 12:48:22.901,1.46845,1.46871,1.00,1.75
2015.10.14 12:48:23.808,1.46845,1.4687,1.00,1.75
2015.10.14 12:48:23.919,1.46845,1.4687,1.00,1.50
2015.10.14 12:48:24.314,1.46841,1.46868,1.12,1.12
2015.10.14 12:48:24.952,1.46841,1.46866,1.12,1.00
2015.10.14 12:48:25.413,1.46838,1.46866,1.37,1.37
2015.10.14 12:48:25.516,1.46837,1.46861,1.00,1.00
2015.10.14 12:48:25.619,1.46839,1.46864,1.00,1.50
2015.10.14 12:48:25.874,1.46838,1.46864,1.00,1.00
2015.10.14 12:48:25.976,1.46838,1.46866,1.00,2.25
2015.10.14 12:48:26.500,1.46838,1.46865,1.00,1.00
2015.10.14 12:48:26.969,1.46838,1.46865,1.00,1.37
2015.10.14 12:48:27.275,1.46832,1.4686,1.87,1.00
2015.10.14 12:48:27.327,1.46832,1.4686,1.87,1.00
2015.10.14 12:48:27.378,1.46832,1.46858,1.87,1.00
2015.10.14 12:48:27.684,1.46829,1.46855,2.25,1.00
2015.10.14 12:48:27.735,1.46829,1.46855,1.87,1.00
2015.10.14 12:48:28.096,1.46832,1.46858,1.12,1.37
2015.10.14 12:48:28.403,1.46836,1.4686,1.00,1.37
2015.10.14 12:48:29.026,1.46837,1.46862,1.12,1.12
2015.10.14 12:48:29.129,1.46838,1.46865,1.00,1.00
2015.10.14 12:48:29.435,1.46836,1.46863,1.50,1.00
2015.10.14 12:48:29.741,1.46837,1.46864,1.75,1.00
2015.10.14 12:48:30.049,1.46829,1.46855,1.37,1.00
2015.10.14 12:48:30.152,1.46827,1.46853,1.87,1.00
2015.10.14 12:48:30.552,1.46828,1.46856,1.50,1.00
2015.10.14 12:48:31.086,1.46831,1.46856,1.00,1.00
2015.10.14 12:48:31.239,1.46832,1.46858,1.00,1.50
2015.10.14 12:48:31.443,1.46832,1.4686,1.50,1.37
2015.10.14 12:48:31.733,1.46834,1.4686,1.12,1.00
2015.10.14 12:48:31.886,1.46836,1.46862,1.00,1.12
2015.10.14 12:48:32.219,1.46836,1.46864,1.75,1.00
2015.10.14 12:48:32.969,1.46837,1.46865,1.50,1.00
2015.10.14 12:48:33.276,1.46843,1.46869,1.00,1.75
2015.10.14 12:48:33.328,1.46843,1.46869,1.00,1.12
2015.10.14 12:48:35.105,1.46845,1.4687,1.00,1.50
2015.10.14 12:48:36.360,1.46845,1.46867,1.00,1.00
2015.10.14 12:48:36.411,1.46843,1.46867,1.00,1.00
2015.10.14 12:48:36.463,1.46843,1.46871,1.00,1.50
2015.10.14 12:48:36.787,1.46847,1.46872,1.00,1.75
2015.10.14 12:48:36.839,1.46847,1.46872,1.12,1.00
2015.10.14 12:48:37.043,1.46848,1.46874,1.00,1.12
2015.10.14 12:48:37.146,1.46848,1.46874,1.50,1.00
2015.10.14 12:48:37.606,1.46848,1.46876,1.50,1.00
2015.10.14 12:48:37.824,1.46852,1.4688,1.00,1.75
2015.10.14 12:48:38.144,1.46854,1.46879,1.00,1.50
2015.10.14 12:48:38.459,1.46853,1.46879,1.12,1.00
2015.10.14 12:48:39.458,1.46853,1.46881,1.12,1.50
2015.10.14 12:48:40.146,1.46855,1.46881,1.00,1.50
2015.10.14 12:48:40.367,1.46853,1.4688,1.12,1.12
2015.10.14 12:48:40.882,1.46854,1.46883,1.00,1.75
2015.10.14 12:48:40.934,1.46856,1.46881,1.00,1.50
2015.10.14 12:48:41.679,1.46859,1.46885,1.00,1.75
2015.10.14 12:48:41.908,1.46855,1.46883,1.50,1.75
2015.10.14 12:48:41.959,1.46855,1.46883,2.25,1.00
2015.10.14 12:48:42.299,1.46854,1.46881,1.75,1.00
2015.10.14 12:48:42.351,1.46857,1.46884,1.12,1.12
2015.10.14 12:48:42.997,1.46858,1.46886,1.00,1.50
2015.10.14 12:48:43.150,1.46859,1.46886,1.00,1.00
2015.10.14 12:48:43.381,1.46859,1.46881,1.00,1.00
2015.10.14 12:48:43.436,1.46857,1.46883,1.00,1.37
2015.10.14 12:48:43.640,1.46854,1.4688,1.12,1.00
2015.10.14 12:48:43.895,1.46851,1.46876,1.00,1.00
2015.10.14 12:48:44.374,1.46849,1.46874,1.00,1.00
2015.10.14 12:48:44.681,1.46851,1.46876,1.00,1.00
2015.10.14 12:48:44.783,1.46852,1.46879,1.00,1.00
2015.10.14 12:48:44.987,1.46855,1.46881,1.00,1.50
2015.10.14 12:48:45.527,1.46854,1.4688,1.00,1.12
2015.10.14 12:48:45.960,1.46857,1.46885,1.00,2.25
2015.10.14 12:48:46.276,1.46859,1.46884,1.12,1.00
2015.10.14 12:48:46.745,1.46854,1.4688,1.75,1.00
2015.10.14 12:48:46.898,1.46851,1.4688,1.50,1.12
2015.10.14 12:48:46.950,1.4685,1.46878,1.75,1.00
2015.10.14 12:48:47.271,1.46848,1.46873,1.75,1.00
2015.10.14 12:48:47.373,1.46848,1.46873,1.00,1.00
2015.10.14 12:48:47.934,1.46846,1.46873,2.21,1.00
2015.10.14 12:48:48.639,1.46846,1.46872,1.50,1.00
2015.10.14 12:48:48.896,1.46844,1.46872,1.50,1.50
2015.10.14 12:48:49.151,1.46841,1.46867,1.75,1.00
2015.10.14 12:48:49.455,1.46843,1.46869,1.12,1.00
2015.10.14 12:48:49.821,1.46841,1.46867,3.37,1.00
2015.10.14 12:48:49.974,1.46842,1.46868,1.00,1.75
2015.10.14 12:48:50.025,1.46844,1.4687,1.00,2.25
2015.10.14 12:48:50.545,1.46843,1.4687,1.00,1.75
2015.10.14 12:48:51.895,1.46841,1.46869,1.12,1.75
2015.10.14 12:48:52.404,1.46842,1.46868,1.00,1.75
2015.10.14 12:48:52.921,1.46841,1.46867,1.00,1.50
2015.10.14 12:48:53.988,1.46839,1.46867,1.50,1.50
2015.10.14 12:48:55.581,1.46841,1.46864,1.37,1.00
2015.10.14 12:48:55.684,1.4684,1.46866,1.37,1.00
2015.10.14 12:48:55.735,1.4684,1.46866,1.00,1.00
2015.10.14 12:48:56.275,1.46839,1.46867,1.12,1.00
2015.10.14 12:48:56.802,1.46837,1.46862,1.37,1.00
2015.10.14 12:48:57.067,1.46838,1.46864,1.12,1.00
2015.10.14 12:48:58.314,1.46839,1.46865,1.00,1.00
2015.10.14 12:48:58.906,1.46839,1.46864,1.00,1.00
2015.10.14 12:48:59.008,1.46836,1.46861,1.00,1.00
2015.10.14 12:48:59.535,1.46836,1.46862,1.50,1.00
2015.10.14 12:48:59.891,1.46836,1.4686,1.00,1.00
2015.10.14 12:49:00.196,1.46836,1.46862,1.00,1.00
2015.10.14 12:49:00.366,1.46836,1.46864,1.50,2.25
2015.10.14 12:49:00.441,1.46836,1.46854,1.00,1.00
2015.10.14 12:49:00.517,1.46829,1.46854,1.75,1.50
2015.10.14 12:49:01.027,1.46829,1.46855,1.75,1.00
2015.10.14 12:49:01.422,1.46834,1.4686,1.00,1.75
2015.10.14 12:49:01.527,1.46834,1.46861,1.00,1.00
2015.10.14 12:49:01.733,1.46833,1.46859,1.00,1.50
2015.10.14 12:49:02.040,1.46829,1.46857,1.00,1.50
2015.10.14 12:49:02.092,1.46831,1.46857,1.00,1.00
2015.10.14 12:49:02.331,1.46828,1.46855,1.00,1.00
2015.10.14 12:49:02.977,1.46828,1.46853,1.00,1.00
2015.10.14 12:49:03.582,1.46827,1.46853,1.50,1.00
2015.10.14 12:49:04.260,1.46829,1.46855,1.00,1.37
2015.10.14 12:49:04.624,1.46829,1.46857,1.12,1.12
2015.10.14 12:49:05.332,1.46829,1.46857,1.00,1.75
2015.10.14 12:49:05.765,1.46827,1.46853,1.00,1.00
2015.10.14 12:49:06.130,1.46827,1.46855,1.75,1.00
2015.10.14 12:49:06.439,1.46825,1.46851,1.00,1.12
2015.10.14 12:49:07.197,1.46826,1.46851,1.00,1.12
2015.10.14 12:49:07.656,1.46822,1.4685,1.75,1.12
2015.10.14 12:49:07.760,1.46826,1.46851,1.00,1.50
2015.10.14 12:49:08.186,1.46827,1.46853,1.00,1.12
2015.10.14 12:49:08.237,1.46829,1.46855,1.00,1.75
2015.10.14 12:49:08.441,1.46827,1.46855,1.00,1.75
2015.10.14 12:49:11.089,1.4683,1.46857,1.00,1.75
2015.10.14 12:49:11.419,1.46833,1.46859,1.00,2.25
2015.10.14 12:49:11.941,1.46833,1.46859,1.00,2.25
2015.10.14 12:49:12.043,1.46834,1.46859,1.00,1.75
2015.10.14 12:49:12.557,1.46835,1.46859,1.00,1.75
2015.10.14 12:49:13.763,1.46836,1.46862,1.00,1.75
2015.10.14 12:49:14.271,1.46839,1.46863,1.00,1.75
2015.10.14 12:49:14.322,1.46839,1.46867,1.00,2.25
2015.10.14 12:49:14.374,1.46837,1.46865,1.00,1.75
2015.10.14 12:49:15.988,1.46833,1.46861,1.00,1.37
2015.10.14 12:49:16.575,1.46832,1.46858,1.00,1.37
2015.10.14 12:49:17.101,1.46829,1.46855,1.50,1.50
2015.10.14 12:49:17.154,1.46828,1.46852,1.12,1.00
2015.10.14 12:49:17.459,1.46824,1.4685,1.75,1.00
2015.10.14 12:49:17.733,1.46824,1.4685,1.00,1.50
2015.10.14 12:49:18.693,1.46825,1.46851,1.00,1.75
2015.10.14 12:49:19.175,1.46825,1.46851,1.00,1.12
2015.10.14 12:49:19.791,1.46822,1.46847,1.37,1.00
2015.10.14 12:49:19.893,1.46825,1.4685,1.00,1.00
2015.10.14 12:49:20.097,1.46826,1.46851,1.00,1.75
2015.10.14 12:49:20.411,1.46825,1.4685,1.00,1.00
2015.10.14 12:49:21.200,1.46823,1.4685,1.50,1.00
2015.10.14 12:49:21.744,1.46824,1.46849,1.12,1.00
2015.10.14 12:49:22.203,1.46819,1.46844,1.09,1.00
2015.10.14 12:49:22.582,1.46817,1.46845,1.37,1.75
2015.10.14 12:49:22.869,1.46816,1.46843,1.37,1.37
2015.10.14 12:49:22.971,1.46816,1.46843,1.37,1.75
2015.10.14 12:49:23.703,1.46815,1.46842,1.00,1.75
2015.10.14 12:49:24.511,1.46814,1.4684,1.00,1.50
2015.10.14 12:49:25.992,1.46813,1.46839,1.00,1.12
2015.10.14 12:49:26.391,1.46815,1.46841,1.00,1.75
2015.10.14 12:49:26.794,1.46816,1.46841,1.00,1.00
2015.10.14 12:49:27.148,1.46814,1.46842,1.12,1.12
2015.10.14 12:49:27.837,1.46815,1.46842,1.00,1.12
2015.10.14 12:49:28.579,1.46815,1.46842,1.00,1.50
2015.10.14 12:49:29.087,1.46816,1.46841,1.00,1.50
2015.10.14 12:49:29.596,1.46817,1.46843,1.00,1.12
2015.10.14 12:49:30.118,1.46819,1.46843,1.00,1.12
2015.10.14 12:49:30.704,1.46822,1.46843,1.00,1.00
2015.10.14 12:49:31.014,1.46821,1.46847,1.00,1.50
2015.10.14 12:49:31.745,1.46822,1.46848,1.00,1.87
2015.10.14 12:49:32.225,1.46822,1.46848,1.00,1.12
2015.10.14 12:49:32.976,1.46823,1.46848,1.00,1.12
2015.10.14 12:49:34.043,1.46823,1.46848,1.00,1.37
2015.10.14 12:49:34.309,1.46821,1.46848,1.00,1.37
2015.10.14 12:49:34.514,1.46819,1.46847,1.00,1.75
2015.10.14 12:49:34.617,1.46817,1.46844,1.00,1.50
2015.10.14 12:49:35.074,1.46819,1.46844,1.00,1.75
2015.10.14 12:49:35.533,1.46824,1.46844,1.00,1.50
2015.10.14 12:49:35.636,1.46822,1.46847,1.00,1.50
2015.10.14 12:49:35.687,1.46822,1.46844,1.00,1.00
2015.10.14 12:49:35.790,1.46823,1.46847,1.00,1.00
2015.10.14 12:49:35.892,1.46823,1.46847,1.00,1.75
2015.10.14 12:49:36.619,1.46821,1.46845,1.00,1.75
2015.10.14 12:49:38.269,1.46821,1.46838,1.00,1.12
2015.10.14 12:49:39.808,1.46815,1.46837,1.00,1.75
2015.10.14 12:49:40.014,1.46813,1.46836,1.00,1.37
2015.10.14 12:49:40.117,1.46819,1.46836,1.00,1.37
2015.10.14 12:49:40.168,1.46819,1.46839,1.00,1.37
2015.10.14 12:49:40.220,1.46822,1.46838,1.00,1.00
2015.10.14 12:49:40.477,1.46828,1.46848,1.00,1.00
2015.10.14 12:49:40.529,1.46828,1.46853,1.00,1.87
2015.10.14 12:49:41.047,1.46827,1.46853,1.00,2.25
2015.10.14 12:49:41.099,1.46825,1.46853,1.00,2.25
2015.10.14 12:49:41.609,1.46825,1.46849,1.00,1.00
2015.10.14 12:49:41.826,1.46823,1.46849,1.12,1.50
2015.10.14 12:49:42.341,1.46824,1.46851,1.00,1.50
2015.10.14 12:49:43.155,1.46824,1.46851,1.00,1.75
2015.10.14 12:49:44.241,1.46824,1.46851,1.00,1.75
2015.10.14 12:49:44.292,1.46826,1.46851,1.00,1.75
2015.10.14 12:49:44.344,1.46826,1.46851,1.00,1.00
2015.10.14 12:49:44.497,1.46827,1.46853,1.00,1.00
2015.10.14 12:49:44.550,1.46824,1.46852,1.50,1.00
2015.10.14 12:49:44.754,1.46825,1.4685,1.12,1.00
2015.10.14 12:49:45.024,1.46823,1.46849,1.00,1.00
2015.10.14 12:49:45.177,1.46825,1.46851,1.00,1.00
2015.10.14 12:49:45.687,1.46825,1.46852,1.00,1.00
2015.10.14 12:49:46.243,1.46825,1.46851,1.00,1.00
2015.10.14 12:49:46.755,1.46825,1.46851,1.00,2.25
2015.10.14 12:49:47.646,1.46825,1.46851,1.00,1.87
2015.10.14 12:49:47.697,1.46822,1.4685,1.37,1.00
2015.10.14 12:49:48.155,1.46819,1.46847,1.37,1.00
2015.10.14 12:49:48.548,1.46818,1.46846,1.00,1.50
2015.10.14 12:49:48.601,1.46818,1.46843,1.00,1.00
2015.10.14 12:49:48.807,1.46817,1.46845,1.50,1.00
2015.10.14 12:49:49.062,1.46818,1.46846,1.00,1.75
2015.10.14 12:49:49.267,1.46823,1.46851,1.00,1.87
2015.10.14 12:49:49.783,1.46824,1.46852,1.00,1.50
2015.10.14 12:49:50.302,1.46825,1.46853,1.00,2.25
2015.10.14 12:49:50.935,1.46827,1.46853,1.00,2.25
2015.10.14 12:49:51.155,1.46828,1.46854,1.00,1.50
2015.10.14 12:49:51.257,1.46832,1.46857,1.00,1.00
2015.10.14 12:49:51.673,1.46835,1.46861,1.00,2.25
2015.10.14 12:49:52.033,1.46837,1.46861,1.00,1.75
2015.10.14 12:49:52.187,1.46837,1.46861,1.00,1.12
2015.10.14 12:49:52.442,1.4684,1.46864,1.00,1.75
2015.10.14 12:49:53.227,1.46841,1.46864,1.00,1.75
2015.10.14 12:49:53.432,1.46835,1.46861,1.00,1.12
2015.10.14 12:49:53.483,1.46835,1.46861,1.00,1.75
2015.10.14 12:49:54.087,1.46834,1.46862,1.00,2.25
2015.10.14 12:49:54.444,1.46832,1.4686,1.00,1.75
2015.10.14 12:49:54.958,1.46831,1.46859,1.00,1.50
2015.10.14 12:49:55.164,1.46831,1.46859,1.00,1.75
2015.10.14 12:49:55.299,1.46831,1.46859,1.00,1.75
2015.10.14 12:49:55.826,1.46832,1.46858,1.00,1.75
2015.10.14 12:49:56.152,1.46834,1.46859,1.00,1.00
2015.10.14 12:49:56.203,1.46836,1.46859,1.00,1.00
2015.10.14 12:49:56.611,1.46838,1.46859,1.00,1.00
2015.10.14 12:49:56.866,1.46835,1.46859,1.00,1.00
2015.10.14 12:49:57.217,1.46835,1.46863,1.50,1.00
2015.10.14 12:49:57.733,1.46835,1.46862,1.00,1.00
2015.10.14 12:49:57.937,1.46835,1.4686,1.00,1.00
2015.10.14 12:49:58.428,1.46837,1.46863,1.00,1.00
2015.10.14 12:49:58.941,1.46842,1.46864,1.00,1.00
2015.10.14 12:49:58.993,1.46842,1.4687,1.00,1.50
2015.10.14 12:49:59.044,1.46846,1.4687,1.00,1.50
2015.10.14 12:49:59.423,1.46849,1.46871,1.00,1.37
2015.10.14 12:49:59.474,1.46849,1.46875,1.00,1.75
2015.10.14 12:50:00.146,1.46846,1.46872,1.12,1.00
2015.10.14 12:50:00.299,1.46844,1.46872,1.37,1.37
2015.10.14 12:50:00.587,1.46842,1.46868,1.00,1.00
2015.10.14 12:50:00.689,1.4684,1.46867,1.00,1.00
2015.10.14 12:50:00.893,1.46841,1.46867,1.00,1.37
2015.10.14 12:50:00.995,1.46834,1.46859,1.00,1.37
2015.10.14 12:50:01.251,1.4683,1.46856,1.00,1.12
2015.10.14 12:50:01.404,1.46829,1.46855,1.00,1.37
2015.10.14 12:50:01.624,1.46827,1.46855,1.00,1.75
2015.10.14 12:50:02.571,1.46826,1.46854,1.00,1.75
2015.10.14 12:50:02.954,1.46831,1.46856,1.00,1.12
2015.10.14 12:50:03.210,1.46827,1.46855,1.75,1.00
2015.10.14 12:50:03.312,1.46827,1.46855,1.50,1.00
2015.10.14 12:50:03.414,1.46827,1.46855,1.50,1.00
2015.10.14 12:50:03.669,1.46827,1.46853,1.50,1.00
2015.10.14 12:50:04.247,1.46827,1.46852,1.00,1.00
2015.10.14 12:50:04.401,1.46824,1.46852,1.00,1.00
2015.10.14 12:50:05.319,1.46823,1.46851,1.12,1.00
2015.10.14 12:50:05.523,1.46823,1.46849,1.12,1.00
2015.10.14 12:50:06.747,1.46825,1.4685,1.00,1.00
2015.10.14 12:50:07.498,1.46826,1.46851,1.00,1.00
2015.10.14 12:50:07.827,1.46826,1.46851,1.00,1.75
2015.10.14 12:50:08.429,1.46825,1.4685,1.00,1.87
2015.10.14 12:50:08.934,1.46824,1.46849,1.00,1.50
2015.10.14 12:50:10.272,1.46821,1.46849,1.00,1.50
2015.10.14 12:50:12.273,1.46823,1.46849,1.00,1.50
2015.10.14 12:50:12.811,1.46817,1.46843,1.50,1.00
2015.10.14 12:50:13.116,1.46815,1.46843,1.00,1.75
2015.10.14 12:50:13.480,1.46812,1.46839,1.12,1.50
2015.10.14 12:50:13.684,1.46809,1.46837,1.00,1.87
2015.10.14 12:50:14.143,1.46809,1.46835,1.00,1.00
2015.10.14 12:50:14.558,1.46808,1.46833,1.50,1.00
2015.10.14 12:50:15.069,1.46807,1.46832,1.00,1.00
2015.10.14 12:50:15.655,1.46807,1.46833,1.00,1.00
2015.10.14 12:50:15.706,1.46804,1.46832,1.00,1.00
2015.10.14 12:50:15.759,1.46803,1.46826,1.00,1.00
2015.10.14 12:50:16.066,1.46797,1.46825,1.00,1.75
2015.10.14 12:50:16.632,1.46796,1.46821,1.00,1.37
2015.10.14 12:50:17.143,1.46797,1.46822,1.00,1.37
2015.10.14 12:50:19.246,1.46797,1.4682,1.00,1.37
2015.10.14 12:50:19.297,1.46794,1.4682,1.00,1.37
2015.10.14 12:50:19.554,1.46793,1.46819,1.12,1.75
2015.10.14 12:50:19.965,1.46791,1.46819,1.00,1.75
2015.10.14 12:50:20.951,1.4679,1.46816,1.12,1.00
2015.10.14 12:50:21.459,1.4679,1.46816,1.12,1.37
2015.10.14 12:50:22.395,1.46791,1.46815,1.00,1.00
2015.10.14 12:50:22.497,1.46797,1.46815,1.00,1.00
2015.10.14 12:50:22.698,1.46793,1.46821,1.00,1.75
2015.10.14 12:50:22.904,1.46795,1.46822,1.00,1.75
2015.10.14 12:50:23.407,1.46794,1.4682,1.00,1.75
2015.10.14 12:50:26.072,1.46793,1.46819,1.75,1.00
2015.10.14 12:50:26.124,1.46793,1.46821,1.75,1.00
2015.10.14 12:50:26.226,1.468,1.46826,1.37,1.37
2015.10.14 12:50:26.277,1.468,1.46826,1.75,1.00
2015.10.14 12:50:26.329,1.46804,1.46829,1.12,1.12
2015.10.14 12:50:26.831,1.46804,1.46828,1.00,1.00
2015.10.14 12:50:27.190,1.46808,1.46829,1.00,1.00
2015.10.14 12:50:27.242,1.46808,1.46833,1.00,1.00
2015.10.14 12:50:27.446,1.46811,1.46834,1.00,1.00
2015.10.14 12:50:27.762,1.4681,1.46838,2.25,1.00
2015.10.14 12:50:27.864,1.4681,1.46838,2.25,1.00
2015.10.14 12:50:28.272,1.4681,1.46838,1.50,1.50
2015.10.14 12:50:29.931,1.46811,1.46836,1.00,1.00
2015.10.14 12:50:30.083,1.46809,1.46835,1.00,1.00
2015.10.14 12:50:30.185,1.46811,1.46835,1.00,1.00
2015.10.14 12:50:30.491,1.46811,1.46838,1.00,1.00
2015.10.14 12:50:30.644,1.46813,1.46838,1.00,1.00
2015.10.14 12:50:32.748,1.46813,1.46841,1.00,1.87
2015.10.14 12:50:33.054,1.46816,1.46841,1.00,1.75
2015.10.14 12:50:33.794,1.46818,1.46843,1.00,1.75
2015.10.14 12:50:33.899,1.4682,1.46845,1.00,1.75
2015.10.14 12:50:34.460,1.46823,1.46844,1.00,1.00
2015.10.14 12:50:34.784,1.46823,1.46846,1.00,1.12
2015.10.14 12:50:34.836,1.46821,1.46844,1.00,1.75
2015.10.14 12:50:35.041,1.46818,1.46844,1.00,1.75
2015.10.14 12:50:35.143,1.4682,1.46845,1.00,1.75
2015.10.14 12:50:35.604,1.46819,1.46844,1.00,3.00
2015.10.14 12:50:35.954,1.46818,1.46839,1.00,1.00
2015.10.14 12:50:36.005,1.4682,1.46839,1.00,1.00
2015.10.14 12:50:36.362,1.46822,1.4684,1.00,1.00
2015.10.14 12:50:36.414,1.46822,1.46845,1.00,1.37
2015.10.14 12:50:36.981,1.46816,1.46843,1.50,1.00
2015.10.14 12:50:37.136,1.4681,1.46836,1.50,1.00
2015.10.14 12:50:37.188,1.4681,1.46836,1.50,1.00
2015.10.14 12:50:37.239,1.4681,1.46838,1.50,1.00
2015.10.14 12:50:37.444,1.46809,1.46835,1.87,1.00
2015.10.14 12:50:37.977,1.46811,1.46834,1.37,1.00
2015.10.14 12:50:38.079,1.46808,1.46836,1.75,1.00
2015.10.14 12:50:38.182,1.46808,1.46834,2.25,1.00
2015.10.14 12:50:38.285,1.4681,1.46836,1.50,1.00
2015.10.14 12:50:38.337,1.46808,1.46834,2.25,1.00
2015.10.14 12:50:38.439,1.46809,1.46837,1.75,1.00
2015.10.14 12:50:38.694,1.4681,1.46838,1.87,1.00
2015.10.14 12:50:38.932,1.46814,1.4684,1.00,1.00
2015.10.14 12:50:38.984,1.46814,1.46838,1.00,1.00
2015.10.14 12:50:40.061,1.46814,1.46837,1.00,1.00
2015.10.14 12:50:40.651,1.46814,1.46839,1.00,1.00
2015.10.14 12:50:40.754,1.46814,1.46835,1.00,1.00
2015.10.14 12:50:40.958,1.4681,1.46836,1.00,1.00
2015.10.14 12:50:41.313,1.4681,1.46836,1.50,1.00
2015.10.14 12:50:41.518,1.46816,1.4684,1.00,1.00
2015.10.14 12:50:42.079,1.46813,1.4684,1.50,1.00
2015.10.14 12:50:42.389,1.46813,1.46836,1.00,1.00
2015.10.14 12:50:42.747,1.46811,1.46833,1.12,1.00
2015.10.14 12:50:42.799,1.46805,1.46833,1.75,1.00
2015.10.14 12:50:42.850,1.46803,1.46829,1.75,1.00
2015.10.14 12:50:43.156,1.46801,1.46827,1.75,1.00
2015.10.14 12:50:43.815,1.46803,1.46829,1.75,1.00
2015.10.14 12:50:44.601,1.46802,1.46828,1.75,1.00
2015.10.14 12:50:45.702,1.46801,1.46827,1.75,1.00
2015.10.14 12:50:47.422,1.46802,1.46828,1.75,1.00
2015.10.14 12:50:48.121,1.46803,1.46829,1.75,1.00
2015.10.14 12:50:48.399,1.468,1.46824,2.25,1.00
2015.10.14 12:50:48.501,1.468,1.46824,1.00,1.00
2015.10.14 12:50:49.010,1.46799,1.46824,1.00,1.50
2015.10.14 12:50:49.972,1.46799,1.46823,1.00,1.00
2015.10.14 12:50:50.126,1.46799,1.46824,1.87,1.00
2015.10.14 12:50:50.381,1.46799,1.46827,2.25,1.00
2015.10.14 12:50:51.099,1.46802,1.46828,1.00,1.12
2015.10.14 12:50:52.157,1.46803,1.46829,1.00,1.87
2015.10.14 12:50:52.549,1.46805,1.46829,1.00,1.37
2015.10.14 12:50:52.855,1.46811,1.4683,1.00,1.00
2015.10.14 12:50:53.399,1.46811,1.46833,1.00,1.75
2015.10.14 12:50:53.501,1.46811,1.46833,1.00,1.00
2015.10.14 12:50:53.756,1.46807,1.46834,1.00,1.12
2015.10.14 12:50:53.963,1.46802,1.4683,1.00,1.00
2015.10.14 12:50:54.236,1.46804,1.46829,1.00,1.00
2015.10.14 12:50:54.592,1.46804,1.46832,1.00,1.00
2015.10.14 12:50:54.695,1.46805,1.4683,1.00,1.00
2015.10.14 12:50:55.000,1.46805,1.46833,1.00,1.00
2015.10.14 12:50:55.380,1.46808,1.46835,1.00,2.25
2015.10.14 12:50:55.688,1.46811,1.46834,1.00,1.12
2015.10.14 12:50:56.326,1.4681,1.46835,1.00,1.50
2015.10.14 12:50:56.873,1.46811,1.46834,1.00,1.37
2015.10.14 12:50:57.474,1.46813,1.46834,1.00,1.37
2015.10.14 12:50:57.886,1.46812,1.46835,1.00,1.00
2015.10.14 12:50:57.988,1.46812,1.46838,1.00,1.00
2015.10.14 12:50:58.091,1.46813,1.46834,1.00,1.00
2015.10.14 12:50:58.193,1.46813,1.46839,1.00,1.50
2015.10.14 12:50:58.733,1.46814,1.4684,1.00,1.00
2015.10.14 12:50:59.308,1.46814,1.46839,1.00,1.00
2015.10.14 12:50:59.841,1.46814,1.4684,1.00,1.50
2015.10.14 12:51:00.391,1.46814,1.46839,1.00,1.00
2015.10.14 12:51:00.939,1.46814,1.4684,1.00,1.50
2015.10.14 12:51:00.991,1.46814,1.46834,1.00,1.00
2015.10.14 12:51:01.094,1.46815,1.4684,1.00,1.00
2015.10.14 12:51:01.201,1.46812,1.46835,1.50,1.00
2015.10.14 12:51:01.303,1.46812,1.4684,1.50,1.50
2015.10.14 12:51:01.355,1.46812,1.46836,1.00,1.00
2015.10.14 12:51:01.663,1.46812,1.46829,1.00,1.00
2015.10.14 12:51:02.300,1.46812,1.46833,1.00,1.00
2015.10.14 12:51:02.555,1.46806,1.46834,1.50,1.00
2015.10.14 12:51:03.031,1.46808,1.46834,1.00,1.50
2015.10.14 12:51:03.406,1.46806,1.46834,1.50,1.50
2015.10.14 12:51:04.612,1.46807,1.46833,1.00,1.00
2015.10.14 12:51:04.866,1.46816,1.46834,1.00,1.00
2015.10.14 12:51:04.918,1.46816,1.46839,1.00,1.50
2015.10.14 12:51:04.969,1.46818,1.46839,1.00,1.00
2015.10.14 12:51:05.021,1.46818,1.46844,1.00,1.50
2015.10.14 12:51:05.173,1.46816,1.46842,1.50,1.00
2015.10.14 12:51:05.491,1.46818,1.46844,1.00,1.50
2015.10.14 12:51:07.751,1.46817,1.46843,1.50,1.00
2015.10.14 12:51:08.347,1.46818,1.46844,1.00,1.50
2015.10.14 12:51:08.879,1.46817,1.46839,2.25,1.00
2015.10.14 12:51:09.144,1.46817,1.46844,2.25,1.00
2015.10.14 12:51:09.480,1.46819,1.46844,1.00,1.00
2015.10.14 12:51:09.981,1.46818,1.46844,1.00,1.00
2015.10.14 12:51:10.489,1.46819,1.46844,1.00,1.00
2015.10.14 12:51:10.694,1.46817,1.46845,1.50,1.50
2015.10.14 12:51:10.796,1.46817,1.46839,1.00,1.00
2015.10.14 12:51:10.848,1.46813,1.46839,1.87,1.50
2015.10.14 12:51:10.951,1.46813,1.46839,2.25,1.00
2015.10.14 12:51:11.002,1.46816,1.46839,1.00,1.00
2015.10.14 12:51:11.547,1.46815,1.46839,1.00,1.00
2015.10.14 12:51:11.879,1.46817,1.4684,1.00,1.00
2015.10.14 12:51:12.084,1.46818,1.46844,1.00,1.00
2015.10.14 12:51:12.136,1.46821,1.46845,1.00,1.00
2015.10.14 12:51:12.543,1.4682,1.46843,1.50,1.00
2015.10.14 12:51:12.900,1.4682,1.46841,1.00,1.00
2015.10.14 12:51:13.003,1.4682,1.46844,1.00,1.00
2015.10.14 12:51:13.207,1.4682,1.46842,1.00,1.00
2015.10.14 12:51:13.309,1.4682,1.46844,1.00,1.50
2015.10.14 12:51:13.598,1.4682,1.46839,1.00,1.00
2015.10.14 12:51:14.229,1.46815,1.46839,1.00,1.00
2015.10.14 12:51:14.769,1.46816,1.46839,1.00,1.00
2015.10.14 12:51:14.871,1.46816,1.46842,1.00,1.00
2015.10.14 12:51:14.974,1.46816,1.46844,1.50,1.00
2015.10.14 12:51:15.077,1.4682,1.46844,1.00,1.00
2015.10.14 12:51:15.179,1.46816,1.46842,1.50,1.00
2015.10.14 12:51:15.282,1.46816,1.46844,1.50,1.50
2015.10.14 12:51:15.436,1.46818,1.46844,1.00,1.00
2015.10.14 12:51:15.963,1.46818,1.46845,1.00,1.00
2015.10.14 12:51:16.273,1.46816,1.46834,1.00,1.00
2015.10.14 12:51:16.605,1.46813,1.46834,1.00,1.00
2015.10.14 12:51:16.758,1.46813,1.46834,1.75,1.00
2015.10.14 12:51:16.962,1.46813,1.46839,2.25,1.00
2015.10.14 12:51:17.166,1.46814,1.46835,1.75,1.00
2015.10.14 12:51:17.582,1.46813,1.46839,2.25,1.00
2015.10.14 12:51:18.106,1.46815,1.4684,1.50,1.00
2015.10.14 12:51:18.622,1.46816,1.46839,1.12,1.00
2015.10.14 12:51:18.928,1.46822,1.46844,1.00,1.00
2015.10.14 12:51:19.031,1.4682,1.46844,1.00,1.00
2015.10.14 12:51:19.495,1.46824,1.46845,1.00,1.00
2015.10.14 12:51:19.699,1.4682,1.46845,1.00,1.00
2015.10.14 12:51:20.211,1.46821,1.46844,1.00,1.00
2015.10.14 12:51:20.416,1.46821,1.4684,1.00,1.00
2015.10.14 12:51:20.467,1.46819,1.46839,1.00,1.00
2015.10.14 12:51:20.571,1.46821,1.46845,1.00,1.00
2015.10.14 12:51:20.676,1.46824,1.46844,1.00,1.00
2015.10.14 12:51:20.780,1.46824,1.46847,1.00,1.00
2015.10.14 12:51:20.833,1.46824,1.46849,1.00,1.00
2015.10.14 12:51:21.040,1.46826,1.46849,1.00,1.00
2015.10.14 12:51:21.551,1.46827,1.46844,1.00,1.00
2015.10.14 12:51:21.807,1.46831,1.4685,1.00,1.00
2015.10.14 12:51:21.910,1.46832,1.46854,1.00,1.00
2015.10.14 12:51:22.247,1.4683,1.46856,1.00,1.00
2015.10.14 12:51:22.457,1.46828,1.46855,1.00,1.12
2015.10.14 12:51:22.559,1.46829,1.46855,1.34,1.12
2015.10.14 12:51:23.043,1.46841,1.46854,1.00,1.00
2015.10.14 12:51:23.145,1.46827,1.46855,1.50,1.87
2015.10.14 12:51:23.451,1.46827,1.46849,1.00,1.00
2015.10.14 12:51:23.553,1.46827,1.46852,1.00,1.00
2015.10.14 12:51:23.957,1.46824,1.4685,2.25,1.12
2015.10.14 12:51:24.263,1.4682,1.46845,1.75,1.00
2015.10.14 12:51:24.574,1.46819,1.46843,1.87,1.00
2015.10.14 12:51:25.020,1.46819,1.46844,1.12,1.00
2015.10.14 12:51:25.224,1.46821,1.46844,1.00,1.00
2015.10.14 12:51:25.530,1.46823,1.46844,1.00,1.00
2015.10.14 12:51:25.633,1.46821,1.46844,1.12,1.00
2015.10.14 12:51:25.886,1.46821,1.46844,1.75,1.00
2015.10.14 12:51:25.938,1.46826,1.4685,1.37,1.00
2015.10.14 12:51:25.989,1.46829,1.4685,1.00,1.00
2015.10.14 12:51:26.502,1.46829,1.46844,1.00,1.00
2015.10.14 12:51:26.975,1.46829,1.46847,1.00,1.00
2015.10.14 12:51:27.078,1.46829,1.46845,1.00,1.50
2015.10.14 12:51:27.231,1.46823,1.46843,1.00,1.00
2015.10.14 12:51:27.282,1.4682,1.46841,1.37,1.00
2015.10.14 12:51:27.800,1.4682,1.46841,1.00,1.00
2015.10.14 12:51:28.411,1.4682,1.46845,1.00,1.00
2015.10.14 12:51:28.514,1.46822,1.4685,1.75,2.25
2015.10.14 12:51:28.714,1.46825,1.4685,3.00,1.00
2015.10.14 12:51:28.953,1.46827,1.4685,1.37,1.00
2015.10.14 12:51:29.639,1.46826,1.4685,1.12,1.37
2015.10.14 12:51:29.691,1.46821,1.46846,1.75,1.00
2015.10.14 12:51:30.202,1.46825,1.46845,1.50,1.00
2015.10.14 12:51:30.355,1.46825,1.46849,1.00,1.00
2015.10.14 12:51:31.670,1.46825,1.46845,1.00,1.00
2015.10.14 12:51:31.989,1.46822,1.46844,1.00,1.00
2015.10.14 12:51:32.348,1.46822,1.4684,1.00,1.00
2015.10.14 12:51:32.552,1.46822,1.46844,1.00,1.75
2015.10.14 12:51:32.603,1.46819,1.46844,1.50,1.75
2015.10.14 12:51:33.121,1.46818,1.46845,1.00,1.75
2015.10.14 12:51:33.586,1.46819,1.46839,1.00,1.00
2015.10.14 12:51:34.101,1.46817,1.4684,1.00,1.00
2015.10.14 12:51:34.356,1.46817,1.46834,1.00,1.00
2015.10.14 12:51:34.458,1.46815,1.46834,1.87,1.00
2015.10.14 12:51:34.898,1.46817,1.46839,1.00,1.00
2015.10.14 12:51:35.448,1.46816,1.4684,1.00,1.00
2015.10.14 12:51:35.602,1.46819,1.4684,1.00,1.00
2015.10.14 12:51:35.653,1.46819,1.46844,1.00,1.75
2015.10.14 12:51:35.705,1.46824,1.46844,1.00,1.00
2015.10.14 12:51:35.807,1.46822,1.46847,1.00,1.37
2015.10.14 12:51:36.065,1.46822,1.46849,1.75,2.25
2015.10.14 12:51:36.116,1.46823,1.4685,1.87,1.12
2015.10.14 12:51:36.626,1.46828,1.4685,1.00,1.12
2015.10.14 12:51:36.780,1.46828,1.46849,1.00,1.50
2015.10.14 12:51:37.292,1.46823,1.46849,1.75,1.50
2015.10.14 12:51:38.234,1.46826,1.46851,1.50,1.00
2015.10.14 12:51:38.582,1.46829,1.46851,1.00,1.00
2015.10.14 12:51:38.785,1.46828,1.46854,1.00,1.00
2015.10.14 12:51:39.211,1.4683,1.46855,1.00,1.00
2015.10.14 12:51:39.364,1.46828,1.46854,1.50,1.00
2015.10.14 12:51:40.245,1.46826,1.46854,1.00,1.00
2015.10.14 12:51:40.348,1.46826,1.46852,1.00,1.00
2015.10.14 12:51:40.876,1.46825,1.46849,1.00,1.00
2015.10.14 12:51:41.235,1.46825,1.46844,1.00,1.00
2015.10.14 12:51:41.286,1.4682,1.46844,1.00,1.50
2015.10.14 12:51:41.643,1.4682,1.46842,1.00,1.00
2015.10.14 12:51:41.796,1.46816,1.46842,1.50,1.50
2015.10.14 12:51:41.848,1.46818,1.46839,1.00,1.00
2015.10.14 12:51:42.052,1.46818,1.46844,1.00,1.75
2015.10.14 12:51:42.544,1.46821,1.46847,1.00,1.75
2015.10.14 12:51:42.595,1.46821,1.46845,1.00,1.00
2015.10.14 12:51:42.647,1.46823,1.46845,1.00,1.00
2015.10.14 12:51:43.008,1.46825,1.46845,1.00,1.00
2015.10.14 12:51:43.534,1.46825,1.46844,1.00,1.00
2015.10.14 12:51:44.047,1.46825,1.46839,1.00,1.00
2015.10.14 12:51:44.150,1.46825,1.46844,1.00,1.00
2015.10.14 12:51:44.406,1.46819,1.46844,1.00,1.00
2015.10.14 12:51:44.714,1.46819,1.4684,1.00,1.00
2015.10.14 12:51:45.148,1.46819,1.46844,1.00,1.00
2015.10.14 12:51:45.604,1.46816,1.4684,1.00,1.00
2015.10.14 12:51:46.116,1.46814,1.46839,1.00,1.00
2015.10.14 12:51:46.271,1.46816,1.46839,1.00,1.00
2015.10.14 12:51:46.623,1.46814,1.4684,1.00,1.37
2015.10.14 12:51:46.828,1.46815,1.46841,1.00,1.00
2015.10.14 12:51:47.350,1.46817,1.46843,1.00,1.50
2015.10.14 12:51:48.562,1.46818,1.46843,1.00,1.00
2015.10.14 12:51:48.803,1.46816,1.46843,1.50,1.00
2015.10.14 12:51:49.128,1.46815,1.46841,1.12,1.00
2015.10.14 12:51:49.769,1.46815,1.4684,1.12,1.00
2015.10.14 12:51:50.435,1.46816,1.46839,1.00,1.00
2015.10.14 12:51:50.638,1.46815,1.46843,1.12,1.50
2015.10.14 12:51:50.875,1.46819,1.46843,1.00,1.00
2015.10.14 12:51:50.978,1.46817,1.46843,1.00,1.00
2015.10.14 12:51:51.133,1.46819,1.46843,1.00,1.00
2015.10.14 12:51:51.235,1.46821,1.46846,1.00,1.00
2015.10.14 12:51:51.440,1.46824,1.46849,1.00,1.50
2015.10.14 12:51:51.542,1.46825,1.4685,1.00,1.00
2015.10.14 12:51:52.066,1.46824,1.46849,1.00,1.00
2015.10.14 12:51:52.620,1.46823,1.46849,1.00,1.00
2015.10.14 12:51:53.195,1.46822,1.46848,1.00,1.00
2015.10.14 12:51:53.399,1.4682,1.46844,1.00,1.00
2015.10.14 12:51:53.921,1.4682,1.46845,1.00,1.12
2015.10.14 12:51:53.972,1.46818,1.46845,1.12,1.12
2015.10.14 12:51:54.435,1.4682,1.46844,1.00,1.00
2015.10.14 12:51:54.880,1.46824,1.4685,1.00,1.75
2015.10.14 12:51:54.934,1.46824,1.4685,1.00,1.12
2015.10.14 12:51:55.470,1.46824,1.46849,1.50,1.00
2015.10.14 12:51:56.008,1.46824,1.46848,1.00,1.00
2015.10.14 12:51:56.719,1.46824,1.46846,1.00,1.00
2015.10.14 12:51:56.924,1.46824,1.46849,1.00,1.00
2015.10.14 12:51:57.452,1.46824,1.46848,1.00,1.50
2015.10.14 12:51:57.555,1.46824,1.46845,1.00,1.00
2015.10.14 12:51:57.657,1.46822,1.46845,1.00,1.00
2015.10.14 12:51:58.189,1.46818,1.46844,1.00,1.00
2015.10.14 12:51:58.654,1.46817,1.46845,1.87,1.75
2015.10.14 12:51:58.960,1.4682,1.46848,1.00,3.00
2015.10.14 12:51:59.011,1.46818,1.46843,1.00,1.75
2015.10.14 12:51:59.529,1.46815,1.46841,1.50,1.12
2015.10.14 12:51:59.581,1.46814,1.46838,1.12,1.00
2015.10.14 12:51:59.786,1.46814,1.4684,1.87,1.00
2015.10.14 12:52:00.312,1.46817,1.46841,1.00,1.00
2015.10.14 12:52:00.823,1.46815,1.46842,1.50,1.00
2015.10.14 12:52:01.028,1.46815,1.4684,1.50,1.00
2015.10.14 12:52:01.270,1.46816,1.46842,1.37,1.00
2015.10.14 12:52:01.683,1.46822,1.46847,1.00,1.75
2015.10.14 12:52:01.786,1.46824,1.46848,1.00,2.25
2015.10.14 12:52:01.890,1.46821,1.46848,1.00,1.75
2015.10.14 12:52:02.413,1.46816,1.46844,1.00,1.37
2015.10.14 12:52:02.465,1.46818,1.46843,1.00,1.12
2015.10.14 12:52:02.773,1.46818,1.46843,1.00,1.75
2015.10.14 12:52:02.978,1.46815,1.46843,1.00,1.75
2015.10.14 12:52:03.184,1.46815,1.46835,1.00,1.34
2015.10.14 12:52:03.500,1.46804,1.46826,1.75,1.00
2015.10.14 12:52:03.858,1.46801,1.46829,2.25,2.25
2015.10.14 12:52:04.513,1.46804,1.46826,1.00,1.00
2015.10.14 12:52:04.861,1.46804,1.46828,1.00,1.00
2015.10.14 12:52:05.173,1.46804,1.46826,1.00,1.00
2015.10.14 12:52:06.084,1.46804,1.46825,1.00,1.00
2015.10.14 12:52:06.237,1.468,1.46824,1.00,1.50
2015.10.14 12:52:06.571,1.46795,1.46823,2.62,1.00
2015.10.14 12:52:07.088,1.46799,1.46825,1.00,1.50
2015.10.14 12:52:07.816,1.468,1.46826,1.00,2.25
2015.10.14 12:52:09.253,1.46798,1.46824,1.00,1.12
2015.10.14 12:52:09.752,1.46797,1.46822,1.00,1.00
2015.10.14 12:52:09.806,1.46795,1.46822,1.12,1.00
2015.10.14 12:52:09.908,1.46799,1.46825,1.00,1.50
2015.10.14 12:52:10.216,1.46793,1.46817,1.12,1.00
2015.10.14 12:52:10.617,1.46806,1.46829,1.00,1.37
2015.10.14 12:52:10.668,1.46806,1.46829,1.00,1.00
2015.10.14 12:52:11.198,1.46806,1.4683,1.00,1.00
2015.10.14 12:52:11.727,1.46806,1.46828,1.00,1.00
2015.10.14 12:52:13.039,1.46806,1.4683,1.00,2.25
2015.10.14 12:52:13.090,1.46807,1.4683,1.00,1.50
2015.10.14 12:52:13.244,1.46801,1.46827,1.00,1.50
2015.10.14 12:52:13.295,1.46801,1.46827,1.00,1.50
2015.10.14 12:52:13.347,1.46799,1.46827,1.50,1.75
2015.10.14 12:52:14.022,1.46799,1.46821,1.00,1.00
2015.10.14 12:52:14.533,1.46799,1.46825,1.00,1.75
2015.10.14 12:52:15.997,1.46798,1.46826,1.00,1.75
2015.10.14 12:52:17.008,1.468,1.46826,1.00,1.75
2015.10.14 12:52:17.418,1.46801,1.46827,1.00,1.50
2015.10.14 12:52:17.534,1.46802,1.4683,1.00,1.87
2015.10.14 12:52:17.585,1.46804,1.4683,1.00,1.50
2015.10.14 12:52:17.803,1.46811,1.46837,1.00,1.00
2015.10.14 12:52:17.907,1.46817,1.46839,1.00,1.75
2015.10.14 12:52:18.620,1.46817,1.46842,1.00,1.37
2015.10.14 12:52:18.722,1.46817,1.46842,1.00,1.84
2015.10.14 12:52:19.225,1.46817,1.46839,1.00,1.00
2015.10.14 12:52:19.533,1.46817,1.46842,1.00,1.75
2015.10.14 12:52:19.969,1.46817,1.46837,1.00,1.75
2015.10.14 12:52:20.277,1.46811,1.46834,1.00,1.12
2015.10.14 12:52:20.532,1.46811,1.46834,1.00,1.50
2015.10.14 12:52:20.955,1.46811,1.46836,1.00,1.75
2015.10.14 12:52:21.009,1.46811,1.46836,1.00,1.75
2015.10.14 12:52:21.710,1.46812,1.46838,1.00,1.75
2015.10.14 12:52:21.813,1.46812,1.46838,1.00,1.37
2015.10.14 12:52:23.358,1.46814,1.46838,1.00,1.37
2015.10.14 12:52:23.704,1.46814,1.46837,1.00,1.75
2015.10.14 12:52:26.216,1.46809,1.46835,1.12,1.50
2015.10.14 12:52:26.685,1.46807,1.46834,1.75,1.50
2015.10.14 12:52:27.088,1.46807,1.46832,2.25,1.50
2015.10.14 12:52:27.906,1.46803,1.46829,2.25,1.00
2015.10.14 12:52:28.543,1.46805,1.46831,1.75,1.37
2015.10.14 12:52:29.004,1.46806,1.46832,1.00,1.50
2015.10.14 12:52:29.363,1.46809,1.46835,1.00,1.75
2015.10.14 12:52:29.771,1.46807,1.46832,1.00,1.50
2015.10.14 12:52:30.301,1.46808,1.46835,1.00,1.75
2015.10.14 12:52:31.788,1.46807,1.46834,1.00,1.75
2015.10.14 12:52:32.489,1.46806,1.46832,1.00,1.50
2015.10.14 12:52:33.061,1.46806,1.46832,1.00,1.00
2015.10.14 12:52:33.941,1.46807,1.46833,1.00,1.12
2015.10.14 12:52:34.490,1.46808,1.46836,1.00,1.75
2015.10.14 12:52:34.929,1.46813,1.46839,1.00,1.75
2015.10.14 12:52:35.288,1.46813,1.46839,1.00,1.50
2015.10.14 12:52:35.340,1.46815,1.46843,1.00,1.75
2015.10.14 12:52:35.443,1.46818,1.46843,1.00,1.50
2015.10.14 12:52:35.647,1.46818,1.46845,1.00,1.12
2015.10.14 12:52:35.904,1.4682,1.46846,1.00,1.50
2015.10.14 12:52:36.437,1.46821,1.46847,1.00,1.75
2015.10.14 12:52:36.947,1.46822,1.4685,1.00,1.75
2015.10.14 12:52:37.499,1.46821,1.46847,1.00,1.75
2015.10.14 12:52:37.833,1.46818,1.46844,1.00,1.75
2015.10.14 12:52:38.247,1.46817,1.46839,1.00,1.00
2015.10.14 12:52:38.753,1.46818,1.46839,1.00,1.00
2015.10.14 12:52:38.908,1.46818,1.46841,1.00,1.12
2015.10.14 12:52:39.112,1.46818,1.46838,1.00,1.00
2015.10.14 12:52:39.580,1.46818,1.46838,1.00,1.75
2015.10.14 12:52:39.970,1.46814,1.46837,1.00,1.50
2015.10.14 12:52:40.431,1.46811,1.46837,2.62,1.37
2015.10.14 12:52:40.482,1.46811,1.46837,2.25,1.75
2015.10.14 12:52:40.985,1.46811,1.46833,1.50,1.50
2015.10.14 12:52:42.209,1.46811,1.46834,1.00,1.75
2015.10.14 12:52:42.522,1.46811,1.46833,1.00,1.84
2015.10.14 12:52:42.828,1.46811,1.46826,1.00,1.50
2015.10.14 12:52:42.879,1.46811,1.46826,1.00,1.50
2015.10.14 12:52:43.605,1.46801,1.46827,1.50,1.37
2015.10.14 12:52:43.860,1.46805,1.4683,1.00,1.37
2015.10.14 12:52:44.280,1.46803,1.46829,1.00,1.12
2015.10.14 12:52:44.383,1.46806,1.46831,1.00,1.50
2015.10.14 12:52:44.895,1.46805,1.4683,1.00,1.37
2015.10.14 12:52:46.063,1.46801,1.46829,3.37,1.12
2015.10.14 12:52:46.594,1.46806,1.46829,1.00,1.12
2015.10.14 12:52:47.348,1.46805,1.4683,1.00,1.37
2015.10.14 12:52:49.781,1.46806,1.46832,1.00,1.75
2015.10.14 12:52:50.429,1.46811,1.4683,1.00,1.37
2015.10.14 12:52:51.270,1.4681,1.46832,1.00,1.12
2015.10.14 12:52:51.324,1.46806,1.46832,1.50,1.12
2015.10.14 12:52:51.426,1.4681,1.46833,1.00,1.50
2015.10.14 12:52:51.934,1.46811,1.46834,1.00,1.75
2015.10.14 12:52:52.807,1.46811,1.46835,1.00,1.75
2015.10.14 12:52:53.063,1.46806,1.46834,1.87,1.75
2015.10.14 12:52:53.114,1.46811,1.46834,1.00,1.75
2015.10.14 12:52:53.661,1.46806,1.46833,1.00,1.75
2015.10.14 12:52:54.299,1.46806,1.46834,1.50,1.75
2015.10.14 12:52:54.350,1.46806,1.46833,1.50,1.00
2015.10.14 12:52:54.401,1.46811,1.46833,1.00,1.00
2015.10.14 12:52:55.039,1.46811,1.46835,1.00,1.12
2015.10.14 12:52:57.045,1.46805,1.4683,2.25,1.00
2015.10.14 12:52:57.148,1.46805,1.46829,1.12,1.00
2015.10.14 12:52:57.689,1.46806,1.46826,1.00,1.00
2015.10.14 12:52:57.995,1.46798,1.46821,1.75,1.00
2015.10.14 12:52:58.505,1.46801,1.46821,1.50,1.50
2015.10.14 12:52:59.012,1.46801,1.46821,1.00,1.50
2015.10.14 12:52:59.321,1.46806,1.46824,1.00,1.75
2015.10.14 12:52:59.424,1.46806,1.46823,1.00,1.00
2015.10.14 12:52:59.526,1.46806,1.46825,1.00,1.00
2015.10.14 12:52:59.628,1.46806,1.46822,1.00,1.00
2015.10.14 12:52:59.899,1.46801,1.46826,1.00,1.12
2015.10.14 12:53:01.096,1.46806,1.46826,1.00,1.12
2015.10.14 12:53:01.413,1.468,1.46823,1.12,1.00
2015.10.14 12:53:01.517,1.46795,1.46821,1.12,1.37
2015.10.14 12:53:01.619,1.46795,1.4682,1.00,1.75
2015.10.14 12:53:01.823,1.46781,1.46806,1.50,1.75
2015.10.14 12:53:01.926,1.4678,1.46806,1.00,1.00
2015.10.14 12:53:02.112,1.4678,1.46806,1.00,1.37
2015.10.14 12:53:02.180,1.46778,1.46804,1.00,1.12
2015.10.14 12:53:02.233,1.46781,1.46804,1.00,1.00
2015.10.14 12:53:02.285,1.46781,1.46807,2.25,1.00
2015.10.14 12:53:02.540,1.46782,1.4681,1.75,1.37
2015.10.14 12:53:02.946,1.46785,1.46811,1.75,1.50
2015.10.14 12:53:03.552,1.46787,1.46813,1.37,1.50
2015.10.14 12:53:03.908,1.46787,1.46815,1.37,1.12
2015.10.14 12:53:04.284,1.4679,1.46815,1.00,1.12
2015.10.14 12:53:04.489,1.46787,1.46814,1.37,1.00
2015.10.14 12:53:04.693,1.46788,1.46816,1.87,1.12
2015.10.14 12:53:04.744,1.4679,1.46816,1.75,1.00
2015.10.14 12:53:04.796,1.46792,1.46818,1.75,1.00
2015.10.14 12:53:04.847,1.46792,1.46818,1.75,1.00
2015.10.14 12:53:04.898,1.46797,1.46825,1.50,2.25
2015.10.14 12:53:04.950,1.468,1.46825,1.00,1.87
2015.10.14 12:53:05.555,1.46803,1.46824,1.00,1.00
2015.10.14 12:53:06.076,1.46803,1.46825,1.00,1.00
2015.10.14 12:53:06.332,1.46799,1.46825,1.12,1.00
2015.10.14 12:53:06.436,1.46803,1.46829,1.50,1.00
2015.10.14 12:53:06.742,1.46806,1.4683,1.00,1.00
2015.10.14 12:53:06.793,1.4681,1.46836,1.00,1.50
2015.10.14 12:53:07.630,1.4681,1.46836,1.37,1.50
2015.10.14 12:53:08.518,1.46809,1.46835,1.50,1.00
2015.10.14 12:53:08.751,1.46809,1.46832,1.50,1.00
2015.10.14 12:53:09.057,1.46806,1.46832,1.50,1.00
2015.10.14 12:53:09.615,1.46806,1.46831,1.50,1.00
2015.10.14 12:53:10.209,1.46806,1.4683,1.00,1.00
2015.10.14 12:53:10.515,1.46806,1.46828,1.00,1.00
2015.10.14 12:53:11.028,1.46806,1.46829,1.00,1.00
2015.10.14 12:53:11.558,1.46804,1.4683,1.37,1.00
2015.10.14 12:53:11.938,1.46805,1.46833,1.12,1.12
2015.10.14 12:53:12.040,1.46805,1.46833,1.75,1.00
2015.10.14 12:53:12.562,1.46807,1.46832,1.75,1.00
2015.10.14 12:53:13.141,1.46807,1.4683,1.75,1.00
2015.10.14 12:53:13.765,1.46804,1.4683,1.00,1.00
2015.10.14 12:53:13.816,1.46803,1.46828,1.00,1.00
2015.10.14 12:53:14.021,1.46799,1.46825,1.12,1.00
2015.10.14 12:53:14.175,1.46799,1.46821,1.12,1.00
2015.10.14 12:53:14.379,1.46795,1.46821,1.00,1.00
2015.10.14 12:53:14.748,1.46794,1.46817,1.00,1.00
2015.10.14 12:53:15.553,1.46793,1.46817,1.00,1.00
2015.10.14 12:53:15.890,1.4679,1.46815,1.50,1.00
2015.10.14 12:53:16.349,1.4679,1.46812,1.50,1.00
2015.10.14 12:53:16.554,1.46786,1.46809,1.00,1.00
2015.10.14 12:53:16.968,1.46782,1.46808,1.12,1.37
2015.10.14 12:53:17.275,1.46773,1.46796,1.12,1.00
2015.10.14 12:53:17.378,1.46773,1.46798,1.12,1.00
2015.10.14 12:53:17.923,1.46773,1.46799,1.87,1.00
2015.10.14 12:53:18.457,1.46774,1.468,1.50,1.00
2015.10.14 12:53:18.966,1.46773,1.468,1.00,1.12
2015.10.14 12:53:19.249,1.46772,1.46794,1.37,1.00
2015.10.14 12:53:19.301,1.4677,1.46794,1.00,1.00
2015.10.14 12:53:19.455,1.4677,1.46789,1.00,1.00
2015.10.14 12:53:19.659,1.46766,1.46789,1.00,1.00
2015.10.14 12:53:19.711,1.4677,1.4679,1.00,1.00
2015.10.14 12:53:19.916,1.4677,1.46792,1.00,1.00
2015.10.14 12:53:20.021,1.4677,1.46795,1.00,1.37
2015.10.14 12:53:20.328,1.46771,1.46797,1.00,1.00
2015.10.14 12:53:20.430,1.46775,1.46797,1.00,1.00
2015.10.14 12:53:20.482,1.46776,1.46802,1.00,1.12
2015.10.14 12:53:20.585,1.46777,1.46805,1.00,1.75
2015.10.14 12:53:20.892,1.46772,1.46798,1.75,1.00
2015.10.14 12:53:20.995,1.46772,1.46798,1.00,1.00
2015.10.14 12:53:21.318,1.46774,1.468,1.00,1.12
2015.10.14 12:53:21.661,1.46772,1.468,1.00,1.12
2015.10.14 12:53:22.594,1.46773,1.468,1.00,1.00
2015.10.14 12:53:22.798,1.46775,1.46801,1.00,1.00
2015.10.14 12:53:23.106,1.46775,1.46802,2.25,1.00
2015.10.14 12:53:23.432,1.46781,1.46803,1.00,1.00
2015.10.14 12:53:24.229,1.46781,1.46805,1.00,1.00
2015.10.14 12:53:24.741,1.46782,1.46805,1.00,1.00
2015.10.14 12:53:25.391,1.46782,1.46804,1.00,1.00
2015.10.14 12:53:25.544,1.46782,1.46808,1.00,1.00
2015.10.14 12:53:25.735,1.46782,1.46806,1.00,1.00
2015.10.14 12:53:26.408,1.4678,1.46806,1.12,1.00
2015.10.14 12:53:26.614,1.4678,1.46804,1.12,1.00
2015.10.14 12:53:27.223,1.46779,1.46805,1.50,1.00
2015.10.14 12:53:27.637,1.46775,1.46803,2.25,1.00
2015.10.14 12:53:28.100,1.46776,1.46802,1.00,1.00
2015.10.14 12:53:28.307,1.46779,1.46802,1.00,1.00
2015.10.14 12:53:28.613,1.46779,1.468,1.00,1.00
2015.10.14 12:53:29.264,1.46779,1.46798,1.00,1.00
2015.10.14 12:53:29.429,1.46772,1.468,3.00,1.00
2015.10.14 12:53:29.480,1.46776,1.46804,1.50,1.00
2015.10.14 12:53:29.991,1.46777,1.46805,1.00,1.50
2015.10.14 12:53:30.686,1.46776,1.46803,1.00,1.00
2015.10.14 12:53:30.991,1.46777,1.46804,1.75,1.00
2015.10.14 12:53:31.500,1.46778,1.46805,1.75,1.00
2015.10.14 12:53:32.110,1.46782,1.46808,1.00,1.12
2015.10.14 12:53:32.214,1.46785,1.46808,1.00,1.00
2015.10.14 12:53:32.265,1.46785,1.46811,1.50,1.00
2015.10.14 12:53:32.419,1.46785,1.46811,2.25,1.00
2015.10.14 12:53:32.623,1.46787,1.46811,1.00,1.00
2015.10.14 12:53:32.938,1.46787,1.46809,1.00,1.00
2015.10.14 12:53:33.142,1.46787,1.46812,1.00,1.00
2015.10.14 12:53:33.653,1.46787,1.46809,1.00,1.00
2015.10.14 12:53:34.537,1.46787,1.46811,1.00,1.00
2015.10.14 12:53:34.749,1.46787,1.46813,1.00,1.00
2015.10.14 12:53:35.432,1.46787,1.46811,1.00,1.00
2015.10.14 12:53:36.057,1.46787,1.46812,1.00,1.00
2015.10.14 12:53:36.411,1.46787,1.46814,1.00,1.00
2015.10.14 12:53:36.958,1.46788,1.46814,1.00,1.00
2015.10.14 12:53:38.092,1.46787,1.46813,2.25,1.00
2015.10.14 12:53:38.743,1.46787,1.46812,1.50,1.00
2015.10.14 12:53:39.278,1.46787,1.46811,1.00,1.00
2015.10.14 12:53:40.154,1.46787,1.46812,1.50,1.00
2015.10.14 12:53:40.616,1.4679,1.46812,1.00,1.00
2015.10.14 12:53:41.158,1.4679,1.46811,1.00,1.00
2015.10.14 12:53:41.616,1.46787,1.46811,1.50,1.00
2015.10.14 12:53:44.142,1.46787,1.46812,1.50,1.00
2015.10.14 12:53:44.676,1.46787,1.46811,1.50,1.00
2015.10.14 12:53:44.932,1.46787,1.46812,1.75,1.00
2015.10.14 12:53:45.762,1.46787,1.46813,1.75,1.00
2015.10.14 12:53:46.528,1.4679,1.46811,1.75,1.00
2015.10.14 12:53:47.286,1.4679,1.46813,1.75,1.00
2015.10.14 12:53:47.920,1.46787,1.46815,2.25,1.00
2015.10.14 12:53:48.076,1.46788,1.46812,1.75,1.00
2015.10.14 12:53:48.619,1.46786,1.46811,1.75,1.00
2015.10.14 12:53:49.155,1.46786,1.46812,1.75,1.00
2015.10.14 12:53:51.688,1.46791,1.46814,1.50,1.00
2015.10.14 12:53:52.205,1.46791,1.46812,1.50,1.00
2015.10.14 12:53:53.515,1.46791,1.46812,1.12,1.00
2015.10.14 12:53:53.926,1.46788,1.46812,1.00,1.00
2015.10.14 12:53:54.132,1.46788,1.46809,1.00,1.00
2015.10.14 12:53:54.769,1.46788,1.46808,1.00,1.00
2015.10.14 12:53:54.921,1.46788,1.46811,1.00,1.00
2015.10.14 12:53:57.624,1.46786,1.46812,1.75,1.00
2015.10.14 12:54:00.264,1.46786,1.46813,1.75,1.00
2015.10.14 12:54:00.827,1.46786,1.46812,2.25,1.00
2015.10.14 12:54:01.236,1.46786,1.4681,2.25,1.00
2015.10.14 12:54:04.258,1.46784,1.4681,1.12,1.00
2015.10.14 12:54:04.971,1.46785,1.46807,1.00,1.00
2015.10.14 12:54:05.176,1.46782,1.46806,1.50,1.00
2015.10.14 12:54:05.483,1.46782,1.46809,1.50,1.37
2015.10.14 12:54:06.167,1.46782,1.46809,1.00,1.37
2015.10.14 12:54:06.668,1.46781,1.46809,1.50,1.37
2015.10.14 12:54:06.868,1.4678,1.46803,1.22,1.00
2015.10.14 12:54:07.226,1.46777,1.46801,1.22,1.00
2015.10.14 12:54:07.736,1.46777,1.46802,1.97,1.00
2015.10.14 12:54:08.295,1.46779,1.46803,1.22,1.00
2015.10.14 12:54:08.448,1.46779,1.46805,1.97,1.00
2015.10.14 12:54:08.552,1.46779,1.46807,1.97,1.00
2015.10.14 12:54:09.085,1.46779,1.46805,1.22,1.00
2015.10.14 12:54:11.292,1.46779,1.46803,1.59,1.00
2015.10.14 12:54:11.598,1.4678,1.46803,1.22,1.00
2015.10.14 12:54:12.113,1.46778,1.46804,2.34,1.00
2015.10.14 12:54:12.267,1.4678,1.46806,2.34,1.00
2015.10.14 12:54:13.018,1.4678,1.46802,1.12,1.00
2015.10.14 12:54:13.171,1.46778,1.46804,1.22,1.00
2015.10.14 12:54:13.273,1.46776,1.46801,2.34,1.00
2015.10.14 12:54:14.365,1.46776,1.468,1.84,1.00
2015.10.14 12:54:15.822,1.46775,1.46801,1.94,1.00
2015.10.14 12:54:15.994,1.46775,1.46803,2.42,1.00
2015.10.14 12:54:16.563,1.46776,1.46799,1.09,1.00
2015.10.14 12:54:17.029,1.4677,1.46797,1.94,1.00
2015.10.14 12:54:17.439,1.46774,1.46799,1.29,1.00
2015.10.14 12:54:18.773,1.46775,1.46801,1.09,1.12
2015.10.14 12:54:19.724,1.46774,1.46799,1.29,1.00
2015.10.14 12:54:20.239,1.46772,1.46798,1.67,1.00
2015.10.14 12:54:20.889,1.46772,1.46799,1.67,1.00
2015.10.14 12:54:21.179,1.46773,1.46801,1.54,1.12
2015.10.14 12:54:21.688,1.46776,1.46801,1.84,1.00
2015.10.14 12:54:21.841,1.46777,1.46805,1.59,1.00
2015.10.14 12:54:22.130,1.46776,1.46803,1.84,1.00
2015.10.14 12:54:22.595,1.46774,1.468,1.94,1.00
2015.10.14 12:54:23.216,1.46773,1.46798,1.29,1.00
2015.10.14 12:54:24.033,1.46773,1.46798,1.29,1.00
2015.10.14 12:54:24.703,1.46771,1.46796,1.17,1.00
2015.10.14 12:54:25.164,1.46776,1.46799,1.09,1.37
2015.10.14 12:54:25.267,1.46776,1.46802,1.09,1.12
2015.10.14 12:54:25.567,1.46776,1.46799,1.09,1.00
2015.10.14 12:54:25.874,1.4677,1.46795,1.92,1.00
2015.10.14 12:54:26.335,1.46771,1.46797,2.42,1.00
2015.10.14 12:54:26.857,1.46771,1.46797,2.42,1.00
2015.10.14 12:54:26.910,1.46771,1.46794,1.67,1.00
2015.10.14 12:54:27.476,1.46768,1.46792,1.39,1.00
2015.10.14 12:54:27.825,1.46768,1.4679,1.25,1.00
2015.10.14 12:54:28.183,1.46764,1.4679,1.75,1.00
2015.10.14 12:54:28.438,1.4677,1.46795,1.00,1.00
2015.10.14 12:54:28.490,1.4677,1.46797,2.25,1.00
2015.10.14 12:54:28.541,1.4677,1.46795,1.50,1.00
2015.10.14 12:54:29.078,1.4677,1.46794,1.00,1.00
2015.10.14 12:54:29.284,1.46773,1.468,1.50,1.00
2015.10.14 12:54:29.489,1.46772,1.468,1.50,1.75
2015.10.14 12:54:30.081,1.46772,1.46797,1.00,1.00
2015.10.14 12:54:30.765,1.46772,1.46795,1.00,1.00
2015.10.14 12:54:31.494,1.46772,1.46796,1.75,1.00
2015.10.14 12:54:31.901,1.46775,1.46798,1.37,1.00
2015.10.14 12:54:32.398,1.46771,1.46797,1.12,1.00
2015.10.14 12:54:32.946,1.46772,1.46797,1.00,1.00
2015.10.14 12:54:33.104,1.46772,1.468,1.50,1.37
2015.10.14 12:54:33.307,1.46772,1.468,2.25,1.00
2015.10.14 12:54:33.854,1.46775,1.46801,1.37,1.12
2015.10.14 12:54:34.162,1.46779,1.46801,1.00,1.00
2015.10.14 12:54:34.673,1.46779,1.46802,1.00,1.00
2015.10.14 12:54:35.191,1.46779,1.46801,1.00,1.00
2015.10.14 12:54:35.497,1.46779,1.46797,1.12,1.00
2015.10.14 12:54:36.170,1.46778,1.46798,1.37,1.00
2015.10.14 12:54:36.629,1.46776,1.46793,1.75,1.00
2015.10.14 12:54:36.936,1.46774,1.46794,1.37,1.00
2015.10.14 12:54:37.447,1.46774,1.46793,1.37,1.34
2015.10.14 12:54:37.550,1.46768,1.46789,1.00,1.00
2015.10.14 12:54:37.653,1.46763,1.46789,1.12,1.00
2015.10.14 12:54:37.705,1.46765,1.46789,1.37,1.00
2015.10.14 12:54:37.807,1.46764,1.4679,1.50,1.00
2015.10.14 12:54:37.859,1.46767,1.46794,1.00,1.75
2015.10.14 12:54:38.165,1.46769,1.46795,1.75,1.00
2015.10.14 12:54:39.293,1.46768,1.46793,1.75,1.00
2015.10.14 12:54:39.396,1.46768,1.46796,1.75,1.00
2015.10.14 12:54:39.726,1.46777,1.46799,1.00,1.00
2015.10.14 12:54:40.592,1.46777,1.46801,1.00,1.00
2015.10.14 12:54:40.873,1.46774,1.468,2.25,1.00
2015.10.14 12:54:40.975,1.46777,1.468,1.00,1.00
2015.10.14 12:54:41.026,1.46775,1.468,1.12,1.00
2015.10.14 12:54:41.129,1.46773,1.46797,1.75,1.00
2015.10.14 12:54:41.332,1.4677,1.46795,1.75,1.00
2015.10.14 12:54:41.903,1.46771,1.46798,1.50,1.00
2015.10.14 12:54:41.955,1.46776,1.46798,1.00,1.00
2015.10.14 12:54:42.007,1.46771,1.46798,1.50,1.00
2015.10.14 12:54:42.109,1.46775,1.46798,1.00,1.00
2015.10.14 12:54:42.417,1.46775,1.46795,1.00,1.00
2015.10.14 12:54:42.468,1.46775,1.46797,1.00,1.00
2015.10.14 12:54:42.877,1.46775,1.468,1.00,1.37
2015.10.14 12:54:42.929,1.46776,1.46801,1.00,1.00
2015.10.14 12:54:43.032,1.46781,1.46806,1.00,1.75
2015.10.14 12:54:43.137,1.46781,1.46806,1.12,1.00
2015.10.14 12:54:43.445,1.46775,1.46803,1.75,1.00
2015.10.14 12:54:43.897,1.46779,1.46805,1.50,1.00
2015.10.14 12:54:44.000,1.46784,1.4681,1.00,2.62
2015.10.14 12:54:44.308,1.46786,1.46808,1.00,1.00
2015.10.14 12:54:44.614,1.46786,1.46806,1.00,1.00
2015.10.14 12:54:44.888,1.46776,1.46804,2.25,1.00
2015.10.14 12:54:44.990,1.46775,1.46794,1.87,1.00
2015.10.14 12:54:45.042,1.46775,1.46794,1.12,1.00
2015.10.14 12:54:45.093,1.46772,1.46797,1.75,1.00
2015.10.14 12:54:45.145,1.46774,1.46797,1.00,1.00
2015.10.14 12:54:45.349,1.46774,1.46799,1.00,1.00
2015.10.14 12:54:45.553,1.46774,1.46796,1.00,1.00
2015.10.14 12:54:50.225,1.46774,1.46797,1.00,1.00
2015.10.14 12:54:51.171,1.46774,1.46799,1.00,1.00
2015.10.14 12:54:51.324,1.46771,1.46799,2.62,1.00
2015.10.14 12:54:55.206,1.46777,1.468,1.00,1.00
2015.10.14 12:54:56.450,1.46777,1.46801,1.00,1.00
2015.10.14 12:54:56.756,1.46777,1.46799,1.00,1.00
2015.10.14 12:54:57.266,1.46777,1.468,1.00,1.00
2015.10.14 12:54:57.770,1.46777,1.46799,1.00,1.00
2015.10.14 12:54:57.978,1.46777,1.46801,1.00,1.00
2015.10.14 12:55:00.269,1.46771,1.46794,1.75,1.00
2015.10.14 12:55:00.321,1.46771,1.46794,1.75,1.00
2015.10.14 12:55:00.373,1.46771,1.46794,1.37,1.00
2015.10.14 12:55:00.628,1.46771,1.46792,1.37,1.00
2015.10.14 12:55:00.934,1.46771,1.46794,1.37,1.00
2015.10.14 12:55:01.242,1.4677,1.46794,1.87,1.00
2015.10.14 12:55:01.395,1.46774,1.46797,1.00,1.00
2015.10.14 12:55:03.932,1.46774,1.46795,1.00,1.00
2015.10.14 12:55:04.670,1.46774,1.46797,1.00,1.00
2015.10.14 12:55:04.774,1.46776,1.46797,1.50,1.00
2015.10.14 12:55:04.827,1.46776,1.46804,2.25,1.12
2015.10.14 12:55:05.135,1.46779,1.46804,1.00,1.12
2015.10.14 12:55:05.638,1.4678,1.46806,1.00,1.12
2015.10.14 12:55:05.689,1.46779,1.46804,1.00,1.00
2015.10.14 12:55:05.995,1.46775,1.46803,2.25,1.00
2015.10.14 12:55:06.046,1.4678,1.46803,1.00,1.00
2015.10.14 12:55:06.353,1.4678,1.46801,1.00,1.00
2015.10.14 12:55:06.404,1.46775,1.46801,2.25,1.00
2015.10.14 12:55:06.558,1.46776,1.46795,1.50,1.00
2015.10.14 12:55:06.711,1.46774,1.46795,1.00,1.00
2015.10.14 12:55:06.928,1.46773,1.46793,1.00,1.00
2015.10.14 12:55:06.979,1.4677,1.46796,2.62,1.00
2015.10.14 12:55:07.081,1.46771,1.46796,1.50,1.00
2015.10.14 12:55:07.388,1.46775,1.46801,2.25,1.00
2015.10.14 12:55:07.943,1.46775,1.468,1.75,1.00
2015.10.14 12:55:08.491,1.46776,1.46801,1.75,1.00
2015.10.14 12:55:09.757,1.46777,1.46803,1.50,1.00
2015.10.14 12:55:11.925,1.4678,1.46802,1.00,1.00
2015.10.14 12:55:12.773,1.46776,1.46802,2.25,1.00
2015.10.14 12:55:13.293,1.4678,1.46802,1.00,1.00
2015.10.14 12:55:13.803,1.46776,1.46803,2.25,1.00
2015.10.14 12:55:14.456,1.4678,1.46803,1.00,1.00
2015.10.14 12:55:15.296,1.46781,1.46803,1.00,1.00
2015.10.14 12:55:15.589,1.46781,1.46806,1.50,1.00
2015.10.14 12:55:15.640,1.46791,1.46806,1.00,1.00
2015.10.14 12:55:15.793,1.46796,1.46815,1.50,1.37
2015.10.14 12:55:15.947,1.46796,1.46822,2.25,2.25
2015.10.14 12:55:16.131,1.46796,1.4682,1.50,1.00
2015.10.14 12:55:16.645,1.46796,1.46821,1.50,1.00
2015.10.14 12:55:16.696,1.46797,1.46823,1.37,1.00
2015.10.14 12:55:16.748,1.468,1.46823,1.00,1.00
2015.10.14 12:55:16.800,1.468,1.46826,1.50,1.50
2015.10.14 12:55:17.004,1.46797,1.46823,1.75,1.00
2015.10.14 12:55:17.276,1.46796,1.46821,1.50,1.00
2015.10.14 12:55:17.430,1.46797,1.46823,1.12,1.00
2015.10.14 12:55:17.692,1.46796,1.46821,1.50,1.00
2015.10.14 12:55:18.100,1.46797,1.46823,1.12,1.00
2015.10.14 12:55:18.635,1.46798,1.46824,1.00,1.00
2015.10.14 12:55:18.745,1.46797,1.46822,1.12,1.00
2015.10.14 12:55:19.051,1.468,1.46823,1.00,1.00
2015.10.14 12:55:19.565,1.46797,1.46823,2.25,1.00
2015.10.14 12:55:19.769,1.468,1.46826,1.50,1.00
2015.10.14 12:55:20.023,1.46801,1.46827,1.75,1.00
2015.10.14 12:55:20.329,1.46804,1.46832,1.75,1.00
2015.10.14 12:55:20.551,1.46805,1.4683,1.75,1.00
2015.10.14 12:55:21.070,1.46806,1.46829,1.50,1.00
2015.10.14 12:55:21.540,1.46804,1.46829,1.75,1.00
2015.10.14 12:55:21.591,1.46803,1.46827,1.75,1.00
2015.10.14 12:55:21.643,1.46803,1.46829,1.75,1.00
2015.10.14 12:55:21.949,1.46801,1.46827,1.75,1.00
2015.10.14 12:55:22.204,1.46805,1.46832,1.37,1.00
2015.10.14 12:55:22.667,1.46804,1.46829,1.50,1.00
2015.10.14 12:55:23.187,1.46802,1.4683,1.75,1.00
2015.10.14 12:55:23.867,1.46804,1.46829,1.50,1.00
2015.10.14 12:55:24.174,1.46801,1.46825,1.12,1.00
2015.10.14 12:55:24.695,1.46801,1.46824,1.75,1.00
2015.10.14 12:55:25.018,1.46801,1.46826,1.75,1.00
2015.10.14 12:55:25.171,1.46801,1.46828,1.75,1.00
2015.10.14 12:55:25.274,1.46801,1.46826,1.75,1.00
2015.10.14 12:55:25.479,1.46801,1.46828,1.75,1.00
2015.10.14 12:55:25.683,1.46801,1.46821,1.75,1.00
2015.10.14 12:55:25.735,1.46801,1.46821,1.00,1.00
2015.10.14 12:55:25.787,1.46797,1.46821,1.12,1.00
2015.10.14 12:55:26.086,1.46797,1.46823,1.00,1.00
2015.10.14 12:55:26.138,1.46797,1.4682,1.00,1.00
2015.10.14 12:55:26.241,1.46797,1.46822,1.00,1.00
2015.10.14 12:55:26.570,1.46797,1.46824,1.00,1.00
2015.10.14 12:55:27.476,1.46797,1.46822,1.00,1.00
2015.10.14 12:55:27.528,1.46795,1.46821,1.00,1.00
2015.10.14 12:55:27.579,1.46795,1.46817,1.00,1.00
2015.10.14 12:55:27.682,1.46795,1.4682,1.00,1.00
2015.10.14 12:55:28.351,1.46791,1.46817,1.00,1.75
2015.10.14 12:55:28.454,1.46787,1.46813,1.50,1.00
2015.10.14 12:55:28.556,1.46786,1.46809,1.00,1.00
2015.10.14 12:55:28.607,1.46783,1.46809,1.12,1.00
2015.10.14 12:55:28.946,1.46785,1.46809,1.00,1.00
2015.10.14 12:55:29.205,1.46785,1.46811,1.00,1.50
2015.10.14 12:55:29.470,1.46785,1.46809,1.00,1.00
2015.10.14 12:55:29.991,1.46786,1.46809,1.00,1.00
2015.10.14 12:55:30.675,1.46786,1.46811,1.37,1.50
2015.10.14 12:55:32.485,1.46787,1.46813,1.00,1.50
2015.10.14 12:55:32.944,1.4679,1.46814,1.00,1.75
2015.10.14 12:55:33.213,1.46792,1.46817,1.00,1.00
2015.10.14 12:55:33.673,1.46792,1.4682,1.37,1.50
2015.10.14 12:55:33.724,1.4679,1.46816,1.37,1.00
2015.10.14 12:55:33.775,1.4679,1.46816,1.12,1.00
2015.10.14 12:55:33.826,1.46788,1.46814,1.75,1.00
2015.10.14 12:55:34.695,1.46786,1.46813,1.87,1.00
2015.10.14 12:55:35.703,1.4679,1.46816,1.12,1.00
2015.10.14 12:55:35.857,1.46792,1.46817,1.12,1.00
2015.10.14 12:55:36.162,1.46796,1.46821,1.37,1.12
2015.10.14 12:55:36.214,1.46796,1.46821,1.00,1.12
2015.10.14 12:55:36.316,1.46796,1.46821,1.87,1.12
2015.10.14 12:55:36.828,1.46796,1.46821,1.87,1.12
2015.10.14 12:55:37.134,1.46792,1.4682,1.87,1.37
2015.10.14 12:55:37.186,1.46792,1.46819,1.50,1.00
2015.10.14 12:55:37.238,1.4679,1.46818,1.50,1.00
2015.10.14 12:55:37.809,1.46793,1.46819,1.00,1.50
2015.10.14 12:55:38.115,1.46793,1.46821,1.37,1.12
2015.10.14 12:55:38.218,1.46793,1.46819,1.37,1.00
2015.10.14 12:55:38.577,1.46791,1.46817,1.75,1.00
2015.10.14 12:55:38.955,1.46791,1.46815,1.75,1.00
2015.10.14 12:55:40.403,1.46795,1.46818,1.00,1.00
2015.10.14 12:55:40.608,1.46797,1.4682,1.00,1.37
2015.10.14 12:55:40.913,1.46795,1.4682,1.00,1.37
2015.10.14 12:55:42.055,1.46796,1.4682,1.00,1.37
2015.10.14 12:55:42.463,1.46799,1.4682,1.00,1.37
2015.10.14 12:55:42.616,1.46802,1.46824,1.00,1.50
2015.10.14 12:55:42.818,1.4681,1.46827,1.00,1.12
2015.10.14 12:55:42.871,1.46812,1.46835,1.00,1.12
2015.10.14 12:55:42.923,1.46815,1.46836,1.00,1.12
2015.10.14 12:55:43.282,1.46815,1.46837,1.00,1.12
2015.10.14 12:55:43.855,1.46816,1.46838,1.00,1.37
2015.10.14 12:55:44.214,1.46819,1.46838,1.00,1.37
2015.10.14 12:55:44.724,1.46818,1.46838,1.00,1.37
2015.10.14 12:55:44.775,1.46816,1.4684,1.00,1.12
2015.10.14 12:55:44.985,1.46814,1.46839,1.00,1.50
2015.10.14 12:55:45.240,1.46817,1.46839,1.00,1.50
2015.10.14 12:55:46.225,1.46818,1.4684,1.00,1.50
2015.10.14 12:55:46.277,1.46818,1.46841,1.00,1.00
2015.10.14 12:55:46.328,1.46821,1.46844,1.00,1.12
2015.10.14 12:55:46.990,1.46817,1.46842,1.00,1.12
2015.10.14 12:55:47.442,1.46819,1.46844,1.00,1.12
2015.10.14 12:55:47.646,1.46815,1.46843,1.12,1.50
2015.10.14 12:55:48.157,1.46816,1.46844,1.50,1.87
2015.10.14 12:55:48.310,1.46818,1.46844,1.00,1.87
2015.10.14 12:55:48.822,1.46819,1.46843,1.00,1.50
2015.10.14 12:55:49.346,1.46819,1.46843,1.00,1.75
2015.10.14 12:55:49.969,1.4682,1.46844,1.00,1.75
2015.10.14 12:55:50.376,1.46823,1.46844,1.00,1.75
2015.10.14 12:55:50.835,1.46823,1.46846,1.00,1.00
2015.10.14 12:55:51.207,1.46822,1.46846,1.00,1.12
2015.10.14 12:55:51.343,1.46824,1.46846,1.00,1.12
2015.10.14 12:55:51.396,1.46828,1.46846,1.00,1.12
2015.10.14 12:55:51.703,1.46831,1.46845,1.00,1.00
2015.10.14 12:55:52.078,1.46833,1.46852,1.00,1.37
2015.10.14 12:55:52.589,1.46836,1.46852,1.00,1.37
2015.10.14 12:55:53.106,1.46836,1.46855,1.00,1.37
2015.10.14 12:55:53.365,1.46836,1.46854,1.00,1.37
2015.10.14 12:55:53.678,1.46831,1.46855,1.75,1.37
2015.10.14 12:55:54.221,1.46835,1.46854,1.00,1.00
2015.10.14 12:55:54.732,1.46834,1.46854,1.00,1.12
2015.10.14 12:55:54.783,1.46832,1.46854,1.00,1.12
2015.10.14 12:55:54.887,1.46831,1.46854,1.12,1.50
2015.10.14 12:55:55.413,1.46832,1.46854,1.00,1.12
2015.10.14 12:55:55.465,1.46829,1.46854,1.00,1.12
2015.10.14 12:55:55.570,1.46831,1.46854,1.00,1.12
2015.10.14 12:55:56.748,1.4683,1.46854,1.00,1.75
2015.10.14 12:55:57.062,1.4683,1.46853,1.00,1.75
2015.10.14 12:55:57.114,1.46828,1.46853,1.00,1.75
2015.10.14 12:55:58.210,1.46827,1.4685,1.00,1.50
2015.10.14 12:55:58.576,1.46826,1.46844,1.00,1.00
2015.10.14 12:55:58.627,1.46823,1.46844,1.00,1.00
2015.10.14 12:55:59.144,1.46822,1.46845,1.00,1.00
2015.10.14 12:55:59.791,1.46822,1.46839,1.00,1.00
2015.10.14 12:56:00.507,1.46823,1.46839,1.00,1.00
2015.10.14 12:56:00.734,1.46821,1.4684,1.00,1.00
2015.10.14 12:56:00.786,1.46821,1.46844,1.00,1.37
2015.10.14 12:56:01.136,1.46821,1.4684,1.00,1.00
2015.10.14 12:56:01.594,1.46823,1.46844,1.00,1.75
2015.10.14 12:56:02.103,1.46824,1.46849,1.00,1.75
2015.10.14 12:56:02.205,1.46824,1.46849,1.00,1.50
2015.10.14 12:56:02.257,1.46828,1.46849,1.00,1.50
2015.10.14 12:56:02.627,1.46834,1.46848,1.00,1.00
2015.10.14 12:56:02.936,1.46836,1.46852,1.00,1.12
2015.10.14 12:56:03.140,1.46839,1.46854,1.00,1.87
2015.10.14 12:56:03.191,1.46839,1.46854,1.00,1.00
2015.10.14 12:56:03.243,1.46842,1.46858,1.00,1.37
2015.10.14 12:56:03.396,1.46843,1.4686,1.00,2.25
2015.10.14 12:56:03.657,1.46846,1.46858,1.00,1.00
2015.10.14 12:56:03.964,1.46849,1.46858,1.00,1.00
2015.10.14 12:56:04.372,1.46846,1.46863,1.00,1.12
2015.10.14 12:56:04.475,1.46848,1.46863,1.00,1.12
2015.10.14 12:56:04.730,1.46846,1.46863,1.00,1.37
2015.10.14 12:56:04.936,1.46844,1.46863,1.00,1.37
2015.10.14 12:56:04.988,1.46844,1.46864,1.00,1.37
2015.10.14 12:56:05.251,1.46846,1.46864,1.00,1.37
2015.10.14 12:56:05.686,1.46844,1.46868,1.00,1.12
2015.10.14 12:56:06.211,1.46844,1.46868,1.00,1.12
2015.10.14 12:56:06.465,1.46841,1.46867,1.12,1.75
2015.10.14 12:56:06.619,1.46841,1.46865,1.00,1.12
2015.10.14 12:56:07.195,1.46842,1.4687,1.00,3.00
2015.10.14 12:56:07.349,1.46844,1.46865,1.00,1.12
2015.10.14 12:56:07.887,1.46843,1.46865,1.00,1.12
2015.10.14 12:56:08.369,1.46841,1.46864,1.00,1.12
2015.10.14 12:56:08.524,1.46839,1.46865,1.00,1.50
2015.10.14 12:56:08.627,1.46837,1.46859,1.37,1.00
2015.10.14 12:56:08.781,1.46834,1.46859,1.12,1.00
2015.10.14 12:56:08.883,1.46832,1.46858,1.12,1.00
2015.10.14 12:56:08.986,1.46835,1.46859,1.00,1.00
2015.10.14 12:56:09.325,1.46835,1.46863,1.12,1.50
2015.10.14 12:56:09.531,1.46837,1.46863,1.00,1.50
2015.10.14 12:56:09.838,1.46839,1.46863,1.00,1.00
2015.10.14 12:56:11.416,1.46841,1.46863,1.00,1.00
2015.10.14 12:56:12.071,1.46838,1.46863,1.00,1.00
2015.10.14 12:56:12.123,1.46838,1.46864,1.00,1.12
2015.10.14 12:56:12.430,1.4684,1.46864,1.00,1.12
2015.10.14 12:56:12.940,1.46841,1.46865,1.00,1.87
2015.10.14 12:56:13.219,1.46839,1.46864,1.00,1.50
2015.10.14 12:56:13.271,1.46841,1.46865,1.00,1.12
2015.10.14 12:56:13.475,1.46837,1.46865,1.00,1.87
2015.10.14 12:56:14.055,1.46836,1.46863,1.00,1.50
2015.10.14 12:56:14.574,1.46834,1.4686,1.50,1.00
2015.10.14 12:56:14.677,1.46835,1.46863,1.12,1.50
2015.10.14 12:56:14.830,1.46833,1.46861,1.75,1.00
2015.10.14 12:56:15.147,1.46832,1.46858,1.00,1.12
2015.10.14 12:56:15.452,1.4683,1.46856,1.37,1.00
2015.10.14 12:56:15.977,1.46832,1.46858,1.00,1.00
2015.10.14 12:56:17.687,1.46832,1.4686,1.00,1.50
2015.10.14 12:56:17.789,1.46834,1.4686,1.00,1.50
2015.10.14 12:56:18.178,1.46828,1.46856,1.37,1.00
2015.10.14 12:56:18.230,1.46828,1.46856,1.00,1.37
2015.10.14 12:56:18.333,1.4683,1.46856,1.00,1.37
2015.10.14 12:56:18.896,1.46829,1.46854,1.00,1.00
2015.10.14 12:56:19.208,1.46827,1.46853,1.12,1.00
2015.10.14 12:56:19.961,1.46828,1.46854,1.50,1.00
2015.10.14 12:56:20.292,1.4683,1.46856,1.12,1.00
2015.10.14 12:56:20.344,1.4683,1.46856,1.50,1.00
2015.10.14 12:56:20.650,1.46835,1.46861,1.00,1.12
2015.10.14 12:56:20.855,1.46833,1.46859,1.75,1.00
2015.10.14 12:56:21.385,1.46832,1.46858,1.75,1.00
2015.10.14 12:56:21.894,1.46831,1.46859,1.75,1.00
2015.10.14 12:56:22.528,1.46832,1.46858,1.75,1.00
2015.10.14 12:56:23.464,1.46831,1.46858,2.25,1.00
2015.10.14 12:56:23.786,1.4684,1.46864,1.00,1.00
2015.10.14 12:56:23.939,1.4684,1.46867,1.00,1.87
2015.10.14 12:56:24.195,1.46841,1.46865,1.00,1.00
2015.10.14 12:56:24.503,1.46839,1.46865,1.00,1.00
2015.10.14 12:56:24.554,1.46839,1.46868,1.00,1.50
2015.10.14 12:56:24.912,1.46838,1.46865,1.00,1.00
2015.10.14 12:56:25.372,1.46839,1.46867,1.00,1.12
2015.10.14 12:56:25.977,1.4684,1.46868,1.00,1.87
2015.10.14 12:56:26.131,1.46838,1.46866,1.00,1.00
2015.10.14 12:56:26.234,1.46841,1.46867,1.00,1.12
2015.10.14 12:56:26.561,1.46842,1.46864,1.00,1.00
2015.10.14 12:56:26.664,1.46839,1.46864,1.00,1.00
2015.10.14 12:56:27.111,1.46836,1.46862,1.37,1.12
2015.10.14 12:56:27.216,1.46828,1.46856,1.50,1.00
2015.10.14 12:56:27.268,1.46828,1.46856,1.00,1.75
2015.10.14 12:56:27.576,1.46824,1.4685,1.75,1.50
2015.10.14 12:56:28.562,1.46823,1.46849,1.75,1.00
2015.10.14 12:56:29.097,1.46822,1.46848,1.75,1.00
2015.10.14 12:56:29.896,1.46823,1.46849,1.75,1.00
2015.10.14 12:56:30.102,1.46828,1.46854,1.00,1.50
2015.10.14 12:56:30.204,1.4683,1.46856,1.00,1.87
2015.10.14 12:56:30.514,1.46831,1.46857,1.00,1.00
2015.10.14 12:56:30.566,1.46833,1.46857,1.00,1.00
2015.10.14 12:56:31.098,1.46836,1.46858,1.00,1.00
2015.10.14 12:56:31.150,1.46836,1.46862,1.00,1.87
2015.10.14 12:56:31.506,1.46839,1.46862,1.00,1.87
2015.10.14 12:56:32.042,1.4684,1.46864,1.00,1.00
2015.10.14 12:56:32.195,1.46844,1.46864,1.00,1.00
2015.10.14 12:56:32.712,1.46844,1.46865,1.00,2.62
2015.10.14 12:56:33.222,1.46843,1.46865,1.00,2.62
2015.10.14 12:56:33.528,1.46845,1.46865,1.00,1.87
2015.10.14 12:56:34.121,1.46843,1.46865,1.00,1.87
2015.10.14 12:56:34.651,1.46842,1.46865,1.00,1.50
2015.10.14 12:56:34.702,1.46844,1.46865,1.00,1.50
2015.10.14 12:56:35.274,1.46843,1.46864,1.00,1.00
2015.10.14 12:56:35.785,1.46843,1.46865,1.00,1.00
2015.10.14 12:56:36.446,1.46844,1.46865,1.00,1.00
2015.10.14 12:56:36.992,1.46843,1.46865,1.00,1.00
2015.10.14 12:56:38.290,1.46845,1.46868,1.00,1.50
2015.10.14 12:56:38.647,1.46843,1.46868,1.00,1.50
2015.10.14 12:56:38.698,1.46843,1.46865,1.00,1.00
2015.10.14 12:56:39.010,1.46839,1.4686,1.00,1.00
2015.10.14 12:56:39.317,1.46837,1.46861,1.00,1.12
2015.10.14 12:56:39.726,1.46833,1.46859,1.00,1.50
2015.10.14 12:56:39.777,1.46833,1.46859,1.00,1.75
2015.10.14 12:56:39.828,1.4683,1.46856,1.00,1.00
2015.10.14 12:56:40.048,1.4683,1.46854,1.00,1.00
2015.10.14 12:56:40.354,1.46829,1.46854,1.00,1.87
2015.10.14 12:56:40.405,1.46825,1.46851,1.00,1.50
2015.10.14 12:56:40.508,1.46822,1.46848,1.00,1.00
2015.10.14 12:56:40.711,1.46825,1.46851,1.00,1.37
2015.10.14 12:56:41.018,1.46825,1.46853,1.12,1.87
2015.10.14 12:56:41.553,1.46826,1.46852,1.00,1.50
2015.10.14 12:56:41.708,1.46829,1.46853,1.00,1.12
2015.10.14 12:56:42.016,1.46828,1.46849,1.00,1.00
2015.10.14 12:56:42.374,1.46828,1.46849,1.00,1.87
2015.10.14 12:56:42.477,1.46825,1.46845,1.00,1.00
2015.10.14 12:56:42.785,1.46823,1.46845,1.00,1.00
2015.10.14 12:56:43.040,1.46825,1.46847,1.00,1.00
2015.10.14 12:56:43.239,1.46823,1.46847,1.00,1.50
2015.10.14 12:56:43.290,1.46823,1.46844,1.00,1.00
2015.10.14 12:56:43.964,1.46823,1.46845,1.00,1.00
2015.10.14 12:56:44.423,1.46828,1.46849,1.00,1.12
2015.10.14 12:56:44.575,1.46825,1.46849,1.00,1.50
2015.10.14 12:56:44.728,1.46825,1.46845,1.00,1.00
2015.10.14 12:56:45.237,1.46823,1.46845,1.00,1.00
2015.10.14 12:56:45.441,1.46825,1.46845,1.00,1.12
2015.10.14 12:56:45.813,1.46824,1.4684,1.00,1.00
2015.10.14 12:56:45.974,1.46822,1.4684,1.00,1.00
2015.10.14 12:56:46.025,1.46822,1.46844,1.00,1.00
2015.10.14 12:56:46.534,1.46821,1.46844,1.00,1.00
2015.10.14 12:56:47.261,1.46821,1.46845,1.00,1.12
2015.10.14 12:56:48.567,1.46821,1.46844,1.00,1.00
2015.10.14 12:56:48.921,1.46818,1.46845,1.12,1.87
2015.10.14 12:56:49.024,1.46818,1.46839,1.00,1.00
2015.10.14 12:56:49.075,1.46815,1.46839,1.00,1.00
2015.10.14 12:56:49.126,1.46815,1.46842,1.00,1.50
2015.10.14 12:56:49.574,1.46815,1.4684,1.00,1.00
2015.10.14 12:56:50.097,1.46816,1.4684,1.00,1.00
2015.10.14 12:56:50.448,1.46818,1.4684,1.00,1.00
2015.10.14 12:56:51.049,1.4682,1.4684,1.00,1.00
2015.10.14 12:56:51.408,1.46817,1.46839,1.00,1.00
2015.10.14 12:56:51.861,1.46817,1.46842,1.00,1.00
2015.10.14 12:56:52.320,1.46817,1.4684,1.00,1.00
2015.10.14 12:56:52.422,1.46817,1.46842,1.00,1.00
2015.10.14 12:56:53.108,1.4682,1.46844,1.12,1.00
2015.10.14 12:56:53.415,1.46819,1.46839,1.37,1.00
2015.10.14 12:56:54.037,1.46822,1.46839,1.00,1.00
2015.10.14 12:56:54.241,1.4682,1.4684,1.00,1.00
2015.10.14 12:56:54.784,1.46822,1.4684,1.00,1.00
2015.10.14 12:56:55.146,1.46824,1.46839,1.00,1.00
2015.10.14 12:56:55.351,1.4682,1.46839,1.00,1.00
2015.10.14 12:56:55.878,1.46819,1.46839,1.00,1.00
2015.10.14 12:56:56.530,1.46819,1.4684,1.00,1.00
2015.10.14 12:56:56.847,1.46819,1.46835,1.00,1.00
2015.10.14 12:56:57.051,1.46819,1.4684,1.00,1.37
2015.10.14 12:56:57.102,1.46819,1.4684,1.00,1.00
2015.10.14 12:56:57.204,1.46822,1.46839,1.00,1.00
2015.10.14 12:56:57.708,1.46823,1.46844,1.00,1.00
2015.10.14 12:56:57.964,1.46821,1.46844,1.00,1.00
2015.10.14 12:56:58.593,1.46821,1.46845,1.00,1.00
2015.10.14 12:56:58.953,1.46821,1.46847,1.00,1.87
2015.10.14 12:56:59.615,1.4682,1.46843,1.00,1.00
2015.10.14 12:56:59.960,1.46824,1.46843,1.00,1.00
2015.10.14 12:57:00.165,1.46829,1.4685,1.00,1.50
2015.10.14 12:57:00.523,1.46826,1.4685,1.00,1.12
2015.10.14 12:57:00.575,1.46826,1.4685,1.00,1.50
2015.10.14 12:57:01.098,1.46827,1.4685,1.00,1.87
2015.10.14 12:57:01.507,1.4683,1.4685,1.00,1.75
2015.10.14 12:57:01.558,1.4683,1.4685,1.00,1.37
2015.10.14 12:57:01.712,1.46832,1.4685,1.00,1.00
2015.10.14 12:57:02.213,1.46833,1.46853,1.00,1.12
2015.10.14 12:57:03.172,1.46833,1.46854,1.00,1.87
2015.10.14 12:57:03.617,1.46836,1.46855,1.00,1.37
2015.10.14 12:57:03.974,1.46836,1.4686,1.00,1.87
2015.10.14 12:57:04.025,1.46836,1.4686,1.00,1.87
2015.10.14 12:57:04.128,1.46839,1.4686,1.00,1.37
2015.10.14 12:57:04.605,1.4684,1.46864,1.00,1.37
2015.10.14 12:57:04.657,1.4684,1.46866,1.37,1.12
2015.10.14 12:57:04.710,1.46847,1.46869,1.00,1.12
2015.10.14 12:57:04.761,1.46847,1.46869,1.00,1.00
2015.10.14 12:57:04.813,1.46849,1.46869,1.00,1.00
2015.10.14 12:57:04.916,1.46844,1.46871,1.12,1.12
2015.10.14 12:57:04.967,1.46844,1.46866,1.00,1.00
2015.10.14 12:57:05.070,1.46842,1.46866,1.00,1.00
2015.10.14 12:57:05.173,1.46842,1.46868,1.00,1.12
2015.10.14 12:57:05.793,1.46841,1.46867,1.00,1.00
2015.10.14 12:57:06.246,1.46843,1.46869,1.00,2.25
2015.10.14 12:57:06.823,1.46843,1.46864,1.00,1.00
2015.10.14 12:57:06.875,1.46837,1.46864,1.37,1.37
2015.10.14 12:57:06.977,1.46837,1.46864,1.00,1.37
2015.10.14 12:57:07.029,1.46839,1.46864,1.00,1.37
2015.10.14 12:57:07.335,1.46844,1.46865,1.00,1.50
2015.10.14 12:57:07.437,1.46841,1.46864,1.00,1.37
2015.10.14 12:57:07.665,1.46841,1.4686,1.00,1.00
2015.10.14 12:57:07.767,1.46839,1.4686,1.00,1.00
2015.10.14 12:57:08.123,1.46841,1.4686,1.00,1.00
2015.10.14 12:57:08.327,1.46838,1.46859,1.00,1.00
2015.10.14 12:57:08.380,1.46838,1.46854,1.00,1.00
2015.10.14 12:57:08.482,1.46838,1.46859,1.00,1.00
2015.10.14 12:57:08.806,1.46835,1.46854,1.00,1.00
2015.10.14 12:57:09.325,1.46835,1.46855,1.00,1.00
2015.10.14 12:57:10.084,1.46832,1.46855,1.00,1.00
2015.10.14 12:57:10.594,1.46829,1.46855,1.50,1.50
2015.10.14 12:57:11.043,1.46828,1.46855,1.00,1.50
2015.10.14 12:57:11.734,1.46832,1.46854,1.00,1.12
2015.10.14 12:57:12.036,1.46828,1.46854,1.00,1.12
2015.10.14 12:57:12.213,1.46828,1.46849,1.00,1.00
2015.10.14 12:57:12.569,1.46828,1.46855,1.00,2.25
2015.10.14 12:57:12.722,1.4683,1.46855,1.00,2.25
2015.10.14 12:57:13.157,1.46827,1.46852,1.12,1.00
2015.10.14 12:57:13.413,1.46829,1.46852,1.00,1.00
2015.10.14 12:57:13.516,1.46827,1.46852,1.12,1.00
2015.10.14 12:57:13.568,1.46827,1.4685,1.12,1.00
2015.10.14 12:57:14.113,1.46828,1.4685,1.00,1.00
2015.10.14 12:57:14.473,1.4682,1.46841,1.75,1.00
2015.10.14 12:57:14.577,1.46817,1.4684,1.00,1.00
2015.10.14 12:57:14.680,1.46814,1.4684,1.00,2.25
2015.10.14 12:57:14.732,1.46812,1.46837,1.00,1.00
2015.10.14 12:57:15.038,1.46809,1.46832,1.12,1.00
2015.10.14 12:57:15.887,1.46807,1.46832,1.00,1.50
2015.10.14 12:57:17.569,1.46809,1.46832,1.00,1.00
2015.10.14 12:57:17.620,1.46809,1.46835,1.00,1.12
2015.10.14 12:57:17.672,1.46809,1.46832,1.00,1.50
2015.10.14 12:57:17.984,1.46811,1.46832,1.00,1.50
2015.10.14 12:57:18.138,1.46809,1.46832,1.00,1.50
2015.10.14 12:57:18.654,1.46809,1.46832,1.00,1.00
2015.10.14 12:57:18.809,1.46808,1.46834,1.00,1.50
2015.10.14 12:57:18.912,1.46814,1.46834,1.00,1.00
2015.10.14 12:57:19.416,1.46813,1.46834,1.00,1.00
2015.10.14 12:57:19.877,1.46816,1.46834,1.00,1.00
2015.10.14 12:57:20.185,1.46817,1.46839,1.00,1.37
2015.10.14 12:57:20.488,1.46817,1.46839,1.00,1.00
2015.10.14 12:57:20.998,1.46813,1.46839,1.00,1.00
2015.10.14 12:57:21.202,1.46815,1.4684,1.00,1.00
2015.10.14 12:57:21.522,1.46817,1.46843,1.00,1.50
2015.10.14 12:57:22.033,1.46818,1.46845,1.00,1.75
2015.10.14 12:57:22.339,1.46825,1.46844,1.00,1.00
2015.10.14 12:57:22.549,1.46825,1.46848,1.00,1.00
2015.10.14 12:57:22.600,1.46825,1.4685,1.00,1.50
2015.10.14 12:57:22.753,1.46828,1.46849,1.00,1.00
2015.10.14 12:57:23.266,1.46826,1.46849,1.00,1.37
2015.10.14 12:57:23.368,1.46826,1.4685,1.00,1.12
2015.10.14 12:57:23.694,1.46827,1.46849,1.00,1.75
2015.10.14 12:57:23.746,1.46824,1.46849,1.00,1.75
2015.10.14 12:57:24.000,1.46823,1.4685,1.00,1.75
2015.10.14 12:57:24.266,1.46821,1.46849,1.00,1.75
2015.10.14 12:57:24.671,1.46823,1.46849,1.00,1.75
2015.10.14 12:57:25.201,1.46824,1.4685,1.00,2.25
2015.10.14 12:57:26.016,1.46822,1.46849,1.00,1.75
2015.10.14 12:57:26.169,1.46826,1.46849,1.00,1.75
2015.10.14 12:57:26.221,1.46826,1.46849,1.00,1.75
2015.10.14 12:57:26.527,1.46827,1.4685,1.00,1.00
2015.10.14 12:57:26.680,1.46829,1.46851,1.00,1.50
2015.10.14 12:57:26.732,1.46829,1.46855,1.00,2.25
2015.10.14 12:57:27.022,1.46829,1.46855,1.00,2.25
2015.10.14 12:57:27.671,1.46828,1.46854,1.00,1.75
2015.10.14 12:57:29.030,1.46829,1.46855,1.00,2.25
2015.10.14 12:57:29.133,1.46824,1.4685,1.00,1.12
2015.10.14 12:57:29.235,1.46818,1.46845,1.00,1.50
2015.10.14 12:57:29.583,1.46817,1.46843,1.00,1.75
2015.10.14 12:57:29.634,1.46813,1.46839,1.12,1.00
2015.10.14 12:57:29.686,1.46812,1.46836,1.37,1.00
2015.10.14 12:57:30.201,1.46809,1.46835,1.87,1.50
2015.10.14 12:57:30.303,1.46809,1.46835,1.12,1.50
2015.10.14 12:57:30.864,1.46808,1.46834,1.37,1.00
2015.10.14 12:57:31.406,1.46809,1.46835,1.00,1.87
2015.10.14 12:57:31.957,1.4681,1.46838,1.00,1.75
2015.10.14 12:57:32.060,1.46813,1.46839,1.00,1.75
2015.10.14 12:57:32.586,1.46814,1.4684,1.00,2.25
2015.10.14 12:57:33.477,1.46815,1.4684,1.00,1.75
2015.10.14 12:57:34.468,1.46808,1.46835,1.00,1.12
2015.10.14 12:57:34.520,1.46808,1.46833,1.00,1.00
2015.10.14 12:57:34.953,1.46812,1.46835,1.00,1.00
2015.10.14 12:57:35.464,1.46813,1.46835,1.00,1.00
2015.10.14 12:57:35.771,1.46816,1.46835,1.00,1.00
2015.10.14 12:57:36.135,1.46817,1.46838,1.00,1.00
2015.10.14 12:57:37.193,1.46816,1.46838,1.00,1.00
2015.10.14 12:57:37.702,1.46817,1.46841,1.00,1.00
2015.10.14 12:57:38.376,1.46814,1.46842,1.00,1.50
2015.10.14 12:57:38.427,1.46822,1.46847,1.00,1.12
2015.10.14 12:57:38.478,1.46822,1.46847,1.00,1.37
2015.10.14 12:57:38.733,1.4682,1.46848,1.00,2.25
2015.10.14 12:57:39.089,1.46823,1.46848,1.00,2.25
2015.10.14 12:57:39.455,1.46824,1.46848,1.00,1.00
2015.10.14 12:57:39.659,1.46825,1.46853,1.50,1.00
2015.10.14 12:57:39.967,1.46827,1.46852,1.00,1.50
2015.10.14 12:57:40.069,1.46827,1.46854,1.00,1.00
2015.10.14 12:57:40.537,1.46829,1.46854,1.00,1.00
2015.10.14 12:57:40.740,1.46824,1.4685,1.00,1.00
2015.10.14 12:57:41.046,1.46826,1.46854,1.00,1.75
2015.10.14 12:57:41.364,1.46832,1.46852,1.00,1.00
2015.10.14 12:57:41.415,1.46832,1.46856,1.00,1.50
2015.10.14 12:57:41.925,1.4683,1.46856,1.50,1.00
2015.10.14 12:57:42.079,1.46833,1.46856,1.00,1.00
2015.10.14 12:57:42.181,1.46835,1.46859,1.00,1.00
2015.10.14 12:57:42.402,1.46835,1.46861,1.00,1.12
2015.10.14 12:57:42.905,1.46834,1.4686,1.12,1.00
2015.10.14 12:57:42.956,1.4683,1.46856,1.50,1.12
2015.10.14 12:57:43.262,1.46823,1.46851,1.00,1.75
2015.10.14 12:57:43.666,1.46823,1.46849,1.00,1.00
2015.10.14 12:57:43.717,1.46826,1.46851,1.00,1.00
2015.10.14 12:57:44.024,1.46827,1.46854,1.00,1.00
2015.10.14 12:57:44.544,1.46827,1.46853,1.00,1.00
2015.10.14 12:57:44.803,1.46831,1.46857,1.00,1.00
2015.10.14 12:57:45.110,1.46835,1.46861,1.00,1.00
2015.10.14 12:57:45.632,1.46834,1.4686,1.00,1.50
2015.10.14 12:57:45.939,1.46829,1.46855,1.50,1.00
2015.10.14 12:57:46.143,1.46827,1.46854,1.00,1.00
2015.10.14 12:57:46.449,1.46833,1.46854,1.00,1.00
2015.10.14 12:57:46.625,1.46833,1.46859,1.00,1.00
2015.10.14 12:57:47.749,1.46834,1.46859,1.00,1.50
2015.10.14 12:57:48.208,1.46836,1.46859,1.00,1.00
2015.10.14 12:57:48.566,1.46837,1.46861,1.00,1.00
2015.10.14 12:57:48.782,1.46837,1.46863,1.00,1.00
2015.10.14 12:57:48.987,1.4684,1.46864,1.00,1.00
2015.10.14 12:57:49.089,1.46842,1.46867,1.00,1.00
2015.10.14 12:57:49.243,1.46842,1.46869,1.00,1.00
2015.10.14 12:57:49.345,1.46842,1.46865,1.00,1.00
2015.10.14 12:57:49.812,1.46842,1.46868,1.00,1.00
2015.10.14 12:57:50.219,1.46843,1.4687,1.00,1.50
2015.10.14 12:57:50.322,1.46845,1.46869,1.00,1.00
2015.10.14 12:57:50.526,1.46843,1.46869,1.00,1.00
2015.10.14 12:57:50.994,1.46842,1.46864,1.00,1.00
2015.10.14 12:57:51.096,1.46839,1.46864,1.00,1.00
2015.10.14 12:57:51.199,1.46839,1.46867,1.50,1.00
2015.10.14 12:57:51.403,1.46842,1.46869,1.00,1.00
2015.10.14 12:57:51.710,1.46849,1.46874,1.00,1.00
2015.10.14 12:57:52.231,1.46849,1.46875,1.00,1.50
2015.10.14 12:57:52.741,1.4685,1.46875,1.00,1.00
2015.10.14 12:57:53.282,1.4685,1.46874,1.00,1.00
2015.10.14 12:57:53.694,1.46852,1.46874,1.00,1.00
2015.10.14 12:57:54.213,1.46852,1.46875,1.00,1.00
2015.10.14 12:57:54.527,1.46849,1.46875,1.00,1.00
2015.10.14 12:57:54.732,1.46848,1.46871,1.00,1.00
2015.10.14 12:57:54.784,1.46848,1.46873,1.00,1.00
2015.10.14 12:57:55.141,1.46846,1.46872,1.00,1.00
2015.10.14 12:57:56.248,1.46846,1.4687,1.00,1.00
2015.10.14 12:57:56.636,1.46847,1.46875,1.00,1.50
2015.10.14 12:57:56.790,1.46847,1.46873,1.00,1.00
2015.10.14 12:57:56.996,1.46847,1.46875,1.00,1.84
2015.10.14 12:57:57.149,1.46847,1.46873,1.00,1.00
2015.10.14 12:57:57.251,1.46847,1.46875,1.00,1.84
2015.10.14 12:57:57.455,1.46846,1.46872,1.00,1.00
2015.10.14 12:57:57.976,1.46845,1.46873,1.00,1.00
2015.10.14 12:57:58.333,1.46845,1.4687,1.00,1.00
2015.10.14 12:57:58.857,1.46844,1.4687,1.50,1.00
2015.10.14 12:57:59.571,1.46844,1.46869,1.50,1.00
2015.10.14 12:57:59.949,1.46846,1.46869,1.00,1.00
2015.10.14 12:58:00.307,1.46846,1.46874,1.50,1.50
2015.10.14 12:58:00.410,1.46849,1.46874,1.00,1.00
2015.10.14 12:58:00.720,1.46853,1.46879,1.00,1.50
2015.10.14 12:58:00.988,1.46859,1.46885,1.50,1.50
2015.10.14 12:58:01.091,1.46861,1.46889,1.00,1.00
2015.10.14 12:58:01.194,1.46863,1.46889,1.00,1.00
2015.10.14 12:58:01.702,1.46864,1.4689,1.00,1.00
2015.10.14 12:58:01.866,1.46865,1.46892,1.00,1.00
2015.10.14 12:58:02.391,1.46866,1.46892,1.00,1.00
2015.10.14 12:58:02.649,1.46868,1.46894,1.00,1.00
2015.10.14 12:58:02.751,1.46864,1.46892,1.00,1.00
2015.10.14 12:58:02.853,1.46861,1.46889,1.00,1.50
2015.10.14 12:58:03.158,1.46853,1.46881,1.00,1.00
2015.10.14 12:58:03.459,1.46852,1.46878,1.00,1.00
2015.10.14 12:58:03.510,1.46853,1.46881,1.00,1.00
2015.10.14 12:58:03.924,1.46855,1.46882,1.00,1.00
2015.10.14 12:58:04.229,1.46857,1.46882,1.00,1.00
2015.10.14 12:58:04.740,1.46858,1.46883,1.00,1.00
2015.10.14 12:58:05.149,1.46862,1.4689,1.00,1.50
2015.10.14 12:58:05.251,1.46864,1.46892,1.00,1.00
2015.10.14 12:58:05.303,1.46864,1.4689,1.00,1.00
2015.10.14 12:58:05.509,1.46857,1.46884,1.00,1.00
2015.10.14 12:58:05.804,1.4686,1.46886,1.00,1.50
2015.10.14 12:58:06.316,1.46861,1.46885,1.00,1.00
2015.10.14 12:58:06.367,1.46861,1.46887,1.00,1.00
2015.10.14 12:58:06.571,1.46862,1.46889,1.00,1.87
2015.10.14 12:58:06.767,1.46863,1.46884,1.00,1.00
2015.10.14 12:58:07.119,1.46859,1.46885,1.00,1.00
2015.10.14 12:58:07.272,1.46861,1.46885,1.00,1.00
2015.10.14 12:58:07.375,1.46858,1.46884,1.00,1.00
2015.10.14 12:58:08.000,1.46859,1.46885,1.00,1.00
2015.10.14 12:58:08.512,1.46858,1.46885,1.00,1.00
2015.10.14 12:58:08.768,1.46862,1.46888,1.00,1.00
2015.10.14 12:58:09.190,1.46879,1.46904,1.00,1.00
2015.10.14 12:58:09.652,1.46881,1.46904,1.00,1.00
2015.10.14 12:58:10.272,1.46877,1.46904,1.00,1.50
2015.10.14 12:58:10.328,1.46877,1.46902,1.00,1.00
2015.10.14 12:58:10.647,1.46877,1.46899,1.00,1.00
2015.10.14 12:58:11.157,1.46876,1.46904,1.00,1.50
2015.10.14 12:58:11.208,1.46879,1.46904,1.00,1.00
2015.10.14 12:58:11.540,1.46881,1.46904,1.00,1.00
2015.10.14 12:58:11.905,1.46882,1.46907,1.00,1.12
2015.10.14 12:58:12.109,1.4688,1.46908,1.00,1.37
2015.10.14 12:58:12.634,1.46881,1.46909,1.00,1.87
2015.10.14 12:58:13.151,1.4688,1.46906,1.00,1.12
2015.10.14 12:58:13.355,1.46881,1.46904,1.00,1.00
2015.10.14 12:58:13.554,1.46878,1.46903,1.00,1.00
2015.10.14 12:58:13.660,1.46876,1.46902,2.25,1.00
2015.10.14 12:58:14.172,1.46877,1.46903,1.00,1.00
2015.10.14 12:58:14.659,1.46875,1.46901,1.50,1.00
2015.10.14 12:58:14.710,1.46873,1.469,1.50,1.00
2015.10.14 12:58:15.071,1.46873,1.46898,1.00,1.00
2015.10.14 12:58:15.834,1.46871,1.46898,2.25,1.00
2015.10.14 12:58:16.537,1.46871,1.46894,1.50,1.00
2015.10.14 12:58:16.843,1.4687,1.46892,1.75,1.00
2015.10.14 12:58:17.105,1.4687,1.46894,1.75,1.00
2015.10.14 12:58:17.631,1.46871,1.46893,1.50,1.00
2015.10.14 12:58:18.710,1.46869,1.46894,1.50,1.00
2015.10.14 12:58:19.391,1.46869,1.46893,1.50,1.00
2015.10.14 12:58:19.443,1.46869,1.46889,1.50,1.00
2015.10.14 12:58:19.955,1.46871,1.4689,1.00,1.00
2015.10.14 12:58:20.006,1.46871,1.46894,1.00,1.00
2015.10.14 12:58:20.108,1.46873,1.46895,1.00,1.00
2015.10.14 12:58:20.388,1.46869,1.46895,1.50,1.00
2015.10.14 12:58:20.439,1.46869,1.46893,1.50,1.00
2015.10.14 12:58:21.424,1.46871,1.46893,1.00,1.00
2015.10.14 12:58:22.080,1.46871,1.46894,1.00,1.00
2015.10.14 12:58:23.454,1.46871,1.46893,1.00,1.00
2015.10.14 12:58:23.709,1.46871,1.46898,1.00,1.00
2015.10.14 12:58:24.071,1.4687,1.46894,1.00,1.00
2015.10.14 12:58:24.123,1.46869,1.46897,1.00,1.00
2015.10.14 12:58:24.481,1.46872,1.469,1.00,1.12
2015.10.14 12:58:24.787,1.46872,1.46898,1.00,1.00
2015.10.14 12:58:24.991,1.46874,1.46901,1.00,1.00
2015.10.14 12:58:25.303,1.46872,1.469,1.00,1.00
2015.10.14 12:58:25.457,1.46874,1.469,1.00,1.00
2015.10.14 12:58:25.661,1.46871,1.46899,1.50,1.00
2015.10.14 12:58:25.764,1.46871,1.46897,1.00,1.00
2015.10.14 12:58:26.360,1.46872,1.46898,1.00,1.00
2015.10.14 12:58:26.668,1.46871,1.46891,1.00,1.00
2015.10.14 12:58:26.873,1.46866,1.46892,2.25,1.00
2015.10.14 12:58:26.975,1.46866,1.4689,1.75,1.00
2015.10.14 12:58:27.368,1.46859,1.46886,1.12,1.37
2015.10.14 12:58:27.420,1.46857,1.46883,1.75,1.37
2015.10.14 12:58:27.523,1.46854,1.46878,1.12,1.00
2015.10.14 12:58:27.729,1.46852,1.46878,2.25,1.00
2015.10.14 12:58:27.781,1.46854,1.4688,1.12,1.00
2015.10.14 12:58:27.986,1.46852,1.46877,1.50,1.00
2015.10.14 12:58:28.362,1.46853,1.46876,1.75,1.00
2015.10.14 12:58:28.413,1.46856,1.46881,1.50,1.00
2015.10.14 12:58:28.618,1.46857,1.46883,1.12,1.00
2015.10.14 12:58:28.873,1.46855,1.46881,1.00,1.75
2015.10.14 12:58:28.975,1.46851,1.46879,2.25,1.12
2015.10.14 12:58:29.398,1.46853,1.46877,1.00,1.00
2015.10.14 12:58:29.908,1.46851,1.46877,1.50,1.00
2015.10.14 12:58:31.157,1.46856,1.46878,1.00,1.00
2015.10.14 12:58:31.689,1.46856,1.4688,1.00,1.00
2015.10.14 12:58:31.740,1.46857,1.46883,1.00,1.50
2015.10.14 12:58:31.945,1.46861,1.46885,1.00,1.00
2015.10.14 12:58:32.253,1.46863,1.46889,1.00,1.75
2015.10.14 12:58:32.904,1.46862,1.46888,1.00,1.75
2015.10.14 12:58:33.057,1.4686,1.46888,1.00,1.75
2015.10.14 12:58:33.893,1.46859,1.46883,1.00,1.00
2015.10.14 12:58:34.046,1.46854,1.46882,1.50,2.25
2015.10.14 12:58:34.353,1.46852,1.4688,1.50,1.50
2015.10.14 12:58:34.405,1.46852,1.4688,1.00,2.25
2015.10.14 12:58:34.748,1.4685,1.46874,1.00,1.00
2015.10.14 12:58:34.799,1.46851,1.46877,1.50,1.00
2015.10.14 12:58:35.003,1.46853,1.46877,1.00,1.00
2015.10.14 12:58:35.517,1.46854,1.46877,1.00,1.00
2015.10.14 12:58:36.776,1.46855,1.46877,1.00,1.00
2015.10.14 12:58:37.148,1.46855,1.46883,1.00,1.75
2015.10.14 12:58:37.352,1.46858,1.46884,1.00,1.75
2015.10.14 12:58:37.880,1.46859,1.46885,1.00,1.12
2015.10.14 12:58:38.085,1.46859,1.46887,1.00,3.37
2015.10.14 12:58:38.278,1.46856,1.46882,1.00,1.37
2015.10.14 12:58:38.482,1.46856,1.46882,1.00,1.50
2015.10.14 12:58:38.533,1.4686,1.46883,1.00,1.75
2015.10.14 12:58:38.585,1.4686,1.46883,1.00,1.12
2015.10.14 12:58:38.891,1.46858,1.46885,1.00,1.87
2015.10.14 12:58:39.197,1.4686,1.46885,1.00,1.50
2015.10.14 12:58:40.303,1.46859,1.46884,1.00,1.12
2015.10.14 12:58:40.826,1.46858,1.46883,1.00,1.00
2015.10.14 12:58:41.374,1.46856,1.46884,2.25,1.12
2015.10.14 12:58:41.904,1.46856,1.46882,1.50,1.00
2015.10.14 12:58:42.059,1.46856,1.46884,1.50,1.12
2015.10.14 12:58:42.573,1.46856,1.46883,1.50,1.00
2015.10.14 12:58:42.898,1.46856,1.46881,1.12,1.00
2015.10.14 12:58:43.205,1.46866,1.46891,1.00,1.50
2015.10.14 12:58:43.257,1.46865,1.46891,1.00,1.50
2015.10.14 12:58:43.827,1.46865,1.46889,1.00,1.00
2015.10.14 12:58:44.267,1.46865,1.46891,1.00,1.00
2015.10.14 12:58:46.790,1.46869,1.46891,1.00,1.00
2015.10.14 12:58:46.893,1.46869,1.46893,1.00,1.00
2015.10.14 12:58:47.097,1.46867,1.46892,1.00,1.00
2015.10.14 12:58:47.403,1.46868,1.46894,1.00,1.87
2015.10.14 12:58:47.935,1.46867,1.46894,1.00,1.87
2015.10.14 12:58:48.572,1.46867,1.46895,1.75,1.87
2015.10.14 12:58:48.881,1.46874,1.469,1.00,1.87
2015.10.14 12:58:49.024,1.4687,1.46897,1.50,1.50
2015.10.14 12:58:49.076,1.4687,1.46897,1.50,1.00
2015.10.14 12:58:49.128,1.4687,1.46897,1.12,1.37
2015.10.14 12:58:49.385,1.46873,1.46899,1.00,1.00
2015.10.14 12:58:49.888,1.46872,1.46898,1.00,1.00
2015.10.14 12:58:50.399,1.46871,1.46899,1.12,1.00
2015.10.14 12:58:50.848,1.46869,1.46895,1.75,1.00
2015.10.14 12:58:51.497,1.46868,1.46894,1.75,1.00
2015.10.14 12:58:52.159,1.46862,1.46885,1.75,1.00
2015.10.14 12:58:52.313,1.4686,1.46886,1.75,1.00
2015.10.14 12:58:52.415,1.46861,1.46886,1.50,1.00
2015.10.14 12:58:52.519,1.46861,1.46883,1.50,1.00
2015.10.14 12:58:52.739,1.46856,1.46882,1.87,1.00
2015.10.14 12:58:52.790,1.46856,1.46882,1.87,1.00
2015.10.14 12:58:53.323,1.46857,1.46883,1.50,1.00
2015.10.14 12:58:53.578,1.46859,1.46883,1.00,1.00
2015.10.14 12:58:53.732,1.46861,1.46887,1.87,1.37
2015.10.14 12:58:53.911,1.46861,1.46889,1.87,1.00
2015.10.14 12:58:54.457,1.46862,1.46889,1.87,1.00
2015.10.14 12:58:55.026,1.46864,1.46891,1.00,1.12
2015.10.14 12:58:55.384,1.46866,1.46892,1.00,1.37
2015.10.14 12:58:56.124,1.46867,1.46893,1.00,1.87
2015.10.14 12:58:56.543,1.46867,1.46893,1.00,1.50
2015.10.14 12:58:57.045,1.46868,1.46893,1.00,1.00
2015.10.14 12:58:57.468,1.46866,1.46893,1.00,1.50
2015.10.14 12:58:58.039,1.46866,1.46892,1.00,1.00
2015.10.14 12:58:58.092,1.46864,1.46888,1.00,1.00
2015.10.14 12:58:58.195,1.46862,1.46888,1.00,1.00
2015.10.14 12:58:58.349,1.46859,1.46885,1.37,1.12
2015.10.14 12:58:58.453,1.46857,1.46883,2.25,1.00
2015.10.14 12:58:58.988,1.46856,1.46882,1.50,1.00
2015.10.14 12:58:59.554,1.46857,1.46885,1.87,1.12
2015.10.14 12:58:59.862,1.46857,1.46885,1.87,1.00
2015.10.14 12:59:00.233,1.46858,1.46885,2.25,1.00
2015.10.14 12:59:00.440,1.46861,1.46887,1.75,1.00
2015.10.14 12:59:00.747,1.46862,1.46889,1.75,1.00
2015.10.14 12:59:01.765,1.46862,1.46888,1.75,1.00
2015.10.14 12:59:03.305,1.46862,1.4689,1.75,1.00
2015.10.14 12:59:04.994,1.46864,1.46889,1.75,1.00
2015.10.14 12:59:05.308,1.46868,1.4689,1.00,1.00
2015.10.14 12:59:05.359,1.46869,1.46895,1.37,1.00
2015.10.14 12:59:05.462,1.46875,1.46897,1.00,1.37
2015.10.14 12:59:05.768,1.46868,1.46896,1.75,1.12
2015.10.14 12:59:05.820,1.46867,1.46893,1.75,1.00
2015.10.14 12:59:06.241,1.46865,1.46891,1.75,1.00
2015.10.14 12:59:06.343,1.46867,1.46893,1.75,1.00
2015.10.14 12:59:06.649,1.46867,1.46893,1.12,1.00
2015.10.14 12:59:07.123,1.46866,1.46891,1.37,1.00
2015.10.14 12:59:07.481,1.46867,1.46893,1.12,1.00
2015.10.14 12:59:07.686,1.46873,1.46896,1.00,1.37
2015.10.14 12:59:07.789,1.46871,1.46897,1.00,1.37
2015.10.14 12:59:08.099,1.4687,1.46892,1.00,1.00
2015.10.14 12:59:08.559,1.4687,1.46889,1.00,1.00
2015.10.14 12:59:08.777,1.4687,1.46891,1.00,1.00
2015.10.14 12:59:09.295,1.4687,1.46889,1.00,1.00
2015.10.14 12:59:09.346,1.4687,1.46891,1.00,1.00
2015.10.14 12:59:09.581,1.4687,1.46889,1.00,1.00
2015.10.14 12:59:10.574,1.4687,1.46892,1.00,1.00
2015.10.14 12:59:10.678,1.46864,1.46891,1.75,1.00
2015.10.14 12:59:10.781,1.46864,1.46891,1.37,1.00
2015.10.14 12:59:11.195,1.46864,1.46889,1.87,1.00
2015.10.14 12:59:11.732,1.46862,1.46888,1.75,1.00
2015.10.14 12:59:12.667,1.46861,1.46887,1.00,1.00
2015.10.14 12:59:13.177,1.4686,1.46886,1.00,1.00
2015.10.14 12:59:13.738,1.46859,1.46885,1.50,1.00
2015.10.14 12:59:13.891,1.4686,1.46886,1.75,1.00
2015.10.14 12:59:13.993,1.4686,1.46886,1.00,1.00
2015.10.14 12:59:14.504,1.46859,1.46885,1.12,1.00
2015.10.14 12:59:15.019,1.46859,1.46886,1.12,1.00
2015.10.14 12:59:15.734,1.46857,1.46885,1.75,1.00
2015.10.14 12:59:15.933,1.46851,1.46879,3.75,1.00
2015.10.14 12:59:15.985,1.46851,1.46879,1.00,1.75
2015.10.14 12:59:16.088,1.46851,1.46879,1.00,1.75
2015.10.14 12:59:16.190,1.46848,1.46874,1.00,1.12
2015.10.14 12:59:16.643,1.46847,1.46872,1.00,1.00
2015.10.14 12:59:17.977,1.46846,1.46873,1.00,1.00
2015.10.14 12:59:18.416,1.46843,1.46869,1.75,1.00
2015.10.14 12:59:18.469,1.46839,1.46866,1.37,1.12
2015.10.14 12:59:18.521,1.46837,1.46862,1.00,1.00
2015.10.14 12:59:18.827,1.4684,1.46865,1.00,1.75
2015.10.14 12:59:18.981,1.46841,1.46866,1.50,1.00
2015.10.14 12:59:19.083,1.46843,1.46869,1.00,1.50
2015.10.14 12:59:19.185,1.46846,1.46872,1.00,1.00
2015.10.14 12:59:19.468,1.46846,1.46874,1.00,1.50
2015.10.14 12:59:19.519,1.46846,1.46874,1.75,1.00
2015.10.14 12:59:20.035,1.46849,1.46873,1.12,1.00
2015.10.14 12:59:20.507,1.46845,1.46871,1.75,1.00
2015.10.14 12:59:20.712,1.4685,1.46875,1.00,1.00
2015.10.14 12:59:21.243,1.46849,1.46877,1.12,1.37
2015.10.14 12:59:22.024,1.46851,1.46877,1.00,1.37
2015.10.14 12:59:22.559,1.4685,1.46876,1.50,1.00
2015.10.14 12:59:23.465,1.46854,1.46879,1.00,1.00
2015.10.14 12:59:23.825,1.46853,1.46881,1.50,1.12
2015.10.14 12:59:25.015,1.46856,1.46881,1.00,1.12
2015.10.14 12:59:25.346,1.46848,1.46874,1.00,1.50
2015.10.14 12:59:25.857,1.46848,1.46874,1.00,1.12
2015.10.14 12:59:26.458,1.46846,1.46872,1.50,1.00
2015.10.14 12:59:27.072,1.46846,1.46874,1.50,1.12
2015.10.14 12:59:27.862,1.46846,1.46872,1.50,1.00
2015.10.14 12:59:28.425,1.46846,1.4687,1.00,1.00
2015.10.14 12:59:29.002,1.46845,1.4687,1.00,1.12
2015.10.14 12:59:29.054,1.46842,1.46868,1.12,1.00
2015.10.14 12:59:29.208,1.46839,1.46865,1.75,1.00
2015.10.14 12:59:29.362,1.46841,1.46867,1.00,1.00
2015.10.14 12:59:29.515,1.46838,1.46863,1.50,1.00
2015.10.14 12:59:29.674,1.46835,1.46861,2.25,1.00
2015.10.14 12:59:30.222,1.46833,1.46858,1.37,1.00
2015.10.14 12:59:30.527,1.46828,1.46853,1.00,1.00
2015.10.14 12:59:30.750,1.46823,1.46851,1.75,1.00
2015.10.14 12:59:32.499,1.46824,1.4685,1.75,1.00
2015.10.14 12:59:32.879,1.46831,1.46854,1.00,1.12
2015.10.14 12:59:33.083,1.46829,1.46855,1.00,1.50
2015.10.14 12:59:34.025,1.46842,1.46868,1.00,1.50
2015.10.14 12:59:34.127,1.4684,1.46868,1.00,1.50
2015.10.14 12:59:34.331,1.46843,1.4687,1.00,2.25
2015.10.14 12:59:34.866,1.46844,1.4687,1.12,1.00
2015.10.14 12:59:36.098,1.46846,1.46872,1.00,1.50
2015.10.14 12:59:36.404,1.46838,1.46866,1.75,1.00
2015.10.14 12:59:36.455,1.46836,1.46862,1.12,1.00
2015.10.14 12:59:36.984,1.46837,1.46863,1.00,1.12
2015.10.14 12:59:37.036,1.46834,1.46861,1.50,1.00
2015.10.14 12:59:37.547,1.46836,1.46864,1.12,1.37
2015.10.14 12:59:38.221,1.46837,1.46865,1.00,1.50
2015.10.14 12:59:38.628,1.4684,1.46866,1.12,1.37
2015.10.14 12:59:38.679,1.4684,1.46866,1.50,1.00
2015.10.14 12:59:39.301,1.4684,1.46867,1.50,1.12
2015.10.14 12:59:39.813,1.46841,1.46869,1.12,1.87
2015.10.14 12:59:39.967,1.46842,1.46872,1.75,1.37
2015.10.14 12:59:40.246,1.46838,1.46869,1.75,1.00
2015.10.14 12:59:40.350,1.46835,1.46864,3.00,1.00
2015.10.14 12:59:40.504,1.46838,1.46864,1.00,1.00
2015.10.14 12:59:40.607,1.46835,1.46864,2.25,1.00
2015.10.14 12:59:40.659,1.46835,1.46868,2.25,1.12
2015.10.14 12:59:40.921,1.46837,1.46868,1.50,1.37
2015.10.14 12:59:41.786,1.46836,1.46865,1.12,1.00
2015.10.14 12:59:42.162,1.46841,1.46865,1.00,1.37
2015.10.14 12:59:42.265,1.46839,1.46865,1.00,1.87
2015.10.14 12:59:42.520,1.46836,1.46862,1.50,1.00
2015.10.14 12:59:43.252,1.46832,1.4686,1.50,1.37
2015.10.14 12:59:43.303,1.46832,1.4686,1.50,1.37
2015.10.14 12:59:44.365,1.46827,1.46854,1.75,1.00
2015.10.14 12:59:44.467,1.4683,1.46856,1.00,1.00
2015.10.14 12:59:44.690,1.46832,1.46858,1.00,1.50
2015.10.14 12:59:44.996,1.46834,1.46859,1.00,1.87
2015.10.14 12:59:45.474,1.46836,1.46861,1.00,1.50
2015.10.14 12:59:45.884,1.46833,1.46859,1.00,1.37
2015.10.14 12:59:45.986,1.46833,1.46859,1.00,1.12
2015.10.14 12:59:46.088,1.46833,1.46859,1.00,1.87
2015.10.14 12:59:46.612,1.46832,1.46858,1.00,1.50
2015.10.14 12:59:46.922,1.46835,1.46859,1.00,1.12
2015.10.14 12:59:47.075,1.46835,1.46861,1.00,1.12
2015.10.14 12:59:47.229,1.46838,1.46861,1.00,1.12
2015.10.14 12:59:47.280,1.46838,1.46865,1.00,1.12
2015.10.14 12:59:47.494,1.46842,1.46868,1.00,1.00
2015.10.14 12:59:47.546,1.46844,1.46868,1.00,1.00
2015.10.14 12:59:47.752,1.46842,1.46868,1.00,1.00
2015.10.14 12:59:47.905,1.4684,1.46868,1.00,1.50
2015.10.14 12:59:47.957,1.4684,1.46868,1.00,1.50
2015.10.14 12:59:48.008,1.46837,1.46865,1.00,1.50
2015.10.14 12:59:48.060,1.46837,1.46865,1.00,1.75
2015.10.14 12:59:48.111,1.46835,1.46861,1.00,1.12
2015.10.14 12:59:48.213,1.46832,1.4686,1.50,1.00
2015.10.14 12:59:48.515,1.46831,1.46857,1.75,1.00
2015.10.14 12:59:49.057,1.46831,1.46858,1.75,1.00
2015.10.14 12:59:49.362,1.46827,1.46854,1.00,1.00
2015.10.14 12:59:49.464,1.46829,1.46854,1.00,1.00
2015.10.14 12:59:49.692,1.46831,1.46857,1.00,1.50
2015.10.14 12:59:50.060,1.46833,1.46859,1.00,1.12
2015.10.14 12:59:50.434,1.46831,1.46857,1.12,1.00
2015.10.14 12:59:51.294,1.4683,1.46856,1.50,1.00
2015.10.14 12:59:51.676,1.46824,1.46851,1.75,1.00
2015.10.14 12:59:51.931,1.46829,1.46857,1.00,2.25
2015.10.14 12:59:52.084,1.46832,1.46857,1.00,1.37
2015.10.14 12:59:52.135,1.46832,1.46858,1.00,1.00
2015.10.14 12:59:52.293,1.46834,1.4686,1.00,1.87
2015.10.14 12:59:52.840,1.46833,1.46859,1.00,1.12
2015.10.14 12:59:53.350,1.46832,1.46859,1.00,1.00
2015.10.14 12:59:53.758,1.46835,1.46859,1.00,1.00
2015.10.14 12:59:54.064,1.46837,1.46863,1.00,2.25
2015.10.14 12:59:54.763,1.46833,1.46859,1.00,1.75
2015.10.14 12:59:54.916,1.46831,1.46859,1.00,1.75
2015.10.14 12:59:55.426,1.46832,1.46858,1.00,1.50
2015.10.14 12:59:55.579,1.46834,1.46861,1.00,1.75
2015.10.14 12:59:55.842,1.46837,1.46861,1.00,1.12
2015.10.14 12:59:55.893,1.46833,1.46861,1.12,1.87
2015.10.14 12:59:55.996,1.46833,1.46861,1.12,1.50
2015.10.14 12:59:56.250,1.46831,1.46857,1.00,1.00
2015.10.14 12:59:56.564,1.46831,1.46857,1.00,1.37
2015.10.14 12:59:56.869,1.46828,1.46854,1.00,1.37
2015.10.14 12:59:57.023,1.4683,1.46856,1.00,1.75
2015.10.14 12:59:57.431,1.46828,1.46856,1.00,1.87
2015.10.14 12:59:57.585,1.46828,1.46854,1.00,1.75
2015.10.14 12:59:58.090,1.46829,1.46856,1.00,1.12
2015.10.14 12:59:58.248,1.46827,1.46853,1.00,1.75
2015.10.14 12:59:58.554,1.46826,1.46854,2.25,1.50
2015.10.14 12:59:58.758,1.4683,1.46854,1.00,1.00
2015.10.14 12:59:58.809,1.4683,1.46856,1.00,1.50
2015.10.14 12:59:59.048,1.46832,1.46858,1.00,1.00
2015.10.14 12:59:59.566,1.46831,1.46857,1.00,1.00
