2015.10.26 07:00:00.008,1.49844,1.49874,1.00,1.12
2015.10.26 07:00:00.059,1.49844,1.49874,1.12,1.12
2015.10.26 07:00:00.110,1.49848,1.49874,1.00,1.12
2015.10.26 07:00:00.213,1.49843,1.49869,1.00,1.00
2015.10.26 07:00:00.622,1.49841,1.49869,1.50,2.25
2015.10.26 07:00:00.775,1.49839,1.49869,1.00,3.00
2015.10.26 07:00:00.878,1.49839,1.49866,1.00,1.00
2015.10.26 07:00:00.980,1.4984,1.49869,1.00,1.00
2015.10.26 07:00:01.192,1.49842,1.49869,1.00,1.00
2015.10.26 07:00:01.835,1.49845,1.49873,1.00,1.75
2015.10.26 07:00:01.938,1.49843,1.49873,1.12,1.75
2015.10.26 07:00:02.162,1.49845,1.49873,1.00,1.75
2015.10.26 07:00:02.723,1.49844,1.49872,1.00,1.50
2015.10.26 07:00:05.072,1.49842,1.49872,1.50,1.50
2015.10.26 07:00:05.405,1.49845,1.49873,1.00,1.75
2015.10.26 07:00:05.780,1.49845,1.49873,1.00,1.75
2015.10.26 07:00:05.832,1.49842,1.49872,1.00,1.75
2015.10.26 07:00:06.554,1.49841,1.49869,1.00,1.50
2015.10.26 07:00:07.087,1.4984,1.49869,2.62,1.50
2015.10.26 07:00:07.588,1.49842,1.4987,1.00,1.75
2015.10.26 07:00:08.115,1.4984,1.49869,2.62,1.50
2015.10.26 07:00:08.736,1.49841,1.49869,1.00,1.50
2015.10.26 07:00:10.013,1.4984,1.49869,1.87,1.50
2015.10.26 07:00:10.558,1.49841,1.49869,1.00,1.50
2015.10.26 07:00:12.311,1.49838,1.49865,1.12,1.00
2015.10.26 07:00:12.692,1.4984,1.49865,1.00,1.00
2015.10.26 07:00:15.249,1.49838,1.49865,1.00,1.00
2015.10.26 07:00:16.947,1.49837,1.49862,1.12,1.00
2015.10.26 07:00:19.988,1.49839,1.49862,1.00,1.00
2015.10.26 07:00:20.090,1.49833,1.49857,1.00,1.00
2015.10.26 07:00:20.141,1.49829,1.49851,1.12,1.00
2015.10.26 07:00:20.244,1.49827,1.49851,1.87,1.00
2015.10.26 07:00:21.095,1.49828,1.49851,1.00,1.00
2015.10.26 07:00:21.606,1.49826,1.49851,1.37,1.00
2015.10.26 07:00:22.072,1.49824,1.49851,1.00,1.00
2015.10.26 07:00:22.181,1.49826,1.49851,1.00,1.00
2015.10.26 07:00:22.435,1.49823,1.49851,1.00,1.50
2015.10.26 07:00:22.538,1.49825,1.49851,1.00,1.50
2015.10.26 07:00:22.843,1.4982,1.49848,1.12,1.50
2015.10.26 07:00:22.945,1.4982,1.49848,1.12,1.75
2015.10.26 07:00:23.972,1.49818,1.49846,1.50,1.37
2015.10.26 07:00:25.267,1.49818,1.49843,1.00,1.00
2015.10.26 07:00:26.174,1.49816,1.49843,1.50,1.00
2015.10.26 07:00:26.861,1.49817,1.49843,1.00,1.50
2015.10.26 07:00:27.377,1.49816,1.49842,1.00,1.00
2015.10.26 07:00:28.029,1.49815,1.49841,1.00,1.00
2015.10.26 07:00:30.236,1.49816,1.49843,1.00,1.00
2015.10.26 07:00:33.176,1.49818,1.49843,1.00,1.00
2015.10.26 07:00:34.421,1.49816,1.49842,1.00,1.00
2015.10.26 07:00:35.080,1.49816,1.49842,1.00,1.37
2015.10.26 07:00:35.398,1.49816,1.49842,1.00,1.75
2015.10.26 07:00:36.241,1.49816,1.49842,1.00,1.50
2015.10.26 07:00:36.593,1.49814,1.49842,1.00,1.50
2015.10.26 07:00:37.384,1.49812,1.4984,2.25,1.00
2015.10.26 07:00:38.677,1.49815,1.49841,1.00,1.12
2015.10.26 07:00:39.198,1.49814,1.4984,1.00,1.00
2015.10.26 07:00:43.353,1.49814,1.4984,1.50,1.00
2015.10.26 07:00:43.858,1.49809,1.49834,1.12,1.00
2015.10.26 07:00:43.961,1.49809,1.49836,1.12,1.12
2015.10.26 07:00:46.050,1.49806,1.49832,2.25,1.00
2015.10.26 07:00:46.509,1.4981,1.49836,1.75,1.00
2015.10.26 07:00:47.071,1.49811,1.49839,1.75,1.00
2015.10.26 07:00:48.370,1.49812,1.4984,1.50,1.00
2015.10.26 07:00:48.688,1.49811,1.49837,1.75,1.00
2015.10.26 07:00:49.940,1.49808,1.49834,1.75,1.00
2015.10.26 07:00:50.446,1.49811,1.49837,1.75,1.00
2015.10.26 07:00:53.869,1.4981,1.49836,1.75,1.00
2015.10.26 07:00:54.479,1.49811,1.49837,1.75,1.00
2015.10.26 07:00:55.327,1.49808,1.49836,1.75,1.00
2015.10.26 07:00:55.378,1.49808,1.49832,1.00,1.00
2015.10.26 07:00:55.883,1.49807,1.49832,1.00,1.00
2015.10.26 07:00:56.477,1.49806,1.49831,1.00,1.00
2015.10.26 07:00:57.283,1.49806,1.4983,1.00,1.00
2015.10.26 07:00:57.744,1.49806,1.49828,1.00,1.00
2015.10.26 07:00:59.133,1.49803,1.49829,1.75,1.00
2015.10.26 07:01:00.148,1.49804,1.4983,1.50,1.00
2015.10.26 07:01:00.773,1.49803,1.49829,1.75,1.00
2015.10.26 07:01:01.079,1.49802,1.49828,1.37,1.00
2015.10.26 07:01:01.131,1.49802,1.49828,1.12,1.00
2015.10.26 07:01:01.642,1.49803,1.49829,1.00,1.00
2015.10.26 07:01:01.809,1.49803,1.49829,1.75,1.00
2015.10.26 07:01:03.739,1.49801,1.49827,2.25,1.00
2015.10.26 07:01:04.768,1.49802,1.49828,1.00,1.00
2015.10.26 07:01:05.419,1.49801,1.49827,1.50,1.00
2015.10.26 07:01:05.928,1.49802,1.49828,1.00,1.00
2015.10.26 07:01:06.933,1.49801,1.49827,1.12,1.00
2015.10.26 07:01:07.527,1.49801,1.49826,1.12,1.00
2015.10.26 07:01:07.715,1.49801,1.49828,1.12,1.00
2015.10.26 07:01:08.532,1.49802,1.49828,1.00,1.00
2015.10.26 07:01:09.043,1.49799,1.49827,1.87,1.00
2015.10.26 07:01:09.618,1.49799,1.49825,1.87,1.00
2015.10.26 07:01:10.392,1.49797,1.49822,1.75,1.00
2015.10.26 07:01:10.496,1.49798,1.49826,1.75,1.00
2015.10.26 07:01:10.601,1.49798,1.49824,1.75,1.00
2015.10.26 07:01:10.705,1.498,1.49826,1.50,1.00
2015.10.26 07:01:11.807,1.49804,1.49827,1.00,1.00
2015.10.26 07:01:13.022,1.49804,1.49826,1.00,1.00
2015.10.26 07:01:13.587,1.49804,1.49827,1.00,1.00
2015.10.26 07:01:14.159,1.49804,1.49826,1.00,1.00
2015.10.26 07:01:18.721,1.49804,1.49827,1.00,1.00
2015.10.26 07:01:22.377,1.49804,1.49826,1.00,1.00
2015.10.26 07:01:22.937,1.498,1.49826,2.62,1.00
2015.10.26 07:01:27.306,1.498,1.49823,1.87,1.00
2015.10.26 07:01:28.092,1.498,1.49825,1.87,1.00
2015.10.26 07:01:28.639,1.49804,1.49826,1.00,1.00
2015.10.26 07:01:31.255,1.49804,1.49828,1.00,1.00
2015.10.26 07:01:31.743,1.498,1.49828,2.62,1.00
2015.10.26 07:01:32.729,1.49801,1.49829,1.12,1.00
2015.10.26 07:01:32.832,1.498,1.49827,1.50,1.00
2015.10.26 07:01:33.637,1.498,1.49827,1.00,1.12
2015.10.26 07:01:33.945,1.49791,1.49816,1.37,1.00
2015.10.26 07:01:34.518,1.49791,1.49815,1.37,1.00
2015.10.26 07:01:35.305,1.49791,1.49815,1.00,1.00
2015.10.26 07:01:35.912,1.49791,1.49818,1.00,1.00
2015.10.26 07:01:36.428,1.49791,1.49817,1.00,1.00
2015.10.26 07:01:39.738,1.49796,1.49822,1.00,1.75
2015.10.26 07:01:39.840,1.49793,1.49821,1.00,1.50
2015.10.26 07:01:39.892,1.49793,1.49821,1.75,1.00
2015.10.26 07:01:40.550,1.49797,1.49823,1.00,1.00
2015.10.26 07:01:42.305,1.49796,1.49822,1.00,1.00
2015.10.26 07:01:42.611,1.49799,1.49825,1.00,1.00
2015.10.26 07:01:43.922,1.49795,1.49823,1.75,1.00
2015.10.26 07:01:44.694,1.49799,1.49825,1.00,1.00
2015.10.26 07:01:44.946,1.49797,1.49823,1.37,1.00
2015.10.26 07:01:45.515,1.49788,1.49814,1.75,1.00
2015.10.26 07:01:45.568,1.49788,1.49814,1.50,1.00
2015.10.26 07:01:45.671,1.49781,1.49807,1.75,1.00
2015.10.26 07:01:45.774,1.49781,1.49807,1.50,1.00
2015.10.26 07:01:46.221,1.49776,1.49812,4.12,1.50
2015.10.26 07:01:48.517,1.49774,1.4981,3.00,1.37
2015.10.26 07:01:48.569,1.49774,1.49808,1.75,1.37
2015.10.26 07:01:48.910,1.49772,1.49802,2.25,1.00
2015.10.26 07:01:48.962,1.4977,1.49805,1.75,1.37
2015.10.26 07:01:49.016,1.49769,1.49801,2.25,1.00
2015.10.26 07:01:49.119,1.49767,1.49801,1.75,1.75
2015.10.26 07:01:49.272,1.49767,1.498,1.75,1.00
2015.10.26 07:01:49.997,1.49771,1.49798,1.75,1.00
2015.10.26 07:01:50.104,1.49771,1.498,1.00,1.75
2015.10.26 07:01:50.650,1.49767,1.498,1.75,1.75
2015.10.26 07:01:53.250,1.49767,1.49798,1.75,1.00
2015.10.26 07:01:53.303,1.49769,1.49806,1.75,1.75
2015.10.26 07:02:00.977,1.49779,1.49805,1.00,1.75
2015.10.26 07:02:01.233,1.4977,1.49805,3.75,1.00
2015.10.26 07:02:01.540,1.49773,1.49807,1.75,1.12
2015.10.26 07:02:02.363,1.49779,1.49814,1.75,1.75
2015.10.26 07:02:02.414,1.49784,1.49814,1.00,1.00
2015.10.26 07:02:04.950,1.49788,1.49823,1.12,3.00
2015.10.26 07:02:05.731,1.49791,1.49825,1.37,2.25
2015.10.26 07:02:05.790,1.49793,1.49823,1.00,1.00
2015.10.26 07:02:09.957,1.4979,1.49826,1.37,3.00
2015.10.26 07:02:18.151,1.49784,1.49821,2.25,1.75
2015.10.26 07:02:18.562,1.49784,1.49818,1.00,3.00
2015.10.26 07:02:18.767,1.49778,1.49808,3.00,1.00
2015.10.26 07:02:19.662,1.49779,1.49808,1.00,1.00
2015.10.26 07:02:19.874,1.49782,1.49808,1.00,1.00
2015.10.26 07:02:20.898,1.49781,1.49808,1.00,1.00
2015.10.26 07:02:21.323,1.49783,1.49808,1.00,1.00
2015.10.26 07:02:21.897,1.49784,1.49808,1.00,1.00
2015.10.26 07:02:22.471,1.49799,1.49823,1.00,1.00
2015.10.26 07:02:22.675,1.49803,1.49829,1.00,1.00
2015.10.26 07:02:23.336,1.49803,1.49829,1.00,1.37
2015.10.26 07:02:23.940,1.49803,1.49829,1.00,1.75
2015.10.26 07:02:26.276,1.49802,1.49828,1.00,1.75
2015.10.26 07:02:26.932,1.49801,1.49827,1.00,1.50
2015.10.26 07:02:29.302,1.49802,1.4983,1.00,1.75
2015.10.26 07:02:29.610,1.49806,1.49832,1.00,1.75
2015.10.26 07:02:29.920,1.49805,1.49834,1.00,1.75
2015.10.26 07:02:30.219,1.49807,1.49834,1.00,1.75
2015.10.26 07:02:33.229,1.49805,1.49833,1.00,1.75
2015.10.26 07:02:33.639,1.49808,1.49834,1.00,1.75
2015.10.26 07:02:34.100,1.49806,1.49833,1.00,1.75
2015.10.26 07:02:34.492,1.49808,1.49835,1.00,1.75
2015.10.26 07:02:34.544,1.49806,1.49836,1.00,1.75
2015.10.26 07:02:38.525,1.49807,1.49834,1.00,1.75
2015.10.26 07:02:39.600,1.49805,1.49834,1.00,1.75
2015.10.26 07:02:42.564,1.49806,1.49834,1.00,1.75
2015.10.26 07:02:49.133,1.49805,1.49832,1.00,1.75
2015.10.26 07:02:49.440,1.49804,1.49831,1.00,1.50
2015.10.26 07:02:49.963,1.49803,1.49829,1.00,1.75
2015.10.26 07:02:52.473,1.49801,1.49829,1.00,1.75
2015.10.26 07:02:53.096,1.49802,1.49829,1.00,1.75
2015.10.26 07:02:53.148,1.49802,1.49829,1.00,1.50
2015.10.26 07:02:53.983,1.498,1.49829,1.50,1.50
2015.10.26 07:02:54.422,1.498,1.49829,1.12,1.50
2015.10.26 07:02:57.899,1.49804,1.49828,1.00,1.00
2015.10.26 07:02:58.052,1.49802,1.49828,1.00,1.00
2015.10.26 07:02:58.927,1.49803,1.49828,1.00,1.00
2015.10.26 07:02:59.956,1.498,1.49828,1.00,1.00
2015.10.26 07:03:00.809,1.49802,1.49828,1.00,1.00
2015.10.26 07:03:01.311,1.49808,1.49828,1.00,1.00
2015.10.26 07:03:01.556,1.49807,1.49831,1.00,1.00
2015.10.26 07:03:02.271,1.49806,1.49831,1.00,1.00
2015.10.26 07:03:03.569,1.49804,1.49831,1.00,1.00
2015.10.26 07:03:03.621,1.49804,1.49833,1.00,1.75
2015.10.26 07:03:04.354,1.49803,1.49829,1.00,1.50
2015.10.26 07:03:05.880,1.49804,1.49829,1.00,1.00
2015.10.26 07:03:05.984,1.49801,1.49827,1.00,1.00
2015.10.26 07:03:06.087,1.49799,1.49825,1.00,1.00
2015.10.26 07:03:06.139,1.49796,1.49825,1.50,1.50
2015.10.26 07:03:06.645,1.49794,1.49821,1.75,1.00
2015.10.26 07:03:13.456,1.49792,1.4982,1.50,1.00
2015.10.26 07:03:13.560,1.4979,1.49819,1.50,1.50
2015.10.26 07:03:13.715,1.49795,1.49821,1.00,1.37
2015.10.26 07:03:13.767,1.49795,1.49821,1.12,1.00
2015.10.26 07:03:14.253,1.49794,1.4982,1.00,1.37
2015.10.26 07:03:14.356,1.49792,1.4982,1.00,1.37
2015.10.26 07:03:14.765,1.49791,1.49817,1.12,1.00
2015.10.26 07:03:16.014,1.49792,1.4982,1.00,1.37
2015.10.26 07:03:17.953,1.49791,1.4982,1.12,1.37
2015.10.26 07:03:18.106,1.49793,1.49821,1.00,1.50
2015.10.26 07:03:18.425,1.49795,1.49821,1.00,1.50
2015.10.26 07:03:18.980,1.49793,1.49819,1.00,1.12
2015.10.26 07:03:19.287,1.4979,1.49818,1.37,1.00
2015.10.26 07:03:20.132,1.4979,1.49818,1.37,1.37
2015.10.26 07:03:20.987,1.49786,1.49808,1.00,1.00
2015.10.26 07:03:21.489,1.49785,1.49808,1.00,1.00
2015.10.26 07:03:22.606,1.49784,1.49808,1.00,1.00
2015.10.26 07:03:23.134,1.49783,1.49808,1.00,1.00
2015.10.26 07:03:23.980,1.49782,1.49808,1.00,1.50
2015.10.26 07:03:25.873,1.49781,1.49807,1.00,1.12
2015.10.26 07:03:26.213,1.49778,1.49806,1.00,1.37
2015.10.26 07:03:26.876,1.49777,1.49807,1.12,1.75
2015.10.26 07:03:27.394,1.49778,1.49805,1.00,1.75
2015.10.26 07:03:27.445,1.49776,1.49806,1.00,1.75
2015.10.26 07:03:27.713,1.49776,1.49806,1.12,1.12
2015.10.26 07:03:27.764,1.4978,1.49808,1.00,1.75
2015.10.26 07:03:27.917,1.4978,1.49808,1.12,1.12
2015.10.26 07:03:28.321,1.49782,1.49809,1.00,1.50
2015.10.26 07:03:28.826,1.49783,1.49811,1.00,1.75
2015.10.26 07:03:29.197,1.49784,1.49812,1.00,1.37
2015.10.26 07:03:29.454,1.4978,1.4981,1.75,1.00
2015.10.26 07:03:29.505,1.49788,1.49817,1.00,1.75
2015.10.26 07:03:30.788,1.49792,1.49819,1.00,1.50
2015.10.26 07:03:31.933,1.49793,1.49819,1.00,1.50
2015.10.26 07:03:33.902,1.49792,1.49819,1.00,1.50
2015.10.26 07:03:34.443,1.49793,1.49819,1.00,1.50
2015.10.26 07:03:36.328,1.49794,1.49821,1.00,2.25
2015.10.26 07:03:37.217,1.49793,1.4982,1.00,1.75
2015.10.26 07:03:38.123,1.49792,1.4982,1.00,1.75
2015.10.26 07:03:38.640,1.49796,1.49821,1.00,1.75
2015.10.26 07:03:39.153,1.49795,1.49821,1.00,1.75
2015.10.26 07:03:39.832,1.49792,1.49815,1.00,1.00
2015.10.26 07:03:40.041,1.49793,1.49818,1.00,1.00
2015.10.26 07:03:40.194,1.49796,1.49818,1.00,1.00
2015.10.26 07:03:40.348,1.49797,1.49824,1.00,1.75
2015.10.26 07:03:40.399,1.49799,1.49824,1.00,1.75
2015.10.26 07:03:41.651,1.49798,1.49824,1.00,2.25
2015.10.26 07:03:44.903,1.49796,1.49823,1.00,1.75
2015.10.26 07:03:55.281,1.49796,1.49825,1.50,1.50
2015.10.26 07:03:55.825,1.49799,1.49827,1.00,1.75
2015.10.26 07:03:56.149,1.49801,1.49827,1.00,1.75
2015.10.26 07:03:58.232,1.49802,1.49828,1.00,1.75
2015.10.26 07:03:58.761,1.49801,1.49828,1.00,1.75
2015.10.26 07:03:59.319,1.49803,1.49828,1.00,1.75
2015.10.26 07:04:00.207,1.49802,1.49828,1.00,1.75
2015.10.26 07:04:01.017,1.49801,1.49827,1.00,1.75
2015.10.26 07:04:01.535,1.498,1.49826,1.00,1.75
2015.10.26 07:04:02.987,1.49798,1.49824,1.00,1.75
2015.10.26 07:04:04.186,1.49795,1.49823,1.00,1.50
2015.10.26 07:04:13.391,1.49796,1.49824,1.00,1.75
2015.10.26 07:04:17.258,1.49793,1.49821,1.87,1.00
2015.10.26 07:04:17.910,1.49795,1.49822,1.00,1.00
2015.10.26 07:04:18.848,1.49795,1.49823,1.37,1.37
2015.10.26 07:04:19.156,1.498,1.49828,1.00,1.50
2015.10.26 07:04:19.465,1.49795,1.49823,1.00,1.50
2015.10.26 07:04:20.165,1.49784,1.49812,1.37,1.37
2015.10.26 07:04:20.319,1.49783,1.49809,1.00,1.50
2015.10.26 07:04:20.475,1.49781,1.49809,1.00,1.50
2015.10.26 07:04:20.578,1.49779,1.49807,1.12,1.00
2015.10.26 07:04:21.534,1.49778,1.49804,1.50,1.00
2015.10.26 07:04:21.793,1.49778,1.49806,1.50,1.00
2015.10.26 07:04:22.305,1.49779,1.49805,1.12,1.00
2015.10.26 07:04:27.733,1.49778,1.49804,1.50,1.00
2015.10.26 07:04:29.061,1.49778,1.49805,1.50,1.00
2015.10.26 07:04:30.539,1.49775,1.49802,1.12,1.00
2015.10.26 07:04:30.591,1.49775,1.49804,1.12,1.00
2015.10.26 07:04:31.095,1.49774,1.49803,1.50,1.00
2015.10.26 07:04:32.346,1.49774,1.49801,1.50,1.00
2015.10.26 07:04:34.115,1.49773,1.498,1.75,1.00
2015.10.26 07:04:34.422,1.4977,1.49796,3.00,1.00
2015.10.26 07:04:34.524,1.49771,1.49798,1.75,1.00
2015.10.26 07:04:34.779,1.49773,1.498,1.75,1.00
2015.10.26 07:04:38.581,1.49773,1.49802,1.75,1.00
2015.10.26 07:04:38.752,1.49773,1.49802,1.75,1.00
2015.10.26 07:04:39.757,1.49774,1.49801,1.75,1.00
2015.10.26 07:04:42.355,1.49775,1.49802,1.75,1.00
2015.10.26 07:04:43.030,1.49776,1.49803,1.50,1.00
2015.10.26 07:04:49.905,1.49776,1.49803,1.75,1.00
2015.10.26 07:04:50.415,1.49775,1.49804,1.75,1.00
2015.10.26 07:04:51.662,1.49779,1.49805,1.75,1.00
2015.10.26 07:04:53.811,1.49782,1.49808,1.50,1.00
2015.10.26 07:04:55.760,1.4978,1.49806,1.75,1.00
2015.10.26 07:04:56.016,1.49779,1.49806,1.00,1.00
2015.10.26 07:04:56.758,1.4978,1.49806,1.00,1.00
2015.10.26 07:04:57.390,1.49779,1.49805,1.00,1.00
2015.10.26 07:04:57.543,1.49778,1.49808,1.50,1.50
2015.10.26 07:04:57.746,1.4978,1.49808,1.00,1.50
2015.10.26 07:04:58.439,1.49781,1.49808,1.00,1.50
2015.10.26 07:04:59.298,1.4978,1.49806,1.00,1.00
2015.10.26 07:05:00.217,1.49781,1.49807,1.00,1.00
2015.10.26 07:05:00.522,1.49779,1.49805,1.00,1.00
2015.10.26 07:05:00.920,1.4978,1.49807,1.00,1.00
2015.10.26 07:05:02.087,1.49781,1.49807,1.00,1.00
2015.10.26 07:05:02.730,1.4978,1.49806,1.00,1.00
2015.10.26 07:05:03.266,1.49779,1.49805,1.00,1.00
2015.10.26 07:05:03.696,1.49778,1.49801,1.00,1.00
2015.10.26 07:05:04.654,1.49778,1.498,1.00,1.00
2015.10.26 07:05:08.295,1.49778,1.49802,1.00,1.00
2015.10.26 07:05:11.364,1.49778,1.49801,1.00,1.00
2015.10.26 07:05:12.268,1.49775,1.49801,1.12,1.00
2015.10.26 07:05:15.126,1.49772,1.49799,1.75,1.00
2015.10.26 07:05:15.493,1.49771,1.49799,1.50,1.00
2015.10.26 07:05:16.056,1.49771,1.49798,1.50,1.00
2015.10.26 07:05:19.619,1.4977,1.49798,1.00,1.50
2015.10.26 07:05:19.673,1.49769,1.49795,1.50,1.00
2015.10.26 07:05:19.988,1.49769,1.49795,1.75,1.00
2015.10.26 07:05:20.490,1.49769,1.49796,1.75,1.00
2015.10.26 07:05:22.828,1.49769,1.49796,1.75,1.00
2015.10.26 07:05:22.880,1.49769,1.49796,1.50,1.00
2015.10.26 07:05:33.284,1.49772,1.49798,1.00,1.87
2015.10.26 07:05:37.104,1.49771,1.49797,1.00,1.00
2015.10.26 07:05:37.413,1.49769,1.49794,1.00,1.12
2015.10.26 07:05:37.672,1.49767,1.49794,1.00,1.12
2015.10.26 07:05:38.198,1.49768,1.49794,1.00,1.12
2015.10.26 07:05:46.824,1.49769,1.49794,1.00,1.00
2015.10.26 07:05:47.674,1.49768,1.49794,1.50,1.00
2015.10.26 07:05:48.425,1.49768,1.49796,1.50,1.00
2015.10.26 07:05:49.373,1.49771,1.49797,1.37,1.12
2015.10.26 07:05:49.425,1.49775,1.498,1.00,1.12
2015.10.26 07:05:49.527,1.49775,1.49803,1.50,1.87
2015.10.26 07:05:52.289,1.49775,1.49802,1.50,1.00
2015.10.26 07:05:52.392,1.4978,1.49807,1.12,1.00
2015.10.26 07:05:52.951,1.49787,1.49811,1.00,1.00
2015.10.26 07:05:54.005,1.49783,1.49811,1.00,1.75
2015.10.26 07:05:54.435,1.49779,1.49808,1.50,1.75
2015.10.26 07:05:54.487,1.49775,1.49814,2.25,1.75
2015.10.26 07:05:54.590,1.49772,1.4981,3.00,1.75
2015.10.26 07:05:55.114,1.49779,1.49806,1.50,1.00
2015.10.26 07:05:55.420,1.49779,1.49807,1.75,1.00
2015.10.26 07:05:57.122,1.4978,1.49808,1.75,1.00
2015.10.26 07:05:58.240,1.4978,1.49809,1.75,1.00
2015.10.26 07:05:58.550,1.49779,1.49807,1.75,1.00
2015.10.26 07:06:00.789,1.49778,1.49806,1.75,1.00
2015.10.26 07:06:01.298,1.49779,1.49807,1.75,1.00
2015.10.26 07:06:01.811,1.49778,1.49806,1.75,1.00
2015.10.26 07:06:02.219,1.49785,1.49813,1.00,2.25
2015.10.26 07:06:02.723,1.49782,1.49811,1.75,1.00
2015.10.26 07:06:03.266,1.49784,1.49812,1.75,1.00
2015.10.26 07:06:04.325,1.49785,1.49812,1.50,1.00
2015.10.26 07:06:06.691,1.49785,1.49813,1.50,1.00
2015.10.26 07:06:07.499,1.49785,1.49812,1.50,1.00
2015.10.26 07:06:09.746,1.49788,1.49815,1.75,1.50
2015.10.26 07:06:10.561,1.49788,1.49816,1.75,1.00
2015.10.26 07:06:16.669,1.49787,1.49814,1.75,1.00
2015.10.26 07:06:17.193,1.49785,1.49813,1.75,1.00
2015.10.26 07:06:19.269,1.49788,1.49816,1.75,1.00
2015.10.26 07:06:19.782,1.49793,1.49818,1.12,1.00
2015.10.26 07:06:20.786,1.49788,1.49814,1.75,1.00
2015.10.26 07:06:21.299,1.49787,1.49813,1.75,1.00
2015.10.26 07:06:21.842,1.49786,1.49812,1.75,1.00
2015.10.26 07:06:22.596,1.49785,1.49811,1.75,1.00
2015.10.26 07:06:23.200,1.49785,1.49813,1.75,1.00
2015.10.26 07:06:23.897,1.49787,1.49815,1.75,1.00
2015.10.26 07:06:24.103,1.49789,1.49817,1.75,1.00
2015.10.26 07:06:24.509,1.49793,1.49818,1.50,1.00
2015.10.26 07:06:26.265,1.4979,1.49812,1.37,1.87
2015.10.26 07:06:26.367,1.4979,1.4981,1.00,1.87
2015.10.26 07:06:26.419,1.4978,1.498,1.87,1.00
2015.10.26 07:06:26.572,1.49774,1.49793,1.00,1.00
2015.10.26 07:06:26.624,1.49768,1.49794,1.37,1.00
2015.10.26 07:06:26.675,1.49768,1.49794,1.00,1.00
2015.10.26 07:06:26.726,1.49766,1.49791,1.00,1.00
2015.10.26 07:06:26.981,1.49764,1.4979,1.12,1.12
2015.10.26 07:06:27.488,1.49762,1.4979,1.75,1.00
2015.10.26 07:06:29.921,1.49763,1.49791,1.75,1.00
2015.10.26 07:06:31.804,1.49764,1.49792,1.50,1.87
2015.10.26 07:06:33.568,1.49767,1.49792,1.12,1.00
2015.10.26 07:06:33.976,1.49764,1.49792,1.00,2.25
2015.10.26 07:06:34.585,1.49763,1.4979,1.50,1.00
2015.10.26 07:06:35.119,1.49763,1.49791,1.50,1.00
2015.10.26 07:06:35.662,1.49765,1.49791,1.00,1.00
2015.10.26 07:06:36.410,1.49764,1.4979,1.00,1.00
2015.10.26 07:06:36.941,1.49765,1.49791,1.00,1.00
2015.10.26 07:06:45.195,1.49763,1.4979,1.00,1.00
2015.10.26 07:06:45.923,1.49763,1.49789,1.50,1.00
2015.10.26 07:06:50.822,1.49764,1.49791,1.00,1.00
2015.10.26 07:06:50.924,1.49768,1.49796,1.12,1.37
2015.10.26 07:06:51.438,1.49767,1.49793,1.00,1.00
2015.10.26 07:06:56.522,1.49766,1.49792,1.00,1.37
2015.10.26 07:06:57.048,1.49766,1.49792,1.00,1.75
2015.10.26 07:06:57.997,1.49766,1.49794,1.12,1.37
2015.10.26 07:07:01.821,1.49766,1.49792,1.12,1.00
2015.10.26 07:07:02.502,1.49765,1.49791,1.37,1.00
2015.10.26 07:07:02.718,1.49764,1.49793,1.50,1.12
2015.10.26 07:07:02.922,1.49765,1.49791,1.37,1.00
2015.10.26 07:07:04.412,1.49766,1.49792,1.12,1.00
2015.10.26 07:07:07.002,1.49767,1.49793,1.00,1.12
2015.10.26 07:07:07.564,1.49766,1.49792,1.12,1.00
2015.10.26 07:07:08.159,1.49763,1.49791,1.75,1.00
2015.10.26 07:07:11.871,1.49764,1.4979,1.50,1.00
2015.10.26 07:07:12.165,1.49765,1.49793,1.37,1.12
2015.10.26 07:07:12.691,1.49767,1.49795,1.00,1.50
2015.10.26 07:07:15.072,1.49766,1.49794,1.75,1.00
2015.10.26 07:07:16.584,1.49766,1.49792,1.12,1.00
2015.10.26 07:07:17.563,1.49765,1.49791,1.37,1.00
2015.10.26 07:07:17.990,1.49765,1.49793,1.37,1.12
2015.10.26 07:07:18.045,1.49768,1.49794,1.00,1.37
2015.10.26 07:07:18.098,1.49765,1.49791,1.00,1.75
2015.10.26 07:07:18.150,1.49765,1.49791,1.00,1.37
2015.10.26 07:07:18.253,1.49764,1.4979,1.37,1.00
2015.10.26 07:07:18.471,1.49764,1.4979,1.00,1.00
2015.10.26 07:07:18.743,1.49761,1.49789,1.12,1.00
2015.10.26 07:07:19.106,1.49767,1.49793,1.00,1.37
2015.10.26 07:07:19.617,1.49766,1.49792,1.12,1.00
2015.10.26 07:07:19.952,1.49763,1.49789,1.50,1.00
2015.10.26 07:07:20.003,1.49763,1.49789,1.12,1.00
2015.10.26 07:07:20.504,1.49764,1.4979,1.00,1.12
2015.10.26 07:07:20.656,1.49764,1.4979,1.37,1.00
2015.10.26 07:07:20.810,1.49762,1.4979,1.37,1.00
2015.10.26 07:07:21.679,1.49763,1.49791,1.12,1.12
2015.10.26 07:07:21.730,1.49765,1.49791,1.00,1.12
2015.10.26 07:07:22.037,1.49762,1.49788,1.50,1.00
2015.10.26 07:07:22.088,1.49759,1.49785,1.00,1.12
2015.10.26 07:07:22.293,1.49754,1.4978,1.75,1.00
2015.10.26 07:07:22.775,1.4976,1.49786,1.12,1.00
2015.10.26 07:07:22.830,1.49763,1.49791,1.00,1.75
2015.10.26 07:07:22.983,1.49766,1.49794,1.75,1.00
2015.10.26 07:07:23.187,1.49771,1.49797,1.00,1.75
2015.10.26 07:07:23.289,1.49769,1.49797,1.00,1.75
2015.10.26 07:07:23.594,1.49771,1.49797,1.00,1.75
2015.10.26 07:07:24.491,1.49769,1.49795,1.00,1.12
2015.10.26 07:07:25.130,1.4977,1.49796,1.00,1.50
2015.10.26 07:07:25.232,1.49772,1.49798,1.00,1.75
2015.10.26 07:07:25.385,1.49772,1.49798,1.00,1.00
2015.10.26 07:07:25.862,1.49773,1.49799,1.00,1.75
2015.10.26 07:07:26.015,1.4977,1.49798,1.00,1.75
2015.10.26 07:07:26.631,1.49771,1.49797,1.00,1.50
2015.10.26 07:07:27.204,1.4977,1.49796,1.00,1.37
2015.10.26 07:07:31.585,1.4977,1.49796,1.00,1.37
2015.10.26 07:07:31.688,1.4977,1.49796,1.00,1.12
2015.10.26 07:07:32.249,1.49768,1.49796,1.00,1.12
2015.10.26 07:07:34.527,1.4977,1.49796,1.00,1.12
2015.10.26 07:07:35.058,1.49771,1.49797,1.00,1.87
2015.10.26 07:07:35.508,1.49769,1.49797,1.00,1.87
2015.10.26 07:07:38.251,1.49772,1.49796,1.00,1.00
2015.10.26 07:07:38.880,1.49771,1.49796,1.00,1.00
2015.10.26 07:07:43.528,1.49769,1.49796,1.00,1.00
2015.10.26 07:07:44.277,1.49768,1.49796,1.00,1.50
2015.10.26 07:07:44.744,1.49768,1.49794,1.75,1.00
2015.10.26 07:07:44.846,1.4977,1.49798,1.50,1.37
2015.10.26 07:07:45.392,1.4977,1.49798,1.50,1.37
2015.10.26 07:07:46.280,1.4977,1.49798,1.50,1.00
2015.10.26 07:07:46.792,1.49769,1.49797,1.75,1.00
2015.10.26 07:07:46.844,1.49773,1.49799,1.00,1.00
2015.10.26 07:07:47.356,1.49775,1.49801,1.00,1.50
2015.10.26 07:07:47.410,1.49775,1.49803,1.50,1.00
2015.10.26 07:07:47.514,1.49777,1.49803,1.00,1.00
2015.10.26 07:07:47.820,1.49775,1.49803,1.50,1.00
2015.10.26 07:07:47.923,1.49775,1.49801,1.50,1.00
2015.10.26 07:07:48.590,1.49775,1.49802,1.00,1.50
2015.10.26 07:07:49.355,1.49775,1.49799,1.00,1.00
2015.10.26 07:07:49.459,1.49773,1.49799,1.00,2.25
2015.10.26 07:07:50.119,1.49771,1.49797,1.12,1.00
2015.10.26 07:07:50.921,1.49771,1.49799,1.12,2.25
2015.10.26 07:07:51.919,1.49771,1.49797,1.12,1.00
2015.10.26 07:07:52.468,1.49772,1.49798,1.00,1.12
2015.10.26 07:07:53.875,1.49771,1.49797,1.12,1.00
2015.10.26 07:07:54.435,1.4977,1.49798,1.50,1.12
2015.10.26 07:07:54.656,1.4977,1.49796,1.50,1.00
2015.10.26 07:07:54.866,1.4977,1.49798,1.50,1.12
2015.10.26 07:07:55.969,1.49769,1.49797,1.75,1.00
2015.10.26 07:07:58.819,1.49768,1.49794,1.75,1.00
2015.10.26 07:07:58.870,1.49768,1.49794,1.12,1.00
2015.10.26 07:07:59.273,1.49766,1.49792,1.75,1.00
2015.10.26 07:08:00.022,1.49767,1.49793,1.50,1.50
2015.10.26 07:08:00.380,1.49765,1.49791,1.75,1.00
2015.10.26 07:08:00.762,1.49761,1.49787,3.00,1.00
2015.10.26 07:08:00.814,1.49761,1.49787,1.37,1.00
2015.10.26 07:08:00.917,1.4976,1.49791,1.00,1.37
2015.10.26 07:08:00.969,1.49757,1.49791,1.75,1.37
2015.10.26 07:08:02.062,1.49763,1.4979,1.00,1.12
2015.10.26 07:08:02.529,1.49765,1.4979,1.00,1.12
2015.10.26 07:08:03.039,1.49765,1.49791,1.12,1.00
2015.10.26 07:08:03.493,1.49762,1.49788,1.75,1.00
2015.10.26 07:08:03.544,1.49764,1.4979,1.50,1.00
2015.10.26 07:08:03.953,1.49763,1.49789,1.00,1.12
2015.10.26 07:08:04.004,1.49761,1.49787,1.12,1.00
2015.10.26 07:08:04.774,1.4976,1.49788,1.87,1.00
2015.10.26 07:08:05.204,1.4976,1.49786,1.87,1.00
2015.10.26 07:08:05.307,1.49761,1.49789,1.12,1.12
2015.10.26 07:08:05.520,1.49761,1.49787,1.12,1.00
2015.10.26 07:08:06.130,1.49761,1.49787,1.00,1.37
2015.10.26 07:08:06.289,1.49759,1.49787,1.00,1.37
2015.10.26 07:08:06.836,1.4976,1.49788,1.00,1.50
2015.10.26 07:08:07.733,1.49762,1.49787,1.00,1.37
2015.10.26 07:08:08.492,1.49759,1.49787,1.00,1.37
2015.10.26 07:08:09.118,1.49753,1.49779,2.25,1.00
2015.10.26 07:08:09.170,1.49753,1.49779,1.00,1.00
2015.10.26 07:08:09.272,1.4975,1.49776,1.75,1.00
2015.10.26 07:08:09.375,1.49748,1.49774,1.12,1.12
2015.10.26 07:08:09.630,1.49745,1.49772,1.12,1.00
2015.10.26 07:08:10.421,1.49744,1.49772,1.75,1.00
2015.10.26 07:08:10.677,1.49743,1.4977,1.00,1.12
2015.10.26 07:08:10.728,1.49742,1.49768,1.12,1.00
2015.10.26 07:08:11.239,1.49739,1.49767,1.75,1.00
2015.10.26 07:08:12.634,1.49739,1.49765,1.75,1.00
2015.10.26 07:08:13.609,1.49738,1.49764,1.75,1.00
2015.10.26 07:08:13.915,1.49738,1.49764,1.00,1.00
2015.10.26 07:08:14.446,1.49738,1.49765,1.00,1.00
2015.10.26 07:08:14.937,1.49738,1.49763,1.00,1.00
2015.10.26 07:08:15.556,1.49738,1.49764,1.50,1.00
2015.10.26 07:08:17.527,1.49738,1.49761,1.00,1.00
2015.10.26 07:08:18.585,1.49741,1.49761,1.00,1.00
2015.10.26 07:08:20.169,1.4973,1.49756,2.25,1.00
2015.10.26 07:08:21.050,1.49731,1.49759,2.25,1.50
2015.10.26 07:08:21.672,1.4973,1.49758,1.75,1.00
2015.10.26 07:08:21.799,1.4973,1.49756,1.75,1.00
2015.10.26 07:08:21.952,1.49732,1.49758,1.75,1.00
2015.10.26 07:08:23.357,1.49734,1.49759,1.12,1.00
2015.10.26 07:08:24.461,1.49735,1.49759,1.00,1.00
2015.10.26 07:08:25.022,1.49733,1.49759,1.50,1.00
2015.10.26 07:08:25.664,1.49735,1.49759,1.00,1.00
2015.10.26 07:08:26.729,1.49733,1.49759,1.50,1.00
2015.10.26 07:08:28.704,1.49735,1.49759,1.00,1.00
2015.10.26 07:08:28.858,1.49735,1.49761,1.00,1.00
2015.10.26 07:08:28.909,1.49735,1.49761,1.37,1.00
2015.10.26 07:08:29.520,1.49736,1.49764,1.50,1.00
2015.10.26 07:08:30.627,1.49737,1.49765,1.12,1.50
2015.10.26 07:08:30.731,1.49737,1.49765,1.75,1.00
2015.10.26 07:08:31.037,1.49739,1.49767,1.87,1.00
2015.10.26 07:08:31.595,1.4974,1.49766,1.75,1.00
2015.10.26 07:08:34.148,1.49741,1.49767,1.75,1.00
2015.10.26 07:08:35.289,1.49745,1.49773,1.75,1.00
2015.10.26 07:08:35.796,1.49746,1.49772,1.75,1.00
2015.10.26 07:08:37.260,1.49747,1.49773,1.75,1.00
2015.10.26 07:08:37.565,1.49747,1.49775,1.75,1.00
2015.10.26 07:08:38.104,1.4975,1.49776,1.75,1.00
2015.10.26 07:08:39.879,1.49749,1.49775,1.75,1.00
2015.10.26 07:08:41.059,1.4975,1.49776,1.75,1.00
2015.10.26 07:08:41.634,1.49749,1.49775,1.75,1.00
2015.10.26 07:08:43.830,1.4975,1.49776,1.75,1.00
2015.10.26 07:08:44.925,1.49749,1.49775,1.75,1.00
2015.10.26 07:08:47.672,1.4975,1.49776,1.75,1.00
2015.10.26 07:08:48.237,1.49748,1.49774,1.75,1.00
2015.10.26 07:08:50.661,1.4975,1.49776,1.75,1.00
2015.10.26 07:08:50.865,1.4975,1.49778,1.75,1.00
2015.10.26 07:08:51.069,1.4975,1.49776,1.75,1.00
2015.10.26 07:08:52.532,1.49754,1.49778,1.00,1.00
2015.10.26 07:08:52.736,1.49754,1.4978,1.00,1.00
2015.10.26 07:08:53.483,1.49754,1.49781,1.00,1.00
2015.10.26 07:08:53.748,1.49754,1.49779,1.00,1.00
2015.10.26 07:08:54.259,1.49754,1.49781,1.00,1.00
2015.10.26 07:08:55.042,1.49752,1.49778,1.12,1.00
2015.10.26 07:08:55.787,1.49751,1.49777,1.37,1.00
2015.10.26 07:08:56.491,1.49752,1.49778,1.12,1.00
2015.10.26 07:08:57.566,1.49753,1.49779,1.00,1.12
2015.10.26 07:08:58.205,1.49752,1.49778,1.12,1.00
2015.10.26 07:08:59.131,1.49752,1.4978,1.12,1.37
2015.10.26 07:09:00.024,1.49752,1.49778,1.12,1.00
2015.10.26 07:09:00.561,1.49752,1.4978,1.12,1.37
2015.10.26 07:09:00.969,1.49752,1.4978,1.37,1.00
2015.10.26 07:09:01.625,1.49755,1.49783,1.75,1.00
2015.10.26 07:09:02.196,1.49754,1.49782,1.75,1.00
2015.10.26 07:09:02.501,1.49752,1.4978,1.75,1.00
2015.10.26 07:09:03.451,1.49748,1.49776,2.25,1.00
2015.10.26 07:09:03.503,1.4975,1.49778,1.50,1.00
2015.10.26 07:09:05.812,1.49749,1.49777,1.75,1.00
2015.10.26 07:09:09.671,1.49747,1.49779,1.75,1.00
2015.10.26 07:09:11.226,1.49746,1.49777,1.75,1.00
2015.10.26 07:09:12.993,1.49748,1.49778,1.75,1.00
2015.10.26 07:09:14.407,1.49749,1.49779,1.75,1.00
2015.10.26 07:09:16.238,1.4975,1.49779,1.00,1.37
2015.10.26 07:09:16.495,1.49744,1.49772,1.00,1.00
2015.10.26 07:09:16.548,1.49742,1.49772,1.37,1.37
2015.10.26 07:09:16.804,1.49749,1.49779,1.75,1.00
2015.10.26 07:09:17.306,1.49751,1.49781,1.50,1.50
2015.10.26 07:09:17.817,1.49753,1.49782,1.00,1.75
2015.10.26 07:09:18.525,1.49751,1.49782,1.50,1.75
2015.10.26 07:09:18.731,1.49754,1.49783,1.00,1.75
2015.10.26 07:09:18.833,1.49752,1.49783,1.12,1.75
2015.10.26 07:09:19.089,1.49754,1.49784,1.00,2.25
2015.10.26 07:09:19.373,1.49752,1.49783,1.12,1.75
2015.10.26 07:09:20.849,1.49747,1.49778,1.75,1.37
2015.10.26 07:09:21.369,1.49747,1.49778,1.37,2.25
2015.10.26 07:09:21.420,1.49746,1.49774,1.00,1.00
2015.10.26 07:09:21.952,1.49745,1.49774,1.00,1.00
2015.10.26 07:09:23.456,1.49745,1.49773,1.00,1.00
2015.10.26 07:09:24.809,1.49745,1.49774,1.50,1.50
2015.10.26 07:09:25.775,1.49746,1.49774,1.00,1.00
2015.10.26 07:09:25.878,1.49746,1.49777,1.37,1.37
2015.10.26 07:09:25.929,1.49749,1.49777,1.00,1.00
2015.10.26 07:09:26.434,1.49749,1.49778,1.50,1.50
2015.10.26 07:09:27.529,1.4975,1.49778,1.00,1.00
2015.10.26 07:09:28.057,1.49749,1.49778,1.50,1.00
2015.10.26 07:09:32.278,1.4975,1.49778,1.00,1.00
2015.10.26 07:09:33.394,1.49751,1.49778,1.00,1.00
2015.10.26 07:09:33.896,1.4975,1.49778,1.00,1.00
2015.10.26 07:09:34.050,1.49752,1.49778,1.00,1.00
2015.10.26 07:09:34.576,1.49751,1.49778,1.00,1.00
2015.10.26 07:09:35.106,1.49752,1.49778,1.00,1.00
2015.10.26 07:09:36.067,1.49741,1.4977,1.87,1.00
2015.10.26 07:09:36.119,1.49738,1.4977,1.75,1.12
2015.10.26 07:09:36.324,1.49738,1.49768,1.75,1.00
2015.10.26 07:09:37.565,1.49737,1.49767,1.75,1.00
2015.10.26 07:09:39.060,1.49736,1.49768,1.75,1.50
2015.10.26 07:09:39.777,1.49736,1.49766,1.75,1.00
2015.10.26 07:09:41.288,1.49735,1.49765,1.75,1.00
2015.10.26 07:09:41.633,1.49732,1.49762,1.75,1.00
2015.10.26 07:09:41.786,1.49732,1.49762,1.50,1.12
2015.10.26 07:09:44.392,1.49732,1.49761,1.50,1.00
2015.10.26 07:09:44.901,1.49733,1.49763,1.12,1.50
2015.10.26 07:09:45.802,1.49732,1.49761,1.50,1.00
2015.10.26 07:09:47.056,1.49732,1.49764,1.50,1.75
2015.10.26 07:09:48.008,1.49732,1.49761,1.50,1.00
2015.10.26 07:09:49.437,1.49733,1.49762,1.12,1.12
2015.10.26 07:09:50.424,1.49732,1.49761,1.50,1.00
2015.10.26 07:09:50.939,1.49732,1.49763,1.50,1.50
2015.10.26 07:09:52.048,1.49731,1.49762,1.12,1.75
2015.10.26 07:09:52.303,1.49727,1.49758,1.12,1.75
2015.10.26 07:09:53.408,1.49723,1.49755,1.50,2.25
2015.10.26 07:09:58.829,1.49728,1.49755,1.00,1.75
2015.10.26 07:09:59.358,1.49727,1.49755,1.00,1.75
2015.10.26 07:09:59.665,1.49729,1.49755,1.00,1.75
2015.10.26 07:10:00.225,1.49728,1.49758,1.00,2.25
2015.10.26 07:10:00.531,1.4973,1.49758,1.00,1.75
2015.10.26 07:10:02.957,1.4973,1.49758,1.00,1.75
2015.10.26 07:10:04.274,1.49729,1.49758,1.00,1.75
2015.10.26 07:10:04.941,1.49727,1.49758,1.00,1.75
2015.10.26 07:10:05.706,1.49728,1.49758,1.00,2.25
2015.10.26 07:10:06.206,1.49731,1.49762,1.12,2.25
2015.10.26 07:10:06.902,1.49732,1.49762,1.00,1.75
2015.10.26 07:10:07.435,1.49733,1.49762,1.00,1.75
2015.10.26 07:10:07.956,1.49734,1.49762,1.00,1.75
2015.10.26 07:10:08.467,1.49733,1.49762,1.00,2.25
2015.10.26 07:10:09.366,1.49731,1.49762,1.12,2.25
2015.10.26 07:10:19.929,1.4973,1.49758,1.50,1.00
2015.10.26 07:10:21.219,1.49732,1.49758,1.00,1.00
2015.10.26 07:10:21.861,1.49732,1.49758,1.50,1.00
2015.10.26 07:10:24.258,1.49732,1.49756,1.00,1.00
2015.10.26 07:10:24.309,1.49727,1.49756,1.75,1.50
2015.10.26 07:10:24.361,1.49727,1.49752,1.00,1.00
2015.10.26 07:10:24.831,1.49721,1.49738,1.00,1.12
2015.10.26 07:10:24.882,1.4971,1.49738,1.50,1.12
2015.10.26 07:10:25.087,1.49707,1.49732,1.00,1.00
2015.10.26 07:10:25.393,1.49706,1.49727,1.37,1.00
2015.10.26 07:10:25.445,1.49699,1.49727,1.37,1.00
2015.10.26 07:10:25.773,1.49699,1.49725,1.37,1.00
2015.10.26 07:10:26.270,1.49699,1.49723,1.37,1.00
2015.10.26 07:10:26.428,1.49694,1.49723,1.50,1.12
2015.10.26 07:10:26.939,1.49693,1.49722,1.75,1.00
2015.10.26 07:10:27.731,1.49692,1.49724,1.75,1.37
2015.10.26 07:10:29.697,1.49695,1.49724,1.00,1.75
2015.10.26 07:10:30.198,1.49694,1.49721,1.00,1.50
2015.10.26 07:10:31.664,1.49694,1.49721,1.37,1.12
2015.10.26 07:10:31.768,1.49694,1.49721,1.12,1.37
2015.10.26 07:10:35.282,1.49695,1.49721,1.00,1.75
2015.10.26 07:10:38.829,1.49696,1.49721,1.00,1.75
2015.10.26 07:10:39.688,1.49701,1.49723,1.00,1.00
2015.10.26 07:10:39.791,1.49698,1.49721,1.00,1.00
2015.10.26 07:10:39.842,1.49698,1.49724,1.00,1.00
2015.10.26 07:10:39.944,1.49701,1.49724,1.00,1.00
2015.10.26 07:10:40.454,1.49702,1.49724,1.00,1.00
2015.10.26 07:10:41.335,1.49702,1.49727,1.00,1.00
2015.10.26 07:10:41.864,1.49703,1.49727,1.00,1.00
2015.10.26 07:10:42.394,1.49702,1.49727,1.00,1.00
2015.10.26 07:10:43.445,1.49703,1.49727,1.00,1.00
2015.10.26 07:10:43.548,1.49705,1.49727,1.00,1.00
2015.10.26 07:10:44.767,1.49704,1.49727,1.00,1.00
2015.10.26 07:10:45.227,1.49702,1.49727,1.00,1.12
2015.10.26 07:10:45.432,1.49705,1.49728,1.00,1.12
2015.10.26 07:10:45.535,1.49697,1.49725,1.12,1.00
2015.10.26 07:10:46.016,1.49692,1.49722,1.75,1.12
2015.10.26 07:10:46.585,1.49691,1.49723,1.75,1.37
2015.10.26 07:10:47.949,1.49692,1.49721,1.75,1.00
2015.10.26 07:10:48.459,1.49692,1.49724,1.75,1.50
2015.10.26 07:10:49.933,1.49696,1.49725,1.00,1.75
2015.10.26 07:10:50.458,1.49694,1.49725,1.37,2.25
2015.10.26 07:10:53.413,1.49697,1.49725,1.00,1.75
2015.10.26 07:10:54.972,1.49697,1.49725,1.00,1.00
2015.10.26 07:10:56.402,1.49697,1.49726,1.00,1.00
2015.10.26 07:10:57.184,1.49699,1.49726,1.00,1.00
2015.10.26 07:10:58.303,1.49701,1.49726,1.00,1.00
2015.10.26 07:10:58.354,1.49701,1.4973,1.37,1.12
2015.10.26 07:10:58.406,1.49704,1.49735,1.00,1.75
2015.10.26 07:10:58.610,1.49701,1.4973,1.37,1.12
2015.10.26 07:10:58.661,1.49701,1.4973,1.00,1.75
2015.10.26 07:10:58.968,1.49699,1.49729,1.00,1.75
2015.10.26 07:10:59.712,1.49704,1.49733,1.00,2.25
2015.10.26 07:10:59.764,1.49704,1.49733,1.50,1.00
2015.10.26 07:10:59.868,1.49707,1.49734,1.00,1.00
2015.10.26 07:11:00.176,1.49714,1.49742,1.00,1.75
2015.10.26 07:11:00.558,1.49716,1.49746,1.00,3.37
2015.10.26 07:11:00.610,1.49716,1.49745,1.50,1.00
2015.10.26 07:11:01.236,1.49716,1.49746,1.50,1.37
2015.10.26 07:11:01.559,1.49717,1.49749,1.75,1.50
2015.10.26 07:11:01.977,1.49727,1.49755,1.00,2.25
2015.10.26 07:11:02.030,1.49727,1.49754,1.00,1.00
2015.10.26 07:11:02.899,1.49725,1.4975,1.00,1.00
2015.10.26 07:11:03.748,1.49713,1.49739,1.37,2.25
2015.10.26 07:11:03.908,1.49707,1.49737,1.75,1.12
2015.10.26 07:11:04.266,1.49706,1.49736,1.50,1.75
2015.10.26 07:11:05.242,1.49706,1.49736,1.75,1.37
2015.10.26 07:11:05.294,1.49706,1.49736,1.75,1.00
2015.10.26 07:11:05.893,1.49706,1.49738,1.75,1.50
2015.10.26 07:11:06.911,1.49706,1.49736,1.75,1.00
2015.10.26 07:11:07.057,1.49706,1.49734,1.75,1.00
2015.10.26 07:11:07.884,1.49707,1.49734,1.00,1.12
2015.10.26 07:11:08.743,1.49708,1.49734,1.00,1.12
2015.10.26 07:11:09.287,1.49709,1.49734,1.00,1.12
2015.10.26 07:11:09.818,1.49708,1.49737,1.00,2.62
2015.10.26 07:11:10.569,1.49709,1.49737,1.00,1.87
2015.10.26 07:11:10.722,1.49712,1.49737,1.00,1.75
2015.10.26 07:11:10.774,1.49712,1.49737,1.00,1.00
2015.10.26 07:11:12.279,1.4971,1.49741,1.75,1.87
2015.10.26 07:11:13.148,1.49713,1.49741,1.00,1.37
2015.10.26 07:11:13.352,1.49711,1.49741,1.50,1.00
2015.10.26 07:11:14.316,1.49711,1.49742,1.50,1.50
2015.10.26 07:11:14.470,1.49714,1.49743,1.00,1.87
2015.10.26 07:11:14.983,1.49713,1.49743,1.00,1.37
2015.10.26 07:11:16.306,1.49714,1.49742,1.00,1.00
2015.10.26 07:11:20.864,1.49713,1.49743,1.00,1.37
2015.10.26 07:11:21.170,1.49716,1.49746,1.00,1.12
2015.10.26 07:11:21.717,1.49714,1.49745,1.00,1.75
2015.10.26 07:11:26.433,1.49712,1.49744,1.12,1.75
2015.10.26 07:11:35.233,1.49714,1.49743,1.00,1.50
2015.10.26 07:11:35.997,1.49711,1.49743,1.50,1.50
2015.10.26 07:11:37.003,1.49713,1.49744,1.00,1.75
2015.10.26 07:11:37.550,1.49714,1.49744,1.00,1.75
2015.10.26 07:11:37.998,1.49712,1.49743,1.12,1.50
2015.10.26 07:11:38.864,1.49712,1.49741,1.50,1.50
2015.10.26 07:11:39.447,1.4971,1.49739,1.75,1.00
2015.10.26 07:11:39.549,1.49706,1.49737,1.87,1.12
2015.10.26 07:11:39.652,1.49706,1.49735,1.12,1.00
2015.10.26 07:11:39.754,1.49706,1.49735,1.12,1.50
2015.10.26 07:11:40.352,1.49711,1.49742,1.50,1.50
2015.10.26 07:11:40.660,1.49715,1.49743,1.00,1.12
2015.10.26 07:11:41.516,1.49713,1.49743,1.12,2.62
2015.10.26 07:11:41.917,1.49706,1.49736,1.00,1.50
2015.10.26 07:11:42.448,1.49706,1.49735,1.50,1.00
2015.10.26 07:11:42.601,1.49703,1.49733,1.37,1.37
2015.10.26 07:11:42.652,1.49703,1.49733,1.12,1.75
2015.10.26 07:11:42.858,1.497,1.49729,1.75,1.00
2015.10.26 07:11:43.264,1.497,1.49728,1.00,1.00
2015.10.26 07:11:43.825,1.49698,1.49728,1.50,1.50
2015.10.26 07:11:45.299,1.49698,1.49728,1.12,1.50
2015.10.26 07:11:45.452,1.497,1.49731,1.00,1.75
2015.10.26 07:11:45.555,1.49701,1.4973,1.50,1.12
2015.10.26 07:11:45.810,1.49705,1.49734,1.00,1.75
2015.10.26 07:11:45.861,1.49705,1.49733,1.00,1.00
2015.10.26 07:11:46.669,1.49702,1.49732,1.37,1.50
2015.10.26 07:11:46.722,1.49702,1.49732,1.50,1.12
2015.10.26 07:11:49.566,1.49705,1.49734,1.00,1.50
2015.10.26 07:11:49.668,1.49707,1.49734,1.12,1.00
2015.10.26 07:11:51.782,1.49706,1.49738,1.50,1.50
2015.10.26 07:11:51.833,1.49706,1.49738,2.25,1.12
2015.10.26 07:11:51.885,1.49706,1.49735,2.25,1.00
2015.10.26 07:11:51.988,1.49706,1.49737,2.25,1.00
2015.10.26 07:11:52.697,1.49705,1.49736,1.75,1.00
2015.10.26 07:11:55.283,1.49707,1.49736,2.25,1.00
2015.10.26 07:11:55.385,1.49708,1.49739,1.75,1.37
2015.10.26 07:11:55.436,1.49708,1.49739,1.75,1.50
2015.10.26 07:11:56.008,1.49707,1.49737,1.75,1.00
2015.10.26 07:11:56.545,1.49708,1.49739,1.75,1.50
2015.10.26 07:12:02.526,1.49706,1.49735,1.75,1.00
2015.10.26 07:12:02.933,1.49706,1.49737,1.75,1.00
2015.10.26 07:12:03.036,1.49706,1.49737,1.37,1.50
2015.10.26 07:12:03.297,1.49703,1.49733,1.50,1.12
2015.10.26 07:12:03.348,1.49703,1.49733,1.00,1.50
2015.10.26 07:12:03.743,1.497,1.4973,1.50,1.50
2015.10.26 07:12:04.049,1.49696,1.49725,1.75,1.00
2015.10.26 07:12:04.406,1.49698,1.49727,1.75,1.00
2015.10.26 07:12:05.080,1.49694,1.49726,3.75,1.00
2015.10.26 07:12:05.245,1.49694,1.49726,2.25,1.12
2015.10.26 07:12:05.296,1.49694,1.49721,1.75,1.00
2015.10.26 07:12:05.398,1.49694,1.49725,1.37,1.37
2015.10.26 07:12:05.449,1.49693,1.49723,1.50,1.00
2015.10.26 07:12:05.958,1.49693,1.4972,1.00,1.00
2015.10.26 07:12:06.541,1.49693,1.49723,1.00,1.50
2015.10.26 07:12:06.644,1.49692,1.49724,1.75,1.50
2015.10.26 07:12:06.747,1.49691,1.49722,1.75,1.12
2015.10.26 07:12:07.053,1.4969,1.4972,1.75,1.00
2015.10.26 07:12:08.271,1.49691,1.49722,1.75,1.12
2015.10.26 07:12:09.241,1.49691,1.4972,1.75,1.00
2015.10.26 07:12:09.788,1.49692,1.49721,1.75,1.00
2015.10.26 07:12:11.421,1.49691,1.49723,1.50,1.50
2015.10.26 07:12:11.472,1.49691,1.49721,1.50,1.00
2015.10.26 07:12:14.443,1.49691,1.49718,1.00,1.00
2015.10.26 07:12:16.155,1.49688,1.49717,1.00,1.50
2015.10.26 07:12:16.607,1.49688,1.49715,1.00,1.00
2015.10.26 07:12:18.155,1.49688,1.49717,1.00,1.00
2015.10.26 07:12:18.257,1.49688,1.49715,1.00,1.00
2015.10.26 07:12:18.718,1.49688,1.49713,1.00,1.00
2015.10.26 07:12:18.915,1.49688,1.49715,1.00,1.00
2015.10.26 07:12:19.141,1.49688,1.49713,1.00,1.00
2015.10.26 07:12:19.947,1.49688,1.49714,1.00,1.67
2015.10.26 07:12:20.487,1.49688,1.49713,1.00,1.37
2015.10.26 07:12:22.986,1.49683,1.49714,2.25,1.50
2015.10.26 07:12:25.077,1.49687,1.49714,1.00,1.50
2015.10.26 07:12:30.358,1.49687,1.49716,1.00,1.12
2015.10.26 07:12:32.273,1.49685,1.49713,1.00,1.37
2015.10.26 07:12:34.381,1.49685,1.49713,1.00,1.12
2015.10.26 07:12:35.059,1.49686,1.49713,1.00,1.12
2015.10.26 07:12:36.973,1.49685,1.49713,1.00,1.12
2015.10.26 07:12:42.343,1.49681,1.49713,1.75,1.87
2015.10.26 07:12:42.700,1.49679,1.49711,1.12,1.87
2015.10.26 07:12:42.904,1.49679,1.49709,1.00,1.87
2015.10.26 07:12:43.410,1.49678,1.49707,1.00,1.50
2015.10.26 07:12:44.343,1.49677,1.49706,1.12,1.37
2015.10.26 07:12:48.195,1.49677,1.49707,1.12,1.87
2015.10.26 07:12:49.958,1.49678,1.49707,1.00,1.12
2015.10.26 07:12:50.470,1.49676,1.49707,1.37,1.12
2015.10.26 07:12:55.379,1.49674,1.49704,1.75,1.37
2015.10.26 07:12:55.432,1.49674,1.49702,1.00,1.00
2015.10.26 07:12:55.535,1.49676,1.49702,1.00,1.00
2015.10.26 07:12:55.638,1.49673,1.49702,1.50,1.00
2015.10.26 07:12:57.218,1.49673,1.49702,1.00,1.75
2015.10.26 07:12:58.760,1.4967,1.497,1.50,1.12
2015.10.26 07:13:00.299,1.49673,1.49702,1.00,1.75
2015.10.26 07:13:00.760,1.49673,1.49703,1.37,1.50
2015.10.26 07:13:02.496,1.49675,1.49705,1.00,1.75
2015.10.26 07:13:02.824,1.49672,1.49704,1.00,1.75
2015.10.26 07:13:04.104,1.49671,1.497,1.12,1.50
2015.10.26 07:13:04.366,1.49671,1.49697,1.12,1.00
2015.10.26 07:13:04.468,1.49669,1.497,1.75,1.50
2015.10.26 07:13:11.858,1.49666,1.49695,1.00,1.50
2015.10.26 07:13:12.164,1.49656,1.49686,1.75,1.50
2015.10.26 07:13:12.268,1.49656,1.49686,1.75,1.50
2015.10.26 07:13:12.319,1.49656,1.49686,1.37,1.87
2015.10.26 07:13:12.371,1.49655,1.49685,1.00,1.75
2015.10.26 07:13:13.369,1.49651,1.49681,1.75,1.00
2015.10.26 07:13:13.729,1.49651,1.49681,1.37,1.50
2015.10.26 07:13:14.353,1.49647,1.49678,2.25,1.00
2015.10.26 07:13:14.455,1.49644,1.49673,2.25,1.00
2015.10.26 07:13:14.557,1.49645,1.49671,1.00,1.00
2015.10.26 07:13:14.932,1.49641,1.49671,1.50,1.12
2015.10.26 07:13:15.358,1.49644,1.49674,1.00,2.25
2015.10.26 07:13:15.663,1.49646,1.49675,1.12,1.50
2015.10.26 07:13:16.910,1.49653,1.49675,1.00,1.00
2015.10.26 07:13:16.962,1.49645,1.49675,1.50,1.12
2015.10.26 07:13:17.217,1.49643,1.49673,1.75,1.00
2015.10.26 07:13:22.694,1.49644,1.49674,1.75,1.00
2015.10.26 07:13:23.055,1.49643,1.49672,1.37,1.12
2015.10.26 07:13:24.665,1.4964,1.49672,3.00,1.00
2015.10.26 07:13:33.506,1.4964,1.4967,3.00,1.00
2015.10.26 07:13:35.163,1.4964,1.49672,3.00,1.00
2015.10.26 07:13:39.683,1.49645,1.49677,1.75,1.50
2015.10.26 07:13:39.785,1.49645,1.49677,3.00,1.37
2015.10.26 07:13:41.401,1.49647,1.49679,1.75,1.37
2015.10.26 07:13:45.715,1.49647,1.49677,1.75,1.00
2015.10.26 07:13:46.360,1.49647,1.49676,1.75,1.00
2015.10.26 07:13:46.869,1.49646,1.49675,1.75,1.00
2015.10.26 07:13:47.343,1.49646,1.49677,1.75,1.00
2015.10.26 07:13:47.563,1.49646,1.49675,1.75,1.00
2015.10.26 07:13:49.321,1.49645,1.49674,3.75,1.00
2015.10.26 07:13:49.728,1.49647,1.49674,1.00,1.00
2015.10.26 07:13:51.413,1.49647,1.49675,1.00,1.00
2015.10.26 07:13:53.424,1.49647,1.49674,1.00,1.00
2015.10.26 07:13:55.363,1.49641,1.49673,2.25,1.00
2015.10.26 07:13:55.415,1.49641,1.49673,2.25,1.37
2015.10.26 07:13:55.722,1.49637,1.49668,2.25,1.12
2015.10.26 07:13:56.074,1.49633,1.49663,1.12,1.75
2015.10.26 07:13:56.380,1.49635,1.49664,1.00,1.75
2015.10.26 07:13:56.863,1.49635,1.49662,1.00,1.00
2015.10.26 07:13:57.411,1.49635,1.49663,1.00,1.00
2015.10.26 07:13:58.223,1.49635,1.49665,1.00,1.50
2015.10.26 07:14:01.878,1.49635,1.49663,1.00,1.00
2015.10.26 07:14:02.753,1.49635,1.49661,1.00,1.00
2015.10.26 07:14:03.856,1.49635,1.49663,1.00,1.00
2015.10.26 07:14:04.538,1.49635,1.49664,1.50,1.00
2015.10.26 07:14:07.366,1.49635,1.49665,1.50,1.00
2015.10.26 07:14:07.803,1.49639,1.49665,1.00,1.00
2015.10.26 07:14:08.159,1.49637,1.49665,1.00,1.00
2015.10.26 07:14:08.683,1.49636,1.49665,1.00,1.50
2015.10.26 07:14:09.214,1.49635,1.49665,1.00,1.50
2015.10.26 07:14:11.140,1.49636,1.49665,1.00,1.50
2015.10.26 07:14:11.644,1.49639,1.49665,1.00,1.00
2015.10.26 07:14:12.103,1.49637,1.49666,1.12,1.12
2015.10.26 07:14:13.118,1.49635,1.49664,1.75,1.00
2015.10.26 07:14:13.670,1.49635,1.49664,1.00,1.75
2015.10.26 07:14:14.669,1.49643,1.49672,1.00,1.75
2015.10.26 07:14:14.772,1.49641,1.49672,1.12,1.75
2015.10.26 07:14:17.390,1.49639,1.4967,1.75,1.87
2015.10.26 07:14:17.918,1.49637,1.49666,1.00,1.00
2015.10.26 07:14:18.430,1.49636,1.49666,1.50,1.37
2015.10.26 07:14:20.882,1.49636,1.49664,1.00,1.00
2015.10.26 07:14:22.856,1.49635,1.49663,1.00,1.00
2015.10.26 07:14:23.911,1.49635,1.49663,1.00,1.37
2015.10.26 07:14:30.275,1.49634,1.49661,1.00,1.12
2015.10.26 07:14:30.377,1.49629,1.49656,1.00,1.00
2015.10.26 07:14:30.480,1.49631,1.49656,1.00,1.00
2015.10.26 07:14:30.683,1.49631,1.49659,1.00,1.00
2015.10.26 07:14:31.517,1.49633,1.49659,1.00,1.00
2015.10.26 07:14:33.484,1.49634,1.49659,1.00,1.00
2015.10.26 07:14:34.447,1.49632,1.49659,1.00,1.00
2015.10.26 07:14:34.753,1.49634,1.49659,1.00,1.00
2015.10.26 07:14:35.235,1.49631,1.49659,1.00,1.00
2015.10.26 07:14:35.643,1.49633,1.49659,1.00,1.00
2015.10.26 07:14:35.696,1.49633,1.49663,1.50,1.87
2015.10.26 07:14:35.850,1.49636,1.49664,1.00,1.75
2015.10.26 07:14:36.108,1.49631,1.49663,1.00,1.87
2015.10.26 07:14:37.003,1.49631,1.49654,1.00,1.00
2015.10.26 07:14:37.309,1.49633,1.49654,1.00,1.00
2015.10.26 07:14:38.407,1.4963,1.49654,1.00,1.00
2015.10.26 07:14:38.611,1.49627,1.49654,1.00,1.00
2015.10.26 07:14:41.894,1.49626,1.49654,1.00,1.00
2015.10.26 07:14:42.354,1.49629,1.49654,1.00,1.00
2015.10.26 07:14:43.482,1.4963,1.49654,1.00,1.00
2015.10.26 07:14:43.788,1.49632,1.49654,1.00,1.00
2015.10.26 07:14:44.098,1.49634,1.49661,1.00,1.75
2015.10.26 07:14:46.027,1.49634,1.49663,1.00,1.12
2015.10.26 07:14:46.078,1.49637,1.49663,1.00,1.12
2015.10.26 07:14:49.074,1.49634,1.49665,1.00,1.12
2015.10.26 07:14:49.177,1.49632,1.49662,1.00,1.75
2015.10.26 07:14:49.330,1.49631,1.49657,1.00,1.00
2015.10.26 07:14:49.542,1.49631,1.4966,1.00,1.00
2015.10.26 07:14:49.645,1.49631,1.49661,1.00,3.37
2015.10.26 07:14:49.748,1.49631,1.49658,1.00,1.00
2015.10.26 07:14:51.703,1.49629,1.49658,1.50,1.00
2015.10.26 07:14:51.755,1.49629,1.49659,1.00,1.75
2015.10.26 07:14:56.345,1.49628,1.49656,1.00,1.37
2015.10.26 07:15:02.699,1.49626,1.49656,1.37,1.50
2015.10.26 07:15:22.416,1.49624,1.49653,1.75,1.00
2015.10.26 07:15:22.518,1.49624,1.49653,1.50,1.00
2015.10.26 07:15:23.163,1.49622,1.49651,1.37,1.00
2015.10.26 07:15:23.532,1.49622,1.49651,1.37,1.37
2015.10.26 07:15:23.584,1.49622,1.49648,1.00,1.00
2015.10.26 07:15:24.474,1.49623,1.49648,1.00,1.00
2015.10.26 07:15:27.222,1.49622,1.49648,1.00,1.00
2015.10.26 07:15:27.433,1.4962,1.49648,1.00,1.00
2015.10.26 07:15:29.055,1.49619,1.49648,1.50,1.00
2015.10.26 07:15:29.963,1.4962,1.49648,1.00,1.00
2015.10.26 07:15:35.904,1.49621,1.49648,1.00,1.00
2015.10.26 07:15:54.933,1.49622,1.4965,1.00,1.37
2015.10.26 07:15:59.042,1.4962,1.49651,1.37,1.87
2015.10.26 07:15:59.559,1.4962,1.49648,1.00,1.00
2015.10.26 07:16:00.161,1.49618,1.49648,1.50,1.00
2015.10.26 07:16:00.679,1.4962,1.49648,1.00,1.00
2015.10.26 07:16:02.331,1.49622,1.49648,1.00,1.00
2015.10.26 07:16:02.536,1.49621,1.49653,1.75,1.87
2015.10.26 07:16:03.038,1.49618,1.49646,1.12,1.12
2015.10.26 07:16:03.547,1.49615,1.49645,1.75,1.50
2015.10.26 07:16:03.599,1.49615,1.49645,1.37,1.87
2015.10.26 07:16:03.905,1.49608,1.49638,1.00,2.25
2015.10.26 07:16:04.287,1.49608,1.49632,1.00,1.37
2015.10.26 07:16:04.339,1.49599,1.49631,1.50,1.50
2015.10.26 07:16:06.222,1.49597,1.49628,2.25,1.00
2015.10.26 07:16:07.076,1.49598,1.49627,1.75,1.00
2015.10.26 07:16:07.615,1.49599,1.49628,1.50,1.00
2015.10.26 07:16:09.180,1.49597,1.49626,1.75,1.00
2015.10.26 07:16:09.590,1.49602,1.49627,1.00,1.00
2015.10.26 07:16:09.692,1.49599,1.49627,1.00,1.00
2015.10.26 07:16:16.055,1.49601,1.49627,1.00,1.87
2015.10.26 07:16:17.881,1.49588,1.49619,1.87,1.37
2015.10.26 07:16:17.933,1.49588,1.49619,1.00,1.75
2015.10.26 07:16:18.291,1.49585,1.49615,1.12,1.75
2015.10.26 07:16:18.394,1.49587,1.49615,1.00,1.75
2015.10.26 07:16:18.496,1.49584,1.49615,1.50,1.75
2015.10.26 07:16:20.335,1.49584,1.49614,1.50,1.87
2015.10.26 07:16:20.851,1.49584,1.49611,1.00,1.37
2015.10.26 07:16:21.821,1.49582,1.49612,1.12,1.87
2015.10.26 07:16:21.873,1.49582,1.49612,1.12,1.75
2015.10.26 07:16:22.245,1.49575,1.496,1.00,1.00
2015.10.26 07:16:22.751,1.49574,1.496,1.00,1.00
2015.10.26 07:16:22.802,1.49572,1.496,1.00,1.00
2015.10.26 07:16:23.210,1.49574,1.496,1.00,1.00
2015.10.26 07:16:23.885,1.49576,1.496,1.00,1.00
2015.10.26 07:16:24.192,1.49582,1.49603,1.00,1.00
2015.10.26 07:16:24.345,1.49579,1.49603,1.00,1.00
2015.10.26 07:16:25.110,1.49577,1.49603,1.00,1.37
2015.10.26 07:16:26.832,1.49576,1.49603,1.00,1.37
2015.10.26 07:16:27.087,1.49578,1.49603,1.00,1.37
2015.10.26 07:16:28.745,1.49576,1.49603,1.00,1.37
2015.10.26 07:16:29.887,1.49576,1.49603,1.00,1.37
2015.10.26 07:16:30.407,1.49577,1.49603,1.00,1.37
2015.10.26 07:16:30.613,1.49574,1.49606,1.00,1.37
2015.10.26 07:16:30.818,1.49572,1.49601,1.00,1.00
2015.10.26 07:16:31.631,1.4957,1.496,1.00,1.00
2015.10.26 07:16:31.689,1.49566,1.49596,1.00,1.00
2015.10.26 07:16:32.150,1.49561,1.49593,1.50,1.00
2015.10.26 07:16:32.661,1.49562,1.49594,1.00,1.00
2015.10.26 07:16:32.715,1.49563,1.49592,1.00,1.00
2015.10.26 07:16:33.137,1.49558,1.4959,1.00,1.00
2015.10.26 07:16:33.342,1.49558,1.49587,1.00,1.00
2015.10.26 07:16:33.807,1.49558,1.4959,1.00,1.00
2015.10.26 07:16:33.910,1.49557,1.49588,1.00,1.00
2015.10.26 07:16:34.268,1.49555,1.49587,1.00,1.00
2015.10.26 07:16:34.574,1.49551,1.49581,1.00,1.00
2015.10.26 07:16:34.677,1.49547,1.49578,1.00,1.00
2015.10.26 07:16:35.231,1.49546,1.49578,1.87,1.00
2015.10.26 07:16:35.283,1.49545,1.49576,1.00,1.00
2015.10.26 07:16:35.640,1.49545,1.49574,1.00,1.00
2015.10.26 07:16:36.482,1.49544,1.49574,1.00,1.00
2015.10.26 07:16:36.796,1.49541,1.4957,1.00,1.00
2015.10.26 07:16:37.000,1.49542,1.49573,1.00,1.00
2015.10.26 07:16:37.102,1.49539,1.4957,1.00,1.00
2015.10.26 07:16:38.306,1.4954,1.49571,1.00,1.00
2015.10.26 07:16:39.395,1.49539,1.49569,1.00,1.00
2015.10.26 07:16:39.909,1.49538,1.49568,1.00,1.00
2015.10.26 07:16:39.960,1.49539,1.4957,1.00,1.00
2015.10.26 07:16:40.164,1.49542,1.49574,1.00,1.12
2015.10.26 07:16:40.574,1.49544,1.49574,1.00,1.12
2015.10.26 07:16:40.830,1.49545,1.49576,1.00,1.12
2015.10.26 07:16:41.034,1.49545,1.49574,1.00,1.00
2015.10.26 07:16:41.352,1.49545,1.49576,1.00,1.00
2015.10.26 07:16:41.944,1.49541,1.49571,1.00,1.00
2015.10.26 07:16:42.709,1.49542,1.49573,1.00,1.00
2015.10.26 07:16:43.376,1.49545,1.49576,1.00,1.12
2015.10.26 07:16:44.364,1.49552,1.49583,1.00,1.37
2015.10.26 07:16:44.467,1.49553,1.49584,1.00,1.00
2015.10.26 07:16:44.897,1.49553,1.49582,1.00,1.00
2015.10.26 07:16:45.211,1.49553,1.49585,1.00,1.37
2015.10.26 07:16:45.314,1.49551,1.49581,1.00,1.00
2015.10.26 07:16:45.467,1.49554,1.49585,1.00,1.00
2015.10.26 07:16:45.570,1.49557,1.49586,1.00,1.12
2015.10.26 07:16:45.672,1.49558,1.49588,1.00,1.00
2015.10.26 07:16:46.179,1.49559,1.49589,1.00,1.00
2015.10.26 07:16:46.689,1.49558,1.4959,1.00,1.00
2015.10.26 07:16:46.965,1.4956,1.4959,1.00,1.00
2015.10.26 07:16:47.509,1.49562,1.49591,1.00,1.00
2015.10.26 07:16:47.662,1.4956,1.49591,1.00,1.00
2015.10.26 07:16:48.174,1.49561,1.49592,1.00,1.12
2015.10.26 07:16:48.276,1.49561,1.49592,1.00,1.87
2015.10.26 07:16:48.328,1.49559,1.49591,1.00,2.25
2015.10.26 07:16:48.481,1.4956,1.4959,1.00,1.75
2015.10.26 07:16:49.260,1.49563,1.49591,1.00,3.00
2015.10.26 07:16:49.314,1.49563,1.49591,1.00,1.37
2015.10.26 07:16:49.520,1.49561,1.49591,1.00,1.37
2015.10.26 07:16:49.713,1.49563,1.49591,1.00,1.37
2015.10.26 07:16:50.428,1.49563,1.49589,1.00,1.37
2015.10.26 07:16:50.735,1.49575,1.49598,1.00,1.37
2015.10.26 07:16:50.944,1.49572,1.49598,1.00,1.37
2015.10.26 07:16:51.631,1.49572,1.49598,1.00,1.37
2015.10.26 07:16:52.144,1.49571,1.49598,1.00,1.37
2015.10.26 07:16:52.553,1.49571,1.49601,1.37,1.75
2015.10.26 07:16:53.126,1.49571,1.49601,1.75,1.50
2015.10.26 07:16:53.386,1.49572,1.49602,1.75,1.87
2015.10.26 07:16:53.490,1.49576,1.49602,1.00,1.12
2015.10.26 07:16:53.594,1.49574,1.49602,1.12,1.12
2015.10.26 07:16:54.292,1.49574,1.49602,1.12,1.37
2015.10.26 07:16:54.836,1.49572,1.49602,1.75,1.12
2015.10.26 07:16:54.888,1.49572,1.49602,1.75,1.12
2015.10.26 07:16:56.216,1.49572,1.49601,1.75,1.50
2015.10.26 07:16:58.133,1.49569,1.49598,1.75,1.37
2015.10.26 07:16:58.185,1.49565,1.49596,1.75,1.50
2015.10.26 07:16:58.339,1.49571,1.49597,1.00,1.12
2015.10.26 07:16:58.748,1.49567,1.49597,1.75,1.12
2015.10.26 07:16:58.799,1.49571,1.49598,1.00,1.12
2015.10.26 07:16:58.901,1.49571,1.496,1.37,1.50
2015.10.26 07:16:59.412,1.4957,1.49602,1.50,1.87
2015.10.26 07:17:00.254,1.4957,1.49597,1.12,1.00
2015.10.26 07:17:00.407,1.49566,1.49595,1.75,1.37
2015.10.26 07:17:00.613,1.49563,1.49593,1.00,2.25
2015.10.26 07:17:00.868,1.49562,1.49593,1.75,1.87
2015.10.26 07:17:01.475,1.49564,1.49593,1.75,1.00
2015.10.26 07:17:01.988,1.49564,1.49594,1.75,1.50
2015.10.26 07:17:02.992,1.49564,1.49594,1.75,1.50
2015.10.26 07:17:05.262,1.49561,1.4959,1.75,1.00
2015.10.26 07:17:05.415,1.49561,1.4959,1.75,1.00
2015.10.26 07:17:05.671,1.49557,1.49587,1.75,1.00
2015.10.26 07:17:06.172,1.49555,1.49585,1.75,1.00
2015.10.26 07:17:06.546,1.49558,1.49588,1.75,1.12
2015.10.26 07:17:07.107,1.49554,1.49585,1.75,1.37
2015.10.26 07:17:07.210,1.49554,1.49585,1.75,1.50
2015.10.26 07:17:08.085,1.49557,1.49586,1.00,1.12
2015.10.26 07:17:08.137,1.49557,1.49586,1.37,1.37
2015.10.26 07:17:08.444,1.49565,1.49595,1.37,2.62
2015.10.26 07:17:08.871,1.49565,1.49595,1.75,1.37
2015.10.26 07:17:08.923,1.49569,1.49599,1.37,1.87
2015.10.26 07:17:10.784,1.49573,1.49599,1.00,1.12
2015.10.26 07:17:12.501,1.49576,1.49597,1.00,1.00
2015.10.26 07:17:13.845,1.49576,1.49599,1.00,1.50
2015.10.26 07:17:14.171,1.49586,1.49605,1.00,1.00
2015.10.26 07:17:14.482,1.49583,1.49609,1.00,1.12
2015.10.26 07:17:14.585,1.49587,1.49609,1.00,1.12
2015.10.26 07:17:15.179,1.49585,1.49612,1.00,1.12
2015.10.26 07:17:15.384,1.49587,1.49612,1.00,1.12
2015.10.26 07:17:15.887,1.49586,1.49612,1.00,1.12
2015.10.26 07:17:16.858,1.49584,1.49612,1.00,1.12
2015.10.26 07:17:16.909,1.49582,1.49612,1.12,1.87
2015.10.26 07:17:17.457,1.49582,1.49612,1.12,1.87
2015.10.26 07:17:18.190,1.49583,1.49612,1.00,1.12
2015.10.26 07:17:18.349,1.49583,1.49612,1.00,1.12
2015.10.26 07:17:19.596,1.49582,1.49612,1.12,1.87
2015.10.26 07:17:20.355,1.49581,1.49612,1.37,1.87
2015.10.26 07:17:21.422,1.49578,1.49607,1.00,1.12
2015.10.26 07:17:21.938,1.49578,1.49607,1.00,1.12
2015.10.26 07:17:23.390,1.49578,1.49607,1.00,1.12
2015.10.26 07:17:23.926,1.49577,1.49607,1.12,1.87
2015.10.26 07:17:24.680,1.49577,1.49607,1.12,1.87
2015.10.26 07:17:24.999,1.49581,1.49609,1.12,1.01
2015.10.26 07:17:25.102,1.49581,1.49611,1.12,1.87
2015.10.26 07:17:25.153,1.49583,1.49606,1.00,1.12
2015.10.26 07:17:25.307,1.49586,1.49608,1.00,1.00
2015.10.26 07:17:25.359,1.49583,1.49608,1.00,1.00
2015.10.26 07:17:25.954,1.49581,1.49608,1.12,1.00
2015.10.26 07:17:26.057,1.49583,1.4961,1.00,1.37
2015.10.26 07:17:26.473,1.49578,1.49609,1.75,1.50
2015.10.26 07:17:26.677,1.49574,1.49606,2.25,1.12
2015.10.26 07:17:27.281,1.49571,1.49601,2.25,1.00
2015.10.26 07:17:27.383,1.4957,1.49601,2.25,1.12
2015.10.26 07:17:27.485,1.4957,1.49599,2.25,1.00
2015.10.26 07:17:28.339,1.49568,1.49598,2.25,1.00
2015.10.26 07:17:28.824,1.49571,1.49599,1.12,1.75
2015.10.26 07:17:28.926,1.49571,1.49598,1.12,1.00
2015.10.26 07:17:29.029,1.49573,1.49598,1.00,1.00
2015.10.26 07:17:29.570,1.49574,1.49599,1.12,1.00
2015.10.26 07:17:30.676,1.49574,1.49602,1.12,1.12
2015.10.26 07:17:33.118,1.4957,1.496,1.75,1.37
2015.10.26 07:17:33.650,1.49567,1.49598,1.75,1.00
2015.10.26 07:17:33.958,1.49568,1.49597,1.00,1.50
2015.10.26 07:17:36.599,1.49576,1.49602,1.50,1.00
2015.10.26 07:17:36.755,1.49577,1.49605,1.00,1.50
2015.10.26 07:17:37.108,1.49579,1.49605,1.00,1.00
2015.10.26 07:17:37.162,1.49577,1.49605,1.00,1.00
2015.10.26 07:17:37.264,1.49581,1.49605,1.00,1.00
2015.10.26 07:17:37.366,1.49581,1.49611,1.37,1.87
2015.10.26 07:17:38.167,1.49586,1.49612,1.00,1.12
2015.10.26 07:17:38.371,1.49582,1.49612,1.12,2.62
2015.10.26 07:17:39.580,1.49584,1.49612,1.00,1.12
2015.10.26 07:17:40.129,1.49583,1.49612,1.00,1.87
2015.10.26 07:17:41.527,1.4958,1.49611,1.50,1.12
2015.10.26 07:17:43.382,1.49577,1.49606,1.12,1.12
2015.10.26 07:17:43.537,1.49579,1.49607,1.00,1.50
2015.10.26 07:17:43.766,1.49577,1.49607,1.12,1.87
2015.10.26 07:17:44.177,1.49579,1.49606,1.00,1.12
2015.10.26 07:17:44.280,1.49576,1.49606,1.50,1.12
2015.10.26 07:17:44.652,1.49579,1.49606,1.00,1.12
2015.10.26 07:17:45.292,1.49578,1.49607,1.00,1.50
2015.10.26 07:17:45.599,1.49578,1.49607,1.00,2.62
2015.10.26 07:17:47.681,1.49579,1.49607,1.00,1.87
2015.10.26 07:17:48.604,1.49578,1.49607,1.00,2.62
2015.10.26 07:17:49.162,1.49577,1.49603,1.12,1.12
2015.10.26 07:17:50.697,1.49572,1.49602,1.75,1.50
2015.10.26 07:17:50.800,1.49571,1.49599,1.50,1.00
2015.10.26 07:17:50.902,1.49571,1.496,1.50,1.12
2015.10.26 07:17:51.410,1.49571,1.496,1.50,1.87
2015.10.26 07:17:51.513,1.49568,1.49597,1.12,1.37
2015.10.26 07:17:52.982,1.49566,1.49596,1.37,1.87
2015.10.26 07:17:53.034,1.49566,1.49592,1.00,1.00
2015.10.26 07:17:54.205,1.49567,1.49592,1.00,1.12
2015.10.26 07:17:54.307,1.49565,1.49592,1.00,1.12
2015.10.26 07:17:54.820,1.49565,1.49592,1.00,1.37
2015.10.26 07:17:55.024,1.49565,1.49594,1.75,1.37
2015.10.26 07:17:56.207,1.49565,1.49596,1.75,1.50
2015.10.26 07:17:56.975,1.49565,1.49594,1.00,1.50
2015.10.26 07:17:58.510,1.49564,1.49593,1.12,1.00
2015.10.26 07:17:58.612,1.49566,1.49595,1.00,1.75
2015.10.26 07:18:01.456,1.49563,1.49595,1.50,1.87
2015.10.26 07:18:01.991,1.49567,1.49596,1.00,1.87
2015.10.26 07:18:02.246,1.49565,1.49596,1.00,2.62
2015.10.26 07:18:03.246,1.49567,1.49595,1.00,1.12
2015.10.26 07:18:05.385,1.49565,1.49594,1.00,1.50
2015.10.26 07:18:07.189,1.49563,1.49594,1.50,1.50
2015.10.26 07:18:07.707,1.49562,1.49592,1.75,1.00
2015.10.26 07:18:09.921,1.49563,1.49593,1.50,1.12
2015.10.26 07:18:11.149,1.49564,1.49594,1.75,1.00
2015.10.26 07:18:11.913,1.49566,1.49595,1.50,1.00
2015.10.26 07:18:12.664,1.49566,1.49596,1.50,1.00
2015.10.26 07:18:12.972,1.49576,1.49606,1.00,1.75
2015.10.26 07:18:13.074,1.49579,1.49607,1.12,1.00
2015.10.26 07:18:15.518,1.49577,1.49606,1.00,1.75
2015.10.26 07:18:17.047,1.49579,1.49608,1.00,1.75
2015.10.26 07:18:17.200,1.49577,1.49608,1.00,1.75
2015.10.26 07:18:17.970,1.49579,1.49609,1.00,1.75
2015.10.26 07:18:18.705,1.49578,1.49608,1.00,1.75
2015.10.26 07:18:20.169,1.49576,1.49605,1.12,1.75
2015.10.26 07:18:24.079,1.49571,1.49601,1.75,1.00
2015.10.26 07:18:24.181,1.49571,1.49599,1.00,1.00
2015.10.26 07:18:24.641,1.4957,1.49595,1.00,1.00
2015.10.26 07:18:24.896,1.49565,1.49594,1.75,1.00
2015.10.26 07:18:25.049,1.49565,1.49594,1.37,1.37
2015.10.26 07:18:25.821,1.49565,1.49591,1.00,1.00
2015.10.26 07:18:25.873,1.49562,1.49591,1.00,1.50
2015.10.26 07:18:27.588,1.49562,1.4959,1.00,1.00
2015.10.26 07:18:27.954,1.49562,1.49587,1.00,1.00
2015.10.26 07:18:28.209,1.49562,1.4959,1.00,1.00
2015.10.26 07:18:28.948,1.49562,1.49591,1.50,1.50
2015.10.26 07:18:29.549,1.49562,1.4959,1.50,1.00
2015.10.26 07:18:31.884,1.49562,1.4959,1.75,1.00
2015.10.26 07:18:32.089,1.49573,1.49603,1.75,1.00
2015.10.26 07:18:34.869,1.49575,1.49603,1.37,1.50
2015.10.26 07:18:34.972,1.49571,1.49601,1.50,1.50
2015.10.26 07:18:36.209,1.49571,1.49593,1.00,1.00
2015.10.26 07:18:36.311,1.49561,1.4959,1.00,1.75
2015.10.26 07:18:36.516,1.49556,1.49585,1.87,1.00
2015.10.26 07:18:37.029,1.49556,1.49584,1.00,1.50
2015.10.26 07:18:37.576,1.49556,1.49583,1.00,1.00
2015.10.26 07:18:38.672,1.49551,1.49583,1.75,1.37
2015.10.26 07:18:38.723,1.49551,1.49583,1.75,1.75
2015.10.26 07:18:39.232,1.49551,1.4958,1.75,1.00
2015.10.26 07:18:39.748,1.49551,1.49583,1.75,2.25
2015.10.26 07:18:39.850,1.49551,1.49579,1.75,1.00
2015.10.26 07:18:40.105,1.49543,1.49573,1.75,1.50
2015.10.26 07:18:40.157,1.49548,1.49578,1.00,2.25
2015.10.26 07:18:40.208,1.49548,1.49578,1.00,1.75
2015.10.26 07:18:40.260,1.4955,1.4958,1.00,1.75
2015.10.26 07:18:40.413,1.4955,1.4958,1.50,1.12
2015.10.26 07:18:43.111,1.49548,1.4958,1.75,1.50
2015.10.26 07:18:44.378,1.49548,1.49578,1.75,1.37
2015.10.26 07:18:44.914,1.49548,1.49578,1.75,1.00
2015.10.26 07:18:45.017,1.49551,1.4958,1.12,1.50
2015.10.26 07:18:45.525,1.49551,1.4958,1.12,1.50
2015.10.26 07:18:45.917,1.49553,1.4958,1.00,1.00
2015.10.26 07:18:46.529,1.49553,1.49581,1.00,1.12
2015.10.26 07:18:46.732,1.49553,1.49581,1.00,1.37
2015.10.26 07:18:46.885,1.49556,1.49581,1.00,1.37
2015.10.26 07:18:46.987,1.49554,1.49581,1.00,1.37
2015.10.26 07:18:47.980,1.49555,1.49584,1.00,1.75
2015.10.26 07:18:51.302,1.49557,1.49585,1.00,1.12
2015.10.26 07:18:51.831,1.49554,1.49584,1.00,1.75
2015.10.26 07:18:52.036,1.49552,1.49584,1.00,1.75
2015.10.26 07:18:52.189,1.49555,1.49584,1.00,1.12
2015.10.26 07:18:52.806,1.49556,1.49584,1.00,1.12
2015.10.26 07:18:53.361,1.49556,1.49584,1.00,1.12
2015.10.26 07:18:54.679,1.49557,1.49584,1.00,1.12
2015.10.26 07:18:57.674,1.49556,1.49587,1.00,1.75
2015.10.26 07:18:57.980,1.49562,1.49589,1.00,2.25
2015.10.26 07:18:58.132,1.49563,1.49592,1.00,1.12
2015.10.26 07:18:59.142,1.49562,1.49591,1.00,1.87
2015.10.26 07:19:00.421,1.49557,1.49588,1.75,1.50
2015.10.26 07:19:00.778,1.49557,1.49588,1.00,1.75
2015.10.26 07:19:01.085,1.49559,1.49588,1.00,1.75
2015.10.26 07:19:01.240,1.49561,1.49587,1.00,1.00
2015.10.26 07:19:02.303,1.49562,1.49587,1.00,1.00
2015.10.26 07:19:02.947,1.49562,1.4959,1.12,1.37
2015.10.26 07:19:04.120,1.49569,1.49593,1.00,1.12
2015.10.26 07:19:04.327,1.49569,1.49596,1.00,1.00
2015.10.26 07:19:04.378,1.49572,1.49596,1.00,1.00
2015.10.26 07:19:04.481,1.49572,1.496,1.12,1.37
2015.10.26 07:19:04.684,1.49566,1.49595,1.75,1.00
2015.10.26 07:19:04.736,1.49566,1.49595,1.75,1.00
2015.10.26 07:19:05.231,1.49566,1.49595,1.12,1.50
2015.10.26 07:19:07.887,1.49567,1.49596,1.00,1.75
2015.10.26 07:19:09.447,1.49574,1.49604,1.00,2.25
2015.10.26 07:19:09.760,1.49574,1.49604,1.50,1.87
2015.10.26 07:19:12.854,1.49577,1.49606,1.00,1.12
2015.10.26 07:19:14.773,1.49578,1.49604,1.00,1.75
2015.10.26 07:19:14.824,1.49572,1.49602,1.00,3.00
2015.10.26 07:19:15.030,1.49568,1.49597,1.00,1.75
2015.10.26 07:19:15.132,1.49568,1.49597,1.00,1.75
2015.10.26 07:19:15.689,1.49568,1.49597,1.00,1.75
2015.10.26 07:19:16.046,1.49563,1.49595,1.12,1.75
2015.10.26 07:19:16.454,1.49564,1.49595,1.00,2.25
2015.10.26 07:19:17.151,1.49563,1.49594,1.00,2.25
2015.10.26 07:19:19.198,1.49564,1.49594,1.00,1.75
2015.10.26 07:19:20.129,1.49563,1.4959,1.00,1.00
2015.10.26 07:19:20.334,1.49565,1.4959,1.00,1.00
2015.10.26 07:19:20.641,1.49567,1.4959,1.00,1.00
2015.10.26 07:19:21.153,1.49568,1.4959,1.00,1.00
2015.10.26 07:19:22.206,1.49569,1.4959,1.00,1.00
2015.10.26 07:19:23.188,1.49568,1.4959,1.00,1.00
2015.10.26 07:19:23.650,1.49565,1.4959,1.00,1.00
2015.10.26 07:19:25.046,1.49567,1.4959,1.00,1.00
2015.10.26 07:19:32.617,1.49565,1.4959,1.00,1.00
2015.10.26 07:19:33.500,1.49563,1.4959,1.00,1.00
2015.10.26 07:19:33.756,1.49562,1.49593,1.00,1.75
2015.10.26 07:19:34.360,1.49557,1.49584,1.00,2.25
2015.10.26 07:19:35.416,1.49554,1.49584,1.00,3.00
2015.10.26 07:19:38.370,1.49555,1.49584,1.00,2.25
2015.10.26 07:19:38.472,1.49562,1.49584,1.00,2.25
2015.10.26 07:19:38.626,1.49563,1.49589,1.00,1.75
2015.10.26 07:19:38.679,1.49565,1.49589,1.00,1.75
2015.10.26 07:19:38.883,1.49565,1.49589,1.00,1.12
2015.10.26 07:19:39.510,1.49573,1.49597,1.00,2.25
2015.10.26 07:19:39.561,1.49573,1.49595,1.00,1.00
2015.10.26 07:19:41.045,1.49571,1.49595,1.00,1.00
2015.10.26 07:19:41.097,1.4957,1.49599,1.00,4.50
2015.10.26 07:19:41.201,1.49565,1.49595,1.00,1.75
2015.10.26 07:19:41.303,1.49565,1.49594,1.00,2.25
2015.10.26 07:19:41.354,1.49559,1.49591,1.00,1.75
2015.10.26 07:19:41.559,1.49552,1.49584,1.75,1.00
2015.10.26 07:19:41.610,1.49553,1.49582,1.00,1.00
2015.10.26 07:19:41.865,1.49557,1.49582,1.00,1.00
2015.10.26 07:19:42.119,1.49557,1.49587,1.12,1.75
2015.10.26 07:19:42.965,1.4956,1.49587,1.00,1.75
2015.10.26 07:19:44.777,1.49561,1.49584,1.12,1.37
2015.10.26 07:19:44.834,1.49566,1.49589,1.00,1.12
2015.10.26 07:19:44.939,1.49566,1.49596,1.12,2.25
2015.10.26 07:19:45.404,1.49567,1.49592,1.00,1.00
2015.10.26 07:19:46.059,1.49563,1.49591,1.00,1.75
2015.10.26 07:19:46.110,1.4956,1.49591,1.00,1.75
2015.10.26 07:19:46.659,1.49561,1.49591,1.00,2.25
2015.10.26 07:19:46.835,1.49559,1.49589,1.00,1.75
2015.10.26 07:19:46.886,1.49559,1.49589,1.00,2.25
2015.10.26 07:19:47.548,1.49559,1.49589,1.00,2.25
2015.10.26 07:19:48.460,1.49557,1.49588,1.00,1.75
2015.10.26 07:19:48.818,1.49555,1.49585,1.75,1.00
2015.10.26 07:19:49.426,1.49559,1.49589,1.00,1.75
2015.10.26 07:19:49.902,1.49563,1.49589,1.00,1.75
2015.10.26 07:19:50.006,1.49563,1.4959,1.00,1.50
2015.10.26 07:19:50.804,1.49569,1.49596,1.12,1.50
2015.10.26 07:19:50.856,1.49569,1.49599,1.12,1.75
2015.10.26 07:19:51.010,1.49572,1.49599,1.00,1.75
2015.10.26 07:19:51.266,1.49575,1.496,1.00,1.00
2015.10.26 07:19:51.419,1.49575,1.49603,1.00,2.25
2015.10.26 07:19:52.425,1.49566,1.49594,1.00,1.00
2015.10.26 07:19:53.915,1.49568,1.49594,1.00,1.00
2015.10.26 07:19:55.650,1.49569,1.49594,1.00,1.00
2015.10.26 07:19:55.752,1.49569,1.49596,1.00,1.00
2015.10.26 07:19:55.827,1.49571,1.49596,1.00,1.00
2015.10.26 07:19:56.344,1.49571,1.49598,1.00,1.50
2015.10.26 07:19:56.929,1.49572,1.49598,1.00,1.50
2015.10.26 07:19:57.330,1.49563,1.49591,1.75,1.00
2015.10.26 07:19:57.639,1.49563,1.49584,1.00,1.00
2015.10.26 07:19:57.742,1.49559,1.49583,1.00,1.00
2015.10.26 07:19:58.282,1.49558,1.49584,1.00,1.00
2015.10.26 07:19:58.607,1.4956,1.49584,1.00,1.00
2015.10.26 07:19:58.760,1.49561,1.49587,1.00,1.37
2015.10.26 07:19:59.271,1.49563,1.49591,1.00,1.75
2015.10.26 07:19:59.745,1.49563,1.49591,1.00,1.50
2015.10.26 07:20:01.703,1.49561,1.49591,1.50,1.00
2015.10.26 07:20:01.906,1.49563,1.49591,1.00,1.00
2015.10.26 07:20:04.423,1.49565,1.49591,1.00,1.00
2015.10.26 07:20:05.186,1.49564,1.49591,1.00,1.00
2015.10.26 07:20:06.613,1.49563,1.49591,1.00,1.00
2015.10.26 07:20:09.326,1.49563,1.49591,1.00,1.37
2015.10.26 07:20:09.645,1.49562,1.49592,1.00,2.25
2015.10.26 07:20:09.696,1.4956,1.4959,1.12,1.75
2015.10.26 07:20:10.448,1.49564,1.49592,1.00,1.75
2015.10.26 07:20:10.715,1.4956,1.49592,1.12,2.25
2015.10.26 07:20:11.129,1.4956,1.49587,1.12,2.25
2015.10.26 07:20:11.283,1.49558,1.49587,1.00,1.75
2015.10.26 07:20:11.335,1.49558,1.49584,1.00,1.50
2015.10.26 07:20:11.732,1.49555,1.4958,1.00,1.00
2015.10.26 07:20:11.783,1.49553,1.49582,1.00,2.25
2015.10.26 07:20:12.141,1.49559,1.49581,1.00,1.75
2015.10.26 07:20:12.193,1.49559,1.49581,1.00,1.75
2015.10.26 07:20:12.346,1.49557,1.49581,1.00,1.75
2015.10.26 07:20:13.569,1.49556,1.49586,1.00,3.00
2015.10.26 07:20:13.774,1.49556,1.49582,1.00,1.00
2015.10.26 07:20:14.285,1.49557,1.49582,1.00,1.00
2015.10.26 07:20:15.454,1.49558,1.49582,1.00,1.00
2015.10.26 07:20:16.345,1.49557,1.49582,1.00,1.00
2015.10.26 07:20:16.863,1.49558,1.49582,1.00,1.00
2015.10.26 07:20:17.070,1.49555,1.49586,1.00,3.00
2015.10.26 07:20:17.610,1.49554,1.49583,1.00,2.25
2015.10.26 07:20:17.835,1.49551,1.49582,1.00,1.75
2015.10.26 07:20:17.887,1.49551,1.49582,1.00,3.00
2015.10.26 07:20:18.193,1.49551,1.49572,1.00,1.00
2015.10.26 07:20:19.082,1.49549,1.49572,1.00,1.00
2015.10.26 07:20:19.184,1.49552,1.49572,1.00,1.00
2015.10.26 07:20:19.286,1.49549,1.49572,1.00,1.00
2015.10.26 07:20:20.373,1.49548,1.49572,1.00,1.00
2015.10.26 07:20:23.988,1.49547,1.49572,1.00,1.00
2015.10.26 07:20:24.500,1.49548,1.49572,1.00,1.00
2015.10.26 07:20:26.758,1.49549,1.49572,1.00,1.00
2015.10.26 07:20:27.503,1.4955,1.49572,1.00,1.00
2015.10.26 07:20:28.349,1.49547,1.49572,1.00,1.00
2015.10.26 07:20:30.297,1.49546,1.49572,1.00,1.00
2015.10.26 07:20:30.656,1.49546,1.49575,1.00,1.50
2015.10.26 07:20:30.940,1.49546,1.49572,1.00,1.00
2015.10.26 07:20:31.144,1.49538,1.49569,1.50,1.12
2015.10.26 07:20:31.634,1.49537,1.49567,1.75,1.00
2015.10.26 07:20:35.647,1.49539,1.49568,1.12,1.00
2015.10.26 07:20:36.876,1.4954,1.49569,1.00,1.12
2015.10.26 07:20:40.202,1.49539,1.49568,1.12,1.00
2015.10.26 07:20:40.609,1.49539,1.49568,1.12,1.37
2015.10.26 07:20:48.071,1.49538,1.49566,1.00,1.00
2015.10.26 07:20:49.976,1.49537,1.49566,1.50,1.50
2015.10.26 07:20:50.291,1.49543,1.49573,1.00,2.62
2015.10.26 07:20:50.599,1.49546,1.49577,1.50,1.87
2015.10.26 07:20:51.186,1.49555,1.4958,1.00,1.00
2015.10.26 07:20:51.239,1.49555,1.49584,1.00,1.50
2015.10.26 07:20:51.915,1.49554,1.49583,1.50,1.00
2015.10.26 07:20:53.008,1.49555,1.49584,1.00,1.00
2015.10.26 07:20:53.891,1.49556,1.49584,1.00,1.00
2015.10.26 07:20:54.588,1.49553,1.49582,1.00,1.75
2015.10.26 07:20:54.691,1.49548,1.49578,1.12,1.50
2015.10.26 07:20:54.793,1.49549,1.49579,1.00,1.75
2015.10.26 07:20:55.906,1.49551,1.4958,1.00,2.25
2015.10.26 07:20:56.660,1.49554,1.4958,1.00,1.50
2015.10.26 07:20:56.711,1.49554,1.4958,1.00,1.50
2015.10.26 07:20:56.967,1.49555,1.49583,1.00,1.37
2015.10.26 07:20:57.373,1.49557,1.49583,1.00,1.37
2015.10.26 07:20:57.530,1.4956,1.49586,1.00,1.37
2015.10.26 07:20:59.758,1.49553,1.49584,1.37,1.37
2015.10.26 07:20:59.810,1.49553,1.49584,1.00,1.75
2015.10.26 07:21:00.943,1.49552,1.49583,1.00,1.75
2015.10.26 07:21:01.045,1.49554,1.49583,1.00,1.75
2015.10.26 07:21:01.936,1.49555,1.49584,1.00,1.75
2015.10.26 07:21:03.488,1.49554,1.49583,1.00,1.75
2015.10.26 07:21:07.790,1.49552,1.49583,1.00,1.75
2015.10.26 07:21:10.755,1.49554,1.49583,1.00,1.75
2015.10.26 07:21:11.690,1.49551,1.49583,1.00,1.75
2015.10.26 07:21:15.030,1.49555,1.49584,1.00,1.75
2015.10.26 07:21:15.133,1.49552,1.49581,1.00,1.00
2015.10.26 07:21:15.184,1.49551,1.49581,1.37,1.37
2015.10.26 07:21:15.236,1.4955,1.4958,1.00,1.75
2015.10.26 07:21:15.389,1.49552,1.49583,1.00,2.25
2015.10.26 07:21:15.491,1.4955,1.49582,1.00,1.75
2015.10.26 07:21:16.049,1.49551,1.49581,1.00,1.75
2015.10.26 07:21:16.151,1.49553,1.49582,1.00,1.75
2015.10.26 07:21:16.723,1.49551,1.49582,1.00,1.75
2015.10.26 07:21:16.775,1.49553,1.49582,1.00,1.75
2015.10.26 07:21:17.560,1.49559,1.49583,1.00,1.75
2015.10.26 07:21:17.715,1.4956,1.49587,1.00,2.25
2015.10.26 07:21:17.767,1.49564,1.49587,1.00,1.75
2015.10.26 07:21:17.921,1.49564,1.49587,1.00,1.00
2015.10.26 07:21:18.127,1.49562,1.49587,1.00,1.00
2015.10.26 07:21:18.231,1.49564,1.49587,1.00,1.00
2015.10.26 07:21:18.746,1.49565,1.49587,1.00,1.00
2015.10.26 07:21:19.052,1.49567,1.49587,1.00,1.00
2015.10.26 07:21:19.560,1.49569,1.49587,1.00,1.00
2015.10.26 07:21:19.665,1.49569,1.49595,1.00,1.75
2015.10.26 07:21:21.210,1.49567,1.49595,1.00,1.75
2015.10.26 07:21:22.054,1.49569,1.49595,1.00,1.75
2015.10.26 07:21:23.413,1.4956,1.49592,1.00,1.75
2015.10.26 07:21:23.465,1.49557,1.49587,1.00,1.75
2015.10.26 07:21:24.508,1.49559,1.49587,1.00,1.75
2015.10.26 07:21:25.057,1.49555,1.49586,1.00,1.75
2015.10.26 07:21:25.159,1.49553,1.49585,1.00,1.75
2015.10.26 07:21:25.672,1.49554,1.49586,1.00,1.75
2015.10.26 07:21:26.914,1.49554,1.49586,1.37,1.75
2015.10.26 07:21:26.965,1.49554,1.49586,1.50,1.50
2015.10.26 07:21:27.269,1.49554,1.49586,1.12,1.87
2015.10.26 07:21:27.574,1.49554,1.49583,1.00,1.75
2015.10.26 07:21:32.684,1.49554,1.49583,1.00,1.75
2015.10.26 07:21:32.841,1.49558,1.49584,1.00,1.75
2015.10.26 07:21:33.044,1.49561,1.49583,1.00,1.00
2015.10.26 07:21:34.350,1.49561,1.4959,1.75,1.12
2015.10.26 07:21:34.403,1.49567,1.49597,1.00,1.12
2015.10.26 07:21:34.711,1.4957,1.49598,1.00,1.75
2015.10.26 07:21:35.019,1.49572,1.496,1.00,2.25
2015.10.26 07:21:35.544,1.49578,1.49606,1.00,1.75
2015.10.26 07:21:35.595,1.4958,1.49606,1.00,1.75
2015.10.26 07:21:35.698,1.49578,1.49606,1.00,1.75
2015.10.26 07:21:36.218,1.49579,1.49606,1.00,1.75
2015.10.26 07:21:37.662,1.49579,1.4961,1.00,1.75
2015.10.26 07:21:37.818,1.49581,1.49611,1.00,2.25
2015.10.26 07:21:37.920,1.4957,1.49611,2.25,1.75
2015.10.26 07:21:38.294,1.49587,1.49611,1.00,1.50
2015.10.26 07:21:38.346,1.49587,1.49618,1.37,2.25
2015.10.26 07:21:38.397,1.4959,1.49619,1.00,1.87
2015.10.26 07:21:38.503,1.49588,1.49617,1.12,1.12
2015.10.26 07:21:39.797,1.49587,1.49618,1.75,1.00
2015.10.26 07:21:40.104,1.49595,1.49621,1.50,1.00
2015.10.26 07:21:40.410,1.49598,1.49624,1.00,1.50
2015.10.26 07:21:40.614,1.49607,1.49639,1.00,1.87
2015.10.26 07:21:41.019,1.49611,1.49639,1.00,1.87
2015.10.26 07:21:41.533,1.49617,1.49642,1.00,1.75
2015.10.26 07:21:41.584,1.49617,1.49642,1.00,1.75
2015.10.26 07:21:41.635,1.49619,1.49642,1.00,1.75
2015.10.26 07:21:41.687,1.49619,1.49643,1.00,1.00
2015.10.26 07:21:42.388,1.49621,1.4965,1.37,1.50
2015.10.26 07:21:42.490,1.49624,1.49651,1.00,1.50
2015.10.26 07:21:42.541,1.49626,1.49651,1.00,1.50
2015.10.26 07:21:42.695,1.49626,1.49658,1.12,2.25
2015.10.26 07:21:42.747,1.49628,1.49658,1.00,2.25
2015.10.26 07:21:43.206,1.4963,1.49658,1.00,1.75
2015.10.26 07:21:43.981,1.49629,1.49658,1.00,1.75
2015.10.26 07:21:44.295,1.49619,1.4965,3.00,1.00
2015.10.26 07:21:44.500,1.49611,1.49645,1.75,1.50
2015.10.26 07:21:44.603,1.49611,1.49641,1.00,1.75
2015.10.26 07:21:45.211,1.49619,1.49644,1.00,2.25
2015.10.26 07:21:45.263,1.4962,1.4965,1.00,1.75
2015.10.26 07:21:46.544,1.49616,1.49647,1.75,1.37
2015.10.26 07:21:46.596,1.49616,1.49645,1.12,1.50
2015.10.26 07:21:46.698,1.49613,1.49641,1.00,1.00
2015.10.26 07:21:47.005,1.49617,1.49641,1.00,1.00
2015.10.26 07:21:47.210,1.49616,1.4965,1.00,2.25
2015.10.26 07:21:47.962,1.49623,1.4965,1.00,1.00
2015.10.26 07:21:48.385,1.4962,1.4965,1.50,1.00
2015.10.26 07:21:48.591,1.49618,1.49651,1.00,1.75
2015.10.26 07:21:49.123,1.49616,1.49651,1.37,1.75
2015.10.26 07:21:49.671,1.49618,1.49652,1.00,3.00
2015.10.26 07:21:50.180,1.49618,1.49654,1.75,1.75
2015.10.26 07:21:50.434,1.49622,1.49655,1.00,3.37
2015.10.26 07:21:51.082,1.49619,1.49652,1.50,1.75
2015.10.26 07:21:51.592,1.49621,1.49654,1.00,1.75
2015.10.26 07:21:52.786,1.4962,1.49654,1.12,1.75
2015.10.26 07:21:53.195,1.49621,1.49658,1.75,1.75
2015.10.26 07:21:53.502,1.49636,1.49668,1.00,2.25
2015.10.26 07:21:53.604,1.4964,1.49672,1.00,1.12
2015.10.26 07:21:53.656,1.49643,1.49673,1.00,2.25
2015.10.26 07:21:53.707,1.49643,1.49677,1.50,1.75
2015.10.26 07:21:54.577,1.49679,1.49684,1.12,1.87
2015.10.26 07:21:54.629,1.49679,1.49708,1.12,1.12
2015.10.26 07:21:54.731,1.49679,1.49709,1.75,1.50
2015.10.26 07:21:55.345,1.49681,1.49712,1.50,1.75
2015.10.26 07:21:55.861,1.49686,1.49715,1.12,1.12
2015.10.26 07:21:56.168,1.4969,1.49724,1.00,2.62
2015.10.26 07:21:56.681,1.49689,1.49722,1.12,1.75
2015.10.26 07:21:57.726,1.49677,1.49712,1.75,1.50
2015.10.26 07:21:57.829,1.49677,1.49712,1.12,3.00
2015.10.26 07:21:58.136,1.49674,1.49709,1.00,1.75
2015.10.26 07:21:58.534,1.49673,1.49706,1.12,3.00
2015.10.26 07:21:59.049,1.49673,1.49705,1.00,2.25
2015.10.26 07:21:59.596,1.49672,1.49705,1.00,3.00
2015.10.26 07:22:00.297,1.49657,1.49687,1.75,1.00
2015.10.26 07:22:00.349,1.49657,1.49687,1.00,1.75
2015.10.26 07:22:00.401,1.49653,1.49689,1.00,2.25
2015.10.26 07:22:01.166,1.49655,1.49689,1.00,3.00
2015.10.26 07:22:01.654,1.49658,1.49689,1.00,2.25
2015.10.26 07:22:01.706,1.49656,1.49689,1.00,2.25
2015.10.26 07:22:02.481,1.49658,1.49689,1.00,2.25
2015.10.26 07:22:02.787,1.49656,1.49689,1.00,2.25
2015.10.26 07:22:03.342,1.49658,1.49689,1.00,2.25
2015.10.26 07:22:03.444,1.49655,1.49689,1.00,3.00
2015.10.26 07:22:03.597,1.49652,1.49689,1.12,3.00
2015.10.26 07:22:03.648,1.49652,1.49685,1.00,2.25
2015.10.26 07:22:04.160,1.49646,1.49683,1.75,1.75
2015.10.26 07:22:04.988,1.49644,1.49676,1.00,2.25
2015.10.26 07:22:05.492,1.49643,1.49676,1.00,2.25
2015.10.26 07:22:05.799,1.49645,1.49676,1.00,2.25
2015.10.26 07:22:06.344,1.49645,1.49679,1.00,2.25
2015.10.26 07:22:06.855,1.49646,1.49679,1.00,2.25
2015.10.26 07:22:08.634,1.49648,1.4968,1.00,2.25
2015.10.26 07:22:08.941,1.49652,1.4968,1.00,2.25
2015.10.26 07:22:09.146,1.49652,1.49683,1.00,2.25
2015.10.26 07:22:09.648,1.4965,1.49683,1.00,2.25
2015.10.26 07:22:10.479,1.49652,1.49683,1.00,2.25
2015.10.26 07:22:10.858,1.49654,1.49683,1.00,2.25
2015.10.26 07:22:10.960,1.49652,1.49683,1.00,2.25
2015.10.26 07:22:11.583,1.49653,1.49683,1.00,2.25
2015.10.26 07:22:12.239,1.49652,1.49683,1.00,2.25
2015.10.26 07:22:13.085,1.49653,1.49683,1.00,2.25
2015.10.26 07:22:14.359,1.49651,1.49683,1.00,2.25
2015.10.26 07:22:14.462,1.49648,1.49683,1.12,3.00
2015.10.26 07:22:14.847,1.49648,1.49678,1.00,2.25
2015.10.26 07:22:14.898,1.49646,1.49678,1.00,2.25
2015.10.26 07:22:15.322,1.49644,1.49678,1.00,2.25
2015.10.26 07:22:16.630,1.49645,1.49678,1.00,2.25
2015.10.26 07:22:19.110,1.49644,1.49678,1.00,2.25
2015.10.26 07:22:19.911,1.49645,1.49678,1.00,2.25
2015.10.26 07:22:20.490,1.49644,1.49678,1.00,2.25
2015.10.26 07:22:21.156,1.49645,1.49678,1.00,2.25
2015.10.26 07:22:21.753,1.49646,1.49678,1.00,2.25
2015.10.26 07:22:23.788,1.49645,1.49678,1.00,2.25
2015.10.26 07:22:24.718,1.49643,1.49678,1.12,2.25
2015.10.26 07:22:27.041,1.49637,1.49671,1.75,1.50
2015.10.26 07:22:27.093,1.49639,1.49669,1.00,1.00
2015.10.26 07:22:27.881,1.49642,1.49672,1.00,1.12
2015.10.26 07:22:28.519,1.49644,1.49677,1.37,1.37
2015.10.26 07:22:28.572,1.49649,1.49683,1.00,1.12
2015.10.26 07:22:28.675,1.49653,1.49685,1.00,2.62
2015.10.26 07:22:29.198,1.49652,1.49685,1.00,3.37
2015.10.26 07:22:29.979,1.49651,1.49685,1.00,3.00
2015.10.26 07:22:30.411,1.49649,1.49684,1.00,1.75
2015.10.26 07:22:35.369,1.49648,1.49683,1.12,1.75
2015.10.26 07:22:35.522,1.49647,1.49681,1.37,1.75
2015.10.26 07:22:36.052,1.49648,1.49681,1.00,3.00
2015.10.26 07:22:38.354,1.4965,1.49681,1.00,2.62
2015.10.26 07:22:38.888,1.49651,1.49681,1.00,2.62
2015.10.26 07:22:39.664,1.4965,1.49681,1.00,2.25
2015.10.26 07:22:41.082,1.49648,1.49681,1.00,2.25
2015.10.26 07:22:41.134,1.49648,1.49679,1.00,2.25
2015.10.26 07:22:41.675,1.49647,1.49678,1.00,2.25
2015.10.26 07:22:49.225,1.49647,1.49678,1.00,1.75
2015.10.26 07:22:49.328,1.49649,1.4968,1.00,1.87
2015.10.26 07:22:50.604,1.49649,1.4968,1.37,1.50
2015.10.26 07:22:50.758,1.49649,1.49682,1.75,1.37
2015.10.26 07:22:50.810,1.49654,1.49682,1.00,1.00
2015.10.26 07:22:51.327,1.49654,1.49683,1.00,1.50
2015.10.26 07:22:56.322,1.49658,1.49689,1.75,1.37
2015.10.26 07:22:56.373,1.49659,1.49692,1.75,1.50
2015.10.26 07:22:56.425,1.49661,1.49692,2.25,1.50
2015.10.26 07:22:56.527,1.49663,1.49695,1.75,1.00
2015.10.26 07:22:56.578,1.49669,1.497,1.12,1.50
2015.10.26 07:22:56.681,1.49675,1.49703,1.00,1.12
2015.10.26 07:22:56.987,1.49679,1.49711,1.87,3.00
2015.10.26 07:22:57.139,1.49681,1.49712,1.12,1.75
2015.10.26 07:23:13.413,1.49676,1.4971,1.50,1.75
2015.10.26 07:23:13.568,1.49673,1.497,1.00,1.00
2015.10.26 07:23:14.359,1.49668,1.497,1.75,1.37
2015.10.26 07:23:14.410,1.49668,1.497,1.75,1.50
2015.10.26 07:23:14.462,1.49668,1.497,1.75,1.00
2015.10.26 07:23:16.228,1.49668,1.497,1.75,1.37
2015.10.26 07:23:16.280,1.49668,1.497,1.37,1.75
2015.10.26 07:23:16.332,1.49668,1.497,1.37,1.50
2015.10.26 07:23:16.907,1.49667,1.49699,1.75,1.37
2015.10.26 07:23:16.960,1.49669,1.49698,1.00,1.00
2015.10.26 07:23:18.585,1.49673,1.497,1.00,1.00
2015.10.26 07:23:18.636,1.49675,1.49703,1.00,1.00
2015.10.26 07:23:18.687,1.49678,1.49703,1.00,1.00
2015.10.26 07:23:19.559,1.49676,1.49703,1.00,1.00
2015.10.26 07:23:20.357,1.49675,1.49703,1.50,1.00
2015.10.26 07:23:21.077,1.49672,1.49705,1.87,1.75
2015.10.26 07:23:22.454,1.49671,1.49705,1.37,1.75
2015.10.26 07:23:22.506,1.49671,1.49705,1.75,1.75
2015.10.26 07:23:23.413,1.49674,1.49705,1.00,1.75
2015.10.26 07:23:24.568,1.49676,1.49707,1.00,1.75
2015.10.26 07:23:24.620,1.49671,1.49702,1.75,1.00
2015.10.26 07:23:25.132,1.49671,1.49705,1.75,1.75
2015.10.26 07:23:25.735,1.49671,1.49702,1.75,1.00
2015.10.26 07:23:26.401,1.49667,1.49699,2.25,1.00
2015.10.26 07:23:26.610,1.49664,1.49695,1.50,1.75
2015.10.26 07:23:26.764,1.49664,1.49698,1.37,1.75
2015.10.26 07:23:27.132,1.49667,1.49696,1.00,1.00
2015.10.26 07:23:27.957,1.49668,1.49696,1.00,1.00
2015.10.26 07:23:28.009,1.49668,1.49699,1.75,1.37
2015.10.26 07:23:30.239,1.49674,1.49704,1.12,1.12
2015.10.26 07:23:30.810,1.49675,1.49705,1.00,1.50
2015.10.26 07:23:33.529,1.49674,1.49704,1.12,1.12
2015.10.26 07:23:33.984,1.49676,1.49705,1.00,1.50
2015.10.26 07:23:35.127,1.49674,1.49705,1.12,1.50
2015.10.26 07:23:35.994,1.49673,1.49703,1.50,1.00
2015.10.26 07:23:36.402,1.49677,1.49708,1.00,1.75
2015.10.26 07:23:36.454,1.49677,1.49708,1.37,1.50
2015.10.26 07:23:38.018,1.49676,1.49709,1.75,1.12
2015.10.26 07:23:42.443,1.49681,1.49712,1.75,1.00
2015.10.26 07:23:42.987,1.49682,1.49713,1.75,1.87
2015.10.26 07:23:43.243,1.49687,1.49719,1.12,1.87
2015.10.26 07:23:43.345,1.49691,1.49719,1.00,1.12
2015.10.26 07:23:43.448,1.49691,1.4972,1.12,1.37
2015.10.26 07:23:46.189,1.49687,1.4972,1.75,1.50
2015.10.26 07:23:48.292,1.49692,1.49723,1.50,1.87
2015.10.26 07:23:52.916,1.49694,1.49726,1.37,1.87
2015.10.26 07:23:52.967,1.49696,1.49726,1.00,1.87
2015.10.26 07:23:53.505,1.49696,1.49726,1.00,1.87
2015.10.26 07:23:54.430,1.49698,1.49728,1.50,1.12
2015.10.26 07:23:54.634,1.49702,1.49732,1.00,2.62
2015.10.26 07:23:55.159,1.49702,1.49732,1.50,1.00
2015.10.26 07:23:55.416,1.49705,1.49732,1.00,1.00
2015.10.26 07:23:55.870,1.49706,1.4974,2.25,1.50
2015.10.26 07:23:55.922,1.49713,1.49742,1.00,1.87
2015.10.26 07:23:56.126,1.49713,1.49742,1.00,1.50
2015.10.26 07:23:58.027,1.49713,1.49741,1.00,1.00
2015.10.26 07:23:58.545,1.49713,1.49742,1.00,1.50
2015.10.26 07:23:59.409,1.49713,1.49739,1.00,1.00
2015.10.26 07:24:03.109,1.49713,1.49738,1.00,1.00
2015.10.26 07:24:03.899,1.49713,1.49742,1.00,1.50
2015.10.26 07:24:04.447,1.49706,1.49738,1.75,1.12
2015.10.26 07:24:06.352,1.49709,1.49741,1.37,1.75
2015.10.26 07:24:06.658,1.49707,1.49739,1.75,1.12
2015.10.26 07:24:06.760,1.49709,1.4974,1.00,1.75
2015.10.26 07:24:07.896,1.49706,1.49738,1.00,1.75
2015.10.26 07:24:07.998,1.49708,1.4974,1.12,1.75
2015.10.26 07:24:08.305,1.4971,1.49743,1.50,1.75
2015.10.26 07:24:08.612,1.49712,1.49746,1.75,1.37
2015.10.26 07:24:09.629,1.49711,1.49741,1.75,1.00
2015.10.26 07:24:10.381,1.49711,1.49742,1.75,1.00
2015.10.26 07:24:10.698,1.49711,1.49738,1.75,1.00
2015.10.26 07:24:10.800,1.49711,1.49738,1.50,1.00
2015.10.26 07:24:10.954,1.49711,1.49736,1.50,1.00
2015.10.26 07:24:11.260,1.49702,1.49732,1.75,1.00
2015.10.26 07:24:11.363,1.49702,1.49735,1.75,1.00
2015.10.26 07:24:11.867,1.49697,1.49729,1.75,1.00
2015.10.26 07:24:12.133,1.49699,1.49733,1.75,1.75
2015.10.26 07:24:12.185,1.49699,1.49733,3.00,1.00
2015.10.26 07:24:12.859,1.49703,1.49734,1.75,1.12
2015.10.26 07:24:13.412,1.49703,1.49732,1.12,1.50
2015.10.26 07:24:14.025,1.49698,1.49729,1.75,1.00
2015.10.26 07:24:14.527,1.49699,1.49731,1.75,1.00
2015.10.26 07:24:14.680,1.49705,1.49733,1.00,1.00
2015.10.26 07:24:14.894,1.49705,1.49735,1.00,2.25
2015.10.26 07:24:15.047,1.49707,1.49735,1.00,1.00
2015.10.26 07:24:15.353,1.49713,1.49744,1.75,1.00
2015.10.26 07:24:15.746,1.49716,1.49746,1.75,1.12
2015.10.26 07:24:15.799,1.49721,1.49746,1.00,1.00
2015.10.26 07:24:15.952,1.49721,1.4975,1.00,1.00
2015.10.26 07:24:17.664,1.49721,1.4975,1.00,1.37
2015.10.26 07:24:18.621,1.49721,1.49748,1.00,1.00
2015.10.26 07:24:19.187,1.49721,1.49746,1.00,1.00
2015.10.26 07:24:19.841,1.49721,1.49748,1.00,1.37
2015.10.26 07:24:21.387,1.49721,1.49751,1.00,1.87
2015.10.26 07:24:21.796,1.49716,1.49751,3.00,1.50
2015.10.26 07:24:21.898,1.49718,1.49751,2.25,1.00
2015.10.26 07:24:22.486,1.49722,1.49754,1.75,2.25
2015.10.26 07:24:22.644,1.49722,1.49756,1.75,1.12
2015.10.26 07:24:22.797,1.49726,1.49759,1.75,1.37
2015.10.26 07:24:22.848,1.49726,1.49759,2.25,1.12
2015.10.26 07:24:27.882,1.49732,1.49761,2.25,1.00
2015.10.26 07:24:27.933,1.4973,1.49761,1.75,1.00
2015.10.26 07:24:27.986,1.49735,1.49764,1.50,1.00
2015.10.26 07:24:28.037,1.49735,1.49769,1.75,1.12
2015.10.26 07:24:28.089,1.49736,1.49768,1.75,1.50
2015.10.26 07:24:28.191,1.49734,1.49764,3.00,1.00
2015.10.26 07:24:28.242,1.49734,1.49764,1.75,1.00
2015.10.26 07:24:28.345,1.49734,1.49761,1.75,1.00
2015.10.26 07:24:28.447,1.49734,1.49761,1.00,1.00
2015.10.26 07:24:29.907,1.49737,1.49766,1.00,1.00
2015.10.26 07:24:30.453,1.49737,1.49767,1.00,1.12
2015.10.26 07:24:30.823,1.49736,1.49767,2.25,1.12
2015.10.26 07:24:30.977,1.49737,1.4977,1.75,1.50
2015.10.26 07:24:31.489,1.49739,1.49772,1.75,1.75
2015.10.26 07:24:34.539,1.4974,1.49772,1.75,1.00
2015.10.26 07:24:34.591,1.4974,1.49774,2.25,1.12
2015.10.26 07:24:34.802,1.4974,1.49774,1.75,1.50
2015.10.26 07:24:34.856,1.49739,1.49774,1.75,1.75
2015.10.26 07:24:36.588,1.49736,1.49769,3.00,1.00
2015.10.26 07:24:36.690,1.49732,1.49765,1.50,1.75
2015.10.26 07:24:37.841,1.49733,1.49766,1.75,1.00
2015.10.26 07:24:38.045,1.49738,1.49772,1.75,1.12
2015.10.26 07:24:38.590,1.49737,1.4977,1.50,1.75
2015.10.26 07:24:40.567,1.4974,1.49769,1.00,1.00
2015.10.26 07:24:45.022,1.49741,1.49769,1.00,1.00
2015.10.26 07:24:45.529,1.4974,1.49769,1.50,1.00
2015.10.26 07:24:46.321,1.49741,1.49769,1.00,1.00
2015.10.26 07:24:46.831,1.49742,1.49769,1.00,1.00
2015.10.26 07:24:46.885,1.4974,1.49769,1.00,1.00
2015.10.26 07:24:52.096,1.4974,1.49769,1.00,1.37
2015.10.26 07:24:54.702,1.49742,1.49769,1.00,1.37
2015.10.26 07:24:54.804,1.49742,1.49769,1.37,1.00
2015.10.26 07:24:55.111,1.49748,1.4978,1.37,1.12
2015.10.26 07:24:55.616,1.49743,1.49773,1.75,1.00
2015.10.26 07:24:55.719,1.49743,1.49774,1.75,1.87
2015.10.26 07:24:56.245,1.49744,1.49774,1.75,1.87
2015.10.26 07:24:56.755,1.49745,1.49774,1.50,1.12
2015.10.26 07:24:58.402,1.4974,1.49774,1.75,1.12
2015.10.26 07:24:59.221,1.4974,1.49773,1.75,1.50
2015.10.26 07:25:03.167,1.49739,1.49774,1.75,1.87
2015.10.26 07:25:03.475,1.4974,1.4977,1.75,1.37
2015.10.26 07:25:04.486,1.49736,1.4977,1.75,1.12
2015.10.26 07:25:05.835,1.49733,1.49767,3.00,1.50
2015.10.26 07:25:05.887,1.49733,1.49767,1.75,1.87
2015.10.26 07:25:06.398,1.49731,1.49765,1.75,1.00
2015.10.26 07:25:06.552,1.49731,1.49765,1.75,1.37
2015.10.26 07:25:06.604,1.49731,1.49765,1.75,1.75
2015.10.26 07:25:07.846,1.4973,1.49762,1.75,1.12
2015.10.26 07:25:10.996,1.49729,1.49761,1.75,1.50
2015.10.26 07:25:11.460,1.49723,1.49747,3.00,1.00
2015.10.26 07:25:11.562,1.49723,1.49748,1.00,1.00
2015.10.26 07:25:12.021,1.49715,1.49748,1.75,1.00
2015.10.26 07:25:13.130,1.49714,1.49747,3.00,1.00
2015.10.26 07:25:14.724,1.49714,1.49745,3.00,1.00
2015.10.26 07:25:14.826,1.49713,1.49745,1.87,1.00
2015.10.26 07:25:15.359,1.49713,1.49746,2.62,1.12
2015.10.26 07:25:18.129,1.49716,1.49741,1.00,1.37
2015.10.26 07:25:18.440,1.497,1.49727,1.12,1.00
2015.10.26 07:25:18.491,1.49696,1.49724,1.75,1.00
2015.10.26 07:25:18.644,1.49696,1.49724,1.00,1.00
2015.10.26 07:25:19.237,1.49695,1.49724,1.00,1.00
2015.10.26 07:25:19.289,1.49695,1.49721,1.00,1.00
2015.10.26 07:25:19.597,1.49685,1.49714,2.25,1.00
2015.10.26 07:25:19.750,1.49683,1.49714,2.62,1.00
2015.10.26 07:25:20.492,1.49698,1.49724,1.75,1.00
2015.10.26 07:25:20.598,1.49708,1.49734,1.00,1.00
2015.10.26 07:25:20.700,1.49704,1.49734,2.25,1.00
2015.10.26 07:25:21.006,1.49706,1.49737,2.25,1.00
2015.10.26 07:25:21.363,1.49706,1.49739,2.25,1.00
2015.10.26 07:25:21.919,1.49706,1.49741,3.00,1.50
2015.10.26 07:25:22.174,1.49709,1.49742,1.75,1.37
2015.10.26 07:25:22.277,1.49713,1.49742,1.00,1.37
2015.10.26 07:25:23.674,1.49716,1.49745,1.00,1.37
2015.10.26 07:25:23.777,1.49711,1.49739,1.37,1.00
2015.10.26 07:25:24.515,1.49708,1.49739,1.37,1.37
2015.10.26 07:25:24.566,1.49708,1.49739,1.12,1.12
2015.10.26 07:25:31.892,1.49709,1.49737,1.00,1.00
2015.10.26 07:25:32.270,1.49704,1.49734,1.75,1.12
2015.10.26 07:25:32.576,1.49702,1.49729,1.12,1.00
2015.10.26 07:25:32.679,1.49699,1.49729,1.75,1.00
2015.10.26 07:25:32.934,1.49698,1.49728,1.50,1.37
2015.10.26 07:25:32.985,1.49698,1.49728,1.50,1.75
2015.10.26 07:25:38.199,1.497,1.4973,1.00,1.12
2015.10.26 07:25:38.302,1.49704,1.49731,1.00,1.12
2015.10.26 07:25:38.406,1.49702,1.49732,1.12,1.75
2015.10.26 07:25:44.860,1.49695,1.49723,1.00,1.00
2015.10.26 07:25:45.547,1.49695,1.49725,1.50,1.00
2015.10.26 07:25:45.651,1.49699,1.49725,1.00,1.00
2015.10.26 07:25:45.908,1.49699,1.49728,1.37,1.87
2015.10.26 07:25:46.423,1.49701,1.49732,1.00,1.75
2015.10.26 07:25:48.202,1.49699,1.4973,1.37,1.75
2015.10.26 07:25:48.814,1.49701,1.4973,1.00,1.75
2015.10.26 07:25:50.259,1.49702,1.49731,1.50,1.00
2015.10.26 07:25:50.803,1.49703,1.49731,1.00,1.00
2015.10.26 07:25:52.892,1.49702,1.49731,1.50,1.00
2015.10.26 07:25:54.026,1.49703,1.49731,1.00,1.00
2015.10.26 07:25:54.535,1.49704,1.49731,1.00,1.00
2015.10.26 07:25:54.588,1.49702,1.49731,1.00,1.00
2015.10.26 07:25:55.761,1.49703,1.49731,1.00,1.00
2015.10.26 07:25:56.348,1.49702,1.49731,1.00,1.00
2015.10.26 07:26:05.567,1.49704,1.49731,1.00,1.00
2015.10.26 07:26:05.873,1.49705,1.49735,1.37,2.25
2015.10.26 07:26:06.792,1.49708,1.49734,1.00,1.37
2015.10.26 07:26:09.145,1.49708,1.49735,1.00,1.12
2015.10.26 07:26:09.196,1.49705,1.49735,1.75,1.12
2015.10.26 07:26:09.599,1.49708,1.49738,1.50,1.50
2015.10.26 07:26:09.652,1.49705,1.49737,1.75,1.12
2015.10.26 07:26:13.260,1.49705,1.49736,1.75,1.00
2015.10.26 07:26:13.363,1.49711,1.4974,1.00,1.12
2015.10.26 07:26:13.414,1.49709,1.4974,1.75,1.12
2015.10.26 07:26:13.721,1.49708,1.49737,2.62,1.00
2015.10.26 07:26:14.222,1.49708,1.49738,3.37,1.00
2015.10.26 07:26:15.491,1.49708,1.49737,2.62,1.00
2015.10.26 07:26:20.404,1.49708,1.49739,2.25,1.12
2015.10.26 07:26:21.714,1.49708,1.49737,2.25,1.00
2015.10.26 07:26:22.098,1.49711,1.49741,1.75,1.00
2015.10.26 07:26:22.156,1.49713,1.49743,1.75,1.12
2015.10.26 07:26:22.752,1.49712,1.49741,1.75,1.00
2015.10.26 07:26:23.390,1.49713,1.49742,1.75,1.00
2015.10.26 07:26:26.557,1.49712,1.49741,1.75,1.00
2015.10.26 07:26:26.863,1.4971,1.49739,1.75,1.00
2015.10.26 07:26:26.915,1.49712,1.49741,1.75,1.00
2015.10.26 07:26:28.216,1.49712,1.49741,1.75,1.00
2015.10.26 07:26:28.745,1.49717,1.49742,1.00,1.00
2015.10.26 07:26:29.989,1.49717,1.49739,1.00,1.00
2015.10.26 07:26:30.091,1.49717,1.49741,1.00,1.00
2015.10.26 07:26:30.194,1.4971,1.49739,1.12,1.00
2015.10.26 07:26:30.245,1.4971,1.49739,1.12,1.00
2015.10.26 07:26:30.854,1.49711,1.4974,1.75,1.00
2015.10.26 07:26:31.465,1.4971,1.49737,1.12,1.00
2015.10.26 07:26:31.775,1.49705,1.49734,1.50,1.12
2015.10.26 07:26:34.713,1.49703,1.49732,1.87,1.00
2015.10.26 07:26:36.605,1.49703,1.49731,1.12,1.00
2015.10.26 07:26:37.115,1.49702,1.4973,1.12,1.00
2015.10.26 07:26:37.750,1.49695,1.49724,1.75,1.00
2015.10.26 07:26:37.811,1.49694,1.4972,1.75,1.00
2015.10.26 07:26:37.863,1.49694,1.4972,1.50,1.00
2015.10.26 07:26:38.017,1.49691,1.49722,1.12,1.00
2015.10.26 07:26:38.538,1.49691,1.49721,1.12,1.00
2015.10.26 07:26:39.418,1.49691,1.49719,1.12,1.00
2015.10.26 07:26:39.877,1.49691,1.49721,1.12,1.00
2015.10.26 07:26:41.850,1.49689,1.49718,1.75,1.00
2015.10.26 07:26:42.003,1.49688,1.49718,1.75,1.00
2015.10.26 07:26:42.312,1.49686,1.49716,2.62,1.00
2015.10.26 07:26:42.676,1.49686,1.49716,2.25,1.00
2015.10.26 07:26:43.206,1.49686,1.49715,1.75,1.00
2015.10.26 07:26:44.408,1.49685,1.49709,1.00,1.00
2015.10.26 07:26:44.717,1.49685,1.49711,1.00,1.00
2015.10.26 07:26:45.226,1.49685,1.49712,1.00,1.00
2015.10.26 07:26:45.380,1.49686,1.49714,1.00,1.00
2015.10.26 07:26:45.482,1.49688,1.49714,1.00,1.00
2015.10.26 07:26:45.842,1.49688,1.49717,1.37,1.50
2015.10.26 07:26:45.894,1.49688,1.4972,1.75,2.25
2015.10.26 07:26:46.837,1.49687,1.49717,1.75,1.00
2015.10.26 07:26:47.440,1.49689,1.49718,1.75,1.12
2015.10.26 07:26:47.899,1.49687,1.49716,1.75,1.00
2015.10.26 07:26:48.406,1.49688,1.49717,1.75,1.00
2015.10.26 07:26:53.086,1.49686,1.49715,1.75,1.00
2015.10.26 07:26:54.930,1.49684,1.49714,3.00,1.00
2015.10.26 07:26:57.475,1.49684,1.49715,3.00,1.00
2015.10.26 07:26:57.744,1.49687,1.49716,1.12,1.87
2015.10.26 07:26:57.846,1.4969,1.4972,1.12,1.87
2015.10.26 07:26:58.152,1.49695,1.4972,1.00,1.37
2015.10.26 07:26:59.163,1.49695,1.49722,1.00,1.00
2015.10.26 07:26:59.680,1.49695,1.49721,1.00,1.00
2015.10.26 07:27:00.036,1.49695,1.49723,1.00,1.00
2015.10.26 07:27:01.711,1.49695,1.49721,1.00,1.00
2015.10.26 07:27:02.499,1.49695,1.49718,1.00,1.00
2015.10.26 07:27:03.014,1.49695,1.49717,1.00,1.00
2015.10.26 07:27:05.652,1.49695,1.49716,1.00,1.00
2015.10.26 07:27:06.163,1.49686,1.49712,1.00,1.00
2015.10.26 07:27:06.651,1.49686,1.4971,1.00,1.00
2015.10.26 07:27:07.831,1.49686,1.49709,1.00,1.00
2015.10.26 07:27:08.545,1.49683,1.49709,2.25,1.00
2015.10.26 07:27:08.596,1.49686,1.49718,1.75,1.50
2015.10.26 07:27:08.750,1.49686,1.49716,1.75,1.00
2015.10.26 07:27:09.109,1.49687,1.49717,1.00,1.50
2015.10.26 07:27:09.647,1.49687,1.49716,1.00,1.00
2015.10.26 07:27:11.196,1.49687,1.49715,1.00,1.00
2015.10.26 07:27:13.696,1.49687,1.49712,1.00,1.00
2015.10.26 07:27:14.207,1.49687,1.49713,1.00,1.00
2015.10.26 07:27:24.544,1.4968,1.49712,3.00,1.00
2015.10.26 07:27:25.180,1.49682,1.49713,1.75,1.00
2015.10.26 07:27:25.691,1.49683,1.49714,1.75,1.00
2015.10.26 07:27:29.110,1.49681,1.49711,2.25,1.00
2015.10.26 07:27:29.501,1.49681,1.49709,2.25,1.00
2015.10.26 07:27:29.811,1.49678,1.49708,1.75,1.00
2015.10.26 07:27:30.471,1.49681,1.4971,1.75,1.00
2015.10.26 07:27:30.965,1.49679,1.49707,1.75,1.00
2015.10.26 07:27:32.070,1.49677,1.49706,2.25,1.00
2015.10.26 07:27:32.479,1.49679,1.4971,1.75,1.00
2015.10.26 07:27:33.276,1.49681,1.49711,1.50,1.75
2015.10.26 07:27:33.379,1.49681,1.49711,1.75,1.37
2015.10.26 07:27:33.431,1.49683,1.49711,1.75,1.00
2015.10.26 07:27:33.687,1.49683,1.49715,1.75,1.00
2015.10.26 07:27:34.419,1.49689,1.49718,1.12,1.75
2015.10.26 07:27:34.731,1.49689,1.49718,1.75,1.00
2015.10.26 07:27:34.885,1.4969,1.4972,1.50,1.12
2015.10.26 07:27:34.987,1.4969,1.4972,1.75,1.12
2015.10.26 07:27:35.605,1.49689,1.49721,1.75,1.00
2015.10.26 07:27:36.123,1.49689,1.49719,1.75,1.00
2015.10.26 07:27:36.672,1.49688,1.49718,3.00,1.00
2015.10.26 07:27:37.184,1.49689,1.49719,1.75,1.00
2015.10.26 07:27:38.215,1.49686,1.49716,1.75,1.00
2015.10.26 07:27:38.969,1.49685,1.49715,3.00,1.00
2015.10.26 07:27:40.055,1.49686,1.49716,1.75,1.00
2015.10.26 07:27:40.411,1.49681,1.49712,2.25,1.00
2015.10.26 07:27:40.892,1.49681,1.4971,1.75,1.00
2015.10.26 07:27:41.444,1.4968,1.49709,1.75,1.00
2015.10.26 07:27:42.540,1.49687,1.49713,1.00,1.00
2015.10.26 07:27:42.695,1.49687,1.49715,1.00,1.00
2015.10.26 07:27:42.848,1.49685,1.49717,2.25,1.00
2015.10.26 07:27:43.357,1.49686,1.49716,1.75,1.00
2015.10.26 07:27:44.453,1.49685,1.49715,1.75,1.00
2015.10.26 07:27:48.975,1.49684,1.49716,3.75,1.00
2015.10.26 07:27:49.964,1.49682,1.49712,1.12,1.00
2015.10.26 07:27:50.168,1.49683,1.49712,1.00,1.00
2015.10.26 07:27:50.686,1.49683,1.49711,1.00,1.00
2015.10.26 07:27:51.232,1.49683,1.4971,1.00,1.00
2015.10.26 07:27:52.289,1.49683,1.49712,1.00,1.00
2015.10.26 07:27:52.442,1.49687,1.49712,1.00,1.00
2015.10.26 07:27:52.845,1.49687,1.49716,1.00,1.00
2015.10.26 07:27:54.798,1.49685,1.49711,1.37,1.00
2015.10.26 07:27:54.851,1.49685,1.49711,1.00,1.00
2015.10.26 07:27:58.579,1.49683,1.49713,1.75,1.00
2015.10.26 07:27:59.105,1.49684,1.49714,1.50,1.12
2015.10.26 07:28:00.983,1.49685,1.49717,1.50,1.87
2015.10.26 07:28:01.413,1.49692,1.49721,1.37,1.37
2015.10.26 07:28:01.718,1.49692,1.49721,1.75,1.00
2015.10.26 07:28:05.182,1.49694,1.49723,1.75,1.00
2015.10.26 07:28:05.388,1.49695,1.49725,1.75,1.00
2015.10.26 07:28:05.491,1.49696,1.49727,1.12,1.37
2015.10.26 07:28:05.594,1.49701,1.4973,1.75,1.00
2015.10.26 07:28:06.105,1.49699,1.49729,1.75,1.00
2015.10.26 07:28:06.653,1.49699,1.4973,1.75,1.00
2015.10.26 07:28:07.160,1.497,1.49729,1.75,1.00
2015.10.26 07:28:08.988,1.49699,1.49728,1.75,1.00
2015.10.26 07:28:09.347,1.49698,1.4973,1.75,1.00
2015.10.26 07:28:09.774,1.49704,1.49733,1.75,1.00
2015.10.26 07:28:10.318,1.49705,1.49736,1.50,1.75
2015.10.26 07:28:10.778,1.49703,1.49732,1.75,1.00
2015.10.26 07:28:11.243,1.49701,1.49726,1.37,1.37
2015.10.26 07:28:11.295,1.49696,1.49726,1.50,1.50
2015.10.26 07:28:11.448,1.49692,1.49723,2.25,1.00
2015.10.26 07:28:11.593,1.49692,1.49721,1.50,1.00
2015.10.26 07:28:11.645,1.49692,1.49723,1.87,1.37
2015.10.26 07:28:11.954,1.49689,1.49714,1.37,1.00
2015.10.26 07:28:12.006,1.49689,1.49714,1.00,1.00
2015.10.26 07:28:12.108,1.49684,1.49715,2.25,1.37
2015.10.26 07:28:12.562,1.49683,1.49712,1.75,1.00
2015.10.26 07:28:15.145,1.49681,1.49713,1.75,1.00
2015.10.26 07:28:15.298,1.49688,1.49718,1.50,1.12
2015.10.26 07:28:16.069,1.49689,1.49719,3.00,1.50
2015.10.26 07:28:16.120,1.49707,1.4973,1.00,1.00
2015.10.26 07:28:17.570,1.49707,1.49731,1.00,1.00
2015.10.26 07:28:18.015,1.49701,1.49731,1.75,1.00
2015.10.26 07:28:18.270,1.497,1.49732,3.75,1.00
2015.10.26 07:28:18.930,1.497,1.4973,1.75,1.00
2015.10.26 07:28:19.895,1.497,1.49731,1.75,1.00
2015.10.26 07:28:22.654,1.49701,1.49733,1.75,1.12
2015.10.26 07:28:23.215,1.49702,1.49732,1.75,1.00
2015.10.26 07:28:23.317,1.49701,1.4973,1.75,1.00
2015.10.26 07:28:24.014,1.49707,1.49734,1.12,1.00
2015.10.26 07:28:24.066,1.49707,1.49737,1.12,1.12
2015.10.26 07:28:24.662,1.49706,1.49736,1.50,1.00
2015.10.26 07:28:27.781,1.49704,1.49734,1.75,1.00
2015.10.26 07:28:28.799,1.497,1.49731,2.25,1.00
2015.10.26 07:28:28.851,1.49699,1.49731,2.25,1.00
2015.10.26 07:28:29.305,1.49701,1.49728,1.00,1.00
2015.10.26 07:28:29.359,1.49701,1.49726,1.00,1.00
2015.10.26 07:28:29.819,1.49696,1.49724,1.12,1.00
2015.10.26 07:28:29.922,1.49696,1.49721,1.12,1.00
2015.10.26 07:28:30.643,1.49694,1.49721,1.12,1.00
2015.10.26 07:28:33.226,1.49694,1.49722,1.12,1.00
2015.10.26 07:28:33.329,1.49694,1.49725,1.12,1.12
2015.10.26 07:28:34.210,1.49694,1.49724,1.12,1.00
2015.10.26 07:28:34.314,1.49694,1.49722,1.12,1.00
2015.10.26 07:28:35.089,1.49694,1.49721,1.12,1.00
2015.10.26 07:28:36.049,1.49694,1.49722,1.12,1.00
2015.10.26 07:28:36.591,1.49691,1.49721,2.25,1.00
2015.10.26 07:28:37.525,1.49691,1.4972,2.25,1.00
2015.10.26 07:28:37.831,1.49692,1.49721,3.00,1.00
2015.10.26 07:28:38.137,1.49692,1.49719,2.25,1.00
2015.10.26 07:28:39.474,1.49692,1.49718,2.25,1.00
2015.10.26 07:28:41.862,1.49689,1.49718,3.75,1.00
2015.10.26 07:28:42.221,1.49689,1.49716,3.00,1.00
2015.10.26 07:28:42.779,1.49689,1.49715,3.00,1.00
2015.10.26 07:28:43.318,1.49689,1.49714,2.25,1.00
2015.10.26 07:28:43.918,1.49688,1.49711,1.37,1.00
2015.10.26 07:28:43.971,1.49681,1.49708,1.87,1.00
2015.10.26 07:28:44.516,1.49681,1.49707,1.12,1.00
2015.10.26 07:28:45.519,1.49682,1.49705,1.75,1.00
2015.10.26 07:28:45.869,1.49682,1.49709,1.75,1.00
2015.10.26 07:28:45.921,1.49682,1.49709,1.75,1.00
2015.10.26 07:28:46.433,1.49679,1.49708,1.75,1.00
2015.10.26 07:28:47.237,1.4968,1.49709,1.75,1.00
2015.10.26 07:28:47.787,1.49678,1.49708,2.62,1.00
2015.10.26 07:28:49.681,1.49683,1.49712,1.75,1.00
2015.10.26 07:28:49.783,1.49684,1.49712,1.12,1.00
2015.10.26 07:28:50.091,1.49688,1.49717,2.25,1.00
2015.10.26 07:28:50.611,1.49688,1.49718,2.25,1.00
2015.10.26 07:28:54.343,1.4969,1.49719,1.12,1.00
2015.10.26 07:28:54.547,1.49687,1.49716,1.12,1.00
2015.10.26 07:28:54.649,1.49687,1.49719,1.87,1.50
2015.10.26 07:29:05.652,1.49689,1.49718,1.12,1.00
2015.10.26 07:29:06.299,1.49689,1.49717,1.12,1.00
2015.10.26 07:29:06.824,1.49689,1.49718,1.12,1.00
2015.10.26 07:29:08.970,1.49688,1.49719,1.87,1.12
2015.10.26 07:29:09.525,1.49688,1.49717,1.12,1.00
2015.10.26 07:29:10.379,1.49688,1.49718,1.87,1.00
2015.10.26 07:29:12.453,1.4969,1.4972,1.50,1.12
2015.10.26 07:29:12.607,1.49689,1.49718,1.87,1.00
2015.10.26 07:29:13.062,1.49702,1.49727,1.00,1.00
2015.10.26 07:29:13.470,1.49702,1.4973,1.00,1.00
2015.10.26 07:29:13.573,1.49704,1.49732,1.00,1.00
2015.10.26 07:29:13.881,1.49705,1.49735,1.75,1.00
2015.10.26 07:29:17.107,1.49706,1.49736,1.75,1.12
2015.10.26 07:29:20.176,1.49704,1.49735,1.12,1.00
2015.10.26 07:29:20.960,1.49704,1.49734,1.75,1.00
2015.10.26 07:29:21.334,1.49706,1.49737,1.75,1.50
2015.10.26 07:29:21.692,1.49704,1.49735,1.37,1.37
2015.10.26 07:29:21.743,1.49704,1.49729,1.00,1.00
2015.10.26 07:29:21.795,1.49704,1.49735,1.50,1.75
2015.10.26 07:29:22.304,1.49706,1.49735,1.00,1.75
2015.10.26 07:29:23.160,1.49703,1.49734,1.75,1.50
2015.10.26 07:29:23.467,1.49702,1.49731,1.75,1.00
2015.10.26 07:29:23.826,1.49701,1.49729,1.12,1.00
2015.10.26 07:29:23.928,1.49701,1.49727,1.00,1.00
2015.10.26 07:29:24.997,1.49701,1.49726,1.00,1.00
2015.10.26 07:29:26.221,1.49696,1.49725,1.12,1.00
2015.10.26 07:29:26.731,1.49696,1.49724,1.12,1.00
2015.10.26 07:29:27.320,1.49696,1.49726,1.12,1.00
2015.10.26 07:29:32.125,1.49694,1.49726,1.87,1.37
2015.10.26 07:29:32.277,1.49694,1.49721,1.12,1.00
2015.10.26 07:29:32.778,1.49696,1.49726,1.37,1.37
2015.10.26 07:29:32.832,1.49693,1.4972,1.12,1.00
2015.10.26 07:29:33.149,1.49693,1.49722,1.12,1.12
2015.10.26 07:29:33.672,1.49693,1.49721,1.12,1.00
2015.10.26 07:29:34.532,1.49693,1.49719,1.12,1.00
2015.10.26 07:29:34.839,1.49694,1.49719,1.12,1.00
2015.10.26 07:29:35.346,1.49693,1.4972,1.12,1.00
2015.10.26 07:29:36.437,1.49693,1.49721,1.12,1.00
2015.10.26 07:29:36.694,1.49693,1.49724,1.12,1.00
2015.10.26 07:29:37.498,1.49693,1.49723,1.87,1.00
2015.10.26 07:29:37.652,1.49696,1.49725,1.12,1.00
2015.10.26 07:29:38.112,1.49696,1.49723,1.12,1.00
2015.10.26 07:29:38.419,1.49696,1.49721,1.12,1.00
2015.10.26 07:29:39.078,1.49692,1.49721,1.87,1.00
2015.10.26 07:29:39.129,1.49692,1.49724,1.87,1.00
2015.10.26 07:29:40.982,1.49696,1.49725,1.50,1.00
2015.10.26 07:29:41.531,1.49697,1.49726,1.37,1.12
2015.10.26 07:29:48.968,1.49698,1.49727,1.75,1.00
2015.10.26 07:29:50.329,1.49698,1.49729,1.75,1.87
2015.10.26 07:29:53.524,1.49698,1.49727,1.75,1.00
2015.10.26 07:29:53.880,1.49696,1.49727,1.75,1.50
2015.10.26 07:29:54.636,1.49695,1.49725,1.75,1.00
2015.10.26 07:29:55.219,1.49697,1.49726,1.75,1.12
2015.10.26 07:30:02.101,1.49697,1.49725,1.12,1.00
2015.10.26 07:30:02.603,1.49692,1.49722,1.87,1.00
2015.10.26 07:30:02.909,1.49692,1.49721,1.37,1.37
2015.10.26 07:30:03.149,1.49692,1.49721,1.00,1.50
2015.10.26 07:30:04.374,1.49689,1.4972,1.75,1.37
2015.10.26 07:30:04.883,1.4969,1.4972,1.87,1.00
2015.10.26 07:30:05.475,1.4969,1.4972,1.50,1.00
2015.10.26 07:30:06.006,1.4969,1.49719,1.50,1.00
2015.10.26 07:30:06.108,1.49692,1.49722,1.75,1.00
2015.10.26 07:30:06.261,1.49696,1.49723,1.00,1.00
2015.10.26 07:30:06.569,1.49699,1.49723,1.12,1.00
2015.10.26 07:30:07.109,1.49701,1.49723,1.00,1.00
2015.10.26 07:30:07.163,1.49701,1.49727,1.50,1.00
2015.10.26 07:30:07.990,1.497,1.4973,1.75,1.50
2015.10.26 07:30:10.092,1.49699,1.49729,1.75,1.00
2015.10.26 07:30:11.636,1.49697,1.49727,1.87,1.00
2015.10.26 07:30:12.142,1.49698,1.49727,1.50,1.00
2015.10.26 07:30:12.402,1.49696,1.49726,1.50,1.37
2015.10.26 07:30:12.505,1.49694,1.49726,1.50,1.50
2015.10.26 07:30:19.468,1.49692,1.49719,1.12,1.50
2015.10.26 07:30:19.519,1.49692,1.49719,1.12,1.00
2015.10.26 07:30:21.251,1.49692,1.49719,1.37,1.00
2015.10.26 07:30:23.175,1.49692,1.49715,1.00,1.00
2015.10.26 07:30:23.330,1.49686,1.49715,1.50,1.12
2015.10.26 07:30:23.382,1.49686,1.49715,1.00,1.50
2015.10.26 07:30:23.639,1.49686,1.49712,1.00,1.00
2015.10.26 07:30:25.382,1.49686,1.49714,1.00,1.00
2015.10.26 07:30:25.484,1.49686,1.49712,1.00,1.00
2015.10.26 07:30:26.038,1.49686,1.49713,1.00,1.00
2015.10.26 07:30:26.571,1.49686,1.49712,1.00,1.00
2015.10.26 07:30:26.826,1.49681,1.49711,2.62,1.00
2015.10.26 07:30:28.263,1.49681,1.49711,2.25,1.37
2015.10.26 07:30:28.315,1.49681,1.4971,1.87,1.00
2015.10.26 07:30:28.664,1.4968,1.49708,1.00,1.00
2015.10.26 07:30:29.941,1.4968,1.4971,1.50,1.50
2015.10.26 07:30:30.769,1.4968,1.4971,1.50,1.12
2015.10.26 07:30:35.690,1.49683,1.49708,1.00,1.00
2015.10.26 07:30:37.030,1.49683,1.49713,1.00,1.50
2015.10.26 07:30:37.133,1.49685,1.49716,1.37,1.87
2015.10.26 07:30:37.184,1.49685,1.49716,1.75,1.50
2015.10.26 07:30:37.701,1.49685,1.49714,1.75,1.00
2015.10.26 07:30:37.804,1.49685,1.49716,1.75,1.50
2015.10.26 07:30:38.422,1.49687,1.49714,1.00,1.00
2015.10.26 07:30:44.075,1.49687,1.49715,1.00,1.00
2015.10.26 07:30:48.473,1.49687,1.49714,1.00,1.00
2015.10.26 07:30:48.670,1.49687,1.49716,1.00,2.25
2015.10.26 07:30:49.230,1.49687,1.49715,1.00,1.00
2015.10.26 07:30:50.307,1.49687,1.49714,1.00,1.00
2015.10.26 07:30:50.870,1.49687,1.49712,1.00,1.00
2015.10.26 07:30:51.407,1.49687,1.49713,1.00,1.00
2015.10.26 07:30:51.925,1.49687,1.49712,1.00,1.00
2015.10.26 07:30:53.963,1.49681,1.49711,2.25,1.00
2015.10.26 07:30:54.015,1.49684,1.49711,1.00,1.00
2015.10.26 07:30:57.557,1.49684,1.49712,1.00,1.00
2015.10.26 07:30:58.084,1.49684,1.49711,1.00,1.00
2015.10.26 07:30:58.608,1.49684,1.49712,1.00,1.00
2015.10.26 07:30:59.273,1.49684,1.49711,1.00,1.00
2015.10.26 07:30:59.579,1.49684,1.49713,1.00,1.00
2015.10.26 07:30:59.887,1.49681,1.49713,3.00,1.00
2015.10.26 07:31:00.045,1.49684,1.49715,1.75,1.00
2015.10.26 07:31:01.379,1.49692,1.49718,1.37,1.37
2015.10.26 07:31:01.432,1.49697,1.49724,1.00,1.00
2015.10.26 07:31:01.586,1.49698,1.49727,1.37,1.50
2015.10.26 07:31:01.689,1.49698,1.49728,1.75,1.12
2015.10.26 07:31:01.894,1.49696,1.49726,1.75,1.00
2015.10.26 07:31:02.099,1.49698,1.49724,1.00,1.00
2015.10.26 07:31:02.539,1.49695,1.49722,1.50,1.00
2015.10.26 07:31:02.591,1.49691,1.49722,1.75,1.00
2015.10.26 07:31:02.642,1.49686,1.49717,1.50,1.37
2015.10.26 07:31:02.694,1.49686,1.49717,1.12,1.75
2015.10.26 07:31:03.002,1.49683,1.49715,2.62,1.37
2015.10.26 07:31:03.308,1.49681,1.49709,1.75,1.00
2015.10.26 07:31:03.360,1.4968,1.49709,1.75,1.00
2015.10.26 07:31:03.411,1.4968,1.49706,1.50,1.00
2015.10.26 07:31:03.821,1.49676,1.49705,1.00,1.75
2015.10.26 07:31:04.028,1.49674,1.49703,1.00,1.50
2015.10.26 07:31:04.181,1.49674,1.49699,1.00,1.00
2015.10.26 07:31:04.844,1.49667,1.49698,3.75,1.00
2015.10.26 07:31:05.254,1.49667,1.49698,1.75,1.12
2015.10.26 07:31:05.917,1.49667,1.49698,1.37,1.37
2015.10.26 07:31:05.969,1.49666,1.49695,1.50,1.50
2015.10.26 07:31:06.072,1.49666,1.49693,1.00,1.00
2015.10.26 07:31:06.834,1.49664,1.4969,1.37,1.37
2015.10.26 07:31:06.886,1.49663,1.4969,1.75,1.00
2015.10.26 07:31:06.937,1.49658,1.49687,1.87,1.00
2015.10.26 07:31:07.040,1.4966,1.49689,1.75,1.00
2015.10.26 07:31:07.193,1.49659,1.49687,1.12,1.00
2015.10.26 07:31:07.549,1.49654,1.49686,1.75,1.37
2015.10.26 07:31:07.601,1.49654,1.49686,1.75,1.50
2015.10.26 07:31:08.066,1.49652,1.4968,1.75,1.00
2015.10.26 07:31:08.617,1.49653,1.49683,1.75,1.00
2015.10.26 07:31:09.297,1.49652,1.49678,1.50,1.00
2015.10.26 07:31:09.351,1.49646,1.49678,2.25,1.37
2015.10.26 07:31:09.402,1.49646,1.49678,1.75,1.50
2015.10.26 07:31:09.504,1.49643,1.49674,2.25,1.00
2015.10.26 07:31:09.606,1.49646,1.49672,1.00,1.00
2015.10.26 07:31:09.709,1.49641,1.4967,2.25,1.00
2015.10.26 07:31:09.761,1.49641,1.4967,3.00,1.00
2015.10.26 07:31:09.812,1.49641,1.49671,2.25,1.00
2015.10.26 07:31:11.055,1.49645,1.49672,1.37,1.37
2015.10.26 07:31:11.109,1.49653,1.49683,1.00,2.25
2015.10.26 07:31:11.620,1.49652,1.49682,1.00,1.75
2015.10.26 07:31:12.578,1.49653,1.49683,1.00,2.25
2015.10.26 07:31:13.112,1.49654,1.49683,1.00,1.75
2015.10.26 07:31:13.214,1.49654,1.49682,1.00,1.00
2015.10.26 07:31:13.317,1.49656,1.49682,1.00,1.00
2015.10.26 07:31:14.339,1.49658,1.49687,1.12,1.75
2015.10.26 07:31:14.392,1.49658,1.49687,1.12,1.75
2015.10.26 07:31:14.852,1.49661,1.49687,1.00,1.75
2015.10.26 07:31:15.006,1.49663,1.4969,1.00,1.00
2015.10.26 07:31:15.620,1.49664,1.4969,1.00,1.00
2015.10.26 07:31:16.011,1.49666,1.49691,1.00,1.00
2015.10.26 07:31:16.063,1.49666,1.49698,1.00,1.75
2015.10.26 07:31:16.166,1.49667,1.49698,1.37,1.75
2015.10.26 07:31:16.217,1.49668,1.49697,1.00,1.00
2015.10.26 07:31:16.767,1.49668,1.49696,1.00,1.00
2015.10.26 07:31:18.382,1.49669,1.49696,1.00,1.00
2015.10.26 07:31:18.885,1.49668,1.49696,1.00,1.00
2015.10.26 07:31:19.347,1.49669,1.49701,1.75,1.00
2015.10.26 07:31:19.859,1.49671,1.497,1.75,1.00
2015.10.26 07:31:21.097,1.4967,1.49699,1.75,1.00
2015.10.26 07:31:21.250,1.4967,1.49702,1.75,1.12
2015.10.26 07:31:21.718,1.49671,1.497,1.75,1.00
2015.10.26 07:31:22.026,1.49671,1.497,1.12,1.12
2015.10.26 07:31:22.583,1.49669,1.49699,1.75,1.00
2015.10.26 07:31:23.365,1.4967,1.49702,1.50,1.75
2015.10.26 07:31:26.223,1.49668,1.49699,1.75,1.00
2015.10.26 07:31:27.191,1.49669,1.497,1.75,1.12
2015.10.26 07:31:27.965,1.49672,1.497,1.00,1.12
2015.10.26 07:31:28.169,1.49672,1.497,1.37,1.00
2015.10.26 07:31:28.221,1.49672,1.49703,1.50,1.37
2015.10.26 07:31:28.679,1.49675,1.49705,1.37,1.37
2015.10.26 07:31:29.274,1.49676,1.49705,1.00,1.00
2015.10.26 07:31:29.816,1.49676,1.49704,1.00,1.00
2015.10.26 07:31:29.940,1.49676,1.49706,1.00,2.25
2015.10.26 07:31:31.477,1.49679,1.49706,1.00,1.50
2015.10.26 07:31:31.630,1.49683,1.49712,1.00,1.50
2015.10.26 07:31:31.835,1.49685,1.49712,1.00,1.00
2015.10.26 07:31:32.141,1.49685,1.49714,1.75,1.12
2015.10.26 07:31:35.213,1.49685,1.49713,1.75,1.00
2015.10.26 07:31:35.469,1.49683,1.49712,1.12,1.75
2015.10.26 07:31:44.233,1.49686,1.49715,1.37,1.37
2015.10.26 07:31:44.284,1.49688,1.49715,1.00,1.00
2015.10.26 07:31:44.336,1.49688,1.49712,1.00,1.00
2015.10.26 07:31:44.490,1.49686,1.49712,1.00,1.00
2015.10.26 07:31:44.696,1.49686,1.49715,1.00,1.00
2015.10.26 07:31:45.327,1.49686,1.49717,1.50,1.00
2015.10.26 07:31:45.381,1.49685,1.49717,1.75,1.12
2015.10.26 07:31:45.688,1.49685,1.49714,1.75,1.00
2015.10.26 07:31:45.893,1.49686,1.49716,1.50,1.00
2015.10.26 07:31:46.650,1.49684,1.49713,1.12,1.00
2015.10.26 07:31:47.007,1.49686,1.49715,1.50,1.00
2015.10.26 07:31:49.099,1.49684,1.49713,1.87,1.00
2015.10.26 07:31:49.201,1.49685,1.49714,1.00,1.00
2015.10.26 07:31:49.507,1.49684,1.49712,1.12,1.00
2015.10.26 07:31:50.022,1.49684,1.49711,1.12,1.00
2015.10.26 07:31:50.539,1.49684,1.4971,1.00,1.00
2015.10.26 07:31:51.411,1.49686,1.49713,1.00,1.00
2015.10.26 07:31:51.463,1.49684,1.49713,1.00,1.00
2015.10.26 07:31:52.010,1.49684,1.49714,1.50,1.50
2015.10.26 07:31:52.061,1.49684,1.49714,2.25,1.50
2015.10.26 07:31:52.215,1.49691,1.4972,1.12,1.00
2015.10.26 07:31:52.950,1.49693,1.49722,1.37,1.37
2015.10.26 07:31:53.257,1.49698,1.49727,1.00,1.37
2015.10.26 07:31:53.315,1.49698,1.49727,1.00,1.12
2015.10.26 07:31:53.366,1.49701,1.4973,1.37,1.37
2015.10.26 07:31:53.418,1.49703,1.4973,1.00,1.00
2015.10.26 07:31:54.857,1.49703,1.49728,1.00,1.00
2015.10.26 07:31:55.373,1.49703,1.49727,1.00,1.00
2015.10.26 07:31:57.436,1.49703,1.49725,1.00,1.00
2015.10.26 07:31:58.836,1.49703,1.49724,1.00,1.00
2015.10.26 07:31:58.940,1.497,1.49724,1.00,1.00
2015.10.26 07:31:59.355,1.49696,1.49723,1.00,1.00
2015.10.26 07:31:59.406,1.49696,1.49721,1.00,1.00
2015.10.26 07:31:59.764,1.49696,1.49719,1.00,1.00
2015.10.26 07:32:00.641,1.49696,1.4972,1.00,1.00
2015.10.26 07:32:00.744,1.49696,1.49723,1.00,1.00
2015.10.26 07:32:00.846,1.49697,1.49723,1.37,1.00
2015.10.26 07:32:00.999,1.49698,1.49728,1.37,1.50
2015.10.26 07:32:01.153,1.49698,1.49728,1.75,1.00
2015.10.26 07:32:01.204,1.49698,1.49724,1.75,1.00
2015.10.26 07:32:01.255,1.49698,1.49724,1.12,1.00
2015.10.26 07:32:01.684,1.49694,1.49724,1.12,2.25
2015.10.26 07:32:04.269,1.49692,1.49722,2.25,1.00
2015.10.26 07:32:05.231,1.4969,1.49721,1.75,1.00
2015.10.26 07:32:05.283,1.49686,1.49716,2.25,1.00
2015.10.26 07:32:05.590,1.49689,1.49714,1.75,1.00
2015.10.26 07:32:05.642,1.49689,1.49719,1.75,1.00
2015.10.26 07:32:06.069,1.49689,1.49714,1.75,1.00
2015.10.26 07:32:07.320,1.49689,1.49715,1.75,1.00
2015.10.26 07:32:07.829,1.49688,1.49714,1.75,1.00
2015.10.26 07:32:12.938,1.49689,1.49719,1.87,1.00
2015.10.26 07:32:14.363,1.49695,1.49721,1.00,1.00
2015.10.26 07:32:14.886,1.49695,1.4972,1.00,1.00
2015.10.26 07:32:15.039,1.49695,1.49723,1.00,1.00
2015.10.26 07:32:17.578,1.49695,1.49722,1.00,1.00
2015.10.26 07:32:17.732,1.49695,1.4972,1.00,1.00
2015.10.26 07:32:18.260,1.49695,1.49721,1.00,1.00
2015.10.26 07:32:18.573,1.497,1.49724,1.00,1.00
2015.10.26 07:32:18.727,1.49697,1.49724,1.00,1.00
2015.10.26 07:32:18.941,1.49695,1.49724,1.50,1.50
2015.10.26 07:32:19.354,1.49695,1.49722,1.00,1.00
2015.10.26 07:32:22.551,1.49695,1.49723,1.00,1.00
2015.10.26 07:32:23.059,1.49695,1.49722,1.00,1.00
2015.10.26 07:32:23.988,1.49695,1.49723,1.00,1.00
2015.10.26 07:32:24.506,1.49695,1.49724,1.00,2.25
2015.10.26 07:32:25.126,1.49695,1.49723,1.00,1.00
2015.10.26 07:32:25.638,1.49695,1.49724,1.00,2.25
2015.10.26 07:32:26.288,1.49696,1.49724,1.00,1.50
2015.10.26 07:32:29.480,1.49697,1.49724,1.00,1.50
2015.10.26 07:32:29.787,1.49699,1.49725,1.00,1.00
2015.10.26 07:32:30.145,1.49697,1.49724,1.12,1.00
2015.10.26 07:32:30.651,1.497,1.49725,1.00,1.00
2015.10.26 07:32:30.703,1.49697,1.49725,1.12,1.00
2015.10.26 07:32:30.754,1.49697,1.49727,1.12,1.12
2015.10.26 07:32:30.805,1.49699,1.49727,1.00,1.12
2015.10.26 07:32:31.111,1.49701,1.49727,1.75,1.00
2015.10.26 07:32:32.122,1.49703,1.49727,1.50,1.00
2015.10.26 07:32:32.224,1.49704,1.49732,1.75,1.12
2015.10.26 07:32:33.446,1.49702,1.49731,1.75,1.00
2015.10.26 07:32:33.548,1.497,1.49732,1.75,2.25
2015.10.26 07:32:34.099,1.49698,1.4973,1.75,1.50
2015.10.26 07:32:34.696,1.49701,1.4973,1.12,1.87
2015.10.26 07:32:36.200,1.49699,1.4973,1.50,2.25
2015.10.26 07:32:42.038,1.49699,1.49724,1.50,1.00
2015.10.26 07:32:43.511,1.49699,1.49729,1.50,2.25
2015.10.26 07:32:52.150,1.49702,1.49729,1.00,1.75
2015.10.26 07:32:52.252,1.49705,1.49731,1.00,1.00
2015.10.26 07:32:52.304,1.49705,1.49731,1.37,1.00
2015.10.26 07:32:52.709,1.49709,1.49738,1.75,1.00
2015.10.26 07:32:53.122,1.49709,1.49738,1.75,1.00
2015.10.26 07:32:53.633,1.49708,1.49737,1.75,1.00
2015.10.26 07:32:56.541,1.49706,1.49734,1.12,1.00
2015.10.26 07:32:56.754,1.49706,1.49736,1.87,1.00
2015.10.26 07:32:57.263,1.49708,1.49737,1.75,1.00
2015.10.26 07:32:57.783,1.49709,1.49738,1.75,1.50
2015.10.26 07:32:59.354,1.49711,1.49735,1.00,1.00
2015.10.26 07:32:59.662,1.49704,1.49731,1.75,1.00
2015.10.26 07:32:59.865,1.49705,1.49735,1.75,1.12
2015.10.26 07:32:59.917,1.49705,1.49735,1.75,1.00
2015.10.26 07:33:01.013,1.49706,1.49735,1.50,1.50
2015.10.26 07:33:01.578,1.49706,1.49734,1.00,1.00
2015.10.26 07:33:03.495,1.49706,1.49732,1.00,1.00
2015.10.26 07:33:03.597,1.49707,1.49738,1.75,1.37
2015.10.26 07:33:04.001,1.49707,1.49738,1.75,1.00
2015.10.26 07:33:04.358,1.49705,1.49734,3.00,1.00
2015.10.26 07:33:04.410,1.49708,1.49734,1.00,1.00
2015.10.26 07:33:04.563,1.49708,1.49736,1.00,1.00
2015.10.26 07:33:06.128,1.49708,1.49737,1.00,1.00
2015.10.26 07:33:07.871,1.49709,1.49737,1.00,1.00
2015.10.26 07:33:08.547,1.49708,1.49737,1.00,1.00
2015.10.26 07:33:12.724,1.49713,1.49744,1.00,1.75
2015.10.26 07:33:12.775,1.49713,1.49744,1.12,1.75
2015.10.26 07:33:13.688,1.4971,1.4974,1.37,1.50
2015.10.26 07:33:13.790,1.4971,1.49738,1.00,1.00
2015.10.26 07:33:13.892,1.4971,1.4974,1.00,1.75
2015.10.26 07:33:14.361,1.49708,1.49734,1.00,1.12
2015.10.26 07:33:14.936,1.49707,1.49734,1.12,1.12
2015.10.26 07:33:15.942,1.49708,1.49738,1.00,1.75
2015.10.26 07:33:16.695,1.49709,1.49739,1.00,2.25
2015.10.26 07:33:17.916,1.49708,1.49737,1.00,1.75
2015.10.26 07:33:19.185,1.49706,1.49734,1.50,1.12
2015.10.26 07:33:19.565,1.49705,1.49734,1.00,1.75
2015.10.26 07:33:19.873,1.49705,1.49729,1.00,1.00
2015.10.26 07:33:19.924,1.49705,1.49734,1.00,2.25
2015.10.26 07:33:20.508,1.49706,1.49734,1.00,1.75
2015.10.26 07:33:23.153,1.49706,1.4973,1.00,1.00
2015.10.26 07:33:23.390,1.49703,1.4973,1.50,1.00
2015.10.26 07:33:26.587,1.49702,1.49729,1.75,1.00
2015.10.26 07:33:27.007,1.49703,1.49734,1.50,1.75
2015.10.26 07:33:28.030,1.49703,1.4973,1.50,1.00
2015.10.26 07:33:28.538,1.49703,1.49734,1.50,1.75
2015.10.26 07:33:29.031,1.49706,1.49729,1.00,1.00
2015.10.26 07:33:32.417,1.49704,1.49729,1.12,1.00
2015.10.26 07:33:32.519,1.49706,1.49729,1.00,1.00
2015.10.26 07:33:32.570,1.49706,1.49734,1.00,1.75
2015.10.26 07:33:33.086,1.49705,1.49734,1.00,1.75
2015.10.26 07:33:34.918,1.49704,1.49734,1.12,1.75
2015.10.26 07:33:35.505,1.49702,1.4973,1.75,1.00
2015.10.26 07:33:35.722,1.49707,1.49735,1.00,1.75
2015.10.26 07:33:36.534,1.49707,1.49735,1.00,1.12
2015.10.26 07:33:36.791,1.49704,1.49735,1.50,1.37
2015.10.26 07:33:37.097,1.49702,1.49729,1.75,1.00
2015.10.26 07:33:37.805,1.49705,1.49729,1.00,1.00
2015.10.26 07:33:38.338,1.49703,1.4973,1.50,1.00
2015.10.26 07:33:38.883,1.49702,1.49729,1.75,1.00
2015.10.26 07:33:39.368,1.49702,1.49733,1.75,1.75
2015.10.26 07:33:40.000,1.49705,1.49734,1.00,1.75
2015.10.26 07:33:40.607,1.49705,1.4973,1.00,1.00
2015.10.26 07:33:41.318,1.49706,1.49734,1.00,1.75
2015.10.26 07:33:41.369,1.49704,1.49734,1.12,1.75
2015.10.26 07:33:42.856,1.49706,1.49734,1.00,1.75
2015.10.26 07:33:42.908,1.49703,1.49734,1.50,1.75
2015.10.26 07:33:46.644,1.49706,1.49735,1.00,1.75
2015.10.26 07:33:48.641,1.49706,1.49735,1.37,1.50
2015.10.26 07:33:48.693,1.49709,1.49738,1.00,1.75
2015.10.26 07:33:48.744,1.49709,1.49738,1.37,1.37
2015.10.26 07:33:48.796,1.49711,1.49739,1.50,1.00
2015.10.26 07:33:49.466,1.49711,1.49735,1.00,1.75
2015.10.26 07:33:49.517,1.49708,1.49737,1.37,1.37
2015.10.26 07:33:49.569,1.49709,1.49738,1.00,1.00
2015.10.26 07:33:50.859,1.49711,1.49738,1.00,1.00
2015.10.26 07:33:51.230,1.49709,1.49738,2.25,1.00
2015.10.26 07:33:53.200,1.49709,1.49737,1.50,1.00
2015.10.26 07:33:53.862,1.49709,1.49738,1.50,1.50
2015.10.26 07:33:54.599,1.49709,1.49736,1.00,1.00
2015.10.26 07:33:54.905,1.497,1.49728,1.00,1.50
2015.10.26 07:33:55.461,1.49692,1.49721,1.75,1.00
2015.10.26 07:33:55.513,1.49692,1.4972,1.50,1.00
2015.10.26 07:33:55.666,1.49692,1.4972,1.12,1.37
2015.10.26 07:33:56.176,1.49688,1.49718,2.62,1.00
2015.10.26 07:33:57.168,1.49688,1.4972,2.62,1.50
2015.10.26 07:33:58.478,1.49702,1.49726,1.00,1.87
2015.10.26 07:33:58.531,1.49702,1.49727,1.00,1.00
2015.10.26 07:33:58.633,1.49703,1.49729,1.00,1.00
2015.10.26 07:33:58.685,1.49705,1.49729,1.00,1.00
2015.10.26 07:33:58.991,1.49707,1.49732,1.00,1.37
2015.10.26 07:33:59.300,1.49708,1.49735,1.37,1.87
2015.10.26 07:33:59.804,1.49705,1.49729,1.75,1.00
2015.10.26 07:34:00.477,1.49706,1.4973,1.75,1.00
2015.10.26 07:34:01.082,1.49711,1.49729,1.12,1.00
2015.10.26 07:34:01.290,1.49711,1.49734,1.12,1.00
2015.10.26 07:34:02.685,1.49708,1.4973,1.12,1.00
2015.10.26 07:34:03.202,1.49708,1.49729,1.12,1.00
2015.10.26 07:34:04.483,1.49708,1.49735,1.12,1.37
2015.10.26 07:34:04.586,1.4971,1.49735,1.00,1.37
2015.10.26 07:34:04.743,1.49707,1.49735,1.50,1.87
2015.10.26 07:34:04.998,1.49708,1.4973,1.00,1.00
2015.10.26 07:34:05.555,1.49707,1.49729,1.00,1.00
2015.10.26 07:34:07.403,1.49706,1.49732,1.00,1.12
2015.10.26 07:34:07.457,1.49707,1.4973,1.00,1.00
2015.10.26 07:34:07.816,1.49705,1.4973,1.00,1.00
2015.10.26 07:34:09.525,1.49705,1.49733,1.00,1.50
2015.10.26 07:34:09.678,1.49705,1.49731,1.00,1.00
2015.10.26 07:34:10.333,1.49705,1.49729,1.00,1.00
2015.10.26 07:34:11.309,1.49706,1.49729,1.00,1.00
2015.10.26 07:34:11.771,1.49704,1.49729,1.00,1.00
2015.10.26 07:34:12.432,1.49701,1.49729,1.12,1.00
2015.10.26 07:34:12.484,1.49703,1.49729,1.00,1.00
2015.10.26 07:34:12.841,1.49705,1.49729,1.00,1.00
2015.10.26 07:34:13.381,1.49705,1.49731,1.00,1.12
2015.10.26 07:34:13.484,1.49706,1.49729,1.00,1.00
2015.10.26 07:34:13.588,1.49706,1.49733,1.00,1.75
2015.10.26 07:34:13.639,1.49708,1.49734,1.00,2.62
2015.10.26 07:34:14.577,1.49705,1.49734,1.00,2.25
2015.10.26 07:34:14.634,1.49705,1.49729,1.00,1.00
2015.10.26 07:34:15.169,1.49707,1.49729,1.00,1.00
2015.10.26 07:34:16.274,1.49706,1.49729,1.00,1.00
2015.10.26 07:34:16.581,1.4971,1.49735,1.00,2.62
2015.10.26 07:34:17.158,1.49711,1.49735,1.00,1.87
2015.10.26 07:34:19.693,1.4971,1.49735,1.00,1.75
2015.10.26 07:34:25.416,1.49709,1.49735,1.00,1.75
2015.10.26 07:34:28.723,1.49705,1.49734,1.50,2.25
2015.10.26 07:34:28.826,1.49705,1.49731,1.50,1.00
2015.10.26 07:34:29.132,1.49706,1.49734,1.12,2.25
2015.10.26 07:34:29.235,1.49706,1.49729,1.12,1.00
2015.10.26 07:34:30.264,1.49707,1.49729,1.00,1.00
2015.10.26 07:34:30.418,1.49707,1.49734,1.00,1.50
2015.10.26 07:34:30.944,1.49708,1.49734,1.00,1.50
2015.10.26 07:34:31.482,1.49706,1.49734,1.12,1.50
2015.10.26 07:34:31.755,1.49708,1.49734,1.00,1.50
2015.10.26 07:34:32.569,1.49711,1.49738,1.00,2.25
2015.10.26 07:34:32.979,1.49708,1.49734,1.00,1.75
2015.10.26 07:34:33.197,1.49706,1.49734,1.00,1.75
2015.10.26 07:34:33.308,1.49709,1.49735,1.00,1.75
2015.10.26 07:34:35.317,1.4971,1.49737,1.00,1.75
2015.10.26 07:34:35.887,1.49712,1.49734,1.00,1.75
2015.10.26 07:34:35.939,1.4971,1.49734,1.00,1.75
2015.10.26 07:34:37.425,1.49707,1.49735,1.00,1.75
2015.10.26 07:34:38.038,1.49705,1.49733,1.00,1.50
2015.10.26 07:34:38.295,1.49708,1.49736,1.00,1.75
2015.10.26 07:34:39.214,1.4971,1.49736,1.00,1.50
2015.10.26 07:34:39.266,1.49708,1.49734,1.00,1.00
2015.10.26 07:34:39.369,1.49705,1.49733,1.50,1.00
2015.10.26 07:34:39.471,1.49703,1.49731,1.12,1.00
2015.10.26 07:34:39.574,1.49702,1.49725,1.50,1.00
2015.10.26 07:34:39.625,1.49699,1.49725,1.50,1.00
2015.10.26 07:34:40.467,1.49702,1.49728,1.00,1.50
2015.10.26 07:34:40.817,1.497,1.49726,1.00,1.00
2015.10.26 07:34:44.529,1.49701,1.49727,1.00,1.00
2015.10.26 07:34:44.856,1.49698,1.49724,1.50,1.50
2015.10.26 07:34:45.368,1.49698,1.49722,1.00,1.00
2015.10.26 07:34:45.419,1.49698,1.49725,1.00,1.87
2015.10.26 07:34:45.726,1.49696,1.49722,1.37,1.00
2015.10.26 07:34:49.622,1.49696,1.49724,1.00,1.75
2015.10.26 07:34:50.417,1.49694,1.49719,1.12,1.00
2015.10.26 07:34:50.936,1.49694,1.49716,1.12,1.00
2015.10.26 07:34:51.728,1.49694,1.49717,1.12,1.00
2015.10.26 07:34:53.164,1.49691,1.49715,1.00,1.00
2015.10.26 07:34:53.369,1.49689,1.49715,1.00,1.75
2015.10.26 07:34:53.574,1.49693,1.49719,1.00,1.87
2015.10.26 07:34:53.779,1.49695,1.49721,1.00,1.75
2015.10.26 07:34:54.299,1.49697,1.49722,1.00,1.75
2015.10.26 07:34:57.054,1.49698,1.49722,1.00,1.75
2015.10.26 07:34:58.707,1.49696,1.49722,1.00,2.25
2015.10.26 07:34:59.923,1.49697,1.49722,1.00,1.75
2015.10.26 07:34:59.974,1.49697,1.49722,1.00,1.00
2015.10.26 07:35:00.483,1.49696,1.49722,1.12,1.00
2015.10.26 07:35:00.636,1.49696,1.49719,1.12,1.00
2015.10.26 07:35:01.442,1.49696,1.49722,1.12,1.00
2015.10.26 07:35:01.496,1.49694,1.4972,1.75,1.00
2015.10.26 07:35:02.926,1.49694,1.49722,1.75,1.50
2015.10.26 07:35:04.796,1.49698,1.49722,1.00,1.00
2015.10.26 07:35:05.344,1.49699,1.49727,1.00,2.25
2015.10.26 07:35:05.396,1.49699,1.49727,1.50,1.50
2015.10.26 07:35:05.499,1.49701,1.49727,1.75,1.00
2015.10.26 07:35:06.032,1.49694,1.4972,1.50,1.37
2015.10.26 07:35:06.409,1.49687,1.49715,1.87,1.00
2015.10.26 07:35:07.423,1.49689,1.49715,1.00,1.00
2015.10.26 07:35:07.936,1.49688,1.49714,1.12,1.00
2015.10.26 07:35:08.393,1.49688,1.49716,1.12,1.12
2015.10.26 07:35:10.701,1.49687,1.49713,1.37,1.00
2015.10.26 07:35:10.956,1.49686,1.49712,1.00,1.12
2015.10.26 07:35:12.101,1.49685,1.49711,1.00,1.00
2015.10.26 07:35:12.614,1.49684,1.4971,1.00,1.00
2015.10.26 07:35:12.718,1.49682,1.4971,1.00,1.50
2015.10.26 07:35:13.353,1.49683,1.49711,1.00,1.75
2015.10.26 07:35:19.618,1.49686,1.49712,1.00,1.75
2015.10.26 07:35:19.720,1.49686,1.49714,1.00,2.25
2015.10.26 07:35:20.178,1.49688,1.49714,1.00,1.75
2015.10.26 07:35:21.197,1.49687,1.49715,1.50,1.87
2015.10.26 07:35:21.402,1.49691,1.49717,1.50,1.00
2015.10.26 07:35:21.506,1.49691,1.49719,1.50,1.12
2015.10.26 07:35:21.609,1.49694,1.49719,1.00,1.00
2015.10.26 07:35:21.711,1.49694,1.49721,1.00,1.00
2015.10.26 07:35:22.588,1.49696,1.49722,1.50,1.00
2015.10.26 07:35:22.945,1.49695,1.49721,1.00,1.00
2015.10.26 07:35:23.253,1.49693,1.49719,1.50,1.00
2015.10.26 07:35:24.102,1.49694,1.4972,1.00,1.00
2015.10.26 07:35:25.162,1.49694,1.49719,1.00,1.00
2015.10.26 07:35:26.209,1.49695,1.49719,1.00,1.00
2015.10.26 07:35:27.550,1.49695,1.49721,1.00,1.00
2015.10.26 07:35:27.936,1.49695,1.49719,1.00,1.00
2015.10.26 07:35:29.545,1.49695,1.4972,1.00,1.00
2015.10.26 07:35:29.904,1.49695,1.49721,1.00,1.46
2015.10.26 07:35:30.211,1.49689,1.49714,1.00,1.50
2015.10.26 07:35:30.714,1.4969,1.49714,1.00,1.50
2015.10.26 07:35:30.765,1.49692,1.49714,1.00,2.25
2015.10.26 07:35:30.868,1.4969,1.49714,1.00,1.50
2015.10.26 07:35:30.971,1.49691,1.49716,1.00,1.00
2015.10.26 07:35:31.023,1.49691,1.49718,1.00,1.09
2015.10.26 07:35:32.222,1.49692,1.49718,1.00,1.50
2015.10.26 07:35:32.773,1.49693,1.49718,1.00,1.00
2015.10.26 07:35:34.380,1.49691,1.49717,1.00,1.00
2015.10.26 07:35:34.483,1.49689,1.49715,1.50,1.00
2015.10.26 07:35:35.108,1.4969,1.49716,1.50,1.00
2015.10.26 07:35:35.159,1.4969,1.49718,1.50,1.50
2015.10.26 07:35:35.596,1.49693,1.49718,1.00,1.00
2015.10.26 07:35:37.624,1.4969,1.49718,1.00,1.50
2015.10.26 07:35:37.676,1.49692,1.49718,1.00,1.50
2015.10.26 07:35:38.236,1.49693,1.49718,1.00,1.00
2015.10.26 07:35:39.730,1.49692,1.49718,1.00,1.50
2015.10.26 07:35:41.392,1.49693,1.49718,1.00,1.00
2015.10.26 07:35:41.937,1.49694,1.49718,1.00,1.00
2015.10.26 07:35:42.866,1.49698,1.49724,1.00,1.50
2015.10.26 07:35:43.193,1.49698,1.49722,1.00,1.00
2015.10.26 07:35:43.458,1.49698,1.49724,1.00,1.50
2015.10.26 07:35:44.128,1.49697,1.49723,1.00,1.37
2015.10.26 07:35:44.180,1.49695,1.49722,1.00,1.00
2015.10.26 07:35:44.712,1.49695,1.49721,1.00,1.00
2015.10.26 07:35:48.406,1.49692,1.4972,1.50,1.00
2015.10.26 07:35:52.503,1.49693,1.49721,1.00,1.00
2015.10.26 07:35:52.707,1.49692,1.49719,1.00,1.00
2015.10.26 07:35:53.237,1.49692,1.4972,1.50,1.00
2015.10.26 07:35:53.542,1.49695,1.49721,1.00,1.00
2015.10.26 07:35:54.843,1.49694,1.4972,1.00,1.00
2015.10.26 07:35:55.585,1.49692,1.49719,1.00,1.00
2015.10.26 07:35:56.242,1.49693,1.49719,1.00,1.00
2015.10.26 07:35:57.350,1.49692,1.49718,1.00,1.00
2015.10.26 07:35:58.196,1.49692,1.4972,1.50,1.12
2015.10.26 07:35:58.860,1.49695,1.49722,1.00,1.37
2015.10.26 07:35:59.116,1.49695,1.49722,1.00,1.00
2015.10.26 07:35:59.953,1.49693,1.49719,1.37,1.00
2015.10.26 07:36:00.005,1.49691,1.49719,1.00,1.00
2015.10.26 07:36:01.571,1.49693,1.49719,1.00,1.00
2015.10.26 07:36:02.070,1.49695,1.4972,1.00,1.37
2015.10.26 07:36:04.591,1.49695,1.49721,1.00,1.87
2015.10.26 07:36:05.769,1.49696,1.49721,1.00,1.37
2015.10.26 07:36:06.382,1.49695,1.49721,1.00,1.50
2015.10.26 07:36:06.694,1.49696,1.49722,1.00,1.50
2015.10.26 07:36:08.761,1.49696,1.49722,1.00,1.75
2015.10.26 07:36:08.813,1.49692,1.49718,1.00,1.00
2015.10.26 07:36:12.685,1.49691,1.49717,1.00,1.12
2015.10.26 07:36:13.601,1.49691,1.49715,1.87,1.00
2015.10.26 07:36:13.856,1.49697,1.49723,1.00,1.37
2015.10.26 07:36:14.363,1.49695,1.49723,1.50,1.87
2015.10.26 07:36:14.414,1.49694,1.49721,1.00,1.37
2015.10.26 07:36:14.719,1.49693,1.49721,1.75,1.12
2015.10.26 07:36:14.822,1.49693,1.49721,1.75,1.12
2015.10.26 07:36:14.924,1.49703,1.49722,1.00,1.37
2015.10.26 07:36:15.027,1.49703,1.49725,1.00,2.25
2015.10.26 07:36:15.130,1.497,1.49725,1.00,2.25
2015.10.26 07:36:16.032,1.4971,1.49727,1.37,1.00
2015.10.26 07:36:16.084,1.49713,1.49739,1.00,1.50
2015.10.26 07:36:16.392,1.49711,1.49737,1.37,1.00
2015.10.26 07:36:16.699,1.49708,1.49734,1.37,1.00
2015.10.26 07:36:16.821,1.49707,1.49733,2.25,1.00
2015.10.26 07:36:17.258,1.49707,1.49729,1.50,1.00
2015.10.26 07:36:17.568,1.49705,1.49731,1.37,1.00
2015.10.26 07:36:17.621,1.49705,1.49731,1.00,1.00
2015.10.26 07:36:17.723,1.49706,1.49732,1.37,1.00
2015.10.26 07:36:18.031,1.49704,1.4973,1.75,1.00
2015.10.26 07:36:18.415,1.49703,1.49731,1.75,1.00
2015.10.26 07:36:18.926,1.49706,1.49732,1.00,1.00
2015.10.26 07:36:19.339,1.49708,1.49733,1.00,1.12
2015.10.26 07:36:19.785,1.49702,1.4973,1.75,1.00
2015.10.26 07:36:19.939,1.49702,1.4973,1.00,1.50
2015.10.26 07:36:21.205,1.49704,1.4973,1.00,1.50
2015.10.26 07:36:21.746,1.49701,1.49729,1.50,1.12
2015.10.26 07:36:22.257,1.49702,1.49728,1.00,1.00
2015.10.26 07:36:22.805,1.49702,1.4973,1.00,1.50
2015.10.26 07:36:23.312,1.49701,1.49728,1.00,1.00
2015.10.26 07:36:24.407,1.49701,1.49729,1.50,1.12
2015.10.26 07:36:25.786,1.49701,1.49729,1.84,1.12
2015.10.26 07:36:26.092,1.49709,1.49733,1.00,1.00
2015.10.26 07:36:26.143,1.49707,1.49733,1.00,1.50
2015.10.26 07:36:27.102,1.49706,1.49732,1.00,1.50
2015.10.26 07:36:27.626,1.49706,1.4973,1.00,1.00
2015.10.26 07:36:28.156,1.49706,1.49729,1.00,1.00
2015.10.26 07:36:29.886,1.49703,1.49729,1.00,1.00
2015.10.26 07:36:30.622,1.49704,1.4973,1.00,1.00
2015.10.26 07:36:30.673,1.49706,1.49732,1.00,1.87
2015.10.26 07:36:30.754,1.49703,1.49731,1.00,1.12
2015.10.26 07:36:31.135,1.49703,1.49729,1.00,1.00
2015.10.26 07:36:35.645,1.49702,1.49728,1.00,1.12
2015.10.26 07:36:35.748,1.497,1.49728,1.00,1.12
2015.10.26 07:36:35.952,1.49699,1.49725,1.12,1.00
2015.10.26 07:36:36.608,1.49698,1.49724,1.00,1.12
2015.10.26 07:36:37.186,1.49696,1.49724,1.37,1.12
2015.10.26 07:36:37.703,1.49697,1.49723,1.12,1.00
2015.10.26 07:36:38.584,1.49698,1.49724,1.00,1.12
2015.10.26 07:36:39.251,1.49697,1.49723,1.12,1.00
2015.10.26 07:36:39.785,1.49698,1.49726,1.00,1.50
2015.10.26 07:36:40.458,1.49695,1.49723,3.00,1.00
2015.10.26 07:36:40.765,1.49695,1.49721,3.00,1.00
2015.10.26 07:36:40.919,1.49698,1.49724,1.00,1.50
2015.10.26 07:36:41.226,1.497,1.49726,1.00,1.50
2015.10.26 07:36:41.597,1.49701,1.49727,1.00,1.00
2015.10.26 07:36:42.432,1.49699,1.49727,1.12,1.12
2015.10.26 07:36:42.587,1.49699,1.49727,1.00,1.75
2015.10.26 07:36:43.888,1.49697,1.49725,1.12,1.50
2015.10.26 07:36:44.093,1.49695,1.49721,2.25,1.00
2015.10.26 07:36:44.349,1.49695,1.4972,1.00,1.00
2015.10.26 07:36:44.863,1.49695,1.49721,1.00,1.12
2015.10.26 07:36:45.282,1.49696,1.49719,1.00,1.00
2015.10.26 07:36:45.435,1.49697,1.49723,1.00,1.75
2015.10.26 07:36:45.740,1.49695,1.49721,1.50,1.12
2015.10.26 07:36:46.188,1.49695,1.49718,1.00,1.00
2015.10.26 07:36:46.799,1.49695,1.49718,1.37,1.00
2015.10.26 07:36:46.850,1.49696,1.49723,1.75,1.00
2015.10.26 07:36:46.953,1.49697,1.49725,1.50,1.12
2015.10.26 07:36:47.004,1.49697,1.49725,1.50,1.00
2015.10.26 07:36:47.157,1.49703,1.49729,1.50,1.50
2015.10.26 07:36:47.576,1.49706,1.49729,1.84,1.00
2015.10.26 07:36:47.627,1.49711,1.49737,1.50,1.00
2015.10.26 07:36:47.831,1.49711,1.49739,1.50,1.00
2015.10.26 07:36:48.391,1.49713,1.49739,1.00,1.00
2015.10.26 07:36:48.697,1.49714,1.4974,1.75,1.00
2015.10.26 07:36:50.496,1.49716,1.49742,1.12,1.00
2015.10.26 07:36:51.195,1.49714,1.49742,1.37,1.37
2015.10.26 07:36:51.656,1.49717,1.49745,1.00,2.25
2015.10.26 07:36:52.788,1.49715,1.49741,1.00,1.50
2015.10.26 07:36:52.890,1.49713,1.49741,1.00,1.50
2015.10.26 07:36:52.993,1.49715,1.49741,1.00,1.50
2015.10.26 07:36:53.512,1.49714,1.4974,1.00,1.12
2015.10.26 07:36:54.047,1.49715,1.49741,1.00,1.50
2015.10.26 07:36:54.677,1.49715,1.49741,1.12,1.12
2015.10.26 07:36:55.529,1.49714,1.4974,1.37,1.00
2015.10.26 07:36:57.576,1.49714,1.4974,1.37,1.00
2015.10.26 07:36:57.627,1.49719,1.49742,1.00,1.00
2015.10.26 07:36:57.678,1.49719,1.49742,1.37,1.00
2015.10.26 07:36:57.730,1.49719,1.49746,1.37,1.00
2015.10.26 07:36:58.240,1.49722,1.49747,1.00,1.00
2015.10.26 07:36:58.842,1.49722,1.49746,1.00,1.00
2015.10.26 07:36:59.351,1.49722,1.49747,1.00,1.00
2015.10.26 07:37:01.051,1.49723,1.49749,1.00,1.50
2015.10.26 07:37:01.256,1.49728,1.49751,1.00,1.00
2015.10.26 07:37:01.308,1.49728,1.49754,1.00,1.50
2015.10.26 07:37:01.565,1.4973,1.49754,1.00,1.50
2015.10.26 07:37:02.689,1.49729,1.49754,1.00,1.00
2015.10.26 07:37:05.818,1.49729,1.49756,1.00,1.00
2015.10.26 07:37:05.869,1.49728,1.49754,1.00,1.00
2015.10.26 07:37:06.339,1.49727,1.49752,1.00,1.00
2015.10.26 07:37:06.544,1.49727,1.49755,1.50,1.00
2015.10.26 07:37:06.837,1.49727,1.49752,1.00,1.00
2015.10.26 07:37:07.293,1.49729,1.49755,1.00,1.75
2015.10.26 07:37:07.828,1.49728,1.49754,1.00,1.50
2015.10.26 07:37:09.150,1.49729,1.49755,1.00,1.75
2015.10.26 07:37:09.617,1.49732,1.49758,1.00,1.75
2015.10.26 07:37:09.668,1.49732,1.49758,1.00,1.12
2015.10.26 07:37:10.178,1.49733,1.49759,1.00,1.50
2015.10.26 07:37:10.498,1.4973,1.49758,1.00,1.12
2015.10.26 07:37:14.462,1.49732,1.49758,1.00,1.12
2015.10.26 07:37:16.734,1.4973,1.49758,1.00,1.12
2015.10.26 07:37:17.288,1.49729,1.49755,1.00,1.00
2015.10.26 07:37:17.595,1.49727,1.49753,1.00,1.50
2015.10.26 07:37:17.902,1.49726,1.49749,1.00,1.00
2015.10.26 07:37:18.538,1.49726,1.4975,1.00,1.00
2015.10.26 07:37:19.753,1.49726,1.4975,1.37,1.00
2015.10.26 07:37:20.383,1.49728,1.49754,1.00,1.00
2015.10.26 07:37:29.517,1.49729,1.49755,1.00,1.12
2015.10.26 07:37:30.068,1.49728,1.49754,1.00,1.00
2015.10.26 07:37:31.326,1.49728,1.49754,1.00,1.37
2015.10.26 07:37:41.159,1.49729,1.49756,1.00,1.00
2015.10.26 07:37:41.262,1.4973,1.49756,1.00,1.12
2015.10.26 07:37:41.731,1.4973,1.49758,1.00,1.87
2015.10.26 07:37:41.933,1.49732,1.49758,1.00,1.87
2015.10.26 07:37:42.035,1.49728,1.49756,1.00,1.50
2015.10.26 07:37:42.138,1.4973,1.49756,1.00,1.50
2015.10.26 07:37:44.007,1.49729,1.49755,1.00,1.12
2015.10.26 07:37:44.110,1.49727,1.49755,1.12,1.12
2015.10.26 07:37:44.365,1.49726,1.49752,1.00,1.37
2015.10.26 07:37:45.321,1.49724,1.4975,1.00,1.50
2015.10.26 07:37:45.886,1.49722,1.4975,1.00,1.50
2015.10.26 07:37:46.416,1.4973,1.49751,1.00,1.75
2015.10.26 07:37:46.946,1.4973,1.49751,1.00,1.00
2015.10.26 07:37:47.001,1.49732,1.49757,1.00,1.75
2015.10.26 07:37:47.420,1.49734,1.49757,1.00,1.75
2015.10.26 07:37:47.574,1.49735,1.49757,1.00,1.00
2015.10.26 07:37:48.853,1.49732,1.49757,1.00,1.00
2015.10.26 07:37:48.956,1.4973,1.49756,1.00,1.37
2015.10.26 07:37:49.264,1.49729,1.49755,1.00,1.75
2015.10.26 07:37:49.316,1.49726,1.49752,1.00,1.75
2015.10.26 07:37:49.418,1.49724,1.49752,1.00,1.75
2015.10.26 07:37:49.796,1.49722,1.4975,1.12,1.37
2015.10.26 07:37:50.541,1.4972,1.49746,1.50,1.00
2015.10.26 07:37:50.704,1.4972,1.49748,1.50,1.00
2015.10.26 07:37:51.253,1.49724,1.4975,1.00,1.37
2015.10.26 07:37:51.508,1.49722,1.4975,1.12,1.37
2015.10.26 07:37:51.610,1.49722,1.49747,1.00,1.00
2015.10.26 07:37:52.128,1.4972,1.49747,1.00,1.00
2015.10.26 07:37:52.642,1.4972,1.49746,1.00,1.00
2015.10.26 07:37:53.916,1.49718,1.49744,2.25,1.00
2015.10.26 07:37:54.233,1.49711,1.49737,1.50,1.00
2015.10.26 07:37:54.539,1.49708,1.49734,1.37,1.12
2015.10.26 07:37:54.701,1.49707,1.49733,1.50,1.00
2015.10.26 07:37:55.512,1.49705,1.49733,1.50,1.00
2015.10.26 07:37:57.316,1.49705,1.49731,1.50,1.00
2015.10.26 07:37:57.572,1.49702,1.4973,1.50,1.00
2015.10.26 07:37:58.078,1.49703,1.49731,1.00,1.50
2015.10.26 07:37:58.231,1.49705,1.49731,1.00,1.50
2015.10.26 07:37:58.667,1.49703,1.49729,1.00,1.00
2015.10.26 07:37:58.973,1.49702,1.49727,1.00,1.00
2015.10.26 07:37:59.177,1.49702,1.4973,1.50,1.00
2015.10.26 07:37:59.726,1.49704,1.4973,1.00,1.00
2015.10.26 07:38:00.160,1.49704,1.4973,1.75,1.00
2015.10.26 07:38:00.572,1.49706,1.49734,1.50,1.12
2015.10.26 07:38:01.889,1.49705,1.49733,1.75,1.00
2015.10.26 07:38:02.143,1.49705,1.49731,1.75,1.00
2015.10.26 07:38:03.534,1.49712,1.49735,1.00,1.00
2015.10.26 07:38:03.687,1.49713,1.49739,1.00,1.37
2015.10.26 07:38:03.739,1.49713,1.49739,1.00,1.00
2015.10.26 07:38:04.147,1.49715,1.49739,1.00,1.00
2015.10.26 07:38:04.864,1.49716,1.49739,1.00,1.00
2015.10.26 07:38:05.158,1.49712,1.49737,1.00,1.00
2015.10.26 07:38:05.832,1.49712,1.49739,1.00,1.75
2015.10.26 07:38:07.360,1.49714,1.49739,1.00,1.75
2015.10.26 07:38:07.411,1.49714,1.49738,1.00,1.00
2015.10.26 07:38:07.565,1.49711,1.49738,1.00,1.00
2015.10.26 07:38:07.668,1.49713,1.49738,1.00,1.00
2015.10.26 07:38:08.598,1.49716,1.49742,1.00,1.50
2015.10.26 07:38:08.701,1.49714,1.49742,1.00,1.50
2015.10.26 07:38:09.009,1.49714,1.4974,1.00,1.75
2015.10.26 07:38:09.503,1.49713,1.49741,1.37,1.87
2015.10.26 07:38:10.014,1.49715,1.49741,1.00,1.12
2015.10.26 07:38:10.730,1.49714,1.49741,1.12,1.12
2015.10.26 07:38:10.782,1.49716,1.49741,1.12,1.00
2015.10.26 07:38:11.649,1.49717,1.49741,1.00,1.00
2015.10.26 07:38:12.196,1.49716,1.49741,1.12,1.00
2015.10.26 07:38:12.847,1.49715,1.49741,1.00,1.12
2015.10.26 07:38:14.917,1.49716,1.49741,1.00,1.12
2015.10.26 07:38:15.402,1.49712,1.4974,1.50,1.00
2015.10.26 07:38:15.607,1.4971,1.49738,2.25,1.00
2015.10.26 07:38:15.863,1.49714,1.4974,1.00,1.00
2015.10.26 07:38:15.914,1.49717,1.49741,1.00,1.50
2015.10.26 07:38:17.021,1.49715,1.49741,1.37,1.12
2015.10.26 07:38:17.543,1.49715,1.49741,1.00,1.50
2015.10.26 07:38:18.877,1.49713,1.49739,1.12,1.00
2015.10.26 07:38:19.393,1.49713,1.49739,1.00,1.37
2015.10.26 07:38:20.020,1.49712,1.4974,1.00,1.50
2015.10.26 07:38:21.591,1.4971,1.49738,1.87,1.12
2015.10.26 07:38:22.202,1.49711,1.49739,1.50,1.37
2015.10.26 07:38:22.406,1.49713,1.49739,1.00,1.37
2015.10.26 07:38:22.630,1.49713,1.4974,1.12,1.00
2015.10.26 07:38:23.262,1.49713,1.49739,1.12,1.00
2015.10.26 07:38:23.772,1.49711,1.49737,2.25,1.00
2015.10.26 07:38:24.284,1.49712,1.49738,1.50,1.00
2015.10.26 07:38:26.139,1.49711,1.49734,1.75,1.00
2015.10.26 07:38:26.242,1.49711,1.49734,1.00,1.00
2015.10.26 07:38:26.497,1.49706,1.49734,2.25,1.00
2015.10.26 07:38:26.600,1.49708,1.49736,1.37,1.12
2015.10.26 07:38:27.494,1.49711,1.49736,1.00,1.12
2015.10.26 07:38:28.131,1.49708,1.49736,1.37,1.12
2015.10.26 07:38:28.234,1.49707,1.49733,1.50,1.00
2015.10.26 07:38:28.745,1.49706,1.49732,2.25,1.00
2015.10.26 07:38:29.691,1.49706,1.49731,1.75,1.00
2015.10.26 07:38:29.743,1.49706,1.49731,1.50,1.00
2015.10.26 07:38:29.896,1.497,1.49728,1.75,1.00
2015.10.26 07:38:29.948,1.497,1.49728,1.75,1.00
2015.10.26 07:38:30.000,1.497,1.49726,1.75,1.37
2015.10.26 07:38:30.051,1.497,1.49726,1.00,1.37
2015.10.26 07:38:30.154,1.49703,1.49726,1.00,1.37
2015.10.26 07:38:30.664,1.49711,1.49732,1.00,1.00
2015.10.26 07:38:30.715,1.49711,1.49736,1.50,1.00
2015.10.26 07:38:30.971,1.49714,1.49736,1.00,1.00
2015.10.26 07:38:31.227,1.49712,1.49736,1.12,1.00
2015.10.26 07:38:31.381,1.49712,1.49739,1.12,1.50
2015.10.26 07:38:32.144,1.49712,1.49739,1.12,1.00
2015.10.26 07:38:32.647,1.49712,1.49738,1.12,1.00
2015.10.26 07:38:33.272,1.49712,1.49739,1.12,1.00
2015.10.26 07:38:37.391,1.49715,1.49739,1.00,1.00
2015.10.26 07:38:38.368,1.49713,1.49739,1.00,1.00
2015.10.26 07:38:41.874,1.49712,1.49738,1.12,1.00
2015.10.26 07:38:50.807,1.49711,1.49737,1.37,1.00
2015.10.26 07:38:51.893,1.49711,1.49737,1.12,1.00
2015.10.26 07:38:52.790,1.49711,1.49739,1.12,2.25
2015.10.26 07:38:58.366,1.49711,1.49735,1.12,1.00
2015.10.26 07:38:58.908,1.49712,1.49738,1.00,1.12
2015.10.26 07:38:59.419,1.49711,1.49739,1.12,2.25
2015.10.26 07:39:02.994,1.49711,1.49736,1.12,1.00
2015.10.26 07:39:03.199,1.49707,1.49733,1.00,1.00
2015.10.26 07:39:03.886,1.49706,1.49732,1.87,1.00
2015.10.26 07:39:06.110,1.49707,1.49735,1.00,1.50
2015.10.26 07:39:08.580,1.49705,1.49733,2.25,1.00
2015.10.26 07:39:09.633,1.49704,1.49732,1.37,1.12
2015.10.26 07:39:09.735,1.49707,1.49733,1.00,1.75
2015.10.26 07:39:09.939,1.49705,1.49733,1.00,1.75
2015.10.26 07:39:10.092,1.49705,1.49732,1.00,1.00
2015.10.26 07:39:10.143,1.49707,1.49732,1.00,1.00
2015.10.26 07:39:10.886,1.49707,1.49727,1.00,1.00
2015.10.26 07:39:10.938,1.49701,1.49727,1.00,2.25
2015.10.26 07:39:12.836,1.49698,1.49724,1.50,1.00
2015.10.26 07:39:13.361,1.49698,1.49722,1.00,1.00
2015.10.26 07:39:14.315,1.49695,1.49721,1.37,1.00
2015.10.26 07:39:14.366,1.49695,1.49721,1.12,1.00
2015.10.26 07:39:14.571,1.49693,1.49717,1.50,1.00
2015.10.26 07:39:14.623,1.49693,1.49717,1.12,1.00
2015.10.26 07:39:14.674,1.49693,1.49719,1.00,1.00
2015.10.26 07:39:15.119,1.49695,1.4972,1.00,1.00
2015.10.26 07:39:15.661,1.49695,1.49719,1.00,1.00
2015.10.26 07:39:18.483,1.49695,1.4972,1.00,1.00
2015.10.26 07:39:19.062,1.49696,1.49721,1.00,1.50
2015.10.26 07:39:19.215,1.49693,1.49721,1.00,1.50
2015.10.26 07:39:19.521,1.49695,1.49721,1.00,1.00
2015.10.26 07:39:20.148,1.49694,1.4972,1.12,1.00
2015.10.26 07:39:21.488,1.49696,1.4972,1.00,1.50
2015.10.26 07:39:21.812,1.49694,1.4972,1.00,1.50
2015.10.26 07:39:22.837,1.49696,1.4972,1.00,1.50
2015.10.26 07:39:23.242,1.49694,1.4972,1.00,1.50
2015.10.26 07:39:28.694,1.49695,1.4972,1.00,1.00
2015.10.26 07:39:32.301,1.49697,1.4972,1.00,1.00
2015.10.26 07:39:32.406,1.49697,1.49724,1.00,1.50
2015.10.26 07:39:32.611,1.49699,1.49724,1.00,1.50
2015.10.26 07:39:33.768,1.49701,1.49724,1.00,1.50
2015.10.26 07:39:34.672,1.49699,1.49724,1.00,1.50
2015.10.26 07:39:34.774,1.49701,1.49724,1.00,1.00
2015.10.26 07:39:35.738,1.49707,1.49728,1.00,1.00
2015.10.26 07:39:35.790,1.49707,1.4973,1.00,1.00
2015.10.26 07:39:36.320,1.49705,1.4973,1.00,1.00
2015.10.26 07:39:37.213,1.49706,1.4973,1.00,1.00
2015.10.26 07:39:37.727,1.49707,1.4973,1.00,1.00
2015.10.26 07:39:38.273,1.49706,1.4973,1.00,1.00
2015.10.26 07:39:38.815,1.49705,1.4973,1.00,1.00
2015.10.26 07:39:39.050,1.49703,1.4973,1.00,1.00
2015.10.26 07:39:40.639,1.49701,1.49727,1.00,1.12
2015.10.26 07:39:40.792,1.49698,1.49726,1.37,1.00
2015.10.26 07:39:41.316,1.49697,1.49725,2.25,1.00
2015.10.26 07:39:42.582,1.49697,1.49722,1.00,1.00
2015.10.26 07:39:42.786,1.49695,1.49721,1.50,1.00
2015.10.26 07:39:43.317,1.49693,1.49719,1.37,1.12
2015.10.26 07:39:43.371,1.49693,1.49719,1.00,1.50
2015.10.26 07:39:43.577,1.49695,1.49719,1.00,1.00
2015.10.26 07:39:44.098,1.49694,1.49719,1.00,1.00
2015.10.26 07:39:45.077,1.49691,1.49716,1.00,1.12
2015.10.26 07:39:45.614,1.4969,1.49716,1.00,1.87
2015.10.26 07:39:47.447,1.49691,1.49716,1.00,1.12
2015.10.26 07:39:48.107,1.49693,1.49716,1.00,1.00
2015.10.26 07:39:48.158,1.49693,1.49718,1.00,1.12
2015.10.26 07:39:49.527,1.49692,1.49718,1.00,1.87
2015.10.26 07:39:50.117,1.49691,1.49717,1.00,1.00
2015.10.26 07:39:50.273,1.49693,1.49718,1.00,1.12
2015.10.26 07:39:50.984,1.49694,1.49718,1.00,1.12
2015.10.26 07:39:53.834,1.49693,1.49718,1.00,1.12
2015.10.26 07:39:55.260,1.49692,1.49718,1.00,1.87
2015.10.26 07:39:56.678,1.49692,1.49718,1.00,2.25
2015.10.26 07:39:57.212,1.49687,1.49715,1.37,1.12
2015.10.26 07:39:57.314,1.49687,1.49713,1.00,1.37
2015.10.26 07:39:57.468,1.49685,1.49713,1.00,1.37
2015.10.26 07:39:57.520,1.49685,1.49713,1.00,1.75
2015.10.26 07:39:58.150,1.49686,1.49712,1.00,1.75
2015.10.26 07:39:58.667,1.49687,1.49713,1.00,1.75
2015.10.26 07:39:59.518,1.49687,1.49713,1.00,1.75
2015.10.26 07:40:00.428,1.49685,1.49713,1.00,1.75
2015.10.26 07:40:01.165,1.49687,1.49713,1.00,1.75
2015.10.26 07:40:01.953,1.49686,1.49712,1.00,1.50
2015.10.26 07:40:02.683,1.49687,1.49713,1.00,1.87
2015.10.26 07:40:02.857,1.49685,1.49713,1.00,1.87
2015.10.26 07:40:03.410,1.49686,1.49712,1.00,1.50
2015.10.26 07:40:04.616,1.49685,1.49711,1.00,1.12
2015.10.26 07:40:04.821,1.49685,1.49711,1.00,1.50
2015.10.26 07:40:05.343,1.49683,1.49709,1.50,1.12
2015.10.26 07:40:05.865,1.49685,1.49711,1.00,1.50
2015.10.26 07:40:07.441,1.49691,1.49714,1.00,1.00
2015.10.26 07:40:07.596,1.49691,1.49718,1.00,1.37
2015.10.26 07:40:07.698,1.49692,1.49718,1.00,1.00
2015.10.26 07:40:09.034,1.49695,1.49718,1.00,1.00
2015.10.26 07:40:10.831,1.49694,1.49718,1.00,1.00
2015.10.26 07:40:11.417,1.49695,1.49718,1.00,1.00
2015.10.26 07:40:12.019,1.49694,1.49718,1.00,1.00
2015.10.26 07:40:12.073,1.49694,1.4972,1.00,2.25
2015.10.26 07:40:12.715,1.49696,1.4972,1.00,2.25
2015.10.26 07:40:13.240,1.49696,1.49719,1.00,1.00
2015.10.26 07:40:13.972,1.49698,1.49719,1.00,1.00
2015.10.26 07:40:14.284,1.49696,1.4972,1.00,1.12
2015.10.26 07:40:14.793,1.49697,1.4972,1.00,1.00
2015.10.26 07:40:15.478,1.49698,1.4972,1.12,1.00
2015.10.26 07:40:19.353,1.49698,1.49724,1.12,1.87
2015.10.26 07:40:19.774,1.49695,1.49722,1.00,1.37
2015.10.26 07:40:20.235,1.49691,1.49717,1.00,1.00
2015.10.26 07:40:20.441,1.49689,1.49714,1.00,1.00
2015.10.26 07:40:20.852,1.49687,1.49715,1.12,1.50
2015.10.26 07:40:22.154,1.49687,1.49715,1.12,2.25
2015.10.26 07:40:23.751,1.49685,1.49713,2.25,1.00
2015.10.26 07:40:28.594,1.49688,1.49714,1.00,1.50
2015.10.26 07:40:32.517,1.49688,1.49715,1.00,1.12
2015.10.26 07:40:32.773,1.49692,1.49718,1.00,1.87
2015.10.26 07:40:33.644,1.49694,1.4972,1.00,2.25
2015.10.26 07:40:34.160,1.49695,1.4972,1.00,1.00
2015.10.26 07:40:34.832,1.49695,1.49721,1.00,1.87
2015.10.26 07:40:34.884,1.49695,1.49721,1.37,1.50
2015.10.26 07:40:35.461,1.49693,1.49718,1.09,1.00
2015.10.26 07:40:35.666,1.49711,1.49734,1.12,1.37
2015.10.26 07:40:35.718,1.49714,1.49734,1.00,1.37
2015.10.26 07:40:35.871,1.49714,1.49734,1.37,1.00
2015.10.26 07:40:35.923,1.49714,1.49738,1.50,1.87
2015.10.26 07:40:36.581,1.49717,1.49738,1.00,1.00
2015.10.26 07:40:37.712,1.49717,1.4974,1.00,1.00
2015.10.26 07:40:40.336,1.49717,1.49741,1.00,1.00
2015.10.26 07:40:41.050,1.49717,1.49741,1.00,1.37
2015.10.26 07:40:41.549,1.49715,1.49741,1.12,1.87
2015.10.26 07:40:46.489,1.49715,1.49741,1.50,1.37
2015.10.26 07:40:47.041,1.49716,1.49742,1.75,1.87
2015.10.26 07:40:47.626,1.49716,1.49734,1.00,1.00
2015.10.26 07:40:48.138,1.49714,1.49734,1.50,1.00
2015.10.26 07:40:50.419,1.49711,1.49734,1.50,1.00
2015.10.26 07:40:51.410,1.49709,1.49734,1.00,1.00
2015.10.26 07:40:53.745,1.49708,1.49734,1.00,1.12
2015.10.26 07:40:53.902,1.49713,1.49734,1.00,1.00
2015.10.26 07:40:54.471,1.49713,1.49735,1.00,1.00
2015.10.26 07:40:56.421,1.49713,1.49734,1.00,1.00
2015.10.26 07:40:58.620,1.49713,1.49735,1.00,1.00
2015.10.26 07:41:01.897,1.49713,1.49734,1.00,1.00
2015.10.26 07:41:04.363,1.49713,1.49738,1.00,1.12
2015.10.26 07:41:04.813,1.49714,1.49734,1.00,1.00
2015.10.26 07:41:04.864,1.49715,1.49738,1.00,1.12
2015.10.26 07:41:05.526,1.49715,1.49734,1.00,1.00
2015.10.26 07:41:06.220,1.49716,1.49734,1.00,1.00
2015.10.26 07:41:06.674,1.49716,1.49738,1.00,1.12
2015.10.26 07:41:07.202,1.49717,1.49735,1.00,1.00
2015.10.26 07:41:07.744,1.49716,1.49735,1.00,1.00
2015.10.26 07:41:09.415,1.49716,1.49734,1.00,1.00
2015.10.26 07:41:17.063,1.49714,1.49734,1.00,1.00
2015.10.26 07:41:17.591,1.49713,1.49734,1.00,1.00
2015.10.26 07:41:18.316,1.49711,1.49734,1.00,1.00
2015.10.26 07:41:20.473,1.49712,1.49734,1.00,1.00
2015.10.26 07:41:20.591,1.49712,1.4973,1.00,1.00
2015.10.26 07:41:21.249,1.49712,1.4973,1.34,1.00
2015.10.26 07:41:21.301,1.49712,1.49734,1.34,1.00
2015.10.26 07:41:21.353,1.49722,1.49734,1.00,1.00
2015.10.26 07:41:21.855,1.49722,1.49739,1.00,1.37
2015.10.26 07:41:22.058,1.49722,1.49739,1.00,1.00
2015.10.26 07:41:22.602,1.49721,1.49739,1.00,1.00
2015.10.26 07:41:23.294,1.49713,1.49735,1.37,1.00
2015.10.26 07:41:23.456,1.49708,1.49729,1.50,1.00
2015.10.26 07:41:23.558,1.49712,1.49729,1.00,1.00
2015.10.26 07:41:23.712,1.49707,1.49729,1.00,1.00
2015.10.26 07:41:23.814,1.49704,1.49729,1.37,1.12
2015.10.26 07:41:25.046,1.49704,1.49725,1.00,1.00
2015.10.26 07:41:25.580,1.49704,1.49729,1.00,1.12
2015.10.26 07:41:27.034,1.49704,1.49729,1.00,1.50
2015.10.26 07:41:28.070,1.49704,1.49725,1.00,1.00
2015.10.26 07:41:28.853,1.49702,1.49725,1.12,1.00
2015.10.26 07:41:30.102,1.49699,1.49724,1.75,1.00
2015.10.26 07:41:31.372,1.49698,1.49725,1.75,1.00
2015.10.26 07:41:31.919,1.49698,1.49724,1.75,1.00
2015.10.26 07:41:37.190,1.49698,1.49724,1.50,1.87
2015.10.26 07:41:37.241,1.49698,1.49724,1.12,1.87
2015.10.26 07:41:38.003,1.49697,1.49723,1.87,1.00
2015.10.26 07:41:38.120,1.49697,1.49723,2.21,1.00
2015.10.26 07:41:38.427,1.49704,1.4973,1.00,1.37
2015.10.26 07:41:38.733,1.49706,1.49728,1.00,1.37
2015.10.26 07:41:39.359,1.497,1.49726,1.00,1.37
2015.10.26 07:41:39.986,1.49704,1.49728,1.00,1.12
2015.10.26 07:41:40.089,1.49704,1.49728,1.00,1.37
2015.10.26 07:41:40.738,1.49704,1.49728,1.00,1.00
2015.10.26 07:41:40.993,1.49704,1.49731,1.00,1.87
2015.10.26 07:41:42.601,1.49702,1.4973,1.50,1.12
2015.10.26 07:41:43.461,1.49706,1.49731,1.00,1.37
2015.10.26 07:41:44.096,1.49708,1.49731,1.12,1.00
2015.10.26 07:41:44.606,1.49709,1.49735,1.12,1.00
2015.10.26 07:41:48.189,1.4971,1.49735,1.00,1.00
2015.10.26 07:41:48.854,1.49711,1.49735,1.00,1.00
2015.10.26 07:41:49.655,1.49709,1.49735,1.12,1.50
2015.10.26 07:41:49.757,1.49706,1.49732,1.75,1.00
2015.10.26 07:41:49.911,1.49704,1.4973,1.12,1.00
2015.10.26 07:41:50.339,1.49704,1.49728,1.12,1.00
2015.10.26 07:41:50.391,1.49699,1.49727,1.37,1.00
2015.10.26 07:41:50.748,1.49702,1.49728,1.00,1.87
2015.10.26 07:41:51.310,1.49701,1.49729,1.00,1.37
2015.10.26 07:41:51.762,1.49704,1.4973,1.00,1.50
2015.10.26 07:41:51.818,1.49707,1.49734,1.12,1.00
2015.10.26 07:41:52.337,1.49708,1.49734,1.00,1.00
2015.10.26 07:41:53.531,1.49709,1.49734,1.00,1.00
2015.10.26 07:41:53.583,1.49711,1.49734,1.00,1.00
2015.10.26 07:41:53.891,1.49709,1.49732,1.37,1.00
2015.10.26 07:41:53.942,1.49709,1.49732,1.00,1.00
2015.10.26 07:41:54.056,1.49706,1.49732,1.00,1.00
2015.10.26 07:41:54.566,1.49706,1.49731,1.00,1.00
2015.10.26 07:41:54.972,1.49704,1.4973,1.00,1.00
2015.10.26 07:41:55.024,1.49704,1.49727,1.00,1.00
2015.10.26 07:41:55.534,1.49703,1.49727,1.00,1.00
2015.10.26 07:41:56.078,1.49702,1.49727,1.00,1.00
2015.10.26 07:41:57.258,1.49702,1.49725,1.00,1.00
2015.10.26 07:41:57.361,1.49702,1.49728,1.00,1.87
2015.10.26 07:41:57.463,1.49704,1.49728,1.00,1.12
2015.10.26 07:41:58.460,1.49704,1.4973,1.00,1.50
2015.10.26 07:41:59.316,1.49704,1.49729,1.00,1.00
2015.10.26 07:42:00.031,1.49702,1.49729,1.00,1.00
2015.10.26 07:42:00.532,1.49701,1.49728,1.00,1.00
2015.10.26 07:42:01.186,1.49701,1.49727,1.00,1.00
2015.10.26 07:42:03.949,1.49699,1.49727,1.00,1.00
2015.10.26 07:42:04.051,1.49699,1.49725,1.00,1.00
2015.10.26 07:42:04.715,1.49699,1.49726,1.00,1.00
2015.10.26 07:42:05.216,1.49699,1.49725,1.00,1.00
2015.10.26 07:42:05.926,1.497,1.49726,1.00,1.50
2015.10.26 07:42:09.541,1.497,1.49727,1.00,1.00
2015.10.26 07:42:09.860,1.49699,1.49725,1.00,1.00
2015.10.26 07:42:11.107,1.49699,1.49724,1.00,1.00
2015.10.26 07:42:13.756,1.49698,1.49724,1.00,1.50
2015.10.26 07:42:15.910,1.49698,1.49722,1.00,1.00
2015.10.26 07:42:16.434,1.49693,1.49721,1.75,1.00
2015.10.26 07:42:18.790,1.49697,1.49723,1.00,1.00
2015.10.26 07:42:18.893,1.49692,1.49718,1.75,1.00
2015.10.26 07:42:18.944,1.49692,1.49718,1.50,1.00
2015.10.26 07:42:20.205,1.49685,1.4971,1.87,1.00
2015.10.26 07:42:20.258,1.49682,1.4971,1.50,1.00
2015.10.26 07:42:21.217,1.49683,1.49709,1.12,1.00
2015.10.26 07:42:21.727,1.49682,1.49708,1.00,1.00
2015.10.26 07:42:21.880,1.49679,1.49707,1.37,1.12
2015.10.26 07:42:22.289,1.49681,1.49707,1.75,1.00
2015.10.26 07:42:22.442,1.49682,1.4971,1.50,1.12
2015.10.26 07:42:25.961,1.49684,1.49711,1.00,1.50
2015.10.26 07:42:29.136,1.49686,1.49711,1.00,1.50
2015.10.26 07:42:29.655,1.49686,1.49709,1.00,1.00
2015.10.26 07:42:30.190,1.49686,1.4971,1.00,1.12
2015.10.26 07:42:30.794,1.49686,1.49709,1.00,1.00
2015.10.26 07:42:32.552,1.49685,1.49709,1.00,1.00
2015.10.26 07:42:33.362,1.49686,1.49709,1.00,1.00
2015.10.26 07:42:33.932,1.49687,1.49709,1.00,1.00
2015.10.26 07:42:38.923,1.49686,1.49709,1.00,1.00
2015.10.26 07:42:40.764,1.49691,1.49709,1.00,1.00
2015.10.26 07:42:40.816,1.49694,1.49717,1.00,1.00
2015.10.26 07:42:40.867,1.49694,1.4972,1.00,2.25
2015.10.26 07:42:41.375,1.49695,1.4972,1.00,1.50
2015.10.26 07:42:42.627,1.49694,1.49719,1.00,1.00
2015.10.26 07:42:43.218,1.49693,1.49719,1.00,1.50
2015.10.26 07:42:48.601,1.49695,1.49721,1.00,1.50
2015.10.26 07:42:48.703,1.49697,1.49723,1.00,1.87
2015.10.26 07:42:49.289,1.49698,1.49726,1.00,1.37
2015.10.26 07:42:49.344,1.49698,1.49726,1.12,1.00
2015.10.26 07:42:49.395,1.49698,1.49724,1.12,1.00
2015.10.26 07:42:49.600,1.497,1.49728,1.00,3.00
2015.10.26 07:42:50.115,1.49701,1.49728,1.00,2.25
2015.10.26 07:42:55.429,1.497,1.49728,1.00,3.00
2015.10.26 07:42:56.939,1.49702,1.49727,1.00,1.12
2015.10.26 07:42:57.092,1.49699,1.49727,1.00,1.87
2015.10.26 07:42:57.511,1.49697,1.49723,1.50,1.00
2015.10.26 07:42:57.664,1.49696,1.49722,1.12,1.00
2015.10.26 07:42:58.324,1.49696,1.49724,1.12,1.50
2015.10.26 07:42:59.846,1.497,1.49726,1.00,1.12
2015.10.26 07:43:00.158,1.49698,1.49724,1.50,1.00
2015.10.26 07:43:00.694,1.49697,1.49724,1.50,1.00
2015.10.26 07:43:01.454,1.49696,1.49722,1.75,1.00
2015.10.26 07:43:01.761,1.49695,1.49721,1.00,1.50
2015.10.26 07:43:01.999,1.49694,1.49719,1.12,1.00
2015.10.26 07:43:05.961,1.49697,1.49719,1.00,1.00
2015.10.26 07:43:06.066,1.49697,1.49723,1.00,1.12
2015.10.26 07:43:06.117,1.49697,1.49723,1.00,1.50
2015.10.26 07:43:06.800,1.49694,1.4972,1.00,1.00
2015.10.26 07:43:07.423,1.49695,1.4972,1.00,1.00
2015.10.26 07:43:14.776,1.49697,1.4972,1.00,1.00
2015.10.26 07:43:15.011,1.49695,1.4972,1.00,1.00
2015.10.26 07:43:19.310,1.49694,1.49719,1.00,1.00
2015.10.26 07:43:19.513,1.49691,1.49717,1.50,1.00
2015.10.26 07:43:19.719,1.49691,1.49713,1.00,1.00
2015.10.26 07:43:19.822,1.49685,1.49711,1.00,1.00
2015.10.26 07:43:20.348,1.49684,1.4971,1.00,1.00
2015.10.26 07:43:21.142,1.49685,1.49711,1.37,1.00
2015.10.26 07:43:21.467,1.49685,1.49711,1.75,1.50
2015.10.26 07:43:31.912,1.49688,1.49714,1.12,1.00
2015.10.26 07:43:31.964,1.4969,1.49714,1.00,1.00
2015.10.26 07:43:32.633,1.49689,1.49714,1.00,1.37
2015.10.26 07:43:32.889,1.49693,1.49719,1.50,1.00
2015.10.26 07:43:32.941,1.49696,1.49722,1.00,3.75
2015.10.26 07:43:33.043,1.49694,1.4972,1.12,1.00
2015.10.26 07:43:33.248,1.49692,1.49718,1.75,1.00
2015.10.26 07:43:33.861,1.49689,1.49717,1.75,1.00
2015.10.26 07:43:34.372,1.49692,1.49718,1.75,1.50
2015.10.26 07:43:35.588,1.4969,1.49717,1.37,1.00
2015.10.26 07:43:36.014,1.49691,1.49718,1.37,1.37
2015.10.26 07:43:36.218,1.49688,1.49715,1.00,1.37
2015.10.26 07:43:37.088,1.49689,1.49715,1.00,1.87
2015.10.26 07:43:37.760,1.4969,1.49715,1.00,1.37
2015.10.26 07:43:38.688,1.49689,1.49715,1.12,1.50
2015.10.26 07:43:40.099,1.49688,1.49714,1.50,1.00
2015.10.26 07:43:41.536,1.49688,1.49715,1.50,1.50
2015.10.26 07:43:47.854,1.49685,1.49713,1.75,1.00
2015.10.26 07:43:48.365,1.49686,1.49714,1.75,1.00
2015.10.26 07:43:48.673,1.49685,1.49711,1.50,1.00
2015.10.26 07:43:48.725,1.49685,1.49711,1.12,1.00
2015.10.26 07:43:48.936,1.49684,1.4971,1.50,1.00
2015.10.26 07:43:49.319,1.49681,1.49707,1.50,1.00
2015.10.26 07:43:49.371,1.49681,1.49707,1.12,1.00
2015.10.26 07:43:49.899,1.49682,1.49708,1.00,1.00
2015.10.26 07:43:50.460,1.4968,1.49708,1.50,1.00
2015.10.26 07:43:53.280,1.4968,1.49708,1.84,1.00
2015.10.26 07:43:53.586,1.49685,1.49713,1.87,1.37
2015.10.26 07:43:53.892,1.49684,1.49708,1.37,1.00
2015.10.26 07:43:53.944,1.49684,1.49708,1.00,1.00
2015.10.26 07:43:54.388,1.49681,1.49707,2.59,1.00
2015.10.26 07:43:54.894,1.49679,1.49707,1.12,1.50
2015.10.26 07:43:54.946,1.49676,1.49702,2.25,1.00
2015.10.26 07:43:55.100,1.49676,1.49701,1.00,1.00
2015.10.26 07:43:55.151,1.49674,1.49701,1.00,1.00
2015.10.26 07:43:55.253,1.49671,1.49699,1.84,1.12
2015.10.26 07:43:55.305,1.49671,1.49699,1.12,1.12
2015.10.26 07:43:56.222,1.49669,1.49695,1.75,1.00
2015.10.26 07:43:56.979,1.49669,1.49695,1.37,1.00
2015.10.26 07:43:57.237,1.49662,1.4969,1.37,1.00
2015.10.26 07:43:57.288,1.49662,1.4969,1.00,1.37
2015.10.26 07:43:57.796,1.49659,1.49685,1.12,1.12
2015.10.26 07:43:57.848,1.49657,1.49685,1.00,1.50
2015.10.26 07:43:58.001,1.49655,1.4968,1.00,1.00
2015.10.26 07:43:59.231,1.49656,1.49684,1.00,1.75
2015.10.26 07:44:00.459,1.49653,1.49681,1.00,1.50
2015.10.26 07:44:01.133,1.49654,1.4968,1.00,1.12
2015.10.26 07:44:02.400,1.49652,1.4968,1.87,1.12
2015.10.26 07:44:02.910,1.49653,1.49681,1.00,1.50
2015.10.26 07:44:03.514,1.49652,1.49678,1.87,1.00
2015.10.26 07:44:03.567,1.49653,1.49681,1.00,1.50
2015.10.26 07:44:03.620,1.49655,1.49681,1.00,1.50
2015.10.26 07:44:05.507,1.49653,1.49681,1.00,1.50
2015.10.26 07:44:06.054,1.49653,1.49679,1.00,1.00
2015.10.26 07:44:06.924,1.4965,1.49676,1.75,1.00
2015.10.26 07:44:07.386,1.49656,1.49679,1.00,1.00
2015.10.26 07:44:07.693,1.49658,1.49683,1.00,1.12
2015.10.26 07:44:08.241,1.49659,1.49684,1.00,1.87
2015.10.26 07:44:10.903,1.49658,1.49684,1.00,3.37
2015.10.26 07:44:15.370,1.49656,1.49684,1.00,3.75
2015.10.26 07:44:15.523,1.49656,1.49682,1.00,1.75
2015.10.26 07:44:16.032,1.49655,1.49681,1.00,1.75
2015.10.26 07:44:20.449,1.49656,1.49678,1.00,1.00
2015.10.26 07:44:20.806,1.49654,1.49678,1.00,1.00
2015.10.26 07:44:21.124,1.49652,1.49678,1.00,2.25
2015.10.26 07:44:22.901,1.49652,1.49678,1.37,1.87
2015.10.26 07:44:25.740,1.49655,1.49678,1.00,1.12
2015.10.26 07:44:25.995,1.49659,1.49684,1.00,1.00
2015.10.26 07:44:26.540,1.4966,1.49684,1.00,1.00
2015.10.26 07:44:27.729,1.49658,1.49684,1.00,1.00
2015.10.26 07:44:28.759,1.49654,1.4968,1.37,1.00
2015.10.26 07:44:28.811,1.49654,1.4968,1.00,1.00
2015.10.26 07:44:31.146,1.49652,1.49678,1.00,1.00
2015.10.26 07:44:31.403,1.49648,1.49676,1.37,1.00
2015.10.26 07:44:32.155,1.49648,1.49674,1.37,1.00
2015.10.26 07:44:37.453,1.49648,1.49674,1.37,1.00
2015.10.26 07:44:37.505,1.49649,1.49677,1.75,1.00
2015.10.26 07:44:38.081,1.49652,1.4968,1.75,1.00
2015.10.26 07:44:38.632,1.49653,1.49681,1.75,1.00
2015.10.26 07:44:40.227,1.49654,1.4968,1.75,1.00
2015.10.26 07:44:40.783,1.49653,1.49679,1.75,1.00
2015.10.26 07:44:42.065,1.49651,1.49679,1.50,1.00
2015.10.26 07:44:42.218,1.49653,1.49679,1.00,1.00
2015.10.26 07:44:46.842,1.49652,1.49678,1.00,1.00
2015.10.26 07:44:49.136,1.49651,1.49678,1.00,1.00
2015.10.26 07:44:49.714,1.49652,1.49678,1.00,1.00
2015.10.26 07:44:49.816,1.49652,1.4968,1.00,1.50
2015.10.26 07:44:50.016,1.49652,1.49678,1.00,1.00
2015.10.26 07:44:50.455,1.49651,1.49676,1.00,1.00
2015.10.26 07:44:55.196,1.49652,1.49678,1.00,1.00
2015.10.26 07:44:58.051,1.49651,1.49677,1.00,1.00
2015.10.26 07:44:58.574,1.4965,1.49678,1.37,1.37
2015.10.26 07:44:58.627,1.49647,1.49673,1.87,1.00
2015.10.26 07:44:59.135,1.49647,1.49673,1.00,1.37
2015.10.26 07:44:59.188,1.49644,1.49672,1.50,1.12
2015.10.26 07:44:59.392,1.49646,1.49672,1.37,1.00
2015.10.26 07:44:59.494,1.49648,1.49674,1.37,1.87
2015.10.26 07:44:59.546,1.49648,1.49674,1.00,1.12
2015.10.26 07:44:59.700,1.4966,1.4968,1.00,1.00
2015.10.26 07:44:59.956,1.4967,1.49694,1.12,1.50
2015.10.26 07:45:00.007,1.49673,1.49697,1.00,1.12
2015.10.26 07:45:00.523,1.4968,1.49702,1.00,1.37
2015.10.26 07:45:00.574,1.4968,1.49703,1.75,1.12
2015.10.26 07:45:01.084,1.49684,1.49704,1.00,1.37
2015.10.26 07:45:01.249,1.49682,1.49704,1.00,1.37
2015.10.26 07:45:02.786,1.49681,1.49705,1.00,1.50
2015.10.26 07:45:02.837,1.49681,1.49699,1.00,1.00
2015.10.26 07:45:03.361,1.49681,1.49703,1.00,1.37
2015.10.26 07:45:03.695,1.49679,1.49703,1.12,1.37
2015.10.26 07:45:04.811,1.49678,1.49704,1.75,1.75
2015.10.26 07:45:05.018,1.49676,1.49704,1.75,1.75
2015.10.26 07:45:05.120,1.4968,1.49705,1.00,1.75
2015.10.26 07:45:05.707,1.49682,1.49704,1.00,1.50
2015.10.26 07:45:07.759,1.49679,1.49703,1.00,1.00
2015.10.26 07:45:07.963,1.49681,1.49703,1.00,1.00
2015.10.26 07:45:08.471,1.49682,1.49704,1.00,1.12
2015.10.26 07:45:09.086,1.49683,1.49704,1.00,1.12
2015.10.26 07:45:09.496,1.49681,1.49704,1.12,1.12
2015.10.26 07:45:11.395,1.49684,1.49705,1.00,1.12
2015.10.26 07:45:11.913,1.49685,1.49705,1.00,1.12
2015.10.26 07:45:15.215,1.49684,1.49705,1.00,1.00
2015.10.26 07:45:20.077,1.49685,1.49705,1.00,1.00
2015.10.26 07:45:22.566,1.49686,1.49705,1.00,1.00
2015.10.26 07:45:23.086,1.49687,1.4971,1.00,2.25
2015.10.26 07:45:23.598,1.49687,1.49709,1.37,1.12
2015.10.26 07:45:24.483,1.49688,1.4971,1.50,1.50
2015.10.26 07:45:24.536,1.4969,1.49713,1.00,1.00
2015.10.26 07:45:24.689,1.4969,1.49713,1.75,1.00
2015.10.26 07:45:29.063,1.49688,1.49713,1.50,1.00
2015.10.26 07:45:38.499,1.49688,1.4971,1.50,1.00
2015.10.26 07:45:38.703,1.49686,1.4971,1.50,1.00
2015.10.26 07:45:39.758,1.49685,1.49709,1.00,1.00
2015.10.26 07:45:39.911,1.4968,1.49706,1.75,1.00
2015.10.26 07:45:40.016,1.4968,1.49706,1.50,1.00
2015.10.26 07:45:40.121,1.4968,1.49704,1.50,1.00
2015.10.26 07:45:41.897,1.49676,1.49703,1.75,1.00
2015.10.26 07:45:42.102,1.49672,1.49698,1.50,1.00
2015.10.26 07:45:42.408,1.49669,1.49695,1.50,1.00
2015.10.26 07:45:42.809,1.49662,1.4969,1.00,1.50
2015.10.26 07:45:42.861,1.49664,1.4969,1.00,1.50
2015.10.26 07:45:43.116,1.49662,1.49688,1.00,1.00
2015.10.26 07:45:43.320,1.4966,1.49689,1.87,1.12
2015.10.26 07:45:44.118,1.49661,1.49688,1.00,1.00
2015.10.26 07:45:44.629,1.49662,1.49689,1.00,1.12
2015.10.26 07:45:46.940,1.49665,1.49692,1.00,1.75
2015.10.26 07:45:47.095,1.49666,1.49693,1.75,1.00
2015.10.26 07:45:47.562,1.49665,1.49694,1.00,3.00
2015.10.26 07:45:47.621,1.4966,1.49689,2.25,1.00
2015.10.26 07:45:49.250,1.49662,1.4969,1.75,1.00
2015.10.26 07:45:49.802,1.49663,1.49689,1.50,1.00
2015.10.26 07:45:51.086,1.49664,1.49691,1.12,1.00
2015.10.26 07:45:51.138,1.49664,1.49689,1.12,1.00
2015.10.26 07:45:51.487,1.49665,1.49689,1.50,1.00
2015.10.26 07:45:52.663,1.49662,1.49689,1.50,1.00
2015.10.26 07:45:53.325,1.49663,1.4969,1.12,1.12
2015.10.26 07:45:54.169,1.49663,1.4969,1.75,1.00
2015.10.26 07:45:54.221,1.49663,1.49692,1.75,1.12
2015.10.26 07:45:55.672,1.49664,1.49689,1.50,1.00
2015.10.26 07:45:56.182,1.49666,1.49693,1.00,1.75
2015.10.26 07:45:57.513,1.49667,1.4969,1.00,1.37
2015.10.26 07:45:58.041,1.49666,1.49689,1.00,1.00
2015.10.26 07:45:58.948,1.49664,1.49689,1.50,1.00
2015.10.26 07:45:59.792,1.49664,1.49684,1.50,1.00
2015.10.26 07:46:00.396,1.49662,1.49689,1.50,1.00
2015.10.26 07:46:00.552,1.49665,1.4969,1.00,1.00
2015.10.26 07:46:00.707,1.49668,1.49694,1.50,1.87
2015.10.26 07:46:01.015,1.49674,1.49694,1.00,1.12
2015.10.26 07:46:01.585,1.49675,1.49698,1.00,1.00
2015.10.26 07:46:01.891,1.49678,1.49698,1.00,1.00
2015.10.26 07:46:02.096,1.49678,1.497,1.00,1.00
2015.10.26 07:46:02.148,1.4968,1.497,1.00,1.00
2015.10.26 07:46:02.680,1.49677,1.49699,1.50,1.00
2015.10.26 07:46:03.142,1.49671,1.49694,2.25,1.87
2015.10.26 07:46:03.194,1.49665,1.49694,1.12,3.37
2015.10.26 07:46:03.246,1.49667,1.49694,1.00,2.62
2015.10.26 07:46:03.755,1.49668,1.49694,1.00,2.62
2015.10.26 07:46:03.857,1.49665,1.49694,1.12,2.62
2015.10.26 07:46:04.661,1.49662,1.4969,1.50,1.37
2015.10.26 07:46:04.967,1.4966,1.49688,1.00,1.37
2015.10.26 07:46:05.069,1.4966,1.49684,1.00,1.00
2015.10.26 07:46:05.323,1.49658,1.49684,1.00,1.00
2015.10.26 07:46:05.740,1.4966,1.49684,1.00,1.00
2015.10.26 07:46:06.227,1.49662,1.49689,1.00,1.50
2015.10.26 07:46:06.761,1.49662,1.49689,1.00,1.12
2015.10.26 07:46:10.937,1.49663,1.4969,1.00,1.50
2015.10.26 07:46:11.486,1.49663,1.4969,1.50,1.00
2015.10.26 07:46:11.882,1.49669,1.49694,1.12,1.87
2015.10.26 07:46:12.610,1.4967,1.49697,1.12,1.37
2015.10.26 07:46:12.764,1.4967,1.49698,1.12,1.50
2015.10.26 07:46:13.366,1.4967,1.49695,1.12,1.00
2015.10.26 07:46:15.178,1.49667,1.49695,1.00,1.00
2015.10.26 07:46:15.296,1.4967,1.49695,1.00,1.00
2015.10.26 07:46:15.825,1.49669,1.49695,1.00,1.00
2015.10.26 07:46:17.773,1.49669,1.49698,1.00,1.87
2015.10.26 07:46:18.514,1.49668,1.49697,1.00,1.12
2015.10.26 07:46:19.629,1.49667,1.49694,1.00,1.00
2015.10.26 07:46:20.166,1.49667,1.49695,1.00,1.50
2015.10.26 07:46:20.691,1.49665,1.49694,1.00,1.00
2015.10.26 07:46:21.196,1.49664,1.49689,1.00,1.00
2015.10.26 07:46:21.706,1.49665,1.49689,1.00,1.00
2015.10.26 07:46:22.758,1.49664,1.49689,1.00,1.00
2015.10.26 07:46:23.105,1.49662,1.49689,1.00,1.00
2015.10.26 07:46:26.781,1.49664,1.49689,1.00,1.00
2015.10.26 07:46:27.300,1.49663,1.4969,1.00,1.00
2015.10.26 07:46:27.605,1.49664,1.49684,1.00,1.00
2015.10.26 07:46:27.657,1.49663,1.4969,1.00,1.00
2015.10.26 07:46:28.171,1.49662,1.4969,1.00,1.00
2015.10.26 07:46:30.853,1.49662,1.49689,1.00,1.00
2015.10.26 07:46:31.401,1.49662,1.4969,1.00,1.00
2015.10.26 07:46:31.954,1.49658,1.49687,1.50,1.12
2015.10.26 07:46:34.030,1.49657,1.49687,1.00,1.12
2015.10.26 07:46:35.123,1.49658,1.49687,1.00,1.12
2015.10.26 07:46:35.529,1.49658,1.49684,1.00,1.00
2015.10.26 07:46:38.209,1.49658,1.49687,1.00,1.00
2015.10.26 07:46:38.714,1.49659,1.49687,1.00,1.00
2015.10.26 07:46:39.300,1.49662,1.49688,1.00,1.12
2015.10.26 07:46:39.605,1.49664,1.49688,1.00,1.00
2015.10.26 07:46:39.810,1.49665,1.4969,1.00,1.00
2015.10.26 07:46:40.065,1.49667,1.4969,1.00,1.00
2015.10.26 07:46:40.218,1.4967,1.49694,1.00,1.00
2015.10.26 07:46:42.728,1.49669,1.49694,1.00,1.00
2015.10.26 07:46:42.779,1.49669,1.49694,1.37,1.00
2015.10.26 07:46:42.984,1.49674,1.49701,1.00,1.12
2015.10.26 07:46:43.035,1.49681,1.49701,1.00,1.12
2015.10.26 07:46:43.239,1.49678,1.49701,1.00,1.00
2015.10.26 07:46:43.990,1.49677,1.49701,1.00,1.00
2015.10.26 07:46:44.450,1.49676,1.49699,1.00,1.00
2015.10.26 07:46:44.806,1.49677,1.49701,1.00,1.00
2015.10.26 07:46:45.312,1.49678,1.49701,1.00,1.00
2015.10.26 07:46:46.150,1.49676,1.49701,1.00,1.37
2015.10.26 07:46:46.253,1.49674,1.49701,1.00,1.75
2015.10.26 07:46:46.508,1.49674,1.49696,1.00,1.00
2015.10.26 07:46:46.967,1.49672,1.49696,1.00,1.00
2015.10.26 07:46:47.814,1.49672,1.49695,1.00,1.00
2015.10.26 07:46:47.866,1.49667,1.49693,1.50,1.00
2015.10.26 07:46:47.917,1.49667,1.49693,1.12,1.37
2015.10.26 07:46:48.330,1.49661,1.49686,1.71,1.37
2015.10.26 07:46:48.382,1.4966,1.49684,1.00,1.00
2015.10.26 07:46:48.433,1.4966,1.49686,1.00,3.00
2015.10.26 07:46:49.307,1.49662,1.49685,1.00,1.75
2015.10.26 07:46:54.061,1.49657,1.4968,1.00,1.50
2015.10.26 07:46:54.597,1.49659,1.49683,1.00,1.75
2015.10.26 07:46:55.006,1.49657,1.49683,1.00,1.75
2015.10.26 07:46:55.424,1.49658,1.49683,1.00,1.37
2015.10.26 07:46:55.579,1.49663,1.49683,1.00,1.37
2015.10.26 07:46:55.785,1.49661,1.49683,1.00,1.37
2015.10.26 07:46:56.903,1.49663,1.49683,1.00,1.37
2015.10.26 07:46:57.562,1.4966,1.49683,1.00,1.37
2015.10.26 07:46:58.333,1.49659,1.4968,1.00,1.00
2015.10.26 07:46:59.425,1.4966,1.49683,1.00,1.37
2015.10.26 07:46:59.527,1.4966,1.4968,1.00,1.00
2015.10.26 07:47:00.024,1.49658,1.49679,1.00,1.00
2015.10.26 07:47:00.381,1.49657,1.4968,1.00,1.50
2015.10.26 07:47:00.432,1.49655,1.49679,1.00,2.25
2015.10.26 07:47:00.994,1.49656,1.49679,1.00,2.25
2015.10.26 07:47:01.773,1.49656,1.49679,1.00,2.25
2015.10.26 07:47:01.876,1.49658,1.49679,1.00,1.87
2015.10.26 07:47:03.144,1.49663,1.49683,1.00,1.75
2015.10.26 07:47:03.197,1.49661,1.49683,1.00,1.37
2015.10.26 07:47:03.351,1.49661,1.49683,1.00,1.37
2015.10.26 07:47:03.454,1.4966,1.49683,1.00,1.75
2015.10.26 07:47:03.607,1.49663,1.49683,1.00,1.75
2015.10.26 07:47:03.658,1.49663,1.49683,1.00,1.50
2015.10.26 07:47:04.473,1.49663,1.49683,1.00,1.12
2015.10.26 07:47:04.733,1.49661,1.49683,1.00,1.12
2015.10.26 07:47:06.162,1.4966,1.49683,1.00,1.37
2015.10.26 07:47:06.264,1.49658,1.4968,1.00,1.00
2015.10.26 07:47:11.850,1.49659,1.49679,1.00,1.00
2015.10.26 07:47:12.105,1.49655,1.49679,1.00,1.50
2015.10.26 07:47:12.208,1.49649,1.49674,1.00,1.37
2015.10.26 07:47:12.309,1.49647,1.49674,1.00,1.37
2015.10.26 07:47:12.411,1.49647,1.49672,1.00,1.37
2015.10.26 07:47:12.822,1.49664,1.49677,1.00,1.87
2015.10.26 07:47:12.874,1.49664,1.49687,1.00,1.00
2015.10.26 07:47:13.128,1.49664,1.4969,1.00,1.12
2015.10.26 07:47:13.441,1.49665,1.4969,1.00,1.50
2015.10.26 07:47:14.557,1.49663,1.4969,1.00,1.87
2015.10.26 07:47:15.069,1.49663,1.4969,1.00,1.75
2015.10.26 07:47:15.223,1.49665,1.49689,1.00,1.75
2015.10.26 07:47:15.531,1.49667,1.49689,1.00,1.75
2015.10.26 07:47:16.068,1.49666,1.4969,1.00,1.75
2015.10.26 07:47:16.120,1.49664,1.4969,1.00,1.75
2015.10.26 07:47:16.426,1.49667,1.49689,1.00,1.75
2015.10.26 07:47:16.783,1.49665,1.49689,1.00,1.75
2015.10.26 07:47:17.671,1.49662,1.49689,1.00,1.75
2015.10.26 07:47:17.875,1.49659,1.49684,1.00,1.00
2015.10.26 07:47:18.132,1.49659,1.49679,1.00,1.00
2015.10.26 07:47:18.643,1.49658,1.4968,1.00,1.00
2015.10.26 07:47:19.216,1.49659,1.4968,1.00,1.00
2015.10.26 07:47:19.902,1.49659,1.49679,1.00,1.00
2015.10.26 07:47:20.516,1.4966,1.49679,1.00,1.00
2015.10.26 07:47:21.080,1.49657,1.4968,1.00,1.00
2015.10.26 07:47:21.183,1.49662,1.4968,1.00,1.00
2015.10.26 07:47:21.388,1.49659,1.49679,1.00,1.00
2015.10.26 07:47:21.591,1.49662,1.49679,1.00,1.37
2015.10.26 07:47:21.643,1.49662,1.49682,1.00,1.00
2015.10.26 07:47:22.361,1.49663,1.49684,1.00,1.12
2015.10.26 07:47:22.416,1.4966,1.49684,1.00,1.50
2015.10.26 07:47:22.722,1.49663,1.49685,1.00,1.37
2015.10.26 07:47:23.232,1.49664,1.49687,1.00,1.37
2015.10.26 07:47:23.854,1.49664,1.49687,1.00,1.00
2015.10.26 07:47:26.556,1.49666,1.49687,1.00,1.00
2015.10.26 07:47:28.344,1.49663,1.49687,1.00,1.00
2015.10.26 07:47:28.989,1.49661,1.49687,1.00,1.00
2015.10.26 07:47:29.041,1.49661,1.49685,1.00,1.00
2015.10.26 07:47:29.453,1.49657,1.49679,1.00,1.00
2015.10.26 07:47:29.963,1.49656,1.49679,1.12,1.00
2015.10.26 07:47:30.579,1.49657,1.4968,1.00,1.00
2015.10.26 07:47:32.892,1.49657,1.49679,1.00,1.00
2015.10.26 07:47:33.147,1.49654,1.49679,1.00,1.00
2015.10.26 07:47:33.249,1.4965,1.49678,1.00,1.12
2015.10.26 07:47:33.301,1.4965,1.49675,1.00,1.00
2015.10.26 07:47:33.759,1.4965,1.49676,1.37,1.00
2015.10.26 07:47:33.911,1.4965,1.49676,1.00,1.37
2015.10.26 07:47:34.265,1.49656,1.49679,1.00,1.37
2015.10.26 07:47:34.317,1.49656,1.49679,1.12,1.00
2015.10.26 07:47:34.622,1.49654,1.4968,1.00,1.50
2015.10.26 07:47:34.725,1.49655,1.4968,1.00,1.00
2015.10.26 07:47:34.828,1.49654,1.4968,1.00,1.50
2015.10.26 07:47:34.930,1.49652,1.4968,1.00,2.25
2015.10.26 07:47:36.025,1.4965,1.49678,1.00,1.75
2015.10.26 07:47:36.551,1.49653,1.49679,1.00,1.75
2015.10.26 07:47:36.653,1.49653,1.49679,1.00,1.50
2015.10.26 07:47:37.551,1.49655,1.49679,1.00,1.00
2015.10.26 07:47:37.603,1.49655,1.49681,1.00,1.12
2015.10.26 07:47:37.757,1.49654,1.4968,1.00,1.50
2015.10.26 07:47:38.066,1.49655,1.49677,1.00,1.00
2015.10.26 07:47:38.901,1.49654,1.49677,1.00,1.00
2015.10.26 07:47:39.412,1.49655,1.4968,1.00,1.50
2015.10.26 07:47:39.464,1.49655,1.4968,1.00,1.50
2015.10.26 07:47:40.271,1.49659,1.49679,1.00,1.12
2015.10.26 07:47:40.526,1.49657,1.49679,1.00,1.12
2015.10.26 07:47:41.320,1.49657,1.4968,1.00,1.00
2015.10.26 07:47:41.422,1.49662,1.4968,1.00,1.00
2015.10.26 07:47:41.894,1.49657,1.49679,1.00,1.00
2015.10.26 07:47:42.154,1.49659,1.4968,1.00,1.37
2015.10.26 07:47:42.414,1.49656,1.49679,1.00,1.12
2015.10.26 07:47:43.187,1.49657,1.49679,1.00,1.12
2015.10.26 07:47:44.630,1.49658,1.49679,1.00,1.12
2015.10.26 07:47:44.836,1.49656,1.49679,1.00,1.12
2015.10.26 07:47:44.887,1.49656,1.49679,1.00,1.50
2015.10.26 07:47:45.196,1.49654,1.49679,1.00,1.75
2015.10.26 07:47:45.502,1.49653,1.49674,1.00,1.37
2015.10.26 07:47:46.373,1.4965,1.49674,1.00,1.00
2015.10.26 07:47:46.424,1.4965,1.49678,1.00,1.00
2015.10.26 07:47:46.935,1.49653,1.49678,1.00,1.00
2015.10.26 07:47:47.551,1.49654,1.49679,1.00,1.00
2015.10.26 07:47:47.859,1.49654,1.49674,1.00,1.00
2015.10.26 07:47:48.362,1.49655,1.49674,1.00,1.00
2015.10.26 07:47:49.099,1.49654,1.49675,1.00,1.00
2015.10.26 07:47:49.694,1.49654,1.49674,1.00,1.00
2015.10.26 07:47:50.223,1.49652,1.49674,1.50,1.00
2015.10.26 07:47:50.700,1.4965,1.49674,1.00,1.00
2015.10.26 07:47:50.854,1.49652,1.49674,1.00,1.00
2015.10.26 07:47:51.358,1.49652,1.49675,1.00,1.00
2015.10.26 07:47:51.410,1.4965,1.49675,1.00,1.00
2015.10.26 07:47:53.097,1.4965,1.49669,1.00,1.00
2015.10.26 07:47:53.605,1.4965,1.4967,1.00,1.00
2015.10.26 07:47:54.112,1.4965,1.49669,1.00,1.00
2015.10.26 07:47:54.265,1.49649,1.49674,1.12,1.00
2015.10.26 07:47:54.677,1.49647,1.49674,1.00,1.37
2015.10.26 07:47:54.831,1.49645,1.49669,2.25,1.00
2015.10.26 07:47:54.934,1.49648,1.49674,1.00,1.00
2015.10.26 07:47:55.353,1.49645,1.49672,1.12,1.00
2015.10.26 07:47:55.404,1.49648,1.49674,1.00,1.50
2015.10.26 07:47:57.894,1.49647,1.49673,1.00,1.12
2015.10.26 07:47:58.954,1.49647,1.49669,1.00,1.00
2015.10.26 07:47:59.475,1.49647,1.4967,1.00,1.00
2015.10.26 07:47:59.767,1.49647,1.49673,1.00,1.12
2015.10.26 07:48:00.022,1.49649,1.49675,1.00,1.50
2015.10.26 07:48:00.556,1.49651,1.49677,1.00,1.75
2015.10.26 07:48:00.658,1.49649,1.49675,1.00,1.50
2015.10.26 07:48:01.638,1.49652,1.49675,1.00,1.50
2015.10.26 07:48:02.270,1.49652,1.49678,1.37,1.00
2015.10.26 07:48:02.333,1.49655,1.49681,1.00,1.12
2015.10.26 07:48:03.857,1.49656,1.49682,1.00,1.37
2015.10.26 07:48:04.503,1.49658,1.49683,1.00,1.50
2015.10.26 07:48:04.606,1.49658,1.49683,1.00,1.00
2015.10.26 07:48:04.860,1.49656,1.49683,1.12,1.12
2015.10.26 07:48:05.415,1.49658,1.49679,1.00,1.00
2015.10.26 07:48:06.178,1.49658,1.4968,1.00,1.00
2015.10.26 07:48:06.732,1.49658,1.49683,1.00,1.37
2015.10.26 07:48:07.690,1.49658,1.49679,1.00,1.00
2015.10.26 07:48:08.160,1.49658,1.49683,1.00,1.37
2015.10.26 07:48:08.365,1.49661,1.49683,1.00,1.37
2015.10.26 07:48:08.417,1.49661,1.49683,1.00,1.00
2015.10.26 07:48:08.570,1.49662,1.49679,1.00,1.00
2015.10.26 07:48:08.965,1.49661,1.49684,1.00,1.50
2015.10.26 07:48:09.017,1.49661,1.49684,1.00,1.12
2015.10.26 07:48:09.580,1.49664,1.49687,1.00,1.37
2015.10.26 07:48:09.632,1.49664,1.49687,1.00,1.00
2015.10.26 07:48:09.683,1.49664,1.49685,1.00,1.00
2015.10.26 07:48:10.386,1.49665,1.4969,1.00,1.75
2015.10.26 07:48:10.540,1.49667,1.4969,1.00,1.75
2015.10.26 07:48:11.897,1.49668,1.49693,1.00,1.75
2015.10.26 07:48:12.656,1.49667,1.49693,1.00,2.25
2015.10.26 07:48:12.989,1.49669,1.49693,1.00,1.75
2015.10.26 07:48:13.040,1.49669,1.49693,1.00,1.37
2015.10.26 07:48:13.091,1.49671,1.49693,1.00,1.37
2015.10.26 07:48:13.143,1.49671,1.49693,1.00,1.12
2015.10.26 07:48:13.672,1.4967,1.49693,1.00,1.50
2015.10.26 07:48:13.979,1.49666,1.49692,1.00,1.12
2015.10.26 07:48:14.132,1.49666,1.49692,1.00,1.50
2015.10.26 07:48:14.236,1.4966,1.49686,1.00,1.00
2015.10.26 07:48:14.287,1.4966,1.49688,1.00,1.50
2015.10.26 07:48:14.389,1.49659,1.49686,1.50,1.00
2015.10.26 07:48:14.962,1.49659,1.49684,1.50,1.00
2015.10.26 07:48:15.652,1.49659,1.4968,1.75,1.00
2015.10.26 07:48:15.754,1.49659,1.49679,2.25,1.00
2015.10.26 07:48:16.406,1.49659,1.4968,1.75,1.00
2015.10.26 07:48:18.555,1.49659,1.49679,2.25,1.00
2015.10.26 07:48:18.607,1.49659,1.49674,1.75,1.00
2015.10.26 07:48:18.659,1.49659,1.49674,1.00,1.00
2015.10.26 07:48:18.711,1.49655,1.49675,1.37,1.00
2015.10.26 07:48:18.815,1.49652,1.49674,1.00,1.00
2015.10.26 07:48:19.327,1.49651,1.49675,1.50,1.00
2015.10.26 07:48:19.758,1.49652,1.49678,1.12,1.00
2015.10.26 07:48:20.104,1.4965,1.49676,1.75,1.00
2015.10.26 07:48:20.657,1.49652,1.49678,1.12,1.00
2015.10.26 07:48:20.708,1.49652,1.49675,1.12,1.00
2015.10.26 07:48:21.168,1.49653,1.49679,1.00,1.12
2015.10.26 07:48:21.220,1.49655,1.49681,1.37,1.37
2015.10.26 07:48:21.587,1.49655,1.49683,1.50,1.12
2015.10.26 07:48:21.690,1.49655,1.49679,1.50,1.00
2015.10.26 07:48:22.095,1.49655,1.49683,1.50,1.12
2015.10.26 07:48:22.634,1.49653,1.49681,2.25,1.00
2015.10.26 07:48:22.996,1.49654,1.49679,1.75,1.00
2015.10.26 07:48:23.304,1.49654,1.49682,1.75,1.00
2015.10.26 07:48:24.515,1.49653,1.4968,1.75,1.00
2015.10.26 07:48:25.448,1.49653,1.49674,1.75,1.00
2015.10.26 07:48:25.964,1.49653,1.49675,1.75,1.00
2015.10.26 07:48:26.603,1.4965,1.49674,1.75,1.00
2015.10.26 07:48:29.155,1.49646,1.49674,2.25,1.50
2015.10.26 07:48:29.258,1.49646,1.49674,1.87,1.87
2015.10.26 07:48:29.834,1.49645,1.49671,1.37,1.00
2015.10.26 07:48:30.679,1.49643,1.49664,1.09,1.00
2015.10.26 07:48:30.784,1.49637,1.49663,1.75,1.00
2015.10.26 07:48:30.836,1.49637,1.49659,1.50,1.00
2015.10.26 07:48:30.887,1.49635,1.49659,1.75,1.00
2015.10.26 07:48:31.041,1.49636,1.49659,1.09,1.00
2015.10.26 07:48:31.145,1.49638,1.49664,1.37,1.50
2015.10.26 07:48:31.790,1.49637,1.49663,1.84,1.00
2015.10.26 07:48:32.199,1.49637,1.49663,1.50,1.00
2015.10.26 07:48:32.736,1.49639,1.49664,1.00,1.00
2015.10.26 07:48:33.537,1.49639,1.49666,1.00,1.00
2015.10.26 07:48:33.588,1.49642,1.49666,1.00,1.00
2015.10.26 07:48:33.640,1.49642,1.49669,1.00,1.87
2015.10.26 07:48:33.744,1.49646,1.49669,1.00,1.12
2015.10.26 07:48:33.796,1.49646,1.49672,1.00,1.00
2015.10.26 07:48:34.175,1.49648,1.49669,1.00,1.00
2015.10.26 07:48:34.887,1.49647,1.4967,1.00,1.00
2015.10.26 07:48:35.422,1.49645,1.4967,1.00,1.00
2015.10.26 07:48:36.217,1.49647,1.49669,1.00,1.00
2015.10.26 07:48:36.522,1.49646,1.49664,1.00,1.00
2015.10.26 07:48:36.749,1.49646,1.4967,1.00,1.00
2015.10.26 07:48:37.670,1.49646,1.49669,1.50,1.00
2015.10.26 07:48:39.438,1.49645,1.49669,1.00,1.00
2015.10.26 07:48:39.825,1.49647,1.4967,1.00,1.00
2015.10.26 07:48:40.420,1.49647,1.49669,1.00,1.00
2015.10.26 07:48:41.711,1.49648,1.49669,1.00,1.00
2015.10.26 07:48:41.815,1.49648,1.49674,1.00,1.00
2015.10.26 07:48:41.917,1.4965,1.49675,1.00,1.12
2015.10.26 07:48:42.685,1.49648,1.49675,1.00,1.50
2015.10.26 07:48:42.890,1.49648,1.49674,1.50,1.00
2015.10.26 07:48:44.766,1.49651,1.49674,1.00,1.00
2015.10.26 07:48:46.055,1.49648,1.49674,1.50,1.50
2015.10.26 07:48:46.106,1.49648,1.49674,1.00,2.25
2015.10.26 07:48:46.323,1.49648,1.49669,1.00,1.00
2015.10.26 07:48:46.533,1.49649,1.49674,1.00,1.00
2015.10.26 07:48:47.044,1.4965,1.49674,1.00,1.00
2015.10.26 07:48:47.670,1.49649,1.49674,1.00,1.50
2015.10.26 07:48:48.398,1.49649,1.49674,1.00,1.87
2015.10.26 07:48:50.602,1.49649,1.4967,1.00,1.00
2015.10.26 07:48:51.507,1.4965,1.4967,1.00,1.00
2015.10.26 07:48:51.610,1.4965,1.49674,1.00,1.87
2015.10.26 07:48:53.361,1.4965,1.49669,1.00,1.00
2015.10.26 07:48:53.566,1.4965,1.49674,1.00,1.37
2015.10.26 07:48:53.668,1.49648,1.49674,1.00,1.87
2015.10.26 07:48:53.821,1.49647,1.4967,1.00,1.00
2015.10.26 07:48:54.429,1.49649,1.4967,1.00,1.00
2015.10.26 07:48:54.933,1.49649,1.49669,1.00,1.00
2015.10.26 07:48:54.985,1.49647,1.49669,1.00,1.00
2015.10.26 07:48:55.192,1.49645,1.49669,1.00,1.00
2015.10.26 07:48:57.607,1.49645,1.49664,1.00,1.00
2015.10.26 07:48:57.658,1.49645,1.49669,1.00,1.00
2015.10.26 07:48:57.709,1.49647,1.49669,1.00,1.00
2015.10.26 07:48:58.231,1.49648,1.4967,1.00,1.00
2015.10.26 07:48:58.283,1.49646,1.4967,1.00,1.00
2015.10.26 07:48:59.059,1.49647,1.49675,1.12,2.25
2015.10.26 07:48:59.470,1.49644,1.49672,1.75,1.00
2015.10.26 07:49:00.085,1.49644,1.49669,1.75,1.00
2015.10.26 07:49:00.940,1.49643,1.49671,1.75,1.00
2015.10.26 07:49:01.043,1.49643,1.49669,1.75,1.50
2015.10.26 07:49:01.350,1.4964,1.49665,1.75,1.00
2015.10.26 07:49:01.453,1.49637,1.49664,1.87,1.00
2015.10.26 07:49:05.672,1.49637,1.49665,1.50,1.50
2015.10.26 07:49:05.775,1.49636,1.4966,1.75,1.00
2015.10.26 07:49:06.221,1.49632,1.49659,1.75,1.50
2015.10.26 07:49:06.324,1.49631,1.49654,1.87,1.50
2015.10.26 07:49:06.375,1.49631,1.49654,1.00,1.50
2015.10.26 07:49:06.427,1.49631,1.49649,1.00,1.00
2015.10.26 07:49:06.529,1.49622,1.49648,3.00,1.00
2015.10.26 07:49:06.580,1.49622,1.49645,1.50,1.00
2015.10.26 07:49:06.683,1.49621,1.49648,1.75,1.00
2015.10.26 07:49:10.799,1.49622,1.4965,1.37,1.87
2015.10.26 07:49:11.330,1.49624,1.4965,1.75,1.00
2015.10.26 07:49:11.689,1.49626,1.49654,1.50,1.87
2015.10.26 07:49:12.293,1.49626,1.4965,1.50,1.00
2015.10.26 07:49:12.651,1.49626,1.49654,1.50,1.87
2015.10.26 07:49:12.703,1.49626,1.49652,1.50,1.00
2015.10.26 07:49:13.010,1.49636,1.49659,1.50,1.00
2015.10.26 07:49:13.386,1.4964,1.49659,1.00,1.00
2015.10.26 07:49:13.437,1.49637,1.4966,1.50,1.00
2015.10.26 07:49:14.963,1.49637,1.49659,1.37,1.00
2015.10.26 07:49:15.014,1.49635,1.49659,1.50,1.00
2015.10.26 07:49:15.850,1.49635,1.49661,1.50,1.00
2015.10.26 07:49:15.902,1.49633,1.49659,1.75,1.00
2015.10.26 07:49:16.004,1.49644,1.49665,1.00,1.37
2015.10.26 07:49:16.447,1.49646,1.49669,1.00,1.37
2015.10.26 07:49:16.613,1.49646,1.49666,1.00,1.00
2015.10.26 07:49:16.664,1.49643,1.49666,1.50,1.00
2015.10.26 07:49:18.073,1.49641,1.49667,1.00,1.00
2015.10.26 07:49:18.176,1.49645,1.49672,1.00,1.87
2015.10.26 07:49:19.087,1.49646,1.49669,1.00,1.12
2015.10.26 07:49:19.627,1.49647,1.49669,1.00,1.12
2015.10.26 07:49:21.255,1.49646,1.49672,1.00,2.25
2015.10.26 07:49:23.082,1.49646,1.4967,1.00,1.00
2015.10.26 07:49:23.395,1.49649,1.49669,1.00,1.50
2015.10.26 07:49:23.498,1.49651,1.49674,1.00,1.00
2015.10.26 07:49:23.601,1.49655,1.49679,1.00,3.37
2015.10.26 07:49:23.652,1.49655,1.49679,1.00,3.00
2015.10.26 07:49:23.703,1.49651,1.49679,1.75,2.25
2015.10.26 07:49:24.170,1.49651,1.49679,1.50,1.00
2015.10.26 07:49:24.707,1.49652,1.4968,1.12,1.00
2015.10.26 07:49:25.656,1.49656,1.49682,1.00,3.00
2015.10.26 07:49:25.914,1.49652,1.4968,1.12,1.00
2015.10.26 07:49:26.222,1.49651,1.49674,1.50,1.00
2015.10.26 07:49:26.427,1.49644,1.49669,1.37,1.00
2015.10.26 07:49:27.036,1.49645,1.4967,1.12,1.00
2015.10.26 07:49:27.290,1.49645,1.49673,1.75,1.00
2015.10.26 07:49:27.597,1.49644,1.49665,1.75,1.00
2015.10.26 07:49:27.700,1.49636,1.49663,1.75,1.00
2015.10.26 07:49:28.190,1.49636,1.49662,1.87,1.00
2015.10.26 07:49:28.398,1.49638,1.49664,1.00,1.00
2015.10.26 07:49:28.730,1.49638,1.49665,1.75,1.00
2015.10.26 07:49:29.562,1.49636,1.49664,1.75,1.00
2015.10.26 07:49:29.613,1.49636,1.49664,1.50,1.00
2015.10.26 07:49:30.164,1.49637,1.49663,1.12,1.00
2015.10.26 07:49:30.393,1.49637,1.49665,1.12,1.12
2015.10.26 07:49:31.172,1.49647,1.4967,1.00,1.75
2015.10.26 07:49:31.480,1.49648,1.49669,1.75,1.00
2015.10.26 07:49:31.583,1.49648,1.49674,1.75,1.00
2015.10.26 07:49:31.636,1.49645,1.49674,3.00,1.00
2015.10.26 07:49:32.285,1.49638,1.49663,1.12,1.00
2015.10.26 07:49:32.388,1.49637,1.49665,1.50,2.25
2015.10.26 07:49:32.491,1.49639,1.49664,1.37,1.00
2015.10.26 07:49:33.002,1.4964,1.49663,1.00,1.00
2015.10.26 07:49:33.469,1.49634,1.49663,1.75,1.00
2015.10.26 07:49:33.572,1.49634,1.4966,1.75,1.00
2015.10.26 07:49:33.674,1.49636,1.49664,1.50,1.00
2015.10.26 07:49:35.071,1.49638,1.49663,1.12,1.00
2015.10.26 07:49:36.259,1.49642,1.49663,1.00,1.00
2015.10.26 07:49:36.663,1.49646,1.49669,1.00,1.50
2015.10.26 07:49:37.173,1.49647,1.49669,1.12,1.00
2015.10.26 07:49:37.225,1.49649,1.49669,1.00,1.00
2015.10.26 07:49:37.531,1.49649,1.49672,1.00,1.00
2015.10.26 07:49:38.062,1.49648,1.49672,1.00,1.00
2015.10.26 07:49:38.393,1.49646,1.4967,1.50,1.00
2015.10.26 07:49:38.902,1.49646,1.49672,1.00,1.37
2015.10.26 07:49:39.466,1.49649,1.49672,1.00,1.00
2015.10.26 07:49:40.004,1.49648,1.49672,1.00,1.50
2015.10.26 07:49:40.413,1.4965,1.49672,1.00,1.50
2015.10.26 07:49:40.617,1.49648,1.49672,1.00,1.50
2015.10.26 07:49:41.402,1.49649,1.49672,1.00,1.50
2015.10.26 07:49:41.916,1.49648,1.49672,1.00,1.50
2015.10.26 07:49:42.581,1.49649,1.49672,1.00,1.50
2015.10.26 07:49:44.059,1.4965,1.49672,1.00,1.00
2015.10.26 07:49:44.162,1.49647,1.49672,1.00,1.00
2015.10.26 07:49:45.164,1.49649,1.49672,1.00,1.00
2015.10.26 07:49:46.002,1.49648,1.49672,1.12,1.00
2015.10.26 07:49:46.308,1.49653,1.49678,1.00,1.75
2015.10.26 07:49:46.672,1.4965,1.49678,1.00,1.75
2015.10.26 07:49:47.155,1.49652,1.49678,1.00,2.25
2015.10.26 07:49:47.669,1.49651,1.49677,1.00,1.50
2015.10.26 07:49:48.229,1.49652,1.49678,1.00,2.25
2015.10.26 07:49:50.917,1.49658,1.49682,1.00,1.00
2015.10.26 07:49:51.625,1.49659,1.49682,1.00,1.00
2015.10.26 07:49:52.210,1.49658,1.49682,1.00,1.00
2015.10.26 07:49:53.015,1.49659,1.49682,1.00,1.00
2015.10.26 07:49:53.169,1.4966,1.49684,1.00,1.12
2015.10.26 07:49:53.374,1.49659,1.4968,1.00,1.00
2015.10.26 07:49:53.476,1.49658,1.49683,1.00,1.37
2015.10.26 07:49:53.579,1.49658,1.4968,1.00,1.00
2015.10.26 07:49:53.682,1.4966,1.49685,1.00,1.37
2015.10.26 07:49:53.733,1.49658,1.49684,1.00,1.00
2015.10.26 07:49:53.836,1.49661,1.49685,1.00,2.25
2015.10.26 07:49:54.239,1.49661,1.49683,1.00,1.37
2015.10.26 07:49:54.290,1.49659,1.49682,1.12,1.37
2015.10.26 07:49:54.393,1.49661,1.49682,1.00,1.37
2015.10.26 07:49:54.903,1.49662,1.49684,1.00,1.75
2015.10.26 07:49:55.677,1.49661,1.49685,1.00,1.87
2015.10.26 07:49:56.213,1.4966,1.49684,1.00,1.00
2015.10.26 07:49:56.781,1.49661,1.49684,1.00,1.12
2015.10.26 07:49:57.326,1.49662,1.49685,1.00,1.37
2015.10.26 07:49:57.481,1.49667,1.49685,1.00,1.50
2015.10.26 07:49:57.634,1.49668,1.49689,1.00,1.37
2015.10.26 07:49:58.063,1.49669,1.49692,1.00,1.00
2015.10.26 07:49:58.755,1.49669,1.49693,1.00,1.12
2015.10.26 07:49:59.280,1.4967,1.49693,1.00,1.12
2015.10.26 07:49:59.383,1.4967,1.49689,1.00,1.00
2015.10.26 07:49:59.536,1.49667,1.49689,1.50,1.00
2015.10.26 07:50:00.139,1.49665,1.49689,1.00,1.00
2015.10.26 07:50:00.291,1.49668,1.49689,1.00,1.00
2015.10.26 07:50:00.394,1.49668,1.49693,1.00,1.50
2015.10.26 07:50:00.497,1.49668,1.49689,1.00,1.00
2015.10.26 07:50:00.600,1.49668,1.49693,1.00,1.50
2015.10.26 07:50:00.651,1.49666,1.49693,1.00,2.25
2015.10.26 07:50:02.034,1.49658,1.49684,1.75,1.00
2015.10.26 07:50:02.091,1.49657,1.49684,1.75,1.00
2015.10.26 07:50:02.194,1.49656,1.49684,2.25,1.00
2015.10.26 07:50:02.502,1.49662,1.49684,1.00,1.00
2015.10.26 07:50:02.605,1.49665,1.49689,1.00,1.87
2015.10.26 07:50:02.861,1.49663,1.49689,1.00,1.87
2015.10.26 07:50:03.948,1.49664,1.49689,1.00,1.87
2015.10.26 07:50:04.466,1.49663,1.49689,1.00,1.50
2015.10.26 07:50:05.267,1.49664,1.49686,1.00,1.00
2015.10.26 07:50:05.471,1.49665,1.4969,1.00,2.62
2015.10.26 07:50:06.507,1.49668,1.49693,1.00,1.00
2015.10.26 07:50:06.611,1.4967,1.49693,1.12,1.00
2015.10.26 07:50:07.053,1.49672,1.49693,1.00,1.00
2015.10.26 07:50:07.359,1.49673,1.49699,1.00,1.37
2015.10.26 07:50:07.411,1.49673,1.49699,1.00,1.00
2015.10.26 07:50:08.007,1.49674,1.49699,1.00,1.00
2015.10.26 07:50:08.521,1.49673,1.49699,1.50,1.00
2015.10.26 07:50:08.984,1.49676,1.497,1.00,1.12
2015.10.26 07:50:09.825,1.49676,1.49699,1.00,1.00
2015.10.26 07:50:10.233,1.4968,1.497,1.00,1.12
2015.10.26 07:50:10.836,1.49681,1.49699,1.37,1.00
2015.10.26 07:50:10.888,1.49684,1.49704,1.12,1.50
2015.10.26 07:50:10.939,1.49684,1.49704,1.50,1.00
2015.10.26 07:50:11.398,1.49685,1.49707,1.37,1.00
2015.10.26 07:50:11.930,1.49684,1.49709,1.00,1.12
2015.10.26 07:50:12.741,1.49684,1.49704,1.00,1.00
2015.10.26 07:50:13.253,1.49679,1.49704,1.75,1.00
2015.10.26 07:50:13.304,1.49679,1.49704,1.50,1.00
2015.10.26 07:50:13.815,1.49678,1.49699,1.75,1.00
2015.10.26 07:50:14.172,1.49678,1.49704,1.75,1.00
2015.10.26 07:50:15.130,1.49678,1.49699,1.75,1.00
2015.10.26 07:50:16.576,1.49678,1.49705,1.75,1.50
2015.10.26 07:50:17.820,1.49678,1.49704,1.75,1.00
2015.10.26 07:50:18.467,1.49677,1.49703,1.75,1.00
2015.10.26 07:50:18.873,1.49676,1.497,1.75,1.00
2015.10.26 07:50:19.409,1.49674,1.497,1.12,1.00
2015.10.26 07:50:19.676,1.49677,1.49699,1.00,1.00
2015.10.26 07:50:20.177,1.49677,1.497,1.00,1.00
2015.10.26 07:50:20.691,1.49678,1.49704,1.00,2.62
2015.10.26 07:50:20.844,1.49678,1.497,1.00,1.00
2015.10.26 07:50:21.099,1.4968,1.49704,1.00,1.00
2015.10.26 07:50:21.608,1.49681,1.49704,1.12,1.00
2015.10.26 07:50:22.679,1.49684,1.49709,1.12,1.00
2015.10.26 07:50:23.300,1.49685,1.49709,1.12,1.00
2015.10.26 07:50:23.403,1.49687,1.49711,1.00,1.37
2015.10.26 07:50:23.506,1.49687,1.49715,1.00,1.50
2015.10.26 07:50:23.557,1.49687,1.49715,1.00,1.12
2015.10.26 07:50:26.255,1.4969,1.49715,1.00,1.12
2015.10.26 07:50:27.929,1.49693,1.49715,1.00,1.00
2015.10.26 07:50:28.457,1.49692,1.49715,1.00,1.50
2015.10.26 07:50:30.579,1.4969,1.49715,1.00,1.00
2015.10.26 07:50:31.344,1.4969,1.49714,1.00,1.00
2015.10.26 07:50:31.985,1.4969,1.49715,1.00,1.00
2015.10.26 07:50:32.444,1.4969,1.49719,1.00,3.00
2015.10.26 07:50:33.341,1.49689,1.49715,1.12,1.00
2015.10.26 07:50:34.317,1.49692,1.49717,1.00,1.12
2015.10.26 07:50:34.721,1.49698,1.49719,1.00,1.00
2015.10.26 07:50:35.026,1.49698,1.49724,1.00,2.25
2015.10.26 07:50:35.536,1.49699,1.49724,1.12,1.00
2015.10.26 07:50:35.740,1.49701,1.49724,1.00,1.00
2015.10.26 07:50:36.612,1.49701,1.49728,1.00,1.50
2015.10.26 07:50:37.174,1.49704,1.49728,1.00,1.00
2015.10.26 07:50:37.610,1.49723,1.49735,1.00,1.37
2015.10.26 07:50:37.662,1.49723,1.49751,1.12,2.25
2015.10.26 07:50:37.713,1.49729,1.49751,1.00,1.50
2015.10.26 07:50:37.765,1.49729,1.49754,1.00,1.37
2015.10.26 07:50:37.935,1.49727,1.49754,1.00,1.37
2015.10.26 07:50:38.602,1.49725,1.49753,1.37,1.12
2015.10.26 07:50:38.654,1.49725,1.49753,1.37,1.50
2015.10.26 07:50:39.060,1.49718,1.49744,1.37,1.12
2015.10.26 07:50:39.115,1.49718,1.49744,1.00,1.50
2015.10.26 07:50:39.167,1.49716,1.49742,1.00,1.00
2015.10.26 07:50:39.686,1.49717,1.49743,1.00,1.00
2015.10.26 07:50:40.504,1.49716,1.49744,1.00,1.50
2015.10.26 07:50:40.812,1.4972,1.49746,1.50,1.00
2015.10.26 07:50:41.016,1.4972,1.49748,1.50,1.00
2015.10.26 07:50:41.818,1.49723,1.49749,1.00,1.00
2015.10.26 07:50:43.935,1.49722,1.49748,1.00,1.00
2015.10.26 07:50:44.267,1.4972,1.49746,1.50,1.00
2015.10.26 07:50:44.875,1.49719,1.49745,1.37,1.00
2015.10.26 07:50:44.978,1.49717,1.49743,1.50,1.00
2015.10.26 07:50:45.408,1.49717,1.49745,1.50,1.00
2015.10.26 07:50:45.665,1.49717,1.49743,1.50,1.00
2015.10.26 07:50:46.180,1.49718,1.49744,1.00,1.00
2015.10.26 07:50:46.778,1.49716,1.49745,1.75,1.00
2015.10.26 07:50:46.830,1.49719,1.49747,1.75,1.00
2015.10.26 07:50:47.238,1.4972,1.49748,1.50,1.00
2015.10.26 07:50:47.545,1.49727,1.49755,1.75,1.37
2015.10.26 07:50:48.106,1.49727,1.49753,1.75,1.00
2015.10.26 07:50:48.278,1.49729,1.49755,1.12,1.00
2015.10.26 07:50:48.381,1.49732,1.49757,1.00,1.37
2015.10.26 07:50:48.483,1.49732,1.49758,1.00,1.00
2015.10.26 07:50:49.027,1.49733,1.49759,1.00,1.50
2015.10.26 07:50:49.133,1.49731,1.49757,1.00,1.00
2015.10.26 07:50:49.948,1.4973,1.49756,1.50,1.00
2015.10.26 07:50:50.458,1.49731,1.49757,1.00,1.00
2015.10.26 07:50:51.343,1.4973,1.49756,1.50,1.00
2015.10.26 07:50:53.133,1.49731,1.49757,1.00,1.00
2015.10.26 07:50:53.640,1.4973,1.49756,1.00,1.00
2015.10.26 07:50:54.214,1.49729,1.49755,1.00,1.00
2015.10.26 07:50:55.215,1.49718,1.49744,1.50,1.00
2015.10.26 07:50:55.522,1.49721,1.49746,1.00,1.00
2015.10.26 07:50:55.989,1.49717,1.49743,1.75,1.00
2015.10.26 07:50:56.430,1.49717,1.49743,1.12,1.00
2015.10.26 07:50:56.975,1.49718,1.49744,1.00,1.00
2015.10.26 07:50:57.184,1.49716,1.49742,1.50,1.00
2015.10.26 07:50:57.985,1.49723,1.49749,1.12,1.00
2015.10.26 07:50:58.088,1.49726,1.49752,1.00,1.37
2015.10.26 07:50:58.751,1.49725,1.49751,1.00,1.12
2015.10.26 07:50:59.325,1.49727,1.49753,1.00,1.50
2015.10.26 07:50:59.478,1.49725,1.49751,1.00,1.12
2015.10.26 07:51:01.186,1.49727,1.49753,1.00,1.50
2015.10.26 07:51:02.901,1.49725,1.49753,1.00,1.50
2015.10.26 07:51:03.403,1.49724,1.49752,1.00,1.37
2015.10.26 07:51:04.015,1.49723,1.49749,1.12,1.00
2015.10.26 07:51:04.568,1.4972,1.49748,1.75,1.00
2015.10.26 07:51:04.670,1.4972,1.49748,1.37,1.00
2015.10.26 07:51:05.196,1.4972,1.49748,1.00,1.00
2015.10.26 07:51:06.709,1.49719,1.49745,1.00,1.75
2015.10.26 07:51:06.865,1.4972,1.49746,1.00,1.37
2015.10.26 07:51:06.916,1.4972,1.49746,1.00,1.00
2015.10.26 07:51:06.968,1.49722,1.49747,1.00,1.00
2015.10.26 07:51:07.407,1.4972,1.49746,1.00,1.00
2015.10.26 07:51:07.561,1.49719,1.49745,1.00,1.37
2015.10.26 07:51:07.612,1.49717,1.49743,1.00,1.12
2015.10.26 07:51:08.112,1.49715,1.49743,1.50,1.12
2015.10.26 07:51:11.938,1.49715,1.49741,1.12,1.00
2015.10.26 07:51:12.993,1.49715,1.49741,1.00,1.37
2015.10.26 07:51:13.571,1.49715,1.49741,1.00,1.50
2015.10.26 07:51:14.081,1.49711,1.49738,1.37,1.00
2015.10.26 07:51:15.436,1.49711,1.49738,1.00,1.00
2015.10.26 07:51:16.125,1.49709,1.49737,1.12,1.00
2015.10.26 07:51:17.097,1.49712,1.49738,1.00,1.50
2015.10.26 07:51:17.405,1.4971,1.49736,1.00,1.00
2015.10.26 07:51:17.871,1.49712,1.49738,1.00,1.50
2015.10.26 07:51:20.264,1.49711,1.49737,1.00,1.00
2015.10.26 07:51:20.574,1.49709,1.49737,1.00,1.75
2015.10.26 07:51:21.255,1.4971,1.49734,1.00,1.12
2015.10.26 07:51:22.027,1.49713,1.49739,1.00,1.75
2015.10.26 07:51:22.385,1.49714,1.4974,1.00,1.75
2015.10.26 07:51:22.436,1.49714,1.4974,1.00,1.75
2015.10.26 07:51:23.388,1.49713,1.49739,1.00,1.50
2015.10.26 07:51:23.795,1.49711,1.49737,1.00,1.00
2015.10.26 07:51:24.456,1.49709,1.49737,1.00,1.00
2015.10.26 07:51:24.507,1.49709,1.49737,1.00,1.37
2015.10.26 07:51:25.154,1.49707,1.49735,2.25,1.50
2015.10.26 07:51:25.563,1.49711,1.49738,1.00,1.75
2015.10.26 07:51:25.869,1.49714,1.49739,1.00,1.50
2015.10.26 07:51:25.921,1.49716,1.49739,1.00,1.50
2015.10.26 07:51:26.074,1.49717,1.49743,1.00,1.50
2015.10.26 07:51:26.125,1.49721,1.49743,1.00,1.00
2015.10.26 07:51:26.928,1.49721,1.49747,1.00,1.00
2015.10.26 07:51:26.979,1.49724,1.49749,1.00,1.50
2015.10.26 07:51:27.286,1.49727,1.49749,1.00,1.50
2015.10.26 07:51:27.338,1.49725,1.49749,1.00,1.50
2015.10.26 07:51:27.645,1.49728,1.4975,1.00,1.75
2015.10.26 07:51:28.284,1.49726,1.4975,1.00,1.75
2015.10.26 07:51:28.665,1.49728,1.4975,1.00,1.75
2015.10.26 07:51:29.668,1.49727,1.4975,1.00,1.75
2015.10.26 07:51:30.524,1.49731,1.4975,1.00,1.37
2015.10.26 07:51:30.997,1.4973,1.49754,1.00,1.75
2015.10.26 07:51:31.049,1.49727,1.49754,1.00,1.75
2015.10.26 07:51:32.424,1.49726,1.49752,1.00,1.37
2015.10.26 07:51:32.633,1.49724,1.4975,1.12,1.00
2015.10.26 07:51:34.032,1.49725,1.4975,1.00,1.00
2015.10.26 07:51:37.055,1.49728,1.4975,1.00,1.00
2015.10.26 07:51:37.209,1.49729,1.49753,1.00,1.00
2015.10.26 07:51:38.421,1.49728,1.49753,1.00,1.00
2015.10.26 07:51:38.764,1.4973,1.49753,1.00,1.00
2015.10.26 07:51:38.866,1.49725,1.49751,1.00,1.00
2015.10.26 07:51:38.918,1.49725,1.49751,1.00,1.37
2015.10.26 07:51:39.791,1.49724,1.49751,1.12,1.50
2015.10.26 07:51:41.238,1.49725,1.49751,1.00,1.50
2015.10.26 07:51:41.954,1.49724,1.4975,1.00,1.37
2015.10.26 07:51:42.846,1.49719,1.49744,1.00,1.00
2015.10.26 07:51:43.190,1.49717,1.49743,1.87,1.00
2015.10.26 07:51:43.698,1.49718,1.49744,1.00,1.00
2015.10.26 07:51:44.343,1.49718,1.49744,1.00,1.75
2015.10.26 07:51:44.498,1.49715,1.49741,1.12,1.37
2015.10.26 07:51:45.763,1.49716,1.49742,1.00,1.50
2015.10.26 07:51:46.295,1.49715,1.49743,1.00,1.75
2015.10.26 07:51:46.448,1.49717,1.49743,1.00,1.75
2015.10.26 07:51:47.460,1.49719,1.49744,1.00,2.25
2015.10.26 07:51:49.320,1.4972,1.49744,1.00,2.25
2015.10.26 07:51:49.824,1.49719,1.49745,1.00,1.75
2015.10.26 07:51:50.738,1.4972,1.49745,1.00,1.75
2015.10.26 07:51:53.757,1.49721,1.49745,1.00,1.75
2015.10.26 07:51:55.408,1.4972,1.49744,1.00,1.75
2015.10.26 07:51:56.247,1.49719,1.49746,1.00,1.75
2015.10.26 07:51:59.467,1.49717,1.49744,1.00,1.75
2015.10.26 07:52:00.024,1.49719,1.49744,1.00,1.75
2015.10.26 07:52:00.691,1.49717,1.49745,1.00,2.25
2015.10.26 07:52:00.999,1.49719,1.49744,1.00,1.75
2015.10.26 07:52:01.463,1.49719,1.49746,1.00,1.75
2015.10.26 07:52:01.516,1.49717,1.49745,1.00,1.75
2015.10.26 07:52:01.911,1.49716,1.49744,1.12,1.75
2015.10.26 07:52:02.856,1.49713,1.49741,1.37,2.25
2015.10.26 07:52:03.291,1.49713,1.49739,1.37,1.12
2015.10.26 07:52:03.346,1.49712,1.49738,1.50,1.37
2015.10.26 07:52:06.452,1.49712,1.49738,1.00,2.25
2015.10.26 07:52:06.504,1.49712,1.49738,1.00,2.25
2015.10.26 07:52:06.893,1.4971,1.49738,1.00,2.25
2015.10.26 07:52:07.922,1.49712,1.49738,1.00,2.25
2015.10.26 07:52:08.492,1.49711,1.49739,1.00,1.75
2015.10.26 07:52:08.798,1.49711,1.49738,1.00,2.25
2015.10.26 07:52:09.559,1.49713,1.49738,1.00,2.25
2015.10.26 07:52:10.376,1.49713,1.49725,1.00,2.62
2015.10.26 07:52:10.428,1.49692,1.49715,1.00,1.00
2015.10.26 07:52:10.988,1.49687,1.49713,2.62,1.00
2015.10.26 07:52:11.769,1.49687,1.49712,1.87,1.00
2015.10.26 07:52:12.424,1.49687,1.49715,2.62,1.50
2015.10.26 07:52:12.944,1.49687,1.49715,2.62,1.75
2015.10.26 07:52:13.474,1.49685,1.49711,1.75,1.37
2015.10.26 07:52:13.781,1.49682,1.49708,1.12,1.50
2015.10.26 07:52:13.986,1.49679,1.49704,1.00,1.00
2015.10.26 07:52:14.089,1.49676,1.49703,1.12,1.50
2015.10.26 07:52:14.787,1.49673,1.49699,1.75,1.50
2015.10.26 07:52:15.638,1.49671,1.49699,1.37,1.50
2015.10.26 07:52:15.842,1.49671,1.49697,1.87,1.12
2015.10.26 07:52:16.345,1.49673,1.49699,1.00,1.50
2015.10.26 07:52:16.397,1.4967,1.49698,1.37,1.37
2015.10.26 07:52:17.200,1.49671,1.49697,1.00,1.75
2015.10.26 07:52:17.758,1.49672,1.49698,1.00,1.50
2015.10.26 07:52:17.809,1.49669,1.49697,1.87,1.00
2015.10.26 07:52:18.217,1.4967,1.49696,1.12,1.37
2015.10.26 07:52:19.907,1.49672,1.49698,1.00,1.75
2015.10.26 07:52:21.101,1.49668,1.49694,1.00,1.50
2015.10.26 07:52:22.196,1.4967,1.49696,1.00,1.75
2015.10.26 07:52:22.688,1.49666,1.49694,1.00,1.50
2015.10.26 07:52:23.193,1.49665,1.49693,1.00,1.37
2015.10.26 07:52:23.704,1.49665,1.49691,1.00,1.00
2015.10.26 07:52:24.195,1.49663,1.49691,1.37,1.37
2015.10.26 07:52:24.501,1.49666,1.49692,1.00,1.75
2015.10.26 07:52:24.960,1.49664,1.4969,1.12,1.50
2015.10.26 07:52:26.703,1.49664,1.4969,1.50,1.50
2015.10.26 07:52:29.406,1.49666,1.49694,1.00,1.75
2015.10.26 07:52:29.824,1.49668,1.49694,1.00,1.75
2015.10.26 07:52:29.876,1.49668,1.49694,1.00,1.50
2015.10.26 07:52:30.232,1.4967,1.49696,1.00,2.25
2015.10.26 07:52:30.335,1.49669,1.49694,1.00,1.00
2015.10.26 07:52:30.843,1.49666,1.49694,1.50,1.12
2015.10.26 07:52:30.896,1.49665,1.49692,2.62,1.00
2015.10.26 07:52:30.999,1.49667,1.49696,1.12,2.25
2015.10.26 07:52:31.510,1.49668,1.49695,1.00,1.50
2015.10.26 07:52:34.621,1.4967,1.49696,1.00,1.75
2015.10.26 07:52:36.422,1.49669,1.49695,1.00,1.50
2015.10.26 07:52:37.787,1.49666,1.49696,1.75,1.75
2015.10.26 07:52:38.094,1.49661,1.49686,1.12,1.37
2015.10.26 07:52:38.145,1.49661,1.49686,1.12,1.00
2015.10.26 07:52:38.697,1.49656,1.49685,1.75,1.00
2015.10.26 07:52:39.491,1.49658,1.49684,1.50,1.00
2015.10.26 07:52:40.025,1.49658,1.49684,1.50,1.00
2015.10.26 07:52:40.078,1.49656,1.49683,2.25,1.00
2015.10.26 07:52:40.384,1.49656,1.49681,1.75,1.00
2015.10.26 07:52:41.797,1.49656,1.49675,1.00,1.00
2015.10.26 07:52:41.849,1.49653,1.49675,1.50,1.00
2015.10.26 07:52:43.310,1.49651,1.49676,1.50,1.00
2015.10.26 07:52:44.440,1.49651,1.49676,1.50,1.00
2015.10.26 07:52:45.538,1.49652,1.49675,1.00,1.00
2015.10.26 07:52:48.491,1.49652,1.49674,1.00,1.00
2015.10.26 07:52:48.964,1.49652,1.49676,1.00,1.00
2015.10.26 07:52:49.589,1.49652,1.49678,1.00,1.00
2015.10.26 07:52:52.485,1.4965,1.49677,2.25,1.00
2015.10.26 07:52:52.792,1.49651,1.49674,1.50,1.00
2015.10.26 07:52:53.048,1.49642,1.49668,1.37,1.00
2015.10.26 07:52:53.151,1.4964,1.49668,1.75,1.00
2015.10.26 07:52:53.254,1.4964,1.49663,1.75,1.00
2015.10.26 07:52:53.725,1.49628,1.49654,1.12,1.00
2015.10.26 07:52:53.932,1.49631,1.49654,1.00,1.00
2015.10.26 07:52:53.983,1.49631,1.49659,1.00,1.00
2015.10.26 07:52:54.394,1.49635,1.49659,1.00,1.00
2015.10.26 07:52:54.912,1.49635,1.49661,1.50,1.00
2015.10.26 07:52:54.963,1.49635,1.49661,1.34,1.00
2015.10.26 07:52:55.508,1.49634,1.4966,1.46,1.00
2015.10.26 07:52:55.662,1.49634,1.49662,1.46,1.00
2015.10.26 07:52:56.172,1.49636,1.49662,1.00,1.00
2015.10.26 07:52:56.326,1.49634,1.4966,1.12,1.00
2015.10.26 07:52:56.632,1.4963,1.49656,1.37,1.00
2015.10.26 07:52:56.684,1.4963,1.49656,1.00,1.00
2015.10.26 07:52:56.735,1.49628,1.49656,1.12,1.00
2015.10.26 07:52:56.888,1.49626,1.49654,1.50,1.00
2015.10.26 07:52:56.942,1.49626,1.49654,1.50,1.00
2015.10.26 07:52:57.339,1.49624,1.49646,1.75,1.00
2015.10.26 07:52:57.654,1.49616,1.49639,1.12,1.00
2015.10.26 07:52:58.003,1.49611,1.49635,1.12,1.00
2015.10.26 07:52:58.561,1.49611,1.49633,1.00,1.00
2015.10.26 07:52:59.170,1.49611,1.49632,1.00,1.00
2015.10.26 07:52:59.832,1.49606,1.49631,1.37,1.00
2015.10.26 07:52:59.885,1.49605,1.49631,1.50,1.00
2015.10.26 07:52:59.937,1.49605,1.49629,1.50,1.00
2015.10.26 07:53:00.275,1.49605,1.49626,1.00,1.00
2015.10.26 07:53:02.038,1.49601,1.49627,1.75,1.00
2015.10.26 07:53:02.942,1.496,1.49628,1.50,1.00
2015.10.26 07:53:02.993,1.49601,1.49628,1.00,1.00
2015.10.26 07:53:03.148,1.49602,1.4963,1.00,1.00
2015.10.26 07:53:03.251,1.49604,1.4963,1.00,1.00
2015.10.26 07:53:03.584,1.49602,1.4963,1.00,1.00
2015.10.26 07:53:03.686,1.49602,1.49628,1.00,1.00
2015.10.26 07:53:04.063,1.49607,1.49635,1.00,1.00
2015.10.26 07:53:04.573,1.4961,1.49636,1.00,1.00
2015.10.26 07:53:04.794,1.49611,1.49639,1.00,1.00
2015.10.26 07:53:05.250,1.49603,1.49629,1.50,1.00
2015.10.26 07:53:05.557,1.49601,1.49627,1.87,1.00
2015.10.26 07:53:05.608,1.49601,1.49627,1.50,1.00
2015.10.26 07:53:05.865,1.496,1.49625,1.37,1.00
2015.10.26 07:53:07.072,1.49599,1.49624,1.75,1.00
2015.10.26 07:53:07.820,1.49599,1.49625,1.12,1.00
2015.10.26 07:53:08.394,1.49599,1.49621,1.12,1.00
2015.10.26 07:53:08.497,1.49597,1.49621,1.12,1.00
2015.10.26 07:53:08.650,1.49596,1.49619,2.25,1.00
2015.10.26 07:53:08.752,1.49594,1.49621,1.50,1.12
2015.10.26 07:53:09.624,1.49593,1.49618,1.75,1.00
2015.10.26 07:53:10.490,1.49593,1.49617,1.75,1.00
2015.10.26 07:53:11.407,1.49593,1.49617,1.12,1.00
2015.10.26 07:53:12.040,1.49593,1.49619,1.12,1.00
2015.10.26 07:53:13.796,1.49593,1.4962,1.87,1.00
2015.10.26 07:53:14.363,1.49596,1.4962,1.75,1.00
2015.10.26 07:53:14.466,1.49599,1.49627,1.12,1.50
2015.10.26 07:53:15.082,1.49599,1.49628,1.87,1.50
2015.10.26 07:53:15.337,1.49601,1.49625,1.37,1.00
2015.10.26 07:53:15.491,1.49601,1.49625,1.00,1.00
2015.10.26 07:53:15.542,1.49596,1.49625,2.25,1.50
2015.10.26 07:53:16.062,1.49595,1.49622,1.75,1.00
2015.10.26 07:53:16.575,1.49592,1.49616,1.00,1.00
2015.10.26 07:53:16.678,1.49587,1.49615,1.75,1.00
2015.10.26 07:53:16.935,1.49586,1.49615,1.50,1.50
2015.10.26 07:53:17.776,1.49579,1.49607,1.12,1.00
2015.10.26 07:53:17.828,1.49578,1.49607,2.62,1.00
2015.10.26 07:53:19.434,1.49582,1.49608,1.37,1.00
2015.10.26 07:53:20.743,1.4958,1.49608,1.12,1.00
2015.10.26 07:53:21.509,1.49579,1.49606,1.37,1.00
2015.10.26 07:53:21.928,1.49585,1.49606,1.00,1.00
2015.10.26 07:53:21.980,1.49585,1.4961,1.00,1.00
2015.10.26 07:53:22.082,1.49585,1.49611,1.37,1.00
2015.10.26 07:53:22.189,1.49586,1.49613,1.37,1.00
2015.10.26 07:53:22.597,1.49586,1.4961,1.37,1.00
2015.10.26 07:53:23.546,1.49582,1.4961,1.84,1.00
2015.10.26 07:53:23.599,1.49582,1.49608,1.34,1.00
2015.10.26 07:53:23.907,1.49581,1.49603,1.34,1.00
2015.10.26 07:53:24.265,1.49577,1.49602,1.75,1.00
2015.10.26 07:53:24.696,1.49577,1.496,1.75,1.00
2015.10.26 07:53:24.802,1.49577,1.49602,1.37,1.00
2015.10.26 07:53:25.346,1.49575,1.49601,1.00,1.00
2015.10.26 07:53:25.945,1.49571,1.49601,2.59,1.12
2015.10.26 07:53:27.339,1.49572,1.49602,1.46,1.50
2015.10.26 07:53:28.208,1.49571,1.49597,1.87,1.00
2015.10.26 07:53:28.549,1.49567,1.49596,1.00,1.50
2015.10.26 07:53:34.231,1.49566,1.49595,1.75,1.00
2015.10.26 07:53:34.691,1.49566,1.49595,2.25,1.50
2015.10.26 07:53:35.883,1.49567,1.49596,1.75,1.00
2015.10.26 07:53:36.393,1.49569,1.49597,1.37,1.00
2015.10.26 07:53:37.286,1.4957,1.49598,1.12,1.12
2015.10.26 07:53:38.094,1.49571,1.496,1.75,1.12
2015.10.26 07:53:38.733,1.49579,1.49608,1.12,1.50
2015.10.26 07:53:39.269,1.4958,1.49609,1.00,1.75
2015.10.26 07:53:39.321,1.49582,1.49611,1.00,1.12
2015.10.26 07:53:40.556,1.49582,1.4961,1.00,1.00
2015.10.26 07:53:42.944,1.49582,1.49611,1.00,1.12
2015.10.26 07:53:44.600,1.4958,1.4961,1.50,1.00
2015.10.26 07:53:44.702,1.49583,1.49611,1.00,1.12
2015.10.26 07:53:45.550,1.49585,1.49611,1.75,1.12
2015.10.26 07:53:45.602,1.49588,1.49617,1.75,1.00
2015.10.26 07:53:45.911,1.49588,1.49615,1.75,1.00
2015.10.26 07:53:46.421,1.49589,1.49616,1.75,1.00
2015.10.26 07:53:46.940,1.49589,1.49617,1.75,1.00
2015.10.26 07:53:47.352,1.49591,1.49619,1.37,1.00
2015.10.26 07:53:52.289,1.4959,1.4962,1.50,1.12
2015.10.26 07:53:52.341,1.4959,1.4962,1.75,1.00
2015.10.26 07:53:53.754,1.49592,1.49619,1.75,1.00
2015.10.26 07:53:54.387,1.4959,1.49616,1.12,1.00
2015.10.26 07:53:54.890,1.4959,1.49617,1.12,1.00
2015.10.26 07:53:56.973,1.49595,1.49619,1.00,1.00
2015.10.26 07:53:57.025,1.49595,1.49617,1.00,1.00
2015.10.26 07:53:57.484,1.4959,1.4961,1.37,1.00
2015.10.26 07:53:57.790,1.49586,1.49611,1.37,1.00
2015.10.26 07:53:58.318,1.49586,1.4961,1.00,1.00
2015.10.26 07:53:59.558,1.49586,1.49611,1.00,1.00
2015.10.26 07:53:59.924,1.49586,1.49613,1.00,1.00
2015.10.26 07:53:59.976,1.4959,1.49613,1.00,1.00
2015.10.26 07:54:00.080,1.49586,1.49613,1.00,1.00
2015.10.26 07:54:00.208,1.49591,1.49613,1.00,1.00
2015.10.26 07:54:00.311,1.49586,1.49613,1.00,1.00
2015.10.26 07:54:00.414,1.49591,1.49613,1.00,1.00
2015.10.26 07:54:00.568,1.49591,1.49617,1.00,1.00
2015.10.26 07:54:01.003,1.49591,1.49615,1.00,1.00
2015.10.26 07:54:01.213,1.49585,1.49613,1.87,1.00
2015.10.26 07:54:01.831,1.49586,1.49614,1.12,1.00
2015.10.26 07:54:02.376,1.49587,1.49614,1.00,1.00
2015.10.26 07:54:02.432,1.49585,1.49612,2.62,1.00
2015.10.26 07:54:02.942,1.49586,1.49611,1.12,1.00
2015.10.26 07:54:03.682,1.49586,1.4961,1.12,1.00
2015.10.26 07:54:04.980,1.49583,1.49607,1.00,1.00
2015.10.26 07:54:05.947,1.49583,1.49608,1.00,1.00
2015.10.26 07:54:06.931,1.49583,1.49604,1.00,1.00
2015.10.26 07:54:07.802,1.49583,1.49606,1.00,1.00
2015.10.26 07:54:08.565,1.49583,1.49609,1.50,1.00
2015.10.26 07:54:08.719,1.49583,1.49611,1.50,1.00
2015.10.26 07:54:08.874,1.49586,1.49611,1.00,1.00
2015.10.26 07:54:09.305,1.49587,1.49615,1.00,1.12
2015.10.26 07:54:10.026,1.49586,1.49614,1.12,1.00
2015.10.26 07:54:10.536,1.49585,1.49613,1.50,1.00
2015.10.26 07:54:11.227,1.49585,1.49613,1.00,1.50
2015.10.26 07:54:11.281,1.49589,1.49617,1.00,1.00
2015.10.26 07:54:11.333,1.49593,1.49618,1.00,1.00
2015.10.26 07:54:11.591,1.49599,1.49625,1.00,1.12
2015.10.26 07:54:12.211,1.49598,1.49624,1.00,1.00
2015.10.26 07:54:12.764,1.49599,1.49625,1.00,1.12
2015.10.26 07:54:13.667,1.496,1.49626,1.00,1.37
2015.10.26 07:54:14.829,1.49602,1.49628,1.00,1.75
2015.10.26 07:54:15.454,1.49604,1.49626,1.00,1.00
2015.10.26 07:54:15.508,1.49604,1.49631,1.00,1.75
2015.10.26 07:54:16.194,1.49605,1.49631,1.00,1.75
2015.10.26 07:54:17.278,1.49603,1.49631,1.00,2.25
2015.10.26 07:54:18.269,1.49602,1.49628,1.00,1.12
2015.10.26 07:54:18.681,1.49602,1.49628,1.50,1.00
2015.10.26 07:54:18.835,1.4961,1.49635,1.00,1.37
2015.10.26 07:54:18.938,1.49613,1.49635,1.00,1.37
2015.10.26 07:54:19.245,1.49611,1.49634,1.00,1.12
2015.10.26 07:54:22.329,1.49611,1.49637,1.00,1.50
2015.10.26 07:54:22.849,1.49611,1.49637,1.00,1.12
2015.10.26 07:54:23.385,1.49611,1.49636,1.00,1.00
2015.10.26 07:54:25.396,1.4961,1.49636,1.00,1.00
2015.10.26 07:54:25.499,1.49612,1.49636,1.00,1.00
2015.10.26 07:54:26.392,1.49614,1.49636,1.00,1.00
2015.10.26 07:54:28.364,1.49612,1.49636,1.00,1.00
2015.10.26 07:54:28.911,1.49611,1.49636,1.00,1.00
2015.10.26 07:54:29.116,1.49611,1.49637,1.00,3.75
2015.10.26 07:54:29.371,1.49609,1.49635,1.00,2.25
2015.10.26 07:54:30.252,1.49608,1.49634,1.00,1.75
2015.10.26 07:54:31.504,1.49607,1.49634,1.00,1.75
2015.10.26 07:54:33.316,1.49605,1.49634,1.00,2.25
2015.10.26 07:54:33.572,1.49608,1.49634,1.00,1.75
2015.10.26 07:54:33.674,1.49608,1.49634,1.12,1.00
2015.10.26 07:54:33.777,1.4961,1.49634,1.00,1.00
2015.10.26 07:54:34.083,1.49612,1.49634,1.00,1.00
2015.10.26 07:54:35.068,1.49611,1.49634,1.00,1.00
2015.10.26 07:54:35.375,1.49613,1.49634,1.00,1.00
2015.10.26 07:54:36.145,1.49612,1.49634,1.00,1.00
2015.10.26 07:54:36.674,1.49613,1.49634,1.00,1.00
2015.10.26 07:54:38.039,1.49612,1.49634,1.00,1.00
2015.10.26 07:54:38.605,1.49609,1.49634,1.75,1.00
2015.10.26 07:54:38.707,1.49609,1.49634,1.00,1.00
2015.10.26 07:54:39.311,1.49611,1.49634,1.00,1.00
2015.10.26 07:54:39.936,1.49612,1.49634,1.00,1.00
2015.10.26 07:54:40.791,1.49611,1.49634,1.00,1.00
2015.10.26 07:54:41.684,1.49611,1.49638,1.00,2.25
2015.10.26 07:54:42.236,1.49611,1.49638,1.12,1.37
2015.10.26 07:54:42.292,1.49619,1.49643,1.00,1.75
2015.10.26 07:54:42.394,1.49624,1.49646,1.00,1.12
2015.10.26 07:54:42.600,1.49622,1.49646,1.00,1.12
2015.10.26 07:54:42.805,1.4962,1.49646,1.00,1.12
2015.10.26 07:54:43.642,1.49623,1.49646,1.00,1.12
2015.10.26 07:54:45.739,1.49621,1.49646,1.00,1.12
2015.10.26 07:54:46.095,1.49619,1.49646,1.12,1.12
2015.10.26 07:54:46.908,1.49621,1.49646,1.00,1.12
2015.10.26 07:54:47.315,1.49623,1.49646,1.00,1.00
2015.10.26 07:54:48.633,1.4962,1.49646,1.75,1.00
2015.10.26 07:54:48.942,1.49619,1.49646,1.00,1.00
2015.10.26 07:54:50.468,1.4962,1.49646,1.00,1.00
2015.10.26 07:54:52.028,1.49619,1.49646,1.00,1.50
2015.10.26 07:54:52.543,1.49618,1.49645,1.87,1.00
2015.10.26 07:54:52.965,1.49612,1.49641,2.62,1.37
2015.10.26 07:54:53.556,1.49615,1.49642,1.50,1.12
2015.10.26 07:54:54.769,1.49616,1.49642,1.87,1.00
2015.10.26 07:54:56.352,1.49617,1.49644,1.37,1.00
2015.10.26 07:54:56.760,1.49615,1.49642,1.75,1.00
2015.10.26 07:54:56.863,1.49618,1.49645,1.12,1.00
2015.10.26 07:54:56.965,1.4962,1.49646,1.00,1.12
2015.10.26 07:54:57.859,1.49618,1.49645,1.12,1.00
2015.10.26 07:54:58.877,1.49619,1.49646,1.00,1.87
2015.10.26 07:54:59.723,1.49619,1.49646,1.37,1.12
2015.10.26 07:55:01.098,1.49622,1.49646,1.00,1.00
2015.10.26 07:55:01.726,1.49624,1.49646,1.00,1.00
2015.10.26 07:55:01.829,1.49624,1.4965,1.00,1.50
2015.10.26 07:55:02.715,1.49621,1.49648,1.75,1.00
2015.10.26 07:55:02.869,1.49622,1.49649,1.12,1.12
2015.10.26 07:55:03.847,1.49625,1.49654,1.00,2.25
2015.10.26 07:55:04.357,1.49623,1.49651,1.37,1.00
2015.10.26 07:55:05.915,1.49622,1.49653,1.50,1.37
2015.10.26 07:55:06.471,1.49625,1.49653,1.00,1.37
2015.10.26 07:55:07.080,1.49622,1.49649,1.00,1.50
2015.10.26 07:55:07.133,1.49619,1.49648,1.37,1.37
2015.10.26 07:55:07.235,1.49619,1.49646,1.00,1.37
2015.10.26 07:55:07.541,1.49615,1.49642,1.37,1.50
2015.10.26 07:55:08.087,1.49615,1.49642,1.12,1.50
2015.10.26 07:55:08.665,1.49613,1.4964,1.87,1.00
2015.10.26 07:55:09.100,1.49613,1.4964,1.87,1.00
2015.10.26 07:55:09.203,1.49615,1.49642,1.75,1.00
2015.10.26 07:55:09.305,1.49616,1.49645,1.75,1.00
2015.10.26 07:55:10.286,1.49617,1.49644,1.50,1.00
2015.10.26 07:55:11.173,1.49616,1.49641,1.12,1.00
2015.10.26 07:55:11.580,1.49613,1.49639,1.87,1.00
2015.10.26 07:55:12.254,1.49613,1.4964,2.62,1.00
2015.10.26 07:55:12.409,1.49613,1.4964,1.87,1.00
2015.10.26 07:55:12.462,1.49613,1.4964,1.50,1.37
2015.10.26 07:55:12.973,1.49611,1.4964,1.46,1.75
2015.10.26 07:55:13.591,1.4961,1.49637,2.59,1.00
2015.10.26 07:55:15.299,1.49611,1.49638,1.46,1.87
2015.10.26 07:55:20.970,1.49612,1.49641,1.84,1.75
2015.10.26 07:55:21.227,1.49615,1.49642,1.12,1.12
2015.10.26 07:55:21.329,1.49615,1.49644,1.50,2.25
2015.10.26 07:55:22.835,1.49617,1.49644,1.00,2.25
2015.10.26 07:55:26.225,1.49616,1.49644,1.50,1.50
2015.10.26 07:55:26.595,1.49616,1.49646,1.12,3.00
2015.10.26 07:55:26.647,1.49616,1.49643,1.00,1.00
2015.10.26 07:55:26.699,1.49618,1.49643,1.00,1.00
2015.10.26 07:55:27.045,1.49616,1.49643,1.00,1.00
2015.10.26 07:55:27.254,1.49615,1.49642,1.75,1.00
2015.10.26 07:55:27.662,1.49614,1.49642,1.00,1.50
2015.10.26 07:55:28.681,1.49614,1.49643,1.50,1.50
2015.10.26 07:55:29.088,1.49614,1.49641,1.50,1.00
2015.10.26 07:55:29.611,1.49615,1.49642,1.00,1.00
2015.10.26 07:55:30.213,1.49614,1.49642,1.00,1.00
2015.10.26 07:55:30.744,1.49614,1.49643,1.50,1.50
2015.10.26 07:55:31.267,1.49615,1.49643,1.00,1.00
2015.10.26 07:55:32.206,1.49618,1.49645,1.00,1.87
2015.10.26 07:55:32.259,1.49618,1.49645,1.12,1.12
2015.10.26 07:55:32.516,1.4962,1.49646,1.00,1.37
2015.10.26 07:55:33.026,1.49621,1.49648,1.00,1.75
2015.10.26 07:55:33.639,1.49619,1.49648,1.00,2.25
2015.10.26 07:55:33.793,1.49617,1.49644,1.00,1.37
2015.10.26 07:55:34.868,1.49616,1.49643,1.00,1.12
2015.10.26 07:55:35.382,1.49614,1.49644,1.37,1.37
2015.10.26 07:55:36.270,1.49614,1.49641,1.37,1.00
2015.10.26 07:55:36.479,1.49614,1.49643,1.37,1.12
2015.10.26 07:55:39.984,1.49615,1.49642,1.12,1.00
2015.10.26 07:55:41.225,1.4961,1.4964,1.75,1.12
2015.10.26 07:55:41.429,1.49614,1.49641,1.00,2.25
2015.10.26 07:55:42.970,1.49612,1.49639,1.12,1.00
2015.10.26 07:55:43.497,1.49614,1.49641,1.00,1.50
2015.10.26 07:55:43.805,1.49616,1.49641,1.50,1.00
2015.10.26 07:55:44.402,1.4962,1.49641,1.50,1.00
2015.10.26 07:55:44.651,1.4962,1.49647,1.50,1.50
2015.10.26 07:55:45.366,1.4962,1.49646,1.00,1.00
2015.10.26 07:55:46.014,1.49616,1.49643,1.00,2.25
2015.10.26 07:55:46.527,1.49615,1.49642,1.00,1.00
2015.10.26 07:55:46.937,1.49617,1.49643,1.00,1.00
2015.10.26 07:55:47.486,1.49616,1.49643,1.00,1.50
2015.10.26 07:55:49.239,1.49617,1.49643,1.00,1.00
2015.10.26 07:55:49.759,1.49618,1.49643,1.00,1.00
2015.10.26 07:55:52.090,1.49616,1.49643,1.00,1.00
2015.10.26 07:55:52.666,1.49616,1.49646,1.37,1.87
2015.10.26 07:55:52.718,1.49616,1.49646,1.75,1.87
2015.10.26 07:55:53.956,1.49617,1.49644,1.50,1.00
2015.10.26 07:55:54.969,1.49616,1.49645,1.75,1.00
2015.10.26 07:55:55.745,1.49615,1.49644,1.75,1.00
2015.10.26 07:55:56.104,1.49618,1.49646,1.12,1.87
2015.10.26 07:55:56.207,1.49619,1.49646,1.75,1.50
2015.10.26 07:55:58.495,1.49622,1.49649,1.50,1.12
2015.10.26 07:55:59.046,1.49622,1.4965,1.75,1.00
2015.10.26 07:56:00.832,1.49622,1.49649,1.75,1.00
2015.10.26 07:56:02.223,1.49623,1.4965,1.50,1.00
2015.10.26 07:56:02.733,1.49621,1.49649,1.75,1.00
2015.10.26 07:56:03.282,1.49624,1.4965,1.12,1.00
2015.10.26 07:56:04.083,1.49621,1.49648,1.75,1.00
2015.10.26 07:56:06.743,1.49622,1.4965,1.75,1.00
2015.10.26 07:56:06.949,1.49626,1.4965,1.75,1.00
2015.10.26 07:56:07.302,1.49632,1.49656,1.00,1.00
2015.10.26 07:56:07.355,1.49632,1.49659,1.75,1.00
2015.10.26 07:56:07.510,1.49634,1.49661,1.37,1.50
2015.10.26 07:56:08.024,1.49634,1.49663,1.37,1.37
2015.10.26 07:56:08.945,1.49637,1.49664,1.50,1.00
2015.10.26 07:56:09.101,1.49637,1.49666,1.50,1.50
2015.10.26 07:56:09.254,1.49641,1.49666,1.00,1.00
2015.10.26 07:56:09.460,1.49641,1.49668,1.00,1.00
2015.10.26 07:56:11.143,1.49638,1.49668,1.37,1.50
2015.10.26 07:56:11.464,1.49637,1.49663,1.37,1.00
2015.10.26 07:56:12.342,1.49639,1.49666,1.12,1.12
2015.10.26 07:56:12.972,1.49637,1.49664,1.50,1.00
2015.10.26 07:56:14.631,1.4964,1.4967,1.37,1.37
2015.10.26 07:56:14.683,1.4964,1.4967,1.75,1.12
2015.10.26 07:56:15.746,1.49645,1.49673,1.12,1.00
2015.10.26 07:56:20.179,1.49645,1.49674,1.12,1.00
2015.10.26 07:56:20.744,1.49646,1.49676,1.37,1.37
2015.10.26 07:56:20.848,1.49649,1.4968,1.50,2.25
2015.10.26 07:56:21.002,1.49652,1.49683,1.00,2.25
2015.10.26 07:56:21.104,1.49653,1.49683,1.12,1.50
2015.10.26 07:56:21.308,1.49655,1.49683,1.00,1.50
2015.10.26 07:56:21.866,1.49656,1.49685,1.00,1.50
2015.10.26 07:56:23.357,1.49657,1.49685,1.00,1.00
2015.10.26 07:56:23.520,1.49659,1.49685,1.00,1.00
2015.10.26 07:56:26.223,1.49659,1.49689,1.50,1.87
2015.10.26 07:56:29.045,1.49662,1.49689,1.00,1.12
2015.10.26 07:56:29.555,1.49663,1.49692,1.00,2.25
2015.10.26 07:56:30.103,1.49666,1.49692,1.00,1.37
2015.10.26 07:56:30.256,1.49664,1.49692,1.00,1.37
2015.10.26 07:56:31.115,1.49666,1.49692,1.00,1.37
2015.10.26 07:56:36.194,1.49665,1.49692,1.00,1.37
2015.10.26 07:56:38.931,1.49664,1.49692,1.00,1.37
2015.10.26 07:56:39.456,1.49665,1.49692,1.00,1.37
2015.10.26 07:56:40.458,1.49663,1.49692,1.12,1.37
2015.10.26 07:56:40.915,1.49663,1.49692,1.00,2.25
2015.10.26 07:56:41.020,1.49659,1.49689,1.50,1.50
2015.10.26 07:56:41.123,1.49659,1.49689,1.00,1.75
2015.10.26 07:56:41.689,1.4966,1.49688,1.00,1.75
2015.10.26 07:56:41.792,1.49658,1.49689,1.12,3.00
2015.10.26 07:56:41.894,1.4966,1.49689,1.00,3.00
2015.10.26 07:56:42.670,1.49659,1.49689,1.12,2.25
2015.10.26 07:56:43.100,1.49659,1.49689,1.12,2.25
2015.10.26 07:56:47.153,1.49658,1.49686,1.00,1.75
2015.10.26 07:56:47.509,1.49655,1.49683,1.87,1.12
2015.10.26 07:56:48.017,1.49653,1.49682,1.50,1.37
2015.10.26 07:56:48.420,1.4965,1.49681,1.87,1.75
2015.10.26 07:56:49.054,1.49651,1.4968,1.00,1.75
2015.10.26 07:56:50.191,1.49652,1.49681,1.00,1.75
2015.10.26 07:56:50.611,1.49655,1.49685,1.37,1.87
2015.10.26 07:56:50.663,1.49655,1.49687,1.75,1.50
2015.10.26 07:56:50.765,1.49657,1.49686,1.00,1.75
2015.10.26 07:56:51.353,1.49653,1.49683,1.50,1.75
2015.10.26 07:56:51.405,1.49657,1.49684,1.00,1.75
2015.10.26 07:56:51.923,1.49656,1.49685,1.00,1.75
2015.10.26 07:56:52.729,1.49659,1.49686,1.00,1.75
2015.10.26 07:56:53.139,1.49656,1.49686,1.00,1.75
2015.10.26 07:56:53.242,1.49661,1.49686,1.00,1.00
2015.10.26 07:56:53.551,1.49663,1.49687,1.00,1.00
2015.10.26 07:56:53.654,1.49661,1.49687,1.00,1.00
2015.10.26 07:56:54.785,1.4966,1.49687,1.00,1.00
2015.10.26 07:56:55.190,1.49662,1.49687,1.00,1.00
2015.10.26 07:56:55.394,1.49661,1.49689,1.00,1.00
2015.10.26 07:56:56.002,1.49661,1.4969,1.00,1.00
2015.10.26 07:56:56.511,1.49662,1.4969,1.00,1.00
2015.10.26 07:56:57.112,1.49663,1.4969,1.00,1.00
2015.10.26 07:56:57.748,1.49662,1.4969,1.00,1.00
2015.10.26 07:56:58.307,1.49663,1.4969,1.00,1.00
2015.10.26 07:56:58.949,1.49662,1.4969,1.00,1.50
2015.10.26 07:56:59.465,1.49661,1.49689,1.00,1.00
2015.10.26 07:57:00.492,1.49658,1.49689,1.50,1.75
2015.10.26 07:57:00.951,1.49657,1.49684,1.37,1.12
2015.10.26 07:57:01.003,1.49657,1.49684,1.00,1.50
2015.10.26 07:57:01.207,1.49655,1.49683,1.00,1.75
2015.10.26 07:57:01.861,1.49648,1.49677,2.25,1.50
2015.10.26 07:57:02.167,1.49648,1.49675,1.87,1.00
2015.10.26 07:57:02.473,1.49648,1.49675,1.37,1.75
2015.10.26 07:57:03.106,1.49646,1.49669,1.12,1.00
2015.10.26 07:57:03.157,1.49645,1.49673,1.00,1.75
2015.10.26 07:57:03.675,1.49643,1.49674,1.12,1.75
2015.10.26 07:57:04.186,1.49644,1.49673,1.00,1.75
2015.10.26 07:57:06.449,1.49647,1.49674,1.00,1.12
2015.10.26 07:57:06.859,1.4965,1.49677,1.00,1.75
2015.10.26 07:57:07.296,1.49648,1.49677,1.00,2.25
2015.10.26 07:57:08.514,1.49646,1.49677,1.12,1.75
2015.10.26 07:57:09.078,1.49647,1.49677,1.00,1.75
2015.10.26 07:57:09.783,1.49646,1.49676,1.37,1.00
2015.10.26 07:57:09.986,1.49653,1.49681,1.50,1.00
2015.10.26 07:57:10.494,1.49654,1.49681,1.00,1.00
2015.10.26 07:57:11.493,1.49653,1.49681,1.00,1.00
2015.10.26 07:57:13.098,1.49652,1.49681,1.37,1.37
2015.10.26 07:57:13.474,1.49655,1.49681,1.00,1.75
2015.10.26 07:57:13.710,1.49653,1.49681,1.00,1.75
2015.10.26 07:57:16.451,1.49651,1.49682,1.50,1.75
2015.10.26 07:57:16.957,1.49653,1.49682,1.00,1.75
2015.10.26 07:57:17.627,1.49652,1.49681,1.12,1.75
2015.10.26 07:57:18.173,1.49652,1.49681,1.37,1.75
2015.10.26 07:57:18.708,1.49652,1.49681,1.00,1.75
2015.10.26 07:57:19.258,1.4965,1.49681,2.25,1.75
2015.10.26 07:57:19.913,1.49651,1.49683,1.50,1.75
2015.10.26 07:57:20.462,1.49651,1.49679,1.37,1.12
2015.10.26 07:57:22.283,1.49653,1.49682,1.00,1.75
2015.10.26 07:57:22.440,1.49653,1.49682,1.00,1.75
2015.10.26 07:57:23.052,1.49652,1.49682,1.00,1.75
2015.10.26 07:57:24.670,1.49655,1.49682,1.00,1.75
2015.10.26 07:57:24.824,1.49653,1.49682,1.00,1.75
2015.10.26 07:57:25.606,1.49656,1.49684,1.00,3.00
2015.10.26 07:57:28.335,1.49654,1.49684,1.00,3.00
2015.10.26 07:57:28.641,1.49651,1.49681,1.12,1.75
2015.10.26 07:57:29.082,1.49654,1.49682,1.00,1.75
2015.10.26 07:57:29.837,1.49651,1.49682,1.12,1.75
2015.10.26 07:57:29.990,1.49651,1.4968,1.00,1.50
2015.10.26 07:57:30.427,1.49663,1.49685,1.00,1.75
2015.10.26 07:57:30.529,1.49665,1.49688,1.00,1.37
2015.10.26 07:57:30.632,1.49668,1.49697,1.00,1.75
2015.10.26 07:57:30.684,1.49671,1.49697,1.00,1.75
2015.10.26 07:57:30.736,1.49672,1.497,1.12,2.25
2015.10.26 07:57:30.839,1.49672,1.497,1.12,1.50
2015.10.26 07:57:31.093,1.49674,1.49701,1.00,1.12
2015.10.26 07:57:32.068,1.49686,1.49707,1.12,1.87
2015.10.26 07:57:32.120,1.49686,1.49716,1.50,1.00
2015.10.26 07:57:32.697,1.49688,1.49716,1.00,1.00
2015.10.26 07:57:33.395,1.49689,1.49716,1.00,1.00
2015.10.26 07:57:33.937,1.4969,1.49716,1.00,1.00
2015.10.26 07:57:34.377,1.49692,1.49718,1.00,1.37
2015.10.26 07:57:34.430,1.49692,1.4972,1.00,1.50
2015.10.26 07:57:34.983,1.49689,1.4972,1.50,2.25
2015.10.26 07:57:35.539,1.49689,1.4972,1.12,2.25
2015.10.26 07:57:36.242,1.49689,1.4972,1.37,2.25
2015.10.26 07:57:36.688,1.49694,1.4972,1.00,1.37
2015.10.26 07:57:38.203,1.49693,1.49722,1.00,1.75
2015.10.26 07:57:38.711,1.49689,1.49718,2.25,1.00
2015.10.26 07:57:40.355,1.49689,1.49718,1.00,1.75
2015.10.26 07:57:41.515,1.4969,1.49721,1.00,1.75
2015.10.26 07:57:42.158,1.4969,1.4972,1.00,1.00
2015.10.26 07:57:42.415,1.49688,1.49719,1.00,1.00
2015.10.26 07:57:42.940,1.4969,1.49719,1.00,1.00
2015.10.26 07:57:43.470,1.4969,1.4972,1.00,1.00
2015.10.26 07:57:44.486,1.49691,1.4972,1.00,1.50
2015.10.26 07:57:44.693,1.49689,1.4972,1.00,1.50
2015.10.26 07:57:45.368,1.4969,1.49718,1.00,1.00
2015.10.26 07:57:45.917,1.49689,1.49718,1.00,1.00
2015.10.26 07:57:46.444,1.4969,1.49718,1.00,1.50
2015.10.26 07:57:46.597,1.49688,1.49718,1.00,1.50
2015.10.26 07:57:46.903,1.4969,1.49718,1.00,1.50
2015.10.26 07:57:47.672,1.49691,1.49718,1.00,1.00
2015.10.26 07:57:49.543,1.4969,1.49718,1.00,1.00
2015.10.26 07:57:51.625,1.4969,1.4972,1.37,1.00
2015.10.26 07:57:52.135,1.49692,1.49721,1.12,1.50
2015.10.26 07:57:52.846,1.49691,1.4972,1.00,1.00
2015.10.26 07:57:53.879,1.49691,1.49719,1.00,1.00
2015.10.26 07:57:55.279,1.49691,1.4972,1.00,1.00
2015.10.26 07:57:55.924,1.49692,1.49719,1.00,1.00
2015.10.26 07:57:56.456,1.49691,1.49719,1.00,1.00
2015.10.26 07:57:57.069,1.49691,1.4972,1.00,1.00
2015.10.26 07:57:58.778,1.49698,1.49727,1.00,1.37
2015.10.26 07:57:59.035,1.49696,1.49726,1.00,1.37
2015.10.26 07:57:59.138,1.49698,1.49727,1.00,1.37
2015.10.26 07:57:59.241,1.49696,1.49725,1.00,1.12
2015.10.26 07:57:59.345,1.49695,1.49723,1.00,1.00
2015.10.26 07:57:59.861,1.49693,1.49721,1.00,1.00
2015.10.26 07:58:00.328,1.4969,1.49719,1.00,1.00
2015.10.26 07:58:01.474,1.49689,1.49719,1.00,1.00
2015.10.26 07:58:01.627,1.49691,1.49721,1.00,1.00
2015.10.26 07:58:02.302,1.49689,1.49719,1.00,1.00
2015.10.26 07:58:03.209,1.49684,1.49712,1.00,1.00
2015.10.26 07:58:03.412,1.49682,1.49712,1.50,1.00
2015.10.26 07:58:04.723,1.49683,1.49713,1.00,1.00
2015.10.26 07:58:04.825,1.49685,1.49714,1.00,1.00
2015.10.26 07:58:05.131,1.49688,1.49716,1.00,1.00
2015.10.26 07:58:05.663,1.49689,1.49717,1.00,1.00
2015.10.26 07:58:06.622,1.49687,1.49717,1.00,1.00
2015.10.26 07:58:06.930,1.49686,1.49714,1.00,1.00
2015.10.26 07:58:07.441,1.49687,1.49715,1.00,1.00
2015.10.26 07:58:07.492,1.49682,1.49712,1.00,1.00
2015.10.26 07:58:08.166,1.49683,1.49711,1.00,1.00
2015.10.26 07:58:08.925,1.4968,1.4971,1.00,1.00
2015.10.26 07:58:09.029,1.49682,1.4971,1.00,1.00
2015.10.26 07:58:09.764,1.49681,1.4971,1.00,1.00
2015.10.26 07:58:10.020,1.49679,1.49711,1.00,1.50
2015.10.26 07:58:10.579,1.4968,1.49708,1.00,1.00
2015.10.26 07:58:10.897,1.4968,1.4971,1.00,1.00
2015.10.26 07:58:12.421,1.49681,1.49711,1.00,1.50
2015.10.26 07:58:14.519,1.4968,1.49709,1.00,1.00
2015.10.26 07:58:15.632,1.49678,1.49707,1.12,1.00
2015.10.26 07:58:17.295,1.4968,1.49709,1.00,1.00
2015.10.26 07:58:17.836,1.4968,1.4971,1.00,1.00
2015.10.26 07:58:18.040,1.49678,1.4971,1.00,1.00
2015.10.26 07:58:18.245,1.49678,1.49707,1.00,1.00
2015.10.26 07:58:18.814,1.49676,1.49707,1.00,1.00
2015.10.26 07:58:19.579,1.49676,1.49704,1.00,1.00
2015.10.26 07:58:20.875,1.49675,1.49704,1.00,1.00
2015.10.26 07:58:21.859,1.49673,1.49703,1.00,1.00
2015.10.26 07:58:22.465,1.49674,1.49704,1.00,1.00
2015.10.26 07:58:22.676,1.49674,1.49706,1.37,1.00
2015.10.26 07:58:23.201,1.49676,1.49707,1.00,1.00
2015.10.26 07:58:23.844,1.49676,1.49706,1.00,1.00
2015.10.26 07:58:24.374,1.49676,1.49705,1.00,1.00
2015.10.26 07:58:25.171,1.49675,1.49705,1.87,1.00
2015.10.26 07:58:25.518,1.49676,1.49707,1.00,1.00
2015.10.26 07:58:26.028,1.49677,1.49708,1.00,1.50
2015.10.26 07:58:27.739,1.49679,1.49708,1.00,1.50
2015.10.26 07:58:27.944,1.49676,1.49707,1.50,1.00
2015.10.26 07:58:28.048,1.49676,1.49705,1.50,1.00
2015.10.26 07:58:28.535,1.49681,1.49711,1.00,1.50
2015.10.26 07:58:29.063,1.49682,1.49711,1.00,1.00
2015.10.26 07:58:29.522,1.49682,1.49711,1.00,1.75
2015.10.26 07:58:30.183,1.49685,1.49711,1.00,1.75
2015.10.26 07:58:31.054,1.49682,1.49713,1.00,1.75
2015.10.26 07:58:31.987,1.49683,1.49711,1.00,1.75
2015.10.26 07:58:33.435,1.49685,1.49711,1.00,1.75
2015.10.26 07:58:33.982,1.49686,1.49714,1.50,1.75
2015.10.26 07:58:35.437,1.49687,1.4971,1.00,1.00
2015.10.26 07:58:36.380,1.49688,1.4971,1.00,1.00
2015.10.26 07:58:36.909,1.49687,1.4971,1.00,1.00
2015.10.26 07:58:38.038,1.4969,1.4971,1.00,1.00
2015.10.26 07:58:38.192,1.49692,1.49716,1.00,1.00
2015.10.26 07:58:38.397,1.49696,1.49716,1.00,1.00
2015.10.26 07:58:41.205,1.4969,1.49716,1.00,1.00
2015.10.26 07:58:41.361,1.49693,1.49715,1.00,1.00
2015.10.26 07:58:43.209,1.49694,1.49715,1.00,1.00
2015.10.26 07:58:43.730,1.49693,1.49715,1.00,1.00
2015.10.26 07:58:44.224,1.49693,1.49721,1.00,1.75
2015.10.26 07:58:46.988,1.4969,1.49719,1.50,1.50
2015.10.26 07:58:47.091,1.49688,1.49716,1.00,1.00
2015.10.26 07:58:47.396,1.4969,1.49718,1.00,1.75
2015.10.26 07:58:47.549,1.49688,1.49718,1.00,1.75
2015.10.26 07:58:48.498,1.49688,1.49715,1.00,1.12
2015.10.26 07:58:48.549,1.49686,1.49715,1.46,1.12
2015.10.26 07:58:49.085,1.49687,1.49715,1.00,1.12
2015.10.26 07:58:49.858,1.49686,1.49715,1.46,1.12
2015.10.26 07:58:51.314,1.49688,1.49715,1.00,1.12
2015.10.26 07:58:52.881,1.49686,1.49711,1.12,1.00
2015.10.26 07:58:53.188,1.49685,1.49708,1.00,1.00
2015.10.26 07:58:53.508,1.49681,1.49709,1.84,1.87
2015.10.26 07:58:53.560,1.49681,1.49707,1.00,1.75
2015.10.26 07:58:54.300,1.49679,1.49707,1.00,1.75
2015.10.26 07:58:54.835,1.49678,1.49706,1.00,1.50
2015.10.26 07:58:55.697,1.49676,1.49705,3.00,1.37
2015.10.26 07:58:59.429,1.49676,1.49704,1.00,1.37
2015.10.26 07:58:59.756,1.49678,1.49704,1.00,1.37
2015.10.26 07:59:00.288,1.49677,1.49704,1.00,1.50
2015.10.26 07:59:00.877,1.49676,1.49703,1.00,1.75
2015.10.26 07:59:00.929,1.49674,1.49703,1.09,1.75
2015.10.26 07:59:01.452,1.49674,1.49702,1.00,1.75
2015.10.26 07:59:02.263,1.49671,1.49701,1.84,2.25
2015.10.26 07:59:05.737,1.49666,1.49696,1.84,2.25
2015.10.26 07:59:13.930,1.49665,1.49695,1.00,1.75
2015.10.26 07:59:14.042,1.49664,1.49693,1.00,1.75
2015.10.26 07:59:20.408,1.49665,1.49687,1.00,1.00
2015.10.26 07:59:21.110,1.49661,1.49687,1.34,1.00
2015.10.26 07:59:21.460,1.49661,1.49691,1.34,2.62
2015.10.26 07:59:22.278,1.49661,1.4969,1.34,2.25
2015.10.26 07:59:24.327,1.49661,1.49689,1.00,1.75
2015.10.26 07:59:24.379,1.49661,1.49681,1.00,1.00
2015.10.26 07:59:24.481,1.49661,1.49689,1.00,1.75
2015.10.26 07:59:25.023,1.49666,1.49689,1.00,1.75
2015.10.26 07:59:25.601,1.49665,1.49689,1.00,1.75
2015.10.26 07:59:26.317,1.49661,1.4969,1.00,1.75
2015.10.26 07:59:26.952,1.4966,1.49689,1.00,1.75
2015.10.26 07:59:27.296,1.49652,1.49679,1.00,1.50
2015.10.26 07:59:27.840,1.49648,1.49679,1.75,1.50
2015.10.26 07:59:29.519,1.49655,1.49679,1.00,1.50
2015.10.26 07:59:29.621,1.49651,1.49679,1.12,1.50
2015.10.26 07:59:30.586,1.49655,1.49684,1.00,2.25
2015.10.26 07:59:30.847,1.49651,1.49684,1.12,2.25
2015.10.26 07:59:32.277,1.49656,1.49684,1.00,2.25
2015.10.26 07:59:33.233,1.49656,1.49684,1.00,1.75
2015.10.26 07:59:33.636,1.49661,1.49688,1.00,1.75
2015.10.26 07:59:33.946,1.49661,1.49687,1.00,1.00
2015.10.26 07:59:35.553,1.49666,1.49687,1.00,1.00
2015.10.26 07:59:35.892,1.4966,1.49687,1.12,1.00
2015.10.26 07:59:36.298,1.49665,1.49687,1.00,1.00
2015.10.26 07:59:36.351,1.49661,1.49687,1.00,1.00
2015.10.26 07:59:37.429,1.4966,1.49687,1.00,1.00
2015.10.26 07:59:37.941,1.49658,1.49687,1.34,1.00
2015.10.26 07:59:38.247,1.49666,1.49687,1.00,1.00
2015.10.26 07:59:39.722,1.49665,1.49687,1.00,1.00
2015.10.26 07:59:40.308,1.49658,1.49687,1.71,1.00
2015.10.26 07:59:40.366,1.49657,1.49689,1.50,1.75
2015.10.26 07:59:40.725,1.49666,1.4969,1.00,3.00
2015.10.26 07:59:40.828,1.4966,1.4969,1.12,3.00
2015.10.26 07:59:41.778,1.49661,1.4969,1.00,3.00
2015.10.26 07:59:42.357,1.4966,1.4969,1.12,3.00
2015.10.26 07:59:42.460,1.4966,1.49686,1.12,1.00
2015.10.26 07:59:42.977,1.49661,1.49689,1.00,2.25
2015.10.26 07:59:43.487,1.4966,1.49689,1.00,2.25
2015.10.26 07:59:44.191,1.49661,1.49689,1.00,2.25
2015.10.26 07:59:44.776,1.49666,1.49689,1.00,2.25
2015.10.26 07:59:45.184,1.49666,1.49692,1.00,2.25
2015.10.26 07:59:45.780,1.49661,1.49692,1.00,2.25
2015.10.26 07:59:46.994,1.49666,1.49692,1.00,2.25
2015.10.26 07:59:47.349,1.49661,1.49692,1.00,1.75
2015.10.26 07:59:47.514,1.49661,1.49692,1.34,1.75
2015.10.26 07:59:48.056,1.49666,1.49692,1.00,1.75
2015.10.26 07:59:48.909,1.49665,1.49692,1.09,1.75
2015.10.26 07:59:50.452,1.49666,1.49692,1.00,1.75
2015.10.26 07:59:50.985,1.49665,1.49692,1.09,1.75
2015.10.26 07:59:52.803,1.49666,1.49692,1.00,1.75
2015.10.26 07:59:53.356,1.49665,1.49694,1.09,2.25
2015.10.26 07:59:54.155,1.49666,1.49694,1.00,2.25
2015.10.26 07:59:54.665,1.49665,1.49694,1.09,2.25
2015.10.26 07:59:55.262,1.49675,1.49694,1.00,2.25
2015.10.26 07:59:55.467,1.49679,1.49704,1.09,2.25
2015.10.26 07:59:55.519,1.49679,1.49703,1.09,1.00
2015.10.26 07:59:56.584,1.49685,1.49715,1.34,2.25
2015.10.26 07:59:56.687,1.49685,1.49716,1.34,1.75
2015.10.26 07:59:56.740,1.49685,1.49711,1.34,1.00
2015.10.26 07:59:58.218,1.49685,1.49711,1.71,1.00
2015.10.26 07:59:58.596,1.49685,1.49711,1.84,1.00
