2008.12.30 08:00:00.506,1.5287,1.52925,3.20,1.00
2008.12.30 08:00:01.295,1.52885,1.52995,3.20,1.00
2008.12.30 08:00:01.745,1.52885,1.52995,3.20,1.20
2008.12.30 08:00:02.145,1.52885,1.5298,4.80,1.00
2008.12.30 08:00:02.535,1.5289,1.52965,1.60,1.00
2008.12.30 08:00:02.935,1.5291,1.53025,1.60,2.40
2008.12.30 08:00:03.325,1.5291,1.5302,1.60,1.00
2008.12.30 08:00:03.845,1.52925,1.53,1.00,1.00
2008.12.30 08:00:04.304,1.5289,1.52995,1.00,1.00
2008.12.30 08:00:04.714,1.5289,1.5299,3.80,1.00
2008.12.30 08:00:05.154,1.52905,1.5299,3.20,1.00
2008.12.30 08:00:06.074,1.52915,1.52985,3.20,1.00
2008.12.30 08:00:06.534,1.52915,1.5298,3.20,1.00
2008.12.30 08:00:07.764,1.52915,1.5297,3.20,1.00
2008.12.30 08:00:09.313,1.52915,1.52975,3.20,1.00
2008.12.30 08:00:10.463,1.52915,1.5297,3.20,1.00
2008.12.30 08:00:10.683,1.52915,1.52975,3.20,1.00
2008.12.30 08:00:12.822,1.5292,1.5297,1.20,1.00
2008.12.30 08:00:14.292,1.5291,1.52975,4.20,1.00
2008.12.30 08:00:14.702,1.52915,1.5298,3.20,1.00
2008.12.30 08:00:16.142,1.52915,1.5297,3.80,1.00
2008.12.30 08:00:16.321,1.52915,1.5297,3.20,1.00
2008.12.30 08:00:16.961,1.52915,1.52975,3.20,1.00
2008.12.30 08:00:17.242,1.52915,1.5298,3.20,1.00
2008.12.30 08:00:18.052,1.52915,1.5304,3.20,1.00
2008.12.30 08:00:18.621,1.5293,1.5307,1.60,3.40
2008.12.30 08:00:19.361,1.52905,1.53025,3.20,1.00
2008.12.30 08:00:19.811,1.52905,1.52995,3.20,1.00
2008.12.30 08:00:21.010,1.5292,1.5298,1.20,1.00
2008.12.30 08:00:23.020,1.5292,1.52985,1.20,1.00
2008.12.30 08:00:23.650,1.5292,1.5299,1.20,1.00
2008.12.30 08:00:24.010,1.5292,1.52995,1.20,1.00
2008.12.30 08:00:24.470,1.5292,1.52985,1.20,1.00
2008.12.30 08:00:26.199,1.52915,1.5299,3.20,1.00
2008.12.30 08:00:26.979,1.5293,1.5299,1.00,1.00
2008.12.30 08:00:27.379,1.5293,1.5299,1.20,1.00
2008.12.30 08:00:27.549,1.5293,1.5298,1.20,1.00
2008.12.30 08:00:28.129,1.5293,1.5297,1.20,1.00
2008.12.30 08:00:28.919,1.52935,1.5297,3.20,1.00
2008.12.30 08:00:29.329,1.5293,1.5299,1.60,1.00
2008.12.30 08:00:29.798,1.5293,1.5298,1.20,1.00
2008.12.30 08:00:30.658,1.5293,1.52985,1.20,1.00
2008.12.30 08:00:31.538,1.5293,1.53025,1.20,1.00
2008.12.30 08:00:32.238,1.5293,1.5302,1.20,1.00
2008.12.30 08:00:33.668,1.5293,1.53045,1.60,1.00
2008.12.30 08:00:34.087,1.5292,1.5303,1.60,1.00
2008.12.30 08:00:34.447,1.52935,1.5303,1.00,1.00
2008.12.30 08:00:34.867,1.5291,1.5302,1.60,1.00
2008.12.30 08:00:35.207,1.5291,1.53055,1.60,1.00
2008.12.30 08:00:35.497,1.5293,1.5306,4.80,2.40
2008.12.30 08:00:35.897,1.5294,1.53075,4.80,2.40
2008.12.30 08:00:36.427,1.5294,1.5307,1.00,2.40
2008.12.30 08:00:36.657,1.52945,1.53075,1.00,2.40
2008.12.30 08:00:37.766,1.5295,1.53075,1.00,2.40
2008.12.30 08:00:38.416,1.52945,1.53075,1.00,2.40
2008.12.30 08:00:38.596,1.5295,1.53075,1.00,2.40
2008.12.30 08:00:38.936,1.5294,1.5307,6.00,2.40
2008.12.30 08:00:39.166,1.5294,1.5307,1.60,2.40
2008.12.30 08:00:39.846,1.5294,1.5307,6.00,2.40
2008.12.30 08:00:40.236,1.5294,1.53035,4.80,1.00
2008.12.30 08:00:40.696,1.5294,1.5302,1.20,2.40
2008.12.30 08:00:41.046,1.5294,1.5301,1.20,2.40
2008.12.30 08:00:41.845,1.5294,1.53015,1.20,2.40
2008.12.30 08:00:42.475,1.5294,1.5302,1.20,2.40
2008.12.30 08:00:43.605,1.5294,1.5302,1.20,2.80
2008.12.30 08:00:44.065,1.5294,1.53015,1.20,2.40
2008.12.30 08:00:44.295,1.5294,1.53,1.20,1.00
2008.12.30 08:00:44.875,1.5294,1.5302,1.20,1.00
2008.12.30 08:00:45.785,1.5294,1.53055,3.20,1.00
2008.12.30 08:00:46.234,1.5294,1.5306,1.20,1.00
2008.12.30 08:00:46.414,1.5296,1.5306,1.00,1.00
2008.12.30 08:00:47.244,1.5294,1.5305,5.60,1.00
2008.12.30 08:00:47.414,1.5295,1.5305,1.20,1.00
2008.12.30 08:00:49.374,1.5295,1.5306,1.20,3.20
2008.12.30 08:00:50.803,1.5295,1.53055,1.20,2.40
2008.12.30 08:00:50.863,1.5295,1.53055,1.20,3.20
2008.12.30 08:00:50.983,1.5295,1.5305,1.20,1.00
2008.12.30 08:00:51.043,1.5295,1.5306,1.20,2.40
2008.12.30 08:00:51.443,1.5295,1.53055,1.20,2.40
2008.12.30 08:00:53.053,1.5295,1.53055,1.20,3.20
2008.12.30 08:00:56.362,1.5295,1.5305,1.20,1.00
2008.12.30 08:00:56.412,1.5294,1.5305,1.60,1.00
2008.12.30 08:00:56.532,1.5295,1.53055,1.20,3.20
2008.12.30 08:01:00.141,1.5295,1.5305,1.20,1.00
2008.12.30 08:01:00.711,1.5295,1.5306,3.20,1.00
2008.12.30 08:01:01.001,1.5295,1.53065,3.20,1.00
2008.12.30 08:01:01.461,1.5297,1.53065,1.00,1.00
2008.12.30 08:01:01.921,1.5295,1.53055,6.00,1.00
2008.12.30 08:01:02.500,1.5295,1.53055,2.80,1.00
2008.12.30 08:01:03.120,1.5296,1.53045,1.60,1.00
2008.12.30 08:01:03.420,1.5296,1.5304,1.20,1.00
2008.12.30 08:01:03.710,1.5295,1.5304,1.60,1.00
2008.12.30 08:01:04.230,1.5295,1.5308,2.60,2.40
2008.12.30 08:01:04.760,1.5297,1.53085,4.80,2.40
2008.12.30 08:01:05.160,1.5297,1.5306,3.20,2.40
2008.12.30 08:01:05.610,1.5296,1.5306,1.20,2.40
2008.12.30 08:01:06.369,1.5296,1.53055,1.20,2.40
2008.12.30 08:01:07.109,1.5296,1.5305,1.20,2.40
2008.12.30 08:01:08.089,1.5296,1.53055,1.20,2.40
2008.12.30 08:01:09.119,1.5296,1.53045,1.20,2.40
2008.12.30 08:01:09.759,1.5296,1.5305,1.20,2.40
2008.12.30 08:01:10.440,1.5296,1.53055,1.20,2.40
2008.12.30 08:01:11.069,1.5296,1.53065,1.20,3.20
2008.12.30 08:01:11.399,1.5296,1.5306,1.20,1.00
2008.12.30 08:01:11.858,1.5296,1.53065,1.20,3.20
2008.12.30 08:01:12.318,1.5296,1.53065,1.20,3.40
2008.12.30 08:01:12.428,1.5296,1.53045,1.20,1.00
2008.12.30 08:01:12.898,1.5296,1.53065,1.20,1.00
2008.12.30 08:01:12.958,1.5296,1.5307,1.20,3.40
2008.12.30 08:01:13.289,1.5296,1.5307,1.20,3.20
2008.12.30 08:01:13.708,1.5296,1.53065,1.20,1.00
2008.12.30 08:01:16.187,1.5296,1.53045,1.20,1.00
2008.12.30 08:01:17.347,1.5296,1.5305,1.20,1.00
2008.12.30 08:01:17.697,1.5296,1.5307,1.20,2.40
2008.12.30 08:01:18.287,1.5296,1.5308,1.20,2.40
2008.12.30 08:01:18.967,1.5296,1.5306,1.20,1.00
2008.12.30 08:01:19.326,1.5296,1.53035,1.20,1.00
2008.12.30 08:01:19.736,1.5296,1.5305,1.20,1.00
2008.12.30 08:01:21.046,1.5296,1.5305,1.20,1.00
2008.12.30 08:01:21.336,1.5296,1.53055,1.20,2.80
2008.12.30 08:01:22.036,1.5296,1.53055,1.20,1.00
2008.12.30 08:01:23.116,1.5296,1.53055,1.60,1.00
2008.12.30 08:01:23.585,1.5295,1.53045,1.60,1.00
2008.12.30 08:01:23.965,1.5297,1.53045,1.00,1.00
2008.12.30 08:01:24.245,1.5296,1.53045,1.60,1.00
2008.12.30 08:01:25.125,1.52965,1.53045,1.00,1.00
2008.12.30 08:01:25.415,1.5295,1.53045,1.60,1.00
2008.12.30 08:01:26.385,1.5295,1.5305,1.60,1.00
2008.12.30 08:01:26.964,1.5295,1.53045,1.60,1.00
2008.12.30 08:01:27.194,1.5296,1.53045,1.20,1.00
2008.12.30 08:01:31.783,1.5296,1.5306,1.20,3.20
2008.12.30 08:01:32.423,1.5296,1.53055,1.20,1.00
2008.12.30 08:01:35.952,1.5296,1.5304,1.20,1.00
2008.12.30 08:01:36.293,1.5296,1.53045,1.20,1.20
2008.12.30 08:01:39.382,1.5296,1.53045,1.20,1.00
2008.12.30 08:01:39.612,1.5296,1.53045,1.20,1.20
2008.12.30 08:01:40.082,1.5296,1.53045,1.20,1.00
2008.12.30 08:01:40.381,1.5296,1.53045,1.20,1.20
2008.12.30 08:01:41.181,1.5296,1.53035,1.20,1.00
2008.12.30 08:01:41.421,1.5296,1.5304,1.20,1.00
2008.12.30 08:01:42.671,1.5296,1.53075,1.20,2.40
2008.12.30 08:01:44.010,1.5296,1.5306,1.20,2.40
2008.12.30 08:01:44.411,1.5296,1.5306,1.20,2.80
2008.12.30 08:01:44.640,1.5296,1.53055,1.20,2.40
2008.12.30 08:01:46.210,1.5296,1.5305,1.20,1.00
2008.12.30 08:01:47.769,1.5296,1.53035,1.20,1.00
2008.12.30 08:01:48.279,1.5296,1.5307,1.20,3.20
2008.12.30 08:01:48.629,1.5296,1.53065,1.20,1.00
2008.12.30 08:01:49.909,1.5295,1.53045,1.60,1.00
2008.12.30 08:01:50.369,1.5296,1.53045,1.20,1.00
2008.12.30 08:01:50.839,1.5296,1.5304,1.20,1.00
2008.12.30 08:01:52.578,1.5296,1.5303,1.20,1.00
2008.12.30 08:01:57.527,1.5296,1.5304,1.20,1.20
2008.12.30 08:01:58.027,1.5296,1.53025,1.20,1.00
2008.12.30 08:01:58.427,1.5296,1.5303,1.20,1.00
2008.12.30 08:01:59.967,1.5296,1.53035,1.20,1.00
2008.12.30 08:02:00.537,1.5296,1.5307,1.20,3.40
2008.12.30 08:02:00.987,1.5296,1.5305,1.20,1.00
2008.12.30 08:02:01.846,1.5296,1.53035,1.20,1.00
2008.12.30 08:02:03.586,1.5296,1.5305,1.20,1.00
2008.12.30 08:02:07.435,1.5296,1.5304,1.20,1.00
2008.12.30 08:02:07.895,1.5296,1.53045,1.20,1.00
2008.12.30 08:02:08.594,1.5296,1.5305,1.20,1.00
2008.12.30 08:02:10.264,1.5298,1.5306,1.20,1.00
2008.12.30 08:02:10.834,1.5298,1.53065,1.20,3.20
2008.12.30 08:02:11.464,1.5299,1.53045,1.20,1.00
2008.12.30 08:02:13.473,1.5299,1.5303,1.20,1.00
2008.12.30 08:02:14.103,1.5299,1.53005,1.20,1.00
2008.12.30 08:02:14.503,1.5299,1.53,1.20,1.00
2008.12.30 08:02:14.913,1.5299,1.52995,1.20,1.00
2008.12.30 08:02:15.703,1.5299,1.53045,1.20,1.00
2008.12.30 08:02:16.393,1.5299,1.5308,1.20,1.00
2008.12.30 08:02:16.793,1.5299,1.5307,1.20,1.00
2008.12.30 08:02:17.133,1.5299,1.53075,1.20,2.40
2008.12.30 08:02:17.422,1.5299,1.53015,1.20,1.00
2008.12.30 08:02:17.892,1.5299,1.53065,1.20,2.40
2008.12.30 08:02:18.342,1.5299,1.53065,1.20,1.00
2008.12.30 08:02:18.632,1.5299,1.53075,1.20,2.40
2008.12.30 08:02:18.912,1.5299,1.53055,1.20,2.40
2008.12.30 08:02:19.672,1.5299,1.5305,1.20,1.00
2008.12.30 08:02:20.342,1.5299,1.5304,1.20,1.00
2008.12.30 08:02:20.741,1.5299,1.53045,1.20,1.00
2008.12.30 08:02:21.032,1.5299,1.5304,1.20,1.00
2008.12.30 08:02:22.361,1.5299,1.5306,1.20,3.20
2008.12.30 08:02:22.641,1.5299,1.5308,1.20,3.20
2008.12.30 08:02:22.981,1.5299,1.5307,1.20,1.00
2008.12.30 08:02:23.691,1.5299,1.53055,1.20,1.00
2008.12.30 08:02:24.721,1.5299,1.5305,1.20,1.00
2008.12.30 08:02:25.070,1.5299,1.53045,1.20,1.00
2008.12.30 08:02:25.481,1.5299,1.5304,1.20,1.00
2008.12.30 08:02:25.950,1.5299,1.53045,1.20,1.00
2008.12.30 08:02:32.639,1.5299,1.5305,1.20,1.00
2008.12.30 08:02:32.939,1.5299,1.5306,1.20,1.00
2008.12.30 08:02:33.619,1.5299,1.5305,1.20,1.00
2008.12.30 08:02:34.138,1.5299,1.53055,1.20,1.00
2008.12.30 08:02:34.638,1.5299,1.53055,1.20,1.20
2008.12.30 08:02:34.998,1.5299,1.53055,1.20,1.00
2008.12.30 08:02:35.908,1.5299,1.5307,1.20,1.00
2008.12.30 08:02:36.828,1.53,1.5307,1.20,1.00
2008.12.30 08:02:37.337,1.53,1.53055,1.20,1.00
2008.12.30 08:02:37.748,1.53,1.5306,1.20,1.00
2008.12.30 08:02:42.626,1.53,1.53045,1.20,1.00
2008.12.30 08:02:43.066,1.53,1.5305,1.20,1.00
2008.12.30 08:02:43.466,1.53,1.53035,1.20,1.00
2008.12.30 08:02:44.516,1.53,1.5307,1.20,1.00
2008.12.30 08:02:44.796,1.53,1.53065,1.20,2.40
2008.12.30 08:02:45.436,1.53,1.5305,1.20,2.40
2008.12.30 08:02:48.885,1.53,1.5303,1.20,2.80
2008.12.30 08:02:49.185,1.53,1.53025,1.20,2.40
2008.12.30 08:02:52.444,1.53,1.53025,1.20,2.80
2008.12.30 08:02:53.064,1.53,1.5302,1.20,2.40
2008.12.30 08:02:53.304,1.53,1.5302,1.20,2.80
2008.12.30 08:02:53.474,1.53,1.5302,1.20,2.40
2008.12.30 08:02:53.754,1.53,1.53025,1.20,1.00
2008.12.30 08:02:55.764,1.53,1.5302,1.20,1.00
2008.12.30 08:02:57.163,1.53,1.5303,1.20,1.00
2008.12.30 08:02:57.793,1.53,1.53005,1.20,1.00
2008.12.30 08:03:04.271,1.53,1.5304,1.20,2.00
2008.12.30 08:03:13.339,1.53,1.5306,1.20,1.00
2008.12.30 08:03:14.429,1.53,1.5304,1.20,1.00
2008.12.30 08:03:15.299,1.53,1.53045,1.20,1.00
2008.12.30 08:03:18.828,1.53,1.5304,1.20,1.00
2008.12.30 08:03:20.377,1.53,1.53045,1.20,1.00
2008.12.30 08:03:20.598,1.53,1.5301,1.20,1.00
2008.12.30 08:03:23.886,1.5294,1.53,2.80,1.00
2008.12.30 08:03:25.336,1.53,1.53065,1.20,1.00
2008.12.30 08:03:25.906,1.53,1.5307,1.20,2.40
2008.12.30 08:03:26.196,1.53,1.53075,1.20,2.40
2008.12.30 08:03:26.656,1.53,1.53055,1.20,1.00
2008.12.30 08:03:27.006,1.53,1.53055,1.20,2.80
2008.12.30 08:03:27.705,1.53,1.5304,1.20,1.00
2008.12.30 08:03:27.936,1.53,1.5303,1.20,1.20
2008.12.30 08:03:28.345,1.53,1.53015,1.20,1.00
2008.12.30 08:03:30.075,1.53,1.5303,1.20,1.00
2008.12.30 08:03:30.655,1.53,1.53005,1.20,1.00
2008.12.30 08:03:32.944,1.53,1.5305,1.20,1.00
2008.12.30 08:03:33.424,1.53,1.5306,1.20,1.00
2008.12.30 08:03:34.535,1.53,1.5304,1.20,1.00
2008.12.30 08:03:35.034,1.53,1.5305,1.20,1.00
2008.12.30 08:03:35.893,1.53,1.5303,1.20,1.00
2008.12.30 08:03:36.073,1.53,1.5302,1.20,1.00
2008.12.30 08:03:36.653,1.53,1.53035,1.20,1.00
2008.12.30 08:03:38.953,1.53,1.5302,1.20,1.00
2008.12.30 08:03:39.343,1.53,1.53025,1.20,1.00
2008.12.30 08:03:39.563,1.53,1.5303,1.20,1.00
2008.12.30 08:03:40.132,1.53,1.53025,1.20,1.00
2008.12.30 08:03:41.312,1.53,1.53035,1.20,1.00
2008.12.30 08:03:46.131,1.5299,1.5307,2.60,1.00
2008.12.30 08:03:46.651,1.53,1.53065,1.20,1.00
2008.12.30 08:03:46.981,1.5299,1.53055,1.60,1.00
2008.12.30 08:03:47.321,1.5299,1.5305,3.40,1.00
2008.12.30 08:03:47.733,1.5299,1.5305,2.60,1.00
2008.12.30 08:03:48.360,1.5299,1.53035,2.60,1.00
2008.12.30 08:03:48.591,1.53,1.53035,1.20,1.00
2008.12.30 08:03:51.320,1.5299,1.53035,1.60,1.00
2008.12.30 08:03:51.500,1.53,1.53035,1.20,1.00
2008.12.30 08:04:00.597,1.53,1.53095,1.20,3.40
2008.12.30 08:04:04.567,1.53,1.5306,1.20,1.00
2008.12.30 08:04:04.917,1.53,1.53055,1.20,1.00
2008.12.30 08:04:05.146,1.53,1.5306,1.20,1.00
2008.12.30 08:04:05.786,1.53,1.53055,1.20,1.00
2008.12.30 08:04:06.126,1.53,1.5306,1.20,1.00
2008.12.30 08:04:06.646,1.53,1.53055,1.20,1.00
2008.12.30 08:04:06.976,1.53,1.5305,1.20,1.00
2008.12.30 08:04:08.146,1.53,1.53055,1.20,1.00
2008.12.30 08:04:08.506,1.53,1.53055,1.20,2.80
2008.12.30 08:04:08.856,1.53,1.53035,1.20,1.00
2008.12.30 08:04:09.196,1.53,1.5305,1.20,1.00
2008.12.30 08:04:11.125,1.53,1.53065,1.20,2.40
2008.12.30 08:04:11.585,1.53,1.53075,1.20,1.40
2008.12.30 08:04:12.035,1.53,1.5309,1.20,2.40
2008.12.30 08:04:12.555,1.53,1.53095,1.20,2.40
2008.12.30 08:04:12.945,1.53,1.53105,1.20,2.40
2008.12.30 08:04:13.124,1.53,1.531,1.20,2.40
2008.12.30 08:04:13.644,1.53,1.531,1.20,2.80
2008.12.30 08:04:13.924,1.53,1.53095,1.20,2.80
2008.12.30 08:04:14.044,1.53,1.5309,1.20,2.40
2008.12.30 08:04:15.664,1.53,1.5309,1.20,2.80
2008.12.30 08:04:16.064,1.53,1.53085,1.20,2.40
2008.12.30 08:04:16.114,1.53,1.5309,1.20,2.80
2008.12.30 08:04:17.523,1.53,1.531,1.20,2.40
2008.12.30 08:04:18.453,1.5299,1.53115,1.60,2.40
2008.12.30 08:04:19.103,1.53005,1.5312,1.00,3.20
2008.12.30 08:04:19.323,1.5301,1.5312,1.00,3.20
2008.12.30 08:04:19.793,1.52995,1.5312,4.80,5.60
2008.12.30 08:04:20.263,1.53,1.5312,1.00,5.60
2008.12.30 08:04:20.603,1.53,1.5312,1.00,3.80
2008.12.30 08:04:20.713,1.53,1.5312,1.00,5.60
2008.12.30 08:04:21.523,1.5298,1.53085,1.00,1.00
2008.12.30 08:04:21.932,1.5298,1.5311,1.00,2.40
2008.12.30 08:04:22.342,1.5298,1.53105,1.00,2.40
2008.12.30 08:04:23.542,1.5298,1.5307,1.00,1.00
2008.12.30 08:04:24.062,1.5298,1.53075,1.00,3.20
2008.12.30 08:04:24.292,1.5299,1.5307,1.00,1.00
2008.12.30 08:04:24.792,1.5299,1.53085,1.00,4.60
2008.12.30 08:04:25.142,1.5301,1.5313,1.00,3.20
2008.12.30 08:04:26.001,1.5303,1.5313,1.00,3.20
2008.12.30 08:04:26.701,1.53035,1.5312,1.00,3.20
2008.12.30 08:04:30.150,1.53005,1.5312,1.00,3.20
2008.12.30 08:04:30.830,1.53,1.5312,1.00,3.20
2008.12.30 08:04:31.620,1.53015,1.5312,1.00,3.20
2008.12.30 08:04:32.200,1.5301,1.5311,1.00,2.40
2008.12.30 08:04:33.180,1.5301,1.531,1.00,2.40
2008.12.30 08:04:34.050,1.5301,1.5309,1.00,2.40
2008.12.30 08:04:34.699,1.5301,1.53095,1.00,2.40
2008.12.30 08:04:41.398,1.5301,1.53115,1.00,2.40
2008.12.30 08:04:41.808,1.53015,1.53115,3.20,2.40
2008.12.30 08:04:42.218,1.5301,1.5312,6.00,3.20
2008.12.30 08:04:42.397,1.53025,1.5312,1.00,3.20
2008.12.30 08:04:42.677,1.5301,1.5312,1.00,3.20
2008.12.30 08:04:42.797,1.5301,1.5312,1.00,3.20
2008.12.30 08:04:43.267,1.5301,1.5312,1.00,5.60
2008.12.30 08:04:43.437,1.5301,1.5312,1.00,3.20
2008.12.30 08:04:48.266,1.5301,1.5312,1.00,3.20
2008.12.30 08:04:50.746,1.5301,1.531,1.00,2.40
2008.12.30 08:04:51.395,1.5301,1.5309,1.00,2.40
2008.12.30 08:04:52.235,1.5301,1.53085,1.00,2.40
2008.12.30 08:04:52.345,1.5301,1.5308,1.00,2.40
2008.12.30 08:04:52.685,1.5301,1.53075,1.00,2.40
2008.12.30 08:04:53.615,1.5301,1.5309,1.00,2.40
2008.12.30 08:05:00.733,1.5301,1.53095,1.00,5.60
2008.12.30 08:05:01.193,1.5301,1.53095,1.00,2.40
2008.12.30 08:05:09.971,1.5301,1.5309,1.00,2.40
2008.12.30 08:05:10.191,1.5301,1.53075,1.00,2.40
2008.12.30 08:05:12.800,1.5301,1.53075,1.00,2.40
2008.12.30 08:05:16.429,1.5301,1.5308,1.00,1.40
2008.12.30 08:05:16.669,1.5301,1.53135,1.00,3.20
2008.12.30 08:05:16.849,1.5301,1.53135,1.00,3.20
2008.12.30 08:05:17.379,1.5301,1.53135,1.00,5.60
2008.12.30 08:05:17.719,1.5301,1.5311,1.00,2.40
2008.12.30 08:05:18.539,1.5301,1.53105,1.00,2.40
2008.12.30 08:05:18.659,1.5301,1.531,1.00,2.40
2008.12.30 08:05:22.418,1.5301,1.5312,1.00,5.60
2008.12.30 08:05:22.958,1.5301,1.53105,1.00,2.40
2008.12.30 08:05:24.647,1.5301,1.5309,1.00,2.40
2008.12.30 08:05:24.947,1.5301,1.5308,1.00,2.40
2008.12.30 08:05:25.637,1.5301,1.5307,1.00,2.40
2008.12.30 08:05:31.306,1.5301,1.5311,1.00,1.00
2008.12.30 08:05:31.655,1.5301,1.5312,1.00,5.60
2008.12.30 08:05:32.456,1.5301,1.5312,1.00,3.20
2008.12.30 08:05:32.875,1.5301,1.5312,1.00,3.20
2008.12.30 08:05:33.268,1.5302,1.5312,1.00,3.20
2008.12.30 08:05:33.625,1.53025,1.5312,1.00,3.20
2008.12.30 08:05:34.035,1.5302,1.5312,1.00,3.20
2008.12.30 08:05:34.895,1.5301,1.5307,3.60,1.00
2008.12.30 08:05:35.365,1.5303,1.53135,1.00,3.20
2008.12.30 08:05:35.884,1.53025,1.53135,1.00,3.20
2008.12.30 08:05:36.065,1.5303,1.53135,1.00,3.20
2008.12.30 08:05:37.154,1.53025,1.5312,1.00,3.20
2008.12.30 08:05:37.784,1.5303,1.5312,1.00,3.20
2008.12.30 08:05:38.254,1.5301,1.5312,1.00,3.20
2008.12.30 08:05:38.924,1.5301,1.53115,1.00,2.40
2008.12.30 08:05:39.804,1.5301,1.5312,1.00,6.00
2008.12.30 08:05:40.274,1.5301,1.53105,1.00,1.00
2008.12.30 08:05:40.854,1.5301,1.53115,1.00,2.40
2008.12.30 08:05:41.433,1.5301,1.531,1.00,1.00
2008.12.30 08:05:41.713,1.5301,1.531,1.00,1.20
2008.12.30 08:05:42.483,1.5301,1.53075,1.00,1.00
2008.12.30 08:05:44.083,1.5301,1.53055,1.00,1.00
2008.12.30 08:05:44.473,1.5301,1.5305,1.00,1.00
2008.12.30 08:05:45.802,1.5301,1.53085,1.00,1.00
2008.12.30 08:05:46.042,1.5301,1.53055,1.00,1.00
2008.12.30 08:05:46.792,1.5301,1.53035,1.00,1.00
2008.12.30 08:05:48.192,1.5301,1.53015,1.00,1.00
2008.12.30 08:05:48.492,1.52945,1.5301,2.20,1.00
2008.12.30 08:05:49.121,1.5301,1.5302,1.00,1.00
2008.12.30 08:05:49.761,1.5301,1.53035,1.00,1.00
2008.12.30 08:05:50.151,1.5294,1.5302,1.60,2.40
2008.12.30 08:05:50.421,1.52995,1.53025,1.00,1.00
2008.12.30 08:05:51.671,1.52885,1.53025,1.60,2.40
2008.12.30 08:05:51.781,1.5299,1.5304,1.00,3.40
2008.12.30 08:05:52.221,1.5289,1.53035,3.20,2.40
2008.12.30 08:05:54.151,1.5291,1.53015,3.20,1.00
2008.12.30 08:05:54.210,1.5291,1.53015,4.20,1.00
2008.12.30 08:05:54.270,1.52915,1.53015,1.00,1.00
2008.12.30 08:05:54.330,1.5299,1.53015,1.00,1.00
2008.12.30 08:05:55.490,1.5301,1.5302,1.00,1.00
2008.12.30 08:05:57.739,1.5301,1.5303,1.00,1.00
2008.12.30 08:05:59.469,1.5301,1.53015,1.00,1.00
2008.12.30 08:06:00.189,1.5301,1.53015,1.00,1.00
2008.12.30 08:06:00.599,1.5293,1.5301,2.20,1.00
2008.12.30 08:06:01.188,1.5301,1.5302,1.00,1.00
2008.12.30 08:06:01.818,1.5301,1.5303,1.00,1.00
2008.12.30 08:06:02.278,1.5301,1.5303,1.00,1.20
2008.12.30 08:06:02.618,1.5301,1.5303,1.00,1.00
2008.12.30 08:06:03.018,1.5301,1.53045,1.00,1.00
2008.12.30 08:06:03.608,1.5301,1.5304,1.00,1.00
2008.12.30 08:06:04.008,1.5301,1.5305,1.00,1.00
2008.12.30 08:06:04.288,1.5301,1.5305,1.00,1.00
2008.12.30 08:06:06.037,1.5301,1.53055,1.00,1.20
2008.12.30 08:06:06.507,1.5301,1.5303,1.00,1.00
2008.12.30 08:06:06.977,1.5301,1.53025,1.00,1.00
2008.12.30 08:06:07.377,1.5301,1.5302,1.00,1.00
2008.12.30 08:06:08.416,1.5301,1.5302,1.00,1.00
2008.12.30 08:06:08.767,1.529,1.53015,4.80,1.00
2008.12.30 08:06:09.117,1.52895,1.53015,1.00,1.00
2008.12.30 08:06:09.416,1.5289,1.5302,7.20,1.20
2008.12.30 08:06:10.046,1.52925,1.5303,1.60,1.20
2008.12.30 08:06:10.317,1.52925,1.5303,2.40,1.20
2008.12.30 08:06:10.726,1.52925,1.53025,2.20,1.00
2008.12.30 08:06:11.176,1.52945,1.5303,1.60,1.00
2008.12.30 08:06:11.576,1.5294,1.5303,1.60,1.20
2008.12.30 08:06:12.046,1.52925,1.5303,2.40,1.00
2008.12.30 08:06:12.396,1.52925,1.53025,1.00,1.00
2008.12.30 08:06:12.556,1.5295,1.5306,1.60,2.40
2008.12.30 08:06:12.846,1.52955,1.53085,1.60,2.40
2008.12.30 08:06:13.186,1.52965,1.5308,1.00,1.00
2008.12.30 08:06:13.755,1.52975,1.531,1.60,7.20
2008.12.30 08:06:14.166,1.5297,1.5309,2.20,4.80
2008.12.30 08:06:14.675,1.5298,1.5309,1.00,4.80
2008.12.30 08:06:14.965,1.5297,1.5309,1.00,4.80
2008.12.30 08:06:15.415,1.5298,1.5309,1.00,4.80
2008.12.30 08:06:19.434,1.52995,1.5309,1.60,4.80
2008.12.30 08:06:19.724,1.53,1.5309,1.00,4.80
2008.12.30 08:06:21.434,1.52995,1.5309,1.60,4.80
2008.12.30 08:06:22.064,1.52995,1.5309,3.20,5.00
2008.12.30 08:06:22.533,1.52995,1.5309,3.20,5.60
2008.12.30 08:06:22.713,1.52995,1.5309,3.20,5.00
2008.12.30 08:06:23.313,1.52995,1.53085,3.20,1.00
2008.12.30 08:06:25.263,1.52995,1.5309,3.20,5.00
2008.12.30 08:06:26.592,1.53015,1.5309,1.00,4.80
2008.12.30 08:06:26.762,1.5301,1.5309,1.00,4.80
2008.12.30 08:06:27.232,1.53025,1.5309,1.00,4.80
2008.12.30 08:06:27.582,1.53035,1.5309,1.00,4.80
2008.12.30 08:06:27.692,1.5304,1.5309,1.00,4.80
2008.12.30 08:06:30.821,1.5303,1.5309,3.20,4.80
2008.12.30 08:06:30.991,1.53015,1.5309,3.20,4.80
2008.12.30 08:06:31.171,1.53,1.5309,1.00,4.80
2008.12.30 08:06:32.491,1.52995,1.5309,1.00,4.80
2008.12.30 08:06:32.611,1.53,1.5309,1.00,4.80
2008.12.30 08:06:33.780,1.5301,1.5309,1.00,4.80
2008.12.30 08:06:35.830,1.53015,1.5309,1.00,4.80
2008.12.30 08:06:37.370,1.5301,1.5309,1.00,4.80
2008.12.30 08:06:37.660,1.53015,1.5309,1.00,4.80
2008.12.30 08:06:38.639,1.53005,1.5309,1.00,4.80
2008.12.30 08:06:39.219,1.5303,1.5309,1.00,4.80
2008.12.30 08:06:39.619,1.5302,1.5309,1.00,4.80
2008.12.30 08:06:39.859,1.53015,1.5309,1.00,4.80
2008.12.30 08:06:40.359,1.53035,1.5309,1.00,4.80
2008.12.30 08:06:42.019,1.5304,1.5309,1.00,4.80
2008.12.30 08:06:42.648,1.53025,1.5309,1.00,4.80
2008.12.30 08:06:43.108,1.5303,1.5309,1.00,4.80
2008.12.30 08:06:43.459,1.53025,1.5309,1.00,4.80
2008.12.30 08:06:44.548,1.53035,1.5309,1.00,4.80
2008.12.30 08:06:45.128,1.5304,1.5309,1.00,4.80
2008.12.30 08:06:45.708,1.53025,1.5309,1.00,4.80
2008.12.30 08:06:46.677,1.53035,1.5309,1.00,4.80
2008.12.30 08:06:47.437,1.53045,1.5309,1.00,4.80
2008.12.30 08:06:48.357,1.53065,1.5309,1.60,4.80
2008.12.30 08:06:48.807,1.53085,1.5309,1.00,4.80
2008.12.30 08:06:49.207,1.5305,1.5309,1.00,4.80
2008.12.30 08:06:51.646,1.53055,1.5309,2.40,4.80
2008.12.30 08:06:51.986,1.5306,1.5309,1.40,4.80
2008.12.30 08:06:52.216,1.5306,1.5309,2.20,4.80
2008.12.30 08:06:52.446,1.53075,1.5309,1.00,4.80
2008.12.30 08:06:52.556,1.53075,1.53155,1.00,1.00
2008.12.30 08:06:53.086,1.53055,1.53155,2.20,1.00
2008.12.30 08:06:53.836,1.53055,1.53155,5.40,1.00
2008.12.30 08:06:54.126,1.53055,1.53105,5.40,4.80
2008.12.30 08:06:54.816,1.5307,1.53105,3.20,4.80
2008.12.30 08:06:55.325,1.53065,1.53155,1.00,1.00
2008.12.30 08:06:55.505,1.53055,1.53155,3.20,1.00
2008.12.30 08:06:55.905,1.53065,1.5315,3.20,1.00
2008.12.30 08:06:56.085,1.53065,1.53105,3.20,4.80
2008.12.30 08:06:56.585,1.5306,1.53105,1.40,4.80
2008.12.30 08:06:57.125,1.5306,1.5309,1.00,4.80
2008.12.30 08:07:08.112,1.53065,1.5315,1.00,1.00
2008.12.30 08:07:08.922,1.5306,1.53105,1.00,4.80
2008.12.30 08:07:09.492,1.5307,1.5315,1.00,1.00
2008.12.30 08:07:09.852,1.5307,1.53105,1.00,4.80
2008.12.30 08:07:10.262,1.5307,1.5315,1.00,1.00
2008.12.30 08:07:10.592,1.5307,1.53105,1.00,4.80
2008.12.30 08:07:15.590,1.5307,1.5316,1.00,1.00
2008.12.30 08:07:15.811,1.5307,1.53105,1.00,4.80
2008.12.30 08:07:32.976,1.5307,1.5309,1.00,7.20
2008.12.30 08:07:33.266,1.5307,1.53085,1.00,2.40
2008.12.30 08:07:33.996,1.5307,1.5309,1.00,4.80
2008.12.30 08:07:38.026,1.5307,1.5309,1.00,5.00
2008.12.30 08:07:38.765,1.5307,1.5309,1.00,4.80
2008.12.30 08:07:40.466,1.5307,1.5309,1.00,7.60
2008.12.30 08:07:40.824,1.5307,1.53075,1.00,1.00
2008.12.30 08:07:41.185,1.5307,1.5309,1.00,5.00
2008.12.30 08:07:42.534,1.5307,1.5309,1.00,4.80
2008.12.30 08:07:51.782,1.5307,1.5309,1.00,5.40
2008.12.30 08:07:54.681,1.5307,1.5309,1.00,4.80
2008.12.30 08:07:55.161,1.5307,1.53095,1.00,1.00
2008.12.30 08:07:55.571,1.5307,1.5309,1.00,5.40
2008.12.30 08:07:55.871,1.5307,1.53075,1.00,1.00
2008.12.30 08:07:56.261,1.5307,1.5309,1.00,5.40
2008.12.30 08:07:57.990,1.5307,1.53085,1.00,1.00
2008.12.30 08:07:59.670,1.5307,1.5309,1.00,8.00
2008.12.30 08:07:59.900,1.52955,1.5307,4.80,1.20
2008.12.30 08:08:00.340,1.5297,1.5307,1.40,1.20
2008.12.30 08:08:00.559,1.5297,1.5308,3.00,1.20
2008.12.30 08:08:01.180,1.52995,1.53085,1.60,1.00
2008.12.30 08:08:01.719,1.52995,1.5308,4.80,1.00
2008.12.30 08:08:02.179,1.5298,1.5308,2.00,1.00
2008.12.30 08:08:02.299,1.5299,1.5308,1.40,1.00
2008.12.30 08:08:03.449,1.5299,1.5308,1.60,1.00
2008.12.30 08:08:03.509,1.5299,1.5308,2.40,1.00
2008.12.30 08:08:05.478,1.52995,1.5308,3.20,1.00
2008.12.30 08:08:06.228,1.5298,1.5306,2.00,1.00
2008.12.30 08:08:06.688,1.5299,1.5306,1.40,1.00
2008.12.30 08:08:14.156,1.52985,1.5307,3.20,1.00
2008.12.30 08:08:14.726,1.53005,1.5307,1.00,1.00
2008.12.30 08:08:15.017,1.52995,1.5307,3.20,1.00
2008.12.30 08:08:16.666,1.53,1.5307,1.40,1.00
2008.12.30 08:08:17.196,1.53,1.5305,1.40,1.00
2008.12.30 08:08:17.256,1.53,1.5306,1.40,1.20
2008.12.30 08:08:17.596,1.53,1.5306,1.40,1.00
2008.12.30 08:08:17.876,1.53,1.5305,1.40,1.00
2008.12.30 08:08:17.935,1.53,1.53055,1.40,1.00
2008.12.30 08:08:18.575,1.53,1.5307,1.40,1.00
2008.12.30 08:08:23.854,1.53,1.5309,1.40,4.80
2008.12.30 08:08:24.304,1.53,1.5309,2.00,4.80
2008.12.30 08:08:24.934,1.53,1.5309,1.40,4.80
2008.12.30 08:08:26.243,1.53015,1.5309,5.60,4.80
2008.12.30 08:08:26.783,1.53025,1.5309,1.00,4.80
2008.12.30 08:08:27.304,1.53,1.5309,5.20,4.80
2008.12.30 08:08:27.653,1.5301,1.5309,1.00,4.80
2008.12.30 08:08:27.823,1.53005,1.5309,1.00,4.80
2008.12.30 08:08:28.163,1.53025,1.5309,1.00,4.80
2008.12.30 08:08:29.423,1.5304,1.5309,1.00,4.80
2008.12.30 08:08:29.882,1.5303,1.5309,5.60,4.80
2008.12.30 08:08:30.112,1.5303,1.5309,1.00,4.80
2008.12.30 08:08:31.042,1.53035,1.5309,1.00,4.80
2008.12.30 08:08:36.851,1.53045,1.5309,1.00,4.80
2008.12.30 08:08:37.641,1.53055,1.5309,1.00,4.80
2008.12.30 08:08:37.821,1.53035,1.5309,3.80,4.80
2008.12.30 08:08:38.090,1.53035,1.5309,1.00,4.80
2008.12.30 08:08:38.560,1.53025,1.5309,4.80,4.80
2008.12.30 08:08:38.620,1.53025,1.5309,5.40,4.80
2008.12.30 08:08:38.920,1.53045,1.5309,1.60,4.80
2008.12.30 08:08:39.890,1.5304,1.5309,1.60,4.80
2008.12.30 08:08:40.350,1.53055,1.5309,1.60,4.80
2008.12.30 08:08:40.860,1.5306,1.5309,1.00,4.80
2008.12.30 08:08:41.380,1.53075,1.5319,1.00,1.00
2008.12.30 08:08:42.169,1.53085,1.5319,3.20,1.00
2008.12.30 08:08:43.569,1.53085,1.53175,3.20,1.00
2008.12.30 08:08:49.068,1.53095,1.53175,1.60,1.00
2008.12.30 08:08:49.718,1.531,1.53175,1.60,1.00
2008.12.30 08:08:50.168,1.531,1.5319,1.60,3.40
2008.12.30 08:08:50.627,1.5309,1.5318,3.60,1.20
2008.12.30 08:08:51.727,1.5309,1.5318,2.20,1.00
2008.12.30 08:08:52.177,1.53095,1.5319,2.20,3.80
2008.12.30 08:08:53.278,1.53095,1.5319,1.00,3.40
2008.12.30 08:08:53.697,1.5309,1.5319,1.40,4.00
2008.12.30 08:08:53.977,1.5309,1.5319,1.40,3.80
2008.12.30 08:08:54.477,1.53105,1.5319,1.00,3.80
2008.12.30 08:08:54.917,1.5309,1.5319,5.60,3.80
2008.12.30 08:08:55.596,1.5309,1.5319,1.40,3.20
2008.12.30 08:08:56.166,1.53095,1.5319,1.00,3.20
2008.12.30 08:08:56.906,1.5309,1.53175,2.00,1.00
2008.12.30 08:08:57.326,1.5309,1.5317,2.00,1.00
2008.12.30 08:08:58.016,1.53095,1.53165,1.00,1.00
2008.12.30 08:08:58.766,1.5309,1.53175,1.40,1.00
2008.12.30 08:08:59.266,1.5309,1.5318,1.40,1.00
2008.12.30 08:08:59.825,1.5309,1.5319,1.40,4.00
2008.12.30 08:09:00.175,1.5309,1.5317,1.40,1.00
2008.12.30 08:09:00.405,1.5309,1.53175,1.40,2.40
2008.12.30 08:09:00.515,1.5309,1.5317,1.40,2.40
2008.12.30 08:09:04.024,1.5309,1.5317,1.40,2.80
2008.12.30 08:09:04.364,1.5309,1.53165,1.40,2.40
2008.12.30 08:09:04.814,1.5309,1.5316,1.40,1.00
2008.12.30 08:09:05.044,1.5309,1.5316,1.40,2.80
2008.12.30 08:09:08.323,1.5309,1.5316,1.40,2.40
2008.12.30 08:09:08.733,1.5309,1.5317,1.40,2.40
2008.12.30 08:09:09.183,1.5309,1.5318,1.40,3.20
2008.12.30 08:09:09.693,1.53115,1.5319,1.60,5.60
2008.12.30 08:09:10.033,1.53115,1.53185,1.00,1.00
2008.12.30 08:09:10.433,1.53115,1.5318,1.40,2.40
2008.12.30 08:09:10.783,1.5313,1.53175,1.40,2.40
2008.12.30 08:09:11.303,1.5313,1.5319,1.40,3.20
2008.12.30 08:09:11.942,1.5313,1.5317,1.40,2.40
2008.12.30 08:09:12.352,1.5313,1.53205,1.40,2.40
2008.12.30 08:09:12.692,1.5313,1.5318,1.40,3.20
2008.12.30 08:09:12.863,1.5313,1.5318,1.40,2.40
2008.12.30 08:09:13.222,1.5313,1.532,1.40,7.00
2008.12.30 08:09:13.622,1.5313,1.532,1.40,5.60
2008.12.30 08:09:14.082,1.5313,1.5319,1.40,3.20
2008.12.30 08:09:14.982,1.53105,1.5313,2.20,1.00
2008.12.30 08:09:15.322,1.5313,1.53135,1.40,1.00
2008.12.30 08:09:16.291,1.5306,1.53115,1.80,1.00
2008.12.30 08:09:17.621,1.5304,1.5311,4.20,1.00
2008.12.30 08:09:20.660,1.5304,1.53115,3.80,1.00
2008.12.30 08:09:21.120,1.53045,1.5311,2.60,1.00
2008.12.30 08:09:24.620,1.5304,1.5312,3.00,1.00
2008.12.30 08:09:29.178,1.5313,1.53135,1.40,1.00
2008.12.30 08:09:31.838,1.5304,1.53115,3.00,1.00
2008.12.30 08:09:38.656,1.5304,1.5309,3.00,1.00
2008.12.30 08:09:42.285,1.5303,1.53105,5.20,1.00
2008.12.30 08:09:42.465,1.5301,1.5311,7.60,1.00
2008.12.30 08:09:42.635,1.5301,1.531,7.60,2.40
2008.12.30 08:09:43.145,1.5301,1.53095,7.60,1.00
2008.12.30 08:09:43.375,1.5301,1.5309,7.60,2.40
2008.12.30 08:09:43.965,1.5303,1.53085,7.60,1.00
2008.12.30 08:09:44.664,1.5303,1.53085,7.60,2.80
2008.12.30 08:09:45.195,1.5303,1.5309,7.60,2.40
2008.12.30 08:09:45.494,1.5303,1.53085,7.60,2.40
2008.12.30 08:09:47.414,1.5303,1.531,7.60,2.40
2008.12.30 08:09:49.673,1.5303,1.5309,7.60,1.00
2008.12.30 08:09:49.843,1.5303,1.5309,7.60,2.80
2008.12.30 08:09:50.553,1.5303,1.5307,7.60,1.00
2008.12.30 08:09:54.962,1.5303,1.5306,7.60,1.00
2008.12.30 08:09:59.751,1.5303,1.53065,7.60,2.80
2008.12.30 08:09:59.981,1.5303,1.53065,7.60,1.00
2008.12.30 08:10:00.321,1.5301,1.5303,9.50,1.00
2008.12.30 08:10:00.971,1.52935,1.5301,11.40,1.00
2008.12.30 08:10:01.260,1.52915,1.52995,3.20,1.00
2008.12.30 08:10:01.601,1.52915,1.53,3.20,1.00
2008.12.30 08:10:02.010,1.52915,1.53005,3.20,1.00
2008.12.30 08:10:02.310,1.5293,1.53005,1.00,1.00
2008.12.30 08:10:03.070,1.5291,1.53005,1.00,1.00
2008.12.30 08:10:04.640,1.52905,1.53005,1.00,1.00
2008.12.30 08:10:11.758,1.529,1.53,1.00,1.00
2008.12.30 08:10:15.037,1.52895,1.52995,1.00,1.00
2008.12.30 08:10:15.967,1.52895,1.52975,1.00,1.00
2008.12.30 08:10:16.297,1.52885,1.52975,5.60,1.00
2008.12.30 08:10:16.597,1.52885,1.52975,1.00,1.00
2008.12.30 08:10:19.056,1.52895,1.52975,1.60,1.00
2008.12.30 08:10:19.107,1.52905,1.5301,1.00,1.00
2008.12.30 08:10:19.566,1.5289,1.53005,1.80,1.00
2008.12.30 08:10:22.205,1.52885,1.5301,1.00,2.40
2008.12.30 08:10:22.266,1.52895,1.53015,1.00,1.00
2008.12.30 08:10:22.556,1.52895,1.53,1.00,1.00
2008.12.30 08:10:26.075,1.52895,1.52995,1.00,1.00
2008.12.30 08:10:26.245,1.5288,1.52975,3.80,1.00
2008.12.30 08:10:26.544,1.5288,1.52975,3.20,1.00
2008.12.30 08:10:26.895,1.52885,1.52985,1.00,1.00
2008.12.30 08:10:28.404,1.5289,1.52975,1.00,1.00
2008.12.30 08:10:29.674,1.529,1.5297,1.00,1.00
2008.12.30 08:10:29.964,1.5289,1.5297,5.60,1.00
2008.12.30 08:10:30.304,1.5289,1.5297,1.00,1.00
2008.12.30 08:10:30.704,1.52905,1.5297,1.00,1.00
2008.12.30 08:10:31.294,1.52905,1.53005,1.00,1.00
2008.12.30 08:10:31.643,1.52905,1.53005,1.00,1.20
2008.12.30 08:10:32.143,1.52895,1.52995,4.80,1.20
2008.12.30 08:10:32.383,1.5289,1.5299,1.00,1.00
2008.12.30 08:10:33.943,1.529,1.52995,1.00,1.20
2008.12.30 08:10:34.243,1.529,1.52985,1.00,1.00
2008.12.30 08:10:34.583,1.529,1.5299,1.00,1.00
2008.12.30 08:10:34.932,1.52905,1.5299,1.00,1.00
2008.12.30 08:10:35.462,1.529,1.5299,1.00,1.00
2008.12.30 08:10:36.103,1.52895,1.52985,1.00,1.00
2008.12.30 08:10:36.452,1.529,1.52985,1.00,1.00
2008.12.30 08:10:37.032,1.52895,1.52985,3.80,1.00
2008.12.30 08:10:40.301,1.529,1.52985,1.00,1.00
2008.12.30 08:10:41.871,1.52895,1.52985,3.80,1.00
2008.12.30 08:10:42.970,1.52905,1.52985,1.00,1.00
2008.12.30 08:10:45.210,1.529,1.52985,3.80,1.00
2008.12.30 08:10:45.910,1.529,1.52985,3.20,1.00
2008.12.30 08:10:46.660,1.5291,1.52985,3.20,1.00
2008.12.30 08:10:46.779,1.5289,1.5297,3.20,1.00
2008.12.30 08:10:47.340,1.5289,1.52975,3.20,1.20
2008.12.30 08:10:47.850,1.5289,1.5297,3.20,1.00
2008.12.30 08:10:48.299,1.52875,1.52965,3.80,1.00
2008.12.30 08:10:48.469,1.52875,1.5297,3.80,1.20
2008.12.30 08:10:48.649,1.5288,1.5297,1.00,1.20
2008.12.30 08:10:48.869,1.52895,1.5297,1.60,1.00
2008.12.30 08:10:48.989,1.52905,1.5298,3.20,1.00
2008.12.30 08:10:49.099,1.529,1.5298,3.80,1.00
2008.12.30 08:10:49.339,1.529,1.5298,3.20,1.00
2008.12.30 08:10:50.069,1.529,1.52975,3.20,1.00
2008.12.30 08:10:50.599,1.5289,1.52975,3.20,1.00
2008.12.30 08:10:51.069,1.5288,1.52965,3.20,1.00
2008.12.30 08:10:51.308,1.52875,1.52965,1.00,1.20
2008.12.30 08:10:52.558,1.52875,1.52965,1.00,1.00
2008.12.30 08:10:52.798,1.5288,1.5297,1.00,1.00
2008.12.30 08:10:53.028,1.52885,1.52975,3.20,1.00
2008.12.30 08:10:53.148,1.52885,1.5298,3.80,1.00
2008.12.30 08:10:54.248,1.52885,1.5298,1.00,1.00
2008.12.30 08:10:54.418,1.5288,1.5297,1.00,1.20
2008.12.30 08:10:55.637,1.52875,1.5295,3.20,1.00
2008.12.30 08:10:56.517,1.52875,1.52945,3.20,1.00
2008.12.30 08:10:57.267,1.52875,1.52945,3.80,1.00
2008.12.30 08:10:57.497,1.5289,1.52945,3.20,1.00
2008.12.30 08:10:58.467,1.5289,1.5299,3.20,1.00
2008.12.30 08:10:58.877,1.5289,1.5298,3.20,1.00
2008.12.30 08:10:59.157,1.52905,1.5298,3.20,1.00
2008.12.30 08:10:59.267,1.529,1.5298,3.20,1.00
2008.12.30 08:11:00.456,1.5289,1.5297,3.80,1.00
2008.12.30 08:11:00.726,1.5289,1.5297,3.20,1.00
2008.12.30 08:11:02.736,1.529,1.5297,3.20,1.00
2008.12.30 08:11:09.074,1.529,1.52965,3.20,1.00
2008.12.30 08:11:10.524,1.5289,1.52965,3.20,1.00
2008.12.30 08:11:12.703,1.52885,1.52965,1.00,1.00
2008.12.30 08:11:12.813,1.5287,1.5295,1.80,1.00
2008.12.30 08:11:16.032,1.52875,1.52955,2.80,1.00
2008.12.30 08:11:16.492,1.5289,1.52955,3.20,1.00
2008.12.30 08:11:17.172,1.529,1.52965,3.20,1.00
2008.12.30 08:11:19.672,1.52905,1.52965,3.20,1.00
2008.12.30 08:11:19.792,1.529,1.52965,1.00,1.00
2008.12.30 08:11:19.972,1.5289,1.52965,3.20,1.00
2008.12.30 08:11:21.352,1.52905,1.52965,3.20,1.00
2008.12.30 08:11:21.691,1.529,1.52965,3.20,1.00
2008.12.30 08:11:22.951,1.529,1.5298,3.20,1.00
2008.12.30 08:11:23.351,1.529,1.5297,3.20,1.00
2008.12.30 08:11:23.581,1.529,1.52975,3.20,1.00
2008.12.30 08:11:23.751,1.529,1.5297,3.20,1.00
2008.12.30 08:11:24.091,1.52905,1.52975,1.00,1.00
2008.12.30 08:11:24.541,1.5291,1.52975,3.20,1.00
2008.12.30 08:11:25.060,1.5291,1.5297,3.20,1.00
2008.12.30 08:11:26.850,1.52905,1.5297,1.00,1.00
2008.12.30 08:11:27.250,1.529,1.5297,3.20,1.00
2008.12.30 08:11:28.520,1.529,1.52975,3.20,1.00
2008.12.30 08:11:29.039,1.529,1.5297,3.20,1.00
2008.12.30 08:11:31.589,1.52925,1.5297,1.00,1.00
2008.12.30 08:11:31.979,1.52925,1.5304,1.00,1.00
2008.12.30 08:11:32.328,1.529,1.53035,3.80,1.00
2008.12.30 08:11:32.678,1.52895,1.5303,3.20,2.40
2008.12.30 08:11:32.858,1.5289,1.53035,1.00,2.40
2008.12.30 08:11:33.029,1.52905,1.5304,1.00,7.00
2008.12.30 08:11:33.328,1.5291,1.5304,1.60,7.00
2008.12.30 08:11:33.508,1.5294,1.53085,1.00,2.40
2008.12.30 08:11:33.798,1.5293,1.53075,4.80,2.40
2008.12.30 08:11:33.978,1.52925,1.53075,1.00,2.40
2008.12.30 08:11:34.208,1.5294,1.5308,1.00,1.00
2008.12.30 08:11:34.569,1.5294,1.53065,4.80,2.40
2008.12.30 08:11:34.748,1.52935,1.5306,1.00,1.00
2008.12.30 08:11:34.868,1.52925,1.53055,1.00,2.40
2008.12.30 08:11:35.098,1.52915,1.5304,5.60,2.40
2008.12.30 08:11:35.278,1.52915,1.5304,1.00,2.80
2008.12.30 08:11:35.818,1.52925,1.5305,1.00,2.40
2008.12.30 08:11:36.278,1.52915,1.53045,5.60,2.40
2008.12.30 08:11:36.797,1.52925,1.5305,1.00,2.80
2008.12.30 08:11:42.097,1.52925,1.53035,1.00,1.00
2008.12.30 08:11:42.266,1.52915,1.53035,1.00,1.00
2008.12.30 08:11:47.875,1.52915,1.53015,1.00,1.00
2008.12.30 08:11:47.995,1.5291,1.5301,1.60,1.00
2008.12.30 08:11:50.014,1.52915,1.53045,1.00,1.00
2008.12.30 08:11:53.033,1.52905,1.53025,1.00,2.40
2008.12.30 08:11:57.242,1.52915,1.53025,1.60,2.40
2008.12.30 08:11:58.512,1.52915,1.53035,2.20,1.00
2008.12.30 08:12:04.251,1.52915,1.53035,1.00,1.00
2008.12.30 08:12:20.837,1.52915,1.53025,2.20,1.00
2008.12.30 08:12:21.287,1.52915,1.53035,1.00,1.00
2008.12.30 08:12:23.186,1.5291,1.53035,1.00,1.00
2008.12.30 08:12:23.476,1.52915,1.53035,1.00,1.00
2008.12.30 08:12:23.916,1.5291,1.53035,1.00,1.00
2008.12.30 08:12:24.566,1.5291,1.53005,1.60,1.00
2008.12.30 08:12:25.146,1.52895,1.53,3.20,1.00
2008.12.30 08:12:25.426,1.52895,1.52985,3.20,1.00
2008.12.30 08:12:25.656,1.52855,1.5297,2.20,1.00
2008.12.30 08:12:26.525,1.52855,1.52985,2.20,1.00
2008.12.30 08:12:26.875,1.52875,1.52985,1.00,1.00
2008.12.30 08:12:29.525,1.52875,1.52985,2.20,1.00
2008.12.30 08:12:30.045,1.5288,1.52985,1.00,1.00
2008.12.30 08:12:34.004,1.5288,1.52985,2.20,1.00
2008.12.30 08:12:34.064,1.5288,1.5297,2.20,1.00
2008.12.30 08:12:34.414,1.52885,1.5297,1.60,1.00
2008.12.30 08:12:40.903,1.52895,1.5297,1.60,1.00
2008.12.30 08:12:47.171,1.52895,1.52975,1.60,1.00
2008.12.30 08:12:47.730,1.52895,1.52985,1.60,1.00
2008.12.30 08:12:49.340,1.52895,1.5299,1.60,1.00
2008.12.30 08:12:49.400,1.5289,1.5299,2.20,1.00
2008.12.30 08:12:53.279,1.52895,1.5299,1.60,1.00
2008.12.30 08:12:53.749,1.52895,1.52985,1.60,1.00
2008.12.30 08:12:53.989,1.5288,1.52985,2.20,1.00
2008.12.30 08:12:54.389,1.52875,1.52985,2.20,1.00
2008.12.30 08:12:55.309,1.52875,1.5297,2.20,1.00
2008.12.30 08:12:55.419,1.5288,1.5297,1.60,1.00
2008.12.30 08:12:56.558,1.52885,1.52965,1.60,1.00
2008.12.30 08:13:04.177,1.5289,1.5297,1.60,1.00
2008.12.30 08:13:06.826,1.5289,1.5297,1.60,1.20
2008.12.30 08:13:07.516,1.52885,1.5297,1.60,1.20
2008.12.30 08:13:07.905,1.5289,1.5297,1.60,1.00
2008.12.30 08:13:09.835,1.52895,1.5297,1.60,1.00
2008.12.30 08:13:20.643,1.52895,1.52965,1.60,1.00
2008.12.30 08:13:21.592,1.52895,1.53,1.60,3.20
2008.12.30 08:13:22.092,1.5291,1.5301,1.60,1.00
2008.12.30 08:13:23.612,1.52905,1.5301,3.40,1.00
2008.12.30 08:13:23.832,1.52915,1.5301,3.20,1.00
2008.12.30 08:13:25.381,1.52925,1.5301,1.60,1.20
2008.12.30 08:13:29.810,1.52925,1.52995,1.60,1.00
2008.12.30 08:13:30.350,1.5293,1.52995,1.60,1.00
2008.12.30 08:13:30.700,1.5293,1.53,1.60,1.00
2008.12.30 08:13:31.710,1.5293,1.53015,1.60,1.00
2008.12.30 08:13:31.999,1.5293,1.53,1.60,1.00
2008.12.30 08:13:32.419,1.5293,1.53015,1.60,1.00
2008.12.30 08:13:33.389,1.5293,1.53,1.60,1.00
2008.12.30 08:13:34.199,1.5292,1.53,1.60,1.20
2008.12.30 08:13:34.929,1.5292,1.52985,1.60,1.00
2008.12.30 08:13:35.209,1.5291,1.5301,1.60,2.80
2008.12.30 08:13:35.549,1.52915,1.5301,3.20,2.80
2008.12.30 08:13:35.949,1.52905,1.53005,2.40,1.00
2008.12.30 08:13:36.419,1.529,1.5297,3.20,1.00
2008.12.30 08:13:36.708,1.5286,1.52965,1.60,1.00
2008.12.30 08:13:37.818,1.52865,1.52975,2.20,1.00
2008.12.30 08:13:37.879,1.52875,1.52975,1.00,1.00
2008.12.30 08:13:40.018,1.5288,1.52975,1.00,1.00
2008.12.30 08:13:40.308,1.5287,1.5296,1.00,1.00
2008.12.30 08:13:41.857,1.5287,1.52965,1.00,1.00
2008.12.30 08:13:43.507,1.5287,1.5296,1.00,1.00
2008.12.30 08:13:43.867,1.52865,1.5296,3.20,1.00
2008.12.30 08:13:43.967,1.52855,1.5296,4.80,1.00
2008.12.30 08:13:44.197,1.52855,1.5296,3.20,1.00
2008.12.30 08:13:44.367,1.52865,1.5296,1.00,1.00
2008.12.30 08:13:44.837,1.52865,1.52965,1.00,1.00
2008.12.30 08:13:45.067,1.52865,1.5298,2.40,1.00
2008.12.30 08:13:45.457,1.5288,1.5298,4.80,1.00
2008.12.30 08:13:45.876,1.5289,1.53025,1.00,1.00
2008.12.30 08:13:46.106,1.5287,1.52955,1.00,1.00
2008.12.30 08:13:46.466,1.5286,1.52955,4.80,1.00
2008.12.30 08:13:46.806,1.52855,1.52965,1.00,1.00
2008.12.30 08:13:47.256,1.52845,1.52945,3.80,1.00
2008.12.30 08:13:47.766,1.52845,1.52945,1.00,1.00
2008.12.30 08:13:48.106,1.5285,1.52945,1.00,1.00
2008.12.30 08:13:48.216,1.5284,1.5294,3.20,1.00
2008.12.30 08:13:48.386,1.52835,1.5294,1.60,1.00
2008.12.30 08:13:48.726,1.52835,1.5294,4.80,1.00
2008.12.30 08:13:49.176,1.5283,1.5293,2.20,1.00
2008.12.30 08:13:49.456,1.5285,1.52945,1.00,1.00
2008.12.30 08:13:50.595,1.5286,1.52965,1.60,1.20
2008.12.30 08:13:50.756,1.52865,1.52965,3.20,1.00
2008.12.30 08:13:51.205,1.5286,1.52945,1.00,1.00
2008.12.30 08:13:51.785,1.5284,1.52935,2.20,1.00
2008.12.30 08:13:52.305,1.5283,1.529,2.20,1.00
2008.12.30 08:13:52.655,1.52835,1.52915,1.60,1.00
2008.12.30 08:13:52.765,1.52835,1.52925,1.60,1.00
2008.12.30 08:13:53.815,1.5283,1.529,1.60,1.00
2008.12.30 08:13:54.174,1.5281,1.529,2.20,1.00
2008.12.30 08:13:54.514,1.52805,1.5288,1.60,1.00
2008.12.30 08:13:54.684,1.528,1.5288,1.60,1.00
2008.12.30 08:13:54.974,1.528,1.52875,1.60,1.00
2008.12.30 08:13:56.294,1.5279,1.52875,1.00,1.00
2008.12.30 08:13:56.854,1.5279,1.5287,1.60,1.00
2008.12.30 08:13:57.254,1.52795,1.5288,1.60,1.00
2008.12.30 08:13:58.123,1.52805,1.5288,1.60,1.00
2008.12.30 08:13:58.523,1.5279,1.52865,1.60,1.00
2008.12.30 08:13:58.703,1.52795,1.5286,1.00,1.00
2008.12.30 08:13:59.113,1.52795,1.52865,2.20,1.00
2008.12.30 08:13:59.513,1.528,1.52865,2.20,1.00
2008.12.30 08:14:04.662,1.52815,1.5288,1.00,1.00
2008.12.30 08:14:04.942,1.52815,1.529,1.00,1.80
2008.12.30 08:14:05.062,1.5285,1.529,1.00,1.20
2008.12.30 08:14:05.402,1.5286,1.529,1.00,1.20
2008.12.30 08:14:05.462,1.5284,1.529,1.00,1.20
2008.12.30 08:14:06.152,1.52845,1.529,1.00,1.20
2008.12.30 08:14:06.491,1.52855,1.529,1.00,1.20
2008.12.30 08:14:07.051,1.52845,1.529,1.00,1.20
2008.12.30 08:14:07.761,1.5286,1.529,1.00,1.20
2008.12.30 08:14:08.381,1.52845,1.529,1.00,1.20
2008.12.30 08:14:09.201,1.52855,1.529,1.00,1.20
2008.12.30 08:14:09.371,1.52865,1.529,1.00,1.20
2008.12.30 08:14:09.791,1.52855,1.529,3.20,1.20
2008.12.30 08:14:09.971,1.5282,1.529,1.60,1.20
2008.12.30 08:14:12.391,1.5284,1.529,1.60,1.20
2008.12.30 08:14:12.510,1.5284,1.529,2.80,1.20
2008.12.30 08:14:12.850,1.52855,1.529,1.00,1.20
2008.12.30 08:14:13.370,1.5287,1.529,1.00,1.20
2008.12.30 08:14:13.600,1.52875,1.5294,1.00,1.20
2008.12.30 08:14:13.940,1.5288,1.5294,1.00,1.20
2008.12.30 08:14:14.160,1.52885,1.5294,1.00,1.20
2008.12.30 08:14:15.089,1.5289,1.5293,1.00,1.20
2008.12.30 08:14:15.789,1.52885,1.5293,1.00,1.20
2008.12.30 08:14:16.229,1.5289,1.5293,1.00,1.20
2008.12.30 08:14:16.569,1.5288,1.5293,3.80,1.20
2008.12.30 08:14:16.919,1.5284,1.5291,3.20,1.20
2008.12.30 08:14:20.778,1.5286,1.529,1.60,1.20
2008.12.30 08:14:22.978,1.5285,1.529,3.20,1.20
2008.12.30 08:14:23.337,1.52855,1.529,3.20,1.20
2008.12.30 08:14:24.497,1.52855,1.529,4.80,1.20
2008.12.30 08:14:24.907,1.52855,1.529,5.40,1.20
2008.12.30 08:14:25.027,1.5287,1.529,1.60,1.20
2008.12.30 08:14:25.387,1.52865,1.529,1.60,1.20
2008.12.30 08:14:25.787,1.52855,1.529,3.20,1.20
2008.12.30 08:14:26.087,1.52855,1.529,4.80,1.20
2008.12.30 08:14:26.887,1.52895,1.5294,3.20,1.20
2008.12.30 08:14:27.406,1.5287,1.5294,1.00,1.20
2008.12.30 08:14:30.046,1.529,1.5293,3.20,1.20
2008.12.30 08:14:30.795,1.52895,1.5293,1.00,1.20
2008.12.30 08:14:31.375,1.529,1.5293,2.20,1.20
2008.12.30 08:14:32.065,1.529,1.5293,1.60,1.20
2008.12.30 08:14:32.515,1.52915,1.53035,1.60,1.00
2008.12.30 08:14:32.925,1.52915,1.53045,1.60,2.40
2008.12.30 08:14:33.385,1.52925,1.5305,4.80,1.00
2008.12.30 08:14:33.905,1.52935,1.53025,5.60,1.00
2008.12.30 08:14:34.535,1.52935,1.53015,5.60,1.00
2008.12.30 08:14:34.995,1.5294,1.53015,2.40,1.00
2008.12.30 08:14:35.294,1.5294,1.53015,1.60,1.00
2008.12.30 08:14:35.404,1.5294,1.53015,2.40,1.00
2008.12.30 08:14:36.214,1.5294,1.53015,1.60,1.00
2008.12.30 08:14:36.664,1.5294,1.53015,2.40,1.00
2008.12.30 08:14:37.174,1.5294,1.5301,2.40,1.00
2008.12.30 08:14:37.744,1.5294,1.53015,2.40,1.00
2008.12.30 08:14:38.264,1.5293,1.5299,1.00,1.00
2008.12.30 08:14:38.724,1.52875,1.5299,1.00,1.00
2008.12.30 08:14:40.833,1.5289,1.5299,1.00,1.00
2008.12.30 08:14:41.573,1.52885,1.5299,1.00,1.00
2008.12.30 08:14:44.872,1.52885,1.5298,2.20,1.00
2008.12.30 08:14:45.212,1.5289,1.5298,2.20,1.00
2008.12.30 08:14:45.324,1.52885,1.5298,2.20,1.00
2008.12.30 08:14:46.012,1.52885,1.53015,2.20,3.40
2008.12.30 08:14:46.542,1.52875,1.5298,3.40,1.00
2008.12.30 08:14:47.241,1.5288,1.5298,1.60,1.00
2008.12.30 08:14:47.582,1.5288,1.52985,1.60,2.40
2008.12.30 08:14:47.751,1.52865,1.52985,3.40,3.20
2008.12.30 08:14:48.161,1.52865,1.52985,3.40,2.40
2008.12.30 08:14:51.540,1.5288,1.52985,1.60,2.40
2008.12.30 08:14:51.941,1.5288,1.5299,2.20,1.00
2008.12.30 08:14:52.160,1.52875,1.5299,2.20,1.00
2008.12.30 08:14:52.400,1.5288,1.5299,1.60,1.00
2008.12.30 08:14:52.621,1.5288,1.53005,4.00,2.40
2008.12.30 08:14:55.300,1.52895,1.53005,1.60,2.40
2008.12.30 08:14:55.420,1.52895,1.53005,2.80,1.00
2008.12.30 08:14:57.499,1.52905,1.53005,1.00,1.00
2008.12.30 08:14:57.669,1.52905,1.5302,2.80,1.20
2008.12.30 08:14:58.259,1.52905,1.5302,3.20,1.20
2008.12.30 08:14:58.539,1.52925,1.53035,1.60,2.40
2008.12.30 08:14:59.069,1.5292,1.5304,1.60,3.20
2008.12.30 08:14:59.519,1.52935,1.5302,1.00,1.00
2008.12.30 08:14:59.920,1.52925,1.53015,1.00,1.00
2008.12.30 08:15:00.328,1.52915,1.53015,2.20,1.00
2008.12.30 08:15:00.678,1.52915,1.5302,1.60,1.00
2008.12.30 08:15:01.248,1.52915,1.5302,2.20,1.00
2008.12.30 08:15:01.778,1.52915,1.5301,1.60,2.40
2008.12.30 08:15:02.178,1.5286,1.53005,1.00,2.40
2008.12.30 08:15:02.648,1.52875,1.53015,1.00,2.40
2008.12.30 08:15:02.878,1.5287,1.53015,1.00,2.40
2008.12.30 08:15:03.338,1.52905,1.5302,1.00,1.00
2008.12.30 08:15:04.048,1.52915,1.5301,1.00,1.00
2008.12.30 08:15:04.408,1.529,1.5303,1.00,2.40
2008.12.30 08:15:04.528,1.52905,1.53035,1.00,2.40
2008.12.30 08:15:04.817,1.52895,1.5302,1.60,2.40
2008.12.30 08:15:05.277,1.5288,1.5301,1.00,2.40
2008.12.30 08:15:05.557,1.52875,1.53005,1.00,2.40
2008.12.30 08:15:07.057,1.52895,1.53005,1.60,2.40
2008.12.30 08:15:07.467,1.52895,1.53025,1.00,3.20
2008.12.30 08:15:07.987,1.52905,1.53015,1.00,1.00
2008.12.30 08:15:08.847,1.52905,1.5302,1.00,1.00
2008.12.30 08:15:09.586,1.52905,1.53015,1.00,1.00
2008.12.30 08:15:12.036,1.52915,1.53015,1.00,1.00
2008.12.30 08:15:12.556,1.52905,1.53015,1.00,1.00
2008.12.30 08:15:13.845,1.529,1.53015,5.00,1.00
2008.12.30 08:15:14.235,1.52905,1.5303,1.00,1.00
2008.12.30 08:15:14.415,1.529,1.53025,1.20,2.40
2008.12.30 08:15:15.165,1.52895,1.53025,2.40,2.40
2008.12.30 08:15:15.345,1.52915,1.53035,1.00,1.00
2008.12.30 08:15:16.265,1.52905,1.5304,1.00,1.00
2008.12.30 08:15:16.614,1.5291,1.53035,5.80,2.40
2008.12.30 08:15:17.304,1.5291,1.53035,1.00,2.40
2008.12.30 08:15:17.764,1.5291,1.53035,3.20,2.40
2008.12.30 08:15:18.225,1.52915,1.5304,1.00,2.40
2008.12.30 08:15:21.523,1.52925,1.53045,1.00,2.40
2008.12.30 08:15:22.383,1.52935,1.53045,2.80,2.40
2008.12.30 08:15:22.993,1.52935,1.5306,3.40,1.00
2008.12.30 08:15:23.863,1.52945,1.53055,1.60,1.00
2008.12.30 08:15:24.283,1.5294,1.53065,3.40,2.40
2008.12.30 08:15:24.743,1.52945,1.5306,1.60,3.20
2008.12.30 08:15:25.043,1.52945,1.53055,1.60,1.00
2008.12.30 08:15:25.283,1.52955,1.53065,1.60,2.40
2008.12.30 08:15:25.692,1.5295,1.53065,2.80,2.40
2008.12.30 08:15:26.372,1.52955,1.5306,3.20,1.00
2008.12.30 08:15:26.902,1.52955,1.53045,3.20,1.00
2008.12.30 08:15:27.532,1.5295,1.53035,1.60,1.00
2008.12.30 08:15:28.052,1.5295,1.53055,1.60,1.00
2008.12.30 08:15:28.712,1.52955,1.5306,1.60,1.00
2008.12.30 08:15:29.002,1.52955,1.5306,3.20,1.00
2008.12.30 08:15:29.402,1.52955,1.5306,4.80,1.00
2008.12.30 08:15:30.151,1.52965,1.5306,1.60,1.00
2008.12.30 08:15:32.171,1.5297,1.5306,1.00,1.00
2008.12.30 08:15:32.291,1.5297,1.5306,1.20,1.00
2008.12.30 08:15:33.390,1.5297,1.5306,2.80,1.00
2008.12.30 08:15:33.680,1.5297,1.5306,3.20,1.00
2008.12.30 08:15:33.791,1.5297,1.53065,3.20,1.00
2008.12.30 08:15:34.440,1.52975,1.53065,1.00,1.00
2008.12.30 08:15:35.080,1.52975,1.53055,1.00,1.00
2008.12.30 08:15:38.489,1.5297,1.53055,3.80,1.00
2008.12.30 08:15:42.148,1.5298,1.5305,1.00,1.00
2008.12.30 08:15:42.428,1.5298,1.5305,1.20,1.00
2008.12.30 08:15:42.998,1.5297,1.5305,1.80,1.00
2008.12.30 08:15:44.378,1.5298,1.5305,1.20,1.00
2008.12.30 08:15:46.957,1.5298,1.53055,1.20,1.00
2008.12.30 08:15:49.197,1.5298,1.5306,1.20,1.20
2008.12.30 08:15:49.657,1.5298,1.5305,1.20,1.00
2008.12.30 08:15:58.914,1.5298,1.53045,1.20,1.00
2008.12.30 08:16:00.604,1.5298,1.53045,1.20,1.20
2008.12.30 08:16:01.004,1.5298,1.53045,1.20,1.00
2008.12.30 08:16:03.823,1.5298,1.5306,1.20,1.00
2008.12.30 08:16:04.233,1.5298,1.5305,1.20,1.00
2008.12.30 08:16:04.903,1.5298,1.53035,1.20,1.00
2008.12.30 08:16:06.163,1.5298,1.5302,1.20,1.00
2008.12.30 08:16:07.262,1.5298,1.53015,1.20,1.00
2008.12.30 08:16:07.382,1.5298,1.53035,1.20,1.00
2008.12.30 08:16:07.682,1.5298,1.53035,1.20,1.00
2008.12.30 08:16:13.601,1.5298,1.53035,1.20,1.00
2008.12.30 08:16:14.001,1.5298,1.5302,1.20,1.00
2008.12.30 08:16:15.170,1.5298,1.53025,1.20,1.00
2008.12.30 08:16:15.630,1.5298,1.53025,1.20,1.20
2008.12.30 08:16:17.910,1.5298,1.53035,1.20,1.20
2008.12.30 08:16:18.909,1.5298,1.5303,1.20,1.00
2008.12.30 08:16:20.519,1.5298,1.53025,1.20,1.00
2008.12.30 08:16:21.519,1.5298,1.5302,1.20,1.00
2008.12.30 08:16:21.979,1.5298,1.53025,1.20,3.20
2008.12.30 08:16:22.309,1.5298,1.53015,1.20,1.00
2008.12.30 08:16:22.719,1.5298,1.5301,1.20,1.00
2008.12.30 08:16:25.848,1.5298,1.52995,1.20,1.00
2008.12.30 08:16:26.298,1.5298,1.53005,1.20,1.00
2008.12.30 08:16:26.818,1.5298,1.5299,1.20,1.00
2008.12.30 08:16:27.787,1.5298,1.52985,1.20,1.00
2008.12.30 08:16:29.107,1.52895,1.52975,2.00,1.20
2008.12.30 08:16:30.267,1.5298,1.52985,1.20,1.00
2008.12.30 08:16:30.947,1.5298,1.52985,1.20,1.20
2008.12.30 08:16:32.616,1.52895,1.5297,3.10,1.00
2008.12.30 08:16:32.947,1.529,1.52975,2.00,1.00
2008.12.30 08:16:33.646,1.5298,1.52985,1.20,1.00
2008.12.30 08:16:34.106,1.5298,1.52985,1.20,1.00
2008.12.30 08:16:34.446,1.52905,1.5297,2.00,1.00
2008.12.30 08:16:35.256,1.5298,1.52985,1.20,1.00
2008.12.30 08:16:36.066,1.5298,1.52985,1.20,1.00
2008.12.30 08:16:41.204,1.529,1.5298,2.00,1.00
2008.12.30 08:16:54.201,1.5298,1.52995,1.20,2.00
2008.12.30 08:16:54.711,1.529,1.5298,2.00,1.00
2008.12.30 08:16:57.400,1.52895,1.52975,2.00,1.00
2008.12.30 08:17:04.128,1.5298,1.5299,1.20,1.00
2008.12.30 08:17:06.648,1.5298,1.52985,1.20,1.00
2008.12.30 08:17:08.727,1.5298,1.53025,1.20,1.00
2008.12.30 08:17:08.787,1.5298,1.5303,1.20,2.40
2008.12.30 08:17:09.077,1.5298,1.53035,1.20,1.00
2008.12.30 08:17:09.247,1.5298,1.5304,1.20,1.20
2008.12.30 08:17:09.357,1.5298,1.53035,1.20,1.00
2008.12.30 08:17:11.937,1.5298,1.5302,1.20,1.00
2008.12.30 08:17:15.296,1.5298,1.53015,1.20,1.00
2008.12.30 08:17:15.416,1.5298,1.5302,1.20,3.40
2008.12.30 08:17:16.875,1.5298,1.5302,1.20,2.40
2008.12.30 08:17:17.685,1.5298,1.5303,1.20,2.40
2008.12.30 08:17:24.993,1.5298,1.5303,1.20,3.20
2008.12.30 08:17:25.454,1.5298,1.53025,1.20,2.40
2008.12.30 08:17:27.193,1.5298,1.5303,1.20,2.80
2008.12.30 08:17:27.553,1.5298,1.5303,1.20,2.40
2008.12.30 08:17:29.522,1.5298,1.5303,1.20,3.20
2008.12.30 08:17:29.812,1.5298,1.5301,1.20,2.40
2008.12.30 08:17:29.923,1.5298,1.53015,1.20,2.40
2008.12.30 08:17:30.042,1.5298,1.52995,1.20,1.00
2008.12.30 08:17:31.362,1.5298,1.52995,1.20,1.00
2008.12.30 08:17:35.051,1.5298,1.53,1.20,1.00
2008.12.30 08:17:35.461,1.5298,1.52995,1.20,1.00
2008.12.30 08:17:36.111,1.5298,1.53,1.20,1.00
2008.12.30 08:17:37.590,1.5298,1.5301,1.20,1.00
2008.12.30 08:17:38.180,1.5298,1.53005,1.20,1.00
2008.12.30 08:17:38.300,1.5298,1.5301,1.20,1.00
2008.12.30 08:17:38.931,1.5298,1.53,1.20,1.00
2008.12.30 08:17:39.050,1.5298,1.5301,1.20,1.00
2008.12.30 08:17:45.189,1.5298,1.53015,1.20,2.80
2008.12.30 08:17:45.299,1.5298,1.53015,1.20,1.00
2008.12.30 08:17:57.216,1.5298,1.5302,1.20,1.00
2008.12.30 08:17:59.415,1.5298,1.5301,1.20,1.00
2008.12.30 08:18:01.355,1.5298,1.52995,1.20,1.00
2008.12.30 08:18:01.825,1.5298,1.5301,1.20,1.20
2008.12.30 08:18:02.064,1.5298,1.5301,1.20,1.00
2008.12.30 08:18:05.774,1.5298,1.53015,1.20,1.00
2008.12.30 08:18:08.513,1.5298,1.53025,1.20,1.20
2008.12.30 08:18:14.412,1.5298,1.53015,1.20,1.00
2008.12.30 08:18:16.451,1.5298,1.53025,1.20,1.20
2008.12.30 08:18:16.791,1.5298,1.53015,1.20,1.00
2008.12.30 08:18:17.191,1.5298,1.53025,1.20,1.20
2008.12.30 08:18:18.371,1.5298,1.53025,1.20,1.00
2008.12.30 08:18:18.430,1.5298,1.5302,1.20,1.00
2008.12.30 08:18:18.721,1.5298,1.53025,1.20,1.00
2008.12.30 08:18:18.901,1.5298,1.5302,1.20,1.00
2008.12.30 08:18:25.919,1.5298,1.53015,1.20,1.00
2008.12.30 08:18:26.259,1.5298,1.5301,1.20,1.00
2008.12.30 08:18:43.725,1.5298,1.53015,1.20,1.00
2008.12.30 08:18:44.205,1.5298,1.5303,1.20,1.00
2008.12.30 08:18:44.854,1.5298,1.53025,1.20,1.00
2008.12.30 08:18:44.964,1.5298,1.5303,1.20,1.00
2008.12.30 08:18:47.064,1.5298,1.53025,1.20,1.00
2008.12.30 08:18:56.732,1.5298,1.5301,1.20,1.00
2008.12.30 08:18:56.952,1.5298,1.5303,1.20,1.00
2008.12.30 08:19:10.648,1.5298,1.5301,1.20,1.00
2008.12.30 08:19:11.178,1.5298,1.5303,1.20,1.00
2008.12.30 08:19:11.698,1.5298,1.5301,1.20,1.00
2008.12.30 08:19:12.348,1.5298,1.53025,1.20,1.00
2008.12.30 08:19:24.675,1.5298,1.5303,1.20,1.00
2008.12.30 08:19:27.434,1.5298,1.5302,1.20,1.00
2008.12.30 08:19:27.614,1.5298,1.5302,1.20,1.20
2008.12.30 08:19:31.133,1.5298,1.5302,1.20,1.00
2008.12.30 08:19:43.300,1.5298,1.5304,1.20,3.20
2008.12.30 08:19:43.880,1.5297,1.5304,2.80,3.20
2008.12.30 08:19:44.230,1.52985,1.5304,1.00,3.20
2008.12.30 08:19:44.570,1.5298,1.5304,1.20,3.20
2008.12.30 08:19:45.040,1.52985,1.5304,1.00,3.20
2008.12.30 08:19:45.550,1.5299,1.5304,1.00,3.20
2008.12.30 08:19:46.070,1.52995,1.5304,1.00,3.20
2008.12.30 08:19:46.249,1.5301,1.5304,1.00,3.20
2008.12.30 08:19:53.208,1.53005,1.5304,1.00,3.20
2008.12.30 08:19:53.738,1.5299,1.5304,1.80,3.20
2008.12.30 08:19:54.838,1.52995,1.5304,1.00,3.20
2008.12.30 08:19:55.357,1.5301,1.5306,1.00,1.00
2008.12.30 08:19:58.057,1.5301,1.5304,1.80,3.20
2008.12.30 08:19:58.696,1.53,1.5304,1.80,3.20
2008.12.30 08:19:59.086,1.5301,1.5306,1.20,1.00
2008.12.30 08:20:02.295,1.5301,1.53045,1.20,1.00
2008.12.30 08:20:02.965,1.5301,1.5304,1.20,1.00
2008.12.30 08:20:03.435,1.5301,1.5305,1.20,1.00
2008.12.30 08:20:03.955,1.5301,1.5306,1.20,1.00
2008.12.30 08:20:09.354,1.5301,1.5306,1.20,1.40
2008.12.30 08:20:13.063,1.5301,1.5306,1.20,1.00
2008.12.30 08:20:16.523,1.5301,1.5306,1.20,1.40
2008.12.30 08:20:16.862,1.53,1.5306,1.80,1.40
2008.12.30 08:20:17.032,1.5301,1.5306,1.20,1.40
2008.12.30 08:20:18.762,1.5301,1.5306,1.20,1.00
2008.12.30 08:20:22.351,1.5301,1.5306,1.20,1.00
2008.12.30 08:20:22.970,1.5301,1.5306,1.20,1.00
2008.12.30 08:20:25.680,1.5301,1.5306,1.20,1.40
2008.12.30 08:20:26.020,1.5301,1.53055,1.20,1.00
2008.12.30 08:20:26.540,1.5301,1.5306,1.20,1.60
2008.12.30 08:20:26.880,1.5301,1.53055,1.20,1.00
2008.12.30 08:20:32.079,1.5301,1.5306,1.20,1.40
2008.12.30 08:20:32.708,1.5301,1.5306,1.20,1.00
2008.12.30 08:20:33.228,1.5301,1.5306,1.20,1.40
2008.12.30 08:20:33.678,1.5301,1.53055,1.20,1.00
2008.12.30 08:20:43.925,1.5301,1.5305,1.20,1.00
2008.12.30 08:20:47.275,1.5301,1.53055,1.20,1.00
2008.12.30 08:20:47.875,1.5301,1.53055,1.20,1.00
2008.12.30 08:20:59.112,1.5301,1.5306,1.20,1.40
2008.12.30 08:21:02.851,1.5301,1.5306,1.20,1.00
2008.12.30 08:21:09.970,1.5301,1.5306,1.20,1.40
2008.12.30 08:21:11.439,1.5301,1.5305,1.20,1.00
2008.12.30 08:21:12.928,1.5301,1.53055,1.20,1.00
2008.12.30 08:21:22.546,1.5301,1.53055,1.20,1.20
2008.12.30 08:21:23.246,1.5301,1.5305,1.20,1.00
2008.12.30 08:21:25.756,1.5301,1.53055,1.20,1.00
2008.12.30 08:21:26.375,1.5301,1.53055,1.20,1.20
2008.12.30 08:21:26.665,1.5301,1.53045,1.20,1.00
2008.12.30 08:21:27.295,1.5301,1.5303,1.20,1.00
2008.12.30 08:21:28.585,1.5301,1.53035,1.20,1.00
2008.12.30 08:21:29.065,1.5301,1.53045,1.20,1.00
2008.12.30 08:21:30.464,1.5301,1.53055,1.20,1.00
2008.12.30 08:21:34.274,1.5301,1.5305,1.20,1.00
2008.12.30 08:21:36.333,1.5301,1.5305,1.20,1.20
2008.12.30 08:21:36.773,1.5301,1.5305,1.20,1.00
2008.12.30 08:21:37.193,1.5301,1.5306,1.20,1.00
2008.12.30 08:21:38.502,1.53,1.5306,1.80,1.00
2008.12.30 08:21:39.232,1.5301,1.5306,1.80,1.00
2008.12.30 08:21:40.062,1.5301,1.5306,1.20,1.00
2008.12.30 08:21:40.352,1.53,1.5306,1.80,1.00
2008.12.30 08:21:40.462,1.5301,1.5306,1.80,1.00
2008.12.30 08:21:42.791,1.5301,1.5306,1.20,1.00
2008.12.30 08:21:46.800,1.5301,1.5306,1.80,1.00
2008.12.30 08:21:47.181,1.5302,1.5306,1.00,1.00
2008.12.30 08:21:47.590,1.5301,1.5306,1.20,1.00
2008.12.30 08:21:48.220,1.53,1.5306,1.80,1.00
2008.12.30 08:21:48.740,1.5301,1.5306,1.80,1.00
2008.12.30 08:21:49.040,1.5301,1.5306,1.20,1.00
2008.12.30 08:22:00.987,1.5301,1.5306,2.20,1.00
2008.12.30 08:22:01.167,1.5302,1.5306,1.00,1.00
2008.12.30 08:22:01.847,1.5301,1.5306,2.00,1.00
2008.12.30 08:22:02.067,1.53015,1.5306,1.00,1.00
2008.12.30 08:22:03.326,1.5302,1.5306,3.20,1.00
2008.12.30 08:22:03.717,1.5302,1.5306,3.80,1.00
2008.12.30 08:22:03.836,1.5302,1.5306,4.40,1.00
2008.12.30 08:22:05.056,1.5303,1.5306,3.20,1.00
2008.12.30 08:22:07.435,1.5302,1.5306,5.00,1.00
2008.12.30 08:22:07.735,1.5302,1.5306,4.40,1.00
2008.12.30 08:22:10.945,1.5302,1.5306,4.40,1.00
2008.12.30 08:22:11.344,1.5302,1.5306,4.60,1.00
2008.12.30 08:22:14.874,1.5303,1.5306,1.40,1.00
2008.12.30 08:22:29.720,1.5303,1.5306,1.40,1.00
2008.12.30 08:22:30.190,1.5303,1.5306,1.40,1.60
2008.12.30 08:22:34.079,1.5303,1.53055,1.40,1.20
2008.12.30 08:22:35.589,1.5303,1.53055,1.40,1.00
2008.12.30 08:22:48.126,1.5303,1.5305,1.40,1.00
2008.12.30 08:22:48.535,1.5303,1.5305,1.40,1.20
2008.12.30 08:22:48.816,1.5303,1.5305,1.40,1.00
2008.12.30 08:22:52.065,1.5303,1.5306,1.40,1.00
2008.12.30 08:22:52.534,1.5303,1.53055,1.40,1.20
2008.12.30 08:22:52.934,1.53035,1.53055,1.00,1.00
2008.12.30 08:22:53.054,1.53055,1.531,1.60,3.20
2008.12.30 08:22:54.004,1.5305,1.5307,1.40,1.00
2008.12.30 08:22:54.454,1.5305,1.531,1.40,3.20
2008.12.30 08:22:54.624,1.5305,1.5307,1.40,1.00
2008.12.30 08:22:54.864,1.5305,1.531,1.40,3.20
2008.12.30 08:22:55.924,1.5305,1.5307,1.40,1.00
2008.12.30 08:22:56.454,1.5305,1.531,1.40,3.20
2008.12.30 08:22:57.083,1.5305,1.5307,1.40,1.00
2008.12.30 08:23:10.800,1.5305,1.531,1.40,3.20
2008.12.30 08:23:11.200,1.5305,1.5307,1.40,1.00
2008.12.30 08:23:24.947,1.5305,1.531,1.40,1.00
2008.12.30 08:23:25.227,1.5305,1.531,1.40,2.40
2008.12.30 08:23:25.837,1.5305,1.5309,1.40,2.40
2008.12.30 08:23:26.016,1.5305,1.53065,1.40,2.40
2008.12.30 08:23:29.736,1.5305,1.5308,1.40,2.40
2008.12.30 08:23:30.136,1.5305,1.5306,1.40,1.00
2008.12.30 08:23:31.045,1.5305,1.53055,1.40,1.00
2008.12.30 08:23:31.395,1.5305,1.5306,1.40,1.00
2008.12.30 08:23:31.795,1.5305,1.53105,1.40,2.80
2008.12.30 08:23:32.315,1.5305,1.5307,1.40,1.00
2008.12.30 08:23:48.631,1.5306,1.531,3.20,2.20
2008.12.30 08:23:48.911,1.5306,1.53115,3.20,2.40
2008.12.30 08:23:49.081,1.5307,1.53115,1.00,2.40
2008.12.30 08:23:49.421,1.5307,1.53075,1.00,1.00
2008.12.30 08:23:49.591,1.5307,1.53075,1.40,1.00
2008.12.30 08:23:58.348,1.5307,1.53115,1.40,2.40
2008.12.30 08:24:04.777,1.5307,1.53075,1.40,1.00
2008.12.30 08:24:11.796,1.5307,1.53115,1.40,2.40
2008.12.30 08:24:13.405,1.5307,1.53075,1.40,1.00
2008.12.30 08:24:17.044,1.5306,1.531,2.40,2.20
2008.12.30 08:24:17.214,1.5306,1.53115,5.60,2.40
2008.12.30 08:24:17.334,1.5307,1.53115,2.40,2.40
2008.12.30 08:24:17.854,1.5307,1.53115,3.20,2.40
2008.12.30 08:24:18.304,1.5308,1.531,1.40,2.40
2008.12.30 08:24:18.984,1.5308,1.53115,1.40,2.20
2008.12.30 08:24:21.703,1.5308,1.53115,1.40,2.40
2008.12.30 08:24:24.642,1.5308,1.53115,1.40,2.20
2008.12.30 08:24:25.672,1.53075,1.531,4.20,2.20
2008.12.30 08:24:25.722,1.53075,1.53115,4.20,2.40
2008.12.30 08:24:26.172,1.53075,1.53115,3.20,2.40
2008.12.30 08:24:27.692,1.5308,1.531,1.40,2.40
2008.12.30 08:24:29.841,1.5307,1.531,2.40,2.40
2008.12.30 08:24:30.771,1.5308,1.531,1.40,2.40
2008.12.30 08:24:38.169,1.5308,1.53155,1.40,1.00
2008.12.30 08:24:44.667,1.5308,1.5314,1.40,1.20
2008.12.30 08:24:50.376,1.5308,1.53115,1.40,2.40
2008.12.30 08:24:59.874,1.5308,1.53135,1.40,1.00
2008.12.30 08:25:02.053,1.5308,1.53135,1.40,1.00
2008.12.30 08:25:02.533,1.5308,1.5314,1.40,1.00
2008.12.30 08:25:03.113,1.5308,1.53115,1.40,2.40
2008.12.30 08:25:04.983,1.5308,1.531,2.40,2.40
2008.12.30 08:25:05.213,1.5309,1.53155,4.20,1.00
2008.12.30 08:25:05.922,1.5309,1.53175,4.20,1.00
2008.12.30 08:25:06.033,1.5309,1.5317,4.20,1.00
2008.12.30 08:25:08.182,1.5309,1.53155,2.40,1.00
2008.12.30 08:25:13.760,1.5309,1.53145,2.40,1.00
2008.12.30 08:25:16.060,1.5309,1.53135,1.40,1.00
2008.12.30 08:25:17.220,1.5309,1.5313,1.40,1.00
2008.12.30 08:25:17.959,1.5309,1.5312,1.40,1.00
2008.12.30 08:25:18.239,1.5309,1.53125,1.40,1.00
2008.12.30 08:25:18.809,1.5309,1.5312,1.40,1.00
2008.12.30 08:25:18.989,1.5309,1.5311,1.40,1.00
2008.12.30 08:25:22.758,1.5309,1.5312,1.40,1.00
2008.12.30 08:25:23.618,1.5309,1.53115,1.40,1.00
2008.12.30 08:25:24.538,1.5309,1.531,1.40,1.00
2008.12.30 08:25:24.949,1.5309,1.53115,1.40,1.00
2008.12.30 08:25:25.298,1.5309,1.5312,1.40,1.00
2008.12.30 08:25:25.648,1.5309,1.53125,1.40,1.00
2008.12.30 08:25:27.687,1.5309,1.53115,1.40,1.00
2008.12.30 08:25:28.437,1.5309,1.5311,1.40,1.00
2008.12.30 08:25:28.857,1.5309,1.5312,1.40,1.00
2008.12.30 08:25:29.147,1.5309,1.53155,1.40,1.00
2008.12.30 08:25:29.607,1.5309,1.5312,1.40,1.00
2008.12.30 08:25:30.447,1.5309,1.53115,1.40,1.00
2008.12.30 08:25:31.696,1.5309,1.53095,1.40,1.00
2008.12.30 08:25:32.266,1.5301,1.5308,3.30,1.00
2008.12.30 08:25:32.906,1.5309,1.531,1.40,1.00
2008.12.30 08:25:33.396,1.5309,1.5313,1.40,2.40
2008.12.30 08:25:33.866,1.5309,1.5314,1.40,3.20
2008.12.30 08:25:33.976,1.5309,1.5315,1.40,1.80
2008.12.30 08:25:34.315,1.5309,1.5315,1.40,1.60
2008.12.30 08:25:34.426,1.5309,1.53145,1.40,1.00
2008.12.30 08:25:36.165,1.5309,1.53145,1.40,1.80
2008.12.30 08:25:36.835,1.5309,1.53145,1.40,1.20
2008.12.30 08:25:37.125,1.5309,1.53145,1.40,1.00
2008.12.30 08:25:38.224,1.5309,1.53145,1.40,1.60
2008.12.30 08:25:38.815,1.5309,1.53145,1.40,1.00
2008.12.30 08:25:40.504,1.5309,1.53105,1.40,1.00
2008.12.30 08:25:46.932,1.5309,1.531,1.40,1.00
2008.12.30 08:25:47.452,1.53015,1.5309,1.90,1.00
2008.12.30 08:25:47.852,1.5309,1.531,1.40,1.20
2008.12.30 08:25:48.133,1.5309,1.531,1.40,1.00
2008.12.30 08:25:48.472,1.5309,1.531,1.40,1.20
2008.12.30 08:25:49.112,1.5309,1.53095,1.40,1.00
2008.12.30 08:25:50.092,1.5309,1.531,1.40,1.00
2008.12.30 08:25:50.912,1.5309,1.53105,1.40,1.00
2008.12.30 08:25:58.190,1.5309,1.5312,1.40,1.00
2008.12.30 08:25:58.480,1.5309,1.5312,1.40,1.20
2008.12.30 08:25:59.899,1.5309,1.53115,1.40,1.00
2008.12.30 08:26:00.469,1.5309,1.5312,1.40,1.00
2008.12.30 08:26:00.749,1.5309,1.5311,1.40,1.00
2008.12.30 08:26:02.629,1.5309,1.5312,1.40,1.00
2008.12.30 08:26:02.909,1.5309,1.53115,1.40,1.00
2008.12.30 08:26:03.389,1.5309,1.5312,1.40,1.00
2008.12.30 08:26:03.558,1.5309,1.53115,1.40,1.00
2008.12.30 08:26:04.069,1.5309,1.5312,1.40,1.00
2008.12.30 08:26:04.538,1.5309,1.53115,1.40,1.00
2008.12.30 08:26:04.938,1.5309,1.5312,1.40,1.00
2008.12.30 08:26:05.058,1.5309,1.53115,1.40,1.00
2008.12.30 08:26:05.918,1.5309,1.5312,1.40,1.20
2008.12.30 08:26:05.968,1.5309,1.5311,1.40,1.00
2008.12.30 08:26:06.548,1.5309,1.5312,1.40,1.20
2008.12.30 08:26:06.718,1.5309,1.53115,1.40,1.60
2008.12.30 08:26:06.828,1.5309,1.53115,1.40,2.20
2008.12.30 08:26:07.118,1.5309,1.5311,1.40,1.20
2008.12.30 08:26:09.827,1.5309,1.5311,1.40,1.00
2008.12.30 08:26:24.103,1.5309,1.53115,1.40,1.00
2008.12.30 08:26:24.963,1.5309,1.5313,1.40,1.80
2008.12.30 08:26:26.033,1.5309,1.5313,1.40,1.20
2008.12.30 08:26:28.263,1.5309,1.53125,1.40,1.00
2008.12.30 08:26:28.673,1.5309,1.5313,1.40,1.20
2008.12.30 08:26:29.032,1.5309,1.5312,1.40,1.00
2008.12.30 08:26:29.202,1.5309,1.53125,1.40,1.00
2008.12.30 08:26:32.492,1.5307,1.5308,1.40,1.00
2008.12.30 08:26:32.722,1.5299,1.5306,2.20,1.00
2008.12.30 08:26:33.081,1.5309,1.53105,1.40,2.40
2008.12.30 08:26:33.261,1.5298,1.5307,2.20,1.00
2008.12.30 08:26:35.571,1.5298,1.5305,3.50,1.00
2008.12.30 08:26:36.441,1.5309,1.53105,1.40,1.60
2008.12.30 08:26:36.611,1.5309,1.53115,1.40,1.00
2008.12.30 08:26:36.960,1.5309,1.53105,1.40,1.60
2008.12.30 08:26:37.190,1.5309,1.53105,1.40,1.00
2008.12.30 08:26:38.161,1.5309,1.53105,1.40,2.20
2008.12.30 08:26:38.630,1.53015,1.5309,1.80,1.00
2008.12.30 08:26:38.850,1.5309,1.53095,1.40,1.20
2008.12.30 08:26:39.200,1.5309,1.53095,1.40,1.60
2008.12.30 08:26:41.050,1.5309,1.5311,1.40,1.00
2008.12.30 08:26:41.349,1.5309,1.53125,1.40,3.20
2008.12.30 08:26:41.460,1.5309,1.5313,1.40,1.00
2008.12.30 08:26:42.219,1.5309,1.53135,1.40,1.00
2008.12.30 08:26:43.639,1.5309,1.5315,1.40,1.20
2008.12.30 08:26:45.079,1.5309,1.53145,1.40,1.00
2008.12.30 08:26:47.728,1.5309,1.5314,1.40,1.00
2008.12.30 08:26:48.468,1.5309,1.53135,1.40,1.00
2008.12.30 08:26:48.828,1.5309,1.53125,1.40,1.00
2008.12.30 08:26:49.408,1.5309,1.53135,1.40,1.00
2008.12.30 08:26:52.587,1.5309,1.53145,1.40,1.00
2008.12.30 08:27:02.504,1.5309,1.53155,1.40,1.00
2008.12.30 08:27:02.784,1.5309,1.5314,1.40,1.00
2008.12.30 08:27:03.414,1.5309,1.53155,1.40,1.20
2008.12.30 08:27:05.324,1.5309,1.53145,1.40,1.00
2008.12.30 08:27:05.954,1.5309,1.5314,1.40,1.00
2008.12.30 08:27:07.533,1.5309,1.53125,1.40,1.00
2008.12.30 08:27:10.542,1.5309,1.5313,1.40,1.00
2008.12.30 08:27:12.922,1.5309,1.53125,1.40,1.00
2008.12.30 08:27:13.822,1.5309,1.5316,1.40,1.00
2008.12.30 08:27:15.091,1.5309,1.5315,1.40,1.20
2008.12.30 08:27:15.311,1.5309,1.5314,1.40,1.00
2008.12.30 08:27:19.731,1.5309,1.53135,1.40,1.00
2008.12.30 08:27:20.030,1.5309,1.5313,1.40,1.00
2008.12.30 08:27:20.091,1.5309,1.53135,1.40,1.00
2008.12.30 08:27:23.929,1.5309,1.53125,1.40,1.00
2008.12.30 08:27:32.597,1.5309,1.5313,1.40,1.00
2008.12.30 08:27:35.776,1.5309,1.5313,2.40,1.00
2008.12.30 08:27:42.895,1.5309,1.53125,2.40,1.00
2008.12.30 08:27:44.924,1.5308,1.53125,2.40,1.00
2008.12.30 08:27:45.384,1.5309,1.5312,2.40,1.00
2008.12.30 08:27:45.434,1.5309,1.5312,1.40,1.00
2008.12.30 08:27:47.004,1.5309,1.53125,1.40,1.00
2008.12.30 08:27:47.494,1.5309,1.53115,1.40,1.00
2008.12.30 08:27:48.463,1.5309,1.5313,1.40,1.00
2008.12.30 08:27:48.753,1.5309,1.53125,1.40,1.00
2008.12.30 08:27:49.103,1.5309,1.5313,1.40,1.00
2008.12.30 08:27:49.393,1.5309,1.53125,1.40,1.00
2008.12.30 08:27:50.163,1.5309,1.53135,1.40,1.00
2008.12.30 08:27:50.623,1.5309,1.5314,1.40,1.00
2008.12.30 08:27:51.022,1.5309,1.53135,1.40,1.00
2008.12.30 08:27:51.312,1.5309,1.5314,1.40,1.00
2008.12.30 08:27:51.883,1.5309,1.53135,1.40,1.00
2008.12.30 08:27:52.982,1.5309,1.5314,1.40,1.00
2008.12.30 08:27:53.692,1.5309,1.53135,1.40,1.00
2008.12.30 08:27:53.872,1.5309,1.5314,1.40,1.00
2008.12.30 08:27:54.332,1.5309,1.53135,1.40,1.00
2008.12.30 08:27:54.492,1.5309,1.5314,1.40,1.00
2008.12.30 08:27:55.142,1.5309,1.53135,1.40,1.00
2008.12.30 08:27:56.131,1.5309,1.5314,1.40,1.00
2008.12.30 08:27:56.881,1.531,1.53145,1.00,1.00
2008.12.30 08:27:57.062,1.531,1.5315,1.00,1.00
2008.12.30 08:27:57.771,1.5309,1.5315,1.40,1.00
2008.12.30 08:27:58.291,1.5309,1.53155,2.40,1.00
2008.12.30 08:27:58.631,1.5309,1.53165,5.00,1.00
2008.12.30 08:27:58.871,1.5309,1.53165,5.60,1.00
2008.12.30 08:28:06.639,1.5309,1.5316,5.60,1.00
2008.12.30 08:28:06.929,1.53105,1.5316,1.00,1.00
2008.12.30 08:28:07.369,1.5311,1.53175,1.00,1.00
2008.12.30 08:28:08.639,1.53115,1.53175,1.00,1.00
2008.12.30 08:28:09.048,1.53115,1.5318,1.00,8.20
2008.12.30 08:28:11.978,1.531,1.53175,5.60,1.00
2008.12.30 08:28:12.687,1.5312,1.53175,1.00,1.00
2008.12.30 08:28:15.297,1.53115,1.53175,1.00,1.00
2008.12.30 08:28:18.006,1.53115,1.5318,1.00,8.20
2008.12.30 08:28:19.976,1.5312,1.5318,1.00,8.20
2008.12.30 08:28:23.525,1.5312,1.53175,1.00,1.00
2008.12.30 08:28:28.044,1.531,1.53155,5.60,1.00
2008.12.30 08:28:28.274,1.53115,1.53155,1.00,1.00
2008.12.30 08:28:28.564,1.5309,1.53155,2.40,1.00
2008.12.30 08:28:29.303,1.531,1.53145,1.40,1.00
2008.12.30 08:28:31.153,1.531,1.53145,2.40,1.00
2008.12.30 08:28:31.543,1.5311,1.53185,1.40,1.00
2008.12.30 08:28:32.573,1.5311,1.53165,1.40,1.60
2008.12.30 08:28:33.103,1.5311,1.53155,1.40,1.00
2008.12.30 08:28:33.332,1.5311,1.5315,1.40,1.00
2008.12.30 08:28:33.793,1.5311,1.53145,1.40,1.00
2008.12.30 08:28:34.742,1.5311,1.53135,1.40,1.00
2008.12.30 08:28:35.152,1.5311,1.5314,1.40,1.00
2008.12.30 08:28:35.322,1.5311,1.53135,1.40,1.00
2008.12.30 08:28:37.641,1.5311,1.5315,1.40,1.00
2008.12.30 08:28:38.021,1.5311,1.53145,1.40,1.00
2008.12.30 08:28:38.491,1.5311,1.5315,1.40,1.00
2008.12.30 08:28:39.181,1.5311,1.5316,1.40,1.00
2008.12.30 08:28:39.401,1.5311,1.5315,1.40,1.00
2008.12.30 08:28:41.711,1.5311,1.53145,1.40,1.00
2008.12.30 08:28:41.990,1.5311,1.5316,1.40,1.00
2008.12.30 08:28:42.380,1.5311,1.53145,1.40,1.00
2008.12.30 08:28:46.819,1.5311,1.53135,1.40,1.00
2008.12.30 08:28:47.209,1.5311,1.53135,1.40,1.20
2008.12.30 08:28:48.409,1.5311,1.53135,1.40,1.00
2008.12.30 08:28:52.508,1.5311,1.5315,1.40,1.00
2008.12.30 08:28:52.678,1.5311,1.53145,1.40,1.00
2008.12.30 08:28:53.538,1.5311,1.53135,1.40,1.00
2008.12.30 08:28:54.237,1.5311,1.53115,1.40,1.00
2008.12.30 08:28:54.588,1.5311,1.5312,1.40,1.20
2008.12.30 08:28:54.988,1.5311,1.53115,1.40,1.00
2008.12.30 08:28:55.697,1.5311,1.53115,1.40,1.00
2008.12.30 08:28:55.917,1.5311,1.5313,1.40,2.80
2008.12.30 08:28:56.257,1.5311,1.5313,1.40,1.00
2008.12.30 08:28:56.657,1.5311,1.5312,1.40,1.00
2008.12.30 08:28:57.007,1.5311,1.5313,1.40,1.00
2008.12.30 08:28:58.156,1.5311,1.53125,1.40,1.00
2008.12.30 08:28:58.616,1.5311,1.5313,1.40,1.20
2008.12.30 08:28:59.266,1.5311,1.53125,1.40,1.20
2008.12.30 08:28:59.776,1.5304,1.5311,3.30,1.50
2008.12.30 08:29:00.176,1.5311,1.5313,1.40,8.60
2008.12.30 08:29:00.576,1.5304,1.5309,3.30,1.00
2008.12.30 08:29:01.396,1.5311,1.53115,1.40,1.20
2008.12.30 08:29:02.396,1.5304,1.5311,3.30,1.00
2008.12.30 08:29:03.165,1.5304,1.53095,3.30,1.00
2008.12.30 08:29:03.725,1.5311,1.53115,1.40,1.00
2008.12.30 08:29:05.345,1.5311,1.5312,1.40,1.00
2008.12.30 08:29:05.905,1.5311,1.53125,1.40,2.40
2008.12.30 08:29:06.305,1.5311,1.5313,1.40,2.00
2008.12.30 08:29:06.595,1.5311,1.5313,1.40,3.00
2008.12.30 08:29:06.934,1.5311,1.5313,1.40,1.00
2008.12.30 08:29:07.164,1.5311,1.5313,1.40,1.80
2008.12.30 08:29:07.794,1.5311,1.5312,1.40,3.00
2008.12.30 08:29:11.074,1.5311,1.5312,1.40,1.20
2008.12.30 08:29:11.533,1.5311,1.53115,1.40,1.80
2008.12.30 08:29:12.523,1.5311,1.53115,1.40,2.20
2008.12.30 08:29:12.873,1.5311,1.5313,1.40,8.90
2008.12.30 08:29:13.323,1.5311,1.5312,1.40,2.00
2008.12.30 08:29:14.003,1.5311,1.5312,1.40,2.40
2008.12.30 08:29:14.242,1.5311,1.5312,1.40,3.20
2008.12.30 08:29:14.573,1.5311,1.53115,1.40,1.00
2008.12.30 08:29:15.032,1.5311,1.5312,1.40,3.20
2008.12.30 08:29:15.153,1.5311,1.53115,1.40,3.20
2008.12.30 08:29:15.432,1.5304,1.531,3.30,1.00
2008.12.30 08:29:15.852,1.5304,1.53105,3.30,1.00
2008.12.30 08:29:16.012,1.5311,1.53115,1.40,1.00
2008.12.30 08:29:16.362,1.5311,1.53115,1.40,1.20
2008.12.30 08:29:16.752,1.5311,1.53115,1.40,1.00
2008.12.30 08:29:16.932,1.5311,1.53125,1.40,1.20
2008.12.30 08:29:17.342,1.5311,1.53125,1.40,1.00
2008.12.30 08:29:17.832,1.5311,1.5312,1.40,1.00
2008.12.30 08:29:19.382,1.5311,1.53115,1.40,1.00
2008.12.30 08:29:20.551,1.53065,1.5311,1.90,1.00
2008.12.30 08:29:21.511,1.5311,1.53115,1.40,1.00
2008.12.30 08:29:23.001,1.53075,1.5311,1.90,1.00
2008.12.30 08:29:30.319,1.5311,1.5312,1.40,1.00
2008.12.30 08:29:30.789,1.5311,1.53125,1.40,1.00
2008.12.30 08:29:31.148,1.5311,1.53145,1.40,1.00
2008.12.30 08:29:31.258,1.5311,1.5315,1.40,1.00
2008.12.30 08:29:32.238,1.5311,1.53155,1.40,1.00
2008.12.30 08:29:33.058,1.5311,1.53165,1.40,1.20
2008.12.30 08:29:33.408,1.5311,1.53165,1.40,1.00
2008.12.30 08:29:34.688,1.5311,1.5316,1.40,1.00
2008.12.30 08:29:35.368,1.5311,1.5318,1.40,1.60
2008.12.30 08:29:35.898,1.5311,1.53185,1.40,1.00
2008.12.30 08:29:36.297,1.5311,1.53165,1.40,3.20
2008.12.30 08:29:36.827,1.5311,1.5315,1.40,1.40
2008.12.30 08:29:37.387,1.5311,1.53125,1.40,2.40
2008.12.30 08:29:37.737,1.53,1.53105,1.90,1.00
2008.12.30 08:29:38.317,1.52995,1.5309,1.90,1.00
2008.12.30 08:29:39.227,1.5311,1.53165,1.40,1.80
2008.12.30 08:29:41.136,1.5311,1.53185,1.40,1.00
2008.12.30 08:29:41.636,1.5311,1.5322,1.40,2.40
2008.12.30 08:29:42.096,1.53115,1.5324,1.00,3.40
2008.12.30 08:29:42.256,1.53135,1.5324,1.00,1.00
2008.12.30 08:29:42.376,1.5314,1.5324,1.00,1.00
2008.12.30 08:29:43.116,1.53155,1.5323,1.00,1.00
2008.12.30 08:29:48.064,1.5314,1.5323,5.60,1.00
2008.12.30 08:29:48.794,1.5314,1.5323,1.00,1.00
2008.12.30 08:29:51.844,1.5313,1.53225,3.80,1.00
2008.12.30 08:29:52.133,1.5313,1.53225,3.20,1.00
2008.12.30 08:29:52.753,1.5313,1.53225,1.00,1.00
2008.12.30 08:29:53.314,1.53125,1.53225,1.00,1.00
2008.12.30 08:29:53.773,1.5313,1.53225,1.00,1.00
2008.12.30 08:29:54.233,1.53135,1.53225,1.00,1.00
2008.12.30 08:29:56.122,1.5315,1.53235,1.00,1.00
2008.12.30 08:29:56.563,1.53135,1.53225,5.60,1.00
2008.12.30 08:29:56.842,1.5313,1.53225,2.00,1.00
2008.12.30 08:29:57.372,1.5313,1.53205,1.40,1.00
2008.12.30 08:29:57.722,1.5313,1.53215,1.40,1.00
2008.12.30 08:29:58.372,1.5313,1.53215,2.00,1.00
2008.12.30 08:29:58.832,1.5313,1.53215,1.40,1.00
2008.12.30 08:29:59.642,1.5313,1.53215,2.00,1.00
2008.12.30 08:30:00.052,1.5314,1.5323,1.00,1.00
2008.12.30 08:30:00.681,1.5313,1.5323,5.20,1.00
2008.12.30 08:30:01.631,1.5312,1.53235,2.00,1.00
2008.12.30 08:30:02.311,1.5313,1.5324,1.40,6.60
2008.12.30 08:30:02.831,1.5313,1.5324,1.40,3.80
2008.12.30 08:30:03.281,1.5313,1.5324,2.00,3.80
2008.12.30 08:30:04.331,1.5312,1.5324,2.00,3.80
2008.12.30 08:30:04.791,1.5312,1.53205,2.00,1.00
2008.12.30 08:30:04.910,1.5313,1.53185,1.40,1.00
2008.12.30 08:30:05.371,1.5313,1.532,1.40,2.40
2008.12.30 08:30:05.840,1.5313,1.53195,1.40,3.20
2008.12.30 08:30:06.420,1.5313,1.53235,1.40,2.40
2008.12.30 08:30:06.590,1.5313,1.53245,1.40,2.40
2008.12.30 08:30:06.920,1.5313,1.5325,1.40,6.40
2008.12.30 08:30:08.010,1.5313,1.5324,1.40,3.80
2008.12.30 08:30:08.360,1.5312,1.5324,2.00,3.80
2008.12.30 08:30:08.810,1.5313,1.5324,1.40,3.80
2008.12.30 08:30:10.179,1.53145,1.5324,1.00,3.80
2008.12.30 08:30:10.579,1.53155,1.5324,1.00,3.80
2008.12.30 08:30:11.579,1.5316,1.53225,1.00,1.60
2008.12.30 08:30:12.109,1.5314,1.53225,1.40,1.60
2008.12.30 08:30:12.509,1.5314,1.53235,1.40,1.00
2008.12.30 08:30:15.008,1.53145,1.5324,1.00,3.80
2008.12.30 08:30:15.578,1.53145,1.53235,1.00,1.00
2008.12.30 08:30:15.968,1.5313,1.53235,2.00,1.00
2008.12.30 08:30:16.368,1.5313,1.5324,2.00,3.80
2008.12.30 08:30:16.538,1.5313,1.5324,2.00,4.40
2008.12.30 08:30:16.708,1.5314,1.5324,1.40,4.40
2008.12.30 08:30:17.058,1.5314,1.5324,1.40,3.80
2008.12.30 08:30:17.227,1.5314,1.5324,1.40,6.40
2008.12.30 08:30:18.367,1.5314,1.5324,1.40,6.60
2008.12.30 08:30:20.107,1.53155,1.5324,1.00,3.80
2008.12.30 08:30:20.727,1.5315,1.5324,1.00,4.00
2008.12.30 08:30:22.516,1.5315,1.5323,2.40,1.00
2008.12.30 08:30:23.086,1.5315,1.53225,2.40,1.00
2008.12.30 08:30:23.416,1.5315,1.53205,1.40,1.00
2008.12.30 08:30:24.346,1.5315,1.532,1.40,1.00
2008.12.30 08:30:27.805,1.5315,1.5317,1.40,1.00
2008.12.30 08:30:29.784,1.5315,1.53175,1.40,1.00
2008.12.30 08:30:30.424,1.5315,1.5317,1.40,1.00
2008.12.30 08:30:32.904,1.5315,1.5316,1.40,1.00
2008.12.30 08:30:33.583,1.5315,1.5317,1.40,1.00
2008.12.30 08:30:34.223,1.5315,1.53165,1.40,1.00
2008.12.30 08:30:42.951,1.5315,1.5316,1.40,1.00
2008.12.30 08:30:47.460,1.5315,1.53165,1.40,1.00
2008.12.30 08:30:47.920,1.5315,1.5317,1.40,1.00
2008.12.30 08:30:50.929,1.5315,1.53165,1.40,1.00
2008.12.30 08:30:52.719,1.5315,1.5318,1.40,1.00
2008.12.30 08:30:53.289,1.5315,1.53165,1.40,1.00
2008.12.30 08:30:53.839,1.5315,1.5316,1.40,1.00
2008.12.30 08:30:58.927,1.5315,1.53165,1.40,1.00
2008.12.30 08:30:59.617,1.5315,1.5317,1.40,1.00
2008.12.30 08:31:02.177,1.5315,1.53195,1.40,1.00
2008.12.30 08:31:02.866,1.5315,1.53195,1.40,1.00
2008.12.30 08:31:03.326,1.5315,1.532,1.40,1.00
2008.12.30 08:31:03.966,1.5315,1.53215,1.40,4.40
2008.12.30 08:31:04.377,1.5315,1.5321,1.40,1.60
2008.12.30 08:31:04.946,1.5315,1.53195,1.40,1.00
2008.12.30 08:31:05.346,1.5315,1.5319,1.40,1.00
2008.12.30 08:31:05.636,1.5315,1.5318,1.40,1.00
2008.12.30 08:31:06.666,1.5315,1.53195,1.40,1.20
2008.12.30 08:31:06.905,1.5315,1.5318,1.40,1.00
2008.12.30 08:31:07.525,1.5315,1.53215,1.40,1.00
2008.12.30 08:31:07.985,1.5315,1.5318,1.40,1.00
2008.12.30 08:31:14.964,1.5315,1.5316,1.40,1.00
2008.12.30 08:31:16.513,1.5315,1.53165,1.40,1.00
2008.12.30 08:31:17.993,1.5315,1.53155,1.40,1.00
2008.12.30 08:31:25.771,1.5315,1.5319,1.40,1.00
2008.12.30 08:31:25.891,1.5315,1.53165,1.40,1.00
2008.12.30 08:31:28.210,1.5315,1.53175,1.40,1.00
2008.12.30 08:31:31.649,1.5315,1.5316,1.40,1.00
2008.12.30 08:31:31.829,1.5315,1.5317,1.40,1.60
2008.12.30 08:31:34.589,1.5308,1.5314,1.90,1.00
2008.12.30 08:31:34.989,1.5308,1.53145,1.90,1.00
2008.12.30 08:31:35.399,1.5315,1.53155,1.40,1.00
2008.12.30 08:31:38.438,1.5315,1.53165,1.40,1.60
2008.12.30 08:31:38.788,1.5315,1.53155,1.40,1.00
2008.12.30 08:31:42.277,1.5315,1.53155,1.40,1.00
2008.12.30 08:31:43.696,1.53055,1.53145,2.80,1.00
2008.12.30 08:31:43.856,1.5315,1.5316,1.40,2.20
2008.12.30 08:31:44.876,1.5306,1.5314,2.20,1.00
2008.12.30 08:31:45.397,1.5315,1.53155,1.40,1.80
2008.12.30 08:31:45.516,1.53055,1.5313,2.80,1.00
2008.12.30 08:31:46.196,1.5315,1.5316,1.40,8.80
2008.12.30 08:31:47.016,1.5305,1.53135,1.90,1.80
2008.12.30 08:31:47.426,1.5303,1.53135,1.00,1.00
2008.12.30 08:31:47.696,1.5313,1.53135,1.40,1.00
2008.12.30 08:31:48.825,1.5315,1.5316,1.40,1.60
2008.12.30 08:31:49.355,1.5315,1.5316,1.40,1.00
2008.12.30 08:31:49.695,1.5315,1.53165,1.40,2.40
2008.12.30 08:31:50.095,1.5315,1.53155,1.40,1.00
2008.12.30 08:31:50.315,1.5315,1.5317,1.40,2.20
2008.12.30 08:31:50.595,1.5315,1.53155,1.40,1.00
2008.12.30 08:31:51.955,1.5315,1.53165,1.40,1.00
2008.12.30 08:31:52.604,1.5306,1.53135,1.90,1.00
2008.12.30 08:31:53.304,1.5305,1.5314,1.90,1.60
2008.12.30 08:31:53.884,1.5305,1.5315,1.90,1.50
2008.12.30 08:31:54.244,1.5315,1.5316,1.40,3.20
2008.12.30 08:31:54.524,1.5315,1.5316,1.40,2.80
2008.12.30 08:31:58.214,1.5315,1.5317,1.40,3.70
2008.12.30 08:31:58.743,1.5303,1.5314,1.80,1.00
2008.12.30 08:31:59.033,1.5303,1.53115,2.40,1.00
2008.12.30 08:31:59.503,1.5303,1.5313,2.40,1.00
2008.12.30 08:31:59.893,1.5305,1.5314,2.40,1.00
2008.12.30 08:32:00.293,1.5305,1.53125,2.40,1.00
2008.12.30 08:32:00.703,1.5305,1.53135,2.40,1.00
2008.12.30 08:32:01.982,1.53045,1.53135,1.80,1.00
2008.12.30 08:32:02.162,1.53045,1.5314,1.80,1.00
2008.12.30 08:32:02.912,1.5305,1.53135,2.40,1.20
2008.12.30 08:32:04.232,1.5305,1.53135,2.40,1.00
2008.12.30 08:32:04.522,1.5305,1.53125,2.40,1.00
2008.12.30 08:32:05.212,1.5305,1.5312,2.40,1.00
2008.12.30 08:32:05.571,1.5305,1.53135,2.40,1.00
2008.12.30 08:32:06.081,1.5305,1.5314,2.40,5.20
2008.12.30 08:32:06.741,1.5305,1.5313,2.40,1.00
2008.12.30 08:32:08.071,1.5305,1.5313,3.20,1.00
2008.12.30 08:32:08.710,1.53045,1.53125,2.80,1.00
2008.12.30 08:32:09.001,1.53045,1.5313,2.80,1.20
2008.12.30 08:32:09.630,1.53045,1.53125,1.80,1.20
2008.12.30 08:32:12.249,1.5305,1.53125,3.40,1.20
2008.12.30 08:32:12.930,1.53045,1.53125,1.80,1.00
2008.12.30 08:32:13.289,1.5305,1.53125,2.40,1.00
2008.12.30 08:32:13.399,1.5305,1.53125,3.40,1.20
2008.12.30 08:32:13.749,1.5305,1.53125,3.40,1.00
2008.12.30 08:32:15.029,1.5305,1.53125,2.40,1.00
2008.12.30 08:32:17.009,1.53045,1.53125,1.80,1.00
2008.12.30 08:32:17.469,1.5305,1.53125,3.40,1.00
2008.12.30 08:32:19.288,1.5305,1.5313,4.40,1.00
2008.12.30 08:32:19.798,1.53045,1.5313,2.80,1.00
2008.12.30 08:32:20.558,1.53055,1.53135,1.60,1.00
2008.12.30 08:32:21.188,1.53055,1.53135,1.80,1.00
2008.12.30 08:32:21.747,1.5306,1.5313,1.00,1.00
2008.12.30 08:32:22.437,1.53055,1.5313,1.80,1.00
2008.12.30 08:32:22.907,1.53055,1.53135,1.80,1.00
2008.12.30 08:32:23.367,1.53055,1.5313,1.80,1.00
2008.12.30 08:32:23.837,1.5306,1.5313,1.00,1.00
2008.12.30 08:32:24.287,1.5306,1.53125,1.00,1.00
2008.12.30 08:32:26.357,1.5306,1.5313,1.00,1.00
2008.12.30 08:32:27.326,1.5306,1.53135,1.00,1.00
2008.12.30 08:32:27.906,1.5306,1.5315,1.00,1.20
2008.12.30 08:32:28.316,1.53055,1.5315,1.80,1.20
2008.12.30 08:32:28.996,1.5306,1.5313,1.00,1.00
2008.12.30 08:32:29.515,1.5306,1.5312,1.00,1.00
2008.12.30 08:32:30.085,1.5306,1.53125,1.00,1.20
2008.12.30 08:32:30.495,1.5306,1.5312,1.00,1.00
2008.12.30 08:32:33.765,1.5306,1.5312,1.00,1.20
2008.12.30 08:32:34.204,1.5306,1.53125,1.00,1.20
2008.12.30 08:32:34.654,1.5306,1.53125,1.00,1.00
2008.12.30 08:32:36.604,1.5306,1.5312,1.00,1.00
2008.12.30 08:32:37.314,1.5306,1.53125,1.00,1.00
2008.12.30 08:32:37.873,1.5306,1.5313,1.00,1.00
2008.12.30 08:32:38.383,1.5306,1.53125,1.00,1.00
2008.12.30 08:32:40.133,1.5306,1.5312,1.00,1.00
2008.12.30 08:32:41.043,1.5306,1.53115,1.00,1.00
2008.12.30 08:32:41.633,1.5306,1.5312,1.00,1.00
2008.12.30 08:32:42.273,1.5306,1.53115,1.00,1.00
2008.12.30 08:32:43.742,1.5306,1.5312,1.00,1.00
2008.12.30 08:32:44.152,1.5306,1.53125,1.00,1.00
2008.12.30 08:32:44.572,1.5306,1.5312,1.00,1.00
2008.12.30 08:32:44.692,1.5306,1.53125,1.00,1.20
2008.12.30 08:32:45.942,1.5306,1.53125,1.00,1.00
2008.12.30 08:32:46.293,1.5306,1.5313,1.00,1.00
2008.12.30 08:32:47.961,1.531,1.5313,1.00,1.00
2008.12.30 08:32:48.491,1.53075,1.53185,1.60,3.20
2008.12.30 08:32:48.661,1.53065,1.5316,3.20,1.00
2008.12.30 08:32:49.981,1.5308,1.5315,3.20,1.00
2008.12.30 08:32:50.680,1.53085,1.5319,3.20,1.20
2008.12.30 08:32:50.961,1.53085,1.53195,3.20,3.20
2008.12.30 08:32:51.600,1.53095,1.5316,1.00,1.00
2008.12.30 08:32:51.990,1.53105,1.53185,1.00,1.00
2008.12.30 08:32:52.440,1.5309,1.5318,1.80,1.00
2008.12.30 08:32:52.620,1.531,1.5318,1.00,1.00
2008.12.30 08:32:52.960,1.53105,1.5318,1.00,1.00
2008.12.30 08:32:53.360,1.53105,1.5319,1.00,1.00
2008.12.30 08:32:53.750,1.53105,1.532,1.00,1.00
2008.12.30 08:32:54.270,1.53125,1.53235,1.00,1.00
2008.12.30 08:32:54.559,1.53125,1.53255,1.00,2.20
2008.12.30 08:32:54.889,1.53125,1.53255,1.00,1.60
2008.12.30 08:32:56.819,1.53135,1.5323,1.00,1.00
2008.12.30 08:32:57.389,1.53125,1.53235,1.80,2.20
2008.12.30 08:32:57.849,1.53135,1.5323,1.00,1.00
2008.12.30 08:32:58.189,1.5314,1.5325,1.00,6.00
2008.12.30 08:32:58.988,1.5314,1.53205,1.00,1.00
2008.12.30 08:32:59.048,1.5313,1.53205,2.40,1.00
2008.12.30 08:32:59.158,1.5313,1.53205,1.40,1.00
2008.12.30 08:32:59.218,1.53125,1.53205,1.80,1.00
2008.12.30 08:32:59.629,1.5313,1.53185,1.00,1.00
2008.12.30 08:32:59.858,1.5313,1.5321,1.00,2.40
2008.12.30 08:33:00.138,1.5313,1.532,1.00,1.00
2008.12.30 08:33:00.528,1.5313,1.5326,1.00,2.40
2008.12.30 08:33:00.938,1.5313,1.53265,1.60,3.80
2008.12.30 08:33:01.168,1.53135,1.5325,1.60,1.00
2008.12.30 08:33:01.908,1.53135,1.5324,1.60,1.00
2008.12.30 08:33:02.468,1.5315,1.5325,1.00,3.80
2008.12.30 08:33:02.917,1.53165,1.5325,1.00,3.80
2008.12.30 08:33:03.267,1.53155,1.5325,1.00,4.00
2008.12.30 08:33:03.677,1.53155,1.5325,2.80,4.00
2008.12.30 08:33:04.627,1.53165,1.5325,1.00,4.40
2008.12.30 08:33:07.466,1.53165,1.53245,1.00,1.00
2008.12.30 08:33:08.386,1.53155,1.5324,2.80,1.00
2008.12.30 08:33:10.765,1.53175,1.5324,1.00,1.00
2008.12.30 08:33:10.996,1.53175,1.5325,1.00,4.40
2008.12.30 08:33:12.215,1.53175,1.5325,1.00,3.80
2008.12.30 08:33:12.695,1.5317,1.5325,2.80,3.80
2008.12.30 08:33:12.975,1.5317,1.5325,2.80,4.40
2008.12.30 08:33:13.725,1.5317,1.5325,2.80,3.80
2008.12.30 08:33:14.125,1.53175,1.5325,4.20,3.80
2008.12.30 08:33:14.795,1.53205,1.5325,1.00,3.80
2008.12.30 08:33:15.364,1.5319,1.5325,1.00,3.80
2008.12.30 08:33:16.794,1.53195,1.5325,1.00,3.80
2008.12.30 08:33:17.204,1.53185,1.5325,4.20,3.80
2008.12.30 08:33:17.914,1.53185,1.5325,5.00,3.80
2008.12.30 08:33:18.854,1.53195,1.5325,4.20,3.80
2008.12.30 08:33:19.553,1.532,1.5325,1.00,3.80
2008.12.30 08:33:25.022,1.53215,1.5325,1.00,3.80
2008.12.30 08:33:25.582,1.5322,1.5325,1.00,3.80
2008.12.30 08:33:26.042,1.53235,1.5325,1.00,3.80
2008.12.30 08:33:26.512,1.53225,1.5325,1.00,3.80
2008.12.30 08:33:28.571,1.5323,1.5325,1.00,3.80
2008.12.30 08:33:30.131,1.53235,1.5325,1.00,3.80
2008.12.30 08:33:30.821,1.5323,1.5325,1.00,3.80
2008.12.30 08:33:31.221,1.5324,1.5331,1.00,1.00
2008.12.30 08:33:31.571,1.5326,1.53305,1.00,1.00
2008.12.30 08:33:31.861,1.5325,1.53305,1.00,1.00
2008.12.30 08:33:32.091,1.5325,1.5331,1.00,1.00
2008.12.30 08:33:33.980,1.5325,1.53305,1.00,1.00
2008.12.30 08:33:35.740,1.5325,1.53325,1.00,1.00
2008.12.30 08:33:36.319,1.5326,1.5331,1.00,1.00
2008.12.30 08:33:36.779,1.5325,1.5331,1.00,1.00
2008.12.30 08:33:37.439,1.5326,1.53325,1.00,1.00
2008.12.30 08:33:38.239,1.5326,1.5332,1.00,1.00
2008.12.30 08:33:38.859,1.5326,1.5333,1.00,1.00
2008.12.30 08:33:39.309,1.5326,1.53335,1.00,1.00
2008.12.30 08:33:39.809,1.5326,1.5334,1.80,1.00
2008.12.30 08:33:40.428,1.5326,1.5334,2.80,1.00
2008.12.30 08:33:40.658,1.53265,1.5334,2.80,1.00
2008.12.30 08:33:40.828,1.53265,1.5335,2.80,1.00
2008.12.30 08:33:41.328,1.53275,1.5335,1.60,1.00
2008.12.30 08:33:41.628,1.53275,1.5335,2.80,1.00
2008.12.30 08:33:41.978,1.53275,1.53355,2.80,1.00
2008.12.30 08:33:43.288,1.53285,1.53355,3.20,1.00
2008.12.30 08:33:43.928,1.533,1.5335,1.00,1.00
2008.12.30 08:33:44.437,1.53245,1.5333,1.00,1.00
2008.12.30 08:33:45.187,1.53245,1.5332,1.00,1.00
2008.12.30 08:33:45.947,1.5326,1.533,1.00,1.00
2008.12.30 08:33:46.407,1.5326,1.5328,1.00,1.00
2008.12.30 08:33:46.887,1.5326,1.533,1.00,2.80
2008.12.30 08:33:47.337,1.5326,1.533,1.00,1.00
2008.12.30 08:33:48.487,1.5326,1.533,1.00,1.80
2008.12.30 08:33:48.997,1.5326,1.5331,1.00,2.40
2008.12.30 08:33:49.866,1.5326,1.5333,1.00,2.40
2008.12.30 08:33:50.836,1.5326,1.53315,1.00,1.00
2008.12.30 08:33:51.076,1.53195,1.5326,3.80,1.00
2008.12.30 08:33:51.826,1.53195,1.5326,3.20,1.20
2008.12.30 08:33:52.356,1.5317,1.53245,3.80,1.20
2008.12.30 08:33:52.937,1.5317,1.5324,3.80,1.00
2008.12.30 08:33:53.665,1.5318,1.5323,3.80,1.00
2008.12.30 08:33:53.955,1.5318,1.5322,3.80,1.40
2008.12.30 08:33:54.365,1.5318,1.5322,3.80,4.60
2008.12.30 08:33:54.995,1.5318,1.53255,3.80,2.40
2008.12.30 08:33:55.215,1.5318,1.5326,3.80,2.40
2008.12.30 08:33:55.745,1.5318,1.53265,3.80,2.40
2008.12.30 08:33:56.384,1.5318,1.53245,3.80,2.40
2008.12.30 08:33:57.634,1.5318,1.53235,3.80,2.40
2008.12.30 08:33:58.134,1.5318,1.53255,3.80,2.40
2008.12.30 08:33:58.484,1.5318,1.5324,3.80,1.00
2008.12.30 08:33:59.504,1.5318,1.53205,3.80,1.60
2008.12.30 08:33:59.964,1.53115,1.53205,3.80,2.40
2008.12.30 08:34:00.293,1.53115,1.532,3.80,2.40
2008.12.30 08:34:00.594,1.53165,1.5321,3.80,3.20
2008.12.30 08:34:00.954,1.53165,1.5325,3.80,1.00
2008.12.30 08:34:01.873,1.5318,1.53235,3.80,2.40
2008.12.30 08:34:02.163,1.53205,1.5325,1.60,2.40
2008.12.30 08:34:02.513,1.5321,1.5326,1.00,1.40
2008.12.30 08:34:03.213,1.53215,1.5328,1.00,3.20
2008.12.30 08:34:03.433,1.53165,1.533,3.80,2.80
2008.12.30 08:34:04.053,1.53165,1.533,3.80,2.40
2008.12.30 08:34:04.443,1.5318,1.53295,3.80,2.40
2008.12.30 08:34:04.603,1.5318,1.5329,3.80,2.40
2008.12.30 08:34:05.242,1.5318,1.5327,3.80,1.00
2008.12.30 08:34:05.632,1.5318,1.5327,3.80,2.80
2008.12.30 08:34:06.552,1.5318,1.5328,4.40,1.00
2008.12.30 08:34:07.372,1.5318,1.5327,4.40,1.00
2008.12.30 08:34:07.822,1.5318,1.5327,3.80,1.00
2008.12.30 08:34:08.282,1.5318,1.53275,3.80,6.00
2008.12.30 08:34:08.691,1.5318,1.53245,3.80,1.00
2008.12.30 08:34:08.972,1.5318,1.53235,3.80,1.00
2008.12.30 08:34:09.662,1.5318,1.5322,3.80,1.00
2008.12.30 08:34:10.331,1.5318,1.5321,3.80,1.00
2008.12.30 08:34:10.831,1.5318,1.5322,3.80,1.00
2008.12.30 08:34:11.641,1.5318,1.5322,3.80,2.80
2008.12.30 08:34:12.670,1.5318,1.532,3.80,1.00
2008.12.30 08:34:13.900,1.5318,1.53205,3.80,1.00
2008.12.30 08:34:14.480,1.5318,1.5321,3.80,1.00
2008.12.30 08:34:14.920,1.5318,1.53245,3.80,1.00
2008.12.30 08:34:15.220,1.5318,1.5326,3.80,2.80
2008.12.30 08:34:15.640,1.5318,1.5327,3.80,2.80
2008.12.30 08:34:16.160,1.5318,1.5326,3.80,1.00
2008.12.30 08:34:16.920,1.5318,1.53245,3.80,2.40
2008.12.30 08:34:17.690,1.5318,1.5325,3.80,1.00
2008.12.30 08:34:18.029,1.5318,1.5323,3.80,1.00
2008.12.30 08:34:19.349,1.5318,1.53215,3.80,1.00
2008.12.30 08:34:22.988,1.5318,1.532,3.80,1.00
2008.12.30 08:34:23.698,1.5318,1.5322,3.80,2.40
2008.12.30 08:34:24.058,1.5318,1.5326,3.80,2.80
2008.12.30 08:34:24.458,1.5318,1.5326,3.80,2.40
2008.12.30 08:34:25.038,1.5318,1.53265,3.80,2.40
2008.12.30 08:34:25.277,1.5318,1.53215,3.80,1.00
2008.12.30 08:34:26.357,1.5318,1.5324,3.80,2.40
2008.12.30 08:34:26.877,1.5318,1.5329,3.80,2.80
2008.12.30 08:34:27.407,1.5318,1.53255,3.80,1.00
2008.12.30 08:34:28.167,1.5318,1.5323,3.80,1.00
2008.12.30 08:34:28.907,1.5318,1.53235,3.80,1.00
2008.12.30 08:34:29.268,1.5318,1.5325,3.80,1.00
2008.12.30 08:34:29.557,1.5318,1.5323,3.80,1.00
2008.12.30 08:34:30.067,1.5318,1.53185,3.80,1.00
2008.12.30 08:34:31.966,1.5318,1.53205,3.80,1.00
2008.12.30 08:34:32.486,1.5318,1.5324,3.80,1.00
2008.12.30 08:34:33.576,1.5318,1.53235,3.80,2.40
2008.12.30 08:34:33.816,1.5318,1.53245,3.80,3.40
2008.12.30 08:34:33.986,1.5318,1.5324,3.80,2.80
2008.12.30 08:34:34.925,1.5318,1.5324,3.80,2.40
2008.12.30 08:34:35.035,1.5318,1.5322,3.80,1.00
2008.12.30 08:34:36.665,1.5318,1.53215,3.80,1.00
2008.12.30 08:34:37.805,1.5318,1.5319,3.80,1.00
2008.12.30 08:34:40.734,1.53135,1.53175,4.30,1.00
2008.12.30 08:34:41.894,1.5318,1.53185,3.80,1.00
2008.12.30 08:34:44.813,1.5318,1.53225,3.80,1.00
2008.12.30 08:34:45.283,1.5318,1.5322,3.80,1.00
2008.12.30 08:34:45.743,1.5318,1.53215,3.80,1.00
2008.12.30 08:34:45.923,1.5318,1.5321,3.80,1.00
2008.12.30 08:34:47.272,1.5318,1.53205,3.80,1.00
2008.12.30 08:34:47.672,1.5318,1.53185,3.80,1.00
2008.12.30 08:34:47.962,1.53115,1.53175,3.80,3.20
2008.12.30 08:34:48.072,1.53115,1.5317,3.80,1.00
2008.12.30 08:34:48.532,1.53115,1.53165,3.80,1.00
2008.12.30 08:34:48.992,1.53115,1.5318,3.80,2.40
2008.12.30 08:34:49.512,1.5313,1.5318,3.80,1.60
2008.12.30 08:34:49.682,1.5313,1.5318,3.80,2.40
2008.12.30 08:34:50.082,1.5313,1.53135,3.80,1.00
2008.12.30 08:34:50.262,1.5301,1.5313,3.20,1.00
2008.12.30 08:34:50.372,1.53005,1.5313,2.80,1.00
2008.12.30 08:34:51.352,1.53025,1.53115,1.00,1.00
2008.12.30 08:34:51.821,1.53045,1.5313,1.00,1.00
2008.12.30 08:34:52.591,1.5303,1.5311,1.00,1.00
2008.12.30 08:34:53.161,1.5305,1.53125,1.00,2.40
2008.12.30 08:34:53.681,1.5304,1.5314,1.00,4.60
2008.12.30 08:34:54.121,1.5303,1.5316,1.00,2.80
2008.12.30 08:34:54.401,1.53045,1.53175,1.00,2.40
2008.12.30 08:34:55.201,1.5305,1.5318,2.40,2.40
2008.12.30 08:34:55.670,1.5305,1.5314,3.20,1.00
2008.12.30 08:34:56.110,1.53035,1.5314,1.00,1.00
2008.12.30 08:34:57.750,1.5304,1.5313,1.00,1.00
2008.12.30 08:34:58.160,1.5303,1.53115,1.00,1.00
2008.12.30 08:34:58.900,1.53025,1.5311,1.00,1.00
2008.12.30 08:34:59.479,1.53045,1.53145,1.00,1.00
2008.12.30 08:34:59.770,1.5303,1.53125,1.00,1.00
2008.12.30 08:35:01.069,1.5303,1.53125,1.00,1.00
2008.12.30 08:35:02.360,1.53025,1.5312,2.80,1.00
2008.12.30 08:35:02.589,1.53025,1.53125,2.80,1.20
2008.12.30 08:35:03.968,1.53025,1.5312,2.80,1.00
2008.12.30 08:35:04.698,1.5303,1.53125,1.00,2.40
2008.12.30 08:35:05.178,1.5303,1.53125,1.00,1.00
2008.12.30 08:35:08.437,1.53025,1.53095,1.00,1.00
2008.12.30 08:35:08.787,1.5303,1.5311,2.80,1.00
2008.12.30 08:35:09.407,1.5304,1.5311,1.00,1.00
2008.12.30 08:35:10.087,1.53055,1.5312,1.00,1.00
2008.12.30 08:35:10.417,1.53045,1.53155,6.00,3.20
2008.12.30 08:35:10.527,1.53045,1.5315,6.00,1.00
2008.12.30 08:35:11.806,1.53045,1.5313,6.00,1.00
2008.12.30 08:35:13.286,1.53025,1.5312,1.00,1.60
2008.12.30 08:35:13.666,1.5304,1.53165,2.80,2.80
2008.12.30 08:35:14.066,1.5304,1.5314,1.60,1.60
2008.12.30 08:35:14.356,1.5304,1.5315,1.60,4.80
2008.12.30 08:35:15.356,1.53035,1.53135,1.00,1.00
2008.12.30 08:35:15.766,1.53035,1.5314,2.80,2.80
2008.12.30 08:35:16.935,1.5304,1.5314,1.00,2.80
2008.12.30 08:35:17.105,1.5303,1.53115,4.20,1.00
2008.12.30 08:35:18.825,1.5303,1.531,3.20,1.00
2008.12.30 08:35:19.105,1.53025,1.53095,1.00,1.00
2008.12.30 08:35:26.573,1.53025,1.5309,1.00,1.00
2008.12.30 08:35:26.863,1.5302,1.5309,2.80,1.00
2008.12.30 08:35:27.213,1.5302,1.5309,1.00,1.00
2008.12.30 08:35:29.132,1.5302,1.531,1.00,1.00
2008.12.30 08:35:33.691,1.5302,1.53105,1.00,1.00
2008.12.30 08:35:34.041,1.53025,1.53105,1.00,1.00
2008.12.30 08:35:34.211,1.53015,1.5311,2.80,1.00
2008.12.30 08:35:34.661,1.53035,1.53125,1.60,2.20
2008.12.30 08:35:35.001,1.5302,1.5311,1.00,1.00
2008.12.30 08:35:38.360,1.53005,1.5311,1.00,2.40
2008.12.30 08:35:38.590,1.53005,1.5311,1.00,3.20
2008.12.30 08:35:39.440,1.52995,1.5311,3.20,3.20
2008.12.30 08:35:39.780,1.52995,1.5311,4.80,2.40
2008.12.30 08:35:40.430,1.52995,1.5311,3.20,2.40
2008.12.30 08:35:41.299,1.52995,1.5311,3.20,3.20
2008.12.30 08:35:41.539,1.5301,1.5311,1.60,3.20
2008.12.30 08:35:41.769,1.53015,1.53105,1.00,1.00
2008.12.30 08:35:42.179,1.5301,1.53105,2.80,1.00
2008.12.30 08:35:42.569,1.5301,1.531,1.00,3.20
2008.12.30 08:35:43.029,1.53005,1.53105,1.00,3.20
2008.12.30 08:35:43.489,1.52995,1.531,3.20,1.00
2008.12.30 08:35:44.129,1.52995,1.5311,3.20,2.40
2008.12.30 08:35:44.479,1.5301,1.5311,1.00,3.20
2008.12.30 08:35:45.058,1.53005,1.5311,1.00,3.20
2008.12.30 08:35:45.398,1.53005,1.53105,1.00,2.40
2008.12.30 08:35:45.568,1.5302,1.53105,1.00,2.40
2008.12.30 08:35:45.908,1.5302,1.5311,1.00,2.40
2008.12.30 08:35:46.258,1.53,1.5308,1.00,1.00
2008.12.30 08:35:46.548,1.53015,1.5308,1.00,1.00
2008.12.30 08:35:46.768,1.5302,1.53115,1.00,1.00
2008.12.30 08:35:46.998,1.5302,1.53135,1.00,3.40
2008.12.30 08:35:48.278,1.5302,1.5311,1.00,1.00
2008.12.30 08:35:48.888,1.5302,1.53105,1.00,1.00
2008.12.30 08:35:49.347,1.53005,1.5311,1.60,1.00
2008.12.30 08:35:49.757,1.53,1.53085,1.00,1.00
2008.12.30 08:35:50.147,1.5299,1.53085,1.60,1.00
2008.12.30 08:35:50.687,1.53005,1.53105,1.60,2.40
2008.12.30 08:35:50.857,1.5304,1.53145,1.00,7.80
2008.12.30 08:35:51.307,1.5299,1.531,1.60,1.00
2008.12.30 08:35:51.647,1.52995,1.5312,1.00,2.40
2008.12.30 08:35:52.047,1.53005,1.53125,1.60,1.00
2008.12.30 08:35:52.157,1.53025,1.53125,1.00,1.00
2008.12.30 08:35:52.217,1.53025,1.53135,1.00,5.20
2008.12.30 08:35:52.547,1.5302,1.5312,2.80,5.20
2008.12.30 08:35:52.717,1.5302,1.5312,4.20,5.20
2008.12.30 08:35:53.006,1.53035,1.5312,1.00,4.60
2008.12.30 08:35:53.057,1.53035,1.5313,1.00,7.00
2008.12.30 08:35:53.516,1.53035,1.5312,1.00,4.60
2008.12.30 08:35:54.016,1.5304,1.5312,1.00,4.60
2008.12.30 08:35:54.486,1.53045,1.5312,1.00,4.60
2008.12.30 08:35:54.716,1.53045,1.5312,2.80,4.60
2008.12.30 08:35:55.126,1.5305,1.5312,1.60,4.60
2008.12.30 08:35:56.086,1.5305,1.5312,1.60,2.40
2008.12.30 08:35:56.256,1.53035,1.53115,3.20,1.00
2008.12.30 08:35:57.745,1.53035,1.5312,4.80,5.20
2008.12.30 08:35:58.735,1.5304,1.5312,2.80,5.20
2008.12.30 08:36:00.475,1.53035,1.5312,6.60,5.20
2008.12.30 08:36:00.815,1.53035,1.53115,4.80,1.00
2008.12.30 08:36:00.935,1.53045,1.53115,1.00,1.00
2008.12.30 08:36:02.494,1.53035,1.53115,1.60,1.00
2008.12.30 08:36:02.794,1.5303,1.53115,4.60,1.00
2008.12.30 08:36:02.974,1.53035,1.5312,4.80,5.20
2008.12.30 08:36:06.273,1.53055,1.5312,1.00,5.20
2008.12.30 08:36:06.613,1.53055,1.5312,1.00,4.60
2008.12.30 08:36:07.853,1.53055,1.5312,2.80,4.60
2008.12.30 08:36:08.433,1.53045,1.5312,3.40,4.60
2008.12.30 08:36:08.953,1.5305,1.5312,2.80,4.60
2008.12.30 08:36:09.593,1.5304,1.5312,4.60,4.60
2008.12.30 08:36:09.832,1.53045,1.5313,1.60,7.80
2008.12.30 08:36:10.062,1.5303,1.53115,1.60,1.60
2008.12.30 08:36:12.492,1.5303,1.53115,1.60,1.00
2008.12.30 08:36:12.552,1.5303,1.53125,1.60,1.60
2008.12.30 08:36:13.821,1.5302,1.53115,2.80,1.00
2008.12.30 08:36:14.091,1.53025,1.5311,1.60,1.60
2008.12.30 08:36:14.551,1.53025,1.53105,1.60,1.60
2008.12.30 08:36:16.271,1.5303,1.53105,1.60,1.60
2008.12.30 08:36:16.442,1.5303,1.53115,1.60,1.00
2008.12.30 08:36:16.612,1.5303,1.5312,1.60,2.40
2008.12.30 08:36:16.901,1.5303,1.53125,1.60,1.60
2008.12.30 08:36:20.300,1.5304,1.53125,1.60,1.60
2008.12.30 08:36:20.720,1.5304,1.5313,2.80,4.80
2008.12.30 08:36:21.010,1.5304,1.5312,2.80,4.60
2008.12.30 08:36:30.368,1.53065,1.5312,1.00,4.60
2008.12.30 08:36:30.837,1.5306,1.5312,2.80,4.60
2008.12.30 08:36:33.436,1.5306,1.5312,2.80,4.60
2008.12.30 08:36:34.026,1.53055,1.5312,4.60,4.60
2008.12.30 08:36:35.177,1.5306,1.5312,1.60,4.60
2008.12.30 08:36:37.176,1.53055,1.5312,2.80,4.60
2008.12.30 08:36:39.105,1.53055,1.5314,2.80,1.00
2008.12.30 08:36:40.075,1.5306,1.5314,2.80,1.00
2008.12.30 08:36:40.345,1.5306,1.53145,2.80,1.00
2008.12.30 08:36:52.192,1.5306,1.53145,2.80,1.20
2008.12.30 08:36:52.352,1.53055,1.53135,2.20,1.00
2008.12.30 08:36:52.692,1.53055,1.53135,1.60,1.00
2008.12.30 08:36:59.660,1.5305,1.5313,1.60,1.00
2008.12.30 08:37:00.020,1.5306,1.5314,1.60,1.60
2008.12.30 08:37:00.500,1.5306,1.5314,1.60,1.00
2008.12.30 08:37:00.770,1.53065,1.53145,1.60,1.00
2008.12.30 08:37:00.940,1.5308,1.53145,1.60,1.00
2008.12.30 08:37:01.170,1.53075,1.53145,1.60,1.00
2008.12.30 08:37:02.960,1.53075,1.53145,2.80,1.00
2008.12.30 08:37:03.070,1.5308,1.53145,3.20,1.00
2008.12.30 08:37:03.540,1.5308,1.5315,3.20,2.20
2008.12.30 08:37:04.059,1.5306,1.53145,3.40,1.00
2008.12.30 08:37:04.959,1.5306,1.5315,3.40,2.20
2008.12.30 08:37:08.818,1.53075,1.5315,1.60,1.60
2008.12.30 08:37:09.448,1.53075,1.53155,1.60,1.00
2008.12.30 08:37:09.910,1.53085,1.5316,1.60,1.60
2008.12.30 08:37:12.447,1.53085,1.5316,1.60,1.60
2008.12.30 08:37:12.567,1.5309,1.5316,1.00,1.60
2008.12.30 08:37:12.857,1.5311,1.5316,1.60,1.60
2008.12.30 08:37:13.257,1.531,1.5316,4.80,1.60
2008.12.30 08:37:13.837,1.5311,1.5316,3.20,1.60
2008.12.30 08:37:18.026,1.5311,1.5316,4.20,1.60
2008.12.30 08:37:18.426,1.5311,1.5316,6.00,1.60
2008.12.30 08:37:18.716,1.53125,1.5316,1.00,1.60
2008.12.30 08:37:19.006,1.5313,1.5316,1.00,1.60
2008.12.30 08:37:19.866,1.5313,1.5316,3.80,1.60
2008.12.30 08:37:20.156,1.5313,1.5316,3.20,1.60
2008.12.30 08:37:20.625,1.5315,1.5318,1.00,2.40
2008.12.30 08:37:20.866,1.5316,1.5326,1.00,1.60
2008.12.30 08:37:21.205,1.5315,1.5326,3.20,1.60
2008.12.30 08:37:21.665,1.5314,1.5326,3.80,1.60
2008.12.30 08:37:21.965,1.5313,1.5325,3.80,1.00
2008.12.30 08:37:22.485,1.53135,1.5325,1.00,1.00
2008.12.30 08:37:22.835,1.5313,1.5326,3.80,2.80
2008.12.30 08:37:23.405,1.5314,1.53235,3.20,1.00
2008.12.30 08:37:24.554,1.53125,1.53225,2.20,1.00
2008.12.30 08:37:25.124,1.5314,1.53225,3.20,1.00
2008.12.30 08:37:27.854,1.5314,1.5322,3.20,1.00
2008.12.30 08:37:28.204,1.5315,1.53225,3.20,2.20
2008.12.30 08:37:28.323,1.5315,1.53225,3.20,1.60
2008.12.30 08:37:28.555,1.5315,1.5323,3.20,1.60
2008.12.30 08:37:29.183,1.5315,1.53225,3.20,1.60
2008.12.30 08:37:29.483,1.5315,1.53225,3.20,2.20
2008.12.30 08:37:31.304,1.5315,1.53215,3.20,1.60
2008.12.30 08:37:31.423,1.5311,1.53215,2.20,1.80
2008.12.30 08:37:31.872,1.5312,1.53215,1.60,1.80
2008.12.30 08:37:31.982,1.53115,1.53225,2.80,1.00
2008.12.30 08:37:32.543,1.5313,1.53215,1.60,1.60
2008.12.30 08:37:32.882,1.5312,1.53215,1.60,2.20
2008.12.30 08:37:32.992,1.5312,1.53195,1.60,1.60
2008.12.30 08:37:34.582,1.53125,1.5321,1.60,1.00
2008.12.30 08:37:34.932,1.53125,1.5323,1.00,1.20
2008.12.30 08:37:35.342,1.53125,1.5323,1.80,1.20
2008.12.30 08:37:35.822,1.5312,1.53215,2.80,1.00
2008.12.30 08:37:36.352,1.53115,1.5321,4.80,1.00
2008.12.30 08:37:36.752,1.53135,1.5321,1.00,1.00
2008.12.30 08:37:37.041,1.5313,1.5321,1.00,1.20
2008.12.30 08:37:37.371,1.5312,1.5321,4.80,2.40
2008.12.30 08:37:37.951,1.5312,1.532,1.60,1.00
2008.12.30 08:37:38.131,1.53115,1.53185,1.60,1.80
2008.12.30 08:37:38.371,1.53115,1.53185,1.60,1.60
2008.12.30 08:37:38.901,1.53115,1.532,1.60,1.20
2008.12.30 08:37:45.229,1.5311,1.5319,4.80,1.00
2008.12.30 08:37:45.569,1.53115,1.53195,1.60,1.00
2008.12.30 08:37:46.039,1.53115,1.532,1.60,2.40
2008.12.30 08:37:46.149,1.5311,1.5319,4.80,1.20
2008.12.30 08:37:46.439,1.5311,1.5318,4.80,2.40
2008.12.30 08:37:46.549,1.5311,1.5319,4.80,2.80
2008.12.30 08:37:46.939,1.5311,1.5319,3.20,3.40
2008.12.30 08:37:47.269,1.5311,1.53185,4.20,1.00
2008.12.30 08:37:47.509,1.53115,1.53195,1.60,1.00
2008.12.30 08:37:47.809,1.5311,1.5319,4.80,1.00
2008.12.30 08:37:48.209,1.5311,1.53185,3.20,1.00
2008.12.30 08:37:49.578,1.53105,1.53185,2.80,1.00
2008.12.30 08:37:49.748,1.53105,1.5319,2.80,1.00
2008.12.30 08:37:54.107,1.5311,1.5318,3.20,1.00
2008.12.30 08:37:54.467,1.5311,1.53165,3.20,1.00
2008.12.30 08:37:54.817,1.5311,1.5317,3.20,1.00
2008.12.30 08:37:55.217,1.5311,1.5317,3.20,1.60
2008.12.30 08:37:55.327,1.5311,1.53175,3.20,1.80
2008.12.30 08:37:55.617,1.5311,1.53175,3.20,1.60
2008.12.30 08:37:56.087,1.5311,1.5318,3.20,2.40
2008.12.30 08:37:56.647,1.5311,1.53175,3.20,2.40
2008.12.30 08:37:56.937,1.5311,1.5317,3.20,2.40
2008.12.30 08:37:57.116,1.5311,1.53165,3.20,2.40
2008.12.30 08:37:57.467,1.5311,1.5316,3.20,2.40
2008.12.30 08:37:58.546,1.5311,1.53135,3.20,1.60
2008.12.30 08:37:59.116,1.5311,1.5314,3.20,2.40
2008.12.30 08:37:59.466,1.5311,1.5314,3.20,1.60
2008.12.30 08:37:59.926,1.5311,1.5312,3.20,1.00
2008.12.30 08:38:00.566,1.5311,1.53155,3.20,1.40
2008.12.30 08:38:00.846,1.5311,1.53185,3.20,1.20
2008.12.30 08:38:01.706,1.5311,1.53185,3.20,1.00
2008.12.30 08:38:02.286,1.5311,1.5315,3.20,1.00
2008.12.30 08:38:08.314,1.5311,1.53125,3.20,1.00
2008.12.30 08:38:08.494,1.5311,1.5312,3.20,1.00
2008.12.30 08:38:09.304,1.5311,1.5313,3.20,1.00
2008.12.30 08:38:14.212,1.5311,1.53125,3.20,1.00
2008.12.30 08:38:16.002,1.5311,1.53135,3.20,1.00
2008.12.30 08:38:16.292,1.5311,1.53125,3.20,1.00
2008.12.30 08:38:19.061,1.5311,1.5314,3.20,1.00
2008.12.30 08:38:19.701,1.5311,1.5314,3.20,1.60
2008.12.30 08:38:20.211,1.5311,1.5313,3.20,1.00
2008.12.30 08:38:20.551,1.5311,1.5312,3.20,1.00
2008.12.30 08:38:20.841,1.5311,1.53115,3.20,1.00
2008.12.30 08:38:21.531,1.5311,1.5312,3.20,2.00
2008.12.30 08:38:24.890,1.53015,1.53105,3.70,1.00
2008.12.30 08:38:25.180,1.5311,1.5312,3.20,1.20
2008.12.30 08:38:25.510,1.53,1.5311,8.10,1.80
2008.12.30 08:38:25.680,1.53,1.53095,5.70,1.00
2008.12.30 08:38:26.360,1.5298,1.53085,3.80,1.00
2008.12.30 08:38:26.539,1.5298,1.53085,5.00,1.00
2008.12.30 08:38:26.710,1.5298,1.5308,5.00,1.00
2008.12.30 08:38:27.279,1.5309,1.53125,1.60,1.40
2008.12.30 08:38:27.389,1.5309,1.5313,3.20,1.00
2008.12.30 08:38:28.929,1.5311,1.53135,3.20,3.40
2008.12.30 08:38:29.279,1.5311,1.53125,3.20,1.00
2008.12.30 08:38:29.869,1.5311,1.53135,3.20,1.00
2008.12.30 08:38:30.719,1.5311,1.53115,3.20,1.00
2008.12.30 08:38:31.758,1.53035,1.5311,4.60,1.00
2008.12.30 08:38:33.508,1.5311,1.5313,3.20,1.00
2008.12.30 08:38:34.487,1.53045,1.5311,3.70,1.00
2008.12.30 08:38:37.697,1.5311,1.5315,3.20,2.40
2008.12.30 08:38:37.807,1.5311,1.5318,3.20,2.80
2008.12.30 08:38:38.147,1.5311,1.5318,3.20,2.40
2008.12.30 08:38:38.497,1.5311,1.5319,3.20,2.40
2008.12.30 08:38:38.827,1.5311,1.5318,3.20,1.00
2008.12.30 08:38:39.476,1.5311,1.53175,3.20,1.00
2008.12.30 08:38:39.826,1.5311,1.53185,3.20,1.60
2008.12.30 08:38:40.176,1.5311,1.53155,3.20,1.00
2008.12.30 08:38:40.516,1.5311,1.53145,3.20,1.00
2008.12.30 08:38:40.686,1.5311,1.5314,3.20,1.00
2008.12.30 08:38:40.846,1.5311,1.53135,3.20,1.00
2008.12.30 08:38:42.966,1.5311,1.53115,3.20,1.00
2008.12.30 08:38:43.777,1.5311,1.5312,3.20,1.00
2008.12.30 08:38:44.015,1.5311,1.53115,3.20,1.00
2008.12.30 08:38:44.305,1.5311,1.5312,3.20,1.00
2008.12.30 08:38:44.935,1.5311,1.5312,3.20,1.20
2008.12.30 08:38:45.275,1.5302,1.53105,3.70,1.00
2008.12.30 08:38:47.935,1.5311,1.5312,3.20,2.40
2008.12.30 08:38:48.434,1.5302,1.53105,3.70,1.00
2008.12.30 08:38:48.834,1.53,1.53105,1.00,1.00
2008.12.30 08:38:54.273,1.5302,1.5311,1.00,1.20
2008.12.30 08:38:55.402,1.5309,1.5312,3.20,2.40
2008.12.30 08:38:55.582,1.5309,1.53135,3.20,1.00
2008.12.30 08:38:56.202,1.5309,1.53125,3.20,1.00
2008.12.30 08:38:56.602,1.5311,1.53135,3.20,1.00
2008.12.30 08:38:56.882,1.5311,1.5315,3.20,1.80
2008.12.30 08:38:56.942,1.5311,1.53135,3.20,1.00
2008.12.30 08:38:57.872,1.5311,1.5312,3.20,1.00
2008.12.30 08:38:58.202,1.5311,1.53145,3.20,1.00
2008.12.30 08:39:00.651,1.5311,1.53135,3.20,1.20
2008.12.30 08:39:00.771,1.5311,1.53125,3.20,1.00
2008.12.30 08:39:03.221,1.5311,1.53135,3.20,1.00
2008.12.30 08:39:03.671,1.5311,1.5312,3.20,1.60
2008.12.30 08:39:04.900,1.5311,1.5312,3.20,1.80
2008.12.30 08:39:06.150,1.5311,1.5312,3.20,1.00
2008.12.30 08:39:06.670,1.5311,1.53135,3.20,1.80
2008.12.30 08:39:06.970,1.5311,1.5313,3.20,1.60
2008.12.30 08:39:07.080,1.5311,1.5313,3.20,1.80
2008.12.30 08:39:08.069,1.5311,1.5314,3.20,1.80
2008.12.30 08:39:08.579,1.5311,1.5316,3.20,2.40
2008.12.30 08:39:09.099,1.5311,1.53165,3.20,2.80
2008.12.30 08:39:09.729,1.5311,1.53165,3.20,2.40
2008.12.30 08:39:10.739,1.5311,1.5314,3.20,1.60
2008.12.30 08:39:11.149,1.5311,1.53145,3.20,1.00
2008.12.30 08:39:11.609,1.5311,1.5317,3.20,1.00
2008.12.30 08:39:12.069,1.5311,1.5323,3.20,2.40
2008.12.30 08:39:12.239,1.5311,1.53245,3.20,25.60
2008.12.30 08:39:12.658,1.5313,1.53245,1.00,23.00
2008.12.30 08:39:12.828,1.5311,1.53245,5.60,23.00
2008.12.30 08:39:13.068,1.53105,1.53245,5.60,25.60
2008.12.30 08:39:13.468,1.5311,1.5323,3.20,25.80
2008.12.30 08:39:13.818,1.53105,1.5322,3.20,2.40
2008.12.30 08:39:14.268,1.53105,1.53215,4.80,2.40
2008.12.30 08:39:14.678,1.5311,1.5322,3.80,4.60
2008.12.30 08:39:14.858,1.5311,1.5322,3.20,2.40
2008.12.30 08:39:15.178,1.5311,1.5321,3.20,1.60
2008.12.30 08:39:15.748,1.5311,1.53215,3.20,2.40
2008.12.30 08:39:16.047,1.531,1.53225,3.80,2.40
2008.12.30 08:39:16.158,1.531,1.53225,5.60,2.40
2008.12.30 08:39:16.547,1.5313,1.5323,1.00,23.00
2008.12.30 08:39:16.667,1.5313,1.5323,1.00,25.60
2008.12.30 08:39:17.107,1.5313,1.5323,1.00,23.00
2008.12.30 08:39:17.277,1.5313,1.5322,1.00,1.00
2008.12.30 08:39:17.447,1.531,1.5322,1.00,1.00
2008.12.30 08:39:17.867,1.5311,1.5321,3.20,1.60
2008.12.30 08:39:18.107,1.5311,1.53215,4.20,1.60
2008.12.30 08:39:21.006,1.53135,1.5322,1.00,2.40
2008.12.30 08:39:21.116,1.53135,1.5323,1.00,27.60
2008.12.30 08:39:21.237,1.53135,1.5323,1.00,23.00
2008.12.30 08:39:21.646,1.53145,1.5323,1.00,23.00
2008.12.30 08:39:21.756,1.5315,1.5323,1.00,23.00
2008.12.30 08:39:22.286,1.5316,1.5323,1.00,23.00
2008.12.30 08:39:22.756,1.5315,1.5323,1.00,23.00
2008.12.30 08:39:23.386,1.53155,1.5323,1.00,23.00
2008.12.30 08:39:24.195,1.5315,1.5323,1.80,23.00
2008.12.30 08:39:24.775,1.5314,1.5323,3.20,23.00
2008.12.30 08:39:25.065,1.53125,1.5323,1.00,23.00
2008.12.30 08:39:25.355,1.5311,1.5321,3.20,1.60
2008.12.30 08:39:29.664,1.5311,1.5322,3.20,2.40
2008.12.30 08:39:30.054,1.5311,1.5323,3.20,23.00
2008.12.30 08:39:30.454,1.5311,1.53225,3.20,2.40
2008.12.30 08:39:30.804,1.531,1.53225,3.80,2.40
2008.12.30 08:39:31.034,1.531,1.5322,4.80,2.40
2008.12.30 08:39:31.214,1.5311,1.5321,3.20,1.60
2008.12.30 08:39:31.614,1.5311,1.5323,2.40,23.00
2008.12.30 08:39:31.964,1.5312,1.5323,1.00,23.00
2008.12.30 08:39:32.194,1.5314,1.5323,1.00,23.00
2008.12.30 08:39:32.434,1.531,1.5323,3.20,25.60
2008.12.30 08:39:32.954,1.531,1.5322,3.20,2.40
2008.12.30 08:39:33.194,1.5311,1.53225,3.20,2.40
2008.12.30 08:39:33.493,1.531,1.53225,4.80,2.40
2008.12.30 08:39:33.723,1.531,1.5322,4.80,2.40
2008.12.30 08:39:34.323,1.5316,1.5323,1.00,23.00
2008.12.30 08:39:34.614,1.5313,1.5323,1.00,23.00
2008.12.30 08:39:38.962,1.53155,1.5323,1.00,23.00
2008.12.30 08:39:40.302,1.5316,1.5323,1.00,23.00
2008.12.30 08:39:41.071,1.5315,1.53225,4.80,2.40
2008.12.30 08:39:41.181,1.5309,1.53215,2.80,1.60
2008.12.30 08:39:41.592,1.53105,1.53215,1.60,1.60
2008.12.30 08:39:41.881,1.531,1.53215,3.20,1.60
2008.12.30 08:39:42.121,1.5309,1.53215,2.80,1.60
2008.12.30 08:39:43.201,1.53105,1.53215,3.40,1.60
2008.12.30 08:39:44.421,1.53105,1.53215,2.80,1.60
2008.12.30 08:39:45.470,1.53125,1.53225,1.00,1.00
2008.12.30 08:39:46.620,1.53105,1.53215,3.40,1.60
2008.12.30 08:39:46.790,1.53105,1.53215,2.80,1.60
2008.12.30 08:39:47.950,1.53105,1.53215,3.40,1.60
2008.12.30 08:39:49.329,1.53105,1.5321,3.40,1.60
2008.12.30 08:39:49.670,1.53125,1.53205,1.00,1.60
2008.12.30 08:39:50.299,1.53125,1.5324,4.00,23.00
2008.12.30 08:39:50.769,1.5314,1.5324,2.40,23.00
2008.12.30 08:39:51.229,1.5314,1.5324,1.60,23.00
2008.12.30 08:39:51.579,1.53095,1.53225,3.20,1.60
2008.12.30 08:39:51.959,1.53095,1.53205,3.20,2.40
2008.12.30 08:39:52.419,1.53095,1.5321,3.20,2.40
2008.12.30 08:39:52.769,1.5311,1.53225,3.20,1.60
2008.12.30 08:39:54.598,1.5311,1.5322,3.20,2.40
2008.12.30 08:39:55.068,1.5311,1.53215,3.20,2.40
2008.12.30 08:39:55.638,1.5311,1.5319,3.20,1.60
2008.12.30 08:39:55.868,1.5311,1.5321,3.20,2.40
2008.12.30 08:39:56.038,1.5311,1.5321,3.20,2.80
2008.12.30 08:39:56.268,1.5311,1.53205,3.20,2.40
2008.12.30 08:39:56.688,1.5311,1.53185,3.20,1.00
2008.12.30 08:39:56.908,1.5311,1.5318,3.20,2.40
2008.12.30 08:39:57.358,1.5311,1.53175,3.20,2.40
2008.12.30 08:39:57.598,1.5311,1.5317,3.20,2.40
2008.12.30 08:39:57.997,1.5311,1.53165,3.20,1.00
2008.12.30 08:39:58.357,1.5311,1.5316,3.20,2.40
2008.12.30 08:39:59.837,1.5311,1.5317,3.20,3.20
2008.12.30 08:40:00.017,1.5311,1.53165,3.20,1.60
2008.12.30 08:40:00.467,1.5311,1.53175,3.20,2.40
2008.12.30 08:40:01.566,1.5311,1.5317,3.20,2.40
2008.12.30 08:40:03.077,1.5311,1.5318,3.20,1.00
2008.12.30 08:40:03.826,1.5311,1.53195,3.20,2.40
2008.12.30 08:40:04.286,1.53135,1.5324,1.00,23.00
2008.12.30 08:40:04.636,1.53175,1.5324,1.00,23.00
2008.12.30 08:40:05.116,1.5322,1.5324,1.00,23.00
2008.12.30 08:40:05.796,1.5324,1.53335,1.00,1.60
2008.12.30 08:40:05.906,1.53255,1.53345,1.00,1.60
2008.12.30 08:40:06.195,1.53275,1.53345,1.00,1.60
2008.12.30 08:40:06.596,1.53255,1.5326,3.20,24.90
2008.12.30 08:40:06.715,1.5311,1.5325,4.70,23.00
2008.12.30 08:40:07.135,1.5312,1.5325,1.00,23.00
2008.12.30 08:40:07.655,1.5314,1.5325,1.00,23.00
2008.12.30 08:40:07.835,1.5309,1.53195,3.20,2.40
2008.12.30 08:40:08.365,1.5311,1.5318,3.20,1.60
2008.12.30 08:40:14.893,1.5311,1.53175,3.20,1.00
2008.12.30 08:40:15.513,1.5311,1.53165,3.20,2.40
2008.12.30 08:40:15.734,1.5311,1.5317,3.20,2.40
2008.12.30 08:40:16.893,1.5311,1.5317,3.20,1.00
2008.12.30 08:40:16.993,1.5311,1.53175,3.20,2.40
2008.12.30 08:40:17.223,1.5311,1.53185,3.20,2.40
2008.12.30 08:40:17.453,1.5311,1.5319,3.20,2.40
2008.12.30 08:40:17.863,1.5311,1.53205,3.20,2.40
2008.12.30 08:40:18.033,1.5311,1.532,3.20,1.00
2008.12.30 08:40:18.323,1.5311,1.53205,3.20,2.40
2008.12.30 08:40:18.502,1.5311,1.5321,3.20,2.80
2008.12.30 08:40:18.862,1.5311,1.5321,3.20,2.40
2008.12.30 08:40:18.972,1.5311,1.53225,3.20,1.60
2008.12.30 08:40:19.432,1.5311,1.53225,3.20,1.00
2008.12.30 08:40:19.912,1.5311,1.53165,3.20,1.60
2008.12.30 08:40:20.472,1.5311,1.5315,3.20,1.60
2008.12.30 08:40:20.952,1.5311,1.53155,3.20,2.40
2008.12.30 08:40:21.792,1.5311,1.5317,3.20,2.40
2008.12.30 08:40:22.321,1.5311,1.53205,3.20,2.40
2008.12.30 08:40:22.671,1.5311,1.53215,3.20,2.40
2008.12.30 08:40:23.002,1.5311,1.53225,3.20,4.60
2008.12.30 08:40:23.451,1.5311,1.53175,3.20,1.60
2008.12.30 08:40:24.031,1.5311,1.5317,3.20,1.60
2008.12.30 08:40:24.491,1.5311,1.5316,3.20,1.80
2008.12.30 08:40:25.591,1.5311,1.53175,3.20,2.40
2008.12.30 08:40:26.051,1.5311,1.5319,3.20,1.80
2008.12.30 08:40:27.930,1.5311,1.53185,3.20,1.60
2008.12.30 08:40:28.410,1.5311,1.53165,3.20,1.60
2008.12.30 08:40:28.870,1.5311,1.5316,3.20,1.60
2008.12.30 08:40:30.780,1.5311,1.5317,3.20,1.00
2008.12.30 08:40:31.189,1.5311,1.5314,3.20,1.60
2008.12.30 08:40:31.649,1.5311,1.5318,3.20,2.40
2008.12.30 08:40:32.059,1.5311,1.53185,3.20,1.00
2008.12.30 08:40:34.399,1.5311,1.5317,3.20,2.80
2008.12.30 08:40:35.219,1.5311,1.5315,3.20,1.60
2008.12.30 08:40:36.488,1.5311,1.53155,3.20,1.00
2008.12.30 08:40:36.848,1.5311,1.53145,3.20,1.60
2008.12.30 08:40:37.688,1.5311,1.5314,3.20,1.60
2008.12.30 08:40:37.908,1.5311,1.5315,3.20,1.60
2008.12.30 08:40:40.877,1.5311,1.5317,3.20,1.00
2008.12.30 08:40:41.107,1.5311,1.53155,3.20,1.60
2008.12.30 08:40:44.516,1.5311,1.5316,3.20,1.60
2008.12.30 08:40:44.916,1.5311,1.53215,3.20,2.40
2008.12.30 08:40:45.086,1.5311,1.53215,3.20,1.60
2008.12.30 08:40:45.486,1.5311,1.53225,3.20,6.40
2008.12.30 08:40:46.666,1.531,1.5321,3.80,3.80
2008.12.30 08:40:47.216,1.5311,1.5321,3.20,3.80
2008.12.30 08:40:48.175,1.5311,1.53205,3.20,2.40
2008.12.30 08:40:51.464,1.5312,1.5321,1.00,6.40
2008.12.30 08:40:51.884,1.53125,1.5321,1.00,3.80
2008.12.30 08:40:53.744,1.5312,1.5321,1.00,3.80
2008.12.30 08:40:54.674,1.5314,1.5321,1.00,3.80
2008.12.30 08:40:55.004,1.53125,1.5321,3.80,3.80
2008.12.30 08:40:55.354,1.53125,1.5321,1.00,3.80
2008.12.30 08:40:57.473,1.5313,1.5321,1.00,3.80
2008.12.30 08:40:57.863,1.5313,1.5321,1.00,5.40
2008.12.30 08:40:57.983,1.53115,1.5321,2.40,5.40
2008.12.30 08:40:58.323,1.53115,1.5321,1.00,5.40
2008.12.30 08:40:59.183,1.5311,1.53205,1.60,1.60
2008.12.30 08:40:59.543,1.53105,1.5321,2.80,6.60
2008.12.30 08:40:59.882,1.53105,1.5321,2.80,4.00
2008.12.30 08:40:59.942,1.5311,1.5321,1.60,3.80
2008.12.30 08:41:00.462,1.5311,1.53205,1.60,1.60
2008.12.30 08:41:01.322,1.5311,1.5321,1.80,4.00
2008.12.30 08:41:02.012,1.5311,1.5321,1.80,3.80
2008.12.30 08:41:02.312,1.5312,1.5321,1.00,3.80
2008.12.30 08:41:02.972,1.5312,1.5321,2.80,3.80
2008.12.30 08:41:03.142,1.5313,1.5321,1.00,3.80
2008.12.30 08:41:04.861,1.53115,1.5321,1.00,3.80
2008.12.30 08:41:08.730,1.53115,1.5321,2.80,3.80
2008.12.30 08:41:09.341,1.53135,1.5321,1.00,3.80
2008.12.30 08:41:09.620,1.5314,1.5321,1.00,3.80
2008.12.30 08:41:10.760,1.53155,1.5321,1.00,3.80
2008.12.30 08:41:11.950,1.5314,1.5321,1.00,3.80
2008.12.30 08:41:12.339,1.5316,1.5321,1.00,3.80
2008.12.30 08:41:12.739,1.53145,1.5321,1.00,3.80
2008.12.30 08:41:13.079,1.53135,1.5321,6.00,3.80
2008.12.30 08:41:13.479,1.53135,1.5321,1.00,3.80
2008.12.30 08:41:14.289,1.5315,1.5321,1.00,3.80
2008.12.30 08:41:14.759,1.53155,1.5321,1.00,3.80
2008.12.30 08:41:15.509,1.5314,1.5321,1.00,3.80
2008.12.30 08:41:16.438,1.5313,1.5321,1.00,3.80
2008.12.30 08:41:23.027,1.53145,1.5321,1.00,3.80
2008.12.30 08:41:25.007,1.53145,1.5321,1.00,3.80
2008.12.30 08:41:25.596,1.53155,1.5321,1.00,3.80
2008.12.30 08:41:26.846,1.5315,1.5321,3.20,3.80
2008.12.30 08:41:27.416,1.53155,1.5321,2.80,3.80
2008.12.30 08:41:27.696,1.53165,1.5321,1.00,3.80
2008.12.30 08:41:28.626,1.5317,1.5321,1.00,3.80
2008.12.30 08:41:29.035,1.5318,1.5321,1.00,3.80
2008.12.30 08:41:29.625,1.5317,1.5321,1.00,3.80
2008.12.30 08:41:29.965,1.53155,1.5321,1.00,3.80
2008.12.30 08:41:30.475,1.53145,1.5321,1.00,3.80
2008.12.30 08:41:34.694,1.53155,1.5321,1.00,3.80
2008.12.30 08:41:35.864,1.5319,1.5321,1.00,3.80
2008.12.30 08:41:36.044,1.53205,1.53325,1.00,1.00
2008.12.30 08:41:36.314,1.53205,1.53335,1.00,1.00
2008.12.30 08:41:36.484,1.53195,1.53335,1.60,1.80
2008.12.30 08:41:36.714,1.53195,1.53335,2.80,1.80
2008.12.30 08:41:37.063,1.53205,1.53325,1.00,1.00
2008.12.30 08:41:37.223,1.53215,1.53315,2.80,1.00
2008.12.30 08:41:38.223,1.5321,1.53305,1.00,1.00
2008.12.30 08:41:38.693,1.53215,1.533,1.00,1.00
2008.12.30 08:41:39.093,1.53225,1.533,1.00,1.00
2008.12.30 08:41:39.853,1.5323,1.53315,1.00,1.00
2008.12.30 08:41:40.773,1.5322,1.53305,1.00,1.00
2008.12.30 08:41:41.842,1.532,1.53295,4.80,1.60
2008.12.30 08:41:41.902,1.53195,1.53295,1.00,1.80
2008.12.30 08:41:42.312,1.5321,1.53295,1.00,1.00
2008.12.30 08:41:42.422,1.5321,1.533,1.00,1.00
2008.12.30 08:41:43.072,1.53215,1.533,1.00,1.00
2008.12.30 08:41:43.602,1.5322,1.5331,1.00,1.00
2008.12.30 08:41:43.832,1.53215,1.5331,1.00,1.00
2008.12.30 08:41:48.971,1.5321,1.53315,2.80,1.60
2008.12.30 08:41:49.150,1.5321,1.5331,1.60,1.60
2008.12.30 08:41:49.501,1.532,1.53295,1.80,1.00
2008.12.30 08:41:49.680,1.532,1.53295,1.00,1.00
2008.12.30 08:41:51.801,1.5318,1.53285,4.00,1.00
2008.12.30 08:41:52.030,1.53185,1.53285,1.60,1.00
2008.12.30 08:41:52.420,1.532,1.5329,1.00,2.80
2008.12.30 08:41:52.760,1.532,1.53285,1.00,1.00
2008.12.30 08:41:53.210,1.5321,1.533,1.00,1.00
2008.12.30 08:41:53.320,1.53215,1.533,1.00,1.00
2008.12.30 08:41:53.429,1.532,1.5331,1.00,1.80
2008.12.30 08:41:54.059,1.53195,1.533,1.00,1.60
2008.12.30 08:41:54.389,1.53185,1.53285,4.00,1.60
2008.12.30 08:41:54.739,1.53185,1.53285,2.20,1.60
2008.12.30 08:41:54.979,1.5317,1.5329,1.60,2.40
2008.12.30 08:41:55.159,1.5317,1.53295,2.20,2.40
2008.12.30 08:41:55.399,1.5318,1.53285,1.00,1.60
2008.12.30 08:41:56.389,1.5318,1.5329,1.00,1.60
2008.12.30 08:42:09.326,1.5317,1.5328,1.60,2.40
2008.12.30 08:42:09.786,1.5317,1.5326,1.60,2.40
2008.12.30 08:42:10.126,1.5317,1.5328,1.60,2.40
2008.12.30 08:42:10.635,1.5317,1.5329,1.60,2.40
2008.12.30 08:42:10.926,1.5317,1.5328,1.60,2.40
2008.12.30 08:42:12.125,1.5317,1.53285,1.60,2.40
2008.12.30 08:42:15.124,1.5317,1.5328,1.60,2.40
2008.12.30 08:42:19.733,1.5317,1.5327,1.60,2.40
2008.12.30 08:42:21.573,1.5317,1.53265,1.60,2.40
2008.12.30 08:42:21.683,1.5317,1.53275,1.60,2.40
2008.12.30 08:42:25.112,1.5317,1.5328,1.60,2.80
2008.12.30 08:42:25.332,1.5317,1.53265,1.60,2.40
2008.12.30 08:42:26.951,1.5317,1.53255,1.60,1.60
2008.12.30 08:42:27.241,1.5317,1.5326,1.60,1.60
2008.12.30 08:42:27.582,1.5317,1.5325,1.60,1.00
2008.12.30 08:42:27.811,1.5317,1.53255,1.60,2.80
2008.12.30 08:42:28.321,1.5317,1.53245,1.60,1.80
2008.12.30 08:42:28.681,1.5317,1.5324,1.60,1.00
2008.12.30 08:42:30.321,1.5317,1.5323,1.60,1.00
2008.12.30 08:42:32.730,1.5317,1.53225,1.60,1.00
2008.12.30 08:42:43.847,1.5317,1.53215,1.60,1.00
2008.12.30 08:42:44.647,1.5317,1.5322,1.60,1.00
2008.12.30 08:42:46.937,1.5317,1.5323,1.60,1.00
2008.12.30 08:42:47.607,1.5317,1.53235,1.60,1.00
2008.12.30 08:42:48.746,1.5317,1.5324,1.60,1.00
2008.12.30 08:42:53.075,1.5317,1.5322,1.60,1.60
2008.12.30 08:42:53.645,1.5317,1.53255,1.60,1.00
2008.12.30 08:42:54.885,1.5317,1.53225,1.60,1.00
2008.12.30 08:42:55.225,1.5317,1.5325,1.60,1.00
2008.12.30 08:42:55.924,1.5317,1.5324,1.60,1.00
2008.12.30 08:42:57.924,1.5317,1.53215,1.60,1.60
2008.12.30 08:42:58.224,1.5317,1.53235,1.60,1.00
2008.12.30 08:42:58.564,1.5317,1.53255,1.60,2.40
2008.12.30 08:42:58.904,1.5317,1.5328,1.60,4.80
2008.12.30 08:42:59.774,1.5317,1.5328,1.60,7.20
2008.12.30 08:43:00.673,1.5317,1.5327,1.60,4.80
2008.12.30 08:43:01.023,1.5317,1.53265,1.60,2.40
2008.12.30 08:43:02.363,1.5317,1.5327,1.60,7.20
2008.12.30 08:43:03.802,1.5317,1.53265,1.60,2.40
2008.12.30 08:43:06.562,1.5317,1.5326,1.60,2.40
2008.12.30 08:43:07.022,1.5317,1.53265,1.60,2.40
2008.12.30 08:43:07.132,1.5317,1.5326,1.60,2.40
2008.12.30 08:43:07.482,1.5317,1.53265,1.60,4.00
2008.12.30 08:43:07.882,1.5317,1.53265,1.60,4.40
2008.12.30 08:43:08.002,1.5317,1.53255,1.60,1.00
2008.12.30 08:43:08.341,1.5317,1.53255,1.60,1.80
2008.12.30 08:43:08.502,1.5317,1.53255,1.60,1.00
2008.12.30 08:43:10.431,1.5317,1.5326,1.60,4.00
2008.12.30 08:43:10.601,1.5317,1.53255,1.60,1.00
2008.12.30 08:43:11.891,1.5317,1.53265,1.60,2.80
2008.12.30 08:43:13.600,1.5317,1.53265,1.60,1.00
2008.12.30 08:43:15.560,1.5317,1.53265,1.60,2.80
2008.12.30 08:43:16.120,1.5317,1.53265,1.60,1.00
2008.12.30 08:43:24.048,1.5317,1.5325,1.60,1.60
2008.12.30 08:43:24.338,1.5317,1.5323,1.60,1.60
2008.12.30 08:43:25.027,1.5317,1.5322,1.60,4.00
2008.12.30 08:43:25.367,1.5317,1.5322,1.60,2.40
2008.12.30 08:43:25.717,1.5317,1.5322,1.60,1.60
2008.12.30 08:43:25.897,1.5317,1.5322,1.60,4.00
2008.12.30 08:43:27.067,1.5317,1.53225,1.60,1.60
2008.12.30 08:43:27.827,1.5317,1.5322,1.60,2.40
2008.12.30 08:43:28.407,1.5317,1.53215,1.60,1.60
2008.12.30 08:43:28.457,1.5317,1.53205,1.60,1.00
2008.12.30 08:43:28.697,1.5317,1.532,1.60,1.00
2008.12.30 08:43:29.786,1.5317,1.53185,1.60,1.00
2008.12.30 08:43:30.186,1.53095,1.53185,3.20,1.00
2008.12.30 08:43:35.315,1.5311,1.5316,3.20,1.00
2008.12.30 08:43:39.444,1.5311,1.5315,3.20,1.00
2008.12.30 08:43:39.734,1.5311,1.5314,3.20,1.00
2008.12.30 08:43:39.964,1.5311,1.53145,3.20,1.00
2008.12.30 08:43:42.044,1.5311,1.53145,3.20,1.00
2008.12.30 08:43:42.493,1.5311,1.53155,3.20,1.80
2008.12.30 08:43:42.603,1.5311,1.53155,3.20,1.00
2008.12.30 08:43:43.233,1.5311,1.5319,3.20,3.20
2008.12.30 08:43:50.841,1.5311,1.53175,3.20,1.60
2008.12.30 08:43:52.601,1.5311,1.5318,3.20,4.80
2008.12.30 08:43:54.011,1.5311,1.5318,3.20,3.20
2008.12.30 08:43:54.410,1.5311,1.53155,3.20,1.00
2008.12.30 08:43:54.980,1.5311,1.5316,3.20,1.00
2008.12.30 08:43:56.800,1.5311,1.53145,3.20,1.00
2008.12.30 08:43:57.549,1.5311,1.53135,3.20,1.00
2008.12.30 08:43:59.039,1.5311,1.5315,3.20,2.80
2008.12.30 08:43:59.439,1.531,1.5315,4.20,1.00
2008.12.30 08:43:59.879,1.531,1.5317,4.20,2.40
2008.12.30 08:44:00.119,1.531,1.5318,4.20,6.60
2008.12.30 08:44:00.449,1.5311,1.53165,3.20,1.60
2008.12.30 08:44:01.839,1.5311,1.53155,3.20,1.60
2008.12.30 08:44:02.178,1.5311,1.5317,3.20,1.00
2008.12.30 08:44:04.008,1.5311,1.53155,3.20,1.60
2008.12.30 08:44:05.638,1.5311,1.5316,3.20,1.60
2008.12.30 08:44:07.407,1.5311,1.5317,3.20,1.80
2008.12.30 08:44:07.587,1.5311,1.5317,3.20,1.60
2008.12.30 08:44:08.227,1.5311,1.5318,4.20,6.40
2008.12.30 08:44:10.247,1.531,1.5318,4.20,6.40
2008.12.30 08:44:10.707,1.5311,1.5318,3.20,6.40
2008.12.30 08:44:11.177,1.531,1.53175,4.20,1.00
2008.12.30 08:44:12.256,1.5311,1.53175,3.20,1.00
2008.12.30 08:44:12.426,1.5311,1.5318,3.20,6.60
2008.12.30 08:44:13.456,1.5311,1.5317,3.20,1.60
2008.12.30 08:44:13.976,1.5311,1.5318,3.20,6.60
2008.12.30 08:44:18.015,1.5311,1.5317,3.20,1.00
2008.12.30 08:44:18.565,1.5311,1.53165,3.20,1.00
2008.12.30 08:44:19.274,1.531,1.5318,4.20,9.20
2008.12.30 08:44:19.894,1.531,1.5318,4.20,6.60
2008.12.30 08:44:20.224,1.5311,1.53165,3.20,1.00
2008.12.30 08:44:20.874,1.5311,1.5316,3.20,1.00
2008.12.30 08:44:21.174,1.5311,1.53145,3.20,1.00
2008.12.30 08:44:21.814,1.5311,1.53135,3.20,1.00
2008.12.30 08:44:22.284,1.5311,1.53145,3.20,1.00
2008.12.30 08:44:22.573,1.5311,1.53155,3.20,1.00
2008.12.30 08:44:24.573,1.5311,1.53145,3.20,1.80
2008.12.30 08:44:24.863,1.5311,1.5314,3.20,1.80
2008.12.30 08:44:25.313,1.5311,1.5313,3.20,1.00
2008.12.30 08:44:25.913,1.5311,1.53145,3.20,1.00
2008.12.30 08:44:28.982,1.5311,1.5315,3.20,1.80
2008.12.30 08:44:31.591,1.5311,1.53135,3.20,1.00
2008.12.30 08:44:33.321,1.5311,1.5314,3.20,1.80
2008.12.30 08:44:33.501,1.5311,1.5314,3.20,1.00
2008.12.30 08:44:34.651,1.5311,1.5315,3.20,1.00
2008.12.30 08:44:35.630,1.5311,1.5316,3.20,1.00
2008.12.30 08:44:44.438,1.5311,1.53155,3.20,1.00
2008.12.30 08:44:44.609,1.5311,1.5314,3.20,1.00
2008.12.30 08:44:46.838,1.5311,1.53145,3.20,1.00
2008.12.30 08:44:47.537,1.5311,1.5316,3.20,2.80
2008.12.30 08:44:47.818,1.5311,1.53155,3.20,1.00
2008.12.30 08:44:50.997,1.5311,1.5314,3.20,1.00
2008.12.30 08:44:54.806,1.5311,1.5315,3.20,1.00
2008.12.30 08:44:55.496,1.5311,1.53145,3.20,1.00
2008.12.30 08:44:55.726,1.5311,1.5313,3.20,1.00
2008.12.30 08:44:56.126,1.5311,1.5312,3.20,1.00
2008.12.30 08:44:56.355,1.5311,1.5314,3.20,2.80
2008.12.30 08:44:56.576,1.5311,1.5314,3.20,1.00
2008.12.30 08:44:57.035,1.5311,1.5312,3.20,1.00
2008.12.30 08:45:01.904,1.5311,1.5314,3.20,2.80
2008.12.30 08:45:02.184,1.5311,1.5314,3.20,4.40
2008.12.30 08:45:02.354,1.5311,1.53125,3.20,1.00
2008.12.30 08:45:02.754,1.5311,1.53145,3.20,2.40
2008.12.30 08:45:02.864,1.5311,1.5315,3.20,1.00
2008.12.30 08:45:05.214,1.5311,1.5313,3.20,1.00
2008.12.30 08:45:08.742,1.5311,1.5313,3.20,1.00
2008.12.30 08:45:10.062,1.5311,1.53135,3.20,1.00
2008.12.30 08:45:12.652,1.5311,1.53145,3.20,1.00
2008.12.30 08:45:15.781,1.5311,1.5314,3.20,1.00
2008.12.30 08:45:19.990,1.5311,1.53135,3.20,1.00
2008.12.30 08:45:21.320,1.5311,1.5315,3.20,2.40
2008.12.30 08:45:21.679,1.531,1.53155,4.20,1.00
2008.12.30 08:45:21.849,1.531,1.532,4.20,5.00
2008.12.30 08:45:22.669,1.531,1.53185,4.20,1.00
2008.12.30 08:45:23.299,1.5311,1.53185,3.20,2.40
2008.12.30 08:45:23.599,1.5311,1.5319,3.20,5.00
2008.12.30 08:45:23.779,1.5311,1.5318,3.20,1.00
2008.12.30 08:45:24.059,1.5311,1.53185,3.20,1.00
2008.12.30 08:45:25.328,1.5311,1.5318,3.20,1.00
2008.12.30 08:45:25.798,1.531,1.53185,4.20,1.00
2008.12.30 08:45:26.158,1.5311,1.53185,3.20,1.00
2008.12.30 08:45:26.628,1.5313,1.53185,1.00,1.00
2008.12.30 08:45:26.928,1.53115,1.5319,1.00,4.80
2008.12.30 08:45:27.518,1.5312,1.5319,1.00,4.80
2008.12.30 08:45:32.097,1.53115,1.5319,1.00,4.80
2008.12.30 08:45:33.297,1.53115,1.53185,1.00,1.00
2008.12.30 08:45:33.637,1.53115,1.5319,1.00,4.80
2008.12.30 08:45:35.856,1.5313,1.5319,1.00,4.80
2008.12.30 08:45:45.224,1.53115,1.5319,2.80,4.80
2008.12.30 08:45:45.794,1.53115,1.5319,2.80,4.80
2008.12.30 08:45:47.653,1.5313,1.5319,1.00,4.80
2008.12.30 08:45:50.653,1.5313,1.5319,1.00,4.80
2008.12.30 08:45:51.062,1.53125,1.5319,2.80,4.80
2008.12.30 08:45:51.292,1.53135,1.5319,1.00,4.80
2008.12.30 08:45:51.832,1.5314,1.5319,1.00,4.80
2008.12.30 08:45:56.991,1.53125,1.5319,1.00,4.80
2008.12.30 08:45:57.451,1.53125,1.5319,2.80,4.80
2008.12.30 08:45:57.901,1.5313,1.5319,1.00,4.80
2008.12.30 08:46:01.050,1.5313,1.5319,2.80,4.80
2008.12.30 08:46:09.688,1.5313,1.5319,4.20,4.80
2008.12.30 08:46:09.928,1.5313,1.5319,6.00,4.80
2008.12.30 08:46:11.467,1.53135,1.5319,1.00,4.80
2008.12.30 08:46:13.137,1.5313,1.5319,6.00,4.80
2008.12.30 08:46:13.577,1.53135,1.5319,1.00,4.80
2008.12.30 08:46:16.076,1.5313,1.5319,6.00,4.80
2008.12.30 08:46:16.356,1.5313,1.5319,1.00,4.80
2008.12.30 08:46:17.956,1.53135,1.5319,1.00,4.80
2008.12.30 08:46:19.335,1.5314,1.5319,1.00,4.80
2008.12.30 08:46:19.755,1.5314,1.5319,2.80,4.80
2008.12.30 08:46:20.925,1.5314,1.5319,1.60,4.80
2008.12.30 08:46:21.365,1.53105,1.5319,4.80,4.80
2008.12.30 08:46:21.665,1.53105,1.5319,1.00,4.80
2008.12.30 08:46:22.295,1.5311,1.5319,1.00,4.80
2008.12.30 08:46:23.705,1.53125,1.5319,6.00,4.80
2008.12.30 08:46:24.564,1.53125,1.5319,4.80,4.80
2008.12.30 08:46:24.924,1.53115,1.5319,1.00,4.80
2008.12.30 08:46:25.164,1.53115,1.5319,1.00,4.80
2008.12.30 08:46:26.544,1.53105,1.5319,1.80,4.80
2008.12.30 08:46:26.864,1.5311,1.5319,3.20,4.80
2008.12.30 08:46:27.264,1.5312,1.5319,1.60,4.80
2008.12.30 08:46:27.774,1.5313,1.5319,4.80,4.80
2008.12.30 08:46:27.833,1.5315,1.5319,1.00,4.80
2008.12.30 08:46:28.333,1.5315,1.5319,2.80,4.80
2008.12.30 08:46:28.803,1.53155,1.5319,1.00,4.80
2008.12.30 08:46:29.083,1.5317,1.53245,1.00,1.60
2008.12.30 08:46:29.833,1.53165,1.53205,1.00,4.80
2008.12.30 08:46:30.173,1.5317,1.53245,1.00,1.60
2008.12.30 08:46:34.622,1.53155,1.53205,1.00,4.80
2008.12.30 08:46:35.031,1.5315,1.5319,1.00,4.80
2008.12.30 08:46:35.382,1.53145,1.5319,1.00,4.80
2008.12.30 08:46:35.901,1.5313,1.5319,5.60,4.80
2008.12.30 08:46:36.251,1.5313,1.5319,1.00,4.80
2008.12.30 08:46:37.061,1.5315,1.5319,1.00,4.80
2008.12.30 08:46:38.041,1.5314,1.5319,2.40,4.80
2008.12.30 08:46:38.581,1.5314,1.5319,1.00,4.80
2008.12.30 08:46:39.280,1.5315,1.5319,1.00,4.80
2008.12.30 08:46:40.081,1.5314,1.5319,4.80,4.80
2008.12.30 08:46:40.411,1.53105,1.5319,1.00,4.80
2008.12.30 08:46:41.160,1.531,1.5319,3.20,4.80
2008.12.30 08:46:41.550,1.5311,1.5319,3.20,6.40
2008.12.30 08:46:41.890,1.5312,1.5319,1.00,4.80
2008.12.30 08:46:42.470,1.53115,1.5319,1.00,4.80
2008.12.30 08:46:43.000,1.5312,1.5319,1.00,4.80
2008.12.30 08:46:43.790,1.531,1.5319,5.00,4.80
2008.12.30 08:46:44.139,1.531,1.5319,4.20,4.80
2008.12.30 08:46:44.760,1.5311,1.53185,3.20,1.00
2008.12.30 08:46:45.349,1.5311,1.5318,3.20,1.00
2008.12.30 08:46:46.259,1.5311,1.53175,3.20,1.00
2008.12.30 08:46:46.619,1.5311,1.5318,3.20,1.00
2008.12.30 08:46:47.659,1.5311,1.5318,4.20,1.00
2008.12.30 08:46:47.769,1.53105,1.5319,1.60,6.40
2008.12.30 08:46:48.049,1.5311,1.5318,3.20,1.00
2008.12.30 08:46:48.579,1.5311,1.53175,3.20,1.00
2008.12.30 08:46:49.108,1.5311,1.53165,3.20,1.00
2008.12.30 08:46:49.448,1.5311,1.5317,3.20,1.00
2008.12.30 08:46:50.388,1.5311,1.53185,3.20,2.80
2008.12.30 08:46:51.028,1.53105,1.53165,1.60,1.60
2008.12.30 08:46:51.637,1.5311,1.5315,3.20,2.40
2008.12.30 08:46:52.098,1.5311,1.53185,3.20,2.40
2008.12.30 08:46:52.448,1.5311,1.532,3.20,4.80
2008.12.30 08:46:53.527,1.531,1.5319,4.20,4.80
2008.12.30 08:46:53.647,1.53105,1.5319,1.60,4.80
2008.12.30 08:46:54.417,1.531,1.5319,3.80,4.80
2008.12.30 08:46:54.917,1.5311,1.5319,3.20,4.80
2008.12.30 08:46:55.377,1.5311,1.5319,3.20,6.40
2008.12.30 08:46:55.797,1.531,1.5319,6.40,4.80
2008.12.30 08:46:56.097,1.5311,1.5319,3.20,4.80
2008.12.30 08:46:57.137,1.531,1.5319,4.20,4.80
2008.12.30 08:46:57.726,1.5311,1.5319,3.20,4.80
2008.12.30 08:46:58.246,1.531,1.5319,4.20,4.80
2008.12.30 08:46:58.836,1.531,1.5319,7.40,4.80
2008.12.30 08:46:59.006,1.5311,1.5319,3.20,6.60
2008.12.30 08:47:01.415,1.5311,1.5319,3.20,6.40
2008.12.30 08:47:01.925,1.5311,1.5319,3.20,4.80
2008.12.30 08:47:02.275,1.5311,1.53185,3.20,1.00
2008.12.30 08:47:03.565,1.5311,1.53125,3.20,1.00
2008.12.30 08:47:04.035,1.5311,1.5312,3.20,1.00
2008.12.30 08:47:04.435,1.53025,1.531,13.40,2.40
2008.12.30 08:47:05.014,1.53045,1.5309,7.60,3.00
2008.12.30 08:47:05.454,1.5306,1.5309,7.60,1.00
2008.12.30 08:47:06.004,1.5306,1.53085,7.60,1.00
2008.12.30 08:47:06.404,1.5306,1.53095,7.60,1.00
2008.12.30 08:47:09.084,1.5306,1.531,7.60,1.00
2008.12.30 08:47:09.983,1.5306,1.53085,7.60,1.00
2008.12.30 08:47:10.693,1.5306,1.53095,7.60,1.60
2008.12.30 08:47:11.233,1.5306,1.5309,7.60,4.00
2008.12.30 08:47:11.743,1.5296,1.53065,1.00,1.00
2008.12.30 08:47:12.393,1.52955,1.5308,3.20,1.00
2008.12.30 08:47:12.963,1.52965,1.5308,1.00,1.00
2008.12.30 08:47:13.523,1.52975,1.5308,1.00,1.00
2008.12.30 08:47:14.462,1.5297,1.53095,1.00,3.20
2008.12.30 08:47:14.932,1.52975,1.53075,1.00,1.60
2008.12.30 08:47:15.332,1.5299,1.5308,1.00,1.60
2008.12.30 08:47:16.162,1.5295,1.53055,4.80,1.60
2008.12.30 08:47:16.452,1.5296,1.5308,1.00,2.40
2008.12.30 08:47:16.922,1.5295,1.53075,4.80,1.60
2008.12.30 08:47:17.272,1.5296,1.53075,3.20,1.60
2008.12.30 08:47:17.922,1.5295,1.5305,1.00,1.80
2008.12.30 08:47:18.731,1.5294,1.53025,3.20,1.60
2008.12.30 08:47:19.491,1.5293,1.5305,1.00,1.80
2008.12.30 08:47:20.421,1.5293,1.53035,2.80,1.60
2008.12.30 08:47:20.940,1.5296,1.5309,1.60,1.60
2008.12.30 08:47:21.290,1.5296,1.53105,2.40,6.80
2008.12.30 08:47:21.581,1.5297,1.53105,1.00,5.40
2008.12.30 08:47:22.101,1.52985,1.5309,1.00,3.80
2008.12.30 08:47:22.730,1.5304,1.5309,1.60,3.80
2008.12.30 08:47:22.970,1.53015,1.5309,2.80,3.80
2008.12.30 08:47:23.500,1.53025,1.5309,1.00,3.80
2008.12.30 08:47:23.800,1.5305,1.5309,1.00,3.80
2008.12.30 08:47:24.380,1.5306,1.5309,1.00,3.80
2008.12.30 08:47:25.160,1.53065,1.53155,1.00,3.80
2008.12.30 08:47:25.449,1.53065,1.53105,1.00,3.80
2008.12.30 08:47:25.910,1.53065,1.53105,2.80,3.80
2008.12.30 08:47:26.619,1.53065,1.5309,1.00,3.80
2008.12.30 08:47:27.069,1.53065,1.53155,2.80,3.80
2008.12.30 08:47:27.409,1.5307,1.53155,3.40,3.80
2008.12.30 08:47:27.739,1.53085,1.53155,1.00,3.80
2008.12.30 08:47:27.899,1.5309,1.53155,1.00,3.80
2008.12.30 08:47:28.419,1.53075,1.5314,2.80,3.80
2008.12.30 08:47:28.819,1.53085,1.5314,1.00,3.80
2008.12.30 08:47:28.999,1.5305,1.53105,1.00,3.80
2008.12.30 08:47:29.409,1.53035,1.53105,1.00,3.80
2008.12.30 08:47:31.318,1.5306,1.5309,2.80,3.80
2008.12.30 08:47:31.818,1.53065,1.5309,1.00,3.80
2008.12.30 08:47:33.158,1.53055,1.5309,1.00,3.80
2008.12.30 08:47:33.717,1.53055,1.5309,1.80,3.80
2008.12.30 08:47:34.647,1.53055,1.5309,1.00,3.80
2008.12.30 08:47:35.917,1.5306,1.5309,1.00,3.80
2008.12.30 08:47:37.186,1.53065,1.5309,1.00,3.80
2008.12.30 08:47:37.987,1.5305,1.5309,1.00,3.80
2008.12.30 08:47:38.336,1.53055,1.5309,1.00,3.80
2008.12.30 08:47:38.617,1.53065,1.5309,1.00,3.80
2008.12.30 08:47:38.956,1.5306,1.5309,1.00,3.80
2008.12.30 08:47:39.427,1.53065,1.5309,1.00,3.80
2008.12.30 08:47:39.826,1.53085,1.5309,1.00,3.80
2008.12.30 08:47:40.176,1.5308,1.5309,1.00,3.80
2008.12.30 08:47:40.586,1.5309,1.5314,1.00,5.70
2008.12.30 08:47:41.277,1.53075,1.53155,1.00,3.80
2008.12.30 08:47:41.716,1.53095,1.53105,1.00,3.80
2008.12.30 08:47:42.126,1.531,1.53155,2.80,3.80
2008.12.30 08:47:42.295,1.5312,1.5324,1.00,2.40
2008.12.30 08:47:42.755,1.531,1.5324,1.60,2.40
2008.12.30 08:47:43.285,1.53105,1.5325,1.00,2.40
2008.12.30 08:47:43.935,1.531,1.53205,1.00,1.60
2008.12.30 08:47:44.175,1.53115,1.53255,1.60,2.40
2008.12.30 08:47:44.405,1.53125,1.5325,1.00,1.60
2008.12.30 08:47:44.925,1.53145,1.53255,1.00,2.40
2008.12.30 08:47:45.395,1.53135,1.5324,1.00,4.00
2008.12.30 08:47:45.845,1.5312,1.53225,1.60,1.60
2008.12.30 08:47:46.134,1.5311,1.53215,1.60,1.60
2008.12.30 08:47:46.255,1.53105,1.53205,1.60,1.60
2008.12.30 08:47:47.054,1.53105,1.53185,1.60,1.60
2008.12.30 08:47:47.694,1.53105,1.532,1.60,1.60
2008.12.30 08:47:48.375,1.53105,1.53195,1.00,2.40
2008.12.30 08:47:48.724,1.5312,1.5321,1.00,1.40
2008.12.30 08:47:48.964,1.5314,1.53225,1.00,2.40
2008.12.30 08:47:49.534,1.53125,1.53235,1.00,4.00
2008.12.30 08:47:49.824,1.5312,1.53225,2.80,2.40
2008.12.30 08:47:50.353,1.5312,1.5321,1.60,1.60
2008.12.30 08:47:51.114,1.53125,1.53215,1.60,1.60
2008.12.30 08:47:51.623,1.53135,1.53195,1.60,1.00
2008.12.30 08:47:51.973,1.53145,1.5325,1.60,1.60
2008.12.30 08:47:52.373,1.53145,1.53235,1.60,1.60
2008.12.30 08:47:53.023,1.53125,1.5322,1.60,1.60
2008.12.30 08:47:53.543,1.53145,1.5323,1.60,1.60
2008.12.30 08:47:54.273,1.5314,1.5323,4.80,1.60
2008.12.30 08:47:54.682,1.5315,1.5323,1.60,1.60
2008.12.30 08:47:55.152,1.5315,1.53245,4.80,1.60
2008.12.30 08:47:55.652,1.5315,1.53225,1.60,1.60
2008.12.30 08:47:55.932,1.53145,1.53225,1.60,1.60
2008.12.30 08:47:56.762,1.5314,1.53225,4.80,1.60
2008.12.30 08:47:57.352,1.5316,1.5326,1.00,2.80
2008.12.30 08:47:57.862,1.5318,1.53265,1.00,2.40
2008.12.30 08:47:58.202,1.5316,1.5328,2.80,13.80
2008.12.30 08:47:58.592,1.5316,1.5327,1.00,13.80
2008.12.30 08:47:58.931,1.5317,1.5327,1.00,12.40
2008.12.30 08:47:59.441,1.5317,1.5327,1.00,9.20
2008.12.30 08:48:00.271,1.53165,1.5327,1.60,9.20
2008.12.30 08:48:00.731,1.5313,1.53265,1.00,2.40
2008.12.30 08:48:01.121,1.53135,1.5327,1.00,9.20
2008.12.30 08:48:01.711,1.53145,1.53255,1.00,1.60
2008.12.30 08:48:02.271,1.5313,1.53265,2.20,2.40
2008.12.30 08:48:02.501,1.5313,1.5325,1.60,2.40
2008.12.30 08:48:03.180,1.5313,1.53245,1.60,2.40
2008.12.30 08:48:03.740,1.5313,1.5325,1.60,2.40
2008.12.30 08:48:04.350,1.53125,1.53255,2.20,2.40
2008.12.30 08:48:04.710,1.53145,1.53255,1.00,2.40
2008.12.30 08:48:05.040,1.53155,1.5325,1.60,1.60
2008.12.30 08:48:05.660,1.5315,1.5325,1.60,1.60
2008.12.30 08:48:07.279,1.5316,1.5326,1.60,1.80
2008.12.30 08:48:07.900,1.53165,1.5326,1.60,1.60
2008.12.30 08:48:08.839,1.53165,1.53255,1.60,1.60
2008.12.30 08:48:09.229,1.5316,1.5325,1.60,1.60
2008.12.30 08:48:10.309,1.5316,1.53245,1.60,1.60
2008.12.30 08:48:10.829,1.5316,1.5326,2.80,1.00
2008.12.30 08:48:11.169,1.5316,1.53245,1.60,1.00
2008.12.30 08:48:11.568,1.5315,1.53245,1.60,1.80
2008.12.30 08:48:12.208,1.53155,1.53245,1.60,1.80
2008.12.30 08:48:12.568,1.53155,1.5324,1.60,1.00
2008.12.30 08:48:18.217,1.5314,1.5324,2.80,1.00
2008.12.30 08:48:18.507,1.53155,1.5325,4.20,2.40
2008.12.30 08:48:18.847,1.53155,1.53255,6.00,1.00
2008.12.30 08:48:20.276,1.53165,1.53255,1.00,1.00
2008.12.30 08:48:20.766,1.5316,1.5326,2.80,1.00
2008.12.30 08:48:21.656,1.5317,1.5326,1.60,1.00
2008.12.30 08:48:22.296,1.5317,1.5325,1.60,1.60
2008.12.30 08:48:22.586,1.53155,1.53245,1.60,1.00
2008.12.30 08:48:23.156,1.5314,1.53225,2.20,1.60
2008.12.30 08:48:23.506,1.5315,1.53235,1.60,2.40
2008.12.30 08:48:24.266,1.5315,1.5323,1.60,2.40
2008.12.30 08:48:24.735,1.53145,1.5321,1.60,1.80
2008.12.30 08:48:24.915,1.53135,1.5321,1.60,1.80
2008.12.30 08:48:25.085,1.5312,1.5321,1.60,1.80
2008.12.30 08:48:25.735,1.53115,1.5321,1.60,1.00
2008.12.30 08:48:26.155,1.53115,1.53215,2.20,1.60
2008.12.30 08:48:26.325,1.53115,1.5322,2.20,1.80
2008.12.30 08:48:26.785,1.53115,1.53205,2.20,1.60
2008.12.30 08:48:27.125,1.53115,1.53205,1.60,1.80
2008.12.30 08:48:27.285,1.5311,1.5321,2.80,2.40
2008.12.30 08:48:27.675,1.53115,1.5321,2.80,2.40
2008.12.30 08:48:28.025,1.53115,1.5321,2.80,2.80
2008.12.30 08:48:28.194,1.53115,1.5321,2.80,1.00
2008.12.30 08:48:29.244,1.5312,1.53225,2.80,2.40
2008.12.30 08:48:29.644,1.5312,1.5323,2.80,1.80
2008.12.30 08:48:30.094,1.53125,1.53225,1.60,1.60
2008.12.30 08:48:30.385,1.53115,1.5322,2.80,1.60
2008.12.30 08:48:30.954,1.531,1.53205,3.80,2.40
2008.12.30 08:48:31.244,1.53115,1.53225,1.00,1.40
2008.12.30 08:48:31.514,1.5311,1.53215,1.80,1.60
2008.12.30 08:48:32.923,1.5311,1.53205,1.00,2.40
2008.12.30 08:48:33.423,1.5313,1.53245,2.80,2.40
2008.12.30 08:48:33.773,1.5312,1.5323,1.00,1.00
2008.12.30 08:48:34.303,1.53115,1.5323,2.80,1.00
2008.12.30 08:48:34.483,1.531,1.53195,3.80,1.00
2008.12.30 08:48:35.723,1.531,1.532,3.80,4.00
2008.12.30 08:48:36.063,1.531,1.532,3.80,2.40
2008.12.30 08:48:36.862,1.531,1.53195,3.80,2.40
2008.12.30 08:48:37.262,1.531,1.5316,3.80,1.00
2008.12.30 08:48:37.622,1.531,1.53175,3.80,2.40
2008.12.30 08:48:37.782,1.531,1.53185,3.80,2.40
2008.12.30 08:48:38.132,1.531,1.53185,3.80,4.00
2008.12.30 08:48:38.472,1.531,1.5317,3.80,2.40
2008.12.30 08:48:39.043,1.531,1.53165,3.80,2.40
2008.12.30 08:48:39.452,1.531,1.53175,3.80,2.40
2008.12.30 08:48:39.752,1.531,1.53155,3.80,2.40
2008.12.30 08:48:40.221,1.531,1.5314,3.80,1.00
2008.12.30 08:48:40.832,1.531,1.53145,3.80,1.00
2008.12.30 08:48:41.811,1.531,1.5314,3.80,1.00
2008.12.30 08:48:42.211,1.531,1.53145,3.80,2.40
2008.12.30 08:48:42.731,1.531,1.53155,3.80,3.20
2008.12.30 08:48:43.181,1.531,1.53175,3.80,2.40
2008.12.30 08:48:43.521,1.531,1.5318,3.80,2.40
2008.12.30 08:48:43.981,1.531,1.5317,3.80,1.60
2008.12.30 08:48:44.160,1.531,1.5317,3.80,2.40
2008.12.30 08:48:44.541,1.531,1.53175,3.80,4.00
2008.12.30 08:48:45.860,1.531,1.53185,3.80,2.40
2008.12.30 08:48:46.030,1.531,1.53195,3.80,2.40
2008.12.30 08:48:46.380,1.531,1.5318,3.80,1.00
2008.12.30 08:48:47.260,1.531,1.532,3.80,1.00
2008.12.30 08:48:47.600,1.5311,1.532,1.00,1.00
2008.12.30 08:48:47.940,1.531,1.532,7.20,2.40
2008.12.30 08:48:48.270,1.5311,1.532,1.60,1.00
2008.12.30 08:48:48.799,1.531,1.53185,3.80,1.60
2008.12.30 08:48:49.299,1.53105,1.5317,1.60,1.00
2008.12.30 08:48:49.639,1.53105,1.5319,2.80,2.40
2008.12.30 08:48:50.099,1.53105,1.532,2.80,1.00
2008.12.30 08:48:50.609,1.53105,1.532,1.00,1.00
2008.12.30 08:48:50.969,1.531,1.532,5.00,1.00
2008.12.30 08:48:53.158,1.5311,1.532,1.00,1.00
2008.12.30 08:48:53.448,1.531,1.532,5.00,1.00
2008.12.30 08:48:55.438,1.531,1.532,3.80,1.00
2008.12.30 08:48:55.848,1.531,1.5318,3.80,1.60
2008.12.30 08:48:56.758,1.531,1.5318,5.40,1.60
2008.12.30 08:48:57.608,1.531,1.5316,5.40,1.60
2008.12.30 08:48:57.887,1.531,1.532,5.40,1.60
2008.12.30 08:48:58.057,1.531,1.532,5.40,1.00
2008.12.30 08:48:58.397,1.531,1.5321,3.80,2.40
2008.12.30 08:49:03.486,1.531,1.53195,5.60,1.60
2008.12.30 08:49:04.176,1.53105,1.532,1.60,2.40
2008.12.30 08:49:04.636,1.53105,1.5319,1.60,1.60
2008.12.30 08:49:05.146,1.531,1.53185,5.60,1.60
2008.12.30 08:49:05.775,1.531,1.53195,5.60,1.60
2008.12.30 08:49:06.195,1.531,1.532,5.60,2.40
2008.12.30 08:49:07.795,1.531,1.5319,5.60,1.60
2008.12.30 08:49:08.235,1.531,1.532,6.60,1.00
2008.12.30 08:49:08.705,1.531,1.532,6.20,1.00
2008.12.30 08:49:09.155,1.53115,1.532,3.20,1.00
2008.12.30 08:49:10.944,1.53115,1.532,4.80,1.00
2008.12.30 08:49:11.814,1.53115,1.532,3.20,1.00
2008.12.30 08:49:13.203,1.53115,1.532,6.00,1.00
2008.12.30 08:49:13.663,1.53115,1.532,4.80,1.00
2008.12.30 08:49:13.833,1.53115,1.532,1.60,1.00
2008.12.30 08:49:19.852,1.5312,1.532,2.80,1.00
2008.12.30 08:49:21.042,1.53115,1.53195,6.60,1.60
2008.12.30 08:49:21.571,1.53125,1.532,1.00,1.00
2008.12.30 08:49:22.182,1.53125,1.532,2.80,1.00
2008.12.30 08:49:25.211,1.5312,1.532,2.80,1.00
2008.12.30 08:49:25.850,1.53125,1.532,1.60,1.00
2008.12.30 08:49:27.190,1.5313,1.532,1.60,1.00
2008.12.30 08:49:28.670,1.53115,1.532,1.60,1.00
2008.12.30 08:49:28.900,1.5312,1.532,1.60,1.00
2008.12.30 08:49:29.610,1.53125,1.532,1.60,1.00
2008.12.30 08:49:34.178,1.5312,1.532,1.60,1.00
2008.12.30 08:49:38.978,1.53125,1.532,1.60,1.00
2008.12.30 08:49:39.487,1.5313,1.532,1.60,1.00
2008.12.30 08:49:41.377,1.53135,1.532,1.60,1.00
2008.12.30 08:49:44.456,1.53135,1.532,3.20,1.00
2008.12.30 08:49:44.696,1.53145,1.532,1.60,1.00
2008.12.30 08:49:49.035,1.5314,1.532,3.40,1.00
2008.12.30 08:49:49.095,1.5316,1.532,1.60,1.00
2008.12.30 08:49:50.514,1.53165,1.532,1.60,1.00
2008.12.30 08:49:52.334,1.5317,1.532,1.60,1.00
2008.12.30 08:49:54.344,1.5316,1.532,1.60,1.00
2008.12.30 08:49:55.503,1.5315,1.532,1.60,1.00
2008.12.30 08:49:57.563,1.5313,1.532,4.80,1.00
2008.12.30 08:49:57.733,1.5314,1.532,1.60,1.00
2008.12.30 08:49:58.133,1.53145,1.532,1.60,1.00
2008.12.30 08:49:58.653,1.5315,1.532,1.60,1.00
2008.12.30 08:49:59.053,1.5313,1.532,3.20,1.00
2008.12.30 08:49:59.412,1.5314,1.532,1.60,1.00
2008.12.30 08:50:00.212,1.53145,1.532,1.60,1.00
2008.12.30 08:50:00.682,1.5313,1.532,4.80,1.00
2008.12.30 08:50:00.912,1.5314,1.532,1.60,1.00
2008.12.30 08:50:01.942,1.53145,1.532,1.60,1.00
2008.12.30 08:50:02.342,1.5313,1.532,3.20,1.00
2008.12.30 08:50:02.802,1.5313,1.532,4.80,1.00
2008.12.30 08:50:03.271,1.5313,1.532,4.20,1.00
2008.12.30 08:50:03.491,1.53145,1.532,1.60,1.00
2008.12.30 08:50:03.831,1.5313,1.532,2.20,1.00
2008.12.30 08:50:04.061,1.53145,1.532,1.60,1.00
2008.12.30 08:50:09.990,1.53135,1.532,1.60,1.00
2008.12.30 08:50:11.330,1.5313,1.532,4.80,1.00
2008.12.30 08:50:12.079,1.5313,1.532,3.20,1.00
2008.12.30 08:50:12.929,1.5312,1.532,4.80,1.00
2008.12.30 08:50:13.279,1.5313,1.532,3.20,1.00
2008.12.30 08:50:13.749,1.5313,1.532,4.80,1.00
2008.12.30 08:50:13.979,1.5313,1.532,6.60,1.00
2008.12.30 08:50:14.269,1.5314,1.532,1.60,1.00
2008.12.30 08:50:15.359,1.5313,1.532,6.00,1.00
2008.12.30 08:50:15.869,1.53135,1.532,1.60,1.00
2008.12.30 08:50:17.009,1.5314,1.532,1.60,1.00
2008.12.30 08:50:17.468,1.5313,1.532,1.60,1.00
2008.12.30 08:50:17.868,1.53135,1.532,1.60,1.00
2008.12.30 08:50:19.128,1.5314,1.532,1.60,1.00
2008.12.30 08:50:19.468,1.53145,1.532,1.60,1.00
2008.12.30 08:50:20.797,1.53135,1.532,1.60,1.00
2008.12.30 08:50:21.647,1.5313,1.532,1.60,1.00
2008.12.30 08:50:23.826,1.53115,1.532,4.80,1.00
2008.12.30 08:50:23.927,1.53115,1.532,1.60,2.40
2008.12.30 08:50:24.696,1.5311,1.53195,1.60,1.60
2008.12.30 08:50:24.996,1.531,1.53185,5.40,1.60
2008.12.30 08:50:25.787,1.531,1.53165,5.40,1.60
2008.12.30 08:50:26.236,1.5311,1.532,1.60,2.40
2008.12.30 08:50:26.776,1.53105,1.5321,4.60,1.00
2008.12.30 08:50:27.436,1.531,1.532,5.00,1.00
2008.12.30 08:50:29.125,1.531,1.532,5.40,1.00
2008.12.30 08:50:29.515,1.531,1.532,3.80,1.00
2008.12.30 08:50:29.915,1.531,1.5319,3.80,1.60
2008.12.30 08:50:30.085,1.531,1.532,6.60,1.00
2008.12.30 08:50:30.545,1.531,1.532,5.00,1.00
2008.12.30 08:50:31.185,1.531,1.532,5.00,3.20
2008.12.30 08:50:31.415,1.531,1.532,5.00,1.00
2008.12.30 08:50:31.815,1.531,1.53185,5.40,1.60
2008.12.30 08:50:32.684,1.53105,1.532,1.00,1.00
2008.12.30 08:50:33.964,1.5311,1.532,1.00,1.00
2008.12.30 08:50:34.644,1.53105,1.53195,1.60,1.60
2008.12.30 08:50:35.374,1.531,1.532,3.80,1.00
2008.12.30 08:50:35.934,1.531,1.532,3.80,2.40
2008.12.30 08:50:36.173,1.531,1.532,5.00,1.00
2008.12.30 08:50:38.573,1.531,1.532,5.00,3.20
2008.12.30 08:50:39.273,1.531,1.532,5.00,1.00
2008.12.30 08:50:39.383,1.531,1.53195,3.80,1.60
2008.12.30 08:50:40.263,1.531,1.53195,5.40,1.60
2008.12.30 08:50:40.772,1.531,1.532,5.40,2.40
2008.12.30 08:50:41.003,1.531,1.53195,5.40,1.60
2008.12.30 08:50:42.842,1.531,1.53185,5.40,1.60
2008.12.30 08:50:43.492,1.531,1.53185,3.80,1.60
2008.12.30 08:50:43.902,1.531,1.5319,3.80,1.60
2008.12.30 08:50:44.922,1.531,1.53185,3.80,1.60
2008.12.30 08:50:47.591,1.531,1.5319,3.80,1.60
2008.12.30 08:50:48.901,1.531,1.53185,3.80,1.60
2008.12.30 08:50:50.350,1.531,1.5318,3.80,1.60
2008.12.30 08:50:50.930,1.531,1.53185,3.80,1.60
2008.12.30 08:50:51.510,1.531,1.5319,3.80,1.60
2008.12.30 08:50:51.860,1.531,1.53185,3.80,1.60
2008.12.30 08:50:52.750,1.531,1.5319,3.80,1.60
2008.12.30 08:50:53.449,1.531,1.5318,3.80,1.60
2008.12.30 08:50:54.559,1.531,1.5318,5.40,1.60
2008.12.30 08:50:55.309,1.531,1.53185,5.40,1.60
2008.12.30 08:50:55.899,1.531,1.5318,3.80,1.60
2008.12.30 08:50:57.708,1.531,1.53185,3.80,1.60
2008.12.30 08:50:59.488,1.53105,1.5319,1.60,1.60
2008.12.30 08:51:01.517,1.53105,1.5319,1.60,2.20
2008.12.30 08:51:02.068,1.53105,1.5319,1.60,1.60
2008.12.30 08:51:02.477,1.5313,1.532,1.00,1.40
2008.12.30 08:51:02.897,1.53155,1.532,1.60,1.00
2008.12.30 08:51:03.357,1.5316,1.532,1.00,1.00
2008.12.30 08:51:03.797,1.53165,1.532,1.60,1.00
2008.12.30 08:51:04.267,1.5316,1.532,1.80,1.00
2008.12.30 08:51:04.447,1.53145,1.532,1.60,1.00
2008.12.30 08:51:05.687,1.5316,1.532,1.00,1.00
2008.12.30 08:51:06.376,1.53155,1.532,1.60,1.00
2008.12.30 08:51:06.916,1.53145,1.532,1.60,1.00
2008.12.30 08:51:08.916,1.5315,1.532,1.00,1.00
2008.12.30 08:51:09.645,1.53145,1.532,2.80,1.00
2008.12.30 08:51:10.795,1.5315,1.532,1.00,1.00
2008.12.30 08:51:11.085,1.5316,1.532,1.00,1.00
2008.12.30 08:51:11.545,1.53145,1.532,1.60,1.00
2008.12.30 08:51:11.775,1.53145,1.532,1.00,1.00
2008.12.30 08:51:12.015,1.53145,1.532,2.80,1.00
2008.12.30 08:51:12.675,1.53145,1.532,4.80,1.00
2008.12.30 08:51:13.814,1.5315,1.532,4.80,1.00
2008.12.30 08:51:14.224,1.5315,1.532,1.60,1.00
2008.12.30 08:51:14.394,1.53145,1.532,4.80,1.00
2008.12.30 08:51:16.354,1.5315,1.532,6.00,1.00
2008.12.30 08:51:17.154,1.5324,1.533,1.00,4.60
2008.12.30 08:51:17.574,1.53245,1.5339,2.80,4.00
2008.12.30 08:51:17.974,1.53235,1.53405,1.00,2.80
2008.12.30 08:51:18.594,1.53245,1.53335,4.80,1.60
2008.12.30 08:51:18.943,1.53245,1.5333,3.20,2.80
2008.12.30 08:51:19.173,1.5321,1.5331,1.60,2.40
2008.12.30 08:51:19.563,1.5321,1.53315,1.60,2.40
2008.12.30 08:51:21.123,1.5322,1.533,1.60,2.40
2008.12.30 08:51:21.523,1.5322,1.5328,1.60,1.60
2008.12.30 08:51:22.023,1.5322,1.533,1.60,2.40
2008.12.30 08:51:22.312,1.5322,1.53295,1.60,2.40
2008.12.30 08:51:22.473,1.5322,1.53285,1.60,1.60
2008.12.30 08:51:23.112,1.5322,1.5327,1.60,1.00
2008.12.30 08:51:23.852,1.5322,1.5326,1.60,1.00
2008.12.30 08:51:24.772,1.5322,1.5328,1.60,1.00
2008.12.30 08:51:25.521,1.5322,1.53265,1.60,1.00
2008.12.30 08:51:26.891,1.5322,1.53245,1.60,1.00
2008.12.30 08:51:27.711,1.5322,1.5324,1.60,1.00
2008.12.30 08:51:29.111,1.5322,1.5325,1.60,1.00
2008.12.30 08:51:30.221,1.5322,1.53245,1.60,1.00
2008.12.30 08:51:31.060,1.5322,1.5323,1.60,1.00
2008.12.30 08:51:32.070,1.5322,1.53245,1.60,1.00
2008.12.30 08:51:32.800,1.5322,1.5328,1.60,1.00
2008.12.30 08:51:33.040,1.5322,1.5326,1.60,1.00
2008.12.30 08:51:34.680,1.5322,1.53255,1.60,1.00
2008.12.30 08:51:35.610,1.5322,1.5326,1.60,1.00
2008.12.30 08:51:36.649,1.5322,1.53265,1.60,2.40
2008.12.30 08:51:37.099,1.5322,1.5326,1.60,2.40
2008.12.30 08:51:37.439,1.5322,1.53255,1.60,2.40
2008.12.30 08:51:38.329,1.5322,1.53275,1.60,3.80
2008.12.30 08:51:38.618,1.5322,1.53275,1.60,2.40
2008.12.30 08:51:40.728,1.5322,1.53265,1.60,2.40
2008.12.30 08:51:41.028,1.5322,1.53275,1.60,2.40
2008.12.30 08:51:42.348,1.5322,1.5328,1.60,2.40
2008.12.30 08:51:42.467,1.5322,1.53285,1.60,2.40
2008.12.30 08:51:44.227,1.5322,1.53275,1.60,2.40
2008.12.30 08:51:44.637,1.5322,1.5328,1.60,2.40
2008.12.30 08:51:47.036,1.5322,1.5328,1.60,3.20
2008.12.30 08:51:47.368,1.5322,1.5329,1.60,1.60
2008.12.30 08:51:47.596,1.5322,1.5328,1.60,2.40
2008.12.30 08:51:47.926,1.5322,1.53275,1.60,2.40
2008.12.30 08:51:48.286,1.5322,1.53285,1.60,2.40
2008.12.30 08:51:48.796,1.5322,1.5329,1.60,2.40
2008.12.30 08:51:49.716,1.5322,1.53285,1.60,2.40
2008.12.30 08:51:50.595,1.5322,1.53265,1.60,2.40
2008.12.30 08:51:51.116,1.5322,1.53255,1.60,1.00
2008.12.30 08:51:51.695,1.53155,1.53235,9.60,2.40
2008.12.30 08:51:52.335,1.53205,1.53235,1.60,2.40
2008.12.30 08:51:53.395,1.53155,1.53225,9.60,2.40
2008.12.30 08:51:53.915,1.53155,1.5323,9.60,2.40
2008.12.30 08:51:54.855,1.5317,1.53225,9.60,2.40
2008.12.30 08:51:55.195,1.5317,1.5323,9.60,2.40
2008.12.30 08:51:55.534,1.5309,1.53205,1.00,1.00
2008.12.30 08:51:55.824,1.53095,1.53215,1.60,1.40
2008.12.30 08:51:56.224,1.53095,1.5323,1.60,2.40
2008.12.30 08:51:56.964,1.5311,1.5323,1.60,2.40
2008.12.30 08:51:57.134,1.5312,1.53235,1.60,2.40
2008.12.30 08:51:57.434,1.53115,1.53235,1.60,2.40
2008.12.30 08:51:57.604,1.53105,1.53185,3.80,1.00
2008.12.30 08:51:58.194,1.53115,1.53225,1.60,3.20
2008.12.30 08:51:58.424,1.5312,1.5321,1.00,3.20
2008.12.30 08:51:58.834,1.5311,1.5321,4.20,2.40
2008.12.30 08:51:59.313,1.53125,1.53195,1.00,1.00
2008.12.30 08:51:59.433,1.53125,1.53185,1.00,1.00
2008.12.30 08:51:59.674,1.5312,1.53185,4.20,1.00
2008.12.30 08:52:00.253,1.5312,1.5319,4.20,1.00
2008.12.30 08:52:00.713,1.531,1.53175,2.80,1.00
2008.12.30 08:52:01.343,1.53095,1.53175,2.80,1.00
2008.12.30 08:52:01.743,1.53105,1.53165,1.60,1.00
2008.12.30 08:52:02.383,1.53095,1.5316,2.80,1.00
2008.12.30 08:52:02.723,1.53115,1.5318,3.20,1.00
2008.12.30 08:52:02.893,1.5311,1.53165,1.60,1.60
2008.12.30 08:52:03.453,1.5312,1.53205,1.00,1.60
2008.12.30 08:52:03.732,1.5308,1.53205,5.00,1.60
2008.12.30 08:52:04.672,1.5309,1.532,1.00,1.60
2008.12.30 08:52:04.962,1.5311,1.532,1.00,1.60
2008.12.30 08:52:05.252,1.5312,1.532,3.20,1.60
2008.12.30 08:52:06.961,1.5312,1.532,3.20,1.00
2008.12.30 08:52:07.361,1.5312,1.532,4.20,1.00
2008.12.30 08:52:07.771,1.5312,1.53205,4.20,1.00
2008.12.30 08:52:08.291,1.5312,1.53185,4.20,1.00
2008.12.30 08:52:08.931,1.5312,1.5319,4.20,1.00
2008.12.30 08:52:09.491,1.5311,1.532,4.20,1.00
2008.12.30 08:52:09.781,1.5311,1.53195,4.20,1.00
2008.12.30 08:52:09.961,1.53105,1.53195,3.40,1.00
2008.12.30 08:52:10.371,1.5312,1.53195,4.20,1.00
2008.12.30 08:52:10.721,1.5311,1.53185,4.20,1.00
2008.12.30 08:52:12.060,1.5312,1.5319,4.20,1.00
2008.12.30 08:52:12.520,1.5312,1.532,4.20,1.00
2008.12.30 08:52:12.820,1.5311,1.53195,4.20,1.00
2008.12.30 08:52:14.390,1.5312,1.53195,1.00,1.00
2008.12.30 08:52:14.790,1.5312,1.53195,4.20,1.00
2008.12.30 08:52:15.240,1.53135,1.5325,1.00,2.40
2008.12.30 08:52:15.700,1.53135,1.5323,1.00,1.00
2008.12.30 08:52:16.409,1.53145,1.53215,1.00,1.00
2008.12.30 08:52:16.740,1.5315,1.53215,1.00,1.00
2008.12.30 08:52:17.359,1.53145,1.53215,1.00,1.00
2008.12.30 08:52:19.179,1.53145,1.532,1.00,1.00
2008.12.30 08:52:19.509,1.53135,1.5322,1.00,1.00
2008.12.30 08:52:19.628,1.53135,1.53205,1.00,1.00
2008.12.30 08:52:19.918,1.5313,1.53205,1.00,1.00
2008.12.30 08:52:20.039,1.5312,1.53205,2.20,1.00
2008.12.30 08:52:20.448,1.5312,1.53195,1.00,1.00
2008.12.30 08:52:20.808,1.53115,1.532,1.80,1.00
2008.12.30 08:52:21.148,1.53115,1.53205,2.20,1.00
2008.12.30 08:52:21.608,1.53135,1.5322,1.00,1.00
2008.12.30 08:52:21.838,1.53135,1.53215,1.00,1.00
2008.12.30 08:52:25.467,1.5315,1.5325,1.00,1.00
2008.12.30 08:52:26.247,1.5316,1.53255,1.00,1.00
2008.12.30 08:52:28.526,1.53165,1.53245,1.00,1.00
2008.12.30 08:52:29.096,1.53155,1.53245,5.00,1.00
2008.12.30 08:52:29.456,1.53155,1.53245,1.80,1.00
2008.12.30 08:52:29.976,1.5316,1.53245,1.00,1.00
2008.12.30 08:52:30.596,1.53165,1.5324,1.00,1.00
2008.12.30 08:52:30.826,1.5317,1.5328,1.80,1.00
2008.12.30 08:52:31.336,1.53175,1.5328,1.00,1.00
2008.12.30 08:52:31.806,1.53175,1.5328,1.00,1.60
2008.12.30 08:52:32.905,1.53175,1.5327,1.00,1.00
2008.12.30 08:52:36.974,1.53165,1.5325,1.00,1.00
2008.12.30 08:52:37.924,1.5317,1.5325,1.00,1.00
2008.12.30 08:52:38.345,1.5317,1.53255,1.00,1.00
2008.12.30 08:52:38.974,1.5317,1.5326,1.00,2.20
2008.12.30 08:52:39.434,1.53175,1.53255,1.00,1.00
2008.12.30 08:52:41.954,1.53175,1.5325,1.00,1.00
2008.12.30 08:52:42.933,1.5317,1.5325,1.00,1.00
2008.12.30 08:52:43.163,1.53165,1.53255,1.00,1.00
2008.12.30 08:52:43.583,1.53185,1.53255,1.00,1.00
2008.12.30 08:52:43.993,1.5318,1.53255,3.20,1.00
2008.12.30 08:52:44.113,1.5317,1.53255,1.00,1.00
2008.12.30 08:52:46.863,1.53175,1.53255,1.00,1.00
2008.12.30 08:52:47.542,1.5317,1.5326,1.00,2.20
2008.12.30 08:52:48.052,1.5317,1.53255,1.00,1.00
2008.12.30 08:52:48.612,1.5317,1.5326,1.00,2.20
2008.12.30 08:52:49.302,1.53175,1.53255,1.00,1.00
2008.12.30 08:52:49.721,1.53175,1.53245,1.00,1.00
2008.12.30 08:52:56.470,1.53175,1.5325,1.00,1.00
2008.12.30 08:52:58.509,1.53175,1.53245,1.00,1.00
2008.12.30 08:52:59.029,1.5317,1.5324,1.80,1.00
2008.12.30 08:52:59.830,1.5317,1.5324,1.00,1.00
2008.12.30 08:53:00.189,1.5313,1.5323,1.60,1.00
2008.12.30 08:53:00.599,1.5313,1.5322,1.60,1.00
2008.12.30 08:53:00.939,1.53145,1.53265,1.00,1.00
2008.12.30 08:53:01.399,1.53175,1.53285,1.00,1.00
2008.12.30 08:53:01.698,1.5317,1.53285,1.00,1.00
2008.12.30 08:53:02.318,1.5318,1.53275,1.00,1.00
2008.12.30 08:53:02.558,1.5318,1.5328,1.00,4.80
2008.12.30 08:53:02.788,1.53185,1.5328,1.00,4.80
2008.12.30 08:53:04.368,1.53205,1.5328,1.00,4.80
2008.12.30 08:53:05.128,1.532,1.5328,1.00,4.80
2008.12.30 08:53:05.987,1.5318,1.5326,1.00,1.00
2008.12.30 08:53:06.437,1.53175,1.5326,1.00,1.00
2008.12.30 08:53:07.917,1.5318,1.5325,1.00,1.00
2008.12.30 08:53:08.037,1.5317,1.5325,1.00,1.00
2008.12.30 08:53:08.447,1.5319,1.5329,1.80,4.80
2008.12.30 08:53:08.557,1.5319,1.5329,1.00,4.80
2008.12.30 08:53:08.837,1.53185,1.5329,1.60,4.80
2008.12.30 08:53:08.947,1.532,1.5326,1.00,1.00
2008.12.30 08:53:09.237,1.53195,1.5326,1.00,1.00
2008.12.30 08:53:10.257,1.53185,1.5325,3.20,1.00
2008.12.30 08:53:10.716,1.53165,1.53245,1.00,1.00
2008.12.30 08:53:11.466,1.53165,1.5325,1.00,1.00
2008.12.30 08:53:11.986,1.5318,1.5325,1.00,1.00
2008.12.30 08:53:12.226,1.53195,1.5329,1.00,5.40
2008.12.30 08:53:12.586,1.53195,1.53275,1.00,1.00
2008.12.30 08:53:13.026,1.5319,1.5327,1.00,1.00
2008.12.30 08:53:13.656,1.53205,1.5328,1.00,4.80
2008.12.30 08:53:16.435,1.53195,1.53265,1.80,1.00
2008.12.30 08:53:16.615,1.53195,1.53265,1.00,1.00
2008.12.30 08:53:17.315,1.532,1.53265,1.00,1.00
2008.12.30 08:53:17.694,1.5319,1.53255,1.00,1.00
2008.12.30 08:53:18.164,1.53195,1.5325,1.00,1.00
2008.12.30 08:53:18.225,1.532,1.5325,1.00,1.00
2008.12.30 08:53:21.834,1.53195,1.53255,1.00,1.00
2008.12.30 08:53:22.004,1.53195,1.53255,1.80,1.00
2008.12.30 08:53:22.463,1.53195,1.5325,1.80,1.00
2008.12.30 08:53:22.873,1.532,1.53255,1.00,1.00
2008.12.30 08:53:23.563,1.53195,1.53255,1.80,1.00
2008.12.30 08:53:23.683,1.53195,1.53255,1.00,1.00
2008.12.30 08:53:24.143,1.5319,1.53255,1.00,1.00
2008.12.30 08:53:24.763,1.53195,1.5325,1.60,1.00
2008.12.30 08:53:24.943,1.53195,1.5325,1.00,1.00
2008.12.30 08:53:26.542,1.5319,1.5325,1.00,1.00
2008.12.30 08:53:26.833,1.53195,1.5325,1.00,1.00
2008.12.30 08:53:28.902,1.53195,1.53245,1.00,1.00
2008.12.30 08:53:29.252,1.5319,1.53245,1.00,1.00
2008.12.30 08:53:30.052,1.53195,1.53245,1.00,1.00
2008.12.30 08:53:30.171,1.5319,1.53245,1.00,1.00
2008.12.30 08:53:31.571,1.53205,1.53245,1.00,1.00
2008.12.30 08:53:31.811,1.53205,1.5326,1.00,1.00
2008.12.30 08:53:32.971,1.532,1.5326,1.00,1.00
2008.12.30 08:53:33.591,1.5319,1.5326,1.00,1.00
2008.12.30 08:53:37.780,1.5319,1.53255,1.00,1.00
2008.12.30 08:53:41.709,1.53195,1.53255,1.00,1.00
2008.12.30 08:53:41.939,1.53195,1.5329,1.00,4.80
2008.12.30 08:53:42.519,1.532,1.5329,1.00,4.80
2008.12.30 08:53:46.158,1.5322,1.5328,1.00,4.80
2008.12.30 08:53:46.747,1.5322,1.5328,1.00,4.80
2008.12.30 08:53:46.868,1.532,1.5328,1.00,4.80
2008.12.30 08:53:48.357,1.53205,1.5328,1.60,4.80
2008.12.30 08:53:53.256,1.5321,1.5328,1.00,4.80
2008.12.30 08:53:54.046,1.5321,1.5328,1.80,4.80
2008.12.30 08:53:54.396,1.53215,1.5328,4.80,4.80
2008.12.30 08:53:55.966,1.53215,1.53275,4.80,1.00
2008.12.30 08:53:57.875,1.5324,1.53275,1.00,1.00
2008.12.30 08:53:58.055,1.53245,1.53275,1.00,1.00
2008.12.30 08:53:58.625,1.53235,1.5328,2.80,4.80
2008.12.30 08:54:00.184,1.53245,1.5328,6.00,4.80
2008.12.30 08:54:00.774,1.53255,1.5328,4.80,4.80
2008.12.30 08:54:01.284,1.53255,1.5332,4.80,1.00
2008.12.30 08:54:04.943,1.5326,1.5331,1.00,1.00
2008.12.30 08:54:05.163,1.5326,1.5331,6.00,1.00
2008.12.30 08:54:05.753,1.53285,1.5331,1.00,1.00
2008.12.30 08:54:05.973,1.5329,1.53345,1.60,1.00
2008.12.30 08:54:06.263,1.5326,1.5339,1.60,1.00
2008.12.30 08:54:06.663,1.53275,1.5341,1.00,4.60
2008.12.30 08:54:07.183,1.53275,1.53425,1.00,2.40
2008.12.30 08:54:07.363,1.5328,1.53405,1.00,2.40
2008.12.30 08:54:07.872,1.5328,1.5341,1.00,2.40
2008.12.30 08:54:08.722,1.53295,1.5341,1.00,4.00
2008.12.30 08:54:08.842,1.5329,1.53375,2.80,1.00
2008.12.30 08:54:09.262,1.53295,1.53375,1.00,1.00
2008.12.30 08:54:09.382,1.53305,1.5337,1.60,1.00
2008.12.30 08:54:09.612,1.533,1.5337,1.00,1.00
2008.12.30 08:54:09.962,1.53305,1.5337,1.60,1.00
2008.12.30 08:54:10.242,1.533,1.5342,1.00,1.00
2008.12.30 08:54:10.692,1.5329,1.53395,2.40,1.60
2008.12.30 08:54:11.252,1.5328,1.53385,1.00,2.40
2008.12.30 08:54:11.581,1.53265,1.53405,2.40,2.40
2008.12.30 08:54:11.751,1.5328,1.5342,1.00,2.40
2008.12.30 08:54:12.281,1.53275,1.53415,1.00,2.40
2008.12.30 08:54:12.611,1.53275,1.5331,1.00,1.00
2008.12.30 08:54:13.061,1.53265,1.5331,3.80,1.00
2008.12.30 08:54:13.231,1.5323,1.5331,1.00,1.00
2008.12.30 08:54:15.531,1.5323,1.5329,1.80,1.00
2008.12.30 08:54:16.000,1.53235,1.53295,1.00,1.00
2008.12.30 08:54:16.331,1.53245,1.5331,2.80,1.00
2008.12.30 08:54:16.970,1.53245,1.5331,1.60,1.00
2008.12.30 08:54:17.410,1.53245,1.533,1.60,1.00
2008.12.30 08:54:18.050,1.53245,1.53295,1.60,1.00
2008.12.30 08:54:18.870,1.53255,1.53295,1.00,1.00
2008.12.30 08:54:18.990,1.53245,1.53295,1.60,1.00
2008.12.30 08:54:19.280,1.53245,1.53295,2.80,1.00
2008.12.30 08:54:19.440,1.5325,1.53295,1.60,1.00
2008.12.30 08:54:19.670,1.5325,1.53305,4.80,1.00
2008.12.30 08:54:20.020,1.5327,1.53305,1.00,1.00
2008.12.30 08:54:20.299,1.5326,1.53305,1.00,1.00
2008.12.30 08:54:20.819,1.5325,1.53305,1.00,1.00
2008.12.30 08:54:21.269,1.53265,1.5331,1.00,1.00
2008.12.30 08:54:21.729,1.53255,1.5331,1.00,1.00
2008.12.30 08:54:22.199,1.53255,1.533,1.00,1.00
2008.12.30 08:54:23.059,1.5325,1.533,1.00,1.00
2008.12.30 08:54:23.799,1.5326,1.5331,1.00,1.00
2008.12.30 08:54:27.258,1.5326,1.53305,1.00,1.00
2008.12.30 08:54:27.658,1.53255,1.53305,2.80,1.00
2008.12.30 08:54:27.998,1.53255,1.53305,1.00,1.00
2008.12.30 08:54:28.518,1.53235,1.53305,1.60,1.00
2008.12.30 08:54:29.037,1.53255,1.5331,1.00,1.00
2008.12.30 08:54:29.897,1.53245,1.53305,2.80,1.00
2008.12.30 08:54:34.606,1.53255,1.533,2.80,1.00
2008.12.30 08:54:34.786,1.5326,1.533,1.00,1.00
2008.12.30 08:54:35.187,1.53255,1.533,2.80,1.00
2008.12.30 08:54:35.296,1.5326,1.5331,1.00,1.00
2008.12.30 08:54:35.466,1.53255,1.5331,2.80,1.00
2008.12.30 08:54:37.085,1.53255,1.53295,2.80,1.00
2008.12.30 08:54:37.605,1.53245,1.53295,1.00,1.00
2008.12.30 08:54:37.965,1.53245,1.53285,1.00,1.00
2008.12.30 08:54:38.145,1.53245,1.53305,1.00,1.00
2008.12.30 08:54:38.885,1.5325,1.53305,1.00,1.00
2008.12.30 08:54:39.965,1.5324,1.5329,2.80,1.00
2008.12.30 08:54:40.894,1.5324,1.5328,2.80,1.00
2008.12.30 08:54:41.334,1.5325,1.53285,1.00,1.00
2008.12.30 08:54:41.775,1.5324,1.53285,1.00,1.00
2008.12.30 08:54:42.214,1.5324,1.5328,1.00,1.00
2008.12.30 08:54:45.794,1.53245,1.53285,1.60,1.00
2008.12.30 08:54:46.203,1.5325,1.5328,1.00,1.00
2008.12.30 08:54:46.673,1.5323,1.53275,1.60,1.00
2008.12.30 08:54:48.613,1.5324,1.5328,2.80,1.00
2008.12.30 08:54:49.233,1.5325,1.5328,1.00,1.00
2008.12.30 08:54:49.753,1.5324,1.5328,1.00,1.00
2008.12.30 08:54:52.472,1.5324,1.53285,1.00,1.00
2008.12.30 08:54:52.592,1.53245,1.53285,1.00,1.00
2008.12.30 08:54:53.582,1.5323,1.53285,2.80,1.00
2008.12.30 08:54:53.871,1.5323,1.53285,1.00,1.00
2008.12.30 08:54:54.211,1.53225,1.53285,1.00,1.00
2008.12.30 08:54:54.391,1.5322,1.53285,4.80,1.00
2008.12.30 08:54:54.681,1.5322,1.5328,3.20,1.00
2008.12.30 08:54:54.861,1.53205,1.5327,2.80,1.00
2008.12.30 08:55:01.670,1.53205,1.53255,1.60,1.00
2008.12.30 08:55:02.020,1.53205,1.5325,4.20,1.00
2008.12.30 08:55:02.379,1.53195,1.5325,1.00,1.00
2008.12.30 08:55:02.439,1.53195,1.5325,2.80,1.00
2008.12.30 08:55:02.499,1.53205,1.5325,1.00,1.00
2008.12.30 08:55:03.829,1.532,1.5324,1.00,1.00
2008.12.30 08:55:05.849,1.532,1.5324,2.80,1.00
2008.12.30 08:55:06.078,1.532,1.5324,6.00,1.00
2008.12.30 08:55:06.588,1.532,1.53235,6.00,1.00
2008.12.30 08:55:06.748,1.53215,1.53235,1.00,1.00
2008.12.30 08:55:06.928,1.53205,1.53235,1.60,1.00
2008.12.30 08:55:07.268,1.532,1.53235,6.00,1.00
2008.12.30 08:55:07.498,1.532,1.5324,4.20,1.00
2008.12.30 08:55:07.728,1.532,1.5324,3.20,1.00
2008.12.30 08:55:08.188,1.532,1.53245,4.20,1.00
2008.12.30 08:55:17.906,1.53205,1.53245,1.00,1.00
2008.12.30 08:55:18.365,1.532,1.5324,4.80,1.00
2008.12.30 08:55:18.816,1.532,1.53235,4.80,1.00
2008.12.30 08:55:19.605,1.532,1.53235,3.20,1.00
2008.12.30 08:55:20.445,1.532,1.53245,3.20,1.00
2008.12.30 08:55:22.395,1.53205,1.5325,1.00,1.00
2008.12.30 08:55:22.795,1.53195,1.5325,1.00,1.00
2008.12.30 08:55:23.154,1.532,1.5325,4.80,1.00
2008.12.30 08:55:23.864,1.532,1.53295,4.80,1.00
2008.12.30 08:55:24.784,1.532,1.53275,4.80,1.00
2008.12.30 08:55:25.544,1.532,1.53275,6.00,1.00
2008.12.30 08:55:28.863,1.53215,1.53285,3.20,1.00
2008.12.30 08:55:28.963,1.53215,1.53285,4.20,1.00
2008.12.30 08:55:33.972,1.53215,1.53285,3.20,1.00
2008.12.30 08:55:41.510,1.5322,1.53295,4.80,1.00
2008.12.30 08:55:42.430,1.5322,1.5329,4.80,1.00
2008.12.30 08:55:42.849,1.53225,1.5329,1.60,1.00
2008.12.30 08:55:43.319,1.53225,1.5329,4.80,1.00
2008.12.30 08:55:44.359,1.53225,1.5329,1.60,1.00
2008.12.30 08:55:44.539,1.5322,1.5329,6.60,1.00
2008.12.30 08:55:46.049,1.5323,1.5329,2.80,1.00
2008.12.30 08:55:46.219,1.53225,1.5329,4.80,1.00
2008.12.30 08:55:46.739,1.5322,1.5329,5.20,1.00
2008.12.30 08:55:47.148,1.5324,1.53365,1.60,3.20
2008.12.30 08:55:47.708,1.53235,1.5336,1.80,1.00
2008.12.30 08:55:49.478,1.5325,1.53345,1.00,1.00
2008.12.30 08:55:52.067,1.53245,1.5333,1.00,1.00
2008.12.30 08:55:52.177,1.53245,1.5334,1.80,1.00
2008.12.30 08:55:52.457,1.5325,1.5334,1.00,1.00
2008.12.30 08:55:53.337,1.5325,1.5334,1.80,1.00
2008.12.30 08:55:54.077,1.53255,1.53355,1.00,1.60
2008.12.30 08:55:54.197,1.5326,1.53355,1.60,1.60
2008.12.30 08:55:54.607,1.5326,1.53335,1.60,1.60
2008.12.30 08:55:55.237,1.5324,1.5332,6.60,1.00
2008.12.30 08:55:55.756,1.53245,1.5332,1.60,1.00
2008.12.30 08:55:57.817,1.5324,1.5331,6.60,1.00
2008.12.30 08:55:58.226,1.5326,1.53375,1.60,3.20
2008.12.30 08:55:58.346,1.5326,1.5334,4.80,1.00
2008.12.30 08:56:00.176,1.5327,1.5336,4.80,1.00
2008.12.30 08:56:00.875,1.53265,1.53355,1.60,1.00
2008.12.30 08:56:01.965,1.53265,1.5335,1.60,1.00
2008.12.30 08:56:02.245,1.53265,1.53355,1.60,2.20
2008.12.30 08:56:02.575,1.5326,1.5334,4.80,1.00
2008.12.30 08:56:06.014,1.5326,1.53325,4.80,1.00
2008.12.30 08:56:06.524,1.5326,1.53335,4.80,1.00
2008.12.30 08:56:09.003,1.53265,1.53335,3.20,1.00
2008.12.30 08:56:09.053,1.53265,1.53335,4.80,1.00
2008.12.30 08:56:11.313,1.53265,1.5335,4.80,1.00
2008.12.30 08:56:15.402,1.53265,1.53355,4.80,2.20
2008.12.30 08:56:15.702,1.53265,1.53355,3.20,2.20
2008.12.30 08:56:15.871,1.5326,1.53345,4.80,1.00
2008.12.30 08:56:18.111,1.5326,1.5333,4.80,1.00
2008.12.30 08:56:20.760,1.5327,1.5333,3.20,1.00
2008.12.30 08:56:20.990,1.53265,1.5333,1.60,1.00
2008.12.30 08:56:21.800,1.5326,1.5333,4.80,1.00
2008.12.30 08:56:23.520,1.5326,1.53335,4.80,1.00
2008.12.30 08:56:24.290,1.5326,1.5334,4.80,1.00
2008.12.30 08:56:24.410,1.5327,1.5334,3.20,1.00
2008.12.30 08:56:26.719,1.5326,1.5333,4.80,1.00
2008.12.30 08:56:28.888,1.5326,1.5333,1.60,1.00
2008.12.30 08:56:29.119,1.53255,1.5333,3.20,1.00
2008.12.30 08:56:29.460,1.53255,1.5332,3.20,1.00
2008.12.30 08:56:29.858,1.53255,1.5334,3.20,1.00
2008.12.30 08:56:30.248,1.5326,1.5334,1.60,1.00
2008.12.30 08:56:30.358,1.5326,1.5334,4.80,1.00
2008.12.30 08:56:31.278,1.53275,1.53345,3.20,1.00
2008.12.30 08:56:32.468,1.53275,1.53335,3.20,1.00
2008.12.30 08:56:32.648,1.5326,1.53335,6.00,1.00
2008.12.30 08:56:32.887,1.53285,1.53335,1.60,1.00
2008.12.30 08:56:33.267,1.53285,1.53355,1.60,1.00
2008.12.30 08:56:33.497,1.53285,1.5335,1.60,1.00
2008.12.30 08:56:33.667,1.53275,1.5335,1.60,1.00
2008.12.30 08:56:34.827,1.53285,1.5335,4.80,1.00
2008.12.30 08:56:36.727,1.5329,1.5334,1.00,1.00
2008.12.30 08:56:37.137,1.5331,1.5338,1.00,1.00
2008.12.30 08:56:37.426,1.5331,1.53365,1.00,1.00
2008.12.30 08:56:37.657,1.533,1.53365,1.60,1.00
2008.12.30 08:56:38.506,1.533,1.53355,4.80,1.00
2008.12.30 08:56:38.616,1.533,1.53335,4.80,1.00
2008.12.30 08:56:40.486,1.533,1.5334,4.80,1.00
2008.12.30 08:56:43.115,1.533,1.53415,4.80,1.80
2008.12.30 08:56:43.475,1.53305,1.53415,1.00,1.00
2008.12.30 08:56:43.705,1.53325,1.5338,3.20,1.00
2008.12.30 08:56:44.535,1.53325,1.5338,3.20,1.00
2008.12.30 08:56:45.035,1.5327,1.53365,2.40,1.00
2008.12.30 08:56:45.335,1.5328,1.53365,1.00,1.00
2008.12.30 08:56:45.804,1.5328,1.5336,1.00,1.00
2008.12.30 08:56:46.274,1.533,1.5336,1.00,1.00
2008.12.30 08:56:46.754,1.53265,1.53345,3.20,1.00
2008.12.30 08:56:46.984,1.53265,1.53345,1.60,1.00
2008.12.30 08:56:47.854,1.5329,1.53335,1.00,1.00
2008.12.30 08:56:48.264,1.53305,1.5335,1.60,1.00
2008.12.30 08:56:48.664,1.53295,1.5335,1.60,1.00
2008.12.30 08:56:49.294,1.53305,1.53355,1.60,1.00
2008.12.30 08:56:49.884,1.533,1.53355,6.00,1.00
2008.12.30 08:56:50.223,1.5331,1.53355,3.20,1.00
2008.12.30 08:56:50.523,1.53295,1.53355,1.00,1.00
2008.12.30 08:56:51.043,1.5329,1.53355,1.60,1.00
2008.12.30 08:56:51.503,1.53285,1.53355,2.40,1.00
2008.12.30 08:56:51.673,1.5328,1.53355,4.20,1.00
2008.12.30 08:56:51.733,1.5328,1.53355,3.20,1.00
2008.12.30 08:56:52.133,1.5329,1.53355,1.00,1.00
2008.12.30 08:56:52.483,1.53295,1.53355,1.00,1.00
2008.12.30 08:56:57.152,1.5329,1.53355,1.00,1.00
2008.12.30 08:56:58.441,1.5329,1.53365,1.00,1.80
2008.12.30 08:56:58.681,1.53285,1.53365,1.00,1.00
2008.12.30 08:56:59.151,1.5329,1.53345,1.00,1.00
2008.12.30 08:56:59.271,1.5328,1.5333,1.00,1.00
2008.12.30 08:56:59.621,1.5328,1.53325,1.00,1.00
2008.12.30 08:56:59.961,1.53275,1.53325,1.00,1.00
2008.12.30 08:57:00.081,1.53275,1.53315,1.00,1.00
2008.12.30 08:57:01.251,1.5327,1.5332,1.60,1.00
2008.12.30 08:57:02.271,1.5327,1.53335,1.60,1.00
2008.12.30 08:57:03.270,1.5327,1.5335,2.60,1.00
2008.12.30 08:57:03.500,1.53275,1.53365,3.80,1.20
2008.12.30 08:57:03.940,1.53275,1.53365,5.60,1.00
2008.12.30 08:57:04.850,1.53275,1.5335,7.20,1.00
2008.12.30 08:57:05.350,1.53275,1.5333,4.80,1.00
2008.12.30 08:57:05.700,1.5329,1.5334,3.20,1.00
2008.12.30 08:57:06.409,1.53295,1.53375,1.60,1.00
2008.12.30 08:57:07.829,1.53295,1.53345,1.60,1.00
2008.12.30 08:57:09.529,1.53295,1.53335,1.60,1.00
2008.12.30 08:57:12.828,1.5328,1.5332,1.60,1.00
2008.12.30 08:57:13.238,1.5327,1.5332,3.20,1.00
2008.12.30 08:57:13.878,1.5327,1.53335,3.20,1.00
2008.12.30 08:57:16.607,1.5327,1.5337,3.20,2.20
2008.12.30 08:57:16.787,1.5329,1.53365,3.20,1.00
2008.12.30 08:57:17.197,1.53295,1.53385,1.60,1.00
2008.12.30 08:57:17.777,1.5326,1.53355,8.00,1.00
2008.12.30 08:57:18.287,1.5326,1.5334,3.20,1.00
2008.12.30 08:57:18.696,1.5326,1.53335,3.20,1.00
2008.12.30 08:57:19.726,1.5327,1.5332,3.20,1.00
2008.12.30 08:57:20.066,1.5327,1.53325,3.20,1.00
2008.12.30 08:57:20.686,1.5327,1.53325,6.40,1.00
2008.12.30 08:57:21.716,1.5327,1.5331,8.00,1.00
2008.12.30 08:57:22.116,1.5327,1.5332,8.00,1.00
2008.12.30 08:57:22.636,1.5327,1.53305,8.00,1.00
2008.12.30 08:57:22.976,1.5327,1.53305,6.40,1.00
2008.12.30 08:57:23.546,1.5327,1.5331,3.20,1.00
2008.12.30 08:57:24.565,1.5327,1.5331,6.40,1.00
2008.12.30 08:57:25.275,1.5327,1.5331,8.00,1.00
2008.12.30 08:57:25.555,1.5327,1.5331,3.20,1.00
2008.12.30 08:57:26.035,1.5327,1.5331,4.80,1.00
2008.12.30 08:57:26.535,1.5327,1.5332,4.80,1.00
2008.12.30 08:57:27.175,1.5327,1.5333,3.20,1.00
2008.12.30 08:57:27.714,1.5327,1.53315,3.20,1.00
2008.12.30 08:57:28.634,1.5327,1.53305,3.20,1.00
2008.12.30 08:57:29.555,1.5327,1.5329,3.20,1.00
2008.12.30 08:57:33.063,1.5327,1.53285,3.20,1.00
2008.12.30 08:57:35.492,1.5325,1.53285,9.60,1.00
2008.12.30 08:57:38.772,1.5327,1.5332,3.20,1.00
2008.12.30 08:57:39.182,1.5327,1.53295,3.20,1.00
2008.12.30 08:57:40.221,1.5327,1.5332,3.20,1.00
2008.12.30 08:57:40.841,1.5327,1.53345,3.20,1.00
2008.12.30 08:57:41.181,1.5327,1.5333,3.20,1.00
2008.12.30 08:57:41.831,1.5327,1.53325,3.20,1.00
2008.12.30 08:57:42.061,1.5327,1.5332,3.20,1.00
2008.12.30 08:57:42.521,1.5327,1.53305,3.20,1.00
2008.12.30 08:57:44.470,1.5327,1.5331,3.20,1.00
2008.12.30 08:57:45.790,1.5327,1.53305,3.20,1.00
2008.12.30 08:57:52.588,1.5327,1.53315,3.20,1.00
2008.12.30 08:57:53.738,1.5327,1.53295,3.20,1.00
2008.12.30 08:57:54.698,1.5327,1.5333,3.20,1.00
2008.12.30 08:57:55.148,1.5327,1.53325,3.20,1.00
2008.12.30 08:57:57.337,1.5327,1.53305,3.20,1.00
2008.12.30 08:57:59.087,1.5327,1.53315,3.20,1.00
2008.12.30 08:58:00.856,1.5327,1.53305,3.20,1.00
2008.12.30 08:58:01.956,1.5327,1.53315,3.20,1.00
2008.12.30 08:58:02.186,1.5327,1.53305,3.20,1.00
2008.12.30 08:58:06.425,1.5327,1.533,3.20,1.00
2008.12.30 08:58:07.005,1.5327,1.53305,3.20,1.00
2008.12.30 08:58:07.235,1.5327,1.5331,3.20,1.00
2008.12.30 08:58:07.345,1.5327,1.53325,3.20,1.00
2008.12.30 08:58:08.535,1.5327,1.53325,3.20,1.80
2008.12.30 08:58:08.814,1.5327,1.5331,3.20,1.00
2008.12.30 08:58:12.323,1.5327,1.53295,3.20,1.00
2008.12.30 08:58:13.763,1.5327,1.53285,3.20,1.00
2008.12.30 08:58:18.822,1.5327,1.5329,3.20,1.00
2008.12.30 08:58:19.932,1.5327,1.53305,3.20,1.00
2008.12.30 08:58:19.982,1.5327,1.53315,3.20,2.40
2008.12.30 08:58:20.331,1.5327,1.5332,3.20,2.40
2008.12.30 08:58:20.711,1.5327,1.53315,3.20,2.40
2008.12.30 08:58:22.011,1.5327,1.53325,3.20,1.00
2008.12.30 08:58:24.321,1.5327,1.53315,3.20,1.60
2008.12.30 08:58:24.551,1.5327,1.5331,3.20,2.40
2008.12.30 08:58:25.020,1.5327,1.53325,3.20,1.00
2008.12.30 08:58:26.700,1.5327,1.53325,3.20,1.60
2008.12.30 08:58:26.820,1.5327,1.53305,3.20,1.00
2008.12.30 08:58:27.700,1.5327,1.5333,3.20,1.00
2008.12.30 08:58:28.920,1.5327,1.53315,3.20,1.00
2008.12.30 08:58:32.959,1.5327,1.5332,3.20,1.00
2008.12.30 08:58:34.609,1.5327,1.5333,3.20,1.00
2008.12.30 08:58:35.178,1.5327,1.5332,3.20,1.00
2008.12.30 08:58:35.628,1.5327,1.53305,3.20,1.00
2008.12.30 08:58:36.108,1.5327,1.5332,3.20,1.00
2008.12.30 08:58:37.067,1.5327,1.53315,3.20,1.00
2008.12.30 08:58:38.168,1.5327,1.5331,3.20,1.00
2008.12.30 08:58:40.287,1.5327,1.53325,3.20,1.00
2008.12.30 08:58:40.757,1.5327,1.53305,3.20,1.00
2008.12.30 08:58:42.276,1.5327,1.5331,3.20,1.00
2008.12.30 08:58:48.575,1.5327,1.5333,3.20,1.00
2008.12.30 08:58:50.394,1.5327,1.5332,3.20,1.00
2008.12.30 08:58:51.034,1.5327,1.5332,3.20,1.60
2008.12.30 08:58:51.274,1.5327,1.533,3.20,1.00
2008.12.30 08:58:52.874,1.5327,1.5329,3.20,1.00
2008.12.30 08:58:53.413,1.5327,1.53305,3.20,1.00
2008.12.30 08:58:54.623,1.5327,1.533,3.20,1.00
2008.12.30 08:58:55.443,1.5327,1.53295,3.20,1.00
2008.12.30 08:58:55.553,1.5327,1.533,3.20,1.00
2008.12.30 08:58:57.523,1.5327,1.5329,3.20,1.00
2008.12.30 08:58:57.863,1.5327,1.5331,3.20,1.00
2008.12.30 08:58:58.792,1.5327,1.5329,3.20,1.00
2008.12.30 08:59:00.172,1.5327,1.53285,3.20,1.00
2008.12.30 08:59:02.472,1.5327,1.5332,3.20,1.00
2008.12.30 08:59:02.871,1.5327,1.5331,3.20,1.00
2008.12.30 08:59:04.531,1.5327,1.53275,3.20,1.00
2008.12.30 08:59:05.151,1.5327,1.5329,3.20,1.00
2008.12.30 08:59:06.201,1.5327,1.5332,3.20,1.00
2008.12.30 08:59:07.280,1.5327,1.53295,3.20,1.00
2008.12.30 08:59:07.580,1.5327,1.53325,3.20,1.60
2008.12.30 08:59:08.040,1.5327,1.53315,3.20,1.00
2008.12.30 08:59:08.560,1.5326,1.53275,1.60,1.00
2008.12.30 08:59:09.150,1.5327,1.533,3.20,2.00
2008.12.30 08:59:09.570,1.5326,1.53295,1.60,2.00
2008.12.30 08:59:09.910,1.5325,1.53285,9.60,2.00
2008.12.30 08:59:10.310,1.5327,1.53275,3.20,2.00
2008.12.30 08:59:11.289,1.5313,1.53235,1.00,1.00
2008.12.30 08:59:11.929,1.53145,1.5325,1.00,1.00
2008.12.30 08:59:12.489,1.5323,1.5325,9.60,1.00
2008.12.30 08:59:12.899,1.5315,1.53265,1.00,1.00
2008.12.30 08:59:13.569,1.5325,1.53265,3.20,1.00
2008.12.30 08:59:14.029,1.5314,1.5323,3.20,1.00
2008.12.30 08:59:14.149,1.53145,1.5323,1.00,1.00
2008.12.30 08:59:14.369,1.53135,1.5323,1.00,1.00
2008.12.30 08:59:14.888,1.53135,1.5329,1.00,3.20
2008.12.30 08:59:15.108,1.5316,1.53265,2.40,1.00
2008.12.30 08:59:15.698,1.5317,1.53295,2.40,1.00
2008.12.30 08:59:16.708,1.5317,1.533,1.00,2.40
2008.12.30 08:59:17.598,1.532,1.5331,1.00,1.00
2008.12.30 08:59:18.158,1.532,1.53325,1.00,4.40
2008.12.30 08:59:18.688,1.5322,1.5332,1.00,1.00
2008.12.30 08:59:19.367,1.5322,1.53305,1.80,1.00
2008.12.30 08:59:19.607,1.5322,1.53305,1.00,1.00
2008.12.30 08:59:20.277,1.5322,1.5329,1.00,1.00
2008.12.30 08:59:20.907,1.5322,1.5329,1.80,1.00
2008.12.30 08:59:22.017,1.5322,1.5329,1.00,1.00
2008.12.30 08:59:22.436,1.5321,1.53275,3.20,1.00
2008.12.30 08:59:22.896,1.5321,1.53275,4.80,1.00
2008.12.30 08:59:24.146,1.53205,1.5327,4.80,1.00
2008.12.30 08:59:24.606,1.5321,1.5327,4.80,1.00
2008.12.30 08:59:29.335,1.5321,1.5327,1.60,1.00
2008.12.30 08:59:29.735,1.53205,1.5328,5.60,1.00
2008.12.30 08:59:30.245,1.53205,1.5328,1.60,1.00
2008.12.30 08:59:30.535,1.53205,1.5328,1.00,1.00
2008.12.30 08:59:31.034,1.5319,1.5327,6.60,1.00
2008.12.30 08:59:31.475,1.5319,1.5327,6.00,1.00
2008.12.30 08:59:32.094,1.5319,1.5326,1.00,1.00
2008.12.30 08:59:32.484,1.5318,1.5324,1.00,1.00
2008.12.30 08:59:33.474,1.5318,1.53235,1.00,1.00
2008.12.30 08:59:33.944,1.5316,1.53235,2.20,1.00
2008.12.30 08:59:35.084,1.5316,1.5328,2.20,1.00
2008.12.30 08:59:35.903,1.5316,1.53255,2.20,1.00
2008.12.30 08:59:36.363,1.5317,1.5327,1.00,1.00
2008.12.30 08:59:36.813,1.53175,1.5327,1.00,1.00
2008.12.30 08:59:37.873,1.5318,1.5326,1.00,1.00
2008.12.30 08:59:38.263,1.5318,1.53265,1.00,1.00
2008.12.30 08:59:38.543,1.53195,1.53265,1.00,1.00
2008.12.30 08:59:39.982,1.53195,1.5327,1.00,1.00
2008.12.30 08:59:41.142,1.53195,1.53275,1.00,1.00
2008.12.30 08:59:43.032,1.532,1.53275,1.00,1.00
2008.12.30 08:59:43.312,1.5319,1.53275,1.00,1.00
2008.12.30 08:59:43.661,1.53185,1.5326,3.40,1.00
2008.12.30 08:59:44.181,1.53185,1.5326,1.60,1.00
2008.12.30 08:59:45.701,1.5318,1.53245,2.20,1.00
2008.12.30 08:59:46.211,1.53175,1.53245,3.40,1.00
2008.12.30 08:59:46.611,1.53175,1.5325,3.40,1.00
2008.12.30 08:59:47.061,1.53175,1.53245,3.40,1.00
2008.12.30 08:59:47.291,1.53175,1.5324,1.60,1.00
2008.12.30 08:59:47.590,1.5317,1.5324,3.40,1.00
2008.12.30 08:59:48.281,1.5317,1.53235,1.60,1.00
2008.12.30 08:59:48.870,1.5317,1.5324,1.60,1.00
2008.12.30 08:59:49.440,1.53185,1.5326,1.00,1.00
2008.12.30 08:59:49.890,1.53185,1.53255,1.00,1.00
2008.12.30 08:59:50.460,1.53175,1.53255,2.80,1.00
2008.12.30 08:59:50.850,1.53175,1.5325,2.80,1.00
2008.12.30 08:59:51.490,1.53175,1.5325,1.00,1.00
2008.12.30 08:59:52.649,1.5316,1.5324,1.60,1.00
2008.12.30 08:59:53.059,1.5316,1.53285,1.60,2.40
2008.12.30 08:59:53.519,1.5316,1.5328,1.60,1.00
2008.12.30 08:59:54.829,1.5316,1.53255,2.20,1.00
2008.12.30 08:59:55.129,1.53175,1.53255,1.00,1.00
2008.12.30 08:59:55.599,1.53165,1.53255,1.00,1.00
2008.12.30 08:59:56.228,1.53175,1.53255,1.00,1.00
2008.12.30 08:59:56.628,1.53175,1.5325,1.00,1.00
2008.12.30 08:59:58.068,1.53175,1.53245,1.00,1.00
2008.12.30 08:59:58.418,1.5316,1.53245,2.20,1.00
2008.12.30 08:59:58.948,1.5316,1.5329,1.60,2.80
2008.12.30 08:59:59.308,1.5316,1.53285,1.60,1.00
2008.12.30 08:59:59.368,1.5316,1.53285,1.60,2.80
2008.12.30 08:59:59.658,1.5316,1.53275,1.60,1.00
