2010.01.11 03:00:00.282,1.63425,1.6347,1.00,1.60
2010.01.11 03:00:00.512,1.6341,1.6346,1.00,1.60
2010.01.11 03:00:00.902,1.63405,1.63455,1.00,1.00
2010.01.11 03:00:01.062,1.634,1.6345,1.00,1.00
2010.01.11 03:00:01.172,1.634,1.6345,1.00,1.60
2010.01.11 03:00:02.002,1.63405,1.6345,1.00,1.60
2010.01.11 03:00:03.681,1.63415,1.6346,1.00,1.60
2010.01.11 03:00:05.601,1.63425,1.6346,1.00,1.50
2010.01.11 03:00:05.901,1.63425,1.6347,1.00,3.20
2010.01.11 03:00:06.191,1.63425,1.6347,1.00,2.40
2010.01.11 03:00:08.460,1.63425,1.6347,1.00,2.30
2010.01.11 03:00:08.800,1.63425,1.63465,1.00,1.50
2010.01.11 03:00:09.650,1.63415,1.6346,1.00,1.00
2010.01.11 03:00:09.770,1.63415,1.6346,1.00,1.60
2010.01.11 03:00:11.170,1.6341,1.6346,1.00,1.60
2010.01.11 03:00:11.469,1.6341,1.6346,1.00,1.00
2010.01.11 03:00:12.049,1.63415,1.6346,1.00,1.50
2010.01.11 03:00:12.929,1.63415,1.6346,1.00,1.60
2010.01.11 03:00:13.619,1.63415,1.6347,1.00,1.50
2010.01.11 03:00:13.999,1.6342,1.63475,1.00,3.20
2010.01.11 03:00:14.119,1.63415,1.63475,1.00,3.10
2010.01.11 03:00:14.239,1.63415,1.6348,1.60,3.20
2010.01.11 03:00:14.679,1.63415,1.6348,1.60,1.60
2010.01.11 03:00:16.358,1.63415,1.63475,1.00,1.50
2010.01.11 03:00:16.478,1.6341,1.6347,1.60,1.00
2010.01.11 03:00:16.658,1.6341,1.6347,1.00,1.60
2010.01.11 03:00:17.478,1.6341,1.6347,1.00,1.60
2010.01.11 03:00:18.008,1.63415,1.6347,1.00,1.60
2010.01.11 03:00:19.038,1.6342,1.6347,1.00,1.50
2010.01.11 03:00:19.497,1.6342,1.63475,1.00,1.60
2010.01.11 03:00:23.856,1.6343,1.63485,1.00,1.60
2010.01.11 03:00:24.466,1.63415,1.63465,1.00,1.50
2010.01.11 03:00:24.636,1.6342,1.63475,1.00,4.70
2010.01.11 03:00:24.816,1.6341,1.63465,1.00,1.60
2010.01.11 03:00:24.976,1.63405,1.6346,1.00,1.50
2010.01.11 03:00:25.146,1.63415,1.6347,1.00,1.50
2010.01.11 03:00:25.986,1.6341,1.6347,1.00,1.60
2010.01.11 03:00:26.336,1.6341,1.6347,1.00,1.60
2010.01.11 03:00:26.906,1.63405,1.6347,1.00,1.60
2010.01.11 03:00:28.035,1.6339,1.6345,2.00,1.60
2010.01.11 03:00:29.425,1.6339,1.6345,1.60,2.00
2010.01.11 03:00:29.715,1.6339,1.63445,1.00,1.50
2010.01.11 03:00:30.345,1.6339,1.63445,1.00,1.60
2010.01.11 03:00:30.855,1.6339,1.6344,1.00,1.50
2010.01.11 03:00:31.824,1.6339,1.63445,1.00,1.50
2010.01.11 03:00:32.994,1.634,1.63445,1.00,1.50
2010.01.11 03:00:33.334,1.634,1.63455,1.00,3.10
2010.01.11 03:00:33.674,1.634,1.63455,1.00,3.20
2010.01.11 03:00:34.024,1.634,1.63455,1.00,3.10
2010.01.11 03:00:35.954,1.63405,1.63455,1.00,3.10
2010.01.11 03:00:36.643,1.634,1.63455,1.00,3.20
2010.01.11 03:00:36.873,1.634,1.6345,1.00,1.00
2010.01.11 03:00:37.163,1.63385,1.6344,1.00,1.50
2010.01.11 03:00:38.363,1.6339,1.6344,1.00,1.50
2010.01.11 03:00:38.713,1.6338,1.63435,1.00,1.60
2010.01.11 03:00:39.063,1.6338,1.63435,1.00,1.60
2010.01.11 03:00:40.112,1.6339,1.63435,1.00,1.60
2010.01.11 03:00:40.453,1.63385,1.63435,1.00,1.50
2010.01.11 03:00:40.863,1.63385,1.63435,1.00,3.10
2010.01.11 03:00:47.401,1.63385,1.63435,1.00,3.10
2010.01.11 03:00:47.631,1.634,1.63435,1.00,1.50
2010.01.11 03:00:47.801,1.634,1.63445,1.00,1.00
2010.01.11 03:00:48.131,1.634,1.63455,1.00,4.80
2010.01.11 03:00:48.470,1.634,1.63455,1.00,3.20
2010.01.11 03:00:48.870,1.634,1.63455,1.00,3.20
2010.01.11 03:00:49.350,1.63395,1.63445,1.50,1.00
2010.01.11 03:00:49.590,1.6339,1.63445,1.00,1.60
2010.01.11 03:00:51.370,1.634,1.63445,1.00,1.50
2010.01.11 03:00:51.430,1.634,1.63455,1.00,3.60
2010.01.11 03:00:51.490,1.634,1.63455,1.00,4.40
2010.01.11 03:00:51.550,1.634,1.63455,1.00,3.60
2010.01.11 03:00:51.840,1.634,1.6345,1.00,1.50
2010.01.11 03:00:51.900,1.63395,1.6345,1.00,1.50
2010.01.11 03:00:52.759,1.6339,1.63445,1.00,1.50
2010.01.11 03:00:53.100,1.6339,1.63445,1.00,1.60
2010.01.11 03:00:53.379,1.6339,1.63445,1.00,2.00
2010.01.11 03:00:55.649,1.63385,1.63445,2.40,2.00
2010.01.11 03:00:55.869,1.63385,1.63445,1.60,2.00
2010.01.11 03:00:56.039,1.63385,1.63445,1.00,2.00
2010.01.11 03:00:57.068,1.6339,1.63445,1.00,2.00
2010.01.11 03:01:00.308,1.63385,1.63445,1.60,2.00
2010.01.11 03:01:00.947,1.6339,1.63445,1.00,2.00
2010.01.11 03:01:01.247,1.63385,1.63445,1.60,2.00
2010.01.11 03:01:02.447,1.63385,1.63445,1.80,2.00
2010.01.11 03:01:02.977,1.6339,1.63445,1.00,1.60
2010.01.11 03:01:03.507,1.6339,1.6344,1.00,1.50
2010.01.11 03:01:07.066,1.6339,1.6344,1.00,1.90
2010.01.11 03:01:07.296,1.6339,1.63435,1.00,3.50
2010.01.11 03:01:07.526,1.6338,1.63435,1.00,1.60
2010.01.11 03:01:07.706,1.6338,1.63435,1.00,3.20
2010.01.11 03:01:08.176,1.6338,1.63435,1.00,3.60
2010.01.11 03:01:08.706,1.6338,1.63435,1.00,2.00
2010.01.11 03:01:08.985,1.63385,1.63435,1.00,1.90
2010.01.11 03:01:09.286,1.6338,1.63435,1.00,2.00
2010.01.11 03:01:09.566,1.6338,1.63435,1.00,3.60
2010.01.11 03:01:09.855,1.6338,1.63435,1.00,4.40
2010.01.11 03:01:10.935,1.6339,1.63435,1.00,4.40
2010.01.11 03:01:12.005,1.6339,1.63435,1.00,5.20
2010.01.11 03:01:12.245,1.6339,1.6343,1.00,1.00
2010.01.11 03:01:12.655,1.63385,1.6343,1.00,1.00
2010.01.11 03:01:13.005,1.63385,1.6343,1.00,1.90
2010.01.11 03:01:14.315,1.63385,1.6343,1.00,1.00
2010.01.11 03:01:17.983,1.6339,1.63445,1.00,2.00
2010.01.11 03:01:18.324,1.6339,1.6344,1.00,1.00
2010.01.11 03:01:19.883,1.63395,1.6344,1.00,1.00
2010.01.11 03:01:21.052,1.63395,1.6344,1.60,1.00
2010.01.11 03:01:21.403,1.634,1.63445,1.00,1.00
2010.01.11 03:01:21.582,1.63395,1.6344,1.00,1.00
2010.01.11 03:01:24.482,1.6339,1.63445,1.00,1.00
2010.01.11 03:01:25.292,1.63385,1.63435,1.00,1.70
2010.01.11 03:01:25.592,1.63375,1.6343,1.00,1.00
2010.01.11 03:01:25.822,1.6337,1.63425,1.00,1.00
2010.01.11 03:01:26.111,1.63365,1.63425,1.60,1.00
2010.01.11 03:01:26.461,1.63375,1.63425,1.50,1.00
2010.01.11 03:01:26.802,1.63375,1.63425,1.00,1.00
2010.01.11 03:01:27.131,1.6338,1.63425,1.00,1.00
2010.01.11 03:01:27.531,1.63375,1.63425,1.00,1.00
2010.01.11 03:01:27.932,1.6338,1.63425,1.00,1.00
2010.01.11 03:01:28.281,1.6337,1.63425,1.00,1.00
2010.01.11 03:01:28.681,1.6338,1.6342,1.00,1.00
2010.01.11 03:01:28.921,1.6337,1.6342,1.00,1.30
2010.01.11 03:01:29.161,1.6337,1.63415,1.00,1.00
2010.01.11 03:01:29.390,1.6337,1.63415,1.00,1.00
2010.01.11 03:01:29.601,1.63365,1.63415,1.00,1.00
2010.01.11 03:01:29.841,1.63365,1.6341,1.00,1.00
2010.01.11 03:01:30.190,1.6337,1.63405,1.00,1.00
2010.01.11 03:01:30.591,1.63375,1.63405,1.00,1.00
2010.01.11 03:01:30.930,1.63365,1.6341,1.00,1.00
2010.01.11 03:01:31.280,1.63365,1.63415,1.60,1.00
2010.01.11 03:01:31.610,1.63365,1.6341,1.00,1.00
2010.01.11 03:01:31.960,1.6338,1.63415,1.00,1.00
2010.01.11 03:01:32.310,1.63375,1.63425,1.00,1.00
2010.01.11 03:01:32.710,1.63385,1.63425,1.50,1.00
2010.01.11 03:01:33.040,1.6339,1.6344,1.00,1.00
2010.01.11 03:01:33.380,1.6339,1.63445,1.00,1.90
2010.01.11 03:01:33.720,1.6339,1.6344,1.00,1.00
2010.01.11 03:01:34.070,1.6339,1.6344,1.60,1.00
2010.01.11 03:01:34.289,1.634,1.63445,1.60,1.00
2010.01.11 03:01:34.859,1.63395,1.6344,1.00,1.00
2010.01.11 03:01:35.090,1.63395,1.63445,1.00,1.00
2010.01.11 03:01:35.439,1.6339,1.63445,1.00,1.00
2010.01.11 03:01:35.789,1.6339,1.6344,1.00,1.50
2010.01.11 03:01:36.189,1.63395,1.63445,1.00,1.00
2010.01.11 03:01:36.779,1.63395,1.6345,1.00,1.00
2010.01.11 03:01:37.009,1.63405,1.6345,1.00,1.00
2010.01.11 03:01:37.639,1.63395,1.6344,1.00,1.00
2010.01.11 03:01:39.008,1.634,1.6344,1.00,1.00
2010.01.11 03:01:39.248,1.634,1.63445,1.00,1.00
2010.01.11 03:01:39.598,1.63405,1.63455,1.00,5.20
2010.01.11 03:01:40.878,1.634,1.6345,1.00,1.00
2010.01.11 03:01:41.168,1.634,1.63445,1.00,1.00
2010.01.11 03:01:41.628,1.634,1.6345,1.60,1.00
2010.01.11 03:01:41.858,1.63395,1.63445,1.60,1.00
2010.01.11 03:01:42.078,1.63395,1.63445,1.60,1.00
2010.01.11 03:01:42.478,1.6341,1.63455,1.00,1.50
2010.01.11 03:01:42.828,1.63425,1.63465,1.50,1.60
2010.01.11 03:01:43.178,1.63425,1.6347,1.50,1.00
2010.01.11 03:01:43.527,1.6343,1.63475,1.50,2.00
2010.01.11 03:01:43.877,1.63435,1.63475,1.00,2.00
2010.01.11 03:01:44.177,1.6343,1.63475,1.60,2.00
2010.01.11 03:01:44.507,1.6343,1.63475,1.60,1.60
2010.01.11 03:01:44.857,1.6343,1.63475,1.50,1.60
2010.01.11 03:01:45.187,1.63435,1.63475,1.00,1.60
2010.01.11 03:01:45.537,1.6343,1.63475,1.50,1.60
2010.01.11 03:01:45.917,1.63435,1.63475,1.00,1.60
2010.01.11 03:01:46.147,1.6343,1.63475,1.50,1.60
2010.01.11 03:01:46.327,1.63435,1.63475,1.00,1.60
2010.01.11 03:01:47.136,1.63435,1.63475,1.00,2.00
2010.01.11 03:01:47.426,1.63435,1.63475,1.00,1.60
2010.01.11 03:01:49.116,1.6343,1.63475,1.50,1.60
2010.01.11 03:01:49.346,1.63435,1.63475,1.00,1.60
2010.01.11 03:01:49.566,1.63435,1.6348,1.00,1.00
2010.01.11 03:01:51.745,1.6343,1.6348,1.50,1.00
2010.01.11 03:01:51.866,1.63425,1.63475,1.00,1.60
2010.01.11 03:01:53.005,1.6342,1.63475,1.00,2.10
2010.01.11 03:01:54.615,1.63415,1.6347,1.00,1.00
2010.01.11 03:01:54.854,1.63415,1.6347,1.00,1.00
2010.01.11 03:01:55.325,1.63415,1.6347,1.00,2.00
2010.01.11 03:01:56.584,1.6341,1.63465,2.40,1.00
2010.01.11 03:01:56.744,1.6341,1.63465,1.00,1.00
2010.01.11 03:01:57.104,1.6341,1.6346,1.00,1.00
2010.01.11 03:01:58.544,1.63415,1.6346,1.60,1.00
2010.01.11 03:01:58.664,1.63415,1.6347,1.60,1.00
2010.01.11 03:01:58.954,1.63415,1.63465,1.60,1.00
2010.01.11 03:02:00.703,1.6342,1.63465,1.00,1.00
2010.01.11 03:02:00.933,1.6342,1.63465,1.50,1.00
2010.01.11 03:02:01.154,1.6341,1.6346,1.00,1.00
2010.01.11 03:02:01.613,1.6341,1.63465,1.00,1.00
2010.01.11 03:02:02.073,1.63415,1.63465,1.00,1.00
2010.01.11 03:02:02.883,1.63415,1.63465,1.00,1.00
2010.01.11 03:02:04.053,1.6342,1.63465,1.00,1.00
2010.01.11 03:02:10.671,1.63415,1.6346,1.00,1.00
2010.01.11 03:02:11.011,1.6342,1.63465,1.00,1.00
2010.01.11 03:02:12.820,1.63425,1.63465,1.00,1.00
2010.01.11 03:02:13.221,1.63425,1.6347,1.00,1.00
2010.01.11 03:02:15.440,1.6343,1.6347,1.00,1.00
2010.01.11 03:02:16.309,1.63425,1.6347,1.00,1.00
2010.01.11 03:02:16.939,1.6343,1.6347,1.00,1.00
2010.01.11 03:02:17.179,1.6342,1.6347,1.60,1.00
2010.01.11 03:02:18.929,1.6343,1.6347,1.00,1.00
2010.01.11 03:02:19.389,1.6343,1.63475,1.00,1.00
2010.01.11 03:02:19.679,1.6343,1.63475,1.00,2.00
2010.01.11 03:02:19.789,1.6343,1.6347,1.00,1.00
2010.01.11 03:02:21.008,1.63425,1.6347,1.00,1.00
2010.01.11 03:02:21.238,1.6343,1.6347,1.00,1.00
2010.01.11 03:02:21.528,1.63425,1.6347,1.00,1.00
2010.01.11 03:02:24.627,1.6342,1.6347,1.60,1.00
2010.01.11 03:02:25.997,1.6342,1.6347,1.60,1.00
2010.01.11 03:02:26.377,1.6342,1.63475,1.00,2.60
2010.01.11 03:02:26.607,1.6342,1.6346,1.00,1.00
2010.01.11 03:02:27.087,1.63425,1.6346,1.00,1.00
2010.01.11 03:02:27.547,1.63425,1.63465,1.00,1.00
2010.01.11 03:02:29.066,1.63425,1.63465,1.00,1.90
2010.01.11 03:02:29.357,1.63425,1.63455,1.00,1.00
2010.01.11 03:02:29.646,1.6341,1.63455,1.00,1.00
2010.01.11 03:02:30.156,1.6339,1.63455,2.40,1.60
2010.01.11 03:02:30.436,1.6339,1.63445,1.60,1.00
2010.01.11 03:02:30.786,1.63395,1.63445,1.00,1.00
2010.01.11 03:02:31.136,1.6339,1.63445,1.80,1.00
2010.01.11 03:02:31.766,1.63395,1.6344,1.50,1.00
2010.01.11 03:02:31.935,1.6339,1.6344,2.30,2.10
2010.01.11 03:02:32.106,1.6339,1.63435,1.60,1.00
2010.01.11 03:02:32.275,1.63385,1.6344,2.60,1.00
2010.01.11 03:02:33.286,1.6339,1.63445,1.00,1.00
2010.01.11 03:02:33.995,1.63385,1.63435,2.30,1.00
2010.01.11 03:02:34.105,1.6338,1.63435,1.00,1.00
2010.01.11 03:02:34.336,1.63385,1.6344,1.00,1.00
2010.01.11 03:02:35.075,1.63395,1.6344,1.00,1.00
2010.01.11 03:02:35.765,1.63395,1.6345,1.00,1.00
2010.01.11 03:02:36.676,1.63395,1.6345,1.00,1.00
2010.01.11 03:02:36.855,1.634,1.63455,1.00,2.10
2010.01.11 03:02:39.254,1.63405,1.63455,1.00,2.00
2010.01.11 03:02:39.484,1.634,1.63455,1.00,2.10
2010.01.11 03:02:39.884,1.634,1.63455,1.00,1.70
2010.01.11 03:02:40.054,1.63405,1.6346,1.00,2.00
2010.01.11 03:02:40.614,1.63405,1.6346,1.00,1.60
2010.01.11 03:02:41.823,1.63405,1.6346,1.00,2.00
2010.01.11 03:02:42.773,1.6341,1.6346,1.00,1.90
2010.01.11 03:02:43.213,1.63405,1.6346,1.00,2.00
2010.01.11 03:02:43.393,1.63405,1.6345,1.00,1.00
2010.01.11 03:02:43.863,1.63405,1.6345,1.60,1.00
2010.01.11 03:02:44.833,1.63405,1.63445,1.60,1.00
2010.01.11 03:02:45.233,1.63405,1.63445,1.00,1.00
2010.01.11 03:02:45.812,1.63405,1.63445,1.60,1.00
2010.01.11 03:02:48.422,1.63405,1.63455,1.60,1.00
2010.01.11 03:02:48.752,1.63405,1.63455,1.00,1.00
2010.01.11 03:02:49.791,1.63405,1.6345,1.00,1.00
2010.01.11 03:02:51.271,1.63415,1.6345,1.50,1.00
2010.01.11 03:02:51.441,1.63415,1.6347,1.50,2.00
2010.01.11 03:02:51.791,1.63415,1.6347,1.50,1.60
2010.01.11 03:02:52.641,1.6343,1.6347,1.00,1.60
2010.01.11 03:02:52.980,1.6343,1.63475,1.00,1.60
2010.01.11 03:02:53.520,1.63415,1.6346,1.50,1.00
2010.01.11 03:02:53.801,1.6341,1.6346,1.00,1.00
2010.01.11 03:02:54.380,1.63415,1.6346,1.00,1.00
2010.01.11 03:02:54.680,1.6342,1.6346,1.00,1.00
2010.01.11 03:02:54.800,1.6342,1.63465,1.00,1.00
2010.01.11 03:02:55.390,1.6342,1.6346,1.00,1.00
2010.01.11 03:02:55.790,1.6342,1.63465,1.00,1.00
2010.01.11 03:02:56.130,1.6342,1.6347,1.00,1.00
2010.01.11 03:02:57.510,1.63425,1.6347,1.00,1.00
2010.01.11 03:02:57.739,1.63425,1.6347,1.60,1.00
2010.01.11 03:02:58.149,1.63425,1.63475,1.60,2.00
2010.01.11 03:03:00.389,1.63425,1.6347,1.60,1.00
2010.01.11 03:03:02.278,1.6342,1.6347,1.00,1.00
2010.01.11 03:03:02.328,1.63425,1.6347,1.50,1.00
2010.01.11 03:03:02.508,1.6342,1.6347,1.00,1.00
2010.01.11 03:03:02.958,1.6342,1.63465,1.00,1.00
2010.01.11 03:03:04.218,1.63435,1.63485,1.50,1.60
2010.01.11 03:03:04.498,1.63435,1.63485,1.50,1.00
2010.01.11 03:03:04.938,1.63425,1.63485,1.60,1.00
2010.01.11 03:03:05.288,1.6343,1.63475,1.50,1.00
2010.01.11 03:03:05.408,1.63425,1.63475,1.60,1.00
2010.01.11 03:03:05.518,1.63425,1.6347,1.00,1.00
2010.01.11 03:03:06.037,1.6342,1.6347,1.00,1.00
2010.01.11 03:03:09.737,1.6342,1.6347,1.60,1.00
2010.01.11 03:03:09.847,1.6342,1.63465,1.60,1.00
2010.01.11 03:03:10.256,1.6342,1.6347,1.60,1.00
2010.01.11 03:03:10.987,1.6342,1.6347,1.60,1.00
2010.01.11 03:03:14.016,1.63425,1.6347,1.00,1.00
2010.01.11 03:03:14.185,1.63425,1.63465,1.00,1.00
2010.01.11 03:03:14.296,1.6342,1.63465,1.50,1.00
2010.01.11 03:03:14.516,1.63415,1.63465,1.50,1.00
2010.01.11 03:03:16.845,1.63415,1.6346,1.50,1.00
2010.01.11 03:03:17.195,1.63415,1.6346,1.50,1.00
2010.01.11 03:03:17.545,1.63415,1.6346,1.50,1.00
2010.01.11 03:03:18.234,1.63415,1.63455,1.50,1.00
2010.01.11 03:03:20.864,1.6341,1.63455,1.00,1.00
2010.01.11 03:03:24.113,1.6341,1.6346,1.00,1.00
2010.01.11 03:03:24.283,1.63415,1.6346,1.60,1.00
2010.01.11 03:03:25.773,1.63415,1.6346,1.00,1.00
2010.01.11 03:03:28.112,1.6341,1.6346,1.60,1.00
2010.01.11 03:03:28.392,1.63415,1.63465,1.00,2.00
2010.01.11 03:03:28.512,1.6342,1.63465,1.00,1.00
2010.01.11 03:03:30.082,1.6342,1.63465,1.60,1.00
2010.01.11 03:03:30.141,1.6342,1.6347,1.60,1.00
2010.01.11 03:03:30.242,1.63425,1.6347,1.60,1.00
2010.01.11 03:03:31.471,1.63425,1.63475,1.60,1.60
2010.01.11 03:03:34.221,1.63425,1.63475,1.50,1.70
2010.01.11 03:03:34.281,1.6342,1.63475,1.00,1.70
2010.01.11 03:03:38.950,1.63425,1.63475,1.00,1.60
2010.01.11 03:03:42.439,1.63425,1.6348,1.60,1.80
2010.01.11 03:03:42.979,1.6343,1.63475,1.00,1.60
2010.01.11 03:03:43.149,1.6343,1.63485,1.00,1.70
2010.01.11 03:03:43.319,1.63425,1.63475,1.60,1.60
2010.01.11 03:03:43.968,1.63425,1.63475,1.50,1.70
2010.01.11 03:03:46.478,1.63425,1.63475,1.60,1.60
2010.01.11 03:03:47.917,1.63425,1.63475,1.50,1.70
2010.01.11 03:03:48.267,1.6342,1.63475,1.00,1.70
2010.01.11 03:03:48.597,1.63415,1.6347,1.00,1.00
2010.01.11 03:03:48.887,1.6342,1.63475,1.00,1.70
2010.01.11 03:03:52.007,1.63415,1.6347,1.00,1.00
2010.01.11 03:03:53.246,1.6342,1.63475,1.60,1.70
2010.01.11 03:03:53.936,1.63425,1.63475,1.50,1.70
2010.01.11 03:04:00.024,1.63425,1.63475,1.60,1.60
2010.01.11 03:04:00.314,1.63425,1.63475,1.00,1.60
2010.01.11 03:04:00.704,1.6342,1.63475,1.60,1.70
2010.01.11 03:04:01.854,1.6342,1.6347,1.60,1.00
2010.01.11 03:04:03.314,1.63425,1.63475,1.50,1.70
2010.01.11 03:04:03.713,1.63425,1.63475,1.50,1.00
2010.01.11 03:04:04.393,1.63425,1.6348,1.60,1.00
2010.01.11 03:04:11.931,1.63435,1.63485,1.00,1.00
2010.01.11 03:04:12.771,1.63425,1.6347,1.50,1.00
2010.01.11 03:04:13.052,1.6342,1.63465,1.00,1.00
2010.01.11 03:04:14.561,1.63415,1.63465,1.90,1.00
2010.01.11 03:04:14.741,1.6341,1.6347,2.50,1.00
2010.01.11 03:04:17.720,1.63415,1.63465,1.90,1.00
2010.01.11 03:04:17.950,1.6341,1.63465,2.00,1.00
2010.01.11 03:04:18.130,1.6341,1.63465,1.60,1.00
2010.01.11 03:04:19.440,1.63405,1.6346,1.00,1.00
2010.01.11 03:04:19.550,1.634,1.63455,2.00,1.00
2010.01.11 03:04:19.610,1.6341,1.63455,1.50,1.00
2010.01.11 03:04:19.670,1.6341,1.63465,1.60,1.70
2010.01.11 03:04:19.730,1.6341,1.63465,1.00,3.20
2010.01.11 03:04:19.850,1.63405,1.6346,1.00,1.00
2010.01.11 03:04:20.200,1.6341,1.63465,1.00,1.60
2010.01.11 03:04:20.320,1.6341,1.63465,1.60,1.00
2010.01.11 03:04:20.500,1.6341,1.63465,1.00,1.60
2010.01.11 03:04:20.890,1.6341,1.6346,1.00,1.00
2010.01.11 03:04:21.230,1.6341,1.63465,1.60,2.50
2010.01.11 03:04:21.590,1.6341,1.63465,1.60,1.70
2010.01.11 03:04:21.819,1.6341,1.63465,1.60,1.00
2010.01.11 03:04:22.399,1.6341,1.6346,1.50,1.00
2010.01.11 03:04:22.629,1.63405,1.6346,1.00,1.00
2010.01.11 03:04:22.989,1.63405,1.6346,1.00,1.00
2010.01.11 03:04:23.699,1.63405,1.6346,1.00,1.00
2010.01.11 03:04:23.999,1.634,1.6345,1.50,1.00
2010.01.11 03:04:24.299,1.63405,1.6346,1.00,1.00
2010.01.11 03:04:24.929,1.63405,1.6346,1.00,1.00
2010.01.11 03:04:25.158,1.6342,1.6347,1.00,3.20
2010.01.11 03:04:25.389,1.63415,1.6347,1.60,1.70
2010.01.11 03:04:27.898,1.63415,1.6347,1.00,3.20
2010.01.11 03:04:28.138,1.63415,1.6347,1.00,3.20
2010.01.11 03:04:30.527,1.63415,1.6347,1.60,1.70
2010.01.11 03:04:31.167,1.6341,1.63465,1.60,1.00
2010.01.11 03:04:33.626,1.63405,1.6346,1.00,1.60
2010.01.11 03:04:33.856,1.63405,1.6346,1.00,1.50
2010.01.11 03:04:34.086,1.6341,1.63465,1.50,1.00
2010.01.11 03:04:34.956,1.63405,1.63465,1.00,5.30
2010.01.11 03:04:35.066,1.63405,1.6346,1.00,1.50
2010.01.11 03:04:35.186,1.6341,1.63465,1.50,1.00
2010.01.11 03:04:35.696,1.6341,1.6346,1.50,1.00
2010.01.11 03:04:35.806,1.6341,1.63465,1.60,1.00
2010.01.11 03:04:36.146,1.6341,1.63465,1.60,1.70
2010.01.11 03:04:36.496,1.6341,1.6346,1.50,1.00
2010.01.11 03:04:36.896,1.6341,1.63465,1.60,1.70
2010.01.11 03:04:37.865,1.63405,1.6346,1.00,3.10
2010.01.11 03:04:38.155,1.6341,1.63465,1.50,1.70
2010.01.11 03:04:39.185,1.6341,1.63465,1.60,1.70
2010.01.11 03:04:45.403,1.6341,1.6346,1.50,1.00
2010.01.11 03:04:45.513,1.63405,1.6346,1.00,1.60
2010.01.11 03:04:45.674,1.63405,1.6346,1.00,3.20
2010.01.11 03:04:45.903,1.63405,1.6346,1.00,2.40
2010.01.11 03:04:47.063,1.6341,1.63465,1.50,1.70
2010.01.11 03:04:47.933,1.6341,1.63465,1.60,1.70
2010.01.11 03:04:49.313,1.6341,1.63465,1.60,1.00
2010.01.11 03:04:49.533,1.63415,1.6347,1.00,3.60
2010.01.11 03:04:49.703,1.63415,1.6347,1.60,1.00
2010.01.11 03:04:49.992,1.63415,1.6347,1.00,1.00
2010.01.11 03:04:58.510,1.6342,1.6347,1.50,1.00
2010.01.11 03:04:58.620,1.63425,1.63475,1.00,1.60
2010.01.11 03:04:58.800,1.6342,1.63475,1.60,1.70
2010.01.11 03:05:05.838,1.6342,1.63475,1.60,1.00
2010.01.11 03:05:06.249,1.6342,1.6347,1.00,1.00
2010.01.11 03:05:06.368,1.6342,1.63475,1.00,3.20
2010.01.11 03:05:06.548,1.6342,1.6347,1.00,1.00
2010.01.11 03:05:06.888,1.6342,1.63475,1.00,1.70
2010.01.11 03:05:07.178,1.6342,1.6347,1.00,1.00
2010.01.11 03:05:07.568,1.6342,1.63475,1.00,1.70
2010.01.11 03:05:08.578,1.6342,1.6347,1.00,1.00
2010.01.11 03:05:09.618,1.6342,1.63475,1.00,1.70
2010.01.11 03:05:09.738,1.6342,1.6347,1.00,1.00
2010.01.11 03:05:09.858,1.63415,1.6347,2.00,1.00
2010.01.11 03:05:10.558,1.6342,1.63475,1.00,1.70
2010.01.11 03:05:11.048,1.6342,1.63475,1.60,1.70
2010.01.11 03:05:13.217,1.63425,1.63475,1.00,1.60
2010.01.11 03:05:15.847,1.63425,1.6348,1.00,1.60
2010.01.11 03:05:16.656,1.6343,1.63485,1.00,1.70
2010.01.11 03:05:19.645,1.63425,1.6348,1.00,1.60
2010.01.11 03:05:19.825,1.63425,1.6348,1.00,1.60
2010.01.11 03:05:24.854,1.6342,1.6348,2.00,1.50
2010.01.11 03:05:24.914,1.63425,1.63485,1.50,1.60
2010.01.11 03:05:25.424,1.63425,1.63485,1.90,1.60
2010.01.11 03:05:25.923,1.63425,1.63485,2.00,1.60
2010.01.11 03:05:29.063,1.6343,1.63485,1.00,1.60
2010.01.11 03:05:29.692,1.63425,1.63485,2.00,1.60
2010.01.11 03:05:39.060,1.63425,1.63485,1.70,1.00
2010.01.11 03:05:45.509,1.6343,1.63485,1.90,1.00
2010.01.11 03:05:45.569,1.63425,1.63485,2.50,1.60
2010.01.11 03:05:45.629,1.6343,1.63485,1.00,3.20
2010.01.11 03:05:45.689,1.63425,1.63485,2.00,3.20
2010.01.11 03:05:47.088,1.63425,1.6348,2.00,1.00
2010.01.11 03:05:48.078,1.63425,1.6348,1.60,1.00
2010.01.11 03:05:49.868,1.6343,1.63485,1.00,3.60
2010.01.11 03:05:50.098,1.6343,1.63485,1.60,1.00
2010.01.11 03:05:52.797,1.63435,1.6349,1.00,1.00
2010.01.11 03:05:53.087,1.63435,1.6349,1.60,1.00
2010.01.11 03:05:54.127,1.6344,1.6349,1.00,1.00
2010.01.11 03:05:55.636,1.63435,1.63485,1.60,1.00
2010.01.11 03:05:57.426,1.6344,1.63495,1.60,2.10
2010.01.11 03:05:59.216,1.6344,1.63495,1.00,2.10
2010.01.11 03:05:59.865,1.6344,1.6349,1.00,1.00
2010.01.11 03:06:32.917,1.6343,1.63485,2.00,1.00
2010.01.11 03:06:35.417,1.63435,1.63485,1.00,1.00
2010.01.11 03:06:37.037,1.63435,1.6349,1.00,1.00
2010.01.11 03:06:37.376,1.63435,1.63485,1.00,3.10
2010.01.11 03:06:37.606,1.6343,1.6348,1.60,1.00
2010.01.11 03:06:37.777,1.6343,1.6348,1.00,1.60
2010.01.11 03:06:37.946,1.63425,1.63475,1.50,1.00
2010.01.11 03:06:38.176,1.63425,1.6348,1.00,1.60
2010.01.11 03:06:38.686,1.63425,1.6348,1.60,1.00
2010.01.11 03:06:41.765,1.63425,1.63485,1.60,3.10
2010.01.11 03:06:42.155,1.6343,1.6349,1.50,2.00
2010.01.11 03:06:42.845,1.6343,1.6349,1.60,2.00
2010.01.11 03:06:45.025,1.6343,1.63475,1.60,1.60
2010.01.11 03:06:45.084,1.6343,1.63475,1.00,3.10
2010.01.11 03:06:45.315,1.63415,1.63475,1.00,3.10
2010.01.11 03:06:45.485,1.6342,1.63475,1.00,3.10
2010.01.11 03:06:45.654,1.63415,1.63475,1.00,3.10
2010.01.11 03:06:46.285,1.6342,1.63465,1.00,1.50
2010.01.11 03:06:46.634,1.6343,1.63485,1.00,3.20
2010.01.11 03:06:47.334,1.6342,1.63475,1.60,1.00
2010.01.11 03:06:47.684,1.6343,1.6349,1.60,1.60
2010.01.11 03:06:48.014,1.6343,1.63485,1.60,1.60
2010.01.11 03:06:49.503,1.6343,1.63475,1.00,1.90
2010.01.11 03:06:49.564,1.63415,1.63475,1.60,2.00
2010.01.11 03:06:49.803,1.63415,1.63475,1.60,3.60
2010.01.11 03:06:49.923,1.63415,1.63465,1.60,1.60
2010.01.11 03:06:51.043,1.63415,1.63465,1.50,1.70
2010.01.11 03:06:51.503,1.63415,1.63465,1.00,3.10
2010.01.11 03:06:53.272,1.6341,1.63465,1.60,1.60
2010.01.11 03:06:54.333,1.6341,1.63465,1.00,3.20
2010.01.11 03:06:54.842,1.63415,1.63465,1.00,3.10
2010.01.11 03:07:00.641,1.63415,1.63465,1.00,1.50
2010.01.11 03:07:00.811,1.6342,1.63475,1.50,2.50
2010.01.11 03:07:00.981,1.6342,1.63475,1.00,1.50
2010.01.11 03:07:01.271,1.63415,1.6347,1.60,1.00
2010.01.11 03:07:01.620,1.63405,1.63455,1.00,1.50
2010.01.11 03:07:01.900,1.63415,1.63465,1.50,1.00
2010.01.11 03:07:02.230,1.63415,1.6347,1.60,1.00
2010.01.11 03:07:05.580,1.6342,1.6347,1.50,1.00
2010.01.11 03:07:06.229,1.6342,1.63475,1.60,1.00
2010.01.11 03:07:07.269,1.6342,1.6347,1.50,1.00
2010.01.11 03:07:08.069,1.63415,1.6347,1.00,1.00
2010.01.11 03:07:08.359,1.6341,1.63465,2.60,1.00
2010.01.11 03:07:09.658,1.63425,1.6347,1.00,1.50
2010.01.11 03:07:09.768,1.63425,1.63475,1.00,1.70
2010.01.11 03:07:09.888,1.63425,1.63475,1.00,1.00
2010.01.11 03:07:11.478,1.6342,1.63475,1.00,1.60
2010.01.11 03:07:13.148,1.63425,1.6348,1.00,1.60
2010.01.11 03:07:13.488,1.6342,1.63465,1.50,1.00
2010.01.11 03:07:13.657,1.63425,1.6348,1.00,3.20
2010.01.11 03:07:15.467,1.6342,1.63465,1.50,1.00
2010.01.11 03:07:15.577,1.63425,1.6348,1.00,3.20
2010.01.11 03:07:17.447,1.6342,1.63465,1.50,1.00
2010.01.11 03:07:17.686,1.63425,1.6348,1.00,3.20
2010.01.11 03:07:25.945,1.6342,1.63475,1.60,1.00
2010.01.11 03:07:26.285,1.6342,1.6347,1.00,1.50
2010.01.11 03:07:27.754,1.634,1.6345,1.00,1.60
2010.01.11 03:07:28.034,1.6339,1.6345,1.00,1.50
2010.01.11 03:07:28.324,1.6338,1.6344,1.00,1.50
2010.01.11 03:07:29.764,1.63385,1.6343,1.00,1.50
2010.01.11 03:07:30.413,1.63385,1.6343,1.00,1.60
2010.01.11 03:07:30.763,1.6337,1.6341,1.00,1.00
2010.01.11 03:07:31.163,1.6337,1.6342,1.00,1.50
2010.01.11 03:07:31.503,1.63365,1.63415,1.00,1.50
2010.01.11 03:07:33.833,1.63355,1.634,1.00,1.60
2010.01.11 03:07:34.573,1.63365,1.63405,1.00,5.90
2010.01.11 03:07:34.802,1.6336,1.63405,1.00,1.50
2010.01.11 03:07:37.742,1.63365,1.63405,1.00,5.90
2010.01.11 03:07:38.591,1.6336,1.63405,1.00,5.90
2010.01.11 03:07:38.821,1.6336,1.634,1.00,1.50
2010.01.11 03:07:39.901,1.6336,1.6341,1.00,1.00
2010.01.11 03:07:40.141,1.6335,1.63395,1.00,1.00
2010.01.11 03:07:40.261,1.6336,1.6339,1.00,1.00
2010.01.11 03:07:40.422,1.6336,1.6338,1.00,1.00
2010.01.11 03:07:40.531,1.6336,1.63415,1.00,1.50
2010.01.11 03:07:40.711,1.63355,1.63415,1.00,1.60
2010.01.11 03:07:40.811,1.63355,1.6341,1.00,1.50
2010.01.11 03:07:40.981,1.63365,1.6341,1.00,1.50
2010.01.11 03:07:41.101,1.63365,1.63415,1.00,1.50
2010.01.11 03:07:42.151,1.6337,1.63405,1.00,1.50
2010.01.11 03:07:42.671,1.63385,1.6342,1.00,1.00
2010.01.11 03:07:42.961,1.6337,1.63415,1.00,1.50
2010.01.11 03:07:43.200,1.6337,1.63405,1.00,1.60
2010.01.11 03:07:44.520,1.6337,1.6341,1.00,1.50
2010.01.11 03:07:45.170,1.6337,1.63405,1.00,1.60
2010.01.11 03:07:46.390,1.6338,1.63425,1.00,2.00
2010.01.11 03:07:46.620,1.6338,1.63425,1.00,3.20
2010.01.11 03:07:46.789,1.6338,1.63425,1.00,1.60
2010.01.11 03:07:50.229,1.6338,1.63425,1.00,1.50
2010.01.11 03:07:50.399,1.6338,1.6343,1.00,1.60
2010.01.11 03:07:51.448,1.6338,1.63425,1.00,1.60
2010.01.11 03:07:52.088,1.6338,1.63425,1.00,1.70
2010.01.11 03:07:56.317,1.63385,1.63425,1.00,1.60
2010.01.11 03:07:56.667,1.63385,1.63435,1.00,1.60
2010.01.11 03:07:56.887,1.63385,1.63445,1.00,3.20
2010.01.11 03:07:57.117,1.6339,1.63445,1.00,3.10
2010.01.11 03:07:57.357,1.6339,1.63445,1.00,1.60
2010.01.11 03:07:58.936,1.63395,1.63445,1.00,1.60
2010.01.11 03:08:01.256,1.6339,1.6343,1.00,3.50
2010.01.11 03:08:01.546,1.6338,1.6343,1.00,3.50
2010.01.11 03:08:01.836,1.6337,1.63425,1.50,1.60
2010.01.11 03:08:02.126,1.63375,1.63405,1.00,1.00
2010.01.11 03:08:02.416,1.63375,1.6341,1.00,1.00
2010.01.11 03:08:02.696,1.63385,1.63415,1.00,1.60
2010.01.11 03:08:02.986,1.63385,1.6342,1.00,1.60
2010.01.11 03:08:03.266,1.63385,1.63425,1.00,1.60
2010.01.11 03:08:04.175,1.6339,1.6343,1.00,1.60
2010.01.11 03:08:04.405,1.6339,1.63435,1.00,2.40
2010.01.11 03:08:04.685,1.6339,1.63435,1.00,1.60
2010.01.11 03:08:04.905,1.6339,1.63435,1.00,1.70
2010.01.11 03:08:05.655,1.63395,1.63435,1.00,1.60
2010.01.11 03:08:05.875,1.63395,1.63445,1.00,4.80
2010.01.11 03:08:06.225,1.63385,1.6344,1.00,1.00
2010.01.11 03:08:06.985,1.6338,1.63435,1.00,1.60
2010.01.11 03:08:07.944,1.63385,1.63435,1.00,1.90
2010.01.11 03:08:12.793,1.6339,1.6344,1.00,1.60
2010.01.11 03:08:14.983,1.63395,1.6344,1.00,1.60
2010.01.11 03:08:28.859,1.63395,1.63435,1.00,1.50
2010.01.11 03:08:29.159,1.6339,1.63435,1.00,1.60
2010.01.11 03:08:31.949,1.6339,1.63425,1.00,1.50
2010.01.11 03:08:32.288,1.63375,1.63425,1.60,1.00
2010.01.11 03:08:32.569,1.6338,1.63415,1.00,1.50
2010.01.11 03:08:32.849,1.6338,1.63425,1.00,1.60
2010.01.11 03:08:33.138,1.6338,1.6342,1.00,1.50
2010.01.11 03:08:38.177,1.6336,1.634,1.00,1.50
2010.01.11 03:08:39.697,1.6337,1.6341,1.00,2.30
2010.01.11 03:08:39.987,1.6337,1.6341,1.00,1.50
2010.01.11 03:08:40.097,1.6336,1.634,1.00,1.50
2010.01.11 03:08:40.447,1.6336,1.6341,1.00,3.10
2010.01.11 03:08:40.667,1.6336,1.6341,1.00,1.50
2010.01.11 03:08:41.346,1.6337,1.6341,1.00,1.50
2010.01.11 03:08:45.635,1.63355,1.63395,1.00,1.50
2010.01.11 03:08:46.026,1.6336,1.63395,1.00,1.50
2010.01.11 03:08:46.195,1.6336,1.63405,1.00,7.60
2010.01.11 03:08:46.375,1.63365,1.634,1.00,1.00
2010.01.11 03:08:46.535,1.63375,1.63405,1.00,7.50
2010.01.11 03:08:46.836,1.6338,1.6341,1.00,1.60
2010.01.11 03:08:47.115,1.63375,1.63415,1.00,2.30
2010.01.11 03:08:47.355,1.63375,1.63415,1.00,3.10
2010.01.11 03:08:48.485,1.63375,1.63415,1.00,1.50
2010.01.11 03:08:49.654,1.63375,1.63415,1.00,4.70
2010.01.11 03:08:49.884,1.6336,1.63405,1.00,1.00
2010.01.11 03:08:53.313,1.63375,1.63415,1.00,1.50
2010.01.11 03:08:53.774,1.63385,1.63425,1.00,1.60
2010.01.11 03:08:55.264,1.63375,1.6341,1.00,1.00
2010.01.11 03:08:55.444,1.63375,1.63405,1.00,4.40
2010.01.11 03:08:55.733,1.63375,1.6342,1.00,1.60
2010.01.11 03:08:55.833,1.6337,1.6342,1.00,1.00
2010.01.11 03:08:56.013,1.6337,1.6342,1.60,1.00
2010.01.11 03:08:56.123,1.6337,1.63415,1.00,1.60
2010.01.11 03:08:56.293,1.6337,1.63415,1.00,1.60
2010.01.11 03:08:56.653,1.6337,1.63415,1.00,3.10
2010.01.11 03:08:57.683,1.6337,1.63415,1.00,1.50
2010.01.11 03:08:57.923,1.63375,1.63415,1.00,1.50
2010.01.11 03:08:58.202,1.63375,1.63415,1.00,3.10
2010.01.11 03:08:59.882,1.63365,1.63405,1.20,1.00
2010.01.11 03:08:59.932,1.6336,1.63405,1.00,1.00
2010.01.11 03:09:00.052,1.63375,1.63405,1.00,1.50
2010.01.11 03:09:00.112,1.63375,1.63405,1.00,4.40
2010.01.11 03:09:00.392,1.63375,1.63415,1.00,1.50
2010.01.11 03:09:00.622,1.63375,1.6342,1.00,1.70
2010.01.11 03:09:00.971,1.63385,1.63425,1.00,3.90
2010.01.11 03:09:01.332,1.63385,1.63425,1.00,3.10
2010.01.11 03:09:05.641,1.63385,1.63425,1.00,1.50
2010.01.11 03:09:05.811,1.63385,1.6343,1.00,3.10
2010.01.11 03:09:06.090,1.63385,1.63425,1.00,1.60
2010.01.11 03:09:06.760,1.6338,1.63425,1.00,1.50
2010.01.11 03:09:10.090,1.6338,1.6343,1.00,1.50
2010.01.11 03:09:12.749,1.6338,1.6343,1.00,3.10
2010.01.11 03:09:16.658,1.6338,1.6343,1.00,3.90
2010.01.11 03:09:20.147,1.63375,1.63425,1.00,1.50
2010.01.11 03:09:20.617,1.63385,1.63425,1.00,1.50
2010.01.11 03:09:20.847,1.63385,1.6343,1.00,2.30
2010.01.11 03:09:20.967,1.63385,1.6343,1.00,3.10
2010.01.11 03:09:21.727,1.63385,1.63435,1.00,3.10
2010.01.11 03:09:22.067,1.6338,1.63435,1.00,3.10
2010.01.11 03:09:22.356,1.6338,1.6343,1.00,1.50
2010.01.11 03:09:22.636,1.63385,1.63435,1.00,3.10
2010.01.11 03:09:23.896,1.6338,1.63435,1.00,3.10
2010.01.11 03:09:32.114,1.6339,1.63435,1.00,1.60
2010.01.11 03:09:33.324,1.63395,1.63435,1.00,1.60
2010.01.11 03:09:38.413,1.63395,1.63445,1.60,1.60
2010.01.11 03:09:38.773,1.63395,1.63445,1.00,1.60
2010.01.11 03:09:39.132,1.63395,1.63435,1.00,1.60
2010.01.11 03:09:39.362,1.63395,1.63445,1.00,1.60
2010.01.11 03:09:39.592,1.63395,1.63435,1.00,1.60
2010.01.11 03:09:39.822,1.63395,1.63445,1.00,1.60
2010.01.11 03:09:40.652,1.63395,1.63435,1.00,1.60
2010.01.11 03:09:42.052,1.6338,1.63435,2.00,1.60
2010.01.11 03:09:42.382,1.6338,1.6343,1.00,1.50
2010.01.11 03:09:42.442,1.6338,1.6343,1.00,2.30
2010.01.11 03:09:42.502,1.6338,1.6343,1.00,3.10
2010.01.11 03:09:42.742,1.6338,1.6343,1.00,2.30
2010.01.11 03:09:42.802,1.6338,1.6343,1.00,1.50
2010.01.11 03:09:49.300,1.6338,1.63425,1.00,2.40
2010.01.11 03:09:49.530,1.6338,1.6343,1.00,1.50
2010.01.11 03:09:53.439,1.6338,1.63435,1.00,3.20
2010.01.11 03:09:53.719,1.6339,1.6344,1.00,2.30
2010.01.11 03:09:54.079,1.6339,1.6344,1.00,1.50
2010.01.11 03:09:57.148,1.63385,1.6343,1.00,1.50
2010.01.11 03:09:57.378,1.6338,1.6343,1.00,1.50
2010.01.11 03:09:57.538,1.63385,1.6343,1.00,1.50
2010.01.11 03:09:57.888,1.63375,1.63425,1.00,1.50
2010.01.11 03:09:58.128,1.6337,1.63425,1.00,3.20
2010.01.11 03:09:58.308,1.6337,1.6342,1.00,1.50
2010.01.11 03:09:59.898,1.63375,1.6342,1.00,1.50
2010.01.11 03:10:02.087,1.6337,1.63415,1.00,1.50
2010.01.11 03:10:02.377,1.63365,1.63415,1.00,1.50
2010.01.11 03:10:02.837,1.63365,1.63415,1.00,1.50
2010.01.11 03:10:03.297,1.63365,1.6341,1.00,1.50
2010.01.11 03:10:04.826,1.63365,1.6341,1.00,1.60
2010.01.11 03:10:06.206,1.63365,1.63405,1.00,1.00
2010.01.11 03:10:06.556,1.63365,1.63405,1.00,1.60
2010.01.11 03:10:07.536,1.63375,1.63405,1.00,1.60
2010.01.11 03:10:07.636,1.63365,1.63405,1.00,1.00
2010.01.11 03:10:07.925,1.6338,1.63405,1.00,1.00
2010.01.11 03:10:08.276,1.6338,1.63415,1.00,1.60
2010.01.11 03:10:08.625,1.6338,1.63425,1.00,1.60
2010.01.11 03:10:08.965,1.6338,1.63415,1.00,1.00
2010.01.11 03:10:09.645,1.6338,1.63415,1.00,1.60
2010.01.11 03:10:11.285,1.6338,1.6343,1.00,3.10
2010.01.11 03:10:11.994,1.63385,1.6343,1.00,3.10
2010.01.11 03:10:13.604,1.63375,1.6342,1.00,1.50
2010.01.11 03:10:19.123,1.6336,1.63405,1.00,1.50
2010.01.11 03:10:20.463,1.63365,1.63405,1.00,1.50
2010.01.11 03:10:20.752,1.63365,1.6341,1.00,1.00
2010.01.11 03:10:20.922,1.63365,1.63405,1.00,1.50
2010.01.11 03:10:21.103,1.6337,1.63415,1.00,2.40
2010.01.11 03:10:21.222,1.6337,1.6341,1.00,1.00
2010.01.11 03:10:21.753,1.63365,1.63405,1.00,1.50
2010.01.11 03:10:21.982,1.6336,1.634,1.00,1.50
2010.01.11 03:10:22.272,1.6336,1.63405,1.00,1.50
2010.01.11 03:10:24.331,1.63365,1.63405,1.00,1.50
2010.01.11 03:10:29.810,1.6335,1.634,1.00,1.00
2010.01.11 03:10:30.050,1.63345,1.63395,1.00,2.30
2010.01.11 03:10:30.220,1.63345,1.6339,1.00,1.50
2010.01.11 03:10:31.400,1.6335,1.6339,1.00,1.50
2010.01.11 03:10:31.630,1.63355,1.634,1.00,1.50
2010.01.11 03:10:32.210,1.6336,1.634,1.00,1.50
2010.01.11 03:10:32.440,1.6336,1.63405,1.00,1.50
2010.01.11 03:10:32.610,1.6336,1.6341,1.00,1.60
2010.01.11 03:10:32.880,1.63365,1.63415,1.00,6.00
2010.01.11 03:10:33.110,1.6337,1.6341,1.00,1.50
2010.01.11 03:10:34.010,1.63365,1.63415,1.00,2.40
2010.01.11 03:10:34.360,1.63365,1.63415,1.00,1.60
2010.01.11 03:10:34.639,1.6336,1.6341,1.00,1.60
2010.01.11 03:10:34.989,1.63365,1.63415,1.00,1.60
2010.01.11 03:10:35.919,1.63365,1.6341,1.00,1.00
2010.01.11 03:10:36.309,1.6336,1.6341,1.00,1.00
2010.01.11 03:10:36.429,1.6336,1.6341,1.00,1.60
2010.01.11 03:10:38.028,1.6336,1.63405,1.00,1.00
2010.01.11 03:10:38.838,1.6336,1.63405,1.00,1.60
2010.01.11 03:10:39.188,1.63355,1.634,1.00,1.00
2010.01.11 03:10:39.528,1.63355,1.634,1.00,1.00
2010.01.11 03:10:39.868,1.63355,1.63405,1.00,2.60
2010.01.11 03:10:40.528,1.6336,1.63405,1.00,1.60
2010.01.11 03:10:40.828,1.63355,1.634,1.00,1.00
2010.01.11 03:10:42.947,1.63355,1.63395,1.00,1.50
2010.01.11 03:10:43.297,1.6335,1.63395,1.00,1.50
2010.01.11 03:10:43.987,1.63355,1.63395,1.00,1.50
2010.01.11 03:10:46.656,1.63355,1.63405,1.00,1.60
2010.01.11 03:10:46.896,1.63355,1.63405,1.00,2.40
2010.01.11 03:10:47.306,1.63355,1.63405,1.00,1.60
2010.01.11 03:10:47.876,1.63355,1.634,1.00,1.00
2010.01.11 03:10:48.606,1.63355,1.634,1.00,1.60
2010.01.11 03:10:54.604,1.6336,1.63405,1.00,6.00
2010.01.11 03:10:55.474,1.6336,1.63405,1.00,8.40
2010.01.11 03:10:55.644,1.63345,1.6339,1.00,1.00
2010.01.11 03:10:55.884,1.63345,1.63385,1.00,4.40
2010.01.11 03:10:56.244,1.6335,1.63385,1.00,4.40
2010.01.11 03:10:56.584,1.63345,1.6339,1.00,1.50
2010.01.11 03:10:56.934,1.63345,1.63385,1.00,4.40
2010.01.11 03:10:57.284,1.63355,1.6339,1.00,1.50
2010.01.11 03:10:57.404,1.63355,1.6339,1.00,1.50
2010.01.11 03:10:57.574,1.63355,1.63395,1.00,1.50
2010.01.11 03:11:00.203,1.6335,1.6339,1.00,1.50
2010.01.11 03:11:00.503,1.6335,1.634,1.00,2.40
2010.01.11 03:11:00.613,1.63345,1.63395,1.00,1.00
2010.01.11 03:11:02.022,1.6335,1.634,1.00,1.60
2010.01.11 03:11:02.143,1.6335,1.6339,1.00,1.50
2010.01.11 03:11:02.442,1.6335,1.6339,1.00,1.50
2010.01.11 03:11:03.552,1.6335,1.6339,1.00,1.50
2010.01.11 03:11:03.912,1.6334,1.6339,1.00,1.50
2010.01.11 03:11:05.072,1.6334,1.63385,1.00,1.00
2010.01.11 03:11:09.271,1.6333,1.63375,1.00,1.50
2010.01.11 03:11:10.411,1.63335,1.63375,1.00,1.50
2010.01.11 03:11:12.110,1.63335,1.6338,1.00,1.60
2010.01.11 03:11:12.390,1.63335,1.63385,1.00,7.50
2010.01.11 03:11:12.560,1.63335,1.63385,1.00,3.10
2010.01.11 03:11:12.860,1.63345,1.63385,1.00,3.10
2010.01.11 03:11:13.840,1.6334,1.63385,1.00,3.20
2010.01.11 03:11:19.048,1.6335,1.6339,1.00,1.60
2010.01.11 03:11:19.398,1.63345,1.63395,1.00,1.50
2010.01.11 03:11:20.418,1.63345,1.63395,1.00,1.60
2010.01.11 03:11:21.968,1.6335,1.63395,1.00,1.60
2010.01.11 03:11:22.378,1.6335,1.63395,1.00,1.00
2010.01.11 03:11:27.197,1.6334,1.6338,1.00,1.00
2010.01.11 03:11:27.316,1.63335,1.6338,1.00,1.00
2010.01.11 03:11:27.436,1.63335,1.6338,1.00,1.60
2010.01.11 03:11:27.556,1.63335,1.6338,1.00,1.00
2010.01.11 03:11:27.727,1.63345,1.6339,1.00,1.60
2010.01.11 03:11:27.896,1.6335,1.63395,1.00,3.20
2010.01.11 03:11:28.426,1.6335,1.63395,1.00,2.40
2010.01.11 03:11:29.116,1.6335,1.63395,1.00,1.60
2010.01.11 03:11:29.976,1.6335,1.6339,1.00,1.50
2010.01.11 03:11:30.556,1.63345,1.6339,1.00,1.50
2010.01.11 03:11:30.676,1.6335,1.6339,1.00,1.50
2010.01.11 03:11:30.966,1.6335,1.63395,1.00,2.30
2010.01.11 03:11:31.146,1.6335,1.63395,1.00,1.50
2010.01.11 03:11:32.925,1.63355,1.63395,1.00,1.50
2010.01.11 03:11:34.085,1.6336,1.6341,1.00,3.20
2010.01.11 03:11:34.795,1.6336,1.6341,1.00,1.60
2010.01.11 03:11:36.185,1.63355,1.63405,1.00,1.00
2010.01.11 03:11:36.414,1.6335,1.634,1.00,1.60
2010.01.11 03:11:37.334,1.63355,1.63395,1.00,1.50
2010.01.11 03:11:38.893,1.63355,1.634,1.00,1.50
2010.01.11 03:11:39.614,1.6336,1.6341,1.00,1.50
2010.01.11 03:11:45.032,1.6336,1.63415,1.00,3.10
2010.01.11 03:11:45.362,1.6336,1.6341,1.00,1.50
2010.01.11 03:11:47.252,1.6336,1.63415,1.00,3.10
2010.01.11 03:11:47.972,1.6336,1.63415,1.00,3.90
2010.01.11 03:11:48.032,1.6336,1.63415,1.00,3.10
2010.01.11 03:11:48.801,1.63355,1.63395,1.00,2.00
2010.01.11 03:11:49.151,1.63355,1.63405,1.00,1.50
2010.01.11 03:11:49.481,1.63345,1.634,1.00,2.30
2010.01.11 03:11:49.771,1.63355,1.634,1.00,1.60
2010.01.11 03:11:50.061,1.6335,1.634,1.80,1.00
2010.01.11 03:11:50.301,1.63355,1.63405,1.00,1.00
2010.01.11 03:11:50.421,1.63355,1.6341,1.00,3.20
2010.01.11 03:11:51.011,1.6336,1.6341,1.00,2.30
2010.01.11 03:11:53.430,1.63365,1.6341,1.00,2.30
2010.01.11 03:11:53.780,1.63365,1.63415,1.00,1.60
2010.01.11 03:11:54.120,1.63365,1.63415,1.00,4.00
2010.01.11 03:11:54.470,1.63365,1.63415,1.00,3.20
2010.01.11 03:11:55.970,1.63365,1.63415,1.00,4.00
2010.01.11 03:11:56.140,1.63365,1.63415,1.00,3.20
2010.01.11 03:11:58.739,1.63355,1.634,1.00,1.00
2010.01.11 03:11:59.139,1.6336,1.63405,1.00,1.50
2010.01.11 03:11:59.469,1.6335,1.634,1.00,1.60
2010.01.11 03:11:59.828,1.63355,1.634,1.00,1.50
2010.01.11 03:12:00.528,1.63355,1.634,1.00,2.30
2010.01.11 03:12:01.149,1.6336,1.634,1.00,1.50
2010.01.11 03:12:03.528,1.6336,1.6341,1.00,1.60
2010.01.11 03:12:03.758,1.6336,1.6341,1.00,2.40
2010.01.11 03:12:12.926,1.63365,1.63405,1.00,1.50
2010.01.11 03:12:15.225,1.63355,1.634,1.00,1.00
2010.01.11 03:12:15.345,1.63355,1.634,1.00,1.60
2010.01.11 03:12:15.515,1.63365,1.634,1.00,1.50
2010.01.11 03:12:18.294,1.63365,1.63405,1.00,1.50
2010.01.11 03:12:18.524,1.6336,1.63405,1.00,1.50
2010.01.11 03:12:37.820,1.6337,1.63415,1.00,1.50
2010.01.11 03:12:38.219,1.6337,1.63415,1.00,2.30
2010.01.11 03:12:38.279,1.6337,1.63415,1.00,1.50
2010.01.11 03:12:55.145,1.63365,1.63415,1.00,1.50
2010.01.11 03:12:55.326,1.63365,1.6342,1.00,1.60
2010.01.11 03:12:55.495,1.63365,1.6342,1.00,2.40
2010.01.11 03:12:57.625,1.63365,1.6342,1.00,1.60
2010.01.11 03:12:59.954,1.63365,1.63415,1.00,3.10
2010.01.11 03:13:00.194,1.63365,1.63415,1.00,1.50
2010.01.11 03:13:14.351,1.6336,1.63415,1.00,1.50
2010.01.11 03:13:14.640,1.63365,1.63415,1.00,1.50
2010.01.11 03:13:15.500,1.6337,1.63415,1.00,1.50
2010.01.11 03:13:17.130,1.6337,1.6342,1.00,1.50
2010.01.11 03:13:17.350,1.63365,1.6342,1.00,1.50
2010.01.11 03:13:17.590,1.63365,1.63415,1.00,1.50
2010.01.11 03:13:18.170,1.6337,1.63415,1.00,1.50
2010.01.11 03:13:20.449,1.63365,1.63415,1.00,1.50
2010.01.11 03:13:20.509,1.63365,1.6342,1.00,1.60
2010.01.11 03:13:22.049,1.6337,1.6342,1.00,1.50
2010.01.11 03:13:23.539,1.63375,1.6342,1.00,1.50
2010.01.11 03:13:23.718,1.63375,1.63425,1.00,1.00
2010.01.11 03:13:23.938,1.63375,1.6343,1.00,3.20
2010.01.11 03:13:24.698,1.6337,1.6342,1.00,1.50
2010.01.11 03:13:26.328,1.6337,1.6342,1.00,2.30
2010.01.11 03:13:26.488,1.6337,1.6342,1.00,1.50
2010.01.11 03:13:29.477,1.63365,1.6342,1.00,1.50
2010.01.11 03:13:31.387,1.63365,1.63415,1.00,1.50
2010.01.11 03:13:32.206,1.6337,1.63415,1.00,1.50
2010.01.11 03:13:32.506,1.63365,1.63415,1.00,1.50
2010.01.11 03:13:32.796,1.6337,1.63415,1.00,1.50
2010.01.11 03:13:34.996,1.63365,1.63415,1.00,1.50
2010.01.11 03:13:35.106,1.6337,1.63415,1.00,1.50
2010.01.11 03:13:42.034,1.6337,1.63415,1.00,3.10
2010.01.11 03:13:42.264,1.63355,1.634,1.00,1.50
2010.01.11 03:13:42.484,1.63365,1.634,1.00,1.50
2010.01.11 03:13:42.714,1.6336,1.634,1.00,1.50
2010.01.11 03:13:43.044,1.63355,1.634,1.00,3.10
2010.01.11 03:13:43.334,1.63355,1.634,1.00,1.50
2010.01.11 03:13:45.063,1.6335,1.63405,1.00,1.50
2010.01.11 03:13:46.643,1.6336,1.63405,1.00,1.50
2010.01.11 03:13:46.813,1.6336,1.63415,1.00,3.90
2010.01.11 03:13:47.283,1.6336,1.63415,1.00,3.10
2010.01.11 03:13:47.983,1.6335,1.63405,1.00,1.50
2010.01.11 03:13:48.223,1.63355,1.63405,1.00,1.50
2010.01.11 03:13:48.732,1.6336,1.63405,1.00,1.50
2010.01.11 03:13:52.182,1.6336,1.63405,1.00,3.10
2010.01.11 03:13:52.302,1.6336,1.63405,1.00,1.50
2010.01.11 03:13:53.161,1.6336,1.6341,1.00,1.60
2010.01.11 03:13:54.891,1.63365,1.6341,1.00,1.60
2010.01.11 03:14:00.590,1.6336,1.6341,1.00,1.60
2010.01.11 03:14:00.760,1.6336,1.63405,1.00,1.50
2010.01.11 03:14:01.220,1.6336,1.6341,1.00,1.50
2010.01.11 03:14:01.460,1.63365,1.6342,1.00,1.60
2010.01.11 03:14:01.692,1.6336,1.63415,1.60,1.00
2010.01.11 03:14:01.909,1.6336,1.63415,1.00,1.00
2010.01.11 03:14:02.259,1.6336,1.6341,1.00,1.50
2010.01.11 03:14:02.959,1.6336,1.63415,1.00,1.00
2010.01.11 03:14:03.289,1.6336,1.6341,1.00,1.60
2010.01.11 03:14:06.828,1.63365,1.63415,1.00,1.00
2010.01.11 03:14:07.178,1.6336,1.6341,1.00,1.60
2010.01.11 03:14:07.448,1.63365,1.6341,1.00,1.50
2010.01.11 03:14:07.678,1.6336,1.6341,1.00,1.60
2010.01.11 03:14:09.487,1.6336,1.6341,1.00,2.40
2010.01.11 03:14:10.177,1.6336,1.6341,1.00,1.60
2010.01.11 03:14:28.333,1.6336,1.63415,1.50,1.60
2010.01.11 03:14:28.513,1.6336,1.6342,1.50,1.50
2010.01.11 03:14:28.923,1.63355,1.6341,1.00,1.50
2010.01.11 03:14:29.953,1.6336,1.6341,1.00,1.50
2010.01.11 03:14:43.449,1.6337,1.6341,1.00,1.50
2010.01.11 03:14:43.789,1.6337,1.6342,1.00,1.50
2010.01.11 03:14:45.209,1.63365,1.6342,1.00,1.50
2010.01.11 03:14:46.868,1.6337,1.6342,1.00,1.50
2010.01.11 03:14:49.478,1.63365,1.63415,1.00,1.50
2010.01.11 03:14:49.838,1.63365,1.63415,1.00,3.10
2010.01.11 03:14:57.396,1.6336,1.63415,1.00,3.10
2010.01.11 03:14:57.746,1.6336,1.63415,1.00,1.50
2010.01.11 03:14:58.086,1.63355,1.63415,1.60,3.10
2010.01.11 03:14:58.366,1.63355,1.6341,1.00,1.50
2010.01.11 03:14:59.976,1.6336,1.6341,1.00,1.50
2010.01.11 03:15:05.244,1.6336,1.63415,1.00,3.10
2010.01.11 03:15:05.604,1.6336,1.63415,1.00,1.50
2010.01.11 03:15:05.894,1.6336,1.6341,1.00,1.50
2010.01.11 03:15:15.372,1.6337,1.6341,1.00,1.50
2010.01.11 03:15:15.711,1.6337,1.6342,1.00,1.50
2010.01.11 03:15:19.980,1.6338,1.6343,1.00,1.50
2010.01.11 03:15:22.630,1.63385,1.6343,1.00,1.50
2010.01.11 03:15:23.100,1.63385,1.6344,1.00,2.30
2010.01.11 03:15:23.210,1.6339,1.6343,1.00,1.50
2010.01.11 03:15:23.270,1.6338,1.6343,1.00,1.50
2010.01.11 03:15:23.500,1.6339,1.63435,1.00,1.50
2010.01.11 03:15:23.610,1.6339,1.6343,1.00,1.50
2010.01.11 03:15:23.670,1.6338,1.6343,1.00,1.50
2010.01.11 03:15:24.170,1.6339,1.6344,1.00,1.50
2010.01.11 03:15:24.519,1.6338,1.6343,1.00,1.50
2010.01.11 03:15:24.900,1.6339,1.63435,1.00,1.50
2010.01.11 03:15:28.198,1.63385,1.6343,1.00,1.50
2010.01.11 03:15:28.488,1.6338,1.6343,1.00,1.50
2010.01.11 03:15:30.088,1.6337,1.6342,1.00,1.50
2010.01.11 03:15:33.927,1.63375,1.63425,1.50,1.60
2010.01.11 03:15:34.227,1.6338,1.63435,1.00,3.10
2010.01.11 03:15:34.557,1.6338,1.6343,1.00,1.50
2010.01.11 03:15:36.177,1.6339,1.6344,1.50,1.00
2010.01.11 03:15:36.297,1.6339,1.63445,1.50,6.50
2010.01.11 03:15:36.687,1.6338,1.63435,1.00,1.90
2010.01.11 03:15:37.016,1.63385,1.63435,1.00,1.50
2010.01.11 03:15:41.396,1.6338,1.63435,1.00,1.50
2010.01.11 03:15:41.575,1.63375,1.63425,1.50,1.00
2010.01.11 03:15:41.935,1.63365,1.63415,1.00,1.50
2010.01.11 03:15:43.375,1.6337,1.63415,1.00,1.50
2010.01.11 03:15:43.595,1.6337,1.63415,1.00,1.90
2010.01.11 03:15:45.045,1.63365,1.63415,1.00,1.00
2010.01.11 03:15:45.335,1.6336,1.6341,1.00,1.90
2010.01.11 03:15:46.244,1.63365,1.6341,1.00,1.90
2010.01.11 03:15:48.074,1.63365,1.6341,1.00,1.00
2010.01.11 03:15:48.294,1.6336,1.6341,1.00,1.00
2010.01.11 03:15:49.043,1.6336,1.6341,1.60,1.00
2010.01.11 03:15:49.393,1.6338,1.6342,1.00,1.00
2010.01.11 03:15:49.723,1.63375,1.63425,1.00,3.50
2010.01.11 03:15:50.073,1.63375,1.63425,1.00,4.30
2010.01.11 03:15:50.253,1.63375,1.63425,1.00,5.10
2010.01.11 03:15:50.373,1.63375,1.63425,1.00,4.30
2010.01.11 03:15:50.543,1.63375,1.63425,1.00,3.50
2010.01.11 03:15:53.742,1.63375,1.63415,1.00,1.50
2010.01.11 03:15:53.972,1.63365,1.63415,1.00,1.50
2010.01.11 03:15:54.182,1.63365,1.6341,1.00,1.00
2010.01.11 03:15:55.782,1.63365,1.6341,1.00,1.90
2010.01.11 03:15:55.902,1.6337,1.6341,1.00,1.90
2010.01.11 03:15:56.012,1.6337,1.6341,1.00,1.50
2010.01.11 03:15:56.122,1.6337,1.63415,1.00,1.00
2010.01.11 03:15:56.812,1.6337,1.6342,1.00,1.90
2010.01.11 03:15:57.211,1.6337,1.63415,1.00,1.00
2010.01.11 03:15:59.571,1.63375,1.63415,1.00,1.00
2010.01.11 03:15:59.971,1.63375,1.6342,1.00,1.90
2010.01.11 03:16:00.951,1.6337,1.6342,1.00,1.50
2010.01.11 03:16:01.130,1.6337,1.63425,1.00,1.00
2010.01.11 03:16:01.301,1.6338,1.63425,1.00,1.00
2010.01.11 03:16:01.640,1.6338,1.6343,1.60,1.60
2010.01.11 03:16:01.981,1.6338,1.63425,1.00,1.00
2010.01.11 03:16:02.391,1.63375,1.63425,1.00,1.00
2010.01.11 03:16:04.120,1.6338,1.63425,1.00,1.00
2010.01.11 03:16:04.410,1.6338,1.6342,1.00,1.00
2010.01.11 03:16:05.110,1.6338,1.63425,1.00,1.00
2010.01.11 03:16:08.489,1.6337,1.63425,1.00,1.00
2010.01.11 03:16:08.609,1.6337,1.6342,1.00,1.50
2010.01.11 03:16:08.949,1.6337,1.63425,1.00,1.90
2010.01.11 03:16:09.299,1.63375,1.63425,1.00,1.90
2010.01.11 03:16:09.989,1.6337,1.63425,1.50,1.00
2010.01.11 03:16:10.339,1.6337,1.6342,1.60,1.00
2010.01.11 03:16:10.748,1.63365,1.63415,1.00,1.00
2010.01.11 03:16:11.048,1.63365,1.6341,1.00,1.00
2010.01.11 03:16:12.188,1.6337,1.6341,1.00,1.00
2010.01.11 03:16:12.419,1.63365,1.6341,1.00,1.00
2010.01.11 03:16:12.708,1.63375,1.6341,1.00,1.00
2010.01.11 03:16:12.978,1.6337,1.6341,1.00,1.00
2010.01.11 03:16:14.287,1.63365,1.6341,1.00,1.90
2010.01.11 03:16:15.607,1.63355,1.63405,1.00,1.00
2010.01.11 03:16:15.777,1.6336,1.63405,1.00,1.00
2010.01.11 03:16:16.007,1.63365,1.6341,1.00,1.90
2010.01.11 03:16:16.187,1.63365,1.63405,1.00,1.00
2010.01.11 03:16:16.767,1.63355,1.63405,1.00,1.60
2010.01.11 03:16:17.107,1.6336,1.63405,1.00,1.00
2010.01.11 03:16:18.936,1.63365,1.63405,1.00,1.00
2010.01.11 03:16:19.286,1.6336,1.634,1.00,1.50
2010.01.11 03:16:19.636,1.63365,1.634,1.00,1.50
2010.01.11 03:16:19.986,1.63365,1.63405,1.00,1.90
2010.01.11 03:16:20.666,1.6336,1.63405,1.00,1.90
2010.01.11 03:16:20.896,1.6336,1.63405,1.00,1.00
2010.01.11 03:16:21.916,1.63365,1.63405,1.00,1.00
2010.01.11 03:16:24.108,1.6336,1.63405,1.00,1.00
2010.01.11 03:16:24.445,1.63365,1.63415,1.00,1.90
2010.01.11 03:16:24.835,1.63365,1.6341,1.00,1.00
2010.01.11 03:16:25.854,1.63365,1.6341,1.00,1.00
2010.01.11 03:16:25.975,1.63365,1.6341,1.00,1.00
2010.01.11 03:16:27.194,1.63355,1.6341,1.60,1.00
2010.01.11 03:16:27.544,1.63365,1.63405,1.00,1.00
2010.01.11 03:16:28.214,1.63365,1.6341,1.00,1.00
2010.01.11 03:16:30.063,1.6336,1.6339,1.50,1.00
2010.01.11 03:16:30.414,1.6334,1.63385,1.00,1.00
2010.01.11 03:16:30.653,1.63335,1.63385,1.00,2.00
2010.01.11 03:16:31.103,1.63335,1.6338,1.00,1.00
2010.01.11 03:16:31.963,1.6334,1.6338,1.00,1.00
2010.01.11 03:16:32.313,1.6334,1.63385,1.00,2.00
2010.01.11 03:16:32.543,1.6333,1.6338,1.00,1.00
2010.01.11 03:16:32.773,1.6333,1.63375,1.00,1.00
2010.01.11 03:16:33.053,1.6333,1.63375,1.00,1.00
2010.01.11 03:16:33.233,1.6333,1.63375,1.00,1.00
2010.01.11 03:16:33.633,1.6334,1.6338,1.00,2.00
2010.01.11 03:16:33.983,1.6334,1.6338,1.00,1.20
2010.01.11 03:16:34.343,1.6334,1.63385,1.00,2.80
2010.01.11 03:16:36.092,1.6334,1.6338,1.00,1.00
2010.01.11 03:16:36.382,1.63345,1.6338,1.00,1.00
2010.01.11 03:16:36.732,1.63345,1.63385,1.00,1.00
2010.01.11 03:16:37.062,1.63345,1.6339,1.00,2.00
2010.01.11 03:16:37.462,1.63335,1.63375,1.00,1.50
2010.01.11 03:16:37.642,1.63335,1.63375,1.00,1.00
2010.01.11 03:16:38.212,1.63335,1.6338,1.00,1.90
2010.01.11 03:16:38.381,1.6334,1.6338,1.00,1.90
2010.01.11 03:16:38.992,1.6334,1.63375,1.00,1.50
2010.01.11 03:16:40.072,1.6334,1.6338,1.00,1.50
2010.01.11 03:16:40.411,1.63345,1.6338,1.00,1.50
2010.01.11 03:16:41.471,1.6334,1.6337,1.00,1.50
2010.01.11 03:16:41.651,1.6334,1.63375,1.00,1.50
2010.01.11 03:16:43.650,1.6334,1.6338,1.00,1.90
2010.01.11 03:16:44.050,1.6334,1.6338,1.00,2.70
2010.01.11 03:16:44.690,1.6334,1.6338,1.00,1.90
2010.01.11 03:16:46.351,1.6334,1.6338,1.00,1.50
2010.01.11 03:16:46.520,1.6334,1.63385,1.00,3.50
2010.01.11 03:16:46.639,1.6334,1.63385,1.00,2.00
2010.01.11 03:16:46.760,1.63345,1.63385,1.00,1.00
2010.01.11 03:16:47.109,1.6334,1.6338,1.00,1.20
2010.01.11 03:16:47.449,1.6334,1.6338,1.00,2.00
2010.01.11 03:16:47.789,1.6334,1.6338,1.00,1.20
2010.01.11 03:16:47.959,1.6334,1.6338,1.00,1.00
2010.01.11 03:16:48.249,1.6334,1.6338,1.00,1.20
2010.01.11 03:16:48.419,1.6334,1.6338,1.00,1.00
2010.01.11 03:16:48.699,1.6334,1.6338,1.00,1.20
2010.01.11 03:16:48.859,1.6334,1.6338,1.00,2.00
2010.01.11 03:16:49.559,1.6334,1.63385,1.00,2.00
2010.01.11 03:16:49.899,1.6334,1.63385,1.00,1.60
2010.01.11 03:16:53.018,1.6335,1.6339,1.00,1.60
2010.01.11 03:16:53.078,1.6335,1.63395,1.00,3.20
2010.01.11 03:16:57.267,1.63355,1.634,1.00,3.20
2010.01.11 03:16:57.447,1.63355,1.63395,1.00,1.60
2010.01.11 03:16:59.636,1.6335,1.63395,1.00,3.10
2010.01.11 03:16:59.976,1.6335,1.63385,1.00,1.50
2010.01.11 03:17:00.316,1.6334,1.63385,1.00,1.50
2010.01.11 03:17:00.836,1.63345,1.63385,1.00,1.50
2010.01.11 03:17:01.007,1.63355,1.63395,1.00,3.10
2010.01.11 03:17:01.176,1.63355,1.63395,1.00,1.50
2010.01.11 03:17:04.086,1.6336,1.634,1.00,1.50
2010.01.11 03:17:04.755,1.63355,1.63395,1.00,1.50
2010.01.11 03:17:05.315,1.6335,1.634,1.00,1.60
2010.01.11 03:17:05.555,1.63355,1.634,1.00,1.50
2010.01.11 03:17:05.785,1.63355,1.63395,1.00,1.50
2010.01.11 03:17:09.284,1.63345,1.6339,1.00,1.50
2010.01.11 03:17:09.674,1.6335,1.6339,1.00,1.50
2010.01.11 03:17:10.014,1.63355,1.634,1.00,1.50
2010.01.11 03:17:11.104,1.6336,1.634,1.00,1.50
2010.01.11 03:17:14.433,1.6336,1.63395,1.00,1.50
2010.01.11 03:17:14.773,1.63355,1.63395,1.00,1.50
2010.01.11 03:17:20.762,1.63355,1.63395,1.00,1.50
2010.01.11 03:17:21.001,1.63355,1.6339,1.00,1.50
2010.01.11 03:17:21.183,1.63355,1.634,1.00,1.60
2010.01.11 03:17:21.411,1.63355,1.6339,1.00,1.50
2010.01.11 03:17:21.981,1.63355,1.634,1.00,1.60
2010.01.11 03:17:27.970,1.6335,1.634,1.00,1.00
2010.01.11 03:17:29.189,1.63355,1.634,1.00,1.70
2010.01.11 03:17:29.519,1.63355,1.63405,1.00,3.20
2010.01.11 03:17:30.799,1.63355,1.634,1.00,1.00
2010.01.11 03:17:31.449,1.63345,1.63395,1.00,1.00
2010.01.11 03:17:32.548,1.63355,1.634,1.00,1.50
2010.01.11 03:17:32.888,1.63345,1.63395,1.00,1.60
2010.01.11 03:17:33.118,1.6334,1.63385,1.90,1.00
2010.01.11 03:17:33.399,1.6334,1.6339,1.60,1.00
2010.01.11 03:17:33.858,1.6334,1.6339,1.00,1.00
2010.01.11 03:17:34.088,1.6335,1.6339,1.00,1.50
2010.01.11 03:17:34.478,1.6334,1.63385,1.00,1.50
2010.01.11 03:17:34.828,1.6334,1.63385,1.00,1.60
2010.01.11 03:17:35.168,1.63335,1.63385,1.00,3.90
2010.01.11 03:17:35.518,1.63335,1.63385,1.00,3.50
2010.01.11 03:17:35.908,1.63335,1.63385,1.00,3.10
2010.01.11 03:17:36.258,1.63335,1.63385,1.00,3.20
2010.01.11 03:17:36.428,1.63335,1.63385,1.00,3.20
2010.01.11 03:17:36.608,1.63335,1.63385,1.00,3.20
2010.01.11 03:17:37.848,1.6334,1.63385,1.00,3.20
2010.01.11 03:17:38.567,1.63335,1.63385,1.00,1.70
2010.01.11 03:17:39.887,1.6334,1.63385,1.00,1.70
2010.01.11 03:17:40.247,1.63335,1.63385,1.00,3.20
2010.01.11 03:17:42.376,1.6334,1.63385,1.00,1.70
2010.01.11 03:17:42.906,1.6335,1.63395,1.00,4.80
2010.01.11 03:17:43.126,1.6335,1.63395,1.00,1.60
2010.01.11 03:17:43.296,1.6335,1.63395,1.00,1.60
2010.01.11 03:17:44.486,1.6335,1.63395,1.00,1.70
2010.01.11 03:17:45.225,1.6335,1.63395,1.00,6.10
2010.01.11 03:17:45.786,1.6335,1.63395,1.00,6.00
2010.01.11 03:17:46.015,1.6335,1.63395,1.00,7.50
2010.01.11 03:17:47.065,1.6335,1.634,1.00,9.30
2010.01.11 03:17:48.675,1.63355,1.63395,1.00,1.60
2010.01.11 03:17:50.205,1.6335,1.63395,1.00,1.60
2010.01.11 03:17:51.188,1.6336,1.63405,1.00,7.60
2010.01.11 03:17:51.414,1.63355,1.634,1.00,1.00
2010.01.11 03:17:51.874,1.63355,1.63395,1.00,1.60
2010.01.11 03:17:52.104,1.6335,1.634,1.00,1.00
2010.01.11 03:17:52.454,1.6335,1.63395,1.00,1.60
2010.01.11 03:17:54.004,1.63355,1.63395,1.00,1.60
2010.01.11 03:18:00.402,1.63355,1.634,1.00,1.00
2010.01.11 03:18:10.159,1.63355,1.63405,1.00,3.20
2010.01.11 03:18:10.449,1.63355,1.63405,1.00,3.30
2010.01.11 03:18:10.629,1.63355,1.63405,1.00,3.70
2010.01.11 03:18:10.800,1.63345,1.63395,1.00,1.00
2010.01.11 03:18:10.969,1.63345,1.63395,1.00,1.00
2010.01.11 03:18:11.149,1.63345,1.63395,1.00,1.70
2010.01.11 03:18:11.319,1.63345,1.63395,1.00,1.00
2010.01.11 03:18:11.499,1.6335,1.63395,1.00,1.00
2010.01.11 03:18:11.789,1.6334,1.63385,1.00,1.00
2010.01.11 03:18:12.009,1.6333,1.63375,1.00,1.70
2010.01.11 03:18:12.239,1.63335,1.63375,1.00,3.20
2010.01.11 03:18:12.589,1.63335,1.6337,1.00,1.00
2010.01.11 03:18:12.939,1.6333,1.63375,1.00,7.60
2010.01.11 03:18:13.269,1.6333,1.6337,1.00,1.60
2010.01.11 03:18:14.088,1.63335,1.6337,1.00,1.60
2010.01.11 03:18:15.338,1.63335,1.63375,1.00,7.60
2010.01.11 03:18:15.688,1.63335,1.6337,1.00,1.00
2010.01.11 03:18:16.028,1.6334,1.6337,1.00,1.00
2010.01.11 03:18:16.308,1.63335,1.6337,1.00,1.00
2010.01.11 03:18:16.658,1.63335,1.63375,1.00,2.40
2010.01.11 03:18:18.227,1.63335,1.63375,1.00,3.20
2010.01.11 03:18:20.277,1.6333,1.63375,1.00,7.70
2010.01.11 03:18:20.607,1.6334,1.6336,1.00,1.00
2010.01.11 03:18:20.947,1.6333,1.63375,1.00,6.10
2010.01.11 03:18:21.177,1.6333,1.6336,1.00,1.00
2010.01.11 03:18:21.357,1.6333,1.6337,1.00,1.60
2010.01.11 03:18:21.707,1.6333,1.6337,1.00,1.00
2010.01.11 03:18:21.937,1.6333,1.63375,1.00,7.70
2010.01.11 03:18:22.397,1.6333,1.6337,1.00,1.00
2010.01.11 03:18:22.756,1.63335,1.63375,1.00,1.60
2010.01.11 03:18:23.107,1.63335,1.63375,1.00,6.80
2010.01.11 03:18:23.216,1.6333,1.63375,1.00,7.70
2010.01.11 03:18:23.337,1.6333,1.6337,1.00,1.60
2010.01.11 03:18:23.496,1.63325,1.63365,1.00,1.00
2010.01.11 03:18:23.726,1.63325,1.6336,1.00,1.00
2010.01.11 03:18:24.076,1.63325,1.6337,1.00,3.10
2010.01.11 03:18:25.126,1.6333,1.6337,1.00,3.10
2010.01.11 03:18:25.356,1.6333,1.6337,1.00,2.30
2010.01.11 03:18:25.596,1.6333,1.6337,1.00,1.00
2010.01.11 03:18:25.776,1.63335,1.63375,1.00,9.10
2010.01.11 03:18:25.996,1.63335,1.63375,1.00,7.60
2010.01.11 03:18:26.215,1.63335,1.63375,1.00,3.20
2010.01.11 03:18:26.505,1.63335,1.63375,1.00,1.00
2010.01.11 03:18:26.776,1.63335,1.63375,1.00,2.40
2010.01.11 03:18:27.355,1.6333,1.63375,1.00,2.40
2010.01.11 03:18:27.595,1.6332,1.6337,1.00,1.00
2010.01.11 03:18:27.885,1.6332,1.6337,1.00,3.20
2010.01.11 03:18:29.025,1.63325,1.6337,1.00,3.20
2010.01.11 03:18:30.075,1.63325,1.6337,1.00,1.50
2010.01.11 03:18:30.415,1.6332,1.6337,1.00,1.00
2010.01.11 03:18:30.585,1.6332,1.6337,1.00,1.00
2010.01.11 03:18:30.944,1.6332,1.6336,1.00,1.50
2010.01.11 03:18:31.124,1.6332,1.6337,1.00,1.00
2010.01.11 03:18:31.295,1.6332,1.6337,1.00,2.40
2010.01.11 03:18:31.524,1.6332,1.6336,1.00,1.50
2010.01.11 03:18:31.864,1.6332,1.63365,1.00,1.50
2010.01.11 03:18:32.324,1.63325,1.63365,1.00,1.50
2010.01.11 03:18:32.904,1.63315,1.6337,1.00,1.60
2010.01.11 03:18:33.184,1.6331,1.63365,1.00,1.60
2010.01.11 03:18:33.524,1.6331,1.63365,1.00,3.20
2010.01.11 03:18:33.864,1.6332,1.63365,1.00,3.20
2010.01.11 03:18:39.182,1.63325,1.63365,1.00,3.10
2010.01.11 03:18:39.422,1.63325,1.63365,1.00,1.60
2010.01.11 03:18:40.242,1.63325,1.6337,1.00,1.60
2010.01.11 03:18:40.602,1.63325,1.6337,1.00,1.00
2010.01.11 03:18:40.962,1.6332,1.63365,1.00,1.60
2010.01.11 03:18:41.302,1.6332,1.63365,1.00,3.20
2010.01.11 03:18:45.441,1.6332,1.63355,1.00,4.40
2010.01.11 03:18:45.661,1.63315,1.63365,1.00,6.10
2010.01.11 03:18:45.841,1.63325,1.63365,1.00,1.60
2010.01.11 03:18:46.021,1.63325,1.63375,1.00,5.50
2010.01.11 03:18:46.481,1.63325,1.63365,1.00,1.50
2010.01.11 03:18:46.781,1.63325,1.63365,1.00,3.10
2010.01.11 03:18:47.290,1.6332,1.6335,1.00,1.50
2010.01.11 03:18:47.630,1.6331,1.63355,1.00,1.50
2010.01.11 03:18:48.020,1.6331,1.6336,1.00,1.50
2010.01.11 03:18:49.920,1.63305,1.6335,1.00,1.50
2010.01.11 03:18:50.270,1.63305,1.63345,1.00,1.50
2010.01.11 03:18:53.899,1.63305,1.6335,1.00,1.50
2010.01.11 03:18:54.189,1.6332,1.63355,1.00,1.50
2010.01.11 03:18:54.479,1.6332,1.63365,1.00,3.10
2010.01.11 03:18:55.988,1.63315,1.63365,1.00,1.70
2010.01.11 03:18:57.848,1.6332,1.63365,1.00,1.70
2010.01.11 03:19:00.227,1.63315,1.63355,1.00,1.50
2010.01.11 03:19:01.038,1.6331,1.6336,1.00,1.60
2010.01.11 03:19:07.856,1.6331,1.63355,1.00,6.00
2010.01.11 03:19:08.146,1.6331,1.6335,1.00,1.50
2010.01.11 03:19:08.256,1.633,1.6335,1.00,1.60
2010.01.11 03:19:08.425,1.6331,1.63355,1.00,1.60
2010.01.11 03:19:08.545,1.6331,1.63355,1.00,6.00
2010.01.11 03:19:09.025,1.63305,1.6335,1.00,1.60
2010.01.11 03:19:09.375,1.63315,1.6335,1.00,1.50
2010.01.11 03:19:09.725,1.63305,1.6335,1.00,1.60
2010.01.11 03:19:10.065,1.63315,1.63355,1.00,1.60
2010.01.11 03:19:10.395,1.63305,1.6335,1.00,1.60
2010.01.11 03:19:15.844,1.63315,1.63355,1.00,1.60
2010.01.11 03:19:15.964,1.63315,1.63355,1.00,1.60
2010.01.11 03:19:16.204,1.63315,1.63355,1.00,3.10
2010.01.11 03:19:18.443,1.63305,1.6335,1.00,1.00
2010.01.11 03:19:18.723,1.633,1.6335,1.00,1.60
2010.01.11 03:19:19.993,1.63305,1.6335,1.00,1.60
2010.01.11 03:19:23.382,1.6331,1.63355,1.00,6.00
2010.01.11 03:19:23.732,1.6331,1.63355,1.00,1.60
2010.01.11 03:19:24.132,1.6331,1.6335,1.00,1.00
2010.01.11 03:19:24.372,1.633,1.63345,1.60,1.70
2010.01.11 03:19:24.601,1.633,1.63345,1.00,3.20
2010.01.11 03:19:27.531,1.633,1.63345,1.00,1.60
2010.01.11 03:19:28.171,1.633,1.63345,1.00,1.50
2010.01.11 03:19:28.281,1.633,1.6334,1.00,1.50
2010.01.11 03:19:28.900,1.633,1.63345,1.00,1.50
2010.01.11 03:19:29.240,1.63305,1.63345,1.00,1.50
2010.01.11 03:19:29.640,1.63305,1.63335,1.00,1.00
2010.01.11 03:19:29.990,1.63285,1.6333,1.00,1.00
2010.01.11 03:19:30.340,1.6329,1.63335,1.00,6.00
2010.01.11 03:19:30.690,1.633,1.63335,1.00,4.40
2010.01.11 03:19:30.990,1.633,1.6334,1.00,1.50
2010.01.11 03:19:31.390,1.63295,1.63345,1.00,1.60
2010.01.11 03:19:32.430,1.633,1.63345,1.00,1.50
2010.01.11 03:19:33.969,1.633,1.63345,1.00,1.60
2010.01.11 03:19:34.669,1.6331,1.63355,1.00,3.20
2010.01.11 03:19:35.080,1.63295,1.6334,1.00,1.50
2010.01.11 03:19:35.419,1.63305,1.6335,1.00,1.50
2010.01.11 03:19:37.259,1.6331,1.63355,1.00,7.50
2010.01.11 03:19:37.548,1.6331,1.63355,1.00,3.10
2010.01.11 03:19:38.728,1.63305,1.63355,1.00,3.20
2010.01.11 03:19:38.958,1.63315,1.6335,1.00,1.00
2010.01.11 03:19:39.298,1.6331,1.63355,1.00,1.60
2010.01.11 03:19:40.637,1.63305,1.6335,1.00,1.60
2010.01.11 03:19:40.867,1.63315,1.63355,1.00,6.00
2010.01.11 03:19:41.047,1.63315,1.63355,1.00,1.60
2010.01.11 03:19:41.568,1.6331,1.63355,1.00,1.60
2010.01.11 03:19:42.207,1.633,1.6335,1.00,1.60
2010.01.11 03:19:42.447,1.633,1.6335,1.60,1.00
2010.01.11 03:19:42.717,1.6331,1.63355,1.00,1.60
2010.01.11 03:19:43.057,1.63315,1.63355,1.00,1.60
2010.01.11 03:19:44.477,1.633,1.63335,1.50,1.00
2010.01.11 03:19:44.767,1.6329,1.63335,1.00,2.10
2010.01.11 03:19:45.127,1.6329,1.63335,1.00,3.20
2010.01.11 03:19:45.457,1.6329,1.63335,1.00,6.00
2010.01.11 03:19:46.676,1.63285,1.63335,1.00,1.50
2010.01.11 03:19:46.846,1.63285,1.6334,1.00,2.40
2010.01.11 03:19:47.241,1.63285,1.63335,1.00,1.50
2010.01.11 03:19:47.576,1.6329,1.6334,1.00,1.50
2010.01.11 03:19:47.916,1.633,1.6334,1.00,1.50
2010.01.11 03:19:48.725,1.633,1.63335,1.00,1.50
2010.01.11 03:19:48.946,1.633,1.6334,1.00,1.50
2010.01.11 03:19:49.655,1.633,1.63345,1.00,2.30
2010.01.11 03:19:49.995,1.633,1.63345,1.00,1.50
2010.01.11 03:19:50.865,1.633,1.63345,1.00,1.60
2010.01.11 03:19:51.095,1.6329,1.63335,1.00,1.00
2010.01.11 03:19:53.625,1.633,1.63335,1.00,5.20
2010.01.11 03:19:53.744,1.6328,1.6332,1.00,1.00
2010.01.11 03:19:53.924,1.63295,1.63325,1.00,4.40
2010.01.11 03:19:54.095,1.6329,1.63335,1.00,4.50
2010.01.11 03:19:54.264,1.63295,1.6334,1.00,1.50
2010.01.11 03:19:54.595,1.63295,1.63345,1.00,3.20
2010.01.11 03:19:54.934,1.6329,1.6335,1.00,2.60
2010.01.11 03:19:55.274,1.63285,1.6333,1.00,1.50
2010.01.11 03:19:55.624,1.63285,1.63325,1.00,1.50
2010.01.11 03:19:55.984,1.6329,1.63325,1.00,1.50
2010.01.11 03:20:00.843,1.63285,1.6333,1.00,1.50
2010.01.11 03:20:01.902,1.6329,1.6333,1.00,1.50
2010.01.11 03:20:20.268,1.63285,1.6334,1.00,1.60
2010.01.11 03:20:21.308,1.63285,1.6334,1.00,1.60
2010.01.11 03:20:21.478,1.63295,1.63345,1.00,1.50
2010.01.11 03:20:21.708,1.633,1.6335,1.00,1.00
2010.01.11 03:20:21.878,1.633,1.63355,1.00,4.00
2010.01.11 03:20:22.048,1.633,1.63355,1.00,3.20
2010.01.11 03:20:22.428,1.633,1.63355,1.00,1.60
2010.01.11 03:20:22.758,1.633,1.6335,1.00,1.50
2010.01.11 03:20:23.627,1.63305,1.6335,1.00,1.50
2010.01.11 03:20:24.417,1.633,1.6335,1.00,1.00
2010.01.11 03:20:25.837,1.63305,1.6335,1.00,1.00
2010.01.11 03:20:26.747,1.633,1.6335,1.00,1.00
2010.01.11 03:20:27.207,1.6331,1.63355,1.00,3.10
2010.01.11 03:20:27.326,1.6331,1.63355,1.00,1.60
2010.01.11 03:20:27.506,1.6331,1.6336,1.00,1.60
2010.01.11 03:20:28.526,1.6331,1.6336,1.00,3.20
2010.01.11 03:20:28.856,1.6331,1.63355,1.00,1.00
2010.01.11 03:20:29.416,1.6331,1.63355,1.00,1.60
2010.01.11 03:20:35.904,1.6331,1.6335,1.00,1.50
2010.01.11 03:20:36.074,1.63305,1.6335,1.00,1.50
2010.01.11 03:20:36.474,1.6329,1.6333,1.00,1.50
2010.01.11 03:20:36.644,1.63295,1.6334,1.00,1.50
2010.01.11 03:20:36.824,1.63295,1.63345,1.00,1.70
2010.01.11 03:20:36.994,1.633,1.63345,1.00,1.00
2010.01.11 03:20:37.394,1.63305,1.6335,1.00,1.60
2010.01.11 03:20:37.744,1.633,1.63345,1.00,1.00
2010.01.11 03:20:38.094,1.63305,1.6335,1.00,2.40
2010.01.11 03:20:38.154,1.63305,1.6335,1.00,1.60
2010.01.11 03:20:38.264,1.63305,1.6335,1.00,1.00
2010.01.11 03:20:38.374,1.63305,1.63355,1.00,3.20
2010.01.11 03:20:39.173,1.63295,1.63345,1.00,1.00
2010.01.11 03:20:39.533,1.63295,1.63345,1.00,1.60
2010.01.11 03:20:40.193,1.633,1.63345,1.00,1.00
2010.01.11 03:20:40.423,1.6331,1.63345,1.00,1.50
2010.01.11 03:20:40.653,1.6331,1.6335,1.00,1.00
2010.01.11 03:20:40.813,1.6331,1.63355,1.00,3.20
2010.01.11 03:20:41.463,1.633,1.63345,1.00,1.60
2010.01.11 03:20:41.983,1.6331,1.63355,1.00,4.00
2010.01.11 03:20:42.153,1.6331,1.63355,1.00,3.20
2010.01.11 03:20:43.033,1.63305,1.63345,1.00,1.50
2010.01.11 03:20:43.383,1.63305,1.63355,1.00,3.20
2010.01.11 03:20:44.802,1.6331,1.63355,1.00,3.20
2010.01.11 03:20:45.482,1.633,1.6334,1.00,1.50
2010.01.11 03:20:45.822,1.6331,1.63355,1.00,3.20
2010.01.11 03:20:47.362,1.63295,1.63345,1.00,1.60
2010.01.11 03:20:49.021,1.633,1.63345,1.00,1.50
2010.01.11 03:20:49.881,1.633,1.63345,1.00,1.60
2010.01.11 03:20:51.440,1.6331,1.63355,1.00,3.20
2010.01.11 03:20:52.301,1.633,1.63345,1.00,1.60
2010.01.11 03:20:52.590,1.633,1.63345,1.00,1.50
2010.01.11 03:20:54.210,1.633,1.63345,1.00,1.60
2010.01.11 03:20:58.459,1.6329,1.6333,1.00,1.00
2010.01.11 03:20:58.749,1.63285,1.6333,1.00,1.00
2010.01.11 03:20:59.039,1.6328,1.63325,1.00,1.50
2010.01.11 03:20:59.609,1.63285,1.63325,1.00,1.50
2010.01.11 03:21:00.578,1.6328,1.63325,1.00,1.50
2010.01.11 03:21:01.548,1.63285,1.63325,1.00,1.50
2010.01.11 03:21:02.298,1.6329,1.63325,1.00,1.00
2010.01.11 03:21:02.648,1.6329,1.6332,1.00,1.00
2010.01.11 03:21:03.008,1.6329,1.63335,1.00,1.60
2010.01.11 03:21:09.216,1.6329,1.63335,1.00,1.60
2010.01.11 03:21:12.945,1.6329,1.63335,1.00,1.60
2010.01.11 03:21:13.635,1.6329,1.63335,1.00,2.40
2010.01.11 03:21:13.695,1.6329,1.63335,1.00,1.60
2010.01.11 03:21:15.245,1.6329,1.63335,1.00,2.40
2010.01.11 03:21:15.605,1.633,1.63335,1.00,1.00
2010.01.11 03:21:15.895,1.63295,1.6334,1.00,1.50
2010.01.11 03:21:17.144,1.6329,1.63335,1.00,1.60
2010.01.11 03:21:17.324,1.63285,1.63325,1.00,1.50
2010.01.11 03:21:17.595,1.6329,1.6333,1.00,1.00
2010.01.11 03:21:17.814,1.6329,1.63335,1.00,3.20
2010.01.11 03:21:17.984,1.6329,1.63335,1.00,2.40
2010.01.11 03:21:18.494,1.6329,1.63335,1.00,1.60
2010.01.11 03:21:19.014,1.63285,1.6333,1.00,1.00
2010.01.11 03:21:19.244,1.63285,1.63325,1.00,1.00
2010.01.11 03:21:19.474,1.6328,1.63325,1.00,1.50
2010.01.11 03:21:22.183,1.63265,1.6331,1.00,1.00
2010.01.11 03:21:22.413,1.63275,1.63315,1.00,1.50
2010.01.11 03:21:22.763,1.63265,1.6331,1.00,1.00
2010.01.11 03:21:25.742,1.6327,1.63315,1.00,3.10
2010.01.11 03:21:25.922,1.6327,1.63315,1.00,1.50
2010.01.11 03:21:26.142,1.6327,1.63315,1.00,3.10
2010.01.11 03:21:26.322,1.6327,1.6331,1.00,1.50
2010.01.11 03:21:26.502,1.6327,1.63315,1.00,1.60
2010.01.11 03:21:26.952,1.63265,1.63315,1.00,1.70
2010.01.11 03:21:28.722,1.6327,1.63315,1.00,1.60
2010.01.11 03:21:28.951,1.6326,1.63315,1.00,4.00
2010.01.11 03:21:29.461,1.6326,1.63315,1.00,3.20
2010.01.11 03:21:32.671,1.63275,1.63315,1.00,1.60
2010.01.11 03:21:36.360,1.63265,1.6331,1.00,1.00
2010.01.11 03:21:36.600,1.63275,1.63315,1.00,2.40
2010.01.11 03:21:36.780,1.63275,1.63315,1.00,1.00
2010.01.11 03:21:36.999,1.63275,1.6332,1.00,1.00
2010.01.11 03:21:37.339,1.63275,1.63315,1.00,1.60
2010.01.11 03:21:40.829,1.63265,1.6331,1.00,1.00
2010.01.11 03:21:44.118,1.6326,1.63305,1.00,1.00
2010.01.11 03:21:44.228,1.6326,1.63305,1.00,3.20
2010.01.11 03:21:44.398,1.6326,1.63305,1.00,8.40
2010.01.11 03:21:44.518,1.6326,1.63305,1.00,9.20
2010.01.11 03:21:44.698,1.6326,1.63305,1.00,7.60
2010.01.11 03:21:45.048,1.6326,1.63305,1.00,6.00
2010.01.11 03:21:46.037,1.6326,1.63295,1.00,1.60
2010.01.11 03:21:46.317,1.6325,1.63295,1.00,1.00
2010.01.11 03:21:46.487,1.6325,1.63295,1.00,1.00
2010.01.11 03:21:46.658,1.6326,1.63305,1.00,4.80
2010.01.11 03:21:47.007,1.6326,1.633,1.00,1.50
2010.01.11 03:21:47.347,1.6325,1.6329,1.00,1.00
2010.01.11 03:21:48.057,1.6325,1.63295,1.00,1.70
2010.01.11 03:21:51.566,1.6325,1.63295,1.00,1.00
2010.01.11 03:21:51.976,1.6326,1.633,1.00,1.00
2010.01.11 03:21:52.316,1.6326,1.63305,1.00,1.60
2010.01.11 03:21:53.736,1.63255,1.63305,1.00,1.60
2010.01.11 03:21:53.965,1.63255,1.63295,1.00,1.50
2010.01.11 03:21:54.196,1.63245,1.6329,1.00,1.00
2010.01.11 03:21:54.496,1.63255,1.6328,1.00,1.50
2010.01.11 03:21:54.845,1.6324,1.6328,1.00,1.50
2010.01.11 03:21:55.135,1.63245,1.6328,1.00,1.50
2010.01.11 03:21:55.475,1.6326,1.6328,1.00,1.50
2010.01.11 03:21:55.875,1.6325,1.63285,1.00,1.50
2010.01.11 03:21:56.275,1.6326,1.63285,1.00,1.50
2010.01.11 03:21:56.445,1.6326,1.633,1.00,1.60
2010.01.11 03:21:56.567,1.6326,1.633,1.00,1.60
2010.01.11 03:21:56.685,1.6326,1.63295,1.00,1.50
2010.01.11 03:21:56.745,1.63255,1.63295,1.00,1.50
2010.01.11 03:21:57.625,1.63265,1.63295,1.00,1.50
2010.01.11 03:21:58.015,1.6326,1.633,1.00,2.30
2010.01.11 03:21:58.365,1.63255,1.633,1.00,1.50
2010.01.11 03:21:58.704,1.6326,1.633,1.00,1.50
2010.01.11 03:21:59.024,1.6326,1.63295,1.00,1.50
2010.01.11 03:22:01.654,1.63255,1.63295,1.00,1.50
2010.01.11 03:22:01.824,1.63255,1.633,1.00,3.10
2010.01.11 03:22:03.133,1.6325,1.63295,1.00,3.20
2010.01.11 03:22:04.163,1.6324,1.63295,1.00,3.20
2010.01.11 03:22:04.383,1.6324,1.6329,1.00,1.50
2010.01.11 03:22:05.873,1.63235,1.6328,1.00,1.50
2010.01.11 03:22:06.173,1.6322,1.63275,2.00,1.00
2010.01.11 03:22:06.473,1.63225,1.63275,1.00,1.50
2010.01.11 03:22:06.703,1.63225,1.63265,1.00,1.50
2010.01.11 03:22:06.873,1.6322,1.6327,1.00,1.60
2010.01.11 03:22:06.992,1.6321,1.6326,1.00,1.50
2010.01.11 03:22:07.522,1.6321,1.6326,1.00,2.40
2010.01.11 03:22:07.862,1.63215,1.6326,1.00,1.00
2010.01.11 03:22:08.262,1.63215,1.6325,1.00,2.70
2010.01.11 03:22:08.482,1.632,1.6324,1.50,1.10
2010.01.11 03:22:08.762,1.632,1.6322,1.50,1.00
2010.01.11 03:22:08.992,1.63165,1.6321,1.70,1.00
2010.01.11 03:22:09.272,1.632,1.63205,1.50,1.00
2010.01.11 03:22:09.622,1.632,1.6321,1.50,1.60
2010.01.11 03:22:10.092,1.63195,1.63215,1.50,1.00
2010.01.11 03:22:10.432,1.6319,1.63225,1.50,1.00
2010.01.11 03:22:10.791,1.6319,1.63225,1.50,1.00
2010.01.11 03:22:11.151,1.6318,1.63225,1.50,1.30
2010.01.11 03:22:11.511,1.6318,1.63215,1.50,1.60
2010.01.11 03:22:11.901,1.6317,1.6322,1.00,1.10
2010.01.11 03:22:12.241,1.63165,1.63215,1.00,1.50
2010.01.11 03:22:12.571,1.63165,1.632,1.00,1.00
2010.01.11 03:22:12.931,1.63175,1.632,1.00,1.50
2010.01.11 03:22:13.271,1.63175,1.63215,1.00,1.50
2010.01.11 03:22:13.831,1.6317,1.63205,1.00,1.50
2010.01.11 03:22:14.051,1.6317,1.6321,1.00,1.50
2010.01.11 03:22:14.231,1.63175,1.6321,1.00,1.50
2010.01.11 03:22:15.140,1.63175,1.6321,1.00,3.10
2010.01.11 03:22:15.491,1.6317,1.6321,1.00,1.60
2010.01.11 03:22:16.060,1.63175,1.6321,1.00,1.00
2010.01.11 03:22:16.350,1.63175,1.6321,1.00,1.60
2010.01.11 03:22:16.620,1.6317,1.6321,1.00,1.50
2010.01.11 03:22:17.020,1.6317,1.63205,1.00,1.60
2010.01.11 03:22:17.440,1.6317,1.63205,1.00,1.00
2010.01.11 03:22:18.310,1.63175,1.63205,1.00,1.00
2010.01.11 03:22:18.670,1.63175,1.63215,1.00,1.60
2010.01.11 03:22:18.730,1.63175,1.63215,1.00,1.00
2010.01.11 03:22:19.120,1.63175,1.63215,1.00,2.30
2010.01.11 03:22:19.570,1.63175,1.6321,1.00,1.00
2010.01.11 03:22:20.609,1.63175,1.63215,1.00,3.10
2010.01.11 03:22:20.950,1.63175,1.6321,1.00,1.00
2010.01.11 03:22:21.189,1.63175,1.6321,1.00,1.60
2010.01.11 03:22:22.329,1.63175,1.6321,1.00,1.00
2010.01.11 03:22:22.719,1.6317,1.632,1.00,1.60
2010.01.11 03:22:23.129,1.6317,1.63205,1.00,3.10
2010.01.11 03:22:23.478,1.63165,1.63205,1.00,1.00
2010.01.11 03:22:23.868,1.63175,1.63205,1.00,1.00
2010.01.11 03:22:24.148,1.63175,1.6321,1.00,1.00
2010.01.11 03:22:24.428,1.63175,1.63215,1.00,1.60
2010.01.11 03:22:24.718,1.63175,1.63215,1.00,3.10
2010.01.11 03:22:25.058,1.63175,1.63215,1.00,1.60
2010.01.11 03:22:25.388,1.63175,1.63215,1.00,1.00
2010.01.11 03:22:25.728,1.63175,1.63215,1.00,1.60
2010.01.11 03:22:26.068,1.6317,1.63215,1.00,2.30
2010.01.11 03:22:26.527,1.6317,1.63215,1.00,1.50
2010.01.11 03:22:28.037,1.6317,1.6322,1.00,3.10
2010.01.11 03:22:29.537,1.6317,1.6322,1.60,1.60
2010.01.11 03:22:29.827,1.63175,1.6323,1.00,1.60
2010.01.11 03:22:30.067,1.63175,1.63225,1.00,1.00
2010.01.11 03:22:30.357,1.63175,1.63225,1.00,2.30
2010.01.11 03:22:30.687,1.63185,1.63235,1.00,3.10
2010.01.11 03:22:34.896,1.6318,1.63225,1.00,1.50
2010.01.11 03:22:35.235,1.6318,1.6323,1.00,1.50
2010.01.11 03:22:36.835,1.6318,1.6323,1.00,1.50
2010.01.11 03:22:37.535,1.6319,1.6323,1.00,1.50
2010.01.11 03:22:37.885,1.6319,1.63235,1.00,3.20
2010.01.11 03:22:38.265,1.6318,1.63225,1.00,1.50
2010.01.11 03:22:38.555,1.63175,1.63215,1.00,1.50
2010.01.11 03:22:38.794,1.63175,1.63215,1.00,1.50
2010.01.11 03:22:40.025,1.6317,1.63215,1.00,1.50
2010.01.11 03:22:42.154,1.6317,1.6322,1.00,1.50
2010.01.11 03:22:42.264,1.6317,1.63215,1.00,1.50
2010.01.11 03:22:42.374,1.6317,1.6322,1.00,1.50
2010.01.11 03:22:43.414,1.6317,1.6322,1.00,2.30
2010.01.11 03:22:43.524,1.6317,1.6322,1.00,1.00
2010.01.11 03:22:43.584,1.6317,1.63225,1.00,3.20
2010.01.11 03:22:44.433,1.6317,1.63225,1.00,3.30
2010.01.11 03:22:44.793,1.63165,1.6322,1.00,1.50
2010.01.11 03:22:45.933,1.6317,1.6322,1.00,1.50
2010.01.11 03:22:47.243,1.6317,1.6322,1.00,2.30
2010.01.11 03:22:48.522,1.6318,1.63225,1.00,2.30
2010.01.11 03:22:49.402,1.6318,1.63225,1.00,1.50
2010.01.11 03:22:52.851,1.6317,1.63225,1.00,4.80
2010.01.11 03:22:54.061,1.6317,1.63225,1.00,3.30
2010.01.11 03:22:54.291,1.6317,1.63225,1.00,2.50
2010.01.11 03:22:54.521,1.6317,1.63225,1.00,1.70
2010.01.11 03:22:54.971,1.6317,1.63225,1.00,1.60
2010.01.11 03:22:55.321,1.6317,1.63225,1.60,1.60
2010.01.11 03:22:56.161,1.63165,1.63225,1.60,1.60
2010.01.11 03:22:56.341,1.6317,1.63225,1.60,1.60
2010.01.11 03:22:57.820,1.6317,1.63225,1.60,1.70
2010.01.11 03:22:59.529,1.63175,1.63225,1.00,1.60
2010.01.11 03:23:00.709,1.6317,1.6322,1.50,1.00
2010.01.11 03:23:01.069,1.63165,1.6322,1.60,1.00
2010.01.11 03:23:02.759,1.63165,1.63215,1.90,1.00
2010.01.11 03:23:02.919,1.63155,1.63215,1.50,1.00
2010.01.11 03:23:03.379,1.63155,1.63215,1.50,1.70
2010.01.11 03:23:03.999,1.63155,1.63205,1.50,1.00
2010.01.11 03:23:04.328,1.6315,1.63205,1.00,1.60
2010.01.11 03:23:04.978,1.6315,1.632,1.00,1.00
2010.01.11 03:23:05.678,1.6316,1.6321,1.00,1.60
2010.01.11 03:23:07.338,1.63155,1.63205,1.00,1.00
2010.01.11 03:23:08.397,1.6317,1.63215,1.00,1.70
2010.01.11 03:23:08.897,1.6316,1.63205,1.00,1.00
2010.01.11 03:23:13.236,1.63165,1.6321,1.00,1.50
2010.01.11 03:23:13.586,1.6318,1.63225,1.50,1.60
2010.01.11 03:23:13.816,1.6318,1.63235,1.50,1.70
2010.01.11 03:23:15.596,1.6318,1.63235,1.60,1.70
2010.01.11 03:23:16.056,1.6319,1.63235,1.60,1.60
2010.01.11 03:23:16.286,1.6319,1.63245,1.60,1.70
2010.01.11 03:23:16.516,1.63195,1.63235,1.00,1.60
2010.01.11 03:23:16.695,1.63195,1.63245,1.00,1.60
2010.01.11 03:23:18.095,1.63195,1.63245,1.00,1.70
2010.01.11 03:23:19.265,1.6319,1.63245,1.60,1.60
2010.01.11 03:23:19.445,1.6319,1.63245,1.60,2.10
2010.01.11 03:23:19.565,1.6319,1.63245,1.00,3.60
2010.01.11 03:23:19.675,1.63185,1.63235,1.50,1.00
2010.01.11 03:23:19.855,1.63185,1.6324,1.60,1.00
2010.01.11 03:23:20.545,1.63195,1.63245,1.50,1.70
2010.01.11 03:23:20.895,1.63195,1.63255,1.60,3.20
2010.01.11 03:23:22.034,1.632,1.63255,1.00,3.20
2010.01.11 03:23:22.424,1.6321,1.63255,1.00,1.50
2010.01.11 03:23:22.544,1.6321,1.63265,1.60,3.30
2010.01.11 03:23:22.664,1.6321,1.63265,1.60,1.60
2010.01.11 03:23:22.784,1.6322,1.63265,1.00,1.60
2010.01.11 03:23:22.894,1.63215,1.63265,1.00,1.60
2010.01.11 03:23:23.244,1.63215,1.63265,1.00,3.10
2010.01.11 03:23:24.854,1.6321,1.63265,1.00,3.20
2010.01.11 03:23:26.233,1.6321,1.63265,1.00,3.60
2010.01.11 03:23:26.523,1.6321,1.6326,1.00,1.50
2010.01.11 03:23:27.713,1.632,1.63245,1.50,1.00
2010.01.11 03:23:28.123,1.6319,1.63245,1.60,1.00
2010.01.11 03:23:29.982,1.6319,1.63235,1.50,1.00
2010.01.11 03:23:30.962,1.63185,1.63235,1.00,1.00
2010.01.11 03:23:31.432,1.63185,1.63235,1.00,1.60
2010.01.11 03:23:31.652,1.63185,1.63235,1.00,1.00
2010.01.11 03:23:33.582,1.6318,1.6323,1.60,1.00
2010.01.11 03:23:33.881,1.6319,1.6324,1.00,1.60
2010.01.11 03:23:34.961,1.6319,1.6324,1.00,1.00
2010.01.11 03:23:35.231,1.63185,1.63225,1.50,1.00
2010.01.11 03:23:35.581,1.6318,1.6323,1.00,1.00
2010.01.11 03:23:35.911,1.63185,1.63235,1.60,1.70
2010.01.11 03:23:36.261,1.63185,1.63235,2.40,1.00
2010.01.11 03:23:36.481,1.63185,1.63235,1.00,1.00
2010.01.11 03:23:36.711,1.6319,1.6324,1.00,1.00
2010.01.11 03:23:37.510,1.63185,1.63235,1.60,1.00
2010.01.11 03:23:37.870,1.63195,1.63245,1.00,1.70
2010.01.11 03:23:38.850,1.63185,1.6323,1.50,1.00
2010.01.11 03:23:39.030,1.6318,1.63225,1.00,1.00
2010.01.11 03:23:39.210,1.63175,1.63225,1.00,1.00
2010.01.11 03:23:39.540,1.6318,1.6323,1.00,1.00
2010.01.11 03:23:40.900,1.63185,1.6323,1.00,1.00
2010.01.11 03:23:41.239,1.63185,1.63235,1.00,1.00
2010.01.11 03:23:41.520,1.63185,1.63235,1.00,1.00
2010.01.11 03:23:41.639,1.63185,1.63235,1.00,1.00
2010.01.11 03:23:43.069,1.63185,1.6323,1.50,1.00
2010.01.11 03:23:43.739,1.632,1.63245,1.00,1.00
2010.01.11 03:23:43.899,1.632,1.6325,1.00,1.00
2010.01.11 03:23:44.469,1.6321,1.6325,1.50,1.00
2010.01.11 03:23:44.649,1.63215,1.6325,1.00,1.50
2010.01.11 03:23:44.769,1.6321,1.6325,1.00,1.50
2010.01.11 03:23:45.109,1.63205,1.6324,1.50,1.00
2010.01.11 03:23:45.459,1.632,1.6325,1.00,1.00
2010.01.11 03:23:47.948,1.632,1.63245,1.00,1.00
2010.01.11 03:23:49.318,1.6319,1.6324,1.00,1.00
2010.01.11 03:23:49.497,1.6319,1.6324,1.60,1.00
2010.01.11 03:23:50.058,1.632,1.6325,1.00,1.60
2010.01.11 03:23:50.797,1.63205,1.6325,1.00,1.60
2010.01.11 03:23:51.897,1.63195,1.63245,1.00,1.70
2010.01.11 03:23:52.417,1.63195,1.6324,1.50,1.00
2010.01.11 03:23:52.977,1.63195,1.63235,1.50,1.00
2010.01.11 03:23:53.327,1.6319,1.63235,1.50,1.00
2010.01.11 03:23:53.667,1.63185,1.63235,1.00,1.00
2010.01.11 03:23:54.136,1.63185,1.6323,1.00,1.00
2010.01.11 03:23:55.166,1.63195,1.63235,1.00,1.60
2010.01.11 03:23:55.506,1.63195,1.63245,1.00,3.20
2010.01.11 03:23:55.906,1.63195,1.63245,1.00,1.00
2010.01.11 03:23:56.176,1.632,1.6325,1.00,1.60
2010.01.11 03:23:56.456,1.632,1.63245,1.00,1.60
2010.01.11 03:23:58.945,1.63195,1.63245,1.00,1.70
2010.01.11 03:24:04.234,1.63185,1.63235,1.00,1.50
2010.01.11 03:24:04.574,1.63195,1.63245,1.00,3.10
2010.01.11 03:24:06.083,1.63195,1.6324,1.00,1.50
2010.01.11 03:24:06.324,1.63185,1.6324,1.00,1.60
2010.01.11 03:24:07.553,1.6318,1.63235,2.00,1.00
2010.01.11 03:24:07.833,1.6318,1.63235,1.00,1.60
2010.01.11 03:24:08.004,1.63185,1.63235,1.00,1.60
2010.01.11 03:24:08.353,1.63185,1.6323,1.00,1.50
2010.01.11 03:24:10.043,1.63195,1.63245,1.00,4.00
2010.01.11 03:24:10.322,1.63195,1.63245,1.00,3.20
2010.01.11 03:24:10.672,1.63195,1.63245,1.00,4.00
2010.01.11 03:24:11.482,1.63185,1.63235,1.00,1.00
2010.01.11 03:24:11.532,1.63185,1.6323,1.00,1.50
2010.01.11 03:24:11.822,1.63195,1.6323,1.00,1.50
2010.01.11 03:24:11.992,1.63195,1.6323,1.00,1.50
2010.01.11 03:24:12.152,1.63195,1.63245,1.00,4.00
2010.01.11 03:24:12.332,1.63195,1.63245,1.00,4.80
2010.01.11 03:24:12.672,1.63195,1.63245,1.00,4.00
2010.01.11 03:24:12.892,1.63195,1.63245,1.00,3.90
2010.01.11 03:24:13.062,1.63195,1.63235,1.00,1.50
2010.01.11 03:24:13.232,1.63185,1.63235,1.00,1.50
2010.01.11 03:24:15.361,1.6318,1.63235,1.00,1.60
2010.01.11 03:24:16.741,1.6319,1.63235,1.00,1.60
2010.01.11 03:24:16.861,1.63185,1.63235,1.00,1.60
2010.01.11 03:24:17.031,1.63185,1.63235,1.00,1.50
2010.01.11 03:24:17.211,1.63185,1.63235,1.00,1.60
2010.01.11 03:24:19.341,1.63185,1.6323,1.00,1.50
2010.01.11 03:24:20.460,1.6319,1.6324,1.00,2.30
2010.01.11 03:24:20.800,1.63185,1.6323,1.00,1.50
2010.01.11 03:24:21.210,1.63175,1.63225,1.00,1.00
2010.01.11 03:24:21.500,1.6318,1.63225,1.50,1.00
2010.01.11 03:24:21.950,1.63185,1.6323,1.50,1.70
2010.01.11 03:24:22.240,1.63185,1.6323,1.00,1.00
2010.01.11 03:24:23.290,1.63185,1.6323,1.50,1.00
2010.01.11 03:24:24.009,1.6318,1.6323,1.50,1.00
2010.01.11 03:24:25.259,1.63195,1.63235,1.60,1.00
2010.01.11 03:24:25.649,1.63195,1.6325,1.60,1.70
2010.01.11 03:24:25.979,1.63195,1.63255,1.50,3.30
2010.01.11 03:24:26.359,1.632,1.6325,1.50,1.00
2010.01.11 03:24:26.539,1.63205,1.6324,1.50,1.00
2010.01.11 03:24:26.768,1.63205,1.6324,1.50,1.60
2010.01.11 03:24:27.178,1.63205,1.6324,1.50,1.00
2010.01.11 03:24:27.519,1.63205,1.63245,1.50,1.00
2010.01.11 03:24:28.508,1.632,1.63245,1.50,1.00
2010.01.11 03:24:28.908,1.63195,1.63245,1.50,3.20
2010.01.11 03:24:29.208,1.63195,1.63245,1.50,2.40
2010.01.11 03:24:29.888,1.63195,1.6324,1.50,1.00
2010.01.11 03:24:30.238,1.63195,1.6324,1.50,1.00
2010.01.11 03:24:31.267,1.63195,1.63245,1.50,3.30
2010.01.11 03:24:31.628,1.6319,1.6324,1.50,1.00
2010.01.11 03:24:31.868,1.63185,1.6324,1.50,1.00
2010.01.11 03:24:31.987,1.63185,1.6324,1.50,1.70
2010.01.11 03:24:32.207,1.63185,1.6324,1.60,1.60
2010.01.11 03:24:32.317,1.6319,1.63235,1.50,1.00
2010.01.11 03:24:32.377,1.6319,1.6324,1.50,1.60
2010.01.11 03:24:32.737,1.63185,1.63235,1.50,1.70
2010.01.11 03:24:33.087,1.6319,1.63235,1.50,1.00
2010.01.11 03:24:33.477,1.6319,1.6323,1.50,1.00
2010.01.11 03:24:34.097,1.6319,1.6324,1.50,1.70
2010.01.11 03:24:34.437,1.6319,1.6324,1.50,1.00
2010.01.11 03:24:34.726,1.6319,1.63235,1.50,1.00
2010.01.11 03:24:35.067,1.6319,1.63235,1.50,3.30
2010.01.11 03:24:35.447,1.6318,1.63235,1.00,1.70
2010.01.11 03:24:35.796,1.63185,1.63235,1.00,1.70
2010.01.11 03:24:36.076,1.63185,1.63235,1.00,1.00
2010.01.11 03:24:36.356,1.6318,1.63235,1.00,1.70
2010.01.11 03:24:36.646,1.63195,1.6324,1.50,1.00
2010.01.11 03:24:36.826,1.63195,1.6324,1.50,1.00
2010.01.11 03:24:40.485,1.632,1.63245,1.50,1.70
2010.01.11 03:24:41.065,1.632,1.63245,1.50,1.00
2010.01.11 03:24:42.115,1.632,1.6325,1.50,1.00
2010.01.11 03:24:43.535,1.63195,1.6324,1.50,1.00
2010.01.11 03:24:44.064,1.63195,1.63245,1.50,1.70
2010.01.11 03:24:44.514,1.63195,1.63245,1.60,1.00
2010.01.11 03:24:44.744,1.632,1.6325,1.50,1.00
2010.01.11 03:24:45.024,1.632,1.63255,1.50,1.70
2010.01.11 03:24:45.314,1.632,1.63255,2.30,1.00
2010.01.11 03:24:45.674,1.6321,1.6326,1.50,1.00
2010.01.11 03:24:46.034,1.6323,1.63265,1.50,1.00
2010.01.11 03:24:46.334,1.6322,1.63265,1.00,1.70
2010.01.11 03:24:46.684,1.6321,1.63265,1.00,1.70
2010.01.11 03:24:46.974,1.63215,1.63265,1.50,1.00
2010.01.11 03:24:47.364,1.63205,1.6326,1.60,1.00
2010.01.11 03:24:49.063,1.63195,1.63245,1.50,1.00
2010.01.11 03:24:49.403,1.632,1.63245,1.50,1.00
2010.01.11 03:24:49.693,1.6322,1.6325,1.00,1.00
2010.01.11 03:24:50.023,1.6322,1.63255,1.00,1.50
2010.01.11 03:24:50.423,1.6323,1.63275,1.50,1.60
2010.01.11 03:24:50.763,1.63215,1.63275,1.00,3.10
2010.01.11 03:24:51.103,1.6323,1.63275,1.50,1.60
2010.01.11 03:24:51.343,1.63235,1.63275,1.50,1.70
2010.01.11 03:24:51.573,1.632,1.63275,1.00,3.20
2010.01.11 03:24:51.743,1.63215,1.63275,1.50,1.70
2010.01.11 03:24:51.972,1.6321,1.63275,1.50,1.70
2010.01.11 03:24:52.482,1.63205,1.6326,1.50,1.00
2010.01.11 03:24:53.692,1.6322,1.63265,1.50,1.00
2010.01.11 03:24:53.982,1.63205,1.6326,1.60,1.00
2010.01.11 03:24:55.552,1.63225,1.6327,1.50,1.00
2010.01.11 03:24:56.422,1.63225,1.63275,1.50,2.10
2010.01.11 03:24:56.541,1.63205,1.6326,1.50,1.00
2010.01.11 03:24:56.651,1.6321,1.63265,1.00,1.90
2010.01.11 03:24:56.831,1.6321,1.63265,1.60,1.60
2010.01.11 03:24:56.941,1.6322,1.63265,1.50,1.60
2010.01.11 03:24:57.551,1.6321,1.63265,1.60,1.70
2010.01.11 03:24:57.911,1.6321,1.6326,1.50,1.00
2010.01.11 03:24:58.611,1.6321,1.63265,1.50,1.60
2010.01.11 03:24:58.881,1.6321,1.63265,1.60,1.60
2010.01.11 03:24:59.850,1.63205,1.63265,2.00,1.70
2010.01.11 03:25:00.390,1.63215,1.63265,1.00,1.60
2010.01.11 03:25:00.620,1.6322,1.63265,1.50,1.60
2010.01.11 03:25:02.460,1.6322,1.63275,1.50,1.70
2010.01.11 03:25:03.090,1.63225,1.63275,1.50,1.70
2010.01.11 03:25:03.380,1.63225,1.63275,1.50,1.60
2010.01.11 03:25:03.660,1.63225,1.63275,1.50,1.70
2010.01.11 03:25:14.587,1.63235,1.63275,1.50,1.60
2010.01.11 03:25:14.827,1.63245,1.63275,1.50,1.60
2010.01.11 03:25:14.937,1.63245,1.63295,1.90,1.60
2010.01.11 03:25:21.225,1.63245,1.6329,1.90,1.00
2010.01.11 03:25:21.395,1.6324,1.6329,1.50,1.00
2010.01.11 03:25:22.945,1.6324,1.63285,1.50,1.00
2010.01.11 03:25:28.014,1.6324,1.63285,1.90,1.00
2010.01.11 03:25:28.244,1.6324,1.63295,1.90,1.70
2010.01.11 03:25:28.364,1.6325,1.63295,1.50,1.00
2010.01.11 03:25:28.884,1.6325,1.63295,1.50,1.70
2010.01.11 03:25:29.174,1.63245,1.63295,1.50,1.70
2010.01.11 03:25:30.543,1.63245,1.63295,1.90,1.70
2010.01.11 03:25:30.893,1.63245,1.6329,1.90,1.00
2010.01.11 03:25:39.421,1.63245,1.6329,1.50,1.00
2010.01.11 03:25:49.649,1.63245,1.6329,1.90,1.00
2010.01.11 03:25:50.788,1.6325,1.6329,1.00,1.00
2010.01.11 03:25:51.148,1.63245,1.6329,1.90,1.00
2010.01.11 03:25:52.548,1.63245,1.63305,2.00,3.20
2010.01.11 03:25:52.608,1.63255,1.63305,1.50,1.70
2010.01.11 03:25:52.728,1.63255,1.633,1.90,1.00
2010.01.11 03:25:52.888,1.63255,1.63295,1.90,1.00
2010.01.11 03:25:53.008,1.63245,1.63295,1.90,1.00
2010.01.11 03:25:53.068,1.63245,1.6329,1.90,1.00
2010.01.11 03:25:58.286,1.63235,1.63285,1.00,1.00
2010.01.11 03:25:58.516,1.6324,1.63285,1.00,1.00
2010.01.11 03:25:59.006,1.6324,1.6329,1.00,1.00
2010.01.11 03:25:59.296,1.63245,1.6329,1.00,1.00
2010.01.11 03:25:59.826,1.63235,1.63285,1.00,1.00
2010.01.11 03:26:00.166,1.6324,1.63285,1.00,1.00
2010.01.11 03:26:09.714,1.63245,1.63295,1.00,1.00
2010.01.11 03:26:10.094,1.6325,1.633,1.50,1.00
2010.01.11 03:26:10.494,1.6324,1.63295,1.90,1.00
2010.01.11 03:26:10.793,1.6324,1.6329,1.90,1.00
2010.01.11 03:26:11.183,1.6324,1.63295,1.50,1.00
2010.01.11 03:26:26.800,1.6324,1.6329,1.50,1.00
2010.01.11 03:26:27.130,1.63235,1.6329,1.50,1.00
2010.01.11 03:26:27.400,1.63235,1.6329,1.50,1.00
2010.01.11 03:26:29.099,1.63245,1.6329,1.50,1.00
2010.01.11 03:26:36.057,1.63235,1.6329,1.50,1.00
2010.01.11 03:26:36.237,1.6324,1.6329,1.50,1.00
2010.01.11 03:26:36.867,1.6325,1.63295,1.50,1.60
2010.01.11 03:26:47.335,1.6325,1.633,1.50,1.00
2010.01.11 03:26:47.505,1.63255,1.633,1.50,1.00
2010.01.11 03:26:52.483,1.6325,1.63305,1.50,1.70
2010.01.11 03:26:52.593,1.63255,1.63305,1.50,1.70
2010.01.11 03:26:53.663,1.63255,1.633,1.50,1.00
2010.01.11 03:26:53.903,1.6325,1.63305,1.50,2.70
2010.01.11 03:26:54.553,1.6325,1.63295,1.50,1.00
2010.01.11 03:26:54.833,1.63245,1.63295,1.50,1.00
2010.01.11 03:26:55.883,1.63245,1.6329,1.50,1.00
2010.01.11 03:26:58.292,1.63245,1.63295,1.60,1.00
2010.01.11 03:26:58.752,1.6325,1.63295,1.50,1.00
2010.01.11 03:27:04.231,1.6326,1.633,1.50,1.00
2010.01.11 03:27:04.910,1.6326,1.63305,1.50,1.70
2010.01.11 03:27:07.520,1.6326,1.63305,1.50,1.60
2010.01.11 03:27:07.580,1.6326,1.63305,1.50,1.70
2010.01.11 03:27:08.490,1.6326,1.63305,1.60,1.60
2010.01.11 03:27:08.659,1.63265,1.63305,1.50,1.60
2010.01.11 03:27:08.829,1.63265,1.6331,1.50,1.00
2010.01.11 03:27:10.079,1.6326,1.63305,1.50,1.00
2010.01.11 03:27:10.429,1.63265,1.6331,1.50,1.00
2010.01.11 03:27:10.789,1.63265,1.63305,1.50,1.00
2010.01.11 03:27:11.119,1.6326,1.63305,1.50,1.00
2010.01.11 03:27:11.459,1.63265,1.6331,1.50,1.00
2010.01.11 03:27:12.109,1.63265,1.63305,1.50,1.00
2010.01.11 03:27:12.289,1.6326,1.63305,1.50,1.00
2010.01.11 03:27:13.089,1.63265,1.63305,1.50,1.00
2010.01.11 03:27:13.379,1.63285,1.63305,1.50,1.00
2010.01.11 03:27:13.648,1.63265,1.6332,1.50,1.00
2010.01.11 03:27:13.938,1.63255,1.63315,1.50,1.60
2010.01.11 03:27:14.238,1.63265,1.63315,1.50,1.60
2010.01.11 03:27:14.578,1.6326,1.63315,1.50,1.70
2010.01.11 03:27:14.938,1.6327,1.63315,1.50,1.70
2010.01.11 03:27:15.288,1.6327,1.63315,1.50,1.60
2010.01.11 03:27:15.968,1.6327,1.6332,1.50,1.00
2010.01.11 03:27:16.788,1.6327,1.63315,1.50,1.60
2010.01.11 03:27:17.008,1.63275,1.63315,1.50,1.60
2010.01.11 03:27:17.818,1.63275,1.6332,1.50,1.00
2010.01.11 03:27:17.937,1.63275,1.63315,1.50,1.00
2010.01.11 03:27:18.297,1.6329,1.63325,1.00,1.60
2010.01.11 03:27:18.587,1.63295,1.63335,1.50,2.50
2010.01.11 03:27:18.987,1.63295,1.63335,1.50,1.70
2010.01.11 03:27:19.917,1.63295,1.6333,1.50,1.00
2010.01.11 03:27:21.276,1.63295,1.63335,1.50,1.70
2010.01.11 03:27:22.016,1.63285,1.63335,1.60,1.70
2010.01.11 03:27:22.246,1.63295,1.63335,1.50,1.70
2010.01.11 03:27:24.036,1.6329,1.63335,1.00,1.70
2010.01.11 03:27:24.266,1.63275,1.63325,1.60,1.00
2010.01.11 03:27:25.055,1.63275,1.63325,2.00,1.00
2010.01.11 03:27:25.735,1.63275,1.63325,1.60,1.00
2010.01.11 03:27:26.135,1.6327,1.6332,1.60,1.00
2010.01.11 03:27:26.835,1.6327,1.63315,1.50,1.00
2010.01.11 03:27:27.985,1.6327,1.6331,1.50,1.00
2010.01.11 03:27:29.104,1.6327,1.63315,1.50,1.00
2010.01.11 03:27:32.944,1.6327,1.6331,1.50,1.00
2010.01.11 03:27:36.663,1.6327,1.63315,1.50,1.00
2010.01.11 03:27:37.023,1.63275,1.6332,1.90,1.00
2010.01.11 03:27:37.203,1.63275,1.63325,2.00,1.00
2010.01.11 03:27:37.313,1.63275,1.63325,1.60,1.00
2010.01.11 03:27:37.483,1.63275,1.63325,2.00,1.00
2010.01.11 03:27:37.823,1.63275,1.63325,1.00,1.00
2010.01.11 03:27:38.222,1.63275,1.63325,2.00,1.00
2010.01.11 03:27:38.562,1.63265,1.63325,1.50,1.70
2010.01.11 03:27:38.863,1.6326,1.63325,1.50,1.70
2010.01.11 03:27:39.532,1.6326,1.63325,1.50,2.10
2010.01.11 03:27:39.702,1.6326,1.63315,1.50,1.00
2010.01.11 03:27:39.762,1.63255,1.63315,1.50,1.60
2010.01.11 03:27:39.882,1.63255,1.63315,1.50,3.20
2010.01.11 03:27:39.942,1.6326,1.63315,1.50,1.70
2010.01.11 03:27:49.800,1.63275,1.6332,1.50,1.00
2010.01.11 03:27:49.979,1.6327,1.6332,1.50,1.00
2010.01.11 03:27:57.188,1.63275,1.6332,1.50,1.00
2010.01.11 03:27:57.308,1.63275,1.63325,1.50,1.70
2010.01.11 03:27:57.368,1.63275,1.63325,1.90,1.70
2010.01.11 03:27:59.337,1.6329,1.63325,1.00,1.60
2010.01.11 03:27:59.577,1.6328,1.63325,1.50,1.60
2010.01.11 03:27:59.857,1.63275,1.63325,1.90,1.60
2010.01.11 03:28:00.827,1.63275,1.63325,1.90,1.70
2010.01.11 03:28:10.415,1.6328,1.63325,1.00,1.70
2010.01.11 03:28:11.105,1.6328,1.6333,1.90,1.00
2010.01.11 03:28:11.464,1.63275,1.6333,1.00,1.00
2010.01.11 03:28:11.744,1.6328,1.63325,1.00,1.70
2010.01.11 03:28:14.324,1.63275,1.63315,1.00,1.00
2010.01.11 03:28:14.554,1.6327,1.63315,1.00,1.00
2010.01.11 03:28:15.063,1.63275,1.6332,1.00,1.00
2010.01.11 03:28:16.413,1.6327,1.63315,1.00,1.00
2010.01.11 03:28:17.763,1.6327,1.6332,1.00,3.20
2010.01.11 03:28:17.883,1.6327,1.6332,1.00,1.70
2010.01.11 03:28:18.003,1.6327,1.63315,1.00,1.70
2010.01.11 03:28:18.702,1.63275,1.63315,1.00,1.70
2010.01.11 03:28:22.402,1.6327,1.63315,1.00,1.70
2010.01.11 03:28:23.191,1.63265,1.63305,1.00,1.00
2010.01.11 03:28:23.602,1.63255,1.63305,1.00,1.70
2010.01.11 03:28:23.941,1.63255,1.633,1.00,1.60
2010.01.11 03:28:24.282,1.6326,1.633,1.00,1.60
2010.01.11 03:28:24.641,1.6326,1.63305,1.00,1.60
2010.01.11 03:28:25.031,1.6326,1.6331,1.00,1.00
2010.01.11 03:28:25.331,1.63265,1.6331,1.00,1.00
2010.01.11 03:28:26.091,1.63265,1.633,1.00,1.60
2010.01.11 03:28:26.431,1.6326,1.63305,1.00,1.70
2010.01.11 03:28:26.711,1.6326,1.63305,1.00,1.60
2010.01.11 03:28:26.881,1.63275,1.63315,1.00,3.20
2010.01.11 03:28:27.001,1.6327,1.6331,1.00,1.50
2010.01.11 03:28:27.291,1.6327,1.6331,1.00,1.50
2010.01.11 03:28:27.471,1.6327,1.6331,1.00,1.50
2010.01.11 03:28:27.590,1.6327,1.6331,1.00,1.50
2010.01.11 03:28:31.750,1.6327,1.63315,1.00,4.00
2010.01.11 03:28:32.930,1.6327,1.63315,1.00,3.20
2010.01.11 03:28:33.719,1.6327,1.6332,1.00,1.00
2010.01.11 03:28:34.119,1.6327,1.6332,1.00,1.00
2010.01.11 03:28:34.299,1.63275,1.6332,1.00,1.00
2010.01.11 03:28:37.458,1.6327,1.6332,1.00,1.00
2010.01.11 03:28:37.688,1.6327,1.6331,1.00,1.00
2010.01.11 03:28:38.248,1.6327,1.63315,1.00,3.20
2010.01.11 03:28:38.428,1.6327,1.63315,1.00,1.70
2010.01.11 03:28:38.778,1.6327,1.63315,1.00,1.00
2010.01.11 03:28:39.928,1.63265,1.6331,1.00,1.00
2010.01.11 03:28:46.126,1.63275,1.6332,1.50,1.00
2010.01.11 03:28:46.476,1.63275,1.63325,1.90,1.60
2010.01.11 03:28:46.706,1.6328,1.63325,1.00,1.60
2010.01.11 03:28:46.936,1.63285,1.63335,1.00,1.70
2010.01.11 03:28:48.375,1.63285,1.6333,1.00,1.00
2010.01.11 03:28:48.735,1.6328,1.6333,1.00,1.00
2010.01.11 03:28:51.195,1.6328,1.63325,1.00,1.00
2010.01.11 03:28:52.805,1.63285,1.63325,1.00,1.00
2010.01.11 03:28:53.894,1.63285,1.6333,1.00,1.00
2010.01.11 03:29:01.172,1.63285,1.63335,1.00,3.30
2010.01.11 03:29:04.782,1.6329,1.63335,1.00,1.00
2010.01.11 03:29:06.911,1.6329,1.6334,1.00,1.60
2010.01.11 03:29:08.840,1.6329,1.63335,1.00,1.00
2010.01.11 03:29:09.111,1.6329,1.63335,1.00,1.70
2010.01.11 03:29:09.280,1.63285,1.63335,1.00,3.30
2010.01.11 03:29:15.869,1.63285,1.63335,1.00,4.80
2010.01.11 03:29:17.818,1.63285,1.6333,1.00,1.00
2010.01.11 03:29:17.929,1.63285,1.63325,1.00,1.50
2010.01.11 03:29:18.048,1.63275,1.6333,1.00,3.30
2010.01.11 03:29:26.256,1.6328,1.6333,1.00,1.00
2010.01.11 03:29:26.996,1.63275,1.6332,1.00,1.00
2010.01.11 03:29:33.865,1.63275,1.63315,1.00,1.50
2010.01.11 03:29:34.035,1.6326,1.6331,1.00,1.50
2010.01.11 03:29:34.264,1.63265,1.63315,1.00,1.00
2010.01.11 03:29:34.794,1.6327,1.63315,1.00,1.00
2010.01.11 03:29:41.373,1.6327,1.63315,1.00,1.70
2010.01.11 03:29:41.732,1.6327,1.63315,1.00,1.00
2010.01.11 03:29:59.049,1.6327,1.63315,1.00,1.70
2010.01.11 03:30:05.857,1.6327,1.6332,1.00,1.60
2010.01.11 03:30:06.027,1.6327,1.6332,1.00,1.00
2010.01.11 03:30:07.576,1.6327,1.63315,1.00,1.60
2010.01.11 03:30:09.576,1.6327,1.6332,1.00,1.00
2010.01.11 03:30:09.746,1.6327,1.63315,1.00,1.00
2010.01.11 03:30:11.805,1.6327,1.6332,1.00,1.60
2010.01.11 03:30:12.155,1.6327,1.6332,1.00,1.00
2010.01.11 03:30:16.314,1.6327,1.63315,1.00,1.60
2010.01.11 03:30:16.694,1.6327,1.6332,1.00,1.00
2010.01.11 03:30:22.923,1.6327,1.63315,1.00,1.60
2010.01.11 03:30:24.422,1.6327,1.6332,1.00,1.00
2010.01.11 03:30:24.642,1.6327,1.63315,1.00,1.60
2010.01.11 03:30:24.872,1.63265,1.63315,2.00,1.60
2010.01.11 03:30:31.181,1.63265,1.6332,2.00,1.00
2010.01.11 03:30:31.481,1.63265,1.63315,2.00,1.60
2010.01.11 03:30:32.110,1.63275,1.63315,1.00,1.60
2010.01.11 03:30:49.436,1.63275,1.63315,1.00,1.60
2010.01.11 03:30:52.786,1.6328,1.63315,1.60,1.60
2010.01.11 03:30:53.026,1.6328,1.63335,2.00,4.10
2010.01.11 03:30:53.265,1.63285,1.63335,2.00,1.00
2010.01.11 03:30:53.505,1.63285,1.63335,2.00,1.60
2010.01.11 03:30:53.726,1.63285,1.63335,1.60,3.20
2010.01.11 03:30:54.245,1.63285,1.63335,2.00,1.60
2010.01.11 03:30:54.595,1.63285,1.63335,1.00,3.30
2010.01.11 03:30:55.885,1.63285,1.63335,1.00,3.20
2010.01.11 03:30:56.125,1.63295,1.63335,1.00,1.60
2010.01.11 03:30:56.475,1.63295,1.63345,1.00,2.40
2010.01.11 03:30:56.815,1.63295,1.63345,1.00,1.60
2010.01.11 03:30:57.614,1.63295,1.63345,1.00,1.70
2010.01.11 03:30:57.794,1.63295,1.63345,1.60,1.70
2010.01.11 03:30:59.844,1.63295,1.63345,2.00,1.70
2010.01.11 03:31:01.334,1.633,1.63345,1.00,1.60
2010.01.11 03:31:01.614,1.633,1.63345,1.60,1.60
2010.01.11 03:31:01.953,1.633,1.63355,2.00,3.30
2010.01.11 03:31:02.963,1.633,1.63345,2.00,1.00
2010.01.11 03:31:04.643,1.633,1.63345,1.90,1.60
2010.01.11 03:31:04.813,1.63295,1.63345,2.00,1.60
2010.01.11 03:31:06.072,1.63295,1.63345,2.00,1.70
2010.01.11 03:31:10.621,1.633,1.63345,1.00,1.60
2010.01.11 03:31:12.111,1.633,1.6335,1.00,1.90
2010.01.11 03:31:18.959,1.633,1.63345,1.00,1.00
2010.01.11 03:31:20.419,1.63305,1.63345,1.00,1.00
2010.01.11 03:31:22.708,1.63305,1.63345,1.00,1.70
2010.01.11 03:31:25.048,1.63305,1.63345,1.00,1.60
2010.01.11 03:31:25.098,1.63305,1.6335,1.00,1.00
2010.01.11 03:31:27.317,1.63305,1.6335,1.00,1.00
2010.01.11 03:31:34.466,1.633,1.63335,1.50,1.00
2010.01.11 03:31:34.796,1.633,1.63345,1.50,1.70
2010.01.11 03:31:35.365,1.63295,1.63345,1.90,1.70
2010.01.11 03:31:35.765,1.63295,1.6334,1.00,1.00
2010.01.11 03:31:36.065,1.6329,1.6334,1.00,1.00
2010.01.11 03:31:41.104,1.6329,1.6334,1.00,1.00
2010.01.11 03:31:41.384,1.63285,1.63335,2.00,1.00
2010.01.11 03:31:41.664,1.6329,1.63335,1.00,1.00
2010.01.11 03:31:42.784,1.6329,1.6334,2.00,1.00
2010.01.11 03:31:42.963,1.63295,1.6334,1.00,1.00
2010.01.11 03:31:43.193,1.6329,1.6334,2.00,1.00
2010.01.11 03:31:43.414,1.6329,1.63345,2.50,1.70
2010.01.11 03:31:43.814,1.633,1.63345,1.00,1.70
2010.01.11 03:31:44.453,1.633,1.63345,1.00,1.00
2010.01.11 03:31:45.073,1.633,1.6334,1.00,1.00
2010.01.11 03:31:45.363,1.63295,1.6334,1.00,1.00
2010.01.11 03:31:47.442,1.6329,1.6333,1.50,1.00
2010.01.11 03:31:47.662,1.6329,1.6333,1.00,1.00
2010.01.11 03:31:48.372,1.63285,1.6333,1.90,1.00
2010.01.11 03:31:51.771,1.6328,1.63325,1.00,1.00
2010.01.11 03:31:51.932,1.6328,1.63325,1.00,1.00
2010.01.11 03:31:53.091,1.63285,1.63325,1.00,1.00
2010.01.11 03:31:54.471,1.6328,1.6333,1.00,1.60
2010.01.11 03:31:54.821,1.6328,1.6332,1.00,1.00
2010.01.11 03:31:55.171,1.6328,1.63325,1.00,1.00
2010.01.11 03:31:55.471,1.63285,1.63325,1.00,1.00
2010.01.11 03:31:59.330,1.63285,1.6332,1.00,1.00
2010.01.11 03:31:59.679,1.6328,1.63315,1.00,1.00
2010.01.11 03:32:00.029,1.63265,1.63315,1.00,1.60
2010.01.11 03:32:01.209,1.63265,1.63305,1.00,1.00
2010.01.11 03:32:01.899,1.63265,1.633,1.00,1.00
2010.01.11 03:32:02.879,1.63265,1.633,1.90,1.00
2010.01.11 03:32:03.178,1.63265,1.6332,1.90,1.60
2010.01.11 03:32:03.288,1.63275,1.6332,1.50,1.00
2010.01.11 03:32:03.509,1.63275,1.6332,1.90,1.00
2010.01.11 03:32:03.619,1.6328,1.6332,1.00,1.00
2010.01.11 03:32:04.098,1.6328,1.6332,1.90,1.00
2010.01.11 03:32:04.448,1.6328,1.63325,1.90,1.00
2010.01.11 03:32:05.138,1.6328,1.63325,1.50,1.00
2010.01.11 03:32:05.638,1.63275,1.63325,1.90,1.60
2010.01.11 03:32:06.878,1.63275,1.6332,1.90,1.00
2010.01.11 03:32:08.287,1.6328,1.6332,1.00,1.00
2010.01.11 03:32:08.578,1.6328,1.63325,1.00,1.60
2010.01.11 03:32:08.797,1.6328,1.63325,1.00,1.60
2010.01.11 03:32:09.027,1.6328,1.63325,1.00,1.50
2010.01.11 03:32:09.207,1.6328,1.6333,1.00,1.00
2010.01.11 03:32:09.687,1.63285,1.6333,1.00,1.00
2010.01.11 03:32:10.037,1.63285,1.63325,1.00,1.00
2010.01.11 03:32:12.386,1.6328,1.63325,1.00,1.00
2010.01.11 03:32:12.557,1.63285,1.63325,1.00,1.00
2010.01.11 03:32:15.916,1.63285,1.6332,1.00,1.00
2010.01.11 03:32:16.256,1.63265,1.6332,1.00,1.00
2010.01.11 03:32:16.596,1.63265,1.63315,1.00,1.50
2010.01.11 03:32:16.835,1.6326,1.63315,1.90,1.60
2010.01.11 03:32:17.065,1.6326,1.633,1.90,1.00
2010.01.11 03:32:17.295,1.6326,1.63305,1.90,1.00
2010.01.11 03:32:17.585,1.63275,1.63305,1.00,1.00
2010.01.11 03:32:17.815,1.63275,1.63325,1.00,1.70
2010.01.11 03:32:18.045,1.6328,1.6333,1.00,1.00
2010.01.11 03:32:23.524,1.6328,1.6332,1.00,1.50
2010.01.11 03:32:23.634,1.63265,1.6332,1.50,1.50
2010.01.11 03:32:24.953,1.63265,1.6331,1.50,1.00
2010.01.11 03:32:26.233,1.63265,1.63305,1.50,1.00
2010.01.11 03:32:26.933,1.63265,1.6331,1.50,1.00
2010.01.11 03:32:27.753,1.63265,1.6331,1.60,1.00
2010.01.11 03:32:28.333,1.63265,1.6331,1.50,1.00
2010.01.11 03:32:29.032,1.63265,1.63305,1.50,1.00
2010.01.11 03:32:29.772,1.63265,1.6331,1.50,1.00
2010.01.11 03:32:31.962,1.63265,1.6331,1.60,1.00
2010.01.11 03:32:33.061,1.63265,1.6331,2.00,1.00
2010.01.11 03:32:33.991,1.63265,1.63315,2.00,1.00
2010.01.11 03:32:34.341,1.6327,1.63315,1.00,1.00
2010.01.11 03:32:36.091,1.6327,1.6331,1.00,1.00
2010.01.11 03:32:38.590,1.63265,1.6331,1.90,1.00
2010.01.11 03:32:38.760,1.63275,1.63325,1.90,1.60
2010.01.11 03:32:40.349,1.63275,1.63325,1.90,1.70
2010.01.11 03:32:41.479,1.63275,1.63325,2.00,1.60
2010.01.11 03:32:42.169,1.6328,1.63325,1.00,1.60
2010.01.11 03:32:45.528,1.6326,1.63315,2.00,1.50
2010.01.11 03:32:45.878,1.6328,1.63315,1.00,1.50
2010.01.11 03:32:46.238,1.6328,1.63325,1.00,1.60
2010.01.11 03:32:52.317,1.6328,1.63325,1.00,1.70
2010.01.11 03:32:56.206,1.6328,1.63325,1.90,1.60
2010.01.11 03:32:56.486,1.63275,1.6332,1.00,1.50
2010.01.11 03:32:56.826,1.6328,1.63325,1.00,1.60
2010.01.11 03:32:57.186,1.6328,1.63325,1.90,1.60
2010.01.11 03:33:02.994,1.6328,1.63325,1.90,1.70
2010.01.11 03:33:03.554,1.6328,1.63325,1.50,1.70
2010.01.11 03:33:08.143,1.63265,1.6332,1.50,1.50
2010.01.11 03:33:10.032,1.63265,1.6331,1.50,1.00
2010.01.11 03:33:10.822,1.63265,1.63305,1.50,1.00
2010.01.11 03:33:10.992,1.63265,1.63305,1.50,1.00
2010.01.11 03:33:15.591,1.63265,1.63305,1.50,1.00
2010.01.11 03:33:20.360,1.63255,1.6331,2.00,1.60
2010.01.11 03:33:20.590,1.6327,1.63315,1.50,1.60
2010.01.11 03:33:20.810,1.63275,1.63325,1.50,1.70
2010.01.11 03:33:21.160,1.6329,1.63325,1.50,1.00
2010.01.11 03:33:21.510,1.63285,1.6333,1.00,1.00
2010.01.11 03:33:21.860,1.63285,1.6333,1.90,1.00
2010.01.11 03:33:23.819,1.63285,1.6333,1.90,1.00
2010.01.11 03:33:23.989,1.6329,1.6333,1.00,1.00
2010.01.11 03:33:24.509,1.6329,1.6333,1.90,1.00
2010.01.11 03:33:25.209,1.6329,1.6333,1.50,1.00
2010.01.11 03:33:25.859,1.6329,1.6333,1.90,1.00
2010.01.11 03:33:26.199,1.6329,1.6333,1.50,1.00
2010.01.11 03:33:26.559,1.633,1.6334,1.00,1.50
2010.01.11 03:33:26.908,1.63295,1.6334,1.90,1.00
2010.01.11 03:33:27.599,1.633,1.63345,1.50,1.70
2010.01.11 03:33:28.288,1.633,1.63345,1.50,1.60
2010.01.11 03:33:28.398,1.63305,1.63345,1.50,1.60
2010.01.11 03:33:28.628,1.633,1.63345,1.50,1.70
2010.01.11 03:33:30.078,1.63305,1.63345,1.50,1.60
2010.01.11 03:33:30.758,1.633,1.63345,1.50,1.70
2010.01.11 03:33:31.138,1.63295,1.6335,1.60,1.00
2010.01.11 03:33:31.477,1.63295,1.63345,1.50,1.70
2010.01.11 03:33:31.807,1.633,1.63345,1.50,1.70
2010.01.11 03:33:32.717,1.63305,1.63345,1.50,1.70
2010.01.11 03:33:32.887,1.63305,1.63345,1.50,1.00
2010.01.11 03:33:33.737,1.633,1.63345,1.50,1.00
2010.01.11 03:33:34.506,1.63295,1.63345,1.50,1.00
2010.01.11 03:33:34.736,1.63285,1.6334,1.90,1.60
2010.01.11 03:33:35.017,1.63285,1.6334,1.50,1.60
2010.01.11 03:33:35.246,1.63275,1.6334,2.00,1.60
2010.01.11 03:33:35.466,1.63275,1.63335,1.90,1.00
2010.01.11 03:33:36.796,1.6328,1.6333,1.00,1.50
2010.01.11 03:33:37.096,1.63285,1.63335,1.50,1.60
2010.01.11 03:33:37.336,1.63285,1.6334,1.50,1.60
2010.01.11 03:33:37.616,1.63285,1.63335,1.50,1.60
2010.01.11 03:33:37.836,1.63285,1.6334,1.50,1.50
2010.01.11 03:33:38.186,1.63285,1.63335,1.50,1.70
2010.01.11 03:33:39.395,1.63285,1.6333,1.50,1.00
2010.01.11 03:33:39.745,1.6327,1.6332,1.50,1.00
2010.01.11 03:33:41.785,1.6327,1.6332,1.90,1.00
2010.01.11 03:33:42.125,1.6329,1.63355,1.60,1.60
2010.01.11 03:33:42.365,1.6329,1.63355,1.00,1.70
2010.01.11 03:33:42.645,1.6329,1.63355,1.00,1.50
2010.01.11 03:33:42.875,1.63295,1.63355,1.00,2.30
2010.01.11 03:33:43.115,1.63295,1.63355,1.00,1.50
2010.01.11 03:33:43.645,1.6329,1.63355,1.00,1.70
2010.01.11 03:33:43.934,1.63285,1.6335,2.00,1.00
2010.01.11 03:33:44.225,1.6329,1.63345,1.90,1.60
2010.01.11 03:33:45.264,1.6329,1.63345,1.00,1.60
2010.01.11 03:33:45.664,1.63295,1.63355,1.90,4.70
2010.01.11 03:33:45.954,1.633,1.6335,1.50,1.50
2010.01.11 03:33:46.254,1.633,1.6335,1.90,1.50
2010.01.11 03:33:46.594,1.633,1.6335,1.90,1.60
2010.01.11 03:33:47.643,1.633,1.6335,1.90,1.50
2010.01.11 03:33:49.023,1.633,1.6335,1.90,1.60
2010.01.11 03:33:49.243,1.633,1.63355,2.00,1.60
2010.01.11 03:33:49.483,1.63305,1.63365,1.00,4.00
2010.01.11 03:33:49.823,1.633,1.63355,1.00,1.60
2010.01.11 03:33:50.173,1.633,1.63355,1.00,3.10
2010.01.11 03:33:50.523,1.633,1.63355,1.00,4.00
2010.01.11 03:33:50.863,1.63305,1.6335,1.90,1.00
2010.01.11 03:33:51.213,1.63305,1.63365,1.00,3.10
2010.01.11 03:33:51.603,1.6331,1.63365,1.00,3.90
2010.01.11 03:33:51.952,1.6331,1.63365,1.00,4.00
2010.01.11 03:33:52.393,1.63315,1.63365,1.00,3.20
2010.01.11 03:33:52.732,1.63315,1.63365,1.00,3.10
2010.01.11 03:33:53.022,1.6331,1.63365,1.00,3.10
2010.01.11 03:33:53.262,1.6331,1.63365,1.00,3.20
2010.01.11 03:33:53.602,1.63305,1.63365,1.00,3.20
2010.01.11 03:33:54.962,1.63305,1.6336,1.00,1.60
2010.01.11 03:33:55.372,1.633,1.63355,1.00,1.60
2010.01.11 03:33:56.382,1.63305,1.63355,1.00,1.60
2010.01.11 03:33:59.551,1.633,1.63355,1.00,1.60
2010.01.11 03:33:59.881,1.63305,1.63355,1.60,1.60
2010.01.11 03:34:01.400,1.6331,1.63355,1.00,1.60
2010.01.11 03:34:01.780,1.63305,1.63355,1.00,1.60
2010.01.11 03:34:04.599,1.63305,1.63355,1.50,3.10
2010.01.11 03:34:05.939,1.633,1.63345,1.00,1.50
2010.01.11 03:34:06.289,1.63295,1.6334,1.00,1.50
2010.01.11 03:34:06.519,1.63295,1.6334,1.00,1.50
2010.01.11 03:34:06.819,1.63295,1.63355,1.00,3.10
2010.01.11 03:34:07.169,1.633,1.63355,1.50,1.60
2010.01.11 03:34:11.408,1.633,1.63365,2.00,3.20
2010.01.11 03:34:11.987,1.633,1.63365,1.60,3.20
2010.01.11 03:34:12.207,1.63305,1.63365,1.00,3.10
2010.01.11 03:34:12.447,1.6332,1.63375,1.60,3.10
2010.01.11 03:34:12.737,1.6332,1.63375,2.00,3.10
2010.01.11 03:34:13.377,1.63325,1.63375,1.50,1.60
2010.01.11 03:34:13.547,1.63325,1.63375,1.90,1.60
2010.01.11 03:34:13.717,1.63325,1.63365,1.90,1.60
2010.01.11 03:34:13.887,1.63305,1.63355,1.00,1.50
2010.01.11 03:34:14.187,1.6329,1.63345,1.60,1.50
2010.01.11 03:34:14.467,1.6329,1.6334,1.00,1.50
2010.01.11 03:34:14.737,1.6329,1.63345,1.60,1.50
2010.01.11 03:34:15.327,1.6329,1.6334,2.00,1.00
2010.01.11 03:34:15.667,1.6329,1.6334,1.00,1.60
2010.01.11 03:34:16.377,1.6329,1.6334,1.60,1.00
2010.01.11 03:34:16.727,1.6329,1.6333,1.50,1.00
2010.01.11 03:34:17.126,1.6328,1.63315,1.00,1.50
2010.01.11 03:34:17.296,1.6328,1.6332,1.00,1.50
2010.01.11 03:34:17.457,1.63275,1.6332,1.00,1.50
2010.01.11 03:34:18.806,1.63275,1.63325,1.50,1.00
2010.01.11 03:34:19.146,1.6328,1.6333,1.50,1.00
2010.01.11 03:34:19.436,1.63275,1.6333,1.90,1.60
2010.01.11 03:34:19.656,1.63275,1.63325,1.00,1.00
2010.01.11 03:34:19.896,1.63265,1.63315,1.00,1.00
2010.01.11 03:34:20.525,1.6327,1.6332,1.00,1.00
2010.01.11 03:34:22.625,1.63265,1.6332,1.00,1.60
2010.01.11 03:34:24.005,1.6327,1.63315,1.00,1.00
2010.01.11 03:34:24.565,1.6328,1.63335,1.00,4.00
2010.01.11 03:34:24.975,1.63285,1.6334,1.00,1.50
2010.01.11 03:34:25.305,1.63295,1.63345,1.00,3.20
2010.01.11 03:34:26.005,1.6329,1.63345,1.00,1.50
2010.01.11 03:34:26.345,1.63295,1.6335,1.00,1.60
2010.01.11 03:34:26.694,1.633,1.6335,1.00,1.50
2010.01.11 03:34:26.994,1.63305,1.6335,1.00,1.50
2010.01.11 03:34:27.284,1.6331,1.63355,1.00,3.20
2010.01.11 03:34:27.864,1.6331,1.6336,1.00,1.00
2010.01.11 03:34:28.104,1.6331,1.63355,1.00,1.60
2010.01.11 03:34:28.334,1.63305,1.63355,1.00,3.20
2010.01.11 03:34:28.973,1.6331,1.63355,1.00,1.60
2010.01.11 03:34:29.653,1.63305,1.63355,1.00,1.60
2010.01.11 03:34:29.993,1.6331,1.63355,1.00,1.60
2010.01.11 03:34:30.333,1.6331,1.63355,1.00,1.70
2010.01.11 03:34:30.693,1.6331,1.63355,1.00,3.20
2010.01.11 03:34:31.453,1.6333,1.63365,1.00,1.00
2010.01.11 03:34:31.793,1.63315,1.63365,1.90,1.70
2010.01.11 03:34:34.592,1.6332,1.63365,1.00,3.10
2010.01.11 03:34:34.932,1.63315,1.63365,1.00,1.60
2010.01.11 03:34:35.522,1.6331,1.63365,1.00,1.60
2010.01.11 03:34:36.122,1.6331,1.63365,1.00,1.70
2010.01.11 03:34:36.402,1.63315,1.63365,1.00,1.70
2010.01.11 03:34:36.732,1.6333,1.63365,1.00,1.60
2010.01.11 03:34:37.081,1.6333,1.6337,1.00,1.00
2010.01.11 03:34:37.431,1.63325,1.6337,1.00,1.60
2010.01.11 03:34:37.491,1.63325,1.63365,1.00,1.60
2010.01.11 03:34:38.342,1.63325,1.63365,1.00,1.70
2010.01.11 03:34:39.041,1.63325,1.6337,1.00,1.60
2010.01.11 03:34:39.281,1.63335,1.6337,1.00,1.50
2010.01.11 03:34:39.501,1.63335,1.63375,1.00,1.00
2010.01.11 03:34:39.841,1.63335,1.6338,1.00,1.60
2010.01.11 03:34:41.621,1.6333,1.63375,1.00,1.00
2010.01.11 03:34:41.910,1.63325,1.63375,1.00,1.60
2010.01.11 03:34:42.250,1.6333,1.6338,1.90,1.00
2010.01.11 03:34:42.590,1.63335,1.6339,1.50,1.60
2010.01.11 03:34:42.940,1.6334,1.6339,1.00,1.60
2010.01.11 03:34:43.640,1.6334,1.63395,1.90,3.20
2010.01.11 03:34:43.990,1.6334,1.63395,1.50,3.20
2010.01.11 03:34:44.560,1.63335,1.63385,1.00,1.50
2010.01.11 03:34:45.450,1.63335,1.6339,1.90,1.50
2010.01.11 03:34:45.799,1.63335,1.63385,1.00,1.50
2010.01.11 03:34:46.789,1.63345,1.63395,1.00,3.20
2010.01.11 03:34:47.129,1.63345,1.6339,1.00,1.60
2010.01.11 03:34:47.649,1.63345,1.63385,1.00,1.60
2010.01.11 03:34:47.889,1.63345,1.63385,1.00,1.60
2010.01.11 03:34:48.119,1.63345,1.6339,1.00,1.80
2010.01.11 03:34:48.979,1.63345,1.63385,1.00,1.50
2010.01.11 03:34:49.158,1.6334,1.63385,1.00,1.60
2010.01.11 03:34:51.348,1.6334,1.63385,1.00,1.50
2010.01.11 03:34:51.708,1.6334,1.6339,1.00,1.60
2010.01.11 03:34:52.058,1.63335,1.6339,2.00,1.60
2010.01.11 03:34:58.916,1.6334,1.63395,1.00,3.30
2010.01.11 03:35:05.045,1.63335,1.6338,1.00,1.50
2010.01.11 03:35:05.565,1.63335,1.6338,1.00,1.60
2010.01.11 03:35:14.193,1.63335,1.6338,1.00,1.50
2010.01.11 03:35:14.372,1.63335,1.63375,1.00,1.50
2010.01.11 03:35:14.552,1.6333,1.63375,1.00,1.50
2010.01.11 03:35:20.781,1.6332,1.63375,1.00,1.50
2010.01.11 03:35:26.270,1.63325,1.63375,1.00,1.50
2010.01.11 03:35:26.600,1.6332,1.63375,1.90,1.50
2010.01.11 03:35:26.949,1.63325,1.63375,1.00,1.50
2010.01.11 03:35:27.119,1.6333,1.63375,1.00,1.50
2010.01.11 03:35:27.349,1.63325,1.63375,1.00,1.50
2010.01.11 03:35:27.589,1.6333,1.63375,1.00,1.50
2010.01.11 03:35:27.989,1.63325,1.63375,1.00,1.50
2010.01.11 03:35:28.219,1.6333,1.63375,1.00,1.50
2010.01.11 03:35:28.279,1.63325,1.63375,1.00,1.50
2010.01.11 03:35:28.749,1.6332,1.63375,1.00,1.50
2010.01.11 03:35:29.379,1.6332,1.6338,1.00,1.00
2010.01.11 03:35:29.729,1.6332,1.6338,1.20,1.00
2010.01.11 03:35:30.119,1.6332,1.63375,1.00,1.50
2010.01.11 03:35:30.459,1.63325,1.63375,1.90,1.50
2010.01.11 03:35:31.588,1.63325,1.63365,1.00,1.50
2010.01.11 03:35:31.938,1.63335,1.6338,1.00,1.60
2010.01.11 03:35:32.218,1.6333,1.6338,1.00,1.60
2010.01.11 03:35:32.548,1.63325,1.6338,1.00,1.60
2010.01.11 03:35:32.898,1.63325,1.6338,1.00,1.60
2010.01.11 03:35:33.178,1.63325,1.6338,1.00,1.60
2010.01.11 03:35:36.867,1.63325,1.63375,1.00,1.00
2010.01.11 03:35:37.217,1.63325,1.6337,1.00,1.50
2010.01.11 03:35:50.744,1.6333,1.63375,1.00,1.50
2010.01.11 03:35:55.543,1.63325,1.63375,1.50,1.50
2010.01.11 03:35:56.233,1.6332,1.63375,2.00,1.50
2010.01.11 03:36:01.501,1.63325,1.6338,1.50,1.50
2010.01.11 03:36:09.570,1.63325,1.6338,1.60,1.50
2010.01.11 03:36:15.058,1.63345,1.634,1.50,1.60
2010.01.11 03:36:18.197,1.63345,1.634,1.50,1.50
2010.01.11 03:36:25.415,1.63345,1.634,1.50,1.60
2010.01.11 03:36:25.766,1.6334,1.63395,1.50,1.50
2010.01.11 03:36:26.105,1.63345,1.63395,1.50,1.50
2010.01.11 03:36:26.505,1.6334,1.6339,1.50,1.50
2010.01.11 03:36:28.675,1.6333,1.63385,1.60,1.60
2010.01.11 03:36:28.905,1.6332,1.63375,1.60,1.50
2010.01.11 03:36:29.135,1.6331,1.63365,2.00,1.50
2010.01.11 03:36:29.365,1.6331,1.6336,1.00,1.50
2010.01.11 03:36:30.754,1.63305,1.63355,1.00,1.50
2010.01.11 03:36:31.564,1.63305,1.6335,1.00,1.50
2010.01.11 03:36:33.924,1.633,1.6335,1.00,1.60
2010.01.11 03:36:34.503,1.63305,1.6335,1.00,1.50
2010.01.11 03:36:35.423,1.63305,1.63355,1.00,1.60
2010.01.11 03:36:38.872,1.63305,1.6335,1.00,1.00
2010.01.11 03:36:46.700,1.63305,1.63355,1.00,1.60
2010.01.11 03:36:50.949,1.63285,1.63335,1.00,1.00
2010.01.11 03:36:51.809,1.6329,1.63335,1.00,1.00
2010.01.11 03:36:55.348,1.63285,1.63335,1.00,1.00
2010.01.11 03:36:55.578,1.63285,1.63325,1.00,1.50
2010.01.11 03:36:56.148,1.6329,1.63325,1.00,1.50
2010.01.11 03:36:57.068,1.63285,1.63325,1.00,1.50
2010.01.11 03:36:58.907,1.6329,1.63325,1.00,1.50
2010.01.11 03:36:59.267,1.63285,1.63325,1.00,1.50
2010.01.11 03:37:01.047,1.6329,1.63325,1.00,1.50
2010.01.11 03:37:01.737,1.6329,1.63335,1.00,1.60
2010.01.11 03:37:12.724,1.6329,1.6334,1.00,1.60
2010.01.11 03:37:13.814,1.63295,1.6334,1.00,1.60
2010.01.11 03:37:13.974,1.63295,1.6334,1.00,1.60
2010.01.11 03:37:21.222,1.63285,1.63325,1.00,1.50
2010.01.11 03:37:25.811,1.63285,1.6333,1.00,1.60
2010.01.11 03:37:29.630,1.63285,1.63325,1.00,1.50
2010.01.11 03:37:30.790,1.6328,1.63325,1.00,1.50
2010.01.11 03:37:31.869,1.63285,1.63325,1.00,1.50
2010.01.11 03:37:38.038,1.6328,1.63325,1.00,1.50
2010.01.11 03:37:39.878,1.63285,1.63325,1.00,1.50
2010.01.11 03:37:49.605,1.6328,1.63325,1.00,1.60
2010.01.11 03:37:50.065,1.6328,1.63325,1.00,1.60
2010.01.11 03:37:56.794,1.6328,1.63325,1.00,1.50
2010.01.11 03:37:57.033,1.6328,1.6333,1.00,1.60
2010.01.11 03:37:58.023,1.63285,1.6333,1.00,1.60
2010.01.11 03:37:58.373,1.6328,1.6333,1.00,1.60
2010.01.11 03:37:59.403,1.6328,1.63325,1.00,1.00
2010.01.11 03:37:59.463,1.63275,1.6332,1.50,1.00
2010.01.11 03:37:59.813,1.63275,1.6332,1.00,1.50
2010.01.11 03:38:00.863,1.6328,1.6332,1.00,1.50
2010.01.11 03:38:01.223,1.6328,1.6332,1.00,1.50
2010.01.11 03:38:08.241,1.6327,1.6331,1.00,1.50
2010.01.11 03:38:12.880,1.6327,1.6332,1.00,1.50
2010.01.11 03:38:13.110,1.63275,1.63325,1.00,1.50
2010.01.11 03:38:13.289,1.6328,1.6334,1.00,1.50
2010.01.11 03:38:13.519,1.6328,1.6333,1.00,1.50
2010.01.11 03:38:14.359,1.63275,1.6333,1.00,1.50
2010.01.11 03:38:14.829,1.63275,1.6334,1.00,1.60
2010.01.11 03:38:15.739,1.63275,1.6334,1.00,1.60
2010.01.11 03:38:16.099,1.6328,1.6334,1.00,1.60
2010.01.11 03:38:20.158,1.63275,1.63325,1.60,1.50
2010.01.11 03:38:20.498,1.6328,1.63335,1.50,1.50
2010.01.11 03:38:20.838,1.63275,1.63325,1.00,1.50
2010.01.11 03:38:21.228,1.63275,1.63325,1.00,1.50
2010.01.11 03:38:23.417,1.63275,1.63325,1.70,1.50
2010.01.11 03:38:23.717,1.63275,1.6332,1.70,1.50
2010.01.11 03:38:23.947,1.63275,1.6332,1.00,1.50
2010.01.11 03:38:24.837,1.63275,1.63325,1.00,1.60
2010.01.11 03:38:25.986,1.63275,1.6332,1.00,1.00
2010.01.11 03:38:26.346,1.6328,1.63325,1.00,1.60
2010.01.11 03:38:33.694,1.63275,1.6332,1.00,1.00
2010.01.11 03:38:33.865,1.63275,1.6332,1.00,1.60
2010.01.11 03:38:35.064,1.6327,1.6332,1.00,1.60
2010.01.11 03:38:35.974,1.63275,1.6332,1.00,1.60
2010.01.11 03:38:36.664,1.6327,1.63315,1.00,1.00
2010.01.11 03:38:37.014,1.63275,1.6332,1.00,1.60
2010.01.11 03:38:41.863,1.6328,1.63325,1.00,1.50
2010.01.11 03:38:42.214,1.63275,1.63325,1.00,1.50
2010.01.11 03:38:42.562,1.6328,1.6332,1.00,1.50
2010.01.11 03:38:42.964,1.6328,1.6333,1.00,1.50
2010.01.11 03:38:43.202,1.63285,1.6333,1.00,1.50
2010.01.11 03:38:43.662,1.63285,1.63335,1.00,1.50
2010.01.11 03:38:45.212,1.63285,1.6333,1.00,1.50
2010.01.11 03:38:45.572,1.6328,1.6333,1.00,1.50
2010.01.11 03:38:47.241,1.63285,1.63335,1.00,1.50
2010.01.11 03:38:49.191,1.6328,1.6333,1.00,1.50
2010.01.11 03:38:51.330,1.63285,1.63335,1.00,1.50
2010.01.11 03:38:58.399,1.6328,1.63335,1.60,1.60
2010.01.11 03:38:58.569,1.6328,1.6333,1.00,1.50
2010.01.11 03:38:58.749,1.63275,1.6333,1.00,1.60
2010.01.11 03:38:58.809,1.63275,1.63325,1.60,1.50
2010.01.11 03:38:59.039,1.6328,1.63325,1.00,1.50
2010.01.11 03:38:59.458,1.63275,1.63325,1.60,1.50
2010.01.11 03:39:00.358,1.63275,1.63325,1.80,1.50
2010.01.11 03:39:02.848,1.63275,1.63325,1.60,1.50
2010.01.11 03:39:03.147,1.6328,1.63325,1.00,1.50
2010.01.11 03:39:03.897,1.63275,1.63325,1.50,1.60
2010.01.11 03:39:04.188,1.63275,1.63325,1.60,1.50
2010.01.11 03:39:04.697,1.6328,1.63325,1.00,1.50
2010.01.11 03:39:04.977,1.63275,1.63325,1.60,1.50
2010.01.11 03:39:05.257,1.63275,1.63325,1.80,1.50
2010.01.11 03:39:10.166,1.63285,1.63325,1.00,1.50
2010.01.11 03:39:10.686,1.63285,1.63335,1.00,1.50
2010.01.11 03:39:12.705,1.63285,1.63335,1.00,5.90
2010.01.11 03:39:13.035,1.6328,1.63335,1.60,1.60
2010.01.11 03:39:13.205,1.6328,1.6333,1.00,1.50
2010.01.11 03:39:18.304,1.63285,1.6333,1.00,1.50
2010.01.11 03:39:18.534,1.63285,1.63335,1.00,1.50
2010.01.11 03:39:28.611,1.63285,1.6334,1.60,1.60
2010.01.11 03:39:30.111,1.6329,1.6334,1.00,1.60
2010.01.11 03:39:30.991,1.63295,1.6334,1.00,1.60
2010.01.11 03:39:43.657,1.63295,1.6334,1.00,1.50
2010.01.11 03:39:43.827,1.63295,1.63345,1.00,1.60
2010.01.11 03:39:44.427,1.6329,1.6334,1.00,1.50
2010.01.11 03:39:44.547,1.63295,1.6334,1.00,1.50
2010.01.11 03:39:46.097,1.633,1.63345,1.00,1.50
2010.01.11 03:39:47.097,1.63295,1.6334,1.00,1.50
2010.01.11 03:39:47.826,1.633,1.6334,1.00,1.50
2010.01.11 03:39:57.384,1.6331,1.63345,1.00,1.50
2010.01.11 03:39:59.424,1.6331,1.63355,1.00,1.50
2010.01.11 03:39:59.953,1.633,1.63335,2.30,1.00
2010.01.11 03:40:00.174,1.633,1.6333,1.00,1.50
2010.01.11 03:40:00.344,1.63295,1.6333,1.00,1.50
2010.01.11 03:40:00.693,1.633,1.6335,1.50,1.00
2010.01.11 03:40:01.053,1.633,1.63355,1.60,1.60
2010.01.11 03:40:01.793,1.633,1.63345,1.00,1.50
2010.01.11 03:40:02.093,1.63305,1.63345,1.00,1.50
2010.01.11 03:40:07.672,1.6331,1.63345,1.00,1.50
2010.01.11 03:40:11.471,1.6331,1.6335,1.00,1.50
2010.01.11 03:40:11.861,1.63315,1.6335,1.00,1.50
2010.01.11 03:40:12.211,1.63315,1.6336,1.00,1.50
2010.01.11 03:40:18.769,1.6332,1.6336,1.00,1.50
2010.01.11 03:40:18.999,1.6332,1.63365,1.00,1.50
2010.01.11 03:40:19.929,1.6333,1.63365,1.00,1.50
2010.01.11 03:40:20.049,1.6333,1.63365,1.00,1.50
2010.01.11 03:40:20.229,1.6333,1.6337,1.00,1.50
2010.01.11 03:40:24.488,1.6333,1.63375,1.00,1.50
2010.01.11 03:40:26.317,1.6333,1.63385,1.60,3.20
2010.01.11 03:40:28.117,1.6334,1.63385,1.00,3.20
2010.01.11 03:40:28.417,1.6334,1.63385,1.00,1.60
2010.01.11 03:40:28.926,1.63345,1.63385,1.00,1.50
2010.01.11 03:40:29.037,1.6334,1.63385,1.00,1.60
2010.01.11 03:40:29.556,1.63335,1.6338,1.00,1.00
2010.01.11 03:40:29.616,1.63335,1.6338,1.00,1.00
2010.01.11 03:40:31.576,1.63325,1.63375,1.00,1.50
2010.01.11 03:40:32.556,1.6332,1.6337,1.00,1.60
2010.01.11 03:40:37.155,1.63325,1.6338,1.60,1.60
2010.01.11 03:40:44.693,1.63325,1.63375,1.60,1.00
2010.01.11 03:40:44.813,1.63325,1.6337,1.00,1.50
2010.01.11 03:40:45.862,1.6332,1.6337,1.00,1.60
2010.01.11 03:40:49.142,1.6332,1.6337,1.00,1.50
2010.01.11 03:40:49.382,1.6332,1.63375,1.00,1.60
2010.01.11 03:40:49.602,1.63315,1.6337,3.20,1.60
2010.01.11 03:40:49.892,1.6332,1.6337,1.00,1.50
2010.01.11 03:40:50.112,1.63315,1.6337,3.20,1.00
2010.01.11 03:40:50.451,1.63315,1.6337,3.20,1.60
2010.01.11 03:40:56.400,1.6334,1.63385,1.00,1.50
2010.01.11 03:40:57.970,1.63335,1.6339,1.60,1.00
2010.01.11 03:40:58.209,1.63345,1.63395,1.00,1.50
2010.01.11 03:40:58.440,1.6335,1.63395,1.00,1.50
2010.01.11 03:40:58.680,1.63345,1.6339,1.00,1.50
2010.01.11 03:40:59.489,1.6335,1.6339,1.00,1.50
2010.01.11 03:40:59.769,1.6335,1.634,1.00,1.50
2010.01.11 03:41:07.288,1.6336,1.634,1.00,1.50
2010.01.11 03:41:07.587,1.6336,1.63405,1.00,1.50
2010.01.11 03:41:07.917,1.63355,1.63405,1.60,1.50
2010.01.11 03:41:08.277,1.6336,1.63405,1.00,1.50
2010.01.11 03:41:08.727,1.63355,1.63405,1.60,1.50
2010.01.11 03:41:09.237,1.6336,1.63405,1.00,1.50
2010.01.11 03:41:11.367,1.63355,1.63405,1.60,1.50
2010.01.11 03:41:11.666,1.6336,1.63405,1.00,1.50
2010.01.11 03:41:12.746,1.63355,1.63405,1.60,1.50
2010.01.11 03:41:13.126,1.6336,1.63405,1.00,1.50
2010.01.11 03:41:17.205,1.6336,1.63415,1.60,1.50
2010.01.11 03:41:22.654,1.63355,1.63405,1.50,1.00
2010.01.11 03:41:23.823,1.6336,1.6341,1.00,1.60
2010.01.11 03:41:24.513,1.63355,1.63405,1.60,1.50
2010.01.11 03:41:25.453,1.6336,1.6341,1.50,1.00
2010.01.11 03:41:30.092,1.6336,1.63405,1.50,1.00
2010.01.11 03:41:31.881,1.6336,1.6341,1.60,1.00
2010.01.11 03:41:37.490,1.63365,1.63415,1.00,2.00
2010.01.11 03:41:37.840,1.63365,1.63415,1.60,1.00
2010.01.11 03:41:38.230,1.63365,1.6341,1.50,1.00
2010.01.11 03:41:38.570,1.6336,1.6341,1.60,1.00
2010.01.11 03:41:56.535,1.6336,1.6341,1.50,1.00
2010.01.11 03:41:57.475,1.63355,1.63405,1.00,1.50
2010.01.11 03:41:57.825,1.6336,1.6341,1.50,1.00
2010.01.11 03:41:59.545,1.6336,1.63415,1.50,1.60
2010.01.11 03:42:01.274,1.6336,1.6341,1.50,1.00
2010.01.11 03:42:03.824,1.63355,1.63405,1.50,1.00
2010.01.11 03:42:03.994,1.63355,1.6341,1.50,1.60
2010.01.11 03:42:04.174,1.63355,1.63405,1.50,1.00
2010.01.11 03:42:15.001,1.63355,1.6341,1.50,1.60
2010.01.11 03:42:15.281,1.63355,1.63405,1.50,1.00
2010.01.11 03:42:22.789,1.63355,1.6341,1.50,1.60
2010.01.11 03:42:23.119,1.63355,1.63405,1.50,1.00
2010.01.11 03:42:23.499,1.63355,1.63405,1.50,1.00
2010.01.11 03:42:23.789,1.63355,1.63405,1.50,1.00
2010.01.11 03:42:24.019,1.63355,1.6341,1.50,1.60
2010.01.11 03:42:24.199,1.63355,1.63405,1.50,1.00
2010.01.11 03:42:24.529,1.63355,1.6341,1.50,1.60
2010.01.11 03:42:38.785,1.6335,1.63405,1.50,1.60
2010.01.11 03:43:02.030,1.6335,1.63405,1.60,1.50
2010.01.11 03:43:02.380,1.63355,1.63405,1.50,1.00
2010.01.11 03:43:02.730,1.63355,1.6341,1.60,1.50
2010.01.11 03:43:03.069,1.6336,1.63415,1.50,1.60
2010.01.11 03:43:03.470,1.63365,1.63415,1.50,1.00
2010.01.11 03:43:03.869,1.6337,1.6342,1.50,1.00
2010.01.11 03:43:24.064,1.6337,1.63425,1.60,1.50
2010.01.11 03:43:24.354,1.63375,1.6343,1.50,2.00
2010.01.11 03:43:24.534,1.63375,1.6343,1.60,1.50
2010.01.11 03:43:24.654,1.6338,1.6343,1.50,1.00
2010.01.11 03:43:24.824,1.63375,1.6343,1.60,1.50
2010.01.11 03:43:24.994,1.6338,1.63435,1.50,1.60
2010.01.11 03:43:25.674,1.63385,1.63435,1.50,1.60
2010.01.11 03:43:27.464,1.63375,1.6343,1.50,1.00
2010.01.11 03:43:27.803,1.63385,1.63435,1.50,3.20
2010.01.11 03:43:28.273,1.63385,1.63435,1.50,1.60
2010.01.11 03:43:33.092,1.6338,1.63435,1.50,1.60
2010.01.11 03:43:33.622,1.63385,1.63435,1.50,1.00
2010.01.11 03:43:33.802,1.63385,1.6344,1.50,1.60
2010.01.11 03:43:35.182,1.63395,1.63445,1.50,1.50
2010.01.11 03:43:35.291,1.63395,1.63445,1.50,2.30
2010.01.11 03:43:36.122,1.63395,1.63445,1.50,1.50
2010.01.11 03:43:36.821,1.63395,1.63445,1.60,1.50
2010.01.11 03:43:37.161,1.634,1.63455,1.50,2.40
2010.01.11 03:43:37.851,1.63395,1.63445,1.60,1.50
2010.01.11 03:43:43.530,1.63375,1.63435,1.00,1.60
2010.01.11 03:43:43.870,1.63375,1.63435,1.70,1.60
2010.01.11 03:43:46.009,1.63375,1.63435,2.50,1.60
2010.01.11 03:43:48.978,1.63375,1.63435,1.70,1.60
2010.01.11 03:43:55.667,1.63385,1.63435,1.00,1.50
2010.01.11 03:43:56.017,1.63385,1.6344,1.60,1.50
2010.01.11 03:44:04.645,1.63385,1.6344,3.20,1.50
2010.01.11 03:44:04.985,1.63395,1.63445,1.50,1.60
2010.01.11 03:44:05.045,1.634,1.63445,1.00,1.50
2010.01.11 03:44:05.095,1.634,1.63455,1.60,1.90
2010.01.11 03:44:05.155,1.634,1.63455,1.60,1.50
2010.01.11 03:44:17.921,1.63405,1.63455,1.00,1.50
2010.01.11 03:44:19.551,1.634,1.6345,1.00,1.50
2010.01.11 03:44:19.671,1.63395,1.6345,1.10,1.50
2010.01.11 03:44:20.481,1.634,1.63455,1.60,1.50
2010.01.11 03:44:22.171,1.634,1.63455,2.40,1.50
2010.01.11 03:44:22.520,1.634,1.63455,1.60,1.50
2010.01.11 03:44:23.740,1.63415,1.6349,1.60,1.90
2010.01.11 03:44:24.040,1.63415,1.6349,1.60,1.50
2010.01.11 03:44:24.370,1.63425,1.63495,1.50,1.90
2010.01.11 03:44:24.430,1.63425,1.63495,1.50,1.50
2010.01.11 03:44:25.350,1.63425,1.6348,1.60,1.50
2010.01.11 03:44:25.680,1.63415,1.6347,1.60,1.50
2010.01.11 03:44:26.060,1.6341,1.6347,1.00,1.60
2010.01.11 03:44:26.410,1.6341,1.63455,1.00,1.50
2010.01.11 03:44:26.759,1.634,1.63455,1.60,1.50
2010.01.11 03:44:27.109,1.634,1.6345,1.00,1.50
2010.01.11 03:44:29.179,1.634,1.6345,1.00,1.60
2010.01.11 03:44:38.216,1.6342,1.6345,1.50,1.00
2010.01.11 03:44:38.557,1.63405,1.6345,1.00,1.50
2010.01.11 03:44:38.726,1.634,1.63455,1.60,1.60
2010.01.11 03:44:38.947,1.634,1.6345,1.50,1.00
2010.01.11 03:44:39.116,1.63395,1.6345,1.00,1.60
2010.01.11 03:44:41.716,1.63405,1.63455,1.00,1.50
2010.01.11 03:44:47.524,1.634,1.63455,1.60,1.50
2010.01.11 03:44:51.633,1.6341,1.6346,1.50,1.00
2010.01.11 03:44:53.073,1.6341,1.6346,1.50,1.00
2010.01.11 03:44:53.413,1.6341,1.6346,1.50,1.00
2010.01.11 03:45:07.249,1.6341,1.6346,1.50,1.00
2010.01.11 03:45:09.479,1.6341,1.6346,1.50,1.00
2010.01.11 03:45:10.299,1.634,1.6345,1.60,1.50
2010.01.11 03:45:10.639,1.634,1.63445,1.50,1.00
2010.01.11 03:45:10.989,1.634,1.6345,1.50,1.60
2010.01.11 03:45:11.338,1.63405,1.6345,1.50,1.00
2010.01.11 03:45:16.337,1.63405,1.63445,1.50,1.00
2010.01.11 03:45:17.277,1.63405,1.6345,1.50,1.00
2010.01.11 03:45:18.307,1.634,1.6345,1.50,1.60
2010.01.11 03:45:18.667,1.634,1.6344,1.50,1.00
2010.01.11 03:45:20.016,1.634,1.6344,1.50,1.00
2010.01.11 03:45:20.076,1.634,1.63435,1.50,1.00
2010.01.11 03:45:20.187,1.63395,1.63435,1.50,1.00
2010.01.11 03:45:21.876,1.63395,1.6344,1.50,1.00
2010.01.11 03:45:22.796,1.63395,1.63445,1.50,1.00
2010.01.11 03:45:23.136,1.63405,1.63445,1.50,1.00
2010.01.11 03:45:23.486,1.63395,1.6344,1.50,1.00
2010.01.11 03:45:37.022,1.634,1.63445,1.60,1.00
2010.01.11 03:45:37.292,1.634,1.6345,1.60,2.00
2010.01.11 03:45:37.642,1.63395,1.6345,1.60,2.00
2010.01.11 03:45:43.701,1.63395,1.6344,1.50,1.00
2010.01.11 03:45:43.991,1.6339,1.6344,1.50,1.60
2010.01.11 03:46:05.155,1.63385,1.6344,1.60,1.60
2010.01.11 03:46:53.874,1.63385,1.63435,1.50,1.00
2010.01.11 03:46:58.623,1.6339,1.63445,1.50,1.50
2010.01.11 03:46:58.803,1.634,1.6345,1.50,1.60
2010.01.11 03:46:59.023,1.63405,1.6345,1.50,1.00
2010.01.11 03:46:59.893,1.63405,1.63445,1.50,1.00
2010.01.11 03:47:01.412,1.63405,1.6344,1.50,1.00
2010.01.11 03:47:01.772,1.63395,1.6344,1.60,1.00
2010.01.11 03:47:04.191,1.63395,1.63445,1.50,1.00
2010.01.11 03:47:04.311,1.63385,1.6344,1.60,1.00
2010.01.11 03:47:04.481,1.63385,1.6344,1.00,1.00
2010.01.11 03:47:05.841,1.63385,1.63435,1.00,1.00
2010.01.11 03:47:07.011,1.63385,1.6343,1.00,1.00
2010.01.11 03:47:08.450,1.63375,1.6343,1.60,1.00
2010.01.11 03:47:08.800,1.63375,1.63435,1.60,1.00
2010.01.11 03:47:09.900,1.63375,1.6343,1.60,1.00
2010.01.11 03:47:14.259,1.63375,1.63425,1.60,1.00
2010.01.11 03:47:14.489,1.63385,1.63435,1.00,2.70
2010.01.11 03:47:14.659,1.63385,1.6343,1.50,1.00
2010.01.11 03:47:14.829,1.6338,1.6343,1.50,1.00
2010.01.11 03:47:15.469,1.6338,1.63435,1.60,2.30
2010.01.11 03:47:15.638,1.6338,1.63435,1.60,1.00
2010.01.11 03:47:21.267,1.63385,1.63435,1.50,1.00
2010.01.11 03:47:23.577,1.63385,1.63435,1.50,1.00
2010.01.11 03:47:23.857,1.63405,1.63435,1.50,1.00
2010.01.11 03:47:24.207,1.63405,1.63425,1.50,1.00
2010.01.11 03:47:24.487,1.634,1.6343,1.50,1.00
2010.01.11 03:47:24.777,1.63405,1.6343,1.50,1.00
2010.01.11 03:47:25.586,1.634,1.6343,1.50,1.00
2010.01.11 03:47:25.926,1.63395,1.6343,1.50,1.00
2010.01.11 03:47:26.266,1.63375,1.63425,1.00,1.50
2010.01.11 03:47:27.666,1.63375,1.6342,1.00,1.50
2010.01.11 03:47:29.525,1.6337,1.6342,1.00,1.50
2010.01.11 03:47:29.755,1.63375,1.63415,1.00,1.50
2010.01.11 03:47:29.985,1.63375,1.6342,1.00,1.50
2010.01.11 03:47:39.533,1.6337,1.6342,1.00,1.50
2010.01.11 03:47:40.233,1.6337,1.63425,1.00,1.00
2010.01.11 03:47:40.413,1.63375,1.6342,1.00,1.50
2010.01.11 03:47:40.593,1.63375,1.6343,1.00,1.60
2010.01.11 03:47:43.532,1.6337,1.6343,1.00,1.60
2010.01.11 03:47:45.021,1.6337,1.63425,1.00,1.50
2010.01.11 03:47:45.831,1.6337,1.63425,1.00,1.60
2010.01.11 03:47:47.251,1.6337,1.63425,1.00,1.50
2010.01.11 03:47:47.491,1.6337,1.6343,1.00,1.60
2010.01.11 03:47:49.120,1.63375,1.6343,1.00,1.60
2010.01.11 03:47:57.149,1.63375,1.6342,1.00,1.50
2010.01.11 03:48:02.338,1.63375,1.6343,1.00,1.00
2010.01.11 03:48:16.724,1.6338,1.63435,1.00,2.10
2010.01.11 03:48:16.904,1.6338,1.6343,1.00,1.50
2010.01.11 03:48:17.324,1.63375,1.6343,1.60,1.50
2010.01.11 03:48:17.714,1.63375,1.63425,1.00,1.50
2010.01.11 03:48:18.064,1.63375,1.63435,1.60,2.10
2010.01.11 03:48:19.163,1.6338,1.63435,1.00,2.30
2010.01.11 03:48:19.223,1.63375,1.63425,1.50,1.00
2010.01.11 03:48:19.283,1.6337,1.63415,1.00,1.50
2010.01.11 03:48:21.693,1.6338,1.63435,1.00,4.30
2010.01.11 03:48:22.042,1.6338,1.63435,1.00,2.30
2010.01.11 03:48:27.061,1.6338,1.6343,1.00,1.50
2010.01.11 03:48:27.701,1.6338,1.63435,1.50,2.30
2010.01.11 03:48:27.991,1.63375,1.6343,2.40,1.50
2010.01.11 03:48:28.341,1.6338,1.63435,1.50,2.30
2010.01.11 03:48:28.631,1.6338,1.63435,1.50,2.10
2010.01.11 03:48:29.911,1.6338,1.63435,1.60,2.10
2010.01.11 03:48:44.397,1.63385,1.63435,1.50,1.00
2010.01.11 03:48:46.177,1.6338,1.63435,1.60,2.10
2010.01.11 03:48:46.517,1.6338,1.63435,1.50,2.30
2010.01.11 03:48:46.917,1.6338,1.63435,1.60,2.20
2010.01.11 03:48:47.257,1.6338,1.63435,1.60,2.30
2010.01.11 03:48:57.144,1.6338,1.63425,1.00,1.50
2010.01.11 03:48:57.325,1.63375,1.6343,1.60,1.00
2010.01.11 03:48:57.714,1.63375,1.6343,1.60,1.60
2010.01.11 03:48:58.984,1.63375,1.63425,1.60,1.00
2010.01.11 03:48:59.324,1.63375,1.63425,1.00,1.50
2010.01.11 03:49:00.953,1.6338,1.63425,1.00,1.50
2010.01.11 03:49:01.983,1.63375,1.63425,1.00,1.50
2010.01.11 03:49:02.323,1.63375,1.6343,1.60,1.60
2010.01.11 03:49:03.903,1.63375,1.63425,1.00,1.50
2010.01.11 03:49:04.253,1.6338,1.6343,1.00,1.50
2010.01.11 03:49:04.312,1.6338,1.63435,1.00,2.30
2010.01.11 03:49:04.413,1.6338,1.6343,1.00,1.50
2010.01.11 03:49:04.803,1.6337,1.63425,1.00,1.00
2010.01.11 03:49:04.982,1.63375,1.63425,1.50,1.00
2010.01.11 03:49:05.812,1.63375,1.63425,1.60,1.00
2010.01.11 03:49:08.012,1.63375,1.63425,1.00,1.60
2010.01.11 03:49:09.881,1.63375,1.6342,1.00,1.00
2010.01.11 03:49:12.730,1.63375,1.63415,1.00,1.50
2010.01.11 03:49:12.960,1.6337,1.6342,1.00,1.60
2010.01.11 03:49:13.950,1.6335,1.634,1.60,1.00
2010.01.11 03:49:14.290,1.63355,1.634,1.00,1.00
2010.01.11 03:49:15.040,1.6337,1.63405,1.00,1.50
2010.01.11 03:49:15.330,1.6337,1.63415,1.00,1.60
2010.01.11 03:49:15.610,1.63365,1.6341,1.00,1.50
2010.01.11 03:49:16.010,1.6336,1.6341,1.00,1.60
2010.01.11 03:49:17.009,1.63365,1.6341,1.00,1.60
2010.01.11 03:49:28.836,1.6336,1.63405,1.00,1.50
2010.01.11 03:49:30.156,1.63365,1.63405,1.00,1.50
2010.01.11 03:49:38.234,1.63365,1.63395,1.00,1.60
2010.01.11 03:49:38.584,1.63365,1.63405,1.00,1.50
2010.01.11 03:49:41.594,1.6336,1.634,1.00,1.50
2010.01.11 03:49:42.683,1.6336,1.634,1.00,1.50
2010.01.11 03:49:43.023,1.6336,1.634,1.00,1.50
2010.01.11 03:49:46.762,1.6336,1.634,1.00,1.50
2010.01.11 03:49:47.172,1.6336,1.634,1.00,1.50
2010.01.11 03:49:47.742,1.6336,1.6341,1.00,1.60
2010.01.11 03:49:48.132,1.6337,1.6341,1.00,1.50
2010.01.11 03:49:48.432,1.63365,1.6341,1.00,1.50
2010.01.11 03:49:52.971,1.63365,1.6341,1.00,1.60
2010.01.11 03:49:59.340,1.63365,1.6341,1.00,1.50
2010.01.11 03:50:00.629,1.6336,1.6341,1.50,1.60
2010.01.11 03:50:00.859,1.63355,1.63405,1.60,1.50
2010.01.11 03:50:01.609,1.63365,1.63405,1.00,1.50
2010.01.11 03:50:01.958,1.63355,1.63405,1.00,1.60
2010.01.11 03:50:02.299,1.63355,1.634,1.50,1.00
2010.01.11 03:50:02.658,1.63345,1.63395,1.00,1.50
2010.01.11 03:50:04.078,1.63355,1.63395,1.00,1.50
2010.01.11 03:50:04.428,1.63355,1.63405,1.60,1.50
2010.01.11 03:50:05.868,1.63365,1.63405,1.00,1.50
2010.01.11 03:50:12.496,1.63355,1.634,1.60,1.00
2010.01.11 03:50:13.486,1.63365,1.63405,1.00,1.50
2010.01.11 03:50:14.116,1.6336,1.63405,1.00,1.50
2010.01.11 03:50:14.296,1.6336,1.634,1.00,1.50
2010.01.11 03:50:36.050,1.6336,1.63415,1.60,1.50
2010.01.11 03:50:36.230,1.63365,1.63415,1.00,1.50
2010.01.11 03:50:36.530,1.6337,1.63415,1.00,1.50
2010.01.11 03:50:36.830,1.63365,1.63415,1.00,1.50
2010.01.11 03:50:37.980,1.6337,1.63415,1.00,1.50
2010.01.11 03:50:41.349,1.63375,1.63415,1.00,1.50
2010.01.11 03:50:41.529,1.63375,1.6342,1.00,1.50
2010.01.11 03:50:45.188,1.63365,1.6342,1.60,1.50
2010.01.11 03:50:45.358,1.6337,1.6342,1.50,1.00
2010.01.11 03:50:45.538,1.63365,1.6342,1.60,1.60
2010.01.11 03:50:45.708,1.6337,1.63425,1.50,3.20
2010.01.11 03:50:45.878,1.6337,1.63425,1.60,3.10
2010.01.11 03:50:47.028,1.6337,1.63425,1.60,1.60
2010.01.11 03:50:47.427,1.6337,1.6342,1.00,1.50
2010.01.11 03:50:48.757,1.6337,1.6342,1.00,1.50
2010.01.11 03:50:50.167,1.6337,1.6342,1.00,1.50
2010.01.11 03:50:55.006,1.6337,1.63425,1.60,3.10
2010.01.11 03:50:57.965,1.6337,1.6342,1.00,1.50
2010.01.11 03:51:08.962,1.6336,1.6341,1.00,1.50
2010.01.11 03:51:09.242,1.6336,1.63415,1.60,1.60
2010.01.11 03:51:09.472,1.6336,1.63415,1.60,2.40
2010.01.11 03:51:16.631,1.6336,1.63415,1.00,2.10
2010.01.11 03:51:16.870,1.6336,1.6341,1.00,1.00
2010.01.11 03:51:17.101,1.6336,1.63405,1.00,1.50
2010.01.11 03:51:17.331,1.63355,1.63395,1.00,1.50
2010.01.11 03:51:17.740,1.63355,1.634,1.00,1.50
2010.01.11 03:51:18.090,1.63345,1.6339,1.00,1.50
2010.01.11 03:51:18.740,1.6335,1.63395,1.00,1.50
2010.01.11 03:51:19.140,1.63345,1.63395,1.00,1.50
2010.01.11 03:51:19.490,1.6334,1.6339,1.00,1.50
2010.01.11 03:51:20.010,1.63335,1.6339,1.60,1.50
2010.01.11 03:51:20.190,1.63335,1.6339,1.60,1.60
2010.01.11 03:51:23.429,1.6333,1.63385,1.60,1.50
2010.01.11 03:51:23.779,1.63335,1.63385,1.00,1.50
2010.01.11 03:51:24.589,1.63325,1.6338,3.20,1.50
2010.01.11 03:51:26.088,1.6333,1.6338,1.00,1.50
2010.01.11 03:51:27.368,1.6333,1.63385,1.00,1.60
2010.01.11 03:51:27.648,1.63335,1.63385,1.00,1.50
2010.01.11 03:51:28.648,1.6333,1.63385,1.00,1.00
2010.01.11 03:51:31.117,1.6333,1.63385,1.00,1.00
2010.01.11 03:51:31.297,1.6333,1.63375,1.00,1.50
2010.01.11 03:51:31.687,1.63325,1.63375,1.00,1.50
2010.01.11 03:51:31.917,1.63325,1.6338,1.00,1.60
2010.01.11 03:51:32.098,1.63325,1.6338,1.60,1.60
2010.01.11 03:51:32.448,1.6333,1.6338,1.00,1.50
2010.01.11 03:51:34.676,1.63335,1.6338,1.00,1.50
2010.01.11 03:51:34.846,1.63335,1.63375,1.00,1.50
2010.01.11 03:51:35.016,1.6333,1.6338,1.00,1.50
2010.01.11 03:51:35.466,1.63325,1.6337,1.00,1.50
2010.01.11 03:51:35.706,1.63325,1.63375,1.00,1.50
2010.01.11 03:51:35.936,1.63335,1.63385,1.00,1.50
2010.01.11 03:51:39.725,1.6333,1.63385,1.60,1.50
2010.01.11 03:51:40.005,1.63335,1.6339,1.50,1.50
2010.01.11 03:51:40.355,1.6333,1.6338,1.50,1.50
2010.01.11 03:51:40.895,1.63335,1.6338,1.00,1.50
2010.01.11 03:51:42.864,1.6333,1.6338,1.60,1.50
2010.01.11 03:51:43.264,1.6333,1.63375,1.00,1.50
2010.01.11 03:51:44.854,1.63335,1.63375,1.00,1.50
2010.01.11 03:51:45.504,1.63335,1.63385,1.60,1.50
2010.01.11 03:51:46.383,1.63335,1.63385,1.50,1.60
2010.01.11 03:51:46.793,1.6334,1.63385,1.00,1.50
2010.01.11 03:51:47.073,1.6334,1.63385,1.00,1.50
2010.01.11 03:51:47.463,1.63335,1.63375,1.50,1.00
2010.01.11 03:51:47.703,1.6333,1.63375,1.00,1.00
2010.01.11 03:51:48.003,1.63325,1.63375,1.00,1.00
2010.01.11 03:51:57.911,1.6332,1.6337,1.00,1.00
2010.01.11 03:51:58.081,1.63315,1.63365,1.60,1.00
2010.01.11 03:51:58.250,1.63315,1.63365,1.00,1.00
2010.01.11 03:51:59.880,1.6332,1.63365,1.00,1.00
2010.01.11 03:52:02.600,1.6331,1.6336,1.00,1.00
2010.01.11 03:52:03.959,1.63315,1.6336,1.00,1.00
2010.01.11 03:52:04.889,1.6331,1.63355,1.00,1.00
2010.01.11 03:52:05.129,1.63315,1.6336,1.00,1.60
2010.01.11 03:52:21.285,1.6331,1.63355,1.00,1.00
2010.01.11 03:52:21.515,1.63305,1.63355,1.60,1.00
2010.01.11 03:52:21.985,1.63305,1.63355,1.00,1.60
2010.01.11 03:52:30.453,1.63305,1.63355,1.00,1.60
2010.01.11 03:52:32.042,1.6331,1.63355,1.00,1.60
2010.01.11 03:52:38.741,1.6331,1.63355,1.00,1.50
2010.01.11 03:52:39.081,1.6331,1.63355,1.00,1.50
2010.01.11 03:52:39.251,1.6331,1.63355,1.00,1.50
2010.01.11 03:52:40.310,1.6331,1.63355,1.00,1.60
2010.01.11 03:52:46.939,1.6331,1.63355,1.00,1.50
2010.01.11 03:52:47.229,1.63305,1.63355,1.00,1.60
2010.01.11 03:52:47.399,1.633,1.6335,1.60,1.00
2010.01.11 03:52:47.759,1.63295,1.6335,3.20,1.60
2010.01.11 03:52:48.099,1.63295,1.63345,1.70,1.50
2010.01.11 03:52:48.439,1.63295,1.6335,3.20,1.50
2010.01.11 03:52:48.838,1.63305,1.63345,1.70,1.50
2010.01.11 03:52:49.178,1.63305,1.63365,1.70,1.60
2010.01.11 03:52:49.859,1.6331,1.63365,1.00,1.50
2010.01.11 03:52:50.768,1.6331,1.6337,1.00,1.60
2010.01.11 03:52:52.138,1.63315,1.6337,1.00,1.60
2010.01.11 03:52:52.488,1.63305,1.63365,1.60,1.50
2010.01.11 03:52:53.177,1.6331,1.6337,1.00,1.50
2010.01.11 03:52:54.857,1.63315,1.6337,1.00,1.50
2010.01.11 03:52:58.966,1.63315,1.63375,1.00,1.00
2010.01.11 03:52:59.246,1.63315,1.6337,1.00,1.50
2010.01.11 03:53:00.556,1.6331,1.6337,1.00,1.50
2010.01.11 03:53:00.855,1.6331,1.63365,1.00,1.50
2010.01.11 03:53:01.795,1.6331,1.63365,1.00,1.60
2010.01.11 03:53:05.234,1.6331,1.63365,1.00,1.00
2010.01.11 03:53:05.395,1.63315,1.63375,1.00,1.50
2010.01.11 03:53:06.944,1.6331,1.63375,1.00,1.60
2010.01.11 03:53:08.034,1.6331,1.63375,1.00,1.60
2010.01.11 03:53:10.763,1.63315,1.6337,1.00,1.50
2010.01.11 03:53:11.893,1.63315,1.6337,1.00,1.60
2010.01.11 03:53:12.233,1.6331,1.6337,1.00,1.00
2010.01.11 03:53:12.633,1.6331,1.63365,1.00,1.50
2010.01.11 03:53:13.283,1.63305,1.63365,1.70,1.50
2010.01.11 03:53:13.942,1.63305,1.63365,1.60,1.60
2010.01.11 03:53:14.512,1.63305,1.63365,1.70,1.60
2010.01.11 03:53:14.832,1.63305,1.63365,3.20,1.60
2010.01.11 03:53:15.122,1.63305,1.63365,3.20,1.50
2010.01.11 03:53:15.702,1.6331,1.63365,1.00,1.50
2010.01.11 03:53:16.862,1.6331,1.63365,1.00,1.60
2010.01.11 03:53:17.041,1.6331,1.63365,1.00,1.60
2010.01.11 03:53:18.002,1.6331,1.63365,1.00,1.50
2010.01.11 03:53:20.971,1.6331,1.63365,1.00,1.60
2010.01.11 03:53:21.091,1.6331,1.63365,1.00,1.50
2010.01.11 03:53:22.530,1.63305,1.63365,1.60,1.60
2010.01.11 03:53:24.160,1.63305,1.63365,1.70,1.50
2010.01.11 03:53:25.330,1.63305,1.63365,1.70,1.60
2010.01.11 03:53:25.550,1.63305,1.63365,3.20,1.00
2010.01.11 03:53:26.129,1.63305,1.6337,3.20,1.60
2010.01.11 03:53:29.469,1.6331,1.6337,1.00,1.50
2010.01.11 03:53:29.798,1.63305,1.63365,1.70,1.00
2010.01.11 03:53:30.089,1.63305,1.6336,2.50,1.50
2010.01.11 03:53:30.438,1.63305,1.63355,1.60,1.50
2010.01.11 03:53:30.728,1.63305,1.6336,1.60,1.50
2010.01.11 03:53:32.048,1.63305,1.63355,1.60,1.50
2010.01.11 03:53:32.278,1.63305,1.6336,1.60,1.50
2010.01.11 03:53:32.498,1.63305,1.63355,1.60,1.50
2010.01.11 03:53:33.668,1.63305,1.63355,1.60,1.60
2010.01.11 03:53:33.787,1.633,1.6337,1.70,1.60
2010.01.11 03:53:33.968,1.63305,1.63355,1.60,1.50
2010.01.11 03:53:34.138,1.6331,1.6337,1.00,1.60
2010.01.11 03:53:44.605,1.63315,1.6337,1.00,1.50
2010.01.11 03:53:44.765,1.63315,1.63375,1.00,1.00
2010.01.11 03:53:44.995,1.63315,1.63375,1.00,1.00
2010.01.11 03:53:45.974,1.6331,1.63375,1.00,1.00
2010.01.11 03:53:46.964,1.63315,1.6338,1.00,1.60
2010.01.11 03:53:47.144,1.63315,1.6338,1.00,1.00
2010.01.11 03:53:48.884,1.63315,1.6338,1.00,1.00
2010.01.11 03:53:49.234,1.6332,1.6338,1.00,1.00
2010.01.11 03:53:56.002,1.6333,1.6338,1.00,1.00
2010.01.11 03:54:04.000,1.6332,1.63385,1.60,3.20
2010.01.11 03:54:04.340,1.6332,1.63385,1.00,3.60
2010.01.11 03:54:04.630,1.6332,1.63385,1.00,1.70
2010.01.11 03:54:05.770,1.6332,1.6338,1.00,1.00
2010.01.11 03:54:49.570,1.6334,1.63385,1.00,1.70
2010.01.11 03:54:49.689,1.6334,1.63385,1.00,1.00
2010.01.11 03:55:02.576,1.6334,1.63385,1.00,1.70
2010.01.11 03:55:14.254,1.63325,1.63375,1.60,1.60
2010.01.11 03:55:14.593,1.6332,1.6337,1.00,1.60
2010.01.11 03:55:14.933,1.6332,1.6336,1.00,1.50
2010.01.11 03:55:16.183,1.63325,1.6336,1.00,1.50
2010.01.11 03:55:16.423,1.63325,1.63375,1.00,1.60
2010.01.11 03:55:16.773,1.63315,1.6336,1.00,1.50
2010.01.11 03:55:17.343,1.6331,1.6336,1.00,1.60
2010.01.11 03:55:22.083,1.6331,1.63355,1.00,1.00
2010.01.11 03:55:22.421,1.6332,1.6336,1.00,1.50
2010.01.11 03:55:22.701,1.6332,1.63365,1.00,1.70
2010.01.11 03:55:32.659,1.633,1.6335,1.00,1.00
2010.01.11 03:55:32.889,1.6331,1.63355,1.00,1.50
2010.01.11 03:55:33.179,1.6331,1.6336,1.00,1.50
2010.01.11 03:55:35.378,1.6331,1.63365,1.00,3.20
2010.01.11 03:55:35.708,1.63305,1.6336,1.60,1.60
2010.01.11 03:55:36.058,1.63305,1.6336,1.00,1.60
2010.01.11 03:55:37.138,1.6331,1.6336,1.00,1.50
2010.01.11 03:55:37.728,1.63305,1.6336,1.60,1.60
2010.01.11 03:55:38.548,1.63315,1.6337,1.00,1.00
2010.01.11 03:55:38.898,1.6332,1.63365,1.00,1.00
2010.01.11 03:55:39.187,1.6332,1.63365,1.00,1.00
2010.01.11 03:55:40.257,1.6332,1.6337,1.00,1.00
2010.01.11 03:55:40.597,1.63315,1.63365,1.00,1.00
2010.01.11 03:55:41.857,1.6332,1.63365,1.00,1.00
2010.01.11 03:55:45.466,1.6332,1.6337,1.00,1.60
2010.01.11 03:55:46.276,1.63315,1.63365,1.00,1.00
2010.01.11 03:55:47.885,1.6332,1.63365,1.00,1.00
2010.01.11 03:55:53.654,1.6332,1.6337,1.00,2.00
2010.01.11 03:55:54.114,1.63315,1.63365,1.00,1.00
2010.01.11 03:55:55.384,1.6332,1.63365,1.00,1.00
2010.01.11 03:55:55.793,1.6332,1.6337,1.00,1.60
2010.01.11 03:55:57.823,1.6332,1.63365,1.00,1.00
2010.01.11 03:56:10.580,1.63315,1.63365,1.00,1.00
2010.01.11 03:56:10.760,1.6332,1.6337,1.00,1.60
2010.01.11 03:56:10.920,1.6332,1.6337,1.00,1.00
2010.01.11 03:56:11.150,1.63325,1.63375,1.00,1.00
2010.01.11 03:56:11.500,1.6332,1.63375,1.00,1.00
2010.01.11 03:56:11.849,1.63305,1.63365,1.70,1.00
2010.01.11 03:56:12.249,1.633,1.6336,1.00,1.00
2010.01.11 03:56:13.829,1.633,1.63355,1.00,1.00
2010.01.11 03:56:21.047,1.63295,1.6335,2.50,1.00
2010.01.11 03:56:21.277,1.63295,1.6335,1.00,1.60
2010.01.11 03:56:43.112,1.63305,1.6335,1.00,1.50
2010.01.11 03:56:45.291,1.633,1.6335,1.00,1.50
2010.01.11 03:56:47.991,1.63305,1.6335,1.00,1.50
2010.01.11 03:56:56.599,1.63305,1.63365,2.00,1.00
2010.01.11 03:56:56.889,1.6331,1.63365,1.50,1.00
2010.01.11 03:56:57.838,1.63315,1.63365,1.00,1.00
2010.01.11 03:56:58.928,1.6332,1.63365,1.00,1.00
2010.01.11 03:56:59.848,1.6332,1.6337,1.00,1.60
2010.01.11 03:57:01.068,1.6332,1.63365,1.00,1.00
2010.01.11 03:57:02.008,1.6332,1.6337,1.00,1.60
2010.01.11 03:57:03.437,1.6332,1.63365,3.20,1.00
2010.01.11 03:57:03.767,1.6333,1.63375,1.00,1.00
2010.01.11 03:57:09.966,1.6333,1.6338,1.00,1.00
2010.01.11 03:57:10.255,1.63315,1.63365,1.60,1.00
2010.01.11 03:57:10.435,1.63315,1.63365,1.00,1.00
2010.01.11 03:57:10.545,1.63315,1.63365,1.00,1.00
2010.01.11 03:57:11.955,1.6332,1.63365,1.00,1.00
2010.01.11 03:57:13.624,1.63325,1.63375,1.00,1.00
2010.01.11 03:57:14.175,1.6332,1.63365,1.00,1.00
2010.01.11 03:57:14.534,1.6332,1.63365,1.00,1.00
2010.01.11 03:57:14.824,1.6332,1.6337,1.00,1.60
2010.01.11 03:57:15.564,1.6333,1.6338,1.00,1.00
2010.01.11 03:57:15.914,1.6333,1.63375,1.00,1.00
2010.01.11 03:57:16.554,1.6333,1.63385,1.00,3.10
2010.01.11 03:57:16.664,1.6333,1.63385,1.00,1.60
2010.01.11 03:57:18.043,1.6334,1.63385,1.00,1.60
2010.01.11 03:57:22.942,1.6334,1.63395,1.00,3.20
2010.01.11 03:57:25.922,1.63335,1.63395,1.00,3.20
2010.01.11 03:57:28.761,1.63335,1.63395,1.00,3.20
2010.01.11 03:57:28.981,1.6334,1.63395,1.00,3.20
2010.01.11 03:57:45.527,1.6334,1.63385,1.00,1.60
2010.01.11 03:57:46.227,1.6334,1.63395,1.00,3.20
2010.01.11 03:57:50.636,1.63335,1.63395,1.00,3.20
2010.01.11 03:57:51.326,1.63335,1.63385,1.00,1.60
2010.01.11 03:57:52.075,1.63335,1.63395,1.00,3.20
2010.01.11 03:57:52.465,1.63335,1.63385,1.00,1.60
2010.01.11 03:57:53.735,1.6334,1.63385,1.00,1.60
2010.01.11 03:57:58.064,1.6334,1.63395,1.00,3.20
2010.01.11 03:57:58.234,1.6335,1.63395,1.00,3.10
2010.01.11 03:58:19.669,1.6335,1.63395,1.00,1.50
2010.01.11 03:58:20.898,1.6335,1.634,1.00,1.50
2010.01.11 03:58:21.249,1.6336,1.63405,1.00,1.60
2010.01.11 03:58:21.639,1.6335,1.634,1.00,1.50
2010.01.11 03:58:25.797,1.6335,1.63395,1.00,3.10
2010.01.11 03:58:26.207,1.6335,1.63395,1.00,1.50
2010.01.11 03:58:51.161,1.63355,1.63395,1.00,1.50
2010.01.11 03:58:52.441,1.63355,1.634,1.00,1.50
2010.01.11 03:58:52.731,1.63365,1.634,1.00,1.50
2010.01.11 03:58:52.961,1.63365,1.63405,1.00,1.60
2010.01.11 03:58:55.100,1.6336,1.63405,1.00,1.60
2010.01.11 03:58:55.500,1.63355,1.63405,1.60,1.70
2010.01.11 03:58:55.680,1.6336,1.63405,1.00,1.60
2010.01.11 03:58:56.010,1.6337,1.63415,1.00,1.60
2010.01.11 03:58:56.590,1.6336,1.6341,1.60,1.00
2010.01.11 03:58:57.050,1.6337,1.63415,1.00,1.60
2010.01.11 03:58:57.800,1.63375,1.63415,1.00,1.60
2010.01.11 03:58:58.090,1.6336,1.6341,1.00,1.50
2010.01.11 03:59:12.386,1.6336,1.6341,1.00,1.50
2010.01.11 03:59:12.896,1.6336,1.63405,1.00,1.60
2010.01.11 03:59:13.246,1.6336,1.6341,1.00,1.50
2010.01.11 03:59:22.134,1.63365,1.63415,1.00,1.60
2010.01.11 03:59:27.792,1.63365,1.63415,1.00,1.60
2010.01.11 03:59:28.132,1.63365,1.63415,1.00,1.60
2010.01.11 03:59:30.392,1.63365,1.63415,1.00,1.60
2010.01.11 03:59:30.692,1.63365,1.63415,1.00,1.60
2010.01.11 03:59:31.432,1.63375,1.63415,1.00,1.60
2010.01.11 03:59:31.961,1.6337,1.63415,1.00,1.60
2010.01.11 03:59:42.869,1.63365,1.63415,1.00,1.60
2010.01.11 03:59:43.558,1.6337,1.63415,1.00,1.60
2010.01.11 03:59:47.398,1.63365,1.63415,1.00,1.70
2010.01.11 03:59:47.678,1.6337,1.63415,1.00,1.60
