2012.04.10 16:00:00.040,1.4561,1.45631,1.43,3.00
2012.04.10 16:00:00.119,1.4561,1.45631,1.43,1.50
2012.04.10 16:00:00.204,1.45615,1.45633,1.43,1.50
2012.04.10 16:00:00.281,1.45614,1.45636,1.43,1.50
2012.04.10 16:00:00.732,1.45616,1.45638,1.43,3.38
2012.04.10 16:00:01.039,1.4562,1.45649,1.13,1.50
2012.04.10 16:00:01.133,1.45623,1.45649,1.43,2.25
2012.04.10 16:00:01.292,1.45626,1.45649,1.43,1.50
2012.04.10 16:00:01.591,1.45626,1.45651,1.43,1.50
2012.04.10 16:00:02.075,1.45625,1.45655,1.43,1.13
2012.04.10 16:00:02.583,1.45626,1.45655,1.43,1.13
2012.04.10 16:00:02.727,1.45624,1.45655,1.43,1.13
2012.04.10 16:00:02.953,1.45627,1.45654,1.43,1.69
2012.04.10 16:00:03.782,1.45624,1.45655,1.43,2.63
2012.04.10 16:00:03.868,1.45624,1.45655,2.18,1.13
2012.04.10 16:00:04.193,1.45628,1.45661,2.18,1.92
2012.04.10 16:00:04.846,1.45629,1.45661,2.93,2.29
2012.04.10 16:00:05.348,1.45629,1.45661,2.37,1.50
2012.04.10 16:00:05.499,1.45627,1.45661,4.80,1.50
2012.04.10 16:00:05.577,1.45627,1.45662,4.80,1.69
2012.04.10 16:00:05.938,1.4563,1.45662,1.80,2.63
2012.04.10 16:00:06.305,1.4563,1.45657,1.80,1.50
2012.04.10 16:00:06.383,1.45624,1.45653,1.43,1.50
2012.04.10 16:00:06.688,1.45622,1.45652,2.93,1.13
2012.04.10 16:00:06.772,1.4562,1.45652,2.93,1.47
2012.04.10 16:00:06.849,1.4562,1.45651,1.43,3.19
2012.04.10 16:00:07.141,1.45616,1.45646,1.50,1.50
2012.04.10 16:00:07.218,1.45616,1.45643,1.50,1.13
2012.04.10 16:00:07.984,1.45616,1.45644,2.93,1.50
2012.04.10 16:00:08.405,1.45616,1.45647,2.93,1.50
2012.04.10 16:00:08.496,1.45618,1.45647,1.43,1.50
2012.04.10 16:00:08.849,1.45617,1.45644,1.43,1.88
2012.04.10 16:00:09.394,1.45616,1.45644,1.50,1.69
2012.04.10 16:00:09.691,1.45616,1.45639,1.50,1.50
2012.04.10 16:00:09.840,1.45612,1.45639,1.13,1.50
2012.04.10 16:00:09.928,1.45612,1.45639,1.13,1.50
2012.04.10 16:00:11.079,1.45612,1.45644,1.69,1.50
2012.04.10 16:00:11.472,1.45612,1.45644,2.25,2.25
2012.04.10 16:00:11.828,1.45614,1.45643,1.43,1.50
2012.04.10 16:00:11.977,1.45608,1.4564,1.69,1.50
2012.04.10 16:00:12.402,1.45608,1.45639,1.88,1.50
2012.04.10 16:00:12.488,1.45608,1.45639,1.50,1.50
2012.04.10 16:00:12.572,1.45613,1.45638,1.43,1.50
2012.04.10 16:00:12.720,1.45613,1.45638,1.62,2.25
2012.04.10 16:00:12.936,1.45608,1.45638,1.69,1.50
2012.04.10 16:00:13.149,1.45612,1.45638,1.43,2.25
2012.04.10 16:00:13.227,1.45612,1.45638,1.43,1.50
2012.04.10 16:00:13.907,1.45612,1.45641,1.62,2.25
2012.04.10 16:00:14.001,1.45605,1.45633,2.25,1.50
2012.04.10 16:00:14.077,1.45605,1.45633,1.50,1.69
2012.04.10 16:00:14.155,1.456,1.45632,3.87,2.25
2012.04.10 16:00:14.512,1.45606,1.45629,1.43,1.88
2012.04.10 16:00:14.593,1.45599,1.45629,1.69,1.88
2012.04.10 16:00:14.739,1.45598,1.45629,1.13,2.63
2012.04.10 16:00:14.816,1.45595,1.45628,3.68,1.13
2012.04.10 16:00:14.883,1.45595,1.45628,3.68,1.88
2012.04.10 16:00:15.454,1.45591,1.45624,3.38,1.50
2012.04.10 16:00:16.012,1.45593,1.45624,1.62,1.50
2012.04.10 16:00:16.518,1.45593,1.45624,1.62,1.50
2012.04.10 16:00:16.596,1.45593,1.45624,1.80,1.50
2012.04.10 16:00:16.954,1.45595,1.45626,1.80,3.00
2012.04.10 16:00:17.028,1.456,1.45626,1.43,3.00
2012.04.10 16:00:17.591,1.45599,1.45627,1.43,1.13
2012.04.10 16:00:18.078,1.45597,1.45627,1.62,1.13
2012.04.10 16:00:18.867,1.45597,1.45625,1.43,1.50
2012.04.10 16:00:18.953,1.45597,1.45625,1.80,1.50
2012.04.10 16:00:19.163,1.45598,1.45629,1.13,1.50
2012.04.10 16:00:19.934,1.45601,1.4563,2.03,2.25
2012.04.10 16:00:20.016,1.45602,1.45633,1.69,2.25
2012.04.10 16:00:20.103,1.45602,1.45633,1.69,2.25
2012.04.10 16:00:20.178,1.45602,1.45633,3.94,1.50
2012.04.10 16:00:20.405,1.45606,1.45637,1.62,3.00
2012.04.10 16:00:20.475,1.45609,1.45636,1.43,1.13
2012.04.10 16:00:20.949,1.45609,1.45636,1.43,1.13
2012.04.10 16:00:21.037,1.4561,1.45635,1.80,1.50
2012.04.10 16:00:21.190,1.45607,1.45637,1.69,1.13
2012.04.10 16:00:22.025,1.45607,1.45637,1.13,2.25
2012.04.10 16:00:22.406,1.45604,1.45637,1.13,2.25
2012.04.10 16:00:22.548,1.45603,1.45637,2.07,2.44
2012.04.10 16:00:22.626,1.45605,1.45637,1.43,2.44
2012.04.10 16:00:23.072,1.45605,1.45637,2.55,2.25
2012.04.10 16:00:23.362,1.45602,1.45631,2.25,1.50
2012.04.10 16:00:24.036,1.45605,1.45634,1.43,1.32
2012.04.10 16:00:24.103,1.45605,1.45636,2.18,1.88
2012.04.10 16:00:24.176,1.45606,1.45636,1.50,1.50
2012.04.10 16:00:24.320,1.4561,1.45637,1.13,1.50
2012.04.10 16:00:24.984,1.45608,1.45629,1.50,1.50
2012.04.10 16:00:25.283,1.45606,1.45634,1.50,1.13
2012.04.10 16:00:25.832,1.45603,1.45634,2.25,1.88
2012.04.10 16:00:26.114,1.45601,1.45633,1.43,2.44
2012.04.10 16:00:26.187,1.45601,1.45633,2.18,1.69
2012.04.10 16:00:26.953,1.45603,1.45633,2.18,2.44
2012.04.10 16:00:27.030,1.45603,1.45629,1.43,2.25
2012.04.10 16:00:27.108,1.45598,1.45628,2.25,1.69
2012.04.10 16:00:27.704,1.45598,1.45628,2.25,2.44
2012.04.10 16:00:27.986,1.45598,1.45629,3.00,1.32
2012.04.10 16:00:28.273,1.45601,1.45631,2.18,2.07
2012.04.10 16:00:28.866,1.456,1.45632,2.18,2.44
2012.04.10 16:00:30.707,1.456,1.45632,2.93,2.44
2012.04.10 16:00:30.755,1.456,1.45632,2.93,2.44
2012.04.10 16:00:31.269,1.45601,1.45632,1.50,2.44
2012.04.10 16:00:31.840,1.45603,1.45633,1.50,2.25
2012.04.10 16:00:32.200,1.45603,1.45635,2.93,2.25
2012.04.10 16:00:32.288,1.45603,1.45637,1.50,1.32
2012.04.10 16:00:32.787,1.45603,1.45637,1.50,1.32
2012.04.10 16:00:33.097,1.45605,1.45638,1.43,3.94
2012.04.10 16:00:33.590,1.45606,1.45638,1.69,2.25
2012.04.10 16:00:34.197,1.45607,1.4564,3.68,1.69
2012.04.10 16:00:34.283,1.45609,1.45637,1.13,1.50
2012.04.10 16:00:35.655,1.45608,1.45637,1.13,1.50
2012.04.10 16:00:37.362,1.45614,1.45637,2.18,1.50
2012.04.10 16:00:38.876,1.45606,1.45635,2.74,2.25
2012.04.10 16:00:38.955,1.45608,1.45635,1.50,2.25
2012.04.10 16:00:39.166,1.45611,1.4564,1.43,2.25
2012.04.10 16:00:39.247,1.45611,1.4564,2.18,1.50
2012.04.10 16:00:40.467,1.45615,1.45637,2.18,2.25
2012.04.10 16:00:40.939,1.4561,1.45635,2.18,1.50
2012.04.10 16:00:41.083,1.45615,1.45639,1.43,1.50
2012.04.10 16:00:41.385,1.45615,1.45644,1.43,3.19
2012.04.10 16:00:41.924,1.45615,1.45644,1.43,3.19
2012.04.10 16:00:42.273,1.45615,1.45644,1.43,3.00
2012.04.10 16:00:42.365,1.45615,1.45644,1.43,3.00
2012.04.10 16:00:44.063,1.45611,1.45644,2.18,3.00
2012.04.10 16:00:44.193,1.45611,1.45644,2.18,3.00
2012.04.10 16:00:47.657,1.45615,1.45644,2.18,3.75
2012.04.10 16:00:48.004,1.4562,1.45644,1.43,1.50
2012.04.10 16:00:48.292,1.45622,1.4565,1.43,3.23
2012.04.10 16:00:48.373,1.4562,1.4565,1.50,2.48
2012.04.10 16:00:48.755,1.45626,1.4565,1.13,1.50
2012.04.10 16:00:49.044,1.45626,1.45656,1.13,3.00
2012.04.10 16:00:49.187,1.45634,1.45656,1.43,2.25
2012.04.10 16:00:49.338,1.45629,1.45656,1.43,2.25
2012.04.10 16:00:49.420,1.45633,1.45656,1.43,3.75
2012.04.10 16:00:49.989,1.45634,1.45655,1.43,1.50
2012.04.10 16:00:50.330,1.45634,1.45656,1.43,3.19
2012.04.10 16:00:50.808,1.45632,1.45656,1.43,3.19
2012.04.10 16:00:51.573,1.45632,1.45656,1.43,1.50
2012.04.10 16:00:52.776,1.45625,1.4565,1.43,2.44
2012.04.10 16:00:52.855,1.45621,1.45649,1.50,3.19
2012.04.10 16:00:53.003,1.45615,1.45646,1.13,1.50
2012.04.10 16:00:53.555,1.45617,1.45643,1.13,1.69
2012.04.10 16:00:54.112,1.45619,1.45643,1.43,1.50
2012.04.10 16:00:54.772,1.45615,1.45643,2.93,1.50
2012.04.10 16:01:01.056,1.45615,1.45643,2.93,2.25
2012.04.10 16:01:01.141,1.45608,1.45639,2.63,2.25
2012.04.10 16:01:01.217,1.45608,1.4564,1.88,2.25
2012.04.10 16:01:01.573,1.45608,1.4564,2.07,1.50
2012.04.10 16:01:01.927,1.45614,1.4564,1.43,1.50
2012.04.10 16:01:04.314,1.45614,1.45641,2.18,1.50
2012.04.10 16:01:05.038,1.45614,1.45644,2.18,2.44
2012.04.10 16:01:07.180,1.45614,1.45644,2.18,2.44
2012.04.10 16:01:07.714,1.45616,1.45645,1.43,1.69
2012.04.10 16:01:08.233,1.45615,1.45643,2.18,3.19
2012.04.10 16:01:08.791,1.45615,1.45643,2.18,2.25
2012.04.10 16:01:09.539,1.45615,1.45643,2.18,2.44
2012.04.10 16:01:11.548,1.45615,1.45643,2.18,1.69
2012.04.10 16:01:14.648,1.45614,1.45643,2.18,2.25
2012.04.10 16:01:14.732,1.4561,1.45643,2.07,2.25
2012.04.10 16:01:15.352,1.4561,1.45643,1.69,2.25
2012.04.10 16:01:15.784,1.4561,1.45643,2.44,2.25
2012.04.10 16:01:16.337,1.45615,1.45643,2.18,2.44
2012.04.10 16:01:19.708,1.45613,1.45643,2.18,1.69
2012.04.10 16:01:20.334,1.45613,1.45643,2.18,2.25
2012.04.10 16:01:20.997,1.45615,1.45643,2.18,2.25
2012.04.10 16:01:22.772,1.45615,1.45643,2.18,2.25
2012.04.10 16:01:27.373,1.45615,1.45645,2.18,1.69
2012.04.10 16:01:28.743,1.45615,1.45648,2.18,3.57
2012.04.10 16:01:30.640,1.45613,1.45645,2.25,1.50
2012.04.10 16:01:30.959,1.45613,1.45639,2.25,1.50
2012.04.10 16:01:31.046,1.4561,1.45636,1.80,1.13
2012.04.10 16:01:31.132,1.4561,1.45636,1.80,1.13
2012.04.10 16:01:31.488,1.45606,1.45638,2.44,1.50
2012.04.10 16:01:42.847,1.45608,1.45639,2.25,3.94
2012.04.10 16:01:43.119,1.45609,1.45639,2.25,1.50
2012.04.10 16:01:43.200,1.45609,1.45641,3.00,4.50
2012.04.10 16:01:43.354,1.45609,1.45643,2.25,3.19
2012.04.10 16:01:43.431,1.45609,1.45643,1.69,2.63
2012.04.10 16:01:43.513,1.45621,1.45643,1.43,2.25
2012.04.10 16:01:43.665,1.45614,1.45645,1.43,1.50
2012.04.10 16:01:43.736,1.45614,1.45644,1.43,1.13
2012.04.10 16:01:44.123,1.45614,1.4564,1.43,3.19
2012.04.10 16:01:44.209,1.45605,1.45639,1.13,1.69
2012.04.10 16:01:44.953,1.45611,1.45639,1.43,2.25
2012.04.10 16:01:46.199,1.45611,1.45639,1.43,2.25
2012.04.10 16:01:46.356,1.45607,1.45639,2.55,2.25
2012.04.10 16:01:46.421,1.45609,1.45639,1.50,2.25
2012.04.10 16:01:46.567,1.45608,1.45639,2.18,2.25
2012.04.10 16:01:46.650,1.45619,1.45641,1.43,1.50
2012.04.10 16:01:46.728,1.45612,1.45641,2.18,1.88
2012.04.10 16:01:47.017,1.45606,1.45638,1.32,1.50
2012.04.10 16:01:47.165,1.45606,1.45638,1.32,1.50
2012.04.10 16:01:47.494,1.45606,1.45638,1.32,1.50
2012.04.10 16:01:47.774,1.45604,1.45635,1.88,1.50
2012.04.10 16:01:48.133,1.45604,1.45635,1.88,1.50
2012.04.10 16:01:49.014,1.45604,1.45638,2.07,3.00
2012.04.10 16:01:49.253,1.45606,1.45638,1.50,2.25
2012.04.10 16:01:49.391,1.45614,1.45642,2.18,1.50
2012.04.10 16:01:50.085,1.45614,1.45644,2.18,1.50
2012.04.10 16:01:50.154,1.45614,1.45644,2.18,1.50
2012.04.10 16:01:50.628,1.45614,1.45645,1.43,3.75
2012.04.10 16:01:50.709,1.45614,1.45645,1.43,3.75
2012.04.10 16:01:50.928,1.45613,1.45641,1.43,1.50
2012.04.10 16:01:51.007,1.45621,1.45641,1.43,1.50
2012.04.10 16:01:51.084,1.45621,1.45645,1.43,1.50
2012.04.10 16:01:51.227,1.45615,1.45647,1.50,2.25
2012.04.10 16:01:51.307,1.45621,1.45648,1.43,1.32
2012.04.10 16:01:51.457,1.45614,1.45647,3.68,2.25
2012.04.10 16:01:52.112,1.45614,1.45647,3.68,2.82
2012.04.10 16:01:52.215,1.45613,1.45641,1.43,1.50
2012.04.10 16:01:52.295,1.45606,1.45635,1.16,1.50
2012.04.10 16:01:52.576,1.45605,1.45635,1.43,1.50
2012.04.10 16:01:53.085,1.45605,1.45635,1.43,1.69
2012.04.10 16:01:53.829,1.45613,1.45635,1.43,1.69
2012.04.10 16:01:54.058,1.45609,1.45637,2.55,2.25
2012.04.10 16:01:54.559,1.45609,1.45637,2.18,1.50
2012.04.10 16:01:55.423,1.45611,1.45638,1.50,2.25
2012.04.10 16:01:55.498,1.45616,1.45641,1.50,1.50
2012.04.10 16:01:55.578,1.45618,1.45647,1.50,2.18
2012.04.10 16:01:55.654,1.45622,1.45649,1.43,1.69
2012.04.10 16:01:55.726,1.45622,1.4565,1.43,1.48
2012.04.10 16:01:56.158,1.45627,1.45654,1.43,2.44
2012.04.10 16:01:56.238,1.45627,1.45654,1.43,2.44
2012.04.10 16:01:56.588,1.45627,1.45656,2.55,1.50
2012.04.10 16:01:56.666,1.45629,1.45656,1.43,1.50
2012.04.10 16:01:56.743,1.45629,1.45659,1.80,1.69
2012.04.10 16:01:57.028,1.45629,1.45656,2.18,2.25
2012.04.10 16:01:57.110,1.45627,1.45656,1.80,1.50
2012.04.10 16:01:57.573,1.45623,1.45656,1.13,1.69
2012.04.10 16:01:57.741,1.45621,1.45649,1.88,1.69
2012.04.10 16:01:57.829,1.45621,1.45649,1.13,1.69
2012.04.10 16:01:57.984,1.45619,1.45646,1.13,1.50
2012.04.10 16:01:59.839,1.45619,1.45649,1.69,1.50
2012.04.10 16:02:00.065,1.45624,1.45654,1.50,1.50
2012.04.10 16:02:00.279,1.45624,1.45654,1.50,1.50
2012.04.10 16:02:00.640,1.45627,1.45654,1.43,1.50
2012.04.10 16:02:00.722,1.45627,1.45656,1.43,2.82
2012.04.10 16:02:02.508,1.45627,1.45656,1.43,1.69
2012.04.10 16:02:02.588,1.45624,1.45656,1.88,1.69
2012.04.10 16:02:03.247,1.45624,1.45654,1.13,1.50
2012.04.10 16:02:05.632,1.45624,1.45654,1.13,2.25
2012.04.10 16:02:05.707,1.45635,1.45654,1.16,1.50
2012.04.10 16:02:05.861,1.45638,1.45655,1.09,1.13
2012.04.10 16:02:06.008,1.45635,1.45659,3.00,1.13
2012.04.10 16:02:06.235,1.45633,1.45655,1.13,1.13
2012.04.10 16:02:06.315,1.45625,1.45654,1.13,1.50
2012.04.10 16:02:06.393,1.45628,1.45654,1.13,1.69
2012.04.10 16:02:06.473,1.45624,1.45649,1.80,1.50
2012.04.10 16:02:06.806,1.45626,1.45649,1.13,1.50
2012.04.10 16:02:06.887,1.45624,1.45654,1.13,1.69
2012.04.10 16:02:07.125,1.45623,1.45654,2.18,1.69
2012.04.10 16:02:07.195,1.45623,1.45653,2.18,1.50
2012.04.10 16:02:07.598,1.45623,1.45654,2.18,1.69
2012.04.10 16:02:08.159,1.45622,1.45654,2.18,1.69
2012.04.10 16:02:08.628,1.45622,1.45653,2.18,1.50
2012.04.10 16:02:09.655,1.45621,1.45653,3.68,1.50
2012.04.10 16:02:11.116,1.45621,1.45654,3.00,1.69
2012.04.10 16:02:11.184,1.45625,1.45656,1.50,3.57
2012.04.10 16:02:11.597,1.45629,1.45658,2.18,1.50
2012.04.10 16:02:11.684,1.45632,1.4566,1.43,2.44
2012.04.10 16:02:11.829,1.45636,1.4566,1.43,2.44
2012.04.10 16:02:12.047,1.45632,1.4566,1.43,2.44
2012.04.10 16:02:12.795,1.4563,1.4566,1.43,2.25
2012.04.10 16:02:13.380,1.45636,1.4566,1.50,1.50
2012.04.10 16:02:13.527,1.4564,1.45669,2.25,1.69
2012.04.10 16:02:13.678,1.45642,1.45669,1.50,1.69
2012.04.10 16:02:13.901,1.45642,1.45669,1.88,1.69
2012.04.10 16:02:14.398,1.45645,1.45673,1.50,1.50
2012.04.10 16:02:14.479,1.45645,1.45673,1.50,1.50
2012.04.10 16:02:15.037,1.45646,1.45673,1.50,1.50
2012.04.10 16:02:15.200,1.45644,1.45675,1.43,2.44
2012.04.10 16:02:15.729,1.45643,1.45675,1.69,2.25
2012.04.10 16:02:16.286,1.45644,1.45675,1.43,2.63
2012.04.10 16:02:17.512,1.45643,1.45675,2.93,2.63
2012.04.10 16:02:18.734,1.45643,1.45675,2.93,2.82
2012.04.10 16:02:19.352,1.45643,1.45675,2.93,2.82
2012.04.10 16:02:19.572,1.4564,1.4567,1.50,2.25
2012.04.10 16:02:20.104,1.45642,1.45672,1.50,2.25
2012.04.10 16:02:20.648,1.45641,1.45672,2.18,3.75
2012.04.10 16:02:21.215,1.45641,1.45672,1.43,2.44
2012.04.10 16:02:22.089,1.45639,1.45672,1.88,2.44
2012.04.10 16:02:22.381,1.4564,1.45672,1.69,1.50
2012.04.10 16:02:22.460,1.45642,1.45672,1.50,1.50
2012.04.10 16:02:22.814,1.45649,1.45678,2.93,1.69
2012.04.10 16:02:22.955,1.45649,1.45679,2.93,1.29
2012.04.10 16:02:23.164,1.45649,1.45679,1.43,3.16
2012.04.10 16:02:23.684,1.4565,1.45677,1.43,1.50
2012.04.10 16:02:24.107,1.45647,1.45677,2.55,1.50
2012.04.10 16:02:24.260,1.45647,1.45677,2.55,1.50
2012.04.10 16:02:25.297,1.45647,1.45679,1.13,3.19
2012.04.10 16:02:26.203,1.45646,1.45678,2.18,1.50
2012.04.10 16:02:28.884,1.45644,1.45676,1.50,2.44
2012.04.10 16:02:29.371,1.45649,1.45678,1.43,1.50
2012.04.10 16:02:29.521,1.45649,1.4568,1.43,2.82
2012.04.10 16:02:30.208,1.45649,1.4568,1.43,2.44
2012.04.10 16:02:30.723,1.4565,1.45682,1.50,2.25
2012.04.10 16:02:32.552,1.45651,1.45682,1.43,1.69
2012.04.10 16:02:33.225,1.4565,1.4568,1.43,2.25
2012.04.10 16:02:33.746,1.4565,1.4568,1.43,2.44
2012.04.10 16:02:34.687,1.4565,1.4568,1.43,2.44
2012.04.10 16:02:35.501,1.4565,1.4568,1.43,3.75
2012.04.10 16:02:37.122,1.4565,1.4568,1.43,2.44
2012.04.10 16:02:38.093,1.4565,1.4568,1.43,3.00
2012.04.10 16:02:39.807,1.4565,1.4568,1.43,2.44
2012.04.10 16:02:40.323,1.45649,1.4568,1.43,3.19
2012.04.10 16:02:40.783,1.45649,1.4568,1.43,3.75
2012.04.10 16:02:41.873,1.45649,1.4568,1.43,3.19
2012.04.10 16:02:43.934,1.45649,1.4568,1.43,3.75
2012.04.10 16:02:44.471,1.4565,1.4568,1.43,3.00
2012.04.10 16:02:45.062,1.45649,1.4568,2.18,4.50
2012.04.10 16:02:45.148,1.45645,1.45672,2.25,2.25
2012.04.10 16:02:45.305,1.45642,1.45669,1.50,1.69
2012.04.10 16:02:45.445,1.45642,1.45667,1.50,1.50
2012.04.10 16:02:45.516,1.45637,1.45667,2.25,1.50
2012.04.10 16:02:46.044,1.45637,1.45663,1.50,1.50
2012.04.10 16:02:50.316,1.45637,1.45668,1.50,2.07
2012.04.10 16:02:51.264,1.45637,1.45667,1.50,1.50
2012.04.10 16:02:55.847,1.45636,1.45667,1.43,2.25
2012.04.10 16:02:56.426,1.45636,1.45667,1.43,1.50
2012.04.10 16:02:56.568,1.45636,1.45667,1.43,2.44
2012.04.10 16:02:57.075,1.45637,1.45668,1.50,2.25
2012.04.10 16:02:57.427,1.4564,1.45668,1.50,3.00
2012.04.10 16:02:57.648,1.45638,1.45668,1.50,3.00
2012.04.10 16:02:58.194,1.45637,1.45668,1.50,3.00
2012.04.10 16:02:58.335,1.4564,1.45668,1.50,1.50
2012.04.10 16:02:58.474,1.45637,1.45668,1.50,2.44
2012.04.10 16:03:02.016,1.45637,1.45665,1.50,1.50
2012.04.10 16:03:02.647,1.45634,1.45664,1.50,1.50
2012.04.10 16:03:02.741,1.45633,1.45665,1.13,1.69
2012.04.10 16:03:02.827,1.4563,1.45663,1.13,1.69
2012.04.10 16:03:03.123,1.4563,1.45657,1.13,1.50
2012.04.10 16:03:03.271,1.4563,1.45658,1.13,1.69
2012.04.10 16:03:03.415,1.4563,1.45658,1.13,1.69
2012.04.10 16:03:04.059,1.4564,1.45663,1.50,1.43
2012.04.10 16:03:04.169,1.4564,1.45663,1.50,1.50
2012.04.10 16:03:04.466,1.4564,1.45668,1.88,1.50
2012.04.10 16:03:04.608,1.45644,1.45673,1.50,1.50
2012.04.10 16:03:04.687,1.45644,1.45677,1.88,1.69
2012.04.10 16:03:04.841,1.45644,1.45677,1.88,1.69
2012.04.10 16:03:05.347,1.4565,1.45679,1.43,1.69
2012.04.10 16:03:05.430,1.4565,1.45682,6.30,1.69
2012.04.10 16:03:06.516,1.4565,1.45679,4.88,1.69
2012.04.10 16:03:07.469,1.4565,1.45682,4.50,1.50
2012.04.10 16:03:09.588,1.45652,1.45683,1.50,1.69
2012.04.10 16:03:09.914,1.4565,1.45679,4.50,1.50
2012.04.10 16:03:10.073,1.45647,1.45678,1.50,1.69
2012.04.10 16:03:10.218,1.45643,1.4568,3.30,2.25
2012.04.10 16:03:10.295,1.45647,1.4568,1.13,1.50
2012.04.10 16:03:10.647,1.45642,1.45674,4.32,1.50
2012.04.10 16:03:10.794,1.45642,1.45674,3.38,1.69
2012.04.10 16:03:11.354,1.45642,1.45674,3.38,1.69
2012.04.10 16:03:11.866,1.45643,1.45674,1.13,1.50
2012.04.10 16:03:12.815,1.45649,1.45677,1.43,1.69
2012.04.10 16:03:12.891,1.45649,1.45678,1.43,1.69
2012.04.10 16:03:13.041,1.45648,1.45679,2.18,2.25
2012.04.10 16:03:13.188,1.45648,1.45679,2.93,2.25
2012.04.10 16:03:13.792,1.4565,1.45682,2.25,1.69
2012.04.10 16:03:14.351,1.4565,1.4568,1.50,2.44
2012.04.10 16:03:15.222,1.4565,1.4568,1.50,1.50
2012.04.10 16:03:15.299,1.45651,1.45683,1.50,2.44
2012.04.10 16:03:15.444,1.45654,1.45683,1.50,1.69
2012.04.10 16:03:15.632,1.45655,1.45683,1.13,1.69
2012.04.10 16:03:16.184,1.45654,1.45683,1.88,1.50
2012.04.10 16:03:16.685,1.45651,1.45683,2.25,3.19
2012.04.10 16:03:16.953,1.45648,1.45681,1.80,3.19
2012.04.10 16:03:17.391,1.45648,1.45681,1.80,3.00
2012.04.10 16:03:18.644,1.45648,1.45681,1.80,2.25
2012.04.10 16:03:18.761,1.45645,1.45673,1.43,1.50
2012.04.10 16:03:18.838,1.45645,1.45674,2.18,2.25
2012.04.10 16:03:19.199,1.45647,1.45681,3.30,2.25
2012.04.10 16:03:19.285,1.45648,1.45681,1.13,2.25
2012.04.10 16:03:19.366,1.45649,1.45682,1.50,2.44
2012.04.10 16:03:20.053,1.45647,1.45674,1.13,1.50
2012.04.10 16:03:20.549,1.45649,1.45678,1.43,3.19
2012.04.10 16:03:20.907,1.45645,1.45675,4.80,1.50
2012.04.10 16:03:21.565,1.4564,1.45668,1.50,1.50
2012.04.10 16:03:21.643,1.4564,1.45669,1.50,1.69
2012.04.10 16:03:22.068,1.45638,1.45666,1.50,1.62
2012.04.10 16:03:22.215,1.45635,1.45666,1.88,1.62
2012.04.10 16:03:22.286,1.45635,1.45669,2.63,2.44
2012.04.10 16:03:22.487,1.45635,1.45669,2.82,2.44
2012.04.10 16:03:22.569,1.45635,1.45669,2.82,2.44
2012.04.10 16:03:22.646,1.45635,1.45669,2.63,2.25
2012.04.10 16:03:23.247,1.45641,1.45672,1.50,1.50
2012.04.10 16:03:23.325,1.45643,1.45673,1.50,1.32
2012.04.10 16:03:23.455,1.45643,1.4567,1.50,1.50
2012.04.10 16:03:23.733,1.45638,1.4567,1.50,1.50
2012.04.10 16:03:24.179,1.45638,1.45673,1.50,2.82
2012.04.10 16:03:25.770,1.45648,1.45673,5.63,2.25
2012.04.10 16:03:25.992,1.4565,1.45676,1.50,1.50
2012.04.10 16:03:26.277,1.45648,1.45676,5.25,1.69
2012.04.10 16:03:26.850,1.45648,1.45676,5.25,1.50
2012.04.10 16:03:26.938,1.45648,1.45676,5.25,2.25
2012.04.10 16:03:28.039,1.45648,1.45676,4.50,2.44
2012.04.10 16:03:32.533,1.45648,1.45676,4.50,1.50
2012.04.10 16:03:34.381,1.45648,1.45676,4.50,1.69
2012.04.10 16:03:34.726,1.45648,1.45676,4.50,2.44
2012.04.10 16:03:38.983,1.45648,1.4567,4.88,1.50
2012.04.10 16:03:39.128,1.45643,1.4567,1.13,2.25
2012.04.10 16:03:39.504,1.45639,1.4567,1.88,2.25
2012.04.10 16:03:40.972,1.45639,1.4567,2.44,1.50
2012.04.10 16:03:41.063,1.45641,1.45674,3.00,2.44
2012.04.10 16:03:42.107,1.45642,1.45674,1.32,1.50
2012.04.10 16:03:42.714,1.45642,1.45674,2.07,1.50
2012.04.10 16:03:43.071,1.45644,1.45671,1.50,1.50
2012.04.10 16:03:43.355,1.45639,1.45671,2.07,2.25
2012.04.10 16:03:43.739,1.45638,1.45668,1.88,2.18
2012.04.10 16:03:43.883,1.4564,1.45671,1.50,3.68
2012.04.10 16:03:44.507,1.45648,1.45671,1.28,3.68
2012.04.10 16:03:44.658,1.45648,1.45671,1.84,2.93
2012.04.10 16:03:44.735,1.45648,1.45677,1.69,1.43
2012.04.10 16:03:44.872,1.45648,1.45677,1.50,1.62
2012.04.10 16:03:45.393,1.45648,1.45677,1.50,1.62
2012.04.10 16:03:45.678,1.45648,1.45678,1.50,2.25
2012.04.10 16:03:46.121,1.45648,1.45676,1.50,2.18
2012.04.10 16:03:47.074,1.45648,1.45677,1.50,2.18
2012.04.10 16:03:48.164,1.45647,1.45674,1.69,2.25
2012.04.10 16:03:49.032,1.45653,1.45674,1.50,1.43
2012.04.10 16:03:49.346,1.45656,1.45682,1.13,2.18
2012.04.10 16:03:49.896,1.45653,1.45677,1.50,1.43
2012.04.10 16:03:49.971,1.45651,1.45677,1.88,1.43
2012.04.10 16:03:50.049,1.45652,1.45675,1.13,1.43
2012.04.10 16:03:50.713,1.45649,1.45675,1.88,1.43
2012.04.10 16:03:51.445,1.45649,1.45672,1.88,1.43
2012.04.10 16:03:51.960,1.45652,1.45674,1.13,2.18
2012.04.10 16:03:52.036,1.45653,1.45681,1.50,2.18
2012.04.10 16:03:52.388,1.45654,1.45681,1.13,2.18
2012.04.10 16:03:52.881,1.45653,1.45684,2.63,2.25
2012.04.10 16:03:53.744,1.45656,1.45685,1.13,3.00
2012.04.10 16:03:53.831,1.45656,1.45685,1.13,2.25
2012.04.10 16:03:54.357,1.45656,1.45685,1.13,2.25
2012.04.10 16:03:55.450,1.45656,1.45685,1.13,1.50
2012.04.10 16:03:56.021,1.45653,1.45685,2.55,3.00
2012.04.10 16:03:56.587,1.45659,1.45687,1.13,2.18
2012.04.10 16:03:56.873,1.45657,1.45686,1.13,2.25
2012.04.10 16:03:57.749,1.45657,1.45686,1.13,3.87
2012.04.10 16:03:57.828,1.45655,1.45686,1.13,3.87
2012.04.10 16:04:00.377,1.45654,1.45682,1.50,1.50
2012.04.10 16:04:01.975,1.45653,1.45682,1.88,2.25
2012.04.10 16:04:02.456,1.45653,1.45686,3.57,1.50
2012.04.10 16:04:02.605,1.45653,1.45686,3.57,3.00
2012.04.10 16:04:02.996,1.45657,1.45681,1.13,1.43
2012.04.10 16:04:03.078,1.4566,1.45686,1.69,1.50
2012.04.10 16:04:03.368,1.4566,1.45691,1.69,2.93
2012.04.10 16:04:03.442,1.4566,1.45689,1.69,1.43
2012.04.10 16:04:03.791,1.45665,1.45691,1.50,1.50
2012.04.10 16:04:03.955,1.45667,1.45695,1.69,2.25
2012.04.10 16:04:04.483,1.45662,1.4569,3.38,1.43
2012.04.10 16:04:04.839,1.45656,1.45687,1.88,3.68
2012.04.10 16:04:04.921,1.45654,1.45686,1.88,1.50
2012.04.10 16:04:04.999,1.45654,1.45686,1.88,1.50
2012.04.10 16:04:05.145,1.45654,1.45684,1.50,2.18
2012.04.10 16:04:06.160,1.45649,1.45676,2.25,1.50
2012.04.10 16:04:06.504,1.45646,1.45676,1.13,1.69
2012.04.10 16:04:08.482,1.45646,1.45674,1.13,2.18
2012.04.10 16:04:08.560,1.45643,1.45674,1.88,2.18
2012.04.10 16:04:08.787,1.45643,1.45673,1.50,1.50
2012.04.10 16:04:09.067,1.45643,1.45671,1.50,1.50
2012.04.10 16:04:09.804,1.4564,1.45671,1.88,1.50
2012.04.10 16:04:10.273,1.4564,1.45673,2.82,2.25
2012.04.10 16:04:10.865,1.4564,1.45671,2.82,1.50
2012.04.10 16:04:11.423,1.45641,1.45673,1.13,4.62
2012.04.10 16:04:13.073,1.45644,1.45673,1.50,3.00
2012.04.10 16:04:15.965,1.45641,1.45671,1.32,2.18
2012.04.10 16:04:16.549,1.45643,1.45673,1.50,3.00
2012.04.10 16:04:20.582,1.45641,1.45673,1.32,4.50
2012.04.10 16:04:21.533,1.45641,1.45673,1.32,4.50
2012.04.10 16:04:21.681,1.45644,1.45673,1.50,2.25
2012.04.10 16:04:22.246,1.45646,1.45674,1.13,1.50
2012.04.10 16:04:22.325,1.45647,1.45678,1.13,3.54
2012.04.10 16:04:22.597,1.45647,1.45678,1.13,3.00
2012.04.10 16:04:23.764,1.45642,1.45673,1.32,3.75
2012.04.10 16:04:23.836,1.45642,1.45673,1.32,3.75
2012.04.10 16:04:23.979,1.45642,1.45673,1.32,3.75
2012.04.10 16:04:24.548,1.45642,1.45673,1.32,3.75
2012.04.10 16:04:26.976,1.45642,1.45672,1.13,1.50
2012.04.10 16:04:27.046,1.45641,1.45672,1.32,2.93
2012.04.10 16:04:27.606,1.45637,1.4567,1.13,4.43
2012.04.10 16:04:28.773,1.45636,1.4567,1.32,5.18
2012.04.10 16:04:29.357,1.45636,1.4567,1.32,5.18
2012.04.10 16:04:30.251,1.45638,1.4567,1.13,5.18
2012.04.10 16:04:32.541,1.45639,1.4567,2.25,2.25
2012.04.10 16:04:33.899,1.45643,1.45673,1.50,3.00
2012.04.10 16:04:34.260,1.45647,1.45679,2.44,2.25
2012.04.10 16:04:34.774,1.45647,1.45677,1.50,1.50
2012.04.10 16:04:34.854,1.45645,1.45677,1.50,3.00
2012.04.10 16:04:35.364,1.45644,1.45677,1.32,3.00
2012.04.10 16:04:37.648,1.45644,1.45675,1.32,1.50
2012.04.10 16:04:38.614,1.45644,1.45675,1.13,1.50
2012.04.10 16:04:38.685,1.45644,1.45674,1.13,1.50
2012.04.10 16:04:39.560,1.45644,1.45674,1.13,1.50
2012.04.10 16:04:42.994,1.45644,1.45673,1.32,1.50
2012.04.10 16:04:43.917,1.45644,1.45674,1.32,2.25
2012.04.10 16:04:44.344,1.45644,1.45677,1.32,2.25
2012.04.10 16:04:48.624,1.4565,1.45677,1.50,2.25
2012.04.10 16:04:48.816,1.45649,1.45678,1.50,1.50
2012.04.10 16:04:48.961,1.45651,1.45678,1.50,1.50
2012.04.10 16:04:49.338,1.45644,1.45677,1.69,2.25
2012.04.10 16:04:50.372,1.45649,1.45681,2.25,1.50
2012.04.10 16:04:50.826,1.45653,1.45683,1.13,3.00
2012.04.10 16:04:50.912,1.45653,1.45682,1.32,1.43
2012.04.10 16:04:51.126,1.45653,1.45682,2.63,1.43
2012.04.10 16:04:51.313,1.45653,1.45682,2.63,2.18
2012.04.10 16:04:51.787,1.45653,1.45682,2.63,2.18
2012.04.10 16:04:52.266,1.45651,1.45677,1.88,1.69
2012.04.10 16:04:52.344,1.45647,1.45674,1.88,1.50
2012.04.10 16:04:52.762,1.45646,1.45675,1.13,1.50
2012.04.10 16:04:52.854,1.45645,1.45673,1.13,1.50
2012.04.10 16:04:52.936,1.45645,1.45673,1.13,1.50
2012.04.10 16:04:53.285,1.45645,1.45673,1.13,2.44
2012.04.10 16:04:53.845,1.45641,1.45674,2.25,1.69
2012.04.10 16:04:54.289,1.45641,1.45673,2.25,1.69
2012.04.10 16:04:54.377,1.45642,1.45671,1.13,1.50
2012.04.10 16:04:54.886,1.45642,1.45672,1.32,3.00
2012.04.10 16:04:55.027,1.45642,1.45672,1.32,3.00
2012.04.10 16:04:55.722,1.45643,1.45672,1.13,2.25
2012.04.10 16:04:55.944,1.45643,1.45672,1.13,3.00
2012.04.10 16:04:56.472,1.45643,1.45672,1.13,2.25
2012.04.10 16:04:57.346,1.45643,1.45673,1.13,1.50
2012.04.10 16:04:57.412,1.45643,1.45673,1.13,1.50
2012.04.10 16:04:58.063,1.45643,1.45673,1.32,1.50
2012.04.10 16:04:58.404,1.45643,1.45673,1.32,1.50
2012.04.10 16:04:58.532,1.45642,1.45673,1.50,1.69
2012.04.10 16:05:01.012,1.45642,1.45673,2.44,1.13
2012.04.10 16:05:01.104,1.45642,1.45676,2.44,1.69
2012.04.10 16:05:01.181,1.45646,1.45676,1.43,1.69
2012.04.10 16:05:01.259,1.45647,1.45676,2.25,1.69
2012.04.10 16:05:01.626,1.45647,1.45679,2.44,1.50
2012.04.10 16:05:02.040,1.45647,1.45678,2.44,1.50
2012.04.10 16:05:02.561,1.45647,1.4568,2.25,2.25
2012.04.10 16:05:03.024,1.4565,1.4568,1.13,1.50
2012.04.10 16:05:03.315,1.4565,1.4568,1.13,2.25
2012.04.10 16:05:03.531,1.45647,1.45678,1.88,1.50
2012.04.10 16:05:03.957,1.45647,1.45675,1.50,1.50
2012.04.10 16:05:04.469,1.45646,1.45675,1.88,1.50
2012.04.10 16:05:04.555,1.45646,1.45678,2.63,2.25
2012.04.10 16:05:05.048,1.45648,1.45678,1.13,1.50
2012.04.10 16:05:06.029,1.4565,1.4568,1.13,2.93
2012.04.10 16:05:06.570,1.4565,1.45679,1.88,1.50
2012.04.10 16:05:07.118,1.4565,1.45679,1.88,1.69
2012.04.10 16:05:07.924,1.45651,1.45676,1.50,1.43
2012.04.10 16:05:08.143,1.45651,1.45681,2.25,2.18
2012.04.10 16:05:08.222,1.45651,1.45681,3.19,1.43
2012.04.10 16:05:08.774,1.45652,1.45681,2.07,2.18
2012.04.10 16:05:10.373,1.45653,1.4568,1.13,3.00
2012.04.10 16:05:10.984,1.45653,1.4568,1.13,3.00
2012.04.10 16:05:12.677,1.4565,1.4568,1.13,3.00
2012.04.10 16:05:12.767,1.45647,1.45672,1.88,1.62
2012.04.10 16:05:13.298,1.4564,1.45672,1.13,1.69
2012.04.10 16:05:13.377,1.4564,1.45672,1.13,1.50
2012.04.10 16:05:14.227,1.4564,1.45672,1.13,2.25
2012.04.10 16:05:14.317,1.45639,1.45671,1.32,1.50
2012.04.10 16:05:14.397,1.45642,1.45671,1.50,1.50
2012.04.10 16:05:16.823,1.45642,1.45674,2.25,2.07
2012.04.10 16:05:19.745,1.4564,1.45671,1.50,1.50
2012.04.10 16:05:19.815,1.45638,1.45671,1.50,1.50
2012.04.10 16:05:20.094,1.45642,1.45672,1.50,2.44
2012.04.10 16:05:21.017,1.45642,1.45672,1.50,2.44
2012.04.10 16:05:22.063,1.45642,1.45674,2.25,3.00
2012.04.10 16:05:23.776,1.45642,1.45674,1.50,3.19
2012.04.10 16:05:24.164,1.45642,1.45672,1.50,2.18
2012.04.10 16:05:24.690,1.45639,1.45672,2.07,3.68
2012.04.10 16:05:25.203,1.45639,1.45672,2.07,2.25
2012.04.10 16:05:26.707,1.45644,1.45672,1.69,2.25
2012.04.10 16:05:26.856,1.45645,1.45672,2.25,1.43
2012.04.10 16:05:27.148,1.45645,1.4567,2.25,1.43
2012.04.10 16:05:27.226,1.45645,1.4567,1.50,2.18
2012.04.10 16:05:29.450,1.45645,1.4567,2.25,2.18
2012.04.10 16:05:29.603,1.45645,1.45672,3.00,1.43
2012.04.10 16:05:29.820,1.45648,1.45675,1.50,1.50
2012.04.10 16:05:30.384,1.45647,1.45677,2.44,1.43
2012.04.10 16:05:30.470,1.45647,1.45678,2.25,2.07
2012.04.10 16:05:30.935,1.45647,1.45678,2.25,2.07
2012.04.10 16:05:31.145,1.45647,1.45675,1.50,2.18
2012.04.10 16:05:31.750,1.45643,1.45675,1.69,2.18
2012.04.10 16:05:32.509,1.45643,1.45675,1.50,2.18
2012.04.10 16:05:33.301,1.45643,1.45674,1.50,1.69
2012.04.10 16:05:33.663,1.45645,1.45674,3.00,1.50
2012.04.10 16:05:33.811,1.45646,1.45678,1.50,3.12
2012.04.10 16:05:34.216,1.45648,1.45676,1.50,2.18
2012.04.10 16:05:34.764,1.45646,1.45676,1.32,2.18
2012.04.10 16:05:35.660,1.45646,1.45676,2.07,1.43
2012.04.10 16:05:35.733,1.45646,1.45676,2.07,2.18
2012.04.10 16:05:37.847,1.45646,1.45679,2.07,2.93
2012.04.10 16:05:39.371,1.45646,1.45679,2.07,1.50
2012.04.10 16:05:39.441,1.45646,1.45679,2.07,1.50
2012.04.10 16:05:40.061,1.45646,1.45679,2.07,1.50
2012.04.10 16:05:42.330,1.45647,1.45677,1.50,1.50
2012.04.10 16:05:42.412,1.45646,1.45677,1.13,1.50
2012.04.10 16:05:42.489,1.45645,1.45677,1.50,1.50
2012.04.10 16:05:42.568,1.45645,1.4567,1.50,1.43
2012.04.10 16:05:44.881,1.45643,1.45672,2.25,3.12
2012.04.10 16:05:45.624,1.45643,1.45672,2.25,2.37
2012.04.10 16:05:46.616,1.45643,1.45672,2.25,2.37
2012.04.10 16:05:46.795,1.45643,1.45673,2.25,4.05
2012.04.10 16:05:47.780,1.45639,1.45672,3.00,4.62
2012.04.10 16:05:49.044,1.45639,1.45672,3.00,3.87
2012.04.10 16:05:49.984,1.45639,1.4567,3.00,1.43
2012.04.10 16:05:50.428,1.45639,1.4567,3.00,2.18
2012.04.10 16:05:51.511,1.45639,1.4567,3.00,1.62
2012.04.10 16:05:52.021,1.45639,1.4567,3.00,2.37
2012.04.10 16:05:52.536,1.45642,1.45671,2.25,2.37
2012.04.10 16:05:53.543,1.45641,1.45669,2.25,1.69
2012.04.10 16:05:53.687,1.45638,1.45667,2.25,2.37
2012.04.10 16:05:54.120,1.45643,1.45669,1.50,2.18
2012.04.10 16:05:56.026,1.45643,1.4567,1.50,2.18
2012.04.10 16:05:56.225,1.45642,1.45667,2.63,1.43
2012.04.10 16:05:56.433,1.45642,1.45669,2.63,2.18
2012.04.10 16:05:56.644,1.45642,1.45665,1.50,1.43
2012.04.10 16:05:56.861,1.45642,1.45669,1.50,1.88
2012.04.10 16:05:57.008,1.45642,1.45669,1.50,1.13
2012.04.10 16:05:57.050,1.45642,1.45669,1.50,1.13
2012.04.10 16:05:57.603,1.45642,1.4567,1.50,2.18
2012.04.10 16:05:57.688,1.45642,1.45673,3.94,2.18
2012.04.10 16:05:58.408,1.45645,1.45673,1.50,2.18
2012.04.10 16:05:58.764,1.45645,1.45673,1.50,2.18
2012.04.10 16:06:03.114,1.45646,1.45677,1.50,2.93
2012.04.10 16:06:03.182,1.45646,1.45677,1.50,2.93
2012.04.10 16:06:03.589,1.45649,1.45677,1.50,2.93
2012.04.10 16:06:03.793,1.45648,1.45677,1.13,2.18
2012.04.10 16:06:05.584,1.45648,1.45677,1.13,2.18
2012.04.10 16:06:11.892,1.45647,1.45679,1.13,4.62
2012.04.10 16:06:14.514,1.45647,1.45678,1.13,1.50
2012.04.10 16:06:17.453,1.45646,1.45673,1.88,2.25
2012.04.10 16:06:17.663,1.45646,1.45669,1.88,2.18
2012.04.10 16:06:17.935,1.45641,1.45671,1.32,2.25
2012.04.10 16:06:18.004,1.45641,1.45671,1.32,2.25
2012.04.10 16:06:18.537,1.45641,1.45669,2.82,2.18
2012.04.10 16:06:18.983,1.45641,1.45669,2.63,2.18
2012.04.10 16:06:19.239,1.45641,1.45669,2.63,2.18
2012.04.10 16:06:21.961,1.45641,1.45671,2.82,2.18
2012.04.10 16:06:22.044,1.45641,1.45673,2.25,1.69
2012.04.10 16:06:22.787,1.45639,1.45669,1.69,1.50
2012.04.10 16:06:23.259,1.45641,1.45671,1.32,1.50
2012.04.10 16:06:23.338,1.45641,1.45673,1.32,1.50
2012.04.10 16:06:23.944,1.45641,1.45673,1.13,1.69
2012.04.10 16:06:24.511,1.45641,1.45673,1.13,1.50
2012.04.10 16:06:25.593,1.45641,1.45673,1.13,2.44
2012.04.10 16:06:25.762,1.45636,1.45668,2.25,2.25
2012.04.10 16:06:25.838,1.45634,1.45663,1.50,1.50
2012.04.10 16:06:26.416,1.45624,1.45656,1.91,1.50
2012.04.10 16:06:26.509,1.45627,1.45659,2.44,1.50
2012.04.10 16:06:26.585,1.45631,1.45659,1.50,1.50
2012.04.10 16:06:27.133,1.45631,1.45661,1.50,2.25
2012.04.10 16:06:27.905,1.45627,1.4566,2.63,2.25
2012.04.10 16:06:28.212,1.45631,1.45662,1.50,3.00
2012.04.10 16:06:28.638,1.45626,1.4565,1.50,2.18
2012.04.10 16:06:28.785,1.45625,1.45656,1.88,3.19
2012.04.10 16:06:28.999,1.45628,1.45661,3.00,2.44
2012.04.10 16:06:29.366,1.45632,1.45665,2.25,1.50
2012.04.10 16:06:29.454,1.45633,1.45663,1.13,1.50
2012.04.10 16:06:29.611,1.45633,1.45665,1.13,1.50
2012.04.10 16:06:30.027,1.45631,1.45662,1.13,1.50
2012.04.10 16:06:30.233,1.4563,1.45662,1.47,3.00
2012.04.10 16:06:31.003,1.45629,1.45657,1.32,2.18
2012.04.10 16:06:32.703,1.45624,1.45651,2.44,1.43
2012.04.10 16:06:33.056,1.45621,1.45651,3.19,1.43
2012.04.10 16:06:33.406,1.45621,1.45651,3.00,1.43
2012.04.10 16:06:33.488,1.45621,1.45654,3.00,1.50
2012.04.10 16:06:33.712,1.45626,1.45652,1.69,1.43
2012.04.10 16:06:34.214,1.45627,1.45658,1.13,2.25
2012.04.10 16:06:34.742,1.45627,1.45661,1.32,3.00
2012.04.10 16:06:35.141,1.45627,1.45661,1.32,3.00
2012.04.10 16:06:35.289,1.45629,1.45661,1.32,3.00
2012.04.10 16:06:36.576,1.45626,1.45654,3.00,1.43
2012.04.10 16:06:36.654,1.45624,1.45654,1.50,2.18
2012.04.10 16:06:36.939,1.45622,1.45654,1.88,2.18
2012.04.10 16:06:37.043,1.45622,1.45654,1.13,2.18
2012.04.10 16:06:38.759,1.45622,1.45651,1.88,2.25
2012.04.10 16:06:42.076,1.45622,1.45654,2.44,5.55
2012.04.10 16:06:42.520,1.45622,1.45654,2.25,5.74
2012.04.10 16:06:42.740,1.45622,1.45654,2.44,4.80
2012.04.10 16:06:43.035,1.45622,1.45654,3.19,2.63
2012.04.10 16:06:43.177,1.45623,1.45654,1.50,2.63
2012.04.10 16:06:43.803,1.4562,1.45648,1.50,2.18
2012.04.10 16:06:44.598,1.4562,1.45648,1.50,2.18
2012.04.10 16:06:44.839,1.4562,1.45648,1.50,2.18
2012.04.10 16:06:44.921,1.4562,1.45649,1.50,1.50
2012.04.10 16:06:45.001,1.4562,1.45649,2.25,1.50
2012.04.10 16:06:45.664,1.4562,1.45651,1.50,1.50
2012.04.10 16:06:46.205,1.45618,1.45648,2.25,2.93
2012.04.10 16:06:46.485,1.45618,1.45647,2.25,1.50
2012.04.10 16:06:46.882,1.45618,1.45645,1.50,2.93
2012.04.10 16:06:47.395,1.45618,1.45648,2.44,2.25
2012.04.10 16:06:47.469,1.45618,1.45648,2.44,1.50
2012.04.10 16:06:47.543,1.45618,1.45651,2.44,2.18
2012.04.10 16:06:48.027,1.45626,1.45652,2.25,2.18
2012.04.10 16:06:48.124,1.45628,1.45654,1.50,2.18
2012.04.10 16:06:48.270,1.45628,1.45657,2.07,2.18
2012.04.10 16:06:48.804,1.45628,1.45657,1.88,2.18
2012.04.10 16:06:49.153,1.45628,1.4565,1.13,1.43
2012.04.10 16:06:49.224,1.45628,1.45653,1.13,1.43
2012.04.10 16:06:49.301,1.45627,1.45653,1.13,1.43
2012.04.10 16:06:49.376,1.45627,1.45648,1.13,1.43
2012.04.10 16:06:49.861,1.4563,1.45656,1.50,2.18
2012.04.10 16:06:50.022,1.4563,1.45656,1.50,1.43
2012.04.10 16:06:50.386,1.4563,1.45662,1.50,1.50
2012.04.10 16:06:51.186,1.45633,1.45662,1.50,1.50
2012.04.10 16:06:51.401,1.4563,1.45658,2.07,1.50
2012.04.10 16:06:51.481,1.4563,1.45658,1.50,1.50
2012.04.10 16:06:51.559,1.45628,1.45653,1.13,2.93
2012.04.10 16:06:51.639,1.45625,1.45652,1.69,1.43
2012.04.10 16:06:52.175,1.45625,1.45652,1.50,2.18
2012.04.10 16:06:55.749,1.45625,1.45646,1.50,1.43
2012.04.10 16:06:55.826,1.45622,1.45645,1.50,1.43
2012.04.10 16:06:56.418,1.45618,1.45644,2.44,1.43
2012.04.10 16:06:59.447,1.45619,1.45644,1.50,1.43
2012.04.10 16:06:59.614,1.45621,1.45648,2.07,1.13
2012.04.10 16:06:59.699,1.45623,1.45653,2.44,1.50
2012.04.10 16:06:59.768,1.45625,1.45656,1.50,2.93
2012.04.10 16:06:59.849,1.45625,1.45656,1.50,2.93
2012.04.10 16:07:00.347,1.4562,1.45651,1.50,1.50
2012.04.10 16:07:00.820,1.4562,1.45651,1.50,1.50
2012.04.10 16:07:02.984,1.45617,1.45649,1.13,2.25
2012.04.10 16:07:03.236,1.45616,1.45649,1.69,2.25
2012.04.10 16:07:03.611,1.45615,1.45646,2.07,2.18
2012.04.10 16:07:04.450,1.45614,1.45646,2.44,2.18
2012.04.10 16:07:04.538,1.45614,1.45641,2.44,1.43
2012.04.10 16:07:04.757,1.45614,1.45645,2.44,1.43
2012.04.10 16:07:04.837,1.45615,1.45649,1.69,2.25
2012.04.10 16:07:04.989,1.45619,1.4565,2.25,1.50
2012.04.10 16:07:05.490,1.45619,1.45651,2.44,2.25
2012.04.10 16:07:05.576,1.45622,1.45653,1.50,1.50
2012.04.10 16:07:07.805,1.4562,1.45651,2.63,1.50
2012.04.10 16:07:08.143,1.4562,1.45645,1.13,1.43
2012.04.10 16:07:08.884,1.4562,1.45646,2.07,1.43
2012.04.10 16:07:09.794,1.45621,1.45651,1.32,1.43
2012.04.10 16:07:10.231,1.45621,1.45651,1.88,1.43
2012.04.10 16:07:10.587,1.45626,1.45658,2.25,1.43
2012.04.10 16:07:11.116,1.45629,1.45661,1.50,2.44
2012.04.10 16:07:11.265,1.45631,1.45662,2.25,1.50
2012.04.10 16:07:12.586,1.45631,1.45663,2.44,2.25
2012.04.10 16:07:12.773,1.45631,1.45662,2.44,1.50
2012.04.10 16:07:13.564,1.45631,1.45662,1.69,1.88
2012.04.10 16:07:14.194,1.45631,1.45662,2.25,1.13
2012.04.10 16:07:14.342,1.45631,1.45663,2.25,1.50
2012.04.10 16:07:14.488,1.4563,1.45661,1.69,1.50
2012.04.10 16:07:14.571,1.4563,1.45661,2.07,2.25
2012.04.10 16:07:14.927,1.4563,1.45661,1.32,2.25
2012.04.10 16:07:15.074,1.45632,1.45663,1.50,1.69
2012.04.10 16:07:16.062,1.45632,1.45654,1.50,1.43
2012.04.10 16:07:16.223,1.45627,1.45654,2.25,2.18
2012.04.10 16:07:16.304,1.45627,1.45651,1.50,1.43
2012.04.10 16:07:16.657,1.45627,1.45639,1.50,1.43
2012.04.10 16:07:16.874,1.45627,1.45648,1.50,2.55
2012.04.10 16:07:17.302,1.4562,1.45648,1.50,2.18
2012.04.10 16:07:17.600,1.4562,1.45653,3.19,1.85
2012.04.10 16:07:17.746,1.45625,1.45654,1.50,2.18
2012.04.10 16:07:18.094,1.45622,1.45651,1.88,1.43
2012.04.10 16:07:18.818,1.45622,1.45654,1.88,3.19
2012.04.10 16:07:19.305,1.45622,1.45654,1.50,3.75
2012.04.10 16:07:19.862,1.45617,1.45651,2.25,3.19
2012.04.10 16:07:20.227,1.45617,1.45646,1.50,1.62
2012.04.10 16:07:20.644,1.45617,1.45643,1.50,2.18
2012.04.10 16:07:20.738,1.4561,1.45642,2.63,2.63
2012.04.10 16:07:21.234,1.45611,1.45641,1.13,1.50
2012.04.10 16:07:21.316,1.45616,1.45644,1.50,2.74
2012.04.10 16:07:22.100,1.45616,1.45641,1.50,1.43
2012.04.10 16:07:22.249,1.45613,1.45644,1.50,4.99
2012.04.10 16:07:22.327,1.45611,1.45644,1.88,4.99
2012.04.10 16:07:22.620,1.45611,1.45642,1.88,1.13
2012.04.10 16:07:23.227,1.45611,1.4564,1.88,1.62
2012.04.10 16:07:23.323,1.45611,1.45643,1.88,1.13
2012.04.10 16:07:23.400,1.45615,1.45644,1.50,2.25
2012.04.10 16:07:23.758,1.45615,1.45641,1.50,1.62
2012.04.10 16:07:24.104,1.45615,1.45641,1.50,2.37
2012.04.10 16:07:24.185,1.45611,1.45641,1.88,2.37
2012.04.10 16:07:24.739,1.45611,1.45641,1.88,2.37
2012.04.10 16:07:25.027,1.45616,1.45641,1.50,1.43
2012.04.10 16:07:25.109,1.45617,1.45644,1.50,2.82
2012.04.10 16:07:25.400,1.45612,1.45641,1.50,1.43
2012.04.10 16:07:25.475,1.45612,1.45641,1.50,2.18
2012.04.10 16:07:26.777,1.45612,1.45641,1.50,1.43
2012.04.10 16:07:26.856,1.45612,1.45644,1.50,2.07
2012.04.10 16:07:26.922,1.45615,1.45644,1.50,2.07
2012.04.10 16:07:27.260,1.45617,1.45642,1.50,1.43
2012.04.10 16:07:27.334,1.45611,1.45642,1.88,1.43
2012.04.10 16:07:27.474,1.45611,1.45642,1.88,2.18
2012.04.10 16:07:28.529,1.45616,1.45644,1.50,2.82
2012.04.10 16:07:30.207,1.45616,1.45643,2.25,1.43
2012.04.10 16:07:30.447,1.45605,1.45638,2.07,1.50
2012.04.10 16:07:30.656,1.4561,1.4564,1.50,1.50
2012.04.10 16:07:31.008,1.4561,1.45641,1.88,3.68
2012.04.10 16:07:31.089,1.4561,1.45641,2.07,1.50
2012.04.10 16:07:31.977,1.4561,1.45641,1.88,1.50
2012.04.10 16:07:32.610,1.4561,1.45642,1.88,1.50
2012.04.10 16:07:33.109,1.45617,1.45643,1.13,1.69
2012.04.10 16:07:33.861,1.45617,1.45643,1.13,1.50
2012.04.10 16:07:34.270,1.45617,1.45649,1.13,1.69
2012.04.10 16:07:34.976,1.45617,1.45649,1.13,2.25
2012.04.10 16:07:35.048,1.45617,1.45649,1.13,3.00
2012.04.10 16:07:35.273,1.45614,1.45643,2.25,1.69
2012.04.10 16:07:35.912,1.4561,1.45642,1.13,2.82
2012.04.10 16:07:35.990,1.45609,1.45642,2.63,2.44
2012.04.10 16:07:37.130,1.45609,1.45642,2.63,2.25
2012.04.10 16:07:37.427,1.45611,1.45642,1.50,1.50
2012.04.10 16:07:37.856,1.45611,1.45642,1.50,1.50
2012.04.10 16:07:38.283,1.45613,1.45646,2.07,1.50
2012.04.10 16:07:38.363,1.45613,1.45647,2.07,1.50
2012.04.10 16:07:38.579,1.45613,1.45647,2.82,1.50
2012.04.10 16:07:38.922,1.45613,1.45648,2.82,3.00
2012.04.10 16:07:39.323,1.45615,1.45648,1.13,2.25
2012.04.10 16:07:39.615,1.45618,1.45648,2.07,1.50
2012.04.10 16:07:39.980,1.45618,1.4565,3.57,1.50
2012.04.10 16:07:40.183,1.45618,1.4565,2.82,1.50
2012.04.10 16:07:40.886,1.45618,1.4565,2.82,1.50
2012.04.10 16:07:41.445,1.45621,1.4565,1.50,1.50
2012.04.10 16:07:41.745,1.45626,1.45659,2.44,3.00
2012.04.10 16:07:42.240,1.45634,1.45665,1.50,3.16
2012.04.10 16:07:42.456,1.45634,1.45665,1.50,1.32
2012.04.10 16:07:44.141,1.45634,1.45661,1.50,3.75
2012.04.10 16:07:44.500,1.4563,1.4566,2.07,1.88
2012.04.10 16:07:44.889,1.4563,1.4566,1.88,2.55
2012.04.10 16:07:45.104,1.45633,1.45662,2.07,1.50
2012.04.10 16:07:45.313,1.45631,1.45664,1.88,2.22
2012.04.10 16:07:45.848,1.45631,1.45664,1.13,4.02
2012.04.10 16:07:45.986,1.45629,1.45663,2.82,1.50
2012.04.10 16:07:46.349,1.45635,1.45664,1.50,3.12
2012.04.10 16:07:46.436,1.45632,1.45663,1.50,1.50
2012.04.10 16:07:46.994,1.45632,1.45663,2.25,1.88
2012.04.10 16:07:47.732,1.45628,1.45662,2.44,1.88
2012.04.10 16:07:48.076,1.45628,1.45662,1.69,2.63
2012.04.10 16:07:49.584,1.45628,1.45662,1.69,2.63
2012.04.10 16:07:49.988,1.45628,1.45662,2.82,2.63
2012.04.10 16:07:51.961,1.45627,1.45657,2.18,1.69
2012.04.10 16:07:52.512,1.45626,1.45652,1.88,2.25
2012.04.10 16:07:52.596,1.45619,1.45652,2.44,2.18
2012.04.10 16:07:52.739,1.45619,1.45652,3.19,2.18
2012.04.10 16:07:52.814,1.45619,1.45654,3.94,1.50
2012.04.10 16:07:53.372,1.45622,1.45654,1.50,2.25
2012.04.10 16:07:53.522,1.45619,1.45648,2.25,1.50
2012.04.10 16:07:53.602,1.45619,1.45648,1.50,1.50
2012.04.10 16:07:53.747,1.45618,1.45648,2.25,1.50
2012.04.10 16:07:54.386,1.45619,1.45646,1.50,1.50
2012.04.10 16:07:54.472,1.45619,1.45651,2.18,2.25
2012.04.10 16:07:54.630,1.45617,1.45647,1.13,2.25
2012.04.10 16:07:54.709,1.45617,1.45645,1.13,1.50
2012.04.10 16:07:54.932,1.45614,1.45643,1.88,2.25
2012.04.10 16:07:55.005,1.45612,1.45643,1.99,3.00
2012.04.10 16:07:55.632,1.45609,1.45639,2.07,2.25
2012.04.10 16:07:56.167,1.45609,1.45639,2.07,1.50
2012.04.10 16:07:56.916,1.4561,1.45642,1.88,1.50
2012.04.10 16:07:57.336,1.4561,1.45643,1.88,3.00
2012.04.10 16:07:57.898,1.4561,1.45643,1.50,3.00
2012.04.10 16:08:00.025,1.45608,1.45642,3.19,1.69
2012.04.10 16:08:00.466,1.45608,1.45638,1.32,2.25
2012.04.10 16:08:01.029,1.45606,1.45638,2.63,3.94
2012.04.10 16:08:01.383,1.456,1.4563,1.50,1.50
2012.04.10 16:08:01.456,1.456,1.45631,1.50,2.44
2012.04.10 16:08:01.991,1.45598,1.45631,1.32,1.50
2012.04.10 16:08:02.486,1.456,1.45634,2.07,1.50
2012.04.10 16:08:02.626,1.456,1.45634,2.07,1.50
2012.04.10 16:08:03.017,1.456,1.45634,2.07,1.50
2012.04.10 16:08:03.167,1.456,1.45634,2.07,1.50
2012.04.10 16:08:06.202,1.456,1.45635,2.07,4.43
2012.04.10 16:08:06.463,1.45604,1.45634,1.88,1.50
2012.04.10 16:08:06.980,1.45604,1.45632,1.50,2.25
2012.04.10 16:08:07.330,1.45597,1.45626,1.32,2.18
2012.04.10 16:08:07.412,1.45595,1.45624,2.25,2.25
2012.04.10 16:08:07.486,1.45597,1.45624,1.13,1.50
2012.04.10 16:08:07.833,1.45597,1.45621,1.13,1.50
2012.04.10 16:08:08.105,1.45597,1.45626,1.13,1.50
2012.04.10 16:08:09.995,1.45597,1.45626,1.32,2.25
2012.04.10 16:08:10.353,1.45597,1.45626,2.07,2.25
2012.04.10 16:08:11.387,1.45597,1.45626,2.07,2.25
2012.04.10 16:08:12.256,1.45598,1.45631,1.50,2.25
2012.04.10 16:08:13.259,1.456,1.45634,2.44,2.18
2012.04.10 16:08:14.137,1.45602,1.45635,1.69,2.63
2012.04.10 16:08:16.422,1.45602,1.45635,2.44,2.63
2012.04.10 16:08:16.856,1.45602,1.45629,2.82,2.18
2012.04.10 16:08:19.317,1.45602,1.45635,2.82,3.68
2012.04.10 16:08:19.858,1.4561,1.4563,1.50,1.43
2012.04.10 16:08:19.949,1.45611,1.45644,2.25,1.50
2012.04.10 16:08:20.493,1.45611,1.45644,2.82,1.50
2012.04.10 16:08:20.977,1.45611,1.45646,3.57,3.72
2012.04.10 16:08:21.526,1.45611,1.45646,3.57,4.80
2012.04.10 16:08:21.740,1.45611,1.45646,4.13,4.80
2012.04.10 16:08:21.818,1.45611,1.45646,4.13,4.80
2012.04.10 16:08:22.325,1.45612,1.45641,1.32,2.18
2012.04.10 16:08:23.168,1.4561,1.45641,1.69,3.68
2012.04.10 16:08:23.446,1.45609,1.45641,2.44,2.25
2012.04.10 16:08:23.521,1.45609,1.45641,2.44,2.25
2012.04.10 16:08:24.087,1.45614,1.45638,1.50,1.43
2012.04.10 16:08:24.434,1.45616,1.4564,1.50,2.18
2012.04.10 16:08:24.506,1.45612,1.45639,3.19,2.18
2012.04.10 16:08:24.718,1.45616,1.45643,1.50,1.50
2012.04.10 16:08:25.096,1.45618,1.45644,1.50,1.50
2012.04.10 16:08:25.169,1.45615,1.45645,2.25,2.18
2012.04.10 16:08:26.748,1.45611,1.45639,2.25,2.18
2012.04.10 16:08:26.883,1.45611,1.45639,2.25,2.18
2012.04.10 16:08:28.086,1.45611,1.4564,2.25,1.50
2012.04.10 16:08:28.540,1.45616,1.45643,1.50,2.93
2012.04.10 16:08:28.886,1.45612,1.45643,2.25,2.18
2012.04.10 16:08:30.270,1.45612,1.45643,2.44,2.18
2012.04.10 16:08:30.406,1.45612,1.45643,2.44,2.18
2012.04.10 16:08:30.626,1.45612,1.45643,2.44,2.18
2012.04.10 16:08:31.225,1.45612,1.45643,2.44,2.18
2012.04.10 16:08:32.857,1.45612,1.45643,2.44,3.68
2012.04.10 16:08:33.134,1.4561,1.45641,1.69,2.25
2012.04.10 16:08:34.035,1.4561,1.45641,1.69,2.25
2012.04.10 16:08:34.877,1.4561,1.45641,1.69,2.25
2012.04.10 16:08:35.305,1.45609,1.45641,1.69,2.25
2012.04.10 16:08:36.446,1.4561,1.4564,1.69,2.18
2012.04.10 16:08:36.926,1.45609,1.45638,1.69,2.18
2012.04.10 16:08:37.648,1.45609,1.45638,1.50,2.18
2012.04.10 16:08:39.004,1.45608,1.45638,2.63,2.18
2012.04.10 16:08:45.470,1.45608,1.45637,3.94,2.18
2012.04.10 16:08:45.550,1.45611,1.45637,1.50,2.18
2012.04.10 16:08:45.634,1.45613,1.45641,1.50,2.25
2012.04.10 16:08:45.985,1.45613,1.45641,1.69,2.25
2012.04.10 16:08:46.541,1.45618,1.45644,1.50,2.18
2012.04.10 16:08:46.627,1.45618,1.45648,1.50,2.18
2012.04.10 16:08:46.768,1.45618,1.45644,1.50,2.18
2012.04.10 16:08:47.138,1.45618,1.45642,1.50,2.37
2012.04.10 16:08:47.221,1.45615,1.45636,1.50,1.50
2012.04.10 16:08:47.371,1.45613,1.45635,1.50,2.18
2012.04.10 16:08:47.454,1.45613,1.45635,1.50,2.18
2012.04.10 16:08:47.527,1.45611,1.45635,1.50,1.50
2012.04.10 16:08:47.878,1.45606,1.45635,3.00,1.50
2012.04.10 16:08:48.096,1.45606,1.45635,3.00,1.50
2012.04.10 16:08:48.447,1.45609,1.45635,1.50,1.50
2012.04.10 16:08:48.774,1.45611,1.45635,1.50,1.50
2012.04.10 16:08:49.461,1.45609,1.45636,1.50,2.93
2012.04.10 16:08:50.032,1.45609,1.45634,2.25,2.18
2012.04.10 16:08:50.769,1.45612,1.45634,1.69,2.18
2012.04.10 16:08:50.917,1.45612,1.45642,3.19,2.93
2012.04.10 16:08:51.068,1.45617,1.45643,1.50,2.18
2012.04.10 16:08:51.144,1.45617,1.45643,1.50,2.18
2012.04.10 16:08:53.628,1.45617,1.45643,1.50,1.43
2012.04.10 16:08:53.779,1.4562,1.45644,1.50,2.18
2012.04.10 16:08:54.141,1.45624,1.45646,2.25,1.13
2012.04.10 16:08:54.699,1.4562,1.45642,1.50,1.50
2012.04.10 16:08:54.786,1.45618,1.45642,2.25,1.50
2012.04.10 16:08:57.974,1.45618,1.45644,2.25,2.93
2012.04.10 16:08:58.047,1.45618,1.45644,1.50,2.93
2012.04.10 16:08:58.666,1.45618,1.45644,1.50,3.68
2012.04.10 16:09:01.941,1.45618,1.45644,2.25,1.50
2012.04.10 16:09:02.451,1.45618,1.45647,2.44,3.30
2012.04.10 16:09:02.595,1.4562,1.45647,3.00,2.55
2012.04.10 16:09:02.667,1.45622,1.45648,1.69,1.50
2012.04.10 16:09:02.814,1.45621,1.45648,1.50,1.50
2012.04.10 16:09:03.148,1.4562,1.45643,3.00,2.18
2012.04.10 16:09:03.364,1.4562,1.45643,1.50,1.50
2012.04.10 16:09:03.509,1.45618,1.45643,1.50,1.50
2012.04.10 16:09:04.224,1.45618,1.45643,1.50,1.50
2012.04.10 16:09:05.205,1.45618,1.45639,1.50,1.50
2012.04.10 16:09:05.347,1.45615,1.45639,1.50,1.50
2012.04.10 16:09:05.884,1.45614,1.45639,1.50,1.50
2012.04.10 16:09:06.418,1.45614,1.45639,1.50,2.25
2012.04.10 16:09:07.435,1.45614,1.45639,1.50,3.68
2012.04.10 16:09:08.794,1.45612,1.45639,1.50,2.93
2012.04.10 16:09:08.866,1.4561,1.45639,2.44,2.93
2012.04.10 16:09:10.029,1.4561,1.45635,1.50,2.25
2012.04.10 16:09:10.377,1.45606,1.45633,2.44,1.50
2012.04.10 16:09:10.933,1.45606,1.45633,2.25,1.50
2012.04.10 16:09:11.648,1.45606,1.45633,2.25,1.50
2012.04.10 16:09:13.914,1.45605,1.45633,1.13,1.50
2012.04.10 16:09:13.991,1.45602,1.45627,2.07,1.50
2012.04.10 16:09:14.377,1.45598,1.45627,1.88,1.50
2012.04.10 16:09:14.457,1.45598,1.45627,1.88,1.50
2012.04.10 16:09:14.887,1.45598,1.45625,2.07,1.50
2012.04.10 16:09:15.758,1.45598,1.45618,1.50,1.50
2012.04.10 16:09:15.850,1.45593,1.45614,1.50,3.00
2012.04.10 16:09:15.934,1.45589,1.45614,2.93,3.00
2012.04.10 16:09:16.486,1.45585,1.45614,2.44,1.50
2012.04.10 16:09:17.090,1.45587,1.45614,1.50,1.50
2012.04.10 16:09:17.634,1.45588,1.45614,1.50,1.50
2012.04.10 16:09:19.921,1.45584,1.45614,2.44,1.50
2012.04.10 16:09:19.997,1.45584,1.45613,2.44,1.13
2012.04.10 16:09:20.479,1.4558,1.45611,2.82,1.13
2012.04.10 16:09:20.555,1.4558,1.45608,3.12,1.50
2012.04.10 16:09:20.886,1.4558,1.45607,1.50,1.50
2012.04.10 16:09:21.706,1.45577,1.45606,1.50,1.69
2012.04.10 16:09:21.913,1.45577,1.45607,1.69,1.50
2012.04.10 16:09:23.588,1.45577,1.45605,1.88,1.50
2012.04.10 16:09:25.028,1.45574,1.45607,1.32,3.00
2012.04.10 16:09:28.404,1.45576,1.45605,1.88,1.50
2012.04.10 16:09:29.049,1.45576,1.45607,1.88,1.50
2012.04.10 16:09:30.114,1.45577,1.45607,1.32,1.50
2012.04.10 16:09:30.185,1.45578,1.45609,1.69,2.25
2012.04.10 16:09:30.600,1.45582,1.4561,1.13,1.50
2012.04.10 16:09:30.899,1.45582,1.45614,1.32,3.00
2012.04.10 16:09:31.363,1.45582,1.45614,1.32,3.00
2012.04.10 16:09:32.078,1.45584,1.45615,2.07,2.93
2012.04.10 16:09:32.162,1.45584,1.45615,2.07,2.93
2012.04.10 16:09:35.280,1.45583,1.45602,1.50,2.18
2012.04.10 16:09:35.425,1.45578,1.45602,1.13,2.18
2012.04.10 16:09:35.495,1.45577,1.45606,2.82,2.93
2012.04.10 16:09:36.054,1.45577,1.4561,3.00,1.50
2012.04.10 16:09:36.339,1.45582,1.45612,1.50,1.13
2012.04.10 16:09:36.418,1.45582,1.45613,1.69,3.30
2012.04.10 16:09:36.642,1.45582,1.45614,2.44,1.13
2012.04.10 16:09:36.721,1.45582,1.45611,1.69,1.50
2012.04.10 16:09:37.078,1.45582,1.45605,1.50,1.50
2012.04.10 16:09:37.167,1.45577,1.45606,1.50,1.50
2012.04.10 16:09:37.318,1.45578,1.45608,2.25,1.13
2012.04.10 16:09:37.875,1.45578,1.45609,2.25,1.88
2012.04.10 16:09:39.281,1.4558,1.45609,2.25,1.88
2012.04.10 16:09:39.433,1.45584,1.4561,1.50,1.50
2012.04.10 16:09:39.509,1.45584,1.45612,2.25,4.88
2012.04.10 16:09:39.591,1.45584,1.45614,2.25,2.74
2012.04.10 16:09:39.673,1.45584,1.45614,2.25,2.55
2012.04.10 16:09:39.887,1.45584,1.45615,2.25,1.88
2012.04.10 16:09:40.675,1.45589,1.45615,1.50,1.88
2012.04.10 16:09:44.044,1.45584,1.45615,2.25,1.13
2012.04.10 16:09:44.126,1.45584,1.45617,2.25,1.88
2012.04.10 16:09:44.254,1.45584,1.45617,2.25,1.50
2012.04.10 16:09:44.748,1.45584,1.4561,1.50,1.50
2012.04.10 16:09:44.826,1.45578,1.4561,2.07,1.50
2012.04.10 16:09:44.968,1.45578,1.45609,1.32,2.25
2012.04.10 16:09:45.248,1.45578,1.45609,1.32,2.25
2012.04.10 16:09:45.828,1.45579,1.4561,2.44,1.50
2012.04.10 16:09:46.467,1.45583,1.4561,2.63,1.50
2012.04.10 16:09:46.536,1.45583,1.4561,1.88,1.50
2012.04.10 16:09:47.164,1.4558,1.45608,1.50,2.07
2012.04.10 16:09:47.605,1.4558,1.45603,2.25,1.50
2012.04.10 16:09:47.691,1.45573,1.45602,1.50,1.50
2012.04.10 16:09:47.777,1.45573,1.45602,1.50,1.50
2012.04.10 16:09:47.931,1.45573,1.45602,1.50,1.50
2012.04.10 16:09:48.333,1.45569,1.45602,2.44,3.00
2012.04.10 16:09:48.960,1.45569,1.45602,2.44,3.00
2012.04.10 16:09:49.659,1.45569,1.45602,2.44,3.00
2012.04.10 16:09:49.746,1.45569,1.45602,3.00,3.00
2012.04.10 16:09:50.290,1.45569,1.45602,2.44,3.00
2012.04.10 16:09:50.649,1.45564,1.45593,2.25,1.50
2012.04.10 16:09:50.794,1.45564,1.45593,1.50,1.50
2012.04.10 16:09:50.871,1.45564,1.45593,1.69,1.88
2012.04.10 16:09:51.835,1.4556,1.45592,3.12,1.50
2012.04.10 16:09:52.186,1.4556,1.45593,3.68,1.88
2012.04.10 16:09:52.682,1.45565,1.45596,1.50,2.25
2012.04.10 16:09:53.157,1.45565,1.45595,1.13,3.00
2012.04.10 16:09:53.586,1.45564,1.45595,3.38,1.50
2012.04.10 16:09:53.662,1.45564,1.45595,4.13,1.50
2012.04.10 16:09:53.811,1.45568,1.45598,3.19,1.50
2012.04.10 16:09:53.894,1.45568,1.45602,3.19,3.45
2012.04.10 16:09:53.970,1.45569,1.45602,1.69,3.27
2012.04.10 16:09:54.550,1.45571,1.45602,1.69,1.84
2012.04.10 16:09:55.074,1.45569,1.45598,1.50,1.50
2012.04.10 16:09:55.864,1.45568,1.45598,1.13,2.44
2012.04.10 16:09:56.086,1.45566,1.45595,3.68,1.50
2012.04.10 16:09:56.161,1.45566,1.45595,3.68,1.50
2012.04.10 16:09:56.705,1.45566,1.45596,1.50,1.69
2012.04.10 16:09:56.785,1.45566,1.45596,1.50,1.69
2012.04.10 16:09:57.286,1.45565,1.45595,1.43,3.00
2012.04.10 16:09:58.297,1.45562,1.45595,2.93,3.00
2012.04.10 16:09:59.569,1.45564,1.45595,1.50,3.00
2012.04.10 16:09:59.786,1.45565,1.45595,3.00,2.25
2012.04.10 16:10:00.484,1.45566,1.45598,2.44,1.13
2012.04.10 16:10:01.437,1.45567,1.45598,1.32,1.50
2012.04.10 16:10:01.867,1.45567,1.45598,1.32,2.93
2012.04.10 16:10:02.665,1.45567,1.45598,1.32,2.93
2012.04.10 16:10:03.250,1.45567,1.45598,1.13,1.50
2012.04.10 16:10:05.332,1.45567,1.45598,1.32,2.93
2012.04.10 16:10:07.153,1.45567,1.45598,1.13,1.50
2012.04.10 16:10:07.304,1.45568,1.45598,1.50,1.50
2012.04.10 16:10:07.607,1.45568,1.45598,1.50,1.50
2012.04.10 16:10:07.708,1.45572,1.45603,1.50,1.69
2012.04.10 16:10:08.663,1.45571,1.456,1.13,2.18
2012.04.10 16:10:09.116,1.45567,1.45597,1.50,1.50
2012.04.10 16:10:09.693,1.45569,1.45596,1.50,1.50
2012.04.10 16:10:09.772,1.45564,1.45596,2.25,1.50
2012.04.10 16:10:10.834,1.45564,1.45596,3.19,1.50
2012.04.10 16:10:13.588,1.45565,1.45596,2.25,1.50
2012.04.10 16:10:13.900,1.4557,1.45603,2.25,4.24
2012.04.10 16:10:13.996,1.4557,1.45603,2.25,3.49
2012.04.10 16:10:14.517,1.45572,1.45602,1.13,1.43
2012.04.10 16:10:15.126,1.45572,1.45602,1.13,1.62
2012.04.10 16:10:15.928,1.45572,1.45602,1.13,1.62
2012.04.10 16:10:16.021,1.45572,1.45602,1.13,1.62
2012.04.10 16:10:16.728,1.45571,1.45601,1.13,1.69
2012.04.10 16:10:16.949,1.4557,1.45597,1.50,1.43
2012.04.10 16:10:17.371,1.45571,1.456,2.25,1.43
2012.04.10 16:10:17.917,1.45569,1.45601,2.44,2.18
2012.04.10 16:10:18.269,1.45573,1.45604,1.69,1.50
2012.04.10 16:10:18.563,1.45578,1.45608,2.44,1.50
2012.04.10 16:10:19.042,1.45578,1.45603,1.50,1.50
2012.04.10 16:10:19.261,1.45569,1.45602,2.25,3.87
2012.04.10 16:10:19.898,1.45569,1.45599,2.25,2.25
2012.04.10 16:10:20.428,1.45569,1.45602,2.25,3.19
2012.04.10 16:10:20.513,1.45569,1.45601,2.25,2.25
2012.04.10 16:10:20.745,1.45572,1.45601,1.50,1.50
2012.04.10 16:10:20.893,1.45573,1.45602,2.25,1.69
2012.04.10 16:10:21.254,1.45571,1.45599,1.50,1.69
2012.04.10 16:10:21.801,1.45567,1.45596,2.63,1.69
2012.04.10 16:10:21.877,1.45567,1.45596,2.63,1.69
2012.04.10 16:10:22.032,1.45567,1.45596,2.63,1.69
2012.04.10 16:10:22.515,1.45569,1.45597,1.13,1.50
2012.04.10 16:10:22.795,1.45569,1.45599,1.13,1.69
2012.04.10 16:10:23.085,1.45571,1.45598,2.25,1.69
2012.04.10 16:10:23.503,1.45571,1.45599,2.25,2.18
2012.04.10 16:10:23.787,1.45573,1.45599,1.50,2.18
2012.04.10 16:10:24.151,1.45573,1.45604,2.25,2.55
2012.04.10 16:10:24.226,1.45573,1.45604,2.25,1.80
2012.04.10 16:10:24.981,1.45573,1.45603,2.25,1.50
2012.04.10 16:10:25.071,1.45573,1.456,1.50,1.50
2012.04.10 16:10:25.220,1.45573,1.45602,1.50,1.69
2012.04.10 16:10:25.300,1.45576,1.45602,1.50,1.69
2012.04.10 16:10:25.656,1.45577,1.45606,1.50,1.32
2012.04.10 16:10:25.800,1.45578,1.45611,1.50,2.26
2012.04.10 16:10:25.878,1.4558,1.45613,2.25,1.69
2012.04.10 16:10:26.025,1.4558,1.45612,1.50,2.37
2012.04.10 16:10:26.158,1.45581,1.45612,1.50,2.37
2012.04.10 16:10:26.705,1.45581,1.4561,1.88,1.50
2012.04.10 16:10:27.265,1.45581,1.4561,1.13,1.50
2012.04.10 16:10:27.802,1.45582,1.45614,1.50,1.69
2012.04.10 16:10:29.877,1.45582,1.45614,1.50,1.69
2012.04.10 16:10:30.383,1.45582,1.45614,1.50,2.25
2012.04.10 16:10:31.366,1.45582,1.45614,1.50,2.07
2012.04.10 16:10:31.955,1.45582,1.45614,3.38,1.69
2012.04.10 16:10:32.047,1.45582,1.45614,2.63,1.69
2012.04.10 16:10:32.130,1.45586,1.45614,1.50,3.12
2012.04.10 16:10:32.632,1.45586,1.45614,2.25,1.50
2012.04.10 16:10:33.300,1.45586,1.45614,2.25,1.50
2012.04.10 16:10:34.996,1.45586,1.45614,1.50,1.50
2012.04.10 16:10:35.473,1.45583,1.45614,1.50,1.69
2012.04.10 16:10:36.077,1.45583,1.45614,2.25,1.69
2012.04.10 16:10:36.150,1.45583,1.45614,1.50,1.69
2012.04.10 16:10:36.701,1.45583,1.45614,1.50,3.68
2012.04.10 16:10:38.093,1.45583,1.45612,1.50,2.25
2012.04.10 16:10:38.494,1.4558,1.45609,1.50,1.50
2012.04.10 16:10:38.633,1.45576,1.45608,2.63,2.44
2012.04.10 16:10:39.127,1.45576,1.45607,2.63,2.18
2012.04.10 16:10:39.668,1.45578,1.45607,1.50,1.43
2012.04.10 16:10:42.965,1.45578,1.45608,2.25,1.43
2012.04.10 16:10:43.520,1.45579,1.45608,1.50,1.50
2012.04.10 16:10:43.670,1.45577,1.45608,2.25,1.69
2012.04.10 16:10:43.749,1.45576,1.45608,1.13,2.44
2012.04.10 16:10:43.831,1.45579,1.45608,1.50,1.69
2012.04.10 16:10:45.608,1.45576,1.45606,2.25,2.37
2012.04.10 16:10:45.973,1.45579,1.45608,1.50,1.50
2012.04.10 16:10:46.435,1.45581,1.45611,1.50,1.13
2012.04.10 16:10:49.091,1.45583,1.45613,1.50,2.07
2012.04.10 16:10:49.308,1.45583,1.45614,2.25,1.50
2012.04.10 16:10:49.853,1.45583,1.45615,3.00,1.13
2012.04.10 16:10:50.086,1.45583,1.45615,3.94,1.13
2012.04.10 16:10:50.444,1.45589,1.45618,1.50,1.50
2012.04.10 16:10:50.938,1.45588,1.45618,1.50,3.94
2012.04.10 16:10:51.230,1.45585,1.45615,1.50,2.37
2012.04.10 16:10:51.450,1.45585,1.45617,2.25,1.69
2012.04.10 16:10:51.952,1.45585,1.45616,1.50,1.69
2012.04.10 16:10:52.311,1.45589,1.45615,1.50,2.37
2012.04.10 16:10:53.563,1.45584,1.45615,2.25,3.30
2012.04.10 16:10:54.352,1.45584,1.45615,2.25,1.88
2012.04.10 16:10:55.135,1.45585,1.45615,2.25,1.88
2012.04.10 16:10:55.210,1.45585,1.45615,2.25,1.32
2012.04.10 16:10:55.427,1.45586,1.45616,1.50,3.49
2012.04.10 16:10:55.509,1.45586,1.45616,1.50,2.93
2012.04.10 16:10:56.208,1.45589,1.45618,3.00,1.32
2012.04.10 16:10:56.950,1.45589,1.45618,3.00,1.69
2012.04.10 16:10:57.102,1.45589,1.45618,3.00,1.69
2012.04.10 16:10:57.527,1.45592,1.45619,1.50,1.50
2012.04.10 16:10:58.099,1.45594,1.45621,1.50,2.37
2012.04.10 16:10:58.244,1.45594,1.45621,2.25,2.37
2012.04.10 16:10:58.804,1.45593,1.45621,1.50,2.37
2012.04.10 16:10:59.354,1.45593,1.45621,3.00,2.37
2012.04.10 16:11:00.273,1.45593,1.45621,2.25,1.62
2012.04.10 16:11:00.489,1.45593,1.45624,2.25,3.12
2012.04.10 16:11:00.569,1.45595,1.45624,1.50,3.12
2012.04.10 16:11:00.927,1.45601,1.45631,1.50,3.94
2012.04.10 16:11:02.029,1.45598,1.45628,1.50,2.44
2012.04.10 16:11:03.200,1.45601,1.45631,1.50,2.37
2012.04.10 16:11:03.808,1.45601,1.45632,1.50,2.44
2012.04.10 16:11:06.191,1.45602,1.45633,1.50,2.93
2012.04.10 16:11:06.413,1.45602,1.45633,3.00,3.68
2012.04.10 16:11:06.768,1.45607,1.45632,1.50,1.50
2012.04.10 16:11:07.340,1.45606,1.45632,1.69,1.50
2012.04.10 16:11:07.426,1.4561,1.4564,2.25,1.13
2012.04.10 16:11:09.351,1.45608,1.45638,2.25,1.62
2012.04.10 16:11:09.435,1.45608,1.45638,1.50,2.37
2012.04.10 16:11:09.513,1.45608,1.45639,1.50,1.50
2012.04.10 16:11:09.593,1.45608,1.45639,2.25,1.88
2012.04.10 16:11:09.816,1.45611,1.45638,1.50,1.13
2012.04.10 16:11:09.958,1.45612,1.4564,1.50,2.25
2012.04.10 16:11:10.042,1.45612,1.4564,1.50,2.25
2012.04.10 16:11:10.124,1.45612,1.4564,1.50,1.50
2012.04.10 16:11:10.203,1.45612,1.45645,1.50,2.25
2012.04.10 16:11:10.746,1.45612,1.45644,1.50,2.44
2012.04.10 16:11:13.016,1.45612,1.45644,1.50,2.25
2012.04.10 16:11:13.476,1.45611,1.45643,3.00,1.69
2012.04.10 16:11:13.604,1.45611,1.4564,1.50,2.44
2012.04.10 16:11:14.441,1.45611,1.45641,1.50,3.68
2012.04.10 16:11:14.518,1.4561,1.45641,1.88,3.68
2012.04.10 16:11:14.593,1.4561,1.45641,1.88,3.68
2012.04.10 16:11:14.664,1.4561,1.45641,1.88,3.87
2012.04.10 16:11:15.157,1.45611,1.45641,1.50,3.19
2012.04.10 16:11:15.667,1.45611,1.45641,1.50,2.44
2012.04.10 16:11:16.245,1.45611,1.45641,1.50,2.44
2012.04.10 16:11:17.313,1.45607,1.45637,2.25,1.50
2012.04.10 16:11:17.387,1.45607,1.45636,2.25,1.69
2012.04.10 16:11:17.994,1.45607,1.45635,2.25,1.50
2012.04.10 16:11:18.817,1.45611,1.45636,1.50,1.69
2012.04.10 16:11:19.164,1.45611,1.45644,3.00,3.87
2012.04.10 16:11:19.365,1.45611,1.45642,3.00,1.69
2012.04.10 16:11:19.997,1.45612,1.45642,1.50,1.69
2012.04.10 16:11:20.605,1.45611,1.45642,2.25,1.69
2012.04.10 16:11:21.806,1.45611,1.45643,2.25,1.50
2012.04.10 16:11:22.241,1.45611,1.4564,2.25,1.50
2012.04.10 16:11:22.462,1.45606,1.45638,3.00,2.37
2012.04.10 16:11:22.749,1.45611,1.45637,1.50,1.69
2012.04.10 16:11:23.344,1.45607,1.45636,2.25,1.69
2012.04.10 16:11:23.637,1.45612,1.45637,1.50,1.50
2012.04.10 16:11:24.176,1.45612,1.45641,3.00,1.69
2012.04.10 16:11:24.526,1.45612,1.45644,3.00,1.69
2012.04.10 16:11:25.947,1.45612,1.45642,3.00,1.50
2012.04.10 16:11:26.092,1.45615,1.45646,1.50,1.32
2012.04.10 16:11:26.448,1.45615,1.45643,1.50,1.13
2012.04.10 16:11:26.984,1.45615,1.45644,1.50,1.32
2012.04.10 16:11:27.612,1.45616,1.45644,2.25,1.32
2012.04.10 16:11:28.037,1.45616,1.45644,2.25,2.44
2012.04.10 16:11:31.259,1.45613,1.45644,2.63,1.69
2012.04.10 16:11:31.601,1.45613,1.45643,2.63,1.69
2012.04.10 16:11:31.953,1.45613,1.45642,1.13,2.44
2012.04.10 16:11:32.515,1.45612,1.45642,1.13,2.44
2012.04.10 16:11:32.874,1.45601,1.45632,1.88,1.69
2012.04.10 16:11:33.087,1.45602,1.45632,1.50,3.12
2012.04.10 16:11:33.449,1.45604,1.45632,1.50,3.12
2012.04.10 16:11:33.530,1.45601,1.45631,1.13,1.50
2012.04.10 16:11:34.237,1.456,1.45631,1.50,2.25
2012.04.10 16:11:34.660,1.456,1.45631,2.25,1.50
2012.04.10 16:11:35.488,1.456,1.45632,2.25,2.44
2012.04.10 16:11:36.683,1.456,1.45631,2.25,2.37
2012.04.10 16:11:37.202,1.456,1.4563,1.50,1.50
2012.04.10 16:11:37.699,1.45597,1.4563,2.63,3.19
2012.04.10 16:11:37.783,1.45597,1.4563,2.63,4.62
2012.04.10 16:11:38.346,1.45597,1.45626,1.13,2.25
2012.04.10 16:11:43.955,1.45597,1.45628,1.88,1.69
2012.04.10 16:11:44.497,1.45593,1.45621,2.25,1.69
2012.04.10 16:11:44.931,1.45593,1.45624,2.25,2.25
2012.04.10 16:11:45.286,1.45593,1.45624,2.63,1.50
2012.04.10 16:11:46.116,1.45595,1.45626,1.13,2.25
2012.04.10 16:11:46.588,1.45597,1.45626,1.50,2.25
2012.04.10 16:11:47.223,1.45598,1.45628,1.50,1.69
2012.04.10 16:11:47.298,1.45594,1.45628,1.13,3.19
2012.04.10 16:11:47.435,1.45594,1.45626,1.88,1.69
2012.04.10 16:11:48.033,1.45594,1.45626,1.13,1.69
2012.04.10 16:11:48.565,1.45594,1.45626,1.13,1.50
2012.04.10 16:11:49.018,1.45595,1.45627,1.13,1.10
2012.04.10 16:11:49.306,1.45596,1.45625,1.13,1.50
2012.04.10 16:11:49.376,1.45596,1.45625,1.13,1.69
2012.04.10 16:11:49.914,1.45596,1.45625,1.50,1.69
2012.04.10 16:11:52.136,1.45598,1.45626,1.50,1.50
2012.04.10 16:11:52.706,1.45594,1.45626,2.63,1.69
2012.04.10 16:11:54.294,1.45598,1.45627,1.50,1.69
2012.04.10 16:11:55.265,1.45598,1.45625,1.50,1.50
2012.04.10 16:11:55.415,1.45598,1.45624,1.50,1.69
2012.04.10 16:11:55.504,1.45594,1.45625,1.50,3.19
2012.04.10 16:11:55.581,1.45592,1.45623,1.50,2.25
2012.04.10 16:11:55.809,1.45592,1.45623,1.88,2.25
2012.04.10 16:11:55.889,1.45595,1.45625,1.50,3.12
2012.04.10 16:11:56.529,1.45591,1.45623,2.63,2.18
2012.04.10 16:11:56.614,1.45591,1.45623,2.63,2.37
2012.04.10 16:11:56.976,1.45601,1.45623,1.50,2.18
2012.04.10 16:11:57.182,1.45601,1.45625,1.50,2.25
2012.04.10 16:11:57.255,1.45601,1.45625,1.50,2.25
2012.04.10 16:11:57.396,1.45596,1.45625,1.13,2.25
2012.04.10 16:11:57.668,1.45597,1.45625,1.13,2.25
2012.04.10 16:11:57.749,1.45596,1.45625,1.13,2.25
2012.04.10 16:11:58.269,1.45596,1.45626,1.50,3.12
2012.04.10 16:11:58.500,1.45596,1.45626,1.50,3.12
2012.04.10 16:11:58.648,1.45592,1.45625,2.25,1.69
2012.04.10 16:11:59.614,1.45592,1.45622,2.25,3.68
2012.04.10 16:12:00.699,1.45592,1.45619,2.25,2.18
2012.04.10 16:12:01.356,1.45589,1.45619,2.25,2.18
2012.04.10 16:12:01.868,1.45589,1.4562,2.25,2.93
2012.04.10 16:12:02.424,1.45596,1.45621,1.50,2.25
2012.04.10 16:12:02.628,1.45595,1.45621,1.88,1.50
2012.04.10 16:12:03.978,1.45595,1.45625,1.13,1.69
2012.04.10 16:12:04.060,1.45595,1.45625,1.13,1.69
2012.04.10 16:12:05.464,1.45593,1.45625,1.13,1.69
2012.04.10 16:12:05.545,1.45595,1.45624,1.13,1.69
2012.04.10 16:12:05.698,1.45591,1.45621,1.50,2.25
2012.04.10 16:12:06.107,1.45591,1.45621,2.07,2.25
2012.04.10 16:12:08.168,1.45594,1.45625,1.32,2.25
2012.04.10 16:12:08.461,1.45594,1.45625,1.32,3.68
2012.04.10 16:12:08.538,1.45592,1.45624,1.88,1.50
2012.04.10 16:12:08.763,1.45597,1.45625,2.25,3.68
2012.04.10 16:12:09.118,1.45599,1.45632,2.25,2.44
2012.04.10 16:12:09.623,1.45601,1.45631,2.25,1.50
2012.04.10 16:12:09.846,1.45601,1.4563,2.25,1.69
2012.04.10 16:12:09.994,1.45599,1.4563,2.25,1.69
2012.04.10 16:12:10.210,1.45594,1.45627,2.07,1.50
2012.04.10 16:12:10.640,1.45594,1.45627,1.88,1.69
2012.04.10 16:12:11.347,1.45593,1.45624,1.13,2.44
2012.04.10 16:12:11.984,1.45593,1.45624,1.13,2.44
2012.04.10 16:12:13.574,1.45596,1.45624,1.13,2.25
2012.04.10 16:12:14.670,1.45596,1.45624,1.13,2.25
2012.04.10 16:12:17.048,1.45594,1.45626,1.88,1.50
2012.04.10 16:12:17.769,1.4559,1.45625,2.44,2.25
2012.04.10 16:12:18.070,1.4559,1.45623,2.25,2.07
2012.04.10 16:12:18.573,1.4559,1.45622,2.25,1.50
2012.04.10 16:12:20.376,1.4559,1.45623,2.25,1.69
2012.04.10 16:12:22.635,1.4559,1.45621,2.63,1.50
2012.04.10 16:12:24.288,1.4559,1.45621,2.63,1.50
2012.04.10 16:12:24.627,1.4559,1.45621,1.88,1.50
2012.04.10 16:12:25.110,1.4559,1.45621,1.88,2.44
2012.04.10 16:12:25.758,1.45592,1.45619,2.25,1.50
2012.04.10 16:12:25.991,1.4559,1.45622,3.38,1.69
2012.04.10 16:12:26.206,1.4559,1.45623,4.13,1.69
2012.04.10 16:12:26.602,1.4559,1.45623,4.13,1.69
2012.04.10 16:12:26.667,1.4559,1.4562,3.00,1.50
2012.04.10 16:12:27.219,1.45591,1.4562,2.25,1.50
2012.04.10 16:12:27.536,1.45591,1.4562,2.25,1.50
2012.04.10 16:12:27.954,1.45589,1.4562,1.13,3.00
2012.04.10 16:12:28.261,1.45589,1.4562,1.13,3.00
2012.04.10 16:12:28.629,1.45589,1.45615,1.13,1.50
2012.04.10 16:12:29.198,1.45582,1.45611,1.13,2.44
2012.04.10 16:12:30.172,1.45583,1.45616,2.63,2.44
2012.04.10 16:12:30.465,1.45584,1.45617,3.00,2.59
2012.04.10 16:12:30.868,1.45584,1.45617,3.00,1.50
2012.04.10 16:12:31.152,1.45585,1.45617,1.50,1.69
2012.04.10 16:12:33.122,1.45585,1.45615,1.50,1.50
2012.04.10 16:12:38.045,1.45582,1.45613,1.88,2.25
2012.04.10 16:12:38.258,1.45582,1.45612,1.88,1.28
2012.04.10 16:12:38.811,1.45582,1.45611,1.13,1.50
2012.04.10 16:12:39.392,1.45582,1.45611,1.13,1.50
2012.04.10 16:12:40.199,1.45582,1.4561,1.13,2.25
2012.04.10 16:12:41.947,1.45582,1.45612,2.63,2.25
2012.04.10 16:12:42.367,1.45582,1.45609,1.13,1.50
2012.04.10 16:12:42.687,1.45582,1.45609,1.13,1.50
2012.04.10 16:12:43.052,1.45582,1.45612,1.13,2.44
2012.04.10 16:12:43.408,1.45582,1.45614,2.25,4.50
2012.04.10 16:12:43.496,1.45586,1.45614,1.13,3.00
2012.04.10 16:12:48.052,1.45584,1.45614,1.50,2.44
2012.04.10 16:12:49.754,1.45584,1.45615,3.00,1.50
2012.04.10 16:12:50.226,1.45584,1.45618,2.25,1.32
2012.04.10 16:12:51.483,1.45584,1.45618,1.50,1.88
2012.04.10 16:12:51.834,1.45584,1.45615,2.25,1.50
2012.04.10 16:12:52.402,1.45585,1.45615,1.50,1.50
2012.04.10 16:12:52.480,1.45585,1.45614,1.50,2.44
2012.04.10 16:12:52.912,1.45582,1.45611,1.50,1.69
2012.04.10 16:12:53.056,1.45582,1.45611,1.50,1.69
2012.04.10 16:12:53.536,1.45582,1.45608,1.50,1.80
2012.04.10 16:12:53.846,1.4558,1.45602,2.25,1.24
2012.04.10 16:12:54.360,1.45573,1.45601,2.25,1.58
2012.04.10 16:12:54.655,1.45569,1.45601,2.82,1.39
2012.04.10 16:12:56.377,1.4557,1.45601,1.13,1.09
2012.04.10 16:12:56.825,1.45577,1.45606,1.50,3.42
2012.04.10 16:12:59.468,1.45573,1.45599,2.63,1.32
2012.04.10 16:12:59.542,1.45573,1.45598,1.50,2.44
2012.04.10 16:12:59.616,1.4557,1.45592,1.50,1.43
2012.04.10 16:13:00.160,1.4557,1.45598,3.00,1.69
2012.04.10 16:13:00.249,1.4557,1.45597,1.50,2.44
2012.04.10 16:13:00.549,1.45573,1.45599,1.13,1.69
2012.04.10 16:13:00.697,1.45572,1.45599,1.88,1.69
2012.04.10 16:13:01.104,1.45572,1.45599,1.13,1.69
2012.04.10 16:13:01.944,1.45571,1.45599,1.13,1.69
2012.04.10 16:13:02.019,1.45571,1.45599,1.13,1.69
2012.04.10 16:13:02.571,1.45572,1.45599,1.13,1.69
2012.04.10 16:13:03.193,1.45573,1.45599,1.13,1.50
2012.04.10 16:13:04.375,1.45573,1.45599,1.13,1.69
2012.04.10 16:13:04.804,1.45573,1.45601,2.55,1.50
2012.04.10 16:13:05.036,1.45572,1.45601,1.13,1.50
2012.04.10 16:13:05.996,1.4557,1.45601,2.25,1.50
2012.04.10 16:13:07.035,1.45573,1.45599,1.13,1.50
2012.04.10 16:13:07.755,1.45573,1.45599,1.13,1.50
2012.04.10 16:13:09.139,1.45573,1.45597,1.13,1.50
2012.04.10 16:13:10.506,1.45569,1.45597,1.13,1.50
2012.04.10 16:13:15.905,1.4557,1.45597,2.63,1.50
2012.04.10 16:13:15.978,1.4557,1.45598,2.63,1.50
2012.04.10 16:13:16.605,1.4557,1.45597,2.25,1.50
2012.04.10 16:13:17.723,1.45569,1.45599,1.88,1.50
2012.04.10 16:13:18.045,1.4557,1.45599,1.13,1.50
2012.04.10 16:13:18.246,1.45574,1.45599,1.13,1.50
2012.04.10 16:13:18.723,1.45571,1.45599,1.13,1.50
2012.04.10 16:13:19.115,1.45569,1.45596,1.13,1.50
2012.04.10 16:13:21.186,1.45569,1.45596,1.13,1.50
2012.04.10 16:13:21.706,1.45571,1.45596,1.13,1.50
2012.04.10 16:13:21.781,1.45571,1.45596,1.13,1.50
2012.04.10 16:13:22.347,1.45568,1.45596,1.13,1.50
2012.04.10 16:13:22.996,1.45568,1.45596,1.13,1.50
2012.04.10 16:13:23.265,1.4557,1.456,1.13,1.50
2012.04.10 16:13:23.572,1.45573,1.456,1.13,1.50
2012.04.10 16:13:24.093,1.45573,1.45601,1.13,3.12
2012.04.10 16:13:28.028,1.45576,1.45601,1.13,1.69
2012.04.10 16:13:28.733,1.45576,1.45601,1.13,1.69
2012.04.10 16:13:29.014,1.45576,1.456,1.13,1.50
2012.04.10 16:13:29.229,1.45574,1.456,1.13,1.50
2012.04.10 16:13:30.485,1.45573,1.456,1.13,1.50
2012.04.10 16:13:33.188,1.4557,1.45598,1.13,1.50
2012.04.10 16:13:33.752,1.45572,1.45598,1.13,1.69
2012.04.10 16:13:33.968,1.45572,1.45598,1.13,1.69
2012.04.10 16:13:34.124,1.45567,1.45595,2.25,3.87
2012.04.10 16:13:34.271,1.45567,1.45594,2.25,1.69
2012.04.10 16:13:35.072,1.45566,1.45592,1.13,1.50
2012.04.10 16:13:35.217,1.45566,1.45592,1.13,1.50
2012.04.10 16:13:35.497,1.45565,1.4559,1.13,2.44
2012.04.10 16:13:36.258,1.45565,1.45595,1.88,1.69
2012.04.10 16:13:36.895,1.45566,1.45595,1.13,1.69
2012.04.10 16:13:37.414,1.45566,1.45595,1.13,1.69
2012.04.10 16:13:38.266,1.45566,1.45595,1.88,1.69
2012.04.10 16:13:38.475,1.45569,1.45595,1.13,1.69
2012.04.10 16:13:38.934,1.45569,1.45595,1.13,1.69
2012.04.10 16:13:42.174,1.45566,1.45593,1.13,2.25
2012.04.10 16:13:43.049,1.45566,1.45595,1.13,1.69
2012.04.10 16:13:43.125,1.45566,1.45595,1.13,1.69
2012.04.10 16:13:43.453,1.45566,1.45595,1.13,1.69
2012.04.10 16:13:52.388,1.45566,1.45595,1.13,1.69
2012.04.10 16:13:52.832,1.45566,1.45594,1.13,1.50
2012.04.10 16:13:54.491,1.45567,1.45595,1.13,1.50
2012.04.10 16:13:55.130,1.45571,1.45596,1.50,2.25
2012.04.10 16:13:55.246,1.45571,1.456,1.88,2.25
2012.04.10 16:13:55.795,1.45572,1.45606,2.25,2.37
2012.04.10 16:13:55.923,1.45575,1.45606,1.50,2.37
2012.04.10 16:13:59.066,1.45577,1.45602,1.50,2.25
2012.04.10 16:13:59.666,1.45586,1.45604,4.50,2.18
2012.04.10 16:13:59.758,1.45577,1.45605,1.50,3.12
2012.04.10 16:13:59.848,1.45575,1.456,1.13,2.25
2012.04.10 16:13:59.995,1.45575,1.456,1.13,2.25
2012.04.10 16:14:00.220,1.45577,1.45604,1.13,3.19
2012.04.10 16:14:01.027,1.45576,1.45604,1.13,3.19
2012.04.10 16:14:01.698,1.45571,1.45602,2.63,1.69
2012.04.10 16:14:02.259,1.45571,1.45598,1.13,1.69
2012.04.10 16:14:02.648,1.45571,1.45598,1.13,1.69
2012.04.10 16:14:06.833,1.45575,1.45597,1.13,2.25
2012.04.10 16:14:06.910,1.45569,1.45595,1.13,1.13
2012.04.10 16:14:07.000,1.45569,1.45593,1.13,2.25
2012.04.10 16:14:07.084,1.45561,1.45591,1.50,2.25
2012.04.10 16:14:07.165,1.4556,1.45586,2.07,1.50
2012.04.10 16:14:07.745,1.45559,1.45584,1.50,1.50
2012.04.10 16:14:08.096,1.45563,1.45584,1.50,1.50
2012.04.10 16:14:09.549,1.45568,1.45584,1.50,1.50
2012.04.10 16:14:09.636,1.45567,1.45588,1.50,1.50
2012.04.10 16:14:10.570,1.45566,1.45588,1.13,1.69
2012.04.10 16:14:11.264,1.45566,1.45588,1.13,2.07
2012.04.10 16:14:13.122,1.45557,1.45585,1.50,2.25
2012.04.10 16:14:13.212,1.45556,1.45584,1.50,1.69
2012.04.10 16:14:13.292,1.45557,1.45585,1.50,2.25
2012.04.10 16:14:13.441,1.45556,1.45585,1.50,2.25
2012.04.10 16:14:15.140,1.45556,1.45583,1.50,3.19
2012.04.10 16:14:15.227,1.45557,1.45583,1.50,3.19
2012.04.10 16:14:15.849,1.45559,1.45583,1.50,2.25
2012.04.10 16:14:15.928,1.45559,1.45583,1.50,2.25
2012.04.10 16:14:16.007,1.45559,1.45583,1.50,2.25
2012.04.10 16:14:16.226,1.45559,1.45583,1.50,2.25
2012.04.10 16:14:16.295,1.45559,1.45587,1.50,2.44
2012.04.10 16:14:16.498,1.45559,1.45587,1.50,2.44
2012.04.10 16:14:17.569,1.45559,1.45587,1.13,2.25
2012.04.10 16:14:21.830,1.45568,1.45588,1.09,1.50
2012.04.10 16:14:22.135,1.45575,1.45592,1.13,1.50
2012.04.10 16:14:22.571,1.45577,1.456,1.13,1.85
2012.04.10 16:14:22.877,1.45577,1.45599,1.13,1.69
2012.04.10 16:14:23.176,1.45577,1.456,1.13,2.18
2012.04.10 16:14:23.258,1.45573,1.456,1.50,2.18
2012.04.10 16:14:23.598,1.45576,1.45601,4.88,2.25
2012.04.10 16:14:23.690,1.45576,1.45601,4.88,1.50
2012.04.10 16:14:23.918,1.45573,1.45601,1.88,1.50
2012.04.10 16:14:23.996,1.45573,1.45601,1.13,1.50
2012.04.10 16:14:24.277,1.45573,1.45602,1.13,2.44
2012.04.10 16:14:24.435,1.45573,1.45602,3.30,2.44
2012.04.10 16:14:24.584,1.45582,1.45602,1.50,1.50
2012.04.10 16:14:25.173,1.45582,1.45606,1.13,1.69
2012.04.10 16:14:25.466,1.45579,1.45605,1.50,1.69
2012.04.10 16:14:27.818,1.45576,1.45605,3.38,2.25
2012.04.10 16:14:28.396,1.45576,1.45606,3.38,1.69
2012.04.10 16:14:28.595,1.45576,1.45605,2.63,1.69
2012.04.10 16:14:29.172,1.45576,1.45603,1.13,1.50
2012.04.10 16:14:30.475,1.45576,1.45606,1.13,1.29
2012.04.10 16:14:30.548,1.45578,1.45607,1.50,1.50
2012.04.10 16:14:31.119,1.4558,1.45604,1.13,1.50
2012.04.10 16:14:31.268,1.45577,1.45604,2.63,1.50
2012.04.10 16:14:31.796,1.45579,1.45608,1.13,1.50
2012.04.10 16:14:32.264,1.4558,1.45608,1.13,1.50
2012.04.10 16:14:34.437,1.4558,1.45611,1.13,2.44
2012.04.10 16:14:35.666,1.4558,1.45604,1.13,1.50
2012.04.10 16:14:36.024,1.4558,1.45608,1.13,2.44
2012.04.10 16:14:36.447,1.45584,1.45608,1.13,2.25
2012.04.10 16:14:36.531,1.45583,1.45613,1.50,2.44
2012.04.10 16:14:36.681,1.45585,1.45614,1.13,3.00
2012.04.10 16:14:37.039,1.45583,1.45608,1.50,1.50
2012.04.10 16:14:37.190,1.45582,1.45608,2.25,1.50
2012.04.10 16:14:37.551,1.45581,1.45606,1.50,1.50
2012.04.10 16:14:38.127,1.45574,1.45602,2.90,1.50
2012.04.10 16:14:38.295,1.45575,1.45602,2.25,1.50
2012.04.10 16:14:38.449,1.45574,1.45603,1.13,2.25
2012.04.10 16:14:38.539,1.45574,1.45602,1.13,1.50
2012.04.10 16:14:39.740,1.45574,1.45604,2.25,2.44
2012.04.10 16:14:39.828,1.45574,1.456,2.25,1.50
2012.04.10 16:14:40.178,1.45573,1.45599,1.88,1.69
2012.04.10 16:14:40.542,1.45573,1.45597,1.13,1.50
2012.04.10 16:14:40.622,1.45567,1.45597,2.25,2.25
2012.04.10 16:14:40.702,1.45567,1.45597,1.50,2.25
2012.04.10 16:14:41.453,1.45566,1.45594,2.25,1.69
2012.04.10 16:14:41.818,1.45566,1.45588,2.63,1.50
2012.04.10 16:14:42.174,1.45568,1.45594,1.50,1.69
2012.04.10 16:14:42.395,1.45571,1.45598,1.50,1.29
2012.04.10 16:14:44.082,1.45571,1.45594,1.50,1.69
2012.04.10 16:14:44.581,1.45568,1.45594,1.13,1.69
2012.04.10 16:14:44.929,1.45568,1.45594,1.13,1.69
2012.04.10 16:14:45.169,1.45566,1.45592,1.50,2.44
2012.04.10 16:14:47.226,1.45566,1.45594,1.50,1.69
2012.04.10 16:14:47.913,1.45566,1.45594,1.50,1.69
2012.04.10 16:14:48.243,1.45566,1.45596,2.25,2.44
2012.04.10 16:14:48.521,1.45566,1.45598,6.68,2.44
2012.04.10 16:14:50.148,1.45569,1.45599,2.25,1.50
2012.04.10 16:14:50.530,1.45569,1.45599,3.38,1.69
2012.04.10 16:14:52.109,1.45572,1.45602,1.50,2.25
2012.04.10 16:14:52.314,1.45572,1.45602,1.50,3.00
2012.04.10 16:14:58.350,1.45572,1.45598,1.50,1.69
2012.04.10 16:14:58.856,1.45571,1.45598,1.13,3.19
2012.04.10 16:15:00.099,1.45571,1.45598,1.13,1.69
2012.04.10 16:15:00.483,1.45574,1.45603,2.25,1.69
2012.04.10 16:15:00.653,1.45576,1.45603,1.50,2.25
2012.04.10 16:15:01.015,1.45576,1.45603,1.50,1.50
2012.04.10 16:15:05.557,1.45576,1.45603,1.88,2.25
2012.04.10 16:15:05.700,1.45574,1.45603,1.50,2.25
2012.04.10 16:15:05.799,1.45571,1.45599,2.25,1.69
2012.04.10 16:15:06.042,1.45571,1.45601,1.50,3.00
2012.04.10 16:15:06.120,1.45567,1.456,2.07,1.50
2012.04.10 16:15:06.491,1.45572,1.45598,1.13,1.50
2012.04.10 16:15:06.564,1.45572,1.45599,1.13,1.50
2012.04.10 16:15:06.989,1.45572,1.45598,1.13,1.69
2012.04.10 16:15:07.328,1.45569,1.45598,1.50,1.69
2012.04.10 16:15:08.897,1.45569,1.45596,1.50,1.50
2012.04.10 16:15:09.272,1.45568,1.45596,1.50,1.50
2012.04.10 16:15:09.826,1.45566,1.45593,3.00,1.69
2012.04.10 16:15:09.912,1.45568,1.45596,1.13,1.50
2012.04.10 16:15:09.986,1.45568,1.45596,1.13,1.50
2012.04.10 16:15:10.514,1.4557,1.45596,1.13,1.50
2012.04.10 16:15:11.605,1.4557,1.45593,1.13,1.69
2012.04.10 16:15:11.960,1.4557,1.45593,1.13,1.69
2012.04.10 16:15:12.037,1.4557,1.45594,1.13,1.69
2012.04.10 16:15:12.104,1.4557,1.45594,1.13,1.50
2012.04.10 16:15:12.179,1.4557,1.45594,1.13,1.50
2012.04.10 16:15:12.547,1.45567,1.45592,1.88,1.50
2012.04.10 16:15:14.928,1.45566,1.45593,1.50,1.69
2012.04.10 16:15:15.475,1.45566,1.45593,1.50,1.69
2012.04.10 16:15:23.683,1.45566,1.45595,1.50,1.50
2012.04.10 16:15:23.759,1.45566,1.45595,2.25,1.50
2012.04.10 16:15:24.322,1.45569,1.45597,1.13,2.44
2012.04.10 16:15:24.949,1.45569,1.45599,1.13,1.50
2012.04.10 16:15:25.032,1.45573,1.45598,1.50,1.50
2012.04.10 16:15:25.532,1.45572,1.45596,1.88,1.50
2012.04.10 16:15:25.681,1.45572,1.45598,1.50,1.50
2012.04.10 16:15:25.769,1.45566,1.45595,2.63,2.25
2012.04.10 16:15:25.848,1.45566,1.45595,2.63,2.25
2012.04.10 16:15:25.987,1.45568,1.45599,1.13,3.94
2012.04.10 16:15:26.265,1.45566,1.45595,2.63,1.69
2012.04.10 16:15:27.268,1.45566,1.45595,2.63,1.69
2012.04.10 16:15:27.573,1.4557,1.45597,2.25,1.50
2012.04.10 16:15:27.668,1.45571,1.45602,1.50,2.03
2012.04.10 16:15:27.889,1.45571,1.45603,1.50,3.00
2012.04.10 16:15:28.034,1.45571,1.45603,1.50,2.25
2012.04.10 16:15:28.175,1.45571,1.45602,1.50,1.50
2012.04.10 16:15:28.262,1.4557,1.45598,2.25,1.69
2012.04.10 16:15:28.761,1.4557,1.45598,2.25,1.69
2012.04.10 16:15:30.756,1.45568,1.45598,1.13,1.69
2012.04.10 16:15:31.210,1.45572,1.45603,1.69,1.50
2012.04.10 16:15:31.488,1.45573,1.45603,1.13,1.69
2012.04.10 16:15:31.998,1.45574,1.45603,1.50,1.69
2012.04.10 16:15:33.265,1.45574,1.45603,2.63,1.50
2012.04.10 16:15:33.755,1.45574,1.45603,2.63,1.69
2012.04.10 16:15:35.059,1.45574,1.45603,2.82,1.50
2012.04.10 16:15:35.139,1.45574,1.45603,3.19,1.50
2012.04.10 16:15:35.667,1.45577,1.45605,1.13,1.50
2012.04.10 16:15:36.178,1.45577,1.45607,1.13,2.44
2012.04.10 16:15:36.900,1.45577,1.45607,1.13,2.44
2012.04.10 16:15:37.443,1.45577,1.45605,1.13,1.69
2012.04.10 16:15:40.625,1.45576,1.45607,1.13,2.44
2012.04.10 16:15:40.701,1.45577,1.45607,1.50,2.44
2012.04.10 16:15:41.025,1.45578,1.45606,1.13,1.69
2012.04.10 16:15:41.117,1.45577,1.45606,1.88,2.44
2012.04.10 16:15:41.669,1.45576,1.45605,1.13,1.69
2012.04.10 16:15:42.616,1.45576,1.45606,1.13,1.50
2012.04.10 16:15:44.283,1.45576,1.45607,1.13,2.44
2012.04.10 16:15:45.064,1.45576,1.45607,1.13,3.00
2012.04.10 16:15:45.573,1.45574,1.45603,1.88,1.69
2012.04.10 16:15:46.646,1.45576,1.45606,1.13,1.50
2012.04.10 16:15:46.714,1.45576,1.45605,1.13,1.50
2012.04.10 16:15:48.140,1.45576,1.45604,1.13,1.50
2012.04.10 16:15:48.222,1.45573,1.45601,1.13,1.69
2012.04.10 16:15:48.306,1.4557,1.45598,2.18,1.50
2012.04.10 16:15:50.434,1.4557,1.456,1.13,2.25
2012.04.10 16:15:51.115,1.45568,1.45598,3.00,1.69
2012.04.10 16:15:51.195,1.45568,1.45598,1.50,3.00
2012.04.10 16:15:51.294,1.45569,1.45598,1.13,1.50
2012.04.10 16:15:51.370,1.45569,1.45599,1.13,2.44
2012.04.10 16:15:51.446,1.45566,1.45595,1.50,1.50
2012.04.10 16:15:51.515,1.45567,1.45598,1.13,2.25
2012.04.10 16:15:51.655,1.45572,1.45602,2.25,2.07
2012.04.10 16:15:55.575,1.45568,1.45599,3.00,1.50
2012.04.10 16:15:55.955,1.4557,1.45599,1.13,1.50
2012.04.10 16:15:57.497,1.45572,1.45602,1.13,2.25
2012.04.10 16:15:57.566,1.45572,1.45602,1.13,2.25
2012.04.10 16:15:58.337,1.45572,1.45603,1.13,1.69
2012.04.10 16:15:58.963,1.45572,1.45603,1.13,1.69
2012.04.10 16:15:59.563,1.45571,1.45601,2.63,1.69
2012.04.10 16:15:59.652,1.45572,1.45603,1.13,1.69
2012.04.10 16:16:02.121,1.45569,1.456,1.50,1.69
2012.04.10 16:16:02.420,1.45568,1.45596,1.13,1.50
2012.04.10 16:16:02.786,1.45568,1.45597,1.13,2.25
2012.04.10 16:16:03.304,1.45569,1.45598,2.25,1.69
2012.04.10 16:16:04.033,1.45569,1.45598,2.25,1.69
2012.04.10 16:16:04.628,1.45571,1.45602,1.50,3.75
2012.04.10 16:16:05.853,1.45569,1.45602,3.94,2.25
2012.04.10 16:16:06.285,1.4557,1.45602,1.69,2.25
2012.04.10 16:16:06.446,1.45571,1.45602,1.32,2.25
2012.04.10 16:16:08.693,1.45572,1.45602,1.13,2.25
2012.04.10 16:16:09.050,1.45572,1.45602,1.13,2.44
2012.04.10 16:16:09.526,1.45572,1.45602,1.13,2.44
2012.04.10 16:16:11.310,1.45572,1.45601,1.13,1.50
2012.04.10 16:16:11.745,1.45572,1.45602,1.13,2.44
2012.04.10 16:16:12.674,1.45572,1.45602,1.13,2.44
2012.04.10 16:16:14.156,1.45569,1.45598,1.32,1.50
2012.04.10 16:16:14.705,1.45571,1.45603,1.50,2.44
2012.04.10 16:16:15.205,1.4557,1.45598,2.25,1.50
2012.04.10 16:16:15.975,1.45572,1.45602,1.50,2.25
2012.04.10 16:16:16.056,1.45571,1.45603,1.69,3.00
2012.04.10 16:16:16.340,1.45569,1.45601,2.63,1.50
2012.04.10 16:16:16.595,1.45569,1.45595,1.50,1.50
2012.04.10 16:16:17.154,1.45569,1.45595,1.50,2.63
2012.04.10 16:16:17.307,1.45563,1.45595,2.25,2.63
2012.04.10 16:16:17.956,1.45567,1.45595,1.50,2.25
2012.04.10 16:16:19.394,1.45567,1.45595,2.25,2.25
2012.04.10 16:16:21.437,1.45568,1.45595,1.69,1.50
2012.04.10 16:16:21.516,1.45567,1.45596,1.69,1.50
2012.04.10 16:16:21.591,1.45568,1.45596,1.69,1.50
2012.04.10 16:16:21.736,1.45572,1.45601,1.50,2.60
2012.04.10 16:16:23.724,1.45574,1.45603,1.50,1.50
2012.04.10 16:16:24.255,1.45577,1.45604,1.50,1.50
2012.04.10 16:16:24.541,1.45576,1.45605,1.88,3.00
2012.04.10 16:16:25.585,1.45581,1.45606,2.18,1.50
2012.04.10 16:16:25.890,1.45584,1.4561,1.13,2.25
2012.04.10 16:16:26.175,1.45582,1.45612,1.13,1.69
2012.04.10 16:16:26.397,1.4558,1.45608,1.43,1.50
2012.04.10 16:16:26.472,1.4558,1.45608,1.43,2.25
2012.04.10 16:16:27.084,1.45577,1.45606,1.13,2.25
2012.04.10 16:16:27.448,1.45579,1.45606,1.13,2.25
2012.04.10 16:16:28.669,1.45577,1.45606,2.25,2.25
2012.04.10 16:16:28.843,1.45587,1.45606,1.50,1.50
2012.04.10 16:16:28.940,1.4558,1.4561,2.18,3.19
2012.04.10 16:16:29.021,1.45579,1.4561,1.13,3.19
2012.04.10 16:16:30.328,1.45584,1.4561,2.18,2.44
2012.04.10 16:16:30.408,1.45584,1.4561,2.18,2.25
2012.04.10 16:16:31.182,1.45584,1.4561,2.18,2.25
2012.04.10 16:16:31.549,1.45586,1.45614,2.18,1.50
2012.04.10 16:16:31.768,1.45587,1.45615,1.13,3.00
2012.04.10 16:16:32.859,1.45585,1.45611,1.50,2.25
2012.04.10 16:16:33.077,1.45586,1.45611,1.50,2.25
2012.04.10 16:16:33.483,1.45586,1.45615,1.50,2.25
2012.04.10 16:16:33.957,1.45586,1.45615,1.50,2.25
2012.04.10 16:16:34.413,1.45586,1.45615,1.88,2.25
2012.04.10 16:16:34.858,1.45586,1.45615,1.88,2.25
2012.04.10 16:16:35.127,1.45586,1.45615,1.88,2.25
2012.04.10 16:16:35.780,1.4559,1.45615,1.50,2.25
2012.04.10 16:16:35.859,1.4559,1.45615,1.50,2.25
2012.04.10 16:16:36.238,1.45587,1.45615,1.13,2.25
2012.04.10 16:16:36.967,1.45586,1.45615,1.88,2.25
2012.04.10 16:16:37.183,1.45587,1.4561,1.13,1.50
2012.04.10 16:16:37.325,1.45584,1.4561,1.13,1.50
2012.04.10 16:16:37.454,1.45585,1.4561,1.13,1.50
2012.04.10 16:16:38.210,1.45582,1.4561,1.99,1.50
2012.04.10 16:16:38.300,1.45583,1.45612,1.32,2.25
2012.04.10 16:16:38.656,1.45586,1.45611,1.50,2.25
2012.04.10 16:16:39.423,1.45586,1.45614,1.50,2.25
2012.04.10 16:16:45.558,1.45584,1.45613,1.13,1.50
2012.04.10 16:16:46.069,1.45586,1.45614,1.69,2.25
2012.04.10 16:16:46.307,1.45584,1.45614,2.07,2.25
2012.04.10 16:16:46.530,1.45584,1.45614,1.13,3.00
2012.04.10 16:16:46.997,1.45584,1.4561,1.13,1.50
2012.04.10 16:16:47.380,1.45584,1.4561,1.13,1.50
2012.04.10 16:16:47.912,1.45584,1.45614,1.13,1.50
2012.04.10 16:16:48.053,1.45584,1.45614,1.13,1.50
2012.04.10 16:16:50.234,1.45584,1.45614,1.13,1.50
2012.04.10 16:16:53.677,1.45584,1.45614,1.32,1.50
2012.04.10 16:16:55.125,1.45582,1.45612,1.13,1.50
2012.04.10 16:16:55.217,1.45577,1.45608,1.13,1.50
2012.04.10 16:16:55.718,1.4558,1.45608,1.13,1.50
2012.04.10 16:16:56.593,1.4558,1.45608,1.13,1.50
2012.04.10 16:17:01.044,1.4558,1.45608,1.13,1.50
2012.04.10 16:17:01.395,1.45581,1.45608,1.13,1.50
2012.04.10 16:17:01.543,1.45577,1.45608,1.88,2.25
2012.04.10 16:17:01.758,1.45577,1.45608,2.07,2.25
2012.04.10 16:17:01.900,1.45577,1.45607,1.32,1.50
2012.04.10 16:17:02.436,1.45577,1.45605,1.13,3.00
2012.04.10 16:17:03.417,1.45575,1.45603,1.13,1.50
2012.04.10 16:17:03.489,1.45572,1.456,2.07,1.50
2012.04.10 16:17:03.780,1.45569,1.45597,1.13,1.50
2012.04.10 16:17:04.000,1.45569,1.45596,1.13,1.50
2012.04.10 16:17:04.159,1.45565,1.45593,1.47,1.50
2012.04.10 16:17:04.392,1.45566,1.45593,1.13,2.25
2012.04.10 16:17:04.480,1.45568,1.45593,1.13,2.25
2012.04.10 16:17:06.190,1.45571,1.45596,1.13,2.25
2012.04.10 16:17:06.907,1.45566,1.45594,1.13,2.25
2012.04.10 16:17:07.255,1.45566,1.45598,1.13,2.25
2012.04.10 16:17:07.396,1.45566,1.45598,1.13,2.25
2012.04.10 16:17:07.535,1.45566,1.45598,1.13,2.25
2012.04.10 16:17:08.096,1.45565,1.45598,3.00,3.00
2012.04.10 16:17:08.930,1.45565,1.45598,2.25,4.69
2012.04.10 16:17:09.022,1.45563,1.45594,1.88,1.50
2012.04.10 16:17:09.378,1.45568,1.45593,1.13,1.50
2012.04.10 16:17:09.685,1.4557,1.45597,1.13,1.50
2012.04.10 16:17:09.761,1.4557,1.45597,1.13,1.50
2012.04.10 16:17:10.296,1.45574,1.45597,1.13,1.50
2012.04.10 16:17:10.393,1.45569,1.45594,2.25,1.50
2012.04.10 16:17:10.822,1.45569,1.45595,1.88,1.50
2012.04.10 16:17:11.363,1.4557,1.45598,1.13,1.50
2012.04.10 16:17:11.444,1.4557,1.45598,1.13,1.50
2012.04.10 16:17:11.814,1.4557,1.45598,1.13,1.50
2012.04.10 16:17:12.140,1.4557,1.45599,1.32,1.50
2012.04.10 16:17:12.360,1.45569,1.45599,2.82,1.50
2012.04.10 16:17:13.042,1.45569,1.45596,2.63,1.50
2012.04.10 16:17:13.619,1.4557,1.45599,1.13,1.50
2012.04.10 16:17:14.162,1.4557,1.45599,1.13,3.00
2012.04.10 16:17:14.377,1.45566,1.45595,1.13,1.50
2012.04.10 16:17:14.472,1.45567,1.45598,1.13,1.50
2012.04.10 16:17:14.557,1.45569,1.45598,2.63,2.25
2012.04.10 16:17:15.115,1.45571,1.45598,1.13,1.50
2012.04.10 16:17:17.753,1.45569,1.45598,1.13,1.50
2012.04.10 16:17:18.265,1.45569,1.45598,1.13,1.50
2012.04.10 16:17:18.335,1.45569,1.45598,1.13,1.50
2012.04.10 16:17:19.461,1.45567,1.45598,2.07,1.50
2012.04.10 16:17:19.728,1.45571,1.45597,2.25,1.50
2012.04.10 16:17:19.954,1.45566,1.45596,2.82,1.50
2012.04.10 16:17:20.107,1.45571,1.45596,1.50,1.69
2012.04.10 16:17:20.188,1.45567,1.45596,2.44,1.50
2012.04.10 16:17:20.559,1.45567,1.45596,1.32,1.50
2012.04.10 16:17:20.651,1.45566,1.45595,1.13,1.50
2012.04.10 16:17:21.219,1.45565,1.45594,1.13,1.69
2012.04.10 16:17:21.302,1.45566,1.45594,1.13,1.69
2012.04.10 16:17:21.568,1.45566,1.45596,1.13,2.25
2012.04.10 16:17:22.333,1.45563,1.45593,3.38,1.50
2012.04.10 16:17:22.880,1.45566,1.4559,1.13,1.50
2012.04.10 16:17:23.171,1.45562,1.4559,1.13,1.50
2012.04.10 16:17:23.619,1.45562,1.4559,1.13,1.50
2012.04.10 16:17:23.929,1.45564,1.45593,1.50,1.50
2012.04.10 16:17:24.147,1.45564,1.45593,2.44,1.50
2012.04.10 16:17:24.914,1.45566,1.45597,1.50,1.88
2012.04.10 16:17:25.374,1.45568,1.45599,2.44,1.50
2012.04.10 16:17:26.123,1.45568,1.45599,1.69,1.50
2012.04.10 16:17:29.029,1.45568,1.45596,2.44,1.50
2012.04.10 16:17:32.511,1.45567,1.45597,1.50,1.50
2012.04.10 16:17:32.665,1.45567,1.45599,1.50,3.00
2012.04.10 16:17:32.737,1.45566,1.45599,1.50,3.00
2012.04.10 16:17:33.091,1.45566,1.45599,1.69,3.00
2012.04.10 16:17:33.312,1.45569,1.45598,3.00,2.25
2012.04.10 16:17:34.373,1.45569,1.45601,3.00,2.44
2012.04.10 16:17:34.448,1.45571,1.45601,1.50,2.44
2012.04.10 16:17:34.978,1.4557,1.45601,1.88,2.25
2012.04.10 16:17:36.267,1.45569,1.45599,1.88,2.25
2012.04.10 16:17:36.500,1.45564,1.45595,2.44,5.25
2012.04.10 16:17:36.592,1.45565,1.45595,1.13,5.25
2012.04.10 16:17:36.673,1.45564,1.45593,2.07,1.50
2012.04.10 16:17:36.819,1.45564,1.45593,2.82,1.50
2012.04.10 16:17:37.528,1.45568,1.45593,1.50,1.50
2012.04.10 16:17:37.629,1.45568,1.45593,1.50,1.50
2012.04.10 16:17:37.791,1.45567,1.45593,1.13,2.25
2012.04.10 16:17:38.287,1.45566,1.45593,1.13,2.25
2012.04.10 16:17:38.541,1.45566,1.45593,1.13,2.25
2012.04.10 16:17:38.737,1.45566,1.45593,1.13,2.25
2012.04.10 16:17:39.217,1.45568,1.45593,2.25,2.25
2012.04.10 16:17:39.294,1.45566,1.45593,1.13,2.25
2012.04.10 16:17:39.436,1.45566,1.45593,1.13,2.25
2012.04.10 16:17:39.790,1.45567,1.45593,1.50,2.25
2012.04.10 16:17:40.221,1.45567,1.45593,1.50,1.50
2012.04.10 16:17:40.373,1.45567,1.45593,1.50,1.50
2012.04.10 16:17:40.454,1.45567,1.45593,1.50,1.50
2012.04.10 16:17:41.020,1.45565,1.45593,3.19,1.50
2012.04.10 16:17:41.521,1.45566,1.45594,1.50,1.50
2012.04.10 16:17:42.149,1.45567,1.45594,1.50,1.50
2012.04.10 16:17:44.384,1.45567,1.45595,2.25,5.25
2012.04.10 16:17:44.863,1.45567,1.45593,1.88,1.50
2012.04.10 16:17:45.384,1.45567,1.45593,1.88,1.50
2012.04.10 16:17:48.542,1.45569,1.45593,1.13,1.50
2012.04.10 16:17:48.620,1.45567,1.45593,1.88,1.50
2012.04.10 16:17:48.701,1.45571,1.45593,1.50,1.50
2012.04.10 16:17:48.848,1.45568,1.45595,1.88,5.25
2012.04.10 16:17:49.200,1.45569,1.45595,1.13,5.25
2012.04.10 16:17:49.525,1.45568,1.45595,1.88,5.25
2012.04.10 16:17:55.693,1.4557,1.45598,1.50,1.50
2012.04.10 16:17:55.787,1.45572,1.45598,1.50,1.50
2012.04.10 16:17:55.965,1.45572,1.45603,3.00,1.50
2012.04.10 16:17:56.054,1.45574,1.45603,1.13,1.50
2012.04.10 16:17:56.271,1.45574,1.45603,1.32,1.50
2012.04.10 16:17:56.434,1.45573,1.45603,1.32,1.50
2012.04.10 16:17:56.972,1.4557,1.45599,1.09,1.50
2012.04.10 16:17:57.585,1.4557,1.45601,1.09,2.25
2012.04.10 16:17:58.329,1.45572,1.45601,1.13,2.25
2012.04.10 16:17:58.750,1.45572,1.45604,2.63,1.50
2012.04.10 16:17:58.833,1.45572,1.45604,2.63,1.50
2012.04.10 16:17:59.445,1.45572,1.456,1.13,1.50
2012.04.10 16:18:00.010,1.45571,1.45598,1.13,1.50
2012.04.10 16:18:00.243,1.45572,1.45602,1.13,2.25
2012.04.10 16:18:00.391,1.45572,1.45603,2.63,1.50
2012.04.10 16:18:00.933,1.45572,1.45599,1.88,1.50
2012.04.10 16:18:01.435,1.4557,1.45599,1.13,1.50
2012.04.10 16:18:02.318,1.4557,1.45601,1.13,1.10
2012.04.10 16:18:02.846,1.4557,1.45602,1.13,2.25
2012.04.10 16:18:02.917,1.4557,1.45602,1.13,2.25
2012.04.10 16:18:03.053,1.4557,1.45602,1.13,2.25
2012.04.10 16:18:04.004,1.45571,1.45602,1.13,2.25
2012.04.10 16:18:06.494,1.45565,1.45595,2.03,1.50
2012.04.10 16:18:06.647,1.45565,1.45595,2.03,1.50
2012.04.10 16:18:06.844,1.45565,1.45595,2.03,1.50
2012.04.10 16:18:07.356,1.45565,1.45595,2.03,1.50
2012.04.10 16:18:10.674,1.45568,1.45595,1.50,1.50
2012.04.10 16:18:11.183,1.45567,1.45595,1.50,1.50
2012.04.10 16:18:12.093,1.45567,1.45595,1.50,1.50
2012.04.10 16:18:13.067,1.45568,1.45597,2.25,1.50
2012.04.10 16:18:14.441,1.45572,1.45601,1.50,2.25
2012.04.10 16:18:14.529,1.45572,1.45598,1.50,2.25
2012.04.10 16:18:15.154,1.45572,1.45601,1.50,2.25
2012.04.10 16:18:16.485,1.45568,1.45599,1.13,1.50
2012.04.10 16:18:16.556,1.45568,1.45599,1.13,1.50
2012.04.10 16:18:17.379,1.45573,1.45601,1.13,2.25
2012.04.10 16:18:20.551,1.45571,1.456,2.25,1.32
2012.04.10 16:18:20.628,1.45571,1.456,2.25,1.32
2012.04.10 16:18:21.829,1.45567,1.45598,2.25,2.25
2012.04.10 16:18:21.971,1.45567,1.45594,2.25,1.50
2012.04.10 16:18:22.289,1.45571,1.45598,1.50,1.50
2012.04.10 16:18:22.437,1.45576,1.45598,1.13,1.50
2012.04.10 16:18:25.616,1.45575,1.45598,1.13,1.50
2012.04.10 16:18:26.261,1.45574,1.45598,1.13,1.50
2012.04.10 16:18:28.427,1.45574,1.45598,1.13,1.50
2012.04.10 16:18:28.721,1.45571,1.456,1.88,1.50
2012.04.10 16:18:28.794,1.45571,1.456,1.50,1.50
2012.04.10 16:18:29.144,1.45571,1.45599,1.50,1.50
2012.04.10 16:18:33.518,1.45567,1.45598,2.63,1.50
2012.04.10 16:18:33.588,1.45569,1.45599,1.13,1.69
2012.04.10 16:18:33.736,1.4557,1.45598,2.25,1.50
2012.04.10 16:18:33.878,1.45572,1.456,1.13,1.69
2012.04.10 16:18:36.000,1.4557,1.456,1.50,1.50
2012.04.10 16:18:36.077,1.45568,1.45598,1.32,2.25
2012.04.10 16:18:36.347,1.45569,1.45598,1.13,1.50
2012.04.10 16:18:36.730,1.45569,1.45598,1.13,1.50
2012.04.10 16:18:36.809,1.45568,1.45598,1.13,2.25
2012.04.10 16:18:37.774,1.45571,1.45599,1.50,1.69
2012.04.10 16:18:37.921,1.45568,1.456,1.50,2.44
2012.04.10 16:18:38.667,1.45569,1.45599,1.13,2.44
2012.04.10 16:18:39.207,1.45569,1.45598,1.13,2.25
2012.04.10 16:18:41.433,1.45569,1.45598,1.13,1.50
2012.04.10 16:18:42.515,1.45566,1.45598,2.63,1.69
2012.04.10 16:18:43.007,1.45566,1.45598,2.63,1.69
2012.04.10 16:18:43.536,1.45566,1.45598,2.63,1.69
2012.04.10 16:18:46.655,1.45566,1.45597,2.63,1.29
2012.04.10 16:18:47.218,1.45562,1.45592,2.25,1.50
2012.04.10 16:18:47.583,1.45571,1.45597,1.50,2.25
2012.04.10 16:18:48.012,1.45569,1.45599,1.13,3.19
2012.04.10 16:18:49.553,1.45569,1.45598,1.13,1.69
2012.04.10 16:18:50.645,1.4557,1.45599,2.25,1.69
2012.04.10 16:18:50.810,1.45569,1.456,2.25,1.69
2012.04.10 16:18:51.169,1.45566,1.45597,1.13,1.69
2012.04.10 16:18:51.317,1.45566,1.45597,1.13,1.69
2012.04.10 16:18:51.859,1.45565,1.45592,1.50,1.50
2012.04.10 16:18:53.827,1.45565,1.45595,2.25,1.50
2012.04.10 16:18:54.844,1.4556,1.45593,2.63,1.50
2012.04.10 16:18:57.136,1.4556,1.45593,2.63,1.50
2012.04.10 16:18:57.979,1.45561,1.45589,1.13,2.25
2012.04.10 16:18:58.080,1.45561,1.45588,1.13,1.50
2012.04.10 16:18:58.164,1.45561,1.45585,1.13,2.25
2012.04.10 16:18:58.385,1.4556,1.45591,1.13,3.00
2012.04.10 16:18:58.739,1.45559,1.45591,2.25,1.69
2012.04.10 16:18:59.423,1.45561,1.45591,1.13,1.69
2012.04.10 16:19:00.740,1.45556,1.45584,1.43,1.50
2012.04.10 16:19:00.835,1.45555,1.45585,1.50,1.50
2012.04.10 16:19:01.234,1.45559,1.45585,1.50,1.50
2012.04.10 16:19:01.313,1.45559,1.45585,1.50,1.50
2012.04.10 16:19:02.111,1.45555,1.45588,1.69,2.25
2012.04.10 16:19:02.259,1.45555,1.45588,2.44,2.25
2012.04.10 16:19:02.819,1.45558,1.45593,4.24,2.60
2012.04.10 16:19:03.056,1.45558,1.45593,4.24,2.60
2012.04.10 16:19:05.140,1.45558,1.45593,1.69,2.25
2012.04.10 16:19:05.221,1.45561,1.45592,1.50,2.93
2012.04.10 16:19:06.218,1.45562,1.45593,2.25,1.13
2012.04.10 16:19:06.782,1.45563,1.45595,3.19,1.85
2012.04.10 16:19:07.139,1.45568,1.45599,1.13,2.25
2012.04.10 16:19:08.005,1.45568,1.45596,1.13,1.50
2012.04.10 16:19:08.572,1.45568,1.45598,1.32,1.50
2012.04.10 16:19:08.660,1.45567,1.45598,1.50,1.69
2012.04.10 16:19:08.744,1.45567,1.45598,1.50,3.12
2012.04.10 16:19:09.245,1.45567,1.45597,1.50,1.69
2012.04.10 16:19:09.399,1.45563,1.45597,1.32,3.19
2012.04.10 16:19:10.522,1.45565,1.45594,1.13,2.25
2012.04.10 16:19:11.175,1.45563,1.45593,2.44,1.50
2012.04.10 16:19:15.839,1.45566,1.45593,1.13,1.50
2012.04.10 16:19:16.804,1.45562,1.45594,2.44,1.50
2012.04.10 16:19:16.887,1.45559,1.45592,2.07,2.25
2012.04.10 16:19:17.027,1.45559,1.45588,2.07,1.50
2012.04.10 16:19:17.587,1.45559,1.45588,1.88,1.50
2012.04.10 16:19:18.291,1.45559,1.45588,1.88,2.93
2012.04.10 16:19:18.654,1.45561,1.45588,1.32,2.18
2012.04.10 16:19:18.878,1.45562,1.45594,2.25,1.88
2012.04.10 16:19:19.478,1.45559,1.45592,2.44,2.25
2012.04.10 16:19:19.692,1.45556,1.45586,2.07,1.50
2012.04.10 16:19:22.086,1.45559,1.45588,1.50,1.50
2012.04.10 16:19:22.505,1.45559,1.45588,1.50,1.50
2012.04.10 16:19:22.938,1.45559,1.45589,2.82,1.50
2012.04.10 16:19:23.036,1.45562,1.45592,1.50,3.68
2012.04.10 16:19:23.316,1.45559,1.45592,2.82,2.25
2012.04.10 16:19:23.818,1.45562,1.45592,1.13,2.25
2012.04.10 16:19:24.631,1.45562,1.45592,1.32,2.25
2012.04.10 16:19:25.232,1.45563,1.45592,1.50,2.25
2012.04.10 16:19:25.651,1.45563,1.45592,1.50,1.50
2012.04.10 16:19:26.163,1.45566,1.45594,1.32,1.50
2012.04.10 16:19:26.895,1.45566,1.45594,1.13,1.50
2012.04.10 16:19:29.046,1.45565,1.45594,1.13,1.50
2012.04.10 16:19:29.261,1.45565,1.45593,1.13,1.50
2012.04.10 16:19:29.852,1.45565,1.45596,2.18,2.25
2012.04.10 16:19:30.166,1.45572,1.45596,3.12,2.25
2012.04.10 16:19:31.875,1.45572,1.45602,1.69,2.25
2012.04.10 16:19:32.389,1.45572,1.45602,2.93,2.25
2012.04.10 16:19:32.899,1.45572,1.45602,2.93,2.25
2012.04.10 16:19:34.273,1.45572,1.45602,2.37,2.25
2012.04.10 16:19:34.616,1.45568,1.45597,2.07,1.50
2012.04.10 16:19:35.130,1.45568,1.45597,2.07,2.25
2012.04.10 16:19:36.016,1.45568,1.45597,1.13,2.25
2012.04.10 16:19:36.426,1.4557,1.45597,1.13,2.25
2012.04.10 16:19:40.735,1.45574,1.45602,1.09,2.25
2012.04.10 16:19:40.815,1.45574,1.45603,1.09,3.00
2012.04.10 16:19:40.895,1.45572,1.45599,1.13,1.69
2012.04.10 16:19:40.981,1.45567,1.45599,1.88,1.69
2012.04.10 16:19:41.064,1.45567,1.45601,2.63,2.44
2012.04.10 16:19:41.572,1.45569,1.45597,1.88,2.18
2012.04.10 16:19:41.781,1.45569,1.45597,1.50,2.18
2012.04.10 16:19:46.045,1.45567,1.45594,1.13,1.50
2012.04.10 16:19:46.512,1.45568,1.45597,1.13,2.44
2012.04.10 16:19:46.851,1.4557,1.45596,1.13,1.50
2012.04.10 16:19:47.864,1.45568,1.45596,1.13,1.50
2012.04.10 16:19:53.007,1.45568,1.45596,1.13,1.50
2012.04.10 16:19:56.337,1.45569,1.45599,2.25,1.10
2012.04.10 16:19:56.484,1.45569,1.456,2.25,2.93
2012.04.10 16:19:56.908,1.45566,1.45598,1.32,3.68
2012.04.10 16:19:57.246,1.45567,1.45595,1.13,1.50
2012.04.10 16:19:57.384,1.45567,1.45597,1.13,1.50
2012.04.10 16:20:00.874,1.45569,1.45597,1.50,1.50
2012.04.10 16:20:01.377,1.45571,1.456,2.25,1.13
2012.04.10 16:20:01.461,1.45577,1.456,1.50,1.13
2012.04.10 16:20:01.536,1.45577,1.456,1.50,1.13
2012.04.10 16:20:03.023,1.45572,1.45601,2.25,1.50
2012.04.10 16:20:03.102,1.45572,1.45601,2.25,1.50
2012.04.10 16:20:03.513,1.45575,1.45603,1.50,1.10
2012.04.10 16:20:03.588,1.45572,1.45603,3.00,1.10
2012.04.10 16:20:06.066,1.45572,1.45605,3.68,3.35
2012.04.10 16:20:06.417,1.45575,1.45605,1.50,1.85
2012.04.10 16:20:08.027,1.45575,1.45604,2.25,1.13
2012.04.10 16:20:08.870,1.45575,1.45604,2.25,1.13
2012.04.10 16:20:08.966,1.45574,1.45604,2.25,1.13
2012.04.10 16:20:09.044,1.45574,1.45604,1.50,1.13
2012.04.10 16:20:09.468,1.45574,1.45604,1.69,1.13
2012.04.10 16:20:09.537,1.45574,1.45605,1.69,1.13
2012.04.10 16:20:10.208,1.45577,1.45606,2.25,1.13
2012.04.10 16:20:12.565,1.45572,1.45605,3.38,1.50
2012.04.10 16:20:13.146,1.45572,1.45605,2.82,3.00
2012.04.10 16:20:14.305,1.45572,1.45605,2.82,3.00
2012.04.10 16:20:15.059,1.45573,1.45605,1.69,2.25
2012.04.10 16:20:15.773,1.45573,1.45605,1.69,2.25
2012.04.10 16:20:18.924,1.45572,1.45606,1.32,2.25
2012.04.10 16:20:20.833,1.45576,1.45604,1.50,1.50
2012.04.10 16:20:20.910,1.45572,1.45604,1.32,1.50
2012.04.10 16:20:21.364,1.45574,1.45604,1.88,1.50
2012.04.10 16:20:25.789,1.45573,1.45604,1.32,1.50
2012.04.10 16:20:25.865,1.45572,1.45605,1.32,3.75
2012.04.10 16:20:26.073,1.45572,1.45605,2.07,3.00
2012.04.10 16:20:26.582,1.45572,1.45605,2.07,3.00
2012.04.10 16:20:29.129,1.45572,1.45605,2.07,3.00
2012.04.10 16:20:32.644,1.45572,1.45604,1.32,1.50
2012.04.10 16:20:32.863,1.45572,1.45602,1.32,1.50
2012.04.10 16:20:33.207,1.45567,1.45601,3.38,1.50
2012.04.10 16:20:33.418,1.45567,1.45601,2.44,2.25
2012.04.10 16:20:33.490,1.45569,1.45601,1.50,1.50
2012.04.10 16:20:33.971,1.45571,1.45603,1.50,1.13
2012.04.10 16:20:34.225,1.45571,1.45603,1.69,1.13
2012.04.10 16:20:35.682,1.45571,1.45603,2.25,1.13
2012.04.10 16:20:35.992,1.45585,1.45611,1.09,1.10
2012.04.10 16:20:36.139,1.45581,1.45614,2.44,4.10
2012.04.10 16:20:36.624,1.45585,1.45614,1.13,3.19
2012.04.10 16:20:37.056,1.45587,1.45615,1.88,1.50
2012.04.10 16:20:37.129,1.45589,1.45615,1.69,1.50
2012.04.10 16:20:37.215,1.45589,1.45618,1.69,3.00
2012.04.10 16:20:37.436,1.45592,1.45622,1.13,1.50
2012.04.10 16:20:37.514,1.45592,1.45618,1.13,1.50
2012.04.10 16:20:38.041,1.45588,1.45618,1.88,3.00
2012.04.10 16:20:38.388,1.45583,1.45613,1.13,1.50
2012.04.10 16:20:39.010,1.45583,1.45617,2.63,1.69
2012.04.10 16:20:40.000,1.45585,1.45617,1.13,1.50
2012.04.10 16:20:40.597,1.45585,1.45616,1.13,1.50
2012.04.10 16:20:41.828,1.45587,1.45617,1.13,1.69
2012.04.10 16:20:41.972,1.45587,1.45617,1.13,2.44
2012.04.10 16:20:42.329,1.45587,1.45617,1.13,1.69
2012.04.10 16:20:42.892,1.45587,1.45617,1.88,1.69
2012.04.10 16:20:43.451,1.45583,1.45617,2.82,1.69
2012.04.10 16:20:43.866,1.45585,1.45618,2.93,3.57
2012.04.10 16:20:44.222,1.45587,1.4562,2.25,2.37
2012.04.10 16:20:44.594,1.45587,1.45617,1.50,2.18
2012.04.10 16:20:44.693,1.45583,1.45613,1.69,1.50
2012.04.10 16:20:44.979,1.45589,1.45613,1.50,1.50
2012.04.10 16:20:45.200,1.45584,1.45613,2.59,1.50
2012.04.10 16:20:45.285,1.45584,1.45613,2.59,1.50
2012.04.10 16:20:46.103,1.45584,1.45614,1.69,2.25
2012.04.10 16:20:46.269,1.45584,1.45614,2.44,2.25
2012.04.10 16:20:46.581,1.45583,1.45614,1.69,1.50
2012.04.10 16:20:47.082,1.4558,1.45614,2.74,1.50
2012.04.10 16:20:47.502,1.4558,1.45614,2.74,2.25
2012.04.10 16:20:47.733,1.4558,1.45611,1.32,1.50
2012.04.10 16:20:48.113,1.45579,1.45609,1.13,1.69
2012.04.10 16:20:49.137,1.45579,1.45609,1.13,1.50
2012.04.10 16:20:49.979,1.45576,1.45609,2.22,2.44
2012.04.10 16:20:50.397,1.45576,1.45609,2.22,3.19
2012.04.10 16:20:52.316,1.45576,1.45608,3.15,1.50
2012.04.10 16:20:52.864,1.45579,1.45609,1.13,1.50
2012.04.10 16:20:55.158,1.45579,1.45609,1.13,1.69
2012.04.10 16:20:55.514,1.45576,1.45604,2.25,1.50
2012.04.10 16:20:55.874,1.45575,1.45603,1.43,3.00
2012.04.10 16:20:55.961,1.45576,1.45605,1.69,2.25
2012.04.10 16:20:56.120,1.45579,1.45609,1.50,2.63
2012.04.10 16:20:58.045,1.45578,1.45609,2.63,1.50
2012.04.10 16:20:58.266,1.45582,1.45612,1.69,1.50
2012.04.10 16:20:58.797,1.45581,1.45612,4.43,1.50
2012.04.10 16:20:59.350,1.45582,1.45616,3.57,3.00
2012.04.10 16:21:01.960,1.45583,1.45613,1.32,1.50
2012.04.10 16:21:03.408,1.45583,1.45613,1.32,1.50
2012.04.10 16:21:06.576,1.45583,1.45616,1.32,3.00
2012.04.10 16:21:07.277,1.45583,1.45616,1.32,3.00
2012.04.10 16:21:07.767,1.45582,1.45612,3.49,1.50
2012.04.10 16:21:08.040,1.45583,1.45613,1.69,1.50
2012.04.10 16:21:10.082,1.45582,1.45613,1.69,3.00
2012.04.10 16:21:10.865,1.45581,1.45612,2.55,1.50
2012.04.10 16:21:11.296,1.45581,1.45611,1.13,1.50
2012.04.10 16:21:11.699,1.45581,1.45613,1.88,2.44
2012.04.10 16:21:12.421,1.45583,1.45613,1.13,2.25
2012.04.10 16:21:15.380,1.45584,1.45613,1.13,2.44
2012.04.10 16:21:20.177,1.45584,1.45613,1.13,2.25
2012.04.10 16:21:21.178,1.45584,1.45611,1.32,1.50
2012.04.10 16:21:23.666,1.45584,1.45613,1.32,3.00
2012.04.10 16:21:24.021,1.45584,1.45613,1.32,2.25
2012.04.10 16:21:24.106,1.45587,1.45614,1.50,2.25
2012.04.10 16:21:24.322,1.45587,1.45618,1.50,1.50
2012.04.10 16:21:25.208,1.45587,1.45616,1.69,1.50
2012.04.10 16:21:25.854,1.45587,1.45619,3.19,3.00
2012.04.10 16:21:26.489,1.45587,1.45615,1.69,1.50
2012.04.10 16:21:27.012,1.45586,1.45615,1.32,2.25
2012.04.10 16:21:27.566,1.45586,1.45614,1.32,1.50
2012.04.10 16:21:27.914,1.45586,1.45611,1.32,1.50
2012.04.10 16:21:28.981,1.45586,1.45611,1.32,2.25
2012.04.10 16:21:29.735,1.45586,1.45611,1.32,2.25
2012.04.10 16:21:30.666,1.45581,1.45612,4.50,1.50
2012.04.10 16:21:31.357,1.45581,1.45609,3.00,1.50
2012.04.10 16:21:32.042,1.45581,1.4561,1.50,1.50
2012.04.10 16:21:32.377,1.45582,1.45614,2.44,1.50
2012.04.10 16:21:32.935,1.45582,1.45614,3.00,1.50
2012.04.10 16:21:33.004,1.45582,1.45613,3.00,1.50
2012.04.10 16:21:33.916,1.45581,1.45611,1.32,2.25
2012.04.10 16:21:36.073,1.45582,1.45611,1.50,2.25
2012.04.10 16:21:37.848,1.45581,1.4561,1.32,1.50
2012.04.10 16:21:37.991,1.45581,1.4561,1.32,1.50
2012.04.10 16:21:38.465,1.45581,1.4561,1.32,1.50
2012.04.10 16:21:38.697,1.45581,1.4561,1.32,1.50
2012.04.10 16:21:40.789,1.45581,1.4561,1.32,1.50
2012.04.10 16:21:41.457,1.45581,1.4561,1.13,1.50
2012.04.10 16:21:54.011,1.45581,1.45611,1.32,2.25
2012.04.10 16:21:54.369,1.45579,1.45606,1.13,2.25
2012.04.10 16:21:59.275,1.45577,1.45606,1.32,2.25
2012.04.10 16:21:59.704,1.45573,1.45604,2.63,1.50
2012.04.10 16:22:00.007,1.45572,1.45603,3.38,2.25
2012.04.10 16:22:00.375,1.45577,1.45605,1.13,3.00
2012.04.10 16:22:00.455,1.45576,1.45605,2.74,1.50
2012.04.10 16:22:00.892,1.45578,1.45607,1.32,1.50
2012.04.10 16:22:00.979,1.45578,1.45612,1.32,3.75
2012.04.10 16:22:01.203,1.45578,1.45611,1.32,2.25
2012.04.10 16:22:02.009,1.45577,1.45607,2.82,1.50
2012.04.10 16:22:02.570,1.45577,1.45608,2.25,1.50
2012.04.10 16:22:04.901,1.45577,1.45608,2.25,2.25
2012.04.10 16:22:06.329,1.45573,1.45603,1.32,1.50
2012.04.10 16:22:10.676,1.45572,1.45602,1.50,1.50
2012.04.10 16:22:11.244,1.45567,1.45599,2.63,1.50
2012.04.10 16:22:11.838,1.45567,1.456,2.25,3.00
2012.04.10 16:22:12.395,1.45568,1.456,1.50,3.00
2012.04.10 16:22:12.483,1.4557,1.456,1.50,3.00
2012.04.10 16:22:12.630,1.45573,1.456,2.18,2.25
2012.04.10 16:22:12.720,1.45574,1.45601,1.50,1.13
2012.04.10 16:22:12.879,1.45575,1.45604,2.37,2.25
2012.04.10 16:22:13.242,1.45577,1.45608,2.93,2.25
2012.04.10 16:22:14.367,1.45576,1.45606,2.25,1.50
2012.04.10 16:22:14.515,1.45576,1.45603,2.25,1.50
2012.04.10 16:22:14.593,1.45576,1.45603,1.50,1.50
2012.04.10 16:22:14.736,1.45574,1.45603,1.32,2.25
2012.04.10 16:22:14.806,1.45573,1.45601,1.32,1.50
2012.04.10 16:22:15.536,1.45574,1.456,1.32,2.25
2012.04.10 16:22:16.886,1.45577,1.45605,1.50,1.50
2012.04.10 16:22:17.702,1.45581,1.45609,1.50,3.00
2012.04.10 16:22:17.815,1.45581,1.45613,3.00,1.43
2012.04.10 16:22:18.019,1.45583,1.45613,1.69,1.43
2012.04.10 16:22:18.376,1.45583,1.45611,2.25,1.43
2012.04.10 16:22:18.718,1.45588,1.45618,2.44,1.85
2012.04.10 16:22:19.351,1.4559,1.45616,1.13,1.50
2012.04.10 16:22:19.439,1.45588,1.45616,2.25,1.50
2012.04.10 16:22:19.516,1.45588,1.45613,1.50,1.50
2012.04.10 16:22:20.210,1.45585,1.45613,2.44,1.50
2012.04.10 16:22:22.027,1.45583,1.45613,1.69,1.50
2012.04.10 16:22:22.413,1.45581,1.45609,2.07,1.50
2012.04.10 16:22:22.970,1.45581,1.45611,2.07,2.25
2012.04.10 16:22:25.712,1.45581,1.45613,3.57,1.50
2012.04.10 16:22:25.793,1.45581,1.4561,2.82,1.88
2012.04.10 16:22:25.873,1.45581,1.45607,1.50,1.50
2012.04.10 16:22:26.028,1.45578,1.45602,1.62,1.50
2012.04.10 16:22:26.402,1.45577,1.45605,1.69,1.50
2012.04.10 16:22:30.395,1.45578,1.45609,1.50,2.25
2012.04.10 16:22:31.252,1.45578,1.45609,1.50,2.25
2012.04.10 16:22:31.327,1.45576,1.45609,3.12,3.00
2012.04.10 16:22:31.470,1.45576,1.45609,2.82,3.00
2012.04.10 16:22:31.549,1.45577,1.45609,1.32,2.25
2012.04.10 16:22:31.897,1.45581,1.45609,1.69,1.50
2012.04.10 16:22:34.078,1.45579,1.45609,1.69,2.25
2012.04.10 16:22:35.322,1.45576,1.45609,4.13,3.00
2012.04.10 16:22:35.836,1.45578,1.45609,1.69,2.25
2012.04.10 16:22:43.697,1.45578,1.45609,1.69,2.25
2012.04.10 16:22:48.737,1.45578,1.45605,1.69,1.50
2012.04.10 16:22:50.872,1.45576,1.45605,2.63,1.50
2012.04.10 16:22:51.015,1.45576,1.45608,4.13,3.00
2012.04.10 16:22:51.208,1.45576,1.45608,3.38,2.25
2012.04.10 16:22:51.357,1.45576,1.45605,2.25,1.50
2012.04.10 16:22:51.431,1.45577,1.45604,1.50,1.50
2012.04.10 16:22:51.506,1.45576,1.45604,1.69,1.50
2012.04.10 16:22:52.024,1.45577,1.45608,1.69,3.00
2012.04.10 16:22:52.999,1.45577,1.45608,1.69,3.00
2012.04.10 16:22:57.642,1.4558,1.45608,1.50,2.25
2012.04.10 16:22:58.145,1.45576,1.45608,3.00,2.25
2012.04.10 16:22:58.214,1.45576,1.45604,1.50,1.50
2012.04.10 16:22:58.286,1.45576,1.45606,1.50,1.50
2012.04.10 16:22:58.356,1.45576,1.45608,1.50,1.50
2012.04.10 16:22:59.020,1.4558,1.45608,1.50,1.50
2012.04.10 16:23:01.288,1.4558,1.45605,1.50,1.50
2012.04.10 16:23:04.125,1.4558,1.45605,1.50,1.50
2012.04.10 16:23:04.205,1.45578,1.45605,2.37,1.50
2012.04.10 16:23:04.277,1.45581,1.45612,2.25,1.88
2012.04.10 16:23:04.809,1.45581,1.45612,2.44,1.13
2012.04.10 16:23:16.273,1.45582,1.45612,1.50,1.13
2012.04.10 16:23:17.376,1.4559,1.45615,2.18,2.25
2012.04.10 16:23:17.486,1.45589,1.45618,2.25,2.25
2012.04.10 16:23:17.595,1.45589,1.45621,2.63,2.44
2012.04.10 16:23:17.675,1.4559,1.45619,2.18,1.50
2012.04.10 16:23:17.946,1.4559,1.45622,2.18,2.44
2012.04.10 16:23:18.088,1.4559,1.45622,2.18,2.44
2012.04.10 16:23:18.616,1.45587,1.45618,2.18,2.25
2012.04.10 16:23:18.758,1.45587,1.45613,2.18,2.25
2012.04.10 16:23:18.899,1.4558,1.45613,1.88,3.00
2012.04.10 16:23:18.977,1.45583,1.45613,1.13,1.50
2012.04.10 16:23:19.647,1.45583,1.45614,3.68,2.25
2012.04.10 16:23:21.078,1.45584,1.45615,2.37,2.25
2012.04.10 16:23:22.589,1.45583,1.45615,2.44,2.25
2012.04.10 16:23:23.421,1.45584,1.45614,1.50,1.69
2012.04.10 16:23:23.696,1.4558,1.45609,1.88,1.50
2012.04.10 16:23:23.779,1.4558,1.45606,1.50,1.69
2012.04.10 16:23:24.195,1.4558,1.45603,1.50,1.69
2012.04.10 16:23:24.332,1.45572,1.45606,2.44,3.00
2012.04.10 16:23:24.436,1.45576,1.45606,1.50,1.88
2012.04.10 16:23:24.915,1.45576,1.45606,1.50,1.88
2012.04.10 16:23:25.424,1.45576,1.45606,1.69,1.88
2012.04.10 16:23:25.964,1.45576,1.45606,1.69,1.13
2012.04.10 16:23:26.737,1.45576,1.45606,1.50,1.88
2012.04.10 16:23:27.575,1.45576,1.45606,2.25,1.13
2012.04.10 16:23:27.776,1.45576,1.45606,1.50,1.88
2012.04.10 16:23:29.637,1.45576,1.45606,1.69,1.50
2012.04.10 16:23:30.684,1.45576,1.45607,2.25,1.50
2012.04.10 16:23:30.896,1.45576,1.45608,2.25,1.13
2012.04.10 16:23:31.001,1.45576,1.45608,1.50,1.13
2012.04.10 16:23:31.150,1.45575,1.45609,2.44,3.00
2012.04.10 16:23:31.672,1.45575,1.45609,1.50,2.44
2012.04.10 16:23:32.342,1.45575,1.45609,1.50,2.44
2012.04.10 16:23:33.805,1.45575,1.45609,1.50,3.19
2012.04.10 16:23:33.950,1.45575,1.45606,1.50,1.69
2012.04.10 16:23:34.547,1.45571,1.45604,2.07,2.25
2012.04.10 16:23:35.042,1.45571,1.45601,1.50,1.50
2012.04.10 16:23:35.192,1.45571,1.45601,1.50,1.50
2012.04.10 16:23:39.930,1.45571,1.456,1.69,1.50
2012.04.10 16:23:40.272,1.45574,1.45606,2.18,2.25
2012.04.10 16:23:40.734,1.45578,1.45606,1.32,1.50
2012.04.10 16:23:41.284,1.45578,1.45606,1.32,1.50
2012.04.10 16:23:42.353,1.45578,1.45609,2.82,1.50
2012.04.10 16:23:42.936,1.45578,1.45607,1.50,1.50
2012.04.10 16:23:43.380,1.45573,1.45604,3.94,1.50
2012.04.10 16:23:43.488,1.45576,1.45602,1.50,1.50
2012.04.10 16:23:44.022,1.45576,1.45604,1.50,1.50
2012.04.10 16:23:47.868,1.45576,1.45605,1.50,1.50
2012.04.10 16:23:48.376,1.45576,1.45608,1.69,4.43
2012.04.10 16:23:48.639,1.45576,1.45608,2.25,4.77
2012.04.10 16:23:49.120,1.45579,1.45613,1.50,3.00
2012.04.10 16:23:49.199,1.45579,1.45613,1.13,3.19
2012.04.10 16:23:49.737,1.45579,1.45613,1.13,3.94
2012.04.10 16:23:50.216,1.45579,1.45613,1.32,3.00
2012.04.10 16:23:50.726,1.45578,1.45612,2.25,1.13
2012.04.10 16:23:51.122,1.45578,1.45612,2.25,1.13
2012.04.10 16:23:51.422,1.45578,1.45613,2.25,3.19
2012.04.10 16:23:51.976,1.45578,1.45613,3.00,3.00
2012.04.10 16:23:52.061,1.45578,1.45611,3.00,1.50
2012.04.10 16:23:52.349,1.4558,1.45613,1.50,1.50
2012.04.10 16:23:52.776,1.45582,1.45615,1.32,1.50
2012.04.10 16:23:53.334,1.45583,1.45611,1.28,1.50
2012.04.10 16:23:53.412,1.45583,1.45616,2.78,3.00
2012.04.10 16:23:54.961,1.45583,1.45616,2.78,3.00
2012.04.10 16:23:55.928,1.45585,1.45616,1.50,1.50
2012.04.10 16:23:56.324,1.45587,1.45617,2.44,1.13
2012.04.10 16:23:56.740,1.45587,1.4562,2.44,4.13
2012.04.10 16:24:02.324,1.45587,1.4562,2.25,4.13
2012.04.10 16:24:02.825,1.45587,1.4562,2.25,4.13
2012.04.10 16:24:03.774,1.45587,1.4562,2.25,4.13
2012.04.10 16:24:04.134,1.45587,1.4562,2.44,4.13
2012.04.10 16:24:07.433,1.45587,1.4562,2.25,4.13
2012.04.10 16:24:08.078,1.45587,1.45619,2.44,1.50
2012.04.10 16:24:08.670,1.45587,1.45618,2.25,1.50
2012.04.10 16:24:08.788,1.45587,1.45618,3.00,1.50
2012.04.10 16:24:08.863,1.45587,1.45619,2.25,1.69
2012.04.10 16:24:09.293,1.45585,1.45612,1.13,1.50
2012.04.10 16:24:09.387,1.45581,1.45611,1.32,1.50
2012.04.10 16:24:09.477,1.45581,1.45612,1.32,3.00
2012.04.10 16:24:09.901,1.45584,1.45612,1.13,1.50
2012.04.10 16:24:10.412,1.45587,1.45615,1.50,3.00
2012.04.10 16:24:11.023,1.45587,1.45615,1.50,1.50
2012.04.10 16:24:11.330,1.45587,1.45619,1.69,2.63
2012.04.10 16:24:11.958,1.4559,1.45619,1.50,1.13
2012.04.10 16:24:14.024,1.4559,1.4562,1.69,1.88
2012.04.10 16:24:15.318,1.4559,1.45619,1.50,1.88
2012.04.10 16:24:15.864,1.4559,1.45619,1.50,1.13
2012.04.10 16:24:16.585,1.45586,1.45619,1.50,1.13
2012.04.10 16:24:17.312,1.45586,1.45619,1.50,1.88
2012.04.10 16:24:17.445,1.45586,1.45619,1.69,1.88
2012.04.10 16:24:18.058,1.45586,1.45619,2.44,1.13
2012.04.10 16:24:19.974,1.45586,1.45619,3.00,1.13
2012.04.10 16:24:20.410,1.45586,1.45619,2.44,1.13
2012.04.10 16:24:21.338,1.45582,1.45617,5.07,2.63
2012.04.10 16:24:22.891,1.45586,1.45617,1.50,1.13
2012.04.10 16:24:23.322,1.45583,1.45616,2.25,2.44
2012.04.10 16:24:23.865,1.45583,1.45616,1.50,2.44
2012.04.10 16:24:23.959,1.45583,1.45616,2.25,2.44
2012.04.10 16:24:24.496,1.45585,1.45616,1.32,1.50
2012.04.10 16:24:25.595,1.45587,1.45616,1.50,1.50
2012.04.10 16:24:25.943,1.45589,1.4562,1.35,2.44
2012.04.10 16:24:26.312,1.45587,1.45614,2.07,1.50
2012.04.10 16:24:27.167,1.45587,1.45614,1.50,1.50
2012.04.10 16:24:31.038,1.45587,1.45614,1.50,1.50
2012.04.10 16:24:31.555,1.45587,1.45614,1.50,1.50
2012.04.10 16:24:31.698,1.45587,1.45618,1.50,2.82
2012.04.10 16:24:32.835,1.45587,1.45616,1.50,1.69
2012.04.10 16:24:33.082,1.45587,1.45618,1.50,2.82
2012.04.10 16:24:33.168,1.45583,1.45617,2.44,2.25
2012.04.10 16:24:33.534,1.45583,1.45608,1.50,1.43
2012.04.10 16:24:33.613,1.45579,1.45608,1.32,2.18
2012.04.10 16:24:34.179,1.45578,1.45608,1.88,2.37
2012.04.10 16:24:36.075,1.45574,1.45608,2.07,2.37
2012.04.10 16:24:37.068,1.45574,1.45608,1.88,2.37
2012.04.10 16:24:38.085,1.45574,1.45608,1.88,2.37
2012.04.10 16:24:38.553,1.45574,1.45602,1.88,2.18
2012.04.10 16:24:38.681,1.45575,1.45605,1.32,1.50
2012.04.10 16:24:38.772,1.45574,1.45606,2.82,1.50
2012.04.10 16:24:38.924,1.45574,1.45606,3.19,1.50
2012.04.10 16:24:38.998,1.45577,1.45609,1.13,3.19
2012.04.10 16:24:40.015,1.45576,1.45609,1.69,3.00
2012.04.10 16:24:40.118,1.45575,1.45609,1.50,3.19
2012.04.10 16:24:40.194,1.45576,1.45609,1.50,2.44
2012.04.10 16:24:40.266,1.45576,1.45609,1.69,2.25
2012.04.10 16:24:42.162,1.45578,1.45609,2.25,2.25
2012.04.10 16:24:42.608,1.45578,1.45609,2.44,3.68
2012.04.10 16:24:42.786,1.45581,1.45613,1.13,2.25
2012.04.10 16:24:42.868,1.45582,1.45614,2.25,1.69
2012.04.10 16:24:43.362,1.45584,1.45617,1.32,2.55
2012.04.10 16:24:43.802,1.45586,1.45614,2.25,1.50
2012.04.10 16:24:44.284,1.45587,1.45617,1.50,1.13
2012.04.10 16:24:45.744,1.45587,1.45618,1.50,1.50
2012.04.10 16:24:45.886,1.4559,1.45618,1.50,1.50
2012.04.10 16:24:45.956,1.45587,1.45618,1.50,1.50
2012.04.10 16:24:46.098,1.4559,1.45618,1.50,1.50
2012.04.10 16:24:46.425,1.4559,1.45618,1.50,1.50
2012.04.10 16:24:48.109,1.45586,1.45616,2.25,1.50
2012.04.10 16:24:48.470,1.45586,1.45615,2.25,1.50
2012.04.10 16:24:48.638,1.45586,1.45615,1.50,1.50
2012.04.10 16:24:49.286,1.45584,1.45616,2.25,2.25
2012.04.10 16:24:49.797,1.45585,1.45615,1.50,3.12
2012.04.10 16:24:50.160,1.4559,1.45623,2.25,1.69
2012.04.10 16:24:50.237,1.4559,1.45623,2.25,1.69
2012.04.10 16:24:52.407,1.4559,1.45619,2.25,2.25
2012.04.10 16:24:52.572,1.45584,1.45614,1.13,3.19
2012.04.10 16:24:52.791,1.45581,1.45614,2.63,2.44
2012.04.10 16:24:55.882,1.45585,1.45615,1.09,4.62
2012.04.10 16:24:56.389,1.45586,1.45615,1.88,2.25
2012.04.10 16:24:56.479,1.4559,1.4562,1.13,1.69
2012.04.10 16:24:57.198,1.45588,1.4562,1.32,2.93
2012.04.10 16:24:57.337,1.45588,1.45618,1.13,1.50
2012.04.10 16:24:57.678,1.45586,1.45616,2.25,1.69
2012.04.10 16:24:58.265,1.45586,1.45614,1.50,2.93
2012.04.10 16:24:58.607,1.45583,1.45611,1.88,1.50
2012.04.10 16:24:59.299,1.45579,1.4561,1.09,2.44
2012.04.10 16:24:59.526,1.45578,1.45608,1.65,1.50
2012.04.10 16:24:59.937,1.45583,1.45614,1.88,2.44
2012.04.10 16:25:00.022,1.45583,1.45614,1.13,2.44
2012.04.10 16:25:00.517,1.45583,1.45613,1.32,2.25
2012.04.10 16:25:01.914,1.45583,1.45613,1.13,2.25
2012.04.10 16:25:01.988,1.45583,1.45615,2.63,1.32
2012.04.10 16:25:04.008,1.45583,1.45611,1.88,1.88
2012.04.10 16:25:09.210,1.45583,1.45611,1.50,1.88
2012.04.10 16:25:09.714,1.4558,1.45611,2.82,1.88
2012.04.10 16:25:10.291,1.45584,1.45611,1.50,1.50
2012.04.10 16:25:10.375,1.45584,1.45615,2.25,1.50
2012.04.10 16:25:10.735,1.45584,1.45614,2.25,1.50
2012.04.10 16:25:10.864,1.45585,1.45614,1.50,1.50
2012.04.10 16:25:11.424,1.45585,1.45614,1.50,1.50
2012.04.10 16:25:12.699,1.45586,1.45614,1.13,1.50
2012.04.10 16:25:13.036,1.45585,1.45615,1.13,1.50
2012.04.10 16:25:15.506,1.45585,1.45614,1.13,1.50
2012.04.10 16:25:17.683,1.45585,1.45614,1.13,1.50
2012.04.10 16:25:17.834,1.45586,1.45613,1.50,1.50
2012.04.10 16:25:17.914,1.45592,1.45614,1.50,3.68
2012.04.10 16:25:18.001,1.45591,1.45616,1.50,1.69
2012.04.10 16:25:18.085,1.45591,1.45617,1.50,2.25
2012.04.10 16:25:18.365,1.45588,1.45619,1.50,1.69
2012.04.10 16:25:18.676,1.45587,1.45618,3.00,1.69
2012.04.10 16:25:21.187,1.45588,1.45618,1.13,1.69
2012.04.10 16:25:24.540,1.45587,1.45615,1.50,1.50
2012.04.10 16:25:25.527,1.45583,1.45615,2.25,1.50
2012.04.10 16:25:26.503,1.45583,1.45614,2.25,1.50
2012.04.10 16:25:26.845,1.45585,1.45615,1.13,1.50
2012.04.10 16:25:28.714,1.45588,1.45607,1.50,2.18
2012.04.10 16:25:28.804,1.45588,1.45613,1.50,1.50
2012.04.10 16:25:28.885,1.45588,1.45614,1.50,1.69
2012.04.10 16:25:28.961,1.45588,1.45614,1.50,1.69
2012.04.10 16:25:29.039,1.45583,1.4561,1.50,1.50
2012.04.10 16:25:29.263,1.45583,1.45613,2.25,3.68
2012.04.10 16:25:29.615,1.45581,1.45613,1.88,3.75
2012.04.10 16:25:29.758,1.45579,1.45613,1.69,3.19
2012.04.10 16:25:30.187,1.45581,1.45613,1.13,1.69
2012.04.10 16:25:30.554,1.45584,1.45613,1.13,1.50
2012.04.10 16:25:30.909,1.45587,1.45613,1.13,1.50
2012.04.10 16:25:31.397,1.45583,1.45613,1.50,1.50
2012.04.10 16:25:35.547,1.45584,1.45613,1.13,1.69
2012.04.10 16:25:36.080,1.45587,1.45613,1.13,1.69
2012.04.10 16:25:36.234,1.4558,1.45611,1.50,2.37
2012.04.10 16:25:36.382,1.45578,1.45606,1.88,2.18
2012.04.10 16:25:37.087,1.4558,1.45606,1.50,2.18
2012.04.10 16:25:38.242,1.45575,1.45609,3.94,4.43
2012.04.10 16:25:38.793,1.4558,1.45609,1.50,2.93
2012.04.10 16:25:38.873,1.4558,1.45609,1.50,2.93
2012.04.10 16:25:40.269,1.4558,1.4561,2.25,1.50
2012.04.10 16:25:40.631,1.45578,1.45605,1.13,2.18
2012.04.10 16:25:41.127,1.45576,1.45605,1.13,2.55
2012.04.10 16:25:41.620,1.45576,1.45606,1.13,1.50
2012.04.10 16:25:41.770,1.45577,1.45606,1.13,2.25
2012.04.10 16:25:42.198,1.45583,1.4561,1.50,1.13
2012.04.10 16:25:42.273,1.45583,1.45612,2.25,1.32
2012.04.10 16:25:42.424,1.45589,1.45617,1.13,1.50
2012.04.10 16:25:42.501,1.45591,1.45619,1.50,1.66
2012.04.10 16:25:42.649,1.45591,1.4562,1.50,1.13
2012.04.10 16:25:43.389,1.45592,1.45624,1.50,2.82
2012.04.10 16:25:43.474,1.45595,1.45624,1.50,2.63
2012.04.10 16:25:43.969,1.45596,1.45626,1.50,1.88
2012.04.10 16:25:44.322,1.45598,1.45626,1.13,1.69
2012.04.10 16:25:44.614,1.456,1.4563,1.88,1.32
2012.04.10 16:25:45.158,1.456,1.45632,2.25,2.07
2012.04.10 16:25:45.985,1.45601,1.45632,1.13,2.07
2012.04.10 16:25:46.804,1.45601,1.45632,1.13,2.07
2012.04.10 16:25:50.375,1.45601,1.45633,1.13,4.13
2012.04.10 16:25:51.342,1.45601,1.45633,1.88,2.82
2012.04.10 16:25:52.947,1.45602,1.45631,1.13,1.13
2012.04.10 16:25:53.766,1.45601,1.45633,1.13,2.07
2012.04.10 16:25:54.522,1.45601,1.45629,1.13,1.50
2012.04.10 16:25:56.287,1.456,1.45629,1.13,1.69
2012.04.10 16:25:56.977,1.456,1.45632,2.63,1.13
2012.04.10 16:25:58.335,1.456,1.45633,2.63,1.99
2012.04.10 16:26:05.250,1.45602,1.45633,1.88,1.99
2012.04.10 16:26:05.331,1.45605,1.45635,1.13,2.63
2012.04.10 16:26:05.663,1.45605,1.45636,2.63,1.13
2012.04.10 16:26:06.235,1.45605,1.45636,2.63,2.82
2012.04.10 16:26:06.776,1.45604,1.45635,1.13,2.44
2012.04.10 16:26:09.445,1.45603,1.45631,1.13,1.10
2012.04.10 16:26:09.863,1.456,1.45625,1.50,1.50
2012.04.10 16:26:10.174,1.45596,1.45625,1.50,1.50
2012.04.10 16:26:10.823,1.45601,1.45627,1.50,1.32
2012.04.10 16:26:10.971,1.45595,1.45627,2.25,2.82
2012.04.10 16:26:12.739,1.45599,1.45627,2.25,1.13
2012.04.10 16:26:12.816,1.45599,1.45627,1.50,1.13
2012.04.10 16:26:14.095,1.45595,1.45626,3.00,1.50
2012.04.10 16:26:14.503,1.45595,1.45626,2.25,1.50
2012.04.10 16:26:15.538,1.45595,1.45627,3.00,2.07
2012.04.10 16:26:16.936,1.45597,1.45628,1.50,3.00
2012.04.10 16:26:17.446,1.45597,1.45628,1.50,2.25
2012.04.10 16:26:18.181,1.45596,1.45624,1.50,1.50
2012.04.10 16:26:18.396,1.45595,1.45624,2.25,1.50
2012.04.10 16:26:20.294,1.45595,1.45626,3.00,1.13
2012.04.10 16:26:20.789,1.45595,1.45623,2.25,1.50
2012.04.10 16:26:23.426,1.45595,1.45624,1.50,1.50
2012.04.10 16:26:23.689,1.45595,1.45624,2.25,1.50
2012.04.10 16:26:24.018,1.45595,1.45626,3.75,1.13
2012.04.10 16:26:25.438,1.45595,1.45626,3.94,1.13
2012.04.10 16:26:27.075,1.45595,1.45624,3.19,1.50
2012.04.10 16:26:28.731,1.45597,1.45628,1.50,3.00
2012.04.10 16:26:29.237,1.45598,1.4563,2.25,2.63
2012.04.10 16:26:38.125,1.45604,1.45632,2.22,1.88
2012.04.10 16:26:38.479,1.45607,1.45633,1.50,1.50
2012.04.10 16:26:38.907,1.45608,1.45634,1.13,2.25
2012.04.10 16:26:39.132,1.45606,1.45631,1.13,2.18
2012.04.10 16:26:39.215,1.456,1.45631,3.19,2.18
2012.04.10 16:26:39.357,1.456,1.45632,3.19,1.50
2012.04.10 16:26:39.627,1.456,1.45632,3.57,1.50
2012.04.10 16:26:40.208,1.456,1.45632,3.57,1.50
2012.04.10 16:26:40.773,1.45603,1.45634,1.50,1.50
2012.04.10 16:26:44.128,1.45603,1.45632,2.44,1.50
2012.04.10 16:26:44.723,1.45603,1.45632,2.44,1.50
2012.04.10 16:26:46.201,1.45605,1.45633,1.50,2.25
2012.04.10 16:26:47.034,1.45605,1.45633,3.00,2.18
2012.04.10 16:26:49.628,1.45603,1.45633,1.32,2.93
2012.04.10 16:26:49.848,1.45602,1.45628,1.88,1.50
2012.04.10 16:26:50.068,1.45594,1.45625,1.69,1.88
2012.04.10 16:26:50.143,1.45594,1.45625,2.44,1.13
2012.04.10 16:26:50.575,1.45598,1.45628,1.69,3.38
2012.04.10 16:26:50.945,1.45598,1.45627,1.69,1.50
2012.04.10 16:26:52.207,1.45598,1.45628,1.69,1.13
2012.04.10 16:26:53.176,1.45598,1.45628,1.50,1.13
2012.04.10 16:26:53.726,1.45595,1.45627,2.44,2.25
2012.04.10 16:26:55.696,1.45597,1.45625,2.44,1.50
2012.04.10 16:26:56.036,1.45597,1.45625,2.44,1.50
2012.04.10 16:26:56.176,1.45594,1.45625,2.44,1.50
2012.04.10 16:26:56.697,1.45594,1.45624,1.69,2.25
2012.04.10 16:26:57.245,1.45594,1.45621,1.50,1.50
2012.04.10 16:26:57.771,1.45592,1.45621,1.50,1.50
2012.04.10 16:26:58.352,1.45592,1.45621,1.69,1.50
2012.04.10 16:26:59.654,1.45592,1.45619,1.50,1.13
2012.04.10 16:27:00.449,1.45592,1.45619,1.50,1.88
2012.04.10 16:27:02.772,1.45589,1.45617,1.50,1.50
2012.04.10 16:27:03.274,1.45587,1.45617,2.25,2.25
2012.04.10 16:27:06.486,1.45588,1.45617,1.50,1.50
2012.04.10 16:27:07.299,1.45588,1.45617,2.25,1.13
2012.04.10 16:27:07.747,1.45589,1.45619,1.13,1.50
2012.04.10 16:27:10.406,1.45593,1.45619,1.50,1.50
2012.04.10 16:27:10.991,1.45589,1.45619,1.50,1.50
2012.04.10 16:27:16.151,1.45592,1.4562,2.25,1.50
2012.04.10 16:27:17.072,1.45593,1.4562,1.50,1.50
2012.04.10 16:27:17.800,1.45589,1.4562,3.00,1.50
2012.04.10 16:27:18.336,1.45589,1.45613,1.88,1.69
2012.04.10 16:27:18.407,1.45589,1.45613,1.88,1.69
2012.04.10 16:27:19.008,1.45586,1.4561,3.00,1.50
2012.04.10 16:27:19.609,1.45586,1.4561,1.50,1.69
2012.04.10 16:27:19.689,1.45586,1.45608,1.50,1.13
2012.04.10 16:27:19.905,1.45583,1.45609,1.50,1.50
2012.04.10 16:27:19.983,1.45583,1.45613,2.25,2.44
2012.04.10 16:27:20.198,1.45584,1.45613,1.13,1.50
2012.04.10 16:27:20.674,1.45587,1.45613,1.50,1.50
2012.04.10 16:27:22.656,1.45587,1.45617,2.25,1.50
2012.04.10 16:27:22.796,1.4559,1.45617,1.50,1.50
2012.04.10 16:27:22.937,1.4559,1.45619,2.44,1.50
2012.04.10 16:27:23.363,1.45589,1.45619,1.50,1.50
2012.04.10 16:27:23.440,1.45587,1.45619,3.34,1.50
2012.04.10 16:27:24.282,1.45592,1.45619,1.50,1.50
2012.04.10 16:27:24.369,1.45592,1.45619,1.50,1.50
2012.04.10 16:27:24.736,1.45592,1.45619,1.50,1.50
2012.04.10 16:27:27.652,1.45592,1.45619,1.50,1.50
2012.04.10 16:27:27.809,1.45596,1.45619,1.50,1.50
2012.04.10 16:27:28.223,1.45598,1.45625,2.93,1.50
2012.04.10 16:27:28.579,1.456,1.45619,1.50,1.50
2012.04.10 16:27:28.808,1.45595,1.45619,1.88,1.50
2012.04.10 16:27:28.955,1.45595,1.45619,1.88,1.50
2012.04.10 16:27:29.027,1.45595,1.45619,1.50,1.50
2012.04.10 16:27:29.097,1.45595,1.45619,1.50,1.50
2012.04.10 16:27:29.695,1.45592,1.45619,1.50,1.50
2012.04.10 16:27:31.806,1.45592,1.45619,1.50,1.50
2012.04.10 16:27:31.961,1.45592,1.45616,1.50,1.50
2012.04.10 16:27:32.421,1.45589,1.45616,2.25,1.13
2012.04.10 16:27:32.577,1.45589,1.45617,2.44,1.13
2012.04.10 16:27:32.657,1.45591,1.45617,1.50,1.13
2012.04.10 16:27:33.010,1.45594,1.45617,1.50,1.13
2012.04.10 16:27:33.369,1.45589,1.4562,3.19,1.13
2012.04.10 16:27:35.929,1.45589,1.45615,2.44,1.50
2012.04.10 16:27:36.059,1.45589,1.45615,1.69,1.50
2012.04.10 16:27:37.099,1.45586,1.45615,1.69,1.50
2012.04.10 16:27:37.770,1.45585,1.45616,2.44,1.13
2012.04.10 16:27:40.351,1.45585,1.45612,1.69,1.50
2012.04.10 16:27:40.501,1.45583,1.45613,2.44,1.50
2012.04.10 16:27:41.023,1.45583,1.45612,2.63,1.50
2012.04.10 16:27:41.402,1.45587,1.45612,1.50,1.50
2012.04.10 16:27:42.132,1.45587,1.45612,1.50,1.50
2012.04.10 16:27:43.796,1.45583,1.45612,2.25,1.50
2012.04.10 16:27:43.873,1.4558,1.45608,2.59,1.50
2012.04.10 16:27:44.146,1.45578,1.45608,2.63,1.50
2012.04.10 16:27:44.216,1.45578,1.45608,2.63,2.25
2012.04.10 16:27:45.701,1.45578,1.45606,2.63,1.50
2012.04.10 16:27:45.779,1.45578,1.45606,1.50,1.50
2012.04.10 16:27:46.202,1.45578,1.45606,1.50,1.50
2012.04.10 16:27:46.419,1.45578,1.45608,1.50,1.50
2012.04.10 16:27:46.986,1.45583,1.45608,1.50,2.25
2012.04.10 16:27:47.800,1.45578,1.45608,2.63,2.25
2012.04.10 16:27:47.886,1.45578,1.45606,2.63,1.50
2012.04.10 16:27:48.900,1.45578,1.45604,2.25,1.50
2012.04.10 16:27:49.257,1.45578,1.45604,2.25,1.50
2012.04.10 16:27:50.024,1.45578,1.45604,2.25,1.50
2012.04.10 16:27:50.436,1.45579,1.45609,1.13,1.50
2012.04.10 16:27:51.001,1.45582,1.45604,1.13,1.50
2012.04.10 16:27:51.592,1.45582,1.45607,1.13,1.50
2012.04.10 16:27:52.041,1.45582,1.45607,1.13,1.50
2012.04.10 16:27:58.656,1.45582,1.45609,1.13,2.25
2012.04.10 16:28:00.779,1.45582,1.45608,1.88,1.50
2012.04.10 16:28:02.041,1.45582,1.45608,1.13,1.50
2012.04.10 16:28:02.585,1.45582,1.45608,1.13,1.50
2012.04.10 16:28:03.274,1.45582,1.45609,1.13,1.50
2012.04.10 16:28:03.363,1.45582,1.45612,3.30,2.25
2012.04.10 16:28:03.435,1.45582,1.45612,3.30,2.25
2012.04.10 16:28:03.791,1.45583,1.45613,2.25,2.25
2012.04.10 16:28:08.265,1.45583,1.45612,1.13,2.25
2012.04.10 16:28:08.433,1.45583,1.45612,1.13,2.25
2012.04.10 16:28:13.539,1.45584,1.45612,1.13,3.00
2012.04.10 16:28:14.109,1.45583,1.45612,1.13,2.25
2012.04.10 16:28:14.467,1.45583,1.45612,1.32,2.25
2012.04.10 16:28:15.006,1.45584,1.45612,1.32,2.25
2012.04.10 16:28:15.715,1.45583,1.45613,1.69,1.50
2012.04.10 16:28:15.795,1.45581,1.45613,4.43,1.50
2012.04.10 16:28:16.146,1.45581,1.45613,2.44,1.50
2012.04.10 16:28:16.757,1.45579,1.45611,3.94,2.25
2012.04.10 16:28:17.451,1.4558,1.45611,1.50,2.25
2012.04.10 16:28:18.016,1.45579,1.45609,1.13,1.50
2012.04.10 16:28:18.315,1.45582,1.4561,1.50,1.50
2012.04.10 16:28:18.935,1.45586,1.45609,1.50,1.50
2012.04.10 16:28:21.477,1.45586,1.45611,2.25,1.50
2012.04.10 16:28:21.550,1.45586,1.45614,3.00,1.13
2012.04.10 16:28:21.629,1.45586,1.45616,3.19,1.13
2012.04.10 16:28:22.368,1.45592,1.45617,1.50,1.13
2012.04.10 16:28:22.900,1.45592,1.45617,1.50,1.50
2012.04.10 16:28:22.996,1.45584,1.45613,1.69,1.50
2012.04.10 16:28:23.077,1.45583,1.45613,1.50,1.69
2012.04.10 16:28:23.648,1.45582,1.45612,2.25,1.50
2012.04.10 16:28:26.513,1.45582,1.45614,1.50,1.50
2012.04.10 16:28:27.836,1.45582,1.45613,2.44,1.50
2012.04.10 16:28:31.627,1.45582,1.45613,2.25,1.50
2012.04.10 16:28:31.910,1.45585,1.45613,1.50,1.50
2012.04.10 16:28:32.265,1.45586,1.45616,2.25,1.13
2012.04.10 16:28:32.632,1.45589,1.45621,2.74,2.25
2012.04.10 16:28:32.956,1.45591,1.45621,2.18,2.25
2012.04.10 16:28:33.038,1.45591,1.45623,2.25,2.82
2012.04.10 16:28:33.738,1.45591,1.45622,2.25,1.50
2012.04.10 16:28:34.148,1.45594,1.45623,2.25,1.88
2012.04.10 16:28:41.161,1.45594,1.45623,2.25,1.88
2012.04.10 16:28:41.238,1.45594,1.45623,1.50,1.88
2012.04.10 16:28:41.448,1.45594,1.45622,1.50,1.50
2012.04.10 16:28:42.118,1.45594,1.45623,2.25,1.88
2012.04.10 16:28:42.465,1.45591,1.45622,2.25,1.50
2012.04.10 16:28:42.789,1.45591,1.4562,2.25,1.50
2012.04.10 16:28:43.146,1.45591,1.45613,1.50,1.50
2012.04.10 16:28:43.476,1.45586,1.45613,2.07,1.50
2012.04.10 16:28:43.599,1.45586,1.45613,1.50,1.50
2012.04.10 16:28:44.128,1.45583,1.45613,1.50,1.50
2012.04.10 16:28:44.448,1.45583,1.4561,1.50,1.50
2012.04.10 16:28:44.788,1.45583,1.4561,2.25,1.50
2012.04.10 16:28:44.977,1.45583,1.4561,1.50,1.50
2012.04.10 16:28:45.183,1.45583,1.4561,2.25,1.50
2012.04.10 16:28:45.397,1.45583,1.45611,1.50,1.32
2012.04.10 16:28:46.956,1.45583,1.45611,2.25,1.13
2012.04.10 16:28:48.721,1.45583,1.45612,2.25,1.50
2012.04.10 16:28:50.423,1.45583,1.45612,2.25,1.50
2012.04.10 16:28:53.826,1.45583,1.45612,1.50,1.50
2012.04.10 16:28:55.217,1.45583,1.45608,1.50,1.88
2012.04.10 16:28:55.499,1.45568,1.456,2.66,1.69
2012.04.10 16:28:55.576,1.45566,1.456,1.91,2.07
2012.04.10 16:28:55.706,1.45566,1.45598,1.50,1.50
2012.04.10 16:28:55.895,1.45571,1.45597,1.50,1.88
2012.04.10 16:28:56.717,1.45571,1.45598,2.25,1.50
2012.04.10 16:28:57.203,1.45571,1.45603,2.44,1.13
2012.04.10 16:28:57.352,1.45575,1.45603,1.50,1.13
2012.04.10 16:28:57.709,1.45578,1.45603,1.50,1.13
2012.04.10 16:28:57.785,1.45576,1.45603,1.50,1.13
2012.04.10 16:28:58.339,1.45575,1.45603,1.50,1.13
2012.04.10 16:29:00.049,1.45574,1.45604,1.50,1.69
2012.04.10 16:29:00.115,1.45571,1.45604,1.88,1.69
2012.04.10 16:29:03.217,1.45571,1.45603,2.63,1.50
2012.04.10 16:29:05.296,1.45571,1.45604,2.63,1.50
2012.04.10 16:29:05.816,1.45571,1.45605,2.82,2.25
2012.04.10 16:29:05.957,1.45571,1.45605,2.82,2.25
2012.04.10 16:29:06.490,1.45571,1.45605,2.82,2.25
2012.04.10 16:29:07.350,1.45573,1.45605,1.13,2.25
2012.04.10 16:29:07.709,1.45579,1.45608,2.18,2.25
2012.04.10 16:29:10.281,1.4558,1.45609,2.18,2.25
2012.04.10 16:29:10.567,1.45583,1.45613,2.25,1.69
2012.04.10 16:29:11.345,1.45581,1.45611,2.37,2.25
2012.04.10 16:29:11.433,1.45578,1.45611,2.82,2.25
2012.04.10 16:29:12.559,1.45578,1.45609,2.82,1.50
2012.04.10 16:29:13.259,1.45578,1.45611,2.82,2.25
2012.04.10 16:29:17.567,1.45579,1.45608,1.13,1.50
2012.04.10 16:29:18.512,1.45579,1.45608,1.32,1.50
2012.04.10 16:29:19.177,1.4558,1.45609,2.18,1.50
2012.04.10 16:29:19.387,1.45581,1.45612,2.25,2.44
2012.04.10 16:29:19.521,1.45581,1.45612,2.25,2.44
2012.04.10 16:29:20.577,1.45584,1.45615,1.13,1.13
2012.04.10 16:29:20.721,1.45585,1.45614,2.37,1.50
2012.04.10 16:29:21.669,1.45585,1.45614,2.37,1.50
2012.04.10 16:29:22.027,1.45585,1.45613,2.37,1.50
2012.04.10 16:29:22.571,1.45585,1.45613,2.37,1.50
2012.04.10 16:29:22.699,1.45587,1.45618,1.50,2.25
2012.04.10 16:29:22.773,1.45587,1.45618,1.50,2.25
2012.04.10 16:29:24.051,1.45587,1.45618,1.50,1.50
2012.04.10 16:29:24.431,1.45585,1.45615,2.82,1.50
2012.04.10 16:29:24.654,1.45586,1.45615,1.50,2.25
2012.04.10 16:29:25.437,1.45586,1.45614,1.50,1.50
2012.04.10 16:29:25.775,1.45582,1.45612,2.25,1.50
2012.04.10 16:29:28.721,1.45582,1.45608,1.88,1.50
2012.04.10 16:29:29.022,1.45586,1.45615,2.18,2.25
2012.04.10 16:29:29.571,1.45582,1.45613,3.00,1.50
2012.04.10 16:29:32.162,1.45582,1.4561,1.50,1.50
2012.04.10 16:29:32.747,1.45581,1.4561,1.05,1.50
2012.04.10 16:29:34.691,1.4558,1.4561,2.48,1.69
2012.04.10 16:29:34.980,1.45583,1.4561,1.50,1.69
2012.04.10 16:29:35.128,1.45584,1.4561,2.18,1.69
2012.04.10 16:29:35.469,1.45584,1.45611,2.18,1.50
2012.04.10 16:29:36.778,1.45585,1.45611,1.50,1.50
2012.04.10 16:29:36.915,1.45581,1.45611,2.25,1.50
2012.04.10 16:29:38.396,1.45582,1.45611,1.50,1.50
2012.04.10 16:29:38.472,1.45586,1.45611,1.28,1.50
2012.04.10 16:29:38.898,1.45594,1.45619,1.43,1.50
2012.04.10 16:29:38.981,1.45587,1.45619,2.25,2.44
2012.04.10 16:29:39.062,1.45587,1.45617,2.25,1.69
2012.04.10 16:29:39.968,1.45587,1.45619,2.25,2.44
2012.04.10 16:29:40.321,1.45589,1.45619,1.13,2.25
2012.04.10 16:29:40.803,1.45588,1.45617,1.13,1.13
2012.04.10 16:29:40.887,1.45589,1.45617,1.13,1.13
2012.04.10 16:29:41.433,1.45589,1.45618,1.13,1.50
2012.04.10 16:29:46.515,1.45592,1.45621,1.50,2.44
2012.04.10 16:29:46.740,1.45594,1.45619,2.18,1.50
2012.04.10 16:29:46.825,1.45592,1.45619,1.88,1.50
2012.04.10 16:29:46.971,1.45586,1.45617,3.34,1.50
2012.04.10 16:29:47.461,1.45594,1.45623,2.18,3.00
2012.04.10 16:29:48.306,1.45594,1.45623,2.18,3.00
2012.04.10 16:29:48.767,1.45593,1.45623,1.13,3.19
2012.04.10 16:29:51.314,1.45594,1.45623,1.13,1.69
2012.04.10 16:29:52.642,1.45595,1.45623,1.50,1.50
2012.04.10 16:29:53.395,1.45598,1.45626,2.63,1.69
2012.04.10 16:29:54.196,1.45598,1.45626,2.63,1.69
2012.04.10 16:29:56.018,1.45598,1.45627,2.63,1.69
2012.04.10 16:29:56.726,1.45598,1.45627,2.63,1.50
2012.04.10 16:29:57.027,1.45594,1.45627,4.99,3.00
2012.04.10 16:29:57.301,1.45594,1.45627,3.87,3.00
2012.04.10 16:30:01.309,1.45595,1.45627,1.50,1.50
2012.04.10 16:30:01.484,1.45595,1.45624,1.50,1.50
2012.04.10 16:30:02.035,1.45595,1.45627,1.50,1.50
2012.04.10 16:30:02.108,1.45593,1.45627,5.70,1.50
2012.04.10 16:30:02.390,1.45594,1.45627,1.50,1.50
2012.04.10 16:30:03.070,1.45594,1.45627,1.32,1.50
2012.04.10 16:30:03.747,1.45593,1.45627,4.20,1.50
2012.04.10 16:30:03.826,1.45593,1.45625,3.30,1.69
2012.04.10 16:30:03.961,1.45591,1.45624,1.88,2.44
2012.04.10 16:30:04.117,1.45594,1.45624,1.50,2.25
2012.04.10 16:30:05.342,1.45594,1.45625,2.74,1.50
2012.04.10 16:30:05.873,1.45594,1.45625,3.30,1.50
2012.04.10 16:30:06.695,1.45594,1.45625,2.74,1.50
2012.04.10 16:30:07.513,1.45594,1.45625,2.37,1.50
2012.04.10 16:30:07.602,1.45593,1.45625,2.63,1.50
2012.04.10 16:30:10.056,1.45589,1.45622,2.93,1.50
2012.04.10 16:30:10.558,1.45589,1.45622,1.50,1.69
2012.04.10 16:30:12.452,1.45589,1.45619,1.88,2.44
2012.04.10 16:30:12.856,1.45588,1.45615,1.13,2.25
2012.04.10 16:30:12.942,1.4558,1.45611,2.63,1.69
2012.04.10 16:30:13.512,1.4558,1.45611,2.82,1.50
2012.04.10 16:30:13.591,1.4558,1.45611,2.82,1.50
2012.04.10 16:30:13.678,1.4558,1.45611,2.44,1.50
2012.04.10 16:30:13.894,1.4558,1.45613,2.44,1.50
2012.04.10 16:30:13.967,1.4558,1.45613,2.44,1.50
2012.04.10 16:30:14.045,1.4558,1.45613,2.44,1.50
2012.04.10 16:30:15.202,1.45588,1.45615,1.32,1.50
2012.04.10 16:30:15.564,1.45588,1.45618,1.50,1.50
2012.04.10 16:30:15.781,1.45588,1.45618,1.13,1.50
2012.04.10 16:30:16.576,1.45587,1.45618,1.50,1.69
2012.04.10 16:30:16.664,1.45584,1.45614,1.13,1.50
2012.04.10 16:30:19.605,1.45582,1.45608,1.50,1.50
2012.04.10 16:30:19.957,1.45583,1.45611,1.13,1.50
2012.04.10 16:30:22.448,1.45583,1.45612,1.47,1.50
2012.04.10 16:30:23.556,1.45583,1.45612,1.47,1.50
2012.04.10 16:30:24.922,1.45583,1.4561,1.47,1.50
2012.04.10 16:30:25.071,1.45579,1.4561,1.80,1.69
2012.04.10 16:30:25.150,1.45578,1.4561,1.50,1.69
2012.04.10 16:30:25.366,1.45575,1.45607,2.22,2.25
2012.04.10 16:30:25.508,1.45577,1.45607,1.50,1.50
2012.04.10 16:30:26.101,1.45575,1.45604,2.55,2.25
2012.04.10 16:30:26.191,1.4557,1.45604,2.25,3.75
2012.04.10 16:30:26.702,1.45574,1.45604,2.25,1.69
2012.04.10 16:30:26.906,1.45574,1.45604,2.25,1.69
2012.04.10 16:30:27.416,1.45574,1.45604,2.63,1.50
2012.04.10 16:30:27.988,1.45574,1.45604,2.25,1.50
2012.04.10 16:30:30.000,1.45574,1.45604,2.44,1.50
2012.04.10 16:30:30.545,1.45574,1.45606,3.57,1.50
2012.04.10 16:30:31.543,1.45574,1.45606,4.05,1.88
2012.04.10 16:30:31.895,1.45571,1.45604,1.50,2.63
2012.04.10 16:30:32.267,1.4557,1.45604,3.94,2.25
2012.04.10 16:30:33.937,1.45571,1.45604,1.69,2.25
2012.04.10 16:30:34.009,1.45573,1.45604,1.69,2.25
2012.04.10 16:30:35.870,1.45574,1.45606,1.28,1.88
2012.04.10 16:30:36.486,1.45574,1.45606,1.28,1.88
2012.04.10 16:30:37.128,1.45575,1.45607,1.50,1.50
2012.04.10 16:30:37.773,1.45573,1.45603,1.50,2.25
2012.04.10 16:30:37.863,1.45568,1.456,3.57,2.18
2012.04.10 16:30:38.155,1.4557,1.456,1.69,2.18
2012.04.10 16:30:38.299,1.45571,1.45601,2.25,2.25
2012.04.10 16:30:38.595,1.45578,1.45605,1.50,1.50
2012.04.10 16:30:39.960,1.45578,1.45608,1.50,1.32
2012.04.10 16:30:40.248,1.45577,1.45605,1.50,1.13
2012.04.10 16:30:40.391,1.45574,1.45605,3.00,1.13
2012.04.10 16:30:40.658,1.45574,1.45606,3.19,1.13
2012.04.10 16:30:41.034,1.45574,1.45606,3.94,1.13
2012.04.10 16:30:41.534,1.45579,1.45606,1.50,1.13
2012.04.10 16:30:41.616,1.45575,1.45606,2.44,1.13
2012.04.10 16:30:41.898,1.45573,1.45602,1.69,2.25
2012.04.10 16:30:44.236,1.45573,1.45602,1.69,2.25
2012.04.10 16:30:44.776,1.45573,1.45602,1.50,2.25
2012.04.10 16:30:45.265,1.45573,1.45602,2.44,2.25
2012.04.10 16:30:45.355,1.45573,1.45602,2.44,2.25
2012.04.10 16:30:45.909,1.45576,1.45606,1.69,1.13
2012.04.10 16:30:46.249,1.45576,1.45606,1.69,1.13
2012.04.10 16:30:49.585,1.45576,1.45606,2.25,1.13
2012.04.10 16:30:49.656,1.45576,1.45609,2.44,2.63
2012.04.10 16:30:50.221,1.45579,1.4561,1.50,1.50
2012.04.10 16:30:53.473,1.45579,1.4561,1.69,2.18
2012.04.10 16:30:54.816,1.45579,1.4561,1.50,2.18
2012.04.10 16:30:55.379,1.45576,1.4561,2.25,3.68
2012.04.10 16:31:01.711,1.45574,1.45606,1.50,2.44
2012.04.10 16:31:01.928,1.45574,1.45606,1.50,2.44
2012.04.10 16:31:02.268,1.45573,1.45604,1.13,1.32
2012.04.10 16:31:02.347,1.45573,1.45601,1.13,1.50
2012.04.10 16:31:02.680,1.45571,1.45599,1.13,2.25
2012.04.10 16:31:02.895,1.45569,1.45599,1.50,2.25
2012.04.10 16:31:03.041,1.45567,1.45595,1.80,1.50
2012.04.10 16:31:03.117,1.45567,1.45594,1.43,2.25
2012.04.10 16:31:03.621,1.45564,1.45594,1.13,2.25
2012.04.10 16:31:04.789,1.45566,1.45598,1.50,2.25
2012.04.10 16:31:04.879,1.45569,1.45599,1.13,1.50
2012.04.10 16:31:05.556,1.45571,1.45603,2.25,2.25
2012.04.10 16:31:15.006,1.45573,1.45599,1.13,2.25
2012.04.10 16:31:16.432,1.45571,1.45599,1.13,2.25
2012.04.10 16:31:21.374,1.45571,1.456,1.13,2.25
2012.04.10 16:31:22.299,1.45571,1.456,1.13,2.25
2012.04.10 16:31:22.792,1.45566,1.45594,1.13,1.50
2012.04.10 16:31:22.872,1.45564,1.45594,1.50,1.50
2012.04.10 16:31:23.080,1.45562,1.45594,1.13,1.69
2012.04.10 16:31:23.957,1.45562,1.45594,1.13,1.50
2012.04.10 16:31:24.102,1.45561,1.45594,2.82,1.50
2012.04.10 16:31:24.184,1.45561,1.45593,2.82,1.50
2012.04.10 16:31:24.261,1.45561,1.45592,2.44,1.13
2012.04.10 16:31:24.417,1.45559,1.45588,1.32,1.50
2012.04.10 16:31:25.113,1.4556,1.45588,1.13,1.50
2012.04.10 16:31:25.544,1.45557,1.4559,2.07,3.75
2012.04.10 16:31:25.630,1.45558,1.4559,1.69,2.25
2012.04.10 16:31:25.991,1.45566,1.45595,2.25,1.50
2012.04.10 16:31:29.266,1.45567,1.45597,1.13,2.25
2012.04.10 16:31:30.797,1.45567,1.45597,1.13,1.50
2012.04.10 16:31:31.078,1.45569,1.45599,1.13,1.50
2012.04.10 16:31:31.765,1.45572,1.45604,2.25,3.19
2012.04.10 16:31:32.097,1.45572,1.45604,2.25,4.69
2012.04.10 16:31:33.847,1.4557,1.45602,2.74,3.00
2012.04.10 16:31:35.006,1.4557,1.45602,1.13,3.94
2012.04.10 16:31:40.424,1.45572,1.45602,1.50,3.00
2012.04.10 16:31:43.202,1.45572,1.45602,1.88,3.00
2012.04.10 16:31:43.549,1.45573,1.45605,1.13,3.94
2012.04.10 16:31:43.745,1.45576,1.45605,2.07,3.00
2012.04.10 16:31:44.417,1.45576,1.45605,1.32,3.00
2012.04.10 16:31:44.951,1.45576,1.45605,2.07,2.25
2012.04.10 16:31:45.085,1.45579,1.45605,1.13,1.50
2012.04.10 16:31:47.085,1.45578,1.45605,1.13,1.50
2012.04.10 16:31:47.895,1.4558,1.45609,2.18,3.75
2012.04.10 16:31:48.450,1.45579,1.45609,1.13,3.00
2012.04.10 16:31:49.093,1.45579,1.45608,1.13,1.50
2012.04.10 16:31:49.180,1.45576,1.45607,1.50,1.50
2012.04.10 16:31:49.258,1.45573,1.45604,1.88,2.44
2012.04.10 16:31:50.008,1.45572,1.45601,1.88,1.50
2012.04.10 16:31:50.262,1.45572,1.45601,1.50,1.50
2012.04.10 16:31:50.982,1.45572,1.45601,1.50,1.50
2012.04.10 16:31:51.063,1.45572,1.45605,4.32,2.25
2012.04.10 16:31:51.139,1.45576,1.45605,2.93,2.25
2012.04.10 16:31:51.489,1.45579,1.45609,2.18,2.07
2012.04.10 16:31:51.777,1.45579,1.45606,2.18,1.50
2012.04.10 16:31:52.260,1.45573,1.45605,3.00,3.19
2012.04.10 16:31:53.052,1.45571,1.45602,1.69,1.50
2012.04.10 16:31:53.973,1.45569,1.45602,4.13,3.00
2012.04.10 16:31:54.190,1.45571,1.45602,1.50,1.88
2012.04.10 16:31:54.985,1.45571,1.45602,2.18,2.63
2012.04.10 16:31:55.361,1.45576,1.45604,1.43,1.69
2012.04.10 16:31:55.444,1.45576,1.45607,2.37,3.38
2012.04.10 16:31:55.659,1.4558,1.45612,2.18,3.57
2012.04.10 16:31:55.740,1.45582,1.45612,1.50,2.63
2012.04.10 16:31:56.269,1.45582,1.45614,3.00,1.69
2012.04.10 16:31:56.769,1.45582,1.45613,3.00,1.50
2012.04.10 16:31:56.835,1.45582,1.45612,2.25,1.50
2012.04.10 16:31:56.910,1.45582,1.45611,1.50,2.25
2012.04.10 16:31:56.993,1.45582,1.45611,1.50,1.50
2012.04.10 16:31:57.722,1.45582,1.45613,1.50,1.50
2012.04.10 16:31:57.806,1.45582,1.45611,1.13,2.25
2012.04.10 16:31:57.967,1.45577,1.45607,3.15,1.50
2012.04.10 16:31:58.517,1.45577,1.45607,2.18,1.50
2012.04.10 16:31:58.967,1.45579,1.45607,1.50,1.50
2012.04.10 16:31:59.497,1.4558,1.45614,2.25,2.07
2012.04.10 16:31:59.634,1.4558,1.45614,2.25,2.07
2012.04.10 16:31:59.777,1.4558,1.45614,2.25,3.57
2012.04.10 16:31:59.847,1.4558,1.45613,2.25,1.69
2012.04.10 16:32:00.130,1.45581,1.45614,1.50,2.44
2012.04.10 16:32:00.207,1.45583,1.45614,1.50,1.50
2012.04.10 16:32:00.729,1.45585,1.45615,1.50,2.63
2012.04.10 16:32:02.297,1.45582,1.45614,1.50,1.69
2012.04.10 16:32:02.646,1.45582,1.45613,1.50,1.69
2012.04.10 16:32:03.389,1.45582,1.45613,1.50,2.07
2012.04.10 16:32:03.741,1.45582,1.45611,1.50,2.25
2012.04.10 16:32:04.486,1.45582,1.45611,1.50,1.50
2012.04.10 16:32:05.024,1.45582,1.45613,1.50,1.69
2012.04.10 16:32:05.325,1.45582,1.4561,1.50,1.50
2012.04.10 16:32:07.015,1.45582,1.45613,2.93,1.69
2012.04.10 16:32:08.196,1.45583,1.45613,1.13,2.25
2012.04.10 16:32:09.632,1.45583,1.45614,1.88,3.19
2012.04.10 16:32:10.002,1.4558,1.45609,1.13,3.00
2012.04.10 16:32:10.076,1.4558,1.45609,1.13,3.00
2012.04.10 16:32:10.800,1.45576,1.45609,3.38,3.00
2012.04.10 16:32:11.198,1.45576,1.45606,2.63,1.50
2012.04.10 16:32:11.631,1.45576,1.45606,1.13,2.25
2012.04.10 16:32:12.239,1.45577,1.45602,1.13,1.50
2012.04.10 16:32:12.325,1.45579,1.45606,1.09,1.50
2012.04.10 16:32:12.479,1.45581,1.45609,1.69,1.43
2012.04.10 16:32:12.550,1.45581,1.45615,1.69,1.50
2012.04.10 16:32:15.069,1.45583,1.45615,1.13,2.25
2012.04.10 16:32:16.269,1.45583,1.45614,1.13,1.85
2012.04.10 16:32:16.793,1.4558,1.45611,2.25,1.32
2012.04.10 16:32:16.887,1.45578,1.45609,1.65,2.25
2012.04.10 16:32:16.971,1.45582,1.45609,2.25,1.50
2012.04.10 16:32:17.126,1.45583,1.45614,1.13,1.50
2012.04.10 16:32:17.203,1.45583,1.45614,1.13,1.50
2012.04.10 16:32:17.736,1.45583,1.45614,1.13,1.50
2012.04.10 16:32:18.510,1.45583,1.45614,1.13,1.50
2012.04.10 16:32:18.746,1.45579,1.45607,1.09,1.50
2012.04.10 16:32:18.889,1.45575,1.45605,1.84,1.50
2012.04.10 16:32:18.965,1.45575,1.45605,1.50,1.50
2012.04.10 16:32:19.502,1.45575,1.45604,1.50,1.50
2012.04.10 16:32:21.127,1.45573,1.45604,1.73,2.25
2012.04.10 16:32:21.666,1.45573,1.45604,1.35,1.50
2012.04.10 16:32:27.830,1.45577,1.45608,1.13,3.00
2012.04.10 16:32:27.911,1.45579,1.45608,2.25,1.50
2012.04.10 16:32:28.062,1.45579,1.45609,3.38,1.50
2012.04.10 16:32:28.457,1.45576,1.45606,1.50,1.50
2012.04.10 16:32:28.818,1.45575,1.45606,1.32,1.50
2012.04.10 16:32:29.587,1.45575,1.45606,1.13,1.50
2012.04.10 16:32:30.366,1.45575,1.45606,1.13,2.25
2012.04.10 16:32:30.906,1.45574,1.45606,2.07,1.50
2012.04.10 16:32:33.436,1.45574,1.45606,2.07,2.25
2012.04.10 16:32:34.480,1.45574,1.45605,1.32,1.50
2012.04.10 16:32:34.555,1.45574,1.45605,1.32,1.50
2012.04.10 16:32:35.942,1.45573,1.45605,1.13,1.69
2012.04.10 16:32:36.090,1.45571,1.45603,1.88,1.69
2012.04.10 16:32:36.733,1.45569,1.45599,1.13,1.50
2012.04.10 16:32:36.889,1.45569,1.45599,1.13,1.69
2012.04.10 16:32:37.241,1.45566,1.45593,1.13,2.25
2012.04.10 16:32:37.466,1.45563,1.45593,1.35,1.50
2012.04.10 16:32:38.018,1.45565,1.45594,1.80,1.50
2012.04.10 16:32:38.457,1.45562,1.45591,1.35,1.50
2012.04.10 16:32:40.497,1.45562,1.45591,1.35,1.69
2012.04.10 16:32:40.928,1.45559,1.45584,1.65,2.25
2012.04.10 16:32:41.398,1.45554,1.45584,1.13,2.25
2012.04.10 16:32:41.472,1.45552,1.45584,1.88,3.00
2012.04.10 16:32:41.828,1.45553,1.45582,1.13,2.44
2012.04.10 16:32:42.176,1.45553,1.45581,1.13,1.69
2012.04.10 16:32:43.039,1.45551,1.45581,1.50,1.69
2012.04.10 16:32:43.726,1.45551,1.45581,1.50,1.69
2012.04.10 16:32:44.100,1.45551,1.45577,1.50,1.50
2012.04.10 16:32:46.167,1.4555,1.45577,1.13,1.69
2012.04.10 16:32:46.380,1.45547,1.45578,1.13,3.94
2012.04.10 16:32:46.599,1.45547,1.45578,1.13,3.94
2012.04.10 16:32:47.237,1.45546,1.45578,1.13,3.75
2012.04.10 16:32:47.827,1.45547,1.45578,1.13,3.94
2012.04.10 16:32:48.765,1.45547,1.45578,1.13,3.75
2012.04.10 16:32:49.522,1.45547,1.45578,1.13,3.94
2012.04.10 16:32:49.907,1.45547,1.45578,1.88,3.75
2012.04.10 16:32:51.779,1.45547,1.45578,1.88,3.75
2012.04.10 16:32:52.139,1.45547,1.45578,1.88,3.94
2012.04.10 16:32:52.777,1.45547,1.45578,1.88,3.75
2012.04.10 16:32:53.475,1.45547,1.45575,1.13,1.50
2012.04.10 16:32:58.564,1.45547,1.45575,1.13,1.50
2012.04.10 16:32:59.094,1.45547,1.45575,1.13,2.25
2012.04.10 16:32:59.877,1.45547,1.45575,1.13,1.50
2012.04.10 16:32:59.944,1.45547,1.45575,1.13,2.25
2012.04.10 16:33:00.519,1.45547,1.45577,1.88,1.50
2012.04.10 16:33:00.599,1.45546,1.45577,1.50,1.50
2012.04.10 16:33:01.113,1.45544,1.45578,1.50,3.57
2012.04.10 16:33:05.468,1.45544,1.45576,2.37,1.50
2012.04.10 16:33:05.808,1.45546,1.4557,1.50,1.50
2012.04.10 16:33:05.877,1.45546,1.45574,1.50,1.88
2012.04.10 16:33:06.699,1.45545,1.45574,2.44,1.50
2012.04.10 16:33:06.775,1.45545,1.45576,2.44,1.13
2012.04.10 16:33:06.925,1.45542,1.45573,1.50,1.50
2012.04.10 16:33:07.792,1.45542,1.45573,1.13,1.50
2012.04.10 16:33:08.147,1.45542,1.45571,1.13,1.50
2012.04.10 16:33:08.481,1.45539,1.45571,3.12,1.50
2012.04.10 16:33:09.342,1.45538,1.45571,3.87,2.25
2012.04.10 16:33:10.989,1.45538,1.45569,3.12,1.50
2012.04.10 16:33:15.667,1.45539,1.45571,2.18,2.25
2012.04.10 16:33:15.739,1.45541,1.45571,1.50,2.25
2012.04.10 16:33:20.696,1.45539,1.45571,1.50,2.25
2012.04.10 16:33:20.996,1.45538,1.45569,1.50,3.00
2012.04.10 16:33:21.138,1.45536,1.45567,4.24,1.50
2012.04.10 16:33:23.922,1.45537,1.45567,1.13,1.50
2012.04.10 16:33:24.055,1.45541,1.45569,2.18,1.50
2012.04.10 16:33:24.131,1.45541,1.45573,3.68,1.50
2012.04.10 16:33:24.208,1.45541,1.45573,3.68,1.50
2012.04.10 16:33:24.676,1.45541,1.45573,1.88,1.32
2012.04.10 16:33:24.967,1.45549,1.45576,2.93,1.48
2012.04.10 16:33:25.038,1.45549,1.45577,2.93,1.85
2012.04.10 16:33:25.463,1.45551,1.45577,1.50,1.50
2012.04.10 16:33:25.537,1.45553,1.45581,1.50,1.50
2012.04.10 16:33:27.300,1.45553,1.45581,1.13,1.50
2012.04.10 16:33:27.440,1.45551,1.45581,1.13,2.25
2012.04.10 16:33:27.529,1.45548,1.45575,3.00,1.50
2012.04.10 16:33:29.448,1.45545,1.45573,1.69,1.50
2012.04.10 16:33:29.786,1.45545,1.45575,1.50,2.18
2012.04.10 16:33:35.292,1.45548,1.45576,1.88,1.50
2012.04.10 16:33:35.387,1.4555,1.45579,1.50,2.25
2012.04.10 16:33:35.964,1.45555,1.45579,1.50,1.50
2012.04.10 16:33:36.066,1.45556,1.45584,2.25,1.50
2012.04.10 16:33:36.570,1.45556,1.45584,2.44,1.50
2012.04.10 16:33:38.749,1.45557,1.45588,1.69,3.00
2012.04.10 16:33:39.312,1.45561,1.45588,1.50,3.68
2012.04.10 16:33:39.683,1.45559,1.45591,2.63,1.69
2012.04.10 16:33:45.149,1.4556,1.45591,3.00,2.25
2012.04.10 16:33:45.296,1.4556,1.45589,2.25,1.50
2012.04.10 16:33:46.141,1.4556,1.4559,1.50,2.25
2012.04.10 16:33:46.479,1.45564,1.4559,1.13,1.50
2012.04.10 16:33:49.129,1.45563,1.4559,1.13,1.69
2012.04.10 16:33:50.238,1.45563,1.4559,1.13,1.69
2012.04.10 16:33:51.354,1.45564,1.45594,1.13,2.44
2012.04.10 16:33:52.001,1.45566,1.45594,1.50,1.69
2012.04.10 16:33:53.207,1.45566,1.45594,1.50,1.69
2012.04.10 16:33:56.445,1.45564,1.45594,1.13,2.44
2012.04.10 16:33:57.515,1.45563,1.45594,1.13,2.25
2012.04.10 16:34:00.465,1.45563,1.45594,1.13,2.44
2012.04.10 16:34:12.559,1.45563,1.45589,1.13,2.25
2012.04.10 16:34:12.734,1.45558,1.45586,1.13,1.69
2012.04.10 16:34:12.821,1.45553,1.45586,1.50,3.19
2012.04.10 16:34:14.020,1.45553,1.4558,1.13,2.25
2012.04.10 16:34:14.497,1.45551,1.45582,2.07,2.25
2012.04.10 16:34:15.048,1.45551,1.45582,2.07,2.25
2012.04.10 16:34:15.258,1.45551,1.45582,1.32,2.25
2012.04.10 16:34:15.738,1.45551,1.45582,1.32,2.25
2012.04.10 16:34:16.085,1.45551,1.45582,1.32,2.25
2012.04.10 16:34:17.175,1.45551,1.45582,1.13,2.25
2012.04.10 16:34:17.499,1.45551,1.45582,1.13,2.25
2012.04.10 16:34:18.133,1.45551,1.45582,1.13,2.25
2012.04.10 16:34:18.478,1.45554,1.45582,1.13,2.25
2012.04.10 16:34:18.687,1.45549,1.45579,1.88,1.69
2012.04.10 16:34:19.444,1.45548,1.45574,3.00,1.50
2012.04.10 16:34:19.528,1.45548,1.45574,1.50,1.50
2012.04.10 16:34:19.819,1.45547,1.45576,2.18,1.50
2012.04.10 16:34:20.619,1.45548,1.45576,2.44,1.50
2012.04.10 16:34:20.761,1.45548,1.45579,2.44,1.50
2012.04.10 16:34:21.491,1.45546,1.45577,2.25,1.69
2012.04.10 16:34:21.729,1.45548,1.45579,3.68,1.50
2012.04.10 16:34:22.820,1.45549,1.45577,2.44,1.50
2012.04.10 16:34:23.346,1.45549,1.45577,2.44,1.50
2012.04.10 16:34:23.706,1.45546,1.45576,1.69,1.50
2012.04.10 16:34:23.917,1.45545,1.45576,2.63,1.50
2012.04.10 16:34:25.616,1.45545,1.45578,2.63,3.19
2012.04.10 16:34:25.724,1.45549,1.45578,1.50,1.50
2012.04.10 16:34:25.806,1.45549,1.45581,1.50,1.88
2012.04.10 16:34:25.890,1.45549,1.45582,2.63,2.82
2012.04.10 16:34:26.201,1.45557,1.45582,1.50,1.50
2012.04.10 16:34:26.581,1.45557,1.45582,2.93,1.50
2012.04.10 16:34:26.665,1.45557,1.45586,2.93,1.50
2012.04.10 16:34:26.809,1.4556,1.4559,2.25,2.25
2012.04.10 16:34:27.674,1.4556,1.4559,2.25,2.25
2012.04.10 16:34:27.755,1.45555,1.45589,3.57,1.50
2012.04.10 16:34:28.503,1.45557,1.45588,2.18,1.69
2012.04.10 16:34:28.665,1.45558,1.45589,1.32,2.25
2012.04.10 16:34:28.821,1.45561,1.45591,1.09,3.75
2012.04.10 16:34:28.971,1.45563,1.45591,2.18,2.25
2012.04.10 16:34:29.467,1.45563,1.45591,1.43,3.19
2012.04.10 16:34:29.566,1.45559,1.45587,1.13,2.25
2012.04.10 16:34:29.643,1.45559,1.45587,1.50,2.25
2012.04.10 16:34:30.257,1.45559,1.45587,1.13,2.25
2012.04.10 16:34:31.891,1.45556,1.45587,1.13,2.25
2012.04.10 16:34:32.958,1.45555,1.45587,1.13,2.25
2012.04.10 16:34:34.227,1.45555,1.45583,1.13,2.25
2012.04.10 16:34:34.475,1.45555,1.45583,1.13,2.25
2012.04.10 16:34:35.298,1.45555,1.45587,2.55,2.25
2012.04.10 16:34:36.239,1.45555,1.45587,3.30,1.50
2012.04.10 16:34:41.179,1.45562,1.45587,1.50,1.50
2012.04.10 16:34:41.269,1.45558,1.45589,2.25,1.69
2012.04.10 16:34:41.648,1.45558,1.4559,1.50,1.69
2012.04.10 16:34:41.742,1.45556,1.45588,1.84,2.25
2012.04.10 16:34:42.103,1.45556,1.45584,1.13,1.50
2012.04.10 16:34:42.446,1.45558,1.45584,1.13,1.50
2012.04.10 16:34:42.701,1.4556,1.45588,1.13,2.25
2012.04.10 16:34:43.905,1.4556,1.45588,1.13,3.00
2012.04.10 16:34:44.263,1.4556,1.45585,1.13,1.50
2012.04.10 16:34:44.672,1.4556,1.45587,1.13,1.50
2012.04.10 16:34:45.402,1.4556,1.45589,1.13,1.50
2012.04.10 16:34:46.610,1.45562,1.45591,2.37,2.25
2012.04.10 16:34:46.700,1.45566,1.45593,1.50,2.25
2012.04.10 16:34:46.779,1.45566,1.45596,1.50,2.82
2012.04.10 16:34:46.852,1.45565,1.45596,2.18,2.82
2012.04.10 16:34:49.379,1.45564,1.45593,1.13,2.25
2012.04.10 16:34:49.466,1.45563,1.45593,1.50,2.44
2012.04.10 16:34:49.621,1.4556,1.4559,1.88,2.25
2012.04.10 16:34:49.773,1.45557,1.45589,1.50,1.69
2012.04.10 16:34:49.921,1.45557,1.45588,1.13,1.69
2012.04.10 16:34:50.001,1.45557,1.45587,1.13,1.69
2012.04.10 16:34:50.426,1.45555,1.45587,1.50,1.69
2012.04.10 16:34:51.190,1.45555,1.45588,2.25,2.44
2012.04.10 16:34:51.652,1.45562,1.45593,2.93,2.63
2012.04.10 16:34:52.330,1.45563,1.45593,1.13,2.25
2012.04.10 16:34:52.958,1.45558,1.45589,3.12,2.25
2012.04.10 16:34:53.287,1.45563,1.45592,2.18,1.50
2012.04.10 16:34:53.635,1.45563,1.45593,2.55,2.25
2012.04.10 16:34:56.907,1.45564,1.45593,1.13,2.25
2012.04.10 16:34:56.979,1.45563,1.45593,3.12,2.25
2012.04.10 16:34:57.325,1.45564,1.45593,1.32,2.25
2012.04.10 16:34:57.400,1.45563,1.45595,4.13,1.50
2012.04.10 16:34:57.550,1.45563,1.45598,4.13,4.88
2012.04.10 16:34:57.973,1.45564,1.45594,1.69,2.25
2012.04.10 16:34:58.785,1.45564,1.45597,3.57,2.25
2012.04.10 16:34:59.873,1.45564,1.45596,1.69,2.18
2012.04.10 16:34:59.958,1.45564,1.45588,1.50,1.50
2012.04.10 16:35:00.037,1.45558,1.45588,3.19,1.50
2012.04.10 16:35:00.574,1.45562,1.45593,1.50,3.68
2012.04.10 16:35:00.664,1.45563,1.45594,2.55,1.13
2012.04.10 16:35:00.819,1.45567,1.45597,1.13,1.50
2012.04.10 16:35:00.899,1.45568,1.45599,2.55,2.25
2012.04.10 16:35:01.038,1.45569,1.456,1.13,1.13
2012.04.10 16:35:01.109,1.45569,1.456,1.13,1.13
2012.04.10 16:35:01.320,1.45565,1.45599,2.44,1.13
2012.04.10 16:35:01.531,1.45564,1.45599,1.88,1.32
2012.04.10 16:35:01.761,1.45564,1.45595,1.50,2.37
2012.04.10 16:35:02.123,1.45562,1.45588,1.50,1.50
2012.04.10 16:35:02.211,1.45557,1.45588,2.40,1.50
2012.04.10 16:35:03.268,1.45557,1.45589,2.25,1.50
2012.04.10 16:35:03.740,1.45559,1.45589,1.69,1.50
2012.04.10 16:35:04.392,1.45559,1.45589,1.69,1.50
2012.04.10 16:35:06.907,1.4556,1.45589,2.18,1.50
2012.04.10 16:35:06.980,1.4556,1.45592,2.18,1.13
2012.04.10 16:35:07.459,1.45562,1.45592,1.50,1.13
2012.04.10 16:35:07.546,1.45562,1.45596,1.69,1.13
2012.04.10 16:35:09.833,1.45561,1.45597,1.69,1.88
2012.04.10 16:35:09.999,1.4556,1.45594,2.93,1.69
2012.04.10 16:35:12.424,1.45558,1.45588,1.88,1.50
2012.04.10 16:35:12.977,1.45556,1.45587,1.69,1.50
2012.04.10 16:35:13.992,1.45556,1.45587,1.69,1.50
2012.04.10 16:35:15.147,1.45556,1.45587,1.69,1.50
2012.04.10 16:35:17.918,1.45556,1.45587,1.50,1.32
2012.04.10 16:35:18.136,1.4555,1.45583,1.43,1.50
2012.04.10 16:35:18.665,1.45549,1.45581,1.65,1.50
2012.04.10 16:35:19.435,1.45549,1.45581,1.84,1.50
2012.04.10 16:35:20.430,1.45549,1.45583,3.87,1.32
2012.04.10 16:35:20.510,1.45549,1.45578,3.12,1.50
2012.04.10 16:35:21.970,1.45549,1.45579,1.69,1.50
2012.04.10 16:35:22.072,1.45552,1.45583,2.18,1.13
2012.04.10 16:35:24.360,1.45553,1.45583,2.07,1.13
2012.04.10 16:35:25.409,1.45553,1.45583,2.07,1.13
2012.04.10 16:35:26.968,1.45552,1.45584,1.69,3.00
2012.04.10 16:35:27.450,1.45549,1.4558,2.07,2.25
2012.04.10 16:35:28.098,1.45553,1.45581,1.50,1.13
2012.04.10 16:35:28.448,1.45549,1.45579,1.69,2.25
2012.04.10 16:35:29.229,1.45547,1.45579,1.69,2.25
2012.04.10 16:35:30.718,1.45549,1.45579,1.50,2.25
2012.04.10 16:35:31.273,1.4555,1.45581,1.69,2.25
2012.04.10 16:35:31.648,1.45551,1.45584,1.69,3.38
2012.04.10 16:35:31.860,1.45554,1.45584,1.32,1.88
2012.04.10 16:35:33.480,1.45554,1.45584,1.32,1.50
2012.04.10 16:35:34.232,1.45557,1.45584,1.50,1.50
2012.04.10 16:35:36.124,1.45555,1.45584,2.25,1.50
2012.04.10 16:35:36.642,1.45554,1.45578,1.32,1.50
2012.04.10 16:35:36.928,1.45554,1.45582,1.32,1.50
2012.04.10 16:35:37.067,1.45554,1.45583,1.32,1.13
2012.04.10 16:35:38.257,1.45554,1.45583,1.13,1.13
2012.04.10 16:35:38.468,1.45551,1.45581,1.69,1.50
2012.04.10 16:35:38.601,1.4555,1.45581,1.50,1.50
2012.04.10 16:35:39.192,1.45549,1.4558,1.13,1.13
2012.04.10 16:35:40.809,1.45548,1.45577,1.69,1.50
2012.04.10 16:35:41.405,1.45548,1.4558,1.69,1.88
2012.04.10 16:35:41.717,1.45543,1.45574,2.48,2.44
2012.04.10 16:35:41.868,1.45543,1.45568,1.50,1.50
2012.04.10 16:35:42.351,1.45541,1.45568,1.50,1.50
2012.04.10 16:35:42.446,1.45543,1.45568,1.50,1.50
2012.04.10 16:35:42.931,1.4554,1.45568,1.50,1.50
2012.04.10 16:35:47.277,1.45538,1.45568,1.13,1.50
2012.04.10 16:35:55.634,1.45538,1.45568,1.13,2.25
2012.04.10 16:35:55.776,1.45541,1.45568,2.18,1.50
2012.04.10 16:35:55.847,1.45542,1.45569,1.50,3.00
2012.04.10 16:35:56.846,1.45542,1.45569,1.50,2.25
2012.04.10 16:35:59.019,1.45542,1.45571,1.50,1.50
2012.04.10 16:35:59.797,1.45541,1.45571,2.18,1.50
2012.04.10 16:36:00.005,1.4554,1.45568,2.25,1.50
2012.04.10 16:36:02.712,1.4555,1.45574,1.43,1.50
2012.04.10 16:36:02.789,1.45547,1.45574,1.50,1.50
2012.04.10 16:36:02.995,1.45545,1.4557,1.80,2.25
2012.04.10 16:36:03.349,1.45543,1.4557,1.13,2.44
2012.04.10 16:36:04.053,1.45544,1.45572,1.50,1.50
2012.04.10 16:36:04.296,1.45546,1.45579,2.59,2.25
2012.04.10 16:36:05.447,1.45549,1.45582,2.25,2.44
2012.04.10 16:36:08.218,1.45551,1.45582,2.93,1.50
2012.04.10 16:36:08.421,1.45551,1.45582,2.93,1.50
2012.04.10 16:36:08.925,1.45553,1.45584,2.63,1.69
2012.04.10 16:36:09.015,1.45553,1.45585,2.63,1.69
2012.04.10 16:36:09.095,1.45557,1.45585,1.50,1.50
2012.04.10 16:36:09.242,1.45557,1.45585,1.50,1.50
2012.04.10 16:36:09.319,1.45553,1.45583,1.50,2.25
2012.04.10 16:36:09.389,1.45554,1.45583,1.50,1.50
2012.04.10 16:36:11.299,1.45555,1.45583,1.50,1.50
2012.04.10 16:36:11.646,1.45556,1.45587,2.18,1.32
2012.04.10 16:36:12.309,1.45555,1.45587,3.00,1.13
2012.04.10 16:36:12.380,1.45557,1.45587,1.50,1.88
2012.04.10 16:36:12.909,1.45555,1.45585,2.25,1.69
2012.04.10 16:36:13.128,1.45554,1.45584,1.13,3.19
2012.04.10 16:36:14.467,1.45555,1.45584,1.50,2.44
2012.04.10 16:36:15.130,1.45552,1.45584,3.00,2.44
2012.04.10 16:36:15.522,1.45555,1.45584,1.50,2.44
2012.04.10 16:36:15.599,1.45552,1.45583,4.43,1.50
2012.04.10 16:36:16.278,1.45552,1.45584,4.62,1.50
2012.04.10 16:36:19.184,1.45552,1.45584,2.25,3.19
2012.04.10 16:36:19.329,1.45552,1.45584,2.25,3.19
2012.04.10 16:36:26.455,1.4555,1.45579,1.50,1.50
2012.04.10 16:36:26.978,1.45549,1.45579,2.93,1.69
2012.04.10 16:36:27.614,1.45547,1.45577,4.80,1.69
2012.04.10 16:36:27.730,1.45546,1.45573,1.50,1.50
2012.04.10 16:36:28.557,1.45546,1.45577,1.50,3.19
2012.04.10 16:36:30.179,1.45546,1.45577,1.50,3.19
2012.04.10 16:36:31.187,1.45544,1.45576,2.55,1.69
2012.04.10 16:36:32.843,1.45543,1.45577,1.13,5.18
2012.04.10 16:36:34.819,1.45543,1.45574,1.13,1.50
2012.04.10 16:36:36.782,1.45544,1.45574,1.13,1.69
2012.04.10 16:36:37.518,1.45546,1.45574,1.13,1.50
2012.04.10 16:36:37.829,1.45552,1.4558,2.18,1.50
2012.04.10 16:36:38.632,1.45552,1.45584,3.68,2.25
2012.04.10 16:36:38.911,1.45549,1.45578,2.25,1.50
2012.04.10 16:36:39.868,1.45549,1.45578,2.25,1.50
2012.04.10 16:36:44.570,1.4555,1.4558,2.18,1.50
2012.04.10 16:36:49.259,1.4555,1.4558,2.18,1.69
2012.04.10 16:36:49.407,1.45544,1.45575,1.47,2.25
2012.04.10 16:36:49.794,1.45543,1.45575,3.38,2.25
2012.04.10 16:36:52.758,1.45543,1.45575,1.62,2.25
2012.04.10 16:37:00.943,1.45543,1.45575,1.62,3.00
2012.04.10 16:37:07.726,1.45544,1.45569,1.05,1.88
2012.04.10 16:37:09.067,1.45546,1.45571,1.13,1.13
2012.04.10 16:37:10.340,1.45545,1.45569,1.13,1.13
2012.04.10 16:37:11.167,1.45545,1.45569,1.13,1.13
2012.04.10 16:37:16.432,1.45545,1.45569,1.13,1.88
2012.04.10 16:37:20.512,1.45539,1.45568,1.13,1.88
2012.04.10 16:37:20.733,1.45539,1.45568,1.32,1.88
2012.04.10 16:37:21.836,1.4554,1.45568,1.32,1.88
2012.04.10 16:37:23.210,1.45538,1.45567,1.13,2.25
2012.04.10 16:37:23.439,1.45534,1.45563,2.18,1.69
2012.04.10 16:37:23.523,1.45533,1.45563,2.25,1.69
2012.04.10 16:37:24.237,1.45531,1.45559,1.88,2.25
2012.04.10 16:37:24.532,1.45533,1.45559,1.50,2.25
2012.04.10 16:37:24.619,1.4553,1.45557,1.50,1.13
2012.04.10 16:37:25.519,1.45531,1.45557,2.44,1.13
2012.04.10 16:37:29.308,1.45527,1.45557,3.00,1.13
2012.04.10 16:37:29.521,1.45527,1.45556,3.00,1.13
2012.04.10 16:37:29.810,1.45524,1.45556,1.69,2.63
2012.04.10 16:37:32.029,1.45523,1.45555,2.07,2.18
2012.04.10 16:37:32.227,1.45523,1.45555,1.69,2.18
2012.04.10 16:37:32.298,1.45523,1.45554,2.44,1.13
2012.04.10 16:37:32.865,1.45523,1.45554,2.44,1.13
2012.04.10 16:37:35.368,1.45527,1.45556,1.69,1.88
2012.04.10 16:37:35.525,1.45527,1.45558,3.19,1.50
2012.04.10 16:37:35.611,1.45527,1.45557,2.44,1.50
2012.04.10 16:37:35.997,1.45527,1.45559,3.94,3.38
2012.04.10 16:37:36.562,1.45529,1.45559,1.69,1.88
2012.04.10 16:37:36.912,1.45529,1.45559,2.44,1.88
2012.04.10 16:37:37.302,1.45529,1.45559,2.25,1.88
2012.04.10 16:37:37.486,1.45529,1.45559,2.25,1.88
2012.04.10 16:37:38.139,1.45529,1.45559,2.44,1.50
2012.04.10 16:37:40.639,1.45529,1.45559,2.44,1.50
2012.04.10 16:37:42.238,1.45529,1.45559,2.44,1.50
2012.04.10 16:37:45.450,1.45529,1.45559,2.44,1.50
2012.04.10 16:37:46.236,1.45529,1.45559,2.25,2.44
2012.04.10 16:37:47.787,1.45526,1.45559,1.50,2.44
2012.04.10 16:37:48.730,1.45526,1.45559,1.50,2.44
2012.04.10 16:37:49.516,1.45525,1.45557,3.68,1.50
2012.04.10 16:37:49.926,1.45526,1.45559,1.50,2.44
2012.04.10 16:37:50.060,1.45529,1.45559,1.13,1.50
2012.04.10 16:37:50.397,1.45527,1.45559,1.50,2.25
2012.04.10 16:37:51.255,1.45527,1.45559,1.13,2.44
2012.04.10 16:37:51.325,1.45529,1.45559,1.13,1.69
2012.04.10 16:37:51.650,1.45534,1.45564,2.18,3.19
2012.04.10 16:37:51.794,1.45534,1.45564,2.18,3.19
2012.04.10 16:37:55.468,1.45537,1.45564,1.50,2.25
2012.04.10 16:37:56.136,1.45536,1.45563,2.25,1.50
2012.04.10 16:37:56.233,1.45532,1.45557,1.28,1.50
2012.04.10 16:37:56.320,1.45531,1.45557,1.13,1.50
2012.04.10 16:37:56.837,1.45528,1.4556,3.19,1.50
2012.04.10 16:37:57.681,1.45529,1.4556,2.25,1.69
2012.04.10 16:37:57.970,1.45532,1.45561,1.50,1.50
2012.04.10 16:37:58.050,1.45532,1.45562,1.50,2.82
2012.04.10 16:37:58.703,1.45532,1.45562,1.50,2.82
2012.04.10 16:38:01.842,1.45531,1.45559,1.13,2.25
2012.04.10 16:38:02.439,1.45529,1.45555,2.25,2.44
2012.04.10 16:38:02.568,1.45525,1.45555,1.28,1.50
2012.04.10 16:38:04.070,1.45525,1.45556,1.28,2.25
2012.04.10 16:38:04.953,1.45526,1.45558,2.25,3.00
2012.04.10 16:38:06.088,1.45523,1.45556,2.63,2.44
2012.04.10 16:38:06.802,1.45523,1.45555,2.82,2.18
2012.04.10 16:38:07.039,1.45524,1.45556,1.13,2.25
2012.04.10 16:38:07.577,1.45527,1.45557,1.50,1.88
2012.04.10 16:38:08.100,1.45524,1.45553,2.63,1.50
2012.04.10 16:38:08.406,1.45516,1.4555,1.65,1.50
2012.04.10 16:38:09.026,1.45516,1.45545,1.50,2.25
2012.04.10 16:38:10.276,1.45516,1.45545,1.50,2.25
2012.04.10 16:38:10.997,1.45516,1.45544,1.50,1.50
2012.04.10 16:38:11.750,1.4551,1.45539,2.25,1.50
2012.04.10 16:38:11.855,1.45507,1.45538,1.32,2.25
2012.04.10 16:38:12.201,1.45513,1.45541,1.32,1.13
2012.04.10 16:38:12.660,1.45512,1.45541,2.44,1.13
2012.04.10 16:38:13.489,1.45512,1.45543,2.44,1.50
2012.04.10 16:38:13.779,1.45515,1.45544,1.43,2.25
2012.04.10 16:38:14.502,1.45515,1.45543,2.18,1.50
2012.04.10 16:38:15.107,1.45517,1.45545,1.50,1.50
2012.04.10 16:38:15.560,1.45517,1.45543,1.50,2.25
2012.04.10 16:38:17.171,1.45517,1.45543,1.50,1.50
2012.04.10 16:38:17.258,1.45514,1.45541,1.50,1.50
2012.04.10 16:38:17.402,1.45512,1.45543,2.25,2.25
2012.04.10 16:38:18.159,1.45512,1.45543,2.25,1.50
2012.04.10 16:38:18.649,1.45515,1.45547,4.43,3.38
2012.04.10 16:38:19.220,1.45523,1.45551,1.43,2.25
2012.04.10 16:38:19.695,1.45523,1.45551,1.62,2.25
2012.04.10 16:38:19.845,1.45521,1.45553,2.82,2.25
2012.04.10 16:38:20.701,1.45521,1.45553,2.44,2.25
2012.04.10 16:38:25.189,1.45521,1.45553,2.44,2.25
2012.04.10 16:38:25.356,1.45521,1.45553,2.25,3.19
2012.04.10 16:38:27.795,1.45521,1.45553,3.00,2.25
2012.04.10 16:38:28.217,1.45521,1.45553,2.25,3.94
2012.04.10 16:38:28.918,1.45521,1.45548,1.50,1.13
2012.04.10 16:38:29.017,1.45522,1.45551,3.94,1.13
2012.04.10 16:38:29.090,1.45522,1.45551,3.94,1.13
2012.04.10 16:38:30.585,1.45522,1.45552,2.44,1.13
2012.04.10 16:38:43.877,1.45522,1.45553,2.25,5.63
2012.04.10 16:38:43.947,1.45522,1.45553,2.25,4.88
2012.04.10 16:38:44.088,1.45522,1.45551,2.25,1.50
2012.04.10 16:38:47.339,1.45522,1.45551,2.25,1.13
2012.04.10 16:38:47.842,1.45522,1.45553,2.25,4.50
2012.04.10 16:38:49.209,1.45522,1.45554,3.38,2.25
2012.04.10 16:38:49.366,1.4553,1.45554,1.50,1.50
2012.04.10 16:38:49.591,1.45532,1.45561,1.50,1.50
2012.04.10 16:38:50.320,1.45532,1.45562,1.50,2.25
2012.04.10 16:38:51.723,1.45528,1.45561,4.99,1.50
2012.04.10 16:38:51.799,1.45528,1.45558,4.99,1.50
2012.04.10 16:38:53.565,1.45528,1.45558,2.44,1.50
2012.04.10 16:38:54.818,1.45528,1.45558,2.25,1.50
2012.04.10 16:38:55.031,1.45528,1.45556,1.50,1.13
2012.04.10 16:38:55.334,1.45523,1.45554,2.82,1.50
2012.04.10 16:38:56.727,1.45523,1.45554,2.44,1.50
2012.04.10 16:38:58.094,1.45523,1.45554,2.44,1.50
2012.04.10 16:38:59.561,1.45523,1.45554,2.44,1.50
2012.04.10 16:38:59.712,1.45526,1.45554,2.18,1.50
2012.04.10 16:38:59.869,1.45532,1.45556,2.18,2.25
2012.04.10 16:39:00.022,1.45528,1.45559,2.82,1.50
2012.04.10 16:39:00.106,1.45528,1.45557,2.82,1.50
2012.04.10 16:39:01.015,1.45525,1.45557,1.65,3.38
2012.04.10 16:39:01.096,1.45529,1.45557,2.25,1.50
2012.04.10 16:39:01.242,1.45532,1.45561,2.37,1.13
2012.04.10 16:39:01.321,1.45532,1.45563,3.12,1.50
2012.04.10 16:39:01.398,1.45532,1.45563,3.12,1.50
2012.04.10 16:39:01.929,1.45533,1.45563,2.44,1.50
2012.04.10 16:39:02.476,1.45539,1.45565,1.43,1.13
2012.04.10 16:39:02.827,1.45539,1.45568,1.43,1.50
2012.04.10 16:39:02.926,1.45537,1.45568,1.50,1.50
2012.04.10 16:39:03.992,1.45537,1.45568,1.50,1.69
2012.04.10 16:39:04.570,1.45536,1.45568,1.50,1.50
2012.04.10 16:39:06.682,1.45534,1.45568,3.38,2.44
2012.04.10 16:39:13.367,1.45534,1.45564,2.44,1.50
2012.04.10 16:39:14.984,1.45539,1.45564,1.43,1.50
2012.04.10 16:39:15.132,1.45534,1.45564,2.25,1.50
2012.04.10 16:39:15.348,1.45535,1.45566,1.50,1.50
2012.04.10 16:39:15.777,1.45538,1.45564,1.43,1.50
2012.04.10 16:39:15.856,1.45533,1.45564,1.99,1.50
2012.04.10 16:39:16.717,1.45531,1.45564,1.69,1.50
2012.04.10 16:39:18.960,1.45531,1.45564,1.69,1.50
2012.04.10 16:39:20.335,1.45531,1.45564,2.37,1.50
2012.04.10 16:39:21.102,1.45532,1.45563,1.32,1.50
2012.04.10 16:39:21.251,1.45532,1.45563,1.69,1.50
2012.04.10 16:39:22.136,1.45532,1.45564,1.69,3.00
2012.04.10 16:39:24.122,1.45533,1.45563,2.37,1.50
2012.04.10 16:39:24.655,1.45533,1.45565,2.74,1.50
2012.04.10 16:39:24.731,1.45534,1.45565,1.32,1.50
2012.04.10 16:39:24.820,1.45534,1.45565,2.82,1.50
2012.04.10 16:39:25.338,1.45534,1.45569,2.44,2.25
2012.04.10 16:39:28.258,1.45538,1.45568,1.50,2.25
2012.04.10 16:39:28.385,1.45538,1.45568,1.50,2.25
2012.04.10 16:39:28.533,1.45538,1.45568,2.18,3.00
2012.04.10 16:39:28.607,1.45537,1.45568,1.69,3.00
2012.04.10 16:39:31.946,1.45534,1.45568,2.07,2.25
2012.04.10 16:39:32.136,1.45538,1.45568,1.69,2.25
2012.04.10 16:39:35.278,1.45537,1.45568,1.13,3.00
2012.04.10 16:39:35.346,1.45536,1.45568,2.18,3.75
2012.04.10 16:39:35.420,1.45535,1.45568,1.50,3.94
2012.04.10 16:39:35.634,1.45533,1.45563,1.50,1.50
2012.04.10 16:39:35.710,1.45535,1.45563,2.18,1.50
2012.04.10 16:39:36.086,1.45535,1.45566,3.12,1.50
2012.04.10 16:39:36.298,1.45534,1.45567,2.74,1.13
2012.04.10 16:39:36.374,1.45536,1.45567,2.18,1.13
2012.04.10 16:39:37.340,1.45535,1.45568,2.37,1.50
2012.04.10 16:39:37.487,1.45535,1.45567,2.93,1.50
2012.04.10 16:39:38.620,1.45535,1.45567,2.93,1.50
2012.04.10 16:39:40.995,1.45535,1.45563,1.69,1.50
2012.04.10 16:39:41.914,1.45535,1.45565,3.12,1.50
2012.04.10 16:39:42.231,1.45535,1.45565,3.12,1.88
2012.04.10 16:39:42.442,1.45537,1.45566,2.37,1.13
2012.04.10 16:39:42.518,1.45539,1.45566,1.50,1.13
2012.04.10 16:39:42.947,1.45535,1.45566,3.87,1.13
2012.04.10 16:39:43.015,1.45535,1.45566,3.87,1.13
2012.04.10 16:39:43.938,1.4554,1.45566,1.50,1.13
2012.04.10 16:39:44.366,1.45537,1.45566,1.50,1.13
2012.04.10 16:39:45.257,1.45534,1.45566,1.50,3.00
2012.04.10 16:39:45.867,1.45536,1.45565,1.50,1.13
2012.04.10 16:39:46.716,1.45533,1.45565,1.50,1.13
2012.04.10 16:39:47.699,1.45533,1.45566,2.25,2.63
2012.04.10 16:39:48.314,1.45537,1.45566,1.50,1.50
2012.04.10 16:39:50.828,1.45536,1.45566,1.69,2.25
2012.04.10 16:39:51.377,1.45533,1.45562,1.50,1.50
2012.04.10 16:39:51.472,1.45531,1.45559,2.25,1.50
2012.04.10 16:39:51.689,1.45528,1.45559,1.50,1.50
2012.04.10 16:39:52.225,1.45528,1.45559,1.50,1.50
2012.04.10 16:39:52.745,1.45528,1.45559,1.69,2.25
2012.04.10 16:39:56.791,1.45528,1.45557,1.69,2.23
2012.04.10 16:39:56.876,1.45528,1.4555,1.50,1.50
2012.04.10 16:39:57.390,1.45528,1.45554,1.50,1.69
2012.04.10 16:39:57.489,1.45523,1.45549,1.43,1.88
2012.04.10 16:39:57.561,1.4552,1.45551,2.25,1.50
2012.04.10 16:39:57.640,1.4552,1.45551,2.44,1.50
2012.04.10 16:39:57.711,1.45521,1.45554,2.44,1.88
2012.04.10 16:39:58.226,1.45521,1.45554,2.44,1.88
2012.04.10 16:39:58.308,1.45522,1.45554,1.69,1.13
2012.04.10 16:39:58.659,1.45528,1.45557,1.13,2.25
2012.04.10 16:39:59.000,1.45524,1.45553,1.88,2.25
2012.04.10 16:39:59.540,1.45521,1.45554,2.25,3.00
2012.04.10 16:39:59.619,1.45521,1.45554,2.25,2.25
2012.04.10 16:39:59.996,1.45521,1.45554,2.25,3.00
2012.04.10 16:40:00.886,1.45521,1.45552,2.25,1.50
2012.04.10 16:40:01.666,1.4552,1.45551,2.03,1.50
2012.04.10 16:40:02.138,1.4552,1.45551,2.03,1.50
2012.04.10 16:40:03.036,1.4552,1.45551,2.03,1.50
2012.04.10 16:40:05.655,1.45517,1.45551,2.22,2.25
2012.04.10 16:40:05.733,1.45518,1.45551,1.69,1.50
2012.04.10 16:40:06.298,1.45518,1.45551,3.12,2.25
2012.04.10 16:40:06.954,1.45518,1.45551,3.12,1.50
2012.04.10 16:40:08.448,1.45522,1.45551,1.47,1.50
2012.04.10 16:40:08.659,1.45528,1.45553,2.18,1.50
2012.04.10 16:40:09.072,1.45529,1.45559,1.50,1.69
2012.04.10 16:40:09.179,1.45526,1.45558,1.88,2.82
2012.04.10 16:40:09.459,1.45526,1.45555,1.88,1.50
2012.04.10 16:40:10.382,1.45523,1.45553,2.63,1.50
2012.04.10 16:40:10.900,1.45523,1.45553,1.13,3.00
2012.04.10 16:40:11.958,1.45523,1.45549,1.13,2.25
2012.04.10 16:40:12.032,1.45518,1.45549,1.69,2.25
2012.04.10 16:40:12.558,1.45518,1.45548,1.69,1.50
2012.04.10 16:40:13.614,1.45518,1.4555,3.19,2.25
2012.04.10 16:40:14.192,1.45518,1.45548,1.69,1.50
2012.04.10 16:40:17.197,1.45519,1.45548,1.32,1.50
2012.04.10 16:40:17.408,1.45522,1.45552,1.50,1.50
2012.04.10 16:40:18.738,1.45523,1.45554,1.13,1.69
2012.04.10 16:40:19.343,1.45526,1.45556,1.50,1.69
2012.04.10 16:40:19.439,1.45524,1.45555,1.13,1.69
2012.04.10 16:40:19.874,1.45526,1.45555,1.13,1.50
2012.04.10 16:40:19.951,1.45526,1.45556,1.88,2.25
2012.04.10 16:40:20.506,1.45531,1.45556,1.50,1.50
2012.04.10 16:40:23.016,1.45529,1.45558,1.13,1.88
2012.04.10 16:40:24.296,1.45529,1.45559,1.50,2.44
2012.04.10 16:40:24.727,1.45532,1.45559,2.18,2.44
2012.04.10 16:40:25.081,1.45536,1.45565,3.12,1.50
2012.04.10 16:40:25.159,1.45536,1.45567,3.12,1.88
2012.04.10 16:40:25.975,1.45539,1.45572,1.69,1.88
2012.04.10 16:40:26.192,1.45543,1.45572,2.18,1.50
2012.04.10 16:40:26.549,1.45542,1.45572,1.50,1.50
2012.04.10 16:40:26.698,1.45542,1.4557,1.50,1.50
2012.04.10 16:40:27.027,1.45542,1.45567,1.50,1.50
2012.04.10 16:40:27.381,1.45538,1.45564,1.43,3.19
2012.04.10 16:40:27.897,1.45531,1.45564,2.63,3.19
2012.04.10 16:40:30.221,1.4553,1.45559,2.40,1.69
2012.04.10 16:40:30.571,1.45527,1.45559,1.50,2.44
2012.04.10 16:40:32.692,1.45527,1.45557,2.25,1.13
2012.04.10 16:40:32.918,1.4554,1.45565,1.50,1.66
2012.04.10 16:40:32.993,1.45543,1.45565,1.43,1.10
2012.04.10 16:40:33.081,1.45543,1.45565,2.18,1.10
2012.04.10 16:40:33.438,1.45545,1.45573,1.50,3.00
2012.04.10 16:40:33.728,1.45543,1.4557,1.43,2.44
2012.04.10 16:40:34.232,1.45541,1.4557,1.50,2.44
2012.04.10 16:40:34.464,1.45546,1.4557,1.50,1.50
2012.04.10 16:40:34.627,1.45549,1.45578,1.62,1.10
2012.04.10 16:40:34.706,1.45549,1.4558,3.12,3.75
2012.04.10 16:40:35.000,1.45549,1.45579,1.13,1.50
2012.04.10 16:40:37.658,1.45547,1.45578,1.13,2.25
2012.04.10 16:40:38.268,1.45543,1.45574,3.68,2.25
2012.04.10 16:40:38.348,1.45551,1.45579,1.50,1.88
2012.04.10 16:40:38.847,1.4555,1.4558,1.50,1.13
2012.04.10 16:40:40.134,1.45549,1.4558,2.44,1.50
2012.04.10 16:40:40.506,1.45551,1.45582,1.50,2.25
2012.04.10 16:40:42.890,1.45551,1.4558,2.18,1.50
2012.04.10 16:40:43.357,1.45547,1.45579,2.55,2.44
2012.04.10 16:40:43.528,1.45552,1.45578,2.18,1.50
2012.04.10 16:40:43.879,1.45549,1.45578,3.87,1.50
2012.04.10 16:40:44.406,1.45549,1.45578,3.68,1.50
2012.04.10 16:40:44.710,1.45549,1.4558,2.18,2.25
2012.04.10 16:40:45.068,1.45554,1.45583,1.50,1.50
2012.04.10 16:40:45.139,1.45554,1.45583,1.50,1.50
2012.04.10 16:40:45.277,1.45554,1.45577,1.50,1.50
2012.04.10 16:40:45.489,1.45549,1.45577,2.18,1.50
2012.04.10 16:40:46.534,1.45549,1.45578,2.55,1.50
2012.04.10 16:40:46.927,1.4555,1.45579,1.69,2.25
2012.04.10 16:40:50.357,1.4555,1.45579,1.69,2.25
2012.04.10 16:40:50.924,1.45551,1.45579,3.12,1.50
2012.04.10 16:40:51.292,1.45553,1.45583,2.25,1.50
2012.04.10 16:40:52.112,1.45554,1.45583,1.43,1.50
2012.04.10 16:40:53.678,1.45554,1.45583,2.18,1.50
2012.04.10 16:40:54.032,1.45559,1.45589,1.13,1.50
2012.04.10 16:40:54.576,1.45559,1.45591,1.13,1.69
2012.04.10 16:40:55.830,1.45558,1.45591,1.13,1.50
2012.04.10 16:40:56.806,1.45559,1.45591,1.32,1.50
2012.04.10 16:40:57.255,1.45559,1.45591,1.32,1.50
2012.04.10 16:40:59.326,1.45556,1.45585,1.32,2.25
2012.04.10 16:40:59.777,1.45554,1.45582,1.50,2.25
2012.04.10 16:40:59.859,1.45553,1.45582,1.13,2.25
2012.04.10 16:41:00.888,1.45554,1.45586,1.13,2.25
2012.04.10 16:41:01.103,1.45557,1.45584,1.50,1.50
2012.04.10 16:41:06.899,1.45554,1.45586,1.88,2.44
2012.04.10 16:41:06.975,1.45553,1.4558,3.00,1.50
2012.04.10 16:41:07.549,1.45551,1.4558,1.13,1.69
2012.04.10 16:41:08.261,1.45556,1.45586,1.50,1.69
2012.04.10 16:41:08.732,1.45554,1.45583,1.88,1.50
2012.04.10 16:41:09.020,1.45554,1.45586,1.88,3.19
2012.04.10 16:41:09.926,1.45562,1.45586,2.25,1.50
2012.04.10 16:41:10.016,1.45564,1.45594,2.25,1.85
2012.04.10 16:41:10.229,1.45567,1.45598,1.50,2.44
2012.04.10 16:41:10.439,1.45567,1.45598,1.50,2.44
2012.04.10 16:41:10.582,1.45564,1.45597,2.63,1.50
2012.04.10 16:41:10.947,1.45564,1.45589,1.13,1.50
2012.04.10 16:41:11.465,1.45562,1.45589,1.13,1.69
2012.04.10 16:41:11.961,1.4556,1.45589,2.97,1.69
2012.04.10 16:41:12.039,1.45562,1.45589,1.13,1.50
2012.04.10 16:41:12.113,1.45562,1.4559,1.13,1.50
2012.04.10 16:41:12.399,1.45565,1.45594,1.13,1.69
2012.04.10 16:41:12.685,1.45567,1.45598,1.50,1.69
2012.04.10 16:41:13.251,1.45564,1.45594,2.63,1.13
2012.04.10 16:41:15.633,1.45569,1.45599,1.50,2.44
2012.04.10 16:41:15.815,1.45572,1.45601,1.50,1.32
2012.04.10 16:41:16.131,1.45572,1.456,1.50,1.50
2012.04.10 16:41:16.361,1.45569,1.45596,1.50,1.69
2012.04.10 16:41:16.512,1.45567,1.45596,2.25,1.69
2012.04.10 16:41:17.124,1.45565,1.45596,2.25,2.25
2012.04.10 16:41:17.548,1.45565,1.45594,1.50,1.69
2012.04.10 16:41:17.620,1.45563,1.45594,2.25,3.19
2012.04.10 16:41:19.455,1.45562,1.4559,1.13,1.69
2012.04.10 16:41:21.456,1.45561,1.4559,2.25,1.69
2012.04.10 16:41:21.535,1.45559,1.45586,1.50,1.50
2012.04.10 16:41:22.006,1.45557,1.45587,1.88,1.50
2012.04.10 16:41:22.781,1.45557,1.45585,2.63,1.69
2012.04.10 16:41:23.501,1.45557,1.45587,2.63,3.00
2012.04.10 16:41:24.141,1.45554,1.45583,2.18,1.69
2012.04.10 16:41:24.426,1.45552,1.45583,3.75,1.69
2012.04.10 16:41:26.146,1.45552,1.45583,1.13,3.00
2012.04.10 16:41:26.663,1.4555,1.45581,1.88,1.50
2012.04.10 16:41:27.346,1.4555,1.45581,1.13,1.50
2012.04.10 16:41:27.492,1.45549,1.45582,3.30,2.25
2012.04.10 16:41:27.575,1.4555,1.45582,1.32,1.50
2012.04.10 16:41:27.657,1.4555,1.45582,1.32,2.25
2012.04.10 16:41:27.890,1.45553,1.45582,1.13,2.25
2012.04.10 16:41:27.963,1.4555,1.45578,2.82,1.50
2012.04.10 16:41:28.185,1.45551,1.45582,2.07,1.50
2012.04.10 16:41:28.702,1.45553,1.45584,1.88,1.50
2012.04.10 16:41:28.794,1.45556,1.45584,1.50,1.50
2012.04.10 16:41:29.331,1.45553,1.45584,1.32,1.50
2012.04.10 16:41:32.777,1.45553,1.45583,2.07,1.50
2012.04.10 16:41:33.325,1.45556,1.45586,2.25,1.13
2012.04.10 16:41:33.585,1.45556,1.45587,2.44,1.13
2012.04.10 16:41:33.941,1.45555,1.45587,2.44,2.63
2012.04.10 16:41:34.369,1.45555,1.45586,1.50,2.63
2012.04.10 16:41:34.439,1.45553,1.45584,2.63,1.50
2012.04.10 16:41:35.004,1.45553,1.45585,2.63,1.50
2012.04.10 16:41:35.092,1.45554,1.45581,2.18,1.50
2012.04.10 16:41:35.455,1.45554,1.45581,2.18,1.50
2012.04.10 16:41:35.672,1.45554,1.45585,2.18,3.00
2012.04.10 16:41:37.321,1.45554,1.45585,2.37,2.25
2012.04.10 16:41:38.218,1.45555,1.45586,1.69,1.50
2012.04.10 16:41:38.808,1.45556,1.45586,1.50,1.50
2012.04.10 16:41:38.884,1.45556,1.45587,2.25,2.25
2012.04.10 16:41:38.961,1.45556,1.45587,2.25,3.00
2012.04.10 16:41:39.239,1.45553,1.45585,2.74,2.25
2012.04.10 16:41:39.403,1.45554,1.45585,2.37,2.25
2012.04.10 16:41:39.669,1.45554,1.45583,1.43,1.50
2012.04.10 16:41:39.876,1.45552,1.45579,2.25,1.50
2012.04.10 16:41:40.019,1.45552,1.45577,1.50,1.50
2012.04.10 16:41:40.167,1.45548,1.45578,2.25,1.50
2012.04.10 16:41:40.575,1.45549,1.45581,2.25,2.44
2012.04.10 16:41:40.788,1.45552,1.45582,1.69,1.50
2012.04.10 16:41:40.998,1.45551,1.45582,1.69,1.50
2012.04.10 16:41:41.069,1.45554,1.45586,2.18,1.13
2012.04.10 16:41:41.209,1.45555,1.45586,1.69,2.63
2012.04.10 16:41:41.756,1.45552,1.45586,3.00,2.82
2012.04.10 16:41:43.453,1.45552,1.45583,1.50,1.50
2012.04.10 16:41:43.948,1.45551,1.4558,1.50,1.50
2012.04.10 16:41:44.467,1.45551,1.45582,5.18,1.50
2012.04.10 16:41:44.764,1.45551,1.45586,5.18,2.82
2012.04.10 16:41:46.020,1.45551,1.45584,4.43,1.50
2012.04.10 16:41:47.138,1.45553,1.45586,2.18,2.82
2012.04.10 16:41:48.499,1.45553,1.45586,2.18,2.82
2012.04.10 16:41:49.094,1.45551,1.45582,3.19,1.50
2012.04.10 16:41:50.675,1.45556,1.45584,1.50,1.50
2012.04.10 16:41:52.989,1.45556,1.45584,2.25,1.50
2012.04.10 16:41:53.373,1.45556,1.45585,2.25,1.69
2012.04.10 16:41:53.456,1.4556,1.45588,2.25,1.69
2012.04.10 16:41:53.533,1.4556,1.4559,2.25,2.37
2012.04.10 16:41:54.088,1.45561,1.45589,1.50,1.10
2012.04.10 16:41:54.165,1.45561,1.45583,1.50,2.37
2012.04.10 16:41:54.378,1.45554,1.45582,1.13,2.44
2012.04.10 16:41:54.527,1.45557,1.45582,1.50,1.69
2012.04.10 16:41:54.603,1.45557,1.45582,1.50,1.50
2012.04.10 16:41:54.755,1.45562,1.45588,1.50,1.88
2012.04.10 16:41:55.335,1.45561,1.4559,1.50,1.99
2012.04.10 16:41:55.498,1.45561,1.45589,1.50,2.25
2012.04.10 16:41:55.573,1.45557,1.45589,1.69,3.00
2012.04.10 16:41:55.722,1.45557,1.45589,2.25,2.44
2012.04.10 16:41:55.806,1.45557,1.45589,3.00,2.07
2012.04.10 16:41:56.230,1.45561,1.45589,3.68,1.13
2012.04.10 16:41:57.306,1.45561,1.45593,3.68,1.29
2012.04.10 16:41:57.386,1.45561,1.45593,2.25,1.29
2012.04.10 16:41:57.460,1.45561,1.45594,3.00,2.60
2012.04.10 16:41:57.647,1.45566,1.45594,1.50,1.69
2012.04.10 16:41:57.777,1.45564,1.45594,1.50,1.69
2012.04.10 16:41:57.853,1.45562,1.45594,1.50,1.69
2012.04.10 16:41:57.995,1.45566,1.45594,1.50,1.69
2012.04.10 16:41:59.086,1.45566,1.45594,1.50,1.69
2012.04.10 16:41:59.917,1.45566,1.45596,1.50,3.57
2012.04.10 16:42:01.082,1.45562,1.45594,2.25,1.69
2012.04.10 16:42:01.639,1.45562,1.45593,2.25,2.44
2012.04.10 16:42:02.003,1.45562,1.45593,1.50,1.69
2012.04.10 16:42:02.206,1.45562,1.45595,2.25,2.44
2012.04.10 16:42:04.131,1.45562,1.45593,3.00,1.69
2012.04.10 16:42:04.492,1.45559,1.45588,1.13,1.50
2012.04.10 16:42:04.897,1.45558,1.45588,2.63,1.32
2012.04.10 16:42:05.042,1.45563,1.45592,2.25,1.50
2012.04.10 16:42:05.317,1.45563,1.45593,2.25,1.69
2012.04.10 16:42:06.031,1.45563,1.45595,1.50,1.69
2012.04.10 16:42:07.205,1.45563,1.45595,1.50,1.50
2012.04.10 16:42:07.840,1.45563,1.45592,1.50,1.69
2012.04.10 16:42:07.999,1.45563,1.45593,1.50,1.69
2012.04.10 16:42:09.748,1.45563,1.45593,1.50,2.25
2012.04.10 16:42:10.361,1.45563,1.45594,1.50,2.44
2012.04.10 16:42:11.801,1.45563,1.45594,1.50,1.69
2012.04.10 16:42:13.653,1.45563,1.45594,1.88,1.69
2012.04.10 16:42:13.728,1.45563,1.45596,1.88,3.57
2012.04.10 16:42:16.685,1.45563,1.45596,1.88,3.57
2012.04.10 16:42:17.665,1.45563,1.45594,1.88,1.50
2012.04.10 16:42:20.242,1.45563,1.45592,1.50,1.50
2012.04.10 16:42:21.649,1.45563,1.45594,1.50,1.69
2012.04.10 16:42:23.448,1.45563,1.45591,1.50,1.50
2012.04.10 16:42:23.957,1.45559,1.45588,1.50,1.69
2012.04.10 16:42:24.359,1.45559,1.45589,1.50,2.25
2012.04.10 16:42:24.686,1.45559,1.45589,2.25,2.25
2012.04.10 16:42:24.757,1.45559,1.45589,2.25,1.69
2012.04.10 16:42:24.826,1.45563,1.45589,1.50,1.69
2012.04.10 16:42:26.691,1.45561,1.45589,2.25,1.69
2012.04.10 16:42:29.035,1.4556,1.4559,1.13,1.50
2012.04.10 16:42:30.690,1.45562,1.4559,2.25,1.50
2012.04.10 16:42:30.852,1.45558,1.45593,2.63,2.44
2012.04.10 16:42:30.933,1.45558,1.45589,1.50,1.50
2012.04.10 16:42:31.608,1.45558,1.45587,1.50,1.50
2012.04.10 16:42:31.735,1.45558,1.45588,1.50,1.69
2012.04.10 16:42:32.954,1.45558,1.45588,1.50,2.25
2012.04.10 16:42:33.472,1.45558,1.45586,2.25,1.69
2012.04.10 16:42:34.098,1.45558,1.45588,2.25,1.69
2012.04.10 16:42:35.415,1.45558,1.45586,2.25,1.50
2012.04.10 16:42:36.676,1.45558,1.45587,2.25,2.25
2012.04.10 16:42:37.412,1.45558,1.45587,2.25,2.25
2012.04.10 16:42:37.520,1.4555,1.45579,3.68,1.50
2012.04.10 16:42:37.664,1.45552,1.45582,1.50,1.50
2012.04.10 16:42:37.743,1.45553,1.45583,1.50,2.44
2012.04.10 16:42:37.969,1.45552,1.45584,1.43,2.44
2012.04.10 16:42:38.057,1.4555,1.45584,2.18,2.44
2012.04.10 16:42:38.141,1.45549,1.45581,2.63,1.50
2012.04.10 16:42:38.647,1.45548,1.45574,3.00,1.50
2012.04.10 16:42:38.829,1.45547,1.45579,1.50,5.15
2012.04.10 16:42:38.991,1.45546,1.45578,1.50,2.25
2012.04.10 16:42:39.502,1.45545,1.45575,1.13,2.44
2012.04.10 16:42:40.009,1.45544,1.45574,1.13,1.50
2012.04.10 16:42:40.083,1.45541,1.45572,3.75,1.69
2012.04.10 16:42:40.161,1.45541,1.45571,1.50,2.44
2012.04.10 16:42:40.720,1.45539,1.45571,1.09,3.19
2012.04.10 16:42:43.377,1.4554,1.45571,1.50,2.44
2012.04.10 16:42:43.887,1.45539,1.45571,1.09,3.19
2012.04.10 16:42:45.098,1.45537,1.45567,2.18,1.50
2012.04.10 16:42:45.617,1.45529,1.45556,2.25,1.69
2012.04.10 16:42:45.968,1.45528,1.45554,1.13,2.25
2012.04.10 16:42:46.110,1.45525,1.45556,2.25,2.44
2012.04.10 16:42:46.181,1.45525,1.45557,2.25,1.69
2012.04.10 16:42:46.506,1.45524,1.45554,1.13,2.25
2012.04.10 16:42:47.618,1.45525,1.45557,2.25,1.69
2012.04.10 16:42:48.139,1.45525,1.45553,1.50,1.69
2012.04.10 16:42:48.926,1.45525,1.45553,1.50,1.69
2012.04.10 16:42:49.357,1.45525,1.45557,3.00,1.13
2012.04.10 16:42:49.859,1.45534,1.45562,2.25,1.13
2012.04.10 16:42:49.938,1.45537,1.45567,1.50,2.25
2012.04.10 16:42:50.081,1.45537,1.45567,1.50,1.50
2012.04.10 16:42:50.760,1.45537,1.45567,1.88,2.25
2012.04.10 16:42:51.346,1.45538,1.45567,1.13,2.25
2012.04.10 16:42:52.323,1.45538,1.45567,1.13,2.25
2012.04.10 16:42:53.544,1.45533,1.45563,1.80,2.25
2012.04.10 16:42:53.827,1.45532,1.45563,1.13,3.75
2012.04.10 16:42:54.311,1.45532,1.45563,1.13,3.75
2012.04.10 16:42:54.802,1.45532,1.45563,1.13,2.44
2012.04.10 16:42:57.580,1.45532,1.45563,1.13,3.67
2012.04.10 16:42:58.221,1.45524,1.45556,2.25,2.07
2012.04.10 16:42:58.303,1.45523,1.45554,2.18,2.44
2012.04.10 16:42:58.722,1.45525,1.45556,2.25,1.32
2012.04.10 16:42:58.806,1.45525,1.45557,3.00,1.32
2012.04.10 16:42:59.335,1.45529,1.45557,1.50,1.69
2012.04.10 16:42:59.412,1.45527,1.45557,1.50,1.69
2012.04.10 16:42:59.819,1.45526,1.45558,3.00,2.82
2012.04.10 16:43:01.314,1.45526,1.45555,1.50,1.50
2012.04.10 16:43:01.654,1.45523,1.45555,2.18,2.25
2012.04.10 16:43:01.799,1.45526,1.45559,2.93,2.25
2012.04.10 16:43:01.929,1.45526,1.45559,2.93,2.25
2012.04.10 16:43:02.624,1.45526,1.45559,3.30,2.44
2012.04.10 16:43:06.875,1.45526,1.45559,3.30,2.44
2012.04.10 16:43:07.090,1.45528,1.45561,3.68,3.75
2012.04.10 16:43:07.854,1.45533,1.45561,1.50,2.63
2012.04.10 16:43:07.996,1.45533,1.45561,1.50,1.32
2012.04.10 16:43:08.198,1.45533,1.45562,1.50,1.32
2012.04.10 16:43:08.651,1.45533,1.45563,1.50,1.50
2012.04.10 16:43:08.917,1.45533,1.45563,2.25,1.50
2012.04.10 16:43:08.987,1.45533,1.45565,2.25,2.25
2012.04.10 16:43:09.413,1.45536,1.45567,3.19,1.50
2012.04.10 16:43:09.559,1.45536,1.45569,3.53,3.38
2012.04.10 16:43:09.967,1.4554,1.45571,2.25,1.50
2012.04.10 16:43:10.992,1.45538,1.45569,1.69,2.25
2012.04.10 16:43:11.912,1.45539,1.45569,1.69,1.50
2012.04.10 16:43:12.470,1.45536,1.45565,2.25,1.50
2012.04.10 16:43:12.566,1.45535,1.45563,1.32,1.50
2012.04.10 16:43:13.061,1.45534,1.45567,4.99,3.00
2012.04.10 16:43:13.858,1.45537,1.45567,1.50,2.25
2012.04.10 16:43:14.371,1.45538,1.45568,1.50,1.50
2012.04.10 16:43:14.917,1.45537,1.45568,2.37,3.00
2012.04.10 16:43:17.503,1.45535,1.45568,4.05,2.44
2012.04.10 16:43:18.796,1.45535,1.45568,4.05,2.25
2012.04.10 16:43:18.867,1.45535,1.45568,4.05,3.00
2012.04.10 16:43:19.219,1.45538,1.45571,1.69,1.50
2012.04.10 16:43:19.865,1.45542,1.45571,1.50,1.50
2012.04.10 16:43:21.309,1.45543,1.45571,1.13,2.25
2012.04.10 16:43:21.909,1.45534,1.45567,2.44,1.13
2012.04.10 16:43:21.987,1.45534,1.45568,3.19,1.32
2012.04.10 16:43:22.509,1.45538,1.45569,2.25,1.32
2012.04.10 16:43:22.965,1.45541,1.45571,1.88,1.50
2012.04.10 16:43:23.387,1.45553,1.45577,1.88,2.25
2012.04.10 16:43:23.507,1.45551,1.45577,3.87,1.13
2012.04.10 16:43:23.584,1.45551,1.45578,2.18,1.81
2012.04.10 16:43:24.141,1.45548,1.45575,1.13,1.69
2012.04.10 16:43:24.219,1.45548,1.45577,1.13,1.32
2012.04.10 16:43:24.366,1.45548,1.45577,1.13,1.50
2012.04.10 16:43:24.965,1.45543,1.45578,3.23,5.37
2012.04.10 16:43:25.519,1.45548,1.45577,1.50,2.07
2012.04.10 16:43:26.482,1.45548,1.45577,1.50,2.44
2012.04.10 16:43:26.950,1.45542,1.45574,2.25,1.69
2012.04.10 16:43:27.330,1.45542,1.45574,2.25,1.69
2012.04.10 16:43:27.687,1.45538,1.45568,1.13,2.25
2012.04.10 16:43:28.042,1.45536,1.45567,1.88,1.69
2012.04.10 16:43:28.485,1.45535,1.45568,1.50,3.19
2012.04.10 16:43:28.576,1.45535,1.45568,1.50,3.19
2012.04.10 16:43:29.006,1.45535,1.45568,1.50,3.19
2012.04.10 16:43:31.361,1.45541,1.45568,1.50,2.44
2012.04.10 16:43:31.527,1.45539,1.45569,2.82,1.50
2012.04.10 16:43:31.668,1.4554,1.45572,1.69,1.88
2012.04.10 16:43:33.833,1.45543,1.45575,2.25,1.32
2012.04.10 16:43:34.396,1.45547,1.45575,3.00,1.13
2012.04.10 16:43:36.327,1.45547,1.45574,2.44,1.50
2012.04.10 16:43:36.435,1.4555,1.45579,1.50,1.50
2012.04.10 16:43:36.520,1.45549,1.45576,1.13,2.25
2012.04.10 16:43:36.931,1.45542,1.45573,3.00,1.69
2012.04.10 16:43:37.088,1.45545,1.45576,1.50,4.43
2012.04.10 16:43:37.162,1.45545,1.45576,1.50,3.68
2012.04.10 16:43:37.381,1.45545,1.45575,1.50,2.25
2012.04.10 16:43:37.537,1.45547,1.45579,2.25,1.32
2012.04.10 16:43:37.690,1.45547,1.45578,3.68,1.69
2012.04.10 16:43:37.902,1.4555,1.45579,2.18,1.69
2012.04.10 16:43:37.984,1.4555,1.4558,2.18,1.50
2012.04.10 16:43:38.358,1.4555,1.4558,2.18,1.50
2012.04.10 16:43:38.439,1.45552,1.45584,1.50,1.69
2012.04.10 16:43:38.507,1.45552,1.45583,1.50,1.69
2012.04.10 16:43:38.939,1.45555,1.45584,1.50,2.37
2012.04.10 16:43:39.447,1.45555,1.45586,1.50,3.19
2012.04.10 16:43:39.732,1.45552,1.45582,1.13,2.25
2012.04.10 16:43:40.312,1.45552,1.45582,1.13,3.19
2012.04.10 16:43:40.892,1.45552,1.45582,1.13,3.19
2012.04.10 16:43:41.169,1.45553,1.45582,1.13,3.19
2012.04.10 16:43:44.746,1.45552,1.45582,1.13,3.19
2012.04.10 16:43:45.380,1.45551,1.45583,2.63,2.25
2012.04.10 16:43:45.451,1.45552,1.45583,1.13,2.25
2012.04.10 16:43:46.331,1.45552,1.45586,1.13,3.38
2012.04.10 16:43:46.543,1.45551,1.45584,2.63,1.69
2012.04.10 16:43:46.631,1.45548,1.45581,4.05,2.25
2012.04.10 16:43:46.970,1.45551,1.45583,2.25,2.44
2012.04.10 16:43:47.126,1.45553,1.45585,1.13,3.38
2012.04.10 16:43:47.577,1.45555,1.45583,2.25,1.50
2012.04.10 16:43:47.943,1.45549,1.45574,1.88,1.69
2012.04.10 16:43:48.033,1.45543,1.45574,3.68,1.69
2012.04.10 16:43:48.438,1.45544,1.45571,1.50,1.69
2012.04.10 16:43:48.604,1.45541,1.45574,3.00,3.19
2012.04.10 16:43:48.964,1.45541,1.45571,1.50,2.25
2012.04.10 16:43:51.038,1.45541,1.45571,1.50,2.25
2012.04.10 16:43:52.009,1.45539,1.45571,2.93,2.25
2012.04.10 16:43:52.080,1.45539,1.45571,2.93,2.25
2012.04.10 16:43:52.146,1.45539,1.45571,2.93,2.25
2012.04.10 16:43:52.216,1.45539,1.45571,2.93,2.25
2012.04.10 16:43:52.927,1.45541,1.45571,1.13,2.25
2012.04.10 16:43:53.140,1.45541,1.45571,1.13,2.25
2012.04.10 16:43:53.859,1.45541,1.45571,1.13,1.50
2012.04.10 16:43:53.938,1.45546,1.45575,1.50,2.44
2012.04.10 16:43:54.442,1.45546,1.45575,3.00,1.69
2012.04.10 16:43:56.888,1.45546,1.45577,3.00,2.07
2012.04.10 16:43:57.439,1.45546,1.45575,2.25,1.50
2012.04.10 16:43:57.813,1.45546,1.45577,2.25,2.07
2012.04.10 16:43:58.180,1.45542,1.45569,1.50,1.50
2012.04.10 16:43:59.088,1.45542,1.4557,1.50,2.44
2012.04.10 16:44:01.476,1.45541,1.45569,1.13,1.50
2012.04.10 16:44:01.898,1.45541,1.45568,1.13,1.50
2012.04.10 16:44:02.054,1.45534,1.45564,2.25,1.69
2012.04.10 16:44:02.206,1.45531,1.45563,1.50,3.19
2012.04.10 16:44:02.974,1.45531,1.45563,1.50,3.19
2012.04.10 16:44:10.396,1.45531,1.45561,1.13,1.50
2012.04.10 16:44:10.801,1.4553,1.45559,1.88,1.50
2012.04.10 16:44:12.670,1.4553,1.45559,1.50,1.50
2012.04.10 16:44:13.237,1.4553,1.45554,1.50,1.50
2012.04.10 16:44:13.377,1.45525,1.45554,1.88,1.50
2012.04.10 16:44:14.112,1.45525,1.45555,2.63,1.69
2012.04.10 16:44:14.620,1.45525,1.45554,1.88,1.50
2012.04.10 16:44:15.728,1.45525,1.45556,2.63,1.69
2012.04.10 16:44:16.033,1.4553,1.45559,2.25,1.69
2012.04.10 16:44:16.519,1.4553,1.45556,1.50,1.69
2012.04.10 16:44:16.704,1.4552,1.45551,1.69,2.25
2012.04.10 16:44:16.848,1.45521,1.45551,2.44,1.13
2012.04.10 16:44:18.064,1.45524,1.45554,1.50,1.69
2012.04.10 16:44:18.622,1.45526,1.45554,2.25,1.32
2012.04.10 16:44:19.453,1.4552,1.45553,2.25,1.32
2012.04.10 16:44:19.540,1.4552,1.45553,2.25,2.07
2012.04.10 16:44:20.662,1.4552,1.45553,2.25,2.25
2012.04.10 16:44:21.164,1.4552,1.45553,2.25,3.00
2012.04.10 16:44:21.254,1.4552,1.4555,2.44,1.13
2012.04.10 16:44:21.472,1.4552,1.4555,2.44,1.13
2012.04.10 16:44:22.478,1.4552,1.45549,1.50,1.50
2012.04.10 16:44:22.834,1.45517,1.45549,2.18,3.19
2012.04.10 16:44:22.933,1.45517,1.45548,1.43,1.69
2012.04.10 16:44:23.233,1.45515,1.45548,1.50,2.07
2012.04.10 16:44:23.316,1.45513,1.45545,2.63,2.25
2012.04.10 16:44:24.397,1.45513,1.45545,1.13,2.25
2012.04.10 16:44:25.066,1.45513,1.45545,1.13,2.25
2012.04.10 16:44:25.628,1.45513,1.45544,1.13,1.69
2012.04.10 16:44:25.951,1.45513,1.45544,1.32,1.50
2012.04.10 16:44:26.902,1.45517,1.45548,2.25,2.18
2012.04.10 16:44:27.468,1.45517,1.45549,2.25,2.07
2012.04.10 16:44:27.536,1.4552,1.45549,1.50,2.07
2012.04.10 16:44:29.254,1.4552,1.45549,1.50,1.13
2012.04.10 16:44:29.784,1.45521,1.45547,1.50,2.93
2012.04.10 16:44:29.864,1.45519,1.45547,1.50,1.50
2012.04.10 16:44:29.948,1.45517,1.45548,2.18,1.13
2012.04.10 16:44:30.019,1.45519,1.45549,1.13,1.88
2012.04.10 16:44:30.793,1.45522,1.45553,1.13,3.00
2012.04.10 16:44:31.083,1.45519,1.45549,1.13,1.69
2012.04.10 16:44:33.630,1.45515,1.45546,1.88,2.37
2012.04.10 16:44:33.785,1.45515,1.45544,2.25,1.50
2012.04.10 16:44:33.865,1.45515,1.45544,2.25,1.88
2012.04.10 16:44:33.937,1.45515,1.45544,2.25,1.13
2012.04.10 16:44:34.269,1.45519,1.45544,1.50,1.13
2012.04.10 16:44:34.474,1.45516,1.45546,2.44,1.13
2012.04.10 16:44:35.080,1.45516,1.45548,2.44,1.13
2012.04.10 16:44:35.758,1.45516,1.45548,1.50,1.32
2012.04.10 16:44:35.970,1.45516,1.45546,2.25,2.55
2012.04.10 16:44:36.320,1.45516,1.45546,1.69,2.55
2012.04.10 16:44:36.467,1.45516,1.45546,1.69,2.55
2012.04.10 16:44:37.791,1.45516,1.45547,2.44,1.13
2012.04.10 16:44:38.269,1.45516,1.45547,2.44,1.13
2012.04.10 16:44:38.337,1.45516,1.45547,2.44,1.13
2012.04.10 16:44:38.487,1.45517,1.45547,1.50,1.13
2012.04.10 16:44:38.828,1.4552,1.45551,1.69,1.13
2012.04.10 16:44:39.438,1.4552,1.45554,1.69,2.25
2012.04.10 16:44:39.510,1.45519,1.45553,2.44,1.50
2012.04.10 16:44:41.923,1.45519,1.45552,2.44,2.55
2012.04.10 16:44:43.425,1.45519,1.45552,2.44,2.55
2012.04.10 16:44:44.228,1.45518,1.4555,1.69,2.25
2012.04.10 16:44:46.012,1.45518,1.4555,2.07,2.25
2012.04.10 16:44:46.315,1.45519,1.4555,1.32,2.25
2012.04.10 16:44:48.388,1.45521,1.45553,3.94,1.50
2012.04.10 16:44:48.522,1.45523,1.45554,1.69,1.50
2012.04.10 16:44:48.968,1.45524,1.45554,1.50,1.50
2012.04.10 16:44:52.758,1.45523,1.45554,3.19,1.50
2012.04.10 16:44:53.350,1.45523,1.45552,2.44,1.13
2012.04.10 16:44:54.007,1.45522,1.45552,2.44,2.18
2012.04.10 16:44:54.165,1.45521,1.45552,1.50,2.18
2012.04.10 16:44:54.357,1.45518,1.45549,1.69,2.25
2012.04.10 16:44:55.937,1.45515,1.45544,2.63,3.12
2012.04.10 16:44:56.019,1.45514,1.45543,1.50,2.25
2012.04.10 16:44:56.233,1.45511,1.45543,1.50,1.50
2012.04.10 16:44:56.307,1.45511,1.45543,1.50,1.50
2012.04.10 16:44:56.511,1.45513,1.45544,1.50,1.69
2012.04.10 16:44:57.794,1.45514,1.45546,1.43,1.50
2012.04.10 16:44:57.898,1.45517,1.45548,2.07,1.50
2012.04.10 16:44:57.972,1.45519,1.45551,1.69,1.43
2012.04.10 16:44:58.680,1.45519,1.45551,1.69,2.18
2012.04.10 16:44:59.524,1.45515,1.45549,3.00,3.00
2012.04.10 16:44:59.982,1.45514,1.45543,3.75,2.93
2012.04.10 16:45:00.061,1.45517,1.45545,1.50,2.25
2012.04.10 16:45:00.142,1.45517,1.45545,1.50,2.25
2012.04.10 16:45:01.261,1.45516,1.45547,1.50,1.88
2012.04.10 16:45:01.413,1.4552,1.45548,2.25,1.32
2012.04.10 16:45:02.317,1.45517,1.45548,1.50,1.32
2012.04.10 16:45:02.864,1.4552,1.45549,1.50,1.13
2012.04.10 16:45:03.008,1.4552,1.45549,1.50,1.32
2012.04.10 16:45:03.152,1.45519,1.45548,2.25,2.44
2012.04.10 16:45:03.370,1.45513,1.45546,2.44,2.25
2012.04.10 16:45:04.460,1.45514,1.45546,1.69,2.25
2012.04.10 16:45:06.131,1.45517,1.45546,1.50,1.50
2012.04.10 16:45:06.861,1.45517,1.45546,1.50,1.69
2012.04.10 16:45:06.947,1.45516,1.45546,1.50,1.69
2012.04.10 16:45:07.094,1.4552,1.45549,1.50,1.13
2012.04.10 16:45:07.450,1.45522,1.45551,1.50,1.13
2012.04.10 16:45:08.108,1.45522,1.45553,1.50,1.13
2012.04.10 16:45:18.259,1.45522,1.45553,1.50,1.13
2012.04.10 16:45:18.754,1.45521,1.45553,2.25,1.13
2012.04.10 16:45:20.309,1.45522,1.45554,2.44,3.00
2012.04.10 16:45:20.733,1.45525,1.45554,1.50,1.50
2012.04.10 16:45:21.497,1.45525,1.45556,3.00,1.50
2012.04.10 16:45:22.073,1.45525,1.45555,1.50,1.50
2012.04.10 16:45:26.198,1.45526,1.45555,1.50,1.50
2012.04.10 16:45:26.348,1.45527,1.45558,1.50,2.25
2012.04.10 16:45:26.746,1.45526,1.45557,3.68,2.25
2012.04.10 16:45:27.048,1.45522,1.45551,1.13,1.50
2012.04.10 16:45:27.585,1.45522,1.45553,2.63,1.50
2012.04.10 16:45:28.297,1.45525,1.45555,1.13,1.69
2012.04.10 16:45:29.929,1.45526,1.45558,3.38,1.69
2012.04.10 16:45:31.348,1.45526,1.45557,3.00,1.69
2012.04.10 16:45:31.495,1.45526,1.45557,3.00,1.69
2012.04.10 16:45:31.571,1.45526,1.45557,3.00,1.69
2012.04.10 16:45:32.213,1.45526,1.45557,3.00,1.69
2012.04.10 16:45:35.336,1.45526,1.45556,1.13,1.50
2012.04.10 16:45:35.999,1.45526,1.45557,2.63,1.13
2012.04.10 16:45:36.437,1.45527,1.45558,1.50,1.13
2012.04.10 16:45:41.250,1.45527,1.45558,1.50,1.13
2012.04.10 16:45:44.008,1.45531,1.45559,1.50,2.82
2012.04.10 16:45:44.774,1.45531,1.45559,1.50,2.82
2012.04.10 16:45:45.180,1.45531,1.45559,1.50,1.50
2012.04.10 16:45:49.818,1.45531,1.45561,3.00,1.32
2012.04.10 16:45:50.478,1.45531,1.45561,3.00,1.13
2012.04.10 16:45:53.871,1.45531,1.4556,1.50,1.50
2012.04.10 16:45:54.977,1.45531,1.45563,1.50,1.69
2012.04.10 16:45:55.480,1.45531,1.45564,1.50,1.84
2012.04.10 16:45:55.550,1.45537,1.45565,1.50,2.82
2012.04.10 16:45:55.750,1.45537,1.45565,1.50,2.25
2012.04.10 16:45:55.949,1.45537,1.45567,1.50,2.25
2012.04.10 16:45:56.326,1.45537,1.45567,1.50,1.50
2012.04.10 16:45:57.647,1.45544,1.45569,1.88,1.50
2012.04.10 16:45:57.741,1.45545,1.45572,1.13,1.50
2012.04.10 16:45:59.576,1.45545,1.45572,2.55,1.50
2012.04.10 16:45:59.916,1.45543,1.45572,1.13,1.50
2012.04.10 16:46:00.126,1.45545,1.45572,2.18,1.50
2012.04.10 16:46:00.636,1.45546,1.45576,1.50,2.63
2012.04.10 16:46:02.050,1.45545,1.45576,2.18,3.00
2012.04.10 16:46:02.307,1.45544,1.45575,2.07,1.50
2012.04.10 16:46:02.702,1.45544,1.45575,1.69,1.50
2012.04.10 16:46:03.611,1.4554,1.4557,1.50,1.50
2012.04.10 16:46:03.963,1.45537,1.45567,2.07,1.09
2012.04.10 16:46:04.050,1.45537,1.45567,1.13,2.03
2012.04.10 16:46:04.402,1.45535,1.45565,2.18,2.25
2012.04.10 16:46:04.487,1.45532,1.45562,2.25,1.50
2012.04.10 16:46:05.048,1.45529,1.45561,2.07,3.00
2012.04.10 16:46:07.356,1.45528,1.45557,2.25,1.09
2012.04.10 16:46:07.438,1.45526,1.45554,2.18,1.50
2012.04.10 16:46:07.773,1.45523,1.45553,1.69,1.50
2012.04.10 16:46:07.859,1.4552,1.45551,1.13,3.00
2012.04.10 16:46:09.481,1.4552,1.45551,1.13,3.00
2012.04.10 16:46:10.469,1.45517,1.45548,1.13,1.50
2012.04.10 16:46:10.988,1.45521,1.45551,1.50,2.25
2012.04.10 16:46:11.182,1.45522,1.45553,1.50,1.69
2012.04.10 16:46:11.508,1.45524,1.45557,3.00,1.32
2012.04.10 16:46:12.071,1.45524,1.45557,3.00,1.62
2012.04.10 16:46:12.638,1.45521,1.45549,1.50,1.50
2012.04.10 16:46:12.736,1.45521,1.45549,1.50,1.50
2012.04.10 16:46:16.936,1.45521,1.45549,1.50,1.50
2012.04.10 16:46:20.834,1.45527,1.45554,1.50,2.25
2012.04.10 16:46:21.192,1.45528,1.45558,1.13,2.25
2012.04.10 16:46:21.269,1.45528,1.45558,1.13,2.25
2012.04.10 16:46:21.340,1.45528,1.45556,1.13,1.50
2012.04.10 16:46:23.982,1.45522,1.45553,1.32,3.00
2012.04.10 16:46:24.414,1.45521,1.4555,2.18,1.50
2012.04.10 16:46:24.586,1.45521,1.45552,3.12,1.13
2012.04.10 16:46:24.673,1.45522,1.45553,1.69,1.50
2012.04.10 16:46:24.756,1.45526,1.45553,1.50,1.50
2012.04.10 16:46:24.836,1.45522,1.45553,1.69,2.25
2012.04.10 16:46:24.986,1.45522,1.4555,1.69,1.50
2012.04.10 16:46:25.061,1.45521,1.4555,2.70,1.50
2012.04.10 16:46:25.842,1.45523,1.45553,1.69,1.50
2012.04.10 16:46:26.364,1.4552,1.45552,3.12,1.50
2012.04.10 16:46:26.996,1.45523,1.45554,1.50,1.13
2012.04.10 16:46:27.129,1.45523,1.45554,2.25,1.13
2012.04.10 16:46:27.409,1.45525,1.45556,1.50,1.13
2012.04.10 16:46:28.147,1.45525,1.45557,1.50,1.50
2012.04.10 16:46:28.844,1.45525,1.45557,1.50,1.50
2012.04.10 16:46:29.989,1.45527,1.45557,1.50,1.50
2012.04.10 16:46:30.068,1.45528,1.45557,1.09,1.50
2012.04.10 16:46:30.370,1.45532,1.45562,1.28,1.13
2012.04.10 16:46:30.814,1.45532,1.45563,1.09,1.50
2012.04.10 16:46:31.241,1.45535,1.45563,1.50,1.50
2012.04.10 16:46:34.321,1.45535,1.45566,3.00,1.13
2012.04.10 16:46:34.616,1.45544,1.45577,2.25,2.07
2012.04.10 16:46:34.968,1.45544,1.45577,2.63,2.82
2012.04.10 16:46:35.486,1.45544,1.45574,2.63,1.50
2012.04.10 16:46:36.484,1.45545,1.45576,2.25,3.00
2012.04.10 16:46:37.423,1.45545,1.45574,2.25,1.50
2012.04.10 16:46:38.050,1.45541,1.45568,2.25,2.18
2012.04.10 16:46:38.401,1.45537,1.45566,1.13,1.13
2012.04.10 16:46:38.804,1.45541,1.4557,1.50,3.12
2012.04.10 16:46:40.671,1.45537,1.4557,1.88,1.69
2012.04.10 16:46:41.201,1.45536,1.45567,1.88,3.35
2012.04.10 16:46:41.270,1.45536,1.45567,1.13,3.73
2012.04.10 16:46:41.410,1.45535,1.45565,2.07,2.18
2012.04.10 16:46:41.738,1.45532,1.45564,1.65,2.25
2012.04.10 16:46:43.470,1.45531,1.45563,2.22,2.63
2012.04.10 16:46:44.465,1.45531,1.45563,2.22,2.63
2012.04.10 16:46:44.833,1.45533,1.45563,1.13,1.13
2012.04.10 16:46:45.380,1.45533,1.45564,1.13,2.25
2012.04.10 16:46:45.447,1.45533,1.45564,1.13,2.25
2012.04.10 16:46:49.328,1.45532,1.45564,1.32,2.25
2012.04.10 16:46:49.531,1.45531,1.45564,2.82,3.00
2012.04.10 16:46:49.943,1.45527,1.45561,1.32,3.00
2012.04.10 16:46:50.878,1.45527,1.45561,1.32,3.19
2012.04.10 16:46:51.089,1.45526,1.45558,2.44,1.50
2012.04.10 16:46:52.011,1.45528,1.45557,1.50,1.43
2012.04.10 16:46:52.257,1.45528,1.45561,1.50,3.57
2012.04.10 16:46:52.595,1.45528,1.45561,1.69,3.38
2012.04.10 16:46:54.353,1.45528,1.45561,1.69,3.00
2012.04.10 16:46:55.016,1.45528,1.45561,2.07,3.00
2012.04.10 16:46:55.386,1.45532,1.45561,3.12,1.50
2012.04.10 16:46:55.467,1.45535,1.45567,1.50,1.13
2012.04.10 16:46:55.546,1.45535,1.45568,3.00,1.88
2012.04.10 16:46:55.994,1.45537,1.45568,1.69,1.50
2012.04.10 16:46:56.511,1.45539,1.45571,2.25,1.50
2012.04.10 16:46:57.098,1.45539,1.45572,3.19,1.88
2012.04.10 16:46:58.514,1.45539,1.45572,3.19,2.63
2012.04.10 16:46:59.628,1.45539,1.45572,2.44,3.38
2012.04.10 16:46:59.915,1.45539,1.45572,2.44,2.63
2012.04.10 16:47:02.379,1.4554,1.45572,1.69,1.88
2012.04.10 16:47:03.856,1.4554,1.45572,1.69,1.88
2012.04.10 16:47:04.273,1.45539,1.45572,3.19,1.50
2012.04.10 16:47:04.890,1.45539,1.45572,2.82,2.25
2012.04.10 16:47:07.347,1.45539,1.4557,1.50,1.13
2012.04.10 16:47:13.048,1.45539,1.45568,1.50,1.50
2012.04.10 16:47:13.327,1.45536,1.45564,1.50,1.50
2012.04.10 16:47:13.669,1.45538,1.45566,1.50,1.13
2012.04.10 16:47:13.807,1.45538,1.45568,1.50,1.13
2012.04.10 16:47:15.590,1.45538,1.45567,1.50,1.13
2012.04.10 16:47:16.334,1.45538,1.45567,1.50,1.13
2012.04.10 16:47:16.409,1.45538,1.45567,1.69,1.13
2012.04.10 16:47:17.678,1.45538,1.45569,2.44,1.50
2012.04.10 16:47:19.788,1.45543,1.45571,1.13,1.13
2012.04.10 16:47:19.858,1.45544,1.45573,1.13,2.25
2012.04.10 16:47:19.997,1.45545,1.45573,1.50,2.25
2012.04.10 16:47:20.066,1.45538,1.45573,1.69,3.75
2012.04.10 16:47:20.688,1.45538,1.45569,1.50,1.10
2012.04.10 16:47:20.766,1.45538,1.45569,2.25,1.10
2012.04.10 16:47:20.910,1.45538,1.45567,1.50,1.13
2012.04.10 16:47:21.713,1.45538,1.45567,3.30,1.13
2012.04.10 16:47:23.010,1.45539,1.45567,1.13,1.13
2012.04.10 16:47:24.777,1.45539,1.45569,1.32,1.50
2012.04.10 16:47:25.128,1.45543,1.45571,1.50,1.50
2012.04.10 16:47:25.197,1.45542,1.45571,1.50,1.50
2012.04.10 16:47:25.619,1.45538,1.45571,2.82,1.88
2012.04.10 16:47:26.022,1.45538,1.45571,2.82,1.88
2012.04.10 16:47:26.108,1.45538,1.45571,2.82,1.50
2012.04.10 16:47:26.247,1.45538,1.45571,2.82,1.50
2012.04.10 16:47:26.391,1.45541,1.45571,1.50,1.13
2012.04.10 16:47:26.542,1.45541,1.45571,1.50,1.13
2012.04.10 16:47:26.617,1.45538,1.45571,2.82,1.13
2012.04.10 16:47:26.690,1.45541,1.45571,1.50,1.13
2012.04.10 16:47:27.031,1.45538,1.45571,2.82,1.13
2012.04.10 16:47:27.310,1.45541,1.45571,1.69,1.13
2012.04.10 16:47:27.628,1.45539,1.45571,1.28,1.13
2012.04.10 16:47:28.156,1.4554,1.45572,2.25,1.13
2012.04.10 16:47:28.257,1.45545,1.45578,1.88,2.37
2012.04.10 16:47:28.777,1.45543,1.45575,2.25,2.25
2012.04.10 16:47:29.300,1.45543,1.45575,2.25,2.25
2012.04.10 16:47:31.247,1.45545,1.45577,2.25,1.50
2012.04.10 16:47:39.610,1.45542,1.45573,1.50,1.50
2012.04.10 16:47:40.007,1.45544,1.45574,1.50,1.50
2012.04.10 16:47:40.728,1.45544,1.45576,2.25,2.07
2012.04.10 16:47:41.578,1.45545,1.45576,1.50,1.88
2012.04.10 16:47:41.937,1.45551,1.45581,2.55,1.50
2012.04.10 16:47:42.079,1.45551,1.45581,1.13,1.50
2012.04.10 16:47:42.153,1.45551,1.45581,1.13,1.50
2012.04.10 16:47:43.181,1.45551,1.45581,1.13,1.50
2012.04.10 16:47:44.006,1.4555,1.45581,1.88,1.50
2012.04.10 16:47:44.747,1.4555,1.45581,1.13,1.50
2012.04.10 16:47:45.081,1.4555,1.45581,1.13,1.50
2012.04.10 16:47:49.264,1.45551,1.45581,1.13,1.50
2012.04.10 16:47:50.745,1.45551,1.45581,1.13,1.50
2012.04.10 16:47:51.871,1.45551,1.45583,1.32,1.50
2012.04.10 16:47:52.359,1.45556,1.45586,3.00,1.50
2012.04.10 16:47:52.446,1.45563,1.45592,1.13,4.13
2012.04.10 16:47:52.661,1.45562,1.45591,1.32,2.36
2012.04.10 16:47:52.810,1.45566,1.45592,1.50,1.61
2012.04.10 16:47:53.109,1.45556,1.45586,2.25,1.62
2012.04.10 16:47:53.661,1.45556,1.45587,1.50,2.07
2012.04.10 16:47:53.798,1.45556,1.45585,1.50,1.50
2012.04.10 16:47:55.022,1.45556,1.45585,2.25,1.50
2012.04.10 16:47:56.343,1.45556,1.45587,3.00,2.07
2012.04.10 16:47:56.688,1.45558,1.45587,1.13,1.50
2012.04.10 16:47:59.249,1.45559,1.45587,2.25,1.50
2012.04.10 16:48:03.677,1.45557,1.45589,4.62,3.00
2012.04.10 16:48:07.482,1.45557,1.45588,4.43,1.50
2012.04.10 16:48:07.567,1.45557,1.45586,2.93,2.25
2012.04.10 16:48:07.817,1.45557,1.45588,3.12,1.50
2012.04.10 16:48:08.849,1.45557,1.45588,2.93,1.50
2012.04.10 16:48:08.922,1.45557,1.45587,3.68,1.50
2012.04.10 16:48:09.287,1.45557,1.45588,2.18,1.50
2012.04.10 16:48:16.131,1.45557,1.45589,2.18,1.69
2012.04.10 16:48:16.355,1.45553,1.45583,3.68,1.50
2012.04.10 16:48:16.686,1.45553,1.45583,1.88,1.50
2012.04.10 16:48:17.891,1.45553,1.45586,2.25,2.25
2012.04.10 16:48:19.363,1.45554,1.45585,2.18,1.69
2012.04.10 16:48:19.663,1.4556,1.45587,2.55,1.13
2012.04.10 16:48:20.751,1.4556,1.45589,1.80,1.48
2012.04.10 16:48:22.312,1.4556,1.45589,4.05,1.13
2012.04.10 16:48:28.557,1.45567,1.45591,1.43,1.50
2012.04.10 16:48:28.724,1.45567,1.45594,1.43,2.44
2012.04.10 16:48:29.079,1.45564,1.45594,2.25,2.07
2012.04.10 16:48:32.088,1.45564,1.45596,2.25,2.07
2012.04.10 16:48:34.246,1.45564,1.45596,2.25,2.07
2012.04.10 16:48:34.318,1.45564,1.45596,2.25,2.07
2012.04.10 16:48:35.787,1.45564,1.45596,2.25,1.32
2012.04.10 16:48:36.203,1.45564,1.45597,2.25,2.44
2012.04.10 16:48:37.406,1.45564,1.45597,2.82,2.25
2012.04.10 16:48:37.494,1.45564,1.45597,3.19,1.50
2012.04.10 16:48:37.569,1.45564,1.45597,2.82,1.50
2012.04.10 16:48:37.638,1.45564,1.45597,2.82,1.50
2012.04.10 16:48:38.352,1.45568,1.45599,2.25,1.50
2012.04.10 16:48:41.570,1.45568,1.456,2.25,2.07
2012.04.10 16:48:41.840,1.45568,1.456,2.25,2.07
2012.04.10 16:48:41.986,1.45568,1.456,2.25,1.32
2012.04.10 16:48:42.255,1.45572,1.45601,1.32,1.50
2012.04.10 16:48:42.619,1.45572,1.45601,2.44,1.43
2012.04.10 16:48:43.441,1.45572,1.45605,2.25,3.19
2012.04.10 16:48:43.993,1.45572,1.45605,2.25,2.07
2012.04.10 16:48:44.706,1.45576,1.45606,2.25,1.99
2012.04.10 16:48:48.190,1.45576,1.45606,2.25,1.58
2012.04.10 16:48:48.666,1.45582,1.45608,1.50,1.05
2012.04.10 16:48:48.764,1.45577,1.4561,1.13,3.19
2012.04.10 16:48:49.622,1.45575,1.45609,2.63,1.69
2012.04.10 16:48:50.165,1.45575,1.45609,2.82,1.50
2012.04.10 16:48:51.412,1.45575,1.45609,2.82,1.50
2012.04.10 16:48:53.999,1.45583,1.45613,2.18,2.44
2012.04.10 16:48:54.210,1.45583,1.45611,2.18,1.69
2012.04.10 16:48:54.557,1.45581,1.45611,2.18,3.00
2012.04.10 16:48:54.779,1.45579,1.45611,1.13,3.75
2012.04.10 16:48:55.143,1.45588,1.45611,1.43,3.75
2012.04.10 16:48:55.505,1.45586,1.45612,3.68,1.48
2012.04.10 16:48:55.602,1.45586,1.45619,3.68,3.00
2012.04.10 16:48:55.755,1.45588,1.45618,1.43,2.25
2012.04.10 16:48:55.830,1.45586,1.45618,2.82,2.93
2012.04.10 16:48:55.904,1.45586,1.45616,1.88,1.69
2012.04.10 16:48:56.194,1.45583,1.45615,1.50,2.44
2012.04.10 16:48:57.477,1.45583,1.45613,1.50,1.32
2012.04.10 16:48:57.561,1.45583,1.45615,2.25,3.00
2012.04.10 16:48:57.918,1.45583,1.45615,2.25,2.25
2012.04.10 16:48:58.443,1.45582,1.45616,4.05,2.25
2012.04.10 16:48:58.865,1.45582,1.45616,4.05,2.44
2012.04.10 16:49:01.902,1.45582,1.45615,2.63,1.69
2012.04.10 16:49:01.988,1.45582,1.45615,2.63,1.69
2012.04.10 16:49:02.259,1.45582,1.45615,2.63,1.69
2012.04.10 16:49:04.020,1.45582,1.45614,2.63,1.69
2012.04.10 16:49:04.242,1.45582,1.4561,2.25,1.69
2012.04.10 16:49:05.698,1.45581,1.45608,1.13,1.69
2012.04.10 16:49:06.117,1.45581,1.45609,1.13,1.69
2012.04.10 16:49:06.735,1.45581,1.45609,1.13,1.69
2012.04.10 16:49:06.908,1.45581,1.45609,1.13,1.69
2012.04.10 16:49:07.518,1.45577,1.45609,1.43,2.44
2012.04.10 16:49:07.662,1.45576,1.45609,1.13,3.00
2012.04.10 16:49:08.021,1.45575,1.45609,3.64,2.25
2012.04.10 16:49:08.209,1.45575,1.45609,3.64,2.25
2012.04.10 16:49:09.348,1.45581,1.45609,1.50,1.69
2012.04.10 16:49:09.422,1.45581,1.45609,1.50,1.69
2012.04.10 16:49:09.498,1.45581,1.45609,1.50,1.69
2012.04.10 16:49:09.787,1.45581,1.45609,1.88,1.69
2012.04.10 16:49:10.127,1.45576,1.45605,1.88,1.50
2012.04.10 16:49:12.070,1.45577,1.45609,1.50,2.44
2012.04.10 16:49:16.335,1.45578,1.45611,2.44,1.88
2012.04.10 16:49:16.998,1.45579,1.45611,1.50,1.88
2012.04.10 16:49:17.717,1.45579,1.45611,1.50,1.50
2012.04.10 16:49:17.867,1.45579,1.45611,1.50,1.50
2012.04.10 16:49:18.413,1.45578,1.45612,3.19,1.13
2012.04.10 16:49:18.919,1.45576,1.45607,1.13,1.43
2012.04.10 16:49:18.996,1.45575,1.45607,3.00,1.80
2012.04.10 16:49:19.724,1.45577,1.45608,2.25,1.32
2012.04.10 16:49:20.121,1.45577,1.4561,2.25,2.82
2012.04.10 16:49:22.820,1.45574,1.45606,3.87,1.50
2012.04.10 16:49:22.988,1.45574,1.45606,3.87,1.50
2012.04.10 16:49:23.276,1.45578,1.45606,1.50,1.50
2012.04.10 16:49:23.365,1.45577,1.45605,1.50,2.44
2012.04.10 16:49:23.590,1.45577,1.456,1.50,2.25
2012.04.10 16:49:24.116,1.45572,1.45602,3.00,1.43
2012.04.10 16:49:24.196,1.45572,1.45604,4.43,2.25
2012.04.10 16:49:24.275,1.45572,1.45604,4.43,2.25
2012.04.10 16:49:25.409,1.45572,1.45604,2.25,2.25
2012.04.10 16:49:25.928,1.45572,1.45604,2.25,1.50
2012.04.10 16:49:26.572,1.45572,1.45604,2.25,2.25
2012.04.10 16:49:26.933,1.45572,1.45602,1.50,2.25
2012.04.10 16:49:27.493,1.45566,1.45597,2.89,2.25
2012.04.10 16:49:28.020,1.45566,1.45597,2.89,2.44
2012.04.10 16:49:28.916,1.45566,1.45597,2.22,2.44
2012.04.10 16:49:29.139,1.45566,1.45597,1.47,2.82
2012.04.10 16:49:29.231,1.45566,1.45596,1.13,2.25
2012.04.10 16:49:29.314,1.45561,1.45594,1.88,2.44
2012.04.10 16:49:29.394,1.45564,1.45595,3.00,1.50
2012.04.10 16:49:30.877,1.45561,1.45594,1.13,2.44
2012.04.10 16:49:31.222,1.45561,1.45594,1.13,2.44
2012.04.10 16:49:33.557,1.45563,1.45597,2.25,2.07
2012.04.10 16:49:35.030,1.45565,1.45598,1.50,2.25
2012.04.10 16:49:35.244,1.45569,1.45601,2.18,3.19
2012.04.10 16:49:39.953,1.45567,1.45598,1.13,1.69
2012.04.10 16:49:40.393,1.45567,1.45598,1.13,1.69
2012.04.10 16:49:40.599,1.45567,1.45598,1.13,2.44
2012.04.10 16:49:40.885,1.45562,1.45594,1.50,2.25
2012.04.10 16:49:41.411,1.4556,1.45588,1.50,1.50
2012.04.10 16:49:41.889,1.45559,1.45588,1.13,1.50
2012.04.10 16:49:42.428,1.45557,1.45588,1.13,1.69
2012.04.10 16:49:42.871,1.45559,1.45588,1.13,1.50
2012.04.10 16:49:43.025,1.45559,1.45593,4.80,1.32
2012.04.10 16:49:43.431,1.45564,1.45594,1.43,2.07
2012.04.10 16:49:43.519,1.45568,1.45596,1.88,1.13
2012.04.10 16:49:43.809,1.45568,1.45601,3.38,2.41
2012.04.10 16:49:44.487,1.4557,1.45601,1.50,2.82
2012.04.10 16:49:44.568,1.45568,1.45601,2.63,2.82
2012.04.10 16:49:46.154,1.45566,1.45598,1.13,2.44
2012.04.10 16:49:46.660,1.45568,1.45598,1.13,2.44
2012.04.10 16:49:49.846,1.45568,1.45598,1.13,1.69
2012.04.10 16:49:50.298,1.45563,1.45593,3.19,2.18
2012.04.10 16:49:50.381,1.45561,1.45592,1.50,1.69
2012.04.10 16:49:50.659,1.45559,1.4559,1.50,1.69
2012.04.10 16:49:51.449,1.4556,1.45592,2.25,1.50
2012.04.10 16:49:52.139,1.45567,1.45596,1.50,1.10
2012.04.10 16:49:52.640,1.45571,1.45599,1.50,1.13
2012.04.10 16:49:53.281,1.45566,1.45598,1.50,2.25
2012.04.10 16:49:56.601,1.45568,1.45601,2.25,1.32
2012.04.10 16:49:56.960,1.45569,1.45601,1.13,1.32
2012.04.10 16:49:57.033,1.45569,1.45602,1.88,1.32
2012.04.10 16:49:57.638,1.45573,1.45602,2.25,1.32
2012.04.10 16:49:58.190,1.45573,1.45602,1.50,1.13
2012.04.10 16:49:58.862,1.45573,1.45605,3.00,1.32
2012.04.10 16:50:01.228,1.45573,1.45603,1.50,2.44
2012.04.10 16:50:02.109,1.4557,1.45599,1.50,1.50
2012.04.10 16:50:03.987,1.4557,1.45603,2.25,2.44
2012.04.10 16:50:07.812,1.4557,1.45603,3.00,1.69
2012.04.10 16:50:08.028,1.4557,1.45601,3.00,1.50
2012.04.10 16:50:10.716,1.4557,1.45602,3.00,1.69
2012.04.10 16:50:11.001,1.4557,1.45602,2.25,2.04
2012.04.10 16:50:11.988,1.4557,1.45601,2.25,3.12
2012.04.10 16:50:12.189,1.45571,1.45602,1.50,2.07
2012.04.10 16:50:12.759,1.45572,1.45603,1.50,2.82
2012.04.10 16:50:13.042,1.45574,1.45604,2.25,1.32
2012.04.10 16:50:13.627,1.4557,1.45604,1.88,2.44
2012.04.10 16:50:13.769,1.4557,1.45602,1.88,1.50
2012.04.10 16:50:13.841,1.4557,1.45602,1.13,2.25
2012.04.10 16:50:15.660,1.4557,1.45602,1.13,2.25
2012.04.10 16:50:17.271,1.4557,1.45602,1.13,2.25
2012.04.10 16:50:17.949,1.4557,1.45602,1.13,2.25
2012.04.10 16:50:18.638,1.4557,1.45602,1.13,2.25
2012.04.10 16:50:18.924,1.4557,1.45602,1.88,1.50
2012.04.10 16:50:19.370,1.45576,1.45604,1.50,1.69
2012.04.10 16:50:19.902,1.45576,1.45604,1.50,1.69
2012.04.10 16:50:20.055,1.45572,1.45603,1.13,2.25
2012.04.10 16:50:20.396,1.45572,1.45603,1.13,2.25
2012.04.10 16:50:21.258,1.45572,1.45603,1.13,1.69
2012.04.10 16:50:21.460,1.45576,1.45604,1.50,1.69
2012.04.10 16:50:22.170,1.45578,1.45603,1.50,1.69
2012.04.10 16:50:22.492,1.45577,1.45603,1.50,1.69
2012.04.10 16:50:22.649,1.45577,1.45603,1.50,1.69
2012.04.10 16:50:22.919,1.45571,1.45603,1.13,2.44
2012.04.10 16:50:23.258,1.4557,1.45603,2.25,3.19
2012.04.10 16:50:23.872,1.4557,1.45603,2.25,3.75
2012.04.10 16:50:24.018,1.4557,1.45603,2.25,3.75
2012.04.10 16:50:24.733,1.4557,1.45603,2.25,3.75
2012.04.10 16:50:25.740,1.4557,1.45601,2.25,1.50
2012.04.10 16:50:28.362,1.4557,1.456,2.25,1.50
2012.04.10 16:50:28.445,1.4557,1.456,2.25,1.50
2012.04.10 16:50:28.665,1.45574,1.45601,1.50,2.25
2012.04.10 16:50:28.947,1.45576,1.45605,1.50,1.69
2012.04.10 16:50:29.573,1.45578,1.45603,1.50,1.69
2012.04.10 16:50:29.941,1.45575,1.45602,1.50,2.25
2012.04.10 16:50:30.237,1.45574,1.45597,1.13,1.50
2012.04.10 16:50:30.309,1.45567,1.45597,1.50,1.50
2012.04.10 16:50:30.452,1.45565,1.45595,1.13,1.69
2012.04.10 16:50:30.535,1.45564,1.45592,1.50,1.50
2012.04.10 16:50:31.055,1.45559,1.4559,1.50,1.69
2012.04.10 16:50:31.129,1.45559,1.4559,2.25,1.69
2012.04.10 16:50:31.485,1.45577,1.45599,1.50,2.25
2012.04.10 16:50:31.628,1.45577,1.45601,1.50,1.85
2012.04.10 16:50:31.910,1.45577,1.45606,1.50,3.38
2012.04.10 16:50:32.562,1.45577,1.45604,1.50,2.44
2012.04.10 16:50:33.097,1.45577,1.45607,1.50,1.50
2012.04.10 16:50:33.172,1.45577,1.45607,1.50,1.50
2012.04.10 16:50:33.511,1.45577,1.45607,1.50,1.50
2012.04.10 16:50:33.590,1.45577,1.45608,1.50,2.44
2012.04.10 16:50:34.210,1.45577,1.45608,1.50,1.69
2012.04.10 16:50:34.806,1.45577,1.45608,1.50,2.25
2012.04.10 16:50:34.977,1.45573,1.45604,1.88,1.29
2012.04.10 16:50:35.069,1.45573,1.45603,1.50,2.07
2012.04.10 16:50:35.488,1.45577,1.45602,1.13,1.50
2012.04.10 16:50:35.871,1.45577,1.45602,1.13,1.50
2012.04.10 16:50:36.025,1.45579,1.45602,1.13,1.50
2012.04.10 16:50:36.106,1.45579,1.45606,1.13,2.44
2012.04.10 16:50:36.239,1.45573,1.45606,2.25,3.19
2012.04.10 16:50:36.310,1.45572,1.45603,1.13,1.50
2012.04.10 16:50:36.590,1.45572,1.45606,2.25,3.19
2012.04.10 16:50:37.043,1.45572,1.45606,2.25,3.75
2012.04.10 16:50:37.690,1.45572,1.45605,2.25,1.50
2012.04.10 16:50:38.051,1.45574,1.45605,1.13,1.50
2012.04.10 16:50:38.204,1.45577,1.45606,1.50,2.44
2012.04.10 16:50:39.253,1.45577,1.45608,2.63,1.50
2012.04.10 16:50:40.552,1.45578,1.45608,1.50,1.50
2012.04.10 16:50:41.434,1.45577,1.45607,1.13,2.25
2012.04.10 16:50:42.569,1.45577,1.45608,1.13,1.50
2012.04.10 16:50:43.409,1.45577,1.45606,1.13,2.25
2012.04.10 16:50:43.949,1.45577,1.45606,1.13,1.50
2012.04.10 16:50:46.156,1.45577,1.45606,1.13,1.69
2012.04.10 16:50:47.163,1.45582,1.45606,1.09,3.00
2012.04.10 16:50:47.710,1.45585,1.45613,1.50,1.10
2012.04.10 16:50:48.458,1.4559,1.45617,1.13,1.09
2012.04.10 16:50:48.541,1.4559,1.45617,1.13,1.09
2012.04.10 16:50:48.694,1.45588,1.45617,1.13,1.65
2012.04.10 16:50:48.913,1.45594,1.45623,1.50,3.00
2012.04.10 16:50:49.315,1.45593,1.45621,1.13,1.50
2012.04.10 16:50:51.262,1.45593,1.45616,1.13,1.50
2012.04.10 16:50:52.729,1.45592,1.45616,1.13,1.50
2012.04.10 16:50:53.763,1.45593,1.4562,1.13,1.50
2012.04.10 16:50:54.197,1.45592,1.45624,2.25,1.69
2012.04.10 16:50:54.283,1.45592,1.45624,2.25,1.69
2012.04.10 16:50:55.779,1.45593,1.45625,1.50,1.69
2012.04.10 16:50:55.848,1.45593,1.45625,1.50,1.69
2012.04.10 16:50:56.395,1.4559,1.45623,1.88,2.44
2012.04.10 16:50:57.790,1.4559,1.45622,1.88,1.13
2012.04.10 16:50:57.933,1.45591,1.45622,2.18,1.13
2012.04.10 16:50:58.483,1.45593,1.45623,2.55,1.69
2012.04.10 16:51:01.397,1.45593,1.45623,1.13,2.25
2012.04.10 16:51:02.674,1.4559,1.45623,3.49,3.00
2012.04.10 16:51:02.763,1.4559,1.4562,3.30,1.50
2012.04.10 16:51:03.325,1.4559,1.45621,1.88,1.50
2012.04.10 16:51:03.948,1.4559,1.45619,1.13,1.50
2012.04.10 16:51:04.567,1.4559,1.45621,2.63,1.50
2012.04.10 16:51:05.089,1.4559,1.45622,2.63,4.13
2012.04.10 16:51:05.230,1.4559,1.45619,1.13,1.50
2012.04.10 16:51:06.690,1.4559,1.45622,1.13,2.25
2012.04.10 16:51:06.831,1.45591,1.45624,1.50,1.50
2012.04.10 16:51:07.450,1.45591,1.45624,1.50,2.25
2012.04.10 16:51:07.520,1.45591,1.45623,1.50,1.10
2012.04.10 16:51:07.598,1.4559,1.45615,1.13,1.50
2012.04.10 16:51:07.675,1.45589,1.45615,1.50,2.25
2012.04.10 16:51:08.209,1.45585,1.45615,1.13,3.00
2012.04.10 16:51:09.206,1.45585,1.45614,1.13,1.69
2012.04.10 16:51:09.742,1.45585,1.45615,1.13,2.44
2012.04.10 16:51:11.673,1.45585,1.45615,1.13,2.44
2012.04.10 16:51:14.185,1.45585,1.45615,1.13,2.44
2012.04.10 16:51:16.061,1.45589,1.45618,2.25,1.69
2012.04.10 16:51:16.133,1.45589,1.45618,2.25,1.69
2012.04.10 16:51:16.486,1.45589,1.45621,3.00,2.74
2012.04.10 16:51:17.054,1.45589,1.45619,1.50,1.69
2012.04.10 16:51:21.091,1.45588,1.45619,2.37,1.50
2012.04.10 16:51:21.860,1.45589,1.45619,2.74,2.25
2012.04.10 16:51:22.224,1.45589,1.45619,2.74,3.00
2012.04.10 16:51:22.516,1.45583,1.45613,1.50,1.10
2012.04.10 16:51:22.865,1.45578,1.4561,2.63,1.69
2012.04.10 16:51:23.223,1.45578,1.45606,1.13,2.25
2012.04.10 16:51:23.519,1.45577,1.45605,1.13,3.00
2012.04.10 16:51:24.102,1.45582,1.45605,1.50,2.25
2012.04.10 16:51:24.249,1.45581,1.45607,2.18,1.50
2012.04.10 16:51:24.390,1.45576,1.45609,2.25,3.19
2012.04.10 16:51:24.529,1.45578,1.45608,1.13,1.50
2012.04.10 16:51:25.248,1.45575,1.45605,1.13,1.50
2012.04.10 16:51:25.933,1.45574,1.45605,1.13,1.50
2012.04.10 16:51:27.004,1.45574,1.45605,1.13,1.50
2012.04.10 16:51:27.554,1.45574,1.45605,1.13,1.50
2012.04.10 16:51:28.181,1.45575,1.45607,2.25,1.69
2012.04.10 16:51:28.955,1.45575,1.45607,2.25,1.69
2012.04.10 16:51:30.530,1.45575,1.45606,2.25,1.50
2012.04.10 16:51:31.012,1.45574,1.45605,1.50,2.44
2012.04.10 16:51:31.748,1.45576,1.45607,2.25,1.69
2012.04.10 16:51:32.248,1.45576,1.45607,2.25,1.69
2012.04.10 16:51:32.809,1.45576,1.45607,2.25,1.69
2012.04.10 16:51:35.352,1.45574,1.45605,1.50,2.25
2012.04.10 16:51:36.451,1.45574,1.45607,2.63,1.50
2012.04.10 16:51:37.022,1.45576,1.45608,2.55,2.25
2012.04.10 16:51:37.622,1.45577,1.45608,1.13,2.44
2012.04.10 16:51:39.345,1.45577,1.45608,1.13,2.44
2012.04.10 16:51:39.859,1.45575,1.45607,2.44,2.63
2012.04.10 16:51:42.993,1.45573,1.45606,3.49,2.25
2012.04.10 16:51:43.260,1.45575,1.45606,2.18,3.19
2012.04.10 16:51:44.018,1.45574,1.45606,2.18,2.44
2012.04.10 16:51:44.587,1.45573,1.45605,2.07,2.25
2012.04.10 16:51:44.886,1.45572,1.45603,2.25,1.88
2012.04.10 16:51:45.033,1.45572,1.45603,2.25,1.88
2012.04.10 16:51:46.250,1.45566,1.45601,2.63,2.44
2012.04.10 16:51:46.636,1.45566,1.45601,2.63,2.44
2012.04.10 16:51:46.949,1.45566,1.45601,3.38,2.44
2012.04.10 16:51:47.090,1.45566,1.45599,3.00,2.18
2012.04.10 16:51:47.429,1.45563,1.45596,2.44,1.50
2012.04.10 16:51:47.569,1.45563,1.45596,2.25,2.25
2012.04.10 16:51:48.118,1.4556,1.45593,1.32,1.50
2012.04.10 16:51:49.986,1.4556,1.45593,1.13,2.25
2012.04.10 16:51:50.703,1.4556,1.45591,1.13,1.69
2012.04.10 16:51:50.848,1.45558,1.45591,2.25,2.25
2012.04.10 16:51:51.175,1.45561,1.4559,1.50,1.43
2012.04.10 16:51:51.318,1.45563,1.45593,2.18,2.44
2012.04.10 16:51:51.457,1.45562,1.45593,1.13,2.44
2012.04.10 16:51:51.588,1.45562,1.45593,1.50,2.44
2012.04.10 16:51:52.522,1.45564,1.45593,2.18,2.44
2012.04.10 16:51:52.816,1.45568,1.45597,2.18,2.25
2012.04.10 16:51:53.177,1.45566,1.45597,2.93,1.69
2012.04.10 16:51:53.250,1.4557,1.45599,1.50,1.50
2012.04.10 16:51:53.539,1.45574,1.45603,1.50,1.50
2012.04.10 16:51:54.014,1.45574,1.456,1.50,2.44
2012.04.10 16:51:54.383,1.45574,1.456,1.13,2.44
2012.04.10 16:51:54.744,1.45575,1.45605,1.13,2.44
2012.04.10 16:51:54.825,1.45575,1.45605,1.13,2.44
2012.04.10 16:51:55.404,1.45577,1.45607,2.18,1.32
2012.04.10 16:51:55.492,1.45578,1.45606,2.25,1.32
2012.04.10 16:51:56.349,1.45577,1.45606,2.18,1.50
2012.04.10 16:51:56.712,1.45577,1.45606,2.18,1.50
2012.04.10 16:51:57.313,1.45577,1.45608,2.18,1.69
2012.04.10 16:51:57.390,1.45577,1.4561,2.18,3.00
2012.04.10 16:51:57.822,1.45584,1.45612,2.25,1.32
2012.04.10 16:51:58.229,1.45586,1.45613,2.18,2.07
2012.04.10 16:51:58.445,1.45583,1.45613,2.25,1.69
2012.04.10 16:51:58.720,1.45585,1.45616,2.25,2.44
2012.04.10 16:51:58.988,1.45587,1.45617,2.25,2.63
2012.04.10 16:51:59.397,1.4559,1.45617,2.18,1.50
2012.04.10 16:52:00.289,1.45587,1.45618,2.25,1.69
2012.04.10 16:52:01.169,1.45587,1.45618,2.25,2.25
2012.04.10 16:52:01.511,1.45583,1.45617,3.68,2.44
2012.04.10 16:52:01.760,1.45583,1.45617,1.50,3.19
2012.04.10 16:52:02.318,1.45581,1.45613,1.13,1.50
2012.04.10 16:52:04.808,1.45592,1.45616,1.50,2.44
2012.04.10 16:52:05.517,1.45584,1.45614,1.13,1.69
2012.04.10 16:52:08.036,1.45583,1.45615,2.25,3.19
2012.04.10 16:52:08.664,1.45586,1.45616,2.25,1.50
2012.04.10 16:52:09.220,1.45586,1.45617,2.25,2.25
2012.04.10 16:52:09.508,1.45586,1.45614,2.25,1.69
2012.04.10 16:52:09.790,1.4558,1.4561,1.16,2.25
2012.04.10 16:52:09.858,1.4558,1.4561,1.16,2.25
2012.04.10 16:52:10.294,1.4558,1.4561,1.16,1.50
2012.04.10 16:52:10.374,1.45578,1.4561,2.25,1.50
2012.04.10 16:52:10.529,1.4558,1.4561,1.35,1.50
2012.04.10 16:52:10.951,1.45584,1.45612,2.25,1.13
2012.04.10 16:52:11.105,1.45584,1.45615,2.25,1.85
2012.04.10 16:52:11.503,1.45584,1.45617,2.66,3.19
2012.04.10 16:52:11.592,1.45584,1.45615,2.25,2.37
2012.04.10 16:52:12.139,1.45584,1.45615,2.25,2.74
2012.04.10 16:52:12.657,1.45584,1.45613,2.25,1.13
2012.04.10 16:52:13.195,1.4558,1.45612,2.85,1.13
2012.04.10 16:52:13.723,1.4558,1.45612,3.68,1.66
2012.04.10 16:52:14.044,1.4558,1.45612,3.68,1.66
2012.04.10 16:52:14.722,1.45584,1.45612,2.25,1.29
2012.04.10 16:52:15.087,1.45588,1.45614,2.18,1.13
2012.04.10 16:52:15.602,1.45588,1.45617,2.58,2.82
2012.04.10 16:52:16.139,1.45588,1.45617,2.58,2.82
2012.04.10 16:52:16.207,1.45588,1.45617,2.58,2.82
2012.04.10 16:52:16.888,1.45589,1.4562,2.25,1.32
2012.04.10 16:52:18.130,1.45589,1.45619,2.25,1.88
2012.04.10 16:52:18.200,1.45589,1.45619,2.25,2.07
2012.04.10 16:52:18.720,1.45589,1.45616,2.25,2.07
2012.04.10 16:52:20.122,1.45589,1.45616,2.25,2.25
2012.04.10 16:52:20.961,1.45588,1.45616,2.18,1.88
2012.04.10 16:52:21.406,1.45583,1.45615,2.25,2.07
2012.04.10 16:52:22.601,1.45583,1.45615,2.25,1.88
2012.04.10 16:52:22.959,1.45588,1.45617,2.25,1.13
2012.04.10 16:52:23.101,1.45588,1.4562,2.25,1.88
2012.04.10 16:52:23.177,1.45588,1.4562,2.25,1.50
2012.04.10 16:52:23.370,1.45588,1.4562,2.25,1.13
2012.04.10 16:52:26.222,1.45591,1.45621,1.50,1.50
2012.04.10 16:52:26.369,1.45591,1.45625,3.00,1.69
2012.04.10 16:52:26.961,1.45591,1.45626,3.19,3.16
2012.04.10 16:52:27.261,1.45591,1.45626,2.25,3.38
2012.04.10 16:52:28.999,1.45589,1.45621,2.63,2.25
2012.04.10 16:52:29.483,1.45589,1.45619,2.63,1.69
2012.04.10 16:52:29.967,1.45584,1.45611,1.50,1.50
2012.04.10 16:52:30.279,1.45576,1.45607,1.13,1.69
2012.04.10 16:52:30.781,1.45576,1.45607,1.13,1.50
2012.04.10 16:52:32.155,1.45577,1.45608,2.25,1.50
2012.04.10 16:52:32.948,1.45577,1.45611,3.19,2.63
2012.04.10 16:52:33.317,1.45577,1.45611,5.37,1.50
2012.04.10 16:52:36.678,1.45578,1.45611,1.13,2.44
2012.04.10 16:52:37.208,1.45578,1.45611,1.13,1.69
2012.04.10 16:52:37.733,1.45585,1.45611,1.50,1.69
2012.04.10 16:52:37.939,1.45585,1.45616,2.93,1.50
2012.04.10 16:52:38.634,1.45587,1.45617,1.13,2.44
2012.04.10 16:52:38.737,1.45587,1.45617,1.13,2.44
2012.04.10 16:52:41.391,1.45587,1.45617,1.13,2.44
2012.04.10 16:52:41.953,1.45586,1.45615,1.13,1.69
2012.04.10 16:52:42.103,1.45584,1.45615,1.50,1.69
2012.04.10 16:52:42.322,1.45584,1.45615,1.50,2.07
2012.04.10 16:52:42.471,1.45582,1.45613,2.25,2.44
2012.04.10 16:52:43.588,1.45581,1.45613,2.25,2.44
2012.04.10 16:52:44.301,1.45583,1.45613,2.93,2.44
2012.04.10 16:52:44.373,1.45584,1.45617,2.25,3.00
2012.04.10 16:52:44.519,1.45585,1.45617,1.50,3.00
2012.04.10 16:52:45.030,1.45585,1.45617,2.18,3.75
2012.04.10 16:52:46.617,1.45587,1.45617,1.13,3.19
2012.04.10 16:52:46.697,1.45587,1.45617,1.13,2.25
2012.04.10 16:52:48.297,1.45587,1.45617,1.13,2.44
2012.04.10 16:52:48.427,1.45587,1.45617,1.13,2.44
2012.04.10 16:52:49.447,1.45587,1.45617,1.13,2.25
2012.04.10 16:52:51.182,1.45589,1.4562,2.25,1.69
2012.04.10 16:52:52.100,1.45587,1.45618,1.13,1.50
2012.04.10 16:52:52.447,1.45594,1.45624,2.44,2.63
2012.04.10 16:52:52.523,1.45594,1.45625,2.44,1.50
2012.04.10 16:52:53.273,1.45597,1.45627,1.13,1.50
2012.04.10 16:52:54.298,1.45595,1.45627,2.18,2.63
2012.04.10 16:52:55.767,1.45594,1.45627,2.25,2.63
2012.04.10 16:52:58.751,1.45596,1.45627,2.37,1.88
2012.04.10 16:53:00.822,1.45596,1.45627,2.37,1.50
2012.04.10 16:53:01.326,1.45602,1.45627,2.18,1.50
2012.04.10 16:53:01.407,1.456,1.4563,1.13,1.50
2012.04.10 16:53:01.812,1.45599,1.4563,1.50,1.50
2012.04.10 16:53:02.030,1.45599,1.45627,1.13,1.50
2012.04.10 16:53:02.103,1.45599,1.45631,1.13,3.00
2012.04.10 16:53:02.629,1.45599,1.45629,1.13,1.69
2012.04.10 16:53:02.703,1.45599,1.45629,1.13,1.69
2012.04.10 16:53:02.911,1.456,1.45631,2.74,1.88
2012.04.10 16:53:04.291,1.45604,1.45631,1.13,1.50
2012.04.10 16:53:05.281,1.45605,1.45634,2.55,3.00
2012.04.10 16:53:07.801,1.45603,1.45632,1.13,1.50
2012.04.10 16:53:09.446,1.45603,1.45632,1.13,1.50
2012.04.10 16:53:10.347,1.45605,1.45634,2.18,1.69
2012.04.10 16:53:12.111,1.45605,1.45637,2.55,2.44
2012.04.10 16:53:12.251,1.45606,1.45637,1.13,2.44
2012.04.10 16:53:13.579,1.45606,1.45636,1.13,2.44
2012.04.10 16:53:14.289,1.45606,1.45636,1.13,1.69
2012.04.10 16:53:14.992,1.45606,1.45636,1.13,2.25
2012.04.10 16:53:15.357,1.45605,1.45632,2.18,1.69
2012.04.10 16:53:15.454,1.45599,1.45629,2.25,1.50
2012.04.10 16:53:17.538,1.45599,1.4563,2.44,3.00
2012.04.10 16:53:17.892,1.456,1.45632,1.13,2.25
2012.04.10 16:53:17.971,1.45601,1.45629,1.13,1.10
2012.04.10 16:53:18.559,1.45599,1.45627,1.13,1.13
2012.04.10 16:53:19.468,1.45599,1.45626,1.13,1.13
2012.04.10 16:53:19.915,1.45599,1.45626,1.13,1.13
2012.04.10 16:53:20.062,1.45598,1.45626,1.13,1.13
2012.04.10 16:53:20.210,1.45598,1.45626,1.13,1.13
2012.04.10 16:53:20.293,1.45601,1.45628,1.50,1.50
2012.04.10 16:53:20.824,1.456,1.45631,3.00,2.07
2012.04.10 16:53:20.967,1.45601,1.45631,1.50,1.32
2012.04.10 16:53:23.480,1.45601,1.45632,1.50,1.69
2012.04.10 16:53:31.827,1.456,1.45631,2.63,2.63
2012.04.10 16:53:32.958,1.45599,1.45629,1.13,3.00
2012.04.10 16:53:35.076,1.45599,1.45629,1.13,2.44
2012.04.10 16:53:36.237,1.45599,1.45629,1.13,1.50
2012.04.10 16:53:36.833,1.45602,1.45634,2.18,2.44
2012.04.10 16:53:38.027,1.45602,1.4563,2.18,2.44
2012.04.10 16:53:40.892,1.45602,1.4563,2.18,2.44
2012.04.10 16:53:44.312,1.45601,1.4563,2.18,2.44
2012.04.10 16:53:44.795,1.45601,1.4563,2.18,2.44
2012.04.10 16:53:45.223,1.456,1.4563,1.13,2.25
2012.04.10 16:53:45.303,1.456,1.4563,1.13,2.25
2012.04.10 16:53:45.532,1.456,1.4563,1.13,2.25
2012.04.10 16:53:46.077,1.45602,1.45634,2.18,2.44
2012.04.10 16:53:48.861,1.45605,1.45634,2.18,2.44
2012.04.10 16:53:48.999,1.45605,1.45634,2.18,1.69
2012.04.10 16:53:49.347,1.45609,1.45636,1.50,2.44
2012.04.10 16:53:49.897,1.45606,1.45633,1.13,1.50
2012.04.10 16:53:50.493,1.45606,1.45638,1.13,3.00
2012.04.10 16:53:51.002,1.45606,1.45635,1.13,1.50
2012.04.10 16:53:55.362,1.45606,1.45635,1.13,2.25
2012.04.10 16:53:55.928,1.45606,1.45635,1.13,2.44
2012.04.10 16:53:56.765,1.45604,1.45634,1.50,1.69
2012.04.10 16:53:57.123,1.456,1.4563,1.50,2.25
2012.04.10 16:53:57.691,1.45598,1.4563,3.38,2.25
2012.04.10 16:53:58.512,1.45593,1.45627,3.19,3.00
2012.04.10 16:53:59.232,1.45593,1.45625,2.25,1.69
2012.04.10 16:53:59.723,1.45593,1.45621,1.50,1.13
2012.04.10 16:54:00.250,1.4559,1.45621,3.00,2.18
2012.04.10 16:54:02.820,1.45589,1.4562,1.13,2.25
2012.04.10 16:54:04.721,1.45595,1.45624,1.50,1.50
2012.04.10 16:54:04.802,1.45596,1.45624,1.50,1.50
2012.04.10 16:54:05.020,1.45597,1.45629,1.13,2.44
2012.04.10 16:54:05.369,1.45596,1.45629,1.13,2.44
2012.04.10 16:54:08.748,1.45596,1.45627,1.13,1.50
2012.04.10 16:54:10.338,1.45595,1.45627,3.38,1.50
2012.04.10 16:54:10.930,1.45596,1.45627,1.50,1.50
2012.04.10 16:54:11.074,1.45595,1.45627,3.00,1.50
2012.04.10 16:54:11.294,1.45596,1.45627,1.50,1.50
2012.04.10 16:54:12.617,1.45596,1.45628,1.69,2.25
2012.04.10 16:54:13.681,1.45596,1.45628,2.44,3.00
2012.04.10 16:54:14.226,1.45596,1.45628,1.69,2.25
2012.04.10 16:54:14.706,1.45594,1.45624,1.32,2.25
2012.04.10 16:54:18.546,1.45593,1.45624,1.32,1.50
2012.04.10 16:54:20.599,1.45594,1.45624,1.13,1.50
2012.04.10 16:54:21.016,1.45594,1.45624,1.88,1.50
2012.04.10 16:54:24.337,1.45593,1.45624,1.13,1.50
2012.04.10 16:54:24.905,1.45594,1.45624,1.13,1.50
2012.04.10 16:54:27.596,1.45593,1.45624,1.50,1.50
2012.04.10 16:54:28.878,1.45594,1.45624,1.50,1.50
2012.04.10 16:54:31.510,1.45593,1.45624,1.50,1.50
2012.04.10 16:54:32.278,1.45593,1.45624,1.69,2.25
2012.04.10 16:54:32.777,1.45594,1.45624,1.13,3.00
2012.04.10 16:54:35.579,1.45594,1.45623,1.13,1.50
2012.04.10 16:54:36.023,1.45592,1.45623,3.19,2.25
2012.04.10 16:54:37.570,1.45592,1.45622,2.25,1.50
2012.04.10 16:54:38.940,1.45589,1.45618,1.13,1.50
2012.04.10 16:54:39.352,1.45587,1.45619,2.63,1.69
2012.04.10 16:54:39.917,1.45587,1.45615,1.13,1.50
2012.04.10 16:54:40.432,1.45587,1.45618,1.13,2.44
2012.04.10 16:54:45.196,1.45587,1.45618,1.13,2.25
2012.04.10 16:54:45.670,1.45587,1.45618,1.13,2.25
2012.04.10 16:54:46.812,1.45587,1.45618,1.13,2.25
2012.04.10 16:54:48.394,1.45588,1.45618,1.50,2.25
2012.04.10 16:54:48.922,1.45589,1.45618,1.13,2.25
2012.04.10 16:54:49.000,1.45589,1.45618,1.13,3.00
2012.04.10 16:54:49.154,1.45581,1.4561,1.88,2.25
2012.04.10 16:54:49.297,1.45579,1.4561,2.25,2.44
2012.04.10 16:54:49.375,1.45576,1.45607,1.13,1.50
2012.04.10 16:54:49.665,1.45578,1.45606,1.13,1.50
2012.04.10 16:54:49.982,1.45578,1.45609,1.13,1.50
2012.04.10 16:54:50.061,1.4558,1.4561,1.50,2.25
2012.04.10 16:54:50.759,1.45581,1.4561,1.13,2.25
2012.04.10 16:54:51.313,1.45581,1.45612,1.13,1.69
2012.04.10 16:54:52.135,1.45579,1.45609,1.50,1.50
2012.04.10 16:54:52.338,1.45575,1.45608,2.25,2.44
2012.04.10 16:54:52.688,1.45575,1.45608,2.25,3.19
2012.04.10 16:54:53.044,1.45579,1.45608,1.69,2.25
2012.04.10 16:54:53.124,1.45581,1.45608,1.50,2.25
2012.04.10 16:54:53.203,1.45581,1.45608,1.50,2.25
2012.04.10 16:54:53.353,1.45584,1.45613,1.13,2.44
2012.04.10 16:54:55.687,1.45581,1.45605,1.43,1.50
2012.04.10 16:54:55.778,1.45573,1.45602,1.13,2.44
2012.04.10 16:54:56.142,1.45572,1.45602,1.88,2.44
2012.04.10 16:54:56.290,1.4557,1.45598,1.13,1.50
2012.04.10 16:54:56.365,1.45569,1.45598,1.50,1.50
2012.04.10 16:54:56.583,1.45569,1.45598,1.16,2.25
2012.04.10 16:54:57.118,1.4557,1.45598,1.50,2.25
2012.04.10 16:54:57.474,1.4557,1.45598,1.50,2.25
2012.04.10 16:54:59.097,1.45568,1.45598,1.88,2.25
2012.04.10 16:54:59.708,1.45568,1.45598,1.88,1.50
2012.04.10 16:55:00.249,1.45568,1.45597,1.13,1.50
2012.04.10 16:55:00.799,1.45567,1.45597,1.50,1.50
2012.04.10 16:55:00.877,1.45567,1.45597,1.50,2.25
2012.04.10 16:55:00.958,1.45565,1.45595,1.13,1.50
2012.04.10 16:55:01.313,1.4556,1.45589,3.12,1.50
2012.04.10 16:55:01.483,1.45557,1.45588,1.50,1.50
2012.04.10 16:55:01.635,1.4556,1.45588,1.50,1.50
2012.04.10 16:55:01.926,1.45556,1.45588,3.00,2.25
2012.04.10 16:55:02.284,1.45558,1.45588,1.50,2.25
2012.04.10 16:55:03.249,1.45562,1.45589,1.50,2.44
2012.04.10 16:55:03.670,1.45561,1.45589,1.50,2.44
2012.04.10 16:55:04.779,1.45559,1.45588,2.18,2.44
2012.04.10 16:55:04.860,1.45554,1.45583,1.50,1.50
2012.04.10 16:55:05.148,1.45548,1.45582,2.25,3.19
2012.04.10 16:55:05.365,1.45548,1.45581,1.50,2.07
2012.04.10 16:55:06.141,1.45546,1.45577,2.55,1.50
2012.04.10 16:55:08.167,1.45549,1.45577,1.43,1.50
2012.04.10 16:55:08.460,1.45549,1.45574,1.43,1.50
2012.04.10 16:55:08.601,1.45546,1.45574,1.13,1.50
2012.04.10 16:55:09.880,1.45541,1.45569,1.13,1.50
2012.04.10 16:55:10.389,1.4554,1.45572,3.57,3.00
2012.04.10 16:55:10.747,1.45544,1.45573,1.50,2.25
2012.04.10 16:55:11.378,1.45546,1.45576,1.50,2.25
2012.04.10 16:55:12.053,1.45545,1.45576,1.13,3.00
2012.04.10 16:55:12.272,1.45543,1.45576,1.50,4.32
2012.04.10 16:55:12.487,1.45539,1.45572,1.69,3.68
2012.04.10 16:55:13.236,1.45539,1.45572,1.69,4.43
2012.04.10 16:55:13.896,1.45541,1.45571,1.50,1.50
2012.04.10 16:55:14.260,1.45544,1.45572,1.13,2.25
2012.04.10 16:55:14.404,1.45547,1.45577,2.18,2.44
2012.04.10 16:55:14.617,1.45549,1.45578,1.13,1.50
2012.04.10 16:55:17.019,1.45551,1.45578,1.50,1.50
2012.04.10 16:55:17.930,1.45547,1.45578,3.49,1.50
2012.04.10 16:55:18.472,1.45551,1.45578,1.50,1.50
2012.04.10 16:55:19.312,1.4555,1.45581,2.55,3.00
2012.04.10 16:55:19.598,1.4555,1.45576,1.13,1.50
2012.04.10 16:55:20.174,1.45549,1.45576,1.13,2.25
2012.04.10 16:55:20.726,1.45546,1.45576,1.32,2.25
2012.04.10 16:55:21.263,1.45546,1.45576,1.32,3.00
2012.04.10 16:55:22.424,1.45546,1.45576,1.32,3.00
2012.04.10 16:55:22.813,1.45547,1.45576,2.25,1.50
2012.04.10 16:55:23.029,1.45547,1.45576,3.68,1.50
2012.04.10 16:55:23.260,1.45547,1.45578,1.69,2.25
2012.04.10 16:55:23.334,1.45549,1.45579,1.50,3.00
2012.04.10 16:55:23.763,1.45551,1.45581,1.69,2.25
2012.04.10 16:55:25.063,1.45551,1.45584,3.19,1.13
2012.04.10 16:55:26.059,1.45554,1.45584,1.50,1.13
2012.04.10 16:55:26.689,1.45555,1.45584,1.50,1.13
2012.04.10 16:55:28.327,1.45555,1.45584,1.50,1.88
2012.04.10 16:55:28.601,1.45552,1.45584,1.69,3.38
2012.04.10 16:55:29.292,1.45552,1.45579,1.69,1.43
2012.04.10 16:55:29.385,1.45547,1.45578,3.19,1.88
2012.04.10 16:55:29.742,1.45547,1.45578,2.44,1.13
2012.04.10 16:55:29.894,1.45547,1.45578,1.50,1.50
2012.04.10 16:55:31.563,1.45547,1.45581,2.44,2.23
2012.04.10 16:55:31.652,1.45547,1.45581,3.19,1.50
2012.04.10 16:55:31.740,1.45547,1.45579,2.44,1.50
2012.04.10 16:55:32.093,1.45547,1.45578,2.37,1.50
2012.04.10 16:55:32.455,1.45546,1.45577,1.88,1.13
2012.04.10 16:55:32.598,1.45546,1.45577,1.13,1.13
2012.04.10 16:55:33.529,1.45546,1.45577,1.13,1.13
2012.04.10 16:55:34.103,1.45546,1.45577,1.32,1.13
2012.04.10 16:55:34.748,1.45545,1.45577,1.69,1.13
2012.04.10 16:55:35.293,1.45548,1.45577,1.80,1.13
2012.04.10 16:55:36.201,1.45548,1.45577,3.30,1.13
2012.04.10 16:55:36.768,1.45548,1.45577,2.93,1.13
2012.04.10 16:55:38.888,1.45548,1.45577,1.50,1.13
2012.04.10 16:55:39.020,1.45551,1.45578,1.13,1.43
2012.04.10 16:55:39.300,1.45554,1.45585,1.13,2.25
2012.04.10 16:55:39.509,1.45554,1.45586,4.05,1.50
2012.04.10 16:55:39.577,1.45555,1.45589,1.69,4.13
2012.04.10 16:55:39.649,1.45555,1.45589,1.32,4.13
2012.04.10 16:55:39.792,1.45557,1.45589,1.50,2.25
2012.04.10 16:55:40.338,1.4556,1.45589,1.13,1.50
2012.04.10 16:55:41.108,1.4556,1.45592,1.13,1.32
2012.04.10 16:55:42.224,1.45561,1.45593,1.13,3.00
2012.04.10 16:55:43.768,1.4556,1.45593,1.13,3.19
2012.04.10 16:55:45.528,1.45561,1.45593,1.13,3.19
2012.04.10 16:55:45.598,1.45561,1.45593,1.13,3.19
2012.04.10 16:55:46.147,1.45564,1.45594,1.50,1.69
2012.04.10 16:55:46.360,1.45562,1.45593,1.13,2.44
2012.04.10 16:55:46.626,1.4556,1.45593,1.88,3.19
2012.04.10 16:55:48.698,1.4556,1.4559,1.88,1.69
2012.04.10 16:55:48.914,1.45552,1.45583,1.13,1.69
2012.04.10 16:55:49.062,1.45552,1.45583,1.13,1.69
2012.04.10 16:55:49.213,1.45553,1.45585,2.25,1.65
2012.04.10 16:55:50.741,1.45553,1.45585,3.94,1.13
2012.04.10 16:55:51.098,1.4556,1.45588,1.50,1.13
2012.04.10 16:55:51.174,1.4556,1.4559,1.50,4.24
2012.04.10 16:55:51.723,1.45561,1.45593,2.25,1.88
2012.04.10 16:55:52.686,1.45561,1.45592,2.44,1.13
2012.04.10 16:55:53.197,1.4556,1.45588,2.44,1.50
2012.04.10 16:55:53.351,1.45563,1.45594,1.13,1.69
2012.04.10 16:55:53.632,1.45566,1.45591,1.50,1.50
2012.04.10 16:55:54.135,1.45566,1.4559,1.50,1.50
2012.04.10 16:55:54.214,1.45566,1.45594,1.50,2.25
2012.04.10 16:55:54.885,1.45567,1.4559,1.50,1.50
2012.04.10 16:55:55.104,1.45566,1.45594,1.13,2.44
2012.04.10 16:55:55.183,1.45564,1.45594,1.13,2.44
2012.04.10 16:55:55.265,1.45564,1.45594,1.13,2.44
2012.04.10 16:55:57.052,1.45568,1.45594,1.13,2.25
2012.04.10 16:55:57.561,1.45566,1.45594,1.50,2.25
2012.04.10 16:55:58.054,1.45565,1.45594,1.50,1.50
2012.04.10 16:55:58.172,1.45561,1.45581,1.50,1.09
2012.04.10 16:55:58.260,1.45553,1.45583,1.16,3.19
2012.04.10 16:55:58.479,1.45548,1.45579,1.53,2.25
2012.04.10 16:55:58.828,1.4555,1.45579,1.46,2.25
2012.04.10 16:55:59.237,1.45548,1.4558,1.50,2.44
2012.04.10 16:55:59.729,1.45546,1.45579,1.50,1.69
2012.04.10 16:56:00.072,1.45545,1.45579,2.63,1.69
2012.04.10 16:56:00.221,1.45545,1.45576,2.63,1.50
2012.04.10 16:56:00.428,1.45547,1.45579,1.50,1.50
2012.04.10 16:56:00.997,1.45547,1.4558,1.50,2.44
2012.04.10 16:56:01.503,1.45544,1.45575,4.05,1.69
2012.04.10 16:56:01.591,1.45544,1.45575,1.13,2.44
2012.04.10 16:56:02.129,1.45545,1.45572,1.13,1.50
2012.04.10 16:56:02.954,1.45545,1.45572,1.13,2.25
2012.04.10 16:56:03.099,1.45539,1.45568,1.13,1.50
2012.04.10 16:56:03.669,1.45537,1.45568,1.88,1.50
2012.04.10 16:56:03.894,1.45538,1.45568,1.13,2.25
2012.04.10 16:56:04.244,1.45544,1.45573,1.13,1.50
2012.04.10 16:56:04.391,1.45547,1.45573,1.13,2.25
2012.04.10 16:56:04.649,1.45541,1.45573,1.09,3.19
2012.04.10 16:56:04.939,1.45541,1.45569,1.47,1.69
2012.04.10 16:56:05.392,1.45535,1.45567,2.93,2.25
2012.04.10 16:56:05.479,1.45535,1.45567,2.93,2.25
2012.04.10 16:56:05.677,1.45535,1.45567,2.18,2.25
2012.04.10 16:56:05.946,1.45535,1.45567,2.93,2.25
2012.04.10 16:56:06.338,1.45535,1.45566,2.93,1.13
2012.04.10 16:56:06.997,1.45536,1.45567,1.50,2.82
2012.04.10 16:56:08.330,1.45536,1.45567,1.50,2.44
2012.04.10 16:56:08.475,1.45535,1.45567,2.18,3.19
2012.04.10 16:56:08.760,1.45534,1.45564,1.13,3.19
2012.04.10 16:56:09.058,1.45533,1.45564,1.50,2.25
2012.04.10 16:56:09.594,1.45533,1.45564,1.13,2.25
2012.04.10 16:56:09.929,1.45535,1.45564,1.09,2.25
2012.04.10 16:56:10.281,1.45536,1.45564,1.69,1.50
2012.04.10 16:56:10.430,1.45536,1.45567,1.69,2.25
2012.04.10 16:56:11.052,1.45536,1.45567,1.69,2.25
2012.04.10 16:56:13.111,1.45536,1.45567,1.50,2.25
2012.04.10 16:56:13.463,1.45536,1.45566,1.50,1.50
2012.04.10 16:56:13.921,1.45536,1.45567,1.13,3.19
2012.04.10 16:56:14.012,1.45534,1.45562,1.50,1.50
2012.04.10 16:56:19.491,1.45533,1.45565,2.25,1.50
2012.04.10 16:56:21.491,1.45533,1.45565,3.87,1.50
2012.04.10 16:56:21.989,1.45531,1.45564,3.12,1.50
2012.04.10 16:56:22.379,1.45531,1.45564,2.93,2.25
2012.04.10 16:56:23.408,1.45532,1.45564,1.69,2.93
2012.04.10 16:56:23.744,1.45532,1.45564,1.69,3.68
2012.04.10 16:56:24.630,1.4553,1.45563,1.32,2.55
2012.04.10 16:56:24.774,1.45532,1.45563,1.50,1.13
2012.04.10 16:56:27.269,1.45531,1.45563,2.07,1.50
2012.04.10 16:56:27.485,1.4553,1.45559,1.50,1.50
2012.04.10 16:56:28.008,1.45527,1.45559,1.50,3.00
2012.04.10 16:56:28.225,1.45527,1.45559,1.88,1.50
2012.04.10 16:56:28.448,1.45529,1.45561,2.93,3.38
2012.04.10 16:56:28.523,1.45529,1.45561,2.93,1.88
2012.04.10 16:56:28.800,1.45529,1.45559,1.13,1.50
2012.04.10 16:56:28.964,1.45526,1.45559,2.37,2.25
2012.04.10 16:56:29.043,1.45526,1.45556,2.37,1.50
2012.04.10 16:56:29.123,1.45524,1.45555,1.69,1.43
2012.04.10 16:56:29.204,1.45524,1.45555,2.44,1.43
2012.04.10 16:56:29.591,1.45528,1.45557,1.50,1.13
2012.04.10 16:56:29.671,1.45528,1.45561,3.19,1.13
2012.04.10 16:56:30.008,1.45528,1.45561,3.19,1.13
2012.04.10 16:56:30.532,1.45529,1.45563,1.50,3.72
2012.04.10 16:56:31.307,1.45529,1.45563,2.25,3.72
2012.04.10 16:56:33.064,1.45529,1.45563,3.00,2.63
2012.04.10 16:56:33.213,1.45532,1.45563,1.69,1.88
2012.04.10 16:56:33.293,1.45529,1.45561,1.69,1.43
2012.04.10 16:56:34.369,1.45527,1.45559,1.69,1.50
2012.04.10 16:56:36.260,1.45526,1.45559,1.69,3.68
2012.04.10 16:56:36.400,1.45526,1.45555,1.69,1.50
2012.04.10 16:56:37.700,1.45525,1.45555,1.69,1.50
2012.04.10 16:56:38.572,1.45523,1.45555,1.69,1.50
2012.04.10 16:56:38.814,1.45526,1.45558,2.25,1.50
2012.04.10 16:56:39.380,1.45526,1.45559,2.44,2.25
2012.04.10 16:56:42.797,1.45526,1.45559,2.25,2.25
2012.04.10 16:56:46.992,1.45527,1.45559,1.43,2.25
2012.04.10 16:56:47.064,1.45527,1.45558,1.43,1.13
2012.04.10 16:56:47.651,1.45526,1.45558,2.44,1.13
2012.04.10 16:56:48.287,1.45525,1.45556,1.69,2.25
2012.04.10 16:56:48.814,1.45525,1.45556,1.69,2.25
2012.04.10 16:56:48.897,1.45525,1.45558,3.19,1.13
2012.04.10 16:56:49.108,1.45525,1.45558,3.19,1.13
2012.04.10 16:56:49.220,1.45525,1.45558,3.75,1.13
2012.04.10 16:56:49.669,1.45527,1.45558,1.50,1.13
2012.04.10 16:56:51.481,1.45525,1.4556,2.44,2.82
2012.04.10 16:56:51.553,1.45529,1.4556,2.18,2.07
2012.04.10 16:56:52.392,1.45531,1.4556,1.28,1.50
2012.04.10 16:56:52.552,1.45534,1.45568,1.13,3.00
2012.04.10 16:56:53.058,1.45537,1.45568,1.50,2.25
2012.04.10 16:56:53.875,1.45538,1.4557,1.50,2.25
2012.04.10 16:56:55.114,1.45537,1.45566,1.69,1.50
2012.04.10 16:56:55.753,1.45537,1.45566,1.50,1.50
2012.04.10 16:56:56.597,1.45535,1.45565,1.32,1.43
2012.04.10 16:56:56.750,1.45529,1.45561,2.03,2.25
2012.04.10 16:56:56.825,1.45529,1.45561,1.69,2.25
2012.04.10 16:56:57.406,1.45528,1.45561,4.99,1.50
2012.04.10 16:56:57.885,1.45534,1.45561,1.50,1.50
2012.04.10 16:56:57.962,1.45532,1.45561,1.69,1.50
2012.04.10 16:56:58.043,1.45532,1.45563,3.19,1.50
2012.04.10 16:56:58.309,1.45534,1.45566,1.69,1.50
2012.04.10 16:56:58.616,1.4554,1.45567,1.50,3.35
2012.04.10 16:56:59.131,1.4554,1.4557,1.50,1.50
2012.04.10 16:56:59.279,1.45536,1.45569,3.38,2.25
2012.04.10 16:56:59.703,1.45536,1.45569,3.38,2.25
2012.04.10 16:57:00.051,1.45536,1.45568,2.63,1.50
2012.04.10 16:57:00.967,1.45533,1.45564,1.32,2.25
2012.04.10 16:57:01.276,1.45535,1.45567,2.78,3.38
2012.04.10 16:57:01.358,1.45535,1.45566,1.28,1.50
2012.04.10 16:57:01.430,1.45532,1.45566,3.15,2.25
2012.04.10 16:57:01.992,1.45535,1.45565,1.09,1.43
2012.04.10 16:57:02.568,1.45538,1.45566,1.13,2.25
2012.04.10 16:57:02.846,1.45534,1.45564,1.09,1.50
2012.04.10 16:57:02.933,1.45532,1.45563,1.50,3.00
2012.04.10 16:57:03.225,1.45528,1.45559,1.09,2.44
2012.04.10 16:57:03.300,1.45528,1.45559,1.47,2.44
2012.04.10 16:57:04.522,1.45526,1.45559,1.32,2.25
2012.04.10 16:57:04.600,1.45526,1.45559,1.13,3.00
2012.04.10 16:57:04.952,1.45526,1.45554,1.50,1.50
2012.04.10 16:57:05.501,1.45526,1.45558,1.50,2.25
2012.04.10 16:57:06.146,1.45539,1.45564,1.69,1.50
2012.04.10 16:57:06.235,1.45537,1.45568,1.50,2.25
2012.04.10 16:57:06.677,1.45535,1.45569,2.44,1.50
2012.04.10 16:57:06.823,1.45536,1.4557,3.12,2.63
2012.04.10 16:57:07.393,1.45535,1.45569,3.19,1.50
2012.04.10 16:57:08.169,1.45536,1.45569,1.50,1.50
2012.04.10 16:57:08.716,1.45537,1.4557,1.69,2.25
2012.04.10 16:57:08.865,1.45535,1.45567,1.69,1.13
2012.04.10 16:57:09.035,1.45537,1.45568,1.50,1.13
2012.04.10 16:57:09.250,1.4554,1.4557,2.25,1.50
2012.04.10 16:57:09.826,1.45542,1.4557,1.50,1.50
2012.04.10 16:57:09.913,1.45542,1.45568,1.50,1.50
2012.04.10 16:57:10.412,1.45542,1.45572,1.50,3.00
2012.04.10 16:57:11.878,1.45542,1.45572,1.50,3.19
2012.04.10 16:57:12.819,1.45542,1.45569,1.50,1.50
2012.04.10 16:57:13.032,1.45537,1.45569,1.32,1.50
2012.04.10 16:57:13.574,1.45537,1.45569,1.32,1.50
2012.04.10 16:57:13.778,1.45537,1.45569,2.07,1.50
2012.04.10 16:57:15.218,1.45539,1.45571,2.44,2.25
2012.04.10 16:57:15.721,1.45539,1.45568,1.13,1.50
2012.04.10 16:57:15.939,1.45534,1.45564,2.18,1.50
2012.04.10 16:57:16.023,1.45532,1.45562,1.69,2.25
2012.04.10 16:57:16.382,1.45535,1.45565,1.50,2.60
2012.04.10 16:57:17.229,1.45536,1.45568,1.50,2.63
2012.04.10 16:57:17.794,1.45534,1.45568,2.44,2.25
2012.04.10 16:57:18.180,1.45534,1.45568,2.25,2.44
2012.04.10 16:57:19.005,1.45535,1.45568,1.50,2.44
2012.04.10 16:57:19.998,1.45535,1.45568,1.50,2.44
2012.04.10 16:57:21.501,1.45535,1.45568,1.50,2.44
2012.04.10 16:57:22.299,1.45535,1.45568,1.50,2.44
2012.04.10 16:57:24.126,1.45535,1.45568,1.50,2.44
2012.04.10 16:57:29.140,1.45535,1.45568,1.50,2.44
2012.04.10 16:57:34.729,1.45534,1.45568,2.25,2.44
2012.04.10 16:57:35.691,1.45534,1.45568,3.00,3.19
2012.04.10 16:57:36.161,1.45534,1.45565,2.63,2.18
2012.04.10 16:57:37.189,1.45535,1.45565,1.50,1.43
2012.04.10 16:57:37.797,1.45535,1.45566,1.88,1.13
2012.04.10 16:57:39.198,1.45539,1.45568,1.50,3.68
2012.04.10 16:57:39.552,1.45545,1.45575,1.69,2.60
2012.04.10 16:57:39.630,1.45545,1.45577,1.69,2.25
2012.04.10 16:57:40.042,1.45547,1.45577,1.50,2.25
2012.04.10 16:57:41.217,1.45547,1.45577,1.50,2.25
2012.04.10 16:57:41.440,1.45548,1.4558,2.25,2.25
2012.04.10 16:57:41.862,1.45554,1.4558,1.43,2.25
2012.04.10 16:57:42.308,1.45551,1.45584,2.25,2.44
2012.04.10 16:57:42.454,1.45553,1.45584,1.43,3.19
2012.04.10 16:57:42.671,1.45553,1.45584,1.43,3.19
2012.04.10 16:57:42.893,1.45554,1.45584,2.18,2.44
2012.04.10 16:57:44.852,1.45553,1.45583,1.43,2.44
2012.04.10 16:57:45.619,1.45553,1.45583,1.43,2.44
2012.04.10 16:57:45.845,1.45553,1.45583,2.18,2.44
2012.04.10 16:57:46.209,1.45557,1.45587,1.69,1.50
2012.04.10 16:57:46.358,1.45558,1.45587,2.25,1.50
2012.04.10 16:57:46.438,1.45564,1.45592,1.13,1.69
2012.04.10 16:57:46.783,1.45564,1.45592,1.13,1.69
2012.04.10 16:57:46.866,1.45567,1.45592,2.93,1.50
2012.04.10 16:57:46.953,1.45569,1.45595,1.13,1.69
2012.04.10 16:57:47.244,1.45567,1.45591,1.13,1.50
2012.04.10 16:57:47.608,1.45564,1.45591,2.22,1.50
2012.04.10 16:57:47.684,1.45566,1.45591,1.50,1.50
2012.04.10 16:57:47.764,1.45566,1.45597,1.50,2.25
2012.04.10 16:57:47.972,1.45566,1.45597,1.50,1.50
2012.04.10 16:57:48.574,1.45566,1.45597,1.50,1.50
2012.04.10 16:57:48.652,1.45566,1.45597,1.50,1.50
2012.04.10 16:57:48.946,1.45566,1.45594,1.50,1.50
2012.04.10 16:57:49.235,1.45566,1.45592,1.50,2.18
2012.04.10 16:57:49.454,1.45559,1.4559,2.44,2.55
2012.04.10 16:57:50.229,1.45559,1.45588,2.25,1.13
2012.04.10 16:57:50.302,1.45559,1.4559,2.25,2.74
2012.04.10 16:57:50.635,1.45561,1.45591,1.50,1.13
2012.04.10 16:57:50.712,1.45561,1.45591,1.50,1.13
2012.04.10 16:57:50.850,1.45561,1.45592,1.50,1.88
2012.04.10 16:57:50.988,1.45561,1.45592,1.50,1.88
2012.04.10 16:57:52.940,1.4556,1.45592,1.50,1.69
2012.04.10 16:57:54.207,1.45561,1.45592,1.50,1.50
2012.04.10 16:57:54.865,1.45563,1.45597,2.25,3.38
2012.04.10 16:57:55.722,1.45562,1.45593,2.25,2.44
2012.04.10 16:57:55.798,1.45562,1.45593,2.25,3.19
2012.04.10 16:57:56.009,1.45557,1.45588,1.88,1.50
2012.04.10 16:57:56.222,1.45556,1.45587,1.50,1.32
2012.04.10 16:57:57.032,1.45553,1.45583,1.50,1.50
2012.04.10 16:57:57.188,1.45549,1.45577,1.13,1.50
2012.04.10 16:57:57.478,1.45549,1.45581,1.13,1.13
2012.04.10 16:57:57.765,1.45549,1.45582,1.13,2.07
2012.04.10 16:57:58.281,1.45549,1.45582,2.25,1.69
2012.04.10 16:57:59.253,1.45551,1.45582,1.50,1.50
2012.04.10 16:57:59.327,1.45551,1.45582,1.50,3.00
2012.04.10 16:58:00.673,1.45551,1.45582,1.50,3.00
2012.04.10 16:58:01.042,1.45544,1.45573,1.50,2.44
2012.04.10 16:58:01.406,1.45545,1.45573,1.13,2.44
2012.04.10 16:58:01.944,1.45543,1.45573,1.13,3.87
2012.04.10 16:58:02.440,1.45543,1.4557,1.13,1.69
2012.04.10 16:58:03.149,1.45543,1.45573,1.13,2.37
2012.04.10 16:58:09.410,1.45539,1.4557,1.13,2.25
2012.04.10 16:58:10.753,1.45539,1.45571,3.38,2.44
2012.04.10 16:58:10.969,1.45539,1.45568,2.25,1.50
2012.04.10 16:58:11.498,1.45537,1.45567,1.32,1.50
2012.04.10 16:58:11.749,1.45537,1.45567,1.32,2.25
2012.04.10 16:58:12.198,1.45538,1.45567,1.32,1.50
2012.04.10 16:58:12.398,1.45542,1.45572,1.50,2.25
2012.04.10 16:58:12.470,1.4554,1.45572,1.88,2.25
2012.04.10 16:58:12.538,1.4554,1.45572,1.88,3.00
2012.04.10 16:58:12.610,1.4554,1.45572,1.88,3.00
2012.04.10 16:58:13.051,1.45537,1.45568,1.32,2.25
2012.04.10 16:58:13.550,1.45536,1.45568,1.50,2.25
2012.04.10 16:58:13.692,1.45538,1.45569,3.00,2.18
2012.04.10 16:58:13.769,1.4554,1.45569,2.25,2.18
2012.04.10 16:58:14.657,1.4554,1.45568,1.50,1.50
2012.04.10 16:58:14.871,1.45538,1.45568,2.25,2.93
2012.04.10 16:58:14.965,1.45538,1.45568,2.25,2.93
2012.04.10 16:58:16.541,1.45542,1.45571,1.50,1.88
2012.04.10 16:58:16.902,1.45547,1.45574,1.50,1.50
2012.04.10 16:58:17.139,1.45547,1.45574,1.50,1.50
2012.04.10 16:58:18.579,1.45547,1.45579,1.50,2.18
2012.04.10 16:58:18.660,1.4555,1.45579,2.25,1.43
2012.04.10 16:58:19.300,1.45551,1.45579,2.25,1.43
2012.04.10 16:58:19.442,1.4555,1.45582,3.00,2.18
2012.04.10 16:58:19.800,1.4555,1.45581,3.19,1.50
2012.04.10 16:58:21.061,1.4555,1.45582,2.25,2.93
2012.04.10 16:58:21.134,1.4555,1.45582,2.25,2.18
2012.04.10 16:58:21.462,1.4555,1.45579,2.25,1.43
2012.04.10 16:58:22.400,1.45547,1.45575,1.69,1.43
2012.04.10 16:58:22.681,1.45543,1.45571,1.88,1.50
2012.04.10 16:58:22.883,1.45543,1.45571,1.13,2.44
2012.04.10 16:58:23.390,1.45542,1.45568,1.13,2.18
2012.04.10 16:58:23.902,1.45542,1.45571,1.13,3.68
2012.04.10 16:58:23.979,1.45542,1.45571,1.13,2.25
2012.04.10 16:58:24.192,1.45542,1.45571,2.07,1.50
2012.04.10 16:58:24.548,1.45546,1.45571,1.50,1.50
2012.04.10 16:58:24.619,1.45546,1.45575,1.50,1.50
2012.04.10 16:58:25.116,1.45546,1.45575,1.50,1.69
2012.04.10 16:58:25.829,1.45546,1.45575,1.50,1.69
2012.04.10 16:58:26.211,1.45546,1.45575,1.50,1.69
2012.04.10 16:58:27.677,1.45546,1.45575,1.50,1.50
2012.04.10 16:58:31.126,1.45545,1.45575,1.13,1.50
2012.04.10 16:58:31.202,1.45546,1.45577,2.25,1.69
2012.04.10 16:58:31.283,1.45546,1.45579,3.00,4.62
2012.04.10 16:58:31.830,1.45546,1.45576,1.50,2.44
2012.04.10 16:58:32.135,1.45541,1.45571,2.07,1.88
2012.04.10 16:58:32.281,1.45542,1.45571,1.69,1.88
2012.04.10 16:58:32.492,1.45545,1.45574,1.50,2.63
2012.04.10 16:58:32.574,1.45545,1.45574,1.69,2.25
2012.04.10 16:58:34.072,1.45545,1.45574,1.50,1.69
2012.04.10 16:58:34.351,1.45542,1.45571,1.50,1.50
2012.04.10 16:58:34.705,1.45542,1.45576,1.69,1.50
2012.04.10 16:58:35.883,1.45542,1.45572,1.50,3.68
2012.04.10 16:58:35.967,1.45537,1.45566,2.66,2.25
2012.04.10 16:58:36.249,1.45535,1.45566,1.53,2.25
2012.04.10 16:58:36.870,1.45536,1.45566,1.53,2.25
2012.04.10 16:58:36.938,1.45535,1.45566,1.50,2.25
2012.04.10 16:58:37.473,1.45534,1.45566,3.19,1.50
2012.04.10 16:58:37.551,1.45536,1.45566,1.69,1.50
2012.04.10 16:58:37.938,1.45535,1.45566,1.69,1.50
2012.04.10 16:58:38.038,1.45534,1.45564,1.50,1.50
2012.04.10 16:58:38.390,1.45535,1.45564,1.50,2.93
2012.04.10 16:58:40.019,1.45535,1.45564,1.50,2.93
2012.04.10 16:58:43.234,1.45534,1.45564,1.50,2.93
2012.04.10 16:58:48.918,1.45534,1.45563,1.50,1.43
2012.04.10 16:58:50.553,1.45531,1.45559,1.69,2.25
2012.04.10 16:58:51.006,1.45526,1.45555,2.63,1.50
2012.04.10 16:58:51.146,1.45521,1.45552,1.50,2.25
2012.04.10 16:58:51.825,1.45521,1.45552,1.69,3.00
2012.04.10 16:58:52.342,1.45521,1.45552,1.69,3.00
2012.04.10 16:58:52.598,1.45521,1.45552,1.69,3.00
2012.04.10 16:58:53.218,1.45523,1.45552,1.50,3.00
2012.04.10 16:58:53.738,1.45523,1.45552,1.50,1.50
2012.04.10 16:58:56.174,1.45523,1.45552,1.50,1.50
2012.04.10 16:58:56.388,1.45523,1.45554,3.00,1.50
2012.04.10 16:58:57.313,1.45523,1.45557,3.00,1.13
2012.04.10 16:58:57.404,1.45521,1.45554,1.50,3.68
2012.04.10 16:58:57.984,1.45521,1.45554,1.50,3.68
2012.04.10 16:58:59.067,1.45521,1.45554,1.69,4.05
2012.04.10 16:59:00.587,1.4552,1.45553,1.69,1.50
2012.04.10 16:59:01.114,1.4552,1.45553,1.69,1.50
2012.04.10 16:59:01.464,1.45527,1.45554,1.69,1.50
2012.04.10 16:59:01.738,1.45527,1.45554,2.25,1.50
2012.04.10 16:59:01.883,1.45526,1.45558,1.32,3.00
2012.04.10 16:59:01.963,1.45526,1.45554,1.32,1.50
2012.04.10 16:59:03.156,1.45525,1.45554,1.69,1.50
2012.04.10 16:59:03.596,1.45531,1.45559,1.50,1.88
2012.04.10 16:59:04.174,1.45536,1.45561,1.50,1.50
2012.04.10 16:59:04.250,1.45536,1.45564,1.50,1.50
2012.04.10 16:59:06.362,1.45536,1.45559,1.50,1.50
2012.04.10 16:59:06.597,1.45531,1.45559,1.50,1.50
2012.04.10 16:59:06.740,1.45528,1.45555,2.28,1.50
2012.04.10 16:59:07.476,1.45529,1.45555,1.13,1.50
2012.04.10 16:59:08.509,1.45529,1.45555,1.13,1.50
2012.04.10 16:59:09.500,1.45528,1.4555,1.88,1.50
2012.04.10 16:59:09.586,1.45524,1.4555,1.50,1.50
2012.04.10 16:59:10.093,1.45519,1.4555,2.25,2.44
2012.04.10 16:59:11.451,1.45519,1.4555,1.88,2.44
2012.04.10 16:59:11.748,1.45515,1.45545,1.32,2.25
2012.04.10 16:59:12.534,1.45516,1.45545,1.69,2.25
2012.04.10 16:59:13.101,1.45517,1.45548,1.69,1.50
2012.04.10 16:59:14.375,1.45514,1.45541,1.50,1.43
2012.04.10 16:59:14.533,1.45514,1.45543,1.50,1.50
2012.04.10 16:59:14.755,1.45513,1.4554,1.88,1.43
2012.04.10 16:59:14.833,1.45513,1.4554,1.32,1.43
2012.04.10 16:59:16.849,1.45511,1.45536,1.50,1.43
2012.04.10 16:59:16.925,1.45508,1.45536,1.13,1.43
2012.04.10 16:59:17.900,1.45509,1.45534,1.13,1.43
2012.04.10 16:59:17.970,1.45508,1.45538,1.50,1.50
2012.04.10 16:59:18.262,1.45508,1.45541,3.19,3.30
2012.04.10 16:59:19.054,1.45508,1.4554,3.19,1.43
2012.04.10 16:59:20.475,1.45508,1.45536,3.19,1.43
2012.04.10 16:59:20.552,1.45508,1.4554,3.19,1.43
2012.04.10 16:59:20.761,1.45508,1.45538,1.69,1.50
2012.04.10 16:59:21.218,1.45504,1.45536,3.42,3.00
2012.04.10 16:59:21.300,1.45504,1.45533,1.17,2.25
2012.04.10 16:59:21.453,1.45504,1.45528,1.17,1.50
2012.04.10 16:59:21.538,1.45501,1.45532,1.38,2.18
2012.04.10 16:59:21.615,1.45498,1.45528,2.10,1.43
2012.04.10 16:59:22.114,1.45497,1.4553,3.57,2.18
2012.04.10 16:59:22.844,1.45498,1.45532,1.69,3.68
2012.04.10 16:59:22.990,1.45498,1.4553,1.69,1.43
2012.04.10 16:59:23.442,1.45498,1.45528,1.69,1.50
2012.04.10 16:59:27.278,1.455,1.45528,1.50,1.43
2012.04.10 16:59:27.417,1.455,1.45532,1.50,2.93
2012.04.10 16:59:27.824,1.455,1.45532,1.13,2.93
2012.04.10 16:59:28.370,1.455,1.45532,1.69,2.93
2012.04.10 16:59:28.695,1.45501,1.45529,1.69,1.43
2012.04.10 16:59:28.795,1.455,1.45532,1.69,3.30
2012.04.10 16:59:28.942,1.45502,1.4553,1.69,1.43
2012.04.10 16:59:29.089,1.45502,1.45532,1.69,1.50
2012.04.10 16:59:29.230,1.45502,1.45532,2.25,1.50
2012.04.10 16:59:29.788,1.45502,1.4553,1.50,1.43
2012.04.10 16:59:29.883,1.45502,1.45534,1.50,1.80
2012.04.10 16:59:29.958,1.45502,1.45531,1.50,1.50
2012.04.10 16:59:30.300,1.45502,1.45531,1.69,1.50
2012.04.10 16:59:30.999,1.45502,1.45531,2.25,1.50
2012.04.10 16:59:31.905,1.45502,1.45531,2.44,1.50
2012.04.10 16:59:31.986,1.45503,1.45531,1.69,1.50
2012.04.10 16:59:32.199,1.45504,1.45534,1.32,3.00
2012.04.10 16:59:32.272,1.45502,1.45534,3.57,1.50
2012.04.10 16:59:32.783,1.45504,1.45533,1.32,1.43
2012.04.10 16:59:32.862,1.45503,1.45531,1.32,1.50
2012.04.10 16:59:34.100,1.45502,1.45533,3.19,1.43
2012.04.10 16:59:34.490,1.45506,1.45533,1.50,1.43
2012.04.10 16:59:34.565,1.45506,1.45535,1.50,1.88
2012.04.10 16:59:37.452,1.45506,1.45535,1.50,1.50
2012.04.10 16:59:40.011,1.45506,1.45535,1.50,1.50
2012.04.10 16:59:40.162,1.45505,1.45535,1.50,2.44
2012.04.10 16:59:40.912,1.45499,1.45531,2.44,2.25
2012.04.10 16:59:42.014,1.45499,1.45531,2.44,2.25
2012.04.10 16:59:42.101,1.45499,1.45531,1.69,2.25
2012.04.10 16:59:42.624,1.45502,1.45534,1.50,2.37
2012.04.10 16:59:43.092,1.45499,1.45532,1.69,1.88
2012.04.10 16:59:43.181,1.45499,1.45532,2.07,1.88
2012.04.10 16:59:43.944,1.45505,1.45536,1.50,2.63
2012.04.10 16:59:44.092,1.45505,1.45536,1.50,3.68
2012.04.10 16:59:44.652,1.45503,1.45536,1.50,3.68
2012.04.10 16:59:45.070,1.45503,1.45536,2.44,3.68
2012.04.10 16:59:45.410,1.45503,1.45536,2.25,4.05
2012.04.10 16:59:46.578,1.45503,1.45535,2.25,2.18
2012.04.10 16:59:46.729,1.45507,1.45536,1.50,2.63
2012.04.10 16:59:46.799,1.45503,1.45536,2.25,2.25
2012.04.10 16:59:47.010,1.45503,1.45536,1.50,2.63
2012.04.10 16:59:47.539,1.45501,1.45532,1.50,2.25
2012.04.10 16:59:53.824,1.45504,1.45533,3.19,2.63
2012.04.10 16:59:53.924,1.45506,1.45537,2.25,1.13
2012.04.10 16:59:54.005,1.45511,1.45538,1.50,1.13
2012.04.10 16:59:54.540,1.45509,1.45538,2.44,1.50
2012.04.10 16:59:54.889,1.45509,1.4554,2.44,2.25
2012.04.10 16:59:55.659,1.45509,1.4554,2.82,2.25
2012.04.10 16:59:55.883,1.45509,1.45536,2.44,1.50
2012.04.10 16:59:55.962,1.45509,1.45536,1.69,1.50
2012.04.10 16:59:57.326,1.45509,1.45536,2.63,1.50
2012.04.10 16:59:57.454,1.45512,1.45541,1.50,1.50
2012.04.10 16:59:57.539,1.45512,1.45541,1.50,2.25
2012.04.10 16:59:57.747,1.4551,1.45541,1.09,4.50
2012.04.10 16:59:57.895,1.45506,1.45541,2.63,4.50
2012.04.10 16:59:58.054,1.45506,1.45535,2.25,1.43
2012.04.10 16:59:58.341,1.45504,1.45535,2.63,2.93
2012.04.10 16:59:58.480,1.45504,1.45535,1.88,2.93
2012.04.10 16:59:59.491,1.45517,1.45545,1.50,2.18
2012.04.10 16:59:59.846,1.45522,1.45547,1.50,2.55
