2012.10.29 01:00:00.642,1.50476,1.50517,1.50,3.00
2012.10.29 01:00:01.439,1.50479,1.50521,1.88,1.24
2012.10.29 01:00:02.010,1.50482,1.5052,1.13,1.28
2012.10.29 01:00:02.870,1.50479,1.50521,2.63,1.50
2012.10.29 01:00:03.192,1.5048,1.50521,1.50,2.48
2012.10.29 01:00:03.497,1.50476,1.50519,1.32,1.35
2012.10.29 01:00:03.738,1.50478,1.50519,1.50,1.35
2012.10.29 01:00:03.798,1.50478,1.50521,1.73,1.13
2012.10.29 01:00:04.128,1.50479,1.50525,1.35,2.10
2012.10.29 01:00:04.248,1.50479,1.50525,1.35,1.88
2012.10.29 01:00:04.548,1.50479,1.50524,1.35,1.13
2012.10.29 01:00:05.487,1.50479,1.50525,1.35,2.40
2012.10.29 01:00:05.760,1.50481,1.50524,1.17,1.88
2012.10.29 01:00:06.444,1.50477,1.50523,1.92,1.35
2012.10.29 01:00:06.817,1.50477,1.50523,1.54,2.10
2012.10.29 01:00:07.455,1.50477,1.50523,1.54,2.10
2012.10.29 01:00:07.576,1.50478,1.50523,1.13,2.10
2012.10.29 01:00:07.882,1.50479,1.50519,1.13,1.13
2012.10.29 01:00:08.399,1.50482,1.50523,1.50,1.88
2012.10.29 01:00:08.969,1.50482,1.50523,1.13,1.88
2012.10.29 01:00:10.489,1.50475,1.50518,2.63,1.92
2012.10.29 01:00:10.552,1.5047,1.50516,1.17,2.48
2012.10.29 01:00:13.657,1.5047,1.50516,1.17,2.85
2012.10.29 01:00:13.809,1.5047,1.50516,1.17,2.48
2012.10.29 01:00:14.407,1.50469,1.50516,2.10,2.48
2012.10.29 01:00:16.468,1.50468,1.50516,2.85,1.88
2012.10.29 01:00:17.238,1.50468,1.50516,2.25,2.63
2012.10.29 01:00:17.648,1.50468,1.50516,2.25,2.48
2012.10.29 01:00:18.149,1.50468,1.50516,2.25,2.48
2012.10.29 01:00:18.447,1.50468,1.50516,2.25,2.25
2012.10.29 01:00:56.787,1.50466,1.50516,3.00,2.25
2012.10.29 01:01:04.258,1.50466,1.50516,2.63,2.48
2012.10.29 01:01:05.737,1.50466,1.50512,2.63,1.47
2012.10.29 01:01:05.858,1.50466,1.50512,2.63,1.47
2012.10.29 01:01:06.389,1.50466,1.50512,2.63,1.47
2012.10.29 01:01:14.177,1.50466,1.5051,2.85,1.13
2012.10.29 01:01:35.678,1.50459,1.50507,1.13,1.13
2012.10.29 01:01:35.858,1.50459,1.50508,1.13,2.97
2012.10.29 01:01:35.918,1.50459,1.50508,1.13,2.97
2012.10.29 01:01:36.420,1.50459,1.50508,1.35,2.97
2012.10.29 01:01:36.639,1.50459,1.50508,1.35,2.97
2012.10.29 01:01:38.198,1.50461,1.50507,1.50,1.13
2012.10.29 01:01:39.958,1.50464,1.50508,1.35,2.74
2012.10.29 01:01:40.609,1.50464,1.50508,1.35,2.74
2012.10.29 01:01:40.778,1.50464,1.50508,1.35,2.74
2012.10.29 01:01:42.400,1.50462,1.50508,1.35,2.74
2012.10.29 01:01:46.091,1.50463,1.50508,1.35,2.74
2012.10.29 01:01:46.818,1.50466,1.50508,2.48,1.24
2012.10.29 01:01:47.189,1.50463,1.50508,1.35,1.47
2012.10.29 01:01:48.624,1.50463,1.50508,1.35,1.47
2012.10.29 01:01:52.757,1.50474,1.50509,1.13,1.88
2012.10.29 01:01:53.708,1.50462,1.50507,1.13,1.28
2012.10.29 01:01:58.639,1.50464,1.50509,1.13,2.74
2012.10.29 01:01:58.699,1.50464,1.50509,1.13,2.74
2012.10.29 01:01:59.125,1.50463,1.50509,1.73,2.74
2012.10.29 01:01:59.248,1.50463,1.50509,1.73,2.74
2012.10.29 01:01:59.572,1.50463,1.50509,1.73,3.49
2012.10.29 01:02:00.420,1.50463,1.50509,1.92,2.74
2012.10.29 01:02:02.503,1.50465,1.50509,1.13,2.74
2012.10.29 01:02:03.006,1.50465,1.50509,1.13,2.74
2012.10.29 01:02:03.069,1.50465,1.505,1.13,1.13
2012.10.29 01:02:03.198,1.50465,1.50499,1.13,1.13
2012.10.29 01:02:07.729,1.50464,1.50501,1.13,1.13
2012.10.29 01:02:08.452,1.50464,1.50503,1.13,1.13
2012.10.29 01:02:10.611,1.50465,1.50508,1.13,2.40
2012.10.29 01:02:11.049,1.50465,1.50508,1.13,2.40
2012.10.29 01:02:11.417,1.50465,1.50508,1.35,2.18
2012.10.29 01:02:13.859,1.50465,1.50508,1.35,2.18
2012.10.29 01:02:14.078,1.50465,1.50508,1.13,2.18
2012.10.29 01:02:16.741,1.50465,1.50508,1.13,2.18
2012.10.29 01:02:17.168,1.50466,1.50503,2.48,1.13
2012.10.29 01:02:19.248,1.50466,1.50509,2.25,1.24
2012.10.29 01:02:19.419,1.50466,1.50508,1.50,1.65
2012.10.29 01:02:19.980,1.50464,1.50508,1.50,2.40
2012.10.29 01:03:09.278,1.50463,1.50509,2.67,1.65
2012.10.29 01:03:32.131,1.50464,1.50503,1.13,1.13
2012.10.29 01:03:33.589,1.50464,1.50509,1.88,1.65
2012.10.29 01:03:34.315,1.50464,1.50504,1.13,1.13
2012.10.29 01:03:35.768,1.50464,1.50504,1.13,1.13
2012.10.29 01:03:36.334,1.50464,1.50509,1.88,1.65
2012.10.29 01:03:36.869,1.50464,1.50504,1.13,1.13
2012.10.29 01:03:48.078,1.50463,1.50504,2.63,1.13
2012.10.29 01:03:50.108,1.50467,1.50508,1.13,1.65
2012.10.29 01:03:50.289,1.50463,1.50505,4.69,1.13
2012.10.29 01:03:50.469,1.50464,1.50504,1.32,1.13
2012.10.29 01:03:50.810,1.50464,1.50501,1.32,1.13
2012.10.29 01:03:59.609,1.50464,1.50499,1.32,1.13
2012.10.29 01:04:00.159,1.50464,1.50499,1.13,1.13
2012.10.29 01:04:03.228,1.50463,1.50499,2.44,1.13
2012.10.29 01:04:03.401,1.50463,1.50499,2.44,1.13
2012.10.29 01:04:03.928,1.50462,1.50499,2.82,1.13
2012.10.29 01:04:06.399,1.50462,1.50499,2.82,1.13
2012.10.29 01:04:09.140,1.50462,1.50499,2.63,1.13
2012.10.29 01:04:09.598,1.50462,1.50499,2.63,1.13
2012.10.29 01:04:11.593,1.50463,1.50499,1.13,1.13
2012.10.29 01:04:23.920,1.5046,1.505,3.42,1.13
2012.10.29 01:04:24.198,1.5046,1.50498,2.67,1.13
2012.10.29 01:04:25.063,1.50457,1.50498,3.00,1.13
2012.10.29 01:04:25.230,1.50457,1.50498,3.75,1.35
2012.10.29 01:04:25.408,1.50457,1.50498,2.82,1.35
2012.10.29 01:04:27.709,1.50457,1.50498,2.82,1.35
2012.10.29 01:04:28.148,1.50457,1.505,2.82,1.35
2012.10.29 01:04:28.208,1.50457,1.50503,3.57,1.35
2012.10.29 01:04:28.268,1.50457,1.50503,3.57,1.13
2012.10.29 01:04:30.353,1.50461,1.50503,2.63,1.13
2012.10.29 01:05:01.139,1.50464,1.50509,1.32,1.35
2012.10.29 01:05:01.498,1.50461,1.50494,2.07,1.13
2012.10.29 01:05:01.618,1.50461,1.50499,2.44,1.13
2012.10.29 01:05:01.798,1.50461,1.50499,2.25,1.13
2012.10.29 01:05:06.068,1.50461,1.50503,1.50,1.35
2012.10.29 01:05:06.128,1.50461,1.50503,1.50,1.35
2012.10.29 01:05:06.634,1.50461,1.505,1.50,1.13
2012.10.29 01:05:08.127,1.50459,1.50506,1.35,2.10
2012.10.29 01:05:08.188,1.50466,1.50506,1.13,2.25
2012.10.29 01:05:08.249,1.50466,1.50506,1.13,3.00
2012.10.29 01:05:08.310,1.50466,1.50506,1.13,1.65
2012.10.29 01:05:08.450,1.50466,1.50504,2.63,1.13
2012.10.29 01:05:10.020,1.50466,1.50509,2.63,1.43
2012.10.29 01:05:16.955,1.50466,1.50509,2.63,1.43
2012.10.29 01:05:17.258,1.50472,1.50509,2.63,1.28
2012.10.29 01:05:17.578,1.50472,1.50506,2.82,1.13
2012.10.29 01:05:19.652,1.50469,1.50506,1.17,1.13
2012.10.29 01:05:19.718,1.50469,1.50506,1.17,1.13
2012.10.29 01:05:19.779,1.50469,1.50504,1.17,1.13
2012.10.29 01:05:20.298,1.50468,1.50506,3.42,1.13
2012.10.29 01:05:25.270,1.50468,1.50508,3.42,1.13
2012.10.29 01:05:25.710,1.50468,1.50506,3.42,1.13
2012.10.29 01:06:03.336,1.50472,1.50506,2.44,1.13
2012.10.29 01:06:03.398,1.50472,1.50508,2.44,1.13
2012.10.29 01:06:03.458,1.50472,1.5051,2.44,1.13
2012.10.29 01:06:04.109,1.5047,1.50513,1.13,1.13
2012.10.29 01:06:04.349,1.50471,1.50519,1.32,2.40
2012.10.29 01:06:14.679,1.50481,1.5052,2.44,2.25
2012.10.29 01:06:15.039,1.50481,1.50521,2.82,1.13
2012.10.29 01:06:15.346,1.50481,1.50521,2.82,1.88
2012.10.29 01:06:18.650,1.50481,1.50521,2.82,1.88
2012.10.29 01:06:18.957,1.50481,1.50521,2.82,1.88
2012.10.29 01:06:40.927,1.50478,1.50518,2.44,1.50
2012.10.29 01:06:41.492,1.50479,1.50518,1.32,1.88
2012.10.29 01:06:42.045,1.5048,1.50518,1.32,1.13
2012.10.29 01:06:42.548,1.5048,1.50518,1.32,1.50
2012.10.29 01:06:43.298,1.50479,1.50518,1.32,2.25
2012.10.29 01:06:43.829,1.50478,1.50518,2.44,1.13
2012.10.29 01:06:44.078,1.50479,1.50519,1.32,1.13
2012.10.29 01:06:44.398,1.50478,1.50518,2.44,1.88
2012.10.29 01:06:44.989,1.50478,1.50517,2.25,1.50
2012.10.29 01:06:45.048,1.50478,1.50517,2.25,1.50
2012.10.29 01:06:45.590,1.50476,1.50515,1.69,1.13
2012.10.29 01:06:46.118,1.50475,1.50513,1.17,1.13
2012.10.29 01:06:47.729,1.50477,1.50518,1.32,1.88
2012.10.29 01:06:47.849,1.50479,1.50518,2.82,1.13
2012.10.29 01:06:48.089,1.50487,1.5052,1.13,1.88
2012.10.29 01:06:48.148,1.50487,1.5052,1.13,2.10
2012.10.29 01:06:48.390,1.50479,1.50518,1.88,1.13
2012.10.29 01:06:48.462,1.50479,1.50523,1.50,1.54
2012.10.29 01:06:48.988,1.50479,1.50519,1.88,1.50
2012.10.29 01:06:49.289,1.50477,1.50518,1.32,1.50
2012.10.29 01:06:53.237,1.50477,1.50518,1.32,1.88
2012.10.29 01:07:12.363,1.50473,1.50518,1.32,1.13
2012.10.29 01:07:12.548,1.50474,1.50519,1.32,1.50
2012.10.29 01:07:12.609,1.50478,1.50522,1.13,2.85
2012.10.29 01:07:12.920,1.50481,1.50518,2.25,1.50
2012.10.29 01:07:13.386,1.50481,1.50518,2.82,1.13
2012.10.29 01:07:17.691,1.5048,1.50518,1.32,1.88
2012.10.29 01:07:17.818,1.5048,1.50518,1.32,2.10
2012.10.29 01:07:17.938,1.50477,1.50518,1.69,1.13
2012.10.29 01:07:18.129,1.50472,1.50513,2.81,1.13
2012.10.29 01:07:18.189,1.50477,1.50518,1.32,1.13
2012.10.29 01:07:18.550,1.50476,1.50519,1.50,1.50
2012.10.29 01:07:22.793,1.50476,1.50519,1.13,1.13
2012.10.29 01:07:35.700,1.50476,1.50519,1.13,1.88
2012.10.29 01:07:38.169,1.50474,1.50519,1.13,1.88
2012.10.29 01:07:38.514,1.50472,1.50513,1.13,1.13
2012.10.29 01:07:39.102,1.50472,1.50513,1.13,1.13
2012.10.29 01:07:39.720,1.50472,1.50513,1.13,1.13
2012.10.29 01:07:45.829,1.50474,1.50518,1.13,1.50
2012.10.29 01:08:03.157,1.50472,1.50513,1.13,1.13
2012.10.29 01:08:09.397,1.50474,1.50518,1.13,1.13
2012.10.29 01:08:17.079,1.50476,1.50517,1.50,1.50
2012.10.29 01:08:17.138,1.50476,1.50516,1.50,1.13
2012.10.29 01:08:17.705,1.50473,1.50516,1.13,1.13
2012.10.29 01:08:20.531,1.50476,1.50517,1.50,1.13
2012.10.29 01:08:20.599,1.50482,1.50519,1.13,1.88
2012.10.29 01:08:20.778,1.50484,1.5052,1.50,1.50
2012.10.29 01:08:20.838,1.50484,1.50524,1.50,1.13
2012.10.29 01:08:20.898,1.50484,1.50525,2.10,1.50
2012.10.29 01:08:21.159,1.50491,1.5053,1.13,2.63
2012.10.29 01:08:21.418,1.50491,1.5053,1.13,2.63
2012.10.29 01:08:22.211,1.50491,1.5053,1.13,2.63
2012.10.29 01:08:22.279,1.50491,1.5053,1.13,2.63
2012.10.29 01:08:22.528,1.50488,1.5053,1.13,2.25
2012.10.29 01:08:24.858,1.50489,1.5053,1.13,2.63
2012.10.29 01:08:34.569,1.50484,1.5053,1.35,2.25
2012.10.29 01:09:14.218,1.50488,1.50533,1.35,3.00
2012.10.29 01:09:22.502,1.50483,1.50533,2.48,2.25
2012.10.29 01:09:28.160,1.50485,1.50535,2.10,2.48
2012.10.29 01:09:36.290,1.50485,1.50535,2.10,2.48
2012.10.29 01:09:36.818,1.50485,1.50532,3.04,1.73
2012.10.29 01:10:01.688,1.50489,1.50528,1.13,1.13
2012.10.29 01:10:02.005,1.50488,1.50528,1.13,1.13
2012.10.29 01:10:11.209,1.50491,1.50528,1.13,1.50
2012.10.29 01:10:17.470,1.50488,1.50524,1.17,1.13
2012.10.29 01:10:17.949,1.5049,1.50531,1.13,2.85
2012.10.29 01:10:18.491,1.50486,1.50529,1.17,1.50
2012.10.29 01:10:18.622,1.50484,1.50528,2.63,1.73
2012.10.29 01:10:18.689,1.50484,1.50531,2.63,2.85
2012.10.29 01:10:19.030,1.50484,1.50531,2.63,2.48
2012.10.29 01:10:19.210,1.50488,1.50531,1.13,1.88
2012.10.29 01:10:20.759,1.50486,1.50529,1.13,1.13
2012.10.29 01:10:23.089,1.50486,1.50529,1.13,1.13
2012.10.29 01:10:38.030,1.50489,1.50532,1.13,2.25
2012.10.29 01:10:39.599,1.50484,1.50528,1.88,1.13
2012.10.29 01:10:39.660,1.50484,1.50523,1.88,1.13
2012.10.29 01:10:39.719,1.50484,1.50523,1.88,1.13
2012.10.29 01:10:39.779,1.50484,1.50523,1.88,1.13
2012.10.29 01:10:40.080,1.50477,1.50524,2.10,2.85
2012.10.29 01:10:40.618,1.50478,1.50524,2.10,3.00
2012.10.29 01:10:41.260,1.50481,1.50524,1.35,2.63
2012.10.29 01:10:50.448,1.50481,1.50524,1.35,2.63
2012.10.29 01:10:56.871,1.50484,1.50524,1.13,1.88
2012.10.29 01:10:56.940,1.50484,1.50531,1.13,2.48
2012.10.29 01:10:57.070,1.50488,1.50531,1.35,1.88
2012.10.29 01:10:57.129,1.50488,1.50529,1.35,1.13
2012.10.29 01:10:57.312,1.50487,1.50523,1.13,1.13
2012.10.29 01:10:57.668,1.50483,1.50519,1.88,1.13
2012.10.29 01:10:57.741,1.50483,1.50519,1.88,1.13
2012.10.29 01:10:58.929,1.50482,1.50518,1.13,1.13
2012.10.29 01:10:59.049,1.50482,1.50518,1.13,1.13
2012.10.29 01:10:59.110,1.50484,1.50524,1.13,1.88
2012.10.29 01:10:59.359,1.50481,1.50524,1.13,2.63
2012.10.29 01:10:59.790,1.50484,1.50524,1.13,1.88
2012.10.29 01:10:59.990,1.50481,1.50524,1.88,1.88
2012.10.29 01:11:00.762,1.50484,1.50529,2.25,1.73
2012.10.29 01:11:02.970,1.50484,1.50529,2.63,1.35
2012.10.29 01:11:03.710,1.50486,1.50529,1.13,1.35
2012.10.29 01:11:03.771,1.50486,1.50529,1.35,1.13
2012.10.29 01:11:03.839,1.50486,1.50529,1.35,1.13
2012.10.29 01:11:04.889,1.50484,1.50526,2.10,1.13
2012.10.29 01:11:04.968,1.50484,1.50526,2.10,1.13
2012.10.29 01:11:05.030,1.50484,1.50526,2.10,1.13
2012.10.29 01:11:05.101,1.50484,1.50523,2.10,1.13
2012.10.29 01:11:15.371,1.50484,1.50523,3.23,1.13
2012.10.29 01:11:31.601,1.50486,1.50523,2.29,1.13
2012.10.29 01:11:32.949,1.50491,1.50523,1.50,1.13
2012.10.29 01:11:50.279,1.50485,1.50526,2.67,1.13
2012.10.29 01:12:06.067,1.50485,1.50525,2.67,1.13
2012.10.29 01:12:08.718,1.50485,1.50525,2.67,1.13
2012.10.29 01:12:15.278,1.50486,1.50527,2.29,1.13
2012.10.29 01:12:15.339,1.50486,1.50527,2.10,1.13
2012.10.29 01:12:15.459,1.50486,1.50529,2.48,1.13
2012.10.29 01:12:15.821,1.50486,1.50526,2.10,1.13
2012.10.29 01:12:15.948,1.50486,1.5053,2.10,1.13
2012.10.29 01:12:16.009,1.50487,1.5053,1.35,1.13
2012.10.29 01:12:22.079,1.50489,1.50534,1.73,2.63
2012.10.29 01:12:22.648,1.50488,1.5053,1.35,1.13
2012.10.29 01:12:22.828,1.50493,1.50532,1.50,1.13
2012.10.29 01:12:23.388,1.50493,1.50535,1.88,1.13
2012.10.29 01:12:34.039,1.50493,1.5053,1.50,1.13
2012.10.29 01:12:34.680,1.50493,1.50528,1.50,1.13
2012.10.29 01:12:43.818,1.50489,1.50528,2.25,1.13
2012.10.29 01:12:52.720,1.50489,1.50528,1.50,1.13
2012.10.29 01:12:55.601,1.50489,1.50528,1.50,1.13
2012.10.29 01:13:00.889,1.50489,1.50524,1.88,1.13
2012.10.29 01:13:01.139,1.50482,1.50518,1.50,1.13
2012.10.29 01:13:04.775,1.50482,1.50523,2.25,1.35
2012.10.29 01:13:04.896,1.50482,1.50527,2.25,1.73
2012.10.29 01:13:05.104,1.50482,1.50527,2.25,1.35
2012.10.29 01:13:05.500,1.50482,1.50523,2.25,1.35
2012.10.29 01:13:09.642,1.50482,1.50527,2.25,1.73
2012.10.29 01:13:22.711,1.5048,1.50527,2.25,1.73
2012.10.29 01:13:26.726,1.5048,1.50524,2.25,1.35
2012.10.29 01:13:26.920,1.5048,1.50526,2.25,1.35
2012.10.29 01:13:26.980,1.5048,1.50527,2.48,1.32
2012.10.29 01:13:27.282,1.50484,1.50528,1.35,3.19
2012.10.29 01:13:27.629,1.50486,1.50527,1.35,1.69
2012.10.29 01:13:29.289,1.50486,1.50528,1.73,1.88
2012.10.29 01:13:31.125,1.50486,1.50528,1.92,1.88
2012.10.29 01:13:31.369,1.50486,1.50528,1.92,1.88
2012.10.29 01:13:33.000,1.50486,1.50528,1.17,2.63
2012.10.29 01:13:33.588,1.50486,1.50528,1.17,2.63
2012.10.29 01:13:37.644,1.50486,1.50528,1.92,1.88
2012.10.29 01:13:38.510,1.50484,1.50528,1.17,1.88
2012.10.29 01:13:40.499,1.50482,1.50523,1.35,1.13
2012.10.29 01:13:40.560,1.50482,1.50523,1.35,1.13
2012.10.29 01:13:42.669,1.50484,1.50527,1.13,1.17
2012.10.29 01:13:43.044,1.50483,1.50527,1.13,1.17
2012.10.29 01:13:53.220,1.50483,1.50527,1.13,1.17
2012.10.29 01:13:53.856,1.50483,1.50527,1.13,1.17
2012.10.29 01:13:54.362,1.50483,1.50527,1.13,1.17
2012.10.29 01:13:55.939,1.50483,1.50527,1.50,1.17
2012.10.29 01:13:56.441,1.50483,1.50527,1.50,1.17
2012.10.29 01:13:58.299,1.50482,1.50523,1.88,1.13
2012.10.29 01:13:59.930,1.50482,1.50523,2.10,1.13
2012.10.29 01:14:11.919,1.50482,1.50523,2.10,1.13
2012.10.29 01:14:16.310,1.50484,1.50528,1.13,3.42
2012.10.29 01:14:16.709,1.50482,1.50527,1.50,1.17
2012.10.29 01:14:17.081,1.50482,1.50527,1.50,1.17
2012.10.29 01:14:17.461,1.50482,1.50525,1.50,1.17
2012.10.29 01:14:18.161,1.50482,1.50525,1.50,1.17
2012.10.29 01:14:22.971,1.50482,1.50524,1.88,1.17
2012.10.29 01:14:23.031,1.50482,1.50524,1.88,1.17
2012.10.29 01:14:23.679,1.50482,1.50527,2.25,1.17
2012.10.29 01:14:23.739,1.50485,1.50528,1.13,2.25
2012.10.29 01:14:23.859,1.50485,1.50528,1.50,2.10
2012.10.29 01:14:41.759,1.50484,1.50528,1.50,2.85
2012.10.29 01:14:48.939,1.50481,1.50524,1.69,1.35
2012.10.29 01:14:53.259,1.50482,1.50524,1.54,1.13
2012.10.29 01:14:53.321,1.50482,1.50524,1.54,1.13
2012.10.29 01:14:53.390,1.50484,1.50529,1.13,2.85
2012.10.29 01:14:53.509,1.50486,1.50529,1.13,2.25
2012.10.29 01:14:53.691,1.50489,1.50533,1.13,1.17
2012.10.29 01:14:56.824,1.50487,1.5053,3.00,1.13
2012.10.29 01:14:57.480,1.50487,1.5053,2.85,1.13
2012.10.29 01:14:57.800,1.50487,1.50529,2.10,1.13
2012.10.29 01:15:02.203,1.50489,1.50535,1.73,2.10
2012.10.29 01:15:02.270,1.50491,1.50534,1.35,1.35
2012.10.29 01:15:02.579,1.50489,1.50534,1.35,1.13
2012.10.29 01:15:03.255,1.50489,1.50534,1.35,1.13
2012.10.29 01:15:03.589,1.5049,1.50528,1.35,1.13
2012.10.29 01:15:03.768,1.50489,1.50528,1.17,1.13
2012.10.29 01:15:15.800,1.50489,1.50529,1.17,1.13
2012.10.29 01:15:16.160,1.50489,1.50529,1.17,1.13
2012.10.29 01:15:17.379,1.5049,1.50532,1.32,2.10
2012.10.29 01:15:19.419,1.50488,1.50528,1.54,1.13
2012.10.29 01:15:19.479,1.50493,1.50532,1.50,1.73
2012.10.29 01:15:19.540,1.50496,1.50532,1.13,1.73
2012.10.29 01:15:19.599,1.50496,1.50542,1.35,2.85
2012.10.29 01:15:19.719,1.50494,1.50537,2.48,1.13
2012.10.29 01:15:20.020,1.50494,1.50535,1.88,1.35
2012.10.29 01:15:20.380,1.50494,1.50535,1.88,1.35
2012.10.29 01:15:20.438,1.50494,1.50535,1.50,1.35
2012.10.29 01:15:21.234,1.50488,1.50529,1.17,1.13
2012.10.29 01:15:30.440,1.50489,1.50529,1.17,1.13
2012.10.29 01:15:50.700,1.50488,1.50529,1.17,1.13
2012.10.29 01:15:54.112,1.50488,1.50531,1.17,1.13
2012.10.29 01:15:54.319,1.50486,1.50529,5.07,1.73
2012.10.29 01:15:54.730,1.5049,1.50529,1.35,1.50
2012.10.29 01:15:55.259,1.50494,1.50529,1.13,1.13
2012.10.29 01:16:01.630,1.50494,1.50529,3.38,1.13
2012.10.29 01:16:04.891,1.50491,1.50529,1.17,1.13
2012.10.29 01:16:05.941,1.50491,1.50529,1.17,1.13
2012.10.29 01:16:15.479,1.50491,1.50529,1.17,1.13
2012.10.29 01:16:15.538,1.50491,1.50533,1.92,1.13
2012.10.29 01:16:19.151,1.5049,1.50533,1.54,1.13
2012.10.29 01:16:19.279,1.50487,1.50528,2.10,1.88
2012.10.29 01:16:19.339,1.50487,1.50528,1.88,1.88
2012.10.29 01:16:19.960,1.50485,1.50528,1.50,1.88
2012.10.29 01:16:27.480,1.50485,1.50528,1.13,1.88
2012.10.29 01:16:29.690,1.50484,1.50528,1.73,2.63
2012.10.29 01:16:29.798,1.50486,1.50528,3.04,1.88
2012.10.29 01:16:30.049,1.50489,1.50536,1.54,2.89
2012.10.29 01:16:30.230,1.5049,1.50536,1.17,2.37
2012.10.29 01:16:30.720,1.50486,1.50536,4.69,3.15
2012.10.29 01:16:31.601,1.50486,1.50529,2.82,1.88
2012.10.29 01:16:33.600,1.50484,1.50529,1.13,1.88
2012.10.29 01:16:33.779,1.50481,1.50526,1.32,1.35
2012.10.29 01:16:34.280,1.5048,1.50527,2.67,1.73
2012.10.29 01:16:39.035,1.5048,1.50527,2.67,1.73
2012.10.29 01:16:39.482,1.5048,1.50527,2.29,2.10
2012.10.29 01:16:42.307,1.50482,1.50527,1.13,2.10
2012.10.29 01:16:51.241,1.50482,1.50527,1.13,1.73
2012.10.29 01:16:51.791,1.50486,1.50529,1.17,1.50
2012.10.29 01:16:52.409,1.50486,1.50532,1.54,2.63
2012.10.29 01:17:02.453,1.50482,1.50528,2.29,1.50
2012.10.29 01:17:11.125,1.50482,1.50527,1.88,1.73
2012.10.29 01:17:20.780,1.50479,1.50528,3.04,2.48
2012.10.29 01:17:26.338,1.5048,1.50527,1.13,1.35
2012.10.29 01:17:27.309,1.5048,1.50527,1.32,1.35
2012.10.29 01:17:31.149,1.5048,1.50527,1.32,2.10
2012.10.29 01:17:33.191,1.5048,1.50527,2.07,2.10
2012.10.29 01:17:35.453,1.5048,1.50527,1.13,2.10
2012.10.29 01:17:35.759,1.50481,1.50529,1.17,2.85
2012.10.29 01:17:53.722,1.50488,1.50531,1.13,2.10
2012.10.29 01:18:08.879,1.50489,1.50531,1.13,2.48
2012.10.29 01:18:08.940,1.50489,1.50531,1.13,2.48
2012.10.29 01:18:14.419,1.50492,1.50529,1.50,2.10
2012.10.29 01:18:14.479,1.50492,1.50529,1.50,1.73
2012.10.29 01:18:14.659,1.50493,1.50538,1.13,2.10
2012.10.29 01:18:15.380,1.50494,1.50531,1.13,1.88
2012.10.29 01:18:15.681,1.50494,1.50531,1.13,1.88
2012.10.29 01:18:16.189,1.50491,1.50531,1.69,1.88
2012.10.29 01:18:16.371,1.50487,1.50531,3.57,2.10
2012.10.29 01:18:16.690,1.50487,1.50531,1.69,2.10
2012.10.29 01:18:16.750,1.50487,1.50531,1.50,2.10
2012.10.29 01:18:17.832,1.50487,1.50531,1.69,2.10
2012.10.29 01:18:18.149,1.50488,1.50531,1.17,1.88
2012.10.29 01:18:20.201,1.50488,1.50531,1.17,1.88
2012.10.29 01:18:20.961,1.50489,1.50531,1.32,1.88
2012.10.29 01:18:21.261,1.50487,1.50531,1.50,2.10
2012.10.29 01:18:21.500,1.50487,1.50531,1.50,2.10
2012.10.29 01:18:22.107,1.50486,1.50531,3.19,3.23
2012.10.29 01:18:25.220,1.50488,1.50531,1.69,3.23
2012.10.29 01:18:25.339,1.50492,1.50531,1.32,3.23
2012.10.29 01:18:25.460,1.50492,1.50531,2.07,2.63
2012.10.29 01:18:34.371,1.50491,1.50531,1.50,2.10
2012.10.29 01:18:35.093,1.50491,1.50531,1.13,2.10
2012.10.29 01:18:38.930,1.50489,1.50532,1.13,2.48
2012.10.29 01:18:39.200,1.50487,1.50532,1.92,1.88
2012.10.29 01:18:39.320,1.50491,1.50532,1.17,1.88
2012.10.29 01:18:39.560,1.5049,1.50532,1.35,1.88
2012.10.29 01:18:40.340,1.5049,1.50532,1.73,1.88
2012.10.29 01:18:44.510,1.50489,1.50531,1.32,1.73
2012.10.29 01:18:44.851,1.50489,1.50531,1.32,1.73
2012.10.29 01:18:45.155,1.50489,1.50531,1.32,1.35
2012.10.29 01:18:45.455,1.50489,1.50531,1.54,1.13
2012.10.29 01:18:45.930,1.50489,1.50532,1.54,2.25
2012.10.29 01:18:45.989,1.50488,1.50532,1.92,2.25
2012.10.29 01:18:48.950,1.50489,1.50532,1.17,2.63
2012.10.29 01:18:51.868,1.50489,1.50532,1.17,2.63
2012.10.29 01:18:52.549,1.50489,1.50532,1.17,2.63
2012.10.29 01:18:58.852,1.50488,1.50532,1.54,2.63
2012.10.29 01:18:59.683,1.50489,1.50532,1.17,2.25
2012.10.29 01:19:03.934,1.50488,1.50532,1.17,2.25
2012.10.29 01:19:04.131,1.50488,1.50532,1.32,2.48
2012.10.29 01:19:10.010,1.50488,1.50528,2.07,2.25
2012.10.29 01:19:10.320,1.50492,1.50532,1.13,2.48
2012.10.29 01:19:10.869,1.50492,1.5053,1.32,1.50
2012.10.29 01:19:11.691,1.50485,1.5053,1.69,1.13
2012.10.29 01:19:11.871,1.50485,1.5053,1.50,1.13
2012.10.29 01:19:11.991,1.50485,1.5053,1.73,1.13
2012.10.29 01:19:12.110,1.50485,1.5053,1.88,1.35
2012.10.29 01:19:12.290,1.50488,1.50532,1.29,3.00
2012.10.29 01:19:12.821,1.50494,1.50537,1.35,1.13
2012.10.29 01:19:13.250,1.50497,1.5054,1.35,1.88
2012.10.29 01:19:13.919,1.50497,1.5054,1.35,1.88
2012.10.29 01:19:18.470,1.50497,1.5054,1.35,2.25
2012.10.29 01:19:18.999,1.50497,1.5054,1.35,2.25
2012.10.29 01:19:21.300,1.50495,1.5054,1.17,2.25
2012.10.29 01:19:22.060,1.50495,1.5054,1.17,2.25
2012.10.29 01:19:22.929,1.50495,1.5054,1.17,1.88
2012.10.29 01:19:31.538,1.50495,1.5054,1.17,2.25
2012.10.29 01:19:31.840,1.50491,1.50533,2.48,1.50
2012.10.29 01:19:32.080,1.50487,1.50532,1.13,1.35
2012.10.29 01:19:32.642,1.50484,1.50529,1.88,1.35
2012.10.29 01:19:38.175,1.50484,1.50524,1.50,1.13
2012.10.29 01:19:38.243,1.50484,1.50524,1.50,1.13
2012.10.29 01:19:38.370,1.50478,1.50524,1.32,1.13
2012.10.29 01:19:48.724,1.50478,1.50524,1.32,1.13
2012.10.29 01:19:51.463,1.50478,1.50524,1.32,1.13
2012.10.29 01:19:52.020,1.50477,1.50526,2.48,1.35
2012.10.29 01:19:54.190,1.50477,1.50526,2.29,1.73
2012.10.29 01:20:01.389,1.50476,1.50524,3.04,1.88
2012.10.29 01:20:07.700,1.50476,1.50524,3.04,1.88
2012.10.29 01:20:11.601,1.50478,1.50524,1.13,1.88
2012.10.29 01:20:11.790,1.50482,1.50524,1.13,1.50
2012.10.29 01:20:12.100,1.50484,1.50526,1.73,1.88
2012.10.29 01:20:12.349,1.50484,1.50532,1.73,2.85
2012.10.29 01:20:17.901,1.50484,1.50532,1.73,2.85
2012.10.29 01:20:18.433,1.50484,1.50532,1.92,2.85
2012.10.29 01:20:20.915,1.50484,1.50532,2.67,2.85
2012.10.29 01:20:20.980,1.50484,1.50532,2.67,2.85
2012.10.29 01:20:21.818,1.50484,1.50532,1.92,2.63
2012.10.29 01:20:25.190,1.50485,1.50532,1.17,2.63
2012.10.29 01:20:32.820,1.50487,1.50534,1.13,3.23
2012.10.29 01:20:34.051,1.50487,1.50528,1.50,1.13
2012.10.29 01:20:34.560,1.50487,1.5053,1.69,1.13
2012.10.29 01:20:34.982,1.50489,1.50528,1.13,1.13
2012.10.29 01:20:35.355,1.50489,1.50526,1.13,1.13
2012.10.29 01:20:36.570,1.50486,1.50533,3.19,1.73
2012.10.29 01:20:36.642,1.50487,1.50533,2.82,1.73
2012.10.29 01:20:36.710,1.50488,1.50533,1.17,1.50
2012.10.29 01:20:36.890,1.50488,1.50534,1.17,2.63
2012.10.29 01:20:39.660,1.50491,1.50532,3.19,1.50
2012.10.29 01:20:39.780,1.50491,1.50532,5.07,1.13
2012.10.29 01:20:42.712,1.50492,1.50542,2.67,2.48
2012.10.29 01:20:43.392,1.50492,1.50542,2.48,2.48
2012.10.29 01:20:44.381,1.50492,1.50542,2.48,2.48
2012.10.29 01:20:44.499,1.50496,1.50542,1.54,2.10
2012.10.29 01:20:44.559,1.50496,1.50542,1.54,1.88
2012.10.29 01:20:50.671,1.50493,1.50542,1.17,1.88
2012.10.29 01:20:51.263,1.50493,1.50542,1.35,2.25
2012.10.29 01:20:52.740,1.50496,1.50542,1.54,1.50
2012.10.29 01:20:52.920,1.50496,1.50542,1.54,1.50
2012.10.29 01:20:54.740,1.50493,1.50542,1.17,1.88
2012.10.29 01:20:54.859,1.50492,1.50542,3.98,1.88
2012.10.29 01:20:57.709,1.50492,1.50539,2.48,1.13
2012.10.29 01:20:57.770,1.50492,1.50539,2.10,1.35
2012.10.29 01:21:10.031,1.50489,1.50534,2.48,1.13
2012.10.29 01:21:18.841,1.50489,1.50534,1.88,1.13
2012.10.29 01:21:35.721,1.50485,1.50533,2.67,1.88
2012.10.29 01:21:40.219,1.50485,1.50533,2.67,1.88
2012.10.29 01:21:45.950,1.50494,1.50536,1.13,1.35
2012.10.29 01:21:47.371,1.50491,1.5053,2.63,1.13
2012.10.29 01:21:47.490,1.50491,1.5053,2.25,1.13
2012.10.29 01:21:47.550,1.50491,1.50529,2.25,1.35
2012.10.29 01:22:00.731,1.50483,1.50528,2.10,1.35
2012.10.29 01:22:18.483,1.50483,1.50528,2.10,1.35
2012.10.29 01:22:20.781,1.50483,1.50528,1.88,1.35
2012.10.29 01:22:23.953,1.50489,1.50531,1.50,1.73
2012.10.29 01:22:24.013,1.50489,1.50533,1.50,1.13
2012.10.29 01:22:24.072,1.50489,1.50535,1.88,1.73
2012.10.29 01:22:24.695,1.50489,1.50537,1.88,2.48
2012.10.29 01:22:25.203,1.50489,1.50537,2.25,2.10
2012.10.29 01:22:28.108,1.50489,1.50533,2.25,1.13
2012.10.29 01:22:28.420,1.50489,1.5053,2.44,1.13
2012.10.29 01:22:28.722,1.50491,1.5053,3.19,1.13
2012.10.29 01:22:29.062,1.50491,1.50529,2.44,1.35
2012.10.29 01:22:31.067,1.50489,1.50529,2.07,1.35
2012.10.29 01:22:31.132,1.50489,1.50529,1.88,2.10
2012.10.29 01:22:31.312,1.50489,1.50529,1.88,2.10
2012.10.29 01:22:32.612,1.50489,1.50529,1.50,2.10
2012.10.29 01:22:38.261,1.50489,1.50529,2.25,1.35
2012.10.29 01:22:49.522,1.50489,1.50529,1.50,1.35
2012.10.29 01:22:49.763,1.50496,1.5053,1.50,1.35
2012.10.29 01:22:49.881,1.50495,1.50534,2.25,1.35
2012.10.29 01:22:49.941,1.50495,1.50534,2.25,1.35
2012.10.29 01:22:50.061,1.50498,1.50536,1.13,1.13
2012.10.29 01:22:50.363,1.50497,1.50538,1.13,1.35
2012.10.29 01:22:50.481,1.50495,1.50538,2.25,1.35
2012.10.29 01:22:57.402,1.50498,1.50541,1.13,1.73
2012.10.29 01:22:57.521,1.50498,1.50543,1.13,2.48
2012.10.29 01:23:10.482,1.50497,1.50538,1.50,1.35
2012.10.29 01:23:10.991,1.50497,1.50538,1.50,1.35
2012.10.29 01:23:14.823,1.50497,1.50538,1.50,1.35
2012.10.29 01:23:20.981,1.50498,1.50538,1.13,1.35
2012.10.29 01:23:21.162,1.50498,1.50538,1.13,1.35
2012.10.29 01:23:22.352,1.50498,1.50538,1.32,1.35
2012.10.29 01:23:22.903,1.50499,1.50539,1.13,1.35
2012.10.29 01:23:22.971,1.50498,1.50539,1.32,2.10
2012.10.29 01:23:37.136,1.50499,1.50539,1.32,2.10
2012.10.29 01:23:37.202,1.505,1.50539,1.50,1.35
2012.10.29 01:23:37.262,1.50501,1.5054,1.13,2.10
2012.10.29 01:23:37.322,1.50502,1.50537,1.13,1.35
2012.10.29 01:23:37.623,1.50501,1.50534,1.13,1.50
2012.10.29 01:23:37.743,1.50494,1.50533,2.44,1.50
2012.10.29 01:23:37.802,1.50489,1.50533,1.32,1.50
2012.10.29 01:23:39.075,1.50487,1.50531,1.47,1.35
2012.10.29 01:23:39.142,1.50486,1.50531,1.88,1.35
2012.10.29 01:23:55.672,1.50486,1.50531,1.88,1.35
2012.10.29 01:23:56.182,1.50486,1.50533,2.25,1.73
2012.10.29 01:23:56.253,1.50486,1.50532,2.25,1.32
2012.10.29 01:23:56.612,1.50486,1.5053,1.88,1.32
2012.10.29 01:23:57.142,1.50486,1.5053,2.25,1.32
2012.10.29 01:24:00.304,1.50482,1.5053,1.13,1.32
2012.10.29 01:24:02.892,1.50482,1.5053,1.13,1.32
2012.10.29 01:24:02.951,1.50482,1.50531,1.50,2.44
2012.10.29 01:24:03.214,1.50483,1.50531,1.50,2.10
2012.10.29 01:24:06.903,1.50486,1.50531,1.13,1.73
2012.10.29 01:24:08.017,1.50486,1.50531,1.13,2.10
2012.10.29 01:24:18.723,1.50487,1.50534,1.13,2.10
2012.10.29 01:24:28.103,1.50486,1.50531,2.25,1.35
2012.10.29 01:24:28.305,1.50484,1.50526,1.50,1.88
2012.10.29 01:24:28.617,1.50478,1.50526,1.88,2.85
2012.10.29 01:24:29.312,1.50478,1.50526,1.88,2.48
2012.10.29 01:24:35.332,1.50478,1.50526,1.88,2.85
2012.10.29 01:24:36.226,1.50479,1.50526,1.13,2.85
2012.10.29 01:24:36.544,1.50483,1.50526,1.13,2.25
2012.10.29 01:24:39.084,1.50481,1.50526,1.13,2.63
2012.10.29 01:24:39.154,1.50481,1.50526,1.13,2.63
2012.10.29 01:24:39.669,1.50481,1.50526,1.13,2.48
2012.10.29 01:24:44.513,1.50479,1.50526,1.13,2.85
2012.10.29 01:24:48.402,1.50478,1.50526,1.88,2.48
2012.10.29 01:25:04.973,1.50477,1.50524,1.88,2.48
2012.10.29 01:25:05.692,1.50477,1.50524,1.88,2.48
2012.10.29 01:25:06.264,1.50477,1.50524,1.88,2.48
2012.10.29 01:25:19.753,1.50479,1.50516,1.13,1.88
2012.10.29 01:25:20.362,1.50478,1.50517,1.13,1.35
2012.10.29 01:25:26.172,1.50478,1.50517,1.13,1.35
2012.10.29 01:25:39.018,1.50478,1.50517,1.13,1.35
2012.10.29 01:25:46.033,1.50478,1.50521,1.13,1.35
2012.10.29 01:25:46.867,1.50479,1.50522,1.13,2.10
2012.10.29 01:25:49.051,1.50479,1.50526,1.13,2.48
2012.10.29 01:25:51.522,1.50481,1.50526,1.50,2.10
2012.10.29 01:25:51.652,1.50483,1.5053,2.25,2.10
2012.10.29 01:25:51.772,1.50483,1.50529,2.25,1.73
2012.10.29 01:25:52.113,1.50483,1.50529,2.25,2.11
2012.10.29 01:25:52.463,1.50483,1.50517,2.25,1.13
2012.10.29 01:25:58.993,1.50479,1.50517,1.13,1.35
2012.10.29 01:25:59.186,1.50476,1.50518,1.50,1.35
2012.10.29 01:26:02.172,1.50475,1.50517,2.25,1.35
2012.10.29 01:26:05.172,1.50478,1.5052,1.13,1.35
2012.10.29 01:26:05.303,1.50478,1.5052,1.13,1.35
2012.10.29 01:26:05.901,1.50477,1.50525,1.13,2.25
2012.10.29 01:26:09.438,1.50477,1.50525,1.88,2.25
2012.10.29 01:26:09.662,1.50478,1.50525,1.13,2.63
2012.10.29 01:26:10.003,1.50479,1.50525,1.13,2.63
2012.10.29 01:26:15.541,1.50479,1.50525,1.88,2.25
2012.10.29 01:26:15.661,1.50479,1.50525,1.13,1.88
2012.10.29 01:26:16.188,1.50478,1.50525,1.50,1.88
2012.10.29 01:26:16.882,1.50478,1.50525,1.50,1.88
2012.10.29 01:26:17.606,1.50478,1.50525,1.13,1.88
2012.10.29 01:26:27.461,1.50479,1.50518,1.13,1.73
2012.10.29 01:26:27.522,1.50476,1.50517,2.25,1.35
2012.10.29 01:26:32.442,1.50474,1.50515,1.13,1.73
2012.10.29 01:26:32.902,1.50473,1.50512,2.25,1.35
2012.10.29 01:26:42.577,1.5047,1.50513,2.25,1.35
2012.10.29 01:26:47.265,1.50474,1.50514,1.13,1.10
2012.10.29 01:26:47.332,1.50474,1.50519,1.13,1.95
2012.10.29 01:26:47.451,1.50476,1.50519,1.88,1.95
2012.10.29 01:26:47.632,1.50476,1.50519,1.88,1.73
2012.10.29 01:26:48.149,1.50476,1.50519,1.88,1.73
2012.10.29 01:26:49.141,1.50476,1.50519,1.35,1.50
2012.10.29 01:26:50.464,1.50476,1.50519,1.35,2.25
2012.10.29 01:26:51.017,1.50474,1.50519,1.13,2.48
2012.10.29 01:26:54.192,1.50475,1.50518,1.13,1.35
2012.10.29 01:26:54.252,1.50475,1.50515,1.13,1.50
2012.10.29 01:26:54.611,1.50472,1.50515,1.13,1.73
2012.10.29 01:26:59.042,1.50472,1.50515,1.13,1.73
2012.10.29 01:27:03.867,1.50473,1.50515,1.13,1.50
2012.10.29 01:27:12.391,1.50474,1.50523,2.25,2.48
2012.10.29 01:27:21.815,1.50474,1.50521,2.25,1.35
2012.10.29 01:27:21.883,1.50474,1.50519,2.25,2.48
2012.10.29 01:27:22.241,1.50471,1.50516,1.32,2.10
2012.10.29 01:27:22.662,1.50474,1.50518,2.48,1.17
2012.10.29 01:27:25.568,1.5048,1.50519,1.13,1.73
2012.10.29 01:27:32.348,1.5048,1.50519,1.13,1.73
2012.10.29 01:27:34.012,1.50481,1.50518,1.50,1.35
2012.10.29 01:27:34.642,1.50481,1.50516,1.50,1.13
2012.10.29 01:27:39.442,1.50481,1.50514,1.50,1.13
2012.10.29 01:27:40.762,1.50481,1.50519,1.50,1.35
2012.10.29 01:27:43.052,1.50481,1.50519,1.50,1.35
2012.10.29 01:27:52.712,1.5048,1.50517,1.50,1.88
2012.10.29 01:27:53.332,1.5048,1.50517,1.50,1.88
2012.10.29 01:27:54.464,1.5048,1.50517,1.50,1.50
2012.10.29 01:27:55.324,1.5048,1.50517,1.88,1.50
2012.10.29 01:27:57.673,1.5048,1.50519,1.50,2.70
2012.10.29 01:27:58.182,1.50477,1.50519,1.88,2.70
2012.10.29 01:28:01.433,1.5048,1.50519,1.13,1.95
2012.10.29 01:28:01.552,1.5048,1.50522,2.82,1.13
2012.10.29 01:28:03.869,1.5048,1.50523,2.63,1.88
2012.10.29 01:28:04.433,1.5048,1.50523,2.63,1.88
2012.10.29 01:28:04.994,1.5048,1.50523,2.07,1.88
2012.10.29 01:28:12.703,1.5048,1.50523,2.44,1.73
2012.10.29 01:28:14.191,1.5048,1.50523,2.44,1.73
2012.10.29 01:28:17.142,1.5048,1.50523,1.88,2.85
2012.10.29 01:28:17.202,1.5048,1.5052,1.50,1.05
2012.10.29 01:28:17.893,1.5048,1.5052,1.50,1.28
2012.10.29 01:28:18.592,1.50477,1.50521,1.32,2.03
2012.10.29 01:28:21.372,1.50477,1.50521,1.32,2.78
2012.10.29 01:28:21.961,1.50478,1.50521,1.13,1.65
2012.10.29 01:28:22.262,1.50479,1.50523,1.17,1.88
2012.10.29 01:28:22.763,1.50479,1.5052,1.92,1.05
2012.10.29 01:28:28.704,1.50479,1.5052,1.54,1.05
2012.10.29 01:28:31.852,1.50479,1.5052,1.54,1.05
2012.10.29 01:28:44.714,1.50477,1.5052,1.73,1.80
2012.10.29 01:28:44.843,1.50475,1.50519,2.44,1.20
2012.10.29 01:28:45.362,1.50476,1.50519,1.69,2.70
2012.10.29 01:28:49.402,1.50475,1.50517,2.44,1.88
2012.10.29 01:28:49.795,1.50476,1.50517,1.69,1.13
2012.10.29 01:28:52.601,1.50476,1.50519,1.69,2.70
2012.10.29 01:28:55.194,1.50477,1.5051,1.69,1.50
2012.10.29 01:28:55.541,1.50472,1.50505,1.50,1.05
2012.10.29 01:28:55.608,1.50468,1.50502,1.13,1.13
2012.10.29 01:28:55.676,1.50469,1.50502,1.88,1.13
2012.10.29 01:28:55.803,1.50469,1.50502,1.88,1.13
2012.10.29 01:28:55.993,1.50471,1.50502,1.50,1.13
2012.10.29 01:28:56.265,1.50469,1.50507,1.50,1.13
2012.10.29 01:28:56.332,1.50463,1.50507,2.82,1.13
2012.10.29 01:28:56.454,1.50463,1.50511,3.57,1.65
2012.10.29 01:28:58.924,1.50463,1.50513,2.63,3.38
2012.10.29 01:28:59.476,1.50463,1.50513,2.63,3.60
2012.10.29 01:29:07.185,1.50463,1.50508,2.25,1.50
2012.10.29 01:29:07.253,1.50463,1.50508,2.25,1.58
2012.10.29 01:29:07.432,1.50463,1.50505,2.63,2.48
2012.10.29 01:29:09.553,1.50464,1.50506,1.13,1.35
2012.10.29 01:29:10.515,1.50464,1.50506,1.13,1.35
2012.10.29 01:29:11.213,1.50464,1.50506,1.13,1.35
2012.10.29 01:29:12.204,1.50464,1.5051,1.13,2.40
2012.10.29 01:29:12.263,1.50464,1.5051,1.13,2.33
2012.10.29 01:29:13.403,1.50464,1.5051,1.13,1.88
2012.10.29 01:29:17.603,1.50463,1.5051,1.13,2.25
2012.10.29 01:29:17.882,1.50463,1.5051,1.13,2.40
2012.10.29 01:29:18.663,1.50463,1.5051,1.13,2.40
2012.10.29 01:29:22.632,1.50463,1.5051,1.13,2.40
2012.10.29 01:29:29.936,1.50464,1.5051,1.13,2.40
2012.10.29 01:29:30.673,1.50461,1.50508,2.25,1.43
2012.10.29 01:29:31.765,1.50461,1.50508,2.25,1.05
2012.10.29 01:29:32.453,1.50462,1.50508,1.27,1.05
2012.10.29 01:29:32.813,1.50465,1.5051,1.13,1.80
2012.10.29 01:29:32.873,1.50465,1.5051,1.13,1.80
2012.10.29 01:29:35.122,1.50468,1.50512,2.25,1.50
2012.10.29 01:29:36.332,1.50469,1.50512,1.13,1.50
2012.10.29 01:29:36.452,1.50469,1.50512,1.50,1.50
2012.10.29 01:29:36.973,1.50474,1.50512,1.13,1.13
2012.10.29 01:29:39.222,1.5047,1.50516,1.50,3.00
2012.10.29 01:29:55.452,1.50469,1.50516,1.13,2.25
2012.10.29 01:30:02.145,1.50467,1.50515,1.13,2.25
2012.10.29 01:30:02.332,1.50469,1.50515,1.13,1.88
2012.10.29 01:30:04.793,1.50468,1.50515,1.13,1.88
2012.10.29 01:30:04.973,1.50468,1.50515,1.13,2.10
2012.10.29 01:30:05.093,1.50468,1.50514,1.13,1.13
2012.10.29 01:30:05.213,1.50468,1.50515,1.13,2.10
2012.10.29 01:30:05.649,1.50469,1.50515,1.13,1.88
2012.10.29 01:30:07.613,1.50468,1.50507,1.13,1.50
2012.10.29 01:30:07.673,1.50468,1.50507,1.13,1.50
2012.10.29 01:30:08.222,1.50466,1.50508,1.13,1.88
2012.10.29 01:30:14.563,1.50466,1.50509,2.25,1.50
2012.10.29 01:30:15.222,1.50464,1.50507,1.88,1.50
2012.10.29 01:30:15.282,1.50466,1.50509,2.25,1.50
2012.10.29 01:30:21.734,1.50466,1.50509,2.25,1.13
2012.10.29 01:30:22.022,1.50466,1.5051,2.25,1.20
2012.10.29 01:30:22.142,1.50466,1.50509,2.25,1.05
2012.10.29 01:30:22.538,1.50466,1.5051,2.25,1.20
2012.10.29 01:30:22.964,1.50466,1.50509,2.25,1.05
2012.10.29 01:30:23.898,1.50466,1.50513,2.25,1.28
2012.10.29 01:30:24.457,1.50466,1.5051,2.25,1.28
2012.10.29 01:30:24.987,1.50466,1.50511,2.25,1.65
2012.10.29 01:30:26.873,1.50466,1.50509,2.25,1.05
2012.10.29 01:30:27.782,1.50466,1.50509,2.25,1.05
2012.10.29 01:30:32.452,1.50466,1.5051,2.25,2.33
2012.10.29 01:30:32.754,1.50464,1.50509,1.13,1.73
2012.10.29 01:30:36.022,1.50465,1.50509,1.13,1.80
2012.10.29 01:30:36.142,1.50464,1.50509,1.13,2.55
2012.10.29 01:30:36.736,1.50463,1.50509,1.13,2.63
2012.10.29 01:30:36.883,1.50463,1.50509,1.13,2.63
2012.10.29 01:30:41.552,1.50466,1.50509,1.50,2.55
2012.10.29 01:30:41.985,1.5047,1.50509,1.13,1.80
2012.10.29 01:30:44.720,1.50466,1.50509,1.13,1.80
2012.10.29 01:30:44.902,1.50466,1.50509,1.13,1.50
2012.10.29 01:30:45.473,1.50473,1.50517,1.35,2.03
2012.10.29 01:31:09.798,1.50473,1.50517,1.35,2.85
2012.10.29 01:31:20.724,1.50473,1.50517,1.35,2.85
2012.10.29 01:31:22.914,1.50473,1.50517,1.35,2.85
2012.10.29 01:31:22.972,1.5047,1.50513,1.17,1.50
2012.10.29 01:31:23.534,1.50469,1.50513,1.50,1.73
2012.10.29 01:31:33.806,1.50467,1.5051,1.35,1.13
2012.10.29 01:31:52.433,1.50467,1.5051,1.35,1.13
2012.10.29 01:31:59.054,1.50468,1.50511,1.35,1.88
2012.10.29 01:32:09.919,1.50466,1.5051,1.73,1.13
2012.10.29 01:32:09.984,1.50466,1.50509,1.35,1.13
2012.10.29 01:32:10.042,1.50466,1.50509,1.13,1.35
2012.10.29 01:32:37.998,1.50463,1.50512,1.35,3.45
2012.10.29 01:32:39.302,1.50464,1.50509,1.13,1.35
2012.10.29 01:32:39.976,1.50464,1.50511,1.13,1.20
2012.10.29 01:33:05.723,1.50464,1.50511,1.13,1.20
2012.10.29 01:33:20.753,1.50466,1.50511,1.13,1.20
2012.10.29 01:33:21.973,1.50466,1.50508,1.13,1.13
2012.10.29 01:33:22.342,1.50466,1.50512,1.13,3.45
2012.10.29 01:33:22.463,1.50466,1.50509,1.13,1.35
2012.10.29 01:33:35.713,1.50466,1.50509,1.13,1.35
2012.10.29 01:33:38.692,1.50466,1.5051,1.13,1.20
2012.10.29 01:33:38.751,1.50466,1.50512,1.13,2.85
2012.10.29 01:33:38.812,1.50469,1.50512,1.13,2.25
2012.10.29 01:33:54.604,1.50469,1.50513,1.13,3.15
2012.10.29 01:34:00.203,1.50469,1.50513,1.32,2.40
2012.10.29 01:34:00.278,1.50469,1.50513,1.32,1.73
2012.10.29 01:34:12.763,1.50473,1.50515,1.13,1.73
2012.10.29 01:34:26.662,1.50473,1.50516,1.13,2.10
2012.10.29 01:34:26.722,1.50468,1.50514,1.35,1.35
2012.10.29 01:34:26.842,1.50468,1.50514,1.35,1.35
2012.10.29 01:34:27.407,1.50468,1.50514,1.35,1.58
2012.10.29 01:34:33.184,1.50466,1.50511,1.73,1.35
2012.10.29 01:34:33.303,1.50465,1.50509,2.25,1.95
2012.10.29 01:34:50.735,1.50465,1.50509,2.25,1.58
2012.10.29 01:35:04.045,1.50464,1.50509,3.23,1.20
2012.10.29 01:35:23.533,1.50465,1.50509,1.13,1.20
2012.10.29 01:35:24.303,1.50465,1.5051,1.13,1.95
2012.10.29 01:35:25.453,1.50469,1.5051,1.13,1.95
2012.10.29 01:35:25.687,1.50469,1.5051,1.13,1.80
2012.10.29 01:35:31.997,1.50471,1.50512,1.35,1.50
2012.10.29 01:35:32.314,1.50471,1.50517,1.35,2.48
2012.10.29 01:35:33.313,1.50471,1.50517,1.35,2.48
2012.10.29 01:35:38.974,1.50476,1.50517,1.13,2.48
2012.10.29 01:35:39.153,1.50484,1.50517,1.13,1.50
2012.10.29 01:35:41.145,1.50482,1.50517,1.35,1.50
2012.10.29 01:35:51.803,1.50482,1.5052,1.13,1.80
2012.10.29 01:35:55.494,1.50476,1.5052,1.35,2.25
2012.10.29 01:35:55.554,1.50473,1.5052,1.13,2.48
2012.10.29 01:36:14.944,1.50433,1.50483,1.35,2.25
2012.10.29 01:36:15.293,1.50434,1.50486,2.25,1.50
2012.10.29 01:36:40.084,1.50433,1.50486,1.28,2.25
2012.10.29 01:36:41.656,1.50432,1.50481,1.50,1.50
2012.10.29 01:36:44.382,1.50429,1.50483,1.50,1.50
2012.10.29 01:36:44.804,1.50435,1.50487,1.35,2.25
2012.10.29 01:36:45.156,1.50437,1.50494,2.63,2.10
2012.10.29 01:36:51.045,1.50444,1.50499,1.28,1.50
2012.10.29 01:36:51.115,1.50447,1.50502,1.28,1.50
2012.10.29 01:36:51.356,1.50448,1.50497,1.50,1.88
2012.10.29 01:36:51.416,1.50444,1.5049,1.13,3.00
2012.10.29 01:36:51.479,1.50437,1.50489,2.63,2.10
2012.10.29 01:37:07.629,1.50472,1.5052,2.48,1.73
2012.10.29 01:37:09.693,1.50472,1.5052,2.48,2.48
2012.10.29 01:37:09.994,1.50472,1.50516,1.73,1.73
2012.10.29 01:37:10.189,1.50469,1.5051,1.13,1.20
2012.10.29 01:37:10.253,1.50468,1.50509,1.50,1.05
2012.10.29 01:37:10.632,1.50466,1.50509,1.50,1.65
2012.10.29 01:37:11.040,1.50465,1.50509,2.25,1.65
2012.10.29 01:37:13.934,1.50465,1.50511,2.25,1.35
2012.10.29 01:37:14.053,1.50465,1.50511,2.25,1.35
2012.10.29 01:37:15.695,1.50465,1.50505,2.25,1.13
2012.10.29 01:37:16.114,1.50463,1.50503,1.13,1.28
2012.10.29 01:37:16.663,1.50463,1.50506,1.88,2.48
2012.10.29 01:37:20.716,1.50463,1.50498,1.13,1.73
2012.10.29 01:37:20.903,1.50463,1.50496,1.13,1.73
2012.10.29 01:37:20.964,1.50463,1.50495,1.13,1.73
2012.10.29 01:37:21.267,1.5045,1.50493,1.13,2.48
2012.10.29 01:37:21.333,1.50447,1.50493,3.38,2.48
2012.10.29 01:37:21.393,1.50447,1.50493,3.38,3.11
2012.10.29 01:37:21.752,1.50448,1.50484,1.13,1.73
2012.10.29 01:37:22.186,1.50446,1.50492,2.63,2.11
2012.10.29 01:37:38.935,1.50448,1.50492,1.13,1.36
2012.10.29 01:37:39.305,1.5045,1.50492,1.13,1.74
2012.10.29 01:37:39.604,1.50448,1.50492,2.63,1.35
2012.10.29 01:37:40.223,1.50449,1.50497,1.13,2.85
2012.10.29 01:37:42.117,1.50448,1.50497,3.00,2.10
2012.10.29 01:37:42.186,1.50448,1.50497,3.00,1.88
2012.10.29 01:37:42.708,1.50455,1.50503,2.25,2.48
2012.10.29 01:37:43.847,1.50456,1.50499,1.13,1.13
2012.10.29 01:37:43.975,1.50456,1.50497,1.13,1.13
2012.10.29 01:37:44.106,1.50456,1.50495,1.13,1.50
2012.10.29 01:37:44.245,1.50451,1.50495,1.13,1.73
2012.10.29 01:37:47.144,1.50451,1.50495,1.13,2.48
2012.10.29 01:37:50.354,1.50447,1.50489,3.00,1.50
2012.10.29 01:37:50.656,1.50447,1.50489,1.50,3.23
2012.10.29 01:37:50.724,1.50447,1.50488,1.13,1.35
2012.10.29 01:37:52.613,1.50447,1.50488,1.13,1.35
2012.10.29 01:37:53.934,1.50447,1.50488,1.13,1.35
2012.10.29 01:37:54.554,1.50447,1.50488,1.50,1.35
2012.10.29 01:37:55.115,1.50447,1.50488,1.88,1.35
2012.10.29 01:37:55.175,1.50448,1.50489,1.13,2.10
2012.10.29 01:37:55.663,1.50447,1.50489,1.13,2.85
2012.10.29 01:37:56.345,1.50446,1.50489,1.13,2.85
2012.10.29 01:38:02.724,1.50448,1.50489,1.13,2.85
2012.10.29 01:38:03.244,1.5045,1.50483,1.13,1.35
2012.10.29 01:38:09.398,1.50443,1.50483,1.50,1.35
2012.10.29 01:38:10.122,1.50447,1.50489,1.50,2.48
2012.10.29 01:38:15.692,1.50447,1.50491,2.63,3.98
2012.10.29 01:38:18.733,1.50448,1.50491,1.13,3.23
2012.10.29 01:38:20.224,1.50446,1.50483,1.13,1.73
2012.10.29 01:38:20.403,1.50446,1.50483,1.13,1.73
2012.10.29 01:38:26.453,1.50441,1.50483,1.13,1.73
2012.10.29 01:38:27.483,1.50441,1.50483,1.13,2.10
2012.10.29 01:38:31.906,1.50437,1.50481,1.88,1.35
2012.10.29 01:38:32.284,1.50437,1.50481,1.13,1.35
2012.10.29 01:38:33.516,1.50437,1.50481,1.13,1.35
2012.10.29 01:38:33.823,1.50445,1.50484,1.50,1.35
2012.10.29 01:38:34.364,1.50445,1.50491,1.50,1.35
2012.10.29 01:38:34.755,1.50447,1.50491,1.13,1.35
2012.10.29 01:38:35.873,1.50445,1.50491,1.13,1.35
2012.10.29 01:38:46.643,1.50447,1.50492,1.13,2.10
2012.10.29 01:38:47.174,1.50446,1.5049,1.50,1.73
2012.10.29 01:38:47.423,1.50444,1.50489,1.13,1.73
2012.10.29 01:38:47.975,1.50443,1.50484,3.00,1.35
2012.10.29 01:38:48.679,1.50441,1.50484,1.88,1.35
2012.10.29 01:38:50.523,1.50441,1.50484,1.88,1.35
2012.10.29 01:38:59.973,1.50442,1.50486,2.25,2.10
2012.10.29 01:39:00.093,1.50442,1.50486,2.25,2.10
2012.10.29 01:39:00.688,1.50442,1.50486,2.25,1.73
2012.10.29 01:39:06.646,1.50442,1.50486,1.50,3.23
2012.10.29 01:39:06.714,1.50442,1.50483,1.13,1.35
2012.10.29 01:39:07.311,1.50442,1.50483,1.13,1.35
2012.10.29 01:39:10.664,1.50437,1.50484,1.13,2.10
2012.10.29 01:39:11.506,1.50442,1.50484,1.13,2.10
2012.10.29 01:39:11.824,1.50442,1.50484,1.13,2.10
2012.10.29 01:39:15.934,1.50444,1.50484,1.13,2.10
2012.10.29 01:39:30.454,1.50443,1.50487,1.13,2.85
2012.10.29 01:39:30.514,1.50443,1.50487,1.13,2.85
2012.10.29 01:39:30.574,1.50443,1.50487,1.13,2.85
2012.10.29 01:39:30.643,1.50443,1.50487,1.13,2.10
2012.10.29 01:39:32.129,1.50444,1.50487,1.13,2.67
2012.10.29 01:39:38.475,1.50441,1.50485,1.13,1.32
2012.10.29 01:39:38.714,1.50441,1.50485,1.13,1.32
2012.10.29 01:39:39.014,1.50441,1.50484,1.13,1.13
2012.10.29 01:39:42.136,1.50441,1.50486,1.13,2.40
2012.10.29 01:39:52.015,1.50441,1.50483,1.13,1.73
2012.10.29 01:40:01.057,1.50437,1.50483,1.35,1.73
2012.10.29 01:40:07.925,1.50437,1.50483,1.35,1.73
2012.10.29 01:40:08.394,1.50437,1.50483,1.35,1.73
2012.10.29 01:40:14.695,1.50437,1.50468,1.35,1.50
2012.10.29 01:40:16.764,1.50437,1.50481,1.35,1.73
2012.10.29 01:40:23.255,1.50437,1.50481,1.35,1.73
2012.10.29 01:40:24.120,1.50437,1.50481,1.35,2.10
2012.10.29 01:40:24.184,1.50437,1.50481,1.35,2.48
2012.10.29 01:40:24.246,1.50435,1.50481,1.32,2.48
2012.10.29 01:40:33.878,1.50437,1.50481,1.13,2.48
2012.10.29 01:40:34.184,1.50437,1.50481,1.13,2.48
2012.10.29 01:40:34.695,1.50434,1.50481,1.13,2.48
2012.10.29 01:40:45.050,1.50433,1.50479,1.35,1.17
2012.10.29 01:40:45.844,1.50433,1.50479,1.35,1.17
2012.10.29 01:40:46.361,1.50433,1.50479,1.35,1.17
2012.10.29 01:40:46.427,1.50433,1.50479,1.35,1.17
2012.10.29 01:40:49.671,1.50433,1.5048,1.13,1.35
2012.10.29 01:40:53.014,1.50432,1.50479,1.13,1.35
2012.10.29 01:40:53.765,1.50432,1.50477,1.13,3.04
2012.10.29 01:40:55.689,1.50432,1.50477,1.35,2.82
2012.10.29 01:41:12.265,1.50432,1.50476,1.35,2.29
2012.10.29 01:41:30.244,1.50432,1.50474,1.35,1.69
2012.10.29 01:41:30.760,1.50432,1.50474,1.35,1.50
2012.10.29 01:41:32.275,1.50432,1.50474,1.35,1.50
2012.10.29 01:41:37.785,1.50432,1.50477,1.35,1.88
2012.10.29 01:41:42.083,1.50432,1.50477,1.35,1.88
2012.10.29 01:41:46.535,1.50434,1.50477,1.35,1.50
2012.10.29 01:41:57.884,1.50434,1.50479,1.35,3.00
2012.10.29 01:42:18.763,1.50434,1.50481,1.35,2.10
2012.10.29 01:42:22.018,1.50434,1.50481,1.35,2.10
2012.10.29 01:42:22.104,1.50434,1.50481,1.35,2.85
2012.10.29 01:42:22.224,1.50434,1.50477,1.35,1.13
2012.10.29 01:42:22.374,1.50434,1.50473,1.35,1.50
2012.10.29 01:42:22.705,1.50434,1.50473,1.35,1.50
2012.10.29 01:42:23.322,1.50433,1.50473,1.35,1.50
2012.10.29 01:42:35.924,1.50434,1.50473,1.35,1.50
2012.10.29 01:42:36.694,1.50433,1.50473,1.13,1.50
2012.10.29 01:42:40.977,1.50434,1.5048,1.35,1.73
2012.10.29 01:42:42.156,1.50434,1.5048,1.73,1.73
2012.10.29 01:42:44.305,1.50442,1.50485,1.13,1.35
2012.10.29 01:42:44.564,1.50442,1.50487,1.13,1.35
2012.10.29 01:42:44.985,1.5044,1.50481,1.50,1.50
2012.10.29 01:42:45.104,1.5044,1.50487,1.50,3.23
2012.10.29 01:42:45.544,1.5044,1.5048,1.50,1.50
2012.10.29 01:42:49.819,1.50439,1.5048,1.35,2.25
2012.10.29 01:42:50.124,1.50435,1.50479,1.35,1.88
2012.10.29 01:42:50.186,1.50435,1.50476,1.13,1.35
2012.10.29 01:42:50.841,1.50432,1.50473,1.50,1.13
2012.10.29 01:42:51.119,1.50435,1.50477,1.13,1.35
2012.10.29 01:42:52.616,1.50436,1.50477,1.13,1.35
2012.10.29 01:42:52.685,1.50436,1.50478,1.13,1.73
2012.10.29 01:42:52.756,1.50436,1.50479,1.13,1.35
2012.10.29 01:42:52.815,1.50436,1.50479,1.13,1.13
2012.10.29 01:42:56.623,1.50436,1.50479,1.13,1.13
2012.10.29 01:42:56.925,1.50442,1.50479,1.13,1.13
2012.10.29 01:42:57.045,1.50442,1.5048,1.35,2.25
2012.10.29 01:42:57.334,1.50442,1.5048,1.35,2.25
2012.10.29 01:42:58.456,1.50442,1.5048,1.35,1.50
2012.10.29 01:42:58.957,1.50442,1.5048,1.35,3.00
2012.10.29 01:42:59.956,1.50441,1.5048,1.54,3.00
2012.10.29 01:43:00.025,1.50446,1.5048,1.13,3.00
2012.10.29 01:43:01.195,1.50442,1.5048,1.35,3.00
2012.10.29 01:43:06.390,1.50441,1.5048,1.13,3.38
2012.10.29 01:43:08.647,1.50441,1.5048,1.35,3.38
2012.10.29 01:43:08.895,1.50441,1.5048,1.35,3.38
2012.10.29 01:43:09.398,1.50443,1.50479,1.35,1.13
2012.10.29 01:43:10.060,1.50446,1.50479,1.13,1.13
2012.10.29 01:43:11.231,1.50446,1.50481,1.13,1.13
2012.10.29 01:43:13.298,1.50446,1.50476,1.13,2.25
2012.10.29 01:43:13.366,1.50443,1.5047,1.54,1.13
2012.10.29 01:43:13.435,1.50441,1.5047,1.32,1.13
2012.10.29 01:43:13.495,1.50434,1.5047,3.38,1.13
2012.10.29 01:43:13.616,1.50434,1.5047,1.13,1.88
2012.10.29 01:43:13.865,1.50434,1.50469,1.13,1.13
2012.10.29 01:43:14.166,1.50426,1.50468,2.48,1.13
2012.10.29 01:43:14.354,1.50426,1.50468,2.48,1.13
2012.10.29 01:43:14.415,1.50426,1.50468,2.25,1.35
2012.10.29 01:43:16.597,1.50426,1.50468,2.48,1.13
2012.10.29 01:43:16.994,1.50426,1.50473,2.48,1.88
2012.10.29 01:43:17.345,1.50427,1.50473,1.35,1.88
2012.10.29 01:43:19.464,1.50427,1.50473,1.35,1.88
2012.10.29 01:43:19.524,1.50427,1.50473,1.35,1.88
2012.10.29 01:43:19.834,1.50427,1.50473,1.35,1.88
2012.10.29 01:43:20.325,1.50427,1.50473,1.35,1.88
2012.10.29 01:43:44.727,1.50429,1.50477,2.48,3.23
2012.10.29 01:43:45.317,1.50429,1.50477,2.48,2.48
2012.10.29 01:43:46.816,1.50429,1.50477,2.48,2.48
2012.10.29 01:43:49.734,1.50424,1.5047,1.73,1.50
2012.10.29 01:44:06.757,1.50424,1.5047,1.35,1.50
2012.10.29 01:44:07.136,1.50429,1.50477,2.85,1.13
2012.10.29 01:44:07.206,1.50436,1.50477,1.17,1.50
2012.10.29 01:44:07.267,1.50434,1.50476,1.13,1.35
2012.10.29 01:44:07.586,1.50423,1.50469,2.48,1.09
2012.10.29 01:44:09.085,1.50423,1.50466,2.25,1.54
2012.10.29 01:44:11.394,1.50423,1.50466,2.25,1.54
2012.10.29 01:44:11.455,1.50426,1.50468,1.13,1.32
2012.10.29 01:44:11.973,1.50426,1.5047,1.35,1.47
2012.10.29 01:44:14.794,1.50426,1.50471,1.35,2.85
2012.10.29 01:44:15.085,1.50426,1.5047,1.13,1.17
2012.10.29 01:44:35.504,1.50429,1.50468,1.13,1.50
2012.10.29 01:44:38.494,1.50429,1.50474,1.73,1.73
2012.10.29 01:44:41.196,1.50429,1.50474,1.73,1.17
2012.10.29 01:44:41.555,1.50437,1.50476,1.13,2.63
2012.10.29 01:44:41.615,1.50437,1.50476,1.13,2.25
2012.10.29 01:44:42.958,1.50438,1.50476,1.13,2.25
2012.10.29 01:44:43.487,1.50438,1.50476,1.13,2.25
2012.10.29 01:44:44.154,1.50438,1.50476,1.13,2.25
2012.10.29 01:44:45.845,1.50437,1.50476,1.13,2.44
2012.10.29 01:44:46.165,1.50431,1.50476,1.35,2.07
2012.10.29 01:44:46.405,1.50435,1.50476,1.13,1.69
2012.10.29 01:44:47.214,1.50435,1.50476,1.13,1.50
2012.10.29 01:45:06.703,1.50436,1.50476,1.13,1.88
2012.10.29 01:45:08.297,1.50436,1.50476,1.13,1.88
2012.10.29 01:45:12.605,1.50436,1.50476,1.13,2.25
2012.10.29 01:45:13.245,1.50436,1.50476,1.13,2.25
2012.10.29 01:45:16.909,1.50435,1.50476,1.13,2.25
2012.10.29 01:45:17.045,1.50435,1.50476,1.13,2.25
2012.10.29 01:45:17.224,1.50435,1.50476,1.13,2.25
2012.10.29 01:45:17.408,1.50435,1.50476,1.13,3.45
2012.10.29 01:45:17.475,1.50435,1.50471,1.13,1.88
2012.10.29 01:45:17.659,1.50433,1.50474,1.35,1.13
2012.10.29 01:45:17.725,1.50426,1.50469,3.60,2.25
2012.10.29 01:45:17.965,1.50426,1.50469,1.54,2.25
2012.10.29 01:45:18.025,1.50427,1.50469,1.35,1.50
2012.10.29 01:45:18.425,1.50427,1.50469,1.35,1.88
2012.10.29 01:45:18.665,1.50427,1.50461,1.35,1.50
2012.10.29 01:45:18.726,1.50423,1.50461,1.32,1.50
2012.10.29 01:45:19.279,1.5042,1.50461,1.73,1.50
2012.10.29 01:45:20.256,1.5042,1.50461,1.73,1.50
2012.10.29 01:45:21.295,1.5042,1.50461,1.73,1.50
2012.10.29 01:45:29.327,1.5042,1.50461,1.35,1.50
2012.10.29 01:45:29.564,1.5042,1.50461,1.35,1.50
2012.10.29 01:45:32.327,1.50421,1.50468,2.25,2.48
2012.10.29 01:45:32.396,1.50421,1.50468,2.48,2.48
2012.10.29 01:45:32.576,1.50421,1.50462,2.48,1.13
2012.10.29 01:45:32.645,1.50421,1.50468,2.48,1.88
2012.10.29 01:45:32.945,1.50429,1.50468,1.13,1.50
2012.10.29 01:45:33.364,1.5043,1.50473,1.35,1.73
2012.10.29 01:45:41.485,1.50437,1.50475,1.13,2.25
2012.10.29 01:45:41.617,1.50437,1.50475,1.13,2.25
2012.10.29 01:45:41.745,1.5044,1.50475,1.13,1.88
2012.10.29 01:45:48.544,1.5044,1.50475,1.13,1.50
2012.10.29 01:45:50.955,1.50449,1.50475,1.13,1.50
2012.10.29 01:45:51.016,1.50449,1.50479,1.13,1.13
2012.10.29 01:45:51.196,1.50441,1.50483,1.35,1.88
2012.10.29 01:45:51.318,1.5044,1.50483,1.13,2.48
2012.10.29 01:45:53.164,1.50441,1.5048,1.13,1.73
2012.10.29 01:45:53.345,1.50441,1.50483,1.73,2.25
2012.10.29 01:45:53.524,1.50441,1.5048,1.35,1.13
2012.10.29 01:45:54.113,1.50441,1.50476,1.13,1.88
2012.10.29 01:46:04.750,1.50449,1.50477,1.13,1.50
2012.10.29 01:46:04.816,1.50449,1.50484,1.13,1.88
2012.10.29 01:46:04.946,1.50442,1.50484,1.35,1.88
2012.10.29 01:46:05.007,1.5044,1.50481,1.13,1.73
2012.10.29 01:46:06.867,1.5044,1.50476,1.13,1.13
2012.10.29 01:46:07.116,1.50429,1.50468,1.35,2.25
2012.10.29 01:46:07.235,1.50429,1.50468,1.35,2.25
2012.10.29 01:46:11.874,1.50442,1.50468,1.13,1.13
2012.10.29 01:46:12.204,1.50446,1.50471,1.13,1.13
2012.10.29 01:46:12.385,1.50446,1.50474,1.13,1.50
2012.10.29 01:46:12.935,1.50446,1.50474,1.13,3.38
2012.10.29 01:46:13.592,1.50446,1.50473,1.13,1.13
2012.10.29 01:46:18.734,1.50446,1.50473,1.13,1.13
2012.10.29 01:46:19.655,1.50446,1.50471,1.13,1.13
2012.10.29 01:46:20.244,1.50437,1.50471,1.69,1.13
2012.10.29 01:46:20.307,1.50437,1.50471,1.50,1.13
2012.10.29 01:46:20.374,1.50437,1.50471,1.50,1.13
2012.10.29 01:46:21.078,1.50437,1.50469,1.50,1.13
2012.10.29 01:46:23.394,1.50437,1.50469,1.13,1.13
2012.10.29 01:46:24.965,1.50446,1.50469,1.13,1.13
2012.10.29 01:46:34.014,1.50446,1.50472,1.13,1.13
2012.10.29 01:46:34.074,1.50446,1.50479,1.13,1.13
2012.10.29 01:46:34.214,1.50446,1.50479,1.13,1.13
2012.10.29 01:46:34.606,1.50446,1.50477,1.13,1.13
2012.10.29 01:46:35.204,1.50446,1.50475,1.13,1.13
2012.10.29 01:46:36.085,1.50451,1.50475,1.13,1.13
2012.10.29 01:46:36.405,1.50447,1.50475,1.13,1.13
2012.10.29 01:46:36.974,1.50447,1.50474,1.13,1.13
2012.10.29 01:46:38.875,1.50443,1.50474,1.17,1.13
2012.10.29 01:46:39.185,1.50443,1.50474,1.17,1.13
2012.10.29 01:46:49.758,1.50443,1.50478,1.17,1.50
2012.10.29 01:47:07.704,1.50442,1.50478,1.35,1.50
2012.10.29 01:47:15.558,1.50442,1.50478,1.35,1.50
2012.10.29 01:47:20.775,1.50442,1.50478,1.35,1.50
2012.10.29 01:47:38.606,1.50442,1.50481,1.35,1.88
2012.10.29 01:47:38.764,1.50442,1.50478,1.35,1.50
2012.10.29 01:47:39.141,1.50442,1.50476,1.35,1.88
2012.10.29 01:47:40.177,1.50446,1.50476,1.13,1.13
2012.10.29 01:47:40.434,1.5044,1.50476,1.54,1.88
2012.10.29 01:47:50.185,1.5044,1.50476,1.35,1.13
2012.10.29 01:47:50.368,1.50441,1.5048,1.32,3.19
2012.10.29 01:47:50.436,1.5044,1.50477,1.13,1.13
2012.10.29 01:47:50.555,1.5043,1.50477,2.25,1.35
2012.10.29 01:47:50.616,1.5043,1.50477,2.25,1.73
2012.10.29 01:47:53.436,1.5043,1.50478,2.25,1.73
2012.10.29 01:48:04.136,1.5043,1.50478,2.25,1.73
2012.10.29 01:48:04.496,1.50433,1.5048,1.13,2.97
2012.10.29 01:48:08.335,1.50433,1.5048,1.13,2.59
2012.10.29 01:48:08.714,1.50433,1.5048,1.13,3.34
2012.10.29 01:48:19.785,1.50433,1.50478,1.13,1.88
2012.10.29 01:48:19.848,1.50431,1.50476,1.50,1.13
2012.10.29 01:48:19.915,1.50434,1.50476,1.13,1.13
2012.10.29 01:48:22.999,1.5043,1.50474,2.25,1.13
2012.10.29 01:48:34.776,1.5043,1.50475,2.25,1.50
2012.10.29 01:48:34.895,1.50431,1.50477,1.13,1.73
2012.10.29 01:48:34.986,1.50431,1.50476,1.13,1.35
2012.10.29 01:48:35.565,1.50434,1.50479,1.13,2.63
2012.10.29 01:48:36.068,1.50434,1.50479,1.13,2.25
2012.10.29 01:48:41.108,1.50433,1.50479,1.13,3.38
2012.10.29 01:48:41.816,1.50434,1.50479,1.13,2.63
2012.10.29 01:48:54.886,1.50434,1.50478,1.13,1.50
2012.10.29 01:49:20.834,1.50433,1.50478,1.13,1.88
2012.10.29 01:49:21.167,1.50429,1.50478,1.13,2.48
2012.10.29 01:49:23.376,1.50429,1.50474,1.50,1.35
2012.10.29 01:49:23.615,1.50428,1.50475,3.00,1.73
2012.10.29 01:49:23.964,1.50428,1.50474,3.00,1.35
2012.10.29 01:49:27.276,1.50428,1.50474,2.63,1.73
2012.10.29 01:49:32.566,1.50428,1.50475,2.63,1.73
2012.10.29 01:49:32.836,1.50428,1.50478,2.63,3.23
2012.10.29 01:49:35.874,1.50428,1.50473,1.13,1.50
2012.10.29 01:49:40.133,1.50428,1.50473,1.13,1.50
2012.10.29 01:49:40.376,1.50428,1.50473,1.13,2.25
2012.10.29 01:49:40.495,1.50429,1.50473,1.13,2.48
2012.10.29 01:49:49.988,1.50425,1.50473,2.25,2.85
2012.10.29 01:49:50.805,1.50425,1.50473,2.25,2.10
2012.10.29 01:49:50.925,1.50425,1.50473,2.25,2.85
2012.10.29 01:49:51.045,1.50425,1.50473,2.25,2.10
2012.10.29 01:49:51.104,1.50425,1.50472,2.25,1.73
2012.10.29 01:49:51.451,1.50425,1.50469,2.25,1.35
2012.10.29 01:49:54.125,1.50426,1.50469,1.17,1.13
2012.10.29 01:49:54.795,1.50429,1.5047,1.13,2.10
2012.10.29 01:50:14.076,1.50429,1.5047,1.13,3.23
2012.10.29 01:50:18.316,1.50421,1.50466,2.63,1.13
2012.10.29 01:50:18.635,1.50421,1.50468,2.63,1.35
2012.10.29 01:50:20.316,1.50421,1.50468,2.63,1.73
2012.10.29 01:50:20.376,1.50421,1.50466,2.25,1.13
2012.10.29 01:50:20.435,1.50421,1.50464,2.25,1.13
2012.10.29 01:50:20.846,1.50421,1.50466,2.25,1.35
2012.10.29 01:50:21.154,1.50421,1.50463,2.25,1.73
2012.10.29 01:50:21.655,1.50421,1.50466,2.25,1.35
2012.10.29 01:50:21.776,1.5042,1.50463,1.13,2.48
2012.10.29 01:50:21.916,1.5042,1.50463,1.13,2.48
2012.10.29 01:50:22.101,1.5042,1.50463,1.13,1.88
2012.10.29 01:50:22.225,1.5042,1.50463,1.13,2.48
2012.10.29 01:50:23.446,1.50422,1.50463,1.13,2.25
2012.10.29 01:50:29.673,1.50422,1.50463,1.13,1.88
2012.10.29 01:50:29.865,1.50423,1.5047,2.48,2.48
2012.10.29 01:50:32.479,1.50424,1.50469,1.13,1.73
2012.10.29 01:50:50.496,1.5042,1.50467,2.10,1.88
2012.10.29 01:50:52.215,1.5042,1.50467,2.48,1.88
2012.10.29 01:51:05.375,1.50421,1.50467,1.13,1.88
2012.10.29 01:51:18.035,1.50421,1.50469,1.13,1.73
2012.10.29 01:51:21.324,1.50428,1.50469,1.13,1.35
2012.10.29 01:51:21.847,1.50428,1.50469,1.32,1.13
2012.10.29 01:51:27.219,1.50428,1.5047,1.32,2.63
2012.10.29 01:51:27.767,1.50428,1.50469,1.54,1.13
2012.10.29 01:51:28.326,1.50428,1.50469,3.04,1.13
2012.10.29 01:51:28.865,1.50428,1.50473,2.82,1.13
2012.10.29 01:51:31.748,1.50428,1.50472,2.25,1.50
2012.10.29 01:51:37.657,1.50428,1.50468,2.25,1.13
2012.10.29 01:51:40.696,1.50425,1.50468,1.50,1.13
2012.10.29 01:51:41.345,1.50428,1.50469,3.04,1.13
2012.10.29 01:51:44.337,1.50429,1.50475,1.13,1.17
2012.10.29 01:51:45.976,1.50429,1.50475,1.13,1.17
2012.10.29 01:51:46.097,1.50429,1.50475,1.13,1.17
2012.10.29 01:51:46.411,1.50429,1.50475,1.13,1.17
2012.10.29 01:51:46.956,1.50429,1.50475,1.13,1.17
2012.10.29 01:51:50.135,1.50431,1.50475,1.13,1.17
2012.10.29 01:51:50.534,1.50431,1.50475,1.13,1.17
2012.10.29 01:52:18.582,1.50429,1.50475,2.63,1.17
2012.10.29 01:52:18.766,1.50437,1.50477,1.13,3.00
2012.10.29 01:52:18.886,1.50434,1.50477,1.13,3.00
2012.10.29 01:52:19.205,1.50434,1.50469,1.13,1.50
2012.10.29 01:52:19.585,1.50429,1.50469,1.13,1.73
2012.10.29 01:52:20.565,1.50427,1.50469,1.13,2.48
2012.10.29 01:52:21.359,1.50427,1.50469,1.50,2.25
2012.10.29 01:52:21.524,1.50428,1.50469,1.13,1.50
2012.10.29 01:52:21.866,1.50428,1.50469,1.13,1.50
2012.10.29 01:52:22.248,1.50428,1.50469,1.13,2.25
2012.10.29 01:52:24.736,1.50428,1.50469,1.13,2.48
2012.10.29 01:52:25.141,1.50428,1.50469,1.13,1.73
2012.10.29 01:52:25.206,1.50428,1.50469,1.13,1.50
2012.10.29 01:52:25.266,1.50428,1.50469,1.88,1.50
2012.10.29 01:52:25.335,1.50429,1.50469,1.13,1.50
2012.10.29 01:52:25.400,1.50429,1.50474,2.63,1.35
2012.10.29 01:52:25.726,1.50429,1.50477,2.63,2.10
2012.10.29 01:52:26.311,1.50431,1.50477,1.13,2.10
2012.10.29 01:52:26.725,1.50431,1.50477,1.13,2.10
2012.10.29 01:52:26.846,1.50431,1.50477,1.35,1.88
2012.10.29 01:52:27.465,1.50437,1.50477,1.13,2.63
2012.10.29 01:52:27.993,1.50437,1.50477,1.13,2.63
2012.10.29 01:52:28.068,1.50439,1.50477,1.13,1.88
2012.10.29 01:52:44.645,1.50438,1.50477,1.13,1.88
2012.10.29 01:52:47.356,1.50438,1.50482,1.13,2.48
2012.10.29 01:52:55.285,1.50437,1.50474,1.13,1.13
2012.10.29 01:52:55.406,1.50439,1.50479,1.13,1.35
2012.10.29 01:52:55.770,1.50437,1.50474,1.13,1.13
2012.10.29 01:52:59.392,1.50435,1.50474,1.35,1.13
2012.10.29 01:52:59.455,1.50435,1.5048,1.35,2.10
2012.10.29 01:53:06.937,1.50435,1.50478,1.54,1.13
2012.10.29 01:53:07.456,1.50433,1.50474,1.17,1.13
2012.10.29 01:53:07.517,1.50433,1.50473,1.17,1.13
2012.10.29 01:53:07.856,1.50432,1.50473,1.69,1.13
2012.10.29 01:53:08.816,1.50432,1.50473,1.32,2.63
2012.10.29 01:53:10.491,1.50432,1.50473,1.50,2.63
2012.10.29 01:53:15.375,1.50432,1.50473,1.50,2.63
2012.10.29 01:53:15.437,1.50432,1.50473,1.69,1.13
2012.10.29 01:53:15.556,1.50434,1.50473,1.17,1.13
2012.10.29 01:53:15.887,1.50435,1.5048,1.32,2.10
2012.10.29 01:53:16.448,1.50436,1.5048,1.32,2.10
2012.10.29 01:54:07.525,1.50437,1.5048,1.32,2.10
2012.10.29 01:54:07.926,1.50437,1.5048,1.32,2.10
2012.10.29 01:54:08.149,1.50437,1.5048,1.32,2.10
2012.10.29 01:54:26.125,1.50435,1.50483,1.13,2.48
2012.10.29 01:54:35.746,1.50435,1.50477,1.13,1.88
2012.10.29 01:54:36.425,1.50435,1.50477,1.13,1.88
2012.10.29 01:54:50.616,1.50435,1.50477,1.13,1.88
2012.10.29 01:54:51.126,1.50435,1.50477,1.13,1.88
2012.10.29 01:55:20.745,1.50434,1.50478,1.17,2.25
2012.10.29 01:55:51.004,1.50433,1.50476,1.17,1.88
2012.10.29 01:56:04.336,1.50434,1.50477,1.17,1.88
2012.10.29 01:56:05.334,1.50434,1.50477,1.17,1.88
2012.10.29 01:56:23.604,1.50434,1.50477,1.54,1.88
2012.10.29 01:56:40.356,1.50434,1.50477,1.17,1.88
2012.10.29 01:56:43.598,1.50434,1.50473,1.35,1.13
2012.10.29 01:56:43.906,1.50433,1.50468,1.13,1.13
2012.10.29 01:56:51.026,1.50431,1.50469,2.29,1.13
2012.10.29 01:56:51.716,1.50431,1.50469,1.54,1.13
2012.10.29 01:56:57.246,1.50431,1.5047,1.73,1.13
2012.10.29 01:57:03.526,1.50431,1.5047,1.73,1.13
2012.10.29 01:57:15.646,1.50432,1.50473,1.69,1.13
2012.10.29 01:57:17.268,1.50431,1.5047,2.67,1.13
2012.10.29 01:57:18.616,1.50431,1.50468,1.92,1.13
2012.10.29 01:57:20.536,1.50431,1.50471,2.48,1.13
2012.10.29 01:57:27.709,1.50431,1.50471,1.73,1.13
2012.10.29 01:57:39.614,1.50431,1.50471,2.48,1.13
2012.10.29 01:57:47.218,1.50431,1.50474,3.23,1.35
2012.10.29 01:57:47.467,1.50432,1.50474,1.35,1.13
2012.10.29 01:57:48.507,1.50433,1.50474,1.17,1.13
2012.10.29 01:57:51.546,1.50433,1.50474,1.17,1.13
2012.10.29 01:57:58.586,1.50434,1.50474,1.17,1.13
2012.10.29 01:58:04.206,1.50436,1.50477,3.19,2.25
2012.10.29 01:58:04.385,1.50438,1.50477,1.17,2.25
2012.10.29 01:58:04.687,1.50436,1.50475,2.82,1.13
2012.10.29 01:58:11.107,1.50431,1.50467,1.69,1.13
2012.10.29 01:58:11.166,1.50431,1.50467,1.69,1.13
2012.10.29 01:58:13.926,1.50431,1.5047,1.32,1.13
2012.10.29 01:58:33.816,1.50433,1.50474,1.13,1.13
2012.10.29 01:58:43.606,1.50431,1.5047,1.17,1.13
2012.10.29 01:58:45.245,1.50431,1.5047,1.17,1.13
2012.10.29 01:58:46.890,1.50431,1.5047,1.17,1.13
2012.10.29 01:59:10.315,1.5043,1.5047,1.54,1.13
2012.10.29 01:59:10.926,1.5043,1.5047,1.54,1.13
2012.10.29 01:59:16.486,1.50431,1.5047,1.54,1.13
2012.10.29 01:59:21.659,1.50431,1.50471,1.54,1.13
2012.10.29 01:59:21.938,1.50431,1.50471,2.29,1.13
2012.10.29 01:59:22.116,1.50433,1.50473,1.13,1.13
2012.10.29 01:59:22.487,1.50431,1.50471,1.17,1.13
2012.10.29 01:59:28.355,1.50431,1.50471,1.17,1.13
2012.10.29 01:59:55.228,1.50434,1.50472,1.13,1.13
2012.10.29 01:59:55.856,1.50434,1.50472,1.69,1.13
2012.10.29 01:59:57.886,1.50434,1.50475,1.13,2.48
2012.10.29 01:59:58.257,1.50434,1.50472,1.13,1.13
2012.10.29 01:59:58.898,1.5043,1.50472,1.73,1.13
2012.10.29 01:59:59.533,1.5043,1.50472,1.73,1.13
