2012.10.25 08:00:00.611,1.49407,1.49428,1.13,1.13
2012.10.25 08:00:00.919,1.49406,1.49428,2.63,1.88
2012.10.25 08:00:01.228,1.49407,1.49428,1.13,1.88
2012.10.25 08:00:01.481,1.49406,1.49428,2.63,1.88
2012.10.25 08:00:01.989,1.49407,1.49428,1.13,1.88
2012.10.25 08:00:02.745,1.49406,1.49428,1.13,2.10
2012.10.25 08:00:04.609,1.49401,1.49428,2.25,2.10
2012.10.25 08:00:06.850,1.49401,1.49426,1.50,2.48
2012.10.25 08:00:07.362,1.49403,1.49426,1.13,2.48
2012.10.25 08:00:10.346,1.49401,1.49426,1.50,2.48
2012.10.25 08:00:10.539,1.49402,1.49426,2.25,2.48
2012.10.25 08:00:10.598,1.49402,1.49426,2.25,2.48
2012.10.25 08:00:11.918,1.494,1.49426,1.88,2.48
2012.10.25 08:00:12.333,1.49397,1.49426,3.38,2.85
2012.10.25 08:00:20.194,1.49402,1.49429,2.63,2.10
2012.10.25 08:00:20.521,1.49407,1.49433,1.50,1.73
2012.10.25 08:00:20.590,1.49407,1.49432,1.50,1.50
2012.10.25 08:00:20.902,1.49407,1.49431,1.13,1.73
2012.10.25 08:00:21.969,1.49407,1.49431,1.88,1.73
2012.10.25 08:00:36.710,1.49407,1.49429,2.03,1.35
2012.10.25 08:00:36.779,1.49412,1.4943,1.50,2.85
2012.10.25 08:00:37.212,1.49412,1.4943,1.50,2.63
2012.10.25 08:00:38.332,1.49412,1.4943,1.50,1.13
2012.10.25 08:00:38.881,1.49409,1.49429,1.13,1.13
2012.10.25 08:00:39.089,1.49407,1.4943,1.50,1.73
2012.10.25 08:00:40.138,1.49407,1.49428,1.95,1.50
2012.10.25 08:00:41.557,1.49411,1.49429,1.50,1.35
2012.10.25 08:00:43.999,1.49411,1.49429,1.50,1.35
2012.10.25 08:00:44.800,1.49412,1.49431,1.50,2.48
2012.10.25 08:00:45.053,1.49412,1.49429,1.50,1.13
2012.10.25 08:00:45.358,1.49407,1.49429,2.10,1.13
2012.10.25 08:00:46.469,1.49411,1.49429,1.50,1.13
2012.10.25 08:00:46.658,1.49412,1.49433,1.50,1.35
2012.10.25 08:00:46.837,1.49415,1.49433,1.50,1.35
2012.10.25 08:00:48.703,1.49413,1.49435,1.50,1.13
2012.10.25 08:00:49.238,1.49413,1.49433,1.50,1.50
2012.10.25 08:00:49.549,1.49416,1.49436,1.50,2.25
2012.10.25 08:00:49.769,1.49416,1.49434,1.50,1.50
2012.10.25 08:00:50.308,1.49416,1.49434,1.50,3.23
2012.10.25 08:00:50.489,1.49415,1.49433,1.13,1.50
2012.10.25 08:00:50.558,1.49415,1.49434,1.88,2.25
2012.10.25 08:00:50.618,1.49415,1.49434,1.88,1.50
2012.10.25 08:00:51.449,1.49416,1.49437,2.85,1.88
2012.10.25 08:00:51.922,1.49419,1.49437,1.73,1.88
2012.10.25 08:00:53.708,1.49419,1.49442,1.50,1.50
2012.10.25 08:00:53.768,1.49419,1.4944,1.50,3.75
2012.10.25 08:00:54.390,1.49417,1.49437,1.13,1.50
2012.10.25 08:00:55.629,1.49415,1.49437,1.73,1.50
2012.10.25 08:00:56.928,1.49416,1.49437,2.10,1.50
2012.10.25 08:00:56.990,1.49417,1.49436,1.50,1.50
2012.10.25 08:00:57.130,1.49417,1.49442,2.25,2.48
2012.10.25 08:00:57.200,1.49417,1.49443,2.25,2.85
2012.10.25 08:00:57.269,1.49417,1.49443,1.50,2.85
2012.10.25 08:00:57.579,1.49416,1.49441,1.50,1.73
2012.10.25 08:00:57.699,1.49419,1.49443,1.50,1.35
2012.10.25 08:00:57.768,1.49419,1.49443,1.50,1.13
2012.10.25 08:00:58.449,1.49424,1.49443,1.50,1.13
2012.10.25 08:00:59.138,1.49424,1.49445,1.50,1.73
2012.10.25 08:00:59.300,1.49424,1.49444,1.50,1.50
2012.10.25 08:00:59.875,1.49426,1.49444,1.50,1.50
2012.10.25 08:01:00.569,1.49425,1.49444,1.50,1.50
2012.10.25 08:01:01.197,1.49426,1.49444,1.50,1.50
2012.10.25 08:01:01.398,1.49423,1.49444,2.10,1.50
2012.10.25 08:01:01.768,1.49423,1.49441,1.50,1.50
2012.10.25 08:01:01.830,1.4942,1.49439,1.50,1.73
2012.10.25 08:01:02.271,1.49418,1.49436,1.13,1.73
2012.10.25 08:01:02.419,1.49417,1.49436,1.88,1.73
2012.10.25 08:01:02.618,1.49418,1.49436,1.13,1.73
2012.10.25 08:01:02.920,1.49417,1.49437,1.20,1.73
2012.10.25 08:01:03.173,1.4942,1.49436,1.13,2.25
2012.10.25 08:01:03.855,1.49421,1.49438,1.50,1.13
2012.10.25 08:01:03.934,1.49423,1.49446,1.88,1.13
2012.10.25 08:01:04.004,1.49423,1.49448,1.88,2.25
2012.10.25 08:01:04.345,1.49423,1.49448,1.88,2.25
2012.10.25 08:01:04.539,1.49423,1.49448,1.88,2.25
2012.10.25 08:01:04.672,1.49425,1.49438,1.13,1.88
2012.10.25 08:01:05.136,1.49422,1.49438,1.50,1.88
2012.10.25 08:01:05.687,1.49419,1.49438,1.50,1.13
2012.10.25 08:01:05.931,1.49421,1.49441,3.00,1.13
2012.10.25 08:01:06.178,1.49419,1.49441,1.50,1.13
2012.10.25 08:01:07.069,1.49421,1.49441,1.50,1.13
2012.10.25 08:01:07.949,1.4942,1.49441,1.50,1.13
2012.10.25 08:01:08.018,1.49419,1.49441,1.73,1.13
2012.10.25 08:01:08.200,1.4942,1.49441,1.50,1.13
2012.10.25 08:01:08.399,1.49421,1.49437,1.50,1.13
2012.10.25 08:01:09.601,1.49414,1.49437,1.50,1.88
2012.10.25 08:01:10.009,1.49414,1.49437,1.50,1.88
2012.10.25 08:01:10.384,1.49417,1.49433,1.50,1.50
2012.10.25 08:01:10.689,1.49418,1.49433,1.13,1.50
2012.10.25 08:01:11.179,1.49418,1.49437,1.13,1.13
2012.10.25 08:01:11.440,1.49417,1.49437,1.50,1.13
2012.10.25 08:01:12.721,1.49417,1.49438,1.13,2.25
2012.10.25 08:01:17.688,1.49413,1.49436,3.00,1.13
2012.10.25 08:01:18.348,1.49413,1.49436,3.45,1.35
2012.10.25 08:01:19.219,1.49413,1.49436,3.45,1.35
2012.10.25 08:01:21.189,1.49411,1.49429,1.50,1.50
2012.10.25 08:01:21.259,1.49408,1.49428,1.35,1.13
2012.10.25 08:01:21.320,1.49407,1.49428,1.50,1.13
2012.10.25 08:01:21.510,1.49404,1.49429,1.50,1.13
2012.10.25 08:01:22.058,1.49411,1.49428,1.50,1.13
2012.10.25 08:01:22.565,1.49412,1.49434,1.13,1.50
2012.10.25 08:01:22.748,1.49413,1.49436,1.50,2.63
2012.10.25 08:01:23.049,1.4941,1.49427,2.25,1.35
2012.10.25 08:01:23.190,1.49409,1.49427,1.50,1.35
2012.10.25 08:01:23.618,1.49405,1.49427,1.50,1.35
2012.10.25 08:01:27.390,1.49405,1.49423,1.50,1.13
2012.10.25 08:01:27.579,1.49398,1.49421,1.50,1.13
2012.10.25 08:01:27.649,1.49397,1.49419,1.28,1.73
2012.10.25 08:01:28.648,1.49404,1.49427,2.25,1.88
2012.10.25 08:01:28.712,1.49404,1.49431,2.25,2.10
2012.10.25 08:01:29.150,1.49407,1.49429,1.50,1.50
2012.10.25 08:01:29.217,1.49407,1.49431,2.25,1.50
2012.10.25 08:01:29.588,1.49408,1.49431,1.50,1.50
2012.10.25 08:01:29.649,1.49407,1.49423,3.00,1.13
2012.10.25 08:01:30.200,1.49399,1.49423,1.73,1.13
2012.10.25 08:01:31.949,1.49399,1.49423,2.48,1.13
2012.10.25 08:01:32.020,1.49399,1.49425,2.48,1.50
2012.10.25 08:01:32.388,1.49402,1.49424,2.48,1.88
2012.10.25 08:01:32.461,1.49402,1.49424,2.48,1.13
2012.10.25 08:01:32.709,1.49405,1.49427,2.48,1.84
2012.10.25 08:01:33.139,1.49401,1.49423,2.25,1.13
2012.10.25 08:01:33.630,1.49401,1.49423,2.25,1.35
2012.10.25 08:01:34.193,1.49406,1.49423,1.50,1.13
2012.10.25 08:01:34.259,1.49403,1.49422,1.50,1.35
2012.10.25 08:01:34.379,1.494,1.49419,2.25,1.73
2012.10.25 08:01:34.860,1.494,1.49422,1.50,1.35
2012.10.25 08:01:34.929,1.49399,1.49419,1.50,1.73
2012.10.25 08:01:35.145,1.49399,1.49422,1.50,1.35
2012.10.25 08:01:35.420,1.49399,1.49419,1.50,1.73
2012.10.25 08:01:35.669,1.49398,1.4942,1.50,2.48
2012.10.25 08:01:36.370,1.49402,1.49419,1.50,1.13
2012.10.25 08:01:36.926,1.494,1.49419,2.25,1.13
2012.10.25 08:01:37.669,1.49397,1.4942,2.25,1.73
2012.10.25 08:01:38.421,1.49396,1.49414,1.50,1.50
2012.10.25 08:01:39.860,1.49396,1.49418,1.50,2.25
2012.10.25 08:01:40.729,1.49398,1.49418,1.50,1.50
2012.10.25 08:01:40.980,1.49402,1.49425,1.50,1.73
2012.10.25 08:01:42.449,1.49405,1.4943,1.50,3.00
2012.10.25 08:01:43.366,1.49405,1.4943,1.50,2.25
2012.10.25 08:01:43.436,1.49405,1.4943,1.50,3.00
2012.10.25 08:01:43.506,1.49406,1.4943,1.13,1.50
2012.10.25 08:01:43.819,1.49408,1.49432,2.10,1.50
2012.10.25 08:01:43.879,1.49408,1.49432,2.10,1.50
2012.10.25 08:01:44.069,1.49408,1.49432,1.88,2.25
2012.10.25 08:01:44.130,1.49408,1.49435,2.63,1.88
2012.10.25 08:01:44.925,1.49408,1.49434,1.13,1.50
2012.10.25 08:01:51.719,1.49407,1.49432,3.00,1.13
2012.10.25 08:01:52.813,1.49408,1.49432,1.50,1.13
2012.10.25 08:01:53.022,1.49409,1.49433,1.50,1.13
2012.10.25 08:01:53.328,1.49409,1.49433,1.50,1.13
2012.10.25 08:01:53.684,1.49412,1.49433,1.50,1.13
2012.10.25 08:01:53.808,1.4941,1.49433,1.50,1.13
2012.10.25 08:01:54.349,1.49408,1.49433,1.50,1.88
2012.10.25 08:01:54.410,1.49409,1.49433,1.50,1.88
2012.10.25 08:01:55.428,1.4941,1.49432,1.50,1.50
2012.10.25 08:01:55.609,1.4941,1.49434,1.50,1.88
2012.10.25 08:01:59.431,1.49412,1.49437,2.25,1.13
2012.10.25 08:01:59.522,1.49412,1.49436,2.25,1.50
2012.10.25 08:02:04.361,1.49416,1.49436,2.25,1.50
2012.10.25 08:02:04.700,1.49416,1.49439,2.25,2.25
2012.10.25 08:02:09.482,1.49416,1.4944,3.23,1.50
2012.10.25 08:02:10.401,1.49416,1.49438,3.23,1.50
2012.10.25 08:02:12.858,1.49416,1.49438,3.23,1.50
2012.10.25 08:02:13.380,1.49416,1.49438,3.23,1.50
2012.10.25 08:02:13.452,1.49421,1.49442,1.50,1.13
2012.10.25 08:02:13.581,1.49424,1.49445,1.13,2.25
2012.10.25 08:02:13.770,1.49423,1.49438,1.88,1.50
2012.10.25 08:02:13.960,1.49422,1.49438,1.13,1.88
2012.10.25 08:02:17.399,1.49418,1.49437,2.25,1.13
2012.10.25 08:02:22.291,1.49419,1.49437,1.50,1.50
2012.10.25 08:02:22.636,1.49419,1.49438,1.50,1.50
2012.10.25 08:02:22.707,1.49419,1.49443,1.50,4.13
2012.10.25 08:02:23.231,1.49423,1.49446,2.48,1.13
2012.10.25 08:02:23.304,1.49423,1.49446,2.48,1.13
2012.10.25 08:02:23.489,1.49423,1.49451,2.48,1.13
2012.10.25 08:02:23.680,1.49423,1.49448,2.48,3.00
2012.10.25 08:02:24.109,1.49428,1.49447,2.48,1.13
2012.10.25 08:02:24.429,1.49428,1.49447,2.48,1.13
2012.10.25 08:02:24.909,1.49428,1.49452,2.48,3.38
2012.10.25 08:02:25.229,1.49428,1.4945,2.48,1.50
2012.10.25 08:02:25.713,1.49432,1.49458,2.48,3.38
2012.10.25 08:02:26.159,1.49433,1.49458,1.35,1.13
2012.10.25 08:02:26.289,1.49431,1.49455,1.73,3.75
2012.10.25 08:02:28.650,1.49431,1.49455,1.73,3.75
2012.10.25 08:02:30.593,1.49431,1.49458,1.50,1.13
2012.10.25 08:02:32.422,1.49434,1.49458,1.50,1.88
2012.10.25 08:02:35.808,1.49435,1.49457,1.50,1.13
2012.10.25 08:02:38.045,1.49429,1.49453,1.88,1.50
2012.10.25 08:02:39.091,1.49429,1.49456,1.35,1.13
2012.10.25 08:02:41.877,1.49432,1.49454,2.25,1.88
2012.10.25 08:02:41.999,1.49432,1.49454,3.00,1.13
2012.10.25 08:02:42.240,1.49432,1.49457,3.00,1.50
2012.10.25 08:02:42.373,1.49432,1.49456,2.48,1.50
2012.10.25 08:02:42.679,1.49432,1.49451,2.48,1.50
2012.10.25 08:02:43.160,1.49432,1.49455,2.48,1.13
2012.10.25 08:02:44.319,1.49435,1.49458,1.50,1.50
2012.10.25 08:02:44.391,1.49435,1.49458,1.50,1.50
2012.10.25 08:02:44.578,1.49438,1.49461,1.50,1.50
2012.10.25 08:02:44.638,1.49442,1.49464,1.13,1.50
2012.10.25 08:02:44.698,1.49442,1.49464,1.13,1.50
2012.10.25 08:02:45.191,1.49445,1.49469,1.50,1.50
2012.10.25 08:02:45.380,1.49446,1.49471,2.25,1.35
2012.10.25 08:02:46.027,1.49443,1.49464,2.25,1.50
2012.10.25 08:02:46.848,1.49446,1.4947,2.25,1.50
2012.10.25 08:02:48.669,1.4945,1.49463,1.50,3.75
2012.10.25 08:02:52.751,1.4945,1.49472,2.25,2.10
2012.10.25 08:02:56.670,1.49447,1.49472,2.48,1.13
2012.10.25 08:02:56.920,1.49447,1.49473,2.48,6.75
2012.10.25 08:02:58.487,1.49447,1.49472,2.25,1.13
2012.10.25 08:02:58.610,1.49444,1.49469,2.48,1.50
2012.10.25 08:02:58.920,1.49442,1.49467,2.63,1.73
2012.10.25 08:02:59.229,1.49442,1.49467,2.63,1.50
2012.10.25 08:02:59.288,1.49442,1.49467,2.63,1.50
2012.10.25 08:03:00.468,1.49442,1.49467,2.25,1.50
2012.10.25 08:03:01.473,1.49442,1.49467,2.25,1.50
2012.10.25 08:03:01.540,1.49442,1.49468,2.48,1.13
2012.10.25 08:03:01.789,1.49446,1.4947,2.25,1.13
2012.10.25 08:03:02.344,1.49446,1.49472,2.48,2.59
2012.10.25 08:03:03.121,1.49446,1.49472,3.23,1.47
2012.10.25 08:03:03.189,1.49446,1.49472,3.23,1.47
2012.10.25 08:03:03.660,1.49446,1.49473,3.23,4.09
2012.10.25 08:03:05.098,1.49453,1.49476,1.73,1.13
2012.10.25 08:03:05.159,1.49453,1.49478,1.73,1.50
2012.10.25 08:03:05.398,1.49452,1.49478,1.35,1.88
2012.10.25 08:03:05.937,1.49452,1.49478,1.35,1.88
2012.10.25 08:03:10.439,1.49453,1.49476,1.73,1.50
2012.10.25 08:03:11.188,1.49451,1.49474,1.13,1.50
2012.10.25 08:03:11.748,1.49451,1.49472,1.13,1.50
2012.10.25 08:03:12.179,1.49445,1.4947,2.48,3.38
2012.10.25 08:03:12.437,1.49443,1.49467,2.10,1.50
2012.10.25 08:03:13.409,1.49452,1.49467,1.50,1.50
2012.10.25 08:03:13.658,1.49451,1.49471,1.50,1.73
2012.10.25 08:03:13.720,1.49451,1.49471,1.50,1.73
2012.10.25 08:03:13.968,1.49447,1.49471,1.50,1.73
2012.10.25 08:03:14.158,1.49446,1.49465,1.88,1.50
2012.10.25 08:03:14.228,1.49446,1.49465,1.88,1.50
2012.10.25 08:03:14.348,1.49446,1.49465,1.50,1.73
2012.10.25 08:03:14.408,1.49446,1.49466,1.50,1.35
2012.10.25 08:03:14.949,1.49449,1.49466,1.50,1.13
2012.10.25 08:03:15.319,1.49446,1.49465,1.50,2.48
2012.10.25 08:03:15.460,1.49442,1.49463,1.50,2.48
2012.10.25 08:03:15.649,1.49445,1.49463,1.50,1.73
2012.10.25 08:03:15.780,1.49445,1.49466,1.50,1.13
2012.10.25 08:03:16.218,1.49449,1.49466,1.50,1.13
2012.10.25 08:03:17.419,1.49462,1.49475,1.50,1.32
2012.10.25 08:03:17.610,1.49464,1.49482,2.25,1.88
2012.10.25 08:03:17.680,1.4946,1.49481,1.73,1.50
2012.10.25 08:03:17.751,1.49458,1.49476,1.13,1.50
2012.10.25 08:03:18.061,1.49463,1.49484,1.50,1.73
2012.10.25 08:03:18.129,1.49463,1.49486,1.50,1.13
2012.10.25 08:03:18.380,1.49463,1.49484,3.00,1.50
2012.10.25 08:03:19.003,1.49463,1.49486,3.00,1.35
2012.10.25 08:03:19.429,1.49465,1.49484,1.13,1.50
2012.10.25 08:03:20.014,1.49462,1.49484,1.50,1.73
2012.10.25 08:03:20.378,1.49462,1.49484,2.48,1.50
2012.10.25 08:03:20.730,1.49462,1.49484,2.25,1.50
2012.10.25 08:03:20.798,1.49462,1.49486,2.25,1.13
2012.10.25 08:03:21.729,1.49462,1.49486,2.25,1.35
2012.10.25 08:03:21.859,1.49462,1.49486,2.25,1.35
2012.10.25 08:03:22.119,1.49462,1.49486,2.48,1.13
2012.10.25 08:03:22.642,1.49462,1.49486,2.48,1.13
2012.10.25 08:03:23.479,1.49462,1.49488,2.48,1.50
2012.10.25 08:03:24.030,1.49462,1.49484,2.25,2.25
2012.10.25 08:03:24.658,1.49462,1.49484,2.25,1.88
2012.10.25 08:03:25.274,1.49462,1.49486,2.25,1.35
2012.10.25 08:03:25.728,1.49462,1.49483,2.25,1.13
2012.10.25 08:03:26.260,1.49462,1.49484,2.25,1.13
2012.10.25 08:03:26.935,1.49462,1.49482,2.25,1.13
2012.10.25 08:03:27.087,1.49458,1.4948,1.50,3.38
2012.10.25 08:03:27.451,1.49459,1.49482,2.25,1.73
2012.10.25 08:03:27.520,1.49459,1.49483,2.25,1.13
2012.10.25 08:03:30.398,1.49459,1.49482,1.50,1.50
2012.10.25 08:03:30.819,1.49458,1.49477,1.50,1.50
2012.10.25 08:03:31.138,1.49458,1.49477,2.25,1.50
2012.10.25 08:03:31.320,1.49458,1.4948,1.50,2.25
2012.10.25 08:03:31.696,1.49455,1.49473,1.35,2.10
2012.10.25 08:03:31.970,1.49453,1.49475,2.25,1.35
2012.10.25 08:03:32.158,1.4945,1.49476,1.50,1.88
2012.10.25 08:03:32.348,1.4945,1.49475,1.50,1.13
2012.10.25 08:03:32.408,1.4945,1.49475,1.50,1.13
2012.10.25 08:03:33.158,1.49452,1.49476,1.50,1.13
2012.10.25 08:03:33.458,1.49448,1.49476,3.60,2.25
2012.10.25 08:03:35.328,1.49448,1.49473,1.13,1.13
2012.10.25 08:03:35.630,1.49447,1.49468,1.50,1.50
2012.10.25 08:03:36.698,1.49445,1.49468,2.25,1.73
2012.10.25 08:03:36.888,1.49445,1.49469,2.25,1.35
2012.10.25 08:03:37.448,1.49445,1.49469,2.25,1.35
2012.10.25 08:03:37.568,1.49445,1.49469,2.25,1.13
2012.10.25 08:03:38.073,1.4945,1.4947,1.50,1.13
2012.10.25 08:03:38.150,1.4945,1.49475,1.50,1.13
2012.10.25 08:03:38.338,1.4945,1.49476,1.50,1.50
2012.10.25 08:03:38.398,1.4945,1.49476,1.50,1.13
2012.10.25 08:03:39.721,1.4945,1.49477,1.73,3.38
2012.10.25 08:03:39.793,1.4945,1.49474,1.73,2.25
2012.10.25 08:03:40.120,1.4945,1.49473,1.50,1.73
2012.10.25 08:03:40.250,1.49449,1.4947,2.25,1.13
2012.10.25 08:03:41.238,1.49445,1.49469,2.25,1.73
2012.10.25 08:03:41.610,1.49445,1.49468,2.25,1.13
2012.10.25 08:03:41.680,1.49445,1.49467,2.25,1.13
2012.10.25 08:03:41.749,1.49445,1.49467,2.25,1.35
2012.10.25 08:03:42.280,1.49439,1.49465,1.50,1.35
2012.10.25 08:03:43.979,1.49442,1.49465,2.25,1.35
2012.10.25 08:03:44.865,1.49442,1.49465,2.25,1.13
2012.10.25 08:03:47.143,1.49439,1.49467,1.50,3.23
2012.10.25 08:03:47.658,1.49439,1.49467,1.50,3.23
2012.10.25 08:03:48.038,1.49438,1.49466,2.85,1.50
2012.10.25 08:03:49.637,1.49443,1.49467,2.63,1.50
2012.10.25 08:03:51.177,1.49444,1.49471,1.50,1.88
2012.10.25 08:03:51.238,1.49444,1.49471,1.50,1.88
2012.10.25 08:03:51.297,1.49444,1.49471,1.50,1.13
2012.10.25 08:03:53.878,1.49443,1.49471,3.38,1.13
2012.10.25 08:03:54.698,1.49443,1.49471,3.38,1.13
2012.10.25 08:03:55.138,1.49443,1.49471,3.38,1.13
2012.10.25 08:03:55.199,1.49443,1.49471,3.38,1.88
2012.10.25 08:03:55.749,1.49443,1.49467,2.85,1.50
2012.10.25 08:03:56.319,1.49444,1.49471,2.48,2.63
2012.10.25 08:03:56.808,1.49453,1.49475,1.50,2.48
2012.10.25 08:03:57.168,1.49453,1.49475,1.50,1.88
2012.10.25 08:03:57.228,1.49453,1.49479,1.50,1.35
2012.10.25 08:03:57.528,1.49453,1.49479,1.50,1.35
2012.10.25 08:03:57.827,1.49453,1.4948,1.50,2.48
2012.10.25 08:04:01.438,1.49456,1.49481,2.25,1.13
2012.10.25 08:04:01.837,1.49456,1.49481,2.25,1.13
2012.10.25 08:04:03.968,1.49456,1.49481,2.63,1.13
2012.10.25 08:04:04.282,1.49458,1.49481,3.00,1.13
2012.10.25 08:04:04.679,1.4946,1.49486,2.25,2.10
2012.10.25 08:04:05.368,1.4946,1.49484,1.13,1.13
2012.10.25 08:04:06.198,1.4946,1.49486,1.88,3.23
2012.10.25 08:04:09.161,1.49461,1.49486,2.48,2.25
2012.10.25 08:04:10.043,1.49461,1.49484,2.48,1.50
2012.10.25 08:04:10.115,1.49461,1.4948,2.48,1.13
2012.10.25 08:04:10.339,1.49454,1.49478,1.13,1.73
2012.10.25 08:04:10.479,1.49454,1.49478,1.13,2.25
2012.10.25 08:04:10.788,1.49454,1.49474,1.13,1.13
2012.10.25 08:04:10.969,1.49453,1.49474,1.13,1.88
2012.10.25 08:04:11.232,1.49453,1.49468,1.13,1.88
2012.10.25 08:04:11.577,1.49447,1.49468,2.25,1.13
2012.10.25 08:04:11.857,1.49447,1.49468,2.25,1.13
2012.10.25 08:04:12.185,1.49447,1.49468,2.25,1.13
2012.10.25 08:04:12.608,1.49447,1.49473,2.25,1.13
2012.10.25 08:04:12.729,1.49449,1.49472,1.50,1.13
2012.10.25 08:04:12.858,1.49449,1.49475,1.50,1.73
2012.10.25 08:04:13.456,1.49447,1.49475,4.73,1.50
2012.10.25 08:04:14.183,1.49449,1.49475,2.25,1.50
2012.10.25 08:04:15.417,1.49452,1.49475,1.13,1.13
2012.10.25 08:04:15.539,1.49452,1.4948,1.13,1.35
2012.10.25 08:04:19.799,1.49452,1.4948,1.13,2.10
2012.10.25 08:04:20.253,1.49452,1.49476,1.13,3.00
2012.10.25 08:04:20.744,1.49452,1.49474,1.13,2.07
2012.10.25 08:04:21.818,1.49452,1.49474,1.13,2.44
2012.10.25 08:04:21.878,1.49452,1.49471,1.13,1.50
2012.10.25 08:04:23.968,1.49444,1.49466,1.50,1.13
2012.10.25 08:04:24.039,1.49445,1.49469,1.50,2.59
2012.10.25 08:04:24.229,1.49448,1.49468,1.50,1.50
2012.10.25 08:04:24.419,1.49448,1.49471,1.50,1.73
2012.10.25 08:04:24.548,1.49442,1.49469,2.10,1.50
2012.10.25 08:04:25.989,1.49445,1.49472,1.50,4.35
2012.10.25 08:04:26.058,1.49447,1.49472,1.35,3.75
2012.10.25 08:04:26.180,1.49448,1.49473,1.50,2.48
2012.10.25 08:04:26.248,1.49447,1.49473,1.88,2.10
2012.10.25 08:04:26.878,1.49444,1.49459,1.13,1.13
2012.10.25 08:04:27.418,1.49438,1.49461,1.13,1.35
2012.10.25 08:04:27.917,1.4944,1.49466,2.25,1.88
2012.10.25 08:04:28.288,1.4944,1.49465,2.25,1.35
2012.10.25 08:04:28.588,1.49444,1.49465,2.25,1.13
2012.10.25 08:04:29.748,1.49457,1.49474,1.50,1.50
2012.10.25 08:04:29.821,1.4946,1.4948,1.13,1.50
2012.10.25 08:04:30.019,1.49467,1.49483,1.50,1.20
2012.10.25 08:04:30.149,1.49467,1.49485,1.50,1.95
2012.10.25 08:04:30.290,1.49467,1.49485,1.50,1.50
2012.10.25 08:04:30.358,1.49467,1.49492,1.50,3.23
2012.10.25 08:04:30.730,1.49472,1.49496,1.50,1.35
2012.10.25 08:04:30.917,1.49475,1.49501,1.88,1.35
2012.10.25 08:04:31.158,1.49478,1.49501,1.50,1.13
2012.10.25 08:04:31.644,1.49483,1.49506,2.25,1.73
2012.10.25 08:04:32.150,1.49487,1.49509,2.25,1.35
2012.10.25 08:04:32.768,1.49487,1.49509,2.25,1.35
2012.10.25 08:04:32.839,1.49487,1.4951,2.25,2.10
2012.10.25 08:04:33.378,1.49487,1.4951,2.25,1.35
2012.10.25 08:04:35.010,1.49487,1.49509,2.25,1.73
2012.10.25 08:04:35.081,1.49487,1.49508,2.25,1.35
2012.10.25 08:04:35.350,1.49479,1.49498,2.63,1.13
2012.10.25 08:04:35.549,1.49477,1.49498,1.50,1.88
2012.10.25 08:04:35.679,1.49477,1.49498,1.50,1.88
2012.10.25 08:04:35.918,1.49477,1.49498,1.50,1.13
2012.10.25 08:04:36.158,1.49475,1.49499,1.73,1.13
2012.10.25 08:04:36.220,1.49475,1.495,1.50,1.50
2012.10.25 08:04:38.609,1.49475,1.49499,1.50,1.88
2012.10.25 08:04:39.390,1.49473,1.49499,1.13,2.25
2012.10.25 08:04:39.649,1.49473,1.49496,1.13,1.50
2012.10.25 08:04:39.969,1.49471,1.4949,1.50,1.50
2012.10.25 08:04:40.299,1.4947,1.4949,1.13,1.50
2012.10.25 08:04:40.959,1.49467,1.49491,1.73,1.50
2012.10.25 08:04:41.038,1.49467,1.49493,1.73,1.13
2012.10.25 08:04:44.439,1.49467,1.49493,1.73,1.13
2012.10.25 08:04:45.365,1.49467,1.49489,1.73,1.50
2012.10.25 08:04:45.939,1.49464,1.49488,2.25,1.50
2012.10.25 08:04:47.378,1.49463,1.49489,3.00,2.63
2012.10.25 08:04:47.905,1.49468,1.49488,1.50,1.50
2012.10.25 08:04:48.384,1.49468,1.49491,1.50,1.50
2012.10.25 08:04:48.699,1.49468,1.49492,1.50,1.73
2012.10.25 08:04:50.048,1.49468,1.49492,1.50,1.50
2012.10.25 08:04:52.368,1.49468,1.49493,1.50,1.13
2012.10.25 08:04:52.589,1.49468,1.49492,1.50,1.50
2012.10.25 08:04:53.668,1.49466,1.49492,1.73,1.50
2012.10.25 08:04:53.794,1.49466,1.49494,1.73,3.38
2012.10.25 08:04:55.168,1.49466,1.49493,1.73,1.50
2012.10.25 08:04:55.942,1.49464,1.49493,2.48,2.25
2012.10.25 08:04:56.068,1.49464,1.49487,1.13,1.50
2012.10.25 08:04:56.378,1.49464,1.49487,1.13,1.50
2012.10.25 08:04:56.438,1.49464,1.49484,1.13,1.50
2012.10.25 08:04:56.677,1.49464,1.49486,1.13,2.48
2012.10.25 08:04:57.612,1.49464,1.49486,1.13,1.73
2012.10.25 08:04:57.739,1.49463,1.49487,1.13,2.10
2012.10.25 08:04:58.120,1.49462,1.49487,2.48,1.13
2012.10.25 08:04:58.188,1.49462,1.49487,2.48,1.88
2012.10.25 08:04:58.318,1.49462,1.49487,2.48,1.13
2012.10.25 08:04:59.309,1.49462,1.49488,2.48,1.13
2012.10.25 08:04:59.819,1.49462,1.49487,2.48,1.13
2012.10.25 08:05:00.666,1.49462,1.49492,2.48,3.38
2012.10.25 08:05:02.690,1.49464,1.49492,2.25,1.35
2012.10.25 08:05:02.819,1.49464,1.49489,2.25,2.10
2012.10.25 08:05:03.355,1.49464,1.4949,2.25,1.35
2012.10.25 08:05:04.690,1.49464,1.4949,2.25,1.73
2012.10.25 08:05:04.827,1.49464,1.49489,2.25,2.48
2012.10.25 08:05:04.898,1.49464,1.49484,2.25,1.88
2012.10.25 08:05:05.450,1.49459,1.49487,2.25,3.98
2012.10.25 08:05:05.769,1.49459,1.49482,1.50,3.23
2012.10.25 08:05:05.831,1.49457,1.49482,1.50,3.00
2012.10.25 08:05:08.052,1.49458,1.49484,3.23,2.85
2012.10.25 08:05:09.155,1.49458,1.49485,2.48,1.13
2012.10.25 08:05:09.500,1.49464,1.4949,1.50,3.23
2012.10.25 08:05:09.708,1.49464,1.49492,1.50,1.35
2012.10.25 08:05:10.128,1.49464,1.49496,2.63,3.24
2012.10.25 08:05:10.309,1.49464,1.49494,3.38,2.25
2012.10.25 08:05:10.894,1.49473,1.49494,1.50,2.25
2012.10.25 08:05:11.792,1.49473,1.49496,1.50,1.13
2012.10.25 08:05:12.118,1.49473,1.49495,1.73,1.13
2012.10.25 08:05:12.298,1.49473,1.49495,1.73,1.13
2012.10.25 08:05:12.799,1.49473,1.49497,1.73,1.13
2012.10.25 08:05:14.374,1.49473,1.49501,1.73,1.88
2012.10.25 08:05:14.498,1.49476,1.49502,1.88,1.35
2012.10.25 08:05:14.557,1.49476,1.49503,2.10,1.50
2012.10.25 08:05:14.738,1.49478,1.49503,1.73,1.88
2012.10.25 08:05:14.998,1.49476,1.49499,2.10,1.50
2012.10.25 08:05:15.067,1.49476,1.49499,1.35,2.25
2012.10.25 08:05:15.381,1.49476,1.49499,1.13,2.25
2012.10.25 08:05:15.748,1.49474,1.49499,1.13,3.00
2012.10.25 08:05:19.180,1.4948,1.49505,1.50,1.35
2012.10.25 08:05:19.367,1.49481,1.49506,1.73,1.50
2012.10.25 08:05:19.607,1.49481,1.49499,2.25,4.35
2012.10.25 08:05:19.862,1.49473,1.49499,2.25,3.60
2012.10.25 08:05:20.197,1.49475,1.49501,1.50,2.48
2012.10.25 08:05:20.833,1.49477,1.49501,1.50,2.10
2012.10.25 08:05:21.156,1.49481,1.49506,1.73,2.25
2012.10.25 08:05:21.398,1.49481,1.49506,1.73,2.25
2012.10.25 08:05:22.208,1.49481,1.49506,1.50,4.35
2012.10.25 08:05:23.988,1.49481,1.49506,1.50,3.23
2012.10.25 08:05:24.049,1.49481,1.49506,1.73,2.63
2012.10.25 08:05:24.698,1.49482,1.49506,1.73,2.25
2012.10.25 08:05:25.679,1.49489,1.49506,1.13,1.73
2012.10.25 08:05:25.808,1.49489,1.49511,1.13,1.28
2012.10.25 08:05:25.929,1.49492,1.49509,1.50,3.00
2012.10.25 08:05:26.108,1.49489,1.49508,1.13,1.50
2012.10.25 08:05:26.620,1.49484,1.49504,1.50,1.13
2012.10.25 08:05:26.893,1.49484,1.49507,1.50,1.35
2012.10.25 08:05:27.638,1.49487,1.49508,1.50,1.13
2012.10.25 08:05:27.698,1.49487,1.49511,1.50,2.25
2012.10.25 08:05:28.307,1.49489,1.49511,1.50,2.25
2012.10.25 08:05:28.549,1.49487,1.49511,1.73,3.75
2012.10.25 08:05:29.401,1.49488,1.49509,1.73,1.50
2012.10.25 08:05:29.648,1.49488,1.49512,1.50,2.25
2012.10.25 08:05:29.719,1.4949,1.49512,1.50,1.50
2012.10.25 08:05:29.779,1.4949,1.49513,1.50,1.13
2012.10.25 08:05:30.428,1.4949,1.49514,1.73,1.88
2012.10.25 08:05:31.672,1.49489,1.49514,2.63,1.88
2012.10.25 08:05:31.990,1.49501,1.49517,1.50,1.13
2012.10.25 08:05:32.239,1.49502,1.49522,2.25,1.88
2012.10.25 08:05:32.730,1.49502,1.49522,2.25,1.13
2012.10.25 08:05:33.580,1.49502,1.49522,2.25,1.13
2012.10.25 08:05:33.649,1.49504,1.49522,1.50,1.13
2012.10.25 08:05:34.138,1.49506,1.49528,2.25,1.50
2012.10.25 08:05:34.379,1.4951,1.49529,2.25,1.13
2012.10.25 08:05:35.106,1.49504,1.49525,2.25,1.41
2012.10.25 08:05:35.193,1.49498,1.49521,1.88,2.10
2012.10.25 08:05:35.333,1.49497,1.49521,2.25,1.88
2012.10.25 08:05:35.670,1.49495,1.49518,1.50,1.13
2012.10.25 08:05:36.334,1.49493,1.49521,3.60,4.73
2012.10.25 08:05:36.889,1.49493,1.49518,3.23,1.50
2012.10.25 08:05:38.028,1.49493,1.49519,3.23,1.35
2012.10.25 08:05:39.109,1.49493,1.49518,3.23,1.13
2012.10.25 08:05:42.090,1.49493,1.49517,3.23,1.13
2012.10.25 08:05:42.220,1.49493,1.49512,2.48,1.50
2012.10.25 08:05:42.613,1.49486,1.4951,2.10,1.13
2012.10.25 08:05:44.109,1.49486,1.49512,1.73,1.50
2012.10.25 08:05:44.619,1.49486,1.49512,3.75,1.13
2012.10.25 08:05:48.641,1.49491,1.49512,2.25,1.50
2012.10.25 08:05:49.170,1.49488,1.49512,2.25,1.73
2012.10.25 08:05:49.831,1.49486,1.49513,3.00,2.48
2012.10.25 08:05:50.598,1.49486,1.49512,3.00,1.73
2012.10.25 08:05:52.072,1.49489,1.49512,2.25,1.73
2012.10.25 08:05:52.208,1.49486,1.49512,1.50,1.73
2012.10.25 08:05:52.388,1.49486,1.49512,1.73,1.13
2012.10.25 08:05:53.379,1.49492,1.49512,2.25,1.13
2012.10.25 08:05:53.630,1.49492,1.49517,2.63,3.00
2012.10.25 08:05:53.703,1.49492,1.49512,2.63,1.13
2012.10.25 08:05:54.009,1.49489,1.49515,1.50,3.98
2012.10.25 08:05:54.530,1.49491,1.49515,1.50,1.50
2012.10.25 08:05:54.660,1.495,1.49515,1.50,1.13
2012.10.25 08:05:54.730,1.495,1.49517,1.50,2.25
2012.10.25 08:05:54.924,1.49505,1.49517,1.50,1.50
2012.10.25 08:05:55.070,1.49502,1.4952,1.50,2.25
2012.10.25 08:05:56.445,1.495,1.49522,1.50,1.50
2012.10.25 08:05:56.521,1.495,1.49522,1.50,1.50
2012.10.25 08:05:58.188,1.49501,1.49524,1.50,1.88
2012.10.25 08:05:59.013,1.49501,1.49523,1.50,4.50
2012.10.25 08:05:59.082,1.49501,1.49523,1.50,3.75
2012.10.25 08:05:59.420,1.49501,1.49523,1.50,3.23
2012.10.25 08:05:59.609,1.49499,1.49523,1.50,2.48
2012.10.25 08:05:59.957,1.49499,1.49521,1.50,1.50
2012.10.25 08:06:00.197,1.49497,1.4952,2.25,1.73
2012.10.25 08:06:00.701,1.49499,1.49522,1.73,1.50
2012.10.25 08:06:03.241,1.49505,1.49524,1.50,2.10
2012.10.25 08:06:03.309,1.49505,1.49524,1.50,2.10
2012.10.25 08:06:03.380,1.49501,1.4952,1.50,1.35
2012.10.25 08:06:03.453,1.49501,1.49519,1.50,1.73
2012.10.25 08:06:03.639,1.49494,1.49515,1.50,1.50
2012.10.25 08:06:04.151,1.49494,1.49516,1.50,1.35
2012.10.25 08:06:04.479,1.49496,1.49516,1.50,1.13
2012.10.25 08:06:05.605,1.49496,1.49515,1.50,1.88
2012.10.25 08:06:05.869,1.49495,1.49515,1.50,2.10
2012.10.25 08:06:05.939,1.49495,1.49515,1.50,2.10
2012.10.25 08:06:06.067,1.49495,1.49513,1.50,1.73
2012.10.25 08:06:06.849,1.49495,1.49513,1.50,1.73
2012.10.25 08:06:07.283,1.49495,1.49515,1.50,1.35
2012.10.25 08:06:07.351,1.49495,1.49515,1.50,2.10
2012.10.25 08:06:07.422,1.495,1.49515,1.50,2.10
2012.10.25 08:06:07.491,1.495,1.49515,1.50,1.13
2012.10.25 08:06:07.559,1.49503,1.49517,1.50,1.13
2012.10.25 08:06:07.813,1.49503,1.49518,1.50,2.25
2012.10.25 08:06:08.312,1.49504,1.49523,1.50,2.63
2012.10.25 08:06:08.445,1.49504,1.49523,1.50,1.88
2012.10.25 08:06:08.514,1.49504,1.49523,1.50,1.88
2012.10.25 08:06:08.584,1.49504,1.49523,1.50,1.50
2012.10.25 08:06:12.569,1.49505,1.49524,1.50,1.13
2012.10.25 08:06:12.878,1.49505,1.49524,1.50,1.13
2012.10.25 08:06:13.011,1.49505,1.49525,1.50,1.13
2012.10.25 08:06:13.778,1.49507,1.49527,1.50,1.50
2012.10.25 08:06:17.308,1.49507,1.49527,1.73,1.50
2012.10.25 08:06:17.760,1.49509,1.49532,1.73,1.88
2012.10.25 08:06:18.023,1.49513,1.49531,1.50,1.13
2012.10.25 08:06:18.281,1.49517,1.49539,1.73,3.83
2012.10.25 08:06:18.348,1.49517,1.49539,1.73,3.38
2012.10.25 08:06:18.590,1.49517,1.49539,1.73,3.38
2012.10.25 08:06:19.463,1.49517,1.49539,1.73,2.63
2012.10.25 08:06:19.910,1.49517,1.4954,1.73,1.88
2012.10.25 08:06:20.119,1.49517,1.49539,1.50,1.88
2012.10.25 08:06:20.321,1.49513,1.49538,1.50,5.25
2012.10.25 08:06:20.388,1.49513,1.49533,1.50,1.50
2012.10.25 08:06:21.669,1.49508,1.49531,2.10,1.13
2012.10.25 08:06:23.150,1.49509,1.49532,1.50,3.00
2012.10.25 08:06:24.208,1.49511,1.49531,1.50,1.88
2012.10.25 08:06:24.389,1.49507,1.49528,1.50,1.13
2012.10.25 08:06:26.380,1.49506,1.49526,1.50,1.50
2012.10.25 08:06:26.748,1.49505,1.49522,1.50,1.50
2012.10.25 08:06:27.049,1.49502,1.49519,1.50,1.50
2012.10.25 08:06:30.421,1.49501,1.49519,1.50,1.50
2012.10.25 08:06:31.759,1.495,1.49518,1.50,2.63
2012.10.25 08:06:33.139,1.49497,1.49517,2.25,1.13
2012.10.25 08:06:34.896,1.49501,1.49518,1.50,2.10
2012.10.25 08:06:35.020,1.49501,1.49518,1.50,1.88
2012.10.25 08:06:38.689,1.49502,1.49518,1.50,1.50
2012.10.25 08:06:38.880,1.49501,1.49518,1.50,2.25
2012.10.25 08:06:39.312,1.49493,1.49518,1.13,1.88
2012.10.25 08:06:39.438,1.49493,1.49518,1.88,1.88
2012.10.25 08:06:39.939,1.49497,1.49516,1.50,1.73
2012.10.25 08:06:40.930,1.49497,1.49516,1.50,1.73
2012.10.25 08:06:41.308,1.49496,1.49517,1.50,1.73
2012.10.25 08:06:41.919,1.49495,1.49517,1.13,1.73
2012.10.25 08:06:42.430,1.49496,1.49517,1.50,1.73
2012.10.25 08:06:43.702,1.49495,1.49516,1.13,1.73
2012.10.25 08:06:44.198,1.49496,1.49514,1.50,2.48
2012.10.25 08:06:44.868,1.49495,1.49516,1.13,1.73
2012.10.25 08:06:45.109,1.49496,1.49515,1.50,2.48
2012.10.25 08:06:47.679,1.49495,1.49517,1.13,3.23
2012.10.25 08:06:50.254,1.49493,1.49514,1.50,1.73
2012.10.25 08:06:51.101,1.4949,1.49513,1.13,2.48
2012.10.25 08:06:53.731,1.49486,1.49513,1.88,2.48
2012.10.25 08:06:54.508,1.49486,1.49513,1.88,2.48
2012.10.25 08:06:55.124,1.49486,1.49513,1.88,1.73
2012.10.25 08:06:55.520,1.49486,1.49513,1.88,2.48
2012.10.25 08:06:55.754,1.49486,1.49513,1.88,1.73
2012.10.25 08:06:56.007,1.49488,1.49514,2.25,2.48
2012.10.25 08:06:57.890,1.495,1.49519,1.13,2.07
2012.10.25 08:06:58.471,1.495,1.49519,1.13,1.73
2012.10.25 08:06:58.557,1.495,1.49523,1.13,1.50
2012.10.25 08:07:00.908,1.49497,1.49523,2.25,2.48
2012.10.25 08:07:01.029,1.495,1.49524,2.25,2.10
2012.10.25 08:07:12.451,1.495,1.49523,1.13,1.50
2012.10.25 08:07:19.729,1.49496,1.49519,1.13,1.13
2012.10.25 08:07:19.788,1.49496,1.49518,1.35,1.50
2012.10.25 08:07:24.168,1.49493,1.49518,3.23,1.50
2012.10.25 08:07:24.469,1.49493,1.49515,2.25,1.13
2012.10.25 08:07:26.005,1.49492,1.49518,2.25,1.50
2012.10.25 08:07:26.639,1.49492,1.49516,2.25,1.50
2012.10.25 08:07:27.488,1.49488,1.49515,1.73,1.13
2012.10.25 08:07:27.859,1.49493,1.49515,1.13,1.13
2012.10.25 08:07:28.154,1.49488,1.49515,4.13,1.35
2012.10.25 08:07:28.650,1.49487,1.49513,1.50,3.23
2012.10.25 08:07:28.959,1.49487,1.49511,3.38,1.73
2012.10.25 08:07:35.972,1.49492,1.49516,1.35,1.50
2012.10.25 08:07:36.051,1.49492,1.49518,1.35,1.13
2012.10.25 08:07:36.124,1.49492,1.49516,1.35,1.50
2012.10.25 08:07:40.238,1.49488,1.49514,1.73,1.13
2012.10.25 08:07:42.770,1.49488,1.49514,1.50,1.35
2012.10.25 08:07:45.550,1.49487,1.49513,1.35,2.63
2012.10.25 08:07:50.222,1.49489,1.49512,2.48,1.50
2012.10.25 08:07:50.789,1.49492,1.49512,1.50,1.73
2012.10.25 08:07:51.669,1.49491,1.4951,1.50,1.13
2012.10.25 08:07:51.990,1.49492,1.49511,1.50,2.63
2012.10.25 08:07:53.870,1.49492,1.49511,1.50,2.25
2012.10.25 08:07:54.192,1.4949,1.49511,1.13,1.50
2012.10.25 08:07:54.259,1.49492,1.49511,1.50,1.73
2012.10.25 08:07:54.439,1.4949,1.49515,1.13,3.60
2012.10.25 08:07:54.618,1.4949,1.49515,1.13,2.85
2012.10.25 08:07:56.077,1.49493,1.49515,1.13,3.60
2012.10.25 08:08:00.604,1.49491,1.49511,1.50,1.35
2012.10.25 08:08:04.370,1.49491,1.49507,1.50,1.92
2012.10.25 08:08:04.659,1.49491,1.49509,1.50,1.92
2012.10.25 08:08:05.644,1.49486,1.49507,5.25,1.17
2012.10.25 08:08:06.029,1.49486,1.49504,1.50,1.13
2012.10.25 08:08:09.023,1.4948,1.495,1.50,1.58
2012.10.25 08:08:09.349,1.4948,1.49492,1.50,1.13
2012.10.25 08:08:09.531,1.49475,1.49494,1.50,1.13
2012.10.25 08:08:09.660,1.49472,1.49492,1.50,1.13
2012.10.25 08:08:09.921,1.49469,1.49492,3.75,1.35
2012.10.25 08:08:15.106,1.49471,1.49493,1.50,3.23
2012.10.25 08:08:15.169,1.49471,1.49492,1.50,1.35
2012.10.25 08:08:15.878,1.49471,1.49488,1.50,1.35
2012.10.25 08:08:16.801,1.49472,1.49488,4.50,1.35
2012.10.25 08:08:18.780,1.49472,1.49488,3.75,4.13
2012.10.25 08:08:18.850,1.49466,1.49479,1.50,1.13
2012.10.25 08:08:18.920,1.49468,1.49484,3.75,1.13
2012.10.25 08:08:18.991,1.49468,1.49484,3.75,1.50
2012.10.25 08:08:19.059,1.49468,1.49484,3.75,1.13
2012.10.25 08:08:19.499,1.49466,1.49484,1.50,1.32
2012.10.25 08:08:19.919,1.49468,1.49488,1.50,2.29
2012.10.25 08:08:20.440,1.49472,1.49488,1.50,1.13
2012.10.25 08:08:20.938,1.49472,1.49488,1.50,1.13
2012.10.25 08:08:25.806,1.49472,1.49492,1.50,2.70
2012.10.25 08:08:25.952,1.49469,1.49488,1.50,1.35
2012.10.25 08:08:27.740,1.49467,1.49488,1.50,1.58
2012.10.25 08:08:27.930,1.49467,1.49488,1.50,1.58
2012.10.25 08:08:28.062,1.49467,1.49488,1.50,1.35
2012.10.25 08:08:28.128,1.49467,1.49491,1.50,1.20
2012.10.25 08:08:28.629,1.49468,1.49491,1.50,1.20
2012.10.25 08:08:31.518,1.49469,1.49491,1.50,1.17
2012.10.25 08:08:33.021,1.49467,1.4949,3.75,1.17
2012.10.25 08:08:33.593,1.49475,1.49497,1.50,1.06
2012.10.25 08:08:33.663,1.49475,1.49499,1.50,1.17
2012.10.25 08:08:33.960,1.49475,1.49501,1.50,2.48
2012.10.25 08:08:35.149,1.49475,1.495,1.50,1.35
2012.10.25 08:08:35.283,1.49474,1.49494,2.25,1.13
2012.10.25 08:08:35.352,1.49474,1.49493,2.25,1.13
2012.10.25 08:08:35.860,1.49472,1.49493,1.13,2.10
2012.10.25 08:08:36.250,1.49472,1.49493,1.13,1.35
2012.10.25 08:08:40.413,1.49467,1.49488,2.25,2.07
2012.10.25 08:08:40.932,1.49467,1.49486,1.50,1.50
2012.10.25 08:08:41.179,1.49461,1.49487,1.50,1.88
2012.10.25 08:08:41.508,1.49464,1.49487,1.50,1.58
2012.10.25 08:08:44.078,1.49464,1.49487,1.50,1.58
2012.10.25 08:08:44.380,1.49469,1.49487,1.50,1.35
2012.10.25 08:08:44.911,1.49461,1.49487,1.50,1.13
2012.10.25 08:08:44.979,1.49461,1.49487,1.50,1.13
2012.10.25 08:08:45.159,1.49468,1.49487,1.50,1.13
2012.10.25 08:08:45.489,1.49467,1.49492,3.00,1.50
2012.10.25 08:08:45.669,1.49467,1.49491,3.00,1.50
2012.10.25 08:08:45.729,1.49467,1.49491,3.00,1.50
2012.10.25 08:08:45.849,1.49467,1.49491,1.50,1.73
2012.10.25 08:08:46.158,1.49467,1.49491,1.13,1.50
2012.10.25 08:08:46.401,1.49473,1.49491,1.50,1.50
2012.10.25 08:08:46.588,1.49468,1.4949,1.50,1.73
2012.10.25 08:08:47.078,1.49469,1.49491,1.50,1.73
2012.10.25 08:08:49.081,1.49467,1.49491,2.25,1.88
2012.10.25 08:08:49.268,1.49465,1.4949,1.50,1.32
2012.10.25 08:08:49.759,1.49465,1.49488,1.50,1.92
2012.10.25 08:08:56.230,1.49465,1.49487,1.50,2.44
2012.10.25 08:08:56.579,1.49465,1.49487,1.50,2.63
2012.10.25 08:08:59.848,1.49463,1.49487,1.50,1.73
2012.10.25 08:09:00.252,1.49471,1.49492,2.25,1.13
2012.10.25 08:09:00.599,1.49473,1.49492,1.50,1.13
2012.10.25 08:09:01.039,1.49473,1.49495,2.25,1.88
2012.10.25 08:09:01.599,1.49474,1.49495,1.50,1.50
2012.10.25 08:09:03.980,1.49474,1.49495,1.50,1.50
2012.10.25 08:09:04.209,1.49474,1.49495,1.50,1.50
2012.10.25 08:09:05.340,1.49474,1.49495,1.50,1.28
2012.10.25 08:09:05.659,1.49479,1.49499,1.50,1.50
2012.10.25 08:09:05.861,1.49478,1.49499,1.50,1.50
2012.10.25 08:09:05.990,1.49478,1.49498,1.50,1.28
2012.10.25 08:09:06.071,1.49478,1.49498,1.50,1.28
2012.10.25 08:09:06.401,1.49476,1.49494,3.00,1.28
2012.10.25 08:09:06.630,1.49476,1.49498,3.00,1.50
2012.10.25 08:09:07.150,1.49478,1.49498,1.50,1.28
2012.10.25 08:09:07.463,1.49478,1.49498,1.50,1.28
2012.10.25 08:09:08.315,1.49479,1.49497,1.50,1.50
2012.10.25 08:09:09.533,1.49476,1.49494,1.50,1.28
2012.10.25 08:09:09.600,1.49473,1.49494,1.50,1.28
2012.10.25 08:09:11.549,1.4947,1.49494,2.25,1.28
2012.10.25 08:09:12.014,1.49469,1.49495,1.50,1.28
2012.10.25 08:09:12.569,1.49469,1.49495,1.50,1.28
2012.10.25 08:09:12.996,1.49471,1.49495,2.25,1.28
2012.10.25 08:09:13.134,1.49471,1.49494,2.25,1.28
2012.10.25 08:09:13.389,1.49471,1.49495,2.25,1.28
2012.10.25 08:09:13.795,1.49471,1.49495,2.25,1.28
2012.10.25 08:09:14.322,1.49471,1.49495,2.25,1.50
2012.10.25 08:09:15.230,1.49473,1.49495,1.50,1.50
2012.10.25 08:09:16.149,1.49474,1.49498,2.25,1.88
2012.10.25 08:09:16.342,1.49474,1.49492,1.50,1.28
2012.10.25 08:09:16.960,1.49471,1.49492,2.63,2.25
2012.10.25 08:09:17.030,1.49474,1.49492,1.50,2.25
2012.10.25 08:09:17.158,1.49471,1.49492,1.13,2.25
2012.10.25 08:09:17.921,1.4947,1.49492,1.13,1.50
2012.10.25 08:09:17.991,1.4947,1.49492,1.13,1.50
2012.10.25 08:09:18.431,1.49472,1.49493,2.25,1.50
2012.10.25 08:09:18.619,1.49472,1.49493,3.00,1.50
2012.10.25 08:09:18.759,1.49472,1.49493,2.25,1.50
2012.10.25 08:09:18.949,1.49472,1.49493,1.50,1.50
2012.10.25 08:09:19.130,1.49469,1.49493,2.25,1.50
2012.10.25 08:09:19.661,1.49472,1.49493,1.50,1.50
2012.10.25 08:09:19.910,1.49472,1.49493,1.50,1.50
2012.10.25 08:09:20.573,1.49472,1.49493,1.13,1.50
2012.10.25 08:09:20.641,1.49472,1.49493,1.88,1.50
2012.10.25 08:09:20.772,1.49469,1.49492,3.00,1.73
2012.10.25 08:09:20.846,1.49469,1.49489,4.13,1.13
2012.10.25 08:09:21.161,1.49465,1.49489,1.69,1.73
2012.10.25 08:09:21.652,1.49466,1.49491,2.44,2.48
2012.10.25 08:09:22.174,1.49469,1.49492,1.88,1.50
2012.10.25 08:09:22.299,1.49469,1.49493,1.88,1.50
2012.10.25 08:09:23.123,1.49469,1.49493,1.88,1.43
2012.10.25 08:09:24.120,1.49469,1.49493,1.88,1.50
2012.10.25 08:09:27.680,1.49469,1.49497,1.88,3.38
2012.10.25 08:09:27.810,1.49469,1.49497,1.88,2.85
2012.10.25 08:09:28.010,1.49476,1.49498,1.50,1.35
2012.10.25 08:09:28.935,1.49476,1.49498,1.50,1.13
2012.10.25 08:09:29.261,1.49479,1.49501,1.50,2.29
2012.10.25 08:09:29.392,1.49479,1.49502,1.50,1.92
2012.10.25 08:09:29.460,1.49479,1.495,1.50,1.54
2012.10.25 08:09:30.208,1.49479,1.495,1.50,1.54
2012.10.25 08:09:30.269,1.49479,1.495,1.50,1.54
2012.10.25 08:09:31.582,1.49479,1.495,1.50,1.92
2012.10.25 08:09:31.774,1.49476,1.49501,1.50,1.54
2012.10.25 08:09:32.501,1.49476,1.49501,1.50,1.54
2012.10.25 08:09:35.320,1.49476,1.49499,1.50,1.54
2012.10.25 08:09:35.390,1.49476,1.49499,1.50,1.54
2012.10.25 08:09:41.173,1.49474,1.49499,2.25,2.29
2012.10.25 08:09:41.481,1.4947,1.49491,1.50,1.13
2012.10.25 08:09:42.027,1.4947,1.49491,1.50,1.13
2012.10.25 08:09:45.052,1.4947,1.49494,2.25,1.50
2012.10.25 08:09:49.247,1.49466,1.49489,1.50,1.73
2012.10.25 08:09:49.572,1.49469,1.4949,1.50,1.54
2012.10.25 08:09:49.959,1.49469,1.49489,1.50,1.69
2012.10.25 08:09:52.839,1.4947,1.4949,1.50,1.17
2012.10.25 08:09:53.181,1.49479,1.49495,1.50,1.80
2012.10.25 08:09:53.430,1.49478,1.49495,1.50,1.05
2012.10.25 08:09:53.503,1.49478,1.49498,1.50,2.10
2012.10.25 08:09:54.463,1.49481,1.49503,2.25,1.73
2012.10.25 08:09:55.689,1.49481,1.49503,2.25,1.73
2012.10.25 08:09:57.639,1.49481,1.49501,2.25,1.13
2012.10.25 08:09:57.700,1.49478,1.49501,2.25,1.73
2012.10.25 08:10:06.266,1.49478,1.49501,2.25,1.35
2012.10.25 08:10:06.556,1.49483,1.49504,1.50,1.73
2012.10.25 08:10:06.630,1.49483,1.49504,1.50,2.48
2012.10.25 08:10:06.701,1.49479,1.49504,2.25,1.73
2012.10.25 08:10:07.209,1.49484,1.49504,2.25,1.13
2012.10.25 08:10:08.180,1.49484,1.49509,1.50,1.73
2012.10.25 08:10:11.159,1.49489,1.4951,1.50,2.10
2012.10.25 08:10:11.589,1.49489,1.49513,1.50,4.73
2012.10.25 08:10:14.769,1.49488,1.49509,1.50,1.73
2012.10.25 08:10:15.084,1.49485,1.49513,1.50,3.45
2012.10.25 08:10:15.484,1.49487,1.49513,1.50,3.23
2012.10.25 08:10:15.548,1.49485,1.49509,1.50,1.20
2012.10.25 08:10:16.247,1.49484,1.49505,1.13,1.73
2012.10.25 08:10:16.724,1.49481,1.49505,2.25,2.10
2012.10.25 08:10:16.941,1.49476,1.49497,2.63,1.50
2012.10.25 08:10:17.070,1.49477,1.49498,1.13,1.73
2012.10.25 08:10:17.291,1.49477,1.49498,1.13,1.73
2012.10.25 08:10:17.420,1.49477,1.49497,1.13,2.48
2012.10.25 08:10:18.231,1.49469,1.49497,2.25,3.60
2012.10.25 08:10:25.699,1.49469,1.49495,1.50,1.35
2012.10.25 08:10:36.321,1.49471,1.49496,2.25,1.73
2012.10.25 08:10:45.261,1.49471,1.49496,2.25,1.73
2012.10.25 08:10:51.745,1.49469,1.49496,1.50,2.10
2012.10.25 08:10:51.811,1.49475,1.49496,1.50,1.35
2012.10.25 08:10:52.082,1.49473,1.49496,1.50,1.35
2012.10.25 08:10:52.156,1.49473,1.49495,1.50,1.73
2012.10.25 08:10:52.690,1.49471,1.49495,2.25,1.73
2012.10.25 08:10:53.295,1.49476,1.49495,2.25,2.48
2012.10.25 08:10:53.990,1.49476,1.49495,2.25,1.50
2012.10.25 08:10:54.178,1.49476,1.49495,2.25,2.25
2012.10.25 08:10:54.428,1.49476,1.49498,2.25,1.50
2012.10.25 08:10:54.978,1.49474,1.49495,1.50,1.50
2012.10.25 08:10:55.429,1.49471,1.49499,2.63,2.33
2012.10.25 08:10:55.549,1.49471,1.495,2.63,1.20
2012.10.25 08:11:01.920,1.49474,1.49499,1.50,1.73
2012.10.25 08:11:04.061,1.49471,1.49499,2.63,1.20
2012.10.25 08:11:04.653,1.49476,1.49496,1.13,1.13
2012.10.25 08:11:05.019,1.49476,1.49501,1.13,2.48
2012.10.25 08:11:07.829,1.49474,1.495,2.25,1.35
2012.10.25 08:11:08.379,1.49482,1.49506,1.50,1.92
2012.10.25 08:11:08.438,1.49482,1.49506,1.50,1.92
2012.10.25 08:11:12.901,1.49482,1.49506,1.13,1.50
2012.10.25 08:11:12.971,1.49484,1.49508,1.13,3.23
2012.10.25 08:11:13.099,1.49484,1.49508,1.13,3.23
2012.10.25 08:11:13.698,1.49482,1.49504,2.25,1.73
2012.10.25 08:11:14.449,1.49479,1.49504,2.63,1.50
2012.10.25 08:11:15.051,1.49482,1.49504,1.50,1.50
2012.10.25 08:11:17.887,1.49482,1.49504,1.13,1.50
2012.10.25 08:11:22.085,1.4948,1.49504,1.13,1.50
2012.10.25 08:11:22.549,1.4948,1.49507,1.13,3.15
2012.10.25 08:11:22.681,1.4948,1.49506,1.13,1.73
2012.10.25 08:11:22.809,1.4948,1.49504,1.13,2.48
2012.10.25 08:11:23.004,1.49483,1.49505,2.25,1.20
2012.10.25 08:11:23.249,1.4948,1.49504,2.63,1.50
2012.10.25 08:11:33.050,1.49478,1.49501,1.13,1.13
2012.10.25 08:11:33.753,1.49479,1.49502,1.50,1.80
2012.10.25 08:11:33.821,1.49479,1.49501,2.25,1.35
2012.10.25 08:11:34.031,1.49477,1.49501,2.25,2.10
2012.10.25 08:11:34.230,1.49477,1.49498,1.50,1.50
2012.10.25 08:11:34.299,1.49475,1.49498,2.25,1.50
2012.10.25 08:11:34.929,1.49475,1.49499,2.25,1.50
2012.10.25 08:11:35.231,1.4948,1.49502,1.50,1.73
2012.10.25 08:11:35.752,1.4948,1.49505,1.50,1.95
2012.10.25 08:11:36.107,1.4948,1.49503,1.50,1.73
2012.10.25 08:11:36.244,1.49478,1.495,2.25,1.73
2012.10.25 08:11:37.059,1.49478,1.49499,5.25,1.73
2012.10.25 08:11:37.179,1.49478,1.49499,2.63,1.73
2012.10.25 08:11:38.430,1.49478,1.49499,2.25,1.73
2012.10.25 08:11:38.889,1.49478,1.495,1.50,1.95
2012.10.25 08:11:39.200,1.49476,1.49499,1.50,1.73
2012.10.25 08:11:39.439,1.49478,1.495,1.50,1.95
2012.10.25 08:11:40.169,1.49477,1.49499,1.50,1.73
2012.10.25 08:11:42.295,1.49484,1.49501,3.75,1.73
2012.10.25 08:11:42.500,1.49485,1.49502,1.50,2.25
2012.10.25 08:11:43.172,1.49481,1.49502,1.13,1.50
2012.10.25 08:11:43.239,1.49479,1.49502,2.25,1.50
2012.10.25 08:11:43.309,1.49478,1.49502,1.50,1.50
2012.10.25 08:11:43.931,1.49478,1.49502,1.50,1.20
2012.10.25 08:11:44.611,1.49482,1.49503,1.50,1.50
2012.10.25 08:11:45.381,1.49486,1.49503,1.50,1.28
2012.10.25 08:11:45.933,1.49484,1.49509,1.13,2.48
2012.10.25 08:11:46.911,1.49483,1.49505,1.13,1.50
2012.10.25 08:11:47.999,1.49481,1.49505,2.25,1.73
2012.10.25 08:11:49.080,1.49482,1.49505,1.50,1.73
2012.10.25 08:11:49.150,1.49482,1.49505,1.50,1.73
2012.10.25 08:11:49.869,1.49485,1.49505,1.13,1.73
2012.10.25 08:11:50.220,1.49484,1.49505,1.88,1.50
2012.10.25 08:11:52.474,1.49484,1.49505,1.50,1.73
2012.10.25 08:11:52.950,1.49485,1.49508,1.50,2.25
2012.10.25 08:11:53.279,1.49485,1.49507,1.50,1.73
2012.10.25 08:11:53.649,1.49485,1.49508,1.50,1.73
2012.10.25 08:11:54.231,1.49485,1.49508,1.50,1.73
2012.10.25 08:11:54.610,1.49485,1.49508,1.88,1.73
2012.10.25 08:11:54.684,1.49485,1.49508,1.88,1.73
2012.10.25 08:11:56.379,1.49486,1.4951,2.63,1.73
2012.10.25 08:11:56.439,1.49486,1.4951,2.63,1.73
2012.10.25 08:11:57.000,1.49488,1.49511,1.88,1.50
2012.10.25 08:11:57.227,1.4949,1.49513,1.13,3.00
2012.10.25 08:11:57.574,1.4949,1.49513,1.13,3.23
2012.10.25 08:11:57.701,1.49489,1.49513,1.13,3.23
2012.10.25 08:11:59.350,1.49489,1.49513,1.13,2.48
2012.10.25 08:12:01.298,1.49488,1.4951,2.25,1.73
2012.10.25 08:12:02.129,1.49488,1.49513,2.25,2.10
2012.10.25 08:12:02.666,1.49488,1.49512,1.50,1.73
2012.10.25 08:12:03.686,1.49488,1.49513,1.88,1.73
2012.10.25 08:12:04.289,1.4949,1.49513,1.13,2.48
2012.10.25 08:12:04.612,1.49488,1.49513,2.25,2.48
2012.10.25 08:12:05.009,1.4949,1.49513,1.13,2.48
2012.10.25 08:12:05.119,1.49488,1.49513,2.25,2.48
2012.10.25 08:12:05.445,1.4949,1.49513,1.13,2.48
2012.10.25 08:12:08.728,1.49488,1.49513,2.25,2.48
2012.10.25 08:12:10.951,1.4949,1.49513,1.13,1.73
2012.10.25 08:12:11.391,1.49495,1.49513,1.50,2.10
2012.10.25 08:12:11.909,1.49498,1.49516,2.25,1.13
2012.10.25 08:12:13.490,1.49494,1.49513,3.00,1.13
2012.10.25 08:12:13.772,1.49494,1.49518,3.00,1.50
2012.10.25 08:12:14.106,1.49498,1.49521,1.50,2.63
2012.10.25 08:12:14.173,1.49501,1.49519,1.50,1.28
2012.10.25 08:12:14.312,1.49497,1.49516,1.50,1.50
2012.10.25 08:12:14.440,1.49494,1.49515,3.38,1.28
2012.10.25 08:12:14.570,1.49493,1.49515,1.88,1.50
2012.10.25 08:12:14.641,1.49493,1.49515,2.63,1.50
2012.10.25 08:12:16.830,1.49494,1.49515,2.25,1.28
2012.10.25 08:12:17.279,1.49494,1.49516,1.13,1.73
2012.10.25 08:12:17.340,1.49493,1.49516,1.50,1.50
2012.10.25 08:12:17.858,1.49493,1.49516,1.50,1.50
2012.10.25 08:12:22.392,1.49494,1.49515,2.25,1.50
2012.10.25 08:12:23.712,1.4949,1.49513,1.50,1.50
2012.10.25 08:12:23.784,1.4949,1.49513,1.88,1.50
2012.10.25 08:12:25.319,1.49486,1.49509,2.63,1.20
2012.10.25 08:12:36.611,1.49486,1.49507,1.50,1.20
2012.10.25 08:12:36.678,1.49486,1.49507,1.50,1.58
2012.10.25 08:12:36.807,1.49484,1.49507,1.50,1.58
2012.10.25 08:12:37.941,1.49484,1.49506,2.25,1.20
2012.10.25 08:12:38.371,1.49486,1.49506,1.50,1.20
2012.10.25 08:12:38.890,1.49486,1.49506,1.50,1.20
2012.10.25 08:12:39.142,1.49484,1.49501,1.50,1.20
2012.10.25 08:12:47.967,1.49481,1.49501,1.50,1.20
2012.10.25 08:12:48.767,1.4948,1.49501,2.25,1.20
2012.10.25 08:12:53.168,1.49484,1.49501,1.50,1.20
2012.10.25 08:12:53.579,1.4948,1.49502,1.50,1.20
2012.10.25 08:12:53.641,1.49484,1.49502,1.50,1.20
2012.10.25 08:12:54.757,1.49478,1.49493,1.13,1.71
2012.10.25 08:12:54.890,1.49484,1.49492,1.50,1.17
2012.10.25 08:12:54.960,1.49479,1.49492,2.25,1.17
2012.10.25 08:12:55.481,1.49477,1.49495,2.25,1.17
2012.10.25 08:12:56.303,1.49478,1.49495,1.50,1.17
2012.10.25 08:12:56.995,1.49474,1.495,2.25,2.10
2012.10.25 08:12:59.410,1.49474,1.49496,2.25,1.20
2012.10.25 08:13:00.139,1.49474,1.49496,2.25,1.20
2012.10.25 08:13:00.850,1.49474,1.495,3.00,1.13
2012.10.25 08:13:04.310,1.49475,1.49499,1.13,1.20
2012.10.25 08:13:04.439,1.49475,1.49499,1.13,1.20
2012.10.25 08:13:04.629,1.49475,1.49496,1.13,1.20
2012.10.25 08:13:05.680,1.49475,1.49497,1.13,1.20
2012.10.25 08:13:08.234,1.49474,1.49497,2.25,1.95
2012.10.25 08:13:08.826,1.49474,1.49497,2.25,1.95
2012.10.25 08:13:09.117,1.49468,1.49493,1.88,1.73
2012.10.25 08:13:11.119,1.49468,1.49489,1.50,1.20
2012.10.25 08:13:11.689,1.49468,1.49489,1.50,1.20
2012.10.25 08:13:14.565,1.49468,1.49493,1.88,1.73
2012.10.25 08:13:20.340,1.49468,1.49493,1.88,1.73
2012.10.25 08:13:21.979,1.49469,1.49492,1.50,1.73
2012.10.25 08:13:22.519,1.49469,1.49492,2.25,1.73
2012.10.25 08:13:30.553,1.49469,1.49495,2.63,1.20
2012.10.25 08:13:32.741,1.49471,1.49496,1.13,1.95
2012.10.25 08:13:40.889,1.49469,1.49488,1.13,1.50
2012.10.25 08:13:40.960,1.49469,1.49488,1.13,1.73
2012.10.25 08:13:41.140,1.49467,1.49487,1.13,1.20
2012.10.25 08:13:41.209,1.49464,1.49488,1.13,1.73
2012.10.25 08:13:41.449,1.49468,1.49491,1.13,3.23
2012.10.25 08:13:41.820,1.49469,1.49491,1.13,1.50
2012.10.25 08:13:42.130,1.4947,1.49494,1.50,1.50
2012.10.25 08:13:42.321,1.49478,1.49497,1.50,3.23
2012.10.25 08:13:42.450,1.49476,1.49496,1.50,1.73
2012.10.25 08:13:42.515,1.49475,1.49496,3.00,1.50
2012.10.25 08:13:43.029,1.49474,1.49497,1.13,1.13
2012.10.25 08:13:44.161,1.49479,1.49501,1.03,1.35
2012.10.25 08:13:44.229,1.49478,1.49501,1.41,1.35
2012.10.25 08:13:44.419,1.49487,1.49501,1.73,1.50
2012.10.25 08:13:44.539,1.49493,1.49503,1.50,1.50
2012.10.25 08:13:44.601,1.49493,1.49504,2.20,1.50
2012.10.25 08:13:44.670,1.49496,1.49504,1.50,1.50
2012.10.25 08:13:44.992,1.49494,1.49502,1.13,1.50
2012.10.25 08:13:45.180,1.49494,1.49518,1.13,1.73
2012.10.25 08:13:45.311,1.49494,1.49514,1.13,2.48
2012.10.25 08:13:45.818,1.49493,1.49512,1.13,2.48
2012.10.25 08:13:46.509,1.49493,1.49518,1.50,1.73
2012.10.25 08:13:48.549,1.4949,1.49518,3.00,1.73
2012.10.25 08:13:48.733,1.49492,1.49518,1.50,1.73
2012.10.25 08:13:48.980,1.49491,1.49518,3.00,3.23
2012.10.25 08:13:49.529,1.49491,1.49517,1.88,1.32
2012.10.25 08:13:49.709,1.49489,1.49518,2.25,3.23
2012.10.25 08:13:50.489,1.49488,1.4951,1.13,1.73
2012.10.25 08:13:51.067,1.49485,1.49507,1.50,1.35
2012.10.25 08:13:52.109,1.4949,1.49507,1.50,1.35
2012.10.25 08:13:52.371,1.4949,1.49514,1.88,2.48
2012.10.25 08:13:52.919,1.49491,1.49517,1.88,1.23
2012.10.25 08:13:53.170,1.49491,1.49517,1.88,1.23
2012.10.25 08:13:53.509,1.49491,1.49517,1.13,1.60
2012.10.25 08:13:53.570,1.49491,1.49517,1.13,1.23
2012.10.25 08:13:53.851,1.4949,1.49511,1.13,1.50
2012.10.25 08:13:54.405,1.49487,1.49511,1.13,1.95
2012.10.25 08:13:55.732,1.49487,1.49511,1.13,1.95
2012.10.25 08:13:58.095,1.49487,1.49506,1.88,1.73
2012.10.25 08:13:59.580,1.49485,1.49506,1.50,1.73
2012.10.25 08:13:59.640,1.49485,1.49506,1.13,1.73
2012.10.25 08:13:59.890,1.49484,1.49506,2.25,1.73
2012.10.25 08:14:00.141,1.49483,1.49502,1.88,1.20
2012.10.25 08:14:00.569,1.49484,1.49507,3.75,1.95
2012.10.25 08:14:02.300,1.49483,1.49509,1.13,2.48
2012.10.25 08:14:02.432,1.49486,1.49509,1.50,2.48
2012.10.25 08:14:02.740,1.49482,1.49506,1.13,1.73
2012.10.25 08:14:02.871,1.4948,1.49506,2.25,1.95
2012.10.25 08:14:03.779,1.49479,1.49503,1.32,1.73
2012.10.25 08:14:03.924,1.49479,1.49501,2.07,1.20
2012.10.25 08:14:04.072,1.49478,1.49502,3.00,1.35
2012.10.25 08:14:04.144,1.4948,1.49502,1.50,1.35
2012.10.25 08:14:04.845,1.49477,1.49502,1.50,1.35
2012.10.25 08:14:04.915,1.49477,1.49502,1.50,1.35
2012.10.25 08:14:06.110,1.49477,1.49499,1.13,2.70
2012.10.25 08:14:07.879,1.49475,1.49499,1.13,2.48
2012.10.25 08:14:07.938,1.49475,1.49502,1.50,2.48
2012.10.25 08:14:10.196,1.49477,1.49504,3.00,2.48
2012.10.25 08:14:11.176,1.49478,1.49502,3.00,1.20
2012.10.25 08:14:11.240,1.49478,1.49502,3.00,1.20
2012.10.25 08:14:11.572,1.49481,1.49505,4.13,1.73
2012.10.25 08:14:11.714,1.49479,1.49502,1.13,1.35
2012.10.25 08:14:12.347,1.49478,1.49504,1.13,1.73
2012.10.25 08:14:12.918,1.49477,1.49504,2.63,1.73
2012.10.25 08:14:12.979,1.49477,1.49504,3.00,1.73
2012.10.25 08:14:13.680,1.49474,1.49504,1.50,1.73
2012.10.25 08:14:13.752,1.49477,1.49497,2.63,1.35
2012.10.25 08:14:13.880,1.49473,1.49497,1.50,2.10
2012.10.25 08:14:14.143,1.49473,1.49496,2.25,1.73
2012.10.25 08:14:14.272,1.49473,1.49496,1.50,1.73
2012.10.25 08:14:14.622,1.49469,1.49496,1.13,1.73
2012.10.25 08:14:18.120,1.49469,1.49494,1.88,1.20
2012.10.25 08:14:19.416,1.49472,1.49497,1.88,1.73
2012.10.25 08:14:19.482,1.49476,1.49498,1.13,2.48
2012.10.25 08:14:19.610,1.49476,1.49498,1.50,2.48
2012.10.25 08:14:19.669,1.49476,1.49501,1.50,3.45
2012.10.25 08:14:20.210,1.49476,1.49497,1.50,1.73
2012.10.25 08:14:21.049,1.49476,1.495,1.13,2.48
2012.10.25 08:14:21.689,1.49474,1.495,1.50,2.48
2012.10.25 08:14:27.161,1.49472,1.49497,2.25,1.73
2012.10.25 08:14:27.699,1.49472,1.49494,1.13,1.20
2012.10.25 08:14:28.119,1.49471,1.49492,1.50,1.20
2012.10.25 08:14:28.180,1.49471,1.49492,1.13,1.20
2012.10.25 08:14:28.571,1.49469,1.49496,2.63,2.82
2012.10.25 08:14:29.042,1.49471,1.49489,5.63,1.20
2012.10.25 08:14:29.117,1.49474,1.49498,1.50,1.88
2012.10.25 08:14:29.811,1.49472,1.49498,1.50,2.48
2012.10.25 08:14:30.387,1.49472,1.49498,1.50,2.48
2012.10.25 08:14:32.339,1.49473,1.49498,1.50,2.48
2012.10.25 08:14:33.984,1.49473,1.49498,1.50,2.48
2012.10.25 08:14:34.639,1.49476,1.49497,1.50,1.20
2012.10.25 08:14:35.131,1.49474,1.49501,1.13,1.20
2012.10.25 08:14:35.241,1.49476,1.49501,1.88,1.20
2012.10.25 08:14:35.720,1.49473,1.49497,3.00,1.20
2012.10.25 08:14:36.021,1.49473,1.49497,2.25,1.20
2012.10.25 08:14:36.689,1.49473,1.49497,2.25,1.20
2012.10.25 08:14:37.149,1.49473,1.49499,3.00,1.73
2012.10.25 08:14:38.151,1.49473,1.49499,3.00,1.73
2012.10.25 08:14:39.581,1.49473,1.49497,2.25,1.20
2012.10.25 08:14:39.652,1.49477,1.49497,1.50,1.20
2012.10.25 08:14:40.370,1.49482,1.49498,1.50,1.20
2012.10.25 08:14:40.923,1.49483,1.49501,1.13,1.20
2012.10.25 08:14:41.250,1.49483,1.49502,1.13,1.20
2012.10.25 08:14:42.124,1.49482,1.49502,1.13,1.20
2012.10.25 08:14:45.769,1.49479,1.49502,2.25,1.20
2012.10.25 08:14:46.351,1.49478,1.49501,1.50,1.20
2012.10.25 08:14:47.159,1.49478,1.49501,1.13,1.20
2012.10.25 08:14:47.948,1.49475,1.49501,1.88,1.20
2012.10.25 08:14:48.458,1.49477,1.49502,1.88,1.20
2012.10.25 08:14:48.520,1.49478,1.49502,1.13,1.20
2012.10.25 08:14:49.600,1.49478,1.49502,1.50,1.20
2012.10.25 08:14:49.670,1.49474,1.49499,2.82,1.73
2012.10.25 08:14:49.859,1.49474,1.49499,1.50,2.48
2012.10.25 08:14:50.940,1.49474,1.49494,1.50,1.35
2012.10.25 08:14:51.009,1.49471,1.49494,3.00,1.35
2012.10.25 08:14:51.551,1.49468,1.49491,4.50,1.20
2012.10.25 08:14:54.519,1.49469,1.49491,1.50,1.20
2012.10.25 08:14:55.680,1.49468,1.49494,3.00,2.85
2012.10.25 08:14:57.110,1.49468,1.49492,2.25,1.20
2012.10.25 08:14:59.809,1.49468,1.49494,2.25,2.85
2012.10.25 08:15:00.071,1.49467,1.49491,1.50,1.73
2012.10.25 08:15:00.260,1.49466,1.49492,1.13,1.95
2012.10.25 08:15:00.581,1.49464,1.49486,1.50,1.50
2012.10.25 08:15:00.710,1.49461,1.49484,1.65,1.13
2012.10.25 08:15:00.780,1.49462,1.49484,1.13,1.13
2012.10.25 08:15:01.309,1.49463,1.49484,3.00,1.35
2012.10.25 08:15:03.148,1.49463,1.49488,4.50,2.10
2012.10.25 08:15:07.091,1.49466,1.4949,1.50,2.48
2012.10.25 08:15:07.160,1.49464,1.4949,1.13,2.48
2012.10.25 08:15:07.231,1.49467,1.49491,1.50,1.58
2012.10.25 08:15:07.364,1.49467,1.49492,1.50,2.10
2012.10.25 08:15:07.430,1.49467,1.49492,1.50,2.10
2012.10.25 08:15:08.220,1.49464,1.49488,1.88,1.73
2012.10.25 08:15:08.580,1.49465,1.49486,1.88,1.20
2012.10.25 08:15:09.130,1.49465,1.49487,1.88,1.20
2012.10.25 08:15:09.390,1.49466,1.49487,1.50,1.20
2012.10.25 08:15:09.672,1.49465,1.4949,1.88,1.73
2012.10.25 08:15:10.670,1.49467,1.4949,1.50,1.73
2012.10.25 08:15:10.936,1.49469,1.49492,1.50,2.70
2012.10.25 08:15:13.729,1.49467,1.49491,1.50,2.25
2012.10.25 08:15:15.249,1.49466,1.49491,1.50,2.48
2012.10.25 08:15:16.433,1.49466,1.49491,1.50,2.48
2012.10.25 08:15:18.968,1.49466,1.49491,1.50,2.48
2012.10.25 08:15:19.100,1.49467,1.49494,1.50,2.48
2012.10.25 08:15:19.173,1.49466,1.49494,1.50,2.48
2012.10.25 08:15:20.998,1.49467,1.49491,1.50,1.20
2012.10.25 08:15:21.673,1.49467,1.49489,1.50,1.50
2012.10.25 08:15:26.029,1.49467,1.49491,1.50,1.73
2012.10.25 08:15:26.390,1.49474,1.49495,1.13,2.48
2012.10.25 08:15:26.461,1.49474,1.49495,1.13,2.25
2012.10.25 08:15:28.259,1.49477,1.49497,1.50,1.50
2012.10.25 08:15:28.879,1.49482,1.49499,1.50,1.50
2012.10.25 08:15:28.999,1.49479,1.49499,1.50,1.50
2012.10.25 08:15:29.299,1.49486,1.49503,1.50,1.88
2012.10.25 08:15:29.832,1.49486,1.49503,2.25,1.13
2012.10.25 08:15:30.612,1.49487,1.49503,1.50,1.13
2012.10.25 08:15:32.695,1.49488,1.4951,2.25,1.73
2012.10.25 08:15:32.890,1.4949,1.49511,1.50,2.48
2012.10.25 08:15:33.439,1.4949,1.49511,2.25,1.50
2012.10.25 08:15:33.500,1.49487,1.49511,1.50,1.50
2012.10.25 08:15:34.220,1.49485,1.49509,1.88,1.73
2012.10.25 08:15:36.632,1.49487,1.49509,1.50,1.50
2012.10.25 08:15:36.702,1.49488,1.49509,4.13,1.50
2012.10.25 08:15:37.422,1.49488,1.49511,2.25,1.50
2012.10.25 08:15:42.381,1.49487,1.4951,1.50,1.73
2012.10.25 08:15:42.538,1.49487,1.4951,1.50,1.73
2012.10.25 08:15:43.514,1.49487,1.49512,2.25,1.13
2012.10.25 08:15:43.642,1.49487,1.49512,2.25,1.50
2012.10.25 08:15:44.139,1.49487,1.49511,2.25,1.20
2012.10.25 08:15:44.260,1.49487,1.49511,1.50,1.20
2012.10.25 08:15:45.552,1.49487,1.49511,1.50,1.73
2012.10.25 08:15:47.410,1.49489,1.49511,1.50,1.20
2012.10.25 08:15:48.038,1.49489,1.49513,1.50,1.73
2012.10.25 08:15:48.368,1.49488,1.49513,2.25,1.73
2012.10.25 08:15:52.789,1.49488,1.49511,1.20,1.73
2012.10.25 08:15:55.320,1.49487,1.49511,2.25,1.73
2012.10.25 08:15:56.476,1.49487,1.49511,2.25,1.73
2012.10.25 08:15:56.812,1.49488,1.49511,1.50,2.48
2012.10.25 08:15:57.200,1.49488,1.49511,1.50,1.73
2012.10.25 08:15:57.558,1.49487,1.49511,1.13,2.48
2012.10.25 08:15:57.681,1.49487,1.49511,1.13,2.70
2012.10.25 08:15:57.750,1.49488,1.49511,1.50,2.70
2012.10.25 08:15:58.459,1.49484,1.4951,1.88,2.48
2012.10.25 08:15:58.793,1.49484,1.4951,1.88,2.48
2012.10.25 08:15:59.191,1.49484,1.4951,1.50,2.48
2012.10.25 08:15:59.794,1.49486,1.4951,1.50,2.48
2012.10.25 08:16:00.270,1.49484,1.49509,1.50,1.73
2012.10.25 08:16:00.860,1.49484,1.49509,1.50,1.73
2012.10.25 08:16:01.340,1.49485,1.49506,2.25,1.73
2012.10.25 08:16:01.580,1.49484,1.49508,2.25,1.35
2012.10.25 08:16:02.450,1.49485,1.49509,1.50,1.35
2012.10.25 08:16:02.985,1.49487,1.4951,1.50,2.48
2012.10.25 08:16:03.740,1.49488,1.49511,1.50,1.20
2012.10.25 08:16:04.282,1.49487,1.49511,1.50,1.20
2012.10.25 08:16:06.550,1.49487,1.49512,2.25,1.20
2012.10.25 08:16:06.783,1.49487,1.49513,2.25,2.33
2012.10.25 08:16:07.257,1.49495,1.49519,1.13,1.20
2012.10.25 08:16:09.171,1.49495,1.49519,1.13,1.20
2012.10.25 08:16:09.504,1.49502,1.49518,1.50,1.20
2012.10.25 08:16:09.640,1.49502,1.49519,1.50,1.13
2012.10.25 08:16:10.461,1.49498,1.49521,2.25,1.17
2012.10.25 08:16:12.910,1.49502,1.49522,1.88,1.20
2012.10.25 08:16:13.159,1.49502,1.49527,2.25,1.95
2012.10.25 08:16:17.629,1.49502,1.49523,2.07,2.48
2012.10.25 08:16:29.047,1.49502,1.49526,1.32,1.95
2012.10.25 08:16:29.111,1.49502,1.49526,2.07,1.95
2012.10.25 08:16:29.559,1.49502,1.49525,1.32,1.73
2012.10.25 08:16:29.640,1.49502,1.49525,1.32,1.73
2012.10.25 08:16:36.289,1.49501,1.49524,1.32,3.13
2012.10.25 08:16:37.351,1.49498,1.49519,1.69,1.73
2012.10.25 08:16:37.858,1.49498,1.49522,1.32,1.95
2012.10.25 08:16:38.383,1.49499,1.49522,1.32,1.95
2012.10.25 08:16:38.449,1.49498,1.49522,1.32,1.95
2012.10.25 08:16:39.219,1.49499,1.49522,1.13,1.95
2012.10.25 08:16:39.879,1.49498,1.49522,1.32,1.95
2012.10.25 08:16:40.080,1.49499,1.49522,1.13,1.95
2012.10.25 08:16:40.732,1.49498,1.49522,2.07,1.95
2012.10.25 08:16:41.380,1.49498,1.49522,2.07,1.95
2012.10.25 08:16:41.473,1.49498,1.49522,2.07,1.95
2012.10.25 08:16:41.908,1.49498,1.49522,2.07,1.95
2012.10.25 08:16:42.609,1.49498,1.49521,1.32,1.20
2012.10.25 08:16:43.172,1.49498,1.49521,2.07,1.20
2012.10.25 08:16:44.920,1.49498,1.49523,1.32,1.73
2012.10.25 08:16:45.430,1.49498,1.49522,1.32,1.73
2012.10.25 08:16:45.949,1.49498,1.49522,1.32,1.73
2012.10.25 08:16:48.690,1.49499,1.49521,1.50,1.20
2012.10.25 08:16:49.079,1.49498,1.49522,1.50,1.73
2012.10.25 08:16:49.445,1.49499,1.49522,1.13,1.73
2012.10.25 08:16:50.921,1.49498,1.49522,1.50,1.73
2012.10.25 08:16:54.182,1.49498,1.49521,2.25,1.73
2012.10.25 08:16:54.513,1.49498,1.49523,1.50,1.73
2012.10.25 08:16:54.945,1.49498,1.49523,2.25,1.73
2012.10.25 08:16:55.541,1.49498,1.49523,1.50,1.73
2012.10.25 08:16:55.957,1.49498,1.49523,2.25,1.73
2012.10.25 08:16:56.286,1.49498,1.49523,1.50,1.73
2012.10.25 08:16:59.710,1.49498,1.49523,2.25,1.73
2012.10.25 08:17:00.052,1.49498,1.49523,1.50,1.73
2012.10.25 08:17:00.604,1.49498,1.49523,1.50,1.73
2012.10.25 08:17:01.052,1.49498,1.49523,1.69,1.73
2012.10.25 08:17:03.200,1.49501,1.49524,2.25,1.73
2012.10.25 08:17:03.522,1.49505,1.49526,1.32,1.20
2012.10.25 08:17:03.743,1.49505,1.49526,1.32,1.20
2012.10.25 08:17:03.962,1.49505,1.49526,1.32,1.20
2012.10.25 08:17:04.230,1.49505,1.49526,1.32,1.20
2012.10.25 08:17:05.942,1.49507,1.49526,2.82,1.20
2012.10.25 08:17:06.261,1.4951,1.49533,1.13,1.50
2012.10.25 08:17:06.677,1.49511,1.49536,1.50,2.25
2012.10.25 08:17:07.772,1.4951,1.49536,1.32,2.48
2012.10.25 08:17:08.790,1.49512,1.49536,1.69,2.48
2012.10.25 08:17:09.033,1.4951,1.49536,1.32,2.48
2012.10.25 08:17:09.592,1.49514,1.49534,1.13,1.20
2012.10.25 08:17:10.022,1.49506,1.49525,2.44,1.50
2012.10.25 08:17:10.540,1.49501,1.49525,2.82,1.73
2012.10.25 08:17:10.611,1.49501,1.49525,2.82,1.73
2012.10.25 08:17:10.869,1.49501,1.49525,2.44,1.73
2012.10.25 08:17:11.007,1.49501,1.49525,2.44,1.73
2012.10.25 08:17:11.130,1.49501,1.49525,2.44,1.73
2012.10.25 08:17:11.557,1.49501,1.49525,2.82,1.73
2012.10.25 08:17:11.681,1.49502,1.49525,1.32,1.73
2012.10.25 08:17:11.750,1.49502,1.49525,1.13,1.73
2012.10.25 08:17:12.358,1.49502,1.49525,1.13,1.73
2012.10.25 08:17:12.421,1.49502,1.49525,1.13,1.73
2012.10.25 08:17:12.993,1.49501,1.49525,1.88,2.48
2012.10.25 08:17:13.150,1.49502,1.49525,1.13,2.48
2012.10.25 08:17:13.538,1.49501,1.49525,1.88,2.48
2012.10.25 08:17:13.979,1.49501,1.49525,2.63,2.48
2012.10.25 08:17:14.142,1.49501,1.49525,1.88,2.48
2012.10.25 08:17:14.271,1.49499,1.49525,1.32,2.48
2012.10.25 08:17:14.829,1.49497,1.49523,1.50,2.48
2012.10.25 08:17:15.302,1.49497,1.49521,2.63,1.50
2012.10.25 08:17:15.830,1.49497,1.49521,3.00,1.73
2012.10.25 08:17:16.150,1.49498,1.49521,1.50,1.20
2012.10.25 08:17:16.340,1.49508,1.49526,1.50,1.35
2012.10.25 08:17:16.410,1.49508,1.49528,1.88,1.73
2012.10.25 08:17:16.485,1.49509,1.4953,1.50,1.73
2012.10.25 08:17:16.972,1.49521,1.49535,1.35,2.48
2012.10.25 08:17:17.112,1.49525,1.49549,1.88,1.45
2012.10.25 08:17:17.186,1.49526,1.4955,4.50,1.13
2012.10.25 08:17:17.258,1.49526,1.4955,4.50,1.13
2012.10.25 08:17:17.464,1.49524,1.4955,1.88,2.03
2012.10.25 08:17:17.650,1.49522,1.4955,4.88,2.03
2012.10.25 08:17:17.795,1.49522,1.49546,2.63,1.13
2012.10.25 08:17:18.433,1.49521,1.49546,2.63,1.58
2012.10.25 08:17:18.560,1.49521,1.49546,3.38,1.35
2012.10.25 08:17:18.990,1.49521,1.49546,3.38,1.35
2012.10.25 08:17:22.432,1.49523,1.49543,2.25,1.73
2012.10.25 08:17:22.504,1.49523,1.4954,1.50,1.50
2012.10.25 08:17:22.651,1.49517,1.4954,1.50,1.73
2012.10.25 08:17:23.081,1.49518,1.49538,1.50,1.95
2012.10.25 08:17:23.601,1.49522,1.49542,1.50,1.35
2012.10.25 08:17:23.672,1.49522,1.49543,1.50,1.73
2012.10.25 08:17:24.190,1.49527,1.49549,1.13,1.73
2012.10.25 08:17:24.586,1.49527,1.4955,1.13,1.73
2012.10.25 08:17:24.782,1.49527,1.4955,1.13,1.73
2012.10.25 08:17:24.981,1.49526,1.4955,1.13,1.73
2012.10.25 08:17:25.375,1.49527,1.4955,1.13,1.73
2012.10.25 08:17:25.930,1.49527,1.4955,1.13,1.73
2012.10.25 08:17:26.729,1.49526,1.49544,1.88,1.50
2012.10.25 08:17:26.969,1.49521,1.49544,2.63,1.73
2012.10.25 08:17:27.105,1.49522,1.49544,1.50,1.73
2012.10.25 08:17:27.457,1.49525,1.49548,3.75,1.13
2012.10.25 08:17:27.870,1.49532,1.49553,1.88,1.13
2012.10.25 08:17:27.944,1.49536,1.49554,1.50,1.35
2012.10.25 08:17:28.082,1.49536,1.4956,1.50,1.58
2012.10.25 08:17:28.211,1.49535,1.49555,1.13,1.73
2012.10.25 08:17:28.650,1.49536,1.4956,1.50,1.28
2012.10.25 08:17:29.130,1.49535,1.49557,1.13,1.13
2012.10.25 08:17:29.381,1.49534,1.49555,1.50,1.35
2012.10.25 08:17:29.453,1.49533,1.49555,1.50,1.35
2012.10.25 08:17:32.845,1.49531,1.49557,2.85,1.50
2012.10.25 08:17:33.220,1.49532,1.49557,1.88,1.73
2012.10.25 08:17:33.840,1.49532,1.49556,1.50,1.13
2012.10.25 08:17:34.685,1.49529,1.49551,1.50,1.50
2012.10.25 08:17:35.011,1.49527,1.49541,1.13,2.25
2012.10.25 08:17:36.887,1.49519,1.49543,2.25,1.73
2012.10.25 08:17:37.109,1.49519,1.49543,1.50,1.95
2012.10.25 08:17:38.387,1.49519,1.49543,1.50,1.73
2012.10.25 08:17:38.532,1.49516,1.49543,1.13,1.73
2012.10.25 08:17:38.602,1.49515,1.49543,4.35,1.73
2012.10.25 08:17:39.141,1.49515,1.49539,1.88,2.48
2012.10.25 08:17:39.483,1.49515,1.49539,1.88,2.48
2012.10.25 08:17:39.610,1.49515,1.49539,1.88,3.23
2012.10.25 08:17:39.869,1.49512,1.49538,2.10,1.73
2012.10.25 08:17:40.110,1.49515,1.49538,1.88,1.35
2012.10.25 08:17:40.169,1.49515,1.49536,1.13,1.35
2012.10.25 08:17:40.290,1.49511,1.49531,3.00,2.10
2012.10.25 08:17:40.743,1.49508,1.4953,1.13,2.48
2012.10.25 08:17:40.813,1.49508,1.49526,1.13,1.20
2012.10.25 08:17:40.953,1.49508,1.49526,1.13,1.20
2012.10.25 08:17:41.091,1.49508,1.49531,1.13,2.10
2012.10.25 08:17:41.431,1.49508,1.49531,1.50,2.10
2012.10.25 08:17:41.504,1.49504,1.49531,1.50,3.23
2012.10.25 08:17:41.571,1.49505,1.49531,1.50,3.23
2012.10.25 08:17:41.708,1.49504,1.49529,1.50,1.50
2012.10.25 08:17:42.200,1.49508,1.49532,1.50,1.50
2012.10.25 08:17:42.526,1.49504,1.49523,1.50,1.50
2012.10.25 08:17:42.649,1.495,1.49523,3.38,1.73
2012.10.25 08:17:42.711,1.49501,1.49522,1.50,1.20
2012.10.25 08:17:43.243,1.49502,1.49525,3.00,1.35
2012.10.25 08:17:43.310,1.49504,1.49525,1.50,1.35
2012.10.25 08:17:43.372,1.49504,1.49525,1.50,1.35
2012.10.25 08:17:43.708,1.49508,1.49529,1.50,1.58
2012.10.25 08:17:44.211,1.49509,1.49531,2.25,2.25
2012.10.25 08:17:44.403,1.49511,1.49531,3.00,2.25
2012.10.25 08:17:45.510,1.49512,1.49533,1.50,1.35
2012.10.25 08:17:45.689,1.49509,1.49533,1.50,1.35
2012.10.25 08:17:46.610,1.4951,1.49533,1.88,1.35
2012.10.25 08:17:47.290,1.49512,1.49535,3.00,1.50
2012.10.25 08:17:47.700,1.49512,1.49535,3.00,1.50
2012.10.25 08:17:48.211,1.49512,1.49535,3.00,1.50
2012.10.25 08:17:48.710,1.49512,1.49535,3.23,1.50
2012.10.25 08:17:49.692,1.49512,1.49538,2.63,1.50
2012.10.25 08:17:49.892,1.49514,1.49535,1.50,1.50
2012.10.25 08:17:51.166,1.49512,1.49533,2.25,1.50
2012.10.25 08:17:51.589,1.49509,1.49533,1.50,2.10
2012.10.25 08:17:55.510,1.49507,1.49532,2.25,1.20
2012.10.25 08:17:55.643,1.49508,1.49532,1.50,1.20
2012.10.25 08:17:55.840,1.49509,1.49532,2.63,1.20
2012.10.25 08:17:56.726,1.49509,1.49534,2.63,1.73
2012.10.25 08:17:56.863,1.49509,1.49534,2.63,1.73
2012.10.25 08:17:57.511,1.49509,1.49534,2.63,1.73
2012.10.25 08:17:58.191,1.49509,1.49534,3.38,1.73
2012.10.25 08:17:58.450,1.49509,1.49534,3.38,1.73
2012.10.25 08:17:59.230,1.49509,1.49534,3.38,1.73
2012.10.25 08:18:00.202,1.49509,1.49534,3.38,1.73
2012.10.25 08:18:00.872,1.49509,1.49534,2.63,2.48
2012.10.25 08:18:01.187,1.49509,1.49534,2.63,2.48
2012.10.25 08:18:01.841,1.49509,1.49533,2.25,1.35
2012.10.25 08:18:02.520,1.49509,1.49533,2.25,1.13
2012.10.25 08:18:02.710,1.49509,1.49533,3.00,1.13
2012.10.25 08:18:04.014,1.49506,1.49532,1.50,2.48
2012.10.25 08:18:04.851,1.49506,1.49532,1.50,2.85
2012.10.25 08:18:05.512,1.49506,1.49531,1.50,1.20
2012.10.25 08:18:06.181,1.49506,1.49531,1.50,1.20
2012.10.25 08:18:10.020,1.49506,1.49526,1.50,1.50
2012.10.25 08:18:10.576,1.49506,1.49526,1.50,2.25
2012.10.25 08:18:11.920,1.49508,1.4953,1.50,2.48
2012.10.25 08:18:12.172,1.49508,1.49534,2.25,1.73
2012.10.25 08:18:12.362,1.49508,1.49529,2.25,1.50
2012.10.25 08:18:12.431,1.49506,1.49528,1.50,1.73
2012.10.25 08:18:12.684,1.49508,1.49529,1.50,3.98
2012.10.25 08:18:12.835,1.49503,1.49529,1.88,3.00
2012.10.25 08:18:13.120,1.49511,1.49529,1.50,2.48
2012.10.25 08:18:13.371,1.49513,1.49537,2.25,4.17
2012.10.25 08:18:13.441,1.49513,1.49537,1.50,4.17
2012.10.25 08:18:13.511,1.49513,1.49537,2.25,4.17
2012.10.25 08:18:14.096,1.49513,1.49537,1.73,2.85
2012.10.25 08:18:14.412,1.49516,1.49539,1.13,4.50
2012.10.25 08:18:14.481,1.49513,1.49539,2.48,4.50
2012.10.25 08:18:14.616,1.49516,1.49537,1.13,1.20
2012.10.25 08:18:14.991,1.49513,1.49536,1.50,1.20
2012.10.25 08:18:16.169,1.49513,1.49536,1.13,1.20
2012.10.25 08:18:16.320,1.49513,1.49535,1.13,1.20
2012.10.25 08:18:17.481,1.49509,1.49531,3.00,1.20
2012.10.25 08:18:17.811,1.4951,1.49531,1.50,1.20
2012.10.25 08:18:18.133,1.4951,1.49531,1.50,1.20
2012.10.25 08:18:18.442,1.49507,1.49528,1.13,1.20
2012.10.25 08:18:18.510,1.49507,1.49528,1.13,1.20
2012.10.25 08:18:18.632,1.4951,1.49527,1.50,1.20
2012.10.25 08:18:18.766,1.49508,1.49526,1.50,1.20
2012.10.25 08:18:19.112,1.49506,1.49528,1.50,2.10
2012.10.25 08:18:19.683,1.49504,1.49528,3.38,2.10
2012.10.25 08:18:20.794,1.49506,1.49528,1.50,2.10
2012.10.25 08:18:21.751,1.49505,1.49528,1.50,2.10
2012.10.25 08:18:22.121,1.49505,1.49528,1.50,2.10
2012.10.25 08:18:22.190,1.49505,1.49528,1.50,2.10
2012.10.25 08:18:24.121,1.49504,1.49524,2.25,1.73
2012.10.25 08:18:24.445,1.49502,1.49523,1.50,1.50
2012.10.25 08:18:25.960,1.495,1.49524,2.25,2.10
2012.10.25 08:18:26.260,1.495,1.49523,2.25,1.73
2012.10.25 08:18:27.540,1.49501,1.49523,1.88,1.73
2012.10.25 08:18:27.862,1.49505,1.49525,3.00,1.50
2012.10.25 08:18:28.131,1.49506,1.49526,1.13,1.73
2012.10.25 08:18:28.501,1.49506,1.49526,1.13,1.73
2012.10.25 08:18:30.130,1.49507,1.49529,1.50,1.73
2012.10.25 08:18:30.330,1.49507,1.49526,1.50,1.50
2012.10.25 08:18:30.842,1.49507,1.49529,1.50,1.50
2012.10.25 08:18:30.980,1.49507,1.49526,1.50,1.50
2012.10.25 08:18:31.219,1.49507,1.49528,1.50,1.50
2012.10.25 08:18:31.279,1.49507,1.49526,1.50,1.50
2012.10.25 08:18:31.385,1.49505,1.49526,1.13,1.50
2012.10.25 08:18:31.510,1.49507,1.49526,1.50,1.50
2012.10.25 08:18:31.704,1.49504,1.49526,2.63,1.95
2012.10.25 08:18:31.830,1.49506,1.49526,1.50,1.95
2012.10.25 08:18:32.390,1.49504,1.49526,1.88,1.73
2012.10.25 08:18:32.610,1.49504,1.49528,3.38,1.73
2012.10.25 08:18:32.670,1.49504,1.49526,3.38,1.50
2012.10.25 08:18:32.801,1.49504,1.49529,3.38,1.73
2012.10.25 08:18:32.940,1.49504,1.49526,2.25,1.50
2012.10.25 08:18:33.629,1.49504,1.49529,2.25,2.10
2012.10.25 08:18:34.145,1.49504,1.49528,2.25,1.50
2012.10.25 08:18:34.211,1.49504,1.49526,2.25,1.50
2012.10.25 08:18:34.710,1.49502,1.49529,1.50,2.10
2012.10.25 08:18:35.273,1.49502,1.49526,1.50,1.50
2012.10.25 08:18:35.849,1.49501,1.49526,3.38,1.73
2012.10.25 08:18:39.793,1.49497,1.49523,1.13,2.10
2012.10.25 08:18:39.926,1.49502,1.49523,1.13,2.10
2012.10.25 08:18:40.052,1.49502,1.49524,1.13,1.35
2012.10.25 08:18:40.503,1.49501,1.49523,1.13,3.98
2012.10.25 08:18:40.991,1.49496,1.4952,1.50,2.48
2012.10.25 08:18:41.610,1.49496,1.49521,2.25,1.20
2012.10.25 08:18:42.050,1.49496,1.49522,2.25,1.35
2012.10.25 08:18:42.370,1.49497,1.49522,1.50,1.35
2012.10.25 08:18:45.495,1.49493,1.49513,1.13,2.25
2012.10.25 08:18:45.808,1.49495,1.49521,1.13,3.00
2012.10.25 08:18:46.120,1.49495,1.49517,1.88,2.48
2012.10.25 08:18:46.660,1.49495,1.49517,1.50,2.70
2012.10.25 08:18:46.730,1.49493,1.49517,1.50,2.70
2012.10.25 08:18:47.179,1.49493,1.49517,1.50,1.20
2012.10.25 08:18:47.514,1.49493,1.49512,1.50,1.20
2012.10.25 08:18:47.889,1.49494,1.49519,2.48,2.48
2012.10.25 08:18:48.098,1.49494,1.49517,1.50,1.20
2012.10.25 08:18:48.670,1.49494,1.49519,1.88,2.48
2012.10.25 08:18:48.741,1.49494,1.49519,1.50,2.48
2012.10.25 08:18:49.049,1.49496,1.49522,1.50,1.35
2012.10.25 08:18:49.352,1.49498,1.49522,3.00,1.35
2012.10.25 08:18:49.423,1.49498,1.49521,3.00,1.13
2012.10.25 08:18:49.756,1.49498,1.49521,1.50,1.35
2012.10.25 08:18:49.908,1.49494,1.49517,1.88,1.20
2012.10.25 08:18:50.464,1.49493,1.49517,1.13,1.20
2012.10.25 08:18:50.539,1.49491,1.49517,1.13,3.45
2012.10.25 08:18:51.157,1.4949,1.49515,1.88,3.23
2012.10.25 08:18:51.232,1.49488,1.49511,1.13,2.10
2012.10.25 08:18:51.754,1.49486,1.49508,1.13,1.73
2012.10.25 08:18:52.295,1.49484,1.49507,3.19,1.20
2012.10.25 08:18:53.160,1.49484,1.49507,2.44,1.20
2012.10.25 08:18:55.074,1.49486,1.49504,1.13,2.25
2012.10.25 08:18:55.200,1.49484,1.49507,1.13,2.48
2012.10.25 08:18:55.536,1.49486,1.49507,1.13,2.70
2012.10.25 08:18:55.951,1.49487,1.49509,1.13,1.20
2012.10.25 08:18:56.083,1.49486,1.49512,1.88,1.58
2012.10.25 08:18:56.152,1.49486,1.49512,2.63,1.58
2012.10.25 08:18:56.282,1.4949,1.49512,1.13,1.58
2012.10.25 08:18:57.391,1.49487,1.49511,1.88,1.20
2012.10.25 08:18:58.181,1.49488,1.49513,2.25,1.20
2012.10.25 08:19:00.300,1.49495,1.49513,1.50,1.20
2012.10.25 08:19:00.370,1.49493,1.49513,1.50,1.20
2012.10.25 08:19:00.440,1.49491,1.49513,1.13,1.20
2012.10.25 08:19:00.500,1.49495,1.49514,1.50,1.20
2012.10.25 08:19:00.632,1.49493,1.49514,1.50,1.20
2012.10.25 08:19:00.852,1.49491,1.49514,2.63,1.20
2012.10.25 08:19:01.126,1.49497,1.49514,1.50,1.20
2012.10.25 08:19:01.320,1.49492,1.49514,1.50,1.20
2012.10.25 08:19:02.211,1.49495,1.49514,1.50,1.20
2012.10.25 08:19:02.700,1.49495,1.49515,1.50,1.20
2012.10.25 08:19:02.760,1.49495,1.49515,1.50,1.20
2012.10.25 08:19:03.200,1.49495,1.49515,1.50,1.20
2012.10.25 08:19:03.470,1.49495,1.49515,1.50,1.20
2012.10.25 08:19:04.930,1.49493,1.49517,1.50,1.35
2012.10.25 08:19:05.000,1.49497,1.49517,1.50,1.35
2012.10.25 08:19:05.616,1.49498,1.49517,1.50,1.35
2012.10.25 08:19:06.300,1.49494,1.49517,2.25,1.35
2012.10.25 08:19:06.621,1.49498,1.49517,1.50,1.35
2012.10.25 08:19:06.690,1.49493,1.49517,3.38,1.35
2012.10.25 08:19:06.763,1.49498,1.49517,1.50,1.35
2012.10.25 08:19:06.950,1.49493,1.49517,2.63,1.35
2012.10.25 08:19:07.011,1.49493,1.49515,2.25,1.20
2012.10.25 08:19:07.354,1.49491,1.49518,1.35,2.70
2012.10.25 08:19:07.493,1.49492,1.49518,1.13,2.48
2012.10.25 08:19:07.638,1.49494,1.49517,1.50,1.20
2012.10.25 08:19:08.317,1.49494,1.49517,1.50,2.70
2012.10.25 08:19:09.331,1.49494,1.49517,1.50,2.48
2012.10.25 08:19:09.716,1.49494,1.49515,1.13,2.25
2012.10.25 08:19:10.069,1.49492,1.49517,1.88,2.48
2012.10.25 08:19:11.149,1.4949,1.49514,1.13,1.35
2012.10.25 08:19:11.571,1.49488,1.4951,1.50,1.20
2012.10.25 08:19:11.771,1.49488,1.49507,1.50,1.20
2012.10.25 08:19:11.840,1.49485,1.49511,1.20,1.73
2012.10.25 08:19:12.811,1.49482,1.49511,2.82,1.73
2012.10.25 08:19:12.881,1.49482,1.49509,2.25,1.35
2012.10.25 08:19:13.599,1.49483,1.49509,1.50,1.35
2012.10.25 08:19:13.842,1.49481,1.49509,4.50,2.85
2012.10.25 08:19:14.041,1.49483,1.49506,1.88,1.20
2012.10.25 08:19:14.230,1.49484,1.49506,1.50,1.20
2012.10.25 08:19:14.360,1.49483,1.49506,1.88,1.20
2012.10.25 08:19:15.009,1.49485,1.49507,2.25,1.20
2012.10.25 08:19:16.805,1.49485,1.49507,2.25,1.20
2012.10.25 08:19:17.831,1.49485,1.49507,2.25,1.20
2012.10.25 08:19:17.901,1.49488,1.49507,1.50,1.20
2012.10.25 08:19:18.041,1.49486,1.49506,2.25,1.20
2012.10.25 08:19:18.685,1.49486,1.4951,1.50,1.35
2012.10.25 08:19:18.900,1.49483,1.4951,3.00,1.35
2012.10.25 08:19:19.191,1.49486,1.49509,1.50,1.35
2012.10.25 08:19:19.937,1.49488,1.49509,1.50,1.35
2012.10.25 08:19:20.470,1.49488,1.49512,2.25,1.20
2012.10.25 08:19:20.651,1.49493,1.49511,1.50,1.20
2012.10.25 08:19:21.212,1.49493,1.49514,2.25,1.58
2012.10.25 08:19:21.870,1.49494,1.49514,1.13,1.58
2012.10.25 08:19:21.953,1.49496,1.49514,1.13,1.20
2012.10.25 08:19:22.027,1.49497,1.49514,1.50,1.20
2012.10.25 08:19:22.178,1.49498,1.49521,1.13,1.20
2012.10.25 08:19:22.370,1.495,1.49522,2.25,1.35
2012.10.25 08:19:22.791,1.49496,1.49521,1.58,1.50
2012.10.25 08:19:22.922,1.49496,1.49521,1.58,1.50
2012.10.25 08:19:23.416,1.49497,1.49521,1.50,1.35
2012.10.25 08:19:23.769,1.49495,1.49521,2.25,1.58
2012.10.25 08:19:24.101,1.49494,1.49519,1.50,1.20
2012.10.25 08:19:24.632,1.49495,1.49519,1.50,1.20
2012.10.25 08:19:24.951,1.49495,1.49519,2.58,1.20
2012.10.25 08:19:25.488,1.49495,1.49521,2.25,1.20
2012.10.25 08:19:25.692,1.49496,1.49521,1.50,1.20
2012.10.25 08:19:25.930,1.49496,1.49519,1.50,1.20
2012.10.25 08:19:26.001,1.49496,1.49522,1.50,1.35
2012.10.25 08:19:26.647,1.49496,1.49523,1.50,1.35
2012.10.25 08:19:27.031,1.49499,1.49522,2.25,1.35
2012.10.25 08:19:27.555,1.49499,1.49522,1.50,2.10
2012.10.25 08:19:27.620,1.49495,1.49522,2.25,2.10
2012.10.25 08:19:31.461,1.49494,1.49513,1.50,1.13
2012.10.25 08:19:31.590,1.49492,1.49513,1.13,1.35
2012.10.25 08:19:31.844,1.49492,1.49514,1.50,1.13
2012.10.25 08:19:32.691,1.49494,1.49517,1.50,1.13
2012.10.25 08:19:33.414,1.49491,1.49517,3.00,1.58
2012.10.25 08:19:33.747,1.49496,1.49517,1.50,1.58
2012.10.25 08:19:33.842,1.49493,1.49517,2.25,1.58
2012.10.25 08:19:34.150,1.49496,1.49517,1.50,1.58
2012.10.25 08:19:34.801,1.49496,1.49519,2.25,2.70
2012.10.25 08:19:35.511,1.49496,1.49522,3.00,1.35
2012.10.25 08:19:36.990,1.49499,1.49519,2.25,1.88
2012.10.25 08:19:37.300,1.49494,1.49519,2.25,1.73
2012.10.25 08:19:37.372,1.49494,1.49519,2.25,1.73
2012.10.25 08:19:37.919,1.49494,1.49519,3.00,2.48
2012.10.25 08:19:38.599,1.49494,1.49518,2.25,1.35
2012.10.25 08:19:42.121,1.49498,1.49518,1.50,1.13
2012.10.25 08:19:43.477,1.49495,1.49521,1.50,2.70
2012.10.25 08:19:43.549,1.49499,1.4952,1.50,1.58
2012.10.25 08:19:44.853,1.49499,1.49519,1.50,1.50
2012.10.25 08:19:45.102,1.49497,1.49518,1.50,1.13
2012.10.25 08:19:45.431,1.49494,1.49518,2.25,1.13
2012.10.25 08:19:49.244,1.49495,1.49519,1.50,1.88
2012.10.25 08:19:49.661,1.49499,1.49517,1.50,1.13
2012.10.25 08:19:50.072,1.49495,1.49518,3.00,1.13
2012.10.25 08:19:52.022,1.49495,1.49518,1.50,1.13
2012.10.25 08:19:52.875,1.49497,1.4952,2.25,1.20
2012.10.25 08:19:52.940,1.49497,1.49522,2.25,1.58
2012.10.25 08:19:53.122,1.49498,1.49523,1.50,1.13
2012.10.25 08:19:54.361,1.49499,1.49523,1.50,1.13
2012.10.25 08:19:56.131,1.49494,1.49517,1.13,2.70
2012.10.25 08:19:56.488,1.49495,1.49518,1.73,1.50
2012.10.25 08:19:58.105,1.49496,1.49523,2.48,1.13
2012.10.25 08:19:58.171,1.49496,1.4952,2.48,1.50
2012.10.25 08:19:59.112,1.49503,1.49519,1.13,1.13
2012.10.25 08:19:59.481,1.49505,1.49529,1.50,1.20
2012.10.25 08:20:00.179,1.49503,1.49529,4.50,1.20
2012.10.25 08:20:02.081,1.49503,1.49527,2.25,1.58
2012.10.25 08:20:02.150,1.49503,1.49528,2.63,1.95
2012.10.25 08:20:02.220,1.49503,1.49527,1.88,1.20
2012.10.25 08:20:02.687,1.49502,1.49528,1.35,3.23
2012.10.25 08:20:03.081,1.49504,1.49528,1.73,2.48
2012.10.25 08:20:03.416,1.49504,1.4953,2.85,1.35
2012.10.25 08:20:03.811,1.49505,1.4953,2.48,1.35
2012.10.25 08:20:04.240,1.49505,1.4953,1.73,1.35
2012.10.25 08:20:04.301,1.49505,1.4953,2.48,1.35
2012.10.25 08:20:04.609,1.49505,1.49531,1.73,1.73
2012.10.25 08:20:05.737,1.49505,1.49531,1.73,1.50
2012.10.25 08:20:06.210,1.49505,1.49533,2.48,3.60
2012.10.25 08:20:06.330,1.49505,1.49533,2.48,3.23
2012.10.25 08:20:06.654,1.49505,1.49533,2.48,2.48
2012.10.25 08:20:12.701,1.49505,1.49532,2.48,1.13
2012.10.25 08:20:14.434,1.49505,1.4953,2.48,1.50
2012.10.25 08:20:14.633,1.49504,1.4953,1.35,1.50
2012.10.25 08:20:15.152,1.49508,1.49531,1.13,3.00
2012.10.25 08:20:15.780,1.49508,1.49533,1.32,2.48
2012.10.25 08:20:16.648,1.49509,1.49529,1.50,1.35
2012.10.25 08:20:16.771,1.49509,1.49525,1.50,1.13
2012.10.25 08:20:17.100,1.49503,1.49525,1.69,1.88
2012.10.25 08:20:17.290,1.49501,1.49525,1.32,1.13
2012.10.25 08:20:17.361,1.49501,1.49525,1.32,1.88
2012.10.25 08:20:17.503,1.49502,1.49525,1.92,1.88
2012.10.25 08:20:17.691,1.49505,1.49526,1.17,1.73
2012.10.25 08:20:18.291,1.49503,1.49529,1.17,2.25
2012.10.25 08:20:18.360,1.49504,1.49529,1.17,2.25
2012.10.25 08:20:18.491,1.49503,1.49529,2.10,1.13
2012.10.25 08:20:18.681,1.49506,1.49532,2.10,3.23
2012.10.25 08:20:19.579,1.4951,1.49534,1.50,1.35
2012.10.25 08:20:20.132,1.4951,1.49534,3.23,1.13
2012.10.25 08:20:20.451,1.4951,1.49534,3.42,1.13
2012.10.25 08:20:20.803,1.49509,1.49532,1.35,1.73
2012.10.25 08:20:21.334,1.49506,1.49532,3.23,1.73
2012.10.25 08:20:21.522,1.49506,1.49532,3.00,1.73
2012.10.25 08:20:22.253,1.49506,1.49532,2.82,1.73
2012.10.25 08:20:25.450,1.49507,1.49534,1.73,1.13
2012.10.25 08:20:26.650,1.49509,1.49534,2.48,1.13
2012.10.25 08:20:27.910,1.49509,1.49536,3.23,1.35
2012.10.25 08:20:28.480,1.49509,1.49534,1.73,2.25
2012.10.25 08:20:28.542,1.49509,1.49534,1.50,2.25
2012.10.25 08:20:29.361,1.49505,1.4953,1.88,2.48
2012.10.25 08:20:29.563,1.49505,1.49528,1.50,2.48
2012.10.25 08:20:29.692,1.49504,1.49528,3.00,1.73
2012.10.25 08:20:30.020,1.49504,1.49528,2.25,1.50
2012.10.25 08:20:30.093,1.49504,1.49528,2.25,2.25
2012.10.25 08:20:30.341,1.49504,1.4953,3.00,1.13
2012.10.25 08:20:30.649,1.49504,1.49528,2.63,2.10
2012.10.25 08:20:32.025,1.49504,1.49528,3.23,1.88
2012.10.25 08:20:32.162,1.49504,1.49528,2.25,2.10
2012.10.25 08:20:32.232,1.49509,1.49528,1.50,2.10
2012.10.25 08:20:32.301,1.49502,1.49528,1.50,2.10
2012.10.25 08:20:35.292,1.49503,1.49528,1.50,2.10
2012.10.25 08:20:35.471,1.49503,1.49528,1.50,2.10
2012.10.25 08:20:35.998,1.49503,1.49528,1.50,1.35
2012.10.25 08:20:37.340,1.49505,1.49529,1.50,1.13
2012.10.25 08:20:38.313,1.49506,1.4953,1.50,1.13
2012.10.25 08:20:38.562,1.4951,1.49533,1.88,2.48
2012.10.25 08:20:38.631,1.4951,1.49533,1.88,1.50
2012.10.25 08:20:40.205,1.49515,1.49536,1.13,1.50
2012.10.25 08:20:41.991,1.49511,1.49538,2.25,1.73
2012.10.25 08:20:42.211,1.49511,1.49536,2.25,1.50
2012.10.25 08:20:42.543,1.49514,1.49535,1.50,1.50
2012.10.25 08:20:44.352,1.49514,1.49538,2.25,1.50
2012.10.25 08:20:44.422,1.49514,1.4954,2.25,1.35
2012.10.25 08:20:44.492,1.49515,1.49543,3.38,2.48
2012.10.25 08:20:44.741,1.4952,1.49543,2.25,1.73
2012.10.25 08:20:45.881,1.49523,1.49546,1.50,1.50
2012.10.25 08:20:46.071,1.49524,1.49545,1.50,1.50
2012.10.25 08:20:46.262,1.49521,1.49546,3.00,1.50
2012.10.25 08:20:47.874,1.49522,1.49544,1.50,3.23
2012.10.25 08:20:48.404,1.49523,1.49544,1.13,1.50
2012.10.25 08:20:48.541,1.49522,1.49544,2.63,1.50
2012.10.25 08:20:49.555,1.49521,1.49539,1.32,1.35
2012.10.25 08:20:50.031,1.49515,1.49539,1.50,1.35
2012.10.25 08:20:50.581,1.49513,1.49539,2.25,1.35
2012.10.25 08:20:51.832,1.49514,1.49539,1.50,1.35
2012.10.25 08:20:53.082,1.49513,1.49538,2.25,1.20
2012.10.25 08:20:53.510,1.49514,1.4954,2.25,1.35
2012.10.25 08:20:55.203,1.49514,1.4954,1.83,1.35
2012.10.25 08:20:56.484,1.49515,1.49543,1.13,1.35
2012.10.25 08:20:57.082,1.49515,1.4954,1.13,2.48
2012.10.25 08:20:57.220,1.49515,1.4954,1.13,2.48
2012.10.25 08:20:57.680,1.49513,1.4954,1.32,2.85
2012.10.25 08:20:58.041,1.49514,1.4954,1.69,2.85
2012.10.25 08:20:58.951,1.49513,1.4954,2.63,2.48
2012.10.25 08:20:59.089,1.49514,1.4954,1.50,2.25
2012.10.25 08:20:59.891,1.49514,1.49539,1.50,2.25
2012.10.25 08:21:00.212,1.49513,1.49538,1.50,1.13
2012.10.25 08:21:03.249,1.49514,1.49536,1.50,1.50
2012.10.25 08:21:03.430,1.49514,1.49536,1.50,2.25
2012.10.25 08:21:03.871,1.49509,1.49536,1.88,3.45
2012.10.25 08:21:04.119,1.49513,1.49537,1.50,1.13
2012.10.25 08:21:04.623,1.49514,1.49539,1.50,3.60
2012.10.25 08:21:05.131,1.49515,1.49539,2.25,2.29
2012.10.25 08:21:05.413,1.49514,1.49539,1.50,1.54
2012.10.25 08:21:05.940,1.49518,1.49542,1.50,1.88
2012.10.25 08:21:09.330,1.49518,1.49541,1.50,2.63
2012.10.25 08:21:09.390,1.49517,1.49538,1.50,1.50
2012.10.25 08:21:09.749,1.49518,1.49537,1.50,1.50
2012.10.25 08:21:10.255,1.49514,1.4954,1.50,4.20
2012.10.25 08:21:11.271,1.49514,1.49538,1.50,1.32
2012.10.25 08:21:13.257,1.49514,1.49538,1.50,1.88
2012.10.25 08:21:19.192,1.49514,1.49538,1.50,1.88
2012.10.25 08:21:19.731,1.49513,1.49538,1.50,1.13
2012.10.25 08:21:21.244,1.49521,1.49543,1.50,1.54
2012.10.25 08:21:21.312,1.49524,1.49543,2.25,1.17
2012.10.25 08:21:21.381,1.49524,1.49546,2.25,1.58
2012.10.25 08:21:21.582,1.49523,1.49549,3.38,1.92
2012.10.25 08:21:22.472,1.49523,1.49549,3.38,1.92
2012.10.25 08:21:22.791,1.49525,1.49552,1.50,1.17
2012.10.25 08:21:22.939,1.49532,1.49549,1.88,1.50
2012.10.25 08:21:23.014,1.49534,1.49554,1.50,3.19
2012.10.25 08:21:23.083,1.49532,1.49554,1.13,2.48
2012.10.25 08:21:23.402,1.49532,1.49555,1.13,3.42
2012.10.25 08:21:23.655,1.49532,1.49555,1.35,2.44
2012.10.25 08:21:23.724,1.49531,1.49555,2.63,1.17
2012.10.25 08:21:25.702,1.49528,1.4955,1.50,1.73
2012.10.25 08:21:25.772,1.49526,1.49545,2.25,1.50
2012.10.25 08:21:25.900,1.49524,1.49544,1.50,1.50
2012.10.25 08:21:27.470,1.49524,1.49545,1.50,1.88
2012.10.25 08:21:28.596,1.49524,1.49545,1.50,1.88
2012.10.25 08:21:30.418,1.49523,1.49543,1.17,1.50
2012.10.25 08:21:30.741,1.4952,1.49538,1.54,1.50
2012.10.25 08:21:30.950,1.49522,1.49544,1.35,1.13
2012.10.25 08:21:31.011,1.49522,1.49544,1.54,1.13
2012.10.25 08:21:32.170,1.49522,1.49546,1.13,3.23
2012.10.25 08:21:35.501,1.49517,1.4954,1.69,1.50
2012.10.25 08:21:35.576,1.4952,1.49539,1.50,1.50
2012.10.25 08:21:36.349,1.49521,1.49542,2.25,1.13
2012.10.25 08:21:36.652,1.49524,1.49542,1.73,1.13
2012.10.25 08:21:37.663,1.49524,1.49543,2.48,1.50
2012.10.25 08:21:38.392,1.49524,1.49548,2.48,1.73
2012.10.25 08:21:39.101,1.49524,1.4955,3.23,1.35
2012.10.25 08:21:41.251,1.49524,1.49549,3.98,1.73
2012.10.25 08:21:42.395,1.49524,1.49546,2.48,1.50
2012.10.25 08:21:42.720,1.49524,1.49546,1.73,1.73
2012.10.25 08:21:43.248,1.49523,1.49547,1.88,1.73
2012.10.25 08:21:43.862,1.49523,1.49547,1.13,1.20
2012.10.25 08:21:43.931,1.49523,1.49547,1.13,1.20
2012.10.25 08:21:46.290,1.49529,1.49548,1.50,1.13
2012.10.25 08:21:47.601,1.49529,1.49549,1.50,3.23
2012.10.25 08:21:47.930,1.49529,1.49549,1.50,2.70
2012.10.25 08:21:48.703,1.49529,1.49548,1.50,1.50
2012.10.25 08:21:52.742,1.49523,1.49548,2.10,1.50
2012.10.25 08:21:54.395,1.49523,1.49548,3.60,1.50
2012.10.25 08:21:54.606,1.49526,1.49551,2.25,1.35
2012.10.25 08:21:54.678,1.49526,1.49547,2.48,1.13
2012.10.25 08:21:55.012,1.49529,1.49546,1.50,1.50
2012.10.25 08:21:55.351,1.49533,1.49549,1.50,1.50
2012.10.25 08:21:56.532,1.49533,1.49554,1.50,3.00
2012.10.25 08:21:56.603,1.49532,1.49548,1.50,1.13
2012.10.25 08:21:57.164,1.49526,1.49552,1.13,3.23
2012.10.25 08:21:58.121,1.49526,1.49552,1.35,3.00
2012.10.25 08:21:59.532,1.49526,1.49552,1.13,3.45
2012.10.25 08:22:01.120,1.49523,1.49551,2.48,2.85
2012.10.25 08:22:01.910,1.49523,1.49551,3.98,2.85
2012.10.25 08:22:02.739,1.49523,1.4955,3.23,1.13
2012.10.25 08:22:03.503,1.49522,1.49548,1.35,2.63
2012.10.25 08:22:05.420,1.49523,1.49549,1.73,1.50
2012.10.25 08:22:05.908,1.49521,1.49547,1.35,2.25
2012.10.25 08:22:10.849,1.49521,1.49547,2.10,1.50
2012.10.25 08:22:11.706,1.49524,1.49547,1.50,2.25
2012.10.25 08:22:18.439,1.49522,1.49541,1.35,1.50
2012.10.25 08:22:20.491,1.49522,1.49543,1.35,2.25
2012.10.25 08:22:26.433,1.49521,1.49548,2.85,1.13
2012.10.25 08:22:26.560,1.49528,1.49549,1.50,2.25
2012.10.25 08:22:26.944,1.49528,1.49549,1.50,1.88
2012.10.25 08:22:28.141,1.49528,1.49547,1.50,1.50
2012.10.25 08:22:28.211,1.49528,1.49545,1.50,1.88
2012.10.25 08:22:28.911,1.49524,1.49545,1.50,4.88
2012.10.25 08:22:29.756,1.49523,1.49541,1.50,1.13
2012.10.25 08:22:31.180,1.49518,1.49542,1.50,3.38
2012.10.25 08:22:31.250,1.49518,1.49542,1.50,2.63
2012.10.25 08:22:31.440,1.49518,1.49545,1.73,3.60
2012.10.25 08:22:33.141,1.49524,1.49544,1.50,1.35
2012.10.25 08:22:33.542,1.49527,1.49543,1.50,1.88
2012.10.25 08:22:33.674,1.49525,1.49543,2.25,1.88
2012.10.25 08:22:33.742,1.49525,1.49543,2.25,1.13
2012.10.25 08:22:34.153,1.49527,1.49547,1.13,2.48
2012.10.25 08:22:34.223,1.49527,1.49548,1.13,1.50
2012.10.25 08:22:34.292,1.49527,1.49552,1.13,3.98
2012.10.25 08:22:34.360,1.49527,1.49552,1.13,3.75
2012.10.25 08:22:34.600,1.49527,1.49552,1.35,3.23
2012.10.25 08:22:35.390,1.49531,1.49555,2.48,1.13
2012.10.25 08:22:35.538,1.49531,1.49553,2.48,1.69
2012.10.25 08:22:36.061,1.49531,1.49549,2.25,1.50
2012.10.25 08:22:36.390,1.49529,1.49551,1.50,2.25
2012.10.25 08:22:39.852,1.49528,1.49551,1.50,1.50
2012.10.25 08:22:40.203,1.49528,1.4955,1.50,1.50
2012.10.25 08:22:40.450,1.49528,1.49551,1.50,1.50
2012.10.25 08:22:40.580,1.49528,1.49552,1.73,1.13
2012.10.25 08:22:44.527,1.49528,1.49554,2.10,1.50
2012.10.25 08:22:44.820,1.49531,1.49556,2.48,1.32
2012.10.25 08:22:45.244,1.49534,1.49556,1.50,1.13
2012.10.25 08:22:45.561,1.49539,1.49563,1.35,1.69
2012.10.25 08:22:45.703,1.49539,1.49563,1.13,1.92
2012.10.25 08:22:45.772,1.49539,1.49562,1.13,1.13
2012.10.25 08:22:45.961,1.49539,1.49559,1.13,1.50
2012.10.25 08:22:46.535,1.49539,1.49558,1.88,3.00
2012.10.25 08:22:46.891,1.49539,1.49558,1.50,3.00
2012.10.25 08:22:48.001,1.49539,1.49558,1.50,3.00
2012.10.25 08:22:52.191,1.49533,1.49557,1.73,1.50
2012.10.25 08:23:03.819,1.49534,1.49556,1.73,2.25
2012.10.25 08:23:04.320,1.49531,1.49556,1.35,1.13
2012.10.25 08:23:04.499,1.49531,1.49556,1.35,1.88
2012.10.25 08:23:04.780,1.49531,1.49556,1.35,1.88
2012.10.25 08:23:05.350,1.49531,1.49556,1.35,1.88
2012.10.25 08:23:07.143,1.49531,1.49556,1.35,1.13
2012.10.25 08:23:07.831,1.49531,1.49556,1.35,1.13
2012.10.25 08:23:07.908,1.49535,1.49554,1.35,1.50
2012.10.25 08:23:08.415,1.49538,1.49557,1.73,1.13
2012.10.25 08:23:08.484,1.49538,1.49558,1.73,1.13
2012.10.25 08:23:08.742,1.49544,1.49561,1.50,2.25
2012.10.25 08:23:09.463,1.49544,1.49563,1.50,1.13
2012.10.25 08:23:10.012,1.49544,1.49562,1.50,2.25
2012.10.25 08:23:10.161,1.49544,1.49562,1.50,4.50
2012.10.25 08:23:10.231,1.49541,1.49559,1.50,1.50
2012.10.25 08:23:10.300,1.49536,1.4956,2.25,1.20
2012.10.25 08:23:10.635,1.49543,1.4956,1.50,1.13
2012.10.25 08:23:11.060,1.49542,1.49558,1.50,1.13
2012.10.25 08:23:11.180,1.49539,1.49562,1.50,3.00
2012.10.25 08:23:11.770,1.49538,1.49562,1.50,3.00
2012.10.25 08:23:12.101,1.49538,1.49561,1.50,2.25
2012.10.25 08:23:12.450,1.49533,1.49559,3.60,2.63
2012.10.25 08:23:13.007,1.49539,1.49557,1.50,2.25
2012.10.25 08:23:13.561,1.49539,1.49557,1.50,2.25
2012.10.25 08:23:13.903,1.49536,1.49564,2.07,1.13
2012.10.25 08:23:13.973,1.49536,1.49564,2.07,2.63
2012.10.25 08:23:14.354,1.49543,1.49566,2.80,2.25
2012.10.25 08:23:14.661,1.49549,1.49569,1.50,1.50
2012.10.25 08:23:14.860,1.49541,1.49563,2.85,1.50
2012.10.25 08:23:15.470,1.49541,1.49563,1.13,2.25
2012.10.25 08:23:15.991,1.49539,1.49562,1.13,2.63
2012.10.25 08:23:17.132,1.49538,1.49562,1.50,2.63
2012.10.25 08:23:17.201,1.49538,1.49562,1.50,2.63
2012.10.25 08:23:17.511,1.49538,1.49563,1.50,1.35
2012.10.25 08:23:18.821,1.49538,1.49564,2.48,1.13
2012.10.25 08:23:19.080,1.49538,1.49567,2.48,4.35
2012.10.25 08:23:21.165,1.4954,1.49566,1.73,1.35
2012.10.25 08:23:21.372,1.49546,1.49567,1.50,3.23
2012.10.25 08:23:21.882,1.49548,1.49568,1.50,1.13
2012.10.25 08:23:21.959,1.49548,1.49571,2.25,1.32
2012.10.25 08:23:22.722,1.49549,1.4957,1.50,1.13
2012.10.25 08:23:22.862,1.49549,1.4957,1.50,1.13
2012.10.25 08:23:22.932,1.49549,1.49569,1.50,1.50
2012.10.25 08:23:23.192,1.49546,1.49568,1.50,1.50
2012.10.25 08:23:23.264,1.49543,1.49566,2.48,1.50
2012.10.25 08:23:23.332,1.49548,1.49567,1.50,1.50
2012.10.25 08:23:23.840,1.49543,1.49568,2.25,1.73
2012.10.25 08:23:23.900,1.49543,1.49567,2.25,1.13
2012.10.25 08:23:24.463,1.4954,1.49564,1.73,2.25
2012.10.25 08:23:25.184,1.4954,1.49567,1.73,1.92
2012.10.25 08:23:25.503,1.49543,1.4957,1.73,2.48
2012.10.25 08:23:25.990,1.49545,1.49569,1.73,1.50
2012.10.25 08:23:26.051,1.49548,1.49572,1.73,1.88
2012.10.25 08:23:26.324,1.49549,1.49572,1.73,1.88
2012.10.25 08:23:27.010,1.49549,1.49571,1.50,1.13
2012.10.25 08:23:27.391,1.49544,1.4957,1.35,2.63
2012.10.25 08:23:28.202,1.49544,1.4957,1.35,2.63
2012.10.25 08:23:28.762,1.49554,1.49573,1.50,1.50
2012.10.25 08:23:29.451,1.49554,1.49571,1.50,1.50
2012.10.25 08:23:29.580,1.49548,1.49571,1.73,3.00
2012.10.25 08:23:30.180,1.49547,1.49563,1.50,1.88
2012.10.25 08:23:30.251,1.49547,1.49561,1.50,1.88
2012.10.25 08:23:30.560,1.49538,1.49565,1.73,1.88
2012.10.25 08:23:30.630,1.49538,1.49565,1.73,1.88
2012.10.25 08:23:31.001,1.49537,1.49565,1.73,2.25
2012.10.25 08:23:31.411,1.49539,1.49566,2.48,2.25
2012.10.25 08:23:31.503,1.49539,1.49566,2.48,2.25
2012.10.25 08:23:32.052,1.49539,1.49566,2.48,2.25
2012.10.25 08:23:32.401,1.49539,1.49566,2.48,2.25
2012.10.25 08:23:32.601,1.49539,1.49566,2.48,1.50
2012.10.25 08:23:32.675,1.49539,1.49566,2.48,1.50
2012.10.25 08:23:33.619,1.49539,1.49567,2.48,1.88
2012.10.25 08:23:33.850,1.49539,1.49567,2.48,1.88
2012.10.25 08:23:33.982,1.49539,1.49566,2.48,1.50
2012.10.25 08:23:34.981,1.49539,1.49564,2.48,1.13
2012.10.25 08:23:35.679,1.49539,1.49564,2.48,1.50
2012.10.25 08:23:35.973,1.49539,1.49564,2.48,1.50
2012.10.25 08:23:36.164,1.49538,1.49563,1.73,2.44
2012.10.25 08:23:37.395,1.49538,1.49566,2.48,1.50
2012.10.25 08:23:37.603,1.49538,1.49564,2.48,1.50
2012.10.25 08:23:37.941,1.49538,1.49566,3.23,1.69
2012.10.25 08:23:41.672,1.49537,1.49564,1.73,1.50
2012.10.25 08:23:42.580,1.49539,1.49564,1.73,2.44
2012.10.25 08:23:42.856,1.49536,1.49563,3.98,1.50
2012.10.25 08:23:42.923,1.49543,1.49564,1.50,1.88
2012.10.25 08:23:43.062,1.49544,1.49567,1.13,1.50
2012.10.25 08:23:43.393,1.49545,1.49567,1.35,1.73
2012.10.25 08:23:43.923,1.49542,1.49566,1.73,2.85
2012.10.25 08:23:44.050,1.49542,1.49565,1.50,1.50
2012.10.25 08:23:44.371,1.49538,1.49563,1.73,1.50
2012.10.25 08:23:44.857,1.49538,1.49563,1.73,1.50
2012.10.25 08:23:45.513,1.49544,1.49563,1.50,1.13
2012.10.25 08:23:45.641,1.49544,1.49566,1.50,1.73
2012.10.25 08:23:45.772,1.49543,1.49567,1.50,1.20
2012.10.25 08:23:46.751,1.49544,1.49567,2.25,1.35
2012.10.25 08:23:47.321,1.49543,1.49567,1.50,1.73
2012.10.25 08:23:47.682,1.49543,1.49567,1.50,1.35
2012.10.25 08:23:47.755,1.49543,1.49567,1.50,1.35
2012.10.25 08:23:47.821,1.49543,1.49566,1.50,1.88
2012.10.25 08:23:48.262,1.4954,1.49563,1.50,1.88
2012.10.25 08:23:48.692,1.49539,1.49562,1.50,1.13
2012.10.25 08:23:48.883,1.49539,1.49562,3.23,1.13
2012.10.25 08:23:48.950,1.49539,1.49562,3.00,1.50
2012.10.25 08:23:49.311,1.49544,1.49566,1.50,1.35
2012.10.25 08:23:49.724,1.49544,1.49565,1.50,1.13
2012.10.25 08:23:49.791,1.49544,1.49568,1.50,1.73
2012.10.25 08:23:50.613,1.49544,1.49571,1.73,3.19
2012.10.25 08:23:50.742,1.49544,1.49571,2.48,3.57
2012.10.25 08:23:51.301,1.49543,1.49571,1.35,3.75
2012.10.25 08:23:51.610,1.49543,1.49571,1.35,4.35
2012.10.25 08:23:53.491,1.49546,1.49571,1.50,3.38
2012.10.25 08:23:53.980,1.49542,1.49565,1.35,1.50
2012.10.25 08:23:54.171,1.49543,1.49565,1.13,1.50
2012.10.25 08:23:56.283,1.49539,1.49566,2.48,2.85
2012.10.25 08:23:57.589,1.49543,1.49568,2.85,1.50
2012.10.25 08:24:00.082,1.49543,1.49568,2.85,1.50
2012.10.25 08:24:00.410,1.49545,1.4957,1.50,3.38
2012.10.25 08:24:01.454,1.49544,1.4957,1.73,3.00
2012.10.25 08:24:02.071,1.49544,1.4957,1.73,3.00
2012.10.25 08:24:02.614,1.49544,1.4957,1.73,3.38
2012.10.25 08:24:02.680,1.49542,1.4957,1.35,4.13
2012.10.25 08:24:03.170,1.49544,1.49568,1.73,2.25
2012.10.25 08:24:04.431,1.49544,1.49567,3.00,1.58
2012.10.25 08:24:04.992,1.4955,1.49568,2.25,1.35
2012.10.25 08:24:05.301,1.49553,1.49576,1.73,3.23
2012.10.25 08:24:05.611,1.49553,1.49576,1.73,3.23
2012.10.25 08:24:05.972,1.49553,1.49576,1.73,3.23
2012.10.25 08:24:06.341,1.4955,1.49576,2.48,3.00
2012.10.25 08:24:06.631,1.4955,1.49576,2.48,3.00
2012.10.25 08:24:06.840,1.49554,1.49576,1.73,3.00
2012.10.25 08:24:07.231,1.49553,1.49576,1.73,3.00
2012.10.25 08:24:08.214,1.49554,1.49576,1.50,1.35
2012.10.25 08:24:11.411,1.49554,1.49576,1.50,1.50
2012.10.25 08:24:11.929,1.4955,1.49576,2.48,1.13
2012.10.25 08:24:12.139,1.4955,1.49576,2.48,1.13
2012.10.25 08:24:12.565,1.49553,1.49576,1.73,1.88
2012.10.25 08:24:17.611,1.49559,1.49577,1.50,1.13
2012.10.25 08:24:17.680,1.49559,1.49577,1.50,1.13
2012.10.25 08:24:19.042,1.49559,1.49577,1.50,1.13
2012.10.25 08:24:19.620,1.49559,1.49577,1.50,1.13
2012.10.25 08:24:19.681,1.49559,1.49577,1.50,1.13
2012.10.25 08:24:19.821,1.49553,1.49577,1.73,1.88
2012.10.25 08:24:20.072,1.49559,1.49578,1.50,1.88
2012.10.25 08:24:20.141,1.49559,1.49578,1.50,1.13
2012.10.25 08:24:20.963,1.49559,1.49577,1.50,1.13
2012.10.25 08:24:22.141,1.49553,1.49577,1.88,1.50
2012.10.25 08:24:22.209,1.49553,1.49577,1.88,1.50
2012.10.25 08:24:22.901,1.49554,1.49578,1.50,1.73
2012.10.25 08:24:22.970,1.49554,1.4958,1.50,1.35
2012.10.25 08:24:24.190,1.49558,1.49578,1.50,1.13
2012.10.25 08:24:24.903,1.49558,1.49578,1.50,1.13
2012.10.25 08:24:25.211,1.49552,1.49577,3.23,1.13
2012.10.25 08:24:26.660,1.49558,1.49578,1.50,2.25
2012.10.25 08:24:26.961,1.4955,1.49577,1.50,2.48
2012.10.25 08:24:27.091,1.49553,1.4958,2.48,3.00
2012.10.25 08:24:28.039,1.49553,1.49578,2.48,1.13
2012.10.25 08:24:29.811,1.49552,1.49578,1.73,1.13
2012.10.25 08:24:30.741,1.49555,1.49578,1.50,1.50
2012.10.25 08:24:31.363,1.49558,1.49577,1.50,1.13
2012.10.25 08:24:32.026,1.49558,1.49577,1.50,1.13
2012.10.25 08:24:32.091,1.49558,1.49577,1.50,1.13
2012.10.25 08:24:32.571,1.49559,1.49577,1.50,1.13
2012.10.25 08:24:34.334,1.49553,1.49576,1.50,1.13
2012.10.25 08:24:34.551,1.49553,1.49578,1.50,2.85
2012.10.25 08:24:35.601,1.49552,1.49576,1.50,1.13
2012.10.25 08:24:35.669,1.49552,1.49577,1.50,1.88
2012.10.25 08:24:37.645,1.49552,1.49576,1.50,1.13
2012.10.25 08:24:37.710,1.49551,1.49576,3.00,1.13
2012.10.25 08:24:38.012,1.49549,1.49569,1.88,1.50
2012.10.25 08:24:38.580,1.49544,1.49572,1.73,1.50
2012.10.25 08:24:38.849,1.49549,1.49569,1.50,1.50
2012.10.25 08:24:39.002,1.49549,1.49569,1.50,1.13
2012.10.25 08:24:39.077,1.49548,1.49572,1.35,1.50
2012.10.25 08:24:40.000,1.49548,1.49572,1.35,1.50
2012.10.25 08:24:40.745,1.49548,1.49573,3.23,1.13
2012.10.25 08:24:41.384,1.49548,1.49573,1.73,1.50
2012.10.25 08:24:41.630,1.49544,1.49568,1.73,1.32
2012.10.25 08:24:45.132,1.49544,1.49568,1.73,2.63
2012.10.25 08:24:45.260,1.49548,1.49568,1.73,1.88
2012.10.25 08:24:45.456,1.49546,1.49565,1.73,1.73
2012.10.25 08:24:45.595,1.49544,1.49564,1.50,1.73
2012.10.25 08:24:46.450,1.49543,1.49565,1.50,1.73
2012.10.25 08:24:47.122,1.49543,1.49566,1.50,1.73
2012.10.25 08:24:48.914,1.49539,1.49566,1.35,2.48
2012.10.25 08:24:49.101,1.49544,1.49564,1.73,1.50
2012.10.25 08:24:49.773,1.49539,1.49564,1.35,1.50
2012.10.25 08:24:50.185,1.49539,1.49566,1.35,1.73
2012.10.25 08:24:50.532,1.49542,1.49568,1.13,3.45
2012.10.25 08:24:51.092,1.49544,1.49571,1.50,2.85
2012.10.25 08:24:51.400,1.49559,1.49575,1.13,1.32
2012.10.25 08:24:51.711,1.49559,1.49581,2.85,1.88
2012.10.25 08:24:51.961,1.4956,1.49581,1.13,1.88
2012.10.25 08:24:52.021,1.49564,1.49587,1.50,4.20
2012.10.25 08:24:52.092,1.49564,1.49587,1.50,3.45
2012.10.25 08:24:52.846,1.49563,1.49587,1.50,2.48
2012.10.25 08:24:52.925,1.49563,1.49587,1.50,2.85
2012.10.25 08:24:53.332,1.49564,1.49583,1.50,1.13
2012.10.25 08:24:53.410,1.49559,1.49581,1.50,2.10
2012.10.25 08:24:53.750,1.49563,1.49583,1.50,1.13
2012.10.25 08:24:54.970,1.49561,1.49581,1.50,1.13
2012.10.25 08:24:55.031,1.49553,1.4958,1.92,1.13
2012.10.25 08:24:55.122,1.49553,1.4958,1.69,1.35
2012.10.25 08:24:55.370,1.49559,1.49582,1.50,2.10
2012.10.25 08:24:55.643,1.49554,1.49582,1.50,2.10
2012.10.25 08:24:55.811,1.49554,1.49582,1.50,2.10
2012.10.25 08:24:56.179,1.49554,1.49582,2.25,2.10
2012.10.25 08:24:57.073,1.49559,1.49582,1.50,2.10
2012.10.25 08:24:57.142,1.49559,1.49583,1.50,2.85
2012.10.25 08:24:57.212,1.49559,1.49581,1.50,1.35
2012.10.25 08:24:58.461,1.49553,1.49579,1.50,3.00
2012.10.25 08:24:59.850,1.49553,1.49579,1.88,2.48
2012.10.25 08:24:59.971,1.49553,1.49579,2.10,2.63
2012.10.25 08:25:00.101,1.49553,1.49578,1.13,1.35
2012.10.25 08:25:02.400,1.49553,1.49579,1.50,4.35
2012.10.25 08:25:03.041,1.49554,1.49579,1.50,4.32
2012.10.25 08:25:03.443,1.49554,1.49578,1.50,1.69
2012.10.25 08:25:03.509,1.49554,1.49579,1.50,4.32
2012.10.25 08:25:05.996,1.49553,1.49582,3.23,2.29
2012.10.25 08:25:06.064,1.49553,1.49582,3.23,2.10
2012.10.25 08:25:06.133,1.49553,1.49575,2.48,1.50
2012.10.25 08:25:06.442,1.49546,1.49567,1.35,1.13
2012.10.25 08:25:06.512,1.49543,1.49566,2.10,1.50
2012.10.25 08:25:07.243,1.49544,1.49566,1.88,1.73
2012.10.25 08:25:10.110,1.49549,1.49565,1.50,1.13
2012.10.25 08:25:10.428,1.49549,1.49569,2.25,1.50
2012.10.25 08:25:10.670,1.49544,1.49565,2.48,1.13
2012.10.25 08:25:11.762,1.4954,1.49559,3.00,1.13
2012.10.25 08:25:11.890,1.49539,1.49559,1.50,1.88
2012.10.25 08:25:11.953,1.49537,1.49559,3.00,1.88
2012.10.25 08:25:12.573,1.49534,1.49559,2.25,2.10
2012.10.25 08:25:12.641,1.49534,1.49559,1.50,2.10
2012.10.25 08:25:13.219,1.49533,1.49557,3.00,1.35
2012.10.25 08:25:15.190,1.49534,1.49558,1.50,1.50
2012.10.25 08:25:15.370,1.49536,1.49559,1.50,1.88
2012.10.25 08:25:15.718,1.4954,1.49561,2.25,1.50
2012.10.25 08:25:15.844,1.49542,1.49568,1.13,2.29
2012.10.25 08:25:16.290,1.49543,1.4957,1.73,2.07
2012.10.25 08:25:16.471,1.49548,1.49571,1.50,1.13
2012.10.25 08:25:17.869,1.49549,1.49572,1.50,3.00
2012.10.25 08:25:19.210,1.49544,1.49571,2.48,1.13
2012.10.25 08:25:22.161,1.49546,1.49572,2.48,1.88
2012.10.25 08:25:22.233,1.49549,1.49568,1.50,1.13
2012.10.25 08:25:22.759,1.4955,1.49574,1.50,1.13
2012.10.25 08:25:23.070,1.49552,1.49568,1.50,1.13
2012.10.25 08:25:23.381,1.49551,1.4957,2.25,1.50
2012.10.25 08:25:23.455,1.49551,1.49574,2.25,1.73
2012.10.25 08:25:23.521,1.49551,1.49576,2.25,1.95
2012.10.25 08:25:23.590,1.49551,1.49576,3.00,1.73
2012.10.25 08:25:23.771,1.4955,1.4957,1.13,2.25
2012.10.25 08:25:23.842,1.4955,1.4957,1.13,1.50
2012.10.25 08:25:24.030,1.4955,1.4957,1.13,2.25
2012.10.25 08:25:24.389,1.49548,1.49568,1.13,1.13
2012.10.25 08:25:24.450,1.49547,1.49566,1.13,1.13
2012.10.25 08:25:25.132,1.49541,1.49566,1.92,1.13
2012.10.25 08:25:25.265,1.49542,1.49567,2.25,1.50
2012.10.25 08:25:25.466,1.49544,1.49566,1.50,1.13
2012.10.25 08:25:25.535,1.49544,1.49567,1.50,1.50
2012.10.25 08:25:25.971,1.49543,1.49566,1.50,1.13
2012.10.25 08:25:26.740,1.49542,1.49567,2.48,1.50
2012.10.25 08:25:27.009,1.49543,1.49566,1.50,1.13
2012.10.25 08:25:28.301,1.49542,1.49567,2.48,1.50
2012.10.25 08:25:28.622,1.4955,1.49571,1.50,1.69
2012.10.25 08:25:29.011,1.4955,1.49574,2.48,1.32
2012.10.25 08:25:29.080,1.49553,1.49574,1.50,1.13
2012.10.25 08:25:29.712,1.4955,1.49575,2.48,1.69
2012.10.25 08:25:30.761,1.49553,1.49573,1.50,1.13
2012.10.25 08:25:31.350,1.49552,1.49575,1.73,1.69
2012.10.25 08:25:31.470,1.49552,1.49573,1.73,1.13
2012.10.25 08:25:32.012,1.49552,1.49575,1.73,1.69
2012.10.25 08:25:32.141,1.49552,1.49573,1.73,1.13
2012.10.25 08:25:36.190,1.4955,1.49575,1.73,1.50
2012.10.25 08:25:40.212,1.49553,1.49574,1.50,1.13
2012.10.25 08:25:40.754,1.49553,1.49575,1.50,1.50
2012.10.25 08:25:41.802,1.49554,1.49575,1.50,1.13
2012.10.25 08:25:41.872,1.49559,1.49577,1.50,1.50
2012.10.25 08:25:42.423,1.49558,1.49579,1.50,1.13
2012.10.25 08:25:42.752,1.49554,1.4958,1.73,3.23
2012.10.25 08:25:43.213,1.49554,1.4958,1.73,2.48
2012.10.25 08:25:43.772,1.49563,1.49586,1.50,3.23
2012.10.25 08:25:44.757,1.49563,1.49586,1.50,2.48
2012.10.25 08:25:44.823,1.49563,1.49586,1.50,2.85
2012.10.25 08:25:45.341,1.4956,1.49587,1.50,3.23
2012.10.25 08:25:45.530,1.49564,1.49584,1.50,1.13
2012.10.25 08:25:46.150,1.4956,1.49587,1.50,2.48
2012.10.25 08:25:46.392,1.49563,1.49584,1.50,1.13
2012.10.25 08:25:46.581,1.49558,1.49583,1.73,1.50
2012.10.25 08:25:47.721,1.49558,1.49584,1.73,4.32
2012.10.25 08:25:47.804,1.49559,1.4958,1.73,1.13
2012.10.25 08:25:49.310,1.49559,1.49579,1.50,1.69
2012.10.25 08:25:49.372,1.49559,1.4958,1.50,1.32
2012.10.25 08:25:49.511,1.49561,1.49581,1.50,1.50
2012.10.25 08:25:49.639,1.49561,1.49588,1.73,2.25
2012.10.25 08:25:49.820,1.4956,1.49586,2.85,1.32
2012.10.25 08:25:50.190,1.49562,1.49588,1.50,2.29
2012.10.25 08:25:50.311,1.49562,1.49588,1.73,1.88
2012.10.25 08:25:50.871,1.49562,1.49588,1.73,2.25
2012.10.25 08:25:55.100,1.49563,1.49584,1.50,1.50
2012.10.25 08:25:55.610,1.49563,1.49584,1.50,1.88
2012.10.25 08:25:55.670,1.49563,1.49584,1.50,2.63
2012.10.25 08:25:56.233,1.49559,1.49583,2.25,1.35
2012.10.25 08:25:56.521,1.49559,1.49583,1.50,1.73
2012.10.25 08:25:56.952,1.49559,1.49579,1.50,1.35
2012.10.25 08:25:58.449,1.49554,1.49578,1.88,1.35
2012.10.25 08:26:01.061,1.49554,1.49575,1.50,2.25
2012.10.25 08:26:01.863,1.49543,1.49564,1.73,3.75
2012.10.25 08:26:01.934,1.49538,1.49564,2.25,3.75
2012.10.25 08:26:02.711,1.49542,1.49564,1.50,1.50
2012.10.25 08:26:03.948,1.49543,1.49566,2.25,2.10
2012.10.25 08:26:04.015,1.49543,1.49567,1.50,1.73
2012.10.25 08:26:04.260,1.49543,1.49567,1.50,1.73
2012.10.25 08:26:04.713,1.49543,1.49567,1.73,1.73
2012.10.25 08:26:06.132,1.49543,1.49568,2.10,1.73
2012.10.25 08:26:06.385,1.49554,1.49572,1.50,1.13
2012.10.25 08:26:07.046,1.49548,1.49573,1.73,1.88
2012.10.25 08:26:07.172,1.49548,1.49571,1.50,1.13
2012.10.25 08:26:07.822,1.49544,1.49568,1.50,1.73
2012.10.25 08:26:08.440,1.49549,1.49567,1.50,1.13
2012.10.25 08:26:08.562,1.49548,1.49568,1.50,2.63
2012.10.25 08:26:08.691,1.49547,1.49567,1.50,1.50
2012.10.25 08:26:08.766,1.49547,1.49562,1.50,1.88
2012.10.25 08:26:09.319,1.49541,1.49562,1.50,1.73
2012.10.25 08:26:10.436,1.49539,1.49562,1.50,1.73
2012.10.25 08:26:10.501,1.49539,1.49562,1.50,2.48
2012.10.25 08:26:10.631,1.49539,1.49562,1.50,1.73
2012.10.25 08:26:10.963,1.49539,1.49559,1.50,1.50
2012.10.25 08:26:11.031,1.49539,1.49562,1.50,1.73
2012.10.25 08:26:11.433,1.49539,1.49563,1.50,2.85
2012.10.25 08:26:11.501,1.4954,1.49563,1.50,1.50
2012.10.25 08:26:12.351,1.49544,1.49565,1.50,1.50
2012.10.25 08:26:13.126,1.49543,1.49566,1.73,1.50
2012.10.25 08:26:13.571,1.49543,1.49569,2.48,3.38
2012.10.25 08:26:14.321,1.49543,1.49569,2.48,2.25
2012.10.25 08:26:15.532,1.49548,1.49569,1.50,2.25
2012.10.25 08:26:15.600,1.49548,1.49568,1.50,1.13
2012.10.25 08:26:15.691,1.49548,1.49569,1.50,2.25
2012.10.25 08:26:16.401,1.49549,1.49569,1.50,2.25
2012.10.25 08:26:21.805,1.49549,1.49568,1.50,1.88
2012.10.25 08:26:21.872,1.49549,1.49568,1.50,1.13
2012.10.25 08:26:26.871,1.49548,1.49567,1.50,1.13
2012.10.25 08:26:26.945,1.49548,1.49565,1.50,1.13
2012.10.25 08:26:27.322,1.49544,1.49563,1.50,1.13
2012.10.25 08:26:27.452,1.49544,1.4956,1.50,1.50
2012.10.25 08:26:27.993,1.49539,1.49563,1.50,1.73
2012.10.25 08:26:28.892,1.49539,1.49564,1.50,2.10
2012.10.25 08:26:31.400,1.49544,1.49556,1.50,1.50
2012.10.25 08:26:31.461,1.49542,1.49556,1.50,1.50
2012.10.25 08:26:31.591,1.49534,1.49556,1.88,3.00
2012.10.25 08:26:32.930,1.49534,1.49556,1.50,3.60
2012.10.25 08:26:33.231,1.49532,1.49556,1.50,2.48
2012.10.25 08:26:34.980,1.49539,1.49561,1.50,2.48
2012.10.25 08:26:35.040,1.49539,1.49561,1.50,2.10
2012.10.25 08:26:35.261,1.49539,1.49561,1.50,1.88
2012.10.25 08:26:36.661,1.49539,1.49561,1.50,1.88
2012.10.25 08:26:36.943,1.49539,1.49561,1.50,1.88
2012.10.25 08:26:38.142,1.49539,1.49561,1.50,1.88
2012.10.25 08:26:38.610,1.49544,1.49561,1.50,1.88
2012.10.25 08:26:39.127,1.49544,1.49561,1.50,1.88
2012.10.25 08:26:41.681,1.49544,1.49564,1.50,1.88
2012.10.25 08:26:42.250,1.49544,1.49564,1.50,1.50
2012.10.25 08:26:42.721,1.49544,1.49564,1.50,2.25
2012.10.25 08:26:42.793,1.49544,1.49564,1.50,2.63
2012.10.25 08:26:43.232,1.49534,1.4956,3.00,2.25
2012.10.25 08:26:44.161,1.49541,1.4956,1.50,1.50
2012.10.25 08:26:44.572,1.49542,1.49568,1.50,3.23
2012.10.25 08:26:45.072,1.49544,1.49568,1.50,3.60
2012.10.25 08:26:45.606,1.49542,1.49568,1.13,2.85
2012.10.25 08:26:45.674,1.49542,1.49568,1.13,2.85
2012.10.25 08:26:46.181,1.49548,1.49568,1.50,2.25
2012.10.25 08:26:47.000,1.49544,1.49568,1.50,3.23
2012.10.25 08:26:47.302,1.49551,1.49574,1.13,1.57
2012.10.25 08:26:47.371,1.49551,1.49575,1.13,3.83
2012.10.25 08:26:47.621,1.49547,1.49567,1.50,1.35
2012.10.25 08:26:48.141,1.49539,1.49564,2.25,1.50
2012.10.25 08:26:48.691,1.49543,1.49567,1.50,2.63
2012.10.25 08:26:48.880,1.49543,1.49567,1.50,1.88
2012.10.25 08:26:49.381,1.49544,1.49569,1.50,1.35
2012.10.25 08:26:49.950,1.49551,1.49575,1.13,1.88
2012.10.25 08:26:50.011,1.49551,1.49577,1.13,3.00
2012.10.25 08:26:50.691,1.49552,1.49578,1.50,1.50
2012.10.25 08:26:51.029,1.49554,1.49579,1.50,3.23
2012.10.25 08:26:51.391,1.49559,1.49579,1.50,1.73
2012.10.25 08:26:51.880,1.49563,1.49585,1.50,1.13
2012.10.25 08:26:53.662,1.49563,1.49585,2.25,1.13
2012.10.25 08:26:53.792,1.49568,1.49592,1.50,1.73
2012.10.25 08:26:53.938,1.49568,1.49594,1.50,4.50
2012.10.25 08:26:54.081,1.49568,1.49594,1.50,3.38
2012.10.25 08:26:54.263,1.49568,1.49591,1.50,1.50
2012.10.25 08:26:54.766,1.49568,1.49591,1.50,1.50
2012.10.25 08:26:55.130,1.49569,1.49591,1.50,1.50
2012.10.25 08:26:55.930,1.49569,1.49594,1.50,1.13
2012.10.25 08:26:56.190,1.49569,1.49594,1.50,1.88
2012.10.25 08:26:56.523,1.49569,1.49594,1.50,1.13
2012.10.25 08:26:56.744,1.49569,1.49594,1.50,1.88
2012.10.25 08:27:00.446,1.49568,1.49585,1.50,1.13
2012.10.25 08:27:01.154,1.49568,1.49586,1.50,1.13
2012.10.25 08:27:01.882,1.49564,1.49587,2.25,1.13
2012.10.25 08:27:03.004,1.49564,1.4959,2.25,2.10
2012.10.25 08:27:03.311,1.49568,1.49593,1.50,4.13
2012.10.25 08:27:03.561,1.49568,1.4959,3.00,1.13
2012.10.25 08:27:04.993,1.49569,1.49591,1.50,1.13
2012.10.25 08:27:06.882,1.49569,1.49592,1.50,3.23
2012.10.25 08:27:07.486,1.49569,1.49592,1.50,3.60
2012.10.25 08:27:07.781,1.49569,1.49592,1.50,1.50
2012.10.25 08:27:08.125,1.49576,1.49592,1.13,1.50
2012.10.25 08:27:08.613,1.49578,1.49591,1.13,2.48
2012.10.25 08:27:08.825,1.49572,1.49591,1.13,3.23
2012.10.25 08:27:10.420,1.49572,1.4959,1.50,1.73
2012.10.25 08:27:10.481,1.49574,1.49592,2.63,1.13
2012.10.25 08:27:10.612,1.49574,1.49599,3.38,1.73
2012.10.25 08:27:10.801,1.49578,1.49602,1.50,1.73
2012.10.25 08:27:10.930,1.49577,1.49599,1.50,2.25
2012.10.25 08:27:11.052,1.49577,1.49598,1.50,1.73
2012.10.25 08:27:11.571,1.49574,1.49596,1.13,2.48
2012.10.25 08:27:12.480,1.49569,1.49594,1.50,1.35
2012.10.25 08:27:12.671,1.49574,1.49595,1.50,1.13
2012.10.25 08:27:12.888,1.49573,1.49596,2.25,1.73
2012.10.25 08:27:13.022,1.49573,1.49596,2.25,1.73
2012.10.25 08:27:13.464,1.49571,1.49594,1.50,1.35
2012.10.25 08:27:14.150,1.49572,1.49594,1.50,1.13
2012.10.25 08:27:14.651,1.49572,1.49595,1.50,2.25
2012.10.25 08:27:14.722,1.49572,1.49596,1.50,1.50
2012.10.25 08:27:15.491,1.49572,1.49597,1.50,1.58
2012.10.25 08:27:18.931,1.49569,1.49592,1.88,1.50
2012.10.25 08:27:19.001,1.49569,1.49594,3.38,1.50
2012.10.25 08:27:21.461,1.49569,1.49593,1.88,1.50
2012.10.25 08:27:21.532,1.49569,1.49591,1.88,1.50
2012.10.25 08:27:21.601,1.49569,1.49594,1.88,1.20
2012.10.25 08:27:24.452,1.49574,1.49596,1.50,1.58
2012.10.25 08:27:24.642,1.49578,1.49597,1.50,1.50
2012.10.25 08:27:24.902,1.49573,1.49599,2.25,1.32
2012.10.25 08:27:25.033,1.49574,1.49596,1.50,1.50
2012.10.25 08:27:25.885,1.49574,1.49596,1.50,2.48
2012.10.25 08:27:26.201,1.49564,1.49591,1.69,1.35
2012.10.25 08:27:27.390,1.49568,1.49587,1.50,1.13
2012.10.25 08:27:27.881,1.49562,1.49588,2.25,1.88
2012.10.25 08:27:28.297,1.49568,1.4959,1.50,1.50
2012.10.25 08:27:28.650,1.49568,1.4959,1.50,1.13
2012.10.25 08:27:28.771,1.49568,1.49591,1.50,2.25
2012.10.25 08:27:30.931,1.49568,1.49593,1.73,2.48
2012.10.25 08:27:31.771,1.49569,1.4959,1.50,1.13
2012.10.25 08:27:32.190,1.49568,1.49587,1.50,1.35
2012.10.25 08:27:32.731,1.49564,1.49586,1.50,1.58
2012.10.25 08:27:35.831,1.49564,1.49586,1.50,1.95
2012.10.25 08:27:39.795,1.49561,1.49586,1.50,3.23
2012.10.25 08:27:39.982,1.49563,1.49586,1.73,1.88
2012.10.25 08:27:42.482,1.49563,1.49586,2.25,2.25
2012.10.25 08:27:43.338,1.49566,1.4959,1.13,2.48
2012.10.25 08:27:43.409,1.49566,1.49586,1.13,1.50
2012.10.25 08:27:43.476,1.49566,1.49589,1.13,3.00
2012.10.25 08:27:43.811,1.49566,1.49583,1.13,1.50
2012.10.25 08:27:43.881,1.49566,1.49587,1.13,1.50
2012.10.25 08:27:44.081,1.49566,1.49582,1.13,1.50
2012.10.25 08:27:44.578,1.49564,1.49588,2.25,2.25
2012.10.25 08:27:46.240,1.49564,1.49588,1.73,1.50
2012.10.25 08:27:46.641,1.49564,1.49588,1.73,1.50
2012.10.25 08:27:47.152,1.49563,1.49588,2.25,1.88
2012.10.25 08:27:47.403,1.4956,1.49584,1.50,2.48
2012.10.25 08:27:47.471,1.49556,1.49583,2.25,1.73
2012.10.25 08:27:47.542,1.49559,1.49583,1.50,1.50
2012.10.25 08:27:47.732,1.49559,1.49583,1.50,1.50
2012.10.25 08:27:48.082,1.49559,1.49584,1.50,2.25
2012.10.25 08:27:48.536,1.49559,1.49584,1.50,2.48
2012.10.25 08:27:49.461,1.49559,1.49584,1.50,2.48
2012.10.25 08:27:52.591,1.49559,1.49584,1.50,2.48
2012.10.25 08:27:55.153,1.49558,1.49586,1.73,1.13
2012.10.25 08:27:58.112,1.49559,1.49578,1.73,1.50
2012.10.25 08:27:58.361,1.49556,1.49574,1.50,1.50
2012.10.25 08:27:58.723,1.49551,1.49571,2.67,1.13
2012.10.25 08:27:58.790,1.49551,1.49571,2.44,1.13
2012.10.25 08:27:58.911,1.49551,1.49573,2.44,1.13
2012.10.25 08:27:58.998,1.49551,1.49571,2.44,1.13
2012.10.25 08:28:00.192,1.49551,1.49574,2.25,1.13
2012.10.25 08:28:00.661,1.49551,1.49577,2.48,1.13
2012.10.25 08:28:01.201,1.49553,1.49579,1.73,1.50
2012.10.25 08:28:01.721,1.49554,1.4958,1.73,1.88
2012.10.25 08:28:01.910,1.49551,1.49568,2.48,1.13
2012.10.25 08:28:02.091,1.49547,1.49568,1.95,2.25
2012.10.25 08:28:02.161,1.49547,1.49568,1.20,2.25
2012.10.25 08:28:02.231,1.49548,1.49568,1.50,1.50
2012.10.25 08:28:02.351,1.49548,1.49568,1.73,1.50
2012.10.25 08:28:03.482,1.49551,1.49577,1.50,1.50
2012.10.25 08:28:03.822,1.49551,1.49577,1.50,1.13
2012.10.25 08:28:04.066,1.4955,1.49576,2.63,1.13
2012.10.25 08:28:04.372,1.4955,1.49572,1.50,1.50
2012.10.25 08:28:04.440,1.49547,1.49572,2.25,1.50
2012.10.25 08:28:05.189,1.49552,1.49576,1.13,2.70
2012.10.25 08:28:05.431,1.49551,1.49576,1.13,3.45
2012.10.25 08:28:05.501,1.49551,1.49576,1.13,2.70
2012.10.25 08:28:06.167,1.49551,1.49575,1.13,1.50
2012.10.25 08:28:07.372,1.49549,1.49574,1.13,2.25
2012.10.25 08:28:07.515,1.49544,1.49566,1.50,1.35
2012.10.25 08:28:07.769,1.49551,1.49569,1.35,1.13
2012.10.25 08:28:08.200,1.49551,1.49579,1.35,3.19
2012.10.25 08:28:08.388,1.49551,1.49578,1.13,1.17
2012.10.25 08:28:09.016,1.49551,1.49575,1.13,1.50
2012.10.25 08:28:09.140,1.49549,1.49575,1.13,1.88
2012.10.25 08:28:11.169,1.49547,1.4957,1.50,1.13
2012.10.25 08:28:12.051,1.49549,1.49573,1.50,2.48
2012.10.25 08:28:16.711,1.49549,1.49573,1.50,2.48
2012.10.25 08:28:17.091,1.49546,1.49566,2.25,1.73
2012.10.25 08:28:17.281,1.49549,1.49567,1.50,1.50
2012.10.25 08:28:17.342,1.49541,1.49566,1.50,1.73
2012.10.25 08:28:17.960,1.49543,1.49566,2.25,2.25
2012.10.25 08:28:18.271,1.49543,1.49566,2.25,2.25
2012.10.25 08:28:19.131,1.49544,1.49566,1.50,2.25
2012.10.25 08:28:23.101,1.49544,1.49572,2.10,3.94
2012.10.25 08:28:23.170,1.49544,1.49572,2.10,3.94
2012.10.25 08:28:23.229,1.49544,1.49572,2.10,3.98
2012.10.25 08:28:23.402,1.49544,1.49572,2.10,3.98
2012.10.25 08:28:23.662,1.49549,1.49572,1.73,3.98
2012.10.25 08:28:24.631,1.49553,1.49572,1.50,1.73
2012.10.25 08:28:24.692,1.4955,1.49572,2.48,1.35
2012.10.25 08:28:24.762,1.49554,1.49574,1.50,1.35
2012.10.25 08:28:24.830,1.49554,1.49578,1.50,2.33
2012.10.25 08:28:24.889,1.49553,1.4958,1.73,2.25
2012.10.25 08:28:25.130,1.49549,1.49577,2.48,2.25
2012.10.25 08:28:25.969,1.49549,1.49577,2.48,2.25
2012.10.25 08:28:26.090,1.4955,1.49577,1.73,2.25
2012.10.25 08:28:26.690,1.49549,1.49575,1.73,1.50
2012.10.25 08:28:26.992,1.49547,1.49573,1.73,3.23
2012.10.25 08:28:27.060,1.49547,1.49573,1.73,3.23
2012.10.25 08:28:27.651,1.49549,1.49573,1.35,1.13
2012.10.25 08:28:29.941,1.49554,1.49578,1.13,1.32
2012.10.25 08:28:30.070,1.49554,1.49578,1.73,1.69
2012.10.25 08:28:30.261,1.49554,1.49578,3.23,1.50
2012.10.25 08:28:30.991,1.49554,1.49579,3.23,1.50
2012.10.25 08:28:31.542,1.49551,1.49577,1.13,1.50
2012.10.25 08:28:31.611,1.49551,1.49579,1.88,3.00
2012.10.25 08:28:31.790,1.49551,1.49579,1.50,3.00
2012.10.25 08:28:31.909,1.49551,1.49579,1.50,3.00
2012.10.25 08:28:31.988,1.4955,1.49579,1.35,3.00
2012.10.25 08:28:32.781,1.4955,1.49579,1.35,3.00
2012.10.25 08:28:33.250,1.49549,1.49576,1.35,1.50
2012.10.25 08:28:34.544,1.49552,1.49576,2.48,1.13
2012.10.25 08:28:34.800,1.49552,1.49576,1.73,1.13
2012.10.25 08:28:36.054,1.49552,1.49575,1.73,1.13
2012.10.25 08:28:37.757,1.4955,1.49575,1.73,1.13
2012.10.25 08:28:37.898,1.4955,1.49577,3.60,1.88
2012.10.25 08:28:38.034,1.4955,1.49576,3.60,1.50
2012.10.25 08:28:38.282,1.4955,1.49577,3.60,1.50
2012.10.25 08:28:39.770,1.4955,1.49577,2.85,1.50
2012.10.25 08:28:40.071,1.49558,1.4958,1.73,1.35
2012.10.25 08:28:40.131,1.4956,1.49582,1.73,1.73
2012.10.25 08:28:40.191,1.49559,1.4958,3.23,1.35
2012.10.25 08:28:40.380,1.49556,1.4958,2.25,1.13
2012.10.25 08:28:40.741,1.49555,1.4958,1.73,2.25
2012.10.25 08:28:41.240,1.49557,1.49582,2.25,2.10
2012.10.25 08:28:41.489,1.49557,1.49582,2.25,2.63
2012.10.25 08:28:41.800,1.49552,1.49582,2.10,4.35
2012.10.25 08:28:42.352,1.49551,1.49579,2.85,1.13
2012.10.25 08:28:43.162,1.49551,1.49579,2.85,1.13
2012.10.25 08:28:43.410,1.49551,1.49579,2.85,1.13
2012.10.25 08:28:43.501,1.49551,1.49579,2.85,1.13
2012.10.25 08:28:44.025,1.49551,1.49576,2.85,1.13
2012.10.25 08:28:44.092,1.49551,1.49575,1.13,1.73
2012.10.25 08:28:44.161,1.49549,1.49569,1.35,1.13
2012.10.25 08:28:44.402,1.49546,1.49569,1.39,2.25
2012.10.25 08:28:44.602,1.49546,1.49567,1.39,1.13
2012.10.25 08:28:45.152,1.49549,1.49568,1.73,1.35
2012.10.25 08:28:45.707,1.49544,1.49572,1.73,1.73
2012.10.25 08:28:46.266,1.49544,1.4957,1.73,1.73
2012.10.25 08:28:46.862,1.49543,1.4957,3.23,1.50
2012.10.25 08:28:53.321,1.49554,1.49574,1.13,2.63
2012.10.25 08:28:53.871,1.49552,1.49578,1.50,1.50
2012.10.25 08:28:54.451,1.4955,1.49577,1.50,2.10
2012.10.25 08:28:54.581,1.49547,1.49574,1.13,2.25
2012.10.25 08:28:54.652,1.49545,1.49574,3.19,2.25
2012.10.25 08:28:56.331,1.49549,1.49574,1.50,1.50
2012.10.25 08:28:56.656,1.49552,1.49575,1.50,1.13
2012.10.25 08:28:56.724,1.49561,1.49581,1.13,1.73
2012.10.25 08:28:56.925,1.49562,1.49584,1.50,1.73
2012.10.25 08:28:57.431,1.49557,1.49582,1.13,2.48
2012.10.25 08:28:58.420,1.49553,1.4958,2.25,1.35
2012.10.25 08:29:00.741,1.49552,1.49579,1.13,3.00
2012.10.25 08:29:01.053,1.49548,1.49576,2.63,3.38
2012.10.25 08:29:01.121,1.49548,1.49572,2.25,1.13
2012.10.25 08:29:01.254,1.49544,1.49571,2.25,2.25
2012.10.25 08:29:01.381,1.49544,1.49571,2.25,1.50
2012.10.25 08:29:03.142,1.49544,1.49569,1.50,1.88
2012.10.25 08:29:03.675,1.4954,1.49566,1.50,2.25
2012.10.25 08:29:04.236,1.49539,1.49566,2.22,2.25
2012.10.25 08:29:05.650,1.49541,1.49566,1.50,1.50
2012.10.25 08:29:06.150,1.49545,1.49569,1.13,1.13
2012.10.25 08:29:06.340,1.49551,1.49576,1.13,1.73
2012.10.25 08:29:06.528,1.49551,1.49578,1.13,3.19
2012.10.25 08:29:07.050,1.49551,1.49578,1.13,3.19
2012.10.25 08:29:07.170,1.49551,1.49577,1.13,1.69
2012.10.25 08:29:11.625,1.49549,1.49575,2.25,2.25
2012.10.25 08:29:14.706,1.49551,1.49577,1.13,1.73
2012.10.25 08:29:14.830,1.49549,1.49577,3.00,1.73
2012.10.25 08:29:14.951,1.49547,1.49573,2.63,2.25
2012.10.25 08:29:15.021,1.49546,1.49573,1.50,2.25
2012.10.25 08:29:15.220,1.49545,1.49573,1.88,2.25
2012.10.25 08:29:15.530,1.49544,1.4957,2.63,2.25
2012.10.25 08:29:16.410,1.49544,1.4957,2.25,2.25
2012.10.25 08:29:17.605,1.49544,1.4957,1.50,1.50
2012.10.25 08:29:17.671,1.49544,1.4957,1.88,1.50
2012.10.25 08:29:18.051,1.49545,1.49576,2.25,3.38
2012.10.25 08:29:19.350,1.49547,1.49576,1.13,3.38
2012.10.25 08:29:19.470,1.49545,1.49576,3.00,3.38
2012.10.25 08:29:20.083,1.49545,1.49576,2.63,3.38
2012.10.25 08:29:20.224,1.49549,1.49575,1.50,1.13
2012.10.25 08:29:21.430,1.49549,1.49575,2.25,1.13
2012.10.25 08:29:21.671,1.49549,1.49575,1.50,1.13
2012.10.25 08:29:23.150,1.49549,1.49579,2.25,3.00
2012.10.25 08:29:23.271,1.49555,1.49579,1.50,3.00
2012.10.25 08:29:24.133,1.49555,1.49578,1.88,1.13
2012.10.25 08:29:24.440,1.4956,1.49585,1.50,1.32
2012.10.25 08:29:24.992,1.49556,1.49585,2.25,2.44
2012.10.25 08:29:25.480,1.49556,1.49585,2.25,2.25
2012.10.25 08:29:25.882,1.49559,1.49585,1.13,2.25
2012.10.25 08:29:26.200,1.49564,1.49592,2.25,1.35
2012.10.25 08:29:26.260,1.49564,1.49594,2.25,4.73
2012.10.25 08:29:26.902,1.49564,1.49593,2.25,1.13
2012.10.25 08:29:29.122,1.49564,1.49591,3.00,1.13
2012.10.25 08:29:30.552,1.49564,1.49591,3.00,1.13
2012.10.25 08:29:32.866,1.49564,1.49592,3.00,3.00
2012.10.25 08:29:33.224,1.49559,1.4958,1.32,2.25
2012.10.25 08:29:33.351,1.49556,1.49584,1.32,1.35
2012.10.25 08:29:33.999,1.49555,1.49584,2.07,1.35
2012.10.25 08:29:35.649,1.49555,1.49585,2.25,1.73
2012.10.25 08:29:35.952,1.49555,1.49585,2.25,1.73
2012.10.25 08:29:36.931,1.49557,1.49586,1.50,2.48
2012.10.25 08:29:37.003,1.4956,1.49586,1.13,2.25
2012.10.25 08:29:37.381,1.4957,1.4959,2.25,2.63
2012.10.25 08:29:37.681,1.4957,1.4959,2.63,2.25
2012.10.25 08:29:37.921,1.49575,1.49595,1.13,1.50
2012.10.25 08:29:38.052,1.49577,1.49597,1.50,1.13
2012.10.25 08:29:38.122,1.49575,1.49599,1.13,1.50
2012.10.25 08:29:38.257,1.49575,1.49597,1.13,1.50
2012.10.25 08:29:38.325,1.49571,1.49594,2.25,1.13
2012.10.25 08:29:38.514,1.4957,1.49593,3.75,1.50
2012.10.25 08:29:38.842,1.4957,1.49595,1.88,1.88
2012.10.25 08:29:39.391,1.49569,1.49595,1.88,1.88
2012.10.25 08:29:39.644,1.49563,1.4959,3.00,2.25
2012.10.25 08:29:39.782,1.49563,1.49583,1.50,1.50
2012.10.25 08:29:39.983,1.49556,1.49582,1.50,1.88
2012.10.25 08:29:40.121,1.49556,1.49581,1.50,1.13
2012.10.25 08:29:40.481,1.49549,1.49577,1.50,1.50
2012.10.25 08:29:40.602,1.49546,1.49575,2.25,2.25
2012.10.25 08:29:41.081,1.4955,1.49577,1.50,2.25
2012.10.25 08:29:41.201,1.49547,1.49576,2.25,2.25
2012.10.25 08:29:41.402,1.49545,1.49576,3.45,2.25
2012.10.25 08:29:41.651,1.49543,1.49571,1.50,2.25
2012.10.25 08:29:41.980,1.4954,1.49571,2.44,2.25
2012.10.25 08:29:42.160,1.49541,1.49571,1.50,2.25
2012.10.25 08:29:42.595,1.4954,1.49571,2.44,2.25
2012.10.25 08:29:42.662,1.4954,1.49571,1.69,4.13
2012.10.25 08:29:42.971,1.49539,1.49566,1.50,2.25
2012.10.25 08:29:43.254,1.49543,1.49571,1.50,1.69
2012.10.25 08:29:43.781,1.49546,1.49571,1.13,1.69
2012.10.25 08:29:45.191,1.49546,1.49573,1.13,1.50
2012.10.25 08:29:45.691,1.49546,1.49583,1.13,2.85
2012.10.25 08:29:45.753,1.49546,1.49583,1.13,3.60
2012.10.25 08:29:46.022,1.49546,1.49578,1.13,1.50
2012.10.25 08:29:46.654,1.49542,1.49579,1.88,1.50
2012.10.25 08:29:46.941,1.49542,1.49573,1.13,1.50
2012.10.25 08:29:47.121,1.49542,1.49575,1.13,1.69
2012.10.25 08:29:47.491,1.49543,1.49581,1.50,2.82
2012.10.25 08:29:47.556,1.49543,1.49579,1.50,1.69
2012.10.25 08:29:47.680,1.49543,1.49581,1.50,2.82
2012.10.25 08:29:48.280,1.49543,1.49584,1.50,1.50
2012.10.25 08:29:49.852,1.49543,1.49585,1.50,1.50
2012.10.25 08:29:49.921,1.49543,1.49585,1.50,1.50
2012.10.25 08:29:50.064,1.49542,1.49585,1.50,1.50
2012.10.25 08:29:50.371,1.49555,1.49621,1.50,1.73
2012.10.25 08:29:50.502,1.49555,1.49626,1.50,1.35
2012.10.25 08:29:50.572,1.49562,1.49617,1.50,1.73
2012.10.25 08:29:50.640,1.49559,1.49615,1.50,1.73
2012.10.25 08:29:50.761,1.49561,1.49615,1.50,1.73
2012.10.25 08:29:51.000,1.49561,1.49615,1.50,1.73
2012.10.25 08:29:51.240,1.4956,1.49636,1.50,1.35
2012.10.25 08:29:51.300,1.49558,1.49606,1.50,1.50
2012.10.25 08:29:51.360,1.49558,1.49606,1.50,1.50
2012.10.25 08:29:51.760,1.49559,1.49604,1.50,1.50
2012.10.25 08:29:51.940,1.49552,1.49622,1.50,1.73
2012.10.25 08:29:52.000,1.49543,1.49624,1.50,1.73
2012.10.25 08:29:52.181,1.49543,1.49624,1.50,1.73
2012.10.25 08:29:52.250,1.49558,1.49624,1.50,1.73
2012.10.25 08:29:52.431,1.49558,1.49639,1.50,1.73
2012.10.25 08:29:52.670,1.49562,1.49639,1.50,1.73
2012.10.25 08:29:53.420,1.49558,1.49641,1.50,2.48
2012.10.25 08:29:54.251,1.49562,1.49645,1.50,1.73
2012.10.25 08:29:54.372,1.49564,1.49645,1.50,1.73
2012.10.25 08:29:54.621,1.49556,1.49645,1.50,1.73
2012.10.25 08:29:54.740,1.49557,1.49636,1.50,1.73
2012.10.25 08:29:55.034,1.49557,1.49636,1.50,1.73
2012.10.25 08:29:56.103,1.49551,1.49636,1.50,1.73
2012.10.25 08:29:56.242,1.49551,1.49634,1.50,1.35
2012.10.25 08:29:56.857,1.49546,1.49629,1.50,1.35
2012.10.25 08:29:56.982,1.49551,1.49629,1.50,1.35
2012.10.25 08:29:57.431,1.49546,1.49639,1.50,1.73
2012.10.25 08:29:57.837,1.49541,1.4964,2.25,1.73
2012.10.25 08:29:58.487,1.49547,1.4964,1.50,1.73
2012.10.25 08:29:59.402,1.49542,1.4964,1.50,1.73
2012.10.25 08:30:00.171,1.49546,1.4964,1.50,1.73
2012.10.25 08:30:00.293,1.49541,1.4964,2.25,1.73
2012.10.25 08:30:00.364,1.49541,1.49642,1.50,1.35
2012.10.25 08:30:00.490,1.49578,1.49706,1.13,1.50
2012.10.25 08:30:00.789,1.49762,1.49853,1.50,1.50
2012.10.25 08:30:00.912,1.49763,1.49889,1.28,1.50
2012.10.25 08:30:01.285,1.49761,1.49844,1.13,0.75
2012.10.25 08:30:01.473,1.49782,1.49893,2.25,1.13
2012.10.25 08:30:01.600,1.49812,1.49886,2.25,2.10
2012.10.25 08:30:01.723,1.49812,1.49886,2.25,2.10
2012.10.25 08:30:01.850,1.49812,1.49886,2.25,2.10
2012.10.25 08:30:02.054,1.4981,1.49886,1.13,2.10
2012.10.25 08:30:02.305,1.49811,1.49886,2.25,1.13
2012.10.25 08:30:02.373,1.49811,1.49886,2.25,1.88
2012.10.25 08:30:02.535,1.49811,1.49883,2.25,1.50
2012.10.25 08:30:02.800,1.49811,1.49898,2.25,1.73
2012.10.25 08:30:03.014,1.49815,1.49899,1.13,1.73
2012.10.25 08:30:03.466,1.49816,1.49899,1.50,1.58
2012.10.25 08:30:04.518,1.49807,1.49889,1.50,1.73
2012.10.25 08:30:04.667,1.49808,1.49887,1.28,1.35
2012.10.25 08:30:04.735,1.49808,1.49882,1.65,1.35
2012.10.25 08:30:05.070,1.49791,1.49868,1.58,1.13
2012.10.25 08:30:05.374,1.49796,1.49854,1.28,1.13
2012.10.25 08:30:05.682,1.49803,1.49855,1.13,1.13
2012.10.25 08:30:05.933,1.49791,1.49849,1.50,1.13
2012.10.25 08:30:06.062,1.49791,1.49849,2.25,1.13
2012.10.25 08:30:06.132,1.49793,1.49852,1.13,1.41
2012.10.25 08:30:06.575,1.49807,1.49863,1.50,1.73
2012.10.25 08:30:06.644,1.49807,1.49864,1.50,1.35
2012.10.25 08:30:06.711,1.49811,1.49868,1.13,1.50
2012.10.25 08:30:07.145,1.49814,1.49872,1.13,1.13
2012.10.25 08:30:07.212,1.49814,1.49872,1.13,1.13
2012.10.25 08:30:07.522,1.49812,1.49869,1.13,1.41
2012.10.25 08:30:07.593,1.49817,1.49872,1.13,1.35
2012.10.25 08:30:07.732,1.49817,1.49872,1.13,1.35
2012.10.25 08:30:07.802,1.49813,1.49868,1.13,1.41
2012.10.25 08:30:08.052,1.49819,1.49872,1.50,1.41
2012.10.25 08:30:08.123,1.49819,1.49866,1.50,1.41
2012.10.25 08:30:08.191,1.49812,1.49863,1.88,1.50
2012.10.25 08:30:08.444,1.49816,1.49874,1.13,1.35
2012.10.25 08:30:08.642,1.49822,1.49874,1.50,1.13
2012.10.25 08:30:08.711,1.49816,1.49874,1.88,1.13
2012.10.25 08:30:08.782,1.49822,1.49875,1.50,2.25
2012.10.25 08:30:08.851,1.49816,1.49874,1.13,1.13
2012.10.25 08:30:09.033,1.49832,1.49875,1.50,1.50
2012.10.25 08:30:09.163,1.49831,1.49886,2.25,1.50
2012.10.25 08:30:09.372,1.49823,1.49879,1.13,1.50
2012.10.25 08:30:09.444,1.49827,1.49883,1.41,1.50
2012.10.25 08:30:09.714,1.49829,1.49889,1.50,1.73
2012.10.25 08:30:10.043,1.49832,1.49892,1.13,1.50
2012.10.25 08:30:10.381,1.49837,1.499,1.13,1.41
2012.10.25 08:30:10.998,1.4987,1.49906,2.25,1.13
2012.10.25 08:30:11.140,1.4987,1.4991,1.50,1.73
2012.10.25 08:30:11.215,1.49862,1.49904,1.50,1.50
2012.10.25 08:30:11.296,1.49866,1.49904,1.50,2.25
2012.10.25 08:30:11.644,1.49871,1.4991,2.25,1.73
2012.10.25 08:30:11.933,1.49876,1.49914,1.50,2.25
2012.10.25 08:30:12.222,1.49888,1.49918,1.50,5.29
2012.10.25 08:30:12.297,1.49889,1.49921,2.25,2.25
2012.10.25 08:30:12.434,1.49889,1.49924,2.25,2.48
2012.10.25 08:30:12.509,1.4989,1.49924,1.50,1.50
2012.10.25 08:30:12.653,1.49891,1.49925,2.25,2.16
2012.10.25 08:30:12.982,1.49891,1.49915,2.25,1.50
2012.10.25 08:30:13.113,1.49891,1.49915,3.00,1.50
2012.10.25 08:30:13.182,1.49891,1.49919,2.25,1.13
2012.10.25 08:30:13.253,1.49887,1.49924,2.25,1.41
2012.10.25 08:30:13.323,1.49887,1.49924,2.25,1.03
2012.10.25 08:30:13.513,1.49897,1.49937,1.13,2.25
2012.10.25 08:30:13.586,1.49902,1.49931,1.13,1.13
2012.10.25 08:30:13.652,1.49913,1.49931,1.50,1.13
2012.10.25 08:30:13.795,1.49903,1.49931,3.00,1.13
2012.10.25 08:30:13.865,1.49903,1.49931,3.00,1.13
2012.10.25 08:30:14.331,1.49916,1.49939,1.50,2.82
2012.10.25 08:30:14.538,1.49917,1.49942,1.50,3.26
2012.10.25 08:30:14.604,1.49916,1.49938,2.25,2.63
2012.10.25 08:30:14.955,1.49907,1.49926,1.50,1.41
2012.10.25 08:30:15.025,1.49907,1.49936,1.50,1.35
2012.10.25 08:30:15.092,1.49907,1.49936,1.13,2.10
2012.10.25 08:30:15.163,1.49907,1.49935,1.13,1.35
2012.10.25 08:30:15.361,1.49914,1.49948,3.00,1.28
2012.10.25 08:30:15.504,1.49912,1.49942,1.50,1.41
2012.10.25 08:30:15.833,1.4992,1.49951,2.25,2.10
2012.10.25 08:30:15.902,1.4992,1.49944,1.50,2.25
2012.10.25 08:30:16.037,1.49915,1.49941,2.25,1.13
2012.10.25 08:30:16.174,1.49912,1.49925,2.25,2.25
2012.10.25 08:30:16.243,1.49906,1.49925,2.25,2.25
2012.10.25 08:30:16.315,1.49903,1.49925,1.13,2.25
2012.10.25 08:30:16.453,1.49903,1.49928,1.88,1.13
2012.10.25 08:30:16.595,1.49904,1.49927,1.50,1.88
2012.10.25 08:30:16.668,1.49909,1.49927,1.50,2.25
2012.10.25 08:30:16.739,1.49909,1.49927,2.25,2.25
2012.10.25 08:30:17.168,1.49915,1.49938,1.13,1.63
2012.10.25 08:30:17.681,1.49916,1.49945,2.25,1.50
2012.10.25 08:30:17.756,1.49916,1.49943,2.25,1.13
2012.10.25 08:30:17.886,1.49916,1.49946,2.25,1.13
2012.10.25 08:30:18.273,1.49923,1.49949,1.50,1.69
2012.10.25 08:30:18.625,1.49925,1.49951,2.25,2.25
2012.10.25 08:30:18.822,1.49923,1.49957,1.13,1.35
2012.10.25 08:30:19.033,1.49923,1.49957,1.13,1.35
2012.10.25 08:30:19.385,1.4992,1.49942,1.13,1.41
2012.10.25 08:30:19.512,1.49917,1.49944,1.35,2.93
2012.10.25 08:30:19.645,1.49918,1.49944,1.50,2.93
2012.10.25 08:30:19.916,1.49917,1.49944,2.29,2.18
2012.10.25 08:30:20.043,1.49918,1.49944,1.13,2.18
2012.10.25 08:30:20.372,1.4993,1.49951,1.13,1.50
2012.10.25 08:30:20.623,1.4993,1.49959,1.13,1.65
2012.10.25 08:30:20.693,1.4993,1.49954,1.13,1.13
2012.10.25 08:30:20.821,1.49925,1.49953,2.25,1.13
2012.10.25 08:30:21.141,1.4992,1.49953,1.08,1.13
2012.10.25 08:30:21.215,1.4992,1.49953,1.08,1.13
2012.10.25 08:30:21.702,1.49923,1.4995,3.00,1.35
2012.10.25 08:30:22.112,1.49926,1.49956,2.63,1.35
2012.10.25 08:30:22.435,1.49929,1.49937,1.50,1.50
2012.10.25 08:30:22.634,1.49907,1.49937,1.28,1.50
2012.10.25 08:30:22.704,1.49906,1.49936,2.25,1.43
2012.10.25 08:30:22.772,1.49906,1.49934,1.50,1.88
2012.10.25 08:30:23.121,1.49909,1.49932,1.13,1.50
2012.10.25 08:30:23.453,1.49902,1.4993,2.25,1.50
2012.10.25 08:30:23.593,1.49902,1.4993,2.25,1.50
2012.10.25 08:30:23.663,1.49902,1.4993,2.25,1.50
2012.10.25 08:30:23.934,1.49897,1.4993,3.19,1.50
2012.10.25 08:30:24.075,1.49895,1.49927,3.57,1.73
2012.10.25 08:30:24.563,1.49901,1.49931,2.25,1.73
2012.10.25 08:30:24.765,1.49906,1.49931,1.08,1.73
2012.10.25 08:30:24.905,1.4991,1.49934,1.13,1.35
2012.10.25 08:30:25.382,1.49912,1.49933,1.50,2.48
2012.10.25 08:30:25.523,1.49907,1.49931,1.13,1.35
2012.10.25 08:30:25.670,1.49906,1.49921,1.13,2.25
2012.10.25 08:30:25.805,1.49902,1.49922,1.13,1.32
2012.10.25 08:30:25.873,1.499,1.49925,1.08,1.32
2012.10.25 08:30:25.946,1.49906,1.49926,1.13,2.44
2012.10.25 08:30:26.084,1.49907,1.49927,1.50,1.13
2012.10.25 08:30:26.155,1.49899,1.49927,2.20,1.13
2012.10.25 08:30:26.497,1.49906,1.49926,1.13,1.13
2012.10.25 08:30:26.633,1.49909,1.49929,1.13,1.50
2012.10.25 08:30:26.972,1.49917,1.49938,1.13,2.03
2012.10.25 08:30:27.174,1.4992,1.49938,2.25,1.28
2012.10.25 08:30:27.245,1.49917,1.49938,1.13,1.28
2012.10.25 08:30:27.573,1.4993,1.49941,1.50,2.03
2012.10.25 08:30:27.716,1.49939,1.49959,2.25,1.35
2012.10.25 08:30:28.135,1.49935,1.4996,1.83,1.88
2012.10.25 08:30:28.346,1.49935,1.49957,2.20,2.18
2012.10.25 08:30:28.486,1.49936,1.49958,2.07,1.13
2012.10.25 08:30:28.558,1.49936,1.49958,2.07,1.13
2012.10.25 08:30:28.696,1.49942,1.49965,1.13,2.38
2012.10.25 08:30:28.766,1.49936,1.49964,3.19,1.35
2012.10.25 08:30:28.838,1.49936,1.49964,1.69,1.35
2012.10.25 08:30:29.182,1.49936,1.49963,1.50,1.41
2012.10.25 08:30:29.492,1.49928,1.49956,2.25,1.13
2012.10.25 08:30:29.682,1.49932,1.49959,2.25,1.13
2012.10.25 08:30:29.751,1.49932,1.49959,2.25,1.13
2012.10.25 08:30:30.254,1.49932,1.49958,3.38,1.50
2012.10.25 08:30:30.573,1.49956,1.49969,1.32,1.50
2012.10.25 08:30:30.905,1.49944,1.49971,1.32,1.50
2012.10.25 08:30:31.043,1.49941,1.49973,1.69,1.41
2012.10.25 08:30:31.115,1.49941,1.49963,1.13,2.25
2012.10.25 08:30:31.255,1.49937,1.49961,1.50,2.25
2012.10.25 08:30:31.326,1.49936,1.49959,1.50,2.25
2012.10.25 08:30:31.643,1.49927,1.49959,1.88,2.25
2012.10.25 08:30:32.422,1.4994,1.49964,1.13,2.25
2012.10.25 08:30:32.503,1.4994,1.49969,1.13,2.25
2012.10.25 08:30:32.572,1.4994,1.49968,1.13,1.50
2012.10.25 08:30:32.902,1.49946,1.49976,2.25,1.13
2012.10.25 08:30:33.202,1.49946,1.49975,2.25,2.25
2012.10.25 08:30:33.271,1.49944,1.49971,1.50,2.48
2012.10.25 08:30:33.613,1.49954,1.49971,1.13,1.69
2012.10.25 08:30:33.922,1.49954,1.4998,1.13,2.14
2012.10.25 08:30:34.435,1.49954,1.49984,1.13,1.20
2012.10.25 08:30:34.633,1.49958,1.49986,2.25,1.20
2012.10.25 08:30:35.173,1.49954,1.49984,2.63,1.20
2012.10.25 08:30:35.732,1.49954,1.49985,2.63,1.13
2012.10.25 08:30:36.892,1.49961,1.49986,1.13,1.13
2012.10.25 08:30:37.029,1.49969,1.49991,1.13,1.69
2012.10.25 08:30:37.575,1.49969,1.49997,1.13,1.32
2012.10.25 08:30:37.644,1.49968,1.49991,1.13,1.50
2012.10.25 08:30:37.715,1.49965,1.49984,2.25,2.63
2012.10.25 08:30:37.911,1.49953,1.4998,1.13,2.25
2012.10.25 08:30:37.982,1.49962,1.4998,1.13,1.88
2012.10.25 08:30:38.414,1.49962,1.49985,1.50,1.50
2012.10.25 08:30:38.482,1.49962,1.49981,1.50,1.50
2012.10.25 08:30:38.792,1.49962,1.49978,1.50,1.50
2012.10.25 08:30:39.103,1.49956,1.49979,1.62,2.25
2012.10.25 08:30:39.176,1.49949,1.49976,2.07,1.41
2012.10.25 08:30:39.636,1.49947,1.49973,1.50,2.25
2012.10.25 08:30:40.161,1.49952,1.49977,1.13,1.69
2012.10.25 08:30:40.422,1.49946,1.49966,1.88,2.25
2012.10.25 08:30:40.562,1.49944,1.49961,1.50,1.13
2012.10.25 08:30:40.631,1.4994,1.49961,1.88,1.13
2012.10.25 08:30:40.703,1.49939,1.49966,1.50,2.63
2012.10.25 08:30:40.772,1.49939,1.49966,1.50,1.50
2012.10.25 08:30:40.902,1.49937,1.49966,1.13,1.88
2012.10.25 08:30:40.972,1.49935,1.49961,3.33,1.50
2012.10.25 08:30:41.652,1.49931,1.49951,2.25,2.25
2012.10.25 08:30:41.727,1.49931,1.49951,2.25,2.25
2012.10.25 08:30:42.188,1.49931,1.49951,2.25,2.63
2012.10.25 08:30:42.466,1.49925,1.49951,1.13,4.88
2012.10.25 08:30:42.747,1.49926,1.49948,1.13,2.25
2012.10.25 08:30:43.093,1.49918,1.49946,3.00,2.82
2012.10.25 08:30:43.942,1.49914,1.49943,2.63,2.07
2012.10.25 08:30:44.212,1.49914,1.49943,2.25,2.44
2012.10.25 08:30:44.523,1.49914,1.49941,3.00,2.82
2012.10.25 08:30:45.171,1.49916,1.49941,1.50,3.57
2012.10.25 08:30:45.743,1.4991,1.49934,1.50,1.88
2012.10.25 08:30:45.872,1.4991,1.49934,1.50,1.88
2012.10.25 08:30:46.062,1.49912,1.49936,2.25,1.88
2012.10.25 08:30:46.192,1.4991,1.49936,1.50,2.63
2012.10.25 08:30:46.323,1.49914,1.49939,1.13,2.85
2012.10.25 08:30:46.872,1.49914,1.49941,1.13,1.50
2012.10.25 08:30:47.563,1.49921,1.49947,1.13,2.63
2012.10.25 08:30:47.633,1.49921,1.49944,1.13,1.41
2012.10.25 08:30:47.894,1.49921,1.49946,1.13,1.73
2012.10.25 08:30:47.962,1.49921,1.49947,1.13,2.10
2012.10.25 08:30:48.424,1.49945,1.49957,2.25,1.62
2012.10.25 08:30:48.496,1.49951,1.49957,1.13,3.12
2012.10.25 08:30:48.562,1.49946,1.49957,1.13,1.50
2012.10.25 08:30:48.695,1.49946,1.49951,1.32,1.50
2012.10.25 08:30:48.825,1.49939,1.4996,1.69,1.88
2012.10.25 08:30:49.034,1.49937,1.49962,2.25,1.32
2012.10.25 08:30:49.172,1.49934,1.49962,3.00,1.32
2012.10.25 08:30:49.501,1.49936,1.49962,2.25,2.03
2012.10.25 08:30:49.576,1.49936,1.49962,2.25,2.03
2012.10.25 08:30:49.646,1.49939,1.49966,2.25,1.17
2012.10.25 08:30:49.951,1.49939,1.49966,1.50,1.17
2012.10.25 08:30:50.081,1.49939,1.49966,2.25,1.17
2012.10.25 08:30:50.313,1.49939,1.4997,2.25,2.10
2012.10.25 08:30:51.029,1.49952,1.49973,1.13,1.32
2012.10.25 08:30:51.333,1.49961,1.49978,2.25,2.07
2012.10.25 08:30:51.404,1.49961,1.49985,2.25,1.13
2012.10.25 08:30:51.652,1.49956,1.49986,1.50,1.17
2012.10.25 08:30:51.724,1.49956,1.4999,1.73,2.44
2012.10.25 08:30:51.984,1.49959,1.4998,1.50,1.50
2012.10.25 08:30:52.054,1.49959,1.49986,1.50,2.44
2012.10.25 08:30:52.123,1.49959,1.49986,1.50,2.44
2012.10.25 08:30:52.786,1.49959,1.49988,3.38,1.54
2012.10.25 08:30:52.925,1.49959,1.4999,2.63,1.17
2012.10.25 08:30:53.134,1.49964,1.49992,2.25,1.69
2012.10.25 08:30:53.202,1.49964,1.49992,2.25,1.69
2012.10.25 08:30:53.461,1.49959,1.49991,1.13,1.17
2012.10.25 08:30:53.774,1.49959,1.49987,1.13,1.35
2012.10.25 08:30:53.842,1.49959,1.49987,1.13,1.35
2012.10.25 08:30:54.403,1.49958,1.49987,2.25,3.23
2012.10.25 08:30:55.042,1.49958,1.49987,2.25,2.29
2012.10.25 08:30:55.173,1.49961,1.49991,1.13,2.67
2012.10.25 08:30:55.242,1.49961,1.4999,1.13,1.47
2012.10.25 08:30:55.455,1.49961,1.49991,1.43,1.32
2012.10.25 08:30:55.713,1.49962,1.49992,2.55,1.35
2012.10.25 08:30:55.901,1.49964,1.49994,2.33,1.73
2012.10.25 08:30:56.413,1.49961,1.49992,1.73,2.25
2012.10.25 08:30:56.722,1.49959,1.49992,5.48,2.25
2012.10.25 08:30:57.955,1.49963,1.49995,2.78,3.23
2012.10.25 08:30:58.026,1.49963,1.49995,3.53,3.23
2012.10.25 08:30:59.129,1.49969,1.50001,3.38,2.44
2012.10.25 08:30:59.192,1.49969,1.5,3.38,1.32
2012.10.25 08:30:59.772,1.49968,1.49996,3.23,1.88
2012.10.25 08:31:00.314,1.49987,1.49996,1.50,1.50
2012.10.25 08:31:00.446,1.49997,1.50012,1.50,1.88
2012.10.25 08:31:00.514,1.49997,1.50011,1.50,1.35
2012.10.25 08:31:00.988,1.49987,1.50006,2.25,2.44
2012.10.25 08:31:01.275,1.49981,1.50005,2.25,1.92
2012.10.25 08:31:01.531,1.49985,1.50006,1.50,3.57
2012.10.25 08:31:01.602,1.49983,1.50006,1.50,3.57
2012.10.25 08:31:01.673,1.49981,1.50006,1.50,1.32
2012.10.25 08:31:02.184,1.49977,1.50005,1.88,1.63
2012.10.25 08:31:02.252,1.49977,1.5,1.88,1.41
2012.10.25 08:31:02.695,1.49979,1.50007,1.13,1.35
2012.10.25 08:31:02.885,1.49983,1.5001,2.58,1.58
2012.10.25 08:31:02.955,1.49986,1.5001,1.13,1.58
2012.10.25 08:31:03.142,1.49986,1.50012,2.63,1.20
2012.10.25 08:31:03.456,1.49982,1.50009,1.50,1.63
2012.10.25 08:31:03.762,1.49986,1.5001,1.13,1.73
2012.10.25 08:31:03.962,1.49986,1.50009,1.88,1.63
2012.10.25 08:31:04.152,1.49984,1.50009,1.83,2.01
2012.10.25 08:31:04.672,1.49987,1.50009,1.50,1.78
2012.10.25 08:31:04.863,1.49997,1.50012,1.13,1.41
2012.10.25 08:31:04.936,1.49991,1.50012,1.50,1.78
2012.10.25 08:31:05.004,1.49994,1.50012,1.50,2.01
2012.10.25 08:31:05.072,1.49989,1.50012,2.25,2.01
2012.10.25 08:31:05.263,1.49985,1.50012,1.50,1.78
2012.10.25 08:31:05.456,1.49985,1.50008,1.50,3.00
2012.10.25 08:31:05.803,1.49996,1.50011,1.50,1.50
2012.10.25 08:31:05.933,1.49993,1.50011,1.50,1.65
2012.10.25 08:31:06.462,1.49989,1.50011,1.88,1.65
2012.10.25 08:31:06.855,1.49987,1.50011,1.50,1.88
2012.10.25 08:31:06.923,1.49984,1.50011,1.50,1.88
2012.10.25 08:31:07.064,1.49988,1.50011,1.50,1.28
2012.10.25 08:31:07.192,1.49983,1.50011,1.50,1.28
2012.10.25 08:31:07.332,1.49983,1.50011,2.25,1.50
2012.10.25 08:31:07.526,1.49988,1.50012,1.50,1.88
2012.10.25 08:31:07.592,1.49986,1.50012,2.20,1.88
2012.10.25 08:31:07.663,1.49986,1.50012,1.88,2.25
2012.10.25 08:31:07.971,1.49988,1.5001,1.50,1.35
2012.10.25 08:31:08.031,1.49982,1.5001,1.13,1.35
2012.10.25 08:31:08.161,1.49982,1.5001,1.13,1.35
2012.10.25 08:31:08.691,1.49982,1.5001,2.20,1.13
2012.10.25 08:31:09.122,1.49982,1.50009,1.45,1.41
2012.10.25 08:31:09.332,1.49982,1.50011,1.45,1.88
2012.10.25 08:31:09.403,1.49987,1.50011,1.13,1.88
2012.10.25 08:31:09.714,1.49991,1.50012,1.50,1.13
2012.10.25 08:31:09.902,1.49987,1.50009,1.13,1.58
2012.10.25 08:31:10.506,1.4999,1.50017,2.25,1.20
2012.10.25 08:31:10.704,1.4999,1.50014,1.50,1.41
2012.10.25 08:31:10.831,1.49988,1.50013,1.50,2.25
2012.10.25 08:31:11.013,1.49986,1.50011,1.50,1.41
2012.10.25 08:31:11.333,1.49978,1.50003,1.50,1.41
2012.10.25 08:31:11.842,1.49975,1.50003,1.13,1.63
2012.10.25 08:31:11.914,1.4998,1.49999,2.25,1.41
2012.10.25 08:31:11.982,1.4998,1.50009,2.25,1.35
2012.10.25 08:31:12.051,1.4998,1.50011,2.25,2.67
2012.10.25 08:31:12.181,1.4998,1.50008,2.25,1.41
2012.10.25 08:31:12.252,1.4998,1.50008,1.50,1.41
2012.10.25 08:31:12.322,1.49976,1.50007,2.25,2.10
2012.10.25 08:31:12.453,1.49976,1.49996,1.50,1.41
2012.10.25 08:31:12.584,1.49973,1.49996,1.88,1.41
2012.10.25 08:31:12.723,1.49971,1.49996,1.50,1.41
2012.10.25 08:31:12.794,1.49971,1.50001,1.50,1.50
2012.10.25 08:31:12.861,1.49971,1.49994,1.50,2.25
2012.10.25 08:31:13.172,1.49965,1.49993,2.48,2.25
2012.10.25 08:31:13.312,1.49965,1.49993,2.25,2.48
2012.10.25 08:31:13.773,1.49963,1.49993,1.73,1.50
2012.10.25 08:31:13.841,1.49963,1.49993,2.48,1.50
2012.10.25 08:31:13.912,1.49968,1.49993,1.13,1.13
2012.10.25 08:31:14.045,1.49974,1.49998,1.50,1.35
2012.10.25 08:31:14.377,1.49976,1.49999,1.50,1.88
2012.10.25 08:31:14.446,1.49971,1.49998,1.73,1.13
2012.10.25 08:31:14.582,1.49971,1.49993,1.50,1.13
2012.10.25 08:31:14.653,1.49971,1.49989,1.50,1.50
2012.10.25 08:31:14.722,1.49962,1.49986,2.55,1.13
2012.10.25 08:31:14.914,1.4996,1.4998,1.35,1.13
2012.10.25 08:31:15.761,1.49952,1.49982,3.60,1.88
2012.10.25 08:31:15.913,1.49952,1.49978,2.48,1.13
2012.10.25 08:31:16.182,1.49955,1.4998,1.08,1.88
2012.10.25 08:31:16.253,1.49957,1.49984,1.13,1.50
2012.10.25 08:31:16.682,1.49952,1.49979,2.40,1.13
2012.10.25 08:31:16.882,1.49949,1.49968,1.65,1.50
2012.10.25 08:31:16.952,1.49946,1.49966,2.40,1.50
2012.10.25 08:31:17.462,1.49942,1.49963,1.13,1.88
2012.10.25 08:31:17.972,1.49942,1.49963,1.13,1.88
2012.10.25 08:31:18.415,1.49934,1.49963,1.73,1.88
2012.10.25 08:31:18.624,1.49933,1.4996,3.00,1.41
2012.10.25 08:31:18.992,1.49936,1.49962,1.50,1.88
2012.10.25 08:31:19.444,1.49936,1.4996,1.13,1.13
2012.10.25 08:31:19.574,1.49932,1.49958,1.73,1.13
2012.10.25 08:31:20.186,1.49931,1.49958,1.50,2.63
2012.10.25 08:31:20.463,1.49927,1.49957,1.35,1.35
2012.10.25 08:31:20.531,1.49927,1.49953,1.35,1.88
2012.10.25 08:31:21.071,1.49923,1.49953,1.50,1.88
2012.10.25 08:31:21.521,1.49921,1.49952,1.73,1.88
2012.10.25 08:31:21.761,1.4992,1.49949,1.35,1.88
2012.10.25 08:31:21.831,1.4992,1.49948,1.35,1.13
2012.10.25 08:31:21.891,1.49918,1.49948,3.38,1.13
2012.10.25 08:31:22.390,1.49921,1.49948,1.08,1.13
2012.10.25 08:31:22.633,1.49922,1.49953,2.48,1.50
2012.10.25 08:31:22.892,1.49933,1.49956,1.50,2.07
2012.10.25 08:31:22.965,1.49935,1.49956,2.25,1.69
2012.10.25 08:31:23.155,1.49934,1.49963,1.50,2.23
2012.10.25 08:31:23.293,1.49937,1.49964,1.30,3.23
2012.10.25 08:31:23.362,1.49941,1.49964,1.35,2.85
2012.10.25 08:31:23.635,1.49942,1.49972,1.35,2.10
2012.10.25 08:31:24.150,1.49944,1.49972,1.73,1.35
2012.10.25 08:31:24.616,1.49944,1.49969,1.73,1.41
2012.10.25 08:31:24.952,1.49942,1.49968,1.35,2.10
2012.10.25 08:31:25.501,1.49938,1.49961,1.13,1.13
2012.10.25 08:31:25.572,1.49938,1.49961,1.13,1.13
2012.10.25 08:31:26.544,1.49937,1.49963,2.25,2.48
2012.10.25 08:31:26.793,1.49937,1.49966,1.73,3.23
2012.10.25 08:31:27.314,1.49937,1.49962,1.73,1.32
2012.10.25 08:31:28.001,1.49937,1.49962,1.73,1.32
2012.10.25 08:31:28.393,1.49936,1.49959,1.35,1.13
2012.10.25 08:31:28.722,1.49937,1.4996,2.25,1.13
2012.10.25 08:31:28.931,1.49932,1.4996,1.88,1.13
2012.10.25 08:31:29.132,1.49932,1.4996,1.50,1.13
2012.10.25 08:31:29.389,1.49932,1.49962,2.25,2.63
2012.10.25 08:31:30.269,1.49937,1.49962,1.50,2.48
2012.10.25 08:31:30.641,1.49937,1.49964,1.50,2.10
2012.10.25 08:31:31.131,1.49932,1.49961,3.38,1.50
2012.10.25 08:31:31.191,1.49932,1.49961,3.38,3.00
2012.10.25 08:31:31.262,1.49932,1.49957,1.13,1.73
2012.10.25 08:31:31.835,1.49931,1.49957,3.00,1.50
2012.10.25 08:31:31.974,1.49935,1.49963,1.50,2.25
2012.10.25 08:31:32.042,1.49931,1.4996,1.13,2.25
2012.10.25 08:31:32.361,1.49935,1.49962,1.50,1.50
2012.10.25 08:31:32.602,1.49935,1.49963,1.50,2.10
2012.10.25 08:31:32.772,1.49935,1.49963,2.25,1.73
2012.10.25 08:31:33.141,1.49935,1.49959,2.48,1.13
2012.10.25 08:31:34.004,1.49935,1.49962,1.88,1.50
2012.10.25 08:31:34.132,1.49935,1.49963,1.88,1.13
2012.10.25 08:31:34.323,1.49933,1.49962,2.63,1.88
2012.10.25 08:31:34.642,1.49937,1.49957,1.13,1.50
2012.10.25 08:31:34.711,1.49931,1.49957,1.35,2.25
2012.10.25 08:31:34.842,1.49931,1.49956,1.13,1.50
2012.10.25 08:31:35.771,1.49924,1.49954,1.73,2.63
2012.10.25 08:31:35.902,1.49927,1.49954,1.13,2.10
2012.10.25 08:31:36.033,1.49933,1.49958,1.50,1.73
2012.10.25 08:31:36.103,1.49933,1.49959,2.25,1.13
2012.10.25 08:31:36.173,1.49933,1.49959,1.50,1.13
2012.10.25 08:31:36.243,1.49933,1.4996,1.50,1.13
2012.10.25 08:31:36.381,1.49937,1.4996,1.50,1.13
2012.10.25 08:31:36.872,1.49937,1.4996,1.50,1.50
2012.10.25 08:31:37.133,1.49931,1.49953,2.25,2.63
2012.10.25 08:31:37.333,1.49925,1.49952,2.25,2.25
2012.10.25 08:31:37.522,1.49926,1.49954,1.50,1.20
2012.10.25 08:31:37.853,1.49934,1.49958,1.13,2.61
2012.10.25 08:31:37.923,1.49936,1.49963,1.13,1.73
2012.10.25 08:31:38.133,1.49938,1.49966,1.50,2.33
2012.10.25 08:31:38.271,1.49942,1.49967,1.50,2.33
2012.10.25 08:31:38.594,1.49941,1.49968,1.13,2.48
2012.10.25 08:31:38.665,1.49941,1.49968,1.13,3.88
2012.10.25 08:31:38.852,1.49941,1.49962,1.50,1.13
2012.10.25 08:31:39.233,1.49937,1.49962,1.32,2.48
2012.10.25 08:31:39.842,1.49942,1.49967,1.45,1.88
2012.10.25 08:31:40.051,1.49941,1.49967,1.13,2.10
2012.10.25 08:31:40.342,1.49936,1.49963,1.69,2.10
2012.10.25 08:31:40.722,1.49937,1.49959,1.13,1.50
2012.10.25 08:31:41.210,1.49933,1.49961,1.50,2.25
2012.10.25 08:31:41.882,1.49936,1.49962,1.50,1.63
2012.10.25 08:31:41.953,1.49933,1.49961,3.00,1.13
2012.10.25 08:31:42.142,1.49933,1.49962,1.88,2.10
2012.10.25 08:31:42.514,1.49931,1.49958,2.44,1.73
2012.10.25 08:31:43.015,1.49933,1.49959,1.88,1.63
2012.10.25 08:31:43.201,1.49933,1.49959,1.50,2.10
2012.10.25 08:31:43.262,1.49933,1.49957,1.50,1.13
2012.10.25 08:31:43.452,1.49933,1.49959,1.50,2.48
2012.10.25 08:31:43.701,1.49928,1.49956,1.45,1.73
2012.10.25 08:31:43.881,1.49927,1.49956,2.58,2.70
2012.10.25 08:31:43.941,1.49927,1.49953,2.58,1.41
2012.10.25 08:31:44.251,1.49928,1.49948,1.13,1.50
2012.10.25 08:31:44.582,1.49925,1.49947,1.88,1.63
2012.10.25 08:31:44.843,1.49921,1.49944,1.50,1.13
2012.10.25 08:31:44.914,1.49922,1.49937,1.13,2.25
2012.10.25 08:31:45.042,1.49918,1.49937,1.50,2.63
2012.10.25 08:31:45.434,1.49922,1.49937,1.50,2.63
2012.10.25 08:31:45.565,1.49919,1.49937,1.88,2.63
2012.10.25 08:31:45.634,1.49921,1.4994,1.13,1.64
2012.10.25 08:31:45.821,1.4992,1.49944,1.13,1.13
2012.10.25 08:31:46.013,1.49918,1.49944,3.00,1.20
2012.10.25 08:31:46.513,1.49921,1.49946,1.50,1.73
2012.10.25 08:31:47.112,1.49921,1.49948,2.25,1.13
2012.10.25 08:31:47.684,1.49921,1.49948,2.25,1.35
2012.10.25 08:31:47.873,1.49921,1.49951,2.25,2.38
2012.10.25 08:31:48.663,1.49923,1.49951,1.50,1.63
2012.10.25 08:31:49.051,1.49924,1.49952,1.50,2.48
2012.10.25 08:31:49.602,1.4992,1.49949,3.00,3.13
2012.10.25 08:31:50.209,1.4992,1.49949,3.00,2.48
2012.10.25 08:31:50.601,1.49924,1.49949,1.13,1.88
2012.10.25 08:31:51.892,1.49922,1.49949,1.50,2.10
2012.10.25 08:31:52.212,1.49921,1.49946,1.13,1.50
2012.10.25 08:31:52.785,1.4992,1.49946,2.25,1.50
2012.10.25 08:31:53.044,1.49918,1.49944,1.13,1.88
2012.10.25 08:31:53.188,1.49919,1.49944,1.88,1.50
2012.10.25 08:31:53.631,1.49918,1.49943,1.13,1.50
2012.10.25 08:31:54.094,1.49919,1.49945,1.88,1.35
2012.10.25 08:31:54.421,1.49919,1.49945,3.38,1.35
2012.10.25 08:31:55.180,1.49919,1.49944,1.13,2.10
2012.10.25 08:31:55.523,1.49919,1.49944,1.50,1.50
2012.10.25 08:31:55.593,1.49919,1.49944,2.25,1.50
2012.10.25 08:31:55.663,1.49919,1.49944,1.50,1.50
2012.10.25 08:31:56.043,1.49917,1.49943,1.50,3.38
2012.10.25 08:31:56.112,1.49916,1.49943,1.50,3.38
2012.10.25 08:31:56.256,1.49916,1.49943,2.40,3.38
2012.10.25 08:31:56.562,1.49916,1.49943,2.40,2.63
2012.10.25 08:31:56.753,1.49919,1.49945,1.13,1.50
2012.10.25 08:31:57.270,1.49919,1.49945,1.13,1.13
2012.10.25 08:31:57.462,1.49919,1.49945,3.38,1.13
2012.10.25 08:31:57.792,1.49925,1.4995,1.50,1.88
2012.10.25 08:31:57.922,1.49923,1.4995,2.25,1.13
2012.10.25 08:31:58.172,1.49923,1.49951,2.95,1.50
2012.10.25 08:31:58.243,1.49923,1.49952,2.95,2.25
2012.10.25 08:31:58.683,1.49925,1.49952,1.50,1.50
2012.10.25 08:31:58.753,1.49936,1.49953,1.50,1.13
2012.10.25 08:31:58.881,1.49932,1.49953,1.50,1.13
2012.10.25 08:31:59.122,1.49932,1.49953,1.50,1.13
2012.10.25 08:32:00.453,1.49932,1.49954,1.50,1.13
2012.10.25 08:32:00.962,1.49932,1.49953,1.50,1.13
2012.10.25 08:32:01.034,1.4993,1.49953,1.50,1.50
2012.10.25 08:32:01.104,1.49928,1.49953,1.50,1.50
2012.10.25 08:32:01.234,1.49926,1.49951,1.50,1.13
2012.10.25 08:32:01.551,1.49928,1.49951,1.50,1.13
2012.10.25 08:32:02.270,1.49921,1.49946,2.25,2.63
2012.10.25 08:32:02.593,1.49917,1.49941,1.50,1.13
2012.10.25 08:32:02.933,1.49924,1.49948,1.13,1.13
2012.10.25 08:32:03.273,1.49924,1.49952,1.13,1.32
2012.10.25 08:32:03.402,1.49924,1.49952,1.13,1.32
2012.10.25 08:32:03.536,1.49924,1.49949,1.13,1.69
2012.10.25 08:32:03.745,1.49924,1.49949,1.13,3.19
2012.10.25 08:32:04.353,1.49926,1.49954,2.25,3.00
2012.10.25 08:32:04.548,1.49926,1.4995,2.25,1.13
2012.10.25 08:32:04.952,1.49924,1.4995,1.88,1.13
2012.10.25 08:32:05.095,1.49925,1.49949,1.50,1.13
2012.10.25 08:32:05.434,1.49925,1.49938,1.50,1.13
2012.10.25 08:32:05.772,1.49919,1.49942,1.13,2.25
2012.10.25 08:32:05.842,1.49918,1.4994,1.50,1.13
2012.10.25 08:32:06.362,1.49918,1.4994,3.00,1.13
2012.10.25 08:32:06.712,1.49921,1.49947,1.13,2.48
2012.10.25 08:32:06.843,1.49921,1.49947,1.13,1.88
2012.10.25 08:32:06.916,1.49921,1.49947,1.13,2.10
2012.10.25 08:32:06.982,1.4992,1.49947,1.13,2.10
2012.10.25 08:32:07.303,1.49921,1.49947,1.13,1.73
2012.10.25 08:32:07.434,1.49923,1.49947,1.50,1.50
2012.10.25 08:32:07.503,1.49923,1.49947,2.25,1.50
2012.10.25 08:32:07.931,1.49925,1.49947,1.13,1.50
2012.10.25 08:32:08.172,1.49926,1.49947,1.50,1.50
2012.10.25 08:32:08.242,1.49926,1.49952,1.50,1.88
2012.10.25 08:32:08.553,1.49925,1.49948,1.13,1.50
2012.10.25 08:32:08.952,1.49925,1.49953,1.13,3.79
2012.10.25 08:32:09.512,1.49925,1.49949,1.13,1.73
2012.10.25 08:32:09.652,1.49922,1.49949,1.50,2.48
2012.10.25 08:32:09.972,1.49923,1.49949,1.13,2.85
2012.10.25 08:32:10.413,1.4992,1.49943,1.88,1.13
2012.10.25 08:32:10.831,1.49918,1.49943,2.63,1.13
2012.10.25 08:32:10.961,1.49918,1.49943,2.25,1.13
2012.10.25 08:32:11.596,1.49918,1.49938,2.63,1.13
2012.10.25 08:32:11.672,1.49919,1.49944,2.25,2.25
2012.10.25 08:32:11.744,1.49919,1.49943,1.50,1.13
2012.10.25 08:32:12.082,1.49921,1.49942,2.25,1.13
2012.10.25 08:32:12.281,1.49916,1.49939,3.53,1.13
2012.10.25 08:32:12.462,1.49916,1.49938,3.00,1.35
2012.10.25 08:32:12.532,1.49916,1.49934,2.63,1.13
2012.10.25 08:32:12.810,1.49915,1.49938,1.50,1.35
2012.10.25 08:32:12.878,1.49915,1.4994,1.13,3.23
2012.10.25 08:32:13.192,1.49911,1.49933,2.25,1.13
2012.10.25 08:32:13.444,1.49911,1.49933,2.25,1.13
2012.10.25 08:32:13.514,1.4991,1.49936,1.13,1.88
2012.10.25 08:32:14.022,1.49908,1.49936,1.50,1.88
2012.10.25 08:32:15.164,1.49908,1.49936,1.50,1.88
2012.10.25 08:32:15.362,1.49907,1.49934,2.63,1.13
2012.10.25 08:32:15.612,1.49907,1.49934,2.63,1.13
2012.10.25 08:32:15.741,1.49907,1.49936,2.63,2.25
2012.10.25 08:32:15.923,1.49907,1.49934,2.63,1.13
2012.10.25 08:32:16.252,1.49905,1.49928,1.50,1.35
2012.10.25 08:32:17.012,1.49904,1.49928,1.88,2.25
2012.10.25 08:32:17.545,1.49904,1.49925,1.50,1.50
2012.10.25 08:32:18.651,1.49904,1.49925,2.25,1.50
2012.10.25 08:32:18.893,1.49905,1.49929,1.50,1.13
2012.10.25 08:32:19.142,1.49914,1.49936,2.25,3.19
2012.10.25 08:32:19.211,1.49914,1.49936,1.50,3.19
2012.10.25 08:32:19.582,1.4991,1.49936,2.25,3.42
2012.10.25 08:32:20.121,1.4991,1.49936,2.25,1.17
2012.10.25 08:32:20.361,1.49913,1.49939,1.50,3.23
2012.10.25 08:32:20.551,1.49913,1.49938,1.50,1.73
2012.10.25 08:32:21.132,1.4991,1.49935,2.25,1.35
2012.10.25 08:32:21.321,1.4991,1.49938,2.25,1.73
2012.10.25 08:32:21.453,1.4991,1.49938,2.25,1.73
2012.10.25 08:32:21.821,1.49914,1.49938,1.50,1.73
2012.10.25 08:32:22.215,1.49916,1.49938,1.50,1.73
2012.10.25 08:32:23.505,1.49912,1.49936,1.50,1.35
2012.10.25 08:32:23.643,1.49909,1.49938,3.38,3.23
2012.10.25 08:32:24.301,1.49913,1.49938,1.50,1.50
2012.10.25 08:32:24.773,1.49913,1.4994,1.50,1.54
2012.10.25 08:32:25.531,1.49913,1.4994,2.25,1.32
2012.10.25 08:32:25.601,1.49913,1.4994,2.63,1.17
2012.10.25 08:32:25.725,1.49917,1.49941,1.13,1.32
2012.10.25 08:32:26.381,1.49916,1.49944,1.13,2.48
2012.10.25 08:32:26.446,1.49916,1.49944,1.35,2.25
2012.10.25 08:32:26.513,1.49914,1.49943,1.50,1.35
2012.10.25 08:32:26.643,1.49914,1.49939,1.50,1.73
2012.10.25 08:32:26.775,1.49912,1.49939,1.50,2.10
2012.10.25 08:32:27.236,1.49909,1.49936,1.13,2.25
2012.10.25 08:32:27.741,1.4991,1.49936,1.50,2.25
2012.10.25 08:32:27.921,1.49912,1.49936,1.13,1.13
2012.10.25 08:32:28.101,1.49914,1.49944,2.25,2.29
2012.10.25 08:32:28.222,1.49912,1.49939,1.88,1.50
2012.10.25 08:32:28.801,1.49912,1.49939,1.13,1.50
2012.10.25 08:32:29.352,1.49911,1.49939,1.50,1.73
2012.10.25 08:32:30.254,1.49912,1.49939,1.13,2.48
2012.10.25 08:32:33.123,1.49912,1.49933,1.13,1.13
2012.10.25 08:32:33.472,1.49912,1.49933,1.13,1.35
2012.10.25 08:32:34.086,1.49907,1.49933,2.29,1.35
2012.10.25 08:32:34.247,1.49902,1.49925,1.50,1.95
2012.10.25 08:32:34.377,1.499,1.49925,1.88,1.20
2012.10.25 08:32:35.013,1.499,1.49926,1.13,1.95
2012.10.25 08:32:35.091,1.499,1.49926,1.13,1.20
2012.10.25 08:32:35.302,1.49899,1.49927,2.25,2.33
2012.10.25 08:32:35.623,1.49899,1.49926,2.63,1.95
2012.10.25 08:32:36.739,1.49903,1.49928,2.25,1.58
2012.10.25 08:32:36.891,1.49907,1.49933,2.25,2.48
2012.10.25 08:32:37.663,1.49907,1.4993,1.50,1.13
2012.10.25 08:32:37.912,1.49907,1.49933,2.25,1.35
2012.10.25 08:32:37.982,1.49907,1.49934,2.25,2.48
2012.10.25 08:32:38.502,1.49907,1.49934,2.25,2.48
2012.10.25 08:32:38.953,1.49907,1.49933,1.50,1.73
2012.10.25 08:32:41.860,1.49904,1.49932,1.13,2.48
2012.10.25 08:32:42.312,1.49904,1.49932,1.13,1.73
2012.10.25 08:32:42.694,1.49909,1.49936,1.88,1.13
2012.10.25 08:32:43.867,1.49907,1.49933,1.13,1.35
2012.10.25 08:32:44.093,1.49907,1.49934,1.50,1.35
2012.10.25 08:32:44.226,1.49907,1.49934,1.50,1.13
2012.10.25 08:32:44.702,1.49912,1.49939,1.50,1.73
2012.10.25 08:32:45.242,1.49916,1.49939,2.25,1.73
2012.10.25 08:32:45.312,1.49916,1.49938,1.50,1.35
2012.10.25 08:32:45.561,1.49912,1.49938,1.50,1.35
2012.10.25 08:32:45.753,1.49912,1.49936,1.50,1.73
2012.10.25 08:32:46.202,1.49908,1.49933,1.88,1.13
2012.10.25 08:32:46.400,1.49908,1.49934,2.63,1.50
2012.10.25 08:32:46.900,1.49908,1.49936,3.00,1.73
2012.10.25 08:32:47.151,1.49908,1.49934,2.25,1.35
2012.10.25 08:32:47.481,1.49908,1.49934,1.50,1.35
2012.10.25 08:32:47.842,1.49904,1.49929,1.13,2.63
2012.10.25 08:32:48.173,1.49908,1.49929,1.73,2.25
2012.10.25 08:32:48.363,1.49908,1.49929,2.25,1.50
2012.10.25 08:32:48.502,1.49908,1.49934,2.25,1.13
2012.10.25 08:32:48.574,1.49908,1.49931,1.13,1.50
2012.10.25 08:32:49.193,1.49908,1.49931,1.88,1.50
2012.10.25 08:32:49.262,1.4991,1.49937,1.13,2.25
2012.10.25 08:32:49.762,1.4991,1.49935,1.50,2.29
2012.10.25 08:32:49.891,1.49906,1.49934,1.50,4.17
2012.10.25 08:32:49.951,1.49906,1.49934,1.50,4.54
2012.10.25 08:32:50.015,1.49906,1.49934,1.50,4.54
2012.10.25 08:32:50.432,1.49906,1.49934,2.25,4.54
2012.10.25 08:32:50.751,1.49913,1.49937,2.25,1.50
2012.10.25 08:32:51.051,1.49913,1.49939,2.25,2.78
2012.10.25 08:32:51.603,1.49913,1.49936,1.50,1.13
2012.10.25 08:32:51.675,1.49913,1.49933,1.50,1.50
2012.10.25 08:32:51.817,1.4991,1.49933,1.50,3.60
2012.10.25 08:32:52.086,1.49911,1.49934,1.13,1.50
2012.10.25 08:32:52.272,1.49908,1.49932,2.25,1.13
2012.10.25 08:32:52.701,1.49912,1.49934,1.13,1.73
2012.10.25 08:32:52.822,1.49907,1.49934,1.50,1.73
2012.10.25 08:32:53.450,1.49912,1.49936,1.13,1.35
2012.10.25 08:32:55.861,1.49907,1.49935,2.44,2.63
2012.10.25 08:32:55.932,1.49906,1.49933,1.54,2.63
2012.10.25 08:32:56.002,1.49905,1.49932,1.69,1.13
2012.10.25 08:32:56.191,1.49902,1.4993,1.32,2.25
2012.10.25 08:32:56.651,1.49903,1.4993,1.32,2.25
2012.10.25 08:32:56.772,1.49903,1.4993,1.32,1.50
2012.10.25 08:32:56.902,1.49905,1.49933,2.44,1.35
2012.10.25 08:32:57.150,1.49906,1.49934,1.88,2.85
2012.10.25 08:32:57.512,1.49907,1.49934,1.13,2.85
2012.10.25 08:32:58.083,1.49907,1.49934,1.13,2.85
2012.10.25 08:32:59.953,1.49905,1.49933,2.25,1.35
2012.10.25 08:33:00.261,1.49905,1.49934,2.25,2.85
2012.10.25 08:33:00.587,1.49905,1.49934,2.25,2.85
2012.10.25 08:33:00.653,1.49905,1.49931,2.25,1.13
2012.10.25 08:33:00.962,1.49906,1.49933,1.50,1.13
2012.10.25 08:33:01.284,1.49906,1.49926,1.50,1.50
2012.10.25 08:33:01.534,1.49906,1.49925,1.50,1.13
2012.10.25 08:33:01.603,1.49902,1.49923,3.15,2.25
2012.10.25 08:33:01.741,1.49902,1.49919,1.88,2.25
2012.10.25 08:33:01.884,1.49899,1.49919,1.13,2.25
2012.10.25 08:33:02.015,1.49901,1.49919,1.13,2.25
2012.10.25 08:33:02.333,1.49895,1.49922,1.50,2.25
2012.10.25 08:33:02.402,1.49895,1.49922,2.25,2.25
2012.10.25 08:33:03.223,1.49902,1.49926,1.13,2.67
2012.10.25 08:33:03.292,1.49902,1.49926,1.88,2.44
2012.10.25 08:33:03.631,1.49899,1.49923,1.50,2.48
2012.10.25 08:33:03.702,1.49902,1.49923,1.13,2.48
2012.10.25 08:33:04.446,1.49897,1.49922,2.63,1.13
2012.10.25 08:33:04.511,1.49897,1.49922,2.25,1.13
2012.10.25 08:33:04.652,1.49892,1.49922,3.38,1.35
2012.10.25 08:33:05.650,1.49891,1.49913,1.13,1.13
2012.10.25 08:33:06.194,1.49887,1.49913,2.44,1.13
2012.10.25 08:33:07.281,1.49887,1.49914,2.25,2.25
2012.10.25 08:33:08.103,1.49887,1.49914,2.25,1.35
2012.10.25 08:33:08.305,1.49888,1.49914,1.50,1.35
2012.10.25 08:33:08.562,1.49887,1.49914,2.25,1.13
2012.10.25 08:33:08.931,1.49887,1.49914,2.48,1.13
2012.10.25 08:33:09.275,1.49887,1.49914,3.38,1.13
2012.10.25 08:33:09.346,1.49887,1.49914,2.63,1.35
2012.10.25 08:33:09.412,1.49887,1.49912,1.50,1.13
2012.10.25 08:33:09.915,1.49883,1.49912,2.25,3.60
2012.10.25 08:33:10.268,1.49872,1.49882,1.50,1.35
2012.10.25 08:33:10.338,1.49866,1.49873,1.50,3.18
2012.10.25 08:33:10.617,1.49862,1.49878,1.13,1.85
2012.10.25 08:33:10.684,1.49856,1.49878,1.13,1.13
2012.10.25 08:33:10.752,1.49855,1.49879,1.13,1.50
2012.10.25 08:33:11.013,1.49854,1.49878,1.13,1.35
2012.10.25 08:33:11.081,1.49856,1.49878,1.50,1.13
2012.10.25 08:33:11.394,1.49854,1.4988,2.63,1.13
2012.10.25 08:33:11.686,1.49854,1.49879,2.63,1.73
2012.10.25 08:33:13.077,1.49851,1.49875,2.25,1.13
2012.10.25 08:33:13.263,1.49851,1.49873,2.25,1.13
2012.10.25 08:33:13.573,1.49851,1.49876,2.48,1.50
2012.10.25 08:33:14.272,1.49855,1.49874,1.50,1.50
2012.10.25 08:33:14.583,1.49855,1.49884,2.63,3.23
2012.10.25 08:33:14.771,1.49858,1.49881,2.25,1.73
2012.10.25 08:33:14.905,1.49855,1.49883,2.63,2.10
2012.10.25 08:33:15.094,1.49855,1.49881,2.63,1.35
2012.10.25 08:33:15.425,1.49857,1.49881,1.73,1.35
2012.10.25 08:33:15.962,1.49858,1.49882,2.25,2.10
2012.10.25 08:33:16.325,1.49858,1.49882,2.25,1.35
2012.10.25 08:33:16.632,1.49862,1.49882,1.50,1.32
2012.10.25 08:33:16.951,1.49865,1.49882,1.50,1.13
2012.10.25 08:33:17.465,1.49865,1.49882,1.50,1.13
2012.10.25 08:33:17.593,1.49865,1.49884,1.50,2.63
2012.10.25 08:33:17.783,1.49866,1.49888,1.50,1.35
2012.10.25 08:33:17.852,1.49867,1.49888,2.25,1.13
2012.10.25 08:33:18.942,1.49866,1.49884,1.50,1.13
2012.10.25 08:33:20.422,1.49861,1.49887,1.50,1.13
2012.10.25 08:33:20.585,1.49861,1.49884,1.50,1.73
2012.10.25 08:33:20.652,1.49861,1.49884,1.50,1.73
2012.10.25 08:33:21.394,1.49861,1.49884,1.50,1.88
2012.10.25 08:33:21.974,1.49868,1.49889,1.50,1.50
2012.10.25 08:33:22.322,1.49869,1.4989,1.50,1.13
2012.10.25 08:33:22.883,1.49869,1.4989,1.50,1.35
2012.10.25 08:33:22.953,1.49866,1.4989,2.25,1.35
2012.10.25 08:33:23.022,1.49865,1.4989,2.25,1.35
2012.10.25 08:33:23.153,1.49866,1.49889,1.50,1.69
2012.10.25 08:33:23.223,1.49865,1.49887,2.25,1.13
2012.10.25 08:33:23.414,1.49865,1.49887,2.25,1.35
2012.10.25 08:33:24.451,1.49866,1.49888,1.50,1.69
2012.10.25 08:33:25.256,1.49866,1.49888,1.50,1.13
2012.10.25 08:33:25.404,1.49865,1.49888,2.25,1.13
2012.10.25 08:33:26.262,1.49865,1.49886,1.50,1.13
2012.10.25 08:33:27.721,1.49866,1.49889,1.50,1.69
2012.10.25 08:33:27.782,1.49866,1.49889,2.25,1.50
2012.10.25 08:33:28.214,1.49866,1.49887,1.50,1.13
2012.10.25 08:33:28.572,1.49866,1.49889,2.25,1.73
2012.10.25 08:33:29.413,1.49866,1.49888,2.25,1.35
2012.10.25 08:33:30.032,1.49866,1.49887,1.50,1.35
2012.10.25 08:33:30.283,1.49866,1.49887,1.50,1.13
2012.10.25 08:33:30.412,1.49866,1.49887,1.50,1.13
2012.10.25 08:33:30.673,1.49866,1.49889,1.50,1.73
2012.10.25 08:33:31.803,1.49869,1.4989,1.50,1.35
2012.10.25 08:33:31.931,1.49866,1.49891,1.50,2.85
2012.10.25 08:33:32.122,1.49865,1.49891,2.25,2.85
2012.10.25 08:33:32.194,1.49864,1.49891,1.13,2.85
2012.10.25 08:33:32.321,1.49861,1.49888,2.63,1.35
2012.10.25 08:33:32.933,1.49861,1.49883,1.88,1.35
2012.10.25 08:33:33.428,1.49861,1.49883,1.50,1.13
2012.10.25 08:33:33.762,1.49866,1.4989,1.50,1.17
2012.10.25 08:33:35.221,1.49866,1.4989,1.50,1.17
2012.10.25 08:33:35.553,1.49864,1.49887,1.13,2.25
2012.10.25 08:33:35.683,1.49867,1.49887,1.50,2.48
2012.10.25 08:33:36.194,1.49867,1.49887,1.50,2.25
2012.10.25 08:33:36.263,1.49864,1.49887,1.13,2.25
2012.10.25 08:33:36.891,1.49864,1.49887,1.13,2.48
2012.10.25 08:33:37.083,1.49864,1.49887,1.13,2.48
2012.10.25 08:33:37.162,1.49864,1.49887,1.13,2.48
2012.10.25 08:33:38.502,1.49864,1.49887,1.13,2.48
2012.10.25 08:33:38.590,1.49864,1.49887,1.13,2.48
2012.10.25 08:33:38.651,1.49864,1.49887,1.13,2.48
2012.10.25 08:33:39.114,1.49864,1.49887,1.13,2.48
2012.10.25 08:33:39.633,1.49864,1.49887,1.13,2.85
2012.10.25 08:33:40.201,1.49865,1.49887,1.13,2.85
2012.10.25 08:33:40.712,1.49859,1.49879,1.13,2.25
2012.10.25 08:33:41.034,1.49844,1.49871,2.25,2.48
2012.10.25 08:33:41.221,1.49843,1.49866,2.63,2.25
2012.10.25 08:33:42.522,1.49841,1.4987,3.00,2.85
2012.10.25 08:33:42.592,1.49843,1.49867,1.13,2.25
2012.10.25 08:33:42.662,1.49844,1.49867,1.50,2.25
2012.10.25 08:33:43.182,1.49837,1.49862,1.69,2.25
2012.10.25 08:33:43.501,1.49843,1.49862,2.63,1.50
2012.10.25 08:33:43.563,1.49846,1.49869,1.50,1.50
2012.10.25 08:33:43.631,1.49854,1.49869,1.13,1.50
2012.10.25 08:33:43.695,1.49854,1.49871,1.13,2.25
2012.10.25 08:33:43.895,1.49849,1.49872,2.25,2.25
2012.10.25 08:33:44.800,1.49849,1.49878,2.63,2.70
2012.10.25 08:33:44.945,1.49848,1.49876,1.13,1.13
2012.10.25 08:33:45.502,1.49847,1.4987,1.50,2.25
2012.10.25 08:33:45.932,1.49847,1.49869,1.50,2.25
2012.10.25 08:33:46.451,1.49847,1.49874,1.13,1.35
2012.10.25 08:33:46.892,1.4985,1.49874,2.25,1.13
2012.10.25 08:33:47.032,1.49855,1.49878,1.50,3.00
2012.10.25 08:33:47.242,1.49852,1.49878,1.50,1.13
2012.10.25 08:33:49.465,1.49847,1.49873,3.00,1.13
2012.10.25 08:33:49.634,1.49849,1.49874,1.50,1.13
2012.10.25 08:33:50.129,1.49849,1.49875,1.13,1.35
2012.10.25 08:33:50.508,1.49851,1.49876,1.13,2.48
2012.10.25 08:33:50.573,1.4985,1.49876,1.13,2.48
2012.10.25 08:33:50.881,1.49852,1.49877,2.25,1.35
2012.10.25 08:33:50.941,1.49852,1.49877,1.50,1.35
2012.10.25 08:33:51.385,1.49851,1.49877,1.13,2.48
2012.10.25 08:33:51.766,1.49859,1.49877,1.88,1.73
2012.10.25 08:33:51.844,1.49856,1.49882,1.50,1.17
2012.10.25 08:33:52.200,1.49855,1.4988,1.50,2.48
2012.10.25 08:33:53.181,1.49852,1.49878,2.63,1.35
2012.10.25 08:33:53.402,1.49852,1.49878,2.25,1.35
2012.10.25 08:33:53.931,1.4985,1.49877,1.13,2.48
2012.10.25 08:33:54.174,1.49852,1.49877,1.50,1.73
2012.10.25 08:33:54.361,1.49855,1.49879,1.50,1.13
2012.10.25 08:33:54.757,1.49861,1.49888,3.00,1.35
2012.10.25 08:33:54.981,1.49861,1.49885,1.50,2.48
2012.10.25 08:33:55.503,1.4986,1.49885,1.50,2.48
2012.10.25 08:33:56.122,1.49858,1.4988,1.13,2.48
2012.10.25 08:33:56.992,1.4986,1.49885,1.13,3.19
2012.10.25 08:33:57.065,1.49857,1.4988,1.69,1.73
2012.10.25 08:33:57.132,1.49855,1.49879,1.16,1.52
2012.10.25 08:33:57.568,1.4985,1.49877,3.79,1.73
2012.10.25 08:33:57.640,1.49853,1.49878,2.25,1.20
2012.10.25 08:33:57.703,1.49855,1.49878,1.50,1.20
2012.10.25 08:33:57.892,1.49853,1.49878,1.88,1.50
2012.10.25 08:33:58.022,1.49855,1.49879,2.25,1.35
2012.10.25 08:33:58.151,1.49859,1.4988,1.50,1.35
2012.10.25 08:33:58.650,1.49859,1.4988,2.25,1.35
2012.10.25 08:34:02.152,1.4986,1.49884,1.50,1.35
2012.10.25 08:34:02.213,1.4986,1.49884,1.50,1.35
2012.10.25 08:34:02.413,1.4986,1.49884,1.50,1.35
2012.10.25 08:34:02.541,1.4986,1.49884,1.50,1.35
2012.10.25 08:34:02.661,1.4986,1.49884,1.50,1.35
2012.10.25 08:34:03.991,1.49862,1.49886,1.50,1.73
2012.10.25 08:34:04.181,1.49864,1.49888,1.50,1.92
2012.10.25 08:34:06.055,1.49866,1.49888,1.50,1.17
2012.10.25 08:34:06.126,1.49866,1.49889,1.50,1.35
2012.10.25 08:34:06.314,1.49871,1.49889,1.50,1.13
2012.10.25 08:34:06.383,1.49868,1.49889,3.00,1.13
2012.10.25 08:34:06.452,1.49868,1.49889,2.25,1.13
2012.10.25 08:34:06.653,1.49871,1.49889,1.50,1.35
2012.10.25 08:34:07.400,1.4987,1.4989,1.50,1.35
2012.10.25 08:34:07.478,1.49867,1.49893,2.25,1.35
2012.10.25 08:34:07.546,1.49867,1.49893,2.25,1.35
2012.10.25 08:34:07.883,1.49867,1.49892,1.13,2.48
2012.10.25 08:34:08.025,1.49867,1.49892,1.50,2.48
2012.10.25 08:34:08.283,1.49867,1.49892,2.25,2.48
2012.10.25 08:34:08.896,1.49867,1.49892,2.25,2.48
2012.10.25 08:34:09.392,1.49871,1.49892,1.50,2.48
2012.10.25 08:34:09.521,1.49871,1.49892,1.50,2.25
2012.10.25 08:34:12.473,1.49871,1.49898,1.50,1.35
2012.10.25 08:34:13.842,1.49871,1.49894,1.50,2.48
2012.10.25 08:34:14.131,1.49871,1.49894,1.50,2.48
2012.10.25 08:34:14.545,1.49869,1.49892,2.25,2.48
2012.10.25 08:34:14.612,1.4987,1.49892,1.13,2.48
2012.10.25 08:34:14.951,1.49869,1.49895,2.25,2.85
2012.10.25 08:34:15.767,1.49869,1.49895,2.25,2.85
2012.10.25 08:34:16.391,1.49869,1.4989,1.50,2.48
2012.10.25 08:34:17.394,1.49867,1.49894,1.50,1.35
2012.10.25 08:34:19.481,1.49867,1.4989,1.50,2.48
2012.10.25 08:34:19.562,1.4987,1.49894,1.50,1.35
2012.10.25 08:34:19.634,1.49874,1.49894,1.50,1.13
2012.10.25 08:34:19.762,1.49869,1.49894,3.00,1.13
2012.10.25 08:34:19.833,1.49871,1.49894,1.50,1.35
2012.10.25 08:34:20.442,1.49871,1.49894,1.50,1.35
2012.10.25 08:34:20.631,1.49871,1.49894,1.50,1.13
2012.10.25 08:34:21.162,1.49871,1.49894,1.88,1.13
2012.10.25 08:34:21.231,1.49871,1.49896,2.25,1.35
2012.10.25 08:34:21.590,1.49874,1.499,2.25,2.25
2012.10.25 08:34:21.891,1.49878,1.49902,3.00,1.13
2012.10.25 08:34:22.391,1.49881,1.49902,1.50,1.13
2012.10.25 08:34:22.693,1.49878,1.49898,1.50,1.13
2012.10.25 08:34:22.762,1.49874,1.49898,1.13,1.13
2012.10.25 08:34:22.952,1.49872,1.49898,1.69,2.85
2012.10.25 08:34:23.021,1.4987,1.49896,1.84,2.48
2012.10.25 08:34:24.021,1.4987,1.49896,1.13,2.82
2012.10.25 08:34:24.320,1.49871,1.49896,1.13,2.82
2012.10.25 08:34:24.502,1.49876,1.49896,1.50,2.25
2012.10.25 08:34:24.572,1.49876,1.49894,1.50,1.13
2012.10.25 08:34:24.903,1.49875,1.49893,1.50,1.73
2012.10.25 08:34:25.104,1.49875,1.49895,1.50,2.25
2012.10.25 08:34:25.176,1.49869,1.49889,1.13,1.13
2012.10.25 08:34:25.492,1.49866,1.49889,1.35,1.13
2012.10.25 08:34:25.695,1.49867,1.49889,1.50,1.35
2012.10.25 08:34:25.763,1.49864,1.49889,1.65,1.35
2012.10.25 08:34:25.963,1.49864,1.49889,1.28,1.35
2012.10.25 08:34:26.152,1.49867,1.49889,1.50,1.35
2012.10.25 08:34:26.591,1.49867,1.49889,3.00,1.35
2012.10.25 08:34:26.740,1.4987,1.4989,1.13,1.13
2012.10.25 08:34:27.674,1.49871,1.49897,3.00,1.32
2012.10.25 08:34:28.043,1.49873,1.49898,1.13,1.54
2012.10.25 08:34:28.112,1.49876,1.49898,1.50,1.35
2012.10.25 08:34:28.305,1.49873,1.49898,1.88,1.35
2012.10.25 08:34:29.012,1.49873,1.49898,1.88,1.35
2012.10.25 08:34:30.462,1.49877,1.49899,1.13,2.48
2012.10.25 08:34:30.712,1.49878,1.49899,1.32,2.25
2012.10.25 08:34:31.409,1.49886,1.49905,1.13,1.13
2012.10.25 08:34:31.479,1.49885,1.49905,2.25,1.13
2012.10.25 08:34:31.546,1.49885,1.49903,1.50,1.13
2012.10.25 08:34:31.700,1.49885,1.49903,1.50,1.13
2012.10.25 08:34:31.902,1.49882,1.49903,1.50,2.85
2012.10.25 08:34:31.975,1.49878,1.49903,1.50,2.85
2012.10.25 08:34:32.166,1.49882,1.49903,1.13,2.85
2012.10.25 08:34:32.232,1.49887,1.49906,1.13,2.48
2012.10.25 08:34:32.302,1.49888,1.49909,1.13,1.20
2012.10.25 08:34:32.372,1.49889,1.4991,1.50,1.20
2012.10.25 08:34:32.443,1.49888,1.4991,1.13,1.20
2012.10.25 08:34:32.632,1.49888,1.49909,1.13,1.20
2012.10.25 08:34:32.822,1.49885,1.49909,1.13,1.20
2012.10.25 08:34:32.952,1.49886,1.49909,2.63,1.20
2012.10.25 08:34:33.462,1.49889,1.49916,1.50,2.07
2012.10.25 08:34:33.533,1.49889,1.49916,2.25,2.07
2012.10.25 08:34:34.062,1.49892,1.4992,1.50,2.48
2012.10.25 08:34:34.433,1.49891,1.49913,1.50,1.09
2012.10.25 08:34:34.502,1.49889,1.4991,1.13,1.13
2012.10.25 08:34:34.692,1.49887,1.49907,1.13,1.35
2012.10.25 08:34:34.832,1.49883,1.49907,2.25,1.13
2012.10.25 08:34:34.892,1.49886,1.49908,2.25,1.50
2012.10.25 08:34:35.022,1.49886,1.49907,3.38,1.13
2012.10.25 08:34:35.091,1.49892,1.49907,1.50,1.13
2012.10.25 08:34:35.380,1.49892,1.49908,2.25,1.13
2012.10.25 08:34:35.621,1.49892,1.49907,1.50,1.13
2012.10.25 08:34:35.981,1.49892,1.49909,1.50,1.13
2012.10.25 08:34:36.301,1.49888,1.49913,2.25,1.35
2012.10.25 08:34:37.714,1.49886,1.49909,1.13,1.35
2012.10.25 08:34:38.154,1.49886,1.49909,1.50,3.42
2012.10.25 08:34:38.222,1.49887,1.49909,1.13,3.42
2012.10.25 08:34:38.293,1.49887,1.49909,1.13,1.35
2012.10.25 08:34:38.431,1.4989,1.49911,1.13,1.17
2012.10.25 08:34:38.611,1.49892,1.49911,1.50,1.17
2012.10.25 08:34:38.924,1.49893,1.49911,1.50,1.17
2012.10.25 08:34:39.555,1.49893,1.49913,1.88,1.17
2012.10.25 08:34:40.264,1.49894,1.49917,1.13,2.85
2012.10.25 08:34:40.451,1.49887,1.49912,1.13,2.25
2012.10.25 08:34:40.514,1.49886,1.49912,2.70,2.70
2012.10.25 08:34:40.941,1.49886,1.4991,2.63,2.48
2012.10.25 08:34:41.181,1.49889,1.4991,1.13,2.48
2012.10.25 08:34:43.401,1.49889,1.49915,1.13,2.85
2012.10.25 08:34:43.462,1.49893,1.49915,1.13,2.85
2012.10.25 08:34:43.531,1.49894,1.49915,1.13,1.35
2012.10.25 08:34:43.740,1.49893,1.49915,1.13,1.35
2012.10.25 08:34:43.944,1.49891,1.49915,1.13,1.35
2012.10.25 08:34:44.141,1.4989,1.49915,1.13,1.35
2012.10.25 08:34:44.840,1.49889,1.4991,1.13,1.35
2012.10.25 08:34:44.979,1.4989,1.4991,1.13,1.13
2012.10.25 08:34:45.186,1.49887,1.4991,1.13,1.13
2012.10.25 08:34:45.261,1.49885,1.4991,2.25,1.13
2012.10.25 08:34:45.332,1.49885,1.4991,2.25,1.13
2012.10.25 08:34:45.403,1.49885,1.4991,2.25,1.13
2012.10.25 08:34:45.715,1.49888,1.4991,1.13,1.13
2012.10.25 08:34:45.781,1.49888,1.4991,1.13,1.13
2012.10.25 08:34:46.325,1.49888,1.49916,2.25,2.48
2012.10.25 08:34:46.392,1.49889,1.49916,1.13,2.48
2012.10.25 08:34:46.463,1.49888,1.49916,2.63,2.48
2012.10.25 08:34:46.532,1.49891,1.49916,1.50,2.48
2012.10.25 08:34:46.721,1.49895,1.49914,1.13,1.35
2012.10.25 08:34:46.903,1.49892,1.49918,1.88,1.73
2012.10.25 08:34:46.973,1.49893,1.49918,1.50,1.73
2012.10.25 08:34:47.341,1.4989,1.49916,1.13,2.48
2012.10.25 08:34:47.401,1.4989,1.49916,1.13,2.48
2012.10.25 08:34:47.463,1.49888,1.49916,2.25,2.85
2012.10.25 08:34:47.952,1.49883,1.49911,1.50,2.48
2012.10.25 08:34:48.622,1.49884,1.49905,1.50,2.48
2012.10.25 08:34:48.904,1.49884,1.49905,1.50,2.48
2012.10.25 08:34:49.033,1.49884,1.49905,1.13,2.48
2012.10.25 08:34:49.162,1.49883,1.49909,1.13,2.85
2012.10.25 08:34:49.542,1.4988,1.49906,1.88,1.20
2012.10.25 08:34:50.052,1.49881,1.49906,1.13,1.20
2012.10.25 08:34:50.124,1.49881,1.49907,1.13,1.35
2012.10.25 08:34:50.453,1.4988,1.49906,1.13,1.35
2012.10.25 08:34:51.352,1.4988,1.49904,1.88,2.48
2012.10.25 08:34:51.600,1.49882,1.49906,1.50,1.35
2012.10.25 08:34:52.154,1.49882,1.49904,1.13,1.20
2012.10.25 08:34:52.722,1.49875,1.49903,1.50,2.48
2012.10.25 08:34:53.696,1.49874,1.49901,1.50,1.35
2012.10.25 08:34:54.252,1.49874,1.49901,1.50,1.35
2012.10.25 08:34:54.382,1.49877,1.49901,1.50,1.35
2012.10.25 08:34:55.540,1.49873,1.49901,3.00,1.35
2012.10.25 08:34:55.861,1.4988,1.49901,1.13,1.35
2012.10.25 08:34:56.402,1.49878,1.49901,1.50,1.35
2012.10.25 08:34:58.902,1.49877,1.49901,1.13,1.35
2012.10.25 08:35:00.443,1.49878,1.499,1.50,1.20
2012.10.25 08:35:00.971,1.49878,1.49905,2.63,1.35
2012.10.25 08:35:02.119,1.49896,1.49916,1.13,1.13
2012.10.25 08:35:02.258,1.49891,1.49914,2.25,1.13
2012.10.25 08:35:03.422,1.49892,1.49919,1.13,1.35
2012.10.25 08:35:04.090,1.49892,1.49919,1.13,1.35
2012.10.25 08:35:05.723,1.49891,1.49919,1.88,1.58
2012.10.25 08:35:05.972,1.49887,1.49915,1.50,1.35
2012.10.25 08:35:06.043,1.49887,1.49914,1.50,1.61
2012.10.25 08:35:06.173,1.49884,1.49914,2.25,2.82
2012.10.25 08:35:06.543,1.49885,1.49911,1.50,2.48
2012.10.25 08:35:06.745,1.49884,1.49914,2.63,1.32
2012.10.25 08:35:07.261,1.49884,1.49914,3.38,1.69
2012.10.25 08:35:08.472,1.49884,1.4991,1.13,1.35
2012.10.25 08:35:08.542,1.49883,1.4991,1.13,2.01
2012.10.25 08:35:08.731,1.49881,1.4991,1.50,2.01
2012.10.25 08:35:09.722,1.49882,1.4991,1.50,2.01
2012.10.25 08:35:10.119,1.49882,1.4991,1.50,1.35
2012.10.25 08:35:10.641,1.49884,1.4991,2.25,2.85
2012.10.25 08:35:10.702,1.49885,1.4991,1.50,2.85
2012.10.25 08:35:12.692,1.49888,1.4991,1.50,2.48
2012.10.25 08:35:12.883,1.49891,1.4991,1.50,2.48
2012.10.25 08:35:12.952,1.49893,1.4991,1.13,2.48
2012.10.25 08:35:13.282,1.49893,1.49918,1.13,2.48
2012.10.25 08:35:13.751,1.49893,1.4992,1.13,2.48
2012.10.25 08:35:14.172,1.49893,1.4992,1.13,2.48
2012.10.25 08:35:14.680,1.49891,1.49918,1.13,1.35
2012.10.25 08:35:15.962,1.4989,1.49914,1.50,2.25
2012.10.25 08:35:16.152,1.4989,1.49914,1.50,2.48
2012.10.25 08:35:16.702,1.49892,1.49916,1.13,1.35
2012.10.25 08:35:17.091,1.49892,1.49916,2.25,1.35
2012.10.25 08:35:17.873,1.49894,1.49916,1.50,1.35
2012.10.25 08:35:18.422,1.49894,1.49919,1.88,1.20
2012.10.25 08:35:18.684,1.49895,1.49921,2.25,1.35
2012.10.25 08:35:20.665,1.49901,1.49921,1.13,1.35
2012.10.25 08:35:20.731,1.49903,1.49924,1.13,1.17
2012.10.25 08:35:21.281,1.49904,1.49926,1.50,1.17
2012.10.25 08:35:21.794,1.49903,1.49926,1.13,2.48
2012.10.25 08:35:22.111,1.499,1.49926,2.25,2.48
2012.10.25 08:35:22.601,1.499,1.49928,1.13,1.35
2012.10.25 08:35:22.724,1.499,1.49928,1.88,1.35
2012.10.25 08:35:23.057,1.49904,1.49928,2.07,1.35
2012.10.25 08:35:23.612,1.49907,1.49934,1.32,2.48
2012.10.25 08:35:25.003,1.49902,1.49929,1.80,2.48
2012.10.25 08:35:25.135,1.49905,1.49934,2.25,2.48
2012.10.25 08:35:25.445,1.49905,1.49934,2.25,2.48
2012.10.25 08:35:25.575,1.49906,1.49931,1.13,2.48
2012.10.25 08:35:25.643,1.49906,1.49931,1.13,2.48
2012.10.25 08:35:25.833,1.49903,1.4993,1.77,1.25
2012.10.25 08:35:26.202,1.49902,1.49929,1.02,1.35
2012.10.25 08:35:27.061,1.49901,1.49926,1.50,2.48
2012.10.25 08:35:27.713,1.49902,1.49929,1.50,1.35
2012.10.25 08:35:29.661,1.49904,1.49931,2.25,1.35
2012.10.25 08:35:30.022,1.49906,1.49934,1.50,1.20
2012.10.25 08:35:30.595,1.49907,1.49932,1.50,2.25
2012.10.25 08:35:30.932,1.49907,1.49932,1.50,2.25
2012.10.25 08:35:33.355,1.49907,1.49936,1.69,1.20
2012.10.25 08:35:33.622,1.49908,1.49932,1.32,2.48
2012.10.25 08:35:34.892,1.49908,1.49935,1.69,2.48
2012.10.25 08:35:34.961,1.49908,1.49935,1.69,2.48
2012.10.25 08:35:35.334,1.49908,1.4993,1.50,1.32
2012.10.25 08:35:35.651,1.49889,1.49918,1.50,2.63
2012.10.25 08:35:35.906,1.4989,1.49913,1.13,2.48
2012.10.25 08:35:36.391,1.49879,1.49913,1.73,1.35
2012.10.25 08:35:36.513,1.49883,1.49908,1.35,3.00
2012.10.25 08:35:36.653,1.4988,1.49903,1.13,1.73
2012.10.25 08:35:36.722,1.49873,1.49893,2.89,1.09
2012.10.25 08:35:37.054,1.49865,1.49888,1.88,1.73
2012.10.25 08:35:37.125,1.49866,1.49888,2.25,2.48
2012.10.25 08:35:37.253,1.49866,1.49891,3.00,1.35
2012.10.25 08:35:37.322,1.49868,1.49891,1.50,2.10
2012.10.25 08:35:37.632,1.49862,1.49887,2.48,2.48
2012.10.25 08:35:37.702,1.49862,1.49887,1.73,2.48
2012.10.25 08:35:38.233,1.49862,1.49887,2.48,2.48
2012.10.25 08:35:38.309,1.49861,1.49887,2.40,2.48
2012.10.25 08:35:38.502,1.49862,1.49887,1.13,2.48
2012.10.25 08:35:38.852,1.49861,1.49887,1.50,2.48
2012.10.25 08:35:39.968,1.49861,1.49887,1.13,2.48
2012.10.25 08:35:40.281,1.49859,1.49886,1.13,1.35
2012.10.25 08:35:40.680,1.49859,1.49886,1.50,1.35
2012.10.25 08:35:41.227,1.49859,1.49886,1.50,1.35
2012.10.25 08:35:41.479,1.49865,1.49886,1.88,1.73
2012.10.25 08:35:41.544,1.49871,1.49887,1.13,3.34
2012.10.25 08:35:41.673,1.49871,1.49887,1.88,1.50
2012.10.25 08:35:42.111,1.49869,1.49895,1.35,1.88
2012.10.25 08:35:42.351,1.49874,1.49895,2.25,1.13
2012.10.25 08:35:43.062,1.49879,1.49898,1.50,1.13
2012.10.25 08:35:43.191,1.49879,1.49902,1.50,2.44
2012.10.25 08:35:43.783,1.49877,1.49901,1.73,1.50
2012.10.25 08:35:44.170,1.49876,1.49902,2.48,2.25
2012.10.25 08:35:44.671,1.49882,1.49903,1.13,1.13
2012.10.25 08:35:44.988,1.4988,1.49903,1.13,1.13
2012.10.25 08:35:45.164,1.49878,1.49903,1.35,1.13
2012.10.25 08:35:46.331,1.4988,1.49907,1.50,1.32
2012.10.25 08:35:46.812,1.49885,1.49908,1.73,1.13
2012.10.25 08:35:46.942,1.49885,1.49908,1.50,1.13
2012.10.25 08:35:48.021,1.49885,1.49908,1.73,2.07
2012.10.25 08:35:48.381,1.49889,1.49909,2.48,1.32
2012.10.25 08:35:48.692,1.49883,1.49907,1.80,1.69
2012.10.25 08:35:49.082,1.49882,1.49907,3.60,1.73
2012.10.25 08:35:49.442,1.49886,1.49909,1.35,1.35
2012.10.25 08:35:49.992,1.49886,1.49909,1.35,1.35
2012.10.25 08:35:51.205,1.49887,1.49917,1.35,3.38
2012.10.25 08:35:51.663,1.49887,1.49916,1.35,1.13
2012.10.25 08:35:52.053,1.49888,1.49916,1.35,1.13
2012.10.25 08:35:52.318,1.49887,1.49916,2.10,1.13
2012.10.25 08:35:52.384,1.49888,1.49916,1.35,1.13
2012.10.25 08:35:52.932,1.49887,1.4991,1.35,1.50
2012.10.25 08:35:54.492,1.49883,1.49907,2.25,2.10
2012.10.25 08:35:54.692,1.49883,1.49907,2.25,2.10
2012.10.25 08:35:54.763,1.49883,1.49907,2.25,1.88
2012.10.25 08:35:57.497,1.49884,1.49907,1.35,1.88
2012.10.25 08:35:57.681,1.49882,1.49907,1.28,2.63
2012.10.25 08:35:58.772,1.49883,1.49902,1.50,1.13
2012.10.25 08:35:59.081,1.49883,1.49902,2.63,1.13
2012.10.25 08:35:59.913,1.49885,1.49909,1.50,1.95
2012.10.25 08:36:00.042,1.49888,1.49909,2.85,1.50
2012.10.25 08:36:00.101,1.49888,1.49909,2.85,1.50
2012.10.25 08:36:00.411,1.49888,1.49909,2.85,1.50
2012.10.25 08:36:00.952,1.49891,1.49909,1.13,1.50
2012.10.25 08:36:01.052,1.49891,1.49909,1.13,1.50
2012.10.25 08:36:01.351,1.49892,1.49915,1.13,1.35
2012.10.25 08:36:07.603,1.49891,1.49915,2.10,1.13
2012.10.25 08:36:07.851,1.49888,1.49915,3.23,1.13
2012.10.25 08:36:08.711,1.49888,1.49915,3.23,1.13
2012.10.25 08:36:09.372,1.49889,1.49915,1.73,1.13
2012.10.25 08:36:10.302,1.49891,1.49915,1.73,1.13
2012.10.25 08:36:10.676,1.4989,1.49916,1.73,1.13
2012.10.25 08:36:10.743,1.49888,1.49916,2.85,1.13
2012.10.25 08:36:10.814,1.49888,1.49911,2.85,1.50
2012.10.25 08:36:10.882,1.49888,1.49909,2.85,1.50
2012.10.25 08:36:11.223,1.49881,1.49903,1.80,1.35
2012.10.25 08:36:11.353,1.49877,1.49902,1.73,2.48
2012.10.25 08:36:11.424,1.49877,1.49897,1.73,2.25
2012.10.25 08:36:11.552,1.49877,1.49897,1.73,2.25
2012.10.25 08:36:11.753,1.49874,1.49897,1.73,2.25
2012.10.25 08:36:11.894,1.49873,1.49897,2.78,2.48
2012.10.25 08:36:11.962,1.49873,1.49901,4.65,2.10
2012.10.25 08:36:12.204,1.49869,1.49889,1.88,1.13
2012.10.25 08:36:12.274,1.49868,1.49889,2.25,1.35
2012.10.25 08:36:12.531,1.49869,1.49891,1.50,2.10
2012.10.25 08:36:12.784,1.49868,1.49889,2.25,1.13
2012.10.25 08:36:12.972,1.49869,1.49894,1.50,1.73
2012.10.25 08:36:13.172,1.49869,1.49889,1.13,1.13
2012.10.25 08:36:13.481,1.49868,1.49894,2.48,1.13
2012.10.25 08:36:13.661,1.49872,1.49894,1.50,1.35
2012.10.25 08:36:13.781,1.49867,1.49894,3.00,1.35
2012.10.25 08:36:14.165,1.49869,1.49894,1.50,1.35
2012.10.25 08:36:14.721,1.49866,1.49894,1.88,1.35
2012.10.25 08:36:14.973,1.49869,1.49896,1.50,1.73
2012.10.25 08:36:15.104,1.49869,1.49897,3.00,1.32
2012.10.25 08:36:15.361,1.49873,1.49899,1.50,2.10
2012.10.25 08:36:15.723,1.49876,1.49899,1.13,1.35
2012.10.25 08:36:16.322,1.49877,1.49899,1.50,1.35
2012.10.25 08:36:18.202,1.49877,1.49901,2.25,1.20
2012.10.25 08:36:18.343,1.49877,1.49901,2.25,1.20
2012.10.25 08:36:18.412,1.49877,1.49899,1.50,1.35
2012.10.25 08:36:19.250,1.49877,1.49899,1.50,1.35
2012.10.25 08:36:21.091,1.49876,1.49899,1.50,1.35
2012.10.25 08:36:21.848,1.49877,1.49899,1.50,1.35
2012.10.25 08:36:23.220,1.49876,1.49899,1.50,1.35
2012.10.25 08:36:23.521,1.49873,1.49899,3.60,1.35
2012.10.25 08:36:24.002,1.49876,1.49903,1.73,1.84
2012.10.25 08:36:24.073,1.49879,1.49903,1.50,2.07
2012.10.25 08:36:24.202,1.49875,1.49903,3.23,1.09
2012.10.25 08:36:26.920,1.49878,1.49903,2.25,1.50
2012.10.25 08:36:27.103,1.49876,1.49899,1.50,1.35
2012.10.25 08:36:27.245,1.49874,1.49896,1.50,2.48
2012.10.25 08:36:27.318,1.49874,1.49896,1.50,1.73
2012.10.25 08:36:27.861,1.4987,1.49896,1.17,2.25
2012.10.25 08:36:28.852,1.49869,1.49896,1.32,2.44
2012.10.25 08:36:29.214,1.49872,1.49893,2.25,1.50
2012.10.25 08:36:29.582,1.49867,1.49891,1.50,1.13
2012.10.25 08:36:29.644,1.49867,1.49891,1.50,1.13
2012.10.25 08:36:29.714,1.49867,1.49894,1.50,1.95
2012.10.25 08:36:30.033,1.49866,1.49891,1.13,1.58
2012.10.25 08:36:30.102,1.49864,1.49891,2.63,1.58
2012.10.25 08:36:30.482,1.49866,1.49891,1.50,1.35
2012.10.25 08:36:31.952,1.49867,1.4989,1.50,1.35
2012.10.25 08:36:32.266,1.49865,1.4989,1.73,1.13
2012.10.25 08:36:32.873,1.49865,1.4989,1.88,1.35
2012.10.25 08:36:33.212,1.49859,1.4988,2.33,1.32
2012.10.25 08:36:33.522,1.49858,1.4988,1.50,1.32
2012.10.25 08:36:34.030,1.49857,1.4988,1.50,1.54
2012.10.25 08:36:36.243,1.49858,1.49878,2.25,1.17
2012.10.25 08:36:36.926,1.49858,1.49879,2.25,1.32
2012.10.25 08:36:37.981,1.49859,1.49879,1.50,1.32
2012.10.25 08:36:40.144,1.49859,1.49878,1.50,1.13
2012.10.25 08:36:40.393,1.49857,1.49878,1.73,1.13
2012.10.25 08:36:40.692,1.49855,1.49881,1.50,1.35
2012.10.25 08:36:41.052,1.49859,1.49881,1.50,1.35
2012.10.25 08:36:41.121,1.49856,1.49881,2.25,1.35
2012.10.25 08:36:42.812,1.49863,1.49881,1.50,1.35
2012.10.25 08:36:42.992,1.4986,1.49881,1.50,1.35
2012.10.25 08:36:43.182,1.49855,1.49881,1.50,1.35
2012.10.25 08:36:43.492,1.49856,1.49883,1.88,2.48
2012.10.25 08:36:43.673,1.4986,1.49885,2.25,1.58
2012.10.25 08:36:43.993,1.49864,1.49889,2.25,1.73
2012.10.25 08:36:44.734,1.49864,1.49884,2.25,1.13
2012.10.25 08:36:44.802,1.49864,1.49884,2.25,1.35
2012.10.25 08:36:44.993,1.49864,1.49884,1.50,1.35
2012.10.25 08:36:45.332,1.49864,1.49886,2.25,1.35
2012.10.25 08:36:45.813,1.49864,1.49884,1.50,1.35
2012.10.25 08:36:46.092,1.49864,1.49887,2.25,1.95
2012.10.25 08:36:46.403,1.49865,1.49887,1.73,1.73
2012.10.25 08:36:47.545,1.49869,1.49893,2.48,1.13
2012.10.25 08:36:49.982,1.49869,1.49893,1.73,1.13
2012.10.25 08:36:50.054,1.49869,1.49893,1.50,1.13
2012.10.25 08:36:50.942,1.49867,1.49893,3.00,1.13
2012.10.25 08:36:51.134,1.49868,1.49894,1.50,2.63
2012.10.25 08:36:51.384,1.49869,1.49893,3.23,1.13
2012.10.25 08:36:51.653,1.49869,1.49892,2.48,1.13
2012.10.25 08:36:51.843,1.49869,1.49892,2.25,1.13
2012.10.25 08:36:51.976,1.49869,1.49893,2.25,1.47
2012.10.25 08:36:53.453,1.49869,1.49892,3.00,1.13
2012.10.25 08:36:53.762,1.49869,1.49893,2.78,1.13
2012.10.25 08:36:53.831,1.49868,1.49893,1.28,1.13
2012.10.25 08:36:54.412,1.49869,1.49893,1.50,1.35
2012.10.25 08:36:54.482,1.49871,1.49893,1.50,1.35
2012.10.25 08:36:54.911,1.49872,1.49893,1.50,1.13
2012.10.25 08:36:55.186,1.49872,1.49893,1.50,1.13
2012.10.25 08:36:55.713,1.49872,1.499,1.13,2.48
2012.10.25 08:36:56.203,1.49872,1.499,1.13,2.48
2012.10.25 08:36:56.465,1.49872,1.499,1.35,2.25
2012.10.25 08:36:56.788,1.49872,1.499,1.13,2.48
2012.10.25 08:36:58.171,1.49875,1.499,1.13,2.48
2012.10.25 08:36:58.691,1.49877,1.49904,1.13,2.48
2012.10.25 08:36:59.213,1.49878,1.49904,1.13,2.48
2012.10.25 08:37:02.463,1.49876,1.49902,2.25,1.35
2012.10.25 08:37:03.261,1.49876,1.49902,1.50,1.35
2012.10.25 08:37:03.893,1.49876,1.49902,2.25,1.35
2012.10.25 08:37:04.093,1.49876,1.49898,2.25,1.35
2012.10.25 08:37:04.447,1.49874,1.49894,1.50,1.13
2012.10.25 08:37:06.146,1.49874,1.49894,1.50,1.35
2012.10.25 08:37:06.744,1.49874,1.49894,1.50,1.35
2012.10.25 08:37:06.820,1.49874,1.49894,2.25,1.13
2012.10.25 08:37:08.942,1.49874,1.49894,2.25,1.13
2012.10.25 08:37:09.192,1.49871,1.49893,2.25,1.13
2012.10.25 08:37:09.543,1.49871,1.49893,1.73,1.13
2012.10.25 08:37:09.675,1.49869,1.49894,1.35,1.13
2012.10.25 08:37:09.742,1.49869,1.49893,2.10,1.13
2012.10.25 08:37:09.813,1.49869,1.49893,2.10,1.13
2012.10.25 08:37:09.942,1.49875,1.49893,1.50,1.13
2012.10.25 08:37:10.492,1.49875,1.49893,1.73,1.13
2012.10.25 08:37:11.432,1.49875,1.49902,2.85,1.95
2012.10.25 08:37:11.503,1.49879,1.49902,1.50,1.95
2012.10.25 08:37:12.332,1.49879,1.49904,2.85,1.13
2012.10.25 08:37:12.403,1.49886,1.49906,1.13,1.13
2012.10.25 08:37:12.535,1.49889,1.49912,1.13,1.20
2012.10.25 08:37:13.057,1.49896,1.49914,1.50,1.73
2012.10.25 08:37:13.373,1.49897,1.49919,2.25,1.73
2012.10.25 08:37:13.922,1.49897,1.49918,1.69,1.73
2012.10.25 08:37:14.733,1.49893,1.49915,2.82,1.50
2012.10.25 08:37:15.286,1.49894,1.49918,1.69,1.58
2012.10.25 08:37:15.355,1.49894,1.49919,3.38,1.73
2012.10.25 08:37:15.566,1.49894,1.49915,3.00,1.88
2012.10.25 08:37:15.638,1.49897,1.49915,1.13,1.50
2012.10.25 08:37:15.844,1.49899,1.49918,1.13,1.50
2012.10.25 08:37:16.427,1.49899,1.4992,1.13,1.58
2012.10.25 08:37:16.510,1.49899,1.4992,1.13,1.20
2012.10.25 08:37:16.736,1.49899,1.49921,1.13,1.50
2012.10.25 08:37:16.807,1.49899,1.49921,1.13,2.25
2012.10.25 08:37:17.321,1.49895,1.4992,2.25,1.13
2012.10.25 08:37:17.704,1.49894,1.4992,1.35,1.35
2012.10.25 08:37:18.435,1.49894,1.49918,2.63,1.35
2012.10.25 08:37:20.161,1.49897,1.4992,2.25,1.32
2012.10.25 08:37:20.874,1.49904,1.49921,1.13,2.29
2012.10.25 08:37:21.068,1.49906,1.49924,2.85,1.88
2012.10.25 08:37:21.133,1.49906,1.49924,3.23,1.50
2012.10.25 08:37:21.581,1.49909,1.49928,1.13,1.20
2012.10.25 08:37:22.121,1.49909,1.49932,1.13,1.50
2012.10.25 08:37:23.183,1.49913,1.49934,1.13,2.10
2012.10.25 08:37:23.252,1.49913,1.49934,1.13,2.10
2012.10.25 08:37:23.452,1.49915,1.49934,1.50,2.10
2012.10.25 08:37:23.742,1.49915,1.49936,1.50,1.50
2012.10.25 08:37:24.123,1.49913,1.49936,2.10,1.73
2012.10.25 08:37:24.786,1.49911,1.49936,2.48,2.48
2012.10.25 08:37:24.859,1.49904,1.49924,1.50,1.13
2012.10.25 08:37:24.922,1.49899,1.49924,2.25,1.13
2012.10.25 08:37:24.992,1.49902,1.49923,1.50,1.50
2012.10.25 08:37:25.062,1.49902,1.49923,1.50,1.50
2012.10.25 08:37:25.196,1.49899,1.49923,1.88,1.50
2012.10.25 08:37:25.262,1.49898,1.49923,1.73,1.50
2012.10.25 08:37:25.332,1.49903,1.49923,1.50,1.50
2012.10.25 08:37:25.642,1.49909,1.49923,2.25,1.50
2012.10.25 08:37:25.843,1.49914,1.49935,1.50,1.32
2012.10.25 08:37:25.912,1.49917,1.49935,1.50,1.32
2012.10.25 08:37:26.242,1.49917,1.49935,1.50,1.13
2012.10.25 08:37:26.385,1.49921,1.49935,1.50,1.13
2012.10.25 08:37:26.593,1.49917,1.49935,1.50,1.13
2012.10.25 08:37:27.172,1.49915,1.4994,1.50,1.73
2012.10.25 08:37:27.661,1.49911,1.49937,1.73,3.00
2012.10.25 08:37:28.401,1.4991,1.49939,2.25,2.10
2012.10.25 08:37:28.771,1.4991,1.49936,1.13,3.23
2012.10.25 08:37:29.411,1.49909,1.49932,3.75,1.50
2012.10.25 08:37:30.123,1.49909,1.49933,2.25,1.50
2012.10.25 08:37:32.141,1.49909,1.49933,1.13,1.50
2012.10.25 08:37:33.753,1.4991,1.49927,3.00,1.50
2012.10.25 08:37:34.092,1.4991,1.49927,3.00,1.50
2012.10.25 08:37:34.487,1.49908,1.4993,1.50,2.10
2012.10.25 08:37:34.695,1.4991,1.49929,1.50,1.35
2012.10.25 08:37:35.141,1.49909,1.4993,1.50,1.50
2012.10.25 08:37:35.632,1.49907,1.4993,1.88,1.50
2012.10.25 08:37:36.498,1.4991,1.49931,2.25,1.50
2012.10.25 08:37:36.703,1.4991,1.49931,2.25,1.50
2012.10.25 08:37:37.067,1.49906,1.49931,1.50,1.73
2012.10.25 08:37:37.452,1.49908,1.49928,1.13,1.50
2012.10.25 08:37:37.933,1.49912,1.49928,1.50,1.50
2012.10.25 08:37:38.282,1.49914,1.49933,1.13,1.50
2012.10.25 08:37:38.693,1.49912,1.49932,1.13,1.13
2012.10.25 08:37:38.952,1.49904,1.49927,1.50,1.50
2012.10.25 08:37:39.294,1.49903,1.49927,1.13,1.73
2012.10.25 08:37:39.572,1.49896,1.49919,1.88,3.23
2012.10.25 08:37:39.632,1.49894,1.49919,1.88,3.23
2012.10.25 08:37:39.766,1.49892,1.49914,2.03,2.48
2012.10.25 08:37:39.831,1.49891,1.49914,1.50,2.48
2012.10.25 08:37:39.953,1.4989,1.49914,1.50,2.48
2012.10.25 08:37:40.201,1.49885,1.49905,1.50,1.50
2012.10.25 08:37:40.582,1.49887,1.49907,1.13,1.50
2012.10.25 08:37:40.901,1.49892,1.49907,1.50,1.50
2012.10.25 08:37:41.204,1.49885,1.49908,2.44,1.13
2012.10.25 08:37:41.683,1.49883,1.49905,1.69,1.50
2012.10.25 08:37:42.133,1.49882,1.49905,2.44,1.50
2012.10.25 08:37:42.321,1.49883,1.49905,1.13,1.73
2012.10.25 08:37:42.381,1.49883,1.49905,1.13,1.73
2012.10.25 08:37:42.441,1.49883,1.49905,1.50,1.73
2012.10.25 08:37:42.631,1.49879,1.49905,1.88,1.73
2012.10.25 08:37:42.753,1.49879,1.49904,1.50,1.50
2012.10.25 08:37:43.401,1.49878,1.49904,1.50,1.73
2012.10.25 08:37:43.463,1.49878,1.49904,1.50,1.73
2012.10.25 08:37:43.532,1.49879,1.49905,1.13,1.73
2012.10.25 08:37:44.005,1.49881,1.49905,1.88,1.73
2012.10.25 08:37:44.072,1.49881,1.49905,1.88,1.73
2012.10.25 08:37:44.205,1.49881,1.49905,1.50,2.48
2012.10.25 08:37:44.273,1.49879,1.49905,4.13,2.48
2012.10.25 08:37:44.887,1.49879,1.49905,2.63,2.48
2012.10.25 08:37:44.970,1.49877,1.49898,1.13,2.48
2012.10.25 08:37:45.520,1.49875,1.49897,1.50,2.10
2012.10.25 08:37:45.598,1.49869,1.49897,2.25,2.10
2012.10.25 08:37:46.142,1.49869,1.49893,1.50,1.73
2012.10.25 08:37:46.583,1.49869,1.49893,1.50,1.73
2012.10.25 08:37:47.332,1.49866,1.49889,1.13,1.73
2012.10.25 08:37:48.104,1.49865,1.49889,1.13,1.73
2012.10.25 08:37:48.173,1.49866,1.49889,1.50,1.73
2012.10.25 08:37:48.423,1.49871,1.49892,1.50,1.88
2012.10.25 08:37:49.242,1.49872,1.49896,1.50,2.48
2012.10.25 08:37:49.444,1.49872,1.49896,1.35,2.25
2012.10.25 08:37:49.983,1.49871,1.49899,2.63,1.35
2012.10.25 08:37:50.493,1.49871,1.49899,1.88,1.35
2012.10.25 08:37:50.964,1.49869,1.49878,1.88,1.13
2012.10.25 08:37:51.485,1.49869,1.49894,1.50,1.35
2012.10.25 08:37:51.892,1.49873,1.49894,1.50,1.35
2012.10.25 08:37:52.432,1.49873,1.49894,1.50,1.13
2012.10.25 08:37:52.502,1.49874,1.49897,1.13,1.17
2012.10.25 08:37:53.352,1.49873,1.4989,1.88,1.13
2012.10.25 08:37:53.704,1.4987,1.49897,2.25,1.50
2012.10.25 08:37:54.139,1.49869,1.49897,1.13,2.48
2012.10.25 08:37:54.292,1.49869,1.49897,1.13,2.48
2012.10.25 08:37:54.422,1.4987,1.49895,1.13,2.48
2012.10.25 08:37:54.553,1.49874,1.49898,2.58,1.35
2012.10.25 08:37:54.623,1.49876,1.49898,1.88,1.35
2012.10.25 08:37:55.179,1.49876,1.49898,2.25,1.13
2012.10.25 08:37:55.512,1.4988,1.49898,1.50,1.13
2012.10.25 08:37:56.477,1.49879,1.49905,1.13,2.70
2012.10.25 08:37:56.801,1.49869,1.49903,3.83,1.32
2012.10.25 08:37:57.161,1.49863,1.49896,2.70,1.73
2012.10.25 08:37:57.641,1.49868,1.49896,1.13,1.73
2012.10.25 08:37:57.831,1.49865,1.49898,2.95,1.35
2012.10.25 08:37:59.410,1.49864,1.49902,2.63,3.23
2012.10.25 08:37:59.712,1.49865,1.49894,2.25,2.48
2012.10.25 08:38:00.250,1.49858,1.49892,2.85,1.73
2012.10.25 08:38:00.372,1.49859,1.49892,2.03,1.73
2012.10.25 08:38:03.290,1.49861,1.49891,1.13,1.73
2012.10.25 08:38:04.622,1.49863,1.49888,1.08,1.73
2012.10.25 08:38:04.751,1.49863,1.49891,1.50,1.73
2012.10.25 08:38:05.152,1.4986,1.49891,3.60,1.73
2012.10.25 08:38:05.444,1.49864,1.49891,1.50,1.73
2012.10.25 08:38:05.513,1.49864,1.49892,2.48,1.73
2012.10.25 08:38:06.087,1.49864,1.49896,2.10,2.48
2012.10.25 08:38:06.154,1.49868,1.49896,2.25,2.48
2012.10.25 08:38:06.222,1.49871,1.49897,1.50,1.73
2012.10.25 08:38:06.411,1.49869,1.49901,1.56,2.20
2012.10.25 08:38:06.472,1.49872,1.49901,1.50,2.20
2012.10.25 08:38:07.522,1.49875,1.49906,1.50,1.73
2012.10.25 08:38:07.911,1.49869,1.49906,2.55,1.73
2012.10.25 08:38:08.090,1.49868,1.49901,5.25,1.73
2012.10.25 08:38:08.322,1.49873,1.49901,1.28,1.73
2012.10.25 08:38:08.712,1.49873,1.49904,1.13,2.48
2012.10.25 08:38:08.781,1.49873,1.49902,1.13,2.48
2012.10.25 08:38:08.902,1.49873,1.49899,1.13,2.48
2012.10.25 08:38:09.164,1.4987,1.49899,2.20,2.48
2012.10.25 08:38:09.531,1.49873,1.49902,2.10,1.50
2012.10.25 08:38:09.652,1.49873,1.49903,3.00,2.25
2012.10.25 08:38:09.982,1.49869,1.49902,1.88,1.50
2012.10.25 08:38:10.233,1.49873,1.49897,1.13,1.50
2012.10.25 08:38:10.432,1.4987,1.49899,1.50,2.25
2012.10.25 08:38:11.851,1.49872,1.49899,1.45,2.25
2012.10.25 08:38:12.272,1.49872,1.49899,2.20,2.25
2012.10.25 08:38:12.639,1.49878,1.49902,1.73,1.13
2012.10.25 08:38:13.009,1.49878,1.49904,1.73,1.50
2012.10.25 08:38:13.423,1.49872,1.49906,1.13,2.25
2012.10.25 08:38:13.492,1.49876,1.49906,1.50,2.25
2012.10.25 08:38:15.091,1.49873,1.49902,1.88,2.25
2012.10.25 08:38:15.441,1.49875,1.49902,1.50,1.50
2012.10.25 08:38:15.501,1.49876,1.49903,2.03,1.13
2012.10.25 08:38:15.562,1.49876,1.49904,3.15,1.13
2012.10.25 08:38:15.752,1.49881,1.49903,1.50,1.13
2012.10.25 08:38:15.821,1.49881,1.49903,1.88,1.13
2012.10.25 08:38:16.123,1.49884,1.49903,1.35,1.13
2012.10.25 08:38:16.462,1.49881,1.49903,1.05,1.13
2012.10.25 08:38:16.601,1.49881,1.49903,1.05,1.13
2012.10.25 08:38:16.913,1.4988,1.49903,1.88,1.13
2012.10.25 08:38:16.981,1.4988,1.49903,2.25,1.13
2012.10.25 08:38:17.162,1.4988,1.49904,2.48,1.13
2012.10.25 08:38:17.292,1.49883,1.49904,1.13,1.13
2012.10.25 08:38:17.653,1.49882,1.49911,1.50,1.13
2012.10.25 08:38:17.722,1.49883,1.49911,1.50,1.13
2012.10.25 08:38:17.863,1.49883,1.49911,1.73,1.13
2012.10.25 08:38:17.933,1.49881,1.49911,1.28,1.13
2012.10.25 08:38:18.151,1.49879,1.49911,2.71,1.13
2012.10.25 08:38:18.641,1.49879,1.49908,3.00,2.63
2012.10.25 08:38:18.892,1.49879,1.49908,3.60,2.63
2012.10.25 08:38:19.213,1.49884,1.49908,1.73,1.13
2012.10.25 08:38:19.886,1.49874,1.499,1.88,1.13
2012.10.25 08:38:20.187,1.49878,1.499,1.50,1.13
2012.10.25 08:38:20.262,1.49873,1.499,1.58,1.13
2012.10.25 08:38:20.921,1.49873,1.49899,3.53,1.50
2012.10.25 08:38:21.971,1.49873,1.49901,3.00,1.88
2012.10.25 08:38:23.432,1.49868,1.49899,2.25,2.25
2012.10.25 08:38:24.091,1.49871,1.49899,1.28,2.25
2012.10.25 08:38:24.601,1.49873,1.49899,1.28,2.25
2012.10.25 08:38:24.843,1.49873,1.49901,1.73,1.88
2012.10.25 08:38:25.351,1.49872,1.49901,1.35,1.88
2012.10.25 08:38:25.531,1.49873,1.49897,2.10,2.25
2012.10.25 08:38:26.801,1.49873,1.49897,2.85,1.50
2012.10.25 08:38:27.221,1.49873,1.49899,2.85,2.25
2012.10.25 08:38:27.291,1.49874,1.499,2.10,2.63
2012.10.25 08:38:27.655,1.49871,1.499,3.23,2.63
2012.10.25 08:38:28.265,1.49873,1.499,1.43,2.63
2012.10.25 08:38:29.581,1.49873,1.499,3.45,1.88
2012.10.25 08:38:30.421,1.49873,1.499,3.08,1.88
2012.10.25 08:38:30.712,1.49874,1.499,1.73,1.50
2012.10.25 08:38:30.782,1.49876,1.499,1.35,1.50
2012.10.25 08:38:30.902,1.49876,1.49904,1.95,2.25
2012.10.25 08:38:31.452,1.4988,1.49905,1.50,2.63
2012.10.25 08:38:31.884,1.4988,1.49905,1.50,2.63
2012.10.25 08:38:32.235,1.49881,1.49906,1.35,1.50
2012.10.25 08:38:33.002,1.49885,1.49908,1.13,1.13
2012.10.25 08:38:33.387,1.49887,1.49912,1.35,1.88
2012.10.25 08:38:33.918,1.49888,1.49907,1.28,1.13
2012.10.25 08:38:33.993,1.49883,1.49905,1.17,1.13
2012.10.25 08:38:34.314,1.49883,1.49906,1.28,1.13
2012.10.25 08:38:34.556,1.49886,1.49905,1.13,1.13
2012.10.25 08:38:34.624,1.49886,1.49905,1.13,1.13
2012.10.25 08:38:35.144,1.49888,1.49911,1.13,1.13
2012.10.25 08:38:35.922,1.49888,1.49911,1.13,1.13
2012.10.25 08:38:36.548,1.49889,1.49911,1.20,1.13
2012.10.25 08:38:40.682,1.49888,1.49912,1.20,2.63
2012.10.25 08:38:40.952,1.49888,1.49911,1.43,1.50
2012.10.25 08:38:41.023,1.49889,1.49911,1.20,1.50
2012.10.25 08:38:41.153,1.49888,1.49911,1.35,1.50
2012.10.25 08:38:41.224,1.49889,1.49903,1.35,1.13
2012.10.25 08:38:41.541,1.49883,1.49903,1.35,1.13
2012.10.25 08:38:42.212,1.49883,1.49903,1.35,1.13
2012.10.25 08:38:42.341,1.49883,1.49903,1.35,1.13
2012.10.25 08:38:44.999,1.49884,1.49909,1.35,1.32
2012.10.25 08:38:45.397,1.49888,1.49906,1.50,1.13
2012.10.25 08:38:45.651,1.49887,1.49906,1.20,1.13
2012.10.25 08:38:45.832,1.49883,1.49906,2.85,1.13
2012.10.25 08:38:48.584,1.49888,1.49911,1.35,1.32
2012.10.25 08:38:48.713,1.49888,1.49911,1.35,1.32
2012.10.25 08:38:49.262,1.49884,1.49911,3.68,1.13
2012.10.25 08:38:51.023,1.4989,1.49912,1.50,1.13
2012.10.25 08:38:51.152,1.49894,1.49914,1.13,1.28
2012.10.25 08:38:51.223,1.49894,1.49911,2.25,1.13
2012.10.25 08:38:52.022,1.49888,1.49911,1.13,1.13
2012.10.25 08:38:52.542,1.49887,1.4991,1.80,1.50
2012.10.25 08:38:52.613,1.49887,1.4991,1.80,1.50
2012.10.25 08:38:52.746,1.49888,1.4991,1.13,1.50
2012.10.25 08:38:52.883,1.49886,1.4991,1.05,1.50
2012.10.25 08:38:53.072,1.49887,1.49911,1.58,1.35
2012.10.25 08:38:53.686,1.49888,1.49912,1.13,3.60
2012.10.25 08:38:55.004,1.49886,1.4991,1.58,2.25
2012.10.25 08:38:56.142,1.49887,1.4991,1.13,2.25
2012.10.25 08:38:56.567,1.49886,1.4991,1.35,2.25
2012.10.25 08:38:56.932,1.49886,1.49908,1.13,1.13
2012.10.25 08:38:57.121,1.49886,1.49908,1.13,1.13
2012.10.25 08:38:57.452,1.49883,1.49908,1.35,1.13
2012.10.25 08:38:57.691,1.49885,1.49908,1.13,1.13
2012.10.25 08:38:57.932,1.49885,1.49908,1.13,1.13
2012.10.25 08:38:58.221,1.49885,1.49908,1.35,1.13
2012.10.25 08:38:58.281,1.49885,1.49908,1.35,1.13
2012.10.25 08:38:58.465,1.49884,1.49908,2.25,1.13
2012.10.25 08:38:58.591,1.49884,1.49908,1.73,1.13
2012.10.25 08:39:03.471,1.49883,1.49907,1.50,1.13
2012.10.25 08:39:03.992,1.49883,1.49906,1.13,2.25
2012.10.25 08:39:04.552,1.49883,1.49906,1.88,2.25
2012.10.25 08:39:04.872,1.49881,1.49909,2.25,2.63
2012.10.25 08:39:05.622,1.49881,1.49909,1.35,2.25
2012.10.25 08:39:05.742,1.49882,1.49909,1.35,2.25
2012.10.25 08:39:08.253,1.4988,1.49905,1.35,2.25
2012.10.25 08:39:09.422,1.49882,1.49906,3.00,1.13
2012.10.25 08:39:09.843,1.49882,1.49906,2.25,1.13
2012.10.25 08:39:09.913,1.49882,1.49906,3.00,1.13
2012.10.25 08:39:10.666,1.49882,1.49908,3.00,1.13
2012.10.25 08:39:11.644,1.49882,1.49908,2.25,1.13
2012.10.25 08:39:11.711,1.49882,1.49908,1.50,1.13
2012.10.25 08:39:11.975,1.49882,1.49908,2.25,1.13
2012.10.25 08:39:12.592,1.49882,1.49909,2.63,1.88
2012.10.25 08:39:12.841,1.49883,1.49911,1.47,3.23
2012.10.25 08:39:12.901,1.4989,1.49911,1.13,2.48
2012.10.25 08:39:12.962,1.499,1.49913,1.47,2.48
2012.10.25 08:39:13.293,1.49916,1.4993,3.57,1.13
2012.10.25 08:39:13.497,1.49916,1.49934,2.63,3.75
2012.10.25 08:39:13.566,1.49918,1.49934,1.13,2.25
2012.10.25 08:39:13.703,1.49918,1.49934,1.13,2.25
2012.10.25 08:39:13.834,1.49919,1.49934,1.73,2.25
2012.10.25 08:39:13.907,1.49922,1.4994,2.25,1.50
2012.10.25 08:39:14.033,1.49919,1.49939,2.10,1.50
2012.10.25 08:39:14.230,1.49919,1.49939,2.10,1.50
2012.10.25 08:39:16.134,1.49919,1.49944,2.25,3.00
2012.10.25 08:39:16.831,1.49919,1.49944,1.50,2.25
2012.10.25 08:39:17.754,1.49919,1.49945,1.50,1.50
2012.10.25 08:39:18.293,1.49919,1.49946,3.23,1.13
2012.10.25 08:39:18.583,1.49919,1.49946,2.48,1.13
2012.10.25 08:39:18.891,1.4992,1.49947,1.13,1.13
2012.10.25 08:39:19.692,1.49919,1.49949,2.85,1.13
2012.10.25 08:39:20.071,1.49921,1.49949,1.13,1.13
2012.10.25 08:39:20.695,1.49922,1.49949,1.50,1.13
2012.10.25 08:39:21.442,1.49924,1.49952,1.13,1.13
2012.10.25 08:39:21.563,1.49924,1.49953,1.50,2.25
2012.10.25 08:39:22.142,1.49924,1.49953,1.50,2.25
2012.10.25 08:39:22.664,1.49924,1.49953,1.50,2.63
2012.10.25 08:39:22.733,1.49924,1.49953,1.13,2.63
2012.10.25 08:39:23.153,1.49924,1.49953,1.08,2.85
2012.10.25 08:39:23.293,1.49929,1.49954,1.13,1.50
2012.10.25 08:39:23.636,1.49935,1.49959,1.50,1.50
2012.10.25 08:39:24.344,1.49934,1.49958,1.50,1.13
2012.10.25 08:39:24.473,1.49936,1.49961,1.13,2.25
2012.10.25 08:39:24.922,1.49936,1.49965,1.32,1.13
2012.10.25 08:39:24.991,1.49936,1.49965,1.32,1.13
2012.10.25 08:39:25.683,1.49936,1.49965,1.69,1.20
2012.10.25 08:39:26.181,1.49936,1.49965,1.50,1.58
2012.10.25 08:39:26.802,1.49936,1.49964,1.13,2.33
2012.10.25 08:39:26.942,1.49935,1.49961,1.13,2.25
2012.10.25 08:39:27.373,1.49934,1.49961,1.73,2.25
2012.10.25 08:39:27.845,1.49935,1.49961,1.13,2.25
2012.10.25 08:39:28.332,1.49933,1.49961,2.93,2.25
2012.10.25 08:39:28.707,1.49935,1.4996,1.13,2.25
2012.10.25 08:39:28.775,1.4994,1.49958,3.00,2.25
2012.10.25 08:39:28.843,1.49945,1.49966,1.88,1.88
2012.10.25 08:39:29.614,1.49945,1.49967,1.88,2.63
2012.10.25 08:39:29.828,1.49945,1.49967,1.88,2.63
2012.10.25 08:39:29.981,1.49945,1.49967,2.48,1.13
2012.10.25 08:39:30.220,1.49946,1.49972,1.50,2.25
2012.10.25 08:39:32.811,1.49946,1.49974,1.50,1.35
2012.10.25 08:39:34.462,1.49947,1.49976,1.45,3.23
2012.10.25 08:39:34.784,1.4995,1.49977,2.25,1.50
2012.10.25 08:39:35.933,1.49952,1.49977,1.45,1.73
2012.10.25 08:39:36.063,1.49953,1.49977,1.13,1.50
2012.10.25 08:39:36.392,1.49952,1.49977,2.20,1.50
2012.10.25 08:39:36.644,1.49955,1.49977,1.13,1.50
2012.10.25 08:39:36.785,1.49955,1.49977,1.13,1.50
2012.10.25 08:39:37.054,1.49954,1.49977,1.50,1.50
2012.10.25 08:39:37.362,1.49957,1.49978,1.73,1.50
2012.10.25 08:39:37.931,1.49953,1.49977,2.25,1.50
2012.10.25 08:39:38.799,1.49953,1.4998,1.68,1.13
2012.10.25 08:39:39.424,1.49954,1.4998,3.18,1.13
2012.10.25 08:39:39.676,1.49955,1.4998,1.30,1.13
2012.10.25 08:39:40.693,1.49959,1.49985,1.35,1.50
2012.10.25 08:39:40.775,1.49958,1.49984,1.73,2.25
2012.10.25 08:39:41.153,1.49958,1.49983,1.13,3.00
2012.10.25 08:39:41.672,1.49948,1.49971,4.88,1.13
2012.10.25 08:39:41.802,1.49946,1.49971,3.02,1.13
2012.10.25 08:39:41.922,1.4994,1.49968,2.48,2.25
2012.10.25 08:39:42.103,1.49941,1.49964,1.13,2.25
2012.10.25 08:39:42.679,1.49941,1.49965,1.88,1.50
2012.10.25 08:39:42.862,1.49945,1.49966,1.50,1.69
2012.10.25 08:39:42.932,1.49945,1.49966,1.50,2.07
2012.10.25 08:39:43.433,1.4994,1.49966,2.48,1.69
2012.10.25 08:39:43.817,1.4994,1.49964,2.48,1.69
2012.10.25 08:39:44.424,1.49937,1.49964,1.17,1.50
2012.10.25 08:39:44.562,1.49937,1.49964,1.17,1.50
2012.10.25 08:39:45.972,1.49936,1.49963,2.29,1.50
2012.10.25 08:39:46.042,1.49936,1.49962,2.07,1.50
2012.10.25 08:39:46.173,1.49934,1.4996,1.17,3.75
2012.10.25 08:39:46.492,1.49929,1.49956,2.48,2.25
2012.10.25 08:39:47.013,1.49924,1.49951,2.89,1.13
2012.10.25 08:39:47.743,1.49923,1.49949,1.35,1.50
2012.10.25 08:39:47.873,1.49923,1.49949,1.13,1.50
2012.10.25 08:39:47.944,1.49923,1.49949,2.20,1.50
2012.10.25 08:39:48.273,1.49926,1.49951,1.73,2.25
2012.10.25 08:39:48.581,1.49932,1.49956,1.50,1.35
2012.10.25 08:39:48.642,1.49929,1.49953,1.50,2.48
2012.10.25 08:39:48.701,1.49926,1.49953,1.73,2.48
2012.10.25 08:39:49.012,1.49928,1.49953,1.50,1.73
2012.10.25 08:39:49.392,1.49924,1.49944,2.10,1.50
2012.10.25 08:39:49.461,1.49918,1.49945,1.82,1.50
2012.10.25 08:39:49.703,1.49924,1.49945,1.13,1.50
2012.10.25 08:39:51.144,1.49918,1.49943,3.03,1.13
2012.10.25 08:39:51.272,1.49915,1.49944,3.38,1.88
2012.10.25 08:39:51.332,1.49916,1.49944,1.88,1.88
2012.10.25 08:39:51.642,1.49924,1.49951,2.95,2.40
2012.10.25 08:39:51.914,1.49921,1.4995,2.48,3.60
2012.10.25 08:39:52.046,1.49921,1.49949,2.10,2.10
2012.10.25 08:39:52.114,1.49919,1.49945,1.35,1.13
2012.10.25 08:39:52.482,1.49918,1.49948,1.73,3.75
2012.10.25 08:39:53.038,1.49922,1.49948,2.10,1.13
2012.10.25 08:39:53.173,1.49922,1.49948,2.10,1.13
2012.10.25 08:39:54.483,1.49924,1.4995,3.04,1.50
2012.10.25 08:39:54.792,1.49924,1.49947,2.07,1.13
2012.10.25 08:39:55.732,1.49922,1.49947,3.00,1.13
2012.10.25 08:39:56.062,1.49922,1.49947,3.00,1.13
2012.10.25 08:39:56.693,1.49922,1.49945,3.38,1.13
2012.10.25 08:39:57.443,1.49921,1.49946,2.58,1.50
2012.10.25 08:39:57.695,1.49917,1.49936,1.50,1.13
2012.10.25 08:39:57.764,1.49918,1.49936,1.50,1.13
2012.10.25 08:39:58.152,1.49913,1.49936,1.50,1.13
2012.10.25 08:39:58.213,1.49913,1.49936,2.63,1.13
2012.10.25 08:39:58.523,1.4991,1.49936,1.35,1.50
2012.10.25 08:39:58.727,1.49914,1.49935,1.13,1.50
2012.10.25 08:39:58.912,1.49911,1.49935,3.18,1.50
2012.10.25 08:39:59.052,1.49911,1.49936,2.85,1.13
2012.10.25 08:39:59.124,1.49911,1.49936,2.85,1.13
2012.10.25 08:39:59.584,1.49914,1.49936,1.35,1.13
2012.10.25 08:40:00.054,1.49915,1.4994,1.68,1.50
2012.10.25 08:40:00.145,1.49911,1.49932,1.88,1.13
2012.10.25 08:40:00.216,1.49911,1.49932,1.50,2.63
2012.10.25 08:40:00.487,1.49922,1.49934,1.13,1.13
2012.10.25 08:40:00.623,1.49923,1.49941,1.13,1.88
2012.10.25 08:40:00.871,1.49917,1.49941,5.29,1.13
2012.10.25 08:40:01.173,1.49917,1.49937,3.38,1.13
2012.10.25 08:40:01.302,1.49917,1.49937,1.50,1.13
2012.10.25 08:40:01.433,1.49917,1.49937,1.92,1.13
2012.10.25 08:40:01.762,1.49916,1.49939,2.80,1.13
2012.10.25 08:40:01.833,1.49916,1.49939,3.55,1.13
2012.10.25 08:40:01.963,1.49917,1.49939,1.68,1.13
2012.10.25 08:40:02.483,1.49921,1.49947,1.73,2.48
2012.10.25 08:40:02.744,1.49921,1.49943,1.73,2.48
2012.10.25 08:40:02.816,1.49921,1.49943,1.50,2.48
2012.10.25 08:40:03.063,1.49914,1.49941,1.68,2.25
2012.10.25 08:40:03.603,1.49914,1.49939,2.05,1.13
2012.10.25 08:40:03.814,1.49913,1.49937,1.73,2.25
2012.10.25 08:40:04.795,1.49909,1.49931,1.73,1.13
2012.10.25 08:40:05.232,1.49909,1.49926,1.73,1.50
2012.10.25 08:40:05.372,1.49906,1.49924,2.48,1.50
2012.10.25 08:40:05.874,1.49905,1.49926,3.60,1.50
2012.10.25 08:40:06.122,1.49905,1.49926,1.73,1.50
2012.10.25 08:40:06.758,1.49905,1.49926,1.73,1.73
2012.10.25 08:40:07.120,1.49899,1.49914,1.35,1.13
2012.10.25 08:40:07.634,1.49903,1.49915,1.13,1.35
2012.10.25 08:40:08.795,1.49903,1.49924,2.48,1.50
2012.10.25 08:40:08.881,1.49912,1.4993,1.73,1.50
2012.10.25 08:40:08.958,1.49912,1.4993,2.10,1.28
2012.10.25 08:40:09.027,1.49912,1.4993,2.85,1.28
2012.10.25 08:40:09.158,1.49912,1.4993,1.35,1.28
2012.10.25 08:40:09.727,1.49912,1.49934,2.10,1.50
2012.10.25 08:40:10.182,1.4991,1.49928,1.35,1.13
2012.10.25 08:40:10.316,1.49905,1.49928,2.80,1.28
2012.10.25 08:40:10.583,1.49906,1.49928,2.20,1.13
2012.10.25 08:40:10.843,1.49906,1.49926,1.50,1.50
2012.10.25 08:40:11.803,1.49903,1.49923,2.85,1.50
2012.10.25 08:40:12.113,1.499,1.49919,1.11,1.13
2012.10.25 08:40:12.459,1.499,1.49918,2.48,1.13
2012.10.25 08:40:12.594,1.499,1.49918,2.48,1.88
2012.10.25 08:40:12.738,1.499,1.49918,1.73,1.88
2012.10.25 08:40:12.803,1.499,1.49918,1.50,1.88
2012.10.25 08:40:12.943,1.499,1.49918,1.50,1.88
2012.10.25 08:40:13.013,1.49895,1.49918,1.73,1.88
2012.10.25 08:40:14.371,1.49893,1.49913,2.48,1.35
2012.10.25 08:40:14.492,1.49893,1.49913,2.85,1.35
2012.10.25 08:40:15.313,1.49893,1.49913,1.50,1.13
2012.10.25 08:40:15.444,1.49893,1.49913,1.88,1.13
2012.10.25 08:40:15.837,1.49893,1.49913,1.73,1.13
2012.10.25 08:40:15.907,1.49893,1.49913,1.50,1.13
2012.10.25 08:40:16.099,1.4989,1.49912,1.88,1.13
2012.10.25 08:40:16.164,1.49891,1.49912,1.73,1.13
2012.10.25 08:40:16.234,1.49887,1.49903,2.48,1.13
2012.10.25 08:40:16.862,1.49887,1.49903,1.73,1.13
2012.10.25 08:40:17.004,1.49882,1.49903,1.73,1.13
2012.10.25 08:40:17.514,1.4988,1.49903,1.35,2.07
2012.10.25 08:40:18.007,1.49877,1.49898,2.48,1.32
2012.10.25 08:40:18.080,1.49877,1.49899,3.23,1.32
2012.10.25 08:40:18.218,1.49877,1.49898,2.48,1.32
2012.10.25 08:40:18.423,1.49877,1.49898,3.23,1.32
2012.10.25 08:40:19.024,1.49877,1.49898,2.48,1.32
2012.10.25 08:40:19.092,1.49877,1.499,3.23,1.32
2012.10.25 08:40:19.407,1.49877,1.49903,3.23,1.69
2012.10.25 08:40:19.537,1.49877,1.49902,3.23,1.32
2012.10.25 08:40:19.722,1.49877,1.49902,3.23,1.32
2012.10.25 08:40:20.213,1.49876,1.49902,1.73,1.32
2012.10.25 08:40:20.422,1.49872,1.49898,3.23,1.13
2012.10.25 08:40:20.492,1.49872,1.49898,2.48,1.13
2012.10.25 08:40:20.793,1.49872,1.49898,2.48,1.13
2012.10.25 08:40:20.863,1.49872,1.49899,3.23,1.88
2012.10.25 08:40:20.934,1.49872,1.49898,2.48,1.13
2012.10.25 08:40:21.302,1.49872,1.49899,2.48,2.48
2012.10.25 08:40:21.623,1.49872,1.49893,2.48,1.13
2012.10.25 08:40:22.333,1.49872,1.49898,2.48,2.10
2012.10.25 08:40:23.016,1.49872,1.49896,3.23,1.35
2012.10.25 08:40:23.219,1.49872,1.49893,2.48,1.13
2012.10.25 08:40:23.547,1.49872,1.49893,1.50,1.13
2012.10.25 08:40:23.863,1.49872,1.49891,2.48,2.25
2012.10.25 08:40:24.001,1.4987,1.49888,1.34,1.13
2012.10.25 08:40:24.063,1.49866,1.49885,1.34,1.13
2012.10.25 08:40:24.333,1.49871,1.49888,1.35,1.13
2012.10.25 08:40:24.405,1.49866,1.49885,1.73,1.13
2012.10.25 08:40:24.534,1.49866,1.49891,2.10,2.25
2012.10.25 08:40:24.663,1.49866,1.49889,1.73,1.13
2012.10.25 08:40:25.047,1.49864,1.49884,1.35,1.13
2012.10.25 08:40:26.056,1.49861,1.49884,2.48,1.50
2012.10.25 08:40:26.692,1.4986,1.49884,3.93,1.13
2012.10.25 08:40:26.935,1.49861,1.49888,1.73,1.13
2012.10.25 08:40:27.182,1.49861,1.49885,1.73,2.25
2012.10.25 08:40:27.254,1.49861,1.49885,1.73,2.25
2012.10.25 08:40:27.593,1.4986,1.49884,1.68,1.13
2012.10.25 08:40:27.724,1.4986,1.49884,1.35,1.13
2012.10.25 08:40:27.914,1.4986,1.49883,2.10,2.25
2012.10.25 08:40:28.042,1.49861,1.49883,2.85,2.25
2012.10.25 08:40:28.522,1.49862,1.49888,1.73,1.13
2012.10.25 08:40:28.585,1.49862,1.4989,2.48,2.44
2012.10.25 08:40:28.913,1.49863,1.4989,1.35,2.63
2012.10.25 08:40:29.043,1.49862,1.4989,1.73,3.00
2012.10.25 08:40:29.401,1.49862,1.4989,1.50,3.00
2012.10.25 08:40:29.466,1.49862,1.4989,1.50,3.00
2012.10.25 08:40:29.605,1.49862,1.4989,1.73,2.25
2012.10.25 08:40:30.043,1.49863,1.4989,1.35,2.25
2012.10.25 08:40:30.183,1.49862,1.4989,2.85,2.25
2012.10.25 08:40:30.312,1.49862,1.4989,2.63,2.48
2012.10.25 08:40:30.842,1.49862,1.49886,1.88,2.25
2012.10.25 08:40:31.044,1.49862,1.49889,1.88,2.25
2012.10.25 08:40:31.196,1.49863,1.49889,1.13,2.25
2012.10.25 08:40:31.268,1.49862,1.49887,2.85,1.78
2012.10.25 08:40:31.617,1.49859,1.49884,1.13,1.35
2012.10.25 08:40:31.953,1.49857,1.49884,3.23,1.35
2012.10.25 08:40:32.143,1.49859,1.49884,1.35,1.35
2012.10.25 08:40:32.274,1.49861,1.49884,2.10,1.35
2012.10.25 08:40:32.595,1.49861,1.49888,2.10,3.98
2012.10.25 08:40:32.664,1.49861,1.49887,2.10,1.73
2012.10.25 08:40:32.862,1.49861,1.49887,1.35,1.73
2012.10.25 08:40:33.093,1.49861,1.49884,1.73,2.48
2012.10.25 08:40:33.302,1.49859,1.49882,2.10,2.48
2012.10.25 08:40:34.234,1.49859,1.49884,1.35,1.50
2012.10.25 08:40:34.462,1.49859,1.49882,1.35,2.25
2012.10.25 08:40:34.652,1.49859,1.49882,1.35,2.25
2012.10.25 08:40:35.043,1.4986,1.49882,1.30,2.82
2012.10.25 08:40:35.302,1.49861,1.49882,1.35,2.82
2012.10.25 08:40:35.573,1.49861,1.49882,2.10,2.07
2012.10.25 08:40:35.821,1.49861,1.49884,2.10,2.82
2012.10.25 08:40:36.341,1.49861,1.49884,2.10,1.32
2012.10.25 08:40:36.402,1.49861,1.49882,1.35,1.32
2012.10.25 08:40:36.583,1.4986,1.49882,2.48,1.32
2012.10.25 08:40:38.432,1.49861,1.49883,1.73,1.32
2012.10.25 08:40:39.933,1.49866,1.49888,2.25,1.69
2012.10.25 08:40:41.493,1.49864,1.49884,1.95,1.13
2012.10.25 08:40:41.803,1.4986,1.49882,1.35,1.50
2012.10.25 08:40:41.934,1.49862,1.49882,1.35,2.25
2012.10.25 08:40:42.002,1.49862,1.49882,1.58,1.50
2012.10.25 08:40:42.513,1.49864,1.49883,1.35,1.13
2012.10.25 08:40:42.713,1.49866,1.49889,2.10,1.32
2012.10.25 08:40:42.843,1.49866,1.49891,2.10,2.82
2012.10.25 08:40:43.314,1.49866,1.49891,2.10,2.63
2012.10.25 08:40:43.443,1.49866,1.49891,1.35,2.63
2012.10.25 08:40:43.776,1.49865,1.49891,1.35,2.63
2012.10.25 08:40:43.848,1.49866,1.49887,1.50,2.25
2012.10.25 08:40:44.634,1.49868,1.49892,2.25,1.13
2012.10.25 08:40:45.143,1.4987,1.49892,1.35,1.13
2012.10.25 08:40:45.211,1.49872,1.49892,1.73,1.13
2012.10.25 08:40:45.393,1.49873,1.49897,1.73,2.44
2012.10.25 08:40:45.724,1.49882,1.49898,1.50,1.32
2012.10.25 08:40:46.252,1.49878,1.49898,2.25,1.13
2012.10.25 08:40:46.373,1.49883,1.49903,1.50,1.88
2012.10.25 08:40:46.443,1.49884,1.49903,1.50,1.13
2012.10.25 08:40:46.583,1.49884,1.49903,1.73,1.88
2012.10.25 08:40:47.142,1.49884,1.49903,1.50,1.13
2012.10.25 08:40:47.472,1.49883,1.49903,1.50,1.13
2012.10.25 08:40:47.541,1.49879,1.49903,1.65,1.13
2012.10.25 08:40:47.722,1.49877,1.499,1.28,2.25
2012.10.25 08:40:47.922,1.49876,1.499,1.88,2.25
2012.10.25 08:40:48.161,1.49877,1.499,1.13,2.25
2012.10.25 08:40:48.447,1.49877,1.499,1.88,2.25
2012.10.25 08:40:48.995,1.49881,1.49897,1.28,1.13
2012.10.25 08:40:49.064,1.49876,1.49897,2.40,1.13
2012.10.25 08:40:49.793,1.49874,1.49897,2.48,1.13
2012.10.25 08:40:51.583,1.49872,1.49899,2.25,1.73
2012.10.25 08:40:52.450,1.49876,1.49894,1.73,1.13
2012.10.25 08:40:52.764,1.49877,1.49898,1.73,1.35
2012.10.25 08:40:53.385,1.49876,1.49897,1.73,1.35
2012.10.25 08:40:53.914,1.49877,1.49893,1.50,1.13
2012.10.25 08:40:54.102,1.49877,1.49893,1.50,1.13
2012.10.25 08:40:54.484,1.49875,1.49893,1.80,1.13
2012.10.25 08:40:54.802,1.49873,1.49893,1.35,1.13
2012.10.25 08:40:54.921,1.49873,1.49893,1.35,1.13
2012.10.25 08:40:55.144,1.49873,1.49895,2.10,2.25
2012.10.25 08:40:55.212,1.49874,1.49895,1.35,1.88
2012.10.25 08:40:55.343,1.49883,1.49904,1.13,1.35
2012.10.25 08:40:55.414,1.49888,1.49905,1.13,2.45
2012.10.25 08:40:55.484,1.49887,1.49905,1.50,1.13
2012.10.25 08:40:55.553,1.49887,1.49908,1.83,1.35
2012.10.25 08:40:55.623,1.49891,1.49908,1.73,1.13
2012.10.25 08:40:55.693,1.49893,1.49909,1.35,1.13
2012.10.25 08:40:55.941,1.49893,1.49914,2.48,1.13
2012.10.25 08:40:56.062,1.49893,1.49914,2.48,1.13
2012.10.25 08:40:56.422,1.49893,1.49914,3.23,1.13
2012.10.25 08:40:57.191,1.49893,1.49917,2.10,1.50
2012.10.25 08:40:57.442,1.49893,1.49917,2.48,1.50
2012.10.25 08:40:57.562,1.49896,1.49919,1.50,1.13
2012.10.25 08:40:57.682,1.49897,1.49919,1.50,1.13
2012.10.25 08:40:57.934,1.49899,1.49919,1.50,1.13
2012.10.25 08:40:58.963,1.49898,1.49919,1.50,1.13
2012.10.25 08:40:59.253,1.49899,1.49921,1.50,2.10
2012.10.25 08:40:59.323,1.49899,1.49921,1.50,1.35
2012.10.25 08:40:59.458,1.49898,1.49925,2.48,2.48
2012.10.25 08:40:59.594,1.49897,1.49925,1.35,1.73
2012.10.25 08:40:59.669,1.49897,1.49925,1.35,1.50
2012.10.25 08:41:00.154,1.49898,1.49921,1.73,1.50
2012.10.25 08:41:00.225,1.49898,1.49925,3.23,1.50
2012.10.25 08:41:01.095,1.49898,1.49924,3.23,1.13
2012.10.25 08:41:01.407,1.49898,1.49923,1.73,1.13
2012.10.25 08:41:01.543,1.49898,1.49923,1.73,1.13
2012.10.25 08:41:02.081,1.49894,1.49919,2.10,2.25
2012.10.25 08:41:02.142,1.49894,1.4992,2.10,1.13
2012.10.25 08:41:02.814,1.49902,1.4992,1.13,1.13
2012.10.25 08:41:03.301,1.49902,1.49922,1.35,2.63
2012.10.25 08:41:03.475,1.49906,1.49924,1.13,1.13
2012.10.25 08:41:04.110,1.49903,1.4993,1.92,3.38
2012.10.25 08:41:04.180,1.49903,1.4993,1.92,3.38
2012.10.25 08:41:04.992,1.49905,1.49927,1.17,1.50
2012.10.25 08:41:05.335,1.49905,1.49927,1.17,1.50
2012.10.25 08:41:05.402,1.49905,1.49927,1.17,1.50
2012.10.25 08:41:06.644,1.49904,1.49927,1.35,1.50
2012.10.25 08:41:07.662,1.49906,1.49928,1.13,1.13
2012.10.25 08:41:07.870,1.49906,1.49928,1.35,1.13
2012.10.25 08:41:08.172,1.49904,1.49928,1.92,1.50
2012.10.25 08:41:08.485,1.49902,1.49918,1.69,1.13
2012.10.25 08:41:08.613,1.49906,1.49921,1.13,1.41
2012.10.25 08:41:08.804,1.49906,1.49925,1.13,2.25
2012.10.25 08:41:08.934,1.49907,1.49925,2.25,2.25
2012.10.25 08:41:09.123,1.49908,1.49926,1.13,1.13
2012.10.25 08:41:09.382,1.49908,1.4993,1.88,2.25
2012.10.25 08:41:09.443,1.49908,1.4993,1.13,2.25
2012.10.25 08:41:11.081,1.49903,1.49926,1.13,1.13
2012.10.25 08:41:11.480,1.49901,1.49925,1.50,1.13
2012.10.25 08:41:11.866,1.49904,1.49926,1.35,1.50
2012.10.25 08:41:13.032,1.49902,1.4993,1.50,1.13
2012.10.25 08:41:14.112,1.49901,1.49928,1.13,1.13
2012.10.25 08:41:14.828,1.49899,1.49924,1.73,1.13
2012.10.25 08:41:14.981,1.49897,1.49921,1.13,2.25
2012.10.25 08:41:16.056,1.49892,1.49918,1.50,2.25
2012.10.25 08:41:16.692,1.49892,1.49918,1.73,2.25
2012.10.25 08:41:16.771,1.49895,1.49922,3.23,1.41
2012.10.25 08:41:16.975,1.49893,1.49918,1.35,1.50
2012.10.25 08:41:17.103,1.49892,1.49914,2.25,1.13
2012.10.25 08:41:17.172,1.49891,1.49914,1.88,1.50
2012.10.25 08:41:17.692,1.49884,1.49907,1.39,1.13
2012.10.25 08:41:17.993,1.49882,1.49906,3.23,1.13
2012.10.25 08:41:18.122,1.49882,1.49906,3.23,1.13
2012.10.25 08:41:18.431,1.49882,1.49908,3.23,1.13
2012.10.25 08:41:18.611,1.49884,1.49911,2.10,1.88
2012.10.25 08:41:19.178,1.49891,1.49914,1.50,1.13
2012.10.25 08:41:19.253,1.49891,1.49913,2.25,1.50
2012.10.25 08:41:19.328,1.49891,1.49913,2.48,1.50
2012.10.25 08:41:19.395,1.49894,1.49914,1.73,1.13
2012.10.25 08:41:19.744,1.49897,1.49921,2.85,1.13
2012.10.25 08:41:20.657,1.49899,1.49926,1.73,1.69
2012.10.25 08:41:21.007,1.49906,1.49931,1.73,1.69
2012.10.25 08:41:21.074,1.49906,1.49931,1.73,1.69
2012.10.25 08:41:21.581,1.49907,1.4993,1.50,1.32
2012.10.25 08:41:22.142,1.49908,1.49931,1.50,1.13
2012.10.25 08:41:22.201,1.49906,1.49929,1.88,1.50
2012.10.25 08:41:22.773,1.49906,1.49929,1.88,1.50
2012.10.25 08:41:22.849,1.49908,1.49932,1.73,1.13
2012.10.25 08:41:23.392,1.49907,1.49932,1.73,1.88
2012.10.25 08:41:26.905,1.49906,1.4993,1.73,1.88
2012.10.25 08:41:27.232,1.49904,1.49928,1.73,1.50
2012.10.25 08:41:27.714,1.49904,1.49929,1.73,1.13
2012.10.25 08:41:28.225,1.49906,1.49927,1.73,1.88
2012.10.25 08:41:28.902,1.49902,1.49923,1.73,1.50
2012.10.25 08:41:29.212,1.49905,1.49921,1.73,1.50
2012.10.25 08:41:30.983,1.49906,1.49929,1.73,2.63
2012.10.25 08:41:32.893,1.49906,1.4993,1.73,2.63
2012.10.25 08:41:34.775,1.49904,1.49928,1.73,1.13
2012.10.25 08:41:35.162,1.49906,1.49921,1.73,2.25
2012.10.25 08:41:35.345,1.49902,1.49918,1.50,1.13
2012.10.25 08:41:35.413,1.49902,1.4992,1.50,1.13
2012.10.25 08:41:35.483,1.49903,1.49922,1.50,2.25
2012.10.25 08:41:35.553,1.49903,1.49922,1.50,1.50
2012.10.25 08:41:35.765,1.49899,1.49922,1.35,2.25
2012.10.25 08:41:35.894,1.49898,1.49924,1.73,1.50
2012.10.25 08:41:35.966,1.49898,1.49924,1.73,3.00
2012.10.25 08:41:36.036,1.49899,1.49922,1.73,1.50
2012.10.25 08:41:36.352,1.49901,1.49923,1.73,1.50
2012.10.25 08:41:38.191,1.499,1.49922,1.35,1.13
2012.10.25 08:41:38.423,1.49901,1.49922,1.73,1.13
2012.10.25 08:41:38.494,1.499,1.49922,1.35,1.13
2012.10.25 08:41:38.622,1.49901,1.49922,1.73,1.13
2012.10.25 08:41:39.002,1.49898,1.49924,1.73,1.50
2012.10.25 08:41:39.183,1.49898,1.49924,2.10,1.13
2012.10.25 08:41:39.314,1.49898,1.49925,2.10,1.13
2012.10.25 08:41:39.383,1.49899,1.49925,1.73,1.13
2012.10.25 08:41:40.092,1.49899,1.49926,1.73,1.88
2012.10.25 08:41:40.413,1.49902,1.49919,1.13,2.25
2012.10.25 08:41:40.619,1.49902,1.49924,1.13,1.73
2012.10.25 08:41:40.688,1.49901,1.49922,1.13,1.73
2012.10.25 08:41:40.812,1.49902,1.49922,1.35,1.50
2012.10.25 08:41:40.991,1.49904,1.49929,1.73,2.25
2012.10.25 08:41:41.112,1.49905,1.49931,1.73,1.13
2012.10.25 08:41:41.433,1.49908,1.4993,1.73,1.13
2012.10.25 08:41:41.683,1.49905,1.49929,1.73,1.13
2012.10.25 08:41:41.872,1.49905,1.49929,1.73,1.50
2012.10.25 08:41:42.112,1.49902,1.49927,2.10,1.13
2012.10.25 08:41:43.977,1.49904,1.49927,1.73,1.88
2012.10.25 08:41:44.474,1.49899,1.49919,1.35,1.50
2012.10.25 08:41:44.545,1.49899,1.49922,1.13,3.00
2012.10.25 08:41:44.683,1.499,1.49921,1.50,1.50
2012.10.25 08:41:46.843,1.499,1.49921,1.73,1.50
2012.10.25 08:41:47.092,1.499,1.49924,1.73,1.13
2012.10.25 08:41:47.286,1.499,1.49914,1.50,1.50
2012.10.25 08:41:47.592,1.49897,1.49914,1.73,1.50
2012.10.25 08:41:48.882,1.49896,1.49914,1.35,2.25
2012.10.25 08:41:49.432,1.49895,1.4992,1.50,2.25
2012.10.25 08:41:49.613,1.49893,1.49916,2.48,1.13
2012.10.25 08:41:49.993,1.4989,1.49909,1.43,2.25
2012.10.25 08:41:50.064,1.49886,1.49909,2.18,2.63
2012.10.25 08:41:50.132,1.49886,1.49909,2.18,2.63
2012.10.25 08:41:50.371,1.49886,1.49909,1.35,2.63
2012.10.25 08:41:50.491,1.49886,1.49909,1.35,2.63
2012.10.25 08:41:50.852,1.49886,1.49909,1.13,3.38
2012.10.25 08:41:51.175,1.49881,1.49908,2.10,1.50
2012.10.25 08:41:51.492,1.49881,1.49908,1.73,1.88
2012.10.25 08:41:51.671,1.49881,1.49908,1.73,1.88
2012.10.25 08:41:52.239,1.49881,1.49908,1.73,1.50
2012.10.25 08:41:52.541,1.49881,1.49908,1.73,1.50
2012.10.25 08:41:52.851,1.49885,1.49911,1.35,1.41
2012.10.25 08:41:53.151,1.49885,1.49911,1.35,1.13
2012.10.25 08:41:53.272,1.49888,1.49913,3.23,1.13
2012.10.25 08:41:53.765,1.49888,1.49914,3.23,2.25
2012.10.25 08:41:55.096,1.49889,1.49914,1.35,1.88
2012.10.25 08:41:55.705,1.49889,1.49912,1.35,1.13
2012.10.25 08:41:56.022,1.49889,1.49909,1.35,1.50
2012.10.25 08:41:56.352,1.49888,1.49907,1.35,1.13
2012.10.25 08:41:56.422,1.49889,1.49908,1.35,1.13
2012.10.25 08:41:56.616,1.49888,1.49907,1.13,1.13
2012.10.25 08:41:56.744,1.49885,1.49907,1.17,1.50
2012.10.25 08:41:57.651,1.49879,1.49905,1.73,2.10
2012.10.25 08:41:58.491,1.49878,1.49904,3.98,1.73
2012.10.25 08:41:58.962,1.49878,1.49904,3.98,1.35
2012.10.25 08:41:59.213,1.49879,1.49904,1.73,1.88
2012.10.25 08:41:59.742,1.49877,1.49904,2.34,1.84
2012.10.25 08:41:59.924,1.49881,1.49904,2.48,1.09
2012.10.25 08:42:00.232,1.49881,1.49906,2.48,1.32
2012.10.25 08:42:00.713,1.49881,1.49906,2.48,1.32
2012.10.25 08:42:00.782,1.49881,1.49906,2.48,1.32
2012.10.25 08:42:01.092,1.49881,1.49904,2.48,1.13
2012.10.25 08:42:01.682,1.49881,1.49907,3.23,1.50
2012.10.25 08:42:01.934,1.49881,1.49907,2.48,1.69
2012.10.25 08:42:02.695,1.49881,1.49907,2.48,1.50
2012.10.25 08:42:02.955,1.49881,1.49903,2.48,1.13
2012.10.25 08:42:03.152,1.49879,1.49904,1.35,1.13
2012.10.25 08:42:03.223,1.49879,1.49906,1.35,2.16
2012.10.25 08:42:03.682,1.49879,1.49906,3.18,1.03
2012.10.25 08:42:03.753,1.49886,1.4991,2.25,1.35
2012.10.25 08:42:04.672,1.49884,1.4991,3.23,1.73
2012.10.25 08:42:05.511,1.49882,1.49909,4.13,1.32
2012.10.25 08:42:05.875,1.49882,1.49909,4.13,1.32
2012.10.25 08:42:06.703,1.4988,1.49907,1.73,2.85
2012.10.25 08:42:06.780,1.4988,1.49903,1.73,1.13
2012.10.25 08:42:06.844,1.4988,1.49903,1.73,1.13
2012.10.25 08:42:07.693,1.49875,1.499,1.73,1.13
2012.10.25 08:42:08.252,1.49874,1.49899,1.35,1.32
2012.10.25 08:42:08.892,1.49873,1.49899,3.23,3.19
2012.10.25 08:42:09.513,1.49873,1.49899,3.23,4.69
2012.10.25 08:42:10.523,1.49873,1.49893,1.73,1.50
2012.10.25 08:42:11.204,1.49874,1.49898,2.48,1.13
2012.10.25 08:42:16.241,1.49873,1.49899,3.23,3.00
2012.10.25 08:42:16.757,1.49873,1.49898,1.73,1.50
2012.10.25 08:42:18.551,1.49873,1.49898,1.73,1.50
2012.10.25 08:42:18.611,1.49873,1.49898,1.73,1.50
2012.10.25 08:42:19.641,1.49873,1.49898,1.73,3.00
2012.10.25 08:42:19.872,1.49873,1.49898,1.73,3.00
2012.10.25 08:42:19.931,1.49873,1.49898,1.73,3.00
2012.10.25 08:42:20.141,1.49873,1.49898,1.73,3.00
2012.10.25 08:42:20.303,1.49873,1.49898,1.73,3.00
2012.10.25 08:42:20.501,1.49873,1.49898,1.73,2.25
2012.10.25 08:42:21.492,1.49873,1.49894,1.73,1.50
2012.10.25 08:42:21.673,1.49873,1.49897,1.73,1.50
2012.10.25 08:42:21.806,1.49873,1.49899,1.50,1.50
2012.10.25 08:42:22.134,1.49873,1.49899,1.50,1.50
2012.10.25 08:42:22.580,1.49873,1.49899,1.50,1.50
2012.10.25 08:42:22.963,1.49872,1.49899,1.50,1.88
2012.10.25 08:42:26.373,1.49871,1.49899,1.73,2.25
2012.10.25 08:42:27.812,1.4987,1.49896,2.85,1.73
2012.10.25 08:42:28.401,1.4987,1.49896,2.48,1.73
2012.10.25 08:42:29.282,1.4987,1.49896,2.48,1.73
2012.10.25 08:42:30.789,1.4987,1.49897,2.48,1.73
2012.10.25 08:42:31.376,1.4987,1.49893,2.48,1.73
2012.10.25 08:42:37.855,1.49865,1.49897,3.23,3.23
2012.10.25 08:42:38.548,1.49866,1.49892,1.73,2.10
2012.10.25 08:42:40.603,1.49866,1.49892,1.73,2.10
2012.10.25 08:42:40.952,1.49866,1.49883,1.73,1.50
2012.10.25 08:42:41.082,1.49865,1.49883,1.50,1.88
2012.10.25 08:42:41.383,1.49861,1.49883,1.77,1.32
2012.10.25 08:42:41.692,1.49861,1.49888,1.25,2.91
2012.10.25 08:42:41.944,1.4986,1.49888,1.73,2.91
2012.10.25 08:42:42.012,1.49861,1.49887,1.27,1.13
2012.10.25 08:42:42.321,1.4986,1.49883,1.73,1.13
2012.10.25 08:42:43.161,1.49859,1.49883,2.63,1.13
2012.10.25 08:42:43.222,1.49859,1.49886,1.73,1.50
2012.10.25 08:42:43.403,1.49861,1.49887,1.73,5.07
2012.10.25 08:42:43.693,1.49861,1.49886,1.73,1.13
2012.10.25 08:42:44.083,1.49859,1.49887,3.23,4.32
2012.10.25 08:42:44.214,1.49859,1.49881,1.73,2.63
2012.10.25 08:42:44.282,1.49859,1.49881,1.88,2.63
2012.10.25 08:42:44.875,1.49854,1.49878,1.73,1.50
2012.10.25 08:42:45.403,1.49854,1.49879,1.73,1.13
2012.10.25 08:42:48.208,1.49854,1.49882,1.73,3.72
2012.10.25 08:42:48.543,1.49854,1.49882,1.73,3.72
2012.10.25 08:42:50.102,1.49854,1.49882,1.73,3.72
2012.10.25 08:42:59.253,1.49854,1.49882,3.23,2.25
2012.10.25 08:43:10.926,1.49855,1.49879,1.73,1.47
2012.10.25 08:43:11.231,1.49853,1.49877,2.25,2.25
2012.10.25 08:43:11.414,1.49853,1.49879,2.48,3.60
2012.10.25 08:43:11.664,1.49853,1.49878,1.88,1.50
2012.10.25 08:43:11.852,1.49853,1.49876,1.88,1.13
2012.10.25 08:43:12.502,1.49853,1.49876,2.25,1.13
2012.10.25 08:43:12.579,1.49853,1.49877,2.25,1.47
2012.10.25 08:43:14.155,1.49854,1.49877,1.13,1.09
2012.10.25 08:43:14.233,1.49854,1.49874,1.13,1.09
2012.10.25 08:43:14.306,1.49855,1.49877,1.13,2.22
2012.10.25 08:43:14.374,1.49856,1.49878,1.50,2.25
2012.10.25 08:43:14.444,1.49856,1.49882,2.25,2.44
2012.10.25 08:43:14.634,1.49856,1.49876,2.48,1.88
2012.10.25 08:43:14.773,1.49856,1.49874,2.48,1.13
2012.10.25 08:43:15.377,1.49856,1.49874,1.50,1.73
2012.10.25 08:43:15.455,1.49849,1.49876,2.25,3.60
2012.10.25 08:43:15.856,1.49854,1.49878,1.35,2.07
2012.10.25 08:43:15.923,1.49854,1.49878,1.35,1.32
2012.10.25 08:43:15.996,1.49854,1.4988,1.35,3.23
2012.10.25 08:43:16.062,1.49854,1.49878,2.85,1.13
2012.10.25 08:43:18.473,1.49855,1.49878,2.10,1.13
2012.10.25 08:43:18.663,1.49855,1.49877,1.88,1.13
2012.10.25 08:43:18.912,1.49855,1.49876,1.13,1.88
2012.10.25 08:43:19.222,1.49855,1.49876,1.13,1.13
2012.10.25 08:43:19.644,1.49855,1.49877,1.13,1.73
2012.10.25 08:43:20.121,1.49855,1.49876,1.13,1.13
2012.10.25 08:43:20.633,1.49852,1.49876,1.35,1.13
2012.10.25 08:43:22.243,1.49852,1.49876,1.35,1.50
2012.10.25 08:43:22.492,1.4985,1.49873,1.13,3.00
2012.10.25 08:43:23.629,1.49849,1.49873,1.28,2.25
2012.10.25 08:43:24.135,1.49848,1.49873,1.13,2.48
2012.10.25 08:43:24.275,1.49852,1.49873,1.28,2.25
2012.10.25 08:43:24.785,1.49852,1.49877,2.03,1.13
2012.10.25 08:43:25.114,1.49852,1.49873,1.88,1.13
2012.10.25 08:43:25.243,1.49852,1.49873,1.13,1.13
2012.10.25 08:43:26.132,1.49852,1.49875,1.73,2.25
2012.10.25 08:43:26.933,1.4985,1.49875,1.35,2.25
2012.10.25 08:43:27.002,1.49849,1.49873,1.58,2.25
2012.10.25 08:43:27.302,1.49846,1.49873,2.48,2.25
2012.10.25 08:43:27.723,1.49847,1.49873,1.13,2.25
2012.10.25 08:43:28.211,1.49844,1.49867,3.15,1.13
2012.10.25 08:43:28.331,1.49842,1.49867,3.60,1.13
2012.10.25 08:43:28.692,1.49843,1.49867,1.13,1.13
2012.10.25 08:43:29.371,1.49843,1.49871,1.88,2.85
2012.10.25 08:43:29.673,1.49843,1.4987,2.10,1.50
2012.10.25 08:43:29.748,1.49843,1.49869,1.35,2.25
2012.10.25 08:43:30.123,1.49842,1.49869,1.35,2.25
2012.10.25 08:43:30.313,1.49843,1.49863,1.35,1.50
2012.10.25 08:43:30.683,1.49836,1.49863,1.73,1.88
2012.10.25 08:43:31.398,1.4984,1.49863,1.73,1.13
2012.10.25 08:43:31.903,1.49839,1.49866,1.88,2.10
2012.10.25 08:43:31.972,1.4984,1.49866,1.59,1.13
2012.10.25 08:43:32.032,1.4984,1.49868,1.59,3.53
2012.10.25 08:43:32.902,1.4984,1.49866,1.59,1.13
2012.10.25 08:43:33.193,1.49838,1.49864,1.73,2.63
2012.10.25 08:43:33.947,1.49838,1.49864,1.73,2.63
2012.10.25 08:43:34.429,1.49838,1.49864,1.73,2.63
2012.10.25 08:43:34.842,1.49839,1.49864,1.73,2.25
2012.10.25 08:43:35.611,1.49839,1.49862,2.10,1.13
2012.10.25 08:43:35.933,1.49839,1.49862,2.10,1.13
2012.10.25 08:43:36.942,1.49838,1.4986,1.35,1.13
2012.10.25 08:43:37.061,1.49838,1.4986,1.35,1.13
2012.10.25 08:43:37.433,1.49834,1.49855,1.17,1.13
2012.10.25 08:43:37.507,1.49832,1.49855,3.04,1.50
2012.10.25 08:43:37.573,1.49831,1.49852,1.17,1.13
2012.10.25 08:43:37.642,1.49827,1.49852,1.92,1.13
2012.10.25 08:43:38.124,1.4983,1.49849,3.19,1.13
2012.10.25 08:43:38.254,1.49836,1.49854,1.69,3.00
2012.10.25 08:43:38.445,1.4983,1.49854,2.67,1.88
2012.10.25 08:43:38.992,1.49826,1.49849,1.54,2.63
2012.10.25 08:43:39.811,1.49826,1.49851,1.35,1.13
2012.10.25 08:43:39.873,1.49828,1.49851,2.48,1.13
2012.10.25 08:43:40.631,1.49828,1.49851,1.73,1.13
2012.10.25 08:43:40.963,1.49828,1.49851,2.48,1.13
2012.10.25 08:43:42.652,1.49828,1.49851,1.73,1.13
2012.10.25 08:43:42.872,1.49828,1.49851,2.48,1.13
2012.10.25 08:43:45.251,1.49828,1.49854,2.48,2.25
2012.10.25 08:43:45.749,1.49828,1.49854,1.73,2.25
2012.10.25 08:43:45.991,1.49824,1.49853,1.35,2.25
2012.10.25 08:43:48.412,1.4983,1.49854,1.13,1.13
2012.10.25 08:43:48.602,1.4983,1.49856,1.35,1.13
2012.10.25 08:43:49.174,1.49834,1.49857,1.50,1.88
2012.10.25 08:43:49.242,1.49834,1.49857,1.50,1.50
2012.10.25 08:43:49.812,1.49834,1.49861,2.10,2.25
2012.10.25 08:43:50.143,1.49834,1.49861,2.10,2.25
2012.10.25 08:43:53.942,1.49849,1.49862,1.13,1.50
2012.10.25 08:43:54.003,1.49849,1.49868,1.13,3.23
2012.10.25 08:43:54.133,1.49849,1.4987,1.13,1.32
2012.10.25 08:43:54.455,1.49849,1.49874,3.18,1.32
2012.10.25 08:43:54.963,1.49852,1.49874,2.48,1.32
2012.10.25 08:43:55.213,1.49849,1.49874,2.85,1.32
2012.10.25 08:43:55.342,1.49849,1.49874,2.85,1.13
2012.10.25 08:43:55.402,1.49849,1.49873,2.85,1.50
2012.10.25 08:43:55.704,1.49855,1.49876,1.88,1.50
2012.10.25 08:43:55.952,1.49855,1.49877,1.88,1.88
2012.10.25 08:43:56.254,1.49849,1.49874,2.85,1.13
2012.10.25 08:43:56.692,1.49849,1.49874,3.38,1.13
2012.10.25 08:43:58.435,1.49849,1.49874,3.38,1.13
2012.10.25 08:44:00.154,1.49849,1.49875,2.48,1.13
2012.10.25 08:44:01.102,1.49849,1.49875,1.73,1.13
2012.10.25 08:44:01.343,1.49846,1.4987,1.92,1.13
2012.10.25 08:44:01.485,1.49846,1.49868,1.17,1.50
2012.10.25 08:44:01.552,1.49844,1.49868,1.50,1.73
2012.10.25 08:44:01.952,1.49844,1.49868,2.25,1.32
2012.10.25 08:44:02.465,1.49844,1.49865,2.48,1.35
2012.10.25 08:44:02.539,1.49841,1.49861,1.80,1.13
2012.10.25 08:44:02.663,1.49836,1.49859,3.23,1.13
2012.10.25 08:44:02.792,1.49836,1.49859,3.00,1.13
2012.10.25 08:44:02.863,1.49836,1.49859,1.50,1.13
2012.10.25 08:44:04.002,1.49837,1.49857,1.50,1.88
2012.10.25 08:44:04.637,1.49837,1.49857,1.50,1.50
2012.10.25 08:44:04.764,1.49837,1.49857,2.25,1.73
2012.10.25 08:44:05.115,1.49832,1.49857,3.23,1.73
2012.10.25 08:44:05.182,1.49832,1.49857,3.00,1.73
2012.10.25 08:44:05.363,1.49832,1.49857,3.00,2.48
2012.10.25 08:44:05.505,1.49832,1.49857,1.50,1.88
2012.10.25 08:44:05.992,1.49834,1.49856,1.50,1.13
2012.10.25 08:44:06.282,1.49836,1.49856,1.50,1.13
2012.10.25 08:44:08.042,1.49836,1.49862,1.50,1.13
2012.10.25 08:44:10.065,1.49837,1.49863,2.48,1.88
2012.10.25 08:44:10.395,1.49837,1.49863,2.48,1.88
2012.10.25 08:44:14.333,1.49842,1.49864,2.25,1.69
2012.10.25 08:44:15.993,1.49844,1.49864,2.25,1.13
2012.10.25 08:44:16.063,1.49844,1.49866,2.25,1.20
2012.10.25 08:44:19.163,1.49844,1.49865,1.50,1.73
2012.10.25 08:44:19.234,1.4984,1.49859,1.35,1.50
2012.10.25 08:44:19.455,1.49837,1.49854,1.13,1.50
2012.10.25 08:44:19.704,1.49834,1.49854,2.25,1.50
2012.10.25 08:44:20.603,1.49834,1.49856,2.25,1.73
2012.10.25 08:44:20.823,1.49834,1.49854,2.25,1.50
2012.10.25 08:44:21.029,1.49831,1.49857,2.48,2.10
2012.10.25 08:44:21.355,1.4984,1.49862,2.63,1.50
2012.10.25 08:44:21.567,1.49846,1.49862,2.25,1.65
2012.10.25 08:44:22.163,1.49842,1.49862,2.25,1.13
2012.10.25 08:44:22.922,1.49842,1.49864,2.25,1.73
2012.10.25 08:44:23.563,1.49842,1.49866,2.63,1.73
2012.10.25 08:44:25.014,1.49846,1.49866,1.13,1.73
2012.10.25 08:44:25.573,1.49847,1.49866,1.13,1.73
2012.10.25 08:44:25.797,1.49847,1.49866,1.13,1.73
2012.10.25 08:44:25.937,1.49845,1.49866,2.25,1.73
2012.10.25 08:44:26.004,1.49842,1.49866,1.13,1.73
2012.10.25 08:44:26.132,1.49841,1.49866,1.65,1.73
2012.10.25 08:44:26.386,1.49841,1.49866,1.88,1.73
2012.10.25 08:44:26.514,1.49844,1.49866,1.50,1.50
2012.10.25 08:44:27.433,1.49844,1.49866,2.25,1.50
2012.10.25 08:44:28.102,1.49844,1.49867,2.63,1.50
2012.10.25 08:44:28.162,1.49844,1.49866,2.63,1.50
2012.10.25 08:44:28.263,1.49849,1.49866,1.50,1.50
2012.10.25 08:44:28.577,1.49849,1.49866,1.50,1.50
2012.10.25 08:44:28.643,1.49845,1.49866,1.50,1.50
2012.10.25 08:44:28.772,1.49845,1.49866,1.50,1.73
2012.10.25 08:44:29.403,1.49845,1.49866,1.50,1.50
2012.10.25 08:44:31.095,1.49845,1.49866,2.63,1.50
2012.10.25 08:44:33.407,1.49848,1.49866,1.50,1.50
2012.10.25 08:44:34.023,1.49854,1.49867,1.50,1.50
2012.10.25 08:44:34.701,1.4986,1.49872,1.50,1.73
2012.10.25 08:44:34.780,1.49862,1.49875,1.50,1.13
2012.10.25 08:44:34.846,1.49858,1.49875,2.25,1.13
2012.10.25 08:44:35.222,1.49858,1.49881,3.00,1.95
2012.10.25 08:44:35.282,1.49865,1.49881,1.50,1.95
2012.10.25 08:44:35.346,1.49859,1.49881,2.63,1.73
2012.10.25 08:44:35.474,1.49867,1.49881,1.50,1.73
2012.10.25 08:44:36.262,1.49867,1.49889,2.25,1.20
2012.10.25 08:44:38.112,1.49867,1.49889,3.00,1.20
2012.10.25 08:44:41.230,1.49867,1.49889,2.63,1.20
2012.10.25 08:44:44.452,1.49867,1.49889,2.25,1.20
2012.10.25 08:44:44.883,1.4987,1.49889,1.50,1.20
2012.10.25 08:44:45.219,1.49866,1.49885,2.25,1.20
2012.10.25 08:44:45.567,1.49863,1.49885,2.25,1.20
2012.10.25 08:44:45.837,1.49867,1.49886,1.50,2.70
2012.10.25 08:44:45.903,1.49864,1.49886,1.88,2.70
2012.10.25 08:44:46.906,1.49864,1.49885,1.50,1.20
2012.10.25 08:44:49.274,1.49864,1.49885,1.50,1.58
2012.10.25 08:44:49.342,1.49861,1.49885,2.25,1.35
2012.10.25 08:44:51.792,1.49861,1.49885,1.50,1.58
2012.10.25 08:44:51.973,1.49861,1.49885,1.50,1.58
2012.10.25 08:44:54.902,1.49861,1.49885,1.50,1.35
2012.10.25 08:44:55.332,1.49861,1.49885,1.50,1.35
2012.10.25 08:44:55.940,1.49861,1.49885,1.88,1.58
2012.10.25 08:44:56.634,1.49861,1.49885,1.50,1.58
2012.10.25 08:44:56.905,1.49861,1.49885,1.50,1.58
2012.10.25 08:45:05.613,1.49856,1.49881,3.00,1.50
2012.10.25 08:45:10.791,1.49861,1.49881,1.50,1.50
2012.10.25 08:45:11.122,1.49861,1.49881,1.50,1.50
2012.10.25 08:45:11.251,1.49859,1.49881,1.50,1.50
2012.10.25 08:45:11.311,1.49856,1.49881,2.25,1.50
2012.10.25 08:45:12.472,1.49857,1.49881,1.50,1.50
2012.10.25 08:45:12.783,1.49857,1.49882,1.50,1.13
2012.10.25 08:45:13.032,1.49855,1.49882,2.25,1.35
2012.10.25 08:45:13.666,1.49853,1.49881,1.88,1.50
2012.10.25 08:45:16.052,1.49855,1.49882,1.50,2.10
2012.10.25 08:45:16.671,1.49856,1.49882,1.50,2.10
2012.10.25 08:45:17.572,1.49853,1.4988,1.88,1.13
2012.10.25 08:45:23.606,1.49854,1.49882,1.88,1.35
2012.10.25 08:45:23.912,1.49857,1.49882,1.50,1.13
2012.10.25 08:45:24.182,1.49857,1.49884,1.88,1.35
2012.10.25 08:45:24.482,1.49861,1.49886,1.50,2.48
2012.10.25 08:45:24.953,1.49857,1.49886,3.38,1.73
2012.10.25 08:45:25.422,1.49857,1.49886,2.63,1.73
2012.10.25 08:45:25.601,1.49852,1.49882,4.13,1.35
2012.10.25 08:45:26.375,1.49855,1.49882,1.50,1.35
2012.10.25 08:45:26.443,1.49858,1.49877,1.50,1.50
2012.10.25 08:45:28.374,1.49858,1.49876,1.50,1.50
2012.10.25 08:45:28.754,1.49858,1.49877,1.50,1.50
2012.10.25 08:45:28.826,1.49858,1.49877,2.25,1.50
2012.10.25 08:45:29.142,1.49862,1.49879,1.50,1.50
2012.10.25 08:45:31.335,1.49862,1.49884,2.25,1.50
2012.10.25 08:45:31.830,1.49862,1.49884,1.50,1.50
2012.10.25 08:45:40.483,1.49862,1.49884,2.63,1.50
2012.10.25 08:45:40.864,1.4987,1.49886,1.50,1.50
2012.10.25 08:45:41.293,1.49868,1.49886,3.00,1.73
2012.10.25 08:45:41.364,1.49868,1.49886,1.50,1.73
2012.10.25 08:45:42.133,1.49867,1.49887,2.25,1.73
2012.10.25 08:45:43.642,1.49865,1.49886,1.50,1.73
2012.10.25 08:45:43.703,1.49863,1.49886,1.13,1.73
2012.10.25 08:45:44.153,1.49863,1.49886,1.13,1.73
2012.10.25 08:45:44.644,1.49863,1.49886,1.13,1.73
2012.10.25 08:45:45.193,1.49863,1.49886,1.13,1.73
2012.10.25 08:45:45.474,1.49863,1.49886,1.13,1.73
2012.10.25 08:45:45.962,1.49865,1.49886,2.25,1.73
2012.10.25 08:45:46.022,1.49867,1.49886,1.50,1.73
2012.10.25 08:45:46.263,1.49868,1.49891,2.20,1.73
2012.10.25 08:45:47.452,1.49871,1.49898,2.63,1.73
2012.10.25 08:45:48.126,1.49871,1.49898,2.82,1.73
2012.10.25 08:45:52.376,1.49871,1.49899,2.63,1.95
2012.10.25 08:45:52.442,1.49871,1.49899,2.63,1.95
2012.10.25 08:45:52.834,1.49871,1.49899,2.63,1.73
2012.10.25 08:45:53.195,1.4987,1.49892,1.50,1.95
2012.10.25 08:45:53.265,1.49871,1.49891,2.20,1.50
2012.10.25 08:45:53.394,1.49871,1.49891,2.95,1.50
2012.10.25 08:45:53.793,1.49873,1.49899,3.00,1.73
2012.10.25 08:45:53.986,1.49873,1.49899,3.00,1.73
2012.10.25 08:45:54.611,1.4987,1.4989,1.50,1.20
2012.10.25 08:45:55.273,1.49873,1.49891,1.50,3.45
2012.10.25 08:45:55.923,1.49873,1.49891,1.50,2.70
2012.10.25 08:45:56.424,1.49873,1.49891,1.50,1.95
2012.10.25 08:45:57.393,1.49873,1.49891,1.50,1.73
2012.10.25 08:45:57.463,1.49871,1.49891,1.50,1.73
2012.10.25 08:45:57.678,1.49871,1.49891,1.50,1.73
2012.10.25 08:45:58.083,1.49867,1.4989,2.25,1.20
2012.10.25 08:45:58.194,1.49867,1.4989,2.25,1.20
2012.10.25 08:45:58.513,1.4987,1.49892,1.50,1.73
2012.10.25 08:45:58.582,1.4987,1.49891,2.20,1.73
2012.10.25 08:45:58.643,1.49874,1.49891,1.50,1.73
2012.10.25 08:45:59.183,1.49871,1.49897,1.50,1.73
2012.10.25 08:46:04.231,1.49871,1.49896,1.13,1.73
2012.10.25 08:46:04.886,1.49875,1.49896,1.50,1.73
2012.10.25 08:46:05.670,1.49871,1.49896,2.82,1.73
2012.10.25 08:46:06.444,1.49871,1.49894,1.50,1.20
2012.10.25 08:46:06.913,1.49871,1.49894,2.25,1.20
2012.10.25 08:46:07.162,1.49872,1.49894,1.50,1.20
2012.10.25 08:46:07.224,1.49873,1.49896,1.50,1.73
2012.10.25 08:46:07.531,1.49874,1.49901,1.50,2.10
2012.10.25 08:46:07.651,1.49871,1.49898,1.64,2.48
2012.10.25 08:46:07.774,1.49873,1.49898,1.69,2.48
2012.10.25 08:46:08.653,1.49873,1.49901,1.32,2.10
2012.10.25 08:46:08.723,1.49873,1.49901,1.32,2.10
2012.10.25 08:46:09.445,1.4987,1.499,1.32,2.48
2012.10.25 08:46:10.242,1.4987,1.499,1.32,2.48
2012.10.25 08:46:10.485,1.4987,1.49898,1.13,1.73
2012.10.25 08:46:10.792,1.49867,1.49891,1.50,1.73
2012.10.25 08:46:10.853,1.49865,1.49891,1.88,1.73
2012.10.25 08:46:10.924,1.49865,1.49891,4.13,1.73
2012.10.25 08:46:11.232,1.49865,1.49892,2.25,1.73
2012.10.25 08:46:12.522,1.49869,1.49892,3.38,1.73
2012.10.25 08:46:13.174,1.49869,1.49895,2.25,3.23
2012.10.25 08:46:13.922,1.4987,1.49895,1.50,2.48
2012.10.25 08:46:13.982,1.4988,1.49896,1.88,3.23
2012.10.25 08:46:14.222,1.49873,1.49898,1.50,2.25
2012.10.25 08:46:15.363,1.4987,1.49898,3.75,2.48
2012.10.25 08:46:15.432,1.49871,1.49898,1.50,2.48
2012.10.25 08:46:16.403,1.49869,1.49894,2.25,2.10
2012.10.25 08:46:16.535,1.49871,1.49894,1.13,2.85
2012.10.25 08:46:16.665,1.4987,1.49886,1.13,1.50
2012.10.25 08:46:16.733,1.4987,1.49886,1.50,1.50
2012.10.25 08:46:17.052,1.4987,1.49894,1.50,1.20
2012.10.25 08:46:17.373,1.49869,1.49892,1.13,2.48
2012.10.25 08:46:17.911,1.49867,1.49896,2.25,1.95
2012.10.25 08:46:17.971,1.49867,1.49896,2.25,1.20
2012.10.25 08:46:22.033,1.49865,1.49892,1.50,1.73
2012.10.25 08:46:22.174,1.49865,1.49892,1.88,3.23
2012.10.25 08:46:22.513,1.49858,1.49881,1.50,1.73
2012.10.25 08:46:22.644,1.49856,1.4988,1.88,1.73
2012.10.25 08:46:23.772,1.49855,1.49881,1.88,1.73
2012.10.25 08:46:24.102,1.49855,1.4988,1.88,1.20
2012.10.25 08:46:24.974,1.49861,1.4988,1.50,1.20
2012.10.25 08:46:25.045,1.49861,1.49879,1.50,1.20
2012.10.25 08:46:25.574,1.49861,1.49886,1.50,1.35
2012.10.25 08:46:25.736,1.49861,1.49886,1.50,1.35
2012.10.25 08:46:26.135,1.49858,1.49885,2.25,2.48
2012.10.25 08:46:26.208,1.49857,1.49885,1.13,2.48
2012.10.25 08:46:26.734,1.49859,1.49885,1.50,1.20
2012.10.25 08:46:27.553,1.49856,1.49885,1.13,2.48
2012.10.25 08:46:27.865,1.49856,1.49883,1.88,1.73
2012.10.25 08:46:28.367,1.49858,1.49886,1.88,2.10
2012.10.25 08:46:28.912,1.49858,1.49886,1.88,2.10
2012.10.25 08:46:29.287,1.49856,1.49884,3.00,1.73
2012.10.25 08:46:29.573,1.49856,1.49886,2.25,1.58
2012.10.25 08:46:29.647,1.49856,1.49886,2.25,1.58
2012.10.25 08:46:29.983,1.49858,1.49886,1.13,2.33
2012.10.25 08:46:30.115,1.49857,1.49886,1.88,1.35
2012.10.25 08:46:30.632,1.49857,1.49886,1.88,1.77
2012.10.25 08:46:32.403,1.49858,1.49886,1.32,1.77
2012.10.25 08:46:32.880,1.49858,1.49886,1.32,1.77
2012.10.25 08:46:33.414,1.49856,1.49885,2.07,1.73
2012.10.25 08:46:33.483,1.49856,1.49886,2.44,1.73
2012.10.25 08:46:33.944,1.49857,1.49886,2.07,1.20
2012.10.25 08:46:34.133,1.49857,1.49886,2.07,1.20
2012.10.25 08:46:35.553,1.49861,1.49886,2.25,1.73
2012.10.25 08:46:35.935,1.49861,1.49889,2.44,1.73
2012.10.25 08:46:39.639,1.49861,1.4989,2.44,2.48
2012.10.25 08:46:39.767,1.49861,1.49887,2.44,1.20
2012.10.25 08:46:42.383,1.49861,1.49888,2.63,1.20
2012.10.25 08:46:42.454,1.49862,1.49887,1.88,1.73
2012.10.25 08:46:42.642,1.49865,1.49887,1.50,1.73
2012.10.25 08:46:42.944,1.49865,1.49886,1.50,1.73
2012.10.25 08:46:43.382,1.49861,1.49886,1.88,1.73
2012.10.25 08:46:44.262,1.49861,1.49886,1.50,3.23
2012.10.25 08:46:45.092,1.49859,1.49886,1.50,2.48
2012.10.25 08:46:45.882,1.4986,1.49887,1.88,1.95
2012.10.25 08:46:46.596,1.4986,1.49887,2.25,1.95
2012.10.25 08:46:50.993,1.49861,1.49886,1.88,1.73
2012.10.25 08:46:52.503,1.49862,1.49886,1.13,1.73
2012.10.25 08:46:54.443,1.49863,1.49887,1.13,1.95
2012.10.25 08:46:58.623,1.49862,1.49887,1.13,1.73
2012.10.25 08:46:58.693,1.49865,1.49886,1.50,1.73
2012.10.25 08:46:58.822,1.49863,1.49886,1.50,1.73
2012.10.25 08:46:59.142,1.49863,1.49886,1.50,1.73
2012.10.25 08:46:59.683,1.49858,1.49881,2.25,1.73
2012.10.25 08:47:00.605,1.49858,1.49881,2.25,1.73
2012.10.25 08:47:01.595,1.49856,1.49881,1.69,1.73
2012.10.25 08:47:01.726,1.49856,1.49881,1.32,1.73
2012.10.25 08:47:02.484,1.49856,1.49881,1.13,1.73
2012.10.25 08:47:03.942,1.49853,1.49878,2.25,2.48
2012.10.25 08:47:04.124,1.49856,1.49878,1.13,2.48
2012.10.25 08:47:04.435,1.49858,1.49882,1.50,3.08
2012.10.25 08:47:04.563,1.49858,1.4988,1.50,1.58
2012.10.25 08:47:04.633,1.49858,1.4988,2.25,1.58
2012.10.25 08:47:05.002,1.49858,1.4988,3.00,1.58
2012.10.25 08:47:05.254,1.49858,1.4988,2.63,1.58
2012.10.25 08:47:06.043,1.49859,1.4988,1.50,1.35
2012.10.25 08:47:06.640,1.49859,1.4988,1.88,1.35
2012.10.25 08:47:07.904,1.49859,1.49876,1.88,1.13
2012.10.25 08:47:08.032,1.49857,1.49876,1.50,1.13
2012.10.25 08:47:08.153,1.49857,1.49873,3.00,1.50
2012.10.25 08:47:08.392,1.49858,1.49872,2.25,1.50
2012.10.25 08:47:09.063,1.49856,1.49876,1.50,1.13
2012.10.25 08:47:09.133,1.49854,1.49879,1.88,1.35
2012.10.25 08:47:09.383,1.49854,1.4988,3.38,1.35
2012.10.25 08:47:11.124,1.49857,1.49882,2.25,2.70
2012.10.25 08:47:11.493,1.49857,1.49878,2.48,2.25
2012.10.25 08:47:12.061,1.49856,1.49878,1.88,2.70
2012.10.25 08:47:12.866,1.49854,1.49877,3.00,1.73
2012.10.25 08:47:13.129,1.49854,1.49876,2.63,1.50
2012.10.25 08:47:13.193,1.49854,1.49876,3.38,1.50
2012.10.25 08:47:15.296,1.49855,1.49877,1.88,1.50
2012.10.25 08:47:16.122,1.49855,1.49877,1.50,1.50
2012.10.25 08:47:16.243,1.49852,1.49876,1.13,1.50
2012.10.25 08:47:16.856,1.49851,1.49874,1.13,1.13
2012.10.25 08:47:16.983,1.49852,1.49874,1.35,1.13
2012.10.25 08:47:17.293,1.49851,1.49874,1.35,1.13
2012.10.25 08:47:17.763,1.49855,1.49874,1.50,1.13
2012.10.25 08:47:20.502,1.49851,1.49874,3.75,1.13
2012.10.25 08:47:20.693,1.49851,1.49875,3.00,1.13
2012.10.25 08:47:21.072,1.49851,1.49875,3.75,1.88
2012.10.25 08:47:22.775,1.49851,1.49874,3.75,1.13
2012.10.25 08:47:23.285,1.49851,1.49874,3.00,1.13
2012.10.25 08:47:23.354,1.49851,1.49875,2.63,1.88
2012.10.25 08:47:24.204,1.49851,1.49875,1.50,2.10
2012.10.25 08:47:26.703,1.49847,1.49873,2.25,2.48
2012.10.25 08:47:26.791,1.49845,1.4987,1.35,1.13
2012.10.25 08:47:26.991,1.49846,1.4987,1.50,1.58
2012.10.25 08:47:27.058,1.49847,1.4987,3.00,1.58
2012.10.25 08:47:28.393,1.49847,1.49871,3.38,1.73
2012.10.25 08:47:30.705,1.49847,1.4987,2.25,1.13
2012.10.25 08:47:30.772,1.49847,1.4987,1.50,1.13
2012.10.25 08:47:30.953,1.49847,1.4987,1.50,1.35
2012.10.25 08:47:31.142,1.49847,1.4987,2.25,1.13
2012.10.25 08:47:32.782,1.49847,1.49875,3.00,1.35
2012.10.25 08:47:34.186,1.49847,1.49875,3.00,1.35
2012.10.25 08:47:34.734,1.49846,1.49873,1.13,3.23
2012.10.25 08:47:36.472,1.49847,1.49873,1.13,3.23
2012.10.25 08:47:36.624,1.49849,1.49873,1.50,1.50
2012.10.25 08:47:37.380,1.49849,1.49876,1.50,2.10
2012.10.25 08:47:37.819,1.49846,1.49871,1.13,1.35
2012.10.25 08:47:37.884,1.49848,1.49871,1.50,1.35
2012.10.25 08:47:38.017,1.49847,1.49871,1.50,1.35
2012.10.25 08:47:38.612,1.49846,1.49871,1.13,1.35
2012.10.25 08:47:38.803,1.49848,1.49871,1.50,1.35
2012.10.25 08:47:38.872,1.49846,1.49871,1.13,1.35
2012.10.25 08:47:39.972,1.49847,1.49871,1.13,1.35
2012.10.25 08:47:41.513,1.49851,1.49871,1.88,1.13
2012.10.25 08:47:42.011,1.49855,1.49877,1.50,1.95
2012.10.25 08:47:42.922,1.49856,1.49881,1.13,2.48
2012.10.25 08:47:42.984,1.49857,1.49881,1.13,2.48
2012.10.25 08:47:46.283,1.49858,1.49885,1.32,2.48
2012.10.25 08:47:47.654,1.49856,1.49874,1.50,2.25
2012.10.25 08:47:47.724,1.49853,1.49874,1.32,2.25
2012.10.25 08:47:48.235,1.49851,1.49876,1.69,1.73
2012.10.25 08:47:48.572,1.49853,1.49877,1.50,3.08
2012.10.25 08:47:49.123,1.49853,1.49877,1.50,2.70
2012.10.25 08:47:49.193,1.49853,1.49876,1.50,1.20
2012.10.25 08:47:49.913,1.49853,1.49877,3.23,2.48
2012.10.25 08:47:50.311,1.49853,1.49877,3.23,2.48
2012.10.25 08:47:51.532,1.49853,1.49876,1.73,1.50
2012.10.25 08:47:51.654,1.49853,1.49877,1.50,2.70
2012.10.25 08:47:52.214,1.49851,1.49877,1.13,2.70
2012.10.25 08:47:52.762,1.49851,1.49877,1.13,2.70
2012.10.25 08:47:54.513,1.49852,1.49877,1.50,2.70
2012.10.25 08:47:55.015,1.49852,1.49877,1.73,2.48
2012.10.25 08:47:55.112,1.49852,1.49877,1.73,2.48
2012.10.25 08:47:55.183,1.49852,1.49877,1.73,2.48
2012.10.25 08:47:55.566,1.49852,1.49877,1.73,2.48
2012.10.25 08:47:56.632,1.49852,1.49876,1.50,1.50
2012.10.25 08:47:57.445,1.49852,1.49876,2.25,1.50
2012.10.25 08:48:10.141,1.49847,1.49869,2.63,1.73
2012.10.25 08:48:10.499,1.49847,1.49867,1.13,1.43
2012.10.25 08:48:12.636,1.49846,1.49864,1.88,1.50
2012.10.25 08:48:13.201,1.49843,1.49864,2.25,1.50
2012.10.25 08:48:15.679,1.49846,1.49867,2.25,2.10
2012.10.25 08:48:20.423,1.49846,1.49868,1.13,1.50
2012.10.25 08:48:20.492,1.49847,1.49869,1.88,1.50
2012.10.25 08:48:20.832,1.49848,1.49864,1.50,1.50
2012.10.25 08:48:21.364,1.49846,1.49864,1.50,1.50
2012.10.25 08:48:22.182,1.49846,1.49864,1.13,1.50
2012.10.25 08:48:23.425,1.49844,1.49864,1.50,1.50
2012.10.25 08:48:23.694,1.49843,1.49864,1.50,1.50
2012.10.25 08:48:23.822,1.49841,1.49864,2.63,1.50
2012.10.25 08:48:24.006,1.49839,1.49863,1.73,1.50
2012.10.25 08:48:24.864,1.49839,1.49863,1.35,1.73
2012.10.25 08:48:24.936,1.49838,1.49859,2.48,1.13
2012.10.25 08:48:25.133,1.49839,1.49858,1.50,1.50
2012.10.25 08:48:25.194,1.49836,1.49856,1.50,2.25
2012.10.25 08:48:25.267,1.49836,1.49854,1.50,1.50
2012.10.25 08:48:25.703,1.49834,1.49856,2.25,2.48
2012.10.25 08:48:26.012,1.49834,1.49853,2.48,1.50
2012.10.25 08:48:26.074,1.49834,1.49856,2.25,3.00
2012.10.25 08:48:27.403,1.49831,1.49856,2.63,3.00
2012.10.25 08:48:29.828,1.49831,1.49855,1.50,1.88
2012.10.25 08:48:30.166,1.49831,1.49854,1.50,1.50
2012.10.25 08:48:30.707,1.49827,1.49852,1.73,1.50
2012.10.25 08:48:31.185,1.49827,1.49848,2.85,1.50
2012.10.25 08:48:31.314,1.4983,1.49848,1.50,1.50
2012.10.25 08:48:31.983,1.49827,1.49847,1.13,1.50
2012.10.25 08:48:32.054,1.49826,1.49847,1.50,1.50
2012.10.25 08:48:33.734,1.49824,1.49844,1.73,1.50
2012.10.25 08:48:33.938,1.49825,1.49844,1.50,1.50
2012.10.25 08:48:34.148,1.49825,1.49844,1.13,1.50
2012.10.25 08:48:34.220,1.49827,1.49844,1.50,1.50
2012.10.25 08:48:35.258,1.49827,1.49848,1.13,1.50
2012.10.25 08:48:36.882,1.49828,1.49849,1.35,1.50
2012.10.25 08:48:37.375,1.49834,1.49849,1.50,1.50
2012.10.25 08:48:37.515,1.49836,1.49854,2.25,1.35
2012.10.25 08:48:37.583,1.4984,1.49856,1.50,2.25
2012.10.25 08:48:37.908,1.49836,1.49856,1.50,2.25
2012.10.25 08:48:38.213,1.49836,1.49856,2.25,2.25
2012.10.25 08:48:38.783,1.49832,1.49856,1.88,2.25
2012.10.25 08:48:38.843,1.49833,1.49856,1.50,2.25
2012.10.25 08:48:39.242,1.49832,1.49856,1.88,1.50
2012.10.25 08:48:39.303,1.49833,1.49856,1.50,1.50
2012.10.25 08:48:42.783,1.49836,1.49856,1.13,1.50
2012.10.25 08:48:42.854,1.49836,1.49856,1.13,2.25
2012.10.25 08:48:44.982,1.49833,1.49856,3.75,2.25
2012.10.25 08:48:45.533,1.49834,1.49856,1.73,2.25
2012.10.25 08:48:47.395,1.49837,1.49857,2.63,1.50
2012.10.25 08:48:50.730,1.49837,1.49857,2.25,1.50
2012.10.25 08:48:50.807,1.49841,1.49864,1.50,1.50
2012.10.25 08:48:50.873,1.49841,1.49864,1.50,1.50
2012.10.25 08:48:51.185,1.49841,1.49865,1.50,1.35
2012.10.25 08:48:51.254,1.49843,1.49865,1.13,1.35
2012.10.25 08:48:51.385,1.49844,1.49865,1.73,1.13
2012.10.25 08:48:54.143,1.49845,1.49868,1.13,2.48
2012.10.25 08:48:54.463,1.49846,1.4987,1.50,2.10
2012.10.25 08:48:54.584,1.49847,1.4987,2.25,1.13
2012.10.25 08:48:54.713,1.49847,1.4987,2.48,1.13
2012.10.25 08:48:54.902,1.49847,1.49871,2.25,1.50
2012.10.25 08:48:55.203,1.49847,1.4987,2.25,1.13
2012.10.25 08:48:56.015,1.49848,1.49873,1.73,2.07
2012.10.25 08:48:56.083,1.49852,1.49876,1.13,3.60
2012.10.25 08:48:56.213,1.49855,1.49875,1.50,1.35
2012.10.25 08:48:56.715,1.49855,1.49875,1.50,1.35
2012.10.25 08:48:57.313,1.49852,1.49873,1.13,1.50
2012.10.25 08:48:57.851,1.4985,1.49872,2.25,1.13
2012.10.25 08:48:58.793,1.4985,1.49871,3.23,1.13
2012.10.25 08:48:59.903,1.49854,1.49873,1.50,1.50
2012.10.25 08:49:00.154,1.49856,1.49877,1.50,1.35
2012.10.25 08:49:00.811,1.49857,1.49877,1.50,1.50
2012.10.25 08:49:01.624,1.49857,1.49873,1.13,1.13
2012.10.25 08:49:01.698,1.49853,1.49872,1.50,1.13
2012.10.25 08:49:02.183,1.49849,1.49872,1.50,1.88
2012.10.25 08:49:02.604,1.49849,1.49874,1.50,1.73
2012.10.25 08:49:03.067,1.49856,1.49874,1.50,1.50
2012.10.25 08:49:04.942,1.49857,1.49878,1.88,2.33
2012.10.25 08:49:05.183,1.49861,1.49878,1.50,2.10
2012.10.25 08:49:10.152,1.4986,1.49879,1.13,1.50
2012.10.25 08:49:12.764,1.49859,1.49879,1.50,1.50
2012.10.25 08:49:18.752,1.49859,1.49879,1.50,1.50
2012.10.25 08:49:19.752,1.49857,1.49879,2.25,1.50
2012.10.25 08:49:19.962,1.49856,1.49879,1.73,1.73
2012.10.25 08:49:20.262,1.49849,1.49872,2.40,1.13
2012.10.25 08:49:20.382,1.49849,1.49872,2.25,1.13
2012.10.25 08:49:20.502,1.49849,1.49874,2.44,1.88
2012.10.25 08:49:22.014,1.49849,1.49871,2.58,1.50
2012.10.25 08:49:22.537,1.49849,1.49868,2.58,1.50
2012.10.25 08:49:23.913,1.49853,1.49871,1.08,1.50
2012.10.25 08:49:23.984,1.49855,1.49873,1.13,1.50
2012.10.25 08:49:24.317,1.49852,1.49871,3.00,1.50
2012.10.25 08:49:24.386,1.49855,1.49873,1.50,1.50
2012.10.25 08:49:24.586,1.49855,1.49877,1.50,1.32
2012.10.25 08:49:24.717,1.49852,1.49872,3.60,1.13
2012.10.25 08:49:24.917,1.49852,1.49872,2.25,1.13
2012.10.25 08:49:25.493,1.49851,1.49872,3.00,1.13
2012.10.25 08:49:26.076,1.49854,1.49874,1.50,2.25
2012.10.25 08:49:26.562,1.49852,1.49874,1.50,1.88
2012.10.25 08:49:27.064,1.49855,1.49876,1.08,1.88
2012.10.25 08:49:27.402,1.49859,1.49876,1.50,1.88
2012.10.25 08:49:27.525,1.49855,1.49876,2.25,1.88
2012.10.25 08:49:27.596,1.49851,1.49876,1.50,1.88
2012.10.25 08:49:27.902,1.49851,1.49875,1.50,1.50
2012.10.25 08:49:28.024,1.49851,1.49874,1.50,1.50
2012.10.25 08:49:28.591,1.49849,1.4987,1.13,1.50
2012.10.25 08:49:28.915,1.49846,1.4987,1.32,2.25
2012.10.25 08:49:28.986,1.49846,1.49866,1.32,1.50
2012.10.25 08:49:29.753,1.49846,1.49864,3.23,1.50
2012.10.25 08:49:29.886,1.49846,1.49868,3.23,2.10
2012.10.25 08:49:31.133,1.49847,1.4987,1.73,1.88
2012.10.25 08:49:31.834,1.49846,1.4987,3.23,1.88
2012.10.25 08:49:31.992,1.49846,1.49866,2.48,1.50
2012.10.25 08:49:32.055,1.49846,1.49866,2.48,1.50
2012.10.25 08:49:32.185,1.49846,1.49863,2.48,1.13
2012.10.25 08:49:32.256,1.49846,1.49863,2.48,1.50
2012.10.25 08:49:32.777,1.49844,1.49862,1.50,1.50
2012.10.25 08:49:32.916,1.49843,1.49864,1.50,1.50
2012.10.25 08:49:33.112,1.49839,1.49864,3.00,1.50
2012.10.25 08:49:33.174,1.49841,1.49864,2.25,1.50
2012.10.25 08:49:33.244,1.49841,1.49864,2.25,1.13
2012.10.25 08:49:33.373,1.49841,1.49861,1.50,1.13
2012.10.25 08:49:33.433,1.49841,1.49861,1.50,1.13
2012.10.25 08:49:33.804,1.49839,1.49861,3.38,1.13
2012.10.25 08:49:34.584,1.49839,1.49861,3.38,1.35
2012.10.25 08:49:35.201,1.49839,1.49861,3.00,1.73
2012.10.25 08:49:35.267,1.49842,1.49861,1.50,1.73
2012.10.25 08:49:35.704,1.49841,1.4986,1.50,1.35
2012.10.25 08:49:36.247,1.4984,1.4986,1.50,1.13
2012.10.25 08:49:36.929,1.4984,1.49861,1.88,1.13
2012.10.25 08:49:37.113,1.49845,1.49864,1.73,1.88
2012.10.25 08:49:37.315,1.49844,1.49859,1.50,1.50
2012.10.25 08:49:37.876,1.49836,1.49856,1.13,1.13
2012.10.25 08:49:38.553,1.4984,1.49856,2.48,1.13
2012.10.25 08:49:38.622,1.4984,1.49858,3.23,1.88
2012.10.25 08:49:38.867,1.4984,1.49861,2.25,1.13
2012.10.25 08:49:39.291,1.4984,1.49863,3.23,1.50
2012.10.25 08:49:39.474,1.4984,1.49863,3.23,1.50
2012.10.25 08:49:39.542,1.4984,1.4986,2.48,1.50
2012.10.25 08:49:39.604,1.49837,1.49858,3.23,1.50
2012.10.25 08:49:39.913,1.49832,1.4985,1.13,1.13
2012.10.25 08:49:40.464,1.49836,1.4985,2.25,1.13
2012.10.25 08:49:41.215,1.49832,1.49856,1.35,1.50
2012.10.25 08:49:41.284,1.49832,1.49857,1.35,2.25
2012.10.25 08:49:41.473,1.49832,1.49859,1.35,1.73
2012.10.25 08:49:42.128,1.49831,1.49849,2.48,1.13
2012.10.25 08:49:42.453,1.49831,1.49849,2.25,1.13
2012.10.25 08:49:43.014,1.49829,1.49856,3.23,1.69
2012.10.25 08:49:43.833,1.49831,1.49856,1.35,1.32
2012.10.25 08:49:43.964,1.49831,1.49859,1.35,2.07
2012.10.25 08:49:44.423,1.49831,1.49857,1.35,1.73
2012.10.25 08:49:44.606,1.49831,1.49858,1.35,1.50
2012.10.25 08:49:46.112,1.49835,1.49861,1.35,1.50
2012.10.25 08:49:46.548,1.49835,1.49861,1.35,3.00
2012.10.25 08:49:46.628,1.49835,1.49858,1.13,2.25
2012.10.25 08:49:47.175,1.49832,1.49857,1.50,1.50
2012.10.25 08:49:47.256,1.49835,1.49858,1.13,2.25
2012.10.25 08:49:49.413,1.49832,1.4986,2.25,1.13
2012.10.25 08:49:50.063,1.49831,1.49857,1.13,1.73
2012.10.25 08:49:50.713,1.49828,1.49855,2.48,1.13
2012.10.25 08:49:51.023,1.49832,1.49857,1.30,1.50
2012.10.25 08:49:51.275,1.49839,1.49862,1.13,1.69
2012.10.25 08:49:51.781,1.49839,1.49863,1.13,3.19
2012.10.25 08:49:51.844,1.49839,1.49861,1.13,2.25
2012.10.25 08:49:51.914,1.49837,1.49858,1.35,1.50
2012.10.25 08:49:51.982,1.49836,1.49855,1.35,1.13
2012.10.25 08:49:52.114,1.49831,1.49855,1.13,1.88
2012.10.25 08:49:52.374,1.49836,1.49851,1.13,1.73
2012.10.25 08:49:53.453,1.4983,1.49851,2.48,1.73
2012.10.25 08:49:53.583,1.4983,1.49851,1.73,2.48
2012.10.25 08:49:53.654,1.4983,1.49851,2.25,2.48
2012.10.25 08:49:53.924,1.4983,1.49851,1.50,2.48
2012.10.25 08:49:53.995,1.49828,1.49851,1.50,2.48
2012.10.25 08:49:54.063,1.49826,1.49851,3.75,3.23
2012.10.25 08:49:54.254,1.4983,1.49852,1.50,1.50
2012.10.25 08:49:54.563,1.4983,1.49857,2.25,2.33
2012.10.25 08:49:54.864,1.49834,1.49856,2.25,1.73
2012.10.25 08:49:55.416,1.49834,1.49857,2.48,2.10
2012.10.25 08:49:55.675,1.49831,1.49854,1.73,1.13
2012.10.25 08:49:56.004,1.4983,1.49855,3.23,2.48
2012.10.25 08:49:56.362,1.4983,1.49856,2.48,1.50
2012.10.25 08:49:57.541,1.4983,1.49856,3.98,1.13
2012.10.25 08:49:57.908,1.49832,1.49859,2.10,1.73
2012.10.25 08:49:58.493,1.49832,1.49857,1.13,1.50
2012.10.25 08:49:58.943,1.49831,1.49858,1.35,3.75
2012.10.25 08:49:59.188,1.4983,1.49853,2.85,1.69
2012.10.25 08:49:59.316,1.4983,1.49848,1.13,2.10
2012.10.25 08:49:59.524,1.4983,1.49848,1.13,2.85
2012.10.25 08:49:59.654,1.49827,1.49843,2.25,1.13
2012.10.25 08:50:00.175,1.49822,1.49847,2.25,1.50
2012.10.25 08:50:00.735,1.49827,1.49846,2.25,1.13
2012.10.25 08:50:01.512,1.49827,1.49847,2.25,1.13
2012.10.25 08:50:01.884,1.49822,1.49848,2.48,1.13
2012.10.25 08:50:02.633,1.49828,1.49848,2.63,1.73
2012.10.25 08:50:02.698,1.49828,1.49848,2.63,1.73
2012.10.25 08:50:02.764,1.49828,1.49856,3.60,1.32
2012.10.25 08:50:03.073,1.49828,1.49854,3.60,1.32
2012.10.25 08:50:03.142,1.49829,1.49856,2.48,1.32
2012.10.25 08:50:03.322,1.49829,1.49856,2.48,1.88
2012.10.25 08:50:03.382,1.49829,1.49854,2.48,1.13
2012.10.25 08:50:03.552,1.49828,1.49856,3.60,1.88
2012.10.25 08:50:03.714,1.49828,1.49854,3.60,1.13
2012.10.25 08:50:04.954,1.49828,1.49857,2.85,3.23
2012.10.25 08:50:05.623,1.49828,1.49856,1.35,2.48
2012.10.25 08:50:06.356,1.49828,1.49855,1.35,1.50
2012.10.25 08:50:06.913,1.49828,1.4985,1.13,1.13
2012.10.25 08:50:07.346,1.49828,1.49847,1.13,1.50
2012.10.25 08:50:07.995,1.49824,1.49847,2.25,1.73
2012.10.25 08:50:08.532,1.49824,1.49847,2.25,1.73
2012.10.25 08:50:08.922,1.49825,1.49847,1.65,1.50
2012.10.25 08:50:09.163,1.4983,1.49849,2.48,2.25
2012.10.25 08:50:09.233,1.4983,1.49849,2.25,2.25
2012.10.25 08:50:09.543,1.49826,1.49849,3.00,1.13
2012.10.25 08:50:09.734,1.49826,1.49849,2.48,1.35
2012.10.25 08:50:10.664,1.49826,1.49852,2.48,1.73
2012.10.25 08:50:10.863,1.49829,1.49854,2.25,3.00
2012.10.25 08:50:10.923,1.49829,1.49854,2.48,2.25
2012.10.25 08:50:11.732,1.49831,1.49859,2.48,1.50
2012.10.25 08:50:11.853,1.49836,1.49859,1.13,1.13
2012.10.25 08:50:12.154,1.49839,1.49862,1.13,1.32
2012.10.25 08:50:12.533,1.49839,1.49862,1.13,1.50
2012.10.25 08:50:13.734,1.4984,1.49859,1.13,1.50
2012.10.25 08:50:14.282,1.4984,1.49862,1.13,1.88
2012.10.25 08:50:14.464,1.4984,1.4986,1.13,1.50
2012.10.25 08:50:14.638,1.4984,1.49862,1.13,1.50
2012.10.25 08:50:14.963,1.4984,1.49862,1.13,2.25
2012.10.25 08:50:15.442,1.4984,1.49862,1.32,3.00
2012.10.25 08:50:15.754,1.4984,1.49862,1.32,2.10
2012.10.25 08:50:17.324,1.4984,1.49859,1.32,1.50
2012.10.25 08:50:18.095,1.49837,1.49859,1.69,1.13
2012.10.25 08:50:18.643,1.49837,1.49859,1.50,1.13
2012.10.25 08:50:18.994,1.49837,1.49859,1.13,1.13
2012.10.25 08:50:19.494,1.49834,1.49859,1.69,1.13
2012.10.25 08:50:19.634,1.49835,1.49859,1.32,1.13
2012.10.25 08:50:19.913,1.49834,1.49859,1.69,1.13
2012.10.25 08:50:20.443,1.49834,1.49857,1.69,1.50
2012.10.25 08:50:20.666,1.49832,1.49851,2.25,2.25
2012.10.25 08:50:20.736,1.49832,1.49847,1.50,1.50
2012.10.25 08:50:20.803,1.49826,1.49847,2.63,2.48
2012.10.25 08:50:20.866,1.49827,1.49848,1.13,1.73
2012.10.25 08:50:21.189,1.49826,1.49838,1.13,1.13
2012.10.25 08:50:21.433,1.49827,1.49842,1.13,1.50
2012.10.25 08:50:21.495,1.49827,1.49843,1.13,1.88
2012.10.25 08:50:22.964,1.49826,1.49848,2.48,1.13
2012.10.25 08:50:23.224,1.49826,1.49848,2.48,1.13
2012.10.25 08:50:23.594,1.49826,1.49848,2.48,1.73
2012.10.25 08:50:24.672,1.49831,1.49848,1.35,1.73
2012.10.25 08:50:24.793,1.49831,1.49854,1.35,1.13
2012.10.25 08:50:25.243,1.49831,1.49854,1.35,1.13
2012.10.25 08:50:25.433,1.49831,1.49857,1.54,2.10
2012.10.25 08:50:25.493,1.49831,1.49855,1.54,1.50
2012.10.25 08:50:25.614,1.49831,1.49855,1.54,2.25
2012.10.25 08:50:25.763,1.49832,1.49857,2.48,2.48
2012.10.25 08:50:26.121,1.49832,1.49856,2.48,1.88
2012.10.25 08:50:26.186,1.49832,1.49854,1.73,1.50
2012.10.25 08:50:26.704,1.49828,1.49856,1.35,1.88
2012.10.25 08:50:26.842,1.49828,1.49856,1.35,2.63
2012.10.25 08:50:26.904,1.49828,1.49856,1.35,1.88
2012.10.25 08:50:27.218,1.49826,1.49852,1.17,1.09
2012.10.25 08:50:27.285,1.49825,1.49849,1.17,2.25
2012.10.25 08:50:27.368,1.49828,1.49849,1.13,2.25
2012.10.25 08:50:28.132,1.49824,1.49848,1.17,2.10
2012.10.25 08:50:28.353,1.4982,1.49848,2.85,1.13
2012.10.25 08:50:28.878,1.49828,1.49849,1.13,1.50
2012.10.25 08:50:29.075,1.49832,1.49854,1.73,1.50
2012.10.25 08:50:29.595,1.4983,1.49856,2.48,2.10
2012.10.25 08:50:30.154,1.4983,1.49856,2.48,2.85
2012.10.25 08:50:31.145,1.49826,1.49853,2.85,1.88
2012.10.25 08:50:31.215,1.49826,1.49844,2.85,1.13
2012.10.25 08:50:31.614,1.49822,1.49843,2.25,1.13
2012.10.25 08:50:31.984,1.49822,1.49843,2.25,1.13
2012.10.25 08:50:35.084,1.49822,1.49847,2.48,2.10
2012.10.25 08:50:35.153,1.49822,1.49843,2.48,1.13
2012.10.25 08:50:35.454,1.4982,1.49846,1.35,1.13
2012.10.25 08:50:35.526,1.49822,1.49846,2.67,1.13
2012.10.25 08:50:35.774,1.49822,1.49847,3.04,1.35
2012.10.25 08:50:36.104,1.49826,1.49852,1.27,1.88
2012.10.25 08:50:36.179,1.49831,1.49852,2.48,1.88
2012.10.25 08:50:36.394,1.49836,1.49852,2.48,1.13
2012.10.25 08:50:38.464,1.4983,1.49852,1.17,1.13
2012.10.25 08:50:38.534,1.4983,1.4985,1.17,1.13
2012.10.25 08:50:38.604,1.4983,1.49852,1.17,1.13
2012.10.25 08:50:41.063,1.49834,1.49854,2.48,1.13
2012.10.25 08:50:41.389,1.49834,1.49858,2.48,1.13
2012.10.25 08:50:41.457,1.49838,1.49859,2.25,1.50
2012.10.25 08:50:41.584,1.49841,1.49862,2.48,1.13
2012.10.25 08:50:41.716,1.49841,1.49863,2.25,1.50
2012.10.25 08:50:41.974,1.49836,1.49859,3.60,1.13
2012.10.25 08:50:44.125,1.49838,1.4986,2.48,1.13
2012.10.25 08:50:44.685,1.49835,1.49855,1.73,1.13
2012.10.25 08:50:44.995,1.49833,1.49852,2.25,1.13
2012.10.25 08:50:46.552,1.49833,1.49854,2.25,1.13
2012.10.25 08:50:47.882,1.49833,1.49856,2.25,1.13
2012.10.25 08:50:48.005,1.49833,1.49857,2.25,1.13
2012.10.25 08:50:48.645,1.49834,1.49858,1.73,1.50
2012.10.25 08:50:49.414,1.49834,1.49861,1.73,2.10
2012.10.25 08:50:49.724,1.49834,1.49861,1.73,2.10
2012.10.25 08:50:49.793,1.49834,1.49861,1.73,1.73
2012.10.25 08:50:51.656,1.49842,1.49861,1.73,2.10
2012.10.25 08:50:51.735,1.49842,1.49864,2.48,1.13
2012.10.25 08:50:51.805,1.49842,1.49867,2.48,1.73
2012.10.25 08:50:52.016,1.49842,1.49863,2.48,1.13
2012.10.25 08:50:52.280,1.49842,1.49867,2.48,1.73
2012.10.25 08:50:52.609,1.49842,1.49864,2.48,1.13
2012.10.25 08:50:53.353,1.49842,1.49864,2.48,1.13
2012.10.25 08:50:53.957,1.49841,1.49864,1.73,1.13
2012.10.25 08:50:56.935,1.49841,1.49867,1.73,2.85
2012.10.25 08:50:57.002,1.49846,1.49867,1.13,1.73
2012.10.25 08:50:57.122,1.49847,1.49869,1.17,1.50
2012.10.25 08:50:57.497,1.49846,1.49867,1.54,1.13
2012.10.25 08:50:57.815,1.49846,1.49866,1.54,1.13
2012.10.25 08:50:59.112,1.49843,1.49864,2.48,1.13
2012.10.25 08:50:59.294,1.49843,1.49868,2.48,1.73
2012.10.25 08:50:59.603,1.49844,1.49872,2.48,2.25
2012.10.25 08:51:04.835,1.49847,1.49872,2.48,1.13
2012.10.25 08:51:05.305,1.49849,1.49871,2.48,1.13
2012.10.25 08:51:06.583,1.49852,1.49871,1.08,1.13
2012.10.25 08:51:06.652,1.49852,1.49871,1.45,1.13
2012.10.25 08:51:06.953,1.49861,1.49881,1.17,2.48
2012.10.25 08:51:07.023,1.49861,1.49883,1.17,1.80
2012.10.25 08:51:07.963,1.49861,1.49886,2.67,1.35
2012.10.25 08:51:08.152,1.49864,1.49883,2.48,1.13
2012.10.25 08:51:08.947,1.49864,1.4988,1.73,1.13
2012.10.25 08:51:09.255,1.49859,1.49879,2.85,1.13
2012.10.25 08:51:09.573,1.49856,1.49874,3.23,1.13
2012.10.25 08:51:09.634,1.49856,1.49874,3.00,1.13
2012.10.25 08:51:10.443,1.49856,1.49874,2.25,1.13
2012.10.25 08:51:10.563,1.49856,1.49874,2.25,1.13
2012.10.25 08:51:10.963,1.49855,1.49878,3.38,1.73
2012.10.25 08:51:11.364,1.49859,1.49885,2.48,2.25
2012.10.25 08:51:14.673,1.49859,1.49884,2.48,1.73
2012.10.25 08:51:15.154,1.49856,1.49877,2.25,1.13
2012.10.25 08:51:15.226,1.49856,1.49871,2.25,1.13
2012.10.25 08:51:17.164,1.49851,1.49871,2.48,1.35
2012.10.25 08:51:17.354,1.49851,1.49874,2.48,1.13
2012.10.25 08:51:17.604,1.49847,1.49868,3.04,1.13
2012.10.25 08:51:17.673,1.49847,1.49868,3.04,1.13
2012.10.25 08:51:18.032,1.49848,1.49868,1.17,1.13
2012.10.25 08:51:19.675,1.49847,1.49863,2.48,1.13
2012.10.25 08:51:20.223,1.49843,1.49861,2.48,1.13
2012.10.25 08:51:20.343,1.49841,1.49861,2.85,1.13
2012.10.25 08:51:20.784,1.49841,1.49861,2.48,1.13
2012.10.25 08:51:20.852,1.49841,1.49861,2.48,1.13
2012.10.25 08:51:23.054,1.49841,1.49862,2.25,1.13
2012.10.25 08:51:24.586,1.49841,1.49858,2.25,1.13
2012.10.25 08:51:24.713,1.49834,1.49861,2.48,1.88
2012.10.25 08:51:24.844,1.49834,1.49861,2.48,1.13
2012.10.25 08:51:25.187,1.49838,1.49858,2.48,1.13
2012.10.25 08:51:25.523,1.49833,1.49856,2.48,1.13
2012.10.25 08:51:25.703,1.49833,1.49856,2.48,1.88
2012.10.25 08:51:26.023,1.49833,1.49856,2.48,2.25
2012.10.25 08:51:26.244,1.49833,1.49856,2.48,2.25
2012.10.25 08:51:26.956,1.4983,1.49855,2.48,1.13
2012.10.25 08:51:27.283,1.4983,1.49851,2.48,1.73
2012.10.25 08:51:27.644,1.4983,1.49859,2.48,1.09
2012.10.25 08:51:27.713,1.49831,1.4986,1.88,3.15
2012.10.25 08:51:27.967,1.49836,1.49861,1.13,3.94
2012.10.25 08:51:28.032,1.49836,1.4986,1.13,1.32
2012.10.25 08:51:28.333,1.49836,1.49861,1.60,2.07
2012.10.25 08:51:28.633,1.49836,1.49861,1.60,1.88
2012.10.25 08:51:28.755,1.49836,1.49861,1.60,1.88
2012.10.25 08:51:29.073,1.49836,1.4986,1.35,1.13
2012.10.25 08:51:30.283,1.49834,1.4986,1.17,1.13
2012.10.25 08:51:31.004,1.49833,1.49857,2.48,1.13
2012.10.25 08:51:33.195,1.49832,1.49857,2.48,1.50
2012.10.25 08:51:33.685,1.49832,1.49857,3.00,1.13
2012.10.25 08:51:33.954,1.49832,1.49857,2.48,1.50
2012.10.25 08:51:34.574,1.49832,1.49859,2.48,2.10
2012.10.25 08:51:34.778,1.49835,1.49861,2.48,2.48
2012.10.25 08:51:35.153,1.49836,1.49862,1.35,1.13
2012.10.25 08:51:35.395,1.49836,1.49862,1.35,1.50
2012.10.25 08:51:35.703,1.49836,1.49862,1.35,1.50
2012.10.25 08:51:35.827,1.49836,1.49862,1.35,1.13
2012.10.25 08:51:36.877,1.49836,1.49862,1.35,1.13
2012.10.25 08:51:37.822,1.49836,1.49863,1.35,1.50
2012.10.25 08:51:39.435,1.49835,1.49863,2.48,1.88
2012.10.25 08:51:40.554,1.49835,1.49863,2.48,1.50
2012.10.25 08:51:41.107,1.4984,1.49864,2.48,1.13
2012.10.25 08:51:41.705,1.49839,1.49863,2.48,1.50
2012.10.25 08:51:41.779,1.49839,1.49861,2.48,1.13
2012.10.25 08:51:42.145,1.49839,1.49859,2.25,1.13
2012.10.25 08:51:43.132,1.49839,1.49859,2.48,1.13
2012.10.25 08:51:45.125,1.49839,1.49862,2.48,1.50
2012.10.25 08:51:46.633,1.4984,1.49863,2.48,1.73
2012.10.25 08:51:46.694,1.49845,1.49865,2.25,1.73
2012.10.25 08:51:46.884,1.49845,1.49866,2.25,1.13
2012.10.25 08:51:47.463,1.49845,1.49868,2.25,1.13
2012.10.25 08:51:48.175,1.49845,1.49863,2.25,1.35
2012.10.25 08:51:48.245,1.49839,1.49862,1.50,1.13
2012.10.25 08:51:48.933,1.49843,1.49863,2.25,2.10
2012.10.25 08:51:49.133,1.49848,1.49868,2.25,1.35
2012.10.25 08:51:49.194,1.49848,1.49868,2.25,1.35
2012.10.25 08:51:49.264,1.49848,1.49872,2.25,2.93
2012.10.25 08:51:49.941,1.49847,1.4987,1.13,2.25
2012.10.25 08:51:50.148,1.49846,1.4987,1.13,3.00
2012.10.25 08:51:51.274,1.49846,1.4987,1.13,3.00
2012.10.25 08:51:51.545,1.49847,1.4987,1.13,3.00
2012.10.25 08:51:51.877,1.49846,1.4987,1.13,3.00
2012.10.25 08:51:52.485,1.49847,1.4987,1.13,3.00
2012.10.25 08:51:52.995,1.49846,1.4987,1.13,3.00
2012.10.25 08:51:53.196,1.49846,1.4987,1.13,3.00
2012.10.25 08:51:53.965,1.49846,1.4987,1.13,3.00
2012.10.25 08:51:54.128,1.49846,1.4987,1.13,3.00
2012.10.25 08:51:54.654,1.49843,1.4987,1.35,2.25
2012.10.25 08:51:54.946,1.49843,1.49869,1.35,1.50
2012.10.25 08:51:56.155,1.49842,1.49865,1.73,1.35
2012.10.25 08:51:56.433,1.49841,1.49864,2.85,1.13
2012.10.25 08:51:58.372,1.49841,1.49865,2.48,2.10
2012.10.25 08:51:59.262,1.49841,1.49865,2.48,1.88
2012.10.25 08:52:02.893,1.4984,1.49865,2.48,2.10
2012.10.25 08:52:04.514,1.4984,1.49864,2.48,1.88
2012.10.25 08:52:07.544,1.49838,1.49864,2.25,3.00
2012.10.25 08:52:08.313,1.49836,1.49862,2.48,1.13
2012.10.25 08:52:08.613,1.49836,1.49858,2.48,1.13
2012.10.25 08:52:08.993,1.49836,1.49862,2.25,1.50
2012.10.25 08:52:09.423,1.49833,1.49854,2.48,1.50
2012.10.25 08:52:09.603,1.4983,1.49849,1.73,1.13
2012.10.25 08:52:09.663,1.4983,1.49853,1.50,2.85
2012.10.25 08:52:10.162,1.49826,1.49849,2.48,1.50
2012.10.25 08:52:10.711,1.49826,1.49847,2.48,1.73
2012.10.25 08:52:11.109,1.49826,1.49847,2.48,1.73
2012.10.25 08:52:11.462,1.49826,1.49846,2.48,1.35
2012.10.25 08:52:13.199,1.49826,1.49846,2.48,1.73
2012.10.25 08:52:15.734,1.49826,1.49846,2.48,1.73
2012.10.25 08:52:16.043,1.49829,1.49851,2.48,2.10
2012.10.25 08:52:18.804,1.49829,1.49851,2.25,1.35
2012.10.25 08:52:18.873,1.49829,1.49851,2.25,1.35
2012.10.25 08:52:19.133,1.49829,1.49851,2.25,2.10
2012.10.25 08:52:21.812,1.49829,1.49852,2.48,1.35
2012.10.25 08:52:22.126,1.49839,1.49857,1.35,1.73
2012.10.25 08:52:22.446,1.49839,1.49864,1.35,1.32
2012.10.25 08:52:22.514,1.49839,1.49866,1.35,1.32
2012.10.25 08:52:23.050,1.4984,1.49866,1.35,1.32
2012.10.25 08:52:23.293,1.49842,1.49866,1.35,1.13
2012.10.25 08:52:23.425,1.49842,1.49864,1.35,1.13
2012.10.25 08:52:23.673,1.49842,1.49862,1.13,1.13
2012.10.25 08:52:24.732,1.49842,1.49861,1.13,2.48
2012.10.25 08:52:24.865,1.49842,1.49861,1.13,2.85
2012.10.25 08:52:24.933,1.49838,1.49858,1.13,1.13
2012.10.25 08:52:25.124,1.49836,1.49854,1.13,1.13
2012.10.25 08:52:25.264,1.49836,1.49853,1.13,1.13
2012.10.25 08:52:25.585,1.49837,1.49849,1.13,1.50
2012.10.25 08:52:25.782,1.49827,1.49852,1.73,1.50
2012.10.25 08:52:26.189,1.49826,1.49851,1.32,2.10
2012.10.25 08:52:26.258,1.49825,1.49849,2.44,1.88
2012.10.25 08:52:26.806,1.49826,1.49849,1.69,1.88
2012.10.25 08:52:26.944,1.49826,1.49849,1.92,1.13
2012.10.25 08:52:27.074,1.49829,1.49849,1.73,1.88
2012.10.25 08:52:27.143,1.49827,1.49847,1.73,1.13
2012.10.25 08:52:27.274,1.49823,1.49844,1.50,1.13
2012.10.25 08:52:27.343,1.49821,1.49841,2.25,1.13
2012.10.25 08:52:27.403,1.49821,1.49839,2.25,1.13
2012.10.25 08:52:28.135,1.49812,1.49837,2.44,1.50
2012.10.25 08:52:28.502,1.49812,1.49836,2.25,1.73
2012.10.25 08:52:29.839,1.49812,1.49836,2.48,3.60
2012.10.25 08:52:30.853,1.49809,1.49836,2.48,2.48
2012.10.25 08:52:32.223,1.49809,1.49836,2.85,2.10
2012.10.25 08:52:32.559,1.49811,1.49836,2.48,2.10
2012.10.25 08:52:33.522,1.49811,1.49839,3.23,1.13
2012.10.25 08:52:33.583,1.49811,1.49839,3.23,1.13
2012.10.25 08:52:33.763,1.49811,1.49836,3.23,1.73
2012.10.25 08:52:34.084,1.49811,1.49837,3.23,1.73
2012.10.25 08:52:34.159,1.49811,1.49837,3.23,1.73
2012.10.25 08:52:34.623,1.49811,1.49841,2.48,2.10
2012.10.25 08:52:34.693,1.49811,1.49841,2.80,1.88
2012.10.25 08:52:34.993,1.49814,1.49841,1.35,2.63
2012.10.25 08:52:35.295,1.49819,1.49844,1.73,2.25
2012.10.25 08:52:35.715,1.49819,1.49845,1.73,1.50
2012.10.25 08:52:36.063,1.49817,1.49843,2.25,1.13
2012.10.25 08:52:36.843,1.49814,1.49842,1.73,1.88
2012.10.25 08:52:37.143,1.49812,1.49841,3.23,2.10
2012.10.25 08:52:37.313,1.49812,1.49841,3.23,2.10
2012.10.25 08:52:38.903,1.49816,1.49841,2.48,2.10
2012.10.25 08:52:41.653,1.49816,1.49846,2.48,1.09
2012.10.25 08:52:41.724,1.49824,1.49846,1.13,2.25
2012.10.25 08:52:41.853,1.49829,1.49851,2.25,2.63
2012.10.25 08:52:41.924,1.49827,1.49851,2.48,2.40
2012.10.25 08:52:42.213,1.49829,1.49856,2.48,2.63
2012.10.25 08:52:42.403,1.49829,1.49854,2.25,1.50
2012.10.25 08:52:42.707,1.49829,1.49854,2.25,3.00
2012.10.25 08:52:43.024,1.49829,1.49854,2.25,1.50
2012.10.25 08:52:44.343,1.49829,1.49854,2.25,1.13
2012.10.25 08:52:44.523,1.49829,1.49854,2.25,1.50
2012.10.25 08:52:44.702,1.49829,1.49853,2.25,1.13
2012.10.25 08:52:45.791,1.49829,1.49853,2.25,1.35
2012.10.25 08:52:46.425,1.49829,1.49851,2.25,1.35
2012.10.25 08:52:46.848,1.49829,1.49851,2.25,1.13
2012.10.25 08:52:48.004,1.49829,1.49851,2.25,1.13
2012.10.25 08:52:48.195,1.49829,1.49852,2.25,1.13
2012.10.25 08:52:48.455,1.49825,1.49849,1.35,1.73
2012.10.25 08:52:48.525,1.49825,1.49851,1.35,1.73
2012.10.25 08:52:49.104,1.49825,1.49848,1.13,1.73
2012.10.25 08:52:49.674,1.49825,1.49848,1.13,1.73
2012.10.25 08:52:49.893,1.49825,1.49848,1.13,1.73
2012.10.25 08:52:50.736,1.4982,1.49846,1.32,1.73
2012.10.25 08:52:51.508,1.4982,1.49843,1.13,1.50
2012.10.25 08:52:52.161,1.4982,1.49843,1.13,2.25
2012.10.25 08:52:52.971,1.4982,1.49843,1.13,1.13
2012.10.25 08:52:53.212,1.4982,1.49847,1.13,3.98
2012.10.25 08:52:53.732,1.4982,1.49844,1.13,1.50
2012.10.25 08:52:54.188,1.4982,1.49844,1.13,1.50
2012.10.25 08:52:54.894,1.4982,1.49842,1.13,1.13
2012.10.25 08:52:55.213,1.49814,1.49842,1.50,2.25
2012.10.25 08:52:59.654,1.49817,1.49842,2.25,1.50
2012.10.25 08:52:59.962,1.49817,1.49844,2.48,1.50
2012.10.25 08:53:00.443,1.49817,1.4984,2.48,1.35
2012.10.25 08:53:00.515,1.49811,1.49839,2.48,1.35
2012.10.25 08:53:03.093,1.49811,1.49838,2.48,1.13
2012.10.25 08:53:04.438,1.49814,1.49843,3.23,2.82
2012.10.25 08:53:04.943,1.49819,1.49843,1.73,2.44
2012.10.25 08:53:05.263,1.49819,1.49843,1.73,1.69
2012.10.25 08:53:07.698,1.49823,1.49846,1.50,1.69
2012.10.25 08:53:07.943,1.49823,1.49847,1.73,1.50
2012.10.25 08:53:08.072,1.49823,1.49849,1.73,4.43
2012.10.25 08:53:08.807,1.49823,1.49849,1.73,2.63
2012.10.25 08:53:09.440,1.49821,1.49847,1.35,1.50
2012.10.25 08:53:09.984,1.49823,1.49849,2.48,2.63
2012.10.25 08:53:10.184,1.49826,1.49851,2.48,1.50
2012.10.25 08:53:10.255,1.49826,1.49851,2.48,1.13
2012.10.25 08:53:11.194,1.49824,1.49851,2.48,1.88
2012.10.25 08:53:11.334,1.49824,1.49851,2.48,1.88
2012.10.25 08:53:11.613,1.49824,1.49851,2.48,1.88
2012.10.25 08:53:12.554,1.49823,1.49844,1.35,1.13
2012.10.25 08:53:14.169,1.49823,1.49847,1.35,1.13
2012.10.25 08:53:14.233,1.49823,1.49849,1.35,3.00
2012.10.25 08:53:14.306,1.49823,1.49849,1.35,2.25
2012.10.25 08:53:14.684,1.49824,1.49852,2.48,1.50
2012.10.25 08:53:14.752,1.49824,1.49847,2.25,1.13
2012.10.25 08:53:14.814,1.49824,1.49847,1.50,2.03
2012.10.25 08:53:15.003,1.49819,1.49839,1.13,1.13
2012.10.25 08:53:16.020,1.49819,1.4984,1.13,3.38
2012.10.25 08:53:16.104,1.49819,1.49839,1.13,1.88
2012.10.25 08:53:16.173,1.49819,1.49839,1.13,1.13
2012.10.25 08:53:17.174,1.49815,1.49841,2.48,1.13
2012.10.25 08:53:17.716,1.49818,1.49838,2.48,1.13
2012.10.25 08:53:17.784,1.49818,1.49838,2.48,1.50
2012.10.25 08:53:17.974,1.49814,1.49838,2.25,1.13
2012.10.25 08:53:18.115,1.49811,1.4984,1.35,1.88
2012.10.25 08:53:19.525,1.49818,1.49846,2.48,1.73
2012.10.25 08:53:19.664,1.49818,1.49843,2.48,1.13
2012.10.25 08:53:20.333,1.49814,1.49842,2.48,1.13
2012.10.25 08:53:21.445,1.49817,1.49842,2.48,1.32
2012.10.25 08:53:23.034,1.4982,1.49843,2.48,1.13
2012.10.25 08:53:23.526,1.4982,1.49847,3.23,2.10
2012.10.25 08:53:23.594,1.4982,1.49847,3.23,2.10
2012.10.25 08:53:24.773,1.49829,1.49854,2.48,3.60
2012.10.25 08:53:25.145,1.49829,1.49854,2.48,2.63
2012.10.25 08:53:25.884,1.49829,1.49851,2.48,1.13
2012.10.25 08:53:26.633,1.49829,1.49851,2.48,1.50
2012.10.25 08:53:27.304,1.49824,1.4985,2.48,1.13
2012.10.25 08:53:31.185,1.49826,1.49848,2.48,1.73
2012.10.25 08:53:31.692,1.4983,1.49855,1.50,2.48
2012.10.25 08:53:33.123,1.49831,1.49856,2.25,2.48
2012.10.25 08:53:33.303,1.4983,1.49856,1.50,1.73
2012.10.25 08:53:33.362,1.4983,1.49856,1.50,3.60
2012.10.25 08:53:33.493,1.4983,1.49848,1.50,1.69
2012.10.25 08:53:33.695,1.4983,1.49854,1.50,2.44
2012.10.25 08:53:34.244,1.49836,1.49854,1.50,1.69
2012.10.25 08:53:35.117,1.49832,1.49852,1.50,1.13
2012.10.25 08:53:35.184,1.49832,1.49854,1.50,2.25
2012.10.25 08:53:35.253,1.49833,1.49854,1.50,1.13
2012.10.25 08:53:37.663,1.49831,1.49856,2.48,2.10
2012.10.25 08:53:38.033,1.49829,1.49856,2.48,1.35
2012.10.25 08:53:38.465,1.49838,1.49861,1.50,1.73
2012.10.25 08:53:39.173,1.49838,1.49861,1.50,1.35
2012.10.25 08:53:39.303,1.49841,1.49862,1.50,1.73
2012.10.25 08:53:39.970,1.49841,1.49863,1.73,2.25
2012.10.25 08:53:40.893,1.49841,1.49863,1.50,1.50
2012.10.25 08:53:41.154,1.49844,1.49866,1.50,2.25
2012.10.25 08:53:41.917,1.49844,1.49868,1.50,1.50
2012.10.25 08:53:42.063,1.49844,1.49865,1.50,1.13
2012.10.25 08:53:42.613,1.49844,1.49866,1.50,3.00
2012.10.25 08:53:43.155,1.49841,1.49866,1.50,2.25
2012.10.25 08:53:43.411,1.49843,1.49868,1.50,1.13
2012.10.25 08:53:45.973,1.49845,1.49868,1.50,1.13
2012.10.25 08:53:47.193,1.49849,1.49872,1.88,1.13
2012.10.25 08:53:47.314,1.49849,1.49875,1.88,1.20
2012.10.25 08:53:47.443,1.4985,1.49877,2.25,2.10
2012.10.25 08:53:48.394,1.4985,1.49877,2.25,1.88
2012.10.25 08:53:48.714,1.49852,1.49871,1.13,1.88
2012.10.25 08:53:48.854,1.49853,1.49873,1.73,1.69
2012.10.25 08:53:49.175,1.49852,1.49875,1.35,1.69
2012.10.25 08:53:49.733,1.49848,1.49876,5.48,1.69
2012.10.25 08:53:49.854,1.49848,1.49876,4.73,1.69
2012.10.25 08:53:49.984,1.49852,1.49876,1.13,1.50
2012.10.25 08:53:50.363,1.49851,1.49877,1.50,3.00
2012.10.25 08:53:51.164,1.49851,1.49874,1.73,1.13
2012.10.25 08:53:51.848,1.49846,1.49873,1.73,2.25
2012.10.25 08:53:52.403,1.49846,1.49868,1.50,1.50
2012.10.25 08:53:52.474,1.49846,1.49868,1.50,2.25
2012.10.25 08:53:54.673,1.49843,1.49868,1.73,2.25
2012.10.25 08:53:54.963,1.49844,1.49868,1.50,2.25
2012.10.25 08:53:55.857,1.49847,1.49868,1.50,2.25
2012.10.25 08:53:57.735,1.49848,1.49868,1.50,2.25
2012.10.25 08:54:01.637,1.49852,1.49873,1.50,2.63
2012.10.25 08:54:02.273,1.49852,1.49873,1.50,2.25
2012.10.25 08:54:02.719,1.49852,1.49877,1.50,1.13
2012.10.25 08:54:02.858,1.49852,1.49876,1.50,3.38
2012.10.25 08:54:03.125,1.49855,1.49876,1.50,3.38
2012.10.25 08:54:03.193,1.49855,1.49874,1.73,1.73
2012.10.25 08:54:03.755,1.49854,1.49874,1.73,2.48
2012.10.25 08:54:04.266,1.49854,1.49874,1.73,2.48
2012.10.25 08:54:04.922,1.49854,1.49874,1.73,2.48
2012.10.25 08:54:07.434,1.49856,1.49874,1.73,2.48
2012.10.25 08:54:07.753,1.49857,1.49878,1.73,1.13
2012.10.25 08:54:07.884,1.49857,1.49879,1.73,1.13
2012.10.25 08:54:08.975,1.49861,1.49881,1.73,1.88
2012.10.25 08:54:09.679,1.49861,1.49884,1.50,1.13
2012.10.25 08:54:10.234,1.49863,1.49884,1.50,1.50
2012.10.25 08:54:10.716,1.49866,1.49886,1.50,1.88
2012.10.25 08:54:12.067,1.49866,1.49889,1.50,4.13
2012.10.25 08:54:12.174,1.49866,1.49889,1.50,3.75
2012.10.25 08:54:13.225,1.49867,1.49889,1.50,2.25
2012.10.25 08:54:13.294,1.49867,1.49889,1.50,1.88
2012.10.25 08:54:13.423,1.49867,1.49887,1.73,1.50
2012.10.25 08:54:13.734,1.49863,1.49886,2.48,1.88
2012.10.25 08:54:13.804,1.49863,1.49886,1.73,1.88
2012.10.25 08:54:14.173,1.49862,1.49886,1.50,1.88
2012.10.25 08:54:14.303,1.49861,1.49886,1.50,1.88
2012.10.25 08:54:14.634,1.49862,1.49886,1.50,1.88
2012.10.25 08:54:15.258,1.49862,1.49886,1.50,1.88
2012.10.25 08:54:15.986,1.49866,1.49887,1.50,1.50
2012.10.25 08:54:16.534,1.49868,1.49887,1.73,1.50
2012.10.25 08:54:21.747,1.49871,1.49893,1.73,1.73
2012.10.25 08:54:22.339,1.49871,1.49891,1.73,1.35
2012.10.25 08:54:22.417,1.49872,1.49896,1.73,3.00
2012.10.25 08:54:22.624,1.49873,1.49896,1.50,1.88
2012.10.25 08:54:22.934,1.49871,1.49893,1.50,1.13
2012.10.25 08:54:25.634,1.49869,1.49893,1.73,1.13
2012.10.25 08:54:25.844,1.49867,1.49893,3.00,1.13
2012.10.25 08:54:30.680,1.49867,1.49888,1.50,1.13
2012.10.25 08:54:30.984,1.49863,1.4988,2.25,1.13
2012.10.25 08:54:31.054,1.49862,1.4988,1.50,1.13
2012.10.25 08:54:31.194,1.49865,1.49883,1.50,1.13
2012.10.25 08:54:31.263,1.49867,1.49888,1.50,1.73
2012.10.25 08:54:32.028,1.49866,1.49888,1.50,1.50
2012.10.25 08:54:32.164,1.49861,1.49888,2.48,1.50
2012.10.25 08:54:32.233,1.49861,1.49883,2.48,1.13
2012.10.25 08:54:32.354,1.49861,1.49883,2.25,1.13
2012.10.25 08:54:34.065,1.49861,1.49884,2.25,1.13
2012.10.25 08:54:35.824,1.49861,1.49883,2.25,1.13
2012.10.25 08:54:36.773,1.49861,1.49884,2.25,1.13
2012.10.25 08:54:37.416,1.49861,1.49883,2.25,1.13
2012.10.25 08:54:37.774,1.49866,1.49888,2.25,1.13
2012.10.25 08:54:37.843,1.49866,1.49889,3.00,1.32
2012.10.25 08:54:37.912,1.49866,1.49889,3.98,1.32
2012.10.25 08:54:38.342,1.49867,1.49889,1.50,1.13
2012.10.25 08:54:40.196,1.49867,1.49889,1.50,1.13
2012.10.25 08:54:42.540,1.49867,1.49889,1.50,1.13
2012.10.25 08:54:45.944,1.49868,1.49893,1.50,1.69
2012.10.25 08:54:46.846,1.49871,1.49893,1.50,1.69
2012.10.25 08:54:47.713,1.49871,1.49896,1.50,3.38
2012.10.25 08:54:47.832,1.49871,1.49896,1.50,1.13
2012.10.25 08:54:48.014,1.49871,1.49897,1.50,2.10
2012.10.25 08:54:48.593,1.49871,1.49896,1.50,1.50
2012.10.25 08:54:49.463,1.49875,1.49897,2.25,1.73
2012.10.25 08:54:49.966,1.49875,1.49899,2.48,1.13
2012.10.25 08:54:50.194,1.49875,1.49901,2.48,1.50
2012.10.25 08:54:50.403,1.49876,1.49898,1.73,1.13
2012.10.25 08:54:50.934,1.4988,1.49901,1.50,1.50
2012.10.25 08:54:51.634,1.49883,1.49901,1.73,1.50
2012.10.25 08:54:52.374,1.49891,1.49909,1.13,2.07
2012.10.25 08:54:52.503,1.49894,1.49917,2.25,1.95
2012.10.25 08:54:52.564,1.49902,1.49918,1.50,2.25
2012.10.25 08:54:52.693,1.49902,1.49918,1.50,2.25
2012.10.25 08:54:53.513,1.49902,1.49919,1.50,1.13
2012.10.25 08:54:54.075,1.49905,1.49923,1.50,1.50
2012.10.25 08:54:54.265,1.49908,1.49926,1.50,3.00
2012.10.25 08:54:54.463,1.4991,1.49931,1.13,2.82
2012.10.25 08:54:54.955,1.49912,1.49931,1.50,1.32
2012.10.25 08:54:55.464,1.49917,1.49933,1.50,1.69
2012.10.25 08:54:55.734,1.49917,1.49933,1.50,1.50
2012.10.25 08:54:56.203,1.49917,1.49936,1.50,1.32
2012.10.25 08:54:56.322,1.4992,1.49937,1.73,1.32
2012.10.25 08:54:56.623,1.49916,1.49936,1.73,1.32
2012.10.25 08:54:56.973,1.49919,1.49937,1.50,1.32
2012.10.25 08:54:57.643,1.49915,1.49936,1.73,1.35
2012.10.25 08:54:57.763,1.49914,1.49936,1.50,2.10
2012.10.25 08:55:01.236,1.49912,1.49933,1.50,1.50
2012.10.25 08:55:01.304,1.49912,1.49933,1.50,1.50
2012.10.25 08:55:01.707,1.49912,1.49926,1.50,1.50
2012.10.25 08:55:02.724,1.49912,1.49926,1.50,1.50
2012.10.25 08:55:03.251,1.49906,1.49926,1.73,2.25
2012.10.25 08:55:03.594,1.49902,1.49926,1.17,2.25
2012.10.25 08:55:04.853,1.49906,1.49928,1.50,1.13
2012.10.25 08:55:04.914,1.49901,1.49927,3.23,1.13
2012.10.25 08:55:05.046,1.49906,1.49923,1.50,1.50
2012.10.25 08:55:06.273,1.49907,1.49923,1.50,1.50
2012.10.25 08:55:07.253,1.49907,1.49923,1.50,2.25
2012.10.25 08:55:07.954,1.49901,1.49923,1.73,2.25
2012.10.25 08:55:08.263,1.49899,1.49923,1.35,2.25
2012.10.25 08:55:08.326,1.49902,1.49923,1.50,2.25
2012.10.25 08:55:10.242,1.49898,1.49923,1.92,2.25
2012.10.25 08:55:10.524,1.49902,1.49923,1.50,2.25
2012.10.25 08:55:10.592,1.49898,1.49923,1.35,2.25
2012.10.25 08:55:11.443,1.49902,1.49923,1.50,2.25
2012.10.25 08:55:11.634,1.49898,1.49923,1.35,2.25
2012.10.25 08:55:12.973,1.49902,1.49923,1.50,2.25
2012.10.25 08:55:13.194,1.49898,1.49923,1.35,2.25
2012.10.25 08:55:13.714,1.49907,1.49923,1.50,2.25
2012.10.25 08:55:15.714,1.49902,1.49927,3.00,3.00
2012.10.25 08:55:15.843,1.49901,1.49927,1.73,3.00
2012.10.25 08:55:16.023,1.49901,1.49927,1.73,3.00
2012.10.25 08:55:17.183,1.49901,1.49927,1.73,3.00
2012.10.25 08:55:21.348,1.49899,1.49927,1.13,2.63
2012.10.25 08:55:21.421,1.49898,1.49919,3.04,1.50
2012.10.25 08:55:21.648,1.49898,1.49915,1.32,1.13
2012.10.25 08:55:21.717,1.49898,1.49916,1.13,3.00
2012.10.25 08:55:21.793,1.49898,1.49916,1.13,3.00
2012.10.25 08:55:21.860,1.49898,1.49916,1.13,3.00
2012.10.25 08:55:21.927,1.49898,1.49916,1.13,2.25
2012.10.25 08:55:22.114,1.49897,1.49914,1.50,1.50
2012.10.25 08:55:22.234,1.49896,1.49915,1.73,1.13
2012.10.25 08:55:22.385,1.49891,1.49915,1.69,1.13
2012.10.25 08:55:22.453,1.49897,1.49915,1.50,1.13
2012.10.25 08:55:22.514,1.49898,1.49919,1.50,1.88
2012.10.25 08:55:22.705,1.499,1.49919,1.50,1.50
2012.10.25 08:55:22.775,1.49906,1.4992,1.50,2.25
2012.10.25 08:55:23.343,1.49907,1.49925,1.50,3.00
2012.10.25 08:55:26.373,1.49907,1.49929,1.50,2.25
2012.10.25 08:55:27.891,1.49907,1.49929,1.50,2.25
2012.10.25 08:55:30.895,1.49902,1.49928,3.45,1.50
2012.10.25 08:55:32.750,1.49902,1.49929,2.25,2.25
2012.10.25 08:55:33.780,1.49902,1.49929,1.88,2.25
2012.10.25 08:55:34.934,1.49902,1.49927,1.88,1.50
2012.10.25 08:55:36.723,1.49902,1.49929,4.09,3.00
2012.10.25 08:55:39.254,1.49907,1.49927,1.50,1.50
2012.10.25 08:55:39.965,1.49907,1.49928,1.50,1.13
2012.10.25 08:55:41.902,1.49903,1.49929,2.70,3.00
2012.10.25 08:55:42.083,1.49902,1.49929,1.73,3.00
2012.10.25 08:55:42.203,1.49902,1.49927,1.35,1.13
2012.10.25 08:55:42.449,1.499,1.4992,1.13,1.13
2012.10.25 08:55:42.514,1.499,1.49921,1.13,2.25
2012.10.25 08:55:42.727,1.49902,1.49922,1.50,1.50
2012.10.25 08:55:42.795,1.49902,1.4992,1.50,1.50
2012.10.25 08:55:43.125,1.49898,1.4992,1.13,1.50
2012.10.25 08:55:43.513,1.49898,1.49918,1.13,1.50
2012.10.25 08:55:44.466,1.49898,1.49918,1.13,1.50
2012.10.25 08:55:44.952,1.49897,1.49915,1.50,2.25
2012.10.25 08:55:45.156,1.49894,1.49915,2.55,2.25
2012.10.25 08:55:46.531,1.49896,1.49918,1.50,1.50
2012.10.25 08:55:47.513,1.49901,1.49919,1.50,1.88
2012.10.25 08:55:48.016,1.49901,1.49919,1.73,1.13
2012.10.25 08:55:52.750,1.49901,1.49922,1.50,1.50
2012.10.25 08:55:53.407,1.49898,1.49924,1.35,1.50
2012.10.25 08:55:54.074,1.49898,1.49923,1.13,2.25
2012.10.25 08:55:54.554,1.49898,1.49913,1.13,1.50
2012.10.25 08:55:54.683,1.49898,1.49913,1.13,1.50
2012.10.25 08:55:55.285,1.49898,1.49913,1.13,1.50
2012.10.25 08:55:55.656,1.49898,1.49913,1.13,1.50
2012.10.25 08:55:55.986,1.49896,1.49917,1.50,1.50
2012.10.25 08:55:56.206,1.49893,1.49917,1.73,1.50
2012.10.25 08:55:56.806,1.49893,1.49917,1.73,1.50
2012.10.25 08:55:57.514,1.49893,1.49912,1.50,1.50
2012.10.25 08:55:59.473,1.49893,1.49916,1.50,3.00
2012.10.25 08:56:03.245,1.49892,1.49916,2.25,3.00
2012.10.25 08:56:03.695,1.49893,1.49916,1.50,3.00
2012.10.25 08:56:05.834,1.49892,1.49913,1.73,1.13
2012.10.25 08:56:06.352,1.49891,1.49912,1.13,1.13
2012.10.25 08:56:07.403,1.49888,1.49912,1.73,2.10
2012.10.25 08:56:07.928,1.49886,1.49911,2.48,1.50
2012.10.25 08:56:08.584,1.49886,1.4991,2.48,1.50
2012.10.25 08:56:10.180,1.49886,1.49912,2.48,2.48
2012.10.25 08:56:20.923,1.49886,1.4991,2.48,1.50
2012.10.25 08:56:22.682,1.49886,1.49912,2.48,2.10
2012.10.25 08:56:22.982,1.49886,1.49909,2.48,1.50
2012.10.25 08:56:24.753,1.49886,1.49911,2.48,1.50
2012.10.25 08:56:26.622,1.49886,1.49912,2.48,1.58
2012.10.25 08:56:27.106,1.49886,1.49911,2.48,1.50
2012.10.25 08:56:28.403,1.49886,1.49912,2.48,1.13
2012.10.25 08:56:28.661,1.49889,1.49913,1.50,1.50
2012.10.25 08:56:28.903,1.49889,1.49911,1.50,1.50
2012.10.25 08:56:45.425,1.49886,1.49911,3.23,1.50
2012.10.25 08:56:45.793,1.49884,1.49909,1.73,1.50
2012.10.25 08:56:45.854,1.49884,1.49909,1.73,1.50
2012.10.25 08:56:50.543,1.49885,1.4991,1.73,3.00
2012.10.25 08:56:51.054,1.49886,1.4991,1.73,3.00
2012.10.25 08:56:51.123,1.49886,1.4991,1.73,3.00
2012.10.25 08:56:52.615,1.49886,1.4991,2.10,3.00
2012.10.25 08:56:52.744,1.49889,1.4991,1.50,3.00
2012.10.25 08:56:53.277,1.49888,1.4991,1.88,1.50
2012.10.25 08:56:53.476,1.49888,1.49911,2.10,2.25
2012.10.25 08:56:53.722,1.49891,1.49914,1.50,1.50
2012.10.25 08:56:54.533,1.49891,1.49914,1.73,1.50
2012.10.25 08:56:55.972,1.49891,1.4991,1.73,1.50
2012.10.25 08:56:56.374,1.49891,1.49914,1.73,1.73
2012.10.25 08:56:56.715,1.49891,1.4991,1.73,1.50
2012.10.25 08:56:58.235,1.49891,1.49914,2.10,1.73
2012.10.25 08:56:58.543,1.49892,1.49913,1.73,1.50
2012.10.25 08:56:58.603,1.49892,1.49913,1.50,1.50
2012.10.25 08:57:00.346,1.49891,1.4991,1.35,1.50
2012.10.25 08:57:00.653,1.4989,1.49914,1.73,1.73
2012.10.25 08:57:00.823,1.4989,1.49914,1.73,1.73
2012.10.25 08:57:01.164,1.4989,1.49914,2.48,1.50
2012.10.25 08:57:01.614,1.4989,1.49914,2.48,1.50
2012.10.25 08:57:01.685,1.4989,1.49914,2.48,1.50
2012.10.25 08:57:01.825,1.4989,1.49914,2.48,1.50
2012.10.25 08:57:02.102,1.4989,1.49914,2.48,1.50
2012.10.25 08:57:02.624,1.4989,1.49914,2.48,1.50
2012.10.25 08:57:04.604,1.49891,1.49914,1.73,1.50
2012.10.25 08:57:07.888,1.49891,1.49914,1.73,1.50
2012.10.25 08:57:09.914,1.49892,1.49914,1.35,1.50
2012.10.25 08:57:16.432,1.49897,1.49917,1.13,2.25
2012.10.25 08:57:16.565,1.49897,1.49918,1.13,1.50
2012.10.25 08:57:16.634,1.49902,1.4992,1.50,1.58
2012.10.25 08:57:16.993,1.49904,1.49926,1.73,2.33
2012.10.25 08:57:17.588,1.49905,1.49927,1.73,1.13
2012.10.25 08:57:17.660,1.49905,1.49929,1.73,3.98
2012.10.25 08:57:17.918,1.49906,1.49929,1.35,2.63
2012.10.25 08:57:18.314,1.49906,1.49929,1.35,2.25
2012.10.25 08:57:18.822,1.49906,1.49929,1.35,2.25
2012.10.25 08:57:20.365,1.49906,1.49929,1.35,1.73
2012.10.25 08:57:20.715,1.49906,1.49926,1.35,1.50
2012.10.25 08:57:22.566,1.49905,1.49932,1.35,2.85
2012.10.25 08:57:22.671,1.49905,1.49928,1.35,1.50
2012.10.25 08:57:27.394,1.49914,1.49929,1.13,1.43
2012.10.25 08:57:27.704,1.49914,1.49933,2.63,1.50
2012.10.25 08:57:28.233,1.49914,1.49935,2.10,1.43
2012.10.25 08:57:29.740,1.49914,1.49935,2.10,1.58
2012.10.25 08:57:32.207,1.49914,1.49933,2.10,1.73
2012.10.25 08:57:32.534,1.49914,1.49934,2.10,2.48
2012.10.25 08:57:32.604,1.49914,1.49934,2.10,3.23
2012.10.25 08:57:32.736,1.49914,1.49935,2.10,1.58
2012.10.25 08:57:33.284,1.49914,1.49934,2.85,1.73
2012.10.25 08:57:34.325,1.49914,1.49937,2.10,2.25
2012.10.25 08:57:34.454,1.49917,1.49937,1.50,2.25
2012.10.25 08:57:34.944,1.49917,1.49937,1.73,1.50
2012.10.25 08:57:35.015,1.49917,1.49941,1.73,2.48
2012.10.25 08:57:35.143,1.49914,1.49939,2.10,1.50
2012.10.25 08:57:35.203,1.49914,1.49939,1.73,1.88
2012.10.25 08:57:35.756,1.49913,1.49939,1.73,3.38
2012.10.25 08:57:35.975,1.49913,1.49939,1.73,2.63
2012.10.25 08:57:36.826,1.49914,1.49938,1.73,1.50
2012.10.25 08:57:37.734,1.49925,1.49945,1.13,1.32
2012.10.25 08:57:37.948,1.49926,1.49951,1.50,2.83
2012.10.25 08:57:38.440,1.49929,1.49953,1.73,1.50
2012.10.25 08:57:39.195,1.49932,1.49953,1.35,1.50
2012.10.25 08:57:40.896,1.49932,1.49953,1.13,1.50
2012.10.25 08:57:41.925,1.49932,1.49953,1.13,1.50
2012.10.25 08:57:43.104,1.49928,1.4995,1.73,1.35
2012.10.25 08:57:43.913,1.49926,1.49948,2.48,1.50
2012.10.25 08:57:44.634,1.49932,1.4995,1.13,1.50
2012.10.25 08:57:44.710,1.49933,1.49952,1.13,1.50
2012.10.25 08:57:44.955,1.49934,1.49954,1.73,1.69
2012.10.25 08:57:45.434,1.49933,1.49956,1.88,2.44
2012.10.25 08:57:47.635,1.49934,1.49953,1.73,1.69
2012.10.25 08:57:47.777,1.49934,1.49953,1.73,1.50
2012.10.25 08:57:48.285,1.49929,1.49952,1.35,1.50
2012.10.25 08:57:48.714,1.49929,1.49948,1.35,2.25
2012.10.25 08:57:48.843,1.49929,1.49948,1.35,3.23
2012.10.25 08:57:49.025,1.49929,1.49946,1.35,1.13
2012.10.25 08:57:49.333,1.4992,1.49944,1.88,1.13
2012.10.25 08:57:49.635,1.49919,1.49943,2.48,1.50
2012.10.25 08:57:50.462,1.49919,1.49944,3.08,1.13
2012.10.25 08:57:52.592,1.49919,1.49943,3.23,1.50
2012.10.25 08:57:54.240,1.49919,1.49944,2.10,1.50
2012.10.25 08:57:55.923,1.49921,1.49943,2.48,1.50
2012.10.25 08:57:56.736,1.49919,1.49943,2.85,1.50
2012.10.25 08:57:58.424,1.4992,1.49943,1.73,1.50
2012.10.25 08:57:58.639,1.49923,1.49943,2.25,1.50
2012.10.25 08:57:59.185,1.49923,1.49945,2.48,1.50
2012.10.25 08:58:03.074,1.49922,1.49947,1.73,1.28
2012.10.25 08:58:03.476,1.49922,1.49946,2.48,1.50
2012.10.25 08:58:03.947,1.49925,1.49948,1.73,2.63
2012.10.25 08:58:04.253,1.49924,1.49945,1.35,1.50
2012.10.25 08:58:04.313,1.49924,1.49945,2.85,1.50
2012.10.25 08:58:05.317,1.49924,1.49941,1.73,1.13
2012.10.25 08:58:05.448,1.49924,1.4994,1.13,1.50
2012.10.25 08:58:06.095,1.49924,1.49942,1.35,1.13
2012.10.25 08:58:09.514,1.49924,1.49944,1.35,1.50
2012.10.25 08:58:13.094,1.49924,1.49944,1.35,1.50
2012.10.25 08:58:13.844,1.49924,1.49945,1.73,2.48
2012.10.25 08:58:13.904,1.49924,1.49945,1.73,2.48
2012.10.25 08:58:15.784,1.49923,1.49947,1.35,1.50
2012.10.25 08:58:15.845,1.49927,1.49947,1.73,1.50
2012.10.25 08:58:16.284,1.49928,1.49947,2.48,1.28
2012.10.25 08:58:16.834,1.49928,1.49949,2.48,1.73
2012.10.25 08:58:16.904,1.49928,1.4995,2.48,1.50
2012.10.25 08:58:17.284,1.49928,1.4995,2.48,1.50
2012.10.25 08:58:20.164,1.49929,1.49948,1.73,1.50
2012.10.25 08:58:21.193,1.49929,1.49953,1.73,1.73
2012.10.25 08:58:22.934,1.49928,1.49951,3.98,1.50
2012.10.25 08:58:23.174,1.49928,1.49953,3.23,1.50
2012.10.25 08:58:23.945,1.49928,1.49951,3.23,1.50
2012.10.25 08:58:24.275,1.49928,1.49953,3.23,1.50
2012.10.25 08:58:24.996,1.49928,1.49951,3.23,1.50
2012.10.25 08:58:26.514,1.49929,1.49953,1.73,1.50
2012.10.25 08:58:26.703,1.49928,1.49953,3.23,1.50
2012.10.25 08:58:26.769,1.49928,1.49953,3.23,1.50
2012.10.25 08:58:27.104,1.49927,1.49951,2.10,1.50
2012.10.25 08:58:27.283,1.49927,1.49949,1.35,1.73
2012.10.25 08:58:27.824,1.49927,1.49949,1.35,1.73
2012.10.25 08:58:27.944,1.49926,1.49947,2.48,1.50
2012.10.25 08:58:28.557,1.49926,1.49944,1.13,1.50
2012.10.25 08:58:30.334,1.49925,1.49944,1.35,1.50
2012.10.25 08:58:31.774,1.49923,1.49945,3.98,1.50
2012.10.25 08:58:33.735,1.49924,1.49944,1.73,1.50
2012.10.25 08:58:34.964,1.49922,1.49943,1.13,1.50
2012.10.25 08:58:36.345,1.49922,1.49943,1.13,1.50
2012.10.25 08:58:36.686,1.49927,1.49944,1.13,2.25
2012.10.25 08:58:39.371,1.49926,1.49947,1.13,1.50
2012.10.25 08:58:39.575,1.49923,1.49944,1.35,2.25
2012.10.25 08:58:40.082,1.49919,1.49937,1.13,1.50
2012.10.25 08:58:40.486,1.49922,1.49938,1.13,1.50
2012.10.25 08:58:41.250,1.49919,1.49937,1.13,1.50
2012.10.25 08:58:41.574,1.49918,1.49937,1.13,1.50
2012.10.25 08:58:41.943,1.49921,1.49941,1.50,1.95
2012.10.25 08:58:42.124,1.49919,1.49941,1.50,1.50
2012.10.25 08:58:42.961,1.4992,1.49941,1.69,1.50
2012.10.25 08:58:45.694,1.4992,1.49939,1.69,1.50
2012.10.25 08:58:48.465,1.49921,1.49939,1.69,1.50
2012.10.25 08:58:48.964,1.49919,1.49941,1.17,1.50
2012.10.25 08:58:49.143,1.49918,1.49938,1.88,1.50
2012.10.25 08:58:52.608,1.49919,1.49937,1.50,1.50
2012.10.25 08:58:52.735,1.49918,1.49937,2.25,1.50
2012.10.25 08:59:02.174,1.49914,1.49939,3.00,1.50
2012.10.25 08:59:02.238,1.49914,1.49939,1.88,1.50
2012.10.25 08:59:02.577,1.49908,1.4993,1.50,1.13
2012.10.25 08:59:03.396,1.49906,1.49929,1.50,3.00
2012.10.25 08:59:03.895,1.49911,1.49929,1.50,2.25
2012.10.25 08:59:05.174,1.49906,1.4993,1.73,1.32
2012.10.25 08:59:05.609,1.49908,1.4993,1.73,1.32
2012.10.25 08:59:06.024,1.49907,1.4993,1.73,1.32
2012.10.25 08:59:06.413,1.49905,1.49928,1.50,1.88
2012.10.25 08:59:07.013,1.49906,1.49925,1.88,1.13
2012.10.25 08:59:07.589,1.49905,1.49925,1.35,1.35
2012.10.25 08:59:07.853,1.49903,1.49925,4.35,1.35
2012.10.25 08:59:08.164,1.49903,1.49924,1.50,2.48
2012.10.25 08:59:08.408,1.49896,1.49921,2.25,1.73
2012.10.25 08:59:08.963,1.49896,1.49919,1.50,2.44
2012.10.25 08:59:09.701,1.49895,1.49915,1.13,1.13
2012.10.25 08:59:10.225,1.49894,1.49915,2.10,1.32
2012.10.25 08:59:12.564,1.49894,1.49916,1.35,1.69
2012.10.25 08:59:14.524,1.49894,1.49916,2.10,1.69
2012.10.25 08:59:16.040,1.49895,1.49915,1.13,1.95
2012.10.25 08:59:16.106,1.49895,1.49914,1.13,1.73
2012.10.25 08:59:16.444,1.49894,1.49908,1.88,1.50
2012.10.25 08:59:16.584,1.49895,1.49915,1.13,3.23
2012.10.25 08:59:17.128,1.49894,1.49915,1.13,3.23
2012.10.25 08:59:17.345,1.49894,1.49915,1.88,3.60
2012.10.25 08:59:17.424,1.49894,1.49914,1.88,1.50
2012.10.25 08:59:17.769,1.49894,1.49909,1.13,1.50
2012.10.25 08:59:18.198,1.49894,1.49909,1.13,1.50
2012.10.25 08:59:18.640,1.49894,1.49909,1.13,1.50
2012.10.25 08:59:19.934,1.49889,1.49909,1.13,1.50
2012.10.25 08:59:20.004,1.49889,1.49909,1.88,1.50
2012.10.25 08:59:20.135,1.49887,1.49909,1.50,1.50
2012.10.25 08:59:20.207,1.49889,1.49909,1.13,1.50
2012.10.25 08:59:20.984,1.49889,1.49908,1.13,1.50
2012.10.25 08:59:21.264,1.49889,1.49909,1.13,1.50
2012.10.25 08:59:21.444,1.49887,1.49906,1.13,1.50
2012.10.25 08:59:21.778,1.49884,1.49908,2.25,1.20
2012.10.25 08:59:22.223,1.49884,1.49909,2.48,1.50
2012.10.25 08:59:23.649,1.49884,1.4991,1.73,2.25
2012.10.25 08:59:27.095,1.49884,1.49906,1.50,2.25
2012.10.25 08:59:27.424,1.49882,1.49908,1.50,1.35
2012.10.25 08:59:27.544,1.49882,1.49908,1.73,1.13
2012.10.25 08:59:27.615,1.49882,1.49908,1.73,1.88
2012.10.25 08:59:28.172,1.49882,1.49907,2.25,1.88
2012.10.25 08:59:28.587,1.49881,1.49902,2.25,1.13
2012.10.25 08:59:30.015,1.4988,1.49905,1.73,1.50
2012.10.25 08:59:30.208,1.49881,1.49905,1.73,1.50
2012.10.25 08:59:30.464,1.49885,1.49908,2.25,2.10
2012.10.25 08:59:31.693,1.49885,1.49906,2.48,1.13
2012.10.25 08:59:31.933,1.49883,1.49909,1.50,2.33
2012.10.25 08:59:32.054,1.49883,1.4991,2.48,3.08
2012.10.25 08:59:38.616,1.49884,1.49912,2.48,2.67
2012.10.25 08:59:39.206,1.49887,1.49912,1.35,2.48
2012.10.25 08:59:40.433,1.49888,1.49912,1.35,1.50
2012.10.25 08:59:40.764,1.49887,1.49912,1.73,1.50
2012.10.25 08:59:41.275,1.49887,1.4991,1.13,1.50
2012.10.25 08:59:42.254,1.49887,1.49908,1.35,1.50
2012.10.25 08:59:44.703,1.49884,1.49907,2.48,1.50
2012.10.25 08:59:44.883,1.49885,1.49907,1.73,1.50
2012.10.25 08:59:44.943,1.49885,1.49907,1.73,1.50
2012.10.25 08:59:45.063,1.49885,1.49909,1.73,1.73
2012.10.25 08:59:45.305,1.49885,1.49911,1.73,1.95
2012.10.25 08:59:45.495,1.49896,1.49914,1.13,1.13
2012.10.25 08:59:45.747,1.49898,1.49918,1.73,1.13
2012.10.25 08:59:46.054,1.49898,1.49921,2.63,1.69
2012.10.25 08:59:48.893,1.49899,1.49921,2.10,1.50
2012.10.25 08:59:49.194,1.49904,1.49923,1.50,1.50
2012.10.25 08:59:49.265,1.49904,1.49926,1.73,1.88
2012.10.25 08:59:49.454,1.49908,1.49926,1.35,1.13
2012.10.25 08:59:49.644,1.49909,1.49928,2.10,1.13
2012.10.25 08:59:49.964,1.49916,1.49934,2.48,1.32
2012.10.25 08:59:50.205,1.49916,1.49938,2.48,1.69
2012.10.25 08:59:50.393,1.49916,1.49938,4.35,1.69
2012.10.25 08:59:50.513,1.49923,1.49942,1.35,1.58
2012.10.25 08:59:50.813,1.49923,1.49941,1.35,1.02
2012.10.25 08:59:50.934,1.49923,1.49944,1.35,1.58
2012.10.25 08:59:51.218,1.49923,1.49946,1.35,1.73
2012.10.25 08:59:55.388,1.49923,1.49946,1.35,1.50
2012.10.25 08:59:55.734,1.49921,1.49946,3.26,1.50
2012.10.25 08:59:56.277,1.49923,1.49946,1.35,1.50
2012.10.25 08:59:56.613,1.49923,1.49945,1.35,1.50
2012.10.25 08:59:57.157,1.49925,1.49945,1.73,1.50
2012.10.25 08:59:57.473,1.49925,1.49945,2.48,1.50
2012.10.25 08:59:58.806,1.49923,1.49945,1.35,1.50
2012.10.25 08:59:59.134,1.49923,1.49945,1.35,1.50
2012.10.25 08:59:59.204,1.49923,1.49945,1.35,1.50
2012.10.25 08:59:59.574,1.49923,1.49948,1.35,2.25
2012.10.25 08:59:59.636,1.49923,1.49948,1.35,2.25
