2016.08.28 22:00:00.240,1.28309,1.28395,0.75,1.87
2016.08.28 22:00:00.296,1.28309,1.28394,0.75,0.75
2016.08.28 22:00:00.347,1.28311,1.28394,0.15,0.37
2016.08.28 22:00:00.398,1.28311,1.28399,0.90,1.12
2016.08.28 22:00:00.449,1.28319,1.28405,0.15,2.25
2016.08.28 22:00:00.501,1.28319,1.28403,0.15,0.75
2016.08.28 22:00:00.551,1.28319,1.28391,0.75,0.37
2016.08.28 22:00:00.653,1.28316,1.28373,0.37,0.37
2016.08.28 22:00:00.755,1.28312,1.28374,0.37,0.37
2016.08.28 22:00:00.806,1.28314,1.28379,0.75,0.37
2016.08.28 22:00:00.857,1.28314,1.2838,0.75,1.12
2016.08.28 22:00:00.907,1.28315,1.2838,0.75,0.75
2016.08.28 22:00:00.958,1.28315,1.28383,1.87,0.37
2016.08.28 22:00:01.110,1.28316,1.28383,0.37,0.37
2016.08.28 22:00:01.161,1.28316,1.28385,0.37,0.37
2016.08.28 22:00:01.217,1.28312,1.28387,0.75,0.37
2016.08.28 22:00:01.269,1.28312,1.28387,0.75,0.75
2016.08.28 22:00:01.371,1.28312,1.28387,0.75,1.12
2016.08.28 22:00:01.526,1.28311,1.28387,1.50,1.12
2016.08.28 22:00:01.577,1.28311,1.28387,1.50,1.12
2016.08.28 22:00:01.627,1.28311,1.28387,0.75,1.12
2016.08.28 22:00:01.729,1.28309,1.28387,0.75,0.37
2016.08.28 22:00:01.780,1.28314,1.28394,1.87,0.37
2016.08.28 22:00:01.887,1.28316,1.28397,0.10,0.67
2016.08.28 22:00:01.938,1.28316,1.28392,0.10,0.37
2016.08.28 22:00:01.991,1.28315,1.28392,0.75,0.37
2016.08.28 22:00:02.093,1.28315,1.28392,1.12,0.37
2016.08.28 22:00:02.195,1.28314,1.28394,0.75,1.12
2016.08.28 22:00:02.297,1.28312,1.28394,0.37,1.12
2016.08.28 22:00:02.348,1.28312,1.28378,0.37,0.37
2016.08.28 22:00:02.399,1.28312,1.28378,0.37,0.75
2016.08.28 22:00:02.450,1.28311,1.28378,0.75,0.37
2016.08.28 22:00:02.502,1.28311,1.28378,1.50,0.37
2016.08.28 22:00:02.554,1.28311,1.28386,1.50,0.37
2016.08.28 22:00:02.605,1.28315,1.28386,0.75,0.37
2016.08.28 22:00:02.657,1.28315,1.28388,0.75,0.37
2016.08.28 22:00:02.709,1.28317,1.28399,0.75,0.37
2016.08.28 22:00:02.761,1.28318,1.28401,0.10,0.37
2016.08.28 22:00:02.812,1.28319,1.2841,0.75,0.37
2016.08.28 22:00:02.863,1.28319,1.28408,0.75,0.37
2016.08.28 22:00:02.914,1.28318,1.28404,0.10,0.75
2016.08.28 22:00:02.973,1.28318,1.28396,0.10,0.37
2016.08.28 22:00:03.029,1.28318,1.28396,0.10,0.75
2016.08.28 22:00:03.080,1.28318,1.28404,0.10,0.37
2016.08.28 22:00:03.239,1.28318,1.28405,0.82,1.12
2016.08.28 22:00:03.341,1.28318,1.28393,0.10,0.75
2016.08.28 22:00:03.392,1.28316,1.28393,0.75,0.75
2016.08.28 22:00:03.443,1.28309,1.28382,2.25,0.37
2016.08.28 22:00:03.494,1.28309,1.28382,0.75,0.37
2016.08.28 22:00:03.545,1.28308,1.28382,1.50,0.37
2016.08.28 22:00:03.596,1.2831,1.28382,0.75,0.37
2016.08.28 22:00:03.668,1.2831,1.28382,0.75,0.37
2016.08.28 22:00:03.719,1.28309,1.28391,0.10,0.75
2016.08.28 22:00:03.771,1.28309,1.28391,0.10,1.12
2016.08.28 22:00:03.822,1.28309,1.28391,0.10,1.12
2016.08.28 22:00:03.875,1.28309,1.28391,0.10,0.75
2016.08.28 22:00:04.028,1.28312,1.2839,0.37,0.75
2016.08.28 22:00:04.130,1.28314,1.28398,1.50,0.37
2016.08.28 22:00:04.232,1.28315,1.28398,0.75,0.37
2016.08.28 22:00:04.334,1.28316,1.28398,0.37,0.37
2016.08.28 22:00:04.385,1.28317,1.28398,0.10,0.37
2016.08.28 22:00:04.436,1.28317,1.28403,0.10,0.37
2016.08.28 22:00:04.487,1.28317,1.28403,0.45,0.37
2016.08.28 22:00:04.538,1.28317,1.28409,1.20,0.37
2016.08.28 22:00:04.589,1.28324,1.28409,0.37,0.37
2016.08.28 22:00:04.640,1.28325,1.28408,0.75,0.37
2016.08.28 22:00:04.691,1.28327,1.28408,0.75,0.37
2016.08.28 22:00:04.781,1.28336,1.28415,0.37,0.75
2016.08.28 22:00:04.832,1.28336,1.28416,0.37,1.12
2016.08.28 22:00:04.884,1.2834,1.28416,0.37,1.12
2016.08.28 22:00:04.935,1.2834,1.28418,0.37,0.75
2016.08.28 22:00:05.134,1.2834,1.28423,0.37,0.37
2016.08.28 22:00:05.498,1.28334,1.28423,0.75,0.37
2016.08.28 22:00:06.857,1.28334,1.28423,0.75,1.87
2016.08.28 22:00:06.966,1.28334,1.28423,0.75,1.12
2016.08.28 22:00:07.569,1.28334,1.28424,0.75,0.37
2016.08.28 22:00:07.652,1.28334,1.28422,0.75,0.75
2016.08.28 22:00:08.615,1.28334,1.28422,0.75,1.50
2016.08.28 22:00:08.768,1.28341,1.28422,0.37,0.75
2016.08.28 22:00:09.840,1.28342,1.28422,0.75,0.75
2016.08.28 22:00:09.942,1.28341,1.28422,0.75,1.50
2016.08.28 22:00:10.165,1.28336,1.28422,1.12,1.50
2016.08.28 22:00:10.216,1.28336,1.28422,1.50,1.50
2016.08.28 22:00:10.369,1.28336,1.28423,1.50,0.37
2016.08.28 22:00:10.471,1.28342,1.28424,0.75,0.37
2016.08.28 22:00:10.963,1.28343,1.28421,0.75,0.75
2016.08.28 22:00:11.232,1.28342,1.28423,0.75,0.45
2016.08.28 22:00:11.357,1.28342,1.28423,0.75,0.37
2016.08.28 22:00:11.464,1.28342,1.28423,0.75,1.50
2016.08.28 22:00:11.964,1.28337,1.28423,0.37,1.50
2016.08.28 22:00:12.016,1.28336,1.28423,0.75,1.50
2016.08.28 22:00:12.066,1.28336,1.28422,0.75,0.75
2016.08.28 22:00:12.394,1.2834,1.28422,0.75,0.75
2016.08.28 22:00:12.860,1.28344,1.28422,0.75,0.75
2016.08.28 22:00:12.962,1.28345,1.28423,0.75,0.37
2016.08.28 22:00:13.471,1.28344,1.28423,0.75,0.37
2016.08.28 22:00:13.603,1.28342,1.28423,0.75,0.37
2016.08.28 22:00:14.875,1.2834,1.28423,0.75,0.37
2016.08.28 22:00:15.149,1.28343,1.28423,0.75,0.37
2016.08.28 22:00:15.453,1.28345,1.28424,0.75,0.37
2016.08.28 22:00:16.274,1.28345,1.28431,0.75,1.50
2016.08.28 22:00:16.350,1.28345,1.28431,0.75,0.75
2016.08.28 22:00:16.879,1.28344,1.28431,0.75,0.75
2016.08.28 22:00:17.280,1.28346,1.28431,0.75,0.75
2016.08.28 22:00:17.781,1.28345,1.28431,0.75,0.75
2016.08.28 22:00:18.286,1.28345,1.2843,0.75,0.75
2016.08.28 22:00:18.479,1.28343,1.2843,0.75,0.37
2016.08.28 22:00:18.530,1.28343,1.2843,0.75,0.37
2016.08.28 22:00:18.581,1.28335,1.28425,1.50,0.75
2016.08.28 22:00:18.682,1.28335,1.28425,0.75,0.75
2016.08.28 22:00:18.788,1.28335,1.28428,0.75,2.25
2016.08.28 22:00:19.164,1.28335,1.28428,0.75,0.75
2016.08.28 22:00:19.273,1.28335,1.28428,0.82,0.75
2016.08.28 22:00:19.375,1.28337,1.28428,0.75,0.75
2016.08.28 22:00:19.581,1.2834,1.28431,0.75,1.50
2016.08.28 22:00:19.675,1.28337,1.28428,0.75,0.75
2016.08.28 22:00:20.193,1.2834,1.2843,0.75,2.25
2016.08.28 22:00:20.337,1.2834,1.2843,0.75,1.50
2016.08.28 22:00:20.595,1.2834,1.2843,0.75,0.75
2016.08.28 22:00:22.388,1.28341,1.28431,0.75,1.50
2016.08.28 22:00:22.739,1.28344,1.28431,0.75,1.50
2016.08.28 22:00:22.790,1.28342,1.28431,0.75,1.50
2016.08.28 22:00:22.891,1.28342,1.28431,1.12,1.50
2016.08.28 22:00:23.094,1.28344,1.28431,0.75,1.50
2016.08.28 22:00:23.404,1.28343,1.2843,0.75,0.75
2016.08.28 22:00:23.455,1.28343,1.2843,0.75,0.75
2016.08.28 22:00:23.506,1.28345,1.28433,0.75,0.75
2016.08.28 22:00:23.557,1.28346,1.28433,0.37,0.75
2016.08.28 22:00:23.608,1.28348,1.28433,1.12,0.75
2016.08.28 22:00:24.492,1.28348,1.28433,0.37,0.75
2016.08.28 22:00:24.594,1.28345,1.28433,0.75,0.75
2016.08.28 22:00:26.999,1.28345,1.28427,0.75,0.75
2016.08.28 22:00:27.050,1.28345,1.28411,0.75,0.37
2016.08.28 22:00:27.101,1.2834,1.28407,0.75,0.75
2016.08.28 22:00:27.152,1.28341,1.28407,0.75,0.75
2016.08.28 22:00:27.666,1.28341,1.28408,0.75,0.75
2016.08.28 22:00:27.870,1.28338,1.28408,0.75,0.75
2016.08.28 22:00:27.973,1.28341,1.28408,0.75,0.75
2016.08.28 22:00:28.129,1.28343,1.28408,0.75,0.75
2016.08.28 22:00:28.662,1.28344,1.28408,0.75,0.75
2016.08.28 22:00:29.702,1.28344,1.28407,0.75,1.50
2016.08.28 22:00:30.073,1.28337,1.28407,0.75,1.50
2016.08.28 22:00:30.124,1.28337,1.28407,0.75,0.75
2016.08.28 22:00:30.175,1.28337,1.28404,0.75,0.37
2016.08.28 22:00:30.226,1.28332,1.284,1.50,0.75
2016.08.28 22:00:30.327,1.28332,1.28401,1.50,1.50
2016.08.28 22:00:30.429,1.2833,1.28401,0.75,1.50
2016.08.28 22:00:30.480,1.28327,1.28401,0.75,1.50
2016.08.28 22:00:30.531,1.28327,1.28399,0.75,0.75
2016.08.28 22:00:30.582,1.28332,1.28399,0.75,0.75
2016.08.28 22:00:30.725,1.28327,1.284,0.75,1.50
2016.08.28 22:00:30.929,1.2833,1.284,0.75,0.75
2016.08.28 22:00:30.988,1.2833,1.284,0.75,1.50
2016.08.28 22:00:31.052,1.28328,1.284,0.75,1.50
2016.08.28 22:00:31.103,1.28328,1.284,0.75,0.75
2016.08.28 22:00:31.195,1.28327,1.284,0.75,1.50
2016.08.28 22:00:31.386,1.28326,1.28399,0.75,0.75
2016.08.28 22:00:31.589,1.28326,1.28401,0.75,1.50
2016.08.28 22:00:31.690,1.28326,1.284,0.75,0.75
2016.08.28 22:00:32.233,1.28327,1.284,0.75,1.50
2016.08.28 22:00:32.796,1.28327,1.284,0.75,0.75
2016.08.28 22:00:33.035,1.28327,1.28399,0.75,0.75
2016.08.28 22:00:33.702,1.28327,1.284,0.75,1.50
2016.08.28 22:00:34.236,1.28327,1.284,0.75,2.25
2016.08.28 22:00:34.417,1.28327,1.284,0.75,0.75
2016.08.28 22:00:34.519,1.28327,1.284,0.75,1.50
2016.08.28 22:00:34.722,1.28327,1.284,0.75,0.75
2016.08.28 22:00:35.002,1.28327,1.284,0.75,1.50
2016.08.28 22:00:35.155,1.28334,1.284,0.75,1.50
2016.08.28 22:00:35.206,1.28334,1.284,0.75,1.50
2016.08.28 22:00:35.257,1.28329,1.284,0.75,1.50
2016.08.28 22:00:35.308,1.28327,1.284,0.75,1.50
2016.08.28 22:00:35.359,1.28335,1.284,0.75,1.50
2016.08.28 22:00:35.563,1.28327,1.28401,0.75,1.50
2016.08.28 22:00:35.614,1.28327,1.284,0.75,0.75
2016.08.28 22:00:35.665,1.28331,1.284,0.75,0.75
2016.08.28 22:00:35.920,1.28331,1.28401,0.75,2.25
2016.08.28 22:00:36.124,1.28331,1.284,0.75,0.75
2016.08.28 22:00:36.707,1.28331,1.28401,0.75,2.25
2016.08.28 22:00:37.100,1.28331,1.28401,0.75,1.50
2016.08.28 22:00:37.151,1.28331,1.284,0.75,0.75
2016.08.28 22:00:37.205,1.28331,1.284,0.75,1.50
2016.08.28 22:00:37.257,1.28331,1.284,0.75,0.75
2016.08.28 22:00:39.482,1.28334,1.284,0.75,0.75
2016.08.28 22:00:39.533,1.28334,1.284,0.75,1.50
2016.08.28 22:00:39.584,1.28328,1.284,1.50,1.50
2016.08.28 22:00:39.635,1.28328,1.284,0.75,0.75
2016.08.28 22:00:39.737,1.28329,1.2839,0.75,0.75
2016.08.28 22:00:39.788,1.28329,1.2839,0.75,0.75
2016.08.28 22:00:39.845,1.28329,1.2839,0.75,1.87
2016.08.28 22:00:39.947,1.28329,1.2839,0.75,1.12
2016.08.28 22:00:40.048,1.28329,1.2839,0.75,0.75
2016.08.28 22:00:40.825,1.28329,1.28391,0.75,0.75
2016.08.28 22:00:41.170,1.28334,1.2839,0.75,0.75
2016.08.28 22:00:41.572,1.28329,1.2839,0.75,0.75
2016.08.28 22:00:41.881,1.28329,1.2839,0.75,0.75
2016.08.28 22:00:42.220,1.28329,1.28391,0.75,0.75
2016.08.28 22:00:43.094,1.28323,1.28391,1.50,0.75
2016.08.28 22:00:43.641,1.28323,1.2839,1.50,0.75
2016.08.28 22:00:45.270,1.28324,1.2839,0.75,0.75
2016.08.28 22:00:45.779,1.28325,1.2839,0.75,0.75
2016.08.28 22:00:45.880,1.28321,1.2839,1.50,0.75
2016.08.28 22:00:45.982,1.28322,1.2839,0.75,0.75
2016.08.28 22:00:46.083,1.28321,1.2839,1.50,0.75
2016.08.28 22:00:46.205,1.28321,1.2839,2.25,0.75
2016.08.28 22:00:46.792,1.28321,1.2839,3.00,0.75
2016.08.28 22:00:47.382,1.28321,1.2839,1.50,0.75
2016.08.28 22:00:47.547,1.28321,1.2839,2.25,0.75
2016.08.28 22:00:47.751,1.28321,1.28401,0.75,0.75
2016.08.28 22:00:47.802,1.28323,1.28401,0.75,0.75
2016.08.28 22:00:47.853,1.28323,1.28406,0.75,0.75
2016.08.28 22:00:47.904,1.28324,1.28406,0.37,0.75
2016.08.28 22:00:47.955,1.28324,1.2841,0.75,0.75
2016.08.28 22:00:48.085,1.28324,1.2841,0.75,0.75
2016.08.28 22:00:48.187,1.28324,1.28411,0.75,0.75
2016.08.28 22:00:48.629,1.28325,1.28411,0.10,0.75
2016.08.28 22:00:49.337,1.28325,1.2841,0.10,0.75
2016.08.28 22:00:50.226,1.28325,1.28411,0.10,0.75
2016.08.28 22:00:50.854,1.28325,1.2841,0.10,0.75
2016.08.28 22:00:51.393,1.28325,1.28411,0.10,0.75
2016.08.28 22:00:51.914,1.28325,1.2841,0.10,0.75
2016.08.28 22:00:52.366,1.28325,1.28411,0.82,0.75
2016.08.28 22:00:52.479,1.28327,1.28411,0.75,0.75
2016.08.28 22:00:52.682,1.28327,1.28412,0.75,0.37
2016.08.28 22:00:52.784,1.28327,1.28418,0.75,1.12
2016.08.28 22:00:56.156,1.28327,1.28418,1.50,1.12
2016.08.28 22:00:57.209,1.2833,1.28418,0.75,1.87
2016.08.28 22:00:57.378,1.28332,1.28418,1.50,0.75
2016.08.28 22:00:57.474,1.28332,1.28419,1.50,1.87
2016.08.28 22:00:57.862,1.2833,1.28418,0.75,1.12
2016.08.28 22:00:57.913,1.28328,1.28418,0.75,1.12
2016.08.28 22:00:58.015,1.28327,1.28417,0.75,0.75
2016.08.28 22:00:58.167,1.28325,1.28417,0.10,0.75
2016.08.28 22:00:58.218,1.28323,1.28416,0.10,0.75
2016.08.28 22:00:58.345,1.28323,1.28416,0.10,0.75
2016.08.28 22:00:58.396,1.28323,1.28413,0.10,0.75
2016.08.28 22:00:58.810,1.28323,1.2841,0.10,0.75
2016.08.28 22:00:59.331,1.28323,1.28411,0.10,0.75
2016.08.28 22:00:59.861,1.28323,1.2841,0.10,0.75
2016.08.28 22:01:00.398,1.28323,1.28411,0.10,0.75
2016.08.28 22:01:00.449,1.28323,1.28391,0.10,0.75
2016.08.28 22:01:00.516,1.28323,1.28391,0.10,0.75
2016.08.28 22:01:00.568,1.28323,1.28391,0.10,0.75
2016.08.28 22:01:00.620,1.28321,1.28375,0.75,0.75
2016.08.28 22:01:00.973,1.28321,1.28378,0.75,0.75
2016.08.28 22:01:01.228,1.28315,1.28385,0.75,0.75
2016.08.28 22:01:01.330,1.28315,1.28386,0.75,1.50
2016.08.28 22:01:01.513,1.28315,1.28385,0.75,0.75
2016.08.28 22:01:01.616,1.28315,1.28386,0.75,1.50
2016.08.28 22:01:01.667,1.28315,1.28386,1.50,1.87
2016.08.28 22:01:01.718,1.28315,1.28386,0.75,1.12
2016.08.28 22:01:01.820,1.28315,1.28385,0.75,0.75
2016.08.28 22:01:01.973,1.28315,1.28386,0.75,1.12
2016.08.28 22:01:02.073,1.28315,1.28385,0.75,0.75
2016.08.28 22:01:02.286,1.28315,1.28386,0.75,1.12
2016.08.28 22:01:02.389,1.28315,1.28385,0.75,0.75
2016.08.28 22:01:02.478,1.28315,1.28386,0.75,1.12
2016.08.28 22:01:02.580,1.28315,1.28385,0.75,0.75
2016.08.28 22:01:02.683,1.28315,1.28386,0.75,1.12
2016.08.28 22:01:02.836,1.28315,1.28382,0.75,0.75
2016.08.28 22:01:02.963,1.28315,1.28386,0.75,1.12
2016.08.28 22:01:03.014,1.28309,1.28386,2.25,1.12
2016.08.28 22:01:03.065,1.28309,1.28383,3.00,0.75
2016.08.28 22:01:03.124,1.28309,1.28383,3.75,0.75
2016.08.28 22:01:03.471,1.28309,1.28382,1.50,0.75
2016.08.28 22:01:03.522,1.28309,1.28383,0.75,1.50
2016.08.28 22:01:03.573,1.2831,1.28383,0.75,0.75
2016.08.28 22:01:03.679,1.28314,1.28385,1.50,0.75
2016.08.28 22:01:04.035,1.28314,1.28386,2.25,0.75
2016.08.28 22:01:04.119,1.28314,1.28385,1.50,0.75
2016.08.28 22:01:04.171,1.28314,1.28385,0.75,0.75
2016.08.28 22:01:04.222,1.28314,1.28387,1.50,0.37
2016.08.28 22:01:04.324,1.28334,1.28391,0.75,1.12
2016.08.28 22:01:04.375,1.28341,1.28391,0.75,1.12
2016.08.28 22:01:04.426,1.28341,1.2841,0.75,2.25
2016.08.28 22:01:04.476,1.28345,1.2841,0.75,2.25
2016.08.28 22:01:04.527,1.28345,1.28411,0.75,0.75
2016.08.28 22:01:04.689,1.28343,1.28415,0.75,0.37
2016.08.28 22:01:04.791,1.28343,1.28416,0.75,0.75
2016.08.28 22:01:05.301,1.28343,1.28415,0.75,0.75
2016.08.28 22:01:05.751,1.28346,1.28415,0.75,0.75
2016.08.28 22:01:06.108,1.28351,1.28416,0.75,0.75
2016.08.28 22:01:06.662,1.28351,1.28415,0.75,0.75
2016.08.28 22:01:07.189,1.28351,1.28416,0.75,0.75
2016.08.28 22:01:07.720,1.28351,1.28415,0.75,0.75
2016.08.28 22:01:09.247,1.28351,1.28416,0.75,0.75
2016.08.28 22:01:09.760,1.2835,1.28415,0.75,0.75
2016.08.28 22:01:09.861,1.28348,1.28416,0.75,0.75
2016.08.28 22:01:10.066,1.28346,1.28416,0.75,0.75
2016.08.28 22:01:10.546,1.28344,1.28415,0.75,0.75
2016.08.28 22:01:11.153,1.28348,1.28415,0.75,0.75
2016.08.28 22:01:11.656,1.28347,1.28416,0.75,0.75
2016.08.28 22:01:12.174,1.28351,1.28415,0.75,0.75
2016.08.28 22:01:12.327,1.28349,1.28416,0.75,0.75
2016.08.28 22:01:12.672,1.28351,1.28415,0.75,0.75
2016.08.28 22:01:13.465,1.2835,1.28415,0.75,0.75
2016.08.28 22:01:13.998,1.28351,1.28415,0.75,0.75
2016.08.28 22:01:14.522,1.28352,1.28416,0.75,0.75
2016.08.28 22:01:15.222,1.28352,1.28415,0.75,0.75
2016.08.28 22:01:15.878,1.28351,1.28416,0.75,0.75
2016.08.28 22:01:16.424,1.2835,1.28416,0.75,0.75
2016.08.28 22:01:16.928,1.28351,1.28415,0.75,0.75
2016.08.28 22:01:17.727,1.28351,1.28416,0.75,0.75
2016.08.28 22:01:18.236,1.28351,1.28415,0.75,0.75
2016.08.28 22:01:18.871,1.2835,1.28416,0.75,0.75
2016.08.28 22:01:19.414,1.28351,1.28416,0.75,0.75
2016.08.28 22:01:19.935,1.28351,1.28415,0.75,0.75
2016.08.28 22:01:20.552,1.28351,1.28416,0.75,0.75
2016.08.28 22:01:21.453,1.28351,1.28415,0.75,0.75
2016.08.28 22:01:22.038,1.28351,1.28416,0.75,0.75
2016.08.28 22:01:22.581,1.28351,1.28415,0.75,0.75
2016.08.28 22:01:23.118,1.28351,1.28416,0.75,0.75
2016.08.28 22:01:23.645,1.2835,1.28415,0.75,0.75
2016.08.28 22:01:24.672,1.28351,1.28415,0.75,0.75
2016.08.28 22:01:25.230,1.2835,1.28415,0.75,0.75
2016.08.28 22:01:25.781,1.2835,1.28416,0.75,0.75
2016.08.28 22:01:26.292,1.2835,1.28415,0.75,0.75
2016.08.28 22:01:26.575,1.28342,1.28415,0.75,0.75
2016.08.28 22:01:26.778,1.28342,1.28416,0.75,1.50
2016.08.28 22:01:26.879,1.28342,1.28415,0.75,0.75
2016.08.28 22:01:27.056,1.28342,1.28416,0.75,1.50
2016.08.28 22:01:27.288,1.28337,1.28405,0.75,0.75
2016.08.28 22:01:27.378,1.28335,1.28405,2.25,0.75
2016.08.28 22:01:27.429,1.28335,1.28411,3.00,1.50
2016.08.28 22:01:27.492,1.28342,1.28412,0.75,0.75
2016.08.28 22:01:27.594,1.28343,1.28412,0.75,0.75
2016.08.28 22:01:27.746,1.28345,1.28411,1.50,0.75
2016.08.28 22:01:34.590,1.28349,1.28411,0.75,0.75
2016.08.28 22:01:34.641,1.28356,1.28411,0.75,0.75
2016.08.28 22:01:35.185,1.28356,1.28412,0.75,0.75
2016.08.28 22:01:41.096,1.28359,1.28406,0.75,0.75
2016.08.28 22:01:41.248,1.28359,1.28406,0.75,0.75
2016.08.28 22:01:41.299,1.2836,1.28411,0.75,1.50
2016.08.28 22:01:41.350,1.2836,1.28411,0.75,0.75
2016.08.28 22:01:41.502,1.28359,1.2841,0.75,0.75
2016.08.28 22:01:41.553,1.28359,1.2841,0.75,0.75
2016.08.28 22:01:42.015,1.28359,1.2841,0.75,1.50
2016.08.28 22:01:44.121,1.28357,1.2841,0.75,0.75
2016.08.28 22:01:44.223,1.28348,1.28405,1.12,0.75
2016.08.28 22:01:44.274,1.28348,1.28405,0.75,0.75
2016.08.28 22:01:44.325,1.28348,1.28407,0.75,0.75
2016.08.28 22:01:44.376,1.28345,1.28407,0.75,0.75
2016.08.28 22:01:44.427,1.28345,1.28403,0.75,0.75
2016.08.28 22:01:44.585,1.28345,1.28403,0.75,1.50
2016.08.28 22:01:45.213,1.28342,1.28401,1.12,0.75
2016.08.28 22:01:45.315,1.28342,1.28397,0.37,0.75
2016.08.28 22:01:45.366,1.2834,1.28397,0.37,0.75
2016.08.28 22:01:45.416,1.28336,1.28397,0.75,0.75
2016.08.28 22:01:45.518,1.28353,1.28401,0.75,0.75
2016.08.28 22:01:45.620,1.28347,1.28409,0.75,1.50
2016.08.28 22:01:45.671,1.28347,1.28392,0.75,0.75
2016.08.28 22:01:45.722,1.28337,1.28377,1.50,0.75
2016.08.28 22:01:45.824,1.28326,1.28377,0.75,0.75
2016.08.28 22:01:46.115,1.28327,1.28376,0.75,0.75
2016.08.28 22:01:46.246,1.28327,1.28386,0.75,0.37
2016.08.28 22:01:46.297,1.28326,1.28393,0.75,0.75
2016.08.28 22:01:46.348,1.28326,1.28395,0.75,0.10
2016.08.28 22:01:46.399,1.28326,1.28397,0.75,0.75
2016.08.28 22:01:46.479,1.28326,1.28399,1.50,0.75
2016.08.28 22:01:46.531,1.28327,1.28401,0.75,0.75
2016.08.28 22:01:46.582,1.28327,1.28403,1.50,2.25
2016.08.28 22:01:46.816,1.28328,1.28403,0.75,2.25
2016.08.28 22:01:47.787,1.28328,1.28402,0.75,0.75
2016.08.28 22:01:48.296,1.28327,1.28402,0.75,0.75
2016.08.28 22:01:50.108,1.28327,1.284,0.75,0.75
2016.08.28 22:01:50.159,1.28327,1.284,0.75,0.75
2016.08.28 22:01:50.413,1.28327,1.28402,0.75,0.75
2016.08.28 22:01:51.738,1.28327,1.28394,0.75,0.37
2016.08.28 22:01:55.280,1.28327,1.28394,1.50,0.37
2016.08.28 22:01:56.079,1.28327,1.28394,0.75,0.37
2016.08.28 22:01:56.131,1.28335,1.28395,0.75,1.12
2016.08.28 22:01:56.218,1.28334,1.28392,1.50,0.75
2016.08.28 22:01:56.269,1.28334,1.28391,1.12,0.75
2016.08.28 22:01:56.349,1.2833,1.28393,0.75,1.50
2016.08.28 22:01:56.400,1.2833,1.28393,0.75,0.75
2016.08.28 22:01:56.451,1.2833,1.28389,0.75,0.75
2016.08.28 22:01:56.630,1.28328,1.28389,0.75,0.75
2016.08.28 22:01:56.681,1.28328,1.28389,0.37,0.75
2016.08.28 22:01:56.732,1.28324,1.28389,1.12,0.75
2016.08.28 22:01:56.783,1.28324,1.28389,0.75,0.75
2016.08.28 22:01:57.138,1.28324,1.28388,0.75,0.37
2016.08.28 22:01:57.189,1.28324,1.28384,0.75,0.75
2016.08.28 22:01:57.519,1.28324,1.28381,0.75,0.75
2016.08.28 22:01:58.013,1.28324,1.28385,0.75,0.75
2016.08.28 22:01:58.064,1.28324,1.28386,0.75,1.87
2016.08.28 22:01:58.115,1.28324,1.28386,0.75,1.12
2016.08.28 22:01:58.166,1.28324,1.28385,0.75,0.75
2016.08.28 22:01:58.267,1.28324,1.28378,0.75,0.75
2016.08.28 22:01:58.774,1.28324,1.28379,0.75,0.75
2016.08.28 22:01:58.825,1.28324,1.2838,0.75,0.75
2016.08.28 22:01:58.877,1.28324,1.2838,0.75,0.75
2016.08.28 22:01:59.183,1.28324,1.28381,0.75,1.12
2016.08.28 22:01:59.234,1.28322,1.28381,0.75,1.12
2016.08.28 22:01:59.285,1.28322,1.2838,0.75,0.75
2016.08.28 22:01:59.336,1.28323,1.28378,0.75,0.75
2016.08.28 22:02:00.172,1.28323,1.2838,0.75,0.37
2016.08.28 22:02:00.275,1.28323,1.28384,0.75,0.75
2016.08.28 22:02:00.326,1.28323,1.28386,0.75,0.75
2016.08.28 22:02:00.429,1.28323,1.28385,0.75,0.75
2016.08.28 22:02:00.539,1.28323,1.28385,0.75,0.75
2016.08.28 22:02:00.590,1.28323,1.28386,0.75,1.50
2016.08.28 22:02:00.642,1.28317,1.28386,0.75,3.00
2016.08.28 22:02:00.692,1.28317,1.28384,0.75,0.75
2016.08.28 22:02:00.743,1.28315,1.28384,0.75,0.75
2016.08.28 22:02:01.284,1.28315,1.28384,0.75,0.75
2016.08.28 22:02:01.335,1.28315,1.2838,0.75,1.50
2016.08.28 22:02:01.437,1.28314,1.28383,0.75,0.75
2016.08.28 22:02:01.509,1.28314,1.28387,1.50,1.12
2016.08.28 22:02:01.560,1.28315,1.28387,0.75,0.37
2016.08.28 22:02:01.611,1.28315,1.28386,1.50,0.75
2016.08.28 22:02:01.663,1.28315,1.28386,1.87,0.75
2016.08.28 22:02:01.714,1.28315,1.28387,1.50,0.75
2016.08.28 22:02:02.502,1.28315,1.28386,1.50,0.75
2016.08.28 22:02:02.654,1.28315,1.28386,0.75,0.75
2016.08.28 22:02:02.936,1.28319,1.28386,0.75,0.75
2016.08.28 22:02:03.140,1.28315,1.28386,0.75,0.75
2016.08.28 22:02:03.242,1.28315,1.28387,1.50,0.75
2016.08.28 22:02:04.736,1.28315,1.28388,2.25,0.37
2016.08.28 22:02:04.867,1.28315,1.28387,1.50,0.75
2016.08.28 22:02:04.919,1.28315,1.28379,2.25,0.75
2016.08.28 22:02:04.971,1.28315,1.28379,1.87,0.75
2016.08.28 22:02:05.021,1.28315,1.28379,1.50,0.75
2016.08.28 22:02:05.072,1.28315,1.28379,0.75,0.75
2016.08.28 22:02:05.174,1.28314,1.28383,0.75,0.75
2016.08.28 22:02:05.225,1.28314,1.28387,0.75,0.75
2016.08.28 22:02:05.276,1.28314,1.2838,0.75,0.75
2016.08.28 22:02:05.378,1.28314,1.28382,0.75,0.75
2016.08.28 22:02:05.480,1.28315,1.2838,0.75,0.75
2016.08.28 22:02:05.531,1.28315,1.28379,0.75,0.75
2016.08.28 22:02:06.093,1.28315,1.28379,0.75,0.75
2016.08.28 22:02:06.144,1.28317,1.28383,0.75,1.12
2016.08.28 22:02:06.297,1.28317,1.28383,0.75,0.75
2016.08.28 22:02:06.861,1.28314,1.28383,1.50,0.75
2016.08.28 22:02:06.912,1.28314,1.28383,0.75,0.75
2016.08.28 22:02:06.963,1.28315,1.2838,0.75,0.75
2016.08.28 22:02:07.166,1.28316,1.28383,0.75,0.75
2016.08.28 22:02:07.267,1.28317,1.28383,0.75,0.75
2016.08.28 22:02:07.369,1.28315,1.28382,0.75,0.75
2016.08.28 22:02:07.521,1.28315,1.28382,0.75,1.50
2016.08.28 22:02:07.720,1.28315,1.28382,0.75,0.75
2016.08.28 22:02:07.913,1.28315,1.28384,0.75,0.75
2016.08.28 22:02:07.964,1.28315,1.28385,0.75,0.75
2016.08.28 22:02:08.066,1.28315,1.28383,0.75,1.50
2016.08.28 22:02:08.269,1.28315,1.28383,0.75,2.25
2016.08.28 22:02:08.426,1.28315,1.28383,0.75,3.00
2016.08.28 22:02:08.920,1.28315,1.28383,0.75,2.25
2016.08.28 22:02:09.072,1.28314,1.28383,0.75,1.50
2016.08.28 22:02:09.330,1.28314,1.28383,0.75,2.25
2016.08.28 22:02:09.868,1.28315,1.28383,0.75,2.25
2016.08.28 22:02:09.919,1.28315,1.28383,0.75,1.50
2016.08.28 22:02:10.320,1.28315,1.28381,0.75,0.75
2016.08.28 22:02:10.422,1.28315,1.28377,0.75,0.75
2016.08.28 22:02:13.454,1.28314,1.28376,0.75,0.75
2016.08.28 22:02:14.087,1.28315,1.28377,0.75,0.75
2016.08.28 22:02:15.110,1.28315,1.28377,0.75,0.75
2016.08.28 22:02:15.212,1.28315,1.28377,0.75,0.75
2016.08.28 22:02:15.670,1.28315,1.28375,0.75,0.75
2016.08.28 22:02:16.128,1.28315,1.2838,0.75,1.50
2016.08.28 22:02:16.179,1.28314,1.28382,0.75,0.75
2016.08.28 22:02:16.293,1.28315,1.28383,0.75,2.25
2016.08.28 22:02:16.395,1.28314,1.28377,0.75,0.75
2016.08.28 22:02:16.472,1.28314,1.2838,0.75,0.75
2016.08.28 22:02:16.531,1.28314,1.28384,0.75,2.62
2016.08.28 22:02:16.583,1.28309,1.28383,1.50,1.87
2016.08.28 22:02:16.634,1.28312,1.28383,0.75,1.87
2016.08.28 22:02:16.685,1.28313,1.28383,0.75,1.50
2016.08.28 22:02:16.736,1.28315,1.28383,0.75,1.50
2016.08.28 22:02:16.787,1.28319,1.28384,0.75,2.62
2016.08.28 22:02:16.889,1.28315,1.28384,0.75,1.50
2016.08.28 22:02:16.940,1.28314,1.28384,1.12,1.50
2016.08.28 22:02:17.037,1.28316,1.28384,0.75,1.50
2016.08.28 22:02:17.088,1.28316,1.28383,0.75,0.75
2016.08.28 22:02:17.139,1.28316,1.28383,1.50,0.75
2016.08.28 22:02:18.760,1.28318,1.28383,0.75,0.75
2016.08.28 22:02:18.811,1.28323,1.28387,0.75,0.75
2016.08.28 22:02:20.495,1.28319,1.2839,0.75,2.62
2016.08.28 22:02:20.545,1.28321,1.2839,0.75,3.37
2016.08.28 22:02:20.597,1.28321,1.28389,1.87,1.87
2016.08.28 22:02:20.648,1.28321,1.28389,1.12,1.87
2016.08.28 22:02:20.699,1.28321,1.28389,0.37,2.25
2016.08.28 22:02:20.801,1.2832,1.28383,1.50,1.50
2016.08.28 22:02:20.852,1.2832,1.28383,0.75,1.50
2016.08.28 22:02:21.004,1.28324,1.28383,0.75,1.50
2016.08.28 22:02:21.233,1.28324,1.28383,0.75,0.75
2016.08.28 22:02:21.284,1.28324,1.28387,0.75,0.75
2016.08.28 22:02:21.525,1.28327,1.28386,0.75,0.75
2016.08.28 22:02:21.599,1.28324,1.28387,0.75,0.75
2016.08.28 22:02:21.701,1.28324,1.28387,0.75,0.75
2016.08.28 22:02:21.904,1.28324,1.28387,0.75,0.75
2016.08.28 22:02:22.381,1.28324,1.28387,0.75,0.75
2016.08.28 22:02:22.487,1.2832,1.28387,0.75,0.75
2016.08.28 22:02:22.692,1.28314,1.28389,0.75,2.62
2016.08.28 22:02:22.793,1.2832,1.28389,0.75,3.00
2016.08.28 22:02:23.202,1.2832,1.28385,0.75,0.75
2016.08.28 22:02:23.384,1.2832,1.28385,0.75,0.75
2016.08.28 22:02:23.625,1.2832,1.28388,0.75,0.75
2016.08.28 22:02:23.676,1.28317,1.28389,1.12,1.87
2016.08.28 22:02:24.169,1.28317,1.28386,0.37,0.75
2016.08.28 22:02:24.237,1.28313,1.28384,0.37,0.37
2016.08.28 22:02:24.344,1.28313,1.28384,0.37,1.12
2016.08.28 22:02:24.395,1.28313,1.28384,0.37,1.87
2016.08.28 22:02:24.496,1.28313,1.28382,0.37,0.75
2016.08.28 22:02:24.598,1.28313,1.28382,0.37,1.50
2016.08.28 22:02:24.699,1.28313,1.28382,0.37,0.75
2016.08.28 22:02:24.828,1.28308,1.2838,0.75,1.12
2016.08.28 22:02:25.090,1.28308,1.28381,0.75,1.87
2016.08.28 22:02:25.242,1.28309,1.28381,0.75,1.12
2016.08.28 22:02:25.446,1.28307,1.2838,0.75,1.87
2016.08.28 22:02:25.497,1.28307,1.28379,0.75,0.75
2016.08.28 22:02:25.548,1.28307,1.28379,0.75,1.50
2016.08.28 22:02:25.599,1.28307,1.28379,0.37,1.50
2016.08.28 22:02:25.650,1.28304,1.28379,0.75,1.50
2016.08.28 22:02:25.701,1.28304,1.28378,0.75,0.75
2016.08.28 22:02:25.950,1.28307,1.28378,0.75,0.75
2016.08.28 22:02:26.136,1.28307,1.28378,1.12,0.75
2016.08.28 22:02:26.217,1.28308,1.2838,0.37,0.75
2016.08.28 22:02:26.268,1.28308,1.28381,0.37,1.87
2016.08.28 22:02:26.318,1.28309,1.28381,0.75,1.87
2016.08.28 22:02:26.370,1.28309,1.2838,0.75,0.75
2016.08.28 22:02:26.773,1.28309,1.28381,0.75,1.12
2016.08.28 22:02:27.052,1.28309,1.2838,0.75,0.75
2016.08.28 22:02:27.155,1.2831,1.2838,0.75,0.75
2016.08.28 22:02:27.256,1.2831,1.28381,0.75,1.12
2016.08.28 22:02:27.352,1.2831,1.2838,0.75,0.75
2016.08.28 22:02:27.433,1.28309,1.2838,0.75,0.75
2016.08.28 22:02:27.484,1.28309,1.28381,0.75,1.12
2016.08.28 22:02:27.608,1.28309,1.2838,0.75,0.75
2016.08.28 22:02:28.074,1.28309,1.28381,0.75,1.12
2016.08.28 22:02:28.154,1.28309,1.2838,0.75,0.75
2016.08.28 22:02:28.256,1.28309,1.28381,0.75,1.12
2016.08.28 22:02:28.334,1.28309,1.28381,1.50,1.12
2016.08.28 22:02:28.384,1.28309,1.2838,1.50,0.75
2016.08.28 22:02:28.890,1.28309,1.28381,1.50,1.12
2016.08.28 22:02:28.956,1.28309,1.2838,1.50,0.75
2016.08.28 22:02:29.056,1.28309,1.28381,1.50,1.12
2016.08.28 22:02:29.117,1.28309,1.28381,1.50,1.87
2016.08.28 22:02:29.204,1.28309,1.28381,0.75,1.87
2016.08.28 22:02:29.603,1.28309,1.2838,0.75,0.75
2016.08.28 22:02:30.300,1.28308,1.2838,0.37,0.75
2016.08.28 22:02:30.402,1.28308,1.2838,1.12,0.75
2016.08.28 22:02:30.503,1.28308,1.28381,1.12,2.62
2016.08.28 22:02:30.605,1.28308,1.2838,1.12,0.75
2016.08.28 22:02:30.656,1.28308,1.2838,1.87,0.75
2016.08.28 22:02:30.879,1.28308,1.28381,1.87,1.87
2016.08.28 22:02:31.082,1.28308,1.2838,1.87,0.75
2016.08.28 22:02:31.262,1.28308,1.28381,1.87,1.87
2016.08.28 22:02:31.380,1.28308,1.2838,1.87,0.75
2016.08.28 22:02:31.738,1.2831,1.2838,0.75,0.75
2016.08.28 22:02:31.982,1.28309,1.28381,0.75,1.87
2016.08.28 22:02:32.084,1.28308,1.2838,0.37,0.75
2016.08.28 22:02:32.382,1.28308,1.28381,0.37,1.87
2016.08.28 22:02:33.786,1.28306,1.28379,0.75,0.75
2016.08.28 22:02:33.939,1.28305,1.28379,0.75,0.75
2016.08.28 22:02:33.989,1.28305,1.28374,0.75,0.75
2016.08.28 22:02:34.091,1.28303,1.28374,0.75,0.75
2016.08.28 22:02:34.142,1.28305,1.28375,0.75,0.37
2016.08.28 22:02:34.244,1.28308,1.28375,0.75,0.37
2016.08.28 22:02:34.295,1.28308,1.28375,0.75,1.12
2016.08.28 22:02:35.188,1.28306,1.28375,0.75,0.37
2016.08.28 22:02:35.239,1.28306,1.2838,0.75,1.12
2016.08.28 22:02:35.290,1.28304,1.28374,0.75,0.75
2016.08.28 22:02:35.442,1.28303,1.28376,0.75,0.75
2016.08.28 22:02:35.702,1.28302,1.28376,1.50,0.75
2016.08.28 22:02:35.753,1.28308,1.28375,0.75,0.75
2016.08.28 22:02:36.430,1.28302,1.28375,1.50,0.75
2016.08.28 22:02:36.531,1.28303,1.28375,0.75,0.75
2016.08.28 22:02:37.940,1.28307,1.28375,0.75,0.75
2016.08.28 22:02:38.189,1.28307,1.28377,0.75,0.75
2016.08.28 22:02:38.530,1.28307,1.28377,0.75,0.75
2016.08.28 22:02:39.086,1.28307,1.28376,0.75,0.75
2016.08.28 22:02:39.645,1.28307,1.28375,0.75,0.75
2016.08.28 22:02:40.267,1.28307,1.28375,0.75,0.75
2016.08.28 22:02:40.497,1.28308,1.28377,0.75,0.75
2016.08.28 22:02:40.798,1.28308,1.28375,0.75,0.75
2016.08.28 22:02:42.775,1.28308,1.28376,0.75,0.75
2016.08.28 22:02:42.877,1.28308,1.28378,0.75,1.50
2016.08.28 22:02:43.260,1.28312,1.28377,0.75,0.75
2016.08.28 22:02:43.499,1.28312,1.28375,0.75,0.75
2016.08.28 22:02:43.701,1.28312,1.28377,0.75,0.75
2016.08.28 22:02:44.102,1.28312,1.28375,0.75,0.75
2016.08.28 22:02:44.153,1.28312,1.28377,0.75,0.75
2016.08.28 22:02:44.685,1.28312,1.28377,0.75,1.50
2016.08.28 22:02:44.888,1.28308,1.28377,0.75,0.75
2016.08.28 22:02:44.990,1.28308,1.28378,0.75,1.50
2016.08.28 22:02:45.654,1.28308,1.28378,0.75,0.75
2016.08.28 22:02:46.282,1.28312,1.28378,0.75,1.50
2016.08.28 22:02:49.771,1.28312,1.28378,0.75,0.75
2016.08.28 22:02:51.064,1.28312,1.28378,0.75,1.50
2016.08.28 22:02:51.268,1.28312,1.28378,0.75,0.75
2016.08.28 22:02:52.464,1.2831,1.28379,0.75,1.50
2016.08.28 22:02:52.572,1.28313,1.28379,0.75,0.75
2016.08.28 22:02:55.384,1.28313,1.2838,0.75,0.37
2016.08.28 22:02:55.485,1.28313,1.28382,0.75,0.75
2016.08.28 22:02:55.688,1.28313,1.28384,0.75,2.25
2016.08.28 22:02:56.583,1.28313,1.28382,0.75,0.75
2016.08.28 22:02:57.090,1.28309,1.28382,0.75,0.75
2016.08.28 22:02:57.639,1.28309,1.28383,0.75,0.75
2016.08.28 22:02:58.012,1.28309,1.28383,0.75,1.50
2016.08.28 22:02:58.114,1.28309,1.2838,0.75,0.75
2016.08.28 22:02:58.215,1.28309,1.28383,0.75,1.50
2016.08.28 22:02:58.567,1.2831,1.28383,0.37,1.12
2016.08.28 22:02:58.618,1.28315,1.28383,0.75,0.75
2016.08.28 22:02:59.148,1.28315,1.28384,0.75,0.75
2016.08.28 22:02:59.199,1.28311,1.28383,0.37,0.75
2016.08.28 22:02:59.301,1.28311,1.28385,0.37,0.75
2016.08.28 22:02:59.402,1.28311,1.28383,0.37,0.75
2016.08.28 22:03:00.003,1.28311,1.28384,0.37,0.75
2016.08.28 22:03:01.413,1.28311,1.28382,0.37,0.75
2016.08.28 22:03:01.565,1.2831,1.2838,0.75,0.75
2016.08.28 22:03:01.624,1.2831,1.28383,0.75,0.75
2016.08.28 22:03:02.507,1.2831,1.28382,0.75,0.75
2016.08.28 22:03:05.123,1.2831,1.28383,0.75,0.75
2016.08.28 22:03:05.486,1.2831,1.28385,0.75,1.12
2016.08.28 22:03:10.377,1.2831,1.28385,1.12,0.75
2016.08.28 22:03:10.519,1.2831,1.28383,1.12,0.75
2016.08.28 22:03:13.303,1.2831,1.28379,1.12,1.50
2016.08.28 22:03:13.355,1.2831,1.28379,0.75,1.50
2016.08.28 22:03:17.130,1.2831,1.28379,0.75,0.75
2016.08.28 22:03:17.689,1.2831,1.28378,0.75,0.75
2016.08.28 22:03:21.218,1.28306,1.28377,0.75,0.75
2016.08.28 22:03:21.319,1.28304,1.28372,1.12,0.75
2016.08.28 22:03:21.421,1.28304,1.28368,1.12,0.75
2016.08.28 22:03:21.624,1.28304,1.28368,0.37,0.75
2016.08.28 22:03:25.204,1.28302,1.28368,0.75,0.75
2016.08.28 22:03:25.348,1.283,1.28368,0.75,0.75
2016.08.28 22:03:28.315,1.28302,1.28373,0.75,0.75
2016.08.28 22:03:28.852,1.28302,1.28374,0.75,0.75
2016.08.28 22:03:36.151,1.28302,1.28376,0.75,1.50
2016.08.28 22:03:36.341,1.28302,1.28374,0.75,0.75
2016.08.28 22:03:44.020,1.28302,1.28375,0.75,0.75
2016.08.28 22:03:44.556,1.28302,1.28374,0.75,0.75
2016.08.28 22:03:45.090,1.28302,1.28373,0.75,0.75
2016.08.28 22:03:51.554,1.28302,1.28376,0.75,0.75
2016.08.28 22:03:51.664,1.28302,1.28376,1.12,0.75
2016.08.28 22:03:52.055,1.28302,1.28376,1.12,0.75
2016.08.28 22:03:59.595,1.28302,1.28376,1.12,0.75
2016.08.28 22:03:59.697,1.28302,1.28376,1.12,0.75
2016.08.28 22:03:59.748,1.28302,1.28376,1.12,0.75
2016.08.28 22:04:03.768,1.28302,1.28376,1.12,1.00
2016.08.28 22:04:07.184,1.28302,1.28376,1.00,1.00
2016.08.28 22:04:08.174,1.28302,1.28376,1.00,1.00
2016.08.28 22:04:10.204,1.28302,1.28376,1.00,1.00
2016.08.28 22:04:11.448,1.28302,1.28372,1.00,1.00
2016.08.28 22:04:15.489,1.28302,1.28371,1.00,1.00
2016.08.28 22:04:16.192,1.28302,1.28373,1.00,1.00
2016.08.28 22:04:16.696,1.28302,1.28372,1.00,1.00
2016.08.28 22:04:24.363,1.28302,1.28371,1.00,1.00
2016.08.28 22:04:25.424,1.28298,1.28371,1.75,1.00
2016.08.28 22:04:27.197,1.28298,1.28371,1.75,1.00
2016.08.28 22:04:27.248,1.28298,1.28371,1.50,1.00
2016.08.28 22:04:27.299,1.28302,1.28377,1.37,1.00
2016.08.28 22:04:27.350,1.28324,1.28377,1.00,1.00
2016.08.28 22:04:27.401,1.28324,1.28378,1.00,1.00
2016.08.28 22:04:27.502,1.28328,1.28396,1.00,1.37
2016.08.28 22:04:27.553,1.28328,1.28402,1.00,1.20
2016.08.28 22:04:27.604,1.2833,1.28405,1.00,3.00
2016.08.28 22:04:27.655,1.2833,1.28405,1.00,1.00
2016.08.28 22:04:27.706,1.28333,1.28403,1.37,1.00
2016.08.28 22:04:27.757,1.28333,1.28403,1.50,1.00
2016.08.28 22:04:27.808,1.28331,1.28398,1.37,1.00
2016.08.28 22:04:27.859,1.28326,1.28398,1.00,1.00
2016.08.28 22:04:27.910,1.28326,1.28397,1.00,1.00
2016.08.28 22:04:28.011,1.28326,1.28395,1.00,1.00
2016.08.28 22:04:29.565,1.28326,1.28396,1.00,1.00
2016.08.28 22:04:30.102,1.28322,1.28396,1.37,1.00
2016.08.28 22:04:30.153,1.2832,1.28396,1.50,1.00
2016.08.28 22:04:30.204,1.28324,1.28398,1.00,1.00
2016.08.28 22:04:30.255,1.28324,1.28398,1.00,1.50
2016.08.28 22:04:30.306,1.28323,1.28396,1.00,1.00
2016.08.28 22:04:30.366,1.28324,1.28398,1.00,1.00
2016.08.28 22:04:30.929,1.28324,1.28397,1.00,1.00
2016.08.28 22:04:31.284,1.28323,1.28395,1.12,1.00
2016.08.28 22:04:31.335,1.28323,1.28395,2.25,1.00
2016.08.28 22:04:31.386,1.28324,1.28398,1.00,1.50
2016.08.28 22:04:31.550,1.28324,1.28398,1.00,1.00
2016.08.28 22:04:31.804,1.28324,1.284,1.00,3.37
2016.08.28 22:04:32.239,1.28324,1.284,1.00,2.62
2016.08.28 22:04:32.502,1.28324,1.284,1.00,3.37
2016.08.28 22:04:32.603,1.28325,1.284,1.00,2.62
2016.08.28 22:04:32.669,1.28323,1.28399,2.25,1.00
2016.08.28 22:04:34.600,1.28325,1.28399,1.00,1.00
2016.08.28 22:04:34.701,1.28323,1.28397,1.50,1.00
2016.08.28 22:04:34.921,1.28324,1.28398,1.00,1.00
2016.08.28 22:04:35.211,1.28323,1.28394,1.50,1.00
2016.08.28 22:04:35.335,1.28321,1.28394,1.37,1.00
2016.08.28 22:04:35.386,1.28321,1.28394,1.00,1.00
2016.08.28 22:04:38.652,1.28321,1.28394,1.50,1.00
2016.08.28 22:04:38.703,1.28321,1.28394,1.87,1.00
2016.08.28 22:04:38.754,1.28321,1.28394,2.25,1.00
2016.08.28 22:04:39.388,1.28321,1.28393,2.25,1.00
2016.08.28 22:04:39.771,1.28324,1.28393,1.12,1.00
2016.08.28 22:04:39.856,1.28324,1.28398,1.12,1.00
2016.08.28 22:04:40.021,1.28324,1.28396,1.12,1.00
2016.08.28 22:04:40.173,1.28321,1.28394,2.25,1.00
2016.08.28 22:04:41.191,1.28321,1.28392,2.25,1.00
2016.08.28 22:04:41.242,1.28321,1.28392,1.75,1.00
2016.08.28 22:04:41.490,1.28321,1.28394,1.75,1.00
2016.08.28 22:04:41.818,1.28321,1.28392,1.75,1.00
2016.08.28 22:04:41.982,1.28322,1.28395,1.75,1.50
2016.08.28 22:04:42.084,1.28321,1.28392,1.75,1.00
2016.08.28 22:04:42.681,1.28321,1.28395,2.25,1.00
2016.08.28 22:04:42.783,1.28321,1.28396,3.00,1.00
2016.08.28 22:04:43.381,1.28322,1.28398,1.75,1.50
2016.08.28 22:04:43.483,1.28321,1.28393,2.25,1.00
2016.08.28 22:04:43.832,1.28321,1.28391,2.25,1.00
2016.08.28 22:04:43.883,1.28321,1.28393,2.25,1.00
2016.08.28 22:04:44.433,1.28321,1.28392,2.25,1.00
2016.08.28 22:04:44.788,1.28322,1.28395,1.75,1.50
2016.08.28 22:04:44.839,1.28322,1.28395,1.75,1.00
2016.08.28 22:04:44.984,1.28324,1.28398,1.12,1.50
2016.08.28 22:04:45.284,1.28323,1.28396,1.50,1.00
2016.08.28 22:04:45.624,1.28321,1.28392,2.25,1.00
2016.08.28 22:04:46.588,1.28321,1.28392,1.75,1.00
2016.08.28 22:04:47.249,1.28321,1.28392,1.37,1.00
2016.08.28 22:04:47.300,1.28321,1.28392,1.00,1.00
2016.08.28 22:04:49.054,1.28321,1.28392,1.00,1.50
2016.08.28 22:04:49.104,1.28321,1.28388,1.00,1.00
2016.08.28 22:04:49.155,1.2832,1.28388,1.00,1.00
2016.08.28 22:04:49.731,1.2832,1.28386,1.00,1.00
2016.08.28 22:04:50.322,1.28315,1.28386,2.25,1.00
2016.08.28 22:04:50.382,1.28315,1.28386,1.87,1.00
2016.08.28 22:04:50.534,1.28315,1.28388,1.87,1.00
2016.08.28 22:04:50.636,1.28316,1.2839,1.00,1.00
2016.08.28 22:04:52.003,1.28316,1.28392,1.00,1.50
2016.08.28 22:04:53.033,1.28316,1.28389,1.00,1.00
2016.08.28 22:04:53.835,1.28317,1.28391,1.00,1.00
2016.08.28 22:04:55.336,1.28318,1.28392,1.00,1.50
2016.08.28 22:04:55.438,1.28317,1.28392,1.00,1.00
2016.08.28 22:04:55.489,1.28317,1.28393,1.00,1.00
2016.08.28 22:05:00.127,1.28316,1.28392,1.50,1.00
2016.08.28 22:05:00.229,1.28316,1.28388,1.00,1.00
2016.08.28 22:05:00.779,1.28316,1.28387,1.00,1.00
2016.08.28 22:05:01.282,1.28316,1.28388,1.00,1.00
2016.08.28 22:05:01.383,1.2832,1.28388,1.00,1.00
2016.08.28 22:05:01.451,1.2832,1.28388,1.37,1.00
2016.08.28 22:05:01.502,1.2832,1.28389,1.50,1.00
2016.08.28 22:05:02.184,1.2832,1.28388,1.50,1.00
2016.08.28 22:05:02.635,1.2832,1.28391,1.50,1.00
2016.08.28 22:05:02.936,1.2832,1.28387,1.50,1.00
2016.08.28 22:05:04.906,1.2832,1.2839,1.50,1.00
2016.08.28 22:05:05.281,1.2832,1.28388,1.50,1.00
2016.08.28 22:05:05.333,1.2832,1.2839,1.50,1.00
2016.08.28 22:05:05.499,1.28323,1.2839,1.00,1.50
2016.08.28 22:05:05.550,1.28332,1.2839,1.00,1.50
2016.08.28 22:05:05.601,1.2834,1.2839,1.00,1.00
2016.08.28 22:05:05.652,1.2834,1.28398,1.00,1.00
2016.08.28 22:05:05.703,1.28334,1.28391,1.00,1.00
2016.08.28 22:05:05.804,1.2834,1.284,1.00,1.00
2016.08.28 22:05:05.906,1.28336,1.28405,1.00,1.00
2016.08.28 22:05:05.957,1.28336,1.28402,1.00,1.00
2016.08.28 22:05:06.008,1.28337,1.28398,1.00,1.00
2016.08.28 22:05:06.250,1.28332,1.28404,1.50,1.50
2016.08.28 22:05:06.301,1.28332,1.28404,1.50,2.25
2016.08.28 22:05:06.352,1.28332,1.28404,2.25,1.50
2016.08.28 22:05:06.454,1.28332,1.28403,1.50,1.00
2016.08.28 22:05:06.505,1.28332,1.28403,1.50,1.00
2016.08.28 22:05:06.555,1.28354,1.28399,1.00,1.00
2016.08.28 22:05:06.606,1.28354,1.28399,1.50,1.00
2016.08.28 22:05:06.657,1.28357,1.28401,1.00,1.00
2016.08.28 22:05:06.708,1.28357,1.28401,1.00,1.50
2016.08.28 22:05:06.759,1.28335,1.28395,1.00,1.00
2016.08.28 22:05:06.814,1.28334,1.28395,1.50,1.50
2016.08.28 22:05:06.909,1.28327,1.28395,1.12,1.00
2016.08.28 22:05:07.011,1.28328,1.28396,1.00,1.00
2016.08.28 22:05:10.563,1.28329,1.28397,1.00,1.50
2016.08.28 22:05:10.817,1.28328,1.28396,1.00,1.00
2016.08.28 22:05:10.919,1.28331,1.28397,1.00,1.00
2016.08.28 22:05:11.020,1.28327,1.28397,1.00,1.50
2016.08.28 22:05:11.751,1.28326,1.28395,1.00,1.00
2016.08.28 22:05:11.860,1.28328,1.28397,1.00,1.00
2016.08.28 22:05:11.920,1.28328,1.28396,1.00,1.00
2016.08.28 22:05:12.024,1.28326,1.28395,1.00,1.00
2016.08.28 22:05:12.330,1.28327,1.28397,1.00,1.50
2016.08.28 22:05:12.853,1.28329,1.28397,1.00,1.50
2016.08.28 22:05:12.905,1.28329,1.28396,1.00,1.00
2016.08.28 22:05:13.217,1.28331,1.28396,1.00,1.00
2016.08.28 22:05:13.726,1.28327,1.28396,1.00,1.00
2016.08.28 22:05:13.777,1.28327,1.28396,1.00,1.00
2016.08.28 22:05:13.919,1.28329,1.28395,1.00,1.00
2016.08.28 22:05:14.021,1.28327,1.28395,1.00,1.00
2016.08.28 22:05:14.217,1.28327,1.28396,1.00,1.12
2016.08.28 22:05:14.318,1.28328,1.28395,1.00,1.00
2016.08.28 22:05:14.446,1.2833,1.28396,1.00,1.87
2016.08.28 22:05:14.547,1.28327,1.28395,1.00,1.00
2016.08.28 22:05:14.649,1.28327,1.28394,1.00,1.00
2016.08.28 22:05:14.852,1.28329,1.28395,1.00,1.00
2016.08.28 22:05:14.958,1.28329,1.28396,1.00,1.12
2016.08.28 22:05:15.060,1.28329,1.28395,1.00,1.00
2016.08.28 22:05:15.334,1.28329,1.28396,1.00,1.12
2016.08.28 22:05:15.720,1.28326,1.28395,1.00,1.00
2016.08.28 22:05:15.771,1.28326,1.28395,1.00,1.50
2016.08.28 22:05:15.822,1.28324,1.28392,1.00,1.00
2016.08.28 22:05:15.925,1.28324,1.28394,1.00,1.00
2016.08.28 22:05:16.026,1.28328,1.28396,1.00,1.87
2016.08.28 22:05:16.235,1.28328,1.28395,1.00,1.00
2016.08.28 22:05:16.320,1.28327,1.28394,1.00,1.00
2016.08.28 22:05:18.823,1.28324,1.28394,1.00,1.00
2016.08.28 22:05:19.123,1.28326,1.28395,1.00,1.00
2016.08.28 22:05:19.175,1.28326,1.28395,1.00,1.50
2016.08.28 22:05:19.571,1.28326,1.28395,1.00,1.00
2016.08.28 22:05:19.845,1.28324,1.28394,1.00,1.00
2016.08.28 22:05:21.742,1.28327,1.28394,1.00,1.00
2016.08.28 22:05:21.950,1.28325,1.28393,1.00,1.00
2016.08.28 22:05:22.189,1.28325,1.2839,1.00,1.00
2016.08.28 22:05:22.240,1.28323,1.2839,1.00,1.00
2016.08.28 22:05:22.630,1.28327,1.28391,1.00,1.00
2016.08.28 22:05:22.732,1.28324,1.2839,1.00,1.00
2016.08.28 22:05:23.253,1.28323,1.28391,1.00,1.00
2016.08.28 22:05:23.335,1.28325,1.28391,1.00,1.00
2016.08.28 22:05:23.629,1.28323,1.28391,1.00,1.00
2016.08.28 22:05:23.729,1.28327,1.28391,1.00,1.00
2016.08.28 22:05:23.831,1.28323,1.2839,1.00,1.00
2016.08.28 22:05:23.933,1.28326,1.2839,1.00,1.00
2016.08.28 22:05:24.136,1.28324,1.28391,1.00,1.00
2016.08.28 22:05:24.655,1.28324,1.2839,1.00,1.00
2016.08.28 22:05:25.166,1.28324,1.28391,1.00,1.00
2016.08.28 22:05:26.359,1.28324,1.2839,1.00,1.00
2016.08.28 22:05:28.283,1.28324,1.28391,1.00,1.00
2016.08.28 22:05:29.800,1.28324,1.28392,1.00,1.12
2016.08.28 22:05:29.907,1.28324,1.28392,1.00,1.00
2016.08.28 22:05:32.483,1.28325,1.28393,1.00,1.00
2016.08.28 22:05:32.738,1.28326,1.28395,1.00,3.00
2016.08.28 22:05:32.840,1.28327,1.28394,1.00,1.00
2016.08.28 22:05:32.942,1.28325,1.28393,1.00,1.00
2016.08.28 22:05:35.542,1.28324,1.28392,1.00,1.00
2016.08.28 22:05:39.585,1.28319,1.28389,1.50,1.00
2016.08.28 22:05:39.846,1.28318,1.28386,2.25,1.00
2016.08.28 22:05:40.150,1.28318,1.28385,1.75,1.00
2016.08.28 22:05:40.736,1.28318,1.28385,1.75,1.00
2016.08.28 22:05:40.787,1.28318,1.28379,1.75,1.00
2016.08.28 22:05:40.838,1.28313,1.28379,2.25,1.00
2016.08.28 22:05:40.889,1.28313,1.28379,1.50,1.00
2016.08.28 22:05:40.940,1.28313,1.28379,1.00,1.00
2016.08.28 22:05:41.504,1.28313,1.28378,1.00,1.00
2016.08.28 22:05:44.068,1.28312,1.28377,1.00,1.50
2016.08.28 22:05:44.391,1.2831,1.28378,1.50,1.00
2016.08.28 22:05:45.162,1.2831,1.28377,1.50,1.00
2016.08.28 22:05:47.195,1.2831,1.28374,1.00,1.00
2016.08.28 22:05:50.371,1.2831,1.28376,1.00,1.00
2016.08.28 22:05:50.473,1.2831,1.28374,1.00,1.00
2016.08.28 22:05:51.121,1.2831,1.28373,1.00,1.00
2016.08.28 22:05:52.167,1.2831,1.28375,1.00,1.00
2016.08.28 22:05:52.269,1.2831,1.28377,1.00,1.50
2016.08.28 22:05:52.374,1.2831,1.28375,1.00,1.00
2016.08.28 22:05:56.712,1.28311,1.28379,1.00,1.00
2016.08.28 22:05:56.763,1.28314,1.28382,1.00,1.00
2016.08.28 22:05:57.302,1.28315,1.28383,1.00,1.00
2016.08.28 22:05:58.064,1.28311,1.28376,1.75,1.00
2016.08.28 22:05:58.115,1.28308,1.28376,1.75,1.00
2016.08.28 22:05:58.166,1.28308,1.28374,1.37,1.00
2016.08.28 22:05:58.217,1.28308,1.28374,1.00,1.00
2016.08.28 22:05:58.736,1.28308,1.28373,1.00,1.00
2016.08.28 22:05:58.787,1.28308,1.2838,1.00,1.87
2016.08.28 22:05:58.838,1.28308,1.2838,1.00,2.62
2016.08.28 22:06:01.341,1.28308,1.2838,1.00,1.87
2016.08.28 22:06:01.741,1.28308,1.2838,1.00,2.62
2016.08.28 22:06:02.042,1.28308,1.2838,1.00,1.87
2016.08.28 22:06:02.488,1.28308,1.2838,1.00,2.62
2016.08.28 22:06:05.969,1.28308,1.28379,1.00,1.00
2016.08.28 22:06:06.277,1.28308,1.2838,1.00,2.62
2016.08.28 22:06:06.379,1.28305,1.28377,1.00,1.00
2016.08.28 22:06:08.606,1.28304,1.2838,1.12,1.87
2016.08.28 22:06:08.657,1.28304,1.2838,1.12,1.12
2016.08.28 22:06:08.708,1.28304,1.28381,1.12,1.37
2016.08.28 22:06:08.810,1.28308,1.28381,1.00,1.00
2016.08.28 22:06:09.372,1.28308,1.28382,1.00,1.00
2016.08.28 22:06:09.423,1.28308,1.28384,1.00,1.12
2016.08.28 22:06:10.112,1.2831,1.28379,1.00,1.00
2016.08.28 22:06:10.288,1.28312,1.2838,1.00,1.00
2016.08.28 22:06:10.795,1.28313,1.28381,1.00,1.00
2016.08.28 22:06:14.592,1.28313,1.28383,1.00,1.00
2016.08.28 22:06:16.295,1.28308,1.28371,1.50,1.00
2016.08.28 22:06:16.346,1.28308,1.28371,1.00,1.00
2016.08.28 22:06:16.397,1.28308,1.28377,1.50,1.00
2016.08.28 22:06:16.499,1.28311,1.28379,1.00,1.00
2016.08.28 22:06:16.702,1.28312,1.2838,1.37,1.00
2016.08.28 22:06:16.753,1.28312,1.2838,1.75,1.00
2016.08.28 22:06:16.804,1.28313,1.28381,1.50,1.00
2016.08.28 22:06:17.529,1.28311,1.28381,1.75,1.00
2016.08.28 22:06:18.212,1.28313,1.28381,1.50,1.00
2016.08.28 22:06:21.131,1.28312,1.2838,1.75,1.00
2016.08.28 22:06:24.087,1.28312,1.28382,1.75,1.00
2016.08.28 22:06:26.695,1.28314,1.28382,1.12,1.00
2016.08.28 22:06:30.523,1.28313,1.28381,1.50,1.00
2016.08.28 22:06:30.706,1.28312,1.28382,2.25,1.00
2016.08.28 22:06:30.808,1.28312,1.28379,1.75,1.00
2016.08.28 22:06:30.960,1.28309,1.28379,1.37,1.00
2016.08.28 22:06:38.999,1.28312,1.28379,1.00,1.00
2016.08.28 22:06:39.238,1.28313,1.28381,1.00,1.00
2016.08.28 22:06:43.404,1.2831,1.28378,1.12,1.00
2016.08.28 22:06:43.873,1.28309,1.28376,1.37,1.00
2016.08.28 22:06:44.479,1.28308,1.28376,3.00,1.00
2016.08.28 22:06:44.529,1.28312,1.28379,1.00,1.00
2016.08.28 22:06:50.411,1.28312,1.28381,1.00,1.00
2016.08.28 22:06:50.843,1.28313,1.28381,1.00,1.50
2016.08.28 22:06:50.894,1.28313,1.2838,1.00,1.00
2016.08.28 22:06:50.960,1.28313,1.28381,1.00,1.50
2016.08.28 22:06:51.011,1.2831,1.28378,1.00,1.00
2016.08.28 22:06:51.912,1.28312,1.2838,1.00,1.00
2016.08.28 22:06:52.014,1.28308,1.28378,2.25,1.00
2016.08.28 22:06:52.075,1.28308,1.28378,1.50,1.00
2016.08.28 22:06:52.126,1.28308,1.28376,1.00,1.00
2016.08.28 22:06:52.177,1.28308,1.28376,1.00,1.50
2016.08.28 22:06:52.286,1.28308,1.28375,1.00,1.00
2016.08.28 22:06:52.440,1.28308,1.28376,1.00,1.50
2016.08.28 22:06:52.714,1.28308,1.28374,1.00,1.00
2016.08.28 22:06:52.765,1.28311,1.28374,1.00,1.00
2016.08.28 22:06:52.956,1.28307,1.28374,1.00,1.00
2016.08.28 22:06:53.315,1.28308,1.28375,1.00,1.00
2016.08.28 22:06:59.193,1.28308,1.28375,1.50,1.00
2016.08.28 22:06:59.457,1.28308,1.28374,1.00,1.00
2016.08.28 22:07:00.380,1.28308,1.28374,1.00,1.00
2016.08.28 22:07:00.431,1.28308,1.28374,1.50,1.00
2016.08.28 22:07:00.482,1.28308,1.28374,2.25,1.00
2016.08.28 22:07:00.635,1.28308,1.28377,3.00,1.00
2016.08.28 22:07:00.736,1.28308,1.28373,2.25,1.00
2016.08.28 22:07:00.788,1.28308,1.28373,1.00,1.00
2016.08.28 22:07:00.838,1.28304,1.28371,1.00,1.00
2016.08.28 22:07:00.940,1.28305,1.28372,1.00,1.00
2016.08.28 22:07:01.145,1.28304,1.28371,1.50,1.00
2016.08.28 22:07:01.633,1.28304,1.2837,1.00,1.00
2016.08.28 22:07:01.785,1.28301,1.2837,1.00,1.00
2016.08.28 22:07:01.836,1.28301,1.28368,1.00,1.00
2016.08.28 22:07:02.176,1.28302,1.28365,1.00,1.00
2016.08.28 22:07:02.227,1.28302,1.28362,1.00,1.00
2016.08.28 22:07:02.328,1.28302,1.28365,1.00,1.00
2016.08.28 22:07:02.531,1.28302,1.28365,1.00,1.50
2016.08.28 22:07:02.800,1.28301,1.28369,1.00,1.00
2016.08.28 22:07:02.936,1.28301,1.28372,1.00,1.00
2016.08.28 22:07:02.987,1.28304,1.28372,1.00,1.50
2016.08.28 22:07:03.037,1.28304,1.28368,1.00,1.00
2016.08.28 22:07:03.750,1.28304,1.28366,1.00,1.00
2016.08.28 22:07:04.055,1.28304,1.28362,1.00,1.00
2016.08.28 22:07:04.106,1.28301,1.28362,1.00,1.00
2016.08.28 22:07:04.157,1.28301,1.28364,1.00,1.50
2016.08.28 22:07:04.528,1.28301,1.28363,1.00,1.00
2016.08.28 22:07:04.579,1.283,1.28363,1.50,1.00
2016.08.28 22:07:04.631,1.283,1.28364,1.50,1.00
2016.08.28 22:07:04.733,1.283,1.28363,1.50,1.00
2016.08.28 22:07:05.211,1.283,1.28363,1.00,1.00
2016.08.28 22:07:05.313,1.28298,1.28362,1.50,1.00
2016.08.28 22:07:05.414,1.28301,1.28362,1.00,1.00
2016.08.28 22:07:06.523,1.28298,1.28362,1.00,1.00
2016.08.28 22:07:06.680,1.28298,1.28362,1.00,1.00
2016.08.28 22:07:07.569,1.28298,1.28365,1.50,1.00
2016.08.28 22:07:07.620,1.28298,1.28366,1.00,1.00
2016.08.28 22:07:07.671,1.283,1.28368,1.12,1.00
2016.08.28 22:07:07.722,1.283,1.28368,1.50,1.00
2016.08.28 22:07:07.773,1.28303,1.28372,1.37,1.00
2016.08.28 22:07:07.825,1.28303,1.28372,1.75,1.00
2016.08.28 22:07:08.049,1.28302,1.28375,1.75,1.00
2016.08.28 22:07:08.598,1.28302,1.28376,1.75,1.00
2016.08.28 22:07:08.972,1.28302,1.2837,2.25,1.00
2016.08.28 22:07:09.726,1.28302,1.2837,1.75,1.00
2016.08.28 22:07:09.777,1.28298,1.28365,2.25,1.00
2016.08.28 22:07:09.838,1.28299,1.28367,1.50,1.00
2016.08.28 22:07:09.952,1.28298,1.28366,2.25,1.00
2016.08.28 22:07:10.555,1.28299,1.28367,1.50,1.00
2016.08.28 22:07:10.756,1.28299,1.28367,2.25,1.00
2016.08.28 22:07:10.857,1.28299,1.28367,1.50,1.00
2016.08.28 22:07:11.888,1.283,1.28367,1.12,1.00
2016.08.28 22:07:12.413,1.283,1.28366,1.12,1.00
2016.08.28 22:07:17.171,1.283,1.28367,1.12,1.00
2016.08.28 22:07:17.222,1.28299,1.28367,1.50,1.00
2016.08.28 22:07:17.283,1.28302,1.2837,1.00,1.00
2016.08.28 22:07:17.445,1.28302,1.28372,1.00,1.00
2016.08.28 22:07:20.936,1.28302,1.28369,1.00,1.00
2016.08.28 22:07:21.378,1.28302,1.28372,1.00,1.00
2016.08.28 22:07:25.735,1.28304,1.28371,1.00,1.00
2016.08.28 22:07:26.336,1.28305,1.28372,1.00,1.00
2016.08.28 22:07:27.159,1.28308,1.28375,1.00,1.50
2016.08.28 22:07:27.261,1.28308,1.28375,1.00,1.00
2016.08.28 22:07:28.040,1.28308,1.28375,1.00,1.50
2016.08.28 22:07:29.143,1.28307,1.28374,1.00,1.00
2016.08.28 22:07:30.968,1.28307,1.28376,1.00,1.12
2016.08.28 22:07:31.064,1.28307,1.28376,1.00,1.00
2016.08.28 22:07:31.592,1.28306,1.28375,1.00,1.00
2016.08.28 22:07:31.941,1.28308,1.28375,1.00,1.00
2016.08.28 22:07:37.066,1.28303,1.28363,1.50,1.00
2016.08.28 22:07:37.171,1.283,1.28359,1.75,1.00
2016.08.28 22:07:37.226,1.283,1.28359,1.00,1.00
2016.08.28 22:07:37.277,1.283,1.28363,1.00,1.00
2016.08.28 22:07:37.328,1.28302,1.28363,1.00,1.00
2016.08.28 22:07:37.850,1.28299,1.2836,1.00,1.00
2016.08.28 22:07:38.387,1.28299,1.28359,1.00,1.00
2016.08.28 22:07:38.962,1.28299,1.28362,1.00,1.00
2016.08.28 22:07:39.065,1.28299,1.28362,1.00,1.00
2016.08.28 22:07:39.549,1.28302,1.28362,1.00,1.00
2016.08.28 22:07:39.600,1.28302,1.28364,1.00,1.00
2016.08.28 22:07:41.439,1.28301,1.28364,1.00,1.00
2016.08.28 22:07:41.490,1.28301,1.2837,1.00,1.87
2016.08.28 22:07:41.541,1.28301,1.2837,1.00,1.87
2016.08.28 22:07:41.592,1.28302,1.2837,1.00,1.37
2016.08.28 22:07:41.694,1.28302,1.2837,1.00,1.00
2016.08.28 22:07:41.796,1.28307,1.28374,1.00,1.00
2016.08.28 22:07:41.847,1.28323,1.28374,1.00,1.00
2016.08.28 22:07:41.899,1.28323,1.2838,1.00,1.37
2016.08.28 22:07:41.950,1.28319,1.2838,1.00,1.12
2016.08.28 22:07:42.001,1.28319,1.28383,1.00,1.50
2016.08.28 22:07:42.052,1.28321,1.28383,1.00,1.00
2016.08.28 22:07:42.104,1.28321,1.28385,1.00,3.37
2016.08.28 22:07:42.194,1.28321,1.28385,1.00,1.87
2016.08.28 22:07:42.294,1.28322,1.28388,1.00,1.00
2016.08.28 22:07:42.599,1.28325,1.28387,1.00,1.00
2016.08.28 22:07:43.110,1.28325,1.28388,1.00,1.00
2016.08.28 22:07:43.280,1.28323,1.28388,1.00,1.00
2016.08.28 22:07:43.561,1.28323,1.28391,1.00,1.12
2016.08.28 22:07:43.823,1.28323,1.2839,1.00,1.00
2016.08.28 22:07:43.925,1.28323,1.28391,1.00,1.12
2016.08.28 22:07:44.013,1.28315,1.28381,1.00,1.00
2016.08.28 22:07:44.064,1.28316,1.28381,1.00,1.50
2016.08.28 22:07:44.166,1.28316,1.2838,1.00,1.00
2016.08.28 22:07:53.970,1.28316,1.2838,1.00,1.00
2016.08.28 22:07:54.166,1.28316,1.28381,1.00,1.00
2016.08.28 22:07:56.505,1.28316,1.28381,1.00,1.50
2016.08.28 22:07:56.557,1.28313,1.28381,1.50,1.00
2016.08.28 22:07:56.608,1.28313,1.2838,1.00,1.00
2016.08.28 22:07:56.710,1.28308,1.28377,2.62,1.00
2016.08.28 22:07:56.812,1.28308,1.28377,1.37,1.00
2016.08.28 22:07:57.281,1.28308,1.28377,1.37,1.00
2016.08.28 22:07:57.383,1.28308,1.28377,1.37,1.00
2016.08.28 22:07:57.670,1.28308,1.28377,1.37,1.00
2016.08.28 22:07:58.155,1.28311,1.28377,1.00,1.00
2016.08.28 22:07:58.206,1.28311,1.28377,1.00,1.00
2016.08.28 22:07:58.731,1.28311,1.28378,1.00,1.00
2016.08.28 22:07:58.782,1.28312,1.28379,1.00,1.12
2016.08.28 22:07:59.173,1.28311,1.2838,1.00,1.87
2016.08.28 22:07:59.704,1.28311,1.28378,1.00,1.00
2016.08.28 22:07:59.907,1.28311,1.28378,1.00,1.00
2016.08.28 22:08:00.276,1.28311,1.28378,1.00,1.00
2016.08.28 22:08:01.013,1.28311,1.28377,1.00,1.00
2016.08.28 22:08:01.279,1.28311,1.28379,1.00,1.00
2016.08.28 22:08:01.510,1.28311,1.28377,1.00,1.00
2016.08.28 22:08:01.717,1.28311,1.28379,1.00,1.00
2016.08.28 22:08:01.920,1.28311,1.28376,1.00,1.00
2016.08.28 22:08:05.087,1.28311,1.2838,1.00,1.12
2016.08.28 22:08:06.140,1.28311,1.28381,1.00,1.87
2016.08.28 22:08:06.639,1.28311,1.2838,1.00,1.12
2016.08.28 22:08:06.741,1.28311,1.28381,1.00,1.87
2016.08.28 22:08:07.445,1.28311,1.2838,1.00,1.12
2016.08.28 22:08:07.643,1.28311,1.28381,1.00,1.87
2016.08.28 22:08:09.349,1.28311,1.2838,1.00,1.12
2016.08.28 22:08:10.084,1.28311,1.28381,1.00,1.87
2016.08.28 22:08:12.357,1.28311,1.2838,1.00,1.12
2016.08.28 22:08:12.459,1.28311,1.28381,1.00,1.87
2016.08.28 22:08:12.666,1.28311,1.2838,1.00,1.12
2016.08.28 22:08:13.046,1.28311,1.2838,1.00,1.37
2016.08.28 22:08:13.161,1.28311,1.28381,1.00,1.87
2016.08.28 22:08:14.364,1.28311,1.2838,1.00,1.37
2016.08.28 22:08:14.415,1.28306,1.28379,1.50,1.12
2016.08.28 22:08:14.517,1.28306,1.28381,1.50,2.62
2016.08.28 22:08:14.568,1.28306,1.2838,1.50,1.37
2016.08.28 22:08:14.965,1.28306,1.28381,1.50,1.87
2016.08.28 22:08:15.016,1.28309,1.2838,1.00,1.37
2016.08.28 22:08:15.067,1.28309,1.2838,1.00,1.87
2016.08.28 22:08:15.280,1.28309,1.2838,1.00,1.37
2016.08.28 22:08:15.382,1.28309,1.2838,1.00,1.87
2016.08.28 22:08:15.566,1.28309,1.2838,1.00,1.12
2016.08.28 22:08:15.667,1.28309,1.2838,1.00,1.87
2016.08.28 22:08:16.074,1.28309,1.2838,1.00,1.37
2016.08.28 22:08:16.175,1.28309,1.2838,1.00,1.87
2016.08.28 22:08:17.275,1.28309,1.2838,1.00,1.12
2016.08.28 22:08:17.433,1.28309,1.2838,1.00,1.37
2016.08.28 22:08:18.676,1.28309,1.2838,1.00,1.87
2016.08.28 22:08:18.727,1.28309,1.2838,1.00,1.87
2016.08.28 22:08:20.683,1.28309,1.2838,1.00,1.37
2016.08.28 22:08:20.785,1.28309,1.2838,1.00,1.87
2016.08.28 22:08:20.836,1.28309,1.2838,1.00,1.87
2016.08.28 22:08:21.184,1.28309,1.2838,1.00,1.12
2016.08.28 22:08:21.234,1.28309,1.2838,1.00,1.37
2016.08.28 22:08:21.285,1.28309,1.2838,1.00,1.87
2016.08.28 22:08:21.878,1.28315,1.28379,1.00,1.12
2016.08.28 22:08:22.636,1.28315,1.28379,1.00,1.12
2016.08.28 22:08:23.365,1.28315,1.28379,1.00,1.00
2016.08.28 22:08:27.385,1.28318,1.28379,1.00,1.00
2016.08.28 22:08:28.537,1.28322,1.28379,1.00,1.00
2016.08.28 22:08:30.170,1.28322,1.28379,1.00,1.00
2016.08.28 22:08:33.827,1.28322,1.28377,1.00,1.00
2016.08.28 22:08:42.034,1.28319,1.28379,1.00,1.00
2016.08.28 22:08:44.459,1.28319,1.28379,1.00,1.00
2016.08.28 22:08:49.099,1.28319,1.28379,1.00,1.00
2016.08.28 22:08:50.927,1.28343,1.28387,1.00,1.00
2016.08.28 22:08:50.979,1.28347,1.28393,1.50,1.37
2016.08.28 22:08:51.030,1.28347,1.28393,1.50,1.00
2016.08.28 22:08:51.824,1.28347,1.28393,2.25,1.00
2016.08.28 22:08:57.551,1.28347,1.28393,1.50,1.00
2016.08.28 22:08:57.602,1.28343,1.28394,1.00,1.00
2016.08.28 22:08:58.558,1.28345,1.28394,1.00,1.00
2016.08.28 22:08:59.083,1.2835,1.28394,1.00,1.00
2016.08.28 22:08:59.134,1.2835,1.28394,1.50,1.00
2016.08.28 22:08:59.733,1.2835,1.28394,1.00,1.00
2016.08.28 22:09:00.713,1.28354,1.28394,1.00,1.00
2016.08.28 22:09:01.264,1.28354,1.28393,1.00,1.00
2016.08.28 22:09:02.149,1.28353,1.28394,1.00,1.00
2016.08.28 22:09:02.605,1.28353,1.28394,1.00,1.00
2016.08.28 22:09:02.911,1.28354,1.28393,1.00,1.00
2016.08.28 22:09:03.115,1.28349,1.28411,1.00,1.00
2016.08.28 22:09:03.489,1.28345,1.28412,1.50,1.00
2016.08.28 22:09:03.551,1.28347,1.28412,1.00,1.00
2016.08.28 22:09:03.602,1.28347,1.2841,1.50,1.00
2016.08.28 22:09:03.703,1.28347,1.28414,1.00,1.50
2016.08.28 22:09:04.116,1.28353,1.28414,1.00,1.00
2016.08.28 22:09:04.167,1.28353,1.28416,1.00,1.00
2016.08.28 22:09:04.319,1.28353,1.28416,1.00,1.00
2016.08.28 22:09:04.439,1.28353,1.28414,1.00,1.00
2016.08.28 22:09:04.490,1.28353,1.28412,1.00,1.00
2016.08.28 22:09:04.823,1.28352,1.28409,1.00,1.00
2016.08.28 22:09:04.874,1.28352,1.28415,1.00,1.00
2016.08.28 22:09:05.281,1.28352,1.28414,1.00,1.50
2016.08.28 22:09:05.440,1.28352,1.28414,1.00,1.00
2016.08.28 22:09:05.491,1.28355,1.28413,1.00,1.00
2016.08.28 22:09:06.779,1.28355,1.2841,1.00,1.00
2016.08.28 22:09:06.881,1.28354,1.28415,1.00,1.00
2016.08.28 22:09:06.983,1.28354,1.28413,1.00,1.00
2016.08.28 22:09:07.084,1.28353,1.2841,1.00,1.00
2016.08.28 22:09:07.655,1.28353,1.2841,1.00,1.00
2016.08.28 22:09:08.322,1.28358,1.28413,1.00,1.00
2016.08.28 22:09:08.750,1.28358,1.28413,1.00,1.50
2016.08.28 22:09:08.852,1.28357,1.28413,1.00,1.00
2016.08.28 22:09:09.278,1.28357,1.28409,1.00,1.00
2016.08.28 22:09:09.829,1.28358,1.28409,1.00,1.00
2016.08.28 22:09:10.526,1.28358,1.28413,1.00,1.00
2016.08.28 22:09:13.511,1.28357,1.28413,1.00,1.00
2016.08.28 22:09:16.013,1.28356,1.28412,1.00,1.00
2016.08.28 22:09:16.918,1.28356,1.28414,1.00,1.00
2016.08.28 22:09:16.994,1.28356,1.28416,1.00,1.00
2016.08.28 22:09:17.096,1.28357,1.28412,1.00,1.00
2016.08.28 22:09:17.622,1.28356,1.28412,1.00,1.00
2016.08.28 22:09:17.827,1.28357,1.28415,1.00,1.50
2016.08.28 22:09:17.980,1.28356,1.28415,1.00,1.00
2016.08.28 22:09:18.082,1.28356,1.28414,2.25,1.00
2016.08.28 22:09:18.183,1.28358,1.28415,1.50,1.00
2016.08.28 22:09:19.104,1.28358,1.28415,1.50,1.50
2016.08.28 22:09:19.206,1.28358,1.28411,1.50,1.00
2016.08.28 22:09:19.763,1.28359,1.28411,1.50,1.00
2016.08.28 22:09:19.825,1.28359,1.28413,1.50,1.00
2016.08.28 22:09:19.876,1.28359,1.28416,1.50,1.00
2016.08.28 22:09:19.977,1.28359,1.28414,1.50,1.00
2016.08.28 22:09:20.028,1.28359,1.28413,1.50,1.00
2016.08.28 22:09:20.537,1.28358,1.28413,1.50,1.00
2016.08.28 22:09:23.973,1.28354,1.28411,1.00,1.00
2016.08.28 22:09:24.024,1.28354,1.2841,1.00,1.00
2016.08.28 22:09:25.498,1.28354,1.28411,1.00,1.00
2016.08.28 22:09:25.600,1.28354,1.28418,1.00,1.00
2016.08.28 22:09:25.702,1.28356,1.28422,1.00,1.00
2016.08.28 22:09:25.804,1.28356,1.28424,1.00,1.50
2016.08.28 22:09:25.905,1.28359,1.28425,1.00,1.00
2016.08.28 22:09:26.007,1.2836,1.28427,1.00,1.00
2016.08.28 22:09:26.058,1.28362,1.28427,1.00,1.00
2016.08.28 22:09:26.210,1.28362,1.28429,1.00,1.00
2016.08.28 22:09:26.409,1.28362,1.2843,1.50,1.00
2016.08.28 22:09:26.764,1.28363,1.28433,1.50,1.00
2016.08.28 22:09:26.866,1.28365,1.28433,1.00,1.00
2016.08.28 22:09:27.214,1.28363,1.28433,1.50,1.00
2016.08.28 22:09:28.763,1.2837,1.28433,1.00,1.00
2016.08.28 22:09:28.966,1.2837,1.28433,1.00,1.00
2016.08.28 22:09:29.467,1.28371,1.28434,1.00,1.00
2016.08.28 22:09:29.617,1.28371,1.28433,1.00,1.00
2016.08.28 22:09:29.880,1.28371,1.28426,1.00,1.00
2016.08.28 22:09:29.932,1.2837,1.28419,1.00,1.00
2016.08.28 22:09:30.469,1.28371,1.28419,1.00,1.00
2016.08.28 22:09:31.621,1.28371,1.28415,1.00,1.00
2016.08.28 22:09:32.436,1.28371,1.28418,1.00,1.00
2016.08.28 22:09:34.418,1.28371,1.28423,1.00,1.00
2016.08.28 22:09:34.469,1.28368,1.28423,1.50,1.00
2016.08.28 22:09:34.520,1.28367,1.28423,1.00,1.00
2016.08.28 22:09:34.723,1.28367,1.28419,1.00,1.00
2016.08.28 22:09:34.927,1.28367,1.28423,1.00,1.00
2016.08.28 22:09:34.978,1.28367,1.28425,1.00,1.00
2016.08.28 22:09:35.131,1.28367,1.28426,1.00,1.00
2016.08.28 22:09:35.182,1.28367,1.28427,1.00,1.00
2016.08.28 22:09:35.234,1.28367,1.28428,1.00,1.00
2016.08.28 22:09:35.387,1.28388,1.28433,1.00,1.00
2016.08.28 22:09:35.438,1.28388,1.28437,1.00,1.00
2016.08.28 22:09:35.490,1.28388,1.28437,1.00,1.00
2016.08.28 22:09:35.541,1.28394,1.28436,1.50,1.00
2016.08.28 22:09:36.002,1.28393,1.28441,1.50,1.50
2016.08.28 22:09:36.840,1.28393,1.28441,1.50,1.00
2016.08.28 22:09:36.993,1.28394,1.28446,1.50,1.00
2016.08.28 22:09:39.600,1.28396,1.28446,1.00,1.00
2016.08.28 22:09:39.753,1.28401,1.28446,1.00,1.00
2016.08.28 22:09:40.256,1.28401,1.28447,1.00,1.00
2016.08.28 22:09:40.459,1.28393,1.28447,1.00,1.00
2016.08.28 22:09:40.510,1.28392,1.28447,1.12,1.00
2016.08.28 22:09:40.561,1.28388,1.28447,1.12,1.00
2016.08.28 22:09:41.075,1.28388,1.28446,1.12,1.00
2016.08.28 22:09:41.448,1.28388,1.28446,1.12,1.00
2016.08.28 22:09:41.499,1.2839,1.28446,1.00,1.00
2016.08.28 22:09:41.550,1.28398,1.28446,1.00,1.00
2016.08.28 22:09:41.652,1.28401,1.28446,1.00,1.00
2016.08.28 22:09:42.060,1.28397,1.28447,1.12,1.00
2016.08.28 22:09:42.110,1.28397,1.28447,1.87,1.00
2016.08.28 22:09:42.161,1.284,1.28447,1.00,1.00
2016.08.28 22:09:42.686,1.284,1.28446,1.00,1.00
2016.08.28 22:09:43.308,1.284,1.28447,1.00,1.00
2016.08.28 22:09:43.634,1.28404,1.28447,1.00,1.00
2016.08.28 22:09:44.363,1.284,1.28447,1.00,1.00
2016.08.28 22:09:44.916,1.284,1.28446,1.00,1.00
2016.08.28 22:09:44.967,1.28398,1.28446,1.00,1.00
2016.08.28 22:09:45.068,1.28401,1.28446,1.00,1.00
2016.08.28 22:09:45.585,1.284,1.28446,1.00,1.00
2016.08.28 22:09:46.131,1.28399,1.28447,1.00,1.00
2016.08.28 22:09:46.467,1.28401,1.28446,1.00,1.00
2016.08.28 22:09:46.772,1.28405,1.28447,1.00,1.00
2016.08.28 22:09:47.077,1.28403,1.28446,1.00,1.00
2016.08.28 22:09:47.464,1.28411,1.28446,1.00,1.00
2016.08.28 22:09:47.670,1.28406,1.28446,1.00,1.00
2016.08.28 22:09:47.874,1.28409,1.28446,1.00,1.00
2016.08.28 22:09:48.190,1.28415,1.28447,1.00,1.00
2016.08.28 22:09:48.241,1.28415,1.28467,1.00,2.25
2016.08.28 22:09:48.343,1.28415,1.28467,1.00,1.00
2016.08.28 22:09:48.690,1.28413,1.28463,1.00,1.00
2016.08.28 22:09:48.843,1.28414,1.28465,1.00,1.00
2016.08.28 22:09:50.403,1.28414,1.28464,1.00,1.00
2016.08.28 22:09:50.454,1.28399,1.28464,2.25,1.50
2016.08.28 22:09:50.505,1.28399,1.2845,1.75,1.00
2016.08.28 22:09:50.556,1.28392,1.28446,1.50,1.00
2016.08.28 22:09:50.658,1.2838,1.28446,1.75,1.00
2016.08.28 22:09:50.760,1.28377,1.28443,1.37,1.00
2016.08.28 22:09:50.811,1.28376,1.28443,1.00,1.00
2016.08.28 22:09:50.862,1.28379,1.28447,1.00,1.00
2016.08.28 22:09:50.913,1.28379,1.28447,1.00,1.00
2016.08.28 22:09:50.964,1.28379,1.28447,1.12,1.00
2016.08.28 22:09:51.232,1.28382,1.28447,1.00,1.00
2016.08.28 22:09:51.283,1.28384,1.28447,1.50,1.00
2016.08.28 22:09:51.334,1.28385,1.28447,1.00,1.00
2016.08.28 22:09:51.385,1.28386,1.28447,1.75,1.00
2016.08.28 22:09:51.436,1.28389,1.28447,1.12,1.00
2016.08.28 22:09:51.487,1.28389,1.28447,1.00,1.00
2016.08.28 22:09:51.538,1.28386,1.28447,1.00,1.00
2016.08.28 22:09:51.640,1.28386,1.28454,1.00,1.00
2016.08.28 22:09:51.691,1.28386,1.28456,1.00,1.00
2016.08.28 22:09:51.742,1.28386,1.28457,1.00,2.25
2016.08.28 22:09:51.924,1.28386,1.28452,1.00,1.00
2016.08.28 22:09:52.026,1.28386,1.28455,1.00,1.00
2016.08.28 22:09:52.128,1.28386,1.28453,1.00,1.00
2016.08.28 22:09:52.574,1.28386,1.28453,1.00,1.00
2016.08.28 22:09:52.676,1.28387,1.28453,1.00,1.00
2016.08.28 22:09:52.742,1.28387,1.28455,1.00,1.00
2016.08.28 22:09:53.301,1.28387,1.28456,1.00,1.00
2016.08.28 22:09:53.812,1.28389,1.28456,1.00,1.00
2016.08.28 22:09:54.117,1.28387,1.28456,1.50,1.00
2016.08.28 22:09:54.167,1.28387,1.28456,1.12,1.50
2016.08.28 22:09:54.218,1.28387,1.28455,1.00,1.00
2016.08.28 22:09:55.210,1.28387,1.28456,1.00,2.25
2016.08.28 22:09:55.312,1.28387,1.28456,1.00,1.50
2016.08.28 22:09:56.469,1.28387,1.28456,1.00,1.00
2016.08.28 22:09:56.899,1.28387,1.28456,1.00,1.50
2016.08.28 22:09:57.000,1.28387,1.28456,1.00,1.00
2016.08.28 22:09:57.327,1.28387,1.28454,1.00,1.00
2016.08.28 22:09:57.699,1.28387,1.28454,1.00,1.50
2016.08.28 22:09:58.032,1.28387,1.28453,1.00,1.00
2016.08.28 22:09:58.286,1.28388,1.28451,1.50,1.00
2016.08.28 22:09:58.382,1.28392,1.28451,1.00,1.00
2016.08.28 22:09:58.979,1.28391,1.28451,1.00,1.00
2016.08.28 22:09:59.222,1.28391,1.28454,1.00,1.00
2016.08.28 22:09:59.427,1.28391,1.28452,1.00,1.00
2016.08.28 22:09:59.590,1.28391,1.28452,1.00,1.00
2016.08.28 22:09:59.692,1.28378,1.28452,1.00,1.00
2016.08.28 22:10:00.200,1.28378,1.28452,1.00,1.50
2016.08.28 22:10:00.251,1.28377,1.28443,1.00,1.00
2016.08.28 22:10:00.505,1.28379,1.28444,1.50,1.00
2016.08.28 22:10:00.607,1.28382,1.28446,1.00,2.25
2016.08.28 22:10:00.676,1.28382,1.28446,1.00,1.50
2016.08.28 22:10:00.728,1.28377,1.2845,1.00,1.00
2016.08.28 22:10:00.982,1.28377,1.28451,1.00,1.00
2016.08.28 22:10:01.355,1.2838,1.28453,1.00,1.00
2016.08.28 22:10:01.405,1.28376,1.28451,1.50,1.00
2016.08.28 22:10:01.457,1.2838,1.28451,1.37,1.00
2016.08.28 22:10:01.508,1.28381,1.28451,1.00,1.00
2016.08.28 22:10:01.560,1.28376,1.28451,1.37,1.50
2016.08.28 22:10:01.611,1.28377,1.2845,1.00,1.00
2016.08.28 22:10:01.713,1.28374,1.2845,1.87,1.00
2016.08.28 22:10:02.067,1.28381,1.2845,1.00,1.00
2016.08.28 22:10:02.118,1.28382,1.28451,1.00,1.00
2016.08.28 22:10:02.170,1.28382,1.28451,1.37,1.00
2016.08.28 22:10:02.221,1.28382,1.28451,1.75,1.00
2016.08.28 22:10:02.272,1.28383,1.28451,1.50,1.00
2016.08.28 22:10:04.238,1.28383,1.28451,2.25,1.00
2016.08.28 22:10:04.417,1.28385,1.28451,1.12,1.00
2016.08.28 22:10:04.518,1.28384,1.28451,1.37,1.00
2016.08.28 22:10:04.621,1.28385,1.28451,1.12,1.00
2016.08.28 22:10:04.909,1.28386,1.28451,1.00,1.00
2016.08.28 22:10:05.389,1.28386,1.28455,1.00,1.00
2016.08.28 22:10:10.273,1.28386,1.28455,1.37,1.00
2016.08.28 22:10:10.324,1.28388,1.28455,1.00,1.00
2016.08.28 22:10:10.375,1.28388,1.28455,1.50,1.00
2016.08.28 22:10:15.204,1.28388,1.28456,1.50,1.00
2016.08.28 22:10:27.160,1.28388,1.28456,1.00,1.00
2016.08.28 22:10:27.211,1.28387,1.28456,1.50,1.00
2016.08.28 22:10:34.568,1.28387,1.28449,1.00,1.00
2016.08.28 22:10:34.620,1.28385,1.28448,1.37,1.00
2016.08.28 22:10:34.671,1.28383,1.28448,1.50,1.00
2016.08.28 22:10:34.722,1.28383,1.28445,1.00,1.00
2016.08.28 22:10:34.825,1.28384,1.28447,1.00,1.00
2016.08.28 22:10:38.338,1.2838,1.28446,1.00,1.00
2016.08.28 22:10:38.482,1.28373,1.28443,1.37,1.00
2016.08.28 22:10:38.533,1.2837,1.28436,1.50,1.00
2016.08.28 22:10:39.449,1.2837,1.28436,1.50,1.00
2016.08.28 22:10:43.550,1.28371,1.28435,1.00,1.00
2016.08.28 22:10:43.651,1.2837,1.28433,1.12,1.00
2016.08.28 22:10:43.703,1.28364,1.28433,1.75,1.00
2016.08.28 22:10:43.754,1.28363,1.28435,1.50,1.00
2016.08.28 22:10:43.808,1.28366,1.28435,1.00,1.00
2016.08.28 22:10:43.962,1.28366,1.28437,1.00,1.00
2016.08.28 22:10:45.079,1.28365,1.28439,1.12,1.00
2016.08.28 22:10:45.455,1.28365,1.2844,1.87,1.00
2016.08.28 22:10:49.101,1.28367,1.28441,1.00,1.00
2016.08.28 22:10:50.638,1.28366,1.28439,1.00,1.00
2016.08.28 22:10:50.863,1.28366,1.28442,1.00,1.50
2016.08.28 22:10:55.452,1.28366,1.28425,1.00,1.00
2016.08.28 22:10:55.555,1.28366,1.28411,1.00,1.00
2016.08.28 22:10:55.657,1.28366,1.28416,1.00,1.00
2016.08.28 22:10:55.714,1.28349,1.28416,1.00,1.00
2016.08.28 22:10:55.765,1.28349,1.2842,1.00,1.00
2016.08.28 22:10:55.867,1.28347,1.2842,1.87,1.00
2016.08.28 22:10:57.740,1.28347,1.2842,2.62,1.00
2016.08.28 22:10:57.894,1.28347,1.28418,1.87,1.00
2016.08.28 22:10:57.945,1.28347,1.28415,1.12,1.00
2016.08.28 22:10:58.233,1.28347,1.28405,1.12,1.00
2016.08.28 22:10:58.284,1.28347,1.28405,1.12,1.50
2016.08.28 22:10:58.335,1.28343,1.28397,1.75,1.00
2016.08.28 22:10:58.417,1.28343,1.28397,1.00,1.00
2016.08.28 22:11:02.875,1.28343,1.28394,1.00,1.00
2016.08.28 22:11:14.249,1.28335,1.28373,1.00,1.00
2016.08.28 22:11:14.350,1.28338,1.28372,1.00,1.00
2016.08.28 22:11:14.872,1.28334,1.28372,1.00,1.00
2016.08.28 22:11:14.974,1.28337,1.28373,1.00,1.00
2016.08.28 22:11:15.686,1.28341,1.28373,1.00,1.00
2016.08.28 22:11:15.788,1.28339,1.28372,1.00,1.00
2016.08.28 22:11:16.880,1.28342,1.28373,1.00,1.00
2016.08.28 22:11:17.354,1.28348,1.2839,1.00,1.00
2016.08.28 22:11:17.480,1.28348,1.2839,1.00,1.00
2016.08.28 22:11:18.080,1.28347,1.28392,1.00,1.00
2016.08.28 22:11:18.182,1.28349,1.2839,1.00,1.00
2016.08.28 22:11:19.761,1.28353,1.28402,1.00,1.00
2016.08.28 22:11:19.863,1.28353,1.28412,1.00,1.75
2016.08.28 22:11:19.914,1.28353,1.28412,1.00,1.00
2016.08.28 22:11:19.965,1.28356,1.28416,1.00,1.00
2016.08.28 22:11:24.074,1.28356,1.28412,1.00,1.00
2016.08.28 22:11:25.428,1.28356,1.28411,1.00,1.00
2016.08.28 22:11:25.479,1.28355,1.28394,1.00,1.00
2016.08.28 22:11:25.683,1.28351,1.28394,1.00,1.00
2016.08.28 22:11:25.785,1.28353,1.28391,1.00,1.00
2016.08.28 22:11:26.497,1.2835,1.2839,1.00,1.00
2016.08.28 22:11:26.693,1.28354,1.28389,1.00,1.00
2016.08.28 22:11:28.502,1.28351,1.28389,1.00,1.00
2016.08.28 22:11:28.897,1.28353,1.28389,1.00,1.00
2016.08.28 22:11:28.999,1.28352,1.28392,1.00,1.00
2016.08.28 22:11:29.101,1.28349,1.28392,1.00,1.00
2016.08.28 22:11:29.406,1.28353,1.2839,1.00,1.00
2016.08.28 22:11:29.722,1.2835,1.28389,1.00,1.00
2016.08.28 22:11:29.826,1.28353,1.28389,1.00,1.00
2016.08.28 22:11:29.979,1.28352,1.28392,1.00,1.00
2016.08.28 22:11:30.099,1.28353,1.28389,1.00,1.00
2016.08.28 22:11:30.501,1.28358,1.28393,1.00,1.00
2016.08.28 22:11:30.603,1.28353,1.28392,1.00,1.00
2016.08.28 22:11:30.807,1.28348,1.284,1.00,1.00
2016.08.28 22:11:30.908,1.28353,1.2839,1.00,1.00
2016.08.28 22:11:31.083,1.28349,1.28386,1.00,1.00
2016.08.28 22:11:31.451,1.28349,1.28384,1.00,1.00
2016.08.28 22:11:32.081,1.28352,1.28385,1.00,1.00
2016.08.28 22:11:32.183,1.28349,1.28386,1.00,1.00
2016.08.28 22:11:32.387,1.28352,1.28384,1.00,1.00
2016.08.28 22:11:32.489,1.28349,1.28385,1.00,1.00
2016.08.28 22:11:32.603,1.28351,1.28384,1.00,1.00
2016.08.28 22:11:32.729,1.28349,1.28383,1.00,1.00
2016.08.28 22:11:33.289,1.28351,1.28383,1.00,1.00
2016.08.28 22:11:33.502,1.28339,1.2838,1.50,1.00
2016.08.28 22:11:33.604,1.28341,1.28381,1.00,1.00
2016.08.28 22:11:33.943,1.28344,1.2838,1.00,1.00
2016.08.28 22:11:34.120,1.28341,1.28381,1.00,1.00
2016.08.28 22:11:34.324,1.28347,1.28381,1.00,1.00
2016.08.28 22:11:34.425,1.28347,1.28383,1.00,1.00
2016.08.28 22:11:34.730,1.28346,1.28381,1.00,1.00
2016.08.28 22:11:34.987,1.28344,1.28382,1.00,1.00
2016.08.28 22:11:35.089,1.28347,1.28382,1.00,1.00
2016.08.28 22:11:35.191,1.28345,1.28382,1.00,1.00
2016.08.28 22:11:35.507,1.28341,1.28383,1.00,1.00
2016.08.28 22:11:35.611,1.28346,1.28384,1.00,1.00
2016.08.28 22:11:35.913,1.28347,1.28382,1.00,1.00
2016.08.28 22:11:36.020,1.28343,1.28381,1.00,1.00
2016.08.28 22:11:36.224,1.28346,1.28392,1.00,1.00
2016.08.28 22:11:36.326,1.28343,1.28383,1.00,1.00
2016.08.28 22:11:36.396,1.28347,1.28385,1.00,1.00
2016.08.28 22:11:36.600,1.28349,1.28388,1.00,1.00
2016.08.28 22:11:36.703,1.28347,1.284,1.00,1.00
2016.08.28 22:11:36.805,1.28339,1.28399,1.00,1.00
2016.08.28 22:11:36.907,1.28334,1.28395,1.12,1.00
2016.08.28 22:11:36.959,1.28334,1.28394,1.00,1.00
2016.08.28 22:11:37.334,1.28335,1.28392,1.00,1.00
2016.08.28 22:11:37.488,1.28334,1.28392,1.00,1.00
2016.08.28 22:11:37.743,1.2834,1.28399,1.00,1.00
2016.08.28 22:11:37.794,1.2834,1.28407,1.00,3.75
2016.08.28 22:11:37.846,1.28345,1.2841,1.00,1.37
2016.08.28 22:11:37.897,1.28345,1.28414,1.00,1.75
2016.08.28 22:11:37.949,1.28347,1.28415,1.00,1.00
2016.08.28 22:11:38.247,1.28349,1.28419,1.00,1.00
2016.08.28 22:11:39.117,1.28351,1.28419,1.00,1.00
2016.08.28 22:11:39.488,1.28351,1.2842,1.00,1.00
2016.08.28 22:11:40.352,1.28351,1.28418,1.00,1.00
2016.08.28 22:11:40.505,1.28351,1.28418,1.00,1.00
2016.08.28 22:11:40.949,1.28351,1.28419,1.50,1.00
2016.08.28 22:11:41.000,1.28352,1.28419,1.00,1.00
2016.08.28 22:11:41.051,1.28352,1.2842,1.50,1.00
2016.08.28 22:11:41.254,1.28353,1.28421,1.00,1.00
2016.08.28 22:11:42.033,1.28354,1.28422,1.00,1.00
2016.08.28 22:11:43.918,1.28352,1.28422,2.25,1.00
2016.08.28 22:11:44.529,1.28354,1.28422,1.00,1.00
2016.08.28 22:11:44.726,1.28352,1.28418,1.50,1.00
2016.08.28 22:11:45.636,1.28352,1.28419,1.50,1.00
2016.08.28 22:11:45.737,1.28353,1.28422,1.00,1.00
2016.08.28 22:11:45.890,1.28353,1.28422,1.00,1.00
2016.08.28 22:11:46.828,1.28353,1.2842,1.00,1.00
2016.08.28 22:11:46.930,1.28352,1.2842,1.00,1.00
2016.08.28 22:11:47.273,1.2835,1.28419,2.25,1.00
2016.08.28 22:11:47.324,1.2835,1.28416,1.50,1.00
2016.08.28 22:11:47.832,1.2835,1.28417,1.50,1.00
2016.08.28 22:11:48.223,1.2835,1.28418,2.25,1.00
2016.08.28 22:11:51.235,1.2835,1.28418,2.25,1.50
2016.08.28 22:11:51.286,1.2835,1.28414,2.25,1.00
2016.08.28 22:11:51.489,1.2835,1.28416,2.25,1.00
2016.08.28 22:11:52.238,1.28356,1.28416,1.00,1.00
2016.08.28 22:11:52.442,1.28358,1.28416,1.00,1.00
2016.08.28 22:11:53.041,1.28358,1.28415,1.00,1.00
2016.08.28 22:11:53.587,1.28358,1.28416,1.00,1.00
2016.08.28 22:11:54.339,1.28358,1.28416,1.00,1.00
2016.08.28 22:11:54.441,1.28363,1.28416,1.00,1.00
2016.08.28 22:11:55.028,1.28365,1.28414,1.00,1.00
2016.08.28 22:11:55.130,1.28365,1.28416,1.00,1.00
2016.08.28 22:11:55.649,1.28364,1.28412,1.00,1.00
2016.08.28 22:11:55.751,1.28366,1.28415,1.00,1.00
2016.08.28 22:11:55.971,1.28369,1.28415,1.56,1.00
2016.08.28 22:11:56.022,1.28369,1.28415,1.56,1.00
2016.08.28 22:11:56.074,1.28373,1.2842,1.56,1.00
2016.08.28 22:11:56.394,1.28374,1.28412,1.56,1.00
2016.08.28 22:11:56.445,1.28375,1.28419,1.56,1.00
2016.08.28 22:11:58.661,1.28372,1.28418,1.56,1.00
2016.08.28 22:12:02.039,1.28374,1.28419,1.56,1.00
2016.08.28 22:12:02.370,1.28374,1.28416,1.56,1.00
2016.08.28 22:12:03.740,1.28374,1.28416,1.56,1.00
2016.08.28 22:12:04.262,1.28374,1.28416,1.56,1.00
2016.08.28 22:12:04.363,1.28374,1.28416,1.56,1.00
2016.08.28 22:12:06.063,1.28374,1.28416,1.56,1.00
2016.08.28 22:12:06.166,1.28372,1.28415,1.56,1.00
2016.08.28 22:12:06.267,1.28373,1.28418,1.56,1.00
2016.08.28 22:12:08.150,1.28373,1.28418,1.56,1.00
2016.08.28 22:12:08.369,1.28373,1.28416,1.56,1.00
2016.08.28 22:12:08.865,1.28374,1.28418,1.56,1.00
2016.08.28 22:12:09.051,1.28374,1.28418,1.56,1.00
2016.08.28 22:12:09.152,1.28374,1.28418,1.10,1.00
2016.08.28 22:12:09.254,1.28374,1.28418,1.10,1.00
2016.08.28 22:12:09.356,1.28374,1.28418,1.00,1.00
2016.08.28 22:12:09.407,1.28372,1.2842,1.00,1.00
2016.08.28 22:12:09.458,1.28372,1.2842,1.13,1.00
2016.08.28 22:12:09.509,1.28383,1.28415,1.00,1.00
2016.08.28 22:12:09.560,1.28374,1.28418,1.00,1.00
2016.08.28 22:12:09.661,1.28376,1.28419,1.10,1.00
2016.08.28 22:12:10.141,1.28376,1.28414,1.10,1.00
2016.08.28 22:12:10.192,1.28372,1.28412,1.10,1.00
2016.08.28 22:12:10.294,1.28372,1.28414,1.13,1.00
2016.08.28 22:12:10.600,1.28372,1.28414,1.10,1.00
2016.08.28 22:12:10.702,1.2837,1.28409,1.10,1.00
2016.08.28 22:12:10.804,1.28373,1.28414,1.00,1.00
2016.08.28 22:12:10.855,1.28373,1.28415,1.00,1.00
2016.08.28 22:12:11.113,1.28374,1.28422,1.10,1.00
2016.08.28 22:12:11.471,1.28374,1.28414,1.10,1.00
2016.08.28 22:12:11.522,1.28374,1.2842,1.10,1.00
2016.08.28 22:12:11.929,1.28374,1.28419,1.10,1.00
2016.08.28 22:12:12.355,1.28374,1.2842,1.10,1.50
2016.08.28 22:12:13.056,1.28374,1.2842,1.13,1.50
2016.08.28 22:12:13.295,1.28374,1.2842,1.10,1.50
2016.08.28 22:12:13.627,1.28374,1.28419,1.10,1.00
2016.08.28 22:12:14.025,1.28374,1.2842,1.10,1.50
2016.08.28 22:12:14.127,1.28374,1.2842,1.10,1.00
2016.08.28 22:12:14.433,1.28374,1.28416,1.10,1.00
2016.08.28 22:12:15.146,1.28375,1.28419,1.13,1.00
2016.08.28 22:12:15.645,1.28375,1.28419,1.13,1.00
2016.08.28 22:12:18.578,1.28375,1.28419,1.13,1.00
2016.08.28 22:12:18.671,1.28375,1.28413,1.13,1.00
2016.08.28 22:12:18.722,1.28374,1.2842,1.10,1.00
2016.08.28 22:12:18.875,1.28374,1.28419,1.10,1.00
2016.08.28 22:12:18.926,1.28374,1.28417,1.10,1.00
2016.08.28 22:12:19.188,1.28375,1.28419,1.13,1.50
2016.08.28 22:12:19.239,1.28375,1.28419,1.13,1.00
2016.08.28 22:12:19.290,1.28372,1.28418,1.10,1.00
2016.08.28 22:12:19.594,1.28374,1.28419,1.00,1.00
2016.08.28 22:12:19.805,1.28373,1.28414,1.00,1.50
2016.08.28 22:12:19.879,1.28373,1.28414,1.10,1.50
2016.08.28 22:12:19.929,1.28375,1.28414,1.00,1.00
2016.08.28 22:12:19.981,1.28375,1.28419,1.00,1.00
2016.08.28 22:12:20.098,1.28375,1.28419,1.00,1.00
2016.08.28 22:12:20.251,1.28375,1.28419,1.00,1.00
2016.08.28 22:12:21.901,1.28375,1.28419,1.13,1.00
2016.08.28 22:12:22.234,1.28375,1.28416,1.13,1.00
2016.08.28 22:12:22.995,1.28375,1.28416,1.00,1.00
2016.08.28 22:12:23.097,1.28375,1.28419,1.00,1.00
2016.08.28 22:12:24.389,1.28375,1.28419,1.13,1.00
2016.08.28 22:12:25.390,1.28375,1.28416,1.13,1.00
2016.08.28 22:12:25.731,1.28375,1.28419,1.13,1.00
2016.08.28 22:12:25.832,1.28374,1.28417,1.10,1.00
2016.08.28 22:12:26.132,1.28376,1.28423,1.00,1.00
2016.08.28 22:12:26.233,1.28375,1.28427,1.13,1.00
2016.08.28 22:12:26.335,1.28377,1.28423,1.00,1.00
2016.08.28 22:12:26.393,1.28377,1.28426,1.00,1.00
2016.08.28 22:12:27.145,1.28375,1.28429,1.00,2.25
2016.08.28 22:12:27.247,1.28374,1.28417,1.13,1.00
2016.08.28 22:12:27.298,1.28374,1.28424,1.00,1.00
2016.08.28 22:12:27.348,1.28374,1.28428,1.00,1.50
2016.08.28 22:12:27.450,1.28374,1.28428,1.00,2.25
2016.08.28 22:12:27.838,1.28374,1.28428,1.00,1.00
2016.08.28 22:12:28.179,1.28374,1.28428,1.00,1.00
2016.08.28 22:12:28.280,1.28375,1.28425,1.00,1.00
2016.08.28 22:12:28.331,1.28375,1.28418,1.00,1.00
2016.08.28 22:12:28.433,1.28374,1.28428,1.00,1.00
2016.08.28 22:12:28.484,1.28374,1.28428,1.00,1.00
2016.08.28 22:12:28.535,1.28373,1.2843,1.13,2.25
2016.08.28 22:12:28.585,1.28373,1.28429,1.13,1.00
2016.08.28 22:12:28.652,1.28376,1.28428,1.00,1.00
2016.08.28 22:12:28.703,1.28376,1.28428,1.00,1.00
2016.08.28 22:12:29.039,1.28369,1.28424,1.00,1.00
2016.08.28 22:12:29.090,1.28367,1.28414,2.35,1.00
2016.08.28 22:12:29.141,1.28367,1.28414,3.10,1.00
2016.08.28 22:12:29.192,1.28367,1.28419,3.10,1.00
2016.08.28 22:12:29.294,1.28367,1.28414,3.56,1.00
2016.08.28 22:12:29.395,1.28367,1.28424,3.56,1.00
2016.08.28 22:12:29.447,1.28372,1.28424,1.00,1.00
2016.08.28 22:12:29.498,1.28372,1.2843,1.31,2.25
2016.08.28 22:12:29.549,1.28372,1.28425,1.31,1.00
2016.08.28 22:12:29.792,1.28372,1.28424,1.56,1.00
2016.08.28 22:12:29.880,1.28372,1.2843,1.56,2.25
2016.08.28 22:12:29.931,1.28372,1.2843,1.56,2.25
2016.08.28 22:12:30.092,1.28372,1.28425,1.56,1.00
2016.08.28 22:12:30.143,1.28375,1.28425,1.31,1.00
2016.08.28 22:12:30.296,1.28375,1.28425,1.00,1.00
2016.08.28 22:12:30.723,1.28381,1.28423,1.56,1.00
2016.08.28 22:12:30.774,1.28381,1.28423,1.00,1.00
2016.08.28 22:12:30.825,1.2838,1.28424,1.00,1.00
2016.08.28 22:12:30.927,1.28382,1.28424,1.00,1.00
2016.08.28 22:12:30.979,1.28382,1.28424,1.00,1.50
2016.08.28 22:12:31.247,1.28383,1.28424,1.00,1.00
2016.08.28 22:12:31.997,1.28383,1.28425,1.00,1.00
2016.08.28 22:12:33.055,1.2838,1.28425,1.00,1.00
2016.08.28 22:12:33.371,1.28382,1.28425,1.00,1.00
2016.08.28 22:12:33.816,1.28382,1.28427,1.00,1.00
2016.08.28 22:12:41.744,1.28384,1.2843,1.00,1.00
2016.08.28 22:12:42.090,1.28384,1.28439,1.00,2.25
2016.08.28 22:12:42.141,1.28382,1.28436,1.56,1.00
2016.08.28 22:12:42.244,1.28382,1.28429,1.56,1.00
2016.08.28 22:12:42.448,1.2838,1.28425,1.56,1.00
2016.08.28 22:12:42.500,1.2838,1.28425,1.00,1.00
2016.08.28 22:12:42.552,1.28379,1.28428,1.00,1.00
2016.08.28 22:12:42.603,1.28379,1.28428,1.56,1.00
2016.08.28 22:12:42.992,1.2838,1.28429,1.00,1.00
2016.08.28 22:12:43.145,1.28379,1.28426,1.00,1.00
2016.08.28 22:12:43.685,1.2838,1.28427,1.00,1.00
2016.08.28 22:12:43.736,1.2838,1.28427,1.00,1.00
2016.08.28 22:12:43.787,1.2838,1.28418,1.00,1.00
2016.08.28 22:12:43.888,1.28379,1.28429,1.00,1.00
2016.08.28 22:12:43.939,1.28379,1.28429,1.00,1.00
2016.08.28 22:12:43.990,1.28379,1.28424,1.00,1.00
2016.08.28 22:12:44.092,1.28379,1.28428,1.00,1.00
2016.08.28 22:12:44.871,1.28378,1.2842,1.00,1.00
2016.08.28 22:12:44.973,1.28379,1.28427,1.00,1.00
2016.08.28 22:12:45.312,1.28379,1.28427,1.56,1.00
2016.08.28 22:12:45.519,1.2838,1.28428,1.00,1.00
2016.08.28 22:12:45.570,1.28379,1.28416,1.00,1.00
2016.08.28 22:12:45.672,1.28378,1.28426,1.00,1.00
2016.08.28 22:12:45.774,1.28381,1.28435,1.00,1.00
2016.08.28 22:12:45.875,1.28379,1.28426,1.00,1.00
2016.08.28 22:12:45.926,1.28379,1.28426,1.00,1.00
2016.08.28 22:12:45.977,1.28383,1.28425,1.00,1.00
2016.08.28 22:12:46.332,1.28383,1.28425,1.56,1.00
2016.08.28 22:12:46.383,1.2838,1.28426,1.56,1.00
2016.08.28 22:12:46.434,1.2838,1.28426,1.00,1.00
2016.08.28 22:12:46.485,1.28382,1.28422,1.00,1.00
2016.08.28 22:12:46.625,1.2838,1.28435,1.00,1.00
2016.08.28 22:12:46.676,1.28381,1.28427,1.00,1.00
2016.08.28 22:12:50.983,1.28381,1.2843,1.00,1.00
2016.08.28 22:12:51.490,1.28383,1.28432,1.00,1.00
2016.08.28 22:12:58.820,1.2838,1.28433,1.00,1.00
2016.08.28 22:13:04.122,1.2838,1.28437,1.00,1.00
2016.08.28 22:13:04.172,1.2838,1.28437,1.00,1.00
2016.08.28 22:13:04.223,1.2838,1.28428,1.00,1.00
2016.08.28 22:13:04.427,1.28375,1.28431,1.50,1.00
2016.08.28 22:13:14.214,1.28379,1.28437,1.00,1.00
2016.08.28 22:13:16.425,1.28375,1.2844,2.25,2.25
2016.08.28 22:13:16.477,1.28376,1.2844,1.00,1.50
2016.08.28 22:13:16.528,1.28377,1.2844,1.00,1.50
2016.08.28 22:13:16.579,1.28379,1.2844,1.00,1.50
2016.08.28 22:13:17.438,1.28378,1.2844,1.00,1.50
2016.08.28 22:13:17.738,1.28379,1.2844,1.00,1.50
2016.08.28 22:13:19.531,1.28379,1.2844,1.50,1.50
2016.08.28 22:13:22.051,1.28383,1.2844,1.00,1.50
2016.08.28 22:13:22.551,1.28384,1.2844,1.00,1.50
2016.08.28 22:13:22.659,1.28387,1.2844,1.00,1.50
2016.08.28 22:13:23.677,1.28387,1.28441,1.00,1.50
2016.08.28 22:13:26.034,1.28389,1.28441,1.00,1.50
2016.08.28 22:13:26.136,1.2839,1.28442,1.00,2.25
2016.08.28 22:13:26.187,1.2839,1.28442,1.00,1.00
2016.08.28 22:13:26.339,1.28381,1.2844,1.00,1.00
2016.08.28 22:13:26.441,1.28388,1.28438,1.00,1.00
2016.08.28 22:13:27.175,1.28392,1.28441,1.00,1.00
2016.08.28 22:13:27.520,1.28391,1.28439,1.00,1.00
2016.08.28 22:13:28.398,1.2839,1.28439,1.00,1.00
2016.08.28 22:13:34.188,1.28391,1.28443,1.00,1.50
2016.08.28 22:13:34.391,1.28391,1.2844,1.00,1.00
2016.08.28 22:13:43.126,1.28394,1.28443,1.00,1.50
2016.08.28 22:13:44.303,1.28394,1.28444,1.00,1.50
2016.08.28 22:13:46.223,1.28394,1.28445,1.00,1.50
2016.08.28 22:13:48.210,1.28393,1.28445,1.00,1.50
2016.08.28 22:13:49.021,1.28393,1.28446,1.00,2.25
2016.08.28 22:13:54.105,1.28395,1.28446,1.00,1.50
2016.08.28 22:13:54.206,1.28395,1.28447,1.00,2.25
2016.08.28 22:13:54.409,1.28391,1.28447,1.00,1.50
2016.08.28 22:13:54.460,1.28391,1.28447,1.00,1.50
2016.08.28 22:13:54.511,1.28394,1.28445,1.00,1.00
2016.08.28 22:14:05.626,1.28395,1.28447,1.00,2.25
2016.08.28 22:14:05.728,1.28394,1.28447,1.00,1.50
2016.08.28 22:14:09.750,1.28395,1.28447,1.00,2.25
2016.08.28 22:14:10.261,1.28394,1.28447,1.00,1.50
2016.08.28 22:14:12.410,1.28394,1.28441,1.00,1.00
2016.08.28 22:14:12.461,1.28384,1.28441,1.50,1.00
2016.08.28 22:14:12.513,1.28384,1.28441,1.00,1.00
2016.08.28 22:14:12.564,1.28391,1.28441,1.00,1.00
2016.08.28 22:14:12.615,1.28391,1.28444,1.00,1.00
2016.08.28 22:14:12.666,1.2839,1.28446,1.00,1.00
2016.08.28 22:14:12.718,1.2839,1.28447,1.00,1.50
2016.08.28 22:14:12.768,1.28392,1.28444,1.00,1.00
2016.08.28 22:14:13.189,1.28393,1.28437,1.00,1.00
2016.08.28 22:14:13.450,1.28393,1.28446,1.00,1.00
2016.08.28 22:14:14.173,1.28394,1.28447,1.00,1.50
2016.08.28 22:14:14.893,1.28394,1.28446,1.00,1.00
2016.08.28 22:14:14.995,1.28393,1.28447,1.00,3.00
2016.08.28 22:14:15.097,1.28394,1.28443,1.00,1.00
2016.08.28 22:14:15.198,1.28393,1.28446,1.00,1.00
2016.08.28 22:14:15.300,1.28394,1.28447,1.00,2.25
2016.08.28 22:14:15.402,1.28394,1.28443,1.00,1.00
2016.08.28 22:14:15.504,1.28394,1.28446,1.00,1.00
2016.08.28 22:14:15.605,1.28394,1.28446,1.00,1.00
2016.08.28 22:14:15.682,1.28394,1.28446,1.00,1.00
2016.08.28 22:14:16.216,1.28394,1.28446,1.00,1.00
2016.08.28 22:14:16.471,1.28394,1.28446,1.00,2.25
2016.08.28 22:14:16.974,1.28394,1.28446,1.00,1.00
2016.08.28 22:14:21.476,1.28398,1.28444,1.00,1.00
2016.08.28 22:14:23.310,1.28399,1.28447,1.00,1.00
2016.08.28 22:14:25.018,1.284,1.28444,1.00,1.00
2016.08.28 22:14:25.682,1.284,1.28451,1.00,1.50
2016.08.28 22:14:25.783,1.28401,1.2845,1.00,1.00
2016.08.28 22:14:26.302,1.28402,1.2845,1.00,1.00
2016.08.28 22:14:26.507,1.28401,1.28454,1.00,1.00
2016.08.28 22:14:26.618,1.28402,1.2845,1.00,1.00
2016.08.28 22:14:29.227,1.28399,1.28449,1.00,1.00
2016.08.28 22:14:35.017,1.284,1.28447,1.00,1.00
2016.08.28 22:14:35.119,1.284,1.28454,1.00,1.00
2016.08.28 22:14:35.632,1.284,1.28448,1.00,1.00
2016.08.28 22:14:35.833,1.28401,1.2845,1.00,1.00
2016.08.28 22:14:37.434,1.28401,1.28448,1.00,1.00
2016.08.28 22:14:37.536,1.28402,1.2845,1.00,1.00
2016.08.28 22:14:38.079,1.28403,1.28451,1.00,1.00
2016.08.28 22:14:38.130,1.284,1.28437,1.00,1.00
2016.08.28 22:14:38.232,1.28394,1.28436,1.00,1.00
2016.08.28 22:14:38.334,1.28392,1.28438,1.00,1.00
2016.08.28 22:14:38.436,1.28392,1.28438,1.00,1.00
2016.08.28 22:14:38.501,1.28399,1.28439,1.00,1.00
2016.08.28 22:14:38.705,1.28396,1.28438,1.00,1.00
2016.08.28 22:14:38.806,1.28394,1.28433,1.00,1.00
2016.08.28 22:14:38.857,1.28394,1.28433,1.00,1.00
2016.08.28 22:14:38.960,1.28394,1.28433,1.00,1.00
2016.08.28 22:14:39.393,1.28393,1.28432,1.00,1.00
2016.08.28 22:14:39.444,1.28393,1.28432,1.00,1.00
2016.08.28 22:14:39.901,1.28392,1.2843,1.00,1.00
2016.08.28 22:14:40.003,1.28392,1.28433,1.00,1.00
2016.08.28 22:14:40.105,1.2839,1.28432,1.00,1.00
2016.08.28 22:14:40.727,1.28386,1.28428,1.00,1.00
2016.08.28 22:14:40.889,1.28386,1.28428,1.50,1.00
2016.08.28 22:14:40.945,1.28388,1.28428,1.00,1.00
2016.08.28 22:14:41.101,1.28389,1.28431,1.00,1.00
2016.08.28 22:14:41.507,1.28387,1.28432,1.00,1.00
2016.08.28 22:14:41.918,1.28389,1.28437,1.00,1.00
2016.08.28 22:14:42.245,1.28391,1.28437,1.00,1.00
2016.08.28 22:14:42.404,1.28388,1.28439,1.00,1.00
2016.08.28 22:14:42.557,1.28388,1.28439,1.00,1.00
2016.08.28 22:14:44.137,1.28387,1.28438,1.00,1.00
2016.08.28 22:14:49.348,1.28384,1.2844,1.00,2.25
2016.08.28 22:14:49.548,1.28388,1.28437,1.00,1.00
2016.08.28 22:14:52.247,1.28377,1.28435,1.50,1.31
2016.08.28 22:14:52.351,1.28381,1.28428,1.00,1.00
2016.08.28 22:14:52.466,1.28383,1.28427,1.00,1.00
2016.08.28 22:14:52.517,1.28379,1.28431,1.00,1.50
2016.08.28 22:14:52.569,1.28379,1.28431,1.00,1.50
2016.08.28 22:14:52.620,1.2838,1.28423,1.00,1.00
2016.08.28 22:14:52.721,1.28382,1.28419,1.00,1.00
2016.08.28 22:14:53.751,1.28379,1.2842,1.00,1.00
2016.08.28 22:14:56.516,1.2837,1.2842,1.00,1.00
2016.08.28 22:14:56.617,1.2837,1.28423,1.00,1.00
2016.08.28 22:14:56.668,1.2837,1.28423,1.00,1.00
2016.08.28 22:14:56.719,1.28367,1.2842,1.00,1.00
2016.08.28 22:14:56.771,1.28364,1.2842,1.50,1.00
2016.08.28 22:14:56.821,1.28377,1.28418,1.00,1.00
2016.08.28 22:14:56.923,1.28376,1.28416,1.00,1.00
2016.08.28 22:14:57.823,1.28371,1.2842,1.00,1.00
2016.08.28 22:14:57.925,1.28368,1.28418,1.00,1.00
2016.08.28 22:14:58.027,1.28375,1.28415,1.00,1.00
2016.08.28 22:14:58.377,1.28377,1.28411,1.00,1.00
2016.08.28 22:14:58.959,1.2838,1.28411,1.00,1.00
2016.08.28 22:14:59.765,1.28379,1.28411,1.00,1.00
2016.08.28 22:15:00.296,1.2838,1.28412,1.00,1.00
2016.08.28 22:15:00.601,1.28384,1.28412,1.00,1.00
2016.08.28 22:15:00.969,1.28372,1.28412,1.00,1.00
2016.08.28 22:15:01.071,1.2837,1.28417,1.00,1.00
2016.08.28 22:15:01.123,1.28379,1.28411,1.00,1.00
2016.08.28 22:15:01.471,1.28379,1.28408,1.00,1.00
2016.08.28 22:15:01.949,1.28376,1.28407,1.00,1.00
2016.08.28 22:15:02.051,1.28377,1.28415,1.00,1.00
2016.08.28 22:15:02.160,1.28376,1.28408,1.00,1.00
2016.08.28 22:15:03.025,1.28375,1.28406,1.00,1.00
2016.08.28 22:15:03.361,1.28375,1.28404,1.00,1.00
2016.08.28 22:15:04.442,1.28363,1.28406,1.50,1.00
2016.08.28 22:15:04.558,1.28359,1.28394,1.12,1.00
2016.08.28 22:15:04.610,1.28356,1.28394,1.00,1.00
2016.08.28 22:15:04.661,1.28355,1.28392,3.00,1.00
2016.08.28 22:15:04.875,1.28355,1.28392,1.00,1.00
2016.08.28 22:15:05.446,1.28355,1.28387,1.00,1.00
2016.08.28 22:15:05.497,1.28355,1.28387,1.50,1.00
2016.08.28 22:15:05.549,1.28355,1.28388,1.00,1.00
2016.08.28 22:15:05.657,1.28355,1.28387,1.50,1.00
2016.08.28 22:15:05.759,1.28355,1.28386,1.00,1.00
2016.08.28 22:15:05.912,1.28353,1.28386,1.00,1.00
2016.08.28 22:15:06.065,1.28352,1.284,1.00,1.00
2016.08.28 22:15:06.167,1.28361,1.28394,1.00,1.00
2016.08.28 22:15:06.377,1.28361,1.28397,1.00,1.00
2016.08.28 22:15:06.482,1.28358,1.28392,1.00,1.00
2016.08.28 22:15:07.077,1.28355,1.284,1.00,1.00
2016.08.28 22:15:07.247,1.28356,1.2839,1.00,1.00
2016.08.28 22:15:07.508,1.28355,1.28391,1.50,1.00
2016.08.28 22:15:07.809,1.28355,1.28391,1.00,1.00
2016.08.28 22:15:07.910,1.28355,1.28391,1.50,1.00
2016.08.28 22:15:08.681,1.28355,1.28391,1.00,1.00
2016.08.28 22:15:09.825,1.28354,1.28397,1.00,1.00
2016.08.28 22:15:09.915,1.28352,1.28397,1.00,1.00
2016.08.28 22:15:09.966,1.28352,1.28388,1.00,1.00
2016.08.28 22:15:10.072,1.28352,1.28395,1.00,1.00
2016.08.28 22:15:10.251,1.28352,1.28388,1.00,1.00
2016.08.28 22:15:10.353,1.28352,1.28397,1.00,1.00
2016.08.28 22:15:10.404,1.28352,1.28397,1.00,1.00
2016.08.28 22:15:10.795,1.28352,1.2839,1.00,1.00
2016.08.28 22:15:10.878,1.28352,1.28396,1.00,1.00
2016.08.28 22:15:10.982,1.28351,1.28389,1.00,1.00
2016.08.28 22:15:11.570,1.28352,1.28396,1.00,1.00
2016.08.28 22:15:11.860,1.28352,1.28394,1.00,1.00
2016.08.28 22:15:12.302,1.28354,1.28385,1.00,1.00
2016.08.28 22:15:12.574,1.28352,1.28398,1.00,1.00
2016.08.28 22:15:12.678,1.28352,1.2839,1.00,1.00
2016.08.28 22:15:12.954,1.28351,1.28399,1.00,1.00
2016.08.28 22:15:13.005,1.28351,1.28399,1.00,1.00
2016.08.28 22:15:13.310,1.28351,1.2839,1.00,1.00
2016.08.28 22:15:13.663,1.28349,1.28398,1.00,1.00
2016.08.28 22:15:13.765,1.28351,1.2839,1.00,1.00
2016.08.28 22:15:14.228,1.28351,1.2839,1.00,1.00
2016.08.28 22:15:14.388,1.28349,1.28399,1.00,1.00
2016.08.28 22:15:14.604,1.2835,1.28392,1.00,1.00
2016.08.28 22:15:15.089,1.28349,1.284,1.00,1.00
2016.08.28 22:15:15.306,1.28348,1.28388,1.00,1.00
2016.08.28 22:15:15.710,1.2835,1.2839,1.00,1.00
2016.08.28 22:15:15.812,1.28347,1.2839,1.00,1.00
2016.08.28 22:15:15.863,1.2835,1.2839,1.00,1.00
2016.08.28 22:15:16.277,1.28352,1.2839,1.00,1.00
2016.08.28 22:15:18.994,1.28356,1.28392,1.00,1.00
2016.08.28 22:15:19.198,1.28347,1.284,1.00,1.00
2016.08.28 22:15:19.300,1.28349,1.28397,1.00,1.00
2016.08.28 22:15:19.628,1.28352,1.28393,1.00,1.00
2016.08.28 22:15:21.003,1.28353,1.28396,1.00,1.00
2016.08.28 22:15:21.105,1.28353,1.28398,1.00,1.00
2016.08.28 22:15:21.207,1.28352,1.28401,1.00,1.00
2016.08.28 22:15:21.517,1.28356,1.284,1.00,1.00
2016.08.28 22:15:21.847,1.28359,1.28399,1.00,1.00
2016.08.28 22:15:22.185,1.28346,1.28408,1.00,2.06
2016.08.28 22:15:22.236,1.28345,1.28409,1.50,2.06
2016.08.28 22:15:22.287,1.28345,1.28409,1.50,1.50
2016.08.28 22:15:22.601,1.2835,1.28399,1.00,1.00
2016.08.28 22:15:23.175,1.28353,1.28401,1.00,1.00
2016.08.28 22:15:23.506,1.28358,1.28392,1.00,1.00
2016.08.28 22:15:23.814,1.28356,1.28395,1.00,1.00
2016.08.28 22:15:23.915,1.28358,1.28392,1.00,1.00
2016.08.28 22:15:26.706,1.28358,1.28393,1.00,1.00
2016.08.28 22:15:26.910,1.28356,1.28393,1.00,1.00
2016.08.28 22:15:27.011,1.28358,1.28393,1.00,1.00
2016.08.28 22:15:27.113,1.28355,1.28404,1.00,1.50
2016.08.28 22:15:27.164,1.28355,1.28407,1.00,1.00
2016.08.28 22:15:27.215,1.28358,1.284,1.00,1.00
2016.08.28 22:15:27.726,1.28358,1.28393,1.00,1.00
2016.08.28 22:15:30.092,1.28355,1.28393,1.00,1.00
2016.08.28 22:15:30.397,1.28356,1.28389,1.00,1.00
2016.08.28 22:15:30.716,1.28357,1.28391,1.00,1.00
2016.08.28 22:15:30.818,1.28361,1.28396,1.00,1.00
2016.08.28 22:15:30.919,1.28363,1.28399,1.00,1.00
2016.08.28 22:15:31.057,1.28365,1.28401,1.00,1.00
2016.08.28 22:15:32.423,1.28365,1.28402,1.00,1.00
2016.08.28 22:15:32.951,1.28364,1.28402,1.00,1.00
2016.08.28 22:15:33.801,1.28367,1.28401,1.00,1.00
2016.08.28 22:15:34.816,1.28365,1.28401,1.00,1.00
2016.08.28 22:15:34.927,1.28363,1.284,1.00,1.00
2016.08.28 22:15:35.334,1.28365,1.28401,1.00,1.00
2016.08.28 22:15:35.926,1.28366,1.28401,1.00,1.00
2016.08.28 22:15:36.628,1.28364,1.28403,1.00,1.00
2016.08.28 22:15:36.730,1.28365,1.28396,1.00,1.00
2016.08.28 22:15:37.035,1.2836,1.2839,1.00,1.00
2016.08.28 22:15:38.621,1.28359,1.28395,1.00,1.00
2016.08.28 22:15:38.824,1.28352,1.28389,1.00,1.00
2016.08.28 22:15:38.926,1.28354,1.28395,1.00,1.00
2016.08.28 22:15:39.129,1.28357,1.28388,1.00,1.00
2016.08.28 22:15:39.333,1.28357,1.28395,1.00,1.00
2016.08.28 22:15:39.435,1.28357,1.28388,1.00,1.00
2016.08.28 22:15:42.327,1.28355,1.28395,1.00,1.00
2016.08.28 22:15:42.632,1.28357,1.28388,1.00,1.00
2016.08.28 22:15:42.960,1.28357,1.28397,1.00,1.00
2016.08.28 22:15:43.061,1.28358,1.28387,1.00,1.00
2016.08.28 22:15:43.163,1.28357,1.28396,1.00,1.00
2016.08.28 22:15:43.265,1.28357,1.28388,1.00,1.00
2016.08.28 22:15:43.957,1.28357,1.28395,1.00,1.00
2016.08.28 22:15:44.161,1.28358,1.28387,1.00,1.00
2016.08.28 22:15:44.262,1.28357,1.28395,1.00,1.00
2016.08.28 22:15:44.466,1.28358,1.28389,1.00,1.00
2016.08.28 22:15:44.567,1.28358,1.28397,1.00,1.00
2016.08.28 22:15:44.876,1.2836,1.28389,1.00,1.00
2016.08.28 22:15:45.131,1.2836,1.28393,1.00,1.00
2016.08.28 22:15:45.233,1.28349,1.284,1.00,1.00
2016.08.28 22:15:45.335,1.28362,1.28398,1.00,1.00
2016.08.28 22:15:45.437,1.28363,1.28401,1.00,1.00
2016.08.28 22:15:45.947,1.28364,1.28402,1.00,1.00
2016.08.28 22:15:46.583,1.28364,1.28399,1.00,1.00
2016.08.28 22:15:46.635,1.28363,1.28401,1.00,1.00
2016.08.28 22:15:47.663,1.28366,1.28399,1.00,1.00
2016.08.28 22:15:49.890,1.28368,1.28403,1.00,1.00
2016.08.28 22:15:56.680,1.28367,1.28404,1.00,1.00
2016.08.28 22:15:56.782,1.28376,1.28403,1.00,1.00
2016.08.28 22:15:56.883,1.2838,1.28411,1.00,1.00
2016.08.28 22:15:56.985,1.2838,1.28414,1.00,1.00
2016.08.28 22:15:57.189,1.28379,1.28419,1.00,1.00
2016.08.28 22:15:57.698,1.28377,1.2842,1.00,1.00
2016.08.28 22:15:57.800,1.2838,1.28419,1.00,1.00
2016.08.28 22:16:00.667,1.28381,1.28423,1.00,1.00
2016.08.28 22:16:00.770,1.28387,1.28424,1.00,1.00
2016.08.28 22:16:02.007,1.28385,1.28419,1.00,1.00
2016.08.28 22:16:02.210,1.28386,1.28423,1.00,1.00
2016.08.28 22:16:02.464,1.28386,1.28419,1.00,1.00
2016.08.28 22:16:02.781,1.28386,1.28423,1.00,1.00
2016.08.28 22:16:03.809,1.28385,1.28419,1.00,1.00
2016.08.28 22:16:03.911,1.28386,1.28423,1.00,1.00
2016.08.28 22:16:04.066,1.2839,1.28423,1.00,1.00
2016.08.28 22:16:04.168,1.2839,1.28423,1.00,1.00
2016.08.28 22:16:04.270,1.28391,1.28427,1.00,1.00
2016.08.28 22:16:04.372,1.28391,1.28422,1.00,1.00
2016.08.28 22:16:04.678,1.2839,1.28423,1.00,1.00
2016.08.28 22:16:05.182,1.28391,1.2842,1.00,1.00
2016.08.28 22:16:05.284,1.28391,1.28422,1.00,1.00
2016.08.28 22:16:05.386,1.28389,1.2842,1.00,1.00
2016.08.28 22:16:05.590,1.28381,1.28431,1.00,1.00
2016.08.28 22:16:05.692,1.28381,1.28431,1.00,1.00
2016.08.28 22:16:05.794,1.28381,1.28431,1.00,1.00
2016.08.28 22:16:05.896,1.28381,1.28431,1.00,1.00
2016.08.28 22:16:05.998,1.28381,1.28431,1.00,1.00
2016.08.28 22:16:06.873,1.28386,1.28419,1.00,1.00
2016.08.28 22:16:07.193,1.28387,1.28423,1.00,1.00
2016.08.28 22:16:07.295,1.28387,1.28418,1.00,1.00
2016.08.28 22:16:07.499,1.28386,1.28425,1.00,1.00
2016.08.28 22:16:07.601,1.28386,1.28417,1.00,1.00
2016.08.28 22:16:07.715,1.28386,1.28419,1.00,1.00
2016.08.28 22:16:07.921,1.28388,1.28416,1.00,1.00
2016.08.28 22:16:07.972,1.28385,1.28422,1.00,1.00
2016.08.28 22:16:08.279,1.28387,1.28422,1.00,1.00
2016.08.28 22:16:08.803,1.28386,1.28423,1.00,1.00
2016.08.28 22:16:11.322,1.28385,1.2842,1.00,1.00
2016.08.28 22:16:12.178,1.28386,1.2842,1.00,1.00
2016.08.28 22:16:12.482,1.28378,1.28411,1.00,1.00
2016.08.28 22:16:15.531,1.2838,1.28414,1.00,1.00
2016.08.28 22:16:16.033,1.28381,1.28413,1.00,1.00
2016.08.28 22:16:16.441,1.28377,1.28412,1.00,1.00
2016.08.28 22:16:17.209,1.28382,1.28414,1.00,1.00
2016.08.28 22:16:17.515,1.28382,1.28414,1.00,1.00
2016.08.28 22:16:17.888,1.28384,1.28414,1.00,1.00
2016.08.28 22:16:21.138,1.28382,1.28414,1.00,1.00
2016.08.28 22:16:22.192,1.2838,1.28412,1.00,1.00
2016.08.28 22:16:22.345,1.2838,1.28412,1.00,1.00
2016.08.28 22:16:22.447,1.2838,1.28412,1.00,1.00
2016.08.28 22:16:22.497,1.28379,1.28414,1.00,1.00
2016.08.28 22:16:22.599,1.28378,1.28412,1.00,1.00
2016.08.28 22:16:23.708,1.28381,1.28411,1.00,1.00
2016.08.28 22:16:32.850,1.2838,1.28411,1.00,1.00
2016.08.28 22:16:34.901,1.28382,1.28414,1.00,1.00
2016.08.28 22:16:38.638,1.2838,1.28413,1.00,1.00
2016.08.28 22:16:41.665,1.28379,1.28412,1.00,1.00
2016.08.28 22:16:57.648,1.28378,1.28411,1.00,1.00
2016.08.28 22:16:57.755,1.28375,1.28411,1.00,1.00
2016.08.28 22:16:59.591,1.28372,1.28408,1.00,1.00
2016.08.28 22:16:59.896,1.28373,1.28404,1.00,1.00
2016.08.28 22:17:03.585,1.28377,1.28412,1.00,1.00
2016.08.28 22:17:03.687,1.28379,1.28414,1.00,1.00
2016.08.28 22:17:04.032,1.28387,1.2842,1.00,1.00
2016.08.28 22:17:04.084,1.28394,1.28432,1.00,1.00
2016.08.28 22:17:04.288,1.28392,1.28433,1.00,1.00
2016.08.28 22:17:04.389,1.28387,1.28434,1.00,1.00
2016.08.28 22:17:04.593,1.28387,1.28434,1.00,1.00
2016.08.28 22:17:04.797,1.28388,1.28434,1.00,1.00
2016.08.28 22:17:05.272,1.28394,1.28433,1.00,1.00
2016.08.28 22:17:05.907,1.28397,1.28433,1.00,1.00
2016.08.28 22:17:06.111,1.28391,1.2843,1.00,1.00
2016.08.28 22:17:06.212,1.28394,1.28433,1.00,1.00
2016.08.28 22:17:06.832,1.28394,1.28442,1.00,1.00
2016.08.28 22:17:07.491,1.28385,1.28445,1.00,1.00
2016.08.28 22:17:07.593,1.28398,1.28434,1.00,1.00
2016.08.28 22:17:07.694,1.28397,1.28443,1.00,1.00
2016.08.28 22:17:07.898,1.28393,1.28445,1.00,1.00
2016.08.28 22:17:08.000,1.28394,1.28434,1.00,1.00
2016.08.28 22:17:09.396,1.28388,1.28433,1.00,1.00
2016.08.28 22:17:09.498,1.28386,1.28439,1.50,1.00
2016.08.28 22:17:09.599,1.28395,1.28439,1.00,1.00
2016.08.28 22:17:09.701,1.28395,1.28445,1.00,1.00
2016.08.28 22:17:09.803,1.28387,1.28439,1.00,1.00
2016.08.28 22:17:09.932,1.28387,1.2844,1.00,1.00
2016.08.28 22:17:10.034,1.28387,1.28435,1.00,1.00
2016.08.28 22:17:10.085,1.28387,1.28439,1.00,1.00
2016.08.28 22:17:10.136,1.28387,1.28439,1.00,1.00
2016.08.28 22:17:10.237,1.28387,1.2844,1.00,1.00
2016.08.28 22:17:10.390,1.28388,1.28435,1.00,1.00
2016.08.28 22:17:10.441,1.28388,1.28435,1.00,1.00
2016.08.28 22:17:10.492,1.28386,1.2844,1.00,1.00
2016.08.28 22:17:10.594,1.28386,1.28444,1.00,1.00
2016.08.28 22:17:10.699,1.28386,1.28434,1.00,1.00
2016.08.28 22:17:10.801,1.28386,1.28444,1.00,1.00
2016.08.28 22:17:11.093,1.28386,1.28444,1.00,1.00
2016.08.28 22:17:11.984,1.28386,1.28442,1.00,1.00
2016.08.28 22:17:13.414,1.28396,1.28436,1.00,1.00
2016.08.28 22:17:14.117,1.28391,1.28437,1.00,1.00
2016.08.28 22:17:15.416,1.28396,1.28438,1.00,1.00
2016.08.28 22:17:15.838,1.28398,1.28437,1.00,1.00
2016.08.28 22:17:17.005,1.28395,1.28439,1.00,1.00
2016.08.28 22:17:18.445,1.28393,1.28436,1.00,1.00
2016.08.28 22:17:18.756,1.28395,1.28436,1.00,1.00
2016.08.28 22:17:19.072,1.28396,1.28434,1.00,1.00
2016.08.28 22:17:19.123,1.28397,1.28437,1.00,1.00
2016.08.28 22:17:20.317,1.28401,1.28438,1.00,1.00
2016.08.28 22:17:20.674,1.28406,1.28436,1.00,1.00
2016.08.28 22:17:23.025,1.28397,1.28433,1.00,1.00
2016.08.28 22:17:23.127,1.284,1.28428,1.00,1.00
2016.08.28 22:17:23.228,1.28395,1.28426,1.00,1.00
2016.08.28 22:17:23.776,1.28395,1.28427,1.00,1.00
2016.08.28 22:17:23.968,1.28396,1.28433,1.00,1.00
2016.08.28 22:17:24.070,1.28397,1.28435,1.00,1.00
2016.08.28 22:17:25.148,1.28401,1.28438,1.00,1.00
2016.08.28 22:17:25.481,1.28402,1.28435,1.00,1.00
2016.08.28 22:17:25.634,1.28408,1.28442,1.00,1.00
2016.08.28 22:17:25.837,1.28413,1.28442,1.00,1.00
2016.08.28 22:17:26.622,1.28409,1.2844,1.00,1.00
2016.08.28 22:17:26.724,1.28407,1.28441,1.00,1.00
2016.08.28 22:17:26.825,1.28407,1.28434,1.00,1.00
2016.08.28 22:17:27.137,1.28407,1.28434,1.00,1.00
2016.08.28 22:17:27.239,1.28403,1.28438,1.00,1.00
2016.08.28 22:17:27.341,1.28403,1.28432,1.00,1.00
2016.08.28 22:17:27.836,1.28404,1.28435,1.00,1.00
2016.08.28 22:17:27.937,1.28402,1.28434,1.00,1.00
2016.08.28 22:17:28.869,1.28405,1.28435,1.00,1.00
2016.08.28 22:17:28.971,1.28406,1.28437,1.00,1.00
2016.08.28 22:17:29.506,1.28405,1.28438,1.00,1.00
2016.08.28 22:17:29.557,1.28403,1.28434,1.00,1.00
2016.08.28 22:17:29.709,1.28403,1.28432,1.00,1.31
2016.08.28 22:17:29.796,1.28403,1.28432,1.00,1.00
2016.08.28 22:17:30.441,1.28402,1.28436,1.00,1.00
2016.08.28 22:17:30.763,1.28403,1.28434,1.00,1.00
2016.08.28 22:17:31.377,1.28403,1.28432,1.00,1.00
2016.08.28 22:17:32.874,1.28403,1.28434,1.00,1.00
2016.08.28 22:17:33.078,1.28398,1.28436,1.00,1.31
2016.08.28 22:17:33.180,1.28402,1.28435,1.00,1.00
2016.08.28 22:17:33.386,1.28403,1.28432,1.00,1.00
2016.08.28 22:17:34.069,1.28402,1.28432,1.00,1.00
2016.08.28 22:17:34.274,1.28403,1.28443,1.00,1.00
2016.08.28 22:17:34.376,1.28403,1.28441,1.00,1.00
2016.08.28 22:17:34.724,1.28405,1.28442,1.00,1.00
2016.08.28 22:17:35.325,1.28404,1.28441,1.00,1.00
2016.08.28 22:17:35.701,1.28404,1.28441,1.00,1.00
2016.08.28 22:17:35.803,1.28404,1.28441,1.00,1.00
2016.08.28 22:17:36.107,1.28409,1.28442,1.00,1.00
2016.08.28 22:17:36.640,1.28409,1.28444,1.00,1.00
2016.08.28 22:17:36.742,1.28408,1.28442,1.00,1.00
2016.08.28 22:17:36.843,1.28404,1.28442,1.00,1.00
2016.08.28 22:17:37.371,1.28402,1.28438,1.00,1.00
2016.08.28 22:17:37.575,1.28403,1.28441,1.00,1.00
2016.08.28 22:17:38.543,1.28404,1.28441,1.00,1.00
2016.08.28 22:17:44.278,1.28402,1.28441,1.00,1.00
2016.08.28 22:17:54.039,1.28402,1.28441,1.00,1.00
2016.08.28 22:17:56.543,1.28402,1.28441,1.00,1.00
2016.08.28 22:17:56.594,1.28404,1.28441,1.00,1.00
2016.08.28 22:17:56.899,1.28405,1.28439,1.00,1.00
2016.08.28 22:17:56.950,1.28405,1.28439,1.00,1.00
2016.08.28 22:17:57.051,1.28405,1.28439,1.00,1.00
2016.08.28 22:17:57.302,1.28403,1.28433,1.00,1.00
2016.08.28 22:17:57.353,1.28403,1.28433,1.00,1.00
2016.08.28 22:17:57.607,1.28403,1.28435,1.00,1.00
2016.08.28 22:17:57.811,1.28402,1.28433,1.00,1.00
2016.08.28 22:17:57.913,1.28402,1.28435,1.00,1.00
2016.08.28 22:17:58.495,1.28404,1.28432,1.00,1.00
2016.08.28 22:17:58.908,1.28403,1.28441,1.00,1.00
2016.08.28 22:17:58.959,1.28403,1.28441,1.00,1.00
2016.08.28 22:17:59.014,1.284,1.28444,1.00,1.00
2016.08.28 22:17:59.066,1.284,1.28444,1.00,1.00
2016.08.28 22:17:59.118,1.28404,1.28433,1.00,1.00
2016.08.28 22:17:59.219,1.28403,1.28439,1.00,1.00
2016.08.28 22:17:59.788,1.28405,1.28434,1.00,1.00
2016.08.28 22:17:59.887,1.28405,1.28439,1.00,1.00
2016.08.28 22:17:59.988,1.28405,1.28434,1.00,1.00
2016.08.28 22:18:00.191,1.28404,1.2844,1.00,1.00
2016.08.28 22:18:00.395,1.28405,1.28445,1.00,1.00
2016.08.28 22:18:00.499,1.28406,1.28441,1.00,1.00
2016.08.28 22:18:00.551,1.28406,1.28441,1.00,1.00
2016.08.28 22:18:00.602,1.28406,1.28445,1.00,1.00
2016.08.28 22:18:00.654,1.28406,1.28445,1.00,1.00
2016.08.28 22:18:00.756,1.28406,1.28445,1.00,1.00
2016.08.28 22:18:01.010,1.28404,1.28438,1.00,1.00
2016.08.28 22:18:01.061,1.28404,1.28438,1.00,1.00
2016.08.28 22:18:01.183,1.28404,1.28444,1.00,1.00
2016.08.28 22:18:01.622,1.28403,1.28446,1.00,1.00
2016.08.28 22:18:06.311,1.28406,1.28445,1.00,1.00
2016.08.28 22:18:06.815,1.28408,1.28445,1.00,1.00
2016.08.28 22:18:07.823,1.28406,1.28445,1.00,1.00
2016.08.28 22:18:10.316,1.28403,1.28446,1.00,1.00
2016.08.28 22:18:10.401,1.28404,1.28448,1.00,1.00
2016.08.28 22:18:10.503,1.28404,1.28445,1.00,1.00
2016.08.28 22:18:10.989,1.28404,1.28447,1.00,1.00
2016.08.28 22:18:11.192,1.28407,1.28446,1.00,1.00
2016.08.28 22:18:13.818,1.28404,1.28446,1.00,1.00
2016.08.28 22:18:14.181,1.28405,1.28446,1.00,1.00
2016.08.28 22:18:14.681,1.28405,1.28446,1.00,1.00
2016.08.28 22:18:14.784,1.28405,1.28446,1.00,1.00
2016.08.28 22:18:14.960,1.28405,1.28446,1.00,1.00
2016.08.28 22:18:15.011,1.28413,1.28444,1.00,1.00
2016.08.28 22:18:15.201,1.28412,1.28446,1.00,1.00
2016.08.28 22:18:15.711,1.28413,1.28443,1.00,1.00
2016.08.28 22:18:16.301,1.28402,1.28444,1.00,1.00
2016.08.28 22:18:16.352,1.28402,1.28444,1.00,1.00
2016.08.28 22:18:16.403,1.28412,1.28443,1.00,1.00
2016.08.28 22:18:16.607,1.28412,1.28448,1.00,1.00
2016.08.28 22:18:16.708,1.28414,1.28445,1.00,1.00
2016.08.28 22:18:22.615,1.2841,1.28443,1.00,1.00
2016.08.28 22:18:22.666,1.2841,1.28443,1.00,1.00
2016.08.28 22:18:45.712,1.2841,1.28443,1.00,1.00
2016.08.28 22:18:45.884,1.2841,1.28443,1.00,1.00
2016.08.28 22:18:48.704,1.2841,1.28443,1.00,1.00
2016.08.28 22:18:48.805,1.2841,1.28443,1.00,1.00
2016.08.28 22:18:53.353,1.28407,1.28439,1.00,1.00
2016.08.28 22:18:53.455,1.28407,1.28441,1.00,1.00
2016.08.28 22:18:53.759,1.28408,1.28438,1.00,1.00
2016.08.28 22:18:54.302,1.28409,1.28438,1.00,1.00
2016.08.28 22:18:54.553,1.28406,1.28437,1.00,1.00
2016.08.28 22:18:54.656,1.28408,1.28438,1.00,1.00
2016.08.28 22:18:55.178,1.28407,1.28437,1.00,1.00
2016.08.28 22:18:59.563,1.28406,1.28438,1.00,1.00
2016.08.28 22:19:07.595,1.28405,1.28442,1.00,1.00
2016.08.28 22:19:07.697,1.28403,1.28436,1.00,1.00
2016.08.28 22:19:08.061,1.28405,1.28436,1.00,1.00
2016.08.28 22:19:10.692,1.28407,1.28436,1.00,1.00
2016.08.28 22:19:12.202,1.28405,1.28436,1.00,1.00
2016.08.28 22:19:12.705,1.28406,1.28437,1.00,1.00
2016.08.28 22:19:16.646,1.28405,1.28436,1.00,1.00
2016.08.28 22:19:17.820,1.28411,1.28439,1.00,1.12
2016.08.28 22:19:17.871,1.28411,1.28439,1.00,1.00
2016.08.28 22:19:18.394,1.28411,1.28438,1.00,1.00
2016.08.28 22:19:19.415,1.28406,1.28438,1.00,1.00
2016.08.28 22:19:19.948,1.28405,1.28436,1.00,1.00
2016.08.28 22:19:23.720,1.28409,1.28442,1.00,1.00
2016.08.28 22:19:23.830,1.28408,1.28439,1.00,1.00
2016.08.28 22:19:28.619,1.28407,1.28442,1.00,1.00
2016.08.28 22:19:28.721,1.28407,1.2844,1.00,1.00
2016.08.28 22:19:29.037,1.28407,1.28442,1.00,1.00
2016.08.28 22:19:32.828,1.28407,1.2844,1.00,1.00
2016.08.28 22:19:33.121,1.28406,1.28443,1.00,1.00
2016.08.28 22:19:36.337,1.28403,1.28438,1.00,1.00
2016.08.28 22:19:36.659,1.28404,1.28434,1.00,1.00
2016.08.28 22:19:40.547,1.28403,1.28438,1.00,1.00
2016.08.28 22:19:40.650,1.28404,1.28433,1.00,1.00
2016.08.28 22:19:40.751,1.28403,1.28436,1.00,1.00
2016.08.28 22:19:41.346,1.28404,1.28435,1.00,1.00
2016.08.28 22:19:41.448,1.28402,1.28432,1.00,1.00
2016.08.28 22:19:41.818,1.28404,1.28434,1.00,1.00
2016.08.28 22:19:41.869,1.28399,1.28433,1.00,1.00
2016.08.28 22:19:41.971,1.28403,1.28433,1.00,1.00
2016.08.28 22:19:42.474,1.28404,1.28434,1.00,1.00
2016.08.28 22:19:45.366,1.28403,1.28434,1.00,1.00
2016.08.28 22:19:45.520,1.28402,1.28435,1.00,1.00
2016.08.28 22:19:45.571,1.28402,1.28438,1.00,1.00
2016.08.28 22:19:45.905,1.28402,1.28438,1.00,1.00
2016.08.28 22:19:46.007,1.28402,1.28438,2.25,1.00
2016.08.28 22:19:46.058,1.28405,1.28438,1.50,1.00
2016.08.28 22:19:46.173,1.28405,1.28433,2.25,1.00
2016.08.28 22:19:46.385,1.28405,1.28434,1.50,1.00
2016.08.28 22:19:46.436,1.28403,1.28434,1.00,1.00
2016.08.28 22:19:46.539,1.28403,1.28434,1.00,1.00
2016.08.28 22:19:46.641,1.28403,1.28434,1.00,1.00
2016.08.28 22:19:46.743,1.28402,1.28435,1.00,1.00
2016.08.28 22:19:46.845,1.28401,1.28432,1.00,1.00
2016.08.28 22:19:46.948,1.28401,1.28434,1.00,1.00
2016.08.28 22:19:47.439,1.28401,1.28434,1.00,1.50
2016.08.28 22:19:47.543,1.28401,1.28434,1.00,1.00
2016.08.28 22:19:47.853,1.28404,1.28435,1.00,1.00
2016.08.28 22:19:48.286,1.28401,1.28436,1.00,1.00
2016.08.28 22:19:48.549,1.28403,1.28436,1.00,1.00
2016.08.28 22:19:48.916,1.28402,1.28436,1.00,1.00
2016.08.28 22:19:49.120,1.28402,1.28436,1.00,1.00
2016.08.28 22:19:49.663,1.28404,1.28434,1.00,1.00
2016.08.28 22:19:49.765,1.28403,1.28436,1.00,1.00
2016.08.28 22:19:50.299,1.28403,1.28435,1.00,1.00
2016.08.28 22:19:53.802,1.28403,1.28435,1.00,1.12
2016.08.28 22:19:54.964,1.28402,1.28433,1.00,1.00
2016.08.28 22:19:55.067,1.28403,1.28436,1.00,1.37
2016.08.28 22:19:55.576,1.28402,1.28436,1.00,1.37
2016.08.28 22:19:59.898,1.28404,1.28434,1.00,1.00
2016.08.28 22:19:59.948,1.28404,1.28429,1.00,1.00
2016.08.28 22:20:00.152,1.28404,1.28433,1.00,1.00
2016.08.28 22:20:00.486,1.28404,1.28429,1.00,1.00
2016.08.28 22:20:00.588,1.28407,1.28434,1.00,1.00
2016.08.28 22:20:00.690,1.28405,1.28434,1.00,1.00
2016.08.28 22:20:00.792,1.28406,1.28438,1.00,1.37
2016.08.28 22:20:00.995,1.28406,1.28436,1.00,1.00
2016.08.28 22:20:01.511,1.28404,1.28435,1.00,1.00
2016.08.28 22:20:01.615,1.28404,1.28431,1.00,1.00
2016.08.28 22:20:01.717,1.28404,1.28437,1.00,1.00
2016.08.28 22:20:01.922,1.28403,1.2844,1.00,1.37
2016.08.28 22:20:02.126,1.28405,1.28435,1.00,1.00
2016.08.28 22:20:02.795,1.28403,1.28434,1.00,1.00
2016.08.28 22:20:02.897,1.28404,1.28436,1.00,1.00
2016.08.28 22:20:03.595,1.28401,1.28434,1.00,1.00
2016.08.28 22:20:03.691,1.28403,1.28433,1.00,1.00
2016.08.28 22:20:04.034,1.28405,1.28435,1.00,1.00
2016.08.28 22:20:14.356,1.28404,1.28436,1.00,1.00
2016.08.28 22:20:15.669,1.28402,1.2844,1.00,1.00
2016.08.28 22:20:15.771,1.28405,1.28435,1.00,1.00
2016.08.28 22:20:16.158,1.28402,1.28436,1.00,1.00
2016.08.28 22:20:16.259,1.28405,1.28435,1.00,1.00
2016.08.28 22:20:16.322,1.28403,1.28435,1.00,1.00
2016.08.28 22:20:16.562,1.28405,1.28435,1.00,1.00
2016.08.28 22:20:20.732,1.28402,1.28436,1.00,1.00
2016.08.28 22:20:22.775,1.28414,1.28437,1.00,1.00
2016.08.28 22:20:22.979,1.28412,1.28442,1.00,1.00
2016.08.28 22:20:23.135,1.28413,1.28438,1.00,1.00
2016.08.28 22:20:23.740,1.28412,1.28437,1.00,1.00
2016.08.28 22:20:24.285,1.28412,1.28436,1.00,1.00
2016.08.28 22:20:24.387,1.28412,1.28441,1.00,1.00
2016.08.28 22:20:24.540,1.28411,1.28437,1.00,1.00
2016.08.28 22:20:27.358,1.28416,1.2844,1.00,1.00
2016.08.28 22:20:27.460,1.28416,1.28442,1.00,1.00
2016.08.28 22:20:27.845,1.28414,1.28438,1.00,1.00
2016.08.28 22:20:27.947,1.28414,1.2844,1.00,1.00
2016.08.28 22:20:28.049,1.28414,1.28438,1.00,1.00
2016.08.28 22:20:28.150,1.28412,1.28438,1.00,1.00
2016.08.28 22:20:32.068,1.28412,1.28436,1.00,1.00
2016.08.28 22:20:32.577,1.28413,1.28437,1.00,1.00
2016.08.28 22:20:33.171,1.28414,1.28442,1.00,1.00
2016.08.28 22:20:33.476,1.28415,1.2844,1.00,1.00
2016.08.28 22:20:33.692,1.28413,1.2844,1.00,1.00
2016.08.28 22:20:34.287,1.28413,1.28439,1.00,1.00
2016.08.28 22:20:34.889,1.28412,1.28438,1.00,1.00
2016.08.28 22:20:35.476,1.28413,1.28438,1.00,1.00
2016.08.28 22:20:39.975,1.28409,1.28437,1.00,1.00
2016.08.28 22:20:40.133,1.28411,1.28437,1.00,1.00
2016.08.28 22:20:53.333,1.28411,1.28435,1.00,1.00
2016.08.28 22:20:53.435,1.28412,1.28437,1.00,1.00
2016.08.28 22:20:53.638,1.2841,1.28443,1.00,1.00
2016.08.28 22:20:54.614,1.28411,1.2844,1.00,1.00
2016.08.28 22:20:56.517,1.28412,1.28443,1.00,1.00
2016.08.28 22:20:56.619,1.28413,1.28439,1.00,1.00
2016.08.28 22:20:56.721,1.28411,1.28444,1.00,1.00
2016.08.28 22:20:57.292,1.28412,1.28443,1.00,1.00
2016.08.28 22:20:57.457,1.28411,1.2844,1.00,1.00
2016.08.28 22:20:59.152,1.28417,1.28445,1.00,1.00
2016.08.28 22:20:59.485,1.28416,1.28451,1.00,1.00
2016.08.28 22:20:59.537,1.28411,1.28445,1.00,1.00
2016.08.28 22:21:00.732,1.28411,1.28444,1.00,1.00
2016.08.28 22:21:01.353,1.28404,1.28444,1.00,1.00
2016.08.28 22:21:05.460,1.28404,1.28442,1.00,1.37
2016.08.28 22:21:12.086,1.284,1.28441,1.00,1.12
2016.08.28 22:21:12.182,1.28403,1.28443,1.00,1.37
2016.08.28 22:21:13.882,1.28399,1.28443,1.00,1.37
2016.08.28 22:21:13.994,1.28404,1.28441,1.00,1.12
2016.08.28 22:21:14.450,1.28399,1.28442,1.00,1.37
2016.08.28 22:21:14.501,1.28403,1.28442,1.00,1.37
2016.08.28 22:21:15.108,1.28403,1.28443,1.00,1.37
2016.08.28 22:21:16.574,1.28404,1.28441,1.00,1.37
2016.08.28 22:21:18.371,1.28405,1.2844,1.00,1.37
2016.08.28 22:21:18.778,1.28404,1.28444,1.00,1.37
2016.08.28 22:21:21.997,1.28403,1.28439,1.00,1.37
2016.08.28 22:21:25.520,1.28404,1.28442,1.00,1.37
2016.08.28 22:21:30.284,1.28403,1.2844,1.00,1.00
2016.08.28 22:21:30.387,1.28403,1.28439,1.00,1.00
2016.08.28 22:21:30.490,1.28403,1.2844,1.00,1.50
2016.08.28 22:21:30.592,1.28403,1.2844,1.00,1.00
2016.08.28 22:21:30.694,1.28401,1.28439,1.00,1.00
2016.08.28 22:21:30.803,1.28404,1.2844,1.00,1.00
2016.08.28 22:21:31.058,1.28404,1.2844,1.00,1.50
2016.08.28 22:21:31.707,1.28409,1.2844,1.00,1.00
2016.08.28 22:21:31.758,1.28409,1.28444,1.00,1.37
2016.08.28 22:21:31.809,1.28409,1.28444,1.00,1.37
2016.08.28 22:21:31.911,1.28411,1.28444,1.00,1.37
2016.08.28 22:21:31.962,1.28411,1.28447,1.00,1.37
2016.08.28 22:21:32.013,1.28411,1.28447,1.00,1.37
2016.08.28 22:21:32.522,1.28412,1.28448,1.00,1.37
2016.08.28 22:21:32.573,1.28412,1.28448,1.00,1.37
2016.08.28 22:21:32.957,1.28412,1.28448,1.00,1.37
2016.08.28 22:21:34.340,1.28414,1.2845,1.00,1.37
2016.08.28 22:21:35.604,1.28408,1.28444,1.00,1.37
2016.08.28 22:21:35.716,1.28408,1.28442,1.00,1.12
2016.08.28 22:21:35.818,1.28408,1.28442,1.00,1.37
2016.08.28 22:21:36.998,1.28407,1.28446,1.00,1.37
2016.08.28 22:21:40.016,1.28405,1.28444,1.00,1.37
2016.08.28 22:21:42.803,1.28405,1.28444,1.00,1.37
2016.08.28 22:21:44.748,1.28404,1.28441,1.00,1.00
2016.08.28 22:21:49.124,1.28403,1.28446,1.00,1.37
2016.08.28 22:21:49.702,1.28403,1.28444,1.00,1.37
2016.08.28 22:21:50.848,1.28403,1.28446,1.00,1.37
2016.08.28 22:21:51.185,1.28403,1.28445,1.00,1.37
2016.08.28 22:21:51.930,1.28406,1.28445,1.00,1.87
2016.08.28 22:21:54.810,1.28406,1.28445,1.00,1.37
2016.08.28 22:21:55.007,1.28406,1.28445,1.00,1.87
2016.08.28 22:22:03.889,1.28406,1.28444,1.00,1.37
2016.08.28 22:22:08.940,1.28406,1.28445,1.00,1.37
2016.08.28 22:22:08.991,1.28412,1.28448,1.00,1.47
2016.08.28 22:22:09.042,1.28412,1.28449,1.00,2.36
2016.08.28 22:22:09.093,1.28415,1.28449,1.00,1.86
2016.08.28 22:22:09.144,1.28415,1.28448,1.00,1.57
2016.08.28 22:22:09.195,1.28411,1.28448,1.00,1.57
2016.08.28 22:22:09.348,1.28411,1.28448,1.00,1.05
2016.08.28 22:22:09.399,1.28411,1.28448,1.00,1.05
2016.08.28 22:22:10.141,1.28411,1.28449,1.00,1.82
2016.08.28 22:22:10.380,1.28411,1.28449,1.00,1.37
2016.08.28 22:22:13.626,1.28411,1.28449,1.00,1.87
2016.08.28 22:22:15.004,1.28411,1.28449,1.00,1.37
2016.08.28 22:22:22.363,1.2841,1.28449,1.00,1.37
2016.08.28 22:22:22.466,1.28409,1.28446,1.00,1.37
2016.08.28 22:22:22.519,1.28409,1.28446,1.00,1.00
2016.08.28 22:22:22.570,1.28405,1.28444,1.00,1.00
2016.08.28 22:22:23.262,1.28403,1.28439,1.00,1.00
2016.08.28 22:22:23.570,1.28408,1.28438,1.00,1.00
2016.08.28 22:22:23.620,1.28408,1.28438,1.00,1.00
2016.08.28 22:22:23.672,1.28408,1.28438,1.00,1.00
2016.08.28 22:22:23.723,1.28408,1.28438,1.00,1.00
2016.08.28 22:22:23.774,1.28405,1.28437,1.00,1.00
2016.08.28 22:22:23.876,1.28405,1.28435,1.00,1.00
2016.08.28 22:22:24.996,1.28401,1.28437,1.00,1.00
2016.08.28 22:22:26.916,1.28405,1.28437,1.00,1.00
2016.08.28 22:22:27.501,1.28403,1.28438,1.00,1.00
2016.08.28 22:22:29.543,1.28403,1.28438,1.00,1.00
2016.08.28 22:22:29.594,1.28401,1.28435,1.00,1.00
2016.08.28 22:22:29.695,1.28401,1.28435,1.00,1.00
2016.08.28 22:22:29.797,1.28401,1.28435,1.00,1.00
2016.08.28 22:22:32.078,1.28406,1.28433,1.00,1.00
2016.08.28 22:22:33.218,1.28403,1.28431,1.00,1.00
2016.08.28 22:22:33.422,1.284,1.2843,1.00,1.00
2016.08.28 22:22:33.523,1.28395,1.28426,1.00,1.00
2016.08.28 22:22:33.626,1.28394,1.28422,1.00,1.00
2016.08.28 22:22:33.728,1.28394,1.28424,1.00,1.00
2016.08.28 22:22:33.982,1.28396,1.28426,1.00,1.00
2016.08.28 22:22:34.317,1.28394,1.28424,1.00,1.00
2016.08.28 22:22:37.804,1.28397,1.28424,1.00,1.00
2016.08.28 22:22:38.326,1.28402,1.28423,1.00,1.00
2016.08.28 22:22:38.428,1.28391,1.2844,1.00,1.12
2016.08.28 22:22:38.480,1.28391,1.28445,1.00,1.00
2016.08.28 22:22:38.531,1.28402,1.28434,1.00,1.00
2016.08.28 22:22:38.837,1.28404,1.28435,1.00,1.00
2016.08.28 22:22:39.338,1.28401,1.28435,1.00,1.00
2016.08.28 22:22:39.439,1.28399,1.28434,1.00,1.00
2016.08.28 22:22:39.542,1.28399,1.28438,1.00,1.00
2016.08.28 22:22:39.745,1.28402,1.28437,1.00,1.00
2016.08.28 22:22:41.350,1.28398,1.28441,1.00,1.00
2016.08.28 22:22:41.451,1.284,1.28438,1.00,1.00
2016.08.28 22:22:41.502,1.284,1.28438,1.00,1.00
2016.08.28 22:22:41.553,1.28404,1.28436,1.00,1.00
2016.08.28 22:22:42.061,1.28405,1.28436,1.00,1.00
2016.08.28 22:22:42.363,1.28407,1.28438,1.00,1.00
2016.08.28 22:22:42.706,1.28406,1.2844,1.00,1.00
2016.08.28 22:22:42.808,1.28403,1.28439,1.00,1.00
2016.08.28 22:22:42.910,1.28407,1.28439,1.00,1.00
2016.08.28 22:22:44.947,1.28412,1.28449,1.00,1.00
2016.08.28 22:22:45.049,1.28417,1.28446,1.00,1.00
2016.08.28 22:22:45.524,1.28416,1.28448,1.00,1.00
2016.08.28 22:22:51.076,1.28415,1.28447,1.00,1.00
2016.08.28 22:22:51.588,1.28414,1.28448,1.00,1.00
2016.08.28 22:22:51.639,1.28409,1.28442,1.00,1.00
2016.08.28 22:22:51.961,1.28401,1.28436,1.00,1.00
2016.08.28 22:22:54.999,1.28403,1.28438,1.00,1.00
2016.08.28 22:22:55.513,1.28402,1.28439,1.00,1.00
2016.08.28 22:22:56.774,1.28402,1.28443,1.00,1.00
2016.08.28 22:22:57.090,1.28402,1.28439,1.00,1.00
2016.08.28 22:22:57.399,1.284,1.28436,1.00,1.00
2016.08.28 22:22:57.749,1.28399,1.28433,1.00,1.00
2016.08.28 22:22:58.500,1.284,1.28434,1.00,1.00
2016.08.28 22:22:58.602,1.284,1.28436,1.00,1.00
2016.08.28 22:23:00.986,1.284,1.28434,1.00,1.00
2016.08.28 22:23:01.781,1.28402,1.28435,1.00,1.00
2016.08.28 22:23:05.006,1.28396,1.28428,1.00,1.00
2016.08.28 22:23:05.180,1.28393,1.2843,1.00,1.00
2016.08.28 22:23:08.031,1.28394,1.28433,1.00,1.00
2016.08.28 22:23:08.184,1.28395,1.2843,1.00,1.00
2016.08.28 22:23:08.285,1.28394,1.28433,1.00,1.00
2016.08.28 22:23:08.991,1.28395,1.2843,1.00,1.00
2016.08.28 22:23:09.123,1.28395,1.28433,1.00,1.00
2016.08.28 22:23:09.514,1.28393,1.28432,1.00,1.00
2016.08.28 22:23:14.347,1.28393,1.28432,1.00,1.00
2016.08.28 22:23:14.450,1.28393,1.28432,1.00,1.00
2016.08.28 22:23:14.552,1.28393,1.28432,1.00,1.00
2016.08.28 22:23:14.721,1.28405,1.2844,1.00,1.00
2016.08.28 22:23:14.772,1.28405,1.2844,1.50,1.00
2016.08.28 22:23:14.823,1.2841,1.28444,1.00,1.00
2016.08.28 22:23:15.049,1.2841,1.28444,1.00,1.00
2016.08.28 22:23:20.430,1.2841,1.28442,1.00,1.00
2016.08.28 22:23:31.034,1.28407,1.28441,1.00,1.00
2016.08.28 22:23:31.136,1.2841,1.28442,1.00,1.00
2016.08.28 22:23:41.664,1.28407,1.28442,1.00,1.00
2016.08.28 22:23:41.765,1.28409,1.28443,1.00,1.00
2016.08.28 22:23:48.500,1.2841,1.28446,1.00,1.12
2016.08.28 22:23:48.602,1.28407,1.28445,1.00,1.00
2016.08.28 22:23:49.114,1.28407,1.28444,1.00,1.00
2016.08.28 22:23:49.583,1.28412,1.28447,1.00,1.12
2016.08.28 22:23:49.786,1.28408,1.28446,1.00,1.00
2016.08.28 22:23:51.972,1.28408,1.28443,1.00,1.00
2016.08.28 22:23:52.789,1.2841,1.28444,1.00,1.00
2016.08.28 22:23:56.677,1.2841,1.28444,1.50,1.00
2016.08.28 22:23:56.729,1.28422,1.28444,1.00,1.00
2016.08.28 22:23:56.983,1.2841,1.28444,1.50,1.00
2016.08.28 22:23:57.034,1.2841,1.28444,1.00,1.00
2016.08.28 22:23:57.339,1.28421,1.28445,1.00,1.00
2016.08.28 22:23:57.632,1.28417,1.28445,1.00,1.00
2016.08.28 22:24:03.722,1.28416,1.28445,1.00,1.00
2016.08.28 22:24:03.824,1.28413,1.28444,1.00,1.00
2016.08.28 22:24:03.926,1.28414,1.28442,1.00,1.00
2016.08.28 22:24:05.045,1.28413,1.28441,1.00,1.00
2016.08.28 22:24:05.146,1.28411,1.28441,1.00,1.00
2016.08.28 22:24:05.658,1.28411,1.2844,1.00,1.00
2016.08.28 22:24:07.309,1.28409,1.28441,1.00,1.00
2016.08.28 22:24:07.513,1.28409,1.28441,1.00,1.00
2016.08.28 22:24:07.819,1.28407,1.28438,1.00,1.00
2016.08.28 22:24:07.921,1.28405,1.28436,1.00,1.00
2016.08.28 22:24:08.350,1.28405,1.2843,1.00,1.00
2016.08.28 22:24:08.553,1.28404,1.28432,1.00,1.00
2016.08.28 22:24:09.133,1.28404,1.28433,1.00,1.00
2016.08.28 22:24:09.231,1.28401,1.28435,1.00,1.00
2016.08.28 22:24:09.332,1.2841,1.28436,1.00,1.00
2016.08.28 22:24:09.638,1.28412,1.28438,1.00,1.00
2016.08.28 22:24:09.741,1.28408,1.28439,1.00,1.00
2016.08.28 22:24:12.146,1.28398,1.28433,1.00,1.00
2016.08.28 22:24:12.288,1.28404,1.28433,1.00,1.00
2016.08.28 22:24:12.848,1.28404,1.28431,1.00,1.00
2016.08.28 22:24:13.162,1.28404,1.28434,1.00,1.00
2016.08.28 22:24:13.671,1.28404,1.28433,1.00,1.00
2016.08.28 22:24:13.856,1.28404,1.28453,1.00,1.00
2016.08.28 22:24:13.958,1.284,1.28454,1.00,1.00
2016.08.28 22:24:14.061,1.28414,1.28455,1.00,1.00
2016.08.28 22:24:14.266,1.28417,1.28458,1.00,1.00
2016.08.28 22:24:14.368,1.28417,1.28458,1.00,1.00
2016.08.28 22:24:14.470,1.28417,1.28458,1.00,1.00
2016.08.28 22:24:14.623,1.28417,1.28458,1.00,1.00
2016.08.28 22:24:14.812,1.28408,1.28455,1.00,1.00
2016.08.28 22:24:14.905,1.28408,1.28455,1.00,1.00
2016.08.28 22:24:15.524,1.28416,1.2845,1.00,1.00
2016.08.28 22:24:16.873,1.28431,1.28461,1.00,1.00
2016.08.28 22:24:17.077,1.28428,1.28474,1.00,1.00
2016.08.28 22:24:17.208,1.28442,1.28484,1.00,1.00
2016.08.28 22:24:17.361,1.28442,1.28484,1.00,1.00
2016.08.28 22:24:17.463,1.28442,1.28484,1.00,1.00
2016.08.28 22:24:18.368,1.28442,1.2847,1.00,1.00
2016.08.28 22:24:25.379,1.28443,1.28471,1.00,1.00
2016.08.28 22:24:25.593,1.2844,1.28472,1.00,1.00
2016.08.28 22:24:25.695,1.28442,1.28472,1.00,1.00
2016.08.28 22:24:26.090,1.2844,1.28472,1.00,1.00
2016.08.28 22:24:26.397,1.28442,1.28472,1.00,1.00
2016.08.28 22:24:26.993,1.2844,1.28472,1.00,1.00
2016.08.28 22:24:27.198,1.28442,1.28472,1.00,1.00
2016.08.28 22:24:27.583,1.2844,1.28472,1.00,1.00
2016.08.28 22:24:28.040,1.28442,1.28472,1.00,1.00
2016.08.28 22:24:28.548,1.28443,1.28471,1.00,1.00
2016.08.28 22:24:28.599,1.2844,1.28472,1.00,1.00
2016.08.28 22:24:28.701,1.28443,1.28471,1.00,1.00
2016.08.28 22:24:28.803,1.2844,1.28472,1.00,1.00
2016.08.28 22:24:28.854,1.28442,1.28472,1.00,1.00
2016.08.28 22:24:28.956,1.28429,1.28459,1.00,1.00
2016.08.28 22:24:29.058,1.28429,1.28451,1.00,1.00
2016.08.28 22:24:29.159,1.28429,1.28463,1.00,1.00
2016.08.28 22:24:29.229,1.28417,1.28463,1.00,1.00
2016.08.28 22:24:29.280,1.28417,1.28461,1.00,1.50
2016.08.28 22:24:29.483,1.28417,1.28461,1.00,1.50
2016.08.28 22:24:29.952,1.28417,1.2846,1.00,1.50
2016.08.28 22:24:30.057,1.28425,1.2846,1.00,1.50
2016.08.28 22:24:30.809,1.28425,1.28461,1.00,2.25
2016.08.28 22:24:35.472,1.28424,1.28459,1.00,1.00
2016.08.28 22:24:35.574,1.28423,1.28451,1.00,1.00
2016.08.28 22:24:35.787,1.28414,1.28443,1.00,1.00
2016.08.28 22:24:35.889,1.28411,1.28441,1.00,1.00
2016.08.28 22:24:35.993,1.28408,1.28441,1.00,1.00
2016.08.28 22:24:37.913,1.28404,1.28436,1.00,1.00
2016.08.28 22:24:38.770,1.28404,1.28435,1.00,1.00
2016.08.28 22:24:47.485,1.28406,1.28436,1.00,1.00
2016.08.28 22:24:47.587,1.28406,1.28438,1.00,1.00
2016.08.28 22:24:47.688,1.28409,1.28439,1.00,1.00
2016.08.28 22:24:47.790,1.28407,1.28439,1.00,1.00
2016.08.28 22:24:47.993,1.28405,1.28436,1.00,1.00
2016.08.28 22:24:48.085,1.28404,1.28438,1.00,1.00
2016.08.28 22:24:48.383,1.28404,1.28436,1.00,1.00
2016.08.28 22:24:49.187,1.28404,1.28438,1.00,1.00
2016.08.28 22:24:59.234,1.28404,1.28435,1.00,1.00
2016.08.28 22:25:08.842,1.28406,1.28435,1.00,1.00
2016.08.28 22:25:15.628,1.28406,1.28437,1.00,1.00
2016.08.28 22:25:18.430,1.28401,1.28432,1.00,1.00
2016.08.28 22:25:18.533,1.28397,1.2843,1.00,1.00
2016.08.28 22:25:18.635,1.2839,1.28425,1.00,1.00
2016.08.28 22:25:18.686,1.28389,1.28425,1.00,1.00
2016.08.28 22:25:19.076,1.28389,1.28425,1.00,1.00
2016.08.28 22:25:19.338,1.28387,1.2842,1.00,1.00
2016.08.28 22:25:22.776,1.28388,1.2842,1.00,1.00
2016.08.28 22:25:22.879,1.2839,1.28421,1.00,1.00
2016.08.28 22:25:23.184,1.28385,1.28416,1.00,1.00
2016.08.28 22:25:23.337,1.28383,1.28415,1.00,1.00
2016.08.28 22:25:23.439,1.28386,1.28417,1.00,1.00
2016.08.28 22:25:23.744,1.28383,1.28414,1.00,1.00
2016.08.28 22:25:24.049,1.28385,1.28414,1.00,1.00
2016.08.28 22:25:24.452,1.28385,1.28412,1.00,1.00
2016.08.28 22:25:24.554,1.2838,1.28412,1.00,1.00
2016.08.28 22:25:24.656,1.2838,1.28405,1.00,1.00
2016.08.28 22:25:24.861,1.28375,1.28407,1.00,1.00
2016.08.28 22:25:25.064,1.28373,1.2841,1.00,1.00
2016.08.28 22:25:25.166,1.28379,1.28408,1.00,1.00
2016.08.28 22:25:26.764,1.28379,1.28419,1.00,1.56
2016.08.28 22:25:26.815,1.28379,1.28427,1.00,2.81
2016.08.28 22:25:26.866,1.2838,1.28427,1.00,2.06
2016.08.28 22:25:26.917,1.2838,1.2843,1.50,1.56
2016.08.28 22:25:27.015,1.2838,1.2843,1.00,1.00
2016.08.28 22:25:27.321,1.28385,1.2843,1.00,1.00
2016.08.28 22:25:27.990,1.28396,1.28428,1.00,1.00
2016.08.28 22:25:31.956,1.28394,1.28427,1.00,1.00
2016.08.28 22:25:42.979,1.28395,1.28428,1.00,1.00
2016.08.28 22:25:43.119,1.28399,1.28432,1.00,1.00
2016.08.28 22:25:43.631,1.28399,1.28431,1.00,1.00
2016.08.28 22:25:51.287,1.28397,1.2843,1.00,1.00
2016.08.28 22:25:51.389,1.28395,1.2843,1.00,1.00
2016.08.28 22:25:51.693,1.28397,1.28431,1.00,1.00
2016.08.28 22:25:52.320,1.28389,1.28432,1.50,1.00
2016.08.28 22:25:52.423,1.28399,1.28432,1.00,1.00
2016.08.28 22:25:52.680,1.28399,1.28436,1.00,1.00
2016.08.28 22:25:54.709,1.28399,1.28433,1.00,1.00
2016.08.28 22:25:56.084,1.28398,1.28432,1.00,1.00
2016.08.28 22:25:56.601,1.28399,1.28431,1.00,1.00
2016.08.28 22:26:06.211,1.28396,1.28431,1.00,1.00
2016.08.28 22:26:06.422,1.28393,1.28427,1.00,1.00
2016.08.28 22:26:07.148,1.28396,1.28429,1.00,1.00
2016.08.28 22:26:07.713,1.28394,1.28428,1.00,1.00
2016.08.28 22:26:08.123,1.28385,1.28414,1.00,1.00
2016.08.28 22:26:08.224,1.28376,1.28422,1.00,1.00
2016.08.28 22:26:08.326,1.28386,1.28421,1.00,1.00
2016.08.28 22:26:10.207,1.28389,1.28423,1.00,1.00
2016.08.28 22:26:11.329,1.28388,1.2842,1.00,1.00
2016.08.28 22:26:12.268,1.28388,1.28423,1.00,1.00
2016.08.28 22:26:12.370,1.28388,1.28423,1.00,1.00
2016.08.28 22:26:13.226,1.28388,1.28423,1.00,1.00
2016.08.28 22:26:13.440,1.28387,1.28427,1.00,1.00
2016.08.28 22:26:13.542,1.28392,1.28428,1.00,1.00
2016.08.28 22:26:13.644,1.28392,1.28428,1.00,1.00
2016.08.28 22:26:13.746,1.28389,1.28427,1.00,1.00
2016.08.28 22:26:13.848,1.28389,1.28429,1.00,1.00
2016.08.28 22:26:13.949,1.28391,1.28427,1.00,1.00
2016.08.28 22:26:14.051,1.28389,1.28423,1.00,1.00
2016.08.28 22:26:14.346,1.2839,1.28426,1.00,1.00
2016.08.28 22:26:15.231,1.28389,1.28425,1.00,1.00
2016.08.28 22:26:15.537,1.28399,1.28427,1.00,1.00
2016.08.28 22:26:15.785,1.28399,1.28444,1.00,1.50
2016.08.28 22:26:15.836,1.28415,1.28441,1.00,1.00
2016.08.28 22:26:15.938,1.28409,1.28444,1.00,1.50
2016.08.28 22:26:16.855,1.28412,1.28442,1.00,1.00
2016.08.28 22:26:16.956,1.28412,1.28442,1.00,1.00
2016.08.28 22:26:18.752,1.28411,1.28445,1.00,1.00
2016.08.28 22:26:21.343,1.28412,1.28442,1.00,1.00
2016.08.28 22:26:22.764,1.28412,1.28444,1.00,1.00
2016.08.28 22:26:24.954,1.28411,1.28443,1.00,1.00
2016.08.28 22:26:26.365,1.28411,1.28445,1.00,1.00
2016.08.28 22:26:28.172,1.28409,1.28444,1.00,1.00
2016.08.28 22:26:28.274,1.28407,1.28444,1.00,1.00
2016.08.28 22:26:29.737,1.28404,1.28442,1.00,1.00
2016.08.28 22:26:31.242,1.28405,1.28445,1.00,1.00
2016.08.28 22:26:32.891,1.28403,1.2844,1.00,1.00
2016.08.28 22:26:33.196,1.28406,1.28443,1.00,1.00
2016.08.28 22:26:33.760,1.28406,1.28442,1.00,1.00
2016.08.28 22:26:36.252,1.28406,1.28445,1.00,1.00
2016.08.28 22:26:39.762,1.28404,1.28444,1.00,1.00
2016.08.28 22:26:40.067,1.28407,1.28444,1.00,1.00
2016.08.28 22:26:40.169,1.28401,1.28445,1.00,1.00
2016.08.28 22:26:40.373,1.28407,1.28446,1.00,1.00
2016.08.28 22:26:41.998,1.284,1.28445,1.00,1.00
2016.08.28 22:26:42.280,1.28407,1.28445,1.00,1.00
2016.08.28 22:26:43.291,1.284,1.28437,1.12,1.00
2016.08.28 22:26:43.393,1.28399,1.28438,1.37,1.00
2016.08.28 22:26:43.496,1.28402,1.28439,1.00,1.00
2016.08.28 22:26:43.598,1.28397,1.28435,1.00,1.00
2016.08.28 22:26:44.111,1.28396,1.28435,1.00,1.00
2016.08.28 22:26:52.234,1.28392,1.2843,1.00,1.00
2016.08.28 22:26:52.557,1.28394,1.28429,1.00,1.00
2016.08.28 22:26:53.426,1.28394,1.28436,1.00,1.00
2016.08.28 22:26:53.529,1.28395,1.28432,1.00,1.00
2016.08.28 22:26:53.631,1.28387,1.28434,1.12,1.00
2016.08.28 22:26:53.772,1.28387,1.28434,1.12,1.00
2016.08.28 22:26:54.235,1.28394,1.28433,1.00,1.00
2016.08.28 22:26:57.844,1.28396,1.28434,1.00,1.00
2016.08.28 22:26:59.312,1.28395,1.28432,1.00,1.00
2016.08.28 22:26:59.618,1.28397,1.28433,1.00,1.00
2016.08.28 22:27:08.338,1.28398,1.28434,1.00,1.00
2016.08.28 22:27:12.743,1.28396,1.28433,1.00,1.00
2016.08.28 22:27:15.946,1.28417,1.2844,1.00,1.00
2016.08.28 22:27:16.456,1.28417,1.28441,1.00,1.00
2016.08.28 22:27:16.968,1.28414,1.28441,1.00,1.00
2016.08.28 22:27:17.070,1.28411,1.28442,1.00,1.00
2016.08.28 22:27:30.479,1.28408,1.28443,1.00,1.00
2016.08.28 22:27:30.581,1.28406,1.28442,1.00,1.00
2016.08.28 22:27:31.375,1.28406,1.28437,1.00,1.00
2016.08.28 22:27:36.473,1.28406,1.2844,1.00,1.00
2016.08.28 22:27:37.109,1.28407,1.28441,1.00,1.00
2016.08.28 22:27:50.319,1.28403,1.28437,1.00,1.00
2016.08.28 22:27:50.831,1.28405,1.28438,1.00,1.00
2016.08.28 22:27:51.208,1.28396,1.28429,1.37,1.00
2016.08.28 22:27:51.259,1.28396,1.28429,1.00,1.00
2016.08.28 22:27:51.593,1.28398,1.2843,1.00,1.00
2016.08.28 22:27:51.900,1.28401,1.28431,1.00,1.00
2016.08.28 22:27:52.532,1.28398,1.28428,1.00,1.00
2016.08.28 22:27:52.634,1.28394,1.28426,1.00,1.00
2016.08.28 22:27:52.736,1.28391,1.28425,1.00,1.00
2016.08.28 22:27:52.838,1.28389,1.28424,1.00,1.00
2016.08.28 22:27:53.042,1.28387,1.28422,1.00,1.00
2016.08.28 22:27:53.348,1.28386,1.28419,1.00,1.00
2016.08.28 22:28:00.555,1.28384,1.28419,1.00,1.00
2016.08.28 22:28:00.759,1.28386,1.28418,1.00,1.00
2016.08.28 22:28:09.363,1.28383,1.28419,1.00,1.00
2016.08.28 22:28:09.465,1.28382,1.28415,1.00,1.00
2016.08.28 22:28:09.566,1.28371,1.28419,1.37,1.00
2016.08.28 22:28:09.665,1.28382,1.28414,1.00,1.00
2016.08.28 22:28:11.654,1.28374,1.28404,1.37,1.00
2016.08.28 22:28:11.908,1.28371,1.28401,1.00,1.00
2016.08.28 22:28:11.959,1.28369,1.28401,1.00,1.00
2016.08.28 22:28:12.926,1.28369,1.28401,1.00,1.00
2016.08.28 22:28:12.977,1.28383,1.28404,1.00,1.00
2016.08.28 22:28:13.079,1.28384,1.28407,1.00,1.00
2016.08.28 22:28:13.962,1.28382,1.28405,1.00,1.00
2016.08.28 22:28:14.130,1.28382,1.28405,1.50,1.00
2016.08.28 22:28:14.181,1.28392,1.2842,1.00,2.25
2016.08.28 22:28:14.232,1.28392,1.2842,1.00,1.00
2016.08.28 22:28:14.781,1.28393,1.2842,1.00,1.00
2016.08.28 22:28:15.200,1.28388,1.2842,1.00,1.00
2016.08.28 22:28:15.301,1.28393,1.28421,1.00,1.00
2016.08.28 22:28:15.505,1.2839,1.2842,1.00,1.00
2016.08.28 22:28:15.556,1.28393,1.2842,1.00,1.00
2016.08.28 22:28:16.062,1.28391,1.28418,1.00,1.00
2016.08.28 22:28:16.164,1.28383,1.28421,1.00,1.00
2016.08.28 22:28:16.265,1.28383,1.28425,1.00,1.00
2016.08.28 22:28:16.367,1.28392,1.28425,1.00,1.50
2016.08.28 22:28:16.854,1.28392,1.28425,1.00,1.00
2016.08.28 22:28:17.474,1.2839,1.28425,1.00,1.00
2016.08.28 22:28:18.803,1.28398,1.28429,1.00,1.00
2016.08.28 22:28:20.465,1.28395,1.28431,1.00,1.00
2016.08.28 22:28:26.418,1.28394,1.28429,1.00,1.00
2016.08.28 22:28:42.256,1.28402,1.2843,1.00,1.00
2016.08.28 22:28:42.307,1.28404,1.28433,1.00,1.00
2016.08.28 22:28:42.410,1.28402,1.28433,1.00,1.00
2016.08.28 22:28:42.614,1.28398,1.28432,1.00,1.00
2016.08.28 22:28:42.716,1.2839,1.28441,1.00,1.00
2016.08.28 22:28:42.768,1.2839,1.28441,1.00,1.00
2016.08.28 22:28:42.871,1.2839,1.28441,1.00,1.00
2016.08.28 22:28:42.923,1.2839,1.28439,1.00,1.00
2016.08.28 22:28:43.024,1.2839,1.28441,1.00,1.00
2016.08.28 22:28:43.127,1.2839,1.28439,1.00,1.00
2016.08.28 22:28:43.229,1.2839,1.28441,1.00,1.00
2016.08.28 22:28:43.331,1.2839,1.28439,1.00,1.00
2016.08.28 22:28:43.433,1.28398,1.28434,1.00,1.00
2016.08.28 22:28:44.135,1.28395,1.28432,1.00,1.00
2016.08.28 22:28:44.238,1.28389,1.28426,1.00,1.00
2016.08.28 22:28:44.390,1.2839,1.28427,1.00,1.00
2016.08.28 22:28:44.441,1.284,1.28436,1.00,1.00
2016.08.28 22:28:44.543,1.28401,1.28438,1.00,1.00
2016.08.28 22:28:44.637,1.28397,1.28434,1.00,1.00
2016.08.28 22:28:44.728,1.28395,1.28434,1.00,1.00
2016.08.28 22:28:47.964,1.28394,1.28433,1.00,1.00
2016.08.28 22:29:02.140,1.28382,1.28429,1.87,1.00
2016.08.28 22:29:02.241,1.28383,1.28416,1.12,1.00
2016.08.28 22:29:02.343,1.28383,1.28419,1.00,1.00
2016.08.28 22:29:02.445,1.2838,1.28423,1.00,1.00
2016.08.28 22:29:05.677,1.28378,1.28423,1.00,1.00
2016.08.28 22:29:05.729,1.28378,1.28423,1.00,1.00
2016.08.28 22:29:05.780,1.28372,1.28412,1.00,1.00
2016.08.28 22:29:05.882,1.28374,1.28414,1.00,1.00
2016.08.28 22:29:08.468,1.28374,1.28416,1.00,1.00
2016.08.28 22:29:08.743,1.28383,1.2842,1.00,1.00
2016.08.28 22:29:08.846,1.28387,1.28425,1.00,1.25
2016.08.28 22:29:09.000,1.28387,1.28425,1.00,1.00
2016.08.28 22:29:12.846,1.28386,1.28424,1.00,1.00
2016.08.28 22:29:14.692,1.28393,1.28422,1.00,1.00
2016.08.28 22:29:14.836,1.28389,1.28422,1.00,1.00
2016.08.28 22:29:15.346,1.28388,1.28422,1.00,1.00
2016.08.28 22:29:17.037,1.28388,1.28422,1.00,1.00
2016.08.28 22:29:17.089,1.28395,1.28429,1.00,1.00
2016.08.28 22:29:17.191,1.28397,1.28431,1.00,1.00
2016.08.28 22:29:17.498,1.28401,1.28437,1.00,1.00
2016.08.28 22:29:18.304,1.28402,1.2843,1.00,1.00
2016.08.28 22:29:18.558,1.28401,1.28432,1.00,1.00
2016.08.28 22:29:18.762,1.28402,1.2843,1.00,1.00
2016.08.28 22:29:18.864,1.28403,1.28432,1.00,1.00
2016.08.28 22:29:19.860,1.28403,1.28434,1.00,1.00
2016.08.28 22:29:20.270,1.28402,1.28437,1.00,1.00
2016.08.28 22:29:20.572,1.28402,1.28433,1.00,1.00
2016.08.28 22:29:20.674,1.2839,1.28429,1.00,1.00
2016.08.28 22:29:20.776,1.28389,1.28426,1.00,1.00
2016.08.28 22:29:21.109,1.28393,1.28429,1.00,1.00
2016.08.28 22:29:21.473,1.28401,1.28431,1.00,1.00
2016.08.28 22:29:22.178,1.284,1.28439,1.00,1.00
2016.08.28 22:29:22.280,1.28409,1.28438,1.00,1.00
2016.08.28 22:29:22.383,1.28409,1.28454,1.00,1.37
2016.08.28 22:29:22.489,1.28409,1.28459,1.00,1.37
2016.08.28 22:29:22.540,1.28409,1.28459,1.00,1.37
2016.08.28 22:29:22.642,1.28413,1.2846,1.00,1.00
2016.08.28 22:29:22.693,1.28415,1.28459,1.00,1.00
2016.08.28 22:29:22.897,1.28414,1.28461,1.00,1.00
2016.08.28 22:29:27.066,1.28425,1.28458,1.00,1.00
2016.08.28 22:29:28.973,1.28423,1.28452,1.00,1.00
2016.08.28 22:29:29.075,1.28415,1.28448,1.00,1.00
2016.08.28 22:29:29.177,1.28411,1.28452,1.00,1.00
2016.08.28 22:29:29.381,1.28408,1.28452,1.00,1.00
2016.08.28 22:29:31.189,1.28409,1.28446,1.00,1.00
2016.08.28 22:29:31.500,1.28409,1.28449,1.00,1.00
2016.08.28 22:29:32.023,1.2841,1.2845,1.00,1.00
2016.08.28 22:29:32.489,1.2841,1.28446,1.00,1.00
2016.08.28 22:29:32.702,1.2841,1.2845,1.00,1.00
2016.08.28 22:29:33.719,1.28408,1.28452,1.00,1.00
2016.08.28 22:29:33.821,1.2841,1.28451,1.00,1.00
2016.08.28 22:29:38.949,1.2841,1.28449,1.00,1.00
2016.08.28 22:29:39.000,1.28407,1.28449,1.00,1.00
2016.08.28 22:29:39.135,1.28408,1.28446,1.00,1.00
2016.08.28 22:29:39.598,1.28407,1.28444,1.00,1.00
2016.08.28 22:29:40.219,1.28407,1.28439,1.00,1.00
2016.08.28 22:29:40.321,1.28407,1.28444,1.00,1.00
2016.08.28 22:29:40.423,1.28406,1.2844,1.00,1.00
2016.08.28 22:29:40.739,1.28407,1.28443,1.00,1.00
2016.08.28 22:29:40.790,1.28407,1.2844,1.00,1.00
2016.08.28 22:29:41.114,1.28407,1.28444,1.00,1.00
2016.08.28 22:29:48.428,1.28408,1.28439,1.00,1.00
2016.08.28 22:29:48.742,1.28407,1.28444,1.00,1.00
2016.08.28 22:29:50.445,1.28406,1.28443,1.00,1.00
2016.08.28 22:29:56.248,1.28407,1.28439,1.00,1.00
2016.08.28 22:29:56.655,1.28406,1.28445,1.00,1.00
2016.08.28 22:30:00.224,1.28406,1.28447,1.00,1.12
2016.08.28 22:30:00.875,1.28406,1.28447,1.00,1.00
2016.08.28 22:30:00.927,1.28415,1.28448,1.00,1.12
2016.08.28 22:30:00.978,1.28415,1.28448,1.00,1.00
2016.08.28 22:30:01.053,1.28418,1.2845,1.00,1.00
2016.08.28 22:30:01.260,1.28417,1.2845,1.00,1.00
2016.08.28 22:30:01.365,1.28417,1.28451,1.00,1.00
2016.08.28 22:30:08.142,1.28418,1.28444,1.00,1.00
2016.08.28 22:30:08.480,1.28409,1.28438,1.00,1.00
2016.08.28 22:30:08.581,1.28406,1.28438,1.00,1.00
2016.08.28 22:30:08.886,1.28406,1.28436,1.00,1.00
2016.08.28 22:30:10.379,1.28413,1.28442,1.00,1.00
2016.08.28 22:30:10.481,1.28415,1.28446,1.00,1.00
2016.08.28 22:30:10.634,1.28415,1.2845,1.00,1.00
2016.08.28 22:30:10.685,1.28412,1.28448,1.00,1.00
2016.08.28 22:30:10.787,1.28414,1.28452,1.00,1.12
2016.08.28 22:30:10.991,1.28409,1.28459,1.00,1.37
2016.08.28 22:30:11.093,1.28409,1.28454,1.00,1.37
2016.08.28 22:30:11.405,1.28409,1.2846,1.00,1.87
2016.08.28 22:30:11.506,1.28409,1.2846,1.00,1.37
2016.08.28 22:30:11.578,1.28409,1.2846,1.00,1.00
2016.08.28 22:30:12.048,1.28417,1.2845,1.00,1.00
2016.08.28 22:30:20.376,1.28414,1.28449,1.00,1.00
2016.08.28 22:30:20.478,1.28412,1.28444,1.00,1.00
2016.08.28 22:30:20.601,1.28408,1.28443,1.00,1.00
2016.08.28 22:30:20.805,1.2841,1.28442,1.00,1.00
2016.08.28 22:30:21.572,1.2841,1.28445,1.00,1.00
2016.08.28 22:30:21.999,1.28413,1.28444,1.00,1.00
2016.08.28 22:30:26.652,1.28413,1.28444,1.00,1.00
2016.08.28 22:30:26.703,1.2841,1.28436,1.00,1.00
2016.08.28 22:30:26.805,1.28408,1.28437,1.00,1.00
2016.08.28 22:30:28.373,1.28405,1.28438,1.00,1.00
2016.08.28 22:30:28.424,1.28404,1.28435,1.00,1.00
2016.08.28 22:30:28.965,1.28403,1.28435,1.00,1.00
2016.08.28 22:30:31.999,1.28397,1.28435,1.00,1.00
2016.08.28 22:30:32.102,1.28401,1.28435,1.00,1.00
2016.08.28 22:30:32.416,1.28402,1.28437,1.00,1.00
2016.08.28 22:30:37.837,1.28403,1.28438,1.00,1.00
2016.08.28 22:30:44.817,1.284,1.28433,1.00,1.00
2016.08.28 22:30:45.321,1.28399,1.28432,1.00,1.00
2016.08.28 22:30:52.463,1.28388,1.28429,1.37,1.00
2016.08.28 22:30:52.514,1.28388,1.28429,1.37,1.00
2016.08.28 22:30:52.616,1.28392,1.28429,1.00,1.00
2016.08.28 22:30:52.736,1.28392,1.28429,1.12,1.00
2016.08.28 22:30:53.630,1.28392,1.28429,1.00,1.00
2016.08.28 22:31:03.968,1.2839,1.28424,1.12,1.00
2016.08.28 22:31:04.070,1.28386,1.28424,1.37,1.00
2016.08.28 22:31:04.577,1.28386,1.28419,1.00,1.00
2016.08.28 22:31:04.780,1.28384,1.2842,1.12,1.00
2016.08.28 22:31:04.832,1.28381,1.28411,1.37,1.00
2016.08.28 22:31:04.925,1.28381,1.28411,1.00,1.00
2016.08.28 22:31:05.081,1.28378,1.28412,1.12,1.00
2016.08.28 22:31:06.743,1.28378,1.28412,1.37,1.00
2016.08.28 22:31:07.048,1.28381,1.28411,1.00,1.00
2016.08.28 22:31:07.946,1.28382,1.28411,1.00,1.00
2016.08.28 22:31:08.530,1.28382,1.28412,1.00,1.00
2016.08.28 22:31:09.082,1.28383,1.28412,1.00,1.00
2016.08.28 22:31:14.473,1.28378,1.28411,1.00,1.00
2016.08.28 22:31:14.749,1.28383,1.28411,1.00,1.00
2016.08.28 22:31:15.088,1.2838,1.2841,1.00,1.00
2016.08.28 22:31:15.190,1.28382,1.28411,1.00,1.00
2016.08.28 22:31:15.700,1.28383,1.28412,1.00,1.00
2016.08.28 22:31:16.880,1.28383,1.28414,1.00,1.00
2016.08.28 22:31:21.666,1.28385,1.28414,1.00,1.00
2016.08.28 22:31:21.717,1.28385,1.28414,1.00,1.00
2016.08.28 22:31:21.768,1.28386,1.28417,1.00,1.00
2016.08.28 22:31:21.870,1.28391,1.28418,1.00,1.00
2016.08.28 22:31:21.972,1.28387,1.28419,1.00,1.00
2016.08.28 22:31:22.483,1.28386,1.28424,1.00,1.00
2016.08.28 22:31:22.904,1.28392,1.2842,1.00,1.00
2016.08.28 22:31:27.680,1.28395,1.28419,1.00,1.00
2016.08.28 22:31:27.785,1.28387,1.2842,1.00,1.00
2016.08.28 22:31:28.061,1.28391,1.28419,1.00,1.00
2016.08.28 22:31:28.363,1.28394,1.28419,1.00,1.00
2016.08.28 22:31:31.111,1.28395,1.28421,1.00,1.00
2016.08.28 22:31:34.570,1.28395,1.2841,1.00,1.00
2016.08.28 22:31:34.621,1.28387,1.2841,1.00,1.00
2016.08.28 22:31:34.673,1.28386,1.28419,1.00,1.00
2016.08.28 22:31:34.776,1.28386,1.2842,1.00,1.50
2016.08.28 22:31:34.879,1.28393,1.28424,1.00,1.00
2016.08.28 22:31:34.981,1.28394,1.28429,1.00,1.00
2016.08.28 22:31:35.181,1.2839,1.28439,1.50,1.00
2016.08.28 22:31:35.284,1.2839,1.28439,1.00,1.00
2016.08.28 22:31:35.658,1.2839,1.28439,1.00,1.00
2016.08.28 22:31:35.862,1.2839,1.28439,1.00,1.00
2016.08.28 22:31:36.187,1.28402,1.2844,1.00,1.00
2016.08.28 22:31:36.391,1.28403,1.28438,1.00,1.00
2016.08.28 22:31:37.106,1.28402,1.28441,1.00,1.00
2016.08.28 22:31:40.029,1.28401,1.28439,1.00,1.00
2016.08.28 22:31:40.182,1.284,1.28442,1.00,1.00
2016.08.28 22:31:42.169,1.284,1.28439,1.00,1.00
2016.08.28 22:31:42.399,1.284,1.28442,1.00,1.00
2016.08.28 22:31:43.727,1.284,1.2844,1.00,1.00
2016.08.28 22:31:45.087,1.284,1.28442,1.00,1.00
2016.08.28 22:31:46.227,1.28404,1.28441,1.00,1.00
2016.08.28 22:32:05.569,1.28403,1.28436,1.00,1.00
2016.08.28 22:32:05.672,1.28398,1.28435,1.00,1.00
2016.08.28 22:32:05.824,1.28395,1.28435,1.00,1.00
2016.08.28 22:32:05.926,1.28392,1.28428,1.00,1.00
2016.08.28 22:32:06.130,1.28389,1.28428,1.00,1.00
2016.08.28 22:32:12.135,1.28388,1.28423,1.00,1.00
2016.08.28 22:32:12.467,1.28382,1.28422,1.00,1.00
2016.08.28 22:32:18.851,1.28379,1.28422,1.00,1.00
2016.08.28 22:32:31.173,1.28383,1.28421,1.00,1.00
2016.08.28 22:32:37.247,1.28383,1.2842,1.00,1.00
2016.08.28 22:32:37.366,1.28382,1.28416,1.00,1.00
2016.08.28 22:32:38.084,1.28381,1.28416,1.00,1.00
2016.08.28 22:32:44.708,1.2838,1.28415,1.00,1.00
2016.08.28 22:32:50.719,1.28379,1.28419,1.00,1.00
2016.08.28 22:32:51.269,1.2838,1.2842,1.00,1.00
2016.08.28 22:32:55.188,1.28381,1.2842,1.00,1.00
2016.08.28 22:32:55.243,1.28403,1.28429,1.00,1.00
2016.08.28 22:32:55.294,1.28403,1.28431,1.00,1.00
2016.08.28 22:32:55.397,1.28405,1.2844,1.00,1.00
2016.08.28 22:32:55.449,1.28405,1.28442,1.00,1.00
2016.08.28 22:32:55.500,1.28401,1.2844,1.00,1.00
2016.08.28 22:32:55.603,1.28399,1.28453,1.00,1.10
2016.08.28 22:32:55.705,1.28399,1.28459,1.00,1.87
2016.08.28 22:32:55.807,1.28399,1.28459,1.00,1.00
2016.08.28 22:32:57.692,1.28411,1.28447,1.00,1.00
2016.08.28 22:33:05.026,1.28422,1.28448,1.00,1.00
2016.08.28 22:33:05.332,1.2842,1.28449,1.00,1.00
2016.08.28 22:33:05.955,1.28413,1.28447,1.00,1.00
2016.08.28 22:33:13.048,1.28408,1.28448,1.00,1.00
2016.08.28 22:33:13.150,1.28412,1.28449,1.00,1.00
2016.08.28 22:33:26.879,1.28424,1.28452,1.00,1.00
2016.08.28 22:33:27.069,1.28425,1.28454,1.00,1.00
2016.08.28 22:33:27.171,1.28416,1.28458,1.00,1.00
2016.08.28 22:33:27.272,1.28417,1.28453,1.00,1.00
2016.08.28 22:33:27.374,1.28414,1.28453,1.00,1.00
2016.08.28 22:33:46.376,1.28425,1.28452,1.00,1.00
2016.08.28 22:33:46.478,1.28425,1.28454,1.00,1.00
2016.08.28 22:33:46.681,1.2842,1.28452,1.00,1.00
2016.08.28 22:33:46.986,1.28416,1.28453,1.00,1.00
2016.08.28 22:33:47.088,1.28413,1.28451,1.00,1.00
2016.08.28 22:33:50.222,1.28411,1.28452,1.00,1.00
2016.08.28 22:34:02.234,1.28411,1.28449,1.00,1.00
2016.08.28 22:34:02.624,1.28417,1.28448,1.00,1.00
2016.08.28 22:34:12.748,1.28415,1.28448,1.00,1.00
2016.08.28 22:34:15.418,1.28416,1.28448,1.00,1.00
2016.08.28 22:35:15.431,1.28403,1.28459,1.50,1.00
2016.08.28 22:35:18.204,1.28417,1.28448,1.00,1.00
2016.08.28 22:35:46.637,1.28416,1.28447,1.00,1.00
2016.08.28 22:35:52.465,1.28415,1.28442,1.00,1.00
2016.08.28 22:35:52.567,1.28412,1.28444,1.00,1.00
2016.08.28 22:35:53.480,1.28413,1.28444,1.00,1.00
2016.08.28 22:35:54.166,1.28411,1.28438,1.00,1.00
2016.08.28 22:35:55.364,1.28411,1.28446,1.00,1.00
2016.08.28 22:35:55.467,1.28411,1.28444,1.00,1.00
2016.08.28 22:35:55.570,1.2841,1.28447,1.00,1.00
2016.08.28 22:36:01.886,1.28407,1.2844,1.00,1.00
2016.08.28 22:36:02.192,1.28409,1.28439,1.00,1.00
2016.08.28 22:36:18.235,1.28408,1.28439,1.00,1.00
2016.08.28 22:36:40.067,1.28406,1.28439,1.00,1.00
2016.08.28 22:36:40.425,1.28408,1.28441,1.00,1.00
2016.08.28 22:36:40.527,1.28408,1.28443,1.00,1.00
2016.08.28 22:36:41.470,1.28407,1.28446,1.00,1.00
2016.08.28 22:36:44.127,1.28407,1.2844,1.00,1.00
2016.08.28 22:36:46.729,1.28407,1.28439,1.00,1.00
2016.08.28 22:37:02.899,1.28408,1.28438,1.00,1.00
2016.08.28 22:37:32.207,1.28408,1.28438,1.00,1.00
2016.08.28 22:37:34.598,1.28408,1.28438,1.00,1.00
2016.08.28 22:37:34.904,1.28408,1.28438,1.00,1.00
2016.08.28 22:37:38.605,1.28406,1.28437,1.00,1.00
2016.08.28 22:37:40.752,1.28408,1.28436,1.00,1.00
2016.08.28 22:37:45.519,1.28407,1.28436,1.00,1.00
2016.08.28 22:37:50.758,1.28408,1.28436,1.00,1.00
2016.08.28 22:37:51.035,1.28398,1.28435,1.00,1.00
2016.08.28 22:37:51.087,1.28398,1.28435,1.00,1.00
2016.08.28 22:37:51.415,1.28401,1.28431,1.00,1.00
2016.08.28 22:37:51.772,1.28397,1.28433,1.00,1.00
2016.08.28 22:37:51.823,1.28397,1.28433,1.00,1.00
2016.08.28 22:37:51.916,1.28397,1.28433,1.00,1.00
2016.08.28 22:37:56.482,1.28398,1.2843,1.00,1.00
2016.08.28 22:37:59.030,1.28398,1.28425,1.00,1.00
2016.08.28 22:37:59.081,1.28392,1.28425,1.00,1.00
2016.08.28 22:37:59.234,1.28392,1.28428,1.00,1.00
2016.08.28 22:37:59.470,1.28394,1.28429,1.00,1.00
2016.08.28 22:38:00.475,1.28395,1.28425,1.00,1.00
2016.08.28 22:38:00.577,1.28392,1.28426,1.00,1.00
2016.08.28 22:38:00.736,1.28392,1.28425,1.00,1.00
2016.08.28 22:38:01.516,1.28392,1.28426,1.00,1.00
2016.08.28 22:38:01.887,1.28391,1.28419,1.00,1.00
2016.08.28 22:38:03.462,1.2839,1.28421,1.00,1.00
2016.08.28 22:38:03.673,1.28392,1.28422,1.00,1.00
2016.08.28 22:38:03.724,1.28392,1.28422,1.00,1.00
2016.08.28 22:38:03.891,1.28392,1.28422,1.00,1.00
2016.08.28 22:38:05.855,1.28391,1.28421,1.00,1.00
2016.08.28 22:38:07.078,1.2839,1.28418,1.00,1.00
2016.08.28 22:38:07.129,1.2839,1.28418,1.00,1.00
2016.08.28 22:38:07.282,1.28394,1.28423,1.00,1.00
2016.08.28 22:38:07.384,1.28392,1.28424,1.00,1.00
2016.08.28 22:38:07.486,1.2839,1.28433,1.00,1.00
2016.08.28 22:38:07.537,1.284,1.28433,1.00,1.00
2016.08.28 22:38:07.588,1.284,1.28435,1.00,1.00
2016.08.28 22:38:07.639,1.28398,1.28435,1.00,1.00
2016.08.28 22:38:08.696,1.28397,1.28431,1.00,1.00
2016.08.28 22:38:11.163,1.28398,1.28426,1.00,1.00
2016.08.28 22:38:11.265,1.28397,1.28429,1.00,1.00
2016.08.28 22:38:11.367,1.28399,1.28429,1.00,1.00
2016.08.28 22:38:11.883,1.28399,1.2843,1.00,1.00
2016.08.28 22:38:12.784,1.28396,1.28431,1.00,1.00
2016.08.28 22:38:12.987,1.28398,1.28433,1.00,1.00
2016.08.28 22:38:13.406,1.28397,1.28437,1.00,1.00
2016.08.28 22:38:14.737,1.28397,1.28434,1.00,1.00
2016.08.28 22:38:14.937,1.28397,1.28437,1.00,1.00
2016.08.28 22:38:21.828,1.28408,1.28436,1.00,1.00
2016.08.28 22:38:21.981,1.28408,1.28439,1.00,1.00
2016.08.28 22:38:22.501,1.28409,1.2844,1.00,1.00
2016.08.28 22:38:24.520,1.2841,1.2844,1.00,1.00
2016.08.28 22:38:24.827,1.28415,1.28444,1.00,1.00
2016.08.28 22:38:25.301,1.28418,1.28447,1.00,1.00
2016.08.28 22:38:25.403,1.28419,1.2845,1.00,1.00
2016.08.28 22:38:26.285,1.28424,1.28456,1.00,1.00
2016.08.28 22:38:26.387,1.28432,1.2846,1.00,1.00
2016.08.28 22:38:26.909,1.28433,1.28459,1.00,1.00
2016.08.28 22:38:30.800,1.28433,1.2846,1.00,1.00
2016.08.28 22:38:31.820,1.28436,1.28461,1.00,1.00
2016.08.28 22:38:45.405,1.28435,1.28463,1.00,1.00
2016.08.28 22:38:47.829,1.28433,1.28461,1.00,1.00
2016.08.28 22:38:48.343,1.28432,1.28462,1.00,1.00
2016.08.28 22:38:50.254,1.28433,1.28463,1.00,1.00
2016.08.28 22:38:50.356,1.28431,1.28463,1.00,1.00
2016.08.28 22:38:50.457,1.28431,1.28458,1.00,1.00
2016.08.28 22:38:50.661,1.28431,1.28462,1.00,1.00
2016.08.28 22:38:50.742,1.28433,1.28463,1.00,1.00
2016.08.28 22:38:53.661,1.28434,1.2846,1.00,1.00
2016.08.28 22:38:54.751,1.2843,1.28456,1.00,1.00
2016.08.28 22:38:54.853,1.28433,1.2846,1.00,1.00
2016.08.28 22:38:55.136,1.28431,1.28462,1.00,1.00
2016.08.28 22:38:55.240,1.28434,1.28461,1.00,1.00
2016.08.28 22:38:57.865,1.2843,1.28456,1.00,1.00
2016.08.28 22:39:05.166,1.28423,1.28449,1.00,1.00
2016.08.28 22:39:05.268,1.28417,1.28446,1.00,1.00
2016.08.28 22:39:05.472,1.28413,1.28443,1.00,1.00
2016.08.28 22:39:05.777,1.2841,1.28441,1.00,1.00
2016.08.28 22:39:06.196,1.28408,1.28438,1.00,1.00
2016.08.28 22:39:06.501,1.2841,1.2844,1.00,1.00
2016.08.28 22:39:09.384,1.28409,1.28443,1.00,1.00
2016.08.28 22:39:10.749,1.28425,1.28453,1.00,1.00
2016.08.28 22:39:10.851,1.2842,1.28449,1.00,1.00
2016.08.28 22:39:10.952,1.28418,1.2846,1.00,1.00
2016.08.28 22:39:11.054,1.28407,1.28469,1.00,1.00
2016.08.28 22:39:11.156,1.28408,1.28469,1.87,1.00
2016.08.28 22:39:11.258,1.28411,1.28473,1.00,1.00
2016.08.28 22:39:11.359,1.28411,1.28473,1.00,1.50
2016.08.28 22:39:11.462,1.28411,1.28473,1.00,1.50
2016.08.28 22:39:11.563,1.28411,1.28473,1.00,1.50
2016.08.28 22:39:11.665,1.2841,1.28473,1.12,1.50
2016.08.28 22:39:11.716,1.2841,1.2847,1.12,1.00
2016.08.28 22:39:11.848,1.2841,1.2847,1.00,1.00
2016.08.28 22:39:13.463,1.2841,1.2847,1.00,1.50
2016.08.28 22:39:14.243,1.28424,1.28459,1.00,1.00
2016.08.28 22:39:22.153,1.28427,1.28461,1.00,1.00
2016.08.28 22:39:28.978,1.28425,1.2846,1.00,1.00
2016.08.28 22:39:32.305,1.28424,1.2846,1.00,1.00
2016.08.28 22:39:37.891,1.28425,1.2846,1.00,1.00
2016.08.28 22:39:45.501,1.28423,1.28465,1.00,1.00
2016.08.28 22:39:45.581,1.28427,1.28462,1.00,1.00
2016.08.28 22:40:07.907,1.28426,1.2846,1.00,1.00
2016.08.28 22:40:11.129,1.28422,1.28451,1.00,1.00
2016.08.28 22:40:11.231,1.2842,1.2845,1.37,1.00
2016.08.28 22:40:11.383,1.28419,1.28448,1.00,1.00
2016.08.28 22:40:11.434,1.28416,1.28449,1.00,1.00
2016.08.28 22:40:32.183,1.28416,1.28447,1.00,1.00
2016.08.28 22:41:00.610,1.28414,1.2845,1.00,1.00
2016.08.28 22:41:00.712,1.28415,1.28447,1.00,1.00
2016.08.28 22:41:00.957,1.28412,1.28445,1.00,1.00
2016.08.28 22:41:01.112,1.28414,1.28447,1.00,1.00
2016.08.28 22:41:08.111,1.28412,1.2845,1.00,1.00
2016.08.28 22:41:21.245,1.28412,1.28447,1.00,1.00
2016.08.28 22:41:23.218,1.28412,1.28449,1.00,1.00
2016.08.28 22:41:25.522,1.28413,1.28445,1.00,1.00
2016.08.28 22:41:25.726,1.28409,1.28446,1.00,1.00
2016.08.28 22:41:26.031,1.28407,1.28443,1.00,1.00
2016.08.28 22:41:26.336,1.28406,1.28439,1.00,1.00
2016.08.28 22:41:26.438,1.28406,1.28441,1.00,1.00
2016.08.28 22:41:26.744,1.28404,1.28444,1.00,1.00
2016.08.28 22:41:26.948,1.28405,1.28439,1.00,1.00
2016.08.28 22:41:26.999,1.28405,1.28439,1.00,1.00
2016.08.28 22:41:27.050,1.28393,1.28425,1.00,1.00
2016.08.28 22:41:27.202,1.28393,1.28422,1.00,1.00
2016.08.28 22:41:27.524,1.28395,1.28422,1.00,1.00
2016.08.28 22:41:32.118,1.28392,1.28422,1.00,1.00
2016.08.28 22:41:47.335,1.28393,1.28422,1.00,1.00
2016.08.28 22:42:28.295,1.28395,1.28422,1.00,1.00
2016.08.28 22:42:28.835,1.28393,1.28421,1.00,1.00
2016.08.28 22:42:32.388,1.28393,1.28422,1.00,1.00
2016.08.28 22:42:57.750,1.28395,1.28421,1.00,1.00
2016.08.28 22:43:05.155,1.28383,1.28423,1.00,1.00
2016.08.28 22:43:05.258,1.28388,1.28422,1.00,1.00
2016.08.28 22:43:06.652,1.28387,1.28418,1.00,1.00
2016.08.28 22:43:08.035,1.28388,1.28422,1.00,1.00
2016.08.28 22:43:08.137,1.2839,1.28425,1.00,1.00
2016.08.28 22:43:08.238,1.28392,1.28425,1.00,1.00
2016.08.28 22:43:08.341,1.28392,1.2843,1.00,1.00
2016.08.28 22:43:08.545,1.28394,1.28431,1.00,1.00
2016.08.28 22:43:08.869,1.28396,1.28433,1.00,1.00
2016.08.28 22:43:08.971,1.28393,1.28434,1.00,1.00
2016.08.28 22:43:09.073,1.28396,1.28435,1.00,1.00
2016.08.28 22:43:09.174,1.28397,1.28438,1.00,1.00
2016.08.28 22:43:09.276,1.28398,1.28433,1.00,1.00
2016.08.28 22:43:09.479,1.28397,1.28435,1.00,1.00
2016.08.28 22:43:09.978,1.28396,1.28438,1.00,1.00
2016.08.28 22:43:11.483,1.28398,1.28436,1.00,1.00
2016.08.28 22:43:11.789,1.2839,1.2843,1.00,1.00
2016.08.28 22:43:11.941,1.28392,1.28436,1.00,1.00
2016.08.28 22:43:13.967,1.2839,1.2844,1.00,1.00
2016.08.28 22:43:14.079,1.28392,1.28436,1.00,1.00
2016.08.28 22:43:14.181,1.28393,1.28439,1.00,1.00
2016.08.28 22:43:14.486,1.28395,1.28439,1.00,1.00
2016.08.28 22:43:14.794,1.28398,1.28435,1.00,1.00
2016.08.28 22:43:16.587,1.28395,1.28433,1.00,1.00
2016.08.28 22:43:18.481,1.28395,1.28434,1.00,1.00
2016.08.28 22:43:28.165,1.28394,1.28429,1.00,1.00
2016.08.28 22:43:28.268,1.28392,1.28431,1.00,1.00
2016.08.28 22:43:28.812,1.28391,1.2843,1.00,1.00
2016.08.28 22:43:29.311,1.28386,1.28424,1.00,1.00
2016.08.28 22:43:39.387,1.28389,1.28424,1.00,1.00
2016.08.28 22:43:40.794,1.28385,1.28424,1.00,1.00
2016.08.28 22:43:40.896,1.28389,1.28425,1.00,1.00
2016.08.28 22:43:47.587,1.28388,1.28423,1.00,1.00
2016.08.28 22:43:53.394,1.28387,1.28422,1.00,1.00
2016.08.28 22:44:00.548,1.28383,1.28419,1.37,1.00
2016.08.28 22:44:00.865,1.28382,1.28417,1.37,1.00
2016.08.28 22:44:02.305,1.28382,1.28419,1.37,1.00
2016.08.28 22:44:03.688,1.28382,1.28419,1.00,1.00
2016.08.28 22:44:03.739,1.28381,1.28414,1.00,1.00
2016.08.28 22:44:03.841,1.28379,1.28414,1.00,1.00
2016.08.28 22:44:04.155,1.28377,1.28414,1.00,1.00
2016.08.28 22:44:08.012,1.28379,1.28414,1.00,1.00
2016.08.28 22:44:08.631,1.28377,1.28414,1.00,1.00
2016.08.28 22:44:12.664,1.28377,1.28414,1.00,1.00
2016.08.28 22:44:12.766,1.28379,1.28414,1.00,1.00
2016.08.28 22:44:13.125,1.28377,1.28414,1.00,1.00
2016.08.28 22:44:15.470,1.28379,1.28414,1.00,1.00
2016.08.28 22:44:25.739,1.28378,1.28411,1.00,1.00
2016.08.28 22:44:25.841,1.28378,1.28413,1.00,1.00
2016.08.28 22:44:26.146,1.28375,1.28404,1.00,1.00
2016.08.28 22:44:27.439,1.28374,1.28401,1.00,1.00
2016.08.28 22:44:31.481,1.28378,1.28411,1.00,1.00
2016.08.28 22:44:31.787,1.28378,1.28415,1.00,1.00
2016.08.28 22:44:37.183,1.28375,1.28404,1.87,1.00
2016.08.28 22:44:37.234,1.28375,1.28404,1.37,1.00
2016.08.28 22:44:37.285,1.28374,1.28398,1.00,1.00
2016.08.28 22:44:37.822,1.28373,1.28397,1.00,1.00
2016.08.28 22:44:39.768,1.28371,1.28398,1.00,1.00
2016.08.28 22:44:40.409,1.28372,1.28397,1.00,1.00
2016.08.28 22:44:41.392,1.28377,1.28411,1.00,1.00
2016.08.28 22:44:41.879,1.28377,1.28416,1.00,1.00
2016.08.28 22:44:45.497,1.28377,1.28416,1.00,1.00
2016.08.28 22:44:45.823,1.28377,1.28416,1.00,1.00
2016.08.28 22:44:47.169,1.28377,1.28416,1.37,1.00
2016.08.28 22:44:49.451,1.28377,1.28416,1.37,1.00
2016.08.28 22:44:49.502,1.28389,1.28424,1.00,1.00
2016.08.28 22:44:49.604,1.28392,1.2842,1.00,1.00
2016.08.28 22:44:49.706,1.28392,1.28422,1.00,1.00
2016.08.28 22:44:53.475,1.28394,1.28433,1.00,1.00
2016.08.28 22:44:53.708,1.28393,1.28435,1.00,1.00
2016.08.28 22:44:53.810,1.28388,1.28447,1.00,2.25
2016.08.28 22:44:53.861,1.28388,1.28445,1.00,1.00
2016.08.28 22:44:53.963,1.28388,1.2845,1.00,1.50
2016.08.28 22:44:54.014,1.28388,1.28449,1.00,1.00
2016.08.28 22:44:54.065,1.28388,1.28449,1.00,1.50
2016.08.28 22:44:54.116,1.28391,1.28449,1.00,1.00
2016.08.28 22:44:54.218,1.28396,1.2845,1.00,1.00
2016.08.28 22:44:54.371,1.28396,1.28449,1.50,1.00
2016.08.28 22:44:54.472,1.28396,1.28453,1.50,1.00
2016.08.28 22:44:54.574,1.28396,1.28452,1.00,1.00
2016.08.28 22:44:54.625,1.28396,1.28452,1.00,1.50
2016.08.28 22:44:55.573,1.28399,1.28441,1.00,1.00
2016.08.28 22:44:56.110,1.28402,1.2844,1.00,1.00
2016.08.28 22:44:59.224,1.28397,1.2844,1.00,1.00
2016.08.28 22:44:59.274,1.28397,1.2844,1.00,1.00
2016.08.28 22:44:59.338,1.28403,1.28434,1.00,1.00
2016.08.28 22:45:02.184,1.28402,1.28433,1.00,1.00
2016.08.28 22:45:02.491,1.28401,1.28435,1.00,1.00
2016.08.28 22:45:04.624,1.28407,1.28441,1.00,1.00
2016.08.28 22:45:04.810,1.28408,1.28443,1.00,1.00
2016.08.28 22:45:04.912,1.28411,1.28441,1.00,1.00
2016.08.28 22:45:05.389,1.28409,1.28442,1.00,1.00
2016.08.28 22:45:26.342,1.2841,1.28443,1.00,1.00
2016.08.28 22:45:26.444,1.28413,1.28447,1.00,1.00
2016.08.28 22:45:26.546,1.28412,1.28445,1.00,1.00
2016.08.28 22:45:31.847,1.28412,1.28443,1.00,1.00
2016.08.28 22:45:34.054,1.28405,1.2844,1.37,1.00
2016.08.28 22:45:34.105,1.28405,1.2844,1.00,1.00
2016.08.28 22:45:34.207,1.28404,1.28439,1.00,1.00
2016.08.28 22:45:34.964,1.28403,1.28442,1.00,1.00
2016.08.28 22:45:37.839,1.28401,1.28428,1.12,1.00
2016.08.28 22:45:37.890,1.28398,1.28428,1.37,1.00
2016.08.28 22:45:37.941,1.28398,1.28436,1.37,1.00
2016.08.28 22:45:37.992,1.28398,1.28436,1.37,1.00
2016.08.28 22:45:38.043,1.28394,1.28432,1.37,1.00
2016.08.28 22:45:38.133,1.28394,1.28432,1.00,1.00
2016.08.28 22:45:42.444,1.28394,1.2843,1.00,1.00
2016.08.28 22:45:43.135,1.28394,1.2843,1.12,1.00
2016.08.28 22:45:44.104,1.28394,1.2843,1.37,1.00
2016.08.28 22:45:44.657,1.28395,1.28422,1.00,1.00
2016.08.28 22:45:46.743,1.28395,1.28423,1.00,1.00
2016.08.28 22:45:51.178,1.28391,1.2842,1.00,1.00
2016.08.28 22:45:52.078,1.28389,1.28421,1.00,1.00
2016.08.28 22:45:52.639,1.28388,1.28421,1.00,1.00
2016.08.28 22:45:55.410,1.28388,1.28421,1.00,1.00
2016.08.28 22:45:55.911,1.28388,1.28421,1.00,1.00
2016.08.28 22:45:55.963,1.28388,1.28423,1.00,1.00
2016.08.28 22:45:56.065,1.28387,1.2842,1.00,1.00
2016.08.28 22:45:56.320,1.28388,1.28421,1.00,1.00
2016.08.28 22:45:56.473,1.28388,1.28423,1.00,1.00
2016.08.28 22:45:56.625,1.28388,1.28423,1.00,1.00
2016.08.28 22:45:56.756,1.28391,1.28427,1.00,1.00
2016.08.28 22:45:56.858,1.2839,1.28431,1.00,1.00
2016.08.28 22:46:01.797,1.28389,1.28423,1.00,1.00
2016.08.28 22:46:01.899,1.28387,1.28425,1.00,1.00
2016.08.28 22:46:02.001,1.28388,1.28419,1.00,1.00
2016.08.28 22:46:02.140,1.28388,1.2842,1.00,1.00
2016.08.28 22:46:02.293,1.28388,1.28423,1.00,1.00
2016.08.28 22:46:02.985,1.28389,1.2842,1.00,1.00
2016.08.28 22:46:03.471,1.28389,1.28422,1.00,1.00
2016.08.28 22:46:03.573,1.28389,1.2842,1.00,1.00
2016.08.28 22:46:03.674,1.28388,1.28423,1.00,1.00
2016.08.28 22:46:04.308,1.28389,1.2842,1.00,1.00
2016.08.28 22:46:04.775,1.28389,1.28422,1.00,1.00
2016.08.28 22:46:05.615,1.28389,1.2842,1.00,1.00
2016.08.28 22:46:05.818,1.28389,1.28422,1.00,1.00
2016.08.28 22:46:07.275,1.28387,1.28425,1.00,1.00
2016.08.28 22:46:07.378,1.28388,1.28414,1.00,1.00
2016.08.28 22:46:07.481,1.28381,1.28415,1.00,1.00
2016.08.28 22:46:08.886,1.28379,1.28415,1.12,1.00
2016.08.28 22:46:10.779,1.28378,1.28414,1.37,1.00
2016.08.28 22:46:13.248,1.28379,1.28415,1.12,1.00
2016.08.28 22:46:14.787,1.28379,1.28413,1.12,1.00
2016.08.28 22:46:16.425,1.28379,1.28415,1.12,1.00
2016.08.28 22:46:17.281,1.28379,1.28415,1.37,1.00
2016.08.28 22:46:23.006,1.28385,1.28414,1.00,1.00
2016.08.28 22:46:23.568,1.28385,1.28415,1.00,1.00
2016.08.28 22:46:30.255,1.2838,1.28415,1.00,1.00
2016.08.28 22:46:30.306,1.28379,1.28411,1.00,1.00
2016.08.28 22:46:30.510,1.28376,1.28411,1.00,1.00
2016.08.28 22:46:30.612,1.28373,1.28411,1.00,1.00
2016.08.28 22:46:31.813,1.28371,1.28406,1.00,1.00
2016.08.28 22:46:34.010,1.28368,1.28406,1.37,1.00
2016.08.28 22:46:37.614,1.28375,1.28417,1.00,1.00
2016.08.28 22:46:37.716,1.28382,1.28416,1.00,1.00
2016.08.28 22:46:37.818,1.28382,1.2842,1.00,1.00
2016.08.28 22:46:38.123,1.28381,1.28425,1.50,1.00
2016.08.28 22:46:38.242,1.28382,1.28428,1.00,1.00
2016.08.28 22:46:38.293,1.28382,1.28428,1.00,1.00
2016.08.28 22:46:38.344,1.28384,1.28429,1.00,1.00
2016.08.28 22:46:38.446,1.28382,1.28428,1.00,1.00
2016.08.28 22:46:38.548,1.28385,1.28428,1.00,1.00
2016.08.28 22:46:38.650,1.28383,1.28427,1.00,1.00
2016.08.28 22:46:38.716,1.28385,1.28428,1.00,1.00
2016.08.28 22:46:38.817,1.28383,1.28427,1.00,1.00
2016.08.28 22:46:38.920,1.28384,1.28432,1.00,1.00
2016.08.28 22:46:42.026,1.28384,1.28432,1.00,1.00
2016.08.28 22:46:53.124,1.28384,1.28432,1.37,1.00
2016.08.28 22:47:01.799,1.28384,1.28432,1.00,1.00
2016.08.28 22:47:01.850,1.28384,1.2842,1.00,1.00
2016.08.28 22:47:02.149,1.28383,1.28422,1.00,1.00
2016.08.28 22:47:07.289,1.28378,1.28407,1.00,1.00
2016.08.28 22:47:07.392,1.28378,1.28408,1.00,1.00
2016.08.28 22:47:07.545,1.28378,1.28408,1.00,1.00
2016.08.28 22:47:08.145,1.28378,1.28408,1.00,1.00
2016.08.28 22:47:08.370,1.28378,1.2841,1.00,1.00
2016.08.28 22:47:08.791,1.28379,1.28407,1.00,1.00
2016.08.28 22:47:14.101,1.28383,1.28406,1.00,1.00
2016.08.28 22:47:24.981,1.28378,1.28408,1.00,1.00
2016.08.28 22:47:31.843,1.28379,1.28414,1.00,1.00
2016.08.28 22:47:31.894,1.2838,1.28408,1.00,1.00
2016.08.28 22:47:34.645,1.28378,1.28407,1.00,1.00
2016.08.28 22:47:34.849,1.28379,1.28408,1.00,1.00
2016.08.28 22:47:35.742,1.28379,1.28411,1.00,1.00
2016.08.28 22:47:35.847,1.2838,1.28407,1.00,1.00
2016.08.28 22:48:02.595,1.28379,1.28407,1.00,1.00
2016.08.28 22:48:06.704,1.28383,1.28418,1.00,1.00
2016.08.28 22:48:06.807,1.28384,1.28421,1.00,1.00
2016.08.28 22:48:07.117,1.28387,1.28422,1.00,1.00
2016.08.28 22:48:07.412,1.28386,1.28424,1.00,1.00
2016.08.28 22:48:09.330,1.28386,1.28421,1.00,1.00
2016.08.28 22:48:09.433,1.28384,1.28421,1.00,1.00
2016.08.28 22:48:09.535,1.28387,1.28423,1.00,1.00
2016.08.28 22:48:09.942,1.28387,1.28425,1.00,1.00
2016.08.28 22:48:13.132,1.28384,1.28425,1.00,1.00
2016.08.28 22:48:13.234,1.28387,1.28424,1.00,1.00
2016.08.28 22:48:38.959,1.28389,1.28424,1.00,1.00
2016.08.28 22:48:57.704,1.28387,1.28423,1.00,1.00
2016.08.28 22:49:07.267,1.28393,1.28435,1.00,1.00
2016.08.28 22:49:07.318,1.28399,1.28437,1.00,1.00
2016.08.28 22:49:07.420,1.28403,1.28437,1.00,1.00
2016.08.28 22:49:07.725,1.28406,1.2844,1.00,1.00
2016.08.28 22:49:08.031,1.28411,1.28439,1.00,1.00
2016.08.28 22:49:08.382,1.28416,1.28444,1.00,1.00
2016.08.28 22:49:08.687,1.28411,1.28439,1.00,1.00
2016.08.28 22:49:09.200,1.28413,1.28438,1.00,1.00
2016.08.28 22:49:10.842,1.28411,1.28439,1.00,1.00
2016.08.28 22:49:18.028,1.28413,1.28439,1.00,1.00
2016.08.28 22:49:21.959,1.28413,1.28446,1.00,1.00
2016.08.28 22:49:22.162,1.28412,1.28449,1.00,1.00
2016.08.28 22:49:22.227,1.28414,1.2845,1.00,1.00
2016.08.28 22:49:22.726,1.28414,1.28448,1.00,1.00
2016.08.28 22:49:23.346,1.28415,1.28447,1.00,1.00
2016.08.28 22:49:27.225,1.28416,1.28453,1.00,1.00
2016.08.28 22:49:29.172,1.28415,1.2845,1.00,1.00
2016.08.28 22:49:30.136,1.28415,1.28453,1.00,1.00
2016.08.28 22:49:31.762,1.28415,1.28452,1.00,1.00
2016.08.28 22:49:31.864,1.28418,1.28449,1.00,1.00
2016.08.28 22:49:32.262,1.2842,1.28452,1.00,1.00
2016.08.28 22:49:32.364,1.28417,1.28452,1.00,1.00
2016.08.28 22:49:32.900,1.28416,1.28452,1.00,1.00
2016.08.28 22:49:53.087,1.28416,1.28451,1.00,1.00
2016.08.28 22:49:55.052,1.28416,1.28449,1.00,1.00
2016.08.28 22:49:59.383,1.28416,1.28449,1.00,1.00
2016.08.28 22:50:00.847,1.28416,1.28449,1.00,1.00
2016.08.28 22:50:00.898,1.28414,1.2844,1.00,1.00
2016.08.28 22:50:00.949,1.28414,1.2844,1.00,1.00
2016.08.28 22:50:01.000,1.28412,1.28439,1.00,1.00
2016.08.28 22:50:01.102,1.2841,1.2844,1.00,1.00
2016.08.28 22:50:01.374,1.28414,1.2844,1.00,1.00
2016.08.28 22:50:01.898,1.2841,1.28439,1.00,1.00
2016.08.28 22:50:01.999,1.28412,1.28438,1.00,1.00
2016.08.28 22:50:02.080,1.28411,1.28435,1.00,1.00
2016.08.28 22:50:02.360,1.28414,1.28436,1.00,1.00
2016.08.28 22:50:08.681,1.28411,1.28436,1.00,1.00
2016.08.28 22:50:08.783,1.28408,1.28439,1.00,1.00
2016.08.28 22:50:08.870,1.28411,1.28438,1.00,1.00
2016.08.28 22:50:09.195,1.28413,1.28439,1.00,1.00
2016.08.28 22:50:11.288,1.28415,1.28445,1.00,1.00
2016.08.28 22:50:11.826,1.28414,1.28446,1.00,1.00
2016.08.28 22:50:13.313,1.28414,1.28444,1.00,1.00
2016.08.28 22:50:13.815,1.28415,1.28445,1.00,1.00
2016.08.28 22:50:25.199,1.28409,1.2844,1.00,1.00
2016.08.28 22:50:25.513,1.28408,1.28433,1.00,1.00
2016.08.28 22:50:25.615,1.28409,1.28438,1.00,1.00
2016.08.28 22:50:25.818,1.28413,1.28438,1.00,1.00
2016.08.28 22:50:25.920,1.28412,1.2844,1.00,1.00
2016.08.28 22:50:26.510,1.28413,1.28446,1.00,1.00
2016.08.28 22:50:26.926,1.28416,1.28446,1.00,1.00
2016.08.28 22:50:31.826,1.2841,1.28442,1.00,1.00
2016.08.28 22:50:31.929,1.28417,1.28437,1.00,1.00
2016.08.28 22:50:32.045,1.2841,1.28445,1.00,1.00
2016.08.28 22:50:32.147,1.28406,1.28441,1.00,1.00
2016.08.28 22:50:32.249,1.28399,1.28443,1.50,1.00
2016.08.28 22:50:32.328,1.28399,1.28443,1.50,1.00
2016.08.28 22:50:32.429,1.28399,1.28443,1.00,1.00
2016.08.28 22:50:33.340,1.28408,1.28438,1.00,1.00
2016.08.28 22:50:37.024,1.28408,1.28437,1.00,1.00
2016.08.28 22:50:38.247,1.28409,1.28442,1.00,1.00
2016.08.28 22:50:38.350,1.28411,1.28443,1.00,1.00
2016.08.28 22:50:38.645,1.28411,1.28445,1.00,1.00
2016.08.28 22:50:58.843,1.28409,1.28445,1.00,1.00
2016.08.28 22:51:03.661,1.28408,1.2844,1.00,1.00
2016.08.28 22:51:03.763,1.28406,1.2844,1.00,1.00
2016.08.28 22:51:05.386,1.28406,1.28445,1.00,1.00
2016.08.28 22:51:26.213,1.28404,1.28437,1.00,1.00
2016.08.28 22:51:30.317,1.28403,1.28429,1.00,1.00
2016.08.28 22:51:36.814,1.28401,1.28429,1.00,1.00
2016.08.28 22:51:37.708,1.28399,1.28429,1.00,1.00
2016.08.28 22:51:37.810,1.28401,1.28429,1.00,1.00
2016.08.28 22:52:05.569,1.28402,1.28429,1.00,1.00
2016.08.28 22:52:07.747,1.2841,1.28434,1.00,1.00
2016.08.28 22:52:07.849,1.28404,1.28438,1.00,1.00
2016.08.28 22:52:07.956,1.28397,1.2845,1.00,1.12
2016.08.28 22:52:08.058,1.28397,1.2845,1.00,1.87
2016.08.28 22:52:08.160,1.28396,1.2845,2.25,1.87
2016.08.28 22:52:08.262,1.28396,1.28451,2.25,1.00
2016.08.28 22:52:08.364,1.28397,1.28451,1.00,1.00
2016.08.28 22:52:08.465,1.28397,1.28453,1.00,1.12
2016.08.28 22:52:08.567,1.28396,1.28453,3.00,1.00
2016.08.28 22:52:08.815,1.28397,1.28453,1.00,1.00
2016.08.28 22:52:09.371,1.28406,1.28438,1.00,1.00
2016.08.28 22:52:23.327,1.28406,1.28438,1.37,1.00
2016.08.28 22:52:38.198,1.28407,1.28442,1.37,1.00
2016.08.28 22:52:43.355,1.28407,1.28442,1.12,1.00
2016.08.28 22:52:43.588,1.28408,1.28447,1.00,1.00
2016.08.28 22:52:43.792,1.28409,1.28449,1.00,1.00
2016.08.28 22:52:43.914,1.28409,1.28449,1.00,1.00
2016.08.28 22:52:44.121,1.28411,1.28449,1.00,1.00
2016.08.28 22:52:44.173,1.28411,1.28449,1.00,1.00
2016.08.28 22:52:44.724,1.28416,1.28451,1.00,1.00
2016.08.28 22:52:47.682,1.28418,1.28451,1.00,1.00
2016.08.28 22:52:48.300,1.28415,1.28451,1.00,1.00
2016.08.28 22:53:10.541,1.28415,1.28451,1.00,1.00
2016.08.28 22:53:11.712,1.28415,1.28451,1.00,1.00
2016.08.28 22:53:11.763,1.28418,1.2845,1.00,1.00
2016.08.28 22:53:11.815,1.28418,1.2845,1.00,1.00
2016.08.28 22:53:12.266,1.28419,1.28454,1.00,1.00
2016.08.28 22:53:12.368,1.28419,1.2845,1.00,1.00
2016.08.28 22:53:13.030,1.28419,1.2845,1.00,1.00
2016.08.28 22:53:25.529,1.28419,1.2845,1.00,1.00
2016.08.28 22:53:26.042,1.28419,1.28449,1.00,1.00
2016.08.28 22:53:26.250,1.28419,1.28449,1.50,1.00
2016.08.28 22:53:26.946,1.28419,1.28449,1.00,1.00
2016.08.28 22:53:27.048,1.28419,1.28449,1.00,1.00
2016.08.28 22:53:27.150,1.28418,1.28449,1.00,1.00
2016.08.28 22:53:27.201,1.28417,1.28449,1.00,1.00
2016.08.28 22:53:27.702,1.28417,1.28448,1.00,1.00
2016.08.28 22:53:29.856,1.28414,1.2845,1.00,1.00
2016.08.28 22:53:36.167,1.28411,1.28451,1.00,1.00
2016.08.28 22:53:38.165,1.28423,1.28457,1.00,1.00
2016.08.28 22:53:38.269,1.28422,1.2846,1.00,1.00
2016.08.28 22:53:44.176,1.28422,1.28465,1.00,1.00
2016.08.28 22:53:44.380,1.28425,1.28468,1.00,1.00
2016.08.28 22:53:44.687,1.28428,1.28468,1.00,1.00
2016.08.28 22:53:45.380,1.28431,1.28469,1.00,1.00
2016.08.28 22:53:45.799,1.28434,1.28469,1.00,1.00
2016.08.28 22:53:52.298,1.28436,1.28468,1.00,1.00
2016.08.28 22:53:53.507,1.28436,1.28469,1.00,1.00
2016.08.28 22:53:53.846,1.28438,1.28468,1.00,1.00
2016.08.28 22:53:59.465,1.28438,1.28468,1.00,1.00
2016.08.28 22:53:59.516,1.28427,1.28467,1.00,1.00
2016.08.28 22:53:59.567,1.28425,1.28467,1.00,1.50
2016.08.28 22:53:59.618,1.2843,1.28454,1.00,1.00
2016.08.28 22:53:59.720,1.28426,1.28457,1.00,1.00
2016.08.28 22:53:59.933,1.28427,1.28458,1.00,1.00
2016.08.28 22:54:00.500,1.28429,1.28458,1.00,1.00
2016.08.28 22:54:09.219,1.28429,1.28458,1.50,1.00
2016.08.28 22:54:09.325,1.28431,1.28458,1.00,1.00
2016.08.28 22:54:09.530,1.2844,1.28461,1.00,1.00
2016.08.28 22:54:09.632,1.28432,1.28471,1.00,1.00
2016.08.28 22:54:09.989,1.28432,1.28469,1.00,1.00
2016.08.28 22:54:10.633,1.28443,1.28469,1.00,1.00
2016.08.28 22:54:20.740,1.28443,1.28471,1.00,1.00
2016.08.28 22:54:22.554,1.28434,1.28467,1.00,1.00
2016.08.28 22:54:23.066,1.28432,1.28469,1.00,1.00
2016.08.28 22:54:40.950,1.28432,1.28469,1.00,1.50
2016.08.28 22:54:41.001,1.28426,1.2845,1.00,1.00
2016.08.28 22:54:41.104,1.28418,1.2845,1.00,1.00
2016.08.28 22:54:41.155,1.28418,1.2845,1.00,1.00
2016.08.28 22:54:41.206,1.28412,1.28455,1.00,1.00
2016.08.28 22:54:41.409,1.28412,1.28455,1.12,1.00
2016.08.28 22:54:41.460,1.28417,1.28464,1.00,1.50
2016.08.28 22:54:41.831,1.28417,1.28464,1.00,1.50
2016.08.28 22:54:42.034,1.28417,1.28464,1.00,1.00
2016.08.28 22:54:42.786,1.28422,1.28458,1.00,1.00
2016.08.28 22:54:46.588,1.28423,1.28459,1.00,1.00
2016.08.28 22:54:50.608,1.28423,1.28458,1.00,1.00
2016.08.28 22:55:10.117,1.28426,1.28458,1.00,1.00
2016.08.28 22:55:10.219,1.28423,1.28458,1.00,1.00
2016.08.28 22:55:45.969,1.28419,1.28453,1.00,1.00
2016.08.28 22:55:48.054,1.28418,1.28452,1.00,1.00
2016.08.28 22:55:58.576,1.2842,1.28452,1.00,1.00
2016.08.28 22:56:18.010,1.28419,1.28452,1.00,1.00
2016.08.28 22:56:28.223,1.28418,1.28452,1.00,1.00
2016.08.28 22:56:28.325,1.28414,1.28449,1.00,1.00
2016.08.28 22:56:28.833,1.28415,1.28448,1.00,1.00
2016.08.28 22:56:32.351,1.28413,1.28443,1.00,1.00
2016.08.28 22:56:32.963,1.28407,1.2844,1.00,1.00
2016.08.28 22:56:33.111,1.28405,1.28441,1.00,1.00
2016.08.28 22:56:34.163,1.28404,1.2844,1.00,1.00
2016.08.28 22:56:39.060,1.28406,1.2844,1.00,1.00
2016.08.28 22:56:39.161,1.28405,1.28444,1.00,1.00
2016.08.28 22:56:39.364,1.28407,1.28445,1.00,1.00
2016.08.28 22:56:57.057,1.28408,1.28447,1.00,1.00
2016.08.28 22:57:35.199,1.28405,1.28448,1.00,1.00
2016.08.28 22:57:36.527,1.28406,1.28447,1.00,1.00
2016.08.28 22:58:14.611,1.28406,1.28447,1.00,1.00
2016.08.28 22:58:18.354,1.28408,1.28449,1.00,1.00
2016.08.28 22:58:29.168,1.28406,1.28451,1.00,1.00
2016.08.28 22:58:29.219,1.28406,1.28451,1.00,1.00
2016.08.28 22:58:30.224,1.28406,1.28451,1.00,1.00
2016.08.28 22:58:30.678,1.2841,1.28449,1.00,1.00
2016.08.28 22:58:34.375,1.28408,1.28448,1.00,1.00
2016.08.28 22:59:07.572,1.28409,1.2845,1.00,1.00
2016.08.28 22:59:12.683,1.28409,1.28449,1.00,1.00
2016.08.28 22:59:12.885,1.28407,1.28448,1.00,1.00
2016.08.28 22:59:12.987,1.28406,1.28445,1.00,1.00
2016.08.28 22:59:18.449,1.28408,1.28445,1.00,1.00
2016.08.28 22:59:23.456,1.28405,1.28446,1.00,1.00
2016.08.28 22:59:24.486,1.28405,1.28446,1.00,1.00
2016.08.28 22:59:24.552,1.28408,1.28446,1.00,1.00
2016.08.28 22:59:32.289,1.28407,1.28449,1.00,1.00
2016.08.28 22:59:32.340,1.28407,1.28449,1.00,1.00
2016.08.28 22:59:34.017,1.28407,1.28444,1.00,1.00
2016.08.28 22:59:34.069,1.28408,1.28435,1.00,1.00
2016.08.28 22:59:34.273,1.28407,1.28438,1.00,1.00
2016.08.28 22:59:35.179,1.28406,1.2844,1.00,1.00
2016.08.28 22:59:35.281,1.28407,1.28443,1.00,1.00
2016.08.28 22:59:37.006,1.28404,1.28443,1.00,1.00
2016.08.28 22:59:37.743,1.28404,1.28443,1.00,1.00
2016.08.28 22:59:38.232,1.28404,1.28443,1.00,1.00
2016.08.28 22:59:38.436,1.28404,1.28443,1.00,1.00
2016.08.28 22:59:38.700,1.28406,1.28444,1.00,1.00
2016.08.28 22:59:40.434,1.28406,1.28447,1.00,1.00
2016.08.28 22:59:40.485,1.28413,1.28446,1.00,1.00
2016.08.28 22:59:42.794,1.28419,1.28454,1.00,1.00
2016.08.28 22:59:42.896,1.28422,1.28453,1.00,1.00
2016.08.28 22:59:43.018,1.28424,1.28463,1.00,1.00
2016.08.28 22:59:52.043,1.28424,1.28465,1.00,1.00
2016.08.28 22:59:52.145,1.28425,1.28468,1.00,1.00
2016.08.28 22:59:52.247,1.28426,1.2847,1.00,1.00
2016.08.28 22:59:52.551,1.28426,1.2847,1.00,1.00
2016.08.28 22:59:59.162,1.28428,1.28471,1.00,1.00
