2007.08.03 06:00:02.561,2.4503,2.451,18.80,7.20
2007.08.03 06:00:03.065,2.45045,2.451,2.20,3.20
2007.08.03 06:00:03.583,2.4505,2.451,2.00,3.20
2007.08.03 06:00:04.833,2.45045,2.451,14.00,3.20
2007.08.03 06:00:04.890,2.4504,2.451,14.80,3.20
2007.08.03 06:00:05.239,2.4504,2.451,12.80,3.20
2007.08.03 06:00:05.334,2.4504,2.451,12.80,3.20
2007.08.03 06:00:05.390,2.45045,2.451,8.00,3.20
2007.08.03 06:00:06.154,2.45045,2.451,10.00,3.20
2007.08.03 06:00:06.769,2.45045,2.451,8.00,3.20
2007.08.03 06:00:07.712,2.45045,2.451,10.00,3.20
2007.08.03 06:00:08.760,2.4505,2.451,6.00,3.20
2007.08.03 06:00:09.286,2.45045,2.451,8.00,3.20
2007.08.03 06:00:09.683,2.4507,2.451,0.50,3.20
2007.08.03 06:00:12.645,2.4507,2.451,0.80,2.40
2007.08.03 06:00:12.753,2.4507,2.4511,1.50,4.00
2007.08.03 06:00:12.793,2.4508,2.4511,1.00,4.00
2007.08.03 06:00:13.075,2.4508,2.4512,1.40,2.40
2007.08.03 06:00:13.109,2.4507,2.4512,8.00,2.40
2007.08.03 06:00:13.268,2.45075,2.45135,1.50,4.00
2007.08.03 06:00:13.319,2.45075,2.45135,10.00,4.00
2007.08.03 06:00:13.357,2.4508,2.4514,10.00,2.40
2007.08.03 06:00:13.471,2.45085,2.4514,8.00,2.40
2007.08.03 06:00:13.792,2.451,2.4514,8.00,2.40
2007.08.03 06:00:14.411,2.451,2.45145,8.00,4.00
2007.08.03 06:00:14.507,2.4509,2.45145,2.10,4.00
2007.08.03 06:00:16.937,2.4509,2.45135,4.00,4.00
2007.08.03 06:00:17.356,2.4509,2.4512,4.00,2.40
2007.08.03 06:00:18.292,2.4509,2.45135,4.00,4.00
2007.08.03 06:00:31.332,2.4509,2.4512,4.00,2.40
2007.08.03 06:00:33.691,2.45075,2.4512,4.00,2.40
2007.08.03 06:00:33.789,2.45075,2.4514,4.00,7.20
2007.08.03 06:00:33.886,2.45075,2.4512,4.00,2.40
2007.08.03 06:00:33.958,2.45075,2.4512,4.00,10.40
2007.08.03 06:00:34.085,2.4507,2.45115,4.00,4.00
2007.08.03 06:00:34.204,2.4505,2.45115,8.00,4.00
2007.08.03 06:00:34.265,2.4505,2.4511,12.00,4.00
2007.08.03 06:00:34.337,2.4507,2.4511,4.00,4.00
2007.08.03 06:00:34.393,2.4507,2.4512,4.00,2.40
2007.08.03 06:00:34.509,2.4507,2.4512,8.00,2.40
2007.08.03 06:00:34.852,2.45075,2.4512,4.00,2.40
2007.08.03 06:00:35.352,2.4509,2.4514,4.00,6.40
2007.08.03 06:00:35.378,2.45095,2.4514,4.00,2.40
2007.08.03 06:00:35.881,2.4511,2.4514,4.00,2.40
2007.08.03 06:00:36.590,2.4509,2.4514,4.00,2.40
2007.08.03 06:00:36.959,2.4508,2.4514,4.00,2.40
2007.08.03 06:00:38.778,2.45075,2.45135,4.00,4.00
2007.08.03 06:00:42.138,2.45075,2.4513,4.00,0.80
2007.08.03 06:00:42.349,2.45075,2.4513,4.00,3.20
2007.08.03 06:00:44.921,2.4508,2.4513,4.00,3.20
2007.08.03 06:00:46.939,2.45075,2.4513,4.00,3.20
2007.08.03 06:00:47.133,2.45075,2.4513,1.10,3.20
2007.08.03 06:00:47.584,2.4507,2.4513,8.00,2.40
2007.08.03 06:00:47.710,2.4507,2.45135,8.00,4.00
2007.08.03 06:00:47.984,2.4507,2.4514,8.00,2.40
2007.08.03 06:00:48.259,2.4509,2.4514,1.90,2.40
2007.08.03 06:00:48.988,2.45095,2.4514,2.20,2.40
2007.08.03 06:00:49.748,2.45095,2.4516,6.40,4.00
2007.08.03 06:00:53.454,2.45095,2.4516,2.20,6.40
2007.08.03 06:00:56.524,2.4508,2.4516,10.40,2.40
2007.08.03 06:00:56.584,2.4508,2.4516,10.40,6.40
2007.08.03 06:00:56.847,2.4509,2.4516,12.00,6.40
2007.08.03 06:00:57.041,2.451,2.4516,8.00,6.40
2007.08.03 06:00:57.538,2.45105,2.4516,2.00,6.40
2007.08.03 06:00:58.469,2.451,2.4516,8.00,2.40
2007.08.03 06:00:59.232,2.451,2.4516,8.00,2.40
2007.08.03 06:00:59.950,2.451,2.4517,10.40,6.00
2007.08.03 06:00:59.989,2.451,2.4517,10.40,6.00
2007.08.03 06:01:01.249,2.45125,2.4517,1.00,4.00
2007.08.03 06:01:01.341,2.451,2.4518,10.40,6.40
2007.08.03 06:01:03.842,2.4513,2.4518,0.50,2.40
2007.08.03 06:01:04.900,2.4512,2.4518,8.00,2.40
2007.08.03 06:01:05.660,2.4511,2.4518,11.20,2.40
2007.08.03 06:01:05.935,2.4513,2.4518,0.60,6.40
2007.08.03 06:01:06.354,2.4512,2.4518,8.00,2.40
2007.08.03 06:01:06.975,2.4512,2.4518,3.70,2.40
2007.08.03 06:01:07.455,2.4512,2.4518,2.30,6.40
2007.08.03 06:01:08.010,2.45115,2.45175,8.00,4.00
2007.08.03 06:01:08.459,2.451,2.45175,10.40,4.00
2007.08.03 06:01:08.746,2.4513,2.45175,1.00,4.00
2007.08.03 06:01:08.796,2.4512,2.4518,11.20,2.40
2007.08.03 06:01:09.542,2.45125,2.4518,8.00,2.40
2007.08.03 06:01:10.109,2.45125,2.4517,8.00,2.40
2007.08.03 06:01:12.683,2.45125,2.4519,8.00,10.80
2007.08.03 06:01:12.871,2.4512,2.4516,11.20,2.40
2007.08.03 06:01:23.259,2.4513,2.4517,4.00,2.00
2007.08.03 06:01:28.580,2.4513,2.45165,4.00,4.00
2007.08.03 06:01:30.381,2.4513,2.45155,4.00,4.00
2007.08.03 06:01:30.593,2.4511,2.45155,4.00,4.00
2007.08.03 06:01:30.916,2.4511,2.45165,4.00,4.00
2007.08.03 06:01:31.164,2.4511,2.4517,8.00,2.00
2007.08.03 06:01:31.432,2.4511,2.4517,4.00,6.00
2007.08.03 06:01:31.615,2.4513,2.4517,4.00,6.00
2007.08.03 06:01:33.293,2.4513,2.45165,4.00,4.00
2007.08.03 06:01:33.359,2.4511,2.45165,4.00,4.00
2007.08.03 06:01:34.572,2.4511,2.4516,4.00,4.00
2007.08.03 06:01:35.057,2.4511,2.45155,4.00,4.00
2007.08.03 06:01:36.387,2.4511,2.4516,4.00,6.40
2007.08.03 06:01:37.410,2.4511,2.4516,4.00,2.40
2007.08.03 06:01:38.551,2.4511,2.4516,8.00,2.40
2007.08.03 06:01:39.091,2.4511,2.4516,4.00,2.40
2007.08.03 06:01:39.600,2.4511,2.4516,4.00,6.40
2007.08.03 06:01:40.452,2.4511,2.45155,4.00,4.00
2007.08.03 06:01:42.217,2.4511,2.4516,4.00,6.40
2007.08.03 06:01:44.541,2.4511,2.4516,4.00,2.40
2007.08.03 06:01:51.001,2.4511,2.4516,4.00,6.40
2007.08.03 06:01:54.342,2.4511,2.45155,4.00,4.00
2007.08.03 06:02:01.503,2.4511,2.4516,4.00,6.40
2007.08.03 06:02:02.267,2.4511,2.45155,4.00,4.00
2007.08.03 06:02:03.944,2.4511,2.4516,4.00,2.40
2007.08.03 06:02:04.301,2.451,2.4516,8.00,2.40
2007.08.03 06:02:04.393,2.451,2.45165,8.00,4.00
2007.08.03 06:02:04.460,2.45105,2.45165,4.00,4.00
2007.08.03 06:02:05.270,2.45115,2.4517,4.00,4.40
2007.08.03 06:02:05.317,2.45115,2.4515,4.00,2.40
2007.08.03 06:02:06.261,2.4511,2.4515,4.00,2.40
2007.08.03 06:02:07.091,2.4512,2.4515,4.00,2.40
2007.08.03 06:02:07.237,2.4512,2.4518,4.00,6.00
2007.08.03 06:02:08.291,2.45125,2.4517,4.00,2.40
2007.08.03 06:02:08.737,2.45115,2.4517,4.00,2.40
2007.08.03 06:02:08.989,2.4511,2.4517,4.00,2.40
2007.08.03 06:02:10.357,2.4512,2.4517,4.00,2.40
2007.08.03 06:02:10.874,2.45125,2.4517,4.00,2.40
2007.08.03 06:02:11.876,2.4513,2.4517,4.00,2.40
2007.08.03 06:02:12.414,2.45125,2.4517,4.00,2.40
2007.08.03 06:02:13.196,2.4513,2.4517,4.00,2.40
2007.08.03 06:02:13.332,2.4513,2.4517,8.00,2.40
2007.08.03 06:02:14.379,2.4513,2.4517,4.00,2.40
2007.08.03 06:02:14.530,2.45125,2.4517,4.00,2.40
2007.08.03 06:02:14.804,2.4513,2.4517,4.00,2.40
2007.08.03 06:02:15.867,2.45125,2.4517,4.00,2.40
2007.08.03 06:02:16.458,2.4513,2.4517,4.00,2.40
2007.08.03 06:02:17.471,2.4513,2.4517,8.00,2.40
2007.08.03 06:02:17.528,2.45135,2.4517,4.00,2.40
2007.08.03 06:02:17.777,2.45135,2.4519,4.00,5.20
2007.08.03 06:02:17.809,2.4513,2.4519,8.00,5.20
2007.08.03 06:02:18.027,2.4513,2.4519,8.00,9.20
2007.08.03 06:02:18.184,2.4515,2.4519,4.00,8.40
2007.08.03 06:02:18.292,2.4515,2.4519,4.00,6.00
2007.08.03 06:02:18.342,2.4515,2.4519,4.00,2.00
2007.08.03 06:02:20.299,2.4515,2.4518,4.00,2.00
2007.08.03 06:02:20.654,2.45135,2.4518,4.00,2.00
2007.08.03 06:02:21.223,2.45135,2.4519,4.00,4.00
2007.08.03 06:02:21.403,2.45135,2.452,4.00,10.00
2007.08.03 06:02:21.416,2.4514,2.452,4.00,6.00
2007.08.03 06:02:21.466,2.4515,2.452,4.00,6.00
2007.08.03 06:02:21.900,2.4515,2.452,8.00,6.00
2007.08.03 06:02:23.191,2.4515,2.452,8.00,2.00
2007.08.03 06:02:24.236,2.4515,2.452,8.00,6.00
2007.08.03 06:02:25.674,2.4515,2.452,4.00,8.40
2007.08.03 06:02:25.690,2.4515,2.4519,4.00,4.00
2007.08.03 06:02:25.741,2.4513,2.4519,6.40,8.00
2007.08.03 06:02:25.763,2.4513,2.4519,4.00,10.40
2007.08.03 06:02:25.808,2.45125,2.4519,4.00,10.40
2007.08.03 06:02:25.997,2.4511,2.4519,9.20,6.40
2007.08.03 06:02:26.012,2.4511,2.4519,9.20,10.40
2007.08.03 06:02:26.222,2.4515,2.4519,4.00,10.40
2007.08.03 06:02:26.326,2.4515,2.4519,4.00,8.00
2007.08.03 06:02:26.413,2.4515,2.4519,4.00,4.00
2007.08.03 06:02:26.520,2.4515,2.452,4.00,2.00
2007.08.03 06:02:26.583,2.4514,2.452,8.00,2.00
2007.08.03 06:02:26.943,2.4514,2.452,8.00,6.00
2007.08.03 06:02:27.252,2.4514,2.452,4.00,6.00
2007.08.03 06:02:27.632,2.45135,2.452,4.00,10.00
2007.08.03 06:02:29.413,2.4514,2.452,4.00,10.00
2007.08.03 06:02:29.426,2.4514,2.452,4.00,6.00
2007.08.03 06:02:29.489,2.4515,2.452,4.00,2.00
2007.08.03 06:02:29.512,2.4515,2.452,8.00,2.00
2007.08.03 06:02:29.730,2.4515,2.452,10.40,2.00
2007.08.03 06:02:29.982,2.4515,2.452,6.40,2.00
2007.08.03 06:02:30.145,2.4515,2.452,7.20,2.00
2007.08.03 06:02:30.515,2.45155,2.452,4.00,2.00
2007.08.03 06:02:31.006,2.4515,2.452,8.00,2.00
2007.08.03 06:02:31.540,2.4515,2.452,4.00,2.00
2007.08.03 06:02:31.677,2.4514,2.452,8.00,2.00
2007.08.03 06:02:31.692,2.4514,2.45205,8.00,6.00
2007.08.03 06:02:33.720,2.4514,2.4519,4.00,2.40
2007.08.03 06:02:33.865,2.4515,2.4519,4.00,2.40
2007.08.03 06:02:34.423,2.45145,2.4519,4.00,2.40
2007.08.03 06:02:34.680,2.4515,2.4519,4.00,2.40
2007.08.03 06:02:34.808,2.4515,2.452,4.00,4.00
2007.08.03 06:02:34.921,2.4515,2.4521,4.00,12.40
2007.08.03 06:02:36.234,2.45145,2.4521,4.00,12.40
2007.08.03 06:02:36.767,2.4515,2.4521,4.00,12.40
2007.08.03 06:02:40.144,2.4515,2.4521,4.00,8.40
2007.08.03 06:02:40.814,2.4515,2.4521,6.40,6.00
2007.08.03 06:02:40.935,2.45155,2.4521,4.00,6.00
2007.08.03 06:02:41.033,2.45155,2.4521,4.00,2.00
2007.08.03 06:02:42.157,2.45155,2.4521,4.00,2.80
2007.08.03 06:02:42.213,2.4515,2.4521,6.40,2.80
2007.08.03 06:02:42.377,2.4515,2.4521,6.40,6.80
2007.08.03 06:02:43.335,2.4515,2.4521,6.40,2.80
2007.08.03 06:02:43.383,2.4515,2.4521,4.00,5.20
2007.08.03 06:02:43.523,2.45155,2.4521,4.00,5.20
2007.08.03 06:02:46.320,2.4515,2.4521,4.00,9.20
2007.08.03 06:02:46.543,2.4515,2.4521,4.00,13.20
2007.08.03 06:02:47.259,2.4515,2.4521,4.00,9.20
2007.08.03 06:02:48.836,2.4515,2.452,4.00,2.00
2007.08.03 06:02:48.903,2.4514,2.452,8.00,2.00
2007.08.03 06:02:49.170,2.45145,2.452,4.00,2.00
2007.08.03 06:02:49.237,2.45145,2.452,4.00,6.00
2007.08.03 06:02:49.983,2.45145,2.452,4.00,2.00
2007.08.03 06:02:50.280,2.45145,2.452,4.00,6.00
2007.08.03 06:02:50.491,2.45145,2.452,4.00,2.00
2007.08.03 06:02:53.208,2.45145,2.4517,4.00,0.80
2007.08.03 06:02:53.271,2.4514,2.4517,4.00,0.80
2007.08.03 06:02:53.621,2.4514,2.452,4.00,2.80
2007.08.03 06:02:53.718,2.4514,2.452,4.00,2.00
2007.08.03 06:02:54.028,2.45145,2.452,4.00,2.00
2007.08.03 06:02:54.321,2.45145,2.452,4.00,6.00
2007.08.03 06:02:54.747,2.45145,2.4521,4.00,13.20
2007.08.03 06:02:55.357,2.45145,2.4519,4.00,0.50
2007.08.03 06:02:56.343,2.4514,2.4519,4.00,0.80
2007.08.03 06:02:56.690,2.4515,2.4519,4.00,0.60
2007.08.03 06:02:56.800,2.4515,2.45205,4.00,10.00
2007.08.03 06:02:56.819,2.4515,2.452,4.00,6.00
2007.08.03 06:02:57.741,2.4515,2.45205,4.00,6.00
2007.08.03 06:02:57.843,2.4515,2.4521,8.00,8.40
2007.08.03 06:02:57.936,2.4515,2.4521,8.00,8.40
2007.08.03 06:02:58.241,2.4515,2.452,8.00,0.60
2007.08.03 06:02:59.790,2.4515,2.452,4.00,0.80
2007.08.03 06:02:59.888,2.4514,2.45205,4.00,6.00
2007.08.03 06:02:59.906,2.4514,2.45205,4.00,10.00
2007.08.03 06:03:00.144,2.45145,2.452,4.00,0.90
2007.08.03 06:03:00.228,2.45145,2.4521,4.00,13.20
2007.08.03 06:03:03.200,2.4515,2.4521,4.00,13.20
2007.08.03 06:03:03.319,2.4515,2.452,10.40,3.60
2007.08.03 06:03:03.723,2.4515,2.452,4.00,3.60
2007.08.03 06:03:03.972,2.4513,2.45195,11.20,4.80
2007.08.03 06:03:04.213,2.45135,2.4519,4.00,0.80
2007.08.03 06:03:06.380,2.4514,2.4519,4.00,0.80
2007.08.03 06:03:19.755,2.4513,2.4519,4.00,0.90
2007.08.03 06:03:20.339,2.45125,2.452,4.00,21.50
2007.08.03 06:03:20.348,2.45125,2.452,4.00,21.50
2007.08.03 06:03:20.838,2.4513,2.45195,4.00,11.20
2007.08.03 06:03:20.877,2.4513,2.4519,4.00,0.90
2007.08.03 06:03:22.439,2.4513,2.4519,7.20,3.20
2007.08.03 06:03:22.533,2.4513,2.4519,7.20,0.80
2007.08.03 06:03:22.644,2.45135,2.4519,4.00,0.80
2007.08.03 06:03:24.442,2.4513,2.4519,7.20,0.80
2007.08.03 06:03:24.685,2.4514,2.45195,4.80,4.00
2007.08.03 06:03:24.697,2.4514,2.452,8.80,11.20
2007.08.03 06:03:24.809,2.4514,2.452,8.80,7.20
2007.08.03 06:03:24.891,2.4515,2.452,2.40,4.80
2007.08.03 06:03:25.201,2.4515,2.4519,2.40,0.80
2007.08.03 06:03:25.296,2.4514,2.4519,4.00,0.80
2007.08.03 06:03:25.449,2.4513,2.4519,7.20,0.80
2007.08.03 06:03:27.649,2.4514,2.4519,4.00,0.80
2007.08.03 06:03:27.737,2.4514,2.4519,8.00,0.80
2007.08.03 06:03:27.895,2.4515,2.4519,2.40,0.80
2007.08.03 06:03:48.254,2.45155,2.452,4.00,4.00
2007.08.03 06:03:48.345,2.45155,2.4521,4.00,6.80
2007.08.03 06:03:48.489,2.4515,2.4521,7.20,10.80
2007.08.03 06:03:48.772,2.4515,2.4521,3.20,10.80
2007.08.03 06:03:50.282,2.4515,2.4521,7.20,10.80
2007.08.03 06:03:50.641,2.4517,2.4521,0.80,10.00
2007.08.03 06:03:50.750,2.4517,2.4521,3.20,10.00
2007.08.03 06:03:50.854,2.4517,2.4521,3.20,6.00
2007.08.03 06:03:51.053,2.4517,2.4521,3.20,2.00
2007.08.03 06:03:51.255,2.4519,2.4521,2.40,2.00
2007.08.03 06:03:51.780,2.4517,2.4521,2.40,2.00
2007.08.03 06:03:51.826,2.4517,2.4521,2.40,6.00
2007.08.03 06:03:52.285,2.4517,2.4521,2.40,10.00
2007.08.03 06:03:52.305,2.4515,2.4521,10.40,10.00
2007.08.03 06:03:52.728,2.4515,2.4521,11.20,10.00
2007.08.03 06:03:54.712,2.4515,2.4521,11.20,6.00
2007.08.03 06:03:54.740,2.4516,2.4521,4.00,2.00
2007.08.03 06:03:54.829,2.4517,2.4521,6.40,2.00
2007.08.03 06:03:55.285,2.4517,2.4521,6.40,6.00
2007.08.03 06:03:55.539,2.4517,2.4521,6.40,2.00
2007.08.03 06:03:56.087,2.4517,2.4521,6.40,6.00
2007.08.03 06:03:56.236,2.4517,2.4521,2.40,6.00
2007.08.03 06:03:56.663,2.4517,2.4521,2.40,4.00
2007.08.03 06:03:56.856,2.4517,2.45215,2.40,4.00
2007.08.03 06:03:57.967,2.4515,2.45215,10.40,4.00
2007.08.03 06:04:01.932,2.4516,2.4522,4.00,4.40
2007.08.03 06:04:04.016,2.45155,2.4522,4.00,8.40
2007.08.03 06:04:04.478,2.4515,2.45215,10.40,4.00
2007.08.03 06:04:10.608,2.4516,2.4522,4.00,4.40
2007.08.03 06:04:12.693,2.45155,2.4522,4.00,9.20
2007.08.03 06:04:13.192,2.4515,2.45215,10.40,4.00
2007.08.03 06:04:14.094,2.4515,2.452,10.40,0.80
2007.08.03 06:04:14.203,2.4515,2.452,6.40,0.80
2007.08.03 06:04:14.712,2.4515,2.45215,10.40,4.00
2007.08.03 06:04:19.304,2.4516,2.4522,4.00,7.20
2007.08.03 06:04:19.650,2.4516,2.452,4.00,0.80
2007.08.03 06:04:19.815,2.4515,2.452,6.40,0.80
2007.08.03 06:04:20.150,2.4515,2.4521,7.20,0.80
2007.08.03 06:04:20.670,2.4515,2.452,6.40,0.80
2007.08.03 06:04:21.182,2.4515,2.4521,7.20,0.80
2007.08.03 06:04:21.341,2.4516,2.4521,4.00,0.80
2007.08.03 06:04:21.491,2.4516,2.4521,8.00,0.80
2007.08.03 06:04:22.360,2.4516,2.4521,4.00,0.80
2007.08.03 06:04:22.714,2.45155,2.452,4.00,0.80
2007.08.03 06:04:22.879,2.4515,2.452,6.40,0.80
2007.08.03 06:04:23.612,2.4515,2.4518,6.40,0.80
2007.08.03 06:04:23.831,2.4515,2.4518,4.00,0.80
2007.08.03 06:04:23.971,2.4514,2.4518,8.00,0.80
2007.08.03 06:04:24.139,2.4515,2.452,0.80,8.40
2007.08.03 06:04:24.216,2.4515,2.452,0.80,6.40
2007.08.03 06:04:24.229,2.4515,2.452,4.80,2.40
2007.08.03 06:04:24.650,2.4515,2.452,4.00,3.20
2007.08.03 06:04:24.987,2.45145,2.452,4.00,3.20
2007.08.03 06:04:26.012,2.4514,2.452,4.00,7.20
2007.08.03 06:04:26.085,2.4514,2.452,4.00,11.20
2007.08.03 06:04:26.530,2.4513,2.45195,13.20,4.00
2007.08.03 06:04:26.598,2.4513,2.4519,10.80,2.40
2007.08.03 06:04:26.706,2.4513,2.4518,6.00,0.80
2007.08.03 06:04:26.817,2.4513,2.4518,2.00,0.80
2007.08.03 06:04:27.304,2.4513,2.4518,6.00,0.80
2007.08.03 06:04:29.681,2.45135,2.4518,4.00,0.80
2007.08.03 06:04:29.699,2.4514,2.4518,4.00,0.80
2007.08.03 06:04:30.508,2.4513,2.4518,6.00,0.80
2007.08.03 06:04:33.257,2.4513,2.4518,4.00,0.80
2007.08.03 06:04:33.296,2.45125,2.4518,4.00,0.80
2007.08.03 06:04:33.690,2.4514,2.4519,4.00,11.20
2007.08.03 06:04:33.759,2.4514,2.4519,4.00,7.20
2007.08.03 06:04:33.777,2.4514,2.4519,4.00,3.20
2007.08.03 06:04:40.703,2.4514,2.4519,4.00,7.20
2007.08.03 06:04:41.188,2.4514,2.4519,4.80,6.40
2007.08.03 06:04:46.036,2.4514,2.4518,4.80,4.00
2007.08.03 06:04:46.121,2.4514,2.4518,4.00,4.00
2007.08.03 06:04:46.223,2.4514,2.4517,4.00,0.80
2007.08.03 06:04:46.417,2.4512,2.4517,4.00,3.20
2007.08.03 06:04:46.638,2.4512,2.4516,4.00,0.80
2007.08.03 06:04:46.840,2.4511,2.4516,2.40,0.80
2007.08.03 06:04:47.254,2.4511,2.4514,2.40,0.80
2007.08.03 06:04:47.359,2.451,2.4514,6.00,0.80
2007.08.03 06:04:48.710,2.451,2.4515,6.00,3.20
2007.08.03 06:04:49.612,2.4511,2.4515,2.00,3.20
2007.08.03 06:04:55.699,2.4511,2.4513,2.00,0.80
2007.08.03 06:04:55.803,2.4511,2.4513,2.00,3.20
2007.08.03 06:04:56.205,2.4511,2.4513,2.00,2.40
2007.08.03 06:04:56.322,2.4511,2.4515,2.00,3.20
2007.08.03 06:04:56.590,2.4511,2.4515,2.00,7.20
2007.08.03 06:04:56.759,2.451,2.4515,4.00,7.20
2007.08.03 06:04:56.866,2.451,2.4515,4.00,3.20
2007.08.03 06:04:57.242,2.45095,2.4515,4.00,3.20
2007.08.03 06:04:57.363,2.4509,2.4515,6.00,3.20
2007.08.03 06:04:57.647,2.4509,2.4515,6.80,3.20
2007.08.03 06:04:58.158,2.4509,2.4515,6.00,3.20
2007.08.03 06:04:58.266,2.4509,2.4513,6.00,2.40
2007.08.03 06:05:00.109,2.4509,2.4513,6.80,2.40
2007.08.03 06:05:00.310,2.4509,2.4515,6.80,3.20
2007.08.03 06:05:01.733,2.4511,2.4515,2.00,3.20
2007.08.03 06:05:07.630,2.4511,2.4513,2.00,0.80
2007.08.03 06:05:07.774,2.4511,2.4513,2.00,3.20
2007.08.03 06:05:07.946,2.4508,2.4513,4.00,3.20
2007.08.03 06:05:08.153,2.4511,2.4513,2.00,3.20
2007.08.03 06:05:08.250,2.4511,2.4516,2.00,15.10
2007.08.03 06:05:08.275,2.4511,2.4516,2.00,11.20
2007.08.03 06:05:08.688,2.451,2.4516,0.80,11.20
2007.08.03 06:05:08.973,2.451,2.4516,4.80,8.80
2007.08.03 06:05:09.176,2.451,2.4515,4.00,0.80
2007.08.03 06:05:09.389,2.451,2.4515,4.00,3.20
2007.08.03 06:05:19.188,2.451,2.4515,4.00,2.40
2007.08.03 06:05:19.704,2.451,2.4516,4.00,4.00
2007.08.03 06:05:20.072,2.45105,2.45165,4.00,4.00
2007.08.03 06:05:20.316,2.45105,2.4515,4.00,2.40
2007.08.03 06:05:21.355,2.45105,2.45165,4.00,4.00
2007.08.03 06:05:21.760,2.45105,2.4515,4.00,2.40
2007.08.03 06:05:27.733,2.4511,2.4515,4.00,2.40
2007.08.03 06:05:28.122,2.451,2.4511,8.00,0.80
2007.08.03 06:05:28.638,2.4511,2.4515,4.00,4.60
2007.08.03 06:05:28.732,2.4511,2.4515,4.00,2.40
2007.08.03 06:05:29.039,2.45105,2.4515,4.00,2.40
2007.08.03 06:05:29.300,2.451,2.4515,8.00,2.40
2007.08.03 06:05:29.324,2.451,2.4515,4.00,2.40
2007.08.03 06:05:29.740,2.451,2.4514,4.00,5.90
2007.08.03 06:05:30.180,2.4509,2.4511,4.00,0.80
2007.08.03 06:05:30.385,2.4506,2.4511,4.00,3.20
2007.08.03 06:05:30.684,2.4507,2.4511,4.00,3.20
2007.08.03 06:05:30.804,2.4507,2.4511,4.00,0.80
2007.08.03 06:05:30.825,2.4507,2.4511,8.00,0.80
2007.08.03 06:05:31.212,2.4507,2.4511,4.00,0.80
2007.08.03 06:05:31.334,2.4506,2.4511,4.00,0.80
2007.08.03 06:05:31.535,2.4506,2.4511,4.00,3.20
2007.08.03 06:05:31.753,2.45055,2.4511,4.00,3.20
2007.08.03 06:05:31.858,2.4505,2.4511,8.00,3.20
2007.08.03 06:05:31.905,2.4505,2.4511,4.00,3.20
2007.08.03 06:05:32.369,2.4505,2.4511,4.00,7.20
2007.08.03 06:05:35.738,2.4505,2.4511,4.00,3.20
2007.08.03 06:05:36.262,2.4505,2.4511,4.00,7.20
2007.08.03 06:05:36.514,2.4505,2.4511,4.00,3.20
2007.08.03 06:05:37.713,2.4505,2.4511,6.00,3.20
2007.08.03 06:05:37.782,2.45055,2.4511,4.00,3.20
2007.08.03 06:05:38.524,2.4506,2.4511,4.00,3.20
2007.08.03 06:05:38.820,2.4506,2.4511,1.80,3.20
2007.08.03 06:05:41.149,2.4505,2.4511,11.60,3.20
2007.08.03 06:05:41.707,2.4506,2.4511,0.60,0.80
2007.08.03 06:05:42.736,2.4505,2.4511,15.60,3.20
2007.08.03 06:05:43.299,2.4505,2.4511,15.60,3.20
2007.08.03 06:05:43.792,2.4508,2.4511,0.60,3.20
2007.08.03 06:05:43.808,2.4508,2.4511,2.00,2.40
2007.08.03 06:05:43.910,2.4508,2.4513,0.90,2.40
2007.08.03 06:05:43.940,2.4507,2.4513,8.00,2.40
2007.08.03 06:05:44.626,2.45085,2.4513,4.80,2.40
2007.08.03 06:05:44.738,2.45085,2.4515,4.80,11.10
2007.08.03 06:05:44.760,2.4509,2.4515,0.80,7.20
2007.08.03 06:05:44.959,2.4509,2.4515,2.60,3.20
2007.08.03 06:05:45.135,2.4508,2.4515,8.00,3.20
2007.08.03 06:05:45.177,2.4508,2.4515,8.00,7.10
2007.08.03 06:05:45.240,2.4507,2.4515,18.40,9.50
2007.08.03 06:05:45.347,2.4509,2.4513,2.00,2.40
2007.08.03 06:05:47.265,2.4507,2.4513,8.00,2.40
2007.08.03 06:05:48.532,2.4509,2.4513,1.80,2.40
2007.08.03 06:05:48.829,2.45095,2.4513,2.10,2.40
2007.08.03 06:05:50.601,2.4507,2.4513,12.00,2.40
2007.08.03 06:05:53.375,2.4508,2.4513,6.00,2.40
2007.08.03 06:06:22.277,2.45095,2.4515,4.00,3.20
2007.08.03 06:06:34.716,2.4509,2.4515,4.00,3.20
2007.08.03 06:06:35.539,2.4509,2.4515,4.00,5.60
2007.08.03 06:06:36.661,2.4509,2.4515,4.80,5.60
2007.08.03 06:06:36.956,2.4509,2.4515,4.80,3.20
2007.08.03 06:06:41.799,2.4509,2.4515,4.00,3.20
2007.08.03 06:06:41.861,2.45085,2.4515,4.00,7.20
2007.08.03 06:06:42.116,2.45085,2.4515,4.00,11.20
2007.08.03 06:06:50.328,2.45085,2.4514,4.00,2.40
2007.08.03 06:06:50.739,2.45085,2.4515,4.00,11.20
2007.08.03 06:06:50.783,2.4508,2.4512,4.00,2.40
2007.08.03 06:06:58.967,2.45085,2.4515,4.00,11.20
2007.08.03 06:06:59.546,2.45085,2.4515,4.00,7.20
2007.08.03 06:06:59.622,2.4509,2.4515,4.00,4.80
2007.08.03 06:07:04.268,2.45085,2.4512,4.00,2.40
2007.08.03 06:07:04.369,2.45085,2.4511,4.00,0.80
2007.08.03 06:07:04.472,2.45085,2.4511,4.00,3.20
2007.08.03 06:07:04.639,2.4508,2.4511,8.00,3.20
2007.08.03 06:07:04.672,2.4509,2.4511,4.00,2.40
2007.08.03 06:07:04.791,2.4509,2.4513,4.00,2.20
2007.08.03 06:07:04.893,2.4509,2.4514,4.00,0.80
2007.08.03 06:07:04.997,2.4509,2.4514,6.40,0.80
2007.08.03 06:07:05.307,2.451,2.45145,0.80,4.00
2007.08.03 06:07:05.335,2.451,2.4513,0.80,4.00
2007.08.03 06:07:05.419,2.451,2.4513,3.20,4.00
2007.08.03 06:07:05.455,2.451,2.45145,3.20,4.00
2007.08.03 06:07:05.763,2.451,2.4515,3.20,4.00
2007.08.03 06:07:05.840,2.451,2.4515,0.80,4.00
2007.08.03 06:07:05.936,2.4509,2.4515,11.20,4.00
2007.08.03 06:07:06.160,2.4509,2.4515,7.20,8.00
2007.08.03 06:07:06.305,2.451,2.4515,4.00,4.00
2007.08.03 06:07:06.562,2.45095,2.4515,4.00,4.00
2007.08.03 06:07:09.325,2.45095,2.4515,4.00,6.40
2007.08.03 06:07:10.320,2.45095,2.4515,4.00,2.40
2007.08.03 06:07:10.336,2.45095,2.4516,4.00,8.00
2007.08.03 06:07:10.490,2.45105,2.4516,4.00,4.00
2007.08.03 06:07:10.753,2.4511,2.4516,4.00,4.00
2007.08.03 06:07:10.850,2.4511,2.4515,4.00,2.40
2007.08.03 06:07:10.961,2.4511,2.4516,4.00,4.00
2007.08.03 06:07:11.042,2.4511,2.4517,4.00,2.40
2007.08.03 06:07:11.176,2.4511,2.4516,4.00,3.20
2007.08.03 06:07:11.277,2.4509,2.45155,6.40,4.00
2007.08.03 06:07:11.287,2.4509,2.4515,4.00,2.40
2007.08.03 06:07:12.205,2.4509,2.4515,8.00,2.40
2007.08.03 06:07:12.313,2.45105,2.4515,4.00,2.40
2007.08.03 06:07:12.734,2.45105,2.4516,4.00,3.90
2007.08.03 06:07:12.811,2.45105,2.45165,4.00,4.00
2007.08.03 06:07:12.841,2.4511,2.4517,4.00,2.40
2007.08.03 06:07:13.136,2.4511,2.4517,4.00,3.20
2007.08.03 06:07:13.336,2.4511,2.4517,4.00,4.80
2007.08.03 06:07:13.380,2.451,2.4513,4.00,2.40
2007.08.03 06:07:13.759,2.451,2.4515,4.00,2.40
2007.08.03 06:07:13.897,2.45115,2.4515,4.00,2.40
2007.08.03 06:07:14.468,2.45105,2.4515,4.00,2.40
2007.08.03 06:07:15.024,2.4511,2.4515,4.00,2.40
2007.08.03 06:07:15.195,2.4508,2.4515,4.00,2.40
2007.08.03 06:07:15.243,2.45105,2.4515,4.00,2.40
2007.08.03 06:07:15.294,2.45105,2.4517,4.00,12.70
2007.08.03 06:07:15.380,2.45105,2.4517,4.00,16.70
2007.08.03 06:07:15.494,2.4509,2.4513,4.00,2.40
2007.08.03 06:07:15.723,2.451,2.4513,4.00,2.40
2007.08.03 06:07:15.825,2.451,2.4515,4.00,2.40
2007.08.03 06:07:16.008,2.4511,2.4515,4.00,2.40
2007.08.03 06:07:16.812,2.4511,2.4517,4.00,2.40
2007.08.03 06:07:25.486,2.45115,2.4517,4.00,2.40
2007.08.03 06:07:25.637,2.45115,2.4517,4.00,3.20
2007.08.03 06:07:25.837,2.45115,2.4515,4.00,2.40
2007.08.03 06:07:26.022,2.451,2.4515,4.00,2.40
2007.08.03 06:07:26.152,2.4509,2.4515,8.00,2.40
2007.08.03 06:07:26.259,2.4511,2.4515,4.00,2.40
2007.08.03 06:07:26.283,2.45115,2.4515,4.00,2.40
2007.08.03 06:07:26.343,2.45115,2.4517,4.00,2.40
2007.08.03 06:07:27.029,2.4511,2.4517,4.00,2.40
2007.08.03 06:07:27.273,2.4511,2.4515,4.00,2.40
2007.08.03 06:07:28.049,2.45115,2.4518,4.00,4.00
2007.08.03 06:07:28.513,2.45115,2.4518,4.00,4.00
2007.08.03 06:07:29.409,2.4511,2.4515,4.00,2.40
2007.08.03 06:07:29.467,2.45105,2.4515,4.00,2.40
2007.08.03 06:07:29.690,2.4511,2.4515,4.00,2.40
2007.08.03 06:07:30.188,2.45105,2.4515,4.00,2.40
2007.08.03 06:07:30.691,2.4511,2.45165,2.40,4.00
2007.08.03 06:07:32.328,2.451,2.45165,8.00,4.00
2007.08.03 06:07:32.365,2.451,2.4516,4.00,4.00
2007.08.03 06:07:32.742,2.45095,2.4516,4.00,4.00
2007.08.03 06:07:33.134,2.451,2.45165,4.00,4.00
2007.08.03 06:07:33.254,2.451,2.45165,8.00,4.00
2007.08.03 06:07:33.353,2.4511,2.45165,2.40,4.00
2007.08.03 06:07:35.980,2.45115,2.4518,4.00,4.00
2007.08.03 06:07:36.356,2.4513,2.4518,4.00,4.00
2007.08.03 06:07:36.468,2.4513,2.4518,6.40,4.00
2007.08.03 06:07:37.279,2.4513,2.45175,6.40,4.00
2007.08.03 06:07:38.413,2.4512,2.45175,6.40,4.00
2007.08.03 06:07:38.558,2.4512,2.4517,6.40,4.00
2007.08.03 06:07:41.859,2.4512,2.45175,6.40,4.00
2007.08.03 06:07:42.375,2.4513,2.45175,4.00,4.00
2007.08.03 06:07:42.470,2.4513,2.45175,6.40,4.00
2007.08.03 06:07:42.621,2.4513,2.4518,6.40,4.00
2007.08.03 06:07:44.175,2.4513,2.4517,6.40,4.00
2007.08.03 06:07:44.528,2.4513,2.4517,4.00,4.00
2007.08.03 06:07:44.832,2.4511,2.4517,6.40,4.00
2007.08.03 06:07:46.995,2.4511,2.4519,6.40,4.40
2007.08.03 06:07:47.531,2.45115,2.45175,4.00,4.00
2007.08.03 06:07:47.630,2.4513,2.45175,4.00,4.00
2007.08.03 06:07:47.727,2.4513,2.4517,4.00,2.40
2007.08.03 06:07:48.067,2.4513,2.4516,4.00,4.00
2007.08.03 06:07:48.253,2.4511,2.4516,4.00,4.00
2007.08.03 06:07:48.346,2.4511,2.4519,6.40,4.40
2007.08.03 06:07:48.781,2.4511,2.4516,6.40,4.00
2007.08.03 06:07:48.858,2.4511,2.4516,4.00,4.00
2007.08.03 06:07:48.881,2.4511,2.4517,8.00,2.40
2007.08.03 06:07:49.138,2.4511,2.4517,4.00,6.40
2007.08.03 06:07:49.377,2.4513,2.4517,4.00,6.40
2007.08.03 06:07:49.691,2.4513,2.4517,4.00,2.40
2007.08.03 06:07:49.983,2.4513,2.45175,6.40,4.00
2007.08.03 06:07:50.430,2.4513,2.45175,6.40,0.80
2007.08.03 06:07:54.123,2.4513,2.4519,6.40,6.00
2007.08.03 06:07:54.204,2.4513,2.4517,2.40,0.90
2007.08.03 06:07:54.397,2.4511,2.4519,6.40,8.40
2007.08.03 06:07:55.946,2.4511,2.4518,6.40,9.50
2007.08.03 06:07:57.373,2.4511,2.452,6.40,13.80
2007.08.03 06:07:57.756,2.4511,2.4519,6.40,8.40
2007.08.03 06:07:59.093,2.4511,2.452,6.40,13.80
2007.08.03 06:07:59.450,2.4511,2.4518,6.40,9.50
2007.08.03 06:08:00.315,2.4511,2.4518,6.40,9.50
2007.08.03 06:08:00.527,2.4511,2.4516,6.40,0.60
2007.08.03 06:08:03.113,2.4511,2.45155,6.40,0.50
2007.08.03 06:08:03.403,2.4511,2.4518,6.40,0.70
2007.08.03 06:08:04.353,2.4511,2.4519,2.40,14.60
2007.08.03 06:08:04.985,2.4509,2.4517,6.40,6.40
2007.08.03 06:08:05.212,2.4509,2.4515,6.40,0.60
2007.08.03 06:08:05.391,2.4511,2.4517,4.00,6.40
2007.08.03 06:08:09.400,2.4509,2.4517,4.00,11.20
2007.08.03 06:08:10.471,2.45085,2.4517,8.00,17.60
2007.08.03 06:08:12.140,2.4509,2.4515,4.00,6.40
2007.08.03 06:08:13.940,2.4509,2.4515,4.80,6.40
2007.08.03 06:08:13.987,2.4509,2.4515,4.80,0.50
2007.08.03 06:08:15.536,2.451,2.45165,4.00,6.40
2007.08.03 06:08:16.321,2.45095,2.4516,4.00,6.40
2007.08.03 06:08:17.462,2.451,2.4515,4.00,0.80
2007.08.03 06:08:18.143,2.45095,2.4515,4.00,0.70
2007.08.03 06:08:18.637,2.4509,2.4515,4.80,6.40
2007.08.03 06:08:21.227,2.451,2.4515,4.00,2.40
2007.08.03 06:08:22.223,2.45095,2.4515,4.00,2.40
2007.08.03 06:08:23.322,2.4509,2.4515,4.80,6.40
2007.08.03 06:08:24.464,2.451,2.4515,4.80,6.40
2007.08.03 06:08:24.564,2.451,2.4515,4.80,4.00
2007.08.03 06:08:24.611,2.451,2.4516,8.80,2.40
2007.08.03 06:08:26.935,2.4512,2.4516,4.00,2.40
2007.08.03 06:08:27.042,2.4512,2.45165,4.00,4.00
2007.08.03 06:08:27.200,2.4512,2.4518,8.00,2.00
2007.08.03 06:08:27.329,2.4512,2.45185,8.00,4.00
2007.08.03 06:08:47.413,2.45125,2.4519,4.00,8.40
2007.08.03 06:08:52.499,2.4513,2.4519,4.00,4.40
2007.08.03 06:08:57.569,2.4513,2.4519,4.00,2.00
2007.08.03 06:08:57.610,2.45135,2.4519,4.00,2.00
2007.08.03 06:08:57.885,2.4514,2.4519,4.00,2.00
2007.08.03 06:08:59.513,2.4514,2.4519,4.00,2.80
2007.08.03 06:08:59.619,2.4514,2.4519,4.00,5.20
2007.08.03 06:08:59.650,2.4513,2.4519,4.00,5.20
2007.08.03 06:09:02.624,2.4513,2.4517,4.00,0.80
2007.08.03 06:09:02.719,2.4512,2.4517,4.00,0.80
2007.08.03 06:09:08.185,2.4512,2.4518,4.00,2.00
2007.08.03 06:09:08.199,2.4512,2.45185,4.00,4.00
2007.08.03 06:09:08.696,2.4512,2.45185,8.00,4.00
2007.08.03 06:09:08.842,2.4513,2.4519,4.00,3.20
2007.08.03 06:09:10.664,2.45125,2.4516,4.00,2.40
2007.08.03 06:09:10.943,2.45115,2.4516,4.00,2.40
2007.08.03 06:09:21.376,2.45115,2.45175,4.00,4.00
2007.08.03 06:09:21.402,2.45115,2.4518,4.00,6.40
2007.08.03 06:09:21.446,2.4511,2.4518,10.40,6.40
2007.08.03 06:09:24.131,2.45115,2.4517,2.10,2.00
2007.08.03 06:09:35.390,2.451,2.4517,12.80,2.00
2007.08.03 06:09:37.102,2.451,2.4517,14.40,2.00
2007.08.03 06:09:43.474,2.451,2.4517,16.00,2.00
2007.08.03 06:09:43.575,2.4511,2.4517,7.20,2.00
2007.08.03 06:09:44.853,2.4511,2.4517,0.60,6.00
2007.08.03 06:09:47.306,2.45105,2.4517,10.40,6.00
2007.08.03 06:09:48.411,2.45105,2.4517,6.40,6.00
2007.08.03 06:09:49.509,2.4511,2.4517,6.40,2.00
2007.08.03 06:09:49.640,2.4512,2.4517,4.00,2.00
2007.08.03 06:09:49.746,2.4513,2.4517,2.40,2.00
2007.08.03 06:09:50.775,2.4513,2.4517,2.40,6.00
2007.08.03 06:09:50.904,2.4511,2.4517,2.40,6.00
2007.08.03 06:09:57.003,2.4511,2.45165,2.40,4.00
2007.08.03 06:09:57.202,2.4513,2.45165,4.00,4.00
2007.08.03 06:09:57.523,2.4513,2.4517,4.00,4.00
2007.08.03 06:09:57.747,2.4513,2.45175,4.00,4.00
2007.08.03 06:09:58.769,2.4513,2.4517,4.00,4.00
2007.08.03 06:09:58.833,2.4511,2.4517,6.40,4.00
2007.08.03 06:09:59.653,2.4513,2.4517,4.00,4.00
2007.08.03 06:09:59.784,2.4513,2.45175,4.00,4.00
2007.08.03 06:10:02.626,2.4513,2.4518,4.00,2.40
2007.08.03 06:10:03.128,2.4513,2.4518,4.00,6.40
2007.08.03 06:10:10.247,2.4513,2.4518,4.00,2.40
2007.08.03 06:10:15.597,2.4513,2.4518,4.80,2.40
2007.08.03 06:10:15.704,2.4515,2.4518,4.00,2.40
2007.08.03 06:10:15.809,2.4515,2.45185,4.00,4.00
2007.08.03 06:10:15.891,2.4515,2.4519,4.00,0.80
2007.08.03 06:10:16.210,2.4513,2.4519,10.40,0.80
2007.08.03 06:10:16.289,2.4513,2.4519,10.40,4.80
2007.08.03 06:10:16.319,2.4513,2.4518,8.00,2.40
2007.08.03 06:10:16.377,2.4513,2.4518,4.00,2.40
2007.08.03 06:10:37.166,2.4514,2.4518,4.00,2.40
2007.08.03 06:10:37.271,2.4514,2.4519,4.00,0.80
2007.08.03 06:10:46.375,2.4515,2.4519,0.80,0.80
2007.08.03 06:10:46.473,2.4516,2.4521,4.00,4.00
2007.08.03 06:10:46.565,2.4516,2.4522,4.00,6.80
2007.08.03 06:10:48.802,2.45155,2.4522,4.00,6.80
2007.08.03 06:10:48.829,2.45155,2.4521,4.00,2.00
2007.08.03 06:10:49.324,2.4516,2.4521,4.00,2.00
2007.08.03 06:10:49.336,2.4516,2.4522,4.00,6.80
2007.08.03 06:10:58.234,2.4516,2.4522,4.00,6.00
2007.08.03 06:10:58.433,2.4516,2.4522,8.00,2.00
2007.08.03 06:10:58.682,2.45165,2.4522,4.00,2.00
2007.08.03 06:10:59.204,2.4516,2.4522,8.00,2.00
2007.08.03 06:11:00.234,2.4516,2.4522,8.00,2.80
2007.08.03 06:11:00.466,2.4516,2.4522,4.00,6.80
2007.08.03 06:11:09.933,2.4516,2.4522,4.00,4.80
2007.08.03 06:11:32.195,2.4516,2.45215,4.00,4.00
2007.08.03 06:11:36.347,2.4516,2.4522,4.00,4.00
2007.08.03 06:11:42.836,2.4516,2.4522,4.00,4.80
2007.08.03 06:11:42.916,2.4516,2.4522,4.00,7.20
2007.08.03 06:11:42.967,2.4516,2.45215,4.00,4.00
2007.08.03 06:11:49.579,2.4516,2.4521,4.00,4.00
2007.08.03 06:11:53.547,2.4516,2.45215,4.00,4.00
2007.08.03 06:11:54.144,2.4516,2.4521,4.00,4.00
2007.08.03 06:11:55.073,2.4516,2.45205,4.00,4.00
2007.08.03 06:11:55.358,2.4516,2.45215,4.00,4.00
2007.08.03 06:11:56.224,2.4516,2.4522,4.00,7.20
2007.08.03 06:11:56.311,2.4516,2.4522,4.00,3.20
2007.08.03 06:11:56.494,2.4516,2.45205,4.00,4.00
2007.08.03 06:11:56.742,2.4516,2.4521,4.00,4.00
2007.08.03 06:11:57.023,2.4516,2.45205,4.00,4.00
2007.08.03 06:11:57.539,2.4516,2.4521,4.00,4.00
2007.08.03 06:12:02.514,2.4516,2.45205,4.00,4.00
2007.08.03 06:12:05.135,2.4516,2.4519,4.00,0.80
2007.08.03 06:12:05.230,2.4514,2.4519,10.40,0.80
2007.08.03 06:12:05.241,2.45145,2.4519,4.00,0.80
2007.08.03 06:12:05.567,2.4514,2.45185,6.40,4.00
2007.08.03 06:12:05.642,2.4514,2.4518,6.40,0.80
2007.08.03 06:12:05.758,2.4514,2.4518,4.00,0.80
2007.08.03 06:12:07.206,2.4514,2.45185,6.40,4.00
2007.08.03 06:12:07.487,2.4514,2.45195,6.40,4.00
2007.08.03 06:12:07.535,2.4514,2.45195,1.40,4.00
2007.08.03 06:12:08.121,2.4514,2.4518,1.10,0.80
2007.08.03 06:12:08.248,2.4513,2.45195,13.60,4.00
2007.08.03 06:12:08.845,2.4514,2.45195,1.90,4.00
2007.08.03 06:12:11.172,2.4514,2.4519,0.70,4.00
2007.08.03 06:12:11.453,2.4513,2.45195,11.20,4.00
2007.08.03 06:12:11.989,2.4514,2.4519,1.40,4.00
2007.08.03 06:12:16.879,2.4513,2.4519,7.20,8.00
2007.08.03 06:12:17.259,2.4513,2.4518,6.40,2.40
2007.08.03 06:12:17.421,2.4513,2.45165,6.40,4.00
2007.08.03 06:12:17.469,2.451,2.45165,16.80,4.00
2007.08.03 06:12:17.537,2.451,2.45165,12.80,4.00
2007.08.03 06:12:17.691,2.451,2.4516,4.90,0.80
2007.08.03 06:12:17.793,2.451,2.4516,1.30,3.20
2007.08.03 06:12:17.856,2.4509,2.4516,15.20,3.20
2007.08.03 06:12:18.204,2.451,2.4516,14.40,2.40
2007.08.03 06:12:18.303,2.451,2.45165,12.80,4.00
2007.08.03 06:12:18.346,2.4511,2.4516,1.00,4.00
2007.08.03 06:12:18.604,2.451,2.45175,12.80,4.00
2007.08.03 06:12:19.417,2.45105,2.4517,8.00,4.00
2007.08.03 06:12:19.687,2.451,2.45165,12.80,4.00
2007.08.03 06:12:20.713,2.451,2.4517,12.80,4.00
2007.08.03 06:12:21.234,2.451,2.45175,12.80,4.00
2007.08.03 06:12:22.024,2.4511,2.4518,8.00,6.40
2007.08.03 06:12:22.284,2.4511,2.4518,8.00,2.40
2007.08.03 06:12:22.530,2.451,2.45175,12.80,4.00
2007.08.03 06:12:23.042,2.45115,2.4518,1.30,6.40
2007.08.03 06:12:23.535,2.451,2.45175,12.80,4.00
2007.08.03 06:12:24.357,2.4512,2.4518,1.60,2.40
2007.08.03 06:12:25.389,2.4512,2.4518,8.00,2.40
2007.08.03 06:12:25.472,2.4512,2.4518,10.40,2.40
2007.08.03 06:12:26.169,2.4512,2.45175,6.40,4.00
2007.08.03 06:12:26.402,2.4511,2.45175,5.60,4.00
2007.08.03 06:12:26.427,2.451,2.45165,20.60,4.00
2007.08.03 06:12:26.473,2.4511,2.45165,1.10,4.00
2007.08.03 06:12:26.703,2.451,2.45175,12.80,4.00
2007.08.03 06:12:28.369,2.4513,2.45175,2.00,4.00
2007.08.03 06:12:29.219,2.4512,2.4518,10.40,2.40
2007.08.03 06:12:30.493,2.4513,2.45175,0.80,4.00
2007.08.03 06:12:31.044,2.4512,2.45165,6.40,4.00
2007.08.03 06:12:31.363,2.451,2.45165,12.80,4.00
2007.08.03 06:12:31.657,2.4511,2.45165,1.40,4.00
2007.08.03 06:12:32.182,2.4511,2.45165,7.20,4.00
2007.08.03 06:12:32.376,2.4512,2.4517,3.60,4.00
2007.08.03 06:12:33.610,2.4512,2.4517,8.00,4.00
2007.08.03 06:12:33.929,2.4512,2.4518,8.00,8.00
2007.08.03 06:12:33.973,2.4513,2.4518,0.80,4.00
2007.08.03 06:12:34.025,2.4513,2.4518,7.20,4.00
2007.08.03 06:12:34.277,2.4513,2.4518,7.20,8.00
2007.08.03 06:12:36.989,2.4514,2.4518,4.00,4.00
2007.08.03 06:12:38.790,2.4514,2.45185,4.00,4.00
2007.08.03 06:12:38.825,2.4514,2.4519,4.00,10.80
2007.08.03 06:12:38.958,2.4514,2.4519,4.00,10.00
2007.08.03 06:12:39.310,2.4514,2.4519,4.00,6.00
2007.08.03 06:12:39.545,2.4514,2.4519,4.00,10.00
2007.08.03 06:12:42.095,2.4514,2.45185,4.00,4.00
2007.08.03 06:12:44.179,2.4514,2.4519,4.00,10.00
2007.08.03 06:12:44.920,2.4514,2.4519,4.00,10.80
2007.08.03 06:12:45.193,2.4514,2.4518,4.00,4.00
2007.08.03 06:12:45.445,2.4514,2.45185,4.00,4.00
2007.08.03 06:12:45.635,2.4514,2.4517,4.00,0.80
2007.08.03 06:12:58.683,2.4514,2.4518,4.00,4.00
2007.08.03 06:12:59.023,2.4514,2.4519,4.00,2.80
2007.08.03 06:12:59.191,2.4514,2.4519,4.80,2.00
2007.08.03 06:13:04.149,2.4514,2.4519,4.00,2.80
2007.08.03 06:13:04.763,2.4516,2.4519,4.00,2.80
2007.08.03 06:13:05.170,2.4516,2.4519,4.00,2.00
2007.08.03 06:13:05.673,2.4514,2.4519,4.00,2.00
2007.08.03 06:13:06.178,2.4514,2.4519,4.00,6.00
2007.08.03 06:13:06.685,2.4514,2.45185,4.00,4.00
2007.08.03 06:13:08.657,2.4513,2.45185,7.20,4.00
2007.08.03 06:13:09.180,2.4515,2.45185,4.80,4.00
2007.08.03 06:13:09.264,2.4515,2.4519,4.80,2.00
2007.08.03 06:13:15.501,2.4514,2.4519,1.20,2.80
2007.08.03 06:13:15.600,2.4513,2.4519,13.60,2.80
2007.08.03 06:13:15.622,2.4513,2.45185,9.60,4.00
2007.08.03 06:13:19.289,2.4513,2.4517,6.40,0.80
2007.08.03 06:13:20.005,2.4513,2.45185,7.20,4.00
2007.08.03 06:13:20.224,2.4513,2.4519,11.20,10.00
2007.08.03 06:13:20.240,2.4514,2.4519,1.40,6.00
2007.08.03 06:13:20.337,2.4514,2.4519,2.10,2.00
2007.08.03 06:13:27.166,2.4513,2.4518,7.20,4.00
2007.08.03 06:13:27.420,2.4513,2.45185,7.20,4.00
2007.08.03 06:13:27.463,2.4513,2.45185,0.50,4.00
2007.08.03 06:13:27.559,2.4512,2.45185,3.30,4.00
2007.08.03 06:13:28.469,2.4512,2.4519,10.40,6.00
2007.08.03 06:13:28.987,2.4511,2.45185,13.60,4.00
2007.08.03 06:13:31.032,2.4512,2.45185,4.40,4.00
2007.08.03 06:13:31.280,2.45115,2.4518,8.00,4.00
2007.08.03 06:13:34.334,2.4511,2.45185,13.60,4.00
2007.08.03 06:13:35.182,2.4513,2.45185,7.20,4.00
2007.08.03 06:13:35.330,2.4514,2.4519,1.60,7.20
2007.08.03 06:13:37.239,2.4514,2.4519,1.00,9.20
2007.08.03 06:13:38.931,2.4514,2.4519,4.00,7.20
2007.08.03 06:13:39.067,2.4514,2.4517,4.00,0.80
2007.08.03 06:13:39.298,2.4514,2.4517,4.00,2.40
2007.08.03 06:13:40.320,2.4514,2.4519,4.00,3.20
2007.08.03 06:13:40.624,2.4515,2.4519,0.80,2.40
2007.08.03 06:13:40.737,2.4515,2.452,4.80,10.00
2007.08.03 06:13:40.959,2.4515,2.452,4.80,2.00
2007.08.03 06:13:44.179,2.4515,2.4519,4.80,2.00
2007.08.03 06:13:45.707,2.4515,2.4519,4.00,2.80
2007.08.03 06:13:45.781,2.4514,2.4519,10.40,2.80
2007.08.03 06:13:45.837,2.4514,2.4519,6.40,2.80
2007.08.03 06:13:45.891,2.4514,2.4519,4.00,5.20
2007.08.03 06:13:46.192,2.4514,2.4519,4.00,4.40
2007.08.03 06:13:46.322,2.4514,2.4519,4.00,8.40
2007.08.03 06:13:47.619,2.4514,2.4519,4.00,9.20
2007.08.03 06:13:50.685,2.45125,2.4519,4.00,9.20
2007.08.03 06:13:50.938,2.4512,2.4518,6.40,4.00
2007.08.03 06:13:52.988,2.45125,2.45185,4.00,4.00
2007.08.03 06:13:54.190,2.45125,2.4517,4.00,0.80
2007.08.03 06:13:54.596,2.45125,2.4518,4.00,0.80
2007.08.03 06:13:54.718,2.45125,2.4517,4.00,2.40
2007.08.03 06:13:54.752,2.4512,2.4517,4.00,2.40
2007.08.03 06:13:55.275,2.45125,2.4517,4.00,2.40
2007.08.03 06:13:55.321,2.45125,2.45185,4.00,4.00
2007.08.03 06:13:57.088,2.4512,2.4518,6.40,4.00
2007.08.03 06:14:06.044,2.45125,2.45185,4.00,4.00
2007.08.03 06:14:06.840,2.4512,2.45175,6.40,4.00
2007.08.03 06:14:06.883,2.4512,2.4519,6.40,7.20
2007.08.03 06:14:07.826,2.4512,2.4519,6.40,15.20
2007.08.03 06:14:08.135,2.4513,2.4519,0.80,15.20
2007.08.03 06:14:08.597,2.4513,2.45175,0.80,0.80
2007.08.03 06:14:08.736,2.4514,2.45175,4.00,0.70
2007.08.03 06:14:09.118,2.4514,2.45185,4.00,0.90
2007.08.03 06:14:10.116,2.4514,2.452,4.00,16.00
2007.08.03 06:14:10.619,2.4514,2.4519,4.00,0.80
2007.08.03 06:14:10.825,2.4514,2.452,4.00,0.90
2007.08.03 06:14:10.897,2.4515,2.4521,4.00,10.40
2007.08.03 06:14:11.243,2.4515,2.45215,4.00,14.40
2007.08.03 06:14:11.406,2.4514,2.4521,4.00,14.40
2007.08.03 06:14:13.683,2.4514,2.4521,4.00,15.20
2007.08.03 06:14:13.895,2.4514,2.4519,4.00,0.80
2007.08.03 06:14:14.019,2.4514,2.452,4.00,7.20
2007.08.03 06:14:14.090,2.4514,2.452,4.00,12.00
2007.08.03 06:14:14.208,2.4514,2.4518,4.00,4.00
2007.08.03 06:14:14.511,2.4513,2.4518,4.00,4.00
2007.08.03 06:14:14.614,2.4512,2.4518,4.00,8.00
2007.08.03 06:14:14.912,2.4512,2.4517,4.00,7.20
2007.08.03 06:14:15.125,2.4512,2.4516,4.00,1.60
2007.08.03 06:14:16.144,2.4512,2.4517,4.00,7.20
2007.08.03 06:14:16.437,2.4512,2.45175,4.00,7.20
2007.08.03 06:14:16.680,2.4512,2.45175,4.80,6.40
2007.08.03 06:14:16.999,2.45125,2.4518,4.00,3.20
2007.08.03 06:14:17.079,2.4514,2.4517,4.00,0.70
2007.08.03 06:14:17.203,2.45125,2.4517,4.00,0.80
2007.08.03 06:14:17.540,2.4512,2.45175,4.00,7.20
2007.08.03 06:14:18.730,2.4514,2.4517,4.00,0.50
2007.08.03 06:14:18.835,2.4514,2.4517,4.00,0.80
2007.08.03 06:14:20.668,2.4513,2.4518,2.40,1.60
2007.08.03 06:14:20.774,2.4512,2.4518,8.00,4.00
2007.08.03 06:14:20.862,2.4512,2.4517,4.00,0.80
2007.08.03 06:14:25.578,2.4512,2.4517,4.00,7.20
2007.08.03 06:14:25.870,2.4512,2.4518,4.00,9.60
2007.08.03 06:14:26.111,2.4512,2.45175,4.00,4.80
2007.08.03 06:14:28.205,2.4512,2.4518,7.20,8.00
2007.08.03 06:14:28.863,2.4512,2.4519,11.20,8.00
2007.08.03 06:14:28.968,2.4512,2.45185,15.20,0.70
2007.08.03 06:14:29.173,2.4513,2.45195,4.00,0.50
2007.08.03 06:14:30.671,2.4514,2.452,0.80,15.20
2007.08.03 06:14:30.729,2.4514,2.45185,0.80,0.60
2007.08.03 06:14:30.773,2.4514,2.45185,3.20,0.80
2007.08.03 06:14:30.886,2.4514,2.452,7.20,12.80
2007.08.03 06:14:30.978,2.4514,2.45195,7.20,0.70
2007.08.03 06:14:31.187,2.4514,2.4519,6.40,0.80
2007.08.03 06:14:31.699,2.4513,2.4519,9.50,0.80
2007.08.03 06:14:31.730,2.4513,2.45195,4.00,4.80
2007.08.03 06:14:31.757,2.45125,2.45185,4.00,0.50
2007.08.03 06:15:00.628,2.4514,2.45185,0.80,4.00
2007.08.03 06:15:00.799,2.4514,2.45195,0.80,4.00
2007.08.03 06:15:00.833,2.4514,2.45195,4.80,4.00
2007.08.03 06:15:01.249,2.4514,2.4519,4.00,0.80
2007.08.03 06:15:01.656,2.4513,2.4519,10.30,0.80
2007.08.03 06:15:01.750,2.4513,2.4519,9.50,0.80
2007.08.03 06:15:01.771,2.4513,2.4519,4.00,0.80
2007.08.03 06:15:01.919,2.45125,2.45185,4.00,4.00
2007.08.03 06:15:03.599,2.45125,2.4518,4.00,0.80
2007.08.03 06:15:03.880,2.4512,2.45175,7.20,4.00
2007.08.03 06:15:04.106,2.4513,2.45175,0.80,4.00
2007.08.03 06:15:04.216,2.4514,2.45175,4.00,4.00
2007.08.03 06:15:04.387,2.4514,2.4519,4.00,0.80
2007.08.03 06:15:04.718,2.4513,2.4519,9.50,0.80
2007.08.03 06:15:04.788,2.4513,2.4519,4.00,0.80
2007.08.03 06:15:04.944,2.45125,2.45185,4.00,4.00
2007.08.03 06:15:05.142,2.4513,2.45185,0.80,4.00
2007.08.03 06:15:05.277,2.4513,2.45185,6.30,4.00
2007.08.03 06:15:05.452,2.4514,2.45185,4.00,4.00
2007.08.03 06:15:05.493,2.4514,2.4519,4.00,0.80
2007.08.03 06:15:05.886,2.45135,2.4519,4.00,0.80
2007.08.03 06:15:06.002,2.45125,2.45185,4.00,4.00
2007.08.03 06:15:06.255,2.4512,2.4518,10.40,4.00
2007.08.03 06:15:08.174,2.4511,2.4518,21.60,4.00
2007.08.03 06:15:08.558,2.45115,2.4518,10.40,4.00
2007.08.03 06:15:08.640,2.4513,2.4518,0.80,4.00
2007.08.03 06:15:08.857,2.4514,2.4518,0.80,4.00
2007.08.03 06:15:08.949,2.4513,2.4518,9.60,4.00
2007.08.03 06:15:09.063,2.4513,2.4519,9.60,4.80
2007.08.03 06:15:09.665,2.4513,2.4519,4.80,4.80
2007.08.03 06:15:09.773,2.45125,2.4519,1.90,7.20
2007.08.03 06:15:09.840,2.4512,2.4518,2.10,4.00
2007.08.03 06:15:10.688,2.4513,2.4518,7.20,4.00
2007.08.03 06:15:10.870,2.4513,2.4519,7.20,7.20
2007.08.03 06:15:11.617,2.4514,2.4519,0.90,4.80
2007.08.03 06:15:11.739,2.4513,2.4519,9.60,7.20
2007.08.03 06:15:11.880,2.4513,2.45185,9.60,4.00
2007.08.03 06:15:11.956,2.4514,2.4518,1.30,0.80
2007.08.03 06:15:12.156,2.4514,2.45185,2.20,4.00
2007.08.03 06:15:12.666,2.4512,2.4517,10.40,0.80
2007.08.03 06:15:12.772,2.4511,2.4517,13.60,3.20
2007.08.03 06:15:12.911,2.4511,2.45165,9.60,4.00
2007.08.03 06:15:13.177,2.4512,2.4516,1.50,0.80
2007.08.03 06:15:14.190,2.4512,2.45165,1.20,4.00
2007.08.03 06:15:14.678,2.4511,2.4517,9.60,7.20
2007.08.03 06:15:20.287,2.4512,2.4516,1.40,2.40
2007.08.03 06:15:21.296,2.4511,2.45165,9.60,4.00
2007.08.03 06:15:21.332,2.4511,2.4517,9.60,7.20
2007.08.03 06:15:23.901,2.4511,2.4517,17.60,3.20
2007.08.03 06:15:25.437,2.4511,2.45165,9.60,4.00
2007.08.03 06:15:37.939,2.4512,2.4517,4.00,3.20
2007.08.03 06:15:41.287,2.4512,2.45165,4.00,4.00
2007.08.03 06:15:41.419,2.4511,2.45165,9.60,4.00
2007.08.03 06:15:44.746,2.4512,2.4516,0.70,0.80
2007.08.03 06:15:45.108,2.4512,2.4516,0.50,4.80
2007.08.03 06:15:56.125,2.4511,2.4516,10.40,4.00
2007.08.03 06:15:56.326,2.4512,2.45165,2.10,4.00
2007.08.03 06:16:09.337,2.4512,2.4517,4.00,7.20
2007.08.03 06:16:09.863,2.4512,2.4517,4.00,3.20
2007.08.03 06:16:10.364,2.4512,2.4517,4.00,7.20
2007.08.03 06:16:16.793,2.4512,2.45165,4.00,4.00
2007.08.03 06:16:18.312,2.4512,2.4516,4.00,0.80
2007.08.03 06:16:24.181,2.4512,2.45165,4.00,4.00
2007.08.03 06:16:24.211,2.4512,2.4517,4.00,7.20
2007.08.03 06:16:24.996,2.4512,2.4517,4.00,3.20
2007.08.03 06:16:26.674,2.4514,2.4517,4.00,2.40
2007.08.03 06:16:27.698,2.4514,2.4517,4.00,3.20
2007.08.03 06:16:28.013,2.4512,2.4517,8.00,3.20
2007.08.03 06:16:28.104,2.4512,2.4517,4.00,3.20
2007.08.03 06:16:28.213,2.4512,2.4517,4.00,2.40
2007.08.03 06:16:41.890,2.4512,2.4517,4.00,6.40
2007.08.03 06:16:42.204,2.4511,2.4517,2.40,7.20
2007.08.03 06:16:42.208,2.4511,2.4517,2.40,11.20
2007.08.03 06:16:43.691,2.4511,2.4516,2.40,4.00
2007.08.03 06:16:55.899,2.4511,2.4517,2.40,11.20
2007.08.03 06:16:57.886,2.4511,2.4517,2.40,7.20
2007.08.03 06:16:58.029,2.45115,2.4517,4.00,3.20
2007.08.03 06:16:58.777,2.4511,2.4517,6.40,3.20
2007.08.03 06:17:00.208,2.4511,2.45175,6.40,7.20
2007.08.03 06:17:01.095,2.45115,2.4517,4.00,0.60
2007.08.03 06:17:01.345,2.4512,2.4517,4.00,3.20
2007.08.03 06:17:02.892,2.4512,2.4517,8.00,3.20
2007.08.03 06:17:03.668,2.4512,2.4517,4.00,3.20
2007.08.03 06:17:04.170,2.4512,2.4517,8.00,3.20
2007.08.03 06:17:04.432,2.4512,2.4517,4.00,3.20
2007.08.03 06:17:05.988,2.4512,2.4517,8.00,3.20
2007.08.03 06:17:06.488,2.4512,2.4517,4.00,3.20
2007.08.03 06:17:07.021,2.4512,2.4517,8.00,3.20
2007.08.03 06:17:07.261,2.4512,2.4517,4.00,3.20
2007.08.03 06:17:07.383,2.45115,2.4517,4.00,3.20
2007.08.03 06:17:07.490,2.45115,2.4516,4.00,2.40
2007.08.03 06:17:07.767,2.4511,2.4516,8.00,2.40
2007.08.03 06:17:14.161,2.45115,2.4516,4.00,2.40
2007.08.03 06:17:19.308,2.4511,2.4516,8.00,2.40
2007.08.03 06:17:25.386,2.4511,2.4516,12.00,2.40
2007.08.03 06:17:25.402,2.4512,2.4517,6.40,0.80
2007.08.03 06:17:25.695,2.4512,2.4518,6.40,2.40
2007.08.03 06:17:25.814,2.4512,2.4516,4.00,2.40
2007.08.03 06:17:26.182,2.4511,2.4516,12.00,2.40
2007.08.03 06:17:26.430,2.45125,2.4519,4.00,8.80
2007.08.03 06:17:26.722,2.4513,2.4519,4.00,8.00
2007.08.03 06:17:26.825,2.4513,2.4519,4.00,4.00
2007.08.03 06:17:27.234,2.45125,2.4519,4.00,4.80
2007.08.03 06:17:27.361,2.45125,2.4519,4.00,8.80
2007.08.03 06:17:27.873,2.45125,2.4519,4.00,4.80
2007.08.03 06:17:27.893,2.4513,2.4518,4.00,2.40
2007.08.03 06:17:28.413,2.45125,2.4518,4.00,2.40
2007.08.03 06:17:28.497,2.4512,2.4518,2.40,6.40
2007.08.03 06:17:29.015,2.4512,2.45175,2.40,4.00
2007.08.03 06:17:30.795,2.4512,2.4517,2.40,4.00
2007.08.03 06:17:32.574,2.4512,2.45175,2.40,4.00
2007.08.03 06:17:35.092,2.4511,2.4516,4.00,2.40
2007.08.03 06:17:35.131,2.451,2.4516,8.00,2.40
2007.08.03 06:17:35.345,2.451,2.4516,4.00,2.40
2007.08.03 06:17:36.397,2.4509,2.4515,10.40,4.00
2007.08.03 06:17:40.636,2.451,2.4515,0.80,4.00
2007.08.03 06:17:44.799,2.451,2.4516,4.80,2.40
2007.08.03 06:17:46.328,2.451,2.4515,0.80,4.00
2007.08.03 06:17:47.629,2.4509,2.4515,10.40,4.00
2007.08.03 06:17:48.112,2.4509,2.4515,6.40,4.00
2007.08.03 06:17:48.168,2.45095,2.45155,4.00,4.00
2007.08.03 06:17:48.444,2.451,2.45155,4.00,4.00
2007.08.03 06:17:48.908,2.451,2.4516,4.00,6.40
2007.08.03 06:17:51.108,2.451,2.4516,4.00,7.20
2007.08.03 06:17:51.196,2.451,2.45155,4.00,4.00
2007.08.03 06:17:52.224,2.451,2.4516,4.00,7.20
2007.08.03 06:17:54.999,2.451,2.45155,4.00,4.00
2007.08.03 06:17:55.736,2.451,2.4514,4.00,3.20
2007.08.03 06:17:56.261,2.451,2.45145,4.00,4.00
2007.08.03 06:17:56.545,2.451,2.45155,4.00,4.00
2007.08.03 06:17:57.306,2.451,2.4516,4.00,7.20
2007.08.03 06:18:13.105,2.451,2.4516,8.00,3.20
2007.08.03 06:18:15.711,2.45105,2.4516,4.00,3.20
2007.08.03 06:18:16.377,2.4512,2.4516,4.00,3.20
2007.08.03 06:18:32.736,2.4512,2.4516,4.00,0.80
2007.08.03 06:19:11.170,2.4513,2.45165,6.40,4.00
2007.08.03 06:19:11.379,2.4513,2.4518,6.40,12.80
2007.08.03 06:19:11.393,2.4513,2.4518,6.40,8.80
2007.08.03 06:19:11.488,2.4513,2.4518,6.40,4.80
2007.08.03 06:19:11.876,2.4513,2.4518,6.40,0.80
2007.08.03 06:19:12.136,2.4513,2.4518,6.40,4.80
2007.08.03 06:19:13.131,2.4513,2.4518,6.40,4.00
2007.08.03 06:19:13.173,2.4513,2.45185,6.40,4.00
2007.08.03 06:19:22.119,2.4513,2.45185,7.20,4.00
2007.08.03 06:19:22.231,2.4515,2.45185,4.00,4.00
2007.08.03 06:19:22.356,2.4515,2.4519,4.00,2.40
2007.08.03 06:19:26.463,2.4514,2.4519,4.00,2.40
2007.08.03 06:19:27.743,2.4515,2.4519,4.00,2.40
2007.08.03 06:19:35.404,2.4514,2.4519,4.00,2.40
2007.08.03 06:19:37.752,2.4514,2.452,4.00,8.00
2007.08.03 06:19:38.060,2.4514,2.452,4.00,4.00
2007.08.03 06:19:38.429,2.4517,2.452,2.40,4.00
2007.08.03 06:19:38.738,2.45135,2.4519,4.00,2.40
2007.08.03 06:19:38.843,2.4513,2.4519,6.40,6.40
2007.08.03 06:19:45.721,2.4514,2.4519,4.00,2.40
2007.08.03 06:19:45.741,2.4515,2.452,4.00,6.40
2007.08.03 06:19:47.761,2.4515,2.4521,4.00,19.90
2007.08.03 06:19:51.702,2.4514,2.452,6.40,0.80
2007.08.03 06:19:51.844,2.4514,2.452,2.40,6.40
2007.08.03 06:19:53.337,2.45135,2.45195,4.00,6.40
2007.08.03 06:19:53.360,2.4513,2.45185,2.40,0.60
2007.08.03 06:19:59.983,2.4513,2.4519,2.40,6.40
2007.08.03 06:20:12.691,2.4513,2.45175,2.40,0.90
2007.08.03 06:20:13.284,2.4513,2.45175,5.60,0.70
2007.08.03 06:20:13.302,2.4513,2.4519,5.60,11.20
2007.08.03 06:20:13.387,2.45125,2.4517,4.00,0.80
2007.08.03 06:20:13.896,2.4513,2.45185,2.40,8.00
2007.08.03 06:20:13.937,2.4513,2.4519,2.40,11.20
2007.08.03 06:20:17.691,2.4514,2.45185,3.20,4.00
2007.08.03 06:20:17.861,2.4514,2.4519,3.20,7.20
2007.08.03 06:20:19.339,2.4515,2.4519,3.20,7.20
2007.08.03 06:20:19.543,2.4515,2.4519,3.20,3.20
2007.08.03 06:20:20.174,2.4516,2.4519,0.80,2.40
2007.08.03 06:20:20.259,2.4517,2.4519,4.00,2.40
2007.08.03 06:20:20.353,2.4517,2.452,4.00,4.00
2007.08.03 06:20:20.469,2.4517,2.4521,4.00,2.40
2007.08.03 06:20:20.878,2.4517,2.452,3.20,2.40
2007.08.03 06:20:26.906,2.4517,2.4519,3.20,2.40
2007.08.03 06:20:27.589,2.4515,2.4519,3.20,2.40
2007.08.03 06:20:27.795,2.4515,2.4519,4.00,2.40
2007.08.03 06:20:28.197,2.4515,2.4519,3.20,2.40
2007.08.03 06:20:29.841,2.4517,2.452,3.20,10.40
2007.08.03 06:20:29.852,2.4517,2.452,3.20,6.40
2007.08.03 06:20:30.098,2.4517,2.452,3.20,2.40
2007.08.03 06:20:30.346,2.4517,2.452,4.00,2.40
2007.08.03 06:20:35.278,2.4517,2.452,4.80,2.40
2007.08.03 06:20:35.381,2.4517,2.4521,4.80,2.40
2007.08.03 06:20:41.152,2.4517,2.4521,4.00,2.40
2007.08.03 06:20:41.674,2.4517,2.4521,4.80,2.40
2007.08.03 06:20:42.469,2.4517,2.4521,4.00,2.40
2007.08.03 06:20:42.663,2.4517,2.4521,4.80,2.40
2007.08.03 06:20:43.176,2.4517,2.4521,4.00,2.40
2007.08.03 06:20:43.700,2.4517,2.4521,4.80,2.40
2007.08.03 06:20:44.197,2.4517,2.4521,4.00,2.40
2007.08.03 06:20:46.657,2.4517,2.4521,4.80,2.40
2007.08.03 06:20:47.155,2.4517,2.4521,4.00,2.40
2007.08.03 06:20:48.156,2.4516,2.4521,17.60,2.40
2007.08.03 06:20:48.175,2.4517,2.4521,4.80,2.40
2007.08.03 06:20:48.695,2.4517,2.4521,4.00,2.40
2007.08.03 06:20:50.126,2.4517,2.4521,4.80,2.40
2007.08.03 06:20:50.644,2.4517,2.4521,4.00,2.40
2007.08.03 06:20:51.154,2.4517,2.4521,4.80,2.40
2007.08.03 06:20:51.670,2.4517,2.4521,4.00,2.40
2007.08.03 06:20:52.181,2.4517,2.4521,4.80,2.40
2007.08.03 06:20:52.332,2.4517,2.45205,4.80,4.00
2007.08.03 06:20:52.527,2.4516,2.4519,4.00,2.40
2007.08.03 06:20:52.619,2.4515,2.4519,4.80,2.40
2007.08.03 06:20:52.840,2.4515,2.4519,4.00,2.40
2007.08.03 06:20:53.847,2.4515,2.4519,4.80,2.40
2007.08.03 06:20:53.857,2.4515,2.4519,8.80,2.40
2007.08.03 06:20:53.960,2.4515,2.452,8.80,6.40
2007.08.03 06:20:54.052,2.4517,2.452,4.00,6.40
2007.08.03 06:20:54.162,2.4517,2.452,4.00,2.40
2007.08.03 06:20:58.901,2.4515,2.4519,8.00,2.40
2007.08.03 06:20:59.043,2.4515,2.4519,4.00,2.40
2007.08.03 06:21:04.520,2.4515,2.4519,8.00,2.40
2007.08.03 06:21:08.270,2.4515,2.4519,4.00,2.40
2007.08.03 06:21:08.983,2.4515,2.4519,8.00,2.40
2007.08.03 06:21:16.976,2.4515,2.4519,4.00,2.40
2007.08.03 06:21:19.382,2.4515,2.4519,4.80,2.40
2007.08.03 06:21:19.466,2.4515,2.4519,8.80,2.40
2007.08.03 06:21:19.494,2.4517,2.4519,4.00,2.40
2007.08.03 06:21:20.730,2.4515,2.4519,8.00,2.40
2007.08.03 06:21:20.844,2.4515,2.4519,8.00,6.40
2007.08.03 06:21:20.914,2.4515,2.4519,4.00,6.40
2007.08.03 06:21:21.081,2.4515,2.4519,4.00,2.40
2007.08.03 06:21:21.364,2.4514,2.4519,8.00,6.40
2007.08.03 06:21:22.045,2.4514,2.4519,12.00,6.40
2007.08.03 06:21:22.183,2.4514,2.4519,8.00,6.40
2007.08.03 06:21:22.260,2.4514,2.4519,4.00,6.40
2007.08.03 06:21:22.377,2.4515,2.4519,4.00,6.40
2007.08.03 06:21:22.677,2.4515,2.4519,6.40,4.00
2007.08.03 06:21:23.230,2.4514,2.4519,11.20,4.00
2007.08.03 06:21:23.341,2.4515,2.4518,2.00,0.80
2007.08.03 06:21:23.431,2.4515,2.4517,0.60,2.40
2007.08.03 06:21:35.449,2.45125,2.4517,12.00,2.40
2007.08.03 06:21:35.552,2.4512,2.4517,12.80,6.40
2007.08.03 06:21:35.684,2.4513,2.4517,8.80,4.00
2007.08.03 06:21:35.739,2.4513,2.4517,8.80,4.00
2007.08.03 06:21:35.800,2.4513,2.4518,12.80,2.40
2007.08.03 06:21:35.983,2.4513,2.45185,15.20,4.00
2007.08.03 06:21:36.069,2.4514,2.4519,2.50,7.20
2007.08.03 06:21:36.199,2.45135,2.4519,12.00,6.40
2007.08.03 06:21:36.872,2.45135,2.4519,8.00,10.40
2007.08.03 06:21:37.366,2.4514,2.4519,1.50,6.40
2007.08.03 06:21:37.442,2.4514,2.4519,2.00,6.40
2007.08.03 06:21:37.492,2.4513,2.4519,14.40,2.40
2007.08.03 06:21:37.547,2.4513,2.4518,12.00,2.40
2007.08.03 06:21:37.844,2.4514,2.45195,0.90,4.00
2007.08.03 06:21:37.909,2.4513,2.45185,10.40,4.00
2007.08.03 06:21:39.489,2.4513,2.45185,2.30,4.00
2007.08.03 06:21:40.006,2.4513,2.45185,10.40,4.00
2007.08.03 06:21:42.131,2.4513,2.45175,10.40,4.00
2007.08.03 06:21:42.262,2.45125,2.45175,12.00,4.00
2007.08.03 06:21:42.408,2.4513,2.4518,0.60,2.40
2007.08.03 06:21:42.480,2.4512,2.45185,20.70,4.00
2007.08.03 06:21:44.191,2.45135,2.4519,0.70,10.40
2007.08.03 06:21:44.334,2.45135,2.4519,0.50,6.40
2007.08.03 06:21:44.698,2.4513,2.45185,3.00,4.00
2007.08.03 06:21:44.961,2.4513,2.45185,7.60,4.00
2007.08.03 06:21:45.478,2.4513,2.4518,4.70,4.00
2007.08.03 06:21:45.646,2.4513,2.4518,11.20,4.00
2007.08.03 06:21:45.727,2.45135,2.45185,8.00,4.00
2007.08.03 06:21:49.042,2.4513,2.4518,19.20,4.00
2007.08.03 06:21:50.313,2.4514,2.4519,1.00,10.40
2007.08.03 06:21:50.335,2.45135,2.4519,8.00,6.40
2007.08.03 06:21:51.271,2.45135,2.4519,12.00,6.40
2007.08.03 06:21:51.296,2.4515,2.4519,1.50,4.00
2007.08.03 06:21:51.344,2.45145,2.452,6.40,8.00
2007.08.03 06:21:52.208,2.4515,2.452,7.20,8.00
2007.08.03 06:21:52.563,2.4516,2.452,4.00,4.00
2007.08.03 06:21:52.628,2.4516,2.45205,4.00,4.00
2007.08.03 06:21:52.718,2.4517,2.45205,2.40,4.00
2007.08.03 06:22:01.833,2.4517,2.452,2.40,4.00
2007.08.03 06:22:01.941,2.4517,2.4523,2.40,4.00
2007.08.03 06:22:02.116,2.4517,2.452,2.40,8.00
2007.08.03 06:22:02.332,2.4516,2.452,4.00,8.00
2007.08.03 06:22:02.358,2.4516,2.452,4.00,4.00
2007.08.03 06:22:02.603,2.4516,2.4521,4.00,10.40
2007.08.03 06:22:02.901,2.4516,2.452,4.00,4.00
2007.08.03 06:22:03.149,2.4516,2.452,4.00,8.00
2007.08.03 06:22:03.364,2.4515,2.452,2.40,8.00
2007.08.03 06:22:03.984,2.4515,2.452,6.40,8.00
2007.08.03 06:22:04.030,2.4515,2.4519,6.40,8.00
2007.08.03 06:22:04.290,2.4515,2.4519,2.40,8.00
2007.08.03 06:22:04.312,2.4515,2.45175,2.40,4.00
2007.08.03 06:22:04.398,2.4514,2.45175,4.80,4.00
2007.08.03 06:22:04.601,2.4514,2.4519,4.80,6.40
2007.08.03 06:22:04.821,2.45135,2.4519,4.00,7.20
2007.08.03 06:22:04.830,2.45135,2.4517,4.00,2.40
2007.08.03 06:22:05.425,2.4514,2.4517,4.00,2.40
2007.08.03 06:22:05.729,2.4514,2.4519,4.00,2.40
2007.08.03 06:22:05.969,2.45135,2.4519,4.00,6.40
2007.08.03 06:22:06.012,2.4514,2.4519,4.00,6.40
2007.08.03 06:22:06.600,2.4515,2.4519,4.00,2.40
2007.08.03 06:22:07.711,2.4515,2.4519,4.00,0.50
2007.08.03 06:22:07.941,2.4515,2.45195,8.00,6.40
2007.08.03 06:22:08.041,2.4515,2.4521,8.00,10.40
2007.08.03 06:22:08.155,2.4516,2.45195,4.00,0.50
2007.08.03 06:22:08.177,2.4516,2.4521,4.00,6.40
2007.08.03 06:22:08.243,2.4516,2.4521,8.00,6.40
2007.08.03 06:22:08.349,2.4516,2.4523,10.40,10.40
2007.08.03 06:22:08.418,2.45165,2.4522,4.00,0.50
2007.08.03 06:22:09.472,2.4517,2.4522,4.00,4.00
2007.08.03 06:22:10.396,2.4518,2.4522,4.00,4.00
2007.08.03 06:22:10.707,2.4518,2.4521,4.00,2.40
2007.08.03 06:22:11.019,2.4517,2.4521,8.00,2.40
2007.08.03 06:22:11.274,2.4517,2.4521,4.00,6.40
2007.08.03 06:22:13.057,2.4517,2.4524,4.00,8.30
2007.08.03 06:22:13.091,2.4517,2.45205,4.00,4.00
2007.08.03 06:22:13.355,2.4517,2.4524,4.00,8.30
2007.08.03 06:22:13.381,2.45155,2.4521,4.00,10.40
2007.08.03 06:22:13.803,2.4516,2.4521,2.40,8.00
2007.08.03 06:22:16.466,2.4516,2.4521,2.40,10.40
2007.08.03 06:22:16.573,2.45155,2.452,4.00,2.40
2007.08.03 06:22:16.687,2.45155,2.452,4.00,6.40
2007.08.03 06:22:16.704,2.4514,2.4519,6.40,4.00
2007.08.03 06:22:17.207,2.4514,2.4518,2.40,4.00
2007.08.03 06:22:17.316,2.4514,2.4518,2.40,8.00
2007.08.03 06:22:17.736,2.4514,2.4518,2.40,4.00
2007.08.03 06:22:17.850,2.4514,2.45185,2.40,4.00
2007.08.03 06:22:24.559,2.4515,2.45185,2.40,4.00
2007.08.03 06:22:24.621,2.4515,2.4519,2.40,8.00
2007.08.03 06:22:24.879,2.4515,2.4519,2.40,4.00
2007.08.03 06:22:27.364,2.4515,2.4519,6.40,4.00
2007.08.03 06:22:27.998,2.4515,2.45195,6.40,4.00
2007.08.03 06:22:28.490,2.4515,2.452,6.40,4.00
2007.08.03 06:22:30.826,2.4515,2.452,5.60,4.00
2007.08.03 06:22:33.365,2.4515,2.4519,5.60,4.00
2007.08.03 06:22:33.420,2.4515,2.4519,2.40,4.00
2007.08.03 06:22:34.748,2.45135,2.4519,4.00,6.40
2007.08.03 06:22:35.908,2.4513,2.4518,5.60,4.00
2007.08.03 06:22:36.990,2.4513,2.45175,5.60,4.00
2007.08.03 06:22:37.488,2.4513,2.4518,5.60,4.00
2007.08.03 06:22:38.044,2.4513,2.4517,5.60,4.00
2007.08.03 06:22:38.564,2.4513,2.4517,2.40,4.00
2007.08.03 06:22:39.070,2.4513,2.45165,2.40,4.00
2007.08.03 06:22:39.378,2.4513,2.4517,2.40,4.00
2007.08.03 06:22:40.399,2.4513,2.45175,2.40,4.00
2007.08.03 06:22:41.060,2.4513,2.4517,2.40,4.00
2007.08.03 06:22:42.052,2.4513,2.4518,2.40,4.00
2007.08.03 06:22:43.616,2.4513,2.45175,2.40,4.00
2007.08.03 06:22:44.107,2.4514,2.45175,0.80,4.00
2007.08.03 06:22:44.136,2.4514,2.4519,0.80,7.20
2007.08.03 06:22:44.230,2.4514,2.4519,0.80,6.40
2007.08.03 06:22:44.648,2.4514,2.45175,0.80,4.00
2007.08.03 06:22:44.734,2.4515,2.45175,3.20,4.00
2007.08.03 06:22:44.831,2.4517,2.4521,2.40,4.00
2007.08.03 06:22:44.914,2.4517,2.4519,2.40,4.00
2007.08.03 06:22:45.851,2.4515,2.4519,3.20,6.40
2007.08.03 06:22:53.754,2.4517,2.4519,2.40,4.00
2007.08.03 06:22:54.520,2.4517,2.4522,2.40,4.00
2007.08.03 06:22:54.845,2.4515,2.4519,5.60,4.00
2007.08.03 06:22:55.159,2.4515,2.4519,3.20,4.00
2007.08.03 06:22:55.307,2.4515,2.45185,3.20,4.00
2007.08.03 06:22:58.617,2.4515,2.4519,3.20,4.00
2007.08.03 06:23:05.634,2.4515,2.4518,3.20,0.80
2007.08.03 06:23:06.138,2.4515,2.45185,3.20,4.00
2007.08.03 06:23:06.650,2.4514,2.4518,2.40,0.80
2007.08.03 06:23:06.714,2.4514,2.4518,6.40,0.80
2007.08.03 06:23:06.757,2.4514,2.4518,4.00,3.20
2007.08.03 06:23:06.954,2.4513,2.4518,7.20,3.20
2007.08.03 06:23:07.162,2.4513,2.4518,4.00,3.20
2007.08.03 06:23:07.199,2.4513,2.4518,4.00,7.20
2007.08.03 06:23:07.278,2.4513,2.4518,4.00,9.60
2007.08.03 06:23:07.369,2.4513,2.4516,4.00,2.40
2007.08.03 06:23:07.390,2.451,2.4516,14.40,2.40
2007.08.03 06:23:07.442,2.4511,2.4516,4.00,2.40
2007.08.03 06:23:07.970,2.45115,2.4516,4.00,2.40
2007.08.03 06:23:11.039,2.4511,2.4516,4.00,2.40
2007.08.03 06:23:12.560,2.4511,2.4516,4.00,6.40
2007.08.03 06:23:12.600,2.45105,2.4516,4.00,10.40
2007.08.03 06:23:12.894,2.4511,2.4516,4.00,6.40
2007.08.03 06:23:12.992,2.4511,2.4516,1.60,6.40
2007.08.03 06:23:16.059,2.451,2.4516,14.40,2.40
2007.08.03 06:23:16.126,2.451,2.4516,14.40,3.20
2007.08.03 06:23:16.495,2.451,2.4516,14.40,7.20
2007.08.03 06:23:16.655,2.4511,2.4516,1.40,6.40
2007.08.03 06:23:16.753,2.4513,2.4516,1.30,6.40
2007.08.03 06:23:16.774,2.45115,2.4516,7.20,2.40
2007.08.03 06:23:17.270,2.4512,2.45175,14.40,4.00
2007.08.03 06:23:17.312,2.4513,2.4518,1.50,7.20
2007.08.03 06:23:17.549,2.4512,2.45175,14.40,4.00
2007.08.03 06:23:18.221,2.45125,2.4518,7.20,7.20
2007.08.03 06:23:19.414,2.4512,2.4517,14.40,4.00
2007.08.03 06:23:20.216,2.4512,2.45175,14.40,4.00
2007.08.03 06:23:22.402,2.451,2.45175,23.80,4.00
2007.08.03 06:23:22.526,2.4512,2.45165,1.10,4.00
2007.08.03 06:23:23.024,2.4512,2.4516,0.60,4.00
2007.08.03 06:23:23.748,2.451,2.4516,23.80,6.40
2007.08.03 06:23:27.385,2.4511,2.4516,1.20,2.40
2007.08.03 06:23:28.661,2.4512,2.4516,0.80,2.40
2007.08.03 06:23:28.766,2.4512,2.4516,1.60,2.40
2007.08.03 06:23:28.873,2.4511,2.45165,12.00,4.00
2007.08.03 06:23:28.899,2.4512,2.4517,0.80,4.00
2007.08.03 06:23:28.967,2.4512,2.4517,10.40,4.00
2007.08.03 06:23:42.686,2.4513,2.4518,3.20,10.40
2007.08.03 06:23:42.900,2.4513,2.4518,7.20,6.40
2007.08.03 06:23:42.917,2.4513,2.4518,7.20,2.40
2007.08.03 06:23:43.151,2.4513,2.4518,3.20,6.40
2007.08.03 06:23:44.670,2.4513,2.4518,7.20,2.40
2007.08.03 06:23:44.690,2.4514,2.4518,3.20,2.40
2007.08.03 06:23:44.779,2.4514,2.45185,3.20,4.00
2007.08.03 06:23:46.256,2.45125,2.4517,4.00,2.40
2007.08.03 06:24:01.110,2.4513,2.4517,0.80,2.40
2007.08.03 06:24:01.328,2.4514,2.45185,3.20,4.00
2007.08.03 06:24:03.680,2.4515,2.45185,4.00,4.00
2007.08.03 06:24:03.878,2.4515,2.4519,4.00,2.40
2007.08.03 06:24:03.928,2.4515,2.452,6.40,8.00
2007.08.03 06:24:04.630,2.4515,2.4519,2.40,0.80
2007.08.03 06:24:04.799,2.4515,2.4519,2.40,4.80
2007.08.03 06:24:04.849,2.45145,2.4519,4.00,7.20
2007.08.03 06:24:04.948,2.4514,2.45185,3.20,4.00
2007.08.03 06:24:06.691,2.4513,2.45185,10.40,4.00
2007.08.03 06:24:06.792,2.4513,2.4518,7.20,2.40
2007.08.03 06:24:07.250,2.4513,2.4518,3.20,6.40
2007.08.03 06:24:08.733,2.45125,2.4518,4.00,6.40
2007.08.03 06:24:08.769,2.4512,2.45175,10.40,4.00
2007.08.03 06:24:09.038,2.4512,2.45175,6.40,4.00
2007.08.03 06:24:09.654,2.4512,2.45175,7.20,4.00
2007.08.03 06:24:09.748,2.4513,2.45175,3.20,4.00
2007.08.03 06:24:09.801,2.4513,2.4518,3.20,6.40
2007.08.03 06:24:13.669,2.4513,2.4518,3.20,7.20
2007.08.03 06:24:13.883,2.4513,2.45165,3.20,4.00
2007.08.03 06:24:15.826,2.4513,2.4516,3.20,2.40
2007.08.03 06:24:15.911,2.4513,2.45155,3.20,4.00
2007.08.03 06:24:16.084,2.451,2.45155,8.00,4.00
2007.08.03 06:24:16.367,2.4511,2.45155,3.20,4.00
2007.08.03 06:24:17.187,2.451,2.45155,8.00,4.00
2007.08.03 06:24:17.286,2.4513,2.45155,3.20,4.00
2007.08.03 06:24:17.455,2.4513,2.4517,3.20,10.40
2007.08.03 06:24:17.538,2.4513,2.4517,3.20,6.40
2007.08.03 06:24:17.810,2.4513,2.4517,3.20,4.00
2007.08.03 06:24:18.182,2.4512,2.4517,5.60,4.00
2007.08.03 06:24:47.219,2.4513,2.45175,3.20,4.00
2007.08.03 06:24:52.678,2.4515,2.45175,3.20,4.00
2007.08.03 06:24:52.845,2.4515,2.4518,3.20,2.40
2007.08.03 06:24:53.255,2.4513,2.4518,8.00,2.40
2007.08.03 06:24:53.751,2.4512,2.4518,17.20,2.40
2007.08.03 06:24:53.895,2.4513,2.4518,1.30,6.40
2007.08.03 06:24:54.024,2.45125,2.4518,8.00,10.40
2007.08.03 06:24:55.278,2.4513,2.4517,1.10,2.40
2007.08.03 06:24:55.701,2.4511,2.4517,14.40,2.40
2007.08.03 06:24:55.805,2.4512,2.4517,2.00,6.40
2007.08.03 06:24:55.905,2.4513,2.4517,0.70,4.00
2007.08.03 06:24:55.963,2.4513,2.45155,0.70,4.00
2007.08.03 06:24:59.633,2.4511,2.45155,3.00,4.00
2007.08.03 06:24:59.734,2.451,2.45155,20.70,4.00
2007.08.03 06:24:59.753,2.4511,2.45155,10.40,4.00
2007.08.03 06:24:59.917,2.4513,2.4517,3.00,4.80
2007.08.03 06:25:00.213,2.4511,2.45155,10.40,4.00
2007.08.03 06:25:00.249,2.4511,2.45155,9.60,4.00
2007.08.03 06:25:00.345,2.451,2.45155,19.10,4.00
2007.08.03 06:25:00.454,2.4513,2.45155,1.40,4.00
2007.08.03 06:25:00.762,2.4511,2.45155,2.40,4.00
2007.08.03 06:25:01.263,2.4511,2.4515,1.50,4.00
2007.08.03 06:25:01.696,2.4511,2.4515,5.60,4.00
2007.08.03 06:25:01.825,2.4513,2.45155,1.60,4.00
2007.08.03 06:25:03.433,2.4513,2.45155,2.30,4.00
2007.08.03 06:25:05.377,2.4513,2.45155,1.20,4.00
2007.08.03 06:25:06.923,2.4509,2.45155,13.20,4.00
2007.08.03 06:25:07.037,2.451,2.4515,1.80,4.00
2007.08.03 06:25:08.775,2.4511,2.4516,7.20,6.40
2007.08.03 06:25:09.066,2.45095,2.4515,8.00,4.00
2007.08.03 06:25:09.076,2.4513,2.4515,1.20,4.00
2007.08.03 06:25:09.182,2.4511,2.4515,7.20,4.80
2007.08.03 06:25:09.284,2.45095,2.4515,8.00,4.80
2007.08.03 06:25:10.211,2.45095,2.4515,8.00,4.00
2007.08.03 06:25:11.196,2.4509,2.45155,13.20,4.00
2007.08.03 06:25:11.267,2.4511,2.45155,6.40,4.00
2007.08.03 06:25:12.681,2.4513,2.45155,2.10,4.00
2007.08.03 06:25:12.790,2.4512,2.45155,7.20,4.00
2007.08.03 06:25:13.098,2.4513,2.45155,1.00,4.00
2007.08.03 06:25:13.194,2.4511,2.45155,10.40,4.00
2007.08.03 06:25:13.225,2.4513,2.45165,0.50,4.00
2007.08.03 06:25:13.297,2.4509,2.45165,20.40,4.00
2007.08.03 06:25:13.326,2.4511,2.45165,1.10,4.00
2007.08.03 06:25:13.467,2.4511,2.4516,3.00,4.00
2007.08.03 06:25:13.963,2.451,2.4515,13.60,4.00
2007.08.03 06:25:15.853,2.451,2.4515,11.20,4.00
2007.08.03 06:25:16.026,2.4511,2.45155,2.00,4.00
2007.08.03 06:25:16.696,2.4509,2.45155,11.20,4.00
2007.08.03 06:25:18.405,2.4511,2.45155,6.40,4.00
2007.08.03 06:25:25.092,2.4511,2.45155,6.40,4.00
2007.08.03 06:25:25.407,2.4511,2.45155,3.20,4.00
2007.08.03 06:25:25.490,2.4511,2.4515,3.20,4.00
2007.08.03 06:25:28.782,2.451,2.4515,4.00,4.00
2007.08.03 06:25:28.841,2.451,2.45155,8.00,4.00
2007.08.03 06:25:28.895,2.4513,2.45155,3.20,4.00
2007.08.03 06:25:29.867,2.4511,2.45155,6.40,4.00
2007.08.03 06:25:30.017,2.4511,2.45155,5.60,4.00
2007.08.03 06:25:30.119,2.4511,2.45155,3.20,4.00
2007.08.03 06:25:30.153,2.4511,2.4515,3.20,4.00
2007.08.03 06:25:30.537,2.4511,2.4515,5.60,4.00
2007.08.03 06:25:31.362,2.4513,2.4515,3.20,4.00
2007.08.03 06:25:31.671,2.4513,2.4518,3.20,10.40
2007.08.03 06:25:31.766,2.4513,2.4517,3.20,4.00
2007.08.03 06:25:36.417,2.4513,2.4517,5.60,4.00
2007.08.03 06:25:48.831,2.4513,2.4516,5.60,4.00
2007.08.03 06:25:49.056,2.4513,2.4516,3.20,4.00
2007.08.03 06:25:49.087,2.4513,2.45155,3.20,4.00
2007.08.03 06:26:11.442,2.4513,2.4516,3.20,4.00
2007.08.03 06:26:11.600,2.4513,2.4516,4.00,4.00
2007.08.03 06:26:11.712,2.4515,2.4517,3.20,10.40
2007.08.03 06:26:11.824,2.4515,2.4517,3.20,8.00
2007.08.03 06:26:12.006,2.4515,2.4517,3.20,4.00
2007.08.03 06:26:14.125,2.4513,2.4517,6.40,4.00
2007.08.03 06:26:17.672,2.4513,2.4517,5.60,4.00
2007.08.03 06:26:17.766,2.4513,2.4517,3.20,6.40
2007.08.03 06:26:17.804,2.4513,2.4517,3.20,10.40
2007.08.03 06:26:17.849,2.4513,2.4516,3.20,4.00
2007.08.03 06:26:20.556,2.4511,2.4516,14.40,4.00
2007.08.03 06:26:20.807,2.4511,2.4516,10.40,8.00
2007.08.03 06:26:23.235,2.4511,2.4516,10.40,4.00
2007.08.03 06:26:25.314,2.4512,2.4516,4.00,4.00
2007.08.03 06:26:25.353,2.4512,2.4517,4.00,6.40
2007.08.03 06:26:25.684,2.4513,2.4517,4.00,6.40
2007.08.03 06:26:25.789,2.4513,2.4517,6.40,4.00
2007.08.03 06:26:25.837,2.4513,2.45185,10.40,4.00
2007.08.03 06:26:26.116,2.4513,2.45185,9.60,4.00
2007.08.03 06:26:26.229,2.4513,2.45185,6.40,4.00
2007.08.03 06:26:26.309,2.4515,2.45185,2.40,4.00
2007.08.03 06:26:26.352,2.4515,2.4518,2.40,4.00
2007.08.03 06:26:29.453,2.4512,2.4517,6.00,4.00
2007.08.03 06:26:29.808,2.4513,2.4517,2.40,4.00
2007.08.03 06:26:30.004,2.4513,2.45165,2.40,4.00
2007.08.03 06:26:30.441,2.4513,2.45165,5.60,4.00
2007.08.03 06:26:30.561,2.4513,2.4519,5.60,15.90
2007.08.03 06:26:30.631,2.4513,2.4516,5.60,4.00
2007.08.03 06:26:32.712,2.4513,2.4516,3.20,4.00
2007.08.03 06:26:33.134,2.4513,2.45165,3.20,4.00
2007.08.03 06:26:38.685,2.4515,2.45165,3.20,4.00
2007.08.03 06:26:38.768,2.4515,2.4518,3.20,10.40
2007.08.03 06:26:38.828,2.4515,2.4518,3.20,6.40
2007.08.03 06:26:42.695,2.4513,2.4518,3.20,7.20
2007.08.03 06:26:42.863,2.4513,2.4518,3.20,11.20
2007.08.03 06:26:42.935,2.4513,2.45165,3.20,4.00
2007.08.03 06:26:45.013,2.4513,2.4517,3.20,4.00
2007.08.03 06:26:47.002,2.4514,2.4517,4.00,4.00
2007.08.03 06:26:47.087,2.4514,2.4518,4.00,6.40
2007.08.03 06:26:47.117,2.4514,2.4518,4.00,4.00
2007.08.03 06:26:47.394,2.4514,2.4519,4.00,10.40
2007.08.03 06:26:47.517,2.45135,2.4519,4.00,11.20
2007.08.03 06:26:47.598,2.4513,2.45185,7.20,4.00
2007.08.03 06:26:47.647,2.4513,2.4518,7.20,6.40
2007.08.03 06:26:47.732,2.4514,2.4518,0.80,6.40
2007.08.03 06:26:47.859,2.4514,2.4518,0.80,2.40
2007.08.03 06:26:48.044,2.4514,2.4518,4.00,2.40
2007.08.03 06:26:48.145,2.4514,2.45185,4.00,4.00
2007.08.03 06:26:48.656,2.4514,2.45185,3.20,4.00
2007.08.03 06:26:55.089,2.4514,2.4518,3.20,4.00
2007.08.03 06:26:55.621,2.4514,2.45185,3.20,4.00
2007.08.03 06:26:56.042,2.4514,2.4518,3.20,4.00
2007.08.03 06:26:56.469,2.4514,2.45175,3.20,4.00
2007.08.03 06:26:57.015,2.4514,2.4517,3.20,2.40
2007.08.03 06:26:57.836,2.4514,2.45175,3.20,4.00
2007.08.03 06:26:59.074,2.4514,2.45175,5.60,4.00
2007.08.03 06:26:59.268,2.4514,2.4518,5.60,8.00
2007.08.03 06:26:59.363,2.4514,2.4518,5.60,4.00
2007.08.03 06:27:00.028,2.4514,2.45185,5.60,4.00
2007.08.03 06:27:02.142,2.4515,2.45185,0.80,4.00
2007.08.03 06:27:02.354,2.4516,2.45185,2.40,4.00
2007.08.03 06:27:02.440,2.4516,2.4519,2.40,4.00
2007.08.03 06:27:02.574,2.4516,2.45195,2.40,4.00
2007.08.03 06:27:02.661,2.4516,2.4519,2.40,0.80
2007.08.03 06:27:02.721,2.4516,2.4519,2.40,4.80
2007.08.03 06:27:02.769,2.4514,2.4519,5.60,4.80
2007.08.03 06:27:02.998,2.4514,2.45185,5.60,4.00
2007.08.03 06:27:08.511,2.4515,2.45185,3.20,4.00
2007.08.03 06:27:08.645,2.4515,2.452,3.20,4.80
2007.08.03 06:27:11.418,2.4515,2.4519,3.20,0.80
2007.08.03 06:27:11.525,2.4516,2.452,3.20,4.80
2007.08.03 06:27:11.735,2.4516,2.452,3.20,0.80
2007.08.03 06:27:17.676,2.4516,2.45205,3.20,4.00
2007.08.03 06:27:19.345,2.4516,2.452,3.20,4.00
2007.08.03 06:27:21.654,2.4516,2.45205,3.20,4.00
2007.08.03 06:27:23.954,2.4516,2.4521,3.20,4.80
2007.08.03 06:27:24.471,2.4516,2.45205,3.20,4.00
2007.08.03 06:27:26.282,2.4516,2.452,3.20,4.00
2007.08.03 06:27:27.072,2.4516,2.45205,3.20,4.00
2007.08.03 06:27:27.386,2.4516,2.4521,7.20,4.80
2007.08.03 06:27:27.905,2.4516,2.4521,3.20,4.80
2007.08.03 06:27:28.390,2.4516,2.45205,3.20,4.00
2007.08.03 06:27:29.412,2.4516,2.4521,3.20,4.80
2007.08.03 06:27:30.226,2.4516,2.4521,7.20,0.80
2007.08.03 06:27:30.982,2.4516,2.4521,3.20,4.80
2007.08.03 06:27:34.026,2.4516,2.4521,7.20,0.80
2007.08.03 06:27:34.582,2.4516,2.4521,7.20,4.80
2007.08.03 06:27:34.660,2.4517,2.4521,0.80,4.00
2007.08.03 06:27:34.771,2.4518,2.4521,3.20,4.00
2007.08.03 06:27:35.107,2.4518,2.45225,3.20,4.00
2007.08.03 06:27:35.368,2.4518,2.4522,3.20,4.00
2007.08.03 06:27:45.647,2.4517,2.4522,7.20,4.80
2007.08.03 06:27:45.843,2.4517,2.45215,3.20,4.00
2007.08.03 06:27:48.448,2.4518,2.45215,2.40,4.00
2007.08.03 06:27:48.458,2.4518,2.4522,2.40,4.00
2007.08.03 06:27:49.055,2.4518,2.4522,5.60,4.00
2007.08.03 06:27:49.163,2.4519,2.4522,2.40,4.00
2007.08.03 06:27:49.239,2.4519,2.45225,2.40,4.00
2007.08.03 06:27:49.681,2.4518,2.45225,3.20,4.00
2007.08.03 06:27:49.997,2.4517,2.45225,9.60,4.00
2007.08.03 06:27:50.022,2.4517,2.4522,5.60,4.00
2007.08.03 06:27:50.186,2.4517,2.4522,2.40,4.00
2007.08.03 06:27:50.279,2.4517,2.4522,6.40,4.00
2007.08.03 06:27:50.355,2.4517,2.4522,11.90,4.00
2007.08.03 06:27:50.398,2.4517,2.4522,15.10,4.00
2007.08.03 06:27:50.544,2.4517,2.45215,11.10,4.00
2007.08.03 06:27:50.801,2.4518,2.45235,4.00,4.00
2007.08.03 06:27:51.213,2.4518,2.4523,4.00,2.40
2007.08.03 06:27:51.342,2.45175,2.45225,4.00,4.00
2007.08.03 06:27:51.731,2.45175,2.4521,4.00,2.40
2007.08.03 06:27:51.826,2.4517,2.4521,4.00,2.40
2007.08.03 06:27:52.669,2.4517,2.4522,4.00,2.40
2007.08.03 06:27:52.855,2.45175,2.4522,4.00,2.40
2007.08.03 06:27:54.829,2.45175,2.4523,4.00,4.00
2007.08.03 06:27:54.906,2.4518,2.45235,4.00,4.00
2007.08.03 06:27:55.639,2.4518,2.452,4.00,0.80
2007.08.03 06:27:55.758,2.4518,2.452,4.00,3.20
2007.08.03 06:27:55.846,2.4515,2.452,4.00,3.20
2007.08.03 06:27:55.953,2.4514,2.452,6.00,3.20
2007.08.03 06:27:56.157,2.4518,2.452,4.00,2.40
2007.08.03 06:27:56.269,2.4518,2.4522,4.00,8.80
2007.08.03 06:27:56.361,2.4518,2.4522,4.00,6.40
2007.08.03 06:27:56.370,2.4518,2.4522,4.00,2.40
2007.08.03 06:27:56.570,2.4518,2.45235,4.00,4.00
2007.08.03 06:27:58.214,2.4518,2.4523,4.00,2.40
2007.08.03 06:27:58.301,2.45175,2.45225,4.00,4.00
2007.08.03 06:27:58.577,2.4517,2.45225,7.20,4.00
2007.08.03 06:27:58.781,2.4517,2.45225,4.00,4.00
2007.08.03 06:27:58.855,2.45165,2.4522,4.00,4.00
2007.08.03 06:27:59.109,2.4516,2.45215,10.40,4.00
2007.08.03 06:27:59.780,2.4518,2.45215,2.40,4.00
2007.08.03 06:28:00.822,2.4516,2.45215,10.40,4.00
2007.08.03 06:28:05.330,2.4515,2.45215,20.70,4.00
2007.08.03 06:28:10.139,2.4517,2.45215,0.80,4.00
2007.08.03 06:28:10.264,2.4516,2.4521,4.00,4.00
2007.08.03 06:28:10.331,2.4518,2.4521,0.50,4.00
2007.08.03 06:28:10.500,2.4517,2.4522,7.20,6.00
2007.08.03 06:28:10.638,2.4518,2.4525,1.30,11.80
2007.08.03 06:28:10.745,2.4517,2.4525,7.20,9.60
2007.08.03 06:28:13.652,2.4517,2.4525,8.80,7.20
2007.08.03 06:28:13.884,2.4517,2.4525,8.80,3.20
2007.08.03 06:28:13.895,2.45175,2.4522,11.20,2.00
2007.08.03 06:28:14.165,2.45175,2.4522,8.80,2.00
2007.08.03 06:28:14.207,2.45175,2.45225,8.80,4.00
2007.08.03 06:28:14.381,2.4518,2.4523,2.40,2.00
2007.08.03 06:28:15.696,2.4517,2.4523,15.20,2.00
2007.08.03 06:28:15.975,2.4518,2.4523,0.60,6.00
2007.08.03 06:28:16.318,2.4518,2.4521,0.80,2.40
2007.08.03 06:28:18.374,2.4515,2.4521,15.20,2.40
2007.08.03 06:28:21.327,2.4516,2.4521,2.20,6.40
2007.08.03 06:28:24.026,2.4517,2.4521,1.40,6.40
2007.08.03 06:28:24.137,2.4517,2.4521,1.40,4.00
2007.08.03 06:28:24.749,2.45155,2.4521,8.00,6.40
2007.08.03 06:28:26.710,2.45155,2.4521,8.00,7.20
2007.08.03 06:28:27.114,2.4516,2.4521,4.80,7.20
2007.08.03 06:28:27.222,2.4516,2.4521,6.40,6.40
2007.08.03 06:28:27.263,2.45165,2.4521,8.80,2.40
2007.08.03 06:28:27.317,2.4517,2.4522,3.70,4.00
2007.08.03 06:28:27.630,2.45165,2.4522,10.40,4.80
2007.08.03 06:28:29.855,2.4517,2.4522,6.40,6.80
2007.08.03 06:28:33.916,2.4517,2.45215,6.40,4.00
2007.08.03 06:28:34.648,2.4517,2.4519,6.40,0.80
2007.08.03 06:28:34.758,2.45165,2.4519,4.00,0.80
2007.08.03 06:28:34.857,2.45165,2.4519,4.00,3.20
2007.08.03 06:28:34.983,2.4514,2.4519,8.00,7.20
2007.08.03 06:28:35.242,2.4514,2.4519,8.00,3.20
2007.08.03 06:28:35.792,2.4514,2.4519,8.00,7.20
2007.08.03 06:28:35.917,2.4514,2.4517,8.00,2.40
2007.08.03 06:28:36.344,2.4514,2.4519,8.00,3.20
2007.08.03 06:28:36.652,2.4515,2.4519,0.80,2.40
2007.08.03 06:28:36.779,2.4515,2.4519,4.80,2.40
2007.08.03 06:28:37.260,2.4515,2.4519,8.80,2.40
2007.08.03 06:28:37.292,2.4515,2.4519,12.80,2.40
2007.08.03 06:28:37.356,2.4515,2.45205,15.20,4.00
2007.08.03 06:28:37.676,2.4515,2.45205,10.40,4.00
2007.08.03 06:28:37.821,2.4515,2.45205,6.40,4.00
2007.08.03 06:28:38.179,2.4515,2.4519,6.40,0.80
2007.08.03 06:28:38.286,2.4515,2.4519,4.00,3.20
2007.08.03 06:28:38.379,2.4514,2.4519,8.00,3.20
2007.08.03 06:28:39.095,2.4514,2.4519,8.00,2.40
2007.08.03 06:28:39.324,2.4514,2.4519,12.00,2.40
2007.08.03 06:28:39.372,2.4515,2.4519,4.00,2.40
2007.08.03 06:28:41.650,2.4517,2.4519,4.00,2.40
2007.08.03 06:28:41.867,2.4517,2.4522,4.00,12.80
2007.08.03 06:28:42.082,2.4517,2.4522,6.40,12.80
2007.08.03 06:28:42.189,2.4517,2.4522,7.20,12.00
2007.08.03 06:28:42.295,2.4517,2.4522,7.20,8.00
2007.08.03 06:28:42.700,2.4517,2.4522,6.40,8.80
2007.08.03 06:28:46.914,2.4517,2.4522,6.40,12.80
2007.08.03 06:28:47.208,2.4517,2.4522,7.20,12.00
2007.08.03 06:28:47.324,2.4517,2.45215,7.20,4.00
2007.08.03 06:28:47.612,2.4517,2.45215,6.40,4.00
2007.08.03 06:28:51.268,2.4517,2.45215,2.40,4.00
2007.08.03 06:28:51.342,2.4516,2.4521,4.00,2.40
2007.08.03 06:28:51.440,2.4516,2.4521,8.00,2.40
2007.08.03 06:28:51.511,2.4516,2.4521,4.00,6.40
2007.08.03 06:28:51.868,2.4516,2.4521,4.80,4.00
2007.08.03 06:28:51.913,2.4516,2.4524,4.80,6.40
2007.08.03 06:28:51.960,2.4519,2.4524,2.40,4.00
2007.08.03 06:28:52.006,2.4519,2.4525,2.40,4.00
2007.08.03 06:28:52.230,2.4519,2.4522,2.40,4.00
2007.08.03 06:28:52.383,2.4518,2.4522,4.00,4.00
2007.08.03 06:28:52.683,2.4517,2.4522,2.40,4.00
2007.08.03 06:28:52.781,2.4519,2.4522,2.40,4.00
2007.08.03 06:28:53.101,2.4519,2.45225,2.40,4.00
2007.08.03 06:28:53.391,2.4519,2.4522,2.40,4.00
2007.08.03 06:28:53.817,2.45165,2.4521,4.00,2.40
2007.08.03 06:28:54.447,2.4516,2.45195,4.00,4.00
2007.08.03 06:28:54.533,2.4515,2.45195,10.40,4.00
2007.08.03 06:28:55.019,2.45155,2.4521,4.00,10.40
2007.08.03 06:28:55.276,2.4515,2.45205,6.40,4.00
2007.08.03 06:28:55.779,2.4515,2.4519,4.00,2.40
2007.08.03 06:28:56.026,2.4514,2.4519,8.00,2.40
2007.08.03 06:28:56.388,2.4515,2.45195,2.40,4.00
2007.08.03 06:28:56.548,2.4515,2.45205,6.40,4.00
2007.08.03 06:28:57.355,2.4515,2.45195,2.40,4.00
2007.08.03 06:28:57.616,2.4515,2.4519,2.40,4.00
2007.08.03 06:28:58.385,2.4515,2.45185,2.40,4.00
2007.08.03 06:29:00.801,2.4516,2.45185,2.40,4.00
2007.08.03 06:29:00.974,2.4516,2.4519,2.40,4.00
2007.08.03 06:29:02.226,2.4516,2.45195,2.40,4.00
2007.08.03 06:29:03.238,2.4516,2.452,2.40,8.00
2007.08.03 06:29:03.365,2.4516,2.452,2.40,4.00
2007.08.03 06:29:10.404,2.4516,2.45195,2.40,4.00
2007.08.03 06:29:10.441,2.4515,2.45195,2.40,4.00
2007.08.03 06:29:14.272,2.4515,2.4521,2.40,7.20
2007.08.03 06:29:14.364,2.4514,2.4521,4.00,7.20
2007.08.03 06:29:14.428,2.4514,2.4518,4.00,8.00
2007.08.03 06:29:14.762,2.4514,2.4518,8.00,4.00
2007.08.03 06:29:14.782,2.4515,2.4518,2.40,4.00
2007.08.03 06:29:14.896,2.4515,2.45195,2.40,4.00
2007.08.03 06:29:16.622,2.4515,2.4519,2.40,0.80
2007.08.03 06:29:16.717,2.4514,2.4519,4.80,0.80
2007.08.03 06:29:16.794,2.4514,2.4518,4.80,4.00
2007.08.03 06:29:16.812,2.4514,2.4518,0.80,8.00
2007.08.03 06:29:16.825,2.4514,2.4517,0.80,2.40
2007.08.03 06:29:17.537,2.4513,2.4517,7.20,2.40
2007.08.03 06:29:17.844,2.4513,2.4517,4.80,2.40
2007.08.03 06:29:22.267,2.4513,2.4517,0.80,2.40
2007.08.03 06:29:23.016,2.4513,2.4517,4.80,2.40
2007.08.03 06:29:23.431,2.4513,2.4517,0.80,2.40
2007.08.03 06:29:27.035,2.4513,2.4517,4.80,2.40
2007.08.03 06:29:27.483,2.4513,2.4517,0.80,2.40
2007.08.03 06:29:41.962,2.4513,2.4517,4.80,2.40
2007.08.03 06:29:42.219,2.4513,2.4517,8.80,2.40
2007.08.03 06:29:43.827,2.4515,2.4517,4.00,2.40
2007.08.03 06:29:43.850,2.4516,2.4519,0.80,2.40
2007.08.03 06:29:44.670,2.4515,2.4519,8.00,2.40
2007.08.03 06:29:44.860,2.4514,2.4519,9.60,2.40
2007.08.03 06:29:45.370,2.45145,2.4519,4.00,2.40
2007.08.03 06:29:47.437,2.4514,2.4519,9.60,2.40
2007.08.03 06:29:47.948,2.45145,2.4519,4.00,2.40
2007.08.03 06:29:48.459,2.45145,2.4519,4.00,3.20
2007.08.03 06:29:48.469,2.4514,2.4519,8.80,3.20
2007.08.03 06:29:48.550,2.4514,2.4519,4.80,3.20
2007.08.03 06:29:48.706,2.4514,2.4519,0.80,7.20
2007.08.03 06:29:52.096,2.4514,2.4519,4.80,7.20
2007.08.03 06:29:52.453,2.4514,2.4519,8.80,7.20
2007.08.03 06:29:52.650,2.4514,2.4519,8.80,3.20
2007.08.03 06:29:52.677,2.4515,2.4519,0.80,2.40
2007.08.03 06:29:53.972,2.4515,2.4519,1.60,2.40
2007.08.03 06:29:54.013,2.4515,2.4519,5.60,2.40
2007.08.03 06:29:54.740,2.4515,2.452,8.00,8.00
2007.08.03 06:29:54.805,2.4516,2.4521,4.00,7.20
2007.08.03 06:29:55.074,2.45155,2.4521,4.00,11.20
2007.08.03 06:29:55.160,2.4517,2.4521,2.40,10.40
2007.08.03 06:29:55.228,2.4517,2.4521,2.40,6.40
2007.08.03 06:29:55.423,2.4517,2.4521,2.40,2.40
2007.08.03 06:29:56.405,2.4517,2.452,2.40,2.40
2007.08.03 06:29:57.328,2.4518,2.4521,2.40,8.00
2007.08.03 06:29:57.362,2.4518,2.4524,2.40,8.80
2007.08.03 06:29:57.435,2.4519,2.4524,2.40,6.40
2007.08.03 06:29:57.471,2.4519,2.4521,2.40,4.00
2007.08.03 06:29:57.484,2.4519,2.45225,2.40,4.00
2007.08.03 06:29:57.745,2.4518,2.45225,2.40,4.00
2007.08.03 06:29:58.094,2.4518,2.45215,2.40,4.00
2007.08.03 06:29:58.364,2.4518,2.45225,2.40,4.00
2007.08.03 06:29:58.462,2.4518,2.45225,4.80,4.00
2007.08.03 06:29:58.769,2.4518,2.4522,2.40,2.40
2007.08.03 06:29:58.875,2.4518,2.4522,2.40,6.40
2007.08.03 06:30:00.177,2.4518,2.4521,2.40,4.00
2007.08.03 06:30:00.209,2.4516,2.4521,6.40,4.00
2007.08.03 06:30:00.288,2.4516,2.4521,2.40,4.00
2007.08.03 06:30:00.923,2.45155,2.4521,4.00,6.40
2007.08.03 06:30:00.966,2.4515,2.45205,13.60,4.00
2007.08.03 06:30:01.136,2.4515,2.45205,9.60,4.00
2007.08.03 06:30:01.340,2.4515,2.45205,13.50,4.00
2007.08.03 06:30:02.248,2.4515,2.452,9.50,4.00
2007.08.03 06:30:02.293,2.4515,2.452,5.60,4.00
2007.08.03 06:30:02.380,2.4515,2.452,4.80,4.00
2007.08.03 06:30:02.785,2.4515,2.452,2.40,6.40
2007.08.03 06:30:03.609,2.45145,2.452,4.00,6.40
2007.08.03 06:30:04.547,2.4515,2.452,4.00,2.40
2007.08.03 06:30:04.744,2.4515,2.45205,6.40,4.00
2007.08.03 06:30:04.843,2.45155,2.4521,4.00,4.00
2007.08.03 06:30:05.339,2.45155,2.45205,4.00,4.00
2007.08.03 06:30:06.917,2.4515,2.45195,2.40,4.00
2007.08.03 06:30:07.480,2.4515,2.4519,2.40,4.00
2007.08.03 06:30:09.564,2.4515,2.4518,2.40,4.00
2007.08.03 06:30:09.616,2.4513,2.4518,6.40,4.00
2007.08.03 06:30:10.620,2.45135,2.4519,4.00,4.00
2007.08.03 06:30:10.753,2.4515,2.4519,2.40,4.00
2007.08.03 06:30:18.654,2.4516,2.4519,0.80,4.00
2007.08.03 06:30:18.849,2.4516,2.4519,4.80,4.00
2007.08.03 06:30:18.896,2.4516,2.4521,4.80,8.00
2007.08.03 06:30:18.961,2.4516,2.4521,4.80,4.00
2007.08.03 06:30:19.182,2.4516,2.45195,4.80,4.00
2007.08.03 06:30:19.384,2.4516,2.45195,0.80,4.00
2007.08.03 06:30:19.436,2.4516,2.4519,0.80,4.00
2007.08.03 06:30:19.672,2.4516,2.45185,0.80,4.00
2007.08.03 06:30:19.685,2.4515,2.45185,4.80,4.00
2007.08.03 06:30:19.806,2.4515,2.45185,0.80,4.00
2007.08.03 06:30:19.890,2.4514,2.45185,7.20,4.00
2007.08.03 06:30:19.987,2.4514,2.4518,4.80,2.40
2007.08.03 06:30:20.120,2.4514,2.4518,0.80,2.40
2007.08.03 06:30:20.198,2.4514,2.4518,0.80,6.40
2007.08.03 06:30:20.390,2.4515,2.4518,0.80,6.40
2007.08.03 06:30:20.940,2.4514,2.4518,0.80,6.40
2007.08.03 06:30:21.143,2.4515,2.4518,0.80,6.40
2007.08.03 06:30:21.254,2.4515,2.4518,0.80,4.00
2007.08.03 06:30:22.172,2.4514,2.4518,3.20,4.00
2007.08.03 06:30:22.312,2.4514,2.45185,3.20,4.00
2007.08.03 06:30:22.696,2.4515,2.45185,0.80,4.00
2007.08.03 06:30:23.213,2.4514,2.45185,2.40,4.00
2007.08.03 06:30:23.396,2.4514,2.45175,2.40,4.00
2007.08.03 06:30:23.430,2.4513,2.45175,11.60,4.00
2007.08.03 06:30:23.574,2.4513,2.45175,7.60,4.00
2007.08.03 06:30:23.627,2.4514,2.45175,2.40,4.00
2007.08.03 06:30:23.940,2.4513,2.45175,9.60,4.00
2007.08.03 06:30:24.037,2.4513,2.45175,7.20,4.00
2007.08.03 06:30:24.260,2.4513,2.45175,4.80,4.00
2007.08.03 06:30:24.461,2.4513,2.4516,4.80,2.40
2007.08.03 06:30:26.099,2.4513,2.4517,4.80,2.40
2007.08.03 06:30:26.246,2.4513,2.4517,6.80,2.40
2007.08.03 06:30:32.744,2.4513,2.45175,9.20,4.00
2007.08.03 06:30:33.097,2.4513,2.45185,13.20,4.00
2007.08.03 06:30:33.299,2.4514,2.45185,2.40,4.00
2007.08.03 06:30:33.712,2.4515,2.45185,0.80,4.00
2007.08.03 06:30:33.805,2.4515,2.45185,3.20,4.00
2007.08.03 06:30:33.879,2.4515,2.4519,3.20,6.30
2007.08.03 06:30:33.915,2.4515,2.4519,3.20,3.90
2007.08.03 06:30:34.389,2.4515,2.4519,3.20,7.90
2007.08.03 06:30:34.801,2.4515,2.4519,3.20,4.00
2007.08.03 06:30:35.150,2.4515,2.4519,2.40,4.00
2007.08.03 06:30:35.657,2.4515,2.4519,2.40,4.80
2007.08.03 06:30:35.711,2.4515,2.4519,2.40,8.80
2007.08.03 06:30:35.761,2.4514,2.4519,2.40,11.20
2007.08.03 06:30:35.845,2.4514,2.4518,2.40,4.00
2007.08.03 06:30:36.200,2.4513,2.4518,7.20,4.00
2007.08.03 06:30:36.375,2.4513,2.45175,7.20,4.00
2007.08.03 06:30:36.690,2.4514,2.45175,2.40,4.00
2007.08.03 06:30:36.905,2.4514,2.4518,2.40,4.00
2007.08.03 06:30:39.021,2.4514,2.4519,2.40,11.20
2007.08.03 06:30:39.082,2.4514,2.4519,2.40,7.20
2007.08.03 06:30:39.332,2.4514,2.452,2.40,16.70
2007.08.03 06:30:40.322,2.4514,2.45185,2.40,4.00
2007.08.03 06:30:41.200,2.4513,2.45185,11.20,4.00
2007.08.03 06:30:41.310,2.4513,2.4517,8.80,2.40
2007.08.03 06:30:41.362,2.4513,2.4517,4.80,2.40
2007.08.03 06:30:42.731,2.4513,2.45175,7.20,4.00
2007.08.03 06:30:42.945,2.4514,2.45175,2.40,4.00
2007.08.03 06:30:42.961,2.4514,2.45185,2.40,4.00
2007.08.03 06:30:44.120,2.4514,2.4518,2.40,4.00
2007.08.03 06:30:44.697,2.4513,2.4517,8.80,2.40
2007.08.03 06:30:44.787,2.4513,2.4517,4.80,2.40
2007.08.03 06:30:44.930,2.4513,2.4517,0.80,6.40
2007.08.03 06:30:45.208,2.4513,2.4517,0.80,2.40
2007.08.03 06:30:45.545,2.4513,2.4517,4.80,2.40
2007.08.03 06:30:46.997,2.4513,2.4517,0.80,2.40
2007.08.03 06:30:54.675,2.4514,2.4517,2.40,2.40
2007.08.03 06:30:54.770,2.4514,2.45175,2.40,4.00
2007.08.03 06:30:55.244,2.4514,2.45185,2.40,4.00
2007.08.03 06:30:55.494,2.4514,2.4519,2.40,11.10
2007.08.03 06:30:55.767,2.4514,2.45185,2.40,4.00
2007.08.03 06:31:00.401,2.4514,2.4519,2.40,10.30
2007.08.03 06:31:00.710,2.4514,2.4519,4.40,10.30
2007.08.03 06:31:00.818,2.4515,2.4519,2.40,7.90
2007.08.03 06:31:00.923,2.4515,2.4519,2.40,3.90
2007.08.03 06:31:01.755,2.4515,2.45195,2.40,4.00
2007.08.03 06:31:02.202,2.4515,2.4519,2.40,4.00
2007.08.03 06:31:02.752,2.4515,2.45195,2.40,4.00
2007.08.03 06:31:04.713,2.4516,2.45195,2.40,4.00
2007.08.03 06:31:04.777,2.4516,2.45205,2.40,4.00
2007.08.03 06:31:05.563,2.4516,2.45185,2.40,4.00
2007.08.03 06:31:05.635,2.4516,2.4518,2.40,2.40
2007.08.03 06:31:05.965,2.4514,2.4518,2.00,2.40
2007.08.03 06:31:06.059,2.4515,2.4518,2.40,2.40
2007.08.03 06:31:06.164,2.4515,2.45185,2.40,4.00
2007.08.03 06:31:06.331,2.4516,2.45185,2.00,4.00
2007.08.03 06:31:06.359,2.4516,2.452,2.00,11.90
2007.08.03 06:31:06.380,2.4517,2.452,2.40,11.90
2007.08.03 06:31:06.422,2.4517,2.452,2.40,6.40
2007.08.03 06:31:06.602,2.4517,2.452,2.40,2.40
2007.08.03 06:31:08.321,2.4518,2.4522,2.40,8.00
2007.08.03 06:31:08.333,2.4518,2.4522,2.40,4.00
2007.08.03 06:31:10.220,2.4518,2.45215,2.40,4.00
2007.08.03 06:31:10.376,2.4517,2.45215,6.40,4.00
2007.08.03 06:31:10.575,2.4517,2.45215,2.40,4.00
2007.08.03 06:31:10.793,2.4517,2.452,2.40,2.40
2007.08.03 06:31:11.714,2.4517,2.45215,2.40,4.00
2007.08.03 06:31:11.754,2.4517,2.4522,2.40,10.40
2007.08.03 06:31:11.888,2.4517,2.4522,6.40,6.40
2007.08.03 06:31:12.744,2.4517,2.4522,8.40,6.40
2007.08.03 06:31:12.786,2.45175,2.4522,4.00,2.40
2007.08.03 06:31:13.454,2.4519,2.4522,2.40,2.40
2007.08.03 06:31:19.924,2.4519,2.4524,2.40,10.40
2007.08.03 06:31:19.970,2.4519,2.45235,2.40,4.00
2007.08.03 06:31:20.236,2.4519,2.4523,2.40,4.00
2007.08.03 06:31:20.443,2.4518,2.4523,2.40,4.00
2007.08.03 06:31:22.785,2.4518,2.45225,2.40,4.00
2007.08.03 06:31:24.317,2.4518,2.4522,2.40,4.00
2007.08.03 06:31:25.609,2.4518,2.4522,0.80,4.00
2007.08.03 06:31:27.316,2.4518,2.4521,0.90,2.40
2007.08.03 06:31:28.885,2.4517,2.4522,4.80,4.00
2007.08.03 06:31:33.763,2.4517,2.45225,8.80,4.00
2007.08.03 06:31:34.709,2.4515,2.45225,20.70,4.00
2007.08.03 06:31:35.163,2.4515,2.4521,20.70,2.40
2007.08.03 06:31:36.378,2.4517,2.4521,6.40,2.40
2007.08.03 06:31:37.342,2.4517,2.4521,1.30,2.40
2007.08.03 06:31:43.506,2.45175,2.4521,1.40,2.40
2007.08.03 06:31:44.827,2.4517,2.4521,10.40,2.40
2007.08.03 06:31:45.291,2.4517,2.4521,10.40,2.40
2007.08.03 06:31:45.382,2.4518,2.4523,0.50,9.90
2007.08.03 06:31:45.446,2.4517,2.4523,12.80,2.00
2007.08.03 06:31:45.543,2.4517,2.4523,12.80,6.00
2007.08.03 06:31:45.637,2.4518,2.45225,1.00,4.00
2007.08.03 06:31:46.270,2.45175,2.4523,6.40,10.00
2007.08.03 06:31:46.544,2.4517,2.4522,8.80,4.00
2007.08.03 06:31:47.676,2.4517,2.4522,8.80,4.00
2007.08.03 06:31:48.189,2.4517,2.45215,6.40,4.00
2007.08.03 06:31:48.398,2.4515,2.45215,20.30,4.00
2007.08.03 06:31:49.657,2.4516,2.45215,0.80,0.50
2007.08.03 06:31:49.714,2.4516,2.4522,20.70,6.40
2007.08.03 06:31:49.765,2.4517,2.4522,0.60,0.80
2007.08.03 06:31:50.084,2.4517,2.45225,6.40,6.40
2007.08.03 06:31:50.771,2.45175,2.4523,6.40,6.40
2007.08.03 06:31:53.760,2.4516,2.45225,20.70,6.40
2007.08.03 06:31:56.047,2.4517,2.4524,2.40,16.70
2007.08.03 06:32:02.543,2.4517,2.4522,2.40,6.40
2007.08.03 06:32:02.600,2.4516,2.45215,18.30,0.60
2007.08.03 06:32:02.739,2.4516,2.45215,8.80,0.60
2007.08.03 06:32:02.802,2.4516,2.45215,6.40,6.40
2007.08.03 06:32:03.038,2.4516,2.452,2.40,0.50
2007.08.03 06:32:04.436,2.4515,2.4521,4.00,11.00
2007.08.03 06:32:04.488,2.4515,2.4521,4.00,11.00
2007.08.03 06:32:04.551,2.4516,2.4522,2.40,19.90
2007.08.03 06:32:06.613,2.4516,2.4521,2.40,6.40
2007.08.03 06:32:06.842,2.4516,2.4521,6.40,0.50
2007.08.03 06:32:06.981,2.4516,2.45215,10.40,6.40
2007.08.03 06:32:07.117,2.45165,2.4521,4.00,0.50
2007.08.03 06:32:07.621,2.4516,2.4521,6.40,0.60
2007.08.03 06:32:09.492,2.4516,2.45215,6.40,6.40
2007.08.03 06:32:09.521,2.4516,2.45215,10.40,6.40
2007.08.03 06:32:11.090,2.4516,2.45215,6.40,10.40
2007.08.03 06:32:11.340,2.4516,2.45205,2.40,0.80
2007.08.03 06:32:11.420,2.4515,2.4521,8.40,12.80
2007.08.03 06:32:11.455,2.4514,2.4521,22.30,16.80
2007.08.03 06:32:11.733,2.4514,2.4521,22.30,12.80
2007.08.03 06:32:11.824,2.4515,2.45205,0.70,0.80
2007.08.03 06:32:11.838,2.4514,2.4521,22.30,6.40
2007.08.03 06:32:13.319,2.4516,2.45205,0.50,0.70
2007.08.03 06:32:13.424,2.4517,2.45205,0.70,0.50
2007.08.03 06:32:13.677,2.4516,2.4521,8.40,6.40
2007.08.03 06:32:13.735,2.45165,2.4522,10.40,14.30
2007.08.03 06:32:13.807,2.45165,2.4522,12.80,6.40
2007.08.03 06:32:13.903,2.4517,2.4522,0.80,0.50
2007.08.03 06:32:14.025,2.4517,2.4524,12.80,20.70
2007.08.03 06:32:14.414,2.45175,2.4524,6.40,18.30
2007.08.03 06:32:14.630,2.4517,2.4524,10.40,20.70
2007.08.03 06:32:14.673,2.45175,2.4523,0.80,0.90
2007.08.03 06:32:14.736,2.4517,2.4523,10.40,14.30
2007.08.03 06:32:14.800,2.4517,2.4522,0.50,0.90
2007.08.03 06:32:14.894,2.4516,2.45225,12.80,6.40
2007.08.03 06:32:15.076,2.45165,2.4523,6.40,18.30
2007.08.03 06:32:15.355,2.45165,2.4523,6.40,18.30
2007.08.03 06:32:15.368,2.4518,2.4522,0.60,0.90
2007.08.03 06:32:16.196,2.4519,2.4523,0.70,0.90
2007.08.03 06:32:16.286,2.45175,2.4527,8.80,23.40
2007.08.03 06:32:16.377,2.45175,2.4527,8.80,22.60
2007.08.03 06:32:16.685,2.45175,2.4525,8.80,6.00
2007.08.03 06:32:16.812,2.4518,2.4523,0.80,0.90
2007.08.03 06:32:16.894,2.4518,2.45245,6.40,6.40
2007.08.03 06:32:17.007,2.4518,2.4524,6.40,6.40
2007.08.03 06:32:17.016,2.4518,2.4522,6.40,6.40
2007.08.03 06:32:17.201,2.4516,2.4522,11.90,6.40
2007.08.03 06:32:17.410,2.4518,2.4521,0.50,0.70
2007.08.03 06:32:17.554,2.4517,2.4522,6.40,6.40
2007.08.03 06:32:17.800,2.4515,2.45215,8.80,6.40
2007.08.03 06:32:18.019,2.45155,2.4522,6.40,12.40
2007.08.03 06:32:18.351,2.4517,2.4522,0.50,0.80
2007.08.03 06:32:18.441,2.45165,2.4524,8.80,21.50
2007.08.03 06:32:19.085,2.4517,2.4522,8.80,4.00
2007.08.03 06:32:19.106,2.45175,2.4523,2.10,4.00
2007.08.03 06:32:19.358,2.4517,2.45235,12.80,4.00
2007.08.03 06:32:19.603,2.45175,2.45225,0.50,4.00
2007.08.03 06:32:19.673,2.45175,2.45225,6.40,4.00
2007.08.03 06:32:22.979,2.4518,2.4522,1.20,4.00
2007.08.03 06:32:23.074,2.4517,2.4522,4.80,8.00
2007.08.03 06:32:23.157,2.4517,2.4522,1.00,8.00
2007.08.03 06:32:23.367,2.45165,2.4521,6.40,2.40
2007.08.03 06:32:27.007,2.45165,2.4521,10.40,2.40
2007.08.03 06:32:27.690,2.4517,2.4521,10.40,2.40
2007.08.03 06:32:28.202,2.4517,2.4521,1.20,2.40
2007.08.03 06:32:28.371,2.4517,2.4521,1.70,2.40
2007.08.03 06:32:33.395,2.4516,2.4522,10.40,9.90
2007.08.03 06:32:33.695,2.4516,2.4521,10.40,2.40
2007.08.03 06:32:34.071,2.4516,2.4521,6.40,2.40
2007.08.03 06:32:34.313,2.4515,2.4522,10.40,16.30
2007.08.03 06:32:35.730,2.45165,2.4521,0.50,2.40
2007.08.03 06:32:37.443,2.4515,2.4521,16.80,2.40
2007.08.03 06:32:40.234,2.4516,2.4521,2.40,6.40
2007.08.03 06:32:41.513,2.4516,2.4522,2.40,8.40
2007.08.03 06:32:42.736,2.45155,2.4519,4.00,2.40
2007.08.03 06:32:44.358,2.45165,2.4519,4.00,2.40
2007.08.03 06:32:44.602,2.45165,2.4522,4.00,6.00
2007.08.03 06:32:44.715,2.45165,2.4521,4.00,2.40
2007.08.03 06:32:44.883,2.4516,2.4521,6.40,2.40
2007.08.03 06:32:45.401,2.4516,2.4521,11.90,2.40
2007.08.03 06:32:45.707,2.4516,2.4521,15.90,2.40
2007.08.03 06:32:45.819,2.4517,2.4521,4.00,2.40
2007.08.03 06:32:45.956,2.4518,2.4521,2.40,2.40
2007.08.03 06:32:48.208,2.4519,2.4521,2.40,2.40
2007.08.03 06:32:48.302,2.4519,2.45235,2.40,4.00
2007.08.03 06:32:51.707,2.4518,2.45235,6.40,4.00
2007.08.03 06:32:51.806,2.4518,2.4523,2.40,4.00
2007.08.03 06:32:51.826,2.4518,2.4521,2.40,2.40
2007.08.03 06:32:52.432,2.4518,2.4521,7.90,2.40
2007.08.03 06:32:52.546,2.4518,2.4521,11.90,2.40
2007.08.03 06:32:52.631,2.45185,2.4521,4.00,2.40
2007.08.03 06:32:52.764,2.4521,2.45235,2.40,4.00
2007.08.03 06:32:52.936,2.4521,2.45245,2.40,4.00
2007.08.03 06:32:53.271,2.452,2.45245,2.40,4.00
2007.08.03 06:32:54.991,2.452,2.4525,2.40,4.00
2007.08.03 06:32:55.850,2.4521,2.4525,2.40,4.00
2007.08.03 06:33:02.122,2.4521,2.4525,1.60,4.00
2007.08.03 06:33:02.635,2.452,2.4525,1.60,4.00
2007.08.03 06:33:02.669,2.452,2.4524,1.60,4.00
2007.08.03 06:33:03.452,2.4519,2.4524,4.00,4.00
2007.08.03 06:33:03.525,2.4519,2.45235,4.00,4.00
2007.08.03 06:33:04.486,2.452,2.45235,1.60,4.00
2007.08.03 06:33:04.542,2.452,2.4524,1.60,4.00
2007.08.03 06:33:04.635,2.452,2.4524,1.20,4.00
2007.08.03 06:33:04.700,2.4519,2.4524,1.20,6.40
2007.08.03 06:33:09.786,2.4519,2.45235,0.90,4.00
2007.08.03 06:33:12.028,2.4517,2.45225,16.00,4.00
2007.08.03 06:33:12.532,2.4519,2.4522,0.60,4.00
2007.08.03 06:33:12.710,2.4517,2.4522,8.00,4.00
2007.08.03 06:33:14.393,2.4517,2.45215,4.00,4.00
2007.08.03 06:33:14.477,2.4516,2.45215,17.50,4.00
2007.08.03 06:33:15.503,2.4517,2.45215,4.00,4.00
2007.08.03 06:33:15.707,2.4516,2.45215,17.50,4.00
2007.08.03 06:33:18.284,2.4515,2.4521,12.00,2.40
2007.08.03 06:33:18.308,2.4515,2.452,8.00,4.00
2007.08.03 06:33:18.360,2.4515,2.452,8.00,4.00
2007.08.03 06:33:18.479,2.4515,2.452,4.10,4.00
2007.08.03 06:33:19.501,2.4516,2.452,0.80,4.00
2007.08.03 06:33:19.597,2.4515,2.45205,8.00,4.00
2007.08.03 06:33:19.711,2.4517,2.45205,1.20,4.00
2007.08.03 06:33:23.426,2.4517,2.4521,1.30,4.00
2007.08.03 06:33:23.926,2.4516,2.45205,4.00,4.00
2007.08.03 06:33:26.305,2.4516,2.45195,4.00,4.00
2007.08.03 06:33:26.349,2.4514,2.45195,12.00,4.00
2007.08.03 06:33:26.859,2.4514,2.4519,9.60,2.40
2007.08.03 06:33:27.170,2.4515,2.4519,5.60,2.40
2007.08.03 06:33:27.370,2.4516,2.45195,1.10,4.00
2007.08.03 06:33:27.616,2.45155,2.4521,5.60,6.40
2007.08.03 06:33:28.707,2.45155,2.4521,5.60,6.40
2007.08.03 06:33:28.915,2.4517,2.4521,0.60,2.40
2007.08.03 06:33:28.922,2.4517,2.45215,1.40,4.00
2007.08.03 06:33:29.232,2.4516,2.45215,12.00,4.00
2007.08.03 06:33:29.330,2.4515,2.4521,16.00,2.40
2007.08.03 06:33:29.446,2.4515,2.45205,16.00,4.00
2007.08.03 06:33:29.470,2.4516,2.45205,1.00,4.00
2007.08.03 06:33:29.684,2.4516,2.4519,1.00,2.00
2007.08.03 06:33:29.746,2.4515,2.4517,0.70,2.40
2007.08.03 06:33:29.784,2.4511,2.4517,18.20,2.40
2007.08.03 06:33:29.997,2.4514,2.4517,8.00,2.40
2007.08.03 06:33:30.203,2.4516,2.4517,1.60,2.40
2007.08.03 06:33:30.260,2.4516,2.4517,1.70,2.40
2007.08.03 06:33:30.366,2.4516,2.4519,2.50,4.00
2007.08.03 06:33:30.491,2.45155,2.4519,5.60,4.00
2007.08.03 06:33:30.518,2.4516,2.4521,0.70,6.40
2007.08.03 06:33:30.671,2.45155,2.4521,5.60,6.40
2007.08.03 06:33:30.779,2.4518,2.4521,1.00,4.00
2007.08.03 06:33:30.830,2.4518,2.4524,1.20,10.40
2007.08.03 06:33:31.244,2.4517,2.4522,4.00,4.00
2007.08.03 06:33:31.710,2.45165,2.4521,4.80,2.40
2007.08.03 06:33:31.840,2.45165,2.4521,5.60,2.40
2007.08.03 06:33:32.014,2.4517,2.4521,0.80,2.40
2007.08.03 06:33:32.341,2.4516,2.45205,4.80,4.00
2007.08.03 06:33:32.441,2.4516,2.45205,7.20,4.00
2007.08.03 06:33:34.682,2.4516,2.45205,7.20,4.00
2007.08.03 06:33:34.787,2.4515,2.45205,15.20,4.00
2007.08.03 06:33:34.893,2.4515,2.452,15.20,4.00
2007.08.03 06:33:35.371,2.4515,2.45205,15.20,4.00
2007.08.03 06:33:40.226,2.4515,2.45205,23.00,4.00
2007.08.03 06:33:40.384,2.4516,2.4521,1.50,2.40
2007.08.03 06:33:40.443,2.4516,2.4521,5.30,2.40
2007.08.03 06:33:40.852,2.4516,2.4521,18.30,2.40
2007.08.03 06:33:46.034,2.4515,2.4521,23.00,2.40
2007.08.03 06:33:46.236,2.4516,2.4521,18.30,2.40
2007.08.03 06:33:46.509,2.4517,2.4521,1.30,2.40
2007.08.03 06:33:47.195,2.4516,2.4521,18.30,2.40
2007.08.03 06:33:48.037,2.4515,2.4521,23.00,2.40
2007.08.03 06:33:49.068,2.45165,2.4521,1.20,2.40
2007.08.03 06:33:50.008,2.4517,2.4521,1.70,2.40
2007.08.03 06:33:50.225,2.45165,2.4521,12.00,2.40
2007.08.03 06:33:50.307,2.4517,2.45215,10.40,4.00
2007.08.03 06:33:50.414,2.4519,2.45215,0.50,4.00
2007.08.03 06:33:50.681,2.4517,2.45225,11.20,4.00
2007.08.03 06:33:50.718,2.4517,2.45225,11.20,4.00
2007.08.03 06:33:51.739,2.4519,2.45225,0.80,4.00
2007.08.03 06:33:52.626,2.4519,2.4523,0.80,4.00
2007.08.03 06:33:59.661,2.45175,2.4523,4.80,4.00
2007.08.03 06:33:59.771,2.4518,2.4521,0.80,2.40
2007.08.03 06:34:01.302,2.45175,2.4521,4.00,2.40
2007.08.03 06:34:01.403,2.45175,2.452,4.00,2.40
2007.08.03 06:34:01.427,2.4517,2.452,8.80,2.40
2007.08.03 06:34:01.688,2.4517,2.452,4.80,2.40
2007.08.03 06:34:05.658,2.4517,2.452,4.80,4.40
2007.08.03 06:34:06.179,2.4517,2.452,6.80,2.40
2007.08.03 06:34:06.350,2.4517,2.4522,6.80,6.40
2007.08.03 06:34:06.392,2.45175,2.4522,4.00,2.40
2007.08.03 06:34:07.952,2.45175,2.4522,4.00,6.40
2007.08.03 06:34:08.221,2.4517,2.4522,4.80,6.40
2007.08.03 06:34:08.493,2.4517,2.4522,0.80,10.40
2007.08.03 06:34:08.998,2.4517,2.45215,0.80,4.00
2007.08.03 06:34:10.331,2.4517,2.45205,0.80,4.00
2007.08.03 06:34:10.584,2.4517,2.4521,0.80,8.00
2007.08.03 06:34:12.934,2.4517,2.4521,3.20,8.00
2007.08.03 06:34:13.118,2.4517,2.4521,3.20,4.00
2007.08.03 06:34:13.126,2.4517,2.45215,3.20,4.00
2007.08.03 06:34:14.919,2.4517,2.45205,3.20,4.00
2007.08.03 06:34:20.209,2.4517,2.45205,2.40,4.00
2007.08.03 06:34:20.284,2.4517,2.452,2.40,4.00
2007.08.03 06:34:20.318,2.4515,2.452,7.20,4.00
2007.08.03 06:34:20.730,2.4517,2.452,0.80,4.00
2007.08.03 06:34:20.844,2.4517,2.452,3.20,4.00
2007.08.03 06:34:21.023,2.4517,2.4523,3.20,7.90
2007.08.03 06:34:21.062,2.4517,2.4521,3.20,4.00
2007.08.03 06:34:23.407,2.4517,2.4524,3.20,16.70
2007.08.03 06:34:23.420,2.4518,2.4524,2.40,14.30
2007.08.03 06:34:23.892,2.4518,2.45225,2.40,4.00
2007.08.03 06:34:25.900,2.4518,2.4522,2.40,4.00
2007.08.03 06:34:25.925,2.4518,2.4521,2.40,4.00
2007.08.03 06:34:30.722,2.4518,2.4521,2.40,6.40
2007.08.03 06:34:30.815,2.4516,2.4521,10.40,6.40
2007.08.03 06:34:30.854,2.4516,2.4521,6.40,10.40
2007.08.03 06:34:31.035,2.4516,2.45205,2.40,4.00
2007.08.03 06:34:31.639,2.4517,2.45205,0.80,4.00
2007.08.03 06:34:31.747,2.4518,2.45205,2.40,4.00
2007.08.03 06:34:31.799,2.4518,2.4521,2.40,8.00
2007.08.03 06:34:31.806,2.4518,2.4521,2.40,4.00
2007.08.03 06:34:32.253,2.4516,2.4521,11.20,4.00
2007.08.03 06:34:32.313,2.4516,2.45215,11.20,4.00
2007.08.03 06:34:32.348,2.4516,2.45215,11.20,0.70
2007.08.03 06:34:33.178,2.4517,2.45215,0.80,0.70
2007.08.03 06:34:34.402,2.4517,2.4522,0.80,0.70
2007.08.03 06:34:34.440,2.45165,2.4523,4.00,22.70
2007.08.03 06:34:34.674,2.4516,2.4522,7.20,17.90
2007.08.03 06:34:34.914,2.4516,2.4522,11.20,17.90
2007.08.03 06:34:35.162,2.4517,2.4522,0.80,17.90
2007.08.03 06:34:35.483,2.4517,2.45215,0.80,6.40
2007.08.03 06:34:37.516,2.4517,2.45215,0.80,6.40
2007.08.03 06:34:38.731,2.4516,2.45215,4.80,6.40
2007.08.03 06:34:39.158,2.4516,2.4521,0.80,0.90
2007.08.03 06:34:40.186,2.4516,2.4521,0.80,6.40
2007.08.03 06:34:40.730,2.4515,2.452,2.40,0.70
2007.08.03 06:34:40.808,2.4515,2.452,2.40,0.60
2007.08.03 06:34:41.127,2.4515,2.452,2.40,0.70
2007.08.03 06:34:41.239,2.4515,2.4521,2.40,8.80
2007.08.03 06:34:41.251,2.4515,2.4521,6.40,8.80
2007.08.03 06:34:42.665,2.4516,2.4521,0.80,6.40
2007.08.03 06:34:42.763,2.4517,2.4522,2.40,8.00
2007.08.03 06:34:44.706,2.4516,2.4521,0.80,6.40
2007.08.03 06:34:48.420,2.4515,2.4521,7.20,6.40
2007.08.03 06:34:48.528,2.4515,2.45205,4.80,6.40
2007.08.03 06:34:48.652,2.4515,2.45195,0.80,0.70
2007.08.03 06:34:49.202,2.4515,2.452,0.80,6.40
2007.08.03 06:34:49.450,2.4514,2.4519,12.60,8.00
2007.08.03 06:34:49.648,2.4514,2.45185,11.80,0.70
2007.08.03 06:34:50.363,2.4514,2.45185,9.40,6.40
2007.08.03 06:34:51.286,2.4514,2.45185,5.50,6.40
2007.08.03 06:34:54.774,2.4514,2.4519,7.90,8.00
2007.08.03 06:34:55.288,2.4514,2.45185,8.70,0.50
2007.08.03 06:34:55.587,2.4514,2.45185,7.90,0.60
2007.08.03 06:35:02.263,2.4514,2.4518,5.50,2.40
2007.08.03 06:35:02.286,2.4514,2.45175,5.50,4.00
2007.08.03 06:35:02.306,2.4513,2.45175,0.80,4.00
2007.08.03 06:35:03.835,2.4513,2.4517,0.80,4.00
2007.08.03 06:35:04.324,2.45135,2.4518,4.00,10.40
2007.08.03 06:35:04.414,2.45135,2.4518,4.00,12.80
2007.08.03 06:35:04.471,2.45135,2.4518,4.00,4.80
2007.08.03 06:35:05.677,2.45135,2.4518,4.00,2.40
2007.08.03 06:35:06.387,2.4513,2.4518,10.80,2.40
2007.08.03 06:35:06.705,2.4514,2.4518,1.60,2.40
2007.08.03 06:35:06.755,2.4514,2.4518,7.10,2.40
2007.08.03 06:35:06.812,2.4514,2.45185,9.50,4.00
2007.08.03 06:35:06.857,2.4514,2.45185,13.50,4.00
2007.08.03 06:35:06.896,2.45145,2.452,4.00,6.40
2007.08.03 06:35:07.159,2.45145,2.452,4.00,10.40
2007.08.03 06:35:07.417,2.4514,2.452,17.50,10.40
2007.08.03 06:35:07.689,2.4515,2.452,1.20,10.40
2007.08.03 06:35:07.724,2.4515,2.452,1.20,10.40
2007.08.03 06:35:07.772,2.45145,2.452,10.80,6.40
2007.08.03 06:35:07.825,2.4515,2.452,9.20,4.00
2007.08.03 06:35:07.899,2.4516,2.45205,1.10,4.00
2007.08.03 06:35:07.996,2.4516,2.452,1.60,5.50
2007.08.03 06:35:08.400,2.4516,2.452,1.50,9.50
2007.08.03 06:35:10.088,2.45145,2.4519,4.80,5.50
2007.08.03 06:35:10.202,2.45145,2.452,4.80,6.40
2007.08.03 06:35:10.284,2.45145,2.452,1.40,6.40
2007.08.03 06:35:10.300,2.4514,2.452,4.80,10.40
2007.08.03 06:35:10.487,2.45145,2.452,1.30,6.40
2007.08.03 06:35:11.025,2.4514,2.452,8.80,2.40
2007.08.03 06:35:11.756,2.4515,2.45205,7.20,4.00
2007.08.03 06:35:12.569,2.4516,2.45205,3.20,4.00
2007.08.03 06:35:12.629,2.4517,2.4521,0.80,4.00
2007.08.03 06:35:13.272,2.4516,2.45215,7.20,4.00
2007.08.03 06:35:13.704,2.4517,2.45215,1.40,4.00
2007.08.03 06:35:14.222,2.4517,2.45215,0.90,4.00
2007.08.03 06:35:14.243,2.4517,2.45215,3.70,4.00
2007.08.03 06:35:14.281,2.45175,2.4523,1.70,8.80
2007.08.03 06:35:15.187,2.45175,2.4523,0.50,12.80
2007.08.03 06:35:15.382,2.4516,2.4522,19.00,4.00
2007.08.03 06:35:15.820,2.4516,2.4522,19.00,8.00
2007.08.03 06:35:15.842,2.4516,2.45215,19.00,4.00
2007.08.03 06:35:16.796,2.4516,2.4521,15.80,2.40
2007.08.03 06:35:17.758,2.4516,2.4521,2.10,2.40
2007.08.03 06:35:17.864,2.4514,2.45205,23.40,4.00
2007.08.03 06:35:18.162,2.4515,2.452,3.40,2.00
2007.08.03 06:35:18.333,2.4515,2.4519,3.90,2.40
2007.08.03 06:35:18.359,2.4515,2.4519,2.80,6.40
2007.08.03 06:35:18.379,2.45135,2.45185,4.80,4.00
2007.08.03 06:35:18.429,2.4513,2.45185,15.90,4.00
2007.08.03 06:35:18.749,2.4513,2.4517,12.70,2.40
2007.08.03 06:35:21.730,2.4511,2.4517,15.90,6.40
2007.08.03 06:35:22.742,2.4511,2.4517,11.20,2.40
2007.08.03 06:35:23.352,2.4511,2.4518,12.00,2.40
2007.08.03 06:35:23.509,2.4513,2.4518,6.40,2.40
2007.08.03 06:35:24.485,2.45135,2.4519,2.00,20.70
2007.08.03 06:35:24.689,2.45135,2.4519,0.50,8.80
2007.08.03 06:35:24.794,2.4514,2.4519,2.40,4.80
2007.08.03 06:35:25.843,2.4513,2.4519,10.40,8.80
2007.08.03 06:35:26.440,2.4513,2.4519,11.20,6.40
2007.08.03 06:35:26.464,2.4513,2.4519,11.20,14.30
2007.08.03 06:35:27.601,2.45135,2.45185,1.40,4.00
2007.08.03 06:35:29.126,2.4514,2.4519,2.20,14.30
2007.08.03 06:35:29.365,2.4513,2.4519,12.70,6.40
2007.08.03 06:35:29.408,2.4513,2.4519,12.70,6.40
2007.08.03 06:35:29.773,2.4514,2.4519,5.60,2.40
2007.08.03 06:35:30.155,2.4514,2.4519,5.90,3.20
2007.08.03 06:35:30.173,2.4514,2.45185,1.20,4.00
2007.08.03 06:35:30.405,2.4514,2.45185,3.40,4.00
2007.08.03 06:35:30.547,2.4513,2.45185,7.20,4.00
2007.08.03 06:35:30.567,2.4513,2.45185,1.00,4.00
2007.08.03 06:35:30.724,2.4513,2.4519,7.20,8.80
2007.08.03 06:35:30.819,2.4514,2.4519,1.30,4.80
2007.08.03 06:35:31.207,2.4514,2.4519,2.40,8.80
2007.08.03 06:35:31.368,2.45135,2.4517,8.00,2.40
2007.08.03 06:35:31.849,2.4513,2.4517,1.00,2.40
2007.08.03 06:35:32.499,2.4511,2.4517,12.80,2.40
2007.08.03 06:35:36.318,2.4515,2.4517,4.00,2.40
2007.08.03 06:35:36.667,2.45145,2.4517,4.00,2.40
2007.08.03 06:35:37.339,2.4513,2.4517,4.80,2.40
2007.08.03 06:35:39.082,2.4513,2.4517,5.60,2.40
2007.08.03 06:35:39.117,2.45135,2.4517,4.00,2.40
2007.08.03 06:35:39.757,2.4514,2.4517,4.00,2.40
2007.08.03 06:35:39.934,2.45145,2.452,4.00,12.30
2007.08.03 06:35:40.188,2.45145,2.4517,4.00,2.40
2007.08.03 06:35:40.314,2.45145,2.4519,4.00,4.80
2007.08.03 06:35:40.729,2.45145,2.4519,4.00,2.40
2007.08.03 06:35:40.779,2.4516,2.4519,4.00,2.40
2007.08.03 06:35:40.961,2.45165,2.4519,4.00,2.40
2007.08.03 06:35:41.227,2.4516,2.4519,8.00,2.40
2007.08.03 06:35:41.273,2.4516,2.4519,4.00,2.40
2007.08.03 06:35:41.342,2.4516,2.4521,4.00,4.80
2007.08.03 06:35:41.451,2.4516,2.4521,4.80,4.80
2007.08.03 06:35:41.556,2.4517,2.4521,0.80,2.40
2007.08.03 06:35:41.748,2.4517,2.4521,0.80,6.40
2007.08.03 06:35:41.866,2.45155,2.4521,4.00,6.40
2007.08.03 06:35:41.884,2.45155,2.4521,4.00,10.40
2007.08.03 06:35:43.148,2.45155,2.4521,4.00,12.40
2007.08.03 06:35:43.186,2.45155,2.452,4.00,2.40
2007.08.03 06:35:43.269,2.4515,2.45195,2.40,4.00
2007.08.03 06:35:43.389,2.4514,2.4519,8.00,2.40
2007.08.03 06:35:43.532,2.4514,2.4519,4.00,6.40
2007.08.03 06:35:43.701,2.4514,2.4517,4.00,2.40
2007.08.03 06:35:43.877,2.4513,2.4517,4.80,2.40
2007.08.03 06:35:44.301,2.4515,2.452,8.00,6.30
2007.08.03 06:35:44.506,2.4515,2.452,8.00,3.90
2007.08.03 06:35:44.610,2.4515,2.452,8.80,3.90
2007.08.03 06:35:44.710,2.4516,2.45205,2.00,4.00
2007.08.03 06:35:44.788,2.4516,2.45205,6.00,4.00
2007.08.03 06:35:44.807,2.4516,2.4521,10.00,2.40
2007.08.03 06:35:44.821,2.4517,2.4521,2.40,2.40
2007.08.03 06:35:44.936,2.4517,2.45215,2.40,4.00
2007.08.03 06:35:45.751,2.4516,2.4521,8.00,2.40
2007.08.03 06:35:46.265,2.4516,2.4521,8.80,2.40
2007.08.03 06:35:46.296,2.4517,2.4521,5.50,2.40
2007.08.03 06:35:46.671,2.4517,2.4521,8.50,2.40
2007.08.03 06:35:46.719,2.4517,2.4521,14.50,2.40
2007.08.03 06:35:46.789,2.4518,2.4521,4.00,2.40
2007.08.03 06:35:46.886,2.4518,2.4521,8.00,2.40
2007.08.03 06:35:47.087,2.4518,2.4523,8.00,2.40
2007.08.03 06:35:47.184,2.4519,2.45235,2.40,4.00
2007.08.03 06:35:47.292,2.4518,2.4521,8.00,2.40
2007.08.03 06:35:47.717,2.4519,2.4521,5.50,2.40
2007.08.03 06:35:47.797,2.4519,2.4523,5.50,2.40
2007.08.03 06:35:48.269,2.4519,2.4523,9.50,2.40
2007.08.03 06:35:50.232,2.4519,2.4523,13.50,2.40
2007.08.03 06:35:50.496,2.4519,2.4524,15.90,4.00
2007.08.03 06:35:50.677,2.4519,2.4524,15.90,6.40
2007.08.03 06:35:50.988,2.4519,2.45235,11.90,4.00
2007.08.03 06:35:51.253,2.4519,2.45235,7.90,4.00
2007.08.03 06:35:51.990,2.4519,2.4523,7.90,4.00
2007.08.03 06:35:52.310,2.4519,2.4523,2.40,4.00
2007.08.03 06:35:52.338,2.4518,2.4521,4.00,2.40
2007.08.03 06:35:52.592,2.4517,2.4521,6.30,2.40
2007.08.03 06:35:53.086,2.4517,2.4521,10.30,2.40
2007.08.03 06:35:53.249,2.4517,2.4521,9.50,2.40
2007.08.03 06:35:53.329,2.4517,2.4521,13.50,2.40
2007.08.03 06:35:53.356,2.4517,2.4521,9.50,2.40
2007.08.03 06:35:53.412,2.4517,2.4521,5.50,2.40
2007.08.03 06:35:53.890,2.4517,2.4521,9.50,2.40
2007.08.03 06:35:54.039,2.4517,2.4521,13.50,2.40
2007.08.03 06:35:54.701,2.4517,2.4521,14.30,2.40
2007.08.03 06:35:56.762,2.4517,2.45225,16.70,4.00
2007.08.03 06:35:57.219,2.4518,2.4523,4.00,2.40
2007.08.03 06:35:57.476,2.4519,2.4523,0.80,2.40
2007.08.03 06:36:01.622,2.4519,2.4523,6.30,2.40
2007.08.03 06:36:02.358,2.4519,2.4523,0.80,2.40
2007.08.03 06:36:02.714,2.4519,2.4523,0.80,2.40
2007.08.03 06:36:02.723,2.4519,2.45235,2.00,4.00
2007.08.03 06:36:04.769,2.4519,2.4523,0.80,2.40
2007.08.03 06:36:05.881,2.4519,2.45225,0.80,4.00
2007.08.03 06:36:06.406,2.4517,2.45225,16.70,4.00
2007.08.03 06:36:08.159,2.4517,2.4522,16.70,2.00
2007.08.03 06:36:08.236,2.4517,2.45215,12.70,4.00
2007.08.03 06:36:08.274,2.4517,2.4521,10.30,2.40
2007.08.03 06:36:08.478,2.4517,2.4521,9.50,2.40
2007.08.03 06:36:10.172,2.4517,2.4521,5.50,2.40
2007.08.03 06:36:15.316,2.4517,2.4521,5.50,6.40
2007.08.03 06:36:15.423,2.4516,2.4521,4.00,6.40
2007.08.03 06:36:15.447,2.4515,2.45205,11.20,4.00
2007.08.03 06:36:20.785,2.4515,2.452,7.20,4.00
2007.08.03 06:36:21.741,2.4515,2.452,6.40,6.40
2007.08.03 06:36:21.752,2.4515,2.452,6.40,12.30
2007.08.03 06:36:21.852,2.4513,2.45185,11.20,4.00
2007.08.03 06:36:21.957,2.4513,2.45185,7.20,4.00
2007.08.03 06:36:25.035,2.4513,2.4518,3.20,4.00
2007.08.03 06:36:26.310,2.4513,2.4518,7.20,4.00
2007.08.03 06:36:26.581,2.4515,2.4518,0.80,4.00
2007.08.03 06:36:26.678,2.4514,2.4518,3.20,4.00
2007.08.03 06:36:26.863,2.45155,2.452,4.00,6.40
2007.08.03 06:36:26.933,2.45155,2.452,4.00,2.40
2007.08.03 06:36:27.390,2.4516,2.452,4.00,2.40
2007.08.03 06:36:27.714,2.4516,2.4521,4.00,2.40
2007.08.03 06:36:30.251,2.4516,2.4518,4.00,2.40
2007.08.03 06:36:30.272,2.4514,2.4518,0.80,2.40
2007.08.03 06:36:30.378,2.45135,2.4519,4.00,4.00
2007.08.03 06:36:30.776,2.451,2.4516,2.40,2.40
2007.08.03 06:36:33.788,2.4514,2.4519,4.00,4.00
2007.08.03 06:36:33.812,2.4514,2.4519,4.00,4.80
2007.08.03 06:36:34.473,2.45135,2.4519,4.00,4.80
2007.08.03 06:36:34.951,2.45135,2.4518,4.00,2.40
2007.08.03 06:36:35.241,2.45135,2.4518,4.00,4.40
2007.08.03 06:36:35.401,2.4513,2.4517,0.80,4.00
2007.08.03 06:36:35.677,2.4514,2.4517,0.80,4.00
2007.08.03 06:36:35.886,2.4514,2.4518,0.80,10.40
2007.08.03 06:36:36.148,2.4514,2.4518,0.80,6.40
2007.08.03 06:36:36.175,2.4513,2.4518,10.30,6.40
2007.08.03 06:36:36.259,2.4513,2.4518,4.80,6.40
2007.08.03 06:36:36.423,2.4513,2.4518,0.80,10.40
2007.08.03 06:36:36.696,2.4513,2.4518,1.60,10.40
2007.08.03 06:36:36.807,2.4514,2.4518,2.40,8.00
2007.08.03 06:36:36.963,2.4514,2.4518,2.40,4.00
2007.08.03 06:36:36.995,2.4514,2.4519,2.40,11.90
2007.08.03 06:36:37.239,2.4514,2.45185,2.40,4.00
2007.08.03 06:36:37.301,2.4514,2.4518,2.40,4.00
2007.08.03 06:36:37.535,2.4513,2.4518,4.80,2.40
2007.08.03 06:36:37.890,2.45135,2.4518,4.00,2.40
2007.08.03 06:36:37.910,2.45135,2.4519,4.00,4.80
2007.08.03 06:36:38.032,2.45135,2.4516,4.00,2.40
2007.08.03 06:36:38.362,2.45135,2.4518,4.00,16.70
2007.08.03 06:36:38.984,2.4513,2.4518,4.00,16.70
2007.08.03 06:36:40.270,2.4514,2.4518,4.00,16.70
2007.08.03 06:36:40.305,2.4514,2.4518,4.00,14.30
2007.08.03 06:36:40.436,2.4514,2.4518,4.00,7.90
2007.08.03 06:36:40.614,2.4514,2.4518,4.80,7.90
2007.08.03 06:36:40.723,2.4515,2.4518,0.80,5.50
2007.08.03 06:36:40.736,2.4515,2.4519,0.80,4.00
2007.08.03 06:36:40.780,2.45155,2.452,4.00,11.90
2007.08.03 06:36:40.818,2.4516,2.452,2.40,9.50
2007.08.03 06:36:40.840,2.4516,2.452,2.40,5.50
2007.08.03 06:36:41.225,2.4516,2.452,2.40,7.90
2007.08.03 06:36:41.248,2.4516,2.452,2.40,16.30
2007.08.03 06:36:41.331,2.45155,2.4518,4.00,2.40
2007.08.03 06:36:41.522,2.4514,2.4518,4.00,2.40
2007.08.03 06:36:42.153,2.4514,2.4518,4.80,2.40
2007.08.03 06:36:42.245,2.4514,2.4519,7.20,4.00
2007.08.03 06:36:42.530,2.4515,2.452,4.00,10.30
2007.08.03 06:36:44.739,2.4515,2.4519,4.00,2.40
2007.08.03 06:36:44.896,2.45145,2.4519,4.00,2.40
2007.08.03 06:36:45.765,2.4515,2.4519,0.80,2.40
2007.08.03 06:36:45.944,2.4515,2.4519,4.80,2.40
2007.08.03 06:36:46.185,2.4515,2.4519,0.80,2.40
2007.08.03 06:36:47.193,2.45145,2.4519,4.00,2.40
2007.08.03 06:36:47.242,2.4514,2.45185,6.00,4.00
2007.08.03 06:36:47.259,2.4514,2.45185,4.00,4.00
2007.08.03 06:36:47.353,2.4513,2.45185,11.20,4.00
2007.08.03 06:36:49.017,2.4513,2.4519,11.20,8.40
2007.08.03 06:36:50.162,2.4514,2.45185,2.00,4.00
2007.08.03 06:36:50.191,2.4514,2.45185,2.80,4.00
2007.08.03 06:36:50.268,2.4514,2.45185,6.80,4.00
2007.08.03 06:36:50.399,2.4515,2.45185,0.80,4.00
2007.08.03 06:36:50.423,2.4515,2.4519,0.80,2.40
2007.08.03 06:36:51.186,2.45155,2.4519,4.00,2.40
2007.08.03 06:36:51.213,2.45155,2.452,4.00,2.40
2007.08.03 06:36:56.286,2.4516,2.452,7.90,2.40
2007.08.03 06:36:56.354,2.4517,2.4521,0.80,6.00
2007.08.03 06:36:56.463,2.45175,2.4521,4.00,2.00
2007.08.03 06:36:56.765,2.4518,2.4521,2.40,2.00
2007.08.03 06:36:56.811,2.4518,2.45225,2.40,4.00
2007.08.03 06:36:56.982,2.4518,2.4523,2.40,12.30
2007.08.03 06:36:57.221,2.4518,2.4523,2.40,10.30
2007.08.03 06:36:57.244,2.4518,2.45225,2.40,4.00
2007.08.03 06:36:57.817,2.45175,2.4522,4.00,2.40
2007.08.03 06:36:57.844,2.45175,2.4522,4.00,6.40
2007.08.03 06:36:58.046,2.4517,2.4522,0.80,10.40
2007.08.03 06:36:58.151,2.4517,2.4522,0.80,12.40
2007.08.03 06:36:58.273,2.4517,2.4522,0.80,20.30
2007.08.03 06:36:58.328,2.4517,2.4521,0.80,4.00
2007.08.03 06:36:58.431,2.45155,2.452,4.00,2.40
2007.08.03 06:37:00.226,2.4516,2.452,5.50,2.40
2007.08.03 06:37:00.331,2.45155,2.452,4.00,2.40
2007.08.03 06:37:01.030,2.4516,2.452,4.00,2.40
2007.08.03 06:37:01.548,2.45155,2.452,4.00,2.40
2007.08.03 06:37:02.378,2.4515,2.452,4.80,2.40
2007.08.03 06:37:03.108,2.45155,2.452,4.00,2.40
2007.08.03 06:37:04.263,2.4516,2.452,2.00,2.40
2007.08.03 06:37:04.284,2.4516,2.45205,2.00,4.00
2007.08.03 06:37:04.442,2.4517,2.4521,4.00,6.40
2007.08.03 06:37:04.472,2.4517,2.4521,4.00,2.40
2007.08.03 06:37:04.678,2.4517,2.4521,4.00,4.40
2007.08.03 06:37:04.805,2.4517,2.452,4.00,2.40
2007.08.03 06:37:05.025,2.45155,2.452,4.00,2.40
2007.08.03 06:37:05.737,2.45155,2.45205,4.00,4.00
2007.08.03 06:37:05.783,2.4516,2.4521,4.00,6.40
2007.08.03 06:37:06.261,2.4516,2.452,4.00,9.50
2007.08.03 06:37:06.306,2.4515,2.452,4.80,13.50
2007.08.03 06:37:06.470,2.4515,2.452,0.80,13.50
2007.08.03 06:37:06.808,2.45155,2.452,4.00,9.50
2007.08.03 06:37:08.704,2.45155,2.452,4.00,11.90
2007.08.03 06:37:09.325,2.45155,2.452,4.00,9.50
2007.08.03 06:37:09.737,2.4515,2.452,0.80,13.50
2007.08.03 06:37:09.751,2.4515,2.4519,0.80,2.40
2007.08.03 06:37:11.247,2.4515,2.4519,2.80,2.40
2007.08.03 06:37:11.326,2.45155,2.4519,4.00,2.40
2007.08.03 06:37:12.380,2.4515,2.4519,6.80,2.40
2007.08.03 06:37:12.606,2.45165,2.4519,4.00,2.40
2007.08.03 06:37:12.932,2.45165,2.4521,4.00,6.40
2007.08.03 06:37:13.095,2.45165,2.4521,4.00,2.40
2007.08.03 06:37:13.228,2.4517,2.4521,0.80,2.40
2007.08.03 06:37:13.449,2.45165,2.4521,4.00,2.40
2007.08.03 06:37:13.481,2.4517,2.4521,4.00,2.40
2007.08.03 06:37:15.806,2.45165,2.4521,4.00,2.40
2007.08.03 06:37:16.367,2.4516,2.4521,8.00,2.40
2007.08.03 06:37:16.519,2.4516,2.4521,8.00,9.50
2007.08.03 06:37:16.627,2.4516,2.4521,4.00,9.50
2007.08.03 06:37:16.682,2.45165,2.4521,4.00,9.50
2007.08.03 06:37:18.272,2.4517,2.4521,0.80,7.10
2007.08.03 06:37:18.313,2.4517,2.4522,4.80,13.50
2007.08.03 06:37:18.516,2.4517,2.4522,8.80,9.50
2007.08.03 06:37:18.829,2.4517,2.4522,4.80,13.50
2007.08.03 06:37:19.057,2.4517,2.4522,8.80,9.50
2007.08.03 06:37:19.723,2.4519,2.4522,0.80,9.50
2007.08.03 06:37:19.797,2.452,2.4522,2.40,7.10
2007.08.03 06:37:19.835,2.452,2.45225,2.40,4.00
2007.08.03 06:37:19.856,2.452,2.4524,2.40,8.00
2007.08.03 06:37:20.035,2.452,2.4523,2.40,4.00
2007.08.03 06:37:20.218,2.4519,2.4523,0.80,4.00
2007.08.03 06:37:20.447,2.4519,2.45225,0.80,4.00
2007.08.03 06:37:21.005,2.4519,2.4524,0.80,10.40
2007.08.03 06:37:21.109,2.452,2.4524,0.80,10.40
2007.08.03 06:37:21.727,2.45185,2.4524,4.00,10.40
2007.08.03 06:37:22.055,2.4518,2.45235,22.20,4.00
2007.08.03 06:37:22.735,2.4518,2.45235,11.20,4.00
2007.08.03 06:37:22.849,2.4518,2.45235,7.20,4.00
2007.08.03 06:37:22.859,2.4518,2.4522,0.80,2.40
2007.08.03 06:37:23.162,2.4518,2.4522,0.80,5.20
2007.08.03 06:37:23.261,2.45175,2.452,4.00,2.40
2007.08.03 06:37:23.419,2.45165,2.452,4.00,2.40
2007.08.03 06:37:23.915,2.4516,2.452,19.80,2.40
2007.08.03 06:37:24.296,2.4516,2.452,15.90,2.40
2007.08.03 06:37:24.790,2.4516,2.45215,18.30,4.00
2007.08.03 06:37:24.977,2.45165,2.4522,4.00,12.40
2007.08.03 06:37:25.241,2.4516,2.45215,18.30,4.00
2007.08.03 06:37:25.310,2.4516,2.4521,15.90,2.40
2007.08.03 06:37:25.503,2.45165,2.4521,4.00,2.40
2007.08.03 06:37:26.204,2.4516,2.4521,15.90,2.40
2007.08.03 06:37:28.795,2.4517,2.4522,0.60,4.00
2007.08.03 06:37:28.822,2.4517,2.45225,6.40,4.00
2007.08.03 06:37:29.846,2.4518,2.4523,1.10,2.40
2007.08.03 06:37:30.232,2.4517,2.45235,11.20,4.00
2007.08.03 06:37:34.222,2.45175,2.45225,4.80,4.00
2007.08.03 06:37:35.282,2.45175,2.45225,2.40,4.00
2007.08.03 06:37:35.388,2.4517,2.4521,8.80,2.40
2007.08.03 06:37:35.499,2.4517,2.4521,2.10,2.40
2007.08.03 06:37:38.249,2.4517,2.4521,3.70,2.40
2007.08.03 06:37:38.276,2.4516,2.4521,8.80,2.40
2007.08.03 06:37:38.300,2.45165,2.4521,1.60,2.40
2007.08.03 06:38:11.489,2.4516,2.4521,8.80,2.40
2007.08.03 06:38:18.832,2.4517,2.4521,0.80,2.40
2007.08.03 06:38:18.850,2.4517,2.4521,4.80,2.40
2007.08.03 06:38:18.938,2.4517,2.4522,6.80,4.00
2007.08.03 06:38:19.140,2.4517,2.45225,10.80,4.00
2007.08.03 06:38:21.274,2.4519,2.45225,0.80,4.00
2007.08.03 06:38:21.400,2.4519,2.4523,0.80,13.50
2007.08.03 06:38:21.415,2.4519,2.4523,0.80,6.40
2007.08.03 06:38:21.625,2.4519,2.4523,0.80,2.40
2007.08.03 06:38:22.875,2.4519,2.4523,0.80,6.40
2007.08.03 06:38:23.008,2.4519,2.45225,0.80,4.00
2007.08.03 06:38:23.170,2.4518,2.45225,0.80,4.00
2007.08.03 06:38:23.272,2.4518,2.4521,0.80,2.40
2007.08.03 06:38:23.772,2.4517,2.4521,0.80,2.40
2007.08.03 06:38:23.788,2.4517,2.4521,0.80,6.40
2007.08.03 06:38:24.305,2.4517,2.4521,0.80,2.40
2007.08.03 06:38:24.814,2.4517,2.4521,0.80,6.40
2007.08.03 06:38:25.312,2.4517,2.4521,0.80,2.40
2007.08.03 06:38:27.371,2.4517,2.4521,0.80,6.40
2007.08.03 06:38:35.391,2.45155,2.4521,4.00,6.40
2007.08.03 06:38:35.478,2.4515,2.45205,8.80,4.00
2007.08.03 06:38:36.420,2.4515,2.4519,8.80,2.40
2007.08.03 06:38:36.513,2.4515,2.4519,4.80,2.40
2007.08.03 06:38:41.832,2.4515,2.4519,8.80,2.40
2007.08.03 06:38:41.866,2.4515,2.45205,8.80,4.00
2007.08.03 06:38:44.334,2.4515,2.45205,4.80,4.00
2007.08.03 06:38:44.396,2.4515,2.452,0.80,4.00
2007.08.03 06:38:47.191,2.4515,2.45205,4.80,4.00
2007.08.03 06:38:47.343,2.4515,2.45205,8.80,4.00
2007.08.03 06:38:51.269,2.45155,2.4521,4.00,10.40
2007.08.03 06:38:51.368,2.45155,2.4521,4.00,6.40
2007.08.03 06:38:51.769,2.45155,2.4522,4.00,21.50
2007.08.03 06:38:53.863,2.45155,2.4521,4.00,10.40
2007.08.03 06:38:54.041,2.4515,2.45205,16.70,4.00
2007.08.03 06:38:54.315,2.45155,2.4521,4.00,6.40
2007.08.03 06:38:54.328,2.4516,2.4521,2.40,4.00
2007.08.03 06:38:55.454,2.4517,2.4521,3.20,4.00
2007.08.03 06:38:55.582,2.4517,2.45215,3.20,4.00
2007.08.03 06:38:56.617,2.4517,2.4522,3.20,4.00
2007.08.03 06:38:56.979,2.4517,2.4522,7.20,4.00
2007.08.03 06:38:57.391,2.4517,2.45225,11.20,4.00
2007.08.03 06:38:57.655,2.45175,2.45225,4.00,4.00
2007.08.03 06:38:57.912,2.45175,2.4522,4.00,4.00
2007.08.03 06:38:57.924,2.4517,2.45215,3.20,4.00
2007.08.03 06:39:00.707,2.4519,2.45215,0.80,4.00
2007.08.03 06:39:00.727,2.4519,2.4522,0.80,4.00
2007.08.03 06:39:00.927,2.4519,2.45235,0.80,4.00
2007.08.03 06:39:01.246,2.4519,2.4523,0.80,4.00
2007.08.03 06:39:01.330,2.4519,2.4523,0.80,8.00
2007.08.03 06:39:01.650,2.4519,2.4523,0.80,4.00
2007.08.03 06:39:02.313,2.4519,2.45235,0.80,4.00
2007.08.03 06:39:04.306,2.4519,2.4524,0.80,10.40
2007.08.03 06:39:05.689,2.4519,2.4523,0.80,2.00
2007.08.03 06:39:05.985,2.4519,2.4524,0.80,12.40
2007.08.03 06:39:06.196,2.4519,2.4524,0.80,10.40
2007.08.03 06:39:06.304,2.4519,2.45235,0.80,4.00
2007.08.03 06:39:06.855,2.4519,2.4524,0.80,10.40
2007.08.03 06:39:08.396,2.4519,2.45235,0.80,4.00
2007.08.03 06:39:10.742,2.4519,2.4523,0.80,4.00
2007.08.03 06:39:10.777,2.4519,2.4523,0.80,8.00
2007.08.03 06:39:10.918,2.4519,2.4523,0.80,8.00
2007.08.03 06:39:11.287,2.4518,2.4523,4.80,4.00
2007.08.03 06:39:11.398,2.4518,2.45235,8.80,4.00
2007.08.03 06:39:11.823,2.4518,2.45235,13.20,4.00
2007.08.03 06:39:12.053,2.45185,2.4524,7.20,8.00
2007.08.03 06:39:12.431,2.45185,2.4524,0.70,10.40
2007.08.03 06:39:12.438,2.4518,2.4523,10.40,7.10
2007.08.03 06:39:12.574,2.45175,2.4523,10.40,11.10
2007.08.03 06:39:12.825,2.4517,2.45225,15.20,4.00
2007.08.03 06:39:12.849,2.4518,2.45225,1.40,4.00
2007.08.03 06:39:17.433,2.4517,2.45215,3.20,4.00
2007.08.03 06:39:17.537,2.4517,2.45215,1.80,4.00
2007.08.03 06:39:17.654,2.4517,2.45215,0.60,4.00
2007.08.03 06:39:18.406,2.4519,2.45215,0.80,4.00
2007.08.03 06:39:18.448,2.4519,2.4523,0.80,17.10
2007.08.03 06:39:18.506,2.4519,2.4523,1.00,17.10
2007.08.03 06:39:18.547,2.4519,2.4523,0.50,8.00
2007.08.03 06:39:18.749,2.4518,2.4523,9.20,4.00
2007.08.03 06:39:18.772,2.4519,2.4524,1.10,8.00
2007.08.03 06:39:18.925,2.4519,2.4524,1.10,10.40
2007.08.03 06:39:18.969,2.4519,2.4523,0.50,4.00
2007.08.03 06:39:19.016,2.4518,2.4523,3.10,4.00
2007.08.03 06:39:19.053,2.45175,2.4523,6.40,4.00
2007.08.03 06:39:19.440,2.4517,2.4523,19.10,4.00
2007.08.03 06:39:19.461,2.45175,2.4523,1.70,11.10
2007.08.03 06:39:19.671,2.45175,2.4523,1.90,15.10
2007.08.03 06:39:19.746,2.45175,2.45225,2.00,4.00
2007.08.03 06:39:20.280,2.4517,2.4523,11.20,11.10
2007.08.03 06:39:20.465,2.45175,2.4523,6.40,11.10
2007.08.03 06:39:20.503,2.4518,2.4523,0.80,4.00
2007.08.03 06:39:20.515,2.4517,2.45235,19.10,4.00
2007.08.03 06:39:20.722,2.4519,2.45235,5.40,4.00
2007.08.03 06:39:20.784,2.452,2.4524,1.10,2.40
2007.08.03 06:39:20.963,2.4519,2.4525,16.70,10.40
2007.08.03 06:39:21.030,2.4519,2.4525,16.70,6.40
2007.08.03 06:39:21.321,2.452,2.4525,11.90,2.40
2007.08.03 06:39:21.376,2.452,2.4526,14.30,12.00
2007.08.03 06:39:22.055,2.4519,2.45255,19.00,4.00
2007.08.03 06:39:22.474,2.452,2.45255,1.20,4.00
2007.08.03 06:39:22.496,2.4519,2.45255,11.20,4.00
2007.08.03 06:39:22.574,2.452,2.4525,0.80,4.00
2007.08.03 06:39:22.674,2.45195,2.4525,4.80,8.00
2007.08.03 06:39:22.909,2.45195,2.4525,4.80,8.00
2007.08.03 06:39:23.019,2.4521,2.4525,2.00,8.00
2007.08.03 06:39:23.152,2.4521,2.4525,3.00,4.00
2007.08.03 06:39:23.209,2.452,2.4526,18.30,8.00
2007.08.03 06:39:23.222,2.4521,2.4526,7.20,8.00
2007.08.03 06:39:23.301,2.4521,2.4526,7.20,12.00
2007.08.03 06:39:23.328,2.4521,2.4526,4.80,14.40
2007.08.03 06:39:23.435,2.45205,2.4526,4.80,14.40
2007.08.03 06:39:23.534,2.45205,2.4525,4.80,2.40
2007.08.03 06:39:23.589,2.452,2.4525,8.80,6.40
2007.08.03 06:39:23.949,2.452,2.4524,4.80,2.40
2007.08.03 06:39:24.244,2.45195,2.4524,4.80,2.40
2007.08.03 06:39:24.468,2.452,2.4525,0.80,8.00
2007.08.03 06:39:24.574,2.4519,2.4525,10.40,10.40
2007.08.03 06:39:24.625,2.45195,2.45245,2.00,4.00
2007.08.03 06:39:24.967,2.452,2.45245,3.80,4.00
2007.08.03 06:39:24.992,2.4521,2.45245,1.30,4.00
2007.08.03 06:39:25.134,2.452,2.4525,16.30,4.00
2007.08.03 06:39:25.286,2.4521,2.4526,1.60,8.00
2007.08.03 06:39:28.388,2.4521,2.4526,4.00,12.00
2007.08.03 06:39:28.689,2.45205,2.4526,7.20,12.00
2007.08.03 06:39:28.760,2.4522,2.4526,0.80,12.00
2007.08.03 06:39:32.868,2.4521,2.4526,3.20,8.00
2007.08.03 06:39:33.267,2.4521,2.4526,7.20,4.00
2007.08.03 06:39:33.288,2.452,2.4526,18.30,4.00
2007.08.03 06:39:33.379,2.4521,2.45265,1.20,4.00
2007.08.03 06:39:34.301,2.452,2.4526,18.30,8.00
2007.08.03 06:39:35.405,2.4521,2.4526,1.20,12.00
2007.08.03 06:39:36.865,2.4521,2.4526,1.00,8.00
2007.08.03 06:39:36.928,2.452,2.4526,18.30,4.00
2007.08.03 06:39:37.002,2.452,2.45265,18.30,4.00
2007.08.03 06:39:37.719,2.4521,2.45265,7.20,4.00
2007.08.03 06:39:37.931,2.4521,2.45265,11.20,4.00
2007.08.03 06:39:38.119,2.4522,2.4526,0.80,4.00
2007.08.03 06:39:38.172,2.4521,2.4526,4.80,8.00
2007.08.03 06:39:38.555,2.4522,2.4526,0.80,10.40
2007.08.03 06:39:38.614,2.4522,2.45255,0.80,4.00
2007.08.03 06:39:39.438,2.4522,2.4525,0.80,4.00
2007.08.03 06:39:39.528,2.4522,2.4525,0.80,8.00
2007.08.03 06:39:41.195,2.4522,2.4525,0.80,4.00
2007.08.03 06:39:41.257,2.4522,2.45255,0.80,4.00
2007.08.03 06:39:45.009,2.4522,2.4525,0.80,4.00
2007.08.03 06:39:49.439,2.452,2.4525,2.40,4.00
2007.08.03 06:39:49.538,2.4523,2.4525,0.80,4.00
2007.08.03 06:39:49.607,2.4523,2.4526,0.80,12.00
2007.08.03 06:39:50.192,2.4523,2.4526,0.80,8.00
2007.08.03 06:39:50.405,2.4523,2.4526,0.80,4.00
2007.08.03 06:39:51.231,2.4523,2.4526,0.80,8.00
2007.08.03 06:39:52.259,2.4523,2.4526,0.80,4.00
2007.08.03 06:39:53.296,2.4523,2.4526,0.80,8.00
2007.08.03 06:39:54.978,2.4523,2.4526,0.80,4.00
2007.08.03 06:39:56.204,2.4523,2.4526,0.80,8.00
2007.08.03 06:39:56.729,2.4521,2.4526,7.20,8.00
2007.08.03 06:39:56.734,2.4521,2.45255,3.20,4.00
2007.08.03 06:39:57.492,2.4521,2.4525,3.20,4.00
2007.08.03 06:39:57.552,2.452,2.4525,20.20,4.00
2007.08.03 06:39:57.568,2.452,2.4525,18.20,4.00
2007.08.03 06:39:57.776,2.452,2.4525,14.30,4.00
2007.08.03 06:39:57.871,2.452,2.4525,10.30,4.00
2007.08.03 06:39:59.693,2.4522,2.4525,0.80,4.00
2007.08.03 06:39:59.880,2.4522,2.4526,0.80,4.00
2007.08.03 06:39:59.950,2.4522,2.4527,0.80,14.40
2007.08.03 06:40:00.251,2.4522,2.4527,0.80,16.40
2007.08.03 06:40:00.299,2.4522,2.45255,0.80,4.00
2007.08.03 06:40:02.888,2.4521,2.45255,0.80,4.00
2007.08.03 06:40:03.711,2.452,2.45255,16.30,4.00
2007.08.03 06:40:03.905,2.45205,2.4526,4.00,12.00
2007.08.03 06:40:04.164,2.45205,2.45255,4.00,4.00
2007.08.03 06:40:05.044,2.4521,2.45255,0.80,4.00
2007.08.03 06:40:05.185,2.4521,2.4526,4.80,12.00
2007.08.03 06:40:05.457,2.4521,2.4526,4.00,12.00
2007.08.03 06:40:11.014,2.4521,2.4526,4.00,12.80
2007.08.03 06:40:11.050,2.4521,2.4526,4.00,8.80
2007.08.03 06:40:11.297,2.452,2.45255,13.50,4.00
2007.08.03 06:40:13.243,2.452,2.4525,13.50,4.00
2007.08.03 06:40:13.654,2.452,2.4525,14.30,4.00
2007.08.03 06:40:15.204,2.452,2.45255,14.30,4.00
2007.08.03 06:40:15.671,2.452,2.45255,13.50,4.00
2007.08.03 06:40:15.942,2.452,2.4525,13.50,4.00
2007.08.03 06:40:16.215,2.452,2.4525,13.50,8.00
2007.08.03 06:40:16.502,2.452,2.4525,9.50,8.00
2007.08.03 06:40:18.230,2.452,2.4525,2.40,12.00
2007.08.03 06:40:18.313,2.452,2.4524,2.40,4.00
2007.08.03 06:40:18.350,2.4519,2.4524,2.40,4.00
2007.08.03 06:40:18.419,2.4519,2.4524,2.40,8.00
2007.08.03 06:40:29.644,2.4519,2.4524,4.40,15.90
2007.08.03 06:40:29.712,2.4519,2.45235,4.40,4.00
2007.08.03 06:40:29.961,2.4519,2.45245,8.40,4.00
2007.08.03 06:40:30.047,2.4519,2.4524,6.00,0.80
2007.08.03 06:40:30.060,2.4519,2.4524,4.00,0.80
2007.08.03 06:40:30.148,2.4519,2.4524,4.00,3.20
2007.08.03 06:40:30.227,2.45175,2.4523,4.00,4.00
2007.08.03 06:40:30.470,2.45175,2.4523,4.00,8.00
2007.08.03 06:40:31.742,2.4518,2.4523,2.00,8.00
2007.08.03 06:40:31.841,2.4518,2.4523,2.00,4.00
2007.08.03 06:40:32.052,2.45185,2.4524,4.00,11.20
2007.08.03 06:40:32.254,2.45185,2.4524,4.00,19.10
2007.08.03 06:40:32.319,2.45175,2.4523,4.00,4.00
2007.08.03 06:40:32.345,2.45175,2.4523,4.00,8.00
2007.08.03 06:40:32.632,2.4518,2.4523,0.80,8.00
2007.08.03 06:40:36.744,2.45185,2.4523,4.00,4.00
2007.08.03 06:40:42.263,2.4519,2.4523,2.40,4.00
2007.08.03 06:40:46.596,2.452,2.4523,0.80,4.00
2007.08.03 06:40:50.842,2.452,2.4524,0.80,14.30
2007.08.03 06:40:51.235,2.45195,2.4524,4.00,14.30
2007.08.03 06:40:51.269,2.45195,2.4524,4.00,2.40
2007.08.03 06:40:51.340,2.45195,2.4525,4.00,4.00
2007.08.03 06:40:51.365,2.452,2.45255,4.00,4.00
2007.08.03 06:40:51.754,2.452,2.4524,4.00,2.40
2007.08.03 06:40:51.778,2.452,2.4524,4.00,10.30
2007.08.03 06:40:51.875,2.45195,2.4524,4.00,10.30
2007.08.03 06:40:51.887,2.45195,2.4524,4.00,14.30
2007.08.03 06:40:51.957,2.452,2.4524,0.80,14.30
2007.08.03 06:40:52.357,2.4517,2.4524,7.20,14.30
2007.08.03 06:40:53.401,2.452,2.4524,0.80,14.30
2007.08.03 06:40:59.253,2.4517,2.4524,7.20,14.30
2007.08.03 06:40:59.320,2.452,2.4524,4.80,14.30
2007.08.03 06:41:01.319,2.452,2.4524,0.80,14.30
2007.08.03 06:41:01.719,2.452,2.4524,0.80,6.40
2007.08.03 06:41:01.837,2.452,2.4524,0.80,2.40
2007.08.03 06:41:01.857,2.45205,2.4524,4.00,2.40
2007.08.03 06:41:02.098,2.45205,2.4525,4.00,11.10
2007.08.03 06:41:02.319,2.452,2.4525,4.80,11.10
2007.08.03 06:41:04.068,2.4519,2.4525,7.20,11.10
2007.08.03 06:41:21.995,2.452,2.45245,0.80,4.00
2007.08.03 06:41:22.251,2.452,2.4525,1.80,11.10
2007.08.03 06:41:22.266,2.4519,2.4524,11.20,7.90
2007.08.03 06:41:22.336,2.452,2.4524,1.10,10.30
2007.08.03 06:41:22.504,2.452,2.4524,0.80,10.30
2007.08.03 06:41:23.797,2.452,2.4524,1.00,10.30
2007.08.03 06:41:24.069,2.452,2.4524,0.80,10.30
2007.08.03 06:41:24.846,2.4518,2.4524,10.80,10.30
2007.08.03 06:41:25.084,2.45195,2.4524,4.80,10.30
2007.08.03 06:41:25.542,2.45195,2.4524,4.80,2.40
2007.08.03 06:41:30.123,2.4518,2.4524,17.90,2.40
2007.08.03 06:41:30.352,2.4516,2.4524,19.50,14.30
2007.08.03 06:41:30.361,2.4516,2.4524,17.10,11.90
2007.08.03 06:41:30.419,2.452,2.4524,0.80,15.90
2007.08.03 06:41:30.466,2.45185,2.4524,1.40,18.30
2007.08.03 06:41:30.758,2.45185,2.4524,1.90,10.40
2007.08.03 06:41:30.785,2.45185,2.4524,0.60,12.80
2007.08.03 06:41:30.873,2.45185,2.4524,4.80,12.80
2007.08.03 06:41:30.946,2.452,2.4524,0.90,8.80
2007.08.03 06:41:30.985,2.4519,2.4524,4.80,6.40
2007.08.03 06:41:31.066,2.452,2.4524,1.90,2.40
2007.08.03 06:41:31.391,2.452,2.4524,11.10,2.40
2007.08.03 06:41:31.409,2.4521,2.45255,2.40,4.00
2007.08.03 06:41:31.527,2.4521,2.4526,6.40,8.00
2007.08.03 06:41:31.699,2.4521,2.4526,7.20,8.00
2007.08.03 06:41:31.802,2.4521,2.4525,7.20,4.00
2007.08.03 06:41:31.823,2.4521,2.4525,4.80,4.00
2007.08.03 06:41:32.731,2.4521,2.4524,4.00,2.40
2007.08.03 06:41:32.877,2.452,2.4524,0.80,2.40
2007.08.03 06:41:34.411,2.452,2.4524,0.80,10.30
2007.08.03 06:41:35.021,2.452,2.4523,0.80,4.00
2007.08.03 06:41:37.090,2.4517,2.45225,14.30,4.00
2007.08.03 06:41:37.485,2.452,2.45225,0.80,4.00
2007.08.03 06:41:37.634,2.452,2.4523,0.80,4.00
2007.08.03 06:41:38.702,2.4519,2.4523,0.80,4.00
2007.08.03 06:41:38.802,2.4519,2.4523,3.20,4.00
2007.08.03 06:41:39.063,2.4519,2.45225,3.20,4.00
2007.08.03 06:41:39.217,2.452,2.45225,0.80,4.00
2007.08.03 06:41:39.317,2.4517,2.45225,14.30,4.00
2007.08.03 06:41:39.564,2.452,2.4523,0.80,4.00
2007.08.03 06:41:39.980,2.452,2.4523,0.80,8.00
2007.08.03 06:41:40.509,2.452,2.4523,0.80,4.00
2007.08.03 06:41:41.285,2.4518,2.4523,8.80,4.00
2007.08.03 06:41:41.310,2.4519,2.4524,4.00,10.30
2007.08.03 06:41:41.553,2.4519,2.4523,4.00,4.00
2007.08.03 06:41:41.563,2.4518,2.4523,7.20,4.00
2007.08.03 06:41:41.782,2.4518,2.4523,4.80,4.00
2007.08.03 06:41:42.075,2.4518,2.45225,0.80,4.00
2007.08.03 06:41:42.299,2.4519,2.45225,2.40,4.00
2007.08.03 06:41:43.141,2.4519,2.4525,2.40,6.40
2007.08.03 06:41:43.331,2.4519,2.4522,2.40,4.00
2007.08.03 06:41:43.433,2.4519,2.45225,2.40,4.00
2007.08.03 06:41:43.733,2.4517,2.45225,7.20,4.00
2007.08.03 06:41:44.181,2.45175,2.4523,4.00,8.00
2007.08.03 06:41:45.779,2.4519,2.4523,2.40,8.00
2007.08.03 06:41:45.971,2.4519,2.4523,2.40,4.00
2007.08.03 06:41:46.014,2.4519,2.4524,2.40,17.50
2007.08.03 06:41:46.309,2.45185,2.4524,4.00,19.90
2007.08.03 06:41:46.323,2.45175,2.4523,4.00,8.00
2007.08.03 06:41:46.413,2.45175,2.4523,4.00,4.00
2007.08.03 06:41:46.636,2.4518,2.4523,0.80,4.00
2007.08.03 06:41:47.307,2.4518,2.45225,0.80,4.00
2007.08.03 06:41:47.666,2.4518,2.4522,0.80,2.00
2007.08.03 06:41:47.857,2.4518,2.45215,0.80,4.00
2007.08.03 06:41:47.965,2.4517,2.45215,2.40,4.00
2007.08.03 06:41:51.923,2.4517,2.4522,2.40,8.00
2007.08.03 06:41:53.706,2.4517,2.45215,2.40,4.00
2007.08.03 06:41:58.734,2.4516,2.45215,18.30,4.00
2007.08.03 06:42:01.325,2.4517,2.45215,2.40,4.00
2007.08.03 06:42:08.218,2.4518,2.4522,4.00,4.00
2007.08.03 06:42:08.390,2.4518,2.45235,8.80,4.00
2007.08.03 06:42:19.358,2.45185,2.4524,4.00,10.40
2007.08.03 06:42:20.291,2.452,2.4524,0.80,8.00
2007.08.03 06:42:20.646,2.452,2.4524,0.80,4.00
2007.08.03 06:42:28.382,2.452,2.4524,4.80,4.00
2007.08.03 06:42:30.919,2.452,2.4525,4.80,4.00
2007.08.03 06:42:35.031,2.452,2.4525,0.80,4.00
2007.08.03 06:42:35.285,2.452,2.45245,0.80,4.00
2007.08.03 06:42:43.423,2.452,2.4524,0.80,2.40
2007.08.03 06:42:43.444,2.452,2.4524,0.80,6.40
2007.08.03 06:42:46.692,2.45185,2.4524,4.00,6.40
2007.08.03 06:42:46.853,2.45185,2.4524,4.00,10.40
2007.08.03 06:42:47.011,2.4518,2.45235,22.20,4.00
2007.08.03 06:42:47.802,2.45185,2.4524,4.00,6.40
2007.08.03 06:42:49.546,2.45185,2.4524,4.00,10.40
2007.08.03 06:42:49.625,2.4518,2.45235,22.20,4.00
2007.08.03 06:42:51.216,2.4518,2.45235,18.30,4.00
2007.08.03 06:42:55.864,2.45185,2.4524,4.00,6.40
2007.08.03 06:42:57.727,2.45185,2.4522,4.00,2.40
2007.08.03 06:42:57.927,2.4518,2.4522,15.90,2.40
2007.08.03 06:42:59.870,2.4518,2.45235,15.90,4.00
2007.08.03 06:43:00.003,2.45185,2.4524,4.00,10.40
2007.08.03 06:43:00.142,2.45185,2.4524,4.00,6.40
2007.08.03 06:43:00.756,2.4519,2.4524,4.00,2.40
2007.08.03 06:43:00.873,2.4519,2.45245,6.40,4.00
2007.08.03 06:43:01.295,2.45195,2.4525,4.00,6.40
2007.08.03 06:43:01.568,2.4519,2.4524,6.40,4.00
2007.08.03 06:43:01.816,2.4519,2.4524,2.40,4.00
2007.08.03 06:43:02.416,2.45185,2.4524,4.00,6.40
2007.08.03 06:43:02.508,2.45185,2.4524,4.00,10.40
2007.08.03 06:43:02.598,2.4518,2.45235,18.30,4.00
2007.08.03 06:43:02.721,2.4518,2.45235,17.50,4.00
2007.08.03 06:43:08.957,2.45185,2.45235,4.00,4.00
2007.08.03 06:43:09.185,2.45185,2.4524,4.00,7.20
2007.08.03 06:43:10.234,2.4519,2.4524,4.00,3.20
2007.08.03 06:43:13.058,2.45195,2.4524,4.00,3.20
2007.08.03 06:43:13.917,2.452,2.4524,4.00,3.20
2007.08.03 06:43:14.116,2.452,2.4524,8.00,3.20
2007.08.03 06:43:14.239,2.452,2.4524,8.00,2.40
2007.08.03 06:43:14.356,2.452,2.45255,10.40,4.00
2007.08.03 06:43:16.291,2.452,2.45255,6.40,4.00
2007.08.03 06:43:20.963,2.452,2.45255,10.40,4.00
2007.08.03 06:43:24.405,2.452,2.45255,12.40,4.00
2007.08.03 06:43:24.498,2.4521,2.45255,2.40,4.00
2007.08.03 06:43:24.579,2.4521,2.4526,2.40,15.90
2007.08.03 06:43:24.696,2.4521,2.4526,2.40,11.90
2007.08.03 06:43:29.004,2.4521,2.45255,2.40,4.00
2007.08.03 06:43:30.461,2.452,2.45255,10.40,4.00
2007.08.03 06:43:30.565,2.452,2.45245,6.40,4.00
2007.08.03 06:43:36.836,2.452,2.45245,2.40,4.00
2007.08.03 06:43:41.082,2.452,2.45245,6.40,4.00
2007.08.03 06:43:41.262,2.452,2.4524,4.00,2.40
2007.08.03 06:43:41.294,2.45195,2.4524,4.00,2.40
2007.08.03 06:43:41.974,2.4519,2.4524,12.40,2.40
2007.08.03 06:43:42.232,2.45195,2.4524,4.00,2.40
2007.08.03 06:43:42.782,2.4519,2.4524,8.40,6.40
2007.08.03 06:43:44.869,2.45195,2.4524,4.00,2.40
2007.08.03 06:43:44.902,2.452,2.4524,4.00,2.40
2007.08.03 06:43:45.329,2.452,2.4524,11.10,2.40
2007.08.03 06:43:45.390,2.452,2.4524,15.10,2.40
2007.08.03 06:43:45.414,2.452,2.45255,17.50,4.00
2007.08.03 06:43:45.429,2.452,2.45255,23.50,4.00
2007.08.03 06:43:46.319,2.45205,2.4526,4.00,7.20
2007.08.03 06:43:49.228,2.45215,2.4526,4.00,3.20
2007.08.03 06:43:49.717,2.45215,2.4526,4.00,2.40
2007.08.03 06:43:49.788,2.4522,2.4526,4.00,2.40
2007.08.03 06:44:03.219,2.4522,2.4526,4.00,6.40
2007.08.03 06:44:03.357,2.4521,2.4526,6.40,6.40
2007.08.03 06:44:06.068,2.4521,2.4526,10.40,6.40
2007.08.03 06:44:06.173,2.4521,2.4526,12.40,6.40
2007.08.03 06:44:06.251,2.45215,2.4526,4.00,2.40
2007.08.03 06:44:06.267,2.4522,2.4526,4.00,2.40
2007.08.03 06:44:10.834,2.4522,2.4526,6.00,2.40
2007.08.03 06:44:21.288,2.4523,2.4526,4.00,2.40
2007.08.03 06:44:21.450,2.4523,2.4528,4.00,8.00
2007.08.03 06:44:26.056,2.4523,2.4528,6.40,5.60
2007.08.03 06:44:26.150,2.4523,2.4528,10.40,1.60
2007.08.03 06:44:26.258,2.4524,2.4528,4.00,1.60
2007.08.03 06:44:26.683,2.4524,2.4528,4.00,8.70
2007.08.03 06:44:26.798,2.4523,2.4528,10.40,8.70
2007.08.03 06:44:26.908,2.4523,2.45275,6.40,4.00
2007.08.03 06:44:28.241,2.4523,2.4527,6.40,4.00
2007.08.03 06:44:28.351,2.4523,2.4527,2.40,4.00
2007.08.03 06:44:28.567,2.4522,2.4527,8.40,4.00
2007.08.03 06:44:28.606,2.4522,2.4528,8.40,11.10
2007.08.03 06:44:28.640,2.4522,2.45245,8.40,4.00
2007.08.03 06:44:28.864,2.4522,2.45245,4.40,4.00
2007.08.03 06:44:29.138,2.4522,2.4527,4.40,7.60
2007.08.03 06:44:29.360,2.4522,2.45255,4.40,4.00
2007.08.03 06:44:29.623,2.4522,2.4526,4.40,4.00
2007.08.03 06:44:30.220,2.4522,2.4526,2.40,4.00
2007.08.03 06:44:32.241,2.4522,2.4526,2.40,5.60
2007.08.03 06:44:32.336,2.45205,2.4526,4.00,8.00
2007.08.03 06:44:32.486,2.452,2.45245,13.50,4.00
2007.08.03 06:44:32.718,2.452,2.45245,6.40,4.00
2007.08.03 06:44:32.744,2.452,2.45235,6.40,4.00
2007.08.03 06:44:32.758,2.452,2.45235,4.00,4.00
2007.08.03 06:44:32.817,2.4519,2.45235,6.40,4.00
2007.08.03 06:44:33.056,2.4519,2.45235,4.00,4.00
2007.08.03 06:44:33.282,2.4519,2.4523,4.00,4.00
2007.08.03 06:44:33.420,2.4518,2.4523,13.50,4.00
2007.08.03 06:44:33.725,2.4518,2.4522,13.50,1.60
2007.08.03 06:44:33.735,2.4518,2.4522,6.40,1.60
2007.08.03 06:44:33.788,2.4518,2.4521,6.40,4.00
2007.08.03 06:44:33.815,2.4518,2.4521,4.00,4.00
2007.08.03 06:44:33.841,2.4516,2.4521,21.50,4.00
2007.08.03 06:44:33.935,2.4516,2.4521,13.50,4.00
2007.08.03 06:44:34.264,2.4516,2.4521,6.40,4.00
2007.08.03 06:44:34.295,2.452,2.4522,2.00,4.00
2007.08.03 06:44:34.439,2.45175,2.452,4.00,4.00
2007.08.03 06:44:34.545,2.4519,2.452,4.00,2.40
2007.08.03 06:44:34.812,2.452,2.4524,2.00,1.60
2007.08.03 06:44:34.881,2.452,2.4524,6.00,1.60
2007.08.03 06:44:34.954,2.452,2.4524,6.00,4.00
2007.08.03 06:44:35.370,2.452,2.4524,8.40,1.60
2007.08.03 06:44:38.342,2.452,2.45245,8.40,4.00
2007.08.03 06:44:38.453,2.452,2.45255,12.40,4.00
2007.08.03 06:44:38.509,2.4521,2.45255,4.00,4.00
2007.08.03 06:44:39.023,2.4521,2.4525,4.00,4.00
2007.08.03 06:44:39.301,2.4521,2.4526,4.00,6.40
2007.08.03 06:44:39.571,2.4521,2.4526,8.00,6.40
2007.08.03 06:44:39.632,2.4521,2.4526,4.00,10.30
2007.08.03 06:44:39.714,2.4521,2.4525,4.00,2.40
2007.08.03 06:44:39.861,2.452,2.4525,10.00,2.40
2007.08.03 06:44:48.152,2.452,2.4525,8.00,2.40
2007.08.03 06:44:48.233,2.452,2.4525,8.00,4.00
2007.08.03 06:44:48.246,2.452,2.4525,8.00,11.10
2007.08.03 06:44:48.353,2.452,2.4525,4.00,11.10
2007.08.03 06:44:53.938,2.452,2.4525,8.00,11.10
2007.08.03 06:44:54.198,2.452,2.4525,8.00,9.50
2007.08.03 06:44:54.245,2.452,2.4525,4.00,10.30
2007.08.03 06:44:54.469,2.452,2.4525,4.00,2.40
2007.08.03 06:44:54.487,2.452,2.4525,4.00,6.40
2007.08.03 06:44:56.236,2.452,2.4524,4.00,1.60
2007.08.03 06:44:56.652,2.452,2.4524,6.00,1.60
2007.08.03 06:44:56.755,2.4521,2.4525,2.40,8.70
2007.08.03 06:44:59.440,2.4521,2.4525,2.40,1.60
2007.08.03 06:44:59.450,2.4521,2.45255,2.40,4.00
2007.08.03 06:44:59.746,2.452,2.4524,8.00,1.60
2007.08.03 06:44:59.759,2.452,2.4524,4.00,1.60
2007.08.03 06:45:00.267,2.452,2.4525,4.00,6.40
2007.08.03 06:45:00.360,2.452,2.4522,4.00,1.60
2007.08.03 06:45:00.785,2.452,2.4524,4.00,1.60
2007.08.03 06:45:01.277,2.45195,2.4524,4.00,1.60
2007.08.03 06:45:03.329,2.4519,2.4524,13.50,5.60
2007.08.03 06:45:03.768,2.4519,2.4522,13.50,1.60
2007.08.03 06:45:03.807,2.4519,2.4522,2.40,1.60
2007.08.03 06:45:05.383,2.45195,2.4522,4.00,1.60
2007.08.03 06:45:05.903,2.4519,2.4522,2.40,1.60
2007.08.03 06:45:06.738,2.45185,2.4522,4.00,1.60
2007.08.03 06:45:06.924,2.4518,2.4522,8.00,1.60
2007.08.03 06:45:07.175,2.4519,2.4522,4.00,1.60
2007.08.03 06:45:07.468,2.45185,2.4522,4.00,1.60
2007.08.03 06:45:10.015,2.45175,2.4522,4.00,1.60
2007.08.03 06:45:10.291,2.45185,2.4522,4.00,1.60
2007.08.03 06:45:11.692,2.45185,2.4523,4.00,2.40
2007.08.03 06:45:11.781,2.4519,2.4523,7.10,2.40
2007.08.03 06:45:11.797,2.4519,2.4524,9.50,5.60
2007.08.03 06:45:11.964,2.45195,2.4524,4.00,1.60
2007.08.03 06:45:12.133,2.4519,2.4524,17.50,1.60
2007.08.03 06:45:12.204,2.452,2.4524,2.00,1.60
2007.08.03 06:45:12.300,2.4521,2.4524,2.40,1.60
2007.08.03 06:45:12.411,2.4521,2.4525,2.40,1.60
2007.08.03 06:45:12.418,2.4521,2.4525,2.40,8.70
2007.08.03 06:45:15.269,2.4521,2.4525,2.40,12.70
2007.08.03 06:45:34.121,2.4522,2.4525,2.40,4.00
2007.08.03 06:45:34.175,2.4522,2.45255,2.40,4.00
2007.08.03 06:45:34.193,2.4522,2.4525,2.40,7.10
2007.08.03 06:45:34.209,2.452,2.4525,10.40,7.10
2007.08.03 06:45:34.227,2.452,2.45245,6.40,4.00
2007.08.03 06:45:34.274,2.452,2.45245,2.40,4.00
2007.08.03 06:45:34.312,2.45195,2.4524,4.00,2.40
2007.08.03 06:45:34.414,2.45195,2.4523,4.00,1.60
2007.08.03 06:45:34.508,2.4519,2.4523,4.00,1.60
2007.08.03 06:45:36.772,2.4519,2.45235,4.00,4.00
2007.08.03 06:45:38.601,2.4519,2.4523,4.00,1.60
2007.08.03 06:45:38.722,2.4519,2.4523,4.00,4.00
2007.08.03 06:45:38.748,2.4519,2.45225,4.00,4.00
2007.08.03 06:45:38.922,2.4518,2.45225,6.00,4.00
2007.08.03 06:45:39.219,2.4519,2.45225,2.40,4.00
2007.08.03 06:45:39.269,2.4519,2.4523,2.40,4.00
2007.08.03 06:45:39.344,2.4519,2.4523,6.40,4.00
2007.08.03 06:45:39.500,2.4519,2.45235,6.40,4.00
2007.08.03 06:45:41.173,2.4519,2.4523,6.40,1.60
2007.08.03 06:45:43.074,2.4519,2.45235,6.40,5.60
2007.08.03 06:45:43.304,2.4521,2.45235,2.40,4.00
2007.08.03 06:45:44.683,2.4521,2.4523,2.40,1.60
2007.08.03 06:45:44.792,2.4519,2.4523,6.40,1.60
2007.08.03 06:45:45.719,2.4519,2.45235,6.40,4.00
2007.08.03 06:45:49.635,2.4519,2.4523,6.40,1.60
2007.08.03 06:45:50.246,2.4519,2.45235,6.40,4.00
2007.08.03 06:45:55.200,2.452,2.45235,2.00,4.00
2007.08.03 06:45:55.288,2.452,2.45245,2.00,4.00
2007.08.03 06:45:55.302,2.452,2.45245,6.00,4.00
2007.08.03 06:45:55.403,2.4521,2.45245,2.40,4.00
2007.08.03 06:45:57.666,2.4521,2.4523,2.40,1.60
2007.08.03 06:45:57.774,2.452,2.4523,4.00,1.60
2007.08.03 06:45:57.865,2.4519,2.4523,6.40,1.60
2007.08.03 06:45:58.374,2.4521,2.4523,2.40,1.60
2007.08.03 06:45:58.682,2.4521,2.45235,2.40,4.00
2007.08.03 06:45:58.896,2.4521,2.4524,2.40,5.60
2007.08.03 06:46:02.660,2.4521,2.4527,2.40,18.20
2007.08.03 06:46:02.748,2.4521,2.4524,2.40,1.60
2007.08.03 06:46:04.236,2.4521,2.45245,2.40,4.00
2007.08.03 06:46:04.368,2.4521,2.45245,6.40,4.00
2007.08.03 06:46:04.537,2.4521,2.4526,6.40,5.60
2007.08.03 06:46:04.735,2.4521,2.4525,6.40,1.60
2007.08.03 06:46:04.803,2.4521,2.4525,6.40,5.60
2007.08.03 06:46:04.813,2.4521,2.4525,2.40,12.70
2007.08.03 06:46:06.777,2.4521,2.4525,2.40,5.60
2007.08.03 06:46:06.935,2.4521,2.4525,2.40,4.00
2007.08.03 06:46:07.119,2.4521,2.45245,2.40,4.00
2007.08.03 06:46:07.228,2.452,2.4524,6.40,1.60
2007.08.03 06:46:07.312,2.452,2.4524,2.40,1.60
2007.08.03 06:46:07.384,2.452,2.45235,2.40,4.00
2007.08.03 06:46:10.203,2.452,2.45245,2.40,4.00
2007.08.03 06:46:10.298,2.4519,2.45245,10.40,4.00
2007.08.03 06:46:10.355,2.4522,2.45245,2.40,4.00
2007.08.03 06:46:10.393,2.452,2.45245,6.40,4.00
2007.08.03 06:46:10.429,2.452,2.4525,6.40,4.00
2007.08.03 06:46:10.687,2.452,2.4525,6.40,11.10
2007.08.03 06:46:10.704,2.452,2.4525,6.40,12.70
2007.08.03 06:46:10.814,2.452,2.4524,4.00,2.40
2007.08.03 06:46:11.306,2.452,2.4524,6.00,2.40
2007.08.03 06:46:11.323,2.452,2.45245,8.40,4.00
2007.08.03 06:46:12.744,2.452,2.4524,8.40,4.00
2007.08.03 06:46:12.899,2.452,2.4524,4.40,4.00
2007.08.03 06:46:13.219,2.452,2.4524,2.40,4.00
2007.08.03 06:46:13.266,2.4519,2.4523,14.30,4.00
2007.08.03 06:46:13.336,2.4519,2.4523,2.40,4.00
2007.08.03 06:46:15.819,2.4519,2.45235,2.40,4.00
2007.08.03 06:46:15.853,2.4519,2.45235,6.40,4.00
2007.08.03 06:46:17.148,2.4521,2.45235,2.40,4.00
2007.08.03 06:46:24.219,2.4521,2.4524,2.40,1.60
2007.08.03 06:46:24.234,2.4521,2.45245,2.40,4.00
2007.08.03 06:46:24.797,2.452,2.45245,4.00,4.00
2007.08.03 06:46:25.161,2.452,2.45245,4.00,0.70
2007.08.03 06:46:30.842,2.4521,2.4525,4.00,8.00
2007.08.03 06:46:30.868,2.4521,2.4526,6.40,5.60
2007.08.03 06:46:32.712,2.4521,2.4525,4.00,6.40
2007.08.03 06:46:32.850,2.452,2.4525,4.00,15.10
2007.08.03 06:46:33.290,2.4521,2.4525,4.00,8.00
2007.08.03 06:46:33.329,2.4521,2.45245,6.40,0.90
2007.08.03 06:46:33.725,2.4521,2.4526,6.40,5.60
2007.08.03 06:46:36.424,2.4521,2.4525,2.40,0.70
2007.08.03 06:46:36.749,2.4521,2.4526,6.40,5.60
2007.08.03 06:46:36.898,2.4521,2.4526,6.40,5.60
2007.08.03 06:46:46.693,2.4521,2.4526,8.80,5.60
2007.08.03 06:46:46.818,2.4521,2.45265,12.80,0.60
2007.08.03 06:46:46.855,2.4522,2.4527,4.00,17.40
2007.08.03 06:46:49.617,2.4521,2.4527,12.60,17.10
2007.08.03 06:46:49.733,2.4521,2.45265,14.60,0.90
2007.08.03 06:46:52.454,2.4521,2.4527,10.60,15.10
2007.08.03 06:46:52.660,2.4521,2.4525,8.40,0.90
2007.08.03 06:46:52.746,2.4521,2.4527,6.40,17.90
2007.08.03 06:46:52.864,2.4521,2.4526,4.00,15.10
2007.08.03 06:46:52.969,2.452,2.4525,10.40,0.70
2007.08.03 06:46:52.999,2.452,2.4525,6.40,5.60
2007.08.03 06:46:53.226,2.452,2.4526,6.40,15.10
2007.08.03 06:47:02.880,2.452,2.4525,6.40,4.80
2007.08.03 06:47:03.861,2.452,2.4525,4.40,4.80
2007.08.03 06:47:03.911,2.4521,2.4525,2.40,4.80
2007.08.03 06:47:04.019,2.4521,2.4525,2.40,4.00
2007.08.03 06:47:04.730,2.4521,2.4525,2.40,4.80
2007.08.03 06:47:04.810,2.4521,2.45245,2.40,4.00
2007.08.03 06:47:07.897,2.4521,2.4524,2.40,2.00
2007.08.03 06:47:07.941,2.4521,2.4524,2.40,2.80
2007.08.03 06:47:08.013,2.4521,2.4523,2.40,4.00
2007.08.03 06:47:08.030,2.4518,2.4523,19.70,4.00
2007.08.03 06:47:08.288,2.4518,2.45235,19.70,4.00
2007.08.03 06:47:08.313,2.4519,2.45235,4.00,4.00
2007.08.03 06:47:10.809,2.452,2.45235,2.40,4.00
2007.08.03 06:47:11.089,2.452,2.4524,2.40,4.80
2007.08.03 06:47:13.198,2.452,2.4524,2.40,0.80
2007.08.03 06:47:13.662,2.452,2.45245,4.60,4.00
2007.08.03 06:47:13.874,2.4522,2.45245,2.40,4.00
2007.08.03 06:47:13.983,2.4522,2.4526,2.40,11.90
2007.08.03 06:47:14.528,2.4522,2.4526,2.40,7.90
2007.08.03 06:47:18.264,2.4522,2.4526,2.40,10.70
2007.08.03 06:47:18.291,2.4521,2.4526,4.00,13.10
2007.08.03 06:47:18.395,2.45205,2.4525,4.00,7.10
2007.08.03 06:47:18.635,2.45205,2.4525,4.00,11.10
2007.08.03 06:47:19.153,2.452,2.4525,6.40,11.10
2007.08.03 06:47:19.907,2.452,2.4525,6.40,4.00
2007.08.03 06:47:20.122,2.452,2.45255,6.40,4.00
2007.08.03 06:47:20.335,2.452,2.45255,10.40,4.00
2007.08.03 06:47:20.465,2.45205,2.4526,4.00,14.30
2007.08.03 06:47:21.087,2.4521,2.4526,4.00,14.30
2007.08.03 06:47:21.562,2.45205,2.4526,8.00,14.30
2007.08.03 06:47:21.818,2.45205,2.4526,8.00,6.40
2007.08.03 06:47:21.925,2.4521,2.4526,1.70,4.00
2007.08.03 06:47:21.995,2.452,2.45265,12.80,4.00
2007.08.03 06:47:22.326,2.4519,2.4526,18.00,0.80
2007.08.03 06:47:22.339,2.4521,2.4526,3.40,9.90
2007.08.03 06:47:22.423,2.452,2.4526,10.40,12.30
2007.08.03 06:47:22.548,2.45205,2.4526,8.00,16.30
2007.08.03 06:47:23.348,2.45205,2.4526,8.00,15.50
2007.08.03 06:47:23.404,2.45205,2.4526,8.00,6.40
2007.08.03 06:47:23.552,2.452,2.4526,12.80,2.40
2007.08.03 06:47:23.810,2.45215,2.4526,2.40,2.40
2007.08.03 06:47:26.766,2.4522,2.4527,1.20,11.90
2007.08.03 06:47:28.828,2.45215,2.4527,10.40,11.90
2007.08.03 06:47:28.973,2.452,2.4527,14.00,11.90
2007.08.03 06:47:29.374,2.4521,2.4526,12.40,7.10
2007.08.03 06:47:29.423,2.4521,2.4526,12.40,7.90
2007.08.03 06:47:29.553,2.4522,2.4526,1.50,7.90
2007.08.03 06:47:29.579,2.4521,2.4526,12.40,7.90
2007.08.03 06:47:30.295,2.4521,2.4526,10.40,11.90
2007.08.03 06:47:30.364,2.4521,2.4526,4.40,14.30
2007.08.03 06:47:31.819,2.45205,2.4526,8.00,14.30
2007.08.03 06:47:32.239,2.4521,2.4526,1.60,14.30
2007.08.03 06:47:32.364,2.452,2.4526,13.60,10.30
2007.08.03 06:47:32.382,2.4521,2.4526,10.00,10.30
2007.08.03 06:47:32.627,2.4522,2.4526,8.00,10.30
2007.08.03 06:47:32.938,2.4521,2.4526,10.00,10.30
2007.08.03 06:47:33.010,2.4521,2.4526,8.00,10.30
2007.08.03 06:47:33.211,2.4521,2.4526,8.00,10.30
2007.08.03 06:47:33.740,2.4521,2.4526,2.00,10.30
2007.08.03 06:47:34.279,2.452,2.4526,16.40,10.30
2007.08.03 06:47:34.564,2.4519,2.45255,18.80,4.00
2007.08.03 06:47:34.729,2.452,2.45255,12.40,4.00
2007.08.03 06:47:34.831,2.452,2.4526,12.40,14.30
2007.08.03 06:47:35.411,2.4519,2.4526,19.60,11.10
2007.08.03 06:47:35.470,2.4521,2.4526,7.80,4.00
2007.08.03 06:47:35.664,2.4521,2.4527,14.80,6.40
2007.08.03 06:47:35.675,2.4521,2.4527,14.80,6.40
2007.08.03 06:47:36.247,2.4521,2.4527,14.80,2.40
2007.08.03 06:47:36.337,2.4522,2.4527,4.40,2.40
2007.08.03 06:47:36.425,2.4521,2.4527,14.80,2.40
2007.08.03 06:47:36.436,2.4523,2.4527,1.30,2.40
2007.08.03 06:47:36.510,2.4523,2.4527,1.40,6.40
2007.08.03 06:47:37.101,2.4522,2.4527,4.90,6.40
2007.08.03 06:47:37.369,2.4521,2.4527,14.80,2.40
2007.08.03 06:47:37.459,2.4521,2.4527,14.80,2.40
2007.08.03 06:47:37.543,2.4521,2.4527,12.80,2.40
2007.08.03 06:47:37.650,2.4522,2.4527,1.00,2.40
2007.08.03 06:47:38.324,2.4521,2.4527,12.80,6.40
2007.08.03 06:47:38.911,2.4522,2.4527,3.00,4.00
2007.08.03 06:47:39.044,2.4521,2.4527,19.90,4.00
2007.08.03 06:47:39.190,2.4522,2.4528,10.40,7.20
2007.08.03 06:47:39.580,2.4522,2.45275,2.10,4.00
2007.08.03 06:47:44.332,2.4521,2.45275,19.90,4.00
2007.08.03 06:47:44.498,2.4522,2.4528,8.80,6.40
2007.08.03 06:47:46.815,2.4523,2.4528,0.60,2.40
2007.08.03 06:47:46.906,2.4522,2.4528,12.80,2.40
2007.08.03 06:47:50.902,2.4523,2.4528,4.00,6.40
2007.08.03 06:47:50.917,2.4523,2.4528,4.00,7.20
2007.08.03 06:47:51.127,2.45225,2.4528,4.00,7.20
2007.08.03 06:47:53.237,2.4522,2.45265,6.40,4.00
2007.08.03 06:47:53.348,2.4522,2.4526,4.00,2.40
2007.08.03 06:47:53.410,2.4521,2.4526,18.70,2.40
2007.08.03 06:47:53.519,2.4523,2.4526,4.00,2.40
2007.08.03 06:47:53.645,2.4523,2.4526,6.00,3.20
2007.08.03 06:47:53.738,2.4523,2.4528,6.00,6.40
2007.08.03 06:47:53.766,2.4523,2.4528,2.00,6.40
2007.08.03 06:47:54.020,2.4523,2.4528,6.00,2.40
2007.08.03 06:47:54.265,2.4523,2.4528,6.00,3.20
2007.08.03 06:47:54.285,2.4523,2.4528,4.00,5.20
2007.08.03 06:47:54.581,2.45225,2.4528,4.00,9.20
2007.08.03 06:47:59.813,2.4522,2.45275,10.40,4.00
2007.08.03 06:48:00.435,2.4522,2.4527,8.00,2.40
2007.08.03 06:48:00.473,2.4522,2.4527,8.00,10.30
2007.08.03 06:48:00.692,2.4522,2.4527,4.00,12.30
2007.08.03 06:48:00.836,2.4521,2.45265,16.80,4.00
2007.08.03 06:48:01.222,2.4521,2.45265,12.80,4.00
2007.08.03 06:48:05.664,2.4521,2.45265,14.80,4.00
2007.08.03 06:48:05.966,2.45215,2.4527,4.00,13.50
2007.08.03 06:48:06.727,2.45215,2.4527,4.00,16.30
2007.08.03 06:48:06.739,2.4521,2.45265,12.80,4.00
2007.08.03 06:48:07.555,2.45215,2.4527,4.00,19.50
2007.08.03 06:48:07.719,2.4522,2.4527,4.00,13.50
2007.08.03 06:48:07.862,2.4522,2.4527,8.00,13.50
2007.08.03 06:48:08.343,2.4522,2.4527,4.00,13.50
2007.08.03 06:48:08.375,2.45215,2.4527,4.00,13.50
2007.08.03 06:48:10.753,2.45215,2.4526,4.00,2.00
2007.08.03 06:48:11.088,2.45215,2.4527,4.00,19.50
2007.08.03 06:48:11.181,2.45215,2.4527,4.00,21.50
2007.08.03 06:48:11.401,2.45215,2.4527,4.00,17.50
2007.08.03 06:48:11.764,2.4521,2.45265,14.80,4.00
2007.08.03 06:48:11.825,2.4521,2.45265,12.80,4.00
2007.08.03 06:48:12.621,2.4521,2.4526,10.40,0.80
2007.08.03 06:48:12.649,2.4521,2.4526,12.40,0.80
2007.08.03 06:48:12.781,2.4523,2.4526,2.40,0.80
2007.08.03 06:48:12.985,2.4523,2.4526,2.40,7.90
2007.08.03 06:48:12.998,2.4522,2.4526,2.40,7.90
2007.08.03 06:48:13.514,2.45215,2.4526,4.00,7.90
2007.08.03 06:48:13.955,2.4521,2.4526,8.00,11.90
2007.08.03 06:48:14.243,2.4521,2.4526,11.20,11.90
2007.08.03 06:48:14.254,2.45215,2.4526,4.00,7.90
2007.08.03 06:48:14.458,2.45215,2.4526,4.00,0.80
2007.08.03 06:48:14.565,2.45215,2.4527,4.00,7.20
2007.08.03 06:48:14.678,2.4522,2.4527,2.20,6.40
2007.08.03 06:48:14.766,2.45225,2.4527,4.00,2.40
2007.08.03 06:48:18.205,2.4523,2.4527,2.00,2.40
2007.08.03 06:48:20.719,2.4523,2.4527,4.40,2.40
2007.08.03 06:48:20.820,2.4523,2.4528,4.40,4.00
2007.08.03 06:48:20.897,2.4524,2.4528,4.00,4.00
2007.08.03 06:48:20.919,2.4524,2.4528,6.40,4.00
2007.08.03 06:48:21.019,2.45245,2.453,4.00,15.90
2007.08.03 06:48:21.210,2.4525,2.453,2.00,15.90
2007.08.03 06:48:21.228,2.4525,2.453,2.00,15.10
2007.08.03 06:48:21.322,2.45255,2.453,4.00,11.10
2007.08.03 06:48:21.340,2.45255,2.453,4.00,4.00
2007.08.03 06:48:21.432,2.45255,2.45305,4.00,4.00
2007.08.03 06:48:21.739,2.45255,2.453,4.00,0.80
2007.08.03 06:48:21.886,2.4525,2.453,2.00,4.80
2007.08.03 06:48:22.254,2.4525,2.453,2.00,4.00
2007.08.03 06:48:22.388,2.4525,2.453,2.00,4.80
2007.08.03 06:48:23.225,2.4525,2.453,2.00,8.80
2007.08.03 06:48:24.015,2.4526,2.453,2.40,8.80
2007.08.03 06:48:24.026,2.4526,2.453,2.40,4.80
2007.08.03 06:48:24.173,2.4526,2.453,2.40,0.80
2007.08.03 06:48:24.280,2.4526,2.453,6.40,0.80
2007.08.03 06:48:24.293,2.45265,2.453,4.00,0.80
2007.08.03 06:48:24.407,2.45265,2.4531,4.00,0.80
2007.08.03 06:48:27.066,2.4527,2.4531,4.00,0.80
2007.08.03 06:48:27.316,2.45275,2.4531,4.00,0.80
2007.08.03 06:48:27.593,2.4527,2.4531,4.00,0.80
2007.08.03 06:48:28.009,2.4527,2.4531,4.00,3.20
2007.08.03 06:48:28.223,2.45265,2.4531,4.00,3.20
2007.08.03 06:48:28.340,2.45265,2.4531,4.00,2.40
2007.08.03 06:48:28.519,2.4527,2.4532,4.00,13.90
2007.08.03 06:48:28.957,2.4527,2.4532,4.00,14.70
2007.08.03 06:48:29.057,2.4527,2.4532,4.00,17.10
2007.08.03 06:48:29.267,2.4527,2.4531,4.00,4.00
2007.08.03 06:48:29.346,2.45265,2.4531,4.00,4.00
2007.08.03 06:48:29.624,2.4527,2.4531,4.00,4.00
2007.08.03 06:48:29.665,2.4527,2.4531,4.00,6.00
2007.08.03 06:48:30.611,2.4527,2.453,4.00,4.00
2007.08.03 06:48:31.147,2.4526,2.453,2.40,6.00
2007.08.03 06:48:31.201,2.4526,2.453,2.40,7.60
2007.08.03 06:48:31.304,2.4525,2.453,4.00,7.60
2007.08.03 06:48:31.910,2.4525,2.453,4.00,6.80
2007.08.03 06:48:32.184,2.4525,2.4529,4.00,4.00
2007.08.03 06:48:32.745,2.4525,2.4529,4.00,6.40
2007.08.03 06:48:33.037,2.4525,2.4529,4.00,8.40
2007.08.03 06:48:33.074,2.4524,2.4529,4.00,8.40
2007.08.03 06:48:33.146,2.4524,2.4529,4.00,16.30
2007.08.03 06:48:33.454,2.4524,2.4529,4.00,8.40
2007.08.03 06:48:33.565,2.4524,2.4529,4.00,9.20
2007.08.03 06:48:33.615,2.45235,2.4529,4.00,13.20
2007.08.03 06:48:33.971,2.45235,2.4529,4.00,12.40
2007.08.03 06:48:34.081,2.4524,2.4529,2.40,10.00
2007.08.03 06:48:34.189,2.4524,2.4529,6.40,6.00
2007.08.03 06:48:34.204,2.4524,2.45295,6.40,10.00
2007.08.03 06:48:34.517,2.4524,2.45295,6.40,17.90
2007.08.03 06:48:34.642,2.4524,2.4528,4.00,0.80
2007.08.03 06:48:34.648,2.4524,2.4528,4.00,0.50
2007.08.03 06:48:34.917,2.4524,2.4528,4.00,0.80
2007.08.03 06:48:35.009,2.45235,2.4529,4.00,21.10
2007.08.03 06:48:35.253,2.45235,2.4529,4.00,19.10
2007.08.03 06:48:35.503,2.4524,2.4528,4.00,0.60
2007.08.03 06:48:36.278,2.4524,2.4528,4.00,0.80
2007.08.03 06:48:37.835,2.45235,2.4529,4.00,12.00
2007.08.03 06:48:37.980,2.45235,2.4527,4.00,0.80
2007.08.03 06:48:38.076,2.45235,2.4527,4.00,9.10
2007.08.03 06:48:38.084,2.4522,2.4527,8.00,9.10
2007.08.03 06:48:38.118,2.4522,2.4526,8.00,0.80
2007.08.03 06:48:38.313,2.4522,2.4527,4.00,12.30
2007.08.03 06:48:38.348,2.4521,2.4526,8.00,0.60
2007.08.03 06:48:38.511,2.4521,2.45265,8.00,6.40
2007.08.03 06:48:38.534,2.4521,2.4527,10.40,16.70
2007.08.03 06:48:38.595,2.45215,2.4528,4.00,27.90
2007.08.03 06:48:38.616,2.45215,2.4527,4.00,0.70
2007.08.03 06:48:39.109,2.45225,2.45275,4.00,12.70
2007.08.03 06:48:40.384,2.4523,2.4527,4.00,0.70
2007.08.03 06:48:40.487,2.4523,2.4527,4.00,0.80
2007.08.03 06:48:40.765,2.4523,2.45285,4.00,23.10
2007.08.03 06:48:44.701,2.4523,2.45285,4.00,22.30
2007.08.03 06:48:47.692,2.4523,2.45285,4.00,23.10
2007.08.03 06:48:48.651,2.4522,2.45275,4.00,0.50
2007.08.03 06:48:49.222,2.4523,2.4528,4.00,0.80
2007.08.03 06:48:51.184,2.4523,2.4527,4.00,0.80
2007.08.03 06:48:51.286,2.45235,2.4528,4.00,18.30
2007.08.03 06:48:52.093,2.45245,2.4529,4.00,8.70
2007.08.03 06:48:53.013,2.45235,2.45285,4.00,4.80
2007.08.03 06:48:54.946,2.45245,2.4527,4.00,0.80
2007.08.03 06:48:55.398,2.45245,2.4528,4.00,0.80
2007.08.03 06:48:57.781,2.4525,2.453,4.00,15.10
2007.08.03 06:48:59.738,2.4525,2.453,6.40,0.70
2007.08.03 06:49:02.987,2.4525,2.453,6.40,11.10
2007.08.03 06:49:04.269,2.4525,2.453,2.00,11.10
2007.08.03 06:49:05.290,2.4525,2.453,0.50,7.10
2007.08.03 06:49:05.394,2.4525,2.453,1.20,11.10
2007.08.03 06:49:07.125,2.4525,2.453,1.10,11.90
2007.08.03 06:49:07.270,2.4524,2.453,8.80,15.90
2007.08.03 06:49:07.328,2.4524,2.453,6.40,18.30
2007.08.03 06:49:07.361,2.4524,2.453,6.40,22.30
2007.08.03 06:49:08.433,2.4524,2.45295,0.70,4.00
2007.08.03 06:49:08.528,2.4523,2.4529,12.80,4.00
2007.08.03 06:49:09.426,2.4524,2.45295,3.10,4.00
2007.08.03 06:49:11.450,2.45245,2.453,1.20,22.30
2007.08.03 06:49:14.809,2.4523,2.45295,12.80,4.00
2007.08.03 06:49:15.326,2.45245,2.453,0.90,18.30
2007.08.03 06:49:15.778,2.4524,2.4529,6.40,4.00
2007.08.03 06:49:16.106,2.4523,2.4529,12.80,8.00
2007.08.03 06:49:18.236,2.4524,2.4529,6.40,4.00
2007.08.03 06:49:18.379,2.4524,2.453,10.40,17.50
2007.08.03 06:49:18.901,2.4524,2.453,10.40,13.50
2007.08.03 06:49:19.320,2.4525,2.453,0.90,17.50
2007.08.03 06:49:19.543,2.4525,2.453,0.90,13.50
2007.08.03 06:49:21.258,2.4524,2.453,10.40,9.50
2007.08.03 06:49:22.665,2.4525,2.4529,1.20,2.40
2007.08.03 06:49:22.912,2.4524,2.4529,10.40,2.40
2007.08.03 06:49:24.451,2.4524,2.4529,10.40,2.40
2007.08.03 06:49:24.643,2.4524,2.453,10.40,13.50
2007.08.03 06:49:25.228,2.4524,2.453,10.40,9.50
2007.08.03 06:49:25.448,2.4524,2.453,10.40,9.50
2007.08.03 06:49:26.375,2.4524,2.453,10.40,9.50
2007.08.03 06:49:31.337,2.4524,2.453,10.40,13.50
2007.08.03 06:49:31.959,2.4525,2.453,0.80,9.50
2007.08.03 06:49:32.275,2.4524,2.453,10.40,13.50
2007.08.03 06:49:33.143,2.45255,2.453,4.00,13.50
2007.08.03 06:49:33.297,2.45255,2.453,4.00,6.40
2007.08.03 06:49:33.393,2.45255,2.453,4.00,2.40
2007.08.03 06:49:33.915,2.45255,2.453,4.00,6.40
2007.08.03 06:49:35.710,2.4525,2.453,8.00,6.40
2007.08.03 06:49:35.966,2.45255,2.453,4.00,6.40
2007.08.03 06:49:35.992,2.45255,2.453,4.00,2.40
2007.08.03 06:49:36.245,2.4525,2.453,8.00,2.40
2007.08.03 06:49:36.314,2.4525,2.453,8.00,6.40
2007.08.03 06:49:36.514,2.4525,2.453,4.00,6.40
2007.08.03 06:49:36.728,2.45255,2.453,4.00,6.40
2007.08.03 06:49:36.746,2.45255,2.4529,4.00,2.00
2007.08.03 06:49:37.161,2.45255,2.453,4.00,6.40
2007.08.03 06:49:37.300,2.45255,2.453,4.00,4.00
2007.08.03 06:49:37.364,2.45255,2.4531,4.00,8.80
2007.08.03 06:49:38.288,2.45255,2.453,4.00,4.00
2007.08.03 06:49:38.408,2.45255,2.4531,4.00,8.80
2007.08.03 06:49:39.555,2.45255,2.4531,4.00,8.00
2007.08.03 06:49:39.654,2.4526,2.4531,2.40,8.00
2007.08.03 06:49:39.877,2.4527,2.4531,4.00,4.00
2007.08.03 06:49:41.708,2.4526,2.4531,4.00,10.00
2007.08.03 06:49:41.931,2.45255,2.4531,4.00,10.00
2007.08.03 06:49:42.265,2.45255,2.4531,4.00,8.00
2007.08.03 06:49:44.333,2.45255,2.4531,4.00,4.00
2007.08.03 06:49:44.927,2.4526,2.4531,0.80,4.00
2007.08.03 06:49:46.173,2.4527,2.4532,6.00,13.50
2007.08.03 06:49:46.269,2.4527,2.4532,10.00,9.50
2007.08.03 06:49:46.363,2.4528,2.4532,2.40,7.10
2007.08.03 06:49:47.177,2.45295,2.4532,4.00,7.10
2007.08.03 06:49:47.330,2.45295,2.4534,4.00,19.80
2007.08.03 06:49:48.226,2.45285,2.45335,4.00,4.00
2007.08.03 06:49:48.494,2.45285,2.4534,4.00,23.80
2007.08.03 06:49:48.743,2.45295,2.4534,4.00,17.40
2007.08.03 06:49:48.897,2.45295,2.4534,4.00,13.40
2007.08.03 06:49:49.143,2.45295,2.4534,4.00,15.60
2007.08.03 06:49:49.199,2.45295,2.4534,4.00,18.40
2007.08.03 06:49:49.243,2.45295,2.4533,4.00,2.40
2007.08.03 06:49:49.265,2.4529,2.4533,4.00,6.40
2007.08.03 06:49:49.318,2.4528,2.4533,2.40,10.40
2007.08.03 06:49:49.351,2.45275,2.4532,4.00,2.40
2007.08.03 06:49:50.717,2.4528,2.4532,7.10,2.40
2007.08.03 06:49:50.800,2.45275,2.4532,4.00,2.40
2007.08.03 06:49:50.911,2.45275,2.4532,4.00,6.40
2007.08.03 06:49:51.095,2.4528,2.4532,4.00,6.40
2007.08.03 06:49:51.342,2.4528,2.4532,4.00,2.40
2007.08.03 06:49:51.436,2.45275,2.4532,4.00,2.40
2007.08.03 06:49:51.533,2.4528,2.45325,0.80,4.00
2007.08.03 06:49:51.955,2.45275,2.45325,4.80,4.00
2007.08.03 06:49:52.759,2.4527,2.4532,4.80,2.40
2007.08.03 06:49:52.779,2.45265,2.4532,4.80,6.40
2007.08.03 06:49:52.794,2.45265,2.4532,4.80,10.40
2007.08.03 06:49:53.171,2.4527,2.4532,3.20,8.00
2007.08.03 06:49:53.340,2.4527,2.4532,3.20,4.00
2007.08.03 06:49:53.428,2.4528,2.45325,0.80,4.00
2007.08.03 06:49:53.574,2.4526,2.45325,15.10,4.00
2007.08.03 06:49:53.648,2.4527,2.4532,2.50,9.90
2007.08.03 06:49:53.673,2.4526,2.4532,11.20,12.30
2007.08.03 06:49:53.743,2.4527,2.4532,1.90,10.30
2007.08.03 06:49:53.872,2.4526,2.4531,7.20,4.00
2007.08.03 06:49:53.932,2.4526,2.45305,1.20,4.00
2007.08.03 06:49:54.188,2.45255,2.45305,6.40,4.00
2007.08.03 06:49:54.244,2.45255,2.4531,6.40,8.00
2007.08.03 06:49:54.507,2.4527,2.45315,0.60,4.00
2007.08.03 06:49:55.335,2.4527,2.4531,0.70,4.00
2007.08.03 06:49:57.680,2.4529,2.4531,0.80,4.00
2007.08.03 06:49:57.771,2.4529,2.4531,0.60,4.00
2007.08.03 06:49:57.896,2.4531,2.4533,1.50,7.10
2007.08.03 06:49:57.908,2.45285,2.4533,6.80,9.50
2007.08.03 06:49:58.129,2.4531,2.45325,1.20,4.00
2007.08.03 06:49:58.435,2.4531,2.4535,0.50,4.00
2007.08.03 06:49:59.260,2.453,2.45355,13.50,4.00
2007.08.03 06:50:00.161,2.453,2.4535,2.00,2.40
2007.08.03 06:50:00.235,2.4528,2.4535,26.40,4.40
2007.08.03 06:50:00.753,2.4529,2.4535,8.40,2.40
2007.08.03 06:50:00.806,2.453,2.4535,1.10,6.40
2007.08.03 06:50:00.900,2.45295,2.4535,7.20,4.00
2007.08.03 06:50:01.196,2.453,2.4533,0.60,2.40
2007.08.03 06:50:01.361,2.453,2.4536,6.40,12.40
2007.08.03 06:50:01.389,2.453,2.4533,6.40,2.40
2007.08.03 06:50:01.407,2.45305,2.4532,0.90,2.40
2007.08.03 06:50:01.825,2.4524,2.4532,23.30,2.40
2007.08.03 06:50:01.908,2.4528,2.4532,2.10,2.40
2007.08.03 06:50:02.152,2.45275,2.4532,1.40,2.40
2007.08.03 06:50:02.240,2.45275,2.4532,7.90,2.40
2007.08.03 06:50:02.251,2.4529,2.4532,0.80,2.40
2007.08.03 06:50:02.330,2.453,2.4536,0.50,11.60
2007.08.03 06:50:02.410,2.4529,2.4534,3.20,4.00
2007.08.03 06:50:02.744,2.45285,2.4534,2.30,6.40
2007.08.03 06:50:03.151,2.4529,2.4534,0.50,4.00
2007.08.03 06:50:03.514,2.45285,2.45335,6.40,4.00
2007.08.03 06:50:03.772,2.4528,2.4533,4.80,2.40
2007.08.03 06:50:03.808,2.4529,2.4533,0.50,2.40
2007.08.03 06:50:04.281,2.4529,2.4534,0.90,6.40
2007.08.03 06:50:04.305,2.4528,2.4534,15.50,2.40
2007.08.03 06:50:04.493,2.4529,2.45345,2.60,4.00
2007.08.03 06:50:05.346,2.4529,2.45345,6.40,4.00
2007.08.03 06:50:06.362,2.4529,2.4535,6.40,10.80
2007.08.03 06:50:07.645,2.4529,2.4535,6.40,12.80
2007.08.03 06:50:07.765,2.4529,2.4535,6.40,20.70
2007.08.03 06:50:07.779,2.453,2.4534,1.80,4.80
2007.08.03 06:50:07.877,2.4527,2.4532,0.80,2.40
2007.08.03 06:50:07.893,2.4527,2.4532,4.80,2.40
2007.08.03 06:50:08.190,2.4527,2.4531,4.80,2.40
2007.08.03 06:50:08.384,2.45285,2.4534,1.30,17.10
2007.08.03 06:50:08.440,2.4529,2.4534,1.90,13.10
2007.08.03 06:50:08.485,2.4529,2.4534,1.00,10.70
2007.08.03 06:50:08.808,2.4528,2.4533,4.80,2.40
2007.08.03 06:50:13.350,2.4528,2.4533,16.10,2.40
2007.08.03 06:50:13.418,2.45295,2.4534,1.60,2.40
2007.08.03 06:50:13.584,2.4528,2.4534,16.30,2.40
2007.08.03 06:50:15.099,2.4528,2.4534,18.50,2.40
2007.08.03 06:50:15.218,2.4528,2.4534,20.50,2.40
2007.08.03 06:50:17.807,2.4529,2.4533,2.30,2.40
2007.08.03 06:50:17.928,2.45285,2.4533,1.50,2.40
2007.08.03 06:50:18.235,2.45285,2.4532,1.50,2.40
2007.08.03 06:50:18.456,2.4527,2.4532,11.90,2.40
2007.08.03 06:50:20.245,2.4528,2.4532,0.80,2.40
2007.08.03 06:50:20.469,2.4528,2.4532,4.80,2.40
2007.08.03 06:50:21.240,2.4528,2.4532,0.80,2.40
2007.08.03 06:50:22.262,2.4528,2.4533,0.80,10.30
2007.08.03 06:50:22.359,2.4528,2.4533,0.80,6.40
2007.08.03 06:50:24.204,2.45275,2.4533,4.00,6.40
2007.08.03 06:50:24.244,2.45275,2.4533,4.00,12.30
2007.08.03 06:50:24.316,2.45275,2.4532,4.00,2.40
2007.08.03 06:50:24.375,2.4527,2.4532,11.90,2.40
2007.08.03 06:50:26.363,2.45275,2.4532,4.00,2.40
2007.08.03 06:50:28.729,2.45275,2.4531,4.00,2.40
2007.08.03 06:50:28.944,2.4527,2.4531,4.80,2.40
2007.08.03 06:50:29.748,2.4527,2.4532,4.80,2.40
2007.08.03 06:50:29.972,2.45275,2.4532,4.00,2.40
2007.08.03 06:50:30.243,2.4528,2.4532,4.00,2.40
2007.08.03 06:50:30.267,2.4529,2.4532,0.80,2.40
2007.08.03 06:50:30.356,2.4529,2.45335,0.80,4.00
2007.08.03 06:50:30.471,2.4529,2.4534,4.80,10.40
2007.08.03 06:50:31.224,2.4529,2.4533,4.80,2.00
2007.08.03 06:50:31.237,2.4529,2.4533,0.80,2.00
2007.08.03 06:50:31.293,2.4529,2.4533,0.80,6.00
2007.08.03 06:50:33.265,2.4529,2.4533,3.20,6.00
2007.08.03 06:50:34.801,2.4529,2.4533,0.80,6.00
2007.08.03 06:50:34.850,2.4529,2.4533,0.80,10.00
2007.08.03 06:50:35.328,2.4529,2.4532,0.80,4.00
2007.08.03 06:50:37.344,2.4527,2.4532,7.20,4.00
2007.08.03 06:50:37.403,2.4527,2.4532,3.20,8.00
2007.08.03 06:50:38.141,2.4527,2.4532,3.20,10.00
2007.08.03 06:50:39.274,2.4527,2.4531,3.20,4.00
2007.08.03 06:50:40.361,2.4527,2.4531,0.80,4.00
2007.08.03 06:50:41.043,2.4527,2.4531,0.80,8.00
2007.08.03 06:50:41.293,2.4527,2.4531,0.80,4.00
2007.08.03 06:50:41.557,2.4527,2.4531,0.80,8.00
2007.08.03 06:50:43.458,2.4527,2.4531,0.80,0.70
2007.08.03 06:50:45.690,2.4527,2.4531,0.80,4.00
2007.08.03 06:50:45.932,2.4527,2.45315,0.80,4.00
2007.08.03 06:50:46.250,2.4527,2.4531,0.80,4.00
2007.08.03 06:50:46.960,2.4527,2.4531,4.80,4.00
2007.08.03 06:50:47.265,2.4529,2.4531,0.80,4.00
2007.08.03 06:50:47.365,2.4529,2.4532,0.80,6.00
2007.08.03 06:50:49.289,2.4527,2.4532,7.20,6.00
2007.08.03 06:50:49.317,2.4527,2.4532,3.20,10.00
2007.08.03 06:50:49.805,2.4527,2.4532,0.80,12.40
2007.08.03 06:50:51.788,2.45265,2.4532,4.00,14.80
2007.08.03 06:50:51.862,2.4526,2.45315,6.00,4.00
2007.08.03 06:50:51.886,2.4526,2.4531,6.00,2.40
2007.08.03 06:50:52.718,2.4526,2.45315,8.40,4.00
2007.08.03 06:50:52.909,2.45265,2.45315,4.00,4.00
2007.08.03 06:50:52.919,2.4527,2.45315,0.80,4.00
2007.08.03 06:50:53.327,2.45265,2.45315,4.00,4.00
2007.08.03 06:50:53.378,2.45265,2.4531,4.00,4.00
2007.08.03 06:50:53.726,2.4526,2.4531,8.40,4.00
2007.08.03 06:50:53.742,2.4526,2.4531,6.00,6.40
2007.08.03 06:50:54.246,2.4527,2.4531,0.80,6.40
2007.08.03 06:50:54.332,2.4527,2.4531,0.80,2.40
2007.08.03 06:50:54.364,2.4527,2.45315,0.80,4.00
2007.08.03 06:50:55.389,2.4526,2.45315,8.40,4.00
2007.08.03 06:50:55.957,2.4526,2.4531,8.40,4.00
2007.08.03 06:50:58.298,2.4526,2.45315,8.40,4.00
2007.08.03 06:51:00.486,2.45265,2.4532,4.00,12.40
2007.08.03 06:51:01.232,2.4527,2.4532,0.80,12.40
2007.08.03 06:51:01.349,2.4527,2.4532,3.20,10.00
2007.08.03 06:51:01.465,2.4527,2.4532,3.20,8.00
2007.08.03 06:51:01.538,2.4527,2.4532,2.40,10.40
2007.08.03 06:51:01.572,2.4527,2.4532,6.40,6.40
2007.08.03 06:51:01.868,2.4527,2.4532,2.40,10.40
2007.08.03 06:51:01.881,2.4527,2.4532,2.40,12.40
2007.08.03 06:51:03.251,2.4527,2.4531,2.40,4.00
2007.08.03 06:51:04.285,2.4527,2.4532,2.40,12.40
2007.08.03 06:51:06.355,2.4527,2.453,2.40,2.00
2007.08.03 06:51:07.408,2.4527,2.453,2.40,0.70
2007.08.03 06:51:08.848,2.4527,2.4532,2.40,16.40
2007.08.03 06:51:14.869,2.4527,2.4531,2.40,0.90
2007.08.03 06:51:15.290,2.45265,2.4531,4.00,0.50
2007.08.03 06:51:15.802,2.4526,2.45315,6.40,6.00
2007.08.03 06:51:16.267,2.4526,2.4531,6.40,0.90
2007.08.03 06:51:16.972,2.4526,2.4532,6.40,18.40
2007.08.03 06:51:17.353,2.4526,2.45315,4.00,6.40
2007.08.03 06:51:17.443,2.4526,2.45315,4.00,14.40
2007.08.03 06:51:17.544,2.45255,2.45305,4.00,0.90
2007.08.03 06:51:18.314,2.45255,2.4532,4.00,20.80
2007.08.03 06:51:18.784,2.45255,2.4531,4.00,0.90
2007.08.03 06:51:18.894,2.45255,2.4531,4.00,17.00
2007.08.03 06:51:19.707,2.4526,2.4531,0.80,12.40
2007.08.03 06:51:19.744,2.4526,2.4532,0.80,16.40
2007.08.03 06:51:19.900,2.45265,2.45315,4.00,14.40
2007.08.03 06:51:20.843,2.45265,2.4531,4.00,0.70
2007.08.03 06:51:22.036,2.45265,2.45315,4.00,8.00
2007.08.03 06:51:24.376,2.45265,2.45315,4.00,11.90
2007.08.03 06:51:24.394,2.4526,2.4531,3.20,11.90
2007.08.03 06:51:24.441,2.4526,2.453,0.80,0.60
2007.08.03 06:51:24.643,2.4526,2.4531,0.80,14.30
2007.08.03 06:51:24.845,2.4526,2.453,0.80,0.50
2007.08.03 06:51:25.192,2.4526,2.4531,0.80,14.30
2007.08.03 06:51:25.262,2.4525,2.4531,2.40,16.70
2007.08.03 06:51:25.456,2.4525,2.4531,2.40,20.70
2007.08.03 06:51:25.521,2.4525,2.4531,2.40,22.70
2007.08.03 06:51:25.709,2.4525,2.453,2.40,14.00
2007.08.03 06:51:25.768,2.4526,2.453,0.80,8.00
2007.08.03 06:51:25.952,2.4526,2.4531,0.80,18.30
2007.08.03 06:51:26.140,2.4526,2.4531,2.80,18.30
2007.08.03 06:51:26.304,2.4526,2.45305,9.90,0.90
2007.08.03 06:51:26.314,2.4526,2.45315,13.90,14.30
2007.08.03 06:51:26.345,2.4526,2.45315,13.90,10.30
2007.08.03 06:51:27.301,2.4526,2.45315,13.90,6.40
2007.08.03 06:51:28.025,2.4526,2.45315,13.90,10.40
2007.08.03 06:51:28.120,2.4527,2.4532,4.00,16.40
2007.08.03 06:51:28.373,2.4526,2.45315,13.90,10.40
2007.08.03 06:51:28.463,2.4526,2.45315,13.90,14.40
2007.08.03 06:51:28.764,2.4526,2.4531,13.10,0.70
2007.08.03 06:51:28.862,2.4526,2.4531,11.10,12.80
2007.08.03 06:51:28.933,2.4526,2.4531,7.10,16.80
2007.08.03 06:51:33.310,2.45255,2.4531,4.00,18.80
2007.08.03 06:51:33.519,2.45255,2.453,4.00,0.80
2007.08.03 06:51:34.269,2.4526,2.4531,4.00,14.80
2007.08.03 06:51:38.397,2.4526,2.453,4.00,2.40
2007.08.03 06:51:40.996,2.4525,2.453,4.00,2.40
2007.08.03 06:51:44.403,2.4525,2.453,4.00,4.40
2007.08.03 06:51:44.520,2.4525,2.453,4.00,8.40
2007.08.03 06:51:44.856,2.4525,2.453,6.00,8.40
2007.08.03 06:51:45.762,2.4525,2.453,4.00,8.40
2007.08.03 06:51:46.018,2.45245,2.453,4.00,12.40
2007.08.03 06:51:46.268,2.45245,2.4529,4.00,2.40
2007.08.03 06:51:46.580,2.4524,2.45285,0.80,4.00
2007.08.03 06:51:51.364,2.4524,2.45285,7.90,4.00
2007.08.03 06:51:53.444,2.4524,2.45285,0.80,4.00
2007.08.03 06:51:56.367,2.45235,2.45285,4.00,4.00
2007.08.03 06:51:58.936,2.4524,2.45285,2.40,4.00
2007.08.03 06:51:59.658,2.4524,2.45285,5.20,4.00
2007.08.03 06:51:59.823,2.45245,2.453,4.00,17.50
2007.08.03 06:52:02.245,2.45245,2.4529,4.00,2.00
2007.08.03 06:52:04.331,2.45245,2.453,4.00,19.50
2007.08.03 06:52:04.429,2.45245,2.453,4.00,17.50
2007.08.03 06:52:04.595,2.45245,2.453,4.00,18.30
2007.08.03 06:52:05.163,2.45245,2.453,4.00,14.30
2007.08.03 06:52:05.249,2.4524,2.45285,2.40,4.00
2007.08.03 06:52:06.265,2.4524,2.4528,2.40,0.80
2007.08.03 06:52:06.305,2.4524,2.4528,2.40,4.80
2007.08.03 06:52:06.773,2.4524,2.4528,2.40,0.80
2007.08.03 06:52:07.193,2.4524,2.45285,2.40,4.00
2007.08.03 06:52:07.209,2.4524,2.45285,4.40,4.00
2007.08.03 06:52:07.299,2.4526,2.45285,2.40,4.00
2007.08.03 06:52:07.534,2.4526,2.453,2.40,15.90
2007.08.03 06:52:14.999,2.4526,2.453,2.40,13.90
2007.08.03 06:52:15.116,2.4526,2.453,2.40,17.90
2007.08.03 06:52:15.647,2.4526,2.453,2.40,13.90
2007.08.03 06:52:21.021,2.4526,2.453,2.40,7.90
2007.08.03 06:52:29.158,2.4526,2.453,2.40,8.70
2007.08.03 06:52:29.200,2.4526,2.45295,2.40,4.00
2007.08.03 06:52:29.379,2.4524,2.45295,6.40,4.00
2007.08.03 06:52:30.158,2.4524,2.4529,6.40,2.00
2007.08.03 06:52:30.258,2.4524,2.4528,2.40,0.80
2007.08.03 06:52:30.354,2.4523,2.4528,4.00,3.20
2007.08.03 06:52:30.752,2.4524,2.4528,4.00,3.20
2007.08.03 06:52:30.765,2.4524,2.4529,6.40,6.80
2007.08.03 06:52:30.853,2.4524,2.4529,6.40,4.80
2007.08.03 06:52:30.972,2.4524,2.4529,6.40,0.80
2007.08.03 06:52:31.387,2.4524,2.4529,13.50,0.80
2007.08.03 06:52:31.829,2.4525,2.4529,4.00,0.80
2007.08.03 06:52:31.993,2.4525,2.4529,6.40,0.80
2007.08.03 06:52:32.113,2.45255,2.4529,4.00,0.80
2007.08.03 06:52:32.373,2.4525,2.4529,2.40,0.80
2007.08.03 06:52:33.969,2.4525,2.4529,2.40,0.80
2007.08.03 06:52:34.165,2.45255,2.4529,4.00,0.80
2007.08.03 06:52:34.459,2.4526,2.453,2.40,4.80
2007.08.03 06:52:35.984,2.45255,2.453,4.00,4.80
2007.08.03 06:52:37.159,2.45255,2.45305,4.00,8.80
2007.08.03 06:52:38.229,2.45255,2.45305,4.00,10.80
2007.08.03 06:52:39.205,2.45255,2.453,4.00,0.70
2007.08.03 06:52:39.272,2.45255,2.453,4.00,0.90
2007.08.03 06:52:39.299,2.45265,2.4531,4.00,9.20
2007.08.03 06:52:42.172,2.45265,2.4531,4.00,0.80
2007.08.03 06:52:42.189,2.45265,2.4531,4.00,0.50
2007.08.03 06:52:42.212,2.45255,2.4531,4.00,0.60
2007.08.03 06:52:42.507,2.45255,2.4532,4.00,19.90
2007.08.03 06:52:42.545,2.45255,2.4531,4.00,0.90
2007.08.03 06:52:46.222,2.45255,2.4532,4.00,19.10
2007.08.03 06:52:46.331,2.45255,2.4531,4.00,0.80
2007.08.03 06:52:48.529,2.45255,2.453,4.00,0.60
2007.08.03 06:52:48.632,2.45255,2.453,4.00,2.80
2007.08.03 06:52:51.104,2.45265,2.4531,4.00,5.20
2007.08.03 06:52:52.001,2.45265,2.45315,4.00,9.20
2007.08.03 06:52:52.069,2.45265,2.4531,4.00,5.20
2007.08.03 06:52:52.562,2.45265,2.45315,4.00,13.20
2007.08.03 06:52:52.670,2.45265,2.45315,4.00,9.20
2007.08.03 06:52:52.914,2.45255,2.4532,4.00,20.30
2007.08.03 06:52:53.180,2.4525,2.4531,6.40,9.20
2007.08.03 06:52:53.434,2.4525,2.4531,4.00,9.20
2007.08.03 06:52:54.329,2.45245,2.4531,4.00,13.20
2007.08.03 06:52:55.273,2.4525,2.45305,4.00,6.40
2007.08.03 06:52:55.425,2.4525,2.45305,6.40,6.40
2007.08.03 06:52:55.530,2.4525,2.45305,6.40,0.70
2007.08.03 06:52:55.568,2.4525,2.45305,10.40,0.90
2007.08.03 06:52:55.747,2.45255,2.4531,4.00,0.70
2007.08.03 06:52:57.563,2.45265,2.45315,4.00,15.10
2007.08.03 06:52:57.576,2.45265,2.45315,4.00,12.70
2007.08.03 06:52:58.092,2.45265,2.4531,4.00,0.50
2007.08.03 06:53:02.168,2.4526,2.4531,2.40,0.90
2007.08.03 06:53:02.303,2.4526,2.4531,2.40,8.80
2007.08.03 06:53:09.058,2.4526,2.453,6.40,4.00
2007.08.03 06:53:09.583,2.4526,2.4531,6.40,4.80
2007.08.03 06:53:11.018,2.4526,2.4531,4.00,7.20
2007.08.03 06:53:11.104,2.45255,2.4531,4.00,11.20
2007.08.03 06:53:13.066,2.4526,2.4531,2.40,8.80
2007.08.03 06:53:13.409,2.45265,2.4531,4.00,4.80
2007.08.03 06:53:13.657,2.4527,2.4531,4.00,4.80
2007.08.03 06:53:15.058,2.4527,2.4531,4.00,7.20
2007.08.03 06:53:15.185,2.45265,2.4531,4.00,7.20
2007.08.03 06:53:16.272,2.45255,2.4531,4.00,11.20
2007.08.03 06:53:17.015,2.4526,2.4531,2.40,8.80
2007.08.03 06:53:17.301,2.45265,2.4531,4.00,4.80
2007.08.03 06:53:19.126,2.45265,2.453,4.00,4.00
2007.08.03 06:53:19.389,2.4526,2.453,6.40,4.00
2007.08.03 06:53:19.594,2.4526,2.453,4.00,4.00
2007.08.03 06:53:19.914,2.45255,2.453,4.00,4.00
2007.08.03 06:53:20.659,2.45255,2.453,4.00,6.00
2007.08.03 06:53:21.220,2.4525,2.453,6.40,10.00
2007.08.03 06:53:21.241,2.4525,2.453,6.40,10.80
2007.08.03 06:53:21.290,2.4525,2.453,6.40,17.90
2007.08.03 06:53:21.413,2.4525,2.4529,6.40,4.00
2007.08.03 06:53:23.682,2.4525,2.453,6.40,17.90
2007.08.03 06:53:24.018,2.4525,2.453,6.40,13.90
2007.08.03 06:53:25.037,2.4525,2.453,6.40,4.00
2007.08.03 06:53:25.060,2.45255,2.453,4.00,4.00
2007.08.03 06:53:25.130,2.45255,2.4531,4.00,22.30
2007.08.03 06:53:25.234,2.45255,2.4531,4.00,18.30
2007.08.03 06:53:25.554,2.45255,2.4531,4.00,11.20
2007.08.03 06:53:25.675,2.4526,2.4531,2.40,8.80
2007.08.03 06:53:25.851,2.4526,2.4531,6.40,4.80
2007.08.03 06:53:25.959,2.4526,2.4531,6.40,8.80
2007.08.03 06:53:27.608,2.4526,2.453,6.40,0.80
2007.08.03 06:53:27.733,2.4526,2.453,6.40,4.80
2007.08.03 06:53:31.488,2.4526,2.453,4.00,4.80
2007.08.03 06:53:31.702,2.45255,2.453,4.00,4.80
2007.08.03 06:53:33.775,2.4525,2.453,6.40,4.80
2007.08.03 06:53:46.067,2.4525,2.453,6.40,4.00
2007.08.03 06:53:46.240,2.45255,2.453,4.00,4.00
2007.08.03 06:53:46.303,2.45255,2.4531,4.00,24.50
2007.08.03 06:53:48.025,2.45255,2.453,4.00,0.80
2007.08.03 06:53:48.273,2.45255,2.453,4.00,4.80
2007.08.03 06:53:48.294,2.4525,2.453,6.40,4.80
2007.08.03 06:53:53.243,2.4525,2.453,13.50,4.80
2007.08.03 06:53:53.267,2.4525,2.453,13.50,4.00
2007.08.03 06:53:53.336,2.4525,2.45305,17.50,4.00
2007.08.03 06:53:53.425,2.45255,2.4531,4.00,13.40
2007.08.03 06:53:53.681,2.45255,2.4531,4.00,11.20
2007.08.03 06:53:55.640,2.45255,2.453,4.00,2.40
2007.08.03 06:53:55.838,2.4525,2.453,8.00,2.40
2007.08.03 06:53:59.136,2.4525,2.4528,8.00,0.80
2007.08.03 06:53:59.305,2.4525,2.4528,4.00,0.80
2007.08.03 06:53:59.640,2.4525,2.453,4.00,14.30
2007.08.03 06:53:59.665,2.4525,2.453,4.00,6.40
2007.08.03 06:53:59.783,2.4525,2.453,8.00,2.40
2007.08.03 06:54:00.329,2.4525,2.453,4.00,2.40
2007.08.03 06:54:00.569,2.4524,2.453,19.90,2.40
2007.08.03 06:54:00.683,2.4524,2.45305,19.90,4.00
2007.08.03 06:54:00.815,2.4524,2.45305,19.90,4.00
2007.08.03 06:54:01.238,2.4524,2.45305,23.90,4.00
2007.08.03 06:54:01.284,2.4525,2.45305,2.10,4.00
2007.08.03 06:54:01.754,2.4524,2.45305,24.70,4.00
2007.08.03 06:54:02.163,2.4525,2.453,2.30,2.00
2007.08.03 06:54:02.293,2.4525,2.453,16.80,2.00
2007.08.03 06:54:02.310,2.4527,2.453,1.30,2.00
2007.08.03 06:54:02.794,2.4527,2.453,1.30,6.00
2007.08.03 06:54:02.849,2.4525,2.453,8.80,6.00
2007.08.03 06:54:02.944,2.4526,2.4529,2.10,2.40
2007.08.03 06:54:03.455,2.4527,2.453,1.10,4.00
2007.08.03 06:54:03.620,2.4526,2.4531,6.40,6.00
2007.08.03 06:54:04.117,2.4525,2.45305,12.80,4.00
2007.08.03 06:54:04.678,2.4526,2.4531,6.40,8.00
2007.08.03 06:54:04.962,2.4526,2.4531,6.40,12.00
2007.08.03 06:54:05.700,2.4527,2.4529,0.90,2.00
2007.08.03 06:54:07.773,2.45265,2.453,6.40,8.00
2007.08.03 06:54:07.985,2.45265,2.4531,6.40,10.00
2007.08.03 06:54:09.728,2.4527,2.453,0.90,2.00
2007.08.03 06:54:10.253,2.4527,2.4531,0.60,8.00
2007.08.03 06:54:10.346,2.4527,2.4531,1.50,4.00
2007.08.03 06:54:10.646,2.45265,2.453,6.40,0.80
2007.08.03 06:54:10.752,2.4525,2.453,10.40,0.80
2007.08.03 06:54:10.774,2.4525,2.453,6.40,2.80
2007.08.03 06:54:10.824,2.4524,2.45295,6.40,4.00
2007.08.03 06:54:12.346,2.4525,2.45305,2.20,4.00
2007.08.03 06:54:12.749,2.4525,2.453,1.80,2.00
2007.08.03 06:54:12.957,2.4524,2.453,17.90,6.00
2007.08.03 06:54:13.474,2.4524,2.453,21.90,2.00
2007.08.03 06:54:13.619,2.4525,2.4529,0.80,0.80
2007.08.03 06:54:13.647,2.45245,2.4529,10.40,0.80
2007.08.03 06:54:13.711,2.45245,2.4529,8.00,0.80
2007.08.03 06:54:13.793,2.45245,2.4529,2.40,0.80
2007.08.03 06:54:14.645,2.45245,2.4528,2.40,0.80
2007.08.03 06:54:15.429,2.4524,2.4529,13.50,0.80
2007.08.03 06:54:15.974,2.4524,2.4529,13.50,4.80
2007.08.03 06:54:17.307,2.45245,2.4529,1.30,0.80
2007.08.03 06:54:17.665,2.45245,2.453,2.20,10.40
2007.08.03 06:54:17.683,2.45245,2.453,6.40,8.00
2007.08.03 06:54:17.707,2.4525,2.453,6.40,4.00
2007.08.03 06:54:17.820,2.45255,2.45305,1.60,4.00
2007.08.03 06:54:17.981,2.4525,2.4531,6.40,7.20
2007.08.03 06:54:18.240,2.4525,2.4531,6.40,3.20
2007.08.03 06:54:18.262,2.4525,2.4531,6.40,3.20
2007.08.03 06:54:21.983,2.4525,2.4531,6.40,7.20
2007.08.03 06:54:22.289,2.4525,2.4531,6.40,3.20
2007.08.03 06:54:23.176,2.4526,2.4531,6.40,0.80
2007.08.03 06:54:23.212,2.4526,2.4531,6.40,0.80
2007.08.03 06:54:23.229,2.4527,2.453,0.60,6.00
2007.08.03 06:54:24.012,2.4524,2.453,10.80,6.00
2007.08.03 06:54:24.714,2.4524,2.4529,8.40,0.80
2007.08.03 06:54:24.818,2.4524,2.4529,8.40,0.80
2007.08.03 06:54:24.911,2.4523,2.4529,12.90,3.20
2007.08.03 06:54:25.178,2.4523,2.4529,6.20,3.20
2007.08.03 06:54:25.284,2.4522,2.4529,11.60,7.20
2007.08.03 06:54:25.733,2.4522,2.4527,8.40,0.80
2007.08.03 06:54:26.585,2.4523,2.4527,1.00,0.80
2007.08.03 06:54:26.765,2.4521,2.4526,11.10,2.40
2007.08.03 06:54:27.976,2.4522,2.4526,2.10,2.40
2007.08.03 06:54:28.769,2.4521,2.4526,13.50,2.40
2007.08.03 06:54:29.779,2.4522,2.4528,6.40,8.80
2007.08.03 06:54:29.920,2.4522,2.4528,6.40,4.80
2007.08.03 06:54:30.385,2.45235,2.4528,2.30,0.80
2007.08.03 06:54:30.678,2.4524,2.4528,1.50,0.80
2007.08.03 06:54:30.805,2.4524,2.4528,6.40,0.80
2007.08.03 06:54:30.993,2.4523,2.4528,10.40,0.80
2007.08.03 06:54:31.003,2.4525,2.4529,3.50,0.80
2007.08.03 06:54:31.221,2.4523,2.4529,10.40,8.70
2007.08.03 06:54:31.231,2.4523,2.4528,10.40,0.80
2007.08.03 06:54:31.246,2.45245,2.4528,6.40,0.80
2007.08.03 06:54:31.326,2.45245,2.4528,1.00,0.80
2007.08.03 06:54:33.755,2.45235,2.4528,1.10,0.80
2007.08.03 06:54:35.721,2.4524,2.4529,1.20,15.90
2007.08.03 06:54:35.749,2.45235,2.4529,6.40,8.00
2007.08.03 06:54:35.808,2.4524,2.4529,6.40,4.00
2007.08.03 06:54:37.761,2.45245,2.4529,6.40,4.00
2007.08.03 06:54:37.839,2.4525,2.453,1.10,8.00
2007.08.03 06:54:37.852,2.4525,2.453,6.40,4.00
2007.08.03 06:54:38.158,2.4525,2.453,6.40,6.00
2007.08.03 06:54:38.165,2.4525,2.453,6.40,6.80
2007.08.03 06:54:38.255,2.45255,2.4528,1.00,2.00
2007.08.03 06:54:38.369,2.4525,2.4528,1.10,2.00
2007.08.03 06:54:40.256,2.4523,2.4528,8.40,2.00
2007.08.03 06:54:42.599,2.4523,2.4528,10.80,2.00
2007.08.03 06:54:43.033,2.45245,2.4528,1.40,2.00
2007.08.03 06:54:44.844,2.4523,2.4528,8.40,2.00
2007.08.03 06:54:46.898,2.45235,2.4528,6.40,2.00
2007.08.03 06:54:50.184,2.4524,2.4528,2.40,2.80
2007.08.03 06:54:50.199,2.4524,2.4527,2.40,7.10
2007.08.03 06:54:50.295,2.4523,2.4527,2.40,7.10
2007.08.03 06:54:50.699,2.4523,2.45275,2.40,4.00
2007.08.03 06:54:50.739,2.4523,2.4528,6.40,4.80
2007.08.03 06:54:50.905,2.4523,2.4528,6.40,6.80
2007.08.03 06:54:51.229,2.4523,2.4528,6.40,4.80
2007.08.03 06:54:54.829,2.4523,2.4528,6.40,4.00
2007.08.03 06:54:55.775,2.4523,2.45285,6.40,4.00
2007.08.03 06:54:55.824,2.45235,2.4529,4.00,19.90
2007.08.03 06:54:55.895,2.45235,2.4529,4.00,12.80
2007.08.03 06:54:55.959,2.45235,2.4529,4.00,10.40
2007.08.03 06:54:58.353,2.45235,2.4529,4.00,6.40
2007.08.03 06:54:59.174,2.4525,2.4529,0.80,4.00
2007.08.03 06:54:59.436,2.4525,2.45295,0.80,4.00
2007.08.03 06:54:59.503,2.45245,2.45295,4.00,4.00
2007.08.03 06:54:59.513,2.45245,2.4529,4.00,4.00
2007.08.03 06:54:59.696,2.45245,2.4529,4.00,6.40
2007.08.03 06:54:59.964,2.4524,2.4529,4.00,10.40
2007.08.03 06:55:03.681,2.4524,2.4529,4.00,11.20
2007.08.03 06:55:04.201,2.4524,2.4529,4.00,10.40
2007.08.03 06:55:05.119,2.4524,2.4528,4.00,4.00
2007.08.03 06:55:05.321,2.4524,2.4528,8.00,4.00
2007.08.03 06:55:06.287,2.4524,2.4527,8.00,2.40
2007.08.03 06:55:06.376,2.4524,2.4527,4.00,2.40
2007.08.03 06:55:06.621,2.4523,2.4527,11.10,2.40
2007.08.03 06:55:07.410,2.4523,2.4527,11.10,6.40
2007.08.03 06:55:07.716,2.4523,2.4527,15.10,4.00
2007.08.03 06:55:07.930,2.4523,2.4528,15.10,10.00
2007.08.03 06:55:09.351,2.4523,2.4528,11.10,10.00
2007.08.03 06:55:09.591,2.4523,2.4528,11.10,8.00
2007.08.03 06:55:10.278,2.4523,2.4528,11.10,4.00
2007.08.03 06:55:11.258,2.4523,2.4528,11.10,8.00
2007.08.03 06:55:12.176,2.4523,2.4528,13.10,8.00
2007.08.03 06:55:12.286,2.4523,2.4528,13.10,4.00
2007.08.03 06:55:12.773,2.4523,2.4528,17.10,4.00
2007.08.03 06:55:12.798,2.4524,2.4528,4.00,4.00
2007.08.03 06:55:14.557,2.4524,2.4529,4.00,8.40
2007.08.03 06:55:14.712,2.4525,2.4529,4.00,8.40
2007.08.03 06:55:14.762,2.4525,2.4529,4.00,4.40
2007.08.03 06:55:14.821,2.4525,2.4529,4.00,2.00
2007.08.03 06:55:14.884,2.4525,2.4529,8.00,2.00
2007.08.03 06:55:15.492,2.4525,2.4529,8.00,6.00
2007.08.03 06:55:15.636,2.4525,2.4529,4.00,6.00
2007.08.03 06:55:17.033,2.4524,2.4529,6.40,6.00
2007.08.03 06:55:17.197,2.4525,2.4529,4.00,6.00
2007.08.03 06:55:17.512,2.4525,2.4529,8.00,6.00
2007.08.03 06:55:18.741,2.4525,2.4529,4.00,6.00
2007.08.03 06:55:18.863,2.4525,2.4528,4.00,4.00
2007.08.03 06:55:18.873,2.4524,2.4528,6.40,4.00
2007.08.03 06:55:19.262,2.4524,2.4528,4.00,4.00
2007.08.03 06:55:19.310,2.45235,2.4528,4.00,4.00
2007.08.03 06:55:21.511,2.45235,2.4529,4.00,12.40
2007.08.03 06:55:21.703,2.4524,2.4529,4.00,12.40
2007.08.03 06:55:21.982,2.4524,2.45285,4.00,4.00
2007.08.03 06:55:22.255,2.4524,2.4529,11.10,12.40
2007.08.03 06:55:22.337,2.4525,2.4529,2.40,10.00
2007.08.03 06:55:22.796,2.4525,2.4529,2.40,6.00
2007.08.03 06:55:22.860,2.4525,2.4529,9.50,4.00
2007.08.03 06:55:23.060,2.4525,2.453,9.50,10.00
2007.08.03 06:55:24.349,2.4525,2.453,13.50,6.00
2007.08.03 06:55:30.767,2.4525,2.453,6.40,6.00
2007.08.03 06:55:31.105,2.4525,2.4529,2.40,4.00
2007.08.03 06:55:32.210,2.4525,2.4529,2.40,6.00
2007.08.03 06:55:32.306,2.4525,2.4528,2.40,4.00
2007.08.03 06:55:32.324,2.4524,2.4528,8.00,4.00
2007.08.03 06:55:32.382,2.4524,2.4528,4.00,4.00
2007.08.03 06:55:35.494,2.4524,2.45285,4.00,4.00
2007.08.03 06:55:36.751,2.4524,2.45285,11.10,4.00
2007.08.03 06:55:36.852,2.4525,2.45285,2.40,4.00
2007.08.03 06:55:36.874,2.4525,2.4529,2.40,4.00
2007.08.03 06:55:37.270,2.4525,2.45295,2.40,4.00
2007.08.03 06:55:37.769,2.4524,2.45295,17.50,4.00
2007.08.03 06:55:37.885,2.4524,2.4529,13.50,4.00
2007.08.03 06:55:37.979,2.4524,2.4529,9.50,4.00
2007.08.03 06:55:37.990,2.4524,2.4529,9.50,8.00
2007.08.03 06:55:49.913,2.4524,2.4529,2.40,8.00
2007.08.03 06:55:50.010,2.4524,2.4528,2.40,4.00
2007.08.03 06:55:51.882,2.4524,2.4528,2.40,6.00
2007.08.03 06:55:54.680,2.4524,2.4528,2.40,13.90
2007.08.03 06:55:54.740,2.4523,2.4528,4.00,16.30
2007.08.03 06:55:54.797,2.4523,2.4527,4.00,4.00
2007.08.03 06:55:55.362,2.4522,2.4527,10.40,4.00
2007.08.03 06:55:57.506,2.4522,2.45275,14.40,4.00
2007.08.03 06:55:58.844,2.4523,2.45275,2.00,4.00
2007.08.03 06:55:58.880,2.4523,2.4528,6.00,6.40
2007.08.03 06:56:01.959,2.4523,2.4528,4.00,6.40
2007.08.03 06:56:03.207,2.4523,2.4528,6.00,6.40
2007.08.03 06:56:04.379,2.4523,2.4527,6.00,2.40
2007.08.03 06:56:04.555,2.4523,2.4527,2.00,2.40
2007.08.03 06:56:07.340,2.45225,2.4527,4.00,2.40
2007.08.03 06:56:10.046,2.4523,2.4527,4.00,2.40
2007.08.03 06:56:10.671,2.4524,2.4527,4.00,2.40
2007.08.03 06:56:10.780,2.4524,2.4528,4.00,4.00
2007.08.03 06:56:10.875,2.4524,2.45285,4.00,4.00
2007.08.03 06:56:10.885,2.4524,2.45285,8.00,4.00
2007.08.03 06:56:11.294,2.4524,2.45285,15.10,4.00
2007.08.03 06:56:11.363,2.45245,2.4529,4.00,2.40
2007.08.03 06:56:11.911,2.45245,2.4529,4.00,4.40
2007.08.03 06:56:12.314,2.45245,2.4529,4.00,8.40
2007.08.03 06:56:12.382,2.4524,2.45285,4.00,4.00
2007.08.03 06:56:13.857,2.4524,2.4528,4.00,4.00
2007.08.03 06:56:13.872,2.4524,2.4528,4.00,6.40
2007.08.03 06:56:14.151,2.4524,2.4528,4.00,10.40
2007.08.03 06:56:15.334,2.4523,2.4528,4.00,10.40
2007.08.03 06:56:15.517,2.4523,2.4527,4.00,4.00
2007.08.03 06:56:15.592,2.4523,2.4527,4.00,8.00
2007.08.03 06:56:17.691,2.4523,2.4527,11.10,8.00
2007.08.03 06:56:17.807,2.4523,2.4527,11.10,4.00
2007.08.03 06:56:18.008,2.4523,2.4528,11.10,10.40
2007.08.03 06:56:19.005,2.4523,2.4528,10.30,10.40
2007.08.03 06:56:19.261,2.4523,2.4528,3.20,10.40
2007.08.03 06:56:19.273,2.4523,2.4527,3.20,4.00
2007.08.03 06:56:19.363,2.4523,2.4527,3.20,8.00
2007.08.03 06:56:19.684,2.4523,2.4527,3.20,10.00
2007.08.03 06:56:19.732,2.45215,2.4526,4.00,2.40
2007.08.03 06:56:19.938,2.4521,2.4526,18.30,2.40
2007.08.03 06:56:20.049,2.452,2.4525,11.20,4.00
2007.08.03 06:56:20.860,2.452,2.4525,9.60,4.00
2007.08.03 06:56:20.883,2.4521,2.4526,2.30,4.00
2007.08.03 06:56:20.952,2.4521,2.4526,5.60,4.00
2007.08.03 06:56:21.254,2.4521,2.4526,12.70,4.00
2007.08.03 06:56:21.436,2.45215,2.4527,7.20,8.00
2007.08.03 06:56:23.261,2.4521,2.4526,12.70,4.00
2007.08.03 06:56:23.321,2.4521,2.4526,7.20,4.00
2007.08.03 06:56:23.729,2.4523,2.4526,0.80,6.40
2007.08.03 06:56:23.752,2.452,2.4525,1.40,4.00
2007.08.03 06:56:24.034,2.452,2.4525,4.80,4.00
2007.08.03 06:56:24.249,2.452,2.4525,12.70,4.00
2007.08.03 06:56:24.271,2.4522,2.4526,0.80,6.40
2007.08.03 06:56:26.199,2.452,2.4526,12.70,6.40
2007.08.03 06:56:26.401,2.4521,2.4525,0.80,4.00
2007.08.03 06:56:27.351,2.4521,2.4525,0.80,8.00
2007.08.03 06:56:27.834,2.452,2.4525,4.80,4.00
2007.08.03 06:56:27.938,2.452,2.4525,5.60,4.00
2007.08.03 06:56:28.088,2.452,2.45255,5.60,4.00
2007.08.03 06:56:31.957,2.45205,2.4526,4.80,10.40
2007.08.03 06:56:32.531,2.452,2.4526,9.60,10.40
2007.08.03 06:56:32.807,2.452,2.4525,1.70,4.00
2007.08.03 06:56:32.993,2.452,2.4525,7.20,4.00
2007.08.03 06:56:33.480,2.45205,2.45255,6.40,4.00
2007.08.03 06:56:33.665,2.4522,2.4526,1.50,4.00
2007.08.03 06:56:33.948,2.452,2.45255,11.20,4.00
2007.08.03 06:56:34.024,2.4519,2.45255,18.30,4.00
2007.08.03 06:56:34.440,2.452,2.4524,3.50,2.40
2007.08.03 06:56:34.488,2.452,2.4524,2.60,6.40
2007.08.03 06:56:34.740,2.452,2.4524,1.40,6.40
2007.08.03 06:56:36.701,2.45205,2.4524,0.50,2.40
2007.08.03 06:56:37.424,2.452,2.4525,8.00,4.80
2007.08.03 06:56:37.612,2.4519,2.45245,17.50,4.00
2007.08.03 06:56:38.460,2.452,2.4524,0.60,2.40
2007.08.03 06:56:40.753,2.4518,2.4524,22.30,6.40
2007.08.03 06:56:40.865,2.4518,2.4524,22.30,2.40
2007.08.03 06:56:42.452,2.4519,2.4524,4.00,6.40
2007.08.03 06:56:44.241,2.4519,2.4524,1.90,6.40
2007.08.03 06:56:44.533,2.4518,2.45235,3.00,4.00
2007.08.03 06:56:45.395,2.4517,2.45235,26.30,4.00
2007.08.03 06:56:45.493,2.4518,2.45235,22.30,4.00
2007.08.03 06:56:45.797,2.452,2.45235,1.60,4.00
2007.08.03 06:56:45.903,2.4519,2.45245,10.40,4.00
2007.08.03 06:56:46.128,2.452,2.4524,1.10,4.00
2007.08.03 06:56:47.192,2.452,2.45245,1.50,4.00
2007.08.03 06:56:48.256,2.4519,2.4524,1.80,2.40
2007.08.03 06:56:48.289,2.4518,2.4524,11.20,2.40
2007.08.03 06:56:48.830,2.4518,2.45235,3.90,4.00
2007.08.03 06:56:48.988,2.4518,2.45235,11.20,4.00
2007.08.03 06:56:49.136,2.452,2.4524,0.80,6.40
2007.08.03 06:56:49.185,2.452,2.4524,0.80,7.20
2007.08.03 06:56:49.286,2.452,2.4522,0.80,2.40
2007.08.03 06:56:49.601,2.4519,2.4526,7.90,12.40
2007.08.03 06:56:49.648,2.4519,2.4526,11.90,8.40
2007.08.03 06:56:49.901,2.4519,2.4523,11.10,6.40
2007.08.03 06:56:49.951,2.4518,2.4523,15.90,6.40
2007.08.03 06:56:49.980,2.4519,2.4523,4.00,2.40
2007.08.03 06:56:50.311,2.4519,2.4523,4.80,2.40
2007.08.03 06:56:50.554,2.4519,2.4523,0.80,2.40
2007.08.03 06:56:50.697,2.4519,2.4523,2.80,2.40
2007.08.03 06:56:50.929,2.45215,2.4526,4.00,2.40
2007.08.03 06:56:50.951,2.45215,2.45265,4.00,4.00
2007.08.03 06:56:51.160,2.4522,2.4527,4.00,11.00
2007.08.03 06:56:51.321,2.4522,2.4527,4.00,7.10
2007.08.03 06:56:51.356,2.4522,2.4527,6.40,7.10
2007.08.03 06:56:51.453,2.4522,2.45265,2.40,4.00
2007.08.03 06:56:51.467,2.45215,2.45265,4.00,4.00
2007.08.03 06:56:52.509,2.45215,2.4527,4.00,13.50
2007.08.03 06:56:57.031,2.45215,2.4527,4.00,15.50
2007.08.03 06:57:03.553,2.45215,2.4527,4.00,13.50
2007.08.03 06:57:03.931,2.45215,2.45265,4.00,4.00
2007.08.03 06:57:08.944,2.4523,2.45265,2.40,4.00
2007.08.03 06:57:09.296,2.4523,2.45285,6.40,4.00
2007.08.03 06:57:09.451,2.4524,2.45285,0.80,4.00
2007.08.03 06:57:12.022,2.45235,2.45285,4.00,4.00
2007.08.03 06:57:12.189,2.4523,2.45285,6.40,4.00
2007.08.03 06:57:12.515,2.4523,2.4528,2.40,4.00
2007.08.03 06:57:14.858,2.4523,2.45265,2.40,4.00
2007.08.03 06:57:15.442,2.4522,2.45265,11.10,4.00
2007.08.03 06:57:15.585,2.4522,2.45265,7.20,4.00
2007.08.03 06:57:15.680,2.4522,2.45265,3.20,4.00
2007.08.03 06:57:15.711,2.4522,2.4526,3.20,4.00
2007.08.03 06:57:15.984,2.4522,2.4527,13.10,4.00
2007.08.03 06:57:16.059,2.4523,2.4527,2.40,4.00
2007.08.03 06:57:16.517,2.4523,2.45285,6.40,4.00
2007.08.03 06:57:19.076,2.4523,2.4528,2.40,4.00
2007.08.03 06:57:19.095,2.4523,2.4528,2.40,11.10
2007.08.03 06:57:19.323,2.4523,2.4527,2.40,4.00
2007.08.03 06:57:20.278,2.4523,2.4527,1.40,4.00
2007.08.03 06:57:21.365,2.4522,2.4528,15.20,4.00
2007.08.03 06:57:21.682,2.4523,2.4528,7.20,4.00
2007.08.03 06:57:21.859,2.4524,2.4529,4.80,8.00
2007.08.03 06:57:22.333,2.4525,2.4529,0.80,15.90
2007.08.03 06:57:22.416,2.4523,2.4528,3.20,4.00
2007.08.03 06:57:23.044,2.4523,2.4528,3.20,8.00
2007.08.03 06:57:25.508,2.4523,2.4528,3.20,4.00
2007.08.03 06:57:26.136,2.4523,2.45285,14.30,4.00
2007.08.03 06:57:27.717,2.4525,2.4529,0.80,4.00
2007.08.03 06:57:27.780,2.45245,2.4529,7.20,4.00
2007.08.03 06:57:27.818,2.45245,2.45295,7.20,4.00
2007.08.03 06:57:28.288,2.45235,2.45285,7.20,4.00
2007.08.03 06:57:28.406,2.45235,2.45285,4.80,4.00
2007.08.03 06:57:30.483,2.4524,2.4529,4.80,2.40
2007.08.03 06:57:30.710,2.4524,2.4529,4.80,10.30
2007.08.03 06:57:30.819,2.4525,2.4529,0.80,14.30
2007.08.03 06:57:30.943,2.4525,2.45285,0.80,4.00
2007.08.03 06:57:30.970,2.45235,2.45285,1.30,4.00
2007.08.03 06:57:31.075,2.4523,2.4527,8.80,2.40
2007.08.03 06:57:31.227,2.4522,2.45265,4.80,4.00
2007.08.03 06:57:31.484,2.4521,2.45265,19.10,4.00
2007.08.03 06:57:31.992,2.4521,2.45265,12.00,4.00
2007.08.03 06:57:32.240,2.4522,2.4526,1.70,4.00
2007.08.03 06:57:32.691,2.4521,2.4526,12.00,4.00
2007.08.03 06:57:32.780,2.45215,2.4527,10.80,6.40
2007.08.03 06:57:32.796,2.4522,2.4527,6.80,6.40
2007.08.03 06:57:35.946,2.4522,2.4526,6.00,2.40
2007.08.03 06:57:36.221,2.4521,2.4526,10.00,2.40
2007.08.03 06:57:36.817,2.452,2.4526,11.20,2.40
2007.08.03 06:57:36.860,2.452,2.4526,11.20,6.40
2007.08.03 06:57:37.402,2.452,2.4526,11.20,2.40
2007.08.03 06:57:38.484,2.4521,2.4526,2.20,9.50
2007.08.03 06:57:38.498,2.4521,2.4525,2.20,2.40
2007.08.03 06:57:38.724,2.4519,2.4525,10.80,2.40
2007.08.03 06:57:40.979,2.452,2.4525,8.80,2.40
2007.08.03 06:57:40.992,2.452,2.4526,11.20,10.40
2007.08.03 06:57:41.199,2.452,2.4526,13.20,6.40
2007.08.03 06:57:43.670,2.45205,2.4526,6.00,6.40
2007.08.03 06:57:44.656,2.4521,2.4526,2.80,6.40
2007.08.03 06:57:44.713,2.4521,2.4526,9.90,6.40
2007.08.03 06:57:44.865,2.4521,2.4526,17.10,4.00
2007.08.03 06:57:45.076,2.45215,2.4527,14.30,4.00
2007.08.03 06:57:45.722,2.45215,2.4527,15.10,4.00
2007.08.03 06:57:45.755,2.45215,2.4527,15.90,4.00
2007.08.03 06:57:46.126,2.4522,2.4528,15.90,6.40
2007.08.03 06:57:48.539,2.4523,2.4528,1.90,6.40
2007.08.03 06:58:09.589,2.45225,2.4528,4.00,6.40
2007.08.03 06:58:11.122,2.4524,2.4528,0.80,6.40
2007.08.03 06:58:11.277,2.4524,2.4528,0.80,2.40
2007.08.03 06:58:11.791,2.4524,2.4528,0.80,6.40
2007.08.03 06:58:12.321,2.4524,2.4528,0.80,14.30
2007.08.03 06:58:12.509,2.4524,2.4528,0.80,18.30
2007.08.03 06:58:12.569,2.4524,2.45275,0.80,4.00
2007.08.03 06:58:12.760,2.4523,2.45275,0.80,4.00
2007.08.03 06:58:12.821,2.4523,2.4528,4.80,6.40
2007.08.03 06:58:13.060,2.4523,2.4528,7.20,4.00
2007.08.03 06:58:13.130,2.4523,2.4528,14.30,4.00
2007.08.03 06:58:13.316,2.4523,2.4528,10.30,8.00
2007.08.03 06:58:13.420,2.4523,2.4528,10.30,4.00
2007.08.03 06:58:13.513,2.4523,2.4528,12.30,4.00
2007.08.03 06:58:13.727,2.4523,2.4528,16.30,4.00
2007.08.03 06:58:13.841,2.4524,2.4529,4.00,6.40
2007.08.03 06:58:14.352,2.4523,2.45285,16.30,4.00
2007.08.03 06:58:14.486,2.4523,2.4527,13.90,2.40
2007.08.03 06:58:14.558,2.4523,2.4527,4.80,2.40
2007.08.03 06:58:14.624,2.4523,2.4527,0.80,2.40
2007.08.03 06:58:14.797,2.45225,2.4527,4.00,2.40
2007.08.03 06:58:14.872,2.4522,2.45265,7.90,4.00
2007.08.03 06:58:15.007,2.4523,2.45265,0.80,4.00
2007.08.03 06:58:15.086,2.4523,2.45265,9.90,4.00
2007.08.03 06:58:15.134,2.45235,2.4528,4.00,4.00
2007.08.03 06:58:15.287,2.45235,2.4529,4.00,10.40
2007.08.03 06:58:15.377,2.4524,2.4529,4.00,6.40
2007.08.03 06:58:16.169,2.45235,2.4529,4.00,10.40
2007.08.03 06:58:16.178,2.45235,2.4529,4.00,13.60
2007.08.03 06:58:16.214,2.45235,2.4528,4.00,2.00
2007.08.03 06:58:16.333,2.45235,2.4528,4.00,6.00
2007.08.03 06:58:16.416,2.4523,2.4528,4.00,6.00
2007.08.03 06:58:16.587,2.4523,2.4526,4.00,2.40
2007.08.03 06:58:16.675,2.45225,2.4526,4.00,2.40
2007.08.03 06:58:16.960,2.4522,2.4526,7.90,2.40
2007.08.03 06:58:19.065,2.4523,2.4526,0.80,2.40
2007.08.03 06:58:19.133,2.4523,2.4526,7.90,2.40
2007.08.03 06:58:19.155,2.4523,2.45265,7.90,4.00
2007.08.03 06:58:19.243,2.4523,2.45265,11.90,4.00
2007.08.03 06:58:19.326,2.4523,2.4527,15.90,2.40
2007.08.03 06:58:19.362,2.4523,2.45285,18.30,4.00
2007.08.03 06:58:19.566,2.4523,2.45285,18.30,0.50
2007.08.03 06:58:19.577,2.4524,2.45295,4.00,12.30
2007.08.03 06:58:19.644,2.4524,2.45295,4.00,8.40
2007.08.03 06:58:19.671,2.4524,2.45295,4.80,8.40
2007.08.03 06:58:19.846,2.4524,2.45285,0.80,0.70
2007.08.03 06:58:20.684,2.4524,2.45285,0.80,6.00
2007.08.03 06:58:21.006,2.4524,2.45285,0.80,10.00
2007.08.03 06:58:21.207,2.4523,2.4528,7.20,0.50
2007.08.03 06:58:21.224,2.4523,2.45285,13.20,0.90
2007.08.03 06:58:21.437,2.4524,2.45295,4.00,12.40
2007.08.03 06:58:21.728,2.4524,2.45295,4.80,12.40
2007.08.03 06:58:21.965,2.4524,2.4529,0.80,12.40
2007.08.03 06:58:22.190,2.4524,2.45295,4.80,12.40
2007.08.03 06:58:22.371,2.4524,2.45295,4.00,12.40
2007.08.03 06:58:23.713,2.4524,2.4527,4.00,0.60
2007.08.03 06:58:24.226,2.4524,2.4528,4.00,0.70
2007.08.03 06:58:24.312,2.4524,2.4527,4.00,0.50
2007.08.03 06:58:24.499,2.4523,2.4527,11.90,0.50
2007.08.03 06:58:24.625,2.4523,2.4527,11.10,0.90
2007.08.03 06:58:24.638,2.4523,2.4527,4.00,0.60
2007.08.03 06:58:24.744,2.4523,2.4528,4.00,9.20
2007.08.03 06:58:24.802,2.4522,2.4527,7.90,0.90
2007.08.03 06:58:26.696,2.4523,2.4527,7.10,0.90
2007.08.03 06:58:26.866,2.4523,2.4528,11.10,7.20
2007.08.03 06:58:26.981,2.4523,2.4527,11.90,0.90
2007.08.03 06:58:27.001,2.4523,2.4527,11.90,0.80
2007.08.03 06:58:27.217,2.4523,2.4527,4.80,0.50
2007.08.03 06:58:27.618,2.4523,2.45275,0.80,6.40
2007.08.03 06:58:27.890,2.4523,2.4527,4.80,0.50
2007.08.03 06:58:29.827,2.4523,2.4526,4.80,0.90
2007.08.03 06:58:29.951,2.4523,2.4526,0.80,0.60
2007.08.03 06:58:30.208,2.4523,2.4527,0.80,12.40
2007.08.03 06:58:30.281,2.4521,2.4527,14.30,12.40
2007.08.03 06:58:34.721,2.4523,2.4527,2.40,10.00
2007.08.03 06:58:34.787,2.4523,2.4527,2.40,10.00
2007.08.03 06:58:34.933,2.4523,2.4528,2.40,18.50
2007.08.03 06:58:36.768,2.4523,2.4528,9.50,10.40
2007.08.03 06:58:36.976,2.4523,2.4529,9.50,18.30
2007.08.03 06:58:39.031,2.4523,2.4528,9.50,8.00
2007.08.03 06:58:39.228,2.4523,2.45275,2.40,10.00
2007.08.03 06:58:39.258,2.4523,2.4527,2.40,0.50
2007.08.03 06:58:39.342,2.4523,2.45275,2.40,14.40
2007.08.03 06:58:39.359,2.4522,2.4527,4.00,12.80
2007.08.03 06:58:39.398,2.4521,2.4526,11.10,0.80
2007.08.03 06:58:39.438,2.4521,2.4527,11.10,16.80
2007.08.03 06:58:40.264,2.4522,2.4527,0.80,14.40
2007.08.03 06:58:40.366,2.4522,2.4527,0.80,12.00
2007.08.03 06:58:40.379,2.4522,2.4526,0.80,0.70
2007.08.03 06:58:40.463,2.4522,2.4527,0.80,0.70
2007.08.03 06:58:40.682,2.4522,2.4527,0.80,0.70
2007.08.03 06:58:41.215,2.4522,2.4528,0.80,10.40
2007.08.03 06:58:41.311,2.4523,2.4528,7.10,10.40
2007.08.03 06:58:41.329,2.4523,2.4528,7.10,0.70
2007.08.03 06:58:41.625,2.4523,2.4528,7.10,12.40
2007.08.03 06:58:41.722,2.45225,2.4528,4.00,14.40
2007.08.03 06:58:42.058,2.4522,2.4528,4.80,14.40
2007.08.03 06:58:43.708,2.4522,2.4528,4.80,12.40
2007.08.03 06:58:43.826,2.4523,2.4528,7.10,12.40
2007.08.03 06:58:43.901,2.4523,2.4528,13.50,6.00
2007.08.03 06:58:44.007,2.4523,2.4528,13.50,0.60
2007.08.03 06:58:44.219,2.4523,2.45285,13.50,8.00
2007.08.03 06:58:44.404,2.4523,2.4529,9.50,16.30
2007.08.03 06:58:45.880,2.4523,2.4528,9.50,8.00
2007.08.03 06:58:46.188,2.4523,2.45275,9.50,10.00
2007.08.03 06:58:46.222,2.4523,2.4527,9.50,10.00
2007.08.03 06:58:46.297,2.4523,2.4526,2.40,0.50
2007.08.03 06:58:46.371,2.4521,2.4526,11.10,0.60
2007.08.03 06:58:46.427,2.4521,2.4526,11.10,0.60
2007.08.03 06:58:47.640,2.4521,2.4526,11.10,12.40
2007.08.03 06:58:47.747,2.4521,2.4526,11.10,10.40
2007.08.03 06:58:51.758,2.4521,2.4526,13.50,8.00
2007.08.03 06:58:51.890,2.45215,2.4526,4.00,4.00
2007.08.03 06:58:51.959,2.4522,2.4526,0.80,4.00
2007.08.03 06:58:52.137,2.4522,2.4526,4.80,4.00
2007.08.03 06:58:52.912,2.4522,2.4526,0.80,4.00
2007.08.03 06:58:53.281,2.452,2.45255,6.40,4.00
2007.08.03 06:58:53.342,2.452,2.4525,6.40,4.00
2007.08.03 06:58:53.637,2.452,2.4525,4.00,6.40
2007.08.03 06:58:54.157,2.4521,2.4525,2.40,4.00
2007.08.03 06:58:54.184,2.4521,2.4525,9.50,4.00
2007.08.03 06:58:54.381,2.4521,2.45255,9.50,4.00
2007.08.03 06:58:54.470,2.4521,2.4526,13.50,10.00
2007.08.03 06:59:04.225,2.4521,2.4526,13.50,8.00
2007.08.03 06:59:04.324,2.4521,2.4526,13.50,4.00
2007.08.03 06:59:11.232,2.4521,2.4526,9.50,4.00
2007.08.03 06:59:23.116,2.4522,2.4526,0.80,4.00
2007.08.03 06:59:23.197,2.4522,2.4526,7.90,4.00
2007.08.03 06:59:23.230,2.4522,2.4526,10.30,4.00
2007.08.03 06:59:23.487,2.45225,2.4528,4.00,10.00
2007.08.03 06:59:23.709,2.45225,2.4527,4.00,2.00
2007.08.03 06:59:23.761,2.4522,2.45265,0.80,4.00
2007.08.03 06:59:24.042,2.4522,2.4526,0.80,4.00
2007.08.03 06:59:24.182,2.4521,2.4526,9.50,4.00
2007.08.03 06:59:24.245,2.4521,2.4526,2.40,4.00
2007.08.03 06:59:24.294,2.45205,2.4526,4.00,6.40
2007.08.03 06:59:24.307,2.452,2.4525,7.20,4.00
2007.08.03 06:59:24.703,2.452,2.4525,6.40,4.00
2007.08.03 06:59:25.084,2.452,2.4525,2.40,4.00
2007.08.03 06:59:25.627,2.4522,2.4525,0.80,4.00
2007.08.03 06:59:25.730,2.4522,2.4525,3.20,4.00
2007.08.03 06:59:25.877,2.4522,2.4526,3.20,6.40
2007.08.03 06:59:25.937,2.4522,2.4526,3.20,4.00
2007.08.03 06:59:25.998,2.4522,2.45265,3.20,4.00
2007.08.03 06:59:26.141,2.4522,2.45265,2.40,4.00
2007.08.03 06:59:26.244,2.4521,2.4526,4.00,2.40
2007.08.03 06:59:26.399,2.45205,2.4526,4.00,6.40
2007.08.03 06:59:26.621,2.45205,2.4526,4.00,10.40
2007.08.03 06:59:26.698,2.452,2.45255,7.20,4.00
2007.08.03 06:59:27.211,2.45205,2.4526,4.00,10.40
2007.08.03 06:59:27.243,2.4521,2.4526,7.10,10.40
2007.08.03 06:59:27.283,2.4521,2.4526,9.50,8.00
2007.08.03 06:59:27.340,2.4521,2.4526,9.50,4.00
2007.08.03 06:59:27.687,2.4522,2.4526,0.80,4.00
2007.08.03 06:59:27.745,2.4522,2.45265,0.80,4.00
2007.08.03 06:59:37.755,2.4522,2.45265,3.20,4.00
2007.08.03 06:59:41.222,2.4521,2.45265,13.50,4.00
2007.08.03 06:59:41.256,2.4524,2.4527,3.20,6.00
2007.08.03 06:59:41.550,2.4524,2.4527,7.20,6.00
2007.08.03 06:59:42.806,2.4524,2.4527,3.20,6.00
2007.08.03 06:59:43.221,2.4526,2.4527,3.20,6.00
2007.08.03 06:59:44.256,2.4524,2.4527,3.20,6.00
2007.08.03 06:59:44.653,2.45225,2.4527,4.00,6.00
2007.08.03 06:59:44.747,2.4523,2.4527,2.40,6.00
2007.08.03 06:59:44.884,2.4526,2.4527,3.20,6.00
2007.08.03 06:59:45.258,2.4525,2.4527,3.20,6.00
2007.08.03 06:59:50.166,2.4525,2.4529,3.20,4.00
2007.08.03 06:59:50.261,2.4525,2.4529,3.20,8.00
2007.08.03 06:59:50.767,2.4525,2.4529,3.20,4.00
2007.08.03 06:59:50.814,2.4526,2.4529,3.20,4.00
2007.08.03 06:59:50.993,2.4526,2.45295,3.20,4.00
2007.08.03 06:59:53.278,2.4525,2.45295,3.20,4.00
2007.08.03 06:59:53.451,2.4525,2.4529,3.20,4.00
2007.08.03 06:59:53.627,2.4525,2.4529,3.20,8.00
2007.08.03 06:59:54.667,2.4525,2.45285,3.20,4.00
2007.08.03 06:59:59.240,2.4523,2.45285,17.50,4.00
2007.08.03 06:59:59.269,2.4523,2.45285,13.50,4.00
2007.08.03 06:59:59.344,2.4523,2.4528,11.10,2.40
2007.08.03 06:59:59.375,2.4523,2.45275,7.10,4.00
