2018.04.23 15:00:00.188,1.36331,1.36349,1.00,2.25
2018.04.23 15:00:00.444,1.36331,1.36351,1.00,1.00
2018.04.23 15:00:00.641,1.36331,1.36346,1.00,1.00
2018.04.23 15:00:01.157,1.36332,1.36348,1.00,1.50
2018.04.23 15:00:01.672,1.36331,1.36348,1.00,1.00
2018.04.23 15:00:02.209,1.3633,1.36347,1.12,1.50
2018.04.23 15:00:02.363,1.36332,1.36347,1.00,1.50
2018.04.23 15:00:02.415,1.36331,1.36349,1.00,1.50
2018.04.23 15:00:02.925,1.3633,1.36348,1.00,1.50
2018.04.23 15:00:03.341,1.36327,1.36347,1.00,1.50
2018.04.23 15:00:03.393,1.36329,1.36348,1.00,1.00
2018.04.23 15:00:03.729,1.36331,1.36349,1.00,1.00
2018.04.23 15:00:03.780,1.36331,1.36351,1.00,1.50
2018.04.23 15:00:03.986,1.3633,1.36349,1.00,1.00
2018.04.23 15:00:04.497,1.36331,1.36349,1.50,1.50
2018.04.23 15:00:05.679,1.36331,1.36348,1.00,1.00
2018.04.23 15:00:06.197,1.36331,1.36349,1.00,2.25
2018.04.23 15:00:06.802,1.36332,1.36349,1.00,1.00
2018.04.23 15:00:07.327,1.36331,1.3635,1.00,1.50
2018.04.23 15:00:07.877,1.36331,1.36347,1.00,1.00
2018.04.23 15:00:08.180,1.36328,1.36345,1.00,1.50
2018.04.23 15:00:08.233,1.3633,1.36347,1.00,1.00
2018.04.23 15:00:08.389,1.36327,1.36345,1.00,1.00
2018.04.23 15:00:08.494,1.36329,1.36347,1.00,1.00
2018.04.23 15:00:09.044,1.3633,1.36347,1.50,1.00
2018.04.23 15:00:09.149,1.36329,1.36349,1.00,1.50
2018.04.23 15:00:09.306,1.36332,1.36349,1.00,1.00
2018.04.23 15:00:09.877,1.36332,1.3635,1.00,1.50
2018.04.23 15:00:10.185,1.36334,1.36351,1.00,1.00
2018.04.23 15:00:10.704,1.36333,1.36353,1.00,1.00
2018.04.23 15:00:10.860,1.36335,1.36353,1.50,1.00
2018.04.23 15:00:11.516,1.36334,1.36352,1.00,1.00
2018.04.23 15:00:11.719,1.36332,1.36351,1.00,1.50
2018.04.23 15:00:11.927,1.36332,1.36353,1.50,1.87
2018.04.23 15:00:11.980,1.36336,1.36353,1.00,1.50
2018.04.23 15:00:12.360,1.36333,1.36353,1.57,1.00
2018.04.23 15:00:12.464,1.36335,1.36352,1.00,1.00
2018.04.23 15:00:12.571,1.36336,1.36354,1.50,1.00
2018.04.23 15:00:13.062,1.36338,1.36357,1.00,1.00
2018.04.23 15:00:13.320,1.36341,1.36358,1.00,1.00
2018.04.23 15:00:13.846,1.3634,1.36359,3.00,1.00
2018.04.23 15:00:14.317,1.36343,1.36361,1.00,1.00
2018.04.23 15:00:14.639,1.36342,1.36359,1.50,1.00
2018.04.23 15:00:14.795,1.36336,1.36354,1.00,1.00
2018.04.23 15:00:15.153,1.36336,1.36356,2.25,1.00
2018.04.23 15:00:15.656,1.36337,1.36355,1.00,1.00
2018.04.23 15:00:16.140,1.36334,1.36351,1.10,1.00
2018.04.23 15:00:16.714,1.36334,1.36349,1.00,1.00
2018.04.23 15:00:16.766,1.36332,1.3635,1.00,1.50
2018.04.23 15:00:17.395,1.36332,1.36347,1.00,1.00
2018.04.23 15:00:17.448,1.36332,1.36349,1.00,1.50
2018.04.23 15:00:17.836,1.3633,1.36344,1.00,1.00
2018.04.23 15:00:17.940,1.36327,1.36343,1.00,1.00
2018.04.23 15:00:18.148,1.36324,1.36342,1.00,1.00
2018.04.23 15:00:18.358,1.36325,1.36344,1.00,2.25
2018.04.23 15:00:18.908,1.36325,1.36343,1.00,1.00
2018.04.23 15:00:19.651,1.36325,1.36344,1.50,1.50
2018.04.23 15:00:20.056,1.36324,1.36342,1.50,1.00
2018.04.23 15:00:20.367,1.36315,1.36333,1.00,1.00
2018.04.23 15:00:20.626,1.36317,1.36337,1.00,1.00
2018.04.23 15:00:20.945,1.36319,1.36337,1.00,1.50
2018.04.23 15:00:21.491,1.3632,1.36338,1.00,1.00
2018.04.23 15:00:21.950,1.36325,1.36343,1.00,1.00
2018.04.23 15:00:22.002,1.36323,1.36342,1.50,1.00
2018.04.23 15:00:22.299,1.36324,1.36344,1.00,1.12
2018.04.23 15:00:22.707,1.36323,1.36342,1.57,1.00
2018.04.23 15:00:23.219,1.36323,1.36341,1.00,1.00
2018.04.23 15:00:23.967,1.36322,1.3634,1.50,1.00
2018.04.23 15:00:24.019,1.36323,1.36342,1.00,1.00
2018.04.23 15:00:24.497,1.36323,1.3634,1.00,1.00
2018.04.23 15:00:24.650,1.36323,1.36342,1.50,1.50
2018.04.23 15:00:25.158,1.36324,1.36342,1.00,1.00
2018.04.23 15:00:25.465,1.36322,1.36341,1.00,1.00
2018.04.23 15:00:26.086,1.36322,1.36342,1.00,1.12
2018.04.23 15:00:26.240,1.36324,1.36342,1.00,1.12
2018.04.23 15:00:26.546,1.36321,1.3634,1.00,1.00
2018.04.23 15:00:27.166,1.36321,1.36341,1.00,1.00
2018.04.23 15:00:27.218,1.36318,1.36338,1.57,1.12
2018.04.23 15:00:27.544,1.36317,1.36336,1.00,2.25
2018.04.23 15:00:27.647,1.36315,1.36335,1.57,1.50
2018.04.23 15:00:28.005,1.36315,1.36334,1.00,3.00
2018.04.23 15:00:28.303,1.36312,1.36331,1.50,1.00
2018.04.23 15:00:28.534,1.36312,1.36328,1.50,1.50
2018.04.23 15:00:28.639,1.36312,1.3633,1.00,1.00
2018.04.23 15:00:28.949,1.36314,1.3633,1.00,1.50
2018.04.23 15:00:29.106,1.36312,1.36331,1.50,1.00
2018.04.23 15:00:29.277,1.36313,1.36329,1.00,1.50
2018.04.23 15:00:29.824,1.36312,1.36328,1.00,1.00
2018.04.23 15:00:29.980,1.36314,1.36332,1.50,2.25
2018.04.23 15:00:30.190,1.36312,1.36331,2.25,1.12
2018.04.23 15:00:30.396,1.36313,1.36324,1.12,1.00
2018.04.23 15:00:30.448,1.36313,1.36331,1.00,1.00
2018.04.23 15:00:30.552,1.36308,1.36325,1.57,1.00
2018.04.23 15:00:30.604,1.36306,1.36324,2.25,1.00
2018.04.23 15:00:30.656,1.36306,1.36327,1.00,4.12
2018.04.23 15:00:30.968,1.36308,1.36326,1.00,1.87
2018.04.23 15:00:31.524,1.36308,1.36323,1.00,1.00
2018.04.23 15:00:31.576,1.36306,1.36323,1.00,1.00
2018.04.23 15:00:32.045,1.36306,1.3632,1.00,1.50
2018.04.23 15:00:32.147,1.36307,1.36325,1.00,2.25
2018.04.23 15:00:32.199,1.36306,1.36322,1.00,1.00
2018.04.23 15:00:32.251,1.36306,1.36324,1.00,2.25
2018.04.23 15:00:32.789,1.36306,1.36322,1.00,1.00
2018.04.23 15:00:33.100,1.36308,1.36324,1.00,1.00
2018.04.23 15:00:33.308,1.3631,1.36328,1.00,1.00
2018.04.23 15:00:33.669,1.3631,1.36325,1.00,1.00
2018.04.23 15:00:34.042,1.36312,1.36329,1.00,2.25
2018.04.23 15:00:34.093,1.3631,1.36328,1.00,1.50
2018.04.23 15:00:34.601,1.36309,1.36327,1.00,1.00
2018.04.23 15:00:35.214,1.36308,1.36327,1.00,1.00
2018.04.23 15:00:35.583,1.3631,1.36327,1.00,2.25
2018.04.23 15:00:35.687,1.36308,1.36327,1.00,2.25
2018.04.23 15:00:36.204,1.36309,1.36326,1.00,1.00
2018.04.23 15:00:36.361,1.36306,1.36326,1.87,1.50
2018.04.23 15:00:36.464,1.36305,1.36325,1.12,1.00
2018.04.23 15:00:36.516,1.36305,1.36322,1.12,1.50
2018.04.23 15:00:36.853,1.36303,1.36318,2.32,1.50
2018.04.23 15:00:37.144,1.36301,1.36317,1.00,1.50
2018.04.23 15:00:37.354,1.36299,1.36317,1.00,1.00
2018.04.23 15:00:37.407,1.36301,1.36319,1.00,2.25
2018.04.23 15:00:37.515,1.36299,1.36318,1.00,1.00
2018.04.23 15:00:38.047,1.36299,1.36317,1.00,1.50
2018.04.23 15:00:38.916,1.36298,1.36316,1.00,1.00
2018.04.23 15:00:39.435,1.363,1.36317,1.00,1.50
2018.04.23 15:00:39.951,1.363,1.36318,1.00,1.00
2018.04.23 15:00:40.455,1.363,1.36319,1.00,2.25
2018.04.23 15:00:40.816,1.36302,1.36319,1.00,1.00
2018.04.23 15:00:41.161,1.36303,1.36321,1.00,1.00
2018.04.23 15:00:41.213,1.36301,1.36322,1.50,1.50
2018.04.23 15:00:41.266,1.36301,1.36319,1.00,1.50
2018.04.23 15:00:41.578,1.36303,1.3632,1.00,1.50
2018.04.23 15:00:41.925,1.36303,1.36318,1.00,1.00
2018.04.23 15:00:42.238,1.36299,1.36315,1.10,1.50
2018.04.23 15:00:42.341,1.36295,1.36313,1.87,1.00
2018.04.23 15:00:42.393,1.36297,1.36311,1.00,1.50
2018.04.23 15:00:42.444,1.36297,1.36315,1.00,1.00
2018.04.23 15:00:42.585,1.36294,1.36314,1.87,1.00
2018.04.23 15:00:42.687,1.36297,1.36314,1.00,1.00
2018.04.23 15:00:42.946,1.36301,1.36319,1.50,1.00
2018.04.23 15:00:43.117,1.36301,1.36321,1.00,1.50
2018.04.23 15:00:43.169,1.36303,1.36321,1.00,1.00
2018.04.23 15:00:43.272,1.36303,1.36323,1.00,1.50
2018.04.23 15:00:43.374,1.36302,1.36318,1.50,1.50
2018.04.23 15:00:43.478,1.36304,1.36322,1.00,1.00
2018.04.23 15:00:43.682,1.36301,1.36319,1.87,1.00
2018.04.23 15:00:43.868,1.36302,1.36321,1.00,1.00
2018.04.23 15:00:44.022,1.36302,1.36319,1.00,1.00
2018.04.23 15:00:44.328,1.36304,1.3632,1.12,1.00
2018.04.23 15:00:44.851,1.36303,1.3632,1.50,1.00
2018.04.23 15:00:45.081,1.36305,1.36324,1.00,1.00
2018.04.23 15:00:45.184,1.36305,1.36322,1.00,1.50
2018.04.23 15:00:45.235,1.36303,1.36322,2.25,1.50
2018.04.23 15:00:45.287,1.36305,1.36322,1.00,1.50
2018.04.23 15:00:45.338,1.36306,1.36324,1.00,1.50
2018.04.23 15:00:45.725,1.36307,1.36322,1.00,1.00
2018.04.23 15:00:46.081,1.36305,1.36322,1.00,1.50
2018.04.23 15:00:46.337,1.36307,1.36321,1.00,1.50
2018.04.23 15:00:46.389,1.36307,1.36323,1.00,1.50
2018.04.23 15:00:46.746,1.36305,1.36324,1.00,2.25
2018.04.23 15:00:46.798,1.36305,1.36322,1.00,1.50
2018.04.23 15:00:46.952,1.36306,1.36324,1.00,1.00
2018.04.23 15:00:47.157,1.36307,1.36327,1.50,1.00
2018.04.23 15:00:47.363,1.36307,1.36325,1.50,1.00
2018.04.23 15:00:47.601,1.36311,1.36329,1.12,1.00
2018.04.23 15:00:47.653,1.36313,1.3633,1.00,1.50
2018.04.23 15:00:47.705,1.36308,1.36327,1.37,1.50
2018.04.23 15:00:47.757,1.36307,1.36324,1.12,1.00
2018.04.23 15:00:47.861,1.36304,1.36322,1.00,1.00
2018.04.23 15:00:47.965,1.36307,1.36325,1.00,1.50
2018.04.23 15:00:48.496,1.36308,1.36325,1.00,1.00
2018.04.23 15:00:48.711,1.36306,1.36324,1.00,1.50
2018.04.23 15:00:49.127,1.36306,1.3632,1.00,1.00
2018.04.23 15:00:49.490,1.36304,1.36319,1.00,1.00
2018.04.23 15:00:49.774,1.36305,1.3632,1.87,1.00
2018.04.23 15:00:49.985,1.36303,1.36319,2.62,1.00
2018.04.23 15:00:50.575,1.363,1.36314,1.95,1.50
2018.04.23 15:00:50.729,1.36299,1.36314,1.12,1.50
2018.04.23 15:00:50.884,1.36299,1.36318,1.12,2.25
2018.04.23 15:00:51.140,1.36302,1.36318,1.12,2.25
2018.04.23 15:00:51.645,1.36302,1.36319,1.00,1.50
2018.04.23 15:00:51.993,1.36298,1.36308,1.00,1.00
2018.04.23 15:00:52.048,1.36294,1.36307,2.25,1.00
2018.04.23 15:00:52.194,1.36286,1.36304,1.50,1.00
2018.04.23 15:00:52.247,1.36285,1.36302,1.50,1.00
2018.04.23 15:00:52.353,1.36282,1.363,1.50,1.00
2018.04.23 15:00:52.457,1.36283,1.36303,1.50,1.87
2018.04.23 15:00:52.982,1.36284,1.36302,1.00,1.50
2018.04.23 15:00:53.095,1.36286,1.36305,1.12,1.00
2018.04.23 15:00:53.306,1.36288,1.36306,1.00,1.00
2018.04.23 15:00:53.516,1.36285,1.36305,4.12,1.00
2018.04.23 15:00:53.612,1.36289,1.36306,1.00,1.00
2018.04.23 15:00:53.716,1.36291,1.3631,1.00,1.00
2018.04.23 15:00:53.973,1.3629,1.36306,1.00,1.00
2018.04.23 15:00:54.026,1.36288,1.36306,1.00,1.00
2018.04.23 15:00:54.078,1.3629,1.36308,1.00,1.12
2018.04.23 15:00:54.470,1.36288,1.36306,1.00,1.50
2018.04.23 15:00:54.834,1.36286,1.36306,1.00,1.50
2018.04.23 15:00:55.370,1.36287,1.36305,1.00,1.00
2018.04.23 15:00:55.962,1.36286,1.36305,1.50,1.50
2018.04.23 15:00:56.170,1.36288,1.36305,1.00,1.00
2018.04.23 15:00:56.223,1.3629,1.36308,1.00,1.00
2018.04.23 15:00:56.762,1.36289,1.36307,1.00,1.00
2018.04.23 15:00:56.917,1.3629,1.36309,1.00,1.50
2018.04.23 15:00:57.176,1.36288,1.36309,1.50,2.25
2018.04.23 15:00:57.227,1.36288,1.36304,1.00,1.00
2018.04.23 15:00:57.280,1.36285,1.36304,1.00,1.50
2018.04.23 15:00:57.502,1.36288,1.36307,1.00,1.50
2018.04.23 15:00:58.014,1.36287,1.36307,1.12,1.50
2018.04.23 15:00:58.656,1.36288,1.36306,1.00,1.00
2018.04.23 15:00:59.159,1.36288,1.36307,1.00,1.00
2018.04.23 15:00:59.924,1.36289,1.36307,1.00,1.00
2018.04.23 15:01:00.331,1.36287,1.36305,1.50,1.00
2018.04.23 15:01:00.667,1.36288,1.36308,1.12,1.50
2018.04.23 15:01:00.824,1.3629,1.36308,1.00,1.50
2018.04.23 15:01:01.343,1.36289,1.36307,1.07,1.00
2018.04.23 15:01:01.548,1.3629,1.3631,1.00,1.50
2018.04.23 15:01:01.754,1.36292,1.3631,1.00,1.00
2018.04.23 15:01:02.306,1.36291,1.3631,1.00,1.00
2018.04.23 15:01:02.615,1.36289,1.36307,1.00,1.00
2018.04.23 15:01:03.082,1.36291,1.36308,1.00,1.00
2018.04.23 15:01:03.236,1.36292,1.36311,1.00,1.50
2018.04.23 15:01:03.339,1.36293,1.36313,1.00,1.12
2018.04.23 15:01:03.708,1.36292,1.36311,1.57,1.00
2018.04.23 15:01:04.023,1.36294,1.36312,1.00,1.00
2018.04.23 15:01:04.416,1.36292,1.36312,1.00,1.50
2018.04.23 15:01:04.771,1.3629,1.3631,1.95,1.00
2018.04.23 15:01:05.102,1.36293,1.36312,1.00,1.00
2018.04.23 15:01:05.465,1.36295,1.36313,1.00,1.87
2018.04.23 15:01:05.517,1.36293,1.36313,1.00,1.87
2018.04.23 15:01:05.568,1.36295,1.36313,1.00,1.87
2018.04.23 15:01:05.671,1.36292,1.36312,1.10,1.50
2018.04.23 15:01:05.839,1.36294,1.36311,1.00,1.00
2018.04.23 15:01:05.891,1.36294,1.36313,1.50,1.00
2018.04.23 15:01:06.147,1.36296,1.36314,1.00,1.00
2018.04.23 15:01:06.404,1.36293,1.36312,2.32,1.00
2018.04.23 15:01:06.457,1.36295,1.36315,1.00,2.25
2018.04.23 15:01:06.782,1.36294,1.36312,1.00,1.00
2018.04.23 15:01:06.938,1.36292,1.36312,1.50,1.00
2018.04.23 15:01:07.146,1.36291,1.36309,1.07,1.12
2018.04.23 15:01:07.199,1.36289,1.36308,1.00,1.00
2018.04.23 15:01:07.412,1.36289,1.36306,1.00,1.00
2018.04.23 15:01:07.779,1.36289,1.36308,1.10,1.00
2018.04.23 15:01:08.038,1.36289,1.36306,1.57,1.00
2018.04.23 15:01:08.234,1.36288,1.36309,1.07,1.12
2018.04.23 15:01:08.286,1.36289,1.36307,1.10,1.00
2018.04.23 15:01:08.616,1.36287,1.36305,2.32,1.00
2018.04.23 15:01:08.772,1.36287,1.36306,1.10,1.00
2018.04.23 15:01:09.282,1.36287,1.36307,1.50,1.50
2018.04.23 15:01:09.386,1.36289,1.36308,1.00,1.50
2018.04.23 15:01:09.729,1.36297,1.36313,1.37,1.00
2018.04.23 15:01:09.783,1.36303,1.36319,1.00,1.00
2018.04.23 15:01:09.836,1.36311,1.36324,1.37,1.00
2018.04.23 15:01:10.251,1.36308,1.36325,1.00,1.00
2018.04.23 15:01:10.354,1.36306,1.36324,1.00,1.00
2018.04.23 15:01:10.507,1.36308,1.36326,1.00,1.50
2018.04.23 15:01:10.910,1.36306,1.36323,2.25,1.00
2018.04.23 15:01:11.114,1.36305,1.36324,1.00,1.50
2018.04.23 15:01:11.370,1.36304,1.36322,1.50,1.00
2018.04.23 15:01:11.692,1.36306,1.36322,1.00,1.00
2018.04.23 15:01:11.795,1.36304,1.36322,2.25,1.00
2018.04.23 15:01:12.279,1.36303,1.36319,1.00,1.00
2018.04.23 15:01:12.330,1.363,1.36318,1.50,1.00
2018.04.23 15:01:12.382,1.36302,1.36319,1.12,1.00
2018.04.23 15:01:12.519,1.36302,1.36321,1.12,1.00
2018.04.23 15:01:12.728,1.36303,1.36323,1.00,1.50
2018.04.23 15:01:12.881,1.36302,1.36321,1.12,1.00
2018.04.23 15:01:13.196,1.36304,1.36322,1.87,1.00
2018.04.23 15:01:13.248,1.36305,1.36324,1.87,1.50
2018.04.23 15:01:13.317,1.36306,1.36324,1.87,1.50
2018.04.23 15:01:14.074,1.36306,1.36326,1.12,1.50
2018.04.23 15:01:14.177,1.36306,1.36324,1.12,1.50
2018.04.23 15:01:14.657,1.36305,1.36323,1.00,1.00
2018.04.23 15:01:14.762,1.36303,1.36321,1.00,1.50
2018.04.23 15:01:15.073,1.36298,1.36318,2.62,1.50
2018.04.23 15:01:15.229,1.36301,1.36318,1.00,1.50
2018.04.23 15:01:15.489,1.36306,1.36324,1.00,1.00
2018.04.23 15:01:15.796,1.36306,1.36322,1.50,1.00
2018.04.23 15:01:15.949,1.36306,1.36324,1.50,1.00
2018.04.23 15:01:16.441,1.36308,1.36323,1.00,1.00
2018.04.23 15:01:16.628,1.36306,1.36323,1.00,1.00
2018.04.23 15:01:17.286,1.36306,1.36324,1.50,1.00
2018.04.23 15:01:17.337,1.36306,1.36324,2.62,1.50
2018.04.23 15:01:17.851,1.36306,1.36323,1.87,1.00
2018.04.23 15:01:18.058,1.36309,1.36326,1.37,1.50
2018.04.23 15:01:18.110,1.36308,1.36324,1.12,1.00
2018.04.23 15:01:18.911,1.36308,1.36325,1.12,1.00
2018.04.23 15:01:19.421,1.36308,1.36326,1.12,1.50
2018.04.23 15:01:19.729,1.36307,1.36324,1.87,1.00
2018.04.23 15:01:20.254,1.36307,1.36323,1.87,1.00
2018.04.23 15:01:20.892,1.36307,1.36324,1.37,1.00
2018.04.23 15:01:21.348,1.36305,1.36321,2.25,1.00
2018.04.23 15:01:21.878,1.36305,1.36322,1.50,1.00
2018.04.23 15:01:22.396,1.36305,1.36323,1.50,1.50
2018.04.23 15:01:22.925,1.36305,1.36323,1.87,1.00
2018.04.23 15:01:23.181,1.36308,1.36327,1.37,1.00
2018.04.23 15:01:23.233,1.3631,1.36323,1.00,1.00
2018.04.23 15:01:23.284,1.36308,1.36326,1.12,1.00
2018.04.23 15:01:23.480,1.36306,1.36323,1.00,1.00
2018.04.23 15:01:23.787,1.36306,1.36321,1.00,1.00
2018.04.23 15:01:24.483,1.36306,1.3632,1.00,1.00
2018.04.23 15:01:25.219,1.36303,1.3632,1.12,1.00
2018.04.23 15:01:25.983,1.36306,1.3632,1.00,1.00
2018.04.23 15:01:26.117,1.36305,1.36322,1.87,1.00
2018.04.23 15:01:26.631,1.36311,1.36323,1.00,1.00
2018.04.23 15:01:26.734,1.3631,1.36327,1.00,1.50
2018.04.23 15:01:26.786,1.36306,1.36323,2.25,1.00
2018.04.23 15:01:27.090,1.36305,1.36323,1.00,1.50
2018.04.23 15:01:27.295,1.36303,1.3632,1.37,1.00
2018.04.23 15:01:27.819,1.36302,1.3632,1.87,1.00
2018.04.23 15:01:28.342,1.36302,1.36319,1.37,1.00
2018.04.23 15:01:28.746,1.36301,1.36319,1.50,1.00
2018.04.23 15:01:29.012,1.36301,1.36317,1.00,1.00
2018.04.23 15:01:30.313,1.363,1.36317,1.50,1.00
2018.04.23 15:01:30.573,1.36302,1.3632,1.00,1.87
2018.04.23 15:01:31.077,1.36304,1.3632,1.00,1.00
2018.04.23 15:01:31.625,1.36304,1.36321,1.00,1.00
2018.04.23 15:01:32.128,1.36302,1.3632,1.00,1.00
2018.04.23 15:01:32.231,1.36301,1.36318,1.00,1.87
2018.04.23 15:01:32.283,1.36299,1.36317,1.00,1.00
2018.04.23 15:01:33.088,1.363,1.36317,1.00,1.00
2018.04.23 15:01:33.685,1.36299,1.36316,1.00,1.00
2018.04.23 15:01:34.232,1.36298,1.36316,1.87,1.00
2018.04.23 15:01:34.285,1.36298,1.36314,1.00,1.00
2018.04.23 15:01:34.650,1.36296,1.36315,1.12,1.00
2018.04.23 15:01:34.702,1.36296,1.36313,1.00,1.12
2018.04.23 15:01:35.162,1.36293,1.36308,1.00,1.00
2018.04.23 15:01:35.214,1.36293,1.3631,1.00,1.00
2018.04.23 15:01:35.742,1.36294,1.3631,1.00,1.00
2018.04.23 15:01:35.895,1.36294,1.36312,1.12,1.00
2018.04.23 15:01:35.998,1.36297,1.36313,1.00,1.00
2018.04.23 15:01:36.243,1.36295,1.36313,1.00,1.00
2018.04.23 15:01:36.601,1.36293,1.36312,1.00,1.87
2018.04.23 15:01:36.706,1.36291,1.36309,1.00,1.00
2018.04.23 15:01:37.024,1.36291,1.36304,1.00,1.50
2018.04.23 15:01:37.128,1.36291,1.36309,1.00,2.62
2018.04.23 15:01:37.179,1.36287,1.36307,2.32,1.50
2018.04.23 15:01:37.338,1.36288,1.36304,1.87,1.00
2018.04.23 15:01:37.391,1.3629,1.36306,1.00,1.00
2018.04.23 15:01:37.690,1.36291,1.36308,1.50,2.25
2018.04.23 15:01:37.742,1.36291,1.36302,1.50,1.00
2018.04.23 15:01:37.794,1.36291,1.36307,1.00,1.00
2018.04.23 15:01:38.206,1.36289,1.36305,1.12,1.50
2018.04.23 15:01:38.560,1.36294,1.3631,1.12,1.00
2018.04.23 15:01:39.159,1.36293,1.36312,1.95,1.00
2018.04.23 15:01:39.711,1.36295,1.36311,1.00,1.00
2018.04.23 15:01:40.061,1.36297,1.36314,1.10,1.50
2018.04.23 15:01:40.113,1.36301,1.36317,1.10,2.25
2018.04.23 15:01:40.319,1.36301,1.36321,3.00,2.25
2018.04.23 15:01:40.421,1.36302,1.36319,1.12,1.00
2018.04.23 15:01:40.473,1.36299,1.36318,1.37,1.00
2018.04.23 15:01:40.525,1.36297,1.36316,1.87,1.00
2018.04.23 15:01:40.577,1.36296,1.36315,1.87,1.87
2018.04.23 15:01:40.733,1.36293,1.36313,1.50,1.00
2018.04.23 15:01:41.040,1.36296,1.36313,3.00,1.00
2018.04.23 15:01:41.375,1.36298,1.36314,1.00,1.00
2018.04.23 15:01:41.712,1.36296,1.36311,1.87,1.00
2018.04.23 15:01:42.237,1.36293,1.36312,1.12,1.50
2018.04.23 15:01:42.695,1.36294,1.3631,1.12,1.00
2018.04.23 15:01:43.112,1.36289,1.36306,1.57,1.00
2018.04.23 15:01:43.163,1.36287,1.36304,1.87,1.00
2018.04.23 15:01:43.372,1.36286,1.363,1.50,1.00
2018.04.23 15:01:43.476,1.36286,1.36302,2.25,1.00
2018.04.23 15:01:43.880,1.36288,1.36305,1.12,1.00
2018.04.23 15:01:44.087,1.36291,1.36307,1.00,1.00
2018.04.23 15:01:44.382,1.36294,1.36311,1.00,1.50
2018.04.23 15:01:44.484,1.36294,1.36309,1.00,1.00
2018.04.23 15:01:44.987,1.36292,1.36309,1.87,1.00
2018.04.23 15:01:45.535,1.36292,1.3631,1.87,1.00
2018.04.23 15:01:46.134,1.36293,1.36311,1.12,1.00
2018.04.23 15:01:46.616,1.36292,1.36309,1.87,1.00
2018.04.23 15:01:47.155,1.36295,1.36308,1.00,1.00
2018.04.23 15:01:47.207,1.36296,1.36311,1.50,1.50
2018.04.23 15:01:47.259,1.36294,1.36312,1.12,1.50
2018.04.23 15:01:47.467,1.36297,1.36312,1.00,1.00
2018.04.23 15:01:47.574,1.36296,1.36314,1.12,1.50
2018.04.23 15:01:48.104,1.36296,1.36313,1.12,1.00
2018.04.23 15:01:48.208,1.36296,1.36315,1.12,1.00
2018.04.23 15:01:48.313,1.36298,1.36316,1.00,1.00
2018.04.23 15:01:48.765,1.363,1.36316,1.00,1.00
2018.04.23 15:01:48.818,1.36298,1.36317,1.50,1.50
2018.04.23 15:01:48.920,1.363,1.36317,1.00,1.50
2018.04.23 15:01:49.074,1.36298,1.36316,1.12,1.00
2018.04.23 15:01:49.575,1.36298,1.36317,1.50,1.50
2018.04.23 15:01:49.783,1.36297,1.36315,1.50,1.50
2018.04.23 15:01:50.148,1.36297,1.36313,1.00,1.00
2018.04.23 15:01:50.454,1.36293,1.36312,1.50,1.00
2018.04.23 15:01:50.794,1.36293,1.36309,1.00,1.00
2018.04.23 15:01:51.322,1.36292,1.36308,1.12,1.00
2018.04.23 15:01:51.651,1.36296,1.3631,1.00,1.00
2018.04.23 15:01:52.184,1.36295,1.36309,1.00,1.00
2018.04.23 15:01:52.571,1.36293,1.3631,1.00,1.00
2018.04.23 15:01:53.561,1.36292,1.3631,1.12,1.00
2018.04.23 15:01:54.101,1.36292,1.36311,1.12,1.50
2018.04.23 15:01:54.696,1.36293,1.36311,1.00,1.50
2018.04.23 15:01:55.435,1.36292,1.36309,1.12,1.00
2018.04.23 15:01:56.087,1.36293,1.36309,1.50,1.00
2018.04.23 15:01:56.601,1.36292,1.36308,1.12,1.00
2018.04.23 15:01:57.122,1.36292,1.36309,1.50,1.00
2018.04.23 15:01:57.433,1.36293,1.36312,1.00,1.00
2018.04.23 15:01:57.735,1.36292,1.36309,1.12,1.00
2018.04.23 15:01:58.303,1.36291,1.36308,1.12,1.00
2018.04.23 15:01:58.457,1.36291,1.3631,3.37,1.50
2018.04.23 15:01:58.560,1.36291,1.36308,3.00,1.00
2018.04.23 15:01:58.612,1.36291,1.3631,2.25,1.00
2018.04.23 15:01:58.869,1.36294,1.36311,1.00,1.50
2018.04.23 15:01:59.381,1.36293,1.3631,1.00,1.00
2018.04.23 15:01:59.795,1.36291,1.3631,1.12,1.50
2018.04.23 15:01:59.955,1.36293,1.3631,1.00,1.00
2018.04.23 15:02:00.478,1.36293,1.36311,1.00,1.50
2018.04.23 15:02:00.695,1.36293,1.36313,1.87,1.00
2018.04.23 15:02:00.937,1.36294,1.36311,1.00,1.00
2018.04.23 15:02:00.989,1.36294,1.36314,1.00,1.50
2018.04.23 15:02:01.246,1.36294,1.36312,1.00,1.00
2018.04.23 15:02:01.599,1.36292,1.3631,3.37,1.00
2018.04.23 15:02:02.008,1.36291,1.36309,1.00,1.00
2018.04.23 15:02:02.183,1.36293,1.36312,2.62,1.87
2018.04.23 15:02:02.337,1.36293,1.3631,1.00,1.00
2018.04.23 15:02:02.543,1.36291,1.36312,2.25,1.12
2018.04.23 15:02:02.595,1.36294,1.36312,1.00,1.12
2018.04.23 15:02:03.101,1.36294,1.3631,1.00,1.00
2018.04.23 15:02:03.810,1.36296,1.3631,1.50,1.00
2018.04.23 15:02:04.037,1.36294,1.3631,1.00,1.00
2018.04.23 15:02:04.560,1.36293,1.3631,1.87,1.00
2018.04.23 15:02:05.196,1.36292,1.36311,1.37,1.00
2018.04.23 15:02:05.409,1.36294,1.36313,1.50,1.00
2018.04.23 15:02:05.722,1.3629,1.36311,3.00,1.12
2018.04.23 15:02:05.825,1.36293,1.3631,1.00,1.00
2018.04.23 15:02:06.185,1.36292,1.36312,2.62,1.00
2018.04.23 15:02:06.689,1.36293,1.36311,1.50,1.00
2018.04.23 15:02:07.163,1.36294,1.36313,1.12,1.00
2018.04.23 15:02:07.298,1.36301,1.36319,1.00,1.50
2018.04.23 15:02:07.405,1.36304,1.36325,3.00,1.50
2018.04.23 15:02:07.512,1.36305,1.36326,2.25,1.00
2018.04.23 15:02:07.878,1.36305,1.36324,1.50,1.00
2018.04.23 15:02:08.380,1.36306,1.36323,1.00,1.00
2018.04.23 15:02:08.638,1.363,1.36319,1.00,1.87
2018.04.23 15:02:08.970,1.363,1.36318,1.50,1.37
2018.04.23 15:02:09.022,1.363,1.3632,1.50,2.62
2018.04.23 15:02:09.570,1.36302,1.36319,1.00,1.00
2018.04.23 15:02:09.623,1.36302,1.36321,1.00,1.50
2018.04.23 15:02:10.091,1.36301,1.36319,1.00,1.00
2018.04.23 15:02:10.618,1.363,1.3632,1.50,1.00
2018.04.23 15:02:11.136,1.36303,1.36321,1.00,1.00
2018.04.23 15:02:11.380,1.36301,1.36322,1.00,1.12
2018.04.23 15:02:11.641,1.36301,1.3632,1.00,1.00
2018.04.23 15:02:12.008,1.36303,1.36321,1.00,1.00
2018.04.23 15:02:12.367,1.36308,1.36325,1.00,1.95
2018.04.23 15:02:12.421,1.36306,1.36324,1.00,1.00
2018.04.23 15:02:12.475,1.36306,1.36327,1.50,1.00
2018.04.23 15:02:12.528,1.36306,1.36324,1.50,1.00
2018.04.23 15:02:12.634,1.36304,1.36325,3.75,1.87
2018.04.23 15:02:13.222,1.36305,1.36326,1.00,2.25
2018.04.23 15:02:13.433,1.36305,1.36323,1.00,1.00
2018.04.23 15:02:13.539,1.36307,1.36326,1.50,1.00
2018.04.23 15:02:13.699,1.36305,1.36324,1.87,1.50
2018.04.23 15:02:14.020,1.36307,1.36324,1.50,1.50
2018.04.23 15:02:14.175,1.36305,1.36325,1.00,1.87
2018.04.23 15:02:14.353,1.36305,1.36322,1.00,1.00
2018.04.23 15:02:14.950,1.36304,1.36322,1.50,1.00
2018.04.23 15:02:15.200,1.36307,1.36327,2.25,1.57
2018.04.23 15:02:15.253,1.3631,1.36327,1.00,1.00
2018.04.23 15:02:15.408,1.36308,1.36327,1.00,1.00
2018.04.23 15:02:15.459,1.36308,1.36329,1.00,1.50
2018.04.23 15:02:15.824,1.36308,1.36327,1.00,1.00
2018.04.23 15:02:16.135,1.36303,1.36321,1.00,1.00
2018.04.23 15:02:16.683,1.36302,1.36321,1.00,1.00
2018.04.23 15:02:17.130,1.36299,1.36318,1.12,1.00
2018.04.23 15:02:17.288,1.363,1.3632,1.00,1.00
2018.04.23 15:02:17.641,1.36302,1.3632,1.00,1.00
2018.04.23 15:02:17.694,1.36303,1.36322,1.00,2.32
2018.04.23 15:02:17.902,1.36302,1.36319,1.00,1.00
2018.04.23 15:02:18.233,1.36304,1.36325,1.00,1.50
2018.04.23 15:02:18.441,1.36307,1.36326,1.50,1.00
2018.04.23 15:02:19.062,1.36308,1.36326,1.00,1.00
2018.04.23 15:02:19.278,1.36306,1.36326,1.00,1.00
2018.04.23 15:02:19.533,1.36305,1.36324,1.00,1.50
2018.04.23 15:02:19.879,1.36303,1.36325,1.87,1.50
2018.04.23 15:02:19.932,1.36304,1.36323,1.12,1.00
2018.04.23 15:02:20.242,1.36314,1.36332,1.00,1.00
2018.04.23 15:02:20.500,1.36314,1.36334,1.00,1.50
2018.04.23 15:02:20.640,1.36312,1.36331,3.75,1.00
2018.04.23 15:02:20.952,1.3631,1.36329,1.00,1.00
2018.04.23 15:02:21.354,1.36308,1.36328,1.50,1.00
2018.04.23 15:02:21.508,1.3631,1.36329,1.00,1.00
2018.04.23 15:02:22.083,1.3631,1.36328,2.25,1.00
2018.04.23 15:02:22.240,1.36308,1.36328,1.00,1.50
2018.04.23 15:02:22.294,1.36307,1.36319,1.00,1.00
2018.04.23 15:02:22.346,1.36307,1.36323,1.00,1.00
2018.04.23 15:02:22.398,1.36303,1.36324,2.62,1.50
2018.04.23 15:02:22.450,1.36305,1.36325,1.00,1.50
2018.04.23 15:02:22.502,1.36303,1.36324,3.37,1.00
2018.04.23 15:02:22.812,1.36305,1.36324,1.00,1.00
2018.04.23 15:02:22.977,1.36307,1.36327,1.50,1.50
2018.04.23 15:02:23.254,1.36309,1.36328,1.00,1.00
2018.04.23 15:02:23.761,1.3631,1.36329,1.00,1.50
2018.04.23 15:02:24.065,1.36311,1.36331,1.00,1.12
2018.04.23 15:02:24.119,1.36314,1.36332,1.00,1.00
2018.04.23 15:02:24.430,1.36312,1.36333,1.00,2.62
2018.04.23 15:02:24.483,1.36315,1.36334,1.00,3.37
2018.04.23 15:02:24.810,1.36319,1.36334,1.00,1.00
2018.04.23 15:02:24.863,1.36319,1.36338,1.00,1.00
2018.04.23 15:02:25.238,1.36321,1.36339,1.00,1.50
2018.04.23 15:02:25.548,1.36319,1.36338,1.00,1.12
2018.04.23 15:02:26.755,1.36318,1.36336,1.00,1.00
2018.04.23 15:02:27.212,1.36316,1.36337,1.87,1.50
2018.04.23 15:02:27.510,1.36318,1.36336,1.00,1.00
2018.04.23 15:02:28.016,1.3632,1.3634,1.00,1.87
2018.04.23 15:02:28.275,1.36318,1.36339,1.50,1.12
2018.04.23 15:02:28.435,1.3632,1.36338,1.00,1.00
2018.04.23 15:02:28.978,1.36319,1.36339,1.00,1.50
2018.04.23 15:02:29.519,1.36319,1.36338,1.00,1.00
2018.04.23 15:02:30.027,1.36319,1.36337,1.00,1.00
2018.04.23 15:02:30.537,1.36318,1.36337,1.12,1.50
2018.04.23 15:02:30.880,1.36322,1.36341,1.50,1.00
2018.04.23 15:02:30.983,1.36323,1.36344,1.37,2.25
2018.04.23 15:02:31.035,1.36326,1.36344,1.00,1.00
2018.04.23 15:02:31.341,1.36333,1.36349,1.00,1.00
2018.04.23 15:02:31.676,1.36331,1.36349,1.00,1.00
2018.04.23 15:02:31.886,1.3633,1.36347,1.00,1.50
2018.04.23 15:02:31.991,1.36327,1.36348,3.00,1.50
2018.04.23 15:02:32.095,1.36329,1.36348,1.50,1.00
2018.04.23 15:02:32.194,1.3633,1.3635,1.87,1.12
2018.04.23 15:02:32.314,1.36334,1.36349,1.00,1.00
2018.04.23 15:02:32.418,1.36332,1.36348,1.50,1.00
2018.04.23 15:02:32.470,1.36333,1.36351,1.00,1.00
2018.04.23 15:02:32.523,1.36337,1.36351,1.00,1.00
2018.04.23 15:02:32.627,1.36333,1.36352,1.87,1.00
2018.04.23 15:02:32.826,1.36334,1.36348,1.00,1.00
2018.04.23 15:02:32.929,1.36332,1.36348,1.00,1.00
2018.04.23 15:02:32.980,1.36334,1.36348,1.00,1.00
2018.04.23 15:02:33.032,1.36334,1.3635,1.00,1.00
2018.04.23 15:02:33.236,1.36334,1.36347,1.00,1.00
2018.04.23 15:02:33.288,1.36334,1.36349,1.00,1.00
2018.04.23 15:02:33.574,1.36331,1.36348,1.00,1.00
2018.04.23 15:02:33.677,1.36333,1.36347,1.00,1.00
2018.04.23 15:02:33.780,1.36335,1.3635,1.00,1.00
2018.04.23 15:02:33.832,1.36336,1.36352,1.00,1.00
2018.04.23 15:02:33.883,1.36336,1.36355,1.00,1.00
2018.04.23 15:02:33.935,1.36336,1.36353,1.87,1.00
2018.04.23 15:02:34.323,1.36334,1.36352,1.12,1.00
2018.04.23 15:02:34.374,1.36334,1.36349,1.00,1.00
2018.04.23 15:02:34.426,1.3633,1.36349,3.00,1.00
2018.04.23 15:02:34.478,1.36332,1.36348,1.00,1.00
2018.04.23 15:02:34.910,1.36335,1.36352,1.12,1.50
2018.04.23 15:02:35.118,1.36336,1.36354,1.00,1.00
2018.04.23 15:02:35.326,1.36334,1.36352,1.00,1.00
2018.04.23 15:02:35.483,1.36337,1.36356,1.50,1.50
2018.04.23 15:02:35.585,1.3634,1.36357,1.00,1.00
2018.04.23 15:02:35.695,1.36339,1.36359,2.25,1.00
2018.04.23 15:02:35.747,1.36341,1.36358,1.00,1.00
2018.04.23 15:02:35.901,1.36335,1.36355,3.82,1.00
2018.04.23 15:02:35.952,1.36339,1.36356,1.00,1.00
2018.04.23 15:02:36.004,1.36336,1.36355,1.50,1.87
2018.04.23 15:02:36.158,1.36335,1.36353,1.00,1.00
2018.04.23 15:02:36.677,1.36333,1.36351,1.95,1.00
2018.04.23 15:02:37.145,1.36332,1.36349,1.12,1.50
2018.04.23 15:02:37.695,1.36332,1.36348,1.12,1.00
2018.04.23 15:02:37.925,1.36333,1.3635,1.00,1.00
2018.04.23 15:02:37.977,1.36333,1.36352,1.87,1.50
2018.04.23 15:02:38.547,1.36334,1.36353,1.12,1.50
2018.04.23 15:02:38.811,1.36328,1.36349,2.70,1.00
2018.04.23 15:02:39.123,1.36329,1.36346,1.00,1.00
2018.04.23 15:02:39.599,1.36329,1.36348,1.00,1.50
2018.04.23 15:02:39.651,1.36328,1.36346,1.12,1.00
2018.04.23 15:02:39.960,1.36327,1.36344,1.12,1.00
2018.04.23 15:02:40.259,1.36325,1.36345,1.50,1.50
2018.04.23 15:02:40.311,1.36326,1.36343,1.00,1.00
2018.04.23 15:02:41.014,1.36325,1.36343,1.50,1.00
2018.04.23 15:02:41.546,1.36324,1.36343,1.50,1.00
2018.04.23 15:02:42.019,1.36327,1.36342,1.00,1.00
2018.04.23 15:02:42.071,1.36327,1.36344,1.50,1.00
2018.04.23 15:02:42.597,1.36326,1.36345,1.00,1.50
2018.04.23 15:02:42.791,1.36328,1.36345,1.00,1.00
2018.04.23 15:02:43.188,1.36326,1.36344,1.50,1.50
2018.04.23 15:02:43.706,1.36326,1.36343,1.00,1.00
2018.04.23 15:02:43.811,1.36326,1.36345,1.00,1.00
2018.04.23 15:02:44.327,1.36326,1.36344,1.00,1.00
2018.04.23 15:02:44.840,1.36325,1.36343,1.00,1.00
2018.04.23 15:02:45.011,1.36326,1.36345,1.00,1.00
2018.04.23 15:02:45.550,1.36325,1.36344,1.00,1.00
2018.04.23 15:02:45.602,1.36327,1.36345,1.00,1.00
2018.04.23 15:02:46.401,1.3633,1.36346,1.00,1.00
2018.04.23 15:02:46.454,1.36332,1.3635,1.00,1.50
2018.04.23 15:02:46.610,1.36334,1.36351,1.00,1.00
2018.04.23 15:02:46.661,1.36332,1.36352,1.00,1.50
2018.04.23 15:02:46.816,1.36332,1.3635,1.00,1.00
2018.04.23 15:02:47.077,1.36331,1.36352,2.62,1.50
2018.04.23 15:02:47.128,1.36332,1.3635,1.00,1.00
2018.04.23 15:02:47.595,1.3633,1.36348,2.25,1.00
2018.04.23 15:02:47.922,1.36328,1.36346,1.00,1.00
2018.04.23 15:02:48.130,1.3633,1.36349,1.87,1.50
2018.04.23 15:02:48.184,1.3633,1.36351,1.87,1.00
2018.04.23 15:02:48.237,1.36332,1.36351,1.00,1.50
2018.04.23 15:02:48.291,1.3633,1.3635,1.00,1.50
2018.04.23 15:02:48.395,1.36328,1.3635,1.50,2.25
2018.04.23 15:02:48.788,1.3633,1.3635,1.00,2.25
2018.04.23 15:02:49.153,1.36333,1.3635,1.00,1.00
2018.04.23 15:02:49.683,1.36332,1.36349,1.00,1.00
2018.04.23 15:02:49.787,1.3633,1.36348,1.50,1.00
2018.04.23 15:02:49.838,1.3633,1.3635,1.50,1.50
2018.04.23 15:02:49.890,1.36332,1.36349,1.00,1.00
2018.04.23 15:02:50.148,1.3633,1.36349,1.00,1.00
2018.04.23 15:02:50.538,1.36332,1.36349,1.00,1.00
2018.04.23 15:02:50.697,1.3633,1.36349,1.50,1.50
2018.04.23 15:02:51.005,1.36329,1.36347,1.00,1.00
2018.04.23 15:02:51.837,1.36327,1.36347,1.50,1.00
2018.04.23 15:02:51.888,1.36329,1.36347,1.00,1.00
2018.04.23 15:02:52.216,1.36332,1.36348,1.00,1.00
2018.04.23 15:02:52.268,1.3633,1.36348,1.00,1.00
2018.04.23 15:02:52.728,1.36332,1.36347,1.00,1.00
2018.04.23 15:02:52.780,1.36329,1.36345,1.00,1.00
2018.04.23 15:02:52.832,1.36328,1.36343,1.00,1.00
2018.04.23 15:02:52.935,1.36323,1.36339,1.50,1.00
2018.04.23 15:02:53.147,1.36327,1.36344,1.00,1.50
2018.04.23 15:02:53.252,1.36327,1.36346,1.50,1.00
2018.04.23 15:02:53.357,1.36329,1.36347,1.00,1.00
2018.04.23 15:02:53.720,1.36327,1.36345,1.50,1.00
2018.04.23 15:02:54.234,1.36328,1.36345,1.00,1.00
2018.04.23 15:02:54.564,1.36329,1.36347,1.00,1.00
2018.04.23 15:02:54.710,1.36329,1.36345,1.00,1.00
2018.04.23 15:02:55.172,1.3633,1.36348,1.00,1.87
2018.04.23 15:02:55.225,1.3633,1.36346,1.00,1.00
2018.04.23 15:02:55.697,1.36328,1.36344,1.00,1.00
2018.04.23 15:02:55.853,1.36325,1.36342,1.00,1.00
2018.04.23 15:02:56.389,1.36324,1.36342,1.50,1.00
2018.04.23 15:02:56.492,1.36323,1.36338,1.00,1.00
2018.04.23 15:02:56.543,1.36319,1.36337,3.00,1.00
2018.04.23 15:02:56.595,1.36321,1.36339,1.00,1.00
2018.04.23 15:02:57.185,1.36321,1.3634,1.00,1.50
2018.04.23 15:02:57.728,1.36321,1.36339,1.00,1.00
2018.04.23 15:02:58.620,1.36321,1.36338,1.00,1.00
2018.04.23 15:02:59.153,1.36321,1.36339,1.00,1.50
2018.04.23 15:02:59.784,1.36321,1.36337,1.00,1.00
2018.04.23 15:02:59.836,1.36319,1.36338,1.50,1.00
2018.04.23 15:03:00.375,1.3632,1.36339,1.00,1.00
2018.04.23 15:03:00.837,1.3632,1.36336,1.00,1.00
2018.04.23 15:03:01.161,1.36318,1.36335,1.50,1.00
2018.04.23 15:03:01.669,1.36317,1.36336,1.00,1.00
2018.04.23 15:03:01.883,1.36319,1.36338,1.00,1.00
2018.04.23 15:03:02.244,1.36318,1.36336,1.00,1.00
2018.04.23 15:03:02.545,1.36318,1.36334,1.00,1.00
2018.04.23 15:03:03.073,1.36317,1.36334,1.00,1.00
2018.04.23 15:03:03.796,1.36318,1.36334,1.00,1.00
2018.04.23 15:03:03.849,1.36316,1.36335,1.50,1.50
2018.04.23 15:03:03.952,1.36315,1.36333,1.12,1.00
2018.04.23 15:03:04.526,1.36314,1.36333,1.50,1.00
2018.04.23 15:03:05.166,1.36317,1.36334,1.37,1.00
2018.04.23 15:03:05.477,1.3632,1.36334,1.00,1.00
2018.04.23 15:03:06.331,1.3632,1.36338,1.00,1.00
2018.04.23 15:03:07.119,1.3632,1.36337,1.00,1.00
2018.04.23 15:03:07.672,1.36319,1.36338,1.00,1.50
2018.04.23 15:03:07.879,1.36319,1.36336,1.00,1.00
2018.04.23 15:03:08.170,1.3632,1.36338,1.50,1.57
2018.04.23 15:03:08.865,1.36321,1.36339,1.50,2.25
2018.04.23 15:03:09.355,1.36318,1.36338,1.50,1.00
2018.04.23 15:03:09.407,1.3632,1.36338,1.00,1.00
2018.04.23 15:03:09.814,1.36318,1.36338,1.50,1.00
2018.04.23 15:03:09.865,1.3632,1.36338,1.00,1.00
2018.04.23 15:03:10.069,1.36318,1.36338,1.50,1.00
2018.04.23 15:03:10.742,1.36321,1.36338,1.00,1.00
2018.04.23 15:03:11.792,1.36321,1.36339,1.00,2.25
2018.04.23 15:03:12.224,1.36319,1.36335,1.00,1.00
2018.04.23 15:03:12.578,1.36322,1.36337,1.00,1.00
2018.04.23 15:03:12.680,1.36322,1.3634,1.00,1.50
2018.04.23 15:03:13.223,1.36323,1.3634,1.00,1.00
2018.04.23 15:03:14.041,1.36322,1.3634,1.00,1.00
2018.04.23 15:03:15.018,1.36321,1.3634,1.00,2.25
2018.04.23 15:03:15.536,1.3632,1.3634,1.50,2.25
2018.04.23 15:03:15.750,1.3632,1.36338,1.50,1.00
2018.04.23 15:03:15.932,1.36314,1.36333,1.00,1.12
2018.04.23 15:03:15.984,1.36312,1.36329,3.00,1.50
2018.04.23 15:03:16.037,1.36308,1.36328,2.25,1.00
2018.04.23 15:03:16.192,1.3631,1.36329,1.50,2.25
2018.04.23 15:03:16.733,1.36311,1.36329,1.00,1.50
2018.04.23 15:03:17.272,1.36312,1.36329,1.00,1.00
2018.04.23 15:03:17.972,1.36311,1.36329,1.00,1.50
2018.04.23 15:03:18.743,1.3631,1.36329,2.25,1.00
2018.04.23 15:03:19.089,1.36313,1.36332,1.87,1.00
2018.04.23 15:03:19.655,1.36313,1.36331,1.00,1.00
2018.04.23 15:03:19.793,1.36311,1.36331,2.25,1.00
2018.04.23 15:03:20.089,1.36313,1.36331,1.00,1.00
2018.04.23 15:03:20.615,1.36312,1.3633,1.00,1.00
2018.04.23 15:03:21.186,1.36311,1.3633,1.50,1.00
2018.04.23 15:03:21.587,1.36312,1.36328,1.00,1.00
2018.04.23 15:03:22.123,1.3631,1.36328,1.50,1.00
2018.04.23 15:03:22.732,1.36309,1.36328,1.50,1.50
2018.04.23 15:03:23.149,1.36311,1.3633,1.50,1.00
2018.04.23 15:03:23.459,1.36311,1.36328,1.00,1.00
2018.04.23 15:03:23.607,1.36311,1.3633,1.00,1.50
2018.04.23 15:03:24.080,1.3631,1.36327,1.00,1.00
2018.04.23 15:03:24.880,1.36311,1.36327,1.00,1.00
2018.04.23 15:03:25.563,1.36312,1.36332,1.87,2.25
2018.04.23 15:03:25.615,1.36314,1.36332,1.00,1.00
2018.04.23 15:03:26.060,1.36316,1.36332,1.00,1.00
2018.04.23 15:03:26.112,1.36313,1.36333,1.12,1.00
2018.04.23 15:03:26.166,1.36315,1.36333,1.00,1.00
2018.04.23 15:03:26.494,1.36318,1.36336,1.12,1.00
2018.04.23 15:03:27.019,1.36319,1.36338,1.00,1.50
2018.04.23 15:03:27.197,1.36321,1.36337,1.00,1.00
2018.04.23 15:03:27.404,1.36318,1.36338,1.50,1.50
2018.04.23 15:03:27.457,1.36318,1.36336,1.50,1.00
2018.04.23 15:03:27.509,1.36318,1.36338,1.00,1.50
2018.04.23 15:03:27.734,1.36318,1.36334,1.00,1.00
2018.04.23 15:03:27.786,1.36316,1.36334,1.50,1.00
2018.04.23 15:03:28.114,1.36314,1.36332,1.50,1.50
2018.04.23 15:03:28.422,1.36317,1.36335,1.00,1.00
2018.04.23 15:03:28.474,1.36314,1.36335,2.62,2.25
2018.04.23 15:03:28.525,1.36319,1.36335,1.00,1.00
2018.04.23 15:03:29.043,1.36318,1.36335,1.00,1.00
2018.04.23 15:03:29.545,1.36317,1.36335,1.00,1.50
2018.04.23 15:03:31.231,1.36324,1.36335,1.00,1.50
2018.04.23 15:03:31.642,1.36322,1.36333,1.00,1.00
2018.04.23 15:03:31.848,1.3632,1.36332,1.00,1.00
2018.04.23 15:03:32.232,1.36318,1.36331,1.00,1.00
2018.04.23 15:03:32.596,1.36317,1.36328,1.00,1.00
2018.04.23 15:03:32.901,1.36321,1.36331,1.00,1.50
2018.04.23 15:03:33.108,1.36324,1.36335,1.00,1.00
2018.04.23 15:03:33.262,1.36322,1.36331,1.00,1.00
2018.04.23 15:03:33.314,1.36319,1.36332,1.00,1.00
2018.04.23 15:03:33.366,1.3632,1.3633,1.00,1.00
2018.04.23 15:03:33.888,1.3632,1.36331,1.00,1.00
2018.04.23 15:03:34.008,1.36321,1.36333,1.00,1.50
2018.04.23 15:03:34.256,1.36318,1.36329,1.00,1.00
2018.04.23 15:03:34.570,1.36316,1.3633,1.00,1.50
2018.04.23 15:03:35.076,1.36316,1.36329,1.00,1.00
2018.04.23 15:03:35.589,1.36314,1.36329,1.00,1.00
2018.04.23 15:03:36.122,1.36315,1.36328,1.00,1.00
2018.04.23 15:03:36.960,1.36314,1.36326,1.00,1.00
2018.04.23 15:03:37.395,1.36315,1.36328,1.00,1.00
2018.04.23 15:03:37.513,1.36316,1.36326,1.00,1.00
2018.04.23 15:03:38.019,1.36316,1.36327,1.00,1.00
2018.04.23 15:03:38.280,1.36316,1.36332,1.00,1.50
2018.04.23 15:03:38.457,1.36321,1.36331,1.00,1.00
2018.04.23 15:03:38.563,1.36321,1.36333,1.00,1.50
2018.04.23 15:03:38.616,1.36323,1.36333,1.00,1.50
2018.04.23 15:03:39.027,1.36321,1.36333,1.00,1.50
2018.04.23 15:03:39.229,1.36323,1.36333,1.00,1.00
2018.04.23 15:03:39.591,1.36321,1.36333,1.00,1.00
2018.04.23 15:03:40.159,1.3632,1.36333,1.00,1.00
2018.04.23 15:03:40.210,1.36323,1.36333,1.00,1.00
2018.04.23 15:03:40.749,1.36323,1.36336,1.00,1.00
2018.04.23 15:03:41.279,1.36324,1.36336,1.00,1.00
2018.04.23 15:03:41.332,1.36326,1.36338,1.00,1.50
2018.04.23 15:03:41.860,1.36325,1.36337,1.00,1.00
2018.04.23 15:03:42.396,1.36326,1.36338,1.00,1.50
2018.04.23 15:03:42.805,1.36325,1.36336,1.00,1.00
2018.04.23 15:03:43.404,1.36326,1.36336,1.00,1.00
2018.04.23 15:03:43.612,1.36324,1.36335,1.00,1.00
2018.04.23 15:03:44.296,1.36323,1.36335,1.00,1.00
2018.04.23 15:03:44.884,1.36322,1.36335,1.00,1.50
2018.04.23 15:03:44.989,1.36324,1.36335,1.00,1.00
2018.04.23 15:03:45.515,1.36325,1.36335,1.00,1.00
2018.04.23 15:03:45.692,1.36323,1.36335,1.00,1.00
2018.04.23 15:03:46.572,1.36322,1.36335,1.00,1.00
2018.04.23 15:03:46.739,1.36324,1.36335,1.00,1.00
2018.04.23 15:03:47.115,1.36322,1.36335,1.00,1.00
2018.04.23 15:03:47.625,1.36323,1.36335,1.00,1.00
2018.04.23 15:03:48.270,1.36322,1.36334,1.00,1.00
2018.04.23 15:03:48.481,1.36321,1.36332,1.00,1.00
2018.04.23 15:03:48.534,1.3632,1.36334,1.00,1.50
2018.04.23 15:03:48.587,1.36315,1.36328,1.00,1.37
2018.04.23 15:03:48.768,1.36311,1.36324,1.00,1.50
2018.04.23 15:03:48.922,1.36314,1.36324,1.00,1.50
2018.04.23 15:03:49.234,1.36316,1.36329,1.00,1.00
2018.04.23 15:03:49.337,1.36316,1.36327,1.00,1.00
2018.04.23 15:03:49.991,1.36315,1.36327,1.00,1.00
2018.04.23 15:03:50.550,1.36316,1.36327,1.00,1.00
2018.04.23 15:03:51.091,1.36315,1.36327,1.00,1.00
2018.04.23 15:03:51.627,1.36315,1.36326,1.00,1.00
2018.04.23 15:03:52.163,1.36314,1.36326,1.00,1.00
2018.04.23 15:03:52.689,1.36313,1.36326,1.00,1.00
2018.04.23 15:03:53.356,1.36315,1.36326,1.00,1.00
2018.04.23 15:03:53.892,1.36313,1.36326,1.00,1.00
2018.04.23 15:03:54.099,1.36315,1.36326,1.00,1.00
2018.04.23 15:03:54.386,1.36315,1.36328,1.00,1.50
2018.04.23 15:03:54.490,1.36313,1.36328,1.00,1.50
2018.04.23 15:03:54.879,1.36313,1.36326,1.00,1.00
2018.04.23 15:03:55.137,1.36313,1.36328,1.00,1.00
2018.04.23 15:03:55.190,1.36317,1.36328,1.00,1.00
2018.04.23 15:03:55.524,1.36319,1.36329,1.00,1.00
2018.04.23 15:03:55.762,1.36317,1.36329,1.00,1.00
2018.04.23 15:03:55.813,1.36319,1.36329,1.00,1.00
2018.04.23 15:03:56.343,1.36318,1.36329,1.00,1.00
2018.04.23 15:03:56.831,1.36321,1.36329,1.00,1.00
2018.04.23 15:03:56.935,1.3632,1.36333,1.00,1.00
2018.04.23 15:03:57.197,1.36323,1.36334,1.00,1.50
2018.04.23 15:03:57.913,1.36322,1.36334,1.00,1.50
2018.04.23 15:03:58.639,1.36323,1.36334,1.00,1.00
2018.04.23 15:03:58.690,1.36323,1.36336,1.00,2.25
2018.04.23 15:03:59.616,1.36323,1.36334,1.00,1.00
2018.04.23 15:04:00.132,1.36323,1.36335,1.00,1.00
2018.04.23 15:04:00.693,1.36322,1.36335,1.00,1.00
2018.04.23 15:04:01.360,1.36322,1.36336,1.00,1.00
2018.04.23 15:04:01.982,1.36322,1.36335,1.00,1.00
2018.04.23 15:04:02.137,1.36323,1.36337,1.00,1.50
2018.04.23 15:04:02.781,1.36324,1.36337,1.00,1.50
2018.04.23 15:04:02.832,1.36322,1.36335,1.00,1.00
2018.04.23 15:04:03.336,1.36323,1.36335,1.00,1.00
2018.04.23 15:04:03.921,1.36322,1.36335,1.00,1.00
2018.04.23 15:04:04.459,1.36322,1.36333,1.00,1.00
2018.04.23 15:04:04.987,1.36321,1.36334,1.00,1.00
2018.04.23 15:04:05.225,1.36324,1.36338,1.00,1.00
2018.04.23 15:04:05.277,1.36326,1.36338,1.00,1.00
2018.04.23 15:04:05.381,1.36327,1.3634,1.00,1.50
2018.04.23 15:04:05.432,1.36329,1.36341,1.00,1.00
2018.04.23 15:04:05.535,1.36329,1.36343,1.00,1.00
2018.04.23 15:04:06.064,1.3633,1.36344,1.00,1.50
2018.04.23 15:04:06.477,1.36333,1.36344,1.00,1.00
2018.04.23 15:04:06.581,1.3633,1.36344,1.00,1.50
2018.04.23 15:04:06.713,1.36332,1.36343,1.00,1.00
2018.04.23 15:04:07.220,1.36331,1.36344,1.00,1.50
2018.04.23 15:04:07.777,1.36331,1.36343,1.00,1.00
2018.04.23 15:04:08.436,1.36331,1.36342,1.00,1.00
2018.04.23 15:04:08.874,1.36324,1.36342,1.50,1.00
2018.04.23 15:04:09.398,1.36323,1.36342,1.12,1.00
2018.04.23 15:04:09.941,1.36323,1.36341,1.12,1.50
2018.04.23 15:04:10.098,1.36321,1.36341,1.00,1.00
2018.04.23 15:04:10.150,1.3632,1.36337,2.25,1.00
2018.04.23 15:04:10.454,1.36314,1.36332,1.50,1.00
2018.04.23 15:04:10.631,1.36316,1.36334,1.00,1.00
2018.04.23 15:04:11.736,1.36317,1.36334,1.00,1.00
2018.04.23 15:04:12.276,1.36319,1.36334,1.00,1.00
2018.04.23 15:04:12.380,1.3632,1.36338,1.00,1.50
2018.04.23 15:04:12.432,1.36321,1.3634,1.00,1.50
2018.04.23 15:04:12.955,1.36322,1.36342,1.00,1.50
2018.04.23 15:04:13.499,1.36322,1.36341,1.00,1.00
2018.04.23 15:04:14.231,1.36323,1.36341,1.00,1.50
2018.04.23 15:04:14.298,1.36325,1.36341,1.00,1.00
2018.04.23 15:04:14.402,1.36323,1.36341,1.50,1.50
2018.04.23 15:04:17.231,1.36322,1.36341,1.00,1.50
2018.04.23 15:04:17.840,1.36323,1.36341,1.00,1.50
2018.04.23 15:04:18.444,1.36322,1.36341,1.50,1.50
2018.04.23 15:04:18.962,1.36321,1.36341,1.50,1.00
2018.04.23 15:04:19.468,1.36322,1.3634,1.00,1.00
2018.04.23 15:04:21.268,1.36321,1.36341,1.00,1.50
2018.04.23 15:04:21.958,1.36322,1.3634,1.00,1.00
2018.04.23 15:04:22.508,1.36321,1.36339,2.25,1.00
2018.04.23 15:04:22.711,1.36323,1.36341,1.00,1.00
2018.04.23 15:04:23.676,1.36324,1.36341,1.50,1.00
2018.04.23 15:04:25.066,1.36325,1.36341,1.00,1.00
2018.04.23 15:04:25.217,1.36323,1.36341,1.00,1.00
2018.04.23 15:04:25.319,1.36325,1.36341,1.00,1.00
2018.04.23 15:04:26.558,1.36326,1.36341,1.00,1.00
2018.04.23 15:04:28.238,1.36326,1.36344,1.00,1.87
2018.04.23 15:04:28.692,1.36328,1.36344,1.50,1.00
2018.04.23 15:04:28.796,1.36333,1.3635,1.00,1.00
2018.04.23 15:04:29.291,1.36332,1.36348,1.00,1.00
2018.04.23 15:04:29.806,1.36331,1.36349,1.50,1.00
2018.04.23 15:04:30.131,1.36332,1.36346,1.00,1.00
2018.04.23 15:04:30.205,1.36322,1.3634,1.00,1.00
2018.04.23 15:04:30.258,1.36321,1.36338,1.00,1.00
2018.04.23 15:04:30.868,1.36321,1.36339,1.50,1.00
2018.04.23 15:04:31.582,1.3632,1.36339,1.00,1.00
2018.04.23 15:04:31.984,1.36322,1.36339,1.00,1.00
2018.04.23 15:04:32.604,1.36321,1.36339,1.00,1.00
2018.04.23 15:04:33.077,1.36322,1.36342,1.00,1.57
2018.04.23 15:04:33.130,1.36325,1.36343,1.00,1.50
2018.04.23 15:04:33.447,1.36324,1.3634,1.00,1.00
2018.04.23 15:04:33.554,1.36322,1.36341,1.00,1.00
2018.04.23 15:04:33.864,1.36323,1.36343,1.00,1.50
2018.04.23 15:04:33.915,1.36323,1.36341,1.00,1.00
2018.04.23 15:04:34.375,1.36325,1.36342,1.00,1.00
2018.04.23 15:04:34.530,1.36322,1.36342,1.50,1.10
2018.04.23 15:04:34.581,1.36323,1.36339,1.00,1.00
2018.04.23 15:04:34.740,1.36325,1.36342,1.00,1.00
2018.04.23 15:04:35.243,1.36325,1.36341,1.00,1.00
2018.04.23 15:04:35.295,1.36323,1.36342,1.00,1.50
2018.04.23 15:04:35.348,1.36326,1.36342,1.00,1.00
2018.04.23 15:04:36.066,1.36325,1.36342,2.25,1.00
2018.04.23 15:04:37.190,1.36323,1.3634,1.00,1.00
2018.04.23 15:04:37.557,1.36323,1.36342,1.00,1.50
2018.04.23 15:04:37.985,1.36323,1.3634,1.00,1.00
2018.04.23 15:04:38.582,1.36324,1.3634,1.00,1.00
2018.04.23 15:04:39.091,1.36322,1.3634,1.00,1.00
2018.04.23 15:04:39.634,1.36322,1.36339,1.00,1.00
2018.04.23 15:04:40.207,1.36321,1.36339,2.25,1.00
2018.04.23 15:04:40.541,1.3633,1.36346,1.00,1.00
2018.04.23 15:04:40.607,1.3633,1.36348,1.00,1.50
2018.04.23 15:04:40.762,1.36331,1.36346,1.00,1.00
2018.04.23 15:04:41.612,1.3633,1.36346,1.50,1.00
2018.04.23 15:04:42.150,1.36329,1.36346,1.00,1.00
2018.04.23 15:04:42.848,1.3633,1.36346,1.00,1.00
2018.04.23 15:04:43.296,1.36328,1.36336,1.00,1.00
2018.04.23 15:04:43.349,1.36323,1.36333,1.00,1.00
2018.04.23 15:04:43.402,1.36323,1.36327,1.00,1.50
2018.04.23 15:04:43.455,1.3631,1.36322,1.00,1.00
2018.04.23 15:04:43.507,1.36306,1.36322,1.00,1.00
2018.04.23 15:04:43.743,1.36304,1.36322,1.50,1.00
2018.04.23 15:04:44.000,1.36306,1.36322,1.00,1.00
2018.04.23 15:04:44.226,1.36311,1.36329,1.00,1.00
2018.04.23 15:04:44.329,1.36313,1.36329,1.00,1.00
2018.04.23 15:04:44.835,1.36314,1.36329,1.00,1.00
2018.04.23 15:04:45.386,1.36316,1.36333,1.00,1.00
2018.04.23 15:04:45.473,1.36316,1.36335,1.00,1.00
2018.04.23 15:04:45.578,1.36319,1.36336,1.00,1.00
2018.04.23 15:04:45.884,1.3632,1.3634,1.87,1.00
2018.04.23 15:04:45.936,1.36323,1.36344,1.50,1.07
2018.04.23 15:04:46.271,1.3632,1.36338,1.00,1.00
2018.04.23 15:04:47.073,1.36319,1.36337,1.00,1.00
2018.04.23 15:04:47.621,1.36318,1.36336,2.25,1.00
2018.04.23 15:04:49.169,1.36318,1.36338,1.00,2.25
2018.04.23 15:04:49.704,1.36319,1.36337,1.00,1.00
2018.04.23 15:04:51.389,1.3632,1.36337,1.00,1.00
2018.04.23 15:04:51.899,1.36319,1.36337,1.00,1.00
2018.04.23 15:04:52.483,1.3632,1.3634,1.00,1.10
2018.04.23 15:04:52.535,1.3632,1.36338,2.25,1.00
2018.04.23 15:04:53.121,1.3632,1.36337,1.00,1.00
2018.04.23 15:04:53.645,1.36319,1.36337,1.50,1.00
2018.04.23 15:04:54.063,1.36321,1.36337,1.00,1.00
2018.04.23 15:04:54.942,1.36321,1.36338,1.50,1.00
2018.04.23 15:04:55.484,1.3632,1.36339,1.00,1.50
2018.04.23 15:04:56.017,1.36321,1.36339,1.00,1.00
2018.04.23 15:04:56.318,1.36321,1.36336,1.50,1.00
2018.04.23 15:04:57.889,1.36321,1.36337,1.50,1.00
2018.04.23 15:04:57.941,1.36321,1.36339,2.25,1.00
2018.04.23 15:04:59.731,1.36321,1.36336,1.00,1.00
2018.04.23 15:05:01.994,1.3632,1.36336,1.00,1.00
2018.04.23 15:05:02.986,1.36321,1.36336,1.00,1.00
2018.04.23 15:05:03.308,1.36321,1.36338,1.50,1.00
2018.04.23 15:05:03.939,1.36319,1.36337,1.00,1.00
2018.04.23 15:05:04.554,1.3632,1.36337,1.00,1.00
2018.04.23 15:05:05.846,1.3632,1.36336,1.00,1.00
2018.04.23 15:05:06.791,1.36319,1.36336,1.50,1.00
2018.04.23 15:05:08.149,1.36319,1.36335,1.00,1.00
2018.04.23 15:05:08.678,1.3632,1.36335,1.00,1.00
2018.04.23 15:05:10.910,1.36321,1.36335,1.00,1.00
2018.04.23 15:05:12.012,1.3632,1.36336,1.50,1.00
2018.04.23 15:05:12.601,1.36325,1.36341,1.00,1.00
2018.04.23 15:05:12.654,1.36328,1.36345,1.00,1.50
2018.04.23 15:05:12.848,1.36329,1.36341,1.00,1.00
2018.04.23 15:05:12.899,1.36325,1.36342,3.00,1.00
2018.04.23 15:05:13.153,1.36326,1.3634,1.00,1.00
2018.04.23 15:05:13.204,1.36323,1.3634,1.00,1.00
2018.04.23 15:05:13.873,1.36324,1.36341,1.00,1.00
2018.04.23 15:05:14.530,1.36323,1.36341,1.00,1.00
2018.04.23 15:05:15.260,1.36322,1.36341,1.50,1.00
2018.04.23 15:05:15.870,1.36323,1.36341,1.00,1.00
2018.04.23 15:05:15.930,1.36322,1.36339,2.25,1.00
2018.04.23 15:05:16.550,1.36323,1.36339,1.00,1.00
2018.04.23 15:05:16.653,1.36321,1.36338,1.50,1.00
2018.04.23 15:05:17.556,1.36322,1.36338,1.50,1.00
2018.04.23 15:05:17.608,1.36321,1.3634,3.00,1.00
2018.04.23 15:05:17.660,1.36323,1.3634,1.00,1.00
2018.04.23 15:05:18.078,1.36322,1.36338,1.00,1.00
2018.04.23 15:05:18.181,1.36322,1.3634,1.00,1.00
2018.04.23 15:05:19.183,1.36324,1.3634,1.00,1.00
2018.04.23 15:05:19.663,1.36324,1.36342,1.00,1.00
2018.04.23 15:05:19.721,1.3633,1.36346,1.00,1.57
2018.04.23 15:05:20.029,1.36333,1.36349,1.00,1.00
2018.04.23 15:05:20.543,1.36333,1.3635,1.00,1.50
2018.04.23 15:05:21.132,1.36333,1.36349,1.00,1.00
2018.04.23 15:05:21.674,1.36332,1.3635,1.50,1.00
2018.04.23 15:05:22.210,1.36333,1.36349,1.00,1.00
2018.04.23 15:05:23.557,1.36333,1.36348,1.00,1.00
2018.04.23 15:05:24.069,1.36332,1.36348,1.50,1.00
2018.04.23 15:05:24.761,1.36333,1.36349,1.00,1.00
2018.04.23 15:05:25.406,1.36333,1.36348,1.00,1.00
2018.04.23 15:05:26.026,1.36333,1.36347,1.00,1.00
2018.04.23 15:05:26.078,1.36331,1.36348,1.00,1.50
2018.04.23 15:05:26.520,1.3633,1.36346,1.50,1.00
2018.04.23 15:05:26.738,1.36328,1.36346,1.00,1.50
2018.04.23 15:05:27.014,1.36327,1.36343,1.00,1.00
2018.04.23 15:05:27.065,1.36323,1.36341,1.50,1.50
2018.04.23 15:05:27.118,1.36325,1.36341,1.00,1.50
2018.04.23 15:05:27.606,1.36329,1.36345,1.00,1.50
2018.04.23 15:05:27.796,1.3633,1.36347,1.00,1.00
2018.04.23 15:05:28.519,1.3633,1.36348,1.00,1.50
2018.04.23 15:05:28.571,1.36332,1.36348,1.00,1.00
2018.04.23 15:05:29.109,1.36331,1.36347,1.00,1.00
2018.04.23 15:05:31.014,1.3633,1.36347,1.00,1.00
2018.04.23 15:05:32.367,1.3633,1.36346,1.00,1.00
2018.04.23 15:05:32.896,1.36329,1.36347,1.12,1.00
2018.04.23 15:05:33.238,1.36331,1.36347,1.00,1.50
2018.04.23 15:05:33.489,1.36329,1.36347,1.12,1.50
2018.04.23 15:05:33.541,1.36331,1.36347,1.00,1.50
2018.04.23 15:05:34.089,1.3633,1.36347,1.00,1.00
2018.04.23 15:05:34.700,1.36329,1.36347,1.12,1.00
2018.04.23 15:05:35.226,1.36329,1.36345,1.12,1.00
2018.04.23 15:05:35.767,1.36329,1.36346,1.12,1.00
2018.04.23 15:05:36.139,1.36331,1.36346,1.00,1.00
2018.04.23 15:05:36.190,1.36328,1.36346,1.50,1.50
2018.04.23 15:05:36.717,1.3633,1.36346,1.00,1.00
2018.04.23 15:05:37.231,1.36329,1.36345,1.12,1.00
2018.04.23 15:05:37.818,1.36328,1.36346,1.50,1.00
2018.04.23 15:05:38.332,1.3633,1.36346,1.00,1.50
2018.04.23 15:05:39.256,1.36328,1.36346,1.50,1.50
2018.04.23 15:05:39.788,1.36329,1.36345,1.12,1.50
2018.04.23 15:05:40.325,1.36328,1.36346,1.50,1.50
2018.04.23 15:05:40.929,1.3633,1.36345,1.00,1.00
2018.04.23 15:05:42.084,1.36329,1.36345,1.00,1.50
2018.04.23 15:05:42.189,1.36325,1.36341,1.00,1.50
2018.04.23 15:05:42.718,1.36324,1.3634,1.00,1.50
2018.04.23 15:05:43.260,1.36325,1.36341,1.00,1.50
2018.04.23 15:05:43.828,1.36324,1.3634,1.00,1.50
2018.04.23 15:05:44.559,1.36321,1.36339,2.25,1.50
2018.04.23 15:05:45.126,1.36322,1.36338,1.00,1.00
2018.04.23 15:05:45.739,1.36321,1.36338,2.25,1.00
2018.04.23 15:05:46.626,1.36322,1.36338,1.00,1.50
2018.04.23 15:05:46.956,1.3632,1.36337,1.00,1.50
2018.04.23 15:05:47.506,1.3632,1.36336,1.50,1.00
2018.04.23 15:05:48.008,1.3632,1.36337,1.00,1.00
2018.04.23 15:05:48.764,1.3632,1.36336,1.00,1.00
2018.04.23 15:05:49.821,1.36319,1.36336,1.50,1.00
2018.04.23 15:05:50.429,1.36319,1.36335,1.00,1.00
2018.04.23 15:05:50.587,1.36319,1.36337,1.00,1.00
2018.04.23 15:05:50.894,1.36319,1.36335,1.00,1.00
2018.04.23 15:05:50.946,1.36319,1.36337,1.00,1.00
2018.04.23 15:05:51.413,1.36319,1.36334,1.00,1.00
2018.04.23 15:05:51.776,1.36316,1.36334,1.50,1.00
2018.04.23 15:05:52.217,1.36317,1.36336,1.12,1.00
2018.04.23 15:05:52.321,1.36317,1.36334,1.00,1.00
2018.04.23 15:05:52.928,1.36316,1.36335,1.87,1.00
2018.04.23 15:05:53.240,1.36311,1.36327,1.50,1.00
2018.04.23 15:05:53.774,1.36311,1.36328,1.50,1.00
2018.04.23 15:05:55.843,1.36311,1.36327,1.00,1.00
2018.04.23 15:05:57.731,1.36311,1.36328,1.50,1.00
2018.04.23 15:05:58.217,1.36316,1.36329,1.00,1.00
2018.04.23 15:05:58.324,1.36311,1.36328,1.50,1.00
2018.04.23 15:05:58.375,1.36315,1.3633,1.00,1.00
2018.04.23 15:05:58.504,1.36312,1.3633,1.00,1.00
2018.04.23 15:05:59.565,1.36316,1.3633,1.00,1.00
2018.04.23 15:05:59.732,1.36312,1.36331,1.00,1.00
2018.04.23 15:06:00.172,1.36312,1.36331,1.00,1.87
2018.04.23 15:06:00.431,1.36312,1.36331,1.00,1.00
2018.04.23 15:06:01.250,1.3631,1.36331,2.25,1.50
2018.04.23 15:06:01.303,1.3631,1.3633,1.00,1.50
2018.04.23 15:06:01.835,1.36311,1.3633,1.00,1.00
2018.04.23 15:06:03.574,1.3631,1.3633,1.00,1.00
2018.04.23 15:06:04.380,1.36311,1.3633,1.00,1.50
2018.04.23 15:06:05.824,1.36309,1.3633,1.00,1.00
2018.04.23 15:06:06.344,1.3631,1.3633,1.00,1.00
2018.04.23 15:06:06.867,1.36311,1.3633,1.00,1.00
2018.04.23 15:06:07.256,1.3631,1.36328,1.50,1.00
2018.04.23 15:06:08.605,1.3631,1.3633,1.50,1.50
2018.04.23 15:06:09.136,1.36311,1.3633,1.00,1.00
2018.04.23 15:06:09.314,1.36311,1.36328,1.00,1.00
2018.04.23 15:06:09.951,1.3631,1.36328,1.50,1.00
2018.04.23 15:06:10.055,1.36307,1.36328,2.62,1.50
2018.04.23 15:06:10.593,1.36308,1.36327,1.00,1.00
2018.04.23 15:06:10.785,1.36308,1.36329,1.00,2.25
2018.04.23 15:06:11.393,1.36308,1.36327,1.00,1.00
2018.04.23 15:06:13.055,1.36309,1.36328,1.12,1.00
2018.04.23 15:06:13.600,1.36308,1.36327,1.37,1.00
2018.04.23 15:06:14.116,1.36308,1.36327,1.50,1.50
2018.04.23 15:06:14.679,1.36308,1.36326,1.00,1.00
2018.04.23 15:06:15.195,1.36307,1.36326,1.12,1.00
2018.04.23 15:06:16.280,1.36308,1.36327,1.00,1.00
2018.04.23 15:06:16.830,1.36308,1.36328,1.00,1.00
2018.04.23 15:06:17.383,1.36307,1.36328,1.00,1.50
2018.04.23 15:06:17.888,1.36306,1.36327,2.62,1.00
2018.04.23 15:06:18.541,1.36306,1.36327,1.50,1.00
2018.04.23 15:06:19.063,1.36306,1.36327,2.62,1.00
2018.04.23 15:06:19.695,1.36308,1.36327,1.00,1.00
2018.04.23 15:06:20.617,1.36309,1.36328,1.00,1.00
2018.04.23 15:06:20.669,1.36307,1.36328,1.12,1.00
2018.04.23 15:06:22.412,1.36308,1.36327,1.00,1.00
2018.04.23 15:06:22.566,1.3631,1.36329,1.00,1.50
2018.04.23 15:06:22.618,1.36307,1.36328,1.12,1.00
2018.04.23 15:06:24.095,1.36308,1.36327,1.00,1.00
2018.04.23 15:06:24.585,1.36306,1.36327,3.37,1.00
2018.04.23 15:06:24.955,1.36308,1.36327,1.00,1.00
2018.04.23 15:06:27.634,1.36308,1.36328,1.00,1.00
2018.04.23 15:06:28.062,1.36309,1.3633,1.00,1.50
2018.04.23 15:06:28.962,1.36309,1.36329,1.00,1.00
2018.04.23 15:06:29.521,1.36309,1.36328,1.50,1.00
2018.04.23 15:06:29.710,1.3631,1.3633,1.00,1.50
2018.04.23 15:06:29.762,1.36308,1.36328,1.00,1.00
2018.04.23 15:06:29.864,1.36306,1.36327,3.75,1.00
2018.04.23 15:06:30.672,1.36307,1.36328,1.12,1.50
2018.04.23 15:06:30.868,1.36305,1.36323,1.00,1.00
2018.04.23 15:06:30.920,1.36306,1.36327,2.25,1.12
2018.04.23 15:06:30.973,1.36305,1.36324,1.50,1.00
2018.04.23 15:06:31.287,1.36303,1.3632,1.00,1.00
2018.04.23 15:06:31.475,1.36301,1.36319,1.00,1.50
2018.04.23 15:06:31.990,1.363,1.36319,1.50,1.00
2018.04.23 15:06:32.041,1.36302,1.36319,1.00,1.00
2018.04.23 15:06:32.237,1.363,1.36319,2.62,1.00
2018.04.23 15:06:32.478,1.36301,1.36321,1.00,1.50
2018.04.23 15:06:32.626,1.36301,1.36318,1.00,1.00
2018.04.23 15:06:32.729,1.36299,1.36317,1.00,1.00
2018.04.23 15:06:32.935,1.36298,1.36319,1.12,1.00
2018.04.23 15:06:32.987,1.363,1.36319,1.00,1.00
2018.04.23 15:06:33.326,1.36298,1.36316,1.00,1.00
2018.04.23 15:06:33.702,1.36295,1.36313,1.00,1.00
2018.04.23 15:06:34.043,1.36294,1.3631,1.00,1.00
2018.04.23 15:06:34.656,1.36294,1.36311,1.00,1.00
2018.04.23 15:06:34.862,1.36295,1.36315,2.25,1.00
2018.04.23 15:06:35.373,1.36296,1.36315,2.25,1.00
2018.04.23 15:06:35.526,1.363,1.36319,1.00,1.00
2018.04.23 15:06:36.037,1.363,1.36321,1.00,1.50
2018.04.23 15:06:36.464,1.363,1.36319,1.00,1.00
2018.04.23 15:06:36.779,1.36302,1.36321,1.00,1.50
2018.04.23 15:06:36.986,1.363,1.36321,1.50,1.50
2018.04.23 15:06:37.440,1.363,1.36319,1.87,1.00
2018.04.23 15:06:37.770,1.36297,1.36315,1.87,1.00
2018.04.23 15:06:38.529,1.36297,1.36317,1.00,1.00
2018.04.23 15:06:39.380,1.36296,1.36314,1.87,1.00
2018.04.23 15:06:39.434,1.36301,1.36321,1.00,2.70
2018.04.23 15:06:40.209,1.36301,1.3632,1.00,1.00
2018.04.23 15:06:40.714,1.36301,1.36321,2.25,1.00
2018.04.23 15:06:41.300,1.36302,1.36321,1.00,1.50
2018.04.23 15:06:42.065,1.36301,1.3632,2.25,1.00
2018.04.23 15:06:43.488,1.36302,1.3632,1.00,1.00
2018.04.23 15:06:43.558,1.36309,1.36321,1.00,1.00
2018.04.23 15:06:43.681,1.36311,1.36326,1.00,1.10
2018.04.23 15:06:43.733,1.36309,1.36327,1.00,1.00
2018.04.23 15:06:43.889,1.36309,1.36329,1.00,1.00
2018.04.23 15:06:44.044,1.36307,1.36326,1.00,1.00
2018.04.23 15:06:44.479,1.36311,1.36329,1.00,1.00
2018.04.23 15:06:44.799,1.36309,1.36328,1.00,1.87
2018.04.23 15:06:44.850,1.36307,1.36326,1.00,2.25
2018.04.23 15:06:46.145,1.36307,1.36325,1.00,1.00
2018.04.23 15:06:47.272,1.36307,1.36326,1.00,1.00
2018.04.23 15:06:47.797,1.36308,1.36326,1.00,1.00
2018.04.23 15:06:48.395,1.36307,1.36326,1.00,2.25
2018.04.23 15:06:48.934,1.36308,1.36326,1.00,1.00
2018.04.23 15:06:49.465,1.36307,1.36326,1.00,1.50
2018.04.23 15:06:50.884,1.36306,1.36325,1.50,1.00
2018.04.23 15:06:51.432,1.36305,1.36324,1.50,1.00
2018.04.23 15:06:52.057,1.36306,1.36325,1.00,1.00
2018.04.23 15:06:53.660,1.36307,1.36326,1.00,1.50
2018.04.23 15:06:55.073,1.36306,1.36325,1.00,1.00
2018.04.23 15:06:55.382,1.36308,1.36326,1.00,1.00
2018.04.23 15:06:55.485,1.36306,1.36326,1.50,1.00
2018.04.23 15:06:55.587,1.36306,1.36324,1.00,1.00
2018.04.23 15:06:57.865,1.36306,1.36327,1.50,1.12
2018.04.23 15:06:58.214,1.36308,1.36327,1.00,1.00
2018.04.23 15:06:58.536,1.36309,1.3633,3.00,1.00
2018.04.23 15:06:59.136,1.3631,1.3633,1.50,1.00
2018.04.23 15:06:59.240,1.36312,1.36331,1.00,1.00
2018.04.23 15:07:00.184,1.36312,1.3633,1.50,1.00
2018.04.23 15:07:00.729,1.36313,1.3633,1.00,1.00
2018.04.23 15:07:01.482,1.36313,1.36328,1.00,1.00
2018.04.23 15:07:01.534,1.36307,1.36327,1.50,1.00
2018.04.23 15:07:01.839,1.36309,1.36328,1.00,1.00
2018.04.23 15:07:01.890,1.36309,1.3633,1.50,1.50
2018.04.23 15:07:02.218,1.36311,1.36329,1.00,1.00
2018.04.23 15:07:02.270,1.36311,1.36331,1.00,1.50
2018.04.23 15:07:02.782,1.3631,1.36331,1.50,1.50
2018.04.23 15:07:03.132,1.36314,1.36331,1.00,1.00
2018.04.23 15:07:03.184,1.36312,1.36331,1.00,1.00
2018.04.23 15:07:03.287,1.36315,1.36334,1.00,2.25
2018.04.23 15:07:04.105,1.36314,1.36333,1.00,1.00
2018.04.23 15:07:04.209,1.36311,1.36331,1.00,1.00
2018.04.23 15:07:04.714,1.36312,1.3633,1.00,1.00
2018.04.23 15:07:04.874,1.36309,1.36326,1.00,1.00
2018.04.23 15:07:04.927,1.36307,1.36326,1.00,1.50
2018.04.23 15:07:04.980,1.36305,1.36324,1.50,1.00
2018.04.23 15:07:05.392,1.36305,1.36322,1.50,1.00
2018.04.23 15:07:05.670,1.36305,1.36325,1.00,1.00
2018.04.23 15:07:05.775,1.36307,1.36327,1.00,1.00
2018.04.23 15:07:05.826,1.36308,1.36329,1.00,1.00
2018.04.23 15:07:05.930,1.3631,1.3633,1.00,2.25
2018.04.23 15:07:06.475,1.36309,1.3633,1.50,1.50
2018.04.23 15:07:06.937,1.36311,1.3633,1.00,1.50
2018.04.23 15:07:06.989,1.36309,1.3633,1.50,1.50
2018.04.23 15:07:07.141,1.3631,1.36328,1.00,1.00
2018.04.23 15:07:07.297,1.3631,1.3633,1.00,2.25
2018.04.23 15:07:07.376,1.3631,1.36328,1.00,1.00
2018.04.23 15:07:08.713,1.36313,1.3633,1.00,1.00
2018.04.23 15:07:08.766,1.36314,1.36334,1.00,2.25
2018.04.23 15:07:09.130,1.36314,1.36332,1.00,1.00
2018.04.23 15:07:09.597,1.36316,1.36333,1.00,1.00
2018.04.23 15:07:09.701,1.36314,1.36333,1.50,1.00
2018.04.23 15:07:09.857,1.36316,1.36335,1.00,1.00
2018.04.23 15:07:10.896,1.36315,1.36335,1.00,1.50
2018.04.23 15:07:11.207,1.36313,1.36333,1.00,1.00
2018.04.23 15:07:11.588,1.36318,1.36335,1.00,1.00
2018.04.23 15:07:11.692,1.36315,1.36335,1.87,1.00
2018.04.23 15:07:11.745,1.36317,1.36335,1.00,1.00
2018.04.23 15:07:11.900,1.36313,1.36334,1.50,1.50
2018.04.23 15:07:11.953,1.36311,1.36332,1.50,1.00
2018.04.23 15:07:13.444,1.36311,1.36329,1.00,1.00
2018.04.23 15:07:13.496,1.36309,1.36328,1.00,1.00
2018.04.23 15:07:14.080,1.3631,1.36329,1.50,1.00
2018.04.23 15:07:14.410,1.36313,1.36332,1.00,1.00
2018.04.23 15:07:14.924,1.36313,1.36333,1.00,1.00
2018.04.23 15:07:15.533,1.36313,1.36332,1.00,1.00
2018.04.23 15:07:17.494,1.36316,1.36332,1.00,1.00
2018.04.23 15:07:17.897,1.36316,1.36334,1.00,1.00
2018.04.23 15:07:17.956,1.36317,1.36336,1.00,1.00
2018.04.23 15:07:18.311,1.36319,1.36337,1.00,1.00
2018.04.23 15:07:18.842,1.36318,1.36337,1.50,1.00
2018.04.23 15:07:19.363,1.36319,1.36337,1.00,1.00
2018.04.23 15:07:19.713,1.36321,1.36338,1.00,1.00
2018.04.23 15:07:19.764,1.36319,1.36338,1.00,1.00
2018.04.23 15:07:19.943,1.36319,1.36336,1.00,1.00
2018.04.23 15:07:20.444,1.3632,1.36336,1.00,1.00
2018.04.23 15:07:20.754,1.3632,1.36338,1.00,1.00
2018.04.23 15:07:20.936,1.36323,1.36339,1.00,1.00
2018.04.23 15:07:21.460,1.36322,1.36339,1.00,1.00
2018.04.23 15:07:21.563,1.36324,1.36342,1.00,1.00
2018.04.23 15:07:22.076,1.36323,1.36342,1.50,1.00
2018.04.23 15:07:22.607,1.36323,1.36341,1.00,1.00
2018.04.23 15:07:23.133,1.36325,1.36341,1.00,1.00
2018.04.23 15:07:23.668,1.36325,1.3634,1.00,1.00
2018.04.23 15:07:23.807,1.36325,1.36343,1.00,2.25
2018.04.23 15:07:23.967,1.36326,1.36341,1.00,1.00
2018.04.23 15:07:24.483,1.36326,1.36342,1.00,1.00
2018.04.23 15:07:24.989,1.36325,1.36342,1.00,1.00
2018.04.23 15:07:25.638,1.36324,1.36343,1.00,1.50
2018.04.23 15:07:26.188,1.36325,1.36343,1.00,2.25
2018.04.23 15:07:26.564,1.36321,1.36337,1.00,1.00
2018.04.23 15:07:26.771,1.36318,1.36337,1.00,1.00
2018.04.23 15:07:26.977,1.36318,1.36335,1.00,1.00
2018.04.23 15:07:27.560,1.36317,1.36335,1.50,1.00
2018.04.23 15:07:28.172,1.36318,1.36335,1.00,1.00
2018.04.23 15:07:28.687,1.36318,1.36336,1.00,1.50
2018.04.23 15:07:28.997,1.36317,1.36334,1.00,1.00
2018.04.23 15:07:29.159,1.36317,1.36336,1.00,1.50
2018.04.23 15:07:29.662,1.36318,1.36336,1.00,1.50
2018.04.23 15:07:30.191,1.36319,1.36335,1.00,1.00
2018.04.23 15:07:30.298,1.36319,1.36337,1.00,1.00
2018.04.23 15:07:31.293,1.36317,1.36337,1.00,1.00
2018.04.23 15:07:31.936,1.36318,1.36337,1.00,1.00
2018.04.23 15:07:32.038,1.36316,1.36336,1.50,1.00
2018.04.23 15:07:32.628,1.36316,1.36335,2.25,1.00
2018.04.23 15:07:33.483,1.36318,1.36335,1.00,1.00
2018.04.23 15:07:34.024,1.36318,1.36336,1.00,1.00
2018.04.23 15:07:34.681,1.36318,1.36335,1.00,1.00
2018.04.23 15:07:34.733,1.36319,1.36338,1.00,1.00
2018.04.23 15:07:34.785,1.36321,1.3634,1.00,1.10
2018.04.23 15:07:35.115,1.36321,1.36338,1.00,1.00
2018.04.23 15:07:35.372,1.36322,1.3634,1.00,1.00
2018.04.23 15:07:35.585,1.36321,1.36337,1.00,1.00
2018.04.23 15:07:35.923,1.36324,1.3634,1.00,1.00
2018.04.23 15:07:36.665,1.36323,1.3634,1.00,1.00
2018.04.23 15:07:37.064,1.36324,1.36343,1.00,2.25
2018.04.23 15:07:37.116,1.36327,1.36344,1.00,1.00
2018.04.23 15:07:37.168,1.36327,1.36346,1.50,1.12
2018.04.23 15:07:37.271,1.36329,1.36346,1.00,1.12
2018.04.23 15:07:37.819,1.36328,1.36346,1.00,1.50
2018.04.23 15:07:38.336,1.36329,1.36345,1.00,1.00
2018.04.23 15:07:38.837,1.36328,1.36346,1.00,1.00
2018.04.23 15:07:39.355,1.36327,1.36345,1.00,1.00
2018.04.23 15:07:39.880,1.36328,1.36347,1.00,1.00
2018.04.23 15:07:40.462,1.36329,1.36347,1.00,1.00
2018.04.23 15:07:41.006,1.36329,1.36346,1.00,1.00
2018.04.23 15:07:42.043,1.36329,1.36344,1.00,1.00
2018.04.23 15:07:42.095,1.36327,1.36344,1.00,1.00
2018.04.23 15:07:42.671,1.36326,1.36344,1.00,1.00
2018.04.23 15:07:43.433,1.36327,1.36344,1.00,1.00
2018.04.23 15:07:44.010,1.36327,1.36345,1.00,1.00
2018.04.23 15:07:44.062,1.36327,1.36343,1.00,1.00
2018.04.23 15:07:44.271,1.36329,1.36348,1.00,1.00
2018.04.23 15:07:44.746,1.36329,1.36346,1.00,1.00
2018.04.23 15:07:45.056,1.36329,1.36344,1.00,1.00
2018.04.23 15:07:45.421,1.36327,1.36344,1.00,1.00
2018.04.23 15:07:46.035,1.36326,1.36344,1.00,1.00
2018.04.23 15:07:47.000,1.36333,1.36349,1.00,1.10
2018.04.23 15:07:47.057,1.36332,1.36351,1.00,1.50
2018.04.23 15:07:47.573,1.36333,1.36352,1.50,1.00
2018.04.23 15:07:48.077,1.36334,1.36352,1.00,1.00
2018.04.23 15:07:48.669,1.36335,1.36352,1.00,1.50
2018.04.23 15:07:49.211,1.3633,1.36346,1.00,1.00
2018.04.23 15:07:49.564,1.36331,1.36344,1.00,1.00
2018.04.23 15:07:49.615,1.36328,1.36347,1.50,1.00
2018.04.23 15:07:50.148,1.36328,1.36346,1.50,1.00
2018.04.23 15:07:50.321,1.3633,1.36346,1.00,1.00
2018.04.23 15:07:50.598,1.36328,1.36345,1.50,1.00
2018.04.23 15:07:50.702,1.3633,1.36345,1.00,1.00
2018.04.23 15:07:50.809,1.36328,1.36347,1.00,1.12
2018.04.23 15:07:51.064,1.36332,1.3635,1.00,1.00
2018.04.23 15:07:51.428,1.3633,1.36348,1.00,1.00
2018.04.23 15:07:51.789,1.36332,1.36348,1.00,1.00
2018.04.23 15:07:52.233,1.36331,1.3635,1.00,1.87
2018.04.23 15:07:52.684,1.36333,1.3635,1.00,1.87
2018.04.23 15:07:52.987,1.36335,1.36352,1.00,1.50
2018.04.23 15:07:53.295,1.36333,1.36352,1.00,1.50
2018.04.23 15:07:53.451,1.36335,1.36352,1.00,1.50
2018.04.23 15:07:54.546,1.36334,1.36352,1.00,1.50
2018.04.23 15:07:55.828,1.36335,1.36352,1.00,1.50
2018.04.23 15:07:56.466,1.36338,1.36354,1.00,1.00
2018.04.23 15:07:57.173,1.36339,1.36354,1.00,1.00
2018.04.23 15:07:57.683,1.36338,1.36354,1.00,1.00
2018.04.23 15:07:58.323,1.36339,1.36354,1.00,1.00
2018.04.23 15:07:58.588,1.36338,1.36356,1.00,1.00
2018.04.23 15:07:58.692,1.36337,1.36354,1.00,1.00
2018.04.23 15:08:00.173,1.36336,1.36352,1.00,1.00
2018.04.23 15:08:00.286,1.36334,1.36352,1.00,1.00
2018.04.23 15:08:00.539,1.36334,1.3635,1.00,1.00
2018.04.23 15:08:00.646,1.36334,1.36352,1.00,1.00
2018.04.23 15:08:00.700,1.36337,1.36353,1.00,2.25
2018.04.23 15:08:01.338,1.36336,1.36353,1.00,1.00
2018.04.23 15:08:01.845,1.36337,1.36353,1.00,1.00
2018.04.23 15:08:02.278,1.36338,1.36356,1.00,1.00
2018.04.23 15:08:02.333,1.36333,1.36353,1.37,1.00
2018.04.23 15:08:02.387,1.3634,1.3635,1.00,1.00
2018.04.23 15:08:02.554,1.36335,1.36352,1.00,1.00
2018.04.23 15:08:02.610,1.36332,1.36351,2.25,1.00
2018.04.23 15:08:02.715,1.36335,1.36352,1.00,1.00
2018.04.23 15:08:02.767,1.36333,1.36353,1.50,1.00
2018.04.23 15:08:02.922,1.36332,1.36351,1.00,1.00
2018.04.23 15:08:03.365,1.36334,1.3635,1.00,1.00
2018.04.23 15:08:03.519,1.36332,1.3635,1.00,1.00
2018.04.23 15:08:03.876,1.36334,1.36351,1.00,1.00
2018.04.23 15:08:04.391,1.36333,1.36351,1.00,1.00
2018.04.23 15:08:04.704,1.36332,1.36349,1.00,1.00
2018.04.23 15:08:05.252,1.36333,1.36349,1.00,1.00
2018.04.23 15:08:05.795,1.36332,1.36349,1.00,1.50
2018.04.23 15:08:06.594,1.36331,1.36349,1.00,1.00
2018.04.23 15:08:06.903,1.36333,1.36347,1.00,1.00
2018.04.23 15:08:07.056,1.36333,1.36349,1.00,1.00
2018.04.23 15:08:07.107,1.3633,1.36349,1.50,1.00
2018.04.23 15:08:07.617,1.36331,1.36348,1.00,1.00
2018.04.23 15:08:07.719,1.36332,1.36352,1.50,2.25
2018.04.23 15:08:07.770,1.36335,1.36355,1.50,1.57
2018.04.23 15:08:08.083,1.36339,1.36355,1.00,1.00
2018.04.23 15:08:08.593,1.36338,1.36355,1.00,1.00
2018.04.23 15:08:09.099,1.36339,1.36356,1.00,1.00
2018.04.23 15:08:09.416,1.36341,1.36357,1.00,1.00
2018.04.23 15:08:09.917,1.36341,1.36356,1.00,1.00
2018.04.23 15:08:10.178,1.3634,1.36358,1.00,1.00
2018.04.23 15:08:10.504,1.3634,1.36356,1.00,1.00
2018.04.23 15:08:11.081,1.3634,1.36355,1.00,1.00
2018.04.23 15:08:11.184,1.3634,1.36357,1.00,1.00
2018.04.23 15:08:11.667,1.3634,1.36355,1.00,1.00
2018.04.23 15:08:12.473,1.36339,1.36354,1.00,1.00
2018.04.23 15:08:12.599,1.36342,1.36358,1.00,1.00
2018.04.23 15:08:13.108,1.36342,1.36359,1.00,1.00
2018.04.23 15:08:13.159,1.36342,1.36357,1.00,1.00
2018.04.23 15:08:13.331,1.36341,1.36359,1.00,1.50
2018.04.23 15:08:13.644,1.3634,1.36356,1.00,1.00
2018.04.23 15:08:13.748,1.36341,1.36359,1.00,3.00
2018.04.23 15:08:13.880,1.36343,1.36358,1.00,1.00
2018.04.23 15:08:14.398,1.36344,1.36359,1.00,1.00
2018.04.23 15:08:14.451,1.36346,1.36363,1.00,1.00
2018.04.23 15:08:14.656,1.36346,1.36362,1.00,1.37
2018.04.23 15:08:14.837,1.36343,1.3636,1.00,1.00
2018.04.23 15:08:14.961,1.36343,1.36362,1.00,1.00
2018.04.23 15:08:15.502,1.36343,1.3636,1.00,1.00
2018.04.23 15:08:15.827,1.36339,1.36355,1.00,1.00
2018.04.23 15:08:16.669,1.36341,1.36357,1.00,1.50
2018.04.23 15:08:17.212,1.36341,1.36354,1.00,1.00
2018.04.23 15:08:17.634,1.36339,1.36355,1.00,1.50
2018.04.23 15:08:18.118,1.3634,1.36357,1.00,1.00
2018.04.23 15:08:18.273,1.36338,1.36352,1.00,1.00
2018.04.23 15:08:18.326,1.36335,1.36353,1.00,1.00
2018.04.23 15:08:19.314,1.36336,1.36353,1.00,1.00
2018.04.23 15:08:19.947,1.36336,1.36352,1.00,1.00
2018.04.23 15:08:20.039,1.36336,1.36354,1.00,2.25
2018.04.23 15:08:20.206,1.36336,1.36352,1.00,1.00
2018.04.23 15:08:20.998,1.36339,1.36357,1.00,1.50
2018.04.23 15:08:21.517,1.36339,1.36356,1.00,1.00
2018.04.23 15:08:21.836,1.36339,1.36354,1.00,1.00
2018.04.23 15:08:21.990,1.3634,1.36357,1.00,1.50
2018.04.23 15:08:22.539,1.3634,1.36356,1.00,1.00
2018.04.23 15:08:22.848,1.36338,1.36354,1.00,1.00
2018.04.23 15:08:23.394,1.36338,1.36353,1.00,1.00
2018.04.23 15:08:23.541,1.36338,1.36355,1.00,1.00
2018.04.23 15:08:23.748,1.36335,1.36354,1.00,1.00
2018.04.23 15:08:23.800,1.3634,1.36353,1.00,1.00
2018.04.23 15:08:23.852,1.36334,1.36348,1.00,1.00
2018.04.23 15:08:23.905,1.36333,1.3635,1.50,1.00
2018.04.23 15:08:23.958,1.36332,1.36348,1.00,1.00
2018.04.23 15:08:24.054,1.3633,1.36348,1.00,1.00
2018.04.23 15:08:24.146,1.36339,1.36352,1.00,1.00
2018.04.23 15:08:24.198,1.36334,1.36349,1.00,1.50
2018.04.23 15:08:24.301,1.36332,1.36349,1.50,1.50
2018.04.23 15:08:24.353,1.36331,1.36345,1.00,1.00
2018.04.23 15:08:24.405,1.36331,1.3635,1.00,2.25
2018.04.23 15:08:24.457,1.36329,1.3635,1.00,2.25
2018.04.23 15:08:24.664,1.36328,1.36348,1.00,1.00
2018.04.23 15:08:24.993,1.3633,1.36346,1.00,1.00
2018.04.23 15:08:25.386,1.3633,1.36348,1.00,1.00
2018.04.23 15:08:25.669,1.36326,1.36344,1.50,1.00
2018.04.23 15:08:25.982,1.36328,1.36345,1.00,1.00
2018.04.23 15:08:26.329,1.36332,1.36349,1.00,1.10
2018.04.23 15:08:26.506,1.36334,1.36352,1.00,1.00
2018.04.23 15:08:26.610,1.36335,1.36354,1.00,1.12
2018.04.23 15:08:26.768,1.36337,1.36354,1.00,1.00
2018.04.23 15:08:27.311,1.36338,1.36354,1.00,1.00
2018.04.23 15:08:27.465,1.36338,1.36356,1.00,1.50
2018.04.23 15:08:28.092,1.36337,1.36356,1.00,1.00
2018.04.23 15:08:28.845,1.36338,1.36356,1.00,1.00
2018.04.23 15:08:29.408,1.36337,1.36356,1.00,1.00
2018.04.23 15:08:29.982,1.36338,1.36356,1.00,1.00
2018.04.23 15:08:30.324,1.36342,1.36361,1.00,2.25
2018.04.23 15:08:30.377,1.36343,1.36358,1.00,1.00
2018.04.23 15:08:30.430,1.36343,1.3636,1.00,1.00
2018.04.23 15:08:31.099,1.3634,1.36358,1.00,1.00
2018.04.23 15:08:31.151,1.36343,1.3636,1.00,1.00
2018.04.23 15:08:31.457,1.36341,1.36358,1.00,1.00
2018.04.23 15:08:31.762,1.36343,1.36361,1.00,1.00
2018.04.23 15:08:32.402,1.36342,1.36361,1.00,1.50
2018.04.23 15:08:32.608,1.3634,1.36361,1.00,2.25
2018.04.23 15:08:33.139,1.36341,1.36361,1.00,2.25
2018.04.23 15:08:33.727,1.36341,1.36357,1.00,1.00
2018.04.23 15:08:33.935,1.36339,1.36357,1.00,1.00
2018.04.23 15:08:34.445,1.36339,1.36358,1.00,1.00
2018.04.23 15:08:34.982,1.36339,1.36356,1.00,1.00
2018.04.23 15:08:36.765,1.36339,1.36357,1.00,1.00
2018.04.23 15:08:37.103,1.36339,1.36355,1.00,1.00
2018.04.23 15:08:37.651,1.36339,1.36354,1.00,1.00
2018.04.23 15:08:40.043,1.36339,1.36356,1.00,1.00
2018.04.23 15:08:40.550,1.36339,1.36357,1.00,1.00
2018.04.23 15:08:43.196,1.36337,1.36359,1.00,1.50
2018.04.23 15:08:43.517,1.36337,1.36357,1.00,1.00
2018.04.23 15:08:44.045,1.36338,1.36357,1.00,1.00
2018.04.23 15:08:44.790,1.36337,1.36357,1.00,1.00
2018.04.23 15:08:45.857,1.36338,1.36355,1.00,1.00
2018.04.23 15:08:45.909,1.36336,1.36354,2.25,1.00
2018.04.23 15:08:46.335,1.36336,1.36352,1.00,1.00
2018.04.23 15:08:46.388,1.36336,1.36355,1.00,1.00
2018.04.23 15:08:46.544,1.36336,1.36358,1.87,1.50
2018.04.23 15:08:46.596,1.36336,1.36356,1.87,1.00
2018.04.23 15:08:47.615,1.36335,1.36354,2.62,1.00
2018.04.23 15:08:48.116,1.36336,1.36355,1.12,1.00
2018.04.23 15:08:48.372,1.36336,1.36357,1.87,1.00
2018.04.23 15:08:48.423,1.36336,1.36355,1.12,1.00
2018.04.23 15:08:48.743,1.36336,1.36357,1.87,1.00
2018.04.23 15:08:49.114,1.36337,1.36355,1.00,1.00
2018.04.23 15:08:49.566,1.36336,1.36357,1.12,1.00
2018.04.23 15:08:49.915,1.36338,1.36359,1.00,1.57
2018.04.23 15:08:50.226,1.36337,1.36355,1.50,1.00
2018.04.23 15:08:50.751,1.36337,1.36356,1.00,1.00
2018.04.23 15:08:51.384,1.36337,1.36357,1.50,1.00
2018.04.23 15:08:51.693,1.36337,1.36355,1.50,1.00
2018.04.23 15:08:51.857,1.36337,1.36357,1.50,1.00
2018.04.23 15:08:52.366,1.36337,1.36356,1.50,1.00
2018.04.23 15:08:52.892,1.36337,1.36357,2.25,1.00
2018.04.23 15:08:53.421,1.36338,1.36356,1.00,1.00
2018.04.23 15:08:53.936,1.36337,1.36358,1.50,1.00
2018.04.23 15:08:54.140,1.36337,1.36356,1.50,1.00
2018.04.23 15:08:54.713,1.36337,1.36357,1.00,1.00
2018.04.23 15:08:55.326,1.36337,1.36356,1.50,1.00
2018.04.23 15:08:55.876,1.36337,1.36355,1.50,1.00
2018.04.23 15:08:56.083,1.36337,1.36357,3.00,1.00
2018.04.23 15:08:56.136,1.36337,1.36355,2.25,1.00
2018.04.23 15:08:56.551,1.36337,1.36357,2.25,1.00
2018.04.23 15:08:57.077,1.36338,1.36356,1.00,1.00
2018.04.23 15:08:57.594,1.36337,1.36357,1.00,1.00
2018.04.23 15:08:57.877,1.3634,1.36358,1.00,1.00
2018.04.23 15:08:58.457,1.36339,1.36357,1.00,1.00
2018.04.23 15:08:59.212,1.36339,1.36356,1.00,1.00
2018.04.23 15:08:59.265,1.36339,1.36358,1.00,1.00
2018.04.23 15:08:59.507,1.36339,1.3636,1.00,1.50
2018.04.23 15:08:59.610,1.36339,1.36357,1.00,1.00
2018.04.23 15:09:00.102,1.36342,1.36362,1.00,1.57
2018.04.23 15:09:00.644,1.36342,1.36361,1.50,1.00
2018.04.23 15:09:00.855,1.36341,1.36363,1.50,2.25
2018.04.23 15:09:01.033,1.36343,1.36362,1.00,1.00
2018.04.23 15:09:01.238,1.36342,1.36364,1.00,1.10
2018.04.23 15:09:01.766,1.36343,1.36363,1.00,1.00
2018.04.23 15:09:02.394,1.36344,1.36362,1.00,1.00
2018.04.23 15:09:02.550,1.36344,1.36364,2.25,1.00
2018.04.23 15:09:02.884,1.36343,1.36362,1.00,1.00
2018.04.23 15:09:03.430,1.36344,1.36362,1.00,1.00
2018.04.23 15:09:03.936,1.36343,1.36362,1.00,1.00
2018.04.23 15:09:04.475,1.36344,1.36363,1.00,1.50
2018.04.23 15:09:04.528,1.36341,1.36362,1.00,1.00
2018.04.23 15:09:04.581,1.36343,1.36363,1.50,1.50
2018.04.23 15:09:05.398,1.36343,1.36364,3.00,1.00
2018.04.23 15:09:05.950,1.36344,1.36363,1.00,1.00
2018.04.23 15:09:06.475,1.36345,1.36362,1.00,1.00
2018.04.23 15:09:06.894,1.36345,1.36364,1.00,2.25
2018.04.23 15:09:06.997,1.36345,1.36362,1.00,1.00
2018.04.23 15:09:07.100,1.36345,1.36364,1.00,2.25
2018.04.23 15:09:07.307,1.36345,1.36362,1.00,1.00
2018.04.23 15:09:07.848,1.36345,1.36361,1.00,1.00
2018.04.23 15:09:07.904,1.36344,1.36363,1.00,1.00
2018.04.23 15:09:08.286,1.36344,1.36361,1.00,1.00
2018.04.23 15:09:08.680,1.36345,1.36363,1.00,1.00
2018.04.23 15:09:09.053,1.36346,1.36365,1.00,1.00
2018.04.23 15:09:09.367,1.36348,1.36366,1.50,1.00
2018.04.23 15:09:09.639,1.36353,1.36372,1.50,1.50
2018.04.23 15:09:10.180,1.36353,1.36371,1.00,1.00
2018.04.23 15:09:11.294,1.36353,1.36373,1.00,1.00
2018.04.23 15:09:11.346,1.36352,1.36371,2.25,1.00
2018.04.23 15:09:11.697,1.36354,1.36373,1.00,1.00
2018.04.23 15:09:12.235,1.36355,1.36373,1.00,1.00
2018.04.23 15:09:12.740,1.36354,1.36373,1.00,1.00
2018.04.23 15:09:13.587,1.36354,1.36372,1.00,1.00
2018.04.23 15:09:13.742,1.36354,1.36374,1.50,1.00
2018.04.23 15:09:14.265,1.36354,1.36373,1.50,1.00
2018.04.23 15:09:14.811,1.36353,1.36371,1.50,1.00
2018.04.23 15:09:15.583,1.36352,1.36371,1.00,1.00
2018.04.23 15:09:15.917,1.36351,1.36369,1.50,1.50
2018.04.23 15:09:16.159,1.36355,1.36374,1.00,1.00
2018.04.23 15:09:16.262,1.36356,1.36372,1.00,1.00
2018.04.23 15:09:16.466,1.36356,1.36374,1.00,1.00
2018.04.23 15:09:17.247,1.36356,1.36375,1.50,1.00
2018.04.23 15:09:17.768,1.36354,1.36375,2.25,1.00
2018.04.23 15:09:18.562,1.36355,1.36375,1.00,1.00
2018.04.23 15:09:19.097,1.36354,1.36375,2.25,1.00
2018.04.23 15:09:19.302,1.36355,1.36373,1.00,1.00
2018.04.23 15:09:19.354,1.36354,1.36375,2.25,1.00
2018.04.23 15:09:19.886,1.36355,1.36375,1.00,1.00
2018.04.23 15:09:21.547,1.36356,1.36375,1.00,1.00
2018.04.23 15:09:21.599,1.36361,1.36379,1.00,1.00
2018.04.23 15:09:23.316,1.36362,1.36379,1.00,1.00
2018.04.23 15:09:23.517,1.36362,1.36381,1.50,1.00
2018.04.23 15:09:23.975,1.36364,1.36383,1.00,1.00
2018.04.23 15:09:24.511,1.36364,1.36382,1.00,1.00
2018.04.23 15:09:25.050,1.36365,1.36382,1.00,1.00
2018.04.23 15:09:27.191,1.36365,1.36385,1.00,1.00
2018.04.23 15:09:27.242,1.36364,1.36382,1.12,1.00
2018.04.23 15:09:27.838,1.36366,1.36384,1.00,1.00
2018.04.23 15:09:28.016,1.36366,1.36386,1.00,1.00
2018.04.23 15:09:28.553,1.36365,1.36386,1.00,1.00
2018.04.23 15:09:28.605,1.36365,1.36384,1.00,1.00
2018.04.23 15:09:28.656,1.36365,1.36386,1.00,1.00
2018.04.23 15:09:28.907,1.36365,1.36384,1.00,1.00
2018.04.23 15:09:28.960,1.36365,1.36386,1.00,1.00
2018.04.23 15:09:29.012,1.36365,1.36384,1.00,1.00
2018.04.23 15:09:29.115,1.36365,1.36386,1.00,1.00
2018.04.23 15:09:29.219,1.36365,1.36384,1.00,1.00
2018.04.23 15:09:29.272,1.36366,1.36387,1.00,1.50
2018.04.23 15:09:29.532,1.36366,1.36385,1.50,1.00
2018.04.23 15:09:29.976,1.36366,1.36387,1.00,1.00
2018.04.23 15:09:30.277,1.36366,1.36384,1.00,1.00
2018.04.23 15:09:30.380,1.36367,1.36386,1.00,1.00
2018.04.23 15:09:30.612,1.36367,1.36384,1.00,1.00
2018.04.23 15:09:30.928,1.36366,1.36386,1.50,1.00
2018.04.23 15:09:31.135,1.36366,1.36384,1.50,1.00
2018.04.23 15:09:31.720,1.36366,1.36385,1.00,1.00
2018.04.23 15:09:32.273,1.36365,1.36385,1.50,1.00
2018.04.23 15:09:32.487,1.36365,1.36387,1.50,1.00
2018.04.23 15:09:32.885,1.36366,1.36384,1.00,1.00
2018.04.23 15:09:33.425,1.36365,1.36384,1.50,1.00
2018.04.23 15:09:34.243,1.36366,1.36384,1.00,1.00
2018.04.23 15:09:34.478,1.36367,1.36386,1.00,1.00
2018.04.23 15:09:34.632,1.36367,1.36384,1.00,1.00
2018.04.23 15:09:35.233,1.36366,1.36384,1.50,1.00
2018.04.23 15:09:35.781,1.36367,1.36385,1.00,1.00
2018.04.23 15:09:36.330,1.36367,1.36386,1.00,1.00
2018.04.23 15:09:36.641,1.36371,1.36387,1.00,1.00
2018.04.23 15:09:36.693,1.36372,1.3639,1.00,1.00
2018.04.23 15:09:36.746,1.36373,1.36393,1.00,2.25
2018.04.23 15:09:36.799,1.36376,1.36393,1.00,1.00
2018.04.23 15:09:36.851,1.36377,1.36398,1.00,1.20
2018.04.23 15:09:37.252,1.36377,1.36395,1.00,1.00
2018.04.23 15:09:37.513,1.36374,1.36393,1.00,1.00
2018.04.23 15:09:38.020,1.36375,1.36393,1.00,1.00
2018.04.23 15:09:38.331,1.36375,1.36395,1.00,1.87
2018.04.23 15:09:38.538,1.36374,1.3639,1.00,1.00
2018.04.23 15:09:38.663,1.3637,1.36389,1.00,1.00
2018.04.23 15:09:38.768,1.36371,1.36391,1.00,1.00
2018.04.23 15:09:38.975,1.3637,1.36389,1.00,1.00
2018.04.23 15:09:39.028,1.36368,1.36389,2.25,1.00
2018.04.23 15:09:39.187,1.36369,1.36388,1.37,1.00
2018.04.23 15:09:39.881,1.3637,1.36389,1.00,1.00
2018.04.23 15:09:40.469,1.36371,1.3639,1.00,1.00
2018.04.23 15:09:40.689,1.36369,1.3639,1.00,1.50
2018.04.23 15:09:40.791,1.36371,1.3639,1.00,1.50
2018.04.23 15:09:41.299,1.36371,1.36391,1.00,1.00
2018.04.23 15:09:41.844,1.36372,1.3639,1.00,1.00
2018.04.23 15:09:41.948,1.36372,1.36393,1.00,3.07
2018.04.23 15:09:42.464,1.36371,1.36393,1.50,1.50
2018.04.23 15:09:42.747,1.36373,1.36393,1.00,2.25
2018.04.23 15:09:43.276,1.36374,1.36392,1.00,1.00
2018.04.23 15:09:44.442,1.36373,1.36392,1.00,1.00
2018.04.23 15:09:45.441,1.36374,1.36392,1.00,1.00
2018.04.23 15:09:45.968,1.36373,1.36391,1.00,1.00
2018.04.23 15:09:46.909,1.36373,1.3639,1.00,1.00
2018.04.23 15:09:47.527,1.36374,1.3639,1.00,1.00
2018.04.23 15:09:48.188,1.36372,1.3639,1.00,1.00
2018.04.23 15:09:49.736,1.36372,1.36389,1.00,1.00
2018.04.23 15:09:50.541,1.36372,1.3639,1.00,1.50
2018.04.23 15:09:51.092,1.36371,1.36389,1.00,1.00
2018.04.23 15:09:51.865,1.36372,1.36392,1.50,1.50
2018.04.23 15:09:51.918,1.36375,1.36396,1.00,1.50
2018.04.23 15:09:52.457,1.36376,1.36396,1.00,1.00
2018.04.23 15:09:52.958,1.36375,1.36396,1.00,1.00
2018.04.23 15:09:53.990,1.36374,1.36395,1.50,1.00
2018.04.23 15:09:54.042,1.36374,1.36392,1.00,1.00
2018.04.23 15:09:54.097,1.36374,1.36394,1.00,1.50
2018.04.23 15:09:54.951,1.36375,1.36394,1.00,1.50
2018.04.23 15:09:55.783,1.36375,1.36396,1.00,1.00
2018.04.23 15:09:56.263,1.36374,1.36394,1.00,1.00
2018.04.23 15:09:56.315,1.36375,1.36396,1.00,1.50
2018.04.23 15:09:56.548,1.36377,1.36396,1.00,1.00
2018.04.23 15:09:56.650,1.36373,1.36393,1.87,1.00
2018.04.23 15:09:57.104,1.36371,1.36392,1.00,1.00
2018.04.23 15:09:57.157,1.36371,1.36389,1.00,1.00
2018.04.23 15:09:57.240,1.36369,1.36389,1.12,1.00
2018.04.23 15:09:57.502,1.36371,1.36391,1.00,1.87
2018.04.23 15:09:57.605,1.36368,1.36389,1.00,1.00
2018.04.23 15:09:57.657,1.36368,1.36387,1.00,1.00
2018.04.23 15:09:58.175,1.36368,1.36388,1.00,1.00
2018.04.23 15:09:58.827,1.36369,1.3639,1.00,1.50
2018.04.23 15:09:59.130,1.36368,1.36385,1.00,1.00
2018.04.23 15:09:59.183,1.36365,1.36386,2.25,1.00
2018.04.23 15:09:59.244,1.36365,1.36384,1.00,1.00
2018.04.23 15:09:59.753,1.36366,1.36384,1.00,1.50
2018.04.23 15:10:02.383,1.36367,1.36386,1.00,1.00
2018.04.23 15:10:02.488,1.36366,1.36384,1.00,1.00
2018.04.23 15:10:02.975,1.36368,1.36385,1.00,1.00
2018.04.23 15:10:03.027,1.36366,1.36385,1.50,1.00
2018.04.23 15:10:03.540,1.36365,1.36384,1.00,1.00
2018.04.23 15:10:04.933,1.36362,1.36384,1.87,2.25
2018.04.23 15:10:05.447,1.36362,1.36383,1.50,1.00
2018.04.23 15:10:07.277,1.36362,1.36383,1.87,1.00
2018.04.23 15:10:07.799,1.36362,1.36383,1.00,1.00
2018.04.23 15:10:08.020,1.3636,1.36379,1.00,1.00
2018.04.23 15:10:08.124,1.36359,1.36381,1.12,1.00
2018.04.23 15:10:08.403,1.36358,1.36379,1.00,1.00
2018.04.23 15:10:08.729,1.36361,1.36382,1.50,1.00
2018.04.23 15:10:09.376,1.36361,1.36381,1.87,1.00
2018.04.23 15:10:10.096,1.36361,1.3638,1.87,1.00
2018.04.23 15:10:10.624,1.36361,1.3638,1.87,1.00
2018.04.23 15:10:11.533,1.36361,1.36379,1.00,1.00
2018.04.23 15:10:11.739,1.36358,1.36377,1.87,1.00
2018.04.23 15:10:12.242,1.36356,1.36374,1.12,1.00
2018.04.23 15:10:12.548,1.36359,1.36379,1.50,1.00
2018.04.23 15:10:13.084,1.36358,1.36377,1.50,1.00
2018.04.23 15:10:13.394,1.36356,1.36372,1.00,1.00
2018.04.23 15:10:13.690,1.36357,1.36375,1.00,1.00
2018.04.23 15:10:13.932,1.36355,1.36373,1.00,1.00
2018.04.23 15:10:14.332,1.36355,1.36373,1.87,1.00
2018.04.23 15:10:14.835,1.36355,1.36373,1.87,1.00
2018.04.23 15:10:15.621,1.36355,1.36373,1.50,1.00
2018.04.23 15:10:16.549,1.36353,1.36373,1.00,1.00
2018.04.23 15:10:16.855,1.36355,1.36373,1.00,1.00
2018.04.23 15:10:17.404,1.36354,1.36373,1.50,1.00
2018.04.23 15:10:17.962,1.36353,1.36373,1.00,1.00
2018.04.23 15:10:19.301,1.36353,1.36371,1.12,1.00
2018.04.23 15:10:19.614,1.36355,1.36374,1.00,1.00
2018.04.23 15:10:19.829,1.36357,1.36376,1.87,1.00
2018.04.23 15:10:20.371,1.36357,1.36377,1.00,1.00
2018.04.23 15:10:21.205,1.36357,1.36376,1.87,1.00
2018.04.23 15:10:21.777,1.36358,1.36377,1.00,1.50
2018.04.23 15:10:22.764,1.36356,1.36377,1.87,1.50
2018.04.23 15:10:23.792,1.36356,1.36373,1.00,1.00
2018.04.23 15:10:23.845,1.36351,1.36369,1.00,1.00
2018.04.23 15:10:23.898,1.36352,1.36371,1.00,1.00
2018.04.23 15:10:24.429,1.36352,1.36371,1.37,1.00
2018.04.23 15:10:25.200,1.36352,1.3637,1.37,1.00
2018.04.23 15:10:25.252,1.3635,1.36371,1.50,1.00
2018.04.23 15:10:25.866,1.36351,1.36372,1.50,1.50
2018.04.23 15:10:27.132,1.36353,1.36372,1.00,1.50
2018.04.23 15:10:28.230,1.36354,1.36372,1.12,1.00
2018.04.23 15:10:28.283,1.36354,1.36374,1.00,1.00
2018.04.23 15:10:29.484,1.36353,1.36373,1.87,1.00
2018.04.23 15:10:29.540,1.36352,1.36372,1.87,1.00
2018.04.23 15:10:29.648,1.36352,1.3637,1.50,1.00
2018.04.23 15:10:30.299,1.36352,1.36372,2.62,1.00
2018.04.23 15:10:30.403,1.36352,1.3637,1.00,1.00
2018.04.23 15:10:31.047,1.36354,1.36372,1.00,1.00
2018.04.23 15:10:31.099,1.36354,1.36374,1.87,1.50
2018.04.23 15:10:31.697,1.36355,1.36375,1.37,2.25
2018.04.23 15:10:34.016,1.36355,1.36375,1.00,1.50
2018.04.23 15:10:34.549,1.36354,1.36375,1.12,1.50
2018.04.23 15:10:35.065,1.36353,1.36374,2.25,1.50
2018.04.23 15:10:35.242,1.36351,1.3637,1.00,1.00
2018.04.23 15:10:35.762,1.36351,1.36371,1.50,1.00
2018.04.23 15:10:36.096,1.36352,1.36373,1.87,1.50
2018.04.23 15:10:36.911,1.36353,1.36374,1.00,1.50
2018.04.23 15:10:37.427,1.36352,1.36373,1.87,1.00
2018.04.23 15:10:37.975,1.36352,1.36374,1.12,2.25
2018.04.23 15:10:39.837,1.36352,1.36373,1.12,1.00
2018.04.23 15:10:40.284,1.36354,1.36373,1.00,1.00
2018.04.23 15:10:40.810,1.36352,1.36373,1.00,1.50
2018.04.23 15:10:40.966,1.36354,1.36373,1.00,1.50
2018.04.23 15:10:41.280,1.36351,1.3637,1.50,1.50
2018.04.23 15:10:41.742,1.36348,1.36369,1.50,1.50
2018.04.23 15:10:42.676,1.36349,1.36369,1.00,2.25
2018.04.23 15:10:43.243,1.36348,1.36368,1.37,1.00
2018.04.23 15:10:43.744,1.36347,1.36369,2.62,2.62
2018.04.23 15:10:44.007,1.3635,1.36369,1.37,1.00
2018.04.23 15:10:44.163,1.3635,1.36371,1.00,1.00
2018.04.23 15:10:44.702,1.36349,1.36369,2.25,1.50
2018.04.23 15:10:45.014,1.36351,1.36369,1.50,1.50
2018.04.23 15:10:45.692,1.3635,1.36369,1.00,3.37
2018.04.23 15:10:47.232,1.36357,1.36372,1.00,1.50
2018.04.23 15:10:47.337,1.36357,1.36375,1.50,1.00
2018.04.23 15:10:47.394,1.36357,1.36378,1.50,2.25
2018.04.23 15:10:47.836,1.36357,1.36374,1.00,1.00
2018.04.23 15:10:48.843,1.36356,1.36374,1.12,1.00
2018.04.23 15:10:49.019,1.36356,1.36377,1.12,1.00
2018.04.23 15:10:49.241,1.36355,1.36375,1.12,1.00
2018.04.23 15:10:49.551,1.36354,1.36373,1.00,1.00
2018.04.23 15:10:49.976,1.36356,1.36375,1.12,1.50
2018.04.23 15:10:50.286,1.36361,1.36379,1.00,1.00
2018.04.23 15:10:50.595,1.3636,1.36377,1.00,1.50
2018.04.23 15:10:50.700,1.3636,1.36379,1.00,1.00
2018.04.23 15:10:51.667,1.3636,1.36379,1.37,1.50
2018.04.23 15:10:51.780,1.3636,1.36377,1.37,1.00
2018.04.23 15:10:52.022,1.3636,1.36379,1.00,1.00
2018.04.23 15:10:52.821,1.36358,1.36379,1.87,1.50
2018.04.23 15:10:53.334,1.36359,1.36379,1.12,1.00
2018.04.23 15:10:53.933,1.36359,1.36379,1.87,1.00
2018.04.23 15:10:54.483,1.36359,1.36378,1.37,1.00
2018.04.23 15:10:54.638,1.36361,1.36379,1.87,1.00
2018.04.23 15:10:54.741,1.36363,1.36382,1.37,1.00
2018.04.23 15:10:54.858,1.36364,1.36384,1.00,1.50
2018.04.23 15:10:54.910,1.36364,1.36379,1.00,1.00
2018.04.23 15:10:56.227,1.36364,1.36384,1.00,1.00
2018.04.23 15:10:56.849,1.36364,1.36383,1.00,1.12
2018.04.23 15:10:57.890,1.36364,1.36382,1.00,1.00
2018.04.23 15:10:58.373,1.36367,1.36384,1.00,1.00
2018.04.23 15:10:58.701,1.36372,1.36389,1.00,2.25
2018.04.23 15:10:58.860,1.3637,1.36389,1.12,2.25
2018.04.23 15:10:58.974,1.36373,1.36392,1.00,1.50
2018.04.23 15:10:59.360,1.36384,1.36399,1.00,1.00
2018.04.23 15:10:59.416,1.36382,1.36399,1.00,1.00
2018.04.23 15:10:59.959,1.36381,1.364,1.12,1.00
2018.04.23 15:11:00.479,1.36382,1.364,1.00,2.25
2018.04.23 15:11:00.587,1.3638,1.36398,1.87,1.50
2018.04.23 15:11:01.600,1.36381,1.36399,1.00,2.25
2018.04.23 15:11:02.132,1.3638,1.36399,1.50,2.25
2018.04.23 15:11:04.593,1.3638,1.36397,2.25,1.00
2018.04.23 15:11:05.158,1.36381,1.36399,1.00,1.00
2018.04.23 15:11:05.677,1.36381,1.36398,1.00,1.50
2018.04.23 15:11:05.844,1.3638,1.364,1.00,1.00
2018.04.23 15:11:05.896,1.36382,1.364,1.00,1.00
2018.04.23 15:11:06.433,1.36382,1.36401,1.00,1.00
2018.04.23 15:11:06.740,1.36382,1.36399,1.50,1.00
2018.04.23 15:11:07.292,1.36383,1.36399,1.00,1.00
2018.04.23 15:11:07.600,1.36382,1.36401,1.50,2.25
2018.04.23 15:11:07.652,1.36384,1.36401,1.00,2.25
2018.04.23 15:11:08.195,1.36383,1.364,1.00,1.50
2018.04.23 15:11:08.501,1.36381,1.364,1.00,1.00
2018.04.23 15:11:08.856,1.36379,1.36399,1.00,1.00
2018.04.23 15:11:09.384,1.3638,1.36398,1.00,1.00
2018.04.23 15:11:09.436,1.36378,1.36398,1.12,1.00
2018.04.23 15:11:09.626,1.3638,1.36399,1.00,1.50
2018.04.23 15:11:10.156,1.36379,1.36399,1.00,1.50
2018.04.23 15:11:11.110,1.36379,1.36398,1.00,1.00
2018.04.23 15:11:11.365,1.36379,1.364,1.00,2.25
2018.04.23 15:11:11.467,1.36379,1.36398,1.00,1.00
2018.04.23 15:11:11.988,1.3638,1.36399,1.00,1.00
2018.04.23 15:11:12.497,1.36379,1.36399,1.00,1.00
2018.04.23 15:11:13.014,1.36378,1.36399,1.87,2.25
2018.04.23 15:11:13.316,1.3638,1.36399,1.00,1.50
2018.04.23 15:11:13.745,1.3638,1.36394,1.00,1.00
2018.04.23 15:11:14.226,1.3638,1.36399,1.00,2.25
2018.04.23 15:11:14.380,1.36378,1.36397,1.50,1.50
2018.04.23 15:11:14.932,1.36377,1.36398,1.12,2.25
2018.04.23 15:11:15.348,1.36377,1.36396,1.12,1.50
2018.04.23 15:11:15.706,1.36375,1.36394,1.00,1.00
2018.04.23 15:11:16.013,1.36377,1.36395,1.00,2.25
2018.04.23 15:11:16.327,1.36369,1.36385,1.00,1.00
2018.04.23 15:11:16.431,1.36369,1.36387,1.00,1.50
2018.04.23 15:11:16.483,1.36366,1.36386,1.87,1.00
2018.04.23 15:11:17.020,1.36366,1.36386,1.00,1.50
2018.04.23 15:11:17.245,1.36367,1.36383,1.00,1.00
2018.04.23 15:11:17.431,1.36364,1.36382,1.00,1.37
2018.04.23 15:11:17.543,1.3636,1.36379,1.00,1.50
2018.04.23 15:11:17.595,1.36359,1.36377,1.00,1.00
2018.04.23 15:11:17.903,1.36356,1.36375,1.12,1.00
2018.04.23 15:11:18.277,1.36356,1.36372,1.00,1.00
2018.04.23 15:11:18.380,1.36355,1.36374,1.00,1.00
2018.04.23 15:11:18.871,1.36353,1.36374,2.25,1.00
2018.04.23 15:11:19.395,1.36354,1.36373,1.00,1.00
2018.04.23 15:11:20.118,1.36353,1.36372,1.50,1.00
2018.04.23 15:11:20.530,1.36353,1.3637,1.00,1.00
2018.04.23 15:11:20.581,1.36354,1.36374,1.00,1.87
2018.04.23 15:11:21.037,1.36356,1.36374,1.00,1.00
2018.04.23 15:11:21.241,1.36354,1.36373,1.00,1.00
2018.04.23 15:11:21.292,1.36355,1.36375,1.00,1.00
2018.04.23 15:11:21.344,1.36355,1.36373,1.00,1.50
2018.04.23 15:11:21.395,1.36353,1.36373,1.00,1.50
2018.04.23 15:11:21.447,1.36351,1.36367,1.00,1.00
2018.04.23 15:11:21.632,1.36351,1.3637,1.00,1.00
2018.04.23 15:11:21.684,1.36354,1.36372,1.00,2.25
2018.04.23 15:11:21.736,1.36352,1.36373,1.00,4.12
2018.04.23 15:11:21.787,1.36354,1.36373,1.00,2.25
2018.04.23 15:11:22.309,1.36355,1.36374,1.00,2.25
2018.04.23 15:11:23.377,1.36354,1.36374,1.00,1.50
2018.04.23 15:11:23.926,1.36354,1.36375,1.50,2.62
2018.04.23 15:11:24.375,1.36354,1.36369,1.50,1.50
2018.04.23 15:11:25.058,1.36354,1.3637,1.50,1.00
2018.04.23 15:11:25.214,1.36355,1.36373,1.00,1.00
2018.04.23 15:11:25.731,1.36357,1.36375,1.00,2.25
2018.04.23 15:11:25.783,1.36355,1.36375,1.00,2.25
2018.04.23 15:11:26.332,1.36355,1.36374,1.00,1.50
2018.04.23 15:11:26.885,1.36355,1.36375,1.00,2.25
2018.04.23 15:11:27.583,1.36355,1.36374,1.00,1.50
2018.04.23 15:11:27.635,1.36357,1.36374,1.00,1.50
2018.04.23 15:11:27.789,1.36355,1.36374,1.00,1.00
2018.04.23 15:11:28.290,1.36355,1.36373,1.00,1.00
2018.04.23 15:11:28.398,1.36357,1.36375,1.00,1.00
2018.04.23 15:11:28.658,1.36355,1.36377,1.00,2.70
2018.04.23 15:11:29.383,1.36355,1.36374,1.00,1.00
2018.04.23 15:11:30.075,1.36356,1.36374,1.00,1.50
2018.04.23 15:11:30.583,1.36355,1.36374,1.00,1.00
2018.04.23 15:11:31.114,1.36355,1.36375,1.00,2.25
2018.04.23 15:11:31.424,1.36358,1.36377,1.00,1.00
2018.04.23 15:11:31.766,1.36355,1.36374,1.50,1.00
2018.04.23 15:11:31.873,1.36354,1.36376,1.50,1.00
2018.04.23 15:11:31.926,1.36354,1.36374,1.00,1.00
2018.04.23 15:11:32.259,1.36356,1.36374,1.00,1.50
2018.04.23 15:11:32.717,1.36354,1.36372,1.00,1.00
2018.04.23 15:11:32.872,1.36354,1.36374,1.00,1.50
2018.04.23 15:11:33.389,1.36354,1.36373,1.00,1.00
2018.04.23 15:11:34.782,1.36353,1.36372,1.00,1.00
2018.04.23 15:11:35.311,1.36353,1.36373,1.00,1.50
2018.04.23 15:11:35.505,1.36353,1.36371,1.00,1.00
2018.04.23 15:11:35.590,1.36353,1.36373,1.00,1.00
2018.04.23 15:11:35.959,1.36353,1.36371,1.00,1.00
2018.04.23 15:11:36.010,1.36353,1.36373,1.00,1.00
2018.04.23 15:11:36.164,1.36353,1.36371,1.00,1.00
2018.04.23 15:11:36.689,1.36354,1.36372,1.00,1.00
2018.04.23 15:11:37.141,1.36352,1.36372,1.50,1.00
2018.04.23 15:11:37.453,1.36354,1.36372,1.00,1.00
2018.04.23 15:11:38.012,1.36353,1.36373,1.00,1.00
2018.04.23 15:11:38.361,1.36353,1.36371,1.00,1.00
2018.04.23 15:11:38.547,1.36353,1.36373,1.00,1.00
2018.04.23 15:11:38.650,1.36355,1.36373,1.00,1.00
2018.04.23 15:11:38.754,1.36358,1.36377,1.00,1.00
2018.04.23 15:11:38.865,1.3636,1.36377,1.00,1.00
2018.04.23 15:11:38.970,1.36358,1.36377,1.00,1.00
2018.04.23 15:11:39.338,1.36356,1.36375,1.00,1.00
2018.04.23 15:11:39.729,1.3636,1.36377,1.00,1.00
2018.04.23 15:11:39.781,1.36358,1.36377,1.00,1.50
2018.04.23 15:11:40.062,1.36355,1.36371,1.00,1.00
2018.04.23 15:11:40.114,1.36353,1.36373,1.00,1.50
2018.04.23 15:11:40.398,1.36353,1.36369,1.00,1.00
2018.04.23 15:11:40.450,1.36352,1.36371,1.00,1.00
2018.04.23 15:11:41.150,1.36353,1.36371,1.00,1.00
2018.04.23 15:11:41.678,1.36353,1.36373,1.00,4.12
2018.04.23 15:11:42.153,1.36352,1.36371,1.00,1.00
2018.04.23 15:11:42.758,1.36351,1.3637,1.00,1.00
2018.04.23 15:11:43.203,1.36352,1.36372,1.00,1.50
2018.04.23 15:11:43.255,1.36352,1.3637,1.00,1.00
2018.04.23 15:11:43.737,1.3635,1.3637,1.50,1.00
2018.04.23 15:11:44.015,1.36352,1.3637,1.00,1.00
2018.04.23 15:11:44.332,1.3635,1.3637,1.50,1.00
2018.04.23 15:11:44.552,1.36352,1.36369,1.00,1.00
2018.04.23 15:11:45.068,1.36351,1.36369,1.00,1.00
2018.04.23 15:11:45.584,1.36352,1.3637,1.00,1.00
2018.04.23 15:11:45.754,1.36353,1.36372,1.00,1.10
2018.04.23 15:11:45.856,1.36351,1.36371,1.00,1.00
2018.04.23 15:11:45.960,1.36353,1.36371,1.00,1.00
2018.04.23 15:11:46.307,1.36351,1.36371,1.00,1.00
2018.04.23 15:11:46.822,1.36352,1.3637,1.00,1.00
2018.04.23 15:11:47.326,1.36351,1.36371,1.00,1.00
2018.04.23 15:11:47.429,1.36353,1.36371,1.00,1.00
2018.04.23 15:11:48.547,1.36355,1.36374,1.00,3.82
2018.04.23 15:11:49.049,1.36354,1.36372,1.00,1.00
2018.04.23 15:11:49.397,1.36352,1.36372,1.00,1.00
2018.04.23 15:11:49.581,1.36354,1.36372,1.00,1.50
2018.04.23 15:11:49.774,1.36352,1.36372,1.00,1.10
2018.04.23 15:11:50.546,1.36352,1.36372,1.00,1.57
2018.04.23 15:11:51.179,1.36352,1.3637,1.00,1.00
2018.04.23 15:11:51.428,1.3635,1.36371,2.25,1.00
2018.04.23 15:11:51.584,1.36352,1.36371,1.00,1.00
2018.04.23 15:11:52.122,1.36351,1.3637,1.00,1.00
2018.04.23 15:11:52.642,1.36351,1.36369,1.50,1.00
2018.04.23 15:11:52.797,1.36347,1.36367,1.00,1.12
2018.04.23 15:11:53.342,1.36348,1.36366,1.00,1.00
2018.04.23 15:11:53.547,1.3635,1.36368,1.00,2.62
2018.04.23 15:11:54.196,1.36352,1.3637,1.00,1.07
2018.04.23 15:11:54.400,1.36351,1.36371,1.00,1.50
2018.04.23 15:11:55.497,1.36352,1.36371,1.00,1.57
2018.04.23 15:11:56.035,1.36351,1.3637,1.00,1.10
2018.04.23 15:11:57.695,1.36352,1.36371,1.00,1.50
2018.04.23 15:11:58.222,1.36352,1.36371,1.00,1.07
2018.04.23 15:11:58.658,1.3635,1.36368,1.00,1.50
2018.04.23 15:11:59.010,1.36351,1.3637,1.00,1.00
2018.04.23 15:11:59.679,1.36352,1.3637,1.00,1.00
2018.04.23 15:12:00.252,1.36351,1.36369,1.00,1.00
2018.04.23 15:12:01.482,1.36349,1.36369,1.00,1.87
2018.04.23 15:12:02.037,1.3635,1.36368,1.00,1.50
2018.04.23 15:12:02.396,1.36353,1.36369,1.00,3.37
2018.04.23 15:12:03.605,1.36352,1.36369,1.00,1.12
2018.04.23 15:12:04.115,1.36353,1.36369,1.00,1.50
2018.04.23 15:12:04.695,1.36353,1.36369,1.00,2.62
2018.04.23 15:12:04.873,1.36349,1.36365,1.00,1.00
2018.04.23 15:12:05.262,1.36351,1.36364,1.00,1.00
2018.04.23 15:12:05.671,1.36349,1.36366,1.00,1.12
2018.04.23 15:12:06.195,1.3635,1.36365,1.00,2.25
2018.04.23 15:12:06.697,1.3635,1.36364,1.00,1.50
2018.04.23 15:12:07.069,1.36346,1.36357,1.00,1.50
2018.04.23 15:12:07.121,1.36345,1.36364,1.00,3.75
2018.04.23 15:12:07.636,1.36345,1.36361,1.00,1.00
2018.04.23 15:12:08.078,1.36342,1.36359,1.00,1.00
2018.04.23 15:12:08.658,1.36341,1.36359,1.00,2.25
2018.04.23 15:12:11.708,1.36341,1.3636,1.00,1.50
2018.04.23 15:12:11.810,1.36341,1.36358,1.00,1.50
2018.04.23 15:12:12.421,1.36342,1.36358,1.00,1.50
2018.04.23 15:12:12.525,1.3634,1.36358,1.00,1.00
2018.04.23 15:12:13.206,1.36341,1.36358,1.00,1.50
2018.04.23 15:12:13.612,1.36339,1.36358,1.00,1.50
2018.04.23 15:12:14.404,1.3634,1.36357,1.00,1.00
2018.04.23 15:12:14.953,1.36339,1.36357,1.00,1.00
2018.04.23 15:12:15.230,1.36341,1.36358,1.00,2.25
2018.04.23 15:12:15.579,1.36346,1.36363,1.00,3.00
2018.04.23 15:12:16.127,1.36347,1.36363,1.00,1.00
2018.04.23 15:12:16.812,1.36347,1.36362,1.00,1.37
2018.04.23 15:12:16.865,1.36345,1.36362,1.00,1.95
2018.04.23 15:12:17.021,1.36343,1.36361,1.00,1.37
2018.04.23 15:12:17.230,1.36341,1.36361,1.00,1.37
2018.04.23 15:12:17.727,1.36341,1.36358,1.00,1.00
2018.04.23 15:12:18.334,1.36341,1.36359,1.00,1.57
2018.04.23 15:12:19.299,1.3634,1.36358,1.00,1.00
2018.04.23 15:12:19.895,1.3634,1.36359,1.00,1.50
2018.04.23 15:12:21.530,1.3634,1.36357,1.00,1.50
2018.04.23 15:12:22.094,1.36339,1.36358,1.00,2.62
2018.04.23 15:12:22.595,1.36339,1.36356,1.00,1.00
2018.04.23 15:12:23.086,1.3634,1.36359,1.00,3.07
2018.04.23 15:12:23.138,1.3634,1.36357,1.00,1.00
2018.04.23 15:12:23.762,1.36338,1.36357,1.50,1.00
2018.04.23 15:12:23.813,1.3634,1.36357,1.00,1.00
2018.04.23 15:12:24.338,1.36339,1.36357,1.00,1.00
2018.04.23 15:12:24.859,1.36338,1.36357,1.00,1.00
2018.04.23 15:12:25.365,1.36337,1.36356,1.00,1.00
2018.04.23 15:12:25.699,1.36339,1.36356,1.00,1.50
2018.04.23 15:12:26.270,1.36338,1.36355,1.00,1.00
2018.04.23 15:12:26.895,1.36339,1.36356,1.00,1.50
2018.04.23 15:12:26.997,1.36337,1.36356,1.00,2.25
2018.04.23 15:12:27.219,1.3634,1.36356,1.00,1.50
2018.04.23 15:12:27.881,1.36339,1.36356,1.00,1.50
2018.04.23 15:12:28.609,1.3634,1.36356,1.00,1.00
2018.04.23 15:12:29.249,1.36339,1.36356,1.00,1.50
2018.04.23 15:12:29.789,1.3634,1.36356,1.00,1.00
2018.04.23 15:12:30.046,1.36338,1.36355,1.00,1.00
2018.04.23 15:12:30.200,1.3634,1.36356,1.00,1.00
2018.04.23 15:12:30.782,1.3634,1.36355,1.00,1.50
2018.04.23 15:12:31.340,1.3634,1.36356,1.00,1.00
2018.04.23 15:12:35.990,1.36339,1.36356,1.00,2.32
2018.04.23 15:12:36.396,1.36341,1.36356,1.00,1.10
2018.04.23 15:12:36.792,1.36338,1.36356,1.00,1.10
2018.04.23 15:12:37.100,1.3634,1.36356,1.00,1.10
2018.04.23 15:12:37.651,1.36339,1.36356,1.00,1.50
2018.04.23 15:12:38.207,1.3634,1.36356,1.00,1.00
2018.04.23 15:12:38.739,1.36339,1.36356,1.00,1.00
2018.04.23 15:12:39.307,1.36338,1.36356,1.00,1.00
2018.04.23 15:12:39.826,1.36339,1.36356,1.00,1.50
2018.04.23 15:12:40.370,1.3634,1.36356,1.00,1.50
2018.04.23 15:12:40.887,1.36338,1.36356,1.00,1.00
2018.04.23 15:12:41.477,1.36337,1.36356,1.00,1.57
2018.04.23 15:12:43.691,1.36337,1.36355,1.00,1.00
2018.04.23 15:12:44.107,1.36337,1.36353,1.00,1.00
2018.04.23 15:12:44.752,1.36336,1.36354,1.00,1.10
2018.04.23 15:12:45.299,1.36336,1.36353,1.00,1.00
2018.04.23 15:12:46.222,1.36336,1.36354,1.00,1.50
2018.04.23 15:12:46.883,1.36337,1.36354,1.00,1.50
2018.04.23 15:12:47.581,1.36336,1.36354,1.00,1.50
2018.04.23 15:12:48.082,1.36337,1.36354,1.00,1.00
2018.04.23 15:12:49.313,1.36337,1.36353,1.00,1.00
2018.04.23 15:12:51.543,1.36331,1.3635,1.00,1.00
2018.04.23 15:12:51.595,1.36329,1.36347,1.50,1.50
2018.04.23 15:12:52.125,1.36329,1.36346,1.00,1.50
2018.04.23 15:12:52.418,1.36327,1.36346,1.00,1.00
2018.04.23 15:12:52.775,1.36329,1.36346,1.00,2.25
2018.04.23 15:12:53.086,1.36327,1.36346,1.00,1.00
2018.04.23 15:12:53.233,1.36329,1.36346,1.00,1.00
2018.04.23 15:12:53.284,1.36327,1.36346,1.00,2.25
2018.04.23 15:12:53.811,1.36329,1.36346,1.00,1.50
2018.04.23 15:12:54.592,1.36328,1.36346,1.00,1.50
2018.04.23 15:12:55.455,1.36328,1.36347,1.00,1.50
2018.04.23 15:12:55.764,1.36332,1.36348,1.00,1.00
2018.04.23 15:12:56.313,1.36331,1.36347,1.00,1.00
2018.04.23 15:12:56.917,1.36331,1.36349,1.00,2.32
2018.04.23 15:12:57.444,1.36332,1.36349,1.00,1.57
2018.04.23 15:12:58.513,1.36332,1.36346,1.00,1.00
2018.04.23 15:12:59.035,1.36332,1.36347,1.00,1.00
2018.04.23 15:12:59.717,1.36332,1.36346,1.00,1.00
2018.04.23 15:13:00.168,1.3633,1.36346,1.00,1.00
2018.04.23 15:13:00.479,1.36332,1.36346,1.00,1.00
2018.04.23 15:13:00.581,1.3633,1.36346,1.00,1.00
2018.04.23 15:13:01.147,1.36331,1.36348,1.00,1.57
2018.04.23 15:13:01.660,1.3633,1.36347,1.00,1.00
2018.04.23 15:13:02.199,1.3633,1.36346,1.00,1.00
2018.04.23 15:13:02.252,1.36329,1.36348,1.00,1.57
2018.04.23 15:13:02.836,1.36329,1.36347,1.00,1.00
2018.04.23 15:13:03.363,1.3633,1.36349,1.00,2.70
2018.04.23 15:13:03.415,1.36333,1.36349,1.00,2.32
2018.04.23 15:13:03.571,1.36332,1.3635,1.00,1.00
2018.04.23 15:13:03.623,1.36339,1.36354,1.00,1.00
2018.04.23 15:13:03.726,1.36341,1.36357,1.00,1.00
2018.04.23 15:13:04.335,1.3634,1.36358,1.00,1.00
2018.04.23 15:13:04.677,1.36342,1.36359,1.00,1.87
2018.04.23 15:13:05.206,1.36341,1.36359,1.00,1.12
2018.04.23 15:13:05.546,1.36341,1.36357,1.00,1.00
2018.04.23 15:13:05.600,1.3634,1.36359,1.00,1.87
2018.04.23 15:13:06.876,1.36342,1.36359,1.00,2.25
2018.04.23 15:13:09.206,1.36341,1.36359,1.00,3.75
2018.04.23 15:13:09.760,1.3634,1.36359,1.00,2.25
2018.04.23 15:13:10.232,1.36342,1.36359,1.00,1.50
2018.04.23 15:13:10.612,1.36347,1.36363,1.00,1.07
2018.04.23 15:13:11.077,1.36347,1.36364,1.00,1.00
2018.04.23 15:13:11.587,1.36345,1.36364,1.00,1.00
2018.04.23 15:13:11.639,1.36346,1.36362,1.00,1.00
2018.04.23 15:13:11.956,1.36341,1.36357,1.00,1.00
2018.04.23 15:13:12.008,1.36339,1.36357,1.00,1.50
2018.04.23 15:13:12.543,1.3634,1.36357,1.00,1.50
2018.04.23 15:13:13.254,1.3634,1.36356,1.00,1.00
2018.04.23 15:13:13.880,1.3634,1.36355,1.00,1.00
2018.04.23 15:13:13.996,1.36338,1.36356,1.00,1.50
2018.04.23 15:13:14.507,1.36337,1.36356,1.50,1.50
2018.04.23 15:13:14.559,1.36339,1.36356,1.00,1.50
2018.04.23 15:13:15.097,1.36338,1.36354,1.00,1.00
2018.04.23 15:13:15.380,1.36338,1.36356,1.00,1.00
2018.04.23 15:13:16.537,1.36337,1.36355,1.50,1.00
2018.04.23 15:13:17.065,1.36338,1.36354,1.00,1.00
2018.04.23 15:13:17.235,1.36338,1.36356,1.00,1.00
2018.04.23 15:13:17.286,1.36338,1.36354,1.00,1.00
2018.04.23 15:13:17.511,1.36338,1.36356,1.00,1.00
2018.04.23 15:13:17.804,1.36333,1.36351,1.00,1.50
2018.04.23 15:13:18.110,1.36338,1.36356,1.00,1.50
2018.04.23 15:13:18.417,1.36337,1.36352,1.00,1.00
2018.04.23 15:13:18.910,1.36335,1.36351,1.00,3.37
2018.04.23 15:13:19.220,1.36333,1.36351,1.00,1.00
2018.04.23 15:13:19.566,1.36335,1.36351,1.00,1.00
2018.04.23 15:13:19.795,1.36333,1.36351,1.00,1.00
2018.04.23 15:13:19.930,1.36335,1.36351,1.00,1.00
2018.04.23 15:13:20.348,1.36333,1.36351,1.00,1.00
2018.04.23 15:13:20.451,1.36335,1.36351,1.00,1.00
2018.04.23 15:13:20.607,1.36333,1.36351,1.00,1.37
2018.04.23 15:13:21.159,1.36332,1.36349,1.00,1.12
2018.04.23 15:13:21.881,1.36331,1.36348,1.00,1.00
2018.04.23 15:13:22.393,1.3633,1.36348,1.00,1.50
2018.04.23 15:13:23.072,1.36329,1.36348,1.00,1.50
2018.04.23 15:13:23.241,1.36331,1.36348,1.00,1.50
2018.04.23 15:13:23.794,1.36332,1.36348,1.00,1.00
2018.04.23 15:13:24.296,1.36333,1.36349,1.00,1.50
2018.04.23 15:13:24.813,1.36332,1.36349,1.00,2.25
2018.04.23 15:13:25.358,1.36333,1.36349,1.00,2.25
2018.04.23 15:13:25.766,1.36331,1.36348,1.00,1.00
2018.04.23 15:13:26.074,1.36333,1.36349,1.00,1.00
2018.04.23 15:13:26.126,1.36332,1.36351,1.00,1.95
2018.04.23 15:13:26.261,1.36331,1.36349,1.00,1.50
2018.04.23 15:13:26.580,1.3633,1.36347,1.00,1.00
2018.04.23 15:13:27.117,1.3633,1.36348,1.00,1.00
2018.04.23 15:13:27.468,1.36329,1.36346,1.00,1.00
2018.04.23 15:13:27.996,1.36328,1.36347,1.00,1.50
2018.04.23 15:13:28.328,1.36334,1.36349,1.00,1.00
2018.04.23 15:13:28.535,1.36332,1.36348,1.00,1.00
2018.04.23 15:13:28.639,1.3633,1.36348,1.00,1.50
2018.04.23 15:13:29.169,1.3633,1.36347,1.00,1.00
2018.04.23 15:13:29.673,1.36329,1.36348,1.00,2.25
2018.04.23 15:13:30.236,1.36329,1.36347,1.00,1.00
2018.04.23 15:13:30.289,1.36331,1.36347,1.00,1.00
2018.04.23 15:13:30.791,1.36331,1.36348,1.00,3.00
2018.04.23 15:13:31.401,1.3633,1.36348,1.00,1.12
2018.04.23 15:13:31.944,1.3633,1.36346,1.00,1.00
2018.04.23 15:13:32.346,1.36328,1.36347,1.00,1.50
2018.04.23 15:13:32.562,1.36328,1.36345,1.00,1.00
2018.04.23 15:13:33.573,1.36328,1.36344,1.00,1.00
2018.04.23 15:13:34.074,1.36328,1.36345,1.00,1.00
2018.04.23 15:13:34.768,1.36328,1.36344,1.00,1.00
2018.04.23 15:13:35.415,1.3633,1.36346,1.00,1.50
2018.04.23 15:13:35.468,1.36328,1.36346,1.00,1.00
2018.04.23 15:13:35.624,1.3633,1.36347,1.00,1.12
2018.04.23 15:13:35.727,1.36328,1.36347,1.00,1.12
2018.04.23 15:13:36.238,1.36327,1.36346,1.00,1.50
2018.04.23 15:13:36.465,1.36329,1.36346,1.00,1.50
2018.04.23 15:13:36.626,1.36327,1.36346,1.00,1.50
2018.04.23 15:13:36.700,1.36329,1.36346,1.00,1.50
2018.04.23 15:13:36.803,1.36327,1.36346,1.00,1.50
2018.04.23 15:13:37.228,1.36329,1.36346,1.00,1.50
2018.04.23 15:13:37.740,1.36329,1.36345,1.00,1.00
2018.04.23 15:13:37.792,1.36327,1.36345,1.00,1.00
2018.04.23 15:13:38.127,1.36328,1.36343,1.00,1.00
2018.04.23 15:13:38.712,1.36328,1.36344,1.00,1.50
2018.04.23 15:13:39.215,1.36327,1.36344,1.00,1.50
2018.04.23 15:13:40.368,1.36328,1.36344,1.00,1.00
2018.04.23 15:13:41.211,1.36326,1.36344,1.00,1.00
2018.04.23 15:13:41.897,1.36327,1.36345,1.00,1.50
2018.04.23 15:13:42.642,1.36326,1.36343,1.00,1.00
2018.04.23 15:13:43.640,1.36327,1.36344,1.00,1.50
2018.04.23 15:13:46.163,1.3633,1.36346,1.00,1.12
2018.04.23 15:13:46.317,1.36328,1.36345,1.00,1.00
2018.04.23 15:13:46.857,1.36328,1.36344,1.00,1.00
2018.04.23 15:13:47.366,1.36326,1.36345,1.00,1.00
2018.04.23 15:13:48.018,1.36326,1.36344,1.00,1.00
2018.04.23 15:13:48.765,1.36326,1.36343,1.00,1.50
2018.04.23 15:13:50.130,1.36329,1.36346,1.00,3.37
2018.04.23 15:13:50.387,1.36326,1.36345,1.00,1.50
2018.04.23 15:13:52.531,1.36328,1.36345,1.00,2.25
2018.04.23 15:13:53.036,1.36327,1.36344,1.00,1.00
2018.04.23 15:13:53.550,1.36327,1.36345,1.00,1.00
2018.04.23 15:13:54.111,1.36327,1.36344,1.00,1.00
2018.04.23 15:13:55.319,1.36328,1.36346,1.00,3.37
2018.04.23 15:13:55.586,1.3633,1.36345,1.00,1.00
2018.04.23 15:13:55.845,1.36336,1.36352,1.00,1.87
2018.04.23 15:13:55.899,1.36334,1.36348,1.00,1.00
2018.04.23 15:13:55.952,1.36334,1.36351,1.00,1.50
2018.04.23 15:13:56.371,1.36331,1.3635,1.00,2.62
2018.04.23 15:13:56.477,1.3633,1.36346,1.00,1.50
2018.04.23 15:13:57.144,1.36332,1.36348,1.00,1.00
2018.04.23 15:13:57.482,1.36333,1.3635,1.00,1.00
2018.04.23 15:13:58.089,1.36332,1.36349,1.00,1.00
2018.04.23 15:13:59.137,1.36332,1.3635,1.00,1.50
2018.04.23 15:13:59.759,1.36333,1.3635,1.00,1.00
2018.04.23 15:14:00.120,1.36331,1.36349,1.00,1.00
2018.04.23 15:14:00.173,1.36329,1.36348,1.00,1.00
2018.04.23 15:14:00.345,1.36327,1.36347,1.00,1.12
2018.04.23 15:14:00.899,1.36327,1.36346,1.00,1.00
2018.04.23 15:14:00.952,1.36329,1.36347,1.00,1.50
2018.04.23 15:14:01.345,1.36327,1.36346,1.00,1.50
2018.04.23 15:14:01.981,1.36327,1.36345,1.00,1.00
2018.04.23 15:14:02.972,1.36326,1.36345,1.12,1.00
2018.04.23 15:14:03.475,1.36326,1.36346,1.12,1.50
2018.04.23 15:14:03.560,1.36325,1.36343,1.87,1.00
2018.04.23 15:14:03.613,1.3632,1.36339,1.50,1.00
2018.04.23 15:14:04.118,1.36323,1.36338,1.00,1.00
2018.04.23 15:14:04.274,1.3632,1.36337,1.00,1.00
2018.04.23 15:14:05.266,1.3632,1.36338,1.00,1.50
2018.04.23 15:14:05.834,1.3632,1.36337,1.00,1.00
2018.04.23 15:14:06.663,1.3632,1.36338,1.00,1.50
2018.04.23 15:14:07.571,1.3632,1.36337,1.00,1.00
2018.04.23 15:14:07.973,1.36323,1.3634,1.00,1.50
2018.04.23 15:14:08.179,1.36325,1.36342,1.00,3.00
2018.04.23 15:14:08.282,1.36327,1.36343,1.00,2.25
2018.04.23 15:14:08.808,1.36326,1.36342,1.00,1.00
2018.04.23 15:14:09.354,1.36325,1.36343,1.00,1.00
2018.04.23 15:14:09.912,1.36325,1.36342,1.00,1.00
2018.04.23 15:14:10.556,1.36323,1.36339,1.00,1.50
2018.04.23 15:14:10.864,1.36321,1.36337,1.50,1.50
2018.04.23 15:14:12.755,1.36324,1.36338,1.00,1.00
2018.04.23 15:14:12.807,1.36326,1.36341,1.00,1.12
2018.04.23 15:14:12.961,1.36323,1.36339,1.00,1.12
2018.04.23 15:14:13.064,1.36321,1.36337,1.00,1.12
2018.04.23 15:14:13.567,1.36321,1.36336,1.00,1.00
2018.04.23 15:14:14.071,1.36321,1.36337,1.00,1.87
2018.04.23 15:14:15.482,1.36321,1.36336,1.00,1.00
2018.04.23 15:14:16.586,1.36319,1.36336,1.00,1.00
2018.04.23 15:14:17.129,1.36319,1.36334,1.00,1.50
2018.04.23 15:14:17.641,1.36318,1.36334,1.00,1.00
2018.04.23 15:14:20.554,1.36318,1.36336,1.00,1.50
2018.04.23 15:14:21.089,1.36317,1.36335,1.00,1.00
2018.04.23 15:14:21.848,1.36323,1.36338,1.00,1.00
2018.04.23 15:14:22.410,1.36323,1.36339,1.00,1.00
2018.04.23 15:14:22.739,1.36325,1.3634,1.00,1.00
2018.04.23 15:14:23.850,1.36326,1.3634,1.00,1.00
2018.04.23 15:14:24.017,1.36326,1.36342,1.00,1.00
2018.04.23 15:14:24.551,1.36325,1.36341,1.00,1.00
2018.04.23 15:14:24.602,1.36326,1.36343,1.00,1.00
2018.04.23 15:14:25.597,1.36327,1.36343,1.00,1.00
2018.04.23 15:14:27.529,1.36325,1.36343,1.00,1.12
2018.04.23 15:14:27.633,1.36328,1.36342,1.00,1.00
2018.04.23 15:14:27.736,1.36328,1.36345,1.00,2.25
2018.04.23 15:14:28.274,1.36328,1.36344,1.00,1.12
2018.04.23 15:14:28.811,1.36327,1.36344,1.00,1.00
2018.04.23 15:14:29.425,1.36329,1.36344,1.00,1.50
2018.04.23 15:14:30.069,1.36329,1.36343,1.00,1.00
2018.04.23 15:14:30.557,1.36333,1.36348,1.00,1.00
2018.04.23 15:14:30.662,1.36327,1.36346,1.00,2.25
2018.04.23 15:14:30.719,1.36325,1.36341,1.00,1.00
2018.04.23 15:14:30.826,1.36323,1.36341,1.00,1.00
2018.04.23 15:14:31.176,1.36321,1.36339,1.00,1.00
2018.04.23 15:14:31.585,1.36321,1.36337,1.00,1.00
2018.04.23 15:14:32.113,1.36319,1.36337,1.00,1.00
2018.04.23 15:14:32.832,1.36321,1.36337,1.00,1.00
2018.04.23 15:14:33.384,1.36319,1.36336,1.00,1.00
2018.04.23 15:14:33.495,1.36317,1.36335,1.50,1.00
2018.04.23 15:14:33.652,1.36319,1.36335,1.00,1.00
2018.04.23 15:14:33.704,1.36317,1.36336,1.50,1.00
2018.04.23 15:14:33.807,1.3632,1.36336,1.00,1.00
2018.04.23 15:14:33.911,1.36317,1.36336,1.50,1.00
2018.04.23 15:14:33.962,1.3632,1.36336,1.00,1.00
2018.04.23 15:14:34.066,1.36317,1.36335,1.50,1.00
2018.04.23 15:14:35.239,1.36319,1.36335,1.00,1.00
2018.04.23 15:14:35.394,1.36317,1.36335,1.50,1.00
2018.04.23 15:14:35.902,1.36318,1.36335,1.00,1.00
2018.04.23 15:14:36.423,1.36318,1.36334,1.00,1.00
2018.04.23 15:14:36.475,1.36318,1.36336,1.00,1.50
2018.04.23 15:14:37.611,1.36317,1.36335,1.50,1.00
2018.04.23 15:14:37.665,1.36319,1.36335,1.00,1.00
2018.04.23 15:14:38.348,1.36321,1.36336,1.00,1.00
2018.04.23 15:14:38.399,1.36319,1.36336,1.00,1.50
2018.04.23 15:14:38.450,1.36321,1.36336,1.00,1.00
2018.04.23 15:14:38.611,1.36318,1.36336,1.00,1.00
2018.04.23 15:14:40.190,1.36324,1.36339,1.00,1.00
2018.04.23 15:14:40.373,1.36328,1.36344,1.00,1.50
2018.04.23 15:14:40.530,1.36328,1.36346,1.00,1.00
2018.04.23 15:14:43.054,1.3633,1.36346,1.00,1.00
2018.04.23 15:14:43.361,1.36328,1.36344,1.00,1.00
2018.04.23 15:14:45.557,1.36327,1.36344,1.00,1.00
2018.04.23 15:14:45.760,1.36323,1.36341,1.00,1.00
2018.04.23 15:14:45.900,1.36326,1.36341,1.00,1.00
2018.04.23 15:14:45.963,1.36328,1.36344,1.00,1.00
2018.04.23 15:14:46.117,1.36328,1.36346,1.00,1.50
2018.04.23 15:14:46.463,1.3633,1.36346,1.00,1.50
2018.04.23 15:14:46.986,1.36329,1.36345,1.00,1.00
2018.04.23 15:14:47.492,1.36328,1.36344,1.00,1.00
2018.04.23 15:14:48.341,1.36328,1.36345,1.00,1.00
2018.04.23 15:14:48.696,1.36324,1.36342,1.00,2.25
2018.04.23 15:14:49.064,1.36326,1.36342,1.00,2.62
2018.04.23 15:14:49.223,1.36324,1.36342,1.00,1.87
2018.04.23 15:14:52.693,1.36323,1.36339,1.00,1.00
2018.04.23 15:14:53.416,1.36323,1.3634,1.00,1.12
2018.04.23 15:14:54.155,1.36323,1.36339,1.00,1.00
2018.04.23 15:14:54.909,1.36322,1.36339,1.00,1.00
2018.04.23 15:14:55.454,1.36321,1.36339,1.00,1.00
2018.04.23 15:14:55.963,1.36322,1.3634,1.00,1.12
2018.04.23 15:14:56.477,1.36321,1.36339,1.00,1.00
2018.04.23 15:14:57.418,1.36322,1.3634,1.00,1.87
2018.04.23 15:14:58.012,1.36322,1.36338,1.00,1.00
2018.04.23 15:14:58.703,1.36322,1.3634,1.00,1.12
2018.04.23 15:14:59.240,1.36321,1.36339,1.00,1.00
2018.04.23 15:14:59.396,1.36323,1.36339,1.00,1.00
2018.04.23 15:14:59.603,1.36324,1.36342,1.00,2.62
2018.04.23 15:14:59.863,1.36323,1.36339,1.00,1.00
2018.04.23 15:15:00.031,1.3632,1.36338,1.50,1.00
2018.04.23 15:15:00.136,1.36322,1.36338,1.00,1.50
2018.04.23 15:15:00.652,1.36327,1.3634,1.00,1.50
2018.04.23 15:15:00.822,1.36329,1.36345,1.00,1.00
2018.04.23 15:15:00.980,1.36326,1.36342,1.00,1.00
2018.04.23 15:15:01.039,1.36328,1.36345,1.00,1.12
2018.04.23 15:15:01.141,1.36329,1.36347,1.00,2.25
2018.04.23 15:15:01.618,1.36331,1.36347,1.00,1.00
2018.04.23 15:15:02.107,1.36329,1.36345,1.00,1.00
2018.04.23 15:15:03.962,1.36328,1.36344,1.00,1.12
2018.04.23 15:15:04.015,1.36326,1.36344,1.00,1.50
2018.04.23 15:15:04.172,1.36324,1.36342,1.00,1.00
2018.04.23 15:15:04.738,1.36325,1.36343,1.00,2.25
2018.04.23 15:15:05.136,1.36327,1.36343,1.00,1.00
2018.04.23 15:15:07.540,1.36325,1.36343,1.00,1.12
2018.04.23 15:15:07.913,1.36324,1.36341,1.00,1.12
2018.04.23 15:15:08.244,1.36326,1.36342,1.00,1.12
2018.04.23 15:15:08.774,1.36325,1.36341,1.00,1.00
2018.04.23 15:15:09.199,1.36326,1.36343,1.00,1.87
2018.04.23 15:15:09.724,1.36326,1.36342,1.00,1.00
2018.04.23 15:15:10.241,1.36326,1.36343,1.50,1.00
2018.04.23 15:15:10.466,1.36328,1.36343,1.00,1.00
2018.04.23 15:15:11.639,1.36328,1.36345,1.00,1.00
2018.04.23 15:15:12.187,1.36329,1.36345,1.00,1.50
2018.04.23 15:15:12.714,1.36328,1.36344,1.00,1.00
2018.04.23 15:15:13.292,1.36327,1.36343,1.00,1.00
2018.04.23 15:15:13.853,1.36328,1.36344,1.00,1.00
2018.04.23 15:15:14.396,1.36327,1.36345,1.00,2.25
2018.04.23 15:15:14.660,1.3633,1.36345,1.00,1.00
2018.04.23 15:15:14.765,1.36327,1.36344,1.00,1.00
2018.04.23 15:15:14.882,1.36329,1.36345,1.00,1.00
2018.04.23 15:15:15.383,1.36328,1.36346,1.00,1.00
2018.04.23 15:15:15.703,1.36331,1.36346,1.00,1.00
2018.04.23 15:15:15.855,1.36328,1.36346,1.00,1.00
2018.04.23 15:15:15.909,1.36328,1.36344,1.00,1.00
2018.04.23 15:15:15.962,1.36328,1.36346,1.00,2.25
2018.04.23 15:15:16.014,1.36328,1.36344,1.00,1.00
2018.04.23 15:15:16.589,1.36329,1.36345,1.00,1.00
2018.04.23 15:15:16.787,1.36327,1.36345,1.00,1.00
2018.04.23 15:15:17.309,1.36327,1.36343,1.00,1.00
2018.04.23 15:15:18.015,1.36326,1.36343,1.00,1.00
2018.04.23 15:15:18.579,1.36327,1.36343,1.00,2.25
2018.04.23 15:15:18.632,1.36324,1.36342,1.00,1.50
2018.04.23 15:15:18.685,1.36324,1.3634,1.00,1.00
2018.04.23 15:15:18.944,1.36325,1.36344,1.00,2.25
2018.04.23 15:15:18.996,1.36323,1.36339,1.00,1.12
2018.04.23 15:15:19.048,1.36321,1.36338,1.50,1.00
2018.04.23 15:15:19.152,1.36321,1.36336,1.00,1.00
2018.04.23 15:15:19.682,1.36321,1.36337,1.00,1.50
2018.04.23 15:15:19.798,1.36319,1.36337,1.00,1.50
2018.04.23 15:15:19.901,1.36323,1.36337,1.00,1.00
2018.04.23 15:15:20.194,1.36328,1.36343,1.00,2.25
2018.04.23 15:15:20.298,1.36327,1.36345,1.00,1.00
2018.04.23 15:15:20.770,1.3633,1.36346,1.00,1.87
2018.04.23 15:15:21.107,1.36334,1.3635,1.00,1.50
2018.04.23 15:15:21.311,1.36327,1.36345,1.00,1.00
2018.04.23 15:15:21.362,1.36329,1.36345,1.00,1.00
2018.04.23 15:15:21.762,1.36327,1.36345,1.00,1.00
2018.04.23 15:15:22.251,1.36325,1.36343,1.00,1.00
2018.04.23 15:15:22.764,1.36326,1.36344,1.00,1.00
2018.04.23 15:15:23.311,1.36327,1.36345,1.00,1.50
2018.04.23 15:15:23.363,1.36324,1.36344,1.50,1.00
2018.04.23 15:15:23.598,1.36326,1.36344,1.00,1.00
2018.04.23 15:15:23.651,1.36328,1.36347,1.00,1.00
2018.04.23 15:15:23.961,1.36327,1.36345,1.00,1.00
2018.04.23 15:15:24.617,1.36327,1.36344,1.00,1.00
2018.04.23 15:15:24.825,1.36323,1.36343,1.00,1.12
2018.04.23 15:15:24.878,1.36323,1.36341,1.00,1.00
2018.04.23 15:15:24.932,1.36321,1.36341,1.50,1.00
2018.04.23 15:15:25.273,1.36323,1.36341,1.00,1.50
2018.04.23 15:15:25.324,1.36321,1.36341,1.50,1.00
2018.04.23 15:15:25.681,1.36321,1.36339,1.50,1.00
2018.04.23 15:15:26.378,1.36322,1.3634,1.00,1.50
2018.04.23 15:15:26.894,1.36321,1.3634,1.50,1.50
2018.04.23 15:15:27.301,1.36323,1.36341,1.00,2.25
2018.04.23 15:15:27.404,1.36321,1.36341,1.50,1.50
2018.04.23 15:15:27.456,1.36323,1.36341,1.00,1.50
2018.04.23 15:15:27.997,1.36321,1.36341,1.50,2.25
2018.04.23 15:15:28.049,1.36323,1.36341,1.00,2.25
2018.04.23 15:15:28.260,1.36321,1.3634,1.00,1.00
2018.04.23 15:15:28.717,1.36322,1.36342,1.00,2.25
2018.04.23 15:15:28.769,1.36325,1.36342,1.00,1.00
2018.04.23 15:15:28.821,1.36325,1.36344,1.00,1.00
2018.04.23 15:15:29.313,1.36329,1.36347,1.00,2.25
2018.04.23 15:15:29.836,1.36329,1.36346,1.00,1.00
2018.04.23 15:15:30.097,1.36327,1.36346,1.00,1.00
2018.04.23 15:15:30.149,1.36325,1.36343,2.25,1.00
2018.04.23 15:15:30.654,1.36325,1.36344,1.00,1.00
2018.04.23 15:15:31.205,1.36323,1.36341,1.00,1.00
2018.04.23 15:15:31.762,1.36322,1.36342,2.25,1.00
2018.04.23 15:15:32.104,1.36322,1.3634,1.50,1.00
2018.04.23 15:15:32.207,1.36322,1.36342,2.25,1.00
2018.04.23 15:15:32.763,1.36322,1.36341,1.00,1.00
2018.04.23 15:15:33.071,1.36324,1.36344,1.50,2.25
2018.04.23 15:15:33.127,1.36326,1.36344,1.50,1.50
2018.04.23 15:15:33.229,1.36324,1.36344,1.50,1.12
2018.04.23 15:15:33.456,1.36325,1.36342,1.00,1.00
2018.04.23 15:15:33.664,1.36326,1.36344,1.00,1.00
2018.04.23 15:15:33.820,1.36324,1.36344,1.00,2.25
2018.04.23 15:15:34.397,1.36324,1.36342,1.00,1.00
2018.04.23 15:15:34.603,1.36322,1.36341,1.00,1.00
2018.04.23 15:15:35.108,1.36323,1.36341,1.00,1.00
2018.04.23 15:15:35.616,1.36322,1.36342,1.00,1.50
2018.04.23 15:15:35.728,1.36322,1.3634,1.50,1.00
2018.04.23 15:15:35.924,1.36322,1.36342,1.00,1.50
2018.04.23 15:15:36.128,1.36324,1.36342,1.00,1.00
2018.04.23 15:15:37.216,1.36325,1.36343,1.00,2.25
2018.04.23 15:15:37.633,1.36327,1.36345,1.00,1.50
2018.04.23 15:15:38.140,1.36327,1.36344,1.00,1.00
2018.04.23 15:15:38.498,1.36324,1.36343,1.50,1.00
2018.04.23 15:15:39.042,1.36325,1.36342,1.00,1.00
2018.04.23 15:15:39.558,1.36326,1.36344,1.00,1.50
2018.04.23 15:15:39.661,1.36328,1.36347,1.00,1.12
2018.04.23 15:15:40.020,1.3633,1.36349,1.00,1.00
2018.04.23 15:15:40.564,1.3633,1.3635,1.00,1.00
2018.04.23 15:15:42.357,1.36334,1.36352,1.00,1.00
2018.04.23 15:15:42.562,1.36332,1.36353,1.00,3.00
2018.04.23 15:15:42.650,1.36333,1.36351,1.00,1.00
2018.04.23 15:15:43.184,1.36333,1.36352,1.00,1.50
2018.04.23 15:15:43.655,1.36335,1.36352,1.00,1.00
2018.04.23 15:15:43.758,1.36337,1.36355,1.00,1.50
2018.04.23 15:15:43.810,1.3634,1.36357,1.00,1.00
2018.04.23 15:15:43.912,1.3634,1.3636,1.00,2.25
2018.04.23 15:15:44.016,1.36342,1.36361,1.00,1.87
2018.04.23 15:15:44.610,1.36343,1.36361,1.00,1.00
2018.04.23 15:15:45.456,1.36343,1.36362,1.00,1.00
2018.04.23 15:15:45.711,1.36341,1.36362,1.10,1.00
2018.04.23 15:15:45.814,1.36343,1.36361,1.00,1.00
2018.04.23 15:15:47.268,1.36343,1.36362,1.00,1.00
2018.04.23 15:15:48.421,1.36344,1.36363,1.00,1.50
2018.04.23 15:15:48.835,1.3634,1.36359,1.00,1.00
2018.04.23 15:15:49.994,1.36339,1.36358,1.50,1.00
2018.04.23 15:15:50.681,1.36339,1.36357,1.50,1.00
2018.04.23 15:15:51.226,1.36339,1.36358,1.50,1.00
2018.04.23 15:15:51.784,1.36338,1.36358,1.00,1.50
2018.04.23 15:15:52.705,1.36339,1.36358,1.00,1.50
2018.04.23 15:15:53.143,1.36341,1.36359,1.00,1.12
2018.04.23 15:15:53.543,1.36339,1.36357,1.10,1.00
2018.04.23 15:15:53.700,1.3634,1.36359,1.00,1.00
2018.04.23 15:15:54.094,1.36339,1.36357,1.50,1.00
2018.04.23 15:15:54.642,1.3634,1.36358,1.00,1.00
2018.04.23 15:15:55.191,1.36339,1.36359,1.00,1.50
2018.04.23 15:15:55.718,1.3634,1.36359,1.00,1.50
2018.04.23 15:15:56.027,1.36339,1.36357,1.00,1.00
2018.04.23 15:15:56.646,1.36338,1.36356,1.00,1.00
2018.04.23 15:16:01.424,1.36339,1.36357,1.00,1.00
2018.04.23 15:16:01.786,1.36337,1.36357,1.50,1.00
2018.04.23 15:16:02.196,1.36339,1.36357,1.00,1.00
2018.04.23 15:16:02.503,1.36341,1.36359,1.00,1.50
2018.04.23 15:16:02.993,1.36338,1.36359,1.50,1.50
2018.04.23 15:16:03.045,1.36341,1.36359,1.00,1.87
2018.04.23 15:16:03.305,1.36342,1.36362,1.00,1.87
2018.04.23 15:16:04.000,1.36341,1.36361,1.50,1.00
2018.04.23 15:16:04.318,1.36341,1.36359,1.00,1.50
2018.04.23 15:16:04.826,1.3634,1.36358,1.00,1.00
2018.04.23 15:16:05.085,1.36337,1.36357,1.10,1.00
2018.04.23 15:16:05.283,1.36336,1.36354,1.00,1.00
2018.04.23 15:16:05.489,1.36336,1.36356,1.00,1.00
2018.04.23 15:16:05.983,1.36335,1.36353,2.25,1.00
2018.04.23 15:16:06.035,1.36335,1.36356,2.25,1.50
2018.04.23 15:16:06.218,1.36335,1.36354,1.50,1.00
2018.04.23 15:16:06.942,1.36335,1.36353,1.50,1.00
2018.04.23 15:16:08.126,1.36335,1.36352,1.00,1.00
2018.04.23 15:16:08.661,1.36335,1.36353,1.00,1.00
2018.04.23 15:16:09.176,1.36335,1.36352,1.00,1.00
2018.04.23 15:16:09.933,1.36335,1.36353,1.50,1.00
2018.04.23 15:16:10.417,1.36334,1.36355,1.95,1.50
2018.04.23 15:16:10.944,1.36335,1.36355,1.00,1.50
2018.04.23 15:16:13.957,1.36335,1.36354,1.00,1.00
2018.04.23 15:16:14.505,1.36334,1.36354,1.57,1.00
2018.04.23 15:16:15.042,1.36335,1.36354,1.00,1.00
2018.04.23 15:16:15.634,1.36336,1.36354,1.00,1.00
2018.04.23 15:16:16.159,1.36335,1.36354,1.00,1.00
2018.04.23 15:16:16.211,1.36335,1.36356,1.50,1.12
2018.04.23 15:16:16.268,1.36336,1.36354,1.00,1.00
2018.04.23 15:16:16.833,1.36335,1.36354,1.00,1.00
2018.04.23 15:16:17.197,1.36335,1.36353,1.50,1.37
2018.04.23 15:16:17.513,1.36335,1.36351,1.50,1.37
2018.04.23 15:16:17.903,1.36337,1.36351,1.00,1.37
2018.04.23 15:16:18.007,1.36334,1.36351,1.10,1.37
2018.04.23 15:16:18.338,1.36336,1.36353,1.00,1.12
2018.04.23 15:16:18.389,1.36336,1.36354,1.00,1.50
2018.04.23 15:16:18.441,1.36334,1.36348,1.00,1.37
2018.04.23 15:16:18.544,1.36332,1.36348,1.00,1.37
2018.04.23 15:16:19.760,1.36333,1.36348,1.00,1.37
2018.04.23 15:16:20.462,1.36331,1.36348,1.00,1.37
2018.04.23 15:16:20.967,1.36333,1.36348,1.00,1.37
2018.04.23 15:16:21.472,1.36332,1.36348,1.00,1.37
2018.04.23 15:16:22.800,1.36333,1.36351,1.00,1.87
2018.04.23 15:16:24.948,1.36332,1.36351,1.00,2.62
2018.04.23 15:16:26.503,1.36333,1.36351,1.00,2.62
2018.04.23 15:16:26.913,1.36331,1.36349,1.50,1.00
2018.04.23 15:16:27.236,1.36331,1.36352,1.50,1.50
2018.04.23 15:16:27.341,1.36333,1.36352,1.00,1.00
2018.04.23 15:16:27.692,1.36333,1.36349,1.00,1.37
2018.04.23 15:16:27.796,1.36333,1.36351,1.00,1.12
2018.04.23 15:16:29.337,1.36334,1.36353,1.00,1.87
2018.04.23 15:16:29.392,1.36336,1.36354,1.00,1.50
2018.04.23 15:16:29.853,1.36334,1.36352,1.10,1.87
2018.04.23 15:16:30.058,1.36335,1.36353,1.00,1.87
2018.04.23 15:16:30.240,1.36337,1.36355,1.00,1.37
2018.04.23 15:16:30.801,1.36336,1.36355,1.00,1.87
2018.04.23 15:16:31.131,1.36335,1.36351,1.00,1.37
2018.04.23 15:16:31.650,1.36335,1.36353,1.00,1.87
2018.04.23 15:16:36.409,1.36334,1.36353,1.00,1.12
2018.04.23 15:16:37.538,1.36335,1.36353,1.00,1.12
2018.04.23 15:16:37.866,1.3633,1.36348,2.32,1.00
2018.04.23 15:16:38.417,1.36332,1.3635,1.00,2.25
2018.04.23 15:16:40.229,1.36333,1.3635,1.00,1.00
2018.04.23 15:16:42.565,1.36332,1.3635,1.50,1.00
2018.04.23 15:16:43.095,1.36331,1.3635,1.00,1.00
2018.04.23 15:16:43.569,1.36333,1.3635,1.00,1.00
2018.04.23 15:16:43.620,1.36331,1.3635,1.50,1.50
2018.04.23 15:16:44.271,1.36331,1.36349,1.00,1.00
2018.04.23 15:16:45.919,1.36331,1.3635,1.00,1.50
2018.04.23 15:16:48.171,1.36332,1.3635,1.00,1.50
2018.04.23 15:16:48.276,1.36336,1.36354,1.00,1.50
2018.04.23 15:16:48.802,1.36337,1.36354,1.00,1.50
2018.04.23 15:16:49.059,1.36337,1.36355,1.00,1.12
2018.04.23 15:16:49.792,1.36336,1.36354,1.50,1.00
2018.04.23 15:16:50.440,1.36337,1.36355,1.00,1.12
2018.04.23 15:16:51.017,1.36336,1.36355,1.00,1.12
2018.04.23 15:16:51.119,1.36338,1.36355,1.00,1.87
2018.04.23 15:16:51.627,1.36337,1.36355,1.50,1.87
2018.04.23 15:16:52.154,1.36336,1.36354,1.50,1.00
2018.04.23 15:16:52.676,1.36337,1.36355,1.00,1.12
2018.04.23 15:16:55.086,1.36336,1.36357,2.25,1.87
2018.04.23 15:16:55.482,1.36338,1.36357,1.00,2.62
2018.04.23 15:16:55.992,1.36336,1.36355,2.25,1.87
2018.04.23 15:16:56.718,1.36335,1.36354,1.00,1.00
2018.04.23 15:16:56.771,1.36329,1.36346,1.50,1.00
2018.04.23 15:16:56.875,1.36326,1.36346,1.95,1.00
2018.04.23 15:16:57.320,1.36331,1.36351,1.00,1.87
2018.04.23 15:16:57.528,1.36335,1.36354,1.00,1.50
2018.04.23 15:16:57.958,1.36337,1.36356,1.00,2.25
2018.04.23 15:16:58.063,1.36335,1.36354,1.10,1.00
2018.04.23 15:16:58.118,1.36337,1.36356,1.00,2.25
2018.04.23 15:16:58.666,1.36334,1.36354,3.07,1.00
2018.04.23 15:16:58.778,1.36337,1.36357,1.00,2.25
2018.04.23 15:16:59.330,1.36336,1.36356,1.57,1.00
2018.04.23 15:16:59.637,1.36338,1.36357,1.00,1.00
2018.04.23 15:17:00.176,1.36337,1.36356,1.10,1.00
2018.04.23 15:17:00.481,1.36339,1.36357,1.00,2.25
2018.04.23 15:17:00.740,1.36337,1.36356,1.00,1.12
2018.04.23 15:17:00.896,1.36339,1.36356,1.00,1.87
2018.04.23 15:17:01.404,1.36338,1.36356,1.00,1.00
2018.04.23 15:17:01.947,1.36339,1.36356,1.00,1.00
2018.04.23 15:17:02.102,1.3634,1.36358,1.00,1.12
2018.04.23 15:17:02.242,1.36338,1.36358,1.50,1.12
2018.04.23 15:17:02.546,1.36342,1.36359,1.00,1.50
2018.04.23 15:17:02.753,1.3634,1.3636,1.10,1.00
2018.04.23 15:17:03.439,1.3634,1.36358,1.00,1.00
2018.04.23 15:17:03.748,1.36339,1.36356,1.00,1.00
2018.04.23 15:17:03.801,1.36337,1.36358,1.57,1.87
2018.04.23 15:17:04.046,1.3634,1.36358,1.00,1.87
2018.04.23 15:17:04.464,1.36339,1.36356,1.10,1.87
2018.04.23 15:17:04.681,1.36334,1.36354,3.82,1.00
2018.04.23 15:17:05.504,1.36335,1.36353,1.00,1.00
2018.04.23 15:17:05.779,1.36333,1.36353,1.50,1.00
2018.04.23 15:17:06.283,1.36333,1.36354,2.32,2.25
2018.04.23 15:17:07.179,1.36333,1.36348,1.00,1.12
2018.04.23 15:17:07.232,1.36331,1.36349,1.00,1.37
2018.04.23 15:17:07.337,1.3633,1.3635,1.00,1.00
2018.04.23 15:17:08.012,1.3633,1.36349,1.00,1.00
2018.04.23 15:17:08.524,1.36331,1.36351,1.00,1.50
2018.04.23 15:17:09.367,1.36332,1.3635,1.00,1.12
2018.04.23 15:17:10.882,1.36334,1.36351,1.00,1.87
2018.04.23 15:17:10.934,1.36334,1.36355,1.10,2.25
2018.04.23 15:17:10.986,1.36336,1.36356,1.00,1.50
2018.04.23 15:17:11.494,1.36337,1.36357,1.57,1.50
2018.04.23 15:17:11.804,1.36343,1.36361,1.00,1.00
2018.04.23 15:17:12.008,1.36341,1.36362,1.00,2.62
2018.04.23 15:17:12.060,1.36343,1.36361,1.00,1.50
2018.04.23 15:17:12.406,1.36341,1.36362,1.50,3.37
2018.04.23 15:17:12.587,1.36343,1.36361,1.00,1.50
2018.04.23 15:17:12.692,1.36341,1.36359,1.00,1.12
2018.04.23 15:17:12.862,1.36339,1.36358,1.00,1.00
2018.04.23 15:17:12.913,1.36339,1.3636,1.50,1.12
2018.04.23 15:17:12.965,1.36343,1.36361,1.10,1.00
2018.04.23 15:17:13.273,1.36355,1.36373,1.00,1.00
2018.04.23 15:17:13.779,1.36356,1.36374,1.00,1.12
2018.04.23 15:17:14.199,1.36354,1.36374,1.00,1.00
2018.04.23 15:17:14.814,1.36354,1.36373,1.00,1.00
2018.04.23 15:17:15.361,1.36354,1.36372,1.50,1.00
2018.04.23 15:17:15.673,1.36352,1.36372,1.00,1.00
2018.04.23 15:17:15.982,1.36352,1.3637,1.00,1.00
2018.04.23 15:17:16.261,1.36352,1.36372,1.00,1.00
2018.04.23 15:17:16.312,1.36352,1.3637,1.00,1.00
2018.04.23 15:17:16.364,1.36352,1.36372,1.00,1.00
2018.04.23 15:17:16.916,1.36353,1.36371,1.00,1.00
2018.04.23 15:17:17.229,1.36351,1.36372,1.00,3.00
2018.04.23 15:17:17.758,1.36352,1.3637,1.00,1.00
2018.04.23 15:17:18.142,1.36352,1.36372,1.50,1.00
2018.04.23 15:17:18.194,1.36354,1.36373,1.00,1.12
2018.04.23 15:17:18.451,1.36355,1.36375,2.25,1.00
2018.04.23 15:17:18.604,1.36357,1.36375,1.00,1.00
2018.04.23 15:17:18.697,1.36358,1.36377,1.00,1.00
2018.04.23 15:17:18.753,1.36356,1.36376,2.25,1.00
2018.04.23 15:17:18.804,1.36358,1.36376,1.00,1.00
2018.04.23 15:17:18.905,1.36356,1.36375,2.25,1.00
2018.04.23 15:17:19.007,1.36358,1.36376,1.00,1.00
2018.04.23 15:17:19.211,1.36356,1.36375,1.50,1.00
2018.04.23 15:17:19.744,1.36357,1.36377,1.00,1.87
2018.04.23 15:17:19.796,1.36359,1.36377,1.00,1.00
2018.04.23 15:17:19.848,1.36361,1.3638,1.00,1.12
2018.04.23 15:17:20.748,1.36361,1.36379,1.00,1.00
2018.04.23 15:17:21.173,1.36363,1.36381,1.00,1.12
2018.04.23 15:17:21.517,1.36363,1.36383,1.12,2.62
2018.04.23 15:17:22.194,1.36359,1.36379,3.00,2.62
2018.04.23 15:17:22.455,1.3636,1.3638,1.00,1.12
2018.04.23 15:17:22.786,1.36362,1.36381,1.00,3.37
2018.04.23 15:17:22.995,1.36357,1.36378,1.00,1.00
2018.04.23 15:17:23.202,1.3636,1.36378,1.00,1.00
2018.04.23 15:17:23.807,1.36359,1.36378,1.00,1.00
2018.04.23 15:17:24.263,1.36361,1.3638,1.00,1.00
2018.04.23 15:17:24.571,1.36368,1.36386,1.00,1.00
2018.04.23 15:17:25.032,1.36366,1.36385,1.00,1.00
2018.04.23 15:17:25.136,1.36365,1.36383,1.00,1.00
2018.04.23 15:17:26.191,1.36367,1.36386,1.00,1.50
2018.04.23 15:17:26.407,1.36369,1.36387,1.00,1.12
2018.04.23 15:17:26.907,1.36372,1.3639,1.00,2.62
2018.04.23 15:17:27.111,1.36369,1.36389,1.00,1.00
2018.04.23 15:17:27.162,1.36369,1.36387,1.00,1.00
2018.04.23 15:17:27.697,1.36367,1.36387,1.00,1.00
2018.04.23 15:17:27.851,1.3637,1.36388,1.00,1.50
2018.04.23 15:17:27.904,1.36367,1.36386,1.00,1.00
2018.04.23 15:17:28.007,1.36364,1.36385,1.50,1.00
2018.04.23 15:17:28.059,1.36366,1.36384,1.00,1.50
2018.04.23 15:17:28.213,1.36364,1.36384,1.50,1.00
2018.04.23 15:17:28.376,1.36364,1.36382,1.00,1.00
2018.04.23 15:17:28.668,1.36364,1.36384,1.00,1.50
2018.04.23 15:17:29.176,1.36364,1.36382,1.00,1.00
2018.04.23 15:17:29.697,1.36364,1.36383,1.00,1.00
2018.04.23 15:17:30.004,1.36368,1.36387,1.00,1.00
2018.04.23 15:17:30.387,1.36372,1.36389,1.00,1.00
2018.04.23 15:17:30.490,1.36373,1.36391,1.00,1.00
2018.04.23 15:17:30.835,1.36373,1.36389,1.00,1.00
2018.04.23 15:17:30.888,1.36373,1.36391,1.00,1.50
2018.04.23 15:17:30.991,1.36371,1.36391,1.00,1.00
2018.04.23 15:17:31.799,1.36371,1.3639,1.00,1.87
2018.04.23 15:17:31.850,1.36369,1.36388,1.00,1.00
2018.04.23 15:17:32.105,1.36368,1.3639,1.00,2.25
2018.04.23 15:17:32.157,1.36371,1.36389,1.00,1.00
2018.04.23 15:17:32.259,1.36369,1.3639,1.00,1.00
2018.04.23 15:17:32.361,1.3637,1.36388,1.00,1.00
2018.04.23 15:17:32.854,1.36372,1.3639,1.00,1.50
2018.04.23 15:17:33.327,1.3637,1.3639,1.00,1.00
2018.04.23 15:17:33.522,1.36368,1.36386,1.00,1.00
2018.04.23 15:17:33.681,1.36366,1.36387,1.00,2.25
2018.04.23 15:17:33.733,1.36368,1.36386,1.00,1.00
2018.04.23 15:17:33.835,1.36366,1.36387,1.00,2.25
2018.04.23 15:17:33.887,1.36368,1.36386,1.00,1.00
2018.04.23 15:17:34.188,1.36364,1.36385,1.00,1.00
2018.04.23 15:17:34.239,1.36364,1.36383,1.00,1.00
2018.04.23 15:17:34.749,1.36363,1.36383,1.00,2.25
2018.04.23 15:17:35.778,1.36368,1.36383,1.00,1.00
2018.04.23 15:17:35.830,1.36367,1.36385,1.00,1.50
2018.04.23 15:17:35.882,1.36369,1.36387,1.00,1.00
2018.04.23 15:17:35.985,1.36365,1.36384,1.00,1.00
2018.04.23 15:17:36.316,1.36363,1.36383,1.00,1.50
2018.04.23 15:17:36.914,1.36363,1.36382,1.00,1.00
2018.04.23 15:17:37.478,1.36363,1.36381,1.00,1.00
2018.04.23 15:17:37.933,1.36362,1.36383,1.00,1.50
2018.04.23 15:17:37.984,1.36363,1.36381,1.00,1.00
2018.04.23 15:17:38.487,1.36363,1.36382,1.00,1.50
2018.04.23 15:17:38.803,1.36367,1.36386,1.00,1.50
2018.04.23 15:17:39.115,1.36366,1.36384,1.00,1.00
2018.04.23 15:17:39.633,1.36365,1.36383,1.00,1.00
2018.04.23 15:17:40.013,1.36369,1.36385,1.00,1.00
2018.04.23 15:17:40.064,1.36365,1.36386,1.00,1.00
2018.04.23 15:17:40.117,1.36368,1.36386,1.00,1.00
2018.04.23 15:17:40.223,1.3637,1.36389,1.12,1.00
2018.04.23 15:17:40.757,1.36369,1.36389,1.12,2.25
2018.04.23 15:17:41.046,1.36366,1.36385,1.00,1.00
2018.04.23 15:17:41.571,1.36365,1.36384,1.00,1.50
2018.04.23 15:17:41.882,1.36367,1.36386,1.00,1.50
2018.04.23 15:17:42.418,1.36367,1.36384,1.00,1.00
2018.04.23 15:17:42.999,1.36367,1.36385,1.00,1.00
2018.04.23 15:17:43.677,1.36367,1.36384,1.00,1.00
2018.04.23 15:17:43.937,1.3637,1.36388,1.00,1.50
2018.04.23 15:17:44.248,1.36373,1.36391,1.00,1.57
2018.04.23 15:17:44.594,1.36367,1.36388,1.87,1.00
2018.04.23 15:17:44.646,1.36371,1.3639,1.00,1.57
2018.04.23 15:17:45.166,1.3637,1.3639,1.50,1.50
2018.04.23 15:17:45.551,1.36373,1.36391,1.00,1.00
2018.04.23 15:17:45.605,1.36372,1.36393,1.00,1.50
2018.04.23 15:17:46.519,1.36369,1.3639,1.00,3.00
2018.04.23 15:17:46.851,1.36371,1.36389,1.00,2.25
2018.04.23 15:17:47.405,1.36372,1.36389,1.00,1.00
2018.04.23 15:17:47.668,1.36368,1.36387,1.50,1.00
2018.04.23 15:17:47.721,1.36365,1.36383,1.50,1.12
2018.04.23 15:17:48.277,1.36365,1.36384,1.50,1.00
2018.04.23 15:17:48.627,1.36359,1.36377,1.00,1.00
2018.04.23 15:17:48.785,1.36361,1.3638,1.00,1.00
2018.04.23 15:17:48.838,1.36363,1.36382,1.00,2.25
2018.04.23 15:17:49.357,1.36366,1.36383,1.00,1.00
2018.04.23 15:17:49.422,1.36366,1.36386,1.00,1.00
2018.04.23 15:17:49.474,1.3637,1.36388,1.00,1.50
2018.04.23 15:17:49.630,1.36371,1.3639,1.00,1.50
2018.04.23 15:17:50.236,1.36371,1.36391,1.00,1.50
2018.04.23 15:17:50.393,1.36374,1.36392,1.00,1.12
2018.04.23 15:17:50.599,1.36371,1.36392,1.00,1.12
2018.04.23 15:17:51.266,1.36371,1.36391,1.50,1.00
2018.04.23 15:17:51.722,1.36374,1.36391,1.00,1.00
2018.04.23 15:17:51.826,1.36371,1.36389,1.00,1.00
2018.04.23 15:17:51.985,1.36371,1.36387,1.00,1.00
2018.04.23 15:17:52.037,1.36372,1.3639,1.00,1.00
2018.04.23 15:17:52.089,1.36369,1.36388,1.00,1.00
2018.04.23 15:17:52.141,1.36372,1.36389,1.00,1.00
2018.04.23 15:17:52.192,1.36373,1.36392,1.00,1.50
2018.04.23 15:17:52.351,1.36371,1.3639,1.50,1.37
2018.04.23 15:17:52.562,1.36372,1.36391,1.00,1.00
2018.04.23 15:17:52.701,1.36374,1.36392,1.00,1.00
2018.04.23 15:17:53.080,1.36373,1.36394,1.00,1.50
2018.04.23 15:17:53.752,1.36374,1.36394,1.00,1.50
2018.04.23 15:17:53.915,1.36374,1.36392,1.50,1.00
2018.04.23 15:17:54.411,1.36375,1.36394,1.00,1.00
2018.04.23 15:17:54.959,1.36375,1.36393,1.00,1.00
2018.04.23 15:17:55.480,1.36376,1.36397,1.00,1.00
2018.04.23 15:17:55.531,1.36378,1.36396,1.00,1.00
2018.04.23 15:17:55.633,1.36381,1.364,1.00,1.00
2018.04.23 15:17:55.786,1.36382,1.36402,1.00,1.12
2018.04.23 15:17:56.297,1.36386,1.36404,1.00,1.00
2018.04.23 15:17:56.819,1.36387,1.36404,1.00,1.00
2018.04.23 15:17:56.871,1.36385,1.36403,1.00,1.00
2018.04.23 15:17:56.924,1.36383,1.36403,2.25,1.00
2018.04.23 15:17:57.217,1.36381,1.36399,1.50,1.00
2018.04.23 15:17:57.474,1.36382,1.36403,1.00,1.00
2018.04.23 15:17:57.577,1.36382,1.36399,1.50,1.00
2018.04.23 15:17:57.629,1.36382,1.36403,1.00,1.00
2018.04.23 15:17:57.682,1.36383,1.36401,1.00,1.00
2018.04.23 15:17:58.528,1.36384,1.36403,1.00,1.00
2018.04.23 15:17:59.049,1.36383,1.36403,1.00,1.00
2018.04.23 15:17:59.554,1.36383,1.36402,1.50,1.00
2018.04.23 15:18:00.253,1.36382,1.36401,1.00,1.00
2018.04.23 15:18:00.410,1.36381,1.36399,1.00,1.00
2018.04.23 15:18:00.722,1.36376,1.36394,1.00,1.00
2018.04.23 15:18:01.672,1.36377,1.36394,1.00,1.00
2018.04.23 15:18:01.883,1.36375,1.36394,1.50,1.50
2018.04.23 15:18:01.935,1.36375,1.36396,1.50,1.00
2018.04.23 15:18:01.989,1.36375,1.36394,1.50,1.00
2018.04.23 15:18:02.299,1.36377,1.36395,1.00,1.50
2018.04.23 15:18:02.440,1.36378,1.36398,1.00,1.00
2018.04.23 15:18:02.965,1.36378,1.36397,1.00,1.00
2018.04.23 15:18:03.298,1.36378,1.36399,1.50,2.62
2018.04.23 15:18:03.485,1.36378,1.36396,1.50,1.00
2018.04.23 15:18:03.948,1.36378,1.36398,1.00,1.00
2018.04.23 15:18:04.103,1.36378,1.36396,1.50,1.00
2018.04.23 15:18:04.621,1.36378,1.36397,1.00,1.50
2018.04.23 15:18:04.945,1.36377,1.36395,1.00,1.00
2018.04.23 15:18:05.331,1.36375,1.36394,1.00,1.00
2018.04.23 15:18:05.540,1.36374,1.36392,1.00,1.00
2018.04.23 15:18:05.850,1.36372,1.36389,1.00,1.00
2018.04.23 15:18:06.319,1.36372,1.36391,1.50,1.00
2018.04.23 15:18:06.626,1.36372,1.36389,1.00,1.00
2018.04.23 15:18:07.127,1.36373,1.36389,1.00,1.00
2018.04.23 15:18:07.645,1.36372,1.36389,1.50,1.00
2018.04.23 15:18:07.752,1.36372,1.36391,1.00,1.00
2018.04.23 15:18:07.922,1.36372,1.36389,1.00,1.00
2018.04.23 15:18:09.027,1.36371,1.36389,1.50,1.00
2018.04.23 15:18:09.448,1.36371,1.36391,1.50,1.50
2018.04.23 15:18:09.995,1.36372,1.3639,1.00,1.00
2018.04.23 15:18:11.237,1.3637,1.36391,1.12,1.50
2018.04.23 15:18:11.747,1.3637,1.3639,1.12,1.00
2018.04.23 15:18:12.288,1.36371,1.3639,1.00,1.00
2018.04.23 15:18:12.340,1.3637,1.36388,1.00,1.00
2018.04.23 15:18:12.391,1.36368,1.36387,1.87,1.00
2018.04.23 15:18:12.769,1.36369,1.36384,1.00,1.00
2018.04.23 15:18:14.793,1.36371,1.36389,1.00,1.50
2018.04.23 15:18:15.449,1.3637,1.36389,1.12,1.00
2018.04.23 15:18:16.068,1.36369,1.36389,2.62,1.00
2018.04.23 15:18:16.999,1.36371,1.36389,1.00,1.00
2018.04.23 15:18:17.051,1.36369,1.36389,1.87,1.00
2018.04.23 15:18:17.587,1.3637,1.36388,1.00,1.50
2018.04.23 15:18:17.993,1.36369,1.36385,2.62,1.00
2018.04.23 15:18:18.993,1.36369,1.36387,1.87,1.50
2018.04.23 15:18:19.588,1.36369,1.36389,1.87,2.25
2018.04.23 15:18:20.892,1.36369,1.36388,1.00,1.00
2018.04.23 15:18:21.402,1.36369,1.36389,1.00,2.25
2018.04.23 15:18:22.053,1.3637,1.36388,1.00,2.25
2018.04.23 15:18:22.106,1.36368,1.36388,1.00,1.00
2018.04.23 15:18:22.284,1.3637,1.36388,1.00,1.00
2018.04.23 15:18:22.824,1.36369,1.36388,1.00,1.50
2018.04.23 15:18:23.390,1.36369,1.36386,1.12,1.50
2018.04.23 15:18:23.442,1.36368,1.36389,1.37,1.50
2018.04.23 15:18:23.986,1.3637,1.36388,1.00,1.50
2018.04.23 15:18:24.513,1.36369,1.36387,1.00,1.00
2018.04.23 15:18:24.645,1.36369,1.36389,1.00,1.50
2018.04.23 15:18:25.209,1.36369,1.36388,1.00,1.00
2018.04.23 15:18:25.704,1.36371,1.36389,1.00,1.00
2018.04.23 15:18:25.757,1.36371,1.36391,1.00,1.50
2018.04.23 15:18:26.021,1.36373,1.36391,1.00,1.50
2018.04.23 15:18:26.556,1.36373,1.36392,1.00,1.50
2018.04.23 15:18:27.717,1.36373,1.36391,1.00,1.00
2018.04.23 15:18:28.027,1.36371,1.36386,1.00,1.00
2018.04.23 15:18:28.603,1.36367,1.36382,1.00,1.00
2018.04.23 15:18:28.861,1.36369,1.36385,1.00,1.00
2018.04.23 15:18:29.069,1.36368,1.36383,1.50,1.00
2018.04.23 15:18:29.346,1.36368,1.36385,1.00,1.00
2018.04.23 15:18:29.502,1.36365,1.36379,1.00,1.00
2018.04.23 15:18:29.605,1.3636,1.36376,1.50,1.00
2018.04.23 15:18:30.153,1.36362,1.36377,1.00,1.00
2018.04.23 15:18:30.947,1.36363,1.36377,1.00,1.00
2018.04.23 15:18:31.410,1.36363,1.36379,1.00,1.00
2018.04.23 15:18:31.925,1.36363,1.36378,1.00,1.00
2018.04.23 15:18:32.089,1.36361,1.36379,1.00,1.00
2018.04.23 15:18:32.148,1.36363,1.36379,1.00,1.00
2018.04.23 15:18:32.677,1.36362,1.36379,1.00,1.00
2018.04.23 15:18:33.112,1.36363,1.36377,1.00,1.00
2018.04.23 15:18:33.239,1.36361,1.36377,1.00,1.00
2018.04.23 15:18:33.902,1.3636,1.36376,2.25,1.00
2018.04.23 15:18:34.007,1.3636,1.36378,1.50,1.00
2018.04.23 15:18:34.059,1.36362,1.36378,1.00,1.00
2018.04.23 15:18:34.912,1.36363,1.36377,1.00,1.00
2018.04.23 15:18:36.659,1.36362,1.36377,1.00,1.00
2018.04.23 15:18:36.762,1.3636,1.36377,1.00,1.00
2018.04.23 15:18:37.566,1.36359,1.36377,1.50,1.50
2018.04.23 15:18:37.618,1.3636,1.36375,1.00,1.00
2018.04.23 15:18:38.157,1.36359,1.36376,1.00,1.00
2018.04.23 15:18:38.668,1.36359,1.36377,1.00,1.00
2018.04.23 15:18:39.512,1.36359,1.36376,1.00,1.00
2018.04.23 15:18:40.078,1.3636,1.36376,1.00,1.00
2018.04.23 15:18:40.843,1.36359,1.36377,1.50,1.00
2018.04.23 15:18:41.342,1.36359,1.36375,1.00,1.00
2018.04.23 15:18:42.004,1.36359,1.36374,1.00,1.00
2018.04.23 15:18:42.259,1.36359,1.36376,1.00,1.00
2018.04.23 15:18:42.361,1.36358,1.36373,1.50,1.00
2018.04.23 15:18:43.044,1.36358,1.36374,1.00,1.00
2018.04.23 15:18:43.794,1.36353,1.36373,1.00,1.87
2018.04.23 15:18:43.951,1.36351,1.36369,1.57,1.00
2018.04.23 15:18:44.261,1.36352,1.36367,1.00,1.00
2018.04.23 15:18:44.414,1.3635,1.36367,1.50,1.00
2018.04.23 15:18:44.929,1.36351,1.36367,1.00,1.00
2018.04.23 15:18:45.235,1.3635,1.36365,1.00,1.00
2018.04.23 15:18:45.444,1.36347,1.36365,1.87,1.00
2018.04.23 15:18:45.496,1.36347,1.36363,1.50,1.00
2018.04.23 15:18:45.548,1.36344,1.36361,1.00,1.00
2018.04.23 15:18:45.601,1.36342,1.36361,1.50,1.00
2018.04.23 15:18:45.654,1.36342,1.36358,2.25,1.00
2018.04.23 15:18:46.064,1.3634,1.36358,1.00,1.00
2018.04.23 15:18:46.624,1.3634,1.36359,1.50,1.50
2018.04.23 15:18:47.106,1.3634,1.36356,1.00,1.00
2018.04.23 15:18:47.338,1.36342,1.36359,1.00,1.00
2018.04.23 15:18:47.491,1.36344,1.36358,1.00,1.00
2018.04.23 15:18:47.809,1.36342,1.36358,1.00,1.00
2018.04.23 15:18:48.033,1.36344,1.36357,1.00,1.00
2018.04.23 15:18:48.187,1.36342,1.36357,1.00,1.00
2018.04.23 15:18:48.795,1.3634,1.36355,1.00,1.00
2018.04.23 15:18:49.299,1.36339,1.36355,1.00,1.00
2018.04.23 15:18:49.683,1.36341,1.36355,1.00,1.00
2018.04.23 15:18:50.136,1.36343,1.36359,1.00,1.00
2018.04.23 15:18:50.398,1.36345,1.3636,1.00,1.00
2018.04.23 15:18:50.969,1.36346,1.3636,1.00,1.00
2018.04.23 15:18:51.022,1.36343,1.3636,1.00,1.00
2018.04.23 15:18:51.074,1.3634,1.36356,1.00,1.00
2018.04.23 15:18:51.386,1.36342,1.36356,1.00,1.00
2018.04.23 15:18:52.278,1.36342,1.36357,1.00,1.00
2018.04.23 15:18:53.344,1.36341,1.36357,1.00,1.00
2018.04.23 15:18:54.192,1.36341,1.36356,1.00,1.00
2018.04.23 15:18:55.929,1.3634,1.36356,1.50,1.00
2018.04.23 15:18:57.162,1.3634,1.36357,1.00,1.00
2018.04.23 15:18:57.595,1.36341,1.36355,1.00,1.00
2018.04.23 15:18:57.902,1.36339,1.36356,1.00,1.00
2018.04.23 15:18:58.480,1.36339,1.36357,1.00,1.00
2018.04.23 15:18:58.687,1.36339,1.36355,1.00,1.00
2018.04.23 15:18:59.309,1.36338,1.36355,1.00,1.00
2018.04.23 15:18:59.825,1.36337,1.36355,1.50,1.00
2018.04.23 15:19:00.369,1.36338,1.36355,1.00,1.00
2018.04.23 15:19:00.950,1.36338,1.36354,1.50,1.00
2018.04.23 15:19:01.544,1.36337,1.36354,1.00,1.00
2018.04.23 15:19:02.093,1.36337,1.36355,1.00,1.00
2018.04.23 15:19:02.676,1.36338,1.36354,1.00,1.00
2018.04.23 15:19:03.214,1.36338,1.36355,1.00,1.00
2018.04.23 15:19:03.412,1.36336,1.36355,1.12,1.00
2018.04.23 15:19:03.711,1.36338,1.36355,1.00,1.00
2018.04.23 15:19:04.283,1.36337,1.36354,1.00,1.00
2018.04.23 15:19:07.770,1.36337,1.36355,1.00,2.25
2018.04.23 15:19:08.115,1.36338,1.36353,1.00,1.00
2018.04.23 15:19:08.635,1.36337,1.36354,1.00,1.50
2018.04.23 15:19:09.159,1.36338,1.36354,1.00,1.00
2018.04.23 15:19:09.704,1.36337,1.36353,1.00,1.00
2018.04.23 15:19:10.011,1.36339,1.36355,1.00,1.00
2018.04.23 15:19:10.539,1.3634,1.36355,1.00,1.00
2018.04.23 15:19:11.048,1.3634,1.36356,1.00,1.00
2018.04.23 15:19:11.381,1.36342,1.36358,1.12,1.00
2018.04.23 15:19:11.687,1.36344,1.36359,1.00,1.00
2018.04.23 15:19:12.213,1.36343,1.3636,1.00,1.00
2018.04.23 15:19:12.553,1.36341,1.36358,1.00,1.00
2018.04.23 15:19:13.149,1.3634,1.36358,1.87,1.00
2018.04.23 15:19:13.646,1.36342,1.36358,1.00,1.00
2018.04.23 15:19:14.605,1.36343,1.36358,1.00,1.00
2018.04.23 15:19:15.116,1.36342,1.36358,1.00,1.00
2018.04.23 15:19:15.243,1.36338,1.36355,1.00,1.00
2018.04.23 15:19:15.397,1.36342,1.36357,1.00,1.00
2018.04.23 15:19:15.449,1.3634,1.36356,1.50,1.00
2018.04.23 15:19:15.988,1.3634,1.36357,1.00,1.00
2018.04.23 15:19:16.246,1.36342,1.36357,1.00,1.00
2018.04.23 15:19:16.298,1.3634,1.36357,1.00,1.00
2018.04.23 15:19:16.352,1.36338,1.36355,1.00,1.00
2018.04.23 15:19:16.867,1.36339,1.36355,1.00,1.00
2018.04.23 15:19:17.359,1.3634,1.36357,1.00,1.00
2018.04.23 15:19:17.663,1.36342,1.36357,1.00,1.00
2018.04.23 15:19:18.487,1.36341,1.36358,1.00,1.00
2018.04.23 15:19:19.040,1.36341,1.36357,1.00,1.00
2018.04.23 15:19:19.544,1.36342,1.36357,1.00,1.00
2018.04.23 15:19:19.596,1.3634,1.36357,1.00,1.00
2018.04.23 15:19:19.989,1.36342,1.36357,1.00,1.00
2018.04.23 15:19:20.104,1.3634,1.36357,1.00,1.00
2018.04.23 15:19:20.283,1.36343,1.36356,1.00,1.00
2018.04.23 15:19:20.388,1.36344,1.36358,1.00,1.00
2018.04.23 15:19:20.509,1.36344,1.3636,1.00,1.00
2018.04.23 15:19:21.053,1.36343,1.36359,1.00,1.00
2018.04.23 15:19:21.207,1.36345,1.36359,1.00,1.50
2018.04.23 15:19:21.258,1.36343,1.36359,1.00,1.00
2018.04.23 15:19:21.442,1.36345,1.3636,1.00,1.50
2018.04.23 15:19:21.493,1.36343,1.36359,1.00,1.00
2018.04.23 15:19:23.122,1.36344,1.36359,1.00,1.00
2018.04.23 15:19:23.652,1.36342,1.36358,1.50,1.00
2018.04.23 15:19:24.166,1.36343,1.36359,1.00,1.00
2018.04.23 15:19:24.717,1.36342,1.36359,1.00,1.00
2018.04.23 15:19:25.064,1.36344,1.36358,1.00,1.00
2018.04.23 15:19:25.115,1.36342,1.36358,1.50,1.00
2018.04.23 15:19:25.334,1.36344,1.36358,1.00,1.00
2018.04.23 15:19:25.801,1.36342,1.36359,1.12,1.50
2018.04.23 15:19:25.980,1.36344,1.36357,1.00,1.00
2018.04.23 15:19:26.083,1.36342,1.36357,1.87,1.00
2018.04.23 15:19:26.237,1.36344,1.36357,1.00,1.00
2018.04.23 15:19:26.288,1.36342,1.36357,1.87,1.00
2018.04.23 15:19:26.901,1.36343,1.36358,1.00,1.00
2018.04.23 15:19:27.451,1.36344,1.36359,1.50,1.00
2018.04.23 15:19:27.668,1.36346,1.36359,1.00,1.00
2018.04.23 15:19:27.860,1.36347,1.36363,1.00,1.00
2018.04.23 15:19:27.911,1.36344,1.36361,2.25,1.00
2018.04.23 15:19:28.772,1.36344,1.36362,1.50,1.00
2018.04.23 15:19:29.186,1.36344,1.36359,1.00,1.00
2018.04.23 15:19:29.712,1.36344,1.36358,1.50,1.00
2018.04.23 15:19:30.108,1.36344,1.36361,1.87,1.00
2018.04.23 15:19:30.646,1.36345,1.3636,1.12,1.00
2018.04.23 15:19:30.855,1.36346,1.36364,1.00,1.00
2018.04.23 15:19:31.028,1.36345,1.36361,1.12,1.00
2018.04.23 15:19:31.566,1.36345,1.36362,1.12,1.00
2018.04.23 15:19:32.084,1.36346,1.36363,1.50,1.00
2018.04.23 15:19:32.503,1.36347,1.36361,1.00,1.00
2018.04.23 15:19:32.709,1.36345,1.3636,1.87,1.00
2018.04.23 15:19:32.761,1.36346,1.36362,1.00,1.00
2018.04.23 15:19:33.324,1.36345,1.36362,1.87,1.00
2018.04.23 15:19:33.376,1.36347,1.36362,1.00,1.00
2018.04.23 15:19:33.838,1.36345,1.36362,1.87,1.00
2018.04.23 15:19:33.890,1.36347,1.36362,1.00,1.00
2018.04.23 15:19:34.046,1.36345,1.36361,1.87,1.00
2018.04.23 15:19:34.626,1.36345,1.36359,1.00,1.00
2018.04.23 15:19:34.832,1.36346,1.36361,1.00,1.00
2018.04.23 15:19:35.865,1.36347,1.36362,1.00,1.00
2018.04.23 15:19:36.052,1.36345,1.36362,1.12,1.00
2018.04.23 15:19:36.602,1.36347,1.36361,1.00,1.00
2018.04.23 15:19:37.077,1.36345,1.36362,1.12,1.00
2018.04.23 15:19:37.334,1.36347,1.36363,1.00,1.00
2018.04.23 15:19:37.734,1.36345,1.36363,1.12,1.00
2018.04.23 15:19:37.938,1.36345,1.3636,1.00,1.00
2018.04.23 15:19:38.034,1.36345,1.36362,1.00,1.00
2018.04.23 15:19:38.546,1.36345,1.36361,1.00,1.00
2018.04.23 15:19:39.061,1.36346,1.36361,1.00,1.00
2018.04.23 15:19:39.621,1.36346,1.36362,1.00,1.00
2018.04.23 15:19:40.361,1.36346,1.36361,1.00,1.00
2018.04.23 15:19:40.894,1.36345,1.36361,1.00,1.00
2018.04.23 15:19:41.503,1.36346,1.36362,1.00,1.00
2018.04.23 15:19:41.556,1.36343,1.36361,1.12,1.00
2018.04.23 15:19:41.713,1.36343,1.36358,1.00,1.00
2018.04.23 15:19:42.214,1.36343,1.36359,1.00,1.00
2018.04.23 15:19:42.716,1.36342,1.3636,1.50,1.00
2018.04.23 15:19:43.092,1.36344,1.3636,1.00,1.00
2018.04.23 15:19:43.744,1.36344,1.36359,1.00,1.00
2018.04.23 15:19:44.265,1.36343,1.3636,1.00,1.00
2018.04.23 15:19:44.773,1.36344,1.3636,1.00,1.00
2018.04.23 15:19:46.064,1.36343,1.3636,1.00,1.00
2018.04.23 15:19:47.163,1.36343,1.36359,1.00,1.00
2018.04.23 15:19:47.627,1.36341,1.36358,1.00,1.00
2018.04.23 15:19:47.678,1.3634,1.36356,1.12,1.00
2018.04.23 15:19:47.990,1.36336,1.36351,2.62,1.00
2018.04.23 15:19:48.781,1.36337,1.36352,1.12,1.00
2018.04.23 15:19:49.313,1.36336,1.36353,2.62,1.00
2018.04.23 15:19:49.913,1.36338,1.36353,1.00,1.00
2018.04.23 15:19:50.589,1.36337,1.36353,1.12,1.00
2018.04.23 15:19:51.258,1.36338,1.36353,1.00,1.00
2018.04.23 15:19:51.912,1.36338,1.36352,1.00,1.00
2018.04.23 15:19:52.417,1.36337,1.36353,1.12,1.00
2018.04.23 15:19:52.987,1.36337,1.36356,1.12,1.00
2018.04.23 15:19:53.301,1.36342,1.36359,2.62,1.50
2018.04.23 15:19:53.353,1.36344,1.36362,1.00,1.50
2018.04.23 15:19:53.627,1.36343,1.36364,1.00,1.50
2018.04.23 15:19:53.679,1.36345,1.36363,1.00,1.00
2018.04.23 15:19:53.782,1.36346,1.36365,1.87,2.25
2018.04.23 15:19:54.056,1.36347,1.36367,1.00,1.00
2018.04.23 15:19:54.159,1.36345,1.36364,1.12,1.00
2018.04.23 15:19:54.670,1.36346,1.36365,1.50,1.00
2018.04.23 15:19:55.209,1.36346,1.36364,1.50,1.00
2018.04.23 15:19:56.059,1.36347,1.36366,1.00,1.00
2018.04.23 15:19:56.214,1.36347,1.36364,1.00,1.00
2018.04.23 15:19:56.719,1.36346,1.36366,1.50,1.00
2018.04.23 15:19:57.021,1.36348,1.36366,1.00,1.00
2018.04.23 15:19:59.139,1.36347,1.36365,1.50,1.00
2018.04.23 15:19:59.692,1.36346,1.36364,2.25,1.00
2018.04.23 15:20:00.216,1.36348,1.36365,1.00,1.50
2018.04.23 15:20:00.677,1.36346,1.36364,1.00,1.00
2018.04.23 15:20:01.189,1.36347,1.36364,1.00,1.00
2018.04.23 15:20:01.729,1.36349,1.36364,1.00,1.00
2018.04.23 15:20:02.474,1.36348,1.36364,1.00,1.00
2018.04.23 15:20:03.649,1.36347,1.36364,1.00,1.00
2018.04.23 15:20:05.384,1.36346,1.36364,1.50,1.00
2018.04.23 15:20:05.699,1.36364,1.36376,1.00,1.50
2018.04.23 15:20:05.805,1.36368,1.36383,1.50,1.00
2018.04.23 15:20:05.858,1.36368,1.36388,1.50,1.75
2018.04.23 15:20:06.269,1.36368,1.36383,1.00,1.50
2018.04.23 15:20:06.883,1.36368,1.36384,1.50,2.25
2018.04.23 15:20:07.438,1.36367,1.36383,1.00,1.50
2018.04.23 15:20:08.157,1.36366,1.36382,1.50,1.00
2018.04.23 15:20:08.535,1.36368,1.36381,1.00,1.50
2018.04.23 15:20:08.889,1.36366,1.3638,1.00,1.50
2018.04.23 15:20:09.216,1.36368,1.3638,1.00,1.50
2018.04.23 15:20:09.754,1.36367,1.3638,1.00,1.50
2018.04.23 15:20:09.806,1.36367,1.36382,1.00,1.50
2018.04.23 15:20:10.319,1.36366,1.36382,1.12,1.50
2018.04.23 15:20:10.423,1.36369,1.36384,1.00,1.50
2018.04.23 15:20:10.477,1.36367,1.36384,1.00,1.50
2018.04.23 15:20:10.899,1.36369,1.36384,1.00,1.00
2018.04.23 15:20:11.434,1.36369,1.36385,1.00,1.50
2018.04.23 15:20:11.486,1.36367,1.36385,1.00,1.50
2018.04.23 15:20:11.721,1.36369,1.36385,1.00,1.50
2018.04.23 15:20:12.240,1.36369,1.36386,1.00,1.00
2018.04.23 15:20:12.395,1.36367,1.36386,1.50,1.50
2018.04.23 15:20:12.905,1.36367,1.36383,1.00,1.00
2018.04.23 15:20:13.428,1.36368,1.3638,1.00,1.00
2018.04.23 15:20:14.010,1.36367,1.3638,1.00,1.50
2018.04.23 15:20:14.265,1.36366,1.36384,1.12,1.00
2018.04.23 15:20:14.780,1.36367,1.36383,1.00,1.00
2018.04.23 15:20:15.312,1.36365,1.36383,1.87,1.00
2018.04.23 15:20:16.463,1.36367,1.36383,1.00,1.50
2018.04.23 15:20:16.968,1.36366,1.36384,1.12,1.00
2018.04.23 15:20:17.193,1.36366,1.36381,1.50,1.00
2018.04.23 15:20:17.710,1.36368,1.36383,1.00,1.00
2018.04.23 15:20:18.242,1.36368,1.36382,1.00,1.00
2018.04.23 15:20:19.017,1.36368,1.36383,1.00,1.50
2018.04.23 15:20:19.545,1.36369,1.36383,1.00,1.50
2018.04.23 15:20:20.027,1.36365,1.36382,1.12,1.00
2018.04.23 15:20:20.495,1.36365,1.3638,1.00,1.00
2018.04.23 15:20:21.024,1.36365,1.36381,1.00,1.50
2018.04.23 15:20:22.022,1.36366,1.3638,1.00,1.50
2018.04.23 15:20:22.507,1.36367,1.36383,1.00,1.50
2018.04.23 15:20:22.999,1.36366,1.36381,1.00,1.00
2018.04.23 15:20:23.622,1.36366,1.36382,1.00,1.00
2018.04.23 15:20:23.932,1.36356,1.36374,1.00,1.00
2018.04.23 15:20:24.494,1.36356,1.36375,1.00,1.50
2018.04.23 15:20:25.040,1.36357,1.36373,1.00,1.00
2018.04.23 15:20:25.602,1.36356,1.36372,1.00,1.50
2018.04.23 15:20:25.923,1.36362,1.36376,1.00,1.00
2018.04.23 15:20:27.355,1.36362,1.36377,1.00,1.50
2018.04.23 15:20:27.684,1.36364,1.36378,1.00,1.00
2018.04.23 15:20:28.224,1.36363,1.36379,2.25,1.00
2018.04.23 15:20:28.811,1.36363,1.36381,1.50,1.00
2018.04.23 15:20:28.866,1.36363,1.36383,2.25,1.50
2018.04.23 15:20:29.414,1.36364,1.36382,1.00,1.50
2018.04.23 15:20:30.102,1.36366,1.36381,1.00,1.00
2018.04.23 15:20:30.272,1.3637,1.36388,1.37,1.50
2018.04.23 15:20:30.324,1.3637,1.36391,1.37,1.00
2018.04.23 15:20:30.377,1.36373,1.3639,1.00,1.00
2018.04.23 15:20:30.534,1.36372,1.36392,1.00,1.87
2018.04.23 15:20:30.679,1.36372,1.3639,1.00,1.50
2018.04.23 15:20:30.993,1.36367,1.36385,1.00,1.00
2018.04.23 15:20:31.045,1.36364,1.36384,1.50,1.00
2018.04.23 15:20:31.202,1.36363,1.36384,1.75,1.50
2018.04.23 15:20:31.794,1.36365,1.36384,1.50,1.50
2018.04.23 15:20:32.117,1.3637,1.36388,1.00,1.00
2018.04.23 15:20:32.512,1.3637,1.3639,1.00,1.00
2018.04.23 15:20:32.893,1.36372,1.3639,1.00,1.00
2018.04.23 15:20:33.258,1.3637,1.3639,1.50,1.50
2018.04.23 15:20:33.627,1.36372,1.3639,1.00,1.50
2018.04.23 15:20:33.884,1.36366,1.36385,1.00,1.00
2018.04.23 15:20:33.987,1.36369,1.36384,1.00,1.00
2018.04.23 15:20:34.106,1.3637,1.36387,1.00,1.00
2018.04.23 15:20:34.158,1.36372,1.36389,1.00,1.00
2018.04.23 15:20:34.210,1.36368,1.36387,1.50,1.00
2018.04.23 15:20:34.416,1.36367,1.36385,1.50,1.00
2018.04.23 15:20:34.724,1.36372,1.36386,1.00,1.00
2018.04.23 15:20:34.827,1.36368,1.36386,1.50,1.00
2018.04.23 15:20:34.929,1.36366,1.36384,1.00,1.00
2018.04.23 15:20:35.477,1.36369,1.36385,1.00,1.00
2018.04.23 15:20:35.581,1.36368,1.36388,1.00,1.00
2018.04.23 15:20:36.051,1.36366,1.36385,1.00,1.00
2018.04.23 15:20:36.566,1.36367,1.36384,1.00,1.50
2018.04.23 15:20:37.294,1.36368,1.36384,1.00,1.50
2018.04.23 15:20:37.346,1.36366,1.36384,1.00,1.00
2018.04.23 15:20:37.646,1.36368,1.36386,1.00,1.00
2018.04.23 15:20:38.158,1.36367,1.36386,1.50,1.00
2018.04.23 15:20:38.756,1.36367,1.36385,1.50,1.00
2018.04.23 15:20:39.689,1.36365,1.36385,1.00,1.50
2018.04.23 15:20:40.218,1.36366,1.36385,1.00,1.50
2018.04.23 15:20:40.640,1.36368,1.36384,1.00,1.00
2018.04.23 15:20:41.207,1.36369,1.36384,1.00,1.00
2018.04.23 15:20:41.454,1.36365,1.36384,1.00,1.00
2018.04.23 15:20:41.505,1.36368,1.3638,1.00,1.50
2018.04.23 15:20:41.556,1.36366,1.36383,1.00,1.00
2018.04.23 15:20:41.608,1.36368,1.36386,1.00,1.57
2018.04.23 15:20:41.761,1.36369,1.36384,1.00,1.00
2018.04.23 15:20:42.479,1.36368,1.36384,1.12,1.00
2018.04.23 15:20:42.582,1.3637,1.36387,1.00,1.00
2018.04.23 15:20:42.634,1.36369,1.36389,1.00,1.12
2018.04.23 15:20:43.167,1.3637,1.36389,1.00,2.62
2018.04.23 15:20:45.711,1.36369,1.36388,1.50,1.00
2018.04.23 15:20:46.126,1.36371,1.36389,1.00,1.00
2018.04.23 15:20:46.653,1.36372,1.36389,1.00,1.00
2018.04.23 15:20:46.706,1.3637,1.36389,1.00,1.00
2018.04.23 15:20:46.851,1.36371,1.36391,1.00,1.57
2018.04.23 15:20:46.908,1.36371,1.36389,1.00,2.25
2018.04.23 15:20:47.462,1.3637,1.36389,1.50,1.00
2018.04.23 15:20:48.052,1.36371,1.36389,1.00,1.00
2018.04.23 15:20:48.559,1.3637,1.36389,1.00,1.00
2018.04.23 15:20:48.897,1.36372,1.36389,1.00,1.00
2018.04.23 15:20:49.745,1.36371,1.36389,1.00,1.00
2018.04.23 15:20:51.486,1.36372,1.36389,1.00,1.00
2018.04.23 15:20:52.392,1.36371,1.36389,1.00,1.00
2018.04.23 15:20:53.101,1.3637,1.36389,1.00,1.00
2018.04.23 15:20:53.154,1.36371,1.36391,1.00,1.00
2018.04.23 15:20:53.456,1.36372,1.36389,1.00,1.00
2018.04.23 15:20:53.973,1.36372,1.3639,1.00,1.00
2018.04.23 15:20:54.944,1.36373,1.3639,1.00,1.00
2018.04.23 15:20:55.710,1.36372,1.36389,1.00,1.00
2018.04.23 15:20:56.053,1.36368,1.36386,1.50,1.00
2018.04.23 15:20:56.104,1.36367,1.36384,1.50,1.00
2018.04.23 15:20:56.608,1.36366,1.36385,1.00,1.50
2018.04.23 15:20:56.712,1.36369,1.36389,1.50,1.00
2018.04.23 15:20:56.764,1.36371,1.36389,1.00,1.50
2018.04.23 15:20:56.992,1.36371,1.36391,1.50,1.50
2018.04.23 15:20:57.096,1.36373,1.36391,1.00,1.50
2018.04.23 15:20:57.355,1.36374,1.36394,1.00,1.00
2018.04.23 15:20:57.884,1.36375,1.36394,1.00,1.50
2018.04.23 15:20:57.936,1.36378,1.36394,1.00,1.00
2018.04.23 15:20:58.347,1.36378,1.36396,1.00,1.00
2018.04.23 15:20:58.894,1.36377,1.36395,1.00,1.00
2018.04.23 15:20:59.558,1.36377,1.36397,1.00,1.50
2018.04.23 15:21:00.032,1.36377,1.36395,1.00,1.00
2018.04.23 15:21:00.141,1.36377,1.36397,1.00,1.50
2018.04.23 15:21:00.648,1.36377,1.36395,1.00,1.00
2018.04.23 15:21:01.183,1.36376,1.36394,1.00,1.00
2018.04.23 15:21:01.440,1.36377,1.36398,1.00,1.50
2018.04.23 15:21:01.491,1.36377,1.36396,1.00,1.00
2018.04.23 15:21:02.098,1.36378,1.36398,1.00,1.50
2018.04.23 15:21:02.200,1.36375,1.36396,1.87,1.00
2018.04.23 15:21:02.252,1.36375,1.36393,1.00,1.00
2018.04.23 15:21:02.449,1.36372,1.36391,1.00,1.00
2018.04.23 15:21:02.998,1.36373,1.3639,1.00,1.00
2018.04.23 15:21:03.196,1.36375,1.36394,1.00,1.00
2018.04.23 15:21:03.247,1.36374,1.36392,1.00,1.00
2018.04.23 15:21:03.350,1.36374,1.36394,1.00,2.25
2018.04.23 15:21:03.401,1.36372,1.36391,1.00,1.00
2018.04.23 15:21:03.452,1.3637,1.36391,1.50,1.00
2018.04.23 15:21:03.605,1.36373,1.36389,1.00,1.00
2018.04.23 15:21:03.656,1.36371,1.36389,1.00,1.00
2018.04.23 15:21:03.804,1.36374,1.36392,1.00,1.00
2018.04.23 15:21:05.276,1.36372,1.36391,1.00,1.00
2018.04.23 15:21:05.456,1.36374,1.36392,1.00,1.00
2018.04.23 15:21:05.508,1.36374,1.36394,1.00,1.00
2018.04.23 15:21:06.082,1.36373,1.36392,1.12,1.00
2018.04.23 15:21:06.608,1.36372,1.36393,1.87,1.50
2018.04.23 15:21:06.919,1.3637,1.36391,1.00,1.00
2018.04.23 15:21:07.445,1.36369,1.3639,1.12,1.00
2018.04.23 15:21:07.961,1.3637,1.3639,1.00,1.50
2018.04.23 15:21:08.168,1.36368,1.36388,1.00,1.00
2018.04.23 15:21:08.385,1.36362,1.36383,1.00,1.00
2018.04.23 15:21:08.540,1.36364,1.36383,1.00,1.50
2018.04.23 15:21:08.592,1.36362,1.36382,1.00,1.00
2018.04.23 15:21:09.044,1.36365,1.36384,1.00,2.25
2018.04.23 15:21:09.095,1.36363,1.36383,1.00,1.00
2018.04.23 15:21:09.147,1.36365,1.36383,1.00,1.00
2018.04.23 15:21:09.995,1.36364,1.36384,1.00,3.00
2018.04.23 15:21:10.510,1.36366,1.36384,1.00,1.50
2018.04.23 15:21:10.892,1.36364,1.36384,1.00,1.50
2018.04.23 15:21:10.998,1.36365,1.36387,1.00,1.10
2018.04.23 15:21:11.051,1.36366,1.36385,1.00,1.00
2018.04.23 15:21:11.261,1.36362,1.36383,1.12,1.50
2018.04.23 15:21:11.414,1.36364,1.36382,1.00,1.00
2018.04.23 15:21:11.641,1.36362,1.36381,1.00,1.00
2018.04.23 15:21:11.693,1.3636,1.36377,1.00,1.00
2018.04.23 15:21:11.745,1.36357,1.36376,1.50,1.00
2018.04.23 15:21:11.848,1.36359,1.36378,1.00,1.00
2018.04.23 15:21:11.900,1.36356,1.36378,1.00,1.00
2018.04.23 15:21:11.952,1.36359,1.36378,1.00,1.00
2018.04.23 15:21:12.286,1.36357,1.36374,1.00,1.00
2018.04.23 15:21:12.555,1.36358,1.36376,1.00,1.00
2018.04.23 15:21:13.221,1.36358,1.36374,1.00,1.00
2018.04.23 15:21:13.272,1.36358,1.36376,1.00,1.50
2018.04.23 15:21:13.765,1.36355,1.36375,1.12,1.00
2018.04.23 15:21:14.444,1.36354,1.36372,1.00,1.00
2018.04.23 15:21:14.924,1.36354,1.36374,1.00,1.50
2018.04.23 15:21:15.592,1.36354,1.36373,1.00,1.00
2018.04.23 15:21:16.373,1.36353,1.36373,1.00,1.00
2018.04.23 15:21:16.899,1.36352,1.36372,1.50,1.00
2018.04.23 15:21:16.951,1.36354,1.36372,1.00,1.00
2018.04.23 15:21:17.162,1.36352,1.36371,1.00,1.00
2018.04.23 15:21:17.267,1.36354,1.36372,1.00,1.00
2018.04.23 15:21:17.803,1.36352,1.36372,1.00,1.00
2018.04.23 15:21:18.011,1.36352,1.3637,1.00,1.00
2018.04.23 15:21:18.075,1.36347,1.36366,1.00,1.00
2018.04.23 15:21:18.659,1.36346,1.36365,1.00,1.50
2018.04.23 15:21:19.341,1.36353,1.36365,1.00,1.00
2018.04.23 15:21:19.393,1.36352,1.3637,1.00,1.50
2018.04.23 15:21:19.451,1.36354,1.36371,1.00,1.00
2018.04.23 15:21:19.503,1.36352,1.36371,1.00,1.00
2018.04.23 15:21:20.580,1.36353,1.36371,1.00,1.50
2018.04.23 15:21:22.567,1.36353,1.36372,1.00,1.00
2018.04.23 15:21:23.021,1.36353,1.36374,1.00,2.25
2018.04.23 15:21:23.123,1.36353,1.36372,1.00,1.00
2018.04.23 15:21:23.226,1.36353,1.36374,1.00,1.57
2018.04.23 15:21:23.583,1.36353,1.36372,1.00,1.00
2018.04.23 15:21:24.099,1.36354,1.36373,1.00,1.50
2018.04.23 15:21:24.409,1.36353,1.36371,1.00,1.00
2018.04.23 15:21:24.918,1.36352,1.36372,1.00,1.00
2018.04.23 15:21:25.669,1.36353,1.36371,1.00,1.00
2018.04.23 15:21:25.939,1.3635,1.36369,1.87,1.00
2018.04.23 15:21:26.248,1.36353,1.3637,1.00,1.00
2018.04.23 15:21:26.581,1.36349,1.36369,1.12,1.00
2018.04.23 15:21:26.942,1.36349,1.36367,1.12,1.00
2018.04.23 15:21:26.994,1.36349,1.36369,1.12,1.00
2018.04.23 15:21:27.045,1.36351,1.36369,1.00,1.00
2018.04.23 15:21:27.596,1.36351,1.36371,1.00,2.70
2018.04.23 15:21:27.853,1.3635,1.36368,1.00,1.00
2018.04.23 15:21:27.960,1.3635,1.3637,1.00,1.00
2018.04.23 15:21:28.197,1.3635,1.36368,1.00,1.00
2018.04.23 15:21:28.251,1.3635,1.3637,1.00,1.50
2018.04.23 15:21:28.766,1.3635,1.36369,1.12,1.00
2018.04.23 15:21:29.275,1.36351,1.3637,1.00,1.00
2018.04.23 15:21:29.866,1.36352,1.3637,1.00,1.00
2018.04.23 15:21:30.255,1.3635,1.36371,1.12,1.50
2018.04.23 15:21:30.313,1.36351,1.36369,1.00,1.00
2018.04.23 15:21:30.861,1.3635,1.36371,1.37,1.00
2018.04.23 15:21:31.406,1.3635,1.3637,1.37,1.00
2018.04.23 15:21:31.934,1.3635,1.36371,1.87,1.00
2018.04.23 15:21:32.445,1.36351,1.3637,1.12,1.00
2018.04.23 15:21:32.997,1.36351,1.36369,1.12,1.00
2018.04.23 15:21:33.049,1.3635,1.36371,1.87,1.00
2018.04.23 15:21:33.626,1.36351,1.3637,1.12,1.00
2018.04.23 15:21:34.216,1.36351,1.36369,1.12,1.00
2018.04.23 15:21:34.650,1.36349,1.36365,1.00,1.00
2018.04.23 15:21:34.703,1.36348,1.36367,1.50,1.00
2018.04.23 15:21:34.808,1.36346,1.36365,1.12,1.00
2018.04.23 15:21:35.322,1.36345,1.36366,1.00,1.00
2018.04.23 15:21:35.966,1.36345,1.36365,1.50,1.00
2018.04.23 15:21:36.487,1.36344,1.36365,1.87,2.25
2018.04.23 15:21:37.154,1.36343,1.36364,3.00,1.50
2018.04.23 15:21:37.836,1.36345,1.36364,1.00,1.00
2018.04.23 15:21:38.424,1.36345,1.36363,1.00,1.00
2018.04.23 15:21:39.116,1.36349,1.36367,1.00,1.00
2018.04.23 15:21:39.271,1.36349,1.36369,1.00,1.00
2018.04.23 15:21:39.772,1.36351,1.36369,1.00,1.00
2018.04.23 15:21:40.284,1.3635,1.36369,1.00,1.00
2018.04.23 15:21:40.801,1.36351,1.3637,1.00,1.50
2018.04.23 15:21:41.575,1.3635,1.36369,1.00,1.00
2018.04.23 15:21:41.781,1.36352,1.36373,1.00,1.12
2018.04.23 15:21:41.833,1.36351,1.36371,1.00,3.75
2018.04.23 15:21:41.936,1.36347,1.36367,2.62,1.00
2018.04.23 15:21:42.166,1.36344,1.36363,1.12,1.00
2018.04.23 15:21:42.709,1.36346,1.36364,1.00,1.00
2018.04.23 15:21:43.217,1.36346,1.36363,1.00,1.00
2018.04.23 15:21:43.838,1.36346,1.36364,1.00,1.50
2018.04.23 15:21:44.045,1.36346,1.36366,1.00,1.00
2018.04.23 15:21:44.408,1.36346,1.36368,1.50,1.00
2018.04.23 15:21:44.609,1.36347,1.36366,1.00,1.00
2018.04.23 15:21:45.134,1.36346,1.36367,3.00,1.00
2018.04.23 15:21:45.512,1.36346,1.36365,3.00,1.00
2018.04.23 15:21:46.069,1.36345,1.36366,4.12,1.00
2018.04.23 15:21:46.433,1.36347,1.36367,1.00,1.00
2018.04.23 15:21:46.743,1.36346,1.36364,3.00,1.00
2018.04.23 15:21:46.929,1.36346,1.36366,3.00,1.00
2018.04.23 15:21:47.032,1.36346,1.36364,3.00,1.00
2018.04.23 15:21:47.902,1.36346,1.36365,2.25,1.00
2018.04.23 15:21:48.420,1.36345,1.36364,1.00,1.00
2018.04.23 15:21:49.270,1.36345,1.36365,1.00,1.00
2018.04.23 15:21:49.582,1.36345,1.36363,1.00,1.50
2018.04.23 15:21:51.189,1.36344,1.36363,1.50,1.00
2018.04.23 15:21:53.311,1.36346,1.36363,1.00,1.00
2018.04.23 15:21:53.432,1.36344,1.36363,1.12,1.00
2018.04.23 15:21:53.762,1.36346,1.36363,1.50,1.00
2018.04.23 15:21:53.814,1.36345,1.36365,1.50,1.50
2018.04.23 15:21:53.994,1.36344,1.36362,1.50,1.00
2018.04.23 15:21:54.524,1.36344,1.36361,1.00,1.00
2018.04.23 15:21:55.246,1.36344,1.36362,1.00,1.00
2018.04.23 15:21:55.536,1.36342,1.36361,1.00,1.00
2018.04.23 15:21:56.394,1.36343,1.36361,1.00,1.00
2018.04.23 15:21:56.944,1.36342,1.36361,1.00,1.00
2018.04.23 15:21:57.197,1.3634,1.36358,1.00,1.00
2018.04.23 15:21:57.748,1.36341,1.36359,1.00,1.50
2018.04.23 15:21:58.121,1.36339,1.36358,1.00,1.00
2018.04.23 15:21:58.300,1.36341,1.36358,1.00,1.00
2018.04.23 15:21:58.476,1.36339,1.36358,1.00,1.00
2018.04.23 15:22:00.224,1.36336,1.36354,1.00,1.00
2018.04.23 15:22:00.369,1.36334,1.36353,1.00,1.00
2018.04.23 15:22:01.166,1.36332,1.36353,1.50,1.00
2018.04.23 15:22:01.377,1.36334,1.3635,1.00,1.00
2018.04.23 15:22:01.430,1.36333,1.36353,1.00,1.00
2018.04.23 15:22:01.483,1.36335,1.36354,1.00,1.00
2018.04.23 15:22:01.799,1.3634,1.36357,1.00,1.00
2018.04.23 15:22:02.052,1.3634,1.3636,1.50,1.00
2018.04.23 15:22:02.492,1.36342,1.36361,1.00,1.00
2018.04.23 15:22:02.543,1.3634,1.3636,1.00,1.00
2018.04.23 15:22:03.092,1.36339,1.3636,2.25,2.25
2018.04.23 15:22:03.194,1.36339,1.36358,2.25,1.00
2018.04.23 15:22:03.419,1.36339,1.3636,2.25,1.50
2018.04.23 15:22:03.472,1.36342,1.3636,1.00,1.00
2018.04.23 15:22:03.606,1.36343,1.36362,1.00,1.00
2018.04.23 15:22:04.091,1.36343,1.3636,1.00,1.00
2018.04.23 15:22:04.144,1.36343,1.36362,1.00,1.50
2018.04.23 15:22:04.699,1.36342,1.36362,1.00,1.50
2018.04.23 15:22:04.956,1.36341,1.3636,1.50,1.00
2018.04.23 15:22:05.008,1.36341,1.36362,1.00,1.50
2018.04.23 15:22:05.061,1.36341,1.36359,2.25,1.00
2018.04.23 15:22:05.113,1.36341,1.36361,1.50,1.00
2018.04.23 15:22:05.165,1.36341,1.36359,1.00,1.00
2018.04.23 15:22:05.694,1.36341,1.3636,1.00,1.00
2018.04.23 15:22:06.225,1.36342,1.36361,1.00,1.00
2018.04.23 15:22:06.756,1.36341,1.36361,1.50,1.50
2018.04.23 15:22:07.352,1.36342,1.36361,1.00,1.50
2018.04.23 15:22:07.809,1.36341,1.36359,1.00,1.00
2018.04.23 15:22:07.861,1.36341,1.36361,1.00,1.50
2018.04.23 15:22:07.965,1.36344,1.36362,1.00,1.00
2018.04.23 15:22:08.017,1.36342,1.36362,1.12,1.00
2018.04.23 15:22:08.364,1.36344,1.36363,1.00,1.00
2018.04.23 15:22:08.417,1.36345,1.36365,1.00,1.00
2018.04.23 15:22:08.781,1.36343,1.36365,1.87,1.50
2018.04.23 15:22:08.884,1.36345,1.36365,1.00,1.00
2018.04.23 15:22:09.404,1.36347,1.36365,1.00,1.00
2018.04.23 15:22:09.714,1.36344,1.36362,1.00,1.00
2018.04.23 15:22:10.288,1.36344,1.36363,1.00,1.00
2018.04.23 15:22:10.614,1.36343,1.36361,1.00,1.00
2018.04.23 15:22:10.720,1.36342,1.36363,1.50,1.00
2018.04.23 15:22:11.132,1.36344,1.36363,1.00,1.00
2018.04.23 15:22:11.669,1.36343,1.36364,1.00,1.10
2018.04.23 15:22:12.044,1.36344,1.36362,1.50,1.00
2018.04.23 15:22:13.521,1.36345,1.36364,1.00,1.00
2018.04.23 15:22:14.057,1.36345,1.36365,1.00,1.00
2018.04.23 15:22:14.587,1.36345,1.36363,1.00,1.00
2018.04.23 15:22:14.660,1.36345,1.36365,1.00,1.50
2018.04.23 15:22:14.712,1.36348,1.36365,1.00,1.00
2018.04.23 15:22:14.918,1.36351,1.3637,1.12,1.50
2018.04.23 15:22:14.969,1.36353,1.3637,1.00,1.00
2018.04.23 15:22:15.021,1.3635,1.3637,1.50,1.50
2018.04.23 15:22:15.166,1.36348,1.36366,1.12,1.00
2018.04.23 15:22:15.604,1.36348,1.36369,1.12,2.25
2018.04.23 15:22:15.982,1.3635,1.36369,1.00,1.00
2018.04.23 15:22:16.306,1.36352,1.3637,1.00,1.00
2018.04.23 15:22:16.806,1.36352,1.36373,1.00,3.45
2018.04.23 15:22:16.974,1.36353,1.36371,1.00,1.00
2018.04.23 15:22:17.716,1.36353,1.36372,1.00,1.00
2018.04.23 15:22:19.944,1.36352,1.3637,1.00,1.00
2018.04.23 15:22:19.996,1.36352,1.36373,1.00,1.87
2018.04.23 15:22:20.754,1.36353,1.36372,1.00,1.00
2018.04.23 15:22:21.287,1.36352,1.36373,1.12,1.87
2018.04.23 15:22:21.824,1.36352,1.36371,1.12,1.00
2018.04.23 15:22:22.081,1.36352,1.36373,1.87,1.12
2018.04.23 15:22:22.133,1.36354,1.36372,1.00,1.00
2018.04.23 15:22:22.639,1.36352,1.36373,1.00,1.00
2018.04.23 15:22:22.691,1.36354,1.36373,1.00,1.50
2018.04.23 15:22:22.846,1.36352,1.36373,1.50,1.50
2018.04.23 15:22:23.055,1.36354,1.36373,1.00,1.50
2018.04.23 15:22:23.209,1.36352,1.36373,1.50,1.50
2018.04.23 15:22:23.583,1.36354,1.36374,1.00,1.00
2018.04.23 15:22:23.908,1.36352,1.3637,1.00,1.12
2018.04.23 15:22:24.215,1.36352,1.36372,1.00,1.00
2018.04.23 15:22:24.740,1.36353,1.36371,1.00,1.00
2018.04.23 15:22:26.860,1.36354,1.36373,1.00,2.25
2018.04.23 15:22:26.912,1.36354,1.36371,1.00,1.50
2018.04.23 15:22:27.586,1.36354,1.36372,1.00,1.50
2018.04.23 15:22:27.689,1.36352,1.36372,1.50,2.25
2018.04.23 15:22:27.870,1.36352,1.36371,1.50,1.37
2018.04.23 15:22:28.024,1.36346,1.36365,1.50,1.50
2018.04.23 15:22:28.387,1.36346,1.36367,1.00,3.00
2018.04.23 15:22:28.827,1.36346,1.36365,1.00,1.00
2018.04.23 15:22:28.983,1.36346,1.36367,1.00,3.00
2018.04.23 15:22:29.089,1.36347,1.36365,1.00,1.00
2018.04.23 15:22:29.244,1.36345,1.36366,2.25,1.00
2018.04.23 15:22:29.445,1.36348,1.36366,1.00,1.00
2018.04.23 15:22:29.980,1.36347,1.36366,1.00,1.00
2018.04.23 15:22:30.588,1.3635,1.36366,1.37,1.50
2018.04.23 15:22:30.640,1.36352,1.3637,1.37,1.00
2018.04.23 15:22:30.797,1.36353,1.36372,1.00,1.12
2018.04.23 15:22:31.054,1.36351,1.36369,2.62,1.50
2018.04.23 15:22:31.397,1.36348,1.36364,1.50,1.00
2018.04.23 15:22:31.604,1.36346,1.36364,1.00,1.00
2018.04.23 15:22:31.914,1.36349,1.36367,1.37,1.00
2018.04.23 15:22:32.317,1.36351,1.36369,1.00,1.50
2018.04.23 15:22:32.368,1.36353,1.36369,1.00,1.50
2018.04.23 15:22:32.948,1.36352,1.36369,1.00,1.00
2018.04.23 15:22:33.363,1.36353,1.36371,1.00,1.12
2018.04.23 15:22:33.799,1.36351,1.36369,1.87,2.25
2018.04.23 15:22:33.905,1.36349,1.36368,1.87,2.25
2018.04.23 15:22:34.515,1.36349,1.36367,1.87,1.50
2018.04.23 15:22:35.049,1.36349,1.36368,1.37,1.50
2018.04.23 15:22:35.582,1.36349,1.36366,1.87,1.50
2018.04.23 15:22:35.806,1.36349,1.36368,1.50,2.25
2018.04.23 15:22:36.062,1.36346,1.36367,2.62,1.00
2018.04.23 15:22:36.787,1.36347,1.36367,1.37,1.00
2018.04.23 15:22:37.394,1.36348,1.36366,1.12,1.00
2018.04.23 15:22:37.895,1.36348,1.36367,1.12,1.50
2018.04.23 15:22:38.235,1.36347,1.36365,1.00,1.00
2018.04.23 15:22:38.625,1.36344,1.36361,1.50,1.50
2018.04.23 15:22:39.143,1.36343,1.3636,1.00,1.00
2018.04.23 15:22:39.493,1.36343,1.36358,1.12,1.00
2018.04.23 15:22:39.734,1.36343,1.3636,1.00,1.00
2018.04.23 15:22:40.341,1.36343,1.36359,1.00,1.00
2018.04.23 15:22:40.861,1.36343,1.3636,1.00,1.50
2018.04.23 15:22:41.201,1.36342,1.36358,1.87,1.00
2018.04.23 15:22:41.674,1.36342,1.3636,1.87,1.50
2018.04.23 15:22:41.931,1.36344,1.3636,1.00,1.50
2018.04.23 15:22:41.982,1.36342,1.3636,1.50,1.50
2018.04.23 15:22:42.034,1.36344,1.3636,1.00,1.50
2018.04.23 15:22:42.085,1.36345,1.36363,1.00,1.00
2018.04.23 15:22:42.359,1.36347,1.36365,1.00,1.87
2018.04.23 15:22:42.410,1.36345,1.36365,1.00,1.12
2018.04.23 15:22:42.552,1.36345,1.36362,1.00,1.00
2018.04.23 15:22:42.893,1.36347,1.36362,1.00,1.00
2018.04.23 15:22:42.945,1.36347,1.36365,1.00,1.50
2018.04.23 15:22:43.020,1.36345,1.36365,1.00,1.00
2018.04.23 15:22:43.072,1.36347,1.36365,1.00,1.50
2018.04.23 15:22:43.530,1.36348,1.36367,1.00,1.50
2018.04.23 15:22:44.978,1.3635,1.36368,1.00,1.10
2018.04.23 15:22:45.526,1.36346,1.36366,1.00,1.00
2018.04.23 15:22:45.579,1.36346,1.36363,1.50,1.00
2018.04.23 15:22:46.125,1.36345,1.36363,1.00,1.00
2018.04.23 15:22:46.513,1.36342,1.36361,1.00,1.00
2018.04.23 15:22:47.036,1.36343,1.36362,1.00,1.12
2018.04.23 15:22:48.732,1.36343,1.3636,1.00,1.37
2018.04.23 15:22:48.960,1.36341,1.3636,1.87,1.37
2018.04.23 15:22:50.022,1.36341,1.36359,1.50,1.87
2018.04.23 15:22:50.075,1.36341,1.3636,1.50,1.87
2018.04.23 15:22:50.302,1.36339,1.36354,1.00,1.12
2018.04.23 15:22:50.354,1.36336,1.36355,1.00,3.37
2018.04.23 15:22:50.405,1.36335,1.36352,1.00,1.00
2018.04.23 15:22:50.730,1.36335,1.3635,1.00,1.00
2018.04.23 15:22:51.246,1.36334,1.36351,1.00,1.00
2018.04.23 15:22:51.753,1.36335,1.36351,1.00,1.00
2018.04.23 15:22:52.096,1.36333,1.3635,1.50,1.00
2018.04.23 15:22:52.199,1.36334,1.36352,1.00,1.00
2018.04.23 15:22:52.770,1.36333,1.36351,1.87,1.00
2018.04.23 15:22:53.077,1.36335,1.36354,1.00,1.12
2018.04.23 15:22:53.639,1.36336,1.36355,1.00,3.37
2018.04.23 15:22:53.895,1.36334,1.36353,1.00,1.50
2018.04.23 15:22:54.564,1.36336,1.36353,1.00,1.00
2018.04.23 15:22:55.092,1.36336,1.36352,1.50,1.00
2018.04.23 15:22:55.653,1.36335,1.36353,1.00,1.00
2018.04.23 15:22:55.987,1.36334,1.3635,1.00,1.00
2018.04.23 15:22:57.117,1.36335,1.3635,1.00,1.00
2018.04.23 15:22:57.632,1.36334,1.3635,1.00,1.00
2018.04.23 15:22:58.158,1.36333,1.3635,1.50,1.00
2018.04.23 15:22:59.252,1.36333,1.36351,1.50,1.00
2018.04.23 15:22:59.886,1.36333,1.3635,1.87,1.00
2018.04.23 15:23:00.453,1.36335,1.36353,1.00,1.00
2018.04.23 15:23:00.608,1.36337,1.36353,1.00,1.00
2018.04.23 15:23:00.711,1.36337,1.36356,1.00,2.25
2018.04.23 15:23:01.220,1.36336,1.36353,1.00,1.00
2018.04.23 15:23:01.530,1.36338,1.36353,1.00,1.00
2018.04.23 15:23:01.582,1.36338,1.36356,1.00,3.00
2018.04.23 15:23:01.678,1.36334,1.36352,1.37,1.00
2018.04.23 15:23:01.732,1.36336,1.36354,1.00,1.00
2018.04.23 15:23:02.432,1.36334,1.36354,1.37,1.00
2018.04.23 15:23:02.956,1.36335,1.36355,1.12,1.12
2018.04.23 15:23:03.375,1.36334,1.36353,1.87,1.00
2018.04.23 15:23:03.911,1.36333,1.36352,1.87,1.50
2018.04.23 15:23:04.224,1.36336,1.36354,1.12,1.50
2018.04.23 15:23:04.547,1.36331,1.36349,1.00,1.00
2018.04.23 15:23:04.650,1.36328,1.36348,1.12,1.00
2018.04.23 15:23:04.804,1.36331,1.36347,1.12,1.00
2018.04.23 15:23:05.107,1.36336,1.36352,1.00,1.00
2018.04.23 15:23:05.313,1.36331,1.3635,1.12,1.00
2018.04.23 15:23:06.259,1.36331,1.36349,1.00,1.00
2018.04.23 15:23:06.371,1.36329,1.36349,1.00,1.00
2018.04.23 15:23:06.423,1.36328,1.36347,1.00,1.00
2018.04.23 15:23:06.772,1.36324,1.36345,1.37,1.37
2018.04.23 15:23:07.304,1.36326,1.36344,1.50,1.00
2018.04.23 15:23:07.845,1.36324,1.36343,1.87,1.00
2018.04.23 15:23:08.393,1.36324,1.36342,1.00,1.50
2018.04.23 15:23:08.906,1.36324,1.36341,1.00,1.00
2018.04.23 15:23:09.214,1.36324,1.36343,1.37,1.50
2018.04.23 15:23:09.368,1.36324,1.36343,1.12,1.00
2018.04.23 15:23:09.897,1.36324,1.36344,1.12,1.12
2018.04.23 15:23:09.949,1.36324,1.36342,1.12,1.00
2018.04.23 15:23:10.257,1.36326,1.36344,1.00,1.87
2018.04.23 15:23:10.795,1.36325,1.36343,1.50,1.00
2018.04.23 15:23:11.342,1.36326,1.36343,1.00,1.00
2018.04.23 15:23:11.891,1.36325,1.36343,1.87,1.50
2018.04.23 15:23:12.202,1.36326,1.36341,1.00,1.00
2018.04.23 15:23:12.347,1.36326,1.36344,1.00,1.50
2018.04.23 15:23:12.400,1.36323,1.3634,1.12,1.00
2018.04.23 15:23:12.661,1.36323,1.36342,1.37,1.50
2018.04.23 15:23:13.168,1.36324,1.36342,1.37,2.25
2018.04.23 15:23:13.763,1.36324,1.36342,1.37,1.50
2018.04.23 15:23:14.282,1.36326,1.36343,1.87,1.00
2018.04.23 15:23:14.384,1.36328,1.36345,1.00,1.50
2018.04.23 15:23:14.435,1.36326,1.36345,1.12,2.25
2018.04.23 15:23:15.003,1.36327,1.36345,1.00,1.00
2018.04.23 15:23:15.991,1.36328,1.36345,1.00,1.50
2018.04.23 15:23:16.142,1.36326,1.36345,1.12,1.50
2018.04.23 15:23:16.664,1.36327,1.36344,1.00,1.00
2018.04.23 15:23:17.265,1.36326,1.36344,1.87,1.50
2018.04.23 15:23:17.783,1.36327,1.36344,1.00,1.00
2018.04.23 15:23:18.288,1.36326,1.36344,1.87,1.00
2018.04.23 15:23:19.235,1.36327,1.36344,1.00,1.00
2018.04.23 15:23:19.390,1.36327,1.36346,1.00,1.87
2018.04.23 15:23:19.956,1.36327,1.36345,1.00,1.00
2018.04.23 15:23:20.365,1.36325,1.36345,1.12,1.00
2018.04.23 15:23:20.472,1.36327,1.36345,1.00,1.00
2018.04.23 15:23:20.808,1.36325,1.36346,1.12,1.50
2018.04.23 15:23:20.995,1.36328,1.36346,1.00,1.00
2018.04.23 15:23:21.578,1.36327,1.36346,1.00,1.50
2018.04.23 15:23:22.083,1.36326,1.36344,1.00,1.00
2018.04.23 15:23:22.738,1.36325,1.36344,1.12,2.25
2018.04.23 15:23:23.047,1.36321,1.3634,1.50,1.12
2018.04.23 15:23:24.002,1.36321,1.36339,1.00,1.00
2018.04.23 15:23:24.523,1.3632,1.36338,1.50,1.00
2018.04.23 15:23:25.167,1.36318,1.36336,1.00,1.00
2018.04.23 15:23:25.514,1.36321,1.36337,1.00,1.00
2018.04.23 15:23:25.649,1.36319,1.36337,1.00,1.00
2018.04.23 15:23:26.975,1.3632,1.36338,1.00,1.50
2018.04.23 15:23:27.027,1.36316,1.36337,2.25,1.00
2018.04.23 15:23:27.079,1.36316,1.36335,2.25,1.00
2018.04.23 15:23:27.423,1.36319,1.36335,1.00,1.00
2018.04.23 15:23:27.475,1.36321,1.36338,1.00,1.12
2018.04.23 15:23:27.681,1.36321,1.3634,1.00,1.87
2018.04.23 15:23:28.248,1.36321,1.36339,1.50,1.00
2018.04.23 15:23:28.792,1.36321,1.36338,1.00,1.50
2018.04.23 15:23:29.331,1.36321,1.36339,1.50,1.50
2018.04.23 15:23:29.486,1.36321,1.36335,1.00,1.00
2018.04.23 15:23:29.539,1.36317,1.36335,1.37,1.00
2018.04.23 15:23:29.590,1.36317,1.36337,1.37,1.50
2018.04.23 15:23:29.643,1.36316,1.36333,1.50,1.00
2018.04.23 15:23:29.747,1.36313,1.36332,1.87,1.50
2018.04.23 15:23:29.902,1.36316,1.36333,1.00,1.00
2018.04.23 15:23:30.222,1.3632,1.36335,1.00,1.00
2018.04.23 15:23:30.580,1.36317,1.36336,1.37,1.00
2018.04.23 15:23:31.094,1.36317,1.36335,1.12,1.50
2018.04.23 15:23:31.848,1.36321,1.36336,1.00,1.50
2018.04.23 15:23:31.950,1.36318,1.36338,1.12,1.00
2018.04.23 15:23:32.080,1.36321,1.36337,1.00,1.00
2018.04.23 15:23:32.133,1.36316,1.36336,1.50,1.00
2018.04.23 15:23:32.663,1.36317,1.36335,1.00,1.00
2018.04.23 15:23:32.866,1.36315,1.36335,2.62,1.00
2018.04.23 15:23:33.007,1.36317,1.36335,1.00,1.50
2018.04.23 15:23:33.162,1.36315,1.36335,2.25,1.50
2018.04.23 15:23:33.319,1.36316,1.36337,1.87,1.50
2018.04.23 15:23:33.574,1.36318,1.36336,1.00,1.00
2018.04.23 15:23:35.072,1.36316,1.36334,1.50,1.00
2018.04.23 15:23:35.602,1.36317,1.36335,1.00,1.00
2018.04.23 15:23:36.138,1.36316,1.36335,1.50,1.00
2018.04.23 15:23:36.695,1.36316,1.36336,1.50,1.50
2018.04.23 15:23:37.206,1.36318,1.36336,1.00,1.50
2018.04.23 15:23:38.265,1.36316,1.36337,2.62,1.50
2018.04.23 15:23:38.396,1.36317,1.36335,1.00,1.00
2018.04.23 15:23:38.925,1.36316,1.36335,2.25,1.00
2018.04.23 15:23:39.465,1.36316,1.36334,2.25,1.00
2018.04.23 15:23:39.995,1.36317,1.36335,1.00,1.00
2018.04.23 15:23:40.784,1.36317,1.36336,1.00,1.50
2018.04.23 15:23:41.333,1.36318,1.36337,1.00,1.00
2018.04.23 15:23:41.960,1.36319,1.36337,1.00,1.00
2018.04.23 15:23:42.167,1.36319,1.36339,1.00,1.50
2018.04.23 15:23:44.165,1.36319,1.36338,1.00,1.00
2018.04.23 15:23:44.595,1.36323,1.36341,1.00,1.87
2018.04.23 15:23:44.905,1.36325,1.36345,1.00,1.87
2018.04.23 15:23:45.209,1.36322,1.36342,2.25,1.50
2018.04.23 15:23:45.571,1.3632,1.36338,1.00,1.00
2018.04.23 15:23:45.726,1.36318,1.36339,1.50,1.00
2018.04.23 15:23:45.819,1.3632,1.36339,1.00,1.00
2018.04.23 15:23:46.209,1.36322,1.3634,1.00,1.00
2018.04.23 15:23:46.638,1.3632,1.36339,1.00,1.00
2018.04.23 15:23:46.690,1.36319,1.36337,1.00,1.00
2018.04.23 15:23:46.866,1.36319,1.3634,1.00,1.00
2018.04.23 15:23:46.918,1.36319,1.36338,1.00,1.00
2018.04.23 15:23:47.250,1.36323,1.3634,1.00,1.00
2018.04.23 15:23:47.537,1.36323,1.36342,1.00,1.00
2018.04.23 15:23:47.641,1.36325,1.36343,1.00,3.00
2018.04.23 15:23:47.744,1.36323,1.36343,1.00,1.00
2018.04.23 15:23:47.798,1.36323,1.36341,1.00,1.50
2018.04.23 15:23:47.850,1.36321,1.3634,1.00,1.00
2018.04.23 15:23:48.355,1.3632,1.3634,1.00,1.00
2018.04.23 15:23:48.696,1.36323,1.36341,1.12,1.00
2018.04.23 15:23:49.202,1.36323,1.36342,1.12,1.00
2018.04.23 15:23:49.552,1.36325,1.36343,1.00,1.00
2018.04.23 15:23:49.812,1.36319,1.36338,1.12,1.00
2018.04.23 15:23:50.359,1.36318,1.36338,1.50,1.00
2018.04.23 15:23:51.275,1.3632,1.36338,1.00,1.00
2018.04.23 15:23:52.414,1.36319,1.36337,1.00,1.00
2018.04.23 15:23:53.459,1.36318,1.36337,1.00,1.00
2018.04.23 15:23:53.985,1.36319,1.36336,1.12,1.00
2018.04.23 15:23:54.043,1.36319,1.36338,1.12,1.00
2018.04.23 15:23:54.850,1.36319,1.36337,1.12,1.00
2018.04.23 15:23:54.904,1.36318,1.36339,1.37,1.50
2018.04.23 15:23:55.061,1.36319,1.36337,1.87,1.50
2018.04.23 15:23:55.705,1.36319,1.36337,1.87,1.00
2018.04.23 15:23:56.256,1.3632,1.36338,1.12,1.50
2018.04.23 15:23:56.839,1.36321,1.36339,1.00,1.00
2018.04.23 15:23:57.875,1.36322,1.3634,1.00,1.00
2018.04.23 15:23:58.373,1.3632,1.36339,1.87,1.00
2018.04.23 15:23:59.332,1.3632,1.36339,1.37,1.00
2018.04.23 15:24:00.182,1.36321,1.3634,1.12,1.00
2018.04.23 15:24:00.390,1.36319,1.36339,1.12,1.00
2018.04.23 15:24:00.934,1.3632,1.36339,1.00,1.00
2018.04.23 15:24:01.485,1.36319,1.3634,1.12,2.25
2018.04.23 15:24:01.537,1.36324,1.36341,1.00,1.00
2018.04.23 15:24:01.589,1.36324,1.36344,1.00,1.57
2018.04.23 15:24:02.031,1.36324,1.36342,1.00,1.00
2018.04.23 15:24:02.638,1.36323,1.36342,1.00,1.00
2018.04.23 15:24:02.945,1.36325,1.36342,1.00,1.00
2018.04.23 15:24:03.571,1.36325,1.36343,1.00,1.00
2018.04.23 15:24:04.104,1.36324,1.36343,1.00,1.50
2018.04.23 15:24:04.208,1.36317,1.36337,2.25,1.00
2018.04.23 15:24:04.773,1.36318,1.36337,1.00,1.00
2018.04.23 15:24:05.342,1.36318,1.36336,1.00,1.00
2018.04.23 15:24:06.291,1.36317,1.36335,1.50,1.00
2018.04.23 15:24:07.395,1.36317,1.36336,1.50,1.00
2018.04.23 15:24:08.807,1.36317,1.36337,1.00,2.25
2018.04.23 15:24:08.980,1.36317,1.36335,1.00,1.00
2018.04.23 15:24:09.108,1.36315,1.36335,1.00,1.00
2018.04.23 15:24:09.625,1.36316,1.36335,1.50,1.00
2018.04.23 15:24:09.959,1.36319,1.36337,1.50,1.00
2018.04.23 15:24:10.063,1.36318,1.36337,1.00,1.50
2018.04.23 15:24:10.116,1.36316,1.36334,1.50,1.00
2018.04.23 15:24:10.221,1.36314,1.36333,1.00,1.50
2018.04.23 15:24:10.274,1.36312,1.36331,2.62,1.00
2018.04.23 15:24:10.378,1.36312,1.36333,1.00,1.50
2018.04.23 15:24:10.480,1.36314,1.36333,1.00,1.50
2018.04.23 15:24:10.799,1.36312,1.36332,1.12,1.00
2018.04.23 15:24:11.325,1.36313,1.36332,1.00,1.00
2018.04.23 15:24:12.522,1.36313,1.36333,1.00,1.00
2018.04.23 15:24:13.557,1.36313,1.36332,1.00,1.00
2018.04.23 15:24:14.036,1.36315,1.36333,1.00,1.00
2018.04.23 15:24:14.331,1.36313,1.36333,1.12,1.50
2018.04.23 15:24:14.885,1.36314,1.36332,1.00,1.50
2018.04.23 15:24:15.399,1.36313,1.36331,1.00,1.00
2018.04.23 15:24:15.968,1.36313,1.36332,1.00,1.00
2018.04.23 15:24:16.233,1.36313,1.3633,1.00,1.00
2018.04.23 15:24:16.337,1.36313,1.36332,1.50,1.50
2018.04.23 15:24:16.861,1.36313,1.36331,1.00,1.50
2018.04.23 15:24:18.213,1.36313,1.36332,1.00,1.00
2018.04.23 15:24:18.372,1.36313,1.3633,1.00,1.00
2018.04.23 15:24:18.424,1.36313,1.36332,1.50,1.50
2018.04.23 15:24:18.883,1.36311,1.36331,1.12,1.00
2018.04.23 15:24:18.986,1.36311,1.36329,1.12,1.00
2018.04.23 15:24:19.514,1.36312,1.3633,1.00,1.00
2018.04.23 15:24:20.941,1.36313,1.36331,1.00,1.00
2018.04.23 15:24:21.859,1.36314,1.36332,1.00,1.50
2018.04.23 15:24:22.226,1.36316,1.36333,1.00,1.00
2018.04.23 15:24:22.373,1.36313,1.36333,1.87,1.00
2018.04.23 15:24:22.538,1.36313,1.36329,1.00,1.00
2018.04.23 15:24:22.591,1.3631,1.36327,1.00,1.00
2018.04.23 15:24:23.130,1.36309,1.36328,1.12,1.50
2018.04.23 15:24:24.074,1.36307,1.36325,1.87,1.00
2018.04.23 15:24:24.624,1.36307,1.36326,1.87,1.50
2018.04.23 15:24:25.137,1.36307,1.36325,1.87,1.00
2018.04.23 15:24:25.716,1.36307,1.36324,1.37,1.00
2018.04.23 15:24:25.923,1.36306,1.36324,1.00,2.25
2018.04.23 15:24:26.431,1.36307,1.36323,1.00,1.00
2018.04.23 15:24:26.924,1.36305,1.36324,1.00,1.00
2018.04.23 15:24:27.432,1.36306,1.36325,1.12,1.50
2018.04.23 15:24:28.733,1.36306,1.36321,1.00,1.00
2018.04.23 15:24:28.786,1.36301,1.36321,2.25,1.50
2018.04.23 15:24:28.892,1.36305,1.36321,1.50,1.00
2018.04.23 15:24:29.001,1.36306,1.36323,1.00,1.50
2018.04.23 15:24:30.246,1.36304,1.36323,1.00,1.50
2018.04.23 15:24:32.493,1.36306,1.36324,1.00,1.00
2018.04.23 15:24:33.111,1.36306,1.36323,1.00,1.00
2018.04.23 15:24:33.662,1.36306,1.36324,1.50,1.50
2018.04.23 15:24:35.821,1.36306,1.36323,1.00,1.00
2018.04.23 15:24:36.085,1.36309,1.36327,1.00,1.50
2018.04.23 15:24:36.137,1.36312,1.36327,1.00,1.00
2018.04.23 15:24:36.188,1.36312,1.36331,1.12,1.12
2018.04.23 15:24:36.874,1.36312,1.36329,1.00,1.00
2018.04.23 15:24:37.423,1.36311,1.36332,1.87,1.87
2018.04.23 15:24:37.933,1.36312,1.36332,1.00,2.62
2018.04.23 15:24:41.781,1.36312,1.3633,1.00,1.00
2018.04.23 15:24:42.388,1.36312,1.36332,1.50,2.62
2018.04.23 15:24:44.634,1.36314,1.36332,1.00,1.00
2018.04.23 15:24:45.537,1.36315,1.36332,1.00,1.00
2018.04.23 15:24:46.009,1.36313,1.36332,1.50,1.00
2018.04.23 15:24:46.501,1.36315,1.36333,1.00,1.50
2018.04.23 15:24:47.028,1.36314,1.36332,1.00,1.00
2018.04.23 15:24:49.669,1.36315,1.36333,1.00,1.50
2018.04.23 15:24:51.078,1.36313,1.36333,1.12,1.50
2018.04.23 15:24:51.131,1.36315,1.36333,1.00,1.50
2018.04.23 15:24:51.684,1.36314,1.36333,1.00,1.00
2018.04.23 15:24:52.214,1.36314,1.36332,1.00,1.00
2018.04.23 15:24:52.807,1.36312,1.36331,1.00,1.00
2018.04.23 15:24:53.321,1.36311,1.36332,1.87,1.00
2018.04.23 15:24:54.390,1.36312,1.3633,1.00,1.00
2018.04.23 15:24:54.904,1.36313,1.36331,1.00,1.00
2018.04.23 15:24:57.696,1.36312,1.36331,1.00,1.00
2018.04.23 15:24:58.542,1.36312,1.36332,1.12,1.00
2018.04.23 15:24:59.067,1.36312,1.36333,1.12,1.50
2018.04.23 15:25:00.358,1.36313,1.36333,1.00,2.25
2018.04.23 15:25:00.665,1.36315,1.36333,1.00,1.00
2018.04.23 15:25:00.996,1.36318,1.36335,1.00,1.50
2018.04.23 15:25:01.048,1.36315,1.36334,1.00,1.00
2018.04.23 15:25:01.150,1.36314,1.36332,1.00,1.00
2018.04.23 15:25:01.363,1.36311,1.36331,1.50,1.50
2018.04.23 15:25:01.498,1.36313,1.36331,1.00,1.00
2018.04.23 15:25:01.550,1.36314,1.36333,1.12,1.00
2018.04.23 15:25:01.707,1.36312,1.36332,1.50,1.00
2018.04.23 15:25:02.172,1.36314,1.36335,1.50,1.50
2018.04.23 15:25:02.618,1.36313,1.36332,1.00,1.00
2018.04.23 15:25:03.200,1.36312,1.36333,1.12,1.50
2018.04.23 15:25:03.512,1.36315,1.36334,1.00,1.00
2018.04.23 15:25:03.614,1.36317,1.36337,1.12,2.25
2018.04.23 15:25:03.666,1.36319,1.36337,1.00,2.25
2018.04.23 15:25:04.020,1.36317,1.36336,1.00,1.50
2018.04.23 15:25:04.072,1.36319,1.36336,1.00,1.00
2018.04.23 15:25:04.124,1.36317,1.36336,1.00,1.50
2018.04.23 15:25:04.176,1.36312,1.3633,1.07,1.00
2018.04.23 15:25:04.438,1.36313,1.36332,1.37,1.50
2018.04.23 15:25:04.581,1.36315,1.36334,1.00,2.25
2018.04.23 15:25:04.839,1.36313,1.36333,1.00,2.25
2018.04.23 15:25:04.891,1.36311,1.36329,1.00,1.00
2018.04.23 15:25:04.943,1.36309,1.36328,1.00,1.00
2018.04.23 15:25:05.509,1.36309,1.36327,1.00,1.00
2018.04.23 15:25:05.951,1.36312,1.36328,1.00,1.50
2018.04.23 15:25:06.002,1.36312,1.3633,1.00,1.00
2018.04.23 15:25:06.055,1.36307,1.36327,1.00,1.87
2018.04.23 15:25:06.157,1.36305,1.36325,1.87,1.87
2018.04.23 15:25:06.209,1.36305,1.36323,1.12,1.00
2018.04.23 15:25:06.266,1.36303,1.36323,1.87,1.00
2018.04.23 15:25:06.649,1.36303,1.36321,1.00,1.00
2018.04.23 15:25:07.010,1.36306,1.36324,1.00,2.25
2018.04.23 15:25:07.062,1.36304,1.36324,1.00,2.25
2018.04.23 15:25:07.235,1.36304,1.36322,1.00,1.00
2018.04.23 15:25:07.554,1.36308,1.36327,1.00,1.00
2018.04.23 15:25:07.606,1.36312,1.36326,1.00,1.00
2018.04.23 15:25:07.658,1.36312,1.36328,1.00,1.00
2018.04.23 15:25:07.864,1.36313,1.36331,1.00,1.00
2018.04.23 15:25:08.434,1.36314,1.36331,1.00,1.00
2018.04.23 15:25:08.486,1.36312,1.36331,1.00,1.00
2018.04.23 15:25:08.538,1.36309,1.36327,1.00,1.00
2018.04.23 15:25:08.847,1.36305,1.36325,2.62,1.00
2018.04.23 15:25:08.952,1.36308,1.36326,1.00,1.00
2018.04.23 15:25:09.285,1.36313,1.36331,2.25,1.00
2018.04.23 15:25:09.820,1.36314,1.36331,1.00,1.00
2018.04.23 15:25:09.924,1.36315,1.36336,1.00,2.25
2018.04.23 15:25:10.047,1.36317,1.36336,1.00,1.12
2018.04.23 15:25:10.207,1.36318,1.36339,1.00,1.87
2018.04.23 15:25:10.260,1.36319,1.36337,1.00,1.00
2018.04.23 15:25:10.427,1.36317,1.36338,1.87,1.00
2018.04.23 15:25:10.969,1.36317,1.36335,1.00,1.00
2018.04.23 15:25:11.854,1.36318,1.36336,1.00,1.00
2018.04.23 15:25:12.133,1.36311,1.36332,1.50,1.50
2018.04.23 15:25:12.185,1.36313,1.36331,1.00,1.00
2018.04.23 15:25:12.711,1.36314,1.36333,1.00,1.00
2018.04.23 15:25:13.250,1.36313,1.36334,1.12,1.00
2018.04.23 15:25:13.742,1.36312,1.3633,1.37,1.00
2018.04.23 15:25:14.442,1.36312,1.3633,1.00,1.00
2018.04.23 15:25:15.155,1.36311,1.3633,1.00,1.00
2018.04.23 15:25:15.465,1.36312,1.36333,1.37,1.12
2018.04.23 15:25:15.814,1.36312,1.36331,1.87,1.00
2018.04.23 15:25:15.917,1.36311,1.3633,1.00,1.00
2018.04.23 15:25:16.472,1.3631,1.3633,1.50,1.00
2018.04.23 15:25:16.645,1.36311,1.36331,1.37,1.50
2018.04.23 15:25:17.116,1.36313,1.36333,1.00,1.00
2018.04.23 15:25:17.666,1.36312,1.36333,1.12,1.50
2018.04.23 15:25:17.933,1.36315,1.36333,1.00,1.50
2018.04.23 15:25:18.088,1.36317,1.36336,1.00,1.00
2018.04.23 15:25:18.655,1.36317,1.36337,1.50,1.00
2018.04.23 15:25:19.416,1.36317,1.36336,1.50,1.00
2018.04.23 15:25:20.530,1.36318,1.36336,1.00,1.50
2018.04.23 15:25:20.920,1.36315,1.36334,1.00,1.00
2018.04.23 15:25:20.979,1.36314,1.36331,1.12,1.00
2018.04.23 15:25:21.490,1.36314,1.36332,1.00,1.00
2018.04.23 15:25:21.726,1.36309,1.36328,1.00,1.00
2018.04.23 15:25:21.831,1.36306,1.36326,1.50,1.50
2018.04.23 15:25:21.924,1.36308,1.36326,1.00,1.50
2018.04.23 15:25:21.976,1.36308,1.36329,1.00,1.50
2018.04.23 15:25:22.290,1.36313,1.36333,1.12,1.50
2018.04.23 15:25:22.674,1.36316,1.36334,1.00,1.00
2018.04.23 15:25:23.124,1.36316,1.36336,1.87,1.50
2018.04.23 15:25:23.227,1.36318,1.36336,1.00,1.00
2018.04.23 15:25:23.331,1.36315,1.36336,2.62,1.00
2018.04.23 15:25:23.812,1.36318,1.36336,1.00,1.00
2018.04.23 15:25:24.357,1.36317,1.36335,1.00,1.00
2018.04.23 15:25:24.926,1.36317,1.36336,1.00,1.50
2018.04.23 15:25:26.572,1.36317,1.36337,1.00,2.62
2018.04.23 15:25:27.082,1.36316,1.36336,1.00,1.00
2018.04.23 15:25:27.639,1.36317,1.36336,1.00,1.00
2018.04.23 15:25:28.474,1.36317,1.36335,1.00,1.00
2018.04.23 15:25:30.198,1.36315,1.36335,3.00,1.00
2018.04.23 15:25:30.250,1.36317,1.36335,1.00,1.00
2018.04.23 15:25:30.598,1.36316,1.36337,1.00,1.50
2018.04.23 15:25:31.870,1.36318,1.36336,1.00,1.00
2018.04.23 15:25:32.483,1.36317,1.36335,1.00,1.00
2018.04.23 15:25:32.788,1.3631,1.3633,1.50,1.00
2018.04.23 15:25:32.892,1.36313,1.3633,1.00,1.00
2018.04.23 15:25:32.946,1.36314,1.36332,1.00,1.50
2018.04.23 15:25:33.261,1.36312,1.3633,1.00,1.00
2018.04.23 15:25:33.530,1.36312,1.36332,1.50,1.00
2018.04.23 15:25:33.687,1.36317,1.36335,1.00,1.00
2018.04.23 15:25:34.194,1.36318,1.36336,1.00,1.00
2018.04.23 15:25:34.916,1.36317,1.36337,1.00,1.00
2018.04.23 15:25:37.247,1.36318,1.36336,1.00,1.00
2018.04.23 15:25:37.804,1.36317,1.36336,1.00,1.00
2018.04.23 15:25:38.315,1.36318,1.36336,1.50,1.00
2018.04.23 15:25:38.841,1.36318,1.36337,1.50,1.50
2018.04.23 15:25:39.224,1.36316,1.36336,2.25,1.00
2018.04.23 15:25:39.893,1.36317,1.36335,1.00,1.00
2018.04.23 15:25:40.485,1.36318,1.36336,1.00,1.00
2018.04.23 15:25:40.815,1.36316,1.36336,1.50,1.00
2018.04.23 15:25:41.479,1.36317,1.36335,1.00,1.00
2018.04.23 15:25:42.049,1.36314,1.36333,3.37,1.00
2018.04.23 15:25:42.158,1.36314,1.36331,1.50,1.00
2018.04.23 15:25:42.677,1.36313,1.36331,1.00,1.00
2018.04.23 15:25:43.556,1.36312,1.3633,1.00,1.00
2018.04.23 15:25:45.850,1.36309,1.36327,1.00,1.00
2018.04.23 15:25:46.914,1.36308,1.36327,1.00,1.00
2018.04.23 15:25:50.728,1.36311,1.36327,1.00,1.00
2018.04.23 15:25:51.089,1.36307,1.36327,1.50,1.00
2018.04.23 15:25:51.702,1.36308,1.36327,1.00,1.00
2018.04.23 15:25:52.615,1.36307,1.36327,1.50,1.00
2018.04.23 15:25:54.446,1.36307,1.36326,1.00,1.00
2018.04.23 15:25:56.787,1.36307,1.36325,1.00,1.00
2018.04.23 15:25:56.931,1.36304,1.36325,2.25,1.00
2018.04.23 15:25:57.453,1.36305,1.36325,1.00,1.00
2018.04.23 15:25:59.201,1.36304,1.36325,2.25,1.12
2018.04.23 15:25:59.253,1.36306,1.36324,1.00,1.00
2018.04.23 15:25:59.801,1.363,1.36319,4.12,1.00
2018.04.23 15:25:59.853,1.36301,1.36317,1.00,1.00
2018.04.23 15:26:00.381,1.36301,1.36318,1.00,1.00
2018.04.23 15:26:01.565,1.36302,1.36321,1.00,1.00
2018.04.23 15:26:01.620,1.36302,1.36323,1.00,1.12
2018.04.23 15:26:01.723,1.36304,1.36323,1.00,1.00
2018.04.23 15:26:02.566,1.36305,1.36323,1.00,1.00
2018.04.23 15:26:03.112,1.36306,1.36324,1.00,1.00
2018.04.23 15:26:03.627,1.36304,1.36325,2.25,1.00
2018.04.23 15:26:04.339,1.36305,1.36325,1.00,1.00
2018.04.23 15:26:05.099,1.36304,1.36322,1.00,1.00
2018.04.23 15:26:05.600,1.36306,1.36322,1.00,1.50
2018.04.23 15:26:05.651,1.36302,1.36322,1.00,1.00
2018.04.23 15:26:05.703,1.363,1.36319,2.25,1.00
2018.04.23 15:26:06.009,1.36301,1.36317,1.00,1.00
2018.04.23 15:26:06.516,1.363,1.36317,1.00,1.00
2018.04.23 15:26:06.671,1.36299,1.36319,1.00,1.00
2018.04.23 15:26:06.723,1.36299,1.36317,1.00,1.00
2018.04.23 15:26:07.033,1.36297,1.36317,1.50,1.00
2018.04.23 15:26:07.247,1.36299,1.36317,1.00,1.00
2018.04.23 15:26:07.349,1.36297,1.36316,1.00,1.00
2018.04.23 15:26:07.877,1.36297,1.36315,1.00,1.00
2018.04.23 15:26:08.408,1.36296,1.36315,1.00,1.00
2018.04.23 15:26:08.923,1.36297,1.36315,1.00,1.00
2018.04.23 15:26:09.086,1.36295,1.36315,1.50,1.00
2018.04.23 15:26:10.960,1.36297,1.36315,1.00,1.00
2018.04.23 15:26:11.495,1.36297,1.36317,1.00,1.87
2018.04.23 15:26:11.548,1.36296,1.36314,1.50,1.00
2018.04.23 15:26:12.067,1.36295,1.36314,2.25,1.00
2018.04.23 15:26:12.172,1.36296,1.36316,1.50,1.00
2018.04.23 15:26:12.276,1.36296,1.36314,1.50,1.00
2018.04.23 15:26:12.429,1.36296,1.36316,1.00,1.00
2018.04.23 15:26:12.796,1.36296,1.36314,1.50,1.00
2018.04.23 15:26:13.662,1.36297,1.36315,1.00,1.00
2018.04.23 15:26:13.816,1.36295,1.36315,1.50,1.00
2018.04.23 15:26:14.319,1.36296,1.36315,1.00,1.00
2018.04.23 15:26:14.371,1.36296,1.36313,1.00,1.00
2018.04.23 15:26:14.716,1.36297,1.36316,1.87,1.00
2018.04.23 15:26:15.221,1.36297,1.36316,1.87,1.00
2018.04.23 15:26:16.157,1.36297,1.36316,1.87,1.00
2018.04.23 15:26:16.209,1.36297,1.36317,2.25,1.00
2018.04.23 15:26:16.468,1.36297,1.36315,1.50,1.00
2018.04.23 15:26:17.099,1.36297,1.36314,1.00,1.00
2018.04.23 15:26:17.643,1.36297,1.36316,1.00,1.00
2018.04.23 15:26:18.190,1.36297,1.36315,1.00,1.00
2018.04.23 15:26:18.590,1.36295,1.36315,2.62,1.00
2018.04.23 15:26:18.708,1.36296,1.36317,1.00,1.00
2018.04.23 15:26:20.454,1.36296,1.36316,1.00,1.00
2018.04.23 15:26:20.711,1.36296,1.36314,2.25,1.00
2018.04.23 15:26:21.109,1.36298,1.36317,1.00,1.00
2018.04.23 15:26:21.161,1.36301,1.36317,1.00,1.00
2018.04.23 15:26:21.683,1.36299,1.36317,1.12,1.00
2018.04.23 15:26:22.418,1.36301,1.36316,1.00,1.50
2018.04.23 15:26:22.471,1.36296,1.36315,1.00,1.00
2018.04.23 15:26:22.578,1.36296,1.36317,1.87,1.00
2018.04.23 15:26:22.630,1.36297,1.36315,1.00,1.00
2018.04.23 15:26:22.944,1.36299,1.36317,1.00,1.00
2018.04.23 15:26:23.479,1.36298,1.36317,1.00,1.00
2018.04.23 15:26:24.004,1.36298,1.36318,1.00,2.25
2018.04.23 15:26:24.904,1.36298,1.36316,1.00,1.00
2018.04.23 15:26:26.753,1.36298,1.36316,1.37,1.00
2018.04.23 15:26:26.805,1.36298,1.36318,1.37,1.50
2018.04.23 15:26:27.361,1.36298,1.36318,1.12,1.00
2018.04.23 15:26:27.962,1.36299,1.36318,1.00,1.00
2018.04.23 15:26:28.463,1.36299,1.36319,1.00,1.00
2018.04.23 15:26:28.814,1.36301,1.36319,1.00,1.00
2018.04.23 15:26:28.919,1.36298,1.36318,1.37,1.00
2018.04.23 15:26:29.879,1.36298,1.36318,1.00,1.00
2018.04.23 15:26:31.126,1.363,1.36318,1.00,1.00
2018.04.23 15:26:31.660,1.36299,1.36317,1.00,1.00
2018.04.23 15:26:32.149,1.36305,1.36323,1.00,1.00
2018.04.23 15:26:32.458,1.36304,1.36325,1.87,1.50
2018.04.23 15:26:32.994,1.36305,1.36325,1.00,1.50
2018.04.23 15:26:33.508,1.36304,1.36325,1.87,1.50
2018.04.23 15:26:33.701,1.36306,1.36327,1.50,1.50
2018.04.23 15:26:34.037,1.36306,1.36324,2.25,1.00
2018.04.23 15:26:34.088,1.36306,1.36326,2.25,1.00
2018.04.23 15:26:34.140,1.36307,1.36328,1.12,1.12
2018.04.23 15:26:34.193,1.36306,1.36326,1.87,1.00
2018.04.23 15:26:34.956,1.36307,1.36328,1.00,1.87
2018.04.23 15:26:35.007,1.36307,1.36326,1.00,1.00
2018.04.23 15:26:35.512,1.36306,1.36325,1.50,1.00
2018.04.23 15:26:36.062,1.36306,1.36324,1.50,1.00
2018.04.23 15:26:41.771,1.36306,1.36323,1.00,1.00
2018.04.23 15:26:41.824,1.36304,1.36323,1.00,1.12
2018.04.23 15:26:42.065,1.363,1.36314,1.00,1.00
2018.04.23 15:26:42.116,1.36297,1.36316,1.00,1.00
2018.04.23 15:26:42.691,1.36298,1.36317,1.00,1.50
2018.04.23 15:26:43.234,1.36297,1.36315,1.50,1.00
2018.04.23 15:26:43.732,1.36292,1.36312,1.07,2.25
2018.04.23 15:26:43.784,1.36292,1.36309,1.00,1.00
2018.04.23 15:26:44.292,1.36289,1.36309,1.87,1.00
2018.04.23 15:26:44.395,1.36296,1.36312,1.12,1.00
2018.04.23 15:26:44.446,1.36296,1.36315,2.62,1.00
2018.04.23 15:26:44.674,1.36298,1.36317,1.00,1.00
2018.04.23 15:26:45.289,1.36297,1.36317,1.37,1.00
2018.04.23 15:26:45.834,1.36298,1.36317,1.00,1.00
2018.04.23 15:26:45.887,1.36298,1.36319,1.12,1.50
2018.04.23 15:26:45.992,1.36298,1.36317,1.37,1.00
2018.04.23 15:26:46.096,1.36301,1.3632,1.00,1.87
2018.04.23 15:26:46.321,1.36303,1.3632,1.50,1.00
2018.04.23 15:26:47.142,1.36303,1.36321,1.00,1.00
2018.04.23 15:26:49.049,1.36299,1.36315,1.00,1.00
2018.04.23 15:26:49.102,1.36296,1.36315,1.50,1.00
2018.04.23 15:26:49.244,1.36293,1.36314,2.62,1.00
2018.04.23 15:26:49.400,1.36293,1.36312,1.87,1.50
2018.04.23 15:26:50.504,1.36296,1.36312,1.00,1.00
2018.04.23 15:26:50.555,1.36294,1.36312,1.00,1.00
2018.04.23 15:26:50.856,1.36293,1.36314,1.10,1.50
2018.04.23 15:26:50.958,1.36293,1.36312,1.50,1.00
2018.04.23 15:26:51.546,1.36294,1.36312,1.00,1.00
2018.04.23 15:26:51.878,1.36296,1.36312,1.00,1.00
2018.04.23 15:26:51.929,1.36297,1.36315,1.00,1.00
2018.04.23 15:26:52.080,1.36299,1.36317,1.00,1.00
2018.04.23 15:26:52.132,1.36296,1.36317,1.87,1.00
2018.04.23 15:26:52.495,1.36296,1.36314,1.87,1.00
2018.04.23 15:26:53.023,1.36297,1.36315,1.00,1.00
2018.04.23 15:26:53.644,1.36298,1.36316,1.00,1.50
2018.04.23 15:26:54.157,1.36297,1.36315,1.00,1.00
2018.04.23 15:26:55.234,1.36295,1.36315,1.00,1.12
2018.04.23 15:26:55.390,1.36294,1.36313,1.00,1.00
2018.04.23 15:26:55.702,1.36292,1.36311,1.00,1.00
2018.04.23 15:26:56.078,1.36294,1.36312,1.00,1.12
2018.04.23 15:26:56.705,1.36292,1.36313,1.50,1.00
2018.04.23 15:26:57.010,1.36294,1.36312,1.00,1.00
2018.04.23 15:26:57.575,1.36293,1.36311,1.00,1.00
2018.04.23 15:26:58.215,1.36292,1.36312,1.12,1.00
2018.04.23 15:26:58.700,1.36292,1.3631,1.00,1.00
2018.04.23 15:26:59.131,1.36294,1.36312,1.00,1.12
2018.04.23 15:27:00.034,1.36293,1.36311,1.00,1.00
2018.04.23 15:27:00.587,1.36292,1.36311,1.00,1.00
2018.04.23 15:27:02.231,1.36291,1.36311,1.50,1.00
2018.04.23 15:27:03.409,1.36288,1.36306,1.50,1.00
2018.04.23 15:27:03.723,1.36286,1.36303,1.00,1.00
2018.04.23 15:27:04.265,1.36283,1.36302,1.00,1.00
2018.04.23 15:27:04.525,1.36286,1.36302,1.00,1.00
2018.04.23 15:27:04.577,1.36284,1.36302,1.00,1.00
2018.04.23 15:27:04.680,1.36282,1.36302,1.50,1.00
2018.04.23 15:27:04.732,1.36284,1.36302,1.00,1.00
2018.04.23 15:27:05.058,1.36286,1.36302,1.00,1.00
2018.04.23 15:27:05.596,1.36284,1.36302,1.00,1.00
2018.04.23 15:27:05.785,1.36282,1.36302,1.50,1.00
2018.04.23 15:27:06.381,1.36282,1.36301,1.50,1.00
2018.04.23 15:27:08.742,1.36282,1.363,1.00,1.00
2018.04.23 15:27:09.048,1.36282,1.36302,1.00,1.50
2018.04.23 15:27:09.424,1.36281,1.363,1.50,1.00
2018.04.23 15:27:09.756,1.36283,1.36302,1.00,1.00
2018.04.23 15:27:10.261,1.36282,1.36302,1.50,1.00
2018.04.23 15:27:11.136,1.36286,1.36302,1.00,1.50
2018.04.23 15:27:11.499,1.36286,1.36305,1.00,1.00
2018.04.23 15:27:12.072,1.36285,1.36304,1.00,1.00
2018.04.23 15:27:12.125,1.36289,1.36304,1.00,1.00
2018.04.23 15:27:12.179,1.36289,1.36309,1.50,1.50
2018.04.23 15:27:12.571,1.36288,1.36307,1.00,1.00
2018.04.23 15:27:13.038,1.36286,1.36304,1.00,1.00
2018.04.23 15:27:15.105,1.36284,1.36302,1.00,1.00
2018.04.23 15:27:16.446,1.36282,1.36302,2.62,1.00
2018.04.23 15:27:18.198,1.36282,1.363,2.25,1.00
2018.04.23 15:27:18.499,1.36285,1.36302,1.00,1.00
2018.04.23 15:27:18.603,1.36281,1.36302,2.25,1.00
2018.04.23 15:27:18.708,1.36286,1.36304,1.00,1.87
2018.04.23 15:27:19.144,1.36285,1.36301,1.00,1.00
2018.04.23 15:27:20.374,1.36283,1.36301,1.12,1.00
2018.04.23 15:27:21.273,1.36283,1.36303,1.12,1.00
2018.04.23 15:27:21.625,1.36282,1.36301,1.50,1.00
2018.04.23 15:27:22.504,1.36281,1.363,3.37,1.00
2018.04.23 15:27:22.992,1.36285,1.36304,1.50,1.00
2018.04.23 15:27:23.360,1.36289,1.36306,1.00,1.00
2018.04.23 15:27:23.671,1.36287,1.36307,2.25,1.00
2018.04.23 15:27:24.262,1.36287,1.36306,1.00,1.00
2018.04.23 15:27:24.724,1.36286,1.36304,1.50,1.00
2018.04.23 15:27:25.466,1.36287,1.36305,1.00,1.00
2018.04.23 15:27:26.056,1.36286,1.36306,1.00,1.00
2018.04.23 15:27:26.384,1.36286,1.36304,1.00,1.00
2018.04.23 15:27:26.436,1.36286,1.36306,1.00,1.00
2018.04.23 15:27:26.488,1.36285,1.36301,1.00,1.00
2018.04.23 15:27:26.596,1.36283,1.36301,1.00,1.00
2018.04.23 15:27:26.750,1.36281,1.36298,1.00,1.00
2018.04.23 15:27:26.903,1.36282,1.363,1.00,1.00
2018.04.23 15:27:26.954,1.36282,1.36302,1.00,1.50
2018.04.23 15:27:27.006,1.36284,1.36302,1.00,1.00
2018.04.23 15:27:27.556,1.36284,1.36303,1.00,1.00
2018.04.23 15:27:27.710,1.36281,1.36301,1.50,1.00
2018.04.23 15:27:28.009,1.36283,1.36301,1.00,1.00
2018.04.23 15:27:28.171,1.36281,1.36301,1.50,1.00
2018.04.23 15:27:28.222,1.36284,1.36304,1.00,1.87
2018.04.23 15:27:28.274,1.36281,1.36302,1.50,1.50
2018.04.23 15:27:28.445,1.36281,1.363,1.00,1.00
2018.04.23 15:27:28.780,1.36283,1.36302,1.00,1.50
2018.04.23 15:27:29.327,1.36282,1.36301,1.00,1.00
2018.04.23 15:27:31.141,1.36283,1.36301,1.00,1.00
2018.04.23 15:27:31.657,1.36284,1.36302,1.00,1.00
2018.04.23 15:27:32.151,1.36282,1.363,1.00,1.00
2018.04.23 15:27:32.484,1.36285,1.36304,1.00,1.00
2018.04.23 15:27:32.535,1.36282,1.363,1.00,1.00
2018.04.23 15:27:32.638,1.3628,1.36299,1.00,1.00
2018.04.23 15:27:32.945,1.36278,1.36297,1.00,1.00
2018.04.23 15:27:33.276,1.36276,1.36294,1.00,1.00
2018.04.23 15:27:33.583,1.36272,1.3629,1.00,1.00
2018.04.23 15:27:34.127,1.36273,1.36291,1.00,1.50
2018.04.23 15:27:34.230,1.36271,1.3629,2.25,1.00
2018.04.23 15:27:34.471,1.36274,1.36291,1.00,1.00
2018.04.23 15:27:34.523,1.36272,1.36292,1.00,1.00
2018.04.23 15:27:34.629,1.36274,1.36292,1.00,1.00
2018.04.23 15:27:34.806,1.36277,1.36296,1.00,1.50
2018.04.23 15:27:35.724,1.36276,1.36294,1.00,1.00
2018.04.23 15:27:37.110,1.36275,1.36293,1.00,1.00
2018.04.23 15:27:38.800,1.36276,1.36294,1.00,1.50
2018.04.23 15:27:38.961,1.36281,1.363,1.00,1.12
2018.04.23 15:27:39.499,1.36281,1.36299,1.00,1.00
2018.04.23 15:27:39.679,1.36278,1.36297,1.00,1.00
2018.04.23 15:27:40.300,1.3628,1.36298,1.00,1.00
2018.04.23 15:27:40.801,1.36279,1.36297,1.00,1.00
2018.04.23 15:27:41.162,1.3628,1.36299,1.00,1.00
2018.04.23 15:27:41.378,1.36283,1.36302,1.00,1.00
2018.04.23 15:27:41.724,1.3629,1.36309,1.00,1.00
2018.04.23 15:27:42.034,1.36285,1.36304,2.25,1.00
2018.04.23 15:27:44.061,1.36283,1.36303,1.50,1.00
2018.04.23 15:27:44.113,1.36282,1.36298,1.00,1.00
2018.04.23 15:27:44.165,1.3628,1.36298,1.00,1.00
2018.04.23 15:27:44.709,1.36281,1.36299,1.00,1.00
2018.04.23 15:27:46.306,1.36281,1.36301,1.00,1.50
2018.04.23 15:27:46.458,1.36281,1.36299,1.00,1.00
2018.04.23 15:27:48.199,1.36278,1.36296,1.10,1.00
2018.04.23 15:27:48.772,1.36277,1.36295,1.37,1.00
2018.04.23 15:27:48.824,1.36277,1.36297,1.87,1.00
2018.04.23 15:27:48.876,1.36277,1.36295,1.87,1.00
2018.04.23 15:27:48.980,1.36282,1.36302,1.00,1.50
2018.04.23 15:27:49.032,1.36284,1.36302,1.00,1.00
2018.04.23 15:27:49.135,1.36282,1.36301,1.20,1.00
2018.04.23 15:27:49.636,1.36283,1.36301,1.00,1.00
2018.04.23 15:27:50.182,1.36282,1.363,1.00,1.00
2018.04.23 15:27:52.298,1.36281,1.363,1.00,2.25
2018.04.23 15:27:52.869,1.36282,1.36301,1.00,1.50
2018.04.23 15:27:53.844,1.36283,1.36302,1.00,1.50
2018.04.23 15:27:54.041,1.36282,1.363,1.00,1.00
2018.04.23 15:27:54.556,1.36281,1.36301,1.00,1.87
2018.04.23 15:27:54.888,1.36281,1.36299,1.00,1.00
2018.04.23 15:27:56.475,1.3628,1.36298,1.00,1.00
2018.04.23 15:27:56.992,1.36281,1.36299,1.00,1.00
2018.04.23 15:27:57.543,1.36281,1.363,1.00,1.00
2018.04.23 15:27:57.910,1.36282,1.36302,1.00,2.25
2018.04.23 15:27:58.474,1.36284,1.36302,1.00,1.50
2018.04.23 15:27:58.526,1.36286,1.36306,1.00,1.00
2018.04.23 15:27:58.652,1.36289,1.36309,1.00,1.50
2018.04.23 15:27:59.256,1.36288,1.36308,1.12,1.00
2018.04.23 15:27:59.583,1.36287,1.36305,1.87,1.00
2018.04.23 15:27:59.972,1.3629,1.36308,1.00,1.50
2018.04.23 15:28:00.075,1.36288,1.36306,1.00,1.00
2018.04.23 15:28:00.178,1.36288,1.36308,1.00,1.00
2018.04.23 15:28:00.281,1.36292,1.36311,1.00,1.00
2018.04.23 15:28:00.799,1.36293,1.36311,1.00,1.50
2018.04.23 15:28:01.255,1.36295,1.36311,1.00,1.00
2018.04.23 15:28:01.860,1.36296,1.36312,1.00,1.50
2018.04.23 15:28:02.092,1.36292,1.36312,1.00,1.00
2018.04.23 15:28:02.144,1.36293,1.36309,1.00,1.00
2018.04.23 15:28:02.247,1.36292,1.36311,1.00,1.87
2018.04.23 15:28:02.796,1.36292,1.3631,1.00,1.00
2018.04.23 15:28:03.321,1.36291,1.3631,1.00,1.00
2018.04.23 15:28:03.866,1.36291,1.36309,1.00,1.50
2018.04.23 15:28:04.919,1.36292,1.36309,1.00,1.00
2018.04.23 15:28:05.438,1.36291,1.3631,1.00,1.50
2018.04.23 15:28:05.984,1.36291,1.36309,1.00,1.00
2018.04.23 15:28:06.752,1.36292,1.36309,1.00,1.00
2018.04.23 15:28:07.320,1.36291,1.36309,1.00,1.50
2018.04.23 15:28:09.667,1.36289,1.36307,1.50,1.00
2018.04.23 15:28:10.631,1.36294,1.3631,1.00,1.00
2018.04.23 15:28:10.682,1.36291,1.36309,1.50,1.00
2018.04.23 15:28:11.206,1.3629,1.36308,1.00,1.00
2018.04.23 15:28:11.855,1.3629,1.36307,1.00,1.00
2018.04.23 15:28:12.258,1.36292,1.36309,1.00,1.50
2018.04.23 15:28:12.606,1.36292,1.36307,1.00,1.00
2018.04.23 15:28:13.123,1.36291,1.36307,1.00,1.00
2018.04.23 15:28:13.448,1.36293,1.36309,1.00,1.00
2018.04.23 15:28:13.621,1.36294,1.36313,1.00,1.12
2018.04.23 15:28:13.905,1.36296,1.36313,1.00,1.87
2018.04.23 15:28:14.417,1.36295,1.36311,1.00,1.00
2018.04.23 15:28:14.922,1.36295,1.36312,1.00,1.50
2018.04.23 15:28:15.473,1.36298,1.36314,1.00,1.00
2018.04.23 15:28:15.676,1.36296,1.36313,1.00,1.00
2018.04.23 15:28:16.046,1.36294,1.36311,1.00,1.00
2018.04.23 15:28:16.199,1.36291,1.3631,1.00,1.00
2018.04.23 15:28:17.113,1.36292,1.36309,1.00,1.50
2018.04.23 15:28:17.527,1.36296,1.36312,1.00,1.00
2018.04.23 15:28:17.580,1.36296,1.36314,1.00,1.50
2018.04.23 15:28:18.967,1.36296,1.36315,1.00,1.50
2018.04.23 15:28:19.444,1.36297,1.36317,1.00,1.87
2018.04.23 15:28:19.573,1.36297,1.36315,1.00,1.00
2018.04.23 15:28:20.097,1.36297,1.36314,1.00,1.00
2018.04.23 15:28:21.396,1.36299,1.36317,1.00,2.62
2018.04.23 15:28:22.200,1.36299,1.36316,1.00,1.00
2018.04.23 15:28:22.855,1.36299,1.36317,1.00,2.62
2018.04.23 15:28:23.487,1.36299,1.36316,1.00,1.00
2018.04.23 15:28:23.746,1.36302,1.36319,1.00,1.00
2018.04.23 15:28:24.633,1.36304,1.36319,1.00,1.50
2018.04.23 15:28:27.483,1.36302,1.36319,1.00,2.25
2018.04.23 15:28:28.345,1.36303,1.36319,1.00,2.25
2018.04.23 15:28:31.017,1.36305,1.36319,1.00,1.50
2018.04.23 15:28:31.068,1.36303,1.3632,1.00,1.00
2018.04.23 15:28:31.612,1.36304,1.3632,1.00,1.00
2018.04.23 15:28:33.034,1.36304,1.36321,1.00,1.50
2018.04.23 15:28:33.426,1.36303,1.36319,1.00,1.00
2018.04.23 15:28:34.829,1.36297,1.36316,1.50,1.00
2018.04.23 15:28:35.366,1.36297,1.36315,1.00,1.00
2018.04.23 15:28:36.302,1.36298,1.36317,1.00,1.50
2018.04.23 15:28:36.542,1.36296,1.36315,2.62,1.00
2018.04.23 15:28:37.462,1.36296,1.36314,1.00,1.00
2018.04.23 15:28:37.861,1.36299,1.36317,1.00,1.50
2018.04.23 15:28:37.966,1.363,1.36319,1.00,1.50
2018.04.23 15:28:38.498,1.36299,1.36319,1.00,1.50
2018.04.23 15:28:39.050,1.36299,1.36318,1.00,1.00
2018.04.23 15:28:39.589,1.36299,1.36319,1.00,1.50
2018.04.23 15:28:39.949,1.36301,1.36318,1.00,1.00
2018.04.23 15:28:40.526,1.36301,1.36319,1.00,1.00
2018.04.23 15:28:40.691,1.36299,1.36318,1.87,1.00
2018.04.23 15:28:41.277,1.36299,1.36319,1.87,1.00
2018.04.23 15:28:41.496,1.36301,1.36319,1.00,1.00
2018.04.23 15:28:42.256,1.36301,1.3632,1.00,1.50
2018.04.23 15:28:42.777,1.36301,1.36319,1.00,1.50
2018.04.23 15:28:42.879,1.36299,1.36319,1.87,1.00
2018.04.23 15:28:43.032,1.36301,1.36319,1.00,1.00
2018.04.23 15:28:43.084,1.36297,1.36316,1.00,1.00
2018.04.23 15:28:43.135,1.36295,1.36316,1.12,1.00
2018.04.23 15:28:43.238,1.36295,1.36314,1.00,1.50
2018.04.23 15:28:44.345,1.36296,1.36314,1.00,1.50
2018.04.23 15:28:44.880,1.36295,1.36314,1.00,1.50
2018.04.23 15:28:45.385,1.36293,1.36313,1.87,1.00
2018.04.23 15:28:45.590,1.36295,1.36314,1.00,1.50
2018.04.23 15:28:46.094,1.36294,1.36313,1.00,1.50
2018.04.23 15:28:47.232,1.36295,1.36313,1.00,1.50
2018.04.23 15:28:47.645,1.36296,1.36317,1.00,1.50
2018.04.23 15:28:47.747,1.36298,1.36317,1.12,1.00
2018.04.23 15:28:48.055,1.36302,1.36321,1.12,1.50
2018.04.23 15:28:49.921,1.363,1.36321,1.37,1.50
2018.04.23 15:28:50.475,1.36299,1.36321,1.87,2.25
2018.04.23 15:28:50.867,1.36301,1.3632,1.37,1.00
2018.04.23 15:28:51.402,1.36299,1.36321,1.87,2.25
2018.04.23 15:28:51.636,1.36295,1.36316,1.87,1.50
2018.04.23 15:28:52.147,1.36295,1.36314,1.00,1.00
2018.04.23 15:28:52.885,1.36295,1.36316,1.00,1.50
2018.04.23 15:28:53.431,1.36295,1.36315,1.00,1.00
2018.04.23 15:28:54.365,1.36295,1.36316,1.00,1.50
2018.04.23 15:28:56.330,1.36295,1.36315,1.00,1.00
2018.04.23 15:28:56.575,1.36297,1.36315,1.00,1.00
2018.04.23 15:28:56.935,1.36295,1.36315,1.00,1.00
2018.04.23 15:28:56.987,1.36298,1.36317,1.00,3.00
2018.04.23 15:28:57.325,1.363,1.36317,1.00,1.00
2018.04.23 15:28:57.377,1.36301,1.36319,1.00,1.00
2018.04.23 15:28:57.532,1.36301,1.36322,1.00,1.50
2018.04.23 15:28:57.739,1.36303,1.36322,1.00,1.00
2018.04.23 15:28:58.999,1.36306,1.36325,1.00,1.50
2018.04.23 15:28:59.156,1.36311,1.36332,2.62,1.50
2018.04.23 15:28:59.260,1.36314,1.36333,1.00,1.12
2018.04.23 15:29:00.190,1.36314,1.36335,1.87,3.00
2018.04.23 15:29:00.346,1.36314,1.36332,1.00,1.00
2018.04.23 15:29:00.859,1.36314,1.36333,1.12,1.00
2018.04.23 15:29:03.575,1.36312,1.36332,1.00,1.00
2018.04.23 15:29:03.679,1.36313,1.36334,1.00,2.25
2018.04.23 15:29:04.269,1.36314,1.36333,1.00,1.00
2018.04.23 15:29:04.781,1.36315,1.36333,1.00,1.00
2018.04.23 15:29:04.854,1.36313,1.36334,1.00,2.25
2018.04.23 15:29:04.959,1.36313,1.36332,1.00,1.00
2018.04.23 15:29:06.994,1.36312,1.36332,1.50,1.00
2018.04.23 15:29:07.948,1.36312,1.36333,1.50,1.50
2018.04.23 15:29:08.468,1.36312,1.36332,1.50,1.00
2018.04.23 15:29:10.558,1.36311,1.36331,1.00,1.00
2018.04.23 15:29:14.785,1.36313,1.36331,1.00,1.00
2018.04.23 15:29:15.496,1.36314,1.36331,1.00,1.00
2018.04.23 15:29:16.592,1.36313,1.36331,1.00,1.00
2018.04.23 15:29:21.707,1.36309,1.36328,1.07,1.00
2018.04.23 15:29:21.760,1.36308,1.36327,1.50,1.00
2018.04.23 15:29:21.873,1.36309,1.36329,1.12,1.00
2018.04.23 15:29:21.925,1.36312,1.36331,1.00,1.00
2018.04.23 15:29:23.695,1.36312,1.36332,1.00,1.00
2018.04.23 15:29:24.076,1.36309,1.36329,1.00,1.00
2018.04.23 15:29:24.647,1.36307,1.36326,1.00,1.00
2018.04.23 15:29:25.265,1.36306,1.36326,1.00,2.25
2018.04.23 15:29:25.578,1.36297,1.36316,1.00,1.00
2018.04.23 15:29:25.833,1.36291,1.36312,1.12,2.25
2018.04.23 15:29:28.603,1.36287,1.36305,1.00,1.00
2018.04.23 15:29:28.655,1.36284,1.36303,1.00,1.50
2018.04.23 15:29:28.707,1.36281,1.36301,1.10,1.12
2018.04.23 15:29:28.812,1.36281,1.36299,1.00,1.00
2018.04.23 15:29:28.916,1.36285,1.36304,1.50,1.00
2018.04.23 15:29:29.509,1.36286,1.36305,1.00,1.87
2018.04.23 15:29:29.619,1.36284,1.36305,1.00,1.87
2018.04.23 15:29:31.371,1.36282,1.36296,1.00,1.00
2018.04.23 15:29:31.425,1.36272,1.36288,1.00,1.37
2018.04.23 15:29:31.486,1.36269,1.36285,1.00,1.00
2018.04.23 15:29:31.537,1.36265,1.36285,1.50,1.00
2018.04.23 15:29:32.132,1.36266,1.36285,1.00,1.50
2018.04.23 15:29:33.245,1.3627,1.36287,1.00,1.10
2018.04.23 15:29:33.297,1.3627,1.3629,1.00,1.00
2018.04.23 15:29:33.349,1.3627,1.36293,1.50,3.45
2018.04.23 15:29:33.401,1.36273,1.36292,1.00,1.00
2018.04.23 15:29:34.098,1.36274,1.36293,1.00,1.50
2018.04.23 15:29:34.672,1.36269,1.36287,1.00,1.00
2018.04.23 15:29:35.075,1.36267,1.3629,1.00,1.50
2018.04.23 15:29:35.131,1.36272,1.36292,1.00,1.00
2018.04.23 15:29:35.443,1.36267,1.36286,1.00,1.00
2018.04.23 15:29:35.855,1.36269,1.36287,1.00,1.00
2018.04.23 15:29:36.109,1.36266,1.36287,1.87,1.00
2018.04.23 15:29:36.545,1.3627,1.3629,1.50,1.50
2018.04.23 15:29:36.862,1.36272,1.36292,1.50,1.00
2018.04.23 15:29:37.387,1.36273,1.3629,1.00,1.00
2018.04.23 15:29:37.525,1.3627,1.36288,1.00,1.00
2018.04.23 15:29:37.682,1.36272,1.36289,1.00,1.00
2018.04.23 15:29:38.214,1.36273,1.36292,1.00,1.00
2018.04.23 15:29:38.741,1.36274,1.36293,1.00,1.50
2018.04.23 15:29:40.655,1.36273,1.36292,1.00,1.00
2018.04.23 15:29:41.193,1.36276,1.36293,1.00,1.00
2018.04.23 15:29:41.349,1.3629,1.36309,1.00,1.95
2018.04.23 15:29:41.452,1.36292,1.36311,1.00,1.00
2018.04.23 15:29:41.761,1.3629,1.36311,1.50,1.00
2018.04.23 15:29:41.916,1.36291,1.36309,1.00,1.00
2018.04.23 15:29:42.433,1.3629,1.36309,1.50,1.00
2018.04.23 15:29:42.741,1.36292,1.36311,1.00,1.00
2018.04.23 15:29:43.257,1.36291,1.36312,1.12,1.00
2018.04.23 15:29:44.255,1.36285,1.36304,3.00,1.00
2018.04.23 15:29:45.182,1.36286,1.36304,1.00,1.00
2018.04.23 15:29:45.413,1.36286,1.36306,1.00,1.00
2018.04.23 15:29:45.922,1.36286,1.36307,1.00,1.87
2018.04.23 15:29:46.130,1.36285,1.36304,1.00,1.00
2018.04.23 15:29:46.587,1.36287,1.36306,1.00,1.50
2018.04.23 15:29:46.638,1.36284,1.36305,1.00,1.50
2018.04.23 15:29:46.689,1.36284,1.36303,1.00,1.00
2018.04.23 15:29:47.064,1.36286,1.36305,1.00,1.00
2018.04.23 15:29:48.712,1.36285,1.36304,1.00,1.00
2018.04.23 15:29:49.213,1.36286,1.36304,1.00,1.00
2018.04.23 15:29:50.142,1.36285,1.36305,1.00,1.12
2018.04.23 15:29:52.153,1.36286,1.36304,1.00,1.00
2018.04.23 15:29:52.676,1.36286,1.36305,1.00,1.00
2018.04.23 15:29:53.442,1.36285,1.36304,1.00,1.00
2018.04.23 15:29:53.946,1.36286,1.36305,1.00,1.50
2018.04.23 15:29:55.208,1.36286,1.36306,1.00,1.50
2018.04.23 15:29:56.290,1.36284,1.36305,1.50,1.00
2018.04.23 15:29:56.354,1.36286,1.36305,1.00,1.00
2018.04.23 15:29:56.833,1.36289,1.36306,1.00,1.00
2018.04.23 15:29:57.189,1.3629,1.36309,1.50,1.50
2018.04.23 15:29:57.476,1.36293,1.36309,1.00,1.00
2018.04.23 15:29:57.633,1.36304,1.36321,1.00,1.00
2018.04.23 15:29:57.685,1.36304,1.36323,1.00,2.25
2018.04.23 15:29:58.018,1.36309,1.36325,1.87,1.00
2018.04.23 15:29:58.071,1.36312,1.36333,1.37,2.25
2018.04.23 15:29:58.124,1.36311,1.3633,1.20,1.50
2018.04.23 15:29:58.468,1.36305,1.36325,1.12,1.50
2018.04.23 15:29:58.521,1.36304,1.36324,3.00,1.00
2018.04.23 15:29:59.070,1.36304,1.36324,1.00,1.50
2018.04.23 15:29:59.550,1.36309,1.36327,1.87,1.50
2018.04.23 15:30:00.087,1.36309,1.36328,1.50,1.00
2018.04.23 15:30:00.404,1.36311,1.36329,1.00,1.50
2018.04.23 15:30:00.557,1.36309,1.36328,1.00,1.00
2018.04.23 15:30:00.993,1.36311,1.36329,1.00,1.50
2018.04.23 15:30:01.513,1.36311,1.36328,1.00,1.00
2018.04.23 15:30:01.617,1.36309,1.3633,1.00,1.50
2018.04.23 15:30:01.669,1.36309,1.36328,1.00,1.00
2018.04.23 15:30:01.990,1.36311,1.3633,1.00,1.50
2018.04.23 15:30:02.092,1.36314,1.36334,1.00,1.50
2018.04.23 15:30:02.144,1.36312,1.36331,1.12,1.50
2018.04.23 15:30:02.567,1.36311,1.36329,1.00,1.00
2018.04.23 15:30:02.876,1.36309,1.36327,2.25,1.00
2018.04.23 15:30:03.410,1.36309,1.36326,1.87,1.00
2018.04.23 15:30:03.720,1.36294,1.36312,1.20,1.00
2018.04.23 15:30:04.232,1.36294,1.36312,1.12,1.00
2018.04.23 15:30:04.756,1.36294,1.36311,1.12,1.00
2018.04.23 15:30:05.279,1.36295,1.36311,1.00,1.00
2018.04.23 15:30:05.433,1.36295,1.36313,1.00,1.00
2018.04.23 15:30:05.485,1.36297,1.36313,1.00,1.00
2018.04.23 15:30:05.846,1.36296,1.36315,1.87,1.00
2018.04.23 15:30:05.898,1.36298,1.36315,1.00,1.00
2018.04.23 15:30:07.059,1.36298,1.36316,1.00,1.00
2018.04.23 15:30:07.688,1.36298,1.36315,1.00,1.00
2018.04.23 15:30:08.453,1.36298,1.36314,1.00,1.00
2018.04.23 15:30:08.750,1.36298,1.36316,1.00,1.00
2018.04.23 15:30:08.853,1.36298,1.36314,1.00,1.00
2018.04.23 15:30:09.400,1.36298,1.36315,1.00,1.00
2018.04.23 15:30:10.006,1.36297,1.36316,1.12,1.00
2018.04.23 15:30:10.315,1.36296,1.36314,2.25,1.00
2018.04.23 15:30:10.854,1.36296,1.36313,1.87,1.00
2018.04.23 15:30:11.356,1.36296,1.36312,1.50,1.00
2018.04.23 15:30:13.843,1.36296,1.36313,1.00,1.00
2018.04.23 15:30:14.356,1.36296,1.36312,1.50,1.00
2018.04.23 15:30:16.122,1.36296,1.36313,1.00,1.00
2018.04.23 15:30:17.128,1.36296,1.36312,1.00,1.00
2018.04.23 15:30:17.179,1.36294,1.36311,1.00,1.00
2018.04.23 15:30:17.332,1.36293,1.36309,1.00,1.00
2018.04.23 15:30:17.727,1.36295,1.36312,1.00,1.00
2018.04.23 15:30:17.932,1.36293,1.36312,1.00,1.00
2018.04.23 15:30:18.137,1.36288,1.36305,2.25,1.00
2018.04.23 15:30:18.645,1.36288,1.36303,1.00,1.00
2018.04.23 15:30:19.003,1.3629,1.36305,1.00,1.00
2018.04.23 15:30:19.401,1.36296,1.36307,1.00,1.00
2018.04.23 15:30:19.452,1.36291,1.36307,1.50,1.00
2018.04.23 15:30:19.999,1.3629,1.36307,1.50,1.00
2018.04.23 15:30:20.141,1.36291,1.36309,1.00,1.00
2018.04.23 15:30:20.448,1.36291,1.36306,1.00,1.00
2018.04.23 15:30:20.551,1.36293,1.36309,1.00,1.00
2018.04.23 15:30:21.626,1.36294,1.36311,1.00,1.00
2018.04.23 15:30:21.678,1.36294,1.36313,1.00,1.50
2018.04.23 15:30:21.783,1.36293,1.36311,1.50,1.00
2018.04.23 15:30:22.696,1.36294,1.36311,1.00,1.00
2018.04.23 15:30:22.851,1.36295,1.36313,1.00,1.00
2018.04.23 15:30:23.110,1.36292,1.36312,1.50,1.00
2018.04.23 15:30:23.162,1.3629,1.36307,1.57,1.00
2018.04.23 15:30:23.706,1.36287,1.36304,1.00,1.00
2018.04.23 15:30:23.958,1.36284,1.36303,2.62,1.00
2018.04.23 15:30:24.560,1.36285,1.36302,1.00,1.00
2018.04.23 15:30:24.940,1.36285,1.36302,1.00,2.25
2018.04.23 15:30:25.043,1.36277,1.36292,1.00,1.00
2018.04.23 15:30:25.623,1.36276,1.36292,1.50,1.00
2018.04.23 15:30:25.727,1.36276,1.36294,1.50,1.00
2018.04.23 15:30:26.243,1.36276,1.36293,1.00,1.00
2018.04.23 15:30:26.396,1.36278,1.36294,1.00,1.00
2018.04.23 15:30:26.447,1.36275,1.36295,1.00,1.50
2018.04.23 15:30:26.966,1.36275,1.36294,3.00,1.00
2018.04.23 15:30:27.612,1.36275,1.36295,3.00,1.00
2018.04.23 15:30:27.815,1.36277,1.36296,1.00,1.87
2018.04.23 15:30:28.159,1.36279,1.36293,1.00,1.00
2018.04.23 15:30:28.212,1.36276,1.36294,1.00,1.00
2018.04.23 15:30:28.742,1.36275,1.36294,1.00,1.00
2018.04.23 15:30:29.117,1.3627,1.36287,1.50,2.25
2018.04.23 15:30:29.170,1.36266,1.36284,1.07,1.50
2018.04.23 15:30:29.223,1.36265,1.36282,1.50,1.00
2018.04.23 15:30:29.537,1.36263,1.36279,1.00,1.00
2018.04.23 15:30:29.898,1.36261,1.36279,1.00,1.00
2018.04.23 15:30:30.006,1.36263,1.36281,1.00,1.50
2018.04.23 15:30:30.624,1.36262,1.3628,1.00,1.00
2018.04.23 15:30:31.140,1.36261,1.36281,2.62,1.50
2018.04.23 15:30:31.558,1.36263,1.36281,1.00,1.00
2018.04.23 15:30:31.945,1.36269,1.36284,1.00,1.00
2018.04.23 15:30:31.997,1.36272,1.36289,1.00,1.50
2018.04.23 15:30:32.049,1.36275,1.36291,1.00,1.50
2018.04.23 15:30:32.561,1.36275,1.36292,1.00,1.00
2018.04.23 15:30:32.891,1.36284,1.363,1.00,1.00
2018.04.23 15:30:32.994,1.36285,1.36302,1.50,1.00
2018.04.23 15:30:33.045,1.36283,1.36298,1.00,1.00
2018.04.23 15:30:33.096,1.36282,1.363,1.50,1.00
2018.04.23 15:30:33.615,1.36283,1.36302,1.00,1.50
2018.04.23 15:30:34.286,1.36283,1.36301,1.00,1.00
2018.04.23 15:30:34.676,1.36281,1.36298,1.00,1.00
2018.04.23 15:30:34.782,1.36277,1.36297,1.50,1.50
2018.04.23 15:30:34.936,1.36277,1.36295,1.00,1.00
2018.04.23 15:30:35.240,1.36276,1.36293,1.00,1.00
2018.04.23 15:30:35.592,1.36277,1.36295,1.00,1.00
2018.04.23 15:30:36.160,1.36278,1.36294,1.00,1.00
2018.04.23 15:30:36.665,1.36277,1.36295,1.00,1.00
2018.04.23 15:30:37.283,1.36278,1.36294,1.00,1.00
2018.04.23 15:30:37.930,1.36277,1.36295,1.00,1.00
2018.04.23 15:30:38.639,1.36275,1.36294,1.00,1.50
2018.04.23 15:30:39.225,1.36273,1.36289,1.00,1.00
2018.04.23 15:30:39.736,1.36272,1.36289,1.00,1.00
2018.04.23 15:30:40.273,1.36271,1.3629,1.00,1.00
2018.04.23 15:30:40.583,1.36273,1.36289,1.00,1.00
2018.04.23 15:30:41.255,1.36272,1.36289,1.00,1.00
2018.04.23 15:30:41.782,1.36272,1.36288,1.00,1.00
2018.04.23 15:30:41.834,1.36269,1.36286,1.00,1.00
2018.04.23 15:30:41.886,1.36271,1.36288,1.00,1.00
2018.04.23 15:30:43.068,1.36271,1.36289,1.00,1.50
2018.04.23 15:30:43.681,1.36269,1.36289,1.12,1.50
2018.04.23 15:30:44.271,1.36271,1.36288,1.00,1.00
2018.04.23 15:30:44.596,1.36269,1.36285,1.00,1.00
2018.04.23 15:30:45.528,1.36269,1.36286,1.00,1.00
2018.04.23 15:30:45.680,1.36271,1.36289,1.50,1.00
2018.04.23 15:30:45.783,1.36273,1.36289,1.00,1.00
2018.04.23 15:30:46.497,1.36273,1.36291,1.00,1.00
2018.04.23 15:30:47.510,1.36266,1.36283,1.50,1.00
2018.04.23 15:30:47.845,1.36271,1.36286,1.00,1.00
2018.04.23 15:30:48.158,1.36268,1.36284,1.00,1.00
2018.04.23 15:30:48.366,1.36268,1.36282,1.00,1.00
2018.04.23 15:30:48.417,1.36266,1.36282,1.00,1.00
2018.04.23 15:30:48.777,1.36266,1.36284,1.00,1.00
2018.04.23 15:30:48.958,1.3627,1.36285,1.00,1.00
2018.04.23 15:30:49.168,1.3627,1.36287,1.00,1.00
2018.04.23 15:30:49.742,1.36269,1.36286,1.00,1.00
2018.04.23 15:30:50.243,1.3627,1.36286,1.00,1.00
2018.04.23 15:30:50.913,1.36269,1.36287,1.00,1.00
2018.04.23 15:30:51.226,1.36268,1.36285,1.50,1.00
2018.04.23 15:30:52.581,1.36269,1.36287,1.00,1.00
2018.04.23 15:30:53.386,1.3627,1.36287,1.00,1.00
2018.04.23 15:30:54.033,1.3627,1.36288,1.00,1.00
2018.04.23 15:30:54.085,1.36272,1.36288,1.00,1.00
2018.04.23 15:30:54.137,1.3627,1.36288,1.00,1.00
2018.04.23 15:30:54.450,1.36267,1.36283,1.00,1.00
2018.04.23 15:30:54.554,1.36264,1.36281,1.50,1.00
2018.04.23 15:30:55.071,1.36264,1.3628,1.00,1.00
2018.04.23 15:30:55.177,1.36264,1.36282,1.00,1.00
2018.04.23 15:30:55.686,1.36264,1.36281,1.00,1.00
2018.04.23 15:30:56.834,1.36264,1.3628,1.00,1.00
2018.04.23 15:30:57.459,1.36264,1.36279,1.00,1.00
2018.04.23 15:30:58.105,1.36264,1.3628,1.00,1.00
2018.04.23 15:30:58.447,1.36264,1.36282,1.00,1.00
2018.04.23 15:30:58.728,1.36267,1.36283,1.00,1.00
2018.04.23 15:30:58.834,1.36268,1.36285,1.00,1.00
2018.04.23 15:30:59.250,1.36275,1.36291,1.00,1.50
2018.04.23 15:30:59.787,1.36273,1.36292,1.50,1.00
2018.04.23 15:31:00.288,1.36274,1.36291,1.00,1.00
2018.04.23 15:31:00.952,1.36275,1.36292,1.00,1.00
2018.04.23 15:31:01.442,1.36274,1.36294,1.00,1.87
2018.04.23 15:31:02.055,1.36274,1.36293,1.50,1.00
2018.04.23 15:31:02.825,1.36274,1.36294,1.00,3.00
2018.04.23 15:31:03.371,1.36274,1.36289,1.00,1.00
2018.04.23 15:31:04.855,1.36274,1.36293,1.50,1.00
2018.04.23 15:31:05.794,1.36274,1.36294,1.00,2.25
2018.04.23 15:31:06.322,1.36274,1.36293,1.50,1.00
2018.04.23 15:31:06.445,1.36274,1.36289,1.50,1.00
2018.04.23 15:31:07.024,1.36274,1.3629,1.50,1.00
2018.04.23 15:31:07.510,1.36275,1.36292,1.00,1.00
2018.04.23 15:31:08.010,1.36275,1.36289,1.00,1.00
2018.04.23 15:31:09.008,1.36275,1.36291,1.00,1.00
2018.04.23 15:31:09.531,1.36275,1.36292,1.00,1.00
2018.04.23 15:31:10.177,1.36276,1.36292,1.00,1.00
2018.04.23 15:31:11.136,1.36276,1.36294,1.00,2.25
2018.04.23 15:31:11.762,1.36274,1.36294,1.50,2.25
2018.04.23 15:31:11.984,1.36274,1.36292,1.00,1.00
2018.04.23 15:31:12.536,1.36274,1.36289,1.00,1.00
2018.04.23 15:31:13.582,1.36274,1.36291,1.00,1.00
2018.04.23 15:31:14.170,1.36274,1.36292,1.00,1.00
2018.04.23 15:31:15.232,1.36274,1.36291,1.00,1.00
2018.04.23 15:31:15.868,1.36276,1.36292,1.00,1.00
2018.04.23 15:31:16.387,1.36275,1.36291,1.00,1.00
2018.04.23 15:31:17.268,1.36275,1.36292,1.00,1.00
2018.04.23 15:31:17.819,1.36274,1.36291,1.00,1.00
2018.04.23 15:31:18.369,1.36274,1.36292,1.00,1.00
2018.04.23 15:31:19.044,1.36273,1.36292,1.00,1.00
2018.04.23 15:31:19.595,1.36274,1.36292,1.00,1.00
2018.04.23 15:31:19.936,1.36269,1.36287,1.00,1.00
2018.04.23 15:31:20.444,1.36268,1.36288,1.00,1.50
2018.04.23 15:31:21.079,1.3627,1.36289,1.00,1.00
2018.04.23 15:31:21.384,1.36269,1.36287,1.00,1.00
2018.04.23 15:31:21.927,1.36268,1.36287,1.50,1.50
2018.04.23 15:31:22.275,1.36273,1.36292,1.00,1.00
2018.04.23 15:31:23.007,1.36273,1.3629,1.00,1.00
2018.04.23 15:31:23.270,1.3627,1.36289,1.00,1.00
2018.04.23 15:31:23.375,1.36267,1.36288,2.62,1.00
2018.04.23 15:31:23.428,1.36268,1.36286,1.00,1.00
2018.04.23 15:31:23.637,1.36266,1.36285,1.12,1.00
2018.04.23 15:31:23.690,1.3627,1.36288,1.00,2.62
2018.04.23 15:31:24.148,1.36272,1.3629,1.00,2.25
2018.04.23 15:31:24.200,1.3627,1.3629,1.00,1.50
2018.04.23 15:31:24.722,1.36271,1.36289,1.00,1.00
2018.04.23 15:31:25.646,1.36274,1.36289,1.00,1.00
2018.04.23 15:31:26.546,1.36272,1.36289,1.00,1.00
2018.04.23 15:31:27.052,1.36273,1.36289,1.00,1.00
2018.04.23 15:31:27.467,1.36275,1.3629,1.00,1.00
2018.04.23 15:31:28.034,1.36274,1.3629,1.00,1.00
2018.04.23 15:31:28.682,1.36275,1.36289,1.00,1.00
2018.04.23 15:31:29.223,1.36275,1.3629,1.00,1.50
2018.04.23 15:31:29.487,1.36273,1.3629,1.00,1.50
2018.04.23 15:31:29.591,1.36275,1.3629,1.00,1.00
2018.04.23 15:31:29.643,1.3627,1.36287,1.00,1.00
2018.04.23 15:31:30.158,1.3627,1.36286,1.00,1.00
2018.04.23 15:31:30.210,1.36272,1.36287,1.00,1.00
2018.04.23 15:31:30.829,1.36272,1.36288,1.00,2.25
2018.04.23 15:31:31.156,1.36271,1.36286,1.00,1.00
2018.04.23 15:31:31.679,1.36269,1.36285,1.00,1.50
2018.04.23 15:31:31.831,1.36265,1.36283,1.00,1.50
2018.04.23 15:31:31.884,1.36267,1.36284,1.00,1.87
2018.04.23 15:31:32.394,1.36266,1.36283,1.00,1.00
2018.04.23 15:31:33.020,1.36266,1.36282,1.00,1.00
2018.04.23 15:31:33.337,1.36268,1.36284,1.00,1.87
2018.04.23 15:31:33.490,1.36266,1.36284,1.00,1.87
2018.04.23 15:31:33.853,1.36271,1.36284,1.00,1.00
2018.04.23 15:31:33.906,1.36268,1.36284,1.00,1.00
2018.04.23 15:31:34.167,1.36257,1.36274,1.50,1.00
2018.04.23 15:31:34.219,1.36259,1.36274,1.00,1.00
2018.04.23 15:31:34.740,1.3626,1.36274,1.00,1.00
2018.04.23 15:31:35.096,1.3627,1.36284,1.00,1.00
2018.04.23 15:31:35.351,1.36268,1.36284,1.00,1.50
2018.04.23 15:31:35.883,1.36271,1.36284,1.00,1.00
2018.04.23 15:31:36.211,1.36272,1.36288,1.00,1.95
2018.04.23 15:31:36.314,1.36272,1.36284,1.00,1.00
2018.04.23 15:31:36.850,1.36272,1.36285,1.00,1.00
2018.04.23 15:31:37.115,1.3627,1.36285,1.00,1.00
2018.04.23 15:31:39.543,1.36271,1.36286,1.00,1.00
2018.04.23 15:31:39.594,1.36267,1.36285,1.00,2.25
2018.04.23 15:31:39.646,1.3627,1.36285,1.00,1.00
2018.04.23 15:31:40.184,1.36269,1.36284,1.00,1.00
2018.04.23 15:31:41.177,1.3627,1.36283,1.00,1.00
2018.04.23 15:31:41.689,1.36269,1.36284,1.00,1.50
2018.04.23 15:31:42.532,1.3627,1.36284,1.00,1.00
2018.04.23 15:31:42.686,1.36268,1.36285,1.00,1.50
2018.04.23 15:31:43.366,1.36269,1.36285,1.00,1.50
2018.04.23 15:31:44.602,1.36269,1.36286,1.00,1.00
2018.04.23 15:31:44.775,1.36271,1.36286,1.00,1.00
2018.04.23 15:31:45.793,1.36271,1.36287,1.00,2.25
2018.04.23 15:31:46.126,1.3626,1.36274,1.00,1.00
2018.04.23 15:31:46.686,1.36261,1.36274,1.00,1.00
2018.04.23 15:31:46.738,1.36261,1.36277,1.00,1.50
2018.04.23 15:31:47.796,1.36262,1.36277,1.00,1.00
2018.04.23 15:31:48.298,1.36262,1.36278,1.00,1.50
2018.04.23 15:31:48.902,1.36261,1.36278,1.00,1.00
2018.04.23 15:31:50.082,1.36258,1.36274,1.50,1.50
2018.04.23 15:31:50.394,1.36262,1.36278,1.00,1.50
2018.04.23 15:31:51.015,1.36259,1.36278,1.00,1.00
2018.04.23 15:31:51.823,1.36266,1.36283,1.00,1.50
2018.04.23 15:31:52.359,1.36267,1.36284,1.00,1.00
2018.04.23 15:31:53.114,1.36267,1.36285,1.00,1.00
2018.04.23 15:31:53.896,1.36268,1.36285,1.00,1.00
2018.04.23 15:31:55.190,1.36267,1.36285,1.00,1.00
2018.04.23 15:31:55.822,1.36267,1.36287,1.00,1.50
2018.04.23 15:31:56.013,1.36267,1.36285,1.00,1.00
2018.04.23 15:31:56.337,1.36264,1.36281,1.00,1.00
2018.04.23 15:31:56.645,1.36263,1.36279,1.00,1.00
2018.04.23 15:31:57.195,1.36262,1.36279,1.00,1.00
2018.04.23 15:31:57.504,1.36264,1.36279,1.00,1.00
2018.04.23 15:31:58.123,1.36263,1.36279,1.00,1.00
2018.04.23 15:31:58.638,1.36262,1.3628,1.00,1.00
2018.04.23 15:31:59.141,1.36263,1.3628,1.00,1.00
2018.04.23 15:31:59.347,1.3626,1.36279,1.00,1.00
2018.04.23 15:32:00.134,1.36261,1.36279,1.00,1.00
2018.04.23 15:32:00.655,1.3626,1.36279,1.00,1.00
2018.04.23 15:32:00.757,1.36262,1.36279,1.00,1.00
2018.04.23 15:32:00.879,1.36262,1.36281,1.00,1.00
2018.04.23 15:32:01.543,1.36261,1.36281,1.00,1.00
2018.04.23 15:32:01.697,1.36263,1.36281,1.00,1.00
2018.04.23 15:32:02.153,1.36261,1.36281,1.00,1.00
2018.04.23 15:32:02.264,1.36263,1.36281,1.00,1.00
2018.04.23 15:32:02.576,1.36261,1.36279,1.50,1.50
2018.04.23 15:32:02.917,1.36256,1.36274,1.00,2.25
2018.04.23 15:32:03.019,1.36253,1.36273,1.00,1.50
2018.04.23 15:32:03.375,1.36256,1.36272,1.00,2.25
2018.04.23 15:32:03.757,1.36262,1.36272,1.00,1.50
2018.04.23 15:32:03.809,1.36264,1.36277,1.00,1.00
2018.04.23 15:32:03.861,1.36262,1.36277,1.00,1.50
2018.04.23 15:32:03.914,1.3626,1.36277,1.00,1.50
2018.04.23 15:32:04.432,1.36261,1.36277,1.00,1.50
2018.04.23 15:32:04.570,1.36258,1.36274,1.00,1.00
2018.04.23 15:32:05.585,1.3626,1.36276,1.00,1.00
2018.04.23 15:32:05.932,1.36265,1.3628,1.00,1.00
2018.04.23 15:32:06.039,1.36263,1.3628,1.00,1.00
2018.04.23 15:32:06.542,1.36262,1.36279,1.00,1.00
2018.04.23 15:32:06.593,1.36264,1.36279,1.00,1.00
2018.04.23 15:32:07.108,1.36263,1.36279,1.00,1.50
2018.04.23 15:32:08.594,1.36266,1.3628,1.00,1.00
2018.04.23 15:32:09.396,1.36265,1.36279,1.00,1.00
2018.04.23 15:32:09.662,1.36261,1.36279,1.00,1.50
2018.04.23 15:32:09.714,1.36261,1.36277,1.00,1.00
2018.04.23 15:32:10.042,1.36266,1.36279,1.00,1.00
2018.04.23 15:32:10.575,1.36266,1.3628,1.00,1.00
2018.04.23 15:32:11.187,1.36266,1.36279,1.00,1.00
2018.04.23 15:32:12.719,1.36266,1.36282,1.00,1.87
2018.04.23 15:32:12.822,1.36266,1.3628,1.00,1.00
2018.04.23 15:32:13.733,1.36266,1.36282,1.00,1.00
2018.04.23 15:32:14.387,1.36266,1.36283,1.00,1.12
2018.04.23 15:32:14.923,1.36267,1.36283,1.00,1.87
2018.04.23 15:32:15.443,1.36267,1.36282,1.00,1.00
2018.04.23 15:32:16.188,1.36267,1.36283,1.00,1.87
2018.04.23 15:32:16.703,1.36265,1.36282,1.00,1.00
2018.04.23 15:32:17.397,1.36265,1.36283,1.00,1.87
2018.04.23 15:32:17.924,1.36266,1.36281,1.00,1.00
2018.04.23 15:32:18.429,1.36267,1.3628,1.00,1.00
2018.04.23 15:32:18.795,1.36265,1.3628,1.00,1.00
2018.04.23 15:32:19.210,1.36265,1.36283,1.00,1.87
2018.04.23 15:32:19.885,1.36266,1.36282,1.00,1.12
2018.04.23 15:32:21.832,1.36263,1.36279,1.00,1.00
2018.04.23 15:32:22.140,1.36261,1.36279,1.00,3.00
2018.04.23 15:32:22.485,1.36258,1.36276,1.00,1.50
2018.04.23 15:32:22.938,1.36261,1.36277,1.00,1.00
2018.04.23 15:32:22.991,1.36262,1.3628,1.00,3.75
2018.04.23 15:32:23.043,1.3626,1.36276,1.00,1.00
2018.04.23 15:32:23.095,1.36257,1.36274,1.00,1.00
2018.04.23 15:32:23.272,1.36258,1.36276,1.00,1.50
2018.04.23 15:32:23.375,1.3626,1.36278,1.00,1.50
2018.04.23 15:32:23.718,1.36259,1.36275,1.00,1.00
2018.04.23 15:32:23.875,1.3626,1.36277,1.00,1.00
2018.04.23 15:32:24.417,1.36259,1.36276,1.00,1.12
2018.04.23 15:32:24.624,1.36257,1.36275,1.00,2.25
2018.04.23 15:32:25.174,1.36257,1.36274,1.00,1.00
2018.04.23 15:32:25.770,1.36257,1.36273,1.00,1.00
2018.04.23 15:32:26.928,1.36255,1.36274,1.50,2.25
2018.04.23 15:32:27.988,1.36256,1.36274,1.00,1.50
2018.04.23 15:32:28.041,1.36255,1.36271,1.00,1.00
2018.04.23 15:32:29.834,1.36254,1.36271,1.00,1.00
2018.04.23 15:32:30.040,1.36255,1.36273,1.00,1.50
2018.04.23 15:32:30.437,1.36255,1.36269,1.00,1.00
2018.04.23 15:32:30.489,1.36256,1.36272,1.00,1.50
2018.04.23 15:32:31.190,1.36255,1.36271,1.00,1.00
2018.04.23 15:32:31.639,1.36259,1.36275,1.00,1.50
2018.04.23 15:32:31.952,1.36255,1.36273,1.50,1.00
2018.04.23 15:32:32.110,1.36254,1.36271,1.50,1.00
2018.04.23 15:32:32.685,1.36254,1.36272,1.00,1.00
2018.04.23 15:32:33.196,1.36255,1.36271,1.00,1.00
2018.04.23 15:32:33.248,1.36253,1.3627,1.00,1.00
2018.04.23 15:32:33.427,1.36254,1.36272,1.00,1.50
2018.04.23 15:32:33.478,1.36252,1.36271,1.00,1.00
2018.04.23 15:32:33.634,1.36254,1.36271,1.00,1.00
2018.04.23 15:32:34.173,1.36254,1.3627,1.00,1.00
2018.04.23 15:32:34.751,1.36255,1.36271,1.00,1.50
2018.04.23 15:32:35.247,1.36253,1.36271,1.00,1.50
2018.04.23 15:32:35.546,1.36255,1.36271,1.00,1.00
2018.04.23 15:32:35.873,1.36252,1.36267,1.00,1.00
2018.04.23 15:32:36.384,1.36251,1.36268,1.00,1.00
2018.04.23 15:32:38.289,1.36251,1.36266,1.00,1.00
2018.04.23 15:32:38.392,1.36249,1.36266,1.00,1.00
2018.04.23 15:32:38.788,1.36247,1.36267,1.00,1.50
2018.04.23 15:32:39.275,1.3625,1.36266,1.00,1.00
2018.04.23 15:32:39.825,1.36251,1.36267,1.00,1.00
2018.04.23 15:32:39.963,1.36252,1.36269,1.00,1.00
2018.04.23 15:32:40.015,1.36254,1.3627,1.00,1.00
2018.04.23 15:32:42.476,1.3626,1.36271,1.00,1.00
2018.04.23 15:32:42.528,1.36263,1.36278,1.00,1.50
2018.04.23 15:32:42.650,1.36259,1.36274,1.00,1.00
2018.04.23 15:32:42.804,1.36256,1.36272,1.00,1.00
2018.04.23 15:32:42.907,1.36254,1.36271,1.00,1.00
2018.04.23 15:32:43.060,1.36256,1.36271,1.00,1.00
2018.04.23 15:32:43.466,1.36254,1.3627,1.00,1.50
2018.04.23 15:32:44.068,1.36253,1.36271,1.00,1.50
2018.04.23 15:32:45.081,1.36255,1.36271,1.00,1.00
2018.04.23 15:32:45.921,1.36254,1.3627,1.00,1.00
2018.04.23 15:32:46.074,1.36254,1.36272,1.00,1.50
2018.04.23 15:32:46.277,1.36256,1.36272,1.00,1.00
2018.04.23 15:32:46.582,1.36254,1.3627,1.00,1.00
2018.04.23 15:32:47.110,1.36256,1.36269,1.00,1.00
2018.04.23 15:32:47.173,1.36254,1.36269,1.00,1.00
2018.04.23 15:32:47.726,1.36255,1.36271,1.00,1.00
2018.04.23 15:32:48.311,1.36256,1.36272,1.00,1.50
2018.04.23 15:32:49.012,1.36255,1.36271,1.00,1.00
2018.04.23 15:32:49.541,1.36254,1.36272,1.00,1.50
2018.04.23 15:32:49.670,1.36256,1.36272,1.00,1.50
2018.04.23 15:32:50.096,1.36254,1.36272,1.00,1.00
2018.04.23 15:32:50.415,1.36256,1.36272,1.00,1.00
2018.04.23 15:32:50.525,1.36254,1.36272,1.00,1.50
2018.04.23 15:32:50.722,1.36256,1.36273,1.00,1.00
2018.04.23 15:32:51.253,1.36257,1.36273,1.00,1.50
2018.04.23 15:32:51.315,1.36255,1.36273,1.00,1.50
2018.04.23 15:32:51.366,1.36257,1.36273,1.00,1.50
2018.04.23 15:32:51.722,1.36255,1.36273,1.00,1.00
2018.04.23 15:32:52.972,1.36257,1.36273,1.00,1.00
2018.04.23 15:32:53.174,1.36257,1.36275,1.00,1.00
2018.04.23 15:32:53.331,1.36259,1.36274,1.00,1.00
2018.04.23 15:32:53.856,1.36256,1.36274,1.00,1.00
2018.04.23 15:32:54.400,1.36257,1.36274,1.00,1.00
2018.04.23 15:32:54.905,1.36258,1.36274,1.00,1.50
2018.04.23 15:32:55.454,1.36259,1.36275,1.00,2.25
2018.04.23 15:32:55.505,1.36257,1.36275,1.00,2.25
2018.04.23 15:32:55.713,1.36262,1.3628,1.00,1.57
2018.04.23 15:32:56.052,1.36265,1.36281,1.00,1.00
2018.04.23 15:32:56.824,1.36265,1.36283,1.00,1.00
2018.04.23 15:32:57.388,1.36268,1.36284,1.00,1.50
2018.04.23 15:32:57.891,1.36267,1.36283,1.00,1.00
2018.04.23 15:32:57.994,1.36265,1.36284,1.00,2.25
2018.04.23 15:32:58.046,1.36266,1.36282,1.00,1.00
2018.04.23 15:32:58.868,1.36266,1.36284,1.00,1.50
2018.04.23 15:32:59.075,1.36265,1.36282,1.00,1.00
2018.04.23 15:32:59.383,1.36267,1.36283,1.00,1.00
2018.04.23 15:32:59.932,1.36266,1.36284,1.00,1.50
2018.04.23 15:33:00.238,1.36268,1.36284,1.00,2.25
2018.04.23 15:33:00.341,1.36263,1.36282,1.00,2.25
2018.04.23 15:33:00.668,1.36263,1.36279,1.00,1.00
2018.04.23 15:33:01.188,1.36264,1.36279,1.00,1.00
2018.04.23 15:33:01.783,1.36264,1.3628,1.00,1.00
2018.04.23 15:33:02.234,1.36261,1.36279,1.00,1.00
2018.04.23 15:33:02.287,1.36263,1.36281,1.00,1.50
2018.04.23 15:33:02.833,1.36262,1.3628,1.00,1.50
2018.04.23 15:33:05.058,1.36264,1.3628,1.00,1.00
2018.04.23 15:33:05.313,1.36262,1.3628,1.00,1.00
2018.04.23 15:33:05.365,1.36264,1.3628,1.00,1.00
2018.04.23 15:33:05.878,1.36263,1.36282,1.50,1.50
2018.04.23 15:33:06.199,1.36262,1.36278,1.00,1.00
2018.04.23 15:33:06.251,1.3626,1.36277,1.00,1.00
2018.04.23 15:33:06.304,1.36262,1.36277,1.00,1.00
2018.04.23 15:33:06.777,1.36256,1.36269,1.00,1.00
2018.04.23 15:33:06.829,1.36252,1.36269,1.00,1.50
2018.04.23 15:33:07.037,1.36256,1.36272,1.00,1.12
2018.04.23 15:33:07.141,1.36254,1.36272,1.00,1.00
2018.04.23 15:33:07.645,1.36255,1.36272,1.00,1.87
2018.04.23 15:33:08.505,1.36254,1.36271,1.00,1.00
2018.04.23 15:33:08.743,1.36255,1.36273,1.00,1.12
2018.04.23 15:33:09.251,1.36255,1.36272,1.00,1.00
2018.04.23 15:33:12.490,1.36251,1.36268,1.00,1.00
2018.04.23 15:33:13.007,1.36252,1.36269,1.00,1.50
2018.04.23 15:33:13.585,1.36252,1.36268,1.00,1.00
2018.04.23 15:33:14.686,1.36251,1.36268,1.00,1.00
2018.04.23 15:33:16.442,1.36253,1.3627,1.00,1.50
2018.04.23 15:33:16.964,1.36253,1.36269,1.00,1.00
2018.04.23 15:33:17.183,1.3625,1.36269,1.00,2.25
2018.04.23 15:33:17.236,1.36249,1.36267,1.00,1.00
2018.04.23 15:33:17.392,1.3625,1.36269,1.00,1.50
2018.04.23 15:33:17.443,1.3625,1.36267,1.00,1.00
2018.04.23 15:33:18.181,1.36251,1.36268,1.00,1.87
2018.04.23 15:33:18.732,1.36252,1.36268,1.00,1.12
2018.04.23 15:33:19.111,1.36255,1.36265,1.00,1.00
2018.04.23 15:33:19.163,1.36255,1.3627,1.00,1.50
2018.04.23 15:33:19.267,1.36257,1.3627,1.00,1.00
2018.04.23 15:33:19.320,1.36257,1.36272,1.00,1.00
2018.04.23 15:33:19.372,1.36258,1.36274,1.00,1.00
2018.04.23 15:33:19.527,1.3626,1.36274,1.00,1.00
2018.04.23 15:33:19.836,1.36262,1.36279,1.00,1.50
2018.04.23 15:33:20.793,1.36263,1.3628,1.00,1.50
2018.04.23 15:33:21.945,1.36262,1.3628,1.00,1.00
2018.04.23 15:33:22.496,1.36263,1.36279,1.00,1.00
2018.04.23 15:33:23.036,1.36263,1.3628,1.00,1.50
2018.04.23 15:33:23.186,1.36261,1.3628,1.00,1.50
2018.04.23 15:33:24.931,1.36263,1.3628,1.00,1.50
2018.04.23 15:33:26.327,1.36263,1.36279,1.00,1.00
2018.04.23 15:33:26.866,1.36264,1.36279,1.00,1.00
2018.04.23 15:33:27.740,1.36264,1.3628,1.00,1.50
2018.04.23 15:33:28.260,1.36265,1.36279,1.00,1.00
2018.04.23 15:33:28.421,1.36264,1.36281,1.00,1.00
2018.04.23 15:33:28.473,1.36266,1.36284,1.00,2.25
2018.04.23 15:33:28.848,1.36268,1.36284,1.00,1.00
2018.04.23 15:33:29.563,1.36267,1.36284,1.00,1.50
2018.04.23 15:33:30.007,1.36269,1.36284,1.00,1.00
2018.04.23 15:33:30.162,1.36272,1.36289,1.00,1.00
2018.04.23 15:33:30.458,1.36274,1.36291,1.00,1.50
2018.04.23 15:33:30.773,1.36272,1.36288,1.00,1.12
2018.04.23 15:33:30.929,1.3627,1.36288,1.00,1.00
2018.04.23 15:33:31.255,1.36274,1.3629,1.00,1.12
2018.04.23 15:33:31.566,1.36272,1.36289,1.00,2.25
2018.04.23 15:33:31.670,1.36269,1.36288,1.50,1.00
2018.04.23 15:33:31.722,1.36271,1.36288,1.00,1.00
2018.04.23 15:33:32.271,1.36273,1.36289,1.00,1.00
2018.04.23 15:33:32.940,1.36272,1.36289,1.00,1.00
2018.04.23 15:33:35.047,1.36274,1.36289,1.00,1.00
2018.04.23 15:33:36.219,1.36272,1.36289,1.00,1.00
2018.04.23 15:33:36.422,1.36275,1.36289,1.00,1.00
2018.04.23 15:33:36.626,1.36272,1.36289,1.00,1.12
2018.04.23 15:33:36.739,1.3627,1.36289,1.00,1.87
2018.04.23 15:33:36.791,1.36274,1.36289,1.00,1.00
2018.04.23 15:33:36.842,1.36272,1.36289,1.00,1.00
2018.04.23 15:33:36.894,1.36271,1.36285,1.00,1.00
2018.04.23 15:33:37.048,1.36271,1.36287,1.00,1.12
2018.04.23 15:33:37.491,1.3627,1.36284,1.00,1.00
2018.04.23 15:33:38.026,1.36269,1.36285,1.00,1.87
2018.04.23 15:33:38.541,1.36269,1.36284,1.00,1.00
2018.04.23 15:33:39.067,1.36268,1.36284,1.00,1.00
2018.04.23 15:33:39.879,1.36269,1.36284,1.00,1.00
2018.04.23 15:33:40.935,1.36268,1.36285,1.00,1.12
2018.04.23 15:33:41.582,1.36268,1.36284,1.00,1.12
2018.04.23 15:33:42.331,1.36269,1.36284,1.00,1.12
2018.04.23 15:33:43.730,1.36268,1.36284,1.00,1.12
2018.04.23 15:33:44.150,1.36269,1.36286,1.00,1.12
2018.04.23 15:33:44.203,1.3627,1.36287,1.00,1.37
2018.04.23 15:33:44.464,1.36274,1.3629,1.00,1.95
2018.04.23 15:33:44.518,1.36275,1.36294,1.00,1.95
2018.04.23 15:33:44.623,1.36273,1.3629,1.00,1.00
2018.04.23 15:33:45.165,1.36274,1.36289,1.00,1.00
2018.04.23 15:33:45.759,1.36273,1.3629,1.00,1.00
2018.04.23 15:33:46.414,1.36275,1.3629,1.00,1.00
2018.04.23 15:33:46.830,1.36277,1.36289,1.00,1.00
2018.04.23 15:33:47.502,1.36273,1.36289,1.50,1.00
2018.04.23 15:33:48.042,1.36274,1.3629,1.00,1.00
2018.04.23 15:33:48.592,1.36274,1.36289,1.00,1.00
2018.04.23 15:33:49.102,1.36274,1.36292,1.00,1.00
2018.04.23 15:33:49.692,1.36276,1.36292,1.00,2.62
2018.04.23 15:33:50.207,1.36275,1.36292,1.00,1.87
2018.04.23 15:33:50.815,1.36276,1.36292,1.00,1.87
2018.04.23 15:33:51.117,1.36275,1.36289,1.00,1.00
2018.04.23 15:33:51.170,1.36272,1.36289,1.50,1.50
2018.04.23 15:33:51.222,1.36273,1.36284,1.00,1.00
2018.04.23 15:33:51.273,1.36272,1.36289,1.00,1.00
2018.04.23 15:33:51.325,1.36274,1.36291,1.00,1.12
2018.04.23 15:33:51.631,1.36276,1.36292,1.00,1.00
2018.04.23 15:33:52.381,1.36275,1.36292,1.00,1.50
2018.04.23 15:33:52.894,1.36274,1.36291,1.00,1.12
2018.04.23 15:33:53.408,1.36274,1.36289,1.00,1.00
2018.04.23 15:33:53.461,1.36272,1.36289,1.00,1.00
2018.04.23 15:33:53.996,1.36272,1.3629,1.00,1.00
2018.04.23 15:33:54.514,1.36272,1.36289,1.00,1.00
2018.04.23 15:33:55.045,1.36268,1.36286,1.50,1.00
2018.04.23 15:33:55.099,1.36272,1.36287,1.00,1.00
2018.04.23 15:33:55.151,1.36272,1.36289,1.00,1.50
2018.04.23 15:33:55.461,1.36275,1.36289,1.00,1.00
2018.04.23 15:33:55.719,1.36275,1.36292,1.50,1.12
2018.04.23 15:33:56.256,1.36276,1.36293,1.00,1.87
2018.04.23 15:33:56.793,1.36275,1.36289,1.00,1.00
2018.04.23 15:33:57.356,1.36275,1.36291,1.00,1.12
2018.04.23 15:33:58.600,1.36274,1.36294,1.20,1.12
2018.04.23 15:33:59.124,1.36275,1.36294,1.00,1.12
2018.04.23 15:33:59.669,1.36275,1.36293,1.00,1.00
2018.04.23 15:34:00.175,1.36275,1.36294,1.00,1.12
2018.04.23 15:34:00.799,1.36276,1.36295,1.00,3.37
2018.04.23 15:34:00.850,1.36274,1.36294,1.57,1.12
2018.04.23 15:34:01.447,1.36275,1.36294,1.00,1.00
2018.04.23 15:34:01.997,1.36275,1.36293,1.00,1.00
2018.04.23 15:34:02.617,1.36274,1.36292,1.07,1.00
2018.04.23 15:34:02.771,1.36273,1.36289,1.50,1.00
2018.04.23 15:34:03.102,1.3628,1.36295,1.00,1.00
2018.04.23 15:34:03.624,1.36281,1.36295,1.00,1.00
2018.04.23 15:34:05.597,1.36282,1.36299,1.00,1.00
2018.04.23 15:34:05.649,1.36283,1.36295,1.00,1.00
2018.04.23 15:34:05.962,1.36281,1.36295,1.00,1.00
2018.04.23 15:34:06.066,1.36279,1.36294,2.25,1.00
2018.04.23 15:34:06.396,1.36277,1.36294,1.00,1.00
2018.04.23 15:34:07.227,1.36279,1.36294,1.00,1.00
2018.04.23 15:34:07.281,1.36277,1.36294,1.10,1.00
2018.04.23 15:34:07.831,1.36275,1.36289,1.00,1.00
2018.04.23 15:34:07.882,1.36272,1.36289,1.00,1.00
2018.04.23 15:34:07.933,1.3627,1.36289,1.00,1.00
2018.04.23 15:34:08.190,1.36268,1.36288,1.50,1.00
2018.04.23 15:34:08.243,1.3627,1.36284,1.00,1.00
2018.04.23 15:34:08.347,1.3627,1.36288,1.50,1.50
2018.04.23 15:34:08.399,1.36269,1.36286,1.00,1.00
2018.04.23 15:34:08.585,1.36266,1.36286,1.00,1.00
2018.04.23 15:34:08.954,1.36269,1.36286,1.00,1.00
2018.04.23 15:34:09.163,1.3627,1.3629,1.00,1.00
2018.04.23 15:34:09.601,1.36269,1.36288,1.10,1.00
2018.04.23 15:34:10.171,1.36268,1.36284,1.00,1.00
2018.04.23 15:34:10.278,1.36266,1.36285,1.00,1.50
2018.04.23 15:34:10.330,1.36265,1.36283,1.00,1.00
2018.04.23 15:34:10.689,1.36268,1.36287,1.00,1.00
2018.04.23 15:34:10.741,1.36268,1.36289,1.00,1.00
2018.04.23 15:34:10.845,1.36271,1.3629,1.00,2.25
2018.04.23 15:34:11.215,1.36275,1.36292,1.00,1.00
2018.04.23 15:34:11.271,1.36276,1.36294,1.50,1.00
2018.04.23 15:34:11.323,1.36276,1.36297,1.50,1.50
2018.04.23 15:34:11.922,1.36277,1.36296,1.00,1.00
2018.04.23 15:34:12.025,1.36274,1.36294,3.75,1.00
2018.04.23 15:34:12.211,1.36273,1.36292,1.50,1.00
2018.04.23 15:34:12.578,1.36272,1.3629,2.25,1.00
2018.04.23 15:34:12.887,1.36269,1.36288,2.62,1.00
2018.04.23 15:34:13.200,1.36272,1.36289,1.50,1.87
2018.04.23 15:34:13.256,1.3627,1.36289,1.00,1.87
2018.04.23 15:34:13.905,1.36268,1.36289,2.32,1.87
2018.04.23 15:34:14.399,1.36271,1.36289,1.00,1.37
2018.04.23 15:34:14.452,1.36274,1.36292,1.00,1.12
2018.04.23 15:34:14.870,1.36272,1.36289,1.00,1.00
2018.04.23 15:34:14.964,1.3627,1.36289,1.57,1.00
2018.04.23 15:34:15.365,1.36268,1.36288,1.00,1.00
2018.04.23 15:34:15.913,1.36269,1.36288,1.00,1.00
2018.04.23 15:34:16.053,1.36267,1.36288,2.70,1.00
2018.04.23 15:34:16.259,1.36271,1.36289,1.00,1.00
2018.04.23 15:34:16.769,1.36272,1.36289,1.00,1.00
2018.04.23 15:34:17.009,1.3627,1.36289,1.50,1.00
2018.04.23 15:34:17.112,1.36271,1.36291,1.00,1.12
2018.04.23 15:34:17.829,1.36272,1.36291,1.00,1.87
2018.04.23 15:34:18.049,1.3627,1.36291,2.25,1.12
2018.04.23 15:34:18.454,1.36272,1.3629,1.00,1.12
2018.04.23 15:34:18.559,1.3627,1.36289,1.00,1.00
2018.04.23 15:34:18.612,1.36272,1.36289,1.50,1.00
2018.04.23 15:34:19.123,1.36273,1.36289,1.00,1.00
2018.04.23 15:34:19.626,1.36272,1.36289,2.25,1.00
2018.04.23 15:34:20.129,1.36273,1.36289,1.00,1.00
2018.04.23 15:34:20.336,1.36275,1.36294,2.25,1.50
2018.04.23 15:34:22.076,1.36276,1.36294,1.00,1.00
2018.04.23 15:34:22.180,1.36274,1.36294,1.50,1.50
2018.04.23 15:34:23.200,1.36276,1.36294,1.00,1.00
2018.04.23 15:34:23.717,1.36275,1.36294,1.50,1.00
2018.04.23 15:34:24.045,1.36277,1.36295,1.00,1.50
2018.04.23 15:34:24.409,1.36275,1.36295,1.00,1.50
2018.04.23 15:34:24.921,1.36276,1.36295,1.00,1.00
2018.04.23 15:34:25.504,1.36274,1.36295,1.50,2.62
2018.04.23 15:34:25.557,1.36276,1.36295,1.00,2.62
2018.04.23 15:34:25.713,1.36274,1.36294,1.50,1.00
2018.04.23 15:34:26.082,1.36276,1.36295,1.00,2.62
2018.04.23 15:34:26.237,1.36273,1.36294,1.12,1.00
2018.04.23 15:34:26.664,1.36275,1.36294,1.00,1.50
2018.04.23 15:34:27.238,1.36274,1.36294,1.00,1.00
2018.04.23 15:34:27.551,1.3627,1.36289,2.25,1.50
2018.04.23 15:34:28.118,1.36271,1.36289,1.00,1.00
2018.04.23 15:34:28.496,1.36271,1.36292,1.37,1.50
2018.04.23 15:34:28.548,1.36271,1.36289,1.00,1.00
2018.04.23 15:34:28.600,1.36269,1.3629,2.25,1.50
2018.04.23 15:34:28.651,1.36269,1.36284,1.00,1.00
2018.04.23 15:34:28.807,1.36266,1.36284,1.00,1.00
2018.04.23 15:34:28.962,1.36264,1.36283,1.50,1.00
2018.04.23 15:34:29.118,1.36263,1.36281,1.00,1.00
2018.04.23 15:34:29.322,1.36261,1.36281,1.50,1.00
2018.04.23 15:34:29.713,1.36262,1.36279,1.00,1.00
2018.04.23 15:34:30.258,1.36261,1.36279,1.50,1.00
2018.04.23 15:34:33.258,1.36259,1.3628,3.37,1.50
2018.04.23 15:34:33.315,1.36263,1.36282,1.00,2.25
2018.04.23 15:34:33.496,1.36264,1.36285,1.12,1.00
2018.04.23 15:34:33.549,1.36265,1.36287,1.50,1.12
2018.04.23 15:34:33.759,1.36265,1.36285,2.25,1.00
2018.04.23 15:34:34.073,1.36259,1.3628,1.50,2.62
2018.04.23 15:34:34.266,1.36263,1.36282,1.00,1.00
2018.04.23 15:34:34.778,1.36262,1.36282,1.50,1.50
2018.04.23 15:34:35.294,1.36263,1.36282,1.50,1.00
2018.04.23 15:34:35.549,1.3626,1.36282,1.00,1.12
2018.04.23 15:34:35.600,1.36266,1.36283,1.00,1.00
2018.04.23 15:34:35.652,1.36265,1.36285,1.00,2.25
2018.04.23 15:34:35.906,1.36266,1.36283,1.00,1.00
2018.04.23 15:34:36.087,1.36264,1.36284,1.00,1.50
2018.04.23 15:34:36.305,1.36266,1.36284,1.00,1.00
2018.04.23 15:34:36.826,1.36266,1.36285,1.50,2.25
2018.04.23 15:34:37.048,1.36259,1.36279,1.00,1.00
2018.04.23 15:34:37.253,1.36257,1.36278,1.00,1.12
2018.04.23 15:34:38.290,1.36257,1.36274,1.00,1.00
2018.04.23 15:34:39.126,1.36258,1.36274,1.00,1.00
2018.04.23 15:34:39.628,1.36259,1.36274,1.00,1.00
2018.04.23 15:34:40.352,1.36258,1.36274,1.00,1.00
2018.04.23 15:34:42.872,1.36259,1.36274,1.00,1.00
2018.04.23 15:34:44.255,1.36259,1.36276,1.00,1.00
2018.04.23 15:34:44.827,1.36259,1.36277,1.00,1.00
2018.04.23 15:34:44.878,1.36259,1.36274,1.00,1.00
2018.04.23 15:34:45.248,1.36256,1.36272,1.50,1.00
2018.04.23 15:34:45.300,1.36255,1.36269,1.10,1.00
2018.04.23 15:34:45.578,1.36255,1.36272,1.00,1.00
2018.04.23 15:34:45.634,1.36255,1.36269,1.00,1.00
2018.04.23 15:34:45.738,1.36256,1.36273,1.00,2.25
2018.04.23 15:34:45.846,1.36256,1.36269,1.00,1.00
2018.04.23 15:34:46.204,1.36257,1.36274,1.00,1.00
2018.04.23 15:34:46.255,1.36259,1.36274,1.00,1.00
2018.04.23 15:34:46.531,1.36261,1.36277,1.00,1.00
2018.04.23 15:34:47.041,1.3626,1.36278,1.00,1.00
2018.04.23 15:34:47.391,1.36261,1.3628,1.00,2.62
2018.04.23 15:34:47.719,1.3626,1.36278,1.50,1.00
2018.04.23 15:34:48.263,1.36262,1.36279,1.00,1.50
2018.04.23 15:34:48.415,1.3626,1.36279,1.00,1.00
2018.04.23 15:34:48.569,1.36262,1.36279,1.00,1.00
2018.04.23 15:34:49.042,1.3626,1.36279,1.00,1.00
2018.04.23 15:34:49.094,1.36262,1.36279,1.00,1.00
2018.04.23 15:34:49.146,1.36259,1.36279,1.10,1.50
2018.04.23 15:34:49.198,1.36261,1.36279,1.00,1.00
2018.04.23 15:34:49.818,1.3626,1.36279,1.00,1.50
2018.04.23 15:34:50.134,1.36255,1.36274,1.50,1.12
2018.04.23 15:34:50.483,1.36257,1.36274,1.00,1.50
2018.04.23 15:34:50.793,1.36261,1.36275,1.00,1.00
2018.04.23 15:34:50.845,1.36261,1.36279,1.00,1.00
2018.04.23 15:34:51.417,1.36262,1.36279,1.00,2.25
2018.04.23 15:34:51.519,1.36259,1.36276,1.07,1.00
2018.04.23 15:34:51.571,1.36257,1.36274,1.57,1.00
2018.04.23 15:34:51.622,1.36259,1.36275,1.00,1.00
2018.04.23 15:34:51.775,1.36257,1.36275,2.25,1.00
2018.04.23 15:34:51.828,1.36259,1.36276,1.00,1.00
2018.04.23 15:34:52.350,1.36259,1.36275,1.00,1.50
2018.04.23 15:34:52.505,1.36259,1.36278,1.00,1.50
2018.04.23 15:34:52.861,1.36261,1.36278,1.00,1.12
2018.04.23 15:34:53.346,1.36259,1.36278,1.00,1.50
2018.04.23 15:34:53.652,1.36262,1.36278,1.00,1.00
2018.04.23 15:34:53.782,1.3626,1.36278,1.00,1.00
2018.04.23 15:34:53.936,1.36262,1.3628,1.00,1.50
2018.04.23 15:34:54.462,1.36262,1.36281,1.00,1.00
2018.04.23 15:34:54.977,1.36263,1.36282,1.00,3.00
2018.04.23 15:34:55.205,1.36261,1.36282,1.10,3.00
2018.04.23 15:34:55.641,1.36264,1.36282,1.00,2.25
2018.04.23 15:34:55.810,1.36261,1.3628,2.32,1.50
2018.04.23 15:34:55.862,1.36261,1.36278,1.10,1.00
2018.04.23 15:34:55.965,1.3626,1.3628,1.00,2.25
2018.04.23 15:34:56.152,1.36262,1.3628,1.00,2.25
2018.04.23 15:34:56.356,1.3626,1.3628,1.10,2.25
2018.04.23 15:34:56.408,1.36261,1.36278,1.00,1.00
2018.04.23 15:34:56.665,1.36256,1.36274,1.00,1.50
2018.04.23 15:34:57.010,1.36254,1.36274,1.00,1.50
2018.04.23 15:34:57.062,1.36257,1.36274,1.00,1.87
2018.04.23 15:34:57.114,1.36255,1.36273,1.10,1.00
2018.04.23 15:34:57.373,1.36257,1.36274,1.00,1.00
2018.04.23 15:34:57.630,1.36254,1.36274,1.10,1.00
2018.04.23 15:34:58.142,1.36255,1.36274,1.00,1.00
2018.04.23 15:34:58.496,1.36252,1.36272,1.57,1.00
2018.04.23 15:34:58.650,1.36255,1.36274,1.00,1.00
2018.04.23 15:34:59.164,1.36254,1.36275,2.32,2.62
2018.04.23 15:34:59.733,1.36255,1.36275,1.00,1.87
2018.04.23 15:35:00.002,1.36257,1.36275,1.00,2.62
2018.04.23 15:35:00.194,1.36258,1.36278,1.00,1.12
2018.04.23 15:35:00.376,1.3626,1.36278,1.00,1.12
2018.04.23 15:35:00.694,1.36262,1.36279,1.00,1.50
2018.04.23 15:35:01.580,1.36263,1.36279,1.00,1.00
2018.04.23 15:35:02.145,1.36264,1.36279,1.00,1.00
2018.04.23 15:35:02.834,1.36265,1.36279,1.00,1.00
2018.04.23 15:35:02.937,1.36263,1.36279,1.00,1.00
2018.04.23 15:35:03.142,1.36265,1.36279,1.00,1.00
2018.04.23 15:35:03.195,1.36263,1.36279,1.50,1.00
2018.04.23 15:35:03.247,1.36261,1.36279,1.50,1.00
2018.04.23 15:35:03.300,1.36264,1.3628,1.00,1.87
2018.04.23 15:35:03.408,1.36264,1.36283,1.00,1.00
2018.04.23 15:35:03.460,1.36267,1.36285,1.00,3.37
2018.04.23 15:35:04.092,1.36268,1.36284,1.00,1.00
2018.04.23 15:35:04.628,1.36269,1.36284,1.00,1.00
2018.04.23 15:35:05.178,1.3627,1.36284,1.00,1.00
2018.04.23 15:35:05.231,1.36268,1.36284,1.00,1.00
2018.04.23 15:35:05.336,1.3627,1.36284,1.00,1.00
2018.04.23 15:35:05.440,1.36268,1.36284,1.00,1.00
2018.04.23 15:35:05.492,1.3627,1.36284,1.00,1.00
2018.04.23 15:35:05.699,1.36267,1.36284,1.10,1.00
2018.04.23 15:35:05.804,1.36269,1.36284,1.00,1.00
2018.04.23 15:35:05.909,1.36265,1.36282,1.57,1.00
2018.04.23 15:35:06.012,1.36265,1.36284,1.00,2.25
2018.04.23 15:35:06.064,1.36265,1.36282,1.00,1.00
2018.04.23 15:35:06.117,1.36262,1.36281,2.32,1.00
2018.04.23 15:35:06.173,1.36261,1.36278,2.25,1.00
2018.04.23 15:35:06.664,1.36263,1.36279,1.00,1.00
2018.04.23 15:35:06.870,1.36269,1.36286,1.00,2.25
2018.04.23 15:35:06.921,1.36267,1.36285,1.00,1.00
2018.04.23 15:35:06.972,1.36268,1.36287,1.00,1.50
2018.04.23 15:35:07.126,1.3627,1.36286,1.00,1.00
2018.04.23 15:35:07.228,1.36266,1.36285,1.00,1.00
2018.04.23 15:35:07.280,1.36275,1.36291,1.50,1.00
2018.04.23 15:35:07.481,1.36275,1.36293,1.50,1.00
2018.04.23 15:35:07.533,1.36278,1.36295,1.00,1.00
2018.04.23 15:35:07.636,1.36275,1.36293,1.50,1.00
2018.04.23 15:35:07.687,1.36272,1.36289,3.07,1.00
2018.04.23 15:35:08.200,1.36271,1.36288,1.00,1.00
2018.04.23 15:35:08.390,1.36268,1.36287,1.50,1.00
2018.04.23 15:35:08.629,1.36272,1.36289,1.00,1.00
2018.04.23 15:35:08.838,1.36273,1.36291,1.00,1.00
2018.04.23 15:35:08.891,1.36271,1.36289,1.50,1.00
2018.04.23 15:35:09.423,1.36271,1.36288,1.00,1.00
2018.04.23 15:35:09.527,1.36272,1.3629,1.00,1.00
2018.04.23 15:35:09.579,1.3627,1.36289,1.00,1.00
2018.04.23 15:35:09.784,1.36272,1.36289,1.00,1.00
2018.04.23 15:35:10.122,1.36271,1.36285,1.00,1.00
2018.04.23 15:35:10.275,1.36272,1.36289,1.00,1.50
2018.04.23 15:35:10.796,1.36271,1.36288,1.00,1.00
2018.04.23 15:35:11.341,1.36272,1.36289,1.00,1.50
2018.04.23 15:35:11.722,1.36268,1.36282,1.00,1.00
2018.04.23 15:35:11.774,1.36268,1.36286,1.00,1.87
2018.04.23 15:35:11.826,1.36265,1.36281,1.00,1.00
2018.04.23 15:35:12.107,1.36268,1.36285,1.00,1.50
2018.04.23 15:35:12.158,1.36266,1.36285,1.00,1.00
2018.04.23 15:35:12.515,1.36268,1.36285,1.00,1.50
2018.04.23 15:35:12.721,1.36266,1.36285,1.00,1.00
2018.04.23 15:35:12.860,1.36268,1.36285,1.00,1.50
2018.04.23 15:35:13.044,1.36268,1.36287,1.00,1.00
2018.04.23 15:35:13.096,1.36268,1.36285,1.00,1.00
2018.04.23 15:35:13.201,1.36266,1.36284,2.25,1.00
2018.04.23 15:35:13.409,1.36269,1.36284,1.00,1.00
2018.04.23 15:35:13.587,1.36267,1.36284,1.50,1.00
2018.04.23 15:35:13.871,1.36269,1.36284,1.00,1.00
2018.04.23 15:35:13.926,1.36267,1.36284,1.00,1.00
2018.04.23 15:35:14.139,1.36269,1.36284,1.00,1.00
2018.04.23 15:35:14.192,1.36266,1.36286,2.32,1.00
2018.04.23 15:35:14.297,1.36266,1.36284,1.50,1.00
2018.04.23 15:35:14.838,1.36268,1.36284,1.00,1.50
2018.04.23 15:35:14.942,1.36266,1.36284,1.00,1.50
2018.04.23 15:35:15.450,1.36265,1.36284,1.50,1.00
2018.04.23 15:35:15.552,1.36267,1.36284,1.00,1.50
2018.04.23 15:35:15.707,1.36265,1.36283,1.00,1.00
2018.04.23 15:35:15.999,1.36267,1.36283,1.00,1.00
2018.04.23 15:35:16.403,1.36265,1.36283,1.00,1.00
2018.04.23 15:35:16.955,1.36264,1.36282,1.00,1.00
2018.04.23 15:35:17.008,1.36265,1.36284,1.00,1.87
2018.04.23 15:35:17.116,1.36267,1.36283,1.00,1.00
2018.04.23 15:35:17.167,1.36265,1.36283,1.00,1.00
2018.04.23 15:35:17.219,1.36263,1.36279,1.00,1.00
2018.04.23 15:35:17.324,1.3626,1.36279,1.57,1.00
2018.04.23 15:35:17.741,1.36262,1.36279,1.00,1.50
2018.04.23 15:35:17.907,1.3626,1.36279,2.32,1.00
2018.04.23 15:35:18.328,1.36263,1.36279,1.00,1.00
2018.04.23 15:35:18.637,1.36259,1.36274,1.57,1.00
2018.04.23 15:35:18.690,1.36261,1.36279,1.00,1.00
2018.04.23 15:35:18.979,1.36263,1.36279,1.00,1.50
2018.04.23 15:35:19.082,1.36261,1.36279,1.00,1.50
2018.04.23 15:35:19.671,1.36263,1.36279,1.00,1.50
2018.04.23 15:35:19.808,1.3626,1.36279,2.25,1.00
2018.04.23 15:35:20.039,1.36262,1.36279,1.00,1.50
2018.04.23 15:35:20.226,1.3626,1.36279,2.25,1.00
2018.04.23 15:35:20.754,1.36262,1.36279,1.00,1.00
2018.04.23 15:35:20.908,1.3626,1.36279,2.25,1.00
2018.04.23 15:35:20.959,1.36262,1.36279,1.00,1.50
2018.04.23 15:35:21.113,1.3626,1.36279,2.25,1.00
2018.04.23 15:35:21.316,1.36263,1.36279,1.00,1.50
2018.04.23 15:35:21.554,1.3626,1.36279,2.25,1.00
2018.04.23 15:35:22.093,1.36261,1.36278,1.00,1.00
2018.04.23 15:35:22.388,1.36259,1.36279,1.50,1.50
2018.04.23 15:35:22.511,1.36261,1.36278,1.00,1.00
2018.04.23 15:35:22.777,1.3626,1.3628,1.50,1.87
2018.04.23 15:35:22.931,1.36262,1.36279,1.00,1.00
2018.04.23 15:35:23.035,1.36258,1.36278,1.10,1.50
2018.04.23 15:35:23.558,1.3626,1.36277,1.00,1.00
2018.04.23 15:35:24.097,1.36259,1.36277,1.00,1.00
2018.04.23 15:35:24.629,1.36259,1.36278,1.00,1.00
2018.04.23 15:35:25.036,1.36261,1.36278,1.00,1.00
2018.04.23 15:35:25.190,1.36259,1.36277,1.00,1.00
2018.04.23 15:35:25.292,1.36261,1.36278,1.00,1.00
2018.04.23 15:35:25.496,1.36258,1.36279,1.50,1.87
2018.04.23 15:35:25.724,1.3626,1.36279,1.00,1.87
2018.04.23 15:35:25.886,1.36258,1.36278,1.50,1.00
2018.04.23 15:35:25.989,1.36261,1.36277,1.00,1.00
2018.04.23 15:35:26.041,1.36258,1.36278,1.50,1.00
2018.04.23 15:35:26.092,1.3626,1.36278,1.00,1.00
2018.04.23 15:35:26.423,1.36262,1.36279,1.00,2.62
2018.04.23 15:35:26.578,1.3626,1.36278,1.00,1.00
2018.04.23 15:35:27.202,1.36261,1.36279,1.00,1.12
2018.04.23 15:35:27.732,1.36262,1.36278,1.00,1.00
2018.04.23 15:35:28.006,1.3626,1.36278,1.00,1.00
2018.04.23 15:35:28.160,1.36262,1.36278,1.00,1.00
2018.04.23 15:35:28.363,1.3626,1.36278,1.00,1.00
2018.04.23 15:35:28.678,1.36258,1.36278,1.50,1.00
2018.04.23 15:35:28.730,1.3626,1.36279,1.00,2.62
2018.04.23 15:35:28.885,1.36258,1.36278,1.50,1.00
2018.04.23 15:35:29.073,1.36261,1.36278,1.00,1.00
2018.04.23 15:35:29.176,1.36259,1.36277,1.00,1.00
2018.04.23 15:35:29.227,1.3626,1.36279,1.00,2.62
2018.04.23 15:35:29.372,1.36258,1.36274,1.00,1.50
2018.04.23 15:35:29.484,1.36253,1.3627,1.00,1.00
2018.04.23 15:35:29.589,1.36255,1.36272,1.00,1.00
2018.04.23 15:35:30.121,1.36255,1.3627,1.00,1.00
2018.04.23 15:35:30.474,1.36253,1.36272,1.00,1.00
2018.04.23 15:35:30.992,1.36254,1.36273,1.00,1.00
2018.04.23 15:35:31.148,1.36254,1.36271,1.00,1.00
2018.04.23 15:35:31.282,1.36252,1.36272,1.00,1.00
2018.04.23 15:35:31.335,1.36254,1.36271,1.00,1.00
2018.04.23 15:35:31.387,1.36252,1.36272,1.00,1.00
2018.04.23 15:35:31.543,1.36251,1.3627,1.10,1.00
2018.04.23 15:35:31.854,1.36255,1.36273,1.00,1.50
2018.04.23 15:35:32.245,1.36257,1.36273,1.00,1.50
2018.04.23 15:35:32.402,1.36255,1.36273,1.00,1.00
2018.04.23 15:35:32.744,1.3626,1.36274,1.00,1.00
2018.04.23 15:35:32.797,1.36261,1.36278,1.00,1.50
2018.04.23 15:35:33.315,1.3626,1.36278,1.00,1.00
2018.04.23 15:35:34.131,1.36262,1.36279,1.00,1.50
2018.04.23 15:35:34.470,1.3626,1.36278,1.00,1.00
2018.04.23 15:35:34.979,1.36259,1.36279,1.10,1.00
2018.04.23 15:35:35.031,1.36262,1.36279,1.00,1.00
2018.04.23 15:35:35.165,1.36259,1.36279,1.10,1.00
2018.04.23 15:35:35.319,1.36262,1.36279,1.00,1.00
2018.04.23 15:35:35.857,1.36261,1.3628,1.00,1.50
2018.04.23 15:35:36.199,1.3626,1.36278,1.00,1.00
2018.04.23 15:35:36.525,1.36262,1.36279,1.00,1.00
2018.04.23 15:35:36.883,1.36259,1.36279,1.10,1.00
2018.04.23 15:35:36.936,1.36261,1.36279,1.50,1.00
2018.04.23 15:35:37.306,1.36263,1.36279,1.00,1.00
2018.04.23 15:35:37.413,1.36261,1.36279,1.00,1.50
2018.04.23 15:35:38.138,1.3626,1.36279,1.00,1.00
2018.04.23 15:35:38.191,1.36262,1.36279,1.00,1.50
2018.04.23 15:35:38.704,1.36261,1.36279,1.50,1.50
2018.04.23 15:35:39.121,1.36263,1.36279,1.00,1.00
2018.04.23 15:35:39.246,1.36261,1.36279,1.00,1.00
2018.04.23 15:35:39.349,1.36263,1.36279,1.00,1.00
2018.04.23 15:35:39.401,1.36261,1.36279,1.00,1.00
2018.04.23 15:35:39.683,1.36263,1.36279,1.00,1.00
2018.04.23 15:35:39.866,1.36261,1.36279,1.00,1.00
2018.04.23 15:35:40.020,1.36263,1.36279,1.00,1.00
2018.04.23 15:35:40.176,1.36261,1.3628,1.50,1.00
2018.04.23 15:35:40.228,1.36264,1.3628,1.00,1.50
2018.04.23 15:35:40.333,1.36262,1.3628,1.00,1.50
2018.04.23 15:35:40.877,1.3626,1.36279,1.50,1.00
2018.04.23 15:35:41.124,1.36263,1.36279,1.00,1.00
2018.04.23 15:35:41.204,1.36261,1.36279,1.00,1.00
2018.04.23 15:35:41.821,1.3626,1.36279,1.50,1.00
2018.04.23 15:35:41.948,1.36262,1.36279,1.00,1.00
2018.04.23 15:35:42.001,1.3626,1.36279,1.00,1.50
2018.04.23 15:35:42.054,1.36262,1.36278,1.00,1.00
2018.04.23 15:35:42.213,1.3626,1.36278,1.50,1.00
2018.04.23 15:35:42.410,1.36262,1.36279,1.00,1.50
2018.04.23 15:35:42.575,1.3626,1.36278,1.50,1.00
2018.04.23 15:35:42.627,1.36262,1.36279,1.00,1.50
2018.04.23 15:35:42.680,1.3626,1.36279,1.00,1.50
2018.04.23 15:35:42.860,1.36262,1.36278,1.00,1.00
2018.04.23 15:35:42.963,1.3626,1.36278,1.50,1.00
2018.04.23 15:35:43.192,1.36262,1.36279,1.00,1.50
2018.04.23 15:35:43.559,1.3626,1.36278,1.50,1.00
2018.04.23 15:35:43.618,1.36262,1.36279,1.00,1.50
2018.04.23 15:35:43.720,1.3626,1.36279,1.00,1.50
2018.04.23 15:35:44.262,1.3626,1.36278,1.50,1.00
2018.04.23 15:35:44.560,1.36262,1.36279,1.00,1.50
2018.04.23 15:35:44.612,1.3626,1.36278,1.50,1.00
2018.04.23 15:35:44.714,1.36262,1.36278,1.00,1.00
2018.04.23 15:35:45.255,1.3626,1.36278,1.50,1.00
2018.04.23 15:35:45.306,1.36262,1.36278,1.00,1.00
2018.04.23 15:35:45.472,1.3626,1.36279,1.00,1.00
2018.04.23 15:35:45.638,1.36262,1.36279,1.00,1.00
2018.04.23 15:35:46.001,1.3626,1.36278,1.50,1.00
2018.04.23 15:35:46.055,1.36262,1.36278,1.00,1.00
2018.04.23 15:35:46.304,1.3626,1.36278,1.00,1.00
2018.04.23 15:35:46.819,1.36258,1.36279,2.25,1.00
2018.04.23 15:35:47.181,1.3626,1.36279,1.00,1.50
2018.04.23 15:35:47.489,1.36258,1.36279,2.32,1.50
2018.04.23 15:35:47.828,1.36258,1.36277,2.32,1.00
2018.04.23 15:35:48.398,1.36258,1.36279,2.32,1.50
2018.04.23 15:35:48.946,1.36259,1.36278,1.00,1.00
2018.04.23 15:35:49.552,1.36259,1.36279,1.00,1.00
2018.04.23 15:35:50.054,1.3626,1.36279,1.00,1.50
2018.04.23 15:35:50.105,1.36257,1.36279,1.57,1.50
2018.04.23 15:35:50.334,1.3626,1.36279,1.00,1.50
2018.04.23 15:35:50.488,1.36257,1.36279,1.57,1.50
2018.04.23 15:35:50.539,1.3626,1.36279,1.00,1.50
2018.04.23 15:35:50.772,1.36257,1.36279,1.57,1.50
2018.04.23 15:35:50.990,1.3626,1.36279,1.00,1.50
2018.04.23 15:35:51.234,1.36258,1.36278,1.00,1.00
2018.04.23 15:35:51.388,1.3626,1.36279,1.00,1.50
2018.04.23 15:35:51.585,1.36258,1.36278,1.00,1.00
2018.04.23 15:35:51.706,1.3626,1.36279,1.00,1.50
2018.04.23 15:35:51.757,1.36257,1.36279,1.57,1.50
2018.04.23 15:35:52.285,1.36258,1.36278,1.50,1.00
2018.04.23 15:35:52.626,1.36258,1.36274,1.00,1.00
2018.04.23 15:35:52.679,1.36259,1.36279,1.50,1.00
2018.04.23 15:35:52.868,1.36259,1.36277,1.00,1.00
2018.04.23 15:35:53.076,1.36259,1.36279,1.00,1.50
2018.04.23 15:35:53.179,1.36258,1.36277,1.50,1.00
2018.04.23 15:35:53.385,1.36258,1.36279,1.50,2.25
2018.04.23 15:35:53.934,1.36257,1.36277,2.32,1.00
2018.04.23 15:35:54.242,1.36259,1.36278,1.00,1.00
2018.04.23 15:35:54.562,1.36257,1.36274,1.10,1.00
2018.04.23 15:35:54.666,1.36255,1.36274,1.57,1.50
2018.04.23 15:35:54.977,1.36255,1.36276,2.25,1.00
2018.04.23 15:35:55.995,1.36255,1.36274,1.50,1.00
2018.04.23 15:35:56.430,1.36254,1.36269,1.57,1.00
2018.04.23 15:35:56.533,1.36254,1.36273,1.50,1.00
2018.04.23 15:35:57.012,1.36256,1.36274,1.00,1.50
2018.04.23 15:35:57.529,1.36255,1.36274,1.10,1.50
2018.04.23 15:35:57.904,1.36257,1.36275,1.00,1.00
2018.04.23 15:35:58.435,1.36256,1.36275,1.00,1.50
2018.04.23 15:35:59.510,1.36255,1.36275,1.57,1.00
2018.04.23 15:36:00.022,1.36256,1.36275,1.00,1.50
2018.04.23 15:36:00.549,1.36256,1.36274,1.00,1.00
2018.04.23 15:36:01.067,1.36256,1.36275,1.00,2.25
2018.04.23 15:36:01.587,1.36255,1.36274,2.25,1.00
2018.04.23 15:36:01.859,1.36252,1.36274,1.57,2.25
2018.04.23 15:36:02.361,1.36253,1.36272,1.00,1.00
2018.04.23 15:36:02.878,1.36252,1.36273,2.32,1.12
2018.04.23 15:36:02.931,1.36252,1.36269,1.57,1.00
2018.04.23 15:36:02.984,1.3625,1.36271,1.00,1.37
2018.04.23 15:36:03.131,1.36252,1.36272,1.00,1.50
2018.04.23 15:36:03.438,1.36249,1.36268,1.00,1.00
2018.04.23 15:36:04.205,1.36247,1.36269,1.10,1.87
2018.04.23 15:36:04.258,1.3625,1.36268,1.00,1.00
2018.04.23 15:36:04.744,1.36246,1.36269,2.32,1.12
2018.04.23 15:36:04.924,1.3625,1.36268,1.00,1.00
2018.04.23 15:36:05.205,1.36247,1.36269,1.10,1.12
2018.04.23 15:36:05.737,1.36249,1.36269,1.00,2.25
2018.04.23 15:36:05.788,1.36247,1.36269,2.32,1.00
2018.04.23 15:36:05.968,1.3625,1.36269,1.00,1.00
2018.04.23 15:36:06.071,1.36247,1.36269,1.00,1.00
2018.04.23 15:36:06.174,1.36249,1.36268,1.00,1.00
2018.04.23 15:36:06.227,1.36246,1.36269,3.07,1.00
2018.04.23 15:36:06.282,1.3625,1.3627,1.50,1.50
2018.04.23 15:36:06.592,1.36248,1.36268,2.32,1.00
2018.04.23 15:36:06.989,1.36249,1.3627,1.00,1.12
2018.04.23 15:36:07.540,1.36249,1.36269,1.00,1.00
2018.04.23 15:36:08.526,1.36249,1.3627,1.00,1.87
2018.04.23 15:36:09.017,1.36251,1.36269,1.00,1.00
2018.04.23 15:36:10.006,1.36248,1.36269,1.50,1.50
2018.04.23 15:36:10.064,1.36248,1.36264,1.50,1.00
2018.04.23 15:36:10.116,1.36248,1.36269,1.50,1.50
2018.04.23 15:36:10.366,1.36248,1.36267,1.00,1.00
2018.04.23 15:36:11.079,1.36253,1.3627,1.00,1.00
2018.04.23 15:36:11.262,1.36256,1.36275,1.00,1.00
2018.04.23 15:36:11.783,1.36257,1.36274,1.00,1.00
2018.04.23 15:36:11.835,1.36255,1.36274,1.10,1.00
2018.04.23 15:36:11.888,1.36257,1.36274,1.00,1.00
2018.04.23 15:36:12.734,1.36256,1.36274,1.00,1.00
2018.04.23 15:36:13.253,1.36257,1.36274,1.00,1.00
2018.04.23 15:36:14.870,1.36255,1.36274,1.00,1.50
2018.04.23 15:36:14.924,1.36254,1.36271,1.00,1.00
2018.04.23 15:36:14.976,1.36254,1.36273,1.00,1.00
2018.04.23 15:36:15.027,1.36254,1.36269,1.00,1.00
2018.04.23 15:36:15.256,1.36251,1.36269,2.32,1.00
2018.04.23 15:36:15.959,1.36251,1.36274,1.57,1.12
2018.04.23 15:36:17.179,1.36254,1.36269,1.00,1.00
2018.04.23 15:36:17.231,1.36256,1.36274,1.00,1.87
2018.04.23 15:36:17.283,1.36253,1.36274,1.50,1.87
2018.04.23 15:36:17.386,1.36255,1.36274,1.00,1.87
2018.04.23 15:36:17.694,1.36253,1.36274,1.50,1.87
2018.04.23 15:36:17.896,1.36254,1.36272,1.00,1.00
2018.04.23 15:36:17.947,1.36254,1.36274,1.00,2.62
2018.04.23 15:36:18.864,1.36255,1.36274,1.00,1.87
2018.04.23 15:36:19.792,1.36255,1.36275,1.00,1.12
2018.04.23 15:36:20.319,1.36258,1.36275,1.00,1.12
2018.04.23 15:36:20.474,1.36256,1.36275,1.00,1.12
2018.04.23 15:36:21.047,1.36257,1.36275,1.00,1.12
2018.04.23 15:36:21.525,1.36259,1.36279,1.00,1.00
2018.04.23 15:36:21.831,1.36261,1.36279,1.00,1.00
2018.04.23 15:36:22.138,1.36264,1.36279,1.00,1.00
2018.04.23 15:36:22.240,1.36267,1.36286,1.00,1.12
2018.04.23 15:36:22.401,1.36265,1.36284,1.10,1.00
2018.04.23 15:36:22.505,1.36263,1.36284,3.07,1.00
2018.04.23 15:36:22.929,1.36263,1.36279,1.50,1.00
2018.04.23 15:36:23.084,1.36265,1.36284,1.00,1.00
2018.04.23 15:36:23.674,1.36266,1.36284,1.00,1.00
2018.04.23 15:36:23.726,1.36266,1.36281,1.00,1.00
2018.04.23 15:36:23.778,1.36264,1.36281,1.50,1.00
2018.04.23 15:36:23.830,1.36262,1.36279,1.00,1.00
2018.04.23 15:36:24.373,1.36261,1.3628,2.25,1.12
2018.04.23 15:36:24.758,1.36263,1.36282,1.00,1.00
2018.04.23 15:36:25.090,1.36261,1.36279,1.00,1.00
2018.04.23 15:36:25.766,1.36261,1.36282,2.25,1.00
2018.04.23 15:36:25.818,1.36262,1.3628,1.00,1.00
2018.04.23 15:36:26.322,1.36261,1.36279,1.00,1.00
2018.04.23 15:36:26.632,1.36261,1.36281,1.00,1.00
2018.04.23 15:36:26.685,1.36264,1.36283,1.12,1.00
2018.04.23 15:36:26.843,1.36264,1.36285,2.25,1.50
2018.04.23 15:36:26.895,1.36264,1.36283,1.50,1.00
2018.04.23 15:36:27.682,1.36265,1.36283,1.50,1.00
2018.04.23 15:36:28.215,1.36264,1.36283,1.50,1.00
2018.04.23 15:36:28.268,1.36267,1.36288,1.00,1.50
2018.04.23 15:36:29.124,1.36267,1.36285,1.00,1.00
2018.04.23 15:36:29.177,1.36266,1.36287,1.50,1.00
2018.04.23 15:36:29.327,1.36266,1.36285,1.00,1.00
2018.04.23 15:36:29.833,1.36265,1.36284,2.25,1.00
2018.04.23 15:36:30.513,1.36263,1.36279,2.25,1.00
2018.04.23 15:36:30.567,1.3626,1.36278,1.00,1.00
2018.04.23 15:36:31.361,1.36261,1.36279,1.00,1.12
2018.04.23 15:36:31.895,1.3626,1.36278,1.00,1.00
2018.04.23 15:36:32.159,1.36263,1.36279,1.00,1.00
2018.04.23 15:36:32.710,1.36261,1.36279,1.00,1.00
2018.04.23 15:36:33.544,1.36262,1.36279,1.00,1.00
2018.04.23 15:36:34.166,1.36261,1.36279,1.50,1.00
2018.04.23 15:36:35.185,1.36262,1.36279,1.00,1.00
2018.04.23 15:36:35.686,1.3626,1.36279,2.25,2.62
2018.04.23 15:36:35.789,1.36258,1.36279,3.00,1.50
2018.04.23 15:36:35.841,1.3626,1.36279,1.00,1.50
2018.04.23 15:36:36.385,1.36261,1.36279,1.00,1.00
2018.04.23 15:36:36.436,1.36259,1.36278,1.50,1.00
2018.04.23 15:36:36.677,1.36263,1.36275,1.00,1.50
2018.04.23 15:36:36.731,1.36259,1.36273,1.00,1.00
2018.04.23 15:36:36.785,1.36256,1.36273,1.00,1.00
2018.04.23 15:36:36.838,1.36253,1.36271,1.00,1.00
2018.04.23 15:36:37.346,1.36253,1.3627,1.00,1.50
2018.04.23 15:36:38.045,1.36253,1.36269,1.00,1.00
2018.04.23 15:36:38.261,1.36253,1.36272,1.00,1.00
2018.04.23 15:36:38.463,1.3626,1.3628,2.32,1.12
2018.04.23 15:36:38.568,1.36263,1.36279,1.00,1.00
2018.04.23 15:36:38.622,1.36263,1.36282,1.00,1.00
2018.04.23 15:36:38.675,1.36263,1.36286,1.50,1.50
2018.04.23 15:36:38.727,1.36263,1.36284,1.00,1.00
2018.04.23 15:36:39.069,1.36266,1.36283,2.25,1.00
2018.04.23 15:36:39.274,1.36264,1.36282,1.00,1.00
2018.04.23 15:36:39.790,1.36262,1.36281,1.00,1.00
2018.04.23 15:36:40.048,1.36262,1.36283,1.00,1.00
2018.04.23 15:36:40.461,1.36265,1.36283,1.00,1.00
2018.04.23 15:36:40.513,1.36263,1.36284,1.00,1.50
2018.04.23 15:36:40.615,1.36263,1.36281,1.00,1.00
2018.04.23 15:36:40.667,1.36263,1.36284,1.00,1.00
2018.04.23 15:36:40.968,1.36263,1.36282,1.50,1.00
2018.04.23 15:36:41.516,1.36264,1.36282,1.00,1.00
2018.04.23 15:36:42.030,1.36262,1.36281,1.00,1.00
2018.04.23 15:36:42.081,1.36263,1.36283,1.00,1.00
2018.04.23 15:36:42.592,1.36263,1.36282,1.00,1.00
2018.04.23 15:36:42.748,1.36263,1.36284,1.00,1.50
2018.04.23 15:36:42.851,1.36263,1.36282,1.00,1.00
2018.04.23 15:36:43.373,1.36262,1.36283,1.50,1.00
2018.04.23 15:36:43.834,1.36264,1.36282,1.00,1.00
2018.04.23 15:36:44.001,1.36262,1.36283,1.50,1.00
2018.04.23 15:36:44.516,1.36264,1.36284,1.00,1.50
2018.04.23 15:36:44.568,1.36262,1.36283,1.50,1.00
2018.04.23 15:36:44.670,1.36264,1.36284,1.00,1.50
2018.04.23 15:36:46.330,1.36262,1.36283,1.50,1.00
2018.04.23 15:36:46.383,1.36265,1.36283,1.00,1.00
2018.04.23 15:36:46.435,1.36263,1.36284,1.00,1.50
2018.04.23 15:36:46.487,1.36265,1.36283,1.00,1.00
2018.04.23 15:36:46.538,1.36263,1.36284,1.50,1.50
2018.04.23 15:36:46.641,1.36263,1.36282,1.00,1.00
2018.04.23 15:36:47.337,1.36263,1.36283,1.50,1.00
2018.04.23 15:36:47.792,1.36263,1.36281,1.00,1.00
2018.04.23 15:36:48.309,1.36264,1.36282,1.00,1.00
2018.04.23 15:36:48.412,1.36262,1.36282,1.00,1.00
2018.04.23 15:36:48.514,1.36264,1.36282,1.00,1.00
2018.04.23 15:36:48.753,1.36262,1.36282,1.00,1.00
2018.04.23 15:36:49.292,1.36262,1.36281,1.00,1.00
2018.04.23 15:36:49.924,1.36262,1.36282,1.50,1.00
2018.04.23 15:36:50.446,1.36263,1.36281,1.00,1.00
2018.04.23 15:36:50.676,1.36262,1.36283,1.00,1.00
2018.04.23 15:36:50.948,1.36263,1.36281,1.00,1.00
2018.04.23 15:36:51.499,1.36262,1.36282,1.50,1.00
2018.04.23 15:36:52.174,1.36261,1.3628,1.50,1.00
2018.04.23 15:36:52.680,1.36261,1.36279,1.00,1.00
2018.04.23 15:36:52.885,1.36259,1.3628,1.50,1.50
2018.04.23 15:36:53.037,1.36261,1.3628,1.00,1.50
2018.04.23 15:36:53.139,1.36259,1.3628,1.50,1.50
2018.04.23 15:36:53.343,1.36261,1.36279,1.00,1.00
2018.04.23 15:36:53.394,1.36259,1.3628,2.25,1.50
2018.04.23 15:36:53.626,1.36261,1.36279,1.00,1.00
2018.04.23 15:36:53.678,1.36259,1.3628,1.50,1.50
2018.04.23 15:36:53.758,1.36259,1.36278,1.50,1.00
2018.04.23 15:36:54.274,1.36259,1.36279,1.50,1.00
2018.04.23 15:36:54.740,1.36259,1.36277,1.50,1.00
2018.04.23 15:36:54.896,1.3626,1.36279,1.00,1.00
2018.04.23 15:36:55.430,1.36259,1.36279,1.00,1.50
2018.04.23 15:36:55.635,1.36261,1.36279,1.00,1.50
2018.04.23 15:36:55.799,1.36259,1.36278,1.00,1.00
2018.04.23 15:36:56.204,1.36261,1.36279,1.00,1.50
2018.04.23 15:36:56.256,1.36259,1.36279,1.00,1.50
2018.04.23 15:36:56.527,1.36261,1.36279,1.00,1.00
2018.04.23 15:36:56.863,1.36259,1.36278,1.50,1.00
2018.04.23 15:36:56.977,1.3626,1.3628,1.00,1.50
2018.04.23 15:36:57.280,1.36259,1.36278,1.50,1.00
2018.04.23 15:36:57.619,1.36261,1.36279,1.00,1.00
2018.04.23 15:36:57.671,1.36259,1.36279,1.00,1.00
2018.04.23 15:36:57.823,1.36261,1.36279,1.00,1.00
2018.04.23 15:36:58.106,1.36259,1.36279,1.50,1.00
2018.04.23 15:36:58.157,1.36261,1.36279,1.00,1.00
2018.04.23 15:36:58.311,1.36259,1.36278,1.50,1.00
2018.04.23 15:36:58.482,1.36261,1.36279,1.00,1.00
2018.04.23 15:36:58.534,1.36259,1.36279,1.50,1.00
2018.04.23 15:36:59.178,1.36264,1.36279,1.00,1.00
2018.04.23 15:36:59.230,1.3626,1.36278,1.00,1.00
2018.04.23 15:36:59.283,1.3626,1.36276,1.00,1.00
2018.04.23 15:36:59.335,1.36257,1.36275,1.00,1.00
2018.04.23 15:36:59.646,1.36258,1.36277,1.00,1.00
2018.04.23 15:36:59.910,1.3626,1.36278,1.00,1.00
2018.04.23 15:37:00.232,1.36262,1.36279,1.00,1.00
2018.04.23 15:37:00.285,1.36259,1.36279,3.00,1.50
2018.04.23 15:37:00.812,1.3626,1.36278,1.50,1.00
2018.04.23 15:37:01.128,1.3626,1.3628,1.50,1.00
2018.04.23 15:37:01.232,1.36262,1.36279,1.00,1.00
2018.04.23 15:37:01.284,1.3626,1.36279,1.50,1.00
2018.04.23 15:37:01.500,1.36262,1.3628,1.00,1.50
2018.04.23 15:37:01.552,1.3626,1.36279,2.25,1.50
2018.04.23 15:37:02.066,1.3626,1.3628,1.00,1.50
2018.04.23 15:37:02.583,1.3626,1.36278,1.00,1.00
2018.04.23 15:37:03.103,1.36259,1.36279,1.50,1.00
2018.04.23 15:37:03.406,1.3626,1.36277,1.00,1.00
2018.04.23 15:37:03.868,1.36261,1.36279,1.00,1.50
2018.04.23 15:37:04.400,1.3626,1.36279,2.25,1.00
2018.04.23 15:37:05.142,1.3626,1.36277,1.00,1.00
2018.04.23 15:37:05.193,1.3626,1.36279,1.00,1.00
2018.04.23 15:37:05.346,1.3626,1.36277,1.00,1.00
2018.04.23 15:37:05.398,1.3626,1.36279,1.00,1.00
2018.04.23 15:37:05.764,1.3626,1.36277,1.50,1.00
2018.04.23 15:37:06.298,1.3626,1.36278,1.00,1.00
2018.04.23 15:37:07.116,1.3626,1.36277,1.00,1.00
2018.04.23 15:37:07.169,1.36259,1.36279,1.50,1.00
2018.04.23 15:37:07.673,1.3626,1.36279,2.25,1.00
2018.04.23 15:37:08.220,1.3626,1.36278,2.25,1.00
2018.04.23 15:37:08.754,1.3626,1.36279,2.25,1.50
2018.04.23 15:37:08.977,1.36259,1.36274,1.00,1.50
2018.04.23 15:37:09.157,1.36257,1.36274,1.00,1.00
2018.04.23 15:37:09.648,1.36257,1.36271,1.00,1.00
2018.04.23 15:37:09.700,1.36253,1.36271,1.10,1.00
2018.04.23 15:37:10.146,1.36253,1.36273,1.00,1.00
2018.04.23 15:37:10.666,1.36253,1.36272,1.00,1.00
2018.04.23 15:37:10.921,1.36255,1.36272,1.00,1.00
2018.04.23 15:37:11.029,1.36253,1.36273,1.00,1.00
2018.04.23 15:37:12.086,1.36254,1.36273,1.50,1.00
2018.04.23 15:37:13.131,1.36255,1.36273,1.00,1.00
2018.04.23 15:37:13.491,1.36252,1.3627,1.50,1.00
2018.04.23 15:37:13.543,1.36252,1.36272,1.50,1.12
2018.04.23 15:37:13.596,1.36254,1.36272,1.00,1.00
2018.04.23 15:37:13.700,1.36256,1.36276,1.00,1.12
2018.04.23 15:37:14.214,1.36257,1.36277,1.00,1.00
2018.04.23 15:37:15.283,1.36265,1.36282,1.00,1.50
2018.04.23 15:37:15.386,1.36265,1.36285,1.50,1.50
2018.04.23 15:37:15.592,1.36267,1.36285,1.00,1.50
2018.04.23 15:37:16.841,1.36267,1.36284,1.00,1.00
2018.04.23 15:37:17.999,1.36267,1.36285,1.00,1.00
2018.04.23 15:37:19.580,1.36268,1.36285,1.00,1.00
2018.04.23 15:37:19.647,1.3627,1.3629,1.00,1.10
2018.04.23 15:37:19.699,1.36272,1.36289,1.00,1.00
2018.04.23 15:37:20.031,1.36274,1.36289,1.00,1.00
2018.04.23 15:37:20.565,1.36275,1.36289,1.00,1.00
2018.04.23 15:37:20.823,1.36272,1.36292,2.25,1.00
2018.04.23 15:37:21.436,1.36274,1.36293,1.00,1.00
2018.04.23 15:37:21.606,1.36272,1.36293,1.50,1.00
2018.04.23 15:37:21.657,1.36275,1.36293,1.00,1.00
2018.04.23 15:37:21.709,1.36273,1.36292,1.00,1.00
2018.04.23 15:37:21.812,1.36275,1.36293,1.00,1.00
2018.04.23 15:37:22.199,1.36272,1.36293,1.50,1.00
2018.04.23 15:37:22.533,1.36272,1.36291,1.00,1.00
2018.04.23 15:37:22.824,1.36273,1.36294,1.00,2.62
2018.04.23 15:37:22.876,1.36275,1.36293,1.00,1.00
2018.04.23 15:37:23.244,1.36273,1.36292,1.00,1.00
2018.04.23 15:37:23.769,1.36274,1.36292,1.00,1.00
2018.04.23 15:37:24.285,1.36274,1.36293,1.00,1.00
2018.04.23 15:37:24.904,1.36273,1.36292,1.00,1.00
2018.04.23 15:37:25.100,1.36273,1.36294,1.50,1.87
2018.04.23 15:37:26.120,1.36273,1.36293,1.50,1.00
2018.04.23 15:37:27.204,1.36274,1.36293,1.00,1.00
2018.04.23 15:37:27.750,1.36273,1.36292,1.50,1.00
2018.04.23 15:37:28.272,1.36274,1.36294,1.00,1.87
2018.04.23 15:37:28.755,1.36276,1.36294,1.00,1.87
2018.04.23 15:37:29.076,1.3628,1.36297,1.50,1.00
2018.04.23 15:37:29.213,1.36281,1.36299,1.00,1.50
2018.04.23 15:37:29.755,1.36281,1.36298,1.00,1.00
2018.04.23 15:37:30.338,1.36281,1.36299,1.00,1.50
2018.04.23 15:37:30.844,1.3628,1.36298,1.50,1.00
2018.04.23 15:37:31.385,1.36281,1.36299,1.00,1.50
2018.04.23 15:37:31.923,1.3628,1.36299,2.25,1.50
2018.04.23 15:37:32.431,1.36281,1.36299,1.50,1.50
2018.04.23 15:37:32.736,1.36284,1.36303,1.00,1.50
2018.04.23 15:37:32.971,1.36284,1.36305,1.00,1.00
2018.04.23 15:37:33.074,1.36285,1.36303,1.00,1.00
2018.04.23 15:37:33.586,1.36284,1.36304,2.25,1.00
2018.04.23 15:37:33.896,1.36287,1.36304,1.00,1.00
2018.04.23 15:37:34.690,1.36286,1.36304,1.50,1.00
2018.04.23 15:37:35.343,1.36287,1.36304,1.00,1.00
2018.04.23 15:37:35.875,1.36287,1.36305,1.00,1.00
2018.04.23 15:37:36.444,1.36288,1.36305,1.00,1.00
2018.04.23 15:37:36.954,1.36289,1.36305,1.00,1.00
2018.04.23 15:37:37.095,1.36287,1.36305,2.25,1.00
2018.04.23 15:37:37.459,1.36289,1.36305,1.00,1.00
2018.04.23 15:37:37.563,1.36287,1.36305,1.50,1.00
2018.04.23 15:37:38.148,1.36285,1.363,1.00,1.00
2018.04.23 15:37:38.304,1.36283,1.363,1.00,1.00
2018.04.23 15:37:38.847,1.36282,1.36299,1.00,1.00
2018.04.23 15:37:39.209,1.3628,1.36299,2.25,1.00
2018.04.23 15:37:39.849,1.3628,1.363,2.25,1.87
2018.04.23 15:37:39.901,1.36282,1.363,1.00,1.87
2018.04.23 15:37:40.421,1.36281,1.36299,1.00,1.00
2018.04.23 15:37:41.743,1.36281,1.363,2.25,1.12
2018.04.23 15:37:42.086,1.36283,1.36299,1.00,1.00
2018.04.23 15:37:42.263,1.36281,1.36299,1.00,1.50
2018.04.23 15:37:42.315,1.36279,1.36299,1.50,1.87
2018.04.23 15:37:42.366,1.36279,1.36294,2.25,1.00
2018.04.23 15:37:43.074,1.3628,1.36294,1.00,1.00
2018.04.23 15:37:43.126,1.36278,1.36295,1.00,1.00
2018.04.23 15:37:43.891,1.36279,1.36295,1.00,1.00
2018.04.23 15:37:44.555,1.3628,1.36295,1.50,1.00
2018.04.23 15:37:44.607,1.36285,1.36299,1.00,1.00
2018.04.23 15:37:44.659,1.36286,1.36304,1.50,1.00
2018.04.23 15:37:44.710,1.36288,1.36304,1.50,1.00
2018.04.23 15:37:45.239,1.36288,1.36305,1.00,1.00
2018.04.23 15:37:45.792,1.36287,1.36305,1.00,1.00
2018.04.23 15:37:48.049,1.36287,1.36304,2.25,1.00
2018.04.23 15:37:48.800,1.36286,1.36304,2.25,1.00
2018.04.23 15:37:49.142,1.36286,1.36302,1.00,1.00
2018.04.23 15:37:49.196,1.36286,1.36304,1.00,1.00
2018.04.23 15:37:49.249,1.36286,1.363,1.00,1.00
2018.04.23 15:37:49.566,1.36287,1.36304,1.00,1.00
2018.04.23 15:37:50.108,1.36288,1.36305,1.00,1.00
2018.04.23 15:37:50.211,1.36286,1.36304,2.25,1.00
2018.04.23 15:37:50.744,1.36285,1.36303,1.50,1.00
2018.04.23 15:37:51.495,1.36286,1.36304,1.50,1.50
2018.04.23 15:37:52.104,1.36287,1.36304,1.00,1.00
2018.04.23 15:37:52.644,1.36286,1.36305,1.00,1.87
2018.04.23 15:37:53.303,1.36285,1.36305,1.50,1.50
2018.04.23 15:37:53.705,1.36287,1.36304,1.00,1.00
2018.04.23 15:37:55.013,1.36286,1.36304,1.50,1.50
2018.04.23 15:37:56.170,1.36282,1.36299,1.00,1.50
2018.04.23 15:37:56.275,1.36279,1.36297,1.00,1.00
2018.04.23 15:37:56.471,1.36277,1.36295,1.00,1.00
2018.04.23 15:37:56.675,1.36277,1.36297,1.00,1.12
2018.04.23 15:37:58.279,1.36281,1.36299,1.00,1.37
2018.04.23 15:37:58.333,1.36284,1.36302,1.00,1.00
2018.04.23 15:37:58.848,1.36281,1.36301,1.50,1.00
2018.04.23 15:37:59.068,1.36285,1.36303,1.50,1.50
2018.04.23 15:37:59.173,1.36283,1.36303,2.25,1.00
2018.04.23 15:37:59.679,1.36284,1.36303,1.50,1.00
2018.04.23 15:38:00.319,1.36283,1.36303,1.50,1.00
2018.04.23 15:38:01.016,1.36284,1.36303,1.00,1.00
2018.04.23 15:38:01.225,1.36282,1.36303,1.57,1.50
2018.04.23 15:38:01.276,1.36282,1.36301,1.57,1.00
2018.04.23 15:38:01.596,1.36283,1.36303,2.25,1.50
2018.04.23 15:38:02.119,1.36284,1.36304,1.00,1.50
2018.04.23 15:38:03.673,1.36284,1.36302,1.00,1.00
2018.04.23 15:38:03.829,1.36285,1.36305,1.00,1.50
2018.04.23 15:38:04.036,1.36283,1.36303,1.57,1.00
2018.04.23 15:38:04.544,1.36285,1.36303,1.00,1.00
2018.04.23 15:38:05.264,1.36282,1.36299,1.07,1.00
2018.04.23 15:38:05.368,1.36278,1.36296,1.57,1.00
2018.04.23 15:38:05.420,1.3628,1.36299,1.00,1.50
2018.04.23 15:38:05.591,1.36284,1.36303,1.50,1.50
2018.04.23 15:38:07.826,1.36285,1.36303,1.00,1.50
2018.04.23 15:38:09.958,1.36289,1.36306,1.00,1.00
2018.04.23 15:38:10.011,1.3629,1.36308,1.00,1.50
2018.04.23 15:38:10.499,1.3629,1.36305,1.00,1.00
2018.04.23 15:38:10.550,1.36285,1.36303,1.50,1.00
2018.04.23 15:38:12.635,1.36285,1.36304,1.50,1.12
2018.04.23 15:38:14.178,1.36284,1.36302,1.50,1.00
2018.04.23 15:38:14.732,1.36285,1.36303,1.00,1.00
2018.04.23 15:38:15.336,1.36284,1.36303,1.00,1.00
2018.04.23 15:38:15.860,1.36285,1.36303,1.00,1.00
2018.04.23 15:38:16.393,1.36285,1.36304,1.00,1.12
2018.04.23 15:38:22.142,1.36285,1.36302,1.00,1.00
2018.04.23 15:38:22.471,1.36285,1.36299,1.50,1.00
2018.04.23 15:38:23.218,1.36284,1.36299,1.50,1.00
2018.04.23 15:38:24.040,1.36285,1.36299,1.00,1.00
2018.04.23 15:38:24.209,1.36285,1.36304,1.50,1.87
2018.04.23 15:38:24.311,1.36285,1.363,1.00,1.00
2018.04.23 15:38:24.363,1.36285,1.36304,1.50,1.12
2018.04.23 15:38:24.810,1.36285,1.36302,1.50,1.00
2018.04.23 15:38:25.144,1.36286,1.36299,1.00,1.00
2018.04.23 15:38:27.504,1.36286,1.36304,1.00,1.12
2018.04.23 15:38:27.828,1.36288,1.36305,1.00,1.00
2018.04.23 15:38:27.985,1.36291,1.36309,1.00,1.00
2018.04.23 15:38:28.519,1.36294,1.3631,1.00,1.00
2018.04.23 15:38:29.196,1.36293,1.36309,1.00,1.00
2018.04.23 15:38:29.249,1.36295,1.36313,1.00,1.00
2018.04.23 15:38:29.301,1.36295,1.3631,1.00,1.00
2018.04.23 15:38:29.561,1.36295,1.36313,1.00,1.00
2018.04.23 15:38:30.250,1.36294,1.36313,1.00,1.00
2018.04.23 15:38:32.177,1.36293,1.36311,1.00,1.12
2018.04.23 15:38:32.599,1.36293,1.36313,1.00,1.87
2018.04.23 15:38:32.651,1.36289,1.36304,1.00,1.00
2018.04.23 15:38:32.703,1.36284,1.36304,2.25,1.12
2018.04.23 15:38:32.754,1.36284,1.36302,1.50,1.00
2018.04.23 15:38:33.273,1.36283,1.36304,1.50,1.12
2018.04.23 15:38:33.402,1.36284,1.36302,1.50,1.00
2018.04.23 15:38:36.215,1.36285,1.36303,1.00,1.00
2018.04.23 15:38:37.211,1.36284,1.36303,1.00,1.00
2018.04.23 15:38:38.843,1.36285,1.36304,1.00,1.50
2018.04.23 15:38:39.416,1.36285,1.36303,1.00,1.00
2018.04.23 15:38:39.895,1.36284,1.36305,1.87,1.87
2018.04.23 15:38:40.441,1.36285,1.36305,1.00,1.87
2018.04.23 15:38:40.950,1.36286,1.36304,1.00,1.00
2018.04.23 15:38:42.099,1.36285,1.36304,1.50,1.00
2018.04.23 15:38:42.253,1.36287,1.36305,1.00,1.50
2018.04.23 15:38:42.305,1.36285,1.36305,2.25,1.00
2018.04.23 15:38:42.849,1.36286,1.36304,1.00,1.00
2018.04.23 15:38:43.356,1.36285,1.36304,2.25,1.00
2018.04.23 15:38:44.030,1.36285,1.36305,1.50,1.50
2018.04.23 15:38:44.255,1.36286,1.36307,1.37,1.00
2018.04.23 15:38:44.631,1.36291,1.36309,1.00,1.00
2018.04.23 15:38:44.942,1.36294,1.36312,1.00,1.00
2018.04.23 15:38:45.512,1.36295,1.36312,1.00,1.00
2018.04.23 15:38:46.315,1.36296,1.36312,1.00,1.00
2018.04.23 15:38:46.791,1.36294,1.36312,1.00,1.00
2018.04.23 15:38:47.000,1.36292,1.36311,1.50,1.00
2018.04.23 15:38:47.053,1.36292,1.36313,1.00,1.00
2018.04.23 15:38:47.602,1.36292,1.36312,1.50,1.00
2018.04.23 15:38:47.653,1.36294,1.36312,1.00,1.00
2018.04.23 15:38:48.164,1.36293,1.36313,1.00,1.50
2018.04.23 15:38:48.699,1.36294,1.36312,1.00,1.00
2018.04.23 15:38:49.249,1.36291,1.3631,1.00,1.00
2018.04.23 15:38:49.353,1.3629,1.36308,1.00,1.00
2018.04.23 15:38:49.903,1.36289,1.36308,1.00,1.00
2018.04.23 15:38:50.420,1.36287,1.36308,1.00,2.25
2018.04.23 15:38:51.025,1.36287,1.36307,1.00,1.00
2018.04.23 15:38:51.202,1.36293,1.36308,1.00,1.00
2018.04.23 15:38:51.254,1.36293,1.36311,1.87,1.00
2018.04.23 15:38:51.307,1.36293,1.36313,1.12,1.00
2018.04.23 15:38:51.515,1.36295,1.36315,1.00,1.87
2018.04.23 15:38:51.853,1.36294,1.36312,1.00,1.00
2018.04.23 15:38:52.311,1.36293,1.3631,2.25,1.00
2018.04.23 15:38:52.825,1.36292,1.3631,1.00,1.00
2018.04.23 15:38:53.420,1.36291,1.36311,1.00,1.00
2018.04.23 15:38:53.938,1.36292,1.3631,1.00,1.00
2018.04.23 15:38:54.542,1.36291,1.3631,1.50,1.00
2018.04.23 15:38:55.093,1.36292,1.3631,1.50,1.00
2018.04.23 15:38:55.453,1.36289,1.36309,2.25,1.00
2018.04.23 15:38:55.978,1.3629,1.3631,1.00,1.00
2018.04.23 15:39:00.681,1.36289,1.36309,1.00,1.00
2018.04.23 15:39:01.222,1.36291,1.36309,1.00,1.00
2018.04.23 15:39:01.757,1.3629,1.36308,1.00,1.00
2018.04.23 15:39:02.294,1.36291,1.36309,1.00,1.00
2018.04.23 15:39:02.976,1.36291,1.3631,1.00,1.50
2018.04.23 15:39:03.480,1.36292,1.3631,1.00,1.50
2018.04.23 15:39:03.796,1.36288,1.36308,1.00,1.50
2018.04.23 15:39:03.970,1.36292,1.36311,1.00,1.00
2018.04.23 15:39:04.023,1.36291,1.36313,2.25,1.57
2018.04.23 15:39:04.076,1.36294,1.36313,1.00,1.87
2018.04.23 15:39:04.613,1.36296,1.36313,1.00,1.12
2018.04.23 15:39:04.665,1.36294,1.36312,1.00,1.00
2018.04.23 15:39:04.769,1.36292,1.3631,1.50,1.00
2018.04.23 15:39:05.104,1.36294,1.36312,1.50,1.00
2018.04.23 15:39:05.492,1.36296,1.36313,1.00,1.00
2018.04.23 15:39:06.005,1.36297,1.36313,1.00,1.00
2018.04.23 15:39:06.059,1.36295,1.36313,1.50,1.00
2018.04.23 15:39:06.428,1.36294,1.36315,1.00,1.50
2018.04.23 15:39:06.592,1.36295,1.36313,1.00,1.00
2018.04.23 15:39:06.745,1.36295,1.36315,1.50,1.00
2018.04.23 15:39:06.949,1.36295,1.36313,1.50,1.00
2018.04.23 15:39:07.122,1.36295,1.36315,1.50,1.50
2018.04.23 15:39:07.279,1.36297,1.36316,1.00,1.00
2018.04.23 15:39:07.806,1.36298,1.36316,1.00,1.00
2018.04.23 15:39:08.160,1.36296,1.36316,1.00,1.00
2018.04.23 15:39:08.230,1.36294,1.36315,1.00,1.50
2018.04.23 15:39:08.281,1.36294,1.36312,1.50,1.00
2018.04.23 15:39:08.792,1.36295,1.36314,1.00,1.00
2018.04.23 15:39:09.129,1.36293,1.36313,1.00,1.00
2018.04.23 15:39:09.232,1.36293,1.36316,1.00,2.25
2018.04.23 15:39:09.284,1.36293,1.36314,1.00,1.00
2018.04.23 15:39:09.617,1.36296,1.36315,1.50,1.00
2018.04.23 15:39:09.960,1.36298,1.36317,1.00,1.00
2018.04.23 15:39:10.119,1.36294,1.36314,1.00,1.50
2018.04.23 15:39:10.172,1.36294,1.36316,1.50,1.12
2018.04.23 15:39:10.225,1.36296,1.36315,1.50,1.00
2018.04.23 15:39:10.782,1.36295,1.36314,3.00,1.00
2018.04.23 15:39:11.100,1.36299,1.36316,1.00,1.00
2018.04.23 15:39:11.535,1.36296,1.36317,2.62,1.00
2018.04.23 15:39:11.638,1.36298,1.36317,1.00,1.00
2018.04.23 15:39:11.690,1.36297,1.36319,1.00,2.25
2018.04.23 15:39:12.202,1.36299,1.36317,1.00,1.00
2018.04.23 15:39:12.253,1.36297,1.36316,1.00,1.00
2018.04.23 15:39:12.355,1.36298,1.36313,1.00,1.00
2018.04.23 15:39:12.407,1.36295,1.36313,1.00,1.00
2018.04.23 15:39:12.897,1.36298,1.36316,1.00,1.00
2018.04.23 15:39:13.170,1.36299,1.36318,1.00,1.00
2018.04.23 15:39:13.717,1.36301,1.36322,1.87,1.00
2018.04.23 15:39:13.771,1.36305,1.36323,1.00,2.62
2018.04.23 15:39:13.824,1.36301,1.36321,1.50,1.00
2018.04.23 15:39:14.126,1.36303,1.36323,1.00,1.50
2018.04.23 15:39:14.961,1.36308,1.36326,1.00,1.47
2018.04.23 15:39:15.012,1.36306,1.36324,1.00,1.00
2018.04.23 15:39:15.168,1.36307,1.36326,1.00,1.10
2018.04.23 15:39:15.273,1.36306,1.36325,1.00,1.37
2018.04.23 15:39:15.497,1.36301,1.36323,1.00,1.87
2018.04.23 15:39:15.549,1.36303,1.36321,1.00,1.00
2018.04.23 15:39:15.759,1.36308,1.36328,1.00,1.50
2018.04.23 15:39:15.812,1.36308,1.36326,1.00,1.00
2018.04.23 15:39:15.864,1.36308,1.36328,1.00,1.50
2018.04.23 15:39:15.916,1.36308,1.36326,1.00,1.00
2018.04.23 15:39:16.524,1.36307,1.36327,1.50,1.00
2018.04.23 15:39:16.842,1.36309,1.36328,1.00,1.00
2018.04.23 15:39:17.406,1.36312,1.36328,1.00,1.00
2018.04.23 15:39:18.148,1.3631,1.36327,1.50,1.12
2018.04.23 15:39:18.406,1.3631,1.36329,1.00,2.62
2018.04.23 15:39:18.564,1.3631,1.36327,1.00,1.00
2018.04.23 15:39:18.615,1.36308,1.36327,1.50,1.00
2018.04.23 15:39:19.150,1.36308,1.36328,1.00,1.00
2018.04.23 15:39:19.952,1.36308,1.36326,1.50,1.00
2018.04.23 15:39:20.460,1.36309,1.36327,1.00,1.00
2018.04.23 15:39:20.986,1.36307,1.36327,2.25,1.00
2018.04.23 15:39:21.514,1.36308,1.36327,1.00,1.00
2018.04.23 15:39:22.053,1.36308,1.36328,1.00,1.00
2018.04.23 15:39:22.623,1.36309,1.36327,1.00,1.00
2018.04.23 15:39:23.216,1.36308,1.36326,1.50,1.00
2018.04.23 15:39:23.813,1.36308,1.36328,1.00,1.00
2018.04.23 15:39:24.337,1.36309,1.36327,1.00,1.00
2018.04.23 15:39:24.859,1.3631,1.36328,1.00,1.00
2018.04.23 15:39:25.588,1.36314,1.36334,1.00,1.50
2018.04.23 15:39:25.640,1.36317,1.36334,1.00,1.00
2018.04.23 15:39:25.795,1.36314,1.36333,1.00,1.20
2018.04.23 15:39:25.949,1.36313,1.36331,1.00,1.00
2018.04.23 15:39:26.529,1.36313,1.3633,1.00,1.00
2018.04.23 15:39:26.886,1.3631,1.3633,3.00,1.12
2018.04.23 15:39:26.937,1.3631,1.36328,2.25,1.00
2018.04.23 15:39:27.460,1.36311,1.36329,1.00,1.00
2018.04.23 15:39:28.036,1.36311,1.36328,1.00,1.00
2018.04.23 15:39:28.551,1.3631,1.36328,1.50,1.00
2018.04.23 15:39:29.135,1.36311,1.36328,1.00,1.00
2018.04.23 15:39:29.665,1.3631,1.36329,1.00,1.12
2018.04.23 15:39:29.985,1.3631,1.36327,1.00,1.00
2018.04.23 15:39:30.451,1.36305,1.36322,1.00,1.00
2018.04.23 15:39:30.979,1.36304,1.36322,1.00,1.00
2018.04.23 15:39:31.523,1.36305,1.36322,1.00,1.00
2018.04.23 15:39:32.047,1.36304,1.36322,1.00,1.00
2018.04.23 15:39:32.252,1.36304,1.36324,1.00,1.00
2018.04.23 15:39:32.529,1.36306,1.36325,1.00,1.50
2018.04.23 15:39:33.274,1.36304,1.36322,1.00,1.50
2018.04.23 15:39:33.585,1.36299,1.36317,1.00,1.00
2018.04.23 15:39:34.192,1.363,1.36318,1.00,1.50
2018.04.23 15:39:34.730,1.36299,1.36319,1.00,1.00
2018.04.23 15:39:35.938,1.363,1.36319,1.00,1.50
2018.04.23 15:39:35.991,1.36298,1.36318,1.00,1.00
2018.04.23 15:39:36.876,1.36301,1.36319,1.00,1.00
2018.04.23 15:39:37.404,1.36301,1.3632,1.00,1.00
2018.04.23 15:39:38.035,1.36301,1.36321,1.00,1.00
2018.04.23 15:39:38.341,1.36306,1.36323,1.00,1.00
2018.04.23 15:39:38.879,1.36306,1.36324,1.00,1.50
2018.04.23 15:39:39.489,1.36305,1.36324,1.00,1.50
2018.04.23 15:39:40.149,1.36304,1.36324,1.00,1.50
2018.04.23 15:39:40.915,1.36306,1.36324,1.00,1.50
2018.04.23 15:39:41.479,1.36305,1.36323,1.00,1.50
2018.04.23 15:39:42.080,1.36304,1.36323,1.00,2.25
2018.04.23 15:39:42.586,1.36304,1.36324,1.00,1.00
2018.04.23 15:39:43.093,1.36305,1.36325,1.00,2.62
2018.04.23 15:39:43.404,1.36302,1.3632,1.00,1.50
2018.04.23 15:39:43.618,1.363,1.36319,1.50,1.00
2018.04.23 15:39:44.335,1.36298,1.36318,1.50,1.87
2018.04.23 15:39:44.891,1.36297,1.36317,1.00,1.12
2018.04.23 15:39:46.696,1.36299,1.36317,1.00,1.00
2018.04.23 15:39:46.902,1.36297,1.36318,1.00,1.00
2018.04.23 15:39:47.225,1.36301,1.3632,1.00,1.00
2018.04.23 15:39:47.277,1.36298,1.36318,1.50,1.00
2018.04.23 15:39:48.615,1.36299,1.36319,1.00,1.50
2018.04.23 15:39:48.668,1.36302,1.3632,1.00,1.50
2018.04.23 15:39:49.032,1.36299,1.36319,1.00,1.00
2018.04.23 15:39:49.925,1.36302,1.3632,1.00,1.50
2018.04.23 15:39:50.442,1.36303,1.36321,1.00,1.00
2018.04.23 15:39:51.841,1.363,1.36321,1.00,1.50
2018.04.23 15:39:52.096,1.363,1.36319,1.00,1.00
2018.04.23 15:39:52.645,1.363,1.36318,1.00,1.00
2018.04.23 15:39:53.094,1.36305,1.3632,1.00,1.50
2018.04.23 15:39:53.251,1.36313,1.36331,1.87,1.00
2018.04.23 15:39:53.303,1.36318,1.36331,1.00,1.00
2018.04.23 15:39:53.355,1.36317,1.36337,1.00,1.00
2018.04.23 15:39:53.407,1.36317,1.36339,2.25,4.12
2018.04.23 15:39:53.517,1.36317,1.36334,1.00,1.00
2018.04.23 15:39:53.982,1.36315,1.36334,1.00,1.00
2018.04.23 15:39:54.523,1.36315,1.36333,1.00,1.00
2018.04.23 15:39:55.094,1.36314,1.36332,1.00,1.00
2018.04.23 15:39:55.291,1.36309,1.36327,1.00,1.00
2018.04.23 15:39:55.486,1.36304,1.36324,1.00,1.00
2018.04.23 15:39:55.537,1.36306,1.36324,1.00,1.00
2018.04.23 15:39:56.173,1.36307,1.36325,1.00,1.00
2018.04.23 15:39:56.327,1.36305,1.36325,1.00,1.00
2018.04.23 15:39:57.027,1.36306,1.36326,1.00,1.50
2018.04.23 15:39:57.080,1.36304,1.36324,1.00,1.00
2018.04.23 15:39:57.539,1.36308,1.36327,1.00,1.00
2018.04.23 15:39:58.054,1.36309,1.36327,1.00,1.00
2018.04.23 15:39:58.258,1.36307,1.36327,1.00,1.50
2018.04.23 15:39:58.732,1.3631,1.36327,1.00,1.00
2018.04.23 15:39:58.784,1.36308,1.36327,1.00,1.50
2018.04.23 15:39:58.889,1.36311,1.3633,1.00,1.50
2018.04.23 15:39:59.300,1.3631,1.36328,1.00,1.00
2018.04.23 15:39:59.820,1.36309,1.36327,1.00,1.00
2018.04.23 15:39:59.872,1.36308,1.36329,1.50,1.00
2018.04.23 15:39:59.925,1.3631,1.36329,1.00,1.00
2018.04.23 15:40:00.291,1.36309,1.36327,1.00,1.00
2018.04.23 15:40:00.344,1.36309,1.36329,1.00,1.12
2018.04.23 15:40:00.534,1.36309,1.36327,1.00,1.00
2018.04.23 15:40:00.639,1.3631,1.36329,1.00,1.87
2018.04.23 15:40:01.206,1.36311,1.3633,1.00,1.00
2018.04.23 15:40:01.311,1.36308,1.36328,1.00,2.62
2018.04.23 15:40:01.622,1.3631,1.36329,1.00,1.00
2018.04.23 15:40:02.153,1.36311,1.3633,1.00,1.50
2018.04.23 15:40:02.687,1.3631,1.3633,1.00,1.50
2018.04.23 15:40:03.215,1.36311,1.36329,1.00,1.00
2018.04.23 15:40:03.790,1.36312,1.3633,1.00,1.00
2018.04.23 15:40:03.842,1.3631,1.3633,1.00,1.00
2018.04.23 15:40:04.448,1.36312,1.3633,1.00,1.00
2018.04.23 15:40:04.658,1.36308,1.36327,1.00,1.00
2018.04.23 15:40:05.175,1.36307,1.36328,1.10,1.87
2018.04.23 15:40:05.235,1.36308,1.36326,1.00,1.00
2018.04.23 15:40:05.363,1.3631,1.3633,1.00,2.25
2018.04.23 15:40:05.422,1.36307,1.36327,1.57,1.00
2018.04.23 15:40:05.731,1.36305,1.36323,1.00,1.00
2018.04.23 15:40:05.994,1.36306,1.36325,1.00,1.00
2018.04.23 15:40:06.316,1.36309,1.36325,1.00,1.00
2018.04.23 15:40:06.473,1.36307,1.36325,1.00,1.00
2018.04.23 15:40:06.626,1.36308,1.36329,1.00,1.00
2018.04.23 15:40:06.844,1.36308,1.36326,1.00,1.00
2018.04.23 15:40:07.045,1.36308,1.36328,1.00,1.00
2018.04.23 15:40:07.265,1.36315,1.36332,1.00,1.00
2018.04.23 15:40:07.419,1.36312,1.36333,1.00,2.62
2018.04.23 15:40:07.623,1.36312,1.36331,1.00,1.00
2018.04.23 15:40:07.827,1.36312,1.36333,1.00,2.62
2018.04.23 15:40:07.878,1.36312,1.36331,1.00,1.00
2018.04.23 15:40:08.391,1.36313,1.36333,1.00,1.87
2018.04.23 15:40:08.442,1.3631,1.36331,1.50,1.00
2018.04.23 15:40:08.493,1.36312,1.36331,1.00,1.00
2018.04.23 15:40:09.039,1.36313,1.36331,1.00,1.00
2018.04.23 15:40:09.142,1.36312,1.36333,1.00,2.62
2018.04.23 15:40:09.910,1.36313,1.36331,1.00,1.00
2018.04.23 15:40:10.063,1.36313,1.36333,1.00,2.62
2018.04.23 15:40:10.575,1.36314,1.36333,1.00,1.87
2018.04.23 15:40:12.837,1.36314,1.36332,1.00,1.00
2018.04.23 15:40:13.146,1.36313,1.36334,1.00,1.87
2018.04.23 15:40:13.884,1.36315,1.36333,1.00,1.00
2018.04.23 15:40:15.041,1.36314,1.36332,1.00,1.00
2018.04.23 15:40:15.144,1.36315,1.36334,1.00,1.12
2018.04.23 15:40:17.853,1.36315,1.36333,1.00,1.00
2018.04.23 15:40:17.905,1.36318,1.36337,1.12,1.00
2018.04.23 15:40:17.956,1.3632,1.3634,1.00,1.00
2018.04.23 15:40:18.007,1.36319,1.36335,1.00,1.00
2018.04.23 15:40:18.093,1.36319,1.36338,1.00,1.00
2018.04.23 15:40:18.540,1.36318,1.36336,1.00,1.00
2018.04.23 15:40:19.139,1.36316,1.36336,1.87,1.00
2018.04.23 15:40:19.450,1.36315,1.36334,1.00,1.00
2018.04.23 15:40:19.982,1.36315,1.36335,1.00,1.50
2018.04.23 15:40:20.344,1.36317,1.36335,1.00,1.87
2018.04.23 15:40:20.900,1.36318,1.36336,1.00,1.87
2018.04.23 15:40:21.476,1.36317,1.36335,2.25,1.12
2018.04.23 15:40:21.842,1.3632,1.36339,1.50,1.87
2018.04.23 15:40:21.893,1.3632,1.36337,1.00,1.37
2018.04.23 15:40:21.945,1.36318,1.36337,1.50,1.12
2018.04.23 15:40:22.099,1.36318,1.36335,1.50,1.00
2018.04.23 15:40:22.605,1.36318,1.36337,1.50,1.37
2018.04.23 15:40:23.150,1.36318,1.36338,1.50,1.37
2018.04.23 15:40:23.628,1.36318,1.36336,1.00,1.37
2018.04.23 15:40:23.886,1.36316,1.36336,2.25,1.37
2018.04.23 15:40:24.412,1.36317,1.36336,1.00,1.37
2018.04.23 15:40:25.104,1.36315,1.36335,2.25,1.00
2018.04.23 15:40:25.659,1.36316,1.36335,1.00,1.00
2018.04.23 15:40:26.050,1.36318,1.36337,1.50,1.87
2018.04.23 15:40:26.388,1.36318,1.36335,1.50,1.00
2018.04.23 15:40:26.959,1.36318,1.36336,2.25,1.00
2018.04.23 15:40:27.779,1.36318,1.36335,1.50,1.00
2018.04.23 15:40:28.300,1.36318,1.36336,2.25,1.00
2018.04.23 15:40:28.742,1.36317,1.36338,3.37,1.00
2018.04.23 15:40:29.221,1.36319,1.36337,1.00,1.00
2018.04.23 15:40:29.641,1.36323,1.36339,1.00,1.00
2018.04.23 15:40:29.694,1.36323,1.36344,1.00,3.00
2018.04.23 15:40:29.799,1.36325,1.36342,1.00,1.00
2018.04.23 15:40:30.362,1.36326,1.36345,1.50,1.00
2018.04.23 15:40:30.466,1.36324,1.36342,1.50,1.00
2018.04.23 15:40:30.570,1.36326,1.36345,1.50,1.00
2018.04.23 15:40:30.622,1.36328,1.36345,1.00,1.00
2018.04.23 15:40:30.777,1.36326,1.36346,1.00,1.50
2018.04.23 15:40:31.021,1.36326,1.36344,1.50,1.00
2018.04.23 15:40:31.439,1.36328,1.36346,1.00,1.00
2018.04.23 15:40:31.644,1.36328,1.36348,1.00,1.50
2018.04.23 15:40:32.148,1.36327,1.36348,1.50,1.50
2018.04.23 15:40:32.659,1.36328,1.36347,1.50,1.00
2018.04.23 15:40:33.185,1.36328,1.36346,1.00,1.00
2018.04.23 15:40:33.721,1.36329,1.36348,1.00,1.50
2018.04.23 15:40:34.031,1.36327,1.36344,1.00,1.00
2018.04.23 15:40:34.083,1.36324,1.36343,1.50,1.00
2018.04.23 15:40:34.261,1.36326,1.36345,1.00,2.25
2018.04.23 15:40:34.801,1.36325,1.36345,1.50,1.50
2018.04.23 15:40:35.362,1.36326,1.36344,1.00,1.00
2018.04.23 15:40:35.977,1.36325,1.36344,1.50,1.00
2018.04.23 15:40:36.185,1.36319,1.36339,1.00,1.00
2018.04.23 15:40:36.689,1.36319,1.36338,2.25,1.00
2018.04.23 15:40:37.232,1.36319,1.36339,1.50,1.00
2018.04.23 15:40:37.747,1.36318,1.36338,1.50,1.00
2018.04.23 15:40:37.929,1.36319,1.36336,1.00,1.00
2018.04.23 15:40:38.698,1.36319,1.36337,1.00,1.00
2018.04.23 15:40:39.245,1.3632,1.36338,1.00,1.00
2018.04.23 15:40:40.218,1.36319,1.36338,1.50,1.12
2018.04.23 15:40:40.921,1.3632,1.36338,1.00,1.87
2018.04.23 15:40:41.473,1.36319,1.36338,1.00,1.87
2018.04.23 15:40:41.834,1.36322,1.3634,1.10,1.50
2018.04.23 15:40:42.373,1.36321,1.36339,1.00,1.00
2018.04.23 15:40:42.927,1.36321,1.36339,1.00,1.37
2018.04.23 15:40:43.845,1.36319,1.36339,2.25,1.87
2018.04.23 15:40:44.487,1.3632,1.36339,1.00,1.87
2018.04.23 15:40:45.004,1.36321,1.36339,1.00,2.62
2018.04.23 15:40:45.158,1.36322,1.3634,1.50,1.00
2018.04.23 15:40:45.669,1.36322,1.36338,1.00,1.00
2018.04.23 15:40:46.203,1.36322,1.36339,1.00,1.50
2018.04.23 15:40:46.743,1.36321,1.36339,1.50,1.50
2018.04.23 15:40:47.408,1.3632,1.36339,1.50,1.00
2018.04.23 15:40:48.171,1.36321,1.36339,1.00,1.00
2018.04.23 15:40:48.944,1.36321,1.36341,1.00,1.00
2018.04.23 15:40:49.466,1.3632,1.36341,1.10,1.87
2018.04.23 15:40:50.610,1.3632,1.36341,1.00,1.87
2018.04.23 15:40:50.980,1.36319,1.36336,1.00,1.00
2018.04.23 15:40:51.494,1.36318,1.36336,1.00,1.00
2018.04.23 15:40:51.546,1.36316,1.36336,2.25,1.00
2018.04.23 15:40:52.404,1.36318,1.36336,1.00,1.00
2018.04.23 15:40:52.926,1.36317,1.36335,1.00,1.00
2018.04.23 15:40:54.037,1.36316,1.36334,1.00,1.00
2018.04.23 15:40:54.396,1.36314,1.36335,1.00,1.00
2018.04.23 15:40:54.913,1.36315,1.36335,1.00,1.00
2018.04.23 15:40:56.701,1.36315,1.36333,1.00,1.00
2018.04.23 15:40:56.764,1.36315,1.36335,1.00,1.00
2018.04.23 15:40:56.816,1.36317,1.36335,1.00,1.00
2018.04.23 15:40:56.919,1.36315,1.36335,1.00,1.50
2018.04.23 15:40:58.711,1.36315,1.36334,1.00,1.00
2018.04.23 15:40:58.868,1.36313,1.36334,1.50,1.00
2018.04.23 15:40:59.025,1.36314,1.36332,1.00,1.00
2018.04.23 15:40:59.556,1.36313,1.36333,1.50,1.12
2018.04.23 15:41:00.610,1.36312,1.36332,1.00,1.00
2018.04.23 15:41:01.142,1.36313,1.36333,1.00,1.12
2018.04.23 15:41:01.452,1.36309,1.36328,1.00,1.00
2018.04.23 15:41:01.898,1.36314,1.36331,1.00,1.50
2018.04.23 15:41:02.022,1.36313,1.36333,1.50,1.50
2018.04.23 15:41:02.075,1.36315,1.36333,1.00,1.00
2018.04.23 15:41:02.593,1.36315,1.36334,1.00,2.25
2018.04.23 15:41:03.097,1.36315,1.36333,1.00,1.00
2018.04.23 15:41:03.765,1.36315,1.36334,1.00,1.50
2018.04.23 15:41:04.602,1.36316,1.36334,1.00,1.00
2018.04.23 15:41:05.413,1.36315,1.36334,1.00,1.00
2018.04.23 15:41:06.087,1.36317,1.36334,1.00,1.00
2018.04.23 15:41:06.633,1.36315,1.36334,1.00,1.00
2018.04.23 15:41:06.839,1.36317,1.36335,1.00,1.50
2018.04.23 15:41:06.891,1.36315,1.36335,1.12,1.50
2018.04.23 15:41:06.994,1.36316,1.36329,1.00,1.00
2018.04.23 15:41:07.096,1.36316,1.36334,1.00,1.00
2018.04.23 15:41:08.963,1.36315,1.36334,1.12,1.00
2018.04.23 15:41:09.016,1.36318,1.36335,1.00,1.12
2018.04.23 15:41:09.277,1.36316,1.36336,1.00,1.50
2018.04.23 15:41:09.897,1.36316,1.36335,1.00,1.00
2018.04.23 15:41:10.418,1.36317,1.36336,1.00,1.50
2018.04.23 15:41:10.520,1.36314,1.36336,1.50,1.00
2018.04.23 15:41:10.622,1.36316,1.36335,1.00,1.00
2018.04.23 15:41:10.999,1.36314,1.36336,1.50,1.00
2018.04.23 15:41:11.052,1.36316,1.36334,1.00,1.00
2018.04.23 15:41:11.104,1.36316,1.36336,1.00,1.00
2018.04.23 15:41:11.259,1.36317,1.36334,1.00,1.00
2018.04.23 15:41:11.311,1.36314,1.36333,1.00,1.37
2018.04.23 15:41:11.417,1.36313,1.36331,1.00,1.37
2018.04.23 15:41:11.792,1.36311,1.36331,1.00,1.00
2018.04.23 15:41:12.306,1.36311,1.36332,1.00,2.62
2018.04.23 15:41:12.358,1.36313,1.36332,1.00,1.50
2018.04.23 15:41:14.684,1.36313,1.36331,1.00,1.00
2018.04.23 15:41:15.167,1.36313,1.36333,1.00,2.25
2018.04.23 15:41:15.219,1.36313,1.36331,1.00,1.00
2018.04.23 15:41:16.330,1.36312,1.3633,1.00,1.00
2018.04.23 15:41:16.602,1.36312,1.36333,1.00,1.00
2018.04.23 15:41:16.815,1.36312,1.36329,1.00,1.00
2018.04.23 15:41:16.867,1.36313,1.36333,1.00,2.62
2018.04.23 15:41:16.918,1.36314,1.36333,1.00,1.50
2018.04.23 15:41:17.454,1.36313,1.36331,1.00,1.00
2018.04.23 15:41:17.970,1.36313,1.36332,1.00,1.50
2018.04.23 15:41:18.469,1.36312,1.3633,1.00,1.00
2018.04.23 15:41:19.875,1.36311,1.36329,1.50,1.00
2018.04.23 15:41:20.443,1.36312,1.3633,1.00,1.00
2018.04.23 15:41:20.951,1.36311,1.36329,1.00,1.00
2018.04.23 15:41:21.363,1.36311,1.36331,1.00,1.50
2018.04.23 15:41:21.569,1.36316,1.36332,1.00,1.00
2018.04.23 15:41:21.621,1.36315,1.36334,1.00,1.50
2018.04.23 15:41:21.673,1.36317,1.36332,1.00,1.00
2018.04.23 15:41:21.747,1.36318,1.36334,1.00,1.00
2018.04.23 15:41:22.633,1.36318,1.36337,1.00,1.00
2018.04.23 15:41:23.144,1.36319,1.36339,1.00,2.25
2018.04.23 15:41:23.505,1.36316,1.36336,1.00,1.00
2018.04.23 15:41:23.920,1.36313,1.36333,1.50,1.00
2018.04.23 15:41:24.471,1.36314,1.36332,1.00,3.75
2018.04.23 15:41:24.972,1.36313,1.36331,1.00,1.00
2018.04.23 15:41:25.270,1.36315,1.36334,1.50,1.00
2018.04.23 15:41:26.003,1.36314,1.36334,1.00,1.50
2018.04.23 15:41:26.550,1.36315,1.36334,1.00,2.25
2018.04.23 15:41:27.282,1.36314,1.36333,1.00,1.00
2018.04.23 15:41:27.817,1.36314,1.36334,1.00,1.50
2018.04.23 15:41:28.527,1.36315,1.36334,1.00,1.00
2018.04.23 15:41:28.580,1.36318,1.36333,1.00,1.00
2018.04.23 15:41:28.685,1.36318,1.36336,1.00,1.12
2018.04.23 15:41:28.790,1.36316,1.36336,1.50,1.12
2018.04.23 15:41:28.895,1.36316,1.36334,1.50,1.00
2018.04.23 15:41:29.434,1.36316,1.36335,1.50,1.00
2018.04.23 15:41:29.610,1.36316,1.36337,1.50,3.75
2018.04.23 15:41:29.863,1.36316,1.36333,1.50,1.00
2018.04.23 15:41:30.231,1.36318,1.36334,1.00,1.00
2018.04.23 15:41:30.283,1.36316,1.36334,1.00,1.00
2018.04.23 15:41:30.335,1.36316,1.36337,1.00,3.37
2018.04.23 15:41:30.870,1.36315,1.36336,1.00,1.00
2018.04.23 15:41:31.378,1.36317,1.36336,1.00,1.00
2018.04.23 15:41:31.431,1.36315,1.36336,1.50,1.00
2018.04.23 15:41:31.487,1.36315,1.36334,1.50,1.00
2018.04.23 15:41:31.621,1.36315,1.36336,1.50,1.00
2018.04.23 15:41:31.706,1.36318,1.36336,1.00,1.00
2018.04.23 15:41:31.757,1.36315,1.36336,1.50,1.00
2018.04.23 15:41:32.166,1.36317,1.36335,1.00,1.00
2018.04.23 15:41:32.320,1.36313,1.36332,1.00,1.00
2018.04.23 15:41:32.372,1.36314,1.3633,1.00,1.00
2018.04.23 15:41:32.677,1.36313,1.36333,1.00,1.50
2018.04.23 15:41:33.209,1.36312,1.36332,1.12,1.00
2018.04.23 15:41:33.637,1.36314,1.36332,1.00,3.00
2018.04.23 15:41:33.846,1.36312,1.36332,1.00,4.87
2018.04.23 15:41:33.950,1.36312,1.3633,1.00,1.00
2018.04.23 15:41:34.530,1.36312,1.36331,1.00,2.62
2018.04.23 15:41:34.891,1.36311,1.36328,1.00,1.00
2018.04.23 15:41:35.386,1.36312,1.36331,1.00,1.50
2018.04.23 15:41:35.644,1.36311,1.36329,1.00,1.00
2018.04.23 15:41:35.976,1.36316,1.36334,1.00,1.00
2018.04.23 15:41:37.747,1.36315,1.36334,1.00,1.00
2018.04.23 15:41:38.220,1.36314,1.36328,1.00,1.00
2018.04.23 15:41:38.373,1.36314,1.36332,1.00,1.00
2018.04.23 15:41:38.425,1.36316,1.36332,1.50,1.00
2018.04.23 15:41:38.810,1.36317,1.36335,1.00,1.50
2018.04.23 15:41:39.653,1.36316,1.36334,1.00,1.00
2018.04.23 15:41:40.262,1.36316,1.36333,1.00,1.00
2018.04.23 15:41:40.812,1.36316,1.36334,1.00,1.00
2018.04.23 15:41:41.463,1.36316,1.36336,1.00,3.00
2018.04.23 15:41:41.567,1.36316,1.36333,1.00,1.00
2018.04.23 15:41:41.912,1.36321,1.36336,1.00,1.00
2018.04.23 15:41:42.066,1.36319,1.36336,1.00,1.00
2018.04.23 15:41:42.118,1.36322,1.36337,1.00,1.00
2018.04.23 15:41:42.221,1.3632,1.36339,1.00,1.00
2018.04.23 15:41:42.755,1.3632,1.3634,1.00,2.25
2018.04.23 15:41:43.345,1.3632,1.36339,1.00,3.00
2018.04.23 15:41:43.653,1.3632,1.36336,1.00,1.00
2018.04.23 15:41:43.893,1.36318,1.36335,1.00,1.00
2018.04.23 15:41:44.418,1.36318,1.36334,1.00,1.00
2018.04.23 15:41:44.574,1.36316,1.36332,1.00,1.50
2018.04.23 15:41:44.626,1.36314,1.36331,1.00,1.50
2018.04.23 15:41:44.830,1.36312,1.36331,1.00,1.12
2018.04.23 15:41:45.142,1.36311,1.36327,1.00,1.00
2018.04.23 15:41:45.194,1.36307,1.36324,1.00,1.50
2018.04.23 15:41:45.707,1.36307,1.36325,1.00,1.00
2018.04.23 15:41:46.251,1.36306,1.36325,1.00,1.50
2018.04.23 15:41:47.195,1.36307,1.36325,1.00,1.50
2018.04.23 15:41:47.404,1.36307,1.36327,1.12,3.00
2018.04.23 15:41:47.456,1.36307,1.36325,1.00,1.00
2018.04.23 15:41:47.693,1.36307,1.36327,1.00,3.75
2018.04.23 15:41:47.901,1.36307,1.36325,1.00,1.00
2018.04.23 15:41:48.156,1.36307,1.36327,1.00,3.75
2018.04.23 15:41:48.258,1.36306,1.36324,1.50,1.00
2018.04.23 15:41:48.785,1.36307,1.36326,1.00,1.50
2018.04.23 15:41:49.759,1.36313,1.36329,1.00,2.25
2018.04.23 15:41:50.263,1.36312,1.3633,1.00,1.00
2018.04.23 15:41:50.316,1.36313,1.36332,1.00,3.00
2018.04.23 15:41:50.525,1.36312,1.3633,1.00,1.00
2018.04.23 15:41:51.051,1.36312,1.36331,1.00,1.00
2018.04.23 15:41:51.998,1.36313,1.36331,1.00,1.00
2018.04.23 15:41:52.529,1.36314,1.36329,1.00,1.00
2018.04.23 15:41:52.811,1.36314,1.36332,1.00,1.50
2018.04.23 15:41:52.863,1.36312,1.3633,1.00,1.00
2018.04.23 15:41:53.048,1.3631,1.3633,1.50,1.00
2018.04.23 15:41:53.309,1.36311,1.36329,1.00,1.50
2018.04.23 15:41:53.468,1.36309,1.36327,1.00,1.00
2018.04.23 15:41:53.520,1.36311,1.36327,1.00,1.00
2018.04.23 15:41:53.622,1.36311,1.36329,1.00,1.50
2018.04.23 15:41:54.083,1.36312,1.36331,1.00,1.50
2018.04.23 15:41:54.628,1.36311,1.3633,1.00,1.00
2018.04.23 15:41:54.891,1.36309,1.36327,1.00,1.00
2018.04.23 15:41:55.069,1.36309,1.36329,1.00,1.00
2018.04.23 15:41:55.595,1.3631,1.36328,1.00,1.00
2018.04.23 15:41:56.124,1.36308,1.36328,1.12,1.00
2018.04.23 15:41:56.176,1.36307,1.36326,1.12,1.00
2018.04.23 15:41:56.279,1.36307,1.36328,1.00,1.12
2018.04.23 15:41:56.331,1.36307,1.36326,1.50,1.00
2018.04.23 15:41:56.486,1.36307,1.36328,1.00,1.50
2018.04.23 15:41:56.539,1.3631,1.36328,1.00,1.00
2018.04.23 15:41:57.080,1.36309,1.36327,1.00,1.00
2018.04.23 15:41:57.605,1.36309,1.36328,1.00,2.25
2018.04.23 15:41:58.147,1.3631,1.36327,1.00,1.50
2018.04.23 15:41:58.557,1.36306,1.36326,1.50,1.50
2018.04.23 15:41:58.610,1.36308,1.36326,1.00,1.50
2018.04.23 15:41:58.779,1.36306,1.36326,2.62,2.25
2018.04.23 15:41:58.832,1.36308,1.36326,1.00,1.50
2018.04.23 15:41:59.198,1.3631,1.36328,1.00,1.00
2018.04.23 15:41:59.769,1.36309,1.36329,1.50,1.50
2018.04.23 15:42:00.080,1.36307,1.36326,1.00,1.00
2018.04.23 15:42:00.426,1.36311,1.3633,1.00,2.32
2018.04.23 15:42:00.579,1.3631,1.36331,1.50,2.70
2018.04.23 15:42:00.631,1.36309,1.36328,2.25,1.00
2018.04.23 15:42:01.147,1.36308,1.36328,1.00,1.20
2018.04.23 15:42:01.200,1.36308,1.36326,1.00,1.00
2018.04.23 15:42:01.668,1.36307,1.36323,1.00,1.50
2018.04.23 15:42:01.721,1.36309,1.36329,1.00,3.07
2018.04.23 15:42:01.774,1.36311,1.3633,1.00,1.00
2018.04.23 15:42:02.313,1.36311,1.36329,1.00,1.00
2018.04.23 15:42:03.184,1.36311,1.36331,1.00,1.57
2018.04.23 15:42:03.695,1.3631,1.36329,1.00,1.00
2018.04.23 15:42:04.212,1.36311,1.36329,1.00,1.50
2018.04.23 15:42:04.264,1.36309,1.36329,1.50,1.50
2018.04.23 15:42:04.316,1.36311,1.36329,1.00,1.50
2018.04.23 15:42:04.865,1.36311,1.36331,1.50,1.00
2018.04.23 15:42:04.918,1.36313,1.36331,1.00,1.00
2018.04.23 15:42:05.781,1.36312,1.3633,1.00,1.00
2018.04.23 15:42:06.039,1.36313,1.36332,1.00,1.12
2018.04.23 15:42:06.279,1.36313,1.36329,1.00,1.50
2018.04.23 15:42:06.619,1.36311,1.36331,1.50,1.00
2018.04.23 15:42:07.205,1.36312,1.3633,1.00,1.00
2018.04.23 15:42:07.800,1.36311,1.36331,1.00,1.50
2018.04.23 15:42:07.956,1.36313,1.36331,1.00,1.50
2018.04.23 15:42:08.167,1.36311,1.36331,1.50,1.00
2018.04.23 15:42:08.270,1.36313,1.36331,1.00,1.50
2018.04.23 15:42:08.610,1.36311,1.36331,2.25,2.25
2018.04.23 15:42:08.712,1.3631,1.36328,1.00,1.00
2018.04.23 15:42:08.866,1.36306,1.36326,1.50,1.50
2018.04.23 15:42:08.917,1.36306,1.36324,1.50,1.00
2018.04.23 15:42:09.461,1.36306,1.36325,1.50,1.00
2018.04.23 15:42:09.971,1.36307,1.36327,1.00,1.00
2018.04.23 15:42:10.503,1.36306,1.36326,1.50,1.00
2018.04.23 15:42:10.602,1.36307,1.36328,1.00,1.00
2018.04.23 15:42:11.082,1.36307,1.36325,1.00,1.00
2018.04.23 15:42:11.563,1.36306,1.36328,1.50,1.00
2018.04.23 15:42:11.801,1.36307,1.36325,1.00,1.00
2018.04.23 15:42:12.208,1.36307,1.36328,1.00,3.00
2018.04.23 15:42:12.814,1.36306,1.36328,1.50,3.07
2018.04.23 15:42:13.352,1.36305,1.36324,1.00,1.50
2018.04.23 15:42:13.664,1.36308,1.36326,1.00,1.57
2018.04.23 15:42:13.895,1.36304,1.36323,1.00,1.00
2018.04.23 15:42:14.279,1.36305,1.36325,1.00,1.20
2018.04.23 15:42:14.382,1.36305,1.36323,1.00,1.00
2018.04.23 15:42:14.926,1.36306,1.36324,1.00,1.00
2018.04.23 15:42:15.449,1.36304,1.36324,1.50,1.00
2018.04.23 15:42:15.973,1.36305,1.36326,1.00,2.32
2018.04.23 15:42:16.477,1.36305,1.36323,1.00,1.00
2018.04.23 15:42:17.015,1.36304,1.36323,1.50,1.00
2018.04.23 15:42:17.724,1.36304,1.36322,1.00,1.00
2018.04.23 15:42:18.238,1.36303,1.36322,1.00,1.00
2018.04.23 15:42:18.784,1.36304,1.36323,1.00,1.00
2018.04.23 15:42:19.355,1.36304,1.36322,1.00,1.00
2018.04.23 15:42:22.523,1.36302,1.36322,1.50,1.50
2018.04.23 15:42:22.788,1.36302,1.36319,1.50,1.50
2018.04.23 15:42:23.712,1.36302,1.36322,1.00,1.00
2018.04.23 15:42:23.926,1.36302,1.3632,1.00,1.00
2018.04.23 15:42:23.979,1.363,1.36321,1.50,1.00
2018.04.23 15:42:24.092,1.36302,1.3632,1.00,1.00
2018.04.23 15:42:24.400,1.36301,1.36318,1.00,1.00
2018.04.23 15:42:24.458,1.36298,1.36318,1.00,1.00
2018.04.23 15:42:24.973,1.36299,1.36318,1.00,1.12
2018.04.23 15:42:25.242,1.36301,1.36319,1.00,3.75
2018.04.23 15:42:25.583,1.36308,1.36326,1.50,1.50
2018.04.23 15:42:25.736,1.36306,1.36325,1.50,2.25
2018.04.23 15:42:26.144,1.36308,1.36326,1.00,1.00
2018.04.23 15:42:26.196,1.36308,1.36328,1.00,1.12
2018.04.23 15:42:26.298,1.36307,1.36326,2.25,1.00
2018.04.23 15:42:26.845,1.36307,1.36325,1.00,1.00
2018.04.23 15:42:27.267,1.36306,1.36323,2.25,1.00
2018.04.23 15:42:27.447,1.36306,1.36326,1.00,1.00
2018.04.23 15:42:27.498,1.36308,1.36326,1.00,1.20
2018.04.23 15:42:27.753,1.36307,1.36328,1.00,1.50
2018.04.23 15:42:28.168,1.36309,1.36327,1.50,1.50
2018.04.23 15:42:28.380,1.36307,1.36326,1.00,1.00
2018.04.23 15:42:28.945,1.36307,1.36325,1.00,1.00
2018.04.23 15:42:29.013,1.36309,1.36326,1.00,1.00
2018.04.23 15:42:29.066,1.36307,1.36327,1.00,1.00
2018.04.23 15:42:29.537,1.36306,1.36325,1.50,1.00
2018.04.23 15:42:29.843,1.36307,1.36323,1.00,1.00
2018.04.23 15:42:30.274,1.3631,1.36325,1.00,1.00
2018.04.23 15:42:30.327,1.3631,1.36328,1.00,1.50
2018.04.23 15:42:30.809,1.3631,1.36326,1.00,1.00
2018.04.23 15:42:30.942,1.3631,1.36328,1.00,1.50
2018.04.23 15:42:31.491,1.36309,1.36327,1.00,1.50
2018.04.23 15:42:32.132,1.36309,1.36328,1.00,2.25
2018.04.23 15:42:32.392,1.36307,1.36327,1.50,1.00
2018.04.23 15:42:32.619,1.36309,1.36327,1.00,1.00
2018.04.23 15:42:32.926,1.36306,1.36325,2.25,1.00
2018.04.23 15:42:33.181,1.36308,1.36326,1.00,1.00
2018.04.23 15:42:33.233,1.36306,1.36326,2.25,1.00
2018.04.23 15:42:33.821,1.36307,1.36327,1.50,1.00
2018.04.23 15:42:33.976,1.36307,1.36325,1.50,1.00
2018.04.23 15:42:34.528,1.36308,1.36325,1.00,1.00
2018.04.23 15:42:35.089,1.36307,1.36325,1.50,1.50
2018.04.23 15:42:35.518,1.36309,1.36329,1.00,1.12
2018.04.23 15:42:36.030,1.36308,1.36328,1.00,1.00
2018.04.23 15:42:36.399,1.3631,1.36328,1.00,1.00
2018.04.23 15:42:36.451,1.36308,1.36329,1.50,3.07
2018.04.23 15:42:36.503,1.36309,1.36327,1.00,1.00
2018.04.23 15:42:38.488,1.36308,1.36326,1.00,1.00
2018.04.23 15:42:39.096,1.36308,1.36327,1.50,1.50
2018.04.23 15:42:39.419,1.3631,1.36327,1.00,1.50
2018.04.23 15:42:40.131,1.36309,1.36327,1.00,1.50
2018.04.23 15:42:40.662,1.36308,1.36327,1.00,1.00
2018.04.23 15:42:40.902,1.36308,1.36329,1.50,3.37
2018.04.23 15:42:40.955,1.3631,1.36328,1.00,1.00
2018.04.23 15:42:41.710,1.36311,1.36329,1.00,4.20
2018.04.23 15:42:41.761,1.36309,1.36329,1.00,4.20
2018.04.23 15:42:42.877,1.36309,1.36328,1.00,1.50
2018.04.23 15:42:43.394,1.36308,1.36327,1.50,1.00
2018.04.23 15:42:43.904,1.36309,1.36327,1.00,1.00
2018.04.23 15:42:43.956,1.36311,1.36327,1.00,1.00
2018.04.23 15:42:44.384,1.36308,1.36327,1.00,1.00
2018.04.23 15:42:44.918,1.36309,1.36328,1.00,1.50
2018.04.23 15:42:46.614,1.3631,1.36329,1.37,1.00
2018.04.23 15:42:46.933,1.36316,1.36333,1.50,1.00
2018.04.23 15:42:47.143,1.36312,1.3633,1.00,1.00
2018.04.23 15:42:47.683,1.36312,1.36331,1.00,1.50
2018.04.23 15:42:48.402,1.36312,1.3633,1.00,1.00
2018.04.23 15:42:48.953,1.36311,1.36329,1.50,2.25
2018.04.23 15:42:49.455,1.3631,1.36328,1.50,1.00
2018.04.23 15:42:49.561,1.36313,1.3633,1.00,1.50
2018.04.23 15:42:50.175,1.36313,1.36331,1.50,2.25
2018.04.23 15:42:50.689,1.36313,1.36329,1.00,1.00
2018.04.23 15:42:51.107,1.3631,1.36329,2.25,1.50
2018.04.23 15:42:51.647,1.3631,1.36328,1.00,1.50
2018.04.23 15:42:52.008,1.36312,1.3633,1.00,1.00
2018.04.23 15:42:52.346,1.36309,1.36327,1.00,1.00
2018.04.23 15:42:52.860,1.36308,1.36326,1.00,1.00
2018.04.23 15:42:53.325,1.36309,1.36328,1.50,1.50
2018.04.23 15:42:53.378,1.36311,1.36328,1.00,1.00
2018.04.23 15:42:53.431,1.36311,1.3633,1.00,1.00
2018.04.23 15:42:53.484,1.36313,1.36329,1.00,1.00
2018.04.23 15:42:53.639,1.36313,1.36332,1.00,1.57
2018.04.23 15:42:53.744,1.36312,1.36327,1.00,1.50
2018.04.23 15:42:53.851,1.36309,1.36325,1.00,1.00
2018.04.23 15:42:54.053,1.36312,1.36324,1.00,1.00
2018.04.23 15:42:54.105,1.36306,1.36325,1.00,1.00
2018.04.23 15:42:54.653,1.36307,1.36325,1.00,1.50
2018.04.23 15:42:55.102,1.36308,1.36327,1.00,2.70
2018.04.23 15:42:55.346,1.3631,1.36327,1.00,1.00
2018.04.23 15:42:55.652,1.36313,1.3633,1.00,1.00
2018.04.23 15:42:55.754,1.36316,1.36335,1.00,1.00
2018.04.23 15:42:56.296,1.36317,1.36335,1.50,2.25
2018.04.23 15:42:56.514,1.36319,1.36335,1.00,2.25
2018.04.23 15:42:57.140,1.36317,1.36335,1.50,1.00
2018.04.23 15:42:58.194,1.36318,1.36336,1.00,2.25
2018.04.23 15:42:58.890,1.36317,1.36335,1.50,1.00
2018.04.23 15:42:59.218,1.36319,1.36337,1.00,1.10
2018.04.23 15:42:59.750,1.36317,1.36337,2.62,1.00
2018.04.23 15:42:59.802,1.36316,1.36333,1.50,1.00
2018.04.23 15:43:00.163,1.36313,1.36332,1.50,1.00
2018.04.23 15:43:00.215,1.36315,1.36334,1.00,3.07
2018.04.23 15:43:00.761,1.36316,1.36334,1.00,1.00
2018.04.23 15:43:01.271,1.36317,1.36336,1.00,2.32
2018.04.23 15:43:01.805,1.36316,1.36335,1.00,1.12
2018.04.23 15:43:02.342,1.36317,1.36335,1.00,1.12
2018.04.23 15:43:02.394,1.36315,1.36335,1.50,1.12
2018.04.23 15:43:03.139,1.36317,1.36335,1.50,1.00
2018.04.23 15:43:03.613,1.36317,1.36337,1.00,1.00
2018.04.23 15:43:03.665,1.36317,1.36335,1.50,1.00
2018.04.23 15:43:04.206,1.36316,1.36336,1.50,1.00
2018.04.23 15:43:04.614,1.36318,1.36336,1.00,1.00
2018.04.23 15:43:04.716,1.36318,1.36338,1.00,2.70
2018.04.23 15:43:05.238,1.36319,1.36337,1.00,1.00
2018.04.23 15:43:05.392,1.36319,1.36335,1.00,1.00
2018.04.23 15:43:05.940,1.3632,1.36336,1.00,1.00
2018.04.23 15:43:06.915,1.36319,1.36336,1.00,1.00
2018.04.23 15:43:07.451,1.36317,1.36335,1.00,1.00
2018.04.23 15:43:07.554,1.36317,1.36338,1.50,3.00
2018.04.23 15:43:07.605,1.3632,1.36338,1.00,1.00
2018.04.23 15:43:07.912,1.36319,1.36335,1.00,1.50
2018.04.23 15:43:08.428,1.3632,1.36336,1.00,1.50
2018.04.23 15:43:08.785,1.3632,1.3634,1.00,2.25
2018.04.23 15:43:08.963,1.3632,1.36338,1.50,1.00
2018.04.23 15:43:09.493,1.36319,1.36338,1.50,1.00
2018.04.23 15:43:09.804,1.36327,1.36343,1.00,1.50
2018.04.23 15:43:10.007,1.36328,1.36346,1.00,1.00
2018.04.23 15:43:10.058,1.36326,1.36346,2.25,1.00
2018.04.23 15:43:10.465,1.36328,1.36346,1.00,1.00
2018.04.23 15:43:10.623,1.36325,1.36344,1.00,1.00
2018.04.23 15:43:10.675,1.36324,1.36342,1.00,1.00
2018.04.23 15:43:10.984,1.36328,1.36347,1.50,1.00
2018.04.23 15:43:11.509,1.36329,1.36347,1.00,1.00
2018.04.23 15:43:11.640,1.36327,1.36344,2.25,1.00
2018.04.23 15:43:11.744,1.36324,1.36342,1.50,1.00
2018.04.23 15:43:11.795,1.36322,1.36342,1.50,1.00
2018.04.23 15:43:12.333,1.36323,1.36341,1.00,1.00
2018.04.23 15:43:12.692,1.36322,1.36339,1.00,1.00
2018.04.23 15:43:12.869,1.36323,1.36341,1.00,1.00
2018.04.23 15:43:13.124,1.36323,1.36344,1.00,1.50
2018.04.23 15:43:13.226,1.36324,1.36345,1.00,1.20
2018.04.23 15:43:13.775,1.36325,1.36344,1.00,1.00
2018.04.23 15:43:14.326,1.36324,1.36344,1.50,1.50
2018.04.23 15:43:14.550,1.36326,1.36344,1.00,1.50
2018.04.23 15:43:15.158,1.36326,1.36343,1.00,1.00
2018.04.23 15:43:15.595,1.36324,1.36344,2.25,1.50
2018.04.23 15:43:16.118,1.36325,1.36344,1.00,1.00
2018.04.23 15:43:16.620,1.36325,1.36343,1.50,1.00
2018.04.23 15:43:17.149,1.36325,1.36344,1.50,1.00
2018.04.23 15:43:17.435,1.36325,1.36346,1.50,2.32
2018.04.23 15:43:17.801,1.36325,1.36343,1.50,1.00
2018.04.23 15:43:18.007,1.36324,1.36345,2.25,1.12
2018.04.23 15:43:18.059,1.36325,1.36343,1.50,1.00
2018.04.23 15:43:18.420,1.36325,1.36345,1.00,2.62
2018.04.23 15:43:19.084,1.36326,1.36345,1.00,2.62
2018.04.23 15:43:19.585,1.36326,1.36344,1.00,1.00
2018.04.23 15:43:20.096,1.36325,1.36343,1.50,1.00
2018.04.23 15:43:20.148,1.36327,1.36344,1.00,1.00
2018.04.23 15:43:20.200,1.36325,1.36344,1.00,1.00
2018.04.23 15:43:20.741,1.36326,1.36344,1.00,1.50
2018.04.23 15:43:21.038,1.36324,1.36343,1.50,1.50
2018.04.23 15:43:21.571,1.36323,1.36342,1.00,1.00
2018.04.23 15:43:21.877,1.36325,1.36341,1.00,1.00
2018.04.23 15:43:21.929,1.36323,1.36341,1.00,1.00
2018.04.23 15:43:22.084,1.36322,1.36339,1.50,1.00
2018.04.23 15:43:22.214,1.36319,1.36337,1.00,1.00
2018.04.23 15:43:22.368,1.36321,1.36341,1.00,3.00
2018.04.23 15:43:22.419,1.36319,1.3634,1.00,2.25
2018.04.23 15:43:22.471,1.36323,1.3634,1.00,1.50
2018.04.23 15:43:22.574,1.36321,1.36339,1.00,1.00
2018.04.23 15:43:22.829,1.36319,1.3634,1.50,1.00
2018.04.23 15:43:22.932,1.36321,1.36339,1.00,1.00
2018.04.23 15:43:23.119,1.36319,1.3634,1.50,1.00
2018.04.23 15:43:23.222,1.36321,1.36339,1.00,1.00
2018.04.23 15:43:23.762,1.3632,1.36338,1.00,1.00
2018.04.23 15:43:24.644,1.36319,1.36339,1.00,1.00
2018.04.23 15:43:24.951,1.36319,1.36337,1.50,1.00
2018.04.23 15:43:25.617,1.36321,1.3634,1.00,1.10
2018.04.23 15:43:25.669,1.3632,1.36338,1.00,1.00
2018.04.23 15:43:26.184,1.36319,1.36338,1.00,1.00
2018.04.23 15:43:26.784,1.36318,1.36337,1.50,1.87
2018.04.23 15:43:26.887,1.36316,1.36335,1.00,1.00
2018.04.23 15:43:26.991,1.36313,1.36334,1.00,2.62
2018.04.23 15:43:27.043,1.36312,1.36331,1.00,1.00
2018.04.23 15:43:27.264,1.3631,1.3633,1.00,1.00
2018.04.23 15:43:27.496,1.3631,1.36328,1.00,1.00
2018.04.23 15:43:27.600,1.36309,1.3633,1.00,1.50
2018.04.23 15:43:28.307,1.3631,1.36329,1.00,1.00
2018.04.23 15:43:28.895,1.3631,1.3633,1.00,1.12
2018.04.23 15:43:29.167,1.36309,1.36327,1.00,1.00
2018.04.23 15:43:29.621,1.36313,1.3633,1.00,1.00
2018.04.23 15:43:29.673,1.36313,1.36332,1.00,1.50
2018.04.23 15:43:29.929,1.36311,1.36329,1.50,1.00
2018.04.23 15:43:30.054,1.36311,1.36331,1.50,2.25
2018.04.23 15:43:30.408,1.36315,1.36333,1.00,1.50
2018.04.23 15:43:30.667,1.36314,1.36335,1.50,1.87
2018.04.23 15:43:31.412,1.36315,1.36334,1.00,1.00
2018.04.23 15:43:31.914,1.36316,1.36334,1.00,1.00
2018.04.23 15:43:32.462,1.36315,1.36333,1.00,1.00
2018.04.23 15:43:33.040,1.36315,1.36335,1.00,2.32
2018.04.23 15:43:33.213,1.36315,1.36333,1.00,1.00
2018.04.23 15:43:33.763,1.36312,1.3633,1.00,1.12
2018.04.23 15:43:34.318,1.36311,1.36329,1.00,1.00
2018.04.23 15:43:34.850,1.3631,1.36328,1.50,1.00
2018.04.23 15:43:35.240,1.3631,1.3633,1.00,1.50
2018.04.23 15:43:35.335,1.3631,1.36328,1.50,1.00
2018.04.23 15:43:35.837,1.3631,1.36329,1.50,1.00
2018.04.23 15:43:35.948,1.3631,1.36331,1.50,1.87
2018.04.23 15:43:36.347,1.36311,1.36329,1.00,1.00
2018.04.23 15:43:36.821,1.36314,1.36331,1.00,1.00
2018.04.23 15:43:36.968,1.36312,1.36331,1.00,1.50
2018.04.23 15:43:37.073,1.36311,1.36327,1.00,1.00
2018.04.23 15:43:37.611,1.3631,1.36327,1.00,1.00
2018.04.23 15:43:37.662,1.36307,1.36327,1.50,1.00
2018.04.23 15:43:37.713,1.36309,1.36327,1.00,1.00
2018.04.23 15:43:38.052,1.36311,1.36329,1.00,3.00
2018.04.23 15:43:38.567,1.36311,1.36328,1.00,1.50
2018.04.23 15:43:39.117,1.36309,1.36324,1.00,1.50
2018.04.23 15:43:39.499,1.3631,1.36329,1.00,1.50
2018.04.23 15:43:39.602,1.36312,1.36329,1.00,1.50
2018.04.23 15:43:39.654,1.36311,1.36332,1.00,1.50
2018.04.23 15:43:39.757,1.3631,1.36328,2.25,1.00
2018.04.23 15:43:40.214,1.36308,1.36328,1.50,1.00
2018.04.23 15:43:40.266,1.3631,1.36328,1.00,1.00
2018.04.23 15:43:40.790,1.36309,1.36329,1.00,1.50
2018.04.23 15:43:41.294,1.3631,1.36329,1.00,1.00
2018.04.23 15:43:41.629,1.36308,1.36328,1.87,1.00
2018.04.23 15:43:41.682,1.36311,1.36331,1.50,1.12
2018.04.23 15:43:42.198,1.36311,1.3633,1.00,1.12
2018.04.23 15:43:42.530,1.36311,1.36328,1.00,1.00
2018.04.23 15:43:43.283,1.36309,1.36327,1.00,1.00
2018.04.23 15:43:43.503,1.3631,1.36329,1.00,1.00
2018.04.23 15:43:44.024,1.36311,1.36329,1.00,1.00
2018.04.23 15:43:44.555,1.3631,1.36328,1.00,1.00
2018.04.23 15:43:46.742,1.3631,1.36331,1.00,1.00
2018.04.23 15:43:46.844,1.36308,1.36328,1.57,1.12
2018.04.23 15:43:47.186,1.3631,1.36329,1.00,1.50
2018.04.23 15:43:47.810,1.3631,1.3633,1.00,1.12
2018.04.23 15:43:48.515,1.3631,1.36329,1.00,1.00
2018.04.23 15:43:49.027,1.36311,1.36329,1.00,1.00
2018.04.23 15:43:49.358,1.36309,1.36326,1.00,1.00
2018.04.23 15:43:50.545,1.36309,1.36325,1.00,1.00
2018.04.23 15:43:50.896,1.36306,1.36326,1.00,1.50
2018.04.23 15:43:51.396,1.3631,1.36328,1.00,1.50
2018.04.23 15:43:51.602,1.36308,1.36328,1.00,1.50
2018.04.23 15:43:51.704,1.3631,1.36328,1.00,1.00
2018.04.23 15:43:52.355,1.36309,1.36327,1.00,1.00
2018.04.23 15:43:52.874,1.36308,1.36327,1.00,1.00
2018.04.23 15:43:53.631,1.36309,1.36327,1.00,1.50
2018.04.23 15:43:54.352,1.36308,1.36326,1.00,1.12
2018.04.23 15:43:54.658,1.36309,1.36328,1.00,1.12
2018.04.23 15:43:54.968,1.36308,1.36326,1.50,1.00
2018.04.23 15:43:55.140,1.36308,1.36328,1.50,1.12
2018.04.23 15:43:55.717,1.36309,1.36327,1.00,1.00
2018.04.23 15:43:56.122,1.36308,1.36325,1.00,1.00
2018.04.23 15:43:57.219,1.36308,1.36327,1.50,1.00
2018.04.23 15:43:57.271,1.36308,1.36325,1.00,1.00
2018.04.23 15:43:57.583,1.36315,1.36325,1.00,1.00
2018.04.23 15:43:57.862,1.36313,1.36325,1.00,1.00
2018.04.23 15:43:58.379,1.36314,1.36325,1.00,1.00
2018.04.23 15:43:58.918,1.36313,1.36325,1.00,1.00
2018.04.23 15:43:59.560,1.36313,1.36326,1.00,1.50
2018.04.23 15:44:00.004,1.36318,1.36327,1.00,1.00
2018.04.23 15:44:00.056,1.36318,1.36329,1.00,1.00
2018.04.23 15:44:00.537,1.36314,1.36327,1.00,1.00
2018.04.23 15:44:00.589,1.36311,1.36327,1.00,1.00
2018.04.23 15:44:00.642,1.36311,1.36329,1.00,1.00
2018.04.23 15:44:00.695,1.3632,1.36329,1.00,1.00
2018.04.23 15:44:01.236,1.36319,1.36328,1.00,1.00
2018.04.23 15:44:01.764,1.36319,1.36329,1.00,1.00
2018.04.23 15:44:02.288,1.36318,1.36328,1.00,1.00
2018.04.23 15:44:02.839,1.36318,1.36327,1.00,1.00
2018.04.23 15:44:02.993,1.36316,1.36327,1.00,1.00
2018.04.23 15:44:03.497,1.36317,1.36327,1.00,1.00
2018.04.23 15:44:04.044,1.36316,1.36327,1.00,1.00
2018.04.23 15:44:04.586,1.36317,1.36328,1.00,1.00
2018.04.23 15:44:05.112,1.36316,1.36328,1.00,1.00
2018.04.23 15:44:05.803,1.36317,1.36327,1.00,1.00
2018.04.23 15:44:07.360,1.36318,1.36327,1.00,1.00
2018.04.23 15:44:07.463,1.36309,1.36321,1.00,1.00
2018.04.23 15:44:07.515,1.36311,1.36322,1.00,1.00
2018.04.23 15:44:08.432,1.3631,1.36321,1.00,1.00
2018.04.23 15:44:08.960,1.36311,1.36322,1.00,1.00
2018.04.23 15:44:09.517,1.36312,1.36323,1.00,1.50
2018.04.23 15:44:10.018,1.36313,1.36325,1.00,2.25
2018.04.23 15:44:10.184,1.36314,1.36328,1.00,1.00
2018.04.23 15:44:10.354,1.36314,1.36325,1.00,1.00
2018.04.23 15:44:10.761,1.36314,1.36328,1.00,1.12
2018.04.23 15:44:10.813,1.36317,1.3633,1.00,1.10
2018.04.23 15:44:11.453,1.36318,1.36331,1.00,1.00
2018.04.23 15:44:11.849,1.36319,1.36328,1.00,1.00
2018.04.23 15:44:11.986,1.36317,1.36329,1.00,1.12
2018.04.23 15:44:12.447,1.36318,1.36331,1.00,1.12
2018.04.23 15:44:12.601,1.3632,1.36332,1.00,1.50
2018.04.23 15:44:12.982,1.36318,1.36328,1.00,1.00
2018.04.23 15:44:13.033,1.36315,1.36328,1.00,1.00
2018.04.23 15:44:13.446,1.36317,1.36328,1.00,1.00
2018.04.23 15:44:13.981,1.36316,1.36328,1.00,1.00
2018.04.23 15:44:14.181,1.36317,1.36331,1.00,1.12
2018.04.23 15:44:14.233,1.36319,1.3633,1.00,1.00
2018.04.23 15:44:14.386,1.36316,1.36328,1.00,1.12
2018.04.23 15:44:14.488,1.36318,1.3633,1.00,1.00
2018.04.23 15:44:15.034,1.36319,1.3633,1.00,1.12
2018.04.23 15:44:16.433,1.36318,1.3633,1.00,1.12
2018.04.23 15:44:17.346,1.36319,1.3633,1.00,1.12
2018.04.23 15:44:17.747,1.36321,1.36332,1.00,1.50
2018.04.23 15:44:18.293,1.3632,1.36332,1.00,1.00
2018.04.23 15:44:18.596,1.36318,1.36329,1.00,1.37
2018.04.23 15:44:19.104,1.36319,1.36329,1.00,1.12
2018.04.23 15:44:19.347,1.36319,1.36332,1.00,1.00
2018.04.23 15:44:19.400,1.36321,1.36332,1.00,1.00
2018.04.23 15:44:19.920,1.36319,1.36327,1.00,1.00
2018.04.23 15:44:19.974,1.36315,1.36325,1.00,1.50
2018.04.23 15:44:20.030,1.36318,1.36327,1.00,1.00
2018.04.23 15:44:20.232,1.36319,1.36329,1.00,1.00
2018.04.23 15:44:20.539,1.36318,1.36327,1.00,1.00
2018.04.23 15:44:20.642,1.36321,1.36333,1.00,3.00
2018.04.23 15:44:21.267,1.36321,1.36331,1.00,1.00
2018.04.23 15:44:21.318,1.36321,1.36333,1.00,1.00
2018.04.23 15:44:21.421,1.36313,1.36333,1.00,1.00
2018.04.23 15:44:22.136,1.36315,1.36334,1.00,1.00
2018.04.23 15:44:22.475,1.36326,1.36338,1.00,1.00
2018.04.23 15:44:22.945,1.36322,1.36334,1.00,1.00
2018.04.23 15:44:23.287,1.36325,1.36337,1.00,1.12
2018.04.23 15:44:23.984,1.36324,1.36337,1.00,1.12
2018.04.23 15:44:24.402,1.36323,1.36334,1.00,1.00
2018.04.23 15:44:24.925,1.36324,1.36334,1.00,1.00
2018.04.23 15:44:25.077,1.36322,1.36333,1.00,1.00
2018.04.23 15:44:25.341,1.36323,1.36335,1.00,1.12
2018.04.23 15:44:25.960,1.36325,1.36336,1.00,1.00
2018.04.23 15:44:26.294,1.3633,1.36339,1.00,1.00
2018.04.23 15:44:26.874,1.3633,1.3634,1.00,1.00
2018.04.23 15:44:27.388,1.36329,1.3634,1.00,1.00
2018.04.23 15:44:27.804,1.36331,1.3634,1.00,1.00
2018.04.23 15:44:28.038,1.36329,1.3634,1.00,1.00
2018.04.23 15:44:28.089,1.36325,1.36345,1.00,3.07
2018.04.23 15:44:28.141,1.36336,1.36345,1.00,1.00
2018.04.23 15:44:28.193,1.36328,1.36345,1.00,1.00
2018.04.23 15:44:28.244,1.36336,1.36345,1.00,1.00
2018.04.23 15:44:28.500,1.36331,1.36342,1.00,1.00
2018.04.23 15:44:28.657,1.3633,1.3634,1.00,1.00
2018.04.23 15:44:29.164,1.36329,1.36339,1.00,1.00
2018.04.23 15:44:29.684,1.36329,1.36341,1.00,2.25
2018.04.23 15:44:29.787,1.36329,1.36339,1.00,1.00
2018.04.23 15:44:30.324,1.36328,1.3634,1.00,1.00
2018.04.23 15:44:30.874,1.36329,1.36339,1.00,1.00
2018.04.23 15:44:31.389,1.36329,1.36338,1.00,1.00
2018.04.23 15:44:32.043,1.36329,1.36339,1.00,1.00
2018.04.23 15:44:32.577,1.36329,1.3634,1.00,1.00
2018.04.23 15:44:33.085,1.36328,1.3634,1.00,1.00
2018.04.23 15:44:33.592,1.36328,1.36339,1.00,1.00
2018.04.23 15:44:33.861,1.36321,1.36339,1.00,1.00
2018.04.23 15:44:34.407,1.36321,1.3634,1.00,1.12
2018.04.23 15:44:34.936,1.36321,1.36339,1.50,1.00
2018.04.23 15:44:35.987,1.36321,1.36338,1.00,1.00
2018.04.23 15:44:36.397,1.3632,1.36336,1.00,1.00
2018.04.23 15:44:36.902,1.3632,1.36337,1.00,1.50
2018.04.23 15:44:37.208,1.3631,1.36326,1.00,1.00
2018.04.23 15:44:37.310,1.36308,1.36326,1.50,1.00
2018.04.23 15:44:38.464,1.36308,1.36324,1.00,1.00
2018.04.23 15:44:38.516,1.36304,1.36321,1.00,1.12
2018.04.23 15:44:38.568,1.36302,1.3632,1.00,1.50
2018.04.23 15:44:38.730,1.36302,1.36317,1.00,1.00
2018.04.23 15:44:39.900,1.36302,1.36319,1.00,1.50
2018.04.23 15:44:39.952,1.36302,1.36317,1.00,1.00
2018.04.23 15:44:40.467,1.36302,1.36318,1.00,1.00
2018.04.23 15:44:42.057,1.363,1.36318,1.00,1.00
2018.04.23 15:44:42.563,1.363,1.36319,1.00,1.50
2018.04.23 15:44:43.108,1.363,1.36318,1.00,1.00
2018.04.23 15:44:43.704,1.363,1.3632,1.00,2.25
2018.04.23 15:44:44.113,1.36302,1.36319,1.00,1.00
2018.04.23 15:44:44.268,1.363,1.36319,1.00,1.00
2018.04.23 15:44:44.779,1.36301,1.36319,1.00,1.00
2018.04.23 15:44:47.254,1.36299,1.36318,1.00,1.00
2018.04.23 15:44:47.357,1.36298,1.36316,1.50,1.00
2018.04.23 15:44:47.984,1.36297,1.36315,1.00,1.00
2018.04.23 15:44:48.077,1.36295,1.36314,1.87,1.00
2018.04.23 15:44:48.538,1.36297,1.36314,1.00,1.00
2018.04.23 15:44:48.590,1.36295,1.36314,1.00,1.00
2018.04.23 15:44:49.038,1.36299,1.36318,1.00,1.00
2018.04.23 15:44:49.091,1.363,1.3632,1.00,2.25
2018.04.23 15:44:49.352,1.36302,1.3632,1.00,1.00
2018.04.23 15:44:49.513,1.36302,1.36322,1.00,1.00
2018.04.23 15:44:49.740,1.36302,1.3632,1.00,1.00
2018.04.23 15:44:50.370,1.36303,1.36321,1.00,1.00
2018.04.23 15:44:50.892,1.36304,1.36322,1.00,1.50
2018.04.23 15:44:51.315,1.36301,1.3632,1.00,1.00
2018.04.23 15:44:51.367,1.36301,1.36318,1.00,1.00
2018.04.23 15:44:51.418,1.363,1.3632,2.25,1.12
2018.04.23 15:44:51.522,1.36306,1.36325,1.00,4.57
2018.04.23 15:44:52.086,1.36305,1.36323,1.00,1.00
2018.04.23 15:44:54.980,1.36302,1.36322,1.00,1.37
2018.04.23 15:44:55.085,1.36304,1.36321,1.00,1.00
2018.04.23 15:44:55.802,1.36304,1.36322,1.00,1.00
2018.04.23 15:44:55.999,1.36306,1.36325,1.00,2.25
2018.04.23 15:44:56.051,1.36306,1.36323,1.50,1.00
2018.04.23 15:44:56.256,1.36304,1.36322,1.00,1.12
2018.04.23 15:44:56.792,1.36304,1.36321,1.50,1.00
2018.04.23 15:44:57.247,1.36304,1.36324,1.50,1.50
2018.04.23 15:44:57.299,1.36304,1.36322,1.50,1.00
2018.04.23 15:44:57.839,1.36301,1.36319,2.32,1.00
2018.04.23 15:44:58.376,1.36302,1.36319,1.00,1.00
2018.04.23 15:44:58.967,1.36301,1.3632,1.00,1.00
2018.04.23 15:44:59.771,1.36303,1.3632,1.00,1.00
2018.04.23 15:44:59.875,1.36302,1.36322,1.00,1.00
2018.04.23 15:45:01.067,1.36301,1.36321,1.50,1.12
2018.04.23 15:45:01.215,1.36302,1.36319,1.00,1.00
2018.04.23 15:45:01.369,1.36298,1.36317,1.50,1.00
2018.04.23 15:45:01.938,1.36298,1.36316,1.50,1.00
2018.04.23 15:45:02.523,1.36299,1.36317,1.00,1.00
2018.04.23 15:45:02.733,1.36298,1.36316,1.00,1.37
2018.04.23 15:45:03.000,1.36296,1.36315,1.00,1.00
2018.04.23 15:45:03.698,1.36298,1.36315,1.00,1.00
2018.04.23 15:45:03.801,1.36297,1.36317,1.00,1.50
2018.04.23 15:45:04.920,1.36298,1.36317,1.00,2.25
2018.04.23 15:45:05.223,1.36298,1.36315,1.00,1.00
2018.04.23 15:45:05.277,1.36296,1.36314,1.50,1.00
2018.04.23 15:45:05.806,1.36296,1.36315,1.00,1.00
2018.04.23 15:45:06.282,1.36301,1.36318,1.00,1.50
2018.04.23 15:45:06.335,1.36299,1.36318,1.00,1.00
2018.04.23 15:45:06.838,1.36298,1.36317,1.50,1.00
2018.04.23 15:45:07.168,1.363,1.36318,1.00,2.25
2018.04.23 15:45:07.272,1.36301,1.3632,1.00,1.00
2018.04.23 15:45:07.551,1.36303,1.36321,1.00,1.00
2018.04.23 15:45:07.706,1.36301,1.36321,1.50,1.00
2018.04.23 15:45:07.758,1.36303,1.36321,1.00,1.00
2018.04.23 15:45:08.401,1.36301,1.36321,1.50,1.50
2018.04.23 15:45:08.956,1.36302,1.36321,1.00,1.00
2018.04.23 15:45:09.336,1.36307,1.36323,1.00,1.00
2018.04.23 15:45:09.389,1.36305,1.36323,1.00,1.00
2018.04.23 15:45:09.543,1.36306,1.36325,1.00,1.00
2018.04.23 15:45:10.183,1.36306,1.36326,1.00,2.25
2018.04.23 15:45:10.235,1.36307,1.36324,1.00,1.00
2018.04.23 15:45:10.877,1.36306,1.36324,1.00,1.00
2018.04.23 15:45:11.620,1.36306,1.36326,1.00,1.50
2018.04.23 15:45:12.247,1.36307,1.36324,1.00,1.00
2018.04.23 15:45:12.573,1.36306,1.36326,1.00,1.00
2018.04.23 15:45:13.047,1.36308,1.36326,1.00,1.50
2018.04.23 15:45:13.439,1.36307,1.36324,1.00,1.00
2018.04.23 15:45:14.941,1.36305,1.36324,1.00,1.00
2018.04.23 15:45:15.045,1.36304,1.36322,1.00,1.00
2018.04.23 15:45:15.202,1.36301,1.3632,1.00,1.00
2018.04.23 15:45:15.254,1.36299,1.36317,1.50,1.00
2018.04.23 15:45:15.508,1.36297,1.36317,1.00,1.50
2018.04.23 15:45:16.105,1.36297,1.36315,1.00,1.00
2018.04.23 15:45:16.209,1.36297,1.36317,1.00,1.00
2018.04.23 15:45:16.438,1.363,1.36318,1.00,2.25
2018.04.23 15:45:16.758,1.36298,1.36318,1.00,1.50
2018.04.23 15:45:17.200,1.36298,1.36314,1.00,1.00
2018.04.23 15:45:17.253,1.36296,1.36315,1.00,1.00
2018.04.23 15:45:17.491,1.363,1.36317,1.00,1.00
2018.04.23 15:45:17.594,1.36297,1.36317,1.00,1.50
2018.04.23 15:45:18.106,1.36296,1.36316,1.00,1.50
2018.04.23 15:45:18.580,1.36298,1.36316,1.00,3.00
2018.04.23 15:45:18.931,1.36301,1.36318,1.00,1.50
2018.04.23 15:45:19.274,1.36301,1.36316,1.00,1.00
2018.04.23 15:45:19.793,1.36301,1.36315,1.00,1.00
2018.04.23 15:45:20.864,1.36301,1.36316,1.00,1.50
2018.04.23 15:45:21.121,1.36301,1.36318,1.00,1.50
2018.04.23 15:45:21.624,1.363,1.36318,1.00,2.25
2018.04.23 15:45:22.330,1.36303,1.36319,1.00,1.00
2018.04.23 15:45:22.484,1.36303,1.36321,1.00,1.00
2018.04.23 15:45:23.212,1.36304,1.36321,1.00,1.50
2018.04.23 15:45:23.901,1.36303,1.3632,1.00,1.00
2018.04.23 15:45:24.473,1.36302,1.36318,1.00,1.00
2018.04.23 15:45:25.482,1.36302,1.3632,1.00,1.50
2018.04.23 15:45:26.026,1.36302,1.36318,1.00,1.00
2018.04.23 15:45:26.645,1.36302,1.36317,1.00,1.00
2018.04.23 15:45:27.147,1.36302,1.36318,1.00,1.50
2018.04.23 15:45:27.667,1.36301,1.36319,1.00,1.00
2018.04.23 15:45:27.974,1.36299,1.36316,1.00,1.00
2018.04.23 15:45:28.078,1.36297,1.36315,1.00,1.00
2018.04.23 15:45:28.592,1.36297,1.36316,1.00,2.25
2018.04.23 15:45:29.125,1.36296,1.36316,1.50,2.25
2018.04.23 15:45:29.345,1.36296,1.36314,1.50,1.00
2018.04.23 15:45:29.930,1.36294,1.36314,1.00,1.00
2018.04.23 15:45:30.563,1.36294,1.36313,1.00,1.50
2018.04.23 15:45:30.926,1.36298,1.36316,1.12,2.32
2018.04.23 15:45:31.088,1.36298,1.36318,1.00,1.50
2018.04.23 15:45:31.141,1.36298,1.36316,1.00,1.00
2018.04.23 15:45:31.193,1.36298,1.36318,1.00,1.50
2018.04.23 15:45:31.866,1.36297,1.36317,1.00,1.00
2018.04.23 15:45:31.968,1.36299,1.36318,1.00,1.20
2018.04.23 15:45:32.544,1.36298,1.36318,1.00,1.50
2018.04.23 15:45:32.873,1.36298,1.36316,1.00,1.00
2018.04.23 15:45:33.096,1.36298,1.36318,1.00,2.25
2018.04.23 15:45:33.316,1.36298,1.36316,1.00,1.00
2018.04.23 15:45:33.857,1.36298,1.36317,1.00,1.00
2018.04.23 15:45:34.174,1.36296,1.36315,1.50,1.00
2018.04.23 15:45:34.702,1.36297,1.36315,1.00,1.00
2018.04.23 15:45:35.223,1.36296,1.36314,1.00,1.00
2018.04.23 15:45:35.847,1.36297,1.36315,1.00,1.00
2018.04.23 15:45:36.184,1.36298,1.36318,1.00,2.62
2018.04.23 15:45:36.544,1.363,1.36318,1.00,1.00
2018.04.23 15:45:37.033,1.36298,1.36318,1.00,1.50
2018.04.23 15:45:37.429,1.363,1.36318,1.00,1.00
2018.04.23 15:45:37.950,1.363,1.36319,1.00,1.00
2018.04.23 15:45:38.155,1.36301,1.36322,1.00,3.07
2018.04.23 15:45:38.504,1.36302,1.3632,1.00,1.00
2018.04.23 15:45:39.360,1.36299,1.3632,1.00,1.00
2018.04.23 15:45:39.412,1.36303,1.3632,1.00,1.50
2018.04.23 15:45:39.561,1.363,1.36319,1.00,1.00
2018.04.23 15:45:39.612,1.36299,1.36317,1.00,1.00
2018.04.23 15:45:39.816,1.36296,1.36315,1.00,1.00
2018.04.23 15:45:39.867,1.36298,1.36316,1.00,1.00
2018.04.23 15:45:40.021,1.36299,1.36321,1.12,1.50
2018.04.23 15:45:40.177,1.36301,1.36322,1.00,1.87
2018.04.23 15:45:40.515,1.36302,1.3632,1.00,1.00
2018.04.23 15:45:41.222,1.36302,1.36321,1.00,1.00
2018.04.23 15:45:42.190,1.36302,1.36322,1.12,1.00
2018.04.23 15:45:42.497,1.36304,1.36323,1.00,1.50
2018.04.23 15:45:43.252,1.36304,1.36322,1.00,1.00
2018.04.23 15:45:43.939,1.36304,1.36325,1.12,1.50
2018.04.23 15:45:44.586,1.36306,1.36324,1.00,1.00
2018.04.23 15:45:44.898,1.36311,1.36329,1.00,1.50
2018.04.23 15:45:45.222,1.36304,1.3632,1.00,1.00
2018.04.23 15:45:45.274,1.36304,1.36324,1.00,1.50
2018.04.23 15:45:45.479,1.36306,1.36324,1.00,1.50
2018.04.23 15:45:46.607,1.36304,1.36324,1.00,1.50
2018.04.23 15:45:46.709,1.36307,1.36324,1.00,1.00
2018.04.23 15:45:46.760,1.36305,1.36324,1.00,1.00
2018.04.23 15:45:46.811,1.36307,1.36324,1.00,1.00
2018.04.23 15:45:46.862,1.36305,1.36324,1.00,1.00
2018.04.23 15:45:47.133,1.36307,1.36324,1.00,1.00
2018.04.23 15:45:47.666,1.36306,1.36324,1.00,1.50
2018.04.23 15:45:48.249,1.36306,1.36326,1.00,1.57
2018.04.23 15:45:48.402,1.36308,1.36326,1.00,1.50
2018.04.23 15:45:48.882,1.36306,1.36326,1.00,1.00
2018.04.23 15:45:49.238,1.36308,1.36326,1.00,1.00
2018.04.23 15:45:49.773,1.36307,1.36327,1.00,1.00
2018.04.23 15:45:50.376,1.36307,1.36328,1.00,1.87
2018.04.23 15:45:50.960,1.36307,1.36327,1.00,1.00
2018.04.23 15:45:51.526,1.36308,1.36327,1.00,1.00
2018.04.23 15:45:52.359,1.36308,1.36328,1.00,2.32
2018.04.23 15:45:52.926,1.36309,1.36327,1.00,1.00
2018.04.23 15:45:53.462,1.36308,1.36328,1.00,2.32
2018.04.23 15:45:54.895,1.36307,1.36327,1.00,1.00
2018.04.23 15:45:56.280,1.36308,1.36326,1.00,1.00
2018.04.23 15:45:56.525,1.36308,1.36328,1.00,1.00
2018.04.23 15:45:57.065,1.36309,1.36327,1.00,1.00
2018.04.23 15:45:57.923,1.36308,1.36329,1.00,3.07
2018.04.23 15:45:58.025,1.36308,1.36327,1.00,1.00
2018.04.23 15:45:58.129,1.36305,1.36325,1.50,1.00
2018.04.23 15:45:59.650,1.36306,1.36327,1.00,3.07
2018.04.23 15:45:59.702,1.36306,1.36325,1.00,1.00
2018.04.23 15:46:00.215,1.36306,1.36326,1.00,2.25
2018.04.23 15:46:01.170,1.36307,1.36326,1.00,2.25
2018.04.23 15:46:01.717,1.36306,1.36325,1.00,1.00
2018.04.23 15:46:04.240,1.36307,1.36325,1.00,1.00
2018.04.23 15:46:05.939,1.36305,1.36324,1.50,1.00
2018.04.23 15:46:06.472,1.36306,1.36324,1.00,1.00
2018.04.23 15:46:07.005,1.36305,1.36325,1.00,1.50
2018.04.23 15:46:08.429,1.36306,1.36324,1.00,1.00
2018.04.23 15:46:09.652,1.36305,1.36323,1.00,1.50
2018.04.23 15:46:11.103,1.36305,1.36322,1.00,1.00
2018.04.23 15:46:11.261,1.36304,1.36324,1.00,1.50
2018.04.23 15:46:11.604,1.36306,1.36324,1.00,1.00
2018.04.23 15:46:12.143,1.36305,1.36324,1.00,1.00
2018.04.23 15:46:12.472,1.36307,1.36327,1.00,1.37
2018.04.23 15:46:12.983,1.36306,1.36326,1.00,1.00
2018.04.23 15:46:13.509,1.36307,1.36327,1.00,1.12
2018.04.23 15:46:14.033,1.36306,1.36327,1.50,1.00
2018.04.23 15:46:14.335,1.36306,1.36325,1.00,1.00
2018.04.23 15:46:15.253,1.36306,1.36324,1.50,1.00
2018.04.23 15:46:15.756,1.36304,1.36324,1.00,1.00
2018.04.23 15:46:16.433,1.36304,1.36325,1.00,1.00
2018.04.23 15:46:17.153,1.36305,1.36325,1.00,1.00
2018.04.23 15:46:17.763,1.36309,1.36328,1.00,1.10
2018.04.23 15:46:18.297,1.36308,1.36328,1.00,1.87
2018.04.23 15:46:18.823,1.36307,1.36329,1.00,3.00
2018.04.23 15:46:19.204,1.36309,1.36328,1.00,1.12
2018.04.23 15:46:19.977,1.36308,1.36329,1.00,2.25
2018.04.23 15:46:20.506,1.36309,1.36328,1.00,1.87
2018.04.23 15:46:21.603,1.36309,1.36326,1.00,1.00
2018.04.23 15:46:21.654,1.36306,1.36326,2.25,1.00
2018.04.23 15:46:22.072,1.36305,1.36324,1.00,1.50
2018.04.23 15:46:22.384,1.36311,1.36328,1.00,1.00
2018.04.23 15:46:22.435,1.36311,1.36332,1.00,2.25
2018.04.23 15:46:22.487,1.36311,1.3633,1.00,1.00
2018.04.23 15:46:22.954,1.36311,1.36327,1.00,1.00
2018.04.23 15:46:23.548,1.36311,1.36329,1.00,1.00
2018.04.23 15:46:24.079,1.36313,1.36328,1.00,1.00
2018.04.23 15:46:24.131,1.36309,1.36327,1.00,1.00
2018.04.23 15:46:24.643,1.36308,1.36327,1.00,1.00
2018.04.23 15:46:25.205,1.36309,1.36327,1.00,1.00
2018.04.23 15:46:25.907,1.36309,1.36328,1.00,1.50
2018.04.23 15:46:26.408,1.36309,1.36327,1.00,1.00
2018.04.23 15:46:26.749,1.36307,1.36327,1.00,1.00
2018.04.23 15:46:26.851,1.36306,1.36325,1.00,1.00
2018.04.23 15:46:27.195,1.36311,1.36329,1.00,1.00
2018.04.23 15:46:27.614,1.36313,1.36331,1.00,1.00
2018.04.23 15:46:28.156,1.36313,1.36332,1.00,1.00
2018.04.23 15:46:29.350,1.36314,1.36332,1.00,1.00
2018.04.23 15:46:29.696,1.36312,1.36332,1.00,1.50
2018.04.23 15:46:30.162,1.36314,1.36332,1.00,1.00
2018.04.23 15:46:30.522,1.36312,1.36333,1.50,1.50
2018.04.23 15:46:30.574,1.36314,1.36333,1.00,1.00
2018.04.23 15:46:32.398,1.36313,1.36333,1.00,1.50
2018.04.23 15:46:32.930,1.36313,1.36332,1.00,1.00
2018.04.23 15:46:35.979,1.36314,1.36333,1.00,1.50
2018.04.23 15:46:36.481,1.36315,1.36333,1.00,1.00
2018.04.23 15:46:38.082,1.36316,1.36333,1.00,1.00
2018.04.23 15:46:38.617,1.36315,1.36334,1.00,1.50
2018.04.23 15:46:39.123,1.36315,1.36333,1.50,1.00
2018.04.23 15:46:39.692,1.36315,1.36334,1.00,1.50
2018.04.23 15:46:40.292,1.36315,1.36333,1.00,1.00
2018.04.23 15:46:40.797,1.36315,1.36334,1.00,1.50
2018.04.23 15:46:41.400,1.36317,1.36334,1.00,1.50
2018.04.23 15:46:41.453,1.36317,1.36336,1.00,1.00
2018.04.23 15:46:42.616,1.36317,1.36337,1.00,2.62
2018.04.23 15:46:43.134,1.36316,1.36336,1.00,1.00
2018.04.23 15:46:43.503,1.36318,1.36335,1.00,1.00
2018.04.23 15:46:43.608,1.36312,1.36332,1.50,1.50
2018.04.23 15:46:43.660,1.36311,1.3633,1.00,1.12
2018.04.23 15:46:43.763,1.36309,1.3633,1.50,1.87
2018.04.23 15:46:44.303,1.36309,1.3633,1.50,1.95
2018.04.23 15:46:44.904,1.36309,1.36328,1.50,1.00
2018.04.23 15:46:45.110,1.36311,1.36331,1.00,1.57
2018.04.23 15:46:45.420,1.36315,1.36333,1.00,1.00
2018.04.23 15:46:45.923,1.36316,1.36334,1.00,1.00
2018.04.23 15:46:46.486,1.36314,1.36334,1.50,1.57
2018.04.23 15:46:47.053,1.36315,1.36334,1.00,1.57
2018.04.23 15:46:48.471,1.36321,1.36334,1.00,1.50
2018.04.23 15:46:50.658,1.3632,1.36334,1.00,1.00
2018.04.23 15:46:51.232,1.36321,1.36334,1.00,1.00
2018.04.23 15:46:51.822,1.36316,1.36334,1.50,1.00
2018.04.23 15:46:51.924,1.36321,1.36334,1.00,1.00
2018.04.23 15:46:51.976,1.36316,1.36335,1.50,1.00
2018.04.23 15:46:52.425,1.36316,1.36337,1.00,1.87
2018.04.23 15:46:52.528,1.36316,1.36336,1.00,1.37
2018.04.23 15:46:53.715,1.36315,1.36334,1.00,1.00
2018.04.23 15:46:54.873,1.36316,1.36334,1.00,1.00
2018.04.23 15:46:54.924,1.36314,1.36335,1.00,1.00
2018.04.23 15:46:55.436,1.36315,1.36334,1.00,1.50
2018.04.23 15:46:57.320,1.36316,1.36334,1.00,1.00
2018.04.23 15:46:57.998,1.36315,1.36334,1.00,1.00
2018.04.23 15:46:58.616,1.36313,1.36334,1.00,1.50
2018.04.23 15:46:58.823,1.36315,1.36333,1.00,1.00
2018.04.23 15:46:59.274,1.36313,1.36334,1.50,3.00
2018.04.23 15:46:59.593,1.36315,1.36334,1.00,1.50
2018.04.23 15:47:00.533,1.36316,1.36334,1.00,1.50
2018.04.23 15:47:00.636,1.36313,1.36333,1.50,1.12
2018.04.23 15:47:00.790,1.36315,1.36334,1.00,1.50
2018.04.23 15:47:01.356,1.36314,1.36334,1.00,2.25
2018.04.23 15:47:02.490,1.36315,1.36334,1.50,1.12
2018.04.23 15:47:02.955,1.36313,1.36334,1.00,1.50
2018.04.23 15:47:03.109,1.36315,1.36334,1.00,2.25
2018.04.23 15:47:04.005,1.36314,1.36333,1.00,1.00
2018.04.23 15:47:04.069,1.36312,1.36333,1.50,1.00
2018.04.23 15:47:04.645,1.36311,1.36333,1.50,1.37
2018.04.23 15:47:05.109,1.36315,1.36331,1.00,1.50
2018.04.23 15:47:05.166,1.36316,1.36333,1.00,1.00
2018.04.23 15:47:05.318,1.36316,1.36336,1.00,2.62
2018.04.23 15:47:06.070,1.36316,1.36335,1.00,1.00
2018.04.23 15:47:06.748,1.36317,1.36336,1.00,1.00
2018.04.23 15:47:07.257,1.36316,1.36335,1.50,1.00
2018.04.23 15:47:08.366,1.36317,1.36336,1.00,2.62
2018.04.23 15:47:08.622,1.36315,1.36336,1.00,3.37
2018.04.23 15:47:10.590,1.36316,1.36337,1.50,3.00
2018.04.23 15:47:11.685,1.36317,1.36337,1.00,1.50
2018.04.23 15:47:11.738,1.36314,1.36333,1.00,1.50
2018.04.23 15:47:11.893,1.36314,1.36335,1.00,1.00
2018.04.23 15:47:12.150,1.36316,1.36335,1.50,1.00
2018.04.23 15:47:12.607,1.36314,1.36335,1.00,1.87
2018.04.23 15:47:12.873,1.36317,1.36335,1.00,1.00
2018.04.23 15:47:13.433,1.36318,1.36337,1.00,1.00
2018.04.23 15:47:13.942,1.36317,1.36338,1.00,1.50
2018.04.23 15:47:14.892,1.36318,1.36338,1.00,1.00
2018.04.23 15:47:15.201,1.36321,1.36338,1.00,1.00
2018.04.23 15:47:15.799,1.3632,1.36338,1.00,1.00
2018.04.23 15:47:16.821,1.36319,1.36338,1.00,1.00
2018.04.23 15:47:17.124,1.36316,1.36335,1.50,1.50
2018.04.23 15:47:17.634,1.36316,1.36334,1.00,1.00
2018.04.23 15:47:18.201,1.36315,1.36334,1.50,2.25
2018.04.23 15:47:19.180,1.36316,1.36335,1.00,2.25
2018.04.23 15:47:19.801,1.36315,1.36334,1.00,1.50
2018.04.23 15:47:21.523,1.36313,1.36334,1.50,1.00
2018.04.23 15:47:22.086,1.36313,1.36334,1.50,3.00
2018.04.23 15:47:22.965,1.36315,1.36334,1.00,1.00
2018.04.23 15:47:23.523,1.36314,1.36335,1.00,3.37
2018.04.23 15:47:24.100,1.36314,1.36334,1.00,1.50
2018.04.23 15:47:24.480,1.36311,1.3633,1.00,1.00
2018.04.23 15:47:24.824,1.36308,1.36327,1.00,1.50
2018.04.23 15:47:25.562,1.36308,1.36326,1.00,1.00
2018.04.23 15:47:26.150,1.36309,1.36326,1.00,1.00
2018.04.23 15:47:26.737,1.36309,1.36327,1.00,1.00
2018.04.23 15:47:29.562,1.36307,1.36327,1.50,1.00
2018.04.23 15:47:30.065,1.36307,1.36326,1.50,1.00
2018.04.23 15:47:31.052,1.36307,1.36327,1.00,1.50
2018.04.23 15:47:32.052,1.36307,1.36326,1.00,1.00
2018.04.23 15:47:36.034,1.36307,1.36327,1.00,1.50
2018.04.23 15:47:36.575,1.36307,1.36326,1.00,1.00
2018.04.23 15:47:36.959,1.36309,1.36327,1.00,1.50
2018.04.23 15:47:37.010,1.36308,1.36329,1.50,1.00
2018.04.23 15:47:37.113,1.3631,1.36329,1.00,1.50
2018.04.23 15:47:38.115,1.3631,1.3633,1.00,1.00
2018.04.23 15:47:38.424,1.36306,1.36325,1.50,1.00
2018.04.23 15:47:38.810,1.36312,1.36331,1.00,1.50
2018.04.23 15:47:39.320,1.3631,1.36331,1.50,1.50
2018.04.23 15:47:40.003,1.36312,1.36331,1.00,1.50
2018.04.23 15:47:40.500,1.36309,1.36329,1.10,1.00
2018.04.23 15:47:40.552,1.36311,1.3633,1.00,1.00
2018.04.23 15:47:41.031,1.36314,1.36331,1.00,1.00
2018.04.23 15:47:41.082,1.36314,1.36333,1.00,1.50
2018.04.23 15:47:41.236,1.36316,1.36334,1.00,1.75
2018.04.23 15:47:41.440,1.36316,1.36337,1.50,1.50
2018.04.23 15:47:41.645,1.36318,1.36337,1.00,1.50
2018.04.23 15:47:43.278,1.36317,1.36335,1.00,1.00
2018.04.23 15:47:43.590,1.3632,1.36339,1.00,1.00
2018.04.23 15:47:44.306,1.3632,1.3634,1.00,1.00
2018.04.23 15:47:44.827,1.36321,1.36341,1.50,1.50
2018.04.23 15:47:45.332,1.36321,1.3634,1.50,1.50
2018.04.23 15:47:45.962,1.36321,1.36341,1.50,1.00
2018.04.23 15:47:47.614,1.36323,1.36341,1.00,1.50
2018.04.23 15:47:48.135,1.36323,1.36342,1.00,2.25
2018.04.23 15:47:50.459,1.36321,1.36339,1.57,1.00
2018.04.23 15:47:50.513,1.36317,1.36336,1.50,1.50
2018.04.23 15:47:52.564,1.36321,1.36338,1.00,1.00
2018.04.23 15:47:52.741,1.36324,1.36343,1.00,2.25
2018.04.23 15:47:52.845,1.36322,1.36341,1.00,1.00
2018.04.23 15:47:53.364,1.36321,1.36341,1.50,1.00
2018.04.23 15:47:53.870,1.36322,1.36341,1.00,1.50
2018.04.23 15:47:54.181,1.3632,1.3634,1.50,1.00
2018.04.23 15:47:54.687,1.3632,1.36339,1.57,1.00
2018.04.23 15:47:55.209,1.3632,1.3634,1.57,1.00
2018.04.23 15:47:55.575,1.36323,1.3634,1.00,1.00
2018.04.23 15:47:55.679,1.36321,1.36341,1.50,1.87
2018.04.23 15:47:56.220,1.3632,1.36337,1.00,1.00
2018.04.23 15:47:56.739,1.36321,1.36336,1.00,1.00
2018.04.23 15:47:56.791,1.36317,1.36336,1.00,1.00
2018.04.23 15:47:56.994,1.36319,1.36337,1.00,1.50
2018.04.23 15:47:57.097,1.36317,1.36337,1.00,1.50
2018.04.23 15:47:57.148,1.36319,1.36338,1.00,1.50
2018.04.23 15:47:57.515,1.36317,1.36337,1.00,1.00
2018.04.23 15:47:57.618,1.36319,1.36337,1.00,1.00
2018.04.23 15:47:57.884,1.36317,1.36337,1.00,1.00
2018.04.23 15:47:58.385,1.3632,1.36337,1.00,1.50
2018.04.23 15:47:58.743,1.36322,1.36339,1.00,1.00
2018.04.23 15:47:59.274,1.36323,1.36339,1.00,1.00
2018.04.23 15:47:59.595,1.36321,1.36339,1.50,1.00
2018.04.23 15:47:59.748,1.36323,1.36339,1.00,1.00
2018.04.23 15:48:00.213,1.36321,1.36339,1.50,1.00
2018.04.23 15:48:01.777,1.3632,1.36339,1.50,1.00
2018.04.23 15:48:01.880,1.36317,1.36336,1.50,1.12
2018.04.23 15:48:02.389,1.36316,1.36334,1.50,1.00
2018.04.23 15:48:02.976,1.36315,1.36334,1.00,1.50
2018.04.23 15:48:03.566,1.36315,1.36333,1.00,1.00
2018.04.23 15:48:04.542,1.36316,1.36333,1.00,1.00
2018.04.23 15:48:05.160,1.36316,1.36334,1.00,1.50
2018.04.23 15:48:06.299,1.36316,1.36333,1.00,1.00
2018.04.23 15:48:06.680,1.36313,1.36333,1.00,1.00
2018.04.23 15:48:06.812,1.36318,1.36334,1.00,1.00
2018.04.23 15:48:06.915,1.3632,1.36338,1.00,1.00
2018.04.23 15:48:07.430,1.36321,1.36339,1.00,1.00
2018.04.23 15:48:07.956,1.36321,1.3634,1.50,1.00
2018.04.23 15:48:08.720,1.36321,1.36341,1.50,1.50
2018.04.23 15:48:10.083,1.36321,1.3634,1.00,1.00
2018.04.23 15:48:10.631,1.3632,1.3634,1.50,1.00
2018.04.23 15:48:11.169,1.36321,1.3634,1.00,1.00
2018.04.23 15:48:11.799,1.3632,1.3634,1.00,1.00
2018.04.23 15:48:12.300,1.36322,1.3634,1.00,1.00
2018.04.23 15:48:12.842,1.36321,1.36341,1.50,1.12
2018.04.23 15:48:13.875,1.36323,1.36341,1.00,1.12
2018.04.23 15:48:14.162,1.36321,1.36341,1.00,1.12
2018.04.23 15:48:14.613,1.36323,1.3634,1.00,1.00
2018.04.23 15:48:15.159,1.36323,1.36341,1.00,1.50
2018.04.23 15:48:15.673,1.36322,1.3634,1.00,1.00
2018.04.23 15:48:16.384,1.36323,1.3634,1.00,1.00
2018.04.23 15:48:16.923,1.36322,1.3634,1.50,1.00
2018.04.23 15:48:17.446,1.36322,1.36341,1.50,1.00
2018.04.23 15:48:19.681,1.36322,1.36343,1.50,1.87
2018.04.23 15:48:20.225,1.36322,1.36342,1.00,1.37
2018.04.23 15:48:21.665,1.36321,1.36342,2.25,1.37
2018.04.23 15:48:23.896,1.36322,1.36342,1.00,1.37
2018.04.23 15:48:24.519,1.36321,1.3634,1.50,1.00
2018.04.23 15:48:24.913,1.36317,1.36335,1.00,1.37
2018.04.23 15:48:25.464,1.36316,1.36335,1.00,1.87
2018.04.23 15:48:25.996,1.36316,1.36335,1.00,1.00
2018.04.23 15:48:28.040,1.36316,1.36336,1.50,1.00
2018.04.23 15:48:30.517,1.36316,1.36335,1.50,1.00
2018.04.23 15:48:32.310,1.36316,1.36336,1.00,3.75
2018.04.23 15:48:32.672,1.36313,1.36332,2.25,1.00
2018.04.23 15:48:33.294,1.36312,1.36332,1.00,1.87
2018.04.23 15:48:33.449,1.36308,1.36329,1.00,2.62
2018.04.23 15:48:33.817,1.3631,1.36328,1.00,1.00
2018.04.23 15:48:34.349,1.36311,1.36327,1.00,1.12
2018.04.23 15:48:35.166,1.3631,1.36327,1.00,1.50
2018.04.23 15:48:35.526,1.36308,1.36327,1.00,1.87
2018.04.23 15:48:36.534,1.36307,1.36326,1.50,1.00
2018.04.23 15:48:37.059,1.36307,1.36327,1.50,1.12
2018.04.23 15:48:37.352,1.36313,1.36331,1.00,1.00
2018.04.23 15:48:37.404,1.36313,1.36333,1.00,1.50
2018.04.23 15:48:37.694,1.36315,1.36333,1.00,1.00
2018.04.23 15:48:38.313,1.36314,1.36334,1.00,1.50
2018.04.23 15:48:38.835,1.36315,1.36334,1.00,1.12
2018.04.23 15:48:40.157,1.36316,1.36334,1.00,1.50
2018.04.23 15:48:48.165,1.36316,1.36334,1.00,1.50
2018.04.23 15:48:49.982,1.36315,1.36334,1.00,1.50
2018.04.23 15:48:51.099,1.36314,1.36333,1.00,1.87
2018.04.23 15:48:51.434,1.36305,1.36321,1.00,1.00
2018.04.23 15:48:51.536,1.36303,1.36321,1.00,1.00
2018.04.23 15:48:51.791,1.36306,1.36321,1.00,1.00
2018.04.23 15:48:53.483,1.36303,1.36321,1.00,1.00
2018.04.23 15:48:53.885,1.36301,1.36321,1.50,1.12
2018.04.23 15:48:56.100,1.36301,1.36319,1.50,1.00
2018.04.23 15:48:58.125,1.36303,1.3632,1.00,1.00
2018.04.23 15:48:58.178,1.36301,1.36321,1.50,1.00
2018.04.23 15:48:58.281,1.36304,1.36322,1.00,1.50
2018.04.23 15:48:58.802,1.36305,1.36322,1.00,1.00
2018.04.23 15:48:58.908,1.36306,1.36326,1.00,1.12
2018.04.23 15:49:00.029,1.36305,1.36326,1.50,1.87
2018.04.23 15:49:00.423,1.36306,1.36324,1.50,1.00
2018.04.23 15:49:00.674,1.36303,1.36323,1.00,1.87
2018.04.23 15:49:00.727,1.36305,1.36323,1.00,1.00
2018.04.23 15:49:00.933,1.36306,1.36325,1.00,1.00
2018.04.23 15:49:01.348,1.36304,1.36323,1.00,1.00
2018.04.23 15:49:02.776,1.36303,1.36321,1.50,1.00
2018.04.23 15:49:03.784,1.36303,1.3632,1.00,1.00
2018.04.23 15:49:04.305,1.36302,1.3632,1.00,1.00
2018.04.23 15:49:06.733,1.36301,1.36322,1.00,1.12
2018.04.23 15:49:08.087,1.36302,1.36321,1.00,1.00
2018.04.23 15:49:08.140,1.36311,1.36326,1.00,1.50
2018.04.23 15:49:08.296,1.36314,1.36334,1.00,1.50
2018.04.23 15:49:08.881,1.36314,1.36332,1.00,1.00
2018.04.23 15:49:10.949,1.36314,1.36333,1.00,1.00
2018.04.23 15:49:11.662,1.36313,1.36332,1.00,1.00
2018.04.23 15:49:13.376,1.36312,1.36332,1.00,1.00
2018.04.23 15:49:13.910,1.36313,1.36332,1.00,1.50
2018.04.23 15:49:15.978,1.36312,1.36332,1.00,1.50
2018.04.23 15:49:16.956,1.36313,1.36333,1.00,1.50
2018.04.23 15:49:17.493,1.36312,1.36332,1.00,1.50
2018.04.23 15:49:18.036,1.36313,1.36332,1.00,1.50
2018.04.23 15:49:18.508,1.36309,1.36327,1.00,2.62
2018.04.23 15:49:18.626,1.36306,1.36325,1.00,1.00
2018.04.23 15:49:18.835,1.36306,1.36323,1.00,1.00
2018.04.23 15:49:19.359,1.36306,1.36324,1.00,1.00
2018.04.23 15:49:19.721,1.36307,1.36326,1.00,1.00
2018.04.23 15:49:19.776,1.36306,1.36325,1.00,1.87
2018.04.23 15:49:20.034,1.36304,1.36325,1.00,1.95
2018.04.23 15:49:20.205,1.36306,1.36324,1.00,1.12
2018.04.23 15:49:20.838,1.36305,1.36324,1.00,1.87
2018.04.23 15:49:21.251,1.36303,1.36323,1.00,1.00
2018.04.23 15:49:21.303,1.36306,1.36322,1.00,1.00
2018.04.23 15:49:21.407,1.36305,1.36324,1.00,2.62
2018.04.23 15:49:22.031,1.36305,1.36322,1.00,1.00
2018.04.23 15:49:22.118,1.36305,1.36324,1.00,2.62
2018.04.23 15:49:22.169,1.36305,1.36322,1.00,1.00
2018.04.23 15:49:22.577,1.36305,1.36324,1.00,2.25
2018.04.23 15:49:22.629,1.36305,1.36321,1.00,1.50
2018.04.23 15:49:22.885,1.36302,1.3632,1.50,1.00
2018.04.23 15:49:23.021,1.363,1.3632,1.00,1.50
2018.04.23 15:49:23.226,1.36302,1.3632,1.00,2.25
2018.04.23 15:49:24.026,1.36301,1.3632,1.50,1.50
2018.04.23 15:49:24.337,1.36304,1.36323,1.00,1.00
2018.04.23 15:49:24.548,1.36302,1.36323,1.00,1.50
2018.04.23 15:49:24.599,1.36304,1.36323,1.00,1.50
2018.04.23 15:49:26.092,1.36306,1.36323,1.00,1.12
2018.04.23 15:49:26.631,1.36305,1.36323,1.00,1.50
2018.04.23 15:49:27.784,1.36304,1.36323,1.00,1.50
2018.04.23 15:49:28.331,1.36305,1.36323,1.00,1.00
2018.04.23 15:49:28.986,1.36305,1.36324,1.00,1.00
2018.04.23 15:49:30.365,1.36308,1.36325,1.00,1.12
2018.04.23 15:49:30.470,1.36309,1.36327,1.00,1.50
2018.04.23 15:49:30.574,1.36311,1.36329,1.00,1.50
2018.04.23 15:49:30.727,1.36312,1.36331,1.00,1.00
2018.04.23 15:49:31.273,1.36313,1.36331,1.00,1.00
2018.04.23 15:49:32.612,1.36313,1.3633,1.00,1.00
2018.04.23 15:49:32.685,1.36312,1.36332,1.00,1.87
2018.04.23 15:49:33.284,1.36312,1.36331,1.00,1.00
2018.04.23 15:49:33.335,1.36314,1.36332,1.00,1.87
2018.04.23 15:49:33.812,1.36312,1.36332,1.00,1.12
2018.04.23 15:49:34.323,1.36313,1.36331,1.00,1.00
2018.04.23 15:49:34.861,1.36313,1.36332,1.00,1.87
2018.04.23 15:49:35.565,1.36312,1.36332,1.00,1.87
2018.04.23 15:49:36.690,1.36312,1.36331,1.00,1.00
2018.04.23 15:49:36.794,1.3631,1.3633,1.50,1.00
2018.04.23 15:49:37.075,1.36313,1.36331,1.00,1.50
2018.04.23 15:49:37.237,1.36311,1.36331,1.00,1.00
2018.04.23 15:49:37.744,1.3631,1.36331,1.50,1.87
2018.04.23 15:49:38.738,1.36311,1.36329,1.00,1.00
2018.04.23 15:49:38.791,1.36312,1.36332,1.00,2.62
2018.04.23 15:49:39.401,1.36311,1.3633,1.50,1.00
2018.04.23 15:49:40.173,1.36311,1.36329,1.50,1.00
2018.04.23 15:49:40.225,1.36311,1.36331,1.00,1.50
2018.04.23 15:49:40.690,1.36311,1.36328,1.00,1.00
2018.04.23 15:49:40.867,1.36308,1.36328,1.00,1.00
2018.04.23 15:49:40.918,1.36311,1.36329,1.00,1.00
2018.04.23 15:49:41.277,1.36309,1.36328,1.00,1.00
2018.04.23 15:49:41.672,1.36312,1.36332,1.00,1.50
2018.04.23 15:49:41.723,1.36314,1.36332,1.00,2.25
2018.04.23 15:49:42.317,1.36313,1.36332,1.00,1.50
2018.04.23 15:49:42.660,1.36315,1.36333,1.00,1.00
2018.04.23 15:49:42.916,1.36313,1.36333,1.50,1.50
2018.04.23 15:49:43.431,1.36315,1.36333,1.00,1.50
2018.04.23 15:49:44.185,1.36316,1.36333,1.00,1.00
2018.04.23 15:49:44.321,1.36314,1.36332,1.00,1.00
2018.04.23 15:49:44.431,1.36312,1.36333,2.25,1.00
2018.04.23 15:49:44.483,1.36314,1.36333,1.00,1.87
2018.04.23 15:49:44.798,1.36317,1.36333,1.00,1.00
2018.04.23 15:49:44.851,1.36317,1.36335,1.00,1.00
2018.04.23 15:49:45.373,1.36316,1.36335,1.00,1.00
2018.04.23 15:49:45.889,1.36317,1.36335,1.00,1.50
2018.04.23 15:49:46.448,1.36316,1.36335,1.00,1.50
2018.04.23 15:49:49.174,1.36317,1.36335,1.00,1.00
2018.04.23 15:49:50.649,1.36316,1.36335,1.00,1.00
2018.04.23 15:49:51.179,1.36317,1.36335,1.00,1.00
2018.04.23 15:49:51.231,1.36316,1.36337,1.00,1.50
2018.04.23 15:49:51.283,1.36318,1.36336,1.00,1.00
2018.04.23 15:49:51.791,1.36317,1.36336,1.00,1.50
2018.04.23 15:49:52.167,1.36315,1.36334,1.50,1.00
2018.04.23 15:49:52.709,1.36316,1.36335,1.00,1.00
2018.04.23 15:49:53.246,1.36316,1.36334,1.00,1.00
2018.04.23 15:49:54.516,1.36316,1.36333,1.00,1.00
2018.04.23 15:49:54.569,1.36314,1.36333,1.00,1.12
2018.04.23 15:49:54.887,1.36312,1.36333,1.50,1.12
2018.04.23 15:49:55.403,1.36313,1.36333,1.00,1.12
2018.04.23 15:49:55.980,1.36313,1.36332,1.00,1.00
2018.04.23 15:49:56.521,1.36313,1.36333,1.00,1.12
2018.04.23 15:49:58.017,1.36313,1.36332,1.00,1.00
2018.04.23 15:49:58.562,1.36314,1.36332,1.00,1.00
2018.04.23 15:49:58.924,1.36314,1.36334,1.00,1.87
2018.04.23 15:49:59.177,1.36314,1.36332,1.00,1.00
2018.04.23 15:49:59.513,1.36312,1.36331,1.00,1.00
2018.04.23 15:49:59.869,1.36313,1.36333,1.00,1.00
2018.04.23 15:49:59.920,1.36313,1.36331,1.00,1.00
2018.04.23 15:50:00.453,1.36313,1.36332,1.00,1.00
2018.04.23 15:50:01.887,1.36313,1.36331,1.00,1.12
2018.04.23 15:50:01.942,1.36311,1.36331,2.25,1.37
2018.04.23 15:50:02.477,1.3631,1.3633,1.00,1.00
2018.04.23 15:50:03.001,1.36311,1.36331,1.00,1.12
2018.04.23 15:50:03.053,1.36313,1.36331,1.00,1.12
2018.04.23 15:50:03.315,1.36313,1.36333,1.00,1.12
2018.04.23 15:50:03.837,1.36312,1.3633,1.00,1.00
2018.04.23 15:50:03.942,1.36309,1.36328,1.50,1.00
2018.04.23 15:50:04.294,1.36309,1.36326,1.00,1.00
2018.04.23 15:50:04.551,1.36307,1.36326,1.00,1.00
2018.04.23 15:50:04.993,1.36309,1.36327,1.00,1.00
2018.04.23 15:50:05.299,1.36314,1.3633,1.00,1.00
2018.04.23 15:50:05.453,1.36314,1.36333,1.00,1.12
2018.04.23 15:50:05.627,1.36311,1.3633,1.50,1.00
2018.04.23 15:50:05.995,1.36313,1.3633,1.00,1.00
2018.04.23 15:50:06.047,1.36313,1.36333,1.50,1.00
2018.04.23 15:50:06.150,1.36315,1.36333,1.00,1.00
2018.04.23 15:50:06.653,1.36314,1.36333,1.00,1.00
2018.04.23 15:50:07.164,1.36315,1.36333,1.00,1.00
2018.04.23 15:50:07.701,1.36316,1.36333,1.00,1.00
2018.04.23 15:50:07.956,1.36316,1.36335,1.00,1.12
2018.04.23 15:50:08.382,1.36316,1.36334,1.00,1.75
2018.04.23 15:50:08.434,1.36311,1.3633,1.00,1.00
2018.04.23 15:50:08.964,1.3631,1.3633,1.00,1.87
2018.04.23 15:50:09.605,1.36309,1.36327,1.00,1.00
2018.04.23 15:50:10.532,1.36308,1.36327,2.25,1.12
2018.04.23 15:50:11.068,1.36308,1.36326,1.00,1.00
2018.04.23 15:50:11.420,1.36306,1.36324,1.00,1.00
2018.04.23 15:50:11.473,1.36307,1.36326,1.00,1.00
2018.04.23 15:50:12.298,1.36308,1.36323,1.00,1.00
2018.04.23 15:50:12.350,1.36305,1.36325,2.25,1.00
2018.04.23 15:50:12.868,1.36304,1.36324,1.00,1.00
2018.04.23 15:50:13.411,1.36303,1.36323,1.00,1.00
2018.04.23 15:50:14.280,1.36305,1.36323,1.00,1.00
2018.04.23 15:50:14.514,1.36303,1.36323,1.00,1.00
2018.04.23 15:50:14.905,1.36305,1.36323,1.00,1.00
2018.04.23 15:50:17.957,1.36306,1.36325,1.00,1.50
2018.04.23 15:50:18.483,1.36306,1.36326,1.00,2.62
2018.04.23 15:50:19.171,1.36305,1.36324,1.50,1.00
2018.04.23 15:50:19.802,1.36305,1.36326,1.00,3.00
2018.04.23 15:50:20.413,1.36305,1.36325,1.50,1.00
2018.04.23 15:50:20.915,1.36309,1.36325,1.00,1.50
2018.04.23 15:50:21.017,1.36311,1.36329,1.00,2.25
2018.04.23 15:50:21.069,1.36313,1.36331,1.00,1.00
2018.04.23 15:50:21.584,1.36314,1.36332,1.00,1.00
2018.04.23 15:50:22.101,1.36313,1.36332,1.50,1.00
2018.04.23 15:50:23.063,1.36314,1.36332,1.00,1.00
2018.04.23 15:50:23.913,1.36315,1.36332,1.00,1.00
2018.04.23 15:50:24.016,1.36315,1.36334,1.50,1.00
2018.04.23 15:50:24.407,1.36317,1.36335,1.00,1.00
2018.04.23 15:50:24.564,1.36321,1.36341,1.50,1.00
2018.04.23 15:50:24.616,1.36323,1.36341,1.00,1.00
2018.04.23 15:50:25.168,1.36324,1.36342,1.50,1.00
2018.04.23 15:50:25.272,1.36324,1.36344,1.50,3.00
2018.04.23 15:50:25.323,1.36326,1.36344,1.00,3.00
2018.04.23 15:50:25.888,1.36325,1.36343,1.50,1.00
2018.04.23 15:50:27.424,1.36324,1.36341,1.00,1.00
2018.04.23 15:50:27.936,1.36323,1.36341,1.50,1.00
2018.04.23 15:50:28.671,1.36324,1.36342,1.00,1.00
2018.04.23 15:50:28.980,1.36326,1.36343,1.00,1.00
2018.04.23 15:50:29.501,1.36325,1.36343,1.00,1.00
2018.04.23 15:50:30.071,1.36324,1.36343,1.50,1.00
2018.04.23 15:50:30.575,1.36325,1.36344,1.00,1.00
2018.04.23 15:50:30.937,1.36327,1.36344,1.00,1.00
2018.04.23 15:50:32.758,1.36331,1.36344,1.00,1.00
2018.04.23 15:50:32.810,1.36329,1.36344,1.00,1.00
2018.04.23 15:50:33.379,1.36332,1.36344,1.00,1.00
2018.04.23 15:50:33.483,1.36329,1.36345,1.00,1.00
2018.04.23 15:50:33.703,1.36333,1.36348,1.00,1.50
2018.04.23 15:50:34.014,1.36336,1.3635,1.00,1.87
2018.04.23 15:50:34.529,1.36335,1.36349,1.00,1.00
2018.04.23 15:50:35.082,1.36334,1.36349,1.00,1.00
2018.04.23 15:50:35.599,1.36335,1.36349,1.00,1.00
2018.04.23 15:50:36.825,1.36334,1.36349,1.00,1.00
2018.04.23 15:50:37.310,1.36339,1.36353,1.00,1.50
2018.04.23 15:50:37.363,1.36336,1.36352,1.00,1.50
2018.04.23 15:50:37.466,1.36336,1.36355,1.00,2.62
2018.04.23 15:50:37.517,1.36337,1.36353,1.00,1.00
2018.04.23 15:50:38.023,1.36338,1.36353,1.00,1.00
2018.04.23 15:50:38.470,1.36336,1.36352,1.00,1.00
2018.04.23 15:50:38.727,1.36337,1.3635,1.00,1.00
2018.04.23 15:50:39.238,1.36337,1.36352,1.00,1.00
2018.04.23 15:50:39.895,1.36336,1.36352,1.00,1.00
2018.04.23 15:50:40.642,1.36337,1.36352,1.00,1.00
2018.04.23 15:50:41.095,1.36338,1.36356,1.50,1.00
2018.04.23 15:50:41.147,1.36344,1.36358,1.00,1.50
2018.04.23 15:50:41.752,1.36345,1.3636,1.00,1.12
2018.04.23 15:50:41.804,1.36345,1.36357,1.00,1.00
2018.04.23 15:50:42.079,1.36343,1.36358,1.00,1.00
2018.04.23 15:50:42.833,1.36344,1.36358,1.00,1.00
2018.04.23 15:50:43.353,1.36344,1.36357,1.00,1.00
2018.04.23 15:50:43.873,1.36343,1.36357,1.00,1.00
2018.04.23 15:50:45.187,1.36343,1.36359,1.00,1.00
2018.04.23 15:50:46.582,1.36344,1.36359,1.00,1.00
2018.04.23 15:50:48.082,1.36344,1.36361,1.00,1.00
2018.04.23 15:50:48.134,1.36347,1.36363,1.00,1.87
2018.04.23 15:50:49.109,1.36348,1.36363,1.00,1.50
2018.04.23 15:50:49.624,1.36347,1.36365,1.00,2.25
2018.04.23 15:50:50.149,1.36346,1.36363,1.00,1.00
2018.04.23 15:50:51.246,1.36347,1.36365,1.00,1.50
2018.04.23 15:50:52.195,1.36348,1.36365,1.00,1.50
2018.04.23 15:50:52.740,1.36348,1.36363,1.00,1.00
2018.04.23 15:50:53.261,1.36346,1.36363,1.00,1.00
2018.04.23 15:50:53.414,1.36344,1.36362,1.00,1.00
2018.04.23 15:50:54.946,1.36344,1.36361,1.00,1.00
2018.04.23 15:50:55.865,1.36342,1.36358,1.00,1.07
2018.04.23 15:50:55.917,1.36337,1.36355,1.00,1.00
2018.04.23 15:50:56.275,1.36339,1.36356,1.00,1.00
2018.04.23 15:50:56.581,1.36337,1.36354,1.00,1.00
2018.04.23 15:50:57.783,1.36336,1.36354,1.00,1.00
2018.04.23 15:50:57.887,1.36336,1.36356,1.00,1.00
2018.04.23 15:50:58.287,1.36337,1.36354,1.00,1.00
2018.04.23 15:50:58.443,1.36335,1.36354,1.50,1.00
2018.04.23 15:50:58.547,1.36337,1.36354,1.00,1.00
2018.04.23 15:50:59.082,1.36336,1.36354,1.00,1.00
2018.04.23 15:51:00.290,1.36336,1.36356,1.00,1.50
2018.04.23 15:51:08.140,1.36337,1.36355,1.00,1.00
2018.04.23 15:51:08.986,1.36338,1.36356,1.00,1.50
2018.04.23 15:51:11.924,1.36336,1.36356,1.50,1.00
2018.04.23 15:51:12.892,1.36338,1.36356,1.00,1.00
2018.04.23 15:51:15.199,1.36339,1.36356,1.00,1.00
2018.04.23 15:51:15.756,1.36339,1.36357,1.00,1.00
2018.04.23 15:51:16.286,1.36338,1.36356,2.25,1.00
2018.04.23 15:51:18.118,1.36339,1.36357,1.00,1.00
2018.04.23 15:51:21.251,1.36341,1.36357,1.00,1.00
2018.04.23 15:51:24.945,1.36341,1.36356,1.00,1.00
2018.04.23 15:51:26.909,1.36339,1.36357,1.00,1.00
2018.04.23 15:51:30.277,1.3634,1.36357,1.00,1.00
2018.04.23 15:51:33.626,1.36338,1.36358,1.50,1.00
2018.04.23 15:51:34.229,1.36339,1.36358,1.00,1.00
2018.04.23 15:51:36.407,1.36349,1.36365,1.00,1.50
2018.04.23 15:51:36.951,1.36349,1.36366,1.00,1.00
2018.04.23 15:51:38.366,1.36347,1.36367,1.00,1.00
2018.04.23 15:51:38.417,1.36349,1.36366,1.00,1.00
2018.04.23 15:51:39.268,1.36348,1.36366,1.00,1.00
2018.04.23 15:51:39.795,1.36349,1.36366,1.00,1.00
2018.04.23 15:51:40.298,1.36349,1.36367,1.00,1.00
2018.04.23 15:51:40.655,1.36347,1.36364,1.00,1.00
2018.04.23 15:51:41.196,1.36346,1.36365,1.00,1.00
2018.04.23 15:51:42.033,1.36345,1.36363,2.25,1.00
2018.04.23 15:51:42.514,1.36343,1.36362,1.00,1.00
2018.04.23 15:51:43.030,1.36342,1.36362,2.25,1.00
2018.04.23 15:51:45.142,1.36343,1.3636,1.00,1.00
2018.04.23 15:51:45.636,1.36342,1.36362,2.25,1.00
2018.04.23 15:51:45.688,1.36342,1.3636,2.25,1.00
2018.04.23 15:51:45.790,1.36342,1.36362,2.25,1.00
2018.04.23 15:51:47.083,1.36342,1.36359,1.00,1.00
2018.04.23 15:51:47.712,1.36341,1.36358,1.00,1.00
2018.04.23 15:51:48.002,1.3634,1.3636,1.50,1.00
2018.04.23 15:51:50.969,1.36345,1.36363,1.00,1.00
2018.04.23 15:51:51.021,1.36343,1.36363,2.25,1.00
2018.04.23 15:51:53.295,1.36344,1.36363,1.00,1.00
2018.04.23 15:51:56.046,1.36342,1.3636,1.50,1.00
2018.04.23 15:51:56.566,1.36343,1.3636,1.00,1.00
2018.04.23 15:51:57.091,1.36342,1.3636,2.25,1.00
2018.04.23 15:52:00.056,1.36345,1.36365,1.00,1.00
2018.04.23 15:52:00.211,1.36346,1.36367,2.25,1.50
2018.04.23 15:52:00.264,1.36349,1.36367,1.00,1.00
2018.04.23 15:52:00.813,1.3635,1.36368,1.00,1.00
2018.04.23 15:52:01.628,1.3635,1.36369,1.50,1.00
2018.04.23 15:52:01.962,1.36349,1.36366,1.00,1.00
2018.04.23 15:52:02.477,1.36348,1.36366,2.25,1.00
2018.04.23 15:52:07.944,1.36351,1.36366,1.00,1.00
2018.04.23 15:52:07.996,1.36349,1.36367,1.00,1.00
2018.04.23 15:52:08.244,1.36351,1.36367,1.00,1.00
2018.04.23 15:52:08.679,1.36353,1.36371,1.00,1.00
2018.04.23 15:52:08.731,1.36354,1.36373,1.00,1.00
2018.04.23 15:52:09.334,1.36354,1.36372,1.00,1.00
2018.04.23 15:52:09.439,1.36353,1.36375,1.50,1.50
2018.04.23 15:52:09.491,1.36354,1.36373,1.00,1.00
2018.04.23 15:52:09.693,1.36355,1.36375,1.00,1.00
2018.04.23 15:52:09.745,1.36358,1.36375,1.00,1.00
2018.04.23 15:52:09.797,1.36358,1.36377,1.00,1.12
2018.04.23 15:52:10.249,1.36363,1.36382,1.00,1.87
2018.04.23 15:52:10.556,1.36366,1.36384,1.50,1.00
2018.04.23 15:52:11.085,1.36365,1.36384,3.00,1.00
2018.04.23 15:52:11.556,1.36367,1.36386,1.00,1.87
2018.04.23 15:52:12.103,1.36368,1.36386,1.00,1.87
2018.04.23 15:52:12.533,1.36368,1.36387,1.00,1.00
2018.04.23 15:52:13.255,1.36368,1.36386,1.00,1.00
2018.04.23 15:52:13.763,1.36368,1.36387,1.00,1.00
2018.04.23 15:52:13.871,1.36368,1.36385,1.00,1.00
2018.04.23 15:52:14.103,1.36368,1.36387,1.00,1.00
2018.04.23 15:52:14.439,1.36368,1.36385,1.00,1.00
2018.04.23 15:52:15.121,1.36368,1.36386,1.50,1.00
2018.04.23 15:52:16.471,1.36366,1.36383,1.00,1.00
2018.04.23 15:52:16.726,1.36367,1.36385,1.00,1.00
2018.04.23 15:52:17.208,1.36366,1.36382,2.25,1.00
2018.04.23 15:52:17.445,1.3636,1.36377,1.00,1.00
2018.04.23 15:52:18.075,1.36359,1.36377,1.00,1.00
2018.04.23 15:52:18.737,1.36358,1.36377,1.50,1.00
2018.04.23 15:52:19.969,1.36359,1.36377,1.00,1.00
2018.04.23 15:52:21.200,1.36358,1.36377,1.00,1.00
2018.04.23 15:52:23.191,1.36357,1.36375,1.00,1.00
2018.04.23 15:52:24.188,1.36356,1.36374,1.00,1.00
2018.04.23 15:52:24.346,1.36356,1.36376,1.00,1.87
2018.04.23 15:52:24.501,1.36356,1.36374,1.00,1.00
2018.04.23 15:52:24.553,1.36356,1.36376,1.00,1.87
2018.04.23 15:52:24.912,1.36355,1.36373,1.50,1.00
2018.04.23 15:52:26.223,1.36356,1.36374,1.00,1.00
2018.04.23 15:52:27.614,1.36356,1.36373,1.00,1.00
2018.04.23 15:52:28.152,1.36355,1.36373,2.25,1.00
2018.04.23 15:52:28.496,1.3635,1.36367,1.00,1.00
2018.04.23 15:52:29.035,1.3635,1.36368,1.00,1.00
2018.04.23 15:52:30.439,1.3635,1.36369,1.00,1.00
2018.04.23 15:52:30.756,1.36358,1.36377,1.50,1.00
2018.04.23 15:52:31.081,1.36359,1.36375,1.00,1.00
2018.04.23 15:52:31.809,1.36359,1.36377,1.00,1.00
2018.04.23 15:52:31.861,1.36361,1.36379,1.00,1.00
2018.04.23 15:52:32.373,1.36362,1.36379,1.00,1.50
2018.04.23 15:52:32.762,1.36362,1.36375,1.00,1.00
2018.04.23 15:52:32.867,1.36355,1.36371,2.25,1.00
2018.04.23 15:52:33.380,1.36354,1.36369,1.00,1.00
2018.04.23 15:52:35.063,1.36354,1.3637,1.00,1.00
2018.04.23 15:52:35.844,1.36354,1.36371,1.00,1.00
2018.04.23 15:52:36.389,1.36353,1.36371,1.00,1.00
2018.04.23 15:52:36.706,1.36353,1.36369,1.00,1.50
2018.04.23 15:52:37.013,1.36349,1.36365,1.00,1.00
2018.04.23 15:52:37.595,1.3635,1.36365,1.00,1.00
2018.04.23 15:52:37.857,1.36349,1.36367,1.00,1.00
2018.04.23 15:52:38.374,1.36352,1.36372,1.50,1.57
2018.04.23 15:52:38.425,1.36356,1.36372,1.00,1.00
2018.04.23 15:52:38.976,1.36355,1.36372,1.00,1.00
2018.04.23 15:52:39.378,1.36349,1.36362,1.50,1.00
2018.04.23 15:52:39.535,1.36343,1.36359,1.50,1.00
2018.04.23 15:52:40.072,1.36343,1.3636,1.00,1.00
2018.04.23 15:52:44.176,1.36343,1.36358,1.00,1.00
2018.04.23 15:52:44.330,1.36341,1.36358,1.00,1.00
2018.04.23 15:52:45.262,1.36342,1.36358,1.00,1.00
2018.04.23 15:52:45.966,1.36342,1.3636,1.00,1.00
2018.04.23 15:52:46.018,1.36347,1.36365,2.25,1.00
2018.04.23 15:52:46.121,1.3635,1.36369,1.00,1.00
2018.04.23 15:52:46.223,1.3635,1.36372,3.00,1.00
2018.04.23 15:52:46.275,1.36355,1.36372,1.00,1.00
2018.04.23 15:52:46.858,1.36359,1.36378,1.00,1.50
2018.04.23 15:52:46.911,1.36365,1.36379,1.00,1.00
2018.04.23 15:52:47.093,1.36385,1.364,1.00,1.00
2018.04.23 15:52:47.144,1.36384,1.36404,1.50,1.87
2018.04.23 15:52:47.247,1.36387,1.36405,1.00,1.50
2018.04.23 15:52:47.555,1.36388,1.36408,1.07,1.50
2018.04.23 15:52:47.635,1.36388,1.36407,1.00,1.00
2018.04.23 15:52:47.689,1.36397,1.36418,1.50,1.00
2018.04.23 15:52:47.741,1.36399,1.36418,1.00,1.00
2018.04.23 15:52:47.950,1.3639,1.3641,1.00,1.50
2018.04.23 15:52:48.056,1.36403,1.36416,1.00,1.00
2018.04.23 15:52:48.108,1.36404,1.36419,1.00,1.00
2018.04.23 15:52:48.160,1.36407,1.36419,1.00,1.00
2018.04.23 15:52:48.282,1.36402,1.36423,1.57,1.00
2018.04.23 15:52:48.334,1.36401,1.3642,1.00,1.00
2018.04.23 15:52:48.387,1.36404,1.36427,1.00,1.87
2018.04.23 15:52:48.440,1.36415,1.36427,1.00,1.00
2018.04.23 15:52:48.492,1.36419,1.36435,1.12,1.50
2018.04.23 15:52:48.544,1.36421,1.36436,1.00,1.00
2018.04.23 15:52:48.596,1.36423,1.36445,1.75,2.25
2018.04.23 15:52:48.648,1.36433,1.36449,1.37,1.50
2018.04.23 15:52:48.882,1.36438,1.36461,1.07,1.00
2018.04.23 15:52:48.935,1.36439,1.36459,1.00,1.00
2018.04.23 15:52:49.198,1.36424,1.36445,1.10,1.00
2018.04.23 15:52:49.302,1.3643,1.36453,1.50,3.37
2018.04.23 15:52:49.425,1.36432,1.36453,1.12,1.50
2018.04.23 15:52:49.480,1.36427,1.3645,1.20,1.50
2018.04.23 15:52:49.703,1.36424,1.36446,1.12,1.50
2018.04.23 15:52:50.015,1.36426,1.36448,1.00,1.00
2018.04.23 15:52:50.340,1.36436,1.36456,1.00,1.00
2018.04.23 15:52:50.392,1.36436,1.36458,1.12,1.00
2018.04.23 15:52:50.445,1.36438,1.36459,1.00,1.50
2018.04.23 15:52:51.017,1.36437,1.36459,2.32,1.00
2018.04.23 15:52:51.296,1.36434,1.36455,1.57,1.50
2018.04.23 15:52:51.500,1.36432,1.36454,1.00,1.50
2018.04.23 15:52:51.552,1.36434,1.36454,1.00,1.00
2018.04.23 15:52:51.898,1.36428,1.36449,1.00,2.25
2018.04.23 15:52:51.949,1.36426,1.3644,1.00,1.00
2018.04.23 15:52:52.001,1.36421,1.36439,1.20,1.00
2018.04.23 15:52:52.169,1.36418,1.36435,1.12,1.00
2018.04.23 15:52:52.324,1.36409,1.36427,1.00,1.00
2018.04.23 15:52:52.477,1.36408,1.36425,1.00,1.00
2018.04.23 15:52:52.631,1.36407,1.36427,1.00,1.00
2018.04.23 15:52:52.683,1.36407,1.36429,2.25,1.00
2018.04.23 15:52:52.840,1.36409,1.3643,1.50,1.00
2018.04.23 15:52:52.997,1.3641,1.36433,1.12,1.00
2018.04.23 15:52:53.049,1.36412,1.36434,1.00,1.10
2018.04.23 15:52:53.366,1.36414,1.36436,1.12,1.00
2018.04.23 15:52:53.854,1.36411,1.36434,1.12,1.00
2018.04.23 15:52:54.314,1.36413,1.36433,1.00,1.00
2018.04.23 15:52:54.365,1.36413,1.36436,1.50,1.07
2018.04.23 15:52:54.618,1.36412,1.36437,2.62,1.20
2018.04.23 15:52:55.123,1.36413,1.36436,1.12,1.00
2018.04.23 15:52:55.227,1.36413,1.36434,1.00,1.00
2018.04.23 15:52:55.279,1.36414,1.36436,1.00,1.00
2018.04.23 15:52:55.814,1.36415,1.36435,1.00,1.00
2018.04.23 15:52:55.968,1.36414,1.3643,1.00,1.00
2018.04.23 15:52:56.071,1.36408,1.36428,1.00,1.00
2018.04.23 15:52:56.124,1.36408,1.36426,1.00,1.00
2018.04.23 15:52:56.327,1.36405,1.36425,1.12,1.00
2018.04.23 15:52:56.379,1.36404,1.3642,1.00,1.00
2018.04.23 15:52:56.430,1.36399,1.36419,1.57,1.00
2018.04.23 15:52:56.688,1.36396,1.36412,1.00,1.00
2018.04.23 15:52:56.739,1.36394,1.36412,2.25,1.00
2018.04.23 15:52:56.791,1.36392,1.36412,1.00,1.00
2018.04.23 15:52:56.844,1.36387,1.36403,1.00,1.00
2018.04.23 15:52:56.896,1.36383,1.36403,2.62,1.00
2018.04.23 15:52:56.948,1.36383,1.36405,1.37,1.00
2018.04.23 15:52:57.051,1.36385,1.36401,1.00,1.00
2018.04.23 15:52:57.102,1.36385,1.36403,1.00,1.00
2018.04.23 15:52:57.306,1.3638,1.36402,1.10,1.00
2018.04.23 15:52:57.854,1.3638,1.36401,1.50,1.00
2018.04.23 15:52:57.911,1.36378,1.36398,1.00,1.50
2018.04.23 15:52:58.013,1.36372,1.36394,1.10,1.00
2018.04.23 15:52:58.064,1.36371,1.36392,1.00,1.00
2018.04.23 15:52:58.401,1.36374,1.36393,1.00,1.00
2018.04.23 15:52:58.453,1.36372,1.36394,1.12,1.00
2018.04.23 15:52:58.660,1.36377,1.36398,1.37,1.57
2018.04.23 15:52:58.772,1.36378,1.36401,1.12,1.50
2018.04.23 15:52:58.886,1.36379,1.36401,1.50,1.00
2018.04.23 15:52:59.200,1.36371,1.36392,1.00,2.32
2018.04.23 15:52:59.253,1.36376,1.36397,1.00,1.00
2018.04.23 15:52:59.304,1.36378,1.36398,1.00,1.00
2018.04.23 15:52:59.406,1.36379,1.364,1.00,1.00
2018.04.23 15:52:59.925,1.36379,1.36399,1.00,1.00
2018.04.23 15:53:00.177,1.3638,1.36401,1.00,1.00
2018.04.23 15:53:00.229,1.36382,1.36402,1.00,1.00
2018.04.23 15:53:00.384,1.36385,1.36407,1.12,2.25
2018.04.23 15:53:00.487,1.36387,1.36408,1.00,1.00
2018.04.23 15:53:00.743,1.36387,1.3641,1.10,1.00
2018.04.23 15:53:00.954,1.3639,1.36411,1.50,1.00
2018.04.23 15:53:01.257,1.36394,1.36416,1.00,1.07
2018.04.23 15:53:01.668,1.36396,1.36415,1.00,1.00
2018.04.23 15:53:01.770,1.36396,1.36418,1.00,1.00
2018.04.23 15:53:01.899,1.36393,1.36416,1.57,1.12
2018.04.23 15:53:02.053,1.36389,1.36413,1.20,1.87
2018.04.23 15:53:02.105,1.36389,1.3641,1.12,1.00
2018.04.23 15:53:02.208,1.3639,1.36412,1.00,1.50
2018.04.23 15:53:02.362,1.36395,1.36415,1.37,3.00
2018.04.23 15:53:02.414,1.36393,1.36416,2.25,1.50
2018.04.23 15:53:02.622,1.36393,1.36414,1.10,1.00
2018.04.23 15:53:02.827,1.36394,1.36416,1.00,1.00
2018.04.23 15:53:03.085,1.36392,1.36414,1.57,1.50
2018.04.23 15:53:03.395,1.36399,1.36415,1.00,1.50
2018.04.23 15:53:03.498,1.36402,1.36423,1.12,1.50
2018.04.23 15:53:03.617,1.36402,1.36425,1.00,3.00
2018.04.23 15:53:04.131,1.36403,1.36424,1.00,1.50
2018.04.23 15:53:04.338,1.364,1.3642,1.00,1.00
2018.04.23 15:53:04.493,1.36393,1.36414,1.12,1.00
2018.04.23 15:53:04.716,1.36391,1.36413,1.87,1.00
2018.04.23 15:53:05.023,1.36386,1.36407,1.07,1.00
2018.04.23 15:53:05.074,1.36385,1.36406,2.25,1.00
2018.04.23 15:53:05.126,1.36388,1.36408,1.00,1.00
2018.04.23 15:53:05.190,1.3639,1.36411,1.00,1.87
2018.04.23 15:53:05.895,1.36388,1.36409,1.20,1.00
2018.04.23 15:53:06.202,1.36391,1.36409,1.00,1.00
2018.04.23 15:53:06.535,1.364,1.36419,1.00,1.87
2018.04.23 15:53:06.597,1.36396,1.36418,1.87,1.00
2018.04.23 15:53:06.701,1.364,1.36419,1.00,1.00
2018.04.23 15:53:06.753,1.36397,1.36419,1.10,1.00
2018.04.23 15:53:06.960,1.364,1.36423,1.12,1.50
2018.04.23 15:53:07.063,1.364,1.36423,1.87,1.50
2018.04.23 15:53:07.117,1.36403,1.36425,1.50,1.00
2018.04.23 15:53:07.169,1.36405,1.36425,1.12,1.00
2018.04.23 15:53:07.768,1.36406,1.36425,1.50,1.00
2018.04.23 15:53:07.922,1.36399,1.36419,1.87,1.00
2018.04.23 15:53:07.974,1.364,1.36421,1.50,1.50
2018.04.23 15:53:08.077,1.36404,1.36424,1.00,1.50
2018.04.23 15:53:08.426,1.36407,1.36428,1.87,1.00
2018.04.23 15:53:08.479,1.36403,1.36424,1.00,1.50
2018.04.23 15:53:08.635,1.36401,1.36423,1.12,1.00
2018.04.23 15:53:08.840,1.36403,1.36423,1.12,1.00
2018.04.23 15:53:09.171,1.36412,1.36434,1.87,1.00
2018.04.23 15:53:09.378,1.36414,1.36435,1.00,1.50
2018.04.23 15:53:09.700,1.36413,1.36432,1.00,1.00
2018.04.23 15:53:09.857,1.36403,1.36426,1.12,1.00
2018.04.23 15:53:10.093,1.36403,1.36424,1.87,1.00
2018.04.23 15:53:10.197,1.36404,1.36426,1.00,1.87
2018.04.23 15:53:10.444,1.36403,1.36424,1.50,1.00
2018.04.23 15:53:10.768,1.36405,1.36424,1.00,1.00
2018.04.23 15:53:11.280,1.36405,1.36425,1.00,1.00
2018.04.23 15:53:11.434,1.36402,1.36424,1.00,1.00
2018.04.23 15:53:11.486,1.36402,1.36421,1.00,1.00
2018.04.23 15:53:11.538,1.36405,1.36426,1.00,1.07
2018.04.23 15:53:11.691,1.36406,1.36427,1.00,1.00
2018.04.23 15:53:12.207,1.36405,1.36426,1.00,1.00
2018.04.23 15:53:12.749,1.36405,1.36425,1.00,1.00
2018.04.23 15:53:13.260,1.364,1.36419,1.37,1.00
2018.04.23 15:53:13.367,1.36397,1.36418,1.47,1.00
2018.04.23 15:53:13.625,1.36396,1.36418,1.50,1.00
2018.04.23 15:53:13.677,1.36396,1.36416,1.50,1.00
2018.04.23 15:53:14.246,1.36392,1.3641,1.00,1.00
2018.04.23 15:53:14.300,1.3639,1.36409,1.00,1.00
2018.04.23 15:53:14.353,1.36394,1.36414,1.12,1.10
2018.04.23 15:53:14.530,1.36396,1.36414,1.00,1.00
2018.04.23 15:53:14.876,1.36397,1.36416,1.00,1.00
2018.04.23 15:53:15.574,1.364,1.36421,1.37,1.57
2018.04.23 15:53:15.644,1.364,1.36421,1.87,1.00
2018.04.23 15:53:15.697,1.36408,1.36425,1.00,1.50
2018.04.23 15:53:15.750,1.36409,1.36428,1.00,2.25
2018.04.23 15:53:15.855,1.36408,1.3643,1.50,1.12
2018.04.23 15:53:16.171,1.3641,1.36431,1.00,1.50
2018.04.23 15:53:16.691,1.36411,1.3643,1.00,1.00
2018.04.23 15:53:17.412,1.3641,1.3643,1.50,1.12
2018.04.23 15:53:17.922,1.3641,1.36429,1.50,1.00
2018.04.23 15:53:18.418,1.36407,1.36428,1.00,1.00
2018.04.23 15:53:18.469,1.36404,1.36425,1.50,1.00
2018.04.23 15:53:18.814,1.3641,1.36431,1.00,1.00
2018.04.23 15:53:19.217,1.36412,1.36431,1.00,1.00
2018.04.23 15:53:19.755,1.36412,1.36432,1.50,1.00
2018.04.23 15:53:20.220,1.36413,1.36434,1.50,1.10
2018.04.23 15:53:20.368,1.36418,1.36436,1.00,1.07
2018.04.23 15:53:20.426,1.3642,1.36439,1.00,1.00
2018.04.23 15:53:20.580,1.36421,1.36441,1.00,1.12
2018.04.23 15:53:20.683,1.36422,1.36443,1.00,2.25
2018.04.23 15:53:21.437,1.36422,1.36441,1.00,1.00
2018.04.23 15:53:21.540,1.36423,1.36443,1.00,2.62
2018.04.23 15:53:21.803,1.36425,1.36446,1.00,1.57
2018.04.23 15:53:22.115,1.36417,1.36437,2.25,1.00
2018.04.23 15:53:22.500,1.36416,1.36432,1.00,1.00
2018.04.23 15:53:22.568,1.36411,1.36432,1.00,1.50
2018.04.23 15:53:22.778,1.36416,1.36432,1.00,1.00
2018.04.23 15:53:22.922,1.36419,1.36439,1.00,2.32
2018.04.23 15:53:22.975,1.3642,1.36441,1.00,1.57
2018.04.23 15:53:23.551,1.36422,1.36442,1.00,1.50
2018.04.23 15:53:23.872,1.36425,1.36445,1.00,1.00
2018.04.23 15:53:24.455,1.36426,1.36445,1.00,1.00
2018.04.23 15:53:24.664,1.36427,1.36447,1.00,1.20
2018.04.23 15:53:25.208,1.36426,1.36446,1.00,1.00
2018.04.23 15:53:25.599,1.36423,1.36442,1.00,1.00
2018.04.23 15:53:25.704,1.36418,1.36439,1.00,1.00
2018.04.23 15:53:25.809,1.36416,1.36438,1.20,1.00
2018.04.23 15:53:26.117,1.36415,1.36434,1.95,1.00
2018.04.23 15:53:26.639,1.36415,1.36434,1.00,1.00
2018.04.23 15:53:27.168,1.36416,1.36435,1.00,1.50
2018.04.23 15:53:27.321,1.36414,1.36435,1.12,2.25
2018.04.23 15:53:27.871,1.36415,1.36434,1.00,1.00
2018.04.23 15:53:28.418,1.36415,1.36435,1.00,1.50
2018.04.23 15:53:28.677,1.36413,1.36428,1.50,1.00
2018.04.23 15:53:28.729,1.36409,1.36427,1.50,1.00
2018.04.23 15:53:28.860,1.36407,1.36427,1.50,1.00
2018.04.23 15:53:28.914,1.36407,1.36425,1.50,1.00
2018.04.23 15:53:29.654,1.3641,1.36425,1.00,1.00
2018.04.23 15:53:29.706,1.36416,1.36433,1.00,1.00
2018.04.23 15:53:29.810,1.36412,1.36429,1.50,1.00
2018.04.23 15:53:30.394,1.36412,1.3643,1.00,2.25
2018.04.23 15:53:31.428,1.36412,1.36429,1.00,1.00
2018.04.23 15:53:31.633,1.3641,1.36429,1.00,1.00
2018.04.23 15:53:31.685,1.36411,1.36431,1.00,2.62
2018.04.23 15:53:31.737,1.36413,1.36431,1.00,2.25
2018.04.23 15:53:31.941,1.36411,1.36431,1.00,2.25
2018.04.23 15:53:32.973,1.3641,1.36428,1.00,1.00
2018.04.23 15:53:33.315,1.36407,1.36424,1.00,1.00
2018.04.23 15:53:33.418,1.36409,1.36428,1.00,1.00
2018.04.23 15:53:34.522,1.36409,1.36429,1.00,1.50
2018.04.23 15:53:34.575,1.36412,1.36429,1.00,1.00
2018.04.23 15:53:34.681,1.36402,1.3642,1.00,1.50
2018.04.23 15:53:35.208,1.36408,1.36421,1.00,1.00
2018.04.23 15:53:35.261,1.36408,1.36426,1.00,1.00
2018.04.23 15:53:35.417,1.36406,1.36423,1.87,1.00
2018.04.23 15:53:35.631,1.36407,1.36427,1.00,1.07
2018.04.23 15:53:35.683,1.36408,1.36428,1.00,1.57
2018.04.23 15:53:35.734,1.3641,1.36427,1.00,1.00
2018.04.23 15:53:36.147,1.36409,1.36429,1.00,1.00
2018.04.23 15:53:36.199,1.36413,1.3643,1.00,1.50
2018.04.23 15:53:36.348,1.36414,1.36433,1.50,1.50
2018.04.23 15:53:36.400,1.36417,1.36439,1.00,4.20
2018.04.23 15:53:36.857,1.36419,1.36438,1.00,1.87
2018.04.23 15:53:37.192,1.36423,1.36444,1.00,1.00
2018.04.23 15:53:37.803,1.36424,1.36444,1.00,1.00
2018.04.23 15:53:38.108,1.36424,1.3644,1.00,1.00
2018.04.23 15:53:38.270,1.36422,1.3644,3.00,1.00
2018.04.23 15:53:38.373,1.36424,1.3644,1.00,1.00
2018.04.23 15:53:38.476,1.36422,1.3644,1.00,1.00
2018.04.23 15:53:38.751,1.36424,1.3644,1.00,1.00
2018.04.23 15:53:38.806,1.36422,1.36444,1.50,1.50
2018.04.23 15:53:39.015,1.36422,1.36442,1.57,1.00
2018.04.23 15:53:39.328,1.3642,1.36438,1.00,1.00
2018.04.23 15:53:39.836,1.36421,1.36438,1.00,1.00
2018.04.23 15:53:40.024,1.36424,1.36444,1.00,1.87
2018.04.23 15:53:40.076,1.36426,1.36444,1.00,1.12
2018.04.23 15:53:40.127,1.36424,1.36444,1.00,1.00
2018.04.23 15:53:40.179,1.36427,1.36445,1.00,3.00
2018.04.23 15:53:40.710,1.36426,1.36445,1.00,1.50
2018.04.23 15:53:41.224,1.36427,1.36444,1.00,1.00
2018.04.23 15:53:41.821,1.36427,1.36445,1.00,2.25
2018.04.23 15:53:42.422,1.36427,1.36444,1.00,1.00
2018.04.23 15:53:42.473,1.36424,1.36443,1.50,1.00
2018.04.23 15:53:42.796,1.36424,1.36439,1.00,1.00
2018.04.23 15:53:42.847,1.36423,1.36442,1.00,1.50
2018.04.23 15:53:43.190,1.36425,1.36445,1.00,1.50
2018.04.23 15:53:43.449,1.36427,1.36444,1.00,1.00
2018.04.23 15:53:43.978,1.36427,1.36446,1.00,1.00
2018.04.23 15:53:44.510,1.36427,1.36445,1.00,1.00
2018.04.23 15:53:45.073,1.36426,1.36446,1.00,1.00
2018.04.23 15:53:45.280,1.36427,1.36444,1.00,1.00
2018.04.23 15:53:47.279,1.36426,1.36446,1.00,1.00
2018.04.23 15:53:47.411,1.36428,1.36446,1.00,1.00
2018.04.23 15:53:47.930,1.36427,1.36446,1.00,1.00
2018.04.23 15:53:48.262,1.36427,1.36442,1.00,1.00
2018.04.23 15:53:48.314,1.36422,1.3644,1.00,1.00
2018.04.23 15:53:48.780,1.3642,1.3644,1.50,1.00
2018.04.23 15:53:49.290,1.36422,1.36439,1.00,1.00
2018.04.23 15:53:49.679,1.36419,1.36436,1.00,1.00
2018.04.23 15:53:50.065,1.36422,1.3644,1.00,1.00
2018.04.23 15:53:50.580,1.36421,1.36441,1.50,1.00
2018.04.23 15:53:51.115,1.36422,1.3644,1.00,1.00
2018.04.23 15:53:51.812,1.36421,1.36438,1.00,1.00
2018.04.23 15:53:51.950,1.36418,1.36437,1.00,1.00
2018.04.23 15:53:52.477,1.36418,1.36436,1.50,1.00
2018.04.23 15:53:52.999,1.36418,1.36435,1.50,1.00
2018.04.23 15:53:53.545,1.36418,1.36436,1.50,1.00
2018.04.23 15:53:54.066,1.36418,1.36435,1.00,1.00
2018.04.23 15:53:54.536,1.36418,1.3643,1.00,1.00
2018.04.23 15:53:54.589,1.36413,1.3643,1.00,1.00
2018.04.23 15:53:54.694,1.36414,1.36434,1.00,1.00
2018.04.23 15:53:55.871,1.36413,1.36429,1.00,1.00
2018.04.23 15:53:55.975,1.3641,1.36427,1.00,1.00
2018.04.23 15:53:56.027,1.36413,1.3643,1.00,1.00
2018.04.23 15:53:56.580,1.36414,1.36431,1.00,1.00
2018.04.23 15:53:56.997,1.36416,1.36432,1.00,1.00
2018.04.23 15:53:57.050,1.36414,1.36434,1.00,1.00
2018.04.23 15:53:57.586,1.36414,1.36432,1.50,1.00
2018.04.23 15:53:57.893,1.36411,1.36428,1.00,1.00
2018.04.23 15:53:58.376,1.36407,1.36425,1.50,1.00
2018.04.23 15:53:59.119,1.36408,1.36426,1.50,1.00
2018.04.23 15:53:59.622,1.36408,1.36425,1.00,1.00
2018.04.23 15:53:59.779,1.36406,1.36426,2.25,1.00
2018.04.23 15:53:59.831,1.36407,1.36424,1.00,1.00
2018.04.23 15:54:00.660,1.36406,1.36426,1.50,1.00
2018.04.23 15:54:02.320,1.36406,1.36424,2.25,1.00
2018.04.23 15:54:03.175,1.36401,1.36417,1.00,1.00
2018.04.23 15:54:03.284,1.36399,1.36417,1.00,1.00
2018.04.23 15:54:03.439,1.36401,1.36418,1.00,1.00
2018.04.23 15:54:03.542,1.36404,1.36422,1.00,1.00
2018.04.23 15:54:05.228,1.36402,1.3642,1.00,1.00
2018.04.23 15:54:06.792,1.36401,1.3642,1.50,1.00
2018.04.23 15:54:07.356,1.36402,1.3642,1.50,1.00
2018.04.23 15:54:07.409,1.36404,1.36423,1.00,1.00
2018.04.23 15:54:07.794,1.36406,1.36423,1.00,1.00
2018.04.23 15:54:07.898,1.36407,1.36425,1.00,1.00
2018.04.23 15:54:10.186,1.36408,1.36425,1.00,1.00
2018.04.23 15:54:10.588,1.36406,1.36424,1.50,1.00
2018.04.23 15:54:10.899,1.36403,1.36419,1.00,1.00
2018.04.23 15:54:10.951,1.36401,1.36418,1.50,1.00
2018.04.23 15:54:11.082,1.36401,1.36416,1.00,1.00
2018.04.23 15:54:11.134,1.36398,1.36416,2.25,1.00
2018.04.23 15:54:13.815,1.36403,1.36421,1.00,1.07
2018.04.23 15:54:13.868,1.36405,1.36423,1.00,1.50
2018.04.23 15:54:13.920,1.36408,1.36426,1.00,1.00
2018.04.23 15:54:14.127,1.36408,1.36428,1.12,1.50
2018.04.23 15:54:15.088,1.36407,1.36425,2.25,1.12
2018.04.23 15:54:15.631,1.36407,1.36424,1.00,1.00
2018.04.23 15:54:16.156,1.36406,1.36424,2.25,1.00
2018.04.23 15:54:17.389,1.36407,1.36423,1.00,1.00
2018.04.23 15:54:17.493,1.36402,1.36421,1.00,1.12
2018.04.23 15:54:19.126,1.36402,1.3642,1.00,1.00
2018.04.23 15:54:19.629,1.36402,1.36419,1.00,1.00
2018.04.23 15:54:20.141,1.36401,1.36419,1.00,1.00
2018.04.23 15:54:20.934,1.364,1.36421,1.00,1.12
2018.04.23 15:54:21.180,1.36403,1.36422,1.00,1.00
2018.04.23 15:54:21.233,1.36403,1.36424,1.50,3.00
2018.04.23 15:54:21.285,1.36405,1.36424,1.00,1.50
2018.04.23 15:54:23.455,1.36406,1.36425,1.00,1.00
2018.04.23 15:54:23.721,1.36404,1.36425,3.00,1.00
2018.04.23 15:54:24.222,1.36405,1.36425,1.00,1.00
2018.04.23 15:54:24.936,1.36404,1.3642,1.00,1.00
2018.04.23 15:54:25.092,1.36398,1.36418,1.00,1.00
2018.04.23 15:54:25.697,1.36399,1.36417,1.00,1.00
2018.04.23 15:54:25.807,1.36398,1.36419,2.25,1.12
2018.04.23 15:54:26.804,1.36398,1.36418,1.00,1.00
2018.04.23 15:54:26.913,1.36398,1.36416,1.50,1.00
2018.04.23 15:54:27.529,1.36398,1.36417,1.00,1.00
2018.04.23 15:54:28.752,1.36398,1.36418,1.00,1.00
2018.04.23 15:54:29.255,1.36398,1.36416,1.00,1.00
2018.04.23 15:54:29.763,1.36399,1.36417,1.00,1.00
2018.04.23 15:54:30.330,1.36398,1.36417,1.00,1.00
2018.04.23 15:54:30.836,1.36398,1.36418,1.00,1.00
2018.04.23 15:54:31.339,1.36399,1.36417,1.00,1.00
2018.04.23 15:54:32.209,1.36398,1.36418,2.25,1.00
2018.04.23 15:54:32.540,1.36405,1.36424,1.00,1.50
2018.04.23 15:54:32.695,1.36406,1.36426,1.00,1.50
2018.04.23 15:54:32.746,1.36406,1.36423,1.00,1.00
2018.04.23 15:54:33.378,1.36407,1.36423,1.00,1.00
2018.04.23 15:54:34.015,1.36407,1.36425,1.00,1.00
2018.04.23 15:54:34.646,1.36406,1.36425,1.50,1.00
2018.04.23 15:54:34.748,1.36407,1.36423,1.00,1.00
2018.04.23 15:54:35.258,1.36406,1.36424,1.00,1.00
2018.04.23 15:54:35.774,1.36407,1.36424,1.00,1.00
2018.04.23 15:54:36.949,1.36407,1.36425,1.00,1.00
2018.04.23 15:54:37.265,1.364,1.3642,1.50,1.00
2018.04.23 15:54:37.317,1.364,1.36418,1.50,1.00
2018.04.23 15:54:38.918,1.364,1.36419,1.50,1.00
2018.04.23 15:54:39.897,1.364,1.36418,1.50,1.00
2018.04.23 15:54:43.268,1.364,1.36416,1.00,1.00
2018.04.23 15:54:43.320,1.364,1.36418,1.50,1.00
2018.04.23 15:54:43.885,1.364,1.36419,1.00,1.00
2018.04.23 15:54:44.555,1.364,1.36417,1.00,1.00
2018.04.23 15:54:44.950,1.36402,1.36418,1.00,1.00
2018.04.23 15:54:45.644,1.364,1.36419,1.50,1.00
2018.04.23 15:54:46.166,1.36401,1.36419,1.00,1.00
2018.04.23 15:54:46.698,1.36402,1.36418,1.00,1.00
2018.04.23 15:54:46.749,1.364,1.36419,1.50,1.00
2018.04.23 15:54:47.342,1.36402,1.36418,1.00,1.00
2018.04.23 15:54:47.621,1.364,1.36419,1.50,1.00
2018.04.23 15:54:48.157,1.36402,1.36418,1.00,1.00
2018.04.23 15:54:48.366,1.364,1.36419,1.50,1.00
2018.04.23 15:54:48.626,1.36404,1.36421,1.00,1.87
2018.04.23 15:54:48.729,1.36404,1.36422,1.00,1.00
2018.04.23 15:54:49.270,1.36405,1.36422,1.00,1.00
2018.04.23 15:54:49.886,1.36406,1.36421,1.00,1.00
2018.04.23 15:54:50.038,1.36405,1.36424,1.50,1.12
2018.04.23 15:54:50.526,1.36405,1.36422,1.50,1.00
2018.04.23 15:54:51.051,1.36406,1.36423,1.00,1.00
2018.04.23 15:54:52.231,1.36405,1.36422,1.00,1.00
2018.04.23 15:54:53.167,1.36405,1.36424,1.00,1.00
2018.04.23 15:54:53.218,1.36406,1.36422,1.00,1.00
2018.04.23 15:54:53.315,1.36408,1.36425,1.00,1.00
2018.04.23 15:54:53.367,1.36406,1.36423,3.00,1.00
2018.04.23 15:54:53.676,1.3641,1.36426,1.00,1.00
2018.04.23 15:54:54.533,1.36412,1.36428,1.00,1.00
2018.04.23 15:54:54.737,1.36413,1.3643,1.00,1.00
2018.04.23 15:54:55.245,1.36414,1.36431,1.50,1.00
2018.04.23 15:54:56.465,1.36414,1.3643,1.50,1.00
2018.04.23 15:54:59.044,1.36414,1.36432,1.00,1.12
2018.04.23 15:54:59.869,1.36412,1.3643,1.00,1.00
2018.04.23 15:55:00.322,1.36415,1.36432,1.00,1.50
2018.04.23 15:55:00.579,1.36417,1.36435,1.00,1.10
2018.04.23 15:55:00.884,1.36419,1.36435,1.00,1.00
2018.04.23 15:55:01.737,1.36419,1.36436,1.00,1.00
2018.04.23 15:55:02.410,1.36418,1.36435,1.00,1.00
2018.04.23 15:55:05.494,1.36419,1.36437,1.00,1.00
2018.04.23 15:55:05.644,1.36419,1.36435,1.00,1.00
2018.04.23 15:55:06.003,1.36418,1.36437,1.00,1.00
2018.04.23 15:55:06.479,1.3642,1.36437,1.00,1.00
2018.04.23 15:55:06.582,1.36425,1.36444,1.00,2.25
2018.04.23 15:55:06.685,1.36428,1.36444,1.00,1.00
2018.04.23 15:55:07.188,1.36428,1.36445,1.00,1.00
2018.04.23 15:55:08.155,1.36429,1.36446,1.00,1.00
2018.04.23 15:55:08.713,1.36428,1.36447,1.00,1.00
2018.04.23 15:55:09.053,1.3643,1.36446,1.00,1.00
2018.04.23 15:55:09.104,1.36428,1.36447,1.00,1.00
2018.04.23 15:55:09.704,1.36429,1.36448,1.00,1.50
2018.04.23 15:55:09.913,1.36429,1.36446,1.00,1.00
2018.04.23 15:55:10.637,1.36427,1.36446,1.00,1.00
2018.04.23 15:55:11.730,1.36429,1.36446,1.00,1.00
2018.04.23 15:55:12.120,1.36427,1.36446,1.00,1.00
2018.04.23 15:55:12.304,1.36429,1.36446,1.00,1.00
2018.04.23 15:55:15.678,1.3643,1.36446,1.00,1.00
2018.04.23 15:55:17.114,1.36429,1.36448,1.00,1.00
2018.04.23 15:55:17.267,1.36429,1.36446,1.00,1.00
2018.04.23 15:55:17.536,1.36429,1.36448,1.00,1.00
2018.04.23 15:55:19.843,1.36431,1.36447,1.00,1.00
2018.04.23 15:55:19.974,1.36429,1.36446,1.00,1.00
2018.04.23 15:55:20.483,1.36429,1.36447,1.00,1.00
2018.04.23 15:55:21.069,1.36429,1.36446,1.00,1.00
2018.04.23 15:55:21.553,1.36426,1.36446,1.00,1.00
2018.04.23 15:55:21.707,1.36427,1.36444,1.00,1.00
2018.04.23 15:55:21.915,1.3642,1.36439,1.00,1.50
2018.04.23 15:55:22.417,1.36419,1.36438,1.00,1.00
2018.04.23 15:55:23.377,1.3642,1.36436,1.00,1.00
2018.04.23 15:55:24.938,1.36419,1.36436,1.00,1.00
2018.04.23 15:55:27.461,1.36418,1.36435,1.00,1.00
2018.04.23 15:55:27.985,1.36419,1.36435,1.00,1.00
2018.04.23 15:55:28.174,1.36419,1.36438,1.00,1.00
2018.04.23 15:55:28.226,1.36422,1.36438,1.00,1.00
2018.04.23 15:55:28.415,1.36421,1.3644,1.00,1.00
2018.04.23 15:55:28.468,1.36423,1.36439,1.00,1.00
2018.04.23 15:55:29.173,1.36423,1.3644,1.00,1.00
2018.04.23 15:55:29.735,1.36423,1.36439,1.00,1.00
2018.04.23 15:55:30.266,1.36423,1.3644,1.00,1.00
2018.04.23 15:55:30.823,1.36422,1.36441,1.00,1.00
2018.04.23 15:55:31.134,1.36424,1.3644,1.00,1.00
2018.04.23 15:55:31.822,1.36422,1.36439,1.00,1.00
2018.04.23 15:55:31.874,1.3642,1.36437,2.25,1.00
2018.04.23 15:55:32.354,1.36417,1.36436,1.50,1.00
2018.04.23 15:55:32.406,1.36418,1.36434,1.00,1.00
2018.04.23 15:55:32.510,1.36415,1.36434,2.25,1.00
2018.04.23 15:55:33.567,1.36416,1.36432,1.00,1.00
2018.04.23 15:55:33.670,1.36416,1.36434,1.00,1.00
2018.04.23 15:55:33.721,1.36418,1.36435,1.00,1.00
2018.04.23 15:55:34.149,1.36416,1.36435,1.50,1.00
2018.04.23 15:55:34.236,1.36418,1.36434,1.00,1.00
2018.04.23 15:55:34.393,1.36416,1.36435,1.00,1.00
2018.04.23 15:55:34.915,1.36416,1.36434,1.00,1.00
2018.04.23 15:55:35.430,1.36416,1.36433,1.00,1.00
2018.04.23 15:55:35.933,1.36417,1.36433,1.00,1.00
2018.04.23 15:55:36.922,1.36415,1.36433,1.00,1.00
2018.04.23 15:55:37.180,1.36415,1.36431,1.00,1.00
2018.04.23 15:55:37.711,1.36416,1.36432,1.00,1.00
2018.04.23 15:55:38.218,1.36415,1.36431,1.00,1.00
2018.04.23 15:55:38.377,1.36415,1.36433,1.00,1.50
2018.04.23 15:55:38.429,1.36415,1.36431,1.00,1.00
2018.04.23 15:55:39.688,1.36416,1.36432,1.00,1.00
2018.04.23 15:55:39.896,1.36414,1.36432,1.50,1.00
2018.04.23 15:55:40.864,1.36416,1.36432,1.00,1.00
2018.04.23 15:55:40.915,1.36414,1.36432,1.50,1.00
2018.04.23 15:55:41.220,1.36416,1.36432,1.00,1.00
2018.04.23 15:55:41.769,1.36415,1.36431,1.00,1.00
2018.04.23 15:55:41.871,1.36415,1.36433,1.00,1.50
2018.04.23 15:55:43.302,1.36417,1.36433,1.00,1.50
2018.04.23 15:55:43.804,1.36416,1.36432,1.00,1.00
2018.04.23 15:55:44.624,1.36414,1.36432,1.00,1.00
2018.04.23 15:55:45.138,1.36415,1.36431,1.00,1.00
2018.04.23 15:55:45.292,1.36413,1.36431,1.00,1.00
2018.04.23 15:55:45.887,1.36414,1.36432,1.00,1.00
2018.04.23 15:55:46.403,1.36415,1.36431,1.00,1.00
2018.04.23 15:55:46.677,1.3641,1.36426,1.00,1.00
2018.04.23 15:55:47.024,1.36407,1.36423,1.00,1.00
2018.04.23 15:55:48.213,1.36406,1.36422,1.00,1.00
2018.04.23 15:55:48.901,1.36407,1.36423,1.00,1.00
2018.04.23 15:55:49.461,1.36406,1.36422,1.00,1.00
2018.04.23 15:55:50.776,1.36405,1.36421,1.00,1.00
2018.04.23 15:55:51.434,1.36406,1.36422,1.00,1.00
2018.04.23 15:55:53.482,1.36406,1.36423,1.00,1.00
2018.04.23 15:55:54.109,1.36407,1.36424,1.00,1.50
2018.04.23 15:55:56.041,1.36406,1.36423,1.00,1.00
2018.04.23 15:55:56.638,1.36405,1.36421,1.00,1.00
2018.04.23 15:55:57.150,1.36406,1.36422,1.00,1.00
2018.04.23 15:55:57.252,1.36405,1.36424,1.00,1.50
2018.04.23 15:55:57.523,1.36406,1.36422,1.00,1.00
2018.04.23 15:55:58.281,1.36405,1.36422,1.00,1.00
2018.04.23 15:55:58.790,1.36406,1.36422,1.00,1.00
2018.04.23 15:55:59.119,1.364,1.36417,1.00,1.00
2018.04.23 15:55:59.692,1.36399,1.36416,1.00,1.00
2018.04.23 15:56:00.264,1.36401,1.36417,1.00,1.00
2018.04.23 15:56:00.368,1.36398,1.36415,1.00,1.00
2018.04.23 15:56:00.420,1.36398,1.36417,1.00,1.00
2018.04.23 15:56:01.353,1.364,1.36417,1.00,1.00
2018.04.23 15:56:01.786,1.36404,1.36419,1.00,1.50
2018.04.23 15:56:01.841,1.36407,1.36424,1.00,1.50
2018.04.23 15:56:02.097,1.36408,1.36427,1.00,1.50
2018.04.23 15:56:02.162,1.36404,1.36421,1.50,1.00
2018.04.23 15:56:02.316,1.36404,1.36423,1.00,1.00
2018.04.23 15:56:02.419,1.36406,1.36425,1.00,1.57
2018.04.23 15:56:02.748,1.36401,1.3642,1.50,1.50
2018.04.23 15:56:03.278,1.36402,1.36419,1.00,1.50
2018.04.23 15:56:04.080,1.36401,1.36417,1.00,1.00
2018.04.23 15:56:04.702,1.36401,1.36418,1.00,1.00
2018.04.23 15:56:05.211,1.364,1.36418,1.00,1.00
2018.04.23 15:56:05.647,1.36399,1.36416,1.00,1.00
2018.04.23 15:56:06.186,1.36399,1.36415,1.00,1.00
2018.04.23 15:56:07.065,1.36399,1.36416,1.00,1.00
2018.04.23 15:56:07.371,1.36404,1.36419,1.00,1.00
2018.04.23 15:56:07.474,1.36405,1.36421,1.00,1.00
2018.04.23 15:56:07.525,1.36408,1.36422,1.00,1.00
2018.04.23 15:56:07.577,1.3641,1.36426,1.00,1.00
2018.04.23 15:56:07.789,1.3641,1.36428,1.00,1.50
2018.04.23 15:56:08.300,1.36409,1.36428,1.00,1.50
2018.04.23 15:56:08.611,1.36411,1.36427,1.00,1.00
2018.04.23 15:56:09.127,1.3641,1.36428,1.00,1.50
2018.04.23 15:56:09.433,1.36412,1.36428,1.00,1.00
2018.04.23 15:56:09.484,1.36414,1.36431,1.00,1.50
2018.04.23 15:56:09.565,1.3641,1.36429,1.00,1.00
2018.04.23 15:56:09.618,1.36413,1.36431,1.00,1.50
2018.04.23 15:56:10.131,1.36414,1.36431,1.00,1.50
2018.04.23 15:56:10.778,1.36414,1.3643,1.00,1.00
2018.04.23 15:56:11.327,1.36413,1.3643,1.00,1.00
2018.04.23 15:56:11.855,1.36413,1.36431,1.00,1.50
2018.04.23 15:56:12.164,1.36411,1.36429,1.00,1.12
2018.04.23 15:56:12.476,1.36414,1.36431,1.00,1.00
2018.04.23 15:56:13.173,1.36415,1.36432,1.00,1.00
2018.04.23 15:56:14.023,1.3642,1.36435,1.00,1.00
2018.04.23 15:56:14.573,1.36419,1.36435,1.00,1.50
2018.04.23 15:56:15.093,1.36418,1.36435,1.00,1.00
2018.04.23 15:56:15.865,1.36417,1.36435,1.00,1.50
2018.04.23 15:56:16.408,1.36418,1.36435,1.00,1.50
2018.04.23 15:56:17.315,1.36419,1.36437,1.00,1.00
2018.04.23 15:56:17.367,1.36425,1.36438,1.00,1.00
2018.04.23 15:56:17.419,1.36425,1.36442,1.00,1.00
2018.04.23 15:56:18.212,1.36431,1.36445,1.00,1.00
2018.04.23 15:56:18.265,1.36429,1.36446,1.00,1.00
2018.04.23 15:56:18.525,1.36434,1.36447,1.00,1.00
2018.04.23 15:56:18.578,1.36435,1.3645,1.00,1.57
2018.04.23 15:56:18.683,1.36435,1.36452,1.00,1.00
2018.04.23 15:56:21.207,1.36433,1.36451,1.00,1.00
2018.04.23 15:56:21.259,1.36435,1.36451,1.00,1.00
2018.04.23 15:56:21.793,1.36435,1.36452,1.00,1.00
2018.04.23 15:56:22.294,1.36434,1.36452,1.00,1.00
2018.04.23 15:56:22.967,1.36434,1.3645,1.00,1.00
2018.04.23 15:56:23.916,1.36434,1.36451,1.00,1.00
2018.04.23 15:56:25.535,1.36433,1.36449,1.00,1.00
2018.04.23 15:56:25.587,1.36432,1.36451,1.00,1.50
2018.04.23 15:56:25.794,1.36434,1.3645,1.00,1.00
2018.04.23 15:56:26.319,1.36434,1.36451,1.00,1.00
2018.04.23 15:56:29.025,1.36434,1.3645,1.00,1.00
2018.04.23 15:56:29.128,1.36432,1.36451,1.00,1.00
2018.04.23 15:56:29.179,1.36431,1.36447,1.50,1.00
2018.04.23 15:56:29.766,1.3643,1.36447,1.00,1.00
2018.04.23 15:56:30.265,1.36432,1.3645,1.00,3.00
2018.04.23 15:56:30.437,1.36435,1.3645,1.00,2.25
2018.04.23 15:56:30.489,1.36438,1.36454,1.00,1.00
2018.04.23 15:56:31.030,1.36437,1.36455,1.00,1.00
2018.04.23 15:56:31.545,1.36437,1.36456,1.00,1.00
2018.04.23 15:56:31.856,1.36437,1.36454,1.00,1.00
2018.04.23 15:56:32.492,1.36437,1.36456,1.00,1.00
2018.04.23 15:56:33.801,1.36438,1.36454,1.00,1.00
2018.04.23 15:56:34.866,1.36436,1.36453,1.00,1.00
2018.04.23 15:56:35.228,1.36433,1.36449,1.00,1.00
2018.04.23 15:56:35.281,1.36433,1.36452,1.00,1.00
2018.04.23 15:56:35.385,1.36434,1.3645,1.00,1.00
2018.04.23 15:56:36.064,1.36433,1.36451,1.00,1.00
2018.04.23 15:56:36.381,1.36428,1.36446,1.00,1.00
2018.04.23 15:56:37.040,1.3643,1.36446,1.00,1.00
2018.04.23 15:56:37.558,1.36429,1.36445,1.00,1.00
2018.04.23 15:56:38.018,1.36427,1.36445,1.00,1.00
2018.04.23 15:56:38.780,1.36428,1.36444,1.00,1.00
2018.04.23 15:56:40.020,1.36429,1.36445,1.00,1.00
2018.04.23 15:56:40.125,1.36427,1.36445,1.00,1.00
2018.04.23 15:56:40.934,1.36429,1.36445,1.00,1.00
2018.04.23 15:56:41.465,1.36428,1.36444,1.00,1.00
2018.04.23 15:56:42.495,1.36426,1.36444,1.00,1.50
2018.04.23 15:56:42.546,1.36421,1.36439,1.00,1.50
2018.04.23 15:56:42.873,1.36421,1.36437,1.00,1.00
2018.04.23 15:56:43.282,1.36419,1.36435,1.00,1.00
2018.04.23 15:56:43.641,1.36421,1.36437,1.00,1.00
2018.04.23 15:56:44.168,1.36419,1.36437,1.00,1.00
2018.04.23 15:56:44.683,1.36418,1.36436,1.00,1.00
2018.04.23 15:56:45.328,1.3642,1.36436,1.00,1.00
2018.04.23 15:56:45.431,1.36418,1.36436,1.00,1.00
2018.04.23 15:56:46.697,1.3642,1.36436,1.00,1.00
2018.04.23 15:56:46.749,1.36418,1.36436,1.00,1.00
2018.04.23 15:56:46.853,1.36418,1.36434,1.00,1.00
2018.04.23 15:56:47.009,1.36421,1.36439,1.00,1.00
2018.04.23 15:56:47.061,1.36423,1.36439,1.00,1.00
2018.04.23 15:56:47.112,1.36419,1.36437,1.00,1.00
2018.04.23 15:56:47.163,1.36419,1.36435,1.00,1.00
2018.04.23 15:56:47.693,1.3642,1.36436,1.00,1.00
2018.04.23 15:56:48.563,1.36419,1.36435,1.00,1.00
2018.04.23 15:56:49.192,1.36419,1.36436,1.00,1.00
2018.04.23 15:56:51.158,1.36418,1.36436,1.00,1.00
2018.04.23 15:56:51.719,1.3642,1.36436,1.00,1.00
2018.04.23 15:56:51.876,1.3642,1.36438,1.00,1.00
2018.04.23 15:56:51.929,1.36417,1.36434,1.00,1.00
2018.04.23 15:56:52.068,1.36418,1.36436,1.00,1.57
2018.04.23 15:56:52.120,1.36416,1.36433,1.00,1.00
2018.04.23 15:56:52.428,1.36416,1.36431,1.00,1.00
2018.04.23 15:56:53.228,1.36416,1.36434,1.00,1.00
2018.04.23 15:56:53.799,1.36416,1.36435,1.00,1.00
2018.04.23 15:56:54.492,1.36417,1.36435,1.00,1.00
2018.04.23 15:56:54.777,1.36417,1.36433,1.00,1.00
2018.04.23 15:56:55.087,1.36418,1.36435,1.00,1.00
2018.04.23 15:56:56.112,1.36418,1.36434,1.00,1.00
2018.04.23 15:56:56.216,1.36418,1.36436,1.00,1.10
2018.04.23 15:56:56.738,1.36419,1.36435,1.00,1.00
2018.04.23 15:56:57.314,1.36417,1.36433,1.00,1.00
2018.04.23 15:56:57.367,1.36418,1.36436,1.00,1.50
2018.04.23 15:56:57.428,1.3642,1.36436,1.00,1.00
2018.04.23 15:56:57.735,1.36418,1.36434,1.00,1.00
2018.04.23 15:56:58.112,1.36418,1.36436,1.00,1.50
2018.04.23 15:56:58.640,1.36418,1.36434,1.00,1.00
2018.04.23 15:56:58.953,1.36416,1.36431,1.00,1.00
2018.04.23 15:56:59.393,1.36416,1.36433,1.50,1.00
2018.04.23 15:56:59.903,1.36417,1.36433,1.00,1.00
2018.04.23 15:56:59.955,1.36417,1.36435,1.00,1.00
2018.04.23 15:57:00.067,1.36419,1.36435,1.00,1.00
2018.04.23 15:57:00.124,1.36419,1.36437,1.00,1.10
2018.04.23 15:57:00.329,1.36418,1.36434,1.50,1.00
2018.04.23 15:57:00.856,1.36418,1.36435,1.00,1.00
2018.04.23 15:57:01.330,1.36417,1.36433,2.25,1.00
2018.04.23 15:57:01.617,1.36412,1.3643,1.50,1.50
2018.04.23 15:57:01.724,1.36414,1.3643,1.00,1.50
2018.04.23 15:57:02.332,1.36415,1.36431,1.00,1.00
2018.04.23 15:57:02.384,1.36415,1.36433,1.00,1.00
2018.04.23 15:57:02.436,1.36415,1.36431,1.00,1.00
2018.04.23 15:57:03.350,1.36416,1.36432,1.00,1.00
2018.04.23 15:57:03.741,1.36413,1.36429,1.00,1.00
2018.04.23 15:57:03.947,1.36411,1.36428,1.50,1.00
2018.04.23 15:57:04.533,1.36412,1.36428,1.00,1.00
2018.04.23 15:57:04.585,1.36414,1.3643,1.00,1.50
2018.04.23 15:57:05.203,1.36412,1.3643,1.00,1.50
2018.04.23 15:57:05.729,1.36413,1.36431,1.00,1.10
2018.04.23 15:57:06.198,1.36415,1.36431,1.00,1.50
2018.04.23 15:57:06.941,1.36414,1.36431,1.00,1.00
2018.04.23 15:57:07.319,1.36416,1.36434,1.00,2.32
2018.04.23 15:57:07.861,1.36417,1.36432,1.00,1.00
2018.04.23 15:57:08.378,1.36417,1.36433,1.00,1.00
2018.04.23 15:57:09.007,1.36417,1.36432,1.00,1.00
2018.04.23 15:57:09.627,1.36417,1.36433,1.00,1.00
2018.04.23 15:57:10.128,1.36418,1.36434,1.00,1.00
2018.04.23 15:57:10.444,1.36416,1.36432,1.00,1.00
2018.04.23 15:57:11.027,1.36417,1.36433,1.00,1.50
2018.04.23 15:57:11.079,1.36415,1.36433,1.00,1.00
2018.04.23 15:57:11.131,1.36417,1.36433,1.00,1.50
2018.04.23 15:57:11.593,1.36415,1.36433,1.00,1.00
2018.04.23 15:57:12.406,1.36414,1.36432,1.50,1.00
2018.04.23 15:57:13.847,1.36416,1.36432,1.00,1.00
2018.04.23 15:57:14.355,1.36415,1.36431,1.00,1.00
2018.04.23 15:57:15.013,1.36415,1.36433,1.00,1.50
2018.04.23 15:57:15.608,1.36416,1.36432,1.00,1.00
2018.04.23 15:57:15.660,1.36416,1.36434,1.00,1.00
2018.04.23 15:57:15.864,1.36418,1.36434,1.00,1.00
2018.04.23 15:57:16.169,1.3642,1.36436,1.00,1.10
2018.04.23 15:57:16.271,1.36419,1.36438,1.00,1.57
2018.04.23 15:57:16.430,1.36419,1.36435,1.00,1.00
2018.04.23 15:57:16.941,1.36418,1.36436,1.00,1.00
2018.04.23 15:57:17.803,1.3642,1.36436,1.00,1.00
2018.04.23 15:57:18.253,1.36415,1.36432,1.00,1.00
2018.04.23 15:57:18.357,1.36417,1.36434,1.00,1.10
2018.04.23 15:57:18.512,1.36418,1.36436,1.00,1.00
2018.04.23 15:57:19.115,1.3642,1.36437,1.00,1.10
2018.04.23 15:57:19.791,1.3642,1.36438,1.00,2.25
2018.04.23 15:57:23.073,1.36421,1.36439,1.00,2.32
2018.04.23 15:57:23.869,1.36421,1.36437,1.00,1.50
2018.04.23 15:57:24.332,1.36419,1.36437,1.00,1.50
2018.04.23 15:57:24.544,1.36421,1.36434,1.00,1.00
2018.04.23 15:57:24.596,1.36416,1.36432,1.00,1.00
2018.04.23 15:57:24.751,1.36414,1.36432,1.50,1.00
2018.04.23 15:57:24.906,1.36416,1.36433,1.00,1.00
2018.04.23 15:57:25.685,1.36415,1.36433,1.00,1.00
2018.04.23 15:57:27.189,1.36415,1.36431,1.00,1.00
2018.04.23 15:57:28.064,1.36414,1.3643,1.00,1.00
2018.04.23 15:57:29.319,1.36418,1.36434,1.00,1.50
2018.04.23 15:57:30.213,1.36419,1.36435,1.00,1.00
2018.04.23 15:57:30.318,1.36414,1.36432,1.00,1.50
2018.04.23 15:57:30.468,1.36416,1.36432,1.00,1.00
2018.04.23 15:57:30.779,1.3642,1.36436,1.00,1.00
2018.04.23 15:57:30.882,1.36416,1.36434,1.00,1.00
2018.04.23 15:57:31.586,1.36419,1.36435,1.00,1.00
2018.04.23 15:57:32.096,1.3642,1.36436,1.00,1.50
2018.04.23 15:57:32.336,1.36414,1.36433,1.00,1.00
2018.04.23 15:57:32.439,1.36415,1.36431,1.00,1.00
2018.04.23 15:57:32.595,1.36416,1.36434,1.00,1.50
2018.04.23 15:57:32.956,1.3642,1.36434,1.00,1.50
2018.04.23 15:57:33.042,1.3642,1.36436,1.00,1.50
2018.04.23 15:57:33.094,1.36418,1.36434,1.00,1.00
2018.04.23 15:57:34.768,1.36419,1.36435,1.00,1.00
2018.04.23 15:57:35.277,1.36418,1.36434,1.00,1.50
2018.04.23 15:57:36.626,1.36416,1.36434,1.00,1.00
2018.04.23 15:57:37.641,1.36418,1.36434,1.00,1.00
2018.04.23 15:57:38.940,1.36416,1.36434,1.00,1.00
2018.04.23 15:57:38.991,1.3642,1.36434,1.00,1.00
2018.04.23 15:57:39.608,1.36416,1.36434,1.00,1.00
2018.04.23 15:57:40.140,1.36416,1.36435,1.00,1.57
2018.04.23 15:57:40.306,1.36417,1.36433,1.00,1.00
2018.04.23 15:57:40.622,1.36421,1.36436,1.00,1.00
2018.04.23 15:57:40.854,1.36415,1.36432,1.50,1.00
2018.04.23 15:57:40.959,1.36415,1.3643,1.00,1.00
2018.04.23 15:57:41.063,1.36413,1.36429,1.00,1.50
2018.04.23 15:57:45.157,1.36412,1.3643,1.00,1.00
2018.04.23 15:57:45.670,1.36413,1.36429,1.00,1.00
2018.04.23 15:57:46.177,1.36413,1.36431,1.00,1.50
2018.04.23 15:57:46.303,1.36418,1.3643,1.00,1.00
2018.04.23 15:57:46.355,1.36418,1.36434,1.00,1.00
2018.04.23 15:57:46.459,1.3642,1.36436,1.00,1.00
2018.04.23 15:57:46.562,1.36421,1.36439,1.50,1.50
2018.04.23 15:57:46.822,1.36423,1.36439,1.00,2.25
2018.04.23 15:57:46.926,1.36421,1.36438,1.00,1.00
2018.04.23 15:57:48.059,1.3642,1.36438,1.50,1.00
2018.04.23 15:57:48.828,1.36421,1.36438,1.50,1.00
2018.04.23 15:57:49.573,1.36422,1.36438,1.00,1.00
2018.04.23 15:57:50.270,1.36422,1.36439,1.00,1.00
2018.04.23 15:57:50.800,1.3642,1.36438,1.00,1.12
2018.04.23 15:57:50.851,1.36419,1.36435,1.00,1.00
2018.04.23 15:57:51.258,1.36417,1.36436,1.00,1.00
2018.04.23 15:57:51.309,1.36419,1.36436,1.00,1.00
2018.04.23 15:57:51.637,1.36416,1.3643,1.00,1.00
2018.04.23 15:57:52.207,1.36415,1.36431,1.00,1.00
2018.04.23 15:57:52.730,1.36414,1.3643,1.00,1.00
2018.04.23 15:57:53.121,1.36411,1.36429,1.00,1.00
2018.04.23 15:57:53.688,1.36411,1.36428,1.00,1.00
2018.04.23 15:57:54.194,1.36412,1.36428,1.00,1.00
2018.04.23 15:57:56.276,1.36412,1.3643,1.00,2.32
2018.04.23 15:57:56.725,1.36412,1.36428,1.00,1.00
2018.04.23 15:57:56.778,1.36412,1.36431,1.00,1.57
2018.04.23 15:57:56.831,1.36414,1.36432,1.00,1.00
2018.04.23 15:57:57.150,1.36414,1.3643,1.00,1.00
2018.04.23 15:57:57.202,1.36414,1.36432,1.00,1.00
2018.04.23 15:57:57.741,1.36413,1.36431,1.00,1.00
2018.04.23 15:57:58.397,1.36416,1.36433,1.00,3.00
2018.04.23 15:57:58.707,1.36412,1.3643,1.00,1.00
2018.04.23 15:57:58.766,1.36409,1.36426,1.87,1.00
2018.04.23 15:57:58.818,1.36406,1.36425,1.57,1.00
2018.04.23 15:57:58.975,1.36408,1.36424,1.00,1.00
2018.04.23 15:57:59.153,1.36408,1.36426,1.00,1.00
2018.04.23 15:57:59.205,1.36408,1.36424,1.00,1.00
2018.04.23 15:58:00.007,1.36408,1.36426,1.00,1.00
2018.04.23 15:58:00.511,1.36409,1.36427,1.00,1.50
2018.04.23 15:58:00.615,1.36412,1.36427,1.00,1.00
2018.04.23 15:58:00.669,1.36412,1.36429,1.00,1.00
2018.04.23 15:58:01.186,1.36413,1.36429,1.00,1.00
2018.04.23 15:58:01.420,1.36413,1.36432,1.00,1.87
2018.04.23 15:58:02.054,1.36413,1.36431,1.00,1.50
2018.04.23 15:58:02.326,1.36417,1.36433,1.00,1.50
2018.04.23 15:58:02.430,1.36414,1.36433,1.00,1.50
2018.04.23 15:58:02.608,1.36413,1.36431,1.00,1.00
2018.04.23 15:58:03.047,1.36417,1.36433,1.00,1.00
2018.04.23 15:58:03.206,1.36415,1.36434,1.00,1.00
2018.04.23 15:58:03.462,1.36417,1.36434,1.00,1.00
2018.04.23 15:58:03.513,1.36415,1.36433,1.00,1.00
2018.04.23 15:58:03.850,1.36414,1.3643,1.00,1.00
2018.04.23 15:58:04.187,1.36411,1.36427,1.50,1.00
2018.04.23 15:58:05.461,1.36412,1.36428,1.00,1.00
2018.04.23 15:58:05.911,1.36408,1.36426,1.00,1.00
2018.04.23 15:58:06.083,1.36406,1.36424,1.50,1.00
2018.04.23 15:58:07.052,1.36406,1.36423,1.00,1.00
2018.04.23 15:58:07.360,1.36405,1.36421,1.00,1.00
2018.04.23 15:58:07.412,1.36401,1.36419,1.87,1.00
2018.04.23 15:58:07.464,1.36399,1.36417,1.00,1.00
2018.04.23 15:58:07.804,1.36397,1.36413,1.00,1.00
2018.04.23 15:58:08.438,1.36396,1.36412,1.00,1.00
2018.04.23 15:58:09.257,1.36398,1.36415,1.00,1.50
2018.04.23 15:58:09.462,1.36403,1.36418,1.00,2.32
2018.04.23 15:58:09.666,1.36409,1.36425,1.00,1.00
2018.04.23 15:58:09.718,1.36415,1.36427,1.00,1.00
2018.04.23 15:58:09.769,1.36414,1.3643,1.00,1.00
2018.04.23 15:58:10.200,1.36412,1.3643,1.00,1.00
2018.04.23 15:58:10.750,1.36413,1.36431,1.00,1.00
2018.04.23 15:58:11.059,1.36413,1.36429,1.00,1.00
2018.04.23 15:58:11.217,1.36411,1.3643,1.12,1.00
2018.04.23 15:58:11.403,1.36413,1.36429,1.00,1.00
2018.04.23 15:58:11.455,1.36411,1.36429,1.12,1.00
2018.04.23 15:58:11.511,1.36413,1.36429,1.00,1.00
2018.04.23 15:58:11.657,1.3641,1.36428,1.50,1.00
2018.04.23 15:58:11.860,1.36412,1.3643,1.00,1.00
2018.04.23 15:58:12.182,1.36416,1.36432,1.00,1.00
2018.04.23 15:58:13.060,1.36415,1.36432,1.00,1.00
2018.04.23 15:58:13.601,1.36416,1.36432,1.00,1.00
2018.04.23 15:58:14.414,1.36414,1.36432,1.00,1.00
2018.04.23 15:58:15.192,1.36417,1.36435,1.00,1.57
2018.04.23 15:58:15.490,1.36415,1.36433,1.00,1.00
2018.04.23 15:58:15.644,1.36414,1.3643,1.00,1.00
2018.04.23 15:58:15.984,1.36412,1.36428,1.00,1.00
2018.04.23 15:58:16.524,1.36411,1.36427,1.00,1.00
2018.04.23 15:58:17.940,1.36412,1.36428,1.00,1.00
2018.04.23 15:58:18.043,1.3641,1.36428,1.00,1.00
2018.04.23 15:58:18.617,1.36411,1.36427,1.00,1.00
2018.04.23 15:58:19.329,1.36412,1.36428,1.00,1.00
2018.04.23 15:58:20.781,1.36411,1.36427,1.00,1.00
2018.04.23 15:58:21.117,1.36411,1.36429,1.00,1.50
2018.04.23 15:58:21.424,1.36416,1.36432,1.00,1.00
2018.04.23 15:58:21.527,1.36418,1.36436,1.00,1.00
2018.04.23 15:58:21.579,1.3642,1.36436,1.00,1.00
2018.04.23 15:58:22.004,1.36418,1.36435,1.00,1.00
2018.04.23 15:58:22.309,1.36414,1.36431,1.00,1.00
2018.04.23 15:58:22.619,1.36413,1.36429,1.00,1.00
2018.04.23 15:58:22.671,1.36413,1.36431,1.00,1.00
2018.04.23 15:58:22.722,1.36418,1.36434,1.00,1.95
2018.04.23 15:58:22.826,1.36416,1.36433,1.00,1.50
2018.04.23 15:58:23.356,1.36416,1.36432,1.00,1.00
2018.04.23 15:58:23.873,1.36416,1.36433,1.00,1.50
2018.04.23 15:58:24.897,1.36416,1.36432,1.00,1.00
2018.04.23 15:58:25.688,1.36414,1.36433,1.00,1.50
2018.04.23 15:58:25.750,1.36416,1.36432,1.00,1.00
2018.04.23 15:58:26.120,1.36414,1.36433,1.00,1.50
2018.04.23 15:58:26.382,1.36416,1.36432,1.00,1.00
2018.04.23 15:58:26.563,1.36414,1.36433,1.00,1.50
2018.04.23 15:58:26.933,1.36416,1.36432,1.00,1.00
2018.04.23 15:58:27.444,1.36417,1.36433,1.00,2.25
2018.04.23 15:58:28.080,1.36416,1.36432,1.00,1.00
2018.04.23 15:58:28.622,1.36413,1.36433,1.00,1.50
2018.04.23 15:58:28.964,1.36416,1.36434,1.00,1.00
2018.04.23 15:58:29.478,1.36417,1.36435,1.00,1.50
2018.04.23 15:58:30.214,1.36417,1.36436,1.00,1.00
2018.04.23 15:58:30.782,1.36418,1.36436,1.00,1.00
2018.04.23 15:58:32.349,1.36417,1.36435,1.00,1.00
2018.04.23 15:58:34.746,1.36416,1.36434,1.50,1.00
2018.04.23 15:58:35.261,1.36416,1.36433,1.00,1.00
2018.04.23 15:58:35.312,1.36416,1.36435,1.00,1.00
2018.04.23 15:58:35.841,1.36417,1.36435,1.00,1.00
2018.04.23 15:58:36.002,1.36417,1.36437,1.00,1.50
2018.04.23 15:58:36.054,1.36416,1.36435,2.25,1.00
2018.04.23 15:58:36.259,1.36416,1.36437,1.50,1.50
2018.04.23 15:58:36.979,1.36417,1.36437,1.00,1.50
2018.04.23 15:58:37.545,1.36416,1.36437,2.25,1.50
2018.04.23 15:58:38.524,1.36416,1.36436,1.00,1.00
2018.04.23 15:58:43.438,1.36415,1.36434,1.00,1.00
2018.04.23 15:58:43.749,1.36411,1.36431,1.12,1.50
2018.04.23 15:58:43.904,1.36413,1.36431,1.00,1.50
2018.04.23 15:58:44.211,1.3641,1.36431,2.62,1.00
2018.04.23 15:58:44.571,1.36413,1.36431,1.00,1.50
2018.04.23 15:58:44.893,1.36411,1.36429,1.00,1.00
2018.04.23 15:58:45.413,1.36411,1.36428,1.00,1.00
2018.04.23 15:58:45.949,1.36411,1.36429,1.00,1.00
2018.04.23 15:58:46.258,1.36411,1.36427,1.00,1.00
2018.04.23 15:58:46.545,1.36411,1.36429,1.00,1.00
2018.04.23 15:58:47.144,1.36411,1.36428,1.00,1.00
2018.04.23 15:58:48.398,1.3641,1.36428,1.00,1.00
2018.04.23 15:58:48.548,1.36412,1.3643,1.00,1.00
2018.04.23 15:58:49.445,1.36413,1.36431,1.00,1.50
2018.04.23 15:58:49.781,1.36415,1.3643,1.00,1.00
2018.04.23 15:58:50.209,1.36412,1.36432,1.00,1.00
2018.04.23 15:58:50.713,1.36411,1.36431,1.50,1.00
2018.04.23 15:58:51.269,1.36412,1.36432,1.00,2.25
2018.04.23 15:58:51.321,1.36416,1.36431,1.00,1.12
2018.04.23 15:58:51.372,1.36411,1.36431,1.50,1.12
2018.04.23 15:58:51.423,1.36411,1.36429,1.50,1.00
2018.04.23 15:58:52.304,1.36409,1.36429,1.12,1.00
2018.04.23 15:58:53.141,1.3641,1.3643,1.00,2.25
2018.04.23 15:58:53.688,1.36409,1.36429,1.12,1.00
2018.04.23 15:58:54.730,1.36409,1.36427,1.12,1.00
2018.04.23 15:58:55.248,1.36408,1.36426,1.50,1.00
2018.04.23 15:58:55.629,1.36406,1.36426,1.00,1.00
2018.04.23 15:58:55.680,1.36408,1.36426,1.00,1.00
2018.04.23 15:58:56.862,1.36407,1.36428,1.00,1.50
2018.04.23 15:58:57.574,1.36408,1.36427,1.00,1.00
2018.04.23 15:58:59.128,1.36407,1.36426,1.00,1.00
2018.04.23 15:58:59.812,1.36408,1.36426,1.00,1.00
2018.04.23 15:59:00.126,1.36406,1.36427,1.00,1.00
2018.04.23 15:59:00.444,1.36409,1.36427,1.00,1.00
2018.04.23 15:59:00.754,1.36411,1.36429,1.00,1.50
2018.04.23 15:59:01.055,1.36418,1.36435,1.00,1.50
2018.04.23 15:59:01.576,1.36419,1.36435,1.00,1.50
2018.04.23 15:59:02.130,1.36418,1.36435,1.00,1.00
2018.04.23 15:59:02.337,1.36416,1.36435,1.00,1.50
2018.04.23 15:59:02.856,1.36417,1.36435,1.00,2.25
2018.04.23 15:59:03.472,1.36414,1.36432,1.12,1.00
2018.04.23 15:59:03.782,1.3641,1.36428,1.00,1.50
2018.04.23 15:59:04.350,1.36408,1.36429,1.12,2.62
2018.04.23 15:59:04.733,1.36408,1.36427,1.12,1.00
2018.04.23 15:59:05.285,1.36409,1.36427,1.00,1.50
2018.04.23 15:59:07.744,1.36408,1.36426,1.12,1.00
2018.04.23 15:59:07.950,1.36406,1.36426,1.00,1.50
2018.04.23 15:59:08.053,1.36404,1.36424,1.00,1.50
2018.04.23 15:59:08.373,1.36405,1.36421,1.00,1.00
2018.04.23 15:59:08.526,1.36406,1.36424,1.00,1.12
2018.04.23 15:59:08.630,1.36411,1.36428,1.00,1.00
2018.04.23 15:59:09.223,1.36412,1.36428,1.00,1.00
2018.04.23 15:59:10.153,1.36412,1.3643,1.00,1.00
2018.04.23 15:59:11.300,1.36408,1.36425,1.00,1.00
2018.04.23 15:59:12.224,1.36408,1.36426,1.00,1.50
2018.04.23 15:59:12.745,1.36406,1.36425,1.50,1.00
2018.04.23 15:59:13.767,1.36405,1.36426,2.25,1.50
2018.04.23 15:59:13.917,1.36406,1.36424,1.00,1.00
2018.04.23 15:59:15.861,1.36409,1.36424,1.00,1.00
2018.04.23 15:59:15.914,1.3641,1.36428,1.00,1.00
2018.04.23 15:59:16.122,1.36408,1.36426,1.50,1.00
2018.04.23 15:59:16.641,1.36409,1.36425,1.00,1.00
2018.04.23 15:59:17.146,1.36408,1.36426,1.50,1.50
2018.04.23 15:59:17.197,1.36406,1.36425,1.00,1.00
2018.04.23 15:59:17.390,1.36405,1.36423,1.00,1.50
2018.04.23 15:59:19.674,1.36408,1.36423,1.00,1.00
2018.04.23 15:59:19.725,1.36408,1.36427,1.00,1.00
2018.04.23 15:59:20.297,1.36409,1.36427,1.00,1.50
2018.04.23 15:59:21.039,1.3641,1.36427,1.00,1.00
2018.04.23 15:59:21.299,1.36407,1.36428,1.12,2.25
2018.04.23 15:59:21.844,1.36407,1.36427,1.12,1.00
2018.04.23 15:59:22.468,1.36407,1.36426,1.12,1.00
2018.04.23 15:59:22.623,1.36409,1.36427,1.00,1.50
2018.04.23 15:59:22.853,1.36407,1.36427,1.12,1.50
2018.04.23 15:59:23.557,1.36407,1.36426,1.12,1.00
2018.04.23 15:59:23.889,1.3641,1.36427,1.00,1.50
2018.04.23 15:59:24.408,1.36409,1.36427,1.00,1.50
2018.04.23 15:59:25.332,1.36408,1.36427,1.00,1.50
2018.04.23 15:59:26.027,1.36409,1.36427,1.00,1.50
2018.04.23 15:59:26.631,1.36408,1.36427,1.00,1.00
2018.04.23 15:59:26.963,1.3641,1.36427,1.00,1.00
2018.04.23 15:59:28.238,1.36409,1.36427,1.00,1.50
2018.04.23 15:59:30.186,1.3641,1.36427,1.00,1.00
2018.04.23 15:59:31.237,1.36409,1.36427,1.00,1.50
2018.04.23 15:59:31.808,1.3641,1.36427,1.00,1.50
2018.04.23 15:59:32.572,1.36408,1.36427,1.00,1.50
2018.04.23 15:59:33.223,1.36408,1.36426,1.00,1.00
2018.04.23 15:59:33.449,1.36405,1.36423,1.57,1.00
2018.04.23 15:59:33.759,1.36408,1.36426,1.00,2.25
2018.04.23 15:59:34.290,1.36409,1.36427,1.00,1.50
2018.04.23 15:59:35.050,1.36408,1.36427,1.87,1.00
2018.04.23 15:59:35.552,1.36409,1.36427,1.00,1.00
2018.04.23 15:59:36.117,1.36408,1.36428,1.12,1.00
2018.04.23 15:59:36.427,1.36414,1.36429,1.00,1.00
2018.04.23 15:59:36.479,1.36414,1.36431,1.00,1.00
2018.04.23 15:59:36.948,1.36412,1.36431,1.00,1.00
2018.04.23 15:59:37.168,1.36414,1.36431,1.00,1.00
2018.04.23 15:59:37.425,1.36412,1.36431,1.00,1.00
2018.04.23 15:59:37.683,1.3641,1.3643,1.00,1.50
2018.04.23 15:59:37.735,1.3641,1.36428,1.00,1.00
2018.04.23 15:59:38.255,1.36409,1.36429,1.10,1.00
2018.04.23 15:59:38.952,1.36408,1.36428,1.57,1.50
2018.04.23 15:59:39.347,1.36413,1.36431,1.00,1.00
2018.04.23 15:59:39.679,1.36417,1.36434,1.00,1.00
2018.04.23 15:59:40.203,1.36417,1.36435,1.00,1.50
2018.04.23 15:59:40.547,1.36415,1.36435,1.10,1.50
2018.04.23 15:59:40.705,1.36414,1.36433,1.00,1.00
2018.04.23 15:59:41.226,1.36413,1.36432,1.00,1.00
2018.04.23 15:59:41.745,1.36412,1.36432,1.00,1.50
2018.04.23 15:59:42.089,1.36412,1.3643,1.00,1.50
2018.04.23 15:59:42.619,1.36412,1.36431,1.00,1.00
2018.04.23 15:59:43.169,1.36412,1.3643,1.00,1.00
2018.04.23 15:59:43.692,1.36412,1.36429,1.00,1.00
2018.04.23 15:59:44.454,1.36412,1.3643,1.00,1.50
2018.04.23 15:59:45.258,1.36411,1.3643,1.00,1.50
2018.04.23 15:59:45.972,1.36411,1.36429,1.00,1.00
2018.04.23 15:59:46.933,1.36409,1.36428,1.20,1.00
2018.04.23 15:59:47.035,1.36411,1.36429,1.00,1.50
2018.04.23 15:59:47.545,1.3641,1.36428,1.00,1.00
2018.04.23 15:59:49.026,1.36409,1.36428,1.95,1.00
2018.04.23 15:59:49.304,1.3641,1.3643,1.00,1.50
2018.04.23 15:59:49.510,1.36412,1.3643,1.00,1.50
2018.04.23 15:59:50.275,1.36409,1.36429,1.07,1.00
2018.04.23 15:59:50.483,1.36409,1.36427,1.00,1.00
2018.04.23 15:59:51.355,1.36407,1.36426,2.62,1.00
2018.04.23 15:59:51.861,1.36408,1.36426,1.00,1.00
2018.04.23 15:59:54.227,1.36407,1.36426,1.50,1.00
2018.04.23 15:59:54.992,1.36408,1.36426,1.00,1.00
2018.04.23 15:59:55.096,1.36411,1.36428,1.00,1.00
2018.04.23 15:59:55.606,1.36411,1.36429,1.00,1.00
2018.04.23 15:59:56.023,1.36412,1.36431,1.00,1.50
2018.04.23 15:59:56.230,1.36413,1.36433,1.00,1.50
2018.04.23 15:59:56.659,1.36413,1.36431,1.00,1.00
2018.04.23 15:59:57.148,1.3641,1.36429,1.07,1.50
2018.04.23 15:59:57.456,1.36408,1.36427,1.00,1.00
2018.04.23 15:59:58.013,1.36408,1.36428,1.00,1.50
2018.04.23 15:59:58.321,1.36408,1.36426,1.00,1.00
2018.04.23 15:59:58.657,1.3641,1.36426,1.00,1.00
2018.04.23 15:59:59.424,1.3641,1.36427,1.00,1.00
