2011.03.15 12:00:00.259,1.47397,1.47419,1.50,1.50
2011.03.15 12:00:00.376,1.47393,1.47421,2.25,1.50
2011.03.15 12:00:00.485,1.47393,1.47419,2.25,2.25
2011.03.15 12:00:00.597,1.47386,1.47413,1.50,1.50
2011.03.15 12:00:00.826,1.47386,1.47415,2.25,1.50
2011.03.15 12:00:00.949,1.47384,1.47423,1.13,2.25
2011.03.15 12:00:01.288,1.47383,1.47422,3.00,2.25
2011.03.15 12:00:01.515,1.47383,1.47413,3.00,2.25
2011.03.15 12:00:01.624,1.47383,1.47413,3.00,2.25
2011.03.15 12:00:02.026,1.47385,1.47413,1.50,3.00
2011.03.15 12:00:02.260,1.47375,1.47411,2.25,2.25
2011.03.15 12:00:02.379,1.47383,1.47408,1.50,1.69
2011.03.15 12:00:02.497,1.4737,1.47406,3.00,3.19
2011.03.15 12:00:02.727,1.4737,1.47404,2.25,3.00
2011.03.15 12:00:02.846,1.4737,1.47396,1.50,1.50
2011.03.15 12:00:03.183,1.47372,1.47394,1.50,1.50
2011.03.15 12:00:03.404,1.47361,1.47394,2.25,1.50
2011.03.15 12:00:03.734,1.47372,1.47397,1.50,1.50
2011.03.15 12:00:03.846,1.47374,1.47408,1.50,2.25
2011.03.15 12:00:04.187,1.4738,1.47408,2.44,2.25
2011.03.15 12:00:04.416,1.47381,1.47418,1.50,1.50
2011.03.15 12:00:04.822,1.47387,1.47418,1.50,2.25
2011.03.15 12:00:05.153,1.47387,1.47418,1.50,2.72
2011.03.15 12:00:05.374,1.47377,1.47418,1.50,2.72
2011.03.15 12:00:05.724,1.47376,1.47416,2.25,1.50
2011.03.15 12:00:05.837,1.47376,1.47413,1.50,1.69
2011.03.15 12:00:06.066,1.47371,1.47412,1.50,2.53
2011.03.15 12:00:06.294,1.47371,1.47412,1.50,1.78
2011.03.15 12:00:06.403,1.47382,1.47412,1.50,1.78
2011.03.15 12:00:06.624,1.47377,1.47413,2.25,2.44
2011.03.15 12:00:06.736,1.47378,1.47413,1.50,2.44
2011.03.15 12:00:06.964,1.47387,1.47415,1.50,1.50
2011.03.15 12:00:07.185,1.47385,1.47417,1.50,1.50
2011.03.15 12:00:07.297,1.47387,1.47421,1.50,1.50
2011.03.15 12:00:07.415,1.47386,1.47421,2.44,1.50
2011.03.15 12:00:07.636,1.47387,1.47423,2.25,1.50
2011.03.15 12:00:08.024,1.4739,1.47423,1.50,1.50
2011.03.15 12:00:08.685,1.4739,1.47424,1.50,1.50
2011.03.15 12:00:09.016,1.47394,1.47427,1.50,1.50
2011.03.15 12:00:09.345,1.47397,1.47425,1.50,2.25
2011.03.15 12:00:10.074,1.47386,1.47427,2.40,2.25
2011.03.15 12:00:10.665,1.47387,1.47424,1.50,3.00
2011.03.15 12:00:10.774,1.47386,1.47424,3.00,3.75
2011.03.15 12:00:11.181,1.47387,1.47416,1.50,2.82
2011.03.15 12:00:11.408,1.47376,1.47407,1.50,1.50
2011.03.15 12:00:11.526,1.47376,1.47405,1.50,1.03
2011.03.15 12:00:12.087,1.47367,1.47401,3.15,1.03
2011.03.15 12:00:12.643,1.47367,1.47401,1.80,1.03
2011.03.15 12:00:13.605,1.47367,1.47401,1.80,1.03
2011.03.15 12:00:14.046,1.47366,1.47399,2.40,1.78
2011.03.15 12:00:14.154,1.47366,1.47396,2.40,1.03
2011.03.15 12:00:14.484,1.47367,1.474,4.24,1.03
2011.03.15 12:00:14.813,1.47377,1.474,1.50,1.03
2011.03.15 12:00:15.381,1.47372,1.47406,1.05,1.03
2011.03.15 12:00:15.827,1.47376,1.47405,1.50,1.03
2011.03.15 12:00:16.165,1.47367,1.47403,1.05,2.16
2011.03.15 12:00:16.386,1.47366,1.47397,4.65,1.03
2011.03.15 12:00:16.612,1.47367,1.47397,1.05,1.03
2011.03.15 12:00:16.943,1.47367,1.47397,2.40,1.03
2011.03.15 12:00:17.493,1.47368,1.47397,2.25,1.03
2011.03.15 12:00:17.715,1.47369,1.47397,1.50,1.03
2011.03.15 12:00:17.936,1.47366,1.47397,3.90,1.03
2011.03.15 12:00:18.479,1.47367,1.47397,1.65,1.03
2011.03.15 12:00:18.925,1.47365,1.47397,2.25,1.03
2011.03.15 12:00:19.144,1.47365,1.47393,2.25,1.50
2011.03.15 12:00:19.696,1.47363,1.47393,2.25,1.50
2011.03.15 12:00:20.258,1.47362,1.47396,2.25,1.41
2011.03.15 12:00:20.378,1.47365,1.47392,1.50,1.03
2011.03.15 12:00:20.499,1.4736,1.47388,1.50,1.50
2011.03.15 12:00:20.616,1.47357,1.47388,1.50,1.50
2011.03.15 12:00:20.835,1.47353,1.4739,2.40,1.03
2011.03.15 12:00:21.053,1.47353,1.47385,1.50,1.50
2011.03.15 12:00:21.383,1.47353,1.47385,1.50,1.50
2011.03.15 12:00:22.148,1.47358,1.47389,1.50,1.35
2011.03.15 12:00:22.267,1.4736,1.47392,1.50,2.53
2011.03.15 12:00:22.603,1.4736,1.47392,1.65,2.53
2011.03.15 12:00:23.155,1.4736,1.47392,1.80,1.78
2011.03.15 12:00:23.265,1.4736,1.47392,1.65,1.78
2011.03.15 12:00:23.707,1.47359,1.47392,1.80,1.50
2011.03.15 12:00:23.933,1.47358,1.47392,2.40,1.50
2011.03.15 12:00:24.483,1.47357,1.47394,2.40,2.23
2011.03.15 12:00:24.815,1.47357,1.47393,1.80,1.50
2011.03.15 12:00:25.171,1.47357,1.4739,1.50,1.50
2011.03.15 12:00:25.400,1.47357,1.47387,1.50,1.69
2011.03.15 12:00:25.750,1.47347,1.47376,1.50,1.50
2011.03.15 12:00:25.868,1.47338,1.47376,2.25,1.50
2011.03.15 12:00:25.987,1.47338,1.47375,2.25,1.50
2011.03.15 12:00:26.326,1.47318,1.47349,2.25,3.19
2011.03.15 12:00:26.450,1.47312,1.47343,1.50,3.19
2011.03.15 12:00:26.566,1.47307,1.47339,1.50,1.32
2011.03.15 12:00:26.687,1.47304,1.47335,1.50,1.69
2011.03.15 12:00:26.806,1.47299,1.47335,1.50,2.44
2011.03.15 12:00:27.136,1.47293,1.47333,2.25,2.63
2011.03.15 12:00:27.589,1.47295,1.47333,1.50,2.63
2011.03.15 12:00:28.475,1.47302,1.47332,1.50,1.13
2011.03.15 12:00:28.694,1.47304,1.4734,2.25,2.25
2011.03.15 12:00:28.804,1.47306,1.47341,1.50,2.53
2011.03.15 12:00:29.023,1.47306,1.47341,2.25,2.16
2011.03.15 12:00:29.464,1.47306,1.47341,1.50,1.03
2011.03.15 12:00:29.684,1.47306,1.47341,1.50,1.78
2011.03.15 12:00:29.903,1.47306,1.47341,1.50,1.78
2011.03.15 12:00:30.013,1.473,1.47341,3.19,1.03
2011.03.15 12:00:31.196,1.47307,1.47342,1.50,1.41
2011.03.15 12:00:31.415,1.47307,1.47341,2.25,1.41
2011.03.15 12:00:31.524,1.473,1.47341,1.50,1.03
2011.03.15 12:00:31.745,1.473,1.47339,1.50,1.50
2011.03.15 12:00:32.074,1.4729,1.47331,1.65,2.25
2011.03.15 12:00:32.185,1.4729,1.47331,1.50,2.25
2011.03.15 12:00:32.514,1.47287,1.47331,3.75,2.25
2011.03.15 12:00:33.396,1.47287,1.47327,2.55,2.25
2011.03.15 12:00:33.514,1.47287,1.47322,1.50,1.50
2011.03.15 12:00:33.625,1.47283,1.47322,1.50,1.50
2011.03.15 12:00:33.734,1.47282,1.47317,1.50,1.50
2011.03.15 12:00:34.064,1.47283,1.4732,1.50,2.25
2011.03.15 12:00:34.285,1.47283,1.4732,1.50,3.00
2011.03.15 12:00:34.504,1.47283,1.4731,1.50,2.25
2011.03.15 12:00:35.055,1.47282,1.47312,1.50,2.25
2011.03.15 12:00:35.539,1.47282,1.47303,1.50,1.50
2011.03.15 12:00:35.874,1.47282,1.47294,1.50,2.25
2011.03.15 12:00:36.755,1.47288,1.47294,1.50,2.25
2011.03.15 12:00:37.093,1.47277,1.47294,2.40,2.25
2011.03.15 12:00:37.645,1.47273,1.47295,2.25,2.25
2011.03.15 12:00:37.757,1.47273,1.47313,3.15,3.00
2011.03.15 12:00:38.389,1.47277,1.4731,2.40,1.13
2011.03.15 12:00:38.510,1.47277,1.47308,1.50,1.50
2011.03.15 12:00:38.626,1.47277,1.47311,2.25,1.50
2011.03.15 12:00:38.735,1.47277,1.4731,2.25,1.50
2011.03.15 12:00:39.066,1.47266,1.47304,2.25,1.50
2011.03.15 12:00:39.284,1.47267,1.47301,2.25,1.13
2011.03.15 12:00:39.393,1.47267,1.473,1.50,1.50
2011.03.15 12:00:39.835,1.47262,1.47298,2.25,1.50
2011.03.15 12:00:40.164,1.47257,1.47294,3.75,1.13
2011.03.15 12:00:40.936,1.4727,1.47294,2.25,1.50
2011.03.15 12:00:41.862,1.47272,1.47294,2.25,1.50
2011.03.15 12:00:42.085,1.47268,1.47294,2.25,1.50
2011.03.15 12:00:42.306,1.4727,1.47294,2.25,1.50
2011.03.15 12:00:42.428,1.47265,1.47294,2.25,1.50
2011.03.15 12:00:42.547,1.47271,1.47294,2.25,1.50
2011.03.15 12:00:42.774,1.47269,1.47294,2.25,1.50
2011.03.15 12:00:42.884,1.47266,1.47294,4.50,1.50
2011.03.15 12:00:43.435,1.4727,1.47294,2.25,1.50
2011.03.15 12:00:43.656,1.47271,1.473,2.25,1.50
2011.03.15 12:00:43.884,1.47258,1.473,2.25,1.50
2011.03.15 12:00:44.104,1.47266,1.47298,1.50,1.50
2011.03.15 12:00:44.288,1.47257,1.47298,2.25,1.50
2011.03.15 12:00:44.409,1.47257,1.473,3.75,1.50
2011.03.15 12:00:44.987,1.47267,1.473,1.50,1.50
2011.03.15 12:00:45.549,1.47259,1.47301,2.25,2.25
2011.03.15 12:00:45.669,1.47257,1.47298,1.50,1.13
2011.03.15 12:00:46.005,1.47268,1.47293,2.25,2.25
2011.03.15 12:00:46.237,1.47261,1.47291,2.25,1.13
2011.03.15 12:00:46.356,1.47259,1.47286,2.25,1.50
2011.03.15 12:00:46.474,1.47249,1.47286,1.50,1.50
2011.03.15 12:00:46.804,1.47247,1.47286,2.25,1.69
2011.03.15 12:00:47.138,1.4725,1.47282,3.00,1.50
2011.03.15 12:00:47.331,1.47248,1.47284,1.50,1.88
2011.03.15 12:00:47.654,1.47248,1.47279,1.50,2.25
2011.03.15 12:00:47.773,1.47249,1.47291,1.50,2.25
2011.03.15 12:00:48.191,1.4725,1.47293,3.00,3.00
2011.03.15 12:00:48.523,1.4725,1.47294,3.00,2.25
2011.03.15 12:00:48.745,1.47256,1.47297,2.25,5.25
2011.03.15 12:00:48.967,1.47263,1.47297,1.50,2.25
2011.03.15 12:00:49.086,1.4727,1.47299,1.50,3.75
2011.03.15 12:00:49.204,1.47257,1.473,1.50,3.75
2011.03.15 12:00:49.755,1.47257,1.47298,3.00,1.50
2011.03.15 12:00:49.974,1.47257,1.47295,3.00,2.44
2011.03.15 12:00:50.304,1.47256,1.47291,2.25,2.25
2011.03.15 12:00:50.636,1.47259,1.47288,1.69,2.25
2011.03.15 12:00:50.757,1.47257,1.47291,1.50,2.25
2011.03.15 12:00:50.875,1.47261,1.47291,1.50,2.25
2011.03.15 12:00:51.360,1.47262,1.47293,1.69,2.25
2011.03.15 12:00:51.493,1.47268,1.47301,1.50,1.50
2011.03.15 12:00:51.717,1.47271,1.47301,1.50,1.50
2011.03.15 12:00:51.838,1.47271,1.47304,1.50,1.88
2011.03.15 12:00:52.175,1.47277,1.47309,3.00,1.88
2011.03.15 12:00:52.398,1.47279,1.47314,3.75,1.88
2011.03.15 12:00:52.514,1.47284,1.47315,1.50,1.88
2011.03.15 12:00:52.624,1.47287,1.47319,1.50,1.50
2011.03.15 12:00:52.844,1.47287,1.47311,1.50,1.50
2011.03.15 12:00:52.954,1.47287,1.47319,1.50,2.25
2011.03.15 12:00:53.065,1.47284,1.47312,1.50,1.50
2011.03.15 12:00:53.173,1.47283,1.47318,1.50,2.63
2011.03.15 12:00:53.285,1.47287,1.47318,1.50,2.63
2011.03.15 12:00:53.724,1.47287,1.47314,2.25,1.50
2011.03.15 12:00:53.972,1.47287,1.47318,2.25,1.88
2011.03.15 12:00:54.090,1.47287,1.47323,2.25,1.88
2011.03.15 12:00:54.645,1.47292,1.47327,1.50,1.50
2011.03.15 12:00:55.084,1.47295,1.47321,2.25,2.25
2011.03.15 12:00:55.196,1.47295,1.47322,2.25,2.25
2011.03.15 12:00:55.313,1.47294,1.47329,2.25,1.13
2011.03.15 12:00:55.426,1.47294,1.47324,2.25,1.88
2011.03.15 12:00:55.765,1.47299,1.47331,2.25,1.13
2011.03.15 12:00:55.875,1.473,1.47333,2.25,1.88
2011.03.15 12:00:56.095,1.47303,1.47333,3.00,1.88
2011.03.15 12:00:56.203,1.47303,1.47333,3.00,1.50
2011.03.15 12:00:56.314,1.47303,1.47333,3.00,1.50
2011.03.15 12:00:56.646,1.4731,1.47336,1.50,1.88
2011.03.15 12:00:56.912,1.47311,1.47345,1.50,1.88
2011.03.15 12:00:57.815,1.47314,1.47346,2.25,1.88
2011.03.15 12:00:57.927,1.47323,1.47346,1.50,1.88
2011.03.15 12:00:58.046,1.47323,1.47354,1.50,2.63
2011.03.15 12:00:58.593,1.47324,1.47355,1.50,1.88
2011.03.15 12:00:59.617,1.47317,1.47354,1.50,1.50
2011.03.15 12:00:59.845,1.47319,1.47348,1.50,1.13
2011.03.15 12:01:00.067,1.47328,1.47355,1.50,1.50
2011.03.15 12:01:00.185,1.47328,1.47362,2.25,2.25
2011.03.15 12:01:00.403,1.47331,1.47362,2.25,2.25
2011.03.15 12:01:01.172,1.47332,1.47361,2.25,1.88
2011.03.15 12:01:01.626,1.47328,1.47361,2.25,2.63
2011.03.15 12:01:01.744,1.47328,1.47358,2.25,2.63
2011.03.15 12:01:01.859,1.47324,1.47355,2.25,2.25
2011.03.15 12:01:01.980,1.47316,1.47352,2.25,2.25
2011.03.15 12:01:02.204,1.47314,1.4735,3.00,2.25
2011.03.15 12:01:02.756,1.47307,1.47344,1.50,1.13
2011.03.15 12:01:02.984,1.47307,1.47344,4.50,1.88
2011.03.15 12:01:03.206,1.47307,1.4734,3.75,1.50
2011.03.15 12:01:03.535,1.47307,1.47336,2.25,1.50
2011.03.15 12:01:03.867,1.473,1.47336,1.50,2.25
2011.03.15 12:01:03.985,1.473,1.47333,1.50,2.25
2011.03.15 12:01:04.424,1.47297,1.47331,2.25,2.25
2011.03.15 12:01:05.525,1.47297,1.47331,1.50,2.25
2011.03.15 12:01:06.073,1.47291,1.47332,1.50,1.50
2011.03.15 12:01:06.295,1.47296,1.47332,1.50,1.50
2011.03.15 12:01:06.623,1.473,1.47337,1.50,2.25
2011.03.15 12:01:07.157,1.47299,1.47336,1.50,2.25
2011.03.15 12:01:07.505,1.47299,1.47337,1.50,2.25
2011.03.15 12:01:08.054,1.47305,1.47337,1.50,3.75
2011.03.15 12:01:08.387,1.47305,1.47336,2.25,2.25
2011.03.15 12:01:08.505,1.47306,1.47336,2.25,1.50
2011.03.15 12:01:08.725,1.47306,1.47338,1.50,1.88
2011.03.15 12:01:09.277,1.47306,1.47337,1.50,3.38
2011.03.15 12:01:09.399,1.47299,1.47336,1.50,2.25
2011.03.15 12:01:09.749,1.47298,1.47336,1.50,2.25
2011.03.15 12:01:10.307,1.47297,1.47336,1.65,3.00
2011.03.15 12:01:10.427,1.47296,1.47336,2.25,3.38
2011.03.15 12:01:10.547,1.47292,1.47333,2.25,1.69
2011.03.15 12:01:10.894,1.47296,1.47321,1.50,2.25
2011.03.15 12:01:11.012,1.47286,1.47321,2.40,2.25
2011.03.15 12:01:11.126,1.47286,1.47323,2.40,2.25
2011.03.15 12:01:11.678,1.47288,1.47324,1.50,2.25
2011.03.15 12:01:11.799,1.47294,1.47326,1.50,2.63
2011.03.15 12:01:11.916,1.47294,1.47326,1.50,2.63
2011.03.15 12:01:12.036,1.47299,1.47326,1.50,2.63
2011.03.15 12:01:12.376,1.473,1.47332,3.00,3.00
2011.03.15 12:01:12.496,1.47301,1.47334,2.18,1.50
2011.03.15 12:01:12.826,1.47303,1.47337,1.50,2.25
2011.03.15 12:01:12.947,1.47296,1.47336,3.00,1.50
2011.03.15 12:01:13.066,1.47296,1.47334,2.25,1.50
2011.03.15 12:01:13.467,1.47301,1.47333,1.50,2.25
2011.03.15 12:01:13.695,1.47301,1.47333,1.50,1.50
2011.03.15 12:01:14.135,1.47303,1.47343,1.50,1.88
2011.03.15 12:01:14.686,1.47297,1.47343,3.00,3.38
2011.03.15 12:01:14.905,1.47297,1.4734,2.25,1.50
2011.03.15 12:01:15.126,1.47296,1.47333,1.50,1.50
2011.03.15 12:01:15.465,1.47296,1.47333,2.25,1.50
2011.03.15 12:01:15.683,1.47297,1.47333,2.25,1.50
2011.03.15 12:01:16.233,1.47297,1.47333,2.25,1.50
2011.03.15 12:01:16.791,1.47295,1.47333,3.00,1.50
2011.03.15 12:01:17.235,1.47295,1.47333,2.25,1.50
2011.03.15 12:01:17.567,1.47295,1.47332,2.25,1.69
2011.03.15 12:01:17.688,1.47292,1.47332,2.25,1.69
2011.03.15 12:01:17.806,1.47292,1.4733,2.25,1.50
2011.03.15 12:01:17.930,1.47299,1.47333,1.50,3.38
2011.03.15 12:01:18.049,1.47303,1.47335,1.50,1.50
2011.03.15 12:01:18.278,1.47308,1.47341,1.50,1.50
2011.03.15 12:01:18.507,1.47308,1.47342,1.50,1.88
2011.03.15 12:01:18.736,1.47297,1.47331,2.25,1.69
2011.03.15 12:01:18.966,1.47297,1.47333,2.25,2.44
2011.03.15 12:01:19.184,1.47288,1.47333,3.00,1.69
2011.03.15 12:01:19.955,1.47289,1.47332,2.25,1.69
2011.03.15 12:01:20.688,1.47291,1.47333,1.50,1.50
2011.03.15 12:01:20.808,1.47291,1.47334,1.50,2.25
2011.03.15 12:01:21.476,1.4729,1.47334,1.50,4.50
2011.03.15 12:01:21.816,1.47288,1.47334,2.25,4.50
2011.03.15 12:01:22.038,1.47293,1.47334,1.50,4.50
2011.03.15 12:01:22.375,1.473,1.47334,2.44,1.50
2011.03.15 12:01:22.703,1.473,1.47343,2.44,1.50
2011.03.15 12:01:22.814,1.47301,1.47344,1.50,3.75
2011.03.15 12:01:23.254,1.47304,1.47344,1.50,1.50
2011.03.15 12:01:23.585,1.47313,1.47347,1.50,1.50
2011.03.15 12:01:23.694,1.47313,1.4735,1.50,1.50
2011.03.15 12:01:23.805,1.47317,1.4735,2.25,1.50
2011.03.15 12:01:23.915,1.47327,1.4735,4.50,1.50
2011.03.15 12:01:24.244,1.47317,1.47346,3.19,2.25
2011.03.15 12:01:24.574,1.47324,1.47346,1.50,2.25
2011.03.15 12:01:24.993,1.47319,1.47357,1.69,2.25
2011.03.15 12:01:25.227,1.47316,1.47354,2.25,3.19
2011.03.15 12:01:25.346,1.47318,1.47336,1.69,2.25
2011.03.15 12:01:25.465,1.47324,1.47348,1.50,2.25
2011.03.15 12:01:25.685,1.47308,1.47338,1.50,2.25
2011.03.15 12:01:26.018,1.47313,1.47337,1.50,2.25
2011.03.15 12:01:26.136,1.47315,1.47343,1.50,2.25
2011.03.15 12:01:26.354,1.47315,1.47346,1.50,2.25
2011.03.15 12:01:27.123,1.47315,1.47353,1.50,1.50
2011.03.15 12:01:28.334,1.47317,1.47353,1.50,1.50
2011.03.15 12:01:28.663,1.47319,1.47353,1.50,1.50
2011.03.15 12:01:29.124,1.47317,1.47353,1.50,1.50
2011.03.15 12:01:29.237,1.47317,1.47353,1.50,1.50
2011.03.15 12:01:29.465,1.47311,1.47353,1.50,1.65
2011.03.15 12:01:29.687,1.47309,1.4735,1.50,1.80
2011.03.15 12:01:30.137,1.4731,1.47339,1.50,2.40
2011.03.15 12:01:30.257,1.47309,1.4734,1.50,3.15
2011.03.15 12:01:30.485,1.47299,1.47337,1.50,1.50
2011.03.15 12:01:30.594,1.47296,1.47336,3.00,3.00
2011.03.15 12:01:30.928,1.47304,1.47334,1.50,3.75
2011.03.15 12:01:31.157,1.47312,1.47337,1.50,1.50
2011.03.15 12:01:31.275,1.47314,1.47342,1.50,2.25
2011.03.15 12:01:31.385,1.47314,1.4735,1.50,1.65
2011.03.15 12:01:31.604,1.47314,1.47351,1.50,1.50
2011.03.15 12:01:31.930,1.47309,1.47349,1.50,1.50
2011.03.15 12:01:32.600,1.47322,1.47345,1.50,1.50
2011.03.15 12:01:32.717,1.47327,1.47352,1.50,2.25
2011.03.15 12:01:32.837,1.47327,1.47354,1.50,1.50
2011.03.15 12:01:32.956,1.47327,1.47364,1.50,1.65
2011.03.15 12:01:33.173,1.47325,1.47363,1.20,2.25
2011.03.15 12:01:33.393,1.47325,1.47363,1.20,2.25
2011.03.15 12:01:33.723,1.47325,1.47361,1.20,1.65
2011.03.15 12:01:33.834,1.47325,1.47361,1.20,1.65
2011.03.15 12:01:34.053,1.47321,1.47361,1.50,1.50
2011.03.15 12:01:34.823,1.47321,1.47361,1.50,1.65
2011.03.15 12:01:34.934,1.47321,1.47361,1.50,1.50
2011.03.15 12:01:35.193,1.47321,1.47361,1.50,1.65
2011.03.15 12:01:35.523,1.4732,1.47361,1.50,1.50
2011.03.15 12:01:36.074,1.47318,1.4736,1.50,3.00
2011.03.15 12:01:36.486,1.47318,1.47361,1.50,2.40
2011.03.15 12:01:37.375,1.4732,1.47356,1.50,2.25
2011.03.15 12:01:37.703,1.47314,1.47353,3.19,1.50
2011.03.15 12:01:38.034,1.47314,1.47353,3.19,1.50
2011.03.15 12:01:38.474,1.47314,1.47353,2.44,1.50
2011.03.15 12:01:39.143,1.47315,1.47353,1.69,1.65
2011.03.15 12:01:39.584,1.4732,1.47359,1.50,2.40
2011.03.15 12:01:39.807,1.47318,1.47345,1.20,2.63
2011.03.15 12:01:40.141,1.47304,1.47338,1.50,1.50
2011.03.15 12:01:40.261,1.47299,1.47338,2.25,1.78
2011.03.15 12:01:40.490,1.47299,1.47338,1.50,1.50
2011.03.15 12:01:40.718,1.47299,1.47342,1.50,2.25
2011.03.15 12:01:40.838,1.47299,1.47338,1.50,2.25
2011.03.15 12:01:41.177,1.47304,1.47333,1.50,1.50
2011.03.15 12:01:41.515,1.47311,1.47333,1.50,1.50
2011.03.15 12:01:41.734,1.47311,1.47344,1.50,1.78
2011.03.15 12:01:42.175,1.47312,1.47344,1.50,1.50
2011.03.15 12:01:42.503,1.47312,1.47344,1.50,1.50
2011.03.15 12:01:43.922,1.47314,1.4735,1.50,1.50
2011.03.15 12:01:44.040,1.47315,1.47353,1.50,1.50
2011.03.15 12:01:44.155,1.47317,1.47353,1.50,1.50
2011.03.15 12:01:44.488,1.4732,1.47353,1.50,3.00
2011.03.15 12:01:44.719,1.4732,1.47353,1.50,3.00
2011.03.15 12:01:44.837,1.47319,1.47349,1.50,1.50
2011.03.15 12:01:44.955,1.47319,1.47349,1.50,1.50
2011.03.15 12:01:45.177,1.47325,1.4735,1.50,1.50
2011.03.15 12:01:45.298,1.47325,1.47353,1.50,1.50
2011.03.15 12:01:45.420,1.47329,1.47353,1.50,1.50
2011.03.15 12:01:45.539,1.47329,1.47359,1.50,1.50
2011.03.15 12:01:45.658,1.47336,1.47357,1.69,1.50
2011.03.15 12:01:45.776,1.47339,1.47364,2.25,1.50
2011.03.15 12:01:45.997,1.47346,1.47371,1.50,1.50
2011.03.15 12:01:46.227,1.4734,1.47371,1.50,1.50
2011.03.15 12:01:46.661,1.4734,1.4737,1.50,1.50
2011.03.15 12:01:46.996,1.4734,1.47371,1.50,1.50
2011.03.15 12:01:47.545,1.4734,1.47372,1.50,1.50
2011.03.15 12:01:47.875,1.47336,1.47374,1.50,3.00
2011.03.15 12:01:47.984,1.47336,1.47374,1.50,3.00
2011.03.15 12:01:48.533,1.47336,1.47374,3.75,3.00
2011.03.15 12:01:48.755,1.47338,1.47374,2.25,3.00
2011.03.15 12:01:49.191,1.47338,1.47372,1.50,1.50
2011.03.15 12:01:49.308,1.47338,1.47372,1.50,2.63
2011.03.15 12:01:49.648,1.47326,1.47365,2.25,2.25
2011.03.15 12:01:49.988,1.47332,1.47367,1.50,2.25
2011.03.15 12:01:50.105,1.47332,1.47372,1.50,1.03
2011.03.15 12:01:50.324,1.47337,1.47377,2.25,3.28
2011.03.15 12:01:50.435,1.47335,1.47373,1.50,1.50
2011.03.15 12:01:50.654,1.47333,1.47373,1.50,2.25
2011.03.15 12:01:50.876,1.47332,1.4737,2.25,1.03
2011.03.15 12:01:51.205,1.47332,1.47367,1.50,1.13
2011.03.15 12:01:51.533,1.47332,1.4736,2.25,1.69
2011.03.15 12:01:51.755,1.47321,1.47361,1.50,3.19
2011.03.15 12:01:52.059,1.47317,1.47355,3.75,1.50
2011.03.15 12:01:52.180,1.47317,1.47359,3.00,3.75
2011.03.15 12:01:52.738,1.47328,1.4736,2.25,1.50
2011.03.15 12:01:52.855,1.4733,1.47361,1.50,2.25
2011.03.15 12:01:52.964,1.4733,1.47363,1.50,1.50
2011.03.15 12:01:53.077,1.4733,1.47367,1.50,1.50
2011.03.15 12:01:53.196,1.47334,1.47367,1.50,1.50
2011.03.15 12:01:53.546,1.47336,1.47368,2.25,1.50
2011.03.15 12:01:53.766,1.47332,1.47368,1.69,2.25
2011.03.15 12:01:53.988,1.47337,1.47374,3.00,1.50
2011.03.15 12:01:54.105,1.47337,1.47374,3.75,1.50
2011.03.15 12:01:54.436,1.47341,1.47374,2.85,1.50
2011.03.15 12:01:54.904,1.47344,1.47367,1.50,1.50
2011.03.15 12:01:55.237,1.47338,1.47362,1.50,1.50
2011.03.15 12:01:55.358,1.47333,1.47356,1.50,1.50
2011.03.15 12:01:55.477,1.47333,1.47356,1.50,1.50
2011.03.15 12:01:55.596,1.47333,1.47366,1.50,1.50
2011.03.15 12:01:55.704,1.47333,1.47366,1.50,1.50
2011.03.15 12:01:55.817,1.47333,1.4737,1.50,1.50
2011.03.15 12:01:56.264,1.47335,1.47365,1.50,1.50
2011.03.15 12:01:56.705,1.47328,1.47365,2.25,4.50
2011.03.15 12:01:56.814,1.47328,1.47362,2.25,1.50
2011.03.15 12:01:56.924,1.47328,1.47362,1.50,1.50
2011.03.15 12:01:57.143,1.47327,1.4736,1.50,1.50
2011.03.15 12:01:57.474,1.47324,1.47358,1.50,1.50
2011.03.15 12:01:57.693,1.47324,1.47362,1.50,1.50
2011.03.15 12:01:57.915,1.47324,1.47361,1.50,1.03
2011.03.15 12:01:58.024,1.47324,1.47362,1.50,1.50
2011.03.15 12:01:58.723,1.47329,1.47363,1.50,3.00
2011.03.15 12:01:58.963,1.47331,1.47363,1.50,3.00
2011.03.15 12:01:59.185,1.47332,1.47359,1.50,1.50
2011.03.15 12:01:59.625,1.47331,1.47357,1.50,1.50
2011.03.15 12:01:59.847,1.47327,1.47356,1.50,1.50
2011.03.15 12:02:00.076,1.47329,1.47356,1.50,1.50
2011.03.15 12:02:00.524,1.47326,1.47354,1.50,1.50
2011.03.15 12:02:00.853,1.47327,1.47354,1.13,1.50
2011.03.15 12:02:01.076,1.47329,1.47354,2.03,1.50
2011.03.15 12:02:01.186,1.47329,1.47356,2.03,1.50
2011.03.15 12:02:01.306,1.47325,1.47356,1.28,1.50
2011.03.15 12:02:01.728,1.47323,1.47354,1.50,1.50
2011.03.15 12:02:02.067,1.47307,1.47348,2.44,1.50
2011.03.15 12:02:02.405,1.47309,1.47352,1.50,3.75
2011.03.15 12:02:03.175,1.4732,1.47353,1.50,3.00
2011.03.15 12:02:03.395,1.4732,1.47352,1.50,1.50
2011.03.15 12:02:03.724,1.47312,1.47353,1.50,1.50
2011.03.15 12:02:04.433,1.47314,1.47353,3.00,1.50
2011.03.15 12:02:04.545,1.47321,1.47358,1.50,2.25
2011.03.15 12:02:04.875,1.47317,1.47358,1.65,2.25
2011.03.15 12:02:05.334,1.47317,1.47353,1.65,1.50
2011.03.15 12:02:07.392,1.47317,1.47362,3.00,1.50
2011.03.15 12:02:07.945,1.47317,1.4736,3.30,1.50
2011.03.15 12:02:08.164,1.4732,1.4736,1.65,1.50
2011.03.15 12:02:08.712,1.4732,1.47359,1.65,1.50
2011.03.15 12:02:08.935,1.47326,1.47359,4.84,1.50
2011.03.15 12:02:09.265,1.47347,1.47374,1.50,1.50
2011.03.15 12:02:09.653,1.47347,1.47376,1.50,1.50
2011.03.15 12:02:09.779,1.47349,1.4738,1.50,1.50
2011.03.15 12:02:10.335,1.47347,1.4738,1.50,1.50
2011.03.15 12:02:10.444,1.47351,1.4738,1.50,1.50
2011.03.15 12:02:10.776,1.47354,1.47382,1.50,1.50
2011.03.15 12:02:11.114,1.47363,1.47386,1.50,2.25
2011.03.15 12:02:11.334,1.47354,1.47388,1.50,1.50
2011.03.15 12:02:11.444,1.47355,1.47385,1.50,1.50
2011.03.15 12:02:11.775,1.47363,1.47387,1.50,1.50
2011.03.15 12:02:12.104,1.47364,1.47387,1.50,1.50
2011.03.15 12:02:12.435,1.47363,1.47387,1.50,1.50
2011.03.15 12:02:12.984,1.47356,1.47387,2.25,1.50
2011.03.15 12:02:14.195,1.47356,1.47387,2.25,1.88
2011.03.15 12:02:14.523,1.4735,1.47388,1.50,4.13
2011.03.15 12:02:17.295,1.4736,1.47388,1.50,1.88
2011.03.15 12:02:17.517,1.4736,1.4739,2.25,2.25
2011.03.15 12:02:17.745,1.4736,1.47394,2.25,1.50
2011.03.15 12:02:17.856,1.47363,1.47391,1.50,1.50
2011.03.15 12:02:18.077,1.47365,1.47402,1.50,1.50
2011.03.15 12:02:18.450,1.47364,1.47397,1.50,2.25
2011.03.15 12:02:18.567,1.47364,1.47397,1.50,2.25
2011.03.15 12:02:18.685,1.47364,1.47395,1.50,2.25
2011.03.15 12:02:18.795,1.47363,1.47397,1.50,3.75
2011.03.15 12:02:19.348,1.47363,1.474,1.50,1.50
2011.03.15 12:02:19.469,1.47376,1.47404,1.50,1.50
2011.03.15 12:02:19.586,1.47377,1.4741,1.50,2.25
2011.03.15 12:02:19.695,1.47381,1.47411,1.50,1.50
2011.03.15 12:02:19.919,1.47387,1.47416,1.50,1.50
2011.03.15 12:02:20.039,1.47392,1.47416,1.50,2.25
2011.03.15 12:02:20.155,1.47392,1.47423,1.50,1.50
2011.03.15 12:02:20.378,1.47394,1.47423,1.50,2.25
2011.03.15 12:02:20.609,1.47378,1.47413,3.75,2.44
2011.03.15 12:02:20.727,1.47374,1.47406,1.50,1.50
2011.03.15 12:02:20.957,1.47352,1.47386,2.25,1.13
2011.03.15 12:02:21.076,1.47348,1.47377,2.25,2.25
2011.03.15 12:02:21.519,1.47332,1.47365,4.95,1.50
2011.03.15 12:02:21.769,1.47326,1.47362,2.25,2.25
2011.03.15 12:02:22.106,1.47337,1.47367,1.35,2.25
2011.03.15 12:02:22.444,1.47351,1.47379,1.50,1.50
2011.03.15 12:02:22.665,1.47364,1.4738,4.50,1.50
2011.03.15 12:02:22.776,1.47361,1.4739,1.69,1.50
2011.03.15 12:02:22.896,1.47362,1.47393,3.53,2.25
2011.03.15 12:02:23.015,1.47364,1.47393,1.50,2.25
2011.03.15 12:02:23.126,1.47365,1.47393,1.50,2.25
2011.03.15 12:02:23.355,1.47365,1.47403,1.50,1.50
2011.03.15 12:02:23.574,1.47365,1.474,1.50,1.50
2011.03.15 12:02:23.905,1.4736,1.47395,1.88,1.50
2011.03.15 12:02:24.016,1.47356,1.47395,2.44,1.50
2011.03.15 12:02:24.243,1.47356,1.47395,2.44,1.50
2011.03.15 12:02:24.573,1.47356,1.47395,2.25,1.50
2011.03.15 12:02:25.318,1.47367,1.47395,1.50,2.25
2011.03.15 12:02:25.443,1.47374,1.474,1.50,1.50
2011.03.15 12:02:25.558,1.47367,1.47399,2.25,2.25
2011.03.15 12:02:25.676,1.47361,1.47399,1.50,2.25
2011.03.15 12:02:25.787,1.47359,1.47391,1.35,1.50
2011.03.15 12:02:25.906,1.47356,1.47392,2.25,1.50
2011.03.15 12:02:26.133,1.47356,1.47392,2.25,1.50
2011.03.15 12:02:26.577,1.47356,1.47388,1.50,2.25
2011.03.15 12:02:27.023,1.47356,1.47388,1.50,1.50
2011.03.15 12:02:27.685,1.47361,1.47387,1.50,1.50
2011.03.15 12:02:27.906,1.47346,1.47383,1.50,1.50
2011.03.15 12:02:28.136,1.47346,1.47383,1.50,1.50
2011.03.15 12:02:28.366,1.47345,1.47382,1.50,1.13
2011.03.15 12:02:29.135,1.47339,1.47381,2.25,1.13
2011.03.15 12:02:29.903,1.47342,1.47383,2.25,1.88
2011.03.15 12:02:30.564,1.47342,1.47383,2.25,1.50
2011.03.15 12:02:30.785,1.47353,1.47383,4.50,1.50
2011.03.15 12:02:30.895,1.47358,1.47392,3.00,1.13
2011.03.15 12:02:31.008,1.47358,1.47402,3.00,1.50
2011.03.15 12:02:31.127,1.47361,1.47402,3.00,3.00
2011.03.15 12:02:31.466,1.47361,1.47403,1.50,6.19
2011.03.15 12:02:31.905,1.47357,1.47398,2.25,2.25
2011.03.15 12:02:32.015,1.47357,1.47397,2.25,2.25
2011.03.15 12:02:32.237,1.47359,1.47397,1.13,4.50
2011.03.15 12:02:32.577,1.47358,1.47397,1.69,1.50
2011.03.15 12:02:32.915,1.47368,1.47399,1.50,1.50
2011.03.15 12:02:33.251,1.47379,1.47402,1.50,1.50
2011.03.15 12:02:33.366,1.4738,1.47406,1.69,1.50
2011.03.15 12:02:33.485,1.47378,1.47414,1.69,1.50
2011.03.15 12:02:33.817,1.47377,1.47414,1.69,2.25
2011.03.15 12:02:34.264,1.47377,1.47411,1.69,2.25
2011.03.15 12:02:34.485,1.47377,1.4741,2.25,1.50
2011.03.15 12:02:34.926,1.47378,1.47413,1.50,3.00
2011.03.15 12:02:35.154,1.4738,1.47419,1.50,2.25
2011.03.15 12:02:35.265,1.4738,1.47419,1.69,1.50
2011.03.15 12:02:35.649,1.47382,1.47422,1.69,1.50
2011.03.15 12:02:35.766,1.47383,1.47418,1.50,1.50
2011.03.15 12:02:36.095,1.47385,1.47423,1.50,1.50
2011.03.15 12:02:36.425,1.47389,1.47423,1.32,1.50
2011.03.15 12:02:36.644,1.47394,1.47427,1.50,1.50
2011.03.15 12:02:36.755,1.47395,1.47429,1.50,1.50
2011.03.15 12:02:37.554,1.47395,1.47433,1.50,2.53
2011.03.15 12:02:37.667,1.47395,1.4743,2.25,1.50
2011.03.15 12:02:38.344,1.47396,1.47429,2.25,1.50
2011.03.15 12:02:38.672,1.47396,1.4743,2.25,2.25
2011.03.15 12:02:39.054,1.47397,1.4743,1.50,2.25
2011.03.15 12:02:39.276,1.47402,1.47435,2.25,3.00
2011.03.15 12:02:39.504,1.47404,1.47437,1.69,3.00
2011.03.15 12:02:39.766,1.47399,1.47437,2.85,3.00
2011.03.15 12:02:39.888,1.47406,1.47437,1.50,3.00
2011.03.15 12:02:40.114,1.47398,1.47439,1.50,3.00
2011.03.15 12:02:40.335,1.47398,1.4744,1.50,3.75
2011.03.15 12:02:40.921,1.47398,1.47429,1.50,1.32
2011.03.15 12:02:41.256,1.4738,1.47414,1.50,1.50
2011.03.15 12:02:41.365,1.47376,1.47412,1.50,1.50
2011.03.15 12:02:41.484,1.47373,1.47407,1.50,1.03
2011.03.15 12:02:41.595,1.4737,1.47404,1.50,1.50
2011.03.15 12:02:42.045,1.47358,1.47401,3.00,1.22
2011.03.15 12:02:42.264,1.47358,1.474,2.25,1.03
2011.03.15 12:02:42.813,1.47359,1.474,1.50,1.03
2011.03.15 12:02:42.923,1.47359,1.47402,2.25,1.97
2011.03.15 12:02:43.828,1.47359,1.474,2.25,2.53
2011.03.15 12:02:44.058,1.47372,1.47411,1.50,3.00
2011.03.15 12:02:44.724,1.47372,1.47413,3.00,2.25
2011.03.15 12:02:44.945,1.4737,1.4741,1.50,1.50
2011.03.15 12:02:45.273,1.4737,1.47406,1.50,2.25
2011.03.15 12:02:45.605,1.4738,1.47413,1.50,1.50
2011.03.15 12:02:45.935,1.47394,1.47432,1.50,4.22
2011.03.15 12:02:46.044,1.47394,1.47434,3.94,1.50
2011.03.15 12:02:46.264,1.47398,1.47431,1.50,4.50
2011.03.15 12:02:46.486,1.47398,1.47425,1.50,2.25
2011.03.15 12:02:46.706,1.47396,1.47426,1.50,1.69
2011.03.15 12:02:46.816,1.4739,1.4743,2.25,1.69
2011.03.15 12:02:47.037,1.47388,1.47423,2.25,1.50
2011.03.15 12:02:47.263,1.47388,1.47429,2.25,1.50
2011.03.15 12:02:47.403,1.47413,1.47432,1.69,2.25
2011.03.15 12:02:47.736,1.47429,1.47463,1.50,1.78
2011.03.15 12:02:47.845,1.47427,1.47464,1.50,1.03
2011.03.15 12:02:48.177,1.4743,1.47468,1.50,3.19
2011.03.15 12:02:48.300,1.47436,1.47468,1.50,2.44
2011.03.15 12:02:48.635,1.4743,1.47472,2.44,3.75
2011.03.15 12:02:48.745,1.47437,1.47472,1.50,3.75
2011.03.15 12:02:49.077,1.4743,1.47455,2.25,1.50
2011.03.15 12:02:49.417,1.4742,1.47446,1.50,1.50
2011.03.15 12:02:49.537,1.47417,1.47444,1.50,1.69
2011.03.15 12:02:49.655,1.47408,1.47442,1.50,1.50
2011.03.15 12:02:49.764,1.47407,1.47442,2.25,1.50
2011.03.15 12:02:49.985,1.47402,1.47437,1.50,1.50
2011.03.15 12:02:50.351,1.47402,1.47438,1.50,1.50
2011.03.15 12:02:50.796,1.47402,1.47441,2.25,1.03
2011.03.15 12:02:51.126,1.47405,1.47442,1.50,2.25
2011.03.15 12:02:51.456,1.47409,1.47443,1.50,3.00
2011.03.15 12:02:51.796,1.47411,1.47441,1.50,1.50
2011.03.15 12:02:51.905,1.47409,1.47445,1.50,1.50
2011.03.15 12:02:52.125,1.47407,1.47441,1.50,1.50
2011.03.15 12:02:52.234,1.47404,1.47441,1.50,3.75
2011.03.15 12:02:54.184,1.47402,1.47441,1.50,1.50
2011.03.15 12:02:54.516,1.47396,1.47436,3.38,2.25
2011.03.15 12:02:54.898,1.47399,1.47431,1.50,1.69
2011.03.15 12:02:55.023,1.47396,1.47428,1.50,1.50
2011.03.15 12:02:55.137,1.47388,1.47428,1.50,1.50
2011.03.15 12:02:55.260,1.47387,1.47424,1.50,2.25
2011.03.15 12:02:55.819,1.47386,1.47425,2.25,1.03
2011.03.15 12:02:55.936,1.47394,1.47427,1.50,1.03
2011.03.15 12:02:56.045,1.47396,1.4743,1.50,1.50
2011.03.15 12:02:56.375,1.47396,1.47431,1.50,2.25
2011.03.15 12:02:56.485,1.47396,1.47431,1.50,2.25
2011.03.15 12:02:56.596,1.47396,1.47429,2.25,2.25
2011.03.15 12:02:56.716,1.47396,1.47429,1.50,2.25
2011.03.15 12:02:56.945,1.47397,1.47434,1.50,2.25
2011.03.15 12:02:57.523,1.47397,1.47435,2.25,2.25
2011.03.15 12:02:58.295,1.47398,1.47438,1.50,3.00
2011.03.15 12:02:59.063,1.47399,1.4744,2.25,1.03
2011.03.15 12:02:59.173,1.47399,1.4744,3.00,1.03
2011.03.15 12:02:59.505,1.47402,1.47443,1.50,2.25
2011.03.15 12:02:59.614,1.47402,1.47444,2.25,2.25
2011.03.15 12:03:00.052,1.47407,1.47445,1.50,1.03
2011.03.15 12:03:01.435,1.47407,1.47443,1.50,2.25
2011.03.15 12:03:01.983,1.47407,1.47445,1.50,1.78
2011.03.15 12:03:03.413,1.47407,1.47444,1.50,1.50
2011.03.15 12:03:03.964,1.47407,1.47445,2.25,1.03
2011.03.15 12:03:04.293,1.47407,1.47446,2.25,1.78
2011.03.15 12:03:04.883,1.47404,1.47444,1.50,2.25
2011.03.15 12:03:05.614,1.47404,1.47443,1.50,2.25
2011.03.15 12:03:05.724,1.47398,1.47442,3.00,1.03
2011.03.15 12:03:06.164,1.47398,1.47441,1.50,1.78
2011.03.15 12:03:06.496,1.47396,1.47435,2.25,2.44
2011.03.15 12:03:06.716,1.47392,1.47433,2.25,1.50
2011.03.15 12:03:07.057,1.47403,1.47434,1.50,1.03
2011.03.15 12:03:07.395,1.47408,1.4744,3.00,2.25
2011.03.15 12:03:07.613,1.47408,1.47445,3.00,2.25
2011.03.15 12:03:08.802,1.47408,1.47448,3.00,2.25
2011.03.15 12:03:08.914,1.47408,1.4745,3.00,2.44
2011.03.15 12:03:09.500,1.47408,1.47452,3.00,4.22
2011.03.15 12:03:09.620,1.47413,1.47444,1.50,2.25
2011.03.15 12:03:11.253,1.47413,1.47446,1.50,2.25
2011.03.15 12:03:11.364,1.47416,1.47447,2.25,2.25
2011.03.15 12:03:11.804,1.47417,1.47447,2.25,2.25
2011.03.15 12:03:11.914,1.47417,1.47447,2.25,2.25
2011.03.15 12:03:12.359,1.47417,1.4745,3.75,2.25
2011.03.15 12:03:12.478,1.47418,1.4746,1.50,2.25
2011.03.15 12:03:12.595,1.47427,1.47463,2.25,1.78
2011.03.15 12:03:12.705,1.47427,1.47463,1.50,1.78
2011.03.15 12:03:13.488,1.47427,1.47462,1.50,1.50
2011.03.15 12:03:13.607,1.4742,1.47462,1.50,1.50
2011.03.15 12:03:13.836,1.47418,1.47457,1.50,3.00
2011.03.15 12:03:13.954,1.47417,1.47456,1.50,2.25
2011.03.15 12:03:14.064,1.47416,1.47456,1.50,2.25
2011.03.15 12:03:14.614,1.47416,1.47452,1.50,2.53
2011.03.15 12:03:14.943,1.47416,1.47451,1.50,2.25
2011.03.15 12:03:16.563,1.47416,1.47451,1.50,2.25
2011.03.15 12:03:17.225,1.47416,1.47451,1.50,4.50
2011.03.15 12:03:17.335,1.47417,1.4745,1.50,1.03
2011.03.15 12:03:17.554,1.47408,1.47447,1.50,1.03
2011.03.15 12:03:17.995,1.4741,1.47449,1.69,1.50
2011.03.15 12:03:18.105,1.4741,1.47438,1.69,4.50
2011.03.15 12:03:18.217,1.47406,1.47436,2.25,1.69
2011.03.15 12:03:18.336,1.47399,1.47436,1.69,1.13
2011.03.15 12:03:18.455,1.47396,1.47433,2.25,2.72
2011.03.15 12:03:18.783,1.47396,1.47424,1.50,1.03
2011.03.15 12:03:19.605,1.47397,1.47424,1.50,1.03
2011.03.15 12:03:19.934,1.47387,1.47424,2.25,1.03
2011.03.15 12:03:20.045,1.47397,1.47424,1.50,1.03
2011.03.15 12:03:20.263,1.47389,1.47424,2.25,1.03
2011.03.15 12:03:20.594,1.47396,1.47424,1.50,1.03
2011.03.15 12:03:21.144,1.47396,1.47424,1.50,1.03
2011.03.15 12:03:22.135,1.47391,1.47425,2.25,1.03
2011.03.15 12:03:22.245,1.47397,1.47425,1.50,1.03
2011.03.15 12:03:22.354,1.47397,1.47429,1.50,1.03
2011.03.15 12:03:22.466,1.47397,1.47431,2.25,2.53
2011.03.15 12:03:22.914,1.47401,1.47432,2.25,1.03
2011.03.15 12:03:23.244,1.47401,1.47433,2.25,1.50
2011.03.15 12:03:25.693,1.47403,1.47433,1.50,1.50
2011.03.15 12:03:26.245,1.47397,1.47433,2.25,1.50
2011.03.15 12:03:26.575,1.47397,1.47433,2.25,1.78
2011.03.15 12:03:26.796,1.47396,1.47434,2.25,1.03
2011.03.15 12:03:27.027,1.47396,1.47432,1.50,2.25
2011.03.15 12:03:27.144,1.47396,1.47427,1.50,1.03
2011.03.15 12:03:28.355,1.47397,1.47427,1.50,1.03
2011.03.15 12:03:29.037,1.47386,1.47423,3.00,2.25
2011.03.15 12:03:29.154,1.47386,1.47423,2.25,2.25
2011.03.15 12:03:29.266,1.47396,1.47423,1.50,2.25
2011.03.15 12:03:29.705,1.47396,1.47423,1.50,1.50
2011.03.15 12:03:29.924,1.47397,1.47428,1.50,1.50
2011.03.15 12:03:30.473,1.47396,1.47428,1.50,2.25
2011.03.15 12:03:32.176,1.47396,1.47427,1.50,3.00
2011.03.15 12:03:32.735,1.47397,1.47425,1.50,2.25
2011.03.15 12:03:33.174,1.47405,1.47425,1.50,2.25
2011.03.15 12:03:33.467,1.47411,1.47441,1.69,2.23
2011.03.15 12:03:33.590,1.47412,1.47448,1.50,2.25
2011.03.15 12:03:33.707,1.47427,1.47449,1.50,2.25
2011.03.15 12:03:34.048,1.47427,1.47449,1.50,2.25
2011.03.15 12:03:34.497,1.47427,1.47449,1.50,1.50
2011.03.15 12:03:34.615,1.47427,1.47453,1.50,2.25
2011.03.15 12:03:36.157,1.47427,1.47453,1.50,2.25
2011.03.15 12:03:36.825,1.47417,1.47453,1.50,2.25
2011.03.15 12:03:37.264,1.47427,1.47453,1.50,2.25
2011.03.15 12:03:38.574,1.47417,1.47452,1.50,2.25
2011.03.15 12:03:38.795,1.47426,1.47452,1.50,2.25
2011.03.15 12:03:39.016,1.47426,1.47452,1.50,1.50
2011.03.15 12:03:39.236,1.47426,1.47458,1.50,1.13
2011.03.15 12:03:39.455,1.47428,1.47458,1.50,1.13
2011.03.15 12:03:39.674,1.47428,1.47463,1.50,2.25
2011.03.15 12:03:40.003,1.47437,1.47467,1.50,2.25
2011.03.15 12:03:42.117,1.47437,1.47467,1.50,2.25
2011.03.15 12:03:42.676,1.47436,1.47469,2.25,2.25
2011.03.15 12:03:42.895,1.47446,1.47469,1.50,2.25
2011.03.15 12:03:43.233,1.47436,1.47471,1.50,2.25
2011.03.15 12:03:43.352,1.47436,1.47468,1.50,2.25
2011.03.15 12:03:43.466,1.47437,1.47471,1.50,3.00
2011.03.15 12:03:45.375,1.47437,1.47471,1.50,2.25
2011.03.15 12:03:45.925,1.47446,1.47472,1.50,2.25
2011.03.15 12:03:46.256,1.47437,1.47471,1.50,3.00
2011.03.15 12:03:46.484,1.47437,1.47471,1.50,3.00
2011.03.15 12:03:46.594,1.47437,1.47471,1.50,1.50
2011.03.15 12:03:47.318,1.47437,1.47472,1.50,1.50
2011.03.15 12:03:47.874,1.47437,1.47472,2.25,2.18
2011.03.15 12:03:51.565,1.47431,1.4747,6.00,1.50
2011.03.15 12:03:51.676,1.47431,1.4747,3.00,1.50
2011.03.15 12:03:52.005,1.47436,1.4747,1.50,1.50
2011.03.15 12:03:52.501,1.47434,1.47468,2.25,3.00
2011.03.15 12:03:52.731,1.47428,1.47465,1.50,3.00
2011.03.15 12:03:52.847,1.47427,1.47465,1.50,3.00
2011.03.15 12:03:52.965,1.47427,1.47465,1.50,3.00
2011.03.15 12:03:53.404,1.47428,1.47463,1.50,2.25
2011.03.15 12:03:54.503,1.47428,1.47463,1.50,5.25
2011.03.15 12:03:54.614,1.47423,1.47454,3.00,1.50
2011.03.15 12:03:54.945,1.47421,1.47457,1.50,1.50
2011.03.15 12:03:55.054,1.47421,1.47458,1.65,1.28
2011.03.15 12:03:55.165,1.47421,1.47461,1.50,1.50
2011.03.15 12:03:55.383,1.47421,1.47459,1.50,1.50
2011.03.15 12:03:55.494,1.47423,1.47459,1.50,1.50
2011.03.15 12:03:56.074,1.47426,1.47459,1.50,1.50
2011.03.15 12:03:56.997,1.4743,1.47462,2.25,1.50
2011.03.15 12:03:57.120,1.4743,1.47465,3.00,3.00
2011.03.15 12:03:57.675,1.4743,1.47466,2.25,2.25
2011.03.15 12:03:59.004,1.4743,1.47465,2.25,2.25
2011.03.15 12:04:00.663,1.4743,1.47465,1.50,2.25
2011.03.15 12:04:01.813,1.4743,1.47465,1.50,2.25
2011.03.15 12:04:02.364,1.4743,1.47468,2.25,3.00
2011.03.15 12:04:04.477,1.47436,1.47468,1.50,2.25
2011.03.15 12:04:04.596,1.47436,1.47468,1.50,2.25
2011.03.15 12:04:04.926,1.47438,1.47472,1.50,1.50
2011.03.15 12:04:05.144,1.4744,1.47473,1.50,1.50
2011.03.15 12:04:05.474,1.47441,1.47473,1.50,2.25
2011.03.15 12:04:06.025,1.47441,1.47475,1.65,2.25
2011.03.15 12:04:06.133,1.47441,1.47475,1.65,2.25
2011.03.15 12:04:06.464,1.47441,1.47478,1.50,2.25
2011.03.15 12:04:07.504,1.47441,1.47476,1.65,1.50
2011.03.15 12:04:07.725,1.47441,1.47476,1.50,1.50
2011.03.15 12:04:07.944,1.47446,1.47479,3.00,1.50
2011.03.15 12:04:08.054,1.47446,1.47479,4.50,2.25
2011.03.15 12:04:08.602,1.47446,1.47478,3.75,1.50
2011.03.15 12:04:09.415,1.47446,1.47478,3.90,2.25
2011.03.15 12:04:09.635,1.47446,1.47478,3.75,2.25
2011.03.15 12:04:10.294,1.47446,1.47481,3.75,2.25
2011.03.15 12:04:10.517,1.4745,1.47481,1.69,2.25
2011.03.15 12:04:12.444,1.4745,1.47483,1.69,2.25
2011.03.15 12:04:12.668,1.4745,1.47483,1.50,2.25
2011.03.15 12:04:12.898,1.47452,1.47484,1.09,1.50
2011.03.15 12:04:13.128,1.47451,1.47487,1.50,1.50
2011.03.15 12:04:13.248,1.47451,1.47487,1.69,2.25
2011.03.15 12:04:13.475,1.47454,1.47493,1.69,4.20
2011.03.15 12:04:14.026,1.47453,1.47493,1.69,3.75
2011.03.15 12:04:14.359,1.4745,1.47481,1.69,2.25
2011.03.15 12:04:14.474,1.4745,1.47489,1.69,2.25
2011.03.15 12:04:16.047,1.4745,1.47489,1.50,2.25
2011.03.15 12:04:18.015,1.47454,1.47489,1.50,2.25
2011.03.15 12:04:18.125,1.47457,1.47493,2.25,4.50
2011.03.15 12:04:18.237,1.47457,1.47481,2.25,2.25
2011.03.15 12:04:18.464,1.47457,1.47484,1.50,2.25
2011.03.15 12:04:18.684,1.4745,1.47483,1.65,2.25
2011.03.15 12:04:18.794,1.4745,1.47481,1.65,2.25
2011.03.15 12:04:19.233,1.4745,1.4749,1.50,2.25
2011.03.15 12:04:19.895,1.4745,1.47489,1.50,2.25
2011.03.15 12:04:20.224,1.4745,1.47488,1.50,2.25
2011.03.15 12:04:20.445,1.47451,1.47489,2.40,2.25
2011.03.15 12:04:20.774,1.47458,1.47494,1.50,3.68
2011.03.15 12:04:21.200,1.47462,1.47497,1.09,1.50
2011.03.15 12:04:21.754,1.4746,1.47498,3.19,2.25
2011.03.15 12:04:21.864,1.4746,1.47498,2.44,2.25
2011.03.15 12:04:22.306,1.47459,1.47492,1.69,3.00
2011.03.15 12:04:22.424,1.47457,1.4749,1.65,3.00
2011.03.15 12:04:22.535,1.47457,1.47497,1.84,2.25
2011.03.15 12:04:22.754,1.47457,1.47497,1.84,2.25
2011.03.15 12:04:22.974,1.47457,1.47496,1.84,1.50
2011.03.15 12:04:23.194,1.47457,1.47492,1.69,4.50
2011.03.15 12:04:23.415,1.47451,1.47491,1.05,1.50
2011.03.15 12:04:23.528,1.47451,1.47493,1.65,2.25
2011.03.15 12:04:23.864,1.47452,1.47493,1.05,3.75
2011.03.15 12:04:26.985,1.47451,1.47493,1.80,3.75
2011.03.15 12:04:27.535,1.47455,1.47493,1.50,3.75
2011.03.15 12:04:28.415,1.47456,1.47491,2.25,1.50
2011.03.15 12:04:28.524,1.47456,1.47493,1.50,3.00
2011.03.15 12:04:28.634,1.47458,1.47493,1.50,3.00
2011.03.15 12:04:29.073,1.47458,1.47491,2.25,1.50
2011.03.15 12:04:29.643,1.47458,1.47491,1.50,2.25
2011.03.15 12:04:29.975,1.47452,1.4749,1.50,2.44
2011.03.15 12:04:30.086,1.47448,1.47484,1.50,2.25
2011.03.15 12:04:30.417,1.47442,1.47474,1.65,1.50
2011.03.15 12:04:30.543,1.47439,1.47474,1.84,1.50
2011.03.15 12:04:30.766,1.47441,1.47474,1.05,1.50
2011.03.15 12:04:31.314,1.47441,1.47474,1.05,1.50
2011.03.15 12:04:31.756,1.47439,1.47472,1.65,2.25
2011.03.15 12:04:31.864,1.47436,1.47464,1.65,1.50
2011.03.15 12:04:31.975,1.47434,1.47464,3.15,1.50
2011.03.15 12:04:32.086,1.47434,1.47471,1.65,1.03
2011.03.15 12:04:32.417,1.4743,1.47467,1.09,1.50
2011.03.15 12:04:32.535,1.47429,1.47467,2.74,2.25
2011.03.15 12:04:33.084,1.47429,1.47467,1.99,2.25
2011.03.15 12:04:33.745,1.47429,1.47467,1.99,2.25
2011.03.15 12:04:34.206,1.47429,1.47467,1.99,2.25
2011.03.15 12:04:34.874,1.47429,1.47468,1.99,3.00
2011.03.15 12:04:36.334,1.47429,1.47463,2.59,1.50
2011.03.15 12:04:36.553,1.47429,1.47463,2.74,1.50
2011.03.15 12:04:36.775,1.47426,1.47463,1.80,2.25
2011.03.15 12:04:36.885,1.47429,1.47463,1.50,2.25
2011.03.15 12:04:36.995,1.47429,1.47463,1.09,2.25
2011.03.15 12:04:37.105,1.47428,1.47463,1.69,1.50
2011.03.15 12:04:37.324,1.47429,1.47463,1.09,2.25
2011.03.15 12:04:37.877,1.47426,1.47461,1.24,2.25
2011.03.15 12:04:38.236,1.47426,1.47461,1.09,2.25
2011.03.15 12:04:39.115,1.4743,1.47461,1.69,1.50
2011.03.15 12:04:39.226,1.4743,1.47463,1.84,1.50
2011.03.15 12:04:39.806,1.47432,1.47463,2.55,1.50
2011.03.15 12:04:40.134,1.47432,1.47468,2.55,2.25
2011.03.15 12:04:40.577,1.47433,1.4747,3.15,3.75
2011.03.15 12:04:40.696,1.47436,1.4747,1.05,1.50
2011.03.15 12:04:40.805,1.47436,1.4747,1.09,1.50
2011.03.15 12:04:40.916,1.47438,1.4747,1.84,1.50
2011.03.15 12:04:41.255,1.47441,1.47472,1.80,2.25
2011.03.15 12:04:41.368,1.47443,1.47468,2.25,1.50
2011.03.15 12:04:41.705,1.47436,1.47464,1.65,1.50
2011.03.15 12:04:42.036,1.47436,1.47464,2.55,1.50
2011.03.15 12:04:42.254,1.47436,1.47464,2.40,1.50
2011.03.15 12:04:42.944,1.47436,1.47465,2.55,2.25
2011.03.15 12:04:43.164,1.47438,1.47468,2.40,1.50
2011.03.15 12:04:43.275,1.47434,1.4747,3.30,1.50
2011.03.15 12:04:43.384,1.47434,1.4747,3.15,1.50
2011.03.15 12:04:43.493,1.47436,1.47468,2.40,1.50
2011.03.15 12:04:43.824,1.47436,1.47462,2.70,1.03
2011.03.15 12:04:44.783,1.47436,1.47462,2.55,1.03
2011.03.15 12:04:45.334,1.47435,1.47462,2.55,1.03
2011.03.15 12:04:45.775,1.47428,1.4746,3.30,1.03
2011.03.15 12:04:46.756,1.47427,1.47458,2.70,1.03
2011.03.15 12:04:48.193,1.47424,1.47452,1.80,1.20
2011.03.15 12:04:48.678,1.47426,1.47452,2.70,1.20
2011.03.15 12:04:48.903,1.47426,1.47452,2.55,1.20
2011.03.15 12:04:49.016,1.47424,1.47454,1.65,1.03
2011.03.15 12:04:49.125,1.47422,1.47454,2.70,1.03
2011.03.15 12:04:49.453,1.47421,1.47451,2.70,1.03
2011.03.15 12:04:50.228,1.47421,1.47451,2.55,1.03
2011.03.15 12:04:50.455,1.47419,1.47451,3.15,1.41
2011.03.15 12:04:50.674,1.47416,1.47445,2.55,1.03
2011.03.15 12:04:51.226,1.47421,1.47445,3.15,1.03
2011.03.15 12:04:51.774,1.47423,1.47448,3.90,1.03
2011.03.15 12:04:51.920,1.47423,1.4745,3.90,1.78
2011.03.15 12:04:52.145,1.47423,1.4745,1.50,1.78
2011.03.15 12:04:52.674,1.47415,1.47448,2.55,1.03
2011.03.15 12:04:52.785,1.47416,1.47444,2.55,1.03
2011.03.15 12:04:53.694,1.47416,1.47444,1.05,1.03
2011.03.15 12:04:54.416,1.47416,1.47443,3.30,1.03
2011.03.15 12:04:54.524,1.47414,1.47444,3.15,1.03
2011.03.15 12:04:54.743,1.47416,1.47447,1.65,1.03
2011.03.15 12:04:54.964,1.47417,1.47447,1.05,1.03
2011.03.15 12:04:55.074,1.47416,1.47451,1.80,1.03
2011.03.15 12:04:55.623,1.47417,1.47452,1.95,1.03
2011.03.15 12:04:55.734,1.47417,1.47452,1.80,1.03
2011.03.15 12:04:55.953,1.47417,1.47452,1.80,1.03
2011.03.15 12:04:56.493,1.47417,1.47452,1.65,1.03
2011.03.15 12:04:57.043,1.47417,1.47452,2.55,1.03
2011.03.15 12:04:57.545,1.47416,1.47452,1.99,1.03
2011.03.15 12:04:58.095,1.47416,1.4745,1.05,1.50
2011.03.15 12:04:58.426,1.47417,1.47452,1.39,1.03
2011.03.15 12:04:58.535,1.47418,1.47452,1.09,1.03
2011.03.15 12:04:59.084,1.47415,1.4745,1.24,1.50
2011.03.15 12:04:59.657,1.47416,1.47452,1.65,1.03
2011.03.15 12:04:59.779,1.47416,1.47449,1.65,1.03
2011.03.15 12:05:00.334,1.47414,1.47447,1.65,1.03
2011.03.15 12:05:00.885,1.4741,1.47446,1.05,1.50
2011.03.15 12:05:01.214,1.4741,1.47443,1.05,1.78
2011.03.15 12:05:01.545,1.47407,1.47443,1.05,2.16
2011.03.15 12:05:01.654,1.47407,1.47439,1.05,1.03
2011.03.15 12:05:01.763,1.47406,1.47439,3.15,1.03
2011.03.15 12:05:02.094,1.4741,1.47439,1.05,1.03
2011.03.15 12:05:02.474,1.47403,1.47436,2.40,2.25
2011.03.15 12:05:02.699,1.474,1.4743,2.25,2.25
2011.03.15 12:05:02.819,1.47397,1.47428,2.25,1.50
2011.03.15 12:05:02.938,1.47397,1.47422,2.25,1.03
2011.03.15 12:05:03.824,1.47395,1.47423,1.65,2.53
2011.03.15 12:05:04.487,1.47394,1.47423,3.15,2.53
2011.03.15 12:05:06.283,1.47396,1.47423,2.55,2.53
2011.03.15 12:05:06.394,1.47396,1.47423,2.40,2.53
2011.03.15 12:05:07.229,1.47394,1.47423,1.65,2.53
2011.03.15 12:05:07.351,1.47398,1.47434,1.09,1.88
2011.03.15 12:05:07.464,1.47398,1.47434,1.84,1.50
2011.03.15 12:05:07.579,1.47401,1.47438,1.05,1.03
2011.03.15 12:05:07.698,1.47414,1.4744,1.50,2.53
2011.03.15 12:05:07.927,1.47409,1.4744,1.50,1.03
2011.03.15 12:05:08.157,1.47406,1.4744,1.09,1.78
2011.03.15 12:05:08.276,1.47402,1.47438,1.50,1.56
2011.03.15 12:05:08.499,1.47397,1.47432,1.69,1.03
2011.03.15 12:05:08.618,1.47394,1.47432,2.59,1.03
2011.03.15 12:05:08.953,1.47394,1.47424,1.05,1.03
2011.03.15 12:05:09.504,1.47392,1.47424,2.55,1.03
2011.03.15 12:05:11.758,1.47387,1.47419,1.80,1.03
2011.03.15 12:05:12.094,1.47394,1.47419,1.65,1.03
2011.03.15 12:05:12.316,1.47396,1.47423,1.65,1.03
2011.03.15 12:05:12.533,1.47397,1.47423,1.50,1.03
2011.03.15 12:05:12.866,1.47389,1.47424,1.20,1.78
2011.03.15 12:05:13.492,1.47389,1.47424,1.20,1.78
2011.03.15 12:05:14.315,1.47389,1.4742,1.35,1.03
2011.03.15 12:05:14.597,1.47389,1.4742,1.20,1.03
2011.03.15 12:05:15.574,1.47382,1.47418,1.35,1.48
2011.03.15 12:05:16.014,1.47387,1.47414,1.20,1.50
2011.03.15 12:05:17.435,1.47381,1.47413,1.05,1.03
2011.03.15 12:05:17.546,1.47384,1.47412,1.05,1.78
2011.03.15 12:05:17.877,1.4738,1.47408,1.05,1.88
2011.03.15 12:05:17.996,1.47377,1.47404,1.05,1.03
2011.03.15 12:05:18.106,1.47371,1.47404,1.05,1.03
2011.03.15 12:05:18.216,1.47371,1.47404,1.05,1.03
2011.03.15 12:05:18.610,1.47374,1.47397,1.05,1.03
2011.03.15 12:05:19.279,1.47367,1.47398,1.05,1.03
2011.03.15 12:05:19.397,1.47372,1.47398,1.05,1.03
2011.03.15 12:05:19.735,1.4737,1.47402,2.55,1.78
2011.03.15 12:05:20.285,1.47372,1.47401,1.05,1.03
2011.03.15 12:05:20.613,1.47372,1.47402,1.05,1.03
2011.03.15 12:05:21.217,1.47372,1.47402,1.20,1.03
2011.03.15 12:05:21.844,1.47372,1.47402,1.05,1.03
2011.03.15 12:05:22.245,1.47372,1.47402,1.20,1.03
2011.03.15 12:05:23.100,1.47372,1.47402,1.35,1.03
2011.03.15 12:05:23.557,1.47373,1.47401,1.05,1.03
2011.03.15 12:05:23.675,1.47373,1.47401,1.20,1.03
2011.03.15 12:05:23.896,1.47373,1.47401,1.05,1.03
2011.03.15 12:05:24.006,1.47373,1.47401,1.20,1.03
2011.03.15 12:05:24.667,1.47378,1.47404,1.05,1.03
2011.03.15 12:05:24.785,1.47378,1.47406,1.05,1.03
2011.03.15 12:05:24.895,1.47378,1.47406,1.35,1.78
2011.03.15 12:05:25.004,1.47377,1.47406,1.35,1.78
2011.03.15 12:05:25.666,1.47383,1.47411,1.05,1.50
2011.03.15 12:05:25.774,1.47383,1.47412,1.05,1.03
2011.03.15 12:05:26.119,1.47396,1.47417,1.65,1.03
2011.03.15 12:05:26.235,1.47395,1.47427,1.65,1.78
2011.03.15 12:05:26.346,1.47396,1.47429,1.05,1.50
2011.03.15 12:05:26.565,1.47396,1.47433,1.05,1.78
2011.03.15 12:05:26.675,1.47402,1.47433,1.05,1.78
2011.03.15 12:05:28.249,1.47395,1.47432,1.05,2.53
2011.03.15 12:05:28.365,1.47395,1.4743,1.05,2.25
2011.03.15 12:05:28.695,1.47392,1.47421,1.05,2.25
2011.03.15 12:05:29.134,1.47387,1.47427,2.70,1.03
2011.03.15 12:05:29.243,1.47387,1.47423,1.20,1.50
2011.03.15 12:05:29.749,1.47387,1.47423,1.20,1.78
2011.03.15 12:05:30.037,1.47386,1.47423,2.55,1.78
2011.03.15 12:05:31.495,1.47391,1.47423,1.05,1.78
2011.03.15 12:05:31.824,1.47388,1.4742,2.40,2.25
2011.03.15 12:05:31.934,1.47388,1.47423,2.40,1.78
2011.03.15 12:05:32.044,1.47388,1.47423,2.40,1.78
2011.03.15 12:05:32.375,1.47403,1.47433,1.50,1.78
2011.03.15 12:05:32.595,1.47405,1.47441,1.50,1.50
2011.03.15 12:05:33.363,1.47404,1.47442,1.50,2.25
2011.03.15 12:05:33.474,1.47404,1.47442,1.50,3.00
2011.03.15 12:05:34.024,1.47404,1.47442,1.65,3.00
2011.03.15 12:05:34.465,1.47404,1.47442,1.50,2.25
2011.03.15 12:05:35.033,1.47404,1.47441,1.65,2.25
2011.03.15 12:05:35.585,1.47404,1.47441,1.65,2.25
2011.03.15 12:05:36.414,1.47406,1.47441,1.05,1.50
2011.03.15 12:05:36.946,1.47406,1.47441,1.20,2.25
2011.03.15 12:05:37.054,1.47406,1.47441,1.05,2.25
2011.03.15 12:05:37.606,1.47406,1.47442,1.05,1.50
2011.03.15 12:05:37.825,1.47404,1.47442,2.40,1.50
2011.03.15 12:05:37.933,1.47404,1.47443,2.40,2.25
2011.03.15 12:05:38.485,1.47406,1.47441,3.15,1.50
2011.03.15 12:05:38.594,1.47406,1.47441,3.30,1.50
2011.03.15 12:05:40.076,1.47404,1.47441,1.80,2.25
2011.03.15 12:05:40.625,1.47404,1.47438,1.05,1.50
2011.03.15 12:05:40.734,1.47402,1.47438,1.65,1.50
2011.03.15 12:05:41.175,1.47406,1.47441,2.55,3.00
2011.03.15 12:05:41.394,1.47406,1.47441,2.40,3.00
2011.03.15 12:05:41.726,1.47403,1.47437,2.55,1.50
2011.03.15 12:05:42.054,1.47403,1.4744,3.15,1.50
2011.03.15 12:05:42.275,1.47402,1.47437,1.20,1.50
2011.03.15 12:05:42.386,1.47401,1.4744,1.05,3.00
2011.03.15 12:05:42.495,1.47402,1.4744,1.20,3.00
2011.03.15 12:05:42.605,1.47397,1.47433,1.95,2.25
2011.03.15 12:05:42.716,1.47397,1.47433,2.10,2.25
2011.03.15 12:05:43.001,1.47397,1.47433,1.95,2.25
2011.03.15 12:05:43.120,1.47397,1.47433,3.45,1.50
2011.03.15 12:05:43.675,1.47402,1.47433,2.55,2.25
2011.03.15 12:05:43.897,1.47407,1.47437,1.05,1.03
2011.03.15 12:05:44.226,1.47425,1.47443,1.50,1.56
2011.03.15 12:05:44.338,1.47427,1.47447,1.50,1.50
2011.03.15 12:05:44.458,1.47427,1.4745,1.50,1.03
2011.03.15 12:05:44.575,1.47427,1.47461,2.25,2.25
2011.03.15 12:05:47.214,1.47431,1.47463,1.84,2.25
2011.03.15 12:05:47.924,1.47431,1.4746,2.44,2.25
2011.03.15 12:05:48.144,1.47431,1.4746,1.84,2.25
2011.03.15 12:05:48.253,1.47431,1.47462,1.84,5.25
2011.03.15 12:05:48.898,1.47431,1.47462,2.14,2.25
2011.03.15 12:05:49.267,1.47431,1.47462,1.84,3.00
2011.03.15 12:05:49.500,1.47422,1.47462,1.65,2.25
2011.03.15 12:05:49.617,1.47422,1.47456,2.40,1.50
2011.03.15 12:05:49.956,1.4742,1.47453,1.24,1.50
2011.03.15 12:05:50.176,1.47416,1.47453,1.24,2.25
2011.03.15 12:05:50.504,1.47417,1.47453,1.09,1.50
2011.03.15 12:05:50.946,1.47415,1.47453,1.99,2.25
2011.03.15 12:05:51.166,1.47414,1.47449,1.28,1.50
2011.03.15 12:05:51.289,1.47411,1.47447,1.05,1.50
2011.03.15 12:05:51.407,1.4741,1.47446,1.05,1.50
2011.03.15 12:05:51.964,1.47406,1.47444,1.20,2.25
2011.03.15 12:05:52.337,1.47406,1.47444,1.80,2.25
2011.03.15 12:05:52.674,1.47406,1.47444,1.95,2.25
2011.03.15 12:05:53.564,1.47407,1.47444,1.20,1.50
2011.03.15 12:05:54.135,1.47407,1.47444,1.35,1.50
2011.03.15 12:05:54.696,1.47407,1.47444,1.20,1.50
2011.03.15 12:05:55.414,1.47407,1.47444,2.10,1.50
2011.03.15 12:05:57.281,1.47407,1.47444,1.80,1.50
2011.03.15 12:05:57.945,1.47411,1.47444,1.05,1.50
2011.03.15 12:05:58.166,1.47407,1.47444,1.80,2.53
2011.03.15 12:05:58.275,1.47409,1.47444,1.05,2.53
2011.03.15 12:05:58.604,1.47406,1.47443,1.80,1.50
2011.03.15 12:05:58.825,1.47407,1.47443,1.65,1.03
2011.03.15 12:05:59.045,1.47403,1.4744,4.65,1.03
2011.03.15 12:05:59.155,1.47403,1.4744,4.80,1.03
2011.03.15 12:05:59.706,1.47406,1.4744,1.05,1.03
2011.03.15 12:06:00.038,1.47348,1.47389,1.09,2.25
2011.03.15 12:06:00.365,1.47351,1.47401,3.15,1.50
2011.03.15 12:06:00.494,1.47364,1.47403,1.69,1.50
2011.03.15 12:06:00.720,1.47365,1.47413,2.44,1.43
2011.03.15 12:06:00.839,1.47363,1.47424,2.44,2.25
2011.03.15 12:06:01.176,1.47373,1.4741,1.50,1.50
2011.03.15 12:06:01.726,1.47373,1.4741,1.50,1.50
2011.03.15 12:06:02.064,1.47373,1.4741,1.65,1.50
2011.03.15 12:06:02.283,1.47373,1.4741,1.50,1.50
2011.03.15 12:06:02.394,1.47373,1.47414,1.50,3.38
2011.03.15 12:06:02.506,1.47373,1.47414,1.65,2.63
2011.03.15 12:06:02.727,1.47385,1.47414,1.50,1.88
2011.03.15 12:06:03.111,1.47394,1.47424,2.25,1.50
2011.03.15 12:06:03.226,1.47394,1.47431,2.25,2.63
2011.03.15 12:06:03.459,1.47399,1.47431,1.50,1.13
2011.03.15 12:06:04.013,1.474,1.47433,1.50,1.88
2011.03.15 12:06:05.115,1.47394,1.47433,2.40,1.88
2011.03.15 12:06:05.225,1.47396,1.47433,1.05,1.88
2011.03.15 12:06:05.445,1.47394,1.47433,2.40,1.88
2011.03.15 12:06:05.557,1.47396,1.47432,1.05,1.13
2011.03.15 12:06:05.884,1.47396,1.47433,1.05,3.00
2011.03.15 12:06:06.347,1.47399,1.47433,1.65,1.50
2011.03.15 12:06:06.687,1.47406,1.47437,1.05,2.25
2011.03.15 12:06:07.179,1.47402,1.47437,1.05,1.50
2011.03.15 12:06:07.624,1.47401,1.47441,3.15,1.97
2011.03.15 12:06:08.185,1.47401,1.47439,3.15,1.50
2011.03.15 12:06:08.294,1.47401,1.47439,3.30,1.50
2011.03.15 12:06:08.757,1.47409,1.47441,1.50,1.03
2011.03.15 12:06:08.878,1.4741,1.47443,1.50,1.03
2011.03.15 12:06:09.001,1.4741,1.47444,1.65,3.00
2011.03.15 12:06:09.120,1.4741,1.47446,1.80,1.03
2011.03.15 12:06:09.346,1.47411,1.47448,1.05,1.03
2011.03.15 12:06:09.459,1.47411,1.47449,1.05,1.50
2011.03.15 12:06:09.573,1.47411,1.47449,1.05,1.50
2011.03.15 12:06:09.904,1.47411,1.47444,1.20,1.50
2011.03.15 12:06:10.472,1.47409,1.47444,1.95,1.50
2011.03.15 12:06:10.585,1.47409,1.47444,3.30,1.50
2011.03.15 12:06:11.685,1.4741,1.47417,2.25,3.75
2011.03.15 12:06:11.800,1.47404,1.47419,1.50,2.44
2011.03.15 12:06:11.917,1.47394,1.47419,1.50,2.25
2011.03.15 12:06:12.039,1.47393,1.47424,1.65,1.50
2011.03.15 12:06:12.157,1.47392,1.47429,1.65,2.97
2011.03.15 12:06:12.275,1.47388,1.47424,1.05,2.25
2011.03.15 12:06:12.715,1.47395,1.47424,1.05,1.88
2011.03.15 12:06:12.825,1.47391,1.47424,1.05,1.88
2011.03.15 12:06:13.376,1.47393,1.47426,1.05,1.13
2011.03.15 12:06:13.617,1.47392,1.47424,1.05,1.88
2011.03.15 12:06:13.737,1.47398,1.47424,1.50,1.88
2011.03.15 12:06:14.091,1.47397,1.47432,1.84,2.25
2011.03.15 12:06:14.315,1.47397,1.47432,1.05,2.25
2011.03.15 12:06:14.537,1.47393,1.47429,2.25,2.25
2011.03.15 12:06:14.660,1.47392,1.47424,1.05,1.88
2011.03.15 12:06:14.775,1.47391,1.47424,1.50,1.88
2011.03.15 12:06:15.327,1.47391,1.47424,2.40,1.88
2011.03.15 12:06:15.774,1.47391,1.47424,1.80,1.88
2011.03.15 12:06:16.547,1.4739,1.47422,1.65,1.88
2011.03.15 12:06:16.666,1.47386,1.47422,1.65,1.50
2011.03.15 12:06:16.778,1.47384,1.47423,1.65,1.88
2011.03.15 12:06:16.896,1.47384,1.47414,3.15,1.50
2011.03.15 12:06:17.006,1.47383,1.47414,1.50,1.50
2011.03.15 12:06:17.115,1.4738,1.47414,3.15,1.50
2011.03.15 12:06:17.336,1.4738,1.47414,1.50,4.50
2011.03.15 12:06:18.676,1.47381,1.47414,1.65,2.25
2011.03.15 12:06:19.013,1.47381,1.47414,1.80,2.25
2011.03.15 12:06:19.506,1.47381,1.47414,1.95,2.25
2011.03.15 12:06:19.724,1.47381,1.47413,1.80,1.50
2011.03.15 12:06:20.274,1.47379,1.47413,1.05,1.50
2011.03.15 12:06:20.495,1.47379,1.47407,1.05,1.13
2011.03.15 12:06:20.935,1.47373,1.47405,1.80,1.13
2011.03.15 12:06:21.154,1.47373,1.47403,1.65,1.13
2011.03.15 12:06:21.594,1.4737,1.47402,1.80,1.13
2011.03.15 12:06:21.924,1.4737,1.47402,1.80,1.13
2011.03.15 12:06:22.264,1.4737,1.47402,1.95,1.13
2011.03.15 12:06:22.381,1.47374,1.47404,1.80,1.88
2011.03.15 12:06:22.937,1.47377,1.47404,2.40,1.88
2011.03.15 12:06:24.364,1.47375,1.47408,1.65,1.50
2011.03.15 12:06:24.695,1.4737,1.47406,2.40,1.13
2011.03.15 12:06:24.806,1.47373,1.47406,1.50,1.13
2011.03.15 12:06:25.136,1.47371,1.47403,1.65,1.88
2011.03.15 12:06:25.464,1.47371,1.47403,1.65,2.63
2011.03.15 12:06:25.795,1.47369,1.47393,1.65,1.50
2011.03.15 12:06:26.234,1.47367,1.47393,1.65,1.50
2011.03.15 12:06:26.348,1.47367,1.47393,1.80,1.50
2011.03.15 12:06:26.795,1.47368,1.47393,2.25,1.50
2011.03.15 12:06:27.013,1.47364,1.47393,2.40,1.50
2011.03.15 12:06:27.375,1.47378,1.47399,1.50,1.50
2011.03.15 12:06:27.492,1.47378,1.47409,2.25,2.53
2011.03.15 12:06:27.607,1.47379,1.47414,2.25,2.25
2011.03.15 12:06:27.836,1.47385,1.47417,1.50,1.41
2011.03.15 12:06:28.396,1.47386,1.47422,1.65,1.50
2011.03.15 12:06:28.725,1.47388,1.47422,1.65,1.50
2011.03.15 12:06:30.241,1.47386,1.47422,1.05,1.50
2011.03.15 12:06:30.576,1.47385,1.47419,1.95,1.13
2011.03.15 12:06:30.794,1.47385,1.47419,1.80,1.13
2011.03.15 12:06:31.683,1.47377,1.47412,2.14,2.63
2011.03.15 12:06:32.018,1.47378,1.47412,1.65,2.07
2011.03.15 12:06:32.138,1.47377,1.4741,1.50,1.78
2011.03.15 12:06:32.256,1.47374,1.4741,1.05,1.78
2011.03.15 12:06:32.803,1.47374,1.4741,1.05,1.78
2011.03.15 12:06:33.364,1.47374,1.4741,1.05,1.78
2011.03.15 12:06:33.697,1.47385,1.4741,1.65,1.03
2011.03.15 12:06:33.806,1.4738,1.47412,1.65,1.13
2011.03.15 12:06:34.025,1.4738,1.47413,1.80,2.91
2011.03.15 12:06:34.245,1.4738,1.47414,1.65,1.41
2011.03.15 12:06:34.356,1.47383,1.47414,1.50,1.13
2011.03.15 12:06:34.685,1.47383,1.47414,1.65,1.13
2011.03.15 12:06:35.129,1.47383,1.47414,1.80,1.13
2011.03.15 12:06:35.254,1.47387,1.47422,2.40,1.41
2011.03.15 12:06:36.314,1.47386,1.47422,2.10,1.41
2011.03.15 12:06:36.424,1.47386,1.47422,2.10,1.41
2011.03.15 12:06:36.537,1.47387,1.47422,1.20,1.41
2011.03.15 12:06:36.656,1.47387,1.47422,1.20,1.41
2011.03.15 12:06:36.984,1.47391,1.47422,1.05,1.41
2011.03.15 12:06:37.205,1.47392,1.47422,1.80,1.13
2011.03.15 12:06:37.317,1.47392,1.47423,1.80,1.88
2011.03.15 12:06:37.544,1.47394,1.47424,2.25,1.13
2011.03.15 12:06:37.763,1.47394,1.47424,2.40,1.13
2011.03.15 12:06:38.205,1.4739,1.47424,1.95,1.13
2011.03.15 12:06:39.130,1.47394,1.47424,2.55,1.13
2011.03.15 12:06:39.796,1.47394,1.47424,2.55,1.13
2011.03.15 12:06:40.478,1.47389,1.47424,1.35,1.13
2011.03.15 12:06:40.596,1.47389,1.47424,1.95,1.13
2011.03.15 12:06:40.926,1.47393,1.47426,1.20,1.13
2011.03.15 12:06:41.246,1.47393,1.47426,1.05,1.13
2011.03.15 12:06:42.024,1.47398,1.47422,2.40,1.13
2011.03.15 12:06:42.136,1.47392,1.47422,1.05,1.13
2011.03.15 12:06:42.760,1.47398,1.47424,2.25,1.13
2011.03.15 12:06:42.986,1.47396,1.47422,2.40,1.13
2011.03.15 12:06:45.185,1.47394,1.47422,2.25,1.13
2011.03.15 12:06:45.405,1.47394,1.47428,3.15,1.50
2011.03.15 12:06:45.848,1.47397,1.47427,1.05,1.50
2011.03.15 12:06:46.295,1.47398,1.47429,1.50,1.50
2011.03.15 12:06:46.405,1.47397,1.47429,2.40,1.50
2011.03.15 12:06:48.311,1.47397,1.47421,2.25,1.13
2011.03.15 12:06:48.864,1.47396,1.47432,2.59,3.00
2011.03.15 12:06:52.554,1.47393,1.47431,1.50,2.25
2011.03.15 12:06:52.775,1.47393,1.47431,1.65,2.25
2011.03.15 12:06:53.106,1.47396,1.47431,2.40,2.25
2011.03.15 12:06:53.784,1.47396,1.47431,2.40,2.25
2011.03.15 12:06:54.150,1.47396,1.47431,2.40,2.25
2011.03.15 12:06:54.486,1.47396,1.47431,2.40,2.25
2011.03.15 12:06:54.818,1.47394,1.47432,2.40,2.25
2011.03.15 12:06:55.264,1.47394,1.47432,2.40,2.25
2011.03.15 12:06:55.596,1.47394,1.47431,2.40,2.25
2011.03.15 12:06:55.816,1.47396,1.47431,1.05,2.25
2011.03.15 12:06:56.394,1.47394,1.47425,1.50,1.13
2011.03.15 12:06:56.506,1.47391,1.47419,1.65,1.50
2011.03.15 12:06:56.728,1.47388,1.47421,1.50,1.13
2011.03.15 12:06:56.846,1.47383,1.47421,2.25,1.13
2011.03.15 12:06:56.954,1.47383,1.47421,2.25,1.88
2011.03.15 12:06:57.285,1.47383,1.47409,2.25,2.25
2011.03.15 12:06:57.725,1.47381,1.47412,1.65,2.25
2011.03.15 12:06:58.275,1.47378,1.4741,1.80,1.50
2011.03.15 12:06:58.494,1.47378,1.4741,1.65,1.50
2011.03.15 12:06:58.823,1.47378,1.4741,1.80,1.50
2011.03.15 12:07:00.174,1.47385,1.47412,2.40,2.25
2011.03.15 12:07:00.615,1.47386,1.47423,1.65,3.75
2011.03.15 12:07:00.726,1.47386,1.47423,2.40,3.00
2011.03.15 12:07:01.497,1.47387,1.47423,2.40,2.53
2011.03.15 12:07:03.004,1.47383,1.47417,2.40,1.13
2011.03.15 12:07:03.224,1.47385,1.47422,2.40,1.50
2011.03.15 12:07:03.717,1.47384,1.47419,1.50,1.41
2011.03.15 12:07:03.943,1.47384,1.47413,1.50,1.50
2011.03.15 12:07:05.046,1.47381,1.47413,1.65,1.50
2011.03.15 12:07:05.606,1.47379,1.47413,2.40,1.78
2011.03.15 12:07:06.145,1.47377,1.47412,2.40,1.03
2011.03.15 12:07:06.364,1.47377,1.47409,1.50,1.78
2011.03.15 12:07:09.016,1.47374,1.47409,2.25,1.03
2011.03.15 12:07:09.605,1.47374,1.47409,2.40,1.03
2011.03.15 12:07:10.686,1.47374,1.47409,2.40,1.03
2011.03.15 12:07:10.796,1.47379,1.47409,1.50,1.78
2011.03.15 12:07:10.906,1.47372,1.47409,2.40,1.78
2011.03.15 12:07:14.035,1.47372,1.47409,3.30,1.03
2011.03.15 12:07:14.255,1.47372,1.47409,2.55,1.03
2011.03.15 12:07:14.667,1.47372,1.47409,2.55,1.03
2011.03.15 12:07:15.229,1.4737,1.47408,2.40,1.03
2011.03.15 12:07:15.349,1.47368,1.47404,2.25,2.07
2011.03.15 12:07:15.686,1.47369,1.47403,1.80,1.13
2011.03.15 12:07:16.019,1.47372,1.47408,1.05,1.03
2011.03.15 12:07:16.248,1.47371,1.47408,2.40,1.03
2011.03.15 12:07:16.477,1.47368,1.47408,2.40,1.03
2011.03.15 12:07:16.815,1.47372,1.47408,2.40,1.03
2011.03.15 12:07:17.035,1.47372,1.47408,2.40,1.03
2011.03.15 12:07:17.896,1.47372,1.47404,1.05,1.50
2011.03.15 12:07:18.334,1.47376,1.47404,1.05,1.50
2011.03.15 12:07:18.564,1.47371,1.47404,2.55,1.50
2011.03.15 12:07:18.895,1.47376,1.47404,1.05,1.50
2011.03.15 12:07:19.006,1.47372,1.47404,1.05,1.50
2011.03.15 12:07:19.128,1.47371,1.47401,1.05,1.50
2011.03.15 12:07:19.467,1.47365,1.47393,1.50,2.25
2011.03.15 12:07:19.584,1.47365,1.47392,1.50,1.50
2011.03.15 12:07:19.915,1.47365,1.47392,2.40,1.50
2011.03.15 12:07:20.136,1.47365,1.47394,2.25,2.25
2011.03.15 12:07:20.246,1.47365,1.47394,2.25,1.50
2011.03.15 12:07:20.357,1.47365,1.47398,2.40,1.03
2011.03.15 12:07:20.591,1.47374,1.47403,1.69,1.50
2011.03.15 12:07:20.924,1.47374,1.47407,1.69,1.03
2011.03.15 12:07:21.366,1.47375,1.47403,1.09,1.50
2011.03.15 12:07:21.733,1.47376,1.47409,1.05,1.03
2011.03.15 12:07:21.848,1.47376,1.47403,1.05,1.50
2011.03.15 12:07:22.185,1.47376,1.474,1.05,4.50
2011.03.15 12:07:22.301,1.47368,1.47396,1.65,3.00
2011.03.15 12:07:22.420,1.47365,1.474,3.15,3.00
2011.03.15 12:07:22.537,1.47365,1.47393,2.40,2.25
2011.03.15 12:07:22.875,1.47369,1.47403,2.40,2.25
2011.03.15 12:07:23.684,1.47369,1.47403,3.15,1.50
2011.03.15 12:07:24.616,1.47374,1.47403,2.40,1.50
2011.03.15 12:07:27.546,1.47372,1.47403,1.05,1.50
2011.03.15 12:07:28.205,1.47371,1.47403,2.55,1.50
2011.03.15 12:07:29.355,1.47372,1.47403,1.05,1.50
2011.03.15 12:07:29.831,1.47372,1.47403,2.74,1.50
2011.03.15 12:07:29.944,1.47372,1.47411,2.74,1.03
2011.03.15 12:07:30.485,1.47372,1.47411,2.74,1.03
2011.03.15 12:07:31.366,1.47373,1.47411,2.25,1.78
2011.03.15 12:07:31.477,1.47375,1.47413,2.25,2.25
2011.03.15 12:07:31.704,1.47375,1.47413,2.25,2.25
2011.03.15 12:07:32.716,1.47377,1.47413,1.50,2.25
2011.03.15 12:07:32.937,1.47375,1.47413,1.50,3.19
2011.03.15 12:07:33.385,1.47371,1.47413,3.75,2.72
2011.03.15 12:07:33.496,1.47371,1.47413,3.75,2.87
2011.03.15 12:07:33.608,1.47372,1.47411,1.50,2.25
2011.03.15 12:07:33.724,1.47372,1.4741,1.50,2.25
2011.03.15 12:07:33.835,1.47372,1.4741,1.50,2.25
2011.03.15 12:07:34.384,1.47371,1.47413,3.00,3.47
2011.03.15 12:07:34.714,1.47371,1.47404,1.50,1.50
2011.03.15 12:07:34.826,1.47375,1.47413,1.50,1.22
2011.03.15 12:07:34.935,1.47371,1.47412,2.25,1.50
2011.03.15 12:07:35.265,1.47372,1.47405,2.25,1.50
2011.03.15 12:07:35.594,1.47365,1.47404,1.50,4.13
2011.03.15 12:07:36.254,1.47365,1.47404,1.65,2.63
2011.03.15 12:07:36.584,1.47365,1.47404,1.65,2.25
2011.03.15 12:07:37.626,1.47367,1.47404,1.65,1.50
2011.03.15 12:07:38.538,1.47375,1.47413,2.25,2.25
2011.03.15 12:07:38.996,1.47375,1.47413,1.65,1.50
2011.03.15 12:07:39.326,1.47377,1.47413,1.09,1.50
2011.03.15 12:07:40.064,1.47377,1.47413,1.09,1.50
2011.03.15 12:07:40.643,1.47377,1.47411,1.09,2.25
2011.03.15 12:07:40.974,1.47377,1.47413,1.09,1.50
2011.03.15 12:07:41.454,1.47377,1.4741,1.09,2.25
2011.03.15 12:07:42.113,1.47381,1.47422,1.65,3.00
2011.03.15 12:07:42.340,1.47381,1.47423,2.59,1.88
2011.03.15 12:07:42.679,1.47382,1.47423,1.69,1.50
2011.03.15 12:07:43.015,1.47386,1.47423,1.50,1.50
2011.03.15 12:07:43.928,1.47386,1.47423,1.50,1.50
2011.03.15 12:07:44.049,1.47386,1.47423,3.19,1.50
2011.03.15 12:07:44.167,1.47386,1.4743,3.34,1.50
2011.03.15 12:07:44.508,1.47395,1.47433,2.44,3.38
2011.03.15 12:07:45.504,1.47395,1.47431,2.25,1.50
2011.03.15 12:07:45.943,1.47397,1.47424,1.50,1.50
2011.03.15 12:07:46.714,1.47392,1.47424,1.50,1.50
2011.03.15 12:07:47.264,1.47392,1.47424,1.50,1.50
2011.03.15 12:07:47.484,1.47392,1.47424,1.50,1.50
2011.03.15 12:07:47.595,1.47396,1.47432,2.25,3.00
2011.03.15 12:07:47.709,1.47398,1.47431,1.50,1.50
2011.03.15 12:07:48.264,1.47398,1.47432,2.25,2.25
2011.03.15 12:07:48.856,1.47398,1.47434,1.50,3.00
2011.03.15 12:07:50.254,1.47399,1.47434,1.50,2.25
2011.03.15 12:07:50.475,1.474,1.47434,1.50,2.25
2011.03.15 12:07:50.694,1.47405,1.47442,2.25,2.25
2011.03.15 12:07:51.247,1.47405,1.47441,2.25,1.50
2011.03.15 12:07:51.807,1.47405,1.47443,1.50,2.53
2011.03.15 12:07:51.924,1.47405,1.47443,1.50,3.28
2011.03.15 12:07:52.463,1.47405,1.47442,1.65,1.50
2011.03.15 12:07:53.024,1.47405,1.47442,1.50,1.50
2011.03.15 12:07:53.574,1.47405,1.47442,1.50,1.50
2011.03.15 12:07:54.234,1.47404,1.47442,1.50,1.50
2011.03.15 12:07:54.454,1.47399,1.4744,1.65,1.50
2011.03.15 12:07:54.787,1.47399,1.4744,1.50,1.50
2011.03.15 12:07:55.118,1.47399,1.47436,1.50,2.25
2011.03.15 12:07:55.237,1.47394,1.47434,3.00,2.40
2011.03.15 12:07:55.467,1.47394,1.47424,1.69,1.50
2011.03.15 12:07:55.588,1.47394,1.47432,3.94,2.25
2011.03.15 12:07:55.706,1.47394,1.47433,3.00,2.44
2011.03.15 12:07:55.819,1.47394,1.47429,3.00,1.50
2011.03.15 12:07:56.215,1.47398,1.47434,1.69,1.50
2011.03.15 12:07:56.766,1.47398,1.47433,1.69,1.50
2011.03.15 12:07:57.096,1.47399,1.47433,1.50,3.75
2011.03.15 12:07:57.644,1.47404,1.47434,1.69,1.50
2011.03.15 12:07:57.978,1.47406,1.47434,2.25,1.50
2011.03.15 12:07:58.317,1.47414,1.47444,2.25,1.50
2011.03.15 12:07:58.875,1.47414,1.47443,2.25,1.50
2011.03.15 12:07:59.434,1.47423,1.47443,1.50,1.50
2011.03.15 12:07:59.561,1.47424,1.47453,3.00,1.50
2011.03.15 12:07:59.675,1.47425,1.47464,1.50,1.50
2011.03.15 12:08:00.005,1.47427,1.47463,1.50,2.25
2011.03.15 12:08:00.558,1.47427,1.47459,2.25,2.25
2011.03.15 12:08:00.785,1.47427,1.47463,2.25,1.50
2011.03.15 12:08:01.895,1.47428,1.47463,1.50,1.50
2011.03.15 12:08:02.227,1.47437,1.47474,2.25,4.03
2011.03.15 12:08:02.334,1.47437,1.47474,2.25,1.50
2011.03.15 12:08:02.555,1.47437,1.47464,2.25,1.50
2011.03.15 12:08:06.926,1.47439,1.47464,1.50,1.50
2011.03.15 12:08:07.256,1.47447,1.47464,2.25,1.50
2011.03.15 12:08:07.368,1.47447,1.47474,2.25,1.50
2011.03.15 12:08:07.486,1.47447,1.47483,2.25,1.50
2011.03.15 12:08:08.039,1.4745,1.47473,1.50,1.50
2011.03.15 12:08:09.157,1.47455,1.47473,1.50,1.50
2011.03.15 12:08:09.813,1.47455,1.47483,3.00,1.50
2011.03.15 12:08:10.364,1.47455,1.47493,3.00,1.50
2011.03.15 12:08:10.694,1.47455,1.47484,3.00,1.50
2011.03.15 12:08:11.136,1.47458,1.47484,1.50,1.50
2011.03.15 12:08:11.246,1.47458,1.47494,1.50,2.53
2011.03.15 12:08:11.356,1.47458,1.47494,2.25,1.78
2011.03.15 12:08:11.576,1.47458,1.47494,2.25,1.78
2011.03.15 12:08:11.795,1.47458,1.47494,2.25,1.78
2011.03.15 12:08:12.506,1.47456,1.47494,3.90,2.53
2011.03.15 12:08:12.725,1.47457,1.47494,2.25,1.50
2011.03.15 12:08:14.264,1.47457,1.47494,2.55,1.50
2011.03.15 12:08:14.706,1.47459,1.47494,1.05,1.50
2011.03.15 12:08:15.146,1.47459,1.47493,1.65,2.25
2011.03.15 12:08:15.257,1.47457,1.47493,3.30,3.00
2011.03.15 12:08:15.366,1.47457,1.47493,3.15,3.00
2011.03.15 12:08:15.587,1.47456,1.47491,2.40,1.50
2011.03.15 12:08:15.706,1.47456,1.47491,2.55,1.50
2011.03.15 12:08:15.815,1.47455,1.47491,2.40,1.50
2011.03.15 12:08:15.929,1.47455,1.47484,2.25,1.50
2011.03.15 12:08:16.266,1.47459,1.47484,1.50,1.50
2011.03.15 12:08:16.485,1.47459,1.47494,2.25,2.25
2011.03.15 12:08:16.884,1.47464,1.47493,2.25,1.50
2011.03.15 12:08:17.215,1.47464,1.47493,1.50,1.50
2011.03.15 12:08:17.435,1.47464,1.47493,2.25,1.50
2011.03.15 12:08:17.549,1.47468,1.47502,2.25,1.50
2011.03.15 12:08:17.666,1.47468,1.47504,1.50,1.50
2011.03.15 12:08:17.996,1.47475,1.47503,1.50,1.50
2011.03.15 12:08:18.105,1.4747,1.47504,1.50,1.50
2011.03.15 12:08:18.655,1.4747,1.47494,1.50,1.50
2011.03.15 12:08:19.205,1.47467,1.47494,2.25,1.50
2011.03.15 12:08:19.646,1.47469,1.47504,1.65,2.25
2011.03.15 12:08:19.974,1.47469,1.47504,1.50,2.25
2011.03.15 12:08:20.086,1.4747,1.47504,1.50,2.25
2011.03.15 12:08:20.636,1.47473,1.475,2.25,1.50
2011.03.15 12:08:20.855,1.47473,1.47504,3.00,1.50
2011.03.15 12:08:21.387,1.47471,1.47503,2.40,1.50
2011.03.15 12:08:23.803,1.47471,1.47503,2.40,2.25
2011.03.15 12:08:24.505,1.47471,1.47503,2.40,2.25
2011.03.15 12:08:24.839,1.47481,1.47503,1.50,1.50
2011.03.15 12:08:25.067,1.47485,1.47514,1.50,2.25
2011.03.15 12:08:25.297,1.47482,1.47513,1.65,2.25
2011.03.15 12:08:25.634,1.47484,1.47513,1.50,2.25
2011.03.15 12:08:25.854,1.47482,1.47513,1.65,2.25
2011.03.15 12:08:26.295,1.47482,1.47513,1.50,2.25
2011.03.15 12:08:26.404,1.47484,1.47513,1.50,2.25
2011.03.15 12:08:26.765,1.47478,1.47513,1.50,2.25
2011.03.15 12:08:27.095,1.47477,1.47513,1.50,2.25
2011.03.15 12:08:27.209,1.47477,1.47512,1.50,1.50
2011.03.15 12:08:27.326,1.47476,1.47508,2.25,1.50
2011.03.15 12:08:27.547,1.47467,1.47504,3.75,1.50
2011.03.15 12:08:27.665,1.47466,1.47504,2.40,3.00
2011.03.15 12:08:27.884,1.47466,1.47504,2.40,1.50
2011.03.15 12:08:28.544,1.47467,1.47503,1.50,2.44
2011.03.15 12:08:28.655,1.47463,1.47497,2.25,1.50
2011.03.15 12:08:28.985,1.47467,1.47497,1.50,1.50
2011.03.15 12:08:29.319,1.47457,1.47492,1.50,1.69
2011.03.15 12:08:29.548,1.47457,1.47492,1.69,1.78
2011.03.15 12:08:29.884,1.47456,1.47492,1.65,1.50
2011.03.15 12:08:29.994,1.47456,1.47492,1.65,1.50
2011.03.15 12:08:30.216,1.47457,1.47493,1.69,1.35
2011.03.15 12:08:30.799,1.47461,1.47502,1.50,1.50
2011.03.15 12:08:31.685,1.47461,1.47493,1.80,2.25
2011.03.15 12:08:32.013,1.47461,1.47493,1.65,2.25
2011.03.15 12:08:32.484,1.47462,1.47493,1.05,2.25
2011.03.15 12:08:33.085,1.47461,1.47493,1.80,2.25
2011.03.15 12:08:33.724,1.47461,1.47493,1.80,2.25
2011.03.15 12:08:34.426,1.47464,1.47501,1.65,1.50
2011.03.15 12:08:34.755,1.47468,1.47501,1.50,1.50
2011.03.15 12:08:35.976,1.47461,1.47498,1.50,1.50
2011.03.15 12:08:36.086,1.47465,1.47498,1.69,1.50
2011.03.15 12:08:36.418,1.47467,1.47503,1.09,2.25
2011.03.15 12:08:36.974,1.47467,1.47505,1.69,1.03
2011.03.15 12:08:38.085,1.47462,1.47504,2.25,2.25
2011.03.15 12:08:38.196,1.47461,1.47504,3.30,2.25
2011.03.15 12:08:38.744,1.47467,1.475,1.50,1.50
2011.03.15 12:08:40.836,1.47467,1.47503,2.25,2.25
2011.03.15 12:08:41.288,1.47464,1.47497,1.50,2.25
2011.03.15 12:08:41.515,1.4746,1.47497,1.50,3.75
2011.03.15 12:08:41.625,1.47459,1.47493,1.88,3.00
2011.03.15 12:08:41.956,1.47453,1.47486,2.25,1.50
2011.03.15 12:08:42.065,1.47453,1.47483,1.50,1.50
2011.03.15 12:08:42.394,1.47453,1.47484,1.50,1.50
2011.03.15 12:08:45.564,1.47456,1.47491,1.50,1.50
2011.03.15 12:08:46.219,1.47456,1.47486,1.50,3.19
2011.03.15 12:08:46.343,1.47449,1.47474,1.50,1.50
2011.03.15 12:08:46.571,1.47443,1.47474,1.50,3.00
2011.03.15 12:08:47.124,1.47443,1.47474,1.50,1.78
2011.03.15 12:08:47.345,1.47443,1.47473,1.50,1.22
2011.03.15 12:08:47.454,1.4744,1.47473,1.50,1.22
2011.03.15 12:08:47.715,1.47438,1.47469,1.50,1.50
2011.03.15 12:08:47.825,1.47438,1.47469,1.65,1.50
2011.03.15 12:08:49.027,1.47438,1.47469,1.50,1.50
2011.03.15 12:08:49.814,1.47436,1.47473,2.40,2.91
2011.03.15 12:08:50.144,1.47436,1.47463,2.40,1.50
2011.03.15 12:08:50.726,1.47437,1.47463,1.05,1.50
2011.03.15 12:08:51.288,1.47436,1.47463,2.40,1.50
2011.03.15 12:08:51.737,1.47434,1.47468,1.50,1.03
2011.03.15 12:08:51.966,1.47434,1.47468,1.50,1.22
2011.03.15 12:08:52.296,1.47434,1.47463,1.50,2.25
2011.03.15 12:08:53.511,1.47434,1.47463,1.65,2.25
2011.03.15 12:08:53.734,1.47433,1.47463,1.50,2.25
2011.03.15 12:08:54.285,1.47434,1.47463,1.50,2.25
2011.03.15 12:08:54.506,1.47434,1.47463,1.65,2.25
2011.03.15 12:08:54.615,1.47434,1.47463,1.50,2.25
2011.03.15 12:08:56.494,1.47434,1.47464,1.50,1.78
2011.03.15 12:08:56.623,1.47433,1.47461,1.50,1.50
2011.03.15 12:08:56.955,1.47435,1.47462,1.50,1.50
2011.03.15 12:08:57.285,1.47435,1.47463,1.50,1.50
2011.03.15 12:08:59.375,1.47435,1.47463,1.50,3.00
2011.03.15 12:08:59.930,1.47435,1.47463,1.50,1.50
2011.03.15 12:09:00.047,1.47432,1.47464,1.65,2.53
2011.03.15 12:09:00.498,1.47432,1.47464,2.25,2.25
2011.03.15 12:09:00.838,1.47455,1.47473,1.50,1.50
2011.03.15 12:09:00.959,1.47454,1.47483,2.25,2.53
2011.03.15 12:09:01.076,1.4746,1.47485,1.69,1.50
2011.03.15 12:09:01.186,1.47466,1.47493,1.50,3.75
2011.03.15 12:09:01.300,1.47469,1.47501,3.00,1.03
2011.03.15 12:09:01.415,1.4747,1.47501,1.50,1.03
2011.03.15 12:09:01.528,1.47478,1.47503,1.50,2.25
2011.03.15 12:09:01.646,1.47478,1.47503,3.00,1.50
2011.03.15 12:09:01.864,1.47483,1.47513,2.25,2.25
2011.03.15 12:09:01.976,1.47484,1.47513,1.50,1.50
2011.03.15 12:09:02.305,1.47483,1.47503,1.50,1.50
2011.03.15 12:09:02.967,1.4748,1.47503,2.44,1.50
2011.03.15 12:09:03.382,1.4748,1.47503,1.69,1.50
2011.03.15 12:09:03.499,1.47483,1.47503,1.50,1.50
2011.03.15 12:09:03.949,1.47483,1.47503,2.25,1.50
2011.03.15 12:09:04.945,1.47483,1.47503,1.50,1.50
2011.03.15 12:09:05.494,1.4748,1.47503,1.69,1.50
2011.03.15 12:09:06.376,1.47487,1.47503,1.50,1.50
2011.03.15 12:09:06.486,1.47484,1.47521,3.19,1.03
2011.03.15 12:09:06.597,1.4749,1.47522,1.50,1.03
2011.03.15 12:09:06.706,1.47493,1.47523,1.13,2.25
2011.03.15 12:09:07.242,1.47502,1.47534,1.50,2.25
2011.03.15 12:09:07.393,1.47517,1.47541,1.50,1.50
2011.03.15 12:09:07.615,1.47516,1.47543,1.50,1.50
2011.03.15 12:09:08.165,1.47516,1.47554,1.50,2.25
2011.03.15 12:09:08.493,1.47516,1.47544,2.25,1.50
2011.03.15 12:09:08.604,1.47518,1.47554,1.50,2.25
2011.03.15 12:09:08.718,1.47525,1.47554,1.69,2.25
2011.03.15 12:09:08.837,1.47523,1.47564,1.69,2.53
2011.03.15 12:09:08.947,1.47529,1.47564,1.50,2.25
2011.03.15 12:09:09.286,1.47533,1.47564,1.50,2.25
2011.03.15 12:09:09.396,1.47534,1.47564,1.88,2.25
2011.03.15 12:09:10.164,1.47537,1.47564,1.65,2.25
2011.03.15 12:09:10.278,1.47543,1.47574,2.25,2.25
2011.03.15 12:09:10.505,1.47543,1.47574,3.75,1.50
2011.03.15 12:09:10.905,1.47549,1.47583,1.50,2.25
2011.03.15 12:09:11.021,1.47551,1.4759,2.25,2.25
2011.03.15 12:09:11.140,1.47554,1.47584,1.50,1.50
2011.03.15 12:09:11.482,1.47561,1.47583,1.50,1.50
2011.03.15 12:09:11.706,1.47557,1.47583,2.25,1.50
2011.03.15 12:09:11.929,1.47561,1.47593,1.65,2.25
2011.03.15 12:09:12.046,1.47564,1.47593,2.25,1.50
2011.03.15 12:09:12.598,1.47564,1.47594,3.00,1.50
2011.03.15 12:09:13.155,1.47566,1.47604,3.00,2.25
2011.03.15 12:09:13.268,1.47574,1.47604,1.13,2.25
2011.03.15 12:09:13.386,1.47574,1.47604,1.88,1.50
2011.03.15 12:09:13.495,1.47574,1.47612,3.75,1.50
2011.03.15 12:09:14.051,1.47581,1.47613,1.50,2.25
2011.03.15 12:09:14.607,1.47581,1.47614,1.50,2.25
2011.03.15 12:09:14.726,1.47585,1.47614,2.25,2.25
2011.03.15 12:09:15.054,1.47585,1.47614,3.00,2.25
2011.03.15 12:09:15.605,1.47585,1.47614,1.65,1.50
2011.03.15 12:09:15.937,1.47589,1.47624,1.50,2.25
2011.03.15 12:09:16.276,1.47585,1.47624,1.65,2.25
2011.03.15 12:09:16.497,1.47586,1.47624,2.25,2.25
2011.03.15 12:09:16.835,1.47586,1.47617,1.50,1.50
2011.03.15 12:09:17.057,1.47579,1.47617,1.50,1.50
2011.03.15 12:09:17.394,1.47579,1.47614,1.50,2.25
2011.03.15 12:09:17.794,1.47581,1.47621,1.50,3.00
2011.03.15 12:09:17.910,1.47584,1.47621,1.50,3.00
2011.03.15 12:09:18.136,1.4758,1.47614,1.50,3.00
2011.03.15 12:09:18.245,1.47583,1.47614,1.50,3.00
2011.03.15 12:09:18.464,1.47583,1.47614,1.88,2.25
2011.03.15 12:09:18.575,1.47587,1.47614,1.50,2.25
2011.03.15 12:09:18.794,1.47583,1.47614,1.13,2.25
2011.03.15 12:09:19.014,1.47583,1.47621,1.13,1.50
2011.03.15 12:09:19.235,1.47587,1.47621,1.50,1.50
2011.03.15 12:09:19.344,1.47588,1.47621,1.69,1.50
2011.03.15 12:09:19.894,1.47588,1.47622,1.69,1.50
2011.03.15 12:09:20.004,1.47588,1.47622,1.69,1.50
2011.03.15 12:09:20.446,1.47588,1.47622,1.50,1.50
2011.03.15 12:09:20.556,1.47587,1.47618,1.50,1.50
2011.03.15 12:09:20.667,1.47584,1.47618,2.25,1.50
2011.03.15 12:09:21.118,1.47581,1.47614,1.84,2.25
2011.03.15 12:09:21.631,1.47578,1.47612,1.50,1.03
2011.03.15 12:09:21.745,1.47576,1.47612,1.69,1.03
2011.03.15 12:09:22.406,1.47574,1.47611,1.13,2.25
2011.03.15 12:09:22.516,1.47571,1.47608,1.50,1.03
2011.03.15 12:09:23.065,1.47568,1.47604,1.69,2.25
2011.03.15 12:09:23.395,1.47568,1.47604,1.69,2.25
2011.03.15 12:09:24.006,1.47568,1.47604,1.50,2.25
2011.03.15 12:09:24.335,1.47568,1.47603,1.50,1.03
2011.03.15 12:09:24.664,1.47565,1.47593,1.50,2.25
2011.03.15 12:09:25.106,1.47567,1.47593,1.50,2.25
2011.03.15 12:09:25.735,1.47567,1.47593,1.50,1.50
2011.03.15 12:09:26.175,1.47567,1.47593,1.50,2.25
2011.03.15 12:09:27.275,1.47569,1.47593,1.50,2.25
2011.03.15 12:09:28.085,1.47569,1.47593,1.50,2.25
2011.03.15 12:09:28.414,1.47572,1.47593,1.50,2.25
2011.03.15 12:09:28.637,1.47568,1.47593,1.50,2.25
2011.03.15 12:09:28.757,1.47568,1.47593,1.50,1.50
2011.03.15 12:09:29.316,1.47569,1.47604,1.50,2.25
2011.03.15 12:09:29.754,1.47569,1.47608,3.00,1.50
2011.03.15 12:09:30.420,1.47569,1.47603,3.00,2.25
2011.03.15 12:09:30.647,1.47569,1.47604,2.25,3.00
2011.03.15 12:09:30.875,1.47568,1.47603,1.50,2.25
2011.03.15 12:09:31.647,1.47568,1.47594,1.50,1.50
2011.03.15 12:09:31.757,1.47565,1.47594,3.00,1.50
2011.03.15 12:09:32.203,1.47564,1.47594,2.25,1.50
2011.03.15 12:09:33.095,1.47564,1.47602,1.13,1.69
2011.03.15 12:09:33.205,1.47562,1.47603,3.00,3.68
2011.03.15 12:09:33.424,1.47566,1.47603,1.50,2.25
2011.03.15 12:09:33.755,1.47568,1.47603,2.25,2.25
2011.03.15 12:09:34.085,1.47568,1.47603,1.50,2.44
2011.03.15 12:09:34.414,1.47571,1.47594,1.50,2.25
2011.03.15 12:09:35.287,1.47571,1.47594,1.50,1.50
2011.03.15 12:09:35.516,1.47574,1.47604,1.50,2.25
2011.03.15 12:09:35.954,1.47574,1.47603,1.50,2.25
2011.03.15 12:09:37.476,1.47574,1.47603,2.25,2.25
2011.03.15 12:09:37.804,1.47575,1.47603,2.25,2.25
2011.03.15 12:09:38.243,1.47575,1.47603,2.40,2.25
2011.03.15 12:09:38.645,1.47575,1.47603,2.40,2.25
2011.03.15 12:09:39.195,1.47578,1.47614,2.25,1.69
2011.03.15 12:09:39.306,1.47583,1.47614,1.50,1.50
2011.03.15 12:09:39.525,1.47586,1.47614,1.65,1.50
2011.03.15 12:09:39.747,1.47591,1.47624,2.25,3.00
2011.03.15 12:09:39.866,1.47598,1.47624,1.50,1.50
2011.03.15 12:09:40.195,1.476,1.47623,1.50,1.50
2011.03.15 12:09:40.524,1.47604,1.47623,1.50,1.50
2011.03.15 12:09:44.975,1.47604,1.47633,1.50,1.50
2011.03.15 12:09:45.193,1.47606,1.47633,1.50,1.50
2011.03.15 12:09:45.636,1.47606,1.4763,1.50,1.50
2011.03.15 12:09:45.748,1.47602,1.4763,1.50,1.50
2011.03.15 12:09:45.865,1.47595,1.47623,2.25,2.25
2011.03.15 12:09:45.975,1.47595,1.47623,1.50,2.25
2011.03.15 12:09:46.087,1.47591,1.47613,1.50,1.50
2011.03.15 12:09:46.205,1.47591,1.47623,1.50,2.25
2011.03.15 12:09:46.316,1.4759,1.47623,1.50,2.25
2011.03.15 12:09:46.646,1.47586,1.47619,1.50,1.50
2011.03.15 12:09:46.865,1.47584,1.47619,1.50,1.50
2011.03.15 12:09:46.976,1.47589,1.47619,1.50,1.78
2011.03.15 12:09:47.537,1.47589,1.47614,1.50,1.50
2011.03.15 12:09:47.755,1.47586,1.47614,1.50,1.50
2011.03.15 12:09:48.196,1.47583,1.47613,1.50,2.25
2011.03.15 12:09:48.746,1.47583,1.47612,1.50,1.50
2011.03.15 12:09:49.075,1.47583,1.47613,1.50,1.78
2011.03.15 12:09:49.516,1.4758,1.47608,1.50,1.78
2011.03.15 12:09:50.065,1.4758,1.47607,1.50,1.03
2011.03.15 12:09:50.505,1.47579,1.47604,1.50,1.50
2011.03.15 12:09:50.615,1.4757,1.47604,2.25,1.50
2011.03.15 12:09:50.835,1.47566,1.47604,3.00,2.25
2011.03.15 12:09:50.945,1.47569,1.47604,1.50,1.50
2011.03.15 12:09:51.054,1.47569,1.47607,1.50,1.03
2011.03.15 12:09:51.496,1.47569,1.47607,1.50,1.03
2011.03.15 12:09:52.039,1.47577,1.47604,1.50,2.25
2011.03.15 12:09:53.985,1.47574,1.47604,1.50,2.25
2011.03.15 12:09:54.945,1.47574,1.47604,1.50,2.25
2011.03.15 12:09:55.656,1.47574,1.47604,1.50,2.25
2011.03.15 12:09:56.097,1.4757,1.47604,2.44,2.25
2011.03.15 12:09:56.666,1.4757,1.47604,1.50,2.25
2011.03.15 12:09:56.886,1.4757,1.47604,1.50,1.50
2011.03.15 12:09:57.656,1.47569,1.47604,1.50,1.50
2011.03.15 12:09:58.726,1.47567,1.47604,1.65,1.50
2011.03.15 12:09:59.274,1.47566,1.47604,3.75,2.25
2011.03.15 12:09:59.823,1.47566,1.47604,3.75,3.00
2011.03.15 12:10:00.378,1.47566,1.476,3.75,1.50
2011.03.15 12:10:00.715,1.47562,1.47599,1.50,1.50
2011.03.15 12:10:01.057,1.4756,1.47594,1.50,1.78
2011.03.15 12:10:01.945,1.47556,1.47594,1.50,2.53
2011.03.15 12:10:02.494,1.47556,1.47593,1.50,1.03
2011.03.15 12:10:03.044,1.47558,1.47593,1.50,1.03
2011.03.15 12:10:03.765,1.47556,1.47593,1.65,1.03
2011.03.15 12:10:04.314,1.47556,1.47593,1.50,1.78
2011.03.15 12:10:04.866,1.47556,1.47592,1.50,1.50
2011.03.15 12:10:04.975,1.47554,1.47592,1.50,1.50
2011.03.15 12:10:05.084,1.47553,1.47587,1.50,1.22
2011.03.15 12:10:05.414,1.47548,1.47585,1.50,1.22
2011.03.15 12:10:07.064,1.47548,1.47583,1.50,2.25
2011.03.15 12:10:07.566,1.47547,1.47581,1.50,1.03
2011.03.15 12:10:07.679,1.47542,1.47581,1.50,1.03
2011.03.15 12:10:08.020,1.47542,1.47574,1.50,1.50
2011.03.15 12:10:10.265,1.47542,1.47574,2.25,1.50
2011.03.15 12:10:10.485,1.47542,1.47581,2.55,1.03
2011.03.15 12:10:10.593,1.47542,1.47581,2.55,1.03
2011.03.15 12:10:11.036,1.47544,1.47581,1.50,1.78
2011.03.15 12:10:11.595,1.47544,1.47574,1.50,1.50
2011.03.15 12:10:13.784,1.47546,1.47574,1.50,1.50
2011.03.15 12:10:14.632,1.47542,1.47574,1.65,1.50
2011.03.15 12:10:16.506,1.47542,1.47574,1.50,2.25
2011.03.15 12:10:17.118,1.47539,1.47573,1.50,1.50
2011.03.15 12:10:17.235,1.47537,1.47574,1.50,3.28
2011.03.15 12:10:17.674,1.47537,1.47573,1.50,2.25
2011.03.15 12:10:18.224,1.47537,1.47573,1.50,4.50
2011.03.15 12:10:18.554,1.47529,1.47567,1.50,3.00
2011.03.15 12:10:18.813,1.47529,1.47567,1.50,3.00
2011.03.15 12:10:21.974,1.47527,1.47563,1.50,2.25
2011.03.15 12:10:22.193,1.47527,1.47563,1.50,2.25
2011.03.15 12:10:23.377,1.47527,1.4756,1.50,2.25
2011.03.15 12:10:23.497,1.47518,1.47557,1.50,1.50
2011.03.15 12:10:23.944,1.47518,1.47552,1.50,1.03
2011.03.15 12:10:24.496,1.47518,1.47552,1.50,1.03
2011.03.15 12:10:24.827,1.47516,1.47552,1.50,1.78
2011.03.15 12:10:25.155,1.47509,1.47544,1.50,1.50
2011.03.15 12:10:25.375,1.47512,1.47544,1.50,1.50
2011.03.15 12:10:25.815,1.4751,1.4754,1.50,1.03
2011.03.15 12:10:26.765,1.4751,1.4754,1.50,1.03
2011.03.15 12:10:26.986,1.475,1.47538,1.50,2.18
2011.03.15 12:10:27.344,1.47495,1.47533,1.50,2.25
2011.03.15 12:10:28.336,1.47495,1.47532,1.50,2.93
2011.03.15 12:10:28.444,1.47495,1.47532,1.50,2.93
2011.03.15 12:10:28.555,1.47496,1.47532,1.50,2.93
2011.03.15 12:10:28.665,1.47495,1.47532,1.50,1.50
2011.03.15 12:10:28.774,1.47495,1.4753,1.50,1.50
2011.03.15 12:10:29.105,1.47491,1.4753,1.50,3.00
2011.03.15 12:10:29.217,1.4749,1.47527,2.25,2.18
2011.03.15 12:10:29.546,1.4749,1.47529,1.50,2.18
2011.03.15 12:10:30.094,1.4749,1.47529,1.50,2.18
2011.03.15 12:10:30.644,1.47489,1.47525,1.50,2.18
2011.03.15 12:10:31.524,1.47488,1.47523,1.50,2.25
2011.03.15 12:10:32.516,1.47488,1.47525,2.44,2.18
2011.03.15 12:10:32.844,1.47489,1.47527,2.25,2.18
2011.03.15 12:10:33.413,1.47486,1.47524,5.25,2.25
2011.03.15 12:10:33.923,1.47487,1.47524,1.50,2.25
2011.03.15 12:10:34.474,1.47487,1.47524,1.65,2.25
2011.03.15 12:10:34.949,1.47486,1.47524,4.50,2.25
2011.03.15 12:10:35.297,1.47482,1.47517,1.50,2.93
2011.03.15 12:10:35.525,1.47478,1.47517,1.50,1.50
2011.03.15 12:10:35.636,1.47476,1.47516,3.75,2.64
2011.03.15 12:10:35.967,1.47476,1.47513,3.19,2.18
2011.03.15 12:10:36.543,1.47475,1.47511,1.50,1.03
2011.03.15 12:10:36.766,1.47472,1.47509,1.50,1.50
2011.03.15 12:10:37.099,1.47469,1.47509,4.50,1.50
2011.03.15 12:10:37.219,1.47469,1.47503,3.75,1.50
2011.03.15 12:10:39.149,1.47467,1.47503,2.44,2.25
2011.03.15 12:10:39.531,1.47462,1.47502,2.25,1.50
2011.03.15 12:10:39.652,1.47462,1.47502,1.50,1.50
2011.03.15 12:10:39.770,1.47464,1.47499,2.25,1.43
2011.03.15 12:10:40.252,1.47462,1.47494,1.50,1.50
2011.03.15 12:10:40.841,1.47466,1.47494,1.50,1.50
2011.03.15 12:10:40.962,1.4746,1.47494,1.50,2.25
2011.03.15 12:10:41.221,1.47454,1.47492,5.44,2.18
2011.03.15 12:10:41.556,1.47456,1.47484,2.25,1.50
2011.03.15 12:10:42.328,1.47451,1.47484,1.50,1.50
2011.03.15 12:10:43.067,1.47447,1.47474,1.50,1.50
2011.03.15 12:10:43.288,1.47447,1.47484,1.50,2.25
2011.03.15 12:10:43.638,1.4744,1.47473,2.25,1.69
2011.03.15 12:10:43.868,1.47433,1.47472,1.50,2.44
2011.03.15 12:10:43.986,1.47431,1.47472,3.00,2.44
2011.03.15 12:10:44.550,1.47434,1.47472,2.25,1.22
2011.03.15 12:10:44.995,1.47434,1.4747,1.13,1.43
2011.03.15 12:10:45.217,1.47438,1.47472,1.95,1.03
2011.03.15 12:10:45.327,1.47434,1.47473,1.20,1.78
2011.03.15 12:10:45.445,1.47433,1.47473,3.00,1.50
2011.03.15 12:10:45.886,1.47435,1.47473,1.50,1.50
2011.03.15 12:10:46.648,1.47435,1.47473,1.50,2.25
2011.03.15 12:10:46.990,1.47437,1.47478,2.40,1.50
2011.03.15 12:10:47.219,1.4744,1.4748,1.50,2.53
2011.03.15 12:10:47.337,1.4744,1.47473,2.25,1.50
2011.03.15 12:10:47.675,1.47442,1.47473,1.50,1.50
2011.03.15 12:10:48.115,1.47444,1.47482,2.25,1.50
2011.03.15 12:10:48.664,1.47446,1.47483,2.25,1.50
2011.03.15 12:10:48.778,1.4745,1.47483,1.50,1.50
2011.03.15 12:10:49.116,1.47451,1.47483,1.50,2.25
2011.03.15 12:10:49.556,1.47453,1.47483,2.25,1.50
2011.03.15 12:10:49.875,1.47455,1.47483,1.50,1.50
2011.03.15 12:10:49.988,1.47447,1.47483,1.50,1.50
2011.03.15 12:10:50.107,1.47449,1.47486,1.69,2.25
2011.03.15 12:10:50.229,1.47456,1.47491,1.50,1.71
2011.03.15 12:10:50.579,1.47457,1.47493,1.50,1.50
2011.03.15 12:10:50.698,1.47459,1.47493,1.50,1.50
2011.03.15 12:10:50.925,1.47459,1.47493,1.50,1.50
2011.03.15 12:10:51.256,1.47462,1.47503,1.69,1.78
2011.03.15 12:10:51.364,1.47462,1.47503,1.69,1.50
2011.03.15 12:10:51.695,1.47464,1.47501,1.50,2.44
2011.03.15 12:10:52.028,1.4746,1.47503,2.25,4.69
2011.03.15 12:10:53.796,1.47465,1.47502,1.50,1.69
2011.03.15 12:10:54.126,1.47462,1.47501,1.65,2.25
2011.03.15 12:10:54.564,1.47466,1.47502,1.50,2.44
2011.03.15 12:10:54.675,1.47466,1.47502,1.50,1.69
2011.03.15 12:10:54.785,1.47467,1.47502,1.09,1.50
2011.03.15 12:10:55.885,1.47468,1.47503,3.12,1.50
2011.03.15 12:10:56.436,1.47471,1.47503,1.50,1.50
2011.03.15 12:10:56.767,1.47474,1.47503,1.69,1.50
2011.03.15 12:10:56.886,1.47476,1.4751,1.09,1.50
2011.03.15 12:10:57.467,1.47475,1.47511,1.50,1.50
2011.03.15 12:10:57.578,1.47475,1.47503,1.50,1.50
2011.03.15 12:10:58.247,1.47478,1.47511,1.50,2.25
2011.03.15 12:10:58.366,1.47488,1.47511,1.50,1.50
2011.03.15 12:10:58.588,1.47488,1.47508,1.50,1.50
2011.03.15 12:10:59.596,1.47488,1.47508,1.50,1.50
2011.03.15 12:11:00.035,1.47488,1.47503,1.50,2.25
2011.03.15 12:11:00.538,1.47488,1.47503,1.50,2.25
2011.03.15 12:11:01.096,1.47488,1.47503,1.50,2.25
2011.03.15 12:11:01.427,1.47488,1.47503,1.50,2.25
2011.03.15 12:11:01.877,1.47466,1.47503,1.50,2.25
2011.03.15 12:11:02.220,1.47488,1.47503,1.50,2.25
2011.03.15 12:11:02.667,1.47488,1.47502,1.50,2.18
2011.03.15 12:11:02.774,1.4746,1.47502,1.65,2.18
2011.03.15 12:11:02.885,1.4746,1.47503,2.40,2.25
2011.03.15 12:11:02.994,1.4746,1.47503,1.50,2.25
2011.03.15 12:11:03.106,1.4746,1.47499,2.40,2.25
2011.03.15 12:11:03.326,1.47459,1.47499,2.40,2.25
2011.03.15 12:11:03.543,1.4746,1.47499,1.28,2.25
2011.03.15 12:11:03.876,1.47488,1.47501,1.50,2.25
2011.03.15 12:11:04.529,1.47488,1.47501,1.50,2.25
2011.03.15 12:11:04.866,1.47488,1.47501,1.50,2.25
2011.03.15 12:11:05.087,1.47488,1.47501,1.50,1.50
2011.03.15 12:11:05.644,1.47489,1.47503,1.50,2.25
2011.03.15 12:11:05.975,1.47488,1.47503,1.50,1.50
2011.03.15 12:11:06.634,1.47489,1.47503,1.50,1.50
2011.03.15 12:11:07.344,1.47488,1.47509,1.50,2.25
2011.03.15 12:11:07.566,1.47488,1.47509,1.50,2.25
2011.03.15 12:11:07.675,1.47489,1.47509,1.50,2.25
2011.03.15 12:11:08.007,1.47488,1.47509,1.50,2.25
2011.03.15 12:11:08.234,1.47488,1.47509,1.50,2.25
2011.03.15 12:11:08.848,1.47489,1.47511,1.50,2.25
2011.03.15 12:11:09.022,1.47488,1.47513,1.50,2.25
2011.03.15 12:11:09.465,1.47491,1.47514,1.50,2.25
2011.03.15 12:11:09.577,1.47493,1.47514,1.43,1.50
2011.03.15 12:11:09.687,1.47495,1.47514,1.50,1.50
2011.03.15 12:11:09.810,1.47491,1.47527,1.50,3.00
2011.03.15 12:11:09.925,1.47496,1.4753,1.50,1.03
2011.03.15 12:11:10.365,1.47496,1.47532,2.25,2.25
2011.03.15 12:11:10.696,1.47495,1.4753,1.13,2.25
2011.03.15 12:11:10.805,1.47492,1.4753,1.13,2.25
2011.03.15 12:11:11.138,1.47492,1.4753,1.13,2.25
2011.03.15 12:11:11.254,1.47491,1.4753,1.50,2.25
2011.03.15 12:11:11.364,1.47491,1.4753,1.50,2.25
2011.03.15 12:11:11.697,1.47491,1.47526,1.50,2.25
2011.03.15 12:11:12.136,1.47488,1.47526,1.69,2.25
2011.03.15 12:11:12.251,1.47489,1.47524,1.50,2.25
2011.03.15 12:11:12.585,1.47488,1.47524,1.50,1.03
2011.03.15 12:11:13.467,1.47489,1.47524,1.50,2.53
2011.03.15 12:11:13.917,1.47489,1.47523,2.25,1.03
2011.03.15 12:11:14.255,1.47489,1.47528,2.25,1.03
2011.03.15 12:11:15.025,1.47489,1.47528,1.50,1.03
2011.03.15 12:11:15.815,1.47488,1.47524,1.50,2.25
2011.03.15 12:11:16.144,1.47488,1.47524,1.50,2.25
2011.03.15 12:11:16.254,1.47488,1.47524,1.50,4.50
2011.03.15 12:11:16.808,1.47488,1.47524,1.50,2.25
2011.03.15 12:11:17.367,1.47488,1.47517,1.50,1.50
2011.03.15 12:11:17.695,1.47489,1.47517,1.50,1.50
2011.03.15 12:11:18.715,1.47488,1.47514,1.50,2.25
2011.03.15 12:11:19.745,1.47489,1.47514,1.50,2.25
2011.03.15 12:11:20.296,1.47489,1.47512,1.50,3.00
2011.03.15 12:11:21.065,1.47488,1.47509,1.50,1.03
2011.03.15 12:11:22.075,1.47488,1.47509,1.50,1.03
2011.03.15 12:11:22.633,1.47488,1.47494,1.50,2.25
2011.03.15 12:11:23.184,1.47488,1.47494,1.50,2.25
2011.03.15 12:11:23.733,1.47488,1.47494,1.50,2.25
2011.03.15 12:11:24.064,1.47456,1.47494,1.65,2.25
2011.03.15 12:11:24.394,1.47452,1.47494,2.40,2.25
2011.03.15 12:11:25.386,1.47452,1.47494,2.55,2.25
2011.03.15 12:11:26.065,1.47452,1.47494,3.90,2.25
2011.03.15 12:11:26.613,1.47456,1.47494,1.65,2.25
2011.03.15 12:11:27.490,1.47456,1.47494,1.50,2.25
2011.03.15 12:11:27.940,1.47452,1.47493,1.50,1.78
2011.03.15 12:11:28.169,1.47452,1.47484,2.93,1.50
2011.03.15 12:11:28.617,1.47453,1.47487,1.50,1.03
2011.03.15 12:11:28.736,1.47453,1.47487,2.44,1.03
2011.03.15 12:11:29.747,1.47456,1.47487,1.43,1.03
2011.03.15 12:11:29.857,1.47451,1.47487,2.44,1.03
2011.03.15 12:11:29.974,1.47451,1.47487,2.44,1.03
2011.03.15 12:11:30.527,1.47454,1.47488,2.25,1.03
2011.03.15 12:11:30.904,1.47456,1.47488,1.50,1.03
2011.03.15 12:11:31.241,1.47455,1.4749,1.50,1.03
2011.03.15 12:11:32.454,1.47456,1.4749,2.33,1.03
2011.03.15 12:11:33.925,1.47456,1.47491,2.18,1.03
2011.03.15 12:11:34.256,1.47456,1.47491,1.50,1.03
2011.03.15 12:11:35.236,1.47455,1.4749,1.50,1.50
2011.03.15 12:11:35.347,1.47452,1.4749,1.13,1.50
2011.03.15 12:11:35.465,1.47448,1.47488,2.25,1.03
2011.03.15 12:11:35.794,1.47442,1.47483,1.84,2.25
2011.03.15 12:11:35.904,1.47443,1.47483,2.25,2.25
2011.03.15 12:11:36.016,1.47443,1.47483,2.40,2.25
2011.03.15 12:11:36.345,1.47443,1.47483,1.50,3.75
2011.03.15 12:11:36.458,1.47443,1.47483,1.65,3.75
2011.03.15 12:11:36.575,1.47443,1.47483,1.50,3.75
2011.03.15 12:11:36.685,1.47448,1.47483,1.50,3.00
2011.03.15 12:11:37.568,1.47446,1.47489,3.15,2.25
2011.03.15 12:11:37.905,1.47448,1.4749,2.25,4.03
2011.03.15 12:11:38.124,1.47449,1.4749,1.50,4.03
2011.03.15 12:11:38.605,1.47448,1.4749,1.50,4.03
2011.03.15 12:11:39.045,1.47448,1.4749,1.50,4.03
2011.03.15 12:11:39.265,1.47448,1.47488,1.50,1.50
2011.03.15 12:11:40.784,1.47448,1.47483,1.50,1.50
2011.03.15 12:11:41.445,1.47449,1.47483,1.50,2.25
2011.03.15 12:11:42.185,1.47447,1.47489,3.00,1.50
2011.03.15 12:11:44.414,1.47449,1.4749,1.50,1.03
2011.03.15 12:11:45.564,1.47449,1.4749,1.50,2.53
2011.03.15 12:11:45.785,1.4745,1.4749,2.25,1.03
2011.03.15 12:11:46.335,1.47452,1.47493,1.80,2.25
2011.03.15 12:11:46.445,1.47452,1.47493,1.80,2.25
2011.03.15 12:11:46.994,1.47452,1.47492,1.65,2.25
2011.03.15 12:11:47.603,1.47452,1.47492,1.80,2.25
2011.03.15 12:11:49.785,1.47452,1.47493,1.65,2.25
2011.03.15 12:11:50.444,1.47452,1.47493,1.80,2.25
2011.03.15 12:11:50.664,1.47452,1.47493,1.80,2.25
2011.03.15 12:11:50.775,1.47452,1.47493,1.80,2.25
2011.03.15 12:11:50.995,1.47456,1.47493,1.05,2.25
2011.03.15 12:11:51.327,1.47457,1.47493,1.05,2.25
2011.03.15 12:11:51.436,1.47455,1.47492,1.05,2.25
2011.03.15 12:11:51.657,1.47456,1.47492,1.65,2.25
2011.03.15 12:11:51.877,1.47457,1.47493,1.95,2.25
2011.03.15 12:11:51.986,1.47457,1.47493,1.95,2.25
2011.03.15 12:11:52.565,1.47459,1.47493,1.05,2.25
2011.03.15 12:11:52.956,1.47457,1.47493,1.65,2.25
2011.03.15 12:11:53.616,1.4746,1.47493,1.65,2.25
2011.03.15 12:11:54.968,1.4746,1.47493,2.25,2.25
2011.03.15 12:11:55.414,1.47461,1.47493,1.50,1.50
2011.03.15 12:11:55.526,1.47461,1.47498,1.65,2.25
2011.03.15 12:11:55.744,1.47464,1.47498,1.50,2.25
2011.03.15 12:11:55.854,1.47467,1.47498,2.25,2.25
2011.03.15 12:11:56.201,1.47467,1.47498,2.25,2.25
2011.03.15 12:11:56.538,1.47467,1.47498,2.25,2.25
2011.03.15 12:11:56.985,1.47464,1.47498,2.25,2.25
2011.03.15 12:11:57.206,1.47457,1.47494,3.30,2.25
2011.03.15 12:11:57.866,1.47457,1.47493,4.05,1.50
2011.03.15 12:11:58.307,1.47457,1.47493,3.15,2.25
2011.03.15 12:12:00.825,1.47457,1.47493,3.00,2.25
2011.03.15 12:12:01.382,1.47453,1.4749,2.63,2.25
2011.03.15 12:12:01.605,1.47454,1.47486,1.88,1.50
2011.03.15 12:12:02.156,1.47453,1.47484,1.88,1.50
2011.03.15 12:12:03.828,1.4745,1.47487,1.50,1.50
2011.03.15 12:12:04.056,1.47449,1.47483,1.50,1.50
2011.03.15 12:12:05.605,1.47447,1.47483,2.25,2.25
2011.03.15 12:12:05.933,1.47447,1.47483,2.25,2.25
2011.03.15 12:12:06.156,1.47447,1.47483,2.25,2.25
2011.03.15 12:12:07.875,1.47447,1.47483,2.40,2.25
2011.03.15 12:12:08.388,1.47447,1.47483,1.65,2.25
2011.03.15 12:12:09.938,1.47464,1.47483,1.50,1.50
2011.03.15 12:12:10.057,1.47477,1.47484,1.50,1.50
2011.03.15 12:12:10.169,1.47482,1.47488,1.13,1.78
2011.03.15 12:12:10.290,1.47475,1.47512,1.69,2.25
2011.03.15 12:12:10.407,1.47474,1.47512,2.25,1.50
2011.03.15 12:12:10.723,1.47477,1.47512,1.50,1.50
2011.03.15 12:12:10.841,1.47473,1.47508,2.25,1.50
2011.03.15 12:12:11.177,1.47474,1.47508,1.50,1.50
2011.03.15 12:12:11.725,1.47476,1.47514,1.50,2.25
2011.03.15 12:12:12.225,1.47476,1.47514,1.50,2.25
2011.03.15 12:12:12.824,1.47476,1.47514,2.25,2.25
2011.03.15 12:12:13.046,1.47496,1.47516,1.50,1.50
2011.03.15 12:12:13.156,1.47496,1.47526,1.50,1.03
2011.03.15 12:12:13.269,1.47505,1.47532,1.50,2.93
2011.03.15 12:12:13.385,1.47505,1.47535,1.50,1.03
2011.03.15 12:12:13.495,1.4751,1.47543,1.13,1.50
2011.03.15 12:12:13.606,1.47511,1.47545,1.32,1.78
2011.03.15 12:12:13.715,1.47513,1.47548,1.13,2.25
2011.03.15 12:12:13.937,1.47512,1.47549,1.50,1.50
2011.03.15 12:12:14.156,1.47512,1.47552,1.50,3.00
2011.03.15 12:12:14.377,1.47512,1.47543,2.25,1.50
2011.03.15 12:12:15.085,1.47514,1.47551,1.50,2.25
2011.03.15 12:12:15.197,1.47514,1.47554,1.50,3.75
2011.03.15 12:12:15.429,1.47518,1.47554,1.50,3.00
2011.03.15 12:12:15.766,1.47518,1.47554,1.50,2.25
2011.03.15 12:12:16.317,1.47524,1.47554,1.50,2.25
2011.03.15 12:12:16.758,1.47519,1.47554,2.25,2.25
2011.03.15 12:12:16.875,1.47519,1.47554,1.50,2.25
2011.03.15 12:12:17.695,1.47519,1.47554,1.50,2.25
2011.03.15 12:12:17.917,1.47519,1.47558,1.50,2.25
2011.03.15 12:12:18.468,1.47518,1.47554,1.50,2.25
2011.03.15 12:12:18.694,1.47518,1.47552,1.50,2.25
2011.03.15 12:12:19.382,1.47518,1.47554,1.50,2.25
2011.03.15 12:12:19.606,1.47516,1.47554,2.25,2.25
2011.03.15 12:12:20.045,1.47516,1.47554,2.25,2.25
2011.03.15 12:12:21.289,1.47516,1.47551,2.25,1.03
2011.03.15 12:12:21.625,1.47516,1.47551,2.25,1.03
2011.03.15 12:12:21.959,1.47511,1.47546,1.50,1.41
2011.03.15 12:12:22.080,1.47517,1.47546,2.25,1.13
2011.03.15 12:12:22.309,1.47513,1.47547,6.38,1.03
2011.03.15 12:12:22.427,1.47516,1.47547,1.50,1.03
2011.03.15 12:12:22.535,1.47508,1.47542,1.20,1.03
2011.03.15 12:12:22.867,1.47506,1.47542,1.50,1.03
2011.03.15 12:12:23.310,1.47506,1.47535,1.50,1.50
2011.03.15 12:12:23.665,1.47497,1.47528,1.50,1.03
2011.03.15 12:12:24.216,1.47493,1.47528,2.25,1.03
2011.03.15 12:12:24.327,1.47499,1.47528,1.50,1.03
2011.03.15 12:12:24.445,1.47492,1.47528,3.94,1.03
2011.03.15 12:12:24.886,1.47492,1.47528,2.44,1.03
2011.03.15 12:12:25.987,1.47489,1.47528,4.50,1.03
2011.03.15 12:12:26.105,1.47489,1.47523,1.50,2.53
2011.03.15 12:12:26.435,1.47488,1.47523,1.50,2.53
2011.03.15 12:12:26.764,1.47488,1.47523,1.50,2.53
2011.03.15 12:12:27.315,1.47486,1.47518,1.65,1.03
2011.03.15 12:12:27.868,1.47486,1.47518,1.50,1.03
2011.03.15 12:12:28.196,1.47484,1.47518,1.32,1.03
2011.03.15 12:12:28.415,1.47484,1.47518,2.37,1.03
2011.03.15 12:12:29.767,1.4748,1.47518,1.69,3.28
2011.03.15 12:12:31.216,1.47494,1.47518,1.32,1.03
2011.03.15 12:12:31.329,1.47505,1.4752,1.69,1.03
2011.03.15 12:12:31.448,1.47505,1.47531,1.69,1.03
2011.03.15 12:12:31.567,1.47504,1.47541,3.68,1.03
2011.03.15 12:12:31.797,1.47503,1.47541,2.74,1.03
2011.03.15 12:12:32.448,1.47505,1.47541,1.50,1.03
2011.03.15 12:12:32.788,1.47504,1.47543,4.50,2.25
2011.03.15 12:12:33.347,1.47504,1.47543,4.50,2.25
2011.03.15 12:12:33.568,1.47504,1.47543,2.25,2.25
2011.03.15 12:12:34.123,1.47502,1.47543,2.59,3.00
2011.03.15 12:12:34.345,1.47504,1.47543,1.50,3.00
2011.03.15 12:12:34.455,1.47504,1.47543,1.50,3.00
2011.03.15 12:12:35.638,1.47504,1.47544,1.50,3.75
2011.03.15 12:12:35.976,1.47508,1.47544,2.25,1.50
2011.03.15 12:12:36.580,1.47508,1.47544,3.15,1.50
2011.03.15 12:12:36.702,1.47513,1.4755,2.37,1.03
2011.03.15 12:12:36.924,1.47515,1.4755,1.65,1.03
2011.03.15 12:12:37.257,1.47518,1.47553,2.18,1.78
2011.03.15 12:12:37.377,1.47518,1.47553,2.18,2.25
2011.03.15 12:12:37.496,1.47516,1.47554,1.65,2.25
2011.03.15 12:12:37.716,1.47515,1.47553,1.50,2.25
2011.03.15 12:12:38.374,1.47514,1.47553,1.69,2.25
2011.03.15 12:12:38.706,1.47513,1.47546,1.69,2.25
2011.03.15 12:12:39.036,1.47509,1.47546,2.44,2.25
2011.03.15 12:12:39.597,1.47511,1.47546,1.69,2.25
2011.03.15 12:12:39.928,1.47507,1.47544,1.50,2.25
2011.03.15 12:12:40.048,1.47506,1.4754,1.20,2.25
2011.03.15 12:12:40.165,1.47503,1.4754,1.69,2.25
2011.03.15 12:12:40.274,1.47502,1.4754,1.69,2.25
2011.03.15 12:12:40.874,1.47501,1.47535,1.69,2.25
2011.03.15 12:12:41.646,1.47497,1.47533,1.50,2.25
2011.03.15 12:12:41.755,1.47497,1.4753,1.50,2.18
2011.03.15 12:12:41.977,1.47492,1.47527,1.50,3.00
2011.03.15 12:12:42.194,1.47487,1.47526,1.39,2.18
2011.03.15 12:12:42.746,1.47486,1.47521,1.50,2.18
2011.03.15 12:12:42.854,1.47486,1.47519,1.50,1.43
2011.03.15 12:12:43.185,1.47481,1.47514,1.50,1.50
2011.03.15 12:12:43.515,1.47479,1.47514,2.25,2.25
2011.03.15 12:12:44.638,1.47477,1.47514,3.15,2.25
2011.03.15 12:12:45.085,1.47476,1.47507,1.69,2.18
2011.03.15 12:12:45.502,1.47476,1.47514,1.69,2.25
2011.03.15 12:12:46.495,1.47476,1.47513,3.19,2.18
2011.03.15 12:12:46.826,1.47481,1.47514,1.69,1.50
2011.03.15 12:12:47.157,1.47485,1.47503,2.25,2.25
2011.03.15 12:12:47.266,1.47478,1.47503,2.25,2.25
2011.03.15 12:12:47.925,1.47476,1.47503,1.50,1.50
2011.03.15 12:12:48.365,1.47471,1.47503,4.09,2.25
2011.03.15 12:12:48.583,1.47471,1.47511,4.09,2.18
2011.03.15 12:12:49.847,1.47469,1.4751,1.69,1.03
2011.03.15 12:12:50.636,1.47469,1.4751,1.69,1.03
2011.03.15 12:12:50.860,1.47469,1.4751,1.69,1.03
2011.03.15 12:12:50.977,1.47468,1.47508,2.44,2.18
2011.03.15 12:12:51.087,1.47469,1.47507,1.69,3.00
2011.03.15 12:12:51.309,1.47469,1.475,1.69,1.43
2011.03.15 12:12:51.644,1.47467,1.47504,2.44,2.25
2011.03.15 12:12:51.754,1.47467,1.47504,2.44,2.25
2011.03.15 12:12:51.978,1.47467,1.47504,1.50,2.53
2011.03.15 12:12:52.096,1.47465,1.47504,2.25,3.28
2011.03.15 12:12:52.205,1.47462,1.47504,1.50,3.28
2011.03.15 12:12:52.315,1.47462,1.47504,1.50,4.78
2011.03.15 12:12:53.086,1.47462,1.47494,2.25,2.25
2011.03.15 12:12:53.635,1.47463,1.47494,1.50,1.50
2011.03.15 12:12:53.744,1.47463,1.47494,1.50,2.25
2011.03.15 12:12:54.745,1.47463,1.47494,1.50,2.25
2011.03.15 12:12:55.735,1.47463,1.47494,1.50,2.25
2011.03.15 12:12:56.284,1.47463,1.47494,1.50,1.50
2011.03.15 12:12:56.946,1.47463,1.47493,1.50,2.18
2011.03.15 12:12:57.056,1.47458,1.47494,1.50,2.25
2011.03.15 12:12:57.166,1.47456,1.47494,1.65,2.25
2011.03.15 12:12:58.998,1.47456,1.47494,1.50,2.25
2011.03.15 12:12:59.774,1.47457,1.47494,2.25,1.50
2011.03.15 12:13:00.985,1.47456,1.47494,2.25,2.25
2011.03.15 12:13:01.096,1.47456,1.47492,2.25,1.43
2011.03.15 12:13:01.425,1.47456,1.47494,2.25,2.25
2011.03.15 12:13:01.979,1.47462,1.47494,1.50,2.25
2011.03.15 12:13:03.455,1.47462,1.47494,1.50,2.25
2011.03.15 12:13:03.787,1.47458,1.47494,1.50,1.50
2011.03.15 12:13:03.899,1.47462,1.47494,1.69,1.50
2011.03.15 12:13:04.239,1.47469,1.47504,2.25,1.50
2011.03.15 12:13:04.465,1.47471,1.47504,1.50,1.50
2011.03.15 12:13:04.795,1.47475,1.47504,1.50,1.50
2011.03.15 12:13:05.344,1.47474,1.47504,1.50,1.50
2011.03.15 12:13:05.674,1.47475,1.47504,1.50,1.50
2011.03.15 12:13:06.800,1.47467,1.47501,1.50,1.43
2011.03.15 12:13:06.916,1.47465,1.47494,2.25,1.50
2011.03.15 12:13:07.248,1.47465,1.47494,1.50,1.50
2011.03.15 12:13:09.038,1.47464,1.47494,1.69,1.50
2011.03.15 12:13:11.597,1.47466,1.47494,1.50,1.50
2011.03.15 12:13:11.871,1.47465,1.47503,2.25,2.25
2011.03.15 12:13:12.864,1.47465,1.47503,1.50,2.25
2011.03.15 12:13:13.307,1.47463,1.47502,1.50,1.50
2011.03.15 12:13:13.635,1.4746,1.47493,1.50,1.50
2011.03.15 12:13:13.965,1.4746,1.47493,1.50,1.50
2011.03.15 12:13:14.076,1.4746,1.47493,2.25,1.50
2011.03.15 12:13:15.395,1.4746,1.47493,1.50,1.88
2011.03.15 12:13:15.804,1.47455,1.47493,1.69,2.63
2011.03.15 12:13:15.923,1.47452,1.47492,2.25,1.13
2011.03.15 12:13:16.147,1.47451,1.47483,2.25,1.50
2011.03.15 12:13:16.365,1.47448,1.47483,2.25,1.50
2011.03.15 12:13:16.918,1.47448,1.47483,2.25,1.50
2011.03.15 12:13:17.805,1.47448,1.47483,2.25,1.50
2011.03.15 12:13:18.025,1.47448,1.47473,2.25,1.50
2011.03.15 12:13:19.124,1.47444,1.47473,2.25,1.50
2011.03.15 12:13:19.611,1.47446,1.47473,1.50,1.50
2011.03.15 12:13:19.736,1.47446,1.47473,2.25,1.50
2011.03.15 12:13:19.848,1.47447,1.47484,2.25,2.25
2011.03.15 12:13:19.967,1.47449,1.47484,2.25,1.88
2011.03.15 12:13:20.187,1.47449,1.47481,2.25,2.63
2011.03.15 12:13:20.297,1.47446,1.47478,2.18,2.25
2011.03.15 12:13:20.407,1.47445,1.47478,1.50,2.25
2011.03.15 12:13:20.736,1.47446,1.47474,2.25,2.25
2011.03.15 12:13:21.065,1.47445,1.47472,1.50,2.25
2011.03.15 12:13:22.056,1.47449,1.47473,1.50,1.50
2011.03.15 12:13:24.125,1.47444,1.47473,1.50,1.50
2011.03.15 12:13:24.616,1.47444,1.47473,1.50,1.50
2011.03.15 12:13:24.835,1.47442,1.47473,1.50,1.50
2011.03.15 12:13:24.947,1.47439,1.47473,1.50,1.50
2011.03.15 12:13:25.057,1.47439,1.47473,1.50,1.50
2011.03.15 12:13:25.607,1.47438,1.47473,2.25,1.50
2011.03.15 12:13:25.936,1.47439,1.47473,2.18,1.50
2011.03.15 12:13:26.598,1.47446,1.47473,1.50,1.50
2011.03.15 12:13:26.827,1.47448,1.47484,2.25,1.50
2011.03.15 12:13:27.374,1.47448,1.47484,2.25,1.50
2011.03.15 12:13:28.434,1.47448,1.47484,1.50,1.50
2011.03.15 12:13:29.205,1.47448,1.47484,1.50,1.50
2011.03.15 12:13:29.758,1.47453,1.47484,2.44,1.50
2011.03.15 12:13:30.208,1.47458,1.47484,1.50,1.50
2011.03.15 12:13:30.884,1.47456,1.47494,2.44,2.25
2011.03.15 12:13:30.998,1.47456,1.47494,1.69,2.25
2011.03.15 12:13:31.226,1.47459,1.47494,1.50,2.25
2011.03.15 12:13:31.446,1.47459,1.47494,2.25,1.50
2011.03.15 12:13:31.556,1.47461,1.47494,1.69,1.50
2011.03.15 12:13:31.777,1.47461,1.47494,1.35,1.50
2011.03.15 12:13:31.896,1.47462,1.47494,1.50,1.50
2011.03.15 12:13:32.226,1.47466,1.47494,3.00,1.50
2011.03.15 12:13:32.998,1.47468,1.47494,2.44,1.50
2011.03.15 12:13:33.340,1.47472,1.47504,1.50,2.25
2011.03.15 12:13:34.100,1.47472,1.47497,1.50,1.50
2011.03.15 12:13:34.436,1.47473,1.47504,1.13,2.25
2011.03.15 12:13:34.545,1.47479,1.47504,1.50,2.25
2011.03.15 12:13:34.658,1.47479,1.47504,2.25,1.50
2011.03.15 12:13:34.777,1.47479,1.47514,3.19,2.25
2011.03.15 12:13:35.225,1.47479,1.47514,2.44,1.65
2011.03.15 12:13:35.775,1.47476,1.47513,2.25,1.50
2011.03.15 12:13:36.215,1.47473,1.47512,3.19,1.50
2011.03.15 12:13:36.324,1.47473,1.47512,2.44,1.50
2011.03.15 12:13:36.656,1.47473,1.47508,1.50,1.65
2011.03.15 12:13:36.767,1.4747,1.47506,1.50,1.50
2011.03.15 12:13:37.131,1.47466,1.47506,2.25,1.50
2011.03.15 12:13:37.251,1.47465,1.47503,2.25,3.00
2011.03.15 12:13:37.476,1.47465,1.47501,1.50,1.50
2011.03.15 12:13:37.587,1.47467,1.47501,1.50,1.50
2011.03.15 12:13:37.927,1.47472,1.47503,1.50,1.50
2011.03.15 12:13:38.479,1.47467,1.47503,1.50,1.50
2011.03.15 12:13:38.597,1.47464,1.47493,3.00,1.50
2011.03.15 12:13:38.826,1.47458,1.47492,1.43,1.50
2011.03.15 12:13:38.936,1.47458,1.47493,1.43,2.25
2011.03.15 12:13:39.047,1.47461,1.47493,1.50,1.50
2011.03.15 12:13:39.628,1.4746,1.47493,1.43,2.25
2011.03.15 12:13:40.386,1.47461,1.47493,1.50,2.25
2011.03.15 12:13:40.502,1.47458,1.47493,1.50,2.25
2011.03.15 12:13:41.057,1.47459,1.47494,1.50,1.50
2011.03.15 12:13:41.178,1.47457,1.47494,3.00,1.50
2011.03.15 12:13:41.844,1.47457,1.47495,3.75,1.50
2011.03.15 12:13:42.068,1.47457,1.47494,3.00,1.50
2011.03.15 12:13:42.295,1.47457,1.47494,2.25,2.25
2011.03.15 12:13:42.515,1.47457,1.47493,2.25,1.35
2011.03.15 12:13:43.066,1.47456,1.47494,2.25,2.25
2011.03.15 12:13:43.614,1.47454,1.47494,1.50,2.25
2011.03.15 12:13:43.947,1.4745,1.4749,1.50,1.50
2011.03.15 12:13:44.350,1.47448,1.47486,3.00,2.25
2011.03.15 12:13:44.465,1.47446,1.47482,1.50,1.50
2011.03.15 12:13:44.581,1.47442,1.4748,1.50,2.25
2011.03.15 12:13:44.701,1.4744,1.47476,3.00,1.50
2011.03.15 12:13:45.040,1.47438,1.47473,1.50,2.25
2011.03.15 12:13:45.496,1.47435,1.47473,2.25,3.28
2011.03.15 12:13:45.767,1.47438,1.47472,1.50,1.50
2011.03.15 12:13:46.118,1.47436,1.47463,2.25,1.50
2011.03.15 12:13:47.665,1.47433,1.47463,1.50,1.50
2011.03.15 12:13:48.328,1.47431,1.47463,2.25,1.50
2011.03.15 12:13:48.887,1.47431,1.47463,3.00,1.50
2011.03.15 12:13:49.436,1.47431,1.47463,1.50,2.25
2011.03.15 12:13:49.547,1.47431,1.47463,2.25,1.50
2011.03.15 12:13:49.766,1.47431,1.47463,2.25,1.50
2011.03.15 12:13:50.206,1.47432,1.47463,1.50,1.50
2011.03.15 12:13:51.105,1.47434,1.4746,1.50,1.20
2011.03.15 12:13:51.327,1.47431,1.4746,1.50,1.20
2011.03.15 12:13:51.545,1.47431,1.47463,2.25,1.95
2011.03.15 12:13:51.656,1.47431,1.47463,2.25,1.50
2011.03.15 12:13:54.904,1.47431,1.47463,2.25,1.50
2011.03.15 12:13:55.455,1.47434,1.47463,2.25,1.50
2011.03.15 12:13:57.165,1.47437,1.47463,1.50,1.50
2011.03.15 12:13:57.274,1.47437,1.47472,1.50,1.50
2011.03.15 12:13:59.005,1.47437,1.47473,2.25,1.50
2011.03.15 12:14:01.297,1.47437,1.47473,2.25,1.50
2011.03.15 12:14:01.855,1.47437,1.47473,2.25,1.50
2011.03.15 12:14:03.075,1.47438,1.47473,1.50,1.50
2011.03.15 12:14:03.407,1.47453,1.47485,1.50,1.03
2011.03.15 12:14:03.846,1.47453,1.47484,1.50,1.50
2011.03.15 12:14:04.066,1.47454,1.47484,1.50,2.25
2011.03.15 12:14:04.616,1.47454,1.47484,2.25,1.50
2011.03.15 12:14:04.945,1.47454,1.47489,1.50,1.50
2011.03.15 12:14:05.496,1.47455,1.47492,2.25,1.88
2011.03.15 12:14:05.989,1.4746,1.47492,1.50,1.50
2011.03.15 12:14:06.108,1.4746,1.47493,1.50,1.50
2011.03.15 12:14:06.229,1.47462,1.47493,1.50,1.50
2011.03.15 12:14:06.565,1.4746,1.47493,1.50,3.00
2011.03.15 12:14:06.675,1.47457,1.47493,1.50,3.28
2011.03.15 12:14:06.786,1.47457,1.47493,1.50,3.28
2011.03.15 12:14:07.316,1.47457,1.47493,1.69,3.28
2011.03.15 12:14:07.428,1.47465,1.47493,1.50,1.03
2011.03.15 12:14:07.547,1.47461,1.47493,1.50,1.03
2011.03.15 12:14:07.658,1.47458,1.47493,1.50,1.03
2011.03.15 12:14:07.776,1.47461,1.47493,1.50,1.03
2011.03.15 12:14:07.996,1.47455,1.47493,2.44,2.25
2011.03.15 12:14:08.196,1.47455,1.47491,2.25,1.50
2011.03.15 12:14:08.310,1.47455,1.47491,2.25,1.50
2011.03.15 12:14:08.977,1.47451,1.47491,1.50,1.50
2011.03.15 12:14:09.427,1.47455,1.47493,1.50,2.40
2011.03.15 12:14:09.952,1.47462,1.47493,1.50,1.50
2011.03.15 12:14:10.301,1.47483,1.47514,1.50,1.50
2011.03.15 12:14:10.420,1.47484,1.47523,1.50,2.25
2011.03.15 12:14:10.539,1.47486,1.47513,1.50,1.50
2011.03.15 12:14:10.877,1.4749,1.47514,1.50,1.50
2011.03.15 12:14:11.096,1.4749,1.47522,1.50,1.50
2011.03.15 12:14:11.208,1.4749,1.47514,1.50,1.50
2011.03.15 12:14:11.328,1.4749,1.47522,1.50,1.50
2011.03.15 12:14:11.664,1.47491,1.47524,1.50,2.25
2011.03.15 12:14:11.996,1.47494,1.47524,1.50,2.25
2011.03.15 12:14:13.997,1.47494,1.47524,1.50,2.25
2011.03.15 12:14:14.435,1.4749,1.47524,1.50,2.25
2011.03.15 12:14:14.656,1.4749,1.47513,1.50,1.50
2011.03.15 12:14:15.625,1.47492,1.47513,1.50,1.50
2011.03.15 12:14:15.846,1.47494,1.47523,1.13,1.50
2011.03.15 12:14:16.394,1.47493,1.47523,1.13,1.50
2011.03.15 12:14:16.616,1.47494,1.47523,1.50,1.50
2011.03.15 12:14:17.165,1.47494,1.47523,1.50,2.25
2011.03.15 12:14:19.248,1.47492,1.47523,1.50,1.50
2011.03.15 12:14:19.364,1.47492,1.47523,1.50,1.50
2011.03.15 12:14:22.266,1.47487,1.47523,2.25,2.25
2011.03.15 12:14:23.034,1.47487,1.47523,1.50,2.25
2011.03.15 12:14:23.694,1.47487,1.47523,2.25,2.25
2011.03.15 12:14:24.244,1.47488,1.47522,1.50,1.50
2011.03.15 12:14:25.375,1.47488,1.47519,1.50,1.43
2011.03.15 12:14:25.705,1.47487,1.47517,1.50,1.43
2011.03.15 12:14:28.607,1.47486,1.47515,1.69,1.43
2011.03.15 12:14:28.947,1.47487,1.47517,1.50,1.43
2011.03.15 12:14:29.286,1.47483,1.47513,1.50,1.62
2011.03.15 12:14:29.396,1.4748,1.4751,1.50,1.43
2011.03.15 12:14:29.616,1.47476,1.4751,2.25,2.93
2011.03.15 12:14:29.726,1.47475,1.47507,1.50,1.43
2011.03.15 12:14:30.102,1.47475,1.4751,2.25,2.93
2011.03.15 12:14:30.217,1.47475,1.47508,2.25,1.50
2011.03.15 12:14:30.436,1.47473,1.47514,2.82,3.00
2011.03.15 12:14:31.876,1.47473,1.47514,1.69,1.65
2011.03.15 12:14:32.434,1.47473,1.47514,1.69,1.65
2011.03.15 12:14:32.655,1.47474,1.47514,2.44,2.40
2011.03.15 12:14:33.012,1.47471,1.47502,1.69,1.50
2011.03.15 12:14:33.129,1.47469,1.47503,2.25,2.25
2011.03.15 12:14:33.455,1.47468,1.47509,1.50,1.28
2011.03.15 12:14:33.575,1.47468,1.47508,1.50,1.80
2011.03.15 12:14:33.797,1.47468,1.47508,1.50,3.15
2011.03.15 12:14:33.906,1.47466,1.47508,2.25,3.43
2011.03.15 12:14:34.015,1.47466,1.47506,2.25,1.03
2011.03.15 12:14:34.477,1.47466,1.47506,2.25,1.18
2011.03.15 12:14:34.735,1.47466,1.47506,2.25,1.18
2011.03.15 12:14:34.845,1.47466,1.47506,1.50,1.18
2011.03.15 12:14:34.954,1.47464,1.47503,1.50,2.25
2011.03.15 12:14:35.425,1.47459,1.47501,2.25,1.18
2011.03.15 12:14:35.539,1.47459,1.47497,1.50,1.50
2011.03.15 12:14:35.985,1.47459,1.47497,1.50,1.65
2011.03.15 12:14:36.094,1.47457,1.47497,3.00,1.65
2011.03.15 12:14:36.644,1.47458,1.47498,1.50,1.65
2011.03.15 12:14:36.754,1.47458,1.47494,1.50,2.40
2011.03.15 12:14:37.328,1.47455,1.47488,1.50,2.18
2011.03.15 12:14:37.441,1.47451,1.47488,2.25,2.18
2011.03.15 12:14:38.925,1.47451,1.47486,1.50,2.18
2011.03.15 12:14:39.735,1.47451,1.47488,1.50,3.08
2011.03.15 12:14:40.067,1.47449,1.47485,1.50,1.50
2011.03.15 12:14:40.285,1.47446,1.47482,3.00,2.18
2011.03.15 12:14:40.620,1.47454,1.4748,1.50,2.18
2011.03.15 12:14:40.738,1.47454,1.47487,1.69,2.18
2011.03.15 12:14:40.857,1.4746,1.47487,1.50,2.18
2011.03.15 12:14:41.075,1.4746,1.47493,1.50,2.25
2011.03.15 12:14:41.797,1.4746,1.47493,1.50,3.00
2011.03.15 12:14:42.237,1.4746,1.47492,1.50,3.00
2011.03.15 12:14:42.998,1.47455,1.4749,1.50,1.50
2011.03.15 12:14:43.121,1.4745,1.47489,2.25,2.18
2011.03.15 12:14:43.454,1.47456,1.47487,1.50,2.18
2011.03.15 12:14:44.780,1.47451,1.47486,1.50,1.50
2011.03.15 12:14:45.006,1.47452,1.47491,1.50,1.88
2011.03.15 12:14:45.227,1.47456,1.47493,1.50,2.25
2011.03.15 12:14:45.446,1.47453,1.47493,1.50,2.40
2011.03.15 12:14:45.666,1.47454,1.47494,1.50,2.40
2011.03.15 12:14:45.777,1.47454,1.47493,1.50,1.05
2011.03.15 12:14:46.116,1.47455,1.47494,1.50,2.40
2011.03.15 12:14:46.227,1.47459,1.47494,1.50,2.25
2011.03.15 12:14:46.335,1.47459,1.47494,2.25,1.50
2011.03.15 12:14:46.445,1.47459,1.47497,3.00,2.25
2011.03.15 12:14:46.927,1.47459,1.47497,2.25,2.25
2011.03.15 12:14:47.256,1.4746,1.47496,1.50,2.18
2011.03.15 12:14:47.475,1.4746,1.47496,1.50,2.18
2011.03.15 12:14:48.064,1.4746,1.47493,1.50,1.50
2011.03.15 12:14:49.496,1.47463,1.47493,2.25,1.50
2011.03.15 12:14:50.065,1.47464,1.47503,1.50,3.00
2011.03.15 12:14:50.175,1.47464,1.47503,1.50,1.50
2011.03.15 12:14:52.257,1.47467,1.47503,1.50,2.25
2011.03.15 12:14:52.954,1.47467,1.47503,2.25,2.25
2011.03.15 12:14:55.695,1.47467,1.47503,2.25,3.00
2011.03.15 12:14:56.025,1.47463,1.47501,1.50,1.65
2011.03.15 12:14:56.249,1.47463,1.475,1.50,1.69
2011.03.15 12:14:56.697,1.47463,1.47493,1.50,1.50
2011.03.15 12:14:57.136,1.47462,1.47493,1.50,1.50
2011.03.15 12:14:58.734,1.47463,1.47493,1.50,1.50
2011.03.15 12:14:59.288,1.47463,1.47493,2.44,1.50
2011.03.15 12:14:59.395,1.47464,1.47499,2.25,1.43
2011.03.15 12:14:59.725,1.47466,1.47494,1.50,1.50
2011.03.15 12:14:59.834,1.47466,1.47494,1.50,1.50
2011.03.15 12:15:00.297,1.47466,1.47494,3.75,1.50
2011.03.15 12:15:00.746,1.47466,1.47499,3.75,1.43
2011.03.15 12:15:01.295,1.47466,1.47499,5.25,1.43
2011.03.15 12:15:01.847,1.47477,1.47499,1.50,1.43
2011.03.15 12:15:02.890,1.47477,1.4751,1.50,1.03
2011.03.15 12:15:04.658,1.47477,1.47512,2.25,1.03
2011.03.15 12:15:04.778,1.47484,1.47513,1.50,1.50
2011.03.15 12:15:04.898,1.47484,1.47524,1.50,2.53
2011.03.15 12:15:05.015,1.47486,1.47524,3.00,2.25
2011.03.15 12:15:05.125,1.47486,1.47524,3.00,1.50
2011.03.15 12:15:05.457,1.47494,1.47524,2.25,1.50
2011.03.15 12:15:05.566,1.47494,1.47534,2.25,2.25
2011.03.15 12:15:05.675,1.47498,1.47534,1.50,1.50
2011.03.15 12:15:06.005,1.47498,1.47533,1.50,1.50
2011.03.15 12:15:06.334,1.47498,1.47533,2.25,1.50
2011.03.15 12:15:06.785,1.47498,1.47539,1.50,1.03
2011.03.15 12:15:07.226,1.47497,1.47536,1.50,1.50
2011.03.15 12:15:08.046,1.47497,1.47536,2.25,1.50
2011.03.15 12:15:08.486,1.47492,1.47532,1.50,1.50
2011.03.15 12:15:08.595,1.47492,1.47532,1.50,1.50
2011.03.15 12:15:08.818,1.47495,1.47532,1.50,1.50
2011.03.15 12:15:09.365,1.47498,1.47537,3.00,2.25
2011.03.15 12:15:09.475,1.47498,1.47537,2.25,2.25
2011.03.15 12:15:09.586,1.47498,1.47537,2.25,1.50
2011.03.15 12:15:09.915,1.47498,1.47538,2.25,1.50
2011.03.15 12:15:11.015,1.47498,1.47536,1.50,2.25
2011.03.15 12:15:11.777,1.47497,1.47536,3.00,2.25
2011.03.15 12:15:12.327,1.47497,1.47534,1.50,3.15
2011.03.15 12:15:12.545,1.47492,1.47534,1.50,4.50
2011.03.15 12:15:14.598,1.47494,1.47534,2.25,3.90
2011.03.15 12:15:15.044,1.47494,1.47534,1.50,3.90
2011.03.15 12:15:15.596,1.47494,1.47531,1.50,1.65
2011.03.15 12:15:15.932,1.47491,1.4753,1.50,1.13
2011.03.15 12:15:16.267,1.47491,1.4753,2.25,1.13
2011.03.15 12:15:17.145,1.47491,1.4753,1.50,1.13
2011.03.15 12:15:18.394,1.47489,1.47531,1.50,1.74
2011.03.15 12:15:18.947,1.47489,1.47528,1.50,1.05
2011.03.15 12:15:19.275,1.47486,1.47526,4.50,1.69
2011.03.15 12:15:19.608,1.47485,1.4752,1.50,2.25
2011.03.15 12:15:19.726,1.47483,1.4752,2.25,3.00
2011.03.15 12:15:20.165,1.47483,1.47522,1.50,2.37
2011.03.15 12:15:20.704,1.47483,1.47522,1.50,2.37
2011.03.15 12:15:20.816,1.47483,1.47522,1.50,2.37
2011.03.15 12:15:21.365,1.47483,1.47521,1.50,2.59
2011.03.15 12:15:22.487,1.47483,1.47521,1.50,2.59
2011.03.15 12:15:23.807,1.47483,1.47519,1.50,1.05
2011.03.15 12:15:24.245,1.47481,1.47519,1.50,3.83
2011.03.15 12:15:25.456,1.47481,1.47519,2.25,3.83
2011.03.15 12:15:25.895,1.47481,1.47519,1.50,2.40
2011.03.15 12:15:26.228,1.47483,1.47521,1.50,2.40
2011.03.15 12:15:26.336,1.47483,1.47519,1.50,1.05
2011.03.15 12:15:26.776,1.47483,1.47518,1.50,1.43
2011.03.15 12:15:26.995,1.47485,1.47521,1.50,2.40
2011.03.15 12:15:27.438,1.47485,1.47519,1.69,2.55
2011.03.15 12:15:27.558,1.47485,1.47519,1.69,2.40
2011.03.15 12:15:28.172,1.47489,1.47518,1.50,1.65
2011.03.15 12:15:28.506,1.47488,1.47518,1.50,1.65
2011.03.15 12:15:29.056,1.47486,1.47518,1.50,1.50
2011.03.15 12:15:30.045,1.47486,1.47518,1.50,2.25
2011.03.15 12:15:30.485,1.47486,1.47518,1.50,1.65
2011.03.15 12:15:30.596,1.47488,1.47518,1.50,1.50
2011.03.15 12:15:30.930,1.47502,1.47529,1.50,1.50
2011.03.15 12:15:31.048,1.47503,1.47529,2.25,1.50
2011.03.15 12:15:31.168,1.47505,1.47533,1.50,1.50
2011.03.15 12:15:31.847,1.47506,1.47533,2.25,2.40
2011.03.15 12:15:32.065,1.47506,1.4753,2.25,1.65
2011.03.15 12:15:32.176,1.47506,1.47533,2.25,1.50
2011.03.15 12:15:32.396,1.475,1.47533,1.50,1.50
2011.03.15 12:15:32.507,1.47501,1.47533,2.44,1.65
2011.03.15 12:15:32.837,1.47505,1.4754,1.69,1.05
2011.03.15 12:15:33.390,1.47505,1.47534,1.50,1.05
2011.03.15 12:15:34.057,1.47505,1.47535,1.50,2.40
2011.03.15 12:15:34.177,1.47505,1.47539,1.50,1.05
2011.03.15 12:15:34.287,1.475,1.47533,1.50,1.05
2011.03.15 12:15:34.616,1.47502,1.47534,1.50,2.40
2011.03.15 12:15:35.165,1.475,1.47534,2.25,2.40
2011.03.15 12:15:37.295,1.475,1.47534,2.25,2.40
2011.03.15 12:15:37.958,1.475,1.47534,1.50,2.25
2011.03.15 12:15:38.077,1.475,1.47534,1.50,2.25
2011.03.15 12:15:38.187,1.47497,1.47534,2.25,2.25
2011.03.15 12:15:38.297,1.47497,1.47534,2.25,2.40
2011.03.15 12:15:38.844,1.47495,1.47534,1.50,2.25
2011.03.15 12:15:39.617,1.47495,1.47534,1.50,2.40
2011.03.15 12:15:39.741,1.47495,1.47534,1.50,2.40
2011.03.15 12:15:40.299,1.47495,1.47534,1.50,3.83
2011.03.15 12:15:41.657,1.47494,1.47534,1.50,3.98
2011.03.15 12:15:43.436,1.47494,1.47534,2.25,2.40
2011.03.15 12:15:43.664,1.47494,1.47534,2.25,2.40
2011.03.15 12:15:43.996,1.475,1.47534,1.50,2.25
2011.03.15 12:15:44.545,1.47502,1.47534,1.50,2.25
2011.03.15 12:15:44.934,1.47505,1.47538,1.50,2.25
2011.03.15 12:15:45.805,1.47505,1.47538,1.50,2.25
2011.03.15 12:15:46.486,1.47509,1.47538,1.50,2.25
2011.03.15 12:15:47.036,1.47509,1.4754,1.50,2.25
2011.03.15 12:15:47.256,1.47512,1.4754,1.50,2.25
2011.03.15 12:15:47.476,1.47515,1.47547,1.50,2.25
2011.03.15 12:15:48.746,1.47515,1.47548,1.50,2.25
2011.03.15 12:15:50.246,1.47515,1.47551,1.50,2.25
2011.03.15 12:15:50.467,1.47515,1.47551,1.50,2.25
2011.03.15 12:15:50.908,1.4752,1.47554,1.50,2.40
2011.03.15 12:15:51.247,1.4752,1.47554,1.50,2.40
2011.03.15 12:15:51.477,1.47519,1.4756,1.50,2.40
2011.03.15 12:15:51.917,1.4752,1.47558,3.00,2.40
2011.03.15 12:15:52.365,1.4752,1.47558,1.50,2.25
2011.03.15 12:15:52.695,1.47523,1.47558,1.50,2.25
2011.03.15 12:15:53.356,1.47523,1.47558,1.50,2.25
2011.03.15 12:15:53.575,1.47523,1.47558,1.50,2.25
2011.03.15 12:15:55.466,1.47529,1.4756,1.50,2.40
2011.03.15 12:15:56.386,1.47529,1.47563,2.25,2.40
2011.03.15 12:15:56.936,1.47531,1.47563,1.50,2.40
2011.03.15 12:15:57.046,1.47535,1.47563,1.50,2.40
2011.03.15 12:15:58.035,1.47535,1.47563,1.50,2.25
2011.03.15 12:15:58.836,1.4754,1.47563,1.50,2.25
2011.03.15 12:15:59.167,1.4754,1.47563,1.50,2.25
2011.03.15 12:15:59.607,1.4754,1.47573,1.50,2.40
2011.03.15 12:15:59.975,1.47541,1.47572,1.50,2.18
2011.03.15 12:16:00.090,1.47542,1.47572,1.50,2.18
2011.03.15 12:16:00.648,1.4754,1.47577,1.50,2.25
2011.03.15 12:16:01.647,1.4754,1.47573,1.50,2.25
2011.03.15 12:16:02.807,1.47537,1.47578,3.38,1.05
2011.03.15 12:16:03.686,1.47537,1.47573,1.13,2.25
2011.03.15 12:16:04.785,1.47538,1.47579,1.13,2.37
2011.03.15 12:16:05.006,1.47539,1.47581,3.00,1.22
2011.03.15 12:16:05.635,1.47543,1.47583,2.25,2.25
2011.03.15 12:16:05.966,1.47545,1.47583,1.50,2.25
2011.03.15 12:16:06.191,1.47546,1.47583,1.50,2.25
2011.03.15 12:16:06.725,1.47549,1.47583,1.50,2.25
2011.03.15 12:16:07.092,1.47549,1.47582,1.50,1.50
2011.03.15 12:16:07.428,1.47544,1.47582,1.50,1.50
2011.03.15 12:16:07.547,1.4754,1.47582,3.00,1.50
2011.03.15 12:16:08.095,1.4754,1.47582,2.25,1.50
2011.03.15 12:16:09.635,1.47539,1.47574,1.50,3.68
2011.03.15 12:16:10.069,1.47539,1.47573,1.88,2.25
2011.03.15 12:16:11.176,1.47539,1.47573,1.88,2.25
2011.03.15 12:16:11.815,1.47539,1.47573,2.63,2.25
2011.03.15 12:16:12.605,1.47539,1.47573,2.63,2.25
2011.03.15 12:16:12.934,1.47539,1.47573,2.63,2.25
2011.03.15 12:16:14.349,1.47547,1.47584,3.00,2.25
2011.03.15 12:16:14.466,1.47551,1.47584,1.50,2.25
2011.03.15 12:16:14.575,1.47553,1.47584,1.50,2.25
2011.03.15 12:16:14.905,1.47552,1.47594,2.25,2.25
2011.03.15 12:16:17.879,1.47553,1.47583,1.50,2.25
2011.03.15 12:16:19.327,1.47562,1.47583,1.50,2.25
2011.03.15 12:16:19.438,1.47563,1.47595,1.88,1.03
2011.03.15 12:16:19.558,1.47566,1.47603,1.50,1.88
2011.03.15 12:16:19.678,1.47568,1.47603,1.69,1.88
2011.03.15 12:16:20.006,1.47573,1.47611,1.50,1.50
2011.03.15 12:16:20.337,1.47576,1.47613,1.50,2.25
2011.03.15 12:16:20.445,1.47578,1.47613,1.88,2.25
2011.03.15 12:16:20.854,1.47578,1.47613,1.88,2.25
2011.03.15 12:16:21.076,1.47578,1.47613,1.88,2.25
2011.03.15 12:16:21.626,1.47579,1.47613,1.50,2.25
2011.03.15 12:16:22.076,1.47581,1.47613,1.50,2.25
2011.03.15 12:16:22.567,1.47584,1.47624,2.25,4.50
2011.03.15 12:16:23.119,1.4758,1.47622,1.69,1.50
2011.03.15 12:16:23.345,1.47583,1.47622,1.43,1.50
2011.03.15 12:16:23.456,1.4758,1.47622,2.18,1.50
2011.03.15 12:16:23.567,1.47579,1.47622,1.50,1.50
2011.03.15 12:16:24.007,1.47576,1.47613,1.32,2.25
2011.03.15 12:16:24.225,1.47576,1.47613,1.32,2.25
2011.03.15 12:16:24.886,1.47572,1.47611,1.50,2.25
2011.03.15 12:16:25.216,1.47572,1.47611,1.50,2.25
2011.03.15 12:16:26.209,1.47572,1.4761,1.50,3.00
2011.03.15 12:16:26.546,1.47572,1.47611,1.50,1.50
2011.03.15 12:16:27.095,1.47572,1.4761,1.50,3.00
2011.03.15 12:16:27.316,1.4757,1.47609,1.50,1.03
2011.03.15 12:16:28.347,1.47568,1.47609,2.25,3.21
2011.03.15 12:16:29.134,1.47568,1.47609,2.25,3.21
2011.03.15 12:16:29.466,1.47567,1.47607,3.00,3.00
2011.03.15 12:16:29.795,1.47567,1.47601,3.00,1.43
2011.03.15 12:16:30.564,1.47562,1.47602,2.25,2.18
2011.03.15 12:16:31.117,1.47566,1.47601,2.25,1.50
2011.03.15 12:16:31.446,1.47561,1.47601,3.00,2.18
2011.03.15 12:16:31.901,1.47565,1.47598,1.50,1.43
2011.03.15 12:16:32.018,1.47565,1.47603,1.50,2.25
2011.03.15 12:16:34.147,1.47565,1.47603,1.50,2.25
2011.03.15 12:16:34.586,1.47565,1.47603,1.50,6.75
2011.03.15 12:16:34.917,1.47565,1.47592,1.50,2.18
2011.03.15 12:16:35.027,1.47561,1.47592,1.50,2.18
2011.03.15 12:16:35.466,1.47559,1.47592,1.50,2.18
2011.03.15 12:16:35.575,1.47555,1.47592,2.25,2.18
2011.03.15 12:16:37.395,1.47555,1.47592,2.25,2.18
2011.03.15 12:16:37.506,1.47555,1.47592,3.00,1.43
2011.03.15 12:16:37.615,1.47555,1.47594,3.00,3.68
2011.03.15 12:16:37.725,1.47557,1.47594,1.50,3.68
2011.03.15 12:16:38.055,1.47557,1.4759,1.50,1.43
2011.03.15 12:16:38.604,1.47555,1.47591,1.50,1.43
2011.03.15 12:16:39.297,1.47555,1.47587,1.69,1.43
2011.03.15 12:16:39.407,1.47556,1.47594,1.69,3.75
2011.03.15 12:16:39.516,1.47556,1.47594,1.69,2.25
2011.03.15 12:16:39.735,1.47556,1.47597,3.19,3.96
2011.03.15 12:16:40.176,1.47557,1.47597,2.25,1.03
2011.03.15 12:16:40.728,1.47557,1.47597,1.95,2.46
2011.03.15 12:16:40.956,1.4756,1.47598,1.50,1.78
2011.03.15 12:16:41.305,1.47565,1.47601,2.25,1.50
2011.03.15 12:16:41.868,1.47566,1.47601,1.13,2.18
2011.03.15 12:16:42.097,1.47566,1.47601,1.50,1.43
2011.03.15 12:16:42.206,1.47568,1.47601,1.50,1.43
2011.03.15 12:16:42.425,1.4757,1.47603,1.50,1.43
2011.03.15 12:16:42.538,1.4757,1.47601,1.50,1.43
2011.03.15 12:16:42.658,1.4757,1.47605,1.50,2.18
2011.03.15 12:16:42.777,1.4757,1.47601,1.50,1.43
2011.03.15 12:16:43.409,1.4757,1.47602,1.50,1.43
2011.03.15 12:16:43.726,1.47567,1.47599,1.50,2.18
2011.03.15 12:16:44.032,1.47571,1.47603,1.50,1.50
2011.03.15 12:16:44.259,1.47573,1.47609,1.50,2.18
2011.03.15 12:16:44.375,1.47573,1.47608,1.69,1.43
2011.03.15 12:16:44.707,1.47574,1.47608,1.69,1.43
2011.03.15 12:16:44.925,1.47578,1.47613,1.50,3.08
2011.03.15 12:16:45.037,1.47579,1.47613,1.50,2.93
2011.03.15 12:16:45.965,1.47579,1.47613,1.50,1.50
2011.03.15 12:16:48.208,1.47577,1.47613,1.50,2.25
2011.03.15 12:16:48.765,1.47574,1.47606,1.50,1.50
2011.03.15 12:16:49.096,1.47579,1.47608,1.50,1.50
2011.03.15 12:16:49.206,1.47579,1.47613,1.50,1.50
2011.03.15 12:16:52.183,1.47577,1.47613,2.25,1.50
2011.03.15 12:16:52.736,1.47577,1.47613,2.25,2.25
2011.03.15 12:16:53.505,1.47577,1.47613,1.50,4.50
2011.03.15 12:16:53.725,1.47577,1.47613,1.50,3.68
2011.03.15 12:16:54.055,1.47574,1.47613,2.44,2.25
2011.03.15 12:16:55.547,1.47576,1.47613,2.25,1.50
2011.03.15 12:16:56.114,1.47577,1.47617,2.25,2.25
2011.03.15 12:16:57.447,1.47577,1.47617,3.75,2.25
2011.03.15 12:16:57.776,1.47585,1.47623,1.50,2.25
2011.03.15 12:16:57.887,1.47585,1.47623,1.50,3.00
2011.03.15 12:16:58.124,1.47586,1.47623,1.50,3.00
2011.03.15 12:16:58.242,1.47588,1.47623,1.50,2.25
2011.03.15 12:16:58.465,1.47588,1.47627,2.25,2.25
2011.03.15 12:16:59.555,1.47586,1.47626,3.00,2.25
2011.03.15 12:16:59.886,1.47591,1.47622,2.25,4.43
2011.03.15 12:17:00.218,1.47591,1.47609,2.25,1.50
2011.03.15 12:17:00.339,1.47583,1.47609,2.25,1.50
2011.03.15 12:17:00.458,1.47583,1.47614,2.25,2.44
2011.03.15 12:17:00.799,1.4758,1.47613,2.25,1.22
2011.03.15 12:17:00.916,1.47578,1.47612,2.25,2.25
2011.03.15 12:17:01.246,1.47579,1.47606,2.25,1.03
2011.03.15 12:17:01.576,1.47565,1.47603,5.03,2.25
2011.03.15 12:17:02.235,1.47566,1.47601,2.25,3.00
2011.03.15 12:17:02.454,1.47564,1.47601,2.25,3.00
2011.03.15 12:17:02.785,1.4756,1.47601,3.00,3.00
2011.03.15 12:17:04.707,1.4756,1.47599,3.00,2.40
2011.03.15 12:17:05.036,1.47558,1.47594,2.25,2.25
2011.03.15 12:17:05.476,1.47558,1.47592,2.25,3.00
2011.03.15 12:17:05.915,1.47548,1.47592,1.50,4.03
2011.03.15 12:17:06.495,1.47547,1.47589,3.75,1.65
2011.03.15 12:17:07.098,1.47556,1.47592,1.50,1.78
2011.03.15 12:17:07.326,1.47559,1.47593,1.50,1.50
2011.03.15 12:17:07.781,1.47559,1.47593,2.25,3.19
2011.03.15 12:17:07.911,1.47559,1.47595,1.50,2.18
2011.03.15 12:17:08.685,1.47559,1.47595,1.50,2.18
2011.03.15 12:17:10.086,1.47556,1.47595,1.50,2.18
2011.03.15 12:17:10.747,1.47549,1.47589,2.44,1.65
2011.03.15 12:17:10.858,1.47547,1.47583,1.50,2.18
2011.03.15 12:17:11.085,1.47546,1.47583,2.25,2.18
2011.03.15 12:17:11.195,1.47546,1.47583,2.25,2.18
2011.03.15 12:17:12.684,1.47546,1.47583,1.50,2.18
2011.03.15 12:17:13.807,1.47539,1.47576,2.25,1.50
2011.03.15 12:17:13.916,1.47537,1.47575,2.25,1.50
2011.03.15 12:17:14.025,1.47537,1.47571,1.50,1.50
2011.03.15 12:17:14.136,1.47532,1.47571,1.50,1.50
2011.03.15 12:17:14.685,1.47529,1.47571,3.00,1.50
2011.03.15 12:17:14.795,1.47529,1.47571,1.50,1.78
2011.03.15 12:17:15.326,1.47529,1.47571,1.50,1.03
2011.03.15 12:17:15.658,1.47531,1.47571,2.25,1.03
2011.03.15 12:17:15.998,1.47529,1.47566,1.50,1.50
2011.03.15 12:17:16.115,1.47527,1.47566,1.50,1.50
2011.03.15 12:17:16.665,1.47526,1.47562,1.50,1.03
2011.03.15 12:17:16.777,1.47526,1.47562,1.50,1.03
2011.03.15 12:17:17.107,1.47523,1.47552,1.50,2.18
2011.03.15 12:17:17.327,1.47518,1.47556,1.50,1.03
2011.03.15 12:17:17.765,1.47518,1.47554,1.50,2.25
2011.03.15 12:17:17.876,1.47516,1.47554,1.69,2.25
2011.03.15 12:17:18.647,1.47515,1.47552,1.50,1.03
2011.03.15 12:17:18.977,1.47511,1.47546,1.69,1.03
2011.03.15 12:17:19.657,1.47511,1.47546,1.69,1.03
2011.03.15 12:17:19.772,1.47511,1.47546,1.50,1.03
2011.03.15 12:17:20.326,1.4751,1.47546,1.50,1.03
2011.03.15 12:17:20.677,1.4751,1.47546,1.50,1.03
2011.03.15 12:17:21.008,1.4751,1.47546,1.50,1.03
2011.03.15 12:17:21.568,1.47512,1.47546,2.25,1.03
2011.03.15 12:17:21.905,1.47513,1.47543,2.25,2.25
2011.03.15 12:17:22.238,1.47519,1.47543,2.25,2.25
2011.03.15 12:17:22.465,1.47519,1.47546,2.25,1.03
2011.03.15 12:17:22.577,1.47513,1.47546,2.44,1.03
2011.03.15 12:17:22.685,1.47513,1.47546,2.44,1.03
2011.03.15 12:17:23.386,1.47511,1.47546,4.50,1.03
2011.03.15 12:17:23.496,1.47513,1.47546,2.25,1.03
2011.03.15 12:17:23.818,1.47513,1.47546,2.25,1.03
2011.03.15 12:17:26.947,1.47521,1.47548,2.25,1.03
2011.03.15 12:17:27.059,1.4753,1.47546,2.25,1.03
2011.03.15 12:17:27.285,1.4753,1.47547,2.25,1.03
2011.03.15 12:17:27.396,1.47524,1.47549,2.25,1.50
2011.03.15 12:17:27.505,1.47522,1.47554,2.25,1.78
2011.03.15 12:17:27.615,1.47518,1.47554,2.25,1.78
2011.03.15 12:17:27.834,1.47518,1.47554,2.25,1.03
2011.03.15 12:17:28.385,1.47518,1.47554,2.25,1.78
2011.03.15 12:17:28.718,1.47521,1.47554,2.25,1.18
2011.03.15 12:17:28.837,1.47518,1.47554,2.25,1.22
2011.03.15 12:17:28.947,1.47518,1.47554,2.25,1.22
2011.03.15 12:17:29.276,1.47513,1.47553,1.50,2.18
2011.03.15 12:17:29.388,1.47515,1.47554,1.50,2.72
2011.03.15 12:17:29.708,1.47515,1.47554,1.50,2.72
2011.03.15 12:17:32.165,1.47515,1.47554,1.50,2.53
2011.03.15 12:17:32.714,1.47515,1.47554,1.50,2.53
2011.03.15 12:17:33.995,1.47517,1.47554,1.50,2.53
2011.03.15 12:17:35.485,1.47517,1.47554,1.50,2.53
2011.03.15 12:17:36.367,1.47517,1.47554,1.50,2.53
2011.03.15 12:17:36.915,1.47519,1.47554,1.50,2.53
2011.03.15 12:17:39.115,1.47519,1.47554,1.50,2.53
2011.03.15 12:17:39.667,1.47518,1.47554,1.50,2.53
2011.03.15 12:17:40.327,1.47518,1.47554,1.50,1.03
2011.03.15 12:17:41.536,1.47518,1.47554,1.50,1.03
2011.03.15 12:17:41.868,1.47518,1.47554,1.50,1.03
2011.03.15 12:17:43.197,1.47518,1.47554,1.50,1.03
2011.03.15 12:17:43.418,1.47516,1.47546,1.50,1.50
2011.03.15 12:17:43.759,1.47511,1.47544,1.50,1.50
2011.03.15 12:17:43.884,1.47506,1.47534,1.50,1.50
2011.03.15 12:17:43.999,1.47497,1.47524,1.50,3.00
2011.03.15 12:17:44.373,1.47487,1.47524,2.25,3.00
2011.03.15 12:17:44.925,1.47487,1.47527,1.50,3.00
2011.03.15 12:17:45.939,1.47491,1.47528,4.50,2.53
2011.03.15 12:17:46.167,1.475,1.47529,1.50,1.78
2011.03.15 12:17:46.278,1.47499,1.47532,1.50,2.25
2011.03.15 12:17:46.397,1.47499,1.47533,1.50,1.03
2011.03.15 12:17:47.005,1.47499,1.47533,1.50,1.03
2011.03.15 12:17:47.410,1.47499,1.47533,1.50,1.03
2011.03.15 12:17:47.528,1.47497,1.47526,3.00,1.78
2011.03.15 12:17:47.868,1.47489,1.4751,1.50,3.00
2011.03.15 12:17:48.098,1.47477,1.47508,1.50,3.00
2011.03.15 12:17:48.217,1.47474,1.47505,1.50,1.03
2011.03.15 12:17:48.765,1.47473,1.47504,1.50,1.03
2011.03.15 12:17:49.476,1.47473,1.47505,1.50,1.03
2011.03.15 12:17:50.107,1.47473,1.47504,1.50,1.03
2011.03.15 12:17:50.215,1.47473,1.47504,1.50,1.03
2011.03.15 12:17:50.621,1.47473,1.47503,1.50,3.00
2011.03.15 12:17:50.958,1.47473,1.47504,1.50,1.03
2011.03.15 12:17:52.056,1.47473,1.47502,1.50,1.50
2011.03.15 12:17:52.935,1.47474,1.47502,1.50,3.00
2011.03.15 12:17:53.596,1.47474,1.475,1.50,3.00
2011.03.15 12:17:54.146,1.47474,1.475,1.50,3.00
2011.03.15 12:17:54.695,1.47473,1.47504,1.50,2.25
2011.03.15 12:17:55.244,1.47473,1.47504,1.50,2.25
2011.03.15 12:17:56.010,1.47473,1.4751,1.50,1.03
2011.03.15 12:17:56.131,1.47475,1.47509,2.25,1.03
2011.03.15 12:17:56.577,1.47477,1.47514,1.50,2.25
2011.03.15 12:17:57.018,1.47475,1.47514,1.50,2.25
2011.03.15 12:17:57.468,1.47478,1.47514,1.50,2.25
2011.03.15 12:17:59.122,1.47471,1.47504,1.50,2.25
2011.03.15 12:17:59.675,1.47473,1.47504,1.50,2.25
2011.03.15 12:18:00.286,1.47465,1.47497,1.50,1.50
2011.03.15 12:18:00.397,1.47465,1.47496,1.50,3.75
2011.03.15 12:18:00.728,1.47453,1.4748,1.50,1.50
2011.03.15 12:18:00.839,1.47447,1.47475,1.50,3.00
2011.03.15 12:18:01.067,1.4745,1.47475,1.50,2.25
2011.03.15 12:18:01.176,1.4745,1.47478,1.50,3.00
2011.03.15 12:18:01.506,1.47454,1.47478,1.50,2.25
2011.03.15 12:18:02.059,1.47453,1.47478,2.25,2.25
2011.03.15 12:18:02.396,1.47453,1.47487,1.50,1.50
2011.03.15 12:18:02.615,1.47453,1.47486,1.50,1.50
2011.03.15 12:18:03.068,1.47453,1.4749,1.50,1.03
2011.03.15 12:18:03.186,1.47453,1.47492,2.25,1.78
2011.03.15 12:18:03.407,1.47453,1.47491,2.25,1.03
2011.03.15 12:18:04.069,1.47453,1.47484,1.50,1.50
2011.03.15 12:18:04.625,1.4745,1.47484,2.25,1.50
2011.03.15 12:18:05.455,1.4745,1.47484,2.25,2.25
2011.03.15 12:18:05.568,1.47446,1.47481,3.00,1.43
2011.03.15 12:18:05.686,1.4745,1.47481,1.50,1.43
2011.03.15 12:18:05.796,1.47446,1.47483,3.00,1.50
2011.03.15 12:18:05.906,1.47446,1.47484,3.00,2.25
2011.03.15 12:18:06.548,1.47449,1.47484,2.25,1.50
2011.03.15 12:18:08.735,1.47446,1.47484,3.00,2.25
2011.03.15 12:18:09.286,1.47448,1.47484,1.50,2.25
2011.03.15 12:18:10.315,1.47448,1.47484,1.50,2.25
2011.03.15 12:18:10.865,1.47448,1.47485,2.25,1.78
2011.03.15 12:18:11.293,1.47455,1.47487,2.25,1.03
2011.03.15 12:18:11.740,1.47458,1.47493,1.50,2.25
2011.03.15 12:18:11.855,1.47458,1.47493,1.50,2.25
2011.03.15 12:18:12.407,1.47455,1.47494,1.50,4.50
2011.03.15 12:18:12.515,1.47454,1.47494,2.25,2.25
2011.03.15 12:18:13.797,1.47462,1.47494,1.50,4.50
2011.03.15 12:18:13.906,1.47462,1.47494,1.50,1.50
2011.03.15 12:18:14.129,1.47468,1.47494,1.88,1.50
2011.03.15 12:18:14.358,1.47471,1.47504,1.88,2.53
2011.03.15 12:18:14.580,1.47474,1.47504,1.50,2.25
2011.03.15 12:18:14.698,1.47476,1.47504,1.50,2.25
2011.03.15 12:18:15.027,1.47474,1.47514,3.00,2.25
2011.03.15 12:18:15.546,1.47474,1.47514,2.25,2.25
2011.03.15 12:18:16.106,1.47474,1.47514,3.60,2.25
2011.03.15 12:18:16.685,1.47475,1.47514,1.50,2.25
2011.03.15 12:18:17.237,1.47482,1.47514,2.18,1.50
2011.03.15 12:18:17.457,1.47484,1.47519,2.25,1.50
2011.03.15 12:18:17.576,1.47483,1.47519,2.25,1.50
2011.03.15 12:18:17.797,1.47485,1.47519,1.50,1.50
2011.03.15 12:18:17.907,1.47483,1.47519,1.50,1.78
2011.03.15 12:18:18.018,1.47483,1.47519,1.50,1.03
2011.03.15 12:18:20.315,1.47482,1.47514,1.50,2.53
2011.03.15 12:18:21.057,1.47479,1.47514,1.50,2.53
2011.03.15 12:18:21.277,1.47486,1.47514,1.50,1.03
2011.03.15 12:18:21.388,1.47486,1.47514,1.50,1.03
2011.03.15 12:18:21.509,1.47476,1.47513,1.13,2.25
2011.03.15 12:18:21.955,1.47477,1.47513,2.25,2.25
2011.03.15 12:18:23.895,1.47477,1.47513,2.25,2.25
2011.03.15 12:18:24.005,1.47479,1.47513,1.50,2.25
2011.03.15 12:18:24.336,1.47485,1.47513,1.50,1.50
2011.03.15 12:18:24.665,1.47484,1.47511,2.25,1.50
2011.03.15 12:18:24.777,1.47472,1.4751,1.50,3.00
2011.03.15 12:18:24.888,1.47472,1.47509,1.50,3.00
2011.03.15 12:18:25.108,1.47465,1.47498,1.50,3.00
2011.03.15 12:18:25.336,1.47463,1.47497,1.13,3.00
2011.03.15 12:18:25.667,1.47465,1.47504,2.25,2.25
2011.03.15 12:18:26.006,1.47475,1.47504,1.50,2.25
2011.03.15 12:18:26.134,1.47475,1.47507,1.50,1.03
2011.03.15 12:18:26.725,1.47476,1.47512,1.50,1.50
2011.03.15 12:18:26.944,1.47476,1.47512,1.50,1.50
2011.03.15 12:18:28.596,1.47467,1.47501,1.50,2.18
2011.03.15 12:18:28.927,1.47456,1.47495,2.25,2.18
2011.03.15 12:18:29.475,1.47455,1.47492,1.50,4.43
2011.03.15 12:18:29.585,1.47455,1.47492,1.50,4.43
2011.03.15 12:18:29.917,1.47457,1.47493,2.25,2.25
2011.03.15 12:18:30.565,1.47455,1.47483,1.50,2.25
2011.03.15 12:18:30.683,1.47448,1.47483,1.50,2.25
2011.03.15 12:18:30.801,1.47448,1.47483,1.50,2.25
2011.03.15 12:18:31.250,1.47447,1.47481,1.13,2.25
2011.03.15 12:18:31.809,1.47446,1.47481,1.88,2.25
2011.03.15 12:18:31.925,1.47446,1.47474,1.88,1.50
2011.03.15 12:18:32.038,1.47447,1.47481,2.25,2.25
2011.03.15 12:18:32.156,1.47446,1.47474,1.13,1.50
2011.03.15 12:18:32.267,1.47446,1.47474,1.13,1.50
2011.03.15 12:18:34.150,1.47445,1.47474,1.13,1.65
2011.03.15 12:18:34.712,1.47445,1.47479,1.13,1.78
2011.03.15 12:18:34.939,1.47454,1.47483,1.50,1.78
2011.03.15 12:18:35.061,1.47455,1.47483,1.50,1.50
2011.03.15 12:18:35.180,1.47455,1.47483,2.25,1.50
2011.03.15 12:18:35.298,1.47457,1.47492,1.50,2.46
2011.03.15 12:18:35.413,1.4746,1.47492,1.13,1.43
2011.03.15 12:18:35.857,1.47461,1.47493,1.88,1.50
2011.03.15 12:18:36.208,1.47461,1.475,1.88,2.40
2011.03.15 12:18:36.321,1.47461,1.47499,1.88,1.65
2011.03.15 12:18:36.652,1.47462,1.47499,2.25,1.65
2011.03.15 12:18:36.891,1.47468,1.47503,1.50,2.25
2011.03.15 12:18:37.446,1.47468,1.47493,1.50,1.50
2011.03.15 12:18:38.636,1.47466,1.47503,1.50,2.25
2011.03.15 12:18:38.746,1.47466,1.47493,1.50,1.50
2011.03.15 12:18:39.079,1.47474,1.47503,1.13,1.50
2011.03.15 12:18:39.306,1.47469,1.47504,1.50,1.50
2011.03.15 12:18:39.986,1.47458,1.47488,1.13,1.43
2011.03.15 12:18:40.207,1.47456,1.4748,1.13,1.43
2011.03.15 12:18:40.328,1.47456,1.47483,1.13,1.43
2011.03.15 12:18:40.546,1.47456,1.47481,1.13,1.43
2011.03.15 12:18:40.769,1.47457,1.47486,1.13,2.25
2011.03.15 12:18:41.354,1.47457,1.47488,1.13,2.25
2011.03.15 12:18:41.470,1.47457,1.47491,1.13,1.03
2011.03.15 12:18:42.597,1.47457,1.47489,1.13,2.25
2011.03.15 12:18:43.367,1.47456,1.47484,1.13,1.50
2011.03.15 12:18:44.160,1.47448,1.47484,2.25,2.25
2011.03.15 12:18:45.047,1.47446,1.47482,1.50,2.25
2011.03.15 12:18:45.489,1.47446,1.47474,1.50,1.50
2011.03.15 12:18:46.706,1.47444,1.47474,1.50,1.50
2011.03.15 12:18:47.815,1.47446,1.47474,1.50,1.50
2011.03.15 12:18:48.932,1.47446,1.47474,1.13,1.50
2011.03.15 12:18:49.487,1.47442,1.47474,1.50,1.50
2011.03.15 12:18:50.356,1.47442,1.47474,1.50,1.50
2011.03.15 12:18:50.904,1.4744,1.47474,1.50,1.50
2011.03.15 12:18:51.455,1.47449,1.47474,1.13,1.50
2011.03.15 12:18:51.565,1.47449,1.47482,1.13,1.03
2011.03.15 12:18:52.116,1.4745,1.47482,1.88,1.03
2011.03.15 12:18:52.446,1.47467,1.47485,1.88,1.03
2011.03.15 12:18:52.729,1.47453,1.47483,3.53,1.50
2011.03.15 12:18:52.851,1.47444,1.4748,1.50,1.50
2011.03.15 12:18:52.970,1.47439,1.4748,3.00,1.78
2011.03.15 12:18:53.199,1.4744,1.47473,1.50,1.50
2011.03.15 12:18:53.538,1.47448,1.47473,1.13,1.50
2011.03.15 12:18:53.765,1.4744,1.47473,2.25,1.50
2011.03.15 12:18:55.195,1.47441,1.47481,1.50,1.03
2011.03.15 12:18:56.625,1.47441,1.4748,1.50,2.18
2011.03.15 12:18:56.847,1.47438,1.47479,2.25,1.50
2011.03.15 12:18:57.767,1.4744,1.47477,1.50,1.03
2011.03.15 12:18:59.310,1.4744,1.47476,2.25,2.46
2011.03.15 12:18:59.538,1.47437,1.47472,1.50,1.03
2011.03.15 12:19:00.087,1.47435,1.47472,2.25,1.03
2011.03.15 12:19:02.159,1.47439,1.47472,1.50,1.03
2011.03.15 12:19:02.386,1.47437,1.47472,1.50,1.03
2011.03.15 12:19:02.716,1.47427,1.47471,3.38,1.03
2011.03.15 12:19:02.825,1.47427,1.47471,3.00,3.28
2011.03.15 12:19:02.936,1.47427,1.47465,3.00,2.53
2011.03.15 12:19:03.378,1.47428,1.47462,1.50,2.25
2011.03.15 12:19:03.716,1.47428,1.4746,1.50,2.25
2011.03.15 12:19:04.326,1.47427,1.47459,1.50,2.25
2011.03.15 12:19:04.863,1.47427,1.47464,1.50,3.28
2011.03.15 12:19:04.980,1.47427,1.47464,1.50,1.03
2011.03.15 12:19:05.535,1.47427,1.47464,1.50,1.78
2011.03.15 12:19:05.867,1.47421,1.47462,2.25,2.25
2011.03.15 12:19:05.979,1.47421,1.47459,1.50,1.78
2011.03.15 12:19:06.315,1.47421,1.47454,1.50,1.50
2011.03.15 12:19:06.646,1.47421,1.4745,2.25,2.25
2011.03.15 12:19:06.755,1.4742,1.4745,1.50,2.25
2011.03.15 12:19:07.526,1.4742,1.47452,1.50,2.25
2011.03.15 12:19:07.636,1.4742,1.47454,1.50,1.50
2011.03.15 12:19:08.628,1.47417,1.4745,1.50,1.43
2011.03.15 12:19:09.088,1.47417,1.47443,1.50,1.50
2011.03.15 12:19:09.207,1.47415,1.47443,1.50,1.50
2011.03.15 12:19:09.320,1.47411,1.47443,1.50,1.50
2011.03.15 12:19:09.437,1.47409,1.47442,1.50,1.43
2011.03.15 12:19:09.550,1.47407,1.47435,2.25,1.43
2011.03.15 12:19:10.106,1.47408,1.47434,1.50,1.50
2011.03.15 12:19:10.655,1.47408,1.47444,1.50,1.97
2011.03.15 12:19:11.208,1.47407,1.47444,1.50,1.97
2011.03.15 12:19:13.213,1.47407,1.47433,1.50,1.50
2011.03.15 12:19:13.768,1.47407,1.47433,2.25,1.50
2011.03.15 12:19:14.318,1.4741,1.47433,1.50,1.50
2011.03.15 12:19:14.549,1.47405,1.47433,2.25,1.50
2011.03.15 12:19:14.667,1.47404,1.47433,1.50,1.50
2011.03.15 12:19:14.888,1.47401,1.47433,2.25,1.50
2011.03.15 12:19:15.007,1.47397,1.47433,1.50,2.44
2011.03.15 12:19:15.118,1.47397,1.47432,1.50,1.50
2011.03.15 12:19:15.456,1.47396,1.47423,1.50,1.50
2011.03.15 12:19:15.980,1.47396,1.47423,2.25,1.50
2011.03.15 12:19:16.318,1.47396,1.47423,2.25,1.50
2011.03.15 12:19:16.647,1.47396,1.4743,2.25,3.28
2011.03.15 12:19:16.756,1.47403,1.4743,2.25,3.28
2011.03.15 12:19:16.976,1.47392,1.4743,3.68,3.28
2011.03.15 12:19:17.197,1.47392,1.47428,2.25,2.25
2011.03.15 12:19:17.748,1.4739,1.47424,2.25,1.50
2011.03.15 12:19:18.088,1.4739,1.47424,2.25,1.50
2011.03.15 12:19:18.534,1.47398,1.47431,2.25,2.25
2011.03.15 12:19:18.647,1.47398,1.47423,2.25,1.50
2011.03.15 12:19:19.252,1.47398,1.47424,2.25,1.50
2011.03.15 12:19:19.949,1.47398,1.47424,2.25,1.50
2011.03.15 12:19:20.177,1.47398,1.47434,2.25,1.69
2011.03.15 12:19:20.508,1.47396,1.47433,2.25,1.69
2011.03.15 12:19:20.626,1.47396,1.4743,2.25,1.43
2011.03.15 12:19:20.955,1.47396,1.47424,2.25,1.50
2011.03.15 12:19:21.069,1.47396,1.47433,2.25,1.50
2011.03.15 12:19:21.186,1.47401,1.47433,1.50,1.50
2011.03.15 12:19:21.736,1.47404,1.47434,2.25,1.50
2011.03.15 12:19:22.285,1.47401,1.47434,1.50,1.50
2011.03.15 12:19:22.505,1.47401,1.47434,1.50,1.50
2011.03.15 12:19:23.797,1.47401,1.47433,1.50,1.50
2011.03.15 12:19:23.905,1.47398,1.47433,2.25,1.50
2011.03.15 12:19:24.428,1.47398,1.47424,2.25,1.50
2011.03.15 12:19:24.985,1.47398,1.47423,2.25,1.50
2011.03.15 12:19:26.055,1.47399,1.47423,2.25,1.50
2011.03.15 12:19:26.170,1.474,1.47434,2.25,2.25
2011.03.15 12:19:26.289,1.474,1.47434,2.25,2.25
2011.03.15 12:19:26.626,1.474,1.47434,2.25,1.50
2011.03.15 12:19:27.176,1.47401,1.47433,3.00,1.50
2011.03.15 12:19:27.407,1.47401,1.47433,3.00,1.78
2011.03.15 12:19:27.519,1.474,1.47428,2.25,1.50
2011.03.15 12:19:27.913,1.47397,1.47424,2.25,1.50
2011.03.15 12:19:28.029,1.47391,1.4742,2.25,1.50
2011.03.15 12:19:28.151,1.47391,1.47418,2.25,1.69
2011.03.15 12:19:28.376,1.47383,1.47416,3.00,1.69
2011.03.15 12:19:28.598,1.47383,1.47414,3.00,1.50
2011.03.15 12:19:28.936,1.47371,1.47404,3.75,1.50
2011.03.15 12:19:29.268,1.47369,1.47394,3.00,1.50
2011.03.15 12:19:29.717,1.47368,1.47404,1.50,1.50
2011.03.15 12:19:29.938,1.47377,1.47404,3.00,1.50
2011.03.15 12:19:30.061,1.47379,1.47412,4.50,1.78
2011.03.15 12:19:30.180,1.47381,1.47412,1.50,1.78
2011.03.15 12:19:30.630,1.47381,1.47414,1.50,1.50
2011.03.15 12:19:31.196,1.47382,1.47413,3.00,1.50
2011.03.15 12:19:31.306,1.47382,1.47413,3.00,1.50
2011.03.15 12:19:31.640,1.47381,1.47413,1.50,1.50
2011.03.15 12:19:31.975,1.47381,1.47413,2.25,1.50
2011.03.15 12:19:32.528,1.47386,1.47414,1.50,1.50
2011.03.15 12:19:32.868,1.47386,1.47418,1.50,1.50
2011.03.15 12:19:32.975,1.47386,1.47418,1.50,1.50
2011.03.15 12:19:33.306,1.47386,1.47413,1.50,1.50
2011.03.15 12:19:33.525,1.47386,1.47418,1.50,1.50
2011.03.15 12:19:33.749,1.47386,1.47421,3.00,1.50
2011.03.15 12:19:34.331,1.47391,1.47424,1.50,1.69
2011.03.15 12:19:34.453,1.47384,1.47424,2.25,1.69
2011.03.15 12:19:34.570,1.4739,1.47424,1.50,1.50
2011.03.15 12:19:35.248,1.47389,1.47424,1.50,1.69
2011.03.15 12:19:35.367,1.47389,1.47421,1.50,2.37
2011.03.15 12:19:35.587,1.47378,1.47414,3.75,1.50
2011.03.15 12:19:35.807,1.47378,1.47414,1.50,1.50
2011.03.15 12:19:36.134,1.47378,1.47404,1.50,1.50
2011.03.15 12:19:36.576,1.47378,1.47414,1.50,1.50
2011.03.15 12:19:37.127,1.47378,1.47413,1.50,1.50
2011.03.15 12:19:37.795,1.47378,1.47414,1.50,1.50
2011.03.15 12:19:38.134,1.47378,1.47404,1.50,1.50
2011.03.15 12:19:38.247,1.47378,1.47414,1.50,1.50
2011.03.15 12:19:38.465,1.47378,1.47404,1.50,1.50
2011.03.15 12:19:38.805,1.47378,1.47414,1.50,1.50
2011.03.15 12:19:39.206,1.47379,1.47413,1.50,1.50
2011.03.15 12:19:39.426,1.47381,1.47413,1.50,1.50
2011.03.15 12:19:39.758,1.47378,1.47414,1.50,1.50
2011.03.15 12:19:39.975,1.47378,1.47416,1.50,1.50
2011.03.15 12:19:40.194,1.47378,1.47413,1.50,1.50
2011.03.15 12:19:43.919,1.47378,1.47414,1.50,1.50
2011.03.15 12:19:48.595,1.47379,1.47414,1.50,1.50
2011.03.15 12:19:49.012,1.47379,1.47414,1.50,1.50
2011.03.15 12:19:52.909,1.47378,1.47403,1.50,1.69
2011.03.15 12:19:53.250,1.47381,1.474,2.25,2.25
2011.03.15 12:19:53.623,1.47385,1.47413,1.50,1.50
2011.03.15 12:19:53.956,1.4739,1.47423,3.00,1.50
2011.03.15 12:19:54.067,1.47393,1.47423,1.50,1.50
2011.03.15 12:19:54.177,1.47396,1.47433,1.50,1.78
2011.03.15 12:19:54.286,1.47396,1.47433,1.50,1.50
2011.03.15 12:19:54.506,1.47396,1.47433,1.50,1.50
2011.03.15 12:19:54.837,1.47399,1.47433,1.50,1.50
2011.03.15 12:19:55.278,1.47399,1.4743,1.50,1.50
2011.03.15 12:19:55.508,1.47392,1.47427,1.50,2.44
2011.03.15 12:19:55.628,1.47388,1.47426,1.50,2.97
2011.03.15 12:19:55.956,1.47382,1.47421,3.00,1.50
2011.03.15 12:19:56.968,1.47385,1.47421,2.25,1.50
2011.03.15 12:19:57.306,1.47385,1.47422,2.25,1.69
2011.03.15 12:19:57.978,1.47385,1.47423,2.25,2.44
2011.03.15 12:19:58.097,1.47385,1.47423,2.25,2.25
2011.03.15 12:19:58.428,1.47388,1.47423,1.50,2.25
2011.03.15 12:19:58.767,1.4739,1.47423,2.25,1.50
2011.03.15 12:19:58.877,1.4739,1.47423,2.25,1.50
2011.03.15 12:19:59.657,1.4739,1.4742,2.25,3.00
2011.03.15 12:19:59.877,1.47386,1.4742,1.50,3.00
2011.03.15 12:20:00.440,1.47399,1.47421,1.50,2.25
2011.03.15 12:20:00.778,1.47399,1.47434,1.50,1.50
2011.03.15 12:20:00.888,1.47399,1.47434,1.50,1.50
2011.03.15 12:20:01.339,1.47393,1.47426,1.50,1.50
2011.03.15 12:20:01.570,1.47392,1.47416,2.25,1.50
2011.03.15 12:20:01.687,1.47381,1.47417,1.50,1.50
2011.03.15 12:20:01.797,1.47381,1.47414,1.50,1.50
2011.03.15 12:20:02.126,1.47383,1.47422,3.00,1.03
2011.03.15 12:20:02.236,1.47385,1.47423,2.25,1.78
2011.03.15 12:20:02.565,1.47385,1.47423,2.25,1.78
2011.03.15 12:20:02.899,1.47385,1.47423,2.25,1.78
2011.03.15 12:20:03.332,1.47404,1.47424,1.50,1.03
2011.03.15 12:20:03.678,1.47405,1.4743,2.25,2.25
2011.03.15 12:20:04.019,1.47405,1.47442,2.25,1.03
2011.03.15 12:20:04.248,1.47406,1.47441,2.25,1.97
2011.03.15 12:20:04.705,1.47397,1.47438,2.18,1.22
2011.03.15 12:20:05.039,1.47396,1.47433,3.68,2.25
2011.03.15 12:20:05.385,1.47404,1.47435,2.18,1.13
2011.03.15 12:20:05.503,1.474,1.47433,2.25,1.50
2011.03.15 12:20:05.619,1.47412,1.47443,1.50,2.25
2011.03.15 12:20:05.934,1.47412,1.47443,2.25,2.25
2011.03.15 12:20:06.046,1.47415,1.47451,1.50,1.28
2011.03.15 12:20:06.705,1.4741,1.47451,1.13,1.03
2011.03.15 12:20:08.355,1.47413,1.47451,3.00,2.53
2011.03.15 12:20:09.141,1.47424,1.47462,1.50,1.88
2011.03.15 12:20:09.259,1.47435,1.47462,1.50,1.50
2011.03.15 12:20:09.449,1.47435,1.47469,1.50,1.35
2011.03.15 12:20:09.575,1.47435,1.47472,1.50,2.25
2011.03.15 12:20:09.691,1.47443,1.4747,1.50,1.50
2011.03.15 12:20:09.917,1.47443,1.47472,1.50,1.50
2011.03.15 12:20:10.251,1.47453,1.47481,1.50,2.25
2011.03.15 12:20:10.368,1.47453,1.47483,1.50,3.75
2011.03.15 12:20:10.599,1.47455,1.47483,1.50,3.75
2011.03.15 12:20:10.720,1.47461,1.47488,1.50,1.50
2011.03.15 12:20:10.947,1.47462,1.47495,1.50,1.50
2011.03.15 12:20:11.058,1.47462,1.47497,1.50,1.50
2011.03.15 12:20:11.288,1.47461,1.475,1.50,2.25
2011.03.15 12:20:11.518,1.4746,1.47498,1.50,1.50
2011.03.15 12:20:11.978,1.4746,1.47498,1.50,1.50
2011.03.15 12:20:12.759,1.47456,1.47491,1.50,1.50
2011.03.15 12:20:12.987,1.47456,1.47491,1.50,1.50
2011.03.15 12:20:13.098,1.47456,1.47491,1.50,3.00
2011.03.15 12:20:14.208,1.47456,1.4749,1.50,3.00
2011.03.15 12:20:14.647,1.47456,1.47485,1.50,1.50
2011.03.15 12:20:15.150,1.4745,1.47485,3.68,1.50
2011.03.15 12:20:15.376,1.4745,1.47485,1.50,1.50
2011.03.15 12:20:15.707,1.47448,1.47479,1.50,1.50
2011.03.15 12:20:15.930,1.47446,1.47479,2.25,1.50
2011.03.15 12:20:16.046,1.47446,1.47479,1.50,1.50
2011.03.15 12:20:16.159,1.47446,1.47479,1.50,2.25
2011.03.15 12:20:16.495,1.47446,1.4748,1.50,1.50
2011.03.15 12:20:16.716,1.47446,1.47479,1.50,1.50
2011.03.15 12:20:17.984,1.47446,1.47479,1.50,1.50
2011.03.15 12:20:21.295,1.47446,1.47481,1.50,2.25
2011.03.15 12:20:21.628,1.47437,1.47472,2.25,1.50
2011.03.15 12:20:21.736,1.47438,1.47474,1.69,1.50
2011.03.15 12:20:21.847,1.47439,1.47481,1.69,3.75
2011.03.15 12:20:22.287,1.47443,1.47478,2.25,1.50
2011.03.15 12:20:22.506,1.47444,1.47478,1.50,1.50
2011.03.15 12:20:23.624,1.47445,1.47482,1.65,1.69
2011.03.15 12:20:23.982,1.47449,1.47487,1.50,2.97
2011.03.15 12:20:24.104,1.47448,1.47484,1.50,3.00
2011.03.15 12:20:24.555,1.47447,1.47481,1.50,2.25
2011.03.15 12:20:24.886,1.47444,1.47481,2.25,2.25
2011.03.15 12:20:25.738,1.47443,1.47476,1.50,1.50
2011.03.15 12:20:25.848,1.47442,1.47476,1.50,1.50
2011.03.15 12:20:26.229,1.47438,1.47476,1.50,1.69
2011.03.15 12:20:26.354,1.47436,1.47472,3.00,2.25
2011.03.15 12:20:26.580,1.47436,1.47472,2.25,4.50
2011.03.15 12:20:27.415,1.47436,1.47467,1.50,2.25
2011.03.15 12:20:27.637,1.47432,1.47467,1.50,2.25
2011.03.15 12:20:27.857,1.47431,1.47468,2.25,1.50
2011.03.15 12:20:28.295,1.47432,1.47468,1.50,1.50
2011.03.15 12:20:28.515,1.47433,1.47473,1.50,3.75
2011.03.15 12:20:28.737,1.47437,1.47473,1.50,1.50
2011.03.15 12:20:30.919,1.47437,1.47469,1.50,1.50
2011.03.15 12:20:31.044,1.47429,1.47465,1.50,1.69
2011.03.15 12:20:31.161,1.47428,1.47467,2.93,1.54
2011.03.15 12:20:31.500,1.47426,1.47464,5.18,1.69
2011.03.15 12:20:31.620,1.47426,1.47463,2.25,1.69
2011.03.15 12:20:31.956,1.47426,1.47465,2.25,3.94
2011.03.15 12:20:32.937,1.47424,1.47463,1.88,2.25
2011.03.15 12:20:33.046,1.47424,1.47458,1.13,1.50
2011.03.15 12:20:33.157,1.4742,1.4746,2.25,1.97
2011.03.15 12:20:33.267,1.4742,1.4746,2.25,1.22
2011.03.15 12:20:33.595,1.47423,1.47462,2.25,1.03
2011.03.15 12:20:33.926,1.47423,1.47462,2.25,1.78
2011.03.15 12:20:34.255,1.47426,1.47463,2.18,2.25
2011.03.15 12:20:35.481,1.47424,1.47463,2.18,2.25
2011.03.15 12:20:35.602,1.47424,1.47463,3.00,2.25
2011.03.15 12:20:35.941,1.47434,1.47467,3.00,1.50
2011.03.15 12:20:36.171,1.47432,1.47468,2.25,1.50
2011.03.15 12:20:36.399,1.47436,1.47469,1.50,1.50
2011.03.15 12:20:36.629,1.47427,1.47469,2.44,3.00
2011.03.15 12:20:36.748,1.47427,1.47468,1.50,1.69
2011.03.15 12:20:36.967,1.47427,1.47468,1.50,3.12
2011.03.15 12:20:38.179,1.47427,1.4747,2.25,1.22
2011.03.15 12:20:38.295,1.47429,1.4747,2.25,2.44
2011.03.15 12:20:39.438,1.47431,1.47472,1.50,3.00
2011.03.15 12:20:40.984,1.47429,1.47471,2.25,2.25
2011.03.15 12:20:41.788,1.47429,1.47471,1.50,2.25
2011.03.15 12:20:42.106,1.47429,1.47459,1.50,1.50
2011.03.15 12:20:42.225,1.47421,1.47456,1.50,1.50
2011.03.15 12:20:42.342,1.47416,1.4746,2.25,2.72
2011.03.15 12:20:42.614,1.47416,1.47456,1.50,2.53
2011.03.15 12:20:42.951,1.47416,1.47454,1.50,1.03
2011.03.15 12:20:43.619,1.47416,1.47448,1.50,1.03
2011.03.15 12:20:43.735,1.47407,1.47448,1.69,1.03
2011.03.15 12:20:44.432,1.47406,1.47448,3.19,1.03
2011.03.15 12:20:44.655,1.47406,1.47448,1.69,1.03
2011.03.15 12:20:44.986,1.47406,1.47448,2.44,1.03
2011.03.15 12:20:46.177,1.47406,1.47444,1.69,1.03
2011.03.15 12:20:46.617,1.47403,1.47444,3.00,2.53
2011.03.15 12:20:46.945,1.47399,1.47436,1.69,2.25
2011.03.15 12:20:47.166,1.47398,1.47436,3.19,2.25
2011.03.15 12:20:47.741,1.47398,1.47438,1.69,2.25
2011.03.15 12:20:48.188,1.47399,1.47433,2.44,1.50
2011.03.15 12:20:48.310,1.47401,1.47441,1.50,2.18
2011.03.15 12:20:48.428,1.47403,1.47438,1.50,1.50
2011.03.15 12:20:48.985,1.47407,1.47442,2.25,1.03
2011.03.15 12:20:49.101,1.47409,1.47447,3.19,2.25
2011.03.15 12:20:49.327,1.47417,1.47446,1.50,1.50
2011.03.15 12:20:49.876,1.47417,1.4745,1.50,2.25
2011.03.15 12:20:52.355,1.47417,1.47453,1.50,2.25
2011.03.15 12:20:53.245,1.47417,1.47454,1.50,2.25
2011.03.15 12:20:53.951,1.47417,1.47454,1.50,2.25
2011.03.15 12:20:54.068,1.47417,1.47456,1.50,1.03
2011.03.15 12:20:55.276,1.47417,1.47456,2.25,1.03
2011.03.15 12:20:55.825,1.47417,1.47456,2.25,1.03
2011.03.15 12:20:55.937,1.47417,1.47456,2.25,1.03
2011.03.15 12:20:56.598,1.47422,1.47459,1.50,2.25
2011.03.15 12:20:56.720,1.47422,1.4746,2.25,4.50
2011.03.15 12:20:56.946,1.47423,1.4746,1.50,2.25
2011.03.15 12:20:57.058,1.47424,1.4746,1.50,2.25
2011.03.15 12:20:57.447,1.47426,1.47463,1.50,3.00
2011.03.15 12:20:59.086,1.47426,1.47463,3.00,1.50
2011.03.15 12:20:59.307,1.47429,1.47465,1.50,2.25
2011.03.15 12:20:59.635,1.47429,1.47465,1.50,2.25
2011.03.15 12:20:59.965,1.4743,1.47465,2.18,2.25
2011.03.15 12:21:00.185,1.4743,1.47465,2.18,2.25
2011.03.15 12:21:00.515,1.4743,1.47465,2.18,2.25
2011.03.15 12:21:01.065,1.4743,1.47465,1.50,2.25
2011.03.15 12:21:01.658,1.47435,1.47465,2.25,1.50
2011.03.15 12:21:02.210,1.47436,1.47466,2.25,1.50
2011.03.15 12:21:02.606,1.47456,1.47478,2.25,1.50
2011.03.15 12:21:02.831,1.47449,1.4748,2.25,3.68
2011.03.15 12:21:03.056,1.47447,1.47483,4.50,2.44
2011.03.15 12:21:03.167,1.47442,1.47483,3.00,2.44
2011.03.15 12:21:03.497,1.47445,1.47478,2.25,2.25
2011.03.15 12:21:03.825,1.47447,1.47478,2.25,2.25
2011.03.15 12:21:05.365,1.47447,1.47474,3.75,1.50
2011.03.15 12:21:05.696,1.47447,1.47479,1.50,2.25
2011.03.15 12:21:06.957,1.47447,1.47477,1.50,2.25
2011.03.15 12:21:07.081,1.4744,1.47474,1.69,2.25
2011.03.15 12:21:07.494,1.47446,1.47477,1.50,2.25
2011.03.15 12:21:07.608,1.47446,1.47477,1.50,1.50
2011.03.15 12:21:08.166,1.4744,1.47477,1.69,1.50
2011.03.15 12:21:09.247,1.4744,1.47477,1.50,3.00
2011.03.15 12:21:09.355,1.4744,1.47476,1.50,1.50
2011.03.15 12:21:09.575,1.4744,1.47475,1.50,1.50
2011.03.15 12:21:09.797,1.47437,1.47473,2.25,1.78
2011.03.15 12:21:09.908,1.47437,1.47469,2.25,1.50
2011.03.15 12:21:10.268,1.47427,1.47461,1.50,1.69
2011.03.15 12:21:10.503,1.47416,1.47458,4.50,1.03
2011.03.15 12:21:10.949,1.47422,1.47464,5.44,1.78
2011.03.15 12:21:11.069,1.47426,1.47464,3.00,1.78
2011.03.15 12:21:11.188,1.47426,1.47464,3.00,1.50
2011.03.15 12:21:11.516,1.47427,1.47467,1.50,1.03
2011.03.15 12:21:12.926,1.47426,1.47472,4.50,2.72
2011.03.15 12:21:13.036,1.47426,1.47469,4.50,1.03
2011.03.15 12:21:14.288,1.47426,1.4747,3.00,1.22
2011.03.15 12:21:15.068,1.47427,1.47471,2.25,2.72
2011.03.15 12:21:15.288,1.47426,1.47469,3.00,1.03
2011.03.15 12:21:16.508,1.47428,1.47471,1.50,2.72
2011.03.15 12:21:16.729,1.47432,1.47473,1.50,2.93
2011.03.15 12:21:16.956,1.47432,1.47474,1.50,2.53
2011.03.15 12:21:18.855,1.47435,1.47474,1.50,2.25
2011.03.15 12:21:20.114,1.47435,1.47474,1.50,2.25
2011.03.15 12:21:20.448,1.47435,1.4747,1.50,2.25
2011.03.15 12:21:21.051,1.4743,1.47466,1.50,2.18
2011.03.15 12:21:21.325,1.47427,1.47471,2.25,1.65
2011.03.15 12:21:21.440,1.47431,1.47472,2.25,3.68
2011.03.15 12:21:21.557,1.47431,1.47472,2.25,3.68
2011.03.15 12:21:22.326,1.47428,1.4747,1.50,2.25
2011.03.15 12:21:22.546,1.47428,1.4747,1.50,2.40
2011.03.15 12:21:22.660,1.47427,1.4747,3.75,2.68
2011.03.15 12:21:22.998,1.47427,1.4747,3.75,4.22
2011.03.15 12:21:23.339,1.47423,1.47455,1.50,1.69
2011.03.15 12:21:23.458,1.47417,1.47453,1.50,1.69
2011.03.15 12:21:23.691,1.47413,1.47449,1.50,1.50
2011.03.15 12:21:24.030,1.47417,1.47449,1.50,1.50
2011.03.15 12:21:24.153,1.47411,1.47449,3.00,1.50
2011.03.15 12:21:24.268,1.47411,1.47449,3.75,1.50
2011.03.15 12:21:24.496,1.47409,1.47449,1.50,1.50
2011.03.15 12:21:25.776,1.47409,1.4745,1.50,1.03
2011.03.15 12:21:26.107,1.47412,1.47449,2.25,1.50
2011.03.15 12:21:26.217,1.47414,1.47449,2.25,1.50
2011.03.15 12:21:26.881,1.47413,1.47449,3.00,1.50
2011.03.15 12:21:27.004,1.47416,1.47454,1.50,2.25
2011.03.15 12:21:27.778,1.47416,1.47457,3.75,2.25
2011.03.15 12:21:27.898,1.47421,1.47457,1.50,1.50
2011.03.15 12:21:28.346,1.47421,1.47461,1.50,2.25
2011.03.15 12:21:28.677,1.47419,1.47454,2.10,1.50
2011.03.15 12:21:28.787,1.47416,1.47453,1.50,1.65
2011.03.15 12:21:28.896,1.47416,1.47453,1.50,1.50
2011.03.15 12:21:29.117,1.47416,1.4745,1.50,1.50
2011.03.15 12:21:29.537,1.47408,1.47435,1.50,1.50
2011.03.15 12:21:29.656,1.47396,1.47423,1.50,1.50
2011.03.15 12:21:29.768,1.47392,1.47421,1.50,1.50
2011.03.15 12:21:30.322,1.47385,1.47423,1.50,3.75
2011.03.15 12:21:30.459,1.47387,1.47427,1.50,1.03
2011.03.15 12:21:30.694,1.47387,1.47425,1.50,3.00
2011.03.15 12:21:31.116,1.47387,1.47426,1.50,3.00
2011.03.15 12:21:31.340,1.47387,1.47427,3.00,1.03
2011.03.15 12:21:33.289,1.47387,1.47417,3.00,1.50
2011.03.15 12:21:33.628,1.47387,1.47405,1.50,2.18
2011.03.15 12:21:34.077,1.47387,1.47403,1.50,1.50
2011.03.15 12:21:34.190,1.47387,1.47412,1.50,3.00
2011.03.15 12:21:34.624,1.47387,1.47413,1.50,1.50
2011.03.15 12:21:34.745,1.47383,1.47417,1.50,1.50
2011.03.15 12:21:34.862,1.47383,1.47422,1.50,2.25
2011.03.15 12:21:34.978,1.47385,1.47422,1.50,1.50
2011.03.15 12:21:35.537,1.47386,1.47425,1.50,2.25
2011.03.15 12:21:35.761,1.47382,1.47418,1.50,1.50
2011.03.15 12:21:35.990,1.47377,1.47413,1.50,1.50
2011.03.15 12:21:36.109,1.47373,1.47413,1.50,1.50
2011.03.15 12:21:36.229,1.47372,1.47413,2.93,1.50
2011.03.15 12:21:36.679,1.4737,1.47412,2.25,2.25
2011.03.15 12:21:37.032,1.4737,1.47412,2.25,2.25
2011.03.15 12:21:37.261,1.4737,1.4741,2.25,1.50
2011.03.15 12:21:37.597,1.4737,1.47391,1.50,2.25
2011.03.15 12:21:37.712,1.47365,1.47389,1.50,2.25
2011.03.15 12:21:37.828,1.47365,1.47389,1.50,2.25
2011.03.15 12:21:38.167,1.47365,1.47388,1.50,2.25
2011.03.15 12:21:38.388,1.47365,1.47388,1.50,2.25
2011.03.15 12:21:38.900,1.47365,1.47389,1.50,2.25
2011.03.15 12:21:39.457,1.47365,1.4739,1.50,2.25
2011.03.15 12:21:39.567,1.47365,1.47402,1.50,1.50
2011.03.15 12:21:40.003,1.47366,1.47403,1.50,1.65
2011.03.15 12:21:40.778,1.4737,1.47406,1.50,2.25
2011.03.15 12:21:41.108,1.47368,1.47406,2.25,2.25
2011.03.15 12:21:41.448,1.4737,1.47407,1.50,2.25
2011.03.15 12:21:41.677,1.47361,1.47402,2.25,1.50
2011.03.15 12:21:41.787,1.47358,1.47398,1.50,2.25
2011.03.15 12:21:42.117,1.47357,1.47397,1.50,1.03
2011.03.15 12:21:42.621,1.47352,1.47393,1.50,3.75
2011.03.15 12:21:42.956,1.47352,1.4739,3.00,1.78
2011.03.15 12:21:43.291,1.47351,1.4739,4.50,1.03
2011.03.15 12:21:43.412,1.47353,1.47392,1.50,3.00
2011.03.15 12:21:44.405,1.47356,1.47393,3.00,2.53
2011.03.15 12:21:44.931,1.4736,1.47393,2.63,1.50
2011.03.15 12:21:45.266,1.47368,1.47393,2.25,1.50
2011.03.15 12:21:45.707,1.47372,1.47393,2.25,1.50
2011.03.15 12:21:45.816,1.47372,1.47402,3.00,1.50
2011.03.15 12:21:46.365,1.47368,1.47403,4.88,1.50
2011.03.15 12:21:46.806,1.47368,1.47403,1.88,2.25
2011.03.15 12:21:47.935,1.47371,1.47403,3.00,1.50
2011.03.15 12:21:48.265,1.47379,1.47403,2.25,1.50
2011.03.15 12:21:48.707,1.47368,1.47402,3.00,1.03
2011.03.15 12:21:48.817,1.47368,1.47402,2.25,1.03
2011.03.15 12:21:49.258,1.47362,1.47402,3.38,1.03
2011.03.15 12:21:49.379,1.47362,1.47398,2.78,1.50
2011.03.15 12:21:49.606,1.47366,1.47404,2.25,3.28
2011.03.15 12:21:49.716,1.47365,1.47404,3.00,4.03
2011.03.15 12:21:50.918,1.47362,1.47402,1.13,1.03
2011.03.15 12:21:51.246,1.47361,1.47396,2.63,4.50
2011.03.15 12:21:51.578,1.47355,1.47385,1.50,1.50
2011.03.15 12:21:51.688,1.47351,1.47385,2.25,1.50
2011.03.15 12:21:52.236,1.47348,1.47383,1.13,4.50
2011.03.15 12:21:53.225,1.47348,1.47383,1.13,4.50
2011.03.15 12:21:53.930,1.47346,1.47383,1.13,4.50
2011.03.15 12:21:54.158,1.47346,1.47382,1.13,3.75
2011.03.15 12:21:54.497,1.47348,1.47382,1.88,2.25
2011.03.15 12:21:54.838,1.47348,1.47384,2.63,3.75
2011.03.15 12:21:54.958,1.47352,1.47389,2.25,1.78
2011.03.15 12:21:55.078,1.47348,1.47389,2.63,1.50
2011.03.15 12:21:55.858,1.47352,1.4739,2.25,3.19
2011.03.15 12:21:55.976,1.47352,1.47387,2.25,4.50
2011.03.15 12:21:56.088,1.47352,1.47386,1.50,2.25
2011.03.15 12:21:56.207,1.47348,1.47386,2.63,3.00
2011.03.15 12:21:56.560,1.47346,1.47382,1.13,1.50
2011.03.15 12:21:56.678,1.47343,1.47381,2.63,1.50
2011.03.15 12:21:56.799,1.47343,1.4738,1.13,3.00
2011.03.15 12:21:57.246,1.47345,1.47374,1.13,1.50
2011.03.15 12:21:59.588,1.47346,1.47377,1.13,1.78
2011.03.15 12:21:59.807,1.47346,1.47378,1.13,2.53
2011.03.15 12:22:00.424,1.47346,1.47378,1.13,1.18
2011.03.15 12:22:00.537,1.47343,1.47378,2.63,1.03
2011.03.15 12:22:01.026,1.47347,1.47377,1.13,1.50
2011.03.15 12:22:01.138,1.47356,1.47383,2.25,1.78
2011.03.15 12:22:01.246,1.47359,1.47383,2.25,1.78
2011.03.15 12:22:02.194,1.47347,1.47383,1.13,1.78
2011.03.15 12:22:02.757,1.47347,1.47383,1.13,1.50
2011.03.15 12:22:02.867,1.47347,1.47383,1.13,1.50
2011.03.15 12:22:04.079,1.47346,1.47383,1.13,2.25
2011.03.15 12:22:04.199,1.47343,1.4738,1.88,1.50
2011.03.15 12:22:04.678,1.47347,1.47383,1.13,2.25
2011.03.15 12:22:04.787,1.47347,1.47384,1.13,3.28
2011.03.15 12:22:05.117,1.47347,1.47384,1.13,3.43
2011.03.15 12:22:05.227,1.47347,1.47384,1.13,2.87
2011.03.15 12:22:05.336,1.47347,1.4738,1.13,1.03
2011.03.15 12:22:05.448,1.47347,1.47383,1.88,2.25
2011.03.15 12:22:06.007,1.47353,1.47385,1.50,2.18
2011.03.15 12:22:06.424,1.47348,1.47379,1.50,1.50
2011.03.15 12:22:06.539,1.47347,1.47379,3.00,1.50
2011.03.15 12:22:06.662,1.47346,1.47382,1.50,3.00
2011.03.15 12:22:06.926,1.47346,1.47383,1.50,1.50
2011.03.15 12:22:07.279,1.47347,1.47383,1.50,6.19
2011.03.15 12:22:07.948,1.47343,1.47382,1.50,2.44
2011.03.15 12:22:08.169,1.47343,1.47383,1.50,2.74
2011.03.15 12:22:08.287,1.47343,1.47383,1.50,4.09
2011.03.15 12:22:08.727,1.47344,1.47383,1.50,3.19
2011.03.15 12:22:09.080,1.47347,1.47383,1.50,1.84
2011.03.15 12:22:09.203,1.47346,1.47384,3.00,1.84
2011.03.15 12:22:09.759,1.47343,1.47381,1.50,2.44
2011.03.15 12:22:10.315,1.47343,1.47381,1.50,1.09
2011.03.15 12:22:11.177,1.47343,1.47382,1.50,3.19
2011.03.15 12:22:11.509,1.47344,1.4738,1.50,1.50
2011.03.15 12:22:11.816,1.47342,1.47379,1.50,1.50
2011.03.15 12:22:12.398,1.47339,1.47375,1.50,1.50
2011.03.15 12:22:12.948,1.47337,1.47375,1.50,1.50
2011.03.15 12:22:13.189,1.47337,1.47373,1.50,1.50
2011.03.15 12:22:13.529,1.47337,1.47373,1.50,3.00
2011.03.15 12:22:13.651,1.47335,1.47373,1.50,3.75
2011.03.15 12:22:14.233,1.47329,1.47361,1.50,1.20
2011.03.15 12:22:14.349,1.4733,1.47368,1.50,1.50
2011.03.15 12:22:14.577,1.4733,1.47369,1.50,2.40
2011.03.15 12:22:14.953,1.4733,1.47368,1.50,1.50
2011.03.15 12:22:15.301,1.47332,1.47357,1.50,2.25
2011.03.15 12:22:15.765,1.47346,1.47366,1.13,1.50
2011.03.15 12:22:16.111,1.47355,1.47366,1.50,1.50
2011.03.15 12:22:16.230,1.47352,1.47389,1.50,1.88
2011.03.15 12:22:16.570,1.47348,1.47384,1.50,2.70
2011.03.15 12:22:16.798,1.47347,1.47387,3.00,2.40
2011.03.15 12:22:17.144,1.47348,1.47382,1.50,2.25
2011.03.15 12:22:17.259,1.47348,1.47388,1.50,2.25
2011.03.15 12:22:17.378,1.47348,1.47392,1.50,1.22
2011.03.15 12:22:17.488,1.47351,1.47393,1.50,1.03
2011.03.15 12:22:17.608,1.47353,1.47394,1.50,2.40
2011.03.15 12:22:18.597,1.47361,1.47394,2.25,1.50
2011.03.15 12:22:18.927,1.4736,1.47394,2.25,1.50
2011.03.15 12:22:19.148,1.47366,1.474,1.50,1.50
2011.03.15 12:22:19.266,1.47367,1.47396,1.50,1.50
2011.03.15 12:22:19.675,1.47375,1.47401,1.13,1.50
2011.03.15 12:22:20.021,1.47386,1.47413,1.50,1.50
2011.03.15 12:22:20.362,1.47391,1.47421,1.13,1.50
2011.03.15 12:22:21.247,1.47391,1.47421,1.13,1.50
2011.03.15 12:22:21.538,1.47393,1.47424,1.50,1.50
2011.03.15 12:22:22.235,1.47393,1.47423,1.50,1.50
2011.03.15 12:22:22.590,1.47393,1.47425,1.50,1.50
2011.03.15 12:22:22.928,1.47391,1.47422,1.13,1.50
2011.03.15 12:22:23.258,1.47389,1.47417,1.13,1.50
2011.03.15 12:22:23.888,1.47389,1.47418,1.13,1.50
2011.03.15 12:22:24.010,1.47389,1.47422,1.88,1.50
2011.03.15 12:22:24.676,1.47389,1.47423,1.88,1.50
2011.03.15 12:22:24.978,1.47389,1.47433,1.88,1.03
2011.03.15 12:22:25.210,1.47389,1.47413,1.88,1.69
2011.03.15 12:22:25.331,1.47377,1.47398,4.43,1.50
2011.03.15 12:22:25.453,1.47369,1.47405,1.13,1.43
2011.03.15 12:22:25.569,1.47369,1.47403,1.13,1.50
2011.03.15 12:22:25.796,1.47371,1.47409,1.13,1.50
2011.03.15 12:22:26.016,1.47371,1.4741,1.13,1.03
2011.03.15 12:22:26.568,1.47376,1.4741,1.50,1.03
2011.03.15 12:22:26.897,1.47376,1.47406,1.50,2.63
2011.03.15 12:22:27.236,1.47367,1.47398,1.50,1.13
2011.03.15 12:22:27.655,1.47372,1.47398,2.25,1.50
2011.03.15 12:22:27.770,1.47377,1.47401,2.25,1.78
2011.03.15 12:22:28.109,1.47375,1.47388,2.25,1.03
2011.03.15 12:22:28.351,1.47353,1.47372,2.25,1.50
2011.03.15 12:22:28.470,1.47347,1.47363,2.25,1.50
2011.03.15 12:22:28.589,1.47331,1.47363,1.50,2.25
2011.03.15 12:22:28.710,1.47326,1.47357,2.25,1.50
2011.03.15 12:22:28.937,1.47317,1.4735,1.50,1.03
2011.03.15 12:22:29.563,1.4732,1.4735,2.25,1.03
2011.03.15 12:22:30.242,1.47318,1.47355,2.25,1.03
2011.03.15 12:22:30.654,1.47332,1.4736,3.00,1.41
2011.03.15 12:22:30.774,1.47332,1.4736,2.25,1.41
2011.03.15 12:22:31.001,1.47321,1.47359,1.50,2.63
2011.03.15 12:22:31.341,1.47326,1.47349,2.25,1.78
2011.03.15 12:22:31.460,1.47318,1.47349,2.25,1.50
2011.03.15 12:22:31.578,1.47317,1.4735,1.50,1.03
2011.03.15 12:22:31.909,1.47319,1.47354,1.50,1.50
2011.03.15 12:22:32.028,1.47319,1.47354,1.50,1.65
2011.03.15 12:22:32.554,1.47317,1.47354,1.50,1.50
2011.03.15 12:22:32.673,1.47317,1.47349,1.50,2.25
2011.03.15 12:22:33.205,1.47317,1.4735,1.50,2.25
2011.03.15 12:22:33.535,1.47317,1.47354,1.50,1.50
2011.03.15 12:22:33.866,1.47317,1.47354,1.50,1.50
2011.03.15 12:22:35.137,1.47309,1.4735,1.50,1.50
2011.03.15 12:22:35.652,1.47309,1.47338,2.25,2.25
2011.03.15 12:22:35.990,1.47309,1.47343,1.50,1.50
2011.03.15 12:22:36.326,1.47309,1.47343,2.25,1.50
2011.03.15 12:22:36.439,1.4731,1.4735,1.50,1.18
2011.03.15 12:22:36.558,1.47312,1.47353,1.50,1.50
2011.03.15 12:22:36.900,1.47298,1.47326,3.00,1.13
2011.03.15 12:22:37.127,1.47284,1.47318,1.50,1.50
2011.03.15 12:22:37.239,1.47279,1.47318,1.50,1.03
2011.03.15 12:22:37.580,1.47284,1.47316,3.00,2.25
2011.03.15 12:22:37.701,1.47276,1.47306,1.50,1.50
2011.03.15 12:22:37.817,1.47269,1.47303,1.13,1.50
2011.03.15 12:22:37.928,1.47267,1.47303,1.50,1.50
2011.03.15 12:22:38.482,1.47262,1.47302,3.75,1.03
2011.03.15 12:22:40.366,1.47267,1.47301,2.25,1.13
2011.03.15 12:22:40.700,1.47267,1.47299,3.00,1.13
2011.03.15 12:22:41.038,1.47262,1.47299,3.00,1.13
2011.03.15 12:22:41.464,1.47262,1.47299,3.00,1.13
2011.03.15 12:22:42.126,1.47261,1.47299,5.25,1.13
2011.03.15 12:22:42.239,1.47265,1.47302,1.50,1.03
2011.03.15 12:22:42.477,1.47274,1.47303,2.25,1.78
2011.03.15 12:22:42.587,1.47275,1.47309,3.00,1.35
2011.03.15 12:22:42.695,1.47274,1.47311,3.00,2.38
2011.03.15 12:22:43.286,1.47272,1.4731,3.00,1.03
2011.03.15 12:22:43.507,1.47272,1.4731,3.00,1.78
2011.03.15 12:22:44.057,1.47271,1.4731,3.00,2.68
2011.03.15 12:22:44.956,1.47272,1.47304,3.00,1.50
2011.03.15 12:22:45.826,1.47272,1.47304,3.00,1.50
2011.03.15 12:22:45.936,1.47272,1.47309,3.00,1.50
2011.03.15 12:22:46.048,1.4728,1.47311,3.00,1.03
2011.03.15 12:22:46.377,1.47279,1.47306,2.25,1.50
2011.03.15 12:22:46.706,1.47279,1.47302,2.25,1.69
2011.03.15 12:22:46.819,1.47273,1.47303,2.25,2.44
2011.03.15 12:22:46.939,1.47265,1.473,2.25,1.69
2011.03.15 12:22:47.057,1.47263,1.47296,3.00,2.37
2011.03.15 12:22:47.276,1.47259,1.47296,1.50,3.12
2011.03.15 12:22:47.386,1.47259,1.47293,3.00,2.25
2011.03.15 12:22:47.831,1.47263,1.47293,2.25,1.50
2011.03.15 12:22:48.388,1.47263,1.47293,2.25,2.25
2011.03.15 12:22:48.716,1.47258,1.47292,2.25,1.50
2011.03.15 12:22:48.938,1.47256,1.47287,3.00,1.50
2011.03.15 12:22:49.058,1.47256,1.47283,2.25,1.32
2011.03.15 12:22:49.167,1.47256,1.47283,2.25,1.32
2011.03.15 12:22:49.278,1.47247,1.47282,1.50,1.69
2011.03.15 12:22:49.386,1.47252,1.47282,2.25,1.69
2011.03.15 12:22:49.496,1.47246,1.47282,3.00,1.69
2011.03.15 12:22:50.286,1.47246,1.47282,3.00,1.69
2011.03.15 12:22:50.864,1.47248,1.47284,3.00,2.63
2011.03.15 12:22:50.977,1.47255,1.47291,2.25,2.53
2011.03.15 12:22:51.087,1.47255,1.47293,3.00,3.34
2011.03.15 12:22:51.308,1.47258,1.47293,3.00,1.50
2011.03.15 12:22:51.528,1.47268,1.47294,2.25,1.50
2011.03.15 12:22:51.637,1.47268,1.47302,2.25,1.50
2011.03.15 12:22:52.185,1.47269,1.47303,2.25,2.44
2011.03.15 12:22:52.475,1.47271,1.47303,2.25,2.44
2011.03.15 12:22:52.586,1.47271,1.47303,2.25,1.69
2011.03.15 12:22:52.808,1.47271,1.47303,3.00,1.50
2011.03.15 12:22:53.406,1.47282,1.47314,1.50,1.50
2011.03.15 12:22:53.519,1.47281,1.47317,1.50,1.22
2011.03.15 12:22:53.641,1.4728,1.47313,1.50,1.69
2011.03.15 12:22:53.871,1.47272,1.47313,3.75,2.44
2011.03.15 12:22:53.988,1.47272,1.47312,3.00,1.84
2011.03.15 12:22:54.107,1.47269,1.47307,3.75,1.50
2011.03.15 12:22:54.437,1.47269,1.47304,1.50,1.50
2011.03.15 12:22:54.548,1.47269,1.47308,1.50,2.25
2011.03.15 12:22:54.879,1.47272,1.47309,3.00,2.40
2011.03.15 12:22:55.218,1.47273,1.4731,3.00,1.65
2011.03.15 12:22:55.337,1.47275,1.47313,2.18,2.53
2011.03.15 12:22:55.447,1.47281,1.47313,1.43,1.50
2011.03.15 12:22:55.833,1.47285,1.47319,3.00,1.78
2011.03.15 12:22:56.715,1.47286,1.47319,2.25,1.03
2011.03.15 12:22:57.047,1.47286,1.47317,2.25,1.22
2011.03.15 12:22:57.156,1.47281,1.47317,3.00,1.22
2011.03.15 12:22:57.491,1.47277,1.47317,1.50,1.97
2011.03.15 12:22:57.610,1.47277,1.47311,2.25,1.50
2011.03.15 12:22:57.838,1.47277,1.47313,2.25,1.78
2011.03.15 12:22:57.949,1.47277,1.47306,1.50,1.50
2011.03.15 12:22:58.069,1.47275,1.47306,1.43,2.72
2011.03.15 12:22:58.718,1.47276,1.47312,1.50,1.41
2011.03.15 12:22:58.831,1.47276,1.47309,1.50,1.43
2011.03.15 12:22:59.181,1.47276,1.47312,2.44,1.50
2011.03.15 12:22:59.300,1.47276,1.47308,1.50,1.50
2011.03.15 12:22:59.418,1.47273,1.47308,1.50,1.50
2011.03.15 12:22:59.538,1.47268,1.47306,3.00,1.50
2011.03.15 12:22:59.659,1.47267,1.47305,2.25,1.50
2011.03.15 12:22:59.781,1.47273,1.47308,1.43,1.84
2011.03.15 12:23:00.128,1.47277,1.47307,1.43,1.03
2011.03.15 12:23:00.239,1.47269,1.47307,2.93,1.03
2011.03.15 12:23:01.497,1.47267,1.47306,2.25,1.03
2011.03.15 12:23:01.605,1.47267,1.47305,2.25,1.03
2011.03.15 12:23:02.158,1.47267,1.47303,2.25,2.25
2011.03.15 12:23:02.385,1.4726,1.47302,1.50,1.78
2011.03.15 12:23:04.006,1.47259,1.473,1.50,1.50
2011.03.15 12:23:04.975,1.47259,1.473,1.50,1.50
2011.03.15 12:23:06.096,1.47259,1.473,1.50,1.50
2011.03.15 12:23:06.646,1.47259,1.47296,1.50,1.03
2011.03.15 12:23:07.436,1.47258,1.47295,1.50,1.03
2011.03.15 12:23:08.317,1.47258,1.47277,1.50,1.36
2011.03.15 12:23:08.649,1.47223,1.47255,1.57,2.44
2011.03.15 12:23:08.876,1.47211,1.47249,3.00,1.69
2011.03.15 12:23:08.986,1.47215,1.47252,1.50,1.39
2011.03.15 12:23:09.315,1.47217,1.47254,2.25,1.69
2011.03.15 12:23:09.967,1.47217,1.47256,2.25,1.50
2011.03.15 12:23:10.298,1.47217,1.47257,2.25,1.69
2011.03.15 12:23:10.525,1.47217,1.47256,2.25,1.50
2011.03.15 12:23:10.966,1.4721,1.47254,1.50,2.25
2011.03.15 12:23:11.077,1.47208,1.47252,2.25,2.25
2011.03.15 12:23:11.408,1.47215,1.47252,1.28,2.25
2011.03.15 12:23:11.746,1.47219,1.47257,3.00,2.25
2011.03.15 12:23:11.857,1.47219,1.47257,3.00,2.25
2011.03.15 12:23:12.077,1.47217,1.47263,2.25,3.43
2011.03.15 12:23:12.516,1.4722,1.47263,1.50,3.43
2011.03.15 12:23:13.366,1.4722,1.47263,1.50,3.58
2011.03.15 12:23:13.698,1.47217,1.47261,3.00,1.03
2011.03.15 12:23:14.038,1.47214,1.4725,1.50,1.50
2011.03.15 12:23:14.389,1.47207,1.47241,1.50,1.50
2011.03.15 12:23:14.727,1.47199,1.47227,1.50,2.82
2011.03.15 12:23:14.838,1.47189,1.47219,3.75,1.62
2011.03.15 12:23:14.960,1.47189,1.47216,3.00,2.18
2011.03.15 12:23:15.076,1.47189,1.47216,2.25,1.50
2011.03.15 12:23:15.188,1.47178,1.47214,1.50,1.50
2011.03.15 12:23:15.416,1.47177,1.47216,2.25,3.00
2011.03.15 12:23:15.529,1.47186,1.47216,2.25,2.25
2011.03.15 12:23:15.867,1.47178,1.47218,2.25,2.25
2011.03.15 12:23:15.976,1.47178,1.47214,2.25,1.03
2011.03.15 12:23:16.305,1.47186,1.47213,2.25,1.03
2011.03.15 12:23:16.905,1.47185,1.47213,2.25,1.03
2011.03.15 12:23:17.347,1.47188,1.47207,2.25,1.78
2011.03.15 12:23:17.458,1.47188,1.47209,2.25,1.03
2011.03.15 12:23:17.578,1.47188,1.47204,2.25,1.50
2011.03.15 12:23:17.687,1.47172,1.47204,2.25,3.00
2011.03.15 12:23:17.797,1.47172,1.47204,2.25,3.00
2011.03.15 12:23:18.387,1.47171,1.47204,2.25,2.25
2011.03.15 12:23:18.498,1.47171,1.47204,3.00,1.50
2011.03.15 12:23:19.056,1.47173,1.47204,2.25,1.50
2011.03.15 12:23:19.387,1.47169,1.47204,1.69,1.03
2011.03.15 12:23:19.745,1.47178,1.47213,1.35,1.03
2011.03.15 12:23:19.858,1.4718,1.47216,1.50,1.03
2011.03.15 12:23:20.198,1.47176,1.47216,1.50,1.78
2011.03.15 12:23:20.318,1.47176,1.47213,1.50,1.41
2011.03.15 12:23:20.658,1.47167,1.47207,1.65,1.50
2011.03.15 12:23:21.436,1.47166,1.47202,2.85,1.13
2011.03.15 12:23:21.548,1.47166,1.47202,1.50,1.88
2011.03.15 12:23:21.989,1.47163,1.472,2.25,1.50
2011.03.15 12:23:22.109,1.47161,1.47198,2.25,1.50
2011.03.15 12:23:22.226,1.47156,1.47198,2.25,2.25
2011.03.15 12:23:22.597,1.4717,1.47207,1.50,1.03
2011.03.15 12:23:22.823,1.47159,1.47199,1.69,1.03
2011.03.15 12:23:22.936,1.47157,1.47198,2.44,1.03
2011.03.15 12:23:23.597,1.47159,1.47201,1.50,2.16
2011.03.15 12:23:23.930,1.4717,1.4721,1.50,2.68
2011.03.15 12:23:24.049,1.4717,1.4721,1.50,2.68
2011.03.15 12:23:24.277,1.47166,1.4721,2.44,2.08
2011.03.15 12:23:25.045,1.47166,1.4721,2.44,3.51
2011.03.15 12:23:25.380,1.47166,1.47208,2.44,1.03
2011.03.15 12:23:25.496,1.4717,1.47208,2.18,1.03
2011.03.15 12:23:25.884,1.47173,1.47213,1.50,1.33
2011.03.15 12:23:26.548,1.47173,1.47213,1.50,1.33
2011.03.15 12:23:26.778,1.47173,1.47213,1.69,1.18
2011.03.15 12:23:26.898,1.47173,1.47212,1.69,1.65
2011.03.15 12:23:27.120,1.47167,1.47208,1.69,1.03
2011.03.15 12:23:27.236,1.47167,1.47208,1.50,1.03
2011.03.15 12:23:27.566,1.47166,1.47207,1.50,1.18
2011.03.15 12:23:28.142,1.47166,1.47202,1.50,1.03
2011.03.15 12:23:28.265,1.47161,1.47206,2.18,1.18
2011.03.15 12:23:28.599,1.47157,1.47201,1.50,1.03
2011.03.15 12:23:28.922,1.47156,1.47199,7.50,1.71
2011.03.15 12:23:29.044,1.47161,1.472,3.00,1.03
2011.03.15 12:23:29.158,1.47161,1.472,3.00,1.03
2011.03.15 12:23:29.278,1.47156,1.472,2.25,1.03
2011.03.15 12:23:29.726,1.47156,1.47199,2.25,1.03
2011.03.15 12:23:30.855,1.47156,1.47199,3.00,1.03
2011.03.15 12:23:31.186,1.4716,1.47204,2.25,3.15
2011.03.15 12:23:31.296,1.4716,1.47204,2.25,2.40
2011.03.15 12:23:31.845,1.47166,1.47204,3.00,2.25
2011.03.15 12:23:32.398,1.47166,1.47204,3.00,1.65
2011.03.15 12:23:32.731,1.47157,1.47202,1.50,1.18
2011.03.15 12:23:32.849,1.47157,1.47198,2.25,1.65
2011.03.15 12:23:33.748,1.47156,1.47196,1.50,1.93
2011.03.15 12:23:34.846,1.47156,1.47196,2.25,1.18
2011.03.15 12:23:35.396,1.4716,1.47202,1.50,1.18
2011.03.15 12:23:35.725,1.4716,1.47197,2.25,1.05
2011.03.15 12:23:35.837,1.4716,1.47198,2.25,1.80
2011.03.15 12:23:35.949,1.47159,1.47197,1.50,1.05
2011.03.15 12:23:36.342,1.4716,1.47199,1.50,2.93
2011.03.15 12:23:36.786,1.4716,1.47199,1.50,2.03
2011.03.15 12:23:36.897,1.4716,1.47199,1.50,2.18
2011.03.15 12:23:37.181,1.4716,1.47199,1.50,2.03
2011.03.15 12:23:37.295,1.4716,1.47199,1.50,2.18
2011.03.15 12:23:37.646,1.4716,1.47199,1.50,1.28
2011.03.15 12:23:37.976,1.47163,1.47204,3.00,1.80
2011.03.15 12:23:38.306,1.47166,1.47204,1.50,1.65
2011.03.15 12:23:38.856,1.47172,1.47213,2.25,2.53
2011.03.15 12:23:39.407,1.47176,1.47213,1.50,1.50
2011.03.15 12:23:40.166,1.4718,1.47213,1.50,1.50
2011.03.15 12:23:40.499,1.4719,1.47223,1.50,1.03
2011.03.15 12:23:40.617,1.47182,1.47223,1.50,1.03
2011.03.15 12:23:40.840,1.47182,1.47221,1.50,1.03
2011.03.15 12:23:41.068,1.47177,1.47218,5.93,1.03
2011.03.15 12:23:41.178,1.47177,1.47218,2.18,1.03
2011.03.15 12:23:41.399,1.47177,1.47216,1.50,1.03
2011.03.15 12:23:41.517,1.47176,1.47216,3.68,1.03
2011.03.15 12:23:41.958,1.47177,1.47217,1.50,1.03
2011.03.15 12:23:42.286,1.47177,1.47216,1.50,1.03
2011.03.15 12:23:42.617,1.47189,1.47218,1.43,1.03
2011.03.15 12:23:42.835,1.47187,1.47218,1.50,1.03
2011.03.15 12:23:42.946,1.47187,1.47222,1.50,1.03
2011.03.15 12:23:43.206,1.47187,1.47224,1.50,1.03
2011.03.15 12:23:43.546,1.47183,1.47224,1.50,2.53
2011.03.15 12:23:44.428,1.47186,1.47224,3.75,2.53
2011.03.15 12:23:44.756,1.47187,1.47224,3.00,1.50
2011.03.15 12:23:44.977,1.47191,1.47224,2.25,1.50
2011.03.15 12:23:45.199,1.47189,1.47224,1.43,1.50
2011.03.15 12:23:45.318,1.47189,1.47223,1.43,1.03
2011.03.15 12:23:45.427,1.47184,1.4722,2.25,1.03
2011.03.15 12:23:45.645,1.47178,1.47219,2.25,1.03
2011.03.15 12:23:45.755,1.47178,1.47219,1.50,1.78
2011.03.15 12:23:45.975,1.47177,1.47219,2.25,1.78
2011.03.15 12:23:46.087,1.47177,1.47219,2.25,3.28
2011.03.15 12:23:46.419,1.47181,1.47216,1.50,1.03
2011.03.15 12:23:47.196,1.47179,1.47216,1.43,1.03
2011.03.15 12:23:47.527,1.4719,1.47216,1.50,1.03
2011.03.15 12:23:47.637,1.4719,1.47224,1.50,1.88
2011.03.15 12:23:47.749,1.47192,1.47224,1.50,1.88
2011.03.15 12:23:48.636,1.47198,1.47233,1.50,2.25
2011.03.15 12:23:49.185,1.47198,1.47233,1.50,1.88
2011.03.15 12:23:49.405,1.47202,1.47233,1.50,1.88
2011.03.15 12:23:49.738,1.47209,1.47233,1.69,1.88
2011.03.15 12:23:49.857,1.47211,1.47243,1.50,1.50
2011.03.15 12:23:49.969,1.47212,1.47243,1.50,1.50
2011.03.15 12:23:50.459,1.47216,1.47253,1.50,2.40
2011.03.15 12:23:51.046,1.47216,1.47253,1.50,2.40
2011.03.15 12:23:51.595,1.47213,1.47245,1.50,2.63
2011.03.15 12:23:51.817,1.47216,1.47253,1.50,2.25
2011.03.15 12:23:52.149,1.47224,1.47253,1.50,1.50
2011.03.15 12:23:52.380,1.47226,1.47263,2.44,1.88
2011.03.15 12:23:52.496,1.47226,1.47263,2.44,1.88
2011.03.15 12:23:52.824,1.47227,1.47263,1.50,1.88
2011.03.15 12:23:53.047,1.47229,1.47263,1.50,1.88
2011.03.15 12:23:53.381,1.47226,1.47258,1.50,1.03
2011.03.15 12:23:53.991,1.47226,1.47258,1.50,1.03
2011.03.15 12:23:54.222,1.47222,1.47258,1.28,1.41
2011.03.15 12:23:54.667,1.4722,1.47253,1.50,3.66
2011.03.15 12:23:54.998,1.47219,1.47248,1.50,2.25
2011.03.15 12:23:55.116,1.47219,1.47248,1.50,2.25
2011.03.15 12:23:55.558,1.47219,1.47248,1.50,2.53
2011.03.15 12:23:55.885,1.47216,1.47248,2.25,3.28
2011.03.15 12:23:56.919,1.47215,1.47248,2.37,1.03
2011.03.15 12:23:57.159,1.47214,1.47248,3.12,1.03
2011.03.15 12:23:57.279,1.47214,1.47248,3.12,1.03
2011.03.15 12:23:57.616,1.47213,1.47248,2.37,1.03
2011.03.15 12:23:59.820,1.47207,1.47247,2.18,1.03
2011.03.15 12:24:00.048,1.47206,1.47246,3.19,1.03
2011.03.15 12:24:00.628,1.47203,1.47241,1.50,1.50
2011.03.15 12:24:00.741,1.47204,1.47244,2.18,2.25
2011.03.15 12:24:00.858,1.47205,1.47241,2.18,1.03
2011.03.15 12:24:01.527,1.47203,1.4724,1.50,1.03
2011.03.15 12:24:01.638,1.47203,1.47236,1.50,1.03
2011.03.15 12:24:02.635,1.47209,1.47236,2.25,1.03
2011.03.15 12:24:02.966,1.47211,1.47236,2.25,1.03
2011.03.15 12:24:03.077,1.47208,1.47236,3.00,1.03
2011.03.15 12:24:03.464,1.47221,1.47242,2.25,1.03
2011.03.15 12:24:04.136,1.47214,1.47246,3.00,1.03
2011.03.15 12:24:05.785,1.47207,1.47246,2.40,1.03
2011.03.15 12:24:06.005,1.47209,1.47246,3.75,1.03
2011.03.15 12:24:06.939,1.47209,1.47247,3.00,1.03
2011.03.15 12:24:07.596,1.47209,1.47247,3.00,1.03
2011.03.15 12:24:08.167,1.47209,1.47246,3.00,1.03
2011.03.15 12:24:08.718,1.47209,1.47246,3.00,1.03
2011.03.15 12:24:09.270,1.47207,1.47246,4.50,1.03
2011.03.15 12:24:09.387,1.47207,1.47246,4.50,1.03
2011.03.15 12:24:09.828,1.47204,1.47235,1.13,1.03
2011.03.15 12:24:10.415,1.47204,1.47235,1.13,1.03
2011.03.15 12:24:10.750,1.47199,1.47233,3.00,1.50
2011.03.15 12:24:11.086,1.47199,1.47233,2.18,1.50
2011.03.15 12:24:11.670,1.47199,1.47236,2.18,1.03
2011.03.15 12:24:12.336,1.47198,1.47236,3.00,1.03
2011.03.15 12:24:12.450,1.47202,1.47236,1.50,1.03
2011.03.15 12:24:13.116,1.47198,1.47236,3.00,1.03
2011.03.15 12:24:14.549,1.47204,1.47234,2.18,1.03
2011.03.15 12:24:14.887,1.472,1.47229,2.18,1.03
2011.03.15 12:24:15.000,1.47197,1.47235,2.93,1.03
2011.03.15 12:24:15.998,1.47199,1.47235,1.50,1.78
2011.03.15 12:24:16.109,1.47197,1.47235,2.18,1.78
2011.03.15 12:24:16.231,1.47196,1.47228,3.68,1.03
2011.03.15 12:24:16.348,1.47198,1.47228,3.00,1.03
2011.03.15 12:24:16.568,1.47196,1.47231,2.25,1.78
2011.03.15 12:24:16.687,1.47196,1.47231,2.25,1.78
2011.03.15 12:24:17.138,1.47201,1.47231,2.18,1.03
2011.03.15 12:24:17.588,1.47201,1.47234,2.18,1.03
2011.03.15 12:24:17.827,1.472,1.47237,2.18,1.03
2011.03.15 12:24:17.939,1.472,1.47239,1.50,1.78
2011.03.15 12:24:18.059,1.472,1.47239,1.50,1.03
2011.03.15 12:24:18.396,1.47199,1.47239,1.50,1.03
2011.03.15 12:24:18.728,1.47201,1.47239,1.50,1.03
2011.03.15 12:24:18.958,1.47207,1.4724,1.50,1.03
2011.03.15 12:24:19.296,1.47207,1.47244,3.00,2.53
2011.03.15 12:24:20.399,1.47222,1.47244,3.75,1.03
2011.03.15 12:24:20.518,1.47223,1.4726,1.50,1.93
2011.03.15 12:24:20.628,1.47226,1.47257,3.00,1.50
2011.03.15 12:24:20.968,1.47224,1.47262,3.00,1.03
2011.03.15 12:24:21.199,1.4723,1.47262,3.00,1.03
2011.03.15 12:24:21.536,1.4723,1.47262,3.00,1.03
2011.03.15 12:24:22.926,1.47229,1.47262,3.00,1.41
2011.03.15 12:24:23.586,1.47226,1.47256,1.50,1.03
2011.03.15 12:24:24.506,1.47226,1.47253,1.50,1.50
2011.03.15 12:24:24.836,1.47226,1.47253,1.50,2.25
2011.03.15 12:24:25.059,1.47222,1.47246,1.50,1.50
2011.03.15 12:24:25.286,1.47219,1.4725,3.75,1.03
2011.03.15 12:24:25.616,1.47224,1.47253,2.10,2.25
2011.03.15 12:24:25.947,1.47225,1.47257,1.50,1.78
2011.03.15 12:24:26.167,1.47217,1.47255,3.00,1.03
2011.03.15 12:24:26.386,1.47217,1.47253,3.00,1.50
2011.03.15 12:24:26.809,1.47217,1.47253,1.50,1.78
2011.03.15 12:24:27.432,1.4722,1.47251,1.50,1.03
2011.03.15 12:24:27.986,1.47224,1.47251,1.43,1.03
2011.03.15 12:24:28.095,1.47217,1.47251,1.50,1.03
2011.03.15 12:24:28.746,1.47218,1.47251,3.00,1.03
2011.03.15 12:24:31.079,1.4722,1.47251,2.25,1.03
2011.03.15 12:24:31.856,1.47217,1.47251,3.75,1.03
2011.03.15 12:24:32.626,1.47218,1.47251,1.50,1.03
2011.03.15 12:24:32.955,1.47222,1.47251,1.50,1.03
2011.03.15 12:24:33.288,1.47216,1.47247,2.44,1.50
2011.03.15 12:24:33.520,1.47215,1.47251,2.93,1.03
2011.03.15 12:24:33.931,1.47215,1.47251,1.50,1.03
2011.03.15 12:24:34.270,1.47217,1.4725,1.50,1.03
2011.03.15 12:24:34.389,1.47213,1.4725,1.50,1.03
2011.03.15 12:24:34.947,1.47213,1.47244,1.50,1.50
2011.03.15 12:24:35.278,1.47213,1.47251,1.50,1.78
2011.03.15 12:24:35.608,1.47214,1.47243,1.50,1.50
2011.03.15 12:24:35.937,1.47218,1.47243,2.44,1.50
2011.03.15 12:24:36.306,1.4722,1.47243,1.69,1.50
2011.03.15 12:24:36.425,1.47219,1.47243,1.69,1.50
2011.03.15 12:24:37.076,1.47215,1.47243,1.50,1.50
2011.03.15 12:24:37.517,1.47215,1.47243,2.18,1.50
2011.03.15 12:24:41.231,1.47223,1.47253,2.25,1.50
2011.03.15 12:24:41.349,1.47226,1.47253,1.50,1.50
2011.03.15 12:24:41.577,1.47224,1.47253,2.25,1.50
2011.03.15 12:24:42.607,1.47224,1.47258,2.25,1.50
2011.03.15 12:24:42.938,1.47224,1.47258,1.50,1.50
2011.03.15 12:24:43.441,1.47223,1.47254,2.25,1.50
2011.03.15 12:24:43.777,1.47224,1.47254,1.50,1.50
2011.03.15 12:24:44.326,1.47229,1.47253,1.50,1.50
2011.03.15 12:24:44.659,1.47231,1.47263,1.50,3.00
2011.03.15 12:24:44.777,1.47232,1.47263,1.50,2.25
2011.03.15 12:24:44.887,1.47232,1.47263,1.50,2.25
2011.03.15 12:24:45.898,1.47234,1.47264,1.50,1.50
2011.03.15 12:24:46.118,1.47238,1.47271,1.13,1.50
2011.03.15 12:24:46.488,1.47241,1.47277,1.50,1.03
2011.03.15 12:24:46.827,1.47241,1.47273,2.25,1.50
2011.03.15 12:24:46.938,1.47243,1.47283,2.93,1.78
2011.03.15 12:24:47.160,1.47244,1.47274,1.50,1.50
2011.03.15 12:24:47.501,1.47243,1.47257,1.43,1.03
2011.03.15 12:24:47.840,1.47235,1.47249,2.25,1.69
2011.03.15 12:24:48.068,1.47214,1.47246,1.35,1.50
2011.03.15 12:24:48.190,1.47213,1.47247,2.85,1.50
2011.03.15 12:24:48.310,1.47216,1.47252,1.50,3.28
2011.03.15 12:24:48.536,1.47213,1.47251,1.50,1.43
2011.03.15 12:24:48.648,1.47215,1.47244,1.50,1.50
2011.03.15 12:24:49.201,1.4722,1.47244,1.50,1.50
2011.03.15 12:24:49.317,1.4722,1.47254,1.50,1.50
2011.03.15 12:24:49.429,1.47224,1.47254,1.50,1.50
2011.03.15 12:24:49.889,1.47236,1.47263,1.50,1.50
2011.03.15 12:24:50.340,1.47236,1.47263,1.50,1.50
2011.03.15 12:24:50.566,1.47236,1.47263,1.50,1.50
2011.03.15 12:24:51.115,1.47239,1.47263,1.50,1.50
2011.03.15 12:24:51.558,1.47243,1.47273,2.25,1.50
2011.03.15 12:24:51.799,1.47242,1.47274,1.50,2.25
2011.03.15 12:24:51.918,1.47239,1.47274,1.50,3.75
2011.03.15 12:24:52.143,1.47243,1.47276,1.50,1.03
2011.03.15 12:24:52.479,1.47245,1.47276,1.50,1.22
2011.03.15 12:24:52.711,1.47242,1.47268,1.50,1.03
2011.03.15 12:24:52.828,1.47242,1.47268,1.50,1.03
2011.03.15 12:24:53.058,1.47242,1.47263,1.50,1.50
2011.03.15 12:24:53.387,1.47236,1.47268,1.50,1.03
2011.03.15 12:24:53.721,1.47244,1.47272,1.50,2.53
2011.03.15 12:24:53.837,1.47244,1.47272,1.50,2.25
2011.03.15 12:24:54.141,1.47247,1.47272,1.50,2.25
2011.03.15 12:24:54.360,1.47247,1.47279,1.50,2.25
2011.03.15 12:24:54.481,1.47247,1.47273,1.50,1.50
2011.03.15 12:24:54.927,1.47242,1.47273,1.50,1.50
2011.03.15 12:24:55.257,1.47238,1.47279,1.50,1.03
2011.03.15 12:24:55.479,1.47241,1.47274,2.25,1.50
2011.03.15 12:24:55.596,1.47244,1.4728,2.18,1.03
2011.03.15 12:24:55.708,1.47244,1.47283,2.18,2.25
2011.03.15 12:24:55.926,1.47243,1.47284,2.18,2.53
2011.03.15 12:24:56.148,1.4724,1.47283,1.50,1.13
2011.03.15 12:24:56.267,1.47238,1.4728,1.50,1.50
2011.03.15 12:24:56.628,1.47237,1.47276,1.50,1.03
2011.03.15 12:24:56.737,1.47236,1.47276,2.25,1.03
2011.03.15 12:24:57.287,1.47236,1.47274,2.25,1.78
2011.03.15 12:24:57.399,1.47237,1.47271,1.50,2.25
2011.03.15 12:24:57.520,1.4723,1.47271,1.35,2.25
2011.03.15 12:24:57.751,1.4723,1.47273,1.35,1.50
2011.03.15 12:24:58.088,1.47223,1.47267,1.50,1.78
2011.03.15 12:24:58.199,1.47228,1.47263,1.50,2.25
2011.03.15 12:24:58.317,1.47223,1.47262,1.50,1.03
2011.03.15 12:24:58.647,1.47223,1.47254,1.50,1.50
2011.03.15 12:24:59.024,1.47223,1.47254,1.50,1.50
2011.03.15 12:24:59.239,1.47223,1.47253,1.50,1.50
2011.03.15 12:24:59.577,1.47224,1.47253,1.50,1.50
2011.03.15 12:24:59.910,1.47226,1.47264,1.50,1.50
2011.03.15 12:25:00.030,1.47226,1.47264,1.50,1.50
2011.03.15 12:25:00.371,1.47228,1.47264,1.50,1.50
2011.03.15 12:25:00.709,1.4723,1.47264,1.88,1.50
2011.03.15 12:25:01.047,1.47234,1.47273,2.25,2.91
2011.03.15 12:25:01.269,1.47234,1.47273,3.00,1.78
2011.03.15 12:25:01.813,1.4724,1.47273,1.50,1.50
2011.03.15 12:25:01.935,1.47244,1.4728,1.50,1.03
2011.03.15 12:25:02.050,1.47245,1.47273,2.25,1.50
2011.03.15 12:25:02.391,1.47249,1.47274,1.50,1.50
2011.03.15 12:25:02.726,1.47253,1.47283,1.50,1.50
2011.03.15 12:25:02.949,1.47261,1.47282,1.13,2.25
2011.03.15 12:25:03.188,1.47266,1.47284,1.50,1.50
2011.03.15 12:25:03.517,1.47266,1.47293,1.50,1.78
2011.03.15 12:25:03.628,1.47262,1.47292,1.13,1.22
2011.03.15 12:25:03.751,1.47254,1.47279,1.50,1.50
2011.03.15 12:25:03.872,1.47251,1.47274,1.50,1.50
2011.03.15 12:25:03.990,1.47249,1.47276,2.25,1.50
2011.03.15 12:25:04.111,1.47249,1.47283,4.20,1.50
2011.03.15 12:25:04.458,1.47255,1.47274,1.50,1.50
2011.03.15 12:25:04.682,1.47255,1.47284,1.13,3.75
2011.03.15 12:25:04.804,1.47254,1.47283,1.50,2.25
2011.03.15 12:25:05.147,1.4725,1.47293,2.25,2.25
2011.03.15 12:25:05.257,1.47255,1.47283,1.50,1.50
2011.03.15 12:25:05.478,1.47257,1.47294,1.50,1.50
2011.03.15 12:25:05.708,1.47262,1.47294,1.69,1.50
2011.03.15 12:25:06.050,1.47268,1.47303,1.50,4.50
2011.03.15 12:25:06.280,1.47269,1.47303,1.50,4.50
2011.03.15 12:25:06.506,1.47273,1.47303,1.50,2.25
2011.03.15 12:25:07.154,1.47263,1.47304,1.50,2.25
2011.03.15 12:25:07.273,1.47263,1.47303,1.50,1.50
2011.03.15 12:25:07.504,1.4726,1.47302,1.50,1.03
2011.03.15 12:25:07.949,1.4726,1.47302,1.50,1.03
2011.03.15 12:25:08.067,1.4726,1.47302,1.50,1.03
2011.03.15 12:25:08.176,1.4726,1.47302,1.50,1.03
2011.03.15 12:25:08.510,1.47263,1.47299,1.50,1.03
2011.03.15 12:25:08.736,1.47265,1.47303,2.25,2.25
2011.03.15 12:25:08.957,1.47272,1.47303,1.50,1.50
2011.03.15 12:25:09.453,1.47272,1.47303,1.50,1.50
2011.03.15 12:25:10.009,1.47272,1.47303,1.50,1.50
2011.03.15 12:25:11.225,1.47272,1.47303,1.50,1.50
2011.03.15 12:25:11.668,1.47268,1.47303,1.50,2.25
2011.03.15 12:25:12.658,1.47263,1.47303,1.50,1.78
2011.03.15 12:25:13.219,1.47263,1.47302,1.50,1.03
2011.03.15 12:25:13.555,1.4726,1.47302,2.25,2.72
2011.03.15 12:25:13.885,1.4726,1.47293,2.25,1.50
2011.03.15 12:25:14.549,1.47261,1.47293,1.50,1.50
2011.03.15 12:25:14.780,1.47261,1.47303,2.25,1.78
2011.03.15 12:25:14.899,1.47261,1.47303,2.44,1.78
2011.03.15 12:25:15.245,1.47282,1.47303,1.50,1.50
2011.03.15 12:25:15.599,1.47291,1.47313,1.50,1.50
2011.03.15 12:25:15.720,1.47291,1.47318,1.50,4.50
2011.03.15 12:25:16.388,1.47295,1.47326,2.25,2.25
2011.03.15 12:25:16.497,1.47295,1.47325,2.25,2.25
2011.03.15 12:25:17.156,1.47295,1.47325,1.50,2.25
2011.03.15 12:25:17.271,1.47295,1.47323,1.50,2.25
2011.03.15 12:25:17.610,1.47295,1.4732,1.50,2.25
2011.03.15 12:25:18.075,1.47286,1.47315,1.50,2.25
2011.03.15 12:25:18.635,1.47286,1.47314,1.50,1.50
2011.03.15 12:25:20.098,1.47283,1.47309,1.50,2.25
2011.03.15 12:25:20.427,1.47279,1.47309,1.13,2.25
2011.03.15 12:25:20.946,1.47277,1.4731,2.25,2.25
2011.03.15 12:25:21.056,1.47277,1.47313,3.75,1.50
2011.03.15 12:25:21.927,1.47297,1.47325,1.69,2.25
2011.03.15 12:25:22.147,1.47303,1.47344,1.50,1.50
2011.03.15 12:25:22.260,1.47305,1.47343,3.00,1.50
2011.03.15 12:25:22.596,1.47309,1.47343,1.50,1.50
2011.03.15 12:25:22.707,1.47309,1.47352,1.50,1.03
2011.03.15 12:25:22.816,1.47316,1.47352,3.00,1.03
2011.03.15 12:25:23.367,1.47316,1.47352,3.00,1.03
2011.03.15 12:25:23.585,1.47316,1.47343,3.00,1.50
2011.03.15 12:25:24.027,1.47316,1.47343,3.00,1.50
2011.03.15 12:25:24.247,1.47316,1.47354,3.00,3.43
2011.03.15 12:25:24.467,1.47318,1.47354,3.00,2.53
2011.03.15 12:25:25.012,1.47318,1.47347,3.00,1.50
2011.03.15 12:25:25.367,1.47309,1.47344,1.50,5.18
2011.03.15 12:25:25.477,1.47305,1.47344,1.28,4.43
2011.03.15 12:25:25.587,1.47305,1.47341,1.28,1.03
2011.03.15 12:25:26.138,1.47305,1.4734,1.28,1.03
2011.03.15 12:25:26.469,1.473,1.47326,1.50,1.03
2011.03.15 12:25:26.587,1.473,1.4733,1.50,1.03
2011.03.15 12:25:26.696,1.473,1.47333,1.50,1.03
2011.03.15 12:25:26.807,1.47297,1.47333,1.13,1.03
2011.03.15 12:25:27.136,1.47296,1.47333,2.25,1.03
2011.03.15 12:25:27.250,1.47291,1.47333,3.75,2.53
2011.03.15 12:25:27.476,1.47293,1.4733,3.00,1.22
2011.03.15 12:25:27.806,1.47291,1.47326,3.00,1.03
2011.03.15 12:25:29.350,1.47289,1.47326,3.00,1.03
2011.03.15 12:25:29.474,1.47289,1.47319,1.43,6.19
2011.03.15 12:25:29.589,1.4729,1.47308,1.43,1.50
2011.03.15 12:25:29.929,1.47283,1.47313,3.00,1.50
2011.03.15 12:25:30.267,1.47288,1.47321,3.00,1.03
2011.03.15 12:25:31.147,1.47281,1.47321,3.15,1.03
2011.03.15 12:25:36.749,1.47283,1.47321,1.50,1.03
2011.03.15 12:25:37.406,1.47286,1.47322,2.25,2.25
2011.03.15 12:25:37.740,1.4728,1.47318,1.50,1.03
2011.03.15 12:25:37.858,1.47276,1.47317,3.00,1.03
2011.03.15 12:25:38.736,1.47278,1.47316,1.50,1.03
2011.03.15 12:25:40.659,1.4728,1.47316,1.50,1.03
2011.03.15 12:25:40.998,1.47287,1.47322,1.50,1.50
2011.03.15 12:25:41.108,1.47287,1.47324,2.25,1.50
2011.03.15 12:25:41.440,1.47292,1.47328,1.50,2.25
2011.03.15 12:25:41.998,1.47292,1.47333,1.50,1.78
2011.03.15 12:25:42.215,1.47297,1.47333,1.50,1.78
2011.03.15 12:25:42.657,1.47294,1.47333,1.50,1.69
2011.03.15 12:25:43.536,1.47294,1.47333,1.50,1.69
2011.03.15 12:25:44.084,1.47296,1.47333,1.50,1.69
2011.03.15 12:25:44.526,1.47302,1.47333,1.50,1.69
2011.03.15 12:25:45.085,1.47302,1.47333,1.50,1.69
2011.03.15 12:25:45.965,1.47306,1.47333,1.50,1.50
2011.03.15 12:25:46.408,1.47314,1.47344,1.50,1.50
2011.03.15 12:25:46.738,1.47315,1.47344,1.50,1.50
2011.03.15 12:25:46.847,1.47315,1.47344,1.50,1.50
2011.03.15 12:25:47.396,1.47315,1.47344,1.50,1.50
2011.03.15 12:25:51.438,1.47318,1.47354,2.25,1.65
2011.03.15 12:25:51.665,1.47318,1.47354,2.25,1.50
2011.03.15 12:25:51.886,1.47323,1.47354,1.50,1.50
2011.03.15 12:25:52.767,1.47324,1.47354,1.50,1.50
2011.03.15 12:25:52.988,1.47327,1.47363,1.50,2.44
2011.03.15 12:25:53.097,1.47327,1.47363,1.50,2.25
2011.03.15 12:25:55.488,1.47336,1.47373,1.50,2.93
2011.03.15 12:25:55.719,1.47336,1.47373,1.50,3.23
2011.03.15 12:25:56.707,1.47336,1.47373,1.50,3.08
2011.03.15 12:25:57.037,1.47336,1.47373,1.50,2.93
2011.03.15 12:25:57.477,1.47343,1.47373,1.50,1.50
2011.03.15 12:25:57.811,1.47348,1.47373,1.50,1.50
2011.03.15 12:25:58.477,1.47348,1.47373,1.50,1.50
2011.03.15 12:26:00.238,1.47348,1.47373,1.50,1.50
2011.03.15 12:26:00.350,1.47352,1.47383,1.50,2.25
2011.03.15 12:26:00.575,1.47352,1.47384,1.50,1.50
2011.03.15 12:26:00.906,1.47352,1.4739,1.50,1.18
2011.03.15 12:26:01.470,1.47352,1.4739,1.50,1.18
2011.03.15 12:26:01.807,1.47349,1.47383,1.50,1.50
2011.03.15 12:26:02.028,1.47349,1.47383,1.50,1.50
2011.03.15 12:26:02.356,1.47349,1.47383,1.50,1.50
2011.03.15 12:26:03.247,1.47349,1.47383,1.50,1.50
2011.03.15 12:26:04.896,1.47348,1.47383,1.50,3.00
2011.03.15 12:26:05.006,1.47348,1.47383,1.50,1.50
2011.03.15 12:26:05.229,1.47348,1.47383,1.50,1.50
2011.03.15 12:26:06.066,1.47351,1.47383,1.50,1.50
2011.03.15 12:26:06.725,1.47351,1.47383,1.50,1.50
2011.03.15 12:26:07.071,1.47348,1.47381,1.50,1.50
2011.03.15 12:26:07.406,1.47343,1.47373,1.50,1.50
2011.03.15 12:26:07.627,1.47343,1.47373,1.50,1.50
2011.03.15 12:26:08.272,1.47347,1.47378,1.50,2.25
2011.03.15 12:26:08.605,1.47343,1.47373,1.50,1.50
2011.03.15 12:26:10.807,1.47347,1.47373,1.13,1.50
2011.03.15 12:26:11.151,1.47372,1.47405,1.50,1.50
2011.03.15 12:26:11.270,1.47372,1.47413,2.25,3.00
2011.03.15 12:26:11.716,1.47378,1.47415,1.50,1.50
2011.03.15 12:26:11.938,1.47378,1.47415,1.50,1.50
2011.03.15 12:26:12.278,1.47377,1.47409,2.25,1.65
2011.03.15 12:26:12.618,1.4737,1.47405,1.50,1.50
2011.03.15 12:26:12.838,1.47366,1.47403,2.25,1.50
2011.03.15 12:26:13.185,1.47366,1.47399,1.50,1.50
2011.03.15 12:26:13.488,1.4736,1.47392,1.50,1.50
2011.03.15 12:26:13.610,1.47359,1.47394,1.32,1.50
2011.03.15 12:26:14.166,1.47357,1.47394,1.88,1.50
2011.03.15 12:26:14.495,1.47358,1.47394,1.13,1.03
2011.03.15 12:26:15.155,1.47358,1.47396,1.13,1.03
2011.03.15 12:26:15.265,1.47358,1.47396,1.13,1.03
2011.03.15 12:26:16.867,1.47358,1.47396,1.13,1.03
2011.03.15 12:26:17.557,1.47358,1.47395,1.13,1.03
2011.03.15 12:26:18.001,1.47359,1.47393,1.13,1.03
2011.03.15 12:26:18.231,1.47358,1.47396,1.13,2.29
2011.03.15 12:26:18.347,1.47358,1.47395,1.13,1.69
2011.03.15 12:26:18.787,1.47359,1.47394,1.13,2.25
2011.03.15 12:26:19.118,1.47365,1.47401,1.50,1.03
2011.03.15 12:26:19.337,1.47359,1.47398,1.13,1.78
2011.03.15 12:26:20.001,1.47357,1.47394,1.88,1.50
2011.03.15 12:26:20.536,1.47358,1.47392,1.13,2.44
2011.03.15 12:26:23.308,1.47357,1.47393,1.13,2.44
2011.03.15 12:26:23.647,1.47353,1.47393,1.50,1.69
2011.03.15 12:26:23.978,1.47352,1.47393,1.88,1.69
2011.03.15 12:26:24.091,1.47352,1.47393,1.88,1.69
2011.03.15 12:26:24.758,1.47352,1.47393,1.88,2.44
2011.03.15 12:26:25.860,1.47357,1.47395,1.50,4.03
2011.03.15 12:26:25.977,1.47358,1.47394,1.43,1.03
2011.03.15 12:26:26.526,1.47353,1.47394,1.50,1.78
2011.03.15 12:26:28.359,1.47352,1.47384,1.13,1.50
2011.03.15 12:26:28.483,1.47351,1.47384,1.88,1.50
2011.03.15 12:26:28.602,1.47361,1.47394,1.50,1.03
2011.03.15 12:26:28.865,1.47351,1.47393,1.88,2.12
2011.03.15 12:26:29.967,1.47351,1.47393,1.88,2.87
2011.03.15 12:26:30.190,1.47355,1.47389,1.50,1.03
2011.03.15 12:26:30.418,1.47354,1.47392,2.25,1.50
2011.03.15 12:26:30.540,1.47362,1.47393,1.13,2.25
2011.03.15 12:26:30.982,1.47362,1.47384,1.13,1.50
2011.03.15 12:26:31.537,1.47359,1.47394,1.50,2.53
2011.03.15 12:26:32.195,1.47363,1.47394,1.13,2.53
2011.03.15 12:26:32.528,1.47359,1.47389,1.50,2.25
2011.03.15 12:26:33.077,1.47353,1.47392,2.25,1.03
2011.03.15 12:26:33.406,1.47354,1.47387,1.50,3.00
2011.03.15 12:26:33.518,1.47346,1.47387,2.25,3.00
2011.03.15 12:26:34.068,1.47346,1.47379,2.25,2.25
2011.03.15 12:26:34.630,1.47341,1.47378,1.13,1.50
2011.03.15 12:26:34.868,1.47341,1.47379,1.50,1.50
2011.03.15 12:26:35.197,1.47339,1.47382,1.50,1.03
2011.03.15 12:26:36.198,1.47339,1.4738,2.25,1.50
2011.03.15 12:26:37.037,1.47345,1.47382,1.50,1.03
2011.03.15 12:26:37.146,1.47345,1.47382,1.50,1.03
2011.03.15 12:26:38.112,1.47342,1.47383,1.69,1.50
2011.03.15 12:26:39.125,1.47346,1.47384,1.50,2.25
2011.03.15 12:26:41.558,1.47349,1.47384,1.13,2.25
2011.03.15 12:26:41.677,1.47354,1.47392,2.25,3.00
2011.03.15 12:26:41.897,1.47363,1.47392,1.13,3.00
2011.03.15 12:26:42.119,1.47364,1.4739,1.80,2.25
2011.03.15 12:26:42.242,1.47364,1.474,2.55,3.00
2011.03.15 12:26:42.511,1.47364,1.47404,4.05,2.25
2011.03.15 12:26:42.848,1.47364,1.47404,1.88,2.25
2011.03.15 12:26:43.068,1.47367,1.47404,1.50,2.25
2011.03.15 12:26:43.190,1.47368,1.47404,1.50,2.25
2011.03.15 12:26:43.636,1.47369,1.47412,1.50,2.25
2011.03.15 12:26:44.896,1.47372,1.47414,1.13,2.44
2011.03.15 12:26:45.336,1.47372,1.47414,1.13,3.19
2011.03.15 12:26:46.082,1.47372,1.47404,1.13,2.25
2011.03.15 12:26:46.418,1.47372,1.47404,1.13,2.25
2011.03.15 12:26:46.976,1.47366,1.47404,1.50,2.25
2011.03.15 12:26:53.197,1.47367,1.47403,1.50,2.25
2011.03.15 12:26:53.528,1.47367,1.47394,1.50,2.25
2011.03.15 12:26:54.076,1.47362,1.47394,1.50,2.25
2011.03.15 12:26:54.626,1.47362,1.47403,1.50,3.00
2011.03.15 12:26:55.377,1.47362,1.47398,1.50,3.00
2011.03.15 12:26:55.928,1.47371,1.47404,1.13,4.50
2011.03.15 12:26:56.156,1.47372,1.47408,2.55,3.00
2011.03.15 12:26:56.376,1.47372,1.47409,2.55,3.00
2011.03.15 12:26:56.820,1.4737,1.47407,1.50,3.00
2011.03.15 12:26:57.156,1.4737,1.47409,2.93,3.00
2011.03.15 12:26:57.706,1.47372,1.47409,1.13,3.00
2011.03.15 12:26:58.037,1.47375,1.47412,2.63,1.50
2011.03.15 12:26:58.656,1.47363,1.47399,1.50,1.50
2011.03.15 12:26:58.767,1.47361,1.47399,1.13,1.50
2011.03.15 12:26:58.876,1.47361,1.47399,1.13,1.50
2011.03.15 12:26:58.987,1.47361,1.47401,1.13,1.78
2011.03.15 12:26:59.207,1.47362,1.47393,1.13,1.50
2011.03.15 12:27:00.087,1.47351,1.47391,1.50,1.50
2011.03.15 12:27:00.527,1.47349,1.47387,2.25,1.50
2011.03.15 12:27:01.195,1.47343,1.47381,1.50,1.50
2011.03.15 12:27:02.609,1.47342,1.47381,1.09,1.50
2011.03.15 12:27:02.839,1.47346,1.47381,1.50,1.50
2011.03.15 12:27:03.397,1.47339,1.47373,1.69,2.25
2011.03.15 12:27:04.058,1.47334,1.47373,1.13,3.00
2011.03.15 12:27:04.388,1.47332,1.47367,1.50,1.50
2011.03.15 12:27:04.935,1.47331,1.47371,1.50,1.50
2011.03.15 12:27:05.263,1.47331,1.47363,1.50,1.50
2011.03.15 12:27:05.381,1.47331,1.47373,1.50,2.25
2011.03.15 12:27:05.610,1.47334,1.47364,1.13,1.50
2011.03.15 12:27:06.498,1.4733,1.47364,1.50,2.25
2011.03.15 12:27:06.611,1.47329,1.4736,1.50,1.50
2011.03.15 12:27:06.730,1.47323,1.4736,1.50,1.69
2011.03.15 12:27:06.848,1.47317,1.4736,1.88,3.00
2011.03.15 12:27:07.175,1.47319,1.47363,1.50,4.03
2011.03.15 12:27:08.051,1.47325,1.47354,2.25,1.50
2011.03.15 12:27:08.277,1.47318,1.47354,1.13,2.25
2011.03.15 12:27:08.716,1.47318,1.47354,1.13,1.50
2011.03.15 12:27:09.396,1.47318,1.47354,1.13,1.65
2011.03.15 12:27:09.839,1.47333,1.47354,1.50,2.25
2011.03.15 12:27:10.067,1.47337,1.47364,2.63,2.25
2011.03.15 12:27:11.066,1.47325,1.47364,1.35,2.25
2011.03.15 12:27:11.399,1.47331,1.47364,1.50,2.25
2011.03.15 12:27:12.077,1.47332,1.47366,1.50,1.03
2011.03.15 12:27:12.299,1.47335,1.4737,1.13,1.03
2011.03.15 12:27:12.526,1.47335,1.4737,1.13,1.03
2011.03.15 12:27:12.746,1.47335,1.47373,1.13,2.25
2011.03.15 12:27:13.075,1.47332,1.47373,1.50,2.25
2011.03.15 12:27:13.515,1.47334,1.47373,1.50,2.25
2011.03.15 12:27:13.626,1.47334,1.47373,1.50,2.25
2011.03.15 12:27:14.337,1.47336,1.47372,1.13,2.37
2011.03.15 12:27:14.666,1.47329,1.47363,1.13,2.25
2011.03.15 12:27:14.778,1.47329,1.47363,1.13,2.25
2011.03.15 12:27:15.107,1.47321,1.47359,1.50,3.75
2011.03.15 12:27:15.219,1.47317,1.47359,2.25,1.69
2011.03.15 12:27:15.340,1.4732,1.47356,2.25,1.50
2011.03.15 12:27:15.456,1.4732,1.47356,2.25,1.50
2011.03.15 12:27:15.565,1.47318,1.47356,3.00,1.50
2011.03.15 12:27:15.676,1.47316,1.47353,2.25,2.25
2011.03.15 12:27:16.117,1.47315,1.47353,1.50,2.44
2011.03.15 12:27:16.337,1.47318,1.47353,1.50,1.50
2011.03.15 12:27:16.775,1.47322,1.47353,1.50,1.50
2011.03.15 12:27:19.860,1.47323,1.47364,1.50,2.40
2011.03.15 12:27:20.089,1.47324,1.47364,1.50,3.15
2011.03.15 12:27:20.209,1.47324,1.47364,1.50,3.15
2011.03.15 12:27:20.547,1.47329,1.47364,1.50,2.40
2011.03.15 12:27:20.767,1.47329,1.47364,1.50,2.55
2011.03.15 12:27:21.317,1.47328,1.47364,1.50,4.65
2011.03.15 12:27:21.749,1.47322,1.47364,2.25,1.65
2011.03.15 12:27:22.416,1.47322,1.47364,2.25,1.80
2011.03.15 12:27:23.296,1.47324,1.47364,1.50,2.55
2011.03.15 12:27:23.628,1.47324,1.47361,1.50,1.05
2011.03.15 12:27:23.846,1.47324,1.47359,1.50,1.05
2011.03.15 12:27:24.935,1.47322,1.47359,2.25,1.05
2011.03.15 12:27:25.379,1.47324,1.47364,1.50,6.08
2011.03.15 12:27:25.497,1.47324,1.47353,1.50,1.50
2011.03.15 12:27:26.013,1.47324,1.47353,1.50,1.50
2011.03.15 12:27:26.133,1.47324,1.47353,1.50,1.50
2011.03.15 12:27:26.360,1.47329,1.47353,1.50,1.50
2011.03.15 12:27:26.477,1.47329,1.47363,1.50,1.80
2011.03.15 12:27:26.811,1.47329,1.47363,1.50,1.50
2011.03.15 12:27:27.261,1.4733,1.47363,1.50,1.65
2011.03.15 12:27:27.815,1.47333,1.47368,1.50,1.05
2011.03.15 12:27:28.478,1.47332,1.47369,2.25,1.05
2011.03.15 12:27:29.347,1.47332,1.47367,2.25,1.05
2011.03.15 12:27:30.249,1.47332,1.47368,2.25,1.05
2011.03.15 12:27:31.019,1.47335,1.47368,1.69,1.05
2011.03.15 12:27:31.140,1.47332,1.4737,3.75,1.93
2011.03.15 12:27:31.263,1.47328,1.47366,2.25,2.25
2011.03.15 12:27:31.706,1.47328,1.47368,2.25,3.15
2011.03.15 12:27:32.480,1.4733,1.47369,1.50,3.00
2011.03.15 12:27:32.598,1.47332,1.47369,1.50,3.00
2011.03.15 12:27:32.938,1.47341,1.4737,1.50,2.25
2011.03.15 12:27:33.048,1.47344,1.47381,2.25,1.65
2011.03.15 12:27:33.156,1.47344,1.47381,3.00,1.65
2011.03.15 12:27:33.488,1.47362,1.47383,2.25,3.98
2011.03.15 12:27:33.818,1.47362,1.47373,2.25,1.50
2011.03.15 12:27:34.146,1.4736,1.47373,2.25,1.50
2011.03.15 12:27:34.569,1.47363,1.47383,2.25,1.05
2011.03.15 12:27:35.018,1.47362,1.47383,2.25,1.05
2011.03.15 12:27:35.575,1.47344,1.47382,3.75,1.65
2011.03.15 12:27:35.697,1.47344,1.47382,3.00,1.65
2011.03.15 12:27:36.028,1.47344,1.47379,3.00,2.18
2011.03.15 12:27:36.247,1.47346,1.47381,3.00,2.33
2011.03.15 12:27:36.358,1.47355,1.47383,2.25,2.40
2011.03.15 12:27:36.578,1.47351,1.47383,2.25,2.40
2011.03.15 12:27:37.126,1.47352,1.47383,2.25,2.40
2011.03.15 12:27:37.238,1.47352,1.47383,2.25,2.40
2011.03.15 12:27:37.459,1.47352,1.47383,2.25,2.40
2011.03.15 12:27:37.906,1.47354,1.47383,2.25,1.50
2011.03.15 12:27:38.018,1.47351,1.47383,2.25,2.40
2011.03.15 12:27:39.576,1.4735,1.47382,1.50,2.25
2011.03.15 12:27:40.126,1.4735,1.47383,1.50,1.65
2011.03.15 12:27:40.458,1.47349,1.47383,1.50,2.25
2011.03.15 12:27:40.786,1.47349,1.47383,1.50,2.25
2011.03.15 12:27:41.008,1.47349,1.47383,1.50,2.25
2011.03.15 12:27:41.556,1.47349,1.47383,1.50,2.40
2011.03.15 12:27:42.155,1.47349,1.47383,1.50,2.40
2011.03.15 12:27:42.481,1.47361,1.47383,2.25,2.40
2011.03.15 12:27:42.708,1.47361,1.47383,2.25,2.25
2011.03.15 12:27:42.819,1.47361,1.47383,2.25,2.55
2011.03.15 12:27:43.156,1.47363,1.47383,2.25,2.55
2011.03.15 12:27:43.268,1.47363,1.47383,2.25,2.25
2011.03.15 12:27:43.378,1.47362,1.47383,2.25,2.40
2011.03.15 12:27:43.488,1.47353,1.47383,2.25,3.90
2011.03.15 12:27:43.600,1.4735,1.47373,5.25,2.25
2011.03.15 12:27:43.939,1.47355,1.47373,2.25,1.50
2011.03.15 12:27:44.496,1.47355,1.4738,2.25,1.05
2011.03.15 12:27:44.606,1.47353,1.47379,2.25,1.05
2011.03.15 12:27:44.826,1.47345,1.47381,1.50,1.65
2011.03.15 12:27:44.936,1.47345,1.47378,1.50,1.05
2011.03.15 12:27:45.046,1.47345,1.47382,1.50,1.09
2011.03.15 12:27:45.156,1.47345,1.47383,1.50,3.90
2011.03.15 12:27:45.377,1.47348,1.47383,3.00,2.25
2011.03.15 12:27:45.648,1.47348,1.47383,3.75,1.50
2011.03.15 12:27:45.977,1.47349,1.47383,1.50,1.50
2011.03.15 12:27:46.307,1.47354,1.47383,1.50,1.50
2011.03.15 12:27:47.406,1.47351,1.47383,1.50,2.25
2011.03.15 12:27:47.738,1.47372,1.47383,2.25,1.65
2011.03.15 12:27:47.846,1.47367,1.47388,2.25,1.05
2011.03.15 12:27:48.067,1.47364,1.47383,2.25,1.65
2011.03.15 12:27:48.287,1.47364,1.47393,2.25,1.05
2011.03.15 12:27:48.646,1.47364,1.47389,2.25,1.05
2011.03.15 12:27:48.867,1.47364,1.47393,2.25,1.05
2011.03.15 12:27:49.196,1.47364,1.47394,3.00,3.23
2011.03.15 12:27:49.544,1.47364,1.47394,1.50,1.95
2011.03.15 12:27:49.665,1.47357,1.47388,1.50,1.05
2011.03.15 12:27:49.778,1.47357,1.47392,1.50,1.65
2011.03.15 12:27:49.997,1.47357,1.47392,1.50,1.65
2011.03.15 12:27:50.230,1.47357,1.47392,1.50,1.65
2011.03.15 12:27:50.679,1.47357,1.47389,1.50,1.05
2011.03.15 12:27:54.307,1.47357,1.47389,1.50,1.05
2011.03.15 12:27:55.075,1.47357,1.47389,1.50,1.05
2011.03.15 12:27:56.066,1.47357,1.47384,1.50,2.40
2011.03.15 12:27:57.138,1.47359,1.47384,1.50,2.40
2011.03.15 12:27:57.466,1.47359,1.47384,2.25,2.40
2011.03.15 12:27:57.689,1.47357,1.47384,1.88,2.40
2011.03.15 12:27:58.588,1.47352,1.47389,1.50,1.05
2011.03.15 12:27:58.918,1.47352,1.47384,1.50,2.40
2011.03.15 12:27:59.469,1.47352,1.47384,1.50,2.40
2011.03.15 12:27:59.918,1.47352,1.47388,1.13,1.05
2011.03.15 12:28:02.021,1.47352,1.47384,1.13,2.55
2011.03.15 12:28:02.577,1.47352,1.47379,1.88,1.05
2011.03.15 12:28:02.690,1.47353,1.47384,2.25,2.40
2011.03.15 12:28:02.809,1.47353,1.47384,2.25,2.40
2011.03.15 12:28:03.042,1.47353,1.47384,1.13,2.40
2011.03.15 12:28:03.597,1.47356,1.47384,2.25,2.25
2011.03.15 12:28:03.707,1.47358,1.47384,1.69,1.50
2011.03.15 12:28:03.927,1.47356,1.47393,1.69,2.40
2011.03.15 12:28:04.814,1.47356,1.47393,1.50,2.25
2011.03.15 12:28:05.256,1.47356,1.47393,1.50,2.25
2011.03.15 12:28:07.518,1.47347,1.47387,1.50,1.50
2011.03.15 12:28:07.646,1.47343,1.47373,2.25,1.50
2011.03.15 12:28:07.762,1.47341,1.47373,3.75,2.25
2011.03.15 12:28:08.101,1.47342,1.47373,2.25,1.50
2011.03.15 12:28:08.329,1.47342,1.47384,2.25,2.40
2011.03.15 12:28:08.450,1.47341,1.47373,1.50,2.25
2011.03.15 12:28:09.007,1.47341,1.47384,2.25,2.68
2011.03.15 12:28:09.338,1.47346,1.47384,1.50,2.68
2011.03.15 12:28:09.557,1.47346,1.47384,1.50,2.68
2011.03.15 12:28:09.777,1.47346,1.47384,1.50,2.53
2011.03.15 12:28:09.886,1.47343,1.47383,1.50,2.40
2011.03.15 12:28:10.105,1.47343,1.47383,1.50,2.25
2011.03.15 12:28:10.688,1.47343,1.47383,1.50,2.40
2011.03.15 12:28:11.033,1.47336,1.47374,1.50,2.25
2011.03.15 12:28:11.150,1.47331,1.47372,1.50,3.19
2011.03.15 12:28:11.312,1.47328,1.4737,1.50,3.00
2011.03.15 12:28:11.769,1.47327,1.47363,1.50,1.50
2011.03.15 12:28:12.107,1.47321,1.47363,1.50,1.50
2011.03.15 12:28:12.437,1.47326,1.47363,1.50,3.00
2011.03.15 12:28:13.019,1.47326,1.47363,1.50,3.75
2011.03.15 12:28:13.359,1.47324,1.47362,1.50,3.00
2011.03.15 12:28:13.470,1.47321,1.47363,1.50,2.25
2011.03.15 12:28:13.696,1.47323,1.47363,1.50,2.25
2011.03.15 12:28:14.201,1.47326,1.47364,1.50,2.25
2011.03.15 12:28:14.762,1.47326,1.47364,1.50,2.25
2011.03.15 12:28:14.881,1.47319,1.47361,1.50,1.03
2011.03.15 12:28:14.997,1.47319,1.4736,1.50,1.03
2011.03.15 12:28:15.217,1.47317,1.47361,2.25,1.03
2011.03.15 12:28:15.835,1.47317,1.47353,1.50,2.25
2011.03.15 12:28:16.417,1.47316,1.47354,3.00,2.25
2011.03.15 12:28:19.565,1.47316,1.47354,1.50,2.25
2011.03.15 12:28:20.355,1.47317,1.47353,1.50,2.25
2011.03.15 12:28:21.636,1.47317,1.47353,1.50,2.25
2011.03.15 12:28:22.185,1.47314,1.47354,1.50,2.25
2011.03.15 12:28:22.555,1.47313,1.47344,1.50,1.50
2011.03.15 12:28:24.609,1.4731,1.47352,1.50,1.78
2011.03.15 12:28:24.838,1.4731,1.47352,1.50,1.78
2011.03.15 12:28:25.386,1.4731,1.47344,1.50,2.25
2011.03.15 12:28:25.935,1.4731,1.47344,1.50,1.50
2011.03.15 12:28:26.267,1.47324,1.47353,2.25,1.50
2011.03.15 12:28:26.486,1.47311,1.47353,4.50,2.25
2011.03.15 12:28:26.706,1.47316,1.47354,1.50,2.25
2011.03.15 12:28:28.423,1.47316,1.47354,2.93,2.25
2011.03.15 12:28:28.867,1.47316,1.47354,2.93,2.25
2011.03.15 12:28:30.006,1.47316,1.47353,1.50,1.50
2011.03.15 12:28:31.568,1.47316,1.47351,1.50,1.03
2011.03.15 12:28:31.786,1.47306,1.47351,4.77,1.03
2011.03.15 12:28:32.749,1.47309,1.47346,1.69,1.03
2011.03.15 12:28:33.087,1.47311,1.47347,2.93,1.03
2011.03.15 12:28:33.416,1.47307,1.47346,2.44,1.03
2011.03.15 12:28:33.527,1.47307,1.47347,1.50,1.03
2011.03.15 12:28:34.076,1.47306,1.47344,1.50,2.25
2011.03.15 12:28:34.626,1.47306,1.47344,3.83,2.25
2011.03.15 12:28:34.967,1.47306,1.47344,3.83,2.25
2011.03.15 12:28:35.487,1.47308,1.47344,1.65,2.25
2011.03.15 12:28:35.817,1.47329,1.47364,2.44,2.25
2011.03.15 12:28:36.146,1.47336,1.47363,1.50,1.50
2011.03.15 12:28:36.476,1.47338,1.47364,3.00,1.50
2011.03.15 12:28:37.059,1.4734,1.47364,3.75,1.50
2011.03.15 12:28:37.606,1.47341,1.47364,3.00,1.50
2011.03.15 12:28:38.156,1.4733,1.47364,1.50,1.50
2011.03.15 12:28:38.926,1.4733,1.47363,2.25,1.43
2011.03.15 12:28:39.037,1.47328,1.47363,1.50,3.68
2011.03.15 12:28:39.147,1.4733,1.47363,1.50,1.50
2011.03.15 12:28:39.367,1.4733,1.47354,2.25,1.50
2011.03.15 12:28:40.025,1.47332,1.47368,2.25,1.50
2011.03.15 12:28:40.576,1.47332,1.47369,2.25,1.50
2011.03.15 12:28:40.795,1.47332,1.47369,2.25,1.50
2011.03.15 12:28:42.386,1.47332,1.47374,1.50,1.03
2011.03.15 12:28:42.606,1.47332,1.47368,2.93,1.50
2011.03.15 12:28:45.478,1.47333,1.47368,1.50,1.50
2011.03.15 12:28:46.205,1.47333,1.47368,2.93,1.50
2011.03.15 12:28:46.574,1.47332,1.47368,1.50,1.50
2011.03.15 12:28:46.796,1.47331,1.47363,1.50,2.25
2011.03.15 12:28:47.128,1.47332,1.47363,1.50,1.50
2011.03.15 12:28:47.895,1.47332,1.47363,2.44,1.50
2011.03.15 12:28:49.107,1.47343,1.47373,1.13,1.50
2011.03.15 12:28:49.221,1.47354,1.47373,1.32,1.50
2011.03.15 12:28:49.559,1.47369,1.47393,1.50,1.50
2011.03.15 12:28:50.016,1.47353,1.47396,1.50,1.50
2011.03.15 12:28:50.128,1.47354,1.47396,1.50,2.25
2011.03.15 12:28:50.240,1.4736,1.47397,1.69,1.03
2011.03.15 12:28:50.359,1.47366,1.47401,1.50,1.50
2011.03.15 12:28:50.579,1.47366,1.47403,1.50,2.25
2011.03.15 12:28:50.699,1.47366,1.47403,1.50,2.25
2011.03.15 12:28:51.369,1.47367,1.47403,1.50,2.25
2011.03.15 12:28:51.706,1.47367,1.47403,3.75,1.50
2011.03.15 12:28:52.258,1.47375,1.47403,1.50,1.50
2011.03.15 12:28:52.590,1.47375,1.47404,1.50,1.50
2011.03.15 12:28:52.708,1.47373,1.47409,1.50,1.50
2011.03.15 12:28:52.826,1.47368,1.47409,1.69,1.50
2011.03.15 12:28:53.183,1.47367,1.47408,1.50,1.50
2011.03.15 12:28:53.406,1.47367,1.47403,3.00,2.25
2011.03.15 12:28:53.736,1.47367,1.47403,1.50,2.25
2011.03.15 12:28:54.506,1.47367,1.47403,1.50,2.25
2011.03.15 12:28:54.617,1.47367,1.47403,2.25,2.25
2011.03.15 12:28:54.838,1.47367,1.47403,1.50,2.25
2011.03.15 12:28:54.948,1.47367,1.47403,1.50,2.25
2011.03.15 12:28:55.389,1.47362,1.47404,2.25,2.25
2011.03.15 12:28:55.618,1.47362,1.47403,2.55,1.50
2011.03.15 12:28:56.196,1.47362,1.47393,2.25,2.25
2011.03.15 12:28:56.613,1.47367,1.47403,1.65,2.25
2011.03.15 12:28:57.386,1.47367,1.47403,3.30,2.25
2011.03.15 12:28:57.926,1.47367,1.47403,3.00,2.25
2011.03.15 12:28:58.476,1.47367,1.47403,3.15,2.25
2011.03.15 12:28:58.698,1.47365,1.47403,1.50,3.00
2011.03.15 12:28:58.917,1.47365,1.47403,1.50,2.25
2011.03.15 12:28:59.136,1.47365,1.47393,1.50,2.25
2011.03.15 12:28:59.908,1.47367,1.47393,1.50,2.25
2011.03.15 12:29:00.402,1.47362,1.47404,1.50,2.25
2011.03.15 12:29:00.628,1.47361,1.47394,2.25,1.50
2011.03.15 12:29:00.740,1.47363,1.47403,1.50,2.25
2011.03.15 12:29:01.081,1.47367,1.47403,2.25,2.25
2011.03.15 12:29:01.418,1.47366,1.47403,1.50,2.25
2011.03.15 12:29:01.857,1.47366,1.47394,1.50,1.50
2011.03.15 12:29:02.427,1.47368,1.47394,2.25,1.50
2011.03.15 12:29:03.329,1.47368,1.47394,1.50,1.50
2011.03.15 12:29:07.646,1.47368,1.47394,1.50,1.50
2011.03.15 12:29:07.975,1.47369,1.47403,1.50,1.50
2011.03.15 12:29:08.526,1.47369,1.47404,1.50,2.25
2011.03.15 12:29:09.867,1.47368,1.47404,1.50,2.25
2011.03.15 12:29:10.307,1.47363,1.47399,1.65,1.50
2011.03.15 12:29:10.418,1.47362,1.47394,1.65,1.50
2011.03.15 12:29:10.658,1.47362,1.47394,1.50,1.50
2011.03.15 12:29:11.219,1.47362,1.47393,2.25,1.50
2011.03.15 12:29:11.778,1.47366,1.47393,1.50,1.50
2011.03.15 12:29:12.107,1.47368,1.47404,1.88,2.25
2011.03.15 12:29:12.217,1.47368,1.47404,2.03,2.25
2011.03.15 12:29:12.667,1.47374,1.47404,1.50,2.25
2011.03.15 12:29:13.294,1.47374,1.47404,1.50,1.50
2011.03.15 12:29:14.788,1.47374,1.47404,1.50,2.25
2011.03.15 12:29:15.018,1.47374,1.47404,1.50,2.25
2011.03.15 12:29:15.345,1.47374,1.47404,1.50,2.25
2011.03.15 12:29:15.957,1.47374,1.47404,1.50,2.25
2011.03.15 12:29:17.356,1.47374,1.47404,1.50,2.25
2011.03.15 12:29:19.738,1.47373,1.47407,1.50,1.69
2011.03.15 12:29:20.071,1.47369,1.47403,1.50,2.44
2011.03.15 12:29:20.298,1.47368,1.47394,1.50,1.50
2011.03.15 12:29:20.849,1.47364,1.47394,1.50,1.50
2011.03.15 12:29:20.970,1.47364,1.47394,3.75,1.50
2011.03.15 12:29:21.412,1.47364,1.47404,3.75,2.44
2011.03.15 12:29:21.535,1.47363,1.47393,3.00,1.50
2011.03.15 12:29:21.871,1.47369,1.47403,1.50,1.50
2011.03.15 12:29:22.320,1.47378,1.47403,2.25,2.25
2011.03.15 12:29:22.548,1.47375,1.47403,4.50,1.50
2011.03.15 12:29:23.098,1.47382,1.47403,1.50,1.50
2011.03.15 12:29:23.648,1.4738,1.47403,1.50,1.50
2011.03.15 12:29:23.757,1.4738,1.47411,1.50,1.50
2011.03.15 12:29:23.867,1.4738,1.47413,1.50,1.50
2011.03.15 12:29:24.229,1.47383,1.47404,1.50,1.50
2011.03.15 12:29:24.790,1.47388,1.47414,1.50,1.50
2011.03.15 12:29:25.345,1.47388,1.47413,1.50,1.50
2011.03.15 12:29:25.857,1.47388,1.47413,1.50,1.50
2011.03.15 12:29:26.078,1.47393,1.47423,1.50,1.50
2011.03.15 12:29:26.519,1.47393,1.47413,1.50,1.50
2011.03.15 12:29:26.736,1.47393,1.47424,2.25,1.50
2011.03.15 12:29:27.170,1.47397,1.47424,1.50,1.50
2011.03.15 12:29:28.289,1.47397,1.47424,1.50,1.50
2011.03.15 12:29:29.356,1.47397,1.47414,1.50,4.50
2011.03.15 12:29:29.469,1.47397,1.47418,1.50,1.50
2011.03.15 12:29:29.590,1.47379,1.47413,1.50,3.75
2011.03.15 12:29:29.937,1.47373,1.47403,1.50,1.50
2011.03.15 12:29:30.373,1.47373,1.47414,1.50,3.00
2011.03.15 12:29:30.497,1.47371,1.47414,1.50,3.00
2011.03.15 12:29:31.158,1.47373,1.47415,1.50,1.50
2011.03.15 12:29:31.486,1.47371,1.47415,2.25,1.50
2011.03.15 12:29:32.739,1.47371,1.4741,1.50,1.50
2011.03.15 12:29:33.531,1.47371,1.47411,2.25,3.00
2011.03.15 12:29:33.662,1.47376,1.47416,1.50,3.00
2011.03.15 12:29:33.782,1.47376,1.47413,1.50,3.00
2011.03.15 12:29:34.119,1.47375,1.47411,1.50,3.00
2011.03.15 12:29:34.347,1.47376,1.47419,1.50,3.75
2011.03.15 12:29:34.458,1.47381,1.47419,1.50,3.75
2011.03.15 12:29:34.689,1.47381,1.47419,1.50,1.65
2011.03.15 12:29:34.918,1.47374,1.47419,1.50,1.65
2011.03.15 12:29:35.466,1.47375,1.47419,1.50,1.80
2011.03.15 12:29:35.686,1.47375,1.47419,1.50,1.65
2011.03.15 12:29:36.016,1.47374,1.47414,1.50,3.00
2011.03.15 12:29:36.483,1.47374,1.47414,1.50,3.00
2011.03.15 12:29:37.929,1.47371,1.47416,1.50,1.03
2011.03.15 12:29:38.257,1.47365,1.47404,1.50,1.50
2011.03.15 12:29:38.367,1.47365,1.47404,1.50,1.50
2011.03.15 12:29:38.477,1.47362,1.47406,1.50,3.00
2011.03.15 12:29:38.588,1.47362,1.47404,1.50,1.03
2011.03.15 12:29:39.885,1.47359,1.47404,2.25,1.03
2011.03.15 12:29:41.757,1.47362,1.47404,1.50,1.03
2011.03.15 12:29:42.318,1.47362,1.47404,1.50,1.03
2011.03.15 12:29:42.426,1.47362,1.47404,1.50,1.03
2011.03.15 12:29:42.646,1.47362,1.47404,1.50,1.03
2011.03.15 12:29:43.087,1.47362,1.47404,1.50,1.03
2011.03.15 12:29:43.530,1.47362,1.47407,1.50,1.03
2011.03.15 12:29:44.018,1.47363,1.47408,1.50,1.50
2011.03.15 12:29:45.336,1.47363,1.47407,1.50,1.03
2011.03.15 12:29:45.778,1.47363,1.47407,1.50,1.03
2011.03.15 12:29:45.888,1.47357,1.47401,1.50,1.03
2011.03.15 12:29:46.108,1.47356,1.47401,1.50,1.03
2011.03.15 12:29:46.228,1.47357,1.47405,2.25,3.28
2011.03.15 12:29:46.340,1.47359,1.47405,1.50,3.00
2011.03.15 12:29:46.458,1.4736,1.47405,1.50,2.25
2011.03.15 12:29:47.277,1.47362,1.47405,1.50,2.25
2011.03.15 12:29:47.388,1.47363,1.47409,1.50,2.25
2011.03.15 12:29:47.828,1.47358,1.47409,1.50,1.50
2011.03.15 12:29:47.936,1.47358,1.47409,1.50,1.50
2011.03.15 12:29:48.269,1.47349,1.47403,1.50,1.50
2011.03.15 12:29:48.389,1.47349,1.47403,1.50,1.50
2011.03.15 12:29:49.049,1.4734,1.4739,1.50,1.50
2011.03.15 12:29:49.385,1.4734,1.47386,1.50,1.50
2011.03.15 12:29:49.718,1.4734,1.47386,1.50,1.50
2011.03.15 12:29:50.289,1.4734,1.47391,1.50,1.50
2011.03.15 12:29:50.849,1.47339,1.4739,1.50,1.50
2011.03.15 12:29:51.408,1.4734,1.47393,1.50,1.50
2011.03.15 12:29:51.956,1.4734,1.47394,1.50,1.50
2011.03.15 12:29:53.216,1.47336,1.47388,1.50,1.50
2011.03.15 12:29:53.657,1.47322,1.47364,3.00,2.25
2011.03.15 12:29:53.767,1.47322,1.47348,2.25,2.25
2011.03.15 12:29:54.096,1.47307,1.47347,1.05,2.25
2011.03.15 12:29:54.316,1.47304,1.47342,1.20,2.25
2011.03.15 12:29:54.757,1.47303,1.47339,1.20,2.25
2011.03.15 12:29:55.086,1.47299,1.47345,1.35,2.25
2011.03.15 12:29:55.197,1.47299,1.47343,1.35,3.00
2011.03.15 12:29:55.718,1.47295,1.47343,1.50,3.00
2011.03.15 12:29:56.048,1.47293,1.47336,1.50,2.25
2011.03.15 12:29:56.268,1.4728,1.47343,2.25,3.00
2011.03.15 12:29:56.597,1.47291,1.47351,1.50,3.00
2011.03.15 12:29:56.709,1.47292,1.47359,1.50,3.00
2011.03.15 12:29:57.155,1.47291,1.47361,2.25,3.15
2011.03.15 12:29:57.484,1.47291,1.47361,2.25,3.00
2011.03.15 12:29:58.244,1.47295,1.47361,1.50,3.28
2011.03.15 12:29:58.806,1.47291,1.47361,2.25,3.28
2011.03.15 12:29:59.183,1.47284,1.47361,2.25,3.28
2011.03.15 12:29:59.834,1.4729,1.47361,3.00,1.03
2011.03.15 12:30:00.056,1.47296,1.47364,1.50,1.03
2011.03.15 12:30:00.275,1.47291,1.47364,1.50,1.03
2011.03.15 12:30:00.387,1.47291,1.47364,1.50,1.03
2011.03.15 12:30:00.497,1.47291,1.47364,1.50,1.03
2011.03.15 12:30:00.827,1.47287,1.47348,3.00,1.50
2011.03.15 12:30:01.155,1.47291,1.47347,3.00,1.03
2011.03.15 12:30:01.378,1.47308,1.47363,1.50,1.03
2011.03.15 12:30:01.818,1.47308,1.47368,1.50,1.03
2011.03.15 12:30:02.548,1.47309,1.47368,1.50,1.03
2011.03.15 12:30:02.768,1.47309,1.47372,1.50,1.03
2011.03.15 12:30:03.206,1.47312,1.47372,1.50,1.03
2011.03.15 12:30:03.536,1.4732,1.47387,1.50,1.03
2011.03.15 12:30:03.756,1.4734,1.47389,1.50,1.03
2011.03.15 12:30:03.866,1.4734,1.474,1.50,2.25
2011.03.15 12:30:03.977,1.4734,1.47405,1.50,1.03
2011.03.15 12:30:04.089,1.47355,1.47417,1.50,1.03
2011.03.15 12:30:04.207,1.47355,1.47417,1.50,1.03
2011.03.15 12:30:04.317,1.47367,1.47418,1.50,1.50
2011.03.15 12:30:04.426,1.47367,1.4743,1.50,2.25
2011.03.15 12:30:04.646,1.47367,1.47438,1.50,2.25
2011.03.15 12:30:05.223,1.47391,1.4745,1.50,1.03
2011.03.15 12:30:05.338,1.47383,1.47457,1.50,1.50
2011.03.15 12:30:05.666,1.47393,1.47457,1.50,1.50
2011.03.15 12:30:05.776,1.47397,1.47458,1.50,1.03
2011.03.15 12:30:05.998,1.47397,1.47457,1.50,1.50
2011.03.15 12:30:06.216,1.4739,1.47451,1.50,1.50
2011.03.15 12:30:06.327,1.47386,1.47442,1.50,1.50
2011.03.15 12:30:06.435,1.47383,1.47442,1.50,1.50
2011.03.15 12:30:06.547,1.4737,1.47439,1.50,1.50
2011.03.15 12:30:06.768,1.4737,1.47439,1.50,1.50
2011.03.15 12:30:07.096,1.47374,1.47434,1.50,1.50
2011.03.15 12:30:07.425,1.47378,1.47437,1.50,1.50
2011.03.15 12:30:07.816,1.47378,1.4744,1.50,1.50
2011.03.15 12:30:08.596,1.47378,1.47442,1.50,1.50
2011.03.15 12:30:08.926,1.47363,1.47413,1.50,1.50
2011.03.15 12:30:09.039,1.47353,1.47407,2.25,1.50
2011.03.15 12:30:09.157,1.47345,1.47406,1.50,1.50
2011.03.15 12:30:09.596,1.47344,1.474,1.50,1.50
2011.03.15 12:30:09.818,1.47343,1.47397,1.50,1.50
2011.03.15 12:30:10.698,1.47336,1.47393,2.25,1.50
2011.03.15 12:30:12.730,1.4733,1.47384,2.25,1.50
2011.03.15 12:30:13.069,1.47347,1.47388,1.50,1.50
2011.03.15 12:30:13.406,1.47347,1.47384,1.50,2.25
2011.03.15 12:30:13.737,1.4734,1.47383,1.50,4.50
2011.03.15 12:30:13.957,1.47336,1.47383,1.50,5.25
2011.03.15 12:30:14.070,1.47334,1.47378,1.50,1.03
2011.03.15 12:30:14.187,1.47333,1.47378,1.50,1.03
2011.03.15 12:30:14.516,1.47333,1.47363,1.50,2.25
2011.03.15 12:30:15.177,1.47333,1.47376,1.50,3.00
2011.03.15 12:30:15.725,1.47334,1.47378,1.50,3.28
2011.03.15 12:30:16.448,1.47335,1.47378,1.50,3.28
2011.03.15 12:30:23.545,1.47336,1.47379,1.50,1.03
2011.03.15 12:30:23.687,1.47346,1.4739,1.50,2.25
2011.03.15 12:30:23.802,1.47343,1.47391,1.50,2.53
2011.03.15 12:30:23.926,1.47343,1.47384,2.25,2.53
2011.03.15 12:30:24.289,1.47343,1.47384,1.50,2.53
2011.03.15 12:30:24.402,1.4735,1.47388,3.00,4.78
2011.03.15 12:30:24.517,1.4735,1.4739,3.00,1.03
2011.03.15 12:30:24.629,1.47344,1.47389,1.50,1.03
2011.03.15 12:30:24.748,1.47344,1.47388,1.50,1.03
2011.03.15 12:30:25.079,1.47344,1.47383,1.50,1.50
2011.03.15 12:30:25.419,1.47342,1.47381,1.50,2.25
2011.03.15 12:30:25.977,1.47342,1.47384,1.50,1.03
2011.03.15 12:30:26.308,1.47345,1.47382,1.50,1.03
2011.03.15 12:30:26.923,1.47338,1.47382,1.50,1.03
2011.03.15 12:30:27.258,1.47337,1.47379,1.50,1.03
2011.03.15 12:30:27.482,1.47342,1.47378,2.25,1.03
2011.03.15 12:30:27.929,1.47334,1.47376,2.25,1.50
2011.03.15 12:30:28.488,1.47335,1.47377,1.50,1.03
2011.03.15 12:30:29.039,1.47334,1.47374,2.25,1.03
2011.03.15 12:30:29.547,1.47333,1.47376,1.50,1.03
2011.03.15 12:30:29.781,1.4735,1.47382,2.25,1.03
2011.03.15 12:30:29.900,1.47345,1.47384,4.50,1.50
2011.03.15 12:30:30.236,1.47345,1.4739,1.50,1.03
2011.03.15 12:30:30.348,1.47343,1.47386,3.00,1.03
2011.03.15 12:30:30.675,1.47343,1.47388,3.00,1.03
2011.03.15 12:30:31.279,1.47347,1.47388,1.50,1.03
2011.03.15 12:30:31.400,1.47353,1.47393,1.50,1.03
2011.03.15 12:30:31.519,1.47356,1.47384,2.25,1.50
2011.03.15 12:30:31.860,1.47356,1.47384,2.25,2.25
2011.03.15 12:30:32.237,1.47354,1.47382,3.00,1.50
2011.03.15 12:30:32.355,1.47347,1.47384,1.50,2.25
2011.03.15 12:30:32.468,1.47347,1.47384,1.50,1.50
2011.03.15 12:30:32.796,1.47347,1.47384,1.50,1.50
2011.03.15 12:30:33.347,1.47347,1.47384,1.50,1.50
2011.03.15 12:30:33.566,1.47347,1.47384,1.50,1.50
2011.03.15 12:30:33.788,1.47345,1.47384,1.50,3.00
2011.03.15 12:30:34.008,1.47338,1.47381,3.00,1.78
2011.03.15 12:30:34.118,1.47338,1.47377,3.00,1.50
2011.03.15 12:30:34.228,1.47338,1.47374,2.25,2.25
2011.03.15 12:30:34.776,1.47331,1.47371,3.00,1.03
2011.03.15 12:30:35.106,1.47331,1.47364,3.00,1.50
2011.03.15 12:30:36.276,1.47331,1.47364,3.00,1.50
2011.03.15 12:30:36.830,1.47331,1.47363,5.25,1.50
2011.03.15 12:30:37.280,1.4733,1.47374,1.50,2.53
2011.03.15 12:30:37.507,1.47339,1.47374,1.50,1.50
2011.03.15 12:30:38.057,1.47339,1.47373,1.50,1.50
2011.03.15 12:30:38.614,1.47334,1.47374,1.50,1.50
2011.03.15 12:30:38.728,1.47336,1.47378,2.25,1.03
2011.03.15 12:30:38.836,1.47334,1.47373,1.50,1.50
2011.03.15 12:30:39.169,1.47344,1.47374,1.50,1.50
2011.03.15 12:30:39.291,1.47344,1.47383,1.50,2.25
2011.03.15 12:30:39.638,1.47344,1.47383,1.50,1.50
2011.03.15 12:30:39.988,1.4735,1.47393,2.25,3.00
2011.03.15 12:30:40.097,1.47351,1.47393,1.50,5.25
2011.03.15 12:30:47.856,1.47351,1.47384,1.50,1.50
2011.03.15 12:30:48.655,1.47347,1.47372,1.50,1.50
2011.03.15 12:30:48.776,1.47338,1.47374,1.50,1.03
2011.03.15 12:30:49.303,1.47336,1.47364,3.75,1.50
2011.03.15 12:30:49.429,1.47342,1.47374,1.50,1.93
2011.03.15 12:30:49.882,1.47345,1.47374,1.50,1.78
2011.03.15 12:30:50.449,1.47346,1.47383,1.50,2.53
2011.03.15 12:30:51.041,1.47348,1.47383,1.50,1.50
2011.03.15 12:30:51.163,1.47349,1.47383,1.50,1.50
2011.03.15 12:30:51.497,1.4735,1.47384,1.50,1.50
2011.03.15 12:30:52.046,1.4735,1.47384,1.50,1.50
2011.03.15 12:30:53.358,1.47346,1.47384,3.00,2.25
2011.03.15 12:30:53.688,1.47344,1.47376,1.50,3.00
2011.03.15 12:30:53.798,1.47338,1.47373,1.50,2.25
2011.03.15 12:30:54.090,1.47338,1.47363,1.50,1.50
2011.03.15 12:30:55.100,1.47338,1.47363,1.50,1.50
2011.03.15 12:30:55.768,1.47343,1.47363,1.50,1.50
2011.03.15 12:30:55.888,1.47349,1.47383,1.50,1.03
2011.03.15 12:30:55.998,1.47349,1.47384,2.25,1.50
2011.03.15 12:30:56.109,1.47354,1.47383,1.50,1.50
2011.03.15 12:30:57.169,1.47358,1.47384,1.50,1.50
2011.03.15 12:30:57.281,1.47358,1.47393,1.50,1.50
2011.03.15 12:30:57.397,1.47358,1.47384,1.50,1.50
2011.03.15 12:30:58.389,1.47358,1.47384,1.50,1.50
2011.03.15 12:30:59.058,1.47353,1.47384,1.50,1.50
2011.03.15 12:30:59.606,1.47352,1.47384,1.05,1.50
2011.03.15 12:31:00.047,1.47351,1.47394,1.05,2.53
2011.03.15 12:31:02.128,1.47352,1.47394,1.05,2.53
2011.03.15 12:31:02.897,1.4735,1.47384,3.00,2.25
2011.03.15 12:31:03.227,1.47347,1.47374,1.05,1.50
2011.03.15 12:31:03.681,1.47337,1.47371,3.30,1.69
2011.03.15 12:31:04.016,1.47336,1.47364,1.80,1.50
2011.03.15 12:31:04.457,1.47337,1.47374,1.05,2.72
2011.03.15 12:31:04.566,1.47337,1.47374,1.05,2.72
2011.03.15 12:31:04.897,1.47336,1.47374,1.05,2.53
2011.03.15 12:31:05.338,1.47336,1.47374,1.05,2.53
2011.03.15 12:31:05.777,1.4734,1.47374,1.50,2.53
2011.03.15 12:31:06.381,1.4734,1.47374,1.50,2.53
2011.03.15 12:31:07.288,1.47339,1.47374,1.50,2.53
2011.03.15 12:31:07.671,1.47339,1.47373,1.65,1.03
2011.03.15 12:31:07.793,1.47336,1.47373,1.65,1.03
2011.03.15 12:31:07.914,1.47335,1.47373,2.40,1.03
2011.03.15 12:31:08.359,1.47334,1.47373,1.65,1.03
2011.03.15 12:31:08.476,1.47336,1.47373,1.05,1.03
2011.03.15 12:31:08.700,1.47336,1.47373,1.65,1.03
2011.03.15 12:31:08.927,1.47332,1.47373,1.80,1.03
2011.03.15 12:31:09.258,1.47332,1.47373,1.05,1.03
2011.03.15 12:31:09.477,1.47333,1.47373,1.05,1.03
2011.03.15 12:31:10.035,1.47329,1.47373,2.10,1.03
2011.03.15 12:31:10.382,1.47334,1.47364,1.05,1.50
2011.03.15 12:31:10.939,1.4733,1.47364,1.95,1.50
2011.03.15 12:31:11.848,1.4733,1.47364,1.20,2.25
2011.03.15 12:31:12.178,1.47328,1.47364,1.20,2.25
2011.03.15 12:31:12.399,1.47328,1.47364,1.05,2.25
2011.03.15 12:31:12.517,1.4733,1.47364,1.05,1.50
2011.03.15 12:31:12.738,1.47327,1.47364,1.65,1.50
2011.03.15 12:31:12.847,1.47326,1.47364,1.80,2.25
2011.03.15 12:31:13.293,1.47327,1.47364,1.35,2.25
2011.03.15 12:31:13.407,1.47328,1.47364,1.20,2.25
2011.03.15 12:31:13.517,1.47328,1.47364,1.05,2.25
2011.03.15 12:31:13.628,1.47328,1.47364,1.20,2.25
2011.03.15 12:31:14.176,1.47332,1.47364,1.20,1.50
2011.03.15 12:31:14.506,1.47332,1.47364,1.35,1.50
2011.03.15 12:31:14.947,1.47332,1.47364,1.05,1.50
2011.03.15 12:31:16.166,1.47332,1.47371,1.05,1.69
2011.03.15 12:31:16.386,1.47334,1.47372,1.05,1.69
2011.03.15 12:31:17.267,1.47333,1.47371,1.05,1.50
2011.03.15 12:31:17.377,1.47331,1.47371,1.05,1.69
2011.03.15 12:31:17.817,1.47331,1.47363,1.05,1.50
2011.03.15 12:31:18.039,1.47328,1.47363,1.09,2.25
2011.03.15 12:31:18.267,1.47328,1.47363,1.24,2.25
2011.03.15 12:31:18.597,1.47329,1.47363,1.05,1.50
2011.03.15 12:31:18.817,1.47328,1.47363,1.09,1.50
2011.03.15 12:31:18.927,1.47329,1.47363,1.05,1.50
2011.03.15 12:31:19.147,1.47326,1.47363,1.69,2.25
2011.03.15 12:31:19.258,1.47326,1.47359,1.84,2.25
2011.03.15 12:31:19.587,1.47326,1.47363,1.09,2.25
2011.03.15 12:31:19.807,1.47324,1.47363,1.32,2.25
2011.03.15 12:31:19.917,1.47323,1.47363,1.88,2.25
2011.03.15 12:31:20.136,1.47324,1.47363,1.50,2.25
2011.03.15 12:31:20.466,1.47324,1.47353,1.28,1.50
2011.03.15 12:31:21.239,1.47324,1.47353,1.43,1.50
2011.03.15 12:31:22.348,1.47324,1.47353,1.58,1.50
2011.03.15 12:31:22.457,1.47324,1.47353,1.05,1.50
2011.03.15 12:31:23.027,1.47324,1.47353,1.28,1.50
2011.03.15 12:31:23.687,1.47324,1.47353,1.43,1.50
2011.03.15 12:31:24.019,1.47324,1.4736,1.05,1.03
2011.03.15 12:31:24.248,1.47323,1.47353,1.65,1.50
2011.03.15 12:31:24.357,1.47323,1.47353,1.80,1.50
2011.03.15 12:31:24.467,1.47323,1.47353,2.40,1.50
2011.03.15 12:31:24.853,1.47323,1.47361,4.05,1.50
2011.03.15 12:31:25.080,1.47327,1.47363,1.80,2.25
2011.03.15 12:31:25.405,1.47327,1.47363,2.55,2.25
2011.03.15 12:31:25.989,1.47326,1.47363,1.05,2.25
2011.03.15 12:31:26.219,1.47324,1.47363,2.74,2.25
2011.03.15 12:31:26.779,1.47327,1.47363,2.40,2.25
2011.03.15 12:31:27.116,1.47327,1.47363,1.65,2.25
2011.03.15 12:31:27.446,1.47324,1.47363,1.65,2.25
2011.03.15 12:31:27.557,1.47324,1.47353,1.65,1.50
2011.03.15 12:31:27.667,1.47324,1.47353,1.65,1.50
2011.03.15 12:31:28.557,1.47324,1.47353,1.65,1.50
2011.03.15 12:31:28.997,1.47323,1.47353,3.34,1.50
2011.03.15 12:31:29.326,1.47324,1.47353,1.65,1.50
2011.03.15 12:31:30.988,1.47326,1.47353,1.05,1.50
2011.03.15 12:31:31.685,1.47324,1.47353,1.80,2.25
2011.03.15 12:31:31.921,1.47324,1.47353,1.88,1.50
2011.03.15 12:31:32.153,1.47326,1.47353,1.50,1.50
2011.03.15 12:31:32.596,1.47325,1.47353,1.65,1.50
2011.03.15 12:31:32.926,1.47325,1.47353,1.65,1.50
2011.03.15 12:31:33.258,1.47331,1.47364,1.65,2.25
2011.03.15 12:31:33.372,1.47334,1.47364,1.50,2.25
2011.03.15 12:31:33.492,1.47338,1.47374,1.50,1.50
2011.03.15 12:31:33.821,1.47344,1.47379,1.69,1.03
2011.03.15 12:31:34.058,1.47362,1.4739,1.50,1.03
2011.03.15 12:31:34.277,1.47359,1.47394,1.50,2.25
2011.03.15 12:31:34.829,1.47359,1.47393,1.50,1.50
2011.03.15 12:31:35.497,1.47363,1.47393,1.50,1.50
2011.03.15 12:31:35.719,1.47362,1.47393,2.25,1.50
2011.03.15 12:31:36.057,1.47359,1.47393,2.25,1.50
2011.03.15 12:31:37.399,1.4736,1.47393,1.50,1.50
2011.03.15 12:31:38.400,1.4736,1.47393,1.65,1.50
2011.03.15 12:31:38.958,1.47362,1.47393,1.50,1.50
2011.03.15 12:31:39.508,1.47363,1.47403,1.50,2.25
2011.03.15 12:31:39.938,1.47363,1.47393,2.25,1.50
2011.03.15 12:31:40.052,1.47364,1.47402,2.97,1.50
2011.03.15 12:31:40.167,1.47364,1.47402,4.09,1.50
2011.03.15 12:31:40.280,1.47374,1.47404,1.13,2.25
2011.03.15 12:31:40.398,1.47373,1.47394,4.13,1.50
2011.03.15 12:31:40.509,1.47375,1.47403,3.00,2.25
2011.03.15 12:31:40.849,1.47376,1.47403,2.25,1.50
2011.03.15 12:31:41.190,1.47373,1.47383,2.25,1.50
2011.03.15 12:31:41.311,1.47373,1.47393,2.25,1.03
2011.03.15 12:31:41.428,1.47371,1.47393,2.25,1.03
2011.03.15 12:31:41.541,1.47371,1.47384,2.25,1.50
2011.03.15 12:31:41.767,1.47366,1.47383,2.25,1.50
2011.03.15 12:31:41.877,1.4736,1.47383,2.25,1.50
2011.03.15 12:31:41.988,1.47358,1.47384,2.25,2.25
2011.03.15 12:31:42.319,1.47356,1.47384,4.50,2.25
2011.03.15 12:31:42.441,1.47361,1.47384,2.25,1.50
2011.03.15 12:31:42.558,1.47361,1.47393,2.25,1.78
2011.03.15 12:31:42.889,1.47362,1.47384,2.25,1.50
2011.03.15 12:31:43.009,1.47369,1.47393,2.25,1.50
2011.03.15 12:31:43.337,1.47368,1.47403,2.25,2.25
2011.03.15 12:31:43.447,1.47368,1.47394,3.00,1.50
2011.03.15 12:31:43.777,1.47378,1.47394,2.25,1.50
2011.03.15 12:31:43.999,1.47378,1.47403,2.25,1.50
2011.03.15 12:31:44.438,1.47384,1.47403,2.25,1.50
2011.03.15 12:31:44.765,1.47386,1.47403,2.25,1.50
2011.03.15 12:31:45.247,1.47386,1.47413,2.25,2.25
2011.03.15 12:31:45.358,1.47389,1.47413,2.25,2.25
2011.03.15 12:31:45.693,1.47386,1.47417,2.25,1.03
2011.03.15 12:31:51.204,1.47388,1.47423,2.25,1.03
2011.03.15 12:31:51.478,1.47397,1.47419,2.25,1.50
2011.03.15 12:31:51.700,1.47394,1.47414,2.25,1.50
2011.03.15 12:31:51.929,1.47394,1.47414,2.25,2.25
2011.03.15 12:31:52.049,1.47394,1.47414,2.25,1.50
2011.03.15 12:31:52.891,1.47393,1.47424,2.07,1.50
2011.03.15 12:31:53.228,1.47407,1.4743,1.50,3.00
2011.03.15 12:31:53.559,1.47426,1.47452,1.28,1.50
2011.03.15 12:31:53.669,1.47426,1.47453,1.28,1.50
2011.03.15 12:31:53.898,1.47426,1.47461,1.28,1.69
2011.03.15 12:31:54.226,1.47425,1.47461,1.20,1.69
2011.03.15 12:31:54.557,1.47421,1.47457,1.35,1.50
2011.03.15 12:31:54.668,1.47424,1.47452,1.13,1.69
2011.03.15 12:31:55.018,1.47419,1.47452,2.25,1.69
2011.03.15 12:31:55.127,1.47415,1.47452,1.50,1.69
2011.03.15 12:31:55.240,1.47415,1.47443,1.69,1.50
2011.03.15 12:31:55.579,1.47415,1.47454,3.19,2.25
2011.03.15 12:31:55.916,1.47415,1.47453,1.69,2.25
2011.03.15 12:32:02.163,1.47415,1.47444,1.69,1.50
2011.03.15 12:32:02.424,1.47402,1.47424,1.50,2.25
2011.03.15 12:32:02.889,1.47402,1.47413,1.50,1.50
2011.03.15 12:32:04.647,1.47402,1.47423,1.50,1.69
2011.03.15 12:32:05.196,1.47402,1.47414,1.50,1.50
2011.03.15 12:32:05.307,1.47402,1.47424,1.50,2.25
2011.03.15 12:32:05.416,1.47402,1.47424,1.50,2.25
2011.03.15 12:32:06.117,1.47402,1.47423,1.50,1.50
2011.03.15 12:32:06.976,1.47402,1.47414,1.50,1.50
2011.03.15 12:32:08.677,1.47402,1.47424,1.50,2.44
2011.03.15 12:32:11.268,1.47402,1.47414,1.50,1.50
2011.03.15 12:32:18.358,1.47402,1.47422,1.50,2.25
2011.03.15 12:32:18.577,1.47402,1.47424,1.50,2.44
2011.03.15 12:32:18.797,1.47402,1.47424,1.50,2.44
2011.03.15 12:32:20.106,1.47402,1.47424,1.50,2.44
2011.03.15 12:32:20.797,1.4739,1.47424,1.20,2.25
2011.03.15 12:32:20.908,1.4739,1.47424,1.05,2.25
2011.03.15 12:32:21.128,1.47393,1.47428,1.05,1.97
2011.03.15 12:32:21.349,1.4739,1.47426,1.05,1.69
2011.03.15 12:32:21.467,1.47387,1.47423,3.15,2.44
2011.03.15 12:32:21.687,1.47381,1.47417,1.05,2.44
2011.03.15 12:32:21.796,1.47384,1.47417,1.05,1.50
2011.03.15 12:32:22.127,1.47386,1.47414,1.05,1.50
2011.03.15 12:32:22.347,1.47386,1.47421,1.05,1.50
2011.03.15 12:32:22.457,1.47387,1.47413,1.05,1.50
2011.03.15 12:32:22.787,1.47389,1.47413,1.05,1.50
2011.03.15 12:32:22.897,1.47386,1.47413,1.05,1.50
2011.03.15 12:32:23.509,1.47387,1.47413,1.05,1.50
2011.03.15 12:32:23.624,1.47391,1.47424,1.05,2.53
2011.03.15 12:32:23.737,1.47391,1.47424,1.05,2.25
2011.03.15 12:32:24.176,1.47389,1.47424,1.05,2.25
2011.03.15 12:32:25.606,1.47392,1.47424,1.05,1.50
2011.03.15 12:32:25.718,1.47387,1.47424,1.05,2.25
2011.03.15 12:32:26.377,1.47389,1.47423,1.05,1.50
2011.03.15 12:32:26.489,1.47386,1.47422,1.05,1.50
2011.03.15 12:32:26.887,1.47384,1.47414,1.05,1.50
2011.03.15 12:32:27.011,1.47382,1.47414,1.05,1.50
2011.03.15 12:32:27.874,1.47381,1.47414,1.05,1.50
2011.03.15 12:32:29.398,1.47382,1.47414,1.05,1.50
2011.03.15 12:32:29.619,1.47381,1.47414,1.05,1.50
2011.03.15 12:32:29.736,1.47382,1.47414,1.20,1.50
2011.03.15 12:32:30.068,1.47381,1.47414,1.05,1.50
2011.03.15 12:32:30.973,1.47388,1.47424,1.20,2.72
2011.03.15 12:32:31.210,1.4739,1.47427,1.50,1.50
2011.03.15 12:32:31.548,1.47387,1.47424,1.69,2.25
2011.03.15 12:32:32.099,1.47389,1.47424,1.65,2.25
2011.03.15 12:32:32.442,1.47387,1.47424,2.10,2.25
2011.03.15 12:32:32.560,1.47385,1.47424,3.90,2.25
2011.03.15 12:32:32.900,1.47386,1.47418,1.05,1.50
2011.03.15 12:32:33.129,1.47385,1.47424,2.40,3.00
2011.03.15 12:32:33.248,1.47386,1.47424,1.05,3.00
2011.03.15 12:32:33.578,1.47389,1.47424,1.05,3.00
2011.03.15 12:32:33.689,1.47392,1.47424,1.20,1.50
2011.03.15 12:32:34.436,1.47393,1.47433,1.05,2.25
2011.03.15 12:32:34.770,1.47392,1.47426,1.80,1.50
2011.03.15 12:32:35.219,1.47392,1.47423,1.50,2.25
2011.03.15 12:32:35.448,1.47386,1.47423,1.80,2.25
2011.03.15 12:32:35.997,1.47386,1.47423,1.80,2.25
2011.03.15 12:32:36.328,1.47389,1.47423,1.65,2.25
2011.03.15 12:32:37.096,1.47392,1.47433,1.65,3.00
2011.03.15 12:32:37.647,1.47393,1.47433,1.09,2.25
2011.03.15 12:32:37.867,1.47393,1.47433,1.09,2.25
2011.03.15 12:32:38.998,1.47397,1.47432,1.05,3.75
2011.03.15 12:32:39.218,1.47395,1.47433,1.65,2.25
2011.03.15 12:32:39.550,1.4739,1.47427,1.65,1.50
2011.03.15 12:32:39.671,1.47387,1.47422,2.25,3.00
2011.03.15 12:32:39.788,1.47384,1.47422,2.18,3.00
2011.03.15 12:32:40.116,1.47381,1.47413,2.55,2.25
2011.03.15 12:32:40.446,1.47382,1.47413,1.20,2.25
2011.03.15 12:32:41.327,1.47381,1.47413,1.05,2.25
2011.03.15 12:32:41.438,1.4738,1.47413,1.65,2.25
2011.03.15 12:32:41.803,1.47377,1.47413,1.20,2.25
2011.03.15 12:32:42.468,1.47377,1.47413,1.05,3.00
2011.03.15 12:32:42.687,1.47378,1.47413,1.05,3.00
2011.03.15 12:32:42.906,1.47372,1.47413,1.35,3.00
2011.03.15 12:32:43.016,1.47372,1.47413,1.05,3.00
2011.03.15 12:32:43.238,1.47371,1.47404,1.80,2.25
2011.03.15 12:32:43.679,1.47372,1.47404,1.20,2.25
2011.03.15 12:32:44.347,1.47373,1.47404,1.20,2.25
2011.03.15 12:32:44.896,1.47373,1.47404,1.05,1.50
2011.03.15 12:32:45.116,1.47373,1.47404,1.20,2.25
2011.03.15 12:32:46.038,1.47368,1.47404,2.18,3.00
2011.03.15 12:32:46.151,1.47368,1.47404,1.43,2.25
2011.03.15 12:32:46.268,1.47365,1.47404,2.70,2.25
2011.03.15 12:32:46.595,1.47367,1.47404,1.58,2.25
2011.03.15 12:32:46.927,1.47367,1.47404,1.28,2.25
2011.03.15 12:32:47.039,1.47367,1.47404,1.58,2.25
2011.03.15 12:32:47.258,1.47367,1.47404,1.43,2.25
2011.03.15 12:32:47.366,1.47367,1.47404,1.43,2.25
2011.03.15 12:32:47.696,1.47367,1.47404,1.73,2.25
2011.03.15 12:32:47.916,1.47367,1.47404,1.58,2.25
2011.03.15 12:32:48.247,1.47367,1.47404,1.43,2.25
2011.03.15 12:32:48.356,1.47367,1.47404,1.43,2.25
2011.03.15 12:32:49.376,1.47367,1.47404,1.73,2.25
2011.03.15 12:32:49.749,1.47367,1.47404,1.58,2.25
2011.03.15 12:32:49.979,1.47367,1.47404,1.05,2.25
2011.03.15 12:32:50.198,1.47367,1.47404,1.05,2.25
2011.03.15 12:32:50.531,1.47374,1.47404,1.05,1.50
2011.03.15 12:32:50.651,1.47371,1.47404,1.80,1.50
2011.03.15 12:32:50.774,1.47371,1.47404,1.05,2.25
2011.03.15 12:32:51.757,1.47371,1.47407,1.20,1.50
2011.03.15 12:32:57.732,1.47371,1.47404,1.05,2.25
2011.03.15 12:32:57.884,1.47382,1.47404,1.50,2.25
2011.03.15 12:32:58.000,1.47383,1.47404,1.65,1.50
2011.03.15 12:32:58.119,1.47385,1.47404,1.80,1.50
2011.03.15 12:32:59.126,1.47391,1.47423,1.05,2.25
2011.03.15 12:32:59.679,1.47394,1.47423,1.50,1.50
2011.03.15 12:32:59.907,1.47394,1.47423,1.65,1.50
2011.03.15 12:33:00.239,1.47396,1.47433,1.35,2.25
2011.03.15 12:33:00.578,1.47399,1.47433,1.50,2.25
2011.03.15 12:33:02.118,1.47398,1.47433,2.40,2.25
2011.03.15 12:33:02.543,1.474,1.47433,1.05,2.25
2011.03.15 12:33:02.665,1.47397,1.47433,1.05,2.25
2011.03.15 12:33:02.890,1.47395,1.47423,1.65,2.25
2011.03.15 12:33:03.118,1.47394,1.47423,1.05,2.25
2011.03.15 12:33:03.340,1.47394,1.47423,1.80,1.50
2011.03.15 12:33:03.566,1.47399,1.47433,1.65,1.50
2011.03.15 12:33:03.676,1.47398,1.47433,1.65,1.50
2011.03.15 12:33:03.787,1.47399,1.47433,1.58,1.50
2011.03.15 12:33:10.547,1.4741,1.47445,1.50,3.00
2011.03.15 12:33:10.715,1.47399,1.47423,1.50,3.00
2011.03.15 12:33:11.084,1.47397,1.4742,1.05,2.25
2011.03.15 12:33:11.270,1.47387,1.4742,1.99,1.50
2011.03.15 12:33:11.439,1.47394,1.47407,1.50,2.25
2011.03.15 12:33:11.700,1.47394,1.47432,1.50,1.50
2011.03.15 12:33:12.258,1.47399,1.47432,3.00,1.50
2011.03.15 12:33:12.370,1.47404,1.47438,2.25,1.50
2011.03.15 12:33:12.602,1.47402,1.47437,1.05,1.50
2011.03.15 12:33:12.971,1.47403,1.47433,1.65,1.50
2011.03.15 12:33:13.093,1.47403,1.47438,1.65,1.03
2011.03.15 12:33:13.406,1.47403,1.47433,1.65,1.50
2011.03.15 12:33:13.522,1.47403,1.47433,1.65,1.50
2011.03.15 12:33:14.103,1.47407,1.47433,1.05,1.50
2011.03.15 12:33:14.329,1.47402,1.47433,1.05,1.50
2011.03.15 12:33:14.559,1.47406,1.47433,1.05,1.50
2011.03.15 12:33:14.897,1.47401,1.47433,1.05,1.50
2011.03.15 12:33:15.600,1.47404,1.47429,1.65,1.50
2011.03.15 12:33:15.826,1.47403,1.47431,3.15,1.50
2011.03.15 12:33:16.077,1.47407,1.47443,1.50,2.46
2011.03.15 12:33:16.550,1.47415,1.47442,1.69,2.25
2011.03.15 12:33:16.673,1.47415,1.47448,1.69,1.03
2011.03.15 12:33:16.790,1.47419,1.47453,1.32,1.50
2011.03.15 12:33:17.139,1.47419,1.47457,1.32,2.25
2011.03.15 12:33:17.261,1.47421,1.47464,3.00,1.78
2011.03.15 12:33:17.599,1.47425,1.47453,1.50,1.50
2011.03.15 12:33:17.718,1.47425,1.47464,1.50,2.25
2011.03.15 12:33:18.049,1.47425,1.47463,1.50,1.50
2011.03.15 12:33:18.597,1.47425,1.47454,1.65,1.50
2011.03.15 12:33:19.263,1.47433,1.47464,1.50,1.50
2011.03.15 12:33:19.598,1.47438,1.47473,1.50,1.78
2011.03.15 12:33:19.712,1.4744,1.47474,1.65,2.25
2011.03.15 12:33:20.050,1.47448,1.47473,1.50,1.50
2011.03.15 12:33:21.077,1.47449,1.47483,1.50,1.50
2011.03.15 12:33:21.188,1.47448,1.47483,2.40,2.25
2011.03.15 12:33:21.521,1.47449,1.47483,1.65,1.50
2011.03.15 12:33:21.954,1.47449,1.47483,1.05,2.25
2011.03.15 12:33:22.082,1.47448,1.47474,1.05,1.50
2011.03.15 12:33:22.640,1.47451,1.47483,1.80,1.50
2011.03.15 12:33:23.196,1.47451,1.47484,1.80,2.25
2011.03.15 12:33:23.307,1.47451,1.47484,1.65,2.25
2011.03.15 12:33:23.750,1.47451,1.47484,1.65,1.50
2011.03.15 12:33:24.310,1.47455,1.47483,1.50,1.50
2011.03.15 12:33:24.648,1.47455,1.4749,2.59,1.50
2011.03.15 12:33:24.757,1.47462,1.47493,2.44,2.25
2011.03.15 12:33:25.100,1.47464,1.47494,1.69,1.50
2011.03.15 12:33:25.430,1.47463,1.47504,1.69,2.25
2011.03.15 12:33:25.550,1.47464,1.47504,2.59,2.25
2011.03.15 12:33:26.110,1.47467,1.47503,1.65,2.25
2011.03.15 12:33:26.448,1.47462,1.47504,1.50,2.25
2011.03.15 12:33:26.667,1.47461,1.47503,1.50,1.03
2011.03.15 12:33:27.109,1.47466,1.47503,2.07,1.78
2011.03.15 12:33:27.218,1.47474,1.47506,1.50,1.03
2011.03.15 12:33:27.328,1.47474,1.47507,1.50,1.50
2011.03.15 12:33:27.439,1.4747,1.47504,1.50,2.25
2011.03.15 12:33:27.965,1.47465,1.47503,3.90,2.25
2011.03.15 12:33:28.079,1.47463,1.47503,1.50,2.25
2011.03.15 12:33:28.200,1.47463,1.47494,1.50,1.50
2011.03.15 12:33:28.318,1.47461,1.47494,1.65,1.50
2011.03.15 12:33:28.869,1.4746,1.47501,2.40,3.75
2011.03.15 12:33:29.528,1.4746,1.47493,2.40,1.50
2011.03.15 12:33:30.410,1.47459,1.47493,1.65,2.25
2011.03.15 12:33:30.748,1.47457,1.47493,1.65,2.25
2011.03.15 12:33:30.968,1.47457,1.47493,2.40,2.25
2011.03.15 12:33:31.190,1.47457,1.47493,1.50,2.44
2011.03.15 12:33:31.466,1.4745,1.47492,2.63,1.69
2011.03.15 12:33:31.584,1.47447,1.47484,1.50,1.03
2011.03.15 12:33:32.028,1.47438,1.47484,2.44,2.25
2011.03.15 12:33:32.250,1.47439,1.47484,1.69,2.25
2011.03.15 12:33:32.480,1.47446,1.47481,1.50,1.78
2011.03.15 12:33:32.710,1.4744,1.47479,1.69,1.03
2011.03.15 12:33:32.828,1.47438,1.47479,1.50,1.78
2011.03.15 12:33:32.938,1.47437,1.47479,2.25,1.50
2011.03.15 12:33:33.600,1.47435,1.47473,2.25,1.03
2011.03.15 12:33:33.718,1.47429,1.47473,1.65,1.22
2011.03.15 12:33:33.828,1.47429,1.4747,1.65,1.50
2011.03.15 12:33:34.353,1.47429,1.47464,1.65,1.50
2011.03.15 12:33:34.689,1.47429,1.47464,3.75,1.50
2011.03.15 12:33:35.020,1.47429,1.47464,3.90,1.50
2011.03.15 12:33:35.140,1.47429,1.47464,3.75,1.50
2011.03.15 12:33:35.896,1.47431,1.47464,3.00,1.50
2011.03.15 12:33:36.447,1.4743,1.47464,1.50,1.50
2011.03.15 12:33:37.148,1.4743,1.47464,1.65,1.50
2011.03.15 12:33:37.257,1.4743,1.47464,1.50,1.50
2011.03.15 12:33:37.776,1.4743,1.47464,1.50,1.50
2011.03.15 12:33:37.878,1.47427,1.47464,1.50,2.25
2011.03.15 12:33:38.756,1.47425,1.47464,1.50,2.25
2011.03.15 12:33:39.306,1.47421,1.47463,1.09,1.03
2011.03.15 12:33:40.626,1.47422,1.47463,1.09,1.03
2011.03.15 12:33:40.846,1.47421,1.47464,1.65,2.53
2011.03.15 12:33:42.336,1.47434,1.47464,1.50,1.78
2011.03.15 12:33:42.557,1.47434,1.47469,1.50,1.78
2011.03.15 12:33:42.668,1.47438,1.47472,1.50,2.25
2011.03.15 12:33:42.887,1.47432,1.47474,1.13,2.53
2011.03.15 12:33:42.999,1.47429,1.47474,1.50,2.53
2011.03.15 12:33:43.339,1.47429,1.47468,1.50,1.03
2011.03.15 12:33:43.569,1.47424,1.47462,1.65,1.50
2011.03.15 12:33:43.900,1.4743,1.47464,1.65,2.25
2011.03.15 12:33:44.018,1.47436,1.47464,1.50,1.50
2011.03.15 12:33:44.567,1.47431,1.47469,1.80,1.03
2011.03.15 12:33:44.788,1.47432,1.47469,1.05,1.03
2011.03.15 12:33:44.898,1.47432,1.47469,1.65,1.03
2011.03.15 12:33:45.007,1.47434,1.47473,1.50,1.50
2011.03.15 12:33:45.804,1.47445,1.47474,1.69,2.25
2011.03.15 12:33:45.924,1.47445,1.47481,1.69,1.50
2011.03.15 12:33:46.042,1.47441,1.47481,1.09,1.50
2011.03.15 12:33:46.157,1.47441,1.47481,1.09,1.50
2011.03.15 12:33:46.708,1.47445,1.47484,1.50,3.28
2011.03.15 12:33:46.927,1.47445,1.47483,1.50,1.03
2011.03.15 12:33:47.809,1.47447,1.47483,2.44,1.03
2011.03.15 12:33:49.087,1.47447,1.47484,2.44,1.03
2011.03.15 12:33:49.442,1.47447,1.47483,2.44,1.03
2011.03.15 12:33:51.838,1.47447,1.47483,3.19,1.03
2011.03.15 12:33:52.167,1.47447,1.47483,2.44,1.03
2011.03.15 12:33:52.307,1.47447,1.47483,2.44,1.03
2011.03.15 12:33:52.527,1.47447,1.47483,1.50,1.03
2011.03.15 12:33:52.637,1.47445,1.47483,1.50,2.53
2011.03.15 12:33:53.075,1.47444,1.47483,1.50,2.53
2011.03.15 12:33:56.697,1.47444,1.47483,1.65,2.53
2011.03.15 12:33:57.577,1.47444,1.47483,1.88,2.25
2011.03.15 12:33:57.689,1.47445,1.47483,1.50,2.25
2011.03.15 12:33:57.798,1.47449,1.47483,1.50,1.50
2011.03.15 12:33:58.126,1.47449,1.47483,1.50,1.50
2011.03.15 12:33:58.658,1.4745,1.47483,3.00,1.50
2011.03.15 12:33:59.011,1.47461,1.47493,1.09,1.50
2011.03.15 12:33:59.351,1.47459,1.47492,2.25,2.25
2011.03.15 12:33:59.689,1.47456,1.47483,3.19,1.50
2011.03.15 12:33:59.808,1.47456,1.47493,2.44,2.25
2011.03.15 12:34:00.136,1.47452,1.47483,1.09,1.50
2011.03.15 12:34:01.971,1.47452,1.47483,1.65,1.50
2011.03.15 12:34:02.088,1.47451,1.47483,2.25,1.50
2011.03.15 12:34:03.296,1.47451,1.47483,2.25,1.50
2011.03.15 12:34:03.628,1.47454,1.47483,1.50,1.50
2011.03.15 12:34:04.067,1.47454,1.47493,1.50,2.25
2011.03.15 12:34:04.666,1.47453,1.47493,1.50,2.53
2011.03.15 12:34:05.568,1.47452,1.47491,1.50,1.50
2011.03.15 12:34:06.105,1.47446,1.47483,2.25,2.25
2011.03.15 12:34:06.659,1.47445,1.47473,2.25,2.25
2011.03.15 12:34:06.777,1.47438,1.47473,1.50,2.25
2011.03.15 12:34:08.648,1.47438,1.47473,1.50,1.50
2011.03.15 12:34:08.979,1.47451,1.47483,1.50,2.25
2011.03.15 12:34:09.088,1.47453,1.47483,1.50,1.50
2011.03.15 12:34:09.306,1.47453,1.47483,2.25,1.50
2011.03.15 12:34:09.527,1.47453,1.47483,1.50,1.50
2011.03.15 12:34:10.077,1.47453,1.47484,1.50,2.25
2011.03.15 12:34:10.532,1.47455,1.47493,2.25,2.25
2011.03.15 12:34:10.757,1.47453,1.47493,3.00,2.25
2011.03.15 12:34:10.870,1.47456,1.47494,2.25,2.53
2011.03.15 12:34:11.429,1.47453,1.47494,3.15,3.28
2011.03.15 12:34:12.986,1.47452,1.47494,1.50,3.28
2011.03.15 12:34:13.218,1.47456,1.47494,1.50,3.28
2011.03.15 12:34:13.918,1.47452,1.47493,4.50,2.25
2011.03.15 12:34:14.031,1.47455,1.47493,2.25,2.25
2011.03.15 12:34:14.148,1.47457,1.47493,2.25,2.25
2011.03.15 12:34:14.479,1.47456,1.47483,3.15,1.50
2011.03.15 12:34:14.808,1.47459,1.47493,2.25,2.25
2011.03.15 12:34:15.487,1.47459,1.47493,3.00,2.25
2011.03.15 12:34:16.037,1.47458,1.47494,3.15,3.00
2011.03.15 12:34:16.150,1.47458,1.47494,3.15,3.00
2011.03.15 12:34:16.266,1.47458,1.47494,3.15,2.25
2011.03.15 12:34:16.598,1.47461,1.47494,1.05,2.25
2011.03.15 12:34:17.037,1.47461,1.47493,1.05,2.25
2011.03.15 12:34:17.600,1.47463,1.47493,1.05,2.25
2011.03.15 12:34:17.827,1.47462,1.47493,1.05,2.25
2011.03.15 12:34:18.437,1.47463,1.47493,1.05,2.25
2011.03.15 12:34:18.768,1.47462,1.47493,1.65,2.25
2011.03.15 12:34:19.316,1.47461,1.47493,2.25,2.25
2011.03.15 12:34:19.818,1.47461,1.47493,2.25,1.50
2011.03.15 12:34:20.259,1.47461,1.47493,1.35,1.50
2011.03.15 12:34:20.377,1.47461,1.47493,1.35,2.25
2011.03.15 12:34:20.488,1.47457,1.47493,2.25,2.25
2011.03.15 12:34:20.816,1.47457,1.47493,2.55,2.25
2011.03.15 12:34:21.147,1.47457,1.47493,2.55,2.25
2011.03.15 12:34:21.368,1.47457,1.47492,1.05,1.03
2011.03.15 12:34:21.478,1.47454,1.47492,3.34,1.03
2011.03.15 12:34:22.067,1.47457,1.47492,2.40,1.22
2011.03.15 12:34:22.187,1.47457,1.47492,1.50,1.03
2011.03.15 12:34:24.549,1.47457,1.47491,1.50,1.50
2011.03.15 12:34:24.768,1.47447,1.47486,2.55,1.50
2011.03.15 12:34:24.988,1.47441,1.47483,2.55,1.50
2011.03.15 12:34:25.207,1.47441,1.47479,2.55,1.03
2011.03.15 12:34:25.646,1.47441,1.47473,2.40,2.25
2011.03.15 12:34:26.183,1.47442,1.47473,3.00,2.25
2011.03.15 12:34:26.301,1.47441,1.47473,1.05,2.25
2011.03.15 12:34:26.530,1.47438,1.47473,1.65,2.25
2011.03.15 12:34:26.758,1.47438,1.47473,1.65,2.25
2011.03.15 12:34:26.977,1.47437,1.47473,1.50,2.25
2011.03.15 12:34:27.087,1.47436,1.47474,2.40,2.44
2011.03.15 12:34:27.202,1.47436,1.47469,1.65,1.50
2011.03.15 12:34:27.320,1.47432,1.47468,3.00,1.03
2011.03.15 12:34:27.440,1.47434,1.47468,1.09,1.03
2011.03.15 12:34:27.782,1.4746,1.47488,2.44,1.03
2011.03.15 12:34:28.118,1.47464,1.47493,1.69,2.25
2011.03.15 12:34:29.010,1.47467,1.475,2.44,1.03
2011.03.15 12:34:29.229,1.47469,1.47503,1.69,2.25
2011.03.15 12:34:29.351,1.47469,1.47503,1.69,2.25
2011.03.15 12:34:30.131,1.47471,1.47503,1.84,2.25
2011.03.15 12:34:30.249,1.47471,1.47506,1.84,1.13
2011.03.15 12:34:30.468,1.47471,1.47506,2.59,1.13
2011.03.15 12:34:30.578,1.47471,1.47504,2.59,2.25
2011.03.15 12:34:30.907,1.47468,1.47503,1.69,2.25
2011.03.15 12:34:31.347,1.47468,1.47506,1.65,1.13
2011.03.15 12:34:31.835,1.47467,1.47504,2.25,2.25
2011.03.15 12:34:31.955,1.47466,1.47493,1.65,2.25
2011.03.15 12:34:32.231,1.4746,1.47499,3.15,1.50
2011.03.15 12:34:32.790,1.47456,1.47494,3.15,2.44
2011.03.15 12:34:32.912,1.47456,1.47494,2.40,2.44
2011.03.15 12:34:33.141,1.47456,1.47494,1.65,3.19
2011.03.15 12:34:33.593,1.4745,1.47484,1.50,2.25
2011.03.15 12:34:33.709,1.47445,1.47484,1.65,2.25
2011.03.15 12:34:33.831,1.47447,1.47484,1.65,2.25
2011.03.15 12:34:33.948,1.4745,1.47484,1.65,2.25
2011.03.15 12:34:34.276,1.47452,1.47484,1.50,2.25
2011.03.15 12:34:34.906,1.47444,1.47483,1.50,2.25
2011.03.15 12:34:35.019,1.47443,1.47473,3.00,2.44
2011.03.15 12:34:35.140,1.47443,1.47473,3.00,2.44
2011.03.15 12:34:35.258,1.47442,1.47469,2.25,1.50
2011.03.15 12:34:35.589,1.47441,1.47473,1.84,1.50
2011.03.15 12:34:35.702,1.4744,1.47473,1.47,1.50
2011.03.15 12:34:35.819,1.47441,1.47474,1.09,2.25
2011.03.15 12:34:36.051,1.47436,1.47464,1.65,1.50
2011.03.15 12:34:36.169,1.47436,1.47464,1.50,1.50
2011.03.15 12:34:36.292,1.47433,1.47464,2.63,1.78
2011.03.15 12:34:36.408,1.47428,1.47462,3.00,1.78
2011.03.15 12:34:36.516,1.47426,1.47461,1.65,1.03
2011.03.15 12:34:36.738,1.47419,1.47459,1.50,1.69
2011.03.15 12:34:36.959,1.47419,1.47454,1.65,3.28
2011.03.15 12:34:37.367,1.47419,1.47452,1.58,1.03
2011.03.15 12:34:38.159,1.47427,1.47462,3.30,1.03
2011.03.15 12:34:38.717,1.47424,1.4746,1.05,1.50
2011.03.15 12:34:39.271,1.4742,1.47454,3.15,2.25
2011.03.15 12:34:39.611,1.47419,1.47454,1.65,1.50
2011.03.15 12:34:39.947,1.47425,1.47454,1.65,1.50
2011.03.15 12:34:40.277,1.47427,1.47454,1.05,1.50
2011.03.15 12:34:40.827,1.47422,1.47459,1.05,1.50
2011.03.15 12:34:41.376,1.47423,1.47454,1.50,1.50
2011.03.15 12:34:41.488,1.47423,1.47454,1.50,2.25
2011.03.15 12:34:41.600,1.47415,1.47452,1.65,2.25
2011.03.15 12:34:47.905,1.47408,1.47443,1.80,2.25
2011.03.15 12:34:48.085,1.47406,1.47443,1.80,3.00
2011.03.15 12:34:48.211,1.47406,1.47443,1.50,3.45
2011.03.15 12:34:48.833,1.47406,1.47434,1.50,1.50
2011.03.15 12:34:50.047,1.47406,1.47433,1.65,1.50
2011.03.15 12:34:50.556,1.47406,1.47434,1.50,1.50
2011.03.15 12:34:51.878,1.47406,1.47434,1.50,2.25
2011.03.15 12:34:52.209,1.47382,1.4742,1.50,1.41
2011.03.15 12:34:52.428,1.47376,1.47413,1.50,2.25
2011.03.15 12:34:52.649,1.47374,1.47403,1.69,1.50
2011.03.15 12:35:00.374,1.47371,1.47403,1.05,1.50
2011.03.15 12:35:00.845,1.47388,1.47404,3.00,1.50
2011.03.15 12:35:01.102,1.47381,1.474,1.69,1.50
2011.03.15 12:35:01.438,1.47361,1.47398,1.69,1.50
2011.03.15 12:35:02.232,1.47359,1.4739,1.50,1.50
2011.03.15 12:35:02.460,1.47349,1.47389,1.50,1.20
2011.03.15 12:35:02.582,1.47348,1.47384,1.50,1.50
2011.03.15 12:35:02.919,1.47337,1.47383,1.50,1.97
2011.03.15 12:35:03.410,1.47356,1.47382,1.50,3.00
2011.03.15 12:35:03.754,1.47361,1.47369,1.50,2.25
2011.03.15 12:35:03.873,1.47365,1.47394,1.50,2.25
2011.03.15 12:35:03.994,1.47365,1.47389,1.50,2.25
2011.03.15 12:35:04.217,1.47365,1.47397,1.50,3.00
2011.03.15 12:35:04.547,1.47365,1.47395,1.50,2.25
2011.03.15 12:35:04.768,1.4737,1.4739,1.50,2.25
2011.03.15 12:35:04.987,1.47368,1.47393,2.25,2.25
2011.03.15 12:35:05.537,1.47369,1.47394,1.50,2.25
2011.03.15 12:35:05.963,1.47364,1.47394,1.50,2.25
2011.03.15 12:35:06.077,1.47364,1.47391,1.50,2.25
2011.03.15 12:35:06.299,1.47358,1.47391,2.25,2.25
2011.03.15 12:35:06.420,1.47358,1.47381,1.50,2.25
2011.03.15 12:35:06.538,1.47358,1.47385,1.50,2.25
2011.03.15 12:35:07.158,1.47358,1.47384,1.50,2.25
2011.03.15 12:35:07.270,1.47361,1.47391,1.50,2.25
2011.03.15 12:35:07.497,1.47361,1.47391,1.50,2.25
2011.03.15 12:35:07.828,1.4736,1.47389,1.50,2.25
2011.03.15 12:35:08.050,1.47359,1.47389,3.19,5.25
2011.03.15 12:35:09.054,1.47359,1.4739,1.69,2.25
2011.03.15 12:35:09.399,1.47353,1.47387,1.32,3.00
2011.03.15 12:35:09.741,1.47366,1.47372,1.69,2.25
2011.03.15 12:35:09.859,1.47369,1.47376,1.69,2.25
2011.03.15 12:35:09.969,1.4737,1.47382,1.69,2.25
2011.03.15 12:35:10.314,1.47368,1.47403,2.44,2.25
2011.03.15 12:35:10.583,1.47373,1.47395,1.50,2.25
2011.03.15 12:35:10.920,1.47373,1.47387,1.50,2.25
2011.03.15 12:35:11.040,1.47373,1.4739,1.50,2.25
2011.03.15 12:35:11.267,1.47373,1.47385,1.50,2.25
2011.03.15 12:35:12.045,1.47373,1.47384,1.50,2.25
2011.03.15 12:35:12.490,1.47373,1.47395,1.50,2.25
2011.03.15 12:35:12.606,1.47373,1.47392,1.50,2.25
2011.03.15 12:35:12.827,1.47373,1.47394,1.50,2.25
2011.03.15 12:35:13.379,1.47368,1.47396,1.50,2.25
2011.03.15 12:35:13.493,1.47368,1.47391,1.50,2.25
2011.03.15 12:35:13.717,1.47364,1.47393,1.50,2.25
2011.03.15 12:35:13.829,1.47364,1.47393,1.50,2.25
2011.03.15 12:35:14.376,1.47364,1.47391,1.50,2.25
2011.03.15 12:35:14.597,1.47364,1.47393,2.25,2.25
2011.03.15 12:35:15.290,1.47364,1.47396,1.50,2.25
2011.03.15 12:35:15.857,1.47364,1.47397,1.50,2.25
2011.03.15 12:35:16.608,1.47364,1.4739,1.50,2.25
2011.03.15 12:35:16.717,1.47357,1.4739,3.75,2.25
2011.03.15 12:35:17.318,1.47359,1.4739,1.50,2.25
2011.03.15 12:35:17.539,1.47359,1.4739,1.50,2.25
2011.03.15 12:35:17.656,1.47359,1.47393,1.50,2.25
2011.03.15 12:35:17.766,1.47359,1.47396,1.50,2.25
2011.03.15 12:35:18.648,1.47359,1.47389,1.50,2.25
2011.03.15 12:35:19.126,1.47359,1.47387,1.50,2.25
2011.03.15 12:35:19.678,1.47358,1.47389,1.50,3.00
2011.03.15 12:35:19.789,1.47358,1.47384,1.50,2.25
2011.03.15 12:35:20.127,1.47358,1.4738,1.50,2.25
2011.03.15 12:35:20.347,1.47358,1.47383,1.50,2.25
2011.03.15 12:35:20.677,1.47358,1.4738,1.50,2.25
2011.03.15 12:35:20.899,1.47353,1.4738,1.50,2.25
2011.03.15 12:35:21.021,1.47352,1.47382,2.44,2.25
2011.03.15 12:35:21.142,1.47351,1.4739,1.69,4.13
2011.03.15 12:35:21.263,1.4735,1.47377,1.50,2.25
2011.03.15 12:35:21.719,1.47347,1.47383,1.50,2.25
2011.03.15 12:35:21.836,1.47347,1.47383,1.50,1.50
2011.03.15 12:35:22.558,1.47347,1.47383,1.65,1.50
2011.03.15 12:35:23.107,1.47349,1.47383,3.00,1.50
2011.03.15 12:35:23.327,1.47352,1.47383,3.00,1.50
2011.03.15 12:35:23.657,1.47351,1.47383,3.00,1.50
2011.03.15 12:35:23.876,1.4735,1.47383,3.00,1.50
2011.03.15 12:35:23.987,1.4735,1.47383,3.00,1.50
2011.03.15 12:35:24.317,1.47344,1.47383,3.00,1.50
2011.03.15 12:35:24.596,1.47343,1.47374,1.50,1.50
2011.03.15 12:35:24.712,1.47342,1.47374,1.50,1.50
2011.03.15 12:35:25.600,1.47339,1.47374,1.50,1.78
2011.03.15 12:35:26.488,1.47331,1.47373,1.50,1.50
2011.03.15 12:35:26.597,1.47329,1.47369,2.25,1.03
2011.03.15 12:35:26.818,1.47329,1.47363,1.65,1.50
2011.03.15 12:35:27.256,1.47326,1.47363,1.50,1.50
2011.03.15 12:35:27.369,1.47326,1.47354,1.50,1.50
2011.03.15 12:35:27.478,1.47326,1.47363,1.50,1.50
2011.03.15 12:35:28.191,1.47326,1.47354,1.50,1.50
2011.03.15 12:35:28.416,1.47325,1.47363,2.25,1.50
2011.03.15 12:35:28.966,1.47327,1.47364,1.50,1.50
2011.03.15 12:35:29.188,1.4733,1.47364,1.50,1.50
2011.03.15 12:35:29.737,1.47328,1.47363,1.50,1.50
2011.03.15 12:35:30.331,1.47326,1.47364,2.44,1.50
2011.03.15 12:35:30.560,1.47325,1.47363,1.50,2.25
2011.03.15 12:35:30.786,1.47325,1.47354,1.50,1.50
2011.03.15 12:35:31.256,1.47321,1.47354,1.50,1.50
2011.03.15 12:35:31.697,1.47331,1.47354,1.50,1.50
2011.03.15 12:35:31.809,1.47331,1.47364,1.50,1.50
2011.03.15 12:35:32.138,1.47332,1.47364,1.50,1.50
2011.03.15 12:35:32.682,1.47332,1.47364,1.50,1.78
2011.03.15 12:35:32.912,1.47332,1.47369,1.50,1.03
2011.03.15 12:35:33.141,1.47335,1.47369,1.50,1.03
2011.03.15 12:35:33.260,1.47337,1.47373,1.69,1.65
2011.03.15 12:35:33.379,1.47337,1.47374,1.69,2.25
2011.03.15 12:35:33.734,1.47337,1.47364,1.69,1.50
2011.03.15 12:35:34.071,1.47337,1.47364,1.69,1.50
2011.03.15 12:35:34.299,1.47337,1.47364,1.69,1.50
2011.03.15 12:35:34.417,1.47338,1.47374,1.50,2.25
2011.03.15 12:35:34.528,1.47341,1.47374,1.50,1.50
2011.03.15 12:35:34.858,1.47338,1.4738,1.50,1.78
2011.03.15 12:35:35.481,1.47347,1.4738,1.50,1.03
2011.03.15 12:35:36.540,1.47344,1.4738,1.50,1.03
2011.03.15 12:35:36.986,1.47351,1.47387,1.50,1.28
2011.03.15 12:35:37.098,1.4735,1.47388,1.50,1.50
2011.03.15 12:35:37.207,1.47357,1.47387,1.50,1.50
2011.03.15 12:35:39.300,1.47349,1.47385,1.50,1.50
2011.03.15 12:35:39.637,1.47341,1.4738,1.50,1.50
2011.03.15 12:35:39.750,1.47342,1.4738,1.13,1.50
2011.03.15 12:35:40.080,1.47379,1.4741,2.25,3.00
2011.03.15 12:35:40.200,1.47381,1.4742,1.50,1.03
2011.03.15 12:35:40.539,1.47381,1.47414,1.50,1.50
2011.03.15 12:35:40.657,1.47381,1.4742,1.50,1.03
2011.03.15 12:35:41.206,1.47381,1.4742,1.50,1.03
2011.03.15 12:35:41.427,1.47381,1.4742,1.50,1.03
2011.03.15 12:35:41.805,1.47388,1.47421,1.50,1.78
2011.03.15 12:35:42.141,1.47381,1.47413,2.25,1.50
2011.03.15 12:35:42.477,1.47381,1.47423,1.50,2.25
2011.03.15 12:35:42.696,1.47383,1.47423,1.50,1.50
2011.03.15 12:35:42.917,1.47383,1.47423,1.50,1.50
2011.03.15 12:35:43.237,1.47383,1.47423,1.50,1.50
2011.03.15 12:35:44.229,1.47397,1.47423,1.50,1.50
2011.03.15 12:35:44.574,1.4741,1.47451,1.50,1.50
2011.03.15 12:35:44.691,1.47406,1.47451,1.69,1.50
2011.03.15 12:35:45.031,1.47411,1.47448,1.50,1.50
2011.03.15 12:35:45.489,1.47409,1.47443,1.50,1.50
2011.03.15 12:35:46.037,1.47408,1.47444,1.50,1.50
2011.03.15 12:35:46.256,1.47408,1.47444,1.50,1.50
2011.03.15 12:35:47.497,1.47408,1.47444,1.50,2.25
2011.03.15 12:35:48.157,1.47412,1.47443,1.50,1.50
2011.03.15 12:35:48.493,1.47412,1.47444,1.50,1.50
2011.03.15 12:35:48.614,1.47414,1.47444,1.50,1.50
2011.03.15 12:35:48.852,1.4742,1.47455,1.50,1.50
2011.03.15 12:35:48.969,1.47428,1.47458,2.44,2.25
2011.03.15 12:35:49.300,1.47424,1.47462,2.63,1.50
2011.03.15 12:35:49.420,1.47434,1.47462,2.25,1.50
2011.03.15 12:35:49.726,1.4743,1.47454,2.25,2.25
2011.03.15 12:35:50.277,1.47431,1.47454,2.25,1.50
2011.03.15 12:35:50.386,1.47431,1.47464,2.25,2.25
2011.03.15 12:35:50.969,1.47431,1.47464,3.94,2.25
2011.03.15 12:35:51.087,1.47432,1.4747,1.50,1.03
2011.03.15 12:35:51.310,1.47433,1.47474,2.25,2.25
2011.03.15 12:35:51.430,1.47436,1.47474,1.50,2.25
2011.03.15 12:35:51.824,1.47437,1.47463,2.25,1.50
2011.03.15 12:35:52.377,1.47435,1.47463,1.50,1.50
2011.03.15 12:35:52.486,1.47435,1.47474,1.50,2.25
2011.03.15 12:35:52.817,1.47437,1.47472,1.50,1.03
2011.03.15 12:35:53.257,1.47424,1.47464,2.25,2.25
2011.03.15 12:35:53.478,1.47427,1.47463,1.50,1.50
2011.03.15 12:35:54.027,1.47427,1.47463,1.50,2.25
2011.03.15 12:35:54.582,1.47438,1.47463,2.25,1.50
2011.03.15 12:35:54.698,1.47435,1.47463,2.25,1.78
2011.03.15 12:35:55.141,1.47434,1.47456,4.50,2.53
2011.03.15 12:35:55.262,1.47434,1.47456,4.50,1.03
2011.03.15 12:35:55.379,1.47427,1.47457,2.25,2.53
2011.03.15 12:35:55.609,1.47427,1.47443,2.25,1.50
2011.03.15 12:35:55.721,1.47417,1.47443,2.25,1.50
2011.03.15 12:35:55.951,1.47418,1.47449,2.25,1.03
2011.03.15 12:35:56.066,1.47422,1.47449,2.25,1.03
2011.03.15 12:35:56.402,1.47422,1.47444,2.25,2.25
2011.03.15 12:35:56.519,1.47418,1.47444,2.25,2.25
2011.03.15 12:35:56.626,1.47413,1.47444,2.25,2.25
2011.03.15 12:35:56.958,1.47413,1.47434,2.25,1.50
2011.03.15 12:35:57.343,1.47402,1.47434,2.25,2.25
2011.03.15 12:35:57.571,1.47402,1.47434,2.25,2.63
2011.03.15 12:35:57.912,1.47392,1.47417,3.00,1.50
2011.03.15 12:35:58.031,1.4739,1.47416,3.75,1.50
2011.03.15 12:35:58.268,1.4739,1.47424,3.75,1.50
2011.03.15 12:35:58.380,1.47401,1.47424,2.25,1.50
2011.03.15 12:35:58.697,1.47403,1.47424,2.25,1.50
2011.03.15 12:35:58.918,1.474,1.47424,4.50,1.50
2011.03.15 12:35:59.028,1.47396,1.47424,2.25,1.50
2011.03.15 12:35:59.405,1.47395,1.47428,2.25,1.03
2011.03.15 12:35:59.520,1.47393,1.47424,2.25,2.25
2011.03.15 12:35:59.640,1.47388,1.47424,1.50,2.25
2011.03.15 12:35:59.763,1.4739,1.47427,2.25,1.50
2011.03.15 12:36:00.094,1.47393,1.47423,2.25,1.03
2011.03.15 12:36:00.457,1.47399,1.47424,2.25,2.25
2011.03.15 12:36:00.679,1.47389,1.4742,4.50,1.50
2011.03.15 12:36:01.018,1.4738,1.47413,1.50,1.50
2011.03.15 12:36:01.346,1.4738,1.47423,1.50,3.19
2011.03.15 12:36:01.458,1.47379,1.47422,2.25,1.69
2011.03.15 12:36:01.677,1.47379,1.47413,1.50,1.50
2011.03.15 12:36:02.008,1.47371,1.47412,2.25,1.50
2011.03.15 12:36:02.227,1.47367,1.47406,2.25,1.03
2011.03.15 12:36:03.311,1.47371,1.47403,3.75,1.50
2011.03.15 12:36:03.432,1.47371,1.4741,3.00,1.13
2011.03.15 12:36:03.552,1.47373,1.47403,2.25,2.25
2011.03.15 12:36:03.887,1.47374,1.47403,3.00,1.50
2011.03.15 12:36:04.109,1.47374,1.47411,3.00,1.03
2011.03.15 12:36:04.337,1.47374,1.47411,2.44,2.25
2011.03.15 12:36:04.667,1.47377,1.47411,2.25,1.50
2011.03.15 12:36:04.887,1.47377,1.47411,1.50,2.25
2011.03.15 12:36:05.407,1.47377,1.47412,1.50,3.00
2011.03.15 12:36:05.519,1.47372,1.47412,1.50,3.00
2011.03.15 12:36:05.747,1.47372,1.47412,1.50,3.00
2011.03.15 12:36:06.967,1.47372,1.47412,1.50,3.00
2011.03.15 12:36:07.083,1.47372,1.47405,1.50,1.50
2011.03.15 12:36:07.200,1.47366,1.47395,1.50,1.50
2011.03.15 12:36:07.322,1.47361,1.47394,2.25,1.50
2011.03.15 12:36:07.442,1.47357,1.47392,1.50,1.50
2011.03.15 12:36:07.668,1.47357,1.47393,1.50,2.25
2011.03.15 12:36:07.888,1.47354,1.47393,3.00,3.00
2011.03.15 12:36:07.997,1.47354,1.47393,2.25,3.00
2011.03.15 12:36:08.285,1.47364,1.47396,1.69,1.03
2011.03.15 12:36:08.636,1.47365,1.47403,1.69,2.25
2011.03.15 12:36:09.199,1.47362,1.47403,1.50,2.44
2011.03.15 12:36:09.428,1.47361,1.47395,1.50,1.50
2011.03.15 12:36:09.542,1.47361,1.47389,1.50,1.50
2011.03.15 12:36:09.660,1.47357,1.47388,1.50,1.50
2011.03.15 12:36:09.777,1.47357,1.47393,1.50,1.50
2011.03.15 12:36:09.888,1.47355,1.47391,1.50,1.13
2011.03.15 12:36:09.997,1.47351,1.47394,2.25,2.25
2011.03.15 12:36:10.332,1.47353,1.47383,3.00,1.50
2011.03.15 12:36:10.449,1.47353,1.47394,4.50,2.25
2011.03.15 12:36:10.997,1.47356,1.47394,3.75,2.25
2011.03.15 12:36:11.556,1.47354,1.47384,3.00,1.50
2011.03.15 12:36:11.779,1.47353,1.47394,1.50,2.25
2011.03.15 12:36:11.899,1.47353,1.47383,1.50,1.50
2011.03.15 12:36:12.562,1.47355,1.47383,4.50,1.50
2011.03.15 12:36:12.786,1.47355,1.47393,3.00,2.25
2011.03.15 12:36:13.557,1.47357,1.47393,2.25,2.25
2011.03.15 12:36:13.889,1.47355,1.47394,2.25,2.25
2011.03.15 12:36:13.998,1.47355,1.47394,2.25,2.25
2011.03.15 12:36:14.768,1.47356,1.47394,1.50,2.25
2011.03.15 12:36:15.109,1.47356,1.47394,1.50,2.25
2011.03.15 12:36:15.341,1.47356,1.47394,1.50,2.25
2011.03.15 12:36:15.571,1.47358,1.47394,1.50,2.25
2011.03.15 12:36:15.689,1.47361,1.47394,1.50,2.25
2011.03.15 12:36:16.033,1.47371,1.47399,1.50,1.03
2011.03.15 12:36:16.259,1.47369,1.47404,1.50,2.25
2011.03.15 12:36:16.377,1.47369,1.47404,1.50,2.25
2011.03.15 12:36:16.707,1.4737,1.47405,1.50,1.03
2011.03.15 12:36:17.036,1.47372,1.47404,1.50,2.25
2011.03.15 12:36:17.617,1.47369,1.47404,1.50,2.25
2011.03.15 12:36:17.729,1.47364,1.47403,1.50,3.00
2011.03.15 12:36:17.838,1.47362,1.47398,1.50,1.50
2011.03.15 12:36:17.947,1.47357,1.47396,2.25,1.50
2011.03.15 12:36:18.058,1.47356,1.47394,1.50,2.25
2011.03.15 12:36:18.566,1.47365,1.47394,1.50,3.21
2011.03.15 12:36:18.900,1.47357,1.474,3.19,1.03
2011.03.15 12:36:19.020,1.47357,1.474,3.00,2.46
2011.03.15 12:36:19.138,1.47357,1.47397,3.00,2.18
2011.03.15 12:36:19.359,1.47357,1.474,3.75,2.46
2011.03.15 12:36:19.692,1.47357,1.47383,1.50,1.43
2011.03.15 12:36:20.041,1.47333,1.47359,3.00,1.43
2011.03.15 12:36:20.162,1.47328,1.47362,1.50,2.18
2011.03.15 12:36:20.280,1.47333,1.47365,1.50,2.18
2011.03.15 12:36:20.399,1.47333,1.47359,1.50,1.43
2011.03.15 12:36:20.521,1.47327,1.47361,1.50,1.43
2011.03.15 12:36:20.640,1.47326,1.47361,1.50,2.18
2011.03.15 12:36:21.157,1.47346,1.47361,1.50,1.43
2011.03.15 12:36:21.276,1.47339,1.47371,1.50,2.18
2011.03.15 12:36:21.390,1.4734,1.47373,1.50,2.93
2011.03.15 12:36:21.620,1.47342,1.47373,1.50,1.50
2011.03.15 12:36:21.847,1.47343,1.4738,1.50,1.03
2011.03.15 12:36:22.177,1.47343,1.4738,1.50,1.03
2011.03.15 12:36:29.241,1.47318,1.4736,1.65,1.43
2011.03.15 12:36:29.653,1.47318,1.47353,2.40,1.50
2011.03.15 12:36:30.212,1.47318,1.47362,2.40,2.64
2011.03.15 12:36:30.330,1.47318,1.47358,2.40,1.43
2011.03.15 12:36:30.447,1.47319,1.47361,3.15,1.43
2011.03.15 12:36:30.559,1.47321,1.47362,3.15,1.89
2011.03.15 12:36:30.678,1.47319,1.47362,3.15,1.89
2011.03.15 12:36:30.790,1.47319,1.47353,3.15,1.50
2011.03.15 12:36:31.000,1.47319,1.47353,3.15,1.50
2011.03.15 12:36:31.666,1.4732,1.47353,3.15,1.50
2011.03.15 12:36:31.888,1.4732,1.47353,3.15,1.50
2011.03.15 12:36:32.108,1.47318,1.47362,1.65,2.64
2011.03.15 12:36:32.219,1.47322,1.47359,1.05,1.43
2011.03.15 12:36:32.448,1.47319,1.47362,3.15,1.22
2011.03.15 12:36:34.488,1.47327,1.47361,1.50,2.18
2011.03.15 12:36:35.038,1.47319,1.47361,3.15,2.93
2011.03.15 12:36:35.147,1.47322,1.47353,1.05,1.50
2011.03.15 12:36:35.707,1.47326,1.47358,2.40,2.18
2011.03.15 12:36:37.388,1.47316,1.47351,2.40,1.03
2011.03.15 12:36:37.830,1.47312,1.47343,1.05,1.50
2011.03.15 12:36:45.788,1.4731,1.4735,3.90,1.50
2011.03.15 12:36:45.920,1.47307,1.47334,1.50,1.50
2011.03.15 12:36:46.383,1.47292,1.47328,1.69,2.18
2011.03.15 12:36:46.506,1.47291,1.4733,1.84,1.71
2011.03.15 12:36:46.744,1.47291,1.47324,1.69,1.50
2011.03.15 12:36:47.628,1.4729,1.47324,1.69,2.25
2011.03.15 12:36:48.618,1.4729,1.47324,1.69,1.50
2011.03.15 12:36:51.528,1.47291,1.47305,1.69,4.50
2011.03.15 12:36:51.639,1.47285,1.47305,1.50,4.50
2011.03.15 12:36:51.748,1.47284,1.47303,1.50,1.50
2011.03.15 12:36:51.860,1.47273,1.47299,1.88,2.25
2011.03.15 12:36:51.980,1.47268,1.47289,1.50,1.50
2011.03.15 12:36:52.100,1.47246,1.47282,3.45,1.03
2011.03.15 12:36:52.220,1.47246,1.47278,2.25,1.43
2011.03.15 12:36:52.337,1.47246,1.4728,2.25,1.71
2011.03.15 12:36:52.889,1.47247,1.4728,1.50,2.46
2011.03.15 12:36:53.107,1.47243,1.4728,1.50,2.46
2011.03.15 12:36:53.438,1.47244,1.4728,2.25,1.03
2011.03.15 12:36:53.986,1.47246,1.47282,2.25,2.46
2011.03.15 12:36:54.317,1.47246,1.47282,2.25,2.46
2011.03.15 12:36:54.648,1.47243,1.47269,1.50,2.18
2011.03.15 12:36:54.871,1.4723,1.47266,1.50,2.18
2011.03.15 12:36:55.098,1.47234,1.47263,1.50,1.43
2011.03.15 12:36:55.208,1.47235,1.47265,1.50,1.43
2011.03.15 12:36:55.317,1.47235,1.47274,2.25,2.25
2011.03.15 12:36:55.756,1.47236,1.47262,2.25,1.43
2011.03.15 12:36:56.231,1.47235,1.47262,2.25,1.43
2011.03.15 12:36:56.788,1.47237,1.47258,2.44,1.43
2011.03.15 12:36:56.900,1.47243,1.47267,1.69,1.43
2011.03.15 12:36:57.130,1.47249,1.47267,2.25,1.43
2011.03.15 12:36:57.248,1.47249,1.47283,2.25,2.18
2011.03.15 12:36:57.687,1.47255,1.47283,1.50,2.18
2011.03.15 12:36:57.906,1.47256,1.47281,1.50,1.43
2011.03.15 12:36:58.017,1.47256,1.47287,1.50,1.43
2011.03.15 12:36:58.126,1.47256,1.47284,1.50,1.50
2011.03.15 12:36:58.236,1.47256,1.47287,1.50,1.43
2011.03.15 12:36:59.077,1.47256,1.47287,3.00,1.43
2011.03.15 12:36:59.297,1.47256,1.47287,3.00,1.43
2011.03.15 12:37:00.157,1.47256,1.47287,2.25,1.43
2011.03.15 12:37:00.381,1.47252,1.47279,1.50,1.43
2011.03.15 12:37:00.721,1.47246,1.4727,3.00,1.43
2011.03.15 12:37:00.949,1.47244,1.4727,2.25,1.43
2011.03.15 12:37:01.277,1.47237,1.47259,3.75,1.43
2011.03.15 12:37:01.389,1.47237,1.47259,1.50,1.43
2011.03.15 12:37:01.609,1.47245,1.47273,1.50,1.50
2011.03.15 12:37:01.717,1.47244,1.47267,1.50,1.43
2011.03.15 12:37:02.257,1.47241,1.47273,1.50,2.25
2011.03.15 12:37:02.371,1.47241,1.47273,2.25,2.25
2011.03.15 12:37:02.822,1.4724,1.47273,1.50,2.25
2011.03.15 12:37:03.048,1.47237,1.47272,2.25,3.00
2011.03.15 12:37:03.160,1.47236,1.4727,1.50,1.50
2011.03.15 12:37:03.279,1.47233,1.47251,2.25,1.43
2011.03.15 12:37:03.499,1.4723,1.47249,1.50,1.43
2011.03.15 12:37:04.271,1.4723,1.47249,1.50,1.43
2011.03.15 12:37:04.828,1.4723,1.47248,1.50,1.43
2011.03.15 12:37:04.939,1.4723,1.47248,1.50,1.43
2011.03.15 12:37:05.047,1.4723,1.47254,1.50,1.43
2011.03.15 12:37:05.380,1.47229,1.47253,1.50,1.43
2011.03.15 12:37:05.850,1.47225,1.4725,1.50,1.43
2011.03.15 12:37:06.076,1.47226,1.47247,2.25,1.43
2011.03.15 12:37:07.516,1.47225,1.47251,1.50,1.43
2011.03.15 12:37:08.247,1.47225,1.4725,1.50,1.43
2011.03.15 12:37:08.798,1.47225,1.4725,1.50,1.43
2011.03.15 12:37:09.309,1.47225,1.4725,1.50,1.43
2011.03.15 12:37:09.428,1.47225,1.47252,1.50,1.43
2011.03.15 12:37:09.540,1.47225,1.47252,1.50,1.43
2011.03.15 12:37:10.096,1.47226,1.47252,1.50,1.43
2011.03.15 12:37:11.388,1.47225,1.47252,1.50,1.43
2011.03.15 12:37:11.826,1.47225,1.47252,1.50,1.43
2011.03.15 12:37:12.377,1.47219,1.47245,3.00,1.43
2011.03.15 12:37:13.858,1.47219,1.47245,1.50,1.43
2011.03.15 12:37:14.297,1.47218,1.47243,2.25,1.43
2011.03.15 12:37:14.407,1.47219,1.47245,1.50,1.43
2011.03.15 12:37:15.770,1.47218,1.47245,2.25,1.43
2011.03.15 12:37:16.527,1.47219,1.47245,1.50,1.43
2011.03.15 12:37:16.858,1.47219,1.47242,1.50,1.43
2011.03.15 12:37:17.077,1.47218,1.47244,2.25,1.43
2011.03.15 12:37:17.298,1.47217,1.47241,2.25,1.43
2011.03.15 12:37:17.741,1.47216,1.47242,1.65,1.69
2011.03.15 12:37:17.968,1.47198,1.47224,1.65,1.43
2011.03.15 12:37:18.079,1.47197,1.47224,3.15,1.43
2011.03.15 12:37:18.627,1.47197,1.47223,2.40,1.43
2011.03.15 12:37:18.958,1.47204,1.47223,1.50,1.43
2011.03.15 12:37:19.405,1.47217,1.47236,1.50,1.03
2011.03.15 12:37:19.526,1.47225,1.47254,1.50,1.50
2011.03.15 12:37:19.639,1.47227,1.47257,2.25,1.43
2011.03.15 12:37:19.749,1.4723,1.47257,1.50,1.43
2011.03.15 12:37:19.859,1.47233,1.47262,1.50,1.43
2011.03.15 12:37:20.410,1.47233,1.47263,2.25,2.93
2011.03.15 12:37:20.641,1.47234,1.4726,1.50,1.43
2011.03.15 12:37:20.760,1.47233,1.4726,1.50,1.43
2011.03.15 12:37:20.990,1.47229,1.4726,3.00,1.43
2011.03.15 12:37:21.108,1.47229,1.47255,3.00,1.43
2011.03.15 12:37:21.878,1.47228,1.47263,1.50,2.93
2011.03.15 12:37:21.988,1.47229,1.47263,1.50,2.93
2011.03.15 12:37:22.689,1.47228,1.47257,1.50,1.43
2011.03.15 12:37:22.910,1.4723,1.47259,1.50,1.43
2011.03.15 12:37:23.031,1.4723,1.47263,1.50,1.43
2011.03.15 12:37:23.261,1.47231,1.47262,1.50,1.43
2011.03.15 12:37:23.490,1.47232,1.47269,2.25,2.18
2011.03.15 12:37:23.718,1.47232,1.47269,2.25,2.18
2011.03.15 12:37:23.829,1.47232,1.47263,2.25,1.43
2011.03.15 12:37:24.156,1.47236,1.47266,1.50,1.43
2011.03.15 12:37:24.491,1.47237,1.47267,2.25,1.43
2011.03.15 12:37:24.828,1.47238,1.47269,1.50,1.43
2011.03.15 12:37:25.316,1.47237,1.47266,1.50,1.43
2011.03.15 12:37:25.653,1.47235,1.47252,2.25,1.43
2011.03.15 12:37:26.001,1.47234,1.47245,2.25,1.43
2011.03.15 12:37:26.119,1.47226,1.47244,2.25,1.50
2011.03.15 12:37:26.229,1.47226,1.47241,2.25,1.43
2011.03.15 12:37:26.339,1.47217,1.4725,2.25,1.43
2011.03.15 12:37:26.557,1.47222,1.4725,3.00,1.43
2011.03.15 12:37:27.106,1.47219,1.47248,1.50,1.43
2011.03.15 12:37:27.438,1.47219,1.47248,1.50,1.43
2011.03.15 12:37:28.126,1.47211,1.47238,3.00,1.43
2011.03.15 12:37:28.241,1.4721,1.47243,1.50,3.00
2011.03.15 12:37:28.576,1.47204,1.47243,2.03,3.00
2011.03.15 12:37:28.688,1.47204,1.47234,2.40,1.50
2011.03.15 12:37:29.618,1.4721,1.47234,1.50,1.50
2011.03.15 12:37:29.729,1.47214,1.47243,1.50,2.25
2011.03.15 12:37:29.847,1.47214,1.4725,2.44,1.03
2011.03.15 12:37:29.957,1.47222,1.47254,1.50,2.25
2011.03.15 12:37:30.068,1.47223,1.47254,4.50,1.50
2011.03.15 12:37:30.178,1.47229,1.47264,1.50,1.50
2011.03.15 12:37:30.397,1.47229,1.47253,1.50,1.50
2011.03.15 12:37:30.713,1.47226,1.47253,1.50,1.50
2011.03.15 12:37:30.939,1.47226,1.47253,1.50,1.50
2011.03.15 12:37:31.828,1.47229,1.47263,1.50,1.50
2011.03.15 12:37:31.953,1.47229,1.47261,1.50,1.43
2011.03.15 12:37:32.287,1.47229,1.47258,1.50,1.43
2011.03.15 12:37:32.619,1.47229,1.47261,1.50,1.43
2011.03.15 12:37:32.948,1.47229,1.47259,1.50,1.43
2011.03.15 12:37:33.169,1.47228,1.47259,2.25,1.43
2011.03.15 12:37:33.280,1.47228,1.47254,2.25,1.50
2011.03.15 12:37:33.628,1.47228,1.47244,1.50,1.43
2011.03.15 12:37:33.739,1.47219,1.47244,1.50,1.43
2011.03.15 12:37:33.957,1.47214,1.47244,1.65,2.93
2011.03.15 12:37:34.287,1.47214,1.47244,1.50,2.93
2011.03.15 12:37:34.948,1.47211,1.47244,3.90,1.50
2011.03.15 12:37:35.481,1.47212,1.47244,3.15,1.50
2011.03.15 12:37:36.477,1.47212,1.47247,3.00,1.43
2011.03.15 12:37:36.591,1.47215,1.47245,1.50,1.43
2011.03.15 12:37:36.708,1.47215,1.4725,1.84,1.03
2011.03.15 12:37:36.928,1.47215,1.4725,1.69,1.03
2011.03.15 12:37:37.916,1.47216,1.4725,1.09,1.03
2011.03.15 12:37:38.628,1.47217,1.47244,1.69,1.50
2011.03.15 12:37:39.652,1.47214,1.47253,1.50,2.53
2011.03.15 12:37:39.770,1.47208,1.4724,1.50,1.43
2011.03.15 12:37:39.889,1.47208,1.4724,1.50,1.43
2011.03.15 12:37:40.010,1.47204,1.47233,2.25,1.50
2011.03.15 12:37:40.347,1.47203,1.47239,2.25,1.43
2011.03.15 12:37:40.568,1.47204,1.47233,5.25,1.50
2011.03.15 12:37:40.897,1.47209,1.47233,1.50,1.50
2011.03.15 12:37:41.008,1.47209,1.47243,2.25,1.50
2011.03.15 12:37:41.230,1.47213,1.47243,3.00,1.50
2011.03.15 12:37:41.349,1.47228,1.47253,1.50,1.03
2011.03.15 12:37:41.460,1.4724,1.47256,1.50,1.71
2011.03.15 12:37:41.872,1.47242,1.47263,1.50,1.50
2011.03.15 12:37:42.001,1.47242,1.47274,2.25,1.50
2011.03.15 12:37:42.667,1.47242,1.47274,1.50,1.50
2011.03.15 12:37:42.887,1.47242,1.47274,1.50,1.50
2011.03.15 12:37:43.407,1.47244,1.47275,2.25,1.43
2011.03.15 12:37:43.518,1.47245,1.47283,2.25,1.43
2011.03.15 12:37:44.068,1.4725,1.47284,2.25,1.50
2011.03.15 12:37:44.176,1.47252,1.47287,1.50,1.43
2011.03.15 12:37:44.507,1.47252,1.47283,1.50,1.50
2011.03.15 12:37:44.726,1.47252,1.47287,1.50,1.43
2011.03.15 12:37:45.057,1.47252,1.47285,2.25,1.43
2011.03.15 12:37:45.765,1.47252,1.47284,2.25,1.50
2011.03.15 12:37:46.317,1.47252,1.47284,2.25,1.50
2011.03.15 12:37:47.197,1.47252,1.47285,1.50,1.43
2011.03.15 12:37:47.747,1.47252,1.47286,1.50,1.43
2011.03.15 12:37:48.196,1.47256,1.47283,1.50,1.50
2011.03.15 12:37:48.420,1.47253,1.47283,1.50,1.50
2011.03.15 12:37:48.978,1.47252,1.47284,1.50,1.50
2011.03.15 12:37:50.978,1.47252,1.47284,1.50,1.50
2011.03.15 12:37:51.089,1.47252,1.47281,1.50,1.43
2011.03.15 12:37:51.198,1.47252,1.47281,1.50,1.43
2011.03.15 12:37:58.353,1.4725,1.47284,4.50,2.25
2011.03.15 12:37:59.411,1.4725,1.47283,4.50,1.43
2011.03.15 12:37:59.967,1.4725,1.47283,4.50,2.18
2011.03.15 12:38:04.107,1.4725,1.47283,4.50,3.68
2011.03.15 12:38:04.760,1.4725,1.47284,5.25,2.25
2011.03.15 12:38:05.747,1.47252,1.47284,1.50,1.50
2011.03.15 12:38:05.969,1.47251,1.47284,1.50,1.50
2011.03.15 12:38:06.530,1.47253,1.47284,1.50,1.50
2011.03.15 12:38:06.646,1.47253,1.47291,3.75,1.43
2011.03.15 12:38:06.758,1.47256,1.47286,1.50,1.43
2011.03.15 12:38:06.868,1.47256,1.47286,2.25,1.43
2011.03.15 12:38:06.977,1.47253,1.47286,1.50,1.43
2011.03.15 12:38:07.086,1.47253,1.47289,1.50,2.18
2011.03.15 12:38:07.307,1.47257,1.47289,1.50,1.43
2011.03.15 12:38:07.798,1.47257,1.47287,1.50,1.43
2011.03.15 12:38:08.130,1.47257,1.47288,3.00,1.43
2011.03.15 12:38:08.470,1.47257,1.47283,2.25,1.43
2011.03.15 12:38:08.805,1.47257,1.4728,2.25,1.43
2011.03.15 12:38:09.139,1.47257,1.47277,1.50,1.43
2011.03.15 12:38:09.686,1.47252,1.47276,1.50,1.43
2011.03.15 12:38:09.909,1.47247,1.47278,2.25,1.43
2011.03.15 12:38:10.456,1.47247,1.47279,2.25,1.43
2011.03.15 12:38:11.007,1.47247,1.47279,2.25,1.43
2011.03.15 12:38:11.881,1.47247,1.47276,2.25,1.43
2011.03.15 12:38:12.206,1.47247,1.47276,2.25,1.43
2011.03.15 12:38:12.647,1.47247,1.47279,2.25,1.43
2011.03.15 12:38:12.977,1.47248,1.47283,1.50,1.50
2011.03.15 12:38:13.196,1.47249,1.47283,1.50,1.50
2011.03.15 12:38:14.911,1.47251,1.47283,1.50,1.50
2011.03.15 12:38:15.034,1.47251,1.47287,2.25,1.43
2011.03.15 12:38:15.477,1.47251,1.47286,2.25,1.43
2011.03.15 12:38:15.811,1.4725,1.47279,1.50,1.50
2011.03.15 12:38:23.337,1.47241,1.47271,1.20,1.50
2011.03.15 12:38:23.479,1.47243,1.47273,1.50,1.50
2011.03.15 12:38:23.668,1.4724,1.47273,1.50,1.50
2011.03.15 12:38:24.275,1.47231,1.47263,1.50,3.68
2011.03.15 12:38:24.500,1.47226,1.47256,2.25,1.43
2011.03.15 12:38:24.730,1.47223,1.47263,3.00,2.25
2011.03.15 12:38:24.958,1.47226,1.47264,2.25,1.50
2011.03.15 12:38:25.288,1.47228,1.4727,1.50,1.03
2011.03.15 12:38:25.396,1.47228,1.47272,1.50,1.03
2011.03.15 12:38:25.510,1.47231,1.47264,1.50,1.50
2011.03.15 12:38:25.848,1.47234,1.47267,3.00,1.43
2011.03.15 12:38:26.178,1.47234,1.47267,3.00,1.43
2011.03.15 12:38:26.397,1.47235,1.47272,1.50,1.43
2011.03.15 12:38:27.044,1.47235,1.47271,3.00,1.03
2011.03.15 12:38:27.162,1.47227,1.47261,3.75,1.43
2011.03.15 12:38:28.488,1.47231,1.47261,1.50,1.43
2011.03.15 12:38:28.711,1.47228,1.47263,1.50,2.25
2011.03.15 12:38:28.831,1.47224,1.47261,2.03,2.93
2011.03.15 12:38:29.060,1.47219,1.47259,3.00,2.18
2011.03.15 12:38:29.290,1.47224,1.47259,1.50,1.43
2011.03.15 12:38:29.519,1.47226,1.47258,3.00,1.43
2011.03.15 12:38:29.629,1.47218,1.47259,3.00,1.03
2011.03.15 12:38:30.146,1.47223,1.47253,1.88,1.43
2011.03.15 12:38:30.278,1.47226,1.47253,1.50,1.43
2011.03.15 12:38:30.831,1.47219,1.47244,1.50,1.50
2011.03.15 12:38:30.947,1.47219,1.47244,1.50,1.50
2011.03.15 12:38:31.166,1.47213,1.47244,1.50,1.50
2011.03.15 12:38:31.716,1.47213,1.47243,1.50,1.50
2011.03.15 12:38:32.158,1.47213,1.47233,1.50,1.43
2011.03.15 12:38:32.270,1.47212,1.47243,1.50,1.50
2011.03.15 12:38:35.636,1.47207,1.47243,4.50,1.50
2011.03.15 12:38:35.747,1.47208,1.47248,1.50,1.43
2011.03.15 12:38:35.859,1.47212,1.47251,1.50,1.43
2011.03.15 12:38:36.407,1.47216,1.47252,2.25,1.43
2011.03.15 12:38:38.897,1.47216,1.47252,2.25,1.43
2011.03.15 12:38:39.449,1.47216,1.47251,2.25,1.43
2011.03.15 12:38:40.008,1.47216,1.47252,2.25,1.43
2011.03.15 12:38:40.227,1.47212,1.4725,1.50,1.43
2011.03.15 12:38:40.447,1.4721,1.47249,1.50,1.50
2011.03.15 12:38:40.560,1.47208,1.47247,2.25,2.37
2011.03.15 12:38:40.897,1.47199,1.47241,2.25,2.46
2011.03.15 12:38:41.668,1.47207,1.47235,2.25,1.50
2011.03.15 12:38:41.925,1.47194,1.47229,2.25,1.50
2011.03.15 12:38:42.047,1.47189,1.47224,1.20,1.50
2011.03.15 12:38:42.159,1.47182,1.47224,1.50,4.50
2011.03.15 12:38:42.278,1.47177,1.47213,2.25,1.50
2011.03.15 12:38:42.718,1.47176,1.47215,2.44,2.25
2011.03.15 12:38:43.049,1.47176,1.47214,2.25,4.43
2011.03.15 12:38:43.599,1.47176,1.47213,2.25,1.43
2011.03.15 12:38:43.820,1.47176,1.47213,2.25,1.43
2011.03.15 12:38:43.940,1.47175,1.4721,1.50,1.43
2011.03.15 12:38:44.170,1.47175,1.4721,1.50,1.43
2011.03.15 12:38:44.400,1.47171,1.47213,3.00,1.50
2011.03.15 12:38:44.967,1.47188,1.47217,1.50,2.25
2011.03.15 12:38:45.080,1.4719,1.47223,2.25,1.50
2011.03.15 12:38:45.421,1.4719,1.47224,2.25,1.50
2011.03.15 12:38:47.077,1.47198,1.4723,1.50,3.28
2011.03.15 12:38:47.299,1.47198,1.4723,2.25,1.03
2011.03.15 12:38:47.417,1.47198,1.47233,2.25,1.50
2011.03.15 12:38:47.528,1.47198,1.47234,2.25,1.78
2011.03.15 12:38:47.747,1.47196,1.47234,2.25,2.53
2011.03.15 12:38:47.967,1.4719,1.47234,1.50,2.53
2011.03.15 12:38:48.078,1.4719,1.47231,1.50,1.03
2011.03.15 12:38:48.530,1.47188,1.47224,2.25,1.50
2011.03.15 12:38:48.756,1.47189,1.47224,1.50,1.50
2011.03.15 12:38:49.308,1.47194,1.47224,1.50,1.50
2011.03.15 12:38:49.419,1.47194,1.47228,1.50,1.43
2011.03.15 12:38:49.643,1.47193,1.47226,1.13,1.43
2011.03.15 12:38:49.867,1.47193,1.47223,1.13,1.50
2011.03.15 12:38:50.199,1.47196,1.47224,1.50,1.50
2011.03.15 12:38:50.530,1.472,1.47223,1.50,1.50
2011.03.15 12:38:50.649,1.47201,1.47234,1.50,1.50
2011.03.15 12:38:50.868,1.47202,1.47234,1.50,1.50
2011.03.15 12:38:51.320,1.47218,1.47246,1.69,4.43
2011.03.15 12:38:51.432,1.4722,1.47246,2.25,3.68
2011.03.15 12:38:51.660,1.47219,1.47248,1.50,2.25
2011.03.15 12:38:51.887,1.47216,1.47251,1.50,1.43
2011.03.15 12:38:51.998,1.47216,1.47254,1.50,1.50
2011.03.15 12:38:52.107,1.47216,1.47254,1.50,1.50
2011.03.15 12:38:52.437,1.47216,1.47244,1.50,1.50
2011.03.15 12:38:52.766,1.4722,1.47244,1.50,1.50
2011.03.15 12:38:53.317,1.4722,1.47254,1.50,1.50
2011.03.15 12:38:53.539,1.47224,1.47256,1.69,1.43
2011.03.15 12:38:53.646,1.47224,1.47259,1.69,2.25
2011.03.15 12:38:53.757,1.47222,1.47261,1.50,3.75
2011.03.15 12:38:53.976,1.47218,1.4726,1.50,1.03
2011.03.15 12:38:54.449,1.47223,1.4726,1.50,1.03
2011.03.15 12:38:54.572,1.47223,1.47263,1.50,1.78
2011.03.15 12:38:54.688,1.47223,1.47263,1.50,1.78
2011.03.15 12:38:54.908,1.47223,1.47254,1.50,1.50
2011.03.15 12:38:55.238,1.47222,1.47254,2.44,1.50
2011.03.15 12:38:55.347,1.47222,1.47254,1.50,1.50
2011.03.15 12:38:55.569,1.47222,1.47254,1.50,1.50
2011.03.15 12:38:55.898,1.4722,1.47254,3.19,1.50
2011.03.15 12:38:56.120,1.4722,1.47259,1.50,3.28
2011.03.15 12:38:56.239,1.47218,1.47253,1.50,1.50
2011.03.15 12:38:56.684,1.47217,1.47254,1.50,2.44
2011.03.15 12:38:56.801,1.47217,1.47254,1.50,1.69
2011.03.15 12:38:57.030,1.47219,1.47259,1.50,1.71
2011.03.15 12:38:57.150,1.4722,1.47264,2.10,2.53
2011.03.15 12:38:57.268,1.47221,1.47264,1.13,1.78
2011.03.15 12:38:57.684,1.47226,1.47264,3.00,2.93
2011.03.15 12:38:57.798,1.47226,1.47263,1.50,1.50
2011.03.15 12:38:58.348,1.47226,1.47259,3.00,1.43
2011.03.15 12:38:58.457,1.47226,1.47259,3.00,1.43
2011.03.15 12:38:58.898,1.4722,1.47254,2.44,1.50
2011.03.15 12:38:59.231,1.47231,1.47264,1.13,1.50
2011.03.15 12:38:59.458,1.47232,1.47273,1.13,1.18
2011.03.15 12:38:59.788,1.47232,1.47263,1.13,1.50
2011.03.15 12:39:00.447,1.47232,1.47263,1.13,1.50
2011.03.15 12:39:01.202,1.47239,1.47274,1.50,1.50
2011.03.15 12:39:01.538,1.47241,1.47274,1.50,1.50
2011.03.15 12:39:01.980,1.47241,1.47273,1.69,1.50
2011.03.15 12:39:02.539,1.47241,1.47274,1.69,1.50
2011.03.15 12:39:03.086,1.47241,1.47274,1.69,1.50
2011.03.15 12:39:03.418,1.47249,1.47279,1.50,2.25
2011.03.15 12:39:03.528,1.47249,1.47283,1.50,1.78
2011.03.15 12:39:03.976,1.47244,1.47274,1.50,1.50
2011.03.15 12:39:04.308,1.47243,1.47274,1.50,1.50
2011.03.15 12:39:04.418,1.47243,1.47274,1.50,1.50
2011.03.15 12:39:04.528,1.47243,1.47283,1.50,2.25
2011.03.15 12:39:04.749,1.47242,1.47275,2.25,1.43
2011.03.15 12:39:04.857,1.47242,1.47281,1.50,1.43
2011.03.15 12:39:04.968,1.47242,1.47277,1.50,2.18
2011.03.15 12:39:05.189,1.47243,1.47277,1.69,2.18
2011.03.15 12:39:05.558,1.47248,1.47274,1.50,1.50
2011.03.15 12:39:05.889,1.47248,1.47289,1.50,1.03
2011.03.15 12:39:05.999,1.47253,1.47291,1.50,1.71
2011.03.15 12:39:06.108,1.47253,1.47291,1.50,1.44
2011.03.15 12:39:06.438,1.47255,1.4729,1.50,1.50
2011.03.15 12:39:06.748,1.47257,1.4729,2.25,2.44
2011.03.15 12:39:06.875,1.47252,1.47294,1.50,4.30
2011.03.15 12:39:07.428,1.47252,1.47294,1.50,2.72
2011.03.15 12:39:07.540,1.47252,1.47283,1.50,1.50
2011.03.15 12:39:07.868,1.47252,1.47293,1.50,2.25
2011.03.15 12:39:08.089,1.47252,1.47284,1.50,1.50
2011.03.15 12:39:08.428,1.47246,1.47284,3.00,2.25
2011.03.15 12:39:08.539,1.47246,1.47283,1.50,4.69
2011.03.15 12:39:08.760,1.47238,1.47274,1.50,1.50
2011.03.15 12:39:09.099,1.47237,1.47274,1.50,1.50
2011.03.15 12:39:09.647,1.47237,1.47273,2.25,1.50
2011.03.15 12:39:09.979,1.47233,1.47274,2.25,1.78
2011.03.15 12:39:10.381,1.47233,1.47263,2.25,1.50
2011.03.15 12:39:10.499,1.47233,1.47263,2.25,1.50
2011.03.15 12:39:10.718,1.47234,1.47263,2.25,1.50
2011.03.15 12:39:10.831,1.47232,1.47274,1.50,1.78
2011.03.15 12:39:11.058,1.47232,1.47273,1.50,2.18
2011.03.15 12:39:11.392,1.47235,1.47263,3.00,1.50
2011.03.15 12:39:18.748,1.47235,1.47263,3.00,1.50
2011.03.15 12:39:19.116,1.47247,1.47266,1.28,4.50
2011.03.15 12:39:19.233,1.47237,1.47244,1.39,1.50
2011.03.15 12:39:19.723,1.47211,1.47243,1.69,1.03
2011.03.15 12:39:20.027,1.47211,1.47247,2.44,1.20
2011.03.15 12:39:20.373,1.47216,1.47247,2.25,2.25
2011.03.15 12:39:20.926,1.47216,1.47248,2.25,2.25
2011.03.15 12:39:21.147,1.47216,1.47248,2.25,2.25
2011.03.15 12:39:21.368,1.47209,1.47243,1.69,2.25
2011.03.15 12:39:21.699,1.47208,1.47247,2.25,1.32
2011.03.15 12:39:21.919,1.47215,1.4725,1.69,1.43
2011.03.15 12:39:22.142,1.47214,1.47251,1.50,2.25
2011.03.15 12:39:22.698,1.47217,1.47252,2.25,1.74
2011.03.15 12:39:23.056,1.4721,1.47242,1.50,2.25
2011.03.15 12:39:23.172,1.4721,1.47242,1.50,2.25
2011.03.15 12:39:23.291,1.47209,1.47239,2.25,2.25
2011.03.15 12:39:23.627,1.47201,1.47239,1.50,2.25
2011.03.15 12:39:23.739,1.47201,1.47239,1.50,2.25
2011.03.15 12:39:24.069,1.47199,1.47237,3.15,1.20
2011.03.15 12:39:24.181,1.47207,1.47241,1.50,1.48
2011.03.15 12:39:24.299,1.47207,1.47244,1.50,1.03
2011.03.15 12:39:24.407,1.47207,1.47244,1.50,1.03
2011.03.15 12:39:24.957,1.47202,1.47244,1.50,1.03
2011.03.15 12:39:25.069,1.47207,1.47244,1.50,1.03
2011.03.15 12:39:25.836,1.47208,1.47244,1.50,1.03
2011.03.15 12:39:26.242,1.47212,1.47249,1.50,1.03
2011.03.15 12:39:26.357,1.47212,1.47249,1.50,1.03
2011.03.15 12:39:26.691,1.4723,1.47254,1.50,1.03
2011.03.15 12:39:26.812,1.4723,1.47255,1.50,1.03
2011.03.15 12:39:27.148,1.47253,1.47261,1.13,2.25
2011.03.15 12:39:27.479,1.47263,1.47297,2.25,1.03
2011.03.15 12:39:27.592,1.47263,1.47286,2.25,2.25
2011.03.15 12:39:27.706,1.47263,1.47297,2.25,2.25
2011.03.15 12:39:27.929,1.47268,1.47298,1.50,2.25
2011.03.15 12:39:28.368,1.47268,1.47302,2.25,4.50
2011.03.15 12:39:28.476,1.47271,1.47305,1.50,2.25
2011.03.15 12:39:28.588,1.47271,1.47303,1.50,2.25
2011.03.15 12:39:29.013,1.47268,1.47312,1.50,2.53
2011.03.15 12:39:29.238,1.47276,1.47307,2.25,2.25
2011.03.15 12:39:29.790,1.47269,1.47292,1.50,2.25
2011.03.15 12:39:29.901,1.47269,1.47292,1.50,2.25
2011.03.15 12:39:30.461,1.47267,1.47297,2.25,2.25
2011.03.15 12:39:30.579,1.47267,1.47297,2.25,2.25
2011.03.15 12:39:31.237,1.47267,1.47296,2.25,2.25
2011.03.15 12:39:31.457,1.47267,1.47296,2.25,2.25
2011.03.15 12:39:31.899,1.47267,1.47299,2.25,2.25
2011.03.15 12:39:32.011,1.47267,1.47303,2.25,2.53
2011.03.15 12:39:32.569,1.47267,1.47303,2.25,4.78
2011.03.15 12:39:33.209,1.47267,1.473,2.25,2.25
2011.03.15 12:39:33.537,1.47266,1.47296,2.25,2.25
2011.03.15 12:39:33.872,1.47266,1.47305,3.00,1.13
2011.03.15 12:39:34.098,1.47267,1.47309,1.50,2.18
2011.03.15 12:39:34.207,1.47267,1.47311,1.50,1.43
2011.03.15 12:39:34.538,1.47276,1.47313,2.25,2.64
2011.03.15 12:39:34.868,1.47278,1.47316,1.50,1.03
2011.03.15 12:39:35.660,1.47286,1.4732,2.25,1.37
2011.03.15 12:39:35.780,1.47282,1.4732,1.50,1.03
2011.03.15 12:39:35.898,1.47282,1.47319,1.50,1.03
2011.03.15 12:39:36.448,1.47287,1.47319,2.25,1.03
2011.03.15 12:39:37.000,1.47287,1.4731,1.50,2.25
2011.03.15 12:39:37.119,1.47278,1.47308,1.50,2.18
2011.03.15 12:39:37.229,1.47277,1.47308,2.25,1.43
2011.03.15 12:39:37.447,1.47272,1.47314,2.25,1.50
2011.03.15 12:39:37.887,1.4728,1.47319,1.50,2.53
2011.03.15 12:39:37.997,1.4728,1.47319,1.50,1.03
2011.03.15 12:39:38.107,1.47286,1.47319,1.50,1.03
2011.03.15 12:39:38.437,1.47286,1.47318,2.25,1.03
2011.03.15 12:39:39.898,1.47286,1.47319,2.25,1.41
2011.03.15 12:39:40.228,1.47286,1.47319,2.25,1.41
2011.03.15 12:39:40.558,1.47286,1.47319,2.25,1.03
2011.03.15 12:39:40.778,1.47286,1.47318,2.25,1.50
2011.03.15 12:39:40.998,1.47277,1.47314,1.20,1.50
2011.03.15 12:39:41.219,1.47276,1.47314,2.44,2.25
2011.03.15 12:39:41.331,1.47276,1.47311,2.25,1.69
2011.03.15 12:39:41.449,1.47276,1.4731,2.25,2.18
2011.03.15 12:39:41.778,1.47276,1.47311,2.25,1.03
2011.03.15 12:39:42.215,1.47277,1.47311,2.25,1.03
2011.03.15 12:39:43.275,1.47277,1.47312,2.25,1.22
2011.03.15 12:39:43.390,1.47277,1.47312,2.25,1.22
2011.03.15 12:39:43.741,1.47277,1.47313,2.25,1.50
2011.03.15 12:39:43.861,1.4728,1.47318,1.50,1.22
2011.03.15 12:39:44.089,1.47289,1.47318,1.50,1.03
2011.03.15 12:39:44.200,1.47289,1.47321,1.50,1.43
2011.03.15 12:39:44.428,1.47288,1.47327,2.25,1.03
2011.03.15 12:39:46.143,1.47297,1.47325,2.25,1.03
2011.03.15 12:39:46.697,1.47297,1.47325,2.25,1.03
2011.03.15 12:39:49.228,1.47297,1.47325,2.25,1.22
2011.03.15 12:39:49.783,1.47287,1.47322,2.25,1.03
2011.03.15 12:39:49.897,1.47287,1.47321,2.25,1.03
2011.03.15 12:39:50.229,1.47272,1.47314,1.50,1.03
2011.03.15 12:39:50.338,1.47272,1.47311,1.50,1.20
2011.03.15 12:39:50.666,1.47266,1.47304,2.25,1.78
2011.03.15 12:39:50.997,1.47266,1.47304,2.25,1.78
2011.03.15 12:39:51.548,1.47266,1.47304,2.25,2.53
2011.03.15 12:39:52.274,1.47266,1.47304,2.25,1.03
2011.03.15 12:39:53.051,1.47276,1.47301,1.50,1.69
2011.03.15 12:39:53.279,1.47267,1.47297,2.25,2.18
2011.03.15 12:39:53.388,1.47267,1.47299,2.25,1.03
2011.03.15 12:39:54.170,1.47289,1.47317,1.50,2.53
2011.03.15 12:39:54.289,1.47287,1.4732,2.25,2.25
2011.03.15 12:39:54.401,1.47287,1.47324,2.25,1.03
2011.03.15 12:39:54.518,1.47287,1.47326,2.25,1.03
2011.03.15 12:39:54.738,1.47287,1.47326,2.25,1.03
2011.03.15 12:39:54.957,1.47287,1.47326,2.25,1.03
2011.03.15 12:39:55.397,1.47297,1.47329,2.25,2.12
2011.03.15 12:39:56.129,1.47297,1.47326,2.25,1.03
2011.03.15 12:39:56.568,1.47297,1.47329,2.25,1.03
2011.03.15 12:39:56.899,1.47297,1.47329,2.25,1.43
2011.03.15 12:39:57.007,1.47297,1.47332,2.25,1.03
2011.03.15 12:39:57.227,1.47297,1.47333,2.25,2.53
2011.03.15 12:39:57.667,1.4729,1.47333,1.50,2.53
2011.03.15 12:39:57.997,1.47296,1.47334,2.25,1.78
2011.03.15 12:39:58.899,1.47296,1.47332,2.25,1.03
2011.03.15 12:39:59.008,1.47296,1.47332,2.25,1.03
2011.03.15 12:39:59.339,1.47296,1.47332,2.25,1.03
2011.03.15 12:39:59.451,1.47296,1.47332,2.25,1.78
2011.03.15 12:39:59.788,1.47296,1.47331,2.25,1.50
2011.03.15 12:40:00.118,1.4729,1.47329,1.50,1.43
2011.03.15 12:40:00.338,1.47286,1.47328,2.25,1.03
2011.03.15 12:40:00.557,1.47296,1.47328,2.25,2.53
2011.03.15 12:40:00.902,1.47295,1.47333,1.50,3.96
2011.03.15 12:40:01.128,1.47301,1.47339,1.50,1.78
2011.03.15 12:40:01.677,1.47297,1.47339,5.25,3.21
2011.03.15 12:40:01.788,1.47297,1.47333,5.25,1.50
2011.03.15 12:40:02.338,1.47296,1.47328,2.25,2.53
2011.03.15 12:40:02.448,1.47287,1.47328,2.25,1.78
2011.03.15 12:40:02.558,1.47289,1.47329,1.50,1.78
2011.03.15 12:40:02.777,1.47297,1.47329,2.25,1.03
2011.03.15 12:40:03.327,1.47297,1.47329,2.25,1.03
2011.03.15 12:40:04.011,1.47297,1.47329,2.25,3.21
2011.03.15 12:40:04.570,1.47297,1.47329,2.25,1.03
2011.03.15 12:40:04.679,1.47297,1.47329,2.25,1.03
2011.03.15 12:40:04.790,1.4729,1.47325,3.75,1.50
2011.03.15 12:40:05.119,1.47287,1.47323,2.25,3.39
2011.03.15 12:40:05.452,1.47286,1.47322,2.25,1.22
2011.03.15 12:40:05.678,1.47286,1.47322,2.25,1.22
2011.03.15 12:40:06.447,1.47287,1.47322,2.25,1.22
2011.03.15 12:40:07.308,1.4729,1.47328,3.00,1.03
2011.03.15 12:40:07.820,1.47296,1.47332,2.25,1.03
2011.03.15 12:40:08.064,1.47296,1.4733,1.65,1.03
2011.03.15 12:40:08.295,1.47307,1.47332,2.25,1.03
2011.03.15 12:40:08.519,1.47296,1.47336,2.40,1.69
2011.03.15 12:40:08.739,1.47306,1.47337,2.25,3.19
2011.03.15 12:40:09.068,1.47306,1.47339,2.25,1.97
2011.03.15 12:40:09.178,1.47306,1.47339,2.25,1.97
2011.03.15 12:40:09.287,1.47306,1.47339,2.25,1.03
2011.03.15 12:40:09.838,1.47306,1.47342,2.25,1.22
2011.03.15 12:40:09.948,1.47306,1.4734,2.25,1.50
2011.03.15 12:40:10.497,1.47307,1.47339,2.25,1.03
2011.03.15 12:40:10.608,1.47307,1.47339,1.50,1.03
2011.03.15 12:40:11.957,1.47307,1.47334,1.50,1.03
2011.03.15 12:40:20.925,1.47297,1.47332,1.50,1.03
2011.03.15 12:40:21.149,1.47296,1.47308,1.50,1.50
2011.03.15 12:40:22.189,1.47296,1.47307,1.50,1.43
2011.03.15 12:40:22.518,1.47289,1.47299,2.25,1.50
2011.03.15 12:40:22.960,1.47271,1.47294,2.44,1.50
2011.03.15 12:40:23.522,1.47262,1.47294,3.00,1.69
2011.03.15 12:40:23.637,1.47262,1.47292,2.25,1.89
2011.03.15 12:40:24.079,1.47262,1.47292,3.00,1.71
2011.03.15 12:40:24.629,1.47258,1.47303,1.50,1.50
2011.03.15 12:40:24.850,1.4726,1.47292,2.25,1.50
2011.03.15 12:40:25.176,1.47256,1.47286,2.25,1.03
2011.03.15 12:40:25.296,1.47249,1.47283,3.00,1.03
2011.03.15 12:40:25.524,1.47256,1.47277,1.50,1.78
2011.03.15 12:40:25.640,1.47237,1.47271,2.25,1.50
2011.03.15 12:40:25.867,1.47237,1.47268,2.25,1.03
2011.03.15 12:40:26.086,1.47236,1.47268,2.25,1.03
2011.03.15 12:40:26.747,1.47236,1.47267,1.50,1.50
2011.03.15 12:40:26.968,1.47236,1.47263,1.50,1.03
2011.03.15 12:40:27.077,1.47229,1.47263,3.00,1.03
2011.03.15 12:40:27.298,1.47232,1.47264,1.50,1.03
2011.03.15 12:40:27.736,1.47227,1.47264,2.25,1.03
2011.03.15 12:40:27.959,1.47227,1.47255,1.50,2.44
2011.03.15 12:40:28.072,1.47219,1.47252,2.25,2.25
2011.03.15 12:40:28.300,1.47216,1.4725,2.25,1.03
2011.03.15 12:40:28.637,1.47207,1.47249,2.25,2.53
2011.03.15 12:40:28.746,1.47207,1.4725,2.25,1.78
2011.03.15 12:40:28.968,1.47217,1.47238,1.50,1.69
2011.03.15 12:40:29.077,1.47206,1.47238,1.50,2.44
2011.03.15 12:40:29.497,1.47203,1.47234,1.50,2.25
2011.03.15 12:40:29.938,1.47209,1.47239,1.50,2.25
2011.03.15 12:40:30.046,1.47209,1.47248,1.50,3.66
2011.03.15 12:40:30.158,1.47212,1.47252,1.50,1.03
2011.03.15 12:40:30.270,1.47212,1.47252,2.44,1.03
2011.03.15 12:40:30.710,1.47212,1.47253,1.69,1.03
2011.03.15 12:40:32.037,1.47217,1.47253,2.25,3.28
2011.03.15 12:40:32.148,1.47217,1.47246,2.25,1.13
2011.03.15 12:40:32.258,1.47208,1.47237,3.00,1.50
2011.03.15 12:40:32.480,1.47202,1.47232,3.00,1.22
2011.03.15 12:40:32.820,1.47186,1.47224,1.50,1.50
2011.03.15 12:40:33.496,1.47192,1.47228,1.05,2.53
2011.03.15 12:40:33.609,1.47192,1.47225,1.05,2.25
2011.03.15 12:40:33.833,1.47199,1.47233,3.00,1.78
2011.03.15 12:40:34.058,1.47192,1.47233,1.05,1.78
2011.03.15 12:40:34.828,1.47207,1.47234,3.00,2.53
2011.03.15 12:40:35.271,1.47204,1.47234,2.25,2.72
2011.03.15 12:40:35.390,1.47204,1.47232,2.25,1.22
2011.03.15 12:40:35.509,1.47193,1.47227,3.00,1.03
2011.03.15 12:40:35.839,1.47192,1.47224,3.00,2.25
2011.03.15 12:40:36.167,1.47192,1.47223,3.00,1.03
2011.03.15 12:40:36.966,1.4719,1.47216,3.00,1.03
2011.03.15 12:40:37.300,1.47196,1.47215,3.00,1.03
2011.03.15 12:40:37.640,1.47172,1.47204,1.05,1.50
2011.03.15 12:40:37.759,1.47172,1.47204,1.05,1.50
2011.03.15 12:40:37.869,1.47172,1.47212,3.00,2.53
2011.03.15 12:40:37.978,1.47174,1.4721,1.50,1.03
2011.03.15 12:40:38.308,1.47166,1.47202,2.40,1.50
2011.03.15 12:40:38.528,1.47171,1.47207,1.50,1.03
2011.03.15 12:40:39.186,1.47176,1.47209,2.25,1.97
2011.03.15 12:40:40.308,1.47185,1.47208,2.25,1.22
2011.03.15 12:40:40.425,1.4718,1.47204,3.00,1.78
2011.03.15 12:40:40.761,1.47188,1.47204,3.00,1.03
2011.03.15 12:40:40.878,1.47194,1.47219,3.00,1.03
2011.03.15 12:40:41.097,1.47197,1.47219,3.00,1.03
2011.03.15 12:40:41.210,1.47197,1.47223,3.00,1.97
2011.03.15 12:40:41.758,1.47202,1.47227,2.25,1.03
2011.03.15 12:40:41.870,1.47202,1.4723,3.00,1.54
2011.03.15 12:40:41.990,1.47202,1.47224,3.00,1.69
2011.03.15 12:40:42.209,1.47197,1.47226,3.00,1.69
2011.03.15 12:40:43.240,1.47196,1.47228,4.50,1.69
2011.03.15 12:40:44.737,1.47196,1.47229,3.00,1.03
2011.03.15 12:40:44.958,1.47208,1.47233,3.00,1.50
2011.03.15 12:40:45.067,1.47208,1.47237,3.00,1.22
2011.03.15 12:40:45.287,1.47197,1.47237,2.25,1.22
2011.03.15 12:40:45.729,1.47201,1.47242,1.50,1.22
2011.03.15 12:40:46.277,1.47206,1.47241,2.25,1.22
2011.03.15 12:40:46.499,1.47198,1.47242,1.50,1.97
2011.03.15 12:40:47.118,1.47193,1.47231,1.50,2.18
2011.03.15 12:40:47.448,1.47193,1.47233,1.50,1.50
2011.03.15 12:40:48.028,1.47196,1.47234,2.25,2.93
2011.03.15 12:40:49.200,1.47203,1.47234,1.50,1.50
2011.03.15 12:40:49.309,1.47203,1.47241,1.50,1.03
2011.03.15 12:40:49.746,1.47207,1.47241,2.25,1.22
2011.03.15 12:40:50.186,1.47207,1.47243,2.25,5.79
2011.03.15 12:40:50.517,1.472,1.47243,1.50,1.03
2011.03.15 12:40:50.737,1.472,1.47241,1.50,1.03
2011.03.15 12:40:51.068,1.47206,1.47241,2.25,1.03
2011.03.15 12:40:51.397,1.47206,1.47243,2.25,2.64
2011.03.15 12:40:51.506,1.47199,1.47243,1.50,2.64
2011.03.15 12:40:51.903,1.47199,1.47243,1.50,2.64
2011.03.15 12:40:52.590,1.47217,1.47243,1.94,2.64
2011.03.15 12:40:53.147,1.47228,1.47241,1.50,1.78
2011.03.15 12:40:53.479,1.47206,1.47241,2.25,1.03
2011.03.15 12:40:54.138,1.47201,1.47236,1.50,1.43
2011.03.15 12:40:54.467,1.47201,1.47234,1.50,1.50
2011.03.15 12:40:55.017,1.47201,1.47234,1.50,1.50
2011.03.15 12:40:55.677,1.47197,1.47234,2.85,2.25
2011.03.15 12:40:56.013,1.47197,1.47231,1.50,2.18
2011.03.15 12:40:56.129,1.472,1.47233,1.50,1.50
2011.03.15 12:40:56.457,1.472,1.47233,1.50,1.50
2011.03.15 12:40:57.208,1.47206,1.47233,1.50,1.50
2011.03.15 12:40:57.317,1.47206,1.47238,1.50,1.03
2011.03.15 12:40:57.428,1.47206,1.47238,1.50,1.03
2011.03.15 12:40:57.536,1.47206,1.47242,1.50,1.22
2011.03.15 12:40:58.086,1.47206,1.47242,3.00,1.22
2011.03.15 12:40:59.788,1.47204,1.47242,1.50,1.97
2011.03.15 12:40:59.898,1.47204,1.47241,1.50,2.64
2011.03.15 12:41:00.558,1.47207,1.47241,1.50,1.71
2011.03.15 12:41:00.778,1.47203,1.47244,1.50,1.50
2011.03.15 12:41:01.217,1.47203,1.47244,1.50,1.50
2011.03.15 12:41:01.328,1.47206,1.47244,2.25,1.50
2011.03.15 12:41:02.150,1.47206,1.47244,2.25,1.50
2011.03.15 12:41:02.479,1.47206,1.47244,2.25,1.50
2011.03.15 12:41:02.698,1.47206,1.47244,2.25,1.78
2011.03.15 12:41:03.029,1.47204,1.47242,1.50,1.03
2011.03.15 12:41:03.578,1.47206,1.47244,2.25,1.50
2011.03.15 12:41:06.339,1.47206,1.47244,2.25,2.25
2011.03.15 12:41:06.780,1.47203,1.47242,1.50,1.50
2011.03.15 12:41:07.088,1.47203,1.47234,1.50,1.22
2011.03.15 12:41:07.311,1.47192,1.47234,1.50,4.22
2011.03.15 12:41:07.721,1.4719,1.47223,1.50,1.50
2011.03.15 12:41:07.951,1.47187,1.47223,1.50,1.50
2011.03.15 12:41:08.070,1.47187,1.47228,1.50,1.03
2011.03.15 12:41:09.698,1.47187,1.47226,1.65,2.53
2011.03.15 12:41:10.029,1.47196,1.47219,2.25,2.25
2011.03.15 12:41:10.357,1.47187,1.47225,2.25,2.53
2011.03.15 12:41:10.467,1.47187,1.4722,2.25,2.25
2011.03.15 12:41:10.687,1.47186,1.47215,2.25,2.25
2011.03.15 12:41:11.366,1.47186,1.47215,2.25,2.25
2011.03.15 12:41:11.478,1.47186,1.47215,2.25,2.25
2011.03.15 12:41:12.137,1.47186,1.47215,2.25,2.25
2011.03.15 12:41:12.248,1.47186,1.47217,2.25,2.25
2011.03.15 12:41:12.832,1.47186,1.47217,2.25,2.25
2011.03.15 12:41:12.952,1.47186,1.47217,2.25,2.25
2011.03.15 12:41:13.179,1.47187,1.47215,2.25,2.25
2011.03.15 12:41:13.510,1.47191,1.47222,1.50,2.25
2011.03.15 12:41:13.847,1.47187,1.47218,2.25,2.25
2011.03.15 12:41:14.076,1.47196,1.47218,2.25,2.25
2011.03.15 12:41:15.069,1.47196,1.47216,2.25,2.25
2011.03.15 12:41:15.291,1.47196,1.47221,2.25,2.25
2011.03.15 12:41:15.518,1.47196,1.47221,2.25,2.25
2011.03.15 12:41:15.849,1.47191,1.47222,1.69,2.25
2011.03.15 12:41:16.853,1.47197,1.47229,2.25,2.25
2011.03.15 12:41:17.189,1.472,1.47238,1.50,2.25
2011.03.15 12:41:17.297,1.47199,1.47229,1.50,2.25
2011.03.15 12:41:17.408,1.47199,1.47229,1.50,2.25
2011.03.15 12:41:17.626,1.47199,1.47229,1.50,2.25
2011.03.15 12:41:17.847,1.47199,1.47229,1.50,2.25
2011.03.15 12:41:18.177,1.47205,1.47237,1.50,2.25
2011.03.15 12:41:18.398,1.47207,1.47237,2.25,2.25
2011.03.15 12:41:18.946,1.47207,1.47237,2.25,2.25
2011.03.15 12:41:20.088,1.47213,1.47237,1.50,2.25
2011.03.15 12:41:20.307,1.47213,1.47237,1.50,2.25
2011.03.15 12:41:21.077,1.47209,1.47235,1.13,2.25
2011.03.15 12:41:21.296,1.47207,1.47238,2.25,2.25
2011.03.15 12:41:22.159,1.47212,1.47243,1.50,1.50
2011.03.15 12:41:22.597,1.47212,1.47243,1.50,1.50
2011.03.15 12:41:23.588,1.47212,1.47243,1.50,1.50
2011.03.15 12:41:23.809,1.47209,1.47235,1.28,2.25
2011.03.15 12:41:23.921,1.47212,1.47235,1.50,2.25
2011.03.15 12:41:24.148,1.47211,1.47235,1.50,2.25
2011.03.15 12:41:24.369,1.47212,1.47237,2.25,2.25
2011.03.15 12:41:24.586,1.47212,1.47235,1.50,2.25
2011.03.15 12:41:24.809,1.47212,1.47238,1.50,2.25
2011.03.15 12:41:24.919,1.47212,1.47237,1.50,2.25
2011.03.15 12:41:25.248,1.47211,1.47237,2.25,2.25
2011.03.15 12:41:25.688,1.47212,1.47243,2.25,1.50
2011.03.15 12:41:26.020,1.47216,1.47249,1.50,2.25
2011.03.15 12:41:26.594,1.47212,1.47254,1.50,2.25
2011.03.15 12:41:26.712,1.47212,1.47253,1.50,1.78
2011.03.15 12:41:27.267,1.47216,1.47251,2.25,1.03
2011.03.15 12:41:28.038,1.47216,1.47251,2.25,1.03
2011.03.15 12:41:28.301,1.47208,1.47246,1.50,1.03
2011.03.15 12:41:28.861,1.47206,1.47244,2.25,1.50
2011.03.15 12:41:29.419,1.47206,1.47244,2.25,1.50
2011.03.15 12:41:32.257,1.47206,1.47244,2.25,1.50
2011.03.15 12:41:33.257,1.47206,1.47244,2.25,1.50
2011.03.15 12:41:33.978,1.47207,1.47245,2.25,1.03
2011.03.15 12:41:34.308,1.47201,1.47243,1.50,1.18
2011.03.15 12:41:34.636,1.47198,1.47241,2.03,1.03
2011.03.15 12:41:34.749,1.47198,1.47237,1.50,1.69
2011.03.15 12:41:35.077,1.47196,1.47235,2.25,1.22
2011.03.15 12:41:35.832,1.47196,1.47235,2.25,1.22
2011.03.15 12:41:37.129,1.47196,1.47235,2.25,1.22
2011.03.15 12:41:37.900,1.472,1.47235,1.50,1.03
2011.03.15 12:41:38.118,1.47196,1.47233,3.75,2.25
2011.03.15 12:41:38.337,1.47196,1.47235,3.00,2.25
2011.03.15 12:41:38.449,1.47227,1.47235,1.30,2.25
2011.03.15 12:41:38.791,1.47226,1.47261,2.44,1.50
2011.03.15 12:41:38.908,1.47227,1.47267,1.50,1.50
2011.03.15 12:41:39.017,1.47229,1.47267,1.50,1.50
2011.03.15 12:41:39.128,1.47229,1.47268,1.50,3.00
2011.03.15 12:41:39.568,1.47229,1.4727,1.50,2.25
2011.03.15 12:41:40.334,1.47229,1.4727,1.50,2.25
2011.03.15 12:41:40.452,1.47229,1.4727,1.50,2.25
2011.03.15 12:41:41.010,1.47226,1.47264,3.19,1.50
2011.03.15 12:41:41.349,1.47226,1.47262,3.00,3.19
2011.03.15 12:41:41.571,1.47227,1.47259,1.50,1.78
2011.03.15 12:41:42.018,1.47227,1.47258,2.25,2.53
2011.03.15 12:41:42.236,1.47217,1.47258,2.25,2.53
2011.03.15 12:41:42.457,1.47227,1.47256,2.25,2.25
2011.03.15 12:41:42.568,1.47227,1.4726,2.25,3.28
2011.03.15 12:41:42.789,1.47227,1.4726,2.25,1.03
2011.03.15 12:41:42.897,1.47227,1.47263,2.25,2.53
2011.03.15 12:41:43.010,1.47227,1.47263,2.25,3.28
2011.03.15 12:41:43.237,1.47237,1.47261,1.50,2.25
2011.03.15 12:41:43.459,1.47227,1.4726,1.50,3.00
2011.03.15 12:41:44.072,1.47226,1.47258,1.50,1.69
2011.03.15 12:41:44.413,1.47227,1.47267,2.25,1.03
2011.03.15 12:41:44.532,1.47225,1.47264,1.50,1.50
2011.03.15 12:41:44.869,1.4723,1.47259,1.50,2.25
2011.03.15 12:41:45.090,1.47231,1.47268,1.50,3.00
2011.03.15 12:41:45.320,1.47237,1.4727,2.25,1.50
2011.03.15 12:41:45.550,1.47236,1.47274,3.00,3.00
2011.03.15 12:41:45.769,1.47236,1.47274,2.25,2.25
2011.03.15 12:41:45.879,1.47236,1.47279,2.25,1.03
2011.03.15 12:41:45.987,1.47236,1.47274,2.25,1.50
2011.03.15 12:41:47.297,1.47236,1.47274,3.75,1.50
2011.03.15 12:41:47.630,1.47249,1.47281,1.50,2.53
2011.03.15 12:41:47.751,1.47249,1.47283,1.69,1.50
2011.03.15 12:41:48.088,1.47248,1.47283,1.50,2.25
2011.03.15 12:41:48.309,1.47247,1.47284,1.50,2.25
2011.03.15 12:41:48.637,1.47253,1.47284,1.50,2.25
2011.03.15 12:41:48.747,1.47252,1.47283,1.50,1.50
2011.03.15 12:41:48.858,1.47252,1.47287,1.50,3.00
2011.03.15 12:41:49.187,1.47257,1.47293,1.50,5.25
2011.03.15 12:41:50.001,1.47257,1.47287,1.50,2.25
2011.03.15 12:41:50.122,1.47257,1.47291,1.50,2.25
2011.03.15 12:41:50.240,1.47257,1.47294,1.50,1.50
2011.03.15 12:41:50.789,1.47263,1.47294,1.50,1.50
2011.03.15 12:41:51.338,1.47263,1.47287,1.50,1.50
2011.03.15 12:41:51.671,1.4725,1.47273,1.50,4.50
2011.03.15 12:41:51.900,1.4723,1.47263,1.50,3.00
2011.03.15 12:41:52.117,1.47228,1.47262,1.50,1.50
2011.03.15 12:41:52.447,1.47237,1.47257,1.50,2.25
2011.03.15 12:41:52.713,1.47226,1.47259,1.50,4.50
2011.03.15 12:41:53.266,1.47227,1.47258,1.50,1.50
2011.03.15 12:41:53.710,1.47227,1.47253,1.50,1.50
2011.03.15 12:41:53.827,1.47221,1.47253,1.50,1.50
2011.03.15 12:41:54.267,1.47216,1.47255,2.25,1.22
2011.03.15 12:41:54.376,1.47218,1.47257,1.50,1.97
2011.03.15 12:41:54.487,1.47218,1.47253,1.50,1.50
2011.03.15 12:41:54.819,1.47217,1.47253,2.25,2.25
2011.03.15 12:41:54.930,1.47217,1.47253,2.25,1.50
2011.03.15 12:41:55.477,1.47217,1.47254,2.25,2.53
2011.03.15 12:41:55.589,1.47213,1.47252,1.50,1.03
2011.03.15 12:41:55.808,1.47214,1.47247,1.50,1.69
2011.03.15 12:41:55.918,1.47214,1.47247,1.20,1.69
2011.03.15 12:41:56.028,1.47214,1.4725,1.20,1.50
2011.03.15 12:41:56.137,1.47215,1.47253,1.20,3.47
2011.03.15 12:41:56.358,1.47211,1.47253,1.69,4.22
2011.03.15 12:41:57.458,1.47217,1.47253,2.25,2.53
2011.03.15 12:41:57.787,1.47211,1.47253,1.50,2.53
2011.03.15 12:41:58.229,1.47217,1.47252,2.25,1.78
2011.03.15 12:41:58.558,1.47217,1.47254,2.25,1.97
2011.03.15 12:41:58.779,1.47216,1.47254,2.25,1.50
2011.03.15 12:41:59.109,1.47216,1.47254,2.25,1.50
2011.03.15 12:41:59.440,1.47192,1.47234,1.50,1.50
2011.03.15 12:41:59.549,1.47196,1.47234,1.50,3.00
2011.03.15 12:41:59.973,1.47196,1.47234,2.25,3.00
2011.03.15 12:42:00.308,1.47196,1.47234,2.25,3.28
2011.03.15 12:42:00.418,1.47196,1.47228,2.25,1.03
2011.03.15 12:42:00.858,1.47196,1.47233,2.25,1.03
2011.03.15 12:42:01.408,1.47196,1.47233,2.25,1.03
2011.03.15 12:42:01.629,1.472,1.47233,1.50,1.03
2011.03.15 12:42:01.960,1.47197,1.47235,3.00,1.03
2011.03.15 12:42:02.072,1.47199,1.47228,1.50,1.50
2011.03.15 12:42:02.420,1.47186,1.47215,3.00,2.44
2011.03.15 12:42:02.758,1.47177,1.47209,4.50,1.03
2011.03.15 12:42:02.868,1.47176,1.47209,2.25,1.03
2011.03.15 12:42:03.213,1.47169,1.47209,3.00,1.03
2011.03.15 12:42:04.547,1.47167,1.47203,4.50,2.53
2011.03.15 12:42:04.658,1.47167,1.47203,2.25,1.78
2011.03.15 12:42:04.986,1.47169,1.47203,3.00,1.78
2011.03.15 12:42:05.097,1.47169,1.47203,3.00,1.78
2011.03.15 12:42:05.428,1.47169,1.47203,3.00,1.78
2011.03.15 12:42:05.649,1.4717,1.47203,3.00,1.78
2011.03.15 12:42:06.686,1.4717,1.47203,1.50,1.78
2011.03.15 12:42:07.681,1.4717,1.4721,1.50,1.03
2011.03.15 12:42:08.018,1.47166,1.47208,3.15,1.03
2011.03.15 12:42:08.348,1.47166,1.47208,3.15,1.78
2011.03.15 12:42:08.457,1.47166,1.47208,3.15,1.78
2011.03.15 12:42:08.791,1.47167,1.47204,2.40,1.03
2011.03.15 12:42:09.127,1.47167,1.47204,2.40,1.03
2011.03.15 12:42:09.679,1.47167,1.47208,3.19,1.03
2011.03.15 12:42:10.007,1.47177,1.47208,1.50,1.03
2011.03.15 12:42:10.337,1.47168,1.47208,1.69,1.03
2011.03.15 12:42:10.718,1.47177,1.47208,1.50,1.03
2011.03.15 12:42:11.049,1.47177,1.47208,1.50,1.03
2011.03.15 12:42:11.158,1.4717,1.472,1.69,2.25
2011.03.15 12:42:11.270,1.47162,1.47196,1.50,1.50
2011.03.15 12:42:11.746,1.47146,1.47177,2.25,1.50
2011.03.15 12:42:11.863,1.47136,1.47166,2.25,1.50
2011.03.15 12:42:11.979,1.47129,1.47166,1.50,2.44
2011.03.15 12:42:12.419,1.47125,1.4716,1.50,3.47
2011.03.15 12:42:12.641,1.47126,1.47157,1.50,1.50
2011.03.15 12:42:12.978,1.47127,1.47154,1.50,1.03
2011.03.15 12:42:13.640,1.47126,1.47161,1.50,1.03
2011.03.15 12:42:13.859,1.47126,1.47159,1.50,1.03
2011.03.15 12:42:14.190,1.47126,1.47161,3.00,1.03
2011.03.15 12:42:14.297,1.47126,1.47168,2.25,1.03
2011.03.15 12:42:14.862,1.47126,1.47159,1.50,1.03
2011.03.15 12:42:15.752,1.47119,1.4716,3.00,1.03
2011.03.15 12:42:16.203,1.47119,1.47154,1.50,2.25
2011.03.15 12:42:17.197,1.47118,1.47153,3.00,1.50
2011.03.15 12:42:18.398,1.47112,1.47148,2.25,1.50
2011.03.15 12:42:18.730,1.47114,1.47153,1.50,4.78
2011.03.15 12:42:18.958,1.47114,1.47154,1.50,1.50
2011.03.15 12:42:19.290,1.47113,1.47154,2.03,1.50
2011.03.15 12:42:19.908,1.47117,1.47153,2.25,1.50
2011.03.15 12:42:20.348,1.47117,1.47153,2.25,1.50
2011.03.15 12:42:21.006,1.47117,1.47153,2.25,1.50
2011.03.15 12:42:21.566,1.47117,1.47154,1.50,1.50
2011.03.15 12:42:21.908,1.47117,1.47154,1.50,1.50
2011.03.15 12:42:22.237,1.47117,1.47154,1.50,1.50
2011.03.15 12:42:22.533,1.47117,1.47157,3.00,2.25
2011.03.15 12:42:22.758,1.47119,1.47159,1.50,1.03
2011.03.15 12:42:23.198,1.4714,1.47173,1.50,2.53
2011.03.15 12:42:23.307,1.4714,1.47173,1.50,1.78
2011.03.15 12:42:24.626,1.4715,1.47179,2.25,1.18
2011.03.15 12:42:25.307,1.4715,1.4718,2.25,2.08
2011.03.15 12:42:25.418,1.47138,1.47176,3.00,1.28
2011.03.15 12:42:25.530,1.47138,1.47167,3.00,1.50
2011.03.15 12:42:25.639,1.47132,1.47164,2.63,2.25
2011.03.15 12:42:25.859,1.4713,1.47164,2.25,2.25
2011.03.15 12:42:25.969,1.4713,1.47161,2.25,1.03
2011.03.15 12:42:26.409,1.47127,1.4716,3.00,1.03
2011.03.15 12:42:26.517,1.47127,1.4716,3.00,1.03
2011.03.15 12:42:26.627,1.47133,1.4716,2.25,1.03
2011.03.15 12:42:26.959,1.47135,1.4716,2.25,1.03
2011.03.15 12:42:27.437,1.47137,1.4716,2.25,1.03
2011.03.15 12:42:27.768,1.47143,1.4716,2.25,1.03
2011.03.15 12:42:29.099,1.4714,1.4716,2.25,1.03
2011.03.15 12:42:29.320,1.47134,1.4716,2.25,1.03
2011.03.15 12:42:29.439,1.4714,1.4716,2.25,1.03
2011.03.15 12:42:29.549,1.47137,1.4716,2.25,1.03
2011.03.15 12:42:29.769,1.47133,1.47158,3.00,1.03
2011.03.15 12:42:29.881,1.47127,1.47154,1.50,1.03
2011.03.15 12:42:30.108,1.47116,1.47154,1.50,1.03
2011.03.15 12:42:30.218,1.47116,1.47154,2.25,1.03
2011.03.15 12:42:30.437,1.47116,1.47156,2.25,1.03
2011.03.15 12:42:30.769,1.47116,1.47156,2.25,1.03
2011.03.15 12:42:31.222,1.47116,1.47155,2.25,1.78
2011.03.15 12:42:31.341,1.4711,1.47154,1.50,2.53
2011.03.15 12:42:31.460,1.47117,1.47148,1.50,1.22
2011.03.15 12:42:31.688,1.47107,1.47149,2.25,1.22
2011.03.15 12:42:31.797,1.47107,1.47148,2.25,1.22
2011.03.15 12:42:32.128,1.47118,1.47143,2.25,1.03
2011.03.15 12:42:32.567,1.4712,1.47143,2.25,1.03
2011.03.15 12:42:33.116,1.47116,1.47143,4.50,2.53
2011.03.15 12:42:33.338,1.47114,1.47141,2.25,1.03
2011.03.15 12:42:33.450,1.47105,1.47135,2.25,1.50
2011.03.15 12:42:33.670,1.47097,1.47131,2.25,1.50
2011.03.15 12:42:33.788,1.47097,1.47131,1.50,2.25
2011.03.15 12:42:34.118,1.47094,1.47126,2.25,1.78
2011.03.15 12:42:34.337,1.47094,1.47124,2.25,1.50
2011.03.15 12:42:34.667,1.47086,1.47122,2.25,1.03
2011.03.15 12:42:35.257,1.4708,1.47123,3.00,1.03
2011.03.15 12:42:36.158,1.47087,1.47123,2.25,2.53
2011.03.15 12:42:36.931,1.47086,1.47123,2.25,1.03
2011.03.15 12:42:37.490,1.47088,1.47128,3.00,1.22
2011.03.15 12:42:37.718,1.47091,1.47123,3.00,1.50
2011.03.15 12:42:38.378,1.47091,1.47123,3.00,1.50
2011.03.15 12:42:38.930,1.47092,1.47134,3.75,2.25
2011.03.15 12:42:39.045,1.47101,1.47133,1.50,1.50
2011.03.15 12:42:39.378,1.47097,1.47133,2.25,1.50
2011.03.15 12:42:39.709,1.47097,1.47133,2.25,1.50
2011.03.15 12:42:40.488,1.47101,1.47141,2.14,1.03
2011.03.15 12:42:40.709,1.47106,1.47146,2.44,1.03
2011.03.15 12:42:40.820,1.47108,1.47149,1.69,1.50
2011.03.15 12:42:41.040,1.47108,1.47152,1.69,2.53
2011.03.15 12:42:41.272,1.47116,1.47154,2.25,2.87
2011.03.15 12:42:41.611,1.47119,1.47159,1.50,1.22
2011.03.15 12:42:41.950,1.47126,1.47164,3.00,3.75
2011.03.15 12:42:42.067,1.47126,1.47164,1.50,1.50
2011.03.15 12:42:42.443,1.47128,1.47164,1.20,1.50
2011.03.15 12:42:42.777,1.47128,1.47171,3.45,1.97
2011.03.15 12:42:43.438,1.47127,1.47171,1.50,1.93
2011.03.15 12:42:43.657,1.4713,1.47162,1.50,2.25
2011.03.15 12:42:44.100,1.4713,1.47162,1.50,1.03
2011.03.15 12:42:44.329,1.47127,1.4716,2.25,3.28
2011.03.15 12:42:44.442,1.47127,1.4716,2.25,2.53
2011.03.15 12:42:45.378,1.47127,1.47162,2.25,1.03
2011.03.15 12:42:46.478,1.47127,1.47162,2.25,1.03
2011.03.15 12:42:47.028,1.47127,1.47162,2.25,1.03
2011.03.15 12:42:47.357,1.47127,1.47163,2.25,2.25
2011.03.15 12:42:47.907,1.47122,1.47159,1.50,2.25
2011.03.15 12:42:48.018,1.47127,1.47163,1.50,1.50
2011.03.15 12:42:48.128,1.47127,1.47154,1.50,1.50
2011.03.15 12:42:48.458,1.47127,1.47153,1.50,1.50
2011.03.15 12:42:48.788,1.47126,1.47159,1.50,1.03
2011.03.15 12:42:49.338,1.47127,1.47162,1.50,1.03
2011.03.15 12:42:50.720,1.47127,1.47162,1.50,1.03
2011.03.15 12:42:50.943,1.47137,1.47168,1.50,1.03
2011.03.15 12:42:51.172,1.47138,1.47174,1.50,2.25
2011.03.15 12:42:51.618,1.47143,1.47181,1.50,3.00
2011.03.15 12:42:51.729,1.47143,1.47173,1.50,1.50
2011.03.15 12:42:51.962,1.47143,1.4718,1.50,1.50
2011.03.15 12:42:52.078,1.47136,1.47173,1.50,2.25
2011.03.15 12:42:52.408,1.47127,1.47162,2.25,3.00
2011.03.15 12:42:52.739,1.47122,1.47157,1.50,1.50
2011.03.15 12:42:53.113,1.4712,1.47154,1.13,1.50
2011.03.15 12:42:53.237,1.4711,1.47152,1.95,1.50
2011.03.15 12:42:53.682,1.47109,1.47143,2.25,1.50
2011.03.15 12:42:54.020,1.47109,1.47143,1.50,1.50
2011.03.15 12:42:54.347,1.47109,1.47154,1.50,5.25
2011.03.15 12:42:54.459,1.47109,1.47153,1.50,1.50
2011.03.15 12:42:54.569,1.47115,1.47153,1.50,3.00
2011.03.15 12:42:54.898,1.47115,1.47143,1.50,1.50
2011.03.15 12:42:55.007,1.47115,1.47153,1.50,2.25
2011.03.15 12:42:55.447,1.47117,1.47153,2.25,1.50
2011.03.15 12:42:55.788,1.47117,1.47153,2.25,2.25
2011.03.15 12:42:57.331,1.47117,1.47153,2.25,2.25
2011.03.15 12:42:57.450,1.47117,1.47153,2.25,1.50
2011.03.15 12:42:57.679,1.47117,1.47154,1.50,1.50
2011.03.15 12:42:58.227,1.4712,1.47162,1.50,2.25
2011.03.15 12:42:58.671,1.47121,1.47161,1.35,2.25
2011.03.15 12:42:58.898,1.47126,1.47153,1.50,2.25
2011.03.15 12:42:59.010,1.47126,1.47157,2.25,2.25
2011.03.15 12:42:59.556,1.47126,1.47158,2.25,2.25
2011.03.15 12:42:59.778,1.47126,1.4716,2.25,2.25
2011.03.15 12:43:00.222,1.47127,1.47162,2.25,4.50
2011.03.15 12:43:00.558,1.47126,1.47162,2.25,2.25
2011.03.15 12:43:00.667,1.47126,1.47166,2.25,1.78
2011.03.15 12:43:00.779,1.47126,1.47166,2.25,1.78
2011.03.15 12:43:00.998,1.47126,1.47162,2.25,2.25
2011.03.15 12:43:01.329,1.47127,1.47163,2.25,1.50
2011.03.15 12:43:01.789,1.47127,1.47163,2.25,1.50
2011.03.15 12:43:02.117,1.47127,1.47163,2.25,1.50
2011.03.15 12:43:02.338,1.47127,1.47163,2.25,1.50
2011.03.15 12:43:02.887,1.47126,1.47164,3.00,2.25
2011.03.15 12:43:03.329,1.47126,1.47161,2.25,2.25
2011.03.15 12:43:03.847,1.47126,1.47164,2.25,3.00
2011.03.15 12:43:04.082,1.47121,1.47163,2.25,3.60
2011.03.15 12:43:04.309,1.47121,1.47154,2.25,1.50
2011.03.15 12:43:04.418,1.47121,1.4716,1.50,1.50
2011.03.15 12:43:04.531,1.47117,1.47161,2.25,1.50
2011.03.15 12:43:04.919,1.47117,1.47153,2.25,1.50
2011.03.15 12:43:05.249,1.47117,1.47153,3.00,1.50
2011.03.15 12:43:05.470,1.47117,1.47153,3.00,1.50
2011.03.15 12:43:05.688,1.47117,1.47153,3.00,1.50
2011.03.15 12:43:06.128,1.47117,1.47153,3.00,3.75
2011.03.15 12:43:06.570,1.47117,1.47159,3.75,1.03
2011.03.15 12:43:07.147,1.47127,1.47162,2.25,1.69
2011.03.15 12:43:07.383,1.47127,1.47159,1.50,1.97
2011.03.15 12:43:07.608,1.47116,1.47159,2.25,3.47
2011.03.15 12:43:07.723,1.47121,1.47156,1.50,2.53
2011.03.15 12:43:08.061,1.47117,1.47163,1.50,1.78
2011.03.15 12:43:08.178,1.47119,1.47163,1.50,1.03
2011.03.15 12:43:08.727,1.47119,1.47163,1.50,1.78
2011.03.15 12:43:09.058,1.47127,1.47165,1.50,2.25
2011.03.15 12:43:09.168,1.47127,1.47168,2.25,4.03
2011.03.15 12:43:09.607,1.47137,1.47168,1.50,3.28
2011.03.15 12:43:09.828,1.47137,1.47168,1.50,2.25
2011.03.15 12:43:10.394,1.47137,1.47166,1.50,2.25
2011.03.15 12:43:10.729,1.47137,1.47168,1.50,2.25
2011.03.15 12:43:11.389,1.47136,1.47168,1.50,2.25
2011.03.15 12:43:11.502,1.47134,1.47171,1.50,2.25
2011.03.15 12:43:11.619,1.47136,1.47173,1.50,2.53
2011.03.15 12:43:11.839,1.47136,1.47173,1.50,1.50
2011.03.15 12:43:13.049,1.47134,1.47173,1.50,2.25
2011.03.15 12:43:13.410,1.47121,1.4715,1.50,1.50
2011.03.15 12:43:13.530,1.47114,1.4715,1.50,2.25
2011.03.15 12:43:13.761,1.47106,1.47144,2.25,1.50
2011.03.15 12:43:13.880,1.47107,1.47144,2.25,2.25
2011.03.15 12:43:14.108,1.47106,1.47137,1.50,2.25
2011.03.15 12:43:14.994,1.47106,1.47142,2.25,3.28
2011.03.15 12:43:15.110,1.47106,1.47141,1.50,1.03
2011.03.15 12:43:15.790,1.47106,1.47139,1.50,1.03
2011.03.15 12:43:16.118,1.47106,1.47141,1.50,1.03
2011.03.15 12:43:16.888,1.47106,1.47141,2.25,3.28
2011.03.15 12:43:18.791,1.47096,1.47134,2.25,1.50
2011.03.15 12:43:18.909,1.47096,1.47134,3.00,1.50
2011.03.15 12:43:19.421,1.47096,1.47132,2.25,1.20
2011.03.15 12:43:19.979,1.47097,1.47133,2.25,2.25
2011.03.15 12:43:20.468,1.47092,1.47133,1.50,3.00
2011.03.15 12:43:20.577,1.47097,1.47133,2.25,2.25
2011.03.15 12:43:20.908,1.47097,1.47132,2.25,1.03
2011.03.15 12:43:21.239,1.47089,1.47125,1.50,3.00
2011.03.15 12:43:21.569,1.47096,1.47131,2.25,2.53
2011.03.15 12:43:21.897,1.4709,1.4713,1.50,2.25
2011.03.15 12:43:22.117,1.4709,1.47132,1.50,3.28
2011.03.15 12:43:22.339,1.471,1.47132,1.50,1.03
2011.03.15 12:43:22.666,1.47098,1.47134,1.50,1.50
2011.03.15 12:43:23.216,1.47098,1.47137,1.50,2.25
2011.03.15 12:43:23.613,1.47102,1.47142,1.50,2.53
2011.03.15 12:43:23.838,1.47104,1.47143,1.50,1.03
2011.03.15 12:43:24.391,1.47107,1.47146,2.25,1.03
2011.03.15 12:43:24.620,1.47107,1.47151,2.25,2.25
2011.03.15 12:43:24.847,1.47107,1.4715,2.25,1.13
2011.03.15 12:43:25.073,1.47101,1.47138,1.50,1.03
2011.03.15 12:43:25.190,1.47097,1.47137,2.25,1.03
2011.03.15 12:43:25.523,1.47094,1.47133,1.50,1.50
2011.03.15 12:43:25.639,1.47094,1.47131,1.50,1.03
2011.03.15 12:43:25.859,1.4709,1.47131,1.50,1.03
2011.03.15 12:43:26.188,1.47096,1.47131,3.00,1.03
2011.03.15 12:43:26.408,1.47096,1.47133,1.50,1.50
2011.03.15 12:43:26.629,1.47096,1.47137,3.00,1.03
2011.03.15 12:43:27.203,1.47101,1.47141,1.50,1.18
2011.03.15 12:43:27.320,1.47101,1.47143,1.50,1.18
2011.03.15 12:43:27.659,1.47108,1.47142,1.50,1.03
2011.03.15 12:43:27.769,1.47108,1.47144,1.50,1.50
2011.03.15 12:43:28.097,1.47105,1.47144,1.20,1.50
2011.03.15 12:43:28.430,1.47103,1.47138,2.25,1.50
2011.03.15 12:43:28.538,1.47099,1.47131,1.50,2.25
2011.03.15 12:43:28.868,1.47099,1.47133,1.50,1.50
2011.03.15 12:43:28.979,1.47099,1.47133,1.50,1.50
2011.03.15 12:43:29.311,1.471,1.47134,1.50,1.50
2011.03.15 12:43:29.429,1.471,1.47143,1.50,1.78
2011.03.15 12:43:29.538,1.47104,1.47133,1.50,1.50
2011.03.15 12:43:29.888,1.47104,1.47134,1.50,1.50
2011.03.15 12:43:29.999,1.47104,1.47144,1.50,1.50
2011.03.15 12:43:30.549,1.47104,1.47139,1.50,2.25
2011.03.15 12:43:30.657,1.47104,1.47142,1.50,3.00
2011.03.15 12:43:30.769,1.47104,1.47141,1.50,1.50
2011.03.15 12:43:31.542,1.47098,1.47141,1.50,1.50
2011.03.15 12:43:31.880,1.47098,1.47134,1.50,1.50
2011.03.15 12:43:31.989,1.47098,1.47141,2.25,1.50
2011.03.15 12:43:32.099,1.47098,1.47141,2.25,1.50
2011.03.15 12:43:32.320,1.47098,1.4714,1.50,1.50
2011.03.15 12:43:32.551,1.47098,1.47132,1.50,2.25
2011.03.15 12:43:32.668,1.47098,1.47142,1.50,1.03
2011.03.15 12:43:32.782,1.47098,1.47134,1.50,1.50
2011.03.15 12:43:33.117,1.47098,1.47134,1.50,1.50
2011.03.15 12:43:33.730,1.47098,1.47134,1.50,1.50
2011.03.15 12:43:33.962,1.47102,1.47134,2.44,1.50
2011.03.15 12:43:34.082,1.47109,1.47142,1.50,1.50
2011.03.15 12:43:34.311,1.47106,1.47142,1.50,2.25
2011.03.15 12:43:34.431,1.47105,1.47138,1.50,1.13
2011.03.15 12:43:34.549,1.47105,1.47139,1.50,1.13
2011.03.15 12:43:34.770,1.47108,1.47144,1.50,3.75
2011.03.15 12:43:34.988,1.47107,1.47144,1.50,2.25
2011.03.15 12:43:35.210,1.47107,1.47147,1.50,1.50
2011.03.15 12:43:35.551,1.4711,1.4713,1.50,1.69
2011.03.15 12:43:35.671,1.47101,1.47129,3.38,2.53
2011.03.15 12:43:36.019,1.47099,1.47113,2.25,1.50
2011.03.15 12:43:36.250,1.47077,1.47114,1.50,2.25
2011.03.15 12:43:36.467,1.47077,1.47114,1.50,2.25
2011.03.15 12:43:36.797,1.47077,1.47114,2.25,1.50
2011.03.15 12:43:37.357,1.47077,1.47114,2.25,1.50
2011.03.15 12:43:37.579,1.47077,1.47114,1.50,1.50
2011.03.15 12:43:38.022,1.47076,1.47114,2.25,2.25
2011.03.15 12:43:38.358,1.47076,1.47114,2.25,1.03
2011.03.15 12:43:38.800,1.47077,1.47113,2.25,1.50
2011.03.15 12:43:39.156,1.47083,1.47113,1.50,1.50
2011.03.15 12:43:39.274,1.47085,1.47121,1.50,3.00
2011.03.15 12:43:39.390,1.47086,1.47121,1.50,2.25
2011.03.15 12:43:39.729,1.47089,1.47129,1.50,2.25
2011.03.15 12:43:39.839,1.47086,1.47122,2.25,1.50
2011.03.15 12:43:39.951,1.47086,1.47122,1.50,1.50
2011.03.15 12:43:40.179,1.47083,1.47122,1.50,3.75
2011.03.15 12:43:40.292,1.47082,1.47119,1.50,3.00
2011.03.15 12:43:40.629,1.47067,1.47103,2.25,1.50
2011.03.15 12:43:40.884,1.47067,1.47103,2.25,3.75
2011.03.15 12:43:41.881,1.47067,1.47099,2.25,4.50
2011.03.15 12:43:42.240,1.47057,1.47092,2.25,1.50
2011.03.15 12:43:42.348,1.4705,1.47091,1.50,1.50
2011.03.15 12:43:42.681,1.47056,1.47094,1.50,1.78
2011.03.15 12:43:42.910,1.47058,1.47094,1.50,1.78
2011.03.15 12:43:43.248,1.47058,1.471,3.75,1.03
2011.03.15 12:43:43.797,1.47067,1.471,2.25,1.03
2011.03.15 12:43:44.239,1.47067,1.47097,1.50,2.25
2011.03.15 12:43:44.352,1.47057,1.47093,1.50,1.50
2011.03.15 12:43:44.581,1.47057,1.47093,2.25,1.22
2011.03.15 12:43:45.037,1.47051,1.47089,1.35,1.50
2011.03.15 12:43:45.154,1.47047,1.47087,2.25,1.03
2011.03.15 12:43:45.841,1.4704,1.47081,1.50,1.78
2011.03.15 12:43:46.177,1.47041,1.47082,1.50,2.25
2011.03.15 12:43:46.289,1.47046,1.47084,2.25,1.69
2011.03.15 12:43:47.088,1.47047,1.47087,2.25,1.03
2011.03.15 12:43:47.310,1.47041,1.47076,1.50,4.50
2011.03.15 12:43:47.428,1.47041,1.47076,1.50,4.50
2011.03.15 12:43:47.537,1.47038,1.4707,1.50,1.50
2011.03.15 12:43:48.087,1.47037,1.47073,2.25,2.25
2011.03.15 12:43:48.198,1.47037,1.47073,2.25,1.50
2011.03.15 12:43:48.308,1.47036,1.47073,1.50,1.50
2011.03.15 12:43:48.827,1.47036,1.47072,1.50,1.50
2011.03.15 12:43:48.944,1.47029,1.47066,1.50,4.69
2011.03.15 12:43:49.061,1.47037,1.47063,2.25,1.50
2011.03.15 12:43:49.178,1.47029,1.47063,3.00,1.50
2011.03.15 12:43:49.398,1.47028,1.47067,3.00,1.69
2011.03.15 12:43:50.428,1.47028,1.47063,3.00,1.50
2011.03.15 12:43:50.537,1.47028,1.47063,3.00,1.50
2011.03.15 12:43:50.648,1.47028,1.47063,2.25,1.50
2011.03.15 12:43:50.758,1.47029,1.47062,2.25,5.25
2011.03.15 12:43:51.308,1.47029,1.47062,2.25,5.25
2011.03.15 12:43:51.528,1.47028,1.47057,2.25,1.03
2011.03.15 12:43:51.748,1.47016,1.47059,2.25,1.50
2011.03.15 12:43:51.969,1.47016,1.4706,2.25,2.44
2011.03.15 12:43:52.302,1.47016,1.47056,2.25,1.03
2011.03.15 12:43:52.418,1.47014,1.47054,2.25,1.50
2011.03.15 12:43:52.528,1.47017,1.47054,3.00,1.50
2011.03.15 12:43:52.917,1.47029,1.47053,1.50,1.50
2011.03.15 12:43:53.031,1.47027,1.47053,1.50,1.50
2011.03.15 12:43:53.261,1.47032,1.47064,1.50,1.50
2011.03.15 12:43:53.488,1.4703,1.47064,1.50,1.50
2011.03.15 12:43:54.151,1.47033,1.47073,1.50,1.50
2011.03.15 12:43:54.269,1.47034,1.47074,1.50,2.25
2011.03.15 12:43:54.819,1.47038,1.47081,3.75,2.53
2011.03.15 12:43:55.147,1.47039,1.4708,2.25,1.03
2011.03.15 12:43:55.584,1.47039,1.47074,2.25,1.69
2011.03.15 12:43:56.147,1.47037,1.47073,2.25,1.50
2011.03.15 12:43:56.591,1.47037,1.47073,2.25,1.50
2011.03.15 12:43:56.822,1.47037,1.47073,2.25,2.25
2011.03.15 12:43:57.269,1.47037,1.47073,3.00,1.50
2011.03.15 12:43:57.600,1.47047,1.47078,1.50,2.25
2011.03.15 12:43:57.823,1.47047,1.4708,1.50,2.25
2011.03.15 12:43:58.161,1.47051,1.47084,1.13,2.25
2011.03.15 12:43:58.624,1.47057,1.47093,2.44,1.50
2011.03.15 12:43:58.859,1.47067,1.47102,2.25,1.50
2011.03.15 12:43:59.298,1.47066,1.47101,2.25,1.03
2011.03.15 12:43:59.518,1.47066,1.47102,2.25,1.03
2011.03.15 12:43:59.627,1.47066,1.47101,1.50,1.03
2011.03.15 12:43:59.847,1.47066,1.47101,2.25,1.03
2011.03.15 12:44:00.068,1.47066,1.47101,1.50,1.03
2011.03.15 12:44:00.397,1.47064,1.47101,1.50,1.18
2011.03.15 12:44:00.511,1.47059,1.47096,1.50,1.05
2011.03.15 12:44:00.629,1.47057,1.47094,3.00,1.80
2011.03.15 12:44:00.737,1.47057,1.47094,1.50,1.80
2011.03.15 12:44:01.177,1.47055,1.47083,1.50,1.50
2011.03.15 12:44:01.510,1.47055,1.47083,2.25,1.50
2011.03.15 12:44:01.959,1.47056,1.47094,1.50,1.50
2011.03.15 12:44:02.433,1.47057,1.47093,2.25,1.78
2011.03.15 12:44:03.100,1.47059,1.47093,1.50,1.50
2011.03.15 12:44:03.429,1.47065,1.47102,1.69,1.03
2011.03.15 12:44:05.128,1.47066,1.47104,3.00,2.40
2011.03.15 12:44:05.347,1.47066,1.47104,2.25,2.25
2011.03.15 12:44:05.677,1.47066,1.47104,2.25,2.25
2011.03.15 12:44:06.007,1.47069,1.47104,1.50,1.50
2011.03.15 12:44:06.337,1.47073,1.47104,2.25,1.50
2011.03.15 12:44:06.448,1.47073,1.47113,2.25,2.53
2011.03.15 12:44:06.670,1.47074,1.47113,2.25,1.50
2011.03.15 12:44:07.226,1.47076,1.47114,3.00,1.50
2011.03.15 12:44:08.059,1.47077,1.47118,1.50,1.69
2011.03.15 12:44:08.279,1.47077,1.47113,3.75,1.50
2011.03.15 12:44:08.611,1.47082,1.47122,1.50,2.44
2011.03.15 12:44:08.732,1.47082,1.47122,1.50,1.50
2011.03.15 12:44:08.849,1.47083,1.47123,1.50,2.25
2011.03.15 12:44:09.287,1.47086,1.47124,4.50,1.50
2011.03.15 12:44:10.281,1.47089,1.47124,2.25,1.50
2011.03.15 12:44:10.400,1.47092,1.47124,1.20,1.50
2011.03.15 12:44:10.740,1.47096,1.47123,1.13,1.50
2011.03.15 12:44:10.852,1.47098,1.47133,1.13,1.50
2011.03.15 12:44:11.444,1.47099,1.47133,1.20,1.50
2011.03.15 12:44:11.558,1.47099,1.47141,1.95,1.03
2011.03.15 12:44:11.669,1.47103,1.47142,1.50,1.03
2011.03.15 12:44:11.779,1.47103,1.47143,1.95,1.50
2011.03.15 12:44:11.889,1.47106,1.47147,2.25,1.03
2011.03.15 12:44:12.108,1.47116,1.47148,1.50,1.05
2011.03.15 12:44:12.330,1.4711,1.47151,1.50,3.43
2011.03.15 12:44:13.867,1.47116,1.47154,2.25,2.55
2011.03.15 12:44:13.979,1.47117,1.47154,1.50,2.40
2011.03.15 12:44:14.088,1.47117,1.47157,1.50,1.18
2011.03.15 12:44:14.420,1.47114,1.47154,2.25,3.15
2011.03.15 12:44:14.759,1.47115,1.47151,1.50,3.00
2011.03.15 12:44:14.976,1.47115,1.47143,1.50,1.50
2011.03.15 12:44:15.592,1.47115,1.47153,1.50,4.50
2011.03.15 12:44:15.944,1.47146,1.47165,1.69,1.50
2011.03.15 12:44:16.063,1.47149,1.4719,1.50,1.93
2011.03.15 12:44:16.400,1.4714,1.47181,2.25,1.50
2011.03.15 12:44:16.949,1.47137,1.47183,1.50,4.50
2011.03.15 12:44:17.061,1.47137,1.47174,1.50,1.50
2011.03.15 12:44:17.618,1.47139,1.47174,1.50,1.50
2011.03.15 12:44:17.948,1.47137,1.47174,1.50,2.25
2011.03.15 12:44:18.278,1.47136,1.47171,1.50,1.03
2011.03.15 12:44:18.393,1.4713,1.47171,1.50,1.93
2011.03.15 12:44:18.731,1.47126,1.47171,3.00,4.03
2011.03.15 12:44:19.336,1.47127,1.47164,1.50,2.25
2011.03.15 12:44:19.888,1.47128,1.47163,1.50,2.25
2011.03.15 12:44:19.998,1.47129,1.47163,1.50,2.25
2011.03.15 12:44:20.329,1.47135,1.47172,1.69,3.00
2011.03.15 12:44:20.549,1.47132,1.4717,1.50,1.50
2011.03.15 12:44:20.660,1.47126,1.47168,3.00,1.97
2011.03.15 12:44:20.779,1.47126,1.47163,2.25,3.00
2011.03.15 12:44:21.107,1.47116,1.47157,2.25,1.03
2011.03.15 12:44:21.217,1.47116,1.47157,1.50,1.03
2011.03.15 12:44:21.329,1.47111,1.47154,1.50,3.75
2011.03.15 12:44:21.777,1.47104,1.47143,1.50,3.00
2011.03.15 12:44:21.894,1.47105,1.47143,1.50,3.00
2011.03.15 12:44:22.230,1.47105,1.47144,1.50,2.25
2011.03.15 12:44:22.569,1.47109,1.47144,1.50,1.50
2011.03.15 12:44:22.677,1.47109,1.47144,1.50,2.25
2011.03.15 12:44:22.898,1.4711,1.4715,1.50,3.28
2011.03.15 12:44:23.008,1.47112,1.47152,1.50,1.50
2011.03.15 12:44:23.227,1.47113,1.47153,2.25,2.25
2011.03.15 12:44:23.557,1.47116,1.47154,1.50,2.25
2011.03.15 12:44:23.779,1.47116,1.47154,2.25,2.25
2011.03.15 12:44:24.217,1.47116,1.47154,2.25,2.25
2011.03.15 12:44:24.620,1.47115,1.4715,1.50,2.25
2011.03.15 12:44:24.948,1.471,1.4714,1.50,1.03
2011.03.15 12:44:25.366,1.47097,1.47133,2.25,1.50
2011.03.15 12:44:25.482,1.47097,1.47133,2.25,1.50
2011.03.15 12:44:25.929,1.47096,1.47138,2.25,1.03
2011.03.15 12:44:26.150,1.47107,1.47138,1.50,1.03
2011.03.15 12:44:26.592,1.47096,1.47135,2.25,1.50
2011.03.15 12:44:26.713,1.47096,1.47134,2.25,1.50
2011.03.15 12:44:26.942,1.47096,1.47131,2.25,1.50
2011.03.15 12:44:27.061,1.47096,1.47128,1.50,1.50
2011.03.15 12:44:27.289,1.47096,1.47127,1.50,1.50
2011.03.15 12:44:27.400,1.47093,1.47128,1.50,3.75
2011.03.15 12:44:27.628,1.47092,1.47128,1.50,1.50
2011.03.15 12:44:27.738,1.47092,1.47128,1.50,1.50
2011.03.15 12:44:28.069,1.47085,1.47117,1.50,1.13
2011.03.15 12:44:28.473,1.47085,1.47113,1.50,1.50
2011.03.15 12:44:29.032,1.47088,1.47121,1.50,2.25
2011.03.15 12:44:29.154,1.47092,1.47121,1.50,2.25
2011.03.15 12:44:29.273,1.47093,1.47123,1.50,2.25
2011.03.15 12:44:29.499,1.47094,1.47124,1.50,1.50
2011.03.15 12:44:29.827,1.47096,1.47133,1.50,1.50
2011.03.15 12:44:30.158,1.47095,1.47126,1.50,1.50
2011.03.15 12:44:30.269,1.47089,1.47126,1.50,1.50
2011.03.15 12:44:30.709,1.47087,1.47124,3.00,3.00
2011.03.15 12:44:30.819,1.47087,1.47119,1.50,1.50
2011.03.15 12:44:30.928,1.4708,1.47109,1.50,1.50
2011.03.15 12:44:31.262,1.47067,1.47102,2.25,1.50
2011.03.15 12:44:32.050,1.47067,1.47101,2.25,1.50
2011.03.15 12:44:32.599,1.47067,1.471,2.25,1.03
2011.03.15 12:44:32.928,1.47057,1.47096,2.25,1.50
2011.03.15 12:44:33.039,1.47057,1.47094,2.25,1.50
2011.03.15 12:44:33.809,1.47056,1.47094,6.00,2.25
2011.03.15 12:44:34.030,1.4706,1.47094,3.00,1.50
2011.03.15 12:44:34.470,1.47061,1.47098,1.50,3.28
2011.03.15 12:44:34.578,1.47061,1.47098,1.50,2.53
2011.03.15 12:44:34.688,1.47063,1.47104,1.50,2.53
2011.03.15 12:44:35.036,1.4707,1.47104,3.00,2.53
2011.03.15 12:44:35.151,1.47064,1.47104,1.50,2.53
2011.03.15 12:44:35.272,1.47072,1.47106,3.00,1.03
2011.03.15 12:44:35.608,1.47076,1.47099,1.50,2.25
2011.03.15 12:44:35.720,1.47076,1.47109,1.50,1.03
2011.03.15 12:44:36.309,1.47076,1.47107,2.25,1.03
2011.03.15 12:44:36.419,1.47067,1.47107,3.00,1.03
2011.03.15 12:44:36.749,1.47067,1.47102,2.25,1.03
2011.03.15 12:44:36.861,1.47067,1.47101,1.50,1.50
2011.03.15 12:44:37.088,1.47067,1.47101,1.50,1.69
2011.03.15 12:44:37.309,1.47056,1.47097,1.50,1.03
2011.03.15 12:44:37.637,1.47057,1.47093,1.50,1.50
2011.03.15 12:44:38.094,1.47059,1.47093,3.00,1.50
2011.03.15 12:44:38.215,1.4706,1.47098,3.00,1.03
2011.03.15 12:44:38.440,1.47064,1.47104,3.00,2.68
2011.03.15 12:44:38.660,1.47066,1.47104,1.50,2.53
2011.03.15 12:44:38.988,1.47066,1.47099,1.50,2.25
2011.03.15 12:44:39.318,1.47061,1.47099,1.50,3.00
2011.03.15 12:44:39.646,1.47066,1.47102,1.50,1.18
2011.03.15 12:44:42.308,1.47066,1.47099,1.50,1.65
2011.03.15 12:44:42.877,1.47066,1.47099,1.50,1.80
2011.03.15 12:44:43.760,1.47067,1.47104,1.50,2.83
2011.03.15 12:44:44.840,1.47066,1.47104,3.00,2.53
2011.03.15 12:44:46.439,1.47067,1.47104,3.00,2.53
2011.03.15 12:44:46.884,1.47076,1.47109,2.25,3.28
2011.03.15 12:44:47.218,1.47076,1.47107,2.25,4.78
2011.03.15 12:44:47.332,1.47068,1.47101,1.50,1.78
2011.03.15 12:44:47.557,1.47061,1.471,1.50,1.50
2011.03.15 12:44:47.670,1.47061,1.47094,1.65,4.50
2011.03.15 12:44:47.890,1.47057,1.47087,3.00,1.69
2011.03.15 12:44:48.002,1.47048,1.47089,3.90,1.69
2011.03.15 12:44:48.121,1.47051,1.47092,3.15,1.03
2011.03.15 12:44:48.238,1.47056,1.47092,3.00,1.50
2011.03.15 12:44:48.348,1.47056,1.47092,4.65,1.50
2011.03.15 12:44:48.459,1.47056,1.47094,4.65,2.44
2011.03.15 12:44:48.568,1.47059,1.47094,1.50,1.50
2011.03.15 12:44:48.679,1.47062,1.47103,1.50,3.28
2011.03.15 12:44:48.900,1.47062,1.47103,3.90,3.28
2011.03.15 12:44:49.227,1.47072,1.47106,3.00,1.03
2011.03.15 12:44:49.558,1.47072,1.47111,3.00,1.03
2011.03.15 12:44:50.437,1.47076,1.47111,2.25,1.03
2011.03.15 12:44:50.546,1.47076,1.47112,2.25,1.69
2011.03.15 12:44:51.096,1.47076,1.47113,2.25,1.97
2011.03.15 12:44:52.706,1.47076,1.47113,2.25,1.97
2011.03.15 12:44:53.038,1.4708,1.47119,3.00,1.03
2011.03.15 12:44:53.368,1.47084,1.4712,1.50,1.03
2011.03.15 12:44:53.797,1.47083,1.47121,3.00,1.50
2011.03.15 12:44:53.917,1.47088,1.47124,1.50,1.50
2011.03.15 12:44:54.250,1.47092,1.47124,1.50,1.50
2011.03.15 12:44:55.718,1.47092,1.47124,1.50,1.69
2011.03.15 12:44:55.828,1.47092,1.47127,1.50,1.35
2011.03.15 12:44:56.267,1.47096,1.47125,1.50,1.50
2011.03.15 12:44:57.042,1.47096,1.47123,1.50,1.50
2011.03.15 12:44:57.163,1.4709,1.47123,1.50,2.25
2011.03.15 12:44:57.422,1.47088,1.47123,1.50,2.25
2011.03.15 12:44:57.555,1.47087,1.47123,3.00,1.50
2011.03.15 12:44:57.670,1.47085,1.47123,3.00,1.50
2011.03.15 12:44:58.561,1.47086,1.47128,5.25,1.50
2011.03.15 12:44:58.790,1.47089,1.47128,3.00,1.50
2011.03.15 12:44:59.128,1.47089,1.47123,3.00,1.50
2011.03.15 12:44:59.569,1.47089,1.47123,3.00,1.50
2011.03.15 12:45:00.720,1.47094,1.47123,1.50,1.50
2011.03.15 12:45:00.845,1.47094,1.47134,1.50,2.68
2011.03.15 12:45:01.068,1.47097,1.47133,1.50,2.25
2011.03.15 12:45:01.290,1.47097,1.47133,2.25,2.25
2011.03.15 12:45:01.629,1.47097,1.47133,2.25,1.50
2011.03.15 12:45:02.068,1.47097,1.47133,2.25,3.00
2011.03.15 12:45:02.292,1.47097,1.47133,1.50,3.75
2011.03.15 12:45:02.849,1.47096,1.47133,2.25,2.25
2011.03.15 12:45:03.417,1.47097,1.47133,1.50,3.75
2011.03.15 12:45:04.298,1.47097,1.47129,1.50,1.50
2011.03.15 12:45:04.631,1.47097,1.47126,1.50,1.03
2011.03.15 12:45:04.956,1.47097,1.47127,1.50,1.03
2011.03.15 12:45:05.179,1.47097,1.47126,1.50,1.03
2011.03.15 12:45:05.619,1.47087,1.47125,2.25,2.40
2011.03.15 12:45:06.058,1.47087,1.47123,2.25,2.25
2011.03.15 12:45:07.127,1.47086,1.47125,2.25,1.50
2011.03.15 12:45:08.319,1.47086,1.47124,1.50,2.25
2011.03.15 12:45:09.738,1.47086,1.47115,1.50,1.20
2011.03.15 12:45:09.850,1.47079,1.47113,1.50,1.50
2011.03.15 12:45:09.971,1.47079,1.47113,1.50,2.25
2011.03.15 12:45:10.312,1.47064,1.47096,3.00,1.69
2011.03.15 12:45:10.431,1.47052,1.47085,1.50,1.22
2011.03.15 12:45:10.550,1.47051,1.4708,1.50,1.50
2011.03.15 12:45:11.105,1.47037,1.47062,1.50,1.41
2011.03.15 12:45:11.238,1.47026,1.47062,2.25,1.03
2011.03.15 12:45:11.571,1.47036,1.47061,1.50,1.35
2011.03.15 12:45:11.690,1.47036,1.47064,1.50,1.35
2011.03.15 12:45:11.809,1.47027,1.47064,3.00,1.35
2011.03.15 12:45:12.138,1.47027,1.47061,1.50,1.50
2011.03.15 12:45:12.544,1.47037,1.47061,1.50,1.50
2011.03.15 12:45:12.881,1.47018,1.47045,2.25,1.50
2011.03.15 12:45:13.001,1.47014,1.47037,1.50,1.50
2011.03.15 12:45:13.339,1.46998,1.4703,1.50,1.50
2011.03.15 12:45:13.673,1.46996,1.4703,2.25,1.50
2011.03.15 12:45:13.898,1.46997,1.47025,2.25,1.03
2011.03.15 12:45:14.229,1.46997,1.47031,2.25,1.78
2011.03.15 12:45:14.557,1.46997,1.47031,2.25,1.63
2011.03.15 12:45:14.667,1.46997,1.47031,2.25,1.03
2011.03.15 12:45:14.779,1.46989,1.47025,1.69,1.03
2011.03.15 12:45:15.109,1.46977,1.4701,2.25,1.03
2011.03.15 12:45:15.766,1.46976,1.47004,2.25,1.69
2011.03.15 12:45:15.874,1.46961,1.47,1.65,1.20
2011.03.15 12:45:15.990,1.46961,1.47,1.65,1.13
2011.03.15 12:45:16.111,1.46958,1.46986,1.69,4.88
2011.03.15 12:45:16.236,1.46955,1.46981,2.40,1.50
2011.03.15 12:45:16.479,1.46955,1.46986,2.40,2.44
2011.03.15 12:45:16.599,1.46947,1.46983,2.25,1.50
2011.03.15 12:45:16.712,1.46949,1.46993,1.50,1.97
2011.03.15 12:45:16.940,1.46953,1.46992,1.50,1.43
2011.03.15 12:45:17.172,1.46953,1.46994,1.50,1.50
2011.03.15 12:45:17.727,1.46951,1.46994,1.50,1.69
2011.03.15 12:45:18.279,1.46957,1.46991,3.00,2.25
2011.03.15 12:45:18.793,1.46957,1.46993,2.25,2.74
2011.03.15 12:45:18.914,1.46958,1.46994,1.50,1.84
2011.03.15 12:45:19.949,1.46958,1.46993,1.50,1.69
2011.03.15 12:45:20.499,1.46947,1.46991,2.25,1.03
2011.03.15 12:45:20.609,1.46947,1.46991,2.25,1.03
2011.03.15 12:45:21.157,1.46957,1.46991,1.50,1.18
2011.03.15 12:45:21.378,1.46957,1.46988,1.50,1.03
2011.03.15 12:45:21.928,1.46957,1.46984,2.25,2.25
2011.03.15 12:45:22.338,1.46946,1.46981,3.19,1.03
2011.03.15 12:45:22.453,1.46946,1.46981,3.19,1.03
2011.03.15 12:45:22.682,1.46947,1.46981,2.25,1.03
2011.03.15 12:45:22.911,1.46947,1.46981,2.25,1.03
2011.03.15 12:45:23.033,1.46947,1.46977,1.50,1.03
2011.03.15 12:45:23.587,1.46937,1.46975,2.25,1.03
2011.03.15 12:45:23.921,1.46937,1.46973,2.25,1.50
2011.03.15 12:45:24.477,1.46937,1.46973,2.25,1.50
2011.03.15 12:45:25.687,1.46937,1.46973,2.25,1.65
2011.03.15 12:45:26.190,1.46936,1.46974,2.25,1.65
2011.03.15 12:45:27.218,1.46936,1.46974,2.25,1.50
2011.03.15 12:45:27.767,1.46937,1.46977,2.25,1.03
2011.03.15 12:45:28.317,1.46936,1.46974,2.25,1.50
2011.03.15 12:45:28.759,1.46944,1.46974,1.50,1.50
2011.03.15 12:45:29.089,1.4695,1.46989,3.00,2.40
2011.03.15 12:45:29.198,1.4695,1.46983,3.00,1.50
2011.03.15 12:45:29.420,1.46963,1.46994,2.25,1.50
2011.03.15 12:45:29.531,1.46974,1.46994,2.25,1.50
2011.03.15 12:45:29.648,1.46974,1.47004,2.25,3.62
2011.03.15 12:45:29.759,1.46962,1.47004,1.50,3.47
2011.03.15 12:45:30.151,1.46962,1.46994,1.50,1.50
2011.03.15 12:45:30.488,1.46962,1.46999,2.25,2.25
2011.03.15 12:45:30.598,1.46962,1.47001,2.25,2.25
2011.03.15 12:45:30.818,1.46962,1.47001,2.25,3.94
2011.03.15 12:45:31.041,1.46963,1.47,1.50,3.00
2011.03.15 12:45:31.157,1.46963,1.47,1.50,3.00
2011.03.15 12:45:31.379,1.46967,1.46997,1.50,2.25
2011.03.15 12:45:31.488,1.46962,1.47,1.50,1.50
2011.03.15 12:45:31.708,1.46956,1.46999,4.50,1.65
2011.03.15 12:45:32.037,1.46956,1.46994,1.50,2.25
2011.03.15 12:45:32.367,1.46956,1.46994,2.25,4.18
2011.03.15 12:45:32.699,1.46946,1.46983,2.25,1.69
2011.03.15 12:45:33.138,1.46941,1.46983,1.50,3.19
2011.03.15 12:45:33.578,1.46947,1.46979,1.50,3.00
2011.03.15 12:45:33.687,1.46941,1.46978,1.50,1.50
2011.03.15 12:45:34.507,1.46936,1.46966,2.25,2.25
2011.03.15 12:45:35.058,1.4693,1.46967,1.50,1.03
2011.03.15 12:45:35.168,1.4693,1.46967,1.50,1.03
2011.03.15 12:45:35.279,1.46926,1.46958,2.25,2.25
2011.03.15 12:45:35.389,1.46926,1.46962,2.25,2.25
2011.03.15 12:45:35.609,1.46926,1.46964,2.25,2.25
2011.03.15 12:45:35.719,1.4693,1.46964,1.50,2.25
2011.03.15 12:45:36.050,1.46936,1.4696,2.25,2.25
2011.03.15 12:45:36.160,1.46936,1.46963,2.25,2.25
2011.03.15 12:45:36.279,1.46936,1.46974,3.00,2.40
2011.03.15 12:45:36.387,1.46936,1.46978,3.00,1.33
2011.03.15 12:45:36.498,1.46936,1.46967,3.00,2.25
2011.03.15 12:45:36.609,1.46936,1.46967,3.00,2.25
2011.03.15 12:45:37.268,1.46937,1.46967,2.25,2.25
2011.03.15 12:45:37.378,1.46937,1.46978,1.50,2.53
2011.03.15 12:45:37.487,1.46937,1.46979,1.50,2.25
2011.03.15 12:45:37.885,1.46947,1.46977,2.25,4.50
2011.03.15 12:45:38.000,1.46947,1.46977,2.25,2.25
2011.03.15 12:45:38.109,1.46941,1.46975,1.50,2.25
2011.03.15 12:45:38.452,1.46941,1.4698,1.50,1.03
2011.03.15 12:45:38.790,1.46936,1.46974,3.00,1.50
2011.03.15 12:45:40.327,1.46939,1.46974,1.50,1.50
2011.03.15 12:45:40.436,1.46939,1.46974,1.50,1.50
2011.03.15 12:45:40.774,1.46944,1.46974,1.50,1.50
2011.03.15 12:45:40.889,1.46944,1.46979,1.50,1.03
2011.03.15 12:45:41.109,1.46942,1.46975,1.50,2.25
2011.03.15 12:45:41.219,1.46942,1.46979,1.50,1.03
2011.03.15 12:45:41.329,1.46938,1.4698,1.50,1.03
2011.03.15 12:45:41.549,1.46938,1.46973,1.50,1.50
2011.03.15 12:45:42.867,1.46941,1.46973,1.50,1.50
2011.03.15 12:45:43.225,1.46947,1.46983,1.50,1.50
2011.03.15 12:45:43.339,1.46947,1.4698,3.00,2.25
2011.03.15 12:45:43.669,1.46947,1.4698,1.50,2.25
2011.03.15 12:45:43.889,1.46947,1.46983,3.00,2.25
2011.03.15 12:45:44.438,1.46951,1.46983,1.50,3.75
2011.03.15 12:45:44.548,1.46951,1.46985,2.22,2.25
2011.03.15 12:45:44.658,1.46952,1.46988,2.25,2.25
2011.03.15 12:45:45.098,1.46952,1.46985,1.50,2.25
2011.03.15 12:45:45.318,1.46949,1.46985,1.69,2.25
2011.03.15 12:45:45.541,1.46947,1.46984,1.50,2.25
2011.03.15 12:45:45.658,1.46947,1.46982,1.50,2.25
2011.03.15 12:45:46.052,1.46947,1.46982,1.50,2.25
2011.03.15 12:45:46.389,1.46951,1.46988,1.69,2.25
2011.03.15 12:45:46.718,1.46951,1.4699,2.44,2.25
2011.03.15 12:45:48.084,1.46951,1.4699,1.69,2.63
2011.03.15 12:45:48.205,1.46947,1.46959,3.00,1.13
2011.03.15 12:45:48.323,1.46926,1.46956,5.25,1.13
2011.03.15 12:45:48.441,1.46915,1.46956,3.00,1.88
2011.03.15 12:45:49.007,1.46908,1.46943,1.50,1.50
2011.03.15 12:45:50.536,1.46908,1.46944,1.50,1.50
2011.03.15 12:45:50.878,1.46908,1.46944,1.50,1.50
2011.03.15 12:45:50.989,1.46912,1.46944,1.50,1.50
2011.03.15 12:45:51.318,1.46908,1.46944,1.50,1.50
2011.03.15 12:45:51.824,1.46912,1.46949,1.50,2.93
2011.03.15 12:45:52.048,1.46912,1.46949,1.50,2.93
2011.03.15 12:45:52.477,1.46908,1.46943,1.50,1.65
2011.03.15 12:45:52.634,1.46909,1.46943,1.50,2.40
2011.03.15 12:45:52.750,1.46909,1.4694,1.50,1.65
2011.03.15 12:45:53.302,1.46904,1.46933,1.50,1.88
2011.03.15 12:45:53.530,1.46897,1.46927,3.00,1.13
2011.03.15 12:45:53.751,1.46892,1.46927,1.50,1.13
2011.03.15 12:45:54.422,1.46891,1.46932,1.50,1.03
2011.03.15 12:45:54.871,1.46894,1.46933,1.50,1.50
2011.03.15 12:45:55.429,1.46897,1.46936,2.25,1.03
2011.03.15 12:45:55.892,1.46915,1.46936,2.25,1.03
2011.03.15 12:45:56.229,1.46917,1.46936,2.25,1.03
2011.03.15 12:45:56.669,1.46919,1.46938,2.25,1.97
2011.03.15 12:45:56.778,1.46915,1.46938,2.25,1.97
2011.03.15 12:45:57.329,1.46919,1.46938,3.00,1.03
2011.03.15 12:45:57.658,1.46921,1.46943,2.25,3.28
2011.03.15 12:45:58.318,1.46921,1.46933,2.25,1.50
2011.03.15 12:45:58.651,1.4692,1.4694,2.25,1.03
2011.03.15 12:45:58.880,1.4692,1.46933,2.25,1.50
2011.03.15 12:45:59.439,1.46921,1.4694,2.25,1.03
2011.03.15 12:45:59.550,1.46909,1.46941,3.00,1.03
2011.03.15 12:45:59.661,1.46921,1.46941,2.25,1.03
2011.03.15 12:45:59.781,1.46909,1.46944,3.00,2.53
2011.03.15 12:45:59.901,1.46909,1.46944,3.00,1.78
2011.03.15 12:46:01.557,1.46906,1.46943,1.50,1.50
2011.03.15 12:46:01.670,1.46907,1.46943,3.00,2.25
2011.03.15 12:46:02.330,1.46906,1.46942,2.25,1.03
2011.03.15 12:46:02.440,1.46905,1.46942,3.00,1.03
2011.03.15 12:46:02.998,1.46897,1.46941,1.50,1.09
2011.03.15 12:46:04.329,1.46903,1.46939,3.00,1.65
2011.03.15 12:46:04.452,1.46903,1.46939,2.25,1.65
2011.03.15 12:46:04.681,1.46903,1.46942,3.00,1.22
2011.03.15 12:46:04.805,1.46903,1.46942,3.00,1.03
2011.03.15 12:46:05.029,1.46905,1.46944,3.75,2.25
2011.03.15 12:46:05.363,1.46908,1.46944,1.50,1.50
2011.03.15 12:46:05.698,1.46917,1.46944,2.25,1.50
2011.03.15 12:46:05.922,1.46919,1.46953,2.25,1.78
2011.03.15 12:46:06.644,1.46923,1.46953,2.25,2.44
2011.03.15 12:46:06.766,1.46915,1.46953,3.00,1.50
2011.03.15 12:46:07.002,1.4692,1.46953,2.25,1.50
2011.03.15 12:46:07.740,1.46931,1.46973,2.25,2.25
2011.03.15 12:46:07.960,1.46931,1.46973,2.25,1.50
2011.03.15 12:46:08.808,1.46938,1.46973,1.50,1.50
2011.03.15 12:46:09.030,1.46944,1.4698,2.25,1.03
2011.03.15 12:46:09.247,1.46944,1.46983,2.25,1.09
2011.03.15 12:46:09.357,1.46944,1.46973,2.25,1.50
2011.03.15 12:46:09.577,1.46944,1.46984,2.25,3.47
2011.03.15 12:46:10.021,1.46944,1.46984,3.00,3.28
2011.03.15 12:46:10.360,1.46944,1.46984,3.00,1.50
2011.03.15 12:46:11.468,1.46947,1.46983,2.25,1.50
2011.03.15 12:46:11.801,1.46947,1.46984,2.25,1.50
2011.03.15 12:46:11.920,1.46949,1.4699,3.00,1.50
2011.03.15 12:46:12.041,1.46952,1.46993,1.50,1.50
2011.03.15 12:46:12.157,1.46949,1.46993,2.25,1.50
2011.03.15 12:46:12.488,1.46957,1.46996,1.50,1.03
2011.03.15 12:46:12.709,1.46958,1.46996,1.50,1.03
2011.03.15 12:46:12.819,1.4696,1.47004,1.50,1.78
2011.03.15 12:46:15.338,1.46966,1.47004,2.25,1.50
2011.03.15 12:46:15.889,1.46964,1.47004,2.25,1.50
2011.03.15 12:46:15.999,1.46967,1.47003,2.25,1.50
2011.03.15 12:46:16.330,1.46969,1.47003,3.00,1.69
2011.03.15 12:46:16.559,1.46966,1.47002,1.50,1.03
2011.03.15 12:46:16.777,1.46957,1.47002,2.40,1.03
2011.03.15 12:46:17.988,1.46961,1.47002,1.50,1.03
2011.03.15 12:46:18.320,1.46969,1.47,1.50,1.03
2011.03.15 12:46:18.759,1.46968,1.47005,3.00,1.03
2011.03.15 12:46:18.869,1.46968,1.47011,3.00,1.69
2011.03.15 12:46:19.638,1.46969,1.47006,1.50,1.03
2011.03.15 12:46:20.187,1.46968,1.47004,1.50,2.25
2011.03.15 12:46:20.408,1.46966,1.47002,2.25,1.03
2011.03.15 12:46:22.231,1.46966,1.47002,3.00,1.03
2011.03.15 12:46:22.677,1.46964,1.47002,2.25,1.03
2011.03.15 12:46:22.896,1.46967,1.47002,1.50,1.03
2011.03.15 12:46:23.117,1.46963,1.47001,1.50,1.18
2011.03.15 12:46:23.227,1.46963,1.47,1.50,1.58
2011.03.15 12:46:23.556,1.46952,1.46984,2.25,1.50
2011.03.15 12:46:23.998,1.46952,1.46984,1.50,1.50
2011.03.15 12:46:24.439,1.46952,1.46984,1.50,1.50
2011.03.15 12:46:24.548,1.46952,1.46993,1.50,1.50
2011.03.15 12:46:24.658,1.46952,1.46993,1.50,1.50
2011.03.15 12:46:24.987,1.46957,1.46993,2.25,1.50
2011.03.15 12:46:25.430,1.46957,1.46993,2.25,1.50
2011.03.15 12:46:26.857,1.46957,1.46993,2.25,1.50
2011.03.15 12:46:28.188,1.46956,1.46996,2.25,1.18
2011.03.15 12:46:28.517,1.46961,1.47002,1.50,1.03
2011.03.15 12:46:29.069,1.46966,1.47002,2.25,1.22
2011.03.15 12:46:30.168,1.46965,1.47003,1.50,1.84
2011.03.15 12:46:30.278,1.46965,1.47003,1.50,1.50
2011.03.15 12:46:30.499,1.46965,1.47003,1.50,2.44
2011.03.15 12:46:30.936,1.46962,1.46994,2.25,1.50
2011.03.15 12:46:31.047,1.46962,1.46994,2.25,1.50
2011.03.15 12:46:31.828,1.46965,1.46994,1.50,1.50
2011.03.15 12:46:32.050,1.46962,1.46994,1.50,2.25
2011.03.15 12:46:32.268,1.46959,1.47001,1.50,1.22
2011.03.15 12:46:32.489,1.46959,1.46994,1.50,1.50
2011.03.15 12:46:32.709,1.46962,1.47002,1.50,1.97
2011.03.15 12:46:32.819,1.46962,1.47002,1.50,1.22
2011.03.15 12:46:33.038,1.46966,1.47002,2.25,1.22
2011.03.15 12:46:33.258,1.46966,1.47002,2.25,1.22
2011.03.15 12:46:33.906,1.46962,1.46999,1.50,1.69
2011.03.15 12:46:34.017,1.46962,1.47001,1.50,1.22
2011.03.15 12:46:34.347,1.46962,1.46993,1.50,1.50
2011.03.15 12:46:34.461,1.46959,1.46993,1.50,1.50
2011.03.15 12:46:35.679,1.46959,1.46993,1.50,1.50
2011.03.15 12:46:35.788,1.46959,1.46993,1.50,2.25
2011.03.15 12:46:36.118,1.46961,1.46993,1.50,1.50
2011.03.15 12:46:36.888,1.4696,1.47003,1.50,1.03
2011.03.15 12:46:36.998,1.4696,1.47003,1.50,1.03
2011.03.15 12:46:37.220,1.46964,1.47004,1.50,2.25
2011.03.15 12:46:37.725,1.46975,1.47003,1.50,1.50
2011.03.15 12:46:37.843,1.46978,1.47013,1.50,1.50
2011.03.15 12:46:37.960,1.46978,1.47013,1.50,1.50
2011.03.15 12:46:39.059,1.46992,1.47024,1.50,3.75
2011.03.15 12:46:39.499,1.46992,1.47023,1.50,1.50
2011.03.15 12:46:40.051,1.46992,1.47023,1.50,1.50
2011.03.15 12:46:40.169,1.46995,1.47034,1.50,2.25
2011.03.15 12:46:40.718,1.46996,1.47033,2.25,1.69
2011.03.15 12:46:40.828,1.46996,1.47033,2.25,1.69
2011.03.15 12:46:41.158,1.46996,1.47033,2.25,1.69
2011.03.15 12:46:41.489,1.46996,1.47031,2.25,1.69
2011.03.15 12:46:41.599,1.46996,1.47033,2.25,1.09
2011.03.15 12:46:42.310,1.46998,1.47037,1.47,2.40
2011.03.15 12:46:42.529,1.46996,1.47035,2.25,1.84
2011.03.15 12:46:42.858,1.47002,1.4704,1.69,1.33
2011.03.15 12:46:43.189,1.46997,1.47029,1.50,1.69
2011.03.15 12:46:43.300,1.46992,1.47029,1.50,1.69
2011.03.15 12:46:43.407,1.46992,1.47033,1.69,1.97
2011.03.15 12:46:43.517,1.46992,1.47033,1.69,1.97
2011.03.15 12:46:43.849,1.47005,1.47033,1.35,1.97
2011.03.15 12:46:44.179,1.46994,1.47033,1.35,1.78
2011.03.15 12:46:44.290,1.46992,1.4702,1.50,1.50
2011.03.15 12:46:44.400,1.46991,1.47018,1.50,1.69
2011.03.15 12:46:44.507,1.46983,1.47015,1.50,1.03
2011.03.15 12:46:44.619,1.46983,1.47008,1.50,2.25
2011.03.15 12:46:44.728,1.46983,1.47008,1.50,2.25
2011.03.15 12:46:44.948,1.46976,1.47012,2.25,1.03
2011.03.15 12:46:45.465,1.46976,1.47012,2.25,3.28
2011.03.15 12:46:45.812,1.46981,1.47001,1.50,2.25
2011.03.15 12:46:46.149,1.46983,1.47,1.50,2.25
2011.03.15 12:46:46.262,1.46983,1.47002,1.50,2.25
2011.03.15 12:46:46.381,1.46981,1.47,2.25,2.25
2011.03.15 12:46:46.609,1.46977,1.46993,1.50,2.25
2011.03.15 12:46:46.718,1.46977,1.46996,3.00,4.50
2011.03.15 12:46:46.831,1.46977,1.46996,3.00,2.25
2011.03.15 12:46:47.059,1.46977,1.46993,2.25,2.25
2011.03.15 12:46:47.611,1.46957,1.46993,3.90,2.25
2011.03.15 12:46:47.841,1.46967,1.47002,1.50,1.50
2011.03.15 12:46:47.959,1.4697,1.47009,1.50,1.03
2011.03.15 12:46:48.070,1.4697,1.47012,1.50,1.03
2011.03.15 12:46:48.444,1.46979,1.47014,1.50,1.78
2011.03.15 12:46:48.564,1.46979,1.47014,1.50,1.78
2011.03.15 12:46:48.828,1.46979,1.47014,1.50,1.78
2011.03.15 12:46:48.937,1.46979,1.47014,1.50,1.78
2011.03.15 12:46:49.598,1.46979,1.47021,1.50,1.03
2011.03.15 12:46:49.817,1.46979,1.47014,1.50,1.50
2011.03.15 12:46:50.148,1.46976,1.47014,3.75,1.50
2011.03.15 12:46:50.810,1.46976,1.47014,3.00,1.78
2011.03.15 12:46:51.249,1.46979,1.47021,2.25,1.03
2011.03.15 12:46:51.471,1.46978,1.47018,2.25,1.03
2011.03.15 12:46:51.589,1.46979,1.47014,2.25,1.50
2011.03.15 12:46:51.899,1.46979,1.47017,2.25,1.50
2011.03.15 12:46:52.012,1.46979,1.47013,2.25,1.50
2011.03.15 12:46:52.128,1.46979,1.47013,2.25,1.50
2011.03.15 12:46:52.462,1.46978,1.47011,2.25,1.50
2011.03.15 12:46:52.582,1.46979,1.47006,2.25,1.22
2011.03.15 12:46:52.700,1.4697,1.47001,1.50,1.69
2011.03.15 12:46:52.933,1.46964,1.4699,2.25,1.69
2011.03.15 12:46:53.051,1.46957,1.4699,1.50,1.69
2011.03.15 12:46:53.169,1.46956,1.4699,1.50,1.69
2011.03.15 12:46:53.387,1.46954,1.46992,2.25,1.50
2011.03.15 12:46:53.500,1.46954,1.46992,2.25,1.50
2011.03.15 12:46:53.848,1.46954,1.46989,2.25,1.03
2011.03.15 12:46:54.258,1.46956,1.46989,2.25,1.03
2011.03.15 12:46:54.480,1.46956,1.46994,3.00,1.78
2011.03.15 12:46:54.698,1.46956,1.46994,3.00,1.78
2011.03.15 12:46:55.187,1.46961,1.46996,2.25,1.03
2011.03.15 12:46:55.519,1.46966,1.47003,2.25,1.78
2011.03.15 12:46:56.178,1.46966,1.47003,2.25,1.78
2011.03.15 12:46:56.619,1.46974,1.47003,3.00,2.53
2011.03.15 12:46:57.168,1.46968,1.47003,3.00,2.53
2011.03.15 12:46:57.279,1.46968,1.47003,3.00,2.53
2011.03.15 12:46:57.390,1.46968,1.47,3.00,1.03
2011.03.15 12:46:57.500,1.46968,1.46999,3.00,1.69
2011.03.15 12:46:57.718,1.46966,1.47,3.00,1.97
2011.03.15 12:46:58.048,1.46964,1.46993,3.00,1.50
2011.03.15 12:46:58.494,1.46965,1.46998,3.00,1.59
2011.03.15 12:46:58.610,1.46966,1.46996,3.00,1.48
2011.03.15 12:46:58.732,1.46966,1.46992,2.25,1.69
2011.03.15 12:46:58.849,1.46958,1.46992,3.00,1.69
2011.03.15 12:46:58.962,1.46955,1.46992,3.00,1.97
2011.03.15 12:46:59.190,1.46954,1.46992,3.00,2.72
2011.03.15 12:46:59.848,1.46964,1.46985,3.00,1.03
2011.03.15 12:47:00.178,1.46961,1.46985,2.25,1.03
2011.03.15 12:47:00.730,1.46956,1.46985,2.25,1.03
2011.03.15 12:47:00.840,1.46956,1.46985,2.25,1.03
2011.03.15 12:47:01.180,1.46956,1.4698,2.25,1.03
2011.03.15 12:47:01.628,1.46947,1.4698,2.25,1.03
2011.03.15 12:47:01.740,1.46954,1.46984,3.00,1.78
2011.03.15 12:47:01.858,1.46954,1.46985,3.00,1.03
2011.03.15 12:47:02.408,1.46953,1.46983,3.00,1.50
2011.03.15 12:47:02.628,1.46957,1.46985,3.00,1.03
2011.03.15 12:47:02.961,1.46964,1.4699,3.00,1.03
2011.03.15 12:47:03.081,1.46968,1.46997,3.00,1.50
2011.03.15 12:47:03.640,1.46957,1.46993,2.25,1.78
2011.03.15 12:47:03.748,1.46957,1.46993,3.00,1.78
2011.03.15 12:47:03.969,1.46968,1.47001,1.50,1.03
2011.03.15 12:47:04.337,1.46968,1.47005,1.35,1.65
2011.03.15 12:47:04.451,1.46968,1.47009,1.35,1.93
2011.03.15 12:47:04.788,1.46976,1.47013,2.25,1.74
2011.03.15 12:47:05.007,1.46976,1.47013,2.25,1.22
2011.03.15 12:47:05.451,1.4698,1.47014,1.50,1.69
2011.03.15 12:47:05.571,1.4698,1.4702,1.50,1.03
2011.03.15 12:47:06.350,1.46986,1.47019,2.25,1.03
2011.03.15 12:47:06.678,1.46977,1.47019,2.25,1.22
2011.03.15 12:47:07.259,1.46977,1.47019,2.25,1.97
2011.03.15 12:47:07.503,1.46956,1.46994,2.25,1.03
2011.03.15 12:47:07.622,1.46956,1.46996,2.25,1.78
2011.03.15 12:47:07.742,1.46958,1.47,3.00,1.74
2011.03.15 12:47:08.090,1.46969,1.47003,3.00,1.95
2011.03.15 12:47:08.419,1.46974,1.47004,2.25,1.78
2011.03.15 12:47:08.750,1.46977,1.46994,3.00,1.50
2011.03.15 12:47:09.079,1.46977,1.46993,2.25,1.13
2011.03.15 12:47:09.189,1.46977,1.46994,2.25,3.00
2011.03.15 12:47:09.300,1.46973,1.46994,3.00,2.25
2011.03.15 12:47:09.638,1.46974,1.46994,3.00,1.50
2011.03.15 12:47:10.145,1.46973,1.46993,3.00,1.50
2011.03.15 12:47:10.266,1.46969,1.46993,3.00,2.25
2011.03.15 12:47:10.714,1.46963,1.46991,3.00,1.03
2011.03.15 12:47:11.049,1.46956,1.46983,3.00,1.50
2011.03.15 12:47:11.269,1.46959,1.46981,3.00,1.03
2011.03.15 12:47:11.598,1.46951,1.46975,3.00,1.50
2011.03.15 12:47:11.818,1.46948,1.46978,3.00,1.03
2011.03.15 12:47:12.038,1.46948,1.46973,3.00,1.50
2011.03.15 12:47:12.370,1.46952,1.46983,3.00,2.44
2011.03.15 12:47:12.598,1.46954,1.46973,3.00,1.50
2011.03.15 12:47:12.710,1.4695,1.46973,3.00,1.50
2011.03.15 12:47:13.259,1.4695,1.46973,3.00,1.50
2011.03.15 12:47:14.031,1.46941,1.46983,1.50,2.25
2011.03.15 12:47:14.369,1.46947,1.46983,2.25,2.25
2011.03.15 12:47:14.478,1.46947,1.46983,2.25,2.25
2011.03.15 12:47:15.027,1.46947,1.46983,2.25,2.25
2011.03.15 12:47:15.138,1.46947,1.46983,2.25,2.25
2011.03.15 12:47:15.468,1.46947,1.46983,2.25,2.25
2011.03.15 12:47:15.688,1.46947,1.46983,2.25,2.25
2011.03.15 12:47:15.799,1.46947,1.46982,2.25,1.50
2011.03.15 12:47:16.127,1.4694,1.4698,1.50,1.03
2011.03.15 12:47:16.458,1.46956,1.46984,1.50,1.78
2011.03.15 12:47:16.751,1.46956,1.4699,1.50,3.00
2011.03.15 12:47:16.875,1.46962,1.47004,2.25,2.40
2011.03.15 12:47:16.990,1.46968,1.47003,1.50,1.50
2011.03.15 12:47:17.209,1.46968,1.47011,2.25,1.03
2011.03.15 12:47:17.320,1.46968,1.47011,3.00,1.03
2011.03.15 12:47:17.538,1.4697,1.47014,1.50,1.50
2011.03.15 12:47:18.309,1.46978,1.47014,1.50,1.50
2011.03.15 12:47:18.907,1.46978,1.47013,2.25,1.50
2011.03.15 12:47:19.238,1.46985,1.47014,1.50,1.50
2011.03.15 12:47:19.348,1.46985,1.47014,1.50,1.50
2011.03.15 12:47:20.112,1.4698,1.47014,1.50,1.50
2011.03.15 12:47:20.233,1.4698,1.47022,1.50,1.78
2011.03.15 12:47:20.350,1.4698,1.47014,1.50,1.50
2011.03.15 12:47:21.023,1.4698,1.47023,1.50,1.03
2011.03.15 12:47:21.142,1.46981,1.47024,1.50,2.25
2011.03.15 12:47:21.698,1.46986,1.47024,2.25,1.50
2011.03.15 12:47:23.240,1.46984,1.47023,1.50,2.25
2011.03.15 12:47:23.650,1.4698,1.47023,1.50,3.00
2011.03.15 12:47:23.772,1.4698,1.47023,1.50,3.15
2011.03.15 12:47:24.329,1.4698,1.47023,1.50,3.15
2011.03.15 12:47:24.660,1.4698,1.47021,1.50,1.03
2011.03.15 12:47:24.878,1.4698,1.47021,1.50,1.03
2011.03.15 12:47:25.428,1.4698,1.47021,1.50,1.03
2011.03.15 12:47:25.541,1.4698,1.47021,1.50,1.03
2011.03.15 12:47:25.879,1.46988,1.47023,1.50,2.25
2011.03.15 12:47:26.210,1.46988,1.47031,1.50,1.69
2011.03.15 12:47:26.321,1.46992,1.47032,1.50,1.03
2011.03.15 12:47:26.440,1.46995,1.47034,1.50,1.50
2011.03.15 12:47:26.920,1.46996,1.47034,2.25,1.50
2011.03.15 12:47:27.357,1.46996,1.47034,2.25,1.50
2011.03.15 12:47:27.580,1.46996,1.47034,2.25,1.50
2011.03.15 12:47:27.909,1.47,1.47034,1.50,1.50
2011.03.15 12:47:28.457,1.47,1.47034,1.50,1.50
2011.03.15 12:47:28.897,1.47,1.47034,1.50,1.50
2011.03.15 12:47:29.227,1.46994,1.47033,1.50,1.50
2011.03.15 12:47:29.447,1.46996,1.47034,2.25,2.25
2011.03.15 12:47:31.773,1.46996,1.47034,2.25,2.25
2011.03.15 12:47:34.197,1.46996,1.47034,1.69,2.25
2011.03.15 12:47:34.308,1.47001,1.47039,1.50,2.40
2011.03.15 12:47:34.419,1.47002,1.47043,1.50,1.78
2011.03.15 12:47:34.684,1.47006,1.47043,1.50,1.65
2011.03.15 12:47:34.921,1.47008,1.47043,1.50,1.50
2011.03.15 12:47:35.042,1.47014,1.47053,1.50,1.50
2011.03.15 12:47:35.159,1.47019,1.47053,1.50,1.50
2011.03.15 12:47:35.489,1.47019,1.47053,1.50,1.50
2011.03.15 12:47:35.718,1.47024,1.47063,1.50,3.90
2011.03.15 12:47:35.938,1.47027,1.47053,1.50,1.50
2011.03.15 12:47:36.049,1.47027,1.47063,1.50,3.15
2011.03.15 12:47:36.159,1.47027,1.47063,1.50,3.15
2011.03.15 12:47:36.267,1.47027,1.47063,1.50,2.40
2011.03.15 12:47:36.489,1.47027,1.47062,1.50,2.40
2011.03.15 12:47:37.589,1.47027,1.47059,1.50,2.25
2011.03.15 12:47:37.700,1.47029,1.47063,1.50,3.75
2011.03.15 12:47:37.920,1.47031,1.47073,1.50,2.53
2011.03.15 12:47:38.255,1.47034,1.47073,1.50,1.65
2011.03.15 12:47:38.369,1.47034,1.47073,1.50,1.65
2011.03.15 12:47:38.591,1.47036,1.47066,2.25,2.25
2011.03.15 12:47:38.930,1.47031,1.47067,1.50,1.05
2011.03.15 12:47:39.040,1.47026,1.47069,2.25,1.18
2011.03.15 12:47:39.178,1.47025,1.47063,1.50,1.50
2011.03.15 12:47:39.730,1.47024,1.47063,1.50,1.50
2011.03.15 12:47:40.058,1.4703,1.4707,1.69,3.28
2011.03.15 12:47:40.169,1.47034,1.47071,2.25,3.00
2011.03.15 12:47:40.388,1.47037,1.47071,2.25,2.25
2011.03.15 12:47:40.718,1.47037,1.47079,3.00,2.59
2011.03.15 12:47:41.576,1.47036,1.47072,2.25,2.53
2011.03.15 12:47:41.799,1.47029,1.47068,1.50,2.25
2011.03.15 12:47:42.128,1.47029,1.47068,1.50,2.25
2011.03.15 12:47:42.348,1.47029,1.47065,1.50,2.25
2011.03.15 12:47:42.677,1.47029,1.47063,2.25,1.50
2011.03.15 12:47:43.387,1.47029,1.47063,2.25,1.50
2011.03.15 12:47:43.719,1.47029,1.47064,2.25,1.50
2011.03.15 12:47:43.938,1.47029,1.47069,1.50,2.44
2011.03.15 12:47:44.268,1.47029,1.47064,1.50,1.50
2011.03.15 12:47:44.488,1.47029,1.47064,1.50,1.50
2011.03.15 12:47:44.710,1.47029,1.47064,1.50,1.50
2011.03.15 12:47:45.039,1.47029,1.47064,1.50,1.50
2011.03.15 12:47:45.371,1.47028,1.47064,1.50,1.50
2011.03.15 12:47:45.883,1.47027,1.47057,2.25,2.25
2011.03.15 12:47:46.004,1.47027,1.47061,2.25,2.25
2011.03.15 12:47:46.120,1.47027,1.47063,2.25,1.50
2011.03.15 12:47:46.451,1.47042,1.47063,2.25,1.50
2011.03.15 12:47:46.568,1.47043,1.47074,1.50,2.25
2011.03.15 12:47:46.679,1.47049,1.47081,1.50,1.50
2011.03.15 12:47:46.791,1.4705,1.4709,1.69,1.71
2011.03.15 12:47:46.911,1.47048,1.47093,1.69,2.25
2011.03.15 12:47:47.020,1.4705,1.47091,1.50,1.50
2011.03.15 12:47:47.130,1.47051,1.47091,1.50,1.50
2011.03.15 12:47:47.567,1.47051,1.47093,1.50,1.50
2011.03.15 12:47:47.677,1.47051,1.47083,1.50,1.50
2011.03.15 12:47:48.536,1.47051,1.47093,1.50,1.50
2011.03.15 12:47:48.758,1.47051,1.47093,1.50,2.25
2011.03.15 12:47:48.867,1.47051,1.47084,1.50,1.50
2011.03.15 12:47:49.410,1.47051,1.47094,1.65,2.25
2011.03.15 12:47:50.190,1.47053,1.47083,1.50,2.25
2011.03.15 12:47:50.300,1.47053,1.47083,1.50,1.50
2011.03.15 12:47:52.059,1.47068,1.47091,1.50,1.03
2011.03.15 12:47:52.173,1.4707,1.47097,1.50,2.63
2011.03.15 12:47:52.289,1.4707,1.47084,1.50,1.50
2011.03.15 12:47:52.400,1.47074,1.47114,1.50,1.50
2011.03.15 12:47:52.861,1.47088,1.47114,1.13,2.53
2011.03.15 12:47:52.972,1.47093,1.47119,1.13,3.75
2011.03.15 12:47:53.328,1.47096,1.47127,1.50,2.25
2011.03.15 12:47:53.444,1.47097,1.47123,1.50,1.50
2011.03.15 12:47:53.890,1.47092,1.47123,1.50,1.50
2011.03.15 12:47:54.329,1.47086,1.4712,2.25,1.03
2011.03.15 12:47:54.657,1.47087,1.4712,2.25,1.03
2011.03.15 12:47:55.019,1.47083,1.4712,1.50,1.03
2011.03.15 12:47:55.421,1.47087,1.47123,2.25,1.69
2011.03.15 12:47:55.540,1.47085,1.47123,1.65,1.69
2011.03.15 12:47:56.199,1.47088,1.47123,1.50,1.69
2011.03.15 12:47:56.658,1.47088,1.47123,1.65,2.44
2011.03.15 12:47:57.207,1.47087,1.47123,2.25,2.44
2011.03.15 12:47:57.459,1.47087,1.47123,2.25,2.44
2011.03.15 12:47:57.899,1.4709,1.47123,1.50,1.50
2011.03.15 12:47:58.007,1.4709,1.47123,1.50,1.50
2011.03.15 12:47:58.449,1.4709,1.47133,2.25,1.22
2011.03.15 12:47:58.557,1.4709,1.47133,2.25,1.22
2011.03.15 12:47:59.942,1.47096,1.47134,1.54,1.78
2011.03.15 12:48:00.065,1.47093,1.47134,1.69,2.53
2011.03.15 12:48:00.291,1.47093,1.47133,1.50,1.69
2011.03.15 12:48:00.409,1.47092,1.47133,1.50,2.44
2011.03.15 12:48:00.739,1.47092,1.47124,1.50,1.50
2011.03.15 12:48:01.287,1.47093,1.47124,1.50,1.50
2011.03.15 12:48:01.623,1.47093,1.4713,1.50,1.69
2011.03.15 12:48:01.961,1.47092,1.4713,1.50,3.94
2011.03.15 12:48:02.300,1.47089,1.47123,1.50,1.50
2011.03.15 12:48:02.629,1.47089,1.47119,1.50,1.50
2011.03.15 12:48:02.739,1.47085,1.47119,1.50,1.69
2011.03.15 12:48:03.068,1.47079,1.47114,2.25,2.25
2011.03.15 12:48:03.289,1.47079,1.47114,2.25,2.25
2011.03.15 12:48:03.949,1.47081,1.47114,1.50,1.50
2011.03.15 12:48:04.279,1.47073,1.47109,1.13,2.44
2011.03.15 12:48:04.388,1.4707,1.47103,3.00,1.50
2011.03.15 12:48:04.987,1.47067,1.47104,1.50,1.69
2011.03.15 12:48:05.219,1.47071,1.47103,1.50,1.50
2011.03.15 12:48:05.501,1.47071,1.47104,1.50,1.50
2011.03.15 12:48:05.623,1.47078,1.47114,1.50,3.75
2011.03.15 12:48:05.744,1.47078,1.4711,1.50,1.50
2011.03.15 12:48:06.083,1.47067,1.47105,1.50,1.78
2011.03.15 12:48:06.419,1.47063,1.47097,1.50,1.03
2011.03.15 12:48:06.750,1.47057,1.47091,2.03,1.50
2011.03.15 12:48:06.861,1.47057,1.47091,1.50,1.50
2011.03.15 12:48:06.981,1.47057,1.47094,1.50,2.25
2011.03.15 12:48:07.098,1.47053,1.47083,1.50,1.50
2011.03.15 12:48:07.649,1.47052,1.47083,2.25,1.50
2011.03.15 12:48:08.004,1.47055,1.47092,1.50,1.03
2011.03.15 12:48:08.559,1.47059,1.47093,1.50,1.03
2011.03.15 12:48:08.893,1.47064,1.47093,1.50,1.03
2011.03.15 12:48:09.229,1.47066,1.47104,1.50,2.25
2011.03.15 12:48:09.339,1.47066,1.47104,1.50,2.25
2011.03.15 12:48:09.671,1.47057,1.47091,3.75,2.25
2011.03.15 12:48:09.790,1.47053,1.47091,1.50,2.25
2011.03.15 12:48:09.899,1.47053,1.47083,1.50,1.50
2011.03.15 12:48:10.229,1.47048,1.47083,3.00,1.50
2011.03.15 12:48:10.537,1.4705,1.47093,1.50,1.78
2011.03.15 12:48:10.760,1.47057,1.47093,2.25,1.50
2011.03.15 12:48:11.200,1.47059,1.47093,1.50,1.50
2011.03.15 12:48:11.527,1.47062,1.47093,1.50,1.50
2011.03.15 12:48:12.410,1.47057,1.47093,2.25,1.50
2011.03.15 12:48:12.518,1.47057,1.47093,2.25,1.50
2011.03.15 12:48:12.739,1.47058,1.47101,3.00,1.03
2011.03.15 12:48:12.849,1.47056,1.47098,6.00,1.78
2011.03.15 12:48:13.178,1.47057,1.471,2.25,1.03
2011.03.15 12:48:13.289,1.47056,1.47101,3.75,1.78
2011.03.15 12:48:13.618,1.47058,1.47096,1.50,1.50
2011.03.15 12:48:13.949,1.47058,1.47093,1.50,1.50
2011.03.15 12:48:14.279,1.47057,1.47084,1.50,1.50
2011.03.15 12:48:14.611,1.47057,1.47093,1.50,1.50
2011.03.15 12:48:14.728,1.47065,1.47093,1.50,1.50
2011.03.15 12:48:14.948,1.47065,1.47094,1.50,1.50
2011.03.15 12:48:15.318,1.47069,1.47094,1.50,1.50
2011.03.15 12:48:15.429,1.47069,1.471,1.50,1.03
2011.03.15 12:48:15.538,1.47069,1.47104,1.50,1.50
2011.03.15 12:48:16.308,1.47072,1.47103,1.50,1.50
2011.03.15 12:48:16.858,1.47071,1.47103,1.50,2.25
2011.03.15 12:48:17.077,1.47068,1.47103,1.20,3.00
2011.03.15 12:48:17.189,1.47064,1.471,1.50,1.78
2011.03.15 12:48:17.518,1.47064,1.47094,1.50,1.50
2011.03.15 12:48:17.629,1.47064,1.47094,1.50,1.50
2011.03.15 12:48:18.124,1.47064,1.47094,1.50,1.50
2011.03.15 12:48:18.683,1.47062,1.47094,1.50,1.50
2011.03.15 12:48:19.407,1.47062,1.471,1.50,1.78
2011.03.15 12:48:20.637,1.4706,1.47097,1.50,1.03
2011.03.15 12:48:20.753,1.47058,1.47093,1.50,1.50
2011.03.15 12:48:21.307,1.47057,1.47093,3.00,1.50
2011.03.15 12:48:21.917,1.47057,1.47093,2.25,1.50
2011.03.15 12:48:22.137,1.47057,1.47093,2.25,1.50
2011.03.15 12:48:23.479,1.47058,1.47097,1.50,2.25
2011.03.15 12:48:24.016,1.47067,1.47098,2.70,1.03
2011.03.15 12:48:24.242,1.47057,1.471,3.00,1.03
2011.03.15 12:48:24.691,1.47059,1.47097,1.50,1.03
2011.03.15 12:48:24.910,1.47057,1.47096,2.25,1.50
2011.03.15 12:48:25.028,1.47057,1.47093,1.50,3.00
2011.03.15 12:48:25.250,1.47057,1.47092,2.25,1.50
2011.03.15 12:48:25.470,1.47053,1.4709,1.50,2.25
2011.03.15 12:48:25.690,1.47055,1.47093,1.50,1.50
2011.03.15 12:48:25.911,1.47064,1.47098,1.50,2.53
2011.03.15 12:48:26.030,1.4706,1.47098,1.50,2.53
2011.03.15 12:48:26.141,1.4706,1.47096,1.50,1.03
2011.03.15 12:48:26.251,1.47053,1.47093,2.25,1.50
2011.03.15 12:48:26.591,1.47053,1.47093,1.50,2.25
2011.03.15 12:48:26.710,1.47053,1.4709,1.50,1.69
2011.03.15 12:48:27.266,1.47051,1.47083,1.50,1.50
2011.03.15 12:48:27.491,1.47051,1.47093,3.00,2.44
2011.03.15 12:48:27.611,1.47051,1.47093,3.19,1.50
2011.03.15 12:48:27.839,1.47051,1.47084,1.69,1.50
2011.03.15 12:48:27.951,1.47051,1.47084,1.69,1.50
2011.03.15 12:48:28.070,1.47051,1.47084,1.69,1.50
2011.03.15 12:48:28.288,1.4706,1.47094,1.50,2.25
2011.03.15 12:48:28.398,1.47061,1.47094,1.50,2.25
2011.03.15 12:48:28.618,1.47066,1.47103,2.25,1.78
2011.03.15 12:48:28.728,1.47066,1.47104,2.25,3.00
2011.03.15 12:48:28.838,1.47063,1.47103,1.50,1.50
2011.03.15 12:48:29.227,1.47067,1.47107,2.25,1.03
2011.03.15 12:48:29.338,1.47067,1.47109,2.25,1.03
2011.03.15 12:48:29.448,1.47067,1.47103,2.25,1.50
2011.03.15 12:48:33.079,1.47075,1.47114,1.50,1.50
2011.03.15 12:48:33.189,1.47075,1.47114,1.50,2.25
2011.03.15 12:48:33.299,1.47073,1.4711,1.50,1.50
2011.03.15 12:48:33.518,1.47073,1.47111,1.50,2.25
2011.03.15 12:48:33.628,1.47073,1.47111,1.50,1.50
2011.03.15 12:48:33.737,1.47073,1.47113,1.50,6.00
2011.03.15 12:48:34.067,1.47073,1.47104,1.50,1.50
2011.03.15 12:48:34.177,1.47073,1.47113,1.50,3.00
2011.03.15 12:48:34.287,1.4707,1.47111,1.50,1.50
2011.03.15 12:48:34.399,1.47077,1.47111,1.50,1.50
2011.03.15 12:48:35.459,1.47077,1.47112,1.50,1.03
2011.03.15 12:48:35.679,1.4707,1.4711,1.69,1.50
2011.03.15 12:48:36.118,1.47071,1.47108,1.69,1.03
2011.03.15 12:48:36.449,1.47077,1.47108,1.50,1.78
2011.03.15 12:48:36.818,1.47077,1.47106,1.50,1.03
2011.03.15 12:48:37.257,1.47067,1.47106,1.69,1.03
2011.03.15 12:48:38.029,1.47071,1.47107,1.69,1.03
2011.03.15 12:48:38.140,1.47068,1.47108,1.69,1.03
2011.03.15 12:48:38.359,1.47071,1.47108,1.69,1.18
2011.03.15 12:48:38.579,1.47067,1.47108,2.44,1.18
2011.03.15 12:48:38.799,1.47067,1.47105,1.69,1.03
2011.03.15 12:48:40.198,1.47067,1.47103,1.69,1.03
2011.03.15 12:48:40.307,1.47067,1.47102,1.69,1.03
2011.03.15 12:48:40.419,1.47066,1.47102,2.25,1.03
2011.03.15 12:48:40.531,1.47061,1.47098,1.50,1.50
2011.03.15 12:48:40.760,1.47056,1.47096,4.69,1.03
2011.03.15 12:48:41.419,1.47056,1.47095,2.59,1.50
2011.03.15 12:48:41.749,1.47061,1.47095,1.50,1.50
2011.03.15 12:48:41.970,1.47074,1.47102,1.50,1.03
2011.03.15 12:48:42.079,1.47075,1.47103,1.50,1.03
2011.03.15 12:48:42.189,1.47075,1.47112,2.25,1.50
2011.03.15 12:48:42.299,1.47077,1.47115,2.25,1.03
2011.03.15 12:48:42.848,1.47078,1.47117,1.50,1.69
2011.03.15 12:48:43.397,1.47077,1.47116,3.00,1.69
2011.03.15 12:48:44.747,1.47077,1.47116,3.75,1.69
2011.03.15 12:48:44.969,1.47074,1.47114,1.50,2.44
2011.03.15 12:48:45.302,1.47072,1.47106,1.50,1.03
2011.03.15 12:48:45.638,1.47077,1.47116,3.00,1.03
2011.03.15 12:48:45.967,1.47083,1.47118,1.50,1.03
2011.03.15 12:48:46.518,1.47083,1.47118,1.50,1.50
2011.03.15 12:48:46.850,1.47067,1.47102,1.50,1.69
2011.03.15 12:48:47.580,1.47054,1.47086,1.69,1.03
2011.03.15 12:48:47.811,1.47055,1.47088,2.25,1.50
2011.03.15 12:48:47.933,1.47054,1.47091,2.25,1.50
2011.03.15 12:48:48.273,1.47054,1.47092,1.50,1.50
2011.03.15 12:48:48.719,1.47053,1.47094,1.50,2.25
2011.03.15 12:48:49.049,1.47052,1.47094,1.50,2.25
2011.03.15 12:48:49.379,1.47057,1.47097,2.25,1.03
2011.03.15 12:48:49.711,1.47059,1.47092,1.50,2.25
2011.03.15 12:48:50.008,1.47067,1.47094,2.25,2.25
2011.03.15 12:48:50.126,1.47067,1.47096,2.25,2.25
2011.03.15 12:48:50.349,1.47067,1.47092,2.25,2.25
2011.03.15 12:48:50.790,1.47067,1.47095,2.40,2.25
2011.03.15 12:48:51.458,1.47058,1.47088,1.65,2.25
2011.03.15 12:48:51.680,1.47066,1.47083,2.25,2.25
2011.03.15 12:48:51.901,1.47058,1.47088,1.69,2.25
2011.03.15 12:48:52.022,1.47058,1.47094,1.69,2.25
2011.03.15 12:48:52.138,1.47066,1.47094,1.50,2.25
2011.03.15 12:48:52.469,1.47058,1.47092,1.69,2.25
2011.03.15 12:48:52.580,1.47058,1.47078,1.69,2.25
2011.03.15 12:48:52.909,1.47058,1.47092,2.44,3.00
2011.03.15 12:48:53.129,1.47058,1.47078,1.69,2.25
2011.03.15 12:48:53.237,1.47058,1.47078,1.69,2.25
2011.03.15 12:48:53.570,1.47058,1.47076,1.69,2.25
2011.03.15 12:48:53.789,1.47058,1.47078,1.69,2.25
2011.03.15 12:48:54.009,1.47058,1.47086,1.69,2.25
2011.03.15 12:48:54.779,1.47057,1.47086,2.25,2.25
2011.03.15 12:48:54.889,1.47053,1.47084,1.50,2.25
2011.03.15 12:48:55.218,1.47052,1.47081,1.05,2.25
2011.03.15 12:48:55.548,1.47052,1.47081,1.80,2.25
2011.03.15 12:48:55.658,1.47052,1.47083,1.80,2.25
2011.03.15 12:48:55.769,1.47056,1.47077,2.40,2.25
2011.03.15 12:48:55.987,1.47056,1.47081,2.55,2.25
2011.03.15 12:48:56.210,1.47056,1.47091,2.55,3.00
2011.03.15 12:48:56.320,1.47056,1.47091,1.80,3.75
2011.03.15 12:48:56.539,1.47052,1.4709,1.50,3.00
2011.03.15 12:48:57.037,1.47054,1.47089,1.69,4.03
2011.03.15 12:48:57.698,1.47055,1.47088,2.44,1.03
2011.03.15 12:48:58.469,1.47046,1.47078,3.19,2.25
2011.03.15 12:48:58.579,1.47046,1.47077,2.44,2.25
2011.03.15 12:48:58.688,1.47046,1.47076,1.50,1.50
2011.03.15 12:48:59.128,1.47047,1.47078,2.25,3.28
2011.03.15 12:48:59.348,1.47049,1.47078,2.25,2.25
2011.03.15 12:48:59.569,1.47049,1.47083,1.50,1.50
2011.03.15 12:48:59.863,1.47046,1.47082,2.25,1.50
2011.03.15 12:49:00.421,1.47047,1.47081,2.40,1.03
2011.03.15 12:49:00.540,1.47058,1.47082,2.25,1.03
2011.03.15 12:49:00.651,1.47058,1.47091,2.25,1.78
2011.03.15 12:49:00.769,1.4705,1.47091,1.50,1.78
2011.03.15 12:49:00.881,1.47056,1.47091,1.50,1.78
2011.03.15 12:49:01.000,1.47056,1.47093,1.50,1.03
2011.03.15 12:49:01.328,1.47058,1.47093,3.00,1.03
2011.03.15 12:49:01.990,1.47057,1.47093,3.00,1.03
2011.03.15 12:49:02.323,1.47061,1.47096,3.00,1.03
2011.03.15 12:49:02.552,1.47065,1.47101,3.00,2.10
2011.03.15 12:49:03.183,1.47063,1.47102,3.00,1.03
2011.03.15 12:49:03.305,1.47064,1.47103,1.50,1.78
2011.03.15 12:49:03.751,1.47068,1.47104,3.00,1.50
2011.03.15 12:49:04.080,1.47068,1.47104,3.00,1.50
2011.03.15 12:49:04.412,1.47063,1.47103,3.00,1.50
2011.03.15 12:49:04.859,1.47068,1.47103,3.00,1.50
2011.03.15 12:49:05.299,1.47074,1.47107,1.50,1.03
2011.03.15 12:49:05.409,1.47075,1.47113,1.50,1.78
2011.03.15 12:49:05.738,1.47076,1.47113,2.25,1.03
2011.03.15 12:49:05.849,1.47074,1.47113,3.00,1.03
2011.03.15 12:49:05.960,1.47071,1.47111,1.50,1.50
2011.03.15 12:49:06.491,1.47077,1.47111,1.50,1.50
2011.03.15 12:49:06.610,1.47077,1.47112,2.25,1.50
2011.03.15 12:49:07.160,1.47076,1.47113,1.50,2.25
2011.03.15 12:49:07.490,1.47068,1.47104,1.50,1.50
2011.03.15 12:49:07.708,1.47061,1.47099,1.50,1.50
2011.03.15 12:49:07.820,1.47061,1.47098,1.50,1.35
2011.03.15 12:49:08.370,1.47056,1.47094,2.25,2.25
2011.03.15 12:49:08.591,1.47057,1.47095,2.40,1.50
2011.03.15 12:49:08.709,1.47057,1.47095,2.25,2.44
2011.03.15 12:49:09.401,1.47057,1.47098,1.65,1.50
2011.03.15 12:49:09.742,1.47057,1.47093,3.90,1.50
2011.03.15 12:49:09.861,1.47058,1.47099,1.50,1.03
2011.03.15 12:49:10.089,1.4706,1.47094,1.65,1.50
2011.03.15 12:49:10.309,1.4706,1.471,1.65,1.88
2011.03.15 12:49:10.420,1.4706,1.47098,1.65,1.50
2011.03.15 12:49:10.748,1.47061,1.47099,1.50,1.03
2011.03.15 12:49:10.969,1.47061,1.471,1.50,1.03
2011.03.15 12:49:11.521,1.47069,1.47103,1.50,2.25
2011.03.15 12:49:11.857,1.47066,1.47103,2.25,2.25
2011.03.15 12:49:11.968,1.47066,1.47102,3.00,1.50
2011.03.15 12:49:12.190,1.47067,1.47103,2.25,2.25
2011.03.15 12:49:12.410,1.4707,1.47107,1.69,1.78
2011.03.15 12:49:12.665,1.47068,1.47106,3.19,1.50
2011.03.15 12:49:12.987,1.47076,1.47106,1.50,1.50
2011.03.15 12:49:13.318,1.47076,1.47106,1.50,1.50
2011.03.15 12:49:13.768,1.47076,1.47106,1.50,1.50
2011.03.15 12:49:13.989,1.47067,1.47101,2.25,1.50
2011.03.15 12:49:14.318,1.47061,1.47099,1.50,1.50
2011.03.15 12:49:14.757,1.47059,1.47093,2.25,1.50
2011.03.15 12:49:18.192,1.47057,1.47096,2.25,1.50
2011.03.15 12:49:19.107,1.47057,1.47096,2.25,1.50
2011.03.15 12:49:19.441,1.47057,1.47094,2.25,1.50
2011.03.15 12:49:19.670,1.47052,1.4709,1.50,1.50
2011.03.15 12:49:19.890,1.4705,1.47091,1.69,1.50
2011.03.15 12:49:20.438,1.47047,1.47088,2.25,1.50
2011.03.15 12:49:20.549,1.47047,1.47089,2.25,1.03
2011.03.15 12:49:20.767,1.47047,1.47085,2.25,1.50
2011.03.15 12:49:20.988,1.47048,1.47086,1.50,1.50
2011.03.15 12:49:21.211,1.47047,1.47087,1.50,1.50
2011.03.15 12:49:21.548,1.47047,1.47086,1.50,1.50
2011.03.15 12:49:22.748,1.47048,1.47083,1.50,1.50
2011.03.15 12:49:22.969,1.47048,1.47083,1.50,1.50
2011.03.15 12:49:23.517,1.47047,1.47086,3.00,1.50
2011.03.15 12:49:23.738,1.47048,1.47083,1.50,1.50
2011.03.15 12:49:23.960,1.47047,1.47088,1.50,1.50
2011.03.15 12:49:24.179,1.47047,1.47083,1.50,1.50
2011.03.15 12:49:24.728,1.47045,1.47081,1.50,1.50
2011.03.15 12:49:25.279,1.47044,1.47083,1.50,1.50
2011.03.15 12:49:25.608,1.47041,1.47084,3.75,3.75
2011.03.15 12:49:26.323,1.47045,1.47084,3.00,2.25
2011.03.15 12:49:26.441,1.47045,1.47084,3.00,1.50
2011.03.15 12:49:27.097,1.47046,1.47085,2.25,1.03
2011.03.15 12:49:27.318,1.47054,1.47087,3.00,1.03
2011.03.15 12:49:27.428,1.47054,1.47091,3.00,2.53
2011.03.15 12:49:27.757,1.47049,1.47089,3.00,1.50
2011.03.15 12:49:28.088,1.47054,1.4709,2.25,1.03
2011.03.15 12:49:28.307,1.47054,1.4709,3.00,1.03
2011.03.15 12:49:29.078,1.47048,1.4709,1.50,1.03
2011.03.15 12:49:29.297,1.47048,1.4709,1.50,1.03
2011.03.15 12:49:29.627,1.47048,1.47089,3.75,1.50
2011.03.15 12:49:29.849,1.47046,1.47087,3.00,1.69
2011.03.15 12:49:30.179,1.47046,1.47086,1.50,1.97
2011.03.15 12:49:30.290,1.47042,1.47084,1.50,2.25
2011.03.15 12:49:31.188,1.47042,1.47082,1.50,1.50
2011.03.15 12:49:31.517,1.47042,1.47073,1.50,1.50
2011.03.15 12:49:31.737,1.47042,1.47083,1.50,1.50
2011.03.15 12:49:32.287,1.47045,1.47083,3.00,1.50
2011.03.15 12:49:32.620,1.47048,1.47083,3.00,1.50
2011.03.15 12:49:32.730,1.47048,1.47083,3.00,1.50
2011.03.15 12:49:33.498,1.47049,1.47083,3.00,1.50
2011.03.15 12:49:34.157,1.47051,1.47091,3.19,1.03
2011.03.15 12:49:34.488,1.47051,1.4709,3.19,1.03
2011.03.15 12:49:35.430,1.47054,1.47091,1.50,1.03
2011.03.15 12:49:35.650,1.47054,1.47091,1.50,1.03
2011.03.15 12:49:35.868,1.47054,1.47091,1.50,1.78
2011.03.15 12:49:35.979,1.47054,1.4709,1.50,1.03
2011.03.15 12:49:36.091,1.47048,1.47083,1.50,1.50
2011.03.15 12:49:36.431,1.47047,1.47083,2.25,1.50
2011.03.15 12:49:36.879,1.4704,1.47079,1.50,1.78
2011.03.15 12:49:37.208,1.47037,1.47078,3.00,3.00
2011.03.15 12:49:37.317,1.47037,1.47078,3.75,2.25
2011.03.15 12:49:37.759,1.47043,1.47082,1.50,1.78
2011.03.15 12:49:38.303,1.47047,1.47083,1.50,2.25
2011.03.15 12:49:38.529,1.47047,1.47083,1.50,1.50
2011.03.15 12:49:38.968,1.47046,1.47083,1.69,2.25
2011.03.15 12:49:39.298,1.47047,1.47084,2.25,1.03
2011.03.15 12:49:39.848,1.47049,1.47086,3.00,1.03
2011.03.15 12:49:40.948,1.47049,1.47084,3.00,1.03
2011.03.15 12:49:41.498,1.47047,1.47084,2.25,2.53
2011.03.15 12:49:41.828,1.47046,1.47082,1.50,1.50
2011.03.15 12:49:42.179,1.47046,1.47083,1.50,2.25
2011.03.15 12:49:42.729,1.47046,1.47083,1.50,2.25
2011.03.15 12:49:43.300,1.47046,1.47083,1.50,1.50
2011.03.15 12:49:43.629,1.47046,1.47086,3.00,1.78
2011.03.15 12:49:43.960,1.47047,1.47086,1.50,1.03
2011.03.15 12:49:44.068,1.47047,1.47088,1.50,1.03
2011.03.15 12:49:45.439,1.47047,1.47087,1.50,3.00
2011.03.15 12:49:45.556,1.47067,1.47086,4.50,2.25
2011.03.15 12:49:45.674,1.47067,1.47086,2.44,2.25
2011.03.15 12:49:45.792,1.4707,1.47103,1.50,2.25
2011.03.15 12:49:45.910,1.4707,1.47103,1.50,2.25
2011.03.15 12:49:46.021,1.47069,1.47103,1.28,2.25
2011.03.15 12:49:46.138,1.47069,1.47105,1.28,2.25
2011.03.15 12:49:46.247,1.47069,1.47103,1.28,1.50
2011.03.15 12:49:46.579,1.47078,1.47112,1.50,2.53
2011.03.15 12:49:46.689,1.47078,1.47113,1.50,2.53
2011.03.15 12:49:46.908,1.47078,1.47113,1.50,1.50
2011.03.15 12:49:47.129,1.47078,1.47113,1.50,1.50
2011.03.15 12:49:47.680,1.4708,1.47113,1.50,1.50
2011.03.15 12:49:47.789,1.4708,1.47116,3.19,3.28
2011.03.15 12:49:47.901,1.47086,1.47124,1.50,1.50
2011.03.15 12:49:48.018,1.47086,1.47126,1.50,3.15
2011.03.15 12:49:48.570,1.47092,1.47122,1.50,2.25
2011.03.15 12:49:48.904,1.47087,1.47122,1.50,2.25
2011.03.15 12:49:49.023,1.47091,1.47124,1.69,3.75
2011.03.15 12:49:49.362,1.47096,1.47124,1.50,2.25
2011.03.15 12:49:49.481,1.471,1.47139,1.50,1.32
2011.03.15 12:49:49.604,1.47102,1.47142,1.50,3.19
2011.03.15 12:49:49.941,1.47114,1.47144,3.00,1.50
2011.03.15 12:49:50.058,1.4711,1.4715,1.50,1.03
2011.03.15 12:49:50.280,1.47111,1.47144,1.50,1.50
2011.03.15 12:49:50.389,1.47117,1.47144,3.00,1.50
2011.03.15 12:49:50.718,1.47113,1.47145,1.50,1.50
2011.03.15 12:49:50.830,1.47114,1.47145,3.94,1.50
2011.03.15 12:49:51.051,1.47114,1.47154,4.69,1.78
2011.03.15 12:49:51.280,1.47113,1.47153,1.50,1.03
2011.03.15 12:49:51.498,1.47113,1.47151,1.50,1.50
2011.03.15 12:49:52.442,1.47116,1.47153,1.50,1.03
2011.03.15 12:49:52.778,1.47113,1.47152,1.50,1.50
2011.03.15 12:49:52.998,1.47115,1.47152,1.50,1.50
2011.03.15 12:49:53.110,1.47118,1.47154,1.50,3.00
2011.03.15 12:49:53.549,1.4712,1.47163,3.75,1.93
2011.03.15 12:49:53.879,1.47122,1.47156,2.25,1.13
2011.03.15 12:49:54.427,1.47118,1.47158,2.25,1.50
2011.03.15 12:49:54.648,1.47118,1.47158,2.25,1.50
2011.03.15 12:49:54.758,1.47117,1.47157,1.50,3.00
2011.03.15 12:49:54.867,1.47117,1.47157,1.50,3.00
2011.03.15 12:49:55.329,1.47117,1.4715,1.50,3.00
2011.03.15 12:49:55.879,1.47116,1.47156,6.75,1.50
2011.03.15 12:49:56.102,1.47116,1.4715,3.00,3.00
2011.03.15 12:49:56.330,1.47116,1.4715,3.00,3.00
2011.03.15 12:49:57.098,1.47116,1.47148,3.00,3.00
2011.03.15 12:49:57.537,1.4712,1.47148,1.50,2.25
2011.03.15 12:49:57.858,1.47121,1.47159,1.69,1.78
2011.03.15 12:49:57.990,1.47115,1.4715,1.50,1.50
2011.03.15 12:49:58.112,1.47115,1.47142,1.50,3.00
2011.03.15 12:49:58.338,1.47117,1.47144,1.50,3.00
2011.03.15 12:49:58.559,1.47113,1.47144,1.50,3.00
2011.03.15 12:49:58.670,1.47108,1.47144,1.69,3.00
2011.03.15 12:49:58.779,1.47108,1.47144,1.50,3.00
2011.03.15 12:49:58.890,1.47107,1.47142,1.50,1.50
2011.03.15 12:49:59.218,1.47107,1.47142,1.50,1.50
2011.03.15 12:49:59.440,1.47099,1.47135,2.25,3.00
2011.03.15 12:49:59.659,1.47096,1.47132,2.25,1.50
2011.03.15 12:49:59.990,1.47096,1.47132,2.25,3.75
2011.03.15 12:50:00.209,1.47096,1.47132,1.50,1.78
2011.03.15 12:50:00.321,1.47093,1.47132,1.50,1.78
2011.03.15 12:50:00.438,1.47093,1.47132,1.50,1.03
2011.03.15 12:50:00.548,1.47094,1.47134,1.50,4.50
2011.03.15 12:50:01.098,1.47093,1.47134,1.69,2.25
2011.03.15 12:50:01.877,1.47095,1.47134,2.25,2.25
2011.03.15 12:50:02.668,1.47095,1.47134,2.25,2.25
2011.03.15 12:50:03.108,1.47089,1.47131,3.53,1.03
2011.03.15 12:50:03.440,1.47086,1.47126,1.84,3.28
2011.03.15 12:50:03.549,1.47086,1.47126,1.69,3.28
2011.03.15 12:50:03.880,1.47101,1.47125,2.25,2.25
2011.03.15 12:50:04.099,1.47101,1.47141,2.44,1.50
2011.03.15 12:50:04.319,1.47097,1.4714,3.00,1.03
2011.03.15 12:50:04.428,1.47097,1.47133,1.50,1.50
2011.03.15 12:50:04.539,1.47097,1.47133,1.50,1.50
2011.03.15 12:50:04.869,1.47089,1.47124,1.50,1.50
2011.03.15 12:50:05.088,1.47087,1.47124,1.50,1.50
2011.03.15 12:50:05.308,1.47087,1.47125,2.25,1.50
2011.03.15 12:50:05.858,1.47087,1.47126,2.25,1.03
2011.03.15 12:50:06.496,1.47087,1.47126,1.50,1.78
2011.03.15 12:50:06.828,1.47088,1.47126,1.20,1.03
2011.03.15 12:50:07.158,1.47096,1.47125,1.50,1.03
2011.03.15 12:50:07.598,1.47096,1.47132,2.25,1.03
2011.03.15 12:50:07.819,1.47096,1.47132,1.50,1.03
2011.03.15 12:50:08.478,1.47096,1.47131,1.50,1.50
2011.03.15 12:50:08.696,1.47096,1.47131,1.50,1.50
2011.03.15 12:50:09.469,1.47096,1.4713,1.50,1.50
2011.03.15 12:50:09.799,1.47087,1.47121,3.75,1.50
2011.03.15 12:50:10.127,1.47089,1.47121,2.25,1.50
2011.03.15 12:50:11.042,1.47089,1.47124,2.25,2.25
2011.03.15 12:50:11.166,1.47094,1.47129,3.00,1.50
2011.03.15 12:50:11.500,1.47095,1.47129,2.25,1.50
2011.03.15 12:50:11.620,1.47091,1.47129,1.50,1.50
2011.03.15 12:50:11.839,1.47088,1.47131,4.50,1.50
2011.03.15 12:50:12.062,1.47088,1.47131,3.75,1.50
2011.03.15 12:50:12.398,1.47089,1.47132,1.50,1.63
2011.03.15 12:50:12.947,1.47089,1.47128,1.50,3.00
2011.03.15 12:50:13.790,1.47089,1.47127,1.50,1.50
2011.03.15 12:50:14.598,1.47089,1.47127,1.50,1.50
2011.03.15 12:50:14.819,1.47094,1.47128,2.25,3.00
2011.03.15 12:50:14.930,1.47097,1.47131,2.44,3.00
2011.03.15 12:50:15.038,1.47099,1.47131,1.69,3.00
2011.03.15 12:50:15.260,1.47104,1.47132,2.25,1.50
2011.03.15 12:50:15.588,1.47112,1.47143,1.50,3.00
2011.03.15 12:50:16.459,1.47112,1.47148,1.50,1.50
2011.03.15 12:50:17.009,1.47113,1.47148,1.50,1.50
2011.03.15 12:50:17.231,1.47117,1.47151,2.25,1.13
2011.03.15 12:50:17.458,1.47119,1.47153,1.69,2.25
2011.03.15 12:50:17.680,1.47119,1.47153,1.69,2.25
2011.03.15 12:50:18.008,1.47122,1.47164,2.25,2.25
2011.03.15 12:50:18.558,1.47122,1.47164,2.25,2.25
2011.03.15 12:50:18.888,1.47122,1.47162,2.25,1.13
2011.03.15 12:50:19.548,1.47122,1.47162,1.50,1.13
2011.03.15 12:50:19.767,1.47122,1.47156,1.50,1.50
2011.03.15 12:50:20.098,1.47122,1.47156,1.50,1.50
2011.03.15 12:50:20.721,1.47122,1.47161,1.50,1.50
2011.03.15 12:50:20.950,1.47122,1.47161,1.50,1.50
2011.03.15 12:50:23.151,1.47114,1.47153,2.25,2.25
2011.03.15 12:50:23.272,1.47114,1.47153,2.25,2.25
2011.03.15 12:50:23.504,1.47114,1.47153,2.25,2.70
2011.03.15 12:50:23.729,1.47108,1.47148,1.50,1.50
2011.03.15 12:50:23.948,1.47108,1.47148,1.50,1.50
2011.03.15 12:50:24.169,1.47108,1.47148,1.50,1.50
2011.03.15 12:50:24.719,1.47108,1.47152,1.50,1.78
2011.03.15 12:50:24.941,1.47108,1.47152,1.50,1.78
2011.03.15 12:50:25.341,1.47108,1.47152,1.50,1.78
2011.03.15 12:50:25.799,1.47114,1.47151,2.25,1.50
2011.03.15 12:50:26.131,1.47114,1.47151,2.25,1.50
2011.03.15 12:50:26.360,1.47114,1.47151,2.25,1.50
2011.03.15 12:50:26.471,1.47111,1.47148,2.25,1.50
2011.03.15 12:50:26.590,1.47111,1.47146,2.25,1.03
2011.03.15 12:50:26.699,1.47108,1.47146,1.50,1.03
2011.03.15 12:50:27.589,1.47108,1.47146,1.50,1.03
2011.03.15 12:50:28.248,1.47108,1.47146,1.50,1.78
2011.03.15 12:50:29.832,1.47109,1.47146,2.25,1.78
2011.03.15 12:50:29.952,1.47107,1.47146,1.50,1.78
2011.03.15 12:50:30.289,1.47107,1.47146,1.50,1.78
2011.03.15 12:50:30.839,1.47111,1.47146,2.25,1.03
2011.03.15 12:50:31.279,1.47108,1.47146,2.25,1.03
2011.03.15 12:50:31.720,1.47107,1.47146,1.69,1.03
2011.03.15 12:50:32.267,1.47109,1.47146,2.25,1.03
2011.03.15 12:50:32.817,1.4711,1.47146,2.25,1.03
2011.03.15 12:50:33.369,1.47117,1.47152,1.50,1.03
2011.03.15 12:50:33.559,1.47117,1.47152,1.50,1.03
2011.03.15 12:50:34.217,1.47117,1.47152,1.50,1.03
2011.03.15 12:50:34.438,1.47117,1.4715,1.50,3.00
2011.03.15 12:50:34.770,1.47111,1.4715,1.50,1.50
2011.03.15 12:50:34.879,1.47111,1.4715,1.50,1.50
2011.03.15 12:50:35.209,1.47109,1.4715,3.75,1.50
2011.03.15 12:50:35.429,1.47109,1.47145,3.00,1.50
2011.03.15 12:50:35.650,1.47108,1.47145,2.44,1.50
2011.03.15 12:50:35.758,1.47117,1.47145,1.50,1.50
2011.03.15 12:50:36.296,1.47116,1.47146,1.50,1.50
2011.03.15 12:50:36.630,1.47108,1.47146,4.69,1.50
2011.03.15 12:50:36.740,1.47109,1.47146,1.50,1.50
2011.03.15 12:50:37.071,1.47117,1.47147,1.50,1.50
2011.03.15 12:50:37.398,1.47117,1.47147,1.50,1.50
2011.03.15 12:50:37.625,1.47106,1.4714,3.00,1.50
2011.03.15 12:50:37.741,1.47097,1.47127,3.19,1.50
2011.03.15 12:50:37.851,1.47092,1.47124,3.94,1.50
2011.03.15 12:50:37.972,1.47088,1.47121,1.20,1.03
2011.03.15 12:50:38.090,1.47087,1.47121,1.50,1.03
2011.03.15 12:50:38.419,1.47087,1.47121,1.50,1.78
2011.03.15 12:50:38.528,1.47087,1.47121,1.50,1.78
2011.03.15 12:50:39.458,1.47087,1.47125,1.50,1.78
2011.03.15 12:50:41.318,1.47087,1.47122,1.50,1.50
2011.03.15 12:50:42.478,1.47087,1.47125,2.25,1.03
2011.03.15 12:50:42.809,1.47098,1.47127,1.50,1.03
2011.03.15 12:50:43.027,1.47098,1.47132,1.50,1.03
2011.03.15 12:50:43.358,1.47103,1.47132,2.25,1.03
2011.03.15 12:50:43.690,1.47108,1.47136,2.25,1.03
2011.03.15 12:50:43.800,1.47108,1.47138,2.25,1.50
2011.03.15 12:50:44.022,1.47103,1.47142,1.50,1.03
2011.03.15 12:50:44.140,1.47109,1.47142,2.25,1.03
2011.03.15 12:50:44.798,1.47108,1.47142,2.25,1.03
2011.03.15 12:50:45.461,1.47107,1.47142,2.25,1.03
2011.03.15 12:50:45.688,1.47107,1.47142,2.25,1.03
2011.03.15 12:50:46.340,1.47122,1.47142,2.25,1.03
2011.03.15 12:50:46.671,1.47128,1.4715,2.25,1.50
2011.03.15 12:50:46.791,1.4713,1.47154,3.00,2.25
2011.03.15 12:50:47.021,1.47138,1.47164,2.25,1.50
2011.03.15 12:50:47.129,1.47138,1.47173,2.25,2.25
2011.03.15 12:50:47.240,1.4714,1.47173,2.25,2.25
2011.03.15 12:50:47.570,1.47146,1.47173,2.25,2.25
2011.03.15 12:50:47.900,1.47149,1.47173,2.25,2.25
2011.03.15 12:50:48.446,1.47146,1.47173,2.25,2.25
2011.03.15 12:50:48.770,1.47147,1.47183,2.25,2.25
2011.03.15 12:50:48.990,1.47149,1.47183,3.00,2.25
2011.03.15 12:50:50.198,1.47148,1.47183,3.00,2.25
2011.03.15 12:50:51.628,1.47147,1.47181,1.50,1.50
2011.03.15 12:50:52.650,1.47148,1.47186,1.50,1.50
2011.03.15 12:50:52.762,1.47149,1.47186,1.50,1.50
2011.03.15 12:50:52.993,1.47155,1.4719,1.50,1.35
2011.03.15 12:50:53.441,1.47156,1.47193,2.25,1.50
2011.03.15 12:50:54.188,1.47156,1.47193,2.25,1.50
2011.03.15 12:50:54.408,1.47156,1.47193,2.25,1.50
2011.03.15 12:50:54.848,1.47159,1.47193,2.25,1.50
2011.03.15 12:50:55.828,1.47156,1.47193,4.50,1.50
2011.03.15 12:50:56.255,1.47158,1.47193,3.19,1.50
2011.03.15 12:50:56.602,1.47161,1.47196,6.94,1.03
2011.03.15 12:50:56.830,1.47158,1.47196,2.44,1.03
2011.03.15 12:50:56.942,1.47159,1.47196,3.19,1.03
2011.03.15 12:50:57.060,1.47159,1.47197,3.94,1.03
2011.03.15 12:50:57.609,1.47161,1.47201,3.19,1.03
2011.03.15 12:50:57.717,1.47166,1.47201,1.50,1.03
2011.03.15 12:50:58.050,1.47173,1.47201,1.50,1.03
2011.03.15 12:50:58.161,1.47168,1.47204,1.69,1.50
2011.03.15 12:50:58.282,1.47168,1.47206,1.28,1.50
2011.03.15 12:50:58.404,1.47166,1.47206,2.25,1.50
2011.03.15 12:50:58.741,1.47167,1.47199,2.25,1.03
2011.03.15 12:50:59.157,1.47174,1.47207,2.25,1.78
2011.03.15 12:50:59.819,1.47172,1.47207,4.50,1.78
2011.03.15 12:51:00.478,1.47169,1.47203,3.00,2.25
2011.03.15 12:51:01.029,1.47163,1.47203,2.25,3.00
2011.03.15 12:51:01.249,1.47158,1.47202,1.69,3.73
2011.03.15 12:51:01.780,1.47157,1.47196,3.60,3.00
2011.03.15 12:51:02.120,1.47161,1.47193,2.25,1.50
2011.03.15 12:51:02.451,1.47161,1.47188,4.50,1.03
2011.03.15 12:51:02.793,1.47162,1.47188,4.50,1.03
2011.03.15 12:51:02.908,1.47164,1.47188,2.25,1.03
2011.03.15 12:51:03.239,1.47164,1.47188,4.50,1.03
2011.03.15 12:51:03.570,1.47162,1.47188,2.25,1.03
2011.03.15 12:51:03.788,1.47161,1.47188,2.25,1.03
2011.03.15 12:51:04.118,1.47157,1.47188,1.50,1.03
2011.03.15 12:51:04.339,1.47159,1.47188,2.25,1.03
2011.03.15 12:51:04.667,1.47162,1.47188,2.25,1.03
2011.03.15 12:51:04.779,1.4716,1.47188,4.50,1.03
2011.03.15 12:51:04.889,1.47162,1.47188,2.25,1.03
2011.03.15 12:51:05.109,1.47162,1.47188,2.25,1.03
2011.03.15 12:51:06.004,1.47163,1.47194,2.25,1.03
2011.03.15 12:51:06.123,1.47157,1.47194,3.75,1.03
2011.03.15 12:51:06.241,1.47159,1.47194,1.50,1.03
2011.03.15 12:51:06.473,1.4716,1.47196,1.50,1.03
2011.03.15 12:51:06.711,1.47164,1.47199,1.50,1.03
2011.03.15 12:51:07.948,1.47167,1.47204,1.50,1.78
2011.03.15 12:51:08.507,1.47172,1.47205,1.50,1.78
2011.03.15 12:51:08.637,1.47172,1.47205,1.50,2.16
2011.03.15 12:51:08.973,1.47181,1.47204,2.25,2.25
2011.03.15 12:51:09.350,1.4719,1.47206,2.25,1.50
2011.03.15 12:51:09.680,1.47192,1.4721,2.25,1.50
2011.03.15 12:51:10.009,1.47192,1.47206,2.25,1.50
2011.03.15 12:51:10.119,1.47186,1.47205,2.25,1.50
2011.03.15 12:51:10.228,1.47186,1.47205,2.25,1.50
2011.03.15 12:51:10.340,1.47183,1.47205,2.25,1.50
2011.03.15 12:51:10.560,1.47185,1.47205,2.25,1.50
2011.03.15 12:51:11.163,1.47182,1.47206,2.25,1.03
2011.03.15 12:51:11.394,1.47182,1.47212,2.25,1.50
2011.03.15 12:51:11.510,1.47184,1.47212,2.25,1.50
2011.03.15 12:51:11.840,1.47182,1.47213,2.25,1.03
2011.03.15 12:51:11.950,1.47177,1.47207,2.25,2.25
2011.03.15 12:51:12.171,1.47179,1.47199,2.25,1.03
2011.03.15 12:51:12.510,1.47176,1.47193,2.25,2.25
2011.03.15 12:51:12.732,1.47162,1.47193,1.57,2.25
2011.03.15 12:51:12.850,1.47185,1.47193,2.25,1.50
2011.03.15 12:51:13.208,1.47158,1.47193,1.57,2.25
2011.03.15 12:51:13.325,1.47157,1.47196,3.94,1.50
2011.03.15 12:51:13.442,1.47159,1.47196,2.25,1.50
2011.03.15 12:51:13.674,1.47159,1.47196,1.50,1.50
2011.03.15 12:51:13.868,1.47159,1.47196,1.50,1.50
2011.03.15 12:51:13.986,1.47157,1.47196,3.94,1.50
2011.03.15 12:51:14.098,1.47159,1.47197,1.50,1.03
2011.03.15 12:51:14.211,1.47157,1.47197,3.19,1.03
2011.03.15 12:51:14.440,1.47159,1.47197,1.50,1.03
2011.03.15 12:51:14.553,1.47157,1.47197,3.94,1.03
2011.03.15 12:51:14.783,1.47161,1.47197,4.50,1.03
2011.03.15 12:51:15.014,1.4717,1.47203,1.69,2.25
2011.03.15 12:51:15.132,1.4717,1.47205,1.69,1.50
2011.03.15 12:51:15.251,1.47177,1.47208,1.69,1.03
2011.03.15 12:51:15.793,1.47178,1.47208,4.69,1.03
2011.03.15 12:51:16.571,1.47182,1.47215,1.50,1.03
2011.03.15 12:51:17.020,1.47179,1.47215,1.69,1.03
2011.03.15 12:51:17.132,1.47179,1.47215,1.69,1.03
2011.03.15 12:51:17.249,1.47177,1.47215,2.25,1.03
2011.03.15 12:51:17.359,1.47177,1.47214,1.50,1.50
2011.03.15 12:51:17.578,1.4717,1.47209,2.03,1.03
2011.03.15 12:51:17.798,1.4717,1.47209,2.03,1.03
2011.03.15 12:51:18.639,1.47178,1.47205,1.50,1.03
2011.03.15 12:51:18.969,1.47167,1.47205,2.44,1.03
2011.03.15 12:51:19.358,1.47167,1.47195,1.50,1.50
2011.03.15 12:51:19.688,1.47157,1.47191,1.50,1.50
2011.03.15 12:51:20.237,1.47157,1.47192,1.50,1.50
2011.03.15 12:51:21.348,1.47157,1.47193,1.50,1.03
2011.03.15 12:51:21.567,1.47147,1.47193,3.34,2.53
2011.03.15 12:51:21.898,1.47147,1.47186,1.69,1.03
2011.03.15 12:51:22.337,1.47147,1.47186,1.84,1.03
2011.03.15 12:51:22.559,1.47147,1.47186,1.84,1.03
2011.03.15 12:51:22.780,1.47147,1.47186,1.69,1.03
2011.03.15 12:51:22.889,1.47147,1.47186,1.84,1.03
2011.03.15 12:51:22.998,1.47147,1.47186,1.84,1.03
2011.03.15 12:51:23.445,1.47151,1.47186,1.50,1.03
2011.03.15 12:51:23.671,1.47153,1.47188,5.44,1.50
2011.03.15 12:51:23.999,1.47157,1.47192,1.69,1.03
2011.03.15 12:51:24.223,1.4715,1.47192,1.65,1.03
2011.03.15 12:51:24.343,1.47148,1.47192,3.90,1.03
2011.03.15 12:51:24.460,1.47148,1.47192,3.75,1.03
2011.03.15 12:51:24.788,1.47157,1.47192,2.25,1.03
2011.03.15 12:51:25.013,1.4715,1.47192,1.65,1.03
2011.03.15 12:51:25.791,1.47149,1.47185,3.00,2.25
2011.03.15 12:51:25.902,1.47147,1.4718,1.50,1.50
2011.03.15 12:51:26.280,1.47136,1.47173,1.65,1.03
2011.03.15 12:51:26.513,1.47136,1.47168,2.25,2.25
2011.03.15 12:51:26.634,1.4713,1.47168,3.75,1.50
2011.03.15 12:51:26.971,1.47126,1.47168,2.03,1.03
2011.03.15 12:51:27.092,1.47126,1.47168,2.25,1.03
2011.03.15 12:51:27.430,1.47131,1.47169,1.69,1.03
2011.03.15 12:51:27.540,1.47131,1.47173,1.69,1.03
2011.03.15 12:51:27.979,1.47132,1.47173,1.69,1.03
2011.03.15 12:51:28.200,1.47137,1.47173,2.25,1.03
2011.03.15 12:51:28.529,1.47137,1.47174,5.44,1.03
2011.03.15 12:51:28.951,1.47137,1.47178,2.25,1.50
2011.03.15 12:51:29.073,1.47137,1.47177,1.50,2.25
2011.03.15 12:51:29.409,1.47147,1.47176,1.50,1.50
2011.03.15 12:51:29.740,1.47147,1.47176,1.50,3.00
2011.03.15 12:51:29.958,1.47138,1.47176,1.50,3.00
2011.03.15 12:51:30.291,1.47137,1.47176,1.50,2.25
2011.03.15 12:51:30.740,1.47137,1.47173,1.50,1.03
2011.03.15 12:51:31.288,1.47137,1.47173,1.50,1.03
2011.03.15 12:51:31.729,1.47137,1.47178,1.50,1.03
2011.03.15 12:51:32.168,1.47139,1.47178,2.25,1.03
2011.03.15 12:51:32.523,1.4714,1.47183,2.44,2.53
2011.03.15 12:51:32.748,1.47147,1.47183,1.50,1.03
2011.03.15 12:51:33.079,1.47147,1.47183,1.50,1.03
2011.03.15 12:51:33.969,1.47147,1.47183,2.25,1.03
2011.03.15 12:51:34.079,1.47147,1.47183,2.25,1.03
2011.03.15 12:51:34.628,1.47147,1.47183,1.50,1.03
2011.03.15 12:51:34.961,1.47141,1.47183,1.50,2.53
2011.03.15 12:51:35.288,1.47139,1.47178,1.50,1.50
2011.03.15 12:51:35.511,1.47137,1.47176,1.50,1.78
2011.03.15 12:51:35.849,1.47137,1.47176,1.50,1.78
2011.03.15 12:51:36.288,1.47128,1.47172,1.50,1.03
2011.03.15 12:51:36.510,1.47128,1.47172,2.25,1.03
2011.03.15 12:51:36.946,1.47137,1.47172,1.50,1.03
2011.03.15 12:51:37.074,1.47129,1.47172,1.50,3.28
2011.03.15 12:51:37.302,1.47128,1.47172,1.65,3.28
2011.03.15 12:51:37.859,1.47132,1.47173,1.50,3.00
2011.03.15 12:51:38.192,1.47127,1.47166,2.40,1.50
2011.03.15 12:51:38.419,1.47128,1.47172,2.25,1.78
2011.03.15 12:51:38.530,1.47129,1.47172,1.50,1.78
2011.03.15 12:51:38.968,1.47129,1.47172,1.50,1.78
2011.03.15 12:51:39.521,1.47129,1.47172,1.50,1.78
2011.03.15 12:51:39.643,1.4713,1.47172,1.69,1.03
2011.03.15 12:51:40.212,1.47133,1.47172,2.25,1.03
2011.03.15 12:51:40.547,1.47137,1.47172,1.50,1.03
2011.03.15 12:51:40.878,1.47137,1.47172,1.50,1.03
2011.03.15 12:51:41.100,1.47137,1.47172,1.50,1.03
2011.03.15 12:51:41.758,1.47137,1.47175,1.50,1.50
2011.03.15 12:51:42.088,1.47128,1.4717,1.84,3.00
2011.03.15 12:51:42.200,1.47128,1.47168,1.50,1.50
2011.03.15 12:51:42.312,1.47128,1.47155,1.50,1.50
2011.03.15 12:51:42.542,1.47123,1.47161,1.28,1.50
2011.03.15 12:51:42.660,1.47122,1.47161,1.65,1.50
2011.03.15 12:51:42.769,1.47121,1.47163,1.65,2.53
2011.03.15 12:51:43.208,1.47121,1.47163,1.65,4.78
2011.03.15 12:51:43.538,1.47126,1.47163,2.25,1.03
2011.03.15 12:51:44.087,1.47126,1.47163,2.40,1.03
2011.03.15 12:51:44.200,1.47129,1.47163,2.44,1.03
2011.03.15 12:51:44.563,1.47126,1.47166,3.15,1.50
2011.03.15 12:51:44.678,1.47126,1.47167,1.65,3.94
2011.03.15 12:51:44.788,1.47126,1.47167,1.50,3.94
2011.03.15 12:51:45.009,1.47128,1.47167,1.69,3.75
2011.03.15 12:51:45.337,1.47137,1.47169,1.50,1.03
2011.03.15 12:51:45.780,1.47127,1.47164,2.25,3.00
2011.03.15 12:51:46.109,1.47136,1.47166,1.50,3.00
2011.03.15 12:51:46.548,1.47136,1.47168,1.50,3.00
2011.03.15 12:51:46.772,1.47136,1.47172,1.50,3.00
2011.03.15 12:51:47.218,1.47136,1.47179,1.50,5.53
2011.03.15 12:51:49.037,1.47136,1.47177,1.65,3.00
2011.03.15 12:51:50.259,1.47136,1.47177,1.50,3.00
2011.03.15 12:51:50.699,1.47136,1.47179,2.25,1.03
2011.03.15 12:51:51.929,1.47136,1.47179,1.50,1.03
2011.03.15 12:51:52.478,1.47136,1.47176,1.65,3.00
2011.03.15 12:51:53.240,1.47136,1.47176,3.15,3.00
2011.03.15 12:51:53.350,1.47138,1.47176,1.43,3.00
2011.03.15 12:51:53.571,1.47142,1.47179,1.62,1.03
2011.03.15 12:51:54.235,1.47143,1.47183,1.50,2.25
2011.03.15 12:51:54.570,1.47146,1.47184,1.50,1.03
2011.03.15 12:51:55.377,1.47154,1.47184,4.69,1.03
2011.03.15 12:51:55.491,1.47155,1.47184,2.25,1.03
2011.03.15 12:51:55.709,1.47147,1.47184,3.15,1.03
2011.03.15 12:51:56.149,1.47146,1.47184,2.40,1.03
2011.03.15 12:51:56.259,1.47146,1.47184,2.40,1.03
2011.03.15 12:51:56.808,1.47146,1.47184,1.65,1.03
2011.03.15 12:51:56.918,1.47146,1.47184,1.65,1.03
2011.03.15 12:51:57.027,1.47146,1.47184,1.50,1.03
2011.03.15 12:51:57.358,1.47146,1.47184,3.19,1.03
2011.03.15 12:51:57.908,1.47148,1.47184,1.69,3.00
2011.03.15 12:51:59.526,1.47146,1.47182,3.00,1.50
2011.03.15 12:51:59.641,1.47144,1.47182,1.50,1.50
2011.03.15 12:51:59.759,1.47142,1.47182,1.65,1.50
2011.03.15 12:52:00.201,1.47142,1.47182,2.40,1.50
2011.03.15 12:52:00.318,1.47142,1.47182,2.40,1.50
2011.03.15 12:52:00.429,1.47142,1.47182,2.55,1.50
2011.03.15 12:52:00.648,1.47142,1.47182,2.40,1.50
2011.03.15 12:52:00.760,1.47142,1.47182,2.40,1.50
2011.03.15 12:52:00.867,1.47142,1.47182,2.55,1.50
2011.03.15 12:52:01.657,1.47142,1.47182,2.40,1.50
2011.03.15 12:52:01.989,1.47146,1.47184,1.09,3.00
2011.03.15 12:52:02.208,1.47146,1.47186,2.59,1.03
2011.03.15 12:52:02.757,1.47148,1.47188,1.50,3.75
2011.03.15 12:52:02.868,1.47148,1.47188,1.50,3.75
2011.03.15 12:52:03.637,1.47148,1.47188,1.65,3.00
2011.03.15 12:52:04.085,1.47147,1.47188,2.25,3.00
2011.03.15 12:52:04.422,1.47147,1.47183,1.50,1.50
2011.03.15 12:52:04.978,1.47148,1.47191,2.25,3.00
2011.03.15 12:52:07.127,1.47149,1.47192,1.50,1.78
2011.03.15 12:52:07.461,1.4715,1.47188,1.50,3.00
2011.03.15 12:52:07.792,1.47147,1.47186,1.95,3.00
2011.03.15 12:52:08.022,1.47145,1.47181,1.50,1.50
2011.03.15 12:52:08.143,1.4714,1.47181,1.50,1.50
2011.03.15 12:52:08.259,1.47136,1.47179,2.25,1.50
2011.03.15 12:52:08.708,1.47127,1.47154,1.28,1.50
2011.03.15 12:52:08.825,1.47118,1.47158,1.50,3.00
2011.03.15 12:52:08.943,1.47118,1.47154,1.50,2.25
2011.03.15 12:52:09.059,1.4712,1.47162,2.25,1.50
2011.03.15 12:52:09.282,1.47122,1.47163,1.50,2.25
2011.03.15 12:52:09.508,1.4712,1.47163,2.25,3.00
2011.03.15 12:52:09.837,1.47119,1.47163,1.50,3.00
2011.03.15 12:52:10.499,1.47119,1.47163,2.25,2.25
2011.03.15 12:52:10.608,1.4712,1.47163,1.50,1.50
2011.03.15 12:52:10.938,1.47126,1.47163,1.69,1.50
2011.03.15 12:52:11.491,1.47128,1.47163,1.69,2.25
2011.03.15 12:52:11.710,1.47122,1.47163,1.50,2.25
2011.03.15 12:52:12.120,1.4712,1.47154,2.25,2.25
2011.03.15 12:52:12.232,1.47114,1.47154,4.50,2.25
2011.03.15 12:52:13.229,1.47114,1.47154,1.50,2.25
2011.03.15 12:52:13.340,1.47111,1.47153,1.50,1.50
2011.03.15 12:52:13.449,1.47109,1.47151,1.13,1.03
2011.03.15 12:52:13.558,1.47111,1.4715,1.50,1.03
2011.03.15 12:52:13.998,1.47115,1.47151,1.50,1.03
2011.03.15 12:52:14.440,1.47114,1.47154,1.50,1.50
2011.03.15 12:52:14.659,1.47114,1.47154,1.50,1.50
2011.03.15 12:52:15.251,1.47117,1.47154,3.75,1.50
2011.03.15 12:52:15.591,1.47117,1.47162,1.50,1.78
2011.03.15 12:52:15.824,1.47116,1.47153,2.25,1.50
2011.03.15 12:52:16.160,1.47112,1.47154,2.25,2.25
2011.03.15 12:52:16.269,1.47112,1.47154,2.25,1.50
2011.03.15 12:52:16.381,1.47116,1.47154,3.00,1.50
2011.03.15 12:52:16.709,1.4712,1.47154,1.50,1.50
2011.03.15 12:52:16.819,1.4712,1.47158,1.50,1.78
2011.03.15 12:52:17.369,1.47122,1.47159,1.50,1.03
2011.03.15 12:52:17.589,1.47129,1.47164,1.50,1.50
2011.03.15 12:52:17.699,1.47129,1.47164,1.50,1.50
2011.03.15 12:52:17.808,1.47134,1.47172,1.50,1.56
2011.03.15 12:52:19.019,1.47131,1.47172,1.50,1.03
2011.03.15 12:52:19.240,1.47134,1.47172,1.50,1.03
2011.03.15 12:52:20.050,1.47131,1.47172,2.25,1.03
2011.03.15 12:52:20.283,1.47131,1.47172,2.25,1.03
2011.03.15 12:52:20.619,1.47131,1.47172,1.50,1.03
2011.03.15 12:52:20.950,1.47117,1.47156,2.25,1.22
2011.03.15 12:52:21.060,1.47117,1.47155,1.50,1.22
2011.03.15 12:52:21.281,1.47113,1.47154,3.75,2.25
2011.03.15 12:52:21.401,1.4711,1.4715,3.19,1.03
2011.03.15 12:52:21.519,1.4711,1.4715,3.19,1.03
2011.03.15 12:52:21.958,1.47112,1.4715,1.50,1.03
2011.03.15 12:52:22.178,1.47112,1.4715,1.50,1.03
2011.03.15 12:52:22.727,1.47112,1.47154,1.50,2.25
2011.03.15 12:52:22.948,1.47112,1.47154,1.50,2.25
2011.03.15 12:52:24.182,1.47112,1.47154,2.25,3.00
2011.03.15 12:52:24.527,1.47112,1.47154,2.25,3.00
2011.03.15 12:52:27.418,1.47115,1.47154,2.25,2.25
2011.03.15 12:52:27.968,1.47124,1.47154,1.50,2.25
2011.03.15 12:52:28.190,1.47129,1.47163,1.69,1.03
2011.03.15 12:52:28.408,1.47129,1.47164,1.69,2.53
2011.03.15 12:52:28.847,1.47129,1.47164,2.44,1.50
2011.03.15 12:52:29.399,1.4713,1.47164,1.69,1.50
2011.03.15 12:52:30.110,1.47132,1.47164,1.50,1.50
2011.03.15 12:52:30.988,1.4713,1.47164,1.50,1.50
2011.03.15 12:52:31.429,1.47132,1.47164,1.50,1.50
2011.03.15 12:52:32.137,1.47132,1.47169,1.50,1.03
2011.03.15 12:52:32.770,1.4713,1.47169,1.50,1.03
2011.03.15 12:52:33.318,1.47129,1.47169,1.50,1.03
2011.03.15 12:52:33.760,1.47131,1.47169,3.00,1.03
2011.03.15 12:52:34.089,1.47136,1.47172,1.50,1.50
2011.03.15 12:52:34.638,1.47135,1.47173,1.50,2.25
2011.03.15 12:52:35.188,1.47135,1.47173,1.50,2.25
2011.03.15 12:52:35.738,1.47135,1.47173,1.50,2.53
2011.03.15 12:52:36.071,1.47147,1.47188,1.50,3.28
2011.03.15 12:52:36.299,1.47149,1.47185,2.25,1.50
2011.03.15 12:52:36.520,1.47146,1.47181,1.50,1.50
2011.03.15 12:52:36.973,1.47136,1.47174,1.50,1.03
2011.03.15 12:52:37.310,1.47136,1.47174,1.50,1.03
2011.03.15 12:52:37.640,1.47129,1.47169,1.50,1.03
2011.03.15 12:52:37.859,1.47129,1.47169,1.50,1.03
2011.03.15 12:52:38.521,1.47132,1.47169,1.50,1.03
2011.03.15 12:52:38.639,1.47135,1.47173,1.50,2.25
2011.03.15 12:52:39.188,1.47137,1.47173,1.50,3.00
2011.03.15 12:52:41.929,1.47137,1.47175,1.50,1.03
2011.03.15 12:52:42.260,1.47137,1.47173,1.50,1.50
2011.03.15 12:52:42.587,1.47137,1.47168,1.50,3.00
2011.03.15 12:52:42.697,1.47127,1.47168,4.09,3.00
2011.03.15 12:52:45.607,1.47131,1.47167,1.09,3.00
2011.03.15 12:52:46.329,1.47127,1.47167,3.94,3.00
2011.03.15 12:52:48.261,1.47127,1.47167,3.19,3.00
2011.03.15 12:52:51.060,1.47127,1.4716,1.50,3.00
2011.03.15 12:52:51.278,1.47127,1.47158,1.50,3.00
2011.03.15 12:52:51.612,1.47127,1.47159,2.44,1.03
2011.03.15 12:52:51.988,1.47131,1.47164,1.50,1.03
2011.03.15 12:52:52.210,1.47127,1.47162,1.69,3.00
2011.03.15 12:52:52.525,1.47117,1.47158,2.44,3.28
2011.03.15 12:52:52.642,1.47122,1.47158,1.50,1.03
2011.03.15 12:52:52.983,1.47118,1.47154,1.28,3.00
2011.03.15 12:52:53.211,1.47121,1.47158,1.50,1.03
2011.03.15 12:52:53.328,1.47116,1.47153,2.97,3.00
2011.03.15 12:52:53.658,1.47122,1.47153,3.19,3.00
2011.03.15 12:52:54.558,1.47118,1.47158,1.69,1.03
2011.03.15 12:52:54.779,1.47118,1.47158,1.69,1.03
2011.03.15 12:52:54.909,1.47118,1.47158,1.69,1.03
2011.03.15 12:52:56.107,1.47118,1.47158,1.69,1.03
2011.03.15 12:52:58.261,1.47116,1.47158,3.00,1.03
2011.03.15 12:52:58.811,1.47113,1.47154,1.69,2.53
2011.03.15 12:53:00.259,1.47113,1.47154,1.69,2.53
2011.03.15 12:53:00.590,1.4711,1.4715,1.50,3.75
2011.03.15 12:53:00.808,1.47111,1.47149,1.50,1.03
2011.03.15 12:53:01.027,1.47111,1.47149,1.50,1.03
2011.03.15 12:53:03.672,1.47107,1.47149,1.50,1.03
2011.03.15 12:53:03.789,1.47108,1.47149,1.50,1.03
2011.03.15 12:53:04.230,1.47111,1.47149,1.50,1.03
2011.03.15 12:53:04.682,1.47108,1.47149,1.50,1.03
2011.03.15 12:53:05.919,1.47111,1.47145,1.50,1.03
2011.03.15 12:53:06.140,1.47113,1.47145,1.50,1.03
2011.03.15 12:53:07.774,1.47114,1.4715,1.50,1.03
2011.03.15 12:53:08.108,1.47113,1.4715,1.50,1.03
2011.03.15 12:53:08.219,1.47113,1.4715,1.50,1.03
2011.03.15 12:53:10.079,1.47116,1.47146,2.25,1.03
2011.03.15 12:53:10.300,1.47113,1.47146,1.50,1.03
2011.03.15 12:53:10.519,1.47113,1.47145,1.50,1.03
2011.03.15 12:53:11.069,1.47112,1.47145,1.50,1.03
2011.03.15 12:53:11.289,1.47112,1.47145,1.50,1.03
2011.03.15 12:53:12.769,1.47113,1.4715,1.50,1.03
2011.03.15 12:53:12.989,1.47112,1.47148,1.50,3.00
2011.03.15 12:53:13.648,1.47109,1.47143,1.20,1.03
2011.03.15 12:53:15.032,1.47108,1.47143,1.95,1.03
2011.03.15 12:53:15.588,1.47106,1.47143,2.25,1.03
2011.03.15 12:53:17.309,1.47107,1.47143,2.25,1.03
2011.03.15 12:53:18.448,1.47107,1.47143,1.50,1.18
2011.03.15 12:53:18.779,1.47097,1.47136,1.50,1.50
2011.03.15 12:53:19.108,1.47088,1.4713,1.69,1.03
2011.03.15 12:53:19.549,1.47088,1.47125,2.25,1.50
2011.03.15 12:53:19.658,1.47086,1.47123,3.00,1.50
2011.03.15 12:53:19.769,1.47086,1.47122,2.25,1.03
2011.03.15 12:53:20.098,1.47086,1.47117,1.50,1.03
2011.03.15 12:53:20.429,1.47086,1.47118,5.25,1.03
2011.03.15 12:53:20.538,1.47086,1.47121,5.25,1.03
2011.03.15 12:53:20.648,1.47086,1.47121,5.25,1.03
2011.03.15 12:53:20.871,1.47093,1.47123,1.50,1.03
2011.03.15 12:53:20.981,1.47096,1.4713,2.25,1.20
2011.03.15 12:53:21.351,1.47096,1.4713,1.50,1.03
2011.03.15 12:53:21.691,1.47096,1.47136,2.25,1.03
2011.03.15 12:53:21.919,1.47097,1.47137,3.75,1.78
2011.03.15 12:53:22.030,1.47097,1.47137,3.00,1.50
2011.03.15 12:53:22.139,1.47097,1.47137,3.00,1.50
2011.03.15 12:53:22.470,1.47096,1.4714,2.25,1.78
2011.03.15 12:53:22.812,1.471,1.4714,2.44,1.03
2011.03.15 12:53:23.150,1.47106,1.47138,1.69,1.50
2011.03.15 12:53:23.263,1.4711,1.4714,1.69,1.03
2011.03.15 12:53:23.382,1.47107,1.4715,1.69,3.00
2011.03.15 12:53:23.611,1.47108,1.47148,2.25,1.03
2011.03.15 12:53:23.951,1.47136,1.47148,1.50,1.03
2011.03.15 12:53:24.183,1.47151,1.47162,1.50,2.25
2011.03.15 12:53:24.304,1.47156,1.47184,1.69,2.25
2011.03.15 12:53:24.421,1.47151,1.47192,1.50,1.50
2011.03.15 12:53:24.762,1.47146,1.47182,2.25,1.50
2011.03.15 12:53:24.879,1.47146,1.47182,2.25,1.50
2011.03.15 12:53:24.989,1.47137,1.47172,5.44,3.00
2011.03.15 12:53:25.100,1.47137,1.47172,5.44,3.00
2011.03.15 12:53:25.209,1.47137,1.47172,5.44,3.00
2011.03.15 12:53:26.138,1.47137,1.47169,3.19,3.00
2011.03.15 12:53:26.359,1.47137,1.47169,3.19,3.00
2011.03.15 12:53:26.689,1.47137,1.47171,2.25,3.75
2011.03.15 12:53:26.912,1.47137,1.47169,2.25,3.00
2011.03.15 12:53:27.139,1.47132,1.47169,1.50,3.00
2011.03.15 12:53:27.438,1.47128,1.47168,1.50,3.00
2011.03.15 12:53:27.558,1.47125,1.47165,1.50,3.00
2011.03.15 12:53:27.670,1.47121,1.47166,1.69,3.00
2011.03.15 12:53:28.588,1.47121,1.47163,1.69,1.03
2011.03.15 12:53:29.249,1.47121,1.47163,1.50,1.41
2011.03.15 12:53:29.469,1.47121,1.4716,1.50,1.50
2011.03.15 12:53:29.909,1.47116,1.4716,3.00,1.50
2011.03.15 12:53:30.458,1.47116,1.47158,2.25,1.50
2011.03.15 12:53:31.107,1.47116,1.47158,3.00,1.50
2011.03.15 12:53:32.528,1.47116,1.47154,2.25,1.03
2011.03.15 12:53:33.078,1.47116,1.47154,2.25,1.03
2011.03.15 12:53:33.961,1.47116,1.47154,1.50,1.03
2011.03.15 12:53:35.399,1.47112,1.47152,1.50,1.50
2011.03.15 12:53:35.510,1.47112,1.47152,1.50,1.50
2011.03.15 12:53:36.471,1.47112,1.4715,1.65,1.03
2011.03.15 12:53:36.689,1.47113,1.47154,2.25,2.25
2011.03.15 12:53:36.798,1.47113,1.47154,2.25,2.25
2011.03.15 12:53:37.528,1.47112,1.47154,3.00,3.00
2011.03.15 12:53:37.971,1.47108,1.4715,1.50,1.03
2011.03.15 12:53:38.079,1.47107,1.4715,1.50,3.28
2011.03.15 12:53:38.629,1.47107,1.47144,1.50,2.25
2011.03.15 12:53:39.401,1.47106,1.47144,1.50,2.25
2011.03.15 12:53:40.176,1.47099,1.47142,1.50,1.50
2011.03.15 12:53:40.733,1.47096,1.47135,2.25,3.00
2011.03.15 12:53:40.849,1.47093,1.47132,1.50,3.00
2011.03.15 12:53:40.958,1.47092,1.47131,1.50,3.00
2011.03.15 12:53:41.510,1.47092,1.47132,1.50,3.00
2011.03.15 12:53:41.621,1.4709,1.47132,1.50,3.00
2011.03.15 12:53:41.842,1.47089,1.47121,1.50,1.50
2011.03.15 12:53:42.398,1.47092,1.47127,1.50,1.50
2011.03.15 12:53:42.618,1.47092,1.47129,1.50,1.50
2011.03.15 12:53:42.837,1.47092,1.47125,1.50,1.50
2011.03.15 12:53:44.508,1.4709,1.47128,1.50,1.50
2011.03.15 12:53:45.058,1.47092,1.47131,1.50,1.50
2011.03.15 12:53:45.392,1.47096,1.47123,1.50,1.50
2011.03.15 12:53:45.510,1.47098,1.47134,2.25,2.25
2011.03.15 12:53:45.731,1.47098,1.47134,2.25,1.50
2011.03.15 12:53:46.288,1.47102,1.47134,2.25,1.50
2011.03.15 12:53:46.510,1.47103,1.47143,2.25,3.00
2011.03.15 12:53:46.949,1.47105,1.47144,1.50,4.50
2011.03.15 12:53:47.278,1.47105,1.47144,2.25,4.50
2011.03.15 12:53:48.049,1.47105,1.4714,1.50,3.00
2011.03.15 12:53:48.622,1.47105,1.47143,1.50,3.75
2011.03.15 12:53:48.850,1.471,1.47143,3.00,1.50
2011.03.15 12:53:49.524,1.47102,1.47143,2.40,1.50
2011.03.15 12:53:49.969,1.47105,1.47143,1.50,3.00
2011.03.15 12:53:50.298,1.471,1.47144,2.25,4.50
2011.03.15 12:53:50.958,1.471,1.47137,1.50,1.50
2011.03.15 12:53:51.509,1.47097,1.47134,1.50,1.50
2011.03.15 12:53:51.952,1.47096,1.47134,1.50,2.25
2011.03.15 12:53:52.179,1.47096,1.47134,1.50,1.50
2011.03.15 12:53:52.288,1.47096,1.47134,1.50,1.50
2011.03.15 12:53:52.509,1.47096,1.47134,1.50,2.25
2011.03.15 12:53:54.217,1.47097,1.47134,1.50,2.25
2011.03.15 12:53:54.442,1.47096,1.47131,2.25,1.50
2011.03.15 12:53:54.887,1.47097,1.47133,1.50,2.25
2011.03.15 12:53:55.219,1.47097,1.47134,1.50,1.50
2011.03.15 12:53:55.551,1.47095,1.4713,2.25,1.50
2011.03.15 12:53:55.770,1.47091,1.47132,3.15,1.50
2011.03.15 12:53:56.208,1.4709,1.47132,2.40,1.50
2011.03.15 12:53:59.159,1.47096,1.47134,2.25,3.28
2011.03.15 12:54:02.287,1.47096,1.47134,2.25,2.25
2011.03.15 12:54:02.838,1.47096,1.47129,2.25,3.00
2011.03.15 12:54:03.166,1.47096,1.47129,2.25,3.00
2011.03.15 12:54:04.518,1.47096,1.47126,2.25,3.00
2011.03.15 12:54:05.510,1.47096,1.47126,2.25,3.00
2011.03.15 12:54:05.730,1.47093,1.47128,1.50,3.00
2011.03.15 12:54:06.060,1.4709,1.47124,1.50,3.00
2011.03.15 12:54:06.279,1.47087,1.47124,1.50,3.00
2011.03.15 12:54:06.829,1.47087,1.47114,1.50,2.25
2011.03.15 12:54:07.378,1.47087,1.47113,1.50,1.50
2011.03.15 12:54:07.928,1.47087,1.47113,1.50,2.25
2011.03.15 12:54:08.469,1.47084,1.47113,2.25,2.25
2011.03.15 12:54:08.689,1.47087,1.47113,1.50,1.50
2011.03.15 12:54:08.799,1.47087,1.47123,1.50,1.50
2011.03.15 12:54:08.910,1.47084,1.47122,1.50,1.35
2011.03.15 12:54:09.238,1.47086,1.47123,1.50,2.25
2011.03.15 12:54:09.349,1.47086,1.47114,1.50,1.50
2011.03.15 12:54:09.680,1.47091,1.47123,1.69,1.50
2011.03.15 12:54:09.898,1.47091,1.47123,2.25,1.50
2011.03.15 12:54:10.118,1.47092,1.47123,2.25,1.50
2011.03.15 12:54:10.448,1.47097,1.47123,1.50,1.50
2011.03.15 12:54:10.559,1.471,1.47133,2.44,1.50
2011.03.15 12:54:10.888,1.47101,1.47123,1.69,1.50
2011.03.15 12:54:11.109,1.47103,1.47133,1.69,1.50
2011.03.15 12:54:11.219,1.47103,1.47133,1.69,1.50
2011.03.15 12:54:11.328,1.47103,1.47144,1.69,1.78
2011.03.15 12:54:11.438,1.47103,1.47143,1.69,1.03
2011.03.15 12:54:12.062,1.47106,1.47144,3.15,2.25
2011.03.15 12:54:12.400,1.47108,1.47144,1.50,1.50
2011.03.15 12:54:12.959,1.47108,1.47144,1.50,1.50
2011.03.15 12:54:13.732,1.47109,1.47144,1.50,1.50
2011.03.15 12:54:14.288,1.47111,1.47144,1.69,1.50
2011.03.15 12:54:14.858,1.47111,1.47143,1.69,1.50
2011.03.15 12:54:15.267,1.47112,1.47143,1.50,1.50
2011.03.15 12:54:15.494,1.47112,1.47151,1.65,1.50
2011.03.15 12:54:16.109,1.47112,1.47144,1.65,1.50
2011.03.15 12:54:16.550,1.47112,1.47153,1.65,3.28
2011.03.15 12:54:17.049,1.47112,1.47143,1.65,1.50
2011.03.15 12:54:17.489,1.47111,1.47143,2.25,1.50
2011.03.15 12:54:17.710,1.47112,1.47143,1.50,1.50
2011.03.15 12:54:17.931,1.47112,1.47153,1.50,1.78
2011.03.15 12:54:18.268,1.47111,1.47144,1.65,1.50
2011.03.15 12:54:18.490,1.47111,1.47154,1.65,2.25
2011.03.15 12:54:19.040,1.47111,1.47152,1.65,1.50
2011.03.15 12:54:19.367,1.47112,1.47144,1.65,1.50
2011.03.15 12:54:19.808,1.47112,1.47144,1.65,1.50
2011.03.15 12:54:20.028,1.47112,1.47144,1.50,1.50
2011.03.15 12:54:23.018,1.47112,1.47144,1.50,1.50
2011.03.15 12:54:23.459,1.47112,1.47144,1.50,1.50
2011.03.15 12:54:24.597,1.47107,1.47144,2.40,2.25
2011.03.15 12:54:24.928,1.47108,1.47144,1.50,1.50
2011.03.15 12:54:25.583,1.47108,1.47143,1.50,1.50
2011.03.15 12:54:28.297,1.47108,1.47143,1.50,1.50
2011.03.15 12:54:28.741,1.47114,1.47153,3.00,1.78
2011.03.15 12:54:28.849,1.47116,1.47153,3.00,1.03
2011.03.15 12:54:29.177,1.47116,1.47143,3.00,1.50
2011.03.15 12:54:31.588,1.47112,1.47143,1.05,1.50
2011.03.15 12:54:32.841,1.4711,1.47149,1.65,1.03
2011.03.15 12:54:33.058,1.4711,1.47144,1.65,1.50
2011.03.15 12:54:33.859,1.47112,1.47149,1.05,1.03
2011.03.15 12:54:34.301,1.47107,1.47148,2.40,3.28
2011.03.15 12:54:34.638,1.47106,1.47144,2.55,3.28
2011.03.15 12:54:35.189,1.47107,1.47144,1.05,3.28
2011.03.15 12:54:35.301,1.47107,1.47143,1.05,1.03
2011.03.15 12:54:35.638,1.47097,1.4714,1.80,1.50
2011.03.15 12:54:35.860,1.47096,1.47134,4.05,1.50
2011.03.15 12:54:36.190,1.47102,1.47134,1.05,2.25
2011.03.15 12:54:36.300,1.47102,1.47134,1.05,2.25
2011.03.15 12:54:36.413,1.47096,1.47132,3.15,2.25
2011.03.15 12:54:36.980,1.47097,1.47134,2.55,1.03
2011.03.15 12:54:37.310,1.47097,1.47134,2.25,1.03
2011.03.15 12:54:37.419,1.47097,1.47131,2.25,2.25
2011.03.15 12:54:37.530,1.47097,1.47134,2.25,1.78
2011.03.15 12:54:37.640,1.4709,1.47134,1.50,3.28
2011.03.15 12:54:37.968,1.4709,1.47134,1.50,4.03
2011.03.15 12:54:38.519,1.47097,1.47133,2.25,1.78
2011.03.15 12:54:39.068,1.47097,1.47133,2.25,1.78
2011.03.15 12:54:40.412,1.47097,1.47133,2.25,4.78
2011.03.15 12:54:40.749,1.47097,1.47132,2.25,2.25
2011.03.15 12:54:40.967,1.47097,1.47132,2.25,2.25
2011.03.15 12:54:41.408,1.47097,1.47131,1.50,1.50
2011.03.15 12:54:41.958,1.47097,1.47132,2.25,1.03
2011.03.15 12:54:42.620,1.47097,1.47128,2.25,1.03
2011.03.15 12:54:42.948,1.47097,1.47127,1.50,1.03
2011.03.15 12:54:43.389,1.47087,1.47124,1.50,2.25
2011.03.15 12:54:44.279,1.47086,1.47124,2.25,3.00
2011.03.15 12:54:44.395,1.47083,1.47124,1.69,2.25
2011.03.15 12:54:44.621,1.47082,1.47124,1.69,3.00
2011.03.15 12:54:44.948,1.47082,1.4712,1.69,1.50
2011.03.15 12:54:45.278,1.47081,1.47114,2.59,1.50
2011.03.15 12:54:45.820,1.47082,1.47124,1.84,3.28
2011.03.15 12:54:46.038,1.47082,1.47124,1.69,3.28
2011.03.15 12:54:46.478,1.47082,1.47113,1.69,1.50
2011.03.15 12:54:46.697,1.47086,1.47124,1.50,3.28
2011.03.15 12:54:47.027,1.47086,1.47124,1.50,3.28
2011.03.15 12:54:49.818,1.47086,1.47122,1.50,1.50
2011.03.15 12:54:50.368,1.47084,1.47122,2.44,1.50
2011.03.15 12:54:50.588,1.47087,1.47122,1.50,1.50
2011.03.15 12:54:51.497,1.47087,1.47122,1.50,1.50
2011.03.15 12:54:53.297,1.47087,1.47123,1.50,2.25
2011.03.15 12:54:55.070,1.47087,1.47123,1.50,2.25
2011.03.15 12:54:55.290,1.47087,1.47123,1.50,2.25
2011.03.15 12:54:56.278,1.47087,1.47123,1.50,2.25
2011.03.15 12:54:57.047,1.47087,1.47123,1.50,2.25
2011.03.15 12:54:57.708,1.47087,1.47123,1.50,2.25
2011.03.15 12:54:58.347,1.47087,1.47123,1.50,2.25
2011.03.15 12:55:00.010,1.47087,1.47118,1.50,1.50
2011.03.15 12:55:00.339,1.47087,1.47118,1.50,1.50
2011.03.15 12:55:00.974,1.47081,1.47118,1.50,1.50
2011.03.15 12:55:01.528,1.47081,1.47114,1.50,1.50
2011.03.15 12:55:01.971,1.47082,1.47114,1.50,1.50
2011.03.15 12:55:02.311,1.47081,1.47123,2.25,3.00
2011.03.15 12:55:02.750,1.47081,1.47124,3.00,2.53
2011.03.15 12:55:03.080,1.47082,1.47113,1.50,1.50
2011.03.15 12:55:03.408,1.47082,1.47113,1.50,1.50
2011.03.15 12:55:03.739,1.47087,1.47113,3.00,1.50
2011.03.15 12:55:04.157,1.47095,1.47123,1.50,2.25
2011.03.15 12:55:04.710,1.47096,1.47124,1.50,1.50
2011.03.15 12:55:04.928,1.47096,1.47133,1.50,3.00
2011.03.15 12:55:06.609,1.47096,1.47134,1.50,2.25
2011.03.15 12:55:07.049,1.47098,1.47134,1.50,2.25
2011.03.15 12:55:07.271,1.47097,1.47134,1.50,2.25
2011.03.15 12:55:07.391,1.47098,1.47134,5.25,2.25
2011.03.15 12:55:07.855,1.47102,1.47134,1.50,1.50
2011.03.15 12:55:07.971,1.47098,1.47134,3.00,2.25
2011.03.15 12:55:08.189,1.47097,1.47134,1.50,2.25
2011.03.15 12:55:08.409,1.47097,1.47123,1.50,1.50
2011.03.15 12:55:08.628,1.47097,1.47134,1.50,2.25
2011.03.15 12:55:08.848,1.47097,1.47124,1.50,1.50
2011.03.15 12:55:09.798,1.47097,1.47123,1.50,1.50
2011.03.15 12:55:10.238,1.47096,1.47134,2.25,2.25
2011.03.15 12:55:10.567,1.47096,1.47124,2.25,1.50
2011.03.15 12:55:10.901,1.47098,1.47133,1.50,2.25
2011.03.15 12:55:11.019,1.47103,1.47133,1.50,2.25
2011.03.15 12:55:11.130,1.47103,1.47133,1.50,2.25
2011.03.15 12:55:11.458,1.47103,1.47134,1.50,2.25
2011.03.15 12:55:11.569,1.47101,1.47134,1.50,2.25
2011.03.15 12:55:12.117,1.47101,1.47134,1.50,1.50
2011.03.15 12:55:14.368,1.47101,1.47134,1.50,2.25
2011.03.15 12:55:14.700,1.471,1.47132,1.50,1.50
2011.03.15 12:55:14.808,1.47096,1.47132,1.50,1.50
2011.03.15 12:55:15.140,1.47096,1.47123,1.50,1.50
2011.03.15 12:55:15.469,1.47096,1.47123,1.50,2.25
2011.03.15 12:55:15.798,1.47096,1.47123,1.50,1.50
2011.03.15 12:55:19.729,1.47091,1.47123,1.50,1.50
2011.03.15 12:55:19.949,1.47091,1.47132,1.50,1.50
2011.03.15 12:55:20.168,1.47091,1.47123,1.50,1.50
2011.03.15 12:55:22.929,1.47094,1.47123,1.50,1.50
2011.03.15 12:55:23.039,1.47094,1.47134,1.50,2.40
2011.03.15 12:55:23.478,1.47093,1.47124,1.50,1.50
2011.03.15 12:55:23.810,1.47091,1.47124,2.25,1.50
2011.03.15 12:55:24.028,1.47091,1.47134,1.50,2.40
2011.03.15 12:55:24.429,1.47091,1.47123,1.50,1.50
2011.03.15 12:55:26.018,1.47091,1.47133,1.50,2.25
2011.03.15 12:55:26.239,1.47091,1.47123,1.50,1.50
2011.03.15 12:55:26.699,1.47094,1.47123,1.50,1.50
2011.03.15 12:55:30.099,1.47094,1.47123,1.50,2.25
2011.03.15 12:55:30.539,1.47089,1.47113,1.50,1.50
2011.03.15 12:55:33.957,1.47089,1.47114,1.50,1.50
2011.03.15 12:55:34.930,1.4709,1.47114,1.50,1.50
2011.03.15 12:55:35.479,1.47093,1.47114,1.50,1.50
2011.03.15 12:55:35.590,1.47093,1.47123,1.50,1.50
2011.03.15 12:55:40.729,1.47091,1.47123,1.50,1.50
2011.03.15 12:55:42.489,1.47084,1.47123,2.25,2.25
2011.03.15 12:55:42.930,1.47084,1.47123,1.50,3.00
2011.03.15 12:55:43.148,1.47086,1.47123,1.50,2.25
2011.03.15 12:55:43.698,1.47086,1.47123,1.50,1.50
2011.03.15 12:55:44.698,1.47086,1.47114,1.50,1.50
2011.03.15 12:55:48.767,1.47084,1.47114,1.50,1.50
2011.03.15 12:55:49.879,1.47084,1.47114,1.50,2.25
2011.03.15 12:55:50.319,1.47084,1.47114,1.50,1.50
2011.03.15 12:55:50.978,1.47084,1.47123,1.50,3.75
2011.03.15 12:55:52.082,1.47095,1.47123,1.50,1.50
2011.03.15 12:55:52.423,1.47113,1.47143,3.00,1.50
2011.03.15 12:55:52.542,1.47116,1.47152,2.25,1.03
2011.03.15 12:55:52.659,1.47116,1.47153,2.25,1.78
2011.03.15 12:55:52.769,1.47116,1.47154,2.25,1.50
2011.03.15 12:55:52.882,1.47117,1.47154,1.50,2.25
2011.03.15 12:55:52.999,1.47115,1.47154,2.25,2.25
2011.03.15 12:55:53.621,1.47118,1.47154,2.25,2.25
2011.03.15 12:55:54.177,1.47114,1.47154,1.50,2.25
2011.03.15 12:55:54.617,1.47114,1.47154,1.50,2.25
2011.03.15 12:55:56.481,1.47114,1.47151,1.50,1.50
2011.03.15 12:55:57.027,1.47114,1.47144,1.50,2.25
2011.03.15 12:55:57.138,1.47114,1.47144,1.50,2.25
2011.03.15 12:55:57.359,1.47109,1.47144,3.00,2.25
2011.03.15 12:55:57.469,1.47113,1.47144,2.25,2.25
2011.03.15 12:55:59.558,1.47109,1.47143,3.75,2.25
2011.03.15 12:56:01.229,1.47109,1.47143,1.50,2.25
2011.03.15 12:56:01.340,1.47109,1.47143,1.50,2.25
2011.03.15 12:56:03.968,1.47109,1.47139,1.50,1.43
2011.03.15 12:56:08.633,1.47108,1.47139,1.50,2.18
2011.03.15 12:56:08.969,1.47104,1.4713,2.25,1.43
2011.03.15 12:56:09.300,1.47103,1.47132,1.50,2.18
2011.03.15 12:56:09.629,1.47104,1.47132,3.00,2.18
2011.03.15 12:56:09.888,1.47104,1.47132,3.00,2.18
2011.03.15 12:56:11.628,1.47104,1.47132,2.25,2.18
2011.03.15 12:56:12.412,1.471,1.47132,3.00,2.18
2011.03.15 12:56:13.188,1.471,1.47132,2.25,2.18
2011.03.15 12:56:13.739,1.47103,1.47132,1.50,1.43
2011.03.15 12:56:14.068,1.47099,1.47132,3.75,1.43
2011.03.15 12:56:14.539,1.47099,1.47132,3.75,1.43
2011.03.15 12:56:16.860,1.47099,1.47134,3.00,2.93
2011.03.15 12:56:17.520,1.471,1.47134,1.50,2.25
2011.03.15 12:56:17.738,1.47096,1.47134,2.25,2.25
2011.03.15 12:56:18.092,1.47096,1.47133,1.50,2.25
2011.03.15 12:56:18.431,1.47096,1.47124,1.50,1.50
2011.03.15 12:56:18.882,1.47096,1.47124,2.25,1.50
2011.03.15 12:56:19.163,1.47096,1.47124,1.50,1.50
2011.03.15 12:56:19.720,1.47097,1.47124,1.50,1.50
2011.03.15 12:56:21.818,1.47095,1.47124,1.50,1.50
2011.03.15 12:56:22.869,1.47094,1.47124,2.25,1.50
2011.03.15 12:56:25.467,1.47094,1.47124,3.75,2.25
2011.03.15 12:56:26.239,1.47098,1.47134,2.25,2.25
2011.03.15 12:56:27.370,1.47098,1.47134,2.25,2.25
2011.03.15 12:56:27.479,1.47098,1.47134,2.25,2.25
2011.03.15 12:56:27.811,1.47098,1.47134,2.25,2.25
2011.03.15 12:56:28.029,1.47098,1.47134,2.25,2.25
2011.03.15 12:56:29.257,1.47093,1.47127,1.50,1.03
2011.03.15 12:56:29.719,1.47093,1.47123,1.50,2.25
2011.03.15 12:56:29.829,1.4709,1.47123,3.75,2.25
2011.03.15 12:56:30.049,1.4709,1.47114,3.75,1.50
2011.03.15 12:56:31.559,1.47092,1.47114,1.50,1.50
2011.03.15 12:56:31.890,1.47088,1.47114,1.50,1.50
2011.03.15 12:56:31.999,1.47084,1.47113,3.00,1.50
2011.03.15 12:56:32.329,1.4708,1.47113,1.69,2.25
2011.03.15 12:56:32.548,1.4708,1.47113,1.69,2.25
2011.03.15 12:56:34.269,1.47079,1.47113,1.69,2.25
2011.03.15 12:56:34.602,1.47082,1.47113,2.44,1.50
2011.03.15 12:56:34.940,1.47087,1.47113,1.50,2.25
2011.03.15 12:56:35.488,1.47089,1.47121,1.50,2.53
2011.03.15 12:56:35.999,1.47089,1.47113,1.50,1.50
2011.03.15 12:56:36.569,1.47085,1.47113,1.69,1.50
2011.03.15 12:56:37.718,1.47082,1.47121,1.69,2.53
2011.03.15 12:56:38.009,1.47079,1.47114,1.50,2.25
2011.03.15 12:56:38.230,1.47084,1.47114,1.50,1.50
2011.03.15 12:56:38.449,1.47087,1.47114,1.50,1.50
2011.03.15 12:56:38.559,1.47088,1.47121,1.50,1.03
2011.03.15 12:56:38.779,1.47086,1.47122,1.50,2.25
2011.03.15 12:56:38.888,1.47085,1.47122,1.50,2.25
2011.03.15 12:56:39.249,1.47084,1.47114,1.50,1.50
2011.03.15 12:56:40.792,1.47084,1.47114,1.50,2.25
2011.03.15 12:56:41.129,1.47084,1.47114,1.50,2.25
2011.03.15 12:56:41.238,1.47084,1.47114,1.50,2.25
2011.03.15 12:56:42.990,1.47078,1.4712,1.69,1.03
2011.03.15 12:56:43.219,1.4707,1.47103,3.00,2.25
2011.03.15 12:56:43.659,1.4707,1.47103,2.25,1.50
2011.03.15 12:56:44.728,1.4707,1.4711,2.25,1.03
2011.03.15 12:56:48.762,1.47065,1.47104,2.25,2.25
2011.03.15 12:56:48.880,1.47067,1.47104,1.50,3.00
2011.03.15 12:56:49.281,1.47065,1.47094,1.50,1.50
2011.03.15 12:56:49.719,1.47066,1.47094,3.00,1.50
2011.03.15 12:56:50.049,1.47066,1.47103,3.00,1.50
2011.03.15 12:56:55.018,1.47065,1.47103,3.00,1.50
2011.03.15 12:56:55.682,1.47065,1.47093,3.00,1.50
2011.03.15 12:56:56.350,1.47062,1.47093,3.00,1.50
2011.03.15 12:56:59.630,1.47062,1.47093,1.50,2.25
2011.03.15 12:57:00.179,1.47055,1.47093,1.50,2.25
2011.03.15 12:57:00.289,1.47055,1.47093,1.50,3.00
2011.03.15 12:57:00.400,1.47053,1.47092,1.50,1.50
2011.03.15 12:57:00.509,1.47051,1.47092,1.50,1.50
2011.03.15 12:57:00.619,1.4705,1.47083,1.50,1.50
2011.03.15 12:57:02.389,1.4705,1.47083,1.50,2.25
2011.03.15 12:57:02.499,1.47048,1.47083,1.50,2.25
2011.03.15 12:57:02.719,1.47048,1.47083,1.50,1.50
2011.03.15 12:57:08.120,1.47048,1.47083,1.50,2.25
2011.03.15 12:57:08.448,1.47047,1.47081,2.25,2.53
2011.03.15 12:57:08.818,1.47047,1.47074,1.50,1.50
2011.03.15 12:57:10.471,1.47047,1.47071,1.50,1.50
2011.03.15 12:57:10.578,1.47042,1.47071,1.50,1.50
2011.03.15 12:57:10.798,1.4704,1.47072,1.50,1.50
2011.03.15 12:57:11.127,1.4704,1.47073,1.50,2.25
2011.03.15 12:57:11.348,1.4704,1.47073,1.50,2.25
2011.03.15 12:57:11.568,1.47038,1.47073,1.50,2.25
2011.03.15 12:57:11.679,1.47038,1.47063,1.50,1.50
2011.03.15 12:57:12.819,1.47036,1.47063,1.50,1.50
2011.03.15 12:57:13.041,1.47032,1.47063,1.50,1.50
2011.03.15 12:57:13.259,1.47028,1.47063,2.25,3.00
2011.03.15 12:57:13.370,1.47028,1.4706,1.50,1.03
2011.03.15 12:57:14.859,1.4703,1.4706,1.50,1.03
2011.03.15 12:57:15.078,1.4703,1.47063,1.50,2.53
2011.03.15 12:57:15.627,1.47029,1.47061,1.50,1.03
2011.03.15 12:57:15.958,1.47023,1.47061,1.50,3.28
2011.03.15 12:57:16.178,1.47028,1.47061,1.50,1.03
2011.03.15 12:57:17.482,1.47028,1.47058,1.50,1.03
2011.03.15 12:57:18.015,1.47028,1.47054,1.50,3.75
2011.03.15 12:57:18.130,1.4702,1.47053,1.50,1.03
2011.03.15 12:57:18.350,1.4702,1.47053,1.50,1.03
2011.03.15 12:57:18.461,1.47019,1.47044,1.50,1.50
2011.03.15 12:57:19.562,1.47018,1.47044,1.50,1.50
2011.03.15 12:57:19.898,1.47013,1.47043,1.50,3.00
2011.03.15 12:57:20.227,1.47013,1.47034,1.50,1.50
2011.03.15 12:57:20.800,1.47008,1.47034,2.25,1.50
2011.03.15 12:57:21.020,1.47001,1.47034,2.25,2.25
2011.03.15 12:57:21.241,1.47001,1.47034,3.00,1.50
2011.03.15 12:57:21.787,1.47001,1.47023,3.00,1.50
2011.03.15 12:57:22.328,1.47004,1.47023,1.50,1.50
2011.03.15 12:57:22.658,1.47001,1.47023,3.00,1.50
2011.03.15 12:57:22.878,1.47001,1.47023,3.00,1.50
2011.03.15 12:57:24.893,1.46998,1.47021,1.50,1.50
2011.03.15 12:57:25.012,1.46991,1.4702,1.50,1.03
2011.03.15 12:57:25.128,1.46991,1.47004,1.50,1.50
2011.03.15 12:57:25.240,1.46989,1.47004,2.25,1.50
2011.03.15 12:57:25.571,1.46991,1.47004,2.25,1.50
2011.03.15 12:57:25.901,1.46991,1.47013,2.25,1.50
2011.03.15 12:57:26.341,1.46995,1.47013,2.25,1.50
2011.03.15 12:57:26.451,1.47,1.47023,2.25,1.50
2011.03.15 12:57:26.558,1.46998,1.47023,2.25,1.50
2011.03.15 12:57:26.780,1.47,1.47013,1.50,1.50
2011.03.15 12:57:26.890,1.47009,1.4703,3.00,1.03
2011.03.15 12:57:27.000,1.47014,1.47034,2.25,2.25
2011.03.15 12:57:27.110,1.47014,1.47034,2.25,1.50
2011.03.15 12:57:27.220,1.47017,1.47044,2.25,2.25
2011.03.15 12:57:27.440,1.47012,1.47043,1.50,1.50
2011.03.15 12:57:28.679,1.47012,1.47033,2.25,1.50
2011.03.15 12:57:29.521,1.47008,1.47033,2.25,1.50
2011.03.15 12:57:29.891,1.47005,1.4703,1.50,1.50
2011.03.15 12:57:30.000,1.46997,1.4703,1.50,1.50
2011.03.15 12:57:30.110,1.47003,1.47034,1.50,2.25
2011.03.15 12:57:30.218,1.47003,1.47034,1.50,1.50
2011.03.15 12:57:30.769,1.47003,1.47034,2.25,1.50
2011.03.15 12:57:31.319,1.47003,1.47034,1.50,1.50
2011.03.15 12:57:31.871,1.47009,1.47034,1.50,1.50
2011.03.15 12:57:31.979,1.47009,1.47043,2.25,1.03
2011.03.15 12:57:32.198,1.47009,1.47044,2.25,1.50
2011.03.15 12:57:32.528,1.47009,1.47044,2.25,1.50
2011.03.15 12:57:34.180,1.47009,1.47044,2.25,1.50
2011.03.15 12:57:34.399,1.47011,1.47048,1.50,1.03
2011.03.15 12:57:34.730,1.47017,1.47053,3.00,3.00
2011.03.15 12:57:34.839,1.47017,1.47053,3.00,2.25
2011.03.15 12:57:34.948,1.47018,1.47053,2.25,1.50
2011.03.15 12:57:35.509,1.47022,1.47053,2.25,1.50
2011.03.15 12:57:36.059,1.47028,1.47053,2.25,1.50
2011.03.15 12:57:37.309,1.47022,1.47053,2.25,1.50
2011.03.15 12:57:37.858,1.47023,1.47054,2.25,2.25
2011.03.15 12:57:39.028,1.47025,1.47054,2.25,2.25
2011.03.15 12:57:39.801,1.47025,1.47054,2.40,1.50
2011.03.15 12:57:40.330,1.47026,1.47054,1.65,1.50
2011.03.15 12:57:40.658,1.47033,1.47063,2.25,2.25
2011.03.15 12:57:40.769,1.47033,1.47063,2.25,1.50
2011.03.15 12:57:40.879,1.47033,1.47063,3.00,1.50
2011.03.15 12:57:42.330,1.47033,1.47063,2.25,1.50
2011.03.15 12:57:42.439,1.4703,1.47063,3.00,1.50
2011.03.15 12:57:45.938,1.47028,1.47063,2.25,2.25
2011.03.15 12:57:46.499,1.47024,1.47062,3.00,2.25
2011.03.15 12:57:47.141,1.47024,1.47053,3.00,1.50
2011.03.15 12:57:47.579,1.47028,1.47062,2.25,2.25
2011.03.15 12:57:47.799,1.47028,1.47064,3.00,1.78
2011.03.15 12:57:49.185,1.47029,1.47064,3.00,2.53
2011.03.15 12:57:49.304,1.47029,1.47059,3.00,1.03
2011.03.15 12:57:51.229,1.47028,1.47056,3.00,1.13
2011.03.15 12:57:51.561,1.46998,1.47035,3.75,1.03
2011.03.15 12:57:51.999,1.46998,1.4703,2.25,1.03
2011.03.15 12:57:52.329,1.46998,1.4703,2.25,1.03
2011.03.15 12:57:52.438,1.46998,1.4703,2.25,1.03
2011.03.15 12:57:52.880,1.46998,1.47028,2.25,1.78
2011.03.15 12:57:53.210,1.46996,1.47023,1.50,1.03
2011.03.15 12:57:53.779,1.46995,1.47023,1.50,2.53
2011.03.15 12:57:54.104,1.46999,1.47023,1.50,2.53
2011.03.15 12:57:54.222,1.47002,1.47033,1.50,2.25
2011.03.15 12:57:54.341,1.47001,1.47033,2.25,2.25
2011.03.15 12:57:54.799,1.46991,1.47023,2.25,1.50
2011.03.15 12:57:55.548,1.46998,1.47023,1.50,1.50
2011.03.15 12:57:55.662,1.47,1.47033,1.50,3.28
2011.03.15 12:57:55.780,1.47,1.47033,1.50,2.25
2011.03.15 12:57:56.110,1.47002,1.47034,1.50,1.50
2011.03.15 12:57:56.438,1.46996,1.47034,3.00,1.50
2011.03.15 12:57:56.989,1.46996,1.47034,1.50,1.50
2011.03.15 12:57:57.650,1.46996,1.47034,1.50,2.25
2011.03.15 12:57:57.759,1.46992,1.47033,1.50,1.03
2011.03.15 12:57:57.978,1.46992,1.47033,2.25,1.03
2011.03.15 12:57:58.528,1.46992,1.47033,2.25,1.03
2011.03.15 12:57:59.106,1.47,1.47034,2.25,1.50
2011.03.15 12:57:59.549,1.47003,1.4704,1.50,1.50
2011.03.15 12:57:59.660,1.47004,1.47043,1.50,3.75
2011.03.15 12:57:59.770,1.47004,1.47043,1.50,3.00
2011.03.15 12:58:00.098,1.47003,1.47043,1.50,3.75
2011.03.15 12:58:00.430,1.47003,1.47033,1.50,1.50
2011.03.15 12:58:02.862,1.47003,1.47043,1.50,3.00
2011.03.15 12:58:04.258,1.47003,1.47043,1.50,3.00
2011.03.15 12:58:04.790,1.4701,1.47043,1.50,1.50
2011.03.15 12:58:05.658,1.4701,1.47043,1.50,1.50
2011.03.15 12:58:06.538,1.4701,1.47043,1.50,1.50
2011.03.15 12:58:08.020,1.4701,1.47043,1.50,1.50
2011.03.15 12:58:10.029,1.47012,1.47043,1.50,1.50
2011.03.15 12:58:10.467,1.47012,1.47049,1.50,2.25
2011.03.15 12:58:12.779,1.4701,1.47048,1.50,1.50
2011.03.15 12:58:12.891,1.47009,1.47043,1.50,2.25
2011.03.15 12:58:13.232,1.4701,1.47043,3.00,1.50
2011.03.15 12:58:13.459,1.4701,1.47043,3.00,1.50
2011.03.15 12:58:14.127,1.4701,1.47043,3.00,1.50
2011.03.15 12:58:15.267,1.4701,1.47053,3.00,1.03
2011.03.15 12:58:15.694,1.47017,1.47054,1.50,2.53
2011.03.15 12:58:16.029,1.47017,1.47054,2.25,1.50
2011.03.15 12:58:16.361,1.47017,1.47054,1.50,1.50
2011.03.15 12:58:16.589,1.47013,1.47052,1.50,1.50
2011.03.15 12:58:16.700,1.47013,1.47051,1.50,1.50
2011.03.15 12:58:17.031,1.47013,1.47044,1.50,1.50
2011.03.15 12:58:17.358,1.47013,1.47044,1.50,1.50
2011.03.15 12:58:17.909,1.47015,1.47044,1.50,1.50
2011.03.15 12:58:18.240,1.47022,1.47053,1.50,1.50
2011.03.15 12:58:18.350,1.47025,1.47044,1.50,1.50
2011.03.15 12:58:18.570,1.47019,1.47053,1.50,1.50
2011.03.15 12:58:18.906,1.47019,1.47053,1.50,1.50
2011.03.15 12:58:19.019,1.47019,1.47043,1.50,1.50
2011.03.15 12:58:19.569,1.47019,1.47043,1.50,1.50
2011.03.15 12:58:19.681,1.47019,1.47054,1.50,1.50
2011.03.15 12:58:19.900,1.47022,1.47054,1.50,1.78
2011.03.15 12:58:20.228,1.47026,1.47054,1.50,1.50
2011.03.15 12:58:20.449,1.4702,1.47054,3.00,1.50
2011.03.15 12:58:20.999,1.4702,1.47043,1.50,1.50
2011.03.15 12:58:21.661,1.4702,1.47043,1.50,1.50
2011.03.15 12:58:22.439,1.47017,1.47043,1.50,1.50
2011.03.15 12:58:22.869,1.47017,1.47043,1.50,1.50
2011.03.15 12:58:23.384,1.47017,1.47043,1.50,1.50
2011.03.15 12:58:24.490,1.47021,1.47054,1.50,1.50
2011.03.15 12:58:26.638,1.47019,1.47054,1.50,1.50
2011.03.15 12:58:27.769,1.47025,1.47054,1.50,1.50
2011.03.15 12:58:28.088,1.4703,1.47054,1.50,1.50
2011.03.15 12:58:28.203,1.4703,1.47054,1.50,1.50
2011.03.15 12:58:28.718,1.4703,1.47062,1.50,1.50
2011.03.15 12:58:29.048,1.47033,1.47064,1.50,1.50
2011.03.15 12:58:30.199,1.47034,1.47064,1.50,1.50
2011.03.15 12:58:30.310,1.47041,1.47072,1.50,1.03
2011.03.15 12:58:30.530,1.47041,1.47073,1.50,1.50
2011.03.15 12:58:30.769,1.47038,1.47073,1.35,1.50
2011.03.15 12:58:30.878,1.47037,1.47064,1.50,1.50
2011.03.15 12:58:30.988,1.47037,1.47073,1.50,1.50
2011.03.15 12:58:31.388,1.47037,1.47073,1.50,1.50
2011.03.15 12:58:32.582,1.47039,1.47073,1.50,1.50
2011.03.15 12:58:32.701,1.47039,1.47073,1.50,1.50
2011.03.15 12:58:33.068,1.47039,1.47073,1.50,1.50
2011.03.15 12:58:33.289,1.47039,1.47073,1.50,1.50
2011.03.15 12:58:33.618,1.47039,1.47072,1.50,1.03
2011.03.15 12:58:33.950,1.47031,1.47069,1.50,2.25
2011.03.15 12:58:34.059,1.47031,1.47064,1.50,1.50
2011.03.15 12:58:34.788,1.47025,1.47064,1.50,2.25
2011.03.15 12:58:35.359,1.47035,1.47064,1.26,2.25
2011.03.15 12:58:35.909,1.47025,1.47061,1.50,2.25
2011.03.15 12:58:36.147,1.47049,1.47061,1.31,2.25
2011.03.15 12:58:36.918,1.47049,1.47064,1.31,1.50
2011.03.15 12:58:37.361,1.4705,1.47073,1.31,3.00
2011.03.15 12:58:37.579,1.4704,1.47073,1.50,3.00
2011.03.15 12:58:40.628,1.4704,1.47073,1.50,3.75
2011.03.15 12:58:41.178,1.4704,1.47073,1.50,1.50
2011.03.15 12:58:42.300,1.47042,1.47073,1.50,1.50
2011.03.15 12:58:42.630,1.47044,1.47081,2.25,1.50
2011.03.15 12:58:42.738,1.47046,1.47073,1.50,1.50
2011.03.15 12:58:43.738,1.47044,1.47073,1.50,1.50
2011.03.15 12:58:44.630,1.47045,1.47073,1.50,1.50
2011.03.15 12:58:45.069,1.47045,1.47073,1.50,1.50
2011.03.15 12:58:45.960,1.47047,1.47073,1.50,1.50
2011.03.15 12:58:46.296,1.47054,1.47084,1.50,1.50
2011.03.15 12:58:46.518,1.47054,1.47093,1.50,1.78
2011.03.15 12:58:48.180,1.47063,1.47093,1.50,1.50
2011.03.15 12:58:48.727,1.47064,1.47093,1.50,1.50
2011.03.15 12:58:49.389,1.47062,1.47093,1.50,1.50
2011.03.15 12:58:49.720,1.47068,1.47104,1.50,1.78
2011.03.15 12:58:50.049,1.47068,1.47104,1.50,1.50
2011.03.15 12:58:51.254,1.47067,1.47104,1.50,1.50
2011.03.15 12:58:51.591,1.4707,1.47104,1.20,2.25
2011.03.15 12:58:51.919,1.47066,1.47094,1.50,1.50
2011.03.15 12:58:52.361,1.47064,1.47093,1.35,2.25
2011.03.15 12:58:52.579,1.47058,1.47092,1.50,2.25
2011.03.15 12:58:52.691,1.47055,1.47092,1.50,2.25
2011.03.15 12:58:52.912,1.47051,1.47086,1.50,1.03
2011.03.15 12:58:53.030,1.4705,1.47084,1.50,1.50
2011.03.15 12:58:53.142,1.47049,1.47084,1.50,3.00
2011.03.15 12:58:53.480,1.47041,1.47082,2.25,3.75
2011.03.15 12:58:53.699,1.4704,1.47076,1.50,1.50
2011.03.15 12:58:54.028,1.4704,1.47074,1.50,1.78
2011.03.15 12:58:54.357,1.4704,1.47064,1.50,1.50
2011.03.15 12:58:55.058,1.47039,1.47064,1.50,1.50
2011.03.15 12:58:55.498,1.47041,1.47064,2.25,1.50
2011.03.15 12:58:55.610,1.47041,1.47073,2.25,1.78
2011.03.15 12:58:55.719,1.47042,1.47073,1.50,1.78
2011.03.15 12:58:56.049,1.47051,1.47073,2.25,1.50
2011.03.15 12:58:56.598,1.47059,1.47074,1.50,1.50
2011.03.15 12:58:56.928,1.47059,1.47073,1.50,1.50
2011.03.15 12:58:57.260,1.47059,1.47083,1.50,1.50
2011.03.15 12:58:57.480,1.47063,1.47083,1.50,1.50
2011.03.15 12:58:57.919,1.47063,1.47083,1.50,1.50
2011.03.15 12:58:58.028,1.47063,1.47094,1.50,1.50
2011.03.15 12:58:58.252,1.47063,1.47094,1.50,1.50
2011.03.15 12:58:58.368,1.47063,1.47084,1.50,1.50
2011.03.15 12:58:58.701,1.47069,1.47093,1.50,1.50
2011.03.15 12:58:59.078,1.47069,1.47093,1.50,1.50
2011.03.15 12:58:59.207,1.47063,1.47078,1.50,2.25
2011.03.15 12:58:59.651,1.47063,1.47078,1.50,2.25
2011.03.15 12:59:00.099,1.47061,1.47078,1.50,2.25
2011.03.15 12:59:00.543,1.47063,1.47082,1.50,2.25
2011.03.15 12:59:00.660,1.47063,1.47079,1.50,2.25
2011.03.15 12:59:01.040,1.47063,1.47077,1.50,2.25
2011.03.15 12:59:01.153,1.47063,1.47083,1.50,1.50
2011.03.15 12:59:01.709,1.47059,1.47083,2.25,1.50
2011.03.15 12:59:02.259,1.47059,1.47083,2.25,1.50
2011.03.15 12:59:02.590,1.47061,1.47094,1.50,1.50
2011.03.15 12:59:02.810,1.47065,1.47094,1.50,1.50
2011.03.15 12:59:03.142,1.4706,1.47066,1.50,1.13
2011.03.15 12:59:03.475,1.47022,1.47053,1.65,2.25
2011.03.15 12:59:03.590,1.47018,1.47044,2.10,1.50
2011.03.15 12:59:05.130,1.47031,1.47044,1.50,1.50
2011.03.15 12:59:05.239,1.4702,1.47057,3.90,1.50
2011.03.15 12:59:05.351,1.47022,1.47064,3.15,3.00
2011.03.15 12:59:05.570,1.47023,1.47044,1.50,1.50
2011.03.15 12:59:06.923,1.47023,1.47044,2.03,1.50
2011.03.15 12:59:07.258,1.47023,1.47044,1.88,1.50
2011.03.15 12:59:08.598,1.47023,1.47044,1.50,1.50
2011.03.15 12:59:09.262,1.47021,1.47044,2.25,1.50
2011.03.15 12:59:09.370,1.47015,1.47044,1.50,1.50
2011.03.15 12:59:09.479,1.47015,1.47044,1.50,1.50
2011.03.15 12:59:10.249,1.47018,1.47044,1.20,1.50
2011.03.15 12:59:10.579,1.47017,1.47044,1.50,1.50
2011.03.15 12:59:10.909,1.47018,1.47053,1.50,1.50
2011.03.15 12:59:11.019,1.47019,1.47053,3.00,1.50
2011.03.15 12:59:11.567,1.47021,1.47054,1.50,1.50
2011.03.15 12:59:12.304,1.47017,1.47054,1.50,2.25
2011.03.15 12:59:12.861,1.47017,1.47054,1.50,2.25
2011.03.15 12:59:14.639,1.47017,1.47054,1.50,2.25
2011.03.15 12:59:15.004,1.47022,1.47054,1.50,1.50
2011.03.15 12:59:15.559,1.47022,1.47053,2.25,1.50
2011.03.15 12:59:16.030,1.47027,1.47054,1.35,1.50
2011.03.15 12:59:16.138,1.4703,1.4706,3.60,1.50
2011.03.15 12:59:16.249,1.47028,1.4706,4.50,1.50
2011.03.15 12:59:16.361,1.47028,1.47063,3.75,3.00
2011.03.15 12:59:16.481,1.47027,1.47062,1.50,2.25
2011.03.15 12:59:16.698,1.47027,1.47053,2.25,1.50
2011.03.15 12:59:17.179,1.47024,1.47052,1.50,1.50
2011.03.15 12:59:17.778,1.47019,1.47054,2.25,3.75
2011.03.15 12:59:18.019,1.47021,1.47054,1.50,3.00
2011.03.15 12:59:18.130,1.47021,1.47056,2.85,1.50
2011.03.15 12:59:18.239,1.47022,1.47058,2.85,2.25
2011.03.15 12:59:18.460,1.47025,1.47061,3.00,1.50
2011.03.15 12:59:19.028,1.47025,1.47054,3.00,2.25
2011.03.15 12:59:19.140,1.4702,1.47056,1.50,2.25
2011.03.15 12:59:19.359,1.47018,1.47043,2.25,1.50
2011.03.15 12:59:19.691,1.47031,1.47063,1.50,1.78
2011.03.15 12:59:19.803,1.47034,1.47063,1.50,1.50
2011.03.15 12:59:20.030,1.47033,1.4707,2.10,3.00
2011.03.15 12:59:20.140,1.47033,1.4707,2.10,2.25
2011.03.15 12:59:20.688,1.47039,1.47069,1.50,1.50
2011.03.15 12:59:21.239,1.47039,1.47072,1.50,1.50
2011.03.15 12:59:21.555,1.47039,1.4707,1.50,1.50
2011.03.15 12:59:21.675,1.47043,1.47075,1.50,2.25
2011.03.15 12:59:22.011,1.47042,1.47071,1.50,2.25
2011.03.15 12:59:22.339,1.47042,1.47071,1.50,2.25
2011.03.15 12:59:23.009,1.47042,1.47071,1.50,2.25
2011.03.15 12:59:23.340,1.47042,1.47065,1.50,1.50
2011.03.15 12:59:23.451,1.47035,1.47065,1.50,1.50
2011.03.15 12:59:24.110,1.47035,1.47063,1.50,1.50
2011.03.15 12:59:24.550,1.47029,1.47061,1.50,1.50
2011.03.15 12:59:24.661,1.47029,1.47061,1.50,1.50
2011.03.15 12:59:25.209,1.47029,1.47062,1.50,2.25
2011.03.15 12:59:27.110,1.47029,1.47059,2.25,1.50
2011.03.15 12:59:27.220,1.47019,1.47059,1.50,3.75
2011.03.15 12:59:27.330,1.47019,1.47057,1.50,1.50
2011.03.15 12:59:27.661,1.47019,1.47057,1.50,2.53
2011.03.15 12:59:28.112,1.47017,1.47053,1.50,2.25
2011.03.15 12:59:28.451,1.4702,1.47053,1.50,1.50
2011.03.15 12:59:28.572,1.47024,1.4706,1.50,2.25
2011.03.15 12:59:29.021,1.47018,1.47059,1.50,1.50
2011.03.15 12:59:29.240,1.47013,1.47051,1.28,1.50
2011.03.15 12:59:29.464,1.47009,1.47049,1.50,1.50
2011.03.15 12:59:29.583,1.47005,1.47042,2.25,1.03
2011.03.15 12:59:29.704,1.47004,1.47041,1.50,1.50
2011.03.15 12:59:29.821,1.46998,1.47041,2.25,1.50
2011.03.15 12:59:29.941,1.47,1.47042,1.50,1.78
2011.03.15 12:59:30.327,1.47004,1.47044,2.25,2.25
2011.03.15 12:59:30.770,1.47004,1.47038,1.50,1.03
2011.03.15 12:59:31.103,1.46996,1.47027,1.50,1.50
2011.03.15 12:59:31.442,1.46995,1.47036,2.25,1.03
2011.03.15 12:59:31.671,1.46998,1.47036,1.50,1.03
2011.03.15 12:59:31.781,1.46999,1.47036,1.50,1.03
2011.03.15 12:59:32.109,1.46998,1.47041,3.00,1.03
2011.03.15 12:59:32.439,1.46999,1.47041,1.50,1.03
2011.03.15 12:59:32.549,1.46996,1.47036,2.25,1.03
2011.03.15 12:59:32.880,1.46997,1.47036,1.50,1.03
2011.03.15 12:59:33.205,1.46993,1.47033,2.63,1.03
2011.03.15 12:59:33.325,1.46991,1.47031,1.50,1.50
2011.03.15 12:59:33.771,1.46991,1.47022,1.50,3.00
2011.03.15 12:59:34.100,1.46981,1.47014,1.50,1.50
2011.03.15 12:59:34.212,1.46981,1.47014,1.50,1.50
2011.03.15 12:59:34.330,1.46978,1.47011,1.50,1.50
2011.03.15 12:59:34.442,1.46975,1.4701,2.25,1.03
2011.03.15 12:59:35.440,1.46975,1.47007,3.00,1.03
2011.03.15 12:59:36.670,1.46976,1.47005,2.25,1.03
2011.03.15 12:59:37.184,1.46977,1.47015,2.25,1.03
2011.03.15 12:59:37.307,1.46984,1.47015,2.25,1.03
2011.03.15 12:59:37.422,1.46984,1.47018,2.25,1.50
2011.03.15 12:59:37.541,1.46984,1.47019,2.25,1.03
2011.03.15 12:59:37.650,1.46984,1.47019,2.25,1.03
2011.03.15 12:59:37.761,1.46985,1.47019,1.50,1.03
2011.03.15 12:59:38.968,1.46987,1.47019,1.50,1.03
2011.03.15 12:59:39.368,1.46986,1.47015,2.25,1.50
2011.03.15 12:59:39.480,1.46986,1.47015,2.25,1.03
2011.03.15 12:59:39.701,1.46987,1.47019,1.50,1.03
2011.03.15 12:59:39.920,1.46987,1.4702,1.50,1.03
2011.03.15 12:59:40.249,1.46991,1.47022,1.50,1.03
2011.03.15 12:59:40.471,1.46998,1.47022,1.50,1.03
2011.03.15 12:59:40.761,1.46998,1.47036,3.00,1.03
2011.03.15 12:59:41.099,1.46998,1.47039,3.00,1.50
2011.03.15 12:59:41.541,1.47,1.4704,1.50,1.78
2011.03.15 12:59:42.049,1.47,1.47039,1.50,1.50
2011.03.15 12:59:42.379,1.47013,1.4705,1.50,1.78
2011.03.15 12:59:42.489,1.47016,1.47047,1.50,1.50
2011.03.15 12:59:42.599,1.47019,1.47058,1.50,3.28
2011.03.15 12:59:42.818,1.47019,1.47061,1.50,2.53
2011.03.15 12:59:42.931,1.47022,1.47062,1.88,1.03
2011.03.15 12:59:43.039,1.47022,1.47063,2.63,2.25
2011.03.15 12:59:43.260,1.47023,1.47063,1.13,2.25
2011.03.15 12:59:43.589,1.47022,1.47063,1.13,2.25
2011.03.15 12:59:43.699,1.47018,1.47063,2.25,2.25
2011.03.15 12:59:43.809,1.47018,1.47061,2.25,1.50
2011.03.15 12:59:44.358,1.47017,1.4706,1.50,3.00
2011.03.15 12:59:44.470,1.47016,1.4706,1.50,3.00
2011.03.15 12:59:44.579,1.47016,1.4706,2.25,1.03
2011.03.15 12:59:44.930,1.47016,1.4706,2.25,1.03
2011.03.15 12:59:45.259,1.47017,1.4706,2.25,1.03
2011.03.15 12:59:45.479,1.47017,1.4706,1.50,1.03
2011.03.15 12:59:45.810,1.47017,1.4706,1.50,1.03
2011.03.15 12:59:46.800,1.47017,1.4706,1.50,1.03
2011.03.15 12:59:47.128,1.47017,1.47061,3.00,1.78
2011.03.15 12:59:47.348,1.47019,1.47061,2.25,1.78
2011.03.15 12:59:47.571,1.47017,1.47061,1.50,3.00
2011.03.15 12:59:47.678,1.47011,1.47057,1.50,2.25
2011.03.15 12:59:47.901,1.4701,1.47054,3.00,2.25
2011.03.15 12:59:48.842,1.4701,1.47049,2.25,1.50
2011.03.15 12:59:49.184,1.47025,1.47056,1.50,2.25
2011.03.15 12:59:49.304,1.47016,1.47055,1.50,1.50
2011.03.15 12:59:49.532,1.47019,1.47058,1.50,1.50
2011.03.15 12:59:49.763,1.47013,1.47057,1.50,2.25
2011.03.15 12:59:49.879,1.47013,1.47057,1.50,1.50
2011.03.15 12:59:50.429,1.47013,1.47057,2.25,1.50
2011.03.15 12:59:50.978,1.47015,1.47064,2.25,2.25
2011.03.15 12:59:52.225,1.47029,1.4707,1.50,1.50
2011.03.15 12:59:52.562,1.47005,1.47055,1.26,1.50
2011.03.15 12:59:52.681,1.47001,1.47031,2.85,2.25
2011.03.15 12:59:52.902,1.47007,1.47024,2.25,1.50
2011.03.15 12:59:53.131,1.47007,1.47022,2.25,3.00
2011.03.15 12:59:53.461,1.47007,1.47025,2.25,2.25
2011.03.15 12:59:53.573,1.46982,1.47021,2.25,1.50
2011.03.15 12:59:53.910,1.46978,1.47025,2.25,2.25
2011.03.15 12:59:54.240,1.47009,1.47036,1.50,1.50
2011.03.15 12:59:54.349,1.47003,1.47044,1.50,2.25
2011.03.15 12:59:54.459,1.47003,1.47039,1.50,1.50
2011.03.15 12:59:54.788,1.47003,1.47041,1.50,1.50
2011.03.15 12:59:55.009,1.47007,1.47051,1.50,1.50
2011.03.15 12:59:55.630,1.47006,1.4705,1.50,1.50
2011.03.15 12:59:56.289,1.47018,1.4705,1.50,1.50
2011.03.15 12:59:56.401,1.47017,1.47057,1.50,1.13
2011.03.15 12:59:56.619,1.4701,1.47056,1.13,1.13
2011.03.15 12:59:56.950,1.47011,1.47056,4.50,1.13
2011.03.15 12:59:57.060,1.47018,1.47056,1.50,1.88
2011.03.15 12:59:57.169,1.47002,1.47054,1.50,1.50
2011.03.15 12:59:57.279,1.46999,1.47052,1.35,1.50
2011.03.15 12:59:57.720,1.47002,1.47049,1.50,1.50
2011.03.15 12:59:57.829,1.47,1.47049,1.20,1.50
2011.03.15 12:59:57.940,1.46997,1.47049,3.00,1.50
2011.03.15 12:59:58.280,1.46999,1.4705,1.50,1.50
2011.03.15 12:59:59.001,1.46999,1.4705,1.50,1.50
2011.03.15 12:59:59.333,1.47017,1.47057,1.50,1.20
2011.03.15 12:59:59.450,1.47012,1.47059,4.50,1.50
2011.03.15 12:59:59.561,1.47012,1.47061,4.50,1.50
2011.03.15 12:59:59.684,1.47015,1.47062,1.50,1.50
2011.03.15 12:59:59.799,1.47015,1.47061,1.50,1.50
