2018.02.01 15:00:00.142,1.32198,1.32218,1.00,1.75
2018.02.01 15:00:00.196,1.32188,1.32209,1.00,1.00
2018.02.01 15:00:00.255,1.32185,1.32206,1.00,1.00
2018.02.01 15:00:00.461,1.32188,1.32212,1.00,1.37
2018.02.01 15:00:00.512,1.32188,1.32214,1.00,1.75
2018.02.01 15:00:00.563,1.32185,1.3221,1.12,1.00
2018.02.01 15:00:00.949,1.32187,1.32216,1.75,1.75
2018.02.01 15:00:01.002,1.32179,1.32216,1.12,1.00
2018.02.01 15:00:01.158,1.32182,1.3222,1.00,1.00
2018.02.01 15:00:01.492,1.32201,1.32226,1.00,1.50
2018.02.01 15:00:01.802,1.322,1.32229,2.25,1.87
2018.02.01 15:00:02.007,1.32204,1.32224,1.12,1.50
2018.02.01 15:00:02.059,1.32196,1.32227,1.00,1.87
2018.02.01 15:00:02.162,1.32192,1.3223,1.50,1.87
2018.02.01 15:00:02.214,1.32196,1.3223,1.00,1.87
2018.02.01 15:00:02.370,1.32196,1.32237,1.12,2.62
2018.02.01 15:00:02.596,1.32197,1.32239,1.00,1.00
2018.02.01 15:00:02.648,1.32208,1.32241,1.00,1.00
2018.02.01 15:00:02.699,1.32202,1.32243,1.50,1.00
2018.02.01 15:00:02.751,1.32209,1.32243,1.00,1.00
2018.02.01 15:00:02.905,1.3221,1.32252,1.00,1.50
2018.02.01 15:00:03.009,1.3221,1.32246,1.00,1.00
2018.02.01 15:00:03.187,1.32215,1.32252,1.00,1.12
2018.02.01 15:00:03.240,1.32214,1.32254,1.00,1.37
2018.02.01 15:00:03.343,1.32211,1.32249,1.12,1.87
2018.02.01 15:00:03.549,1.3221,1.32249,2.25,1.87
2018.02.01 15:00:03.818,1.32214,1.32253,1.87,1.50
2018.02.01 15:00:03.922,1.32224,1.32254,1.00,1.87
2018.02.01 15:00:04.024,1.32223,1.32262,1.12,1.00
2018.02.01 15:00:04.076,1.32222,1.32256,2.25,1.87
2018.02.01 15:00:04.128,1.32222,1.32256,1.00,1.50
2018.02.01 15:00:04.179,1.3222,1.32256,1.00,1.50
2018.02.01 15:00:04.297,1.3222,1.32258,1.00,1.00
2018.02.01 15:00:04.555,1.32227,1.32266,1.12,1.00
2018.02.01 15:00:04.608,1.32234,1.32266,1.00,1.00
2018.02.01 15:00:04.661,1.32234,1.3227,1.37,1.00
2018.02.01 15:00:04.713,1.32237,1.3227,1.00,1.00
2018.02.01 15:00:04.902,1.3223,1.32265,1.50,1.00
2018.02.01 15:00:04.954,1.32229,1.3227,1.12,1.00
2018.02.01 15:00:05.110,1.32227,1.32267,2.25,1.00
2018.02.01 15:00:05.162,1.32227,1.32267,1.00,1.00
2018.02.01 15:00:05.214,1.32227,1.32268,1.37,1.12
2018.02.01 15:00:05.371,1.32226,1.32268,1.00,1.12
2018.02.01 15:00:05.850,1.32231,1.32269,1.00,2.62
2018.02.01 15:00:06.005,1.32227,1.32268,1.00,1.12
2018.02.01 15:00:06.523,1.32226,1.32269,2.25,1.00
2018.02.01 15:00:06.878,1.32228,1.32265,1.00,1.00
2018.02.01 15:00:07.185,1.32227,1.32263,1.00,1.50
2018.02.01 15:00:07.524,1.3222,1.32256,1.00,1.00
2018.02.01 15:00:07.783,1.32217,1.32256,1.00,1.00
2018.02.01 15:00:07.991,1.3222,1.32257,1.00,1.00
2018.02.01 15:00:08.075,1.3222,1.32259,1.00,1.50
2018.02.01 15:00:08.283,1.32218,1.32261,1.12,1.50
2018.02.01 15:00:08.724,1.32218,1.32258,1.00,1.00
2018.02.01 15:00:09.031,1.32218,1.32248,1.00,1.00
2018.02.01 15:00:09.082,1.3221,1.32243,2.25,1.00
2018.02.01 15:00:09.134,1.32205,1.32243,1.50,1.00
2018.02.01 15:00:09.310,1.32205,1.32241,1.00,1.00
2018.02.01 15:00:09.621,1.32203,1.32239,1.00,1.12
2018.02.01 15:00:10.158,1.32204,1.32239,1.00,1.50
2018.02.01 15:00:10.671,1.32202,1.32236,1.00,1.00
2018.02.01 15:00:11.146,1.32207,1.32239,1.00,1.00
2018.02.01 15:00:11.198,1.32207,1.32241,1.00,1.00
2018.02.01 15:00:11.673,1.32207,1.32237,1.00,2.25
2018.02.01 15:00:11.991,1.32209,1.32234,1.12,1.12
2018.02.01 15:00:12.700,1.32207,1.32231,1.00,2.25
2018.02.01 15:00:12.752,1.32204,1.32231,1.87,3.00
2018.02.01 15:00:12.891,1.32206,1.32231,1.00,2.25
2018.02.01 15:00:13.426,1.32205,1.3223,1.50,1.37
2018.02.01 15:00:13.787,1.32215,1.3224,1.00,1.12
2018.02.01 15:00:14.095,1.32211,1.32238,1.50,1.50
2018.02.01 15:00:16.115,1.32216,1.32238,1.00,1.50
2018.02.01 15:00:16.166,1.32218,1.32243,1.87,1.87
2018.02.01 15:00:16.438,1.32216,1.32236,1.00,1.12
2018.02.01 15:00:16.490,1.32209,1.32232,2.62,1.00
2018.02.01 15:00:16.541,1.32209,1.32236,3.37,1.12
2018.02.01 15:00:16.710,1.32212,1.32233,1.00,1.00
2018.02.01 15:00:16.762,1.32205,1.32227,1.00,1.00
2018.02.01 15:00:16.814,1.32204,1.32231,1.12,1.12
2018.02.01 15:00:16.968,1.32205,1.32227,1.00,1.00
2018.02.01 15:00:17.208,1.32203,1.32228,1.00,1.50
2018.02.01 15:00:17.778,1.32203,1.32229,1.00,2.25
2018.02.01 15:00:17.933,1.32203,1.32229,1.00,1.87
2018.02.01 15:00:18.169,1.32206,1.32231,1.00,1.87
2018.02.01 15:00:18.710,1.32205,1.32229,1.12,1.00
2018.02.01 15:00:19.070,1.32206,1.32231,1.00,1.31
2018.02.01 15:00:19.185,1.32206,1.32228,1.00,1.00
2018.02.01 15:00:19.445,1.32196,1.32222,1.00,1.87
2018.02.01 15:00:19.496,1.32198,1.32223,1.00,2.62
2018.02.01 15:00:20.001,1.32198,1.32224,2.25,1.62
2018.02.01 15:00:20.208,1.322,1.32223,1.00,1.00
2018.02.01 15:00:20.405,1.32205,1.32226,1.50,1.37
2018.02.01 15:00:20.515,1.32202,1.32227,1.12,1.37
2018.02.01 15:00:20.618,1.32203,1.32227,1.87,1.37
2018.02.01 15:00:20.670,1.32203,1.32229,1.87,1.62
2018.02.01 15:00:20.773,1.32203,1.3223,1.87,2.44
2018.02.01 15:00:20.825,1.32203,1.32227,1.87,1.25
2018.02.01 15:00:21.110,1.32204,1.32229,1.12,1.50
2018.02.01 15:00:21.323,1.32204,1.32227,1.12,1.00
2018.02.01 15:00:21.869,1.32203,1.3223,1.87,2.44
2018.02.01 15:00:21.921,1.32203,1.32228,1.87,1.00
2018.02.01 15:00:22.272,1.32209,1.32231,1.00,1.87
2018.02.01 15:00:22.334,1.32211,1.32233,1.00,1.00
2018.02.01 15:00:22.740,1.32211,1.32235,1.00,2.06
2018.02.01 15:00:22.792,1.32216,1.32235,1.00,1.31
2018.02.01 15:00:22.845,1.32211,1.32235,1.00,1.31
2018.02.01 15:00:22.990,1.32213,1.32235,1.87,1.00
2018.02.01 15:00:23.304,1.32216,1.32235,1.37,1.00
2018.02.01 15:00:23.440,1.32213,1.32235,1.12,1.00
2018.02.01 15:00:24.260,1.32214,1.32235,1.00,1.12
2018.02.01 15:00:24.657,1.32216,1.32238,1.50,1.50
2018.02.01 15:00:24.967,1.32232,1.32251,1.12,1.00
2018.02.01 15:00:25.071,1.32229,1.32251,1.12,1.00
2018.02.01 15:00:25.123,1.32227,1.32245,1.00,1.19
2018.02.01 15:00:25.267,1.32221,1.32242,1.50,1.00
2018.02.01 15:00:25.370,1.3222,1.32242,1.00,1.19
2018.02.01 15:00:25.676,1.32215,1.32236,1.12,1.00
2018.02.01 15:00:26.145,1.32216,1.32238,1.00,1.00
2018.02.01 15:00:26.459,1.32218,1.32238,1.00,1.00
2018.02.01 15:00:26.511,1.32216,1.32238,1.69,1.00
2018.02.01 15:00:26.563,1.32219,1.32241,1.00,1.50
2018.02.01 15:00:26.945,1.32217,1.32239,1.12,1.00
2018.02.01 15:00:27.254,1.32214,1.32235,1.00,1.00
2018.02.01 15:00:27.306,1.32211,1.32235,2.81,1.00
2018.02.01 15:00:27.841,1.32212,1.32235,1.00,1.00
2018.02.01 15:00:28.390,1.32211,1.32235,2.06,1.00
2018.02.01 15:00:28.636,1.32215,1.32238,1.00,1.25
2018.02.01 15:00:28.947,1.32223,1.32241,1.00,1.00
2018.02.01 15:00:29.001,1.32223,1.32245,1.00,1.31
2018.02.01 15:00:29.129,1.3222,1.32241,1.00,1.19
2018.02.01 15:00:29.449,1.32217,1.32236,1.00,1.00
2018.02.01 15:00:29.502,1.32213,1.32237,2.81,1.00
2018.02.01 15:00:29.631,1.32213,1.32236,1.87,1.19
2018.02.01 15:00:29.683,1.32213,1.32237,1.00,2.44
2018.02.01 15:00:30.102,1.32213,1.32236,1.31,1.00
2018.02.01 15:00:30.156,1.32214,1.32236,1.00,1.00
2018.02.01 15:00:30.340,1.32218,1.32239,1.00,1.19
2018.02.01 15:00:30.549,1.3222,1.32242,1.00,1.00
2018.02.01 15:00:30.807,1.32223,1.32243,1.00,1.25
2018.02.01 15:00:31.535,1.32221,1.32241,1.00,1.00
2018.02.01 15:00:31.855,1.32213,1.32237,1.95,1.69
2018.02.01 15:00:32.228,1.32215,1.32237,1.19,1.50
2018.02.01 15:00:32.774,1.32217,1.32232,1.00,1.00
2018.02.01 15:00:32.825,1.32212,1.3223,1.12,1.00
2018.02.01 15:00:32.877,1.32209,1.32229,1.10,1.00
2018.02.01 15:00:32.928,1.32209,1.32231,1.00,1.00
2018.02.01 15:00:33.161,1.32208,1.32228,1.00,1.00
2018.02.01 15:00:33.213,1.32205,1.32226,1.39,1.00
2018.02.01 15:00:33.318,1.32207,1.32229,1.00,1.25
2018.02.01 15:00:33.370,1.32208,1.32231,1.50,1.50
2018.02.01 15:00:33.911,1.32211,1.3223,1.00,1.00
2018.02.01 15:00:34.121,1.3221,1.32232,1.00,1.25
2018.02.01 15:00:34.253,1.3221,1.32233,1.00,3.19
2018.02.01 15:00:34.618,1.32212,1.32229,1.00,1.00
2018.02.01 15:00:34.724,1.32205,1.32224,1.10,1.00
2018.02.01 15:00:34.873,1.32201,1.32223,1.00,1.00
2018.02.01 15:00:35.304,1.32204,1.32227,1.50,3.07
2018.02.01 15:00:35.411,1.32203,1.32224,1.00,1.00
2018.02.01 15:00:35.754,1.32201,1.32221,1.00,1.00
2018.02.01 15:00:36.116,1.32201,1.32223,1.00,1.69
2018.02.01 15:00:36.551,1.32201,1.32219,1.00,1.00
2018.02.01 15:00:37.337,1.32198,1.32219,1.50,1.25
2018.02.01 15:00:37.772,1.32198,1.3222,1.07,1.00
2018.02.01 15:00:38.527,1.32198,1.32219,1.57,1.00
2018.02.01 15:00:38.736,1.32206,1.32227,1.50,1.00
2018.02.01 15:00:38.994,1.32205,1.32227,1.39,1.00
2018.02.01 15:00:39.193,1.32209,1.32229,1.10,1.25
2018.02.01 15:00:39.499,1.32211,1.32233,1.00,2.06
2018.02.01 15:00:39.818,1.32211,1.32229,1.10,1.00
2018.02.01 15:00:39.998,1.32209,1.3223,1.00,1.31
2018.02.01 15:00:40.258,1.32209,1.32228,1.00,1.00
2018.02.01 15:00:40.767,1.32205,1.32229,1.32,1.50
2018.02.01 15:00:41.292,1.32208,1.32229,1.10,1.69
2018.02.01 15:00:41.657,1.32208,1.32229,1.00,2.06
2018.02.01 15:00:41.709,1.32205,1.32226,1.07,1.00
2018.02.01 15:00:41.762,1.32204,1.32222,1.07,1.56
2018.02.01 15:00:41.866,1.32201,1.32223,1.07,1.31
2018.02.01 15:00:42.091,1.32202,1.3222,2.32,1.25
2018.02.01 15:00:42.299,1.32202,1.32221,1.00,2.06
2018.02.01 15:00:42.667,1.32203,1.32221,1.00,2.06
2018.02.01 15:00:42.844,1.32198,1.32217,1.00,1.25
2018.02.01 15:00:43.051,1.32196,1.32215,1.57,1.00
2018.02.01 15:00:43.578,1.32196,1.32215,2.25,1.25
2018.02.01 15:00:43.946,1.32202,1.32219,1.00,1.50
2018.02.01 15:00:44.256,1.32202,1.32217,1.00,1.00
2018.02.01 15:00:44.574,1.3219,1.32209,2.25,1.12
2018.02.01 15:00:44.823,1.3219,1.32204,1.50,1.00
2018.02.01 15:00:44.874,1.3219,1.32206,1.00,1.00
2018.02.01 15:00:44.926,1.32188,1.32208,1.50,1.25
2018.02.01 15:00:45.028,1.32188,1.32208,2.25,1.25
2018.02.01 15:00:45.537,1.32191,1.32208,1.00,1.25
2018.02.01 15:00:45.793,1.32192,1.32211,1.00,1.00
2018.02.01 15:00:46.540,1.32195,1.32212,1.87,1.50
2018.02.01 15:00:46.696,1.32202,1.32221,1.00,1.31
2018.02.01 15:00:46.748,1.32202,1.32221,3.00,1.19
2018.02.01 15:00:47.611,1.32203,1.32217,1.37,1.00
2018.02.01 15:00:47.664,1.32202,1.32219,3.00,1.00
2018.02.01 15:00:47.716,1.32206,1.32219,1.00,1.00
2018.02.01 15:00:47.769,1.32206,1.32222,1.00,1.00
2018.02.01 15:00:48.121,1.32202,1.32222,1.50,1.19
2018.02.01 15:00:48.381,1.32207,1.32222,1.00,1.19
2018.02.01 15:00:48.635,1.32204,1.32219,1.12,1.00
2018.02.01 15:00:48.739,1.32203,1.32217,1.00,1.00
2018.02.01 15:00:48.842,1.32201,1.32217,1.00,1.25
2018.02.01 15:00:49.347,1.32199,1.32216,1.50,1.00
2018.02.01 15:00:50.056,1.322,1.32215,1.12,1.00
2018.02.01 15:00:50.658,1.322,1.32217,1.12,1.19
2018.02.01 15:00:51.165,1.322,1.32219,1.12,2.06
2018.02.01 15:00:51.217,1.322,1.32218,1.12,1.00
2018.02.01 15:00:51.322,1.32203,1.32218,1.00,1.00
2018.02.01 15:00:51.832,1.32203,1.32219,1.00,1.31
2018.02.01 15:00:52.214,1.32203,1.32219,1.00,1.31
2018.02.01 15:00:52.565,1.32203,1.32221,1.00,1.69
2018.02.01 15:00:52.617,1.32202,1.32221,1.10,1.50
2018.02.01 15:00:52.731,1.32204,1.32221,1.50,1.00
2018.02.01 15:00:52.936,1.32208,1.32225,1.50,1.00
2018.02.01 15:00:53.344,1.32209,1.32227,1.00,1.00
2018.02.01 15:00:53.395,1.32212,1.32226,1.00,1.00
2018.02.01 15:00:53.447,1.32212,1.32228,1.00,1.25
2018.02.01 15:00:53.988,1.32211,1.32227,1.00,1.00
2018.02.01 15:00:54.520,1.32212,1.32227,1.00,1.25
2018.02.01 15:00:54.727,1.32212,1.32229,1.50,1.00
2018.02.01 15:00:55.246,1.32211,1.32229,2.25,1.19
2018.02.01 15:00:55.963,1.32211,1.3223,3.00,1.00
2018.02.01 15:00:56.599,1.32211,1.32232,3.75,1.19
2018.02.01 15:00:56.853,1.32216,1.32232,1.00,1.69
2018.02.01 15:00:56.905,1.32212,1.32232,1.50,1.25
2018.02.01 15:00:56.958,1.32218,1.32234,1.00,1.31
2018.02.01 15:00:57.113,1.32217,1.32236,1.12,2.44
2018.02.01 15:00:57.533,1.32218,1.32236,1.00,1.69
2018.02.01 15:00:58.482,1.32218,1.32236,1.00,2.44
2018.02.01 15:00:59.849,1.32218,1.32236,1.00,3.94
2018.02.01 15:01:00.119,1.32214,1.32234,1.87,1.25
2018.02.01 15:01:00.512,1.32228,1.32241,1.00,1.00
2018.02.01 15:01:00.565,1.32228,1.32246,1.00,2.06
2018.02.01 15:01:01.127,1.32228,1.32246,1.00,1.19
2018.02.01 15:01:01.375,1.32226,1.32243,1.00,2.06
2018.02.01 15:01:01.479,1.32221,1.32241,1.57,1.19
2018.02.01 15:01:01.743,1.32222,1.32238,1.20,1.00
2018.02.01 15:01:01.976,1.32221,1.3224,1.95,1.25
2018.02.01 15:01:02.763,1.32221,1.32241,2.70,1.25
2018.02.01 15:01:02.866,1.32221,1.32238,1.95,1.00
2018.02.01 15:01:03.173,1.32221,1.32236,1.50,1.00
2018.02.01 15:01:03.403,1.32219,1.32235,1.10,1.00
2018.02.01 15:01:03.509,1.32216,1.32233,1.57,1.00
2018.02.01 15:01:03.918,1.32216,1.32235,2.51,1.00
2018.02.01 15:01:03.970,1.32218,1.32238,2.06,1.50
2018.02.01 15:01:04.126,1.32221,1.3224,1.00,1.00
2018.02.01 15:01:04.643,1.32221,1.32239,1.10,1.00
2018.02.01 15:01:05.157,1.32221,1.32238,1.10,1.00
2018.02.01 15:01:05.262,1.32221,1.3224,1.10,1.00
2018.02.01 15:01:05.313,1.32225,1.32241,1.00,1.50
2018.02.01 15:01:05.568,1.32228,1.32245,1.12,1.00
2018.02.01 15:01:05.803,1.3223,1.32245,1.00,1.00
2018.02.01 15:01:07.369,1.32227,1.32243,2.25,1.25
2018.02.01 15:01:07.689,1.32227,1.32242,1.50,1.19
2018.02.01 15:01:07.893,1.32228,1.32242,1.12,1.00
2018.02.01 15:01:08.048,1.32226,1.3224,1.50,1.00
2018.02.01 15:01:08.151,1.32223,1.32238,2.25,1.00
2018.02.01 15:01:08.591,1.32221,1.32236,1.10,1.25
2018.02.01 15:01:08.744,1.32218,1.32237,1.20,1.19
2018.02.01 15:01:09.728,1.32218,1.32237,1.12,1.25
2018.02.01 15:01:10.113,1.32217,1.32236,2.62,1.19
2018.02.01 15:01:10.628,1.32217,1.32235,1.87,1.25
2018.02.01 15:01:10.732,1.32218,1.32239,1.12,1.69
2018.02.01 15:01:10.922,1.3222,1.32239,1.00,1.25
2018.02.01 15:01:11.437,1.32221,1.32239,1.00,2.44
2018.02.01 15:01:11.757,1.32218,1.32239,1.31,2.44
2018.02.01 15:01:12.299,1.32219,1.32239,1.00,2.44
2018.02.01 15:01:12.875,1.3222,1.32239,1.00,2.44
2018.02.01 15:01:13.378,1.32221,1.32239,1.87,1.25
2018.02.01 15:01:13.586,1.32226,1.32238,1.00,1.00
2018.02.01 15:01:13.639,1.32224,1.32242,1.50,1.12
2018.02.01 15:01:13.779,1.32226,1.32244,2.62,2.25
2018.02.01 15:01:13.831,1.32226,1.32244,2.62,1.00
2018.02.01 15:01:14.378,1.32226,1.32245,2.62,1.00
2018.02.01 15:01:14.965,1.32227,1.32245,1.00,1.19
2018.02.01 15:01:15.472,1.32227,1.32245,1.00,1.25
2018.02.01 15:01:15.583,1.32223,1.3224,1.12,1.00
2018.02.01 15:01:15.686,1.32219,1.32239,1.00,1.19
2018.02.01 15:01:16.193,1.32218,1.32239,1.12,1.19
2018.02.01 15:01:16.245,1.32217,1.32239,3.56,1.50
2018.02.01 15:01:16.417,1.32217,1.32239,2.25,1.69
2018.02.01 15:01:16.927,1.32218,1.32237,1.00,1.00
2018.02.01 15:01:17.408,1.32221,1.32238,1.00,1.69
2018.02.01 15:01:17.720,1.32221,1.32239,1.69,1.00
2018.02.01 15:01:18.288,1.32221,1.3224,1.19,1.00
2018.02.01 15:01:18.519,1.32221,1.32242,1.19,1.69
2018.02.01 15:01:18.622,1.32221,1.32242,1.00,1.69
2018.02.01 15:01:18.777,1.32221,1.32241,1.69,1.25
2018.02.01 15:01:19.454,1.32222,1.32242,1.12,1.31
2018.02.01 15:01:19.924,1.32221,1.32242,1.00,1.69
2018.02.01 15:01:20.180,1.32221,1.32242,1.00,2.06
2018.02.01 15:01:20.981,1.3222,1.32239,1.00,2.06
2018.02.01 15:01:21.032,1.32218,1.32239,2.25,2.06
2018.02.01 15:01:21.795,1.32217,1.32236,2.25,1.19
2018.02.01 15:01:22.316,1.32217,1.32235,1.00,1.19
2018.02.01 15:01:23.047,1.32218,1.32237,1.00,2.06
2018.02.01 15:01:24.438,1.32218,1.32237,1.00,1.69
2018.02.01 15:01:24.592,1.3222,1.32241,3.19,1.19
2018.02.01 15:01:24.695,1.32222,1.32239,1.00,1.19
2018.02.01 15:01:24.798,1.3222,1.32238,1.50,1.19
2018.02.01 15:01:25.336,1.32219,1.32237,1.87,1.25
2018.02.01 15:01:25.568,1.32219,1.32238,1.31,1.25
2018.02.01 15:01:25.780,1.3222,1.32236,1.00,1.25
2018.02.01 15:01:26.272,1.3222,1.32238,1.12,1.25
2018.02.01 15:01:26.933,1.32221,1.32239,1.00,1.19
2018.02.01 15:01:27.191,1.32219,1.32241,1.87,2.81
2018.02.01 15:01:27.296,1.32219,1.32236,1.12,1.19
2018.02.01 15:01:27.401,1.32217,1.32237,1.25,1.19
2018.02.01 15:01:27.608,1.32217,1.32236,1.00,1.69
2018.02.01 15:01:28.865,1.32218,1.32236,1.00,1.19
2018.02.01 15:01:29.384,1.32217,1.32236,1.00,1.19
2018.02.01 15:01:29.752,1.32216,1.32236,1.31,1.19
2018.02.01 15:01:29.805,1.32215,1.32236,1.50,1.69
2018.02.01 15:01:30.325,1.32216,1.32235,1.00,1.69
2018.02.01 15:01:31.220,1.32216,1.32235,1.00,1.19
2018.02.01 15:01:31.521,1.32216,1.32235,1.00,1.69
2018.02.01 15:01:31.743,1.32217,1.32235,1.12,1.69
2018.02.01 15:01:31.898,1.32212,1.32231,1.76,1.25
2018.02.01 15:01:32.002,1.32209,1.32228,1.87,1.00
2018.02.01 15:01:32.055,1.32208,1.32227,1.12,1.25
2018.02.01 15:01:32.517,1.32209,1.32229,1.00,1.56
2018.02.01 15:01:32.571,1.32209,1.32229,1.19,1.19
2018.02.01 15:01:32.776,1.32212,1.32231,1.00,1.69
2018.02.01 15:01:32.828,1.32209,1.32231,1.19,1.69
2018.02.01 15:01:33.066,1.3221,1.32232,1.19,2.06
2018.02.01 15:01:33.169,1.32209,1.3223,1.50,1.19
2018.02.01 15:01:33.707,1.3221,1.3223,1.00,1.19
2018.02.01 15:01:34.427,1.3221,1.3223,1.00,1.19
2018.02.01 15:01:34.938,1.3221,1.32229,1.69,1.25
2018.02.01 15:01:35.041,1.32214,1.32231,1.00,1.25
2018.02.01 15:01:35.455,1.32211,1.32231,1.10,1.31
2018.02.01 15:01:35.780,1.32216,1.32233,1.00,1.19
2018.02.01 15:01:35.936,1.32217,1.32237,1.37,1.69
2018.02.01 15:01:36.092,1.32219,1.32237,1.87,1.19
2018.02.01 15:01:36.144,1.32219,1.32237,1.87,1.25
2018.02.01 15:01:36.704,1.32219,1.32238,1.87,1.25
2018.02.01 15:01:37.395,1.32219,1.32238,1.25,1.00
2018.02.01 15:01:37.550,1.32218,1.32236,1.00,1.00
2018.02.01 15:01:37.865,1.32214,1.32234,1.69,1.69
2018.02.01 15:01:38.902,1.32214,1.32234,1.76,1.19
2018.02.01 15:01:40.059,1.32213,1.32234,2.51,1.25
2018.02.01 15:01:40.393,1.32217,1.32234,1.00,1.25
2018.02.01 15:01:41.357,1.32217,1.32236,1.00,1.19
2018.02.01 15:01:41.890,1.32218,1.32234,1.57,1.00
2018.02.01 15:01:41.994,1.32221,1.32239,1.29,1.00
2018.02.01 15:01:42.045,1.32221,1.32237,1.00,1.00
2018.02.01 15:01:42.097,1.3222,1.32239,1.69,1.25
2018.02.01 15:01:42.153,1.32219,1.32237,1.57,1.25
2018.02.01 15:01:42.366,1.3222,1.32237,1.01,1.00
2018.02.01 15:01:42.915,1.32221,1.32238,1.00,1.00
2018.02.01 15:01:43.018,1.32222,1.32244,1.76,2.81
2018.02.01 15:01:43.136,1.32223,1.32244,2.51,1.00
2018.02.01 15:01:43.344,1.32225,1.32241,1.20,1.00
2018.02.01 15:01:43.420,1.32223,1.32241,2.32,1.19
2018.02.01 15:01:43.476,1.32223,1.32243,1.39,1.25
2018.02.01 15:01:43.530,1.32225,1.32246,2.44,1.87
2018.02.01 15:01:44.016,1.32231,1.32248,1.00,1.19
2018.02.01 15:01:44.223,1.32228,1.32246,1.07,1.19
2018.02.01 15:01:44.729,1.32228,1.32248,3.07,1.19
2018.02.01 15:01:44.831,1.32228,1.32248,1.31,1.00
2018.02.01 15:01:44.882,1.32229,1.32246,1.50,1.19
2018.02.01 15:01:45.085,1.32229,1.32247,1.00,1.00
2018.02.01 15:01:45.138,1.32231,1.32249,1.00,1.50
2018.02.01 15:01:45.647,1.32232,1.32249,1.00,1.00
2018.02.01 15:01:46.179,1.32231,1.32249,1.12,1.00
2018.02.01 15:01:46.843,1.3223,1.32249,1.87,1.19
2018.02.01 15:01:47.165,1.32229,1.3225,1.26,1.50
2018.02.01 15:01:47.689,1.3223,1.3225,1.56,1.19
2018.02.01 15:01:47.896,1.3223,1.3225,1.56,1.00
2018.02.01 15:01:48.245,1.32231,1.3225,2.51,1.00
2018.02.01 15:01:48.500,1.32232,1.3225,1.12,1.25
2018.02.01 15:01:49.199,1.32233,1.3225,1.12,1.00
2018.02.01 15:01:49.545,1.32233,1.32248,1.12,1.69
2018.02.01 15:01:49.698,1.32227,1.32246,1.57,1.25
2018.02.01 15:01:50.107,1.32227,1.32248,2.14,1.25
2018.02.01 15:01:50.289,1.32229,1.32248,1.29,1.00
2018.02.01 15:01:50.341,1.32229,1.32248,1.01,1.00
2018.02.01 15:01:50.394,1.32233,1.32246,1.25,1.00
2018.02.01 15:01:50.447,1.32233,1.32251,1.19,1.00
2018.02.01 15:01:50.499,1.32233,1.3225,1.25,1.00
2018.02.01 15:01:50.603,1.3223,1.32249,1.57,1.25
2018.02.01 15:01:51.015,1.32229,1.32247,1.31,1.00
2018.02.01 15:01:51.325,1.32231,1.32248,1.31,1.00
2018.02.01 15:01:51.427,1.32228,1.3225,2.14,1.31
2018.02.01 15:01:51.871,1.32228,1.32246,1.12,1.25
2018.02.01 15:01:52.224,1.32226,1.32244,1.00,1.19
2018.02.01 15:01:52.589,1.32224,1.32242,1.00,1.19
2018.02.01 15:01:53.057,1.32226,1.32244,1.00,1.19
2018.02.01 15:01:53.160,1.32224,1.32243,1.01,1.25
2018.02.01 15:01:53.669,1.32224,1.32243,1.39,1.25
2018.02.01 15:01:54.047,1.32224,1.32244,1.12,1.56
2018.02.01 15:01:54.100,1.32224,1.32244,1.31,1.25
2018.02.01 15:01:54.310,1.32224,1.32243,1.12,1.19
2018.02.01 15:01:54.446,1.32222,1.32241,1.25,1.00
2018.02.01 15:01:54.958,1.32223,1.32243,1.29,1.00
2018.02.01 15:01:55.598,1.32225,1.32243,1.00,1.00
2018.02.01 15:01:55.905,1.32225,1.32243,1.19,1.00
2018.02.01 15:01:56.058,1.32225,1.32245,1.19,1.69
2018.02.01 15:01:56.278,1.32225,1.32245,1.25,1.69
2018.02.01 15:01:56.820,1.32225,1.32242,1.00,1.00
2018.02.01 15:01:56.873,1.32222,1.32242,1.39,1.37
2018.02.01 15:01:56.927,1.32226,1.32242,1.00,1.37
2018.02.01 15:01:57.250,1.32232,1.32247,1.00,1.00
2018.02.01 15:01:57.560,1.32235,1.32253,1.00,1.19
2018.02.01 15:01:57.612,1.32234,1.32253,1.19,1.31
2018.02.01 15:01:57.664,1.32236,1.3225,1.00,1.00
2018.02.01 15:01:57.900,1.3224,1.32255,1.00,1.00
2018.02.01 15:01:57.953,1.3224,1.32257,1.00,1.25
2018.02.01 15:01:58.004,1.32235,1.32254,2.44,1.25
2018.02.01 15:01:58.056,1.32233,1.32251,1.69,1.25
2018.02.01 15:01:58.408,1.32233,1.32249,1.00,1.00
2018.02.01 15:01:58.511,1.32231,1.32248,1.00,1.00
2018.02.01 15:01:58.613,1.32233,1.32249,1.00,1.00
2018.02.01 15:01:58.767,1.32231,1.32249,1.00,1.00
2018.02.01 15:01:58.920,1.32227,1.32248,1.32,1.31
2018.02.01 15:01:59.068,1.32225,1.32245,1.32,1.19
2018.02.01 15:01:59.377,1.3223,1.32245,1.00,1.00
2018.02.01 15:01:59.429,1.32232,1.32249,1.00,1.69
2018.02.01 15:01:59.532,1.32229,1.32248,1.00,1.31
2018.02.01 15:01:59.584,1.32231,1.32249,1.00,4.31
2018.02.01 15:01:59.877,1.32229,1.32247,1.00,1.69
2018.02.01 15:01:59.929,1.32232,1.32249,1.00,1.25
2018.02.01 15:02:00.235,1.32232,1.32244,1.00,1.00
2018.02.01 15:02:00.287,1.32235,1.32249,1.00,1.00
2018.02.01 15:02:00.439,1.32235,1.32245,1.00,1.00
2018.02.01 15:02:00.490,1.32235,1.3225,1.00,1.00
2018.02.01 15:02:01.148,1.32235,1.32251,1.00,1.25
2018.02.01 15:02:01.656,1.32236,1.32251,1.00,1.00
2018.02.01 15:02:03.478,1.32236,1.32254,1.00,1.25
2018.02.01 15:02:03.994,1.32237,1.32254,1.00,1.25
2018.02.01 15:02:04.200,1.32237,1.32254,1.00,1.19
2018.02.01 15:02:04.303,1.32237,1.32254,1.00,1.25
2018.02.01 15:02:05.981,1.32236,1.32254,1.00,1.25
2018.02.01 15:02:06.265,1.32239,1.32254,1.00,1.25
2018.02.01 15:02:06.769,1.32235,1.32254,1.25,1.69
2018.02.01 15:02:06.821,1.32233,1.32253,1.20,1.69
2018.02.01 15:02:07.129,1.3223,1.32248,1.25,1.25
2018.02.01 15:02:08.095,1.32232,1.32248,1.00,1.00
2018.02.01 15:02:08.146,1.32229,1.32248,1.39,1.50
2018.02.01 15:02:08.504,1.32232,1.32248,1.00,1.00
2018.02.01 15:02:08.607,1.3223,1.32248,1.01,1.25
2018.02.01 15:02:08.736,1.32232,1.32248,1.00,1.25
2018.02.01 15:02:08.891,1.3223,1.32248,1.25,1.25
2018.02.01 15:02:09.679,1.32229,1.32246,1.19,1.00
2018.02.01 15:02:09.731,1.32231,1.32248,1.00,1.25
2018.02.01 15:02:09.783,1.32231,1.32246,1.00,1.00
2018.02.01 15:02:10.065,1.32231,1.3225,1.29,1.25
2018.02.01 15:02:10.169,1.32236,1.3225,1.00,1.25
2018.02.01 15:02:10.220,1.32231,1.32248,1.57,1.00
2018.02.01 15:02:10.323,1.32233,1.32249,1.25,1.50
2018.02.01 15:02:10.557,1.32234,1.32252,1.25,1.31
2018.02.01 15:02:10.662,1.32234,1.32251,1.00,1.19
2018.02.01 15:02:11.194,1.32233,1.32252,1.00,1.69
2018.02.01 15:02:11.895,1.32232,1.32252,1.00,2.81
2018.02.01 15:02:12.550,1.32233,1.32249,1.00,1.25
2018.02.01 15:02:12.708,1.32231,1.32248,1.00,1.25
2018.02.01 15:02:12.760,1.3223,1.32248,1.00,1.19
2018.02.01 15:02:12.812,1.3223,1.32248,1.00,1.69
2018.02.01 15:02:12.865,1.32233,1.32248,1.19,1.00
2018.02.01 15:02:12.917,1.32235,1.32251,1.00,1.00
2018.02.01 15:02:13.060,1.32235,1.32252,1.31,1.00
2018.02.01 15:02:13.218,1.32241,1.32257,1.19,1.00
2018.02.01 15:02:13.735,1.32242,1.32258,1.00,1.50
2018.02.01 15:02:13.989,1.32242,1.32258,1.19,1.00
2018.02.01 15:02:14.143,1.32241,1.32258,1.00,1.00
2018.02.01 15:02:14.194,1.3224,1.32255,1.50,1.00
2018.02.01 15:02:14.410,1.3224,1.32257,1.00,1.00
2018.02.01 15:02:14.845,1.32238,1.32257,1.01,1.00
2018.02.01 15:02:14.898,1.32243,1.32257,1.00,1.00
2018.02.01 15:02:15.031,1.32244,1.3226,1.00,1.50
2018.02.01 15:02:15.295,1.32242,1.32262,1.10,2.44
2018.02.01 15:02:15.504,1.32244,1.3226,1.25,1.00
2018.02.01 15:02:15.717,1.32244,1.32262,1.25,1.25
2018.02.01 15:02:16.004,1.32246,1.32262,1.00,1.25
2018.02.01 15:02:17.089,1.32247,1.32262,1.00,1.00
2018.02.01 15:02:17.564,1.32247,1.32264,1.00,1.00
2018.02.01 15:02:17.720,1.32252,1.32265,1.00,1.00
2018.02.01 15:02:17.774,1.32252,1.32268,1.12,1.00
2018.02.01 15:02:17.868,1.32255,1.32268,1.00,1.00
2018.02.01 15:02:17.920,1.32264,1.32278,1.25,1.00
2018.02.01 15:02:18.126,1.32265,1.3228,1.25,1.00
2018.02.01 15:02:18.229,1.32263,1.3228,1.25,1.50
2018.02.01 15:02:18.281,1.32266,1.3228,1.00,1.00
2018.02.01 15:02:18.443,1.32264,1.32282,1.00,1.69
2018.02.01 15:02:18.596,1.32262,1.32281,1.50,1.19
2018.02.01 15:02:18.902,1.32263,1.32282,1.25,2.44
2018.02.01 15:02:19.055,1.32263,1.3228,1.25,1.00
2018.02.01 15:02:19.372,1.32256,1.32273,1.50,1.25
2018.02.01 15:02:19.895,1.32256,1.32274,1.12,1.19
2018.02.01 15:02:20.050,1.32257,1.32275,1.00,1.25
2018.02.01 15:02:20.103,1.32263,1.32276,1.00,1.00
2018.02.01 15:02:20.157,1.32259,1.32276,1.25,1.00
2018.02.01 15:02:20.343,1.32259,1.32278,1.25,1.69
2018.02.01 15:02:20.397,1.32263,1.32278,1.00,1.69
2018.02.01 15:02:20.909,1.32264,1.32279,1.25,1.00
2018.02.01 15:02:21.420,1.32263,1.32281,1.19,1.00
2018.02.01 15:02:21.944,1.32265,1.32282,1.00,1.69
2018.02.01 15:02:22.329,1.32263,1.32281,1.00,1.19
2018.02.01 15:02:23.791,1.3226,1.32279,1.87,1.19
2018.02.01 15:02:25.085,1.3226,1.32277,1.87,1.00
2018.02.01 15:02:25.138,1.32255,1.32275,2.62,1.19
2018.02.01 15:02:25.709,1.32255,1.32272,1.00,1.19
2018.02.01 15:02:25.965,1.32252,1.3227,1.00,1.25
2018.02.01 15:02:26.587,1.32252,1.32269,1.50,1.00
2018.02.01 15:02:26.744,1.32257,1.3227,1.00,1.00
2018.02.01 15:02:26.953,1.32269,1.32286,1.31,1.00
2018.02.01 15:02:27.005,1.32273,1.32288,1.00,1.00
2018.02.01 15:02:27.057,1.32273,1.3229,1.25,1.00
2018.02.01 15:02:27.159,1.32273,1.32292,1.25,1.00
2018.02.01 15:02:27.405,1.32275,1.32292,1.00,1.00
2018.02.01 15:02:27.561,1.32272,1.32293,1.76,1.25
2018.02.01 15:02:28.095,1.32272,1.32292,2.06,1.25
2018.02.01 15:02:28.626,1.32272,1.32293,1.31,1.25
2018.02.01 15:02:29.322,1.32277,1.32295,1.19,1.00
2018.02.01 15:02:29.637,1.32274,1.32292,1.19,1.00
2018.02.01 15:02:29.689,1.32275,1.32293,1.00,1.19
2018.02.01 15:02:29.924,1.32271,1.3229,1.31,1.00
2018.02.01 15:02:29.977,1.32271,1.32289,1.00,1.19
2018.02.01 15:02:30.029,1.32268,1.32286,1.00,1.19
2018.02.01 15:02:30.417,1.32268,1.32285,1.00,1.56
2018.02.01 15:02:30.520,1.32268,1.32286,1.25,1.69
2018.02.01 15:02:30.622,1.32265,1.32284,1.25,1.19
2018.02.01 15:02:31.160,1.32263,1.32284,1.19,1.25
2018.02.01 15:02:31.690,1.32265,1.32283,1.00,1.19
2018.02.01 15:02:31.793,1.32263,1.32282,1.00,1.19
2018.02.01 15:02:31.845,1.3226,1.32282,1.25,1.19
2018.02.01 15:02:31.947,1.32262,1.32283,1.00,1.69
2018.02.01 15:02:32.100,1.3226,1.32282,1.69,1.19
2018.02.01 15:02:32.289,1.32261,1.32282,1.50,1.19
2018.02.01 15:02:32.645,1.32261,1.32279,1.19,1.00
2018.02.01 15:02:32.697,1.3226,1.32281,1.19,1.00
2018.02.01 15:02:32.749,1.32259,1.32278,1.19,1.00
2018.02.01 15:02:32.947,1.32264,1.32282,1.00,1.50
2018.02.01 15:02:33.633,1.32264,1.32283,1.00,1.25
2018.02.01 15:02:34.151,1.32263,1.32282,1.25,1.25
2018.02.01 15:02:34.405,1.32259,1.3228,1.56,1.50
2018.02.01 15:02:34.907,1.32262,1.32282,1.19,1.25
2018.02.01 15:02:36.013,1.32263,1.32284,1.31,1.25
2018.02.01 15:02:36.147,1.32262,1.3228,1.25,1.12
2018.02.01 15:02:36.453,1.32259,1.32278,1.19,1.00
2018.02.01 15:02:36.555,1.32258,1.32277,1.25,1.69
2018.02.01 15:02:36.749,1.32257,1.32278,1.31,1.00
2018.02.01 15:02:37.274,1.32259,1.32277,1.19,1.00
2018.02.01 15:02:37.791,1.32259,1.32277,1.25,1.25
2018.02.01 15:02:38.263,1.32261,1.3228,1.00,1.25
2018.02.01 15:02:38.747,1.32258,1.32277,1.19,1.25
2018.02.01 15:02:39.056,1.32258,1.32275,1.00,1.25
2018.02.01 15:02:39.587,1.32257,1.32276,1.25,1.00
2018.02.01 15:02:39.938,1.32256,1.32276,1.00,1.19
2018.02.01 15:02:40.322,1.32258,1.32278,1.25,1.25
2018.02.01 15:02:40.688,1.32261,1.32279,1.00,1.69
2018.02.01 15:02:41.443,1.32259,1.3228,1.19,1.50
2018.02.01 15:02:41.949,1.32261,1.32279,1.25,1.00
2018.02.01 15:02:42.620,1.32261,1.32279,1.19,1.00
2018.02.01 15:02:43.137,1.32261,1.3228,1.19,1.25
2018.02.01 15:02:43.190,1.32264,1.32281,1.00,1.19
2018.02.01 15:02:43.243,1.32265,1.32283,1.00,1.69
2018.02.01 15:02:43.744,1.32264,1.32282,1.25,1.00
2018.02.01 15:02:44.288,1.32263,1.32281,1.19,1.00
2018.02.01 15:02:44.797,1.32264,1.32282,1.25,1.00
2018.02.01 15:02:45.590,1.32265,1.32282,1.00,1.00
2018.02.01 15:02:45.645,1.32265,1.32282,1.00,1.19
2018.02.01 15:02:45.855,1.32262,1.32282,1.19,1.00
2018.02.01 15:02:46.531,1.32262,1.32282,1.19,1.00
2018.02.01 15:02:47.050,1.32263,1.32282,1.00,1.19
2018.02.01 15:02:47.976,1.32263,1.32283,1.00,1.69
2018.02.01 15:02:48.982,1.32261,1.3228,1.69,1.31
2018.02.01 15:02:49.080,1.32261,1.32278,1.19,1.00
2018.02.01 15:02:49.182,1.32258,1.32276,1.19,1.00
2018.02.01 15:02:49.683,1.32258,1.32275,1.19,1.00
2018.02.01 15:02:49.735,1.32254,1.32274,2.14,1.00
2018.02.01 15:02:50.179,1.32254,1.32274,1.31,1.50
2018.02.01 15:02:50.438,1.32254,1.32272,1.19,1.00
2018.02.01 15:02:50.541,1.32254,1.32271,1.00,1.19
2018.02.01 15:02:51.400,1.32255,1.32274,1.00,1.69
2018.02.01 15:02:51.452,1.32253,1.32273,1.00,1.19
2018.02.01 15:02:51.769,1.32253,1.32273,1.00,1.19
2018.02.01 15:02:52.107,1.32253,1.3227,1.00,1.00
2018.02.01 15:02:52.362,1.32254,1.32272,1.25,1.00
2018.02.01 15:02:52.413,1.32251,1.32269,2.14,1.00
2018.02.01 15:02:52.565,1.32253,1.32272,1.19,1.69
2018.02.01 15:02:52.618,1.32257,1.32276,1.00,1.25
2018.02.01 15:02:52.672,1.32257,1.32276,1.19,1.00
2018.02.01 15:02:53.241,1.32259,1.32277,1.25,1.25
2018.02.01 15:02:53.598,1.32256,1.32275,1.69,1.00
2018.02.01 15:02:54.106,1.32256,1.32274,1.31,1.00
2018.02.01 15:02:54.532,1.32256,1.32274,1.19,1.00
2018.02.01 15:02:54.584,1.32259,1.32275,1.25,1.00
2018.02.01 15:02:54.741,1.32258,1.32277,1.31,1.25
2018.02.01 15:02:55.031,1.32258,1.32278,1.69,1.50
2018.02.01 15:02:55.345,1.32261,1.32279,1.31,1.00
2018.02.01 15:02:55.794,1.32265,1.32281,1.19,1.00
2018.02.01 15:02:56.364,1.32266,1.32285,1.19,1.50
2018.02.01 15:02:56.516,1.32266,1.32285,1.25,1.50
2018.02.01 15:02:57.046,1.32265,1.32285,1.19,1.50
2018.02.01 15:02:57.250,1.32269,1.32289,1.19,1.12
2018.02.01 15:02:57.765,1.32269,1.32288,1.19,1.00
2018.02.01 15:02:58.300,1.3227,1.32289,1.19,1.00
2018.02.01 15:02:58.353,1.3227,1.32289,1.25,1.25
2018.02.01 15:02:58.510,1.32272,1.3229,1.00,1.69
2018.02.01 15:02:58.741,1.32265,1.32283,1.01,1.00
2018.02.01 15:02:59.271,1.32264,1.32282,1.00,1.25
2018.02.01 15:02:59.800,1.32265,1.32283,1.00,1.19
2018.02.01 15:03:00.309,1.32264,1.32283,1.00,2.44
2018.02.01 15:03:00.411,1.32257,1.32275,1.00,1.19
2018.02.01 15:03:00.616,1.3226,1.32276,1.25,1.00
2018.02.01 15:03:00.805,1.32262,1.32277,1.00,1.00
2018.02.01 15:03:00.860,1.32262,1.32279,1.00,1.00
2018.02.01 15:03:01.569,1.32259,1.32277,1.00,1.19
2018.02.01 15:03:02.105,1.32258,1.32276,1.00,2.44
2018.02.01 15:03:02.498,1.32258,1.32276,1.00,2.81
2018.02.01 15:03:02.653,1.32257,1.32277,1.39,1.00
2018.02.01 15:03:02.704,1.32256,1.32275,1.01,1.25
2018.02.01 15:03:02.884,1.32258,1.32276,1.25,2.25
2018.02.01 15:03:03.138,1.32259,1.32278,1.00,1.50
2018.02.01 15:03:03.190,1.32259,1.32278,1.19,1.50
2018.02.01 15:03:03.530,1.32264,1.32281,1.19,1.00
2018.02.01 15:03:03.632,1.32264,1.32281,1.19,1.00
2018.02.01 15:03:04.001,1.32262,1.3228,1.25,1.25
2018.02.01 15:03:04.685,1.32263,1.3228,1.00,1.69
2018.02.01 15:03:05.100,1.32264,1.32282,1.00,1.69
2018.02.01 15:03:05.644,1.32263,1.32282,1.00,1.25
2018.02.01 15:03:06.090,1.32262,1.32277,1.00,1.00
2018.02.01 15:03:06.194,1.32258,1.32276,2.62,1.25
2018.02.01 15:03:06.246,1.32256,1.32274,2.14,1.00
2018.02.01 15:03:06.592,1.32256,1.32274,1.87,1.19
2018.02.01 15:03:06.644,1.32256,1.32274,1.00,1.19
2018.02.01 15:03:06.798,1.32258,1.32275,1.00,1.19
2018.02.01 15:03:06.901,1.3226,1.32278,1.00,2.25
2018.02.01 15:03:07.384,1.32261,1.32281,2.62,2.81
2018.02.01 15:03:07.436,1.32267,1.32284,1.00,1.87
2018.02.01 15:03:08.904,1.32266,1.32284,1.25,1.00
2018.02.01 15:03:09.634,1.32265,1.32282,1.19,1.00
2018.02.01 15:03:10.199,1.32266,1.32284,1.25,1.00
2018.02.01 15:03:10.685,1.32266,1.32282,1.00,1.00
2018.02.01 15:03:11.072,1.32261,1.32279,1.19,1.00
2018.02.01 15:03:11.124,1.3226,1.32278,3.07,1.00
2018.02.01 15:03:11.331,1.32258,1.32276,1.50,1.00
2018.02.01 15:03:11.941,1.32258,1.32278,1.76,2.62
2018.02.01 15:03:12.377,1.32258,1.32275,1.00,1.69
2018.02.01 15:03:12.698,1.32257,1.32276,2.06,1.25
2018.02.01 15:03:13.213,1.32259,1.32279,1.00,2.44
2018.02.01 15:03:13.316,1.32259,1.32279,2.44,1.69
2018.02.01 15:03:13.918,1.32261,1.32279,1.00,1.50
2018.02.01 15:03:14.173,1.32259,1.32277,1.19,1.00
2018.02.01 15:03:15.139,1.3226,1.32278,1.25,1.00
2018.02.01 15:03:15.686,1.32259,1.32277,1.19,1.00
2018.02.01 15:03:16.281,1.32258,1.32278,1.25,1.19
2018.02.01 15:03:16.798,1.32258,1.32276,2.06,1.25
2018.02.01 15:03:17.161,1.32257,1.32277,1.69,1.19
2018.02.01 15:03:17.213,1.32257,1.32274,1.69,1.00
2018.02.01 15:03:17.523,1.32255,1.32274,1.50,1.12
2018.02.01 15:03:17.627,1.32257,1.32274,1.00,1.00
2018.02.01 15:03:17.812,1.32258,1.32276,1.00,1.50
2018.02.01 15:03:18.177,1.32256,1.32271,1.12,1.00
2018.02.01 15:03:18.229,1.32256,1.32273,1.00,2.25
2018.02.01 15:03:18.507,1.32256,1.32275,1.19,1.00
2018.02.01 15:03:18.568,1.32256,1.32275,1.31,1.00
2018.02.01 15:03:18.620,1.32259,1.32278,1.31,1.69
2018.02.01 15:03:18.927,1.32256,1.32273,1.31,1.00
2018.02.01 15:03:19.029,1.32255,1.32272,1.31,1.00
2018.02.01 15:03:19.081,1.32255,1.32275,1.31,1.50
2018.02.01 15:03:19.532,1.32254,1.32272,2.14,1.00
2018.02.01 15:03:19.944,1.32256,1.32274,1.00,2.44
2018.02.01 15:03:20.263,1.32254,1.32272,1.25,1.00
2018.02.01 15:03:20.564,1.32256,1.32274,1.00,1.25
2018.02.01 15:03:20.667,1.32254,1.32273,1.01,1.00
2018.02.01 15:03:20.769,1.32256,1.32273,1.00,1.00
2018.02.01 15:03:20.872,1.32257,1.32275,1.00,1.00
2018.02.01 15:03:21.128,1.32254,1.32271,1.19,1.00
2018.02.01 15:03:21.231,1.32253,1.32272,1.00,1.00
2018.02.01 15:03:22.164,1.32254,1.32272,1.00,1.25
2018.02.01 15:03:22.743,1.32253,1.32269,1.31,1.00
2018.02.01 15:03:22.795,1.32253,1.3227,1.00,1.19
2018.02.01 15:03:22.951,1.32251,1.32266,1.00,1.25
2018.02.01 15:03:23.004,1.32248,1.32266,1.00,1.25
2018.02.01 15:03:23.469,1.3225,1.32267,1.00,1.19
2018.02.01 15:03:24.080,1.3225,1.32267,1.10,1.00
2018.02.01 15:03:24.408,1.32251,1.32269,2.62,1.19
2018.02.01 15:03:24.923,1.32251,1.32269,2.70,1.19
2018.02.01 15:03:26.630,1.3225,1.32269,1.01,1.19
2018.02.01 15:03:26.840,1.32252,1.32271,1.25,2.44
2018.02.01 15:03:27.252,1.32254,1.32271,1.00,1.19
2018.02.01 15:03:27.305,1.32254,1.32273,1.69,1.00
2018.02.01 15:03:27.857,1.32255,1.32275,1.39,1.25
2018.02.01 15:03:28.441,1.32255,1.32276,1.39,1.19
2018.02.01 15:03:28.860,1.32256,1.32274,1.31,1.00
2018.02.01 15:03:28.912,1.32255,1.32273,1.10,1.00
2018.02.01 15:03:29.356,1.32257,1.32275,1.19,1.00
2018.02.01 15:03:29.658,1.32259,1.32277,1.00,1.69
2018.02.01 15:03:30.273,1.3226,1.32277,1.00,1.25
2018.02.01 15:03:30.481,1.32256,1.32273,1.07,1.25
2018.02.01 15:03:30.533,1.32254,1.32273,1.50,1.19
2018.02.01 15:03:30.636,1.32254,1.32273,1.50,1.19
2018.02.01 15:03:30.999,1.32252,1.32268,1.00,1.25
2018.02.01 15:03:31.206,1.32243,1.32261,1.01,1.00
2018.02.01 15:03:31.309,1.32246,1.32264,2.06,1.87
2018.02.01 15:03:31.490,1.32251,1.32268,1.07,1.00
2018.02.01 15:03:31.543,1.32251,1.3227,1.00,1.00
2018.02.01 15:03:31.622,1.32253,1.32272,1.00,1.19
2018.02.01 15:03:31.962,1.32253,1.3227,1.00,1.19
2018.02.01 15:03:32.169,1.32254,1.32272,1.00,1.19
2018.02.01 15:03:32.680,1.32253,1.32273,1.32,1.69
2018.02.01 15:03:32.734,1.32253,1.32273,1.01,1.69
2018.02.01 15:03:33.086,1.32253,1.32273,2.51,1.19
2018.02.01 15:03:33.264,1.32254,1.32271,1.10,1.25
2018.02.01 15:03:33.629,1.32253,1.32273,2.14,1.25
2018.02.01 15:03:33.735,1.32253,1.3227,1.39,1.00
2018.02.01 15:03:33.788,1.32252,1.3227,1.76,1.25
2018.02.01 15:03:34.054,1.32252,1.3227,1.76,1.25
2018.02.01 15:03:34.249,1.32252,1.32272,1.76,1.19
2018.02.01 15:03:34.301,1.32255,1.32275,1.19,1.50
2018.02.01 15:03:34.353,1.32254,1.32272,1.39,1.00
2018.02.01 15:03:34.687,1.32254,1.32271,1.01,1.00
2018.02.01 15:03:34.739,1.32252,1.3227,1.20,1.00
2018.02.01 15:03:34.895,1.32251,1.32271,1.29,1.50
2018.02.01 15:03:34.947,1.32252,1.32272,1.76,1.00
2018.02.01 15:03:35.051,1.32254,1.32272,1.19,1.00
2018.02.01 15:03:35.105,1.32254,1.32274,1.69,1.00
2018.02.01 15:03:35.365,1.32254,1.32272,1.76,1.00
2018.02.01 15:03:36.112,1.32254,1.32272,1.39,1.00
2018.02.01 15:03:36.215,1.32253,1.32272,2.14,1.00
2018.02.01 15:03:36.923,1.32252,1.3227,1.69,1.00
2018.02.01 15:03:37.029,1.3225,1.32269,1.31,1.19
2018.02.01 15:03:37.086,1.32251,1.3227,1.19,1.25
2018.02.01 15:03:37.898,1.32251,1.3227,1.00,1.19
2018.02.01 15:03:39.552,1.32251,1.3227,1.19,1.00
2018.02.01 15:03:40.293,1.32251,1.32269,1.00,1.19
2018.02.01 15:03:40.769,1.32251,1.32269,1.00,1.00
2018.02.01 15:03:41.148,1.32252,1.32269,1.00,1.19
2018.02.01 15:03:41.201,1.3225,1.32269,1.50,1.19
2018.02.01 15:03:42.151,1.32251,1.32269,1.00,1.19
2018.02.01 15:03:42.254,1.32251,1.32269,1.25,1.00
2018.02.01 15:03:42.306,1.32251,1.32269,1.00,1.19
2018.02.01 15:03:43.026,1.3225,1.32269,1.00,1.19
2018.02.01 15:03:43.997,1.3225,1.32267,1.19,1.00
2018.02.01 15:03:44.049,1.32252,1.3227,1.00,2.25
2018.02.01 15:03:44.619,1.32251,1.32269,1.19,1.00
2018.02.01 15:03:45.460,1.32253,1.32271,1.19,1.00
2018.02.01 15:03:45.645,1.32252,1.32271,1.00,1.25
2018.02.01 15:03:45.697,1.32251,1.32268,1.31,1.00
2018.02.01 15:03:46.240,1.32251,1.32269,1.25,1.00
2018.02.01 15:03:46.292,1.32252,1.32272,1.00,2.44
2018.02.01 15:03:46.552,1.3225,1.32269,2.81,1.00
2018.02.01 15:03:47.024,1.32248,1.32266,1.25,1.00
2018.02.01 15:03:47.335,1.32242,1.3226,1.69,1.00
2018.02.01 15:03:47.853,1.32247,1.32261,1.00,1.00
2018.02.01 15:03:48.164,1.32243,1.32261,1.00,1.19
2018.02.01 15:03:48.329,1.3224,1.32257,1.25,1.00
2018.02.01 15:03:48.380,1.32242,1.3226,1.25,1.25
2018.02.01 15:03:48.432,1.32244,1.32262,1.26,1.12
2018.02.01 15:03:48.535,1.32247,1.32265,1.25,1.12
2018.02.01 15:03:48.586,1.32248,1.32267,1.00,1.50
2018.02.01 15:03:49.083,1.3225,1.32269,1.19,1.25
2018.02.01 15:03:49.595,1.32252,1.32269,1.00,1.19
2018.02.01 15:03:49.647,1.32252,1.32272,1.19,1.00
2018.02.01 15:03:49.699,1.32252,1.3227,1.19,1.00
2018.02.01 15:03:50.209,1.32253,1.32271,1.01,1.00
2018.02.01 15:03:50.723,1.32252,1.32271,1.26,1.00
2018.02.01 15:03:51.106,1.32253,1.32269,1.20,1.00
2018.02.01 15:03:51.161,1.3225,1.32268,2.14,1.00
2018.02.01 15:03:51.265,1.32251,1.3227,1.01,1.25
2018.02.01 15:03:51.318,1.32255,1.32275,1.29,1.50
2018.02.01 15:03:51.825,1.32256,1.32274,1.01,1.00
2018.02.01 15:03:51.998,1.32255,1.32276,1.76,1.25
2018.02.01 15:03:52.690,1.32255,1.32276,1.76,1.19
2018.02.01 15:03:53.227,1.32255,1.32274,1.50,1.19
2018.02.01 15:03:53.620,1.32252,1.3227,1.31,1.00
2018.02.01 15:03:53.672,1.32253,1.32273,1.19,1.25
2018.02.01 15:03:53.971,1.32252,1.32272,3.19,1.25
2018.02.01 15:03:54.129,1.32253,1.32272,1.19,1.00
2018.02.01 15:03:54.286,1.32252,1.32274,1.76,1.69
2018.02.01 15:03:54.670,1.32253,1.32273,1.20,1.19
2018.02.01 15:03:55.214,1.32254,1.32273,1.10,1.25
2018.02.01 15:03:55.564,1.32254,1.32273,2.51,1.00
2018.02.01 15:03:55.616,1.32254,1.32275,2.51,1.25
2018.02.01 15:03:55.668,1.32255,1.32275,1.07,1.19
2018.02.01 15:03:56.730,1.32254,1.32272,2.51,1.00
2018.02.01 15:03:57.025,1.32254,1.32274,1.76,1.25
2018.02.01 15:03:58.231,1.32259,1.32276,1.19,1.00
2018.02.01 15:03:58.527,1.32266,1.32285,1.19,1.50
2018.02.01 15:03:59.051,1.32266,1.32286,1.26,1.25
2018.02.01 15:03:59.571,1.32265,1.32281,1.07,1.25
2018.02.01 15:03:59.627,1.32264,1.32284,1.25,1.69
2018.02.01 15:04:00.016,1.32262,1.32281,1.39,1.19
2018.02.01 15:04:00.326,1.32262,1.32281,1.39,1.00
2018.02.01 15:04:00.879,1.32262,1.32281,1.39,1.25
2018.02.01 15:04:00.985,1.3226,1.3228,1.20,1.25
2018.02.01 15:04:01.831,1.3226,1.32279,2.14,1.00
2018.02.01 15:04:01.883,1.32263,1.3228,1.00,1.25
2018.02.01 15:04:01.986,1.32263,1.32282,1.31,1.00
2018.02.01 15:04:02.193,1.32263,1.32281,1.12,1.19
2018.02.01 15:04:02.857,1.32262,1.32281,2.06,1.25
2018.02.01 15:04:03.407,1.32262,1.3228,2.81,1.00
2018.02.01 15:04:03.462,1.3226,1.32278,3.56,1.00
2018.02.01 15:04:04.094,1.3226,1.32279,2.89,1.25
2018.02.01 15:04:04.515,1.32262,1.32282,1.19,1.69
2018.02.01 15:04:04.824,1.3226,1.32278,2.81,1.00
2018.02.01 15:04:05.135,1.32263,1.32281,2.06,1.00
2018.02.01 15:04:05.187,1.32263,1.32281,1.12,1.25
2018.02.01 15:04:05.651,1.32263,1.32281,1.87,1.19
2018.02.01 15:04:05.705,1.32261,1.32278,1.00,1.00
2018.02.01 15:04:06.169,1.32261,1.32279,1.19,1.00
2018.02.01 15:04:06.552,1.32261,1.32279,1.00,1.25
2018.02.01 15:04:06.605,1.32261,1.32281,2.81,1.00
2018.02.01 15:04:07.138,1.32261,1.32281,2.81,1.25
2018.02.01 15:04:07.655,1.32261,1.3228,2.06,1.00
2018.02.01 15:04:08.190,1.32261,1.32277,1.19,1.00
2018.02.01 15:04:08.242,1.32259,1.32278,1.25,1.19
2018.02.01 15:04:08.293,1.32258,1.32273,1.00,1.00
2018.02.01 15:04:08.345,1.32256,1.32273,1.87,1.25
2018.02.01 15:04:08.527,1.32256,1.32275,1.00,1.25
2018.02.01 15:04:09.078,1.32256,1.32275,1.50,1.25
2018.02.01 15:04:09.631,1.32256,1.32274,2.06,1.00
2018.02.01 15:04:09.684,1.3226,1.32278,1.00,1.19
2018.02.01 15:04:09.843,1.32259,1.32279,1.19,1.00
2018.02.01 15:04:10.155,1.32261,1.32281,2.44,1.00
2018.02.01 15:04:10.525,1.3226,1.32281,2.44,1.19
2018.02.01 15:04:11.210,1.3226,1.3228,2.25,1.19
2018.02.01 15:04:11.466,1.32263,1.32284,2.44,1.19
2018.02.01 15:04:11.569,1.32266,1.32287,3.19,1.19
2018.02.01 15:04:11.876,1.32267,1.32284,1.00,1.25
2018.02.01 15:04:12.049,1.32268,1.32288,1.25,1.69
2018.02.01 15:04:12.103,1.32268,1.32288,1.31,1.50
2018.02.01 15:04:12.312,1.32265,1.32285,1.01,1.69
2018.02.01 15:04:12.365,1.32268,1.32286,1.50,1.19
2018.02.01 15:04:12.766,1.32263,1.3228,1.69,1.00
2018.02.01 15:04:13.229,1.32265,1.32283,1.19,1.50
2018.02.01 15:04:13.822,1.32266,1.32284,1.31,1.00
2018.02.01 15:04:13.989,1.32265,1.32279,1.50,1.37
2018.02.01 15:04:14.147,1.32256,1.32276,1.00,3.00
2018.02.01 15:04:14.199,1.32254,1.32271,1.12,1.19
2018.02.01 15:04:14.252,1.32254,1.32271,1.12,1.25
2018.02.01 15:04:14.522,1.32252,1.32271,2.25,1.25
2018.02.01 15:04:15.038,1.32254,1.32273,3.19,1.00
2018.02.01 15:04:15.585,1.32255,1.32273,1.19,1.00
2018.02.01 15:04:16.129,1.32256,1.32273,1.00,1.19
2018.02.01 15:04:16.686,1.32258,1.32278,1.31,1.00
2018.02.01 15:04:16.739,1.32257,1.32278,1.50,1.19
2018.02.01 15:04:17.258,1.32257,1.32277,1.87,1.19
2018.02.01 15:04:17.760,1.32258,1.32277,1.00,1.19
2018.02.01 15:04:18.000,1.32258,1.32277,1.00,1.25
2018.02.01 15:04:18.102,1.32257,1.32277,2.06,1.19
2018.02.01 15:04:18.491,1.32258,1.32275,1.00,1.19
2018.02.01 15:04:19.085,1.32259,1.32276,1.00,1.19
2018.02.01 15:04:19.138,1.32257,1.32275,1.50,1.25
2018.02.01 15:04:20.385,1.32256,1.32274,1.00,1.19
2018.02.01 15:04:20.489,1.32254,1.32273,1.69,1.19
2018.02.01 15:04:20.541,1.32257,1.32274,1.00,1.25
2018.02.01 15:04:20.886,1.32256,1.32275,1.00,1.31
2018.02.01 15:04:21.397,1.32255,1.32273,1.00,1.19
2018.02.01 15:04:22.048,1.32257,1.32273,1.00,1.19
2018.02.01 15:04:22.640,1.32257,1.32273,1.00,1.19
2018.02.01 15:04:23.178,1.32257,1.32273,1.00,1.25
2018.02.01 15:04:23.739,1.32256,1.32272,1.00,1.00
2018.02.01 15:04:24.739,1.32256,1.32275,1.31,1.00
2018.02.01 15:04:24.957,1.32253,1.32272,1.50,1.25
2018.02.01 15:04:25.785,1.32252,1.32271,1.25,1.00
2018.02.01 15:04:27.236,1.32257,1.32273,1.00,1.19
2018.02.01 15:04:27.340,1.3226,1.32276,1.00,1.50
2018.02.01 15:04:27.540,1.3226,1.32278,1.00,1.25
2018.02.01 15:04:28.076,1.32261,1.32278,1.00,1.25
2018.02.01 15:04:28.130,1.3226,1.32276,1.00,1.00
2018.02.01 15:04:28.371,1.32261,1.32278,1.00,1.69
2018.02.01 15:04:28.669,1.32259,1.32277,1.00,1.25
2018.02.01 15:04:29.082,1.32255,1.32275,1.00,1.19
2018.02.01 15:04:29.135,1.32255,1.32276,1.19,1.19
2018.02.01 15:04:29.188,1.32261,1.32277,1.00,1.19
2018.02.01 15:04:29.287,1.32258,1.32277,1.00,1.69
2018.02.01 15:04:29.339,1.3226,1.32278,1.00,1.19
2018.02.01 15:04:29.547,1.32261,1.32278,1.00,1.19
2018.02.01 15:04:31.359,1.32262,1.32279,1.00,1.19
2018.02.01 15:04:31.666,1.32259,1.32277,1.25,1.25
2018.02.01 15:04:32.210,1.32261,1.32278,1.00,1.25
2018.02.01 15:04:32.261,1.32259,1.32279,1.69,1.69
2018.02.01 15:04:32.313,1.32259,1.32275,1.25,1.00
2018.02.01 15:04:32.778,1.32261,1.3228,1.00,1.19
2018.02.01 15:04:32.901,1.32261,1.32282,1.25,1.19
2018.02.01 15:04:32.954,1.32258,1.32275,1.00,1.25
2018.02.01 15:04:33.267,1.32257,1.32273,1.00,1.00
2018.02.01 15:04:33.606,1.32264,1.3228,1.00,1.19
2018.02.01 15:04:33.811,1.32263,1.32283,2.06,1.69
2018.02.01 15:04:33.863,1.32264,1.32277,1.00,1.19
2018.02.01 15:04:33.915,1.32263,1.32281,1.12,1.31
2018.02.01 15:04:34.085,1.3226,1.32279,1.00,1.19
2018.02.01 15:04:34.136,1.32262,1.3228,1.00,1.19
2018.02.01 15:04:34.188,1.32259,1.3228,3.19,1.19
2018.02.01 15:04:34.546,1.32259,1.32277,1.50,1.19
2018.02.01 15:04:35.369,1.32259,1.32277,2.25,1.19
2018.02.01 15:04:35.524,1.32259,1.32277,2.25,1.00
2018.02.01 15:04:35.824,1.32259,1.32279,1.25,1.00
2018.02.01 15:04:35.938,1.3226,1.32281,1.31,1.69
2018.02.01 15:04:36.198,1.32261,1.32282,1.39,1.19
2018.02.01 15:04:36.475,1.32263,1.32283,1.19,1.25
2018.02.01 15:04:36.941,1.32271,1.32287,1.00,1.12
2018.02.01 15:04:37.045,1.32274,1.32293,1.25,1.19
2018.02.01 15:04:37.300,1.32273,1.32295,1.76,1.69
2018.02.01 15:04:37.638,1.32273,1.32295,1.76,1.69
2018.02.01 15:04:38.882,1.32274,1.32294,1.07,1.19
2018.02.01 15:04:39.223,1.32276,1.32295,1.76,1.25
2018.02.01 15:04:39.739,1.32273,1.32292,1.39,1.69
2018.02.01 15:04:40.046,1.3227,1.32288,1.26,1.00
2018.02.01 15:04:40.547,1.3227,1.32287,1.19,1.00
2018.02.01 15:04:41.097,1.3227,1.32287,1.00,1.00
2018.02.01 15:04:41.895,1.32269,1.32289,1.19,1.25
2018.02.01 15:04:41.946,1.3227,1.32292,1.19,1.31
2018.02.01 15:04:42.494,1.3227,1.3229,1.25,1.25
2018.02.01 15:04:42.853,1.32269,1.32286,1.07,1.00
2018.02.01 15:04:42.957,1.32265,1.32286,1.57,1.69
2018.02.01 15:04:43.486,1.32264,1.32285,1.95,1.19
2018.02.01 15:04:43.643,1.32264,1.32281,1.10,1.00
2018.02.01 15:04:44.124,1.32265,1.32283,1.19,1.00
2018.02.01 15:04:44.228,1.32266,1.32286,2.06,1.50
2018.02.01 15:04:44.487,1.32266,1.32283,1.76,1.00
2018.02.01 15:04:44.644,1.32266,1.32285,1.76,1.00
2018.02.01 15:04:45.162,1.32266,1.32284,2.06,1.00
2018.02.01 15:04:45.571,1.32267,1.32285,1.19,1.00
2018.02.01 15:04:46.001,1.32267,1.32287,1.19,1.25
2018.02.01 15:04:46.157,1.32267,1.32288,1.10,1.69
2018.02.01 15:04:46.209,1.32266,1.32287,1.39,1.00
2018.02.01 15:04:46.712,1.32267,1.32288,1.26,1.69
2018.02.01 15:04:47.417,1.3227,1.32288,1.00,1.25
2018.02.01 15:04:49.139,1.3227,1.32288,1.19,1.00
2018.02.01 15:04:50.121,1.32271,1.3229,1.25,1.25
2018.02.01 15:04:51.723,1.32271,1.32289,1.25,1.00
2018.02.01 15:04:51.826,1.32271,1.32291,1.25,1.12
2018.02.01 15:04:52.360,1.32271,1.3229,1.01,1.00
2018.02.01 15:04:52.978,1.32271,1.32291,1.01,1.12
2018.02.01 15:04:53.584,1.32272,1.32291,1.00,1.87
2018.02.01 15:04:54.318,1.32271,1.32291,1.00,1.19
2018.02.01 15:04:54.420,1.32269,1.32289,1.69,1.00
2018.02.01 15:04:54.944,1.32268,1.3229,3.19,1.19
2018.02.01 15:04:55.476,1.32275,1.32293,1.00,1.19
2018.02.01 15:04:55.872,1.32272,1.32289,1.00,1.19
2018.02.01 15:04:56.303,1.32271,1.32289,1.50,1.19
2018.02.01 15:04:56.820,1.32269,1.32286,1.37,1.25
2018.02.01 15:04:57.356,1.32269,1.32288,1.00,1.19
2018.02.01 15:04:57.885,1.32268,1.32285,1.12,1.00
2018.02.01 15:04:58.490,1.32268,1.32285,1.12,1.19
2018.02.01 15:04:58.825,1.3227,1.32291,1.87,2.51
2018.02.01 15:04:59.287,1.32275,1.32292,1.00,1.25
2018.02.01 15:05:00.095,1.32273,1.32292,1.25,1.69
2018.02.01 15:05:00.198,1.32275,1.32294,1.12,1.19
2018.02.01 15:05:01.268,1.32275,1.32295,2.06,1.25
2018.02.01 15:05:01.319,1.32272,1.32293,2.81,1.25
2018.02.01 15:05:01.372,1.32272,1.3229,1.25,1.00
2018.02.01 15:05:01.731,1.32276,1.32293,1.00,1.29
2018.02.01 15:05:01.833,1.32273,1.32295,2.06,1.69
2018.02.01 15:05:02.077,1.32273,1.32295,2.62,2.06
2018.02.01 15:05:02.850,1.32273,1.32291,1.00,1.19
2018.02.01 15:05:02.902,1.32271,1.32289,1.00,1.19
2018.02.01 15:05:03.004,1.32271,1.32289,1.00,1.31
2018.02.01 15:05:03.158,1.32269,1.32289,1.00,2.06
2018.02.01 15:05:03.540,1.32265,1.32287,3.37,1.69
2018.02.01 15:05:03.796,1.32266,1.32286,1.12,1.31
2018.02.01 15:05:04.330,1.32265,1.32283,1.00,1.25
2018.02.01 15:05:04.636,1.32263,1.32279,1.00,1.19
2018.02.01 15:05:04.688,1.32261,1.3228,1.00,1.31
2018.02.01 15:05:04.746,1.32262,1.32281,1.00,1.19
2018.02.01 15:05:04.852,1.32263,1.32281,1.50,1.19
2018.02.01 15:05:04.905,1.32264,1.32284,1.12,1.19
2018.02.01 15:05:05.069,1.32264,1.3228,1.12,1.25
2018.02.01 15:05:05.173,1.3226,1.32279,1.00,1.69
2018.02.01 15:05:05.225,1.3226,1.32279,1.00,2.06
2018.02.01 15:05:05.329,1.3226,1.32279,1.00,1.69
2018.02.01 15:05:05.879,1.3226,1.3228,1.31,1.25
2018.02.01 15:05:06.189,1.3226,1.32277,1.00,1.19
2018.02.01 15:05:06.241,1.3226,1.32278,1.00,1.69
2018.02.01 15:05:06.478,1.32257,1.32279,1.31,1.19
2018.02.01 15:05:07.025,1.32258,1.32278,2.06,1.19
2018.02.01 15:05:07.256,1.32257,1.32278,1.00,2.25
2018.02.01 15:05:07.512,1.32257,1.32278,1.00,1.56
2018.02.01 15:05:07.818,1.32257,1.32278,1.25,1.19
2018.02.01 15:05:08.022,1.32259,1.32278,1.00,1.19
2018.02.01 15:05:08.159,1.32259,1.32278,1.31,1.25
2018.02.01 15:05:08.364,1.32259,1.32278,1.12,1.19
2018.02.01 15:05:09.821,1.32259,1.32278,1.12,1.19
2018.02.01 15:05:09.924,1.32257,1.32278,1.25,1.19
2018.02.01 15:05:09.976,1.32257,1.32274,1.00,1.19
2018.02.01 15:05:11.304,1.32257,1.32274,1.00,1.19
2018.02.01 15:05:11.536,1.32257,1.32276,1.00,1.69
2018.02.01 15:05:12.349,1.32252,1.32274,1.87,2.81
2018.02.01 15:05:12.452,1.3225,1.32271,1.25,1.19
2018.02.01 15:05:12.503,1.32249,1.32268,1.00,1.19
2018.02.01 15:05:13.032,1.32249,1.32267,1.00,1.25
2018.02.01 15:05:13.356,1.32252,1.3227,1.00,1.25
2018.02.01 15:05:13.667,1.32249,1.32267,1.00,1.19
2018.02.01 15:05:13.824,1.32253,1.32271,1.00,3.00
2018.02.01 15:05:14.047,1.32252,1.32272,1.25,1.25
2018.02.01 15:05:14.561,1.32253,1.32272,1.00,1.25
2018.02.01 15:05:14.614,1.32251,1.32267,1.12,1.00
2018.02.01 15:05:15.120,1.3225,1.32271,1.87,1.69
2018.02.01 15:05:15.431,1.32249,1.32267,1.50,1.19
2018.02.01 15:05:15.487,1.32252,1.32272,1.00,1.31
2018.02.01 15:05:16.136,1.32254,1.32273,1.37,1.19
2018.02.01 15:05:16.188,1.32252,1.32275,1.69,1.31
2018.02.01 15:05:16.446,1.32251,1.32272,1.87,1.19
2018.02.01 15:05:16.929,1.32253,1.32272,1.00,1.19
2018.02.01 15:05:17.665,1.32251,1.3227,1.87,1.19
2018.02.01 15:05:17.927,1.32255,1.32274,1.19,1.37
2018.02.01 15:05:18.030,1.32257,1.32277,1.69,1.25
2018.02.01 15:05:18.722,1.32257,1.32278,1.69,1.19
2018.02.01 15:05:19.323,1.3226,1.32279,1.19,1.00
2018.02.01 15:05:19.375,1.3226,1.32279,1.25,1.19
2018.02.01 15:05:19.627,1.32261,1.3228,1.31,1.69
2018.02.01 15:05:20.849,1.3226,1.32279,1.25,1.25
2018.02.01 15:05:21.127,1.32257,1.32276,1.31,1.25
2018.02.01 15:05:21.475,1.32256,1.32276,2.70,1.69
2018.02.01 15:05:21.526,1.32257,1.32276,2.14,1.25
2018.02.01 15:05:21.577,1.32257,1.32276,1.20,1.19
2018.02.01 15:05:21.883,1.32253,1.32273,1.20,1.31
2018.02.01 15:05:21.937,1.32252,1.32273,1.57,1.31
2018.02.01 15:05:22.837,1.32254,1.32273,1.01,1.19
2018.02.01 15:05:23.344,1.32255,1.32274,1.00,1.19
2018.02.01 15:05:23.446,1.32255,1.32276,1.10,1.19
2018.02.01 15:05:23.753,1.32255,1.32276,1.57,1.56
2018.02.01 15:05:24.066,1.32255,1.32274,1.69,1.19
2018.02.01 15:05:24.606,1.32255,1.32274,1.10,1.19
2018.02.01 15:05:25.167,1.32255,1.32274,1.10,1.19
2018.02.01 15:05:25.530,1.32254,1.32272,1.20,1.19
2018.02.01 15:05:25.583,1.32251,1.32272,3.82,1.19
2018.02.01 15:05:25.686,1.32251,1.32272,2.32,1.19
2018.02.01 15:05:26.234,1.32252,1.32272,1.01,1.19
2018.02.01 15:05:26.785,1.32251,1.32272,1.20,1.69
2018.02.01 15:05:27.010,1.32254,1.32275,1.19,3.19
2018.02.01 15:05:27.218,1.32256,1.32275,1.70,1.19
2018.02.01 15:05:27.271,1.32258,1.32277,1.25,3.19
2018.02.01 15:05:27.582,1.32256,1.32274,1.45,1.00
2018.02.01 15:05:27.792,1.32258,1.32277,1.00,1.69
2018.02.01 15:05:28.313,1.32257,1.32275,1.31,1.00
2018.02.01 15:05:28.571,1.32256,1.32275,1.10,1.56
2018.02.01 15:05:28.781,1.32255,1.32274,1.00,1.19
2018.02.01 15:05:29.309,1.32254,1.32273,1.00,1.25
2018.02.01 15:05:29.361,1.32253,1.32273,2.32,1.19
2018.02.01 15:05:30.759,1.32253,1.32272,1.25,1.25
2018.02.01 15:05:31.090,1.32251,1.3227,3.26,1.00
2018.02.01 15:05:31.594,1.32252,1.32271,1.01,1.00
2018.02.01 15:05:32.117,1.32251,1.3227,2.14,1.00
2018.02.01 15:05:32.327,1.32253,1.32272,1.50,1.25
2018.02.01 15:05:32.697,1.32255,1.32273,1.00,1.19
2018.02.01 15:05:33.409,1.32255,1.32274,1.10,1.19
2018.02.01 15:05:34.013,1.32254,1.32273,1.10,2.06
2018.02.01 15:05:34.118,1.32252,1.32271,1.01,1.25
2018.02.01 15:05:34.225,1.32254,1.32273,1.25,1.69
2018.02.01 15:05:35.069,1.32255,1.32275,1.00,1.19
2018.02.01 15:05:35.617,1.32254,1.32273,1.95,1.19
2018.02.01 15:05:36.499,1.32254,1.32273,1.12,1.19
2018.02.01 15:05:36.808,1.32254,1.32273,1.39,1.00
2018.02.01 15:05:37.129,1.32252,1.32275,1.39,2.06
2018.02.01 15:05:37.931,1.32252,1.32272,1.39,1.19
2018.02.01 15:05:38.267,1.32251,1.32269,1.57,1.19
2018.02.01 15:05:38.370,1.3225,1.3227,1.12,1.19
2018.02.01 15:05:39.304,1.32251,1.32271,1.00,1.31
2018.02.01 15:05:39.355,1.32251,1.32271,1.95,1.19
2018.02.01 15:05:39.462,1.32251,1.32269,1.95,1.19
2018.02.01 15:05:39.514,1.32251,1.32269,2.14,1.00
2018.02.01 15:05:40.060,1.32251,1.32272,2.14,1.69
2018.02.01 15:05:40.351,1.32253,1.32273,1.00,2.81
2018.02.01 15:05:40.716,1.32254,1.32273,1.00,1.69
2018.02.01 15:05:40.771,1.32251,1.3227,2.89,1.00
2018.02.01 15:05:40.925,1.32251,1.32273,3.64,1.69
2018.02.01 15:05:41.742,1.32251,1.32273,2.89,1.19
2018.02.01 15:05:41.895,1.32254,1.32275,1.69,1.31
2018.02.01 15:05:42.425,1.32255,1.32274,1.00,1.25
2018.02.01 15:05:43.036,1.32255,1.32274,1.00,1.19
2018.02.01 15:05:43.561,1.32254,1.32275,1.32,1.19
2018.02.01 15:05:44.102,1.32257,1.32275,1.00,1.19
2018.02.01 15:05:44.619,1.32255,1.32275,1.32,1.19
2018.02.01 15:05:45.266,1.32256,1.32275,1.10,1.19
2018.02.01 15:05:45.320,1.32255,1.32276,1.32,1.19
2018.02.01 15:05:45.371,1.32254,1.32276,1.57,2.06
2018.02.01 15:05:45.579,1.32259,1.32279,1.10,2.44
2018.02.01 15:05:45.633,1.32261,1.3228,1.00,1.19
2018.02.01 15:05:46.347,1.32263,1.32281,1.00,1.69
2018.02.01 15:05:47.856,1.32261,1.32281,1.07,1.19
2018.02.01 15:05:47.908,1.32261,1.3228,1.07,1.19
2018.02.01 15:05:48.014,1.32258,1.32278,2.70,1.25
2018.02.01 15:05:48.067,1.32256,1.32275,1.57,1.25
2018.02.01 15:05:48.379,1.32261,1.3228,1.00,1.69
2018.02.01 15:05:49.183,1.32261,1.3228,1.10,1.69
2018.02.01 15:05:49.686,1.32259,1.32278,1.20,1.25
2018.02.01 15:05:50.056,1.32258,1.32274,1.07,1.19
2018.02.01 15:05:50.109,1.3226,1.32277,1.00,1.25
2018.02.01 15:05:50.216,1.32257,1.32277,1.39,2.06
2018.02.01 15:05:50.649,1.32255,1.32276,1.57,1.31
2018.02.01 15:05:50.946,1.32257,1.32277,1.01,1.69
2018.02.01 15:05:51.137,1.32259,1.3228,1.26,1.19
2018.02.01 15:05:51.442,1.3226,1.32279,1.07,1.19
2018.02.01 15:05:51.984,1.32259,1.32279,1.39,1.69
2018.02.01 15:05:52.242,1.3226,1.3228,1.32,2.44
2018.02.01 15:05:52.294,1.32264,1.3228,1.00,1.00
2018.02.01 15:05:52.347,1.32264,1.32283,1.00,1.69
2018.02.01 15:05:52.498,1.32263,1.32281,1.10,1.19
2018.02.01 15:05:53.308,1.32263,1.32283,1.19,1.19
2018.02.01 15:05:53.906,1.32264,1.32282,1.00,1.69
2018.02.01 15:05:54.439,1.32263,1.32281,1.10,1.25
2018.02.01 15:05:54.844,1.32262,1.3228,1.00,1.19
2018.02.01 15:05:55.350,1.32261,1.3228,1.07,1.19
2018.02.01 15:05:55.485,1.32261,1.3228,1.10,1.19
2018.02.01 15:05:56.070,1.32261,1.3228,1.07,1.19
2018.02.01 15:05:56.507,1.32262,1.32281,1.29,1.25
2018.02.01 15:05:57.446,1.32261,1.3228,1.07,1.19
2018.02.01 15:05:57.752,1.32259,1.32277,1.10,1.19
2018.02.01 15:05:58.579,1.32258,1.32276,1.07,1.19
2018.02.01 15:05:58.858,1.32257,1.32275,1.57,1.25
2018.02.01 15:05:59.152,1.32257,1.32276,1.07,1.19
2018.02.01 15:05:59.855,1.32258,1.32277,1.07,2.44
2018.02.01 15:06:00.023,1.32259,1.3228,1.76,1.69
2018.02.01 15:06:00.329,1.32261,1.32278,1.25,1.00
2018.02.01 15:06:00.740,1.32262,1.32282,1.10,1.19
2018.02.01 15:06:01.550,1.32261,1.32281,1.07,1.69
2018.02.01 15:06:02.182,1.32261,1.32281,1.00,1.19
2018.02.01 15:06:03.013,1.32259,1.32278,1.10,1.25
2018.02.01 15:06:03.435,1.32259,1.32277,1.29,1.00
2018.02.01 15:06:03.794,1.3226,1.3228,1.29,2.06
2018.02.01 15:06:04.501,1.32261,1.32281,1.32,2.06
2018.02.01 15:06:04.898,1.32261,1.32281,1.29,1.50
2018.02.01 15:06:05.666,1.32263,1.32284,1.31,3.00
2018.02.01 15:06:05.718,1.32262,1.32282,1.12,1.19
2018.02.01 15:06:06.264,1.32261,1.32282,1.07,1.19
2018.02.01 15:06:06.848,1.32261,1.32282,1.10,1.19
2018.02.01 15:06:07.333,1.32262,1.32283,1.29,1.19
2018.02.01 15:06:07.724,1.32265,1.32285,1.07,1.19
2018.02.01 15:06:08.233,1.32264,1.32286,1.76,2.06
2018.02.01 15:06:08.738,1.32266,1.32284,1.10,1.19
2018.02.01 15:06:09.516,1.32264,1.32284,1.76,1.25
2018.02.01 15:06:10.663,1.32265,1.32285,1.26,1.00
2018.02.01 15:06:11.775,1.32266,1.32284,1.10,1.00
2018.02.01 15:06:12.364,1.32266,1.32284,1.10,1.19
2018.02.01 15:06:12.755,1.32264,1.32281,1.07,1.00
2018.02.01 15:06:13.761,1.32268,1.32286,1.25,1.00
2018.02.01 15:06:13.866,1.32267,1.32282,1.10,1.00
2018.02.01 15:06:14.079,1.32264,1.32282,1.00,1.00
2018.02.01 15:06:14.575,1.32268,1.32286,1.00,1.19
2018.02.01 15:06:14.677,1.3227,1.32289,1.25,3.56
2018.02.01 15:06:15.126,1.32269,1.32289,1.26,1.00
2018.02.01 15:06:15.382,1.32265,1.32286,1.26,1.69
2018.02.01 15:06:15.575,1.32265,1.32284,1.07,1.19
2018.02.01 15:06:15.894,1.32265,1.32285,1.10,1.19
2018.02.01 15:06:16.049,1.32265,1.32285,1.07,1.19
2018.02.01 15:06:16.465,1.32264,1.32284,1.76,1.69
2018.02.01 15:06:16.930,1.32261,1.32281,1.76,1.25
2018.02.01 15:06:17.601,1.32262,1.32282,1.07,1.19
2018.02.01 15:06:17.808,1.3226,1.3228,1.76,1.25
2018.02.01 15:06:18.276,1.3226,1.32279,1.57,1.19
2018.02.01 15:06:18.801,1.3226,1.32279,1.00,1.19
2018.02.01 15:06:19.290,1.32258,1.32277,1.32,1.19
2018.02.01 15:06:19.394,1.32255,1.32274,1.76,1.00
2018.02.01 15:06:19.446,1.32255,1.32273,1.50,1.25
2018.02.01 15:06:19.856,1.32256,1.32276,1.07,1.19
2018.02.01 15:06:19.959,1.32258,1.32277,1.00,1.69
2018.02.01 15:06:20.480,1.32259,1.32277,1.25,1.00
2018.02.01 15:06:22.019,1.32257,1.32277,2.32,1.19
2018.02.01 15:06:22.627,1.32257,1.32276,1.57,1.19
2018.02.01 15:06:23.072,1.32253,1.32271,1.32,1.25
2018.02.01 15:06:23.189,1.32255,1.32275,1.76,1.69
2018.02.01 15:06:23.525,1.32252,1.3227,2.51,1.25
2018.02.01 15:06:23.846,1.32257,1.32275,1.00,3.19
2018.02.01 15:06:23.897,1.32257,1.32275,1.00,2.44
2018.02.01 15:06:24.053,1.32256,1.32274,1.76,1.00
2018.02.01 15:06:24.575,1.32256,1.32275,1.76,1.00
2018.02.01 15:06:24.969,1.32256,1.32275,1.76,1.00
2018.02.01 15:06:25.072,1.32256,1.32275,1.26,1.00
2018.02.01 15:06:25.384,1.32256,1.32273,1.26,1.00
2018.02.01 15:06:25.589,1.32256,1.32275,1.00,1.25
2018.02.01 15:06:25.640,1.32255,1.32276,1.57,1.31
2018.02.01 15:06:25.925,1.32252,1.32272,1.69,1.25
2018.02.01 15:06:26.133,1.32252,1.3227,1.10,1.00
2018.02.01 15:06:26.671,1.32252,1.32271,1.57,1.25
2018.02.01 15:06:27.368,1.32252,1.32271,1.69,1.25
2018.02.01 15:06:28.076,1.32252,1.3227,1.69,1.00
2018.02.01 15:06:28.232,1.32258,1.32277,1.25,1.50
2018.02.01 15:06:28.542,1.32257,1.32275,1.25,1.00
2018.02.01 15:06:28.864,1.32253,1.32271,1.00,1.25
2018.02.01 15:06:29.222,1.32256,1.32274,1.00,1.19
2018.02.01 15:06:29.276,1.32256,1.32276,1.00,1.19
2018.02.01 15:06:29.328,1.3226,1.32277,1.00,1.31
2018.02.01 15:06:30.571,1.32258,1.32277,1.00,1.56
2018.02.01 15:06:31.117,1.32258,1.32277,1.00,1.31
2018.02.01 15:06:31.808,1.32254,1.3227,1.00,1.25
2018.02.01 15:06:32.319,1.32253,1.3227,1.00,1.00
2018.02.01 15:06:32.675,1.32252,1.3227,1.10,1.19
2018.02.01 15:06:32.997,1.32254,1.32272,1.00,1.69
2018.02.01 15:06:33.271,1.32252,1.32269,1.57,1.25
2018.02.01 15:06:33.583,1.32254,1.32271,1.00,1.25
2018.02.01 15:06:34.465,1.32254,1.32272,1.00,1.25
2018.02.01 15:06:34.780,1.32257,1.32273,1.00,1.19
2018.02.01 15:06:35.654,1.32255,1.32273,1.00,1.19
2018.02.01 15:06:35.923,1.32257,1.32275,1.00,1.69
2018.02.01 15:06:35.975,1.32258,1.32275,1.00,1.00
2018.02.01 15:06:36.443,1.32253,1.3227,1.57,1.25
2018.02.01 15:06:36.629,1.32251,1.32269,1.07,1.25
2018.02.01 15:06:37.205,1.32253,1.3227,1.00,1.19
2018.02.01 15:06:37.513,1.32256,1.32273,1.00,1.25
2018.02.01 15:06:38.038,1.32256,1.32273,1.00,1.19
2018.02.01 15:06:38.089,1.32258,1.32274,1.00,1.00
2018.02.01 15:06:38.446,1.3226,1.32276,1.00,1.69
2018.02.01 15:06:38.549,1.32261,1.32279,1.00,1.69
2018.02.01 15:06:38.837,1.32261,1.32279,1.00,1.69
2018.02.01 15:06:38.889,1.3226,1.32277,1.00,1.00
2018.02.01 15:06:39.396,1.32259,1.32276,1.25,1.00
2018.02.01 15:06:39.724,1.32257,1.32274,1.19,1.12
2018.02.01 15:06:40.222,1.32256,1.32274,1.25,2.06
2018.02.01 15:06:40.755,1.32257,1.32274,1.00,2.06
2018.02.01 15:06:41.014,1.32258,1.32274,1.00,1.19
2018.02.01 15:06:41.169,1.3226,1.32277,1.25,1.12
2018.02.01 15:06:41.408,1.32261,1.32278,1.00,1.19
2018.02.01 15:06:41.460,1.32257,1.32276,1.32,1.19
2018.02.01 15:06:42.006,1.32259,1.32278,1.00,1.56
2018.02.01 15:06:43.113,1.32259,1.32278,1.00,1.25
2018.02.01 15:06:43.616,1.3226,1.32278,1.00,1.19
2018.02.01 15:06:44.146,1.32259,1.32278,1.00,1.19
2018.02.01 15:06:44.849,1.32259,1.32278,1.10,1.25
2018.02.01 15:06:46.208,1.3226,1.32279,1.00,2.44
2018.02.01 15:06:46.260,1.32264,1.32284,1.00,3.19
2018.02.01 15:06:46.522,1.32265,1.32283,1.00,1.19
2018.02.01 15:06:46.575,1.32263,1.3228,1.07,1.25
2018.02.01 15:06:46.628,1.32265,1.32283,1.00,1.31
2018.02.01 15:06:46.939,1.32266,1.32282,1.00,1.19
2018.02.01 15:06:46.992,1.32263,1.32282,1.00,1.19
2018.02.01 15:06:47.540,1.32265,1.32282,1.00,1.19
2018.02.01 15:06:47.796,1.3227,1.32287,1.00,1.25
2018.02.01 15:06:47.950,1.32271,1.32291,3.19,1.12
2018.02.01 15:06:48.154,1.32273,1.32291,1.10,1.19
2018.02.01 15:06:48.700,1.32271,1.32288,1.76,1.00
2018.02.01 15:06:49.211,1.32271,1.32287,1.25,1.00
2018.02.01 15:06:49.418,1.32269,1.32288,1.00,1.19
2018.02.01 15:06:49.470,1.32271,1.32288,1.00,1.19
2018.02.01 15:06:50.016,1.3227,1.32288,1.00,1.19
2018.02.01 15:06:50.330,1.32272,1.32289,1.00,1.25
2018.02.01 15:06:50.609,1.32272,1.32291,1.01,1.00
2018.02.01 15:06:50.763,1.32274,1.32291,1.00,1.00
2018.02.01 15:06:51.370,1.32275,1.32292,1.00,1.25
2018.02.01 15:06:51.680,1.32272,1.32289,1.00,1.00
2018.02.01 15:06:52.218,1.32271,1.3229,1.25,1.25
2018.02.01 15:06:52.528,1.32269,1.32288,1.31,1.25
2018.02.01 15:06:53.031,1.32271,1.32288,1.25,1.00
2018.02.01 15:06:53.537,1.32269,1.3228,1.12,1.19
2018.02.01 15:06:53.642,1.32262,1.32279,1.50,1.00
2018.02.01 15:06:53.831,1.32264,1.32283,1.19,1.25
2018.02.01 15:06:54.388,1.32264,1.32283,1.00,1.19
2018.02.01 15:06:54.629,1.32268,1.32286,1.00,1.19
2018.02.01 15:06:54.941,1.32264,1.3228,2.32,1.19
2018.02.01 15:06:54.993,1.32264,1.32281,1.57,1.19
2018.02.01 15:06:56.044,1.32265,1.32283,1.00,2.44
2018.02.01 15:06:56.592,1.32265,1.32283,1.00,1.69
2018.02.01 15:06:57.156,1.32261,1.3228,2.14,1.25
2018.02.01 15:06:57.464,1.32259,1.32277,1.69,1.00
2018.02.01 15:06:57.805,1.32256,1.32273,1.76,1.00
2018.02.01 15:06:57.857,1.32256,1.32273,1.76,1.00
2018.02.01 15:06:58.168,1.32258,1.32274,1.19,1.00
2018.02.01 15:06:58.452,1.32264,1.32281,1.00,1.69
2018.02.01 15:06:58.970,1.32262,1.32278,1.00,1.00
2018.02.01 15:06:59.023,1.3226,1.32277,1.00,1.25
2018.02.01 15:06:59.527,1.32261,1.32278,1.00,1.00
2018.02.01 15:07:00.039,1.32261,1.32277,1.00,1.00
2018.02.01 15:07:00.547,1.3226,1.32276,1.25,1.00
2018.02.01 15:07:01.136,1.32258,1.32277,1.76,1.00
2018.02.01 15:07:01.188,1.32258,1.32275,1.76,1.00
2018.02.01 15:07:02.129,1.32258,1.32277,1.19,1.25
2018.02.01 15:07:02.181,1.32256,1.32273,1.57,1.19
2018.02.01 15:07:02.234,1.32254,1.32271,2.25,1.25
2018.02.01 15:07:02.288,1.32252,1.32267,1.00,1.00
2018.02.01 15:07:02.340,1.32253,1.3227,1.00,1.00
2018.02.01 15:07:02.639,1.32251,1.32268,1.00,1.00
2018.02.01 15:07:02.694,1.32253,1.32269,1.00,1.00
2018.02.01 15:07:03.104,1.32254,1.32273,1.19,1.12
2018.02.01 15:07:03.260,1.3225,1.32269,1.00,1.25
2018.02.01 15:07:03.760,1.3225,1.32267,1.00,1.19
2018.02.01 15:07:04.382,1.32249,1.32266,1.00,1.25
2018.02.01 15:07:05.329,1.32249,1.32265,1.25,1.00
2018.02.01 15:07:05.586,1.3225,1.32267,1.00,1.25
2018.02.01 15:07:06.071,1.32249,1.32265,1.00,1.25
2018.02.01 15:07:06.377,1.32247,1.32265,1.00,1.19
2018.02.01 15:07:06.757,1.32243,1.32261,1.10,1.00
2018.02.01 15:07:07.038,1.32249,1.32264,1.00,1.69
2018.02.01 15:07:07.192,1.32248,1.32266,1.00,1.00
2018.02.01 15:07:08.217,1.32249,1.32266,1.00,1.25
2018.02.01 15:07:08.320,1.32251,1.32268,1.00,1.19
2018.02.01 15:07:08.861,1.3225,1.32267,1.00,1.19
2018.02.01 15:07:09.424,1.3225,1.32267,1.00,1.19
2018.02.01 15:07:09.634,1.32252,1.32269,1.00,1.69
2018.02.01 15:07:10.969,1.32252,1.32272,1.00,1.19
2018.02.01 15:07:11.021,1.32254,1.32272,1.00,1.19
2018.02.01 15:07:11.531,1.32255,1.32272,1.00,1.19
2018.02.01 15:07:11.838,1.32255,1.32271,1.00,1.19
2018.02.01 15:07:11.889,1.32253,1.3227,1.00,1.19
2018.02.01 15:07:11.941,1.32251,1.3227,1.50,1.19
2018.02.01 15:07:13.135,1.32252,1.32268,1.00,1.00
2018.02.01 15:07:13.639,1.32251,1.32268,1.00,1.00
2018.02.01 15:07:14.672,1.32252,1.32268,1.00,1.00
2018.02.01 15:07:15.384,1.32252,1.32268,1.00,1.19
2018.02.01 15:07:15.872,1.32249,1.32268,1.00,1.19
2018.02.01 15:07:16.259,1.32248,1.32265,1.00,1.25
2018.02.01 15:07:16.663,1.32247,1.32265,1.00,1.19
2018.02.01 15:07:17.173,1.32246,1.32265,1.00,1.19
2018.02.01 15:07:18.336,1.32244,1.32263,1.69,1.25
2018.02.01 15:07:18.388,1.32243,1.32262,1.50,1.19
2018.02.01 15:07:18.699,1.32242,1.3226,1.00,1.19
2018.02.01 15:07:19.246,1.32241,1.32257,1.25,1.00
2018.02.01 15:07:19.571,1.32239,1.32255,1.00,1.00
2018.02.01 15:07:20.160,1.32239,1.32256,1.25,1.00
2018.02.01 15:07:20.670,1.32239,1.32255,1.00,1.25
2018.02.01 15:07:21.230,1.32239,1.32257,1.00,1.00
2018.02.01 15:07:21.422,1.32241,1.32257,1.25,1.00
2018.02.01 15:07:21.474,1.32241,1.32259,1.25,1.00
2018.02.01 15:07:21.526,1.32243,1.32261,1.00,1.31
2018.02.01 15:07:21.833,1.32239,1.32257,1.00,1.00
2018.02.01 15:07:22.169,1.32246,1.32263,1.00,1.50
2018.02.01 15:07:22.490,1.3225,1.32268,1.00,1.69
2018.02.01 15:07:22.795,1.32252,1.32268,1.00,1.00
2018.02.01 15:07:22.885,1.32249,1.32268,1.00,1.19
2018.02.01 15:07:23.436,1.3225,1.32268,1.00,1.19
2018.02.01 15:07:24.353,1.3225,1.32268,1.00,1.19
2018.02.01 15:07:24.675,1.32251,1.32269,1.19,1.00
2018.02.01 15:07:24.727,1.3225,1.32267,1.19,1.00
2018.02.01 15:07:24.931,1.32252,1.32269,1.25,1.00
2018.02.01 15:07:25.781,1.32255,1.32274,1.00,3.56
2018.02.01 15:07:25.833,1.32257,1.32274,1.00,2.06
2018.02.01 15:07:26.517,1.32255,1.32273,1.00,1.25
2018.02.01 15:07:27.026,1.32256,1.32273,1.00,1.25
2018.02.01 15:07:27.564,1.32256,1.32273,1.00,1.19
2018.02.01 15:07:27.615,1.32252,1.32269,1.25,1.00
2018.02.01 15:07:27.769,1.32254,1.32271,1.00,1.19
2018.02.01 15:07:28.201,1.32251,1.32271,1.69,1.25
2018.02.01 15:07:28.253,1.32254,1.3227,1.00,1.00
2018.02.01 15:07:28.406,1.32252,1.32269,1.00,1.00
2018.02.01 15:07:28.935,1.32253,1.3227,1.00,1.25
2018.02.01 15:07:29.586,1.32254,1.3227,1.00,1.25
2018.02.01 15:07:29.691,1.32252,1.3227,1.25,1.25
2018.02.01 15:07:30.098,1.32253,1.3227,1.00,1.19
2018.02.01 15:07:30.202,1.32251,1.3227,1.00,1.19
2018.02.01 15:07:30.744,1.32251,1.32267,1.00,1.00
2018.02.01 15:07:31.267,1.32251,1.32269,1.00,1.19
2018.02.01 15:07:31.773,1.32252,1.32269,1.00,1.19
2018.02.01 15:07:32.319,1.32251,1.32268,1.00,1.25
2018.02.01 15:07:32.832,1.32251,1.32268,1.00,1.19
2018.02.01 15:07:32.884,1.32254,1.32272,1.00,1.19
2018.02.01 15:07:33.089,1.32252,1.32271,1.00,1.19
2018.02.01 15:07:33.191,1.32254,1.3227,1.00,1.25
2018.02.01 15:07:33.697,1.32253,1.3227,1.00,1.25
2018.02.01 15:07:34.228,1.3225,1.32267,1.25,1.00
2018.02.01 15:07:34.691,1.3225,1.32269,1.25,1.69
2018.02.01 15:07:35.017,1.32251,1.32268,1.19,1.00
2018.02.01 15:07:35.069,1.32253,1.3227,1.00,1.25
2018.02.01 15:07:35.121,1.32255,1.32272,1.00,1.69
2018.02.01 15:07:35.497,1.32251,1.32267,1.50,1.00
2018.02.01 15:07:35.814,1.32249,1.32268,1.50,1.19
2018.02.01 15:07:35.866,1.32251,1.3227,1.00,2.44
2018.02.01 15:07:35.917,1.32251,1.32269,1.00,1.19
2018.02.01 15:07:37.447,1.32246,1.32265,1.50,1.19
2018.02.01 15:07:37.956,1.32247,1.32266,1.00,1.31
2018.02.01 15:07:38.488,1.32246,1.32265,1.50,1.19
2018.02.01 15:07:38.540,1.32246,1.32264,1.00,1.19
2018.02.01 15:07:38.845,1.32244,1.32264,1.50,1.31
2018.02.01 15:07:38.897,1.32243,1.32264,2.62,3.00
2018.02.01 15:07:39.074,1.32241,1.32261,1.50,1.31
2018.02.01 15:07:39.431,1.32239,1.32255,1.25,1.00
2018.02.01 15:07:39.804,1.32237,1.32255,1.00,1.56
2018.02.01 15:07:39.857,1.32235,1.32254,1.00,1.31
2018.02.01 15:07:39.910,1.32233,1.32251,1.00,1.19
2018.02.01 15:07:39.970,1.3223,1.32248,2.25,1.19
2018.02.01 15:07:40.281,1.32232,1.3225,1.00,1.69
2018.02.01 15:07:40.472,1.32233,1.3225,1.00,1.69
2018.02.01 15:07:40.627,1.32235,1.32252,1.00,1.19
2018.02.01 15:07:40.885,1.32232,1.32251,1.00,1.19
2018.02.01 15:07:41.395,1.32231,1.3225,1.50,1.19
2018.02.01 15:07:41.916,1.3223,1.32248,2.25,1.25
2018.02.01 15:07:43.193,1.32231,1.32247,1.00,1.00
2018.02.01 15:07:43.341,1.32231,1.32249,1.00,1.31
2018.02.01 15:07:43.549,1.32233,1.3225,1.00,1.19
2018.02.01 15:07:43.602,1.32233,1.3225,1.00,1.00
2018.02.01 15:07:43.864,1.32237,1.32254,1.00,1.25
2018.02.01 15:07:44.209,1.32239,1.32256,1.00,1.19
2018.02.01 15:07:44.486,1.32237,1.32256,1.00,1.19
2018.02.01 15:07:44.994,1.32238,1.32257,1.00,2.81
2018.02.01 15:07:45.160,1.32242,1.32257,1.00,1.00
2018.02.01 15:07:45.211,1.32243,1.32259,1.00,2.06
2018.02.01 15:07:45.720,1.32242,1.32259,1.00,1.25
2018.02.01 15:07:46.340,1.32242,1.32259,1.00,1.19
2018.02.01 15:07:46.848,1.32241,1.3226,1.00,1.31
2018.02.01 15:07:47.606,1.32241,1.3226,1.00,1.19
2018.02.01 15:07:47.910,1.32238,1.32255,1.50,1.19
2018.02.01 15:07:47.961,1.32241,1.32258,1.87,1.25
2018.02.01 15:07:48.476,1.32242,1.32259,1.00,1.19
2018.02.01 15:07:49.057,1.32241,1.32259,1.00,1.19
2018.02.01 15:07:49.585,1.3224,1.32259,1.00,1.25
2018.02.01 15:07:50.005,1.32239,1.32256,1.69,1.00
2018.02.01 15:07:50.314,1.32242,1.32258,1.00,1.00
2018.02.01 15:07:50.615,1.32249,1.32264,1.00,1.00
2018.02.01 15:07:51.031,1.32254,1.32267,1.00,1.50
2018.02.01 15:07:51.083,1.32253,1.3227,1.00,1.31
2018.02.01 15:07:51.186,1.32252,1.32269,1.00,1.19
2018.02.01 15:07:51.465,1.32247,1.3227,2.62,4.69
2018.02.01 15:07:51.517,1.32247,1.32267,1.00,1.56
2018.02.01 15:07:51.569,1.32246,1.32267,1.69,1.19
2018.02.01 15:07:51.623,1.32246,1.32263,1.19,1.00
2018.02.01 15:07:51.987,1.32249,1.32265,1.00,1.37
2018.02.01 15:07:52.193,1.3225,1.32267,1.00,1.50
2018.02.01 15:07:52.764,1.32251,1.32267,1.00,1.00
2018.02.01 15:07:53.200,1.3225,1.32269,1.00,1.25
2018.02.01 15:07:53.467,1.32249,1.32267,1.00,1.00
2018.02.01 15:07:53.912,1.32252,1.32271,1.69,1.87
2018.02.01 15:07:54.229,1.32249,1.32266,1.50,1.00
2018.02.01 15:07:54.756,1.3225,1.32267,1.00,1.25
2018.02.01 15:07:55.311,1.32253,1.32271,1.00,1.69
2018.02.01 15:07:55.621,1.32256,1.32273,1.00,2.81
2018.02.01 15:07:55.974,1.32258,1.32275,1.00,1.00
2018.02.01 15:07:56.572,1.32258,1.32277,1.00,3.19
2018.02.01 15:07:57.088,1.32258,1.32277,1.00,2.06
2018.02.01 15:07:57.654,1.32255,1.32276,1.69,1.00
2018.02.01 15:07:57.758,1.32259,1.32276,1.00,1.00
2018.02.01 15:07:58.214,1.32263,1.32279,1.00,1.37
2018.02.01 15:07:58.319,1.32265,1.32284,1.25,3.37
2018.02.01 15:07:58.372,1.32262,1.32281,2.44,1.25
2018.02.01 15:07:58.675,1.32265,1.32282,1.00,1.19
2018.02.01 15:07:58.727,1.32267,1.32284,1.00,1.00
2018.02.01 15:07:59.274,1.32264,1.32283,1.25,1.25
2018.02.01 15:07:59.327,1.32263,1.32282,1.00,2.06
2018.02.01 15:07:59.758,1.32263,1.3228,1.00,1.19
2018.02.01 15:07:59.811,1.32265,1.32282,1.00,2.81
2018.02.01 15:08:00.177,1.32267,1.32283,1.00,1.12
2018.02.01 15:08:00.452,1.32265,1.32283,1.00,1.87
2018.02.01 15:08:00.727,1.32267,1.32284,1.00,1.00
2018.02.01 15:08:01.189,1.32265,1.32284,1.00,1.69
2018.02.01 15:08:01.240,1.32261,1.32279,1.57,1.19
2018.02.01 15:08:01.292,1.32261,1.3228,1.50,1.31
2018.02.01 15:08:01.344,1.32262,1.32279,1.00,1.31
2018.02.01 15:08:01.497,1.32263,1.32281,1.00,1.31
2018.02.01 15:08:01.548,1.32265,1.32282,1.00,1.25
2018.02.01 15:08:01.723,1.32259,1.32278,1.19,1.00
2018.02.01 15:08:02.031,1.32264,1.32281,1.00,1.12
2018.02.01 15:08:02.512,1.32262,1.3228,1.25,1.00
2018.02.01 15:08:02.565,1.32259,1.32276,1.69,1.00
2018.02.01 15:08:02.823,1.3226,1.32279,1.25,1.69
2018.02.01 15:08:03.062,1.32259,1.32276,1.25,1.00
2018.02.01 15:08:03.569,1.32258,1.32277,1.00,2.06
2018.02.01 15:08:04.219,1.32258,1.32277,1.00,1.19
2018.02.01 15:08:04.765,1.32257,1.32276,1.25,1.25
2018.02.01 15:08:05.092,1.3227,1.32279,1.00,1.00
2018.02.01 15:08:05.195,1.32281,1.32292,1.00,3.75
2018.02.01 15:08:05.299,1.32275,1.32293,1.26,1.00
2018.02.01 15:08:05.401,1.32278,1.32293,1.19,1.00
2018.02.01 15:08:05.505,1.32277,1.32296,1.25,1.50
2018.02.01 15:08:05.649,1.32281,1.32297,1.19,1.00
2018.02.01 15:08:05.754,1.32285,1.32301,1.00,1.00
2018.02.01 15:08:05.816,1.32287,1.32303,1.00,1.00
2018.02.01 15:08:05.869,1.32287,1.32305,1.25,2.25
2018.02.01 15:08:05.972,1.32287,1.32303,1.25,1.00
2018.02.01 15:08:06.025,1.32287,1.32305,1.25,1.00
2018.02.01 15:08:06.213,1.3229,1.32308,1.19,2.25
2018.02.01 15:08:06.265,1.32283,1.32303,2.51,1.50
2018.02.01 15:08:06.317,1.32287,1.32304,1.25,1.50
2018.02.01 15:08:06.629,1.32288,1.32306,1.19,1.00
2018.02.01 15:08:06.932,1.32291,1.3231,1.19,1.69
2018.02.01 15:08:07.035,1.32288,1.32309,1.19,1.19
2018.02.01 15:08:07.535,1.32284,1.32304,2.51,1.00
2018.02.01 15:08:07.688,1.32289,1.32308,1.19,1.31
2018.02.01 15:08:08.057,1.32292,1.32309,1.00,1.56
2018.02.01 15:08:08.510,1.3229,1.32309,1.00,1.19
2018.02.01 15:08:08.817,1.32292,1.32311,1.00,1.19
2018.02.01 15:08:09.081,1.3229,1.32308,1.00,1.00
2018.02.01 15:08:09.633,1.32291,1.32308,1.00,1.00
2018.02.01 15:08:09.964,1.32285,1.32302,1.00,1.00
2018.02.01 15:08:10.418,1.32284,1.32302,1.00,1.19
2018.02.01 15:08:10.574,1.32282,1.32301,1.25,1.25
2018.02.01 15:08:10.632,1.32285,1.32302,1.00,1.19
2018.02.01 15:08:10.943,1.32284,1.32303,1.25,1.25
2018.02.01 15:08:10.996,1.32286,1.32304,1.25,1.25
2018.02.01 15:08:11.401,1.32288,1.32305,1.00,1.19
2018.02.01 15:08:11.609,1.32285,1.32304,1.19,1.25
2018.02.01 15:08:12.858,1.32286,1.32303,1.25,1.00
2018.02.01 15:08:12.910,1.32283,1.32302,1.50,1.19
2018.02.01 15:08:13.257,1.3228,1.32296,1.00,1.31
2018.02.01 15:08:13.309,1.32277,1.32294,1.00,1.19
2018.02.01 15:08:13.593,1.32279,1.32295,1.00,1.00
2018.02.01 15:08:14.162,1.32278,1.32297,1.19,1.25
2018.02.01 15:08:14.371,1.32281,1.32299,1.00,1.69
2018.02.01 15:08:14.883,1.3228,1.32299,1.00,2.06
2018.02.01 15:08:15.194,1.32281,1.32299,1.25,1.12
2018.02.01 15:08:15.298,1.32279,1.32298,1.00,1.25
2018.02.01 15:08:15.350,1.32277,1.32297,1.50,1.19
2018.02.01 15:08:15.642,1.32279,1.32298,1.00,1.25
2018.02.01 15:08:15.693,1.3228,1.32296,1.00,1.19
2018.02.01 15:08:15.796,1.32278,1.32295,1.00,1.19
2018.02.01 15:08:16.349,1.32276,1.32295,1.25,1.19
2018.02.01 15:08:16.710,1.3228,1.32296,1.00,1.50
2018.02.01 15:08:17.058,1.32275,1.32292,1.25,1.00
2018.02.01 15:08:17.261,1.32275,1.32292,1.00,1.19
2018.02.01 15:08:17.414,1.32278,1.32294,1.00,1.25
2018.02.01 15:08:17.466,1.3228,1.32296,1.00,1.25
2018.02.01 15:08:17.986,1.32281,1.32299,1.00,1.19
2018.02.01 15:08:18.767,1.32281,1.32299,1.00,1.69
2018.02.01 15:08:19.080,1.32277,1.32293,1.50,1.19
2018.02.01 15:08:19.320,1.32275,1.3229,1.00,1.50
2018.02.01 15:08:19.916,1.32273,1.32291,1.25,1.25
2018.02.01 15:08:20.071,1.32276,1.32292,1.00,1.19
2018.02.01 15:08:20.182,1.32277,1.32293,1.00,1.00
2018.02.01 15:08:20.720,1.32274,1.32293,1.69,1.00
2018.02.01 15:08:21.238,1.32274,1.32292,1.19,1.00
2018.02.01 15:08:22.101,1.32275,1.32291,1.19,1.00
2018.02.01 15:08:22.264,1.32273,1.3229,1.25,1.00
2018.02.01 15:08:22.316,1.32273,1.32289,1.00,1.19
2018.02.01 15:08:22.368,1.3227,1.32287,1.12,1.19
2018.02.01 15:08:22.419,1.32269,1.32284,2.25,1.00
2018.02.01 15:08:22.471,1.32269,1.32289,1.50,1.19
2018.02.01 15:08:23.041,1.32269,1.32285,1.00,1.19
2018.02.01 15:08:23.094,1.32265,1.32285,1.50,1.19
2018.02.01 15:08:23.778,1.32266,1.32284,1.00,1.25
2018.02.01 15:08:24.326,1.32265,1.32285,2.06,1.00
2018.02.01 15:08:24.524,1.3227,1.32285,1.31,1.00
2018.02.01 15:08:24.888,1.3227,1.32289,1.69,1.69
2018.02.01 15:08:24.991,1.32272,1.32289,1.00,1.19
2018.02.01 15:08:26.450,1.3227,1.32288,1.69,1.25
2018.02.01 15:08:26.553,1.3227,1.32286,1.25,1.00
2018.02.01 15:08:26.863,1.32275,1.32291,1.00,1.00
2018.02.01 15:08:27.019,1.32275,1.32293,1.00,1.50
2018.02.01 15:08:27.071,1.32275,1.32291,1.00,1.00
2018.02.01 15:08:27.175,1.32273,1.3229,1.00,1.00
2018.02.01 15:08:28.022,1.32268,1.32285,1.57,1.00
2018.02.01 15:08:28.128,1.32266,1.32283,1.69,1.00
2018.02.01 15:08:29.104,1.32267,1.32285,1.00,1.19
2018.02.01 15:08:29.217,1.32271,1.32288,1.00,3.56
2018.02.01 15:08:29.269,1.32273,1.32292,1.87,1.69
2018.02.01 15:08:29.321,1.32273,1.3229,1.00,1.19
2018.02.01 15:08:29.424,1.32271,1.32289,2.62,1.19
2018.02.01 15:08:30.120,1.32268,1.32285,1.50,1.00
2018.02.01 15:08:30.470,1.32259,1.32274,1.00,1.00
2018.02.01 15:08:30.575,1.32257,1.32273,1.00,1.00
2018.02.01 15:08:30.627,1.32258,1.32275,1.25,1.00
2018.02.01 15:08:30.785,1.32253,1.32272,1.57,1.69
2018.02.01 15:08:31.162,1.32254,1.32274,2.14,1.50
2018.02.01 15:08:31.215,1.32257,1.32276,1.01,1.69
2018.02.01 15:08:31.328,1.32257,1.32274,1.76,1.00
2018.02.01 15:08:31.656,1.3226,1.32278,1.00,2.06
2018.02.01 15:08:31.711,1.32258,1.32277,1.20,1.69
2018.02.01 15:08:32.234,1.32257,1.32277,1.57,1.69
2018.02.01 15:08:32.494,1.32255,1.32274,1.32,1.19
2018.02.01 15:08:32.828,1.32259,1.32275,1.25,1.00
2018.02.01 15:08:33.136,1.32254,1.32272,1.07,1.19
2018.02.01 15:08:33.187,1.32256,1.32276,2.32,1.19
2018.02.01 15:08:33.723,1.3226,1.3228,1.32,1.25
2018.02.01 15:08:34.041,1.32259,1.32278,1.07,1.19
2018.02.01 15:08:34.745,1.32258,1.32278,1.07,1.19
2018.02.01 15:08:35.067,1.32254,1.32271,1.07,1.31
2018.02.01 15:08:35.120,1.32252,1.32267,1.07,1.00
2018.02.01 15:08:35.174,1.32252,1.32263,1.00,1.25
2018.02.01 15:08:35.226,1.32245,1.32265,2.32,1.31
2018.02.01 15:08:35.773,1.32245,1.32264,1.19,1.50
2018.02.01 15:08:35.979,1.32244,1.32262,1.00,1.19
2018.02.01 15:08:36.176,1.32244,1.32263,1.00,1.19
2018.02.01 15:08:36.279,1.32246,1.32259,1.07,1.00
2018.02.01 15:08:36.331,1.32243,1.32261,1.50,1.31
2018.02.01 15:08:36.434,1.32241,1.32258,1.10,1.25
2018.02.01 15:08:36.587,1.32242,1.32261,1.07,1.31
2018.02.01 15:08:36.883,1.32241,1.32259,1.76,1.25
2018.02.01 15:08:37.140,1.32238,1.32257,2.51,1.00
2018.02.01 15:08:37.192,1.32241,1.32257,1.00,1.00
2018.02.01 15:08:37.425,1.32238,1.32256,1.00,1.19
2018.02.01 15:08:37.529,1.32238,1.32252,1.00,1.00
2018.02.01 15:08:37.581,1.32238,1.32254,1.00,1.00
2018.02.01 15:08:37.633,1.32238,1.32256,1.00,2.06
2018.02.01 15:08:37.685,1.32238,1.32256,1.19,1.12
2018.02.01 15:08:37.738,1.32237,1.32255,1.50,1.00
2018.02.01 15:08:37.829,1.32237,1.32255,1.69,1.00
2018.02.01 15:08:37.986,1.32243,1.32263,1.00,1.19
2018.02.01 15:08:38.038,1.32244,1.32262,1.00,1.19
2018.02.01 15:08:38.141,1.32242,1.32264,1.64,1.00
2018.02.01 15:08:38.377,1.32245,1.32264,1.37,1.19
2018.02.01 15:08:38.484,1.32243,1.32262,1.00,1.19
2018.02.01 15:08:38.536,1.32245,1.32262,1.00,1.31
2018.02.01 15:08:38.588,1.32246,1.32263,1.00,1.19
2018.02.01 15:08:38.640,1.32244,1.32264,1.19,1.00
2018.02.01 15:08:38.935,1.32247,1.32267,1.00,2.81
2018.02.01 15:08:38.986,1.32248,1.32267,1.19,2.06
2018.02.01 15:08:39.301,1.32227,1.32238,1.00,1.00
2018.02.01 15:08:39.463,1.32222,1.32242,1.69,4.76
2018.02.01 15:08:39.515,1.3222,1.32237,1.00,1.00
2018.02.01 15:08:39.670,1.32222,1.32234,1.00,1.25
2018.02.01 15:08:39.773,1.3222,1.32236,1.00,2.62
2018.02.01 15:08:39.825,1.32222,1.32236,1.00,2.06
2018.02.01 15:08:39.983,1.32216,1.32236,1.00,2.81
2018.02.01 15:08:40.042,1.32217,1.32235,1.00,1.31
2018.02.01 15:08:40.250,1.32215,1.32233,1.19,1.00
2018.02.01 15:08:40.325,1.32213,1.32233,1.25,2.06
2018.02.01 15:08:40.377,1.32213,1.32234,1.19,2.06
2018.02.01 15:08:40.863,1.32217,1.32236,1.00,2.14
2018.02.01 15:08:41.378,1.32214,1.3223,1.00,1.12
2018.02.01 15:08:41.481,1.32206,1.32225,1.69,1.19
2018.02.01 15:08:41.740,1.32206,1.32227,1.25,1.19
2018.02.01 15:08:41.995,1.32208,1.32228,1.00,1.31
2018.02.01 15:08:42.277,1.32206,1.32225,1.00,1.25
2018.02.01 15:08:42.329,1.32209,1.32224,1.00,2.25
2018.02.01 15:08:42.381,1.3221,1.32229,1.00,1.56
2018.02.01 15:08:42.433,1.32212,1.32232,1.00,1.26
2018.02.01 15:08:42.535,1.3221,1.32232,1.25,1.26
2018.02.01 15:08:42.638,1.32205,1.32224,1.12,1.19
2018.02.01 15:08:42.934,1.32201,1.32224,1.50,1.69
2018.02.01 15:08:43.037,1.32203,1.32224,1.00,1.31
2018.02.01 15:08:43.141,1.32209,1.32223,1.19,1.00
2018.02.01 15:08:43.192,1.3221,1.32228,1.19,2.25
2018.02.01 15:08:43.248,1.3221,1.32228,1.69,1.00
2018.02.01 15:08:43.532,1.32208,1.32233,2.06,1.39
2018.02.01 15:08:43.583,1.32211,1.32233,1.19,2.06
2018.02.01 15:08:43.924,1.32207,1.32226,1.26,1.00
2018.02.01 15:08:43.975,1.32209,1.32229,1.19,1.25
2018.02.01 15:08:44.185,1.32211,1.32233,1.69,1.19
2018.02.01 15:08:44.237,1.32211,1.32234,1.19,1.19
2018.02.01 15:08:44.553,1.32211,1.32232,3.94,1.19
2018.02.01 15:08:45.394,1.32212,1.32236,2.06,2.06
2018.02.01 15:08:45.757,1.32213,1.32236,1.19,1.19
2018.02.01 15:08:45.956,1.32216,1.32239,1.31,1.69
2018.02.01 15:08:46.324,1.32214,1.32235,2.06,1.00
2018.02.01 15:08:46.377,1.32212,1.32234,2.14,1.19
2018.02.01 15:08:46.598,1.32211,1.32231,1.69,1.00
2018.02.01 15:08:46.650,1.32211,1.32231,1.12,1.69
2018.02.01 15:08:46.703,1.32211,1.32231,1.00,1.19
2018.02.01 15:08:46.858,1.32211,1.32231,1.25,1.69
2018.02.01 15:08:47.677,1.3221,1.3223,1.12,1.19
2018.02.01 15:08:47.978,1.32225,1.32241,1.00,1.19
2018.02.01 15:08:48.030,1.32225,1.32244,1.25,2.44
2018.02.01 15:08:48.083,1.32225,1.32246,2.51,1.69
2018.02.01 15:08:48.431,1.32231,1.32245,1.00,1.00
2018.02.01 15:08:48.584,1.32228,1.32245,1.00,1.25
2018.02.01 15:08:48.789,1.32227,1.32246,1.00,1.19
2018.02.01 15:08:48.841,1.32228,1.32247,1.25,1.19
2018.02.01 15:08:49.313,1.32225,1.3224,1.00,1.19
2018.02.01 15:08:49.366,1.32222,1.32241,1.10,1.19
2018.02.01 15:08:49.418,1.32223,1.32241,1.19,1.00
2018.02.01 15:08:49.522,1.32225,1.32244,1.25,1.69
2018.02.01 15:08:49.625,1.32225,1.3224,1.00,1.00
2018.02.01 15:08:49.678,1.32223,1.32241,1.00,1.69
2018.02.01 15:08:49.865,1.32223,1.32237,1.00,1.00
2018.02.01 15:08:49.916,1.32217,1.32235,1.00,1.00
2018.02.01 15:08:49.968,1.32218,1.32237,1.25,1.25
2018.02.01 15:08:50.019,1.32218,1.32239,1.69,1.01
2018.02.01 15:08:50.326,1.32222,1.3224,1.25,1.10
2018.02.01 15:08:50.669,1.32226,1.32244,1.00,1.19
2018.02.01 15:08:51.041,1.32226,1.32243,1.00,2.06
2018.02.01 15:08:51.095,1.32221,1.32238,1.00,1.19
2018.02.01 15:08:51.147,1.32222,1.32238,1.00,1.25
2018.02.01 15:08:51.300,1.3222,1.32238,1.00,1.25
2018.02.01 15:08:51.795,1.3222,1.32237,1.00,1.19
2018.02.01 15:08:52.239,1.32221,1.32237,1.00,1.31
2018.02.01 15:08:52.292,1.32222,1.3224,1.66,1.00
2018.02.01 15:08:52.344,1.32224,1.32241,1.00,1.50
2018.02.01 15:08:52.526,1.32219,1.32236,1.00,1.19
2018.02.01 15:08:52.578,1.32216,1.32235,1.00,1.19
2018.02.01 15:08:52.938,1.32219,1.32237,1.69,1.12
2018.02.01 15:08:53.179,1.32223,1.32241,1.00,1.31
2018.02.01 15:08:53.336,1.3222,1.32238,1.25,1.00
2018.02.01 15:08:53.544,1.32221,1.32236,1.00,1.00
2018.02.01 15:08:53.665,1.32218,1.32238,1.00,1.69
2018.02.01 15:08:53.719,1.3222,1.32237,1.00,1.19
2018.02.01 15:08:53.773,1.32216,1.32232,1.12,1.19
2018.02.01 15:08:53.825,1.32218,1.32237,1.00,1.69
2018.02.01 15:08:54.336,1.32217,1.32235,1.00,1.25
2018.02.01 15:08:54.561,1.32216,1.32235,1.50,1.19
2018.02.01 15:08:55.775,1.32216,1.32236,1.50,1.19
2018.02.01 15:08:55.826,1.32218,1.32235,1.00,1.00
2018.02.01 15:08:56.031,1.32216,1.32236,1.25,1.69
2018.02.01 15:08:56.083,1.32218,1.32236,1.19,1.00
2018.02.01 15:08:56.427,1.32218,1.32236,1.00,1.19
2018.02.01 15:08:56.479,1.32216,1.32236,1.00,2.44
2018.02.01 15:08:56.684,1.32219,1.32235,1.00,1.50
2018.02.01 15:08:56.901,1.3222,1.32239,1.00,1.19
2018.02.01 15:08:57.309,1.32217,1.32235,1.00,1.00
2018.02.01 15:08:57.826,1.32217,1.32234,1.00,1.00
2018.02.01 15:08:58.191,1.32214,1.32237,1.19,1.29
2018.02.01 15:08:58.693,1.32214,1.32234,1.69,1.00
2018.02.01 15:08:58.856,1.32216,1.32237,2.06,1.50
2018.02.01 15:08:58.961,1.32218,1.32238,1.31,1.87
2018.02.01 15:08:59.097,1.32216,1.32234,1.25,1.00
2018.02.01 15:08:59.200,1.32216,1.32235,1.19,1.00
2018.02.01 15:08:59.303,1.32216,1.32235,1.25,1.19
2018.02.01 15:08:59.406,1.32213,1.32234,1.00,1.31
2018.02.01 15:08:59.559,1.32209,1.32228,1.01,1.00
2018.02.01 15:08:59.874,1.32209,1.32228,1.00,1.19
2018.02.01 15:09:00.185,1.32208,1.32229,1.69,1.12
2018.02.01 15:09:00.320,1.32211,1.3223,1.19,3.00
2018.02.01 15:09:00.373,1.32214,1.32234,1.19,1.25
2018.02.01 15:09:00.426,1.32214,1.32232,1.00,1.25
2018.02.01 15:09:00.790,1.32213,1.3223,1.25,1.00
2018.02.01 15:09:01.144,1.32212,1.32233,1.25,1.01
2018.02.01 15:09:01.197,1.32212,1.32231,1.69,1.00
2018.02.01 15:09:01.577,1.32215,1.32236,2.44,1.19
2018.02.01 15:09:01.734,1.32212,1.32234,1.19,1.69
2018.02.01 15:09:02.326,1.32215,1.32234,1.00,1.19
2018.02.01 15:09:02.844,1.32216,1.32236,1.00,1.19
2018.02.01 15:09:03.396,1.32211,1.32226,1.00,1.00
2018.02.01 15:09:03.552,1.32214,1.32231,1.69,1.00
2018.02.01 15:09:03.677,1.32208,1.32229,3.19,1.25
2018.02.01 15:09:03.984,1.32208,1.32229,1.19,2.81
2018.02.01 15:09:04.528,1.32208,1.32228,1.19,1.00
2018.02.01 15:09:05.112,1.32209,1.32227,1.25,1.10
2018.02.01 15:09:05.576,1.32206,1.32224,1.25,1.00
2018.02.01 15:09:05.886,1.32206,1.32221,1.19,1.00
2018.02.01 15:09:06.076,1.32214,1.3223,1.00,1.10
2018.02.01 15:09:06.128,1.3221,1.32228,1.69,1.50
2018.02.01 15:09:06.183,1.32207,1.32226,1.19,1.00
2018.02.01 15:09:06.235,1.3221,1.32229,1.00,1.31
2018.02.01 15:09:06.770,1.32211,1.32228,1.00,1.25
2018.02.01 15:09:07.283,1.32211,1.32229,1.25,1.00
2018.02.01 15:09:08.236,1.32211,1.32228,1.00,1.00
2018.02.01 15:09:08.341,1.32209,1.32227,1.69,1.00
2018.02.01 15:09:08.396,1.32209,1.32228,1.69,1.00
2018.02.01 15:09:08.577,1.32211,1.32231,1.19,1.10
2018.02.01 15:09:08.733,1.3221,1.32229,1.31,1.00
2018.02.01 15:09:08.836,1.32211,1.32232,1.19,1.07
2018.02.01 15:09:08.888,1.32209,1.32229,2.06,1.00
2018.02.01 15:09:08.993,1.32212,1.32232,1.00,2.14
2018.02.01 15:09:09.131,1.32212,1.32229,1.69,1.00
2018.02.01 15:09:09.214,1.32214,1.32232,1.00,1.39
2018.02.01 15:09:09.367,1.32215,1.32234,1.00,3.07
2018.02.01 15:09:09.781,1.32216,1.32235,1.50,1.57
2018.02.01 15:09:10.087,1.32218,1.32238,1.31,1.07
2018.02.01 15:09:10.140,1.32218,1.32238,1.00,1.26
2018.02.01 15:09:10.339,1.32216,1.32236,2.06,1.87
2018.02.01 15:09:10.547,1.32216,1.32233,1.12,1.00
2018.02.01 15:09:10.652,1.32217,1.32236,1.19,1.12
2018.02.01 15:09:10.863,1.32214,1.32232,1.19,1.00
2018.02.01 15:09:11.160,1.32216,1.32235,1.19,1.00
2018.02.01 15:09:11.211,1.32218,1.32236,1.19,1.20
2018.02.01 15:09:11.743,1.32217,1.32237,1.19,1.45
2018.02.01 15:09:12.279,1.32217,1.32236,1.69,1.12
2018.02.01 15:09:12.381,1.32216,1.32235,1.69,1.25
2018.02.01 15:09:12.484,1.32214,1.32232,1.25,1.00
2018.02.01 15:09:12.823,1.32208,1.32229,1.19,2.44
2018.02.01 15:09:13.132,1.32212,1.3223,1.25,1.10
2018.02.01 15:09:13.938,1.32212,1.32232,1.25,1.76
2018.02.01 15:09:14.241,1.32212,1.32232,1.19,1.76
2018.02.01 15:09:14.762,1.32215,1.32232,1.00,1.31
2018.02.01 15:09:15.309,1.32216,1.32233,1.00,1.19
2018.02.01 15:09:15.720,1.32214,1.32234,1.50,1.76
2018.02.01 15:09:15.923,1.32214,1.32234,1.50,1.31
2018.02.01 15:09:16.077,1.32215,1.32234,1.25,1.12
2018.02.01 15:09:16.411,1.32215,1.32231,1.00,1.25
2018.02.01 15:09:16.722,1.32216,1.32234,1.25,1.25
2018.02.01 15:09:19.068,1.32216,1.32236,1.69,1.76
2018.02.01 15:09:19.655,1.32218,1.32235,1.50,1.25
2018.02.01 15:09:20.948,1.32216,1.32234,1.19,1.00
2018.02.01 15:09:21.002,1.32218,1.32235,1.00,1.29
2018.02.01 15:09:21.055,1.32217,1.32234,1.19,1.00
2018.02.01 15:09:21.312,1.32217,1.32237,1.19,3.26
2018.02.01 15:09:22.082,1.32217,1.32234,1.19,1.00
2018.02.01 15:09:22.418,1.32216,1.32234,2.06,1.00
2018.02.01 15:09:22.470,1.32216,1.32234,1.25,1.00
2018.02.01 15:09:22.827,1.32218,1.32236,1.19,1.50
2018.02.01 15:09:23.126,1.32217,1.32238,1.00,1.26
2018.02.01 15:09:23.228,1.32217,1.32238,1.00,1.39
2018.02.01 15:09:23.739,1.32218,1.32234,1.00,1.00
2018.02.01 15:09:24.039,1.3222,1.32237,1.25,1.10
2018.02.01 15:09:24.144,1.32218,1.32236,1.00,1.00
2018.02.01 15:09:24.196,1.32215,1.32233,2.06,1.00
2018.02.01 15:09:24.400,1.32216,1.32235,1.19,1.10
2018.02.01 15:09:24.654,1.32221,1.32238,1.00,1.57
2018.02.01 15:09:24.707,1.3222,1.32241,1.00,1.76
2018.02.01 15:09:24.810,1.32219,1.32236,1.50,1.00
2018.02.01 15:09:25.358,1.32217,1.32237,1.69,1.20
2018.02.01 15:09:25.889,1.32218,1.32237,1.19,1.20
2018.02.01 15:09:26.289,1.32221,1.32241,1.69,2.14
2018.02.01 15:09:26.551,1.32223,1.32239,1.00,1.19
2018.02.01 15:09:27.058,1.3222,1.32238,1.69,1.00
2018.02.01 15:09:27.217,1.32224,1.32243,1.25,1.57
2018.02.01 15:09:27.422,1.32226,1.32242,1.00,1.25
2018.02.01 15:09:27.661,1.32226,1.32244,1.25,1.12
2018.02.01 15:09:27.920,1.32224,1.32241,1.25,1.00
2018.02.01 15:09:28.313,1.32227,1.32242,1.00,1.31
2018.02.01 15:09:28.419,1.32227,1.32244,1.50,1.00
2018.02.01 15:09:29.127,1.32226,1.32244,1.25,1.10
2018.02.01 15:09:29.991,1.32225,1.32243,1.69,1.10
2018.02.01 15:09:30.559,1.32225,1.32244,1.69,1.10
2018.02.01 15:09:31.175,1.32225,1.32243,1.69,1.00
2018.02.01 15:09:32.109,1.32225,1.32241,1.25,1.00
2018.02.01 15:09:32.696,1.32225,1.32242,1.25,1.00
2018.02.01 15:09:33.623,1.32225,1.32242,1.25,1.07
2018.02.01 15:09:33.675,1.32222,1.3224,1.69,1.00
2018.02.01 15:09:34.215,1.32222,1.3224,1.25,1.10
2018.02.01 15:09:34.319,1.32224,1.32243,1.19,1.32
2018.02.01 15:09:34.370,1.32224,1.32243,1.19,1.32
2018.02.01 15:09:34.964,1.32222,1.32241,1.19,1.10
2018.02.01 15:09:35.282,1.32222,1.3224,1.50,1.00
2018.02.01 15:09:35.810,1.32225,1.32241,1.00,1.00
2018.02.01 15:09:35.862,1.32222,1.32241,1.25,1.25
2018.02.01 15:09:36.401,1.32223,1.32241,1.19,1.50
2018.02.01 15:09:36.614,1.32223,1.32241,1.00,1.50
2018.02.01 15:09:36.697,1.32221,1.3224,1.69,1.00
2018.02.01 15:09:36.851,1.32222,1.3224,1.19,1.00
2018.02.01 15:09:36.902,1.32221,1.3224,1.69,1.50
2018.02.01 15:09:38.249,1.32223,1.32242,1.19,1.25
2018.02.01 15:09:38.863,1.32223,1.32241,1.19,1.00
2018.02.01 15:09:39.379,1.32223,1.32241,1.00,1.00
2018.02.01 15:09:39.770,1.32227,1.32244,1.00,1.19
2018.02.01 15:09:39.821,1.32226,1.32245,1.00,1.00
2018.02.01 15:09:40.323,1.32226,1.32244,1.00,1.00
2018.02.01 15:09:40.375,1.32225,1.32243,1.00,1.19
2018.02.01 15:09:41.562,1.32225,1.32241,1.00,1.00
2018.02.01 15:09:41.867,1.32225,1.32243,1.00,1.00
2018.02.01 15:09:42.394,1.32225,1.32244,1.50,1.31
2018.02.01 15:09:43.364,1.32225,1.32244,1.19,1.12
2018.02.01 15:09:44.316,1.32225,1.32245,1.69,1.10
2018.02.01 15:09:44.962,1.32225,1.32241,1.00,1.00
2018.02.01 15:09:45.431,1.32225,1.32243,1.19,1.00
2018.02.01 15:09:45.946,1.32225,1.32242,1.19,1.00
2018.02.01 15:09:46.332,1.32223,1.32243,1.19,1.29
2018.02.01 15:09:46.894,1.32223,1.32241,1.69,1.00
2018.02.01 15:09:47.288,1.32231,1.32245,1.00,1.57
2018.02.01 15:09:47.446,1.32236,1.32252,1.19,1.00
2018.02.01 15:09:47.549,1.32236,1.32254,1.19,2.25
2018.02.01 15:09:48.148,1.32237,1.32255,1.19,1.20
2018.02.01 15:09:48.697,1.32237,1.32254,1.25,1.00
2018.02.01 15:09:50.367,1.32236,1.32254,1.19,1.07
2018.02.01 15:09:50.888,1.32233,1.32253,1.19,1.25
2018.02.01 15:09:50.940,1.32233,1.32254,1.25,1.69
2018.02.01 15:09:51.297,1.32231,1.3225,1.69,1.19
2018.02.01 15:09:52.451,1.3223,1.32248,1.19,1.10
2018.02.01 15:09:53.155,1.3223,1.32247,1.00,1.25
2018.02.01 15:09:54.154,1.32227,1.32247,1.69,2.14
2018.02.01 15:09:54.210,1.32224,1.32239,1.00,1.19
2018.02.01 15:09:54.475,1.32214,1.32233,1.25,1.29
2018.02.01 15:09:54.528,1.32214,1.3223,1.25,1.00
2018.02.01 15:09:54.749,1.32209,1.32228,1.25,1.00
2018.02.01 15:09:54.801,1.3221,1.32229,1.00,1.31
2018.02.01 15:09:54.853,1.32207,1.32225,1.00,1.19
2018.02.01 15:09:54.957,1.32203,1.32222,1.19,1.00
2018.02.01 15:09:55.061,1.32203,1.32222,1.00,1.69
2018.02.01 15:09:56.912,1.32203,1.32221,1.50,1.76
2018.02.01 15:09:57.458,1.32203,1.32221,1.69,1.57
2018.02.01 15:09:58.567,1.32203,1.32221,1.69,1.00
2018.02.01 15:09:58.876,1.32206,1.32223,1.00,1.00
2018.02.01 15:09:59.239,1.32206,1.32225,1.69,1.25
2018.02.01 15:09:59.290,1.32206,1.32223,1.69,1.00
2018.02.01 15:09:59.556,1.32202,1.3222,1.00,1.25
2018.02.01 15:10:00.057,1.32201,1.32218,1.69,1.00
2018.02.01 15:10:00.340,1.32201,1.32221,1.25,1.26
2018.02.01 15:10:00.557,1.32203,1.32221,1.00,1.26
2018.02.01 15:10:01.007,1.32201,1.32218,1.00,1.25
2018.02.01 15:10:01.895,1.32201,1.32219,1.25,1.32
2018.02.01 15:10:01.997,1.32204,1.32221,1.25,1.00
2018.02.01 15:10:02.100,1.32201,1.32218,1.31,1.00
2018.02.01 15:10:02.794,1.32205,1.32223,1.25,1.95
2018.02.01 15:10:02.847,1.32207,1.32225,1.00,1.32
2018.02.01 15:10:03.112,1.32208,1.32226,1.19,1.20
2018.02.01 15:10:03.205,1.32206,1.32225,1.69,1.10
2018.02.01 15:10:03.410,1.32206,1.32223,1.19,1.00
2018.02.01 15:10:03.954,1.32204,1.32221,1.00,1.50
2018.02.01 15:10:04.107,1.32201,1.32221,1.19,1.20
2018.02.01 15:10:04.650,1.32201,1.32221,1.00,2.14
2018.02.01 15:10:05.051,1.32203,1.32221,1.00,2.14
2018.02.01 15:10:05.265,1.32201,1.32221,1.00,1.39
2018.02.01 15:10:05.473,1.322,1.32217,1.00,1.19
2018.02.01 15:10:05.527,1.32202,1.3222,1.00,1.26
2018.02.01 15:10:05.582,1.32204,1.32221,1.00,2.14
2018.02.01 15:10:05.777,1.32204,1.32223,1.19,1.32
2018.02.01 15:10:05.982,1.32202,1.3222,1.19,1.00
2018.02.01 15:10:06.034,1.322,1.3222,1.69,1.25
2018.02.01 15:10:06.536,1.322,1.32219,1.19,1.10
2018.02.01 15:10:06.587,1.322,1.32218,1.50,1.19
2018.02.01 15:10:07.149,1.322,1.32218,1.25,1.25
2018.02.01 15:10:07.815,1.32199,1.32217,1.19,1.00
2018.02.01 15:10:08.325,1.32199,1.32217,1.25,1.12
2018.02.01 15:10:08.905,1.32198,1.32217,1.25,1.39
2018.02.01 15:10:09.458,1.32197,1.32217,1.25,2.14
2018.02.01 15:10:09.772,1.32194,1.32211,1.69,1.00
2018.02.01 15:10:09.966,1.32198,1.32218,1.69,1.01
2018.02.01 15:10:10.121,1.32201,1.32217,1.00,1.00
2018.02.01 15:10:10.224,1.32198,1.32218,1.69,1.19
2018.02.01 15:10:10.733,1.32198,1.32216,1.25,1.00
2018.02.01 15:10:10.928,1.32196,1.32214,1.69,1.00
2018.02.01 15:10:11.035,1.32195,1.32213,1.00,1.10
2018.02.01 15:10:11.138,1.32197,1.32215,1.00,2.14
2018.02.01 15:10:11.458,1.322,1.32219,1.19,1.00
2018.02.01 15:10:11.819,1.32199,1.32219,1.69,1.19
2018.02.01 15:10:11.974,1.32201,1.32218,1.00,1.25
2018.02.01 15:10:12.142,1.32202,1.3222,1.00,1.10
2018.02.01 15:10:12.298,1.32201,1.32218,1.00,1.25
2018.02.01 15:10:12.762,1.32199,1.32217,1.25,1.00
2018.02.01 15:10:13.477,1.32197,1.32216,1.69,1.25
2018.02.01 15:10:13.583,1.32199,1.3222,1.69,1.26
2018.02.01 15:10:13.910,1.32197,1.32217,1.69,1.29
2018.02.01 15:10:14.458,1.32197,1.32215,1.69,1.25
2018.02.01 15:10:14.938,1.32197,1.32218,1.69,1.76
2018.02.01 15:10:14.991,1.32197,1.32216,1.69,1.00
2018.02.01 15:10:15.298,1.32192,1.32212,1.19,1.29
2018.02.01 15:10:15.551,1.32189,1.32208,1.25,1.00
2018.02.01 15:10:16.062,1.3219,1.32208,1.00,1.00
2018.02.01 15:10:16.597,1.3219,1.32207,1.19,1.00
2018.02.01 15:10:17.147,1.32191,1.32211,1.25,1.29
2018.02.01 15:10:17.200,1.32198,1.32216,1.00,2.51
2018.02.01 15:10:17.409,1.32199,1.32216,1.00,1.00
2018.02.01 15:10:17.462,1.322,1.32219,1.00,1.00
2018.02.01 15:10:17.515,1.32202,1.3222,1.00,1.00
2018.02.01 15:10:17.825,1.32203,1.32222,1.31,1.25
2018.02.01 15:10:18.305,1.32203,1.32222,1.19,1.00
2018.02.01 15:10:18.614,1.32206,1.32224,2.06,1.00
2018.02.01 15:10:19.354,1.32207,1.32228,1.50,1.76
2018.02.01 15:10:19.632,1.3221,1.32228,1.00,1.25
2018.02.01 15:10:19.685,1.32211,1.32231,2.81,1.25
2018.02.01 15:10:20.210,1.32213,1.32232,1.69,1.25
2018.02.01 15:10:20.788,1.32215,1.32233,1.00,1.19
2018.02.01 15:10:21.087,1.32215,1.32237,1.00,1.76
2018.02.01 15:10:22.021,1.32213,1.32225,1.00,1.87
2018.02.01 15:10:22.144,1.32208,1.32216,1.00,1.00
2018.02.01 15:10:22.247,1.322,1.32215,1.00,1.25
2018.02.01 15:10:22.298,1.32196,1.32214,1.12,1.19
2018.02.01 15:10:22.842,1.32194,1.32213,1.69,1.25
2018.02.01 15:10:23.381,1.32194,1.32213,1.50,1.19
2018.02.01 15:10:23.704,1.32191,1.32207,1.25,1.00
2018.02.01 15:10:23.809,1.32187,1.32207,1.69,1.00
2018.02.01 15:10:23.862,1.32187,1.32208,2.25,1.19
2018.02.01 15:10:23.914,1.32188,1.32207,1.00,1.19
2018.02.01 15:10:24.018,1.32186,1.32204,1.25,1.00
2018.02.01 15:10:24.072,1.32184,1.32203,1.25,1.00
2018.02.01 15:10:24.499,1.32184,1.32203,1.50,1.19
2018.02.01 15:10:24.752,1.32185,1.32203,1.25,1.00
2018.02.01 15:10:24.804,1.32189,1.32209,1.19,1.76
2018.02.01 15:10:24.909,1.32189,1.32209,2.44,1.00
2018.02.01 15:10:25.173,1.32188,1.32206,1.00,1.25
2018.02.01 15:10:25.319,1.32188,1.32205,1.00,1.19
2018.02.01 15:10:25.473,1.32186,1.32203,1.69,1.00
2018.02.01 15:10:25.831,1.32185,1.32201,1.00,1.00
2018.02.01 15:10:27.017,1.32185,1.32202,1.00,1.00
2018.02.01 15:10:27.760,1.32185,1.32198,1.00,1.00
2018.02.01 15:10:27.894,1.32179,1.32197,1.69,1.25
2018.02.01 15:10:28.047,1.32186,1.322,1.19,1.07
2018.02.01 15:10:28.099,1.32184,1.32203,1.69,1.95
2018.02.01 15:10:28.201,1.32187,1.32204,1.00,1.10
2018.02.01 15:10:28.748,1.32186,1.32204,1.12,1.00
2018.02.01 15:10:29.057,1.32188,1.32205,1.00,1.25
2018.02.01 15:10:29.630,1.32189,1.32207,1.25,1.12
2018.02.01 15:10:29.683,1.3219,1.32209,1.19,2.62
2018.02.01 15:10:30.033,1.32193,1.32211,1.25,1.31
2018.02.01 15:10:30.627,1.32192,1.32211,1.25,1.00
2018.02.01 15:10:30.678,1.32193,1.32212,1.19,1.12
2018.02.01 15:10:30.782,1.32193,1.32211,1.69,1.00
2018.02.01 15:10:30.833,1.32191,1.32209,1.31,1.00
2018.02.01 15:10:31.178,1.32189,1.32207,1.19,1.00
2018.02.01 15:10:31.436,1.32188,1.32207,1.12,1.00
2018.02.01 15:10:31.487,1.32188,1.32205,1.12,1.00
2018.02.01 15:10:31.732,1.32189,1.32207,1.00,1.00
2018.02.01 15:10:32.042,1.32188,1.32205,1.69,1.50
2018.02.01 15:10:32.552,1.32186,1.32204,1.19,1.00
2018.02.01 15:10:33.065,1.32185,1.32204,1.19,1.00
2018.02.01 15:10:33.373,1.32183,1.32202,1.25,2.44
2018.02.01 15:10:34.384,1.32184,1.32204,1.19,1.69
2018.02.01 15:10:34.665,1.32187,1.32206,1.00,1.19
2018.02.01 15:10:35.030,1.32185,1.322,1.00,1.00
2018.02.01 15:10:35.172,1.32183,1.32199,1.50,1.25
2018.02.01 15:10:35.379,1.32183,1.32201,1.69,1.12
2018.02.01 15:10:35.803,1.32181,1.322,1.25,1.00
2018.02.01 15:10:35.857,1.3218,1.32197,1.00,1.19
2018.02.01 15:10:35.910,1.32177,1.32197,2.44,1.19
2018.02.01 15:10:36.156,1.32178,1.32197,1.19,1.00
2018.02.01 15:10:37.016,1.32177,1.32197,1.19,1.25
2018.02.01 15:10:37.365,1.32177,1.32197,1.69,1.07
2018.02.01 15:10:37.417,1.32177,1.32197,1.69,1.10
2018.02.01 15:10:38.121,1.32177,1.32196,1.19,1.00
2018.02.01 15:10:38.455,1.32177,1.32196,1.25,1.00
2018.02.01 15:10:39.762,1.32178,1.32196,1.25,1.25
2018.02.01 15:10:39.814,1.32183,1.32201,1.00,1.69
2018.02.01 15:10:39.921,1.32186,1.32204,1.00,1.25
2018.02.01 15:10:40.278,1.32188,1.32206,1.19,1.00
2018.02.01 15:10:40.329,1.3219,1.32209,1.25,1.19
2018.02.01 15:10:40.533,1.32189,1.32206,1.69,1.00
2018.02.01 15:10:41.499,1.32189,1.32206,1.50,1.00
2018.02.01 15:10:41.719,1.32189,1.32209,1.50,1.25
2018.02.01 15:10:42.266,1.3219,1.3221,1.19,1.00
2018.02.01 15:10:42.574,1.32191,1.3221,1.00,1.25
2018.02.01 15:10:42.625,1.32192,1.32208,1.19,1.00
2018.02.01 15:10:42.676,1.32192,1.3221,1.19,1.00
2018.02.01 15:10:43.187,1.32192,1.3221,1.56,1.00
2018.02.01 15:10:43.240,1.32195,1.32214,1.19,1.00
2018.02.01 15:10:43.448,1.32197,1.32215,1.19,1.00
2018.02.01 15:10:43.551,1.32198,1.32217,1.19,1.00
2018.02.01 15:10:44.104,1.322,1.3222,1.00,2.44
2018.02.01 15:10:44.158,1.32203,1.32221,1.19,1.00
2018.02.01 15:10:44.211,1.32205,1.32223,1.19,1.00
2018.02.01 15:10:44.524,1.322,1.32216,1.00,1.00
2018.02.01 15:10:44.629,1.322,1.32218,2.25,1.25
2018.02.01 15:10:45.142,1.32201,1.3222,1.50,1.00
2018.02.01 15:10:45.451,1.322,1.32218,1.25,1.00
2018.02.01 15:10:45.778,1.32217,1.32234,1.00,1.25
2018.02.01 15:10:45.935,1.32217,1.32236,1.69,1.00
2018.02.01 15:10:46.367,1.32217,1.32238,1.69,1.00
2018.02.01 15:10:46.674,1.32217,1.32236,2.44,1.00
2018.02.01 15:10:47.219,1.32215,1.32238,2.44,2.06
2018.02.01 15:10:48.148,1.32217,1.32236,1.19,1.50
2018.02.01 15:10:48.466,1.32224,1.32244,1.69,1.00
2018.02.01 15:10:48.781,1.3222,1.32238,1.19,1.00
2018.02.01 15:10:48.987,1.3222,1.32242,1.31,1.25
2018.02.01 15:10:49.090,1.3222,1.3224,1.69,1.00
2018.02.01 15:10:49.141,1.32223,1.32243,1.19,1.00
2018.02.01 15:10:49.317,1.32221,1.32238,1.19,1.00
2018.02.01 15:10:49.369,1.32219,1.32238,1.69,1.25
2018.02.01 15:10:50.026,1.32221,1.32239,1.19,1.00
2018.02.01 15:10:50.079,1.32223,1.32241,1.69,1.00
2018.02.01 15:10:50.389,1.32221,1.32238,2.44,1.00
2018.02.01 15:10:50.441,1.3222,1.32236,1.25,1.00
2018.02.01 15:10:50.699,1.3222,1.32239,1.69,1.25
2018.02.01 15:10:50.751,1.3222,1.32239,1.69,1.00
2018.02.01 15:10:50.876,1.32221,1.32241,1.69,1.00
2018.02.01 15:10:51.457,1.32221,1.32242,1.19,1.25
2018.02.01 15:10:51.823,1.32221,1.32242,1.69,1.19
2018.02.01 15:10:52.137,1.3222,1.32235,1.25,1.00
2018.02.01 15:10:53.317,1.32217,1.32235,2.44,1.00
2018.02.01 15:10:53.801,1.32217,1.32234,1.00,1.00
2018.02.01 15:10:53.958,1.32215,1.32234,2.06,1.00
2018.02.01 15:10:54.473,1.32214,1.32235,2.06,1.69
2018.02.01 15:10:54.977,1.32214,1.32235,2.06,1.69
2018.02.01 15:10:55.339,1.32214,1.32232,1.69,1.00
2018.02.01 15:10:55.649,1.32214,1.32232,1.31,1.00
2018.02.01 15:10:55.835,1.32207,1.32226,1.31,1.00
2018.02.01 15:10:55.887,1.32206,1.32228,2.06,1.20
2018.02.01 15:10:56.400,1.32211,1.3223,1.19,1.10
2018.02.01 15:10:57.086,1.3221,1.32229,1.19,1.00
2018.02.01 15:10:57.139,1.32209,1.3223,1.19,2.81
2018.02.01 15:10:57.192,1.32206,1.32224,2.44,1.00
2018.02.01 15:10:57.728,1.32211,1.3223,1.19,1.12
2018.02.01 15:10:57.782,1.32212,1.32229,1.25,1.00
2018.02.01 15:10:58.043,1.3221,1.32226,1.31,1.00
2018.02.01 15:10:58.177,1.3221,1.32228,1.25,1.25
2018.02.01 15:10:58.279,1.32212,1.32228,1.19,1.00
2018.02.01 15:10:58.331,1.32213,1.32231,1.19,1.00
2018.02.01 15:10:58.382,1.32216,1.32233,1.19,1.10
2018.02.01 15:10:58.846,1.32213,1.32231,1.25,1.25
2018.02.01 15:10:59.422,1.32215,1.32233,1.00,1.19
2018.02.01 15:10:59.526,1.32212,1.32233,1.69,1.19
2018.02.01 15:10:59.656,1.32212,1.32233,3.19,1.00
2018.02.01 15:10:59.974,1.32218,1.32236,1.19,1.00
2018.02.01 15:11:00.029,1.32217,1.32238,1.25,1.76
2018.02.01 15:11:00.084,1.32219,1.32237,1.19,1.00
2018.02.01 15:11:00.592,1.32219,1.32238,1.00,1.25
2018.02.01 15:11:00.908,1.32226,1.32245,1.31,1.00
2018.02.01 15:11:01.051,1.32226,1.32245,1.19,1.00
2018.02.01 15:11:01.855,1.32225,1.32246,1.19,1.57
2018.02.01 15:11:02.404,1.32225,1.32246,1.31,1.57
2018.02.01 15:11:02.611,1.32223,1.3224,1.87,1.31
2018.02.01 15:11:02.801,1.32221,1.32239,1.25,1.00
2018.02.01 15:11:03.322,1.3222,1.32238,1.19,1.12
2018.02.01 15:11:03.564,1.3222,1.3224,1.19,1.01
2018.02.01 15:11:04.107,1.3222,1.32238,1.00,1.00
2018.02.01 15:11:04.542,1.32219,1.32239,1.19,2.14
2018.02.01 15:11:04.780,1.32219,1.32238,1.19,1.25
2018.02.01 15:11:04.832,1.32216,1.32233,1.31,1.00
2018.02.01 15:11:04.885,1.32211,1.3223,1.57,1.00
2018.02.01 15:11:05.424,1.3221,1.32228,1.19,1.00
2018.02.01 15:11:05.976,1.32212,1.32229,1.19,1.00
2018.02.01 15:11:06.035,1.3222,1.3224,1.19,2.25
2018.02.01 15:11:06.087,1.32217,1.32237,1.69,1.25
2018.02.01 15:11:06.502,1.32216,1.32234,1.69,1.25
2018.02.01 15:11:07.164,1.32214,1.3223,1.69,1.00
2018.02.01 15:11:07.216,1.32214,1.32232,1.00,1.19
2018.02.01 15:11:07.268,1.32211,1.32231,1.50,1.19
2018.02.01 15:11:07.320,1.32213,1.32232,1.00,1.69
2018.02.01 15:11:07.546,1.32213,1.32235,2.81,1.12
2018.02.01 15:11:07.750,1.32215,1.32233,1.19,1.00
2018.02.01 15:11:09.380,1.3222,1.32238,1.00,1.87
2018.02.01 15:11:09.432,1.32221,1.32239,1.19,1.00
2018.02.01 15:11:09.587,1.32224,1.32242,1.25,1.50
2018.02.01 15:11:09.640,1.32226,1.32242,1.19,1.00
2018.02.01 15:11:09.692,1.32225,1.32245,1.31,1.00
2018.02.01 15:11:09.796,1.3223,1.32245,1.19,1.00
2018.02.01 15:11:09.952,1.32229,1.32248,1.19,1.12
2018.02.01 15:11:10.987,1.32229,1.32248,2.06,1.50
2018.02.01 15:11:11.043,1.3222,1.32238,1.25,1.00
2018.02.01 15:11:11.200,1.3222,1.32238,1.19,1.00
2018.02.01 15:11:11.715,1.32219,1.32239,1.31,1.00
2018.02.01 15:11:12.639,1.3222,1.32239,1.25,1.19
2018.02.01 15:11:12.806,1.32219,1.32239,1.19,1.00
2018.02.01 15:11:13.116,1.32218,1.32236,1.19,1.00
2018.02.01 15:11:13.988,1.32218,1.32236,1.25,1.00
2018.02.01 15:11:14.569,1.32219,1.32237,1.00,1.12
2018.02.01 15:11:15.332,1.32218,1.32236,1.69,1.00
2018.02.01 15:11:15.638,1.32223,1.32241,1.19,1.00
2018.02.01 15:11:15.742,1.32224,1.32244,1.69,1.00
2018.02.01 15:11:16.290,1.32225,1.32243,1.00,1.00
2018.02.01 15:11:16.856,1.32225,1.32244,1.69,1.50
2018.02.01 15:11:18.084,1.32226,1.32244,1.00,1.19
2018.02.01 15:11:18.137,1.32226,1.32244,1.25,1.00
2018.02.01 15:11:18.649,1.32226,1.32244,1.19,1.00
2018.02.01 15:11:19.074,1.32226,1.32246,1.69,1.69
2018.02.01 15:11:19.231,1.32226,1.32246,1.69,1.50
2018.02.01 15:11:20.359,1.32227,1.32246,1.69,1.25
2018.02.01 15:11:20.892,1.32227,1.32245,1.25,1.00
2018.02.01 15:11:21.350,1.32222,1.32239,1.25,1.00
2018.02.01 15:11:21.915,1.3222,1.32238,1.19,1.00
2018.02.01 15:11:22.571,1.3222,1.32237,1.00,1.19
2018.02.01 15:11:23.125,1.32217,1.32237,1.69,1.25
2018.02.01 15:11:23.495,1.32209,1.32228,1.25,1.19
2018.02.01 15:11:23.810,1.32206,1.32221,1.50,1.56
2018.02.01 15:11:23.863,1.32203,1.32222,2.06,1.87
2018.02.01 15:11:23.916,1.32205,1.32218,1.00,1.00
2018.02.01 15:11:23.968,1.32202,1.32218,1.25,1.00
2018.02.01 15:11:24.072,1.32205,1.32222,1.31,1.12
2018.02.01 15:11:24.124,1.32208,1.32223,1.00,2.25
2018.02.01 15:11:24.321,1.32208,1.32228,1.50,1.19
2018.02.01 15:11:25.460,1.32208,1.32228,1.69,1.19
2018.02.01 15:11:25.622,1.32209,1.32229,1.19,1.00
2018.02.01 15:11:25.843,1.32208,1.32228,2.44,1.25
2018.02.01 15:11:26.352,1.32209,1.32228,1.00,1.25
2018.02.01 15:11:26.633,1.32209,1.32228,1.00,1.19
2018.02.01 15:11:27.563,1.32208,1.32224,1.00,1.00
2018.02.01 15:11:27.615,1.32205,1.32224,2.06,1.19
2018.02.01 15:11:28.110,1.32208,1.32226,1.00,1.19
2018.02.01 15:11:28.704,1.32209,1.32224,1.25,1.00
2018.02.01 15:11:28.807,1.32209,1.32226,1.25,1.12
2018.02.01 15:11:29.364,1.32208,1.32225,1.00,1.25
2018.02.01 15:11:29.915,1.32207,1.32225,1.50,1.00
2018.02.01 15:11:30.092,1.32207,1.32223,1.00,1.00
2018.02.01 15:11:30.410,1.32203,1.32217,1.00,1.00
2018.02.01 15:11:30.463,1.322,1.32215,1.00,1.00
2018.02.01 15:11:30.587,1.32197,1.32214,1.50,1.25
2018.02.01 15:11:30.995,1.32197,1.32211,1.00,1.00
2018.02.01 15:11:31.097,1.32194,1.32211,1.50,1.25
2018.02.01 15:11:31.148,1.32194,1.3221,1.50,1.19
2018.02.01 15:11:31.290,1.32194,1.32211,1.50,1.25
2018.02.01 15:11:31.549,1.32194,1.32209,1.00,1.25
2018.02.01 15:11:31.653,1.32191,1.32209,1.00,1.69
2018.02.01 15:11:32.242,1.32191,1.32206,1.00,1.19
2018.02.01 15:11:32.347,1.32186,1.32204,1.00,1.19
2018.02.01 15:11:32.691,1.32183,1.32201,1.00,1.25
2018.02.01 15:11:33.238,1.32183,1.32203,2.44,2.06
2018.02.01 15:11:33.426,1.32182,1.32199,1.00,1.25
2018.02.01 15:11:33.788,1.32182,1.32197,1.25,1.00
2018.02.01 15:11:33.947,1.32189,1.32206,1.50,1.12
2018.02.01 15:11:34.328,1.32189,1.32209,2.44,1.19
2018.02.01 15:11:34.891,1.32191,1.32209,1.19,1.00
2018.02.01 15:11:34.943,1.32191,1.32209,1.00,1.25
2018.02.01 15:11:35.726,1.3219,1.32209,1.25,1.25
2018.02.01 15:11:37.031,1.32191,1.3221,1.00,1.31
2018.02.01 15:11:37.152,1.32191,1.3221,1.00,1.31
2018.02.01 15:11:37.380,1.32184,1.32201,1.00,1.00
2018.02.01 15:11:37.846,1.32186,1.32201,1.00,1.00
2018.02.01 15:11:38.337,1.32186,1.32203,1.00,1.00
2018.02.01 15:11:38.974,1.32186,1.32206,1.50,1.31
2018.02.01 15:11:39.077,1.3219,1.32207,1.19,1.12
2018.02.01 15:11:39.472,1.3219,1.32209,1.19,1.00
2018.02.01 15:11:39.950,1.32192,1.32211,1.19,1.25
2018.02.01 15:11:40.467,1.32192,1.32211,1.19,1.00
2018.02.01 15:11:41.119,1.32195,1.32211,1.00,1.00
2018.02.01 15:11:41.172,1.32205,1.32221,1.00,1.50
2018.02.01 15:11:41.225,1.32207,1.32226,1.25,2.06
2018.02.01 15:11:42.394,1.32207,1.32226,1.69,1.00
2018.02.01 15:11:42.964,1.32208,1.32226,1.00,1.00
2018.02.01 15:11:43.510,1.3221,1.32228,1.12,1.19
2018.02.01 15:11:44.302,1.3221,1.32228,1.12,1.19
2018.02.01 15:11:44.802,1.3221,1.32228,1.12,1.31
2018.02.01 15:11:45.198,1.3221,1.32226,1.12,1.25
2018.02.01 15:11:45.349,1.3221,1.32226,1.12,1.19
2018.02.01 15:11:47.175,1.32207,1.32219,1.50,1.50
2018.02.01 15:11:47.281,1.32205,1.32218,1.00,1.00
2018.02.01 15:11:47.441,1.322,1.32218,1.00,1.00
2018.02.01 15:11:47.596,1.322,1.32217,1.00,1.19
2018.02.01 15:11:48.097,1.322,1.32217,1.00,1.00
2018.02.01 15:11:48.669,1.32198,1.32218,2.44,1.25
2018.02.01 15:11:49.609,1.32202,1.3222,1.00,1.00
2018.02.01 15:11:49.925,1.32205,1.32223,1.00,1.69
2018.02.01 15:11:50.079,1.32205,1.32223,1.00,1.50
2018.02.01 15:11:50.397,1.32205,1.32223,1.00,1.19
2018.02.01 15:11:51.278,1.32205,1.32224,1.00,1.19
2018.02.01 15:11:51.625,1.32217,1.32235,1.87,1.25
2018.02.01 15:11:52.097,1.3222,1.32237,1.12,1.19
2018.02.01 15:11:52.200,1.32216,1.32235,3.75,1.25
2018.02.01 15:11:52.565,1.32216,1.32235,3.00,1.19
2018.02.01 15:11:52.885,1.32221,1.32239,1.50,1.69
2018.02.01 15:11:53.195,1.32224,1.32242,1.00,1.19
2018.02.01 15:11:53.732,1.32225,1.32243,1.00,1.19
2018.02.01 15:11:54.102,1.32225,1.32243,1.00,1.25
2018.02.01 15:11:54.348,1.32225,1.32243,1.00,1.19
2018.02.01 15:11:54.400,1.32223,1.32241,2.81,1.00
2018.02.01 15:11:54.451,1.32224,1.32239,1.00,1.25
2018.02.01 15:11:54.753,1.32218,1.32235,1.87,1.19
2018.02.01 15:11:54.959,1.32215,1.32235,2.44,1.19
2018.02.01 15:11:55.390,1.32219,1.32236,1.00,1.69
2018.02.01 15:11:55.669,1.32223,1.32241,1.69,1.00
2018.02.01 15:11:57.073,1.32223,1.32241,1.69,1.00
2018.02.01 15:11:57.592,1.32222,1.32242,2.44,1.25
2018.02.01 15:11:58.958,1.32222,1.32241,2.81,1.00
2018.02.01 15:11:59.174,1.32222,1.3224,1.25,1.25
2018.02.01 15:11:59.378,1.3222,1.32239,1.00,1.25
2018.02.01 15:11:59.429,1.32218,1.32237,1.50,1.19
2018.02.01 15:11:59.976,1.32215,1.32236,5.14,1.00
2018.02.01 15:12:00.771,1.32215,1.32236,3.56,1.00
2018.02.01 15:12:01.314,1.32215,1.32234,1.00,1.25
2018.02.01 15:12:01.418,1.32215,1.32234,2.44,1.00
2018.02.01 15:12:01.469,1.32215,1.32236,1.31,2.44
2018.02.01 15:12:02.218,1.32216,1.32234,1.19,1.00
2018.02.01 15:12:03.183,1.32216,1.32234,1.00,1.00
2018.02.01 15:12:03.696,1.32215,1.32235,1.19,1.25
2018.02.01 15:12:04.619,1.32215,1.32235,1.00,1.19
2018.02.01 15:12:04.721,1.32217,1.32235,1.00,1.19
2018.02.01 15:12:05.171,1.32215,1.32236,2.62,1.19
2018.02.01 15:12:05.274,1.32215,1.32233,1.31,1.00
2018.02.01 15:12:05.456,1.32215,1.32233,1.12,1.00
2018.02.01 15:12:05.508,1.32215,1.32235,1.12,1.25
2018.02.01 15:12:05.818,1.32217,1.32236,1.00,1.19
2018.02.01 15:12:07.564,1.32214,1.32233,1.19,1.00
2018.02.01 15:12:07.619,1.32215,1.32235,1.69,1.00
2018.02.01 15:12:07.672,1.32215,1.32233,2.06,1.00
2018.02.01 15:12:08.428,1.32213,1.32229,1.19,1.00
2018.02.01 15:12:08.488,1.32209,1.32227,2.25,1.00
2018.02.01 15:12:08.540,1.32208,1.32225,1.00,1.00
2018.02.01 15:12:09.121,1.32212,1.32229,1.00,1.25
2018.02.01 15:12:09.436,1.32209,1.32226,1.12,1.00
2018.02.01 15:12:09.978,1.32209,1.32227,2.06,1.00
2018.02.01 15:12:10.119,1.32209,1.3223,2.06,1.19
2018.02.01 15:12:10.172,1.32211,1.32229,1.87,1.25
2018.02.01 15:12:10.769,1.32211,1.32229,1.87,1.19
2018.02.01 15:12:11.075,1.32213,1.32231,1.00,1.19
2018.02.01 15:12:11.252,1.32211,1.32231,2.81,1.25
2018.02.01 15:12:11.356,1.32209,1.32225,2.44,1.00
2018.02.01 15:12:11.561,1.32209,1.32227,1.00,1.25
2018.02.01 15:12:12.069,1.32209,1.32226,1.00,1.00
2018.02.01 15:12:12.221,1.32207,1.32226,1.12,1.00
2018.02.01 15:12:12.529,1.32207,1.32226,2.06,1.00
2018.02.01 15:12:12.925,1.32209,1.32229,1.19,1.69
2018.02.01 15:12:13.441,1.32209,1.32227,1.69,1.00
2018.02.01 15:12:13.878,1.32209,1.32229,2.44,1.50
2018.02.01 15:12:13.932,1.32213,1.32231,1.31,1.00
2018.02.01 15:12:13.984,1.32214,1.32234,2.25,3.19
2018.02.01 15:12:14.036,1.32214,1.32228,1.50,1.25
2018.02.01 15:12:14.140,1.32209,1.32224,1.00,1.00
2018.02.01 15:12:14.192,1.32207,1.32225,1.25,1.00
2018.02.01 15:12:14.437,1.32207,1.32225,1.00,1.19
2018.02.01 15:12:14.496,1.32208,1.32227,1.25,1.19
2018.02.01 15:12:14.777,1.3221,1.3223,1.19,1.25
2018.02.01 15:12:15.097,1.32213,1.32233,1.69,1.00
2018.02.01 15:12:15.203,1.32214,1.32235,2.06,1.69
2018.02.01 15:12:15.360,1.32214,1.32232,2.06,1.00
2018.02.01 15:12:15.730,1.32217,1.32236,1.00,2.81
2018.02.01 15:12:15.782,1.32216,1.32236,1.31,3.19
2018.02.01 15:12:15.834,1.32216,1.32236,1.56,1.00
2018.02.01 15:12:15.886,1.32217,1.32236,2.06,1.25
2018.02.01 15:12:15.938,1.32217,1.32234,1.31,1.00
2018.02.01 15:12:16.247,1.32211,1.32228,1.00,1.25
2018.02.01 15:12:17.421,1.32211,1.32231,2.81,1.25
2018.02.01 15:12:17.572,1.32215,1.32233,1.62,1.00
2018.02.01 15:12:17.628,1.32216,1.32237,1.12,1.19
2018.02.01 15:12:18.141,1.32217,1.32235,1.12,1.25
2018.02.01 15:12:18.988,1.32216,1.32234,1.00,1.25
2018.02.01 15:12:19.513,1.32217,1.32235,1.00,1.19
2018.02.01 15:12:20.056,1.32217,1.32236,1.00,1.25
2018.02.01 15:12:20.108,1.3222,1.32238,1.00,1.69
2018.02.01 15:12:20.456,1.32222,1.32241,1.00,1.19
2018.02.01 15:12:21.015,1.32223,1.32243,1.00,1.31
2018.02.01 15:12:21.303,1.32223,1.32243,1.00,1.19
2018.02.01 15:12:21.556,1.32226,1.32244,1.00,2.44
2018.02.01 15:12:23.530,1.32226,1.32244,1.25,1.25
2018.02.01 15:12:23.763,1.32233,1.32248,2.06,1.50
2018.02.01 15:12:23.815,1.32238,1.32256,1.25,1.50
2018.02.01 15:12:23.918,1.32237,1.32258,1.69,2.06
2018.02.01 15:12:24.176,1.32234,1.32253,1.57,1.25
2018.02.01 15:12:24.658,1.32233,1.32251,1.50,1.00
2018.02.01 15:12:24.967,1.32235,1.32255,1.00,2.14
2018.02.01 15:12:25.277,1.32237,1.32255,1.00,1.69
2018.02.01 15:12:25.873,1.32237,1.32255,1.00,1.69
2018.02.01 15:12:26.161,1.32239,1.32257,1.00,1.19
2018.02.01 15:12:26.213,1.32236,1.32258,1.25,2.81
2018.02.01 15:12:26.813,1.32235,1.32254,1.00,1.25
2018.02.01 15:12:27.416,1.32234,1.32254,1.25,1.25
2018.02.01 15:12:27.986,1.32234,1.32254,1.25,1.69
2018.02.01 15:12:28.369,1.32236,1.32254,1.00,1.19
2018.02.01 15:12:29.194,1.32236,1.32254,1.00,1.29
2018.02.01 15:12:29.718,1.32234,1.32254,1.19,1.29
2018.02.01 15:12:30.124,1.32232,1.3225,2.06,1.00
2018.02.01 15:12:30.176,1.32231,1.3225,1.00,1.25
2018.02.01 15:12:30.228,1.32229,1.32249,1.50,1.19
2018.02.01 15:12:31.448,1.32227,1.32247,1.69,1.00
2018.02.01 15:12:31.869,1.32227,1.32244,1.00,1.25
2018.02.01 15:12:31.972,1.32223,1.32244,1.69,1.19
2018.02.01 15:12:32.023,1.32225,1.32245,1.25,1.39
2018.02.01 15:12:32.261,1.32219,1.3224,1.25,1.69
2018.02.01 15:12:32.364,1.32221,1.3224,1.00,1.56
2018.02.01 15:12:33.064,1.32219,1.3224,2.81,1.19
2018.02.01 15:12:33.590,1.32219,1.32238,1.69,1.25
2018.02.01 15:12:35.229,1.32219,1.32239,1.50,1.19
2018.02.01 15:12:35.418,1.3222,1.32239,1.25,1.25
2018.02.01 15:12:35.924,1.32219,1.3224,1.69,1.25
2018.02.01 15:12:36.557,1.32219,1.3224,1.69,1.69
2018.02.01 15:12:36.868,1.32216,1.32235,1.00,1.00
2018.02.01 15:12:37.396,1.32216,1.32234,1.00,1.25
2018.02.01 15:12:38.492,1.32216,1.32235,1.25,1.00
2018.02.01 15:12:41.271,1.32217,1.32238,1.00,2.81
2018.02.01 15:12:41.322,1.32217,1.32239,1.69,1.25
2018.02.01 15:12:41.374,1.32219,1.32239,1.19,1.25
2018.02.01 15:12:42.429,1.32222,1.32241,1.00,1.19
2018.02.01 15:12:43.898,1.32222,1.32241,1.00,1.00
2018.02.01 15:12:44.448,1.32221,1.32243,1.25,2.06
2018.02.01 15:12:45.117,1.3222,1.3224,1.69,1.00
2018.02.01 15:12:45.438,1.32221,1.32241,1.19,1.00
2018.02.01 15:12:47.332,1.3222,1.32241,1.69,1.19
2018.02.01 15:12:47.860,1.32219,1.32241,2.06,2.06
2018.02.01 15:12:48.966,1.32219,1.32237,1.00,1.19
2018.02.01 15:12:49.308,1.32214,1.32233,1.00,1.69
2018.02.01 15:12:49.360,1.32214,1.32233,1.69,1.00
2018.02.01 15:12:49.412,1.32214,1.32235,2.44,1.31
2018.02.01 15:12:50.112,1.32214,1.32234,2.44,1.00
2018.02.01 15:12:50.165,1.32213,1.32229,1.00,1.00
2018.02.01 15:12:50.217,1.3221,1.32231,1.25,1.25
2018.02.01 15:12:50.269,1.32209,1.32229,1.69,1.00
2018.02.01 15:12:50.586,1.32212,1.32231,1.69,1.87
2018.02.01 15:12:50.905,1.32221,1.32241,2.44,1.19
2018.02.01 15:12:51.386,1.32225,1.32243,1.19,1.00
2018.02.01 15:12:51.440,1.32228,1.32245,1.31,1.00
2018.02.01 15:12:51.633,1.32225,1.32246,1.19,1.25
2018.02.01 15:12:51.684,1.32227,1.32247,2.44,1.50
2018.02.01 15:12:51.837,1.32228,1.32249,1.69,1.25
2018.02.01 15:12:51.889,1.32228,1.32246,1.12,1.19
2018.02.01 15:12:52.394,1.32228,1.32248,1.87,1.19
2018.02.01 15:12:52.923,1.32228,1.32249,1.50,1.31
2018.02.01 15:12:53.026,1.32228,1.3225,1.69,1.19
2018.02.01 15:12:53.078,1.32231,1.3225,1.19,1.25
2018.02.01 15:12:54.186,1.32231,1.32252,1.69,1.69
2018.02.01 15:12:54.943,1.32231,1.32252,1.19,1.69
2018.02.01 15:12:55.200,1.32231,1.32251,1.00,2.06
2018.02.01 15:12:55.251,1.32231,1.32251,1.19,1.69
2018.02.01 15:12:55.726,1.3223,1.3225,1.00,1.19
2018.02.01 15:12:56.238,1.32228,1.32249,1.69,1.19
2018.02.01 15:12:56.627,1.32228,1.3225,1.25,2.44
2018.02.01 15:12:57.134,1.32225,1.32243,1.25,1.25
2018.02.01 15:12:57.481,1.32232,1.32249,1.00,1.25
2018.02.01 15:12:58.088,1.32231,1.3225,1.00,1.19
2018.02.01 15:12:58.614,1.3223,1.32249,1.00,1.69
2018.02.01 15:12:59.412,1.32229,1.32249,1.00,1.19
2018.02.01 15:13:00.089,1.32228,1.32248,1.00,1.19
2018.02.01 15:13:00.684,1.32229,1.32249,1.25,1.69
2018.02.01 15:13:01.331,1.32229,1.3225,1.00,1.19
2018.02.01 15:13:03.302,1.32228,1.32251,1.25,1.19
2018.02.01 15:13:03.641,1.32228,1.32251,1.25,1.31
2018.02.01 15:13:04.146,1.32228,1.32251,1.19,1.31
2018.02.01 15:13:04.550,1.32228,1.3225,1.00,1.56
2018.02.01 15:13:04.857,1.32229,1.3225,1.19,1.19
2018.02.01 15:13:07.249,1.32227,1.3225,1.69,1.69
2018.02.01 15:13:08.391,1.32228,1.3225,1.31,1.19
2018.02.01 15:13:10.111,1.32228,1.3225,1.29,1.19
2018.02.01 15:13:10.420,1.32229,1.32249,1.00,1.19
2018.02.01 15:13:11.520,1.32229,1.32249,1.00,1.25
2018.02.01 15:13:12.313,1.32225,1.32243,1.69,1.00
2018.02.01 15:13:12.366,1.32224,1.32243,2.25,1.25
2018.02.01 15:13:13.160,1.32228,1.32248,1.00,2.06
2018.02.01 15:13:13.723,1.32229,1.32249,1.00,1.19
2018.02.01 15:13:14.326,1.32229,1.32249,1.00,1.31
2018.02.01 15:13:14.564,1.32229,1.32249,1.00,1.19
2018.02.01 15:13:15.060,1.32227,1.32248,1.69,1.19
2018.02.01 15:13:15.604,1.32228,1.32247,1.00,1.25
2018.02.01 15:13:16.128,1.32227,1.32247,1.50,1.19
2018.02.01 15:13:16.676,1.32228,1.32247,1.25,1.19
2018.02.01 15:13:17.268,1.32228,1.32247,1.19,1.25
2018.02.01 15:13:18.623,1.32229,1.3225,1.00,1.31
2018.02.01 15:13:19.431,1.32229,1.3225,1.00,1.31
2018.02.01 15:13:19.484,1.32231,1.32251,1.25,1.69
2018.02.01 15:13:19.742,1.32231,1.32251,1.00,2.06
2018.02.01 15:13:19.847,1.32226,1.32248,4.76,1.19
2018.02.01 15:13:20.003,1.32232,1.3225,1.00,2.44
2018.02.01 15:13:20.055,1.32233,1.32254,1.00,1.69
2018.02.01 15:13:20.107,1.32233,1.32247,1.00,1.19
2018.02.01 15:13:20.158,1.3223,1.32247,1.12,1.19
2018.02.01 15:13:20.211,1.32228,1.32243,1.50,1.19
2018.02.01 15:13:20.262,1.32223,1.32243,1.00,1.31
2018.02.01 15:13:20.416,1.32218,1.32233,1.37,1.25
2018.02.01 15:13:20.470,1.32219,1.32236,1.00,1.00
2018.02.01 15:13:20.594,1.32216,1.32234,1.00,1.19
2018.02.01 15:13:20.651,1.32213,1.32231,2.06,1.00
2018.02.01 15:13:20.807,1.32214,1.32234,1.25,1.25
2018.02.01 15:13:20.859,1.32214,1.32233,1.00,1.19
2018.02.01 15:13:21.014,1.32214,1.32235,1.19,2.44
2018.02.01 15:13:21.170,1.32214,1.32234,1.00,1.19
2018.02.01 15:13:21.529,1.32216,1.32234,1.00,1.19
2018.02.01 15:13:21.788,1.32216,1.32234,1.25,1.25
2018.02.01 15:13:23.024,1.32215,1.32235,1.00,1.69
2018.02.01 15:13:23.730,1.32214,1.32232,2.06,1.00
2018.02.01 15:13:24.329,1.32216,1.32236,1.00,1.69
2018.02.01 15:13:24.834,1.32215,1.32234,1.50,1.31
2018.02.01 15:13:25.141,1.32215,1.32234,1.50,1.31
2018.02.01 15:13:26.074,1.32213,1.32234,1.25,2.06
2018.02.01 15:13:26.478,1.32212,1.32231,2.62,1.19
2018.02.01 15:13:28.007,1.32215,1.32232,1.00,1.25
2018.02.01 15:13:28.538,1.32214,1.32234,1.00,1.19
2018.02.01 15:13:29.083,1.32222,1.32235,1.00,1.00
2018.02.01 15:13:29.136,1.32222,1.32241,2.06,1.25
2018.02.01 15:13:29.241,1.32227,1.32244,1.00,1.25
2018.02.01 15:13:29.551,1.32227,1.32244,1.00,1.69
2018.02.01 15:13:29.891,1.32228,1.32246,1.00,1.19
2018.02.01 15:13:29.946,1.32233,1.32252,1.19,1.00
2018.02.01 15:13:30.048,1.32234,1.32254,1.19,1.25
2018.02.01 15:13:31.303,1.32234,1.32253,1.19,1.00
2018.02.01 15:13:31.449,1.32233,1.32252,1.69,1.19
2018.02.01 15:13:32.501,1.32233,1.32251,1.00,1.19
2018.02.01 15:13:33.346,1.32233,1.32252,1.76,1.19
2018.02.01 15:13:34.046,1.32233,1.32253,2.14,1.19
2018.02.01 15:13:34.329,1.32236,1.32254,1.00,1.19
2018.02.01 15:13:34.453,1.32236,1.32254,1.10,1.25
2018.02.01 15:13:34.506,1.32239,1.32257,1.00,1.25
2018.02.01 15:13:35.054,1.3224,1.32258,1.10,1.19
2018.02.01 15:13:35.848,1.32241,1.32258,1.10,1.19
2018.02.01 15:13:35.900,1.32243,1.32261,1.00,1.25
2018.02.01 15:13:36.002,1.32243,1.32263,1.57,2.44
2018.02.01 15:13:36.326,1.32239,1.32254,1.00,1.25
2018.02.01 15:13:36.875,1.32239,1.32255,1.00,1.00
2018.02.01 15:13:37.009,1.32241,1.32259,1.25,1.69
2018.02.01 15:13:38.071,1.3224,1.32257,1.00,1.00
2018.02.01 15:13:38.174,1.3224,1.32259,1.00,1.69
2018.02.01 15:13:39.046,1.32243,1.32258,1.00,1.00
2018.02.01 15:13:39.305,1.32239,1.32257,1.10,1.19
2018.02.01 15:13:39.810,1.32239,1.32255,1.00,1.00
2018.02.01 15:13:40.331,1.32237,1.32255,3.07,1.00
2018.02.01 15:13:40.841,1.32238,1.32257,1.10,1.19
2018.02.01 15:13:41.942,1.32238,1.32257,1.76,1.19
2018.02.01 15:13:42.619,1.32238,1.32257,1.57,1.19
2018.02.01 15:13:43.010,1.32241,1.32257,1.87,1.19
2018.02.01 15:13:43.270,1.32241,1.32259,1.12,1.19
2018.02.01 15:13:43.426,1.32245,1.32263,1.00,1.19
2018.02.01 15:13:43.740,1.32246,1.32262,2.25,1.19
2018.02.01 15:13:43.861,1.32242,1.32258,1.00,1.19
2018.02.01 15:13:43.913,1.3224,1.32258,2.25,1.19
2018.02.01 15:13:44.118,1.32245,1.32262,1.00,1.25
2018.02.01 15:13:44.577,1.32247,1.32266,1.00,1.31
2018.02.01 15:13:44.926,1.3225,1.32267,1.00,1.69
2018.02.01 15:13:45.662,1.32249,1.32267,1.50,1.19
2018.02.01 15:13:45.898,1.32251,1.32269,1.00,1.00
2018.02.01 15:13:46.125,1.32254,1.3227,1.00,1.00
2018.02.01 15:13:46.177,1.32255,1.32272,1.00,1.00
2018.02.01 15:13:46.229,1.32257,1.32275,1.00,1.31
2018.02.01 15:13:46.679,1.32256,1.32274,1.00,1.19
2018.02.01 15:13:46.828,1.32254,1.32274,1.12,1.19
2018.02.01 15:13:47.380,1.32254,1.32274,1.12,1.19
2018.02.01 15:13:48.009,1.32255,1.32274,1.00,1.25
2018.02.01 15:13:48.304,1.32257,1.32275,1.00,1.31
2018.02.01 15:13:48.468,1.32255,1.32274,1.00,1.31
2018.02.01 15:13:49.040,1.32257,1.32275,1.00,1.19
2018.02.01 15:13:49.094,1.32257,1.32277,1.69,1.19
2018.02.01 15:13:50.195,1.32258,1.32276,1.31,1.62
2018.02.01 15:13:50.756,1.32256,1.32275,1.19,1.25
2018.02.01 15:13:51.887,1.32257,1.32275,1.00,1.69
2018.02.01 15:13:51.940,1.32255,1.32274,1.87,1.69
2018.02.01 15:13:51.993,1.32251,1.32269,2.25,1.19
2018.02.01 15:13:52.045,1.32252,1.32267,1.00,1.00
2018.02.01 15:13:52.098,1.32248,1.32267,1.19,1.00
2018.02.01 15:13:52.750,1.32248,1.32267,1.00,1.19
2018.02.01 15:13:52.916,1.32248,1.32264,1.00,1.00
2018.02.01 15:13:53.020,1.32246,1.32263,1.00,1.00
2018.02.01 15:13:53.326,1.32245,1.32263,1.00,1.19
2018.02.01 15:13:53.733,1.32241,1.32256,1.00,1.19
2018.02.01 15:13:53.837,1.32237,1.32252,1.00,1.56
2018.02.01 15:13:53.889,1.32234,1.32252,1.50,1.56
2018.02.01 15:13:54.145,1.3223,1.32246,1.00,1.00
2018.02.01 15:13:54.200,1.32227,1.32246,1.69,1.00
2018.02.01 15:13:54.253,1.32226,1.32245,1.25,1.19
2018.02.01 15:13:54.616,1.32226,1.32244,1.19,1.00
2018.02.01 15:13:55.130,1.32229,1.32247,1.00,1.19
2018.02.01 15:13:55.985,1.32229,1.32247,1.00,1.19
2018.02.01 15:13:56.503,1.3223,1.32249,1.00,1.69
2018.02.01 15:13:56.612,1.3223,1.32248,1.25,1.25
2018.02.01 15:13:57.175,1.32231,1.32249,1.00,1.31
2018.02.01 15:13:58.075,1.32233,1.32251,1.25,1.31
2018.02.01 15:13:59.218,1.32233,1.32251,1.00,1.19
2018.02.01 15:14:00.165,1.32232,1.32249,1.00,1.00
2018.02.01 15:14:00.269,1.32236,1.32254,1.00,1.19
2018.02.01 15:14:00.447,1.32237,1.32255,1.69,1.00
2018.02.01 15:14:01.147,1.32238,1.32257,1.00,1.31
2018.02.01 15:14:01.250,1.32237,1.32256,1.25,1.69
2018.02.01 15:14:01.560,1.32236,1.32253,1.12,1.19
2018.02.01 15:14:01.739,1.32234,1.32252,1.50,1.19
2018.02.01 15:14:02.097,1.32236,1.32254,1.00,1.69
2018.02.01 15:14:02.149,1.32237,1.32256,1.25,1.00
2018.02.01 15:14:02.659,1.32238,1.32258,1.00,1.69
2018.02.01 15:14:03.314,1.32238,1.32258,1.00,1.69
2018.02.01 15:14:03.646,1.3224,1.32257,1.00,1.19
2018.02.01 15:14:03.984,1.32237,1.32253,1.00,1.19
2018.02.01 15:14:04.527,1.32236,1.32254,1.00,1.69
2018.02.01 15:14:05.178,1.32236,1.32254,1.00,1.31
2018.02.01 15:14:05.692,1.32236,1.32252,1.00,1.25
2018.02.01 15:14:06.628,1.32236,1.32252,1.00,1.19
2018.02.01 15:14:08.146,1.32236,1.32252,1.00,1.25
2018.02.01 15:14:08.694,1.32235,1.32252,1.50,1.25
2018.02.01 15:14:09.927,1.32235,1.32254,1.50,1.31
2018.02.01 15:14:14.209,1.32236,1.32253,1.00,1.25
2018.02.01 15:14:15.286,1.32235,1.32253,1.25,1.00
2018.02.01 15:14:17.123,1.3224,1.32254,1.00,1.19
2018.02.01 15:14:17.176,1.32241,1.32259,1.00,1.31
2018.02.01 15:14:17.818,1.3224,1.3226,1.50,1.69
2018.02.01 15:14:18.220,1.32243,1.32261,1.00,2.06
2018.02.01 15:14:18.272,1.32243,1.32261,1.50,1.25
2018.02.01 15:14:20.499,1.32244,1.32262,1.00,1.19
2018.02.01 15:14:21.043,1.32244,1.32262,1.00,1.00
2018.02.01 15:14:21.686,1.32244,1.32261,1.00,1.00
2018.02.01 15:14:22.430,1.32245,1.32262,1.00,1.00
2018.02.01 15:14:22.535,1.32243,1.32257,1.00,1.00
2018.02.01 15:14:22.591,1.3224,1.32257,1.87,1.00
2018.02.01 15:14:22.827,1.32242,1.32258,1.00,1.00
2018.02.01 15:14:23.187,1.32246,1.32262,1.00,1.69
2018.02.01 15:14:23.240,1.32244,1.32263,1.25,1.39
2018.02.01 15:14:23.291,1.32246,1.32262,1.00,1.25
2018.02.01 15:14:23.439,1.32244,1.32262,1.00,1.19
2018.02.01 15:14:23.490,1.32246,1.32263,1.00,1.19
2018.02.01 15:14:23.643,1.32247,1.32266,1.00,1.25
2018.02.01 15:14:23.747,1.32248,1.32264,1.50,1.00
2018.02.01 15:14:24.052,1.32243,1.32257,1.00,1.00
2018.02.01 15:14:24.363,1.32241,1.32257,1.00,1.25
2018.02.01 15:14:24.416,1.32239,1.32257,1.00,1.25
2018.02.01 15:14:24.703,1.32241,1.32257,2.25,1.25
2018.02.01 15:14:24.964,1.32239,1.32256,1.25,1.00
2018.02.01 15:14:25.068,1.32239,1.32254,1.25,1.00
2018.02.01 15:14:25.675,1.32239,1.32255,1.69,1.00
2018.02.01 15:14:26.905,1.32239,1.32257,1.50,1.19
2018.02.01 15:14:27.846,1.32235,1.32249,1.50,2.25
2018.02.01 15:14:27.898,1.32234,1.32248,1.00,1.56
2018.02.01 15:14:27.950,1.32231,1.32247,1.00,1.31
2018.02.01 15:14:28.126,1.32231,1.32251,1.00,2.06
2018.02.01 15:14:28.177,1.32235,1.32251,1.00,1.00
2018.02.01 15:14:28.694,1.32234,1.3225,1.50,1.00
2018.02.01 15:14:29.008,1.32234,1.32248,1.00,1.00
2018.02.01 15:14:29.525,1.32234,1.3225,1.00,1.19
2018.02.01 15:14:29.696,1.3223,1.32247,1.69,1.00
2018.02.01 15:14:29.915,1.32232,1.32251,1.00,2.44
2018.02.01 15:14:30.019,1.32232,1.3225,1.00,1.00
2018.02.01 15:14:30.226,1.32235,1.32251,1.00,1.25
2018.02.01 15:14:30.323,1.32233,1.32253,1.00,1.31
2018.02.01 15:14:30.377,1.32236,1.32253,1.00,1.25
2018.02.01 15:14:30.689,1.32234,1.32251,1.00,1.25
2018.02.01 15:14:31.441,1.32233,1.32253,1.69,1.31
2018.02.01 15:14:31.493,1.32233,1.32253,1.69,1.12
2018.02.01 15:14:32.214,1.32235,1.32252,1.00,1.00
2018.02.01 15:14:32.267,1.32237,1.32253,1.00,1.00
2018.02.01 15:14:32.845,1.32237,1.32254,1.00,1.25
2018.02.01 15:14:33.252,1.32236,1.32252,1.50,1.19
2018.02.01 15:14:33.698,1.32236,1.32254,1.50,1.25
2018.02.01 15:14:34.199,1.32237,1.32255,1.00,1.19
2018.02.01 15:14:34.407,1.32239,1.32255,1.00,1.00
2018.02.01 15:14:35.493,1.32239,1.32257,1.00,1.19
2018.02.01 15:14:36.031,1.32238,1.32256,2.06,1.00
2018.02.01 15:14:36.342,1.32241,1.32257,1.00,1.00
2018.02.01 15:14:36.686,1.32243,1.32259,1.00,1.50
2018.02.01 15:14:36.744,1.32243,1.32261,1.00,1.50
2018.02.01 15:14:37.382,1.32244,1.32262,1.00,1.25
2018.02.01 15:14:37.622,1.32243,1.3226,1.00,1.69
2018.02.01 15:14:37.676,1.32241,1.32261,2.81,1.56
2018.02.01 15:14:37.732,1.32244,1.32262,1.00,2.06
2018.02.01 15:14:37.785,1.32244,1.32262,1.00,1.62
2018.02.01 15:14:37.838,1.32244,1.32262,1.00,1.56
2018.02.01 15:14:38.046,1.32241,1.32261,1.69,1.19
2018.02.01 15:14:38.960,1.32244,1.32262,1.00,1.25
2018.02.01 15:14:39.261,1.32248,1.32264,1.00,1.00
2018.02.01 15:14:39.775,1.32247,1.32264,1.00,1.50
2018.02.01 15:14:40.273,1.32247,1.32264,1.00,1.19
2018.02.01 15:14:40.440,1.32245,1.32267,1.00,2.06
2018.02.01 15:14:40.645,1.32242,1.32262,1.50,1.19
2018.02.01 15:14:41.851,1.32243,1.32261,1.00,1.19
2018.02.01 15:14:42.369,1.32245,1.32262,1.00,1.39
2018.02.01 15:14:42.421,1.32242,1.32262,1.69,1.29
2018.02.01 15:14:42.885,1.32243,1.32262,1.00,1.19
2018.02.01 15:14:43.199,1.32244,1.32261,1.00,1.25
2018.02.01 15:14:43.882,1.32243,1.3226,1.00,1.00
2018.02.01 15:14:44.433,1.32243,1.3226,1.00,1.19
2018.02.01 15:14:45.224,1.32242,1.32259,1.00,1.25
2018.02.01 15:14:45.935,1.3224,1.3226,1.19,1.29
2018.02.01 15:14:47.402,1.32241,1.32262,1.31,1.07
2018.02.01 15:14:47.506,1.32242,1.32262,1.19,1.00
2018.02.01 15:14:47.962,1.3224,1.32259,1.12,1.19
2018.02.01 15:14:48.780,1.3224,1.3226,1.31,1.25
2018.02.01 15:14:50.248,1.3224,1.3226,1.31,1.29
2018.02.01 15:14:50.558,1.32237,1.32259,1.56,1.76
2018.02.01 15:14:52.515,1.32237,1.32257,1.19,1.32
2018.02.01 15:14:53.053,1.32237,1.32257,1.19,1.25
2018.02.01 15:14:53.382,1.32236,1.32253,1.12,1.25
2018.02.01 15:14:53.434,1.32234,1.32252,1.25,1.00
2018.02.01 15:14:53.937,1.32234,1.32253,1.25,1.25
2018.02.01 15:14:54.485,1.32234,1.32253,1.19,1.00
2018.02.01 15:14:54.678,1.32232,1.3225,1.31,1.00
2018.02.01 15:14:54.973,1.32236,1.32255,1.56,1.00
2018.02.01 15:14:55.126,1.32236,1.32253,1.00,1.19
2018.02.01 15:14:55.182,1.32234,1.32256,3.19,1.69
2018.02.01 15:14:55.236,1.32236,1.32254,1.37,1.19
2018.02.01 15:14:55.340,1.32234,1.32255,2.25,1.29
2018.02.01 15:14:55.392,1.32236,1.32252,1.00,1.19
2018.02.01 15:14:55.535,1.32233,1.32251,1.00,1.19
2018.02.01 15:14:55.797,1.32233,1.32251,1.31,1.00
2018.02.01 15:14:56.306,1.32233,1.32252,2.06,1.00
2018.02.01 15:14:56.801,1.32239,1.32258,1.19,2.62
2018.02.01 15:14:57.350,1.32237,1.32257,2.06,1.00
2018.02.01 15:14:57.907,1.3224,1.32258,1.19,1.00
2018.02.01 15:14:59.264,1.3224,1.32259,1.00,1.25
2018.02.01 15:14:59.803,1.3224,1.3226,1.69,1.00
2018.02.01 15:15:00.115,1.32237,1.32255,1.00,1.00
2018.02.01 15:15:00.443,1.3224,1.32259,1.00,3.19
2018.02.01 15:15:00.601,1.32236,1.32254,1.50,1.00
2018.02.01 15:15:01.133,1.32233,1.32253,2.81,1.00
2018.02.01 15:15:01.684,1.32233,1.32253,2.81,1.00
2018.02.01 15:15:01.839,1.32236,1.32255,1.19,1.69
2018.02.01 15:15:02.077,1.32238,1.32256,1.19,1.00
2018.02.01 15:15:02.435,1.32236,1.32254,1.69,1.00
2018.02.01 15:15:02.976,1.32236,1.32254,1.69,1.00
2018.02.01 15:15:03.487,1.32237,1.32256,1.00,1.19
2018.02.01 15:15:03.935,1.32237,1.32258,1.25,1.69
2018.02.01 15:15:04.089,1.32236,1.32255,1.69,1.00
2018.02.01 15:15:04.231,1.32236,1.32257,1.69,1.12
2018.02.01 15:15:04.387,1.32236,1.32255,1.00,1.19
2018.02.01 15:15:04.699,1.32235,1.32252,1.00,1.00
2018.02.01 15:15:04.953,1.32225,1.32246,1.69,1.19
2018.02.01 15:15:05.056,1.32225,1.32246,1.69,1.00
2018.02.01 15:15:05.158,1.32225,1.32245,1.00,1.25
2018.02.01 15:15:05.825,1.32225,1.32247,1.69,1.00
2018.02.01 15:15:06.346,1.32225,1.32246,1.25,1.31
2018.02.01 15:15:06.881,1.32227,1.32247,1.00,1.25
2018.02.01 15:15:07.517,1.32226,1.32248,1.31,1.19
2018.02.01 15:15:07.916,1.32229,1.32249,1.00,1.19
2018.02.01 15:15:08.225,1.32229,1.32249,1.25,1.25
2018.02.01 15:15:08.434,1.32231,1.3225,1.19,1.00
2018.02.01 15:15:08.616,1.32232,1.32252,1.25,1.25
2018.02.01 15:15:09.136,1.32231,1.32251,1.19,1.12
2018.02.01 15:15:09.733,1.3223,1.32251,1.19,1.31
2018.02.01 15:15:10.235,1.32232,1.32251,1.00,1.25
2018.02.01 15:15:11.285,1.32235,1.32255,1.25,1.12
2018.02.01 15:15:12.291,1.32235,1.32256,1.69,1.87
2018.02.01 15:15:12.795,1.32235,1.32256,1.25,2.14
2018.02.01 15:15:13.008,1.32234,1.32253,1.19,1.00
2018.02.01 15:15:13.357,1.32234,1.32252,1.00,1.31
2018.02.01 15:15:13.862,1.32235,1.32251,1.00,1.25
2018.02.01 15:15:14.560,1.32235,1.32253,1.00,1.29
2018.02.01 15:15:14.884,1.32235,1.32253,1.00,1.01
2018.02.01 15:15:15.145,1.32234,1.3225,1.50,1.31
2018.02.01 15:15:15.248,1.32229,1.32248,1.00,2.51
2018.02.01 15:15:15.299,1.32226,1.32248,1.69,4.01
2018.02.01 15:15:16.029,1.32226,1.32248,1.69,2.32
2018.02.01 15:15:16.577,1.32226,1.32248,1.69,4.01
2018.02.01 15:15:16.952,1.32224,1.32242,1.19,1.00
2018.02.01 15:15:17.159,1.32219,1.32237,1.25,1.00
2018.02.01 15:15:17.422,1.3222,1.3224,1.00,1.76
2018.02.01 15:15:18.231,1.3222,1.3224,1.25,3.19
2018.02.01 15:15:18.285,1.3222,1.32239,1.25,1.37
2018.02.01 15:15:18.850,1.3222,1.3224,1.25,1.31
2018.02.01 15:15:18.902,1.3222,1.32239,1.00,1.19
2018.02.01 15:15:19.568,1.3222,1.32239,1.00,1.69
2018.02.01 15:15:20.144,1.32218,1.32239,1.19,3.19
2018.02.01 15:15:20.574,1.3222,1.32239,1.19,2.25
2018.02.01 15:15:21.088,1.32223,1.32239,1.00,1.25
2018.02.01 15:15:21.243,1.32221,1.32239,2.06,1.25
2018.02.01 15:15:21.346,1.32219,1.32239,1.00,2.06
2018.02.01 15:15:21.892,1.3222,1.32239,1.00,2.06
2018.02.01 15:15:22.409,1.3222,1.32239,1.19,1.31
2018.02.01 15:15:22.577,1.32219,1.32237,1.50,1.69
2018.02.01 15:15:23.221,1.32219,1.32238,1.25,1.00
2018.02.01 15:15:24.040,1.32215,1.32232,2.44,1.00
2018.02.01 15:15:24.094,1.32215,1.32231,1.00,1.00
2018.02.01 15:15:24.356,1.32213,1.32232,1.69,1.00
2018.02.01 15:15:24.600,1.32213,1.32235,2.44,2.81
2018.02.01 15:15:25.122,1.32214,1.32235,1.00,1.69
2018.02.01 15:15:25.174,1.32214,1.32235,1.19,1.69
2018.02.01 15:15:25.431,1.32216,1.32236,1.25,1.31
2018.02.01 15:15:25.576,1.32215,1.32235,1.69,1.50
2018.02.01 15:15:25.928,1.32215,1.32235,1.69,1.25
2018.02.01 15:15:26.320,1.32215,1.32234,1.50,1.19
2018.02.01 15:15:26.481,1.32217,1.32235,1.25,1.69
2018.02.01 15:15:27.050,1.32215,1.32235,1.00,1.19
2018.02.01 15:15:27.591,1.32213,1.32234,1.69,1.69
2018.02.01 15:15:28.106,1.32213,1.32235,1.69,5.14
2018.02.01 15:15:28.158,1.32213,1.32234,1.25,1.19
2018.02.01 15:15:28.679,1.32214,1.32234,1.00,1.19
2018.02.01 15:15:29.210,1.32213,1.32235,1.19,1.00
2018.02.01 15:15:29.536,1.32211,1.3223,1.25,1.00
2018.02.01 15:15:29.841,1.322,1.32219,1.31,1.00
2018.02.01 15:15:30.171,1.32203,1.32224,1.19,1.25
2018.02.01 15:15:30.223,1.32203,1.32224,1.19,1.69
2018.02.01 15:15:30.650,1.32206,1.32225,1.00,3.19
2018.02.01 15:15:30.702,1.32208,1.32225,1.00,2.44
2018.02.01 15:15:31.071,1.32208,1.32228,1.19,1.50
2018.02.01 15:15:31.587,1.32207,1.32228,1.19,1.69
2018.02.01 15:15:32.096,1.32207,1.32228,1.00,1.19
2018.02.01 15:15:32.526,1.32207,1.32229,1.19,4.69
2018.02.01 15:15:33.173,1.32207,1.32227,1.19,1.00
2018.02.01 15:15:33.919,1.3221,1.32229,1.19,1.00
2018.02.01 15:15:34.315,1.32203,1.32222,1.19,1.00
2018.02.01 15:15:34.522,1.32205,1.32225,1.69,1.19
2018.02.01 15:15:34.574,1.32206,1.32225,1.69,1.25
2018.02.01 15:15:34.931,1.32207,1.32223,1.25,1.00
2018.02.01 15:15:35.538,1.32206,1.32223,1.50,1.00
2018.02.01 15:15:35.691,1.32206,1.32225,1.69,1.00
2018.02.01 15:15:36.198,1.32206,1.32228,1.69,2.44
2018.02.01 15:15:36.633,1.32206,1.32227,1.25,1.19
2018.02.01 15:15:37.105,1.32203,1.32221,1.00,2.25
2018.02.01 15:15:37.520,1.32204,1.32224,1.00,2.06
2018.02.01 15:15:37.572,1.32204,1.32224,1.19,1.87
2018.02.01 15:15:39.388,1.32205,1.32226,1.19,1.31
2018.02.01 15:15:39.938,1.32207,1.32227,1.25,2.06
2018.02.01 15:15:40.623,1.32206,1.32227,1.19,2.06
2018.02.01 15:15:41.472,1.32204,1.32227,2.25,2.44
2018.02.01 15:15:41.524,1.32204,1.32219,1.00,1.00
2018.02.01 15:15:41.636,1.32201,1.32222,1.00,1.19
2018.02.01 15:15:41.790,1.32202,1.32222,1.69,1.25
2018.02.01 15:15:42.045,1.32205,1.32222,1.00,1.25
2018.02.01 15:15:42.562,1.32205,1.3222,1.00,2.25
2018.02.01 15:15:43.063,1.32205,1.32219,1.00,2.25
2018.02.01 15:15:43.115,1.32202,1.32219,1.69,2.25
2018.02.01 15:15:44.123,1.32202,1.3222,1.19,2.25
2018.02.01 15:15:44.433,1.32203,1.3222,2.44,2.25
2018.02.01 15:15:44.537,1.32206,1.32223,1.00,2.25
2018.02.01 15:15:45.018,1.32207,1.32225,1.00,2.44
2018.02.01 15:15:45.479,1.32209,1.32225,1.00,2.25
2018.02.01 15:15:45.532,1.32208,1.32227,1.25,2.81
2018.02.01 15:15:45.735,1.3221,1.32226,1.00,2.25
2018.02.01 15:15:46.252,1.3221,1.32225,1.25,2.25
2018.02.01 15:15:46.304,1.3221,1.32229,1.25,3.19
2018.02.01 15:15:46.356,1.32212,1.32229,1.00,2.44
2018.02.01 15:15:47.086,1.32212,1.3223,1.00,2.25
2018.02.01 15:15:47.617,1.32213,1.32229,1.00,2.25
2018.02.01 15:15:48.259,1.32213,1.32231,1.25,2.44
2018.02.01 15:15:48.310,1.32213,1.32231,1.00,2.44
2018.02.01 15:15:48.361,1.32213,1.32231,1.25,2.25
2018.02.01 15:15:49.088,1.32214,1.32231,1.25,2.25
2018.02.01 15:15:49.244,1.32212,1.32229,1.69,1.00
2018.02.01 15:15:49.546,1.3221,1.32229,2.44,1.50
2018.02.01 15:15:49.598,1.32212,1.32226,1.19,1.00
2018.02.01 15:15:49.914,1.32212,1.32224,1.00,1.50
2018.02.01 15:15:50.316,1.32211,1.32226,1.25,1.50
2018.02.01 15:15:50.796,1.32211,1.32228,1.25,2.25
2018.02.01 15:15:51.240,1.3221,1.32226,1.19,1.00
2018.02.01 15:15:52.129,1.32208,1.32227,1.31,3.19
2018.02.01 15:15:53.011,1.32207,1.3222,1.19,2.25
2018.02.01 15:15:53.116,1.32207,1.32223,1.31,2.25
2018.02.01 15:15:53.169,1.32208,1.32223,1.19,2.25
2018.02.01 15:15:53.222,1.32208,1.32224,1.00,2.25
2018.02.01 15:15:53.327,1.32213,1.32227,1.31,1.00
2018.02.01 15:15:53.380,1.32213,1.32225,1.25,1.00
2018.02.01 15:15:53.523,1.32211,1.32225,1.00,1.00
2018.02.01 15:15:53.837,1.32211,1.32229,2.06,1.50
2018.02.01 15:15:53.890,1.32212,1.32232,1.31,1.50
2018.02.01 15:15:54.417,1.32213,1.32232,2.06,1.25
2018.02.01 15:15:54.520,1.32217,1.32233,1.00,1.00
2018.02.01 15:15:54.884,1.32217,1.32235,1.19,1.00
2018.02.01 15:15:55.409,1.32217,1.32236,1.69,2.25
2018.02.01 15:15:55.911,1.32217,1.32237,1.19,1.25
2018.02.01 15:15:56.894,1.32216,1.32235,2.81,1.50
2018.02.01 15:15:57.257,1.32221,1.32239,1.19,1.50
2018.02.01 15:15:57.587,1.3222,1.32236,1.19,1.50
2018.02.01 15:15:57.692,1.32219,1.32235,1.69,2.25
2018.02.01 15:15:57.846,1.32221,1.32236,1.69,1.00
2018.02.01 15:15:58.153,1.32221,1.32239,1.69,1.50
2018.02.01 15:15:58.360,1.32224,1.32241,1.00,2.44
2018.02.01 15:15:58.880,1.32223,1.32239,1.00,2.25
2018.02.01 15:16:00.022,1.32223,1.32241,1.25,1.00
2018.02.01 15:16:00.374,1.32222,1.32239,1.19,1.00
2018.02.01 15:16:00.433,1.3222,1.32239,1.00,1.19
2018.02.01 15:16:00.536,1.3222,1.32239,1.19,2.25
2018.02.01 15:16:00.973,1.3222,1.32236,1.19,1.50
2018.02.01 15:16:01.474,1.32222,1.32237,1.69,2.25
2018.02.01 15:16:02.028,1.32223,1.32238,1.00,1.00
2018.02.01 15:16:02.800,1.32225,1.32238,1.00,1.50
2018.02.01 15:16:03.273,1.32226,1.32237,1.19,1.50
2018.02.01 15:16:03.377,1.32224,1.32241,1.00,2.44
2018.02.01 15:16:03.429,1.32223,1.32235,1.12,1.00
2018.02.01 15:16:03.481,1.32216,1.32236,1.50,2.44
2018.02.01 15:16:03.533,1.32216,1.32235,1.19,1.00
2018.02.01 15:16:03.586,1.32214,1.32234,1.25,1.25
2018.02.01 15:16:03.912,1.32211,1.32226,1.25,1.00
2018.02.01 15:16:04.416,1.3221,1.3223,1.31,1.31
2018.02.01 15:16:04.837,1.3221,1.32227,1.31,1.50
2018.02.01 15:16:05.143,1.3221,1.32227,2.14,2.25
2018.02.01 15:16:05.449,1.3221,1.32229,1.39,1.50
2018.02.01 15:16:05.738,1.32212,1.3223,1.31,1.69
2018.02.01 15:16:05.840,1.32214,1.3223,1.12,1.25
2018.02.01 15:16:06.146,1.32214,1.32226,1.31,1.00
2018.02.01 15:16:06.476,1.32216,1.3223,1.19,1.50
2018.02.01 15:16:06.579,1.32219,1.32229,1.00,1.50
2018.02.01 15:16:06.886,1.32217,1.32229,1.00,2.25
2018.02.01 15:16:07.193,1.32219,1.32229,1.00,2.25
2018.02.01 15:16:07.340,1.32219,1.32237,1.00,1.25
2018.02.01 15:16:07.984,1.3222,1.32239,1.00,2.06
2018.02.01 15:16:08.520,1.3222,1.32239,1.25,1.19
2018.02.01 15:16:08.783,1.32223,1.32241,1.25,1.25
2018.02.01 15:16:09.043,1.32224,1.32244,1.19,2.81
2018.02.01 15:16:11.418,1.32222,1.32241,2.81,1.25
2018.02.01 15:16:12.624,1.32223,1.32243,1.25,1.31
2018.02.01 15:16:12.955,1.32224,1.32244,1.00,1.31
2018.02.01 15:16:13.215,1.32221,1.32241,1.25,1.31
2018.02.01 15:16:13.371,1.32221,1.32239,1.00,1.19
2018.02.01 15:16:13.686,1.32223,1.32241,1.69,1.00
2018.02.01 15:16:13.777,1.32224,1.32242,1.19,1.12
2018.02.01 15:16:13.882,1.32226,1.32245,1.25,1.69
2018.02.01 15:16:14.035,1.32228,1.32246,1.25,1.00
2018.02.01 15:16:14.540,1.32227,1.32247,2.44,1.25
2018.02.01 15:16:15.048,1.32229,1.32248,1.31,1.25
2018.02.01 15:16:15.384,1.3223,1.3225,1.00,1.69
2018.02.01 15:16:15.437,1.32229,1.32249,1.87,1.19
2018.02.01 15:16:15.748,1.32227,1.32246,1.25,1.19
2018.02.01 15:16:16.545,1.32227,1.32246,1.00,1.25
2018.02.01 15:16:16.867,1.32223,1.32242,1.56,1.00
2018.02.01 15:16:16.923,1.32221,1.32242,3.94,1.19
2018.02.01 15:16:17.451,1.32221,1.32242,1.69,1.19
2018.02.01 15:16:17.979,1.32222,1.32241,1.00,1.25
2018.02.01 15:16:18.628,1.32221,1.32242,2.51,1.69
2018.02.01 15:16:19.176,1.32222,1.32242,1.25,1.25
2018.02.01 15:16:19.528,1.32222,1.32242,1.76,1.50
2018.02.01 15:16:20.142,1.32225,1.32245,1.25,1.25
2018.02.01 15:16:20.247,1.32227,1.32245,1.69,1.00
2018.02.01 15:16:20.351,1.32231,1.3225,1.25,1.25
2018.02.01 15:16:20.455,1.32233,1.32251,1.19,1.50
2018.02.01 15:16:20.767,1.32237,1.32255,1.00,1.69
2018.02.01 15:16:21.281,1.32235,1.32255,1.19,1.69
2018.02.01 15:16:21.589,1.32234,1.32252,1.25,1.00
2018.02.01 15:16:21.898,1.32232,1.32251,1.19,1.62
2018.02.01 15:16:22.001,1.32233,1.32252,1.19,1.00
2018.02.01 15:16:22.154,1.32233,1.32252,1.31,1.00
2018.02.01 15:16:22.660,1.32234,1.32253,1.19,1.50
2018.02.01 15:16:23.007,1.32234,1.32251,1.19,1.00
2018.02.01 15:16:23.569,1.32234,1.32252,1.25,1.25
2018.02.01 15:16:24.944,1.32234,1.32253,2.51,1.00
2018.02.01 15:16:25.664,1.32235,1.32253,1.12,1.00
2018.02.01 15:16:25.967,1.32237,1.32254,1.00,1.25
2018.02.01 15:16:26.207,1.3224,1.3226,1.31,1.25
2018.02.01 15:16:26.717,1.3224,1.32259,2.14,1.00
2018.02.01 15:16:27.315,1.32241,1.32257,1.19,1.00
2018.02.01 15:16:28.107,1.32241,1.32257,1.50,1.00
2018.02.01 15:16:28.549,1.3224,1.32253,1.01,1.00
2018.02.01 15:16:28.656,1.32238,1.32252,1.00,1.00
2018.02.01 15:16:29.211,1.32237,1.32253,1.25,1.00
2018.02.01 15:16:29.829,1.32237,1.32254,1.69,1.00
2018.02.01 15:16:32.271,1.32238,1.32254,1.00,1.00
2018.02.01 15:16:32.581,1.32236,1.32252,1.69,1.00
2018.02.01 15:16:32.892,1.32233,1.32249,2.44,1.00
2018.02.01 15:16:33.220,1.32235,1.32249,1.00,1.00
2018.02.01 15:16:33.324,1.32235,1.32251,1.00,1.00
2018.02.01 15:16:33.569,1.32235,1.32248,1.00,1.00
2018.02.01 15:16:33.621,1.32237,1.32254,1.19,1.00
2018.02.01 15:16:33.802,1.32235,1.32249,1.37,1.00
2018.02.01 15:16:33.855,1.32232,1.32249,1.25,1.00
2018.02.01 15:16:34.373,1.32232,1.32248,1.25,1.00
2018.02.01 15:16:35.586,1.32232,1.32248,1.19,1.00
2018.02.01 15:16:36.912,1.32232,1.32248,1.00,1.00
2018.02.01 15:16:37.118,1.32231,1.3225,1.69,1.00
2018.02.01 15:16:37.474,1.32233,1.32249,1.00,1.25
2018.02.01 15:16:38.058,1.32233,1.3225,1.25,1.00
2018.02.01 15:16:38.392,1.32235,1.3225,1.00,1.00
2018.02.01 15:16:38.653,1.32232,1.3225,1.95,1.25
2018.02.01 15:16:38.956,1.32235,1.3225,1.00,1.00
2018.02.01 15:16:39.741,1.32235,1.32251,1.00,1.25
2018.02.01 15:16:40.372,1.32234,1.32252,1.25,1.25
2018.02.01 15:16:40.809,1.32237,1.32253,1.50,1.25
2018.02.01 15:16:41.115,1.32235,1.32252,1.00,2.06
2018.02.01 15:16:41.217,1.32235,1.32252,1.00,2.06
2018.02.01 15:16:41.525,1.32235,1.32254,2.81,1.25
2018.02.01 15:16:41.611,1.32238,1.32254,1.00,1.25
2018.02.01 15:16:42.508,1.32239,1.32254,1.20,1.00
2018.02.01 15:16:42.559,1.32239,1.32257,1.20,1.25
2018.02.01 15:16:43.086,1.32241,1.32258,1.19,1.00
2018.02.01 15:16:43.614,1.32243,1.32259,1.00,1.00
2018.02.01 15:16:43.951,1.32245,1.32259,1.00,1.00
2018.02.01 15:16:44.056,1.32243,1.32259,1.00,1.00
2018.02.01 15:16:44.418,1.32241,1.32257,1.00,1.00
2018.02.01 15:16:44.731,1.32241,1.32253,1.00,1.19
2018.02.01 15:16:44.782,1.32236,1.32251,1.00,1.25
2018.02.01 15:16:45.524,1.32236,1.32253,1.10,1.19
2018.02.01 15:16:45.627,1.32238,1.32254,1.00,1.00
2018.02.01 15:16:46.015,1.32241,1.32257,1.00,1.00
2018.02.01 15:16:47.778,1.3224,1.32254,1.00,1.00
2018.02.01 15:16:48.293,1.32239,1.32254,1.00,1.00
2018.02.01 15:16:48.690,1.32239,1.32256,1.50,1.00
2018.02.01 15:16:49.781,1.32239,1.32254,1.50,1.00
2018.02.01 15:16:50.141,1.32239,1.32256,1.00,1.00
2018.02.01 15:16:50.520,1.3224,1.32254,1.00,1.00
2018.02.01 15:16:50.826,1.32239,1.32256,1.50,1.25
2018.02.01 15:16:51.509,1.32239,1.32255,1.50,1.00
2018.02.01 15:16:51.726,1.32239,1.32253,1.00,1.00
2018.02.01 15:16:51.781,1.32236,1.32253,2.44,1.00
2018.02.01 15:16:52.348,1.32236,1.32252,1.00,1.00
2018.02.01 15:16:52.556,1.32237,1.32254,1.00,1.25
2018.02.01 15:16:52.659,1.32237,1.32252,1.00,1.00
2018.02.01 15:16:52.814,1.32237,1.32254,1.00,1.25
2018.02.01 15:16:53.174,1.32239,1.32254,1.00,1.00
2018.02.01 15:16:53.688,1.3224,1.32257,1.00,1.00
2018.02.01 15:16:53.999,1.32242,1.32257,1.00,1.00
2018.02.01 15:16:54.547,1.32242,1.32258,1.25,1.00
2018.02.01 15:16:54.599,1.32243,1.3226,1.00,1.25
2018.02.01 15:16:55.118,1.32242,1.32259,1.31,1.00
2018.02.01 15:16:55.170,1.32242,1.32257,1.31,1.00
2018.02.01 15:16:55.360,1.32243,1.3226,1.00,1.25
2018.02.01 15:16:55.538,1.32243,1.32262,1.19,1.00
2018.02.01 15:16:55.852,1.32244,1.3226,1.00,1.00
2018.02.01 15:16:56.210,1.32246,1.3226,1.00,1.00
2018.02.01 15:16:56.368,1.32244,1.3226,1.00,1.25
2018.02.01 15:16:56.420,1.32242,1.32257,1.00,1.00
2018.02.01 15:16:56.727,1.32239,1.32254,1.00,1.00
2018.02.01 15:16:57.238,1.32239,1.32253,1.00,1.00
2018.02.01 15:16:57.444,1.32238,1.32255,1.25,1.00
2018.02.01 15:16:58.493,1.32238,1.32253,1.00,1.00
2018.02.01 15:16:58.989,1.32238,1.32255,1.00,1.00
2018.02.01 15:16:59.101,1.32238,1.32252,1.00,1.00
2018.02.01 15:16:59.303,1.32235,1.32252,1.69,1.00
2018.02.01 15:16:59.818,1.32237,1.32253,1.00,1.00
2018.02.01 15:17:02.161,1.32235,1.32251,1.00,1.00
2018.02.01 15:17:02.696,1.32234,1.32252,1.50,1.19
2018.02.01 15:17:03.220,1.32235,1.32252,1.00,1.00
2018.02.01 15:17:03.739,1.32234,1.32252,1.69,1.00
2018.02.01 15:17:04.080,1.32235,1.32253,1.19,1.00
2018.02.01 15:17:04.391,1.32237,1.32252,1.00,1.19
2018.02.01 15:17:04.444,1.32233,1.32249,1.00,1.19
2018.02.01 15:17:04.497,1.32231,1.32247,1.00,1.25
2018.02.01 15:17:05.020,1.32232,1.32247,1.00,1.25
2018.02.01 15:17:05.224,1.32232,1.32249,1.50,1.00
2018.02.01 15:17:05.276,1.32234,1.32251,1.00,1.00
2018.02.01 15:17:05.588,1.32234,1.32247,1.00,1.00
2018.02.01 15:17:05.641,1.32232,1.32247,1.50,1.00
2018.02.01 15:17:06.106,1.32232,1.32249,1.50,1.00
2018.02.01 15:17:06.210,1.32235,1.32251,1.00,1.00
2018.02.01 15:17:06.363,1.32235,1.32253,1.25,1.00
2018.02.01 15:17:06.415,1.32236,1.32254,1.19,1.00
2018.02.01 15:17:06.756,1.32234,1.32249,1.00,1.00
2018.02.01 15:17:06.965,1.32237,1.32256,1.19,1.50
2018.02.01 15:17:07.636,1.32237,1.32255,1.00,1.25
2018.02.01 15:17:08.165,1.32234,1.32254,1.56,1.50
2018.02.01 15:17:08.323,1.32232,1.32253,2.06,1.00
2018.02.01 15:17:08.426,1.32232,1.3225,1.00,1.19
2018.02.01 15:17:08.633,1.32232,1.32251,1.19,1.87
2018.02.01 15:17:08.759,1.32232,1.32251,1.31,1.00
2018.02.01 15:17:09.461,1.32233,1.32252,1.69,1.00
2018.02.01 15:17:09.821,1.32233,1.32252,2.06,1.00
2018.02.01 15:17:10.177,1.32233,1.32254,1.19,1.69
2018.02.01 15:17:10.598,1.32233,1.32252,1.00,1.19
2018.02.01 15:17:10.846,1.32234,1.32253,1.00,1.19
2018.02.01 15:17:11.382,1.32233,1.32253,1.31,1.69
2018.02.01 15:17:11.865,1.32233,1.3225,1.31,1.00
2018.02.01 15:17:12.401,1.32231,1.3225,1.25,1.00
2018.02.01 15:17:12.756,1.32231,1.32248,1.00,1.69
2018.02.01 15:17:12.808,1.32229,1.32248,1.00,1.69
2018.02.01 15:17:12.860,1.32229,1.32246,1.56,1.00
2018.02.01 15:17:12.912,1.32229,1.32248,1.00,1.19
2018.02.01 15:17:12.967,1.32229,1.32244,1.00,2.25
2018.02.01 15:17:13.430,1.32229,1.32242,1.19,1.50
2018.02.01 15:17:13.923,1.32229,1.32245,1.19,1.50
2018.02.01 15:17:14.131,1.32225,1.32244,2.06,2.44
2018.02.01 15:17:14.440,1.32225,1.32242,2.06,2.25
2018.02.01 15:17:14.923,1.32226,1.32244,1.25,1.31
2018.02.01 15:17:15.443,1.32225,1.32243,1.19,2.25
2018.02.01 15:17:15.779,1.32226,1.32242,1.31,2.25
2018.02.01 15:17:16.094,1.32225,1.32236,1.19,1.50
2018.02.01 15:17:16.623,1.32223,1.32236,1.19,2.25
2018.02.01 15:17:17.155,1.32223,1.32237,1.31,2.25
2018.02.01 15:17:17.391,1.32223,1.32237,1.69,2.25
2018.02.01 15:17:17.547,1.32226,1.32238,2.06,1.00
2018.02.01 15:17:17.599,1.32228,1.32244,1.00,1.69
2018.02.01 15:17:17.653,1.32229,1.32245,1.31,2.25
2018.02.01 15:17:17.742,1.32229,1.32244,3.19,1.50
2018.02.01 15:17:17.997,1.32229,1.32249,3.19,1.00
2018.02.01 15:17:18.354,1.3223,1.32245,1.19,1.50
2018.02.01 15:17:18.687,1.32234,1.32246,1.00,1.50
2018.02.01 15:17:19.056,1.32235,1.32251,1.00,1.00
2018.02.01 15:17:19.161,1.32236,1.3225,2.06,1.00
2018.02.01 15:17:19.511,1.32238,1.32253,2.44,1.00
2018.02.01 15:17:19.883,1.32238,1.32252,2.06,1.50
2018.02.01 15:17:19.936,1.32238,1.32252,1.69,1.00
2018.02.01 15:17:19.989,1.32238,1.32252,1.50,1.00
2018.02.01 15:17:20.248,1.32237,1.32257,1.25,1.69
2018.02.01 15:17:20.300,1.32237,1.32257,1.19,2.25
2018.02.01 15:17:21.146,1.3224,1.32256,1.00,1.50
2018.02.01 15:17:21.458,1.3224,1.32256,1.19,2.25
2018.02.01 15:17:21.867,1.32242,1.32254,1.19,2.25
2018.02.01 15:17:21.970,1.32242,1.32254,1.25,1.00
2018.02.01 15:17:22.021,1.32245,1.32254,1.00,1.00
2018.02.01 15:17:22.226,1.32241,1.3226,2.06,1.69
2018.02.01 15:17:22.932,1.32242,1.3226,1.19,3.00
2018.02.01 15:17:22.985,1.3224,1.32252,2.06,1.00
2018.02.01 15:17:23.038,1.3224,1.32258,2.62,1.00
2018.02.01 15:17:23.161,1.32242,1.32258,1.25,1.00
2018.02.01 15:17:23.467,1.32245,1.32258,1.00,1.00
2018.02.01 15:17:23.776,1.32253,1.32269,1.56,1.00
2018.02.01 15:17:23.853,1.32253,1.32269,2.06,1.00
2018.02.01 15:17:24.112,1.32254,1.32273,2.06,1.25
2018.02.01 15:17:24.785,1.32254,1.32274,1.00,1.19
2018.02.01 15:17:25.331,1.32253,1.32271,1.25,1.69
2018.02.01 15:17:25.845,1.32253,1.3227,1.69,1.50
2018.02.01 15:17:26.350,1.32253,1.32273,1.25,1.19
2018.02.01 15:17:26.787,1.3226,1.32277,1.69,1.00
2018.02.01 15:17:26.841,1.32259,1.32278,2.44,1.25
2018.02.01 15:17:27.255,1.32259,1.32275,1.31,2.25
2018.02.01 15:17:27.595,1.32258,1.32275,2.81,2.25
2018.02.01 15:17:27.853,1.32258,1.32275,2.44,2.25
2018.02.01 15:17:28.245,1.32261,1.3228,1.50,1.25
2018.02.01 15:17:28.400,1.32263,1.32279,1.00,1.00
2018.02.01 15:17:28.950,1.32262,1.3228,1.25,2.44
2018.02.01 15:17:29.593,1.32261,1.32279,1.25,2.25
2018.02.01 15:17:30.168,1.3226,1.3228,1.31,2.44
2018.02.01 15:17:30.478,1.32262,1.32279,1.31,2.25
2018.02.01 15:17:30.529,1.32262,1.3228,1.19,2.25
2018.02.01 15:17:30.769,1.32261,1.32278,1.19,2.25
2018.02.01 15:17:31.203,1.32262,1.32275,1.19,1.50
2018.02.01 15:17:31.407,1.3226,1.32275,1.19,1.50
2018.02.01 15:17:31.917,1.32263,1.32276,1.50,1.50
2018.02.01 15:17:32.138,1.32262,1.32281,1.25,1.00
2018.02.01 15:17:32.862,1.32263,1.32281,1.00,1.00
2018.02.01 15:17:33.035,1.32264,1.32283,1.25,1.00
2018.02.01 15:17:33.088,1.32265,1.32285,2.70,1.25
2018.02.01 15:17:33.397,1.32263,1.3228,1.31,1.00
2018.02.01 15:17:34.166,1.32262,1.32281,3.26,1.25
2018.02.01 15:17:34.604,1.32262,1.32283,4.01,1.25
2018.02.01 15:17:35.280,1.32262,1.32283,3.19,1.25
2018.02.01 15:17:36.254,1.32265,1.32283,1.19,1.00
2018.02.01 15:17:36.565,1.32267,1.32285,1.31,1.00
2018.02.01 15:17:36.865,1.32267,1.32288,2.81,1.69
2018.02.01 15:17:37.411,1.32269,1.32288,1.25,1.19
2018.02.01 15:17:37.738,1.3227,1.32289,1.00,1.25
2018.02.01 15:17:37.840,1.32268,1.32288,1.12,1.19
2018.02.01 15:17:38.146,1.3227,1.32289,2.44,1.19
2018.02.01 15:17:38.783,1.3227,1.32289,1.69,1.25
2018.02.01 15:17:39.397,1.32271,1.3229,1.00,1.19
2018.02.01 15:17:39.553,1.32275,1.32294,1.25,1.25
2018.02.01 15:17:40.069,1.32277,1.32296,1.00,1.19
2018.02.01 15:17:40.280,1.32276,1.32297,1.39,1.19
2018.02.01 15:17:40.767,1.32276,1.32294,2.06,1.00
2018.02.01 15:17:41.034,1.32272,1.32291,1.25,1.00
2018.02.01 15:17:41.764,1.32272,1.3229,1.25,1.00
2018.02.01 15:17:42.175,1.32271,1.32292,1.19,1.25
2018.02.01 15:17:43.095,1.32272,1.32292,1.69,1.00
2018.02.01 15:17:43.409,1.32279,1.32298,1.31,1.00
2018.02.01 15:17:43.616,1.3228,1.32301,1.19,1.69
2018.02.01 15:17:45.019,1.32281,1.323,1.56,1.00
2018.02.01 15:17:47.074,1.3228,1.32299,2.06,1.00
2018.02.01 15:17:47.427,1.3228,1.32301,1.56,1.25
2018.02.01 15:17:49.120,1.3228,1.323,1.87,1.19
2018.02.01 15:17:49.173,1.32277,1.32298,2.14,1.25
2018.02.01 15:17:49.225,1.32277,1.32298,1.87,1.19
2018.02.01 15:17:49.771,1.32277,1.32298,1.12,1.19
2018.02.01 15:17:50.317,1.32279,1.32299,1.25,1.19
2018.02.01 15:17:50.628,1.32279,1.32301,2.06,1.25
2018.02.01 15:17:51.498,1.32279,1.32301,1.69,1.19
2018.02.01 15:17:51.669,1.32279,1.32301,2.06,1.25
2018.02.01 15:17:52.835,1.32281,1.32302,1.25,1.25
2018.02.01 15:17:52.991,1.32283,1.32302,1.19,1.00
2018.02.01 15:17:53.516,1.32283,1.32301,1.31,1.00
2018.02.01 15:17:53.864,1.32282,1.32303,2.44,1.25
2018.02.01 15:17:54.200,1.32293,1.32306,1.00,1.00
2018.02.01 15:17:54.517,1.3229,1.32309,1.69,1.00
2018.02.01 15:17:54.620,1.3229,1.32309,2.06,1.25
2018.02.01 15:17:56.315,1.3229,1.32308,2.06,1.00
2018.02.01 15:17:56.839,1.3229,1.32308,1.00,1.19
2018.02.01 15:17:56.890,1.32286,1.32305,1.57,1.19
2018.02.01 15:17:57.084,1.32285,1.32306,1.31,1.19
2018.02.01 15:17:58.134,1.32285,1.32304,1.31,1.19
2018.02.01 15:17:58.446,1.32281,1.32299,3.19,1.00
2018.02.01 15:17:58.552,1.32281,1.32302,1.31,1.69
2018.02.01 15:17:58.745,1.32286,1.32304,1.25,1.12
2018.02.01 15:17:59.078,1.32286,1.32305,1.31,1.00
2018.02.01 15:17:59.729,1.32284,1.32303,2.06,1.00
2018.02.01 15:18:00.394,1.32284,1.32303,1.31,1.25
2018.02.01 15:18:00.954,1.32285,1.32304,1.00,1.19
2018.02.01 15:18:01.533,1.32286,1.32305,1.00,1.19
2018.02.01 15:18:01.586,1.32283,1.32297,1.00,1.00
2018.02.01 15:18:01.646,1.32279,1.32301,1.12,2.06
2018.02.01 15:18:01.703,1.32284,1.32301,1.19,1.12
2018.02.01 15:18:01.807,1.32286,1.32305,1.00,1.19
2018.02.01 15:18:02.060,1.32287,1.32306,1.19,1.00
2018.02.01 15:18:02.577,1.32288,1.32307,1.19,1.31
2018.02.01 15:18:03.246,1.32288,1.32307,1.00,1.31
2018.02.01 15:18:03.555,1.32285,1.32302,1.00,1.25
2018.02.01 15:18:04.061,1.32286,1.32304,1.00,1.19
2018.02.01 15:18:04.584,1.32285,1.32303,1.25,1.25
2018.02.01 15:18:04.887,1.32286,1.32303,1.19,1.00
2018.02.01 15:18:05.347,1.32285,1.32305,1.19,1.25
2018.02.01 15:18:06.005,1.32286,1.32305,1.25,1.19
2018.02.01 15:18:06.535,1.32284,1.32303,1.69,1.00
2018.02.01 15:18:07.231,1.32285,1.32304,1.19,1.00
2018.02.01 15:18:07.735,1.32284,1.32304,1.69,1.00
2018.02.01 15:18:08.289,1.32284,1.32303,1.69,1.00
2018.02.01 15:18:08.887,1.32284,1.32305,1.69,1.25
2018.02.01 15:18:08.939,1.32285,1.32305,2.06,1.00
2018.02.01 15:18:09.248,1.32288,1.32306,1.19,1.00
2018.02.01 15:18:09.300,1.32288,1.32309,1.69,1.25
2018.02.01 15:18:09.606,1.32288,1.32306,2.06,1.00
2018.02.01 15:18:09.659,1.32288,1.32307,1.00,1.19
2018.02.01 15:18:09.715,1.32288,1.32307,1.50,1.25
2018.02.01 15:18:10.263,1.32289,1.32307,1.00,1.25
2018.02.01 15:18:10.751,1.32289,1.32309,1.19,1.00
2018.02.01 15:18:11.232,1.32287,1.32305,1.31,1.00
2018.02.01 15:18:11.488,1.32289,1.32308,1.31,1.25
2018.02.01 15:18:11.591,1.32292,1.32307,1.19,1.00
2018.02.01 15:18:11.642,1.3229,1.32306,1.25,1.00
2018.02.01 15:18:11.744,1.32287,1.32307,2.06,1.19
2018.02.01 15:18:12.304,1.32287,1.32307,1.31,1.00
2018.02.01 15:18:13.535,1.32288,1.32307,1.19,1.12
2018.02.01 15:18:13.957,1.32289,1.32307,1.31,1.00
2018.02.01 15:18:14.288,1.32292,1.32311,1.69,1.00
2018.02.01 15:18:15.108,1.32293,1.32312,1.19,1.00
2018.02.01 15:18:18.110,1.32294,1.32312,1.25,1.00
2018.02.01 15:18:18.442,1.32295,1.32313,1.81,1.00
2018.02.01 15:18:18.494,1.32293,1.32312,1.31,1.00
2018.02.01 15:18:18.952,1.32294,1.32312,1.81,1.00
2018.02.01 15:18:19.003,1.32293,1.32312,1.19,1.00
2018.02.01 15:18:19.676,1.32292,1.3231,1.31,1.25
2018.02.01 15:18:20.204,1.3229,1.32309,1.19,1.00
2018.02.01 15:18:20.832,1.3229,1.32309,1.19,1.25
2018.02.01 15:18:21.141,1.32292,1.32304,1.19,1.00
2018.02.01 15:18:21.193,1.3229,1.32306,1.00,1.50
2018.02.01 15:18:21.330,1.32292,1.32309,1.00,1.25
2018.02.01 15:18:21.382,1.32291,1.32306,1.50,1.00
2018.02.01 15:18:21.484,1.32289,1.32308,1.19,1.12
2018.02.01 15:18:22.020,1.32289,1.3231,1.19,1.19
2018.02.01 15:18:22.388,1.32289,1.3231,1.25,1.19
2018.02.01 15:18:23.083,1.32289,1.3231,1.19,1.25
2018.02.01 15:18:24.218,1.3229,1.32311,2.81,1.00
2018.02.01 15:18:24.758,1.32292,1.32311,1.19,1.00
2018.02.01 15:18:25.302,1.32292,1.32312,1.50,1.25
2018.02.01 15:18:26.139,1.32295,1.32315,1.00,2.14
2018.02.01 15:18:26.599,1.323,1.32318,1.00,2.89
2018.02.01 15:18:26.651,1.32301,1.3232,1.00,2.44
2018.02.01 15:18:26.702,1.32303,1.32322,1.00,1.69
2018.02.01 15:18:27.205,1.32303,1.32324,1.25,1.31
2018.02.01 15:18:27.531,1.32305,1.32323,1.00,1.19
2018.02.01 15:18:28.245,1.32306,1.32325,1.00,1.31
2018.02.01 15:18:28.382,1.32306,1.32325,1.25,1.12
2018.02.01 15:18:28.486,1.32309,1.32328,1.19,1.50
2018.02.01 15:18:28.538,1.32311,1.32329,1.19,1.50
2018.02.01 15:18:28.590,1.32311,1.32332,1.19,1.00
2018.02.01 15:18:28.746,1.32312,1.3233,1.19,1.00
2018.02.01 15:18:29.686,1.32307,1.32324,1.19,1.00
2018.02.01 15:18:30.042,1.32305,1.32324,1.31,1.00
2018.02.01 15:18:30.558,1.32304,1.32323,1.31,1.00
2018.02.01 15:18:30.676,1.32304,1.32323,2.25,1.00
2018.02.01 15:18:31.345,1.32305,1.32324,1.56,1.00
2018.02.01 15:18:31.625,1.32309,1.32328,1.31,2.25
2018.02.01 15:18:31.678,1.3231,1.32326,1.19,1.00
2018.02.01 15:18:31.980,1.32311,1.32328,1.31,1.00
2018.02.01 15:18:32.671,1.32312,1.32329,1.19,1.00
2018.02.01 15:18:33.915,1.32312,1.32329,1.19,1.00
2018.02.01 15:18:35.326,1.3231,1.32329,2.44,1.00
2018.02.01 15:18:35.999,1.3231,1.32329,2.06,1.00
2018.02.01 15:18:36.494,1.32307,1.32325,3.07,1.00
2018.02.01 15:18:36.545,1.32307,1.32325,1.87,1.00
2018.02.01 15:18:36.678,1.32307,1.32325,1.56,1.00
2018.02.01 15:18:36.732,1.32306,1.32323,1.01,1.00
2018.02.01 15:18:37.266,1.32306,1.32324,1.25,1.00
2018.02.01 15:18:37.710,1.32306,1.32323,1.69,1.00
2018.02.01 15:18:38.906,1.32306,1.32323,1.69,1.00
2018.02.01 15:18:39.583,1.32306,1.32324,1.25,1.00
2018.02.01 15:18:40.084,1.32306,1.32323,1.25,1.00
2018.02.01 15:18:40.218,1.32306,1.32323,1.19,1.00
2018.02.01 15:18:41.617,1.32308,1.32325,1.19,1.00
2018.02.01 15:18:41.669,1.3231,1.32327,1.19,1.00
2018.02.01 15:18:42.393,1.32311,1.32328,1.69,1.00
2018.02.01 15:18:42.941,1.32312,1.32329,1.19,1.00
2018.02.01 15:18:43.483,1.32313,1.3233,1.00,1.00
2018.02.01 15:18:43.800,1.32313,1.32331,2.81,1.00
2018.02.01 15:18:44.316,1.32314,1.32333,1.19,1.00
2018.02.01 15:18:44.368,1.32314,1.32331,1.31,1.00
2018.02.01 15:18:44.420,1.32314,1.32333,1.31,1.00
2018.02.01 15:18:45.008,1.32314,1.32333,1.39,1.00
2018.02.01 15:18:45.356,1.32321,1.32339,1.19,1.00
2018.02.01 15:18:46.196,1.32323,1.32339,1.31,1.00
2018.02.01 15:18:46.450,1.32323,1.32341,1.56,1.00
2018.02.01 15:18:46.642,1.32324,1.32343,2.44,1.00
2018.02.01 15:18:46.849,1.32331,1.3235,1.00,2.59
2018.02.01 15:18:46.901,1.32332,1.32351,1.19,1.62
2018.02.01 15:18:47.226,1.32327,1.32341,1.09,1.00
2018.02.01 15:18:47.442,1.32325,1.32341,2.51,1.00
2018.02.01 15:18:47.546,1.32325,1.32343,2.51,1.00
2018.02.01 15:18:50.084,1.32326,1.32343,1.19,1.00
2018.02.01 15:18:50.797,1.32326,1.32343,1.69,1.00
2018.02.01 15:18:51.851,1.32326,1.32342,1.19,1.00
2018.02.01 15:18:52.105,1.32328,1.32344,1.25,1.00
2018.02.01 15:18:52.156,1.32331,1.32349,2.51,1.12
2018.02.01 15:18:52.208,1.32334,1.3235,1.00,1.50
2018.02.01 15:18:52.341,1.32333,1.32352,1.50,1.00
2018.02.01 15:18:52.494,1.32332,1.32348,1.31,1.00
2018.02.01 15:18:53.004,1.32331,1.32347,3.26,1.00
2018.02.01 15:18:53.762,1.32331,1.32347,1.19,1.00
2018.02.01 15:18:54.312,1.32332,1.32348,1.19,1.00
2018.02.01 15:18:54.973,1.3233,1.32347,1.19,1.00
2018.02.01 15:18:55.893,1.3233,1.32347,1.19,1.00
2018.02.01 15:18:55.944,1.3233,1.32349,1.19,1.00
2018.02.01 15:18:56.123,1.32331,1.32347,1.25,1.00
2018.02.01 15:18:56.175,1.32329,1.32348,3.26,1.19
2018.02.01 15:18:56.328,1.32331,1.32349,1.00,1.19
2018.02.01 15:18:56.379,1.32331,1.32349,1.00,1.00
2018.02.01 15:18:56.430,1.32333,1.3235,1.00,1.00
2018.02.01 15:18:56.735,1.32331,1.32348,1.19,1.00
2018.02.01 15:18:57.122,1.32333,1.3235,1.19,1.00
2018.02.01 15:18:57.516,1.32332,1.32347,1.19,1.00
2018.02.01 15:18:57.569,1.32333,1.32349,1.00,1.00
2018.02.01 15:18:57.714,1.32332,1.32347,1.39,1.00
2018.02.01 15:18:58.257,1.32335,1.32352,1.19,1.00
2018.02.01 15:18:58.378,1.32336,1.32354,1.31,1.00
2018.02.01 15:18:58.429,1.32332,1.32351,1.25,1.19
2018.02.01 15:18:59.514,1.32332,1.32351,1.19,1.25
2018.02.01 15:19:00.075,1.32332,1.32351,1.69,1.00
2018.02.01 15:19:00.205,1.32334,1.32353,1.00,1.19
2018.02.01 15:19:01.627,1.32334,1.32353,1.00,1.00
2018.02.01 15:19:01.887,1.32341,1.32361,1.25,1.25
2018.02.01 15:19:01.940,1.32345,1.32363,1.19,1.00
2018.02.01 15:19:01.992,1.32346,1.32366,1.69,1.00
2018.02.01 15:19:02.045,1.3235,1.32365,1.25,1.00
2018.02.01 15:19:02.145,1.32345,1.32366,3.94,1.00
2018.02.01 15:19:02.354,1.32348,1.32369,1.19,1.69
2018.02.01 15:19:02.459,1.32351,1.3237,1.19,1.00
2018.02.01 15:19:03.030,1.32352,1.32371,1.19,1.00
2018.02.01 15:19:03.345,1.32345,1.32364,1.19,1.00
2018.02.01 15:19:03.822,1.32346,1.32366,2.81,1.31
2018.02.01 15:19:04.337,1.32349,1.32367,1.00,1.00
2018.02.01 15:19:04.904,1.32347,1.32368,2.06,1.50
2018.02.01 15:19:05.229,1.32345,1.32361,1.00,1.19
2018.02.01 15:19:05.366,1.32342,1.3236,1.69,1.25
2018.02.01 15:19:05.418,1.32346,1.32363,1.00,1.31
2018.02.01 15:19:05.676,1.32347,1.32366,1.19,1.25
2018.02.01 15:19:05.881,1.32344,1.3236,1.76,1.00
2018.02.01 15:19:06.022,1.32341,1.32359,1.32,1.00
2018.02.01 15:19:06.436,1.32346,1.32365,1.00,1.69
2018.02.01 15:19:06.839,1.32344,1.32362,2.70,1.19
2018.02.01 15:19:06.891,1.32341,1.3236,1.76,1.00
2018.02.01 15:19:07.250,1.32344,1.32361,1.31,1.00
2018.02.01 15:19:07.505,1.32342,1.32363,2.14,1.50
2018.02.01 15:19:08.056,1.32343,1.32362,2.89,1.00
2018.02.01 15:19:08.166,1.32343,1.32364,2.81,1.69
2018.02.01 15:19:08.376,1.32343,1.32362,2.89,1.00
2018.02.01 15:19:08.994,1.32343,1.32363,2.14,1.00
2018.02.01 15:19:09.277,1.32346,1.32365,1.31,1.00
2018.02.01 15:19:09.344,1.32356,1.32372,1.87,2.25
2018.02.01 15:19:09.605,1.32375,1.3239,1.00,1.00
2018.02.01 15:19:09.790,1.32375,1.32392,1.10,1.00
2018.02.01 15:19:09.843,1.32378,1.32393,1.19,1.00
2018.02.01 15:19:09.952,1.32376,1.32395,1.32,1.50
2018.02.01 15:19:10.057,1.3238,1.32395,1.00,1.50
2018.02.01 15:19:10.402,1.32377,1.32394,1.07,1.19
2018.02.01 15:19:10.453,1.32375,1.32394,1.32,3.19
2018.02.01 15:19:10.556,1.32373,1.32393,1.26,1.50
2018.02.01 15:19:10.607,1.32373,1.32391,1.26,1.00
2018.02.01 15:19:10.911,1.32371,1.32386,1.81,1.00
2018.02.01 15:19:10.962,1.32371,1.32389,1.57,1.19
2018.02.01 15:19:11.014,1.3237,1.32388,1.25,1.25
2018.02.01 15:19:11.066,1.32368,1.32385,1.00,1.12
2018.02.01 15:19:11.169,1.32365,1.32386,1.69,1.69
2018.02.01 15:19:11.374,1.3236,1.32376,1.26,1.00
2018.02.01 15:19:11.426,1.32358,1.32378,1.29,1.50
2018.02.01 15:19:11.630,1.3236,1.32378,1.29,1.12
2018.02.01 15:19:12.150,1.32358,1.32378,2.25,1.31
2018.02.01 15:19:12.923,1.32355,1.32375,1.01,1.00
2018.02.01 15:19:12.976,1.32358,1.32375,1.25,1.00
2018.02.01 15:19:13.030,1.32359,1.32378,1.00,2.06
2018.02.01 15:19:13.135,1.32362,1.3238,1.00,1.56
2018.02.01 15:19:13.206,1.3236,1.32378,1.00,1.19
2018.02.01 15:19:13.261,1.32358,1.32378,1.87,1.69
2018.02.01 15:19:13.777,1.32359,1.32379,1.00,2.06
2018.02.01 15:19:14.227,1.32358,1.32374,1.00,1.00
2018.02.01 15:19:14.382,1.3236,1.32379,1.00,2.06
2018.02.01 15:19:14.977,1.32361,1.32379,1.00,1.19
2018.02.01 15:19:15.483,1.32361,1.32379,1.00,1.31
2018.02.01 15:19:16.014,1.32357,1.32373,1.00,1.19
2018.02.01 15:19:16.066,1.32353,1.32372,1.00,1.19
2018.02.01 15:19:16.274,1.32352,1.3237,1.00,2.06
2018.02.01 15:19:16.481,1.32353,1.32373,1.00,1.76
2018.02.01 15:19:16.638,1.32352,1.32372,1.00,1.56
2018.02.01 15:19:17.171,1.32352,1.32371,1.00,1.19
2018.02.01 15:19:17.455,1.3235,1.32371,1.12,1.69
2018.02.01 15:19:17.673,1.32352,1.3237,1.00,1.19
2018.02.01 15:19:17.998,1.3235,1.32368,1.00,1.31
2018.02.01 15:19:18.549,1.32349,1.32369,1.00,1.31
2018.02.01 15:19:18.911,1.32346,1.32365,1.00,1.31
2018.02.01 15:19:18.963,1.32344,1.32365,1.12,2.44
2018.02.01 15:19:19.274,1.32346,1.32364,1.00,1.50
2018.02.01 15:19:19.777,1.32344,1.32365,1.31,2.44
2018.02.01 15:19:19.883,1.32344,1.32365,1.00,3.19
2018.02.01 15:19:20.411,1.32343,1.32364,1.25,1.19
2018.02.01 15:19:20.964,1.32346,1.32367,1.00,1.56
2018.02.01 15:19:21.514,1.32347,1.32366,1.00,1.25
2018.02.01 15:19:21.900,1.32352,1.32369,1.69,1.00
2018.02.01 15:19:21.951,1.32351,1.32372,1.69,1.69
2018.02.01 15:19:22.207,1.32349,1.3237,2.81,1.25
2018.02.01 15:19:22.260,1.32349,1.3237,2.06,1.31
2018.02.01 15:19:22.563,1.32352,1.32369,1.00,1.19
2018.02.01 15:19:22.665,1.32354,1.32373,1.19,1.50
2018.02.01 15:19:22.716,1.32355,1.32373,1.00,1.69
2018.02.01 15:19:22.818,1.3235,1.32369,1.00,1.25
2018.02.01 15:19:22.870,1.32349,1.32368,1.12,1.19
2018.02.01 15:19:23.204,1.32351,1.32368,1.00,1.19
2018.02.01 15:19:23.421,1.32355,1.32374,1.12,1.19
2018.02.01 15:19:23.930,1.32356,1.32375,1.00,1.19
2018.02.01 15:19:24.382,1.32353,1.32372,1.87,1.31
2018.02.01 15:19:24.656,1.32354,1.32374,1.12,2.44
2018.02.01 15:19:25.851,1.32356,1.32374,1.00,1.19
2018.02.01 15:19:26.152,1.32349,1.32366,1.00,1.19
2018.02.01 15:19:26.466,1.32352,1.32371,1.00,2.81
2018.02.01 15:19:26.881,1.32352,1.3237,1.00,1.56
2018.02.01 15:19:27.383,1.32353,1.32371,1.00,2.44
2018.02.01 15:19:27.976,1.32354,1.32371,1.00,1.31
2018.02.01 15:19:28.518,1.32354,1.32371,1.00,1.62
2018.02.01 15:19:29.293,1.32356,1.32373,1.00,1.25
2018.02.01 15:19:29.398,1.32358,1.32375,1.00,2.44
2018.02.01 15:19:30.132,1.32358,1.32375,1.00,1.69
2018.02.01 15:19:30.652,1.32359,1.32374,1.00,1.00
2018.02.01 15:19:30.705,1.3236,1.32377,1.00,1.00
2018.02.01 15:19:30.917,1.32362,1.3238,1.00,1.19
2018.02.01 15:19:31.222,1.32369,1.32387,1.00,1.25
2018.02.01 15:19:31.274,1.32371,1.32389,1.00,1.31
2018.02.01 15:19:31.735,1.32369,1.32389,1.25,1.31
2018.02.01 15:19:31.787,1.32371,1.32389,1.00,1.31
2018.02.01 15:19:32.092,1.32369,1.32385,1.87,1.81
2018.02.01 15:19:32.144,1.32365,1.3239,2.51,2.44
2018.02.01 15:19:32.196,1.32375,1.3239,1.19,1.50
2018.02.01 15:19:32.299,1.32379,1.32396,1.00,1.00
2018.02.01 15:19:32.916,1.32379,1.32397,1.00,1.25
2018.02.01 15:19:33.019,1.32381,1.32397,1.00,1.25
2018.02.01 15:19:33.569,1.32382,1.32397,1.25,1.00
2018.02.01 15:19:35.833,1.32377,1.32394,1.25,1.12
2018.02.01 15:19:36.345,1.32378,1.32396,1.00,1.69
2018.02.01 15:19:36.957,1.32379,1.32395,1.00,1.19
2018.02.01 15:19:37.193,1.32379,1.32396,1.00,1.69
2018.02.01 15:19:37.408,1.32382,1.32398,1.00,2.06
2018.02.01 15:19:37.919,1.32381,1.32397,1.00,2.06
2018.02.01 15:19:38.450,1.32382,1.32398,1.00,1.00
2018.02.01 15:19:38.554,1.32378,1.32396,1.25,1.00
2018.02.01 15:19:38.743,1.32374,1.32394,1.19,1.12
2018.02.01 15:19:39.269,1.32374,1.32394,1.19,1.69
2018.02.01 15:19:40.486,1.32374,1.32394,1.25,1.31
2018.02.01 15:19:40.695,1.32377,1.32394,1.00,1.19
2018.02.01 15:19:40.800,1.3238,1.32397,1.00,1.31
2018.02.01 15:19:40.903,1.32382,1.32397,1.00,1.31
2018.02.01 15:19:41.418,1.32382,1.32396,1.00,1.00
2018.02.01 15:19:42.369,1.32379,1.32396,1.19,1.00
2018.02.01 15:19:42.472,1.32377,1.32397,1.25,2.44
2018.02.01 15:19:42.575,1.32379,1.32396,1.00,1.19
2018.02.01 15:19:43.542,1.32379,1.32396,1.00,1.25
2018.02.01 15:19:44.090,1.32379,1.32397,1.00,1.31
2018.02.01 15:19:45.177,1.32379,1.32398,1.25,1.25
2018.02.01 15:19:45.541,1.32383,1.32398,1.00,1.25
2018.02.01 15:19:45.680,1.32381,1.32398,1.00,1.25
2018.02.01 15:19:46.083,1.32381,1.32396,1.00,1.81
2018.02.01 15:19:46.135,1.32381,1.32398,1.00,1.00
2018.02.01 15:19:46.189,1.32383,1.32397,1.00,1.00
2018.02.01 15:19:46.761,1.32381,1.32397,1.00,1.00
2018.02.01 15:19:47.304,1.32381,1.32398,1.00,1.25
2018.02.01 15:19:47.713,1.32378,1.32397,1.25,1.00
2018.02.01 15:19:47.765,1.3238,1.32397,1.00,1.31
2018.02.01 15:19:47.915,1.32377,1.32397,1.00,1.25
2018.02.01 15:19:47.969,1.32378,1.32395,1.00,1.00
2018.02.01 15:19:48.279,1.3238,1.32397,1.00,1.19
2018.02.01 15:19:48.814,1.32379,1.32397,1.00,1.19
2018.02.01 15:19:49.749,1.32379,1.32398,1.00,3.56
2018.02.01 15:19:50.259,1.32375,1.32397,1.19,1.31
2018.02.01 15:19:50.413,1.32377,1.32395,1.00,1.19
2018.02.01 15:19:50.914,1.32378,1.32395,1.00,1.31
2018.02.01 15:19:50.966,1.32376,1.32395,1.25,2.06
2018.02.01 15:19:51.394,1.32378,1.32395,1.00,1.69
2018.02.01 15:19:51.650,1.32373,1.32392,1.50,1.19
2018.02.01 15:19:52.152,1.32372,1.32389,1.25,1.00
2018.02.01 15:19:52.707,1.32372,1.3239,1.25,1.12
2018.02.01 15:19:52.759,1.32374,1.32389,1.00,1.00
2018.02.01 15:19:53.563,1.3237,1.32389,1.00,1.19
2018.02.01 15:19:53.921,1.32372,1.32389,1.00,1.69
2018.02.01 15:19:54.142,1.3237,1.32389,1.00,1.69
2018.02.01 15:19:54.865,1.32372,1.32389,1.00,1.69
2018.02.01 15:19:55.525,1.3237,1.32389,1.00,1.69
2018.02.01 15:19:56.069,1.32371,1.32388,1.00,1.31
2018.02.01 15:19:56.609,1.3237,1.32387,1.00,1.19
2018.02.01 15:19:57.195,1.32371,1.32389,1.00,1.69
2018.02.01 15:19:57.299,1.32371,1.32389,1.00,1.25
2018.02.01 15:19:57.878,1.3237,1.32388,1.00,1.00
2018.02.01 15:19:57.986,1.32373,1.3239,1.00,1.19
2018.02.01 15:19:58.245,1.32373,1.32391,1.25,1.00
2018.02.01 15:19:58.296,1.32371,1.3239,1.00,1.19
2018.02.01 15:19:58.804,1.32372,1.32389,1.00,1.25
2018.02.01 15:19:59.453,1.32371,1.32388,1.00,1.00
2018.02.01 15:19:59.761,1.32367,1.32384,1.00,1.25
2018.02.01 15:20:02.210,1.32368,1.32385,1.00,1.31
2018.02.01 15:20:02.842,1.32369,1.32385,1.00,1.19
2018.02.01 15:20:03.653,1.3237,1.32387,1.00,2.06
2018.02.01 15:20:04.194,1.32369,1.32386,1.00,1.19
2018.02.01 15:20:04.298,1.32361,1.32378,1.00,1.50
2018.02.01 15:20:04.807,1.32362,1.32378,1.00,1.00
2018.02.01 15:20:05.346,1.32361,1.32378,1.00,1.50
2018.02.01 15:20:05.934,1.32361,1.32378,1.00,1.69
2018.02.01 15:20:07.143,1.32361,1.32378,1.00,1.69
2018.02.01 15:20:07.395,1.32356,1.32374,1.50,1.00
2018.02.01 15:20:07.447,1.32354,1.3237,1.12,1.31
2018.02.01 15:20:07.805,1.32352,1.32369,1.00,1.12
2018.02.01 15:20:08.331,1.32352,1.3237,1.00,1.69
2018.02.01 15:20:08.383,1.32348,1.3237,1.25,1.69
2018.02.01 15:20:08.751,1.32342,1.32361,1.31,2.06
2018.02.01 15:20:09.075,1.32339,1.32356,1.00,2.44
2018.02.01 15:20:09.129,1.32333,1.32352,1.00,1.31
2018.02.01 15:20:09.184,1.3233,1.32349,1.57,1.19
2018.02.01 15:20:09.289,1.32328,1.3235,1.00,4.12
2018.02.01 15:20:09.395,1.3233,1.32349,1.50,1.19
2018.02.01 15:20:09.447,1.3233,1.32349,1.00,1.69
2018.02.01 15:20:09.567,1.32323,1.32344,1.00,2.06
2018.02.01 15:20:09.725,1.32319,1.3234,1.00,1.19
2018.02.01 15:20:09.777,1.32317,1.32339,1.25,1.56
2018.02.01 15:20:09.880,1.32319,1.3234,1.00,2.06
2018.02.01 15:20:09.931,1.32322,1.32341,1.00,1.19
2018.02.01 15:20:10.925,1.32322,1.32343,1.00,2.25
2018.02.01 15:20:11.319,1.32323,1.32345,1.25,3.19
2018.02.01 15:20:12.038,1.32324,1.32345,1.25,1.19
2018.02.01 15:20:12.833,1.32326,1.32345,1.00,1.19
2018.02.01 15:20:12.993,1.32334,1.32354,1.25,3.56
2018.02.01 15:20:13.525,1.32334,1.32356,1.25,1.69
2018.02.01 15:20:14.057,1.32334,1.32355,1.19,1.19
2018.02.01 15:20:14.110,1.3233,1.32349,2.00,1.00
2018.02.01 15:20:14.267,1.32329,1.32347,1.00,1.31
2018.02.01 15:20:14.673,1.32334,1.3235,1.25,1.00
2018.02.01 15:20:14.725,1.32334,1.32352,1.25,1.00
2018.02.01 15:20:14.782,1.3233,1.3235,2.44,1.00
2018.02.01 15:20:14.889,1.32335,1.32353,1.00,1.12
2018.02.01 15:20:15.111,1.32332,1.32354,1.19,2.44
2018.02.01 15:20:16.023,1.32332,1.32353,1.69,1.00
2018.02.01 15:20:16.605,1.32332,1.32353,1.69,1.19
2018.02.01 15:20:16.813,1.3233,1.32352,1.31,2.44
2018.02.01 15:20:16.957,1.32328,1.32349,1.69,1.25
2018.02.01 15:20:17.856,1.32329,1.32348,1.19,1.25
2018.02.01 15:20:18.176,1.32329,1.32347,1.00,1.19
2018.02.01 15:20:19.142,1.32326,1.32347,1.19,1.19
2018.02.01 15:20:19.297,1.32326,1.32347,1.25,1.31
2018.02.01 15:20:20.535,1.32326,1.32347,1.00,1.69
2018.02.01 15:20:21.178,1.32324,1.32347,1.19,1.19
2018.02.01 15:20:21.486,1.32328,1.32348,1.19,1.00
2018.02.01 15:20:22.018,1.32329,1.3235,1.19,1.19
2018.02.01 15:20:22.390,1.32333,1.32354,1.00,1.19
2018.02.01 15:20:22.683,1.32329,1.32352,2.44,1.19
2018.02.01 15:20:23.746,1.3233,1.32352,1.31,1.19
2018.02.01 15:20:24.390,1.3233,1.32352,1.31,1.19
2018.02.01 15:20:26.061,1.3233,1.3235,1.31,1.00
2018.02.01 15:20:26.172,1.32333,1.32354,1.00,2.89
2018.02.01 15:20:26.683,1.32331,1.32349,1.19,1.00
2018.02.01 15:20:27.254,1.32331,1.32351,1.19,1.19
2018.02.01 15:20:27.762,1.32333,1.32354,1.00,2.44
2018.02.01 15:20:28.395,1.32331,1.32354,1.25,2.44
2018.02.01 15:20:28.446,1.32331,1.32354,1.19,1.69
2018.02.01 15:20:29.427,1.32333,1.32355,1.00,1.31
2018.02.01 15:20:29.762,1.32341,1.32359,1.00,1.12
2018.02.01 15:20:30.304,1.32342,1.3236,1.00,1.69
2018.02.01 15:20:30.433,1.3234,1.3236,1.25,1.25
2018.02.01 15:20:30.486,1.32337,1.32354,1.25,1.00
2018.02.01 15:20:30.660,1.32335,1.32354,1.25,1.19
2018.02.01 15:20:31.180,1.32336,1.32354,1.00,1.19
2018.02.01 15:20:31.355,1.32334,1.32352,1.00,1.25
2018.02.01 15:20:31.407,1.32334,1.32352,1.00,1.31
2018.02.01 15:20:31.625,1.32334,1.32355,1.00,1.31
2018.02.01 15:20:31.854,1.32334,1.32355,1.69,1.19
2018.02.01 15:20:32.357,1.32335,1.32355,1.00,1.19
2018.02.01 15:20:32.460,1.32335,1.32355,1.19,1.00
2018.02.01 15:20:33.186,1.32335,1.32356,1.19,1.00
2018.02.01 15:20:33.679,1.32338,1.32359,1.19,3.19
2018.02.01 15:20:34.812,1.32338,1.32359,1.19,2.25
2018.02.01 15:20:35.350,1.3234,1.32361,1.25,2.44
2018.02.01 15:20:35.548,1.3234,1.32361,1.25,2.81
2018.02.01 15:20:35.968,1.3234,1.32362,1.69,2.06
2018.02.01 15:20:36.020,1.32342,1.32363,1.00,2.06
2018.02.01 15:20:36.371,1.32339,1.3236,1.00,1.69
2018.02.01 15:20:36.946,1.32339,1.3236,1.69,1.31
2018.02.01 15:20:37.257,1.32341,1.32362,2.06,1.25
2018.02.01 15:20:37.759,1.3234,1.3236,1.31,1.69
2018.02.01 15:20:38.284,1.32339,1.32361,2.44,2.81
2018.02.01 15:20:39.598,1.32339,1.3236,1.69,1.69
2018.02.01 15:20:40.179,1.3234,1.3236,1.00,1.19
2018.02.01 15:20:41.254,1.3234,1.32362,1.00,2.44
2018.02.01 15:20:41.765,1.32339,1.32361,2.44,1.56
2018.02.01 15:20:42.510,1.3234,1.32362,1.25,2.44
2018.02.01 15:20:43.264,1.32342,1.32362,1.25,1.19
2018.02.01 15:20:43.646,1.32338,1.32358,2.89,1.00
2018.02.01 15:20:44.216,1.32339,1.32359,1.69,1.25
2018.02.01 15:20:44.893,1.32339,1.32359,1.69,1.19
2018.02.01 15:20:46.072,1.32337,1.32357,1.19,1.00
2018.02.01 15:20:46.977,1.32337,1.32357,1.19,1.25
2018.02.01 15:20:48.433,1.32339,1.32358,1.19,1.00
2018.02.01 15:20:49.343,1.32337,1.32357,1.31,1.00
2018.02.01 15:20:49.828,1.32338,1.3236,1.19,1.69
2018.02.01 15:20:50.569,1.32341,1.32362,1.19,1.25
2018.02.01 15:20:50.732,1.32345,1.32364,1.00,1.69
2018.02.01 15:20:51.046,1.32343,1.32362,1.25,2.44
2018.02.01 15:20:51.097,1.32343,1.32363,1.19,1.69
2018.02.01 15:20:51.347,1.32345,1.32365,1.56,1.00
2018.02.01 15:20:51.714,1.32349,1.32366,1.00,1.25
2018.02.01 15:20:53.883,1.32349,1.32367,1.00,1.69
2018.02.01 15:20:54.217,1.3235,1.32369,1.00,2.44
2018.02.01 15:20:55.360,1.32349,1.32367,1.00,1.25
2018.02.01 15:20:57.109,1.32354,1.32374,1.00,3.26
2018.02.01 15:20:57.266,1.32355,1.32375,1.25,1.19
2018.02.01 15:20:58.349,1.32354,1.32376,1.31,1.31
2018.02.01 15:20:58.472,1.32356,1.32376,1.00,1.31
2018.02.01 15:20:58.945,1.32355,1.32372,1.25,1.00
2018.02.01 15:20:59.102,1.32352,1.32371,2.06,1.00
2018.02.01 15:20:59.156,1.32352,1.32371,2.06,1.00
2018.02.01 15:21:00.159,1.32354,1.32371,1.00,1.00
2018.02.01 15:21:00.210,1.32354,1.32374,1.00,1.69
2018.02.01 15:21:00.443,1.32353,1.32371,1.00,1.19
2018.02.01 15:21:00.495,1.3235,1.3237,1.25,1.69
2018.02.01 15:21:00.699,1.32349,1.32366,1.00,1.31
2018.02.01 15:21:00.751,1.32346,1.32364,1.00,1.19
2018.02.01 15:21:01.311,1.32343,1.32365,1.19,3.19
2018.02.01 15:21:01.362,1.32343,1.32361,1.00,2.06
2018.02.01 15:21:02.166,1.32343,1.3236,1.00,1.25
2018.02.01 15:21:03.548,1.32341,1.3236,1.25,1.50
2018.02.01 15:21:03.600,1.32341,1.32361,1.50,1.69
2018.02.01 15:21:03.862,1.32338,1.32357,1.69,1.00
2018.02.01 15:21:04.586,1.32338,1.32357,1.00,1.19
2018.02.01 15:21:05.465,1.32336,1.32357,1.19,1.19
2018.02.01 15:21:05.831,1.32337,1.32359,2.81,1.25
2018.02.01 15:21:06.741,1.32337,1.32358,2.06,1.00
2018.02.01 15:21:07.252,1.32337,1.32357,1.69,2.06
2018.02.01 15:21:07.800,1.32338,1.32358,1.19,1.87
2018.02.01 15:21:08.831,1.32337,1.32354,1.19,1.00
2018.02.01 15:21:08.892,1.32335,1.32351,1.00,1.00
2018.02.01 15:21:08.945,1.32333,1.32352,1.00,1.94
2018.02.01 15:21:09.048,1.32334,1.32352,1.00,2.44
2018.02.01 15:21:09.818,1.32335,1.32354,1.00,2.44
2018.02.01 15:21:09.922,1.32335,1.32354,1.25,1.69
2018.02.01 15:21:10.515,1.32336,1.32355,1.00,1.19
2018.02.01 15:21:10.567,1.32336,1.32356,1.50,1.56
2018.02.01 15:21:10.619,1.32336,1.32356,1.50,1.19
2018.02.01 15:21:11.592,1.32336,1.32357,1.69,1.19
2018.02.01 15:21:11.980,1.32336,1.32352,1.00,1.19
2018.02.01 15:21:12.034,1.32336,1.32353,1.00,1.00
2018.02.01 15:21:12.262,1.32336,1.32352,1.00,1.19
2018.02.01 15:21:12.782,1.32333,1.32353,1.00,1.19
2018.02.01 15:21:13.293,1.32333,1.32353,1.00,1.25
2018.02.01 15:21:13.830,1.32334,1.32354,1.00,2.06
2018.02.01 15:21:15.879,1.32334,1.32354,1.00,2.06
2018.02.01 15:21:16.545,1.32333,1.32351,1.00,1.19
2018.02.01 15:21:17.133,1.32333,1.3235,1.69,1.00
2018.02.01 15:21:18.080,1.32335,1.32353,1.50,1.19
2018.02.01 15:21:19.446,1.32335,1.32348,1.00,1.00
2018.02.01 15:21:19.498,1.32329,1.32345,1.69,1.00
2018.02.01 15:21:19.550,1.32329,1.32348,1.69,1.69
2018.02.01 15:21:19.867,1.32332,1.3235,1.00,2.06
2018.02.01 15:21:20.502,1.32331,1.3235,1.25,1.31
2018.02.01 15:21:20.870,1.3233,1.32346,1.00,1.25
2018.02.01 15:21:21.689,1.32326,1.32342,1.50,1.00
2018.02.01 15:21:22.039,1.32329,1.32345,1.00,1.19
2018.02.01 15:21:22.591,1.32329,1.32347,1.00,2.06
2018.02.01 15:21:23.138,1.32328,1.32345,1.00,1.19
2018.02.01 15:21:23.293,1.32329,1.32346,1.25,1.00
2018.02.01 15:21:23.835,1.32329,1.32347,1.00,1.25
2018.02.01 15:21:24.649,1.32329,1.32347,1.00,1.19
2018.02.01 15:21:25.956,1.32329,1.32346,1.12,1.19
2018.02.01 15:21:26.466,1.32328,1.32348,3.19,1.19
2018.02.01 15:21:27.072,1.32331,1.32348,1.00,1.19
2018.02.01 15:21:27.378,1.32328,1.32348,3.19,1.19
2018.02.01 15:21:27.548,1.32329,1.32348,1.31,1.25
2018.02.01 15:21:28.065,1.32331,1.32348,1.00,1.25
2018.02.01 15:21:28.647,1.32331,1.32349,1.50,1.69
2018.02.01 15:21:29.027,1.32331,1.32346,1.00,1.19
2018.02.01 15:21:29.318,1.32329,1.32346,1.12,1.69
2018.02.01 15:21:30.046,1.32329,1.32346,1.12,1.69
2018.02.01 15:21:30.621,1.32328,1.32345,1.00,1.19
2018.02.01 15:21:31.215,1.32328,1.32346,1.50,1.25
2018.02.01 15:21:31.552,1.32328,1.32348,1.50,2.81
2018.02.01 15:21:32.368,1.3233,1.32346,1.00,1.00
2018.02.01 15:21:32.675,1.3233,1.32348,1.50,1.00
2018.02.01 15:21:33.074,1.32332,1.32347,1.00,1.00
2018.02.01 15:21:33.385,1.3233,1.32347,1.00,1.19
2018.02.01 15:21:33.541,1.32334,1.32351,1.00,1.19
2018.02.01 15:21:33.879,1.32334,1.32349,1.00,1.19
2018.02.01 15:21:34.186,1.32334,1.3235,1.00,1.25
2018.02.01 15:21:34.718,1.32334,1.32351,1.00,1.25
2018.02.01 15:21:34.976,1.32334,1.3235,1.00,1.19
2018.02.01 15:21:35.133,1.3233,1.32347,1.12,1.25
2018.02.01 15:21:35.443,1.3233,1.32345,1.12,1.25
2018.02.01 15:21:36.605,1.3233,1.32345,1.12,2.44
2018.02.01 15:21:36.761,1.32328,1.32346,1.00,1.19
2018.02.01 15:21:37.205,1.3233,1.32347,1.50,1.00
2018.02.01 15:21:37.310,1.3233,1.32349,1.69,2.25
2018.02.01 15:21:37.363,1.3233,1.32346,1.69,1.00
2018.02.01 15:21:37.572,1.3233,1.32348,1.69,1.50
2018.02.01 15:21:38.073,1.32331,1.32348,1.25,1.00
2018.02.01 15:21:38.630,1.3233,1.32347,1.00,1.00
2018.02.01 15:21:39.242,1.3233,1.32346,1.00,1.00
2018.02.01 15:21:40.639,1.3233,1.32346,1.00,1.19
2018.02.01 15:21:41.141,1.3233,1.32346,1.00,1.19
2018.02.01 15:21:42.413,1.32327,1.32344,2.62,1.69
2018.02.01 15:21:43.040,1.32328,1.32344,1.00,1.69
2018.02.01 15:21:43.091,1.32328,1.32341,1.00,1.00
2018.02.01 15:21:43.245,1.32321,1.32339,1.37,1.19
2018.02.01 15:21:45.223,1.32324,1.32339,1.00,1.19
2018.02.01 15:21:45.276,1.32324,1.32338,1.12,1.00
2018.02.01 15:21:45.330,1.32322,1.32338,1.25,1.00
2018.02.01 15:21:45.910,1.32322,1.32339,1.25,1.00
2018.02.01 15:21:47.345,1.32319,1.32335,2.06,1.00
2018.02.01 15:21:47.449,1.32319,1.32337,2.06,1.31
2018.02.01 15:21:47.772,1.32323,1.32336,1.12,1.00
2018.02.01 15:21:47.978,1.32321,1.32338,1.00,1.19
2018.02.01 15:21:48.363,1.32321,1.32339,1.69,1.69
2018.02.01 15:21:49.425,1.3232,1.32337,1.12,1.00
2018.02.01 15:21:49.631,1.3232,1.32339,1.12,1.25
2018.02.01 15:21:50.124,1.32319,1.32339,3.00,2.44
2018.02.01 15:21:50.434,1.32317,1.32332,1.50,1.00
2018.02.01 15:21:50.537,1.32317,1.32334,1.00,2.44
2018.02.01 15:21:50.640,1.32317,1.32332,1.00,1.00
2018.02.01 15:21:50.793,1.32317,1.32334,1.00,1.69
2018.02.01 15:21:50.896,1.32317,1.32332,1.00,1.00
2018.02.01 15:21:51.049,1.32317,1.32334,1.19,1.00
2018.02.01 15:21:51.247,1.32317,1.32331,1.00,1.00
2018.02.01 15:21:51.298,1.32317,1.32333,1.00,1.25
2018.02.01 15:21:51.928,1.32317,1.3233,1.00,1.00
2018.02.01 15:21:52.265,1.32304,1.32319,1.00,1.00
2018.02.01 15:21:52.328,1.32302,1.32319,1.00,1.00
2018.02.01 15:21:52.380,1.32302,1.32318,1.00,1.19
2018.02.01 15:21:52.432,1.32302,1.32319,1.00,1.69
2018.02.01 15:21:52.641,1.32301,1.32316,1.12,1.19
2018.02.01 15:21:52.822,1.32298,1.32317,1.00,1.19
2018.02.01 15:21:53.196,1.323,1.32317,1.00,1.31
2018.02.01 15:21:53.605,1.323,1.32316,1.00,1.00
2018.02.01 15:21:54.139,1.323,1.32315,1.00,1.00
2018.02.01 15:21:54.676,1.323,1.32316,1.00,1.00
2018.02.01 15:21:55.193,1.323,1.32318,1.00,1.69
2018.02.01 15:21:55.582,1.32302,1.32319,1.50,2.44
2018.02.01 15:21:55.909,1.32302,1.32317,1.50,1.19
2018.02.01 15:21:56.551,1.32302,1.32318,1.50,1.19
2018.02.01 15:21:57.125,1.32303,1.32318,1.00,1.19
2018.02.01 15:21:57.745,1.32303,1.32318,1.00,1.25
2018.02.01 15:21:58.267,1.32302,1.3232,1.50,3.56
2018.02.01 15:21:58.794,1.32303,1.32319,1.00,1.19
2018.02.01 15:21:59.793,1.32302,1.32318,1.50,1.19
2018.02.01 15:22:00.149,1.32303,1.32319,1.00,1.50
2018.02.01 15:22:00.539,1.32307,1.32324,1.12,1.25
2018.02.01 15:22:01.063,1.32308,1.32324,1.00,1.25
2018.02.01 15:22:01.430,1.32311,1.32324,1.00,1.00
2018.02.01 15:22:01.897,1.32308,1.32325,1.12,1.50
2018.02.01 15:22:02.402,1.32309,1.32325,1.00,1.00
2018.02.01 15:22:02.816,1.32308,1.32323,1.12,1.00
2018.02.01 15:22:02.868,1.32305,1.32322,1.19,1.00
2018.02.01 15:22:02.919,1.32305,1.32324,1.19,1.25
2018.02.01 15:22:03.022,1.32308,1.32324,1.00,1.69
2018.02.01 15:22:03.550,1.32308,1.32325,1.00,1.12
2018.02.01 15:22:03.969,1.32308,1.32319,1.00,1.00
2018.02.01 15:22:04.062,1.32308,1.32324,1.00,1.19
2018.02.01 15:22:04.115,1.32308,1.32324,1.00,1.00
2018.02.01 15:22:04.168,1.32305,1.32322,1.00,1.69
2018.02.01 15:22:04.745,1.32309,1.32329,1.00,1.69
2018.02.01 15:22:04.900,1.32307,1.32326,2.62,1.31
2018.02.01 15:22:05.169,1.3231,1.32329,1.00,1.19
2018.02.01 15:22:05.689,1.32309,1.32327,1.00,1.25
2018.02.01 15:22:05.995,1.32311,1.32329,1.00,1.19
2018.02.01 15:22:06.537,1.3231,1.32328,1.50,1.19
2018.02.01 15:22:06.878,1.3231,1.32327,1.00,1.31
2018.02.01 15:22:07.788,1.32309,1.32327,1.00,1.19
2018.02.01 15:22:08.047,1.32304,1.32323,1.25,1.00
2018.02.01 15:22:08.202,1.32307,1.32324,1.00,1.19
2018.02.01 15:22:08.256,1.32305,1.32325,1.69,1.00
2018.02.01 15:22:08.311,1.32306,1.32324,1.00,1.19
2018.02.01 15:22:08.711,1.32305,1.32325,1.19,1.00
2018.02.01 15:22:09.248,1.32306,1.32325,1.19,1.50
2018.02.01 15:22:09.606,1.32305,1.32323,1.50,1.00
2018.02.01 15:22:09.955,1.32299,1.32318,1.25,1.19
2018.02.01 15:22:10.265,1.32297,1.32315,1.69,1.25
2018.02.01 15:22:10.835,1.32297,1.32314,2.25,1.00
2018.02.01 15:22:11.515,1.32297,1.32315,2.25,1.00
2018.02.01 15:22:12.081,1.32297,1.32316,2.25,2.44
2018.02.01 15:22:12.570,1.32297,1.32314,1.50,1.00
2018.02.01 15:22:13.022,1.32297,1.32308,1.50,1.00
2018.02.01 15:22:13.074,1.32292,1.32312,1.25,1.19
2018.02.01 15:22:13.303,1.32296,1.32309,1.00,1.00
2018.02.01 15:22:13.355,1.32298,1.32315,1.00,1.00
2018.02.01 15:22:13.895,1.32295,1.32314,1.19,1.00
2018.02.01 15:22:14.398,1.32298,1.32315,1.00,1.00
2018.02.01 15:22:14.904,1.32298,1.32316,1.25,1.00
2018.02.01 15:22:15.406,1.32297,1.32316,1.00,1.25
2018.02.01 15:22:16.717,1.32298,1.32314,1.00,1.25
2018.02.01 15:22:16.903,1.323,1.32318,1.50,1.25
2018.02.01 15:22:16.955,1.32303,1.32319,1.00,1.19
2018.02.01 15:22:17.059,1.32301,1.3232,1.69,1.19
2018.02.01 15:22:17.112,1.32303,1.3232,1.00,1.00
2018.02.01 15:22:17.372,1.323,1.32319,2.06,1.25
2018.02.01 15:22:17.448,1.323,1.32319,1.87,1.19
2018.02.01 15:22:17.761,1.32299,1.32317,1.00,1.19
2018.02.01 15:22:18.092,1.32295,1.32313,1.69,1.00
2018.02.01 15:22:18.611,1.32295,1.32313,1.00,1.31
2018.02.01 15:22:19.067,1.32295,1.3231,1.00,1.00
2018.02.01 15:22:19.346,1.32293,1.3231,1.00,1.69
2018.02.01 15:22:19.623,1.3229,1.32308,1.69,1.50
2018.02.01 15:22:19.725,1.32288,1.32307,1.00,1.25
2018.02.01 15:22:19.929,1.3229,1.32309,1.00,1.50
2018.02.01 15:22:20.234,1.32293,1.32309,1.50,1.00
2018.02.01 15:22:20.824,1.32295,1.32312,1.00,1.19
2018.02.01 15:22:20.980,1.32294,1.32314,1.69,1.69
2018.02.01 15:22:21.033,1.32295,1.32313,1.00,1.19
2018.02.01 15:22:21.084,1.32295,1.32313,1.00,1.19
2018.02.01 15:22:21.611,1.32296,1.32314,1.00,1.19
2018.02.01 15:22:22.089,1.32295,1.32314,1.87,2.06
2018.02.01 15:22:22.193,1.32295,1.32313,1.31,1.25
2018.02.01 15:22:22.709,1.32296,1.32314,1.00,1.19
2018.02.01 15:22:22.920,1.32293,1.32314,1.69,1.69
2018.02.01 15:22:23.738,1.32291,1.3231,2.62,1.31
2018.02.01 15:22:23.999,1.32291,1.32309,1.00,1.25
2018.02.01 15:22:24.325,1.32288,1.32307,1.50,1.00
2018.02.01 15:22:24.377,1.32288,1.32308,1.69,1.12
2018.02.01 15:22:24.482,1.32292,1.32312,1.00,1.31
2018.02.01 15:22:24.692,1.32291,1.3231,1.25,1.19
2018.02.01 15:22:25.239,1.32291,1.32308,1.25,1.00
2018.02.01 15:22:25.749,1.32292,1.32308,1.00,1.00
2018.02.01 15:22:25.800,1.32292,1.3231,1.00,1.69
2018.02.01 15:22:26.296,1.32291,1.32308,1.00,1.00
2018.02.01 15:22:26.820,1.3229,1.3231,1.12,1.31
2018.02.01 15:22:27.329,1.3229,1.32309,1.00,2.81
2018.02.01 15:22:27.431,1.32292,1.32309,1.00,1.69
2018.02.01 15:22:28.090,1.32294,1.32312,1.00,1.19
2018.02.01 15:22:28.606,1.32293,1.32311,1.25,1.00
2018.02.01 15:22:29.140,1.32293,1.32311,1.00,1.19
2018.02.01 15:22:29.752,1.32293,1.32311,1.25,1.25
2018.02.01 15:22:30.066,1.32296,1.32314,1.50,1.50
2018.02.01 15:22:30.612,1.32295,1.32313,1.00,1.00
2018.02.01 15:22:30.922,1.32292,1.32311,1.69,1.19
2018.02.01 15:22:31.232,1.32294,1.32312,1.00,1.19
2018.02.01 15:22:31.761,1.32293,1.32311,1.00,1.19
2018.02.01 15:22:31.917,1.32291,1.32309,2.06,1.00
2018.02.01 15:22:32.023,1.32286,1.32305,4.69,1.00
2018.02.01 15:22:32.359,1.32276,1.32294,1.19,1.50
2018.02.01 15:22:32.517,1.32273,1.32292,1.00,1.19
2018.02.01 15:22:33.117,1.32271,1.32291,1.69,1.19
2018.02.01 15:22:33.636,1.32271,1.32291,1.00,1.69
2018.02.01 15:22:33.892,1.32271,1.32289,1.00,1.87
2018.02.01 15:22:33.945,1.32267,1.32286,1.69,1.19
2018.02.01 15:22:34.825,1.32265,1.32282,1.50,1.00
2018.02.01 15:22:34.983,1.32268,1.32286,1.00,1.25
2018.02.01 15:22:35.034,1.32265,1.32282,1.00,1.25
2018.02.01 15:22:35.358,1.32263,1.32282,1.00,1.00
2018.02.01 15:22:35.766,1.32265,1.32284,1.25,1.25
2018.02.01 15:22:36.094,1.32264,1.32282,1.00,1.00
2018.02.01 15:22:36.145,1.32262,1.32283,1.25,1.31
2018.02.01 15:22:36.418,1.32262,1.32281,1.69,1.00
2018.02.01 15:22:36.730,1.32259,1.32275,1.50,1.00
2018.02.01 15:22:37.278,1.32258,1.32275,1.00,1.00
2018.02.01 15:22:37.737,1.32257,1.32273,1.25,1.00
2018.02.01 15:22:38.276,1.3226,1.32277,1.19,1.00
2018.02.01 15:22:38.330,1.32262,1.32281,1.00,1.19
2018.02.01 15:22:38.869,1.32263,1.32281,1.00,1.19
2018.02.01 15:22:38.971,1.3226,1.32275,1.12,1.19
2018.02.01 15:22:39.023,1.3226,1.32277,1.12,1.69
2018.02.01 15:22:39.074,1.32261,1.32279,1.25,1.00
2018.02.01 15:22:39.612,1.32259,1.32277,2.06,1.00
2018.02.01 15:22:40.225,1.3226,1.32279,1.12,1.25
2018.02.01 15:22:40.329,1.3226,1.32279,1.12,1.19
2018.02.01 15:22:40.806,1.32261,1.32282,1.31,1.25
2018.02.01 15:22:41.331,1.32265,1.32284,1.00,1.19
2018.02.01 15:22:41.384,1.32268,1.32286,1.25,1.50
2018.02.01 15:22:41.685,1.32271,1.32289,1.00,1.69
2018.02.01 15:22:42.227,1.32271,1.32289,1.00,1.19
2018.02.01 15:22:42.542,1.32275,1.32292,2.06,1.12
2018.02.01 15:22:42.697,1.32273,1.32292,1.69,1.19
2018.02.01 15:22:42.860,1.32276,1.32294,1.00,1.69
2018.02.01 15:22:42.912,1.32277,1.32295,1.00,1.31
2018.02.01 15:22:43.066,1.32274,1.32291,1.20,1.00
2018.02.01 15:22:43.169,1.32277,1.32297,1.00,1.19
2018.02.01 15:22:43.272,1.32279,1.32297,1.12,1.25
2018.02.01 15:22:43.609,1.32279,1.32295,1.50,1.25
2018.02.01 15:22:44.106,1.32279,1.32297,2.25,1.25
2018.02.01 15:22:44.214,1.32279,1.32296,1.50,1.19
2018.02.01 15:22:44.267,1.32279,1.32299,1.50,1.19
2018.02.01 15:22:44.319,1.32281,1.32299,1.00,1.00
2018.02.01 15:22:44.748,1.3228,1.32293,1.75,1.81
2018.02.01 15:22:44.800,1.32276,1.32292,1.00,1.19
2018.02.01 15:22:44.853,1.32276,1.32294,2.06,1.50
2018.02.01 15:22:45.296,1.32278,1.32296,1.00,1.19
2018.02.01 15:22:45.607,1.32275,1.32293,1.00,1.00
2018.02.01 15:22:45.817,1.32274,1.32295,2.06,1.00
2018.02.01 15:22:45.911,1.32275,1.32296,1.00,1.56
2018.02.01 15:22:46.425,1.32275,1.32292,1.00,1.19
2018.02.01 15:22:46.679,1.32274,1.32294,1.31,1.19
2018.02.01 15:22:47.200,1.32276,1.32294,1.00,1.19
2018.02.01 15:22:47.829,1.32275,1.32293,1.25,1.25
2018.02.01 15:22:48.173,1.32277,1.32295,1.00,1.25
2018.02.01 15:22:48.737,1.32278,1.32296,1.00,1.19
2018.02.01 15:22:49.051,1.32283,1.32298,1.00,1.25
2018.02.01 15:22:49.103,1.32283,1.32301,1.50,1.19
2018.02.01 15:22:49.842,1.32283,1.323,1.00,1.19
2018.02.01 15:22:50.225,1.32283,1.32303,3.56,1.69
2018.02.01 15:22:50.350,1.32283,1.32303,2.44,1.25
2018.02.01 15:22:50.403,1.32287,1.32305,1.00,1.19
2018.02.01 15:22:50.719,1.32283,1.323,1.50,1.00
2018.02.01 15:22:51.537,1.32282,1.323,1.31,1.00
2018.02.01 15:22:52.063,1.32283,1.32299,1.00,1.00
2018.02.01 15:22:52.275,1.32283,1.32303,1.19,4.31
2018.02.01 15:22:53.038,1.32283,1.32303,1.25,1.69
2018.02.01 15:22:53.174,1.32287,1.32304,1.00,2.44
2018.02.01 15:22:53.689,1.32287,1.32306,1.00,1.19
2018.02.01 15:22:54.219,1.32286,1.32306,2.25,1.19
2018.02.01 15:22:54.529,1.32284,1.323,1.25,1.00
2018.02.01 15:22:55.131,1.32284,1.32301,1.25,1.00
2018.02.01 15:22:55.690,1.32282,1.32299,1.50,1.25
2018.02.01 15:22:56.220,1.32282,1.32298,1.50,1.00
2018.02.01 15:22:56.273,1.32279,1.32297,1.87,1.19
2018.02.01 15:22:57.091,1.32282,1.323,1.37,1.19
2018.02.01 15:22:58.371,1.32288,1.32299,1.00,1.00
2018.02.01 15:22:58.425,1.32284,1.32299,1.00,1.00
2018.02.01 15:22:58.976,1.32285,1.32299,1.00,1.00
2018.02.01 15:22:59.513,1.32284,1.32299,1.00,1.00
2018.02.01 15:22:59.617,1.32282,1.32299,1.37,1.19
2018.02.01 15:22:59.669,1.3228,1.32299,1.00,1.19
2018.02.01 15:23:01.938,1.32282,1.32299,1.50,1.19
2018.02.01 15:23:02.044,1.32286,1.32304,1.00,1.19
2018.02.01 15:23:02.201,1.32289,1.32307,1.25,1.25
2018.02.01 15:23:02.795,1.32289,1.32307,1.69,1.25
2018.02.01 15:23:03.005,1.32289,1.32305,1.00,1.00
2018.02.01 15:23:03.726,1.32287,1.32305,1.00,1.00
2018.02.01 15:23:04.289,1.32287,1.32307,1.19,1.25
2018.02.01 15:23:04.796,1.32286,1.32306,2.81,1.00
2018.02.01 15:23:05.787,1.32286,1.32306,2.81,1.00
2018.02.01 15:23:06.311,1.32288,1.32305,1.50,1.00
2018.02.01 15:23:06.569,1.32291,1.32311,2.06,2.44
2018.02.01 15:23:06.623,1.32294,1.3231,1.00,1.00
2018.02.01 15:23:06.939,1.32291,1.32308,1.19,1.00
2018.02.01 15:23:07.429,1.3229,1.32307,1.69,1.00
2018.02.01 15:23:07.736,1.32294,1.32311,1.00,1.00
2018.02.01 15:23:08.085,1.32292,1.32309,1.00,1.25
2018.02.01 15:23:08.432,1.32289,1.32306,1.31,1.00
2018.02.01 15:23:08.950,1.32288,1.32307,1.69,2.44
2018.02.01 15:23:09.253,1.32286,1.32304,1.00,1.25
2018.02.01 15:23:09.563,1.3229,1.32306,1.00,1.00
2018.02.01 15:23:09.666,1.3229,1.32308,1.00,1.25
2018.02.01 15:23:09.718,1.32288,1.32306,1.87,1.00
2018.02.01 15:23:10.028,1.32287,1.32306,1.00,1.19
2018.02.01 15:23:10.566,1.32286,1.32303,1.00,1.25
2018.02.01 15:23:11.080,1.32285,1.32304,2.62,1.19
2018.02.01 15:23:11.695,1.32285,1.32304,1.87,1.25
2018.02.01 15:23:12.199,1.32286,1.32303,1.25,1.50
2018.02.01 15:23:12.393,1.32286,1.32305,1.25,1.00
2018.02.01 15:23:12.608,1.32286,1.32303,1.19,1.00
2018.02.01 15:23:12.660,1.32288,1.32306,1.19,1.00
2018.02.01 15:23:12.764,1.3229,1.32308,1.25,1.00
2018.02.01 15:23:12.818,1.32291,1.32309,1.19,1.00
2018.02.01 15:23:13.369,1.32292,1.32309,1.00,1.25
2018.02.01 15:23:13.733,1.32295,1.32313,1.00,2.44
2018.02.01 15:23:13.837,1.32292,1.32312,1.69,1.19
2018.02.01 15:23:14.642,1.32292,1.32309,1.25,1.00
2018.02.01 15:23:15.057,1.32289,1.32307,1.31,1.00
2018.02.01 15:23:15.387,1.32293,1.3231,1.00,1.69
2018.02.01 15:23:21.570,1.32294,1.32312,1.19,1.00
2018.02.01 15:23:22.112,1.32295,1.32313,1.25,1.00
2018.02.01 15:23:22.925,1.32298,1.32316,1.00,1.69
2018.02.01 15:23:23.260,1.32296,1.32315,1.00,2.06
2018.02.01 15:23:24.003,1.32295,1.32315,1.00,1.31
2018.02.01 15:23:24.348,1.32295,1.32315,1.00,1.19
2018.02.01 15:23:24.497,1.32295,1.32315,1.00,1.25
2018.02.01 15:23:24.654,1.32298,1.32317,1.19,1.00
2018.02.01 15:23:25.186,1.323,1.32318,1.25,1.25
2018.02.01 15:23:25.688,1.32298,1.32317,1.00,1.19
2018.02.01 15:23:26.155,1.32299,1.32318,1.25,1.00
2018.02.01 15:23:26.741,1.32298,1.32318,2.06,1.25
2018.02.01 15:23:27.087,1.323,1.32318,1.00,1.25
2018.02.01 15:23:27.612,1.323,1.32317,1.00,1.00
2018.02.01 15:23:30.237,1.32299,1.32317,1.00,1.00
2018.02.01 15:23:30.568,1.32297,1.32314,1.00,1.00
2018.02.01 15:23:30.914,1.32297,1.32317,1.50,1.19
2018.02.01 15:23:30.967,1.32297,1.32314,1.12,1.00
2018.02.01 15:23:31.276,1.32299,1.32316,1.25,1.00
2018.02.01 15:23:31.609,1.32296,1.32314,1.12,1.19
2018.02.01 15:23:32.159,1.32294,1.32313,1.31,1.25
2018.02.01 15:23:32.550,1.32294,1.32311,1.00,1.00
2018.02.01 15:23:33.020,1.32294,1.32313,1.00,1.69
2018.02.01 15:23:33.173,1.32293,1.32311,1.69,1.00
2018.02.01 15:23:33.481,1.32295,1.32312,1.00,1.00
2018.02.01 15:23:33.954,1.32293,1.32309,1.19,1.00
2018.02.01 15:23:34.006,1.3229,1.32309,1.69,1.25
2018.02.01 15:23:34.162,1.32292,1.3231,1.00,1.69
2018.02.01 15:23:34.740,1.32293,1.3231,1.00,1.00
2018.02.01 15:23:35.499,1.32291,1.32311,1.00,1.69
2018.02.01 15:23:36.211,1.32291,1.32309,1.00,1.00
2018.02.01 15:23:36.720,1.3229,1.32309,1.50,1.25
2018.02.01 15:23:37.449,1.3229,1.32307,1.00,1.00
2018.02.01 15:23:37.985,1.32289,1.32308,1.00,1.19
2018.02.01 15:23:39.212,1.32288,1.32306,2.62,1.00
2018.02.01 15:23:40.197,1.32288,1.32304,1.87,1.00
2018.02.01 15:23:40.670,1.32287,1.32306,1.00,1.50
2018.02.01 15:23:41.302,1.32286,1.32306,1.25,1.50
2018.02.01 15:23:41.353,1.32288,1.32305,1.00,1.25
2018.02.01 15:23:43.106,1.32287,1.32307,1.00,1.69
2018.02.01 15:23:43.418,1.32289,1.32308,1.00,1.69
2018.02.01 15:23:43.522,1.32286,1.32306,1.69,1.19
2018.02.01 15:23:44.095,1.32287,1.32306,1.00,1.19
2018.02.01 15:23:44.643,1.32286,1.32306,1.69,1.25
2018.02.01 15:23:44.799,1.32288,1.32306,1.00,1.25
2018.02.01 15:23:45.101,1.32297,1.32311,1.00,1.00
2018.02.01 15:23:45.152,1.32298,1.32314,1.25,1.87
2018.02.01 15:23:45.210,1.323,1.32317,1.19,1.50
2018.02.01 15:23:45.262,1.32299,1.32316,1.00,1.00
2018.02.01 15:23:45.768,1.32297,1.32315,1.25,1.00
2018.02.01 15:23:46.273,1.32296,1.32314,1.25,1.25
2018.02.01 15:23:46.881,1.32295,1.32313,1.50,1.00
2018.02.01 15:23:46.985,1.32294,1.32312,1.19,1.00
2018.02.01 15:23:47.038,1.32293,1.32309,1.10,1.00
2018.02.01 15:23:47.090,1.32291,1.32311,3.07,1.19
2018.02.01 15:23:47.143,1.32293,1.32311,1.00,1.19
2018.02.01 15:23:47.353,1.32297,1.32316,2.44,1.25
2018.02.01 15:23:47.478,1.32301,1.32319,1.00,2.06
2018.02.01 15:23:47.531,1.32299,1.32317,1.50,1.00
2018.02.01 15:23:47.634,1.32299,1.32315,1.00,1.00
2018.02.01 15:23:48.422,1.32299,1.32316,1.00,1.00
2018.02.01 15:23:49.054,1.32298,1.32316,1.25,1.25
2018.02.01 15:23:49.614,1.32299,1.32316,5.25,1.00
2018.02.01 15:23:49.815,1.32299,1.32318,5.81,1.00
2018.02.01 15:23:49.870,1.32299,1.32314,5.44,1.00
2018.02.01 15:23:50.204,1.32304,1.32314,1.50,1.00
2018.02.01 15:23:50.257,1.32304,1.32316,1.50,1.00
2018.02.01 15:23:50.600,1.323,1.32316,6.94,1.00
2018.02.01 15:23:51.507,1.32299,1.32316,1.69,1.00
2018.02.01 15:23:51.646,1.32301,1.32319,1.00,1.50
2018.02.01 15:23:51.700,1.32305,1.32321,1.50,1.00
2018.02.01 15:23:52.054,1.32307,1.3232,1.00,1.00
2018.02.01 15:23:52.402,1.32307,1.32315,1.00,1.00
2018.02.01 15:23:52.501,1.32305,1.32315,1.00,1.00
2018.02.01 15:23:52.554,1.32302,1.32315,1.00,1.00
2018.02.01 15:23:52.847,1.32307,1.32321,2.25,1.00
2018.02.01 15:23:52.899,1.32307,1.32325,7.50,1.25
2018.02.01 15:23:53.365,1.32309,1.32324,2.25,1.00
2018.02.01 15:23:53.656,1.32315,1.32333,1.25,1.00
2018.02.01 15:23:53.709,1.32315,1.32333,1.69,1.00
2018.02.01 15:23:54.250,1.32315,1.32334,1.69,1.25
2018.02.01 15:23:54.862,1.32315,1.32333,1.19,1.00
2018.02.01 15:23:55.176,1.32317,1.32329,1.25,1.00
2018.02.01 15:23:55.230,1.32317,1.32334,1.69,1.00
2018.02.01 15:23:55.368,1.32323,1.32336,1.81,1.00
2018.02.01 15:23:55.422,1.32331,1.32345,1.19,1.50
2018.02.01 15:23:55.475,1.32335,1.32345,5.25,1.00
2018.02.01 15:23:55.528,1.32335,1.32349,5.25,1.25
2018.02.01 15:23:55.632,1.32335,1.32349,5.25,1.69
2018.02.01 15:23:55.684,1.32335,1.32349,5.25,1.00
2018.02.01 15:23:55.788,1.32335,1.32354,7.12,1.25
2018.02.01 15:23:56.015,1.32344,1.32354,6.75,1.00
2018.02.01 15:23:56.321,1.32344,1.32357,6.75,1.00
2018.02.01 15:23:56.603,1.32341,1.32357,1.69,1.00
2018.02.01 15:23:57.114,1.32342,1.32357,1.50,1.00
2018.02.01 15:23:57.652,1.32342,1.32358,1.00,1.00
2018.02.01 15:23:58.162,1.32341,1.32358,5.25,1.00
2018.02.01 15:23:58.692,1.3234,1.32358,7.50,1.00
2018.02.01 15:23:59.237,1.3234,1.32357,5.25,1.25
2018.02.01 15:23:59.785,1.32341,1.32357,2.25,1.19
2018.02.01 15:23:59.889,1.32341,1.32358,2.25,1.69
2018.02.01 15:24:00.434,1.3234,1.32357,6.75,1.00
2018.02.01 15:24:01.197,1.3234,1.3236,6.75,3.56
2018.02.01 15:24:01.251,1.32342,1.32358,3.19,1.00
2018.02.01 15:24:01.562,1.32342,1.32356,2.25,1.00
2018.02.01 15:24:01.716,1.32337,1.32356,6.56,1.00
2018.02.01 15:24:02.002,1.32341,1.32357,5.25,1.00
2018.02.01 15:24:02.542,1.32341,1.32356,6.75,1.00
2018.02.01 15:24:02.907,1.32337,1.32355,1.25,1.25
2018.02.01 15:24:03.069,1.32338,1.32356,2.06,1.25
2018.02.01 15:24:03.121,1.32338,1.32358,2.06,1.25
2018.02.01 15:24:03.173,1.3234,1.32356,1.50,1.00
2018.02.01 15:24:03.263,1.3234,1.32358,1.50,1.25
2018.02.01 15:24:03.342,1.32339,1.32355,1.50,1.00
2018.02.01 15:24:03.598,1.32339,1.32357,1.69,1.00
2018.02.01 15:24:03.650,1.32342,1.32357,5.25,1.19
2018.02.01 15:24:04.119,1.32342,1.32358,5.25,1.01
2018.02.01 15:24:04.651,1.32347,1.32359,3.75,1.50
2018.02.01 15:24:05.165,1.32347,1.3236,3.75,1.25
2018.02.01 15:24:05.614,1.32349,1.32361,5.25,1.00
2018.02.01 15:24:06.124,1.32349,1.32362,5.25,1.00
2018.02.01 15:24:06.472,1.32346,1.32361,6.75,1.25
2018.02.01 15:24:07.297,1.32346,1.32361,5.25,1.19
2018.02.01 15:24:07.574,1.32343,1.32355,2.25,1.00
2018.02.01 15:24:08.045,1.32341,1.32353,5.25,1.00
2018.02.01 15:24:08.478,1.32339,1.32353,5.25,1.50
2018.02.01 15:24:09.030,1.32339,1.32352,5.25,1.00
2018.02.01 15:24:09.498,1.32337,1.32352,2.25,1.00
2018.02.01 15:24:09.602,1.32336,1.32352,5.25,2.06
2018.02.01 15:24:09.654,1.32336,1.32352,5.25,1.69
2018.02.01 15:24:09.862,1.32336,1.32349,5.25,1.00
2018.02.01 15:24:09.959,1.32336,1.32352,5.25,1.25
2018.02.01 15:24:10.472,1.32337,1.32351,1.00,1.50
2018.02.01 15:24:10.771,1.32337,1.32347,1.00,1.00
2018.02.01 15:24:10.874,1.32337,1.3235,1.00,1.69
2018.02.01 15:24:10.977,1.32337,1.32347,1.50,1.00
2018.02.01 15:24:11.029,1.32332,1.32343,3.75,1.00
2018.02.01 15:24:11.081,1.32332,1.32345,3.75,1.00
2018.02.01 15:24:11.133,1.32332,1.32348,3.75,1.87
2018.02.01 15:24:11.185,1.32332,1.32349,5.06,1.00
2018.02.01 15:24:11.330,1.32332,1.32352,1.31,1.00
2018.02.01 15:24:11.381,1.32339,1.32352,5.25,1.00
2018.02.01 15:24:11.688,1.32339,1.32347,5.25,1.69
2018.02.01 15:24:12.145,1.32334,1.32347,1.50,1.19
2018.02.01 15:24:12.501,1.32331,1.32345,6.00,1.00
2018.02.01 15:24:12.552,1.32331,1.32349,6.00,2.32
2018.02.01 15:24:12.603,1.32336,1.3235,1.00,1.20
2018.02.01 15:24:12.932,1.32336,1.32352,5.25,1.25
2018.02.01 15:24:13.036,1.32336,1.3235,5.25,1.00
2018.02.01 15:24:13.592,1.32336,1.32349,5.25,1.00
2018.02.01 15:24:13.644,1.32336,1.32351,5.25,1.00
2018.02.01 15:24:13.696,1.32338,1.32351,1.00,1.00
2018.02.01 15:24:14.046,1.32338,1.32349,1.00,1.25
2018.02.01 15:24:14.680,1.32338,1.3235,1.00,1.00
2018.02.01 15:24:14.782,1.32335,1.32351,1.50,1.00
2018.02.01 15:24:14.834,1.32336,1.32349,1.50,1.00
2018.02.01 15:24:15.144,1.32335,1.32347,1.50,1.25
2018.02.01 15:24:15.196,1.32333,1.32346,5.25,1.00
2018.02.01 15:24:15.436,1.32337,1.32347,1.00,1.00
2018.02.01 15:24:15.846,1.32335,1.32351,2.25,2.89
2018.02.01 15:24:16.685,1.32335,1.32351,2.25,2.51
2018.02.01 15:24:17.084,1.32331,1.32343,1.00,1.00
2018.02.01 15:24:17.396,1.32334,1.32346,1.00,1.10
2018.02.01 15:24:17.602,1.32334,1.32349,1.00,1.29
2018.02.01 15:24:18.113,1.32335,1.32349,2.25,1.19
2018.02.01 15:24:18.776,1.32334,1.32349,2.25,1.00
2018.02.01 15:24:18.881,1.32337,1.32348,2.25,1.00
2018.02.01 15:24:19.193,1.32334,1.32346,1.00,1.00
2018.02.01 15:24:20.027,1.32334,1.32348,2.25,1.10
2018.02.01 15:24:20.549,1.32334,1.32347,1.00,1.00
2018.02.01 15:24:20.806,1.32329,1.32347,1.69,1.00
2018.02.01 15:24:21.015,1.3233,1.32343,1.12,1.00
2018.02.01 15:24:21.068,1.32329,1.32345,1.50,1.00
2018.02.01 15:24:21.490,1.3233,1.32343,1.12,1.00
2018.02.01 15:24:22.806,1.32329,1.32343,2.25,1.00
2018.02.01 15:24:23.338,1.3233,1.32343,4.50,1.00
2018.02.01 15:24:23.458,1.3233,1.32345,4.50,1.25
2018.02.01 15:24:23.986,1.32334,1.32348,1.50,1.00
2018.02.01 15:24:24.314,1.32339,1.3235,2.25,1.00
2018.02.01 15:24:24.832,1.32338,1.3235,2.25,1.00
2018.02.01 15:24:25.194,1.32336,1.3235,2.25,1.00
2018.02.01 15:24:26.507,1.32335,1.32344,5.25,1.00
2018.02.01 15:24:27.365,1.32334,1.32344,2.25,1.00
2018.02.01 15:24:27.871,1.32333,1.32344,5.25,1.00
2018.02.01 15:24:28.155,1.32329,1.32344,2.44,1.00
2018.02.01 15:24:28.624,1.32328,1.32342,2.44,1.00
2018.02.01 15:24:29.364,1.32332,1.32342,2.25,1.00
2018.02.01 15:24:29.742,1.32337,1.32345,5.25,1.50
2018.02.01 15:24:30.055,1.32328,1.32342,3.19,1.00
2018.02.01 15:24:30.211,1.32332,1.32341,1.00,1.00
2018.02.01 15:24:30.679,1.3233,1.32342,1.00,1.00
2018.02.01 15:24:30.732,1.32331,1.32339,1.00,1.00
2018.02.01 15:24:30.991,1.32331,1.32342,1.00,1.50
2018.02.01 15:24:31.512,1.32332,1.32342,3.00,1.00
2018.02.01 15:24:31.937,1.32329,1.32342,7.50,2.25
2018.02.01 15:24:32.521,1.3233,1.32342,1.50,2.25
2018.02.01 15:24:33.632,1.32329,1.32342,7.50,1.50
2018.02.01 15:24:34.121,1.32325,1.32342,3.94,1.50
2018.02.01 15:24:35.242,1.32325,1.32343,4.69,2.25
2018.02.01 15:24:35.749,1.32326,1.32344,1.25,1.25
2018.02.01 15:24:35.942,1.32326,1.32343,1.19,1.00
2018.02.01 15:24:36.253,1.32333,1.32344,1.00,1.50
2018.02.01 15:24:37.137,1.32336,1.32344,2.25,1.00
2018.02.01 15:24:37.189,1.32337,1.32349,2.25,3.26
2018.02.01 15:24:37.495,1.32337,1.32345,2.25,1.00
2018.02.01 15:24:37.623,1.32335,1.32345,2.25,1.00
2018.02.01 15:24:38.819,1.32335,1.32347,2.25,1.00
2018.02.01 15:24:38.873,1.32331,1.32348,1.19,1.12
2018.02.01 15:24:39.356,1.32334,1.32349,2.25,1.00
2018.02.01 15:24:39.853,1.32339,1.32349,1.00,1.00
2018.02.01 15:24:40.371,1.32338,1.3235,1.00,1.00
2018.02.01 15:24:40.685,1.3234,1.3235,2.25,1.00
2018.02.01 15:24:40.976,1.32336,1.32349,2.25,1.00
2018.02.01 15:24:41.434,1.32336,1.32352,2.25,1.50
2018.02.01 15:24:41.487,1.32343,1.32352,1.50,2.25
2018.02.01 15:24:43.052,1.3234,1.32352,1.00,1.00
2018.02.01 15:24:43.235,1.3234,1.32356,1.00,1.25
2018.02.01 15:24:43.492,1.32343,1.32356,5.25,1.25
2018.02.01 15:24:43.865,1.32343,1.32354,5.25,1.50
2018.02.01 15:24:44.310,1.32343,1.32351,7.50,1.00
2018.02.01 15:24:44.817,1.32343,1.32353,1.50,1.00
2018.02.01 15:24:45.118,1.32342,1.32351,2.25,1.00
2018.02.01 15:24:45.823,1.32343,1.32353,2.25,1.25
2018.02.01 15:24:46.581,1.32343,1.32351,2.25,1.00
2018.02.01 15:24:47.052,1.32341,1.32351,3.00,1.00
2018.02.01 15:24:47.598,1.32342,1.32351,1.00,1.00
2018.02.01 15:24:47.703,1.32342,1.32354,1.00,1.00
2018.02.01 15:24:47.755,1.32342,1.32356,1.00,1.25
2018.02.01 15:24:48.067,1.32346,1.32358,2.25,1.69
2018.02.01 15:24:48.208,1.32346,1.32358,2.25,1.50
2018.02.01 15:24:48.364,1.32345,1.32353,2.25,1.00
2018.02.01 15:24:48.416,1.32337,1.32351,3.75,1.00
2018.02.01 15:24:48.468,1.32337,1.32353,4.50,1.25
2018.02.01 15:24:48.884,1.32339,1.32353,2.25,1.25
2018.02.01 15:24:49.537,1.32339,1.32352,2.25,1.31
2018.02.01 15:24:49.589,1.32339,1.32352,2.25,1.00
2018.02.01 15:24:49.641,1.32339,1.32354,2.25,1.50
2018.02.01 15:24:49.744,1.32339,1.32352,2.25,1.00
2018.02.01 15:24:50.104,1.32342,1.32353,2.25,1.25
2018.02.01 15:24:50.632,1.32342,1.32349,2.25,1.00
2018.02.01 15:24:50.736,1.3234,1.32349,1.00,1.00
2018.02.01 15:24:51.261,1.32339,1.32346,2.25,1.00
2018.02.01 15:24:51.619,1.32338,1.32348,2.25,1.00
2018.02.01 15:24:51.670,1.32333,1.32348,1.00,1.00
2018.02.01 15:24:52.208,1.32335,1.32348,2.25,1.00
2018.02.01 15:24:52.675,1.32339,1.32349,2.25,1.25
2018.02.01 15:24:53.163,1.32336,1.32349,2.25,1.25
2018.02.01 15:24:53.707,1.32337,1.3235,2.25,1.00
2018.02.01 15:24:54.994,1.32337,1.32351,2.25,1.69
2018.02.01 15:24:55.520,1.32339,1.32351,2.25,1.69
2018.02.01 15:24:56.134,1.32338,1.32351,2.25,1.25
2018.02.01 15:24:56.456,1.32338,1.32349,2.25,1.00
2018.02.01 15:24:56.913,1.3234,1.32349,2.25,1.00
2018.02.01 15:24:57.387,1.32341,1.32354,2.25,2.44
2018.02.01 15:24:57.493,1.32341,1.32347,1.00,1.00
2018.02.01 15:24:57.670,1.32339,1.32348,1.00,1.00
2018.02.01 15:24:57.827,1.32335,1.32348,1.00,1.00
2018.02.01 15:24:58.085,1.32331,1.32348,1.00,1.00
2018.02.01 15:24:58.137,1.32331,1.32346,1.00,1.00
2018.02.01 15:24:58.630,1.32331,1.32344,1.00,1.00
2018.02.01 15:24:58.945,1.32331,1.32342,5.25,1.00
2018.02.01 15:24:59.258,1.32337,1.32343,1.00,1.25
2018.02.01 15:24:59.372,1.32331,1.32343,3.75,1.25
2018.02.01 15:24:59.841,1.32328,1.32345,1.50,1.69
2018.02.01 15:25:00.247,1.32329,1.32345,2.25,1.00
2018.02.01 15:25:00.298,1.32337,1.32342,3.75,1.00
2018.02.01 15:25:00.401,1.32337,1.32345,3.75,1.19
2018.02.01 15:25:00.453,1.32337,1.32346,3.75,1.00
2018.02.01 15:25:00.504,1.32337,1.32344,3.75,1.00
2018.02.01 15:25:01.030,1.32333,1.32344,1.00,1.00
2018.02.01 15:25:01.558,1.32334,1.32344,3.75,1.19
2018.02.01 15:25:02.168,1.32335,1.32344,2.25,1.19
2018.02.01 15:25:02.743,1.32333,1.32344,1.50,1.25
2018.02.01 15:25:03.291,1.32332,1.32343,4.50,1.00
2018.02.01 15:25:03.445,1.3233,1.32343,6.00,1.00
2018.02.01 15:25:03.972,1.32337,1.32345,3.75,1.00
2018.02.01 15:25:04.906,1.32336,1.32346,1.00,1.25
2018.02.01 15:25:05.336,1.32338,1.32345,1.50,1.00
2018.02.01 15:25:06.057,1.32338,1.32348,3.00,1.50
2018.02.01 15:25:06.593,1.32338,1.32349,1.00,1.00
2018.02.01 15:25:06.951,1.3234,1.32352,1.00,1.00
2018.02.01 15:25:07.004,1.3234,1.3235,1.00,1.00
2018.02.01 15:25:07.321,1.32341,1.32347,1.00,1.00
2018.02.01 15:25:07.503,1.32338,1.32347,2.62,1.00
2018.02.01 15:25:08.027,1.32339,1.32347,2.25,1.00
2018.02.01 15:25:08.363,1.32337,1.32347,2.25,1.00
2018.02.01 15:25:08.696,1.32337,1.32345,2.25,1.00
2018.02.01 15:25:09.006,1.32339,1.32345,2.25,1.00
2018.02.01 15:25:09.214,1.32339,1.32348,1.00,1.00
2018.02.01 15:25:09.267,1.32331,1.32349,1.00,1.19
2018.02.01 15:25:09.320,1.32332,1.32351,1.69,1.12
2018.02.01 15:25:09.665,1.32341,1.32352,1.00,1.00
2018.02.01 15:25:10.180,1.32343,1.32352,1.00,1.00
2018.02.01 15:25:10.690,1.3234,1.32353,1.50,1.00
2018.02.01 15:25:11.226,1.32339,1.32352,2.25,1.00
2018.02.01 15:25:11.760,1.32338,1.32353,1.00,1.50
2018.02.01 15:25:11.822,1.32336,1.32353,4.50,1.50
2018.02.01 15:25:12.172,1.3234,1.32353,1.50,1.50
2018.02.01 15:25:12.483,1.32342,1.32353,1.00,1.50
2018.02.01 15:25:12.991,1.32341,1.32353,1.50,1.00
2018.02.01 15:25:13.206,1.32338,1.32353,2.25,1.50
2018.02.01 15:25:13.690,1.32337,1.32353,2.25,1.00
2018.02.01 15:25:16.774,1.32338,1.32353,2.25,1.50
2018.02.01 15:25:16.826,1.32336,1.32352,2.25,1.00
2018.02.01 15:25:17.290,1.32338,1.32353,2.25,1.50
2018.02.01 15:25:17.653,1.32338,1.32351,2.25,1.00
2018.02.01 15:25:17.809,1.32347,1.32361,1.00,1.00
2018.02.01 15:25:18.216,1.3235,1.3236,2.25,1.00
2018.02.01 15:25:18.480,1.32354,1.32367,1.00,1.00
2018.02.01 15:25:18.635,1.32358,1.32369,1.50,1.62
2018.02.01 15:25:18.913,1.32349,1.3236,1.00,1.00
2018.02.01 15:25:18.965,1.32348,1.32358,1.00,1.00
2018.02.01 15:25:19.119,1.32348,1.3236,1.00,1.50
2018.02.01 15:25:19.480,1.32349,1.32359,1.00,2.06
2018.02.01 15:25:19.807,1.32349,1.32358,1.00,2.06
2018.02.01 15:25:19.922,1.32346,1.32358,2.25,2.06
2018.02.01 15:25:20.320,1.32348,1.32358,1.50,2.06
2018.02.01 15:25:20.810,1.32347,1.32358,2.25,1.69
2018.02.01 15:25:21.324,1.32347,1.32358,2.25,1.69
2018.02.01 15:25:21.508,1.32344,1.32353,6.00,1.00
2018.02.01 15:25:22.011,1.32344,1.32353,2.25,1.19
2018.02.01 15:25:22.063,1.32342,1.32353,2.25,1.19
2018.02.01 15:25:22.483,1.32339,1.32352,1.00,1.25
2018.02.01 15:25:22.637,1.32338,1.3235,1.00,1.00
2018.02.01 15:25:23.469,1.32339,1.3235,2.25,1.00
2018.02.01 15:25:23.520,1.32336,1.3235,1.00,1.00
2018.02.01 15:25:24.165,1.32336,1.3235,1.00,1.19
2018.02.01 15:25:25.784,1.32336,1.32351,1.00,1.19
2018.02.01 15:25:25.836,1.32333,1.32351,1.87,1.19
2018.02.01 15:25:26.983,1.32334,1.32351,1.00,1.19
2018.02.01 15:25:27.316,1.32336,1.32352,1.00,1.00
2018.02.01 15:25:27.629,1.32334,1.3235,1.00,1.25
2018.02.01 15:25:27.717,1.32332,1.3235,1.50,1.25
2018.02.01 15:25:27.981,1.32332,1.32344,1.00,1.00
2018.02.01 15:25:28.365,1.3233,1.32341,1.50,1.19
2018.02.01 15:25:28.518,1.32331,1.32345,3.00,1.00
2018.02.01 15:25:28.571,1.32332,1.32347,1.00,1.50
2018.02.01 15:25:28.674,1.32332,1.3235,1.50,1.69
2018.02.01 15:25:29.246,1.32333,1.3235,1.00,1.19
2018.02.01 15:25:29.502,1.32335,1.3235,2.25,1.19
2018.02.01 15:25:30.110,1.32335,1.3235,3.00,1.25
2018.02.01 15:25:30.504,1.32333,1.3235,1.00,1.25
2018.02.01 15:25:31.011,1.32333,1.32349,1.00,1.00
2018.02.01 15:25:32.339,1.32331,1.32349,1.56,1.00
2018.02.01 15:25:32.392,1.32333,1.32351,3.19,1.50
2018.02.01 15:25:32.717,1.32339,1.3235,2.25,1.25
2018.02.01 15:25:33.246,1.32336,1.3235,1.00,1.25
2018.02.01 15:25:33.297,1.32333,1.3235,1.00,1.25
2018.02.01 15:25:34.283,1.32336,1.3235,1.50,1.25
2018.02.01 15:25:34.598,1.32335,1.32348,1.50,1.19
2018.02.01 15:25:35.105,1.32336,1.32348,1.50,1.00
2018.02.01 15:25:35.626,1.32335,1.32348,2.25,1.19
2018.02.01 15:25:36.081,1.32331,1.32348,1.50,1.00
2018.02.01 15:25:36.928,1.32327,1.32342,1.50,1.19
2018.02.01 15:25:37.288,1.32327,1.32339,1.00,1.00
2018.02.01 15:25:37.509,1.32324,1.32339,1.00,1.00
2018.02.01 15:25:39.641,1.32327,1.32339,2.25,1.00
2018.02.01 15:25:40.227,1.32326,1.32339,4.50,1.00
2018.02.01 15:25:40.832,1.32327,1.32339,4.50,1.00
2018.02.01 15:25:41.542,1.32326,1.32339,1.00,1.00
2018.02.01 15:25:42.189,1.32326,1.32338,1.00,1.00
2018.02.01 15:25:42.356,1.32326,1.3234,1.00,1.00
2018.02.01 15:25:42.892,1.32325,1.3234,2.25,1.00
2018.02.01 15:25:43.400,1.32324,1.32339,3.00,1.50
2018.02.01 15:25:43.905,1.32324,1.3234,1.50,1.00
2018.02.01 15:25:44.430,1.32324,1.32339,1.50,1.00
2018.02.01 15:25:44.553,1.32324,1.32341,1.50,1.25
2018.02.01 15:25:44.605,1.32324,1.32339,1.00,1.19
2018.02.01 15:25:45.132,1.32324,1.32337,1.00,1.00
2018.02.01 15:25:46.894,1.32322,1.32335,1.50,1.25
2018.02.01 15:25:47.401,1.3232,1.32336,5.62,1.00
2018.02.01 15:25:47.905,1.3232,1.32335,4.50,1.00
2018.02.01 15:25:48.142,1.3232,1.32329,4.50,1.00
2018.02.01 15:25:48.195,1.32316,1.3233,1.00,1.50
2018.02.01 15:25:48.247,1.32313,1.3233,1.25,1.00
2018.02.01 15:25:48.403,1.32311,1.32328,6.00,1.00
2018.02.01 15:25:48.917,1.32313,1.32328,2.25,1.00
2018.02.01 15:25:49.124,1.32311,1.32328,5.25,1.00
2018.02.01 15:25:49.642,1.32312,1.32329,2.25,1.50
2018.02.01 15:25:49.898,1.32313,1.32328,1.50,1.19
2018.02.01 15:25:50.153,1.3231,1.32325,2.25,1.00
2018.02.01 15:25:50.669,1.32309,1.32327,3.00,1.00
2018.02.01 15:25:50.963,1.3231,1.32327,3.75,1.00
2018.02.01 15:25:52.108,1.32313,1.32327,1.50,1.00
2018.02.01 15:25:52.414,1.32312,1.32329,1.50,1.25
2018.02.01 15:25:53.460,1.32311,1.32328,1.31,1.00
2018.02.01 15:25:53.647,1.32317,1.32335,5.06,1.00
2018.02.01 15:25:54.757,1.32318,1.32336,3.94,1.00
2018.02.01 15:25:54.861,1.32321,1.32336,1.00,1.00
2018.02.01 15:25:55.162,1.32321,1.32338,1.12,1.25
2018.02.01 15:25:56.662,1.32321,1.32336,1.12,1.00
2018.02.01 15:25:57.215,1.32321,1.32337,1.31,1.50
2018.02.01 15:25:58.647,1.32321,1.32333,4.12,1.00
2018.02.01 15:25:58.996,1.32325,1.32339,1.00,1.00
2018.02.01 15:25:59.051,1.32324,1.32343,1.56,1.00
2018.02.01 15:25:59.964,1.32325,1.32344,2.44,1.00
2018.02.01 15:26:00.168,1.32326,1.32344,1.25,1.69
2018.02.01 15:26:01.344,1.32326,1.32344,1.19,1.50
2018.02.01 15:26:02.102,1.32329,1.32345,1.00,1.00
2018.02.01 15:26:02.399,1.3233,1.32348,1.25,1.25
2018.02.01 15:26:02.502,1.32329,1.32346,2.44,1.00
2018.02.01 15:26:02.850,1.3233,1.32348,1.50,1.25
2018.02.01 15:26:03.428,1.32331,1.32347,1.25,1.00
2018.02.01 15:26:03.790,1.3233,1.32345,1.19,1.00
2018.02.01 15:26:03.894,1.3233,1.32347,1.69,1.00
2018.02.01 15:26:04.406,1.3233,1.32347,1.00,1.25
2018.02.01 15:26:04.637,1.32329,1.32344,2.81,1.00
2018.02.01 15:26:04.979,1.32326,1.3234,1.50,1.00
2018.02.01 15:26:06.068,1.32326,1.32342,1.25,1.10
2018.02.01 15:26:06.325,1.32324,1.32343,1.00,1.19
2018.02.01 15:26:06.429,1.32333,1.32347,1.00,1.50
2018.02.01 15:26:06.480,1.32337,1.32352,1.00,1.50
2018.02.01 15:26:06.680,1.32337,1.32354,2.25,1.00
2018.02.01 15:26:06.992,1.32346,1.32359,1.00,1.00
2018.02.01 15:26:07.745,1.32341,1.32354,1.00,1.00
2018.02.01 15:26:07.849,1.32339,1.32356,1.12,1.00
2018.02.01 15:26:08.376,1.3234,1.32356,1.00,1.00
2018.02.01 15:26:08.889,1.32339,1.32354,1.87,1.00
2018.02.01 15:26:09.698,1.32337,1.32354,1.50,1.00
2018.02.01 15:26:10.025,1.32335,1.32351,1.50,1.00
2018.02.01 15:26:10.338,1.32335,1.32349,1.50,1.00
2018.02.01 15:26:10.701,1.32334,1.32348,1.00,1.00
2018.02.01 15:26:10.754,1.32336,1.32349,1.00,1.00
2018.02.01 15:26:11.621,1.32338,1.32349,1.00,1.00
2018.02.01 15:26:12.275,1.32338,1.3235,1.00,1.69
2018.02.01 15:26:13.145,1.32336,1.32349,3.00,1.00
2018.02.01 15:26:13.199,1.32331,1.32346,1.00,1.19
2018.02.01 15:26:13.335,1.32328,1.32346,1.19,1.00
2018.02.01 15:26:13.440,1.32331,1.32347,2.44,1.00
2018.02.01 15:26:13.493,1.32332,1.32349,1.25,1.50
2018.02.01 15:26:13.598,1.32332,1.32352,2.81,1.50
2018.02.01 15:26:13.948,1.32335,1.32351,1.69,1.00
2018.02.01 15:26:14.051,1.32335,1.32351,1.69,1.50
2018.02.01 15:26:14.158,1.32335,1.32351,1.50,1.19
2018.02.01 15:26:14.364,1.32331,1.32351,2.25,1.19
2018.02.01 15:26:14.580,1.32332,1.32345,1.00,1.19
2018.02.01 15:26:14.685,1.3233,1.32344,1.00,1.50
2018.02.01 15:26:14.896,1.32328,1.32339,1.50,1.19
2018.02.01 15:26:14.949,1.32325,1.32339,1.00,1.12
2018.02.01 15:26:15.004,1.32322,1.32341,1.00,2.06
2018.02.01 15:26:15.539,1.32322,1.3234,1.69,1.00
2018.02.01 15:26:15.873,1.3232,1.3234,1.50,1.19
2018.02.01 15:26:16.416,1.32321,1.32341,1.25,1.69
2018.02.01 15:26:16.684,1.32323,1.3234,5.44,1.00
2018.02.01 15:26:16.964,1.32323,1.32343,5.44,2.06
2018.02.01 15:26:17.470,1.32324,1.32341,1.50,1.00
2018.02.01 15:26:17.637,1.32324,1.32343,1.50,2.06
2018.02.01 15:26:18.246,1.32323,1.32343,1.50,1.25
2018.02.01 15:26:18.452,1.32324,1.32342,1.31,1.00
2018.02.01 15:26:18.504,1.32326,1.32344,1.00,1.25
2018.02.01 15:26:18.781,1.32331,1.32348,1.25,1.00
2018.02.01 15:26:19.092,1.32342,1.32356,1.00,1.25
2018.02.01 15:26:19.660,1.32341,1.32357,1.00,1.19
2018.02.01 15:26:19.713,1.32339,1.32357,1.87,1.25
2018.02.01 15:26:20.252,1.3234,1.32359,1.00,1.69
2018.02.01 15:26:20.305,1.32341,1.32359,1.00,1.50
2018.02.01 15:26:20.861,1.32339,1.32355,2.44,1.00
2018.02.01 15:26:21.389,1.32337,1.32356,3.75,2.06
2018.02.01 15:26:21.731,1.32336,1.32356,1.00,1.69
2018.02.01 15:26:21.999,1.32336,1.32355,1.69,1.25
2018.02.01 15:26:22.611,1.32337,1.32354,1.00,1.00
2018.02.01 15:26:23.121,1.32337,1.32356,1.00,2.06
2018.02.01 15:26:23.177,1.32338,1.32358,1.19,2.81
2018.02.01 15:26:23.916,1.32338,1.32358,1.00,2.81
2018.02.01 15:26:24.461,1.32337,1.32354,1.19,1.00
2018.02.01 15:26:25.001,1.32336,1.32353,1.87,1.00
2018.02.01 15:26:25.598,1.32337,1.32356,1.19,1.57
2018.02.01 15:26:25.855,1.32336,1.32354,1.00,1.25
2018.02.01 15:26:25.957,1.32337,1.32355,1.19,1.00
2018.02.01 15:26:26.277,1.32336,1.32353,1.69,1.00
2018.02.01 15:26:26.433,1.3233,1.32349,1.69,1.31
2018.02.01 15:26:27.065,1.3233,1.32347,1.25,1.00
2018.02.01 15:26:27.617,1.32329,1.32346,2.06,1.00
2018.02.01 15:26:28.322,1.32329,1.32346,1.87,1.00
2018.02.01 15:26:28.376,1.32329,1.32348,2.62,1.76
2018.02.01 15:26:28.740,1.32334,1.32348,2.25,1.10
2018.02.01 15:26:28.792,1.32334,1.32352,1.00,1.19
2018.02.01 15:26:29.299,1.32334,1.32352,1.25,1.00
2018.02.01 15:26:30.332,1.32333,1.32349,1.31,1.00
2018.02.01 15:26:30.596,1.32338,1.32356,1.19,1.00
2018.02.01 15:26:31.099,1.32339,1.32358,1.25,1.32
2018.02.01 15:26:31.151,1.32342,1.3236,1.12,1.76
2018.02.01 15:26:31.823,1.32341,1.32361,4.69,1.76
2018.02.01 15:26:32.125,1.32339,1.32353,2.06,1.00
2018.02.01 15:26:32.229,1.32337,1.32351,4.50,1.50
2018.02.01 15:26:32.281,1.32335,1.32349,1.00,1.00
2018.02.01 15:26:32.334,1.32332,1.32349,1.25,1.50
2018.02.01 15:26:32.593,1.32333,1.3235,1.19,1.00
2018.02.01 15:26:33.116,1.32333,1.32349,1.19,1.00
2018.02.01 15:26:33.320,1.32332,1.32349,2.44,1.00
2018.02.01 15:26:33.869,1.32334,1.32351,1.00,2.51
2018.02.01 15:26:34.273,1.32331,1.32351,2.44,1.26
2018.02.01 15:26:34.429,1.32331,1.32348,3.19,1.07
2018.02.01 15:26:34.963,1.3233,1.32346,1.00,1.10
2018.02.01 15:26:36.055,1.3233,1.32347,1.50,1.39
2018.02.01 15:26:36.108,1.32327,1.32347,1.00,1.39
2018.02.01 15:26:36.622,1.32328,1.32347,1.50,1.39
2018.02.01 15:26:37.155,1.32328,1.32347,2.25,1.39
2018.02.01 15:26:37.515,1.32331,1.32345,1.50,1.25
2018.02.01 15:26:37.996,1.32332,1.32347,1.50,1.00
2018.02.01 15:26:38.296,1.3233,1.32347,2.62,1.00
2018.02.01 15:26:38.454,1.32332,1.3235,1.25,1.00
2018.02.01 15:26:38.566,1.32331,1.32348,1.19,1.00
2018.02.01 15:26:40.368,1.32331,1.32348,1.00,1.00
2018.02.01 15:26:40.917,1.32331,1.32349,1.00,1.25
2018.02.01 15:26:41.658,1.32331,1.32348,1.50,1.00
2018.02.01 15:26:41.969,1.32325,1.32342,1.00,1.19
2018.02.01 15:26:42.330,1.32323,1.3234,1.25,1.50
2018.02.01 15:26:42.485,1.32324,1.32342,1.19,1.00
2018.02.01 15:26:42.840,1.32329,1.3234,1.00,1.69
2018.02.01 15:26:42.893,1.32322,1.32336,3.75,1.50
2018.02.01 15:26:43.000,1.32318,1.32336,1.25,1.00
2018.02.01 15:26:44.066,1.32318,1.32336,1.12,1.19
2018.02.01 15:26:46.150,1.32319,1.32334,1.25,1.00
2018.02.01 15:26:46.293,1.32319,1.32337,1.25,1.32
2018.02.01 15:26:46.688,1.32323,1.32338,1.00,1.19
2018.02.01 15:26:47.208,1.32323,1.32338,1.00,1.00
2018.02.01 15:26:47.664,1.32321,1.32338,3.00,1.00
2018.02.01 15:26:49.545,1.3232,1.32338,1.69,1.25
2018.02.01 15:26:49.785,1.32322,1.32339,1.00,1.19
2018.02.01 15:26:50.300,1.32321,1.32339,1.25,1.00
2018.02.01 15:26:50.609,1.32323,1.3234,1.25,1.57
2018.02.01 15:26:51.069,1.32327,1.32342,1.00,1.57
2018.02.01 15:26:51.122,1.32325,1.3234,1.25,1.00
2018.02.01 15:26:51.175,1.32323,1.32342,2.44,1.39
2018.02.01 15:26:51.228,1.32322,1.32339,1.50,1.19
2018.02.01 15:26:51.552,1.3232,1.32337,1.00,1.69
2018.02.01 15:26:52.314,1.32319,1.32337,1.00,2.44
2018.02.01 15:26:52.616,1.32317,1.32335,1.50,1.10
2018.02.01 15:26:53.236,1.32317,1.32336,1.00,3.26
2018.02.01 15:26:53.918,1.32316,1.32334,1.69,1.10
2018.02.01 15:26:54.421,1.32317,1.32334,1.50,1.10
2018.02.01 15:26:55.035,1.32317,1.32334,2.44,1.00
2018.02.01 15:26:57.961,1.32318,1.32335,1.00,1.00
2018.02.01 15:26:58.495,1.32318,1.32334,1.00,1.69
2018.02.01 15:26:59.012,1.32319,1.32332,1.31,1.00
2018.02.01 15:26:59.118,1.32317,1.32333,2.25,1.50
2018.02.01 15:26:59.561,1.32315,1.32333,1.50,1.00
2018.02.01 15:26:59.613,1.32314,1.32331,1.00,1.00
2018.02.01 15:26:59.664,1.32313,1.32333,1.25,1.50
2018.02.01 15:27:00.200,1.32313,1.32332,1.50,1.25
2018.02.01 15:27:00.302,1.32313,1.3233,1.50,1.00
2018.02.01 15:27:00.603,1.32312,1.32327,1.69,1.00
2018.02.01 15:27:01.324,1.32311,1.32328,3.94,1.00
2018.02.01 15:27:02.649,1.32311,1.32329,1.19,1.00
2018.02.01 15:27:02.703,1.3231,1.3233,1.69,1.57
2018.02.01 15:27:02.807,1.32311,1.32328,1.25,1.07
2018.02.01 15:27:03.885,1.3231,1.32327,1.12,1.07
2018.02.01 15:27:04.861,1.32308,1.32326,1.25,1.10
2018.02.01 15:27:04.916,1.32307,1.32321,1.25,1.20
2018.02.01 15:27:05.139,1.32301,1.32319,1.19,1.07
2018.02.01 15:27:05.439,1.32305,1.32323,1.00,1.01
2018.02.01 15:27:06.418,1.32305,1.32324,1.19,1.10
2018.02.01 15:27:06.804,1.32305,1.32325,6.19,1.07
2018.02.01 15:27:07.123,1.32316,1.32331,1.50,1.07
2018.02.01 15:27:07.431,1.32318,1.32331,1.00,1.10
2018.02.01 15:27:07.483,1.32318,1.32333,1.00,1.57
2018.02.01 15:27:08.005,1.32313,1.32331,1.19,1.00
2018.02.01 15:27:08.554,1.32313,1.32333,1.19,1.76
2018.02.01 15:27:09.124,1.32313,1.32333,1.19,1.57
2018.02.01 15:27:09.176,1.32311,1.32329,2.44,1.00
2018.02.01 15:27:09.228,1.32313,1.32332,1.19,1.10
2018.02.01 15:27:09.279,1.32313,1.32332,1.19,1.07
2018.02.01 15:27:09.781,1.32313,1.32332,1.19,1.07
2018.02.01 15:27:09.938,1.32311,1.32329,1.69,1.00
2018.02.01 15:27:09.991,1.32312,1.3233,1.00,3.07
2018.02.01 15:27:10.317,1.32312,1.3233,1.19,1.07
2018.02.01 15:27:10.822,1.32312,1.3233,1.00,1.07
2018.02.01 15:27:11.345,1.32312,1.32329,1.00,1.07
2018.02.01 15:27:11.854,1.32312,1.32329,1.00,1.10
2018.02.01 15:27:12.009,1.32312,1.32326,1.25,1.00
2018.02.01 15:27:12.422,1.32308,1.32328,2.81,1.07
2018.02.01 15:27:12.965,1.32308,1.32325,1.00,1.25
2018.02.01 15:27:13.278,1.32312,1.32325,1.50,1.00
2018.02.01 15:27:13.622,1.32309,1.32321,2.25,1.00
2018.02.01 15:27:13.743,1.32306,1.32322,1.50,1.07
2018.02.01 15:27:13.848,1.32309,1.32322,1.00,1.10
2018.02.01 15:27:13.900,1.32307,1.32326,1.00,1.07
2018.02.01 15:27:13.957,1.32307,1.32326,1.00,1.07
2018.02.01 15:27:14.215,1.32306,1.32324,2.44,1.07
2018.02.01 15:27:14.724,1.32305,1.32321,1.69,1.00
2018.02.01 15:27:15.048,1.32302,1.32317,3.94,1.07
2018.02.01 15:27:15.368,1.32299,1.32317,1.19,1.10
2018.02.01 15:27:15.420,1.32299,1.32317,1.19,1.07
2018.02.01 15:27:15.945,1.32299,1.32317,1.25,1.32
2018.02.01 15:27:16.772,1.323,1.32318,1.19,1.07
2018.02.01 15:27:17.083,1.32299,1.32318,1.69,1.32
2018.02.01 15:27:17.605,1.32299,1.32315,4.69,1.00
2018.02.01 15:27:17.888,1.32296,1.32314,1.69,1.50
2018.02.01 15:27:17.941,1.32295,1.32312,1.50,1.07
2018.02.01 15:27:18.304,1.32296,1.32313,1.00,1.01
2018.02.01 15:27:18.475,1.32293,1.32312,3.94,1.07
2018.02.01 15:27:19.084,1.32294,1.32311,1.00,1.29
2018.02.01 15:27:19.240,1.32305,1.32324,1.50,1.26
2018.02.01 15:27:19.292,1.32308,1.32326,1.00,1.26
2018.02.01 15:27:19.602,1.32313,1.32324,3.75,1.10
2018.02.01 15:27:19.924,1.32308,1.32324,1.50,1.00
2018.02.01 15:27:20.184,1.32307,1.32321,1.00,1.07
2018.02.01 15:27:20.496,1.32307,1.32317,1.00,1.10
2018.02.01 15:27:20.548,1.32304,1.32317,1.50,1.10
2018.02.01 15:27:20.651,1.32302,1.32319,1.50,1.01
2018.02.01 15:27:20.703,1.32305,1.32317,2.25,1.00
2018.02.01 15:27:21.119,1.323,1.32317,1.31,1.00
2018.02.01 15:27:21.652,1.32299,1.32316,1.00,1.01
2018.02.01 15:27:22.173,1.32298,1.32318,1.50,1.26
2018.02.01 15:27:22.225,1.32297,1.32315,1.87,1.29
2018.02.01 15:27:22.646,1.32297,1.32317,2.62,1.32
2018.02.01 15:27:22.700,1.32294,1.32312,1.19,1.00
2018.02.01 15:27:22.753,1.32293,1.32311,1.25,1.01
2018.02.01 15:27:23.214,1.32294,1.32313,1.75,1.76
2018.02.01 15:27:23.519,1.32297,1.32314,1.00,1.00
2018.02.01 15:27:23.575,1.32295,1.32311,1.50,1.00
2018.02.01 15:27:23.677,1.32296,1.32313,1.12,1.10
2018.02.01 15:27:23.729,1.32297,1.32315,1.19,1.07
2018.02.01 15:27:24.062,1.323,1.32319,1.00,1.64
2018.02.01 15:27:24.166,1.32305,1.32322,1.69,3.07
2018.02.01 15:27:24.378,1.32303,1.32323,1.31,1.29
2018.02.01 15:27:24.703,1.323,1.3232,1.31,1.07
2018.02.01 15:27:24.907,1.32296,1.32315,1.31,1.00
2018.02.01 15:27:24.959,1.32296,1.32314,1.31,1.00
2018.02.01 15:27:25.265,1.32297,1.32316,1.00,1.10
2018.02.01 15:27:25.317,1.32296,1.32313,1.00,1.31
2018.02.01 15:27:25.568,1.32294,1.32312,1.50,1.19
2018.02.01 15:27:25.672,1.32295,1.32314,1.00,1.29
2018.02.01 15:27:26.275,1.32294,1.32312,1.50,1.01
2018.02.01 15:27:26.649,1.32292,1.3231,1.00,1.00
2018.02.01 15:27:27.184,1.32293,1.32311,1.00,1.26
2018.02.01 15:27:27.391,1.32295,1.32313,1.25,1.25
2018.02.01 15:27:27.947,1.32295,1.32313,1.25,1.32
2018.02.01 15:27:28.552,1.32292,1.32313,1.69,1.26
2018.02.01 15:27:28.910,1.32295,1.32313,1.25,1.07
2018.02.01 15:27:29.115,1.32296,1.32314,1.00,1.01
2018.02.01 15:27:29.558,1.32294,1.32309,1.00,1.00
2018.02.01 15:27:29.716,1.32285,1.32304,1.69,1.00
2018.02.01 15:27:30.182,1.32294,1.32311,1.25,1.07
2018.02.01 15:27:30.261,1.32294,1.32314,1.25,2.70
2018.02.01 15:27:30.373,1.3229,1.32303,1.19,1.00
2018.02.01 15:27:30.426,1.32287,1.32305,2.25,1.00
2018.02.01 15:27:30.479,1.32286,1.32304,1.25,1.07
2018.02.01 15:27:30.532,1.32284,1.32304,1.00,1.26
2018.02.01 15:27:30.635,1.32284,1.32302,1.00,1.39
2018.02.01 15:27:30.821,1.32281,1.32301,1.69,1.29
2018.02.01 15:27:31.388,1.32281,1.32298,1.50,1.00
2018.02.01 15:27:31.588,1.32279,1.32297,1.50,1.25
2018.02.01 15:27:32.143,1.32277,1.32296,1.87,1.00
2018.02.01 15:27:32.930,1.3228,1.32297,1.00,1.26
2018.02.01 15:27:33.446,1.32279,1.32297,1.00,1.19
2018.02.01 15:27:33.981,1.32279,1.32297,1.00,1.19
2018.02.01 15:27:35.043,1.3228,1.32297,1.00,1.29
2018.02.01 15:27:35.286,1.3228,1.32297,1.00,1.01
2018.02.01 15:27:35.748,1.32283,1.32299,1.50,1.95
2018.02.01 15:27:36.285,1.32281,1.32299,1.25,1.95
2018.02.01 15:27:36.786,1.32281,1.32299,1.25,1.20
2018.02.01 15:27:37.177,1.32281,1.32299,2.25,2.14
2018.02.01 15:27:37.516,1.32278,1.32298,1.31,1.26
2018.02.01 15:27:37.669,1.32278,1.32296,1.12,1.29
2018.02.01 15:27:38.291,1.32277,1.32295,3.37,1.29
2018.02.01 15:27:39.090,1.32277,1.32294,1.00,1.26
2018.02.01 15:27:39.305,1.32275,1.32294,1.25,1.29
2018.02.01 15:27:40.092,1.32274,1.32294,1.12,1.26
2018.02.01 15:27:40.604,1.32273,1.32292,1.00,1.01
2018.02.01 15:27:41.487,1.32273,1.32292,1.00,1.29
2018.02.01 15:27:41.641,1.32272,1.32289,1.00,1.25
2018.02.01 15:27:41.746,1.32269,1.32289,1.31,1.00
2018.02.01 15:27:42.012,1.32271,1.32288,1.50,1.10
2018.02.01 15:27:42.559,1.32268,1.32283,1.50,1.00
2018.02.01 15:27:42.894,1.32274,1.3229,2.25,1.39
2018.02.01 15:27:43.402,1.32274,1.32289,2.25,1.26
2018.02.01 15:27:43.806,1.3227,1.32289,3.75,1.26
2018.02.01 15:27:44.355,1.3227,1.32289,3.75,1.39
2018.02.01 15:27:44.407,1.32274,1.32289,3.75,1.20
2018.02.01 15:27:44.594,1.32276,1.32291,1.75,1.25
2018.02.01 15:27:45.296,1.32274,1.32292,1.00,1.69
2018.02.01 15:27:45.770,1.32273,1.32291,1.50,1.19
2018.02.01 15:27:46.374,1.32273,1.32291,1.50,1.69
2018.02.01 15:27:46.928,1.32271,1.32291,1.00,1.69
2018.02.01 15:27:47.081,1.32273,1.32291,1.00,1.69
2018.02.01 15:27:47.607,1.32274,1.32293,1.25,1.69
2018.02.01 15:27:47.658,1.3227,1.32293,4.39,1.19
2018.02.01 15:27:48.003,1.32272,1.32291,1.00,1.19
2018.02.01 15:27:48.054,1.32272,1.32291,1.00,1.25
2018.02.01 15:27:48.106,1.32273,1.32293,1.00,2.14
2018.02.01 15:27:48.157,1.32269,1.32287,1.12,1.19
2018.02.01 15:27:48.686,1.32268,1.32287,1.00,1.19
2018.02.01 15:27:49.209,1.32267,1.32287,1.50,1.19
2018.02.01 15:27:49.666,1.32269,1.32287,1.00,1.25
2018.02.01 15:27:50.058,1.32268,1.32285,1.00,1.00
2018.02.01 15:27:50.718,1.32269,1.32285,1.00,1.00
2018.02.01 15:27:51.115,1.32275,1.3229,1.00,2.44
2018.02.01 15:27:51.370,1.32272,1.32289,1.00,1.31
2018.02.01 15:27:51.627,1.3227,1.32288,1.00,1.19
2018.02.01 15:27:52.171,1.3227,1.32288,1.37,1.19
2018.02.01 15:27:52.668,1.32269,1.32287,2.62,1.25
2018.02.01 15:27:53.227,1.3227,1.32287,1.00,1.25
2018.02.01 15:27:53.338,1.32271,1.32289,1.00,1.69
2018.02.01 15:27:53.546,1.32271,1.32289,1.00,1.31
2018.02.01 15:27:53.649,1.3227,1.3229,2.25,1.69
2018.02.01 15:27:53.872,1.32272,1.32289,1.00,1.00
2018.02.01 15:27:54.432,1.32271,1.3229,1.00,1.25
2018.02.01 15:27:54.736,1.32273,1.3229,1.50,1.25
2018.02.01 15:27:54.901,1.32277,1.32295,1.25,1.01
2018.02.01 15:27:55.006,1.32273,1.32289,1.50,1.25
2018.02.01 15:27:55.058,1.32273,1.32291,3.00,1.25
2018.02.01 15:27:55.215,1.32271,1.32289,4.50,1.69
2018.02.01 15:27:55.711,1.32272,1.3229,1.87,1.19
2018.02.01 15:27:56.205,1.32275,1.32291,1.00,3.19
2018.02.01 15:27:56.309,1.32275,1.3229,1.00,1.19
2018.02.01 15:27:56.821,1.32274,1.32291,2.25,1.19
2018.02.01 15:27:57.355,1.32275,1.32292,1.00,1.19
2018.02.01 15:27:57.460,1.32276,1.32293,1.00,1.19
2018.02.01 15:27:57.514,1.32277,1.32289,1.00,1.00
2018.02.01 15:27:57.863,1.32276,1.32293,1.00,1.31
2018.02.01 15:27:57.968,1.32275,1.32294,2.44,1.00
2018.02.01 15:27:58.341,1.3228,1.32296,3.75,1.69
2018.02.01 15:27:58.652,1.3228,1.32295,3.75,1.56
2018.02.01 15:27:58.847,1.3228,1.32295,3.75,1.69
2018.02.01 15:27:58.906,1.32276,1.32296,1.00,1.19
2018.02.01 15:27:59.272,1.32273,1.32291,1.50,1.25
2018.02.01 15:27:59.546,1.3227,1.32289,2.25,1.19
2018.02.01 15:27:59.599,1.32271,1.32289,1.50,1.19
2018.02.01 15:28:00.148,1.3227,1.32287,1.50,1.19
2018.02.01 15:28:00.353,1.32268,1.32286,1.00,1.25
2018.02.01 15:28:00.455,1.32268,1.32286,1.00,1.31
2018.02.01 15:28:00.998,1.32269,1.32288,1.00,2.44
2018.02.01 15:28:01.155,1.32267,1.32288,1.87,2.44
2018.02.01 15:28:01.694,1.32267,1.32286,2.06,1.19
2018.02.01 15:28:02.463,1.32268,1.32286,1.00,1.56
2018.02.01 15:28:03.495,1.32267,1.32286,1.00,1.19
2018.02.01 15:28:04.467,1.32266,1.32285,1.69,1.25
2018.02.01 15:28:04.989,1.32266,1.32284,1.25,1.00
2018.02.01 15:28:05.578,1.32266,1.32285,1.25,1.00
2018.02.01 15:28:05.724,1.32266,1.32285,1.00,1.19
2018.02.01 15:28:06.312,1.32266,1.32284,1.50,1.69
2018.02.01 15:28:06.844,1.32268,1.32285,1.00,2.06
2018.02.01 15:28:07.069,1.32268,1.32285,1.00,1.25
2018.02.01 15:28:08.033,1.32271,1.32288,1.19,1.00
2018.02.01 15:28:08.085,1.32268,1.32288,1.87,1.25
2018.02.01 15:28:08.596,1.32269,1.32287,1.00,1.50
2018.02.01 15:28:09.117,1.32269,1.32286,2.44,1.00
2018.02.01 15:28:09.952,1.3227,1.32286,1.00,1.00
2018.02.01 15:28:10.469,1.3227,1.32287,1.50,1.00
2018.02.01 15:28:10.522,1.3227,1.32285,1.50,1.69
2018.02.01 15:28:10.662,1.32269,1.32287,1.75,1.00
2018.02.01 15:28:10.714,1.3227,1.32284,1.50,1.25
2018.02.01 15:28:10.765,1.32263,1.32281,2.62,1.19
2018.02.01 15:28:11.338,1.32262,1.32281,2.44,1.00
2018.02.01 15:28:11.806,1.32263,1.3228,5.25,1.19
2018.02.01 15:28:12.751,1.32262,1.32279,3.00,1.19
2018.02.01 15:28:13.262,1.32262,1.32279,1.00,1.19
2018.02.01 15:28:13.777,1.32262,1.32279,1.00,1.00
2018.02.01 15:28:14.296,1.32262,1.3228,2.25,1.25
2018.02.01 15:28:14.856,1.32265,1.32283,1.00,2.06
2018.02.01 15:28:15.312,1.32263,1.32281,1.50,1.25
2018.02.01 15:28:15.994,1.32263,1.32281,3.00,1.19
2018.02.01 15:28:16.532,1.32263,1.3228,2.25,1.19
2018.02.01 15:28:17.063,1.32261,1.3228,1.50,1.19
2018.02.01 15:28:17.564,1.32261,1.32279,1.00,1.19
2018.02.01 15:28:18.113,1.32261,1.32277,1.00,1.00
2018.02.01 15:28:18.165,1.32259,1.32279,1.12,1.56
2018.02.01 15:28:18.216,1.32262,1.3228,1.00,1.00
2018.02.01 15:28:18.944,1.3226,1.3228,1.69,1.19
2018.02.01 15:28:19.487,1.32264,1.32282,1.00,1.69
2018.02.01 15:28:19.539,1.32263,1.32281,1.00,1.25
2018.02.01 15:28:20.082,1.32262,1.32281,1.00,1.19
2018.02.01 15:28:20.627,1.32263,1.32281,1.00,1.19
2018.02.01 15:28:20.702,1.32263,1.32281,1.00,1.56
2018.02.01 15:28:21.239,1.32263,1.32283,1.00,3.56
2018.02.01 15:28:21.697,1.32265,1.32283,1.00,1.50
2018.02.01 15:28:22.198,1.32266,1.32284,1.25,1.50
2018.02.01 15:28:22.301,1.32264,1.32284,1.25,1.19
2018.02.01 15:28:22.742,1.32264,1.32284,1.31,1.50
2018.02.01 15:28:22.795,1.32264,1.32283,1.12,1.25
2018.02.01 15:28:23.249,1.32264,1.32284,1.31,1.69
2018.02.01 15:28:24.042,1.32266,1.32285,1.19,1.25
2018.02.01 15:28:24.553,1.32266,1.32284,1.25,1.25
2018.02.01 15:28:24.985,1.32267,1.32286,1.25,1.00
2018.02.01 15:28:25.537,1.32269,1.32287,1.00,1.69
2018.02.01 15:28:26.050,1.3227,1.32287,1.00,1.25
2018.02.01 15:28:26.233,1.32268,1.32288,1.00,1.19
2018.02.01 15:28:26.758,1.32268,1.32286,1.00,1.19
2018.02.01 15:28:26.911,1.32268,1.32289,1.25,2.44
2018.02.01 15:28:27.166,1.32268,1.32287,1.25,1.00
2018.02.01 15:28:27.508,1.32269,1.32289,1.00,1.69
2018.02.01 15:28:27.722,1.32271,1.32289,1.00,1.69
2018.02.01 15:28:27.826,1.32269,1.3229,1.12,1.19
2018.02.01 15:28:28.552,1.32271,1.32291,1.00,1.19
2018.02.01 15:28:29.065,1.32272,1.32292,1.00,1.69
2018.02.01 15:28:29.572,1.32273,1.32292,1.00,1.69
2018.02.01 15:28:30.742,1.32273,1.32292,1.25,1.69
2018.02.01 15:28:31.288,1.32274,1.32294,1.00,3.56
2018.02.01 15:28:31.770,1.3227,1.32289,1.00,1.31
2018.02.01 15:28:31.909,1.32272,1.32291,1.00,2.14
2018.02.01 15:28:32.063,1.32271,1.32292,1.00,4.31
2018.02.01 15:28:32.217,1.32273,1.32292,1.00,2.44
2018.02.01 15:28:32.705,1.32271,1.32292,1.25,2.44
2018.02.01 15:28:32.808,1.32271,1.32292,1.00,1.69
2018.02.01 15:28:32.978,1.32271,1.32289,1.00,1.31
2018.02.01 15:28:33.082,1.3227,1.3229,1.50,2.44
2018.02.01 15:28:33.639,1.32271,1.32289,1.00,1.31
2018.02.01 15:28:34.222,1.32271,1.32289,1.00,1.31
2018.02.01 15:28:34.771,1.3227,1.32289,1.00,2.06
2018.02.01 15:28:35.285,1.32269,1.3229,1.00,2.06
2018.02.01 15:28:35.796,1.3227,1.3229,1.00,2.06
2018.02.01 15:28:36.354,1.32269,1.32289,1.25,1.31
2018.02.01 15:28:36.885,1.32268,1.32289,1.00,1.31
2018.02.01 15:28:38.545,1.32269,1.32288,1.00,1.69
2018.02.01 15:28:39.063,1.3227,1.32289,1.00,2.44
2018.02.01 15:28:39.115,1.32268,1.32289,1.25,2.44
2018.02.01 15:28:39.633,1.32269,1.32289,1.00,2.44
2018.02.01 15:28:40.176,1.32267,1.32287,1.69,1.19
2018.02.01 15:28:40.816,1.32267,1.32286,1.00,1.25
2018.02.01 15:28:40.920,1.32266,1.32284,1.25,1.00
2018.02.01 15:28:41.746,1.3227,1.32286,1.00,1.25
2018.02.01 15:28:41.851,1.32268,1.32286,1.00,1.25
2018.02.01 15:28:42.531,1.32267,1.32286,1.25,1.69
2018.02.01 15:28:42.584,1.32265,1.32284,1.50,1.25
2018.02.01 15:28:43.113,1.32265,1.32284,1.25,2.44
2018.02.01 15:28:43.639,1.32262,1.32283,1.25,1.19
2018.02.01 15:28:43.949,1.32259,1.32278,1.00,1.25
2018.02.01 15:28:44.001,1.32256,1.32275,1.50,1.25
2018.02.01 15:28:44.309,1.32256,1.32273,1.00,1.25
2018.02.01 15:28:44.950,1.32255,1.32273,1.00,1.25
2018.02.01 15:28:45.120,1.32253,1.32273,1.00,1.25
2018.02.01 15:28:45.470,1.32254,1.32273,1.19,1.50
2018.02.01 15:28:46.312,1.32255,1.32273,1.19,1.00
2018.02.01 15:28:46.637,1.32254,1.32273,1.00,1.69
2018.02.01 15:28:46.972,1.32256,1.32274,1.19,1.00
2018.02.01 15:28:47.074,1.3226,1.32279,1.00,2.44
2018.02.01 15:28:47.418,1.32259,1.32279,2.06,1.00
2018.02.01 15:28:47.470,1.32259,1.32279,1.19,1.69
2018.02.01 15:28:48.202,1.32258,1.32279,2.81,1.69
2018.02.01 15:28:48.855,1.32264,1.3228,1.00,1.00
2018.02.01 15:28:48.961,1.32261,1.3228,1.00,1.12
2018.02.01 15:28:49.218,1.32258,1.32277,1.25,1.25
2018.02.01 15:28:49.586,1.32263,1.3228,1.00,1.87
2018.02.01 15:28:49.639,1.32264,1.32283,1.00,1.25
2018.02.01 15:28:49.796,1.32263,1.32284,1.50,2.06
2018.02.01 15:28:50.159,1.32266,1.32284,1.00,2.81
2018.02.01 15:28:50.311,1.32266,1.32284,1.00,1.69
2018.02.01 15:28:51.062,1.32265,1.32284,1.00,2.44
2018.02.01 15:28:52.896,1.32267,1.32286,1.25,1.19
2018.02.01 15:28:53.241,1.32268,1.32288,1.19,1.19
2018.02.01 15:28:53.570,1.32273,1.32289,1.19,1.00
2018.02.01 15:28:53.622,1.32275,1.32293,1.25,1.25
2018.02.01 15:28:54.165,1.32272,1.32292,1.31,1.00
2018.02.01 15:28:54.870,1.32272,1.32292,1.31,1.00
2018.02.01 15:28:56.717,1.3227,1.3229,2.06,1.50
2018.02.01 15:28:57.628,1.3227,1.32288,1.69,1.25
2018.02.01 15:28:57.785,1.32272,1.32288,1.00,1.25
2018.02.01 15:28:57.837,1.32269,1.32288,1.19,1.25
2018.02.01 15:28:58.708,1.32273,1.32289,1.00,1.00
2018.02.01 15:29:00.051,1.32271,1.32289,1.25,1.00
2018.02.01 15:29:00.774,1.32271,1.3229,1.25,1.50
2018.02.01 15:29:01.129,1.32271,1.3229,1.19,1.50
2018.02.01 15:29:01.755,1.32271,1.32289,1.19,1.00
2018.02.01 15:29:01.807,1.32271,1.32289,1.00,1.00
2018.02.01 15:29:02.328,1.32269,1.32288,1.25,1.00
2018.02.01 15:29:02.380,1.32268,1.32285,1.00,1.00
2018.02.01 15:29:02.789,1.32268,1.32288,1.00,1.19
2018.02.01 15:29:03.314,1.32268,1.32287,1.19,1.00
2018.02.01 15:29:03.737,1.32271,1.32289,1.00,3.19
2018.02.01 15:29:04.708,1.32268,1.32288,1.50,1.19
2018.02.01 15:29:05.241,1.32268,1.32288,1.25,1.19
2018.02.01 15:29:06.993,1.32267,1.32287,1.25,1.00
2018.02.01 15:29:07.546,1.32266,1.32286,1.69,1.50
2018.02.01 15:29:08.258,1.32266,1.32286,1.69,1.69
2018.02.01 15:29:08.993,1.32266,1.32284,1.19,1.00
2018.02.01 15:29:09.579,1.32266,1.32285,1.25,1.19
2018.02.01 15:29:09.891,1.32262,1.3228,1.25,1.00
2018.02.01 15:29:10.828,1.32262,1.32279,1.00,1.00
2018.02.01 15:29:11.179,1.3227,1.32286,1.00,1.00
2018.02.01 15:29:11.230,1.32265,1.32286,1.87,1.69
2018.02.01 15:29:11.745,1.32266,1.32284,1.50,1.69
2018.02.01 15:29:12.413,1.32268,1.32285,1.00,1.19
2018.02.01 15:29:12.929,1.32269,1.32284,1.00,1.25
2018.02.01 15:29:13.036,1.32273,1.32289,1.00,1.87
2018.02.01 15:29:13.585,1.32274,1.32292,1.00,1.69
2018.02.01 15:29:13.637,1.32274,1.32289,1.00,1.00
2018.02.01 15:29:13.689,1.32274,1.32292,1.00,1.19
2018.02.01 15:29:14.239,1.32274,1.32292,1.00,1.25
2018.02.01 15:29:15.195,1.32274,1.32292,1.00,1.19
2018.02.01 15:29:15.740,1.32275,1.32292,1.00,1.19
2018.02.01 15:29:17.436,1.32273,1.32292,1.25,1.69
2018.02.01 15:29:17.644,1.32274,1.32293,1.19,1.25
2018.02.01 15:29:18.152,1.32274,1.32295,1.00,2.81
2018.02.01 15:29:18.661,1.32273,1.32294,1.19,1.19
2018.02.01 15:29:19.271,1.32277,1.32295,1.00,1.19
2018.02.01 15:29:19.486,1.32275,1.32294,1.25,1.19
2018.02.01 15:29:21.049,1.32273,1.32294,1.31,1.19
2018.02.01 15:29:21.827,1.32276,1.32295,1.00,2.81
2018.02.01 15:29:22.364,1.32276,1.32295,1.19,1.69
2018.02.01 15:29:22.865,1.32275,1.32294,1.19,1.50
2018.02.01 15:29:23.565,1.32274,1.32294,1.25,1.69
2018.02.01 15:29:23.949,1.32277,1.32294,1.25,1.10
2018.02.01 15:29:24.874,1.3228,1.32296,1.00,1.07
2018.02.01 15:29:24.928,1.3228,1.32298,1.00,1.01
2018.02.01 15:29:25.154,1.32276,1.32295,1.00,1.57
2018.02.01 15:29:25.257,1.32273,1.32291,2.44,1.00
2018.02.01 15:29:25.864,1.32271,1.32291,1.56,1.10
2018.02.01 15:29:26.391,1.32271,1.3229,1.00,1.00
2018.02.01 15:29:26.905,1.32271,1.3229,1.00,1.07
2018.02.01 15:29:27.425,1.32271,1.3229,1.50,1.10
2018.02.01 15:29:27.918,1.32271,1.3229,1.50,1.76
2018.02.01 15:29:28.492,1.32271,1.3229,1.00,1.26
2018.02.01 15:29:28.943,1.32272,1.32292,1.19,1.07
2018.02.01 15:29:28.996,1.32272,1.32291,2.44,1.07
2018.02.01 15:29:29.699,1.32271,1.32292,1.31,1.07
2018.02.01 15:29:30.156,1.32273,1.32292,1.19,1.12
2018.02.01 15:29:30.209,1.32273,1.32293,1.00,1.69
2018.02.01 15:29:30.315,1.32273,1.3229,1.00,1.00
2018.02.01 15:29:30.581,1.32274,1.32292,1.00,1.25
2018.02.01 15:29:31.086,1.32274,1.32292,1.19,1.00
2018.02.01 15:29:31.652,1.32274,1.32292,1.69,1.25
2018.02.01 15:29:34.267,1.32275,1.32292,1.00,1.25
2018.02.01 15:29:34.851,1.32273,1.32292,2.06,1.25
2018.02.01 15:29:37.204,1.32274,1.32292,1.19,1.00
2018.02.01 15:29:38.512,1.32274,1.32292,1.19,1.00
2018.02.01 15:29:38.753,1.32274,1.32292,1.25,1.00
2018.02.01 15:29:39.204,1.32276,1.32292,1.00,1.00
2018.02.01 15:29:39.520,1.32277,1.32295,1.19,1.00
2018.02.01 15:29:40.057,1.32277,1.32295,1.00,1.00
2018.02.01 15:29:41.041,1.32277,1.32297,1.19,1.00
2018.02.01 15:29:42.645,1.32279,1.32297,1.00,1.00
2018.02.01 15:29:43.058,1.32283,1.323,1.00,1.00
2018.02.01 15:29:43.703,1.32284,1.323,1.00,1.50
2018.02.01 15:29:45.308,1.32284,1.32299,1.00,1.00
2018.02.01 15:29:45.412,1.32284,1.32303,1.00,1.25
2018.02.01 15:29:45.464,1.32286,1.32304,1.00,1.19
2018.02.01 15:29:45.985,1.32286,1.32305,1.00,1.56
2018.02.01 15:29:46.140,1.32285,1.32306,1.31,1.69
2018.02.01 15:29:46.638,1.32287,1.32305,1.19,1.00
2018.02.01 15:29:46.691,1.32286,1.32305,1.25,1.19
2018.02.01 15:29:46.799,1.32285,1.32302,1.00,1.25
2018.02.01 15:29:46.902,1.32282,1.323,1.00,1.00
2018.02.01 15:29:47.006,1.32281,1.323,1.00,1.19
2018.02.01 15:29:47.059,1.3228,1.32301,1.19,2.44
2018.02.01 15:29:47.317,1.3228,1.32301,1.25,1.69
2018.02.01 15:29:48.138,1.3228,1.32301,1.00,1.69
2018.02.01 15:29:48.852,1.32282,1.32301,1.00,1.69
2018.02.01 15:29:49.441,1.32283,1.32302,1.00,1.19
2018.02.01 15:29:50.450,1.32284,1.32302,1.00,1.19
2018.02.01 15:29:50.760,1.32287,1.32304,1.00,1.19
2018.02.01 15:29:51.618,1.32287,1.32304,1.00,1.00
2018.02.01 15:29:51.732,1.32286,1.32303,1.00,1.19
2018.02.01 15:29:51.784,1.32284,1.32303,2.25,1.19
2018.02.01 15:29:51.940,1.32286,1.32303,1.00,1.19
2018.02.01 15:29:52.044,1.32287,1.32304,1.00,1.69
2018.02.01 15:29:52.148,1.32288,1.32306,1.00,1.25
2018.02.01 15:29:52.305,1.32287,1.32302,1.00,1.00
2018.02.01 15:29:52.358,1.32283,1.32302,1.00,1.69
2018.02.01 15:29:52.476,1.3228,1.32299,3.19,1.19
2018.02.01 15:29:52.781,1.32282,1.32299,1.00,1.69
2018.02.01 15:29:53.399,1.32282,1.32299,1.00,1.25
2018.02.01 15:29:54.006,1.3228,1.32299,3.00,1.69
2018.02.01 15:29:54.714,1.32281,1.32299,1.12,1.19
2018.02.01 15:29:57.860,1.3228,1.32301,1.69,1.31
2018.02.01 15:29:57.963,1.32282,1.32301,1.00,1.31
2018.02.01 15:29:58.486,1.32281,1.323,1.00,1.19
2018.02.01 15:29:59.316,1.3228,1.32299,1.50,1.19
2018.02.01 15:29:59.841,1.32279,1.32299,1.00,1.19
2018.02.01 15:30:00.153,1.32281,1.32301,1.25,1.19
2018.02.01 15:30:00.518,1.32282,1.32301,1.25,1.25
2018.02.01 15:30:01.276,1.32281,1.32301,1.50,1.31
2018.02.01 15:30:01.777,1.3228,1.32301,1.25,1.31
2018.02.01 15:30:02.290,1.32281,1.323,1.00,1.19
2018.02.01 15:30:03.439,1.32277,1.32296,1.25,1.19
2018.02.01 15:30:03.965,1.32276,1.32295,2.62,1.19
2018.02.01 15:30:07.043,1.3227,1.3229,1.50,2.06
2018.02.01 15:30:07.402,1.32272,1.32291,1.00,1.69
2018.02.01 15:30:07.985,1.32271,1.3229,1.00,1.19
2018.02.01 15:30:08.834,1.32271,1.3229,1.00,1.19
2018.02.01 15:30:09.778,1.32272,1.32291,1.00,1.31
2018.02.01 15:30:09.830,1.32274,1.32291,1.00,1.25
2018.02.01 15:30:11.421,1.32275,1.32291,1.00,1.25
2018.02.01 15:30:11.747,1.32272,1.32291,1.00,1.25
2018.02.01 15:30:11.800,1.32271,1.32291,1.50,1.69
2018.02.01 15:30:12.442,1.32272,1.3229,1.00,1.19
2018.02.01 15:30:13.427,1.3227,1.32291,1.19,1.69
2018.02.01 15:30:13.479,1.32268,1.32289,1.39,1.25
2018.02.01 15:30:13.949,1.32268,1.32288,1.12,1.19
2018.02.01 15:30:14.282,1.32271,1.32288,1.00,1.00
2018.02.01 15:30:14.593,1.32271,1.3229,1.31,1.69
2018.02.01 15:30:14.751,1.3227,1.32289,1.00,1.25
2018.02.01 15:30:15.258,1.3227,1.32289,1.25,1.19
2018.02.01 15:30:16.125,1.32271,1.3229,1.00,1.69
2018.02.01 15:30:16.307,1.32271,1.3229,1.25,1.69
2018.02.01 15:30:16.358,1.3227,1.32289,1.00,1.19
2018.02.01 15:30:16.511,1.3227,1.32289,1.25,1.25
2018.02.01 15:30:16.563,1.32271,1.32289,1.19,1.00
2018.02.01 15:30:17.738,1.32272,1.32292,2.44,1.25
2018.02.01 15:30:18.954,1.32273,1.32291,1.25,1.00
2018.02.01 15:30:20.262,1.32272,1.32291,1.00,1.00
2018.02.01 15:30:21.821,1.32272,1.32289,1.00,1.00
2018.02.01 15:30:22.359,1.32271,1.32289,1.25,1.00
2018.02.01 15:30:23.244,1.3227,1.3229,1.19,1.00
2018.02.01 15:30:23.804,1.32271,1.32289,1.00,1.25
2018.02.01 15:30:24.359,1.3227,1.3229,1.25,1.19
2018.02.01 15:30:24.874,1.3227,1.32289,1.00,2.44
2018.02.01 15:30:25.480,1.32269,1.32288,1.00,1.25
2018.02.01 15:30:25.928,1.32271,1.32288,1.19,1.00
2018.02.01 15:30:25.980,1.32271,1.32291,1.19,1.25
2018.02.01 15:30:26.704,1.32271,1.3229,1.19,1.00
2018.02.01 15:30:26.918,1.3227,1.32289,1.50,1.25
2018.02.01 15:30:27.073,1.32271,1.32289,1.19,1.00
2018.02.01 15:30:28.137,1.3227,1.32289,1.25,1.69
2018.02.01 15:30:28.240,1.32274,1.32292,1.25,2.44
2018.02.01 15:30:28.292,1.32271,1.32292,2.81,1.69
2018.02.01 15:30:29.267,1.32274,1.32294,1.00,1.69
2018.02.01 15:30:29.803,1.32275,1.32294,1.19,1.50
2018.02.01 15:30:30.113,1.32273,1.32294,1.50,2.06
2018.02.01 15:30:31.086,1.32273,1.32294,1.50,1.69
2018.02.01 15:30:31.175,1.32273,1.32294,1.69,1.69
2018.02.01 15:30:32.425,1.32273,1.32295,1.69,1.19
2018.02.01 15:30:33.032,1.32273,1.32293,1.19,1.00
2018.02.01 15:30:33.551,1.32275,1.32293,1.00,1.00
2018.02.01 15:30:34.438,1.32273,1.32293,1.19,1.25
2018.02.01 15:30:35.418,1.32275,1.32293,1.00,1.25
2018.02.01 15:30:35.882,1.32272,1.32293,1.12,1.19
2018.02.01 15:30:36.427,1.32273,1.32293,1.00,1.19
2018.02.01 15:30:36.931,1.32274,1.32293,1.00,1.19
2018.02.01 15:30:37.513,1.32274,1.32293,1.00,1.25
2018.02.01 15:30:37.669,1.32274,1.32293,1.19,1.00
2018.02.01 15:30:38.108,1.32273,1.32294,1.31,2.44
2018.02.01 15:30:38.814,1.32274,1.32293,1.00,1.25
2018.02.01 15:30:39.760,1.32272,1.32292,1.25,1.25
2018.02.01 15:30:40.356,1.32272,1.32294,1.19,1.69
2018.02.01 15:30:41.520,1.32273,1.32292,1.19,1.00
2018.02.01 15:30:41.865,1.32278,1.32298,1.00,1.19
2018.02.01 15:30:41.918,1.32277,1.32296,1.00,1.19
2018.02.01 15:30:42.282,1.32279,1.32299,1.00,2.06
2018.02.01 15:30:42.387,1.32283,1.32302,1.19,1.25
2018.02.01 15:30:43.115,1.32283,1.32302,1.01,1.19
2018.02.01 15:30:43.645,1.32283,1.32302,1.76,1.50
2018.02.01 15:30:44.640,1.32283,1.32302,1.10,1.19
2018.02.01 15:30:46.171,1.32283,1.32302,1.00,1.69
2018.02.01 15:30:46.863,1.32281,1.32302,2.44,1.69
2018.02.01 15:30:47.473,1.32282,1.32302,1.00,1.69
2018.02.01 15:30:48.484,1.32279,1.32297,1.50,1.25
2018.02.01 15:30:48.538,1.32282,1.32297,1.00,1.25
2018.02.01 15:30:49.084,1.32283,1.32299,1.00,1.19
2018.02.01 15:30:49.685,1.32283,1.32299,1.00,1.25
2018.02.01 15:30:50.796,1.32284,1.32301,1.00,1.19
2018.02.01 15:30:51.428,1.32284,1.32299,1.00,1.00
2018.02.01 15:30:51.839,1.32284,1.32302,1.19,1.00
2018.02.01 15:30:51.968,1.32282,1.32304,2.81,2.25
2018.02.01 15:30:52.070,1.32283,1.323,1.00,1.69
2018.02.01 15:30:52.122,1.32281,1.323,3.00,1.69
2018.02.01 15:30:53.220,1.32281,1.323,1.69,1.25
2018.02.01 15:30:54.314,1.32281,1.32299,1.69,1.00
2018.02.01 15:30:55.098,1.32281,1.323,1.69,1.69
2018.02.01 15:30:55.617,1.32281,1.32299,1.19,1.00
2018.02.01 15:30:56.345,1.32281,1.32299,1.00,1.25
2018.02.01 15:30:56.397,1.32278,1.32296,1.87,1.00
2018.02.01 15:30:56.709,1.32275,1.32293,1.00,1.69
2018.02.01 15:30:57.045,1.32272,1.32289,1.00,1.00
2018.02.01 15:30:57.586,1.32273,1.32289,1.00,1.00
2018.02.01 15:30:57.992,1.32273,1.32292,1.00,1.19
2018.02.01 15:30:59.406,1.32273,1.32289,1.00,1.00
2018.02.01 15:30:59.910,1.32272,1.32289,1.00,1.00
2018.02.01 15:31:01.751,1.32272,1.3229,1.00,1.00
2018.02.01 15:31:02.261,1.32273,1.32292,1.00,1.19
2018.02.01 15:31:02.786,1.32272,1.32291,1.69,1.19
2018.02.01 15:31:03.864,1.32272,1.32291,1.50,1.31
2018.02.01 15:31:04.071,1.32273,1.32293,1.00,1.31
2018.02.01 15:31:04.123,1.32272,1.32292,1.50,1.56
2018.02.01 15:31:04.279,1.32271,1.32292,1.69,1.19
2018.02.01 15:31:04.486,1.32271,1.3229,1.00,1.31
2018.02.01 15:31:04.539,1.32272,1.32291,1.00,1.19
2018.02.01 15:31:05.361,1.3227,1.32288,1.31,1.00
2018.02.01 15:31:05.667,1.32272,1.32291,1.00,1.56
2018.02.01 15:31:06.269,1.32273,1.32292,1.00,1.69
2018.02.01 15:31:06.575,1.32271,1.32292,1.69,1.25
2018.02.01 15:31:06.923,1.32271,1.3229,1.69,1.00
2018.02.01 15:31:07.439,1.32272,1.32291,1.00,1.19
2018.02.01 15:31:07.794,1.32275,1.32293,1.00,1.25
2018.02.01 15:31:08.320,1.32276,1.32295,1.00,1.69
2018.02.01 15:31:08.824,1.32276,1.32295,1.00,1.69
2018.02.01 15:31:09.829,1.32277,1.32296,1.00,1.69
2018.02.01 15:31:10.144,1.32279,1.32297,1.00,1.19
2018.02.01 15:31:11.219,1.32281,1.32298,1.00,1.69
2018.02.01 15:31:11.722,1.3228,1.32298,1.00,1.19
2018.02.01 15:31:13.988,1.32279,1.32298,1.00,2.06
2018.02.01 15:31:14.571,1.32275,1.32295,1.00,1.69
2018.02.01 15:31:14.623,1.32275,1.32293,1.00,1.69
2018.02.01 15:31:15.004,1.32275,1.32292,1.00,1.19
2018.02.01 15:31:15.056,1.32272,1.32292,1.00,1.19
2018.02.01 15:31:15.585,1.32273,1.32292,1.00,1.19
2018.02.01 15:31:16.092,1.32273,1.32293,1.00,1.31
2018.02.01 15:31:17.836,1.32274,1.32293,1.00,2.06
2018.02.01 15:31:18.553,1.32274,1.32293,1.00,1.69
2018.02.01 15:31:19.212,1.32272,1.32292,1.00,1.31
2018.02.01 15:31:19.949,1.32273,1.32293,1.00,2.06
2018.02.01 15:31:20.158,1.32271,1.32289,1.31,1.50
2018.02.01 15:31:20.356,1.32277,1.32293,1.00,1.19
2018.02.01 15:31:20.410,1.32275,1.32293,1.00,1.19
2018.02.01 15:31:20.983,1.32273,1.32293,1.37,1.19
2018.02.01 15:31:21.514,1.32275,1.32293,1.00,1.19
2018.02.01 15:31:22.027,1.32276,1.32293,1.00,1.00
2018.02.01 15:31:22.597,1.32277,1.32296,1.12,1.69
2018.02.01 15:31:23.171,1.32277,1.32296,1.12,1.56
2018.02.01 15:31:24.188,1.32277,1.32296,1.12,1.19
2018.02.01 15:31:24.500,1.32274,1.32293,1.00,1.19
2018.02.01 15:31:24.887,1.32272,1.32293,1.50,1.56
2018.02.01 15:31:25.427,1.32274,1.32293,1.00,1.31
2018.02.01 15:31:25.978,1.32273,1.32294,1.12,1.69
2018.02.01 15:31:26.030,1.32277,1.32294,1.00,1.19
2018.02.01 15:31:26.082,1.32277,1.32295,1.00,1.19
2018.02.01 15:31:26.632,1.32279,1.32295,1.00,1.00
2018.02.01 15:31:27.409,1.32279,1.32295,1.00,1.19
2018.02.01 15:31:29.197,1.32277,1.32295,1.00,1.19
2018.02.01 15:31:29.301,1.32273,1.32292,1.50,1.19
2018.02.01 15:31:29.354,1.32271,1.32289,1.00,1.69
2018.02.01 15:31:29.458,1.32271,1.3229,1.25,1.19
2018.02.01 15:31:29.633,1.3227,1.32289,1.00,1.19
2018.02.01 15:31:29.954,1.32269,1.32289,1.50,1.56
2018.02.01 15:31:30.716,1.32273,1.32294,1.87,3.56
2018.02.01 15:31:30.768,1.32275,1.32293,1.00,1.31
2018.02.01 15:31:30.977,1.32268,1.32288,1.12,1.19
2018.02.01 15:31:31.276,1.32274,1.32292,1.00,2.51
2018.02.01 15:31:31.328,1.32272,1.32292,1.00,2.06
2018.02.01 15:31:31.380,1.32269,1.3229,1.12,1.56
2018.02.01 15:31:31.927,1.32269,1.32288,1.00,2.06
2018.02.01 15:31:32.463,1.3227,1.32289,1.00,4.87
2018.02.01 15:31:32.813,1.32268,1.32288,1.12,1.31
2018.02.01 15:31:33.381,1.32264,1.32283,2.14,1.19
2018.02.01 15:31:33.689,1.32264,1.32281,1.00,1.19
2018.02.01 15:31:34.199,1.32264,1.32284,1.50,3.19
2018.02.01 15:31:34.821,1.32264,1.32284,1.50,2.06
2018.02.01 15:31:35.397,1.32264,1.32282,1.00,1.19
2018.02.01 15:31:35.903,1.32264,1.32281,1.00,2.44
2018.02.01 15:31:36.196,1.32262,1.3228,2.44,2.25
2018.02.01 15:31:36.604,1.32265,1.32281,1.25,1.00
2018.02.01 15:31:36.946,1.32267,1.32283,1.00,1.00
2018.02.01 15:31:37.552,1.32268,1.32282,1.00,2.25
2018.02.01 15:31:37.657,1.32269,1.32284,1.00,2.25
2018.02.01 15:31:38.442,1.3227,1.32284,1.00,1.50
2018.02.01 15:31:38.701,1.32268,1.32285,1.12,1.50
2018.02.01 15:31:38.950,1.32266,1.32286,1.25,1.69
2018.02.01 15:31:39.220,1.32268,1.32284,1.00,2.44
2018.02.01 15:31:39.556,1.32268,1.32282,1.00,1.50
2018.02.01 15:31:39.909,1.32266,1.32281,1.00,1.50
2018.02.01 15:31:39.962,1.32266,1.32283,1.00,2.25
2018.02.01 15:31:41.490,1.32265,1.32281,1.87,2.25
2018.02.01 15:31:42.113,1.32262,1.3228,1.31,2.25
2018.02.01 15:31:42.269,1.32254,1.32271,1.00,1.00
2018.02.01 15:31:42.373,1.32251,1.32271,2.06,1.50
2018.02.01 15:31:42.618,1.32253,1.32264,1.00,1.00
2018.02.01 15:31:42.721,1.32251,1.32264,1.31,1.00
2018.02.01 15:31:42.773,1.32253,1.32264,1.00,1.00
2018.02.01 15:31:42.826,1.32248,1.32264,1.00,1.25
2018.02.01 15:31:42.878,1.3225,1.32263,1.00,1.00
2018.02.01 15:31:42.982,1.3225,1.32265,1.00,1.00
2018.02.01 15:31:43.505,1.32251,1.32265,1.00,2.25
2018.02.01 15:31:43.856,1.32251,1.32267,1.00,1.50
2018.02.01 15:31:44.300,1.32251,1.32269,1.25,1.25
2018.02.01 15:31:44.352,1.3225,1.32269,1.50,2.44
2018.02.01 15:31:44.896,1.32251,1.32268,1.00,1.00
2018.02.01 15:31:45.433,1.32251,1.32269,1.00,1.50
2018.02.01 15:31:45.485,1.32249,1.32268,1.25,1.50
2018.02.01 15:31:45.989,1.3225,1.32267,1.00,2.25
2018.02.01 15:31:46.544,1.3225,1.32266,1.00,2.25
2018.02.01 15:31:47.311,1.32251,1.32266,1.00,1.50
2018.02.01 15:31:47.825,1.32249,1.32265,1.19,1.50
2018.02.01 15:31:48.012,1.32252,1.32265,1.00,1.50
2018.02.01 15:31:48.064,1.32249,1.32266,1.19,1.50
2018.02.01 15:31:48.605,1.32249,1.32265,1.25,2.25
2018.02.01 15:31:48.876,1.3225,1.32263,1.00,1.50
2018.02.01 15:31:49.268,1.32252,1.32262,1.00,2.25
2018.02.01 15:31:49.372,1.32252,1.32267,1.00,1.50
2018.02.01 15:31:49.810,1.32252,1.32265,1.00,1.00
2018.02.01 15:31:50.122,1.32247,1.32268,1.10,1.56
2018.02.01 15:31:50.177,1.32247,1.32262,1.25,1.50
2018.02.01 15:31:50.710,1.32246,1.32263,1.25,2.25
2018.02.01 15:31:51.639,1.32246,1.32265,1.69,1.19
2018.02.01 15:31:51.980,1.32248,1.32265,1.00,1.00
2018.02.01 15:31:52.496,1.32256,1.32269,1.25,3.00
2018.02.01 15:31:52.599,1.32255,1.32271,1.19,1.00
2018.02.01 15:31:52.745,1.32255,1.32268,1.19,1.50
2018.02.01 15:31:53.376,1.32255,1.32269,1.19,1.50
2018.02.01 15:31:53.786,1.32247,1.32264,2.81,2.25
2018.02.01 15:31:53.891,1.32251,1.32264,1.00,1.00
2018.02.01 15:31:54.151,1.32251,1.32266,1.00,1.50
2018.02.01 15:31:54.672,1.32251,1.32265,1.00,2.25
2018.02.01 15:31:55.221,1.3225,1.32264,1.00,1.50
2018.02.01 15:31:55.742,1.32249,1.32261,1.00,1.00
2018.02.01 15:31:56.141,1.32254,1.32261,1.00,1.00
2018.02.01 15:31:56.193,1.32252,1.32268,1.19,1.00
2018.02.01 15:31:56.670,1.32251,1.32264,1.69,1.50
2018.02.01 15:31:57.045,1.32251,1.32264,1.25,1.50
2018.02.01 15:31:57.096,1.32251,1.32266,1.25,2.25
2018.02.01 15:31:57.615,1.32251,1.32265,1.25,1.50
2018.02.01 15:31:58.122,1.32251,1.32267,1.25,2.25
2018.02.01 15:31:58.619,1.32253,1.32266,1.00,2.25
2018.02.01 15:31:59.119,1.32243,1.32259,1.50,1.56
2018.02.01 15:31:59.172,1.32243,1.32264,1.00,1.69
2018.02.01 15:31:59.223,1.3224,1.32259,1.50,1.19
2018.02.01 15:31:59.276,1.32238,1.32258,1.00,1.19
2018.02.01 15:31:59.330,1.32236,1.32254,1.00,1.31
2018.02.01 15:31:59.636,1.32229,1.32248,1.50,1.31
2018.02.01 15:31:59.690,1.32225,1.32244,1.50,1.19
2018.02.01 15:31:59.743,1.32225,1.32243,1.00,2.44
2018.02.01 15:32:00.261,1.32224,1.32242,1.00,2.06
2018.02.01 15:32:00.768,1.32225,1.32243,1.00,1.69
2018.02.01 15:32:00.819,1.32225,1.32245,1.00,3.56
2018.02.01 15:32:01.024,1.32221,1.3224,1.31,1.00
2018.02.01 15:32:01.075,1.32219,1.32237,2.81,1.00
2018.02.01 15:32:01.412,1.32219,1.32234,1.25,1.00
2018.02.01 15:32:01.463,1.32217,1.32235,1.25,1.25
2018.02.01 15:32:01.822,1.32215,1.32234,1.00,1.69
2018.02.01 15:32:02.223,1.32213,1.32234,1.00,1.69
2018.02.01 15:32:02.377,1.32214,1.32229,1.00,1.00
2018.02.01 15:32:02.480,1.32212,1.32232,1.31,2.44
2018.02.01 15:32:02.583,1.32211,1.32229,1.00,1.19
2018.02.01 15:32:03.159,1.3221,1.3223,1.25,2.06
2018.02.01 15:32:03.594,1.3221,1.32228,1.00,1.19
2018.02.01 15:32:04.566,1.32209,1.32229,1.00,1.69
2018.02.01 15:32:05.719,1.32208,1.32224,1.25,1.00
2018.02.01 15:32:05.977,1.32206,1.32224,1.00,1.25
2018.02.01 15:32:06.819,1.3221,1.32225,1.00,1.25
2018.02.01 15:32:07.024,1.32208,1.32224,1.25,1.00
2018.02.01 15:32:07.180,1.32208,1.32229,1.25,1.19
2018.02.01 15:32:07.233,1.32207,1.32227,1.00,1.31
2018.02.01 15:32:07.443,1.32204,1.32223,2.25,1.19
2018.02.01 15:32:07.552,1.32207,1.32225,1.19,1.00
2018.02.01 15:32:07.603,1.32211,1.3223,1.69,1.00
2018.02.01 15:32:07.680,1.32213,1.3223,1.00,1.00
2018.02.01 15:32:07.986,1.32213,1.32232,1.00,1.00
2018.02.01 15:32:08.173,1.32213,1.32229,1.00,1.00
2018.02.01 15:32:08.226,1.32213,1.32232,1.00,1.00
2018.02.01 15:32:08.741,1.32212,1.32233,1.50,1.31
2018.02.01 15:32:08.903,1.32215,1.32234,1.00,1.56
2018.02.01 15:32:09.447,1.32214,1.32233,1.00,1.31
2018.02.01 15:32:09.954,1.32213,1.32232,1.00,1.31
2018.02.01 15:32:10.469,1.32211,1.32233,1.19,1.19
2018.02.01 15:32:10.965,1.32213,1.32229,1.00,1.00
2018.02.01 15:32:11.147,1.32213,1.32231,1.00,1.25
2018.02.01 15:32:11.683,1.32213,1.32232,1.00,1.69
2018.02.01 15:32:12.234,1.32211,1.3223,1.69,1.25
2018.02.01 15:32:12.286,1.32213,1.32232,2.06,1.00
2018.02.01 15:32:12.338,1.32211,1.3223,2.44,1.69
2018.02.01 15:32:12.390,1.32211,1.3223,1.69,1.69
2018.02.01 15:32:12.759,1.32212,1.3223,1.19,1.87
2018.02.01 15:32:13.215,1.32214,1.32229,1.69,1.00
2018.02.01 15:32:13.267,1.32215,1.32234,1.69,1.50
2018.02.01 15:32:13.319,1.32219,1.32237,1.00,1.25
2018.02.01 15:32:13.372,1.32222,1.32238,1.19,1.00
2018.02.01 15:32:13.424,1.32218,1.32236,1.00,1.00
2018.02.01 15:32:13.659,1.32215,1.32234,2.81,1.00
2018.02.01 15:32:13.917,1.32207,1.32225,1.31,1.50
2018.02.01 15:32:14.173,1.32204,1.32224,1.19,2.06
2018.02.01 15:32:14.323,1.32202,1.3222,2.25,1.31
2018.02.01 15:32:14.375,1.32201,1.32218,1.00,1.00
2018.02.01 15:32:14.529,1.32186,1.32204,1.00,1.12
2018.02.01 15:32:14.581,1.32183,1.32199,1.00,1.69
2018.02.01 15:32:14.633,1.32177,1.32198,3.94,1.25
2018.02.01 15:32:14.685,1.32177,1.32195,1.00,1.31
2018.02.01 15:32:15.009,1.3211,1.32126,1.50,1.81
2018.02.01 15:32:15.061,1.3211,1.32134,1.50,1.37
2018.02.01 15:32:15.113,1.32105,1.32117,1.75,1.56
2018.02.01 15:32:15.164,1.32103,1.32115,2.25,1.19
2018.02.01 15:32:15.216,1.3209,1.32094,1.00,1.00
2018.02.01 15:32:15.300,1.32081,1.32094,1.50,1.75
2018.02.01 15:32:15.483,1.32036,1.32047,1.00,1.81
2018.02.01 15:32:15.762,1.32031,1.32048,1.00,1.81
2018.02.01 15:32:15.849,1.32031,1.32054,1.00,1.81
2018.02.01 15:32:15.901,1.32035,1.32054,1.00,1.56
2018.02.01 15:32:15.959,1.32042,1.32064,1.81,1.00
2018.02.01 15:32:16.138,1.32077,1.32085,1.39,1.00
2018.02.01 15:32:16.237,1.32094,1.3212,1.81,1.10
2018.02.01 15:32:16.289,1.32109,1.32127,1.19,1.07
2018.02.01 15:32:16.342,1.32111,1.32135,1.00,1.16
2018.02.01 15:32:16.395,1.32118,1.32139,1.19,1.00
2018.02.01 15:32:16.746,1.32113,1.32134,1.50,1.08
2018.02.01 15:32:17.094,1.3212,1.32144,2.25,1.28
2018.02.01 15:32:17.403,1.32128,1.32145,2.62,2.25
2018.02.01 15:32:17.455,1.32129,1.32145,1.00,1.31
2018.02.01 15:32:17.583,1.32129,1.32145,1.00,2.32
2018.02.01 15:32:17.634,1.32123,1.32145,1.00,1.66
2018.02.01 15:32:17.685,1.32122,1.32139,1.12,1.19
2018.02.01 15:32:17.737,1.32123,1.32139,1.69,1.00
2018.02.01 15:32:17.839,1.32126,1.32148,1.00,1.57
2018.02.01 15:32:18.154,1.3213,1.3214,1.12,1.37
2018.02.01 15:32:18.206,1.3213,1.32152,1.00,2.19
2018.02.01 15:32:18.258,1.32133,1.32151,1.00,1.69
2018.02.01 15:32:18.310,1.32136,1.32162,1.31,1.64
2018.02.01 15:32:18.362,1.3214,1.32165,1.89,1.31
2018.02.01 15:32:18.684,1.3215,1.32164,1.00,1.31
2018.02.01 15:32:18.993,1.32139,1.32151,1.00,1.31
2018.02.01 15:32:19.044,1.32137,1.32151,1.00,1.31
2018.02.01 15:32:19.215,1.32137,1.32159,1.50,2.25
2018.02.01 15:32:19.370,1.32137,1.32152,1.50,1.00
2018.02.01 15:32:19.421,1.32135,1.32153,1.50,1.31
2018.02.01 15:32:19.472,1.32137,1.32154,1.00,1.31
2018.02.01 15:32:19.524,1.32138,1.32154,1.12,1.00
2018.02.01 15:32:19.575,1.32137,1.32154,1.50,1.31
2018.02.01 15:32:19.810,1.32137,1.32154,1.50,1.25
2018.02.01 15:32:19.862,1.32137,1.32159,1.69,1.19
2018.02.01 15:32:19.914,1.32142,1.32159,1.00,1.19
2018.02.01 15:32:20.068,1.32145,1.32163,1.00,1.31
2018.02.01 15:32:20.170,1.32146,1.3216,1.00,2.06
2018.02.01 15:32:20.222,1.32143,1.3216,1.50,1.69
2018.02.01 15:32:20.648,1.32144,1.32164,1.00,1.31
2018.02.01 15:32:20.870,1.32144,1.32159,1.00,1.00
2018.02.01 15:32:20.972,1.32144,1.32166,1.50,2.25
2018.02.01 15:32:21.213,1.32148,1.32168,1.00,2.25
2018.02.01 15:32:21.528,1.32152,1.32168,1.00,2.59
2018.02.01 15:32:21.587,1.3215,1.32168,1.12,1.84
2018.02.01 15:32:21.816,1.32144,1.32157,1.50,1.31
2018.02.01 15:32:21.918,1.3214,1.32158,1.00,2.25
2018.02.01 15:32:22.420,1.3214,1.32162,1.00,3.41
2018.02.01 15:32:22.575,1.3214,1.32164,1.19,1.65
2018.02.01 15:32:22.627,1.32143,1.32164,1.00,2.40
2018.02.01 15:32:23.352,1.32142,1.32164,1.50,2.40
2018.02.01 15:32:23.674,1.32147,1.32167,1.00,1.81
2018.02.01 15:32:23.728,1.32149,1.32169,1.25,1.31
2018.02.01 15:32:23.781,1.3215,1.32167,1.00,1.56
2018.02.01 15:32:23.833,1.32146,1.32167,1.00,1.56
2018.02.01 15:32:24.046,1.32144,1.32164,1.00,1.31
2018.02.01 15:32:24.342,1.32144,1.32169,1.66,1.19
2018.02.01 15:32:24.393,1.3215,1.32164,1.00,1.56
2018.02.01 15:32:24.445,1.32145,1.32163,1.00,1.19
2018.02.01 15:32:24.497,1.32143,1.32163,1.12,1.69
2018.02.01 15:32:24.652,1.32142,1.32166,1.56,1.31
2018.02.01 15:32:24.703,1.32146,1.32167,2.25,1.56
2018.02.01 15:32:24.754,1.32149,1.32167,1.00,1.19
2018.02.01 15:32:25.143,1.32149,1.3217,1.19,1.19
2018.02.01 15:32:25.195,1.32148,1.32174,1.56,1.19
2018.02.01 15:32:25.246,1.32155,1.3217,1.12,1.19
2018.02.01 15:32:25.349,1.3215,1.32173,1.31,1.81
2018.02.01 15:32:25.400,1.32152,1.32173,1.00,1.19
2018.02.01 15:32:25.452,1.32152,1.32173,3.00,1.19
2018.02.01 15:32:25.648,1.32152,1.32173,3.19,1.00
2018.02.01 15:32:25.856,1.32153,1.32174,1.69,1.25
2018.02.01 15:32:26.064,1.32159,1.32179,1.00,1.19
2018.02.01 15:32:26.488,1.32153,1.32178,2.89,1.19
2018.02.01 15:32:26.592,1.32155,1.3218,1.39,1.50
2018.02.01 15:32:26.798,1.3215,1.32176,1.76,1.00
2018.02.01 15:32:27.258,1.32153,1.32178,1.76,1.00
2018.02.01 15:32:27.465,1.32154,1.3218,1.56,1.12
2018.02.01 15:32:27.518,1.32156,1.32179,1.00,1.00
2018.02.01 15:32:27.570,1.32152,1.32175,1.01,1.00
2018.02.01 15:32:27.904,1.32161,1.32173,1.81,1.00
2018.02.01 15:32:27.962,1.32158,1.32177,1.81,1.00
2018.02.01 15:32:28.016,1.3216,1.32184,1.00,2.59
2018.02.01 15:32:28.068,1.3216,1.32185,1.31,2.21
2018.02.01 15:32:28.401,1.32169,1.32193,1.25,1.46
2018.02.01 15:32:28.608,1.32169,1.32194,1.31,1.34
2018.02.01 15:32:28.660,1.32169,1.32194,1.31,1.34
2018.02.01 15:32:29.121,1.32168,1.32189,2.81,1.00
2018.02.01 15:32:29.175,1.32169,1.32194,3.26,1.84
2018.02.01 15:32:29.383,1.32173,1.32197,1.19,1.09
2018.02.01 15:32:29.688,1.32172,1.32194,1.00,1.84
2018.02.01 15:32:29.922,1.3217,1.32194,1.12,2.59
2018.02.01 15:32:30.310,1.32176,1.32195,1.31,1.00
2018.02.01 15:32:30.363,1.32174,1.32196,1.00,1.00
2018.02.01 15:32:30.678,1.32174,1.32194,1.00,1.00
2018.02.01 15:32:30.783,1.32174,1.32196,1.25,1.84
2018.02.01 15:32:30.837,1.3217,1.32194,1.76,1.00
2018.02.01 15:32:30.969,1.32171,1.32195,1.29,2.25
2018.02.01 15:32:31.020,1.32172,1.32198,1.56,1.34
2018.02.01 15:32:31.071,1.32172,1.32198,1.69,1.00
2018.02.01 15:32:31.377,1.32173,1.32199,1.26,1.50
2018.02.01 15:32:31.710,1.32174,1.32197,1.26,1.00
2018.02.01 15:32:31.762,1.32172,1.32197,2.51,1.00
2018.02.01 15:32:31.814,1.32173,1.32195,1.95,1.00
2018.02.01 15:32:32.134,1.32162,1.32185,1.95,1.00
2018.02.01 15:32:32.187,1.32162,1.32187,1.87,1.25
2018.02.01 15:32:32.292,1.32163,1.32185,1.00,1.50
2018.02.01 15:32:32.650,1.32168,1.32186,1.07,1.00
2018.02.01 15:32:32.757,1.32165,1.32185,1.10,1.00
2018.02.01 15:32:32.860,1.32165,1.32187,1.00,1.00
2018.02.01 15:32:33.064,1.32165,1.32185,1.00,1.00
2018.02.01 15:32:33.580,1.32166,1.32186,1.00,1.00
2018.02.01 15:32:33.633,1.32164,1.32186,1.10,1.00
2018.02.01 15:32:33.789,1.32166,1.32186,1.00,1.00
2018.02.01 15:32:34.047,1.32168,1.32189,1.00,1.00
2018.02.01 15:32:34.181,1.32165,1.32192,2.70,2.81
2018.02.01 15:32:34.337,1.32166,1.32191,1.76,1.00
2018.02.01 15:32:34.650,1.32178,1.32199,1.12,1.00
2018.02.01 15:32:34.702,1.32178,1.32202,1.20,1.50
2018.02.01 15:32:35.230,1.32179,1.32203,1.57,1.50
2018.02.01 15:32:36.445,1.32179,1.32203,1.57,1.00
2018.02.01 15:32:36.789,1.32186,1.32205,1.50,2.25
2018.02.01 15:32:36.897,1.3219,1.3221,1.00,1.12
2018.02.01 15:32:36.949,1.3219,1.32212,1.00,1.00
2018.02.01 15:32:37.356,1.32188,1.32205,1.50,1.00
2018.02.01 15:32:37.462,1.32184,1.32206,1.25,1.00
2018.02.01 15:32:37.619,1.32192,1.32212,1.00,2.62
2018.02.01 15:32:37.777,1.32194,1.32213,1.00,1.00
2018.02.01 15:32:37.829,1.32193,1.32215,1.25,1.00
2018.02.01 15:32:38.387,1.32193,1.32216,1.25,3.34
2018.02.01 15:32:38.517,1.32196,1.32216,1.00,1.00
2018.02.01 15:32:38.620,1.32201,1.32222,1.00,1.00
2018.02.01 15:32:38.671,1.32201,1.32224,1.00,1.00
2018.02.01 15:32:38.826,1.32203,1.32226,1.00,1.00
2018.02.01 15:32:39.160,1.32201,1.32226,2.44,1.00
2018.02.01 15:32:39.681,1.32201,1.32225,1.25,1.00
2018.02.01 15:32:40.065,1.32205,1.32227,1.00,1.00
2018.02.01 15:32:40.187,1.32203,1.32226,1.00,1.25
2018.02.01 15:32:40.688,1.32204,1.32226,1.00,1.00
2018.02.01 15:32:41.232,1.32202,1.32225,1.19,1.00
2018.02.01 15:32:41.534,1.322,1.32221,1.31,1.00
2018.02.01 15:32:41.586,1.32201,1.32223,1.50,1.00
2018.02.01 15:32:41.638,1.32201,1.32226,1.00,1.10
2018.02.01 15:32:41.794,1.32203,1.32225,1.00,1.00
2018.02.01 15:32:42.696,1.32202,1.32224,1.19,1.00
2018.02.01 15:32:43.291,1.32204,1.32223,1.00,1.00
2018.02.01 15:32:43.810,1.32204,1.32224,1.00,1.00
2018.02.01 15:32:44.688,1.32208,1.32229,1.00,1.07
2018.02.01 15:32:45.000,1.3221,1.32229,1.00,1.00
2018.02.01 15:32:45.407,1.32206,1.3223,1.19,1.00
2018.02.01 15:32:45.513,1.32206,1.32225,1.00,1.00
2018.02.01 15:32:45.565,1.32204,1.32225,1.00,1.00
2018.02.01 15:32:45.824,1.32203,1.32223,1.00,1.00
2018.02.01 15:32:46.733,1.32206,1.32224,1.00,1.00
2018.02.01 15:32:46.939,1.32207,1.32226,1.00,1.00
2018.02.01 15:32:47.360,1.32206,1.32224,1.00,1.00
2018.02.01 15:32:47.517,1.32201,1.32221,1.50,1.00
2018.02.01 15:32:47.571,1.32205,1.32222,1.00,1.12
2018.02.01 15:32:47.889,1.32215,1.32234,1.00,1.00
2018.02.01 15:32:48.201,1.32216,1.32236,1.19,1.00
2018.02.01 15:32:48.572,1.32221,1.3224,1.00,1.00
2018.02.01 15:32:48.937,1.32216,1.32236,2.89,1.00
2018.02.01 15:32:49.263,1.32211,1.32231,1.10,1.00
2018.02.01 15:32:49.315,1.32209,1.32229,1.76,1.00
2018.02.01 15:32:49.520,1.3222,1.3224,1.00,1.50
2018.02.01 15:32:49.571,1.32217,1.32238,1.32,1.00
2018.02.01 15:32:50.189,1.32219,1.32239,1.00,1.00
2018.02.01 15:32:50.397,1.32217,1.32239,1.01,1.00
2018.02.01 15:32:50.450,1.32217,1.32236,1.10,1.00
2018.02.01 15:32:50.766,1.32218,1.32238,1.00,1.12
2018.02.01 15:32:50.897,1.32212,1.3223,1.45,1.50
2018.02.01 15:32:50.949,1.32209,1.32227,1.00,1.00
2018.02.01 15:32:51.160,1.32206,1.32226,1.00,1.87
2018.02.01 15:32:51.212,1.32208,1.32226,1.00,1.12
2018.02.01 15:32:51.469,1.32208,1.32228,1.00,2.25
2018.02.01 15:32:53.176,1.32209,1.32227,1.00,1.00
2018.02.01 15:32:53.228,1.3221,1.32229,1.00,1.00
2018.02.01 15:32:53.281,1.32208,1.32226,1.00,1.00
2018.02.01 15:32:53.714,1.32211,1.32229,1.00,2.25
2018.02.01 15:32:53.928,1.32208,1.32228,1.00,1.50
2018.02.01 15:32:54.548,1.32207,1.32227,1.00,1.00
2018.02.01 15:32:54.600,1.32207,1.32225,1.00,1.00
2018.02.01 15:32:54.930,1.32211,1.32229,1.00,1.00
2018.02.01 15:32:54.983,1.32209,1.32229,1.00,1.50
2018.02.01 15:32:55.494,1.32209,1.32228,1.00,1.00
2018.02.01 15:32:55.715,1.32211,1.32229,1.00,1.50
2018.02.01 15:32:55.970,1.32214,1.32233,1.00,1.00
2018.02.01 15:32:56.021,1.32216,1.32234,1.00,3.00
2018.02.01 15:32:56.124,1.32213,1.32233,1.00,1.00
2018.02.01 15:32:56.436,1.32217,1.32235,1.00,1.00
2018.02.01 15:32:56.642,1.32215,1.32235,2.25,1.00
2018.02.01 15:32:56.846,1.32215,1.32233,1.00,1.00
2018.02.01 15:32:57.401,1.32214,1.32232,1.12,1.00
2018.02.01 15:32:57.926,1.32212,1.32233,2.25,1.00
2018.02.01 15:32:58.179,1.32212,1.32233,1.50,1.00
2018.02.01 15:32:58.334,1.32213,1.32236,1.00,1.12
2018.02.01 15:32:58.592,1.32212,1.32232,3.00,1.00
2018.02.01 15:32:58.903,1.32216,1.32235,1.00,1.00
2018.02.01 15:32:59.420,1.32217,1.32236,1.00,1.00
2018.02.01 15:32:59.667,1.32211,1.32232,3.00,1.00
2018.02.01 15:32:59.720,1.32211,1.3223,1.50,1.00
2018.02.01 15:32:59.881,1.32212,1.32234,1.00,1.00
2018.02.01 15:32:59.933,1.32214,1.32233,1.00,1.00
2018.02.01 15:33:00.161,1.32211,1.32231,1.00,1.00
2018.02.01 15:33:00.685,1.32211,1.3223,1.50,1.00
2018.02.01 15:33:01.299,1.32215,1.32232,1.00,1.00
2018.02.01 15:33:01.350,1.32216,1.32235,1.00,1.50
2018.02.01 15:33:01.866,1.32215,1.32232,1.00,1.00
2018.02.01 15:33:01.920,1.32211,1.32229,1.87,1.00
2018.02.01 15:33:01.973,1.32209,1.32228,1.50,1.00
2018.02.01 15:33:02.026,1.3221,1.32231,1.00,3.00
2018.02.01 15:33:02.317,1.32212,1.32232,1.00,1.00
2018.02.01 15:33:03.118,1.32207,1.32227,1.87,1.00
2018.02.01 15:33:03.429,1.32209,1.32229,1.00,1.12
2018.02.01 15:33:03.935,1.32211,1.3223,1.00,1.00
2018.02.01 15:33:04.479,1.3221,1.32229,1.00,1.00
2018.02.01 15:33:05.267,1.32211,1.3223,1.00,1.00
2018.02.01 15:33:05.781,1.32212,1.32231,1.00,1.00
2018.02.01 15:33:06.099,1.32204,1.32222,1.00,1.00
2018.02.01 15:33:06.424,1.32202,1.32218,1.25,1.00
2018.02.01 15:33:06.478,1.32203,1.32223,1.19,1.00
2018.02.01 15:33:06.582,1.32206,1.32224,1.00,1.12
2018.02.01 15:33:06.688,1.32206,1.32227,1.00,1.10
2018.02.01 15:33:06.743,1.3221,1.32229,1.00,1.57
2018.02.01 15:33:06.796,1.32211,1.3223,1.00,1.50
2018.02.01 15:33:06.924,1.32207,1.32226,1.25,1.00
2018.02.01 15:33:07.468,1.32206,1.32225,1.00,1.10
2018.02.01 15:33:07.810,1.32204,1.32225,1.00,1.57
2018.02.01 15:33:08.015,1.32206,1.32225,1.00,1.07
2018.02.01 15:33:08.066,1.32204,1.32223,1.00,1.07
2018.02.01 15:33:08.343,1.32205,1.32224,1.00,1.10
2018.02.01 15:33:08.651,1.32208,1.32227,1.00,1.57
2018.02.01 15:33:08.753,1.32209,1.3223,1.00,1.57
2018.02.01 15:33:08.805,1.32212,1.32231,1.00,1.07
2018.02.01 15:33:08.857,1.32212,1.32232,1.00,1.00
2018.02.01 15:33:09.654,1.32212,1.32232,1.50,1.07
2018.02.01 15:33:10.196,1.32211,1.32233,1.12,1.00
2018.02.01 15:33:11.594,1.32212,1.32233,1.00,1.00
2018.02.01 15:33:12.197,1.32211,1.32232,1.00,1.00
2018.02.01 15:33:12.707,1.32212,1.32232,1.00,1.00
2018.02.01 15:33:13.899,1.32214,1.32233,1.00,1.00
2018.02.01 15:33:14.242,1.32212,1.32232,1.50,1.00
2018.02.01 15:33:14.344,1.32213,1.32234,1.00,1.12
2018.02.01 15:33:14.447,1.32215,1.32235,1.00,1.37
2018.02.01 15:33:14.550,1.32215,1.32236,1.50,1.00
2018.02.01 15:33:14.602,1.32221,1.3224,1.00,1.50
2018.02.01 15:33:14.925,1.32223,1.32242,1.00,1.00
2018.02.01 15:33:15.235,1.32219,1.32237,1.00,1.00
2018.02.01 15:33:15.288,1.32219,1.32239,1.00,1.00
2018.02.01 15:33:15.648,1.32219,1.32241,1.50,1.12
2018.02.01 15:33:15.800,1.32219,1.32238,1.00,1.00
2018.02.01 15:33:16.439,1.32219,1.32237,1.00,1.00
2018.02.01 15:33:16.831,1.32217,1.32238,1.00,1.00
2018.02.01 15:33:18.045,1.32217,1.32237,1.00,1.00
2018.02.01 15:33:18.149,1.32214,1.32235,2.25,1.00
2018.02.01 15:33:18.302,1.32214,1.32233,1.00,1.00
2018.02.01 15:33:18.455,1.32214,1.32235,1.00,1.00
2018.02.01 15:33:18.506,1.32214,1.32233,1.00,1.00
2018.02.01 15:33:19.682,1.32214,1.32229,1.00,1.00
2018.02.01 15:33:19.735,1.32211,1.32228,1.00,1.00
2018.02.01 15:33:19.901,1.32209,1.3223,1.50,1.00
2018.02.01 15:33:19.953,1.32209,1.32228,1.00,1.00
2018.02.01 15:33:20.262,1.32209,1.32226,1.00,1.00
2018.02.01 15:33:20.313,1.32206,1.32225,1.50,1.00
2018.02.01 15:33:20.770,1.32206,1.32224,1.00,2.25
2018.02.01 15:33:21.140,1.32204,1.3222,1.00,1.00
2018.02.01 15:33:21.194,1.32204,1.32222,1.00,1.00
2018.02.01 15:33:21.706,1.32204,1.32223,1.00,1.00
2018.02.01 15:33:22.881,1.32203,1.32223,1.00,1.00
2018.02.01 15:33:24.414,1.32203,1.32223,1.69,1.19
2018.02.01 15:33:26.103,1.32203,1.32223,1.50,1.25
2018.02.01 15:33:26.347,1.32203,1.32222,1.50,1.19
2018.02.01 15:33:27.985,1.32203,1.32224,1.69,1.69
2018.02.01 15:33:28.959,1.32203,1.32224,1.69,1.19
2018.02.01 15:33:30.226,1.32203,1.32224,1.69,1.00
2018.02.01 15:33:31.470,1.32207,1.32224,1.00,1.19
2018.02.01 15:33:32.364,1.32205,1.32224,1.00,1.19
2018.02.01 15:33:34.280,1.32204,1.32223,1.25,1.25
2018.02.01 15:33:35.531,1.32203,1.32223,1.69,1.00
2018.02.01 15:33:35.939,1.32201,1.32221,1.00,1.25
2018.02.01 15:33:37.101,1.322,1.3222,1.69,1.00
2018.02.01 15:33:38.015,1.322,1.3222,1.69,1.19
2018.02.01 15:33:39.007,1.322,1.3222,1.00,1.19
2018.02.01 15:33:39.530,1.32199,1.32219,1.25,1.19
2018.02.01 15:33:39.865,1.32194,1.32211,1.00,1.00
2018.02.01 15:33:39.968,1.32194,1.32214,1.25,1.56
2018.02.01 15:33:41.106,1.32194,1.32211,1.00,1.19
2018.02.01 15:33:41.159,1.32192,1.32211,1.00,1.19
2018.02.01 15:33:43.428,1.32192,1.32211,1.69,1.00
2018.02.01 15:33:43.681,1.32191,1.32208,1.00,1.00
2018.02.01 15:33:44.073,1.3218,1.32196,1.69,1.00
2018.02.01 15:33:44.439,1.3218,1.32199,1.69,1.69
2018.02.01 15:33:45.177,1.3218,1.32197,1.00,1.00
2018.02.01 15:33:45.390,1.32178,1.32197,1.57,1.69
2018.02.01 15:33:45.701,1.3218,1.32197,1.00,1.00
2018.02.01 15:33:46.025,1.3218,1.32197,1.19,1.00
2018.02.01 15:33:46.077,1.32179,1.32196,1.00,1.19
2018.02.01 15:33:46.334,1.32173,1.32191,2.32,1.19
2018.02.01 15:33:46.440,1.32171,1.32189,1.00,1.69
2018.02.01 15:33:46.493,1.32172,1.3219,1.25,1.00
2018.02.01 15:33:46.547,1.32175,1.32194,1.19,1.50
2018.02.01 15:33:46.652,1.32178,1.32197,1.00,1.69
2018.02.01 15:33:46.705,1.32178,1.32197,1.19,1.50
2018.02.01 15:33:47.041,1.32177,1.32196,1.29,1.25
2018.02.01 15:33:47.630,1.32177,1.32195,1.69,1.00
2018.02.01 15:33:48.146,1.32177,1.32196,1.50,1.69
2018.02.01 15:33:48.487,1.32173,1.32192,1.57,1.25
2018.02.01 15:33:48.539,1.32171,1.3219,1.12,1.00
2018.02.01 15:33:48.656,1.32169,1.32188,2.25,1.19
2018.02.01 15:33:48.968,1.32168,1.32185,1.00,1.19
2018.02.01 15:33:49.975,1.32168,1.32184,1.00,1.19
2018.02.01 15:33:50.027,1.32168,1.32184,1.00,1.00
2018.02.01 15:33:50.079,1.32168,1.32186,1.25,1.12
2018.02.01 15:33:50.182,1.32167,1.32184,1.00,1.25
2018.02.01 15:33:50.451,1.32164,1.32183,1.76,1.00
2018.02.01 15:33:50.503,1.32169,1.32185,1.00,1.00
2018.02.01 15:33:50.972,1.32173,1.3219,1.00,1.87
2018.02.01 15:33:51.314,1.32176,1.32189,1.00,1.00
2018.02.01 15:33:51.418,1.32182,1.32197,1.00,1.00
2018.02.01 15:33:51.575,1.32175,1.32196,1.76,1.25
2018.02.01 15:33:51.628,1.32173,1.32194,1.19,1.69
2018.02.01 15:33:51.952,1.32173,1.3219,1.00,1.00
2018.02.01 15:33:52.275,1.32177,1.32196,1.25,1.50
2018.02.01 15:33:52.329,1.32179,1.32196,1.00,1.25
2018.02.01 15:33:52.880,1.32178,1.32196,1.00,1.19
2018.02.01 15:33:53.661,1.32171,1.3219,1.00,1.25
2018.02.01 15:33:54.134,1.3217,1.32188,1.00,1.25
2018.02.01 15:33:54.447,1.32169,1.32186,1.00,1.25
2018.02.01 15:33:54.861,1.32167,1.32184,1.00,1.19
2018.02.01 15:33:55.400,1.32167,1.32182,1.00,1.00
2018.02.01 15:33:55.713,1.32164,1.32182,1.00,1.00
2018.02.01 15:33:55.864,1.32161,1.32181,1.00,1.19
2018.02.01 15:33:56.175,1.32142,1.32162,1.25,1.86
2018.02.01 15:33:56.279,1.32143,1.32162,1.25,1.05
2018.02.01 15:33:56.375,1.32145,1.32162,1.00,1.05
2018.02.01 15:33:56.427,1.32147,1.32165,1.01,1.15
2018.02.01 15:33:56.942,1.32147,1.32164,1.25,1.42
2018.02.01 15:33:57.171,1.32144,1.32163,1.10,1.92
2018.02.01 15:33:57.223,1.32141,1.3216,1.87,1.42
2018.02.01 15:33:57.274,1.32141,1.32157,1.12,1.15
2018.02.01 15:33:57.379,1.32138,1.32157,1.76,1.15
2018.02.01 15:33:57.892,1.32138,1.32159,2.51,2.36
2018.02.01 15:33:58.410,1.32139,1.32158,1.29,1.15
2018.02.01 15:33:58.917,1.32139,1.3216,1.19,1.99
2018.02.01 15:33:59.226,1.32147,1.32166,1.00,1.92
2018.02.01 15:33:59.382,1.32141,1.32159,1.76,1.15
2018.02.01 15:33:59.434,1.32144,1.32163,1.00,1.24
2018.02.01 15:33:59.590,1.32148,1.32167,1.50,1.67
2018.02.01 15:34:00.028,1.32146,1.32161,1.00,1.00
2018.02.01 15:34:00.080,1.32141,1.32161,1.39,1.42
2018.02.01 15:34:00.418,1.3214,1.32159,1.29,1.42
2018.02.01 15:34:00.958,1.32141,1.32161,1.29,1.67
2018.02.01 15:34:01.011,1.32141,1.32161,1.01,1.92
2018.02.01 15:34:01.235,1.32141,1.32161,1.76,1.67
2018.02.01 15:34:01.352,1.32142,1.32162,1.26,1.92
2018.02.01 15:34:01.926,1.32144,1.32165,1.25,1.92
2018.02.01 15:34:01.980,1.32144,1.32167,1.25,1.86
2018.02.01 15:34:02.185,1.32144,1.32164,1.32,1.67
2018.02.01 15:34:02.491,1.32137,1.32157,1.50,1.92
2018.02.01 15:34:02.829,1.32145,1.32165,1.19,1.67
2018.02.01 15:34:03.461,1.32143,1.32162,1.01,1.42
2018.02.01 15:34:03.542,1.32137,1.32154,1.00,1.15
2018.02.01 15:34:04.081,1.32137,1.32157,1.00,1.86
2018.02.01 15:34:04.861,1.32137,1.32157,1.00,1.99
2018.02.01 15:34:05.017,1.32144,1.32162,1.25,1.15
2018.02.01 15:34:05.568,1.32146,1.32167,1.00,1.24
2018.02.01 15:34:05.776,1.32149,1.32168,1.25,1.61
2018.02.01 15:34:05.882,1.32149,1.32169,1.19,1.00
2018.02.01 15:34:06.433,1.32151,1.3217,1.19,1.00
2018.02.01 15:34:06.593,1.32147,1.32168,1.64,1.00
2018.02.01 15:34:06.645,1.32148,1.32164,1.31,1.00
2018.02.01 15:34:07.234,1.32147,1.32165,1.00,1.19
2018.02.01 15:34:07.735,1.32141,1.32156,1.00,1.00
2018.02.01 15:34:07.788,1.32137,1.32155,1.00,1.25
2018.02.01 15:34:07.969,1.32134,1.32155,1.26,1.25
2018.02.01 15:34:08.021,1.32139,1.32158,1.25,2.44
2018.02.01 15:34:08.386,1.32136,1.32156,1.25,1.69
2018.02.01 15:34:08.719,1.32136,1.32157,1.29,1.25
2018.02.01 15:34:09.432,1.32135,1.32155,1.26,1.25
2018.02.01 15:34:09.484,1.32134,1.32154,1.39,1.25
2018.02.01 15:34:09.536,1.32141,1.32157,1.25,1.00
2018.02.01 15:34:09.589,1.32138,1.32158,1.19,1.19
2018.02.01 15:34:09.641,1.32137,1.32152,1.94,1.00
2018.02.01 15:34:09.781,1.32138,1.32152,1.69,1.00
2018.02.01 15:34:09.837,1.32138,1.32156,1.25,1.00
2018.02.01 15:34:10.297,1.32141,1.32159,1.00,1.19
2018.02.01 15:34:10.607,1.32154,1.32174,1.00,3.19
2018.02.01 15:34:10.658,1.32155,1.32174,1.19,1.25
2018.02.01 15:34:11.077,1.3215,1.32171,3.26,1.00
2018.02.01 15:34:11.179,1.32151,1.3217,1.29,1.50
2018.02.01 15:34:11.330,1.32147,1.32166,2.51,1.00
2018.02.01 15:34:11.484,1.32147,1.32166,1.29,1.00
2018.02.01 15:34:12.050,1.32145,1.32165,1.76,1.69
2018.02.01 15:34:12.991,1.32146,1.32165,1.29,1.00
2018.02.01 15:34:13.147,1.32146,1.32164,1.25,1.00
2018.02.01 15:34:14.246,1.32146,1.32164,1.32,1.00
2018.02.01 15:34:15.672,1.32147,1.32165,1.10,1.25
2018.02.01 15:34:15.851,1.32147,1.32162,1.00,1.00
2018.02.01 15:34:15.904,1.32139,1.32159,1.26,1.00
2018.02.01 15:34:15.957,1.32139,1.32159,1.07,1.19
2018.02.01 15:34:16.011,1.32137,1.32154,1.07,1.25
2018.02.01 15:34:16.118,1.32144,1.32153,1.25,1.00
2018.02.01 15:34:16.170,1.32144,1.32158,1.25,1.00
2018.02.01 15:34:16.222,1.32144,1.32163,1.19,1.50
2018.02.01 15:34:16.275,1.32143,1.32162,1.10,1.69
2018.02.01 15:34:16.785,1.32141,1.32162,1.26,1.19
2018.02.01 15:34:17.095,1.32149,1.32168,1.26,1.00
2018.02.01 15:34:17.402,1.32164,1.32179,1.19,1.00
2018.02.01 15:34:17.455,1.32164,1.32182,1.29,1.87
2018.02.01 15:34:17.819,1.32164,1.32184,1.39,1.00
2018.02.01 15:34:18.365,1.32165,1.32185,1.76,1.25
2018.02.01 15:34:18.716,1.32165,1.32184,1.00,1.25
2018.02.01 15:34:18.819,1.32165,1.32181,1.10,1.00
2018.02.01 15:34:18.872,1.3216,1.32179,2.14,1.00
2018.02.01 15:34:18.926,1.3216,1.32177,1.10,1.25
2018.02.01 15:34:19.288,1.32158,1.32175,1.76,1.00
2018.02.01 15:34:20.475,1.32157,1.32177,1.69,1.25
2018.02.01 15:34:20.579,1.32157,1.32175,1.19,1.00
2018.02.01 15:34:20.682,1.32155,1.32175,1.10,1.25
2018.02.01 15:34:20.835,1.32155,1.32173,1.10,1.00
2018.02.01 15:34:21.352,1.32157,1.3217,1.00,1.00
2018.02.01 15:34:21.914,1.32156,1.32171,1.00,1.00
2018.02.01 15:34:22.050,1.32153,1.32171,1.25,1.00
2018.02.01 15:34:22.102,1.32153,1.32171,1.19,1.00
2018.02.01 15:34:22.154,1.32153,1.32173,1.76,1.00
2018.02.01 15:34:22.205,1.32153,1.32173,1.76,1.00
2018.02.01 15:34:22.617,1.32155,1.32174,1.00,2.06
2018.02.01 15:34:22.943,1.32155,1.32174,1.19,1.87
2018.02.01 15:34:23.677,1.32155,1.32174,1.25,1.87
2018.02.01 15:34:24.207,1.32155,1.32173,1.00,1.00
2018.02.01 15:34:24.334,1.32155,1.32171,1.00,1.00
2018.02.01 15:34:24.649,1.32155,1.32172,1.76,1.00
2018.02.01 15:34:24.702,1.32156,1.32176,1.19,1.25
2018.02.01 15:34:24.755,1.32155,1.32173,1.76,1.00
2018.02.01 15:34:25.064,1.32157,1.32175,1.19,1.00
2018.02.01 15:34:25.507,1.32157,1.32175,1.00,1.19
2018.02.01 15:34:25.559,1.32157,1.32175,1.19,1.00
2018.02.01 15:34:26.230,1.32157,1.32175,1.19,1.00
2018.02.01 15:34:26.282,1.3216,1.32178,1.00,1.19
2018.02.01 15:34:26.548,1.32158,1.32176,1.00,1.19
2018.02.01 15:34:26.862,1.3216,1.32176,1.00,1.00
2018.02.01 15:34:27.401,1.3216,1.32178,1.00,1.19
2018.02.01 15:34:27.723,1.32162,1.32178,1.00,1.25
2018.02.01 15:34:27.827,1.3216,1.32178,1.10,1.00
2018.02.01 15:34:28.938,1.3216,1.32179,1.10,1.25
2018.02.01 15:34:29.146,1.32159,1.32177,1.32,1.50
2018.02.01 15:34:29.353,1.32157,1.32175,1.01,1.25
2018.02.01 15:34:29.903,1.32157,1.32175,1.32,1.25
2018.02.01 15:34:30.582,1.32157,1.32175,1.32,1.25
2018.02.01 15:34:31.240,1.32157,1.32175,1.32,1.00
2018.02.01 15:34:31.775,1.32157,1.32175,1.07,1.25
2018.02.01 15:34:33.237,1.32157,1.32175,1.29,1.00
2018.02.01 15:34:33.463,1.32155,1.32173,2.51,1.00
2018.02.01 15:34:34.282,1.32156,1.32173,1.25,1.00
2018.02.01 15:34:34.811,1.32155,1.32174,1.29,1.00
2018.02.01 15:34:35.195,1.32155,1.32174,1.10,1.19
2018.02.01 15:34:35.704,1.32156,1.32172,1.00,1.25
2018.02.01 15:34:36.245,1.32155,1.32171,1.00,1.00
2018.02.01 15:34:36.644,1.32155,1.32169,1.00,2.06
2018.02.01 15:34:36.695,1.32152,1.32167,1.00,2.44
2018.02.01 15:34:36.799,1.32153,1.32167,1.19,1.00
2018.02.01 15:34:36.851,1.32153,1.32173,1.00,2.81
2018.02.01 15:34:36.903,1.32153,1.32173,1.19,3.75
2018.02.01 15:34:36.955,1.32159,1.32173,1.00,2.25
2018.02.01 15:34:37.113,1.32159,1.32176,1.00,1.00
2018.02.01 15:34:37.218,1.32154,1.32171,1.12,1.00
2018.02.01 15:34:37.474,1.32158,1.32177,1.29,1.25
2018.02.01 15:34:37.577,1.32159,1.32178,1.19,1.00
2018.02.01 15:34:37.707,1.32159,1.32178,1.25,1.19
2018.02.01 15:34:38.065,1.32156,1.32174,1.31,2.25
2018.02.01 15:34:38.371,1.32162,1.3218,1.25,2.25
2018.02.01 15:34:39.013,1.32162,1.32179,1.19,1.87
2018.02.01 15:34:39.436,1.32161,1.32179,1.00,2.06
2018.02.01 15:34:39.731,1.32157,1.32177,1.26,2.06
2018.02.01 15:34:39.790,1.32157,1.32175,1.76,1.00
2018.02.01 15:34:39.842,1.32159,1.32177,1.25,1.12
2018.02.01 15:34:40.101,1.32158,1.32177,1.69,1.00
2018.02.01 15:34:40.650,1.32158,1.32178,1.69,1.87
2018.02.01 15:34:40.701,1.3216,1.32178,1.00,1.12
2018.02.01 15:34:41.246,1.32159,1.32177,1.25,1.00
2018.02.01 15:34:41.900,1.32161,1.32177,1.00,1.00
2018.02.01 15:34:42.889,1.32161,1.32179,1.25,1.25
2018.02.01 15:34:44.219,1.32161,1.32178,1.25,1.00
2018.02.01 15:34:44.271,1.32159,1.32178,1.00,1.19
2018.02.01 15:34:44.373,1.32161,1.32179,1.25,1.50
2018.02.01 15:34:44.717,1.32165,1.32184,1.19,1.00
2018.02.01 15:34:44.768,1.32165,1.32185,1.25,1.19
2018.02.01 15:34:45.023,1.32166,1.32185,1.25,1.50
2018.02.01 15:34:45.383,1.32164,1.3218,1.25,1.00
2018.02.01 15:34:45.434,1.32161,1.32179,1.01,1.25
2018.02.01 15:34:45.740,1.32162,1.3218,1.19,1.00
2018.02.01 15:34:46.246,1.32161,1.3218,1.19,1.00
2018.02.01 15:34:46.772,1.32161,1.32181,1.19,1.69
2018.02.01 15:34:47.340,1.32161,1.32181,1.00,1.69
2018.02.01 15:34:47.845,1.32159,1.3218,2.51,1.50
2018.02.01 15:34:48.541,1.32159,1.32179,1.69,1.50
2018.02.01 15:34:48.745,1.32159,1.32176,1.19,1.00
2018.02.01 15:34:48.797,1.32159,1.32179,1.19,1.00
2018.02.01 15:34:48.848,1.32159,1.32178,1.00,1.19
2018.02.01 15:34:49.185,1.32149,1.32168,1.00,1.69
2018.02.01 15:34:49.493,1.32155,1.32173,1.00,1.69
2018.02.01 15:34:50.001,1.32154,1.32173,1.00,1.69
2018.02.01 15:34:50.624,1.32154,1.32172,1.25,1.50
2018.02.01 15:34:51.200,1.32153,1.32174,1.25,2.44
2018.02.01 15:34:51.624,1.32153,1.32174,1.19,1.69
2018.02.01 15:34:52.148,1.32157,1.32174,1.00,1.19
2018.02.01 15:34:52.691,1.32156,1.32174,1.00,1.00
2018.02.01 15:34:53.366,1.32157,1.32174,1.00,1.00
2018.02.01 15:34:53.877,1.32158,1.32175,1.00,1.50
2018.02.01 15:34:54.826,1.32159,1.32177,1.00,1.25
2018.02.01 15:34:55.334,1.3216,1.32178,1.00,1.19
2018.02.01 15:34:55.930,1.32159,1.32178,1.00,1.69
2018.02.01 15:34:56.087,1.32157,1.32178,1.00,1.69
2018.02.01 15:34:56.646,1.32157,1.32175,1.00,1.00
2018.02.01 15:34:57.165,1.32157,1.32177,1.00,1.19
2018.02.01 15:34:57.607,1.32157,1.32175,1.00,1.19
2018.02.01 15:34:58.249,1.32156,1.32175,1.00,1.19
2018.02.01 15:34:58.567,1.32151,1.32169,1.76,1.25
2018.02.01 15:34:58.620,1.32151,1.32169,1.50,1.31
2018.02.01 15:34:59.651,1.32151,1.32165,1.00,1.00
2018.02.01 15:35:00.463,1.32149,1.32165,1.00,1.00
2018.02.01 15:35:01.265,1.32151,1.32166,1.00,1.25
2018.02.01 15:35:01.583,1.32155,1.3217,1.00,1.00
2018.02.01 15:35:01.728,1.32157,1.32175,1.00,1.00
2018.02.01 15:35:02.341,1.32155,1.32174,1.19,1.00
2018.02.01 15:35:03.292,1.32154,1.32173,1.19,1.00
2018.02.01 15:35:03.457,1.32151,1.32169,1.39,1.50
2018.02.01 15:35:03.509,1.3215,1.32169,1.25,1.69
2018.02.01 15:35:04.115,1.3215,1.32168,1.25,1.00
2018.02.01 15:35:04.785,1.32151,1.32168,1.00,1.00
2018.02.01 15:35:05.116,1.32151,1.32168,1.00,1.19
2018.02.01 15:35:05.665,1.3215,1.32168,1.00,1.19
2018.02.01 15:35:06.228,1.32151,1.32167,1.00,1.25
2018.02.01 15:35:07.489,1.32147,1.32167,1.76,1.00
2018.02.01 15:35:07.592,1.32149,1.32165,1.00,1.00
2018.02.01 15:35:07.694,1.32147,1.32165,1.00,1.25
2018.02.01 15:35:07.745,1.32146,1.32161,1.00,1.00
2018.02.01 15:35:07.797,1.32144,1.3216,1.50,1.00
2018.02.01 15:35:08.303,1.32143,1.3216,1.00,1.19
2018.02.01 15:35:08.856,1.32141,1.32159,1.00,1.25
2018.02.01 15:35:09.115,1.32139,1.32157,1.00,1.00
2018.02.01 15:35:09.444,1.32144,1.32162,1.50,1.19
2018.02.01 15:35:10.413,1.32144,1.32159,1.00,1.00
2018.02.01 15:35:10.980,1.32142,1.32159,1.19,1.00
2018.02.01 15:35:11.493,1.32142,1.32161,1.00,1.69
2018.02.01 15:35:11.796,1.32142,1.32159,1.00,1.00
2018.02.01 15:35:11.944,1.3214,1.32158,1.69,1.00
2018.02.01 15:35:12.047,1.32139,1.32156,1.19,1.00
2018.02.01 15:35:12.354,1.32141,1.32159,1.19,1.50
2018.02.01 15:35:13.279,1.32143,1.32161,1.19,1.00
2018.02.01 15:35:14.164,1.32145,1.32157,1.12,1.00
2018.02.01 15:35:14.217,1.32139,1.32157,2.44,1.00
2018.02.01 15:35:14.632,1.3214,1.32159,1.69,1.00
2018.02.01 15:35:15.166,1.32143,1.32162,1.00,1.19
2018.02.01 15:35:15.528,1.3214,1.32156,1.31,1.00
2018.02.01 15:35:15.764,1.3214,1.32158,1.31,1.00
2018.02.01 15:35:16.505,1.32137,1.32153,1.00,1.00
2018.02.01 15:35:16.982,1.32136,1.32151,1.25,1.00
2018.02.01 15:35:17.594,1.32134,1.32151,1.69,1.00
2018.02.01 15:35:18.320,1.32135,1.32152,1.25,1.00
2018.02.01 15:35:19.867,1.32128,1.32147,1.69,1.19
2018.02.01 15:35:19.920,1.32127,1.32146,2.25,2.06
2018.02.01 15:35:20.183,1.32122,1.32139,1.00,1.00
2018.02.01 15:35:20.235,1.3212,1.32137,1.25,1.00
2018.02.01 15:35:20.555,1.3212,1.32135,1.25,1.00
2018.02.01 15:35:22.052,1.3212,1.32136,1.50,1.00
2018.02.01 15:35:22.541,1.32111,1.32129,1.95,1.00
2018.02.01 15:35:22.595,1.32111,1.32126,1.10,1.00
2018.02.01 15:35:23.128,1.32108,1.32126,1.19,1.00
2018.02.01 15:35:23.857,1.32108,1.32125,1.00,1.19
2018.02.01 15:35:24.117,1.32103,1.3212,1.25,1.00
2018.02.01 15:35:24.429,1.32105,1.3212,1.25,1.00
2018.02.01 15:35:24.481,1.32106,1.32122,1.00,1.00
2018.02.01 15:35:24.534,1.32108,1.32125,1.19,1.00
2018.02.01 15:35:25.178,1.3211,1.32127,1.00,1.19
2018.02.01 15:35:25.497,1.32113,1.32128,1.50,1.00
2018.02.01 15:35:25.550,1.32109,1.32128,1.25,1.50
2018.02.01 15:35:25.657,1.32109,1.32126,1.25,1.00
2018.02.01 15:35:26.465,1.32107,1.32127,1.56,1.00
2018.02.01 15:35:26.847,1.3211,1.32127,1.19,1.00
2018.02.01 15:35:26.933,1.32108,1.32127,1.31,1.00
2018.02.01 15:35:27.526,1.32109,1.32128,1.25,1.00
2018.02.01 15:35:27.967,1.32109,1.32128,1.19,1.50
2018.02.01 15:35:28.885,1.3211,1.32128,1.25,1.50
2018.02.01 15:35:29.498,1.32109,1.32127,1.19,1.00
2018.02.01 15:35:29.801,1.32102,1.32123,2.51,1.69
2018.02.01 15:35:29.854,1.32103,1.32121,1.19,1.50
2018.02.01 15:35:30.391,1.32107,1.32124,1.19,1.00
2018.02.01 15:35:30.933,1.32109,1.32125,1.25,1.00
2018.02.01 15:35:31.466,1.32109,1.32124,1.00,1.00
2018.02.01 15:35:31.577,1.32109,1.32126,1.00,1.00
2018.02.01 15:35:31.803,1.32109,1.32124,1.00,1.00
2018.02.01 15:35:32.092,1.32109,1.32126,1.50,1.00
2018.02.01 15:35:32.860,1.32109,1.32127,1.69,1.50
2018.02.01 15:35:33.376,1.32109,1.32128,1.19,1.25
2018.02.01 15:35:33.578,1.32109,1.32126,1.19,1.00
2018.02.01 15:35:34.701,1.32107,1.32127,1.26,1.00
2018.02.01 15:35:35.249,1.32109,1.32126,1.19,1.00
2018.02.01 15:35:35.906,1.32109,1.32127,1.19,1.00
2018.02.01 15:35:36.327,1.32116,1.32135,1.10,1.00
2018.02.01 15:35:36.845,1.32114,1.32134,2.44,1.50
2018.02.01 15:35:36.948,1.32115,1.32132,1.25,1.00
2018.02.01 15:35:37.260,1.32117,1.32135,1.19,1.00
2018.02.01 15:35:37.523,1.32112,1.32129,1.20,1.00
2018.02.01 15:35:38.067,1.3211,1.32128,1.19,1.00
2018.02.01 15:35:38.413,1.32113,1.3213,1.00,1.25
2018.02.01 15:35:38.733,1.32113,1.32128,1.00,1.25
2018.02.01 15:35:38.835,1.32111,1.32129,1.00,1.19
2018.02.01 15:35:39.673,1.32112,1.32129,1.00,1.69
2018.02.01 15:35:40.261,1.32111,1.32129,1.00,1.00
2018.02.01 15:35:40.836,1.32111,1.3213,1.00,1.25
2018.02.01 15:35:40.991,1.3211,1.32129,1.25,1.19
2018.02.01 15:35:41.667,1.32109,1.32126,1.00,1.00
2018.02.01 15:35:42.181,1.32108,1.32127,1.00,1.69
2018.02.01 15:35:42.488,1.32108,1.32124,1.19,1.00
2018.02.01 15:35:43.367,1.32108,1.32124,1.19,1.00
2018.02.01 15:35:45.167,1.32108,1.32128,1.19,1.25
2018.02.01 15:35:45.375,1.32108,1.32126,1.00,1.25
2018.02.01 15:35:45.693,1.32106,1.32124,1.00,1.25
2018.02.01 15:35:46.272,1.32105,1.32125,1.00,1.19
2018.02.01 15:35:46.324,1.32106,1.32126,1.25,1.00
2018.02.01 15:35:47.760,1.32103,1.32121,1.69,1.00
2018.02.01 15:35:47.865,1.32101,1.3212,1.00,1.69
2018.02.01 15:35:47.916,1.32103,1.3212,1.19,1.00
2018.02.01 15:35:48.070,1.32107,1.32124,1.19,1.00
2018.02.01 15:35:48.121,1.32107,1.32125,1.00,1.19
2018.02.01 15:35:48.393,1.32107,1.32126,1.19,1.00
2018.02.01 15:35:48.445,1.32107,1.32126,1.00,1.19
2018.02.01 15:35:48.780,1.32104,1.32123,1.00,1.19
2018.02.01 15:35:48.921,1.32107,1.32122,1.00,1.00
2018.02.01 15:35:48.975,1.3211,1.32129,1.00,1.00
2018.02.01 15:35:49.182,1.32112,1.3213,1.00,1.25
2018.02.01 15:35:49.724,1.32113,1.32132,1.25,1.19
2018.02.01 15:35:50.090,1.3211,1.32127,1.12,1.69
2018.02.01 15:35:50.194,1.32106,1.32127,1.00,1.69
2018.02.01 15:35:50.246,1.32106,1.32128,1.19,2.44
2018.02.01 15:35:50.559,1.32109,1.32128,1.19,1.87
2018.02.01 15:35:50.612,1.32107,1.32125,1.00,1.00
2018.02.01 15:35:51.118,1.32107,1.32126,1.00,1.00
2018.02.01 15:35:51.902,1.32112,1.3213,1.25,1.69
2018.02.01 15:35:52.213,1.32112,1.3213,1.00,2.44
2018.02.01 15:35:52.708,1.32108,1.32128,1.00,1.69
2018.02.01 15:35:52.999,1.32109,1.32127,1.25,1.00
2018.02.01 15:35:53.504,1.32107,1.32124,1.25,1.00
2018.02.01 15:35:53.813,1.32099,1.32116,1.00,1.00
2018.02.01 15:35:54.337,1.32097,1.32116,1.19,1.50
2018.02.01 15:35:55.399,1.32098,1.32117,1.25,1.50
2018.02.01 15:35:55.726,1.32097,1.32113,1.50,1.00
2018.02.01 15:35:56.311,1.32096,1.32113,1.00,1.00
2018.02.01 15:35:57.279,1.32098,1.32113,1.00,1.00
2018.02.01 15:35:57.561,1.32098,1.32116,1.00,1.69
2018.02.01 15:35:58.066,1.32099,1.32116,1.00,1.25
2018.02.01 15:35:58.120,1.32095,1.32109,1.57,1.00
2018.02.01 15:35:58.173,1.32092,1.32112,1.19,1.50
2018.02.01 15:35:58.358,1.32093,1.3211,1.00,1.00
2018.02.01 15:35:58.463,1.32102,1.32113,1.00,1.00
2018.02.01 15:35:58.518,1.32103,1.32118,1.25,2.25
2018.02.01 15:35:58.571,1.32105,1.32122,1.19,1.00
2018.02.01 15:35:59.007,1.32103,1.32122,1.25,1.50
2018.02.01 15:35:59.524,1.32104,1.32122,1.00,1.50
2018.02.01 15:36:00.078,1.32103,1.32121,1.25,1.00
2018.02.01 15:36:00.608,1.32102,1.3212,1.69,1.00
2018.02.01 15:36:00.714,1.32099,1.32115,1.75,1.19
2018.02.01 15:36:00.963,1.32087,1.32104,1.07,1.00
2018.02.01 15:36:01.018,1.32085,1.32103,1.19,1.50
2018.02.01 15:36:01.070,1.32084,1.32101,1.00,1.00
2018.02.01 15:36:01.224,1.32081,1.32099,1.00,1.50
2018.02.01 15:36:01.377,1.3208,1.32097,1.12,1.00
2018.02.01 15:36:01.727,1.32067,1.32088,2.44,1.69
2018.02.01 15:36:02.222,1.32068,1.32088,1.19,1.50
2018.02.01 15:36:02.557,1.32068,1.32086,1.19,1.00
2018.02.01 15:36:02.964,1.32068,1.32086,1.31,1.00
2018.02.01 15:36:03.484,1.32069,1.32087,1.19,1.00
2018.02.01 15:36:03.844,1.32067,1.32086,2.06,1.00
2018.02.01 15:36:04.136,1.32067,1.32084,1.19,1.00
2018.02.01 15:36:04.512,1.32068,1.32084,1.19,1.00
2018.02.01 15:36:04.616,1.3207,1.32086,1.19,1.00
2018.02.01 15:36:05.185,1.32072,1.3209,1.00,1.19
2018.02.01 15:36:05.651,1.32069,1.32089,1.19,1.25
2018.02.01 15:36:05.703,1.32069,1.32087,1.19,1.00
2018.02.01 15:36:06.247,1.3207,1.32088,1.00,1.69
2018.02.01 15:36:06.298,1.32067,1.32086,1.25,1.50
2018.02.01 15:36:06.350,1.32068,1.32087,1.00,1.31
2018.02.01 15:36:06.401,1.32068,1.32087,1.25,1.19
2018.02.01 15:36:06.947,1.32069,1.32087,1.00,1.69
2018.02.01 15:36:07.486,1.32068,1.32086,1.00,1.19
2018.02.01 15:36:08.012,1.32068,1.32086,1.25,1.25
2018.02.01 15:36:08.524,1.32069,1.32087,1.00,1.19
2018.02.01 15:36:08.731,1.32073,1.32088,1.00,1.19
2018.02.01 15:36:08.783,1.32072,1.32089,1.19,1.00
2018.02.01 15:36:08.938,1.32073,1.32091,1.31,1.00
2018.02.01 15:36:09.471,1.32074,1.32091,1.00,1.00
2018.02.01 15:36:10.050,1.32075,1.32092,1.00,1.25
2018.02.01 15:36:11.795,1.32074,1.32093,1.00,1.25
2018.02.01 15:36:12.245,1.32082,1.32094,1.00,1.00
2018.02.01 15:36:12.297,1.32082,1.321,1.00,1.69
2018.02.01 15:36:12.453,1.3208,1.32097,1.50,1.69
2018.02.01 15:36:12.905,1.32075,1.32093,4.39,1.00
2018.02.01 15:36:12.960,1.32074,1.32093,2.14,1.69
2018.02.01 15:36:13.464,1.32075,1.32092,1.25,1.50
2018.02.01 15:36:14.015,1.32074,1.32092,1.10,1.50
2018.02.01 15:36:15.308,1.32073,1.32091,1.29,1.00
2018.02.01 15:36:15.829,1.32072,1.32091,1.32,1.19
2018.02.01 15:36:16.375,1.32073,1.32091,1.10,1.31
2018.02.01 15:36:16.682,1.32066,1.32081,1.00,1.00
2018.02.01 15:36:16.876,1.32069,1.32087,1.12,1.00
2018.02.01 15:36:17.403,1.32068,1.32086,1.25,1.00
2018.02.01 15:36:18.767,1.32069,1.32086,1.00,1.25
2018.02.01 15:36:19.153,1.32067,1.32086,1.00,1.31
2018.02.01 15:36:19.206,1.32061,1.32079,2.44,1.25
2018.02.01 15:36:19.258,1.3206,1.32076,1.00,1.00
2018.02.01 15:36:19.361,1.32056,1.32074,1.10,1.69
2018.02.01 15:36:20.100,1.32055,1.32074,1.25,1.25
2018.02.01 15:36:20.694,1.32056,1.32074,1.00,1.25
2018.02.01 15:36:21.250,1.32055,1.32074,1.57,1.25
2018.02.01 15:36:21.858,1.32057,1.32074,1.00,1.25
2018.02.01 15:36:22.519,1.32052,1.3207,1.00,1.56
2018.02.01 15:36:22.571,1.3205,1.3207,1.76,1.25
2018.02.01 15:36:22.623,1.32057,1.3207,1.00,1.00
2018.02.01 15:36:22.676,1.32051,1.32071,1.32,1.19
2018.02.01 15:36:22.926,1.32053,1.32071,1.19,1.00
2018.02.01 15:36:22.978,1.32052,1.32072,1.50,1.69
2018.02.01 15:36:23.730,1.32049,1.3207,2.14,1.00
2018.02.01 15:36:23.782,1.32047,1.32064,1.50,1.00
2018.02.01 15:36:23.834,1.32047,1.32064,1.69,1.00
2018.02.01 15:36:24.408,1.32046,1.32066,1.19,1.50
2018.02.01 15:36:24.472,1.32046,1.32065,1.25,1.00
2018.02.01 15:36:24.526,1.32045,1.32066,1.25,1.19
2018.02.01 15:36:24.852,1.32043,1.32061,1.00,1.25
2018.02.01 15:36:25.167,1.3205,1.32067,1.00,2.06
2018.02.01 15:36:25.220,1.32048,1.32068,1.19,1.00
2018.02.01 15:36:25.377,1.32049,1.32068,2.25,1.56
2018.02.01 15:36:25.429,1.32044,1.32061,1.00,1.00
2018.02.01 15:36:25.578,1.32041,1.32053,2.25,1.31
2018.02.01 15:36:25.631,1.3203,1.32049,2.06,1.69
2018.02.01 15:36:25.683,1.32027,1.32035,1.12,1.00
2018.02.01 15:36:25.787,1.32011,1.32027,2.25,1.19
2018.02.01 15:36:25.840,1.32005,1.32024,1.37,2.81
2018.02.01 15:36:25.892,1.32006,1.32024,1.00,1.69
2018.02.01 15:36:25.945,1.3201,1.32023,1.19,1.00
2018.02.01 15:36:26.196,1.32017,1.32036,1.00,1.19
2018.02.01 15:36:26.555,1.32015,1.32028,1.50,1.19
2018.02.01 15:36:26.763,1.32009,1.32022,1.00,1.00
2018.02.01 15:36:26.815,1.3201,1.32026,1.07,1.00
2018.02.01 15:36:26.920,1.32013,1.32026,1.76,1.00
2018.02.01 15:36:27.024,1.32016,1.32032,1.29,1.00
2018.02.01 15:36:27.075,1.32019,1.32036,1.69,1.00
2018.02.01 15:36:27.212,1.32028,1.32041,1.00,1.19
2018.02.01 15:36:27.264,1.32027,1.32045,1.00,1.19
2018.02.01 15:36:27.367,1.32027,1.32045,2.51,1.00
2018.02.01 15:36:27.419,1.3203,1.32052,1.70,1.69
2018.02.01 15:36:27.472,1.32037,1.32056,1.00,1.25
2018.02.01 15:36:27.776,1.32045,1.32057,1.12,1.25
2018.02.01 15:36:27.828,1.32039,1.32056,1.50,1.19
2018.02.01 15:36:27.982,1.32039,1.32057,1.50,1.19
2018.02.01 15:36:28.238,1.32041,1.32057,1.37,1.19
2018.02.01 15:36:28.680,1.32046,1.3206,1.00,1.19
2018.02.01 15:36:28.937,1.32046,1.32059,1.00,1.00
2018.02.01 15:36:29.283,1.32045,1.32066,1.95,1.69
2018.02.01 15:36:29.335,1.32054,1.32069,1.00,1.56
2018.02.01 15:36:29.387,1.32054,1.32072,1.00,1.56
2018.02.01 15:36:29.491,1.32055,1.32072,1.00,1.69
2018.02.01 15:36:29.596,1.32059,1.32077,1.10,1.00
2018.02.01 15:36:29.649,1.3206,1.3208,1.25,1.19
2018.02.01 15:36:29.701,1.32061,1.32081,1.57,1.69
2018.02.01 15:36:30.049,1.32064,1.32079,1.00,1.19
2018.02.01 15:36:30.360,1.32066,1.32084,1.10,1.56
2018.02.01 15:36:30.678,1.32071,1.32091,1.12,2.06
2018.02.01 15:36:30.731,1.32073,1.32093,1.00,1.69
2018.02.01 15:36:30.793,1.32074,1.32095,1.50,1.69
2018.02.01 15:36:30.846,1.32077,1.32096,1.00,1.19
2018.02.01 15:36:31.474,1.32077,1.32098,1.07,1.56
2018.02.01 15:36:31.783,1.32077,1.32093,1.00,1.19
2018.02.01 15:36:31.937,1.32071,1.32093,1.20,2.44
2018.02.01 15:36:31.988,1.32073,1.32093,1.07,2.06
2018.02.01 15:36:32.244,1.32074,1.32094,1.07,1.25
2018.02.01 15:36:32.348,1.32076,1.32096,1.45,1.19
2018.02.01 15:36:32.695,1.3208,1.32096,1.00,1.31
2018.02.01 15:36:33.194,1.32079,1.32096,1.20,1.56
2018.02.01 15:36:33.627,1.32079,1.32096,1.20,1.31
2018.02.01 15:36:33.731,1.32079,1.32098,1.20,1.19
2018.02.01 15:36:34.073,1.32082,1.32102,1.07,1.31
2018.02.01 15:36:34.500,1.32085,1.32102,1.00,1.31
2018.02.01 15:36:35.740,1.32084,1.321,1.00,1.56
2018.02.01 15:36:35.843,1.32082,1.321,1.12,1.19
2018.02.01 15:36:36.516,1.32081,1.321,1.50,1.56
2018.02.01 15:36:36.827,1.32076,1.32097,1.12,1.56
2018.02.01 15:36:37.476,1.32076,1.32097,1.39,1.19
2018.02.01 15:36:38.048,1.32076,1.32096,1.57,1.19
2018.02.01 15:36:38.101,1.32076,1.32097,1.76,1.19
2018.02.01 15:36:38.252,1.32078,1.32096,1.19,1.00
2018.02.01 15:36:38.557,1.32076,1.32096,1.50,1.19
2018.02.01 15:36:38.711,1.32071,1.3209,2.14,1.00
2018.02.01 15:36:38.763,1.3207,1.32088,1.57,1.19
2018.02.01 15:36:39.106,1.32085,1.32105,1.76,1.69
2018.02.01 15:36:39.687,1.32087,1.32105,1.50,1.25
2018.02.01 15:36:39.791,1.32091,1.32109,1.00,1.69
2018.02.01 15:36:39.897,1.32093,1.32115,1.31,1.19
2018.02.01 15:36:39.949,1.32095,1.32115,1.19,1.19
2018.02.01 15:36:40.256,1.32099,1.32117,1.00,1.00
2018.02.01 15:36:40.489,1.321,1.32119,1.25,1.00
2018.02.01 15:36:40.541,1.32101,1.32117,1.12,1.00
2018.02.01 15:36:40.750,1.32098,1.32119,2.14,1.25
2018.02.01 15:36:41.196,1.32098,1.32116,2.14,1.00
2018.02.01 15:36:41.247,1.32098,1.32116,2.14,1.00
2018.02.01 15:36:41.767,1.32098,1.32117,2.89,1.19
2018.02.01 15:36:42.265,1.321,1.32118,1.32,1.25
2018.02.01 15:36:42.420,1.32101,1.3212,1.57,1.19
2018.02.01 15:36:42.472,1.32105,1.32126,1.00,1.31
2018.02.01 15:36:42.524,1.32106,1.32126,1.00,1.25
2018.02.01 15:36:42.628,1.32106,1.32126,2.51,1.19
2018.02.01 15:36:42.967,1.32105,1.3212,1.50,1.00
2018.02.01 15:36:43.027,1.32104,1.32125,1.19,1.25
2018.02.01 15:36:43.129,1.32105,1.32124,1.10,1.56
2018.02.01 15:36:43.181,1.321,1.32118,3.94,1.00
2018.02.01 15:36:43.233,1.321,1.32118,1.00,1.19
2018.02.01 15:36:43.555,1.32096,1.32116,1.76,1.25
2018.02.01 15:36:43.708,1.321,1.32116,1.00,1.25
2018.02.01 15:36:44.064,1.321,1.3211,1.00,1.00
2018.02.01 15:36:44.315,1.32062,1.3208,1.69,1.00
2018.02.01 15:36:44.433,1.32063,1.32082,1.00,2.25
2018.02.01 15:36:44.588,1.32062,1.32079,1.00,1.25
2018.02.01 15:36:44.941,1.32062,1.32085,1.87,2.06
2018.02.01 15:36:44.993,1.32065,1.32084,1.00,1.19
2018.02.01 15:36:45.096,1.32065,1.32084,1.00,1.19
2018.02.01 15:36:45.147,1.32067,1.32084,1.00,1.25
2018.02.01 15:36:45.250,1.32068,1.32087,1.00,1.25
2018.02.01 15:36:45.860,1.32068,1.32086,1.00,1.81
2018.02.01 15:36:45.913,1.32067,1.32085,1.00,1.19
2018.02.01 15:36:45.966,1.32065,1.32078,1.00,1.19
2018.02.01 15:36:46.026,1.32063,1.32077,1.00,1.25
2018.02.01 15:36:46.079,1.32058,1.32081,1.00,1.69
2018.02.01 15:36:46.229,1.32057,1.32081,1.69,2.06
2018.02.01 15:36:47.139,1.32058,1.32078,1.19,1.00
2018.02.01 15:36:47.374,1.32066,1.32087,1.19,1.19
2018.02.01 15:36:47.426,1.32068,1.32089,1.19,1.25
2018.02.01 15:36:47.528,1.32072,1.32091,1.00,1.19
2018.02.01 15:36:47.751,1.32072,1.32093,1.19,1.19
2018.02.01 15:36:48.057,1.32071,1.32093,1.57,1.19
2018.02.01 15:36:48.428,1.32062,1.32084,1.07,1.56
2018.02.01 15:36:48.480,1.32064,1.32088,1.64,1.31
2018.02.01 15:36:48.532,1.32063,1.32085,1.07,1.56
2018.02.01 15:36:48.583,1.32062,1.32082,1.31,1.25
2018.02.01 15:36:48.685,1.32061,1.32078,1.69,1.00
2018.02.01 15:36:48.993,1.32061,1.32084,1.69,1.50
2018.02.01 15:36:49.221,1.32062,1.32085,1.95,1.31
2018.02.01 15:36:49.534,1.32058,1.32078,1.00,1.56
2018.02.01 15:36:49.586,1.32057,1.32078,2.06,1.19
2018.02.01 15:36:50.018,1.32058,1.32076,1.19,1.00
2018.02.01 15:36:50.277,1.32058,1.32079,1.31,1.00
2018.02.01 15:36:50.328,1.32063,1.32081,1.00,1.69
2018.02.01 15:36:50.631,1.32066,1.32084,1.00,1.19
2018.02.01 15:36:50.735,1.32063,1.3208,1.12,1.00
2018.02.01 15:36:50.787,1.3206,1.32079,1.56,1.50
2018.02.01 15:36:51.028,1.32059,1.32077,2.25,1.25
2018.02.01 15:36:51.080,1.32059,1.32077,1.69,1.00
2018.02.01 15:36:51.453,1.32056,1.32077,3.00,1.56
2018.02.01 15:36:51.505,1.32056,1.32076,3.00,1.19
2018.02.01 15:36:51.733,1.32062,1.32079,1.00,1.76
2018.02.01 15:36:51.784,1.32062,1.32081,1.00,1.19
2018.02.01 15:36:52.040,1.32062,1.32079,1.50,1.19
2018.02.01 15:36:52.143,1.3206,1.32079,1.25,1.00
2018.02.01 15:36:52.367,1.32059,1.32081,1.25,1.19
2018.02.01 15:36:52.673,1.32062,1.32082,1.50,1.19
2018.02.01 15:36:53.212,1.32059,1.32079,1.56,1.25
2018.02.01 15:36:53.526,1.32059,1.32081,1.20,1.19
2018.02.01 15:36:53.849,1.32051,1.32071,1.26,1.00
2018.02.01 15:36:54.256,1.32051,1.32069,1.19,1.00
2018.02.01 15:36:54.417,1.32051,1.32071,2.51,1.00
2018.02.01 15:36:54.470,1.32051,1.32069,1.19,1.00
2018.02.01 15:36:54.830,1.32051,1.32069,1.69,1.00
2018.02.01 15:36:55.122,1.32053,1.32069,1.00,1.00
2018.02.01 15:36:55.228,1.32055,1.32075,1.12,1.19
2018.02.01 15:36:55.285,1.32057,1.32077,1.25,1.69
2018.02.01 15:36:55.348,1.32059,1.32078,1.00,1.25
2018.02.01 15:36:55.455,1.32058,1.32078,2.14,1.00
2018.02.01 15:36:55.507,1.32058,1.32078,1.39,1.19
2018.02.01 15:36:55.709,1.32056,1.32072,1.10,1.25
2018.02.01 15:36:55.915,1.32053,1.32075,1.76,1.19
2018.02.01 15:36:55.967,1.32049,1.32069,1.76,1.19
2018.02.01 15:36:56.122,1.32055,1.32073,1.01,1.25
2018.02.01 15:36:56.224,1.32055,1.32073,1.00,1.19
2018.02.01 15:36:56.549,1.32055,1.32073,1.00,1.00
2018.02.01 15:36:56.602,1.32054,1.32077,1.01,3.19
2018.02.01 15:36:56.653,1.32054,1.32077,1.76,2.44
2018.02.01 15:36:56.756,1.32053,1.32075,1.57,1.19
2018.02.01 15:36:57.274,1.32055,1.32072,1.00,1.19
2018.02.01 15:36:57.327,1.32055,1.32072,1.00,1.25
2018.02.01 15:36:57.505,1.32054,1.32073,1.00,1.19
2018.02.01 15:36:57.826,1.32052,1.32067,1.00,1.19
2018.02.01 15:36:57.879,1.32048,1.32067,1.00,1.19
2018.02.01 15:36:58.037,1.32051,1.32071,1.00,1.56
2018.02.01 15:36:58.093,1.32051,1.32071,1.87,1.19
2018.02.01 15:36:58.147,1.32054,1.32072,1.00,1.19
2018.02.01 15:36:58.397,1.32055,1.32072,1.00,1.19
2018.02.01 15:36:58.552,1.32054,1.32072,1.00,1.31
2018.02.01 15:36:58.757,1.32052,1.32073,1.12,1.56
2018.02.01 15:36:59.449,1.32053,1.32073,1.00,1.56
2018.02.01 15:36:59.501,1.32053,1.32073,1.00,1.19
2018.02.01 15:36:59.605,1.32055,1.32077,1.00,2.06
2018.02.01 15:36:59.659,1.32058,1.32077,1.50,1.31
2018.02.01 15:36:59.763,1.32062,1.32081,1.25,1.12
2018.02.01 15:37:00.128,1.32062,1.32081,1.00,1.19
2018.02.01 15:37:00.639,1.32063,1.32082,1.00,1.19
2018.02.01 15:37:00.883,1.32067,1.32086,1.50,1.19
2018.02.01 15:37:00.939,1.32068,1.32086,1.50,1.19
2018.02.01 15:37:01.502,1.32074,1.3209,1.00,1.00
2018.02.01 15:37:01.739,1.32077,1.32094,1.00,1.00
2018.02.01 15:37:02.251,1.32075,1.32096,1.69,1.19
2018.02.01 15:37:02.560,1.32079,1.32097,1.00,1.19
2018.02.01 15:37:02.815,1.32077,1.32095,1.00,1.19
2018.02.01 15:37:02.968,1.32075,1.32094,2.25,1.19
2018.02.01 15:37:04.043,1.32075,1.32086,1.00,1.25
2018.02.01 15:37:04.095,1.32069,1.32086,1.00,1.25
2018.02.01 15:37:04.147,1.32069,1.32089,1.00,1.19
2018.02.01 15:37:04.352,1.32066,1.32084,3.94,1.25
2018.02.01 15:37:04.704,1.32065,1.32084,1.00,1.19
2018.02.01 15:37:05.015,1.32068,1.32084,1.25,1.00
2018.02.01 15:37:05.277,1.32068,1.32087,1.25,1.00
2018.02.01 15:37:05.328,1.32066,1.32085,2.14,1.00
2018.02.01 15:37:05.725,1.3207,1.32088,1.00,1.69
2018.02.01 15:37:06.069,1.32072,1.3209,1.00,1.19
2018.02.01 15:37:06.596,1.32071,1.32091,1.20,1.19
2018.02.01 15:37:06.861,1.32071,1.32091,1.31,1.25
2018.02.01 15:37:07.336,1.32072,1.32089,1.25,1.00
2018.02.01 15:37:07.648,1.32068,1.32087,1.69,1.00
2018.02.01 15:37:07.701,1.3207,1.32089,1.19,1.00
2018.02.01 15:37:09.082,1.3207,1.32088,1.50,1.19
2018.02.01 15:37:09.238,1.32061,1.32081,1.00,1.19
2018.02.01 15:37:09.290,1.3206,1.32079,1.50,1.81
2018.02.01 15:37:09.343,1.32061,1.32081,1.00,2.06
2018.02.01 15:37:09.545,1.3206,1.32081,1.69,1.69
2018.02.01 15:37:10.073,1.32062,1.32081,1.00,1.69
2018.02.01 15:37:10.734,1.32063,1.32081,1.00,1.50
2018.02.01 15:37:11.798,1.32063,1.32082,1.19,1.00
2018.02.01 15:37:11.980,1.32064,1.32083,1.00,1.31
2018.02.01 15:37:12.243,1.32067,1.32085,1.10,1.00
2018.02.01 15:37:12.350,1.32067,1.32085,3.07,1.19
2018.02.01 15:37:12.817,1.32074,1.32092,1.00,1.19
2018.02.01 15:37:12.922,1.32076,1.32091,1.00,1.50
2018.02.01 15:37:12.979,1.32077,1.32098,1.00,1.69
2018.02.01 15:37:13.237,1.32085,1.32101,1.25,2.25
2018.02.01 15:37:13.289,1.32087,1.32104,1.00,1.25
2018.02.01 15:37:13.540,1.32086,1.32104,1.00,1.31
2018.02.01 15:37:13.591,1.32086,1.32104,1.00,1.25
2018.02.01 15:37:14.169,1.32087,1.32104,1.00,1.69
2018.02.01 15:37:14.551,1.3208,1.32099,1.19,1.50
2018.02.01 15:37:14.712,1.32079,1.32098,1.01,1.69
2018.02.01 15:37:15.639,1.32078,1.32096,1.19,1.00
2018.02.01 15:37:15.950,1.32077,1.32095,2.25,1.19
2018.02.01 15:37:16.914,1.32077,1.32096,2.44,1.25
2018.02.01 15:37:17.168,1.32077,1.32095,1.00,1.19
2018.02.01 15:37:17.271,1.32078,1.32098,1.19,1.25
2018.02.01 15:37:17.322,1.32077,1.32095,1.19,1.00
2018.02.01 15:37:17.374,1.32076,1.32095,1.19,1.00
2018.02.01 15:37:17.810,1.32076,1.32097,1.69,1.00
2018.02.01 15:37:18.414,1.32078,1.32097,1.00,1.00
2018.02.01 15:37:18.962,1.32081,1.321,1.12,1.19
2018.02.01 15:37:19.499,1.32079,1.32098,1.19,1.00
2018.02.01 15:37:19.708,1.32085,1.32104,1.69,1.00
2018.02.01 15:37:19.812,1.32087,1.32105,1.19,1.00
2018.02.01 15:37:20.355,1.32085,1.32104,1.19,1.00
2018.02.01 15:37:20.958,1.32085,1.32105,1.19,1.00
2018.02.01 15:37:21.268,1.32083,1.32101,1.56,1.00
2018.02.01 15:37:22.208,1.32083,1.32102,1.69,1.00
2018.02.01 15:37:22.756,1.32084,1.32102,1.19,1.00
2018.02.01 15:37:23.373,1.32084,1.32103,1.19,1.00
2018.02.01 15:37:24.016,1.32079,1.32097,1.56,1.00
2018.02.01 15:37:24.122,1.32076,1.32092,1.69,1.00
2018.02.01 15:37:24.191,1.32076,1.32094,1.69,1.00
2018.02.01 15:37:24.243,1.32076,1.32088,1.00,1.00
2018.02.01 15:37:24.345,1.32076,1.32091,1.00,1.87
2018.02.01 15:37:24.448,1.32075,1.32093,1.69,1.50
2018.02.01 15:37:24.500,1.32075,1.32093,1.50,1.00
2018.02.01 15:37:24.552,1.32078,1.32095,1.25,2.62
2018.02.01 15:37:24.604,1.32079,1.32097,1.25,1.50
2018.02.01 15:37:24.759,1.32075,1.32093,2.44,1.00
2018.02.01 15:37:24.810,1.32076,1.32096,1.19,1.25
2018.02.01 15:37:24.912,1.32078,1.32095,1.19,1.00
2018.02.01 15:37:24.964,1.3208,1.32097,1.25,1.87
2018.02.01 15:37:25.474,1.32078,1.32096,1.19,1.00
2018.02.01 15:37:25.990,1.32079,1.32096,1.00,1.00
2018.02.01 15:37:26.528,1.32078,1.32097,1.19,1.50
2018.02.01 15:37:27.097,1.3208,1.32096,1.00,1.25
2018.02.01 15:37:27.656,1.32079,1.32096,1.00,1.00
2018.02.01 15:37:27.811,1.32078,1.32096,1.00,2.44
2018.02.01 15:37:27.995,1.32073,1.32092,1.57,1.00
2018.02.01 15:37:28.100,1.32076,1.32093,1.25,1.00
2018.02.01 15:37:28.644,1.32075,1.32094,1.19,1.12
2018.02.01 15:37:29.142,1.32072,1.3209,1.25,1.25
2018.02.01 15:37:29.194,1.32071,1.32089,1.50,1.69
2018.02.01 15:37:29.246,1.32069,1.32086,1.69,1.00
2018.02.01 15:37:29.391,1.32072,1.32088,1.31,1.00
2018.02.01 15:37:29.442,1.32075,1.32094,1.19,1.50
2018.02.01 15:37:29.545,1.32074,1.32089,1.19,1.00
2018.02.01 15:37:29.597,1.32072,1.3209,1.19,1.50
2018.02.01 15:37:29.804,1.32068,1.32086,1.25,1.00
2018.02.01 15:37:29.856,1.32066,1.32083,1.19,1.00
2018.02.01 15:37:30.138,1.32069,1.32088,1.19,1.12
2018.02.01 15:37:30.292,1.32073,1.32089,1.00,1.50
2018.02.01 15:37:30.600,1.32075,1.32088,1.50,1.00
2018.02.01 15:37:30.656,1.32072,1.3209,1.69,1.00
2018.02.01 15:37:30.709,1.32074,1.32093,1.19,1.25
2018.02.01 15:37:30.833,1.32076,1.32094,1.19,2.25
2018.02.01 15:37:31.350,1.32078,1.32096,1.19,1.50
2018.02.01 15:37:31.660,1.3208,1.32098,1.19,1.50
2018.02.01 15:37:31.713,1.3208,1.32098,1.25,1.69
2018.02.01 15:37:31.765,1.32081,1.32099,1.19,1.00
2018.02.01 15:37:32.024,1.32078,1.32096,1.69,1.00
2018.02.01 15:37:32.159,1.3208,1.32098,1.00,1.25
2018.02.01 15:37:32.467,1.32079,1.32098,1.19,1.00
2018.02.01 15:37:32.993,1.32081,1.32099,1.19,1.50
2018.02.01 15:37:33.300,1.32079,1.32095,1.25,1.00
2018.02.01 15:37:33.851,1.32078,1.32096,1.19,1.00
2018.02.01 15:37:34.208,1.32082,1.321,2.25,1.00
2018.02.01 15:37:34.260,1.32082,1.32102,1.19,1.25
2018.02.01 15:37:34.352,1.32082,1.32102,1.00,1.19
2018.02.01 15:37:35.341,1.32082,1.32102,1.00,1.31
2018.02.01 15:37:35.393,1.32082,1.32102,1.19,1.00
2018.02.01 15:37:35.981,1.32084,1.32101,1.19,1.00
2018.02.01 15:37:36.484,1.32083,1.32102,1.31,1.00
2018.02.01 15:37:37.085,1.32084,1.32103,1.25,1.00
2018.02.01 15:37:37.188,1.32086,1.32103,1.00,1.00
2018.02.01 15:37:38.221,1.32084,1.32104,1.19,1.19
2018.02.01 15:37:38.690,1.32085,1.32103,1.19,1.00
2018.02.01 15:37:39.240,1.32086,1.32104,1.00,1.19
2018.02.01 15:37:39.641,1.32082,1.32099,1.00,1.25
2018.02.01 15:37:39.795,1.32083,1.32101,1.19,1.00
2018.02.01 15:37:40.022,1.32085,1.32105,1.19,1.12
2018.02.01 15:37:40.592,1.32088,1.32106,1.00,1.25
2018.02.01 15:37:40.694,1.32087,1.32104,1.25,1.00
2018.02.01 15:37:41.208,1.32088,1.32105,1.00,1.00
2018.02.01 15:37:41.425,1.32086,1.32104,1.95,1.00
2018.02.01 15:37:41.931,1.32088,1.32106,1.00,1.19
2018.02.01 15:37:42.508,1.32087,1.32105,1.00,1.00
2018.02.01 15:37:42.815,1.32089,1.32106,1.19,1.00
2018.02.01 15:37:43.129,1.3209,1.32108,1.25,1.00
2018.02.01 15:37:43.338,1.32088,1.32106,1.19,1.00
2018.02.01 15:37:43.443,1.32081,1.32102,1.69,1.25
2018.02.01 15:37:43.496,1.3208,1.32099,1.19,1.00
2018.02.01 15:37:43.601,1.32076,1.32096,1.50,1.25
2018.02.01 15:37:43.883,1.32076,1.32094,1.00,1.00
2018.02.01 15:37:43.986,1.32078,1.32098,1.19,2.06
2018.02.01 15:37:44.761,1.3208,1.32098,1.50,1.31
2018.02.01 15:37:44.813,1.32081,1.32099,1.19,1.50
2018.02.01 15:37:45.376,1.32081,1.32098,1.00,1.12
2018.02.01 15:37:46.107,1.32079,1.32098,1.00,1.87
2018.02.01 15:37:46.263,1.32081,1.32098,1.00,1.87
2018.02.01 15:37:46.981,1.32078,1.32096,1.19,1.00
2018.02.01 15:37:47.084,1.32079,1.32096,1.00,1.25
2018.02.01 15:37:47.462,1.32081,1.32097,1.00,1.00
2018.02.01 15:37:47.786,1.32078,1.32097,1.00,1.19
2018.02.01 15:37:48.175,1.3208,1.32096,1.00,1.69
2018.02.01 15:37:48.227,1.32076,1.32095,1.00,1.00
2018.02.01 15:37:48.278,1.32073,1.3209,1.29,1.00
2018.02.01 15:37:48.334,1.32071,1.32091,1.69,1.19
2018.02.01 15:37:48.869,1.32071,1.32091,2.44,1.00
2018.02.01 15:37:49.393,1.32075,1.32093,1.00,2.06
2018.02.01 15:37:49.908,1.32075,1.32093,1.25,2.81
2018.02.01 15:37:50.669,1.32075,1.32093,1.19,1.50
2018.02.01 15:37:52.742,1.32078,1.32093,1.00,1.00
2018.02.01 15:37:52.794,1.32076,1.32095,1.69,1.00
2018.02.01 15:37:52.896,1.32079,1.32096,1.00,1.00
2018.02.01 15:37:52.999,1.32076,1.32096,1.19,1.25
2018.02.01 15:37:53.536,1.32077,1.32095,1.25,1.00
2018.02.01 15:37:54.139,1.32076,1.32094,1.25,1.25
2018.02.01 15:37:54.656,1.32077,1.32097,1.25,1.69
2018.02.01 15:37:55.039,1.32079,1.32096,1.00,1.37
2018.02.01 15:37:55.090,1.32076,1.32096,2.44,1.37
2018.02.01 15:37:55.192,1.32076,1.32096,1.69,1.50
2018.02.01 15:37:55.616,1.3208,1.32098,1.00,1.69
2018.02.01 15:37:56.322,1.32081,1.32098,1.00,1.00
2018.02.01 15:37:56.802,1.32077,1.32098,1.19,1.00
2018.02.01 15:37:57.410,1.32079,1.32097,1.25,1.00
2018.02.01 15:37:57.462,1.32079,1.32099,1.25,1.50
2018.02.01 15:37:57.744,1.32081,1.32098,1.00,1.00
2018.02.01 15:37:57.795,1.32081,1.321,1.69,1.25
2018.02.01 15:37:58.413,1.32077,1.32097,2.44,1.31
2018.02.01 15:37:59.027,1.32076,1.32096,1.00,1.19
2018.02.01 15:37:59.607,1.32076,1.32095,1.00,1.31
2018.02.01 15:38:00.473,1.32075,1.32094,1.00,1.87
2018.02.01 15:38:01.029,1.32076,1.32094,1.00,1.87
2018.02.01 15:38:01.352,1.32093,1.32108,1.31,1.00
2018.02.01 15:38:01.403,1.32092,1.32111,1.25,1.19
2018.02.01 15:38:02.311,1.32091,1.32112,1.69,2.06
2018.02.01 15:38:02.948,1.32092,1.32112,1.25,1.31
2018.02.01 15:38:03.312,1.32091,1.32109,1.50,1.12
2018.02.01 15:38:03.659,1.32096,1.3211,1.00,1.37
2018.02.01 15:38:03.713,1.32096,1.32112,1.25,1.50
2018.02.01 15:38:04.023,1.32096,1.32115,1.25,2.44
2018.02.01 15:38:04.304,1.32096,1.32114,1.00,1.56
2018.02.01 15:38:04.356,1.32096,1.32114,1.00,1.19
2018.02.01 15:38:04.714,1.32093,1.32115,1.00,2.06
2018.02.01 15:38:06.964,1.32093,1.32114,1.25,1.31
2018.02.01 15:38:07.198,1.32095,1.32114,1.25,1.19
2018.02.01 15:38:07.533,1.32095,1.32114,1.00,1.31
2018.02.01 15:38:08.106,1.32093,1.32113,1.25,1.19
2018.02.01 15:38:08.158,1.32094,1.32115,1.19,1.25
2018.02.01 15:38:08.358,1.32094,1.32115,1.19,1.31
2018.02.01 15:38:08.931,1.32092,1.32111,1.76,1.00
2018.02.01 15:38:08.983,1.32089,1.3211,2.25,1.31
2018.02.01 15:38:09.299,1.32087,1.32106,1.25,2.06
2018.02.01 15:38:09.723,1.32089,1.32106,1.25,1.00
2018.02.01 15:38:09.970,1.3209,1.32112,1.69,2.44
2018.02.01 15:38:10.233,1.3209,1.32112,2.89,1.25
2018.02.01 15:38:11.802,1.32095,1.32112,1.00,1.00
2018.02.01 15:38:11.855,1.32096,1.32115,1.00,1.19
2018.02.01 15:38:11.907,1.32094,1.32113,1.00,1.19
2018.02.01 15:38:12.252,1.32095,1.32115,1.19,1.19
2018.02.01 15:38:12.559,1.32099,1.32119,1.69,1.25
2018.02.01 15:38:12.911,1.32099,1.32119,1.25,1.19
2018.02.01 15:38:13.279,1.32101,1.3212,1.00,1.19
2018.02.01 15:38:13.436,1.321,1.32121,1.19,1.69
2018.02.01 15:38:13.488,1.321,1.32121,1.00,2.06
2018.02.01 15:38:13.800,1.32102,1.32121,1.00,1.19
2018.02.01 15:38:13.960,1.32102,1.32121,1.00,1.00
2018.02.01 15:38:14.474,1.32103,1.32122,1.00,1.25
2018.02.01 15:38:14.787,1.32101,1.32122,1.25,1.25
2018.02.01 15:38:14.840,1.32103,1.32121,1.00,1.12
2018.02.01 15:38:15.422,1.32103,1.32123,1.00,2.44
2018.02.01 15:38:15.802,1.32107,1.32124,1.00,1.19
2018.02.01 15:38:15.853,1.32105,1.32127,1.00,2.44
2018.02.01 15:38:15.961,1.32107,1.32127,1.00,2.44
2018.02.01 15:38:16.903,1.32107,1.32125,1.00,1.81
2018.02.01 15:38:17.007,1.32104,1.32123,1.00,2.44
2018.02.01 15:38:17.059,1.32102,1.32122,1.00,1.31
2018.02.01 15:38:17.595,1.32102,1.32123,1.00,4.69
2018.02.01 15:38:17.745,1.32103,1.32122,1.25,1.50
2018.02.01 15:38:17.849,1.32103,1.32123,1.31,3.37
2018.02.01 15:38:18.109,1.32104,1.32123,1.00,1.31
2018.02.01 15:38:18.214,1.32102,1.32123,1.25,1.31
2018.02.01 15:38:18.339,1.32102,1.32121,1.25,1.00
2018.02.01 15:38:18.646,1.32099,1.32119,1.69,1.19
2018.02.01 15:38:19.020,1.32099,1.3212,1.00,3.19
2018.02.01 15:38:19.156,1.32102,1.32121,1.25,1.25
2018.02.01 15:38:19.208,1.32105,1.32124,1.00,1.69
2018.02.01 15:38:19.313,1.32099,1.32119,1.25,1.19
2018.02.01 15:38:19.417,1.32096,1.32114,1.95,1.25
2018.02.01 15:38:19.575,1.32085,1.32106,1.69,1.00
2018.02.01 15:38:19.679,1.32087,1.32106,1.31,1.00
2018.02.01 15:38:19.783,1.32087,1.32109,2.06,2.44
2018.02.01 15:38:20.148,1.32087,1.32109,1.69,1.69
2018.02.01 15:38:20.251,1.32092,1.3211,1.25,1.69
2018.02.01 15:38:20.580,1.32089,1.32111,1.00,2.06
2018.02.01 15:38:21.285,1.32087,1.32108,1.57,1.56
2018.02.01 15:38:21.337,1.32087,1.32107,1.76,1.19
2018.02.01 15:38:21.390,1.32089,1.3211,1.25,1.69
2018.02.01 15:38:21.646,1.32087,1.32107,1.50,1.69
2018.02.01 15:38:22.178,1.32088,1.32104,1.00,1.25
2018.02.01 15:38:22.436,1.32084,1.32104,1.69,1.25
2018.02.01 15:38:22.724,1.32082,1.32103,1.50,1.19
2018.02.01 15:38:22.998,1.32084,1.32103,1.00,1.19
2018.02.01 15:38:23.364,1.32087,1.32103,1.00,1.19
2018.02.01 15:38:23.416,1.32083,1.32103,1.00,1.19
2018.02.01 15:38:23.523,1.32083,1.32102,1.00,1.69
2018.02.01 15:38:23.627,1.32082,1.32102,1.00,1.19
2018.02.01 15:38:24.377,1.32081,1.32101,1.00,1.19
2018.02.01 15:38:24.789,1.32081,1.32101,1.00,1.19
2018.02.01 15:38:25.185,1.32084,1.32104,1.00,2.06
2018.02.01 15:38:25.442,1.32097,1.32116,1.19,1.25
2018.02.01 15:38:25.597,1.321,1.32116,1.25,1.00
2018.02.01 15:38:25.648,1.321,1.3212,1.25,1.50
2018.02.01 15:38:25.799,1.32098,1.32118,1.69,1.00
2018.02.01 15:38:26.313,1.32099,1.32119,1.19,1.00
2018.02.01 15:38:26.869,1.32101,1.3212,1.00,1.19
2018.02.01 15:38:26.971,1.32099,1.3212,1.87,1.69
2018.02.01 15:38:27.264,1.32099,1.32116,1.19,1.00
2018.02.01 15:38:27.576,1.32088,1.32108,1.19,1.50
2018.02.01 15:38:28.098,1.32087,1.32107,1.31,1.00
2018.02.01 15:38:28.370,1.32085,1.32104,1.19,1.00
2018.02.01 15:38:28.422,1.32085,1.32106,1.25,2.06
2018.02.01 15:38:28.856,1.32085,1.32106,1.19,1.25
2018.02.01 15:38:28.960,1.32085,1.32105,1.19,1.19
2018.02.01 15:38:29.063,1.32083,1.32103,1.19,1.25
2018.02.01 15:38:29.603,1.32085,1.32104,1.00,1.19
2018.02.01 15:38:30.012,1.32082,1.32099,1.19,1.00
2018.02.01 15:38:30.090,1.32078,1.321,1.76,1.31
2018.02.01 15:38:30.141,1.32078,1.32099,1.00,1.69
2018.02.01 15:38:30.193,1.32082,1.32099,1.00,3.19
2018.02.01 15:38:30.245,1.32079,1.32099,1.19,1.25
2018.02.01 15:38:30.348,1.32078,1.32098,1.25,1.19
2018.02.01 15:38:30.667,1.32079,1.32099,1.69,1.25
2018.02.01 15:38:30.982,1.32079,1.32097,1.25,1.00
2018.02.01 15:38:31.516,1.32077,1.32097,1.19,1.31
2018.02.01 15:38:32.139,1.32076,1.32096,1.25,1.19
2018.02.01 15:38:32.548,1.32073,1.32091,1.00,1.19
2018.02.01 15:38:32.651,1.32069,1.32089,1.69,1.19
2018.02.01 15:38:32.788,1.3206,1.32075,1.00,1.19
2018.02.01 15:38:32.840,1.32058,1.32077,1.00,1.19
2018.02.01 15:38:33.044,1.32057,1.32077,1.00,1.56
2018.02.01 15:38:33.590,1.3206,1.32078,1.00,1.19
2018.02.01 15:38:33.641,1.3206,1.32079,1.25,1.31
2018.02.01 15:38:34.317,1.32058,1.32079,1.00,2.62
2018.02.01 15:38:34.370,1.32058,1.32079,1.25,1.69
2018.02.01 15:38:34.682,1.32057,1.32078,2.14,1.56
2018.02.01 15:38:34.734,1.32057,1.3208,2.14,1.19
2018.02.01 15:38:35.260,1.32063,1.32082,1.10,1.31
2018.02.01 15:38:35.312,1.32063,1.32084,1.29,1.31
2018.02.01 15:38:35.415,1.32067,1.32087,1.00,1.31
2018.02.01 15:38:35.466,1.32066,1.32088,1.76,1.69
2018.02.01 15:38:35.677,1.3207,1.3209,1.07,1.31
2018.02.01 15:38:35.729,1.3207,1.3209,1.26,1.19
2018.02.01 15:38:35.934,1.32068,1.32088,1.26,1.00
2018.02.01 15:38:36.339,1.3207,1.3209,1.07,1.69
2018.02.01 15:38:36.889,1.32069,1.3209,1.20,1.31
2018.02.01 15:38:37.439,1.3207,1.3209,1.39,1.19
2018.02.01 15:38:38.076,1.32068,1.32089,1.95,1.56
2018.02.01 15:38:38.127,1.32068,1.32089,1.39,1.25
2018.02.01 15:38:38.272,1.32072,1.32092,1.00,2.44
2018.02.01 15:38:38.324,1.32074,1.32094,1.07,1.69
2018.02.01 15:38:38.838,1.32073,1.32093,1.32,1.25
2018.02.01 15:38:39.339,1.32075,1.32095,1.07,2.81
2018.02.01 15:38:39.841,1.32075,1.32095,1.07,1.31
2018.02.01 15:38:40.222,1.32078,1.32097,1.07,1.31
2018.02.01 15:38:40.533,1.32078,1.32097,1.76,1.25
2018.02.01 15:38:41.228,1.32075,1.32093,1.45,1.56
2018.02.01 15:38:41.280,1.32073,1.32093,1.32,1.19
2018.02.01 15:38:41.383,1.32075,1.32094,1.07,1.56
2018.02.01 15:38:41.588,1.32079,1.32095,1.01,1.00
2018.02.01 15:38:41.639,1.32079,1.32098,1.01,1.56
2018.02.01 15:38:41.690,1.3208,1.32098,1.07,1.19
2018.02.01 15:38:42.199,1.32079,1.321,1.32,1.69
2018.02.01 15:38:42.365,1.32079,1.321,1.26,1.62
2018.02.01 15:38:42.418,1.32084,1.32103,1.07,1.19
2018.02.01 15:38:42.470,1.32084,1.32106,1.76,2.44
2018.02.01 15:38:42.525,1.32086,1.32105,1.07,1.31
2018.02.01 15:38:42.732,1.3209,1.32108,1.00,1.69
2018.02.01 15:38:42.784,1.32096,1.32111,1.00,1.19
2018.02.01 15:38:42.884,1.32096,1.32112,1.00,1.50
2018.02.01 15:38:42.937,1.321,1.32116,1.32,1.00
2018.02.01 15:38:42.991,1.321,1.32119,1.32,1.31
2018.02.01 15:38:43.148,1.32101,1.32119,1.07,1.19
2018.02.01 15:38:43.655,1.32101,1.32119,1.32,1.25
2018.02.01 15:38:44.169,1.32101,1.32119,1.32,1.25
2018.02.01 15:38:44.685,1.32101,1.32119,1.01,1.25
2018.02.01 15:38:45.363,1.32098,1.32119,1.32,1.69
2018.02.01 15:38:45.415,1.32098,1.32117,1.01,1.19
2018.02.01 15:38:45.572,1.32101,1.32117,1.00,1.31
2018.02.01 15:38:45.893,1.32097,1.32116,1.00,1.81
2018.02.01 15:38:45.945,1.32097,1.32117,1.00,1.69
2018.02.01 15:38:46.462,1.32097,1.32117,1.29,1.69
2018.02.01 15:38:46.966,1.32097,1.32117,1.01,1.69
2018.02.01 15:38:47.878,1.32097,1.32117,1.10,2.06
2018.02.01 15:38:47.946,1.32097,1.32117,1.01,1.69
2018.02.01 15:38:48.487,1.32098,1.32117,1.00,1.69
2018.02.01 15:38:49.089,1.32095,1.32114,1.32,1.25
2018.02.01 15:38:49.664,1.32095,1.32116,1.01,1.19
2018.02.01 15:38:50.223,1.32096,1.32117,1.10,1.69
2018.02.01 15:38:50.533,1.32097,1.32117,1.07,1.69
2018.02.01 15:38:51.086,1.32097,1.32118,1.39,1.25
2018.02.01 15:38:51.673,1.321,1.32119,1.00,2.06
2018.02.01 15:38:51.810,1.32098,1.32118,1.10,1.19
2018.02.01 15:38:52.068,1.32101,1.32119,1.00,2.06
2018.02.01 15:38:53.197,1.32101,1.32119,1.00,2.06
2018.02.01 15:38:53.803,1.32103,1.32119,1.00,1.00
2018.02.01 15:38:54.017,1.32104,1.32122,1.00,1.00
2018.02.01 15:38:54.069,1.32107,1.32124,1.00,2.44
2018.02.01 15:38:54.173,1.32104,1.32124,1.26,1.69
2018.02.01 15:38:54.226,1.32108,1.32124,1.00,1.25
2018.02.01 15:38:54.434,1.32105,1.32128,1.32,2.81
2018.02.01 15:38:54.487,1.3211,1.32128,1.00,2.06
2018.02.01 15:38:55.032,1.32109,1.32129,1.00,1.31
2018.02.01 15:38:55.188,1.32109,1.32129,1.00,1.19
2018.02.01 15:38:56.517,1.32108,1.32129,1.10,1.69
2018.02.01 15:38:56.622,1.32108,1.32125,1.00,1.81
2018.02.01 15:38:56.674,1.32108,1.32129,1.00,1.31
2018.02.01 15:38:56.828,1.32105,1.32122,1.00,1.19
2018.02.01 15:38:56.879,1.32102,1.32121,1.00,1.19
2018.02.01 15:38:57.428,1.32098,1.3212,3.19,1.25
2018.02.01 15:38:57.861,1.321,1.3212,1.50,1.31
2018.02.01 15:38:58.442,1.32099,1.3212,1.00,1.31
2018.02.01 15:38:59.123,1.32099,1.3212,1.19,1.19
2018.02.01 15:38:59.540,1.32098,1.32115,1.87,1.87
2018.02.01 15:38:59.594,1.32094,1.32108,1.00,1.00
2018.02.01 15:38:59.698,1.32089,1.32108,2.81,1.00
2018.02.01 15:39:00.243,1.32093,1.3211,1.00,1.81
2018.02.01 15:39:00.310,1.32097,1.32117,1.69,3.19
2018.02.01 15:39:00.362,1.32098,1.32118,1.00,2.06
2018.02.01 15:39:00.413,1.32099,1.32118,1.00,1.19
2018.02.01 15:39:00.465,1.32099,1.3212,1.25,1.19
2018.02.01 15:39:00.850,1.321,1.32119,1.19,1.00
2018.02.01 15:39:01.358,1.321,1.3212,1.00,1.94
2018.02.01 15:39:01.410,1.32096,1.32118,1.00,1.19
2018.02.01 15:39:01.564,1.32098,1.32118,1.00,1.31
2018.02.01 15:39:01.718,1.32096,1.32119,1.69,1.94
2018.02.01 15:39:01.770,1.32099,1.32119,1.50,1.31
2018.02.01 15:39:02.106,1.32099,1.3212,1.00,3.00
2018.02.01 15:39:02.586,1.32098,1.32118,1.00,1.56
2018.02.01 15:39:02.690,1.32098,1.32118,1.00,1.56
2018.02.01 15:39:03.192,1.32099,1.32119,1.00,1.56
2018.02.01 15:39:03.400,1.32097,1.32119,2.25,1.56
2018.02.01 15:39:03.941,1.32097,1.32119,1.69,2.06
2018.02.01 15:39:04.970,1.32096,1.32114,1.19,1.00
2018.02.01 15:39:05.716,1.32097,1.32117,1.00,1.19
2018.02.01 15:39:05.768,1.32097,1.32118,1.25,1.25
2018.02.01 15:39:06.099,1.32096,1.32118,2.25,1.56
2018.02.01 15:39:06.151,1.32099,1.3212,1.00,1.31
2018.02.01 15:39:06.203,1.321,1.3212,1.00,1.69
2018.02.01 15:39:06.348,1.32101,1.32119,1.19,1.00
2018.02.01 15:39:06.399,1.321,1.32121,1.01,1.69
2018.02.01 15:39:06.808,1.32099,1.32121,1.32,2.06
2018.02.01 15:39:07.351,1.32101,1.3212,1.00,1.31
2018.02.01 15:39:07.863,1.32101,1.3212,1.25,1.19
2018.02.01 15:39:08.385,1.32101,1.32119,1.00,1.19
2018.02.01 15:39:09.295,1.32101,1.32121,1.00,1.19
2018.02.01 15:39:09.872,1.32101,1.32121,1.19,1.56
2018.02.01 15:39:10.090,1.32101,1.3212,1.00,2.19
2018.02.01 15:39:10.141,1.32101,1.32121,1.00,1.69
2018.02.01 15:39:10.295,1.32099,1.32119,1.25,1.69
2018.02.01 15:39:10.929,1.32098,1.32118,1.50,1.31
2018.02.01 15:39:11.433,1.32098,1.32118,1.50,1.31
2018.02.01 15:39:12.389,1.32098,1.32117,1.25,1.25
2018.02.01 15:39:12.634,1.32098,1.32115,1.00,1.25
2018.02.01 15:39:12.941,1.321,1.32118,1.00,1.69
2018.02.01 15:39:13.044,1.321,1.32121,1.76,1.19
2018.02.01 15:39:13.095,1.32103,1.32121,1.00,1.19
2018.02.01 15:39:13.146,1.32101,1.32122,1.25,1.19
2018.02.01 15:39:13.199,1.32103,1.32123,1.00,2.06
2018.02.01 15:39:13.301,1.32103,1.32123,1.00,1.19
2018.02.01 15:39:13.814,1.32103,1.32124,2.25,1.19
2018.02.01 15:39:14.484,1.32103,1.32124,1.10,1.69
2018.02.01 15:39:14.643,1.32103,1.32124,1.00,2.06
2018.02.01 15:39:15.163,1.32103,1.32123,1.00,1.19
2018.02.01 15:39:17.124,1.32105,1.32125,1.00,2.81
2018.02.01 15:39:17.697,1.32106,1.32125,1.00,2.06
2018.02.01 15:39:17.749,1.32103,1.32121,1.00,1.25
2018.02.01 15:39:17.905,1.32105,1.32124,1.25,1.00
2018.02.01 15:39:17.958,1.32106,1.32126,1.19,1.12
2018.02.01 15:39:18.282,1.32115,1.32135,1.25,1.19
2018.02.01 15:39:18.599,1.3211,1.3213,1.00,1.19
2018.02.01 15:39:19.245,1.32108,1.32128,1.19,1.00
2018.02.01 15:39:19.732,1.32105,1.32124,1.00,1.94
2018.02.01 15:39:19.784,1.32102,1.32119,1.69,1.00
2018.02.01 15:39:19.887,1.32101,1.32121,1.19,1.00
2018.02.01 15:39:19.938,1.32101,1.32121,1.25,1.00
2018.02.01 15:39:20.253,1.321,1.32119,1.31,1.00
2018.02.01 15:39:20.410,1.32099,1.32117,1.25,1.25
2018.02.01 15:39:20.671,1.32099,1.32114,1.00,1.31
2018.02.01 15:39:20.878,1.32094,1.32109,1.00,2.44
2018.02.01 15:39:20.930,1.32096,1.32108,1.00,1.12
2018.02.01 15:39:20.983,1.3209,1.32108,1.00,3.00
2018.02.01 15:39:21.087,1.32089,1.32102,2.62,2.81
2018.02.01 15:39:21.394,1.32093,1.32107,1.00,1.81
2018.02.01 15:39:21.471,1.32086,1.32105,1.00,2.06
2018.02.01 15:39:21.523,1.32081,1.32103,1.01,1.69
2018.02.01 15:39:21.575,1.32081,1.32103,2.70,1.00
2018.02.01 15:39:21.910,1.321,1.32118,1.00,1.69
2018.02.01 15:39:22.215,1.32105,1.32122,1.00,1.94
2018.02.01 15:39:22.319,1.32107,1.32121,1.00,1.00
2018.02.01 15:39:22.576,1.32111,1.32125,1.00,1.31
2018.02.01 15:39:22.628,1.32107,1.32125,1.00,1.19
2018.02.01 15:39:22.679,1.3211,1.32125,1.00,1.25
2018.02.01 15:39:23.076,1.32111,1.32128,1.00,1.00
2018.02.01 15:39:23.179,1.32114,1.32131,1.00,2.06
2018.02.01 15:39:23.623,1.32107,1.32124,1.26,1.12
2018.02.01 15:39:23.830,1.32108,1.3213,1.19,1.69
2018.02.01 15:39:23.988,1.32112,1.32132,1.00,1.31
2018.02.01 15:39:24.321,1.32115,1.32128,1.00,1.19
2018.02.01 15:39:24.424,1.32109,1.32127,1.00,1.19
2018.02.01 15:39:24.837,1.32112,1.32125,1.00,1.00
2018.02.01 15:39:24.889,1.32112,1.32127,1.00,1.00
2018.02.01 15:39:24.991,1.3211,1.32125,1.00,2.44
2018.02.01 15:39:25.094,1.32105,1.32123,1.00,1.19
2018.02.01 15:39:25.197,1.32107,1.32123,1.00,1.19
2018.02.01 15:39:25.546,1.3211,1.32128,1.00,2.06
2018.02.01 15:39:26.120,1.3211,1.3213,1.00,2.06
2018.02.01 15:39:26.376,1.32113,1.32129,1.00,2.25
2018.02.01 15:39:26.428,1.3211,1.32127,1.00,1.00
2018.02.01 15:39:26.944,1.3211,1.32127,1.00,1.19
2018.02.01 15:39:26.997,1.32108,1.32125,1.00,1.19
2018.02.01 15:39:27.255,1.32108,1.32124,1.00,1.25
2018.02.01 15:39:27.358,1.32108,1.32127,1.25,2.06
2018.02.01 15:39:27.446,1.32108,1.32126,1.00,1.19
2018.02.01 15:39:28.082,1.3211,1.32128,1.00,1.81
2018.02.01 15:39:28.137,1.32111,1.3213,1.25,1.19
2018.02.01 15:39:28.280,1.32111,1.32131,1.00,2.44
2018.02.01 15:39:28.386,1.32111,1.32131,1.00,1.31
2018.02.01 15:39:28.644,1.32111,1.32132,1.00,3.00
2018.02.01 15:39:28.697,1.32111,1.32131,1.69,1.31
2018.02.01 15:39:28.749,1.32114,1.3213,1.00,1.19
2018.02.01 15:39:29.074,1.32114,1.32131,1.00,1.31
2018.02.01 15:39:29.536,1.32114,1.32131,1.00,1.81
2018.02.01 15:39:29.589,1.32114,1.32132,1.00,1.25
2018.02.01 15:39:29.641,1.32116,1.32133,1.00,1.19
2018.02.01 15:39:30.619,1.32116,1.32133,1.00,1.19
2018.02.01 15:39:30.847,1.32112,1.32132,1.00,1.19
2018.02.01 15:39:31.707,1.32115,1.32131,1.00,1.31
2018.02.01 15:39:31.811,1.3212,1.32136,1.00,1.00
2018.02.01 15:39:31.915,1.3212,1.3214,1.19,1.69
2018.02.01 15:39:32.077,1.32122,1.32144,2.44,1.69
2018.02.01 15:39:32.181,1.32124,1.32144,1.50,1.19
2018.02.01 15:39:32.542,1.32126,1.32146,1.00,1.69
2018.02.01 15:39:33.318,1.32126,1.32146,2.25,1.25
2018.02.01 15:39:33.560,1.32127,1.32148,1.69,1.25
2018.02.01 15:39:33.714,1.32128,1.32149,1.19,1.50
2018.02.01 15:39:34.360,1.3213,1.32149,1.00,2.25
2018.02.01 15:39:34.412,1.32132,1.32149,1.00,1.19
2018.02.01 15:39:34.618,1.3213,1.32149,1.00,1.19
2018.02.01 15:39:34.670,1.32129,1.32149,1.00,3.00
2018.02.01 15:39:34.725,1.3213,1.3215,1.19,1.69
2018.02.01 15:39:35.023,1.32129,1.32149,1.12,1.25
2018.02.01 15:39:35.075,1.32129,1.32149,1.00,3.00
2018.02.01 15:39:35.128,1.32129,1.32149,1.25,1.69
2018.02.01 15:39:35.336,1.32129,1.32148,1.00,1.81
2018.02.01 15:39:35.442,1.32125,1.32145,1.50,1.87
2018.02.01 15:39:35.494,1.32122,1.32144,3.56,1.56
2018.02.01 15:39:35.763,1.32122,1.32142,1.50,1.56
2018.02.01 15:39:35.815,1.32122,1.32141,1.69,1.19
2018.02.01 15:39:36.553,1.32122,1.3214,1.00,1.31
2018.02.01 15:39:36.606,1.32119,1.32141,2.44,3.19
2018.02.01 15:39:36.658,1.3212,1.32141,1.31,2.06
2018.02.01 15:39:36.711,1.3212,1.32139,1.00,1.19
2018.02.01 15:39:36.969,1.32122,1.32138,1.19,1.00
2018.02.01 15:39:37.021,1.32119,1.32141,2.44,1.56
2018.02.01 15:39:37.074,1.32119,1.32142,3.19,1.19
2018.02.01 15:39:37.283,1.32122,1.32142,1.00,1.56
2018.02.01 15:39:37.334,1.32122,1.32142,1.00,1.31
2018.02.01 15:39:37.872,1.32123,1.32145,1.00,1.69
2018.02.01 15:39:38.683,1.32123,1.32143,1.00,2.25
2018.02.01 15:39:38.813,1.32123,1.32143,1.00,1.19
2018.02.01 15:39:38.865,1.32122,1.32141,1.00,1.56
2018.02.01 15:39:38.916,1.32122,1.32141,1.00,1.19
2018.02.01 15:39:39.426,1.32121,1.32139,1.25,1.25
2018.02.01 15:39:39.687,1.32118,1.32137,1.50,1.81
2018.02.01 15:39:39.739,1.32119,1.32139,1.00,1.69
2018.02.01 15:39:39.841,1.32118,1.32139,1.00,2.06
2018.02.01 15:39:39.893,1.32118,1.32139,1.00,1.69
2018.02.01 15:39:39.997,1.3212,1.3214,1.00,1.31
2018.02.01 15:39:40.048,1.32118,1.32139,1.00,1.19
2018.02.01 15:39:40.371,1.32118,1.32135,1.00,1.25
2018.02.01 15:39:40.935,1.32119,1.32137,1.00,1.81
2018.02.01 15:39:41.040,1.32119,1.32139,1.50,1.81
2018.02.01 15:39:41.195,1.3212,1.32141,1.00,2.81
2018.02.01 15:39:41.784,1.32121,1.32142,1.00,2.06
2018.02.01 15:39:41.944,1.32121,1.32141,1.25,1.00
2018.02.01 15:39:42.046,1.32119,1.3214,1.69,1.25
2018.02.01 15:39:42.250,1.32121,1.32141,1.00,1.19
2018.02.01 15:39:43.060,1.32121,1.32141,1.25,1.25
2018.02.01 15:39:43.730,1.32121,1.32141,1.19,1.19
2018.02.01 15:39:44.274,1.32121,1.32142,1.00,1.19
2018.02.01 15:39:44.584,1.32123,1.32145,1.00,2.06
2018.02.01 15:39:44.892,1.32124,1.32144,1.00,1.19
2018.02.01 15:39:44.997,1.32123,1.3214,1.00,1.19
2018.02.01 15:39:45.050,1.32121,1.32139,1.00,1.19
2018.02.01 15:39:45.343,1.32124,1.32142,1.00,1.69
2018.02.01 15:39:45.445,1.32124,1.32144,1.69,1.69
2018.02.01 15:39:46.576,1.32128,1.32147,1.00,1.56
2018.02.01 15:39:46.680,1.32124,1.32146,1.29,1.31
2018.02.01 15:39:47.031,1.32124,1.32139,1.50,1.19
2018.02.01 15:39:47.136,1.32115,1.32133,1.00,1.19
2018.02.01 15:39:47.341,1.32115,1.32133,1.00,1.56
2018.02.01 15:39:48.613,1.32115,1.32134,1.00,1.31
2018.02.01 15:39:50.094,1.32112,1.32134,1.87,2.06
2018.02.01 15:39:50.833,1.32113,1.32133,1.00,1.19
2018.02.01 15:39:51.372,1.32113,1.32133,1.00,1.19
2018.02.01 15:39:51.753,1.32111,1.32131,1.50,1.31
2018.02.01 15:39:51.958,1.32112,1.3213,1.25,1.25
2018.02.01 15:39:52.568,1.32111,1.32129,1.69,1.00
2018.02.01 15:39:53.138,1.32111,1.32128,1.25,1.00
2018.02.01 15:39:53.857,1.32111,1.32129,1.69,1.25
2018.02.01 15:39:54.068,1.32111,1.32128,1.00,1.19
2018.02.01 15:39:54.119,1.32111,1.32128,1.00,1.00
2018.02.01 15:39:54.516,1.32111,1.3213,1.50,1.25
2018.02.01 15:39:54.622,1.32113,1.32131,1.00,1.19
2018.02.01 15:39:54.726,1.32112,1.32131,1.00,1.00
2018.02.01 15:39:54.778,1.32113,1.32131,1.00,1.31
2018.02.01 15:39:54.883,1.32114,1.32134,1.00,1.69
2018.02.01 15:39:54.938,1.32114,1.32132,1.00,1.81
2018.02.01 15:39:55.083,1.32115,1.32133,1.50,1.56
2018.02.01 15:39:55.135,1.32117,1.32135,1.00,1.19
2018.02.01 15:39:55.290,1.32115,1.32133,1.50,1.31
2018.02.01 15:39:55.342,1.32115,1.32133,1.00,1.19
2018.02.01 15:39:55.394,1.32115,1.32133,1.00,1.25
2018.02.01 15:39:55.551,1.32115,1.3213,1.00,1.81
2018.02.01 15:39:55.632,1.32115,1.32133,1.00,1.19
2018.02.01 15:39:55.991,1.32115,1.32131,1.00,1.19
2018.02.01 15:39:56.043,1.32115,1.32131,1.00,1.00
2018.02.01 15:39:56.145,1.32112,1.32131,1.69,1.00
2018.02.01 15:39:56.775,1.32112,1.32131,1.25,1.19
2018.02.01 15:39:57.339,1.32112,1.32129,1.25,1.00
2018.02.01 15:39:57.531,1.3211,1.32128,1.00,1.94
2018.02.01 15:39:57.584,1.32111,1.32128,1.00,1.31
2018.02.01 15:39:57.636,1.3211,1.32129,1.00,2.06
2018.02.01 15:39:57.791,1.32113,1.3213,1.50,1.31
2018.02.01 15:39:58.460,1.32112,1.3213,2.25,1.19
2018.02.01 15:39:58.722,1.32115,1.32133,1.00,1.12
2018.02.01 15:39:58.826,1.32118,1.32134,1.00,1.62
2018.02.01 15:39:58.984,1.32114,1.32133,1.25,1.56
2018.02.01 15:39:59.375,1.32117,1.32134,1.25,1.50
2018.02.01 15:39:59.732,1.32109,1.32126,1.00,4.12
2018.02.01 15:39:59.788,1.32109,1.32128,1.50,2.25
2018.02.01 15:39:59.943,1.3211,1.32128,1.19,1.00
2018.02.01 15:39:59.995,1.32109,1.32128,2.25,1.56
2018.02.01 15:40:00.047,1.3211,1.3213,1.19,1.62
2018.02.01 15:40:00.350,1.32109,1.32129,1.50,2.06
2018.02.01 15:40:00.403,1.32109,1.32129,1.69,1.50
2018.02.01 15:40:01.270,1.32109,1.32127,1.19,1.00
2018.02.01 15:40:01.529,1.32109,1.32129,1.69,1.00
2018.02.01 15:40:01.580,1.32114,1.32129,1.00,1.12
2018.02.01 15:40:01.631,1.32111,1.3213,1.00,1.56
2018.02.01 15:40:01.857,1.32112,1.32122,1.00,1.50
2018.02.01 15:40:01.909,1.32106,1.32119,1.00,1.31
2018.02.01 15:40:01.961,1.32103,1.32116,1.00,1.81
2018.02.01 15:40:02.013,1.32103,1.32117,1.00,1.19
2018.02.01 15:40:02.066,1.32098,1.32114,1.00,1.00
2018.02.01 15:40:02.172,1.32097,1.32112,1.00,1.00
2018.02.01 15:40:02.443,1.32092,1.32108,1.00,1.00
2018.02.01 15:40:02.608,1.32095,1.32109,1.00,1.25
2018.02.01 15:40:02.660,1.32095,1.32115,1.50,1.69
2018.02.01 15:40:02.819,1.32099,1.32116,1.00,1.19
2018.02.01 15:40:02.875,1.32097,1.32115,1.00,1.19
2018.02.01 15:40:03.668,1.32097,1.32114,1.00,1.19
2018.02.01 15:40:04.183,1.32097,1.32118,1.00,1.69
2018.02.01 15:40:04.419,1.32097,1.32116,1.00,1.81
2018.02.01 15:40:04.667,1.32097,1.32118,1.00,1.69
2018.02.01 15:40:06.164,1.32097,1.32113,1.00,1.81
2018.02.01 15:40:06.216,1.32097,1.32116,1.00,2.44
2018.02.01 15:40:07.362,1.32097,1.32117,1.00,2.06
2018.02.01 15:40:07.671,1.32097,1.32113,1.00,1.81
2018.02.01 15:40:07.724,1.32097,1.32115,1.00,1.19
2018.02.01 15:40:07.776,1.32097,1.32114,1.00,1.81
2018.02.01 15:40:07.878,1.32097,1.32117,1.00,3.94
2018.02.01 15:40:09.475,1.32097,1.32114,1.00,1.69
2018.02.01 15:40:09.801,1.32105,1.32119,1.00,1.81
2018.02.01 15:40:09.854,1.32102,1.32122,1.00,1.69
2018.02.01 15:40:10.074,1.32104,1.32123,1.00,1.69
2018.02.01 15:40:10.681,1.32105,1.32125,1.50,2.06
2018.02.01 15:40:10.734,1.32105,1.32125,1.57,2.44
2018.02.01 15:40:11.075,1.32108,1.32127,1.00,1.81
2018.02.01 15:40:11.179,1.32108,1.32127,1.50,1.19
2018.02.01 15:40:11.778,1.32108,1.3213,1.00,2.81
2018.02.01 15:40:11.985,1.3211,1.3213,1.25,2.44
2018.02.01 15:40:12.342,1.32112,1.32132,1.69,1.19
2018.02.01 15:40:12.652,1.32112,1.32132,1.00,2.25
2018.02.01 15:40:12.757,1.32112,1.3213,1.00,1.19
2018.02.01 15:40:13.067,1.32112,1.32133,1.19,2.06
2018.02.01 15:40:13.677,1.32116,1.32129,1.00,1.00
2018.02.01 15:40:13.730,1.32116,1.32134,1.00,1.19
2018.02.01 15:40:13.957,1.32114,1.32134,1.25,1.19
2018.02.01 15:40:15.027,1.32115,1.32135,1.00,1.19
2018.02.01 15:40:15.080,1.32115,1.32136,1.00,1.81
2018.02.01 15:40:15.132,1.32117,1.32134,1.00,1.00
2018.02.01 15:40:15.641,1.32118,1.32135,1.00,1.25
2018.02.01 15:40:17.233,1.32116,1.32137,1.19,1.19
2018.02.01 15:40:17.374,1.32116,1.32134,1.00,1.81
2018.02.01 15:40:17.489,1.32113,1.32133,1.87,1.81
2018.02.01 15:40:17.542,1.32114,1.32133,1.00,1.19
2018.02.01 15:40:17.596,1.32116,1.32133,1.19,1.00
2018.02.01 15:40:17.653,1.32115,1.32135,1.69,1.00
2018.02.01 15:40:18.182,1.32117,1.32139,1.25,2.44
2018.02.01 15:40:18.234,1.32123,1.32142,1.00,2.81
2018.02.01 15:40:18.363,1.32118,1.3214,2.81,1.19
2018.02.01 15:40:18.518,1.32118,1.32139,2.81,1.00
2018.02.01 15:40:18.826,1.3212,1.32142,1.69,1.19
2018.02.01 15:40:19.523,1.3212,1.32141,1.00,1.87
2018.02.01 15:40:19.575,1.3212,1.32142,1.00,1.56
2018.02.01 15:40:19.705,1.32122,1.3214,1.50,1.25
2018.02.01 15:40:19.911,1.32124,1.32144,1.50,1.31
2018.02.01 15:40:19.963,1.32124,1.32139,1.00,1.00
2018.02.01 15:40:20.220,1.32124,1.32145,1.69,1.19
2018.02.01 15:40:20.761,1.32125,1.32144,1.00,1.19
2018.02.01 15:40:21.135,1.32127,1.32145,1.00,1.00
2018.02.01 15:40:21.237,1.32129,1.32145,1.00,1.00
2018.02.01 15:40:21.289,1.32127,1.32145,1.00,1.25
2018.02.01 15:40:21.341,1.32129,1.32145,1.00,1.00
2018.02.01 15:40:21.623,1.3213,1.32151,1.50,1.31
2018.02.01 15:40:21.675,1.32132,1.32152,1.00,1.56
2018.02.01 15:40:22.223,1.32131,1.3215,1.00,1.56
2018.02.01 15:40:22.325,1.3213,1.32152,1.19,1.00
2018.02.01 15:40:22.377,1.3213,1.3215,1.00,1.56
2018.02.01 15:40:22.720,1.32132,1.3215,1.69,1.00
2018.02.01 15:40:23.393,1.32129,1.3215,1.69,1.00
2018.02.01 15:40:23.735,1.32133,1.32152,1.00,1.56
2018.02.01 15:40:24.285,1.32134,1.32154,2.25,1.69
2018.02.01 15:40:24.746,1.32132,1.32152,1.50,1.31
2018.02.01 15:40:25.087,1.32128,1.3215,1.29,1.31
2018.02.01 15:40:25.603,1.32131,1.32149,1.12,1.19
2018.02.01 15:40:25.707,1.32133,1.32149,1.00,1.19
2018.02.01 15:40:25.760,1.32131,1.3215,1.12,1.19
2018.02.01 15:40:25.916,1.32128,1.3215,1.69,1.19
2018.02.01 15:40:25.968,1.3213,1.3215,1.19,1.25
2018.02.01 15:40:27.119,1.3213,1.32153,1.25,2.06
2018.02.01 15:40:27.427,1.3213,1.32149,1.50,1.19
2018.02.01 15:40:27.745,1.3213,1.3215,1.75,1.31
2018.02.01 15:40:27.797,1.3213,1.32151,1.94,2.44
2018.02.01 15:40:27.966,1.32131,1.32154,1.00,3.56
2018.02.01 15:40:28.120,1.32133,1.32153,1.25,1.69
2018.02.01 15:40:28.223,1.32137,1.32154,1.00,2.44
2018.02.01 15:40:28.558,1.32133,1.32153,1.00,1.31
2018.02.01 15:40:28.869,1.32133,1.32154,1.00,1.69
2018.02.01 15:40:29.603,1.32135,1.32155,1.19,1.00
2018.02.01 15:40:29.938,1.32136,1.32156,1.00,1.31
2018.02.01 15:40:30.488,1.32135,1.32156,1.10,1.31
2018.02.01 15:40:31.468,1.32133,1.32154,2.32,2.06
2018.02.01 15:40:31.878,1.32134,1.32153,1.00,1.81
2018.02.01 15:40:32.170,1.32134,1.32154,1.00,1.31
2018.02.01 15:40:32.407,1.32132,1.32154,1.69,2.06
2018.02.01 15:40:33.135,1.32132,1.32154,1.69,2.06
2018.02.01 15:40:33.716,1.32132,1.32153,1.50,1.81
2018.02.01 15:40:33.871,1.32133,1.32154,1.00,1.69
2018.02.01 15:40:34.129,1.3213,1.32153,1.19,1.19
2018.02.01 15:40:34.234,1.32128,1.3215,2.51,1.19
2018.02.01 15:40:34.479,1.32123,1.32144,1.19,1.12
2018.02.01 15:40:34.531,1.32122,1.32141,1.19,1.00
2018.02.01 15:40:34.636,1.32121,1.3214,1.19,1.00
2018.02.01 15:40:34.689,1.32121,1.32139,1.00,1.69
2018.02.01 15:40:34.741,1.32116,1.32139,3.19,3.19
2018.02.01 15:40:35.347,1.32119,1.3214,1.00,1.69
2018.02.01 15:40:35.554,1.3212,1.3214,1.25,1.19
2018.02.01 15:40:37.367,1.32117,1.32139,1.19,2.44
2018.02.01 15:40:37.673,1.32113,1.32134,1.25,1.19
2018.02.01 15:40:37.984,1.32111,1.32134,1.87,3.56
2018.02.01 15:40:38.309,1.32111,1.32131,1.00,2.06
2018.02.01 15:40:38.414,1.32109,1.3213,1.00,2.25
2018.02.01 15:40:38.466,1.32109,1.32129,1.00,1.81
2018.02.01 15:40:38.518,1.32107,1.32127,1.00,2.06
2018.02.01 15:40:38.910,1.32107,1.32126,1.00,1.69
2018.02.01 15:40:38.963,1.32107,1.32126,1.00,1.31
2018.02.01 15:40:39.598,1.32107,1.32126,1.00,1.69
2018.02.01 15:40:40.164,1.32103,1.32126,2.06,1.19
2018.02.01 15:40:40.678,1.32105,1.32126,1.00,1.69
2018.02.01 15:40:41.263,1.32103,1.32126,2.14,1.19
2018.02.01 15:40:41.776,1.32105,1.32126,1.00,1.69
2018.02.01 15:40:42.312,1.32105,1.32126,1.00,2.62
2018.02.01 15:40:42.958,1.32105,1.32126,1.10,1.19
2018.02.01 15:40:43.934,1.32105,1.32127,1.07,2.81
2018.02.01 15:40:44.037,1.32103,1.32125,1.76,1.56
2018.02.01 15:40:44.584,1.32103,1.32123,1.00,1.31
2018.02.01 15:40:45.401,1.32103,1.32124,1.00,2.44
2018.02.01 15:40:45.772,1.32101,1.32123,2.06,1.56
2018.02.01 15:40:46.292,1.32102,1.32123,1.00,1.56
2018.02.01 15:40:46.601,1.32102,1.32123,1.00,1.69
2018.02.01 15:40:47.143,1.32101,1.32123,1.25,1.19
2018.02.01 15:40:47.849,1.32101,1.32123,1.00,3.00
2018.02.01 15:40:48.000,1.32101,1.32123,1.25,1.19
2018.02.01 15:40:48.658,1.32101,1.32119,1.25,1.00
2018.02.01 15:40:48.714,1.32101,1.32123,1.25,1.19
2018.02.01 15:40:48.818,1.32102,1.32119,1.00,1.00
2018.02.01 15:40:49.695,1.32102,1.32119,1.00,1.31
2018.02.01 15:40:49.834,1.321,1.32119,1.19,1.69
2018.02.01 15:40:50.386,1.321,1.32119,1.25,1.00
2018.02.01 15:40:51.004,1.32099,1.3212,2.06,1.31
2018.02.01 15:40:51.619,1.321,1.32119,1.25,1.00
2018.02.01 15:40:52.207,1.321,1.3212,1.69,2.06
2018.02.01 15:40:52.583,1.32101,1.32118,1.50,1.81
2018.02.01 15:40:52.686,1.32099,1.32118,1.00,1.81
2018.02.01 15:40:52.738,1.32099,1.3212,1.00,2.06
2018.02.01 15:40:55.337,1.32099,1.32119,1.00,1.19
2018.02.01 15:40:55.496,1.32099,1.32119,1.00,1.19
2018.02.01 15:40:56.053,1.321,1.32119,1.00,1.69
2018.02.01 15:40:56.465,1.32099,1.32115,1.00,1.25
2018.02.01 15:40:56.517,1.32094,1.32113,1.00,1.19
2018.02.01 15:40:56.724,1.32091,1.32113,2.06,1.19
2018.02.01 15:40:57.687,1.32091,1.32113,1.50,1.31
2018.02.01 15:40:58.122,1.32092,1.32114,1.25,4.31
2018.02.01 15:40:58.173,1.32089,1.32111,1.00,1.56
2018.02.01 15:40:58.481,1.32086,1.32105,1.00,1.19
2018.02.01 15:40:59.102,1.32086,1.32103,1.00,1.56
2018.02.01 15:40:59.156,1.32083,1.32105,3.19,2.44
2018.02.01 15:40:59.210,1.32082,1.32105,2.06,2.81
2018.02.01 15:41:00.206,1.32079,1.32099,3.56,1.19
2018.02.01 15:41:00.365,1.32074,1.32094,3.19,1.19
2018.02.01 15:41:00.449,1.32075,1.32095,1.19,1.25
2018.02.01 15:41:00.758,1.32077,1.32095,1.00,1.19
2018.02.01 15:41:00.815,1.32078,1.32099,1.00,2.81
2018.02.01 15:41:01.122,1.32075,1.32099,1.25,3.75
2018.02.01 15:41:01.331,1.32074,1.32098,1.69,1.31
2018.02.01 15:41:01.384,1.32074,1.32095,1.31,1.31
2018.02.01 15:41:01.732,1.32071,1.32094,3.94,1.31
2018.02.01 15:41:01.888,1.32071,1.32093,2.44,1.19
2018.02.01 15:41:02.287,1.32068,1.32089,1.25,1.19
2018.02.01 15:41:02.635,1.32068,1.32089,1.19,1.19
2018.02.01 15:41:02.941,1.32068,1.3209,1.00,1.56
2018.02.01 15:41:03.267,1.3207,1.32092,1.25,1.56
2018.02.01 15:41:03.579,1.3207,1.3209,1.19,1.25
2018.02.01 15:41:03.632,1.32066,1.32085,1.12,1.25
2018.02.01 15:41:03.685,1.32064,1.32084,1.75,1.56
2018.02.01 15:41:03.804,1.32061,1.3208,1.00,1.19
2018.02.01 15:41:03.906,1.3206,1.32084,1.56,1.69
2018.02.01 15:41:04.110,1.3206,1.32084,1.69,3.75
2018.02.01 15:41:04.651,1.32059,1.32082,1.00,1.81
2018.02.01 15:41:04.703,1.32059,1.32083,1.19,2.44
2018.02.01 15:41:04.886,1.3206,1.32079,1.25,1.19
2018.02.01 15:41:06.561,1.32058,1.3208,1.25,1.69
2018.02.01 15:41:07.158,1.32058,1.32079,1.19,1.19
2018.02.01 15:41:07.282,1.32058,1.32079,1.00,1.31
2018.02.01 15:41:07.797,1.32058,1.32079,1.00,1.19
2018.02.01 15:41:08.087,1.32052,1.32074,1.25,1.69
2018.02.01 15:41:08.612,1.32053,1.32074,1.00,1.69
2018.02.01 15:41:08.950,1.32055,1.32074,1.00,1.69
2018.02.01 15:41:09.054,1.32055,1.32076,1.00,1.19
2018.02.01 15:41:09.584,1.32053,1.32075,1.25,1.19
2018.02.01 15:41:09.926,1.32056,1.32076,1.25,1.00
2018.02.01 15:41:10.505,1.32055,1.32078,1.19,1.19
2018.02.01 15:41:10.816,1.3205,1.32073,2.25,1.56
2018.02.01 15:41:10.923,1.3205,1.32074,1.69,2.06
2018.02.01 15:41:11.027,1.32054,1.3207,1.00,1.00
2018.02.01 15:41:11.081,1.32054,1.32075,1.25,2.06
2018.02.01 15:41:11.231,1.32057,1.32075,1.25,1.25
2018.02.01 15:41:11.539,1.32052,1.32069,1.31,1.00
2018.02.01 15:41:11.641,1.32055,1.32074,1.19,1.00
2018.02.01 15:41:12.013,1.32052,1.32069,1.00,1.56
2018.02.01 15:41:12.065,1.3205,1.32069,1.25,1.69
2018.02.01 15:41:12.742,1.32047,1.32069,2.44,1.19
2018.02.01 15:41:13.138,1.32043,1.32066,2.81,1.56
2018.02.01 15:41:13.452,1.32047,1.32067,1.00,1.66
2018.02.01 15:41:13.558,1.32044,1.32064,1.00,1.19
2018.02.01 15:41:13.788,1.32041,1.32064,1.19,1.31
2018.02.01 15:41:13.840,1.32041,1.32062,1.25,1.31
2018.02.01 15:41:14.362,1.32042,1.32063,1.00,1.56
2018.02.01 15:41:14.564,1.32044,1.32063,1.00,1.19
2018.02.01 15:41:14.617,1.32046,1.32064,1.00,1.19
2018.02.01 15:41:14.720,1.32047,1.32069,1.25,1.56
2018.02.01 15:41:15.621,1.32046,1.32064,1.19,1.00
2018.02.01 15:41:15.783,1.32045,1.32067,1.00,1.19
2018.02.01 15:41:16.401,1.32045,1.32068,1.19,1.31
2018.02.01 15:41:16.843,1.32045,1.32066,1.50,1.19
2018.02.01 15:41:17.400,1.32044,1.32065,1.12,1.19
2018.02.01 15:41:17.504,1.32044,1.32065,1.87,1.31
2018.02.01 15:41:18.033,1.32044,1.3206,1.12,1.19
2018.02.01 15:41:18.141,1.32038,1.3206,1.50,2.06
2018.02.01 15:41:18.192,1.32038,1.3206,1.69,2.06
2018.02.01 15:41:18.621,1.32035,1.32054,1.19,1.00
2018.02.01 15:41:18.725,1.32035,1.32058,1.69,1.69
2018.02.01 15:41:19.558,1.32035,1.32057,1.00,1.19
2018.02.01 15:41:19.618,1.32031,1.32053,3.19,1.69
2018.02.01 15:41:20.033,1.3203,1.3205,1.25,1.19
2018.02.01 15:41:20.188,1.32025,1.32047,1.19,1.19
2018.02.01 15:41:20.293,1.32023,1.32045,2.25,1.31
2018.02.01 15:41:20.398,1.32022,1.32044,1.25,1.31
2018.02.01 15:41:21.215,1.32022,1.32044,1.19,1.31
2018.02.01 15:41:21.741,1.32022,1.32044,1.19,2.44
2018.02.01 15:41:22.209,1.32019,1.32043,2.06,1.19
2018.02.01 15:41:22.608,1.32024,1.32046,1.25,1.31
2018.02.01 15:41:22.763,1.3202,1.32042,1.25,1.19
2018.02.01 15:41:23.230,1.32024,1.32044,1.00,1.19
2018.02.01 15:41:23.807,1.32023,1.32044,1.00,1.19
2018.02.01 15:41:24.353,1.32022,1.32044,1.19,1.69
2018.02.01 15:41:24.456,1.32023,1.32044,1.25,1.31
2018.02.01 15:41:24.558,1.32025,1.32044,1.25,1.25
2018.02.01 15:41:24.912,1.32026,1.32049,1.19,2.81
2018.02.01 15:41:25.015,1.32024,1.32048,2.06,3.00
2018.02.01 15:41:25.891,1.32026,1.32048,1.19,1.31
2018.02.01 15:41:26.668,1.32025,1.32046,1.00,1.19
2018.02.01 15:41:26.795,1.32023,1.32047,1.69,1.69
2018.02.01 15:41:27.304,1.32023,1.32046,1.69,1.19
2018.02.01 15:41:28.901,1.32024,1.32047,1.19,2.44
2018.02.01 15:41:29.967,1.32023,1.32044,1.00,2.44
2018.02.01 15:41:30.576,1.32025,1.32043,1.25,1.00
2018.02.01 15:41:31.105,1.32024,1.32046,1.00,1.56
2018.02.01 15:41:31.260,1.32025,1.32046,1.19,1.19
2018.02.01 15:41:31.835,1.32026,1.32044,1.25,1.00
2018.02.01 15:41:31.939,1.32022,1.32042,1.19,1.00
2018.02.01 15:41:31.992,1.32019,1.32043,4.31,1.19
2018.02.01 15:41:32.451,1.32023,1.32045,1.19,1.19
2018.02.01 15:41:32.762,1.32022,1.32041,1.25,1.19
2018.02.01 15:41:33.150,1.32022,1.32041,1.00,1.31
2018.02.01 15:41:33.204,1.32019,1.32038,1.19,1.31
2018.02.01 15:41:33.463,1.32017,1.32036,1.50,1.69
2018.02.01 15:41:33.618,1.32013,1.32035,1.69,1.69
2018.02.01 15:41:33.833,1.32016,1.32035,1.00,1.19
2018.02.01 15:41:34.323,1.32014,1.32036,1.00,1.56
2018.02.01 15:41:34.629,1.32017,1.32036,1.19,2.44
2018.02.01 15:41:34.680,1.32017,1.32037,1.19,1.19
2018.02.01 15:41:35.111,1.32021,1.3204,1.00,1.00
2018.02.01 15:41:35.630,1.32021,1.32043,1.00,1.31
2018.02.01 15:41:35.818,1.3202,1.32042,1.00,1.31
2018.02.01 15:41:36.364,1.32019,1.32041,1.12,1.19
2018.02.01 15:41:36.695,1.32019,1.3204,1.69,1.00
2018.02.01 15:41:37.244,1.32021,1.32041,1.19,1.25
2018.02.01 15:41:37.765,1.32021,1.32042,1.19,1.31
2018.02.01 15:41:38.075,1.32021,1.32042,2.06,1.12
2018.02.01 15:41:38.639,1.32023,1.32041,1.19,1.00
2018.02.01 15:41:39.262,1.32024,1.32042,1.19,1.12
2018.02.01 15:41:39.438,1.32023,1.32045,1.69,1.19
2018.02.01 15:41:40.308,1.32025,1.32046,1.19,1.31
2018.02.01 15:41:41.390,1.32025,1.32046,1.19,1.19
2018.02.01 15:41:41.702,1.3203,1.32047,1.00,1.25
2018.02.01 15:41:41.894,1.32031,1.32053,1.25,1.69
2018.02.01 15:41:41.945,1.32031,1.32053,1.19,1.69
2018.02.01 15:41:42.256,1.32031,1.32052,1.25,1.31
2018.02.01 15:41:42.307,1.32031,1.32049,1.00,1.25
2018.02.01 15:41:42.359,1.32027,1.32048,1.31,1.25
2018.02.01 15:41:42.462,1.32027,1.32048,1.87,1.19
2018.02.01 15:41:42.566,1.32028,1.3205,1.19,1.69
2018.02.01 15:41:43.399,1.3203,1.32049,1.00,1.12
2018.02.01 15:41:43.924,1.3203,1.32049,1.19,1.12
2018.02.01 15:41:44.553,1.3203,1.3205,1.19,1.69
2018.02.01 15:41:46.898,1.32031,1.3205,1.31,1.50
2018.02.01 15:41:46.950,1.32032,1.32051,1.19,1.00
2018.02.01 15:41:47.105,1.32034,1.32056,1.19,3.94
2018.02.01 15:41:47.158,1.32036,1.32056,1.31,1.50
2018.02.01 15:41:47.264,1.32036,1.32056,1.69,1.25
2018.02.01 15:41:47.369,1.3204,1.3206,1.25,1.19
2018.02.01 15:41:47.911,1.32041,1.3206,1.00,1.19
2018.02.01 15:41:48.016,1.32042,1.32061,1.25,1.19
2018.02.01 15:41:48.760,1.3204,1.32059,1.19,1.00
2018.02.01 15:41:49.296,1.32041,1.32061,1.00,1.19
2018.02.01 15:41:49.840,1.32039,1.32061,2.44,1.19
2018.02.01 15:41:52.148,1.32039,1.32062,2.44,1.31
2018.02.01 15:41:52.200,1.32037,1.3206,1.19,1.31
2018.02.01 15:41:52.889,1.32037,1.32059,1.56,1.25
2018.02.01 15:41:53.205,1.32037,1.32059,1.69,1.19
2018.02.01 15:41:53.760,1.32036,1.3206,2.44,2.06
2018.02.01 15:41:54.319,1.32036,1.32054,1.00,1.25
2018.02.01 15:41:54.477,1.3203,1.32052,1.69,1.19
2018.02.01 15:41:54.961,1.32032,1.32054,1.19,1.69
2018.02.01 15:41:55.309,1.32031,1.32054,2.06,1.56
2018.02.01 15:41:56.119,1.32031,1.32052,1.12,1.19
2018.02.01 15:41:56.714,1.32031,1.32052,1.25,1.31
2018.02.01 15:41:57.510,1.3203,1.32052,1.00,1.31
2018.02.01 15:41:58.030,1.32029,1.32051,3.00,1.56
2018.02.01 15:41:58.133,1.32031,1.32051,1.00,1.31
2018.02.01 15:41:58.272,1.32026,1.32047,1.25,1.69
2018.02.01 15:41:58.527,1.32022,1.32043,1.69,1.31
2018.02.01 15:41:58.783,1.32022,1.32041,1.69,1.00
2018.02.01 15:41:59.109,1.32024,1.32043,1.25,1.12
2018.02.01 15:41:59.649,1.32025,1.32047,1.00,2.06
2018.02.01 15:42:00.186,1.32026,1.32048,1.25,1.69
2018.02.01 15:42:00.289,1.32028,1.32049,1.00,3.56
2018.02.01 15:42:00.340,1.32026,1.32049,1.25,2.44
2018.02.01 15:42:00.392,1.32029,1.32046,1.00,1.81
2018.02.01 15:42:00.446,1.32029,1.32048,1.00,1.19
2018.02.01 15:42:00.498,1.32027,1.32049,1.00,2.06
2018.02.01 15:42:01.053,1.32026,1.32046,1.25,1.31
2018.02.01 15:42:01.261,1.32024,1.32043,1.69,1.50
2018.02.01 15:42:01.803,1.32026,1.32045,1.00,1.69
2018.02.01 15:42:02.456,1.32026,1.32045,1.00,1.31
2018.02.01 15:42:02.507,1.32023,1.32045,1.00,1.31
2018.02.01 15:42:02.805,1.32025,1.32045,1.00,2.06
2018.02.01 15:42:02.856,1.32024,1.32045,1.19,1.69
2018.02.01 15:42:03.275,1.32027,1.32046,1.00,1.69
2018.02.01 15:42:03.327,1.32023,1.32046,1.69,1.69
2018.02.01 15:42:03.905,1.32025,1.32045,1.69,1.69
2018.02.01 15:42:04.780,1.3203,1.32048,1.00,1.12
2018.02.01 15:42:04.935,1.32025,1.32046,1.50,1.56
2018.02.01 15:42:05.696,1.32026,1.32046,1.00,1.56
2018.02.01 15:42:06.669,1.32025,1.32045,1.00,1.31
2018.02.01 15:42:06.772,1.32025,1.32045,1.19,1.31
2018.02.01 15:42:07.320,1.32027,1.32046,1.00,1.31
2018.02.01 15:42:08.076,1.32025,1.32046,1.50,1.19
2018.02.01 15:42:08.128,1.32026,1.32046,1.00,1.94
2018.02.01 15:42:08.180,1.32027,1.32047,1.00,1.69
2018.02.01 15:42:09.325,1.32027,1.32049,1.50,2.44
2018.02.01 15:42:09.377,1.32024,1.32037,1.00,2.44
2018.02.01 15:42:09.428,1.32018,1.32035,4.50,1.31
2018.02.01 15:42:09.480,1.32014,1.32033,1.00,2.62
2018.02.01 15:42:09.531,1.32013,1.32025,1.87,1.56
2018.02.01 15:42:09.582,1.32006,1.32024,1.00,1.56
2018.02.01 15:42:09.634,1.32006,1.32024,1.00,1.56
2018.02.01 15:42:09.685,1.32003,1.32024,1.25,1.56
2018.02.01 15:42:10.472,1.32003,1.32023,1.19,1.56
2018.02.01 15:42:10.878,1.32007,1.32026,1.25,1.56
2018.02.01 15:42:11.407,1.32006,1.32025,1.00,1.19
2018.02.01 15:42:11.730,1.32006,1.32027,1.69,1.56
2018.02.01 15:42:11.783,1.32006,1.32025,1.00,1.19
2018.02.01 15:42:11.939,1.32003,1.32022,1.19,2.06
2018.02.01 15:42:12.275,1.3201,1.32026,1.25,1.00
2018.02.01 15:42:12.379,1.32012,1.32033,1.19,2.06
2018.02.01 15:42:12.881,1.32016,1.32036,1.00,1.69
2018.02.01 15:42:13.400,1.32017,1.32036,1.00,1.69
2018.02.01 15:42:13.605,1.32016,1.32037,1.25,1.69
2018.02.01 15:42:13.852,1.32021,1.32038,1.00,1.19
2018.02.01 15:42:13.903,1.32018,1.32038,1.50,1.19
2018.02.01 15:42:14.419,1.32019,1.32039,1.00,1.69
2018.02.01 15:42:14.823,1.32016,1.3203,1.12,1.37
2018.02.01 15:42:14.928,1.3201,1.32029,2.44,1.31
2018.02.01 15:42:15.212,1.32011,1.32029,1.00,2.06
2018.02.01 15:42:15.520,1.32,1.32023,1.25,2.06
2018.02.01 15:42:16.933,1.32004,1.32024,1.19,1.50
2018.02.01 15:42:16.987,1.32003,1.32026,2.62,2.19
2018.02.01 15:42:17.041,1.32005,1.32026,1.25,2.06
2018.02.01 15:42:17.146,1.32005,1.32026,1.50,1.69
2018.02.01 15:42:17.565,1.32008,1.32026,1.19,1.00
2018.02.01 15:42:17.669,1.3201,1.32031,1.50,1.94
2018.02.01 15:42:17.825,1.3201,1.32027,2.06,1.00
2018.02.01 15:42:18.014,1.32012,1.3203,1.19,1.00
2018.02.01 15:42:18.067,1.3201,1.3203,1.00,1.31
2018.02.01 15:42:18.678,1.32011,1.32032,1.00,1.19
2018.02.01 15:42:19.190,1.32011,1.32033,1.25,1.69
2018.02.01 15:42:19.669,1.32006,1.32025,1.50,1.56
2018.02.01 15:42:19.721,1.32003,1.32023,1.00,1.31
2018.02.01 15:42:20.231,1.32001,1.32024,1.19,1.56
2018.02.01 15:42:20.677,1.32,1.32024,1.56,1.37
2018.02.01 15:42:20.729,1.32,1.32024,1.56,1.37
2018.02.01 15:42:21.396,1.32003,1.32024,1.19,1.56
2018.02.01 15:42:21.673,1.32003,1.32024,1.00,1.56
2018.02.01 15:42:23.857,1.32003,1.32024,1.00,1.31
2018.02.01 15:42:24.372,1.32,1.32023,2.81,2.06
2018.02.01 15:42:24.782,1.32006,1.32023,1.19,1.00
2018.02.01 15:42:25.093,1.32,1.32019,1.31,1.19
2018.02.01 15:42:26.389,1.31998,1.32019,1.19,1.62
2018.02.01 15:42:28.719,1.31997,1.32018,1.19,1.56
2018.02.01 15:42:29.227,1.32001,1.32019,1.00,1.19
2018.02.01 15:42:29.281,1.31999,1.32019,2.25,1.31
2018.02.01 15:42:29.333,1.31999,1.3202,1.00,1.69
2018.02.01 15:42:29.386,1.31998,1.32021,1.19,3.56
2018.02.01 15:42:29.550,1.32,1.32023,1.31,2.44
2018.02.01 15:42:29.948,1.3201,1.32023,1.00,1.12
2018.02.01 15:42:30.051,1.32011,1.32033,1.19,2.81
2018.02.01 15:42:30.891,1.32012,1.32033,1.19,1.56
2018.02.01 15:42:31.119,1.32015,1.32034,1.25,1.31
2018.02.01 15:42:31.233,1.3202,1.32039,1.25,1.00
2018.02.01 15:42:31.286,1.32017,1.32037,1.00,1.56
2018.02.01 15:42:31.639,1.32017,1.32034,1.00,1.19
2018.02.01 15:42:31.691,1.32017,1.32038,1.00,1.56
2018.02.01 15:42:32.666,1.32017,1.32034,1.00,1.19
2018.02.01 15:42:32.723,1.32017,1.32036,1.19,2.06
2018.02.01 15:42:32.775,1.32014,1.32036,1.19,1.56
2018.02.01 15:42:33.248,1.32014,1.32034,1.00,1.31
2018.02.01 15:42:33.301,1.32014,1.32034,1.19,1.31
2018.02.01 15:42:33.559,1.32014,1.32035,1.00,1.19
2018.02.01 15:42:33.865,1.32018,1.32038,1.19,1.31
2018.02.01 15:42:34.029,1.32016,1.32035,1.00,1.19
2018.02.01 15:42:34.338,1.32016,1.32035,1.00,2.06
2018.02.01 15:42:34.636,1.32013,1.32035,1.00,1.56
2018.02.01 15:42:34.688,1.32013,1.32035,1.00,1.31
2018.02.01 15:42:35.023,1.32015,1.32035,1.00,1.31
2018.02.01 15:42:35.798,1.32015,1.32036,2.62,1.31
2018.02.01 15:42:36.273,1.32016,1.32038,1.19,2.44
2018.02.01 15:42:36.826,1.32016,1.32038,1.19,1.69
2018.02.01 15:42:37.337,1.32018,1.3204,1.69,1.71
2018.02.01 15:42:38.480,1.32021,1.3204,1.00,1.71
2018.02.01 15:42:39.159,1.32025,1.32041,1.25,1.11
2018.02.01 15:42:39.465,1.32028,1.32048,1.31,1.11
2018.02.01 15:42:39.987,1.32028,1.32048,1.19,1.11
2018.02.01 15:42:40.989,1.32031,1.32052,1.69,3.30
2018.02.01 15:42:41.042,1.3203,1.32052,2.44,1.31
2018.02.01 15:42:41.560,1.3203,1.32053,1.19,2.06
2018.02.01 15:42:42.085,1.3203,1.32053,1.19,1.56
2018.02.01 15:42:42.189,1.3203,1.32054,1.19,2.81
2018.02.01 15:42:42.657,1.32037,1.32056,1.19,2.25
2018.02.01 15:42:42.950,1.32042,1.3206,1.25,2.06
2018.02.01 15:42:43.664,1.32036,1.32059,1.56,1.00
2018.02.01 15:42:44.095,1.32036,1.3206,1.31,2.06
2018.02.01 15:42:44.200,1.32039,1.3206,1.31,1.50
2018.02.01 15:42:44.800,1.32041,1.32063,1.19,3.19
2018.02.01 15:42:45.323,1.32041,1.32063,1.56,2.44
2018.02.01 15:42:45.830,1.32043,1.32063,1.19,2.62
2018.02.01 15:42:46.347,1.32043,1.32063,1.19,1.87
2018.02.01 15:42:46.875,1.3204,1.32062,1.56,1.12
2018.02.01 15:42:47.568,1.32041,1.32059,1.19,1.00
2018.02.01 15:42:47.619,1.32041,1.32063,1.19,2.06
2018.02.01 15:42:47.671,1.32041,1.3206,1.00,1.31
2018.02.01 15:42:47.722,1.3204,1.32062,1.31,1.37
2018.02.01 15:42:48.233,1.3204,1.32062,1.56,1.12
2018.02.01 15:42:48.882,1.3204,1.32062,1.31,1.19
2018.02.01 15:42:49.277,1.3204,1.32058,1.00,2.06
2018.02.01 15:42:49.330,1.32035,1.32053,1.00,1.19
2018.02.01 15:42:49.383,1.32033,1.32053,1.50,1.19
2018.02.01 15:42:49.926,1.32032,1.32053,1.25,1.19
2018.02.01 15:42:50.231,1.32039,1.32054,1.00,1.12
2018.02.01 15:42:50.385,1.32038,1.3206,1.69,1.31
2018.02.01 15:42:51.057,1.32037,1.32056,1.19,1.00
2018.02.01 15:42:51.368,1.32036,1.32056,1.25,1.56
2018.02.01 15:42:51.655,1.32042,1.32061,1.25,1.25
2018.02.01 15:42:51.758,1.3204,1.3206,1.25,1.50
2018.02.01 15:42:51.911,1.32036,1.32056,1.50,1.19
2018.02.01 15:42:52.064,1.32037,1.32057,1.31,1.25
2018.02.01 15:42:52.896,1.32038,1.32058,1.19,1.25
2018.02.01 15:42:53.574,1.32038,1.32058,1.19,1.50
2018.02.01 15:42:53.706,1.32038,1.32058,1.25,1.69
2018.02.01 15:42:53.913,1.32038,1.32057,1.25,1.75
2018.02.01 15:42:54.877,1.32035,1.32056,1.19,2.44
2018.02.01 15:42:54.929,1.32032,1.32052,1.10,1.31
2018.02.01 15:42:54.982,1.32032,1.32047,1.00,1.12
2018.02.01 15:42:55.284,1.32034,1.32052,1.19,1.00
2018.02.01 15:42:55.820,1.32034,1.32053,1.19,1.00
2018.02.01 15:42:56.590,1.32034,1.32054,1.00,2.81
2018.02.01 15:42:56.641,1.32031,1.32051,1.10,1.69
2018.02.01 15:42:56.947,1.32027,1.32044,1.19,1.50
2018.02.01 15:42:57.100,1.32026,1.32044,1.50,1.31
2018.02.01 15:42:57.203,1.32022,1.3204,1.19,1.00
2018.02.01 15:42:57.257,1.32021,1.3204,1.00,1.12
2018.02.01 15:42:57.413,1.32021,1.32038,1.00,1.00
2018.02.01 15:42:57.964,1.32022,1.32038,1.00,1.00
2018.02.01 15:42:58.361,1.32022,1.32041,1.00,1.69
2018.02.01 15:42:59.152,1.32022,1.32041,1.19,2.25
2018.02.01 15:42:59.655,1.32022,1.32042,1.19,1.50
2018.02.01 15:43:00.193,1.32022,1.32041,1.19,1.00
2018.02.01 15:43:00.428,1.32022,1.32042,1.25,1.69
2018.02.01 15:43:00.947,1.3202,1.32041,2.06,1.00
2018.02.01 15:43:01.634,1.32021,1.32041,1.19,1.69
2018.02.01 15:43:01.685,1.32018,1.32038,1.00,1.94
2018.02.01 15:43:01.737,1.32013,1.32035,3.26,1.56
2018.02.01 15:43:01.893,1.32019,1.32038,1.19,1.25
2018.02.01 15:43:01.945,1.32021,1.3204,1.25,1.00
2018.02.01 15:43:02.047,1.32021,1.3204,1.69,1.37
2018.02.01 15:43:02.354,1.32021,1.3204,1.25,1.00
2018.02.01 15:43:02.528,1.32022,1.3204,1.19,1.12
2018.02.01 15:43:02.846,1.3202,1.32038,1.69,1.50
2018.02.01 15:43:03.368,1.32021,1.32038,1.00,1.50
2018.02.01 15:43:03.757,1.32022,1.32037,1.19,1.00
2018.02.01 15:43:03.813,1.32022,1.32039,1.19,1.00
2018.02.01 15:43:04.038,1.32026,1.32039,1.00,1.00
2018.02.01 15:43:04.091,1.32024,1.32041,1.25,1.50
2018.02.01 15:43:04.144,1.32024,1.3204,1.19,1.00
2018.02.01 15:43:05.461,1.32022,1.3204,1.19,1.00
2018.02.01 15:43:05.512,1.32021,1.32038,1.19,1.00
2018.02.01 15:43:06.063,1.32023,1.32041,1.00,1.12
2018.02.01 15:43:06.567,1.32022,1.32042,1.25,1.62
2018.02.01 15:43:07.112,1.32021,1.32041,2.44,1.12
2018.02.01 15:43:07.163,1.32021,1.32041,2.44,1.31
2018.02.01 15:43:07.451,1.32021,1.32041,2.44,1.12
2018.02.01 15:43:09.620,1.32021,1.32041,1.50,1.31
2018.02.01 15:43:09.986,1.32022,1.32041,1.19,1.87
2018.02.01 15:43:10.966,1.32022,1.32041,1.19,1.31
2018.02.01 15:43:11.560,1.32024,1.32043,1.00,2.81
2018.02.01 15:43:11.815,1.32022,1.32042,1.19,1.00
2018.02.01 15:43:11.867,1.32022,1.3204,1.19,1.12
2018.02.01 15:43:12.183,1.32021,1.32039,1.00,1.19
2018.02.01 15:43:12.340,1.32016,1.32035,1.25,1.37
2018.02.01 15:43:12.447,1.32015,1.32034,1.00,1.62
2018.02.01 15:43:12.815,1.32016,1.32035,1.00,2.44
2018.02.01 15:43:13.510,1.32016,1.32035,1.00,1.50
2018.02.01 15:43:14.029,1.32016,1.32034,1.00,1.00
2018.02.01 15:43:14.605,1.32016,1.32035,1.00,1.69
2018.02.01 15:43:14.714,1.32016,1.32032,1.00,1.00
2018.02.01 15:43:14.927,1.32014,1.32034,1.01,1.50
2018.02.01 15:43:14.979,1.32017,1.32034,1.00,1.00
2018.02.01 15:43:15.154,1.32018,1.32038,1.25,2.44
2018.02.01 15:43:15.258,1.3202,1.32037,1.00,1.12
2018.02.01 15:43:15.517,1.32016,1.32036,1.50,1.69
2018.02.01 15:43:16.768,1.32017,1.32036,1.00,1.19
2018.02.01 15:43:17.156,1.32021,1.32039,1.19,2.62
2018.02.01 15:43:17.499,1.3202,1.32038,1.00,1.19
2018.02.01 15:43:17.702,1.3202,1.32038,1.00,1.19
2018.02.01 15:43:17.858,1.32026,1.3204,1.00,1.00
2018.02.01 15:43:18.097,1.32026,1.32043,1.00,1.00
2018.02.01 15:43:18.148,1.32026,1.32044,1.00,3.19
2018.02.01 15:43:18.462,1.32031,1.32046,1.00,1.19
2018.02.01 15:43:18.717,1.32025,1.32046,1.57,1.69
2018.02.01 15:43:18.768,1.3203,1.32046,1.00,1.69
2018.02.01 15:43:18.973,1.32026,1.32044,1.00,1.25
2018.02.01 15:43:19.522,1.32026,1.32045,1.50,1.19
2018.02.01 15:43:20.527,1.32026,1.32045,1.00,1.00
2018.02.01 15:43:20.734,1.32031,1.32045,1.00,1.00
2018.02.01 15:43:20.786,1.32026,1.32045,1.50,1.00
2018.02.01 15:43:20.838,1.3203,1.32045,1.00,1.00
2018.02.01 15:43:20.889,1.32026,1.32045,1.50,1.00
2018.02.01 15:43:21.484,1.32031,1.32045,1.00,1.00
2018.02.01 15:43:22.161,1.32031,1.32046,1.00,1.25
2018.02.01 15:43:23.063,1.3203,1.32046,1.00,1.25
2018.02.01 15:43:23.673,1.3203,1.32046,1.00,1.19
2018.02.01 15:43:25.450,1.32031,1.32049,1.00,1.19
2018.02.01 15:43:25.960,1.3203,1.32047,1.25,1.00
2018.02.01 15:43:26.472,1.32031,1.3205,1.00,1.19
2018.02.01 15:43:27.285,1.32031,1.32051,1.10,2.44
2018.02.01 15:43:27.427,1.32035,1.32051,1.00,1.69
2018.02.01 15:43:27.480,1.32035,1.32051,1.00,1.50
2018.02.01 15:43:27.688,1.32032,1.32051,1.19,1.50
2018.02.01 15:43:27.842,1.32036,1.32051,1.25,1.00
2018.02.01 15:43:27.895,1.32037,1.32056,1.00,1.25
2018.02.01 15:43:27.948,1.3204,1.32057,1.00,1.19
2018.02.01 15:43:28.102,1.32036,1.32056,1.25,1.25
2018.02.01 15:43:28.317,1.32037,1.32056,1.00,1.31
2018.02.01 15:43:28.632,1.32036,1.32051,1.00,1.19
2018.02.01 15:43:28.788,1.32032,1.32052,1.00,2.44
2018.02.01 15:43:28.902,1.32036,1.32052,1.00,2.44
2018.02.01 15:43:29.000,1.32032,1.32052,1.00,2.44
2018.02.01 15:43:29.052,1.32032,1.32051,1.00,1.19
2018.02.01 15:43:29.103,1.32035,1.3205,1.00,1.25
2018.02.01 15:43:29.206,1.32034,1.32053,1.00,1.69
2018.02.01 15:43:29.257,1.32036,1.32054,1.00,1.19
2018.02.01 15:43:29.309,1.32036,1.32055,1.00,1.00
2018.02.01 15:43:29.360,1.32036,1.32055,1.00,1.69
2018.02.01 15:43:29.721,1.32033,1.32052,1.19,1.00
2018.02.01 15:43:29.824,1.32033,1.32052,1.00,1.31
2018.02.01 15:43:29.877,1.3203,1.32048,1.19,1.00
2018.02.01 15:43:29.930,1.32028,1.32047,1.57,1.25
2018.02.01 15:43:29.982,1.32027,1.32047,1.69,1.25
2018.02.01 15:43:30.497,1.32028,1.32048,1.19,3.56
2018.02.01 15:43:31.021,1.32028,1.32046,1.25,1.25
2018.02.01 15:43:31.345,1.32027,1.32044,1.19,1.00
2018.02.01 15:43:31.874,1.32027,1.32045,1.19,1.00
2018.02.01 15:43:32.420,1.32027,1.32045,1.25,1.25
2018.02.01 15:43:32.757,1.32036,1.32053,1.00,1.00
2018.02.01 15:43:32.911,1.32032,1.3205,1.00,1.25
2018.02.01 15:43:33.014,1.32032,1.32048,1.00,1.25
2018.02.01 15:43:33.391,1.32032,1.32049,1.00,2.06
2018.02.01 15:43:33.443,1.32032,1.32049,1.00,1.00
2018.02.01 15:43:33.761,1.32028,1.32047,1.00,1.19
2018.02.01 15:43:33.918,1.32028,1.32047,1.50,2.06
2018.02.01 15:43:34.017,1.32028,1.32047,1.19,1.12
2018.02.01 15:43:34.557,1.3203,1.32049,1.69,1.19
2018.02.01 15:43:35.205,1.32029,1.3205,1.19,1.19
2018.02.01 15:43:35.308,1.32029,1.3205,1.00,1.19
2018.02.01 15:43:35.360,1.32029,1.3205,1.19,1.25
2018.02.01 15:43:35.884,1.32029,1.32051,1.19,1.31
2018.02.01 15:43:38.034,1.32029,1.32051,1.69,2.44
2018.02.01 15:43:38.086,1.32034,1.32051,1.00,1.69
2018.02.01 15:43:38.243,1.32037,1.32056,1.25,1.19
2018.02.01 15:43:38.738,1.32036,1.32052,1.50,1.12
2018.02.01 15:43:39.132,1.32036,1.32051,1.00,1.37
2018.02.01 15:43:39.184,1.32033,1.32048,1.00,1.12
2018.02.01 15:43:39.391,1.32033,1.3205,1.25,1.00
2018.02.01 15:43:39.443,1.32033,1.32052,1.25,1.87
2018.02.01 15:43:39.803,1.32036,1.32054,2.44,1.00
2018.02.01 15:43:39.924,1.32038,1.32058,1.19,1.12
2018.02.01 15:43:40.131,1.32038,1.32056,1.00,1.19
2018.02.01 15:43:40.182,1.32038,1.32058,1.50,1.19
2018.02.01 15:43:40.285,1.32041,1.32056,1.00,1.00
2018.02.01 15:43:40.723,1.32041,1.32058,1.00,1.00
2018.02.01 15:43:40.927,1.32045,1.32062,1.00,1.25
2018.02.01 15:43:41.082,1.32051,1.32072,1.00,2.44
2018.02.01 15:43:41.134,1.32051,1.32071,1.31,1.00
2018.02.01 15:43:41.323,1.32051,1.32074,1.31,1.19
2018.02.01 15:43:41.381,1.32051,1.32072,1.29,1.00
2018.02.01 15:43:41.433,1.32054,1.32072,1.00,1.00
2018.02.01 15:43:41.747,1.3205,1.32067,1.25,1.00
2018.02.01 15:43:42.009,1.32048,1.32066,1.25,1.25
2018.02.01 15:43:42.162,1.32048,1.32064,1.25,1.00
2018.02.01 15:43:42.418,1.32043,1.32063,1.00,1.31
2018.02.01 15:43:42.469,1.32046,1.32066,1.00,1.69
2018.02.01 15:43:42.592,1.32046,1.32066,1.25,1.25
2018.02.01 15:43:42.647,1.32049,1.32066,1.00,1.25
2018.02.01 15:43:43.210,1.32047,1.32067,1.19,2.06
2018.02.01 15:43:43.516,1.32051,1.3207,1.00,1.31
2018.02.01 15:43:44.220,1.32051,1.32072,1.50,2.25
2018.02.01 15:43:44.423,1.32051,1.32072,1.69,1.19
2018.02.01 15:43:44.933,1.32052,1.32072,1.19,1.25
2018.02.01 15:43:45.503,1.32053,1.32073,1.25,1.31
2018.02.01 15:43:46.295,1.32053,1.32072,1.19,1.00
2018.02.01 15:43:46.400,1.32057,1.32076,1.00,2.44
2018.02.01 15:43:46.762,1.32056,1.32072,1.10,1.25
2018.02.01 15:43:47.309,1.32056,1.32074,1.00,1.19
2018.02.01 15:43:47.835,1.32056,1.32075,1.69,1.25
2018.02.01 15:43:48.560,1.32059,1.32078,1.19,1.00
2018.02.01 15:43:48.613,1.32061,1.32081,1.19,1.50
2018.02.01 15:43:48.717,1.3206,1.32079,1.31,1.00
2018.02.01 15:43:48.821,1.32059,1.32078,1.25,1.00
2018.02.01 15:43:48.976,1.32059,1.32076,1.25,1.00
2018.02.01 15:43:49.143,1.32056,1.32076,1.69,1.00
2018.02.01 15:43:49.453,1.32057,1.32078,1.19,2.44
2018.02.01 15:43:50.243,1.32057,1.32078,1.31,1.00
2018.02.01 15:43:50.814,1.32058,1.32078,1.31,1.00
2018.02.01 15:43:51.523,1.32057,1.32078,1.56,1.00
2018.02.01 15:43:52.105,1.32057,1.32077,1.66,1.00
2018.02.01 15:43:52.362,1.32073,1.3209,1.00,1.00
2018.02.01 15:43:52.628,1.32071,1.32091,2.44,1.50
2018.02.01 15:43:52.680,1.32071,1.32089,2.44,1.00
2018.02.01 15:43:53.415,1.32071,1.32091,2.44,1.12
2018.02.01 15:43:55.192,1.3207,1.32091,1.19,1.31
2018.02.01 15:43:57.648,1.3207,1.32089,1.19,1.00
2018.02.01 15:43:57.829,1.32068,1.32087,1.76,1.00
2018.02.01 15:43:58.191,1.32066,1.32083,2.51,1.00
2018.02.01 15:43:58.375,1.32066,1.32086,1.25,2.06
2018.02.01 15:43:58.479,1.32069,1.32088,1.25,1.69
2018.02.01 15:43:58.532,1.32071,1.3209,1.00,1.87
2018.02.01 15:43:58.842,1.32072,1.32092,1.76,1.19
2018.02.01 15:43:59.549,1.32075,1.32092,1.12,1.19
2018.02.01 15:43:59.757,1.32083,1.32103,1.39,1.00
2018.02.01 15:44:00.410,1.32082,1.32102,1.64,1.00
2018.02.01 15:44:00.722,1.32085,1.32104,1.19,1.25
2018.02.01 15:44:01.245,1.32083,1.32103,1.39,1.00
2018.02.01 15:44:01.787,1.32084,1.32105,1.29,1.19
2018.02.01 15:44:02.317,1.32085,1.32105,1.19,1.25
2018.02.01 15:44:02.774,1.32087,1.32105,1.19,1.00
2018.02.01 15:44:03.303,1.32086,1.32105,1.29,1.00
2018.02.01 15:44:03.664,1.32086,1.32107,1.26,1.00
2018.02.01 15:44:04.945,1.32086,1.32107,1.07,1.19
2018.02.01 15:44:06.268,1.32083,1.32102,1.39,2.81
2018.02.01 15:44:06.320,1.32082,1.32101,4.01,1.19
2018.02.01 15:44:06.374,1.32083,1.32101,1.10,1.56
2018.02.01 15:44:06.426,1.3208,1.32098,1.00,1.19
2018.02.01 15:44:07.008,1.32079,1.32098,1.25,1.19
2018.02.01 15:44:07.350,1.3208,1.32098,1.19,1.00
2018.02.01 15:44:07.752,1.32086,1.32104,1.00,1.25
2018.02.01 15:44:07.805,1.32081,1.32099,1.12,1.25
2018.02.01 15:44:07.857,1.32077,1.32099,1.39,1.69
2018.02.01 15:44:09.024,1.32079,1.32098,1.00,1.19
2018.02.01 15:44:10.832,1.32079,1.32097,1.19,1.00
2018.02.01 15:44:12.141,1.32087,1.32102,1.01,3.00
2018.02.01 15:44:12.193,1.32091,1.32109,1.19,1.00
2018.02.01 15:44:12.245,1.3209,1.32109,1.00,1.19
2018.02.01 15:44:12.761,1.32087,1.32108,1.76,1.19
2018.02.01 15:44:13.360,1.32088,1.32108,1.00,1.19
2018.02.01 15:44:13.677,1.3209,1.32108,1.00,1.19
2018.02.01 15:44:14.437,1.3209,1.32108,1.00,1.25
2018.02.01 15:44:14.981,1.32089,1.32108,1.10,1.19
2018.02.01 15:44:15.251,1.3209,1.32112,1.19,1.69
2018.02.01 15:44:16.358,1.32091,1.32112,1.19,1.19
2018.02.01 15:44:16.876,1.32091,1.32113,1.19,1.69
2018.02.01 15:44:17.361,1.32097,1.32114,1.00,3.19
2018.02.01 15:44:17.560,1.32096,1.32117,1.19,2.06
2018.02.01 15:44:20.508,1.32096,1.32114,1.19,1.00
2018.02.01 15:44:20.818,1.32094,1.32114,1.56,1.12
2018.02.01 15:44:21.249,1.32094,1.32115,1.19,1.00
2018.02.01 15:44:21.453,1.32096,1.32116,1.19,1.50
2018.02.01 15:44:22.265,1.32096,1.32115,1.19,1.00
2018.02.01 15:44:22.831,1.32095,1.32116,1.19,1.69
2018.02.01 15:44:23.730,1.32092,1.3211,2.14,1.00
2018.02.01 15:44:23.782,1.32092,1.3211,1.26,1.00
2018.02.01 15:44:24.366,1.32093,1.32114,1.25,1.19
2018.02.01 15:44:24.419,1.32097,1.32116,1.00,1.25
2018.02.01 15:44:24.856,1.32094,1.32112,1.00,1.25
2018.02.01 15:44:25.166,1.32091,1.3211,1.00,1.56
2018.02.01 15:44:25.709,1.3209,1.3211,1.25,1.00
2018.02.01 15:44:25.866,1.32091,1.32111,1.00,1.56
2018.02.01 15:44:26.397,1.32091,1.32111,1.00,1.31
2018.02.01 15:44:26.992,1.32092,1.32113,1.00,2.25
2018.02.01 15:44:27.893,1.32092,1.32111,1.00,1.19
2018.02.01 15:44:28.421,1.32093,1.32111,1.00,1.19
2018.02.01 15:44:28.836,1.32091,1.32111,1.25,1.19
2018.02.01 15:44:28.887,1.32093,1.32111,1.00,1.19
2018.02.01 15:44:29.202,1.32093,1.32112,1.00,1.69
2018.02.01 15:44:30.244,1.32091,1.32111,1.19,1.25
2018.02.01 15:44:31.032,1.32091,1.32112,1.00,2.06
2018.02.01 15:44:33.779,1.32091,1.32112,1.25,2.44
2018.02.01 15:44:35.577,1.32094,1.32112,1.00,1.19
2018.02.01 15:44:35.786,1.32095,1.32114,1.00,1.19
2018.02.01 15:44:35.839,1.32094,1.32112,1.00,1.31
2018.02.01 15:44:36.675,1.32094,1.32112,1.00,1.31
2018.02.01 15:44:36.901,1.32094,1.32112,1.00,1.31
2018.02.01 15:44:37.714,1.32093,1.32111,1.00,1.19
2018.02.01 15:44:39.637,1.32094,1.32112,1.00,1.31
2018.02.01 15:44:39.740,1.32095,1.32113,1.00,1.69
2018.02.01 15:44:40.505,1.32096,1.32116,1.00,1.56
2018.02.01 15:44:40.557,1.32098,1.32116,1.00,2.06
2018.02.01 15:44:40.711,1.32098,1.32116,1.00,1.19
2018.02.01 15:44:41.726,1.32098,1.32117,1.00,1.31
2018.02.01 15:44:42.249,1.32097,1.32116,1.00,1.19
2018.02.01 15:44:43.040,1.32097,1.32116,1.25,2.06
2018.02.01 15:44:43.167,1.32101,1.32116,1.00,1.19
2018.02.01 15:44:43.259,1.321,1.32118,1.00,1.00
2018.02.01 15:44:44.054,1.32099,1.32119,1.00,1.25
2018.02.01 15:44:44.590,1.32099,1.32119,1.19,1.25
2018.02.01 15:44:44.693,1.32099,1.32119,1.25,1.69
2018.02.01 15:44:45.966,1.32097,1.32115,1.69,1.00
2018.02.01 15:44:46.023,1.321,1.32119,1.25,1.50
2018.02.01 15:44:46.130,1.32097,1.32118,1.69,1.31
2018.02.01 15:44:46.433,1.321,1.32118,1.00,1.31
2018.02.01 15:44:46.592,1.32098,1.32117,1.00,1.25
2018.02.01 15:44:46.645,1.32102,1.3212,1.00,1.56
2018.02.01 15:44:46.697,1.32102,1.3212,1.00,1.19
2018.02.01 15:44:46.803,1.32102,1.3212,1.00,1.00
2018.02.01 15:44:47.210,1.32105,1.32125,1.25,1.30
2018.02.01 15:44:47.747,1.32107,1.32127,1.00,1.80
2018.02.01 15:44:47.851,1.32105,1.32126,1.25,1.42
2018.02.01 15:44:48.648,1.32104,1.32124,1.00,1.67
2018.02.01 15:44:48.700,1.32104,1.32124,1.00,2.17
2018.02.01 15:44:48.752,1.32104,1.32123,1.00,1.67
2018.02.01 15:44:49.033,1.32106,1.32124,1.00,1.80
2018.02.01 15:44:49.582,1.32106,1.32124,1.25,1.11
2018.02.01 15:44:50.108,1.32106,1.32125,1.25,1.36
2018.02.01 15:44:50.699,1.32103,1.32123,1.19,1.30
2018.02.01 15:44:50.752,1.32101,1.3212,1.69,1.00
2018.02.01 15:44:50.804,1.32102,1.32121,1.00,1.19
2018.02.01 15:44:52.231,1.32101,1.32122,1.25,1.42
2018.02.01 15:44:52.758,1.32102,1.3212,1.25,1.25
2018.02.01 15:44:53.870,1.32103,1.32121,1.00,1.19
2018.02.01 15:44:54.129,1.32103,1.32124,1.19,1.36
2018.02.01 15:44:54.233,1.32102,1.3212,1.25,1.25
2018.02.01 15:44:54.761,1.32101,1.32119,1.19,1.00
2018.02.01 15:44:55.174,1.32099,1.32117,1.69,1.00
2018.02.01 15:44:55.725,1.321,1.32116,1.00,1.00
2018.02.01 15:44:56.292,1.321,1.3212,1.00,1.69
2018.02.01 15:44:56.640,1.32098,1.32113,1.00,1.25
2018.02.01 15:44:56.848,1.32087,1.32106,1.00,1.31
2018.02.01 15:44:56.900,1.32085,1.32106,1.25,1.31
2018.02.01 15:44:57.438,1.32084,1.32104,1.69,1.25
2018.02.01 15:44:57.729,1.32084,1.321,1.19,1.00
2018.02.01 15:44:57.780,1.32079,1.32095,1.00,1.25
2018.02.01 15:44:57.831,1.32077,1.32092,1.50,1.00
2018.02.01 15:44:58.001,1.32075,1.32093,1.00,1.39
2018.02.01 15:44:58.053,1.32073,1.32091,1.00,1.25
2018.02.01 15:44:58.104,1.32072,1.32088,1.00,1.19
2018.02.01 15:44:58.206,1.32066,1.32085,1.19,1.25
2018.02.01 15:44:58.649,1.32058,1.32074,1.50,1.56
2018.02.01 15:44:58.700,1.32051,1.32072,2.51,1.19
2018.02.01 15:44:58.803,1.32051,1.32068,1.00,1.56
2018.02.01 15:44:58.906,1.32047,1.32062,1.00,1.25
2018.02.01 15:44:58.958,1.32046,1.32062,1.00,1.19
2018.02.01 15:44:59.010,1.32042,1.32062,1.00,1.19
2018.02.01 15:44:59.062,1.32042,1.32062,1.19,1.00
2018.02.01 15:44:59.113,1.32044,1.32062,1.31,1.00
2018.02.01 15:44:59.165,1.32044,1.32065,1.31,1.50
2018.02.01 15:44:59.301,1.3204,1.32057,1.50,1.25
2018.02.01 15:44:59.510,1.32024,1.32045,2.06,1.00
2018.02.01 15:44:59.562,1.32024,1.32045,3.19,1.19
2018.02.01 15:44:59.615,1.32026,1.32046,1.31,1.25
2018.02.01 15:44:59.720,1.32026,1.32044,1.00,1.56
2018.02.01 15:44:59.772,1.32026,1.32045,1.00,1.19
2018.02.01 15:44:59.950,1.32027,1.32047,1.31,1.75
2018.02.01 15:45:00.001,1.32026,1.32046,1.57,1.31
2018.02.01 15:45:00.053,1.32023,1.32043,1.12,1.56
2018.02.01 15:45:00.156,1.32019,1.3204,1.19,1.19
2018.02.01 15:45:00.361,1.32016,1.32035,1.50,1.19
2018.02.01 15:45:00.541,1.32011,1.32032,3.04,1.19
2018.02.01 15:45:00.643,1.32007,1.32028,3.71,1.31
2018.02.01 15:45:01.026,1.32006,1.32028,1.29,1.69
2018.02.01 15:45:01.288,1.32,1.32025,2.06,1.56
2018.02.01 15:45:01.612,1.32,1.3202,1.00,1.31
2018.02.01 15:45:01.868,1.31992,1.32014,1.00,2.25
2018.02.01 15:45:01.919,1.3199,1.32011,1.00,1.69
2018.02.01 15:45:01.970,1.31986,1.32009,1.07,1.81
2018.02.01 15:45:02.022,1.31982,1.32005,1.71,1.56
2018.02.01 15:45:02.164,1.31986,1.3201,2.66,1.19
2018.02.01 15:45:02.317,1.31982,1.32008,2.96,1.94
2018.02.01 15:45:02.369,1.31982,1.32005,1.20,2.25
2018.02.01 15:45:02.421,1.31982,1.32005,1.76,1.69
2018.02.01 15:45:02.473,1.31981,1.32005,1.07,1.69
2018.02.01 15:45:02.786,1.31968,1.31987,1.50,1.81
2018.02.01 15:45:02.837,1.31965,1.31986,2.21,1.31
2018.02.01 15:45:02.942,1.31974,1.31997,1.71,2.06
2018.02.01 15:45:03.032,1.31975,1.31997,1.00,2.25
2018.02.01 15:45:03.145,1.31985,1.32004,1.19,1.25
2018.02.01 15:45:03.197,1.31986,1.32006,1.09,1.69
2018.02.01 15:45:03.249,1.31984,1.32009,2.44,2.25
2018.02.01 15:45:03.564,1.31978,1.31999,1.65,1.81
2018.02.01 15:45:03.821,1.31977,1.31998,1.00,2.25
2018.02.01 15:45:03.872,1.31975,1.32,1.77,1.56
2018.02.01 15:45:03.925,1.31978,1.32,1.00,1.31
2018.02.01 15:45:04.263,1.31983,1.32006,2.96,1.64
2018.02.01 15:45:04.748,1.31983,1.32006,2.06,1.76
2018.02.01 15:45:05.253,1.31983,1.32006,1.65,2.70
2018.02.01 15:45:05.601,1.31986,1.32006,1.20,2.70
2018.02.01 15:45:05.857,1.31984,1.32006,1.20,2.25
2018.02.01 15:45:06.114,1.31991,1.32008,1.00,1.01
2018.02.01 15:45:06.170,1.31994,1.32011,1.69,1.00
2018.02.01 15:45:06.223,1.31999,1.32014,1.09,1.00
2018.02.01 15:45:06.345,1.32,1.32021,1.50,1.56
2018.02.01 15:45:06.396,1.32,1.32016,2.02,1.25
2018.02.01 15:45:06.602,1.32,1.32016,1.00,1.25
2018.02.01 15:45:07.142,1.32,1.32016,2.02,1.00
2018.02.01 15:45:07.196,1.32001,1.32019,1.84,1.25
2018.02.01 15:45:07.247,1.32004,1.32023,1.52,1.19
2018.02.01 15:45:07.299,1.32004,1.32024,2.21,1.25
2018.02.01 15:45:07.350,1.32006,1.32025,1.52,1.00
2018.02.01 15:45:07.656,1.3201,1.32025,1.20,1.19
2018.02.01 15:45:08.630,1.32008,1.32029,3.00,2.25
2018.02.01 15:45:09.192,1.32009,1.3203,1.37,2.32
2018.02.01 15:45:09.346,1.32008,1.32026,1.00,1.56
2018.02.01 15:45:09.722,1.3201,1.32029,1.37,1.81
2018.02.01 15:45:10.037,1.32017,1.32035,1.37,1.81
2018.02.01 15:45:10.089,1.32016,1.32035,1.12,1.81
2018.02.01 15:45:10.142,1.32017,1.32038,1.00,2.25
2018.02.01 15:45:10.198,1.3202,1.32042,2.06,1.39
2018.02.01 15:45:10.333,1.32023,1.32042,1.00,1.31
2018.02.01 15:45:10.644,1.32027,1.32046,1.12,1.56
2018.02.01 15:45:10.748,1.32031,1.32053,1.00,2.81
2018.02.01 15:45:10.800,1.32032,1.32053,1.94,1.69
2018.02.01 15:45:11.314,1.32038,1.32057,1.00,1.81
2018.02.01 15:45:11.573,1.32036,1.32057,1.12,2.25
2018.02.01 15:45:11.728,1.32036,1.32057,1.12,1.19
2018.02.01 15:45:12.058,1.32036,1.32056,1.87,1.81
2018.02.01 15:45:12.211,1.32038,1.32058,1.69,1.19
2018.02.01 15:45:12.262,1.32041,1.32061,1.25,1.19
2018.02.01 15:45:12.313,1.32046,1.32063,1.31,1.00
2018.02.01 15:45:12.365,1.32047,1.32067,1.94,1.00
2018.02.01 15:45:12.560,1.32051,1.32069,2.81,1.00
2018.02.01 15:45:12.611,1.32054,1.32074,1.31,1.25
2018.02.01 15:45:12.663,1.32059,1.32078,1.00,1.19
2018.02.01 15:45:12.970,1.3206,1.32079,1.19,1.00
2018.02.01 15:45:13.021,1.3206,1.32081,1.19,1.25
2018.02.01 15:45:13.542,1.32062,1.32081,1.25,1.19
2018.02.01 15:45:13.801,1.32063,1.32083,1.19,1.00
2018.02.01 15:45:13.854,1.32068,1.32086,1.00,1.31
2018.02.01 15:45:13.934,1.32068,1.32086,1.00,1.25
2018.02.01 15:45:13.986,1.32068,1.32086,1.50,1.19
2018.02.01 15:45:14.273,1.32065,1.32084,1.12,1.25
2018.02.01 15:45:14.800,1.32065,1.32083,1.12,1.00
2018.02.01 15:45:15.840,1.32064,1.32083,1.62,1.19
2018.02.01 15:45:16.314,1.32064,1.32082,1.37,1.19
2018.02.01 15:45:16.419,1.3206,1.32079,1.12,1.19
2018.02.01 15:45:16.473,1.32058,1.32077,2.25,1.19
2018.02.01 15:45:16.533,1.32058,1.32075,1.00,1.00
2018.02.01 15:45:17.054,1.32059,1.32075,1.12,1.00
2018.02.01 15:45:17.380,1.3206,1.32078,1.00,1.25
2018.02.01 15:45:17.537,1.32063,1.32081,1.50,1.56
2018.02.01 15:45:17.591,1.3206,1.3208,1.50,1.31
2018.02.01 15:45:18.145,1.32058,1.32079,1.50,1.19
2018.02.01 15:45:18.693,1.32059,1.32081,1.31,1.56
2018.02.01 15:45:19.909,1.32059,1.32081,2.44,1.56
2018.02.01 15:45:20.413,1.32062,1.32082,1.00,1.56
2018.02.01 15:45:21.005,1.32059,1.32082,1.87,2.25
2018.02.01 15:45:21.260,1.3206,1.32082,1.19,1.56
2018.02.01 15:45:21.364,1.3206,1.32082,1.00,2.14
2018.02.01 15:45:21.731,1.32059,1.32072,1.12,1.00
2018.02.01 15:45:21.932,1.3205,1.32069,2.06,1.00
2018.02.01 15:45:22.098,1.32055,1.3207,1.00,1.25
2018.02.01 15:45:22.260,1.32058,1.32074,1.87,1.00
2018.02.01 15:45:22.696,1.32058,1.32076,2.06,1.00
2018.02.01 15:45:23.124,1.32058,1.32073,1.25,1.00
2018.02.01 15:45:23.645,1.32058,1.32074,1.00,1.00
2018.02.01 15:45:24.002,1.32059,1.32076,1.00,1.25
2018.02.01 15:45:25.448,1.3206,1.32076,1.00,1.00
2018.02.01 15:45:26.021,1.32058,1.32076,1.19,1.00
2018.02.01 15:45:26.917,1.32058,1.32078,1.19,1.25
2018.02.01 15:45:27.503,1.32059,1.32078,1.00,1.19
2018.02.01 15:45:28.268,1.32058,1.32078,1.25,1.19
2018.02.01 15:45:28.786,1.32059,1.32078,1.00,1.19
2018.02.01 15:45:29.389,1.32058,1.32077,1.25,1.00
2018.02.01 15:45:29.606,1.32056,1.32072,1.00,1.25
2018.02.01 15:45:29.659,1.3205,1.32068,2.62,1.19
2018.02.01 15:45:30.139,1.32048,1.32066,1.50,1.19
2018.02.01 15:45:30.618,1.32049,1.32066,1.00,1.00
2018.02.01 15:45:31.040,1.32048,1.32064,1.00,1.25
2018.02.01 15:45:31.507,1.32048,1.32066,1.50,1.00
2018.02.01 15:45:32.049,1.32048,1.32067,1.19,1.00
2018.02.01 15:45:32.844,1.32048,1.32068,1.19,1.25
2018.02.01 15:45:33.488,1.32052,1.32067,1.00,1.25
2018.02.01 15:45:33.540,1.32049,1.32067,1.00,1.25
2018.02.01 15:45:33.594,1.32049,1.32067,1.00,1.19
2018.02.01 15:45:34.126,1.32048,1.32066,1.50,1.19
2018.02.01 15:45:34.820,1.32048,1.32066,1.69,1.25
2018.02.01 15:45:35.326,1.32047,1.32065,1.00,1.00
2018.02.01 15:45:35.940,1.32047,1.32066,1.00,1.25
2018.02.01 15:45:37.316,1.32047,1.32066,1.00,1.31
2018.02.01 15:45:37.902,1.32047,1.32064,1.00,1.25
2018.02.01 15:45:39.542,1.32047,1.32067,1.25,1.69
2018.02.01 15:45:40.885,1.32047,1.32066,1.00,1.69
2018.02.01 15:45:43.478,1.32047,1.32066,1.00,1.25
2018.02.01 15:45:43.966,1.32047,1.32065,1.00,1.19
2018.02.01 15:45:44.489,1.32045,1.32065,1.19,1.19
2018.02.01 15:45:45.139,1.32045,1.32064,1.19,1.00
2018.02.01 15:45:45.794,1.32046,1.32065,1.19,1.25
2018.02.01 15:45:46.402,1.32047,1.32066,1.00,1.81
2018.02.01 15:45:46.454,1.32047,1.32067,1.19,2.06
2018.02.01 15:45:48.120,1.32047,1.32066,1.25,1.19
2018.02.01 15:45:48.654,1.32047,1.32067,1.19,1.19
2018.02.01 15:45:49.993,1.32047,1.32068,1.69,2.06
2018.02.01 15:45:50.499,1.32047,1.32067,1.69,1.00
2018.02.01 15:45:50.960,1.32047,1.32067,1.69,1.00
2018.02.01 15:45:52.016,1.32047,1.32069,2.06,1.00
2018.02.01 15:45:52.555,1.32049,1.32068,1.19,1.25
2018.02.01 15:45:52.916,1.32048,1.32069,2.06,1.00
2018.02.01 15:45:53.433,1.32048,1.32068,1.31,1.00
2018.02.01 15:45:54.105,1.32051,1.32071,1.00,2.89
2018.02.01 15:45:54.158,1.32054,1.32071,1.00,2.06
2018.02.01 15:45:54.799,1.32053,1.32074,1.50,2.51
2018.02.01 15:45:55.071,1.32053,1.32074,1.69,2.14
2018.02.01 15:45:55.662,1.32053,1.32073,1.19,1.25
2018.02.01 15:45:55.817,1.32056,1.32075,1.19,1.25
2018.02.01 15:45:57.314,1.32058,1.32077,1.00,2.44
2018.02.01 15:45:57.917,1.32055,1.32077,1.69,2.44
2018.02.01 15:45:58.319,1.32062,1.32082,1.25,2.44
2018.02.01 15:45:58.632,1.32064,1.32082,1.19,1.00
2018.02.01 15:45:59.506,1.32063,1.32082,1.25,1.00
2018.02.01 15:46:00.331,1.32065,1.32082,1.00,1.00
2018.02.01 15:46:01.332,1.32068,1.32082,1.00,1.00
2018.02.01 15:46:01.385,1.3207,1.32086,1.00,1.00
2018.02.01 15:46:01.437,1.32068,1.32086,1.00,1.00
2018.02.01 15:46:01.489,1.32069,1.32086,1.19,1.00
2018.02.01 15:46:01.541,1.32068,1.32086,1.00,1.25
2018.02.01 15:46:02.997,1.32078,1.32089,1.00,1.00
2018.02.01 15:46:03.206,1.3209,1.32108,1.19,1.50
2018.02.01 15:46:03.390,1.32093,1.32111,1.25,1.69
2018.02.01 15:46:03.650,1.32091,1.32109,1.19,1.00
2018.02.01 15:46:04.266,1.32089,1.3211,1.31,1.00
2018.02.01 15:46:05.181,1.32092,1.32111,1.19,1.00
2018.02.01 15:46:05.505,1.32084,1.32105,1.19,1.01
2018.02.01 15:46:05.559,1.32082,1.32103,1.50,1.56
2018.02.01 15:46:05.815,1.3208,1.32101,1.19,1.69
2018.02.01 15:46:06.287,1.32075,1.32092,1.00,1.00
2018.02.01 15:46:06.798,1.32071,1.32092,1.31,1.00
2018.02.01 15:46:07.509,1.32075,1.32093,1.25,1.12
2018.02.01 15:46:09.184,1.32074,1.32093,1.69,1.50
2018.02.01 15:46:09.495,1.32074,1.3209,1.00,1.00
2018.02.01 15:46:09.547,1.32072,1.3209,1.25,1.00
2018.02.01 15:46:10.110,1.32072,1.3209,1.19,1.00
2018.02.01 15:46:10.643,1.32071,1.32091,1.69,1.25
2018.02.01 15:46:13.204,1.32071,1.32091,1.50,1.19
2018.02.01 15:46:13.347,1.32071,1.32087,1.25,1.00
2018.02.01 15:46:13.986,1.3207,1.32086,1.00,1.00
2018.02.01 15:46:14.503,1.3207,1.32087,1.00,1.25
2018.02.01 15:46:15.099,1.32073,1.32092,1.19,1.87
2018.02.01 15:46:15.296,1.32072,1.32092,1.00,1.19
2018.02.01 15:46:16.011,1.3207,1.32086,1.00,1.00
2018.02.01 15:46:16.114,1.32067,1.32086,1.00,1.19
2018.02.01 15:46:16.342,1.3207,1.32088,1.50,1.00
2018.02.01 15:46:17.290,1.3207,1.32088,1.50,1.19
2018.02.01 15:46:17.848,1.3207,1.32088,1.50,1.25
2018.02.01 15:46:18.365,1.3207,1.32089,1.50,2.25
2018.02.01 15:46:18.443,1.32064,1.32083,1.00,1.25
2018.02.01 15:46:18.969,1.32063,1.32082,1.00,1.00
2018.02.01 15:46:19.503,1.32063,1.32081,1.50,1.00
2018.02.01 15:46:20.159,1.32063,1.32082,1.00,1.00
2018.02.01 15:46:20.709,1.32063,1.32081,1.00,1.00
2018.02.01 15:46:20.839,1.3206,1.32078,1.50,1.00
2018.02.01 15:46:21.305,1.3206,1.32079,2.06,1.00
2018.02.01 15:46:21.526,1.32065,1.32084,1.00,1.00
2018.02.01 15:46:21.949,1.32065,1.32083,1.00,1.19
2018.02.01 15:46:23.054,1.32065,1.32081,1.00,1.25
2018.02.01 15:46:23.313,1.32061,1.32079,1.25,1.76
2018.02.01 15:46:23.705,1.32057,1.32076,1.31,1.00
2018.02.01 15:46:24.020,1.32052,1.32071,1.25,2.06
2018.02.01 15:46:24.470,1.32053,1.32072,1.00,1.56
2018.02.01 15:46:24.629,1.32058,1.32074,1.00,1.00
2018.02.01 15:46:24.681,1.32061,1.32077,1.00,1.19
2018.02.01 15:46:24.987,1.32055,1.32073,1.00,1.19
2018.02.01 15:46:25.157,1.32055,1.32071,1.00,1.31
2018.02.01 15:46:25.210,1.32055,1.32071,1.00,2.06
2018.02.01 15:46:25.991,1.32055,1.32071,1.00,2.06
2018.02.01 15:46:26.559,1.32055,1.32071,1.00,2.06
2018.02.01 15:46:27.130,1.32055,1.32071,1.00,1.31
2018.02.01 15:46:27.691,1.32055,1.32074,1.00,1.19
2018.02.01 15:46:27.798,1.32052,1.32072,1.00,2.81
2018.02.01 15:46:28.792,1.32052,1.3207,1.00,1.00
2018.02.01 15:46:30.253,1.32049,1.32065,1.00,1.25
2018.02.01 15:46:30.465,1.32044,1.32061,1.00,1.25
2018.02.01 15:46:30.620,1.32045,1.32063,1.00,1.25
2018.02.01 15:46:30.846,1.32048,1.32065,1.00,1.19
2018.02.01 15:46:31.373,1.32047,1.32065,1.00,1.19
2018.02.01 15:46:31.431,1.32047,1.32067,1.69,1.57
2018.02.01 15:46:31.484,1.3205,1.32068,1.00,1.32
2018.02.01 15:46:31.639,1.32051,1.32069,1.00,1.00
2018.02.01 15:46:31.796,1.32053,1.32073,1.19,1.25
2018.02.01 15:46:32.312,1.32054,1.32074,1.00,1.25
2018.02.01 15:46:32.684,1.32057,1.32074,1.00,1.25
2018.02.01 15:46:33.225,1.32058,1.32078,1.00,2.81
2018.02.01 15:46:33.741,1.32058,1.32075,1.00,1.19
2018.02.01 15:46:34.336,1.32058,1.32076,1.00,1.56
2018.02.01 15:46:34.388,1.32058,1.32076,1.00,1.19
2018.02.01 15:46:34.927,1.32058,1.32076,1.19,1.00
2018.02.01 15:46:35.490,1.32058,1.32076,1.00,1.00
2018.02.01 15:46:36.071,1.32058,1.32076,1.00,1.19
2018.02.01 15:46:36.682,1.32058,1.32076,1.00,1.25
2018.02.01 15:46:37.352,1.32058,1.32077,1.00,1.25
2018.02.01 15:46:37.813,1.32058,1.32078,1.00,1.19
2018.02.01 15:46:38.351,1.32058,1.32077,1.00,1.19
2018.02.01 15:46:38.738,1.32058,1.32077,1.69,1.00
2018.02.01 15:46:39.244,1.32058,1.32077,1.69,1.25
2018.02.01 15:46:39.745,1.32058,1.32077,1.50,1.19
2018.02.01 15:46:41.619,1.32058,1.32074,1.25,1.00
2018.02.01 15:46:41.876,1.32058,1.32076,1.25,1.00
2018.02.01 15:46:41.927,1.32058,1.32074,1.25,1.00
2018.02.01 15:46:42.224,1.32058,1.32076,1.25,1.00
2018.02.01 15:46:42.427,1.32062,1.32081,1.00,2.06
2018.02.01 15:46:42.941,1.32063,1.32077,1.00,1.00
2018.02.01 15:46:42.992,1.3206,1.32077,1.19,1.00
2018.02.01 15:46:43.759,1.32062,1.32077,1.00,1.00
2018.02.01 15:46:44.024,1.32063,1.32082,1.25,1.07
2018.02.01 15:46:44.296,1.32064,1.32084,1.00,1.19
2018.02.01 15:46:44.788,1.32067,1.32084,1.00,1.19
2018.02.01 15:46:45.304,1.32067,1.32084,1.00,1.00
2018.02.01 15:46:46.921,1.32067,1.32085,1.00,1.25
2018.02.01 15:46:47.441,1.32067,1.32088,1.69,1.31
2018.02.01 15:46:47.964,1.32069,1.32088,1.00,1.31
2018.02.01 15:46:49.050,1.32073,1.3209,1.00,1.62
2018.02.01 15:46:49.154,1.32073,1.32091,1.19,1.00
2018.02.01 15:46:49.703,1.32074,1.32092,1.25,1.25
2018.02.01 15:46:49.859,1.32072,1.32087,1.00,1.00
2018.02.01 15:46:50.186,1.32072,1.32085,1.00,1.19
2018.02.01 15:46:50.555,1.32066,1.32085,2.25,1.19
2018.02.01 15:46:50.714,1.32066,1.32085,1.69,1.00
2018.02.01 15:46:51.365,1.32068,1.32086,1.00,1.00
2018.02.01 15:46:52.222,1.32067,1.32086,1.25,1.00
2018.02.01 15:46:52.481,1.32071,1.32089,1.00,1.00
2018.02.01 15:46:53.009,1.32073,1.32091,1.00,1.25
2018.02.01 15:46:53.519,1.32073,1.32093,1.25,1.19
2018.02.01 15:46:53.838,1.32073,1.32087,1.00,1.19
2018.02.01 15:46:54.044,1.32069,1.32087,1.50,1.19
2018.02.01 15:46:54.539,1.32069,1.3209,1.31,2.44
2018.02.01 15:46:55.107,1.32073,1.32091,1.00,1.31
2018.02.01 15:46:56.849,1.32073,1.32093,1.00,1.25
2018.02.01 15:46:57.388,1.32073,1.32093,1.25,1.19
2018.02.01 15:46:57.542,1.32075,1.32094,1.00,1.31
2018.02.01 15:46:57.594,1.32075,1.32094,1.25,1.00
2018.02.01 15:46:58.563,1.32075,1.32094,1.19,1.00
2018.02.01 15:47:00.036,1.32076,1.32095,1.25,1.25
2018.02.01 15:47:00.088,1.32073,1.32088,1.00,1.00
2018.02.01 15:47:00.637,1.32072,1.32088,1.00,1.00
2018.02.01 15:47:03.318,1.32072,1.32089,1.19,1.50
2018.02.01 15:47:03.580,1.3207,1.32087,1.25,1.00
2018.02.01 15:47:05.068,1.3207,1.32088,1.69,1.25
2018.02.01 15:47:05.399,1.3207,1.32087,1.00,1.19
2018.02.01 15:47:05.607,1.32066,1.32084,1.00,1.25
2018.02.01 15:47:06.193,1.32067,1.32086,1.25,1.00
2018.02.01 15:47:06.352,1.32069,1.32087,1.00,1.69
2018.02.01 15:47:08.282,1.32069,1.32087,1.19,1.00
2018.02.01 15:47:09.091,1.32069,1.32089,1.19,1.25
2018.02.01 15:47:09.584,1.32069,1.32087,1.50,1.00
2018.02.01 15:47:10.577,1.32069,1.32088,1.50,1.25
2018.02.01 15:47:11.607,1.32071,1.32088,1.00,1.00
2018.02.01 15:47:12.409,1.32071,1.32089,1.00,1.56
2018.02.01 15:47:12.460,1.32071,1.32089,1.00,1.19
2018.02.01 15:47:12.817,1.32075,1.32094,1.00,3.26
2018.02.01 15:47:13.024,1.32078,1.32097,1.00,1.69
2018.02.01 15:47:13.535,1.32078,1.32099,1.00,1.19
2018.02.01 15:47:14.124,1.3208,1.32099,1.00,1.19
2018.02.01 15:47:14.388,1.32086,1.32104,1.00,1.69
2018.02.01 15:47:14.496,1.32085,1.32102,1.31,1.00
2018.02.01 15:47:14.704,1.32087,1.32104,1.00,1.00
2018.02.01 15:47:14.911,1.32087,1.32105,1.31,1.00
2018.02.01 15:47:14.964,1.32091,1.32109,1.50,1.69
2018.02.01 15:47:15.922,1.32091,1.32109,1.50,1.25
2018.02.01 15:47:16.029,1.32093,1.32111,1.00,1.29
2018.02.01 15:47:16.133,1.32096,1.32114,1.69,1.25
2018.02.01 15:47:16.185,1.32095,1.3211,1.00,1.00
2018.02.01 15:47:16.238,1.32092,1.32111,2.25,1.00
2018.02.01 15:47:16.769,1.32091,1.32111,1.69,1.00
2018.02.01 15:47:16.821,1.32091,1.32109,1.69,1.00
2018.02.01 15:47:17.133,1.32092,1.3211,1.19,1.00
2018.02.01 15:47:17.237,1.3209,1.32108,1.25,1.25
2018.02.01 15:47:17.289,1.32091,1.32109,1.19,1.00
2018.02.01 15:47:17.485,1.32087,1.32105,1.69,1.00
2018.02.01 15:47:17.538,1.32089,1.32106,1.00,1.25
2018.02.01 15:47:17.590,1.32087,1.32106,1.00,1.25
2018.02.01 15:47:18.304,1.32086,1.32106,1.12,1.25
2018.02.01 15:47:18.586,1.32086,1.32104,1.87,1.00
2018.02.01 15:47:18.895,1.32086,1.32103,1.69,1.00
2018.02.01 15:47:19.053,1.32086,1.32105,2.06,1.00
2018.02.01 15:47:19.272,1.32085,1.32101,1.37,1.31
2018.02.01 15:47:19.324,1.32082,1.32104,1.69,1.69
2018.02.01 15:47:19.429,1.32087,1.32105,1.00,3.19
2018.02.01 15:47:19.740,1.32085,1.32102,1.00,1.25
2018.02.01 15:47:20.231,1.32086,1.32104,1.00,1.25
2018.02.01 15:47:20.775,1.32085,1.32104,1.00,1.25
2018.02.01 15:47:21.118,1.32087,1.32104,1.19,1.00
2018.02.01 15:47:21.378,1.32084,1.32104,1.19,1.25
2018.02.01 15:47:21.482,1.32084,1.32104,1.69,1.25
2018.02.01 15:47:24.551,1.32084,1.32101,1.00,1.25
2018.02.01 15:47:26.061,1.32084,1.32104,1.00,1.01
2018.02.01 15:47:26.535,1.32084,1.32104,1.00,1.19
2018.02.01 15:47:27.064,1.32084,1.32102,1.50,1.19
2018.02.01 15:47:27.610,1.32082,1.321,1.19,1.00
2018.02.01 15:47:28.092,1.32081,1.32098,1.00,1.00
2018.02.01 15:47:28.594,1.32081,1.32097,1.00,1.00
2018.02.01 15:47:29.247,1.32081,1.32098,1.00,1.00
2018.02.01 15:47:29.795,1.32082,1.32102,1.00,3.64
2018.02.01 15:47:29.848,1.32084,1.32102,1.19,1.00
2018.02.01 15:47:30.399,1.32085,1.32104,1.25,1.25
2018.02.01 15:47:30.458,1.3209,1.32107,1.69,1.00
2018.02.01 15:47:30.993,1.32091,1.3211,1.00,1.19
2018.02.01 15:47:31.224,1.32092,1.3211,1.19,1.00
2018.02.01 15:47:32.000,1.32092,1.32111,1.19,1.25
2018.02.01 15:47:32.587,1.32092,1.32111,1.25,1.00
2018.02.01 15:47:33.164,1.32093,1.32111,1.00,1.00
2018.02.01 15:47:34.498,1.32093,1.32111,1.19,1.00
2018.02.01 15:47:34.653,1.32095,1.32113,1.25,1.10
2018.02.01 15:47:35.174,1.32094,1.32114,1.50,1.19
2018.02.01 15:47:35.693,1.32095,1.32113,1.00,1.19
2018.02.01 15:47:35.890,1.32097,1.32113,1.00,1.69
2018.02.01 15:47:36.411,1.32097,1.32117,1.50,1.31
2018.02.01 15:47:36.463,1.32097,1.32117,1.69,1.00
2018.02.01 15:47:36.783,1.32097,1.32115,1.00,1.00
2018.02.01 15:47:37.103,1.32097,1.32112,1.00,1.00
2018.02.01 15:47:37.207,1.32094,1.32112,1.19,1.00
2018.02.01 15:47:37.723,1.32093,1.32111,1.50,1.12
2018.02.01 15:47:38.260,1.32093,1.32111,1.50,1.31
2018.02.01 15:47:38.924,1.32093,1.32111,1.69,1.25
2018.02.01 15:47:39.289,1.32095,1.32112,1.00,1.19
2018.02.01 15:47:39.796,1.32094,1.32112,1.00,1.19
2018.02.01 15:47:40.192,1.321,1.32117,1.00,1.76
2018.02.01 15:47:40.244,1.32101,1.3212,1.19,1.95
2018.02.01 15:47:40.297,1.32103,1.32121,1.00,1.00
2018.02.01 15:47:40.950,1.32103,1.32122,1.00,1.25
2018.02.01 15:47:41.422,1.32103,1.3212,1.00,1.00
2018.02.01 15:47:41.526,1.32103,1.32122,1.00,1.05
2018.02.01 15:47:42.473,1.32103,1.32121,1.12,1.00
2018.02.01 15:47:42.525,1.32109,1.32123,1.00,1.11
2018.02.01 15:47:42.841,1.3212,1.32136,1.00,1.25
2018.02.01 15:47:42.894,1.32122,1.32141,1.00,3.26
2018.02.01 15:47:45.135,1.32123,1.3214,1.00,1.00
2018.02.01 15:47:46.579,1.32122,1.32141,1.00,1.00
2018.02.01 15:47:47.116,1.32123,1.3214,1.00,1.00
2018.02.01 15:47:47.578,1.32123,1.3214,1.19,1.00
2018.02.01 15:47:47.630,1.32122,1.32139,1.00,1.87
2018.02.01 15:47:48.530,1.32122,1.32141,1.25,1.00
2018.02.01 15:47:48.815,1.32124,1.32142,1.00,1.00
2018.02.01 15:47:49.676,1.32123,1.32141,1.69,1.00
2018.02.01 15:47:50.256,1.32124,1.32142,1.25,1.00
2018.02.01 15:47:50.561,1.3213,1.32149,2.06,1.50
2018.02.01 15:47:50.863,1.32127,1.32143,1.00,1.00
2018.02.01 15:47:51.394,1.32126,1.32143,1.25,1.00
2018.02.01 15:47:51.916,1.32126,1.32144,1.25,1.69
2018.02.01 15:47:52.184,1.3213,1.3215,2.06,1.25
2018.02.01 15:47:52.687,1.32132,1.3215,1.00,1.00
2018.02.01 15:47:53.277,1.32132,1.3215,1.19,1.00
2018.02.01 15:47:53.806,1.32134,1.32151,1.00,1.00
2018.02.01 15:47:53.911,1.32132,1.32151,1.25,1.50
2018.02.01 15:47:53.963,1.32136,1.32151,1.00,1.00
2018.02.01 15:47:54.015,1.32136,1.32153,1.00,1.25
2018.02.01 15:47:54.119,1.32131,1.32149,1.31,1.00
2018.02.01 15:47:54.172,1.3213,1.32147,1.00,1.00
2018.02.01 15:47:54.719,1.32131,1.32149,1.00,1.19
2018.02.01 15:47:55.389,1.32131,1.32149,1.00,1.00
2018.02.01 15:47:55.738,1.32129,1.32149,1.25,1.00
2018.02.01 15:47:56.297,1.32131,1.32149,1.00,1.19
2018.02.01 15:47:56.401,1.32126,1.32144,2.81,1.25
2018.02.01 15:47:56.696,1.3213,1.32148,1.25,1.25
2018.02.01 15:47:56.749,1.32128,1.32144,2.62,1.00
2018.02.01 15:47:57.260,1.32127,1.32143,1.31,1.00
2018.02.01 15:47:57.785,1.32125,1.32142,3.94,1.00
2018.02.01 15:47:57.889,1.32126,1.32143,1.25,1.00
2018.02.01 15:47:58.738,1.32124,1.32142,1.19,1.00
2018.02.01 15:47:59.252,1.32124,1.32142,1.19,1.00
2018.02.01 15:47:59.828,1.32123,1.3214,1.00,1.00
2018.02.01 15:48:00.135,1.32119,1.32137,1.12,1.00
2018.02.01 15:48:00.365,1.32121,1.32137,1.00,1.00
2018.02.01 15:48:00.937,1.3212,1.32138,1.25,1.00
2018.02.01 15:48:01.453,1.32119,1.32138,1.12,1.25
2018.02.01 15:48:01.779,1.32121,1.32137,1.00,1.00
2018.02.01 15:48:02.035,1.32119,1.3214,1.12,1.19
2018.02.01 15:48:02.137,1.32116,1.32133,1.87,1.00
2018.02.01 15:48:02.417,1.3212,1.32139,1.25,1.00
2018.02.01 15:48:02.621,1.32119,1.32137,1.19,1.00
2018.02.01 15:48:03.088,1.32116,1.32132,1.00,1.00
2018.02.01 15:48:03.140,1.32112,1.3213,1.00,1.00
2018.02.01 15:48:03.458,1.32115,1.32134,1.00,1.25
2018.02.01 15:48:03.601,1.32115,1.32135,1.19,1.00
2018.02.01 15:48:04.138,1.32116,1.32134,1.69,1.00
2018.02.01 15:48:04.391,1.32118,1.32138,1.69,1.19
2018.02.01 15:48:04.545,1.3212,1.32139,1.00,1.19
2018.02.01 15:48:04.807,1.32122,1.32141,1.00,1.26
2018.02.01 15:48:05.388,1.32123,1.3214,1.00,1.25
2018.02.01 15:48:05.940,1.32123,1.3214,1.19,1.00
2018.02.01 15:48:06.350,1.32122,1.32141,1.69,1.00
2018.02.01 15:48:07.137,1.32122,1.32141,1.69,1.25
2018.02.01 15:48:07.240,1.32122,1.32138,1.00,1.00
2018.02.01 15:48:07.757,1.32122,1.32139,1.00,1.00
2018.02.01 15:48:08.164,1.32124,1.32142,1.00,1.69
2018.02.01 15:48:08.494,1.32125,1.32143,1.19,1.00
2018.02.01 15:48:09.036,1.32124,1.32144,1.19,1.25
2018.02.01 15:48:09.290,1.32128,1.32147,1.25,1.00
2018.02.01 15:48:09.614,1.3213,1.32148,1.00,1.25
2018.02.01 15:48:09.922,1.32127,1.32146,1.69,1.25
2018.02.01 15:48:10.178,1.3213,1.32148,1.00,1.25
2018.02.01 15:48:10.494,1.32124,1.32143,1.19,1.00
2018.02.01 15:48:11.095,1.32124,1.32143,1.00,1.25
2018.02.01 15:48:11.619,1.32124,1.32141,1.00,1.00
2018.02.01 15:48:12.039,1.32124,1.32141,1.19,1.00
2018.02.01 15:48:12.909,1.32124,1.32141,1.50,1.00
2018.02.01 15:48:13.442,1.32124,1.32143,1.00,1.19
2018.02.01 15:48:13.980,1.32123,1.32142,1.69,1.00
2018.02.01 15:48:14.511,1.32125,1.32143,1.25,1.00
2018.02.01 15:48:15.415,1.32125,1.32143,1.19,1.00
2018.02.01 15:48:15.725,1.32125,1.32143,1.25,1.00
2018.02.01 15:48:16.835,1.32125,1.32143,1.19,1.00
2018.02.01 15:48:17.723,1.3213,1.32148,1.00,2.14
2018.02.01 15:48:17.775,1.3213,1.32148,1.00,1.10
2018.02.01 15:48:17.999,1.32129,1.32145,1.00,1.00
2018.02.01 15:48:18.154,1.32128,1.32148,1.19,1.10
2018.02.01 15:48:18.206,1.32132,1.32149,1.00,1.00
2018.02.01 15:48:18.257,1.32132,1.32152,1.50,1.32
2018.02.01 15:48:18.760,1.32132,1.32152,1.00,1.25
2018.02.01 15:48:18.922,1.32133,1.3215,1.00,1.00
2018.02.01 15:48:19.235,1.32123,1.32139,1.00,1.69
2018.02.01 15:48:19.287,1.3212,1.3214,1.50,2.81
2018.02.01 15:48:19.445,1.3212,1.32136,1.00,1.19
2018.02.01 15:48:19.601,1.32118,1.32136,1.00,1.19
2018.02.01 15:48:19.653,1.32117,1.32134,1.00,1.19
2018.02.01 15:48:20.090,1.32114,1.32133,1.25,1.00
2018.02.01 15:48:20.601,1.32115,1.32133,1.00,1.50
2018.02.01 15:48:20.950,1.32117,1.32133,1.25,1.00
2018.02.01 15:48:21.054,1.32118,1.32136,1.00,1.25
2018.02.01 15:48:21.549,1.3212,1.32137,1.00,1.19
2018.02.01 15:48:22.165,1.3212,1.32137,1.00,1.00
2018.02.01 15:48:22.218,1.32118,1.32139,1.25,1.31
2018.02.01 15:48:22.390,1.32119,1.32137,1.00,1.25
2018.02.01 15:48:22.929,1.32118,1.32136,1.00,1.00
2018.02.01 15:48:24.743,1.32115,1.32133,1.69,1.00
2018.02.01 15:48:25.337,1.32115,1.32132,1.00,1.69
2018.02.01 15:48:25.882,1.32115,1.32132,1.00,1.19
2018.02.01 15:48:26.043,1.32113,1.32131,1.00,1.25
2018.02.01 15:48:26.098,1.32116,1.32124,1.00,1.25
2018.02.01 15:48:26.283,1.321,1.32118,1.87,1.31
2018.02.01 15:48:26.335,1.32098,1.32116,1.12,1.19
2018.02.01 15:48:26.549,1.32099,1.32117,1.25,1.25
2018.02.01 15:48:27.580,1.32099,1.32117,1.00,1.19
2018.02.01 15:48:27.685,1.32093,1.3211,1.00,1.00
2018.02.01 15:48:27.935,1.32081,1.321,1.69,1.19
2018.02.01 15:48:28.501,1.32081,1.321,1.19,1.00
2018.02.01 15:48:28.634,1.32082,1.32099,1.00,1.25
2018.02.01 15:48:28.686,1.32087,1.32103,1.00,1.00
2018.02.01 15:48:28.892,1.32088,1.32107,1.00,1.25
2018.02.01 15:48:29.403,1.32087,1.32106,1.19,1.12
2018.02.01 15:48:30.137,1.32086,1.32106,1.25,1.12
2018.02.01 15:48:30.859,1.32088,1.32106,1.25,1.25
2018.02.01 15:48:31.230,1.32098,1.32115,1.00,1.69
2018.02.01 15:48:31.283,1.32098,1.32115,1.25,1.50
2018.02.01 15:48:31.389,1.32097,1.32117,1.00,1.25
2018.02.01 15:48:31.440,1.32097,1.32115,1.00,1.00
2018.02.01 15:48:31.542,1.32097,1.32117,1.00,1.25
2018.02.01 15:48:32.123,1.32088,1.32108,1.12,1.19
2018.02.01 15:48:32.644,1.32087,1.32106,1.00,1.50
2018.02.01 15:48:33.256,1.32085,1.32106,1.19,1.50
2018.02.01 15:48:33.615,1.32088,1.32106,1.19,2.25
2018.02.01 15:48:33.719,1.3209,1.32111,1.31,1.19
2018.02.01 15:48:33.843,1.3209,1.3211,1.00,1.19
2018.02.01 15:48:34.153,1.32087,1.32105,1.00,1.25
2018.02.01 15:48:34.673,1.32087,1.32104,1.00,1.00
2018.02.01 15:48:35.334,1.32087,1.32104,1.00,1.19
2018.02.01 15:48:36.218,1.32087,1.32105,1.56,1.00
2018.02.01 15:48:36.271,1.32083,1.321,1.50,1.25
2018.02.01 15:48:36.323,1.32083,1.32097,1.00,1.25
2018.02.01 15:48:36.376,1.32078,1.32097,1.19,1.25
2018.02.01 15:48:36.481,1.32082,1.32096,1.00,1.00
2018.02.01 15:48:36.690,1.32081,1.32098,1.00,1.00
2018.02.01 15:48:36.996,1.32078,1.32097,1.31,1.00
2018.02.01 15:48:37.048,1.32076,1.32093,1.94,1.00
2018.02.01 15:48:37.099,1.32073,1.32093,1.31,1.19
2018.02.01 15:48:37.269,1.32079,1.32096,1.19,1.50
2018.02.01 15:48:37.583,1.32082,1.321,1.00,1.19
2018.02.01 15:48:37.635,1.32075,1.32096,1.19,1.19
2018.02.01 15:48:37.791,1.32078,1.32096,1.19,1.00
2018.02.01 15:48:38.815,1.32079,1.32096,1.19,1.00
2018.02.01 15:48:38.867,1.32079,1.32098,1.19,1.00
2018.02.01 15:48:39.020,1.32081,1.32103,1.19,2.44
2018.02.01 15:48:39.548,1.32082,1.32101,1.19,1.00
2018.02.01 15:48:39.825,1.32087,1.32107,1.19,3.37
2018.02.01 15:48:39.876,1.32087,1.32107,1.25,1.31
2018.02.01 15:48:40.035,1.32087,1.32107,1.19,1.87
2018.02.01 15:48:40.243,1.32091,1.3211,1.00,1.50
2018.02.01 15:48:41.091,1.32091,1.3211,1.00,1.19
2018.02.01 15:48:42.407,1.32092,1.32111,1.56,1.00
2018.02.01 15:48:42.460,1.32101,1.32117,1.00,1.50
2018.02.01 15:48:42.642,1.32097,1.32116,1.19,1.25
2018.02.01 15:48:42.797,1.32096,1.32114,2.25,1.00
2018.02.01 15:48:42.851,1.32098,1.32115,1.19,1.00
2018.02.01 15:48:42.904,1.32098,1.32116,1.00,1.19
2018.02.01 15:48:42.958,1.32095,1.32114,1.50,1.19
2018.02.01 15:48:43.297,1.32091,1.32108,1.25,1.00
2018.02.01 15:48:43.603,1.32084,1.32101,1.00,1.00
2018.02.01 15:48:45.049,1.32084,1.32101,1.19,1.00
2018.02.01 15:48:45.589,1.32082,1.32103,1.19,1.25
2018.02.01 15:48:46.091,1.32085,1.32103,1.19,1.00
2018.02.01 15:48:46.143,1.32083,1.32103,1.19,1.19
2018.02.01 15:48:46.298,1.32085,1.32103,2.06,1.00
2018.02.01 15:48:47.451,1.32085,1.32103,2.06,1.00
2018.02.01 15:48:47.684,1.32085,1.32105,2.06,1.25
2018.02.01 15:48:48.045,1.32087,1.32106,1.00,1.19
2018.02.01 15:48:48.560,1.32085,1.32105,2.06,1.25
2018.02.01 15:48:48.877,1.32086,1.32103,1.25,1.00
2018.02.01 15:48:49.027,1.32086,1.32105,1.25,1.25
2018.02.01 15:48:49.080,1.32088,1.32107,1.50,1.19
2018.02.01 15:48:49.186,1.32091,1.32111,1.25,1.56
2018.02.01 15:48:49.738,1.32092,1.3211,1.25,1.00
2018.02.01 15:48:50.739,1.32092,1.3211,1.19,1.00
2018.02.01 15:48:52.525,1.32093,1.3211,1.00,1.00
2018.02.01 15:48:52.578,1.32091,1.3211,1.25,1.00
2018.02.01 15:48:52.765,1.3209,1.32107,1.31,1.00
2018.02.01 15:48:55.197,1.32092,1.32107,1.00,1.00
2018.02.01 15:48:55.404,1.32092,1.3211,1.19,1.00
2018.02.01 15:48:55.508,1.32093,1.32111,1.19,1.50
2018.02.01 15:48:55.982,1.32092,1.32112,1.25,1.19
2018.02.01 15:48:56.035,1.32094,1.32111,1.00,1.25
2018.02.01 15:48:56.354,1.32093,1.32109,1.00,1.00
2018.02.01 15:48:57.074,1.32093,1.32107,1.19,1.00
2018.02.01 15:48:57.127,1.3209,1.3211,2.06,1.00
2018.02.01 15:48:57.650,1.3209,1.3211,1.69,1.00
2018.02.01 15:48:58.849,1.32092,1.3211,1.25,1.25
2018.02.01 15:48:58.954,1.32093,1.32111,1.19,1.00
2018.02.01 15:48:59.493,1.32093,1.3211,1.19,1.00
2018.02.01 15:48:59.746,1.32093,1.32112,2.06,1.25
2018.02.01 15:49:00.313,1.32093,1.32111,1.31,1.00
2018.02.01 15:49:01.068,1.32091,1.32108,1.25,1.00
2018.02.01 15:49:01.277,1.32093,1.32111,1.69,1.00
2018.02.01 15:49:01.573,1.32096,1.32114,1.69,1.00
2018.02.01 15:49:01.726,1.32095,1.32115,2.44,1.00
2018.02.01 15:49:01.777,1.32095,1.32112,1.50,1.50
2018.02.01 15:49:01.829,1.32094,1.32111,1.25,1.00
2018.02.01 15:49:02.084,1.32095,1.32112,1.19,1.00
2018.02.01 15:49:02.186,1.32096,1.32115,1.25,1.25
2018.02.01 15:49:02.424,1.32095,1.32113,1.19,1.00
2018.02.01 15:49:02.947,1.32094,1.32114,1.19,1.00
2018.02.01 15:49:03.497,1.32095,1.32113,1.00,1.50
2018.02.01 15:49:04.091,1.32094,1.32113,1.25,1.00
2018.02.01 15:49:04.397,1.32098,1.32113,1.00,1.00
2018.02.01 15:49:04.683,1.32094,1.32112,1.25,1.25
2018.02.01 15:49:05.194,1.32094,1.32111,1.25,1.00
2018.02.01 15:49:05.375,1.3209,1.3211,1.50,1.31
2018.02.01 15:49:05.631,1.32091,1.32109,1.00,1.00
2018.02.01 15:49:06.150,1.32091,1.32111,1.00,1.69
2018.02.01 15:49:06.952,1.32091,1.32111,1.00,1.69
2018.02.01 15:49:07.659,1.3209,1.3211,1.50,1.19
2018.02.01 15:49:08.381,1.3209,1.3211,1.69,1.19
2018.02.01 15:49:09.266,1.32092,1.3211,1.00,1.19
2018.02.01 15:49:09.483,1.32092,1.3211,1.19,1.00
2018.02.01 15:49:09.588,1.32097,1.32113,1.25,1.00
2018.02.01 15:49:09.640,1.32096,1.32114,1.31,1.50
2018.02.01 15:49:09.693,1.32096,1.32113,1.19,1.00
2018.02.01 15:49:10.447,1.32099,1.32116,1.00,1.50
2018.02.01 15:49:11.028,1.321,1.32117,1.25,1.00
2018.02.01 15:49:11.131,1.32099,1.32119,1.19,1.50
2018.02.01 15:49:11.778,1.32099,1.32119,1.00,2.06
2018.02.01 15:49:11.831,1.32094,1.32113,5.06,1.25
2018.02.01 15:49:11.934,1.32097,1.32114,1.00,1.69
2018.02.01 15:49:12.038,1.32097,1.32117,1.25,2.81
2018.02.01 15:49:12.631,1.32097,1.32114,1.25,1.00
2018.02.01 15:49:13.294,1.32096,1.32114,1.00,1.69
2018.02.01 15:49:13.370,1.32093,1.32113,2.44,1.00
2018.02.01 15:49:14.385,1.32094,1.32113,1.31,1.00
2018.02.01 15:49:15.138,1.32092,1.32112,3.56,1.00
2018.02.01 15:49:15.401,1.32091,1.32111,1.19,1.50
2018.02.01 15:49:15.537,1.32089,1.32102,1.00,1.00
2018.02.01 15:49:15.589,1.32079,1.32097,1.00,1.31
2018.02.01 15:49:15.642,1.32077,1.32093,1.00,1.31
2018.02.01 15:49:15.744,1.3208,1.32096,1.19,1.00
2018.02.01 15:49:15.847,1.3208,1.32097,1.31,1.00
2018.02.01 15:49:15.949,1.32078,1.32098,1.25,2.44
2018.02.01 15:49:16.001,1.32081,1.32098,1.00,2.44
2018.02.01 15:49:16.052,1.32078,1.32098,1.25,1.69
2018.02.01 15:49:16.222,1.32078,1.32096,1.25,1.00
2018.02.01 15:49:16.528,1.32081,1.32097,1.00,1.87
2018.02.01 15:49:16.867,1.32085,1.32099,1.00,1.00
2018.02.01 15:49:16.920,1.32086,1.32102,1.00,1.50
2018.02.01 15:49:17.438,1.32085,1.32102,1.25,1.50
2018.02.01 15:49:18.217,1.32082,1.32102,1.19,1.50
2018.02.01 15:49:18.269,1.32082,1.321,1.25,1.50
2018.02.01 15:49:18.784,1.32081,1.32099,1.00,1.25
2018.02.01 15:49:19.104,1.32084,1.32102,1.00,1.00
2018.02.01 15:49:19.634,1.32085,1.32105,1.00,2.06
2018.02.01 15:49:19.839,1.32081,1.32101,3.75,1.25
2018.02.01 15:49:20.096,1.32084,1.32101,1.00,1.69
2018.02.01 15:49:20.278,1.32082,1.321,1.00,1.19
2018.02.01 15:49:20.381,1.3208,1.321,1.31,1.19
2018.02.01 15:49:20.936,1.32081,1.321,1.00,1.19
2018.02.01 15:49:21.192,1.32085,1.32103,1.69,1.00
2018.02.01 15:49:21.448,1.32085,1.32101,1.00,1.00
2018.02.01 15:49:21.500,1.32083,1.32101,1.00,1.69
2018.02.01 15:49:21.997,1.32079,1.32095,1.75,1.00
2018.02.01 15:49:22.050,1.32078,1.32095,1.19,1.00
2018.02.01 15:49:22.205,1.32079,1.32097,1.25,1.50
2018.02.01 15:49:22.890,1.3208,1.32097,1.00,1.50
2018.02.01 15:49:23.422,1.32077,1.32096,3.19,1.00
2018.02.01 15:49:23.474,1.32077,1.32091,3.00,1.00
2018.02.01 15:49:23.527,1.32076,1.32093,1.69,1.00
2018.02.01 15:49:23.579,1.32074,1.32091,1.00,1.25
2018.02.01 15:49:23.631,1.32078,1.32096,1.00,1.25
2018.02.01 15:49:24.181,1.32078,1.32095,1.00,1.00
2018.02.01 15:49:24.385,1.32076,1.32095,2.06,1.00
2018.02.01 15:49:24.920,1.32076,1.32096,1.31,1.19
2018.02.01 15:49:25.187,1.32076,1.32092,1.19,1.00
2018.02.01 15:49:25.239,1.32073,1.3209,1.00,1.00
2018.02.01 15:49:25.700,1.32071,1.32088,1.19,1.00
2018.02.01 15:49:26.248,1.32071,1.32088,1.00,1.00
2018.02.01 15:49:26.586,1.32069,1.32086,1.00,1.19
2018.02.01 15:49:26.638,1.32067,1.32087,1.25,1.19
2018.02.01 15:49:26.691,1.32066,1.32084,1.50,1.69
2018.02.01 15:49:26.795,1.32064,1.32084,1.00,1.69
2018.02.01 15:49:26.968,1.32063,1.32081,1.25,1.00
2018.02.01 15:49:27.328,1.32063,1.32083,1.25,1.25
2018.02.01 15:49:27.549,1.3206,1.32078,1.69,1.00
2018.02.01 15:49:27.944,1.32058,1.32076,1.19,1.00
2018.02.01 15:49:28.250,1.32061,1.32079,1.25,1.00
2018.02.01 15:49:28.504,1.32058,1.32076,1.00,1.00
2018.02.01 15:49:29.041,1.32059,1.32077,1.25,1.00
2018.02.01 15:49:29.601,1.32059,1.32078,1.25,1.00
2018.02.01 15:49:29.922,1.32062,1.32079,1.25,1.00
2018.02.01 15:49:30.076,1.3206,1.32078,1.12,1.00
2018.02.01 15:49:30.445,1.32059,1.32075,1.50,1.00
2018.02.01 15:49:30.550,1.32058,1.32077,1.31,1.00
2018.02.01 15:49:30.602,1.32061,1.32079,1.00,1.69
2018.02.01 15:49:31.338,1.32061,1.32079,1.19,1.00
2018.02.01 15:49:31.619,1.32059,1.32077,1.25,1.00
2018.02.01 15:49:32.148,1.32056,1.32076,1.31,1.25
2018.02.01 15:49:32.305,1.3206,1.32078,1.19,1.00
2018.02.01 15:49:32.852,1.32062,1.32079,1.69,1.00
2018.02.01 15:49:33.432,1.32062,1.32081,1.69,1.25
2018.02.01 15:49:33.612,1.32063,1.32082,2.06,1.00
2018.02.01 15:49:34.158,1.32062,1.32083,1.19,1.25
2018.02.01 15:49:35.053,1.32064,1.32083,1.00,1.19
2018.02.01 15:49:35.429,1.32063,1.32084,1.19,1.25
2018.02.01 15:49:35.481,1.32064,1.32082,1.19,1.00
2018.02.01 15:49:35.907,1.32062,1.3208,1.25,1.00
2018.02.01 15:49:36.324,1.32065,1.32084,1.31,1.00
2018.02.01 15:49:36.429,1.32071,1.32089,1.19,2.25
2018.02.01 15:49:36.661,1.32066,1.32086,2.44,1.25
2018.02.01 15:49:36.713,1.32064,1.32082,2.06,1.00
2018.02.01 15:49:36.766,1.32062,1.32082,3.19,1.00
2018.02.01 15:49:36.819,1.32067,1.32085,1.25,1.31
2018.02.01 15:49:37.139,1.32068,1.32087,1.19,1.25
2018.02.01 15:49:37.966,1.32068,1.32086,1.19,1.00
2018.02.01 15:49:38.814,1.32067,1.32086,1.00,1.00
2018.02.01 15:49:39.325,1.32067,1.32088,1.00,1.19
2018.02.01 15:49:39.859,1.32069,1.32088,1.00,1.31
2018.02.01 15:49:39.971,1.32069,1.32088,1.00,1.25
2018.02.01 15:49:40.504,1.3207,1.32089,1.25,1.50
2018.02.01 15:49:40.715,1.32073,1.3209,1.19,1.00
2018.02.01 15:49:40.766,1.32071,1.3209,1.00,1.19
2018.02.01 15:49:41.321,1.32069,1.3209,1.19,1.19
2018.02.01 15:49:41.750,1.32069,1.32089,1.56,1.00
2018.02.01 15:49:41.802,1.3207,1.32087,1.00,1.00
2018.02.01 15:49:41.854,1.3207,1.32089,1.81,1.00
2018.02.01 15:49:42.030,1.32065,1.32082,1.00,1.19
2018.02.01 15:49:42.082,1.32063,1.32082,1.25,1.19
2018.02.01 15:49:42.238,1.32065,1.32081,1.00,1.25
2018.02.01 15:49:42.393,1.32067,1.32084,1.00,1.25
2018.02.01 15:49:42.497,1.32071,1.32086,1.00,1.00
2018.02.01 15:49:42.549,1.32072,1.32089,1.00,1.00
2018.02.01 15:49:43.094,1.32072,1.32091,1.00,1.19
2018.02.01 15:49:43.246,1.32072,1.32091,1.00,1.31
2018.02.01 15:49:43.350,1.32069,1.3209,2.44,1.19
2018.02.01 15:49:43.885,1.32069,1.3209,1.25,1.19
2018.02.01 15:49:44.249,1.32073,1.32091,1.00,1.25
2018.02.01 15:49:44.752,1.32073,1.32092,1.19,1.25
2018.02.01 15:49:45.582,1.32074,1.32092,1.19,1.00
2018.02.01 15:49:45.804,1.32074,1.32092,1.00,1.00
2018.02.01 15:49:45.988,1.32072,1.32091,1.12,1.19
2018.02.01 15:49:46.498,1.32071,1.32091,1.00,1.19
2018.02.01 15:49:47.004,1.3207,1.32091,1.00,1.19
2018.02.01 15:49:47.557,1.3207,1.32091,1.19,1.25
2018.02.01 15:49:47.887,1.32072,1.32092,1.19,1.69
2018.02.01 15:49:48.582,1.32073,1.32092,1.19,1.00
2018.02.01 15:49:48.886,1.32081,1.32098,1.00,1.19
2018.02.01 15:49:49.483,1.32081,1.32098,1.00,1.00
2018.02.01 15:49:49.793,1.32082,1.32099,1.19,1.10
2018.02.01 15:49:49.955,1.32085,1.32104,1.25,1.10
2018.02.01 15:49:50.112,1.32083,1.32101,1.00,1.00
2018.02.01 15:49:50.580,1.32082,1.321,1.00,1.19
2018.02.01 15:49:51.323,1.32083,1.32102,1.00,1.31
2018.02.01 15:49:51.874,1.32082,1.32101,1.00,1.19
2018.02.01 15:49:52.187,1.32079,1.32099,1.50,1.19
2018.02.01 15:49:52.669,1.32077,1.32096,2.81,1.25
2018.02.01 15:49:53.791,1.32078,1.32096,1.00,1.25
2018.02.01 15:49:54.431,1.32078,1.32097,1.31,1.69
2018.02.01 15:49:54.957,1.32079,1.32097,1.31,1.50
2018.02.01 15:49:55.515,1.32083,1.321,1.25,1.00
2018.02.01 15:49:55.759,1.32086,1.32105,1.19,1.57
2018.02.01 15:49:55.814,1.32096,1.32111,1.00,1.00
2018.02.01 15:49:55.866,1.32096,1.32114,1.00,1.50
2018.02.01 15:49:55.918,1.32095,1.32113,1.00,1.19
2018.02.01 15:49:56.022,1.32093,1.32112,1.00,1.19
2018.02.01 15:49:56.178,1.32092,1.32112,1.50,1.31
2018.02.01 15:49:57.129,1.32091,1.32111,1.00,2.44
2018.02.01 15:49:57.674,1.3209,1.32108,1.00,1.00
2018.02.01 15:49:57.983,1.32085,1.32105,1.19,1.01
2018.02.01 15:49:58.296,1.32074,1.3209,1.00,1.00
2018.02.01 15:49:58.349,1.32071,1.32089,1.19,1.00
2018.02.01 15:49:58.486,1.32069,1.32089,1.69,1.19
2018.02.01 15:49:59.240,1.3207,1.32088,1.00,1.29
2018.02.01 15:49:59.771,1.3207,1.32088,1.25,1.01
2018.02.01 15:50:00.053,1.32075,1.32094,1.25,1.45
2018.02.01 15:50:00.105,1.32075,1.32094,1.25,1.00
2018.02.01 15:50:00.609,1.32072,1.3209,1.50,1.25
2018.02.01 15:50:00.660,1.3207,1.32089,2.62,1.00
2018.02.01 15:50:01.119,1.32073,1.32091,1.00,1.26
2018.02.01 15:50:01.324,1.3207,1.32089,2.06,1.25
2018.02.01 15:50:01.883,1.32069,1.32091,2.81,1.76
2018.02.01 15:50:02.188,1.32073,1.3209,1.12,1.25
2018.02.01 15:50:02.501,1.32078,1.32097,1.19,1.50
2018.02.01 15:50:03.082,1.32079,1.32096,1.19,1.00
2018.02.01 15:50:03.239,1.32072,1.3209,4.31,1.00
2018.02.01 15:50:04.452,1.32068,1.32088,2.06,1.29
2018.02.01 15:50:04.866,1.32065,1.32085,1.62,1.29
2018.02.01 15:50:05.205,1.32065,1.32085,1.69,1.10
2018.02.01 15:50:06.133,1.32061,1.32082,6.37,1.00
2018.02.01 15:50:06.185,1.32061,1.32082,4.69,1.00
2018.02.01 15:50:06.391,1.3206,1.32077,3.19,1.00
2018.02.01 15:50:06.493,1.32058,1.32076,1.00,1.00
2018.02.01 15:50:06.901,1.32057,1.32075,1.31,1.00
2018.02.01 15:50:06.952,1.32056,1.32073,1.69,1.00
2018.02.01 15:50:07.209,1.32056,1.32075,1.19,1.50
2018.02.01 15:50:07.260,1.3206,1.32075,1.00,1.00
2018.02.01 15:50:07.411,1.32066,1.32083,1.69,1.00
2018.02.01 15:50:07.565,1.32071,1.32088,1.19,1.00
2018.02.01 15:50:08.096,1.32071,1.32089,1.19,1.00
2018.02.01 15:50:08.254,1.32075,1.32093,1.00,1.69
2018.02.01 15:50:08.465,1.32073,1.32091,1.25,1.00
2018.02.01 15:50:09.136,1.32072,1.3209,1.19,1.00
2018.02.01 15:50:09.862,1.32073,1.32091,1.25,1.00
2018.02.01 15:50:10.697,1.32074,1.32091,1.19,1.00
2018.02.01 15:50:10.801,1.32075,1.32093,1.19,1.00
2018.02.01 15:50:10.876,1.32075,1.32095,1.19,1.57
2018.02.01 15:50:11.032,1.32074,1.32092,1.00,1.25
2018.02.01 15:50:11.346,1.32076,1.32094,1.00,1.25
2018.02.01 15:50:11.678,1.32084,1.32101,1.25,1.50
2018.02.01 15:50:12.074,1.32082,1.321,1.25,1.25
2018.02.01 15:50:12.607,1.32082,1.321,1.19,1.10
2018.02.01 15:50:12.868,1.32083,1.321,1.19,1.00
2018.02.01 15:50:13.243,1.32081,1.32094,1.12,1.00
2018.02.01 15:50:13.295,1.32078,1.32095,1.19,1.00
2018.02.01 15:50:13.399,1.32081,1.32099,1.00,1.32
2018.02.01 15:50:13.608,1.3208,1.32097,1.00,1.19
2018.02.01 15:50:14.049,1.32078,1.32096,1.69,1.00
2018.02.01 15:50:14.355,1.32076,1.32094,2.44,1.00
2018.02.01 15:50:14.664,1.32066,1.3208,1.00,1.00
2018.02.01 15:50:14.786,1.32065,1.32084,1.00,2.44
2018.02.01 15:50:14.838,1.32066,1.32085,2.81,1.00
2018.02.01 15:50:15.046,1.32068,1.32087,1.25,1.50
2018.02.01 15:50:15.544,1.32067,1.32084,1.69,1.00
2018.02.01 15:50:15.928,1.32068,1.32086,1.25,1.00
2018.02.01 15:50:16.233,1.3207,1.32086,1.00,1.00
2018.02.01 15:50:16.444,1.32068,1.32086,1.25,1.00
2018.02.01 15:50:16.597,1.32065,1.32083,2.25,1.00
2018.02.01 15:50:16.906,1.32056,1.32069,1.00,1.00
2018.02.01 15:50:17.059,1.32051,1.32069,2.44,1.00
2018.02.01 15:50:17.226,1.32056,1.32072,1.00,1.57
2018.02.01 15:50:17.536,1.32056,1.3207,1.00,1.29
2018.02.01 15:50:17.639,1.32056,1.32072,1.00,1.26
2018.02.01 15:50:17.792,1.3206,1.32076,1.00,1.76
2018.02.01 15:50:17.988,1.32057,1.32076,1.00,1.29
2018.02.01 15:50:18.503,1.32056,1.32075,1.69,1.00
2018.02.01 15:50:18.787,1.32056,1.32073,2.44,1.00
2018.02.01 15:50:19.186,1.32056,1.32073,1.69,1.00
2018.02.01 15:50:19.531,1.32051,1.32057,1.00,1.00
2018.02.01 15:50:19.584,1.32046,1.32059,1.75,1.00
2018.02.01 15:50:19.637,1.32046,1.32058,1.00,1.00
2018.02.01 15:50:19.690,1.32041,1.32058,1.25,1.00
2018.02.01 15:50:20.056,1.32045,1.32058,1.00,1.00
2018.02.01 15:50:20.329,1.32045,1.32061,1.50,1.00
2018.02.01 15:50:20.382,1.32046,1.32064,1.25,1.50
2018.02.01 15:50:20.539,1.32044,1.32058,1.00,1.00
2018.02.01 15:50:20.887,1.32043,1.3206,1.19,1.00
2018.02.01 15:50:22.001,1.32041,1.32057,1.19,1.00
2018.02.01 15:50:22.106,1.32039,1.32056,1.19,1.00
2018.02.01 15:50:22.569,1.32038,1.32056,2.44,1.00
2018.02.01 15:50:22.787,1.32046,1.32061,1.00,1.25
2018.02.01 15:50:22.839,1.32045,1.32063,1.19,1.00
2018.02.01 15:50:22.892,1.32053,1.32067,1.19,1.50
2018.02.01 15:50:23.048,1.32058,1.32075,1.19,1.00
2018.02.01 15:50:23.205,1.32058,1.32075,1.25,1.00
2018.02.01 15:50:24.833,1.32058,1.32075,1.00,1.19
2018.02.01 15:50:24.999,1.32056,1.32075,1.50,1.25
2018.02.01 15:50:25.051,1.32055,1.3207,1.69,1.00
2018.02.01 15:50:25.105,1.32055,1.32072,1.00,1.00
2018.02.01 15:50:25.261,1.32052,1.3207,1.25,1.00
2018.02.01 15:50:25.313,1.32051,1.32067,1.69,1.00
2018.02.01 15:50:25.794,1.3205,1.32067,1.25,1.00
2018.02.01 15:50:26.314,1.32051,1.32066,1.50,1.00
2018.02.01 15:50:26.418,1.32051,1.32068,1.31,1.00
2018.02.01 15:50:26.603,1.32056,1.32074,2.25,1.29
2018.02.01 15:50:26.759,1.32056,1.32075,1.25,1.00
2018.02.01 15:50:27.339,1.32055,1.32074,2.44,1.00
2018.02.01 15:50:27.870,1.32056,1.32075,1.25,1.00
2018.02.01 15:50:29.302,1.32054,1.3207,1.50,1.00
2018.02.01 15:50:29.354,1.32053,1.32072,2.44,1.10
2018.02.01 15:50:29.876,1.32053,1.32073,1.69,1.00
2018.02.01 15:50:30.306,1.32052,1.3207,1.56,1.00
2018.02.01 15:50:30.361,1.32056,1.32074,1.25,1.01
2018.02.01 15:50:31.884,1.32055,1.32073,1.19,1.00
2018.02.01 15:50:31.938,1.32056,1.32071,1.25,1.00
2018.02.01 15:50:32.244,1.32059,1.32074,2.06,1.00
2018.02.01 15:50:32.296,1.3206,1.32076,2.44,1.00
2018.02.01 15:50:32.399,1.3206,1.32078,1.19,1.10
2018.02.01 15:50:32.760,1.32061,1.32076,1.19,1.00
2018.02.01 15:50:33.213,1.32057,1.32073,1.19,1.00
2018.02.01 15:50:33.958,1.32057,1.32072,1.19,1.00
2018.02.01 15:50:34.010,1.32057,1.32074,1.19,1.00
2018.02.01 15:50:34.520,1.32057,1.32073,1.19,1.00
2018.02.01 15:50:35.715,1.3206,1.32077,1.19,1.10
2018.02.01 15:50:35.767,1.32062,1.32081,1.25,1.01
2018.02.01 15:50:35.872,1.32064,1.32082,1.25,1.00
2018.02.01 15:50:36.410,1.32065,1.32083,1.00,1.00
2018.02.01 15:50:36.878,1.32069,1.32089,1.19,1.00
2018.02.01 15:50:36.929,1.32071,1.3209,1.69,1.50
2018.02.01 15:50:37.237,1.32072,1.32088,1.00,1.00
2018.02.01 15:50:37.550,1.32071,1.32088,2.06,1.00
2018.02.01 15:50:37.934,1.32072,1.3209,1.19,1.00
2018.02.01 15:50:38.395,1.32072,1.32092,1.19,1.25
2018.02.01 15:50:38.972,1.32077,1.32095,1.69,1.00
2018.02.01 15:50:39.284,1.32076,1.32093,1.37,1.25
2018.02.01 15:50:39.974,1.32077,1.32095,1.31,1.00
2018.02.01 15:50:40.548,1.32075,1.32094,1.69,1.00
2018.02.01 15:50:41.145,1.32075,1.32094,1.69,1.00
2018.02.01 15:50:41.475,1.32079,1.32097,1.00,1.25
2018.02.01 15:50:41.812,1.32077,1.32095,1.37,1.25
2018.02.01 15:50:41.918,1.32076,1.32097,1.19,1.00
2018.02.01 15:50:41.971,1.32076,1.32097,1.00,1.31
2018.02.01 15:50:42.024,1.32078,1.32097,1.00,1.00
2018.02.01 15:50:42.129,1.32079,1.32098,1.00,1.56
2018.02.01 15:50:42.234,1.32077,1.32096,1.00,1.19
2018.02.01 15:50:42.786,1.32077,1.32096,1.00,1.19
2018.02.01 15:50:43.268,1.3208,1.32095,1.00,1.00
2018.02.01 15:50:43.444,1.32076,1.32095,1.69,1.00
2018.02.01 15:50:43.832,1.32081,1.32099,2.06,1.00
2018.02.01 15:50:43.885,1.32085,1.32103,1.19,1.00
2018.02.01 15:50:44.406,1.32085,1.32103,1.69,1.00
2018.02.01 15:50:44.730,1.32084,1.32105,2.44,1.00
2018.02.01 15:50:44.939,1.32088,1.32106,1.19,1.00
2018.02.01 15:50:45.279,1.32085,1.32104,1.19,1.00
2018.02.01 15:50:45.815,1.32084,1.32103,1.19,1.00
2018.02.01 15:50:46.123,1.32086,1.32104,1.19,1.00
2018.02.01 15:50:46.654,1.32085,1.32105,3.56,1.00
2018.02.01 15:50:47.184,1.32085,1.32104,3.56,1.00
2018.02.01 15:50:47.288,1.32089,1.32107,1.25,1.25
2018.02.01 15:50:47.342,1.32093,1.32113,1.31,1.87
2018.02.01 15:50:47.480,1.32097,1.32116,1.12,1.19
2018.02.01 15:50:48.481,1.32096,1.32115,2.44,1.00
2018.02.01 15:50:48.666,1.32104,1.32123,1.19,1.00
2018.02.01 15:50:49.128,1.32107,1.32125,1.00,1.00
2018.02.01 15:50:49.634,1.32105,1.32126,1.19,1.25
2018.02.01 15:50:49.689,1.32103,1.32123,2.06,1.00
2018.02.01 15:50:49.741,1.32105,1.32126,1.19,1.25
2018.02.01 15:50:49.794,1.32107,1.32126,1.31,1.00
2018.02.01 15:50:50.224,1.32107,1.32128,2.06,1.25
2018.02.01 15:50:50.828,1.3211,1.32129,2.44,1.00
2018.02.01 15:50:50.931,1.32113,1.32131,1.00,1.00
2018.02.01 15:50:51.248,1.32117,1.32134,1.00,1.19
2018.02.01 15:50:51.301,1.32117,1.32136,1.19,1.00
2018.02.01 15:50:51.612,1.32118,1.32137,1.19,1.00
2018.02.01 15:50:51.820,1.32117,1.32135,1.25,1.00
2018.02.01 15:50:51.871,1.32114,1.32132,2.44,1.00
2018.02.01 15:50:52.750,1.32115,1.32133,1.19,1.00
2018.02.01 15:50:53.261,1.32114,1.32132,1.19,1.00
2018.02.01 15:50:53.636,1.32111,1.3213,1.69,1.00
2018.02.01 15:50:54.161,1.32113,1.32131,1.25,1.00
2018.02.01 15:50:54.682,1.32111,1.3213,1.69,1.00
2018.02.01 15:50:55.003,1.32115,1.32134,1.19,1.25
2018.02.01 15:50:55.106,1.32112,1.32133,1.69,1.19
2018.02.01 15:50:55.442,1.32117,1.32136,2.06,1.00
2018.02.01 15:50:55.493,1.32117,1.32138,2.06,1.00
2018.02.01 15:50:56.025,1.32118,1.32137,1.31,1.00
2018.02.01 15:50:56.573,1.32121,1.32137,1.00,1.00
2018.02.01 15:50:56.722,1.32121,1.32139,1.00,1.00
2018.02.01 15:50:57.240,1.32126,1.32142,1.19,1.00
2018.02.01 15:50:57.292,1.32123,1.32142,1.19,1.00
2018.02.01 15:50:57.427,1.32123,1.32142,1.25,1.19
2018.02.01 15:50:58.065,1.32124,1.32145,1.25,1.69
2018.02.01 15:50:58.117,1.32124,1.32145,1.56,1.00
2018.02.01 15:50:58.681,1.32125,1.32146,1.31,1.00
2018.02.01 15:50:59.077,1.32125,1.32142,1.25,1.00
2018.02.01 15:51:00.375,1.32123,1.32142,1.19,1.00
2018.02.01 15:51:00.584,1.32118,1.32138,1.00,1.19
2018.02.01 15:51:00.840,1.32117,1.32136,1.00,1.19
2018.02.01 15:51:01.070,1.32113,1.32132,1.87,1.25
2018.02.01 15:51:01.124,1.32111,1.3213,1.12,1.19
2018.02.01 15:51:01.325,1.32112,1.32131,1.00,1.00
2018.02.01 15:51:01.886,1.32113,1.32132,1.00,1.25
2018.02.01 15:51:01.999,1.32115,1.32133,1.00,1.25
2018.02.01 15:51:02.355,1.32111,1.32127,1.00,1.19
2018.02.01 15:51:02.409,1.32107,1.32125,1.87,1.19
2018.02.01 15:51:02.620,1.32111,1.3213,1.25,1.19
2018.02.01 15:51:02.672,1.32107,1.32128,3.19,1.25
2018.02.01 15:51:02.778,1.32107,1.32126,2.81,1.00
2018.02.01 15:51:03.297,1.32107,1.32125,1.31,1.25
2018.02.01 15:51:03.609,1.32119,1.32133,1.00,1.00
2018.02.01 15:51:03.861,1.32111,1.32127,1.00,1.25
2018.02.01 15:51:04.068,1.32105,1.32125,1.19,1.19
2018.02.01 15:51:04.119,1.32105,1.32123,1.00,1.19
2018.02.01 15:51:04.660,1.32103,1.32122,1.19,1.25
2018.02.01 15:51:04.712,1.32099,1.3212,1.25,1.19
2018.02.01 15:51:04.763,1.32099,1.3212,1.19,1.25
2018.02.01 15:51:05.071,1.32101,1.3212,1.00,1.31
2018.02.01 15:51:05.227,1.32101,1.32124,1.25,1.56
2018.02.01 15:51:05.279,1.32104,1.32124,1.00,1.56
2018.02.01 15:51:05.417,1.32102,1.32121,1.00,1.25
2018.02.01 15:51:05.469,1.32101,1.3212,1.69,1.00
2018.02.01 15:51:05.520,1.32101,1.3212,1.50,1.00
2018.02.01 15:51:05.920,1.32102,1.32123,1.00,1.19
2018.02.01 15:51:06.446,1.32102,1.32121,1.25,1.25
2018.02.01 15:51:06.928,1.321,1.32119,2.44,1.19
2018.02.01 15:51:07.234,1.32102,1.3212,1.19,1.00
2018.02.01 15:51:07.552,1.32096,1.32112,1.00,1.00
2018.02.01 15:51:07.655,1.32093,1.32112,3.56,1.00
2018.02.01 15:51:08.164,1.32093,1.32113,1.19,1.25
2018.02.01 15:51:08.320,1.32093,1.32111,1.00,1.00
2018.02.01 15:51:08.628,1.32084,1.321,1.50,1.00
2018.02.01 15:51:08.679,1.32082,1.32103,1.25,1.19
2018.02.01 15:51:08.731,1.32087,1.32105,1.00,1.25
2018.02.01 15:51:08.782,1.32085,1.32105,1.00,1.25
2018.02.01 15:51:09.009,1.32084,1.32103,1.25,1.00
2018.02.01 15:51:10.151,1.32082,1.32102,1.25,1.19
2018.02.01 15:51:10.810,1.32081,1.32099,1.56,1.00
2018.02.01 15:51:10.862,1.32082,1.32102,1.69,1.00
2018.02.01 15:51:11.018,1.32086,1.32104,1.50,1.00
2018.02.01 15:51:11.539,1.32087,1.32105,1.00,1.00
2018.02.01 15:51:12.121,1.32088,1.32106,1.00,1.00
2018.02.01 15:51:12.173,1.32085,1.32106,1.19,1.00
2018.02.01 15:51:12.405,1.32085,1.32106,1.19,1.19
2018.02.01 15:51:13.381,1.32083,1.32104,2.81,1.00
2018.02.01 15:51:13.723,1.3208,1.321,1.69,1.00
2018.02.01 15:51:14.266,1.32087,1.32105,2.62,1.00
2018.02.01 15:51:14.374,1.32089,1.32106,1.25,1.00
2018.02.01 15:51:14.428,1.32087,1.32103,2.06,1.00
2018.02.01 15:51:14.958,1.32084,1.32102,1.31,1.00
2018.02.01 15:51:15.271,1.32084,1.32102,1.56,1.00
2018.02.01 15:51:15.672,1.32082,1.321,1.19,1.00
2018.02.01 15:51:16.087,1.32082,1.32102,1.19,1.20
2018.02.01 15:51:16.632,1.32081,1.32099,2.06,1.00
2018.02.01 15:51:17.100,1.32081,1.32101,2.06,1.00
2018.02.01 15:51:17.203,1.32081,1.32099,2.06,1.00
2018.02.01 15:51:17.392,1.32081,1.32099,1.19,1.07
2018.02.01 15:51:17.443,1.32076,1.32095,1.25,1.10
2018.02.01 15:51:17.596,1.32084,1.32096,1.00,1.32
2018.02.01 15:51:17.698,1.32075,1.32095,1.19,1.10
2018.02.01 15:51:18.069,1.32077,1.32097,1.19,1.57
2018.02.01 15:51:18.427,1.32079,1.32097,1.19,1.00
2018.02.01 15:51:18.960,1.32078,1.32096,1.31,1.10
2018.02.01 15:51:19.270,1.32079,1.32099,1.69,1.07
2018.02.01 15:51:19.874,1.32079,1.32099,1.19,1.07
2018.02.01 15:51:20.414,1.3208,1.32098,1.19,1.07
2018.02.01 15:51:20.937,1.32079,1.32098,1.19,1.00
2018.02.01 15:51:21.560,1.32078,1.32097,1.19,1.00
2018.02.01 15:51:22.077,1.32077,1.32096,1.19,1.00
2018.02.01 15:51:22.624,1.32077,1.32095,1.69,1.00
2018.02.01 15:51:23.244,1.32078,1.32096,1.19,1.00
2018.02.01 15:51:23.500,1.32078,1.32096,1.00,1.00
2018.02.01 15:51:23.551,1.32076,1.32095,1.31,1.00
2018.02.01 15:51:23.654,1.32075,1.32096,1.31,1.25
2018.02.01 15:51:23.706,1.32076,1.32094,1.19,1.00
2018.02.01 15:51:24.196,1.32077,1.32095,1.19,1.00
2018.02.01 15:51:24.248,1.32076,1.32094,1.19,1.00
2018.02.01 15:51:24.300,1.32077,1.32095,1.19,1.00
2018.02.01 15:51:24.352,1.32077,1.32095,1.25,1.00
2018.02.01 15:51:24.404,1.32077,1.32095,1.31,1.00
2018.02.01 15:51:24.457,1.32078,1.32097,1.19,1.50
2018.02.01 15:51:24.915,1.32077,1.32095,1.31,1.00
2018.02.01 15:51:25.078,1.32079,1.32097,1.19,1.00
2018.02.01 15:51:25.131,1.32078,1.32098,1.00,1.31
2018.02.01 15:51:25.234,1.32077,1.32095,1.00,1.19
2018.02.01 15:51:25.442,1.32074,1.32094,1.00,1.19
2018.02.01 15:51:25.966,1.32073,1.32093,1.69,1.25
2018.02.01 15:51:26.017,1.32073,1.32093,1.50,1.19
2018.02.01 15:51:26.326,1.32076,1.32094,1.00,1.19
2018.02.01 15:51:26.482,1.3208,1.32099,1.25,1.25
2018.02.01 15:51:26.586,1.32078,1.32097,1.19,1.00
2018.02.01 15:51:26.691,1.32075,1.32095,1.69,1.25
2018.02.01 15:51:27.317,1.32075,1.32094,1.50,1.25
2018.02.01 15:51:27.696,1.32075,1.32091,1.12,1.00
2018.02.01 15:51:27.747,1.32072,1.3209,2.06,1.00
2018.02.01 15:51:27.869,1.32072,1.32092,3.19,1.25
2018.02.01 15:51:28.878,1.32072,1.32092,1.25,1.00
2018.02.01 15:51:29.073,1.32072,1.32092,1.19,1.00
2018.02.01 15:51:29.379,1.3208,1.32098,1.00,1.19
2018.02.01 15:51:30.045,1.32079,1.32097,1.00,1.25
2018.02.01 15:51:30.350,1.32076,1.32096,1.19,1.00
2018.02.01 15:51:30.656,1.32081,1.32099,1.00,1.76
2018.02.01 15:51:31.039,1.32079,1.32099,1.25,1.69
2018.02.01 15:51:31.091,1.32076,1.32095,1.31,1.00
2018.02.01 15:51:31.397,1.32079,1.32097,1.19,1.00
2018.02.01 15:51:32.324,1.32079,1.32097,1.19,1.00
2018.02.01 15:51:32.427,1.32078,1.32096,1.00,1.25
2018.02.01 15:51:32.974,1.32073,1.32094,2.81,1.19
2018.02.01 15:51:33.496,1.32072,1.32092,1.19,1.00
2018.02.01 15:51:34.332,1.32072,1.32092,1.19,1.25
2018.02.01 15:51:34.384,1.32071,1.32087,1.00,1.00
2018.02.01 15:51:34.569,1.32067,1.32085,1.00,1.00
2018.02.01 15:51:35.089,1.32065,1.32083,1.19,1.00
2018.02.01 15:51:35.356,1.32066,1.32086,1.31,1.25
2018.02.01 15:51:35.624,1.32066,1.32086,1.19,1.00
2018.02.01 15:51:36.295,1.32066,1.32086,1.25,1.00
2018.02.01 15:51:36.805,1.32067,1.32087,1.00,1.76
2018.02.01 15:51:36.911,1.32066,1.32085,1.00,1.19
2018.02.01 15:51:37.245,1.32064,1.32082,1.00,1.25
2018.02.01 15:51:37.584,1.32059,1.32075,1.25,1.00
2018.02.01 15:51:37.790,1.32061,1.32079,1.50,1.19
2018.02.01 15:51:37.893,1.32061,1.32076,1.00,1.00
2018.02.01 15:51:38.236,1.32058,1.32076,1.19,1.00
2018.02.01 15:51:38.780,1.3206,1.32076,1.00,1.00
2018.02.01 15:51:39.277,1.32056,1.32076,2.06,1.69
2018.02.01 15:51:39.335,1.32057,1.32074,1.25,1.00
2018.02.01 15:51:39.390,1.32055,1.32074,1.00,1.25
2018.02.01 15:51:39.901,1.32056,1.32076,1.00,1.31
2018.02.01 15:51:40.318,1.32056,1.32076,1.31,1.25
2018.02.01 15:51:40.370,1.32056,1.32076,1.12,1.31
2018.02.01 15:51:40.937,1.32057,1.32077,1.00,1.56
2018.02.01 15:51:41.090,1.32056,1.32076,1.12,1.19
2018.02.01 15:51:41.295,1.32056,1.32075,1.00,1.19
2018.02.01 15:51:41.794,1.32054,1.32074,1.69,1.19
2018.02.01 15:51:42.372,1.32054,1.32074,1.19,2.25
2018.02.01 15:51:42.424,1.32054,1.32074,1.19,2.25
2018.02.01 15:51:43.165,1.32056,1.32073,1.19,1.00
2018.02.01 15:51:43.971,1.32056,1.32075,1.19,1.00
2018.02.01 15:51:44.590,1.32055,1.32073,1.00,1.00
2018.02.01 15:51:45.120,1.32056,1.32074,1.00,1.00
2018.02.01 15:51:45.460,1.32066,1.32084,1.00,1.00
2018.02.01 15:51:46.049,1.32065,1.32084,1.19,1.00
2018.02.01 15:51:46.418,1.32064,1.32083,1.19,1.00
2018.02.01 15:51:46.533,1.32064,1.32085,1.19,1.25
2018.02.01 15:51:46.686,1.32067,1.32086,1.25,1.00
2018.02.01 15:51:47.074,1.3207,1.32087,1.00,1.00
2018.02.01 15:51:47.126,1.32071,1.32089,1.25,1.25
2018.02.01 15:51:47.637,1.3207,1.3209,1.69,1.00
2018.02.01 15:51:48.145,1.3207,1.32089,1.50,1.25
2018.02.01 15:51:48.754,1.32065,1.32082,2.25,1.25
2018.02.01 15:51:48.890,1.32064,1.32081,1.25,1.00
2018.02.01 15:51:48.944,1.32062,1.32082,1.25,1.01
2018.02.01 15:51:48.997,1.32062,1.32084,2.81,1.50
2018.02.01 15:51:49.311,1.32059,1.32079,1.19,1.00
2018.02.01 15:51:49.415,1.32061,1.32079,1.19,1.50
2018.02.01 15:51:49.824,1.32059,1.32077,1.19,1.00
2018.02.01 15:51:49.878,1.32054,1.32072,1.69,1.00
2018.02.01 15:51:49.930,1.32053,1.3207,1.19,1.00
2018.02.01 15:51:50.243,1.32059,1.32076,1.19,1.00
2018.02.01 15:51:50.570,1.32058,1.32076,1.69,1.00
2018.02.01 15:51:51.239,1.32055,1.32073,1.87,1.00
2018.02.01 15:51:51.548,1.32058,1.32078,1.31,1.00
2018.02.01 15:51:51.805,1.32059,1.32077,1.19,1.00
2018.02.01 15:51:51.857,1.32061,1.32079,1.19,1.57
2018.02.01 15:51:52.208,1.3207,1.32088,1.19,1.50
2018.02.01 15:51:52.588,1.32073,1.32091,1.00,1.50
2018.02.01 15:51:52.672,1.32073,1.32091,1.19,1.50
2018.02.01 15:51:52.725,1.32079,1.32096,1.00,1.50
2018.02.01 15:51:53.186,1.3208,1.32098,1.00,1.87
2018.02.01 15:51:53.710,1.3208,1.32098,1.19,1.87
2018.02.01 15:51:54.258,1.32081,1.32099,1.25,1.50
2018.02.01 15:51:54.766,1.3208,1.32098,1.25,1.00
2018.02.01 15:51:55.332,1.32077,1.32097,1.69,1.00
2018.02.01 15:51:55.384,1.32076,1.32091,1.50,1.25
2018.02.01 15:51:55.614,1.32072,1.32091,1.25,1.25
2018.02.01 15:51:55.873,1.32072,1.32092,1.31,1.50
2018.02.01 15:51:56.412,1.32072,1.32091,1.69,1.00
2018.02.01 15:51:56.516,1.32072,1.32093,1.69,2.44
2018.02.01 15:51:56.568,1.32072,1.32093,1.31,2.25
2018.02.01 15:51:57.085,1.32073,1.32092,1.62,1.00
2018.02.01 15:51:57.443,1.32075,1.32093,1.19,1.00
2018.02.01 15:51:57.873,1.32078,1.32094,1.19,1.00
2018.02.01 15:51:57.926,1.32079,1.32096,1.25,1.10
2018.02.01 15:51:57.978,1.32079,1.32099,1.25,1.20
2018.02.01 15:51:58.578,1.3208,1.32099,1.00,1.00
2018.02.01 15:51:58.652,1.32079,1.32097,2.06,1.00
2018.02.01 15:51:59.170,1.3208,1.32098,1.00,1.00
2018.02.01 15:51:59.517,1.32077,1.32096,1.25,1.19
2018.02.01 15:52:01.621,1.32074,1.32091,1.50,1.00
2018.02.01 15:52:01.933,1.32072,1.32091,1.00,1.19
2018.02.01 15:52:02.976,1.32073,1.32092,1.69,1.00
2018.02.01 15:52:03.364,1.32075,1.32094,1.19,1.50
2018.02.01 15:52:04.523,1.32075,1.32094,1.31,1.69
2018.02.01 15:52:05.589,1.32077,1.32094,1.00,1.25
2018.02.01 15:52:05.849,1.32079,1.32098,1.25,1.19
2018.02.01 15:52:06.643,1.32079,1.32096,1.25,1.00
2018.02.01 15:52:06.746,1.32077,1.32094,1.25,1.00
2018.02.01 15:52:07.051,1.32075,1.3209,1.00,1.00
2018.02.01 15:52:07.205,1.32075,1.32092,1.00,1.25
2018.02.01 15:52:07.400,1.32076,1.32096,1.31,1.69
2018.02.01 15:52:07.606,1.32075,1.32096,1.31,1.69
2018.02.01 15:52:07.761,1.32075,1.32096,1.12,1.69
2018.02.01 15:52:08.070,1.32074,1.32092,1.87,1.19
2018.02.01 15:52:08.615,1.32074,1.3209,1.12,1.00
2018.02.01 15:52:09.087,1.32072,1.32087,1.50,1.00
2018.02.01 15:52:09.396,1.3207,1.32089,1.19,1.00
2018.02.01 15:52:09.515,1.32073,1.3209,1.56,1.00
2018.02.01 15:52:09.567,1.32074,1.32093,2.81,1.00
2018.02.01 15:52:09.670,1.32074,1.32091,2.06,1.00
2018.02.01 15:52:10.078,1.32074,1.32091,1.31,1.00
2018.02.01 15:52:10.595,1.32073,1.3209,2.81,1.00
2018.02.01 15:52:11.012,1.32073,1.32087,2.25,1.00
2018.02.01 15:52:11.558,1.32073,1.32087,1.00,1.00
2018.02.01 15:52:12.098,1.32071,1.32087,1.31,1.00
2018.02.01 15:52:12.733,1.32071,1.32086,1.19,1.00
2018.02.01 15:52:12.836,1.32071,1.32088,1.69,1.00
2018.02.01 15:52:12.888,1.32073,1.3209,1.19,1.00
2018.02.01 15:52:13.321,1.32076,1.32092,1.56,1.00
2018.02.01 15:52:13.508,1.3208,1.32096,1.19,1.00
2018.02.01 15:52:13.611,1.32081,1.32098,1.69,1.00
2018.02.01 15:52:14.158,1.32082,1.32101,2.06,1.00
2018.02.01 15:52:14.209,1.32082,1.32097,1.19,1.00
2018.02.01 15:52:14.364,1.32081,1.321,1.19,1.25
2018.02.01 15:52:15.461,1.32081,1.321,1.19,1.00
2018.02.01 15:52:15.837,1.3208,1.32098,2.44,1.00
2018.02.01 15:52:17.117,1.32081,1.32098,1.31,1.00
2018.02.01 15:52:18.214,1.32081,1.32097,1.31,1.00
2018.02.01 15:52:18.714,1.3208,1.32097,1.25,1.00
2018.02.01 15:52:19.022,1.32082,1.321,1.19,1.00
2018.02.01 15:52:19.358,1.32085,1.32102,1.56,1.00
2018.02.01 15:52:19.409,1.32085,1.32102,1.19,1.00
2018.02.01 15:52:19.563,1.32084,1.321,1.31,1.00
2018.02.01 15:52:19.615,1.32084,1.32102,1.31,1.00
2018.02.01 15:52:20.158,1.32084,1.321,1.31,1.00
2018.02.01 15:52:20.440,1.32082,1.32099,1.31,1.00
2018.02.01 15:52:20.617,1.32083,1.32099,2.06,1.00
2018.02.01 15:52:21.166,1.32084,1.321,1.31,1.00
2018.02.01 15:52:21.707,1.32082,1.32099,2.06,1.00
2018.02.01 15:52:21.863,1.32082,1.32101,1.00,1.00
2018.02.01 15:52:21.967,1.32082,1.32098,1.00,1.00
2018.02.01 15:52:22.458,1.32081,1.321,1.31,1.00
2018.02.01 15:52:22.968,1.32081,1.321,1.31,1.00
2018.02.01 15:52:23.091,1.32084,1.32102,1.00,1.31
2018.02.01 15:52:23.639,1.3208,1.32098,1.50,1.25
2018.02.01 15:52:23.745,1.32079,1.32096,1.00,1.00
2018.02.01 15:52:24.003,1.32079,1.32098,1.00,1.25
2018.02.01 15:52:24.115,1.32077,1.32096,1.69,1.00
2018.02.01 15:52:24.617,1.32077,1.32097,2.44,1.00
2018.02.01 15:52:24.924,1.32081,1.32099,1.19,1.00
2018.02.01 15:52:25.275,1.32076,1.32094,1.00,1.31
2018.02.01 15:52:26.077,1.32076,1.32094,1.25,1.25
2018.02.01 15:52:26.599,1.32075,1.32093,1.69,1.25
2018.02.01 15:52:27.066,1.32076,1.32095,1.19,1.50
2018.02.01 15:52:27.372,1.32082,1.321,1.19,1.50
2018.02.01 15:52:27.913,1.32082,1.321,1.19,1.00
2018.02.01 15:52:28.860,1.32082,1.321,1.19,1.00
2018.02.01 15:52:29.196,1.32089,1.32108,1.19,1.50
2018.02.01 15:52:29.350,1.32089,1.32107,1.25,1.25
2018.02.01 15:52:30.066,1.32089,1.32107,1.19,1.12
2018.02.01 15:52:30.373,1.32087,1.32104,2.06,1.00
2018.02.01 15:52:30.429,1.32087,1.32104,1.25,1.00
2018.02.01 15:52:30.952,1.32086,1.32104,1.00,1.69
2018.02.01 15:52:31.471,1.32086,1.32101,1.00,1.00
2018.02.01 15:52:31.661,1.32086,1.32103,1.00,2.44
2018.02.01 15:52:32.019,1.32082,1.321,3.19,1.00
2018.02.01 15:52:32.348,1.32082,1.321,1.25,1.25
2018.02.01 15:52:32.557,1.32085,1.32097,1.00,1.00
2018.02.01 15:52:32.610,1.3208,1.32098,1.87,1.00
2018.02.01 15:52:32.663,1.32085,1.32101,1.00,1.00
2018.02.01 15:52:32.820,1.32082,1.321,2.06,1.00
2018.02.01 15:52:33.080,1.32079,1.32098,1.31,1.25
2018.02.01 15:52:33.441,1.32082,1.32101,1.19,1.31
2018.02.01 15:52:35.112,1.32082,1.32102,2.06,1.25
2018.02.01 15:52:36.011,1.32082,1.321,1.31,1.00
2018.02.01 15:52:36.481,1.32082,1.32098,1.12,1.00
2018.02.01 15:52:37.028,1.32082,1.321,1.31,2.44
2018.02.01 15:52:37.638,1.32082,1.32099,1.31,1.00
2018.02.01 15:52:38.816,1.32085,1.32099,1.00,1.00
2018.02.01 15:52:38.998,1.32081,1.32099,2.81,1.00
2018.02.01 15:52:39.050,1.32083,1.32101,1.00,2.06
2018.02.01 15:52:39.682,1.32086,1.32101,1.00,1.00
2018.02.01 15:52:40.005,1.32082,1.32101,1.19,1.00
2018.02.01 15:52:40.525,1.32082,1.32101,1.50,1.00
2018.02.01 15:52:40.735,1.32086,1.32102,1.00,1.25
2018.02.01 15:52:40.841,1.32084,1.32102,1.12,1.25
2018.02.01 15:52:41.370,1.32084,1.32103,1.69,1.00
2018.02.01 15:52:41.654,1.32086,1.32105,1.00,1.25
2018.02.01 15:52:43.535,1.32088,1.32106,2.06,2.62
2018.02.01 15:52:44.046,1.32088,1.32105,2.06,1.00
2018.02.01 15:52:44.362,1.32093,1.32108,1.31,1.00
2018.02.01 15:52:44.414,1.32094,1.32112,1.50,1.25
2018.02.01 15:52:44.991,1.32095,1.32113,1.00,1.00
2018.02.01 15:52:45.426,1.32094,1.32108,1.56,1.00
2018.02.01 15:52:45.479,1.32094,1.3211,1.37,1.00
2018.02.01 15:52:46.108,1.32094,1.32111,1.37,1.50
2018.02.01 15:52:46.441,1.32094,1.32109,1.37,1.00
2018.02.01 15:52:46.651,1.32091,1.32108,2.06,1.00
2018.02.01 15:52:47.161,1.32091,1.32107,1.37,1.00
2018.02.01 15:52:48.017,1.32091,1.32106,1.37,1.00
2018.02.01 15:52:48.171,1.32091,1.32108,1.37,1.25
2018.02.01 15:52:48.325,1.32092,1.3211,2.06,1.00
2018.02.01 15:52:48.521,1.32095,1.32112,1.31,1.00
2018.02.01 15:52:48.632,1.32093,1.3211,1.62,1.00
2018.02.01 15:52:48.787,1.32096,1.3211,1.00,1.00
2018.02.01 15:52:48.944,1.32092,1.32111,1.56,1.25
2018.02.01 15:52:49.785,1.32094,1.32111,1.37,1.25
2018.02.01 15:52:50.372,1.32094,1.3211,1.37,1.00
2018.02.01 15:52:50.882,1.32094,1.32111,1.37,1.25
2018.02.01 15:52:51.670,1.32092,1.3211,1.56,1.00
2018.02.01 15:52:51.723,1.32092,1.32108,1.56,1.00
2018.02.01 15:52:51.776,1.32094,1.32112,1.37,1.19
2018.02.01 15:52:52.322,1.32096,1.32111,1.00,1.00
2018.02.01 15:52:52.959,1.32096,1.3211,1.00,1.00
2018.02.01 15:52:53.260,1.32096,1.3211,1.19,1.00
2018.02.01 15:52:53.313,1.32093,1.32112,1.19,1.00
2018.02.01 15:52:53.365,1.32094,1.32112,1.25,1.00
2018.02.01 15:52:53.622,1.32094,1.32112,1.31,1.00
2018.02.01 15:52:54.579,1.32095,1.32113,1.19,1.50
2018.02.01 15:52:55.177,1.32096,1.32113,1.69,1.00
2018.02.01 15:52:55.524,1.32096,1.32111,1.00,1.25
2018.02.01 15:52:55.836,1.32091,1.32109,1.00,1.69
2018.02.01 15:52:56.378,1.3209,1.32107,1.12,1.25
2018.02.01 15:52:56.847,1.32088,1.32105,1.37,1.00
2018.02.01 15:52:57.398,1.32088,1.32106,1.00,2.44
2018.02.01 15:52:58.299,1.32088,1.32104,1.00,1.25
2018.02.01 15:52:58.820,1.32088,1.32106,1.19,1.00
2018.02.01 15:52:59.858,1.32087,1.32103,1.31,1.00
2018.02.01 15:52:59.910,1.32085,1.32103,1.37,1.00
2018.02.01 15:53:00.422,1.32084,1.32103,1.19,1.69
2018.02.01 15:53:00.974,1.32084,1.32102,1.19,1.00
2018.02.01 15:53:01.028,1.32084,1.321,1.19,1.00
2018.02.01 15:53:01.621,1.32084,1.32102,1.00,1.25
2018.02.01 15:53:01.725,1.32084,1.321,1.00,1.00
2018.02.01 15:53:02.574,1.32083,1.32101,1.50,1.00
2018.02.01 15:53:02.901,1.3209,1.32105,1.19,1.00
2018.02.01 15:53:03.005,1.32087,1.32105,1.56,1.00
2018.02.01 15:53:03.057,1.32089,1.32107,1.25,1.00
2018.02.01 15:53:03.110,1.3209,1.32107,1.50,1.00
2018.02.01 15:53:03.647,1.3209,1.32109,1.50,1.19
2018.02.01 15:53:04.190,1.3209,1.32109,1.69,1.25
2018.02.01 15:53:04.500,1.32092,1.32112,1.69,1.50
2018.02.01 15:53:04.604,1.32092,1.3211,1.19,1.00
2018.02.01 15:53:04.954,1.32091,1.32109,1.69,1.00
2018.02.01 15:53:05.005,1.32092,1.3211,1.19,1.00
2018.02.01 15:53:05.159,1.32093,1.32113,1.56,1.69
2018.02.01 15:53:05.668,1.32093,1.32112,1.56,1.00
2018.02.01 15:53:05.930,1.32095,1.32114,1.25,1.31
2018.02.01 15:53:06.243,1.32094,1.32112,1.19,1.00
2018.02.01 15:53:06.761,1.32094,1.32112,1.00,1.00
2018.02.01 15:53:07.091,1.32091,1.32108,2.06,1.00
2018.02.01 15:53:07.555,1.32092,1.3211,1.25,1.69
2018.02.01 15:53:07.827,1.32093,1.32112,1.19,1.00
2018.02.01 15:53:08.287,1.32092,1.32112,1.69,1.69
2018.02.01 15:53:08.339,1.32092,1.3211,1.00,1.19
2018.02.01 15:53:08.864,1.32091,1.3211,1.19,1.00
2018.02.01 15:53:09.210,1.3209,1.32108,1.69,1.00
2018.02.01 15:53:09.539,1.32093,1.32111,1.69,1.00
2018.02.01 15:53:09.794,1.32093,1.32113,1.69,2.06
2018.02.01 15:53:10.676,1.32093,1.32114,1.69,2.81
2018.02.01 15:53:10.883,1.32093,1.32113,1.19,1.37
2018.02.01 15:53:11.237,1.32095,1.32114,1.00,2.81
2018.02.01 15:53:11.290,1.32098,1.32113,1.00,1.00
2018.02.01 15:53:11.392,1.32097,1.32117,1.31,1.25
2018.02.01 15:53:11.596,1.32099,1.32119,1.69,1.00
2018.02.01 15:53:11.698,1.32099,1.32119,1.69,1.31
2018.02.01 15:53:11.750,1.32101,1.32119,1.00,1.19
2018.02.01 15:53:11.929,1.32099,1.32119,1.69,1.31
2018.02.01 15:53:12.430,1.32099,1.32119,1.69,1.31
2018.02.01 15:53:12.943,1.32099,1.32119,1.69,1.31
2018.02.01 15:53:12.994,1.32099,1.32116,1.19,1.00
2018.02.01 15:53:13.515,1.32097,1.32115,1.31,1.50
2018.02.01 15:53:13.799,1.32098,1.32117,1.25,1.69
2018.02.01 15:53:14.125,1.32098,1.32117,1.19,1.50
2018.02.01 15:53:15.583,1.32099,1.32119,1.56,1.39
2018.02.01 15:53:15.634,1.321,1.32117,1.19,1.00
2018.02.01 15:53:15.788,1.32105,1.3212,1.00,1.00
2018.02.01 15:53:15.840,1.32104,1.32122,1.31,1.25
2018.02.01 15:53:15.891,1.32104,1.32122,1.31,1.00
2018.02.01 15:53:16.419,1.32102,1.32122,2.06,1.00
2018.02.01 15:53:16.935,1.32102,1.32121,1.31,1.00
2018.02.01 15:53:18.005,1.32102,1.32121,1.31,1.25
2018.02.01 15:53:18.738,1.32101,1.32119,2.44,1.00
2018.02.01 15:53:18.790,1.32099,1.32119,1.31,2.44
2018.02.01 15:53:19.096,1.32098,1.32116,1.56,1.00
2018.02.01 15:53:19.148,1.32097,1.32117,1.12,1.31
2018.02.01 15:53:19.250,1.32099,1.32117,1.00,1.69
2018.02.01 15:53:19.352,1.321,1.32119,1.12,2.44
2018.02.01 15:53:19.514,1.32103,1.32121,1.00,1.29
2018.02.01 15:53:19.829,1.32099,1.32117,1.37,1.25
2018.02.01 15:53:19.881,1.32097,1.32118,1.56,1.39
2018.02.01 15:53:20.816,1.32096,1.32117,2.44,1.00
2018.02.01 15:53:20.919,1.32096,1.32116,2.06,1.00
2018.02.01 15:53:21.021,1.32096,1.32115,1.37,1.31
2018.02.01 15:53:21.101,1.32095,1.32115,2.06,1.31
2018.02.01 15:53:21.357,1.32096,1.32114,1.19,1.00
2018.02.01 15:53:21.562,1.32091,1.32111,1.50,1.62
2018.02.01 15:53:22.101,1.32092,1.32112,1.00,2.06
2018.02.01 15:53:22.321,1.32091,1.32109,1.50,1.00
2018.02.01 15:53:22.843,1.32093,1.32111,1.50,1.19
2018.02.01 15:53:22.948,1.32091,1.3211,1.50,1.25
2018.02.01 15:53:23.611,1.32093,1.32112,1.19,1.69
2018.02.01 15:53:24.143,1.32092,1.32111,2.06,1.00
2018.02.01 15:53:25.112,1.32092,1.32111,2.06,1.00
2018.02.01 15:53:25.673,1.32093,1.32111,1.00,1.00
2018.02.01 15:53:26.210,1.32092,1.3211,1.00,1.00
2018.02.01 15:53:26.313,1.3209,1.3211,1.25,1.50
2018.02.01 15:53:26.844,1.32091,1.32109,1.00,1.00
2018.02.01 15:53:27.889,1.32093,1.3211,1.00,1.00
2018.02.01 15:53:28.069,1.32085,1.32104,1.00,1.19
2018.02.01 15:53:28.996,1.32085,1.32104,1.25,1.25
2018.02.01 15:53:29.839,1.32085,1.32103,1.00,1.25
2018.02.01 15:53:30.509,1.32083,1.32103,1.19,1.25
2018.02.01 15:53:30.622,1.32081,1.32099,1.69,1.00
2018.02.01 15:53:30.675,1.32079,1.32099,1.69,1.31
2018.02.01 15:53:30.933,1.32078,1.32098,1.19,1.50
2018.02.01 15:53:31.042,1.32079,1.321,2.06,1.50
2018.02.01 15:53:31.094,1.32079,1.32099,1.69,1.19
2018.02.01 15:53:31.407,1.32078,1.32097,1.12,1.19
2018.02.01 15:53:31.972,1.32079,1.32097,1.00,1.19
2018.02.01 15:53:32.127,1.32079,1.321,1.69,1.19
2018.02.01 15:53:32.284,1.32077,1.32096,1.69,1.00
2018.02.01 15:53:33.358,1.32076,1.32095,1.69,1.00
2018.02.01 15:53:33.865,1.32076,1.32096,1.69,1.00
2018.02.01 15:53:34.177,1.32073,1.32093,2.06,1.00
2018.02.01 15:53:34.534,1.32075,1.32093,1.25,1.00
2018.02.01 15:53:35.508,1.32073,1.32092,2.81,1.00
2018.02.01 15:53:35.845,1.32079,1.32096,1.00,1.19
2018.02.01 15:53:36.001,1.32079,1.32097,1.00,1.00
2018.02.01 15:53:37.196,1.32078,1.32097,1.25,1.19
2018.02.01 15:53:37.727,1.32076,1.32095,1.69,1.00
2018.02.01 15:53:37.848,1.32076,1.32094,1.50,1.25
2018.02.01 15:53:38.383,1.32077,1.32094,1.50,1.25
2018.02.01 15:53:38.495,1.32081,1.32098,2.25,1.69
2018.02.01 15:53:38.650,1.32082,1.321,1.25,1.50
2018.02.01 15:53:38.702,1.32086,1.32102,1.69,1.00
2018.02.01 15:53:38.857,1.32086,1.32104,3.19,1.25
2018.02.01 15:53:39.343,1.32089,1.32105,1.00,1.69
2018.02.01 15:53:39.397,1.32092,1.32108,1.25,1.00
2018.02.01 15:53:39.450,1.32093,1.32112,1.19,2.25
2018.02.01 15:53:39.964,1.32092,1.32112,1.69,1.00
2018.02.01 15:53:40.484,1.32095,1.32113,1.00,1.69
2018.02.01 15:53:41.030,1.32094,1.32112,1.00,1.19
2018.02.01 15:53:41.245,1.32091,1.32111,3.19,1.00
2018.02.01 15:53:41.350,1.32091,1.32109,2.44,1.00
2018.02.01 15:53:41.659,1.3209,1.32109,3.00,1.69
2018.02.01 15:53:42.202,1.32089,1.32108,1.31,1.19
2018.02.01 15:53:42.741,1.3209,1.32109,1.00,1.69
2018.02.01 15:53:43.521,1.32085,1.32105,1.19,1.19
2018.02.01 15:53:44.048,1.32086,1.32103,1.50,1.69
2018.02.01 15:53:44.563,1.32085,1.32103,2.44,1.50
2018.02.01 15:53:45.127,1.32086,1.32103,1.69,1.50
2018.02.01 15:53:48.128,1.32085,1.32102,1.19,1.00
2018.02.01 15:53:48.652,1.32084,1.32101,2.06,1.00
2018.02.01 15:53:49.179,1.32086,1.32101,1.00,1.00
2018.02.01 15:53:49.709,1.32086,1.32103,1.50,1.00
2018.02.01 15:53:50.266,1.32085,1.32103,1.50,1.00
2018.02.01 15:53:50.628,1.32088,1.32103,1.00,1.00
2018.02.01 15:53:51.148,1.3209,1.32106,1.19,1.00
2018.02.01 15:53:51.252,1.32092,1.32111,1.19,1.50
2018.02.01 15:53:51.407,1.32092,1.32111,2.06,1.00
2018.02.01 15:53:51.765,1.32092,1.32111,1.19,1.00
2018.02.01 15:53:51.817,1.32092,1.32111,1.25,1.69
2018.02.01 15:53:52.422,1.3209,1.32111,3.19,1.50
2018.02.01 15:53:52.525,1.3209,1.32109,3.19,1.00
2018.02.01 15:53:53.085,1.3209,1.3211,2.44,1.00
2018.02.01 15:53:53.947,1.32089,1.32111,2.44,1.25
2018.02.01 15:53:56.729,1.32092,1.32111,1.00,1.69
2018.02.01 15:53:57.250,1.32093,1.32111,1.31,1.50
2018.02.01 15:53:57.796,1.32093,1.32112,2.06,1.00
2018.02.01 15:53:58.133,1.32093,1.32113,2.06,1.00
2018.02.01 15:53:59.571,1.32091,1.32107,1.75,1.25
2018.02.01 15:53:59.623,1.32089,1.32106,1.87,1.00
2018.02.01 15:53:59.922,1.32087,1.32108,4.31,1.00
2018.02.01 15:54:00.024,1.32088,1.32108,1.56,1.00
2018.02.01 15:54:00.128,1.3209,1.3211,1.31,1.00
2018.02.01 15:54:00.390,1.3209,1.3211,1.25,1.00
2018.02.01 15:54:00.543,1.3209,1.32109,1.19,1.00
2018.02.01 15:54:01.022,1.32097,1.32112,1.19,1.00
2018.02.01 15:54:01.074,1.32097,1.32116,1.19,3.00
2018.02.01 15:54:01.126,1.32099,1.32116,1.19,1.00
2018.02.01 15:54:01.857,1.32096,1.32116,1.69,1.00
2018.02.01 15:54:02.131,1.32094,1.32114,1.69,1.25
2018.02.01 15:54:02.652,1.32094,1.32113,1.19,1.00
2018.02.01 15:54:03.147,1.32098,1.32117,1.12,1.19
2018.02.01 15:54:03.199,1.32095,1.32115,2.06,1.00
2018.02.01 15:54:03.250,1.32096,1.32115,1.00,1.69
2018.02.01 15:54:03.767,1.32093,1.32112,1.00,1.69
2018.02.01 15:54:03.820,1.32091,1.32112,2.06,1.00
2018.02.01 15:54:04.126,1.32094,1.32112,1.19,1.00
2018.02.01 15:54:04.275,1.32095,1.32116,1.69,1.50
2018.02.01 15:54:04.930,1.32099,1.32116,1.00,1.00
2018.02.01 15:54:05.352,1.321,1.32118,1.00,1.69
2018.02.01 15:54:06.507,1.32103,1.32121,1.00,3.94
2018.02.01 15:54:06.661,1.32101,1.32121,1.25,1.69
2018.02.01 15:54:07.964,1.32102,1.32121,1.00,1.19
2018.02.01 15:54:08.208,1.32098,1.32118,1.31,1.69
2018.02.01 15:54:08.843,1.32099,1.32118,2.44,1.50
2018.02.01 15:54:09.055,1.32099,1.32117,1.12,1.19
2018.02.01 15:54:09.160,1.32097,1.32115,1.25,1.25
2018.02.01 15:54:09.264,1.32095,1.32115,3.19,1.69
2018.02.01 15:54:10.423,1.32093,1.32114,1.31,1.19
2018.02.01 15:54:10.838,1.32092,1.3211,1.69,1.00
2018.02.01 15:54:11.152,1.32094,1.32111,1.19,1.00
2018.02.01 15:54:12.659,1.32089,1.32109,2.81,1.00
2018.02.01 15:54:14.232,1.32089,1.32109,1.19,1.69
2018.02.01 15:54:16.841,1.32088,1.32109,1.69,1.50
2018.02.01 15:54:17.197,1.32098,1.3211,1.19,1.00
2018.02.01 15:54:17.248,1.321,1.32114,1.00,3.00
2018.02.01 15:54:17.379,1.32101,1.32119,1.25,1.50
2018.02.01 15:54:17.587,1.321,1.32119,1.00,1.19
2018.02.01 15:54:17.691,1.32101,1.32119,1.69,1.00
2018.02.01 15:54:17.847,1.32101,1.32119,3.19,1.00
2018.02.01 15:54:18.049,1.32101,1.32119,3.19,1.00
2018.02.01 15:54:18.581,1.32102,1.32119,2.25,1.25
2018.02.01 15:54:19.585,1.32098,1.32116,1.87,1.19
2018.02.01 15:54:19.873,1.32092,1.32112,1.25,1.00
2018.02.01 15:54:20.230,1.32094,1.32112,1.00,1.00
2018.02.01 15:54:20.608,1.32097,1.32115,1.00,1.25
2018.02.01 15:54:21.579,1.32097,1.32115,1.00,1.69
2018.02.01 15:54:21.925,1.321,1.32115,1.00,1.69
2018.02.01 15:54:22.255,1.321,1.32115,2.25,1.50
2018.02.01 15:54:22.363,1.32101,1.32118,2.25,1.19
2018.02.01 15:54:22.794,1.32098,1.32118,1.00,1.19
2018.02.01 15:54:23.362,1.32097,1.32117,1.00,1.25
2018.02.01 15:54:23.442,1.32097,1.32117,1.00,1.31
2018.02.01 15:54:23.700,1.32094,1.32115,1.19,2.06
2018.02.01 15:54:23.856,1.32094,1.32113,1.00,2.06
2018.02.01 15:54:24.167,1.32098,1.32113,1.00,1.00
2018.02.01 15:54:24.219,1.32097,1.32115,1.50,1.69
2018.02.01 15:54:24.613,1.32102,1.32118,1.50,3.75
2018.02.01 15:54:24.665,1.32103,1.32118,1.69,1.50
2018.02.01 15:54:24.978,1.32104,1.32121,2.44,1.00
2018.02.01 15:54:25.449,1.32101,1.3212,1.00,1.00
2018.02.01 15:54:25.616,1.32103,1.32121,1.19,1.00
2018.02.01 15:54:25.720,1.32105,1.32123,1.50,1.25
2018.02.01 15:54:26.228,1.32106,1.32123,1.00,1.19
2018.02.01 15:54:26.583,1.32102,1.32119,2.06,1.00
2018.02.01 15:54:26.890,1.32101,1.32117,1.00,1.00
2018.02.01 15:54:27.191,1.32099,1.32117,2.25,1.00
2018.02.01 15:54:28.313,1.32099,1.32117,1.19,1.00
2018.02.01 15:54:28.366,1.32101,1.32117,1.19,1.00
2018.02.01 15:54:28.523,1.321,1.32117,2.44,1.00
2018.02.01 15:54:29.047,1.32101,1.32117,1.00,1.25
2018.02.01 15:54:29.275,1.32101,1.32117,1.69,1.00
2018.02.01 15:54:29.327,1.32103,1.32121,1.25,1.00
2018.02.01 15:54:30.127,1.321,1.32118,1.50,1.00
2018.02.01 15:54:30.476,1.32108,1.32122,1.00,1.50
2018.02.01 15:54:30.579,1.32106,1.32125,1.56,1.50
2018.02.01 15:54:30.631,1.32106,1.32122,1.25,1.00
2018.02.01 15:54:31.158,1.32107,1.32123,1.00,1.50
2018.02.01 15:54:31.415,1.32104,1.32123,1.19,1.50
2018.02.01 15:54:31.823,1.32102,1.32121,1.69,1.00
2018.02.01 15:54:32.082,1.32101,1.3212,1.25,1.19
2018.02.01 15:54:32.256,1.32105,1.32123,1.31,2.25
2018.02.01 15:54:32.307,1.32105,1.32123,1.25,1.50
2018.02.01 15:54:32.863,1.32106,1.32123,1.00,1.00
2018.02.01 15:54:33.830,1.32105,1.32123,1.25,1.00
2018.02.01 15:54:34.055,1.32104,1.32123,2.44,1.00
2018.02.01 15:54:34.211,1.32106,1.32125,1.19,1.69
2018.02.01 15:54:34.834,1.32105,1.32124,1.19,1.25
2018.02.01 15:54:34.887,1.32107,1.32126,1.31,1.00
2018.02.01 15:54:34.940,1.32107,1.32126,1.25,1.00
2018.02.01 15:54:35.199,1.32106,1.32126,2.44,1.87
2018.02.01 15:54:35.537,1.32107,1.32125,1.69,1.00
2018.02.01 15:54:36.406,1.32106,1.32123,1.19,1.00
2018.02.01 15:54:36.527,1.32106,1.32125,1.19,1.00
2018.02.01 15:54:36.684,1.32106,1.32122,1.00,1.00
2018.02.01 15:54:36.997,1.32103,1.32121,1.00,1.19
2018.02.01 15:54:37.324,1.32101,1.32119,1.50,1.56
2018.02.01 15:54:37.378,1.32097,1.32115,1.00,1.69
2018.02.01 15:54:37.691,1.321,1.32115,1.00,1.50
2018.02.01 15:54:38.225,1.32097,1.32115,1.25,1.00
2018.02.01 15:54:38.372,1.32098,1.32115,1.19,1.00
2018.02.01 15:54:38.802,1.32104,1.32119,1.19,1.00
2018.02.01 15:54:38.906,1.32104,1.32122,1.69,3.19
2018.02.01 15:54:39.734,1.32106,1.32122,1.00,1.25
2018.02.01 15:54:39.840,1.32108,1.32125,1.00,1.25
2018.02.01 15:54:40.348,1.32107,1.32125,1.25,1.25
2018.02.01 15:54:40.972,1.32108,1.32125,1.00,1.25
2018.02.01 15:54:41.708,1.32106,1.32125,1.31,1.00
2018.02.01 15:54:42.596,1.32106,1.32125,2.06,1.00
2018.02.01 15:54:42.942,1.32111,1.32125,1.00,1.00
2018.02.01 15:54:42.994,1.32113,1.32132,1.19,1.12
2018.02.01 15:54:43.616,1.32115,1.32131,1.00,1.00
2018.02.01 15:54:43.719,1.32113,1.32131,1.50,1.00
2018.02.01 15:54:44.760,1.32116,1.32132,1.50,1.12
2018.02.01 15:54:45.276,1.32116,1.32133,1.50,1.25
2018.02.01 15:54:45.785,1.32114,1.32133,2.06,1.25
2018.02.01 15:54:46.887,1.32122,1.32135,1.00,1.19
2018.02.01 15:54:46.941,1.32124,1.32136,1.50,1.50
2018.02.01 15:54:47.100,1.32123,1.32141,1.25,1.00
2018.02.01 15:54:47.620,1.32122,1.32141,1.19,1.00
2018.02.01 15:54:48.463,1.32125,1.32139,1.00,1.00
2018.02.01 15:54:48.515,1.32119,1.32139,1.31,1.50
2018.02.01 15:54:48.668,1.32119,1.32139,1.25,1.69
2018.02.01 15:54:48.872,1.32124,1.32139,2.25,1.69
2018.02.01 15:54:49.199,1.32124,1.32137,2.25,1.00
2018.02.01 15:54:49.457,1.32122,1.3214,1.50,1.19
2018.02.01 15:54:49.614,1.32127,1.32144,1.00,1.69
2018.02.01 15:54:49.926,1.32131,1.32148,1.00,2.62
2018.02.01 15:54:50.213,1.32134,1.32149,2.25,1.25
2018.02.01 15:54:50.731,1.32135,1.32149,2.25,1.00
2018.02.01 15:54:51.320,1.32136,1.32149,1.50,1.69
2018.02.01 15:54:51.473,1.32131,1.32149,1.25,1.25
2018.02.01 15:54:51.976,1.32135,1.32148,1.50,1.00
2018.02.01 15:54:52.569,1.32135,1.32149,1.50,1.25
2018.02.01 15:54:52.912,1.32133,1.32149,1.00,1.31
2018.02.01 15:54:53.071,1.32134,1.3215,1.12,3.19
2018.02.01 15:54:53.273,1.32138,1.32154,1.00,2.81
2018.02.01 15:54:53.582,1.32143,1.32161,2.25,2.81
2018.02.01 15:54:53.872,1.32143,1.32159,1.00,1.19
2018.02.01 15:54:53.923,1.32141,1.32159,2.25,1.19
2018.02.01 15:54:54.303,1.32141,1.32153,1.50,1.00
2018.02.01 15:54:54.360,1.32135,1.32153,1.00,2.44
2018.02.01 15:54:54.412,1.32135,1.32151,1.00,1.31
2018.02.01 15:54:54.532,1.32135,1.3215,1.00,1.00
2018.02.01 15:54:55.051,1.32137,1.32152,1.69,1.12
2018.02.01 15:54:55.161,1.32138,1.32157,1.56,1.12
2018.02.01 15:54:55.289,1.32138,1.32158,1.00,1.69
2018.02.01 15:54:55.350,1.32137,1.32151,1.50,1.19
2018.02.01 15:54:55.861,1.32136,1.32152,1.50,2.25
2018.02.01 15:54:55.913,1.32133,1.32152,1.00,2.44
2018.02.01 15:54:56.446,1.32132,1.32151,2.25,1.00
2018.02.01 15:54:56.959,1.32135,1.32151,1.50,1.50
2018.02.01 15:54:57.509,1.32133,1.32152,1.25,2.44
2018.02.01 15:54:57.789,1.32136,1.32151,1.00,1.00
2018.02.01 15:54:59.253,1.32137,1.32151,1.00,1.25
2018.02.01 15:54:59.754,1.32134,1.3215,1.25,1.00
2018.02.01 15:55:00.199,1.32142,1.32153,2.25,1.00
2018.02.01 15:55:00.304,1.32142,1.32156,2.25,1.25
2018.02.01 15:55:00.356,1.32142,1.32154,2.25,1.19
2018.02.01 15:55:00.727,1.3214,1.32153,2.25,1.25
2018.02.01 15:55:01.094,1.3214,1.32154,2.25,1.31
2018.02.01 15:55:01.199,1.32138,1.32154,2.25,1.31
2018.02.01 15:55:01.252,1.32138,1.32158,2.25,1.69
2018.02.01 15:55:01.408,1.32138,1.32154,2.25,1.00
2018.02.01 15:55:01.796,1.32139,1.32152,1.50,1.25
2018.02.01 15:55:02.105,1.3214,1.32152,1.50,1.19
2018.02.01 15:55:02.208,1.32136,1.32152,2.25,1.19
2018.02.01 15:55:02.412,1.32136,1.32151,2.25,1.31
2018.02.01 15:55:02.631,1.32137,1.3215,2.25,1.25
2018.02.01 15:55:02.735,1.32133,1.3215,2.25,1.31
2018.02.01 15:55:02.839,1.32135,1.32154,1.25,1.19
2018.02.01 15:55:03.112,1.32132,1.32148,1.00,1.69
2018.02.01 15:55:03.165,1.32126,1.32146,2.81,1.00
2018.02.01 15:55:03.578,1.32132,1.32147,1.00,1.00
2018.02.01 15:55:03.630,1.32131,1.32149,1.00,1.87
2018.02.01 15:55:04.143,1.3213,1.32148,2.44,1.12
2018.02.01 15:55:04.647,1.32132,1.32145,1.00,1.00
2018.02.01 15:55:04.699,1.32132,1.32147,1.00,1.69
2018.02.01 15:55:05.125,1.32128,1.32147,2.25,1.69
2018.02.01 15:55:05.329,1.32129,1.32146,1.19,1.00
2018.02.01 15:55:05.380,1.32129,1.32149,1.19,3.19
2018.02.01 15:55:05.431,1.32133,1.32149,1.50,1.69
2018.02.01 15:55:05.787,1.32133,1.3215,2.25,1.31
2018.02.01 15:55:05.839,1.32134,1.32151,2.25,1.31
2018.02.01 15:55:05.941,1.32136,1.32152,1.00,1.00
2018.02.01 15:55:06.283,1.32138,1.32152,1.00,1.00
2018.02.01 15:55:06.335,1.32138,1.32155,1.00,2.81
2018.02.01 15:55:06.540,1.32142,1.32155,1.00,2.06
2018.02.01 15:55:07.085,1.32141,1.32154,1.00,1.12
2018.02.01 15:55:07.137,1.32136,1.32155,1.69,2.06
2018.02.01 15:55:07.656,1.32136,1.32155,1.00,2.06
2018.02.01 15:55:07.887,1.32141,1.32155,1.50,2.06
2018.02.01 15:55:08.396,1.32141,1.32155,1.00,1.25
2018.02.01 15:55:08.518,1.32139,1.32155,2.25,1.25
2018.02.01 15:55:08.903,1.32139,1.32157,2.25,1.00
2018.02.01 15:55:09.061,1.32145,1.3216,1.50,3.56
2018.02.01 15:55:09.113,1.32146,1.32161,1.00,1.00
2018.02.01 15:55:09.624,1.32146,1.32162,2.25,1.31
2018.02.01 15:55:10.170,1.32145,1.32164,2.25,3.19
2018.02.01 15:55:10.274,1.32152,1.32165,1.00,1.31
2018.02.01 15:55:10.429,1.32152,1.32165,1.00,1.00
2018.02.01 15:55:10.812,1.32147,1.32168,3.75,1.69
2018.02.01 15:55:11.358,1.32149,1.32168,2.25,2.44
2018.02.01 15:55:11.621,1.3215,1.32168,2.25,1.31
2018.02.01 15:55:12.150,1.3215,1.32169,2.44,1.31
2018.02.01 15:55:12.573,1.32151,1.32166,2.25,1.00
2018.02.01 15:55:13.335,1.3215,1.32168,2.25,1.56
2018.02.01 15:55:13.388,1.3215,1.32171,2.44,3.19
2018.02.01 15:55:13.494,1.32158,1.32172,1.00,2.06
2018.02.01 15:55:13.547,1.32149,1.3217,1.94,1.00
2018.02.01 15:55:13.600,1.32157,1.3217,2.25,1.00
2018.02.01 15:55:13.706,1.32157,1.32173,2.44,1.37
2018.02.01 15:55:14.091,1.32159,1.32174,2.25,1.31
2018.02.01 15:55:14.486,1.32152,1.32172,1.00,1.31
2018.02.01 15:55:14.538,1.32151,1.32171,2.25,2.06
2018.02.01 15:55:14.768,1.32151,1.32169,2.44,1.00
2018.02.01 15:55:15.129,1.32152,1.32171,2.25,1.69
2018.02.01 15:55:15.284,1.32159,1.32172,1.00,1.00
2018.02.01 15:55:15.814,1.32157,1.32171,1.12,1.00
2018.02.01 15:55:16.347,1.32157,1.32174,2.25,1.50
2018.02.01 15:55:16.398,1.32158,1.32176,2.44,1.00
2018.02.01 15:55:16.653,1.32164,1.32176,2.25,1.69
2018.02.01 15:55:16.961,1.32156,1.32176,1.69,1.25
2018.02.01 15:55:18.045,1.3216,1.32178,1.94,1.00
2018.02.01 15:55:18.147,1.3216,1.3218,1.94,1.00
2018.02.01 15:55:18.198,1.32166,1.3218,1.50,1.00
2018.02.01 15:55:18.250,1.32166,1.32182,1.50,1.25
2018.02.01 15:55:18.609,1.32164,1.32183,1.25,1.00
2018.02.01 15:55:18.743,1.32164,1.32184,1.31,1.00
2018.02.01 15:55:19.051,1.32161,1.32178,1.31,1.50
2018.02.01 15:55:19.103,1.32159,1.32176,3.19,1.00
2018.02.01 15:55:19.441,1.32156,1.32175,1.00,1.31
2018.02.01 15:55:19.646,1.32158,1.32176,1.00,2.06
2018.02.01 15:55:20.055,1.32164,1.32179,1.00,1.00
2018.02.01 15:55:20.325,1.32165,1.32187,1.00,1.56
2018.02.01 15:55:20.377,1.32162,1.32184,1.31,1.19
2018.02.01 15:55:20.533,1.32168,1.32183,1.00,1.00
2018.02.01 15:55:20.586,1.32163,1.32183,1.69,1.00
2018.02.01 15:55:20.639,1.32161,1.32182,3.19,1.00
2018.02.01 15:55:20.770,1.32162,1.32179,1.56,1.00
2018.02.01 15:55:21.413,1.3216,1.32179,1.19,1.69
2018.02.01 15:55:21.796,1.3216,1.32177,1.00,1.19
2018.02.01 15:55:22.107,1.32161,1.32179,1.00,1.19
2018.02.01 15:55:22.320,1.32161,1.32176,1.25,1.00
2018.02.01 15:55:22.425,1.32161,1.32178,1.25,1.00
2018.02.01 15:55:22.684,1.32161,1.32176,1.00,1.50
2018.02.01 15:55:23.197,1.32161,1.32175,1.00,1.00
2018.02.01 15:55:23.259,1.32157,1.32175,1.19,1.00
2018.02.01 15:55:23.310,1.32157,1.32175,1.25,1.00
2018.02.01 15:55:23.412,1.32159,1.32175,1.00,1.00
2018.02.01 15:55:23.982,1.32158,1.32176,1.25,1.25
2018.02.01 15:55:24.940,1.32158,1.32176,1.19,1.00
2018.02.01 15:55:25.648,1.32158,1.32176,1.19,1.00
2018.02.01 15:55:26.562,1.32161,1.32176,1.00,1.00
2018.02.01 15:55:26.717,1.32161,1.32178,1.00,1.00
2018.02.01 15:55:26.768,1.32161,1.32178,1.19,1.00
2018.02.01 15:55:27.101,1.32162,1.3218,1.19,1.00
2018.02.01 15:55:27.203,1.32161,1.32178,1.19,1.00
2018.02.01 15:55:27.254,1.32164,1.32181,1.00,1.00
2018.02.01 15:55:27.511,1.32161,1.32179,1.19,1.00
2018.02.01 15:55:27.562,1.32161,1.32178,1.25,1.00
2018.02.01 15:55:27.875,1.32159,1.32173,1.19,1.00
2018.02.01 15:55:28.364,1.32155,1.32172,3.94,1.00
2018.02.01 15:55:28.416,1.32155,1.32174,3.94,1.00
2018.02.01 15:55:28.788,1.32156,1.32174,1.31,1.00
2018.02.01 15:55:28.839,1.32156,1.32176,1.31,1.00
2018.02.01 15:55:29.045,1.32155,1.32174,2.25,1.00
2018.02.01 15:55:29.308,1.32151,1.32169,1.19,1.00
2018.02.01 15:55:29.715,1.32152,1.32172,2.44,1.00
2018.02.01 15:55:29.767,1.32152,1.32174,4.87,1.00
2018.02.01 15:55:29.869,1.32155,1.32173,1.25,1.25
2018.02.01 15:55:30.453,1.32155,1.32173,1.19,1.00
2018.02.01 15:55:31.108,1.32153,1.32173,2.81,1.00
2018.02.01 15:55:31.888,1.32153,1.32174,2.06,1.00
2018.02.01 15:55:32.199,1.32155,1.32174,1.56,1.00
2018.02.01 15:55:32.860,1.32155,1.32174,1.19,1.00
2018.02.01 15:55:33.253,1.32157,1.32173,1.31,1.00
2018.02.01 15:55:33.624,1.32157,1.32177,1.31,1.25
2018.02.01 15:55:33.777,1.32161,1.32177,1.00,1.25
2018.02.01 15:55:34.309,1.3216,1.32178,1.19,1.00
2018.02.01 15:55:34.618,1.32166,1.32179,1.00,1.00
2018.02.01 15:55:35.134,1.32161,1.32177,1.19,1.00
2018.02.01 15:55:35.187,1.3216,1.32177,2.06,1.00
2018.02.01 15:55:35.482,1.32166,1.3218,1.00,1.00
2018.02.01 15:55:37.133,1.32166,1.32182,1.00,1.00
2018.02.01 15:55:38.022,1.32162,1.32182,2.06,1.87
2018.02.01 15:55:38.075,1.32165,1.3218,1.00,1.87
2018.02.01 15:55:38.312,1.32166,1.32182,1.25,1.00
2018.02.01 15:55:38.365,1.32165,1.32185,2.06,1.00
2018.02.01 15:55:38.417,1.32165,1.32183,1.19,1.12
2018.02.01 15:55:38.675,1.32164,1.32181,2.06,1.00
2018.02.01 15:55:38.780,1.32166,1.32183,1.25,1.12
2018.02.01 15:55:38.836,1.32161,1.32181,1.56,1.00
2018.02.01 15:55:39.020,1.32166,1.32185,1.69,1.00
2018.02.01 15:55:39.550,1.32167,1.32185,1.00,1.00
2018.02.01 15:55:40.062,1.32167,1.32184,1.25,1.00
2018.02.01 15:55:40.114,1.32171,1.32184,1.00,1.00
2018.02.01 15:55:40.166,1.32171,1.32187,1.25,1.00
2018.02.01 15:55:40.677,1.32166,1.32188,2.06,1.00
2018.02.01 15:55:41.264,1.32166,1.32188,2.81,1.00
2018.02.01 15:55:41.316,1.32166,1.32185,2.44,1.00
2018.02.01 15:55:42.285,1.32166,1.32184,2.44,1.00
2018.02.01 15:55:42.592,1.32167,1.32184,1.19,1.00
2018.02.01 15:55:42.995,1.32171,1.32187,1.00,1.00
2018.02.01 15:55:43.533,1.32171,1.32186,1.25,1.00
2018.02.01 15:55:43.686,1.3217,1.32186,1.31,1.00
2018.02.01 15:55:44.229,1.3217,1.32187,1.31,1.00
2018.02.01 15:55:44.282,1.3217,1.32189,1.31,1.00
2018.02.01 15:55:44.594,1.32176,1.32193,1.25,1.00
2018.02.01 15:55:45.317,1.3218,1.32196,1.00,1.00
2018.02.01 15:55:45.623,1.32175,1.3219,1.56,1.00
2018.02.01 15:55:45.675,1.32176,1.32195,1.19,1.00
2018.02.01 15:55:46.261,1.32176,1.32195,1.19,1.00
2018.02.01 15:55:46.839,1.32175,1.32195,1.69,1.00
2018.02.01 15:55:46.891,1.32177,1.32195,1.00,1.00
2018.02.01 15:55:47.442,1.32177,1.32194,1.00,1.00
2018.02.01 15:55:47.806,1.32175,1.3219,1.12,1.00
2018.02.01 15:55:47.910,1.32175,1.32195,3.19,1.00
2018.02.01 15:55:47.962,1.32177,1.32197,2.25,1.00
2018.02.01 15:55:48.090,1.32177,1.32195,1.56,1.00
2018.02.01 15:55:48.606,1.32176,1.32194,1.19,1.00
2018.02.01 15:55:49.672,1.32175,1.32194,1.31,1.00
2018.02.01 15:55:52.303,1.32176,1.32194,1.25,1.00
2018.02.01 15:55:53.273,1.32174,1.32191,1.31,1.00
2018.02.01 15:55:53.795,1.32174,1.32192,1.31,1.00
2018.02.01 15:55:54.160,1.32173,1.3219,1.69,1.00
2018.02.01 15:55:54.505,1.32174,1.3219,1.31,1.00
2018.02.01 15:55:55.188,1.32174,1.3219,1.31,1.00
2018.02.01 15:55:55.713,1.32174,1.3219,1.31,1.00
2018.02.01 15:55:55.988,1.32176,1.32192,2.06,1.00
2018.02.01 15:55:56.444,1.32177,1.32194,1.25,1.00
2018.02.01 15:55:56.990,1.32176,1.32193,2.06,1.00
2018.02.01 15:55:57.497,1.32181,1.32195,1.00,1.00
2018.02.01 15:55:57.704,1.32182,1.32197,1.00,1.00
2018.02.01 15:55:57.859,1.32184,1.32198,1.00,1.00
2018.02.01 15:55:58.170,1.32184,1.32196,1.25,1.00
2018.02.01 15:55:59.221,1.32181,1.32196,2.06,1.00
2018.02.01 15:55:59.329,1.32181,1.32197,1.12,1.25
2018.02.01 15:56:00.067,1.32181,1.32199,2.06,2.62
2018.02.01 15:56:00.121,1.32181,1.32199,1.69,1.00
2018.02.01 15:56:00.670,1.32184,1.32199,1.31,1.00
2018.02.01 15:56:01.073,1.32188,1.32203,1.00,1.00
2018.02.01 15:56:01.127,1.32189,1.32205,1.25,1.00
2018.02.01 15:56:01.180,1.32191,1.32206,1.69,1.00
2018.02.01 15:56:01.502,1.32194,1.32205,1.00,1.00
2018.02.01 15:56:02.262,1.32193,1.32205,1.50,1.00
2018.02.01 15:56:03.046,1.32191,1.32203,1.00,1.00
2018.02.01 15:56:03.097,1.32189,1.32203,1.31,1.00
2018.02.01 15:56:03.248,1.32188,1.32195,1.00,1.00
2018.02.01 15:56:03.300,1.32184,1.32199,1.00,1.25
2018.02.01 15:56:03.557,1.32183,1.32199,4.31,1.00
2018.02.01 15:56:04.083,1.32183,1.322,3.56,1.00
2018.02.01 15:56:04.491,1.3219,1.32202,1.50,1.00
2018.02.01 15:56:04.542,1.32186,1.32201,1.69,1.00
2018.02.01 15:56:04.799,1.32188,1.32204,1.00,1.00
2018.02.01 15:56:04.901,1.32188,1.322,1.00,1.00
2018.02.01 15:56:05.108,1.32181,1.32198,1.69,1.00
2018.02.01 15:56:05.239,1.32185,1.32198,1.00,1.00
2018.02.01 15:56:05.499,1.32185,1.322,1.00,1.00
2018.02.01 15:56:05.707,1.32186,1.32198,1.00,1.00
2018.02.01 15:56:05.759,1.32186,1.322,1.00,1.00
2018.02.01 15:56:06.254,1.32185,1.32202,3.00,1.31
2018.02.01 15:56:06.357,1.32189,1.32202,1.00,1.00
2018.02.01 15:56:06.685,1.3219,1.32205,1.12,1.87
2018.02.01 15:56:06.942,1.32191,1.32206,1.19,1.00
2018.02.01 15:56:07.514,1.32194,1.3221,2.06,1.00
2018.02.01 15:56:07.566,1.32194,1.32209,1.50,1.00
2018.02.01 15:56:07.669,1.32194,1.3221,1.19,1.00
2018.02.01 15:56:07.720,1.32194,1.32212,1.69,1.00
2018.02.01 15:56:07.822,1.32198,1.32211,2.25,1.00
2018.02.01 15:56:08.128,1.32192,1.32206,1.00,1.00
2018.02.01 15:56:08.270,1.32195,1.32209,1.19,1.00
2018.02.01 15:56:08.476,1.32199,1.32215,1.00,1.00
2018.02.01 15:56:08.631,1.32199,1.32213,1.00,1.00
2018.02.01 15:56:08.957,1.32196,1.32209,1.00,1.00
2018.02.01 15:56:09.425,1.32192,1.32209,1.25,1.00
2018.02.01 15:56:09.686,1.32194,1.3221,1.19,1.00
2018.02.01 15:56:10.027,1.32201,1.32212,1.00,1.00
2018.02.01 15:56:10.286,1.32199,1.32212,1.00,1.00
2018.02.01 15:56:10.598,1.32196,1.32207,1.50,1.00
2018.02.01 15:56:10.738,1.32196,1.32209,1.50,1.00
2018.02.01 15:56:11.251,1.32196,1.3221,2.06,1.00
2018.02.01 15:56:11.891,1.32198,1.3221,1.00,1.00
2018.02.01 15:56:12.397,1.32197,1.3221,1.69,1.00
2018.02.01 15:56:12.552,1.322,1.32212,1.50,1.00
2018.02.01 15:56:13.055,1.32197,1.32212,1.69,1.00
2018.02.01 15:56:13.628,1.32196,1.32213,2.06,1.00
2018.02.01 15:56:13.871,1.32196,1.32213,1.19,1.00
2018.02.01 15:56:14.397,1.32199,1.32213,1.00,1.00
2018.02.01 15:56:14.706,1.32198,1.32207,1.00,1.00
2018.02.01 15:56:14.810,1.32194,1.32207,1.25,1.00
2018.02.01 15:56:14.935,1.32193,1.3221,2.06,1.00
2018.02.01 15:56:14.987,1.32193,1.32211,1.19,1.00
2018.02.01 15:56:15.091,1.32197,1.32211,1.50,1.00
2018.02.01 15:56:15.514,1.32193,1.32211,3.56,1.00
2018.02.01 15:56:16.054,1.32197,1.3221,1.50,1.00
2018.02.01 15:56:16.571,1.32196,1.3221,1.00,1.00
2018.02.01 15:56:17.007,1.32189,1.32208,1.94,1.00
2018.02.01 15:56:17.058,1.32188,1.32205,1.31,1.00
2018.02.01 15:56:17.536,1.32191,1.32206,1.50,1.00
2018.02.01 15:56:18.056,1.32189,1.32206,1.19,1.00
2018.02.01 15:56:18.160,1.3219,1.32209,1.25,1.00
2018.02.01 15:56:18.214,1.32197,1.32201,1.00,1.00
2018.02.01 15:56:18.383,1.32189,1.32201,1.75,1.00
2018.02.01 15:56:18.435,1.32186,1.32196,1.87,1.00
2018.02.01 15:56:18.487,1.32185,1.32194,1.00,1.00
2018.02.01 15:56:18.591,1.32182,1.32194,1.00,1.00
2018.02.01 15:56:19.117,1.3218,1.32193,1.00,1.00
2018.02.01 15:56:19.575,1.32182,1.32193,1.00,1.00
2018.02.01 15:56:19.869,1.32183,1.32195,1.00,1.00
2018.02.01 15:56:20.022,1.32183,1.32192,1.00,1.00
2018.02.01 15:56:20.328,1.3218,1.32192,1.50,1.00
2018.02.01 15:56:20.816,1.32187,1.32198,1.00,1.00
2018.02.01 15:56:21.124,1.32187,1.32196,1.00,1.00
2018.02.01 15:56:21.226,1.32184,1.32196,1.25,1.00
2018.02.01 15:56:21.278,1.32182,1.32195,1.00,1.00
2018.02.01 15:56:21.720,1.32179,1.32195,1.69,1.00
2018.02.01 15:56:21.771,1.32179,1.32195,1.69,1.00
2018.02.01 15:56:22.086,1.32171,1.32188,2.81,1.00
2018.02.01 15:56:22.395,1.32176,1.32188,1.00,1.00
2018.02.01 15:56:22.954,1.32176,1.32193,1.69,1.00
2018.02.01 15:56:23.007,1.32176,1.32194,1.69,1.87
2018.02.01 15:56:23.317,1.32177,1.32189,1.00,1.00
2018.02.01 15:56:23.682,1.32174,1.32188,1.50,1.00
2018.02.01 15:56:24.093,1.32176,1.32188,1.00,1.00
2018.02.01 15:56:24.594,1.32175,1.32188,1.00,1.00
2018.02.01 15:56:25.049,1.32171,1.32188,1.19,1.00
2018.02.01 15:56:25.101,1.32171,1.32186,1.19,1.00
2018.02.01 15:56:25.634,1.32167,1.32187,2.44,1.00
2018.02.01 15:56:26.443,1.32166,1.32182,1.50,1.00
2018.02.01 15:56:26.495,1.32165,1.32184,1.19,1.12
2018.02.01 15:56:26.547,1.32166,1.32185,1.19,1.00
2018.02.01 15:56:26.911,1.32166,1.32185,1.56,1.00
2018.02.01 15:56:27.457,1.32167,1.32186,1.31,1.00
2018.02.01 15:56:27.611,1.32166,1.32184,1.19,1.00
2018.02.01 15:56:27.662,1.32167,1.32186,1.19,1.00
2018.02.01 15:56:27.713,1.32167,1.32184,1.00,1.00
2018.02.01 15:56:28.057,1.32166,1.32182,1.25,1.00
2018.02.01 15:56:28.503,1.32166,1.32184,1.19,1.00
2018.02.01 15:56:28.556,1.3217,1.32188,1.25,1.00
2018.02.01 15:56:28.608,1.32171,1.32191,3.19,3.00
2018.02.01 15:56:28.661,1.32172,1.32193,2.06,1.00
2018.02.01 15:56:28.713,1.32172,1.32191,2.06,1.00
2018.02.01 15:56:28.817,1.32172,1.32191,1.69,1.00
2018.02.01 15:56:29.481,1.32172,1.3219,1.25,1.00
2018.02.01 15:56:29.785,1.32173,1.32191,1.31,1.00
2018.02.01 15:56:30.121,1.32174,1.32193,1.56,1.00
2018.02.01 15:56:30.491,1.32172,1.3219,1.31,1.00
2018.02.01 15:56:31.081,1.32172,1.32189,1.31,1.00
2018.02.01 15:56:31.638,1.32171,1.32189,1.19,1.00
2018.02.01 15:56:31.971,1.32183,1.32196,1.00,1.00
2018.02.01 15:56:32.023,1.3218,1.32196,1.25,1.00
2018.02.01 15:56:32.075,1.32181,1.32197,1.31,1.00
2018.02.01 15:56:32.177,1.32179,1.32195,1.19,1.00
2018.02.01 15:56:32.849,1.32178,1.32195,1.69,1.00
2018.02.01 15:56:33.003,1.32179,1.32195,1.00,1.00
2018.02.01 15:56:33.538,1.32177,1.32195,1.19,1.00
2018.02.01 15:56:33.746,1.32178,1.32196,2.06,1.00
2018.02.01 15:56:33.957,1.32181,1.32199,1.31,1.50
2018.02.01 15:56:34.010,1.32183,1.32199,1.19,1.00
2018.02.01 15:56:34.114,1.32182,1.32198,2.44,1.00
2018.02.01 15:56:34.321,1.32179,1.32196,1.31,1.00
2018.02.01 15:56:34.682,1.32182,1.32201,1.31,1.50
2018.02.01 15:56:34.733,1.32184,1.32201,2.06,1.00
2018.02.01 15:56:34.875,1.32186,1.32205,2.06,1.00
2018.02.01 15:56:35.426,1.32187,1.32206,1.31,1.50
2018.02.01 15:56:36.033,1.32187,1.32205,1.56,1.00
2018.02.01 15:56:36.190,1.32191,1.3221,1.31,2.25
2018.02.01 15:56:36.739,1.32195,1.32209,1.00,1.00
2018.02.01 15:56:37.275,1.32193,1.32209,1.69,1.00
2018.02.01 15:56:37.586,1.32193,1.32207,1.19,1.00
2018.02.01 15:56:38.025,1.32194,1.3221,1.19,1.00
2018.02.01 15:56:38.532,1.32193,1.3221,1.19,1.00
2018.02.01 15:56:39.210,1.32195,1.3221,1.00,1.00
2018.02.01 15:56:39.944,1.32194,1.3221,1.25,1.00
2018.02.01 15:56:40.416,1.32196,1.32212,1.00,1.00
2018.02.01 15:56:40.570,1.32201,1.32219,1.19,1.00
2018.02.01 15:56:40.836,1.322,1.32216,1.00,1.00
2018.02.01 15:56:40.938,1.32198,1.32218,1.69,1.00
2018.02.01 15:56:40.990,1.322,1.32219,2.06,1.00
2018.02.01 15:56:41.328,1.32202,1.3222,2.06,1.00
2018.02.01 15:56:41.845,1.32201,1.32221,2.81,1.00
2018.02.01 15:56:42.360,1.32201,1.32222,2.81,1.00
2018.02.01 15:56:42.672,1.32209,1.32223,1.31,1.00
2018.02.01 15:56:43.724,1.32209,1.32226,1.31,1.00
2018.02.01 15:56:43.827,1.32209,1.32224,1.31,1.00
2018.02.01 15:56:44.180,1.32205,1.32219,1.37,1.00
2018.02.01 15:56:44.233,1.32207,1.32221,1.50,1.00
2018.02.01 15:56:44.340,1.32207,1.32225,1.69,1.00
2018.02.01 15:56:44.445,1.32207,1.32225,2.44,1.00
2018.02.01 15:56:45.150,1.32207,1.32225,1.69,1.00
2018.02.01 15:56:45.202,1.32207,1.32223,1.19,1.00
2018.02.01 15:56:45.534,1.32206,1.3222,1.19,1.00
2018.02.01 15:56:45.943,1.32206,1.32223,1.19,1.00
2018.02.01 15:56:46.208,1.32206,1.32223,1.25,1.00
2018.02.01 15:56:47.321,1.32205,1.32224,2.44,1.00
2018.02.01 15:56:47.374,1.32206,1.32221,1.50,1.00
2018.02.01 15:56:47.531,1.322,1.32218,1.69,1.00
2018.02.01 15:56:48.038,1.322,1.32217,1.69,1.00
2018.02.01 15:56:48.293,1.322,1.32219,1.69,1.00
2018.02.01 15:56:48.344,1.32205,1.32217,1.50,1.00
2018.02.01 15:56:48.446,1.32205,1.32221,1.50,1.19
2018.02.01 15:56:48.548,1.32205,1.32224,1.69,1.00
2018.02.01 15:56:48.618,1.32212,1.32224,1.50,1.00
2018.02.01 15:56:48.823,1.32206,1.32223,1.94,1.00
2018.02.01 15:56:49.332,1.32206,1.32224,1.69,1.00
2018.02.01 15:56:49.740,1.32207,1.32221,1.50,1.00
2018.02.01 15:56:49.792,1.32206,1.32223,1.00,1.25
2018.02.01 15:56:49.948,1.32206,1.32225,1.69,1.25
2018.02.01 15:56:50.102,1.32206,1.32223,1.31,1.00
2018.02.01 15:56:50.445,1.32205,1.32221,1.19,1.00
2018.02.01 15:56:50.856,1.32205,1.32223,1.19,1.00
2018.02.01 15:56:50.907,1.32205,1.32223,1.00,1.25
2018.02.01 15:56:51.146,1.32207,1.32222,1.00,1.00
2018.02.01 15:56:51.351,1.32205,1.32222,1.25,1.00
2018.02.01 15:56:51.826,1.32206,1.32225,2.06,1.00
2018.02.01 15:56:51.967,1.32207,1.32223,1.00,1.00
2018.02.01 15:56:52.509,1.32212,1.32226,1.00,1.25
2018.02.01 15:56:52.715,1.32207,1.32228,2.81,1.00
2018.02.01 15:56:52.767,1.32207,1.32226,2.81,1.00
2018.02.01 15:56:53.093,1.32205,1.32222,1.25,1.00
2018.02.01 15:56:53.400,1.322,1.3222,2.06,1.69
2018.02.01 15:56:53.606,1.32201,1.32218,1.19,1.00
2018.02.01 15:56:53.934,1.32204,1.32217,1.00,1.00
2018.02.01 15:56:53.986,1.32204,1.32219,1.00,1.00
2018.02.01 15:56:54.231,1.32201,1.32219,1.69,1.00
2018.02.01 15:56:54.488,1.32201,1.32217,1.25,1.00
2018.02.01 15:56:54.646,1.32201,1.32219,1.69,1.00
2018.02.01 15:56:54.778,1.32202,1.32221,1.69,1.00
2018.02.01 15:56:55.090,1.32206,1.32222,1.19,1.00
2018.02.01 15:56:55.142,1.32206,1.32221,1.00,1.00
2018.02.01 15:56:55.348,1.32201,1.32221,1.69,1.00
2018.02.01 15:56:55.578,1.32206,1.32221,1.00,1.00
2018.02.01 15:56:55.885,1.32206,1.32219,1.00,1.00
2018.02.01 15:56:55.937,1.32206,1.32221,1.00,1.00
2018.02.01 15:56:56.192,1.32206,1.32219,1.00,1.00
2018.02.01 15:56:56.532,1.32202,1.32219,2.44,1.00
2018.02.01 15:56:56.685,1.32202,1.32221,1.19,1.25
2018.02.01 15:56:56.736,1.32205,1.32221,1.00,1.25
2018.02.01 15:56:56.787,1.32202,1.32221,3.19,1.25
2018.02.01 15:56:56.890,1.32202,1.32218,1.19,1.00
2018.02.01 15:56:56.941,1.32202,1.32221,1.19,1.25
2018.02.01 15:56:57.076,1.32205,1.32223,1.25,1.25
2018.02.01 15:56:57.383,1.32201,1.3222,1.19,1.00
2018.02.01 15:56:57.797,1.322,1.32216,1.25,1.00
2018.02.01 15:56:58.550,1.32197,1.32215,2.06,1.00
2018.02.01 15:56:58.656,1.32192,1.32209,2.06,1.00
2018.02.01 15:56:58.708,1.32195,1.32209,1.00,1.00
2018.02.01 15:56:58.760,1.32192,1.32208,1.00,1.00
2018.02.01 15:56:59.310,1.32191,1.32208,1.19,1.00
2018.02.01 15:56:59.860,1.32189,1.32208,1.69,1.00
2018.02.01 15:57:00.102,1.32189,1.32208,2.06,1.00
2018.02.01 15:57:00.416,1.32191,1.32206,1.00,1.00
2018.02.01 15:57:00.921,1.32191,1.32205,1.00,1.00
2018.02.01 15:57:01.837,1.32189,1.32205,1.00,1.00
2018.02.01 15:57:01.889,1.32191,1.32205,1.00,1.00
2018.02.01 15:57:02.701,1.32187,1.32207,3.94,1.00
2018.02.01 15:57:02.806,1.32187,1.32206,2.44,1.00
2018.02.01 15:57:03.321,1.32186,1.32205,2.81,1.00
2018.02.01 15:57:03.633,1.32186,1.32202,2.06,1.00
2018.02.01 15:57:03.820,1.32185,1.32202,2.44,1.00
2018.02.01 15:57:03.923,1.32184,1.322,1.19,1.00
2018.02.01 15:57:04.026,1.32184,1.32196,1.00,1.00
2018.02.01 15:57:04.280,1.32181,1.32197,1.19,1.00
2018.02.01 15:57:04.383,1.32181,1.32199,1.56,1.00
2018.02.01 15:57:04.434,1.32182,1.32201,1.31,1.00
2018.02.01 15:57:04.770,1.32183,1.32197,1.00,1.00
2018.02.01 15:57:05.083,1.32181,1.32196,1.00,1.00
2018.02.01 15:57:05.729,1.32181,1.32198,1.25,1.00
2018.02.01 15:57:05.780,1.32181,1.32196,1.25,1.00
2018.02.01 15:57:05.937,1.32177,1.32194,1.19,1.00
2018.02.01 15:57:06.091,1.32176,1.32197,2.81,1.19
2018.02.01 15:57:06.337,1.3218,1.32192,1.00,1.00
2018.02.01 15:57:06.389,1.32176,1.32192,1.19,1.00
2018.02.01 15:57:06.443,1.32176,1.32195,1.69,1.00
2018.02.01 15:57:06.495,1.32176,1.32196,3.00,1.00
2018.02.01 15:57:07.194,1.32179,1.32196,1.31,1.00
2018.02.01 15:57:07.703,1.32179,1.32195,1.19,1.00
2018.02.01 15:57:08.719,1.32179,1.32196,1.69,1.00
2018.02.01 15:57:09.043,1.32175,1.32192,1.56,1.00
2018.02.01 15:57:09.669,1.32175,1.32192,1.31,1.00
2018.02.01 15:57:10.112,1.32176,1.32191,1.25,1.00
2018.02.01 15:57:10.214,1.32172,1.32189,2.44,1.00
2018.02.01 15:57:10.469,1.32172,1.32191,1.69,1.00
2018.02.01 15:57:10.763,1.32172,1.32191,2.06,1.00
2018.02.01 15:57:10.815,1.32175,1.32191,1.00,1.00
2018.02.01 15:57:11.075,1.32178,1.32195,1.00,1.00
2018.02.01 15:57:11.182,1.3218,1.32196,1.69,1.00
2018.02.01 15:57:11.495,1.32183,1.32201,1.56,1.50
2018.02.01 15:57:11.600,1.32183,1.32198,1.12,1.00
2018.02.01 15:57:11.652,1.32184,1.32202,1.00,1.00
2018.02.01 15:57:11.807,1.32184,1.32199,1.50,1.00
2018.02.01 15:57:11.990,1.32182,1.32199,1.25,1.00
2018.02.01 15:57:12.042,1.32181,1.32195,1.00,1.00
2018.02.01 15:57:12.348,1.32178,1.32193,1.19,1.00
2018.02.01 15:57:12.400,1.32176,1.32194,1.69,1.00
2018.02.01 15:57:12.453,1.32176,1.32191,1.19,1.00
2018.02.01 15:57:12.506,1.32175,1.3219,1.00,1.00
2018.02.01 15:57:12.558,1.32172,1.32191,2.06,1.00
2018.02.01 15:57:12.610,1.32172,1.32189,1.31,1.00
2018.02.01 15:57:12.662,1.3217,1.32188,1.69,1.00
2018.02.01 15:57:12.814,1.32163,1.32179,3.19,1.00
2018.02.01 15:57:13.023,1.32156,1.32175,1.69,1.19
2018.02.01 15:57:13.334,1.32156,1.32172,1.25,1.00
2018.02.01 15:57:13.670,1.32155,1.3217,1.25,1.00
2018.02.01 15:57:13.977,1.32151,1.32166,1.31,1.00
2018.02.01 15:57:14.502,1.32151,1.32167,1.00,1.00
2018.02.01 15:57:14.554,1.32151,1.32171,2.06,1.00
2018.02.01 15:57:14.605,1.32151,1.32166,1.19,1.00
2018.02.01 15:57:14.656,1.3215,1.32169,1.31,1.00
2018.02.01 15:57:15.083,1.32151,1.32169,1.31,1.00
2018.02.01 15:57:15.138,1.32151,1.32171,1.69,1.00
2018.02.01 15:57:15.293,1.32151,1.32169,1.69,1.00
2018.02.01 15:57:15.813,1.32151,1.3217,2.44,1.00
2018.02.01 15:57:16.091,1.32145,1.32161,1.25,1.00
2018.02.01 15:57:16.640,1.32142,1.32161,1.56,1.00
2018.02.01 15:57:17.240,1.32141,1.3216,1.69,1.00
2018.02.01 15:57:17.590,1.3214,1.32157,1.19,1.00
2018.02.01 15:57:17.692,1.3214,1.32159,1.19,1.00
2018.02.01 15:57:17.968,1.3214,1.32155,1.19,1.00
2018.02.01 15:57:18.287,1.32131,1.32149,1.31,1.00
2018.02.01 15:57:18.339,1.32135,1.32148,1.00,1.00
2018.02.01 15:57:18.391,1.32131,1.32148,1.19,1.00
2018.02.01 15:57:18.443,1.3213,1.32148,1.19,2.25
2018.02.01 15:57:19.247,1.3213,1.32149,1.31,1.00
2018.02.01 15:57:19.478,1.32131,1.32147,1.25,1.00
2018.02.01 15:57:20.014,1.32128,1.32147,1.00,1.50
2018.02.01 15:57:20.124,1.32129,1.32148,1.19,1.00
2018.02.01 15:57:20.676,1.32131,1.32146,1.00,1.00
2018.02.01 15:57:20.728,1.32126,1.32146,2.81,1.00
2018.02.01 15:57:20.780,1.32129,1.32149,2.06,1.00
2018.02.01 15:57:21.098,1.32132,1.32149,2.25,1.25
2018.02.01 15:57:21.307,1.32132,1.32151,1.19,1.00
2018.02.01 15:57:21.622,1.32141,1.32154,1.00,1.19
2018.02.01 15:57:21.674,1.32141,1.32158,1.00,1.37
2018.02.01 15:57:21.726,1.32146,1.32159,1.69,1.00
2018.02.01 15:57:21.778,1.32146,1.32163,1.19,1.00
2018.02.01 15:57:21.908,1.32146,1.32165,1.69,1.12
2018.02.01 15:57:22.445,1.32147,1.32164,1.00,1.00
2018.02.01 15:57:22.497,1.32147,1.32166,1.19,1.00
2018.02.01 15:57:22.808,1.32141,1.32157,1.62,1.00
2018.02.01 15:57:23.138,1.32136,1.32153,1.50,1.00
2018.02.01 15:57:23.809,1.32135,1.32153,2.06,1.00
2018.02.01 15:57:23.861,1.32136,1.32151,1.50,1.00
2018.02.01 15:57:24.222,1.3213,1.32146,1.31,1.00
2018.02.01 15:57:24.324,1.32133,1.32152,1.31,1.00
2018.02.01 15:57:24.635,1.32136,1.32148,1.00,1.00
2018.02.01 15:57:24.688,1.32131,1.32147,1.19,1.00
2018.02.01 15:57:24.740,1.32131,1.3215,2.06,1.00
2018.02.01 15:57:24.844,1.32131,1.32146,1.25,1.00
2018.02.01 15:57:25.384,1.32127,1.32145,1.64,1.00
2018.02.01 15:57:25.920,1.32126,1.32144,1.29,1.00
2018.02.01 15:57:27.221,1.32131,1.32151,1.69,1.00
2018.02.01 15:57:27.326,1.32133,1.32152,2.51,1.00
2018.02.01 15:57:27.636,1.32135,1.32152,1.19,1.00
2018.02.01 15:57:28.169,1.32135,1.32153,1.26,1.00
2018.02.01 15:57:28.755,1.32134,1.32154,2.14,1.00
2018.02.01 15:57:29.285,1.32136,1.32153,1.19,1.00
2018.02.01 15:57:29.494,1.32129,1.32148,1.31,1.25
2018.02.01 15:57:29.728,1.32132,1.32149,1.31,1.00
2018.02.01 15:57:30.036,1.3213,1.32145,1.25,1.00
2018.02.01 15:57:30.088,1.32129,1.32148,1.19,2.25
2018.02.01 15:57:30.140,1.32135,1.32151,1.00,1.00
2018.02.01 15:57:30.313,1.32131,1.32149,2.06,1.00
2018.02.01 15:57:30.417,1.32131,1.32146,1.00,1.00
2018.02.01 15:57:30.470,1.32129,1.32147,1.00,1.31
2018.02.01 15:57:30.524,1.32131,1.32148,1.00,2.81
2018.02.01 15:57:30.634,1.32128,1.32145,1.00,1.00
2018.02.01 15:57:30.742,1.32126,1.32138,2.06,1.00
2018.02.01 15:57:31.099,1.32125,1.3214,1.19,1.00
2018.02.01 15:57:31.153,1.32131,1.32143,1.00,1.00
2018.02.01 15:57:31.204,1.32126,1.32143,1.29,1.00
2018.02.01 15:57:31.454,1.32126,1.3214,1.00,1.00
2018.02.01 15:57:31.761,1.3213,1.32146,1.00,1.00
2018.02.01 15:57:31.978,1.32131,1.32146,1.07,1.00
2018.02.01 15:57:32.139,1.32126,1.32144,1.07,1.00
2018.02.01 15:57:32.192,1.32123,1.3214,3.07,1.00
2018.02.01 15:57:32.246,1.32126,1.32145,1.56,1.50
2018.02.01 15:57:32.457,1.32126,1.32147,1.10,1.31
2018.02.01 15:57:32.509,1.32125,1.32148,2.89,1.69
2018.02.01 15:57:32.819,1.32131,1.32147,1.07,1.81
2018.02.01 15:57:32.939,1.32131,1.32149,1.32,1.00
2018.02.01 15:57:32.991,1.32126,1.32143,1.50,1.19
2018.02.01 15:57:33.042,1.32122,1.3214,1.47,1.69
2018.02.01 15:57:33.094,1.32122,1.3214,2.14,1.00
2018.02.01 15:57:33.145,1.32126,1.32142,1.00,1.00
2018.02.01 15:57:33.248,1.32126,1.32144,1.00,1.25
2018.02.01 15:57:33.433,1.32126,1.32147,1.76,1.69
2018.02.01 15:57:33.742,1.3213,1.3215,3.82,1.00
2018.02.01 15:57:33.794,1.32131,1.3215,1.29,1.00
2018.02.01 15:57:33.968,1.32133,1.32153,1.19,1.19
2018.02.01 15:57:34.019,1.32135,1.32153,1.19,1.00
2018.02.01 15:57:34.360,1.32136,1.32155,1.19,1.00
2018.02.01 15:57:34.564,1.32133,1.32153,1.39,1.00
2018.02.01 15:57:35.156,1.32136,1.32153,1.00,1.00
2018.02.01 15:57:35.359,1.32131,1.32145,1.10,1.00
2018.02.01 15:57:35.412,1.32131,1.32147,1.10,1.25
2018.02.01 15:57:35.464,1.32126,1.32147,2.14,1.25
2018.02.01 15:57:35.684,1.32131,1.32148,1.19,1.00
2018.02.01 15:57:35.788,1.32131,1.32147,1.00,1.00
2018.02.01 15:57:36.322,1.32127,1.32147,1.64,1.00
2018.02.01 15:57:36.828,1.32131,1.32148,1.00,1.00
2018.02.01 15:57:36.966,1.32131,1.32146,1.25,1.00
2018.02.01 15:57:37.069,1.32126,1.32143,1.31,1.00
2018.02.01 15:57:37.275,1.32121,1.32139,1.69,1.00
2018.02.01 15:57:37.430,1.32121,1.32141,1.31,1.12
2018.02.01 15:57:37.583,1.32125,1.32143,1.00,1.25
2018.02.01 15:57:37.763,1.3213,1.32146,1.00,1.50
2018.02.01 15:57:38.019,1.32125,1.32146,3.56,1.00
2018.02.01 15:57:38.223,1.32126,1.32148,1.19,1.00
2018.02.01 15:57:38.345,1.32131,1.32148,1.19,1.00
2018.02.01 15:57:38.652,1.32125,1.32141,1.31,1.00
2018.02.01 15:57:38.857,1.32125,1.32144,1.19,1.00
2018.02.01 15:57:39.029,1.32125,1.32146,2.81,1.50
2018.02.01 15:57:39.132,1.32122,1.32139,1.69,1.00
2018.02.01 15:57:39.185,1.32126,1.3214,1.00,1.00
2018.02.01 15:57:39.703,1.32125,1.32141,1.31,1.00
2018.02.01 15:57:40.061,1.32125,1.32143,1.19,1.00
2018.02.01 15:57:40.113,1.32125,1.32144,3.19,1.00
2018.02.01 15:57:40.165,1.32131,1.32146,1.00,1.00
2018.02.01 15:57:40.217,1.3213,1.32142,1.00,1.00
2018.02.01 15:57:40.419,1.32126,1.32143,1.00,1.00
2018.02.01 15:57:41.206,1.32126,1.32141,1.00,1.00
2018.02.01 15:57:41.673,1.32121,1.3214,1.69,1.00
2018.02.01 15:57:41.834,1.32126,1.3214,1.00,1.00
2018.02.01 15:57:41.887,1.32121,1.32139,1.31,1.00
2018.02.01 15:57:42.154,1.32122,1.32141,1.19,1.00
2018.02.01 15:57:42.258,1.3212,1.32137,1.69,1.00
2018.02.01 15:57:42.753,1.3212,1.32133,1.00,1.00
2018.02.01 15:57:42.805,1.32116,1.32133,1.69,1.00
2018.02.01 15:57:43.010,1.32118,1.32129,1.00,1.00
2018.02.01 15:57:43.061,1.32118,1.32132,1.00,1.31
2018.02.01 15:57:43.112,1.32113,1.32134,1.00,1.69
2018.02.01 15:57:43.164,1.32111,1.3213,2.81,1.00
2018.02.01 15:57:43.796,1.32111,1.32129,1.19,1.12
2018.02.01 15:57:43.926,1.32108,1.32127,1.69,1.25
2018.02.01 15:57:44.029,1.32105,1.32124,2.44,1.00
2018.02.01 15:57:44.559,1.32111,1.32124,1.00,1.00
2018.02.01 15:57:44.610,1.32106,1.32124,1.25,1.00
2018.02.01 15:57:44.664,1.32106,1.32122,1.25,1.00
2018.02.01 15:57:44.870,1.32101,1.3212,6.94,1.00
2018.02.01 15:57:45.078,1.32106,1.32121,1.00,1.00
2018.02.01 15:57:45.248,1.32106,1.32125,1.50,1.69
2018.02.01 15:57:45.300,1.32106,1.32126,2.06,2.81
2018.02.01 15:57:45.715,1.32107,1.32125,1.56,1.00
2018.02.01 15:57:45.768,1.32107,1.32125,2.06,1.00
2018.02.01 15:57:45.957,1.32108,1.32127,1.56,1.00
2018.02.01 15:57:46.221,1.32109,1.32129,1.19,1.00
2018.02.01 15:57:46.531,1.32111,1.32125,1.87,1.00
2018.02.01 15:57:46.682,1.32108,1.32127,1.00,1.25
2018.02.01 15:57:46.735,1.32105,1.32123,2.44,1.00
2018.02.01 15:57:47.048,1.32107,1.32126,1.31,1.00
2018.02.01 15:57:47.427,1.32107,1.32128,1.69,1.00
2018.02.01 15:57:47.531,1.32108,1.32126,2.06,1.25
2018.02.01 15:57:47.842,1.32111,1.32126,1.00,1.00
2018.02.01 15:57:48.229,1.32107,1.32125,1.69,1.00
2018.02.01 15:57:48.332,1.32105,1.32124,1.69,1.19
2018.02.01 15:57:48.384,1.32102,1.3212,4.01,1.00
2018.02.01 15:57:48.594,1.32101,1.3212,2.81,1.00
2018.02.01 15:57:48.892,1.32101,1.32117,1.19,1.00
2018.02.01 15:57:49.363,1.32101,1.32118,1.00,1.00
2018.02.01 15:57:49.920,1.32098,1.32116,1.56,1.00
2018.02.01 15:57:50.256,1.321,1.32118,1.31,1.87
2018.02.01 15:57:50.714,1.32106,1.3212,1.25,1.00
2018.02.01 15:57:51.055,1.32106,1.32123,1.69,1.00
2018.02.01 15:57:51.110,1.32107,1.32125,1.56,1.50
2018.02.01 15:57:51.213,1.32106,1.32123,1.31,1.00
2018.02.01 15:57:51.761,1.32106,1.32123,1.00,1.31
2018.02.01 15:57:51.813,1.32111,1.32128,1.19,1.00
2018.02.01 15:57:51.967,1.32116,1.32133,1.19,1.12
2018.02.01 15:57:52.518,1.32114,1.32135,2.06,1.87
2018.02.01 15:57:52.777,1.32112,1.32133,2.81,1.25
2018.02.01 15:57:53.169,1.32111,1.32132,2.81,1.87
2018.02.01 15:57:53.483,1.32111,1.32128,2.44,1.00
2018.02.01 15:57:53.927,1.32108,1.32127,1.56,1.87
2018.02.01 15:57:54.214,1.32102,1.32121,2.81,1.00
2018.02.01 15:57:54.273,1.32103,1.32118,1.00,1.12
2018.02.01 15:57:54.378,1.32098,1.32115,1.25,1.12
2018.02.01 15:57:54.530,1.32096,1.32113,1.19,1.00
2018.02.01 15:57:54.843,1.32091,1.32108,2.44,1.00
2018.02.01 15:57:54.945,1.32087,1.32105,2.44,1.00
2018.02.01 15:57:54.998,1.32086,1.32103,1.19,1.00
2018.02.01 15:57:55.314,1.32086,1.32102,1.19,1.87
2018.02.01 15:57:55.473,1.32081,1.32097,1.69,1.00
2018.02.01 15:57:55.526,1.32081,1.32094,1.00,1.00
2018.02.01 15:57:55.684,1.3208,1.32096,1.00,1.50
2018.02.01 15:57:56.026,1.32076,1.32094,1.69,1.00
2018.02.01 15:57:56.370,1.32081,1.32097,1.00,1.00
2018.02.01 15:57:56.938,1.32078,1.32096,2.06,1.00
2018.02.01 15:57:56.991,1.32079,1.32096,1.00,1.25
2018.02.01 15:57:57.231,1.32076,1.3209,1.69,1.00
2018.02.01 15:57:57.284,1.32074,1.32092,1.31,1.00
2018.02.01 15:57:57.439,1.32074,1.3209,2.06,1.00
2018.02.01 15:57:57.492,1.32075,1.32091,1.12,1.00
2018.02.01 15:57:58.073,1.32076,1.32091,1.00,1.00
2018.02.01 15:57:58.332,1.32075,1.32093,1.00,1.25
2018.02.01 15:57:58.385,1.32072,1.3209,2.44,1.00
2018.02.01 15:57:58.440,1.32072,1.32096,1.31,2.44
2018.02.01 15:57:58.545,1.32073,1.32096,1.56,1.62
2018.02.01 15:57:58.894,1.32076,1.32093,1.19,1.00
2018.02.01 15:57:58.946,1.32076,1.32096,1.19,1.25
2018.02.01 15:57:58.997,1.32077,1.32097,1.31,1.12
2018.02.01 15:57:59.358,1.32081,1.32096,1.00,1.87
2018.02.01 15:57:59.464,1.32077,1.32092,1.00,1.12
2018.02.01 15:57:59.720,1.32076,1.3209,1.00,1.00
2018.02.01 15:57:59.772,1.32071,1.32087,2.25,1.00
2018.02.01 15:58:00.267,1.32068,1.32085,1.00,1.19
2018.02.01 15:58:00.421,1.32064,1.32081,1.25,1.00
2018.02.01 15:58:00.627,1.32061,1.32079,2.89,1.00
2018.02.01 15:58:00.942,1.32061,1.32082,1.69,1.12
2018.02.01 15:58:01.105,1.32067,1.32082,1.50,1.00
2018.02.01 15:58:01.285,1.32065,1.3208,1.87,1.00
2018.02.01 15:58:01.338,1.32069,1.32088,1.19,1.00
2018.02.01 15:58:01.390,1.32073,1.32089,1.19,1.50
2018.02.01 15:58:01.493,1.32072,1.32092,1.00,1.25
2018.02.01 15:58:01.545,1.32073,1.32091,1.19,1.00
2018.02.01 15:58:01.926,1.32066,1.32086,4.69,1.00
2018.02.01 15:58:01.979,1.32066,1.32083,1.69,1.00
2018.02.01 15:58:02.292,1.32067,1.32086,2.06,1.00
2018.02.01 15:58:02.773,1.32068,1.32084,1.37,1.00
2018.02.01 15:58:02.826,1.32066,1.32084,1.69,1.00
2018.02.01 15:58:02.879,1.32066,1.32086,2.44,1.00
2018.02.01 15:58:02.939,1.32076,1.32088,1.00,1.00
2018.02.01 15:58:03.049,1.3207,1.32088,1.19,1.00
2018.02.01 15:58:03.101,1.3207,1.32089,1.56,1.00
2018.02.01 15:58:03.309,1.32076,1.32094,1.25,1.87
2018.02.01 15:58:03.498,1.32081,1.32095,1.00,1.00
2018.02.01 15:58:03.810,1.32075,1.32091,1.19,1.50
2018.02.01 15:58:04.095,1.32071,1.32088,1.19,1.00
2018.02.01 15:58:04.147,1.3207,1.32084,1.25,1.00
2018.02.01 15:58:04.466,1.32075,1.32085,1.00,1.00
2018.02.01 15:58:04.724,1.32071,1.32087,1.00,1.00
2018.02.01 15:58:04.828,1.32071,1.32083,1.00,1.00
2018.02.01 15:58:05.034,1.32072,1.32089,1.19,1.00
2018.02.01 15:58:05.085,1.32071,1.32087,1.56,1.00
2018.02.01 15:58:05.137,1.32071,1.32088,1.19,1.00
2018.02.01 15:58:05.189,1.32076,1.32089,1.00,1.00
2018.02.01 15:58:05.293,1.32071,1.32091,1.19,1.00
2018.02.01 15:58:05.448,1.32081,1.32097,1.00,1.12
2018.02.01 15:58:05.759,1.32072,1.3209,1.19,1.00
2018.02.01 15:58:05.810,1.3207,1.32087,1.50,1.25
2018.02.01 15:58:06.332,1.32075,1.3209,1.00,1.00
2018.02.01 15:58:06.385,1.32075,1.32094,1.00,1.19
2018.02.01 15:58:06.438,1.32081,1.32095,1.00,1.00
2018.02.01 15:58:06.543,1.32076,1.32092,1.00,1.00
2018.02.01 15:58:06.595,1.32076,1.32089,1.00,1.00
2018.02.01 15:58:06.765,1.32063,1.32078,1.00,1.00
2018.02.01 15:58:06.825,1.3206,1.32077,1.69,1.00
2018.02.01 15:58:06.928,1.3206,1.32078,1.31,1.00
2018.02.01 15:58:07.237,1.32061,1.32074,1.00,1.00
2018.02.01 15:58:07.340,1.32061,1.32076,1.00,1.00
2018.02.01 15:58:07.835,1.3206,1.32076,1.00,1.19
2018.02.01 15:58:07.888,1.32056,1.32071,1.25,1.00
2018.02.01 15:58:07.939,1.32055,1.32069,1.19,1.00
2018.02.01 15:58:08.043,1.32055,1.32074,1.19,1.25
2018.02.01 15:58:08.150,1.32055,1.32072,1.19,1.00
2018.02.01 15:58:08.355,1.32051,1.32071,1.19,1.25
2018.02.01 15:58:08.407,1.32056,1.32072,1.25,1.00
2018.02.01 15:58:08.714,1.32061,1.32073,1.00,1.00
2018.02.01 15:58:08.772,1.32056,1.32072,1.00,1.00
2018.02.01 15:58:09.106,1.32056,1.3207,1.00,1.00
2018.02.01 15:58:09.640,1.32055,1.32072,1.00,1.00
2018.02.01 15:58:09.848,1.3205,1.32068,1.19,1.00
2018.02.01 15:58:10.161,1.3205,1.32072,1.56,1.00
2018.02.01 15:58:10.318,1.32051,1.32069,1.25,1.00
2018.02.01 15:58:10.509,1.3205,1.32067,1.25,1.00
2018.02.01 15:58:10.818,1.32051,1.32065,1.00,1.00
2018.02.01 15:58:10.869,1.32051,1.32067,1.00,1.00
2018.02.01 15:58:10.920,1.32051,1.32068,1.19,1.00
2018.02.01 15:58:11.451,1.32051,1.32068,1.19,1.00
2018.02.01 15:58:11.758,1.32043,1.32055,1.00,1.12
2018.02.01 15:58:11.935,1.32035,1.32051,1.00,1.56
2018.02.01 15:58:12.105,1.32031,1.32048,1.00,1.00
2018.02.01 15:58:12.158,1.32028,1.32041,2.25,1.25
2018.02.01 15:58:12.210,1.32024,1.32039,2.25,1.12
2018.02.01 15:58:12.262,1.32024,1.32041,1.00,2.06
2018.02.01 15:58:12.365,1.32021,1.3204,1.00,1.31
2018.02.01 15:58:12.875,1.3202,1.32041,2.06,1.31
2018.02.01 15:58:12.926,1.32025,1.32045,1.69,1.31
2018.02.01 15:58:13.262,1.32036,1.32054,1.00,1.19
2018.02.01 15:58:13.418,1.32031,1.32052,1.69,1.25
2018.02.01 15:58:13.522,1.32031,1.3205,1.69,1.00
2018.02.01 15:58:13.594,1.32031,1.32052,1.19,1.31
2018.02.01 15:58:13.693,1.3203,1.32052,2.44,1.69
2018.02.01 15:58:14.077,1.32046,1.32053,1.25,1.00
2018.02.01 15:58:14.129,1.3205,1.32067,1.25,1.50
2018.02.01 15:58:14.469,1.32045,1.32062,2.06,1.00
2018.02.01 15:58:14.521,1.32046,1.32062,1.00,1.37
2018.02.01 15:58:14.572,1.32046,1.32063,1.00,1.00
2018.02.01 15:58:14.624,1.32046,1.32065,1.19,1.50
2018.02.01 15:58:14.830,1.32036,1.32053,1.00,1.25
2018.02.01 15:58:14.882,1.32036,1.3205,1.00,1.31
2018.02.01 15:58:15.039,1.32031,1.32052,1.31,1.00
2018.02.01 15:58:15.142,1.32033,1.32052,1.19,1.00
2018.02.01 15:58:15.244,1.32033,1.32054,1.19,1.12
2018.02.01 15:58:15.399,1.32034,1.32052,1.25,1.25
2018.02.01 15:58:15.704,1.32031,1.32049,1.25,1.00
2018.02.01 15:58:16.028,1.32035,1.32053,1.19,2.62
2018.02.01 15:58:16.132,1.32036,1.32056,1.69,2.62
2018.02.01 15:58:16.184,1.32036,1.32054,1.19,1.37
2018.02.01 15:58:16.288,1.32041,1.32057,1.00,1.00
2018.02.01 15:58:16.591,1.32035,1.32052,1.19,1.00
2018.02.01 15:58:16.900,1.32031,1.32048,1.69,1.00
2018.02.01 15:58:16.952,1.32031,1.3205,1.31,1.12
2018.02.01 15:58:17.110,1.32026,1.32046,3.94,1.12
2018.02.01 15:58:17.167,1.32026,1.32043,1.50,1.00
2018.02.01 15:58:17.554,1.32031,1.32045,1.00,2.62
2018.02.01 15:58:17.913,1.3205,1.32059,1.00,1.50
2018.02.01 15:58:17.966,1.32051,1.32067,1.19,1.00
2018.02.01 15:58:18.017,1.32051,1.3207,1.56,2.25
2018.02.01 15:58:18.069,1.3205,1.32072,1.56,1.00
2018.02.01 15:58:18.171,1.3205,1.3207,1.94,1.12
2018.02.01 15:58:18.664,1.32052,1.32071,2.19,2.25
2018.02.01 15:58:18.717,1.32056,1.32075,1.31,1.00
2018.02.01 15:58:18.924,1.32056,1.32076,1.56,1.00
2018.02.01 15:58:18.976,1.32056,1.32075,1.19,1.00
2018.02.01 15:58:19.132,1.32055,1.32073,1.19,1.00
2018.02.01 15:58:19.649,1.32056,1.32074,1.19,1.12
2018.02.01 15:58:19.754,1.32056,1.32077,1.19,1.50
2018.02.01 15:58:19.912,1.3206,1.32078,1.19,1.12
2018.02.01 15:58:19.965,1.3206,1.3208,1.19,1.00
2018.02.01 15:58:20.069,1.32065,1.32085,2.44,1.12
2018.02.01 15:58:20.378,1.32064,1.3208,1.00,1.00
2018.02.01 15:58:20.690,1.32062,1.32082,1.56,1.00
2018.02.01 15:58:21.050,1.32062,1.32082,1.19,2.06
2018.02.01 15:58:21.153,1.32061,1.32078,1.00,1.25
2018.02.01 15:58:21.256,1.3206,1.3208,1.19,3.00
2018.02.01 15:58:21.308,1.3206,1.3208,2.44,1.50
2018.02.01 15:58:21.707,1.32065,1.3208,1.00,1.00
2018.02.01 15:58:21.760,1.32061,1.32077,1.25,1.00
2018.02.01 15:58:21.865,1.32061,1.32075,1.00,1.25
2018.02.01 15:58:22.025,1.32056,1.32075,1.00,2.06
2018.02.01 15:58:22.129,1.32061,1.32078,1.69,1.50
2018.02.01 15:58:22.444,1.3207,1.32082,1.00,1.00
2018.02.01 15:58:22.546,1.32066,1.32082,1.00,1.00
2018.02.01 15:58:22.955,1.32061,1.32083,2.81,1.31
2018.02.01 15:58:23.221,1.3206,1.32077,1.25,1.37
2018.02.01 15:58:23.541,1.32058,1.32076,1.25,1.12
2018.02.01 15:58:23.748,1.32056,1.32072,1.00,1.19
2018.02.01 15:58:23.919,1.32056,1.32075,1.31,1.37
2018.02.01 15:58:24.022,1.32055,1.32077,2.44,1.00
2018.02.01 15:58:24.125,1.32056,1.32075,1.31,1.00
2018.02.01 15:58:24.510,1.32056,1.32074,1.25,1.00
2018.02.01 15:58:24.567,1.32057,1.32078,1.31,1.87
2018.02.01 15:58:24.619,1.32055,1.32075,1.31,1.00
2018.02.01 15:58:24.670,1.32055,1.32073,2.06,1.00
2018.02.01 15:58:25.040,1.32057,1.32074,1.00,1.00
2018.02.01 15:58:25.092,1.32055,1.32074,1.12,1.69
2018.02.01 15:58:25.144,1.32056,1.32072,1.00,1.37
2018.02.01 15:58:25.197,1.32053,1.32071,1.19,1.12
2018.02.01 15:58:25.303,1.32054,1.32069,1.25,1.37
2018.02.01 15:58:25.462,1.32048,1.32067,2.81,1.00
2018.02.01 15:58:25.638,1.32052,1.32069,1.25,1.12
2018.02.01 15:58:25.909,1.32052,1.3207,1.19,1.37
2018.02.01 15:58:26.066,1.32052,1.32069,1.00,1.00
2018.02.01 15:58:26.375,1.32055,1.32071,1.00,1.31
2018.02.01 15:58:26.427,1.32056,1.32074,1.00,1.00
2018.02.01 15:58:26.480,1.3206,1.3208,1.31,1.00
2018.02.01 15:58:26.532,1.32066,1.32081,1.25,1.87
2018.02.01 15:58:26.584,1.32067,1.32084,1.12,1.00
2018.02.01 15:58:27.154,1.32065,1.3208,1.87,1.25
2018.02.01 15:58:27.307,1.32061,1.3208,1.25,1.00
2018.02.01 15:58:27.460,1.32061,1.32081,1.19,1.00
2018.02.01 15:58:28.009,1.32061,1.3208,1.31,1.00
2018.02.01 15:58:28.520,1.3206,1.32079,2.06,1.00
2018.02.01 15:58:28.810,1.3206,1.32081,2.06,1.00
2018.02.01 15:58:28.866,1.32076,1.32091,2.06,1.12
2018.02.01 15:58:28.923,1.32081,1.32093,1.19,1.00
2018.02.01 15:58:28.976,1.32083,1.32098,1.00,1.00
2018.02.01 15:58:29.636,1.3208,1.32099,1.19,2.25
2018.02.01 15:58:30.203,1.32081,1.32098,1.69,1.00
2018.02.01 15:58:30.338,1.32086,1.32103,1.25,1.00
2018.02.01 15:58:30.390,1.32086,1.32103,2.06,1.00
2018.02.01 15:58:30.442,1.32086,1.32105,2.06,1.00
2018.02.01 15:58:30.494,1.32087,1.32103,1.19,1.00
2018.02.01 15:58:30.546,1.32087,1.32105,1.25,1.00
2018.02.01 15:58:30.599,1.32086,1.32104,1.56,1.00
2018.02.01 15:58:30.651,1.32085,1.32106,1.56,1.12
2018.02.01 15:58:31.172,1.32086,1.32105,1.56,1.00
2018.02.01 15:58:31.224,1.32086,1.32108,1.56,2.06
2018.02.01 15:58:31.276,1.32086,1.32105,1.56,1.00
2018.02.01 15:58:31.484,1.32087,1.32107,1.31,1.00
2018.02.01 15:58:31.890,1.32088,1.32104,1.25,1.00
2018.02.01 15:58:32.432,1.32086,1.32103,1.19,1.00
2018.02.01 15:58:32.489,1.32087,1.32105,1.19,1.12
2018.02.01 15:58:33.023,1.32086,1.32104,1.19,1.00
2018.02.01 15:58:33.579,1.32086,1.32105,1.19,1.12
2018.02.01 15:58:34.099,1.32086,1.32104,1.19,1.00
2018.02.01 15:58:34.206,1.3209,1.32107,1.00,2.81
2018.02.01 15:58:34.259,1.3209,1.32107,1.00,1.69
2018.02.01 15:58:34.311,1.32092,1.32109,1.19,1.37
2018.02.01 15:58:34.363,1.32092,1.3211,1.19,1.00
2018.02.01 15:58:34.918,1.32092,1.32112,1.69,1.25
2018.02.01 15:58:34.971,1.32093,1.32114,1.19,1.00
2018.02.01 15:58:35.288,1.32096,1.32112,1.25,1.00
2018.02.01 15:58:35.340,1.32096,1.32115,1.25,1.25
2018.02.01 15:58:35.480,1.32096,1.32113,1.25,1.00
2018.02.01 15:58:35.583,1.32096,1.32118,1.56,1.25
2018.02.01 15:58:35.635,1.32098,1.32114,1.00,1.19
2018.02.01 15:58:35.739,1.32094,1.32112,2.81,1.00
2018.02.01 15:58:36.261,1.32095,1.32113,1.00,1.25
2018.02.01 15:58:36.415,1.32095,1.32114,1.19,1.00
2018.02.01 15:58:36.764,1.32101,1.3212,1.31,1.00
2018.02.01 15:58:37.074,1.321,1.32118,1.69,1.00
2018.02.01 15:58:37.127,1.32098,1.32116,1.19,1.00
2018.02.01 15:58:37.404,1.32097,1.32115,1.19,1.00
2018.02.01 15:58:37.522,1.32102,1.32119,1.31,1.00
2018.02.01 15:58:37.727,1.32102,1.32119,1.25,1.00
2018.02.01 15:58:38.075,1.32098,1.32116,1.01,1.00
2018.02.01 15:58:38.127,1.32097,1.32115,1.31,1.00
2018.02.01 15:58:38.229,1.32097,1.32115,1.19,1.50
2018.02.01 15:58:38.536,1.321,1.32118,1.25,1.00
2018.02.01 15:58:38.735,1.32096,1.32113,1.31,1.00
2018.02.01 15:58:38.922,1.32099,1.32118,1.19,1.50
2018.02.01 15:58:39.026,1.32096,1.32113,2.06,1.00
2018.02.01 15:58:39.350,1.32098,1.32117,1.19,1.87
2018.02.01 15:58:39.406,1.32103,1.32121,1.56,1.50
2018.02.01 15:58:39.459,1.321,1.32118,1.31,1.00
2018.02.01 15:58:39.612,1.32101,1.32116,1.00,1.00
2018.02.01 15:58:39.817,1.32096,1.32113,1.25,1.00
2018.02.01 15:58:40.144,1.32096,1.32111,1.25,1.00
2018.02.01 15:58:40.453,1.32088,1.32105,1.31,1.00
2018.02.01 15:58:40.557,1.32089,1.32107,1.19,1.00
2018.02.01 15:58:40.765,1.32088,1.32107,1.69,1.25
2018.02.01 15:58:41.269,1.3209,1.32107,1.00,1.25
2018.02.01 15:58:41.321,1.3209,1.32105,1.25,1.00
2018.02.01 15:58:41.659,1.3209,1.32107,1.19,1.00
2018.02.01 15:58:41.815,1.3209,1.32107,1.25,1.12
2018.02.01 15:58:41.934,1.32087,1.32105,2.06,1.00
2018.02.01 15:58:41.986,1.32087,1.32105,1.69,1.00
2018.02.01 15:58:42.037,1.32089,1.32106,1.19,1.00
2018.02.01 15:58:42.346,1.32086,1.32101,1.50,1.00
2018.02.01 15:58:42.448,1.32086,1.32103,1.50,1.00
2018.02.01 15:58:42.550,1.32082,1.32102,1.69,1.00
2018.02.01 15:58:42.602,1.32085,1.32105,1.00,2.06
2018.02.01 15:58:42.911,1.32078,1.32098,1.19,1.25
2018.02.01 15:58:43.437,1.32081,1.321,1.19,1.00
2018.02.01 15:58:43.915,1.32079,1.32098,1.69,1.37
2018.02.01 15:58:43.968,1.32078,1.32097,1.25,1.12
2018.02.01 15:58:44.024,1.32077,1.32095,1.69,1.00
2018.02.01 15:58:44.291,1.32076,1.32095,1.25,1.00
2018.02.01 15:58:44.395,1.32081,1.32098,1.00,1.25
2018.02.01 15:58:45.083,1.32086,1.32101,1.00,1.37
2018.02.01 15:58:45.405,1.32095,1.32106,1.69,1.12
2018.02.01 15:58:45.458,1.32095,1.3211,1.69,1.50
2018.02.01 15:58:45.510,1.32096,1.32113,1.25,1.00
2018.02.01 15:58:45.668,1.32096,1.32111,1.00,1.00
2018.02.01 15:58:45.719,1.32097,1.32113,1.00,1.25
2018.02.01 15:58:45.873,1.32094,1.32114,1.00,2.06
2018.02.01 15:58:46.369,1.32096,1.32112,1.00,1.12
2018.02.01 15:58:47.605,1.32095,1.32112,1.00,1.12
2018.02.01 15:58:47.710,1.32101,1.32119,1.25,1.00
2018.02.01 15:58:47.846,1.32097,1.32115,1.31,1.12
2018.02.01 15:58:48.154,1.32099,1.32118,1.19,1.37
2018.02.01 15:58:48.463,1.321,1.32119,2.44,1.37
2018.02.01 15:58:48.593,1.32102,1.32121,1.19,1.50
2018.02.01 15:58:48.800,1.32099,1.32115,1.25,1.37
2018.02.01 15:58:49.403,1.32096,1.32115,1.69,1.37
2018.02.01 15:58:49.745,1.32096,1.32114,1.00,1.31
2018.02.01 15:58:49.849,1.32093,1.32111,1.19,1.00
2018.02.01 15:58:50.181,1.32097,1.32116,1.19,1.69
2018.02.01 15:58:50.337,1.32096,1.32115,1.19,1.87
2018.02.01 15:58:50.389,1.32096,1.32115,1.00,2.06
2018.02.01 15:58:50.441,1.32096,1.32112,1.69,1.37
2018.02.01 15:58:50.647,1.32095,1.32112,1.25,1.37
2018.02.01 15:58:51.089,1.32094,1.3211,1.19,1.37
2018.02.01 15:58:51.140,1.32093,1.3211,1.50,1.37
2018.02.01 15:58:51.652,1.32092,1.3211,1.25,1.37
2018.02.01 15:58:51.846,1.32092,1.32111,1.19,1.37
2018.02.01 15:58:52.156,1.32096,1.32113,1.69,1.12
2018.02.01 15:58:52.209,1.32095,1.32115,1.31,3.00
2018.02.01 15:58:52.261,1.32095,1.32112,1.69,1.87
2018.02.01 15:58:52.315,1.32091,1.32111,2.06,1.69
2018.02.01 15:58:52.449,1.32091,1.32111,1.12,2.06
2018.02.01 15:58:52.501,1.3209,1.3211,1.69,1.87
2018.02.01 15:58:52.814,1.32087,1.32105,1.00,1.19
2018.02.01 15:58:53.739,1.32087,1.32105,1.00,1.19
2018.02.01 15:58:53.895,1.3208,1.32099,1.00,1.31
2018.02.01 15:58:54.126,1.32078,1.32096,1.69,1.00
2018.02.01 15:58:54.627,1.32078,1.32096,1.25,1.87
2018.02.01 15:58:55.138,1.32076,1.32094,1.69,1.00
2018.02.01 15:58:55.652,1.32077,1.32095,1.19,2.25
2018.02.01 15:58:55.985,1.32072,1.32092,2.06,1.87
2018.02.01 15:58:56.640,1.32072,1.32089,1.31,1.00
2018.02.01 15:58:57.002,1.32071,1.3209,2.44,1.31
2018.02.01 15:58:57.312,1.3207,1.32086,1.00,1.00
2018.02.01 15:58:57.539,1.3207,1.32088,2.25,1.50
2018.02.01 15:58:57.754,1.32072,1.32088,1.00,1.00
2018.02.01 15:58:58.344,1.32071,1.32088,1.00,1.12
2018.02.01 15:58:58.803,1.32074,1.32089,1.00,1.00
2018.02.01 15:58:58.905,1.32072,1.32089,1.00,1.00
2018.02.01 15:58:59.413,1.3207,1.32089,1.69,1.69
2018.02.01 15:59:00.106,1.3207,1.32089,1.69,1.50
2018.02.01 15:59:00.652,1.32071,1.32088,1.00,1.12
2018.02.01 15:59:01.131,1.32071,1.32089,1.69,1.87
2018.02.01 15:59:01.287,1.32075,1.32092,2.44,1.12
2018.02.01 15:59:01.571,1.32075,1.32095,1.69,1.87
2018.02.01 15:59:01.727,1.32077,1.32095,1.19,1.87
2018.02.01 15:59:01.780,1.32079,1.32096,1.25,1.12
2018.02.01 15:59:02.039,1.32076,1.32094,1.87,1.31
2018.02.01 15:59:02.393,1.32081,1.32095,1.19,1.00
2018.02.01 15:59:02.444,1.32085,1.32101,1.00,2.06
2018.02.01 15:59:02.699,1.32081,1.32101,1.50,2.44
2018.02.01 15:59:02.751,1.32084,1.32101,1.00,1.69
2018.02.01 15:59:03.057,1.32087,1.32105,1.25,1.31
2018.02.01 15:59:03.108,1.32091,1.32106,1.00,1.87
2018.02.01 15:59:03.495,1.32089,1.32107,1.00,1.00
2018.02.01 15:59:03.546,1.32088,1.32106,2.25,1.19
2018.02.01 15:59:03.869,1.32087,1.32105,1.19,2.62
2018.02.01 15:59:04.434,1.32089,1.32105,1.00,1.87
2018.02.01 15:59:04.588,1.3209,1.32108,1.25,3.56
2018.02.01 15:59:04.639,1.32093,1.32108,1.00,1.00
2018.02.01 15:59:04.793,1.32093,1.32111,1.00,1.87
2018.02.01 15:59:04.947,1.32094,1.32112,1.31,1.50
2018.02.01 15:59:05.248,1.32109,1.32124,1.31,1.00
2018.02.01 15:59:05.301,1.32109,1.32128,1.31,1.87
2018.02.01 15:59:05.612,1.32119,1.3213,1.19,1.00
2018.02.01 15:59:05.664,1.32122,1.32134,1.19,1.00
2018.02.01 15:59:05.717,1.32122,1.32136,1.31,1.00
2018.02.01 15:59:05.884,1.32121,1.32138,1.25,1.37
2018.02.01 15:59:05.939,1.32123,1.32141,1.19,2.62
2018.02.01 15:59:06.145,1.32126,1.32142,1.25,1.00
2018.02.01 15:59:07.189,1.32123,1.32142,1.31,1.00
2018.02.01 15:59:07.716,1.32125,1.32142,1.69,1.00
2018.02.01 15:59:08.043,1.32128,1.32142,1.00,1.00
2018.02.01 15:59:08.355,1.32126,1.32142,1.25,1.00
2018.02.01 15:59:08.747,1.32122,1.32139,1.31,1.37
2018.02.01 15:59:09.226,1.32122,1.32139,1.19,1.37
2018.02.01 15:59:09.328,1.32119,1.32137,1.19,1.00
2018.02.01 15:59:10.087,1.32117,1.32135,1.19,1.12
2018.02.01 15:59:10.138,1.32119,1.32138,1.31,1.87
2018.02.01 15:59:10.680,1.32117,1.32136,2.25,1.00
2018.02.01 15:59:11.185,1.32123,1.32137,1.00,1.00
2018.02.01 15:59:11.289,1.32119,1.32137,1.69,1.00
2018.02.01 15:59:11.720,1.32122,1.3214,1.19,1.50
2018.02.01 15:59:12.131,1.32121,1.32139,1.50,2.06
2018.02.01 15:59:12.222,1.32119,1.32139,1.00,2.06
2018.02.01 15:59:12.273,1.32118,1.32137,1.19,2.25
2018.02.01 15:59:12.580,1.32117,1.32134,1.31,1.37
2018.02.01 15:59:12.631,1.32117,1.32135,1.31,1.50
2018.02.01 15:59:12.926,1.32116,1.3213,1.00,1.19
2018.02.01 15:59:13.029,1.32113,1.3213,1.19,1.00
2018.02.01 15:59:13.080,1.32115,1.32131,1.19,1.12
2018.02.01 15:59:13.234,1.32115,1.32133,1.69,1.20
2018.02.01 15:59:13.683,1.32117,1.32136,1.69,1.47
2018.02.01 15:59:13.786,1.32118,1.32136,1.19,1.47
2018.02.01 15:59:14.264,1.32116,1.32134,1.00,1.25
2018.02.01 15:59:14.317,1.32114,1.32132,1.69,1.00
2018.02.01 15:59:14.822,1.32113,1.32131,1.25,1.39
2018.02.01 15:59:15.131,1.32112,1.3213,1.25,1.69
2018.02.01 15:59:15.520,1.3211,1.32128,1.25,1.00
2018.02.01 15:59:15.780,1.32112,1.32128,1.00,1.00
2018.02.01 15:59:16.091,1.32116,1.3213,1.00,1.50
2018.02.01 15:59:16.297,1.32114,1.3213,1.00,1.50
2018.02.01 15:59:16.401,1.32111,1.3213,1.69,1.50
2018.02.01 15:59:16.938,1.32112,1.3213,1.50,1.50
2018.02.01 15:59:17.072,1.32118,1.3213,1.00,1.50
2018.02.01 15:59:17.124,1.32118,1.32135,1.00,2.51
2018.02.01 15:59:17.175,1.32116,1.32133,1.00,1.19
2018.02.01 15:59:17.227,1.32116,1.32135,1.00,1.26
2018.02.01 15:59:17.279,1.32118,1.32136,1.25,1.57
2018.02.01 15:59:17.382,1.32117,1.32137,1.69,1.70
2018.02.01 15:59:17.586,1.3212,1.32137,1.00,1.37
2018.02.01 15:59:18.097,1.32124,1.3214,1.00,1.12
2018.02.01 15:59:18.483,1.32123,1.32138,1.00,1.00
2018.02.01 15:59:18.840,1.3212,1.32137,1.50,1.00
2018.02.01 15:59:19.349,1.32119,1.32137,1.25,3.00
2018.02.01 15:59:19.401,1.32122,1.32135,2.62,1.00
2018.02.01 15:59:19.612,1.32117,1.32133,1.25,1.12
2018.02.01 15:59:20.037,1.32119,1.32134,1.00,1.20
2018.02.01 15:59:20.400,1.32116,1.32133,1.19,1.00
2018.02.01 15:59:20.909,1.32118,1.32133,1.00,1.00
2018.02.01 15:59:21.070,1.32115,1.32133,1.19,1.00
2018.02.01 15:59:21.655,1.32113,1.32133,1.19,1.31
2018.02.01 15:59:21.860,1.32113,1.32133,1.25,1.39
2018.02.01 15:59:21.911,1.32115,1.32133,1.19,1.20
2018.02.01 15:59:22.261,1.3211,1.32129,1.56,1.00
2018.02.01 15:59:22.313,1.3211,1.32127,1.00,1.00
2018.02.01 15:59:22.365,1.32105,1.32122,1.19,1.12
2018.02.01 15:59:22.417,1.32105,1.32123,1.19,1.00
2018.02.01 15:59:22.468,1.32108,1.32126,1.19,2.32
2018.02.01 15:59:23.008,1.32109,1.32126,1.19,1.37
2018.02.01 15:59:23.264,1.32109,1.32127,1.19,1.00
2018.02.01 15:59:23.316,1.32111,1.32128,1.19,1.00
2018.02.01 15:59:23.663,1.32108,1.32126,1.00,2.81
2018.02.01 15:59:23.766,1.32108,1.32126,1.50,1.69
2018.02.01 15:59:24.076,1.3211,1.32128,1.19,1.07
2018.02.01 15:59:24.331,1.32109,1.32126,1.00,1.00
2018.02.01 15:59:24.438,1.32109,1.32127,1.19,1.07
2018.02.01 15:59:24.646,1.32101,1.32117,1.00,1.69
2018.02.01 15:59:24.805,1.32093,1.32113,2.81,1.19
2018.02.01 15:59:24.858,1.3209,1.32107,1.31,1.50
2018.02.01 15:59:25.404,1.32092,1.32108,1.19,1.00
2018.02.01 15:59:25.925,1.32092,1.32109,1.19,1.00
2018.02.01 15:59:26.484,1.32096,1.32112,1.69,1.20
2018.02.01 15:59:26.588,1.32106,1.32123,1.19,1.00
2018.02.01 15:59:26.692,1.32109,1.32124,1.19,1.12
2018.02.01 15:59:26.978,1.32109,1.32125,1.00,1.50
2018.02.01 15:59:27.130,1.32106,1.32124,1.00,1.19
2018.02.01 15:59:27.467,1.32098,1.32116,1.19,1.10
2018.02.01 15:59:28.235,1.32105,1.32123,1.19,1.10
2018.02.01 15:59:28.440,1.32108,1.32127,1.25,2.44
2018.02.01 15:59:29.037,1.32107,1.32126,1.19,1.00
2018.02.01 15:59:29.415,1.32108,1.32126,1.19,1.50
2018.02.01 15:59:29.467,1.32108,1.32126,1.25,1.25
2018.02.01 15:59:29.519,1.32111,1.32129,1.00,3.19
2018.02.01 15:59:29.571,1.32112,1.32129,1.00,1.12
2018.02.01 15:59:29.624,1.32108,1.32127,1.00,1.31
2018.02.01 15:59:29.911,1.32114,1.32134,1.19,1.76
2018.02.01 15:59:29.964,1.32115,1.32134,1.19,1.10
2018.02.01 15:59:30.069,1.3212,1.32137,1.25,1.10
2018.02.01 15:59:30.121,1.32122,1.3214,1.00,1.87
2018.02.01 15:59:30.489,1.32122,1.3214,1.19,1.87
2018.02.01 15:59:30.540,1.32126,1.32143,1.25,1.00
2018.02.01 15:59:30.697,1.32126,1.32141,1.00,1.37
2018.02.01 15:59:31.092,1.32126,1.32142,1.19,1.37
2018.02.01 15:59:31.952,1.32126,1.32141,1.25,1.12
2018.02.01 15:59:32.005,1.3212,1.32136,3.94,1.00
2018.02.01 15:59:32.064,1.3212,1.32136,1.69,1.00
2018.02.01 15:59:32.575,1.3212,1.32137,1.19,1.00
2018.02.01 15:59:32.848,1.32124,1.3214,1.31,1.12
2018.02.01 15:59:32.952,1.32123,1.3214,1.56,1.00
2018.02.01 15:59:33.212,1.32127,1.32143,1.19,1.50
2018.02.01 15:59:33.265,1.32127,1.32142,1.19,1.50
2018.02.01 15:59:33.556,1.32126,1.32144,1.00,1.87
2018.02.01 15:59:33.609,1.32123,1.32139,1.69,1.37
2018.02.01 15:59:34.155,1.32123,1.32137,1.00,1.00
2018.02.01 15:59:34.463,1.32121,1.32134,1.19,1.00
2018.02.01 15:59:34.805,1.3212,1.32133,1.31,1.75
2018.02.01 15:59:34.864,1.32118,1.32133,1.19,1.87
2018.02.01 15:59:34.923,1.3212,1.32132,1.19,1.12
2018.02.01 15:59:35.028,1.32119,1.32131,1.00,1.12
2018.02.01 15:59:35.080,1.32118,1.3213,1.31,1.37
2018.02.01 15:59:35.297,1.32114,1.32125,1.19,1.00
2018.02.01 15:59:35.348,1.32113,1.32128,1.31,1.00
2018.02.01 15:59:36.087,1.32114,1.32128,1.00,1.12
2018.02.01 15:59:36.139,1.32115,1.3213,1.00,1.00
2018.02.01 15:59:36.819,1.32116,1.3213,1.25,1.37
2018.02.01 15:59:37.316,1.32116,1.32131,1.69,1.00
2018.02.01 15:59:37.368,1.32116,1.32131,1.69,1.00
2018.02.01 15:59:37.730,1.3212,1.3213,1.25,1.00
2018.02.01 15:59:37.784,1.32121,1.32134,1.19,1.37
2018.02.01 15:59:38.149,1.32118,1.32129,1.19,1.00
2018.02.01 15:59:38.252,1.32116,1.32128,1.69,1.00
2018.02.01 15:59:38.304,1.32116,1.3213,1.25,1.00
2018.02.01 15:59:38.721,1.32113,1.32131,2.44,1.87
2018.02.01 15:59:38.773,1.32113,1.32128,1.25,1.37
2018.02.01 15:59:39.279,1.32112,1.32128,1.19,1.37
2018.02.01 15:59:39.332,1.32109,1.32128,1.69,1.50
2018.02.01 15:59:39.436,1.32114,1.32129,1.25,1.87
2018.02.01 15:59:39.746,1.32114,1.32129,1.19,1.12
2018.02.01 15:59:39.932,1.32111,1.32127,1.00,1.00
2018.02.01 15:59:39.984,1.32111,1.32127,1.19,1.00
2018.02.01 15:59:40.189,1.32111,1.32127,1.00,1.00
2018.02.01 15:59:40.241,1.32108,1.32125,1.19,1.37
2018.02.01 15:59:40.884,1.32111,1.32127,1.00,1.37
2018.02.01 15:59:41.194,1.32111,1.32128,1.19,1.50
2018.02.01 15:59:41.357,1.32116,1.32128,1.00,1.50
2018.02.01 15:59:41.462,1.32117,1.32133,1.25,1.37
2018.02.01 15:59:41.515,1.32121,1.32133,1.00,1.37
2018.02.01 15:59:41.618,1.32115,1.32132,2.44,1.37
2018.02.01 15:59:42.166,1.32112,1.32127,3.19,1.12
2018.02.01 15:59:42.320,1.32111,1.32128,1.00,1.50
2018.02.01 15:59:42.372,1.32111,1.32125,1.00,1.37
2018.02.01 15:59:42.424,1.32109,1.32125,1.00,1.87
2018.02.01 15:59:42.597,1.32107,1.32123,1.69,1.37
2018.02.01 15:59:43.113,1.32107,1.32124,1.19,1.87
2018.02.01 15:59:43.423,1.32107,1.32124,2.44,1.87
2018.02.01 15:59:43.579,1.32108,1.32123,1.00,1.12
2018.02.01 15:59:43.734,1.3211,1.32124,1.00,1.37
2018.02.01 15:59:44.045,1.32109,1.32128,1.19,1.50
2018.02.01 15:59:44.117,1.32111,1.32128,1.19,1.50
2018.02.01 15:59:44.169,1.32117,1.32134,1.19,1.00
2018.02.01 15:59:44.221,1.32115,1.32133,1.25,1.62
2018.02.01 15:59:44.273,1.32115,1.32131,1.25,1.37
2018.02.01 15:59:44.382,1.32112,1.3213,2.44,1.87
2018.02.01 15:59:44.486,1.32109,1.32129,1.19,1.31
2018.02.01 15:59:44.538,1.32109,1.32126,1.00,1.25
2018.02.01 15:59:44.590,1.32107,1.32125,2.06,1.00
2018.02.01 15:59:44.822,1.3211,1.32128,1.00,1.37
2018.02.01 15:59:44.875,1.32112,1.3213,1.25,1.87
2018.02.01 15:59:45.390,1.32112,1.3213,1.25,1.12
2018.02.01 15:59:45.929,1.32113,1.3213,1.00,1.37
2018.02.01 15:59:45.980,1.32113,1.3213,1.19,1.37
2018.02.01 15:59:46.135,1.32116,1.32132,1.00,1.00
2018.02.01 15:59:46.240,1.32111,1.3213,1.69,1.00
2018.02.01 15:59:46.292,1.32111,1.32128,1.25,1.37
2018.02.01 15:59:46.637,1.32106,1.32126,1.19,3.56
2018.02.01 15:59:46.688,1.32105,1.32123,1.31,1.50
2018.02.01 15:59:46.740,1.32106,1.32123,1.00,1.69
2018.02.01 15:59:47.099,1.32101,1.32111,1.00,1.37
2018.02.01 15:59:47.253,1.32096,1.32111,1.19,1.00
2018.02.01 15:59:47.357,1.32101,1.32116,1.00,1.10
2018.02.01 15:59:47.561,1.32099,1.32116,1.00,1.62
2018.02.01 15:59:47.664,1.32098,1.32116,1.19,1.37
2018.02.01 15:59:49.012,1.32099,1.32116,1.00,1.37
2018.02.01 15:59:49.419,1.32097,1.32114,1.00,1.12
2018.02.01 15:59:49.471,1.32096,1.32112,1.25,1.00
2018.02.01 15:59:49.675,1.32094,1.32112,1.00,1.50
2018.02.01 15:59:49.829,1.32092,1.3211,1.25,1.25
2018.02.01 15:59:49.932,1.32092,1.32108,1.00,1.62
2018.02.01 15:59:50.277,1.32097,1.3211,1.19,1.00
2018.02.01 15:59:50.328,1.32095,1.32113,1.69,1.37
2018.02.01 15:59:50.379,1.32094,1.32111,1.00,1.62
2018.02.01 15:59:50.431,1.32092,1.3211,1.00,1.69
2018.02.01 15:59:50.575,1.32091,1.32109,1.50,1.19
2018.02.01 15:59:50.678,1.32091,1.3211,1.00,1.19
2018.02.01 15:59:50.783,1.32093,1.32111,1.00,1.12
2018.02.01 15:59:51.128,1.321,1.32122,2.44,2.14
2018.02.01 15:59:51.180,1.32104,1.32121,1.00,1.32
2018.02.01 15:59:51.336,1.32105,1.32122,1.00,1.50
2018.02.01 15:59:51.883,1.32106,1.32124,1.00,1.69
2018.02.01 15:59:51.986,1.3211,1.32126,1.00,1.76
2018.02.01 15:59:52.140,1.32108,1.32125,1.25,1.00
2018.02.01 15:59:52.191,1.32106,1.32124,1.50,1.00
2018.02.01 15:59:52.242,1.32105,1.32123,1.00,1.19
2018.02.01 15:59:53.418,1.32105,1.32123,1.00,1.25
2018.02.01 15:59:53.958,1.3211,1.32128,1.25,2.89
2018.02.01 15:59:54.283,1.32111,1.32126,1.00,1.25
2018.02.01 15:59:54.489,1.32113,1.32129,1.00,1.25
2018.02.01 15:59:54.541,1.32111,1.32128,1.00,1.00
2018.02.01 15:59:54.596,1.32111,1.32128,1.00,1.56
2018.02.01 15:59:54.734,1.32109,1.32127,1.50,1.31
2018.02.01 15:59:54.786,1.32111,1.32128,1.00,2.81
2018.02.01 15:59:54.838,1.32111,1.32129,1.00,1.39
2018.02.01 15:59:54.890,1.32116,1.3213,1.00,1.12
2018.02.01 15:59:55.043,1.32113,1.3213,1.00,1.19
2018.02.01 15:59:55.095,1.32111,1.3213,1.00,1.50
2018.02.01 15:59:55.147,1.32112,1.3213,1.00,1.19
2018.02.01 15:59:55.250,1.32111,1.32131,1.69,1.19
2018.02.01 15:59:55.482,1.32111,1.32129,1.50,1.19
2018.02.01 15:59:56.026,1.32116,1.32133,1.50,1.32
2018.02.01 15:59:56.115,1.32117,1.32133,1.00,1.69
2018.02.01 15:59:56.269,1.32116,1.32134,1.00,1.66
2018.02.01 15:59:56.371,1.32113,1.32132,1.00,1.69
2018.02.01 15:59:56.525,1.32111,1.3213,1.00,1.56
2018.02.01 15:59:56.627,1.32109,1.32129,1.00,2.06
2018.02.01 15:59:56.678,1.32111,1.32129,1.00,2.06
2018.02.01 15:59:57.006,1.32113,1.32131,1.00,1.26
2018.02.01 15:59:57.119,1.32116,1.32133,1.50,1.25
2018.02.01 15:59:57.172,1.32115,1.3213,1.00,1.00
2018.02.01 15:59:57.408,1.32116,1.32133,1.00,1.25
2018.02.01 15:59:57.460,1.3211,1.32128,1.12,1.19
2018.02.01 15:59:57.511,1.32108,1.32127,1.69,1.25
2018.02.01 15:59:57.664,1.32111,1.32127,1.00,1.25
2018.02.01 15:59:57.716,1.32109,1.32127,1.00,1.69
2018.02.01 15:59:57.911,1.3211,1.32127,1.00,1.31
2018.02.01 15:59:57.964,1.32115,1.32133,1.25,1.00
2018.02.01 15:59:58.017,1.32117,1.32132,1.12,1.00
2018.02.01 15:59:58.068,1.32118,1.32136,1.00,1.29
2018.02.01 15:59:58.120,1.32123,1.3214,1.00,1.69
2018.02.01 15:59:58.299,1.32126,1.32141,1.00,1.00
2018.02.01 15:59:58.352,1.32125,1.32144,1.69,1.69
2018.02.01 15:59:58.460,1.32131,1.32147,1.00,2.14
2018.02.01 15:59:58.565,1.32128,1.32146,1.00,1.39
2018.02.01 15:59:58.736,1.32128,1.32148,1.00,1.76
2018.02.01 15:59:59.096,1.32131,1.32148,1.50,1.31
2018.02.01 15:59:59.149,1.32131,1.32149,1.69,1.25
2018.02.01 15:59:59.528,1.32131,1.32147,1.00,1.69
2018.02.01 15:59:59.683,1.32127,1.32147,1.19,1.25
2018.02.01 15:59:59.735,1.32132,1.3215,1.00,1.29
2018.02.01 15:59:59.886,1.32131,1.32149,1.19,1.00
