2010.02.26 07:00:00.175,1.64555,1.6461,1.00,1.00
2010.02.26 07:00:00.295,1.64555,1.6461,1.00,1.00
2010.02.26 07:00:01.850,1.64555,1.646,1.00,1.00
2010.02.26 07:00:03.261,1.64575,1.6464,1.00,1.00
2010.02.26 07:00:04.270,1.6461,1.64675,1.00,1.60
2010.02.26 07:00:04.491,1.6462,1.6467,1.00,1.00
2010.02.26 07:00:05.330,1.64625,1.6466,1.00,1.00
2010.02.26 07:00:06.358,1.6463,1.64645,1.00,1.00
2010.02.26 07:00:06.716,1.6461,1.6466,1.00,1.00
2010.02.26 07:00:08.376,1.6461,1.6466,1.00,1.00
2010.02.26 07:00:09.786,1.64595,1.6464,1.00,1.00
2010.02.26 07:00:10.126,1.64595,1.64645,1.00,1.00
2010.02.26 07:00:12.740,1.6459,1.6464,1.00,1.00
2010.02.26 07:00:13.424,1.6458,1.64635,1.00,2.40
2010.02.26 07:00:14.253,1.6457,1.6463,1.00,1.00
2010.02.26 07:00:14.480,1.64575,1.6463,1.00,1.00
2010.02.26 07:00:15.268,1.6456,1.6462,1.00,1.00
2010.02.26 07:00:15.614,1.6455,1.6462,1.00,1.00
2010.02.26 07:00:15.952,1.6455,1.6461,1.00,1.00
2010.02.26 07:00:16.903,1.64545,1.6461,1.20,1.00
2010.02.26 07:00:17.248,1.6454,1.6462,1.80,2.80
2010.02.26 07:00:18.242,1.64555,1.64625,1.00,2.40
2010.02.26 07:00:18.503,1.6456,1.6463,1.20,1.00
2010.02.26 07:00:18.790,1.6456,1.6463,1.00,1.00
2010.02.26 07:00:19.754,1.6456,1.6463,1.00,2.40
2010.02.26 07:00:20.001,1.6456,1.6463,2.40,1.00
2010.02.26 07:00:20.237,1.6457,1.64635,1.00,1.60
2010.02.26 07:00:21.055,1.64585,1.64635,1.20,1.00
2010.02.26 07:00:21.427,1.646,1.64645,1.00,1.00
2010.02.26 07:00:22.390,1.6458,1.64645,1.00,1.00
2010.02.26 07:00:23.601,1.64585,1.64645,1.00,1.00
2010.02.26 07:00:24.582,1.6459,1.6465,1.00,1.00
2010.02.26 07:00:25.593,1.646,1.64655,1.00,1.00
2010.02.26 07:00:28.900,1.646,1.6465,1.00,1.00
2010.02.26 07:00:29.971,1.6459,1.6464,1.00,1.00
2010.02.26 07:00:30.334,1.64575,1.6464,1.00,1.60
2010.02.26 07:00:31.658,1.6457,1.6463,1.00,1.60
2010.02.26 07:00:32.015,1.64575,1.64625,1.60,1.60
2010.02.26 07:00:33.189,1.64575,1.64625,1.60,1.60
2010.02.26 07:00:33.463,1.64585,1.64625,1.00,1.60
2010.02.26 07:00:34.191,1.64575,1.64615,1.60,1.60
2010.02.26 07:00:34.542,1.6457,1.6461,1.60,1.60
2010.02.26 07:00:35.350,1.64575,1.64625,1.60,1.60
2010.02.26 07:00:36.017,1.64575,1.64625,1.60,1.60
2010.02.26 07:00:37.039,1.6458,1.6463,1.60,3.20
2010.02.26 07:00:37.426,1.64575,1.64625,1.60,1.60
2010.02.26 07:00:38.255,1.64585,1.64635,1.60,1.60
2010.02.26 07:00:39.230,1.6459,1.6464,1.00,1.60
2010.02.26 07:00:39.606,1.64585,1.64635,1.60,3.20
2010.02.26 07:00:40.306,1.6458,1.64635,5.60,1.60
2010.02.26 07:00:40.617,1.6458,1.64635,4.80,1.60
2010.02.26 07:00:43.794,1.6459,1.64635,1.00,1.60
2010.02.26 07:00:46.847,1.6459,1.64635,1.00,1.00
2010.02.26 07:01:04.746,1.6459,1.64625,1.00,4.20
2010.02.26 07:01:04.976,1.6458,1.6462,1.00,1.60
2010.02.26 07:01:08.002,1.64575,1.6462,3.20,1.60
2010.02.26 07:01:09.109,1.64575,1.6461,1.60,1.60
2010.02.26 07:01:09.364,1.6457,1.6462,4.80,3.20
2010.02.26 07:01:10.180,1.6457,1.6462,4.80,1.60
2010.02.26 07:01:12.494,1.64575,1.6462,3.20,2.40
2010.02.26 07:01:12.718,1.64575,1.6462,3.20,1.60
2010.02.26 07:01:14.373,1.64575,1.6461,3.20,1.60
2010.02.26 07:01:14.627,1.6457,1.6461,3.20,1.60
2010.02.26 07:01:15.314,1.6457,1.6462,4.80,1.60
2010.02.26 07:01:15.634,1.64575,1.6462,1.00,1.60
2010.02.26 07:01:16.549,1.6457,1.6461,1.60,1.60
2010.02.26 07:01:17.208,1.64575,1.64615,1.00,3.20
2010.02.26 07:01:19.006,1.64565,1.64595,1.60,1.00
2010.02.26 07:01:19.856,1.6455,1.6459,1.00,1.60
2010.02.26 07:01:20.042,1.6457,1.64595,1.00,1.60
2010.02.26 07:01:21.149,1.64565,1.6459,1.00,1.60
2010.02.26 07:01:21.507,1.6457,1.64595,1.00,1.60
2010.02.26 07:01:25.441,1.6457,1.64595,1.60,1.60
2010.02.26 07:01:27.748,1.6457,1.646,1.60,2.40
2010.02.26 07:01:29.334,1.6457,1.646,1.60,1.60
2010.02.26 07:01:30.273,1.64565,1.64595,1.00,1.60
2010.02.26 07:01:30.550,1.6456,1.64595,1.00,1.60
2010.02.26 07:01:31.394,1.6456,1.6459,1.00,1.60
2010.02.26 07:01:31.757,1.64565,1.6459,1.60,1.60
2010.02.26 07:01:32.466,1.64565,1.64595,1.00,1.60
2010.02.26 07:01:32.816,1.64565,1.646,1.60,1.60
2010.02.26 07:01:33.165,1.64575,1.6461,1.00,1.00
2010.02.26 07:01:34.101,1.64575,1.64615,1.60,3.20
2010.02.26 07:01:34.484,1.6458,1.64615,1.00,1.60
2010.02.26 07:01:35.392,1.64575,1.6462,1.60,1.60
2010.02.26 07:01:35.685,1.64575,1.64615,1.00,1.60
2010.02.26 07:01:36.736,1.64575,1.6461,1.00,1.60
2010.02.26 07:01:37.013,1.6457,1.6461,1.60,1.60
2010.02.26 07:01:37.869,1.6456,1.64595,1.00,1.60
2010.02.26 07:01:38.227,1.64545,1.646,1.60,1.60
2010.02.26 07:01:38.945,1.64545,1.6459,1.60,1.60
2010.02.26 07:01:40.224,1.6455,1.6459,1.60,1.60
2010.02.26 07:01:41.818,1.6456,1.6459,1.00,1.60
2010.02.26 07:01:42.777,1.64575,1.6461,1.00,1.60
2010.02.26 07:01:43.805,1.6458,1.6462,1.00,1.60
2010.02.26 07:01:46.598,1.64575,1.6462,1.60,1.60
2010.02.26 07:01:47.900,1.6458,1.6462,1.00,1.60
2010.02.26 07:01:48.972,1.6458,1.64625,1.00,3.20
2010.02.26 07:01:49.550,1.6458,1.64625,1.00,3.20
2010.02.26 07:01:49.840,1.6458,1.6463,3.20,4.00
2010.02.26 07:01:50.570,1.64585,1.6463,2.40,1.60
2010.02.26 07:01:50.777,1.646,1.6464,1.00,1.60
2010.02.26 07:01:56.040,1.6459,1.6464,4.80,1.60
2010.02.26 07:01:56.295,1.64595,1.64635,1.60,1.60
2010.02.26 07:01:57.346,1.646,1.64645,1.00,4.80
2010.02.26 07:01:58.066,1.646,1.64645,1.60,1.60
2010.02.26 07:01:58.883,1.646,1.64645,1.60,3.20
2010.02.26 07:01:59.144,1.646,1.64645,1.60,1.60
2010.02.26 07:02:00.256,1.64605,1.64645,4.80,1.60
2010.02.26 07:02:04.728,1.646,1.64645,1.60,1.60
2010.02.26 07:02:05.662,1.646,1.64645,4.80,1.60
2010.02.26 07:02:06.021,1.64605,1.64645,3.20,1.60
2010.02.26 07:02:08.891,1.6463,1.64685,1.00,1.60
2010.02.26 07:02:09.139,1.6463,1.64685,1.00,3.20
2010.02.26 07:02:09.927,1.64635,1.64675,1.00,1.60
2010.02.26 07:02:10.170,1.6463,1.64675,1.60,1.60
2010.02.26 07:02:16.036,1.6463,1.6466,1.60,1.60
2010.02.26 07:02:16.341,1.64615,1.64655,1.00,1.60
2010.02.26 07:02:16.638,1.64605,1.6465,1.60,1.60
2010.02.26 07:02:16.936,1.646,1.6465,4.80,3.20
2010.02.26 07:02:19.122,1.64615,1.6465,1.00,1.60
2010.02.26 07:02:19.486,1.6461,1.64655,1.60,3.20
2010.02.26 07:02:22.094,1.6461,1.64655,2.40,3.20
2010.02.26 07:02:22.316,1.64615,1.64655,1.60,1.60
2010.02.26 07:02:23.813,1.64615,1.64655,1.60,1.60
2010.02.26 07:02:24.535,1.64615,1.6466,1.60,3.20
2010.02.26 07:02:24.804,1.64615,1.6466,2.40,3.20
2010.02.26 07:02:25.686,1.64615,1.6466,1.60,1.60
2010.02.26 07:02:28.651,1.64615,1.6466,1.60,3.20
2010.02.26 07:02:31.902,1.64615,1.6466,1.60,3.20
2010.02.26 07:02:32.571,1.6461,1.6465,1.00,1.60
2010.02.26 07:02:33.550,1.6461,1.6465,1.00,1.60
2010.02.26 07:02:35.511,1.64615,1.64655,1.60,3.20
2010.02.26 07:02:36.396,1.64615,1.64655,1.60,1.60
2010.02.26 07:02:37.531,1.64615,1.64655,1.60,3.20
2010.02.26 07:02:37.862,1.6461,1.6465,1.00,1.60
2010.02.26 07:02:38.791,1.64615,1.64645,1.00,1.60
2010.02.26 07:02:39.097,1.64615,1.64655,1.00,3.20
2010.02.26 07:02:45.034,1.64615,1.64655,1.00,1.60
2010.02.26 07:02:45.909,1.6462,1.64655,1.00,1.60
2010.02.26 07:02:46.264,1.64625,1.6466,1.60,1.60
2010.02.26 07:02:48.217,1.6462,1.64665,1.60,3.20
2010.02.26 07:02:48.535,1.64625,1.64665,1.00,4.00
2010.02.26 07:02:49.321,1.64615,1.6465,1.60,1.60
2010.02.26 07:02:49.688,1.64615,1.64645,1.00,3.20
2010.02.26 07:02:50.436,1.6461,1.6463,1.60,1.60
2010.02.26 07:02:51.462,1.64605,1.64635,1.60,2.40
2010.02.26 07:02:51.841,1.64605,1.6465,4.80,1.60
2010.02.26 07:02:52.541,1.64605,1.64635,3.20,1.60
2010.02.26 07:02:53.835,1.64605,1.64635,1.60,1.60
2010.02.26 07:02:54.130,1.64595,1.64635,4.80,1.60
2010.02.26 07:02:54.414,1.64595,1.64635,4.80,1.60
2010.02.26 07:02:55.108,1.64595,1.6464,4.80,1.60
2010.02.26 07:02:56.347,1.6461,1.64645,1.00,1.00
2010.02.26 07:02:56.683,1.64605,1.6465,1.60,3.20
2010.02.26 07:02:57.581,1.6461,1.6466,1.60,3.20
2010.02.26 07:02:57.948,1.6462,1.6466,1.00,3.20
2010.02.26 07:02:58.935,1.6462,1.64665,1.60,3.20
2010.02.26 07:03:00.671,1.64625,1.6467,1.60,3.20
2010.02.26 07:03:01.041,1.64625,1.6467,1.60,4.00
2010.02.26 07:03:01.921,1.64625,1.6467,1.60,3.20
2010.02.26 07:03:02.177,1.64625,1.6467,1.60,3.20
2010.02.26 07:03:03.344,1.64625,1.6467,1.60,3.20
2010.02.26 07:03:03.522,1.64625,1.6467,1.60,3.20
2010.02.26 07:03:05.912,1.64625,1.64675,1.60,5.60
2010.02.26 07:03:07.069,1.6462,1.64655,1.00,1.60
2010.02.26 07:03:07.389,1.64625,1.6467,1.60,3.20
2010.02.26 07:03:07.691,1.6462,1.64665,4.80,1.60
2010.02.26 07:03:10.440,1.6462,1.6466,3.20,1.60
2010.02.26 07:03:12.322,1.6462,1.64655,3.20,1.60
2010.02.26 07:03:13.408,1.6462,1.6466,3.20,2.40
2010.02.26 07:03:14.736,1.6462,1.6466,3.20,1.60
2010.02.26 07:03:15.662,1.64615,1.6466,3.20,1.60
2010.02.26 07:03:16.508,1.6462,1.6466,1.00,1.60
2010.02.26 07:03:17.434,1.6462,1.6466,1.60,1.60
2010.02.26 07:03:21.015,1.6463,1.64665,1.60,2.40
2010.02.26 07:03:21.328,1.6463,1.6467,1.60,1.60
2010.02.26 07:03:22.261,1.6463,1.6467,1.60,3.20
2010.02.26 07:03:22.628,1.64625,1.64665,1.60,1.60
2010.02.26 07:03:23.941,1.6463,1.6467,1.60,1.60
2010.02.26 07:03:24.315,1.64625,1.64665,3.80,1.60
2010.02.26 07:03:26.080,1.64615,1.6466,4.80,1.60
2010.02.26 07:03:27.371,1.64615,1.64655,1.60,1.60
2010.02.26 07:03:27.920,1.64615,1.64655,1.60,3.20
2010.02.26 07:03:30.700,1.6461,1.64655,1.60,3.20
2010.02.26 07:03:31.062,1.64605,1.6465,1.60,3.20
2010.02.26 07:03:31.305,1.6461,1.6465,1.60,1.60
2010.02.26 07:03:33.196,1.64615,1.64655,1.60,3.20
2010.02.26 07:03:36.059,1.6461,1.64655,2.40,1.60
2010.02.26 07:03:36.742,1.64615,1.64655,1.60,1.60
2010.02.26 07:03:38.476,1.6462,1.64665,1.60,3.20
2010.02.26 07:03:38.781,1.64625,1.64665,1.60,1.60
2010.02.26 07:03:39.132,1.64625,1.64665,1.60,3.20
2010.02.26 07:03:40.011,1.6462,1.64665,1.60,3.20
2010.02.26 07:03:41.050,1.6462,1.6466,1.60,1.60
2010.02.26 07:03:41.421,1.6462,1.64665,1.60,3.20
2010.02.26 07:03:42.121,1.6463,1.6467,1.60,1.60
2010.02.26 07:03:42.457,1.6463,1.64675,1.60,4.80
2010.02.26 07:03:43.400,1.6463,1.64675,1.60,3.20
2010.02.26 07:03:45.183,1.64635,1.64675,1.00,3.20
2010.02.26 07:03:45.512,1.64625,1.6467,4.80,1.60
2010.02.26 07:03:46.483,1.64625,1.64665,1.60,1.60
2010.02.26 07:03:46.785,1.6462,1.6466,2.40,1.60
2010.02.26 07:03:47.081,1.6462,1.6466,1.60,1.60
2010.02.26 07:03:49.299,1.6462,1.6466,1.60,1.60
2010.02.26 07:03:49.546,1.6462,1.6466,1.60,1.60
2010.02.26 07:03:50.420,1.6462,1.6466,1.60,1.60
2010.02.26 07:03:50.769,1.6464,1.6467,1.00,3.20
2010.02.26 07:03:51.119,1.64625,1.64665,1.60,1.60
2010.02.26 07:03:52.003,1.6462,1.6466,1.60,1.60
2010.02.26 07:03:52.248,1.6462,1.6466,1.60,1.60
2010.02.26 07:03:52.852,1.64625,1.6467,1.60,4.80
2010.02.26 07:03:53.575,1.64625,1.6467,1.60,3.20
2010.02.26 07:03:53.975,1.64625,1.6467,1.60,4.80
2010.02.26 07:03:54.220,1.6462,1.64655,3.20,1.60
2010.02.26 07:03:54.892,1.6462,1.64655,1.60,1.60
2010.02.26 07:03:55.180,1.64615,1.64655,4.80,1.60
2010.02.26 07:03:55.470,1.64625,1.6466,1.00,1.60
2010.02.26 07:03:58.943,1.6462,1.64655,1.00,1.60
2010.02.26 07:04:01.247,1.64615,1.6465,3.20,1.60
2010.02.26 07:04:02.598,1.64615,1.64655,4.80,1.60
2010.02.26 07:04:05.161,1.64615,1.64655,3.20,1.60
2010.02.26 07:04:05.374,1.64615,1.64655,1.60,1.60
2010.02.26 07:04:12.000,1.64615,1.64655,1.60,1.60
2010.02.26 07:04:14.069,1.64615,1.64655,1.60,1.60
2010.02.26 07:04:19.409,1.64605,1.64645,1.60,1.60
2010.02.26 07:04:20.313,1.64605,1.64645,1.60,1.70
2010.02.26 07:04:21.121,1.646,1.6464,1.60,1.60
2010.02.26 07:04:23.104,1.64605,1.64645,1.60,1.60
2010.02.26 07:04:24.264,1.64605,1.64645,1.60,1.60
2010.02.26 07:04:24.589,1.646,1.64645,1.60,1.60
2010.02.26 07:04:25.994,1.646,1.6464,1.60,1.00
2010.02.26 07:04:26.257,1.646,1.64645,1.60,1.60
2010.02.26 07:04:27.229,1.646,1.64635,1.60,1.00
2010.02.26 07:04:27.481,1.6459,1.6463,3.20,1.70
2010.02.26 07:04:28.284,1.64595,1.6463,1.00,1.60
2010.02.26 07:04:28.476,1.64585,1.6462,1.00,2.20
2010.02.26 07:04:29.262,1.64595,1.64625,1.00,1.60
2010.02.26 07:04:29.447,1.64605,1.6466,1.60,1.60
2010.02.26 07:04:30.120,1.6461,1.64665,1.60,3.60
2010.02.26 07:04:30.475,1.6461,1.64655,1.60,3.20
2010.02.26 07:04:31.695,1.6461,1.64655,1.60,1.60
2010.02.26 07:04:31.910,1.6461,1.64655,1.60,1.60
2010.02.26 07:04:34.759,1.646,1.64645,1.60,1.60
2010.02.26 07:04:36.522,1.64595,1.6464,1.60,1.60
2010.02.26 07:04:37.540,1.6459,1.64635,1.60,1.60
2010.02.26 07:04:38.479,1.6459,1.64635,2.00,1.60
2010.02.26 07:04:38.761,1.64595,1.64635,1.60,1.60
2010.02.26 07:04:41.914,1.64595,1.6464,1.60,1.60
2010.02.26 07:04:42.157,1.646,1.6464,1.00,1.60
2010.02.26 07:04:44.428,1.64605,1.6464,1.00,1.60
2010.02.26 07:04:44.654,1.64605,1.64645,1.00,1.60
2010.02.26 07:04:45.560,1.6461,1.64655,1.60,4.00
2010.02.26 07:04:45.924,1.6461,1.64655,1.60,1.60
2010.02.26 07:04:46.282,1.6461,1.6465,1.00,1.60
2010.02.26 07:04:47.600,1.64615,1.64655,1.00,1.60
2010.02.26 07:04:51.318,1.64615,1.6465,1.00,1.60
2010.02.26 07:04:51.756,1.6461,1.6465,1.00,1.60
2010.02.26 07:04:51.943,1.64605,1.6465,1.70,1.60
2010.02.26 07:04:53.702,1.64605,1.6465,1.60,1.60
2010.02.26 07:04:54.794,1.64605,1.6464,1.00,1.60
2010.02.26 07:04:54.982,1.646,1.64645,1.60,1.60
2010.02.26 07:04:56.565,1.646,1.6464,1.00,1.60
2010.02.26 07:04:56.916,1.64595,1.6464,1.00,1.60
2010.02.26 07:05:01.843,1.646,1.6464,1.00,1.60
2010.02.26 07:05:04.529,1.64605,1.64645,1.60,4.00
2010.02.26 07:05:05.239,1.646,1.6463,1.00,1.60
2010.02.26 07:05:05.355,1.64595,1.6463,1.00,1.60
2010.02.26 07:05:11.999,1.64595,1.64625,1.00,1.60
2010.02.26 07:05:14.688,1.64595,1.64635,1.00,1.60
2010.02.26 07:05:18.587,1.646,1.64635,1.00,1.60
2010.02.26 07:05:19.954,1.64595,1.6463,1.00,1.60
2010.02.26 07:05:20.991,1.64595,1.64635,1.60,1.60
2010.02.26 07:05:22.303,1.64605,1.64635,1.00,1.60
2010.02.26 07:05:22.510,1.646,1.6464,1.70,1.60
2010.02.26 07:05:24.656,1.64605,1.6464,1.00,2.00
2010.02.26 07:05:24.884,1.64605,1.6464,1.00,1.60
2010.02.26 07:05:27.140,1.646,1.6464,1.60,1.60
2010.02.26 07:05:28.069,1.64585,1.6462,1.00,1.60
2010.02.26 07:05:28.355,1.64575,1.64615,1.60,1.60
2010.02.26 07:05:31.696,1.6459,1.6463,1.00,1.60
2010.02.26 07:05:35.297,1.64585,1.6463,1.60,1.60
2010.02.26 07:05:38.169,1.64595,1.6464,1.60,1.60
2010.02.26 07:05:38.886,1.64585,1.64635,1.60,2.40
2010.02.26 07:05:39.242,1.646,1.64635,2.40,1.00
2010.02.26 07:05:39.597,1.646,1.6465,2.40,1.60
2010.02.26 07:05:40.496,1.64615,1.64655,1.00,1.60
2010.02.26 07:05:42.347,1.6462,1.6466,1.00,1.60
2010.02.26 07:05:45.924,1.64615,1.6466,1.60,1.60
2010.02.26 07:05:46.945,1.64615,1.64655,1.60,1.00
2010.02.26 07:05:47.161,1.6462,1.6466,1.00,1.60
2010.02.26 07:05:47.369,1.6462,1.64665,1.60,1.60
2010.02.26 07:05:49.240,1.6462,1.6466,1.60,1.00
2010.02.26 07:05:50.379,1.6462,1.64665,1.60,2.00
2010.02.26 07:05:51.136,1.6462,1.64665,1.60,1.60
2010.02.26 07:05:51.343,1.6462,1.6466,1.00,1.60
2010.02.26 07:05:55.534,1.64625,1.6467,1.60,1.60
2010.02.26 07:05:55.588,1.64625,1.6467,2.40,1.60
2010.02.26 07:05:55.635,1.6463,1.6467,1.60,1.60
2010.02.26 07:05:56.161,1.64635,1.64675,1.00,1.60
2010.02.26 07:05:58.160,1.6463,1.6467,1.00,1.60
2010.02.26 07:06:03.316,1.64645,1.64685,1.60,2.00
2010.02.26 07:06:03.606,1.64645,1.64685,1.60,1.60
2010.02.26 07:06:05.225,1.64645,1.64685,1.60,1.60
2010.02.26 07:06:06.066,1.64645,1.6469,1.60,3.20
2010.02.26 07:06:08.362,1.64645,1.64685,1.60,1.00
2010.02.26 07:06:09.100,1.6464,1.6468,1.00,1.60
2010.02.26 07:06:09.175,1.64635,1.64675,4.80,1.00
2010.02.26 07:06:09.256,1.64635,1.64675,3.20,1.60
2010.02.26 07:06:09.354,1.64635,1.6468,4.80,1.60
2010.02.26 07:06:09.396,1.6464,1.6468,1.00,1.60
2010.02.26 07:06:10.613,1.64635,1.6468,1.00,1.60
2010.02.26 07:06:13.276,1.6465,1.6468,1.00,1.60
2010.02.26 07:06:13.492,1.6465,1.64685,1.00,2.40
2010.02.26 07:06:14.307,1.64645,1.64685,1.60,1.60
2010.02.26 07:06:14.538,1.6463,1.64675,4.80,1.60
2010.02.26 07:06:17.764,1.6463,1.6467,1.60,1.60
2010.02.26 07:06:17.922,1.6462,1.64665,1.00,3.60
2010.02.26 07:06:18.079,1.6462,1.64665,1.00,3.60
2010.02.26 07:06:18.883,1.64625,1.64665,1.00,1.60
2010.02.26 07:06:20.725,1.64625,1.6467,1.00,3.20
2010.02.26 07:06:24.771,1.6462,1.6467,1.60,3.20
2010.02.26 07:06:25.657,1.6464,1.64675,1.00,1.00
2010.02.26 07:06:25.896,1.6465,1.6468,1.00,1.60
2010.02.26 07:06:26.135,1.6464,1.64685,1.60,1.60
2010.02.26 07:06:26.854,1.64645,1.64695,1.60,4.00
2010.02.26 07:06:27.877,1.64655,1.64695,1.60,1.60
2010.02.26 07:06:28.221,1.6466,1.64705,1.60,1.60
2010.02.26 07:06:29.308,1.64665,1.64705,1.00,1.60
2010.02.26 07:06:29.615,1.64645,1.64685,4.00,1.60
2010.02.26 07:06:30.516,1.6464,1.64685,1.60,3.20
2010.02.26 07:06:30.848,1.64645,1.64685,1.00,1.60
2010.02.26 07:06:31.793,1.64645,1.64685,1.60,4.00
2010.02.26 07:06:32.153,1.64635,1.6468,2.40,1.60
2010.02.26 07:06:33.021,1.64635,1.64685,3.20,1.60
2010.02.26 07:06:33.324,1.6464,1.64685,1.00,2.40
2010.02.26 07:06:34.004,1.6464,1.64685,1.00,1.60
2010.02.26 07:06:34.464,1.64635,1.64685,4.90,1.70
2010.02.26 07:06:34.699,1.64635,1.6468,4.80,1.60
2010.02.26 07:06:35.763,1.64635,1.6467,3.20,1.00
2010.02.26 07:06:36.066,1.6462,1.6466,4.00,1.60
2010.02.26 07:06:36.346,1.6462,1.64655,3.20,1.00
2010.02.26 07:06:37.509,1.64615,1.64655,3.20,1.00
2010.02.26 07:06:37.861,1.64615,1.6465,3.20,1.60
2010.02.26 07:06:38.081,1.64615,1.64655,3.20,1.60
2010.02.26 07:06:38.816,1.64615,1.6465,1.60,1.60
2010.02.26 07:06:39.032,1.6461,1.6465,3.20,1.60
2010.02.26 07:06:39.368,1.6461,1.64655,4.80,1.00
2010.02.26 07:06:39.708,1.6461,1.64655,4.80,1.00
2010.02.26 07:06:40.352,1.6461,1.64655,4.80,1.60
2010.02.26 07:06:41.145,1.64615,1.6466,1.60,3.20
2010.02.26 07:06:42.150,1.64615,1.6466,1.60,3.20
2010.02.26 07:06:43.503,1.6462,1.64665,1.60,4.00
2010.02.26 07:06:43.720,1.6462,1.64665,1.60,3.20
2010.02.26 07:06:43.871,1.64615,1.64665,4.80,3.20
2010.02.26 07:06:45.173,1.64615,1.64655,1.60,1.60
2010.02.26 07:06:49.654,1.64615,1.64665,1.60,3.20
2010.02.26 07:06:51.739,1.6462,1.64665,1.00,3.20
2010.02.26 07:06:51.996,1.6462,1.64665,1.60,3.20
2010.02.26 07:06:53.960,1.6462,1.64665,1.60,3.20
2010.02.26 07:06:54.293,1.64615,1.6466,1.60,1.60
2010.02.26 07:06:55.205,1.64605,1.64645,4.00,3.20
2010.02.26 07:06:55.291,1.6459,1.6463,3.20,1.60
2010.02.26 07:06:55.451,1.64585,1.6463,4.80,1.60
2010.02.26 07:06:56.127,1.64585,1.6463,4.80,1.60
2010.02.26 07:06:56.223,1.6459,1.64635,1.60,1.60
2010.02.26 07:06:56.578,1.6459,1.6463,1.00,1.60
2010.02.26 07:06:57.253,1.64585,1.6463,4.80,1.60
2010.02.26 07:06:58.468,1.64585,1.6463,4.80,2.40
2010.02.26 07:06:58.712,1.64585,1.64625,3.20,1.60
2010.02.26 07:07:01.029,1.64585,1.6462,3.20,1.00
2010.02.26 07:07:01.256,1.64585,1.64625,3.20,1.60
2010.02.26 07:07:02.131,1.64595,1.64635,1.60,3.20
2010.02.26 07:07:02.381,1.64595,1.64635,1.60,1.60
2010.02.26 07:07:03.620,1.64595,1.64635,1.60,1.60
2010.02.26 07:07:04.376,1.6459,1.64635,1.60,1.60
2010.02.26 07:07:05.808,1.64595,1.64635,1.60,1.60
2010.02.26 07:07:06.074,1.646,1.6464,1.60,3.20
2010.02.26 07:07:10.079,1.646,1.6464,1.60,4.00
2010.02.26 07:07:10.944,1.646,1.6464,1.60,3.20
2010.02.26 07:07:11.225,1.64605,1.6464,1.60,1.60
2010.02.26 07:07:13.928,1.6461,1.64645,1.60,1.60
2010.02.26 07:07:19.670,1.6461,1.64645,1.60,1.60
2010.02.26 07:07:19.920,1.6461,1.64645,2.40,1.60
2010.02.26 07:07:20.178,1.64615,1.64655,1.60,1.60
2010.02.26 07:07:23.909,1.64615,1.6466,1.60,3.20
2010.02.26 07:07:25.078,1.64615,1.6466,1.60,3.20
2010.02.26 07:07:25.491,1.64615,1.6466,1.60,3.20
2010.02.26 07:07:25.878,1.64615,1.6466,1.60,3.20
2010.02.26 07:07:26.639,1.64615,1.64655,1.60,2.60
2010.02.26 07:07:26.998,1.6461,1.6465,1.60,1.60
2010.02.26 07:07:27.205,1.6461,1.6465,1.60,1.60
2010.02.26 07:07:28.043,1.6461,1.6465,1.60,1.00
2010.02.26 07:07:28.396,1.646,1.64635,1.60,1.10
2010.02.26 07:07:29.410,1.64595,1.6462,1.00,1.60
2010.02.26 07:07:29.582,1.64595,1.6463,1.00,3.20
2010.02.26 07:07:30.906,1.64595,1.64625,1.00,1.60
2010.02.26 07:07:31.278,1.64575,1.64615,1.60,1.60
2010.02.26 07:07:32.578,1.6458,1.64615,1.00,1.60
2010.02.26 07:07:32.937,1.64575,1.64615,2.40,1.60
2010.02.26 07:07:33.867,1.6456,1.646,1.60,3.20
2010.02.26 07:07:34.206,1.64555,1.64595,1.60,1.60
2010.02.26 07:07:35.016,1.6456,1.646,1.60,3.20
2010.02.26 07:07:37.671,1.64555,1.64595,1.60,1.60
2010.02.26 07:07:38.969,1.6456,1.646,1.60,4.00
2010.02.26 07:07:40.447,1.6456,1.646,1.60,1.60
2010.02.26 07:07:40.801,1.6456,1.64605,1.60,3.20
2010.02.26 07:07:41.130,1.6457,1.64605,1.60,1.60
2010.02.26 07:07:42.066,1.6456,1.64605,1.60,3.20
2010.02.26 07:07:44.240,1.6456,1.64605,2.40,3.20
2010.02.26 07:07:44.304,1.64565,1.64605,1.60,1.60
2010.02.26 07:07:46.205,1.64565,1.64605,1.60,1.60
2010.02.26 07:07:48.973,1.64575,1.64605,1.00,1.60
2010.02.26 07:07:49.272,1.6457,1.64615,1.60,4.00
2010.02.26 07:07:50.037,1.64575,1.64615,1.00,3.20
2010.02.26 07:07:51.199,1.64575,1.64615,1.60,3.20
2010.02.26 07:07:51.553,1.64575,1.64615,1.60,3.20
2010.02.26 07:07:54.348,1.6456,1.64605,4.80,1.60
2010.02.26 07:07:54.631,1.6456,1.64605,1.60,1.60
2010.02.26 07:07:54.875,1.6456,1.64605,1.60,1.60
2010.02.26 07:07:55.129,1.6456,1.64605,1.60,1.60
2010.02.26 07:07:57.082,1.64565,1.6461,1.60,3.20
2010.02.26 07:07:58.598,1.6456,1.64605,1.60,1.60
2010.02.26 07:07:59.595,1.64565,1.6461,1.60,4.20
2010.02.26 07:08:00.398,1.6457,1.6461,1.60,1.60
2010.02.26 07:08:00.736,1.6457,1.6461,1.60,1.60
2010.02.26 07:08:01.072,1.6457,1.64615,1.60,3.20
2010.02.26 07:08:04.159,1.6457,1.6461,1.60,1.60
2010.02.26 07:08:05.001,1.64575,1.64615,1.60,4.20
2010.02.26 07:08:05.208,1.64575,1.64615,1.60,3.20
2010.02.26 07:08:07.293,1.6457,1.64615,2.40,3.20
2010.02.26 07:08:07.645,1.6457,1.64615,1.60,3.20
2010.02.26 07:08:07.993,1.6458,1.64615,1.60,1.60
2010.02.26 07:08:08.715,1.64575,1.64615,1.00,3.20
2010.02.26 07:08:08.841,1.6457,1.64615,1.60,3.20
2010.02.26 07:08:10.082,1.6459,1.64615,1.00,3.20
2010.02.26 07:08:10.319,1.6459,1.64615,1.60,1.60
2010.02.26 07:08:10.559,1.6458,1.6462,1.60,1.60
2010.02.26 07:08:11.258,1.64575,1.6461,1.00,1.60
2010.02.26 07:08:11.613,1.64565,1.6461,1.60,1.60
2010.02.26 07:08:11.962,1.64585,1.6462,1.60,2.40
2010.02.26 07:08:12.313,1.6456,1.64615,2.40,1.60
2010.02.26 07:08:13.233,1.6456,1.64615,1.60,1.60
2010.02.26 07:08:13.331,1.64565,1.6461,5.70,1.60
2010.02.26 07:08:13.427,1.64565,1.6461,4.80,1.60
2010.02.26 07:08:13.521,1.64565,1.6461,4.80,1.60
2010.02.26 07:08:13.625,1.6457,1.64615,1.60,2.70
2010.02.26 07:08:14.324,1.6457,1.64615,1.60,1.60
2010.02.26 07:08:16.014,1.6457,1.64615,1.60,1.60
2010.02.26 07:08:16.374,1.64565,1.6461,5.70,1.60
2010.02.26 07:08:16.649,1.6457,1.64615,1.60,2.40
2010.02.26 07:08:17.352,1.6457,1.64615,3.20,1.60
2010.02.26 07:08:17.633,1.6458,1.64625,1.60,4.00
2010.02.26 07:08:17.872,1.64575,1.6462,4.80,1.60
2010.02.26 07:08:18.108,1.6459,1.64625,1.60,1.00
2010.02.26 07:08:18.343,1.64585,1.6463,1.60,3.30
2010.02.26 07:08:19.214,1.64585,1.6463,1.60,1.60
2010.02.26 07:08:19.346,1.6459,1.6463,1.00,1.60
2010.02.26 07:08:19.587,1.64595,1.64635,1.60,2.40
2010.02.26 07:08:19.707,1.64595,1.64635,1.60,1.60
2010.02.26 07:08:19.828,1.64595,1.6463,1.60,1.00
2010.02.26 07:08:21.137,1.64595,1.6464,1.60,2.40
2010.02.26 07:08:22.066,1.6459,1.64635,2.40,1.00
2010.02.26 07:08:22.381,1.6459,1.64635,1.60,1.00
2010.02.26 07:08:22.719,1.64595,1.64635,1.60,1.60
2010.02.26 07:08:23.726,1.64585,1.6463,3.20,1.60
2010.02.26 07:08:23.971,1.64585,1.6463,1.60,1.60
2010.02.26 07:08:24.823,1.64595,1.64635,1.60,1.60
2010.02.26 07:08:30.244,1.64595,1.6463,1.60,1.00
2010.02.26 07:08:30.535,1.6459,1.6463,1.60,1.00
2010.02.26 07:08:38.339,1.6459,1.6463,1.60,1.60
2010.02.26 07:08:38.673,1.6459,1.64625,1.60,1.00
2010.02.26 07:08:38.853,1.64585,1.64625,1.60,1.00
2010.02.26 07:08:39.955,1.6459,1.64625,1.60,1.00
2010.02.26 07:08:40.136,1.64585,1.64625,1.60,1.00
2010.02.26 07:08:40.856,1.6458,1.64625,4.00,1.60
2010.02.26 07:08:41.208,1.6458,1.64625,3.20,1.60
2010.02.26 07:08:41.552,1.64585,1.64625,1.00,1.60
2010.02.26 07:08:42.520,1.6459,1.6463,1.60,1.60
2010.02.26 07:08:43.752,1.6459,1.64615,1.60,1.00
2010.02.26 07:08:43.917,1.64585,1.64625,1.00,1.60
2010.02.26 07:08:44.693,1.6458,1.64625,3.20,3.20
2010.02.26 07:08:44.909,1.6458,1.64615,1.00,1.60
2010.02.26 07:08:45.839,1.64585,1.64615,1.00,1.60
2010.02.26 07:08:47.000,1.64595,1.6465,2.40,1.00
2010.02.26 07:08:47.264,1.6461,1.64665,1.60,1.60
2010.02.26 07:08:48.144,1.6461,1.6466,1.00,1.60
2010.02.26 07:08:48.531,1.64615,1.6466,1.60,1.60
2010.02.26 07:08:49.422,1.64625,1.6466,1.60,1.60
2010.02.26 07:08:51.153,1.6462,1.6466,1.60,3.20
2010.02.26 07:08:51.681,1.64615,1.64655,2.40,1.60
2010.02.26 07:08:52.421,1.64605,1.64645,1.60,3.20
2010.02.26 07:08:52.780,1.6461,1.6465,1.00,1.60
2010.02.26 07:08:53.642,1.64615,1.64655,1.60,3.20
2010.02.26 07:08:55.814,1.64615,1.64655,1.60,3.30
2010.02.26 07:08:56.003,1.64615,1.64655,1.60,3.20
2010.02.26 07:08:57.290,1.64615,1.64655,1.60,3.20
2010.02.26 07:08:59.797,1.6461,1.6465,1.60,3.20
2010.02.26 07:09:00.131,1.646,1.64645,1.60,3.20
2010.02.26 07:09:00.409,1.646,1.64645,1.60,3.20
2010.02.26 07:09:01.464,1.6461,1.64645,1.60,1.60
2010.02.26 07:09:01.814,1.646,1.64645,1.60,3.20
2010.02.26 07:09:03.711,1.646,1.64645,1.60,3.20
2010.02.26 07:09:07.437,1.646,1.64645,1.60,7.60
2010.02.26 07:09:07.578,1.64585,1.6463,4.10,1.60
2010.02.26 07:09:07.717,1.64585,1.6463,3.20,1.60
2010.02.26 07:09:07.848,1.64585,1.6463,1.60,1.60
2010.02.26 07:09:08.599,1.64585,1.64625,1.00,3.20
2010.02.26 07:09:08.929,1.6458,1.64625,1.60,3.20
2010.02.26 07:09:13.623,1.6458,1.6462,1.00,1.60
2010.02.26 07:09:16.247,1.6458,1.64625,1.60,3.20
2010.02.26 07:09:16.714,1.6458,1.6462,1.00,1.60
2010.02.26 07:09:17.182,1.6458,1.64625,1.60,3.20
2010.02.26 07:09:21.633,1.6458,1.64625,2.40,3.20
2010.02.26 07:09:21.924,1.64585,1.64625,1.60,3.20
2010.02.26 07:09:24.095,1.64585,1.64625,1.00,1.60
2010.02.26 07:09:25.145,1.6459,1.6463,1.60,1.60
2010.02.26 07:09:25.370,1.646,1.64645,1.60,2.80
2010.02.26 07:09:26.185,1.646,1.6464,1.60,1.60
2010.02.26 07:09:26.538,1.64605,1.64645,1.60,1.60
2010.02.26 07:09:26.890,1.6461,1.64645,1.60,1.60
2010.02.26 07:09:29.522,1.6461,1.64645,1.60,1.60
2010.02.26 07:09:30.128,1.6461,1.6465,1.60,1.60
2010.02.26 07:09:31.637,1.6462,1.64655,1.60,1.60
2010.02.26 07:09:32.273,1.64615,1.64655,1.60,1.60
2010.02.26 07:09:32.935,1.64615,1.64655,2.70,1.60
2010.02.26 07:09:33.412,1.6462,1.64655,1.60,1.60
2010.02.26 07:09:35.752,1.64615,1.64655,1.60,1.60
2010.02.26 07:09:36.760,1.64615,1.64655,1.60,1.60
2010.02.26 07:09:38.567,1.6462,1.64655,1.60,1.60
2010.02.26 07:09:39.458,1.6464,1.64655,1.60,1.60
2010.02.26 07:09:40.469,1.6464,1.6467,1.60,1.60
2010.02.26 07:09:40.801,1.6463,1.6467,1.60,1.60
2010.02.26 07:09:41.137,1.6463,1.6467,2.60,1.60
2010.02.26 07:09:41.994,1.6464,1.6467,1.60,1.60
2010.02.26 07:09:42.297,1.6463,1.6467,1.60,1.60
2010.02.26 07:09:44.336,1.6463,1.6467,1.60,1.70
2010.02.26 07:09:44.525,1.6463,1.6467,1.60,3.20
2010.02.26 07:09:47.573,1.64635,1.6467,1.60,1.60
2010.02.26 07:09:48.522,1.64635,1.6467,1.60,1.60
2010.02.26 07:09:51.764,1.64635,1.6467,1.60,1.60
2010.02.26 07:10:00.426,1.6464,1.6467,1.60,1.60
2010.02.26 07:10:07.091,1.6464,1.64665,1.60,1.60
2010.02.26 07:10:07.172,1.64635,1.64655,1.60,1.00
2010.02.26 07:10:08.034,1.6462,1.6466,1.60,1.00
2010.02.26 07:10:09.065,1.6462,1.64665,1.60,1.60
2010.02.26 07:10:11.299,1.6462,1.64665,1.60,1.60
2010.02.26 07:10:11.523,1.64625,1.6467,1.60,1.60
2010.02.26 07:10:12.230,1.64625,1.6467,1.60,1.70
2010.02.26 07:10:12.572,1.64625,1.6466,1.60,1.60
2010.02.26 07:10:14.054,1.64635,1.6467,1.60,4.10
2010.02.26 07:10:14.975,1.64635,1.6467,2.40,1.00
2010.02.26 07:10:15.283,1.64645,1.6468,1.60,1.60
2010.02.26 07:10:19.388,1.64645,1.64685,1.60,3.20
2010.02.26 07:10:21.225,1.64645,1.64685,1.60,3.30
2010.02.26 07:10:21.470,1.64645,1.64685,1.60,4.80
2010.02.26 07:10:21.717,1.64665,1.64685,1.60,1.60
2010.02.26 07:10:22.381,1.64665,1.647,1.60,1.60
2010.02.26 07:10:22.740,1.64665,1.64705,1.60,4.80
2010.02.26 07:10:24.850,1.64665,1.647,1.60,1.60
2010.02.26 07:10:25.005,1.64665,1.6469,1.60,1.00
2010.02.26 07:10:25.822,1.64655,1.6469,1.60,1.00
2010.02.26 07:10:26.167,1.64655,1.647,1.60,3.20
2010.02.26 07:10:27.206,1.6465,1.64695,1.60,1.60
2010.02.26 07:10:27.935,1.6465,1.6469,1.60,1.60
2010.02.26 07:10:28.042,1.6464,1.64685,1.60,1.60
2010.02.26 07:10:29.304,1.6464,1.64685,1.60,4.00
2010.02.26 07:10:30.231,1.6464,1.6467,1.00,1.60
2010.02.26 07:10:31.175,1.64605,1.6466,1.60,1.60
2010.02.26 07:10:31.490,1.6459,1.64635,1.60,1.60
2010.02.26 07:10:32.310,1.64595,1.64635,1.60,1.60
2010.02.26 07:10:32.689,1.64585,1.6462,4.80,1.60
2010.02.26 07:10:33.582,1.64585,1.6462,3.20,1.60
2010.02.26 07:10:33.907,1.64585,1.64625,1.60,1.60
2010.02.26 07:10:34.913,1.64585,1.64625,2.30,1.60
2010.02.26 07:10:35.215,1.64585,1.64625,3.20,1.60
2010.02.26 07:10:35.945,1.64585,1.64635,4.80,1.60
2010.02.26 07:10:36.309,1.64585,1.6463,4.80,1.00
2010.02.26 07:10:37.139,1.6459,1.64635,1.60,1.60
2010.02.26 07:10:37.755,1.64595,1.64635,1.60,1.60
2010.02.26 07:10:38.404,1.646,1.64645,1.60,2.40
2010.02.26 07:10:38.762,1.646,1.6465,1.60,3.20
2010.02.26 07:10:39.121,1.64605,1.6465,1.60,1.60
2010.02.26 07:10:40.100,1.64605,1.6465,1.60,1.00
2010.02.26 07:10:40.414,1.64615,1.6466,1.60,3.20
2010.02.26 07:10:41.892,1.6462,1.64665,1.60,4.80
2010.02.26 07:10:42.305,1.6463,1.64665,1.00,3.20
2010.02.26 07:10:42.962,1.64635,1.6467,1.60,3.20
2010.02.26 07:10:43.300,1.64635,1.6467,1.60,3.20
2010.02.26 07:10:44.526,1.6463,1.64665,1.00,1.60
2010.02.26 07:10:45.388,1.64625,1.64665,1.60,1.60
2010.02.26 07:10:45.730,1.64625,1.6466,1.00,1.60
2010.02.26 07:10:45.922,1.6462,1.6466,3.20,1.60
2010.02.26 07:10:46.679,1.6462,1.64655,1.60,3.20
2010.02.26 07:10:47.033,1.6461,1.64655,1.60,3.20
2010.02.26 07:10:47.387,1.6461,1.6465,1.60,1.60
2010.02.26 07:10:49.131,1.6461,1.6465,1.60,1.60
2010.02.26 07:10:50.165,1.646,1.6464,1.60,1.60
2010.02.26 07:10:51.974,1.646,1.64635,2.40,1.60
2010.02.26 07:10:52.945,1.64605,1.64645,1.60,2.40
2010.02.26 07:10:53.298,1.6459,1.64635,4.80,1.60
2010.02.26 07:10:53.871,1.6459,1.64635,3.20,1.60
2010.02.26 07:10:54.698,1.6459,1.64635,1.60,1.60
2010.02.26 07:10:57.955,1.64605,1.64645,1.60,1.60
2010.02.26 07:10:59.076,1.64605,1.64645,1.60,2.40
2010.02.26 07:10:59.261,1.64605,1.6464,1.60,1.60
2010.02.26 07:10:59.631,1.6461,1.6464,1.60,1.60
2010.02.26 07:11:00.628,1.64605,1.6464,1.60,1.60
2010.02.26 07:11:00.941,1.64615,1.64645,1.60,1.60
2010.02.26 07:11:02.746,1.6462,1.6465,1.60,1.60
2010.02.26 07:11:07.216,1.6462,1.64655,1.60,1.60
2010.02.26 07:11:07.421,1.64625,1.64655,1.60,1.60
2010.02.26 07:11:10.778,1.6464,1.6467,1.60,1.60
2010.02.26 07:11:11.307,1.6464,1.6467,2.40,1.60
2010.02.26 07:11:11.583,1.6465,1.64675,1.60,1.60
2010.02.26 07:11:12.345,1.6464,1.64675,1.60,1.60
2010.02.26 07:11:14.375,1.64645,1.64675,1.60,1.60
2010.02.26 07:11:14.510,1.64645,1.64675,1.60,1.60
2010.02.26 07:11:15.377,1.64655,1.64685,1.60,1.60
2010.02.26 07:11:15.675,1.64655,1.6469,1.60,1.60
2010.02.26 07:11:16.525,1.6466,1.64695,1.60,3.20
2010.02.26 07:11:16.882,1.6466,1.64695,1.60,1.60
2010.02.26 07:11:17.239,1.64665,1.64695,1.60,1.00
2010.02.26 07:11:18.086,1.6467,1.64705,1.60,1.60
2010.02.26 07:11:18.395,1.64665,1.64695,1.60,1.00
2010.02.26 07:11:19.511,1.6466,1.647,2.40,3.20
2010.02.26 07:11:20.527,1.6466,1.647,2.40,3.20
2010.02.26 07:11:20.800,1.64675,1.647,1.60,1.60
2010.02.26 07:11:21.699,1.6469,1.6472,1.60,1.00
2010.02.26 07:11:22.047,1.64695,1.64735,1.60,1.60
2010.02.26 07:11:23.042,1.64705,1.64725,1.60,1.00
2010.02.26 07:11:23.978,1.64695,1.64725,1.60,1.60
2010.02.26 07:11:30.262,1.64695,1.64725,1.60,3.20
2010.02.26 07:11:31.268,1.64695,1.64725,1.60,1.60
2010.02.26 07:11:36.119,1.64685,1.64715,1.60,1.60
2010.02.26 07:11:36.293,1.6468,1.64715,1.60,1.60
2010.02.26 07:11:37.552,1.6467,1.64705,1.60,1.60
2010.02.26 07:11:38.109,1.6467,1.647,1.60,1.60
2010.02.26 07:11:39.254,1.64665,1.647,1.60,1.60
2010.02.26 07:11:39.535,1.6466,1.64695,1.60,2.40
2010.02.26 07:11:40.516,1.64655,1.64685,1.60,1.60
2010.02.26 07:11:41.827,1.64655,1.6469,1.60,1.60
2010.02.26 07:11:42.967,1.6466,1.6469,1.60,1.60
2010.02.26 07:11:43.927,1.64665,1.64695,1.60,1.60
2010.02.26 07:11:44.862,1.6467,1.647,1.60,1.60
2010.02.26 07:11:45.571,1.6467,1.647,1.60,1.60
2010.02.26 07:11:45.794,1.6468,1.6471,1.60,1.60
2010.02.26 07:11:50.030,1.6468,1.6471,1.60,1.60
2010.02.26 07:11:50.246,1.64675,1.6471,1.60,1.60
2010.02.26 07:11:50.952,1.64675,1.6471,1.60,1.60
2010.02.26 07:11:52.684,1.64675,1.647,1.60,1.60
2010.02.26 07:11:52.815,1.64675,1.647,1.60,2.40
2010.02.26 07:11:54.765,1.64675,1.64695,1.60,1.60
2010.02.26 07:11:55.568,1.6467,1.64695,1.60,2.40
2010.02.26 07:11:55.877,1.64665,1.6469,1.60,1.00
2010.02.26 07:11:56.611,1.64665,1.6468,1.60,1.60
2010.02.26 07:11:57.132,1.64655,1.6468,1.60,1.60
2010.02.26 07:11:58.341,1.6466,1.6468,1.00,1.60
2010.02.26 07:11:59.227,1.64675,1.6468,1.60,1.60
2010.02.26 07:11:59.569,1.64665,1.6469,1.60,1.60
2010.02.26 07:12:00.271,1.64665,1.64695,1.60,1.60
2010.02.26 07:12:00.475,1.6467,1.64695,1.60,1.60
2010.02.26 07:12:01.441,1.64665,1.64695,1.60,1.60
2010.02.26 07:12:01.695,1.64655,1.6469,1.60,1.60
2010.02.26 07:12:02.378,1.6467,1.64695,1.60,1.60
2010.02.26 07:12:03.655,1.64665,1.64695,1.60,1.60
2010.02.26 07:12:04.561,1.6466,1.64695,1.60,1.60
2010.02.26 07:12:06.619,1.6466,1.64695,2.60,1.60
2010.02.26 07:12:06.869,1.6468,1.647,1.60,1.00
2010.02.26 07:12:07.722,1.6467,1.64705,1.00,1.60
2010.02.26 07:12:08.049,1.6468,1.6471,1.60,1.60
2010.02.26 07:12:11.223,1.64685,1.6471,1.60,1.60
2010.02.26 07:12:12.919,1.64675,1.6471,1.60,1.60
2010.02.26 07:12:14.652,1.64665,1.64705,1.60,1.60
2010.02.26 07:12:15.724,1.6468,1.64705,1.00,1.60
2010.02.26 07:12:16.643,1.64695,1.64725,1.60,1.00
2010.02.26 07:12:17.006,1.647,1.6473,1.60,1.60
2010.02.26 07:12:17.945,1.6471,1.6473,1.60,1.60
2010.02.26 07:12:18.240,1.6471,1.64735,1.60,1.60
2010.02.26 07:12:19.322,1.647,1.64735,1.60,1.60
2010.02.26 07:12:20.169,1.647,1.6473,1.60,1.60
2010.02.26 07:12:20.403,1.64695,1.6473,1.60,1.60
2010.02.26 07:12:20.627,1.64695,1.6473,1.60,1.60
2010.02.26 07:12:24.131,1.647,1.6473,1.60,1.60
2010.02.26 07:12:25.591,1.64695,1.6473,1.60,1.60
2010.02.26 07:12:25.931,1.64695,1.64735,1.60,1.60
2010.02.26 07:12:27.568,1.647,1.64735,1.60,1.60
2010.02.26 07:12:27.734,1.64705,1.64735,1.60,1.60
2010.02.26 07:12:28.428,1.64695,1.6473,1.60,1.60
2010.02.26 07:12:28.782,1.6469,1.6473,1.60,3.20
2010.02.26 07:12:29.455,1.6469,1.6473,1.60,1.60
2010.02.26 07:12:32.048,1.6468,1.6473,3.20,1.60
2010.02.26 07:12:33.012,1.6467,1.64715,1.60,3.20
2010.02.26 07:12:33.159,1.6467,1.6471,1.60,1.60
2010.02.26 07:12:35.051,1.6468,1.6471,1.60,1.60
2010.02.26 07:12:36.020,1.6467,1.6471,1.60,1.60
2010.02.26 07:12:40.272,1.6467,1.6471,1.60,1.70
2010.02.26 07:12:41.069,1.6467,1.6471,1.60,1.60
2010.02.26 07:12:55.619,1.6467,1.64705,1.60,1.60
2010.02.26 07:12:56.868,1.6468,1.64705,1.60,1.60
2010.02.26 07:12:57.068,1.64665,1.647,2.60,1.60
2010.02.26 07:12:57.784,1.64675,1.647,1.60,1.60
2010.02.26 07:12:58.779,1.64675,1.647,1.60,1.60
2010.02.26 07:12:59.170,1.6466,1.64695,1.60,1.60
2010.02.26 07:13:00.493,1.6467,1.64695,1.60,1.60
2010.02.26 07:13:00.700,1.6467,1.647,1.60,1.60
2010.02.26 07:13:01.801,1.6467,1.647,1.60,1.60
2010.02.26 07:13:02.094,1.6466,1.6469,1.60,1.00
2010.02.26 07:13:04.096,1.64675,1.647,1.60,1.60
2010.02.26 07:13:04.872,1.64665,1.647,1.60,1.60
2010.02.26 07:13:09.707,1.6466,1.647,1.60,3.20
2010.02.26 07:13:10.106,1.6466,1.647,1.60,3.30
2010.02.26 07:13:10.428,1.64655,1.6469,1.60,1.60
2010.02.26 07:13:11.089,1.64655,1.6469,1.60,1.60
2010.02.26 07:13:11.950,1.64655,1.6469,1.60,1.60
2010.02.26 07:13:12.375,1.64655,1.6469,1.60,1.60
2010.02.26 07:13:14.273,1.64655,1.6469,1.60,1.00
2010.02.26 07:13:16.687,1.64655,1.64695,1.60,3.20
2010.02.26 07:13:16.895,1.64655,1.6469,1.60,1.00
2010.02.26 07:13:18.603,1.6465,1.6469,1.60,1.60
2010.02.26 07:13:26.763,1.6465,1.64685,1.60,1.00
2010.02.26 07:13:26.912,1.6465,1.64685,1.60,1.00
2010.02.26 07:13:33.033,1.6465,1.6469,1.60,1.60
2010.02.26 07:13:33.786,1.64655,1.64695,1.60,1.60
2010.02.26 07:13:42.048,1.64655,1.6469,1.60,1.00
2010.02.26 07:13:42.820,1.64655,1.6469,2.60,1.00
2010.02.26 07:13:43.095,1.6466,1.64695,1.60,1.00
2010.02.26 07:13:43.969,1.6466,1.6469,1.60,1.00
2010.02.26 07:13:44.389,1.64655,1.64685,1.60,1.00
2010.02.26 07:13:47.933,1.64655,1.64685,2.60,1.00
2010.02.26 07:13:48.847,1.64655,1.6468,1.60,1.00
2010.02.26 07:13:50.274,1.6464,1.64675,1.60,1.00
2010.02.26 07:13:51.171,1.64635,1.64675,1.60,1.00
2010.02.26 07:13:52.138,1.64635,1.6467,1.60,1.00
2010.02.26 07:13:52.375,1.64635,1.64675,1.60,1.00
2010.02.26 07:13:53.638,1.6464,1.6467,1.60,1.00
2010.02.26 07:13:54.937,1.6464,1.6468,1.60,3.20
2010.02.26 07:13:55.166,1.6463,1.6467,1.60,1.60
2010.02.26 07:13:55.610,1.64625,1.64665,2.70,1.60
2010.02.26 07:13:56.327,1.64625,1.64665,1.60,1.60
2010.02.26 07:13:56.678,1.64625,1.64655,1.60,1.00
2010.02.26 07:13:57.033,1.6462,1.6465,1.60,1.00
2010.02.26 07:14:00.384,1.6462,1.6465,2.60,1.00
2010.02.26 07:14:00.487,1.64615,1.64655,1.60,1.60
2010.02.26 07:14:00.588,1.6461,1.64645,1.60,1.00
2010.02.26 07:14:01.311,1.6461,1.6465,2.60,1.60
2010.02.26 07:14:01.678,1.64605,1.6464,1.60,1.00
2010.02.26 07:14:02.028,1.64605,1.64635,1.60,1.00
2010.02.26 07:14:02.694,1.646,1.6464,2.40,1.60
2010.02.26 07:14:02.973,1.64605,1.6464,1.60,1.00
2010.02.26 07:14:05.160,1.646,1.6464,1.60,1.60
2010.02.26 07:14:07.790,1.64605,1.6464,1.00,1.60
2010.02.26 07:14:08.005,1.64605,1.64645,1.60,1.00
2010.02.26 07:14:11.493,1.6461,1.64645,1.60,1.00
2010.02.26 07:14:13.095,1.64615,1.6465,1.00,1.60
2010.02.26 07:14:13.406,1.64635,1.64685,1.60,1.60
2010.02.26 07:14:14.122,1.64635,1.6469,1.60,4.00
2010.02.26 07:14:14.493,1.6466,1.64685,1.60,1.60
2010.02.26 07:14:15.292,1.6466,1.647,1.60,3.20
2010.02.26 07:14:16.198,1.6466,1.647,1.60,3.20
2010.02.26 07:14:19.492,1.6466,1.64695,1.60,1.00
2010.02.26 07:14:19.634,1.64675,1.64695,1.60,1.00
2010.02.26 07:14:20.428,1.6466,1.64695,1.60,1.00
2010.02.26 07:14:20.781,1.6466,1.647,1.60,1.60
2010.02.26 07:14:21.764,1.64665,1.647,1.60,1.60
2010.02.26 07:14:23.570,1.6467,1.6471,1.60,3.20
2010.02.26 07:14:25.398,1.6467,1.64715,1.60,3.20
2010.02.26 07:14:25.622,1.64665,1.64715,1.60,3.20
2010.02.26 07:14:26.378,1.64665,1.64715,1.60,7.60
2010.02.26 07:14:27.233,1.6466,1.64695,1.60,1.60
2010.02.26 07:14:27.601,1.64655,1.647,3.20,1.00
2010.02.26 07:14:28.370,1.64645,1.6468,4.80,1.60
2010.02.26 07:14:29.554,1.6466,1.64695,1.60,1.00
2010.02.26 07:14:29.754,1.6466,1.6469,1.60,1.00
2010.02.26 07:14:30.522,1.64655,1.64695,1.60,1.00
2010.02.26 07:14:30.875,1.64655,1.64695,1.60,1.00
2010.02.26 07:14:31.745,1.6466,1.64695,1.60,1.00
2010.02.26 07:14:33.526,1.6466,1.64695,3.20,1.00
2010.02.26 07:14:35.358,1.6466,1.64695,1.60,1.00
2010.02.26 07:14:39.783,1.6466,1.647,1.60,1.60
2010.02.26 07:14:41.714,1.6466,1.647,1.60,1.60
2010.02.26 07:14:42.052,1.64665,1.64705,1.60,1.60
2010.02.26 07:14:42.787,1.64655,1.64705,1.60,1.60
2010.02.26 07:14:43.148,1.64655,1.64705,1.60,1.60
2010.02.26 07:14:44.103,1.64665,1.6471,1.60,1.00
2010.02.26 07:14:44.414,1.64665,1.64715,3.20,1.60
2010.02.26 07:14:45.319,1.64665,1.64715,4.80,1.60
2010.02.26 07:14:48.788,1.6468,1.6471,1.60,1.00
2010.02.26 07:14:50.062,1.64675,1.64715,1.60,1.60
2010.02.26 07:14:50.600,1.64675,1.6471,1.60,1.00
2010.02.26 07:14:51.712,1.6467,1.64715,3.20,1.60
2010.02.26 07:14:56.694,1.6467,1.6471,3.20,1.00
2010.02.26 07:14:57.539,1.6467,1.64715,4.20,1.60
2010.02.26 07:14:57.896,1.6467,1.64715,3.20,1.60
2010.02.26 07:15:01.447,1.6467,1.64715,4.20,1.60
2010.02.26 07:15:01.710,1.64675,1.6471,1.60,1.00
2010.02.26 07:15:02.589,1.64675,1.64715,1.60,1.60
2010.02.26 07:15:04.252,1.6468,1.6472,1.60,4.10
2010.02.26 07:15:04.612,1.6468,1.6472,1.60,1.60
2010.02.26 07:15:05.529,1.6468,1.64715,1.60,1.00
2010.02.26 07:15:05.810,1.6468,1.6472,1.60,1.60
2010.02.26 07:15:07.055,1.64685,1.64725,1.60,1.00
2010.02.26 07:15:09.760,1.64685,1.64725,1.60,1.00
2010.02.26 07:15:09.851,1.6468,1.6472,3.20,1.60
2010.02.26 07:15:09.893,1.64685,1.64725,1.60,1.00
2010.02.26 07:15:09.942,1.64685,1.6473,1.60,4.10
2010.02.26 07:15:10.632,1.64685,1.64725,1.60,1.00
2010.02.26 07:15:11.422,1.64685,1.6472,1.60,1.00
2010.02.26 07:15:12.441,1.64685,1.64725,1.60,2.40
2010.02.26 07:15:13.528,1.6469,1.6473,1.60,1.70
2010.02.26 07:15:13.759,1.6469,1.64735,1.60,1.60
2010.02.26 07:15:15.594,1.6469,1.64735,1.60,1.60
2010.02.26 07:15:16.538,1.6469,1.64725,1.60,1.00
2010.02.26 07:15:16.910,1.64685,1.6472,1.60,1.00
2010.02.26 07:15:18.042,1.64675,1.6472,3.20,1.00
2010.02.26 07:15:19.318,1.64675,1.6471,1.60,1.00
2010.02.26 07:15:20.278,1.64675,1.6471,1.60,1.60
2010.02.26 07:15:20.584,1.64675,1.64715,1.60,1.00
2010.02.26 07:15:20.880,1.64675,1.6472,3.20,1.00
2010.02.26 07:15:21.178,1.6468,1.64725,1.00,1.60
2010.02.26 07:15:22.010,1.64685,1.6473,1.60,1.00
2010.02.26 07:15:22.371,1.64685,1.64735,4.80,1.60
2010.02.26 07:15:23.009,1.64685,1.6472,4.80,1.00
2010.02.26 07:15:23.228,1.6468,1.6472,3.20,1.00
2010.02.26 07:15:24.856,1.6468,1.6472,1.60,1.00
2010.02.26 07:15:24.925,1.64675,1.6472,4.80,1.00
2010.02.26 07:15:26.216,1.6468,1.6473,1.60,3.20
2010.02.26 07:15:26.566,1.64685,1.64725,1.60,1.00
2010.02.26 07:15:28.177,1.64685,1.64725,3.20,1.60
2010.02.26 07:15:28.357,1.64685,1.6472,1.60,1.00
2010.02.26 07:15:29.637,1.64705,1.64755,1.60,1.60
2010.02.26 07:15:29.954,1.64705,1.64755,3.20,1.00
2010.02.26 07:15:30.762,1.64705,1.6474,1.60,1.00
2010.02.26 07:15:31.657,1.647,1.6475,4.20,1.60
2010.02.26 07:15:31.801,1.647,1.64735,1.60,1.60
2010.02.26 07:15:32.767,1.64685,1.6473,1.60,1.00
2010.02.26 07:15:35.171,1.6469,1.6473,1.60,1.60
2010.02.26 07:15:35.371,1.6468,1.6472,3.20,1.60
2010.02.26 07:15:35.569,1.6468,1.64715,1.60,1.00
2010.02.26 07:15:36.253,1.64675,1.64715,1.60,6.80
2010.02.26 07:15:36.467,1.64655,1.647,1.60,1.60
2010.02.26 07:15:36.675,1.6465,1.64705,4.80,1.00
2010.02.26 07:15:37.496,1.6465,1.64695,4.20,1.60
2010.02.26 07:15:37.827,1.64635,1.6468,5.80,1.60
2010.02.26 07:15:38.135,1.64635,1.6468,4.80,1.60
2010.02.26 07:15:38.903,1.6464,1.6468,1.00,1.60
2010.02.26 07:15:39.264,1.64645,1.6468,1.60,1.00
2010.02.26 07:15:39.614,1.64635,1.6468,1.60,3.20
2010.02.26 07:15:42.137,1.64635,1.6467,1.60,1.00
2010.02.26 07:15:42.496,1.6463,1.6467,1.00,1.60
2010.02.26 07:15:43.475,1.64645,1.64675,1.60,1.00
2010.02.26 07:15:43.757,1.64645,1.64685,1.60,1.60
2010.02.26 07:15:44.045,1.64645,1.6468,1.60,1.00
2010.02.26 07:15:45.244,1.6465,1.64695,1.60,2.40
2010.02.26 07:15:46.119,1.64655,1.64695,1.60,2.40
2010.02.26 07:15:46.456,1.6465,1.64695,1.60,2.40
2010.02.26 07:15:47.167,1.6465,1.64695,1.60,4.00
2010.02.26 07:15:48.365,1.6465,1.64685,1.60,1.00
2010.02.26 07:15:48.723,1.6465,1.6469,1.60,2.40
2010.02.26 07:15:49.073,1.6465,1.6468,1.60,1.00
2010.02.26 07:15:49.425,1.64645,1.6468,1.60,1.00
2010.02.26 07:15:50.852,1.64645,1.6467,1.60,1.00
2010.02.26 07:15:51.665,1.64645,1.64665,1.60,1.00
2010.02.26 07:15:52.591,1.6461,1.64665,3.20,4.00
2010.02.26 07:15:52.936,1.6461,1.6466,1.60,4.00
2010.02.26 07:15:53.998,1.64625,1.6466,1.60,1.60
2010.02.26 07:15:56.222,1.64615,1.6466,3.20,1.60
2010.02.26 07:15:57.374,1.6461,1.64655,3.20,1.00
2010.02.26 07:15:57.962,1.6461,1.64655,3.20,1.00
2010.02.26 07:15:58.702,1.64615,1.64655,1.60,1.00
2010.02.26 07:15:59.747,1.6462,1.6466,1.60,4.00
2010.02.26 07:16:00.108,1.6462,1.6466,1.60,4.00
2010.02.26 07:16:00.459,1.6463,1.6466,1.60,1.60
2010.02.26 07:16:01.365,1.6463,1.64665,1.60,1.60
2010.02.26 07:16:04.806,1.64625,1.64665,2.40,1.00
2010.02.26 07:16:05.085,1.6462,1.6466,3.20,1.60
2010.02.26 07:16:05.377,1.6462,1.6466,1.60,1.60
2010.02.26 07:16:06.180,1.6462,1.6466,1.60,1.60
2010.02.26 07:16:06.325,1.6463,1.64665,1.60,1.60
2010.02.26 07:16:09.148,1.6462,1.6466,1.60,1.60
2010.02.26 07:16:09.356,1.64625,1.64655,1.60,1.00
2010.02.26 07:16:10.160,1.6462,1.64655,1.60,1.00
2010.02.26 07:16:11.203,1.64615,1.64655,4.80,1.60
2010.02.26 07:16:11.504,1.64615,1.6466,4.80,1.00
2010.02.26 07:16:12.171,1.64615,1.64665,3.20,2.40
2010.02.26 07:16:12.511,1.64615,1.64665,4.00,1.60
2010.02.26 07:16:12.847,1.64615,1.64665,3.20,1.60
2010.02.26 07:16:13.805,1.64625,1.64665,1.60,1.60
2010.02.26 07:16:14.164,1.64615,1.64665,4.80,1.60
2010.02.26 07:16:14.554,1.6462,1.64665,1.60,1.60
2010.02.26 07:16:15.257,1.64625,1.64665,1.60,1.60
2010.02.26 07:16:16.239,1.64625,1.64665,1.60,1.60
2010.02.26 07:16:19.889,1.64625,1.64665,1.60,1.60
2010.02.26 07:16:20.676,1.6463,1.64665,1.60,1.60
2010.02.26 07:16:20.824,1.6462,1.64665,1.60,1.00
2010.02.26 07:16:21.164,1.64615,1.64665,1.60,2.40
2010.02.26 07:16:21.850,1.64615,1.6466,1.60,2.40
2010.02.26 07:16:22.135,1.6461,1.64655,1.60,1.60
2010.02.26 07:16:23.309,1.64605,1.64635,1.60,1.60
2010.02.26 07:16:23.629,1.64595,1.64635,3.20,1.60
2010.02.26 07:16:24.811,1.64595,1.64635,1.60,1.60
2010.02.26 07:16:27.011,1.646,1.6464,1.60,3.20
2010.02.26 07:16:28.480,1.646,1.64625,1.60,1.00
2010.02.26 07:16:28.732,1.64595,1.6462,1.00,1.60
2010.02.26 07:16:28.980,1.646,1.64635,1.60,1.60
2010.02.26 07:16:37.965,1.646,1.6464,1.60,3.20
2010.02.26 07:16:39.631,1.64605,1.64645,1.60,3.20
2010.02.26 07:16:42.344,1.64615,1.6465,1.60,1.00
2010.02.26 07:16:42.495,1.64615,1.64655,1.60,2.40
2010.02.26 07:16:46.988,1.6461,1.6465,5.60,1.60
2010.02.26 07:16:47.671,1.6461,1.6465,1.60,1.60
2010.02.26 07:16:48.289,1.6462,1.64655,1.60,2.40
2010.02.26 07:16:49.110,1.64605,1.64645,3.20,1.60
2010.02.26 07:16:49.379,1.646,1.64645,4.80,1.60
2010.02.26 07:16:50.418,1.6462,1.6465,1.60,1.00
2010.02.26 07:16:50.629,1.6462,1.6465,1.60,1.00
2010.02.26 07:16:50.836,1.6461,1.6465,3.20,1.60
2010.02.26 07:16:51.497,1.6461,1.64645,1.60,1.60
2010.02.26 07:16:51.649,1.64605,1.64645,1.60,1.60
2010.02.26 07:16:57.617,1.64605,1.64645,3.20,1.60
2010.02.26 07:17:01.541,1.64605,1.64645,1.60,1.60
2010.02.26 07:17:01.692,1.646,1.64645,3.20,1.60
2010.02.26 07:17:01.844,1.646,1.64635,1.60,1.60
2010.02.26 07:17:05.441,1.646,1.64635,1.60,1.60
2010.02.26 07:17:05.682,1.646,1.64635,1.00,1.60
2010.02.26 07:17:06.469,1.646,1.6464,1.60,1.60
2010.02.26 07:17:06.604,1.64595,1.64635,4.80,1.60
2010.02.26 07:17:12.723,1.64595,1.6463,1.60,1.60
2010.02.26 07:17:12.968,1.64595,1.64635,3.20,1.60
2010.02.26 07:17:13.221,1.646,1.6464,1.60,1.00
2010.02.26 07:17:13.469,1.646,1.64645,1.60,3.20
2010.02.26 07:17:17.426,1.646,1.64645,1.60,3.30
2010.02.26 07:17:17.649,1.64595,1.64635,4.80,1.60
2010.02.26 07:17:22.144,1.64595,1.64635,4.90,1.60
2010.02.26 07:17:22.458,1.646,1.6464,1.60,1.00
2010.02.26 07:17:22.756,1.646,1.64645,1.60,4.00
2010.02.26 07:17:23.056,1.646,1.64645,1.60,3.20
2010.02.26 07:17:24.355,1.646,1.64645,1.60,4.00
2010.02.26 07:17:25.732,1.6461,1.64645,1.60,2.40
2010.02.26 07:17:25.885,1.6461,1.64645,1.60,1.00
2010.02.26 07:17:25.914,1.6461,1.6465,1.60,4.00
2010.02.26 07:17:26.340,1.6461,1.6465,1.60,3.20
2010.02.26 07:17:26.940,1.6461,1.6465,1.60,3.20
2010.02.26 07:17:27.592,1.6461,1.6465,1.60,1.60
2010.02.26 07:17:27.939,1.64615,1.64655,1.60,2.40
2010.02.26 07:17:28.994,1.64615,1.64655,1.60,2.40
2010.02.26 07:17:30.682,1.64615,1.6465,1.60,1.00
2010.02.26 07:17:30.822,1.6461,1.6465,3.20,1.60
2010.02.26 07:17:30.895,1.6461,1.6465,1.60,1.60
2010.02.26 07:17:32.606,1.6461,1.6465,1.60,1.60
2010.02.26 07:17:32.954,1.6461,1.6465,1.60,1.60
2010.02.26 07:17:37.321,1.64615,1.64655,1.60,3.20
2010.02.26 07:17:40.190,1.64605,1.6464,1.60,1.60
2010.02.26 07:17:40.951,1.64605,1.64635,1.00,2.40
2010.02.26 07:17:41.839,1.6459,1.64625,1.00,1.60
2010.02.26 07:17:42.083,1.6459,1.64625,1.00,2.40
2010.02.26 07:17:45.601,1.6459,1.64625,1.00,1.60
2010.02.26 07:17:46.851,1.646,1.6464,1.60,1.60
2010.02.26 07:17:47.135,1.646,1.6464,1.70,1.60
2010.02.26 07:17:48.119,1.646,1.6464,1.60,1.60
2010.02.26 07:17:56.780,1.64605,1.64645,1.60,1.60
2010.02.26 07:17:57.640,1.6461,1.6465,1.60,3.20
2010.02.26 07:17:57.961,1.64615,1.64655,1.60,1.60
2010.02.26 07:17:58.284,1.6462,1.6466,1.60,3.20
2010.02.26 07:17:58.976,1.6462,1.6466,1.60,1.60
2010.02.26 07:17:59.349,1.64625,1.6467,1.60,3.20
2010.02.26 07:18:00.240,1.64635,1.6467,1.60,1.60
2010.02.26 07:18:00.458,1.6463,1.6466,2.40,1.00
2010.02.26 07:18:01.261,1.6461,1.6465,1.60,3.20
2010.02.26 07:18:01.618,1.64615,1.6465,1.60,1.60
2010.02.26 07:18:02.440,1.646,1.6464,1.60,3.20
2010.02.26 07:18:02.768,1.6461,1.6464,1.60,1.60
2010.02.26 07:18:03.458,1.6461,1.64645,2.40,1.00
2010.02.26 07:18:03.805,1.6461,1.64655,1.60,3.20
2010.02.26 07:18:05.074,1.64615,1.6465,1.60,1.60
2010.02.26 07:18:09.364,1.64615,1.6465,1.60,2.40
2010.02.26 07:18:10.238,1.64625,1.6465,1.60,1.60
2010.02.26 07:18:11.138,1.64625,1.64655,1.60,1.60
2010.02.26 07:18:11.370,1.6462,1.64655,1.60,1.60
2010.02.26 07:18:12.069,1.6462,1.64655,1.60,2.40
2010.02.26 07:18:13.056,1.6461,1.6465,1.60,2.40
2010.02.26 07:18:13.416,1.6461,1.64645,2.40,1.60
2010.02.26 07:18:13.658,1.6462,1.6465,1.60,1.60
2010.02.26 07:18:14.616,1.64625,1.6465,1.60,1.60
2010.02.26 07:18:14.755,1.64625,1.64655,1.60,1.60
2010.02.26 07:18:15.811,1.64625,1.6466,1.60,1.60
2010.02.26 07:18:16.107,1.64625,1.64655,1.60,1.60
2010.02.26 07:18:20.973,1.64615,1.64655,2.40,4.40
2010.02.26 07:18:21.169,1.64615,1.6465,1.60,2.40
2010.02.26 07:18:22.365,1.6461,1.64645,1.60,1.60
2010.02.26 07:18:24.692,1.64605,1.6464,1.60,1.60
2010.02.26 07:18:28.142,1.6461,1.6464,1.60,1.60
2010.02.26 07:18:30.055,1.64605,1.6464,1.60,1.60
2010.02.26 07:18:30.339,1.64605,1.64635,1.60,1.60
2010.02.26 07:18:31.223,1.6459,1.6463,2.40,2.40
2010.02.26 07:18:31.434,1.6459,1.6462,1.60,1.60
2010.02.26 07:18:33.088,1.6459,1.64615,1.00,1.60
2010.02.26 07:18:34.763,1.64585,1.64615,1.60,6.00
2010.02.26 07:18:35.586,1.6458,1.64615,1.60,1.60
2010.02.26 07:18:35.911,1.64565,1.64605,1.60,1.60
2010.02.26 07:18:36.590,1.64565,1.64605,1.60,5.00
2010.02.26 07:18:36.951,1.6456,1.646,1.60,1.60
2010.02.26 07:18:37.308,1.64565,1.64605,1.60,3.20
2010.02.26 07:18:38.173,1.64565,1.64605,1.60,1.60
2010.02.26 07:18:38.528,1.64565,1.64615,3.20,3.20
2010.02.26 07:18:43.413,1.6457,1.64615,1.00,3.20
2010.02.26 07:18:43.586,1.64575,1.64615,1.60,3.20
2010.02.26 07:18:43.927,1.64565,1.64615,3.20,3.20
2010.02.26 07:18:46.545,1.64575,1.64615,1.60,3.20
2010.02.26 07:18:47.035,1.6458,1.64615,1.60,1.60
2010.02.26 07:18:47.879,1.6458,1.6462,1.60,1.60
2010.02.26 07:18:49.338,1.6458,1.6462,1.60,1.60
2010.02.26 07:18:50.103,1.64585,1.6462,1.60,1.60
2010.02.26 07:18:52.213,1.6458,1.6462,1.60,1.60
2010.02.26 07:18:56.519,1.64575,1.6462,1.60,3.20
2010.02.26 07:18:59.348,1.64575,1.6462,1.60,3.20
2010.02.26 07:19:00.162,1.64575,1.64615,1.00,3.20
2010.02.26 07:19:00.454,1.64575,1.6461,1.60,1.60
2010.02.26 07:19:01.159,1.64575,1.64615,1.60,3.20
2010.02.26 07:19:01.857,1.64575,1.64615,1.60,4.00
2010.02.26 07:19:03.421,1.64575,1.64615,1.60,3.20
2010.02.26 07:19:05.161,1.64585,1.64615,1.60,2.40
2010.02.26 07:19:05.366,1.64585,1.64615,1.60,1.60
2010.02.26 07:19:06.403,1.64585,1.64615,1.60,1.60
2010.02.26 07:19:26.686,1.64585,1.64615,2.40,1.60
2010.02.26 07:19:26.944,1.64565,1.64605,4.00,1.60
2010.02.26 07:19:27.784,1.64565,1.64605,1.60,1.60
2010.02.26 07:19:28.441,1.6457,1.64605,1.00,1.60
2010.02.26 07:19:29.213,1.6458,1.64615,1.60,1.00
2010.02.26 07:19:29.570,1.6457,1.6461,1.60,1.60
2010.02.26 07:19:30.686,1.6457,1.64605,1.60,1.00
2010.02.26 07:19:30.921,1.64565,1.64595,1.00,1.60
2010.02.26 07:19:31.165,1.64565,1.64605,1.60,1.60
2010.02.26 07:19:33.411,1.64565,1.64605,5.60,1.60
2010.02.26 07:19:33.771,1.6457,1.6461,1.60,1.60
2010.02.26 07:19:34.775,1.64575,1.6462,1.60,1.60
2010.02.26 07:19:37.947,1.64575,1.64615,1.60,1.60
2010.02.26 07:19:38.900,1.64575,1.6462,1.60,1.60
2010.02.26 07:19:41.331,1.64575,1.64615,1.60,1.60
2010.02.26 07:19:41.516,1.6458,1.6462,1.60,1.60
2010.02.26 07:19:42.495,1.6457,1.64615,4.80,1.60
2010.02.26 07:19:42.795,1.6457,1.64605,3.20,1.60
2010.02.26 07:19:43.849,1.64565,1.64605,4.80,1.60
2010.02.26 07:19:44.298,1.64565,1.64605,4.80,1.70
2010.02.26 07:19:44.643,1.64565,1.646,3.20,1.60
2010.02.26 07:19:45.353,1.64565,1.64605,4.80,1.60
2010.02.26 07:19:46.846,1.6457,1.64605,3.20,1.60
2010.02.26 07:19:47.064,1.6457,1.64615,1.60,2.40
2010.02.26 07:19:48.022,1.6457,1.64615,1.60,1.60
2010.02.26 07:19:53.047,1.6457,1.6462,1.60,3.20
2010.02.26 07:19:54.378,1.6457,1.64615,1.00,1.60
2010.02.26 07:19:54.731,1.6457,1.64615,1.00,3.20
2010.02.26 07:19:55.666,1.64565,1.6461,6.40,1.60
2010.02.26 07:19:55.992,1.6458,1.6462,1.60,3.20
2010.02.26 07:19:59.627,1.64565,1.64605,6.40,1.60
2010.02.26 07:19:59.779,1.64575,1.64605,1.00,1.60
2010.02.26 07:19:59.931,1.6458,1.6462,1.60,4.80
2010.02.26 07:20:00.091,1.64585,1.6462,1.60,1.60
2010.02.26 07:20:00.734,1.64585,1.64625,1.60,3.20
2010.02.26 07:20:01.359,1.64575,1.64625,3.20,3.20
2010.02.26 07:20:02.065,1.64575,1.64625,1.60,4.00
2010.02.26 07:20:02.431,1.6458,1.6462,1.60,1.60
2010.02.26 07:20:12.959,1.6458,1.6462,1.60,4.00
2010.02.26 07:20:13.316,1.64575,1.64615,1.60,1.60
2010.02.26 07:20:14.225,1.64575,1.64615,3.20,1.60
2010.02.26 07:20:15.757,1.64575,1.64615,1.60,1.60
2010.02.26 07:20:16.607,1.6458,1.64615,1.00,3.20
2010.02.26 07:20:16.760,1.64575,1.64615,1.60,1.60
2010.02.26 07:20:17.501,1.64575,1.6461,1.60,1.60
2010.02.26 07:20:17.956,1.6457,1.6461,1.60,3.20
2010.02.26 07:20:18.268,1.64565,1.64605,3.20,3.20
2010.02.26 07:20:18.577,1.6457,1.64605,1.60,1.60
2010.02.26 07:20:19.521,1.64575,1.64605,1.60,1.60
2010.02.26 07:20:20.955,1.64575,1.64615,1.60,1.60
2010.02.26 07:20:23.574,1.64575,1.64615,1.00,3.20
2010.02.26 07:20:23.820,1.64585,1.64615,1.60,1.60
2010.02.26 07:20:24.716,1.64575,1.64615,1.60,1.60
2010.02.26 07:20:27.619,1.64575,1.6461,1.60,1.00
2010.02.26 07:20:27.894,1.6457,1.64605,1.60,1.60
2010.02.26 07:20:28.444,1.6456,1.646,1.60,1.60
2010.02.26 07:20:29.965,1.64575,1.6461,1.60,1.60
2010.02.26 07:20:34.376,1.64575,1.646,1.60,1.00
2010.02.26 07:20:35.173,1.6457,1.64605,1.60,1.60
2010.02.26 07:20:35.331,1.6457,1.64605,1.60,1.60
2010.02.26 07:20:36.148,1.6456,1.646,3.20,1.60
2010.02.26 07:20:38.575,1.6456,1.64595,3.20,1.60
2010.02.26 07:20:38.642,1.6455,1.64585,1.00,3.20
2010.02.26 07:20:38.701,1.64545,1.6458,1.60,1.00
2010.02.26 07:20:38.738,1.64545,1.64585,1.60,4.30
2010.02.26 07:20:39.441,1.6454,1.6458,1.00,1.60
2010.02.26 07:20:39.510,1.64545,1.6458,1.60,1.60
2010.02.26 07:20:39.556,1.64545,1.6458,1.60,1.60
2010.02.26 07:20:41.905,1.64545,1.6458,1.60,1.60
2010.02.26 07:20:42.767,1.6454,1.6458,1.00,3.20
2010.02.26 07:20:43.861,1.64545,1.6458,1.60,1.60
2010.02.26 07:20:44.876,1.6454,1.64585,1.60,3.20
2010.02.26 07:20:45.912,1.6454,1.64585,2.40,4.30
2010.02.26 07:20:46.813,1.64545,1.64585,1.60,4.20
2010.02.26 07:20:47.157,1.64545,1.64585,1.60,3.20
2010.02.26 07:20:51.712,1.6454,1.64585,1.00,3.20
2010.02.26 07:20:51.824,1.64545,1.64585,1.60,3.20
2010.02.26 07:20:52.470,1.64545,1.64585,1.60,1.60
2010.02.26 07:20:52.870,1.64555,1.6459,1.60,1.60
2010.02.26 07:20:56.462,1.64555,1.64595,1.60,3.20
2010.02.26 07:20:56.680,1.64555,1.646,4.80,1.60
2010.02.26 07:20:57.504,1.64565,1.64605,1.60,3.20
2010.02.26 07:20:57.707,1.64565,1.64605,1.60,3.20
2010.02.26 07:20:59.540,1.64555,1.64595,4.80,1.60
2010.02.26 07:21:01.791,1.64555,1.64595,5.60,1.60
2010.02.26 07:21:01.984,1.64555,1.64595,4.80,1.60
2010.02.26 07:21:02.841,1.6456,1.64595,1.00,1.60
2010.02.26 07:21:06.703,1.64555,1.64595,4.80,1.60
2010.02.26 07:21:09.685,1.64565,1.64605,1.60,4.00
2010.02.26 07:21:10.430,1.64565,1.64605,1.60,4.80
2010.02.26 07:21:10.767,1.64555,1.64595,1.60,1.60
2010.02.26 07:21:15.276,1.64555,1.64595,3.20,1.60
2010.02.26 07:21:17.047,1.64555,1.64595,1.60,1.60
2010.02.26 07:21:20.076,1.64555,1.6459,1.60,1.60
2010.02.26 07:21:21.824,1.64565,1.646,1.60,1.60
2010.02.26 07:21:23.712,1.6456,1.64595,1.00,1.60
2010.02.26 07:21:23.915,1.6455,1.6459,1.60,1.60
2010.02.26 07:21:24.108,1.6455,1.6459,1.60,3.20
2010.02.26 07:21:25.517,1.64555,1.6459,1.60,1.60
2010.02.26 07:21:28.492,1.64555,1.6459,1.60,1.60
2010.02.26 07:21:29.462,1.6456,1.646,1.60,3.20
2010.02.26 07:21:29.821,1.6456,1.646,1.60,3.20
2010.02.26 07:21:30.974,1.64555,1.6459,1.60,1.60
2010.02.26 07:21:32.922,1.64555,1.6459,1.60,3.20
2010.02.26 07:21:33.237,1.6456,1.6459,1.60,1.60
2010.02.26 07:21:33.938,1.6456,1.64595,1.60,1.60
2010.02.26 07:21:34.136,1.64565,1.64595,1.60,1.60
2010.02.26 07:21:34.321,1.6456,1.64595,1.60,1.60
2010.02.26 07:21:35.115,1.64555,1.64595,1.60,3.20
2010.02.26 07:21:35.763,1.64555,1.64595,1.60,3.20
2010.02.26 07:21:36.706,1.6455,1.6458,1.00,1.60
2010.02.26 07:21:36.940,1.64555,1.64595,1.60,4.00
2010.02.26 07:21:37.187,1.64545,1.64585,3.20,1.60
2010.02.26 07:21:38.200,1.64545,1.64595,3.20,3.20
2010.02.26 07:21:39.427,1.6456,1.64595,1.00,3.20
2010.02.26 07:21:40.402,1.6456,1.64595,1.00,1.60
2010.02.26 07:21:40.689,1.6456,1.646,1.60,1.60
2010.02.26 07:21:41.253,1.6456,1.646,1.60,1.60
2010.02.26 07:21:43.577,1.6456,1.646,1.70,1.60
2010.02.26 07:21:43.933,1.6456,1.646,1.60,1.60
2010.02.26 07:21:47.107,1.6456,1.646,1.60,1.60
2010.02.26 07:21:50.569,1.64565,1.64605,1.60,1.60
2010.02.26 07:21:53.173,1.64565,1.646,1.60,1.00
2010.02.26 07:21:53.358,1.6456,1.646,1.60,1.60
2010.02.26 07:21:56.148,1.6456,1.6459,1.60,1.00
2010.02.26 07:21:56.470,1.6455,1.6459,4.80,1.60
2010.02.26 07:21:56.827,1.6456,1.646,1.60,1.60
2010.02.26 07:22:06.602,1.6456,1.646,1.60,1.60
2010.02.26 07:22:06.986,1.6456,1.646,1.60,1.60
2010.02.26 07:22:09.088,1.6456,1.646,1.60,1.60
2010.02.26 07:22:10.047,1.6456,1.64595,1.60,1.00
2010.02.26 07:22:10.319,1.6456,1.646,1.60,1.60
2010.02.26 07:22:10.460,1.6456,1.646,1.70,1.60
2010.02.26 07:22:11.194,1.6456,1.646,1.60,1.60
2010.02.26 07:22:17.785,1.6456,1.646,1.60,1.60
2010.02.26 07:22:18.516,1.6456,1.646,1.60,1.60
2010.02.26 07:22:24.278,1.64555,1.6459,1.60,1.00
2010.02.26 07:22:24.447,1.64555,1.64585,1.60,1.00
2010.02.26 07:22:25.084,1.64545,1.6458,4.80,1.60
2010.02.26 07:22:25.440,1.64545,1.6458,1.00,1.60
2010.02.26 07:22:26.373,1.6455,1.6458,1.60,1.00
2010.02.26 07:22:28.782,1.6455,1.64585,1.60,1.00
2010.02.26 07:22:29.253,1.6455,1.6458,1.60,1.00
2010.02.26 07:22:29.480,1.6455,1.6458,1.60,1.00
2010.02.26 07:22:34.276,1.6455,1.64585,1.60,1.00
2010.02.26 07:22:34.458,1.64545,1.64585,1.60,1.60
2010.02.26 07:22:38.515,1.6454,1.6458,1.60,1.60
2010.02.26 07:22:41.115,1.64535,1.6457,6.40,1.00
2010.02.26 07:22:41.208,1.64535,1.6457,1.60,1.00
2010.02.26 07:22:42.758,1.64535,1.64565,1.60,1.00
2010.02.26 07:22:43.109,1.64535,1.64565,1.60,1.00
2010.02.26 07:22:45.439,1.64535,1.64575,1.60,1.60
2010.02.26 07:22:46.371,1.64535,1.6457,1.60,1.00
2010.02.26 07:22:47.214,1.64535,1.6457,4.80,1.00
2010.02.26 07:22:49.233,1.64535,1.6457,3.20,1.00
2010.02.26 07:22:49.577,1.64535,1.6457,1.60,1.00
2010.02.26 07:22:50.701,1.6453,1.64555,1.00,1.60
2010.02.26 07:22:50.784,1.64525,1.64565,1.60,2.40
2010.02.26 07:22:50.860,1.64525,1.64565,1.60,1.60
2010.02.26 07:22:51.840,1.64525,1.64565,1.60,2.40
2010.02.26 07:22:52.197,1.6452,1.6456,5.60,1.60
2010.02.26 07:22:52.544,1.64525,1.6456,1.60,1.00
2010.02.26 07:22:53.803,1.6452,1.6456,5.60,1.60
2010.02.26 07:22:54.117,1.6452,1.64565,5.60,1.60
2010.02.26 07:22:55.033,1.64525,1.64565,4.80,1.60
2010.02.26 07:22:55.389,1.64525,1.6456,1.60,1.00
2010.02.26 07:22:55.468,1.64525,1.6456,1.60,1.00
2010.02.26 07:22:56.362,1.6453,1.6456,1.60,1.00
2010.02.26 07:22:56.711,1.6452,1.6456,6.40,1.60
2010.02.26 07:22:57.058,1.6453,1.64565,1.60,1.00
2010.02.26 07:22:59.606,1.64525,1.64565,1.60,1.60
2010.02.26 07:23:00.947,1.6453,1.64565,1.60,1.00
2010.02.26 07:23:02.217,1.6454,1.6457,1.60,1.00
2010.02.26 07:23:03.234,1.64535,1.6457,3.20,1.00
2010.02.26 07:23:05.482,1.64535,1.6457,1.60,1.60
2010.02.26 07:23:07.309,1.64535,1.6457,1.60,1.60
2010.02.26 07:23:07.657,1.64535,1.6457,1.60,1.00
2010.02.26 07:23:08.641,1.6453,1.6457,3.20,1.70
2010.02.26 07:23:09.941,1.6453,1.64555,3.20,1.00
2010.02.26 07:23:10.219,1.6453,1.6456,3.20,1.00
2010.02.26 07:23:10.494,1.64525,1.6456,3.20,1.60
2010.02.26 07:23:14.192,1.6452,1.64555,3.20,1.60
2010.02.26 07:23:15.512,1.6452,1.64555,3.20,1.60
2010.02.26 07:23:16.796,1.6452,1.64555,1.60,1.60
2010.02.26 07:23:20.913,1.6452,1.6455,1.60,1.60
2010.02.26 07:23:24.075,1.64525,1.6455,1.60,1.60
2010.02.26 07:23:24.428,1.6453,1.64565,3.20,1.00
2010.02.26 07:23:25.193,1.64535,1.6456,3.20,1.60
2010.02.26 07:23:25.292,1.6453,1.64565,1.60,1.60
2010.02.26 07:23:26.038,1.64525,1.64565,1.60,1.60
2010.02.26 07:23:27.406,1.64525,1.64565,3.20,1.60
2010.02.26 07:23:28.265,1.6452,1.64565,3.20,1.60
2010.02.26 07:23:29.208,1.6452,1.6456,3.20,1.00
2010.02.26 07:23:29.531,1.64535,1.64565,1.60,1.00
2010.02.26 07:23:31.686,1.64535,1.6457,1.60,1.00
2010.02.26 07:23:31.893,1.64535,1.64565,1.60,1.00
2010.02.26 07:23:32.064,1.64535,1.6457,1.60,1.00
2010.02.26 07:23:33.362,1.64525,1.64565,3.20,1.60
2010.02.26 07:23:33.712,1.64515,1.64555,3.20,1.60
2010.02.26 07:23:35.478,1.64515,1.6455,4.80,1.60
2010.02.26 07:23:35.790,1.64525,1.6456,1.60,1.00
2010.02.26 07:23:36.531,1.64515,1.6456,5.60,1.60
2010.02.26 07:23:36.771,1.64515,1.64555,4.80,1.60
2010.02.26 07:23:37.018,1.6452,1.64565,1.60,1.60
2010.02.26 07:23:37.720,1.64515,1.64555,4.80,1.60
2010.02.26 07:23:38.425,1.64515,1.64555,4.80,1.60
2010.02.26 07:23:38.790,1.64515,1.64555,1.60,1.60
2010.02.26 07:23:39.724,1.64515,1.6455,3.20,1.00
2010.02.26 07:23:47.807,1.64515,1.6456,4.80,1.60
2010.02.26 07:23:50.088,1.64495,1.6454,2.40,1.70
2010.02.26 07:23:50.250,1.64495,1.6454,2.30,1.60
2010.02.26 07:23:50.972,1.64505,1.64545,1.60,4.00
2010.02.26 07:23:51.326,1.645,1.6454,1.60,1.60
2010.02.26 07:23:52.689,1.645,1.6454,1.60,3.20
2010.02.26 07:23:54.766,1.64495,1.64535,2.40,1.60
2010.02.26 07:23:55.724,1.64495,1.64535,1.60,3.20
2010.02.26 07:23:56.300,1.6449,1.6453,1.60,3.20
2010.02.26 07:24:00.937,1.6449,1.6453,1.60,3.20
2010.02.26 07:24:01.081,1.64485,1.64525,1.60,1.60
2010.02.26 07:24:02.042,1.6449,1.6453,1.60,3.20
2010.02.26 07:24:03.998,1.6449,1.6453,1.60,1.60
2010.02.26 07:24:04.163,1.6449,1.64525,1.00,1.60
2010.02.26 07:24:04.850,1.6449,1.64525,1.00,3.20
2010.02.26 07:24:05.048,1.64485,1.6452,1.00,1.60
2010.02.26 07:24:05.827,1.64485,1.64525,2.30,4.80
2010.02.26 07:24:06.202,1.64485,1.6452,1.00,2.40
2010.02.26 07:24:07.195,1.64485,1.6452,1.60,1.00
2010.02.26 07:24:09.966,1.64485,1.6452,1.00,2.40
2010.02.26 07:24:10.225,1.6448,1.6452,1.70,1.60
2010.02.26 07:24:11.855,1.64485,1.64525,1.60,5.60
2010.02.26 07:24:17.957,1.64485,1.64525,1.60,6.40
2010.02.26 07:24:18.234,1.64485,1.64525,1.60,4.80
2010.02.26 07:24:19.270,1.6449,1.6452,1.00,1.60
2010.02.26 07:24:22.966,1.64495,1.64535,1.60,4.00
2010.02.26 07:24:23.318,1.64495,1.64535,1.60,3.20
2010.02.26 07:24:23.672,1.64495,1.6452,1.60,1.00
2010.02.26 07:24:24.340,1.6449,1.6452,1.00,2.40
2010.02.26 07:24:24.702,1.64485,1.64505,1.60,1.00
2010.02.26 07:24:24.983,1.64495,1.6452,1.00,1.20
2010.02.26 07:24:25.897,1.64495,1.6453,1.60,1.00
2010.02.26 07:24:27.695,1.64505,1.6454,1.60,1.60
2010.02.26 07:24:31.517,1.64495,1.6454,1.60,2.40
2010.02.26 07:24:31.863,1.64495,1.6454,1.60,3.20
2010.02.26 07:24:32.215,1.645,1.6454,1.60,3.20
2010.02.26 07:24:36.580,1.645,1.6454,1.60,2.40
2010.02.26 07:24:37.585,1.645,1.6454,1.60,2.40
2010.02.26 07:24:37.936,1.645,1.6454,1.60,4.00
2010.02.26 07:24:38.287,1.64495,1.64535,1.60,6.80
2010.02.26 07:24:39.218,1.64495,1.64535,1.60,1.60
2010.02.26 07:24:39.879,1.64505,1.6454,1.60,2.40
2010.02.26 07:24:41.115,1.64505,1.6454,1.60,1.60
2010.02.26 07:24:42.517,1.64505,1.6454,1.60,2.40
2010.02.26 07:24:42.654,1.64505,1.6454,1.60,2.40
2010.02.26 07:24:42.792,1.64495,1.64535,1.60,1.60
2010.02.26 07:24:44.275,1.64505,1.64545,1.60,5.20
2010.02.26 07:24:45.033,1.64505,1.64545,1.60,4.80
2010.02.26 07:24:45.204,1.64505,1.64545,1.60,3.20
2010.02.26 07:24:48.687,1.64505,1.64545,1.70,4.00
2010.02.26 07:24:49.450,1.64505,1.6454,1.00,1.60
2010.02.26 07:24:49.730,1.64505,1.6454,1.00,1.60
2010.02.26 07:24:55.196,1.6451,1.6454,1.60,1.60
2010.02.26 07:24:55.769,1.6451,1.6455,1.60,3.20
2010.02.26 07:24:56.827,1.64505,1.6454,1.00,1.60
2010.02.26 07:24:58.125,1.6451,1.64545,1.60,1.60
2010.02.26 07:24:59.401,1.64505,1.6454,1.00,1.60
2010.02.26 07:25:01.450,1.6451,1.6454,1.00,1.60
2010.02.26 07:25:12.263,1.64505,1.64535,1.00,1.60
2010.02.26 07:25:13.221,1.645,1.64535,1.00,1.60
2010.02.26 07:25:13.540,1.645,1.6454,1.60,4.80
2010.02.26 07:25:13.851,1.645,1.6454,1.60,5.60
2010.02.26 07:25:14.532,1.64495,1.64535,1.60,1.60
2010.02.26 07:25:14.875,1.6448,1.64515,2.40,1.60
2010.02.26 07:25:15.775,1.6448,1.64515,1.60,1.60
2010.02.26 07:25:16.078,1.6447,1.6451,4.80,1.60
2010.02.26 07:25:20.976,1.64475,1.64515,1.60,1.60
2010.02.26 07:25:21.226,1.64485,1.64525,1.60,4.00
2010.02.26 07:25:22.150,1.64485,1.64525,1.60,4.00
2010.02.26 07:25:22.451,1.64485,1.64525,1.60,1.60
2010.02.26 07:25:23.610,1.6449,1.64525,1.00,1.60
2010.02.26 07:25:23.768,1.6448,1.6452,1.60,1.60
2010.02.26 07:25:24.621,1.6448,1.6452,1.60,3.20
2010.02.26 07:25:26.357,1.6449,1.6452,1.60,1.60
2010.02.26 07:25:26.600,1.6448,1.6452,1.60,3.20
2010.02.26 07:25:28.537,1.6449,1.6453,1.60,4.00
2010.02.26 07:25:29.789,1.64485,1.64525,1.60,1.60
2010.02.26 07:25:31.467,1.6448,1.6452,1.60,1.60
2010.02.26 07:25:32.333,1.6448,1.64525,3.60,1.60
2010.02.26 07:25:33.858,1.6448,1.6452,2.00,1.60
2010.02.26 07:25:34.788,1.6448,1.64525,1.60,1.60
2010.02.26 07:25:35.339,1.6448,1.64525,3.60,1.60
2010.02.26 07:25:45.131,1.6448,1.6452,3.60,1.60
2010.02.26 07:25:45.565,1.6448,1.6452,1.60,1.60
2010.02.26 07:25:46.430,1.64475,1.6452,8.80,1.60
2010.02.26 07:25:46.649,1.64475,1.64515,8.80,1.60
2010.02.26 07:25:47.503,1.64475,1.64515,6.80,1.60
2010.02.26 07:25:48.742,1.64455,1.645,1.00,2.40
2010.02.26 07:25:50.381,1.64455,1.6449,1.60,2.40
2010.02.26 07:25:50.702,1.6446,1.64495,1.60,4.00
2010.02.26 07:25:51.444,1.6446,1.64495,1.60,2.40
2010.02.26 07:25:51.622,1.64465,1.64495,1.60,1.60
2010.02.26 07:25:53.162,1.64465,1.64495,2.00,1.60
2010.02.26 07:25:54.130,1.6446,1.645,1.60,4.00
2010.02.26 07:25:54.472,1.6446,1.645,1.60,1.60
2010.02.26 07:25:54.829,1.64455,1.645,10.40,1.60
2010.02.26 07:25:55.776,1.6446,1.64505,3.60,1.00
2010.02.26 07:25:56.001,1.6446,1.645,1.00,1.60
2010.02.26 07:25:57.322,1.64465,1.645,1.60,2.40
2010.02.26 07:26:02.194,1.6448,1.6452,1.60,4.00
2010.02.26 07:26:02.667,1.6448,1.6452,2.40,4.00
2010.02.26 07:26:03.546,1.64485,1.64525,1.60,4.00
2010.02.26 07:26:07.129,1.6449,1.64525,1.60,2.40
2010.02.26 07:26:07.536,1.6449,1.64525,1.60,1.00
2010.02.26 07:26:08.343,1.6449,1.64525,2.40,1.00
2010.02.26 07:26:08.630,1.64495,1.6453,1.60,2.40
2010.02.26 07:26:10.652,1.64495,1.6453,1.00,4.00
2010.02.26 07:26:11.507,1.64495,1.6453,1.60,1.60
2010.02.26 07:26:11.742,1.64495,1.6453,3.20,2.40
2010.02.26 07:26:12.888,1.64495,1.6453,3.20,1.00
2010.02.26 07:26:14.188,1.64495,1.64535,3.20,6.00
2010.02.26 07:26:14.507,1.64495,1.64535,3.20,2.40
2010.02.26 07:26:15.164,1.64495,1.64535,4.00,2.40
2010.02.26 07:26:15.363,1.645,1.64535,1.60,1.00
2010.02.26 07:26:15.771,1.645,1.6453,1.60,1.00
2010.02.26 07:26:17.220,1.64495,1.64535,1.60,4.00
2010.02.26 07:26:17.459,1.64495,1.64535,1.60,6.00
2010.02.26 07:26:17.698,1.64495,1.64535,1.60,6.00
2010.02.26 07:26:19.696,1.64495,1.64535,1.60,4.00
2010.02.26 07:26:20.817,1.645,1.64535,1.60,1.00
2010.02.26 07:26:28.539,1.645,1.6454,2.40,2.40
2010.02.26 07:26:29.457,1.64505,1.6454,1.60,1.00
2010.02.26 07:26:29.698,1.6451,1.6454,1.60,1.00
2010.02.26 07:26:30.832,1.64505,1.64545,1.60,1.60
2010.02.26 07:26:31.180,1.64505,1.64545,1.60,2.40
2010.02.26 07:26:32.206,1.6451,1.64545,1.60,1.00
2010.02.26 07:26:34.705,1.64505,1.64545,2.40,2.40
2010.02.26 07:26:35.048,1.64505,1.64545,1.60,2.40
2010.02.26 07:26:36.997,1.6452,1.64545,1.00,2.40
2010.02.26 07:26:37.867,1.6452,1.6455,1.00,2.80
2010.02.26 07:26:38.227,1.6452,1.6455,1.60,1.60
2010.02.26 07:26:39.336,1.64525,1.64555,1.60,1.60
2010.02.26 07:26:39.874,1.64515,1.64555,1.60,1.60
2010.02.26 07:26:41.269,1.64535,1.6456,1.60,1.60
2010.02.26 07:26:41.396,1.6453,1.64565,1.60,1.60
2010.02.26 07:26:42.391,1.64525,1.64565,1.60,7.20
2010.02.26 07:26:42.670,1.64515,1.6456,1.60,3.20
2010.02.26 07:26:42.942,1.64525,1.6456,1.60,7.20
2010.02.26 07:26:43.206,1.64535,1.6457,1.60,1.60
2010.02.26 07:26:45.160,1.6454,1.64565,1.60,1.00
2010.02.26 07:26:45.344,1.6453,1.64565,3.60,1.00
2010.02.26 07:26:45.554,1.6453,1.64565,1.60,1.00
2010.02.26 07:26:45.763,1.64525,1.64565,2.40,1.60
2010.02.26 07:26:45.975,1.64525,1.64565,1.60,1.60
2010.02.26 07:26:46.877,1.64525,1.64555,1.60,1.00
2010.02.26 07:26:47.772,1.64515,1.6455,2.40,1.60
2010.02.26 07:26:48.136,1.64515,1.6455,4.00,1.60
2010.02.26 07:26:48.845,1.6452,1.64555,1.60,4.00
2010.02.26 07:26:49.206,1.64515,1.6455,1.60,3.80
2010.02.26 07:26:49.886,1.64505,1.64545,1.60,1.60
2010.02.26 07:26:51.634,1.6449,1.6453,2.40,2.40
2010.02.26 07:26:51.901,1.64485,1.6452,1.00,1.60
2010.02.26 07:26:53.596,1.6448,1.6452,2.40,2.00
2010.02.26 07:26:54.307,1.6448,1.6452,2.40,2.40
2010.02.26 07:26:54.534,1.64485,1.6452,1.60,1.00
2010.02.26 07:26:55.270,1.64485,1.6452,1.00,1.00
2010.02.26 07:26:55.617,1.64485,1.6452,1.60,1.00
2010.02.26 07:26:55.965,1.64475,1.64515,2.40,1.60
2010.02.26 07:26:56.973,1.64465,1.64505,4.40,1.60
2010.02.26 07:26:57.670,1.64465,1.64505,2.40,1.60
2010.02.26 07:27:00.187,1.6446,1.645,3.20,1.60
2010.02.26 07:27:00.334,1.6446,1.645,2.40,1.60
2010.02.26 07:27:01.092,1.6446,1.645,1.60,1.60
2010.02.26 07:27:01.366,1.6447,1.6451,1.60,6.00
2010.02.26 07:27:02.349,1.6448,1.64515,1.60,1.60
2010.02.26 07:27:02.701,1.64485,1.64525,1.60,1.60
2010.02.26 07:27:03.861,1.6449,1.64525,1.60,2.40
2010.02.26 07:27:05.619,1.6449,1.64515,1.60,1.00
2010.02.26 07:27:06.376,1.6448,1.64515,3.60,1.00
2010.02.26 07:27:06.607,1.64485,1.64495,1.60,1.00
2010.02.26 07:27:08.335,1.6449,1.64495,1.60,1.00
2010.02.26 07:27:09.995,1.6449,1.64535,1.60,1.00
2010.02.26 07:27:10.181,1.6449,1.64535,3.60,1.00
2010.02.26 07:27:11.384,1.64485,1.64525,2.40,1.60
2010.02.26 07:27:11.744,1.6448,1.6452,1.60,1.60
2010.02.26 07:27:12.701,1.64485,1.6452,1.00,1.60
2010.02.26 07:27:12.998,1.64485,1.64525,1.60,4.00
2010.02.26 07:27:13.941,1.64485,1.64525,1.60,4.00
2010.02.26 07:27:14.214,1.6449,1.64525,1.60,1.60
2010.02.26 07:27:14.469,1.64495,1.6453,1.60,2.40
2010.02.26 07:27:15.125,1.64495,1.6453,1.60,1.60
2010.02.26 07:27:17.502,1.64485,1.64525,5.60,1.60
2010.02.26 07:27:17.694,1.64485,1.64525,1.60,1.60
2010.02.26 07:27:17.885,1.64495,1.6453,1.60,3.60
2010.02.26 07:27:18.075,1.64495,1.64535,1.60,3.20
2010.02.26 07:27:18.265,1.64485,1.6452,3.60,1.60
2010.02.26 07:27:19.127,1.64485,1.64525,1.60,5.20
2010.02.26 07:27:19.506,1.6449,1.64525,1.60,3.60
2010.02.26 07:27:20.173,1.6449,1.64525,1.60,1.60
2010.02.26 07:27:20.528,1.64495,1.6453,1.60,1.60
2010.02.26 07:27:25.129,1.64495,1.6453,1.60,1.60
2010.02.26 07:27:25.863,1.64485,1.64525,3.20,5.20
2010.02.26 07:27:26.487,1.64485,1.64525,1.60,5.20
2010.02.26 07:27:28.339,1.64475,1.64515,3.60,1.60
2010.02.26 07:27:29.060,1.64475,1.64515,1.60,1.60
2010.02.26 07:27:29.192,1.64475,1.64515,1.60,3.20
2010.02.26 07:27:32.234,1.6447,1.6451,1.60,1.60
2010.02.26 07:27:32.500,1.64475,1.6451,1.60,1.60
2010.02.26 07:27:33.487,1.6447,1.6451,1.60,1.60
2010.02.26 07:27:34.853,1.6447,1.6451,1.60,1.60
2010.02.26 07:27:35.110,1.64475,1.6451,1.60,1.60
2010.02.26 07:27:36.351,1.64465,1.64505,3.20,1.60
2010.02.26 07:27:36.619,1.64465,1.64505,1.60,1.60
2010.02.26 07:27:38.880,1.6446,1.645,1.60,1.60
2010.02.26 07:27:39.842,1.6447,1.64505,1.60,2.80
2010.02.26 07:27:40.195,1.64465,1.64505,1.60,3.60
2010.02.26 07:27:41.859,1.64465,1.64505,1.60,5.60
2010.02.26 07:27:43.231,1.64465,1.64505,1.60,7.20
2010.02.26 07:27:43.927,1.64465,1.64505,1.60,5.20
2010.02.26 07:27:44.592,1.64465,1.64505,1.60,3.20
2010.02.26 07:27:44.947,1.64475,1.64505,1.60,1.60
2010.02.26 07:27:45.245,1.6448,1.64515,1.60,1.60
2010.02.26 07:27:46.209,1.64475,1.64515,1.60,1.60
2010.02.26 07:27:46.328,1.6447,1.6451,1.60,1.60
2010.02.26 07:27:46.974,1.6447,1.6451,1.60,3.20
2010.02.26 07:27:47.371,1.64465,1.645,1.00,1.00
2010.02.26 07:27:48.326,1.64465,1.645,1.00,4.40
2010.02.26 07:27:49.043,1.6446,1.6449,1.00,1.60
2010.02.26 07:27:50.374,1.64455,1.6449,1.60,1.60
2010.02.26 07:27:50.679,1.6447,1.645,1.60,1.00
2010.02.26 07:27:51.397,1.6447,1.64505,1.60,2.40
2010.02.26 07:27:51.606,1.6447,1.645,1.60,1.00
2010.02.26 07:27:55.035,1.6447,1.64505,1.60,1.00
2010.02.26 07:27:56.920,1.6447,1.6451,1.60,6.00
2010.02.26 07:28:06.756,1.6447,1.6451,1.60,8.00
2010.02.26 07:28:06.835,1.6447,1.6451,1.60,6.40
2010.02.26 07:28:07.574,1.6448,1.6451,1.60,1.00
2010.02.26 07:28:07.650,1.6448,1.64515,1.60,4.40
2010.02.26 07:28:08.613,1.6447,1.6451,2.40,1.60
2010.02.26 07:28:08.944,1.6447,1.6451,1.60,4.00
2010.02.26 07:28:09.084,1.6447,1.64505,1.60,1.00
2010.02.26 07:28:10.648,1.6447,1.64505,1.60,1.00
2010.02.26 07:28:11.338,1.64475,1.64505,1.60,1.00
2010.02.26 07:28:11.587,1.6449,1.6451,1.60,1.00
2010.02.26 07:28:11.827,1.6449,1.6452,1.60,2.40
2010.02.26 07:28:12.074,1.6448,1.6452,1.60,6.00
2010.02.26 07:28:12.897,1.6448,1.64515,1.60,2.80
2010.02.26 07:28:13.247,1.6447,1.64515,1.60,4.00
2010.02.26 07:28:13.598,1.64465,1.64505,4.00,1.60
2010.02.26 07:28:14.338,1.6447,1.6451,1.60,1.60
2010.02.26 07:28:14.616,1.6446,1.645,3.20,1.60
2010.02.26 07:28:15.264,1.6446,1.645,3.20,1.60
2010.02.26 07:28:15.614,1.64465,1.645,1.00,1.60
2010.02.26 07:28:16.466,1.6446,1.645,1.60,1.60
2010.02.26 07:28:17.116,1.6447,1.645,1.00,1.60
2010.02.26 07:28:17.248,1.6448,1.64505,1.00,1.60
2010.02.26 07:28:17.377,1.6448,1.6451,1.00,6.00
2010.02.26 07:28:18.042,1.6448,1.6451,1.00,4.00
2010.02.26 07:28:19.457,1.6447,1.64505,1.00,1.60
2010.02.26 07:28:20.315,1.64465,1.64505,1.60,1.60
2010.02.26 07:28:20.559,1.64465,1.64505,1.60,3.60
2010.02.26 07:28:20.919,1.6447,1.6451,1.60,4.00
2010.02.26 07:28:22.490,1.64465,1.64505,1.60,2.40
2010.02.26 07:28:22.753,1.64465,1.64505,1.60,8.00
2010.02.26 07:28:23.567,1.64465,1.645,1.00,1.60
2010.02.26 07:28:23.951,1.6446,1.645,1.60,2.40
2010.02.26 07:28:24.684,1.6446,1.645,1.60,4.40
2010.02.26 07:28:24.930,1.6445,1.6449,1.60,5.60
2010.02.26 07:28:25.602,1.6445,1.64485,1.60,1.00
2010.02.26 07:28:25.951,1.64455,1.64495,1.60,2.40
2010.02.26 07:28:26.976,1.6446,1.64495,1.00,4.00
2010.02.26 07:28:27.336,1.64465,1.64495,1.00,1.60
2010.02.26 07:28:29.409,1.6446,1.64495,1.60,1.60
2010.02.26 07:28:29.709,1.64455,1.6449,1.60,2.00
2010.02.26 07:28:30.669,1.6445,1.6449,1.60,3.60
2010.02.26 07:28:30.928,1.6445,1.6449,1.60,5.20
2010.02.26 07:28:32.954,1.6445,1.6449,1.60,5.20
2010.02.26 07:28:33.834,1.6445,1.64485,1.60,3.20
2010.02.26 07:28:37.744,1.6445,1.64485,1.60,3.60
2010.02.26 07:28:37.959,1.6445,1.64485,1.60,3.20
2010.02.26 07:28:39.456,1.64445,1.64485,1.60,5.20
2010.02.26 07:28:39.797,1.64445,1.6448,1.60,7.20
2010.02.26 07:28:41.484,1.64445,1.6448,1.60,8.00
2010.02.26 07:28:41.548,1.6444,1.64475,1.60,3.60
2010.02.26 07:28:50.490,1.64445,1.64475,1.00,3.60
2010.02.26 07:28:51.226,1.64445,1.64475,1.60,3.60
2010.02.26 07:28:51.475,1.64445,1.64475,1.60,1.60
2010.02.26 07:28:51.673,1.64445,1.6448,1.60,2.40
2010.02.26 07:28:52.053,1.64445,1.6448,1.60,1.60
2010.02.26 07:28:52.928,1.64445,1.6448,1.60,1.60
2010.02.26 07:28:53.118,1.64445,1.6448,1.00,8.00
2010.02.26 07:28:53.308,1.6445,1.6448,1.60,1.00
2010.02.26 07:28:53.494,1.6445,1.6449,1.60,8.40
2010.02.26 07:28:54.155,1.6445,1.6449,1.60,4.40
2010.02.26 07:28:54.573,1.6445,1.6449,1.60,3.20
2010.02.26 07:28:56.519,1.6445,1.64485,1.00,3.20
2010.02.26 07:28:57.832,1.64445,1.6448,1.60,2.00
2010.02.26 07:28:58.181,1.64445,1.6448,1.60,1.60
2010.02.26 07:28:59.068,1.64445,1.6448,1.60,1.60
2010.02.26 07:28:59.419,1.6445,1.64485,1.00,1.60
2010.02.26 07:29:01.471,1.64455,1.6449,1.60,1.60
2010.02.26 07:29:02.268,1.64465,1.64495,1.60,2.00
2010.02.26 07:29:02.613,1.64455,1.64495,1.60,1.60
2010.02.26 07:29:03.312,1.6446,1.64495,1.60,4.00
2010.02.26 07:29:03.948,1.6446,1.64495,1.60,2.00
2010.02.26 07:29:04.287,1.6446,1.645,1.60,5.60
2010.02.26 07:29:04.623,1.6446,1.6449,1.60,1.00
2010.02.26 07:29:04.868,1.64465,1.64485,1.60,4.00
2010.02.26 07:29:05.330,1.64465,1.645,1.60,3.60
2010.02.26 07:29:05.969,1.64465,1.645,1.60,1.60
2010.02.26 07:29:06.258,1.6446,1.645,1.60,8.00
2010.02.26 07:29:06.550,1.64455,1.645,3.20,8.00
2010.02.26 07:29:07.456,1.6447,1.645,1.60,2.00
2010.02.26 07:29:07.730,1.6447,1.64505,1.60,1.00
2010.02.26 07:29:09.241,1.6447,1.6451,1.60,6.00
2010.02.26 07:29:11.843,1.6447,1.6451,1.60,4.00
2010.02.26 07:29:13.488,1.64475,1.6451,1.60,1.00
2010.02.26 07:29:13.722,1.64475,1.64515,1.60,2.40
2010.02.26 07:29:22.190,1.6448,1.64515,1.60,1.00
2010.02.26 07:29:22.991,1.64475,1.64515,4.80,1.60
2010.02.26 07:29:23.344,1.64475,1.64515,6.80,1.60
2010.02.26 07:29:25.034,1.6447,1.6451,6.80,1.60
2010.02.26 07:29:25.094,1.6447,1.6451,4.80,1.60
2010.02.26 07:29:30.068,1.6447,1.6451,1.60,2.40
2010.02.26 07:29:39.017,1.64475,1.6451,1.60,1.00
2010.02.26 07:29:39.486,1.64475,1.6451,1.60,1.00
2010.02.26 07:29:43.484,1.6448,1.64515,1.60,1.60
2010.02.26 07:29:45.875,1.64475,1.64515,1.60,6.00
2010.02.26 07:29:53.775,1.6448,1.64515,1.00,6.10
2010.02.26 07:29:53.961,1.6448,1.64515,1.00,6.00
2010.02.26 07:29:58.370,1.64475,1.6451,1.60,1.00
2010.02.26 07:29:59.212,1.6448,1.6451,1.00,2.00
2010.02.26 07:29:59.470,1.6448,1.64515,1.00,7.20
2010.02.26 07:29:59.725,1.6448,1.6451,1.00,2.00
2010.02.26 07:29:59.976,1.64475,1.6451,1.60,4.00
2010.02.26 07:30:03.025,1.64475,1.6451,1.60,1.00
2010.02.26 07:30:03.992,1.64475,1.64505,1.60,1.00
2010.02.26 07:30:04.159,1.6447,1.64505,1.60,1.00
2010.02.26 07:30:04.325,1.6447,1.64505,1.60,1.00
2010.02.26 07:30:05.109,1.6446,1.64505,1.60,5.60
2010.02.26 07:30:05.418,1.6446,1.645,1.60,5.20
2010.02.26 07:30:06.717,1.6447,1.64505,1.00,5.20
2010.02.26 07:30:07.700,1.6447,1.64505,1.00,3.20
2010.02.26 07:30:08.994,1.64485,1.64505,1.00,1.60
2010.02.26 07:30:09.254,1.64475,1.6451,1.00,1.60
2010.02.26 07:30:10.424,1.64475,1.6451,1.60,4.00
2010.02.26 07:30:10.795,1.64475,1.6451,1.60,1.00
2010.02.26 07:30:12.004,1.64475,1.64505,1.60,1.00
2010.02.26 07:30:12.740,1.6447,1.64505,7.60,1.00
2010.02.26 07:30:13.077,1.64475,1.64515,1.60,5.20
2010.02.26 07:30:13.985,1.6447,1.64515,1.60,7.20
2010.02.26 07:30:14.316,1.6447,1.64515,3.20,1.60
2010.02.26 07:30:15.217,1.6447,1.64515,3.20,3.60
2010.02.26 07:30:15.535,1.64475,1.6451,1.00,1.60
2010.02.26 07:30:16.730,1.64475,1.6451,4.40,1.00
2010.02.26 07:30:17.486,1.6448,1.64515,1.60,1.00
2010.02.26 07:30:17.838,1.64485,1.6452,1.60,3.20
2010.02.26 07:30:18.190,1.64485,1.6452,1.60,1.60
2010.02.26 07:30:18.885,1.64485,1.64515,1.60,1.00
2010.02.26 07:30:19.526,1.6448,1.64515,1.00,1.60
2010.02.26 07:30:20.475,1.64485,1.64515,1.00,1.60
2010.02.26 07:30:21.329,1.64485,1.64515,1.60,1.00
2010.02.26 07:30:21.624,1.6447,1.64505,1.60,1.60
2010.02.26 07:30:22.995,1.64465,1.645,1.00,1.60
2010.02.26 07:30:23.660,1.6446,1.64495,1.60,1.00
2010.02.26 07:30:24.316,1.6446,1.64495,1.00,1.60
2010.02.26 07:30:33.878,1.64465,1.645,1.00,1.60
2010.02.26 07:30:38.086,1.64465,1.645,1.60,1.60
2010.02.26 07:30:38.803,1.64465,1.645,3.20,1.00
2010.02.26 07:30:39.091,1.6448,1.6451,2.00,1.00
2010.02.26 07:30:39.958,1.64475,1.6451,1.60,1.00
2010.02.26 07:30:41.202,1.64475,1.6451,1.00,1.60
2010.02.26 07:30:42.137,1.64475,1.6451,1.60,1.00
2010.02.26 07:30:42.781,1.64475,1.6451,1.00,1.60
2010.02.26 07:30:44.460,1.64475,1.6451,1.60,1.00
2010.02.26 07:30:45.966,1.64475,1.6451,1.00,1.60
2010.02.26 07:30:53.030,1.6447,1.645,1.00,1.60
2010.02.26 07:30:54.237,1.6447,1.645,1.00,3.20
2010.02.26 07:30:56.215,1.6447,1.645,1.00,1.60
2010.02.26 07:30:56.266,1.6447,1.64505,1.00,4.40
2010.02.26 07:30:56.379,1.6447,1.64505,1.00,3.60
2010.02.26 07:30:56.422,1.6447,1.64505,1.00,1.60
2010.02.26 07:30:59.131,1.64475,1.64505,1.00,1.60
2010.02.26 07:30:59.494,1.6448,1.64515,1.00,5.20
2010.02.26 07:31:00.686,1.64475,1.64515,1.00,7.20
2010.02.26 07:31:00.929,1.64475,1.64515,1.00,8.00
2010.02.26 07:31:04.436,1.6447,1.64505,1.00,1.60
2010.02.26 07:31:06.819,1.6447,1.64505,1.00,3.20
2010.02.26 07:31:07.064,1.64465,1.64505,1.00,8.00
2010.02.26 07:31:09.981,1.6447,1.64505,1.00,4.00
2010.02.26 07:31:10.236,1.64465,1.64505,1.60,6.00
2010.02.26 07:31:12.258,1.6447,1.64505,1.00,6.00
2010.02.26 07:31:12.528,1.64475,1.64505,1.00,6.00
2010.02.26 07:31:12.819,1.6446,1.64495,4.00,1.60
2010.02.26 07:31:13.533,1.64465,1.645,1.60,1.00
2010.02.26 07:31:13.845,1.6447,1.64505,1.00,4.00
2010.02.26 07:31:16.585,1.6447,1.64505,1.00,2.40
2010.02.26 07:31:17.743,1.64475,1.6451,1.60,1.00
2010.02.26 07:31:18.994,1.64475,1.64505,1.60,1.00
2010.02.26 07:31:19.249,1.6448,1.64505,1.60,1.00
2010.02.26 07:31:23.657,1.64485,1.6451,1.60,1.00
2010.02.26 07:31:25.068,1.64485,1.6452,1.60,1.00
2010.02.26 07:31:25.414,1.64485,1.6451,1.60,1.00
2010.02.26 07:31:26.100,1.64485,1.64515,1.60,1.00
2010.02.26 07:31:26.789,1.6448,1.64515,1.60,1.00
2010.02.26 07:31:29.268,1.64485,1.6452,1.00,1.60
2010.02.26 07:31:30.139,1.64475,1.6451,4.40,1.00
2010.02.26 07:31:30.340,1.6448,1.64515,1.00,5.60
2010.02.26 07:31:30.535,1.6448,1.64515,1.00,1.60
2010.02.26 07:31:31.802,1.6448,1.64515,1.00,2.40
2010.02.26 07:31:34.305,1.6448,1.64515,1.00,3.20
2010.02.26 07:31:37.652,1.64475,1.64505,1.60,1.00
2010.02.26 07:31:37.875,1.6448,1.6451,1.60,1.00
2010.02.26 07:31:42.463,1.6448,1.64505,1.60,1.00
2010.02.26 07:31:43.334,1.64475,1.64485,1.00,1.00
2010.02.26 07:31:43.576,1.64475,1.64505,1.60,1.00
2010.02.26 07:31:46.617,1.64475,1.64505,1.60,1.00
2010.02.26 07:31:46.666,1.6447,1.64505,1.60,1.00
2010.02.26 07:31:47.949,1.64475,1.64505,1.00,2.40
2010.02.26 07:31:48.128,1.64465,1.64495,1.00,1.00
2010.02.26 07:31:53.359,1.64465,1.645,1.00,1.60
2010.02.26 07:31:53.586,1.64465,1.64505,1.60,1.60
2010.02.26 07:31:55.696,1.6447,1.64505,1.00,2.40
2010.02.26 07:32:10.025,1.64465,1.64505,1.60,2.40
2010.02.26 07:32:10.203,1.6447,1.64505,1.60,1.00
2010.02.26 07:32:11.012,1.6447,1.64505,1.00,2.40
2010.02.26 07:32:11.246,1.64465,1.645,1.60,1.00
2010.02.26 07:32:13.174,1.64465,1.645,1.60,1.00
2010.02.26 07:32:14.301,1.64465,1.645,1.60,1.00
2010.02.26 07:32:14.402,1.6447,1.64505,1.00,4.10
2010.02.26 07:32:15.123,1.64465,1.645,1.60,1.00
2010.02.26 07:32:15.209,1.64465,1.64495,1.60,1.00
2010.02.26 07:32:15.549,1.6446,1.64485,1.00,1.00
2010.02.26 07:32:17.597,1.6446,1.64485,1.60,1.00
2010.02.26 07:32:17.856,1.6446,1.6449,1.00,2.40
2010.02.26 07:32:18.822,1.64465,1.6449,1.00,1.00
2010.02.26 07:32:19.173,1.64465,1.6449,1.00,1.00
2010.02.26 07:32:20.587,1.6446,1.6449,1.60,1.00
2010.02.26 07:32:20.941,1.64465,1.6449,1.00,1.00
2010.02.26 07:32:21.063,1.64465,1.64495,1.60,1.60
2010.02.26 07:32:21.281,1.64465,1.645,1.60,2.40
2010.02.26 07:32:27.273,1.6446,1.64495,1.00,8.00
2010.02.26 07:32:28.828,1.6446,1.64495,1.00,4.00
2010.02.26 07:32:32.990,1.6446,1.6449,1.00,1.00
2010.02.26 07:32:34.977,1.6446,1.64495,1.00,3.20
2010.02.26 07:32:35.071,1.64465,1.645,1.00,4.00
2010.02.26 07:32:35.507,1.64465,1.645,1.00,2.40
2010.02.26 07:32:39.675,1.6446,1.64495,1.60,1.00
2010.02.26 07:32:39.941,1.64465,1.645,1.60,4.00
2010.02.26 07:32:40.706,1.64465,1.64495,1.60,1.00
2010.02.26 07:32:41.001,1.64465,1.64495,1.00,1.00
2010.02.26 07:32:41.729,1.64465,1.64495,1.00,2.40
2010.02.26 07:32:41.953,1.64465,1.64495,1.60,2.40
2010.02.26 07:32:42.168,1.64465,1.64495,1.00,2.40
2010.02.26 07:32:43.172,1.64465,1.645,1.00,4.00
2010.02.26 07:32:44.859,1.6447,1.645,1.00,4.00
2010.02.26 07:32:44.967,1.6447,1.64505,1.60,2.80
2010.02.26 07:32:45.953,1.6447,1.64505,1.60,1.00
2010.02.26 07:32:49.878,1.6447,1.64495,1.60,1.00
2010.02.26 07:32:50.133,1.64475,1.6451,1.60,1.00
2010.02.26 07:32:53.655,1.6449,1.64515,1.60,1.00
2010.02.26 07:32:54.340,1.6449,1.64515,1.60,1.00
2010.02.26 07:32:54.554,1.6449,1.64525,1.60,1.00
2010.02.26 07:32:55.605,1.64485,1.64525,1.60,2.40
2010.02.26 07:32:55.826,1.64485,1.64525,1.60,1.60
2010.02.26 07:32:57.221,1.6449,1.64525,1.00,1.60
2010.02.26 07:32:58.053,1.645,1.64535,1.60,1.00
2010.02.26 07:32:59.022,1.6451,1.6454,1.60,1.00
2010.02.26 07:32:59.382,1.645,1.64535,1.60,1.00
2010.02.26 07:33:04.059,1.6449,1.6452,4.00,1.00
2010.02.26 07:33:04.414,1.64485,1.6452,1.60,1.60
2010.02.26 07:33:05.642,1.6448,1.64515,1.60,1.00
2010.02.26 07:33:07.381,1.6448,1.64515,1.00,1.60
2010.02.26 07:33:07.635,1.6448,1.6451,1.60,1.00
2010.02.26 07:33:08.564,1.64475,1.6451,2.40,1.00
2010.02.26 07:33:08.834,1.64495,1.64545,1.60,2.80
2010.02.26 07:33:09.686,1.645,1.64545,1.00,1.60
2010.02.26 07:33:10.032,1.64505,1.6454,1.60,1.00
2010.02.26 07:33:10.915,1.64505,1.6454,1.60,1.00
2010.02.26 07:33:11.919,1.64505,1.64545,1.60,2.40
2010.02.26 07:33:12.712,1.64505,1.6454,1.60,1.00
2010.02.26 07:33:13.286,1.6451,1.6454,1.60,1.00
2010.02.26 07:33:14.506,1.6451,1.64545,1.60,2.40
2010.02.26 07:33:16.978,1.6451,1.64535,1.60,1.00
2010.02.26 07:33:17.035,1.64505,1.64535,1.60,1.00
2010.02.26 07:33:19.299,1.645,1.64535,1.60,1.60
2010.02.26 07:33:19.650,1.645,1.6453,1.60,1.00
2010.02.26 07:33:20.339,1.6449,1.6453,4.00,1.00
2010.02.26 07:33:20.690,1.6449,1.6453,1.60,1.00
2010.02.26 07:33:26.552,1.6449,1.6453,4.80,1.00
2010.02.26 07:33:27.679,1.6449,1.64525,5.70,1.00
2010.02.26 07:33:28.604,1.645,1.64535,1.60,1.60
2010.02.26 07:33:33.222,1.645,1.64535,4.80,1.60
2010.02.26 07:33:33.577,1.64505,1.64535,1.60,1.00
2010.02.26 07:33:34.485,1.64505,1.64535,4.80,1.00
2010.02.26 07:33:38.256,1.6452,1.64545,1.60,1.00
2010.02.26 07:33:38.483,1.64515,1.64545,1.60,1.00
2010.02.26 07:33:43.394,1.6452,1.6455,1.60,1.00
2010.02.26 07:33:45.649,1.6452,1.6454,1.60,1.00
2010.02.26 07:33:45.972,1.6451,1.64545,3.60,1.60
2010.02.26 07:33:46.752,1.64515,1.64545,2.40,1.00
2010.02.26 07:33:47.008,1.6452,1.6455,1.60,1.00
2010.02.26 07:33:47.898,1.64515,1.64545,1.60,1.00
2010.02.26 07:33:50.174,1.64515,1.64545,2.40,1.00
2010.02.26 07:33:51.071,1.6451,1.6454,1.60,1.00
2010.02.26 07:33:51.322,1.645,1.6453,1.00,3.20
2010.02.26 07:33:52.335,1.64515,1.6454,1.60,1.00
2010.02.26 07:33:53.760,1.6451,1.6453,1.60,1.00
2010.02.26 07:33:54.110,1.645,1.6453,4.80,1.00
2010.02.26 07:33:59.700,1.645,1.64525,4.80,1.00
2010.02.26 07:33:59.911,1.645,1.6453,1.60,1.00
2010.02.26 07:34:03.826,1.6451,1.64535,1.00,1.60
2010.02.26 07:34:04.123,1.6452,1.6455,1.60,1.00
2010.02.26 07:34:04.419,1.6451,1.6454,1.60,1.00
2010.02.26 07:34:05.365,1.64505,1.64535,1.60,1.00
2010.02.26 07:34:05.963,1.64505,1.6454,1.60,1.60
2010.02.26 07:34:06.910,1.6451,1.64545,1.60,1.00
2010.02.26 07:34:07.027,1.6453,1.64555,1.60,2.80
2010.02.26 07:34:07.129,1.6453,1.64555,1.60,1.00
2010.02.26 07:34:08.168,1.64525,1.64555,1.60,1.00
2010.02.26 07:34:08.857,1.6454,1.64565,1.60,2.80
2010.02.26 07:34:09.812,1.64545,1.6457,3.20,1.00
2010.02.26 07:34:10.079,1.6455,1.6458,3.20,1.00
2010.02.26 07:34:13.866,1.64555,1.6458,1.60,1.00
2010.02.26 07:34:14.222,1.64575,1.6459,5.20,1.00
2010.02.26 07:34:14.431,1.64575,1.64595,6.80,1.00
2010.02.26 07:34:15.325,1.6458,1.64595,4.80,1.00
2010.02.26 07:34:16.667,1.6458,1.646,4.80,1.00
2010.02.26 07:34:16.831,1.64575,1.6459,7.20,1.00
2010.02.26 07:34:16.986,1.6457,1.6459,3.20,1.00
2010.02.26 07:34:17.652,1.64575,1.64605,1.60,1.10
2010.02.26 07:34:17.952,1.6458,1.64605,1.60,1.00
2010.02.26 07:34:19.262,1.64575,1.64605,3.20,1.00
2010.02.26 07:34:19.628,1.64565,1.6459,1.60,1.00
2010.02.26 07:34:20.849,1.64555,1.64585,1.60,1.00
2010.02.26 07:34:24.292,1.64555,1.6458,1.60,1.00
2010.02.26 07:34:24.482,1.6454,1.64575,1.60,1.60
2010.02.26 07:34:25.261,1.6454,1.64575,1.60,2.40
2010.02.26 07:34:25.617,1.6454,1.64565,1.60,1.00
2010.02.26 07:34:26.601,1.6453,1.6456,1.60,1.00
2010.02.26 07:34:27.680,1.64535,1.6456,1.60,1.00
2010.02.26 07:34:28.415,1.64535,1.6456,1.60,1.00
2010.02.26 07:34:28.773,1.64535,1.64565,1.60,4.10
2010.02.26 07:34:29.747,1.64535,1.64565,1.60,1.00
2010.02.26 07:34:30.062,1.64535,1.6457,1.60,1.60
2010.02.26 07:34:30.935,1.6454,1.64565,1.60,1.00
2010.02.26 07:34:31.281,1.6454,1.6458,1.60,2.40
2010.02.26 07:34:31.999,1.6454,1.64575,1.60,1.00
2010.02.26 07:34:32.485,1.6455,1.64575,1.60,1.00
2010.02.26 07:34:33.498,1.64555,1.64585,1.60,1.00
2010.02.26 07:34:35.138,1.64545,1.6458,1.60,1.60
2010.02.26 07:34:35.783,1.6455,1.6458,1.60,2.00
2010.02.26 07:34:36.822,1.6455,1.6458,1.60,1.00
2010.02.26 07:34:37.219,1.6455,1.6458,1.60,2.00
2010.02.26 07:34:41.392,1.64555,1.64585,1.00,3.60
2010.02.26 07:34:41.621,1.64565,1.6458,1.60,1.00
2010.02.26 07:34:42.556,1.64565,1.64595,1.60,1.00
2010.02.26 07:34:42.820,1.6455,1.64585,1.60,1.00
2010.02.26 07:34:45.903,1.6455,1.6459,1.60,1.60
2010.02.26 07:34:46.115,1.64545,1.6458,4.80,1.00
2010.02.26 07:34:46.316,1.6455,1.64585,1.00,1.70
2010.02.26 07:34:47.007,1.6455,1.64585,1.00,1.60
2010.02.26 07:34:47.218,1.64545,1.64575,1.60,1.00
2010.02.26 07:34:48.395,1.6455,1.64575,1.60,1.00
2010.02.26 07:34:48.756,1.6455,1.6458,1.60,1.00
2010.02.26 07:34:49.597,1.64555,1.6458,1.60,1.00
2010.02.26 07:34:49.957,1.6454,1.64575,3.20,1.00
2010.02.26 07:34:51.543,1.6454,1.64575,1.60,1.60
2010.02.26 07:34:52.481,1.6454,1.6457,1.00,1.60
2010.02.26 07:34:52.665,1.64545,1.64575,1.00,1.60
2010.02.26 07:34:53.021,1.64545,1.6458,1.60,4.40
2010.02.26 07:34:53.380,1.64555,1.64585,1.60,1.00
2010.02.26 07:34:56.292,1.64545,1.64575,1.00,1.60
2010.02.26 07:34:56.528,1.64545,1.64575,1.00,1.60
2010.02.26 07:34:57.852,1.64545,1.64575,1.60,1.00
2010.02.26 07:34:58.519,1.64545,1.6458,1.60,1.60
2010.02.26 07:34:59.378,1.64545,1.6458,1.60,1.00
2010.02.26 07:35:01.902,1.64545,1.64575,1.60,1.00
2010.02.26 07:35:04.126,1.64545,1.6458,1.60,1.00
2010.02.26 07:35:04.754,1.64545,1.64575,1.60,1.00
2010.02.26 07:35:06.772,1.6455,1.6458,1.00,1.60
2010.02.26 07:35:07.700,1.64545,1.64575,1.00,1.60
2010.02.26 07:35:10.418,1.6454,1.64575,1.60,1.60
2010.02.26 07:35:12.947,1.6455,1.6458,1.60,1.00
2010.02.26 07:35:13.850,1.6455,1.6458,1.60,2.40
2010.02.26 07:35:14.483,1.64555,1.6458,1.60,1.60
2010.02.26 07:35:14.820,1.6455,1.6458,1.60,1.60
2010.02.26 07:35:15.760,1.64555,1.64585,1.60,1.60
2010.02.26 07:35:15.975,1.64555,1.64575,1.60,1.00
2010.02.26 07:35:16.214,1.6455,1.6458,1.60,1.00
2010.02.26 07:35:18.337,1.64545,1.6458,1.60,1.60
2010.02.26 07:35:18.707,1.64545,1.64575,1.60,1.00
2010.02.26 07:35:19.717,1.6455,1.64575,1.60,1.00
2010.02.26 07:35:20.060,1.64555,1.6458,1.60,1.00
2010.02.26 07:35:21.797,1.6454,1.6457,1.60,1.00
2010.02.26 07:35:23.693,1.6454,1.6457,1.00,1.60
2010.02.26 07:35:24.545,1.6454,1.64575,2.40,1.60
2010.02.26 07:35:24.751,1.64545,1.64575,1.60,1.00
2010.02.26 07:35:25.723,1.64545,1.64575,1.60,1.60
2010.02.26 07:35:26.068,1.64545,1.6457,1.60,1.00
2010.02.26 07:35:26.418,1.6454,1.6457,1.60,1.00
2010.02.26 07:35:26.771,1.64545,1.64575,1.60,1.60
2010.02.26 07:35:27.451,1.6454,1.64575,2.40,3.20
2010.02.26 07:35:27.576,1.6454,1.6457,1.60,1.00
2010.02.26 07:35:29.277,1.6454,1.6457,2.40,1.00
2010.02.26 07:35:30.150,1.64545,1.6457,1.60,1.00
2010.02.26 07:35:30.845,1.6454,1.64575,2.40,4.00
2010.02.26 07:35:31.776,1.64535,1.64565,1.60,1.00
2010.02.26 07:35:34.766,1.6454,1.64565,1.60,1.00
2010.02.26 07:35:39.630,1.6453,1.6456,1.60,1.60
2010.02.26 07:35:40.537,1.6451,1.64545,1.00,1.60
2010.02.26 07:35:40.823,1.64515,1.64545,1.60,1.00
2010.02.26 07:35:42.212,1.64515,1.6455,1.60,1.60
2010.02.26 07:35:42.468,1.64525,1.6456,1.60,1.00
2010.02.26 07:35:44.038,1.64525,1.64555,1.60,1.00
2010.02.26 07:35:45.033,1.6452,1.64555,1.60,1.60
2010.02.26 07:35:46.171,1.6453,1.6456,1.60,1.00
2010.02.26 07:35:46.524,1.6453,1.64565,1.60,2.40
2010.02.26 07:35:47.318,1.6453,1.6456,1.60,1.00
2010.02.26 07:35:49.053,1.64525,1.6456,1.60,1.00
2010.02.26 07:35:51.124,1.64525,1.64555,1.60,1.00
2010.02.26 07:35:52.179,1.6452,1.64555,1.60,1.60
2010.02.26 07:35:55.891,1.6452,1.64555,1.60,1.00
2010.02.26 07:35:56.541,1.6452,1.6456,1.60,4.40
2010.02.26 07:35:56.824,1.6452,1.6456,1.60,1.60
2010.02.26 07:36:03.051,1.64535,1.6456,1.60,1.60
2010.02.26 07:36:03.293,1.6453,1.64565,1.00,1.00
2010.02.26 07:36:03.531,1.64525,1.64565,1.60,1.00
2010.02.26 07:36:04.860,1.6453,1.64565,1.60,1.00
2010.02.26 07:36:05.973,1.6453,1.64565,1.60,1.60
2010.02.26 07:36:07.200,1.6452,1.64565,7.20,1.60
2010.02.26 07:36:08.112,1.6452,1.64565,3.20,1.60
2010.02.26 07:36:08.319,1.6452,1.64565,5.20,1.60
2010.02.26 07:36:12.575,1.6453,1.64565,1.60,1.60
2010.02.26 07:36:14.094,1.64525,1.64565,6.10,1.00
2010.02.26 07:36:14.446,1.6453,1.6457,3.20,1.70
2010.02.26 07:36:16.096,1.6453,1.64555,3.20,2.80
2010.02.26 07:36:16.263,1.6452,1.64545,1.60,1.00
2010.02.26 07:36:17.097,1.64515,1.64535,1.60,1.00
2010.02.26 07:36:17.321,1.64515,1.6454,1.60,2.00
2010.02.26 07:36:18.025,1.64505,1.6454,1.60,1.60
2010.02.26 07:36:18.258,1.6451,1.6454,1.00,1.60
2010.02.26 07:36:19.123,1.64515,1.64545,1.60,1.00
2010.02.26 07:36:19.461,1.64515,1.64545,1.60,1.00
2010.02.26 07:36:24.156,1.6451,1.6454,1.60,1.00
2010.02.26 07:36:26.613,1.64505,1.6453,1.00,1.00
2010.02.26 07:36:27.603,1.64505,1.64535,1.60,1.00
2010.02.26 07:36:27.937,1.64515,1.6454,1.60,1.60
2010.02.26 07:36:28.929,1.64515,1.64545,1.60,2.40
2010.02.26 07:36:30.078,1.64515,1.6455,1.60,8.00
2010.02.26 07:36:30.769,1.64515,1.6455,1.60,4.00
2010.02.26 07:36:31.143,1.64515,1.64545,1.60,2.40
2010.02.26 07:36:32.124,1.64515,1.6455,1.60,4.00
2010.02.26 07:36:32.409,1.64515,1.6455,1.60,1.60
2010.02.26 07:36:33.280,1.64515,1.64545,1.00,1.60
2010.02.26 07:36:33.625,1.6451,1.6454,1.60,1.00
2010.02.26 07:36:34.621,1.64495,1.6453,9.60,1.00
2010.02.26 07:36:34.945,1.6449,1.64525,2.30,1.00
2010.02.26 07:36:36.131,1.645,1.64525,1.60,1.00
2010.02.26 07:36:36.610,1.6451,1.64545,1.60,5.60
2010.02.26 07:36:37.536,1.6451,1.64545,1.00,5.60
2010.02.26 07:36:37.842,1.64505,1.64535,1.60,4.00
2010.02.26 07:36:38.566,1.645,1.64535,1.60,2.00
2010.02.26 07:36:38.851,1.64505,1.6453,1.60,1.00
2010.02.26 07:36:39.795,1.64505,1.6453,1.60,1.00
2010.02.26 07:36:40.146,1.645,1.64535,1.60,1.00
2010.02.26 07:36:42.867,1.64505,1.6453,1.60,3.60
2010.02.26 07:36:43.849,1.64505,1.6453,1.00,2.00
2010.02.26 07:36:44.162,1.64505,1.6452,1.60,1.00
2010.02.26 07:36:44.845,1.64485,1.6452,6.00,1.00
2010.02.26 07:36:45.207,1.6449,1.64525,1.00,8.00
2010.02.26 07:36:45.532,1.64475,1.6451,3.20,1.00
2010.02.26 07:36:46.207,1.6448,1.6451,1.60,1.00
2010.02.26 07:36:46.496,1.64495,1.64525,1.00,4.60
2010.02.26 07:36:47.375,1.64475,1.6451,4.80,1.60
2010.02.26 07:36:47.641,1.64485,1.645,3.20,1.00
2010.02.26 07:36:47.904,1.6447,1.645,1.60,1.60
2010.02.26 07:36:48.610,1.64465,1.645,5.20,1.60
2010.02.26 07:36:49.640,1.6446,1.64485,1.60,1.00
2010.02.26 07:36:49.984,1.6445,1.64485,1.60,1.60
2010.02.26 07:36:50.934,1.64455,1.64485,1.00,1.60
2010.02.26 07:36:51.277,1.6447,1.64495,1.00,4.40
2010.02.26 07:36:51.618,1.64455,1.6449,1.00,1.60
2010.02.26 07:36:52.267,1.64455,1.6449,1.00,1.00
2010.02.26 07:36:52.539,1.6446,1.64495,1.00,3.20
2010.02.26 07:36:53.090,1.64465,1.64495,1.00,3.20
2010.02.26 07:36:54.110,1.64465,1.645,1.60,3.20
2010.02.26 07:36:55.075,1.64465,1.645,1.60,1.60
2010.02.26 07:36:55.363,1.6447,1.64505,1.60,1.00
2010.02.26 07:36:59.759,1.64475,1.6451,1.60,1.60
2010.02.26 07:37:02.509,1.64475,1.64505,1.60,1.00
2010.02.26 07:37:04.925,1.6447,1.64505,5.50,1.60
2010.02.26 07:37:05.003,1.64475,1.6451,1.00,1.60
2010.02.26 07:37:08.288,1.6449,1.64525,1.60,1.10
2010.02.26 07:37:08.521,1.64475,1.6451,3.20,1.60
2010.02.26 07:37:14.806,1.6448,1.6451,1.00,1.60
2010.02.26 07:37:15.633,1.6448,1.64515,1.60,1.60
2010.02.26 07:37:15.843,1.6449,1.6452,1.00,1.00
2010.02.26 07:37:16.795,1.6448,1.64515,3.60,1.60
2010.02.26 07:37:17.145,1.6448,1.64515,1.00,1.60
2010.02.26 07:37:19.194,1.64475,1.64515,1.00,3.60
2010.02.26 07:37:23.503,1.6447,1.64505,1.00,1.00
2010.02.26 07:37:24.226,1.6447,1.64505,1.60,1.60
2010.02.26 07:37:25.113,1.64475,1.6451,1.00,1.60
2010.02.26 07:37:33.553,1.64475,1.6451,1.00,1.60
2010.02.26 07:37:33.898,1.64475,1.6451,1.00,1.60
2010.02.26 07:37:35.671,1.64475,1.6451,1.00,1.60
2010.02.26 07:37:35.815,1.6448,1.64515,1.60,4.40
2010.02.26 07:37:36.854,1.64475,1.6451,1.60,1.60
2010.02.26 07:37:39.606,1.64475,1.6451,1.60,3.60
2010.02.26 07:37:40.296,1.6448,1.6451,1.60,2.00
2010.02.26 07:37:40.439,1.6448,1.64515,1.60,5.20
2010.02.26 07:37:42.755,1.6447,1.64505,1.00,1.60
2010.02.26 07:37:46.878,1.64475,1.64505,1.60,1.00
2010.02.26 07:37:47.066,1.6447,1.64505,1.00,1.60
2010.02.26 07:37:57.792,1.64465,1.645,1.00,1.00
2010.02.26 07:37:58.873,1.64465,1.645,1.60,1.60
2010.02.26 07:38:00.875,1.64475,1.6451,1.60,1.60
2010.02.26 07:38:01.792,1.6448,1.6451,1.60,1.00
2010.02.26 07:38:03.354,1.64485,1.6451,1.60,1.00
2010.02.26 07:38:05.860,1.6448,1.6451,1.60,1.00
2010.02.26 07:38:07.067,1.64475,1.64505,4.80,1.00
2010.02.26 07:38:07.342,1.64475,1.64505,1.60,1.00
2010.02.26 07:38:08.640,1.6447,1.64505,2.30,1.60
2010.02.26 07:38:08.903,1.6447,1.64505,1.60,1.60
2010.02.26 07:38:12.801,1.64475,1.6451,1.60,1.60
2010.02.26 07:38:13.999,1.64475,1.6451,2.30,1.60
2010.02.26 07:38:14.264,1.6447,1.6451,6.30,1.60
2010.02.26 07:38:17.241,1.64475,1.64505,1.60,1.00
2010.02.26 07:38:18.972,1.6447,1.64505,1.60,1.60
2010.02.26 07:38:21.252,1.64475,1.64505,1.00,1.60
2010.02.26 07:38:21.610,1.6447,1.64505,1.00,1.60
2010.02.26 07:38:22.648,1.64475,1.6451,1.00,3.20
2010.02.26 07:38:23.754,1.64475,1.6451,1.00,1.60
2010.02.26 07:38:26.320,1.64475,1.6451,1.00,1.00
2010.02.26 07:38:27.270,1.6449,1.6451,1.60,1.00
2010.02.26 07:38:27.536,1.64475,1.64505,1.60,1.00
2010.02.26 07:38:35.937,1.6448,1.6451,1.60,1.00
2010.02.26 07:38:37.865,1.64475,1.6451,1.60,1.60
2010.02.26 07:38:45.023,1.6447,1.64505,1.60,1.60
2010.02.26 07:38:51.107,1.64475,1.64505,1.60,1.00
2010.02.26 07:38:52.204,1.64475,1.645,1.60,1.60
2010.02.26 07:38:52.556,1.64465,1.645,1.60,5.20
2010.02.26 07:38:53.479,1.6446,1.64495,1.60,1.60
2010.02.26 07:38:54.786,1.6446,1.64495,1.00,2.40
2010.02.26 07:38:55.662,1.6446,1.64495,1.60,1.60
2010.02.26 07:39:04.917,1.64455,1.6449,1.60,3.60
2010.02.26 07:39:05.273,1.64455,1.6449,1.60,5.60
2010.02.26 07:39:05.635,1.64455,1.6449,1.60,1.60
2010.02.26 07:39:07.901,1.6446,1.6449,1.00,1.60
2010.02.26 07:39:09.140,1.64455,1.64485,1.00,1.60
2010.02.26 07:39:09.347,1.64455,1.64485,1.60,1.60
2010.02.26 07:39:10.122,1.64455,1.6449,1.00,7.60
2010.02.26 07:39:10.467,1.6446,1.6448,1.00,5.60
2010.02.26 07:39:11.972,1.6446,1.6448,1.00,3.60
2010.02.26 07:39:12.172,1.6446,1.6448,1.00,5.60
2010.02.26 07:39:17.882,1.6446,1.6448,1.00,1.60
2010.02.26 07:39:18.132,1.6446,1.6448,1.00,5.60
2010.02.26 07:39:18.623,1.6446,1.64475,1.00,1.60
2010.02.26 07:39:19.460,1.6446,1.64475,1.00,3.60
2010.02.26 07:39:19.739,1.6446,1.64475,1.00,1.60
2010.02.26 07:39:24.314,1.64455,1.64475,1.00,3.60
2010.02.26 07:39:24.632,1.6445,1.64475,1.00,3.60
2010.02.26 07:39:25.293,1.6445,1.64475,1.00,5.60
2010.02.26 07:39:25.572,1.64455,1.64475,1.00,5.60
2010.02.26 07:39:27.165,1.64455,1.64475,1.00,3.60
2010.02.26 07:39:27.861,1.6445,1.64475,1.60,3.60
2010.02.26 07:39:28.552,1.6445,1.64475,1.60,5.60
2010.02.26 07:39:30.571,1.6445,1.64475,1.60,5.60
2010.02.26 07:39:30.781,1.6445,1.64475,1.00,5.60
2010.02.26 07:39:33.341,1.6445,1.64475,1.00,7.20
2010.02.26 07:39:34.673,1.6445,1.64475,1.60,5.60
2010.02.26 07:39:34.905,1.6445,1.64475,1.00,3.60
2010.02.26 07:39:35.128,1.6445,1.64475,1.00,5.60
2010.02.26 07:39:36.950,1.6445,1.64475,1.00,7.20
2010.02.26 07:39:38.391,1.6445,1.64475,1.00,5.60
2010.02.26 07:39:38.610,1.6445,1.64475,1.00,3.60
2010.02.26 07:39:42.875,1.6445,1.64475,1.00,1.60
2010.02.26 07:39:43.082,1.6445,1.64475,1.00,3.60
2010.02.26 07:39:46.334,1.64455,1.6448,1.00,5.60
2010.02.26 07:39:54.522,1.64455,1.6448,1.60,5.60
2010.02.26 07:39:54.742,1.64455,1.6448,1.00,5.60
2010.02.26 07:39:55.882,1.6446,1.6448,1.00,5.60
2010.02.26 07:39:56.214,1.6446,1.6448,1.00,1.60
2010.02.26 07:39:56.542,1.64455,1.6448,1.60,1.60
2010.02.26 07:39:59.538,1.6446,1.6448,1.00,1.60
2010.02.26 07:40:04.140,1.64455,1.6448,1.60,1.60
2010.02.26 07:40:07.568,1.6445,1.64485,1.00,9.20
2010.02.26 07:40:07.930,1.6446,1.6449,1.60,3.20
2010.02.26 07:40:08.940,1.64455,1.6449,1.60,3.20
2010.02.26 07:40:09.292,1.6446,1.6449,1.00,7.20
2010.02.26 07:40:09.645,1.64465,1.6449,1.00,2.00
2010.02.26 07:40:09.935,1.64465,1.64495,1.60,2.00
2010.02.26 07:40:10.836,1.64465,1.64495,1.60,4.00
2010.02.26 07:40:13.783,1.64465,1.64495,1.00,5.60
2010.02.26 07:40:15.722,1.6446,1.64495,1.60,3.60
2010.02.26 07:40:16.616,1.6446,1.645,1.60,10.80
2010.02.26 07:40:17.256,1.6447,1.64495,1.60,2.00
2010.02.26 07:40:17.611,1.6447,1.645,1.60,3.60
2010.02.26 07:40:18.089,1.64475,1.645,1.60,3.60
2010.02.26 07:40:18.297,1.64475,1.64505,1.60,5.60
2010.02.26 07:40:21.797,1.6448,1.64505,1.00,5.60
2010.02.26 07:40:23.280,1.6448,1.64505,1.00,7.20
2010.02.26 07:40:24.052,1.6448,1.645,1.00,2.00
2010.02.26 07:40:24.307,1.64475,1.645,1.00,7.20
2010.02.26 07:40:28.458,1.64475,1.645,1.00,5.60
2010.02.26 07:40:31.151,1.64475,1.64485,1.00,4.00
2010.02.26 07:40:31.463,1.64475,1.645,1.00,5.60
2010.02.26 07:40:33.395,1.6447,1.64495,1.60,2.00
2010.02.26 07:40:34.340,1.6447,1.645,1.60,3.60
2010.02.26 07:40:35.375,1.64475,1.645,1.00,1.60
2010.02.26 07:40:36.034,1.64475,1.645,1.60,1.60
2010.02.26 07:40:36.381,1.64475,1.645,1.00,1.60
2010.02.26 07:40:36.632,1.64475,1.645,1.60,1.60
2010.02.26 07:40:37.575,1.64475,1.645,1.00,1.60
2010.02.26 07:40:37.913,1.64475,1.645,1.00,3.20
2010.02.26 07:40:40.816,1.64475,1.645,1.00,1.60
2010.02.26 07:40:51.672,1.64475,1.645,1.00,3.60
2010.02.26 07:40:51.980,1.64475,1.645,1.00,5.60
2010.02.26 07:40:53.514,1.6447,1.645,1.60,5.60
2010.02.26 07:40:58.004,1.64475,1.645,1.00,5.60
2010.02.26 07:40:58.356,1.64475,1.645,1.60,1.60
2010.02.26 07:40:59.009,1.64475,1.64495,1.60,1.60
2010.02.26 07:40:59.201,1.64465,1.6449,1.60,1.60
2010.02.26 07:40:59.392,1.6446,1.6449,1.00,1.60
2010.02.26 07:40:59.576,1.64455,1.64485,1.00,1.60
2010.02.26 07:41:00.528,1.64455,1.6448,1.00,2.00
2010.02.26 07:41:01.174,1.64455,1.6448,1.60,2.00
2010.02.26 07:41:02.212,1.64455,1.6448,1.60,4.00
2010.02.26 07:41:03.379,1.64455,1.6448,1.00,4.00
2010.02.26 07:41:03.863,1.64455,1.6448,1.00,2.00
2010.02.26 07:41:12.754,1.6446,1.64485,1.00,3.60
2010.02.26 07:41:14.361,1.64465,1.64485,1.60,3.60
2010.02.26 07:41:14.540,1.6446,1.64485,1.00,3.60
2010.02.26 07:41:17.636,1.6446,1.64485,1.60,3.60
2010.02.26 07:41:18.844,1.6446,1.64485,1.60,1.60
2010.02.26 07:41:19.166,1.6446,1.64485,1.60,3.60
2010.02.26 07:41:20.198,1.64465,1.64485,1.00,3.60
2010.02.26 07:41:20.378,1.64465,1.64485,1.60,3.60
2010.02.26 07:41:20.736,1.6446,1.64485,1.60,3.60
2010.02.26 07:41:23.228,1.6446,1.64485,1.00,1.60
2010.02.26 07:41:24.425,1.64465,1.64485,1.00,4.00
2010.02.26 07:41:24.781,1.64465,1.64485,1.60,4.00
2010.02.26 07:41:26.997,1.64465,1.64485,1.00,4.00
2010.02.26 07:41:27.198,1.64465,1.6448,1.00,2.00
2010.02.26 07:41:27.602,1.64465,1.6448,1.60,2.00
2010.02.26 07:41:28.934,1.64465,1.64495,1.60,5.60
2010.02.26 07:41:31.647,1.64465,1.64495,1.60,1.60
2010.02.26 07:41:31.817,1.64465,1.645,1.60,4.00
2010.02.26 07:41:32.909,1.6447,1.64495,1.60,4.00
2010.02.26 07:41:33.029,1.6447,1.645,1.60,4.00
2010.02.26 07:41:35.384,1.6447,1.645,1.60,5.20
2010.02.26 07:41:35.739,1.64465,1.64495,1.60,2.00
2010.02.26 07:41:36.692,1.64465,1.64495,1.60,4.00
2010.02.26 07:41:36.893,1.64475,1.64495,1.00,4.00
2010.02.26 07:41:37.096,1.64485,1.645,1.00,5.60
2010.02.26 07:41:37.855,1.6448,1.645,1.60,5.60
2010.02.26 07:41:38.150,1.64485,1.64515,1.60,5.60
2010.02.26 07:41:39.034,1.64485,1.64515,1.60,4.00
2010.02.26 07:41:39.319,1.64485,1.64515,1.60,1.60
2010.02.26 07:41:39.666,1.64485,1.64515,1.00,3.20
2010.02.26 07:41:40.459,1.6449,1.64515,1.00,1.60
2010.02.26 07:41:40.736,1.6449,1.6452,1.00,6.40
2010.02.26 07:41:41.560,1.64485,1.6452,1.60,6.40
2010.02.26 07:41:41.819,1.64485,1.64515,1.00,1.60
2010.02.26 07:41:43.360,1.6448,1.64515,1.00,5.60
2010.02.26 07:41:43.619,1.64485,1.64515,1.60,4.00
2010.02.26 07:41:44.621,1.64485,1.64515,1.60,2.00
2010.02.26 07:41:44.978,1.6448,1.6451,1.60,3.60
2010.02.26 07:41:46.537,1.6448,1.6451,1.00,5.20
2010.02.26 07:41:46.725,1.6447,1.645,1.60,1.60
2010.02.26 07:41:49.261,1.6448,1.645,1.00,1.60
2010.02.26 07:41:49.610,1.6447,1.645,1.60,1.60
2010.02.26 07:41:50.879,1.6448,1.645,1.00,1.60
2010.02.26 07:41:51.093,1.6447,1.645,1.60,1.60
2010.02.26 07:41:51.974,1.64475,1.645,1.60,1.60
2010.02.26 07:41:52.266,1.64475,1.645,1.60,1.60
2010.02.26 07:41:53.103,1.6448,1.645,1.00,1.60
2010.02.26 07:41:53.417,1.64485,1.64515,1.60,1.60
2010.02.26 07:41:54.668,1.64485,1.6452,1.60,5.20
2010.02.26 07:41:54.967,1.64495,1.64525,1.60,5.20
2010.02.26 07:41:55.866,1.645,1.64525,1.60,5.20
2010.02.26 07:41:56.258,1.6449,1.6452,1.60,1.00
2010.02.26 07:41:57.554,1.645,1.64525,1.60,3.60
2010.02.26 07:41:58.752,1.645,1.64525,1.60,3.60
2010.02.26 07:41:59.756,1.6449,1.64515,1.60,1.00
2010.02.26 07:41:59.971,1.64485,1.64515,1.60,1.00
2010.02.26 07:42:02.166,1.6449,1.6452,1.60,2.00
2010.02.26 07:42:02.395,1.6449,1.6453,1.60,1.60
2010.02.26 07:42:03.150,1.645,1.6453,1.00,1.60
2010.02.26 07:42:04.368,1.6451,1.64535,1.60,2.00
2010.02.26 07:42:04.709,1.6451,1.64535,1.60,1.00
2010.02.26 07:42:05.854,1.64505,1.64535,1.60,1.00
2010.02.26 07:42:06.611,1.6451,1.64535,1.60,1.00
2010.02.26 07:42:10.457,1.6451,1.6454,1.60,1.00
2010.02.26 07:42:11.482,1.64495,1.64535,4.80,1.00
2010.02.26 07:42:11.633,1.64495,1.64525,4.80,1.00
2010.02.26 07:42:12.056,1.64495,1.64525,1.60,1.00
2010.02.26 07:42:16.490,1.64495,1.6452,1.60,1.00
2010.02.26 07:42:17.480,1.6449,1.64525,1.60,5.60
2010.02.26 07:42:17.797,1.64495,1.64525,1.60,4.00
2010.02.26 07:42:18.555,1.645,1.6452,1.60,1.00
2010.02.26 07:42:18.914,1.64495,1.64525,1.60,1.00
2010.02.26 07:42:19.941,1.64495,1.6453,1.60,7.20
2010.02.26 07:42:20.302,1.64495,1.64525,1.60,1.00
2010.02.26 07:42:23.612,1.6449,1.6452,1.60,1.00
2010.02.26 07:42:24.759,1.64495,1.6453,1.60,5.60
2010.02.26 07:42:25.036,1.645,1.6453,1.60,4.00
2010.02.26 07:42:28.301,1.64495,1.6452,1.60,1.00
2010.02.26 07:42:30.563,1.6449,1.6452,1.60,4.00
2010.02.26 07:42:31.929,1.6449,1.6452,1.60,2.00
2010.02.26 07:42:32.122,1.64485,1.6452,1.70,1.00
2010.02.26 07:42:42.477,1.6449,1.64525,1.60,7.20
2010.02.26 07:42:42.645,1.6449,1.64525,1.60,5.20
2010.02.26 07:42:42.814,1.6449,1.64525,1.60,3.20
2010.02.26 07:42:44.460,1.64495,1.6452,1.60,1.00
2010.02.26 07:42:44.618,1.6449,1.6452,1.60,1.00
2010.02.26 07:42:45.358,1.6449,1.6452,1.60,1.00
2010.02.26 07:42:45.708,1.6449,1.64525,1.60,3.20
2010.02.26 07:42:46.049,1.6449,1.6452,1.60,1.00
2010.02.26 07:42:46.397,1.6449,1.64525,1.60,4.40
2010.02.26 07:42:48.017,1.6449,1.64525,1.60,6.40
2010.02.26 07:42:49.709,1.645,1.64525,1.00,2.00
2010.02.26 07:42:50.063,1.64505,1.6453,1.60,1.60
2010.02.26 07:42:51.364,1.64495,1.64515,1.60,4.80
2010.02.26 07:42:52.275,1.64495,1.64525,1.60,1.00
2010.02.26 07:42:52.530,1.6449,1.64525,1.60,2.50
2010.02.26 07:42:53.379,1.6449,1.64525,1.60,2.40
2010.02.26 07:42:53.626,1.6449,1.64525,1.60,2.40
2010.02.26 07:42:55.066,1.6449,1.6452,1.60,1.00
2010.02.26 07:42:57.385,1.64495,1.64525,1.60,1.00
2010.02.26 07:42:57.713,1.645,1.6453,1.60,1.00
2010.02.26 07:42:59.814,1.64495,1.6453,1.60,1.60
2010.02.26 07:43:00.125,1.64495,1.64525,1.60,1.00
2010.02.26 07:43:03.497,1.64495,1.6452,1.60,1.00
2010.02.26 07:43:04.764,1.64495,1.6453,1.60,5.20
2010.02.26 07:43:05.451,1.645,1.6453,1.60,4.00
2010.02.26 07:43:05.617,1.645,1.6453,1.60,1.00
2010.02.26 07:43:07.189,1.64495,1.64525,1.60,1.00
2010.02.26 07:43:13.222,1.645,1.64525,1.60,1.00
2010.02.26 07:43:13.948,1.64495,1.64525,1.60,1.00
2010.02.26 07:43:14.200,1.64495,1.64525,2.40,1.00
2010.02.26 07:43:15.054,1.645,1.64525,1.60,1.00
2010.02.26 07:43:15.406,1.64495,1.6453,1.60,1.70
2010.02.26 07:43:16.674,1.645,1.6453,1.60,1.00
2010.02.26 07:43:20.556,1.6449,1.6452,1.60,5.60
2010.02.26 07:43:21.511,1.64495,1.6452,1.60,3.60
2010.02.26 07:43:21.756,1.64495,1.6452,1.60,1.00
2010.02.26 07:43:22.339,1.64495,1.64525,1.60,3.60
2010.02.26 07:43:23.371,1.64495,1.6452,1.60,1.00
2010.02.26 07:43:23.525,1.6449,1.6452,1.60,1.00
2010.02.26 07:43:23.686,1.6449,1.6452,1.60,2.00
2010.02.26 07:43:24.418,1.64495,1.6452,1.60,2.00
2010.02.26 07:43:24.785,1.64495,1.64525,1.60,3.60
2010.02.26 07:43:26.489,1.6449,1.64515,1.60,1.00
2010.02.26 07:43:26.740,1.6449,1.6452,1.60,4.40
2010.02.26 07:43:28.188,1.6449,1.6452,1.60,6.40
2010.02.26 07:43:31.759,1.6449,1.6452,1.60,6.00
2010.02.26 07:43:32.101,1.6449,1.6452,1.60,5.60
2010.02.26 07:43:33.431,1.6449,1.6452,1.60,5.60
2010.02.26 07:43:33.692,1.64485,1.6451,1.60,1.00
2010.02.26 07:43:34.346,1.64485,1.6451,1.60,2.00
2010.02.26 07:43:34.589,1.6449,1.64525,1.60,3.60
2010.02.26 07:43:34.937,1.6449,1.6452,1.60,1.00
2010.02.26 07:43:36.115,1.6449,1.64525,1.60,1.00
2010.02.26 07:43:37.365,1.645,1.64525,1.60,1.00
2010.02.26 07:43:41.617,1.64495,1.64525,4.80,1.00
2010.02.26 07:43:41.723,1.64495,1.64525,1.60,1.00
2010.02.26 07:43:49.932,1.6449,1.6452,6.80,1.00
2010.02.26 07:43:50.263,1.6449,1.6452,4.80,1.00
2010.02.26 07:43:51.005,1.645,1.64525,1.60,1.00
2010.02.26 07:43:57.540,1.64505,1.64525,1.60,1.00
2010.02.26 07:44:13.644,1.6451,1.6453,1.60,1.00
2010.02.26 07:44:14.648,1.6452,1.6454,1.60,1.00
2010.02.26 07:44:14.865,1.6451,1.64535,1.60,2.00
2010.02.26 07:44:15.605,1.6451,1.64535,1.60,1.00
2010.02.26 07:44:16.261,1.645,1.64535,1.60,1.00
2010.02.26 07:44:17.583,1.6451,1.6455,1.60,4.00
2010.02.26 07:44:17.808,1.6451,1.6455,1.60,2.00
2010.02.26 07:44:18.661,1.6451,1.6455,1.60,1.00
2010.02.26 07:44:18.920,1.6451,1.64555,1.60,7.20
2010.02.26 07:44:19.726,1.6451,1.64555,3.20,3.60
2010.02.26 07:44:22.276,1.64515,1.6455,1.60,3.60
2010.02.26 07:44:22.506,1.64515,1.64555,1.60,7.20
2010.02.26 07:44:23.397,1.64515,1.6455,1.00,2.00
2010.02.26 07:44:25.382,1.64515,1.6455,1.00,4.00
2010.02.26 07:44:27.998,1.64515,1.6455,1.60,2.00
2010.02.26 07:44:31.064,1.64515,1.6455,1.60,3.60
2010.02.26 07:44:31.332,1.64515,1.6455,1.60,5.20
2010.02.26 07:44:31.683,1.64515,1.6455,1.60,7.20
2010.02.26 07:44:32.529,1.64525,1.64555,1.60,5.60
2010.02.26 07:44:32.855,1.64525,1.6455,1.60,1.00
2010.02.26 07:44:33.026,1.64525,1.6455,1.60,1.60
2010.02.26 07:44:33.194,1.64515,1.6455,1.60,3.20
2010.02.26 07:44:34.473,1.64515,1.6455,1.60,7.20
2010.02.26 07:44:35.460,1.64515,1.6455,1.60,5.20
2010.02.26 07:44:37.067,1.6452,1.6455,1.60,1.60
2010.02.26 07:44:37.227,1.6452,1.6455,1.60,3.60
2010.02.26 07:44:37.896,1.64525,1.6455,1.60,1.60
2010.02.26 07:44:38.045,1.6453,1.6456,1.60,2.00
2010.02.26 07:44:38.396,1.6453,1.64565,1.60,5.60
2010.02.26 07:44:39.303,1.6454,1.6457,1.60,3.60
2010.02.26 07:44:39.875,1.6452,1.64555,1.60,1.60
2010.02.26 07:44:40.814,1.6453,1.6457,1.70,5.60
2010.02.26 07:44:41.049,1.6453,1.6457,1.60,5.60
2010.02.26 07:44:42.354,1.6454,1.6457,1.60,1.00
2010.02.26 07:44:46.358,1.6453,1.64565,1.60,1.60
2010.02.26 07:44:47.092,1.6453,1.64565,1.60,3.60
2010.02.26 07:44:47.445,1.6454,1.6457,1.00,7.20
2010.02.26 07:44:47.716,1.64545,1.6457,1.60,4.00
2010.02.26 07:44:47.984,1.64545,1.64575,1.60,3.60
2010.02.26 07:44:48.934,1.6454,1.64575,1.00,5.60
2010.02.26 07:44:50.534,1.6454,1.6457,1.00,1.60
2010.02.26 07:44:50.872,1.6454,1.64575,1.60,8.00
2010.02.26 07:44:51.830,1.6455,1.6458,1.60,2.00
2010.02.26 07:44:52.913,1.64545,1.64575,1.60,1.60
2010.02.26 07:44:53.285,1.6454,1.64575,1.00,3.20
2010.02.26 07:44:54.267,1.6454,1.64575,1.00,7.20
2010.02.26 07:44:55.083,1.6454,1.64575,1.00,5.20
2010.02.26 07:44:56.070,1.6454,1.64575,1.60,7.20
2010.02.26 07:45:00.901,1.64545,1.64575,1.60,1.60
2010.02.26 07:45:01.146,1.64545,1.6458,1.60,5.60
2010.02.26 07:45:03.457,1.6456,1.6458,1.00,5.60
2010.02.26 07:45:03.660,1.64565,1.6458,1.60,1.60
2010.02.26 07:45:04.402,1.6457,1.6458,1.60,1.60
2010.02.26 07:45:04.622,1.6456,1.6459,1.60,4.00
2010.02.26 07:45:05.969,1.6455,1.6458,1.60,1.00
2010.02.26 07:45:06.236,1.6455,1.6458,1.60,5.60
2010.02.26 07:45:07.216,1.6455,1.64575,1.60,2.00
2010.02.26 07:45:09.343,1.6455,1.6458,1.60,3.60
2010.02.26 07:45:10.810,1.6455,1.6458,1.60,5.60
2010.02.26 07:45:11.123,1.64555,1.6458,1.60,2.00
2010.02.26 07:45:11.884,1.64555,1.6458,1.60,1.00
2010.02.26 07:45:13.383,1.64555,1.64585,1.60,3.60
2010.02.26 07:45:13.667,1.64555,1.6458,1.60,1.00
2010.02.26 07:45:13.958,1.64555,1.64585,1.60,3.60
2010.02.26 07:45:16.953,1.64555,1.64585,1.60,1.60
2010.02.26 07:45:19.273,1.64555,1.6459,1.60,7.20
2010.02.26 07:45:21.583,1.6456,1.6459,1.60,5.60
2010.02.26 07:45:22.540,1.64555,1.6459,2.50,1.60
2010.02.26 07:45:22.787,1.6456,1.6459,1.60,3.60
2010.02.26 07:45:23.049,1.64565,1.64595,1.60,1.60
2010.02.26 07:45:24.182,1.64565,1.64595,1.60,5.60
2010.02.26 07:45:26.965,1.6456,1.64595,1.60,5.60
2010.02.26 07:45:27.240,1.6456,1.64595,1.60,1.60
2010.02.26 07:45:27.516,1.6456,1.64595,1.60,7.20
2010.02.26 07:45:28.930,1.6456,1.64595,1.60,8.00
2010.02.26 07:45:30.230,1.6456,1.64595,1.60,7.20
2010.02.26 07:45:30.724,1.6456,1.64595,1.60,8.00
2010.02.26 07:45:35.019,1.64565,1.64595,1.00,5.60
2010.02.26 07:45:35.174,1.6456,1.64595,1.60,3.60
2010.02.26 07:45:35.937,1.64565,1.64595,1.60,1.00
2010.02.26 07:45:36.310,1.6457,1.646,1.60,1.00
2010.02.26 07:45:38.620,1.6457,1.64595,1.60,1.00
2010.02.26 07:45:39.611,1.6457,1.646,1.60,2.00
2010.02.26 07:45:41.134,1.6456,1.64595,1.60,1.60
2010.02.26 07:45:42.552,1.6456,1.6459,1.00,1.60
2010.02.26 07:45:44.775,1.6456,1.64595,1.60,2.00
2010.02.26 07:45:47.597,1.6456,1.6459,1.60,1.00
2010.02.26 07:45:47.753,1.64555,1.6459,1.60,1.00
2010.02.26 07:45:48.110,1.64555,1.64595,1.70,3.60
2010.02.26 07:45:48.834,1.64565,1.6459,1.60,4.00
2010.02.26 07:45:49.108,1.6456,1.64585,1.60,1.00
2010.02.26 07:45:53.534,1.64555,1.64585,1.60,1.00
2010.02.26 07:45:53.734,1.6456,1.6458,1.60,1.00
2010.02.26 07:45:55.209,1.6455,1.64585,1.60,3.20
2010.02.26 07:45:56.004,1.6455,1.6458,1.60,1.00
2010.02.26 07:45:56.358,1.6455,1.6458,1.60,1.00
2010.02.26 07:45:56.707,1.6455,1.6458,1.60,1.00
2010.02.26 07:45:57.053,1.64555,1.6458,1.60,1.00
2010.02.26 07:45:58.032,1.64555,1.6458,1.00,6.40
2010.02.26 07:45:58.383,1.6456,1.6458,1.60,4.00
2010.02.26 07:45:58.742,1.6456,1.6458,1.60,1.00
2010.02.26 07:45:59.439,1.64555,1.6458,1.00,1.00
2010.02.26 07:45:59.654,1.6454,1.6457,1.00,1.60
2010.02.26 07:46:00.542,1.64545,1.64575,1.00,1.60
2010.02.26 07:46:01.312,1.64545,1.6458,1.00,3.20
2010.02.26 07:46:02.736,1.64545,1.6458,1.60,1.60
2010.02.26 07:46:03.466,1.64545,1.6458,1.60,3.20
2010.02.26 07:46:03.967,1.64545,1.6458,1.60,1.60
2010.02.26 07:46:08.339,1.64545,1.6458,1.60,1.00
2010.02.26 07:46:10.636,1.64545,1.64575,1.00,1.60
2010.02.26 07:46:13.840,1.64545,1.64575,1.00,3.20
2010.02.26 07:46:14.566,1.6454,1.64575,1.60,3.20
2010.02.26 07:46:15.387,1.6455,1.6458,1.60,2.70
2010.02.26 07:46:15.648,1.6455,1.6458,1.60,1.00
2010.02.26 07:46:17.278,1.64545,1.6458,1.60,1.60
2010.02.26 07:46:19.699,1.64545,1.6458,2.40,1.60
2010.02.26 07:46:19.791,1.6455,1.6458,1.60,1.00
2010.02.26 07:46:20.975,1.64555,1.64585,1.60,2.00
2010.02.26 07:46:21.267,1.64555,1.64585,1.60,1.60
2010.02.26 07:46:22.207,1.6455,1.6458,1.60,1.00
2010.02.26 07:46:22.568,1.64555,1.6458,1.60,1.00
2010.02.26 07:46:23.815,1.64555,1.64585,1.60,1.00
2010.02.26 07:46:26.406,1.6455,1.64585,2.40,1.60
2010.02.26 07:46:27.140,1.6456,1.64585,1.60,1.00
2010.02.26 07:46:30.887,1.64555,1.64585,1.60,1.00
2010.02.26 07:46:38.285,1.64565,1.6459,1.60,4.00
2010.02.26 07:46:38.904,1.64565,1.6459,1.60,1.00
2010.02.26 07:46:47.885,1.64555,1.64585,1.60,1.00
2010.02.26 07:46:52.467,1.64555,1.6459,1.60,5.20
2010.02.26 07:46:53.545,1.6455,1.6458,1.60,1.00
2010.02.26 07:46:53.799,1.64545,1.6458,1.60,1.60
2010.02.26 07:46:54.892,1.6455,1.6458,1.60,1.00
2010.02.26 07:46:56.166,1.64555,1.6458,1.60,1.00
2010.02.26 07:46:58.996,1.64555,1.64585,1.60,1.60
2010.02.26 07:46:59.957,1.6455,1.64585,1.60,1.60
2010.02.26 07:47:01.347,1.64545,1.6458,1.00,3.20
2010.02.26 07:47:01.703,1.64545,1.64575,1.00,1.60
2010.02.26 07:47:02.700,1.6454,1.6457,1.00,3.20
2010.02.26 07:47:03.065,1.64545,1.6457,1.00,1.60
2010.02.26 07:47:03.951,1.6454,1.64565,1.00,1.60
2010.02.26 07:47:04.534,1.64535,1.6457,1.60,1.60
2010.02.26 07:47:05.475,1.6454,1.64565,1.00,1.60
2010.02.26 07:47:07.657,1.64535,1.6457,1.60,1.60
2010.02.26 07:47:08.539,1.6454,1.6457,1.00,1.60
2010.02.26 07:47:08.894,1.6454,1.64575,1.60,1.60
2010.02.26 07:47:11.308,1.64545,1.6458,1.60,3.20
2010.02.26 07:47:11.503,1.64545,1.6458,1.60,1.60
2010.02.26 07:47:12.617,1.64545,1.64575,1.00,3.20
2010.02.26 07:47:12.963,1.64535,1.6457,1.60,1.60
2010.02.26 07:47:13.926,1.6454,1.6457,1.00,1.60
2010.02.26 07:47:18.736,1.64535,1.6457,1.60,1.60
2010.02.26 07:47:19.880,1.64525,1.6456,5.60,1.60
2010.02.26 07:47:20.165,1.64535,1.6456,1.00,1.60
2010.02.26 07:47:20.445,1.6454,1.6457,1.60,1.00
2010.02.26 07:47:21.346,1.64545,1.6457,1.60,1.00
2010.02.26 07:47:21.676,1.64535,1.6457,1.60,1.60
2010.02.26 07:47:23.396,1.64545,1.6458,1.60,3.60
2010.02.26 07:47:24.483,1.64545,1.64575,1.60,1.00
2010.02.26 07:47:25.850,1.6454,1.64575,1.60,1.00
2010.02.26 07:47:26.208,1.6454,1.64575,1.60,2.00
2010.02.26 07:47:27.102,1.6455,1.6458,1.60,1.00
2010.02.26 07:47:28.698,1.6454,1.64575,1.60,1.00
2010.02.26 07:47:30.039,1.6454,1.6458,1.70,7.30
2010.02.26 07:47:30.372,1.6455,1.6458,1.60,1.00
2010.02.26 07:47:33.845,1.64545,1.6458,1.60,1.60
2010.02.26 07:47:34.199,1.64545,1.6458,1.60,3.60
2010.02.26 07:47:37.235,1.64545,1.6458,1.60,1.60
2010.02.26 07:47:39.333,1.64545,1.6458,1.60,3.60
2010.02.26 07:47:39.564,1.64545,1.6458,1.60,3.60
2010.02.26 07:47:39.728,1.64545,1.6458,1.60,1.60
2010.02.26 07:47:41.351,1.64545,1.6458,1.60,1.60
2010.02.26 07:47:41.736,1.6454,1.6457,1.60,4.00
2010.02.26 07:47:42.833,1.6454,1.6457,1.00,5.60
2010.02.26 07:47:43.104,1.6454,1.64565,1.00,1.60
2010.02.26 07:47:43.796,1.6454,1.6457,1.00,5.60
2010.02.26 07:47:44.162,1.6454,1.64565,1.00,2.00
2010.02.26 07:47:45.181,1.6452,1.6454,1.00,1.00
2010.02.26 07:47:45.514,1.6446,1.64505,1.00,2.00
2010.02.26 07:47:46.260,1.6446,1.64495,1.00,2.00
2010.02.26 07:47:47.304,1.64465,1.64495,1.60,4.00
2010.02.26 07:47:47.653,1.6446,1.64495,1.60,1.60
2010.02.26 07:47:48.634,1.64475,1.6449,1.00,5.60
2010.02.26 07:47:48.969,1.64475,1.645,1.00,1.60
2010.02.26 07:47:49.957,1.6449,1.64515,1.60,1.00
2010.02.26 07:47:50.314,1.64505,1.64515,1.00,2.00
2010.02.26 07:47:51.554,1.64495,1.6452,1.00,2.00
2010.02.26 07:47:52.442,1.64495,1.6453,1.00,5.60
2010.02.26 07:47:52.805,1.6449,1.64525,1.60,5.60
2010.02.26 07:47:53.161,1.64495,1.6453,1.60,3.20
2010.02.26 07:47:54.110,1.645,1.6453,1.60,1.60
2010.02.26 07:47:54.475,1.64495,1.6453,1.60,7.20
2010.02.26 07:47:55.753,1.64495,1.64525,1.60,1.00
2010.02.26 07:47:57.015,1.6449,1.64525,1.60,7.20
2010.02.26 07:47:57.691,1.6448,1.6451,1.60,1.00
2010.02.26 07:47:57.931,1.64485,1.64515,1.00,2.00
2010.02.26 07:47:58.621,1.64485,1.64515,1.00,1.60
2010.02.26 07:47:58.849,1.64485,1.6451,1.00,1.60
2010.02.26 07:48:00.145,1.6449,1.6452,1.00,3.20
2010.02.26 07:48:00.340,1.6449,1.6452,1.00,2.40
2010.02.26 07:48:01.189,1.6449,1.6452,1.00,4.00
2010.02.26 07:48:03.185,1.6448,1.6451,1.00,4.40
2010.02.26 07:48:04.122,1.6448,1.64505,1.00,1.60
2010.02.26 07:48:05.329,1.6449,1.64505,1.00,1.60
2010.02.26 07:48:05.554,1.645,1.6452,1.00,2.40
2010.02.26 07:48:05.764,1.645,1.6452,1.00,1.60
2010.02.26 07:48:06.750,1.64495,1.64515,1.00,1.60
2010.02.26 07:48:07.112,1.64485,1.6451,1.00,1.60
2010.02.26 07:48:07.898,1.6449,1.6452,1.60,1.60
2010.02.26 07:48:08.256,1.64495,1.6452,1.00,1.60
2010.02.26 07:48:09.279,1.64495,1.64525,1.00,6.00
2010.02.26 07:48:10.094,1.64495,1.64525,1.00,4.00
2010.02.26 07:48:13.375,1.6449,1.64525,1.70,4.90
2010.02.26 07:48:13.703,1.6449,1.6452,1.00,5.20
2010.02.26 07:48:14.023,1.6448,1.64515,1.60,5.60
2010.02.26 07:48:14.802,1.64485,1.6451,1.60,1.00
2010.02.26 07:48:14.970,1.64475,1.64505,1.00,1.60
2010.02.26 07:48:16.177,1.6447,1.645,1.00,1.60
2010.02.26 07:48:16.538,1.64475,1.645,1.00,1.60
2010.02.26 07:48:17.517,1.64475,1.64505,1.00,3.20
2010.02.26 07:48:17.855,1.6448,1.64505,1.00,1.60
2010.02.26 07:48:18.101,1.64475,1.64505,1.00,4.00
2010.02.26 07:48:19.035,1.6448,1.6451,1.00,4.40
2010.02.26 07:48:19.291,1.6448,1.6451,1.00,3.20
2010.02.26 07:48:22.116,1.6448,1.64505,1.00,1.60
2010.02.26 07:48:22.608,1.64485,1.6451,1.00,1.60
2010.02.26 07:48:23.411,1.64485,1.64515,1.00,6.80
2010.02.26 07:48:23.654,1.6449,1.6452,1.00,7.20
2010.02.26 07:48:24.817,1.6449,1.6452,1.00,3.20
2010.02.26 07:48:25.901,1.64495,1.6452,1.00,3.20
2010.02.26 07:48:26.179,1.64495,1.64525,1.00,3.20
2010.02.26 07:48:27.322,1.64485,1.64515,1.00,1.60
2010.02.26 07:48:27.589,1.6449,1.6452,1.00,1.60
2010.02.26 07:48:28.966,1.6449,1.64525,1.00,3.20
2010.02.26 07:48:29.823,1.6449,1.64525,1.00,1.60
2010.02.26 07:48:30.022,1.6449,1.64525,1.60,1.60
2010.02.26 07:48:30.765,1.6449,1.64525,1.60,1.60
2010.02.26 07:48:31.802,1.645,1.64525,1.00,1.60
2010.02.26 07:48:32.091,1.645,1.6453,1.00,1.60
2010.02.26 07:48:34.492,1.64505,1.6454,1.60,1.60
2010.02.26 07:48:35.403,1.64505,1.64525,3.20,1.60
2010.02.26 07:48:35.631,1.64495,1.6453,4.00,2.40
2010.02.26 07:48:36.597,1.64505,1.64535,1.00,1.60
2010.02.26 07:48:37.806,1.645,1.64535,1.60,1.60
2010.02.26 07:48:39.112,1.64495,1.64535,2.00,1.60
2010.02.26 07:48:39.971,1.6449,1.64535,9.20,1.60
2010.02.26 07:48:40.302,1.6449,1.64535,1.00,5.20
2010.02.26 07:48:41.221,1.6449,1.6452,1.00,1.60
2010.02.26 07:48:41.568,1.64495,1.6453,1.00,3.20
2010.02.26 07:48:43.973,1.64495,1.6453,1.60,1.60
2010.02.26 07:48:45.609,1.64495,1.6453,3.60,1.60
2010.02.26 07:48:46.749,1.64495,1.6453,1.60,1.60
2010.02.26 07:48:47.905,1.64505,1.6453,1.00,1.60
2010.02.26 07:48:48.119,1.64505,1.64535,1.00,1.60
2010.02.26 07:48:53.206,1.6451,1.6454,1.00,1.60
2010.02.26 07:48:53.625,1.64505,1.6454,1.60,1.60
2010.02.26 07:48:53.977,1.64505,1.64535,1.00,1.60
2010.02.26 07:48:55.277,1.645,1.6453,1.00,1.60
2010.02.26 07:48:55.689,1.64505,1.64535,1.00,2.40
2010.02.26 07:48:56.365,1.64495,1.64525,4.00,1.60
2010.02.26 07:48:56.718,1.645,1.6453,1.00,1.60
2010.02.26 07:48:59.396,1.64505,1.64535,1.00,2.40
2010.02.26 07:48:59.625,1.645,1.6453,1.00,1.60
2010.02.26 07:49:01.947,1.645,1.64535,1.00,1.60
2010.02.26 07:49:03.467,1.64505,1.64535,1.00,1.60
2010.02.26 07:49:03.829,1.64505,1.64525,1.00,1.60
2010.02.26 07:49:04.800,1.64495,1.64525,1.00,1.60
2010.02.26 07:49:07.706,1.6449,1.64525,5.60,1.60
2010.02.26 07:49:08.056,1.64485,1.6452,3.20,1.60
2010.02.26 07:49:10.503,1.64485,1.6452,1.60,1.60
2010.02.26 07:49:13.373,1.64485,1.6452,1.60,1.60
2010.02.26 07:49:13.709,1.64495,1.64525,1.60,1.60
2010.02.26 07:49:14.001,1.64495,1.6453,1.60,3.20
2010.02.26 07:49:14.998,1.645,1.6453,1.60,1.60
2010.02.26 07:49:15.109,1.645,1.6453,1.60,1.60
2010.02.26 07:49:16.758,1.64495,1.6453,1.60,3.20
2010.02.26 07:49:17.110,1.64495,1.6452,1.00,1.60
2010.02.26 07:49:18.035,1.645,1.6452,1.00,1.60
2010.02.26 07:49:18.345,1.64495,1.6452,1.00,1.60
2010.02.26 07:49:20.587,1.645,1.6453,1.60,4.00
2010.02.26 07:49:21.402,1.645,1.6453,1.60,1.60
2010.02.26 07:49:23.212,1.64505,1.6453,1.60,1.60
2010.02.26 07:49:23.371,1.645,1.6453,1.00,3.20
2010.02.26 07:49:32.326,1.64505,1.6453,1.00,1.60
2010.02.26 07:49:32.495,1.645,1.6453,1.60,2.40
2010.02.26 07:49:32.664,1.64495,1.64525,1.00,3.20
2010.02.26 07:49:33.697,1.64495,1.6452,1.00,1.60
2010.02.26 07:49:36.640,1.6449,1.64515,1.00,1.60
2010.02.26 07:49:36.842,1.64495,1.64515,1.00,1.60
2010.02.26 07:49:37.041,1.6449,1.6452,1.00,1.60
2010.02.26 07:49:37.830,1.6449,1.64515,1.00,1.60
2010.02.26 07:49:41.713,1.645,1.64525,1.00,6.40
2010.02.26 07:49:41.881,1.645,1.64525,1.00,5.60
2010.02.26 07:49:42.890,1.645,1.64525,1.00,1.60
2010.02.26 07:49:44.282,1.64495,1.64525,1.00,1.60
2010.02.26 07:49:47.324,1.64495,1.6452,1.00,1.60
2010.02.26 07:49:48.658,1.645,1.6453,1.00,4.00
2010.02.26 07:49:48.977,1.645,1.6453,1.00,3.20
2010.02.26 07:49:49.908,1.645,1.64525,1.00,1.60
2010.02.26 07:50:00.399,1.64495,1.64525,1.00,1.60
2010.02.26 07:50:02.044,1.645,1.64525,1.00,1.60
2010.02.26 07:50:02.274,1.645,1.6453,1.00,7.20
2010.02.26 07:50:02.504,1.645,1.6453,1.00,3.20
2010.02.26 07:50:05.406,1.64495,1.64525,1.00,1.60
2010.02.26 07:50:05.729,1.645,1.6453,1.00,8.00
2010.02.26 07:50:06.541,1.645,1.6453,1.00,3.20
2010.02.26 07:50:06.901,1.64495,1.6453,1.60,3.30
2010.02.26 07:50:07.064,1.64495,1.64525,1.00,3.20
2010.02.26 07:50:07.694,1.6449,1.64525,1.70,3.20
2010.02.26 07:50:08.699,1.645,1.6453,1.00,8.00
2010.02.26 07:50:09.015,1.645,1.6453,1.00,3.20
2010.02.26 07:50:18.554,1.645,1.6453,1.00,4.80
2010.02.26 07:50:27.118,1.645,1.6452,1.00,1.60
2010.02.26 07:50:27.471,1.64505,1.64535,1.00,3.60
2010.02.26 07:50:28.385,1.6451,1.6453,1.00,2.00
2010.02.26 07:50:29.888,1.6451,1.64535,1.60,4.00
2010.02.26 07:50:30.206,1.6451,1.6454,1.60,4.00
2010.02.26 07:50:31.746,1.6451,1.64545,1.60,1.60
2010.02.26 07:50:34.164,1.6451,1.6454,1.00,1.60
2010.02.26 07:50:34.522,1.6451,1.64545,1.00,5.60
2010.02.26 07:50:35.668,1.64515,1.64545,1.00,1.60
2010.02.26 07:50:36.552,1.64515,1.64545,1.00,3.20
2010.02.26 07:50:36.908,1.6451,1.64545,1.60,3.20
2010.02.26 07:50:38.990,1.6451,1.64535,1.00,1.60
2010.02.26 07:50:39.254,1.64505,1.6453,1.00,1.60
2010.02.26 07:50:40.512,1.64505,1.64535,1.00,7.20
2010.02.26 07:50:40.816,1.64505,1.64535,1.00,3.60
2010.02.26 07:50:41.465,1.645,1.64535,1.60,3.70
2010.02.26 07:50:41.760,1.645,1.64535,1.60,3.60
2010.02.26 07:50:42.492,1.645,1.64535,1.60,1.60
2010.02.26 07:50:42.843,1.645,1.64535,1.60,3.60
2010.02.26 07:50:43.195,1.64505,1.6454,1.60,1.60
2010.02.26 07:50:43.944,1.645,1.6453,1.00,1.60
2010.02.26 07:50:44.247,1.64505,1.64525,1.00,1.60
2010.02.26 07:50:48.000,1.64495,1.64525,1.00,1.60
2010.02.26 07:50:48.780,1.6449,1.6452,1.00,1.60
2010.02.26 07:50:50.441,1.645,1.6452,1.00,1.60
2010.02.26 07:50:50.709,1.645,1.64525,1.00,1.00
2010.02.26 07:50:51.732,1.645,1.64525,1.00,1.60
2010.02.26 07:50:53.688,1.6448,1.64505,1.00,1.60
2010.02.26 07:50:55.593,1.6448,1.64515,1.60,4.00
2010.02.26 07:50:55.739,1.6448,1.6451,1.60,1.60
2010.02.26 07:50:56.648,1.6448,1.64515,1.60,1.60
2010.02.26 07:50:57.702,1.64475,1.64505,1.00,1.60
2010.02.26 07:50:58.741,1.64485,1.64515,1.00,1.60
2010.02.26 07:50:59.066,1.6448,1.6451,1.00,1.60
2010.02.26 07:51:00.177,1.64475,1.6451,1.00,1.60
2010.02.26 07:51:00.352,1.6448,1.64505,1.00,1.60
2010.02.26 07:51:00.519,1.6448,1.6451,1.00,1.60
2010.02.26 07:51:03.876,1.64485,1.6451,1.00,1.60
2010.02.26 07:51:04.222,1.6448,1.6451,1.00,1.60
2010.02.26 07:51:05.105,1.64485,1.64515,1.00,2.40
2010.02.26 07:51:05.184,1.6448,1.6451,1.00,1.60
2010.02.26 07:51:05.399,1.64485,1.6451,1.00,1.60
2010.02.26 07:51:05.477,1.6448,1.6451,1.00,1.60
2010.02.26 07:51:17.903,1.6448,1.64505,1.60,2.00
2010.02.26 07:51:18.237,1.64475,1.64505,1.00,1.60
2010.02.26 07:51:24.977,1.64475,1.645,1.00,1.60
2010.02.26 07:51:26.774,1.6448,1.64505,1.00,1.60
2010.02.26 07:51:27.236,1.64485,1.6451,1.00,1.60
2010.02.26 07:51:27.926,1.64485,1.64515,1.00,1.60
2010.02.26 07:51:28.277,1.6448,1.6451,1.00,1.60
2010.02.26 07:51:30.241,1.64475,1.6451,1.60,1.60
2010.02.26 07:51:30.618,1.6448,1.64515,1.60,1.60
2010.02.26 07:51:41.369,1.64495,1.64515,1.00,1.60
2010.02.26 07:51:42.453,1.64485,1.6452,1.60,1.60
2010.02.26 07:51:50.245,1.6449,1.6452,1.00,1.60
2010.02.26 07:51:50.404,1.6449,1.64525,1.00,3.20
2010.02.26 07:51:50.484,1.6449,1.64525,1.00,5.20
2010.02.26 07:51:51.109,1.6449,1.64525,1.00,3.20
2010.02.26 07:51:51.198,1.6449,1.64525,1.00,5.20
2010.02.26 07:51:52.613,1.64485,1.6452,1.60,1.60
2010.02.26 07:52:09.018,1.64485,1.64515,1.60,1.00
2010.02.26 07:52:09.741,1.64485,1.64515,1.60,1.00
2010.02.26 07:52:09.995,1.6448,1.6451,1.00,1.60
2010.02.26 07:52:11.789,1.6449,1.64515,1.60,1.00
2010.02.26 07:52:11.959,1.6449,1.6452,1.60,2.80
2010.02.26 07:52:12.757,1.6449,1.64525,1.60,1.60
2010.02.26 07:52:13.456,1.6449,1.6452,1.60,1.00
2010.02.26 07:52:14.236,1.64485,1.6452,1.60,1.60
2010.02.26 07:52:17.527,1.64485,1.64515,1.60,4.00
2010.02.26 07:52:19.116,1.64485,1.64515,1.60,4.00
2010.02.26 07:52:20.005,1.6448,1.6451,1.60,2.00
2010.02.26 07:52:20.169,1.6448,1.6451,1.60,4.00
2010.02.26 07:52:21.310,1.64485,1.6451,1.60,2.00
2010.02.26 07:52:22.574,1.645,1.64545,1.60,1.60
2010.02.26 07:52:24.578,1.64495,1.6453,3.20,1.60
2010.02.26 07:52:25.357,1.64495,1.6453,1.60,1.60
2010.02.26 07:52:25.506,1.6449,1.64525,1.60,1.60
2010.02.26 07:52:26.416,1.64485,1.64525,3.20,1.60
2010.02.26 07:52:29.588,1.64485,1.64515,1.60,1.60
2010.02.26 07:52:34.341,1.64485,1.64515,1.60,1.60
2010.02.26 07:52:34.524,1.64485,1.6452,3.20,1.60
2010.02.26 07:52:35.644,1.645,1.6452,1.00,1.60
2010.02.26 07:52:36.521,1.645,1.64525,1.00,1.60
2010.02.26 07:52:36.798,1.645,1.6453,1.00,1.60
2010.02.26 07:52:40.428,1.64515,1.6455,1.60,1.60
2010.02.26 07:52:40.514,1.6452,1.6455,1.00,1.60
2010.02.26 07:52:40.698,1.6452,1.64555,1.60,1.60
2010.02.26 07:52:41.407,1.6452,1.64545,2.20,1.00
2010.02.26 07:52:41.766,1.6451,1.6454,1.60,1.00
2010.02.26 07:52:42.120,1.64505,1.6454,1.60,1.60
2010.02.26 07:52:42.789,1.64505,1.6455,1.60,1.60
2010.02.26 07:52:43.136,1.64515,1.6455,1.00,1.60
2010.02.26 07:52:43.484,1.64515,1.6455,1.60,1.60
2010.02.26 07:52:43.832,1.64515,1.64545,1.60,1.00
2010.02.26 07:52:44.947,1.6451,1.64545,1.00,1.60
2010.02.26 07:52:45.017,1.64505,1.64545,1.60,1.60
2010.02.26 07:52:45.866,1.64505,1.64545,3.20,1.60
2010.02.26 07:52:46.215,1.645,1.64535,4.80,1.60
2010.02.26 07:52:47.244,1.645,1.64535,1.60,1.60
2010.02.26 07:52:47.612,1.64505,1.64535,1.00,1.60
2010.02.26 07:52:47.802,1.64505,1.6454,1.60,5.60
2010.02.26 07:52:47.992,1.64505,1.64535,1.60,2.00
2010.02.26 07:52:49.178,1.64505,1.6454,1.60,1.60
2010.02.26 07:52:53.369,1.6451,1.6454,1.00,1.60
2010.02.26 07:52:56.003,1.64505,1.6454,1.60,1.60
2010.02.26 07:52:57.008,1.64515,1.64545,1.60,1.60
2010.02.26 07:53:02.247,1.64515,1.64545,1.00,3.20
2010.02.26 07:53:02.435,1.64515,1.64545,1.00,1.60
2010.02.26 07:53:03.571,1.64515,1.64545,1.00,3.20
2010.02.26 07:53:08.275,1.6451,1.64545,1.60,3.20
2010.02.26 07:53:09.058,1.645,1.6453,1.00,1.60
2010.02.26 07:53:09.358,1.64505,1.6453,1.00,1.60
2010.02.26 07:53:09.508,1.64505,1.64535,1.00,2.80
2010.02.26 07:53:09.796,1.64505,1.64535,1.00,1.60
2010.02.26 07:53:11.304,1.64505,1.6453,1.00,1.60
2010.02.26 07:53:14.233,1.645,1.6453,1.00,1.60
2010.02.26 07:53:14.446,1.645,1.64535,1.60,1.60
2010.02.26 07:53:16.362,1.64505,1.64535,1.00,1.60
2010.02.26 07:53:16.554,1.64505,1.64535,1.60,4.00
2010.02.26 07:53:17.265,1.64505,1.6454,1.60,3.60
2010.02.26 07:53:18.363,1.64505,1.64535,1.60,4.00
2010.02.26 07:53:21.001,1.64505,1.64535,1.60,2.00
2010.02.26 07:53:21.161,1.64505,1.6454,1.60,5.60
2010.02.26 07:53:27.425,1.6451,1.6454,1.60,1.60
2010.02.26 07:53:28.318,1.64505,1.6454,1.60,6.80
2010.02.26 07:53:28.664,1.645,1.64535,1.60,3.60
2010.02.26 07:53:29.665,1.645,1.64535,1.60,1.60
2010.02.26 07:53:36.560,1.645,1.64535,1.60,3.60
2010.02.26 07:53:41.086,1.645,1.64535,1.60,6.00
2010.02.26 07:53:41.946,1.645,1.64535,1.60,3.60
2010.02.26 07:53:42.208,1.64505,1.6454,1.60,1.60
2010.02.26 07:53:44.610,1.64515,1.6454,1.00,1.60
2010.02.26 07:53:44.963,1.64515,1.64545,1.00,3.20
2010.02.26 07:53:47.581,1.6451,1.64545,1.60,3.20
2010.02.26 07:53:48.220,1.6451,1.6454,1.60,1.00
2010.02.26 07:53:48.428,1.6451,1.6454,1.00,3.60
2010.02.26 07:53:48.630,1.64505,1.6454,1.60,3.60
2010.02.26 07:53:49.750,1.64505,1.6454,1.60,1.60
2010.02.26 07:53:50.098,1.6451,1.6454,1.00,1.60
2010.02.26 07:53:51.121,1.64505,1.6454,1.60,1.60
2010.02.26 07:53:56.901,1.64505,1.6454,1.60,3.60
2010.02.26 07:53:58.396,1.64505,1.64535,1.60,1.00
2010.02.26 07:53:58.476,1.645,1.64535,1.60,1.60
2010.02.26 07:53:59.588,1.645,1.64525,1.60,1.00
2010.02.26 07:53:59.941,1.645,1.64515,1.00,1.60
2010.02.26 07:54:00.288,1.645,1.6453,1.00,1.60
2010.02.26 07:54:01.227,1.645,1.64535,1.60,1.60
2010.02.26 07:54:02.447,1.645,1.64535,1.60,2.40
2010.02.26 07:54:03.184,1.645,1.6453,1.00,1.60
2010.02.26 07:54:03.394,1.645,1.64535,1.60,1.60
2010.02.26 07:54:03.756,1.64495,1.6453,1.60,1.60
2010.02.26 07:54:04.755,1.645,1.6453,1.00,1.60
2010.02.26 07:54:06.752,1.64495,1.6453,1.60,1.60
2010.02.26 07:54:26.937,1.645,1.64535,1.60,1.60
2010.02.26 07:54:29.524,1.645,1.64535,1.60,1.00
2010.02.26 07:54:35.649,1.645,1.64535,1.60,1.00
2010.02.26 07:54:35.979,1.645,1.6453,1.00,1.60
2010.02.26 07:54:36.081,1.64495,1.6453,1.60,1.60
2010.02.26 07:54:36.971,1.645,1.64535,1.60,1.00
2010.02.26 07:54:38.299,1.6451,1.6454,1.60,1.00
2010.02.26 07:54:40.505,1.6451,1.64545,1.60,4.00
2010.02.26 07:54:40.651,1.64505,1.6454,1.60,1.60
2010.02.26 07:54:41.388,1.6451,1.64545,1.60,6.00
2010.02.26 07:54:41.707,1.6451,1.64545,1.60,8.00
2010.02.26 07:54:42.525,1.6451,1.64545,1.60,3.20
2010.02.26 07:54:43.961,1.64515,1.6455,1.60,6.40
2010.02.26 07:54:44.147,1.64515,1.6455,1.60,5.60
2010.02.26 07:54:44.337,1.64515,1.6455,1.60,1.60
2010.02.26 07:54:45.280,1.64505,1.64535,5.60,1.60
2010.02.26 07:54:45.591,1.645,1.6453,1.60,1.00
2010.02.26 07:54:46.525,1.6449,1.64525,3.60,1.60
2010.02.26 07:54:46.755,1.645,1.6453,1.60,2.00
2010.02.26 07:54:47.605,1.645,1.6453,1.60,3.60
2010.02.26 07:54:47.953,1.645,1.64535,1.00,6.00
2010.02.26 07:54:49.463,1.645,1.64535,1.60,6.00
2010.02.26 07:54:50.593,1.645,1.6453,1.60,1.00
2010.02.26 07:54:50.866,1.64505,1.64535,1.60,1.60
2010.02.26 07:54:51.159,1.64505,1.64535,1.60,1.00
2010.02.26 07:54:53.714,1.6451,1.6454,1.60,1.00
2010.02.26 07:54:56.567,1.6451,1.64545,1.60,1.60
2010.02.26 07:54:58.641,1.64505,1.64535,1.00,1.60
2010.02.26 07:54:58.786,1.645,1.64535,1.60,1.60
2010.02.26 07:55:02.716,1.645,1.64525,1.60,1.00
2010.02.26 07:55:02.999,1.6449,1.64525,5.60,1.60
2010.02.26 07:55:03.331,1.645,1.6453,1.00,1.60
2010.02.26 07:55:09.600,1.64495,1.6453,1.60,1.60
2010.02.26 07:55:29.355,1.64505,1.6454,2.40,1.60
2010.02.26 07:55:29.421,1.645,1.6453,1.00,1.60
2010.02.26 07:55:30.840,1.645,1.6453,1.00,3.60
2010.02.26 07:55:31.719,1.645,1.6453,1.00,1.60
2010.02.26 07:55:32.626,1.645,1.64535,1.60,2.40
2010.02.26 07:55:32.840,1.645,1.64535,1.60,1.60
2010.02.26 07:55:33.810,1.64515,1.64545,1.00,5.60
2010.02.26 07:55:34.022,1.64515,1.64545,1.00,1.60
2010.02.26 07:55:35.419,1.64515,1.6455,1.60,5.20
2010.02.26 07:55:35.733,1.64515,1.6455,1.60,7.20
2010.02.26 07:55:36.794,1.64515,1.6455,1.60,5.20
2010.02.26 07:55:37.025,1.64515,1.6455,1.60,7.20
2010.02.26 07:55:38.735,1.64515,1.64545,1.00,1.60
2010.02.26 07:55:39.924,1.6451,1.64545,1.60,1.60
2010.02.26 07:55:41.523,1.6451,1.64545,1.60,3.60
2010.02.26 07:55:41.823,1.6451,1.64545,1.60,5.60
2010.02.26 07:55:47.229,1.6451,1.6454,1.60,1.00
2010.02.26 07:55:48.104,1.6451,1.64545,1.60,5.60
2010.02.26 07:55:48.364,1.6451,1.6454,1.60,1.00
2010.02.26 07:55:50.419,1.64505,1.6454,1.60,1.60
2010.02.26 07:55:50.579,1.6451,1.64535,1.60,1.00
2010.02.26 07:55:51.262,1.64505,1.64535,1.60,1.00
2010.02.26 07:55:54.615,1.6451,1.6454,1.60,1.00
2010.02.26 07:55:56.077,1.6452,1.6455,1.60,5.60
2010.02.26 07:55:56.437,1.6452,1.6455,1.60,3.60
2010.02.26 07:55:56.775,1.6452,1.6455,1.60,3.60
2010.02.26 07:55:57.759,1.64515,1.6455,1.60,5.20
2010.02.26 07:55:59.976,1.64515,1.6455,1.60,3.60
2010.02.26 07:56:05.063,1.6452,1.6455,1.00,3.60
2010.02.26 07:56:05.812,1.6452,1.6455,1.00,1.60
2010.02.26 07:56:07.581,1.64525,1.64555,1.60,8.40
2010.02.26 07:56:07.748,1.64525,1.64555,1.60,6.40
2010.02.26 07:56:09.684,1.64525,1.64555,2.40,1.00
2010.02.26 07:56:09.930,1.6453,1.6456,1.60,4.00
2010.02.26 07:56:10.908,1.64535,1.6457,1.60,6.80
2010.02.26 07:56:11.830,1.64535,1.64565,1.60,1.00
2010.02.26 07:56:12.121,1.64535,1.6457,1.60,6.80
2010.02.26 07:56:14.330,1.64525,1.64555,1.60,1.00
2010.02.26 07:56:14.568,1.64515,1.6455,1.60,1.60
2010.02.26 07:56:15.513,1.64515,1.6454,1.60,2.00
2010.02.26 07:56:16.867,1.64515,1.64545,1.60,4.00
2010.02.26 07:56:17.153,1.6452,1.64545,1.00,4.00
2010.02.26 07:56:18.112,1.6454,1.6455,1.60,4.00
2010.02.26 07:56:18.872,1.6454,1.6456,1.60,4.00
2010.02.26 07:56:19.227,1.6453,1.6456,1.60,4.00
2010.02.26 07:56:20.227,1.6454,1.6456,1.60,4.00
2010.02.26 07:56:20.523,1.64535,1.64565,1.60,2.00
2010.02.26 07:56:21.466,1.64535,1.64545,1.60,4.00
2010.02.26 07:56:21.704,1.64525,1.64545,1.00,4.00
2010.02.26 07:56:22.473,1.6452,1.64545,1.60,2.00
2010.02.26 07:56:22.709,1.64515,1.64545,3.20,4.00
2010.02.26 07:56:23.412,1.64515,1.6454,1.60,1.60
2010.02.26 07:56:24.090,1.64505,1.6453,1.60,1.60
2010.02.26 07:56:24.422,1.6452,1.6457,1.60,4.00
2010.02.26 07:56:25.327,1.6452,1.6457,1.60,2.00
2010.02.26 07:56:25.599,1.6453,1.64555,1.60,1.00
2010.02.26 07:56:26.336,1.6452,1.64545,4.00,1.60
2010.02.26 07:56:26.701,1.64515,1.64545,1.00,2.40
2010.02.26 07:56:27.717,1.64515,1.64545,1.00,4.00
2010.02.26 07:56:27.993,1.64515,1.64545,1.60,1.00
2010.02.26 07:56:29.207,1.64515,1.64545,1.60,2.00
2010.02.26 07:56:29.562,1.64515,1.6455,1.60,9.60
2010.02.26 07:56:33.482,1.64515,1.64545,1.60,1.00
2010.02.26 07:56:34.407,1.6451,1.64535,1.60,8.00
2010.02.26 07:56:34.574,1.64505,1.6453,1.00,1.00
2010.02.26 07:56:34.743,1.64495,1.6452,1.60,1.00
2010.02.26 07:56:35.671,1.64495,1.64525,1.60,2.40
2010.02.26 07:56:38.189,1.645,1.64525,1.00,2.40
2010.02.26 07:56:38.385,1.645,1.64525,1.60,1.00
2010.02.26 07:56:38.578,1.645,1.64525,1.00,3.60
2010.02.26 07:56:39.423,1.64495,1.6452,2.50,1.60
2010.02.26 07:56:39.779,1.64495,1.6452,1.00,6.40
2010.02.26 07:56:40.055,1.64495,1.6452,1.00,5.60
2010.02.26 07:56:41.084,1.6449,1.64515,1.00,4.00
2010.02.26 07:56:41.487,1.6449,1.64515,1.00,4.80
2010.02.26 07:56:42.146,1.6449,1.64505,1.00,1.60
2010.02.26 07:56:42.428,1.6449,1.64515,1.00,2.80
2010.02.26 07:56:42.706,1.6449,1.64515,1.00,4.80
2010.02.26 07:56:43.942,1.6449,1.64515,1.60,4.00
2010.02.26 07:56:44.309,1.6449,1.64515,1.00,4.00
2010.02.26 07:56:45.354,1.64485,1.64515,1.60,4.00
2010.02.26 07:56:45.522,1.64485,1.64515,1.00,3.60
2010.02.26 07:56:45.845,1.64485,1.64515,1.00,1.60
2010.02.26 07:56:47.405,1.64485,1.64525,1.60,8.70
2010.02.26 07:56:49.103,1.64495,1.64515,1.60,1.00
2010.02.26 07:56:49.851,1.6449,1.64515,2.40,1.00
2010.02.26 07:56:50.011,1.6447,1.645,2.50,1.60
2010.02.26 07:56:50.979,1.64465,1.645,1.60,7.20
2010.02.26 07:56:51.145,1.64465,1.64495,1.60,2.00
2010.02.26 07:56:52.716,1.64465,1.645,1.60,3.60
2010.02.26 07:56:53.303,1.64465,1.645,1.60,3.20
2010.02.26 07:56:55.206,1.6447,1.64505,1.60,3.20
2010.02.26 07:56:55.844,1.64475,1.64505,1.60,1.00
2010.02.26 07:56:56.649,1.64475,1.6451,1.60,3.20
2010.02.26 07:56:56.895,1.64475,1.6451,1.60,4.80
2010.02.26 07:56:57.523,1.64475,1.6451,1.60,3.20
2010.02.26 07:56:57.886,1.6448,1.64515,1.60,3.20
2010.02.26 07:56:59.076,1.6448,1.64515,1.60,3.20
2010.02.26 07:57:00.846,1.64485,1.64515,1.60,1.60
2010.02.26 07:57:01.082,1.64485,1.6451,1.60,1.00
2010.02.26 07:57:01.322,1.64475,1.64505,2.20,1.00
2010.02.26 07:57:02.064,1.64475,1.64505,1.60,1.00
2010.02.26 07:57:06.328,1.6448,1.6451,1.60,1.00
2010.02.26 07:57:07.754,1.64485,1.6451,1.60,1.00
2010.02.26 07:57:08.014,1.64485,1.64515,1.60,1.00
2010.02.26 07:57:09.091,1.64485,1.6452,1.60,3.20
2010.02.26 07:57:16.000,1.6448,1.64515,2.40,3.20
2010.02.26 07:57:16.052,1.64485,1.64515,1.00,3.20
2010.02.26 07:57:16.105,1.64485,1.64515,1.00,1.60
2010.02.26 07:57:16.187,1.64485,1.6452,2.00,3.20
2010.02.26 07:57:19.158,1.64485,1.6451,2.00,1.00
2010.02.26 07:57:19.412,1.6449,1.6452,1.60,1.00
2010.02.26 07:57:19.585,1.6449,1.6451,1.60,1.00
2010.02.26 07:57:20.333,1.64485,1.6451,1.00,1.00
2010.02.26 07:57:23.078,1.64485,1.64515,1.00,1.60
2010.02.26 07:57:23.929,1.64485,1.6451,1.00,1.00
2010.02.26 07:57:27.541,1.64485,1.64515,1.00,1.60
2010.02.26 07:57:27.743,1.64485,1.6452,2.00,1.60
2010.02.26 07:57:30.216,1.64485,1.6452,2.00,3.20
2010.02.26 07:57:33.065,1.6449,1.6452,1.00,3.20
2010.02.26 07:57:33.243,1.6449,1.6452,1.00,1.60
2010.02.26 07:57:38.371,1.645,1.64525,1.00,3.20
2010.02.26 07:57:38.524,1.645,1.64525,1.00,1.60
2010.02.26 07:57:40.473,1.645,1.64535,2.00,5.20
2010.02.26 07:57:41.141,1.645,1.64535,2.00,3.20
2010.02.26 07:57:41.433,1.6451,1.64535,1.60,1.60
2010.02.26 07:57:41.784,1.64505,1.6454,1.60,1.60
2010.02.26 07:57:42.722,1.64505,1.64535,1.60,1.00
2010.02.26 07:57:43.932,1.6451,1.64535,1.60,1.00
2010.02.26 07:57:44.293,1.6452,1.64555,1.60,1.60
2010.02.26 07:57:46.318,1.6452,1.64555,1.60,3.20
2010.02.26 07:57:47.782,1.64515,1.6455,1.60,1.00
2010.02.26 07:57:48.575,1.64525,1.64555,1.00,3.20
2010.02.26 07:57:48.784,1.64525,1.64555,2.00,1.00
2010.02.26 07:57:48.985,1.64525,1.64555,1.00,1.00
2010.02.26 07:57:51.549,1.64525,1.64555,2.00,1.00
2010.02.26 07:58:00.267,1.64525,1.64555,1.60,1.00
2010.02.26 07:58:03.273,1.64515,1.6455,2.80,1.00
2010.02.26 07:58:04.455,1.64515,1.64545,2.80,1.00
2010.02.26 07:58:04.809,1.6452,1.6455,1.60,1.00
2010.02.26 07:58:06.604,1.64525,1.64555,1.00,1.60
2010.02.26 07:58:08.324,1.64525,1.6456,1.60,3.20
2010.02.26 07:58:08.637,1.64525,1.64555,1.00,1.60
2010.02.26 07:58:09.528,1.64525,1.6456,1.60,1.60
2010.02.26 07:58:10.183,1.64525,1.6455,1.60,1.00
2010.02.26 07:58:10.436,1.6452,1.6455,1.60,1.00
2010.02.26 07:58:10.823,1.6452,1.64555,1.60,1.60
2010.02.26 07:58:11.024,1.64525,1.64555,1.60,1.00
2010.02.26 07:58:14.307,1.6453,1.6456,1.60,1.00
2010.02.26 07:58:15.826,1.6453,1.64565,1.60,1.60
2010.02.26 07:58:19.933,1.6453,1.64555,1.60,1.00
2010.02.26 07:58:20.173,1.6452,1.64555,1.60,1.60
2010.02.26 07:58:22.598,1.6452,1.64555,1.60,3.60
2010.02.26 07:58:23.601,1.6452,1.6455,1.60,1.00
2010.02.26 07:58:23.962,1.64515,1.6455,2.00,1.60
2010.02.26 07:58:24.305,1.64515,1.6455,2.80,1.60
2010.02.26 07:58:24.960,1.64515,1.64545,1.20,1.60
2010.02.26 07:58:25.321,1.64515,1.6455,2.80,1.60
2010.02.26 07:58:25.690,1.6452,1.64545,2.00,1.00
2010.02.26 07:58:26.344,1.6452,1.64545,4.00,1.00
2010.02.26 07:58:27.098,1.6452,1.6455,4.00,1.60
2010.02.26 07:58:28.231,1.64525,1.6455,2.00,1.60
2010.02.26 07:58:30.757,1.6452,1.6455,4.00,1.60
2010.02.26 07:58:30.903,1.64515,1.64545,6.80,1.00
2010.02.26 07:58:33.141,1.64515,1.6454,5.20,1.60
2010.02.26 07:58:33.481,1.6451,1.6454,2.40,1.60
2010.02.26 07:58:33.816,1.6451,1.6454,4.40,1.60
2010.02.26 07:58:34.626,1.64515,1.64545,1.00,2.80
2010.02.26 07:58:35.431,1.64515,1.64545,1.00,1.60
2010.02.26 07:58:36.860,1.6451,1.6454,1.00,1.60
2010.02.26 07:58:37.078,1.64515,1.64555,1.60,1.00
2010.02.26 07:58:37.905,1.64515,1.64555,3.60,1.00
2010.02.26 07:58:38.270,1.64515,1.6455,1.60,1.60
2010.02.26 07:58:39.289,1.64535,1.64555,1.60,1.00
2010.02.26 07:58:41.282,1.64525,1.64555,5.60,1.00
2010.02.26 07:58:41.941,1.64525,1.64555,1.60,1.00
2010.02.26 07:58:43.515,1.6452,1.64555,1.60,1.00
2010.02.26 07:58:43.758,1.6452,1.64555,3.60,1.00
2010.02.26 07:58:45.270,1.6452,1.6455,2.00,1.60
2010.02.26 07:58:46.085,1.64515,1.64545,5.20,1.00
2010.02.26 07:58:46.429,1.64515,1.6455,3.20,1.60
2010.02.26 07:58:47.723,1.6451,1.6454,3.60,1.00
2010.02.26 07:58:47.895,1.6451,1.6454,2.00,1.00
2010.02.26 07:58:49.747,1.6451,1.6454,1.60,1.00
2010.02.26 07:58:51.673,1.64505,1.64525,1.00,1.00
2010.02.26 07:58:51.755,1.64495,1.64525,2.80,1.60
2010.02.26 07:58:53.050,1.64495,1.64525,2.00,1.60
2010.02.26 07:58:56.171,1.64495,1.64515,2.00,1.00
2010.02.26 07:58:57.156,1.64485,1.64515,5.60,1.00
2010.02.26 07:58:58.974,1.64485,1.64515,6.40,1.00
2010.02.26 07:58:59.800,1.64495,1.64525,3.60,1.00
2010.02.26 07:59:06.168,1.6451,1.6454,1.60,1.00
2010.02.26 07:59:08.562,1.64505,1.64535,1.00,1.60
2010.02.26 07:59:09.664,1.645,1.6453,6.00,1.00
2010.02.26 07:59:09.890,1.645,1.6453,1.60,1.00
2010.02.26 07:59:11.322,1.64505,1.64535,1.60,1.00
2010.02.26 07:59:11.656,1.64505,1.6453,1.60,1.00
2010.02.26 07:59:11.926,1.645,1.6453,1.60,1.00
2010.02.26 07:59:15.685,1.6452,1.64545,1.60,1.80
2010.02.26 07:59:16.497,1.64515,1.64545,1.40,1.60
2010.02.26 07:59:16.636,1.64505,1.6454,1.60,1.60
2010.02.26 07:59:16.773,1.64505,1.64535,1.60,1.00
2010.02.26 07:59:17.539,1.645,1.64535,4.00,1.60
2010.02.26 07:59:19.939,1.645,1.64535,4.00,1.60
2010.02.26 07:59:20.657,1.64505,1.6454,1.60,1.60
2010.02.26 07:59:23.139,1.645,1.64535,4.00,1.60
2010.02.26 07:59:23.948,1.64505,1.64535,1.00,1.60
2010.02.26 07:59:24.182,1.64505,1.6454,1.60,1.60
2010.02.26 07:59:24.643,1.64505,1.64535,1.60,1.00
2010.02.26 07:59:25.480,1.645,1.64535,2.00,1.60
2010.02.26 07:59:27.386,1.645,1.64525,2.00,1.00
2010.02.26 07:59:27.713,1.64495,1.6453,4.80,1.70
2010.02.26 07:59:27.918,1.64495,1.64525,3.20,1.00
2010.02.26 07:59:28.115,1.64495,1.64525,1.60,1.00
2010.02.26 07:59:28.685,1.64495,1.6452,1.60,1.00
2010.02.26 07:59:29.381,1.6449,1.6452,5.60,1.00
2010.02.26 07:59:29.734,1.6449,1.6452,1.60,1.00
2010.02.26 07:59:30.092,1.645,1.6453,1.60,1.00
2010.02.26 07:59:31.118,1.6449,1.6452,1.00,1.60
2010.02.26 07:59:31.269,1.64495,1.64525,1.60,1.00
2010.02.26 07:59:32.238,1.64495,1.64525,1.60,1.00
2010.02.26 07:59:33.016,1.64485,1.6452,3.60,1.60
2010.02.26 07:59:33.256,1.64485,1.6452,1.60,1.60
2010.02.26 07:59:33.765,1.64485,1.64515,1.00,1.60
2010.02.26 07:59:34.554,1.6448,1.64515,1.60,1.60
2010.02.26 07:59:34.912,1.64475,1.6451,1.60,10.40
2010.02.26 07:59:35.634,1.64485,1.6451,1.00,6.80
2010.02.26 07:59:35.932,1.6448,1.6451,1.70,2.40
2010.02.26 07:59:37.886,1.64485,1.6451,1.00,1.60
2010.02.26 07:59:39.408,1.64495,1.64515,1.00,6.40
2010.02.26 07:59:39.526,1.64495,1.64515,1.00,1.60
2010.02.26 07:59:41.100,1.64485,1.64515,1.00,7.20
2010.02.26 07:59:41.484,1.6448,1.64515,1.60,7.20
2010.02.26 07:59:42.212,1.6448,1.6451,1.60,2.00
2010.02.26 07:59:42.372,1.6448,1.6451,1.00,2.40
2010.02.26 07:59:44.224,1.6448,1.6451,1.00,1.60
2010.02.26 07:59:44.412,1.64475,1.6451,1.60,1.60
2010.02.26 07:59:44.593,1.64475,1.64505,1.00,3.20
2010.02.26 07:59:44.772,1.64485,1.64505,1.00,3.20
2010.02.26 07:59:44.954,1.64485,1.6451,1.60,4.80
2010.02.26 07:59:45.795,1.64485,1.64515,1.60,10.40
2010.02.26 07:59:46.009,1.64485,1.64515,1.00,7.20
2010.02.26 07:59:48.747,1.64485,1.6451,1.00,1.60
2010.02.26 07:59:49.418,1.64485,1.6452,1.00,10.40
2010.02.26 07:59:49.773,1.6448,1.6451,1.00,1.60
2010.02.26 07:59:52.218,1.64475,1.6451,1.60,3.20
2010.02.26 07:59:52.575,1.64475,1.64505,1.00,1.60
2010.02.26 07:59:55.599,1.64475,1.64505,1.00,4.40
2010.02.26 07:59:55.828,1.64475,1.64505,1.00,1.60
2010.02.26 07:59:57.110,1.64475,1.645,1.00,1.60
2010.02.26 07:59:57.457,1.6447,1.64495,1.00,1.60
2010.02.26 07:59:58.262,1.6447,1.645,1.00,6.80
2010.02.26 07:59:58.562,1.6447,1.64495,1.00,2.40
