2012.01.27 18:00:00.236,1.43858,1.43897,1.13,2.25
2012.01.27 18:00:00.391,1.43857,1.43897,1.13,2.25
2012.01.27 18:00:00.479,1.43857,1.43897,1.13,2.25
2012.01.27 18:00:01.369,1.43866,1.43891,1.13,2.25
2012.01.27 18:00:01.494,1.43856,1.43885,1.13,1.50
2012.01.27 18:00:01.575,1.43856,1.43885,1.13,2.25
2012.01.27 18:00:02.246,1.43857,1.43885,1.50,2.25
2012.01.27 18:00:02.486,1.43856,1.43885,1.88,2.25
2012.01.27 18:00:03.378,1.43847,1.43872,1.88,1.50
2012.01.27 18:00:03.533,1.43847,1.43872,1.13,2.25
2012.01.27 18:00:03.641,1.43847,1.43875,1.13,2.25
2012.01.27 18:00:03.805,1.43846,1.43875,1.13,2.25
2012.01.27 18:00:03.951,1.43846,1.4388,2.63,2.25
2012.01.27 18:00:04.694,1.43852,1.43874,1.13,2.25
2012.01.27 18:00:04.802,1.43842,1.43874,2.25,2.63
2012.01.27 18:00:04.879,1.43842,1.43874,2.25,1.88
2012.01.27 18:00:04.966,1.43843,1.43874,1.13,1.50
2012.01.27 18:00:05.320,1.43848,1.43873,1.13,1.50
2012.01.27 18:00:05.402,1.43848,1.43875,1.13,5.25
2012.01.27 18:00:05.478,1.43847,1.43875,1.13,1.50
2012.01.27 18:00:06.283,1.43848,1.43875,1.13,1.50
2012.01.27 18:00:06.376,1.4385,1.43875,1.13,1.50
2012.01.27 18:00:06.891,1.4385,1.43875,1.13,1.50
2012.01.27 18:00:07.232,1.4385,1.43875,1.13,1.50
2012.01.27 18:00:07.308,1.4385,1.43876,1.13,1.88
2012.01.27 18:00:08.350,1.4385,1.43876,1.13,1.88
2012.01.27 18:00:08.575,1.43848,1.43875,2.25,1.50
2012.01.27 18:00:08.774,1.43845,1.43875,1.88,1.75
2012.01.27 18:00:08.846,1.43845,1.43875,1.50,1.75
2012.01.27 18:00:09.139,1.43833,1.43865,2.25,6.38
2012.01.27 18:00:09.221,1.43833,1.43863,2.25,1.50
2012.01.27 18:00:09.578,1.43829,1.43861,2.25,2.25
2012.01.27 18:00:10.344,1.43829,1.43861,2.25,2.50
2012.01.27 18:00:10.946,1.43831,1.43861,1.50,2.25
2012.01.27 18:00:11.464,1.43832,1.43863,1.50,1.75
2012.01.27 18:00:12.548,1.43833,1.43863,1.50,1.50
2012.01.27 18:00:12.908,1.43832,1.43863,1.50,1.50
2012.01.27 18:00:13.269,1.43836,1.43866,1.50,2.25
2012.01.27 18:00:13.488,1.43839,1.43866,1.50,2.25
2012.01.27 18:00:13.567,1.43836,1.43867,1.50,1.50
2012.01.27 18:00:14.524,1.43836,1.4387,2.25,2.25
2012.01.27 18:00:14.671,1.43838,1.43868,2.63,2.25
2012.01.27 18:00:14.960,1.43839,1.43872,1.50,2.25
2012.01.27 18:00:15.116,1.43843,1.43875,1.50,2.25
2012.01.27 18:00:15.204,1.43846,1.4388,2.25,2.50
2012.01.27 18:00:16.126,1.4385,1.43881,1.50,1.75
2012.01.27 18:00:16.221,1.43842,1.4387,1.50,2.25
2012.01.27 18:00:16.305,1.43838,1.43868,1.50,2.25
2012.01.27 18:00:16.447,1.43843,1.43871,1.50,1.75
2012.01.27 18:00:16.797,1.43844,1.43871,1.50,1.75
2012.01.27 18:00:16.876,1.4384,1.43871,1.50,1.75
2012.01.27 18:00:18.107,1.43841,1.43872,2.25,2.50
2012.01.27 18:00:18.198,1.43848,1.43879,1.50,2.50
2012.01.27 18:00:18.561,1.43848,1.43879,1.50,2.50
2012.01.27 18:00:18.775,1.43848,1.43879,1.50,2.50
2012.01.27 18:00:18.987,1.43848,1.4388,1.50,3.15
2012.01.27 18:00:19.212,1.43848,1.4388,2.25,3.15
2012.01.27 18:00:19.882,1.43848,1.4388,3.00,2.25
2012.01.27 18:00:19.968,1.4385,1.4388,1.13,2.25
2012.01.27 18:00:20.055,1.4385,1.4388,1.13,2.25
2012.01.27 18:00:20.132,1.43852,1.4388,1.50,2.25
2012.01.27 18:00:20.420,1.43849,1.4388,1.13,2.25
2012.01.27 18:00:20.567,1.43852,1.43884,2.25,2.25
2012.01.27 18:00:20.857,1.43852,1.43884,1.50,2.25
2012.01.27 18:00:21.661,1.43846,1.43889,1.50,1.65
2012.01.27 18:00:21.804,1.43849,1.43889,1.50,1.65
2012.01.27 18:00:22.235,1.43851,1.43889,1.50,1.65
2012.01.27 18:00:22.449,1.43851,1.43888,1.50,2.50
2012.01.27 18:00:22.664,1.43848,1.43882,1.50,2.50
2012.01.27 18:00:22.804,1.43848,1.43882,1.50,2.50
2012.01.27 18:00:23.539,1.43843,1.43877,1.50,2.50
2012.01.27 18:00:23.603,1.43838,1.43872,1.50,2.25
2012.01.27 18:00:24.105,1.43843,1.43873,1.50,2.25
2012.01.27 18:00:24.184,1.43843,1.43875,1.50,2.25
2012.01.27 18:00:24.262,1.43846,1.4388,1.50,2.50
2012.01.27 18:00:24.340,1.43846,1.4388,1.50,2.50
2012.01.27 18:00:24.555,1.43851,1.43882,1.50,2.50
2012.01.27 18:00:26.389,1.43851,1.43883,1.50,2.25
2012.01.27 18:00:26.727,1.43851,1.43883,1.50,2.25
2012.01.27 18:00:27.221,1.43849,1.43881,1.50,4.00
2012.01.27 18:00:28.678,1.43852,1.43883,1.50,2.50
2012.01.27 18:00:28.761,1.43852,1.43884,1.50,1.40
2012.01.27 18:00:28.980,1.43852,1.43883,1.50,1.40
2012.01.27 18:00:29.787,1.43857,1.43887,1.50,2.25
2012.01.27 18:00:30.275,1.4386,1.43894,1.50,2.25
2012.01.27 18:00:30.533,1.4386,1.43894,1.50,2.25
2012.01.27 18:00:31.061,1.4386,1.43894,1.50,2.25
2012.01.27 18:00:32.936,1.43857,1.43889,1.50,1.50
2012.01.27 18:00:34.771,1.4386,1.43893,1.50,1.50
2012.01.27 18:00:34.843,1.4386,1.43893,1.50,1.50
2012.01.27 18:00:35.692,1.4386,1.43894,1.50,2.25
2012.01.27 18:00:36.232,1.4386,1.43894,1.50,1.50
2012.01.27 18:00:37.196,1.4386,1.43894,3.00,1.50
2012.01.27 18:00:38.596,1.43863,1.43894,1.13,1.50
2012.01.27 18:00:39.417,1.43863,1.43894,1.13,1.50
2012.01.27 18:00:39.717,1.43857,1.43883,2.25,1.37
2012.01.27 18:00:39.874,1.43855,1.43887,1.50,1.75
2012.01.27 18:00:39.956,1.43855,1.43887,1.50,1.50
2012.01.27 18:00:40.045,1.43853,1.43885,1.50,1.50
2012.01.27 18:00:40.125,1.43849,1.43883,1.50,2.25
2012.01.27 18:00:40.270,1.43849,1.43883,1.50,2.25
2012.01.27 18:00:40.998,1.43841,1.43875,2.25,1.50
2012.01.27 18:00:41.571,1.4385,1.4388,1.50,1.40
2012.01.27 18:00:41.653,1.4385,1.43881,1.50,2.90
2012.01.27 18:00:41.802,1.43854,1.43886,1.50,2.90
2012.01.27 18:00:41.959,1.43854,1.43887,1.50,2.18
2012.01.27 18:00:42.669,1.43858,1.43892,1.50,2.25
2012.01.27 18:00:42.813,1.43858,1.43892,1.50,2.25
2012.01.27 18:00:43.973,1.43858,1.43889,1.50,1.50
2012.01.27 18:00:44.325,1.43855,1.43887,2.63,1.50
2012.01.27 18:00:44.971,1.43853,1.43883,1.88,1.50
2012.01.27 18:00:45.060,1.43851,1.43883,1.50,1.50
2012.01.27 18:00:45.139,1.43849,1.4388,2.25,1.50
2012.01.27 18:00:45.688,1.43846,1.4388,2.25,1.50
2012.01.27 18:00:45.767,1.43846,1.4388,3.00,1.50
2012.01.27 18:00:47.034,1.43846,1.4388,2.25,1.50
2012.01.27 18:00:47.103,1.43846,1.4388,1.50,1.50
2012.01.27 18:00:47.301,1.43846,1.4388,1.50,2.25
2012.01.27 18:00:48.194,1.43846,1.4388,1.50,2.25
2012.01.27 18:00:48.736,1.43846,1.43879,1.50,1.40
2012.01.27 18:00:49.862,1.43846,1.43878,1.50,1.40
2012.01.27 18:00:50.262,1.43846,1.43869,1.50,4.50
2012.01.27 18:00:50.516,1.43844,1.43869,1.50,4.50
2012.01.27 18:00:50.593,1.43842,1.43869,1.50,4.50
2012.01.27 18:00:51.333,1.4384,1.43862,1.50,3.75
2012.01.27 18:00:51.415,1.43836,1.43862,1.50,3.75
2012.01.27 18:00:51.570,1.4383,1.43864,2.25,1.50
2012.01.27 18:00:51.720,1.4383,1.43864,2.25,1.88
2012.01.27 18:00:52.320,1.4383,1.43861,2.25,1.13
2012.01.27 18:00:52.406,1.4383,1.43861,1.50,1.13
2012.01.27 18:00:54.059,1.4383,1.43852,1.50,1.13
2012.01.27 18:00:54.287,1.43829,1.43856,1.50,4.50
2012.01.27 18:00:54.893,1.43826,1.43856,1.50,5.25
2012.01.27 18:00:56.230,1.43822,1.43854,1.50,2.25
2012.01.27 18:00:57.193,1.43824,1.43854,2.25,1.50
2012.01.27 18:00:57.278,1.43825,1.43858,1.50,5.63
2012.01.27 18:00:57.499,1.43821,1.43855,3.19,1.50
2012.01.27 18:00:57.582,1.43827,1.43858,1.50,5.63
2012.01.27 18:00:58.925,1.43825,1.43858,3.00,4.88
2012.01.27 18:00:59.011,1.43826,1.43859,1.13,2.25
2012.01.27 18:00:59.152,1.43829,1.43863,1.50,2.25
2012.01.27 18:00:59.286,1.43829,1.43863,1.50,2.25
2012.01.27 18:01:01.805,1.43829,1.43863,1.88,2.25
2012.01.27 18:01:02.352,1.43829,1.43863,2.25,2.25
2012.01.27 18:01:02.572,1.43839,1.4387,1.50,1.50
2012.01.27 18:01:03.403,1.43837,1.43869,2.25,1.50
2012.01.27 18:01:03.819,1.4384,1.43871,1.50,2.25
2012.01.27 18:01:03.897,1.4384,1.43874,1.50,2.25
2012.01.27 18:01:04.608,1.4384,1.43874,1.88,2.25
2012.01.27 18:01:04.824,1.4384,1.43871,1.88,1.50
2012.01.27 18:01:05.624,1.43838,1.4387,1.13,2.25
2012.01.27 18:01:05.703,1.43838,1.4387,1.13,2.25
2012.01.27 18:01:06.182,1.4384,1.43874,1.50,3.00
2012.01.27 18:01:06.844,1.43839,1.4387,1.13,1.50
2012.01.27 18:01:08.422,1.43839,1.43861,1.50,4.50
2012.01.27 18:01:08.508,1.43836,1.43861,1.50,5.15
2012.01.27 18:01:08.592,1.43832,1.43861,2.25,5.15
2012.01.27 18:01:08.800,1.43832,1.4386,1.50,4.50
2012.01.27 18:01:09.227,1.4383,1.43859,1.50,1.13
2012.01.27 18:01:09.309,1.43827,1.43859,2.25,1.13
2012.01.27 18:01:10.278,1.43827,1.43861,2.25,2.90
2012.01.27 18:01:10.420,1.43827,1.43861,3.00,2.25
2012.01.27 18:01:10.498,1.43832,1.43864,1.50,2.63
2012.01.27 18:01:10.632,1.43832,1.43864,1.50,2.25
2012.01.27 18:01:11.290,1.43832,1.43864,1.88,2.25
2012.01.27 18:01:12.950,1.43829,1.43857,1.50,4.50
2012.01.27 18:01:13.445,1.43831,1.43856,1.50,1.13
2012.01.27 18:01:13.728,1.43831,1.43864,2.25,1.75
2012.01.27 18:01:13.863,1.43831,1.43864,1.50,1.50
2012.01.27 18:01:15.134,1.43831,1.43864,2.63,1.50
2012.01.27 18:01:15.215,1.43835,1.43859,1.50,4.50
2012.01.27 18:01:15.776,1.43832,1.43859,1.50,4.50
2012.01.27 18:01:16.731,1.43826,1.43859,3.38,4.50
2012.01.27 18:01:16.948,1.4383,1.43859,1.50,4.50
2012.01.27 18:01:17.305,1.43835,1.43855,1.50,4.88
2012.01.27 18:01:17.522,1.43832,1.43855,1.50,4.88
2012.01.27 18:01:17.672,1.43834,1.43855,1.50,4.88
2012.01.27 18:01:18.516,1.43842,1.4386,1.50,1.50
2012.01.27 18:01:18.590,1.43844,1.43868,1.50,1.50
2012.01.27 18:01:19.209,1.43846,1.43868,1.50,1.50
2012.01.27 18:01:19.291,1.43847,1.43868,1.50,1.50
2012.01.27 18:01:19.441,1.43847,1.43869,1.50,1.50
2012.01.27 18:01:19.584,1.43851,1.43869,1.50,1.50
2012.01.27 18:01:19.723,1.43851,1.43877,1.50,1.75
2012.01.27 18:01:19.932,1.43851,1.43879,1.50,5.25
2012.01.27 18:01:20.206,1.43851,1.43881,1.50,1.88
2012.01.27 18:01:20.287,1.43851,1.43881,1.50,1.13
2012.01.27 18:01:20.969,1.43853,1.43877,2.25,4.50
2012.01.27 18:01:21.056,1.43852,1.43877,1.50,4.50
2012.01.27 18:01:21.548,1.4386,1.43877,1.50,4.50
2012.01.27 18:01:24.484,1.4386,1.43879,1.50,4.50
2012.01.27 18:01:24.555,1.43856,1.43879,1.50,4.50
2012.01.27 18:01:24.823,1.43853,1.43879,1.50,4.88
2012.01.27 18:01:24.896,1.43851,1.43879,1.50,4.88
2012.01.27 18:01:27.519,1.43849,1.43878,1.50,1.50
2012.01.27 18:01:27.604,1.43847,1.43878,2.25,1.50
2012.01.27 18:01:27.886,1.43847,1.43877,1.50,1.50
2012.01.27 18:01:28.084,1.43847,1.43877,1.50,1.50
2012.01.27 18:01:29.367,1.43847,1.43877,1.50,1.50
2012.01.27 18:01:29.715,1.43847,1.43869,1.50,4.50
2012.01.27 18:01:29.790,1.43842,1.43869,3.00,4.50
2012.01.27 18:01:31.587,1.43842,1.43871,1.50,1.13
2012.01.27 18:01:32.027,1.4384,1.43872,2.25,2.25
2012.01.27 18:01:32.250,1.43843,1.43876,1.50,1.50
2012.01.27 18:01:32.925,1.43843,1.43876,1.50,1.50
2012.01.27 18:01:34.974,1.43843,1.43876,1.50,1.50
2012.01.27 18:01:36.896,1.43842,1.43872,1.50,1.50
2012.01.27 18:01:37.982,1.43844,1.43876,1.50,2.25
2012.01.27 18:01:38.241,1.43851,1.43876,1.43,1.50
2012.01.27 18:01:39.023,1.43845,1.43877,2.25,1.50
2012.01.27 18:01:39.233,1.43845,1.43876,1.50,1.50
2012.01.27 18:01:39.616,1.43845,1.43876,1.50,1.50
2012.01.27 18:01:40.154,1.43844,1.43874,2.25,2.25
2012.01.27 18:01:40.370,1.43842,1.43874,3.00,2.25
2012.01.27 18:01:40.591,1.43842,1.43874,2.25,2.25
2012.01.27 18:01:41.274,1.43842,1.43874,2.63,2.25
2012.01.27 18:01:41.360,1.43837,1.43869,1.50,2.25
2012.01.27 18:01:42.802,1.43837,1.43869,2.25,2.25
2012.01.27 18:01:42.944,1.43842,1.43874,2.18,2.50
2012.01.27 18:01:43.014,1.4384,1.43874,1.50,2.50
2012.01.27 18:01:43.749,1.4384,1.43874,2.25,2.25
2012.01.27 18:01:43.984,1.43837,1.43869,2.63,2.25
2012.01.27 18:01:44.614,1.43837,1.43869,2.63,2.25
2012.01.27 18:01:45.175,1.43837,1.43869,1.69,2.25
2012.01.27 18:01:45.391,1.43837,1.43869,2.25,2.25
2012.01.27 18:01:45.655,1.43837,1.43869,1.50,2.25
2012.01.27 18:01:45.794,1.43841,1.43873,1.50,3.00
2012.01.27 18:01:46.569,1.43841,1.43873,1.50,2.25
2012.01.27 18:01:46.645,1.43837,1.43868,1.50,1.50
2012.01.27 18:01:46.784,1.43838,1.43872,1.50,2.50
2012.01.27 18:01:46.928,1.43843,1.43876,1.50,1.37
2012.01.27 18:01:47.007,1.43843,1.43877,1.50,2.25
2012.01.27 18:01:47.365,1.43843,1.43877,1.50,2.50
2012.01.27 18:01:48.764,1.43843,1.43877,1.50,2.50
2012.01.27 18:01:49.100,1.43844,1.43876,1.50,2.25
2012.01.27 18:01:51.214,1.43835,1.43869,2.25,2.25
2012.01.27 18:01:51.355,1.43835,1.43869,1.50,2.25
2012.01.27 18:01:51.427,1.43839,1.4387,1.50,2.25
2012.01.27 18:01:51.985,1.43839,1.43871,1.69,2.25
2012.01.27 18:01:54.194,1.43839,1.43871,1.50,2.25
2012.01.27 18:01:54.531,1.43835,1.43869,1.69,2.25
2012.01.27 18:01:54.970,1.43835,1.43867,1.50,2.25
2012.01.27 18:01:55.893,1.43835,1.43867,1.50,2.25
2012.01.27 18:01:56.416,1.43835,1.43867,1.50,2.25
2012.01.27 18:01:56.563,1.43839,1.4387,1.50,2.25
2012.01.27 18:01:56.778,1.43835,1.43869,1.88,2.25
2012.01.27 18:01:57.284,1.43835,1.43869,1.50,2.25
2012.01.27 18:01:57.963,1.43839,1.43871,1.50,2.25
2012.01.27 18:01:58.945,1.43839,1.43871,1.50,2.25
2012.01.27 18:01:59.028,1.43835,1.43867,1.50,1.50
2012.01.27 18:01:59.176,1.43835,1.43867,1.50,2.25
2012.01.27 18:02:00.842,1.43835,1.43867,2.25,2.25
2012.01.27 18:02:01.393,1.43835,1.43869,1.50,2.25
2012.01.27 18:02:02.993,1.43836,1.43869,1.50,2.25
2012.01.27 18:02:03.071,1.43839,1.43871,1.50,2.25
2012.01.27 18:02:03.795,1.43839,1.43871,2.25,2.25
2012.01.27 18:02:03.922,1.43843,1.43874,1.50,2.25
2012.01.27 18:02:05.614,1.43844,1.43875,1.69,2.25
2012.01.27 18:02:05.693,1.43847,1.43875,1.50,1.50
2012.01.27 18:02:05.907,1.43851,1.43879,1.50,1.50
2012.01.27 18:02:06.269,1.43849,1.43881,1.50,2.25
2012.01.27 18:02:07.521,1.43846,1.43878,3.75,2.25
2012.01.27 18:02:08.394,1.43846,1.43878,2.25,2.25
2012.01.27 18:02:08.959,1.43846,1.43878,1.50,2.25
2012.01.27 18:02:09.046,1.43846,1.43878,1.50,2.25
2012.01.27 18:02:09.882,1.43846,1.43878,1.50,2.25
2012.01.27 18:02:09.966,1.43841,1.43875,1.50,2.25
2012.01.27 18:02:10.368,1.43841,1.43875,1.50,2.25
2012.01.27 18:02:10.725,1.43846,1.4388,1.50,2.25
2012.01.27 18:02:12.559,1.43846,1.4388,3.00,2.25
2012.01.27 18:02:15.505,1.43857,1.43889,1.50,2.25
2012.01.27 18:02:16.293,1.43857,1.43889,2.25,2.25
2012.01.27 18:02:16.437,1.43857,1.43889,2.44,2.25
2012.01.27 18:02:18.255,1.43857,1.43889,3.19,2.25
2012.01.27 18:02:18.648,1.43859,1.43889,1.50,2.25
2012.01.27 18:02:19.205,1.4386,1.43891,2.25,2.25
2012.01.27 18:02:20.310,1.43861,1.43894,1.50,2.25
2012.01.27 18:02:21.186,1.4386,1.43894,1.50,2.25
2012.01.27 18:02:21.874,1.4386,1.43894,1.50,2.25
2012.01.27 18:02:22.583,1.43857,1.43889,1.50,2.50
2012.01.27 18:02:22.655,1.43854,1.43884,1.50,2.25
2012.01.27 18:02:22.797,1.43852,1.43884,2.44,1.50
2012.01.27 18:02:23.320,1.43852,1.43884,2.25,1.50
2012.01.27 18:02:23.399,1.43852,1.43884,2.25,2.25
2012.01.27 18:02:24.146,1.43854,1.43884,3.00,2.25
2012.01.27 18:02:24.307,1.43848,1.43882,2.25,2.15
2012.01.27 18:02:24.384,1.43848,1.43882,2.25,2.15
2012.01.27 18:02:25.144,1.43845,1.43877,2.25,1.50
2012.01.27 18:02:25.494,1.43845,1.43872,1.50,1.78
2012.01.27 18:02:25.637,1.43841,1.43872,1.50,1.78
2012.01.27 18:02:25.722,1.43839,1.43866,1.69,1.03
2012.01.27 18:02:26.378,1.43836,1.43865,2.63,1.03
2012.01.27 18:02:27.681,1.43836,1.43866,1.50,1.03
2012.01.27 18:02:29.132,1.43835,1.43862,1.50,1.50
2012.01.27 18:02:29.219,1.43828,1.43862,2.44,1.50
2012.01.27 18:02:29.433,1.43832,1.43864,1.50,2.25
2012.01.27 18:02:29.831,1.43832,1.43865,1.88,1.78
2012.01.27 18:02:30.179,1.43832,1.43864,1.50,1.13
2012.01.27 18:02:31.196,1.43829,1.43861,2.44,1.50
2012.01.27 18:02:31.584,1.43829,1.43861,1.50,2.15
2012.01.27 18:02:35.610,1.43829,1.43861,1.69,2.15
2012.01.27 18:02:36.144,1.43829,1.43861,1.69,2.90
2012.01.27 18:02:39.682,1.43829,1.43861,1.50,2.15
2012.01.27 18:02:40.233,1.43829,1.4386,1.50,1.40
2012.01.27 18:02:40.309,1.43829,1.4386,1.50,1.40
2012.01.27 18:02:40.390,1.43826,1.43857,1.50,1.50
2012.01.27 18:02:40.466,1.43823,1.43857,1.69,1.50
2012.01.27 18:02:40.733,1.43823,1.43857,1.50,2.90
2012.01.27 18:02:41.133,1.43823,1.43854,1.50,1.40
2012.01.27 18:02:41.776,1.43819,1.4385,1.69,1.40
2012.01.27 18:02:42.101,1.43819,1.43851,1.69,1.88
2012.01.27 18:02:42.173,1.43822,1.43853,1.50,1.78
2012.01.27 18:02:42.314,1.43822,1.43854,2.25,2.90
2012.01.27 18:02:43.599,1.43822,1.43854,1.50,2.15
2012.01.27 18:02:44.464,1.43822,1.43854,1.50,2.90
2012.01.27 18:02:48.292,1.43822,1.43852,2.25,1.50
2012.01.27 18:02:48.388,1.43818,1.43849,1.50,1.78
2012.01.27 18:02:48.535,1.43814,1.43846,1.50,2.25
2012.01.27 18:02:50.991,1.43812,1.43843,2.25,1.50
2012.01.27 18:02:55.934,1.43817,1.43841,1.50,1.50
2012.01.27 18:02:56.058,1.43809,1.43841,2.25,1.50
2012.01.27 18:02:56.140,1.43809,1.43841,1.50,1.50
2012.01.27 18:02:56.285,1.43805,1.43837,2.25,1.50
2012.01.27 18:02:56.497,1.43809,1.43841,1.50,1.50
2012.01.27 18:02:57.013,1.43812,1.43844,1.50,1.50
2012.01.27 18:02:57.812,1.43812,1.43844,1.50,1.69
2012.01.27 18:02:59.059,1.43808,1.43842,2.25,1.69
2012.01.27 18:02:59.842,1.4381,1.43842,1.50,1.50
2012.01.27 18:03:00.172,1.43811,1.43845,1.50,2.25
2012.01.27 18:03:00.243,1.43809,1.43841,2.25,1.50
2012.01.27 18:03:01.208,1.43813,1.43845,1.13,1.50
2012.01.27 18:03:01.781,1.43813,1.43845,1.13,1.50
2012.01.27 18:03:06.135,1.43816,1.43846,1.50,1.50
2012.01.27 18:03:06.279,1.43816,1.43848,2.25,1.50
2012.01.27 18:03:09.872,1.43817,1.43847,1.50,1.50
2012.01.27 18:03:09.942,1.43817,1.43844,1.50,1.50
2012.01.27 18:03:11.704,1.43822,1.43849,1.50,1.50
2012.01.27 18:03:11.775,1.43819,1.43853,2.44,1.50
2012.01.27 18:03:12.116,1.43821,1.43853,1.88,1.50
2012.01.27 18:03:12.529,1.43821,1.43849,1.88,1.50
2012.01.27 18:03:13.928,1.43821,1.43849,1.69,2.25
2012.01.27 18:03:14.033,1.43817,1.43851,1.50,2.25
2012.01.27 18:03:14.112,1.43817,1.43851,1.50,2.25
2012.01.27 18:03:14.255,1.43814,1.43846,2.25,2.25
2012.01.27 18:03:14.815,1.43814,1.43846,2.25,2.25
2012.01.27 18:03:16.476,1.43814,1.43846,2.25,2.25
2012.01.27 18:03:17.040,1.43814,1.43846,1.50,2.25
2012.01.27 18:03:17.115,1.43814,1.43846,1.50,2.25
2012.01.27 18:03:20.911,1.43805,1.43837,1.50,1.50
2012.01.27 18:03:21.269,1.43809,1.43841,1.50,2.25
2012.01.27 18:03:21.622,1.43804,1.43836,1.50,1.50
2012.01.27 18:03:24.552,1.43808,1.43839,1.50,2.25
2012.01.27 18:03:25.071,1.43808,1.4384,1.50,1.50
2012.01.27 18:03:26.447,1.43808,1.4384,1.50,2.25
2012.01.27 18:03:26.852,1.43804,1.43836,1.50,1.50
2012.01.27 18:03:27.840,1.43804,1.43836,2.44,1.50
2012.01.27 18:03:28.775,1.43804,1.43836,2.25,1.50
2012.01.27 18:03:31.090,1.43804,1.43834,2.25,1.50
2012.01.27 18:03:31.390,1.43796,1.43825,1.50,1.50
2012.01.27 18:03:31.470,1.43796,1.43827,1.50,1.50
2012.01.27 18:03:31.817,1.43798,1.43832,2.25,1.50
2012.01.27 18:03:33.297,1.43798,1.43832,3.00,1.50
2012.01.27 18:03:33.996,1.43798,1.43832,2.25,2.25
2012.01.27 18:03:34.403,1.43796,1.43827,2.25,1.50
2012.01.27 18:03:34.546,1.43795,1.43827,3.00,1.50
2012.01.27 18:03:34.690,1.43795,1.43825,1.50,1.50
2012.01.27 18:03:34.836,1.43795,1.43827,1.50,1.50
2012.01.27 18:03:35.576,1.43796,1.43828,1.50,1.50
2012.01.27 18:03:35.659,1.43799,1.43831,1.50,1.50
2012.01.27 18:03:36.617,1.43799,1.43828,1.50,1.50
2012.01.27 18:03:36.974,1.43798,1.43826,1.50,1.50
2012.01.27 18:03:37.112,1.43796,1.43826,1.50,1.50
2012.01.27 18:03:38.050,1.43798,1.43828,2.25,1.50
2012.01.27 18:03:38.133,1.43799,1.43832,1.50,1.50
2012.01.27 18:03:38.402,1.43802,1.43834,1.50,1.50
2012.01.27 18:03:38.554,1.43802,1.43836,1.50,2.90
2012.01.27 18:03:38.980,1.43802,1.43836,2.25,1.50
2012.01.27 18:03:39.931,1.43811,1.43842,1.50,1.50
2012.01.27 18:03:40.425,1.43812,1.43846,1.50,2.25
2012.01.27 18:03:40.779,1.43808,1.43842,2.25,1.50
2012.01.27 18:03:40.928,1.43812,1.43844,1.50,2.25
2012.01.27 18:03:41.525,1.43812,1.43844,1.50,2.25
2012.01.27 18:03:43.429,1.43821,1.43853,1.50,2.25
2012.01.27 18:03:43.577,1.43821,1.43853,1.50,2.25
2012.01.27 18:03:43.800,1.43819,1.43849,1.50,2.25
2012.01.27 18:03:43.876,1.43815,1.43849,1.50,2.25
2012.01.27 18:03:44.079,1.43813,1.43845,2.25,1.50
2012.01.27 18:03:44.847,1.43819,1.43851,1.50,2.90
2012.01.27 18:03:44.999,1.43819,1.43853,1.50,2.44
2012.01.27 18:03:45.552,1.43823,1.43855,1.50,3.65
2012.01.27 18:03:48.252,1.43823,1.43856,1.50,1.40
2012.01.27 18:03:48.398,1.43823,1.43857,1.50,2.15
2012.01.27 18:03:48.479,1.4382,1.43852,2.25,1.50
2012.01.27 18:03:48.836,1.43824,1.43856,1.50,3.09
2012.01.27 18:03:49.058,1.43819,1.43853,2.25,1.50
2012.01.27 18:03:49.883,1.43819,1.43853,2.25,1.50
2012.01.27 18:03:51.812,1.43819,1.43853,1.50,1.50
2012.01.27 18:03:53.353,1.43823,1.43857,1.50,2.25
2012.01.27 18:03:53.717,1.43828,1.4386,1.50,2.25
2012.01.27 18:03:57.137,1.43828,1.4386,2.25,1.50
2012.01.27 18:03:57.692,1.43828,1.4386,1.50,1.50
2012.01.27 18:04:00.685,1.43832,1.43864,1.50,2.25
2012.01.27 18:04:02.247,1.43832,1.43864,1.50,1.50
2012.01.27 18:04:02.786,1.43832,1.43864,3.00,1.50
2012.01.27 18:04:03.306,1.43832,1.43864,1.50,1.50
2012.01.27 18:04:03.733,1.43828,1.4386,2.25,1.50
2012.01.27 18:04:03.803,1.43828,1.4386,2.25,1.50
2012.01.27 18:04:06.404,1.43828,1.4386,1.50,1.50
2012.01.27 18:04:10.306,1.43828,1.4386,2.25,1.50
2012.01.27 18:04:10.724,1.43828,1.4386,1.50,1.50
2012.01.27 18:04:11.296,1.43828,1.4386,2.25,1.50
2012.01.27 18:04:12.683,1.43828,1.4386,1.50,1.50
2012.01.27 18:04:18.722,1.43826,1.43856,1.50,1.50
2012.01.27 18:04:21.688,1.43825,1.43856,1.13,1.50
2012.01.27 18:04:21.767,1.43824,1.43852,1.50,1.50
2012.01.27 18:04:21.913,1.43822,1.43852,1.50,1.50
2012.01.27 18:04:22.428,1.43822,1.43852,1.50,1.50
2012.01.27 18:04:22.577,1.43824,1.43852,1.13,1.50
2012.01.27 18:04:22.798,1.43821,1.43852,1.50,1.50
2012.01.27 18:04:22.880,1.43819,1.43848,1.32,1.50
2012.01.27 18:04:23.031,1.43817,1.43848,1.69,1.50
2012.01.27 18:04:23.947,1.43817,1.43848,1.50,1.50
2012.01.27 18:04:24.022,1.43816,1.43845,1.50,1.50
2012.01.27 18:04:25.061,1.43817,1.43843,1.50,1.50
2012.01.27 18:04:25.413,1.43814,1.43841,1.50,1.50
2012.01.27 18:04:25.563,1.43811,1.43841,1.50,1.50
2012.01.27 18:04:25.641,1.43811,1.43838,1.50,1.50
2012.01.27 18:04:26.429,1.43806,1.43835,1.88,1.50
2012.01.27 18:04:26.517,1.43806,1.43838,3.38,1.50
2012.01.27 18:04:26.595,1.43809,1.43835,1.50,1.50
2012.01.27 18:04:26.722,1.43807,1.43835,1.50,1.50
2012.01.27 18:04:26.922,1.43806,1.43835,1.50,1.50
2012.01.27 18:04:27.695,1.43802,1.43831,1.13,1.50
2012.01.27 18:04:27.906,1.43799,1.43831,1.69,1.50
2012.01.27 18:04:27.973,1.43802,1.43833,1.50,1.50
2012.01.27 18:04:28.494,1.43802,1.43834,1.50,1.50
2012.01.27 18:04:30.292,1.43802,1.43834,2.44,1.50
2012.01.27 18:04:31.373,1.43802,1.43834,2.44,1.50
2012.01.27 18:04:32.965,1.43802,1.43834,2.82,1.50
2012.01.27 18:04:33.513,1.43802,1.43832,1.50,1.50
2012.01.27 18:04:33.587,1.43797,1.43831,3.00,1.50
2012.01.27 18:04:35.303,1.43797,1.43831,2.44,2.90
2012.01.27 18:04:35.519,1.43799,1.43831,1.50,2.90
2012.01.27 18:04:35.592,1.43802,1.43831,1.50,1.40
2012.01.27 18:04:40.656,1.43797,1.43831,1.69,2.90
2012.01.27 18:04:41.448,1.43797,1.43831,1.50,2.90
2012.01.27 18:04:41.544,1.43801,1.43831,1.50,1.40
2012.01.27 18:04:41.893,1.43797,1.43831,2.25,1.50
2012.01.27 18:04:42.441,1.43797,1.43831,1.50,2.25
2012.01.27 18:04:44.753,1.43797,1.43831,1.88,2.25
2012.01.27 18:04:45.301,1.43801,1.43831,1.13,2.25
2012.01.27 18:04:46.553,1.43797,1.43831,2.63,2.25
2012.01.27 18:04:47.088,1.43797,1.43831,2.63,2.25
2012.01.27 18:04:48.844,1.43797,1.43831,3.38,1.50
2012.01.27 18:04:49.732,1.43797,1.43831,2.25,2.25
2012.01.27 18:04:52.011,1.43797,1.43831,3.00,1.50
2012.01.27 18:04:55.080,1.43798,1.43831,1.50,1.50
2012.01.27 18:04:57.355,1.438,1.43831,1.50,1.50
2012.01.27 18:04:57.428,1.43802,1.43834,1.50,2.25
2012.01.27 18:05:02.843,1.43802,1.43834,1.50,1.69
2012.01.27 18:05:03.562,1.43802,1.43834,1.50,1.50
2012.01.27 18:05:12.591,1.43805,1.43837,1.50,3.00
2012.01.27 18:05:12.947,1.43809,1.4384,1.50,1.50
2012.01.27 18:05:13.093,1.4381,1.43843,1.13,1.50
2012.01.27 18:05:13.377,1.4381,1.43843,1.13,1.50
2012.01.27 18:05:14.156,1.43813,1.43847,1.50,2.90
2012.01.27 18:05:14.766,1.43813,1.43847,1.88,2.90
2012.01.27 18:05:15.298,1.43809,1.43843,2.63,1.50
2012.01.27 18:05:15.517,1.43809,1.43843,1.88,2.44
2012.01.27 18:05:16.241,1.43809,1.43843,1.50,1.69
2012.01.27 18:05:16.420,1.43809,1.43841,1.50,2.25
2012.01.27 18:05:16.636,1.43809,1.43841,1.50,1.50
2012.01.27 18:05:16.992,1.43811,1.43843,1.50,2.25
2012.01.27 18:05:17.139,1.43808,1.43842,2.25,1.50
2012.01.27 18:05:17.290,1.43808,1.43842,1.50,2.44
2012.01.27 18:05:18.434,1.43814,1.43846,1.50,2.25
2012.01.27 18:05:18.712,1.43819,1.43849,1.50,1.40
2012.01.27 18:05:19.345,1.43814,1.43848,2.25,2.15
2012.01.27 18:05:20.217,1.43814,1.43848,2.25,2.15
2012.01.27 18:05:20.299,1.43826,1.43857,1.50,1.40
2012.01.27 18:05:20.721,1.43826,1.43858,1.50,2.15
2012.01.27 18:05:21.557,1.43826,1.43858,1.50,2.15
2012.01.27 18:05:22.574,1.43828,1.43862,1.50,2.25
2012.01.27 18:05:23.116,1.43828,1.43862,2.25,1.50
2012.01.27 18:05:23.670,1.43828,1.4386,2.25,1.50
2012.01.27 18:05:24.019,1.43826,1.43858,2.25,1.50
2012.01.27 18:05:24.171,1.43826,1.43858,1.50,2.25
2012.01.27 18:05:24.936,1.43821,1.43855,1.50,1.50
2012.01.27 18:05:25.420,1.43821,1.43849,1.50,1.03
2012.01.27 18:05:26.156,1.43821,1.43849,1.50,1.03
2012.01.27 18:05:26.853,1.43821,1.43849,1.50,1.03
2012.01.27 18:05:27.795,1.43821,1.4385,2.25,1.78
2012.01.27 18:05:27.895,1.43814,1.43847,2.07,1.40
2012.01.27 18:05:28.113,1.43814,1.43847,2.07,1.40
2012.01.27 18:05:28.628,1.43814,1.43847,1.88,1.40
2012.01.27 18:05:29.209,1.43814,1.43847,1.88,1.40
2012.01.27 18:05:30.943,1.43814,1.43847,1.88,1.40
2012.01.27 18:05:31.634,1.43815,1.43848,1.13,2.90
2012.01.27 18:05:31.827,1.43814,1.43848,1.88,2.90
2012.01.27 18:05:33.794,1.43814,1.43848,1.50,2.90
2012.01.27 18:05:35.872,1.43814,1.43848,1.69,2.90
2012.01.27 18:05:36.393,1.43814,1.43847,1.50,1.40
2012.01.27 18:05:36.581,1.43814,1.43847,1.50,1.40
2012.01.27 18:05:41.418,1.4381,1.43844,1.69,2.25
2012.01.27 18:05:41.775,1.4381,1.43844,2.44,2.25
2012.01.27 18:05:42.194,1.43814,1.43845,1.50,1.50
2012.01.27 18:05:42.880,1.43814,1.43847,1.50,1.40
2012.01.27 18:05:43.003,1.43818,1.43846,1.50,1.40
2012.01.27 18:05:43.085,1.43814,1.43846,1.50,1.40
2012.01.27 18:05:43.917,1.43811,1.43843,2.25,1.50
2012.01.27 18:05:44.212,1.43806,1.4384,2.63,1.50
2012.01.27 18:05:44.823,1.43806,1.4384,2.25,2.15
2012.01.27 18:05:44.968,1.43801,1.43835,1.69,2.25
2012.01.27 18:05:45.045,1.43801,1.43834,1.69,1.03
2012.01.27 18:05:46.007,1.43801,1.43833,1.69,1.40
2012.01.27 18:05:47.704,1.43801,1.43833,1.50,1.40
2012.01.27 18:05:51.178,1.43804,1.43833,1.50,1.40
2012.01.27 18:05:51.717,1.43803,1.43834,1.50,2.53
2012.01.27 18:05:52.284,1.43802,1.43834,2.63,2.53
2012.01.27 18:05:53.093,1.43802,1.43834,2.63,1.88
2012.01.27 18:05:53.444,1.43802,1.43834,2.25,2.25
2012.01.27 18:05:54.026,1.43805,1.43836,1.50,2.25
2012.01.27 18:05:54.376,1.43808,1.43837,1.50,1.40
2012.01.27 18:05:54.456,1.43808,1.43838,1.50,1.78
2012.01.27 18:05:55.324,1.43808,1.43842,2.25,1.50
2012.01.27 18:05:55.413,1.43804,1.43836,2.25,1.50
2012.01.27 18:06:16.882,1.43804,1.43836,1.50,2.25
2012.01.27 18:06:22.536,1.43804,1.43836,1.50,2.25
2012.01.27 18:06:23.244,1.43809,1.43836,1.50,1.40
2012.01.27 18:06:23.405,1.43812,1.43843,1.50,1.78
2012.01.27 18:06:25.905,1.43812,1.43843,1.50,2.25
2012.01.27 18:06:26.445,1.43813,1.43843,1.50,1.40
2012.01.27 18:06:26.513,1.43813,1.43847,1.50,2.25
2012.01.27 18:06:26.919,1.43811,1.43842,1.50,1.50
2012.01.27 18:06:27.002,1.43808,1.43842,2.25,1.50
2012.01.27 18:06:27.842,1.43811,1.43843,1.50,2.25
2012.01.27 18:06:30.590,1.43811,1.43845,1.50,2.25
2012.01.27 18:06:32.342,1.43811,1.43845,1.50,1.50
2012.01.27 18:06:36.371,1.43811,1.43845,1.50,2.25
2012.01.27 18:06:37.462,1.43811,1.43845,2.25,1.50
2012.01.27 18:06:37.943,1.43814,1.43846,1.50,1.50
2012.01.27 18:06:38.643,1.43814,1.43843,1.50,1.40
2012.01.27 18:06:38.715,1.43808,1.4384,2.25,1.50
2012.01.27 18:06:42.058,1.4381,1.4384,1.50,2.25
2012.01.27 18:06:42.399,1.43812,1.43843,1.50,1.40
2012.01.27 18:06:52.322,1.43812,1.43841,1.50,1.40
2012.01.27 18:07:02.391,1.43812,1.43843,1.50,1.78
2012.01.27 18:07:02.962,1.43812,1.43844,1.50,3.28
2012.01.27 18:07:03.510,1.43816,1.43844,1.50,1.40
2012.01.27 18:07:04.477,1.43815,1.43846,1.50,1.40
2012.01.27 18:07:04.563,1.43815,1.43847,1.50,1.40
2012.01.27 18:07:04.764,1.43811,1.43843,1.50,1.03
2012.01.27 18:07:05.308,1.43811,1.43843,2.25,1.78
2012.01.27 18:07:06.735,1.43811,1.43843,2.25,1.78
2012.01.27 18:07:16.966,1.43811,1.43843,2.25,1.40
2012.01.27 18:07:20.761,1.43811,1.43843,1.50,1.40
2012.01.27 18:07:21.824,1.43811,1.43843,2.25,1.40
2012.01.27 18:07:22.596,1.43809,1.43839,3.00,1.03
2012.01.27 18:07:23.164,1.43809,1.43838,1.50,1.40
2012.01.27 18:07:23.672,1.43809,1.43838,1.50,1.40
2012.01.27 18:07:24.343,1.43809,1.43838,1.50,1.40
2012.01.27 18:07:25.563,1.43809,1.43838,1.50,1.40
2012.01.27 18:07:26.109,1.43805,1.43837,1.50,2.15
2012.01.27 18:07:26.244,1.43802,1.43834,3.00,1.50
2012.01.27 18:07:26.433,1.43802,1.43834,1.50,2.25
2012.01.27 18:07:28.766,1.43802,1.43834,1.88,2.25
2012.01.27 18:07:28.896,1.43802,1.43834,1.50,2.25
2012.01.27 18:07:29.366,1.43804,1.43838,1.50,2.25
2012.01.27 18:07:34.907,1.43802,1.43834,2.25,1.50
2012.01.27 18:07:35.162,1.43806,1.4384,2.25,1.50
2012.01.27 18:07:40.727,1.4381,1.4384,1.50,1.50
2012.01.27 18:07:40.810,1.43815,1.43842,1.13,1.50
2012.01.27 18:07:40.891,1.43811,1.43845,1.88,2.25
2012.01.27 18:07:41.181,1.43819,1.4385,1.50,1.50
2012.01.27 18:07:42.092,1.43816,1.43848,2.25,1.50
2012.01.27 18:07:43.284,1.43811,1.43845,3.00,1.50
2012.01.27 18:07:47.604,1.43811,1.43845,2.25,1.50
2012.01.27 18:07:48.744,1.43811,1.43845,2.25,1.50
2012.01.27 18:07:51.174,1.43809,1.43841,3.00,1.50
2012.01.27 18:07:52.201,1.43809,1.43841,3.00,1.50
2012.01.27 18:07:53.087,1.43809,1.43841,3.00,1.50
2012.01.27 18:07:53.583,1.4381,1.43841,1.26,1.50
2012.01.27 18:07:54.140,1.43809,1.43841,3.00,1.50
2012.01.27 18:07:55.441,1.43809,1.43841,3.00,1.50
2012.01.27 18:07:55.789,1.43809,1.43841,3.00,1.50
2012.01.27 18:07:56.188,1.43809,1.43834,3.00,1.50
2012.01.27 18:07:56.969,1.43805,1.43821,2.18,1.50
2012.01.27 18:07:57.061,1.43796,1.4383,2.25,2.15
2012.01.27 18:07:57.276,1.43801,1.43833,2.25,1.50
2012.01.27 18:07:57.415,1.43801,1.43833,2.25,1.50
2012.01.27 18:07:57.934,1.43801,1.43833,2.25,1.50
2012.01.27 18:08:02.392,1.43805,1.43837,2.25,1.50
2012.01.27 18:08:02.538,1.43805,1.43837,2.25,1.50
2012.01.27 18:08:02.821,1.43805,1.43837,2.25,2.15
2012.01.27 18:08:02.900,1.43805,1.43836,2.25,1.50
2012.01.27 18:08:02.984,1.43802,1.43834,2.76,1.50
2012.01.27 18:08:03.737,1.43796,1.43829,1.50,1.88
2012.01.27 18:08:04.084,1.43796,1.43823,1.88,1.50
2012.01.27 18:08:04.592,1.43801,1.43823,1.50,1.50
2012.01.27 18:08:05.009,1.43793,1.43823,1.13,1.50
2012.01.27 18:08:05.202,1.43791,1.43823,3.00,1.50
2012.01.27 18:08:06.077,1.43791,1.43823,3.00,1.50
2012.01.27 18:08:06.168,1.43796,1.43828,3.68,1.03
2012.01.27 18:08:06.244,1.43796,1.43829,3.68,1.40
2012.01.27 18:08:06.755,1.43797,1.4383,1.13,2.15
2012.01.27 18:08:06.899,1.43796,1.4383,4.05,2.15
2012.01.27 18:08:07.435,1.43796,1.43829,2.25,1.40
2012.01.27 18:08:07.509,1.43796,1.43829,2.25,1.40
2012.01.27 18:08:07.661,1.43801,1.43833,2.44,1.50
2012.01.27 18:08:07.945,1.43804,1.43833,1.50,1.50
2012.01.27 18:08:08.568,1.43804,1.43836,3.75,1.03
2012.01.27 18:08:09.592,1.43804,1.43837,3.75,1.03
2012.01.27 18:08:09.855,1.43804,1.43837,3.00,1.03
2012.01.27 18:08:10.198,1.43804,1.43837,3.75,1.03
2012.01.27 18:08:10.274,1.43804,1.43838,3.75,1.88
2012.01.27 18:08:10.477,1.43813,1.43838,2.18,1.50
2012.01.27 18:08:10.625,1.43813,1.43844,3.68,1.13
2012.01.27 18:08:10.696,1.43813,1.43847,3.68,2.90
2012.01.27 18:08:10.824,1.43815,1.43847,1.50,2.15
2012.01.27 18:08:12.037,1.43813,1.43847,2.63,1.88
2012.01.27 18:08:12.592,1.43813,1.43845,1.88,1.13
2012.01.27 18:08:12.782,1.43813,1.43844,1.88,1.40
2012.01.27 18:08:16.064,1.4381,1.43842,1.13,1.40
2012.01.27 18:08:16.633,1.43809,1.43842,1.88,1.40
2012.01.27 18:08:17.852,1.43809,1.43843,2.63,2.15
2012.01.27 18:08:18.586,1.43806,1.43839,1.88,1.50
2012.01.27 18:08:18.713,1.43806,1.43839,1.88,1.50
2012.01.27 18:08:20.591,1.43806,1.43834,1.50,2.15
2012.01.27 18:08:20.735,1.43802,1.43834,1.50,2.15
2012.01.27 18:08:20.876,1.43799,1.43829,1.50,1.50
2012.01.27 18:08:20.948,1.43797,1.43829,3.00,1.50
2012.01.27 18:08:21.648,1.43797,1.43829,3.19,1.50
2012.01.27 18:08:22.212,1.43797,1.43829,3.00,1.50
2012.01.27 18:08:22.726,1.43796,1.43825,3.12,1.50
2012.01.27 18:08:23.082,1.43795,1.43819,1.50,1.50
2012.01.27 18:08:23.228,1.43793,1.43819,2.18,1.50
2012.01.27 18:08:23.410,1.43797,1.43816,2.18,1.50
2012.01.27 18:08:24.111,1.43792,1.43816,1.50,1.50
2012.01.27 18:08:24.223,1.43782,1.43814,2.07,1.78
2012.01.27 18:08:24.777,1.43779,1.4381,1.69,1.50
2012.01.27 18:08:24.984,1.43776,1.43808,2.25,1.50
2012.01.27 18:08:25.642,1.43781,1.4381,1.04,1.50
2012.01.27 18:08:26.354,1.4378,1.43811,3.59,1.50
2012.01.27 18:08:26.874,1.4378,1.43811,3.59,1.50
2012.01.27 18:08:30.043,1.43781,1.43811,1.61,2.15
2012.01.27 18:08:30.745,1.43775,1.43808,1.32,2.63
2012.01.27 18:08:30.832,1.43774,1.43806,3.74,1.40
2012.01.27 18:08:31.187,1.43775,1.43803,1.42,1.50
2012.01.27 18:08:33.177,1.43775,1.43803,1.32,1.88
2012.01.27 18:08:33.681,1.43772,1.43803,1.32,1.88
2012.01.27 18:08:34.199,1.43772,1.43803,1.13,1.50
2012.01.27 18:08:34.277,1.43772,1.43803,1.13,1.50
2012.01.27 18:08:34.783,1.43771,1.43803,2.44,2.25
2012.01.27 18:08:35.365,1.43771,1.43803,1.69,2.25
2012.01.27 18:08:36.258,1.43774,1.43805,1.50,1.03
2012.01.27 18:08:39.276,1.43774,1.43808,1.50,2.25
2012.01.27 18:08:39.883,1.43774,1.43808,2.25,1.50
2012.01.27 18:08:41.003,1.43779,1.43809,1.50,1.50
2012.01.27 18:08:41.073,1.43779,1.43811,1.50,1.50
2012.01.27 18:08:42.890,1.43775,1.43807,2.25,1.50
2012.01.27 18:08:43.586,1.43775,1.43806,1.50,2.25
2012.01.27 18:08:43.665,1.43771,1.43803,2.25,1.50
2012.01.27 18:08:45.404,1.43771,1.43803,2.25,2.15
2012.01.27 18:08:45.535,1.43768,1.438,4.32,2.15
2012.01.27 18:08:45.747,1.43768,1.43796,2.07,1.03
2012.01.27 18:08:46.099,1.43764,1.43796,1.50,2.53
2012.01.27 18:08:46.378,1.43764,1.43794,1.88,1.40
2012.01.27 18:08:48.050,1.43764,1.43795,2.07,1.40
2012.01.27 18:08:48.559,1.43764,1.43795,1.88,1.40
2012.01.27 18:08:48.841,1.43764,1.43795,1.50,1.40
2012.01.27 18:08:48.924,1.43761,1.43793,2.82,2.15
2012.01.27 18:08:49.209,1.4376,1.43792,1.32,1.03
2012.01.27 18:08:49.864,1.4376,1.43793,1.13,2.53
2012.01.27 18:08:50.154,1.43767,1.43792,1.13,1.03
2012.01.27 18:08:50.368,1.43764,1.43792,2.93,1.03
2012.01.27 18:08:52.177,1.43762,1.4379,1.50,1.13
2012.01.27 18:08:52.284,1.43743,1.43774,1.50,1.03
2012.01.27 18:08:52.959,1.43743,1.43774,1.50,1.40
2012.01.27 18:08:53.072,1.43739,1.43769,1.50,1.03
2012.01.27 18:08:54.457,1.4373,1.43753,1.02,1.03
2012.01.27 18:08:54.764,1.43734,1.43758,1.61,1.03
2012.01.27 18:08:54.916,1.43731,1.43759,1.69,1.03
2012.01.27 18:08:55.984,1.43733,1.43758,2.25,1.03
2012.01.27 18:08:56.119,1.43724,1.43751,2.25,1.03
2012.01.27 18:08:56.351,1.43721,1.43751,1.50,2.53
2012.01.27 18:08:56.435,1.43723,1.43751,1.50,1.03
2012.01.27 18:08:57.523,1.43722,1.43751,1.50,2.15
2012.01.27 18:08:57.617,1.43722,1.43755,1.50,1.50
2012.01.27 18:08:57.824,1.43726,1.43758,1.50,1.78
2012.01.27 18:08:57.974,1.43726,1.43759,1.50,1.50
2012.01.27 18:08:58.176,1.43726,1.4376,2.25,2.15
2012.01.27 18:08:59.563,1.43726,1.43756,1.50,1.50
2012.01.27 18:08:59.777,1.43727,1.43759,2.25,1.50
2012.01.27 18:09:01.735,1.43732,1.43764,2.25,1.50
2012.01.27 18:09:01.815,1.43736,1.43767,1.50,1.50
2012.01.27 18:09:02.108,1.43744,1.43774,1.50,1.40
2012.01.27 18:09:02.537,1.43747,1.43778,1.50,2.25
2012.01.27 18:09:02.668,1.43744,1.43776,1.50,1.50
2012.01.27 18:09:03.530,1.43744,1.43776,2.25,1.50
2012.01.27 18:09:04.025,1.43748,1.4378,1.50,1.50
2012.01.27 18:09:06.181,1.43748,1.4378,2.25,1.50
2012.01.27 18:09:06.933,1.43755,1.43785,1.58,1.50
2012.01.27 18:09:07.024,1.43755,1.43788,1.61,1.50
2012.01.27 18:09:07.286,1.43755,1.43784,1.61,1.50
2012.01.27 18:09:08.374,1.4375,1.43784,3.57,1.50
2012.01.27 18:09:10.022,1.4375,1.43784,2.63,1.50
2012.01.27 18:09:13.357,1.43751,1.43784,1.50,1.50
2012.01.27 18:09:13.863,1.4375,1.43784,2.82,1.50
2012.01.27 18:09:13.935,1.43755,1.43787,2.25,1.50
2012.01.27 18:09:14.965,1.43759,1.43791,2.25,2.15
2012.01.27 18:09:15.316,1.43755,1.43787,2.25,1.50
2012.01.27 18:09:15.909,1.43755,1.43787,2.25,1.88
2012.01.27 18:09:15.994,1.43751,1.43783,1.50,2.15
2012.01.27 18:09:16.549,1.43751,1.43783,1.50,2.15
2012.01.27 18:09:17.555,1.43751,1.43783,1.50,2.15
2012.01.27 18:09:18.707,1.43753,1.43783,1.50,2.15
2012.01.27 18:09:19.282,1.43754,1.43788,1.50,3.28
2012.01.27 18:09:19.559,1.43751,1.43783,2.25,2.15
2012.01.27 18:09:19.704,1.43751,1.43783,2.25,2.53
2012.01.27 18:09:20.230,1.43748,1.4378,1.88,2.25
2012.01.27 18:09:21.021,1.43748,1.4378,1.88,2.25
2012.01.27 18:09:21.293,1.43744,1.43776,2.82,1.50
2012.01.27 18:09:21.647,1.43747,1.43781,2.82,1.88
2012.01.27 18:09:21.791,1.43747,1.43781,2.07,3.28
2012.01.27 18:09:21.863,1.43747,1.43781,2.07,2.63
2012.01.27 18:09:22.292,1.43747,1.43778,2.25,1.50
2012.01.27 18:09:23.016,1.43744,1.43774,1.50,2.15
2012.01.27 18:09:23.294,1.43736,1.43769,1.69,1.50
2012.01.27 18:09:23.813,1.43736,1.43769,2.07,1.50
2012.01.27 18:09:24.290,1.43738,1.43769,1.69,1.50
2012.01.27 18:09:24.384,1.43738,1.43769,1.69,1.50
2012.01.27 18:09:24.649,1.43743,1.4377,1.50,1.50
2012.01.27 18:09:24.727,1.43743,1.43775,1.50,2.25
2012.01.27 18:09:25.505,1.43741,1.43772,2.25,1.50
2012.01.27 18:09:25.661,1.43735,1.43769,3.00,1.50
2012.01.27 18:09:25.744,1.43735,1.43769,2.25,1.50
2012.01.27 18:09:25.977,1.43731,1.43765,3.00,1.50
2012.01.27 18:09:27.219,1.43735,1.43766,2.25,1.50
2012.01.27 18:09:27.928,1.43731,1.43765,2.44,1.50
2012.01.27 18:09:30.332,1.43735,1.43769,2.25,2.15
2012.01.27 18:09:30.929,1.43735,1.43769,2.25,1.50
2012.01.27 18:09:31.738,1.43735,1.43769,1.50,2.25
2012.01.27 18:09:32.533,1.43735,1.43769,1.69,2.25
2012.01.27 18:09:33.535,1.43735,1.43769,1.50,2.25
2012.01.27 18:09:34.077,1.43735,1.43769,1.50,2.25
2012.01.27 18:09:34.946,1.43735,1.43769,2.25,2.25
2012.01.27 18:09:35.733,1.43735,1.43769,2.25,2.25
2012.01.27 18:09:35.902,1.43727,1.43759,2.25,2.25
2012.01.27 18:09:35.989,1.43727,1.43759,1.50,2.25
2012.01.27 18:09:36.284,1.43726,1.4376,1.69,2.25
2012.01.27 18:09:37.367,1.43726,1.4376,2.07,1.50
2012.01.27 18:09:37.446,1.43727,1.4376,1.13,2.25
2012.01.27 18:09:38.663,1.43727,1.43756,1.13,2.25
2012.01.27 18:09:39.726,1.43727,1.43759,1.88,2.90
2012.01.27 18:09:40.612,1.43727,1.43759,1.88,2.25
2012.01.27 18:09:40.827,1.43727,1.43759,1.88,2.25
2012.01.27 18:09:42.166,1.43727,1.43759,2.82,2.25
2012.01.27 18:09:42.995,1.43727,1.43759,2.63,2.25
2012.01.27 18:09:45.522,1.43727,1.43759,2.63,2.25
2012.01.27 18:09:46.740,1.43721,1.43753,1.50,2.25
2012.01.27 18:09:46.952,1.43721,1.43753,1.50,2.25
2012.01.27 18:09:47.511,1.43722,1.43753,1.13,2.25
2012.01.27 18:09:48.736,1.43721,1.43753,1.32,2.25
2012.01.27 18:09:49.542,1.43719,1.43753,3.94,1.50
2012.01.27 18:09:49.903,1.43719,1.43748,1.69,1.50
2012.01.27 18:09:50.115,1.4372,1.43752,3.86,1.50
2012.01.27 18:09:51.302,1.4372,1.43752,2.36,1.50
2012.01.27 18:09:51.940,1.4372,1.43752,1.50,1.50
2012.01.27 18:09:53.183,1.4372,1.43752,1.69,1.50
2012.01.27 18:09:54.185,1.4372,1.43752,1.88,1.50
2012.01.27 18:09:54.748,1.4372,1.43749,2.63,1.40
2012.01.27 18:09:54.902,1.43721,1.43754,2.25,1.40
2012.01.27 18:09:55.046,1.43721,1.43753,2.25,1.03
2012.01.27 18:09:55.115,1.43722,1.43753,1.13,1.03
2012.01.27 18:09:55.185,1.43722,1.43754,1.13,1.40
2012.01.27 18:09:55.655,1.43722,1.43754,1.13,1.78
2012.01.27 18:09:56.430,1.43721,1.43748,1.50,1.78
2012.01.27 18:09:56.527,1.43714,1.43746,2.44,1.50
2012.01.27 18:09:56.739,1.43718,1.43749,1.50,1.40
2012.01.27 18:09:57.248,1.43718,1.43748,1.50,1.40
2012.01.27 18:09:57.596,1.43718,1.4375,2.44,2.25
2012.01.27 18:09:58.414,1.43716,1.43739,1.69,1.50
2012.01.27 18:09:58.495,1.43708,1.43739,1.32,1.50
2012.01.27 18:09:58.725,1.43708,1.43739,1.69,1.50
2012.01.27 18:09:58.800,1.4371,1.43742,2.25,1.88
2012.01.27 18:09:58.948,1.43715,1.43745,2.37,2.25
2012.01.27 18:09:59.017,1.43715,1.43747,2.37,3.28
2012.01.27 18:10:00.081,1.43714,1.43742,1.69,2.25
2012.01.27 18:10:00.374,1.43711,1.43733,1.50,1.40
2012.01.27 18:10:00.544,1.43711,1.43732,1.50,1.40
2012.01.27 18:10:00.630,1.43701,1.43732,1.69,1.40
2012.01.27 18:10:00.722,1.43703,1.43732,1.32,1.40
2012.01.27 18:10:01.612,1.43704,1.43737,2.82,1.78
2012.01.27 18:10:01.716,1.43701,1.43733,3.19,2.25
2012.01.27 18:10:01.947,1.43702,1.43728,1.50,1.03
2012.01.27 18:10:02.243,1.43702,1.43723,1.50,1.50
2012.01.27 18:10:03.151,1.43701,1.43723,1.50,2.25
2012.01.27 18:10:03.292,1.43703,1.43727,1.50,1.13
2012.01.27 18:10:03.375,1.43703,1.43728,1.50,1.40
2012.01.27 18:10:03.460,1.43703,1.43733,2.25,1.37
2012.01.27 18:10:04.566,1.43704,1.43733,2.25,1.13
2012.01.27 18:10:04.685,1.43704,1.43735,1.50,1.40
2012.01.27 18:10:04.784,1.43704,1.43728,1.50,1.40
2012.01.27 18:10:04.861,1.437,1.43729,2.25,1.40
2012.01.27 18:10:04.948,1.43704,1.43728,2.25,1.40
2012.01.27 18:10:05.252,1.43706,1.43728,1.50,1.40
2012.01.27 18:10:05.402,1.43703,1.43728,2.25,1.40
2012.01.27 18:10:05.482,1.43699,1.43728,1.50,1.40
2012.01.27 18:10:06.242,1.43701,1.43727,1.50,1.13
2012.01.27 18:10:06.523,1.43703,1.43728,1.50,1.40
2012.01.27 18:10:06.600,1.43698,1.43728,1.50,1.40
2012.01.27 18:10:06.749,1.43698,1.43732,1.50,2.25
2012.01.27 18:10:06.974,1.43704,1.43734,1.50,2.25
2012.01.27 18:10:07.330,1.43708,1.4374,1.50,1.40
2012.01.27 18:10:07.970,1.43708,1.43736,1.50,1.50
2012.01.27 18:10:08.258,1.43708,1.43732,1.50,1.40
2012.01.27 18:10:08.744,1.43708,1.43732,1.50,1.40
2012.01.27 18:10:10.978,1.43706,1.43732,1.50,1.40
2012.01.27 18:10:11.058,1.43704,1.43731,1.50,1.40
2012.01.27 18:10:11.136,1.43704,1.43729,1.50,1.40
2012.01.27 18:10:11.491,1.43697,1.4372,1.50,1.78
2012.01.27 18:10:12.161,1.43695,1.43719,1.50,1.40
2012.01.27 18:10:12.251,1.43699,1.43724,1.50,1.40
2012.01.27 18:10:12.609,1.43696,1.43721,1.50,1.13
2012.01.27 18:10:12.964,1.43699,1.43721,1.50,1.13
2012.01.27 18:10:16.324,1.43699,1.43721,1.50,1.13
2012.01.27 18:10:16.679,1.43703,1.4372,1.50,1.13
2012.01.27 18:10:17.529,1.43701,1.43723,1.50,1.13
2012.01.27 18:10:17.617,1.43697,1.43723,1.50,1.13
2012.01.27 18:10:17.695,1.43702,1.43725,1.50,1.40
2012.01.27 18:10:18.054,1.43706,1.43726,1.50,1.78
2012.01.27 18:10:18.272,1.43703,1.43725,1.69,1.40
2012.01.27 18:10:19.241,1.43706,1.43725,1.50,1.40
2012.01.27 18:10:19.816,1.43706,1.43725,1.50,1.40
2012.01.27 18:10:20.206,1.43706,1.43727,1.50,1.40
2012.01.27 18:10:20.606,1.43706,1.43727,1.50,1.40
2012.01.27 18:10:21.557,1.43702,1.43727,1.69,1.40
2012.01.27 18:10:21.720,1.43702,1.43727,1.69,1.40
2012.01.27 18:10:21.873,1.43702,1.43727,6.19,1.40
2012.01.27 18:10:22.090,1.43702,1.43727,2.44,1.40
2012.01.27 18:10:22.168,1.43702,1.43732,2.44,1.40
2012.01.27 18:10:22.307,1.43702,1.43731,1.88,1.40
2012.01.27 18:10:23.283,1.43707,1.43729,1.50,1.40
2012.01.27 18:10:23.624,1.43702,1.43729,1.69,1.78
2012.01.27 18:10:24.294,1.43706,1.43729,1.69,1.78
2012.01.27 18:10:24.780,1.43706,1.43732,1.69,1.40
2012.01.27 18:10:25.304,1.43706,1.43733,1.69,1.78
2012.01.27 18:10:25.374,1.4371,1.43733,1.50,1.78
2012.01.27 18:10:26.082,1.4371,1.43733,2.44,1.03
2012.01.27 18:10:26.160,1.4371,1.43736,2.44,1.40
2012.01.27 18:10:26.775,1.4371,1.43738,1.88,1.78
2012.01.27 18:10:26.844,1.4371,1.43738,1.88,1.13
2012.01.27 18:10:27.113,1.4371,1.43741,1.88,1.40
2012.01.27 18:10:27.526,1.4371,1.43741,1.50,1.40
2012.01.27 18:10:27.804,1.4371,1.43741,1.88,1.40
2012.01.27 18:10:29.684,1.43713,1.43741,1.69,1.40
2012.01.27 18:10:30.326,1.43713,1.43742,1.69,1.40
2012.01.27 18:10:30.776,1.43713,1.4374,1.69,1.40
2012.01.27 18:10:33.292,1.43713,1.4374,1.69,1.40
2012.01.27 18:10:36.253,1.43713,1.4374,1.69,1.40
2012.01.27 18:10:39.463,1.43713,1.4374,1.69,1.40
2012.01.27 18:10:41.197,1.43713,1.4374,1.69,1.40
2012.01.27 18:10:41.464,1.43713,1.43744,1.69,1.13
2012.01.27 18:10:41.596,1.43713,1.43747,1.69,2.15
2012.01.27 18:10:43.064,1.43713,1.43747,1.69,2.15
2012.01.27 18:10:43.138,1.43713,1.43747,1.69,2.15
2012.01.27 18:10:43.480,1.43713,1.43747,1.69,1.50
2012.01.27 18:10:43.561,1.43713,1.43747,1.50,1.50
2012.01.27 18:10:43.710,1.4371,1.43742,2.25,1.50
2012.01.27 18:10:43.789,1.4371,1.43742,2.25,1.50
2012.01.27 18:10:43.866,1.43706,1.43738,2.44,1.50
2012.01.27 18:10:44.175,1.4371,1.43738,1.13,1.50
2012.01.27 18:10:44.575,1.4371,1.43738,1.13,1.88
2012.01.27 18:10:45.555,1.43706,1.43736,2.25,1.03
2012.01.27 18:10:45.640,1.43706,1.43736,1.69,1.03
2012.01.27 18:10:45.788,1.43706,1.43736,2.25,1.03
2012.01.27 18:10:46.126,1.43706,1.43735,2.25,1.03
2012.01.27 18:10:46.385,1.43706,1.43738,2.44,2.15
2012.01.27 18:10:46.808,1.43706,1.4373,1.69,1.03
2012.01.27 18:10:47.091,1.43706,1.4373,1.50,1.03
2012.01.27 18:10:47.730,1.43706,1.43729,1.50,1.03
2012.01.27 18:10:47.822,1.437,1.43728,1.69,1.78
2012.01.27 18:10:47.906,1.437,1.43731,1.69,2.15
2012.01.27 18:10:47.987,1.437,1.4373,1.50,1.50
2012.01.27 18:10:48.483,1.43703,1.43732,4.69,1.50
2012.01.27 18:10:48.559,1.43705,1.43735,1.50,1.50
2012.01.27 18:10:48.644,1.43704,1.43737,3.57,1.03
2012.01.27 18:10:49.269,1.43703,1.43729,1.50,2.53
2012.01.27 18:10:49.572,1.43697,1.43729,1.69,2.15
2012.01.27 18:10:49.648,1.43697,1.43729,1.50,2.15
2012.01.27 18:10:49.802,1.43697,1.43729,2.25,2.15
2012.01.27 18:10:50.023,1.43696,1.43724,1.50,1.50
2012.01.27 18:10:50.245,1.43691,1.43722,2.01,1.50
2012.01.27 18:10:50.943,1.43692,1.43722,1.50,1.50
2012.01.27 18:10:51.032,1.43697,1.43731,2.63,2.15
2012.01.27 18:10:51.116,1.43697,1.43729,2.63,1.03
2012.01.27 18:10:51.258,1.43697,1.4373,2.63,1.03
2012.01.27 18:10:51.770,1.43697,1.4373,1.50,1.78
2012.01.27 18:10:51.926,1.43695,1.43726,1.50,2.53
2012.01.27 18:10:52.654,1.43695,1.43725,1.50,2.53
2012.01.27 18:10:52.955,1.43693,1.4372,1.50,2.53
2012.01.27 18:10:53.313,1.43686,1.43719,3.38,1.40
2012.01.27 18:10:53.392,1.43686,1.43719,3.38,1.78
2012.01.27 18:10:54.143,1.43686,1.4372,3.00,2.53
2012.01.27 18:10:54.404,1.43694,1.43724,1.50,1.50
2012.01.27 18:10:54.703,1.43695,1.43726,2.25,1.50
2012.01.27 18:10:54.864,1.43695,1.43729,2.25,1.50
2012.01.27 18:10:55.723,1.43695,1.43727,2.25,1.50
2012.01.27 18:10:55.805,1.43695,1.43729,2.25,1.50
2012.01.27 18:10:56.020,1.43695,1.43729,2.25,2.15
2012.01.27 18:10:56.169,1.43699,1.4373,1.50,2.15
2012.01.27 18:10:56.250,1.43699,1.43732,1.50,1.13
2012.01.27 18:10:56.598,1.43699,1.43733,2.25,1.50
2012.01.27 18:10:56.964,1.43704,1.43738,2.44,1.50
2012.01.27 18:10:57.662,1.43711,1.43741,1.88,1.50
2012.01.27 18:10:57.749,1.43714,1.43746,1.50,1.50
2012.01.27 18:10:57.967,1.43714,1.43746,3.00,1.50
2012.01.27 18:10:58.175,1.43718,1.4375,1.50,1.50
2012.01.27 18:10:58.466,1.43719,1.4375,1.50,1.50
2012.01.27 18:10:58.613,1.43718,1.4375,1.88,1.50
2012.01.27 18:10:59.334,1.43724,1.43751,1.50,2.25
2012.01.27 18:10:59.640,1.43714,1.43746,4.50,1.50
2012.01.27 18:10:59.725,1.43717,1.43749,1.50,3.00
2012.01.27 18:10:59.803,1.43714,1.43746,3.19,1.50
2012.01.27 18:10:59.950,1.43714,1.43746,2.63,1.50
2012.01.27 18:11:00.170,1.43714,1.43746,2.44,1.50
2012.01.27 18:11:00.379,1.43716,1.43749,2.44,2.15
2012.01.27 18:11:01.034,1.43713,1.43747,2.25,1.50
2012.01.27 18:11:01.198,1.43714,1.43746,1.50,1.50
2012.01.27 18:11:01.827,1.43715,1.43746,1.50,1.50
2012.01.27 18:11:02.216,1.43714,1.43744,1.50,1.50
2012.01.27 18:11:02.356,1.43709,1.43743,1.50,2.25
2012.01.27 18:11:03.992,1.43706,1.4374,2.25,1.50
2012.01.27 18:11:04.533,1.43706,1.4374,2.25,1.50
2012.01.27 18:11:05.265,1.43702,1.43735,1.50,1.40
2012.01.27 18:11:05.409,1.43699,1.43731,1.50,1.50
2012.01.27 18:11:05.560,1.43699,1.43731,1.50,2.15
2012.01.27 18:11:05.920,1.43699,1.43729,1.50,1.40
2012.01.27 18:11:07.257,1.43699,1.43731,1.50,2.15
2012.01.27 18:11:07.675,1.43699,1.43731,1.50,1.50
2012.01.27 18:11:08.097,1.43699,1.43729,1.50,2.15
2012.01.27 18:11:08.165,1.43695,1.43723,1.50,1.78
2012.01.27 18:11:08.487,1.43691,1.43723,1.50,3.28
2012.01.27 18:11:09.418,1.43695,1.43723,1.50,1.03
2012.01.27 18:11:09.957,1.43691,1.43723,1.50,2.53
2012.01.27 18:11:10.747,1.43691,1.43723,1.50,2.53
2012.01.27 18:11:13.086,1.4369,1.43721,1.50,2.15
2012.01.27 18:11:13.865,1.4369,1.43721,1.50,1.50
2012.01.27 18:11:13.940,1.4369,1.43721,2.25,1.50
2012.01.27 18:11:14.786,1.4369,1.43721,1.50,1.03
2012.01.27 18:11:15.356,1.43686,1.4372,3.19,2.15
2012.01.27 18:11:15.905,1.43686,1.43717,2.25,1.50
2012.01.27 18:11:16.262,1.43684,1.43715,2.18,2.15
2012.01.27 18:11:16.965,1.43684,1.43715,3.49,1.50
2012.01.27 18:11:17.894,1.43686,1.43715,1.13,1.50
2012.01.27 18:11:18.366,1.43684,1.43714,1.13,1.50
2012.01.27 18:11:18.440,1.43684,1.43716,1.13,1.88
2012.01.27 18:11:18.982,1.43686,1.43719,1.50,1.78
2012.01.27 18:11:21.459,1.43685,1.43715,2.25,1.50
2012.01.27 18:11:22.176,1.43685,1.43715,2.18,1.50
2012.01.27 18:11:22.472,1.43685,1.43712,1.13,1.50
2012.01.27 18:11:22.759,1.4368,1.43712,3.87,1.50
2012.01.27 18:11:22.905,1.43683,1.43714,2.25,1.50
2012.01.27 18:11:23.492,1.43683,1.43715,1.50,1.50
2012.01.27 18:11:25.505,1.43683,1.43715,1.50,2.90
2012.01.27 18:11:27.311,1.43683,1.43715,3.68,2.25
2012.01.27 18:11:27.402,1.4368,1.43707,1.43,1.50
2012.01.27 18:11:27.495,1.43679,1.4371,1.43,1.13
2012.01.27 18:11:28.064,1.43678,1.4371,2.93,1.13
2012.01.27 18:11:28.141,1.43683,1.4371,1.50,1.13
2012.01.27 18:11:28.357,1.43679,1.4371,1.69,1.13
2012.01.27 18:11:28.428,1.43679,1.4371,1.50,1.13
2012.01.27 18:11:29.178,1.43679,1.43709,1.50,1.78
2012.01.27 18:11:29.587,1.43676,1.43706,2.25,1.40
2012.01.27 18:11:30.307,1.43676,1.43704,2.25,1.40
2012.01.27 18:11:30.523,1.43679,1.43704,1.50,1.40
2012.01.27 18:11:30.663,1.43675,1.43704,2.44,1.40
2012.01.27 18:11:32.014,1.4368,1.43705,1.50,1.40
2012.01.27 18:11:32.365,1.43683,1.43704,1.50,1.40
2012.01.27 18:11:32.854,1.43683,1.43711,1.50,1.40
2012.01.27 18:11:33.707,1.43683,1.43712,1.50,1.40
2012.01.27 18:11:34.470,1.43683,1.43711,1.50,1.40
2012.01.27 18:11:34.871,1.43682,1.4371,1.50,1.40
2012.01.27 18:11:35.316,1.43682,1.43716,1.50,2.50
2012.01.27 18:11:36.519,1.43682,1.43716,2.25,1.50
2012.01.27 18:11:39.931,1.43687,1.43719,2.25,2.15
2012.01.27 18:11:40.438,1.43687,1.43719,2.25,2.15
2012.01.27 18:11:41.026,1.43687,1.43719,2.25,2.15
2012.01.27 18:11:42.292,1.43687,1.43719,2.25,1.50
2012.01.27 18:11:42.830,1.43687,1.43719,2.25,1.50
2012.01.27 18:11:43.175,1.43695,1.43719,1.26,1.50
2012.01.27 18:11:43.386,1.43695,1.43721,2.01,1.50
2012.01.27 18:11:43.938,1.43695,1.43722,2.01,1.50
2012.01.27 18:11:44.649,1.43695,1.43722,1.50,1.50
2012.01.27 18:11:44.916,1.43693,1.4372,1.26,1.50
2012.01.27 18:11:45.116,1.43688,1.4372,1.26,1.50
2012.01.27 18:11:50.040,1.43689,1.43723,2.25,1.50
2012.01.27 18:11:51.008,1.43689,1.43723,2.25,2.25
2012.01.27 18:11:51.161,1.43689,1.43723,2.25,1.50
2012.01.27 18:11:53.218,1.43689,1.43723,2.25,1.69
2012.01.27 18:11:53.304,1.43694,1.43725,2.25,2.83
2012.01.27 18:11:54.194,1.43694,1.43725,2.25,1.50
2012.01.27 18:11:54.283,1.43694,1.43726,2.25,1.50
2012.01.27 18:11:54.749,1.43694,1.43717,2.25,1.03
2012.01.27 18:11:54.828,1.43694,1.43717,1.50,1.03
2012.01.27 18:11:55.379,1.43694,1.43717,1.50,1.03
2012.01.27 18:11:56.345,1.43694,1.43718,1.50,1.03
2012.01.27 18:11:58.155,1.43694,1.43718,1.50,1.03
2012.01.27 18:11:58.294,1.43689,1.43718,2.25,1.03
2012.01.27 18:11:59.408,1.43692,1.43718,1.50,1.03
2012.01.27 18:12:00.011,1.43692,1.43718,1.50,1.03
2012.01.27 18:12:00.867,1.43692,1.43718,1.50,1.03
2012.01.27 18:12:01.183,1.43692,1.43718,2.25,1.03
2012.01.27 18:12:01.765,1.43692,1.43719,2.25,1.03
2012.01.27 18:12:02.450,1.43692,1.43719,2.25,1.03
2012.01.27 18:12:03.512,1.43688,1.43722,2.25,2.15
2012.01.27 18:12:03.589,1.43688,1.43722,2.25,2.15
2012.01.27 18:12:03.740,1.43688,1.43722,2.25,2.15
2012.01.27 18:12:04.606,1.43688,1.43714,2.25,1.03
2012.01.27 18:12:05.167,1.43688,1.43714,2.25,1.03
2012.01.27 18:12:05.438,1.43684,1.43714,2.25,1.03
2012.01.27 18:12:06.323,1.4368,1.43714,2.25,2.15
2012.01.27 18:12:06.885,1.4368,1.43714,2.25,2.15
2012.01.27 18:12:07.423,1.4368,1.43714,2.25,2.15
2012.01.27 18:12:08.361,1.4368,1.43714,2.25,2.15
2012.01.27 18:12:08.451,1.43677,1.43708,2.25,1.03
2012.01.27 18:12:08.599,1.43677,1.43708,2.25,1.03
2012.01.27 18:12:08.818,1.43677,1.43706,1.26,1.50
2012.01.27 18:12:09.161,1.4368,1.43706,1.26,1.50
2012.01.27 18:12:09.378,1.4368,1.43708,1.26,1.50
2012.01.27 18:12:09.449,1.4368,1.4371,1.26,1.50
2012.01.27 18:12:10.777,1.4368,1.43714,2.25,2.25
2012.01.27 18:12:11.132,1.43685,1.43716,2.25,1.50
2012.01.27 18:12:11.353,1.43681,1.43713,2.25,1.50
2012.01.27 18:12:12.780,1.43681,1.43713,2.25,1.50
2012.01.27 18:12:15.812,1.43681,1.43713,2.25,1.50
2012.01.27 18:12:17.887,1.43688,1.43713,1.50,1.50
2012.01.27 18:12:18.215,1.43695,1.43719,1.26,1.50
2012.01.27 18:12:18.426,1.43697,1.43729,2.25,1.50
2012.01.27 18:12:18.494,1.43697,1.43729,2.25,1.50
2012.01.27 18:12:20.410,1.43703,1.43733,1.26,1.50
2012.01.27 18:12:20.488,1.43703,1.43733,1.26,1.50
2012.01.27 18:12:20.703,1.43699,1.43733,2.25,1.50
2012.01.27 18:12:20.916,1.43695,1.43727,2.25,1.50
2012.01.27 18:12:21.115,1.43695,1.43727,2.25,1.50
2012.01.27 18:12:23.359,1.43698,1.43727,4.50,1.50
2012.01.27 18:12:23.456,1.43706,1.43738,1.50,1.50
2012.01.27 18:12:24.378,1.43706,1.43738,1.50,2.25
2012.01.27 18:12:24.804,1.43704,1.43735,1.50,1.50
2012.01.27 18:12:24.875,1.43701,1.43735,1.88,1.50
2012.01.27 18:12:25.768,1.43701,1.43735,1.50,2.25
2012.01.27 18:12:25.916,1.43701,1.43735,1.50,1.50
2012.01.27 18:12:26.655,1.43701,1.43735,2.44,1.50
2012.01.27 18:12:27.120,1.43698,1.4373,2.44,1.50
2012.01.27 18:12:27.396,1.43698,1.4373,2.44,1.50
2012.01.27 18:12:29.136,1.43701,1.43735,1.50,2.90
2012.01.27 18:12:29.266,1.43701,1.43735,1.50,2.90
2012.01.27 18:12:29.413,1.43697,1.43729,1.50,1.50
2012.01.27 18:12:29.567,1.43697,1.43729,2.25,1.50
2012.01.27 18:12:29.987,1.437,1.43732,1.50,1.50
2012.01.27 18:12:30.060,1.437,1.43732,2.25,1.50
2012.01.27 18:12:30.424,1.43708,1.4374,2.25,1.50
2012.01.27 18:12:31.088,1.43708,1.4374,2.25,1.50
2012.01.27 18:12:35.505,1.43709,1.4374,1.13,1.50
2012.01.27 18:12:35.978,1.4371,1.4374,1.13,1.50
2012.01.27 18:12:36.506,1.4371,1.4374,1.13,1.50
2012.01.27 18:12:36.975,1.43708,1.4374,1.50,2.25
2012.01.27 18:12:38.047,1.43708,1.4374,1.88,2.25
2012.01.27 18:12:40.236,1.43708,1.4374,1.69,2.25
2012.01.27 18:12:41.150,1.43708,1.4374,1.50,2.25
2012.01.27 18:12:41.726,1.43708,1.4374,1.88,2.25
2012.01.27 18:12:42.667,1.43703,1.43737,1.50,2.25
2012.01.27 18:12:43.429,1.43703,1.43737,1.50,2.25
2012.01.27 18:12:44.533,1.43703,1.43737,1.50,2.25
2012.01.27 18:12:45.533,1.43703,1.43734,1.69,2.25
2012.01.27 18:12:45.894,1.43715,1.43746,1.50,1.43
2012.01.27 18:12:45.976,1.43715,1.43746,2.25,2.69
2012.01.27 18:12:46.326,1.43716,1.43745,1.88,1.50
2012.01.27 18:12:46.904,1.43716,1.43745,1.13,2.25
2012.01.27 18:12:46.985,1.4371,1.43742,2.44,1.50
2012.01.27 18:12:47.056,1.4371,1.43742,1.69,1.50
2012.01.27 18:12:47.125,1.4371,1.4374,1.69,1.50
2012.01.27 18:12:47.265,1.43706,1.43739,1.69,1.50
2012.01.27 18:12:47.817,1.43705,1.43739,2.44,1.50
2012.01.27 18:12:49.842,1.43705,1.43739,2.44,1.50
2012.01.27 18:12:50.197,1.437,1.4373,1.50,1.50
2012.01.27 18:12:50.541,1.43716,1.4373,1.50,1.50
2012.01.27 18:12:50.624,1.43718,1.43739,1.50,1.43
2012.01.27 18:12:50.700,1.43718,1.43743,1.50,1.50
2012.01.27 18:12:50.849,1.43714,1.43739,1.50,1.50
2012.01.27 18:12:51.132,1.43704,1.43738,2.25,1.50
2012.01.27 18:12:51.386,1.43703,1.43733,3.19,1.50
2012.01.27 18:12:52.222,1.43698,1.4373,2.44,1.50
2012.01.27 18:12:52.433,1.43693,1.43725,2.44,1.50
2012.01.27 18:12:54.274,1.43693,1.43725,2.25,1.50
2012.01.27 18:12:54.617,1.43697,1.4373,1.69,1.50
2012.01.27 18:12:54.814,1.43697,1.4373,1.50,1.50
2012.01.27 18:12:57.183,1.43697,1.43727,1.50,1.50
2012.01.27 18:12:57.959,1.43692,1.43726,2.25,1.50
2012.01.27 18:12:59.295,1.43695,1.43726,2.44,1.50
2012.01.27 18:12:59.366,1.43696,1.4373,2.25,2.15
2012.01.27 18:12:59.637,1.43703,1.43734,1.50,1.40
2012.01.27 18:13:00.144,1.43703,1.43735,2.25,2.15
2012.01.27 18:13:00.729,1.43703,1.43735,2.25,2.15
2012.01.27 18:13:01.236,1.43703,1.43735,2.25,2.15
2012.01.27 18:13:01.595,1.4371,1.4374,2.25,2.15
2012.01.27 18:13:01.667,1.43704,1.43738,2.25,1.50
2012.01.27 18:13:01.799,1.43704,1.43738,2.25,1.50
2012.01.27 18:13:01.879,1.43701,1.43733,2.25,1.50
2012.01.27 18:13:02.025,1.43701,1.43733,2.25,1.50
2012.01.27 18:13:05.078,1.43701,1.43733,1.50,2.25
2012.01.27 18:13:05.266,1.43701,1.43733,2.25,2.15
2012.01.27 18:13:11.705,1.43701,1.43733,2.25,1.50
2012.01.27 18:13:12.774,1.43701,1.43733,1.50,1.50
2012.01.27 18:13:13.709,1.43701,1.43733,2.25,1.50
2012.01.27 18:13:13.789,1.43706,1.43738,1.50,1.50
2012.01.27 18:13:14.746,1.43706,1.43738,2.25,2.25
2012.01.27 18:13:15.261,1.43706,1.43738,2.25,1.50
2012.01.27 18:13:16.533,1.4371,1.43742,1.50,2.25
2012.01.27 18:13:17.322,1.43715,1.43742,1.13,1.50
2012.01.27 18:13:17.416,1.43716,1.43746,1.50,1.50
2012.01.27 18:13:18.405,1.43717,1.43749,1.50,1.50
2012.01.27 18:13:18.768,1.43717,1.43749,1.50,2.25
2012.01.27 18:13:19.534,1.43713,1.43747,2.25,2.25
2012.01.27 18:13:19.806,1.43713,1.43747,2.25,2.25
2012.01.27 18:13:19.951,1.43716,1.43747,1.69,2.25
2012.01.27 18:13:20.606,1.43717,1.4375,1.50,1.50
2012.01.27 18:13:20.947,1.43717,1.4375,1.50,1.50
2012.01.27 18:13:21.482,1.43717,1.4375,2.25,1.50
2012.01.27 18:13:22.319,1.43717,1.4375,2.82,1.50
2012.01.27 18:13:22.408,1.43722,1.4375,1.50,1.50
2012.01.27 18:13:22.784,1.43715,1.43749,2.25,1.50
2012.01.27 18:13:22.862,1.43715,1.43749,1.88,2.25
2012.01.27 18:13:22.940,1.43715,1.43749,1.88,1.50
2012.01.27 18:13:23.285,1.43715,1.43749,1.88,1.50
2012.01.27 18:13:23.353,1.43715,1.43749,1.88,1.50
2012.01.27 18:13:24.488,1.43715,1.43749,1.50,2.25
2012.01.27 18:13:24.570,1.43706,1.4374,2.25,1.50
2012.01.27 18:13:26.625,1.43705,1.43735,2.63,1.50
2012.01.27 18:13:26.765,1.43704,1.43735,1.13,1.50
2012.01.27 18:13:27.496,1.43703,1.43735,2.25,1.50
2012.01.27 18:13:27.610,1.43703,1.43733,2.25,2.25
2012.01.27 18:13:27.935,1.43694,1.43726,2.25,2.15
2012.01.27 18:13:28.152,1.4369,1.43722,2.25,1.50
2012.01.27 18:13:28.435,1.43688,1.43722,2.25,1.50
2012.01.27 18:13:31.367,1.43688,1.43722,2.25,1.69
2012.01.27 18:13:31.580,1.43688,1.43722,1.50,2.25
2012.01.27 18:13:32.203,1.43688,1.43722,2.25,1.50
2012.01.27 18:13:34.716,1.43688,1.43722,2.25,2.25
2012.01.27 18:13:34.785,1.43688,1.43722,1.50,2.44
2012.01.27 18:13:36.552,1.43692,1.43726,1.50,5.27
2012.01.27 18:13:36.779,1.43692,1.43725,1.50,1.40
2012.01.27 18:13:37.006,1.43689,1.43721,1.50,1.50
2012.01.27 18:13:37.546,1.43689,1.43721,2.25,1.50
2012.01.27 18:13:39.159,1.43689,1.43721,1.50,1.50
2012.01.27 18:13:49.001,1.43689,1.43721,2.25,1.50
2012.01.27 18:13:49.207,1.43689,1.43721,1.50,1.50
2012.01.27 18:13:57.952,1.43693,1.43725,1.50,2.15
2012.01.27 18:13:58.664,1.43693,1.43725,1.50,2.15
2012.01.27 18:13:58.750,1.43688,1.43722,1.50,1.50
2012.01.27 18:13:59.724,1.43688,1.43722,1.50,2.25
2012.01.27 18:14:01.977,1.43688,1.43721,1.50,1.59
2012.01.27 18:14:02.629,1.43688,1.43721,1.50,1.59
2012.01.27 18:14:03.193,1.43688,1.43721,1.50,1.59
2012.01.27 18:14:03.749,1.43688,1.43721,1.50,1.59
2012.01.27 18:14:04.110,1.43692,1.43721,1.50,1.40
2012.01.27 18:14:04.917,1.43692,1.43718,1.50,1.40
2012.01.27 18:14:05.375,1.43693,1.43725,1.50,1.40
2012.01.27 18:14:08.547,1.43693,1.43725,1.50,1.40
2012.01.27 18:14:09.292,1.43693,1.43725,1.50,1.40
2012.01.27 18:14:09.933,1.43693,1.43725,1.50,1.40
2012.01.27 18:14:10.425,1.43689,1.43723,2.25,1.50
2012.01.27 18:14:13.903,1.43689,1.43723,1.50,2.25
2012.01.27 18:14:15.015,1.43687,1.43719,3.75,1.50
2012.01.27 18:14:15.314,1.43687,1.43719,1.50,1.50
2012.01.27 18:14:16.081,1.43683,1.43716,1.50,1.50
2012.01.27 18:14:17.134,1.43687,1.43719,2.25,1.50
2012.01.27 18:14:17.859,1.43687,1.43719,2.63,1.50
2012.01.27 18:14:18.564,1.4369,1.43723,1.50,2.25
2012.01.27 18:14:18.875,1.43693,1.43713,1.13,1.50
2012.01.27 18:14:19.106,1.43691,1.43713,1.50,1.50
2012.01.27 18:14:19.193,1.43688,1.43709,1.50,1.50
2012.01.27 18:14:19.555,1.43687,1.43715,1.88,1.50
2012.01.27 18:14:20.302,1.43687,1.43719,3.00,1.50
2012.01.27 18:14:20.386,1.43688,1.43719,1.50,1.50
2012.01.27 18:14:20.527,1.43688,1.43719,1.50,1.50
2012.01.27 18:14:20.728,1.43687,1.43717,3.00,1.50
2012.01.27 18:14:21.072,1.43688,1.43715,1.50,1.50
2012.01.27 18:14:21.428,1.43688,1.43715,1.50,1.50
2012.01.27 18:14:22.910,1.43688,1.43717,1.50,1.50
2012.01.27 18:14:22.988,1.43688,1.4372,1.50,2.93
2012.01.27 18:14:26.338,1.43687,1.4372,1.50,1.50
2012.01.27 18:14:26.666,1.43688,1.4372,1.50,1.50
2012.01.27 18:14:29.803,1.43698,1.43727,1.13,1.50
2012.01.27 18:14:30.344,1.43698,1.43727,1.13,1.50
2012.01.27 18:14:33.201,1.43699,1.43731,2.63,2.25
2012.01.27 18:14:33.700,1.43701,1.43731,1.50,1.50
2012.01.27 18:14:33.925,1.43701,1.43731,1.50,1.50
2012.01.27 18:14:40.496,1.43701,1.43731,1.50,1.50
2012.01.27 18:14:40.833,1.437,1.43731,1.50,1.50
2012.01.27 18:14:42.672,1.43704,1.43731,1.50,1.50
2012.01.27 18:14:42.762,1.43703,1.43735,1.50,2.44
2012.01.27 18:14:42.849,1.43704,1.43735,1.50,1.69
2012.01.27 18:14:42.941,1.43703,1.43735,2.25,1.69
2012.01.27 18:14:43.095,1.43708,1.43739,1.50,1.50
2012.01.27 18:14:43.170,1.43708,1.43737,1.50,1.50
2012.01.27 18:14:43.461,1.43707,1.43739,1.50,2.25
2012.01.27 18:14:43.544,1.43703,1.43735,1.50,1.50
2012.01.27 18:14:44.727,1.43703,1.43735,2.25,1.50
2012.01.27 18:14:45.441,1.43703,1.43735,2.25,1.50
2012.01.27 18:14:46.144,1.437,1.4373,1.13,1.50
2012.01.27 18:14:46.234,1.437,1.4373,1.13,2.25
2012.01.27 18:14:46.382,1.43702,1.4373,2.25,2.25
2012.01.27 18:14:46.600,1.437,1.43732,2.63,2.25
2012.01.27 18:14:47.156,1.437,1.43732,2.63,1.50
2012.01.27 18:14:48.048,1.437,1.43732,1.88,1.50
2012.01.27 18:14:48.693,1.43696,1.4373,2.25,1.50
2012.01.27 18:14:48.916,1.43704,1.43738,2.25,1.50
2012.01.27 18:14:48.992,1.43704,1.43736,2.25,1.50
2012.01.27 18:14:49.350,1.43703,1.43734,1.50,1.50
2012.01.27 18:14:49.706,1.43705,1.43739,2.25,1.50
2012.01.27 18:14:50.596,1.43705,1.43739,1.50,1.50
2012.01.27 18:14:51.489,1.43705,1.43736,1.50,1.50
2012.01.27 18:14:51.567,1.43701,1.43735,2.25,1.50
2012.01.27 18:14:52.205,1.43702,1.43735,1.13,1.50
2012.01.27 18:14:53.033,1.43706,1.43738,2.25,1.50
2012.01.27 18:14:56.139,1.43706,1.43738,1.50,2.25
2012.01.27 18:14:58.076,1.43702,1.43734,2.25,1.50
2012.01.27 18:15:01.435,1.43702,1.43734,1.50,2.25
2012.01.27 18:15:03.140,1.43697,1.43731,2.25,1.50
2012.01.27 18:15:03.988,1.43697,1.43731,1.50,1.50
2012.01.27 18:15:04.068,1.43694,1.43726,2.63,1.50
2012.01.27 18:15:04.315,1.43698,1.4373,1.50,1.50
2012.01.27 18:15:06.735,1.43698,1.4373,2.25,1.50
2012.01.27 18:15:07.425,1.43698,1.4373,1.50,1.50
2012.01.27 18:15:09.490,1.43698,1.4373,1.50,2.25
2012.01.27 18:15:10.433,1.43698,1.4373,1.50,1.50
2012.01.27 18:15:11.069,1.43701,1.43735,1.50,2.25
2012.01.27 18:15:11.326,1.43701,1.43735,1.50,2.25
2012.01.27 18:15:13.038,1.43701,1.43732,1.50,1.50
2012.01.27 18:15:13.888,1.43698,1.4373,1.50,1.50
2012.01.27 18:15:13.960,1.43694,1.43726,2.25,1.50
2012.01.27 18:15:20.147,1.43697,1.43731,1.50,2.25
2012.01.27 18:15:20.276,1.43697,1.43731,2.25,1.50
2012.01.27 18:15:23.412,1.43693,1.43727,2.25,1.50
2012.01.27 18:15:28.286,1.43693,1.43727,2.25,1.50
2012.01.27 18:15:29.150,1.43689,1.43723,2.25,1.50
2012.01.27 18:15:29.239,1.43694,1.43725,2.25,1.50
2012.01.27 18:15:29.785,1.43694,1.43726,2.25,1.50
2012.01.27 18:15:30.313,1.43694,1.43726,2.25,1.50
2012.01.27 18:15:30.389,1.43694,1.43723,2.25,1.50
2012.01.27 18:15:30.669,1.43696,1.4373,1.50,2.25
2012.01.27 18:15:31.306,1.43696,1.4373,2.25,1.50
2012.01.27 18:15:31.896,1.43696,1.4373,2.25,1.50
2012.01.27 18:15:32.675,1.43696,1.4373,2.25,1.50
2012.01.27 18:15:33.826,1.437,1.43732,1.50,2.90
2012.01.27 18:15:35.110,1.437,1.4373,2.25,1.50
2012.01.27 18:15:35.844,1.43697,1.43728,1.50,1.50
2012.01.27 18:15:41.952,1.437,1.43732,2.25,2.25
2012.01.27 18:15:47.301,1.43697,1.43729,3.38,1.50
2012.01.27 18:15:48.839,1.43697,1.43729,3.00,1.50
2012.01.27 18:15:50.052,1.43695,1.43726,3.00,1.50
2012.01.27 18:15:50.793,1.43695,1.43727,3.00,1.50
2012.01.27 18:15:51.335,1.43695,1.43727,2.25,1.50
2012.01.27 18:15:51.707,1.43691,1.43724,1.50,1.50
2012.01.27 18:15:51.967,1.43695,1.43727,1.50,2.25
2012.01.27 18:15:52.739,1.43695,1.43727,1.50,1.50
2012.01.27 18:15:55.467,1.43695,1.43724,2.25,1.50
2012.01.27 18:15:56.004,1.4369,1.43723,1.50,1.50
2012.01.27 18:15:56.278,1.4369,1.43723,1.50,1.50
2012.01.27 18:15:56.349,1.4369,1.4372,1.50,1.50
2012.01.27 18:15:56.498,1.43691,1.43722,1.50,1.50
2012.01.27 18:15:57.169,1.43691,1.43723,1.50,1.50
2012.01.27 18:15:59.536,1.43691,1.43723,2.25,1.50
2012.01.27 18:15:59.908,1.437,1.43723,1.50,1.50
2012.01.27 18:16:00.116,1.437,1.43732,1.50,1.50
2012.01.27 18:16:00.757,1.437,1.43732,1.50,1.50
2012.01.27 18:16:01.066,1.43705,1.43735,1.50,1.50
2012.01.27 18:16:01.414,1.43705,1.43732,1.50,1.50
2012.01.27 18:16:01.915,1.43705,1.43732,1.50,1.50
2012.01.27 18:16:02.707,1.43705,1.43732,1.50,1.50
2012.01.27 18:16:05.435,1.43705,1.43736,1.50,1.50
2012.01.27 18:16:11.872,1.43704,1.43736,1.50,1.50
2012.01.27 18:16:17.052,1.43705,1.43736,1.13,1.50
2012.01.27 18:16:25.666,1.43705,1.43736,1.88,2.25
2012.01.27 18:16:26.378,1.43705,1.43735,1.88,1.13
2012.01.27 18:16:27.220,1.43705,1.43731,1.50,1.69
2012.01.27 18:16:27.365,1.43705,1.43731,1.50,1.50
2012.01.27 18:16:27.437,1.43705,1.43731,1.50,2.25
2012.01.27 18:16:27.650,1.43701,1.43731,1.13,2.25
2012.01.27 18:16:27.726,1.43701,1.43731,1.13,1.50
2012.01.27 18:16:27.866,1.43702,1.43731,1.13,1.50
2012.01.27 18:16:28.127,1.43703,1.43737,2.25,2.25
2012.01.27 18:16:28.376,1.43706,1.43737,1.50,1.50
2012.01.27 18:16:28.508,1.43706,1.43737,1.50,3.00
2012.01.27 18:16:29.459,1.43706,1.43732,1.50,1.50
2012.01.27 18:16:30.431,1.43706,1.43728,1.50,1.50
2012.01.27 18:16:30.586,1.43701,1.43728,1.13,1.50
2012.01.27 18:16:30.739,1.43701,1.43725,1.13,1.50
2012.01.27 18:16:30.884,1.43701,1.43728,1.13,1.50
2012.01.27 18:16:31.099,1.43702,1.43733,1.13,1.50
2012.01.27 18:16:31.871,1.43699,1.43731,1.50,1.50
2012.01.27 18:16:31.947,1.43696,1.4373,2.25,1.50
2012.01.27 18:16:33.608,1.437,1.43734,1.50,2.25
2012.01.27 18:16:33.749,1.437,1.43734,1.50,1.50
2012.01.27 18:16:34.335,1.437,1.43734,2.25,1.50
2012.01.27 18:16:35.836,1.437,1.43734,2.25,2.25
2012.01.27 18:16:36.896,1.437,1.43734,2.25,2.44
2012.01.27 18:16:39.235,1.43693,1.43724,1.50,1.50
2012.01.27 18:16:40.247,1.43695,1.43726,1.50,1.50
2012.01.27 18:16:40.791,1.43695,1.43727,1.50,1.50
2012.01.27 18:16:41.505,1.43695,1.43724,1.50,1.50
2012.01.27 18:16:41.823,1.43692,1.4372,1.50,1.50
2012.01.27 18:16:43.403,1.43692,1.4372,1.50,1.50
2012.01.27 18:16:43.909,1.4369,1.4372,1.13,1.50
2012.01.27 18:16:44.128,1.4369,1.43722,2.63,1.50
2012.01.27 18:16:44.704,1.4369,1.43722,2.63,1.50
2012.01.27 18:16:45.935,1.4369,1.43722,2.25,1.50
2012.01.27 18:16:46.830,1.43686,1.4372,3.00,1.50
2012.01.27 18:16:47.604,1.43689,1.4372,1.50,1.50
2012.01.27 18:16:48.979,1.43689,1.4372,1.50,1.50
2012.01.27 18:16:49.242,1.4369,1.4372,1.50,1.50
2012.01.27 18:16:49.320,1.4369,1.43723,1.50,1.50
2012.01.27 18:16:49.600,1.43693,1.43723,1.13,1.50
2012.01.27 18:16:49.680,1.43695,1.43727,2.25,1.50
2012.01.27 18:16:50.482,1.43696,1.43727,1.50,1.50
2012.01.27 18:16:51.090,1.43694,1.43723,1.50,1.50
2012.01.27 18:16:52.004,1.43691,1.43723,3.38,1.50
2012.01.27 18:16:52.849,1.43696,1.43728,2.25,2.25
2012.01.27 18:16:53.306,1.437,1.43732,1.50,2.25
2012.01.27 18:16:53.838,1.437,1.43732,1.50,1.50
2012.01.27 18:16:54.204,1.43697,1.43729,2.25,1.50
2012.01.27 18:16:54.333,1.43697,1.43729,2.25,1.50
2012.01.27 18:16:58.164,1.43697,1.43729,1.50,1.50
2012.01.27 18:17:00.202,1.43695,1.43725,3.00,1.50
2012.01.27 18:17:00.292,1.43693,1.43727,1.50,1.50
2012.01.27 18:17:00.817,1.43693,1.43727,1.50,2.25
2012.01.27 18:17:02.064,1.43693,1.43727,1.50,2.25
2012.01.27 18:17:05.355,1.43693,1.43727,2.25,2.25
2012.01.27 18:17:07.574,1.43693,1.43727,1.50,3.19
2012.01.27 18:17:08.254,1.43693,1.43727,1.50,3.19
2012.01.27 18:17:10.377,1.43693,1.43727,1.50,3.00
2012.01.27 18:17:12.125,1.43691,1.43721,1.50,1.50
2012.01.27 18:17:12.529,1.43686,1.43717,2.25,1.50
2012.01.27 18:17:12.605,1.43685,1.43717,1.50,1.50
2012.01.27 18:17:12.683,1.43685,1.43717,2.25,2.25
2012.01.27 18:17:12.761,1.43685,1.43717,1.50,3.19
2012.01.27 18:17:13.047,1.43689,1.43717,1.50,1.69
2012.01.27 18:17:14.387,1.43689,1.43717,1.50,1.69
2012.01.27 18:17:14.539,1.43684,1.43715,1.50,1.69
2012.01.27 18:17:14.619,1.43684,1.43714,1.50,2.44
2012.01.27 18:17:14.768,1.43679,1.43713,1.50,3.00
2012.01.27 18:17:15.615,1.43679,1.43713,1.50,3.19
2012.01.27 18:17:16.757,1.43679,1.43706,2.25,1.50
2012.01.27 18:17:17.330,1.43679,1.43706,2.25,1.50
2012.01.27 18:17:19.109,1.43679,1.43706,3.00,1.50
2012.01.27 18:17:21.476,1.43679,1.43706,3.00,1.50
2012.01.27 18:17:21.749,1.43679,1.43706,2.25,1.69
2012.01.27 18:17:21.974,1.4367,1.43703,2.25,1.13
2012.01.27 18:17:22.050,1.4367,1.43704,2.25,1.88
2012.01.27 18:17:22.674,1.43675,1.43704,1.50,1.50
2012.01.27 18:17:22.895,1.43676,1.43708,1.50,1.50
2012.01.27 18:17:23.631,1.43676,1.43708,1.50,1.50
2012.01.27 18:17:26.782,1.43676,1.43708,1.50,1.50
2012.01.27 18:17:27.909,1.43676,1.43708,1.50,1.50
2012.01.27 18:17:28.330,1.43673,1.43705,3.75,1.50
2012.01.27 18:17:29.443,1.4367,1.43703,1.88,1.50
2012.01.27 18:17:29.540,1.43672,1.43706,2.25,1.50
2012.01.27 18:17:30.307,1.4367,1.43702,2.25,1.50
2012.01.27 18:17:30.517,1.43672,1.43706,2.44,1.50
2012.01.27 18:17:30.588,1.43672,1.43706,2.44,1.50
2012.01.27 18:17:30.915,1.43669,1.43703,2.25,1.50
2012.01.27 18:17:31.807,1.43672,1.43706,2.25,1.50
2012.01.27 18:17:32.957,1.43672,1.43706,2.44,1.50
2012.01.27 18:17:33.279,1.43669,1.43703,2.44,1.50
2012.01.27 18:17:34.740,1.43669,1.43703,2.25,2.25
2012.01.27 18:17:34.950,1.43669,1.43699,2.25,1.50
2012.01.27 18:17:35.286,1.43665,1.43697,2.25,1.50
2012.01.27 18:17:37.450,1.43668,1.43702,2.25,2.15
2012.01.27 18:17:37.988,1.43668,1.43702,2.25,2.15
2012.01.27 18:17:38.518,1.43668,1.43702,2.25,2.15
2012.01.27 18:17:38.852,1.43667,1.43697,2.25,1.50
2012.01.27 18:17:39.126,1.43668,1.437,2.44,1.50
2012.01.27 18:17:39.759,1.43668,1.43702,2.44,1.50
2012.01.27 18:17:40.178,1.43667,1.43697,1.13,1.50
2012.01.27 18:17:40.973,1.43667,1.43697,1.32,1.50
2012.01.27 18:17:41.046,1.43668,1.43702,2.44,1.50
2012.01.27 18:17:42.200,1.43667,1.43698,1.32,1.50
2012.01.27 18:17:44.479,1.43668,1.43702,2.44,1.50
2012.01.27 18:17:44.617,1.43667,1.43697,2.82,1.50
2012.01.27 18:17:48.316,1.43673,1.43705,2.25,1.50
2012.01.27 18:17:48.856,1.4367,1.43702,3.75,1.50
2012.01.27 18:17:51.786,1.4367,1.43702,2.25,1.50
2012.01.27 18:17:52.469,1.43668,1.43699,3.00,1.50
2012.01.27 18:17:52.783,1.43668,1.43699,1.50,1.50
2012.01.27 18:17:53.623,1.4367,1.43701,1.50,1.50
2012.01.27 18:17:54.356,1.4367,1.43702,1.50,1.50
2012.01.27 18:17:54.688,1.43672,1.43706,2.25,1.50
2012.01.27 18:17:55.027,1.43669,1.43703,2.44,1.50
2012.01.27 18:17:55.381,1.43675,1.43703,1.50,1.50
2012.01.27 18:17:55.536,1.43678,1.4371,1.50,1.50
2012.01.27 18:17:55.609,1.43678,1.4371,2.25,1.50
2012.01.27 18:17:56.899,1.43678,1.4371,2.25,1.50
2012.01.27 18:17:57.167,1.43675,1.43706,1.50,1.50
2012.01.27 18:17:57.367,1.43675,1.43706,1.50,1.50
2012.01.27 18:17:57.777,1.43672,1.43703,2.25,1.50
2012.01.27 18:17:59.367,1.43674,1.43706,2.25,1.50
2012.01.27 18:18:00.788,1.43678,1.4371,1.50,2.25
2012.01.27 18:18:00.974,1.43678,1.4371,2.25,1.50
2012.01.27 18:18:01.738,1.43679,1.4371,1.13,1.50
2012.01.27 18:18:04.090,1.43679,1.4371,1.32,1.50
2012.01.27 18:18:05.235,1.43681,1.43713,2.25,1.50
2012.01.27 18:18:05.307,1.43681,1.43715,2.25,1.50
2012.01.27 18:18:06.261,1.43681,1.43715,2.25,1.50
2012.01.27 18:18:06.476,1.43681,1.43715,2.25,1.50
2012.01.27 18:18:10.972,1.43678,1.43711,1.69,1.50
2012.01.27 18:18:11.473,1.43677,1.43711,3.19,1.50
2012.01.27 18:18:16.294,1.43682,1.43714,1.50,1.50
2012.01.27 18:18:17.133,1.43682,1.43714,2.25,1.50
2012.01.27 18:18:18.879,1.43683,1.43714,1.88,1.50
2012.01.27 18:18:19.741,1.43685,1.43714,1.50,1.50
2012.01.27 18:18:19.828,1.43685,1.43719,2.25,1.50
2012.01.27 18:18:22.122,1.43682,1.43714,2.25,1.50
2012.01.27 18:18:23.080,1.43682,1.43714,2.25,1.50
2012.01.27 18:18:30.136,1.43682,1.43714,2.25,1.50
2012.01.27 18:18:31.219,1.43682,1.43714,2.25,1.50
2012.01.27 18:18:34.797,1.43682,1.43714,2.25,1.50
2012.01.27 18:18:41.632,1.43683,1.43714,1.50,1.50
2012.01.27 18:18:41.990,1.43687,1.43719,2.25,2.25
2012.01.27 18:18:42.785,1.4369,1.43721,1.50,2.18
2012.01.27 18:18:43.011,1.4369,1.43723,1.50,2.25
2012.01.27 18:18:43.584,1.43691,1.43723,1.50,2.25
2012.01.27 18:18:43.847,1.4369,1.43723,1.50,2.25
2012.01.27 18:18:44.068,1.4369,1.43723,1.50,2.25
2012.01.27 18:18:44.801,1.43691,1.43723,1.50,2.25
2012.01.27 18:18:45.157,1.43691,1.43723,1.50,2.25
2012.01.27 18:18:47.446,1.43692,1.43723,1.50,2.25
2012.01.27 18:18:48.743,1.43691,1.43723,1.50,2.25
2012.01.27 18:18:50.155,1.4369,1.4372,1.88,2.25
2012.01.27 18:18:50.285,1.4369,1.4372,1.50,2.25
2012.01.27 18:18:50.983,1.4369,1.43716,1.50,2.25
2012.01.27 18:18:51.936,1.43686,1.43716,1.13,2.25
2012.01.27 18:18:52.838,1.43686,1.43716,1.88,2.25
2012.01.27 18:18:57.348,1.43687,1.43719,3.00,2.25
2012.01.27 18:18:57.896,1.43693,1.4372,1.88,2.25
2012.01.27 18:18:58.397,1.43693,1.4372,1.88,2.25
2012.01.27 18:18:58.537,1.43691,1.4372,1.13,2.25
2012.01.27 18:18:58.610,1.43688,1.4372,1.50,2.25
2012.01.27 18:18:59.232,1.43688,1.4372,3.00,2.25
2012.01.27 18:18:59.309,1.4369,1.43722,2.25,2.25
2012.01.27 18:18:59.679,1.4369,1.43722,2.25,2.25
2012.01.27 18:18:59.898,1.43683,1.43704,1.26,1.50
2012.01.27 18:19:00.040,1.43679,1.43703,1.13,1.50
2012.01.27 18:19:00.121,1.43679,1.43709,1.13,2.25
2012.01.27 18:19:00.266,1.43682,1.43709,1.13,2.25
2012.01.27 18:19:00.901,1.43684,1.43714,1.13,2.25
2012.01.27 18:19:01.560,1.43681,1.43714,1.50,2.25
2012.01.27 18:19:01.645,1.43681,1.43714,1.50,2.25
2012.01.27 18:19:02.466,1.43688,1.43718,1.50,1.50
2012.01.27 18:19:06.163,1.43685,1.43717,2.25,2.25
2012.01.27 18:19:06.312,1.43685,1.43715,1.50,2.25
2012.01.27 18:19:06.393,1.43681,1.43713,2.25,2.25
2012.01.27 18:19:08.179,1.43681,1.43713,1.50,2.25
2012.01.27 18:19:10.227,1.43681,1.43713,2.25,2.25
2012.01.27 18:19:16.245,1.43681,1.43713,3.00,2.25
2012.01.27 18:19:17.851,1.43681,1.43713,3.00,2.25
2012.01.27 18:19:24.142,1.43681,1.43713,2.25,2.25
2012.01.27 18:19:24.288,1.43681,1.43713,2.25,2.25
2012.01.27 18:19:24.795,1.43681,1.43713,2.25,2.25
2012.01.27 18:19:25.404,1.43681,1.43713,1.50,2.25
2012.01.27 18:19:25.914,1.43681,1.43713,1.50,2.25
2012.01.27 18:19:30.255,1.43679,1.4371,1.50,2.25
2012.01.27 18:19:30.781,1.43679,1.4371,1.50,2.25
2012.01.27 18:19:30.982,1.43681,1.43712,2.25,2.25
2012.01.27 18:19:31.407,1.43682,1.43713,1.50,2.25
2012.01.27 18:19:31.557,1.43685,1.43717,1.50,2.25
2012.01.27 18:19:32.980,1.43682,1.43714,3.00,2.25
2012.01.27 18:19:33.539,1.4368,1.43714,3.00,2.25
2012.01.27 18:19:34.595,1.4368,1.43714,3.00,2.25
2012.01.27 18:19:35.425,1.4368,1.43714,3.00,2.25
2012.01.27 18:19:36.157,1.4368,1.43714,2.25,2.25
2012.01.27 18:19:36.226,1.4368,1.43714,2.25,2.25
2012.01.27 18:19:36.576,1.4368,1.43714,2.25,2.25
2012.01.27 18:19:37.176,1.4368,1.43714,2.25,2.25
2012.01.27 18:19:37.386,1.43677,1.43709,2.25,2.25
2012.01.27 18:19:37.992,1.43677,1.43709,2.25,2.25
2012.01.27 18:19:40.559,1.43677,1.43709,2.25,2.25
2012.01.27 18:19:40.710,1.43681,1.43712,1.50,2.90
2012.01.27 18:19:41.248,1.43681,1.43712,1.50,1.40
2012.01.27 18:19:42.382,1.43681,1.43712,1.50,1.50
2012.01.27 18:19:43.835,1.43681,1.43711,1.50,1.50
2012.01.27 18:19:45.010,1.43681,1.43711,1.50,1.50
2012.01.27 18:19:45.963,1.43681,1.43713,2.25,3.94
2012.01.27 18:19:46.480,1.43681,1.43713,3.00,2.44
2012.01.27 18:19:47.045,1.43681,1.43713,3.00,2.44
2012.01.27 18:19:47.904,1.43681,1.43713,3.00,3.19
2012.01.27 18:19:48.774,1.43681,1.43713,3.00,3.19
2012.01.27 18:19:49.908,1.43681,1.43713,2.25,2.25
2012.01.27 18:19:49.984,1.43681,1.43713,2.25,2.25
2012.01.27 18:19:50.526,1.43682,1.43713,1.13,1.50
2012.01.27 18:19:51.872,1.43683,1.43711,1.50,1.50
2012.01.27 18:19:52.400,1.43684,1.43713,1.50,2.90
2012.01.27 18:19:52.866,1.43684,1.43713,1.50,1.50
2012.01.27 18:19:53.356,1.43684,1.43716,1.50,1.69
2012.01.27 18:19:56.249,1.43684,1.43716,2.25,1.50
2012.01.27 18:19:57.008,1.43684,1.43713,1.50,1.50
2012.01.27 18:19:57.413,1.43684,1.43716,1.50,1.69
2012.01.27 18:19:57.553,1.43689,1.43716,1.50,1.69
2012.01.27 18:19:57.910,1.43689,1.43716,1.50,2.25
2012.01.27 18:19:57.985,1.43686,1.43716,1.50,2.25
2012.01.27 18:19:58.066,1.43691,1.43716,1.50,2.25
2012.01.27 18:19:58.147,1.43691,1.43716,1.50,1.50
2012.01.27 18:19:58.295,1.43691,1.43716,1.50,1.50
2012.01.27 18:19:58.437,1.43688,1.43716,1.50,1.50
2012.01.27 18:19:59.147,1.43687,1.43716,1.50,1.50
2012.01.27 18:19:59.222,1.43689,1.43716,1.50,1.50
2012.01.27 18:19:59.371,1.43686,1.43718,1.50,1.50
2012.01.27 18:19:59.605,1.43686,1.43719,2.25,2.18
2012.01.27 18:19:59.768,1.43692,1.4372,1.50,2.25
2012.01.27 18:19:59.847,1.43694,1.43726,1.50,3.00
2012.01.27 18:20:00.153,1.43694,1.43723,1.50,2.18
2012.01.27 18:20:00.742,1.43689,1.43723,2.25,2.25
2012.01.27 18:20:00.882,1.43694,1.43724,1.50,2.18
2012.01.27 18:20:03.969,1.4369,1.43722,1.50,2.25
2012.01.27 18:20:05.004,1.4369,1.43722,2.63,2.25
2012.01.27 18:20:16.164,1.43694,1.43726,1.50,2.25
2012.01.27 18:20:16.235,1.43694,1.43726,1.50,2.25
2012.01.27 18:20:18.892,1.43694,1.43726,2.25,2.25
2012.01.27 18:20:25.069,1.43697,1.43728,1.50,2.18
2012.01.27 18:20:25.354,1.43704,1.43733,1.50,3.68
2012.01.27 18:20:25.430,1.43701,1.43732,1.50,2.25
2012.01.27 18:20:25.583,1.437,1.43732,2.25,2.25
2012.01.27 18:20:25.657,1.43704,1.43732,1.13,2.25
2012.01.27 18:20:25.727,1.4371,1.43732,1.50,2.25
2012.01.27 18:20:25.869,1.43712,1.43741,1.50,1.50
2012.01.27 18:20:26.180,1.43708,1.4374,2.63,2.25
2012.01.27 18:20:27.763,1.43709,1.4374,1.13,2.25
2012.01.27 18:20:28.526,1.43709,1.4374,1.13,2.25
2012.01.27 18:20:29.897,1.43709,1.43742,1.88,2.25
2012.01.27 18:20:30.357,1.43709,1.43742,1.13,2.25
2012.01.27 18:20:37.106,1.4371,1.43742,1.50,2.25
2012.01.27 18:20:37.632,1.43711,1.43742,1.50,2.25
2012.01.27 18:20:38.427,1.43711,1.43742,2.25,2.25
2012.01.27 18:20:38.508,1.43714,1.43746,2.25,2.25
2012.01.27 18:20:41.425,1.43714,1.43746,2.25,2.44
2012.01.27 18:20:42.231,1.43713,1.43742,1.13,2.25
2012.01.27 18:20:42.806,1.43713,1.43742,1.13,2.44
2012.01.27 18:20:43.289,1.43713,1.43742,1.13,2.25
2012.01.27 18:20:43.500,1.4371,1.43742,1.13,3.00
2012.01.27 18:20:44.368,1.43711,1.43742,1.50,2.25
2012.01.27 18:20:44.453,1.4371,1.43742,1.13,2.25
2012.01.27 18:20:44.596,1.43708,1.43742,2.25,2.25
2012.01.27 18:20:44.795,1.43708,1.43742,1.50,2.25
2012.01.27 18:20:44.867,1.43705,1.43737,2.25,2.25
2012.01.27 18:20:51.362,1.43705,1.43737,2.25,2.25
2012.01.27 18:20:52.115,1.43705,1.43737,2.25,2.25
2012.01.27 18:20:55.726,1.43705,1.43737,1.50,2.25
2012.01.27 18:20:56.736,1.43705,1.43737,1.50,2.25
2012.01.27 18:20:57.076,1.43701,1.43733,2.25,2.25
2012.01.27 18:20:57.276,1.43701,1.43733,1.50,2.25
2012.01.27 18:20:57.635,1.43701,1.43733,1.50,2.25
2012.01.27 18:21:03.027,1.43701,1.43733,1.50,2.25
2012.01.27 18:21:03.174,1.43701,1.4373,1.50,1.50
2012.01.27 18:21:03.393,1.43697,1.43726,1.50,2.18
2012.01.27 18:21:04.030,1.43688,1.43722,1.50,2.25
2012.01.27 18:21:04.176,1.43688,1.43722,1.50,2.25
2012.01.27 18:21:04.720,1.43688,1.43722,1.50,3.00
2012.01.27 18:21:07.339,1.43688,1.43722,2.25,2.15
2012.01.27 18:21:14.688,1.43693,1.43723,1.50,2.93
2012.01.27 18:21:15.677,1.43696,1.43728,1.50,1.50
2012.01.27 18:21:15.764,1.43702,1.43728,1.50,1.50
2012.01.27 18:21:16.264,1.43702,1.43732,1.50,1.50
2012.01.27 18:21:17.605,1.43697,1.43731,2.25,2.25
2012.01.27 18:21:19.624,1.43697,1.43731,2.25,2.25
2012.01.27 18:21:21.767,1.43697,1.4373,1.50,1.40
2012.01.27 18:21:21.848,1.43697,1.43731,1.50,3.65
2012.01.27 18:21:23.568,1.43697,1.4373,1.50,1.50
2012.01.27 18:21:24.573,1.43698,1.4373,1.50,3.65
2012.01.27 18:21:25.061,1.43698,1.43726,1.50,1.50
2012.01.27 18:21:25.141,1.43691,1.43725,2.25,2.15
2012.01.27 18:21:25.675,1.43693,1.43725,1.50,2.25
2012.01.27 18:21:25.745,1.43695,1.43726,1.50,2.83
2012.01.27 18:21:26.150,1.43695,1.43726,1.50,2.83
2012.01.27 18:21:26.810,1.43693,1.43724,1.50,1.50
2012.01.27 18:21:27.438,1.43691,1.43723,1.50,1.50
2012.01.27 18:21:27.520,1.43688,1.4372,1.50,1.50
2012.01.27 18:21:28.975,1.43691,1.43725,1.50,3.09
2012.01.27 18:21:29.044,1.43691,1.43725,1.50,3.09
2012.01.27 18:21:29.495,1.43691,1.43725,1.50,2.25
2012.01.27 18:21:31.289,1.43691,1.43722,1.50,1.78
2012.01.27 18:21:31.649,1.43691,1.43725,1.50,2.90
2012.01.27 18:21:32.127,1.43691,1.43725,1.50,2.90
2012.01.27 18:21:34.703,1.43687,1.43721,2.25,1.50
2012.01.27 18:21:35.055,1.43687,1.43719,1.50,1.69
2012.01.27 18:21:35.941,1.43687,1.43719,2.25,1.50
2012.01.27 18:21:36.288,1.43692,1.43723,1.13,1.13
2012.01.27 18:21:36.887,1.43692,1.43718,1.13,1.69
2012.01.27 18:21:37.318,1.43692,1.43718,1.13,1.69
2012.01.27 18:21:38.153,1.43692,1.43718,1.13,1.69
2012.01.27 18:21:38.235,1.43686,1.43718,1.50,1.69
2012.01.27 18:21:38.735,1.43686,1.43718,1.50,1.69
2012.01.27 18:21:39.367,1.43686,1.43718,1.50,1.50
2012.01.27 18:21:40.110,1.43686,1.43718,1.50,1.69
2012.01.27 18:21:40.619,1.4368,1.43714,3.38,1.50
2012.01.27 18:21:41.408,1.4368,1.43714,3.00,1.50
2012.01.27 18:21:41.492,1.4368,1.43714,2.25,1.50
2012.01.27 18:21:43.883,1.4368,1.43714,2.25,1.50
2012.01.27 18:21:44.774,1.43685,1.43717,1.50,1.50
2012.01.27 18:21:45.737,1.43689,1.4372,1.50,2.44
2012.01.27 18:21:46.146,1.43689,1.43721,1.50,1.69
2012.01.27 18:21:47.768,1.43689,1.43721,1.50,1.69
2012.01.27 18:21:48.349,1.43687,1.43717,1.50,1.50
2012.01.27 18:21:48.424,1.43685,1.43717,1.50,2.25
2012.01.27 18:21:49.447,1.43685,1.43717,1.50,1.50
2012.01.27 18:21:53.162,1.43685,1.43717,2.25,1.50
2012.01.27 18:21:53.928,1.43685,1.43717,3.68,1.50
2012.01.27 18:21:54.142,1.43685,1.43717,4.05,1.50
2012.01.27 18:21:54.914,1.43685,1.43717,2.63,1.50
2012.01.27 18:21:54.983,1.43685,1.43717,1.88,1.50
2012.01.27 18:21:56.053,1.43685,1.43717,1.50,2.25
2012.01.27 18:21:56.277,1.43678,1.43707,1.26,1.50
2012.01.27 18:21:56.362,1.43676,1.43707,1.26,1.50
2012.01.27 18:21:57.025,1.43675,1.43707,3.00,1.50
2012.01.27 18:21:57.112,1.43671,1.43703,3.00,1.50
2012.01.27 18:21:57.538,1.43672,1.43704,2.25,1.50
2012.01.27 18:21:57.896,1.43672,1.43704,2.25,1.50
2012.01.27 18:21:58.827,1.43675,1.43709,2.25,1.50
2012.01.27 18:22:00.985,1.43671,1.43705,3.00,1.50
2012.01.27 18:22:03.700,1.43676,1.43707,2.25,1.50
2012.01.27 18:22:04.454,1.4368,1.43711,1.50,2.25
2012.01.27 18:22:04.953,1.4368,1.43709,1.50,2.18
2012.01.27 18:22:05.543,1.43678,1.43707,1.50,2.25
2012.01.27 18:22:05.614,1.43675,1.43707,2.25,2.25
2012.01.27 18:22:06.135,1.43675,1.43707,1.50,2.25
2012.01.27 18:22:06.546,1.43671,1.43703,2.25,1.50
2012.01.27 18:22:06.613,1.43674,1.43706,1.50,1.69
2012.01.27 18:22:07.325,1.43671,1.43703,1.50,1.50
2012.01.27 18:22:08.174,1.43674,1.43708,1.50,4.62
2012.01.27 18:22:08.463,1.43674,1.43708,1.50,4.80
2012.01.27 18:22:10.021,1.43674,1.43708,1.50,4.62
2012.01.27 18:22:12.800,1.43672,1.43703,1.50,1.50
2012.01.27 18:22:13.349,1.43671,1.43703,1.50,1.50
2012.01.27 18:22:13.795,1.43671,1.43703,1.50,1.69
2012.01.27 18:22:13.996,1.43671,1.43703,1.50,3.00
2012.01.27 18:22:14.070,1.43671,1.43703,2.25,1.50
2012.01.27 18:22:14.214,1.43675,1.43707,1.50,2.25
2012.01.27 18:22:18.070,1.43675,1.43707,1.50,1.69
2012.01.27 18:22:18.873,1.43675,1.43707,1.50,2.44
2012.01.27 18:22:19.262,1.43675,1.43707,1.50,1.69
2012.01.27 18:22:19.787,1.43676,1.43707,2.25,1.69
2012.01.27 18:22:20.007,1.43679,1.43711,1.50,2.44
2012.01.27 18:22:20.715,1.43688,1.43717,1.13,2.25
2012.01.27 18:22:20.985,1.43687,1.43717,1.13,1.50
2012.01.27 18:22:23.851,1.43687,1.43717,1.13,1.50
2012.01.27 18:22:24.186,1.43685,1.43717,3.38,1.50
2012.01.27 18:22:24.310,1.43685,1.43717,3.00,1.50
2012.01.27 18:22:25.904,1.43682,1.43714,1.50,1.50
2012.01.27 18:22:26.944,1.43682,1.43714,1.50,1.50
2012.01.27 18:22:28.074,1.43685,1.43717,1.50,1.50
2012.01.27 18:22:31.760,1.43685,1.43715,2.25,1.50
2012.01.27 18:22:31.956,1.43681,1.43714,1.50,1.50
2012.01.27 18:22:35.106,1.4368,1.43714,3.00,1.50
2012.01.27 18:22:35.315,1.4368,1.43714,2.25,1.50
2012.01.27 18:22:36.209,1.4368,1.43714,1.50,2.25
2012.01.27 18:22:37.266,1.43677,1.43709,2.25,1.50
2012.01.27 18:22:41.457,1.43677,1.43709,2.25,1.50
2012.01.27 18:22:46.079,1.43677,1.43709,2.25,1.50
2012.01.27 18:22:47.452,1.4368,1.43714,1.50,2.25
2012.01.27 18:22:53.102,1.4368,1.43714,1.50,2.25
2012.01.27 18:22:57.314,1.4368,1.43711,1.50,1.50
2012.01.27 18:22:57.897,1.43677,1.43709,3.00,1.50
2012.01.27 18:22:58.287,1.43681,1.43713,1.50,1.50
2012.01.27 18:23:18.002,1.43682,1.43713,1.50,1.50
2012.01.27 18:23:18.073,1.43685,1.43717,1.50,2.44
2012.01.27 18:23:18.962,1.43685,1.43717,1.50,2.44
2012.01.27 18:23:20.528,1.43685,1.43717,1.50,1.69
2012.01.27 18:23:20.681,1.43682,1.43714,2.25,1.50
2012.01.27 18:23:20.885,1.4368,1.43714,1.50,2.25
2012.01.27 18:23:24.003,1.4368,1.43714,1.50,2.44
2012.01.27 18:23:26.691,1.4368,1.43714,2.25,1.50
2012.01.27 18:23:29.610,1.4368,1.43714,1.50,2.44
2012.01.27 18:23:29.959,1.4368,1.43714,1.50,3.00
2012.01.27 18:23:30.280,1.4368,1.43714,1.50,2.44
2012.01.27 18:23:37.432,1.4368,1.43714,1.50,2.44
2012.01.27 18:23:40.421,1.4368,1.43714,1.50,3.00
2012.01.27 18:23:43.680,1.4368,1.43714,1.50,2.44
2012.01.27 18:23:46.483,1.4368,1.43714,1.50,2.44
2012.01.27 18:23:47.192,1.43682,1.43714,1.50,2.44
2012.01.27 18:23:47.702,1.43684,1.43716,1.50,1.50
2012.01.27 18:23:48.121,1.43684,1.43716,1.50,1.13
2012.01.27 18:23:52.889,1.43684,1.43715,1.50,1.50
2012.01.27 18:23:54.626,1.43684,1.43716,1.50,1.69
2012.01.27 18:23:55.946,1.43693,1.43721,1.50,2.18
2012.01.27 18:23:56.050,1.43689,1.43721,1.50,3.12
2012.01.27 18:23:56.337,1.43694,1.43724,1.50,2.93
2012.01.27 18:23:56.406,1.43694,1.43724,1.50,2.93
2012.01.27 18:24:00.172,1.43694,1.43725,1.50,2.37
2012.01.27 18:24:00.302,1.43694,1.43718,1.50,1.43
2012.01.27 18:24:00.975,1.4369,1.43718,1.50,1.43
2012.01.27 18:24:01.783,1.4369,1.43717,1.50,1.43
2012.01.27 18:24:02.127,1.4369,1.4372,1.50,1.43
2012.01.27 18:24:06.454,1.43693,1.4372,1.50,1.43
2012.01.27 18:24:06.676,1.43693,1.43726,1.50,3.12
2012.01.27 18:24:07.596,1.43697,1.4373,1.50,1.78
2012.01.27 18:24:08.233,1.43697,1.4373,1.50,1.59
2012.01.27 18:24:09.355,1.43697,1.43731,1.50,4.33
2012.01.27 18:24:09.758,1.43697,1.43731,1.50,5.27
2012.01.27 18:24:09.840,1.43694,1.43726,2.25,1.50
2012.01.27 18:24:10.589,1.43694,1.43726,1.50,2.25
2012.01.27 18:24:10.680,1.43687,1.4372,1.50,1.50
2012.01.27 18:24:11.128,1.43686,1.4372,1.50,2.25
2012.01.27 18:24:14.717,1.43686,1.4372,1.50,2.25
2012.01.27 18:24:15.072,1.43686,1.4372,1.50,2.25
2012.01.27 18:24:18.372,1.4369,1.43721,1.50,3.15
2012.01.27 18:24:20.474,1.4369,1.43722,1.50,2.25
2012.01.27 18:24:23.481,1.4369,1.43722,1.50,2.25
2012.01.27 18:24:26.028,1.4369,1.43714,1.50,1.13
2012.01.27 18:24:26.384,1.43685,1.4371,1.50,1.40
2012.01.27 18:24:31.390,1.43677,1.43705,1.50,1.65
2012.01.27 18:24:31.468,1.43677,1.43706,1.50,1.65
2012.01.27 18:24:36.513,1.43677,1.43706,1.50,2.02
2012.01.27 18:24:37.133,1.43677,1.43706,1.50,2.02
2012.01.27 18:24:40.685,1.43677,1.43706,1.50,1.78
2012.01.27 18:24:42.326,1.43677,1.43704,1.50,1.40
2012.01.27 18:24:42.394,1.43674,1.43704,1.50,1.40
2012.01.27 18:24:51.728,1.43677,1.43709,1.50,2.25
2012.01.27 18:24:51.948,1.43682,1.43716,1.50,2.25
2012.01.27 18:24:52.122,1.43678,1.43707,1.50,1.50
2012.01.27 18:24:52.462,1.43711,1.43719,1.50,1.43
2012.01.27 18:24:54.056,1.43711,1.43735,1.50,1.75
2012.01.27 18:24:54.228,1.43717,1.43746,1.50,1.50
2012.01.27 18:24:54.595,1.43713,1.43743,1.50,1.43
2012.01.27 18:24:55.533,1.43713,1.43743,2.25,1.43
2012.01.27 18:24:55.721,1.43724,1.43753,1.50,1.40
2012.01.27 18:24:55.956,1.4372,1.43751,1.50,2.15
2012.01.27 18:24:56.051,1.43724,1.43752,1.50,1.78
2012.01.27 18:24:56.354,1.4373,1.43762,1.50,2.44
2012.01.27 18:24:57.053,1.43727,1.43758,1.50,1.50
2012.01.27 18:24:57.132,1.43729,1.43762,1.50,1.40
2012.01.27 18:24:57.666,1.43726,1.43758,2.25,1.50
2012.01.27 18:24:58.070,1.43726,1.43755,1.50,1.50
2012.01.27 18:24:58.148,1.4372,1.43753,1.50,1.50
2012.01.27 18:24:58.227,1.43719,1.43753,2.25,2.15
2012.01.27 18:24:58.438,1.43719,1.4375,1.50,1.40
2012.01.27 18:24:59.115,1.43719,1.43747,1.50,1.40
2012.01.27 18:24:59.605,1.43719,1.43745,1.50,1.50
2012.01.27 18:24:59.819,1.43715,1.4374,1.50,1.78
2012.01.27 18:24:59.920,1.4371,1.43738,1.50,1.40
2012.01.27 18:25:01.080,1.4371,1.4374,1.50,1.78
2012.01.27 18:25:01.156,1.43706,1.43738,1.50,1.50
2012.01.27 18:25:01.297,1.43703,1.43735,2.25,1.50
2012.01.27 18:25:01.457,1.43698,1.4373,2.25,1.50
2012.01.27 18:25:01.970,1.43698,1.4373,1.50,1.50
2012.01.27 18:25:02.873,1.43698,1.4373,1.50,2.44
2012.01.27 18:25:02.960,1.43698,1.4373,1.50,1.69
2012.01.27 18:25:03.106,1.43698,1.4373,3.00,1.50
2012.01.27 18:25:03.455,1.43707,1.43739,1.50,2.25
2012.01.27 18:25:07.275,1.43707,1.43739,2.25,1.50
2012.01.27 18:25:07.691,1.43709,1.43743,2.25,1.50
2012.01.27 18:25:07.904,1.43709,1.43743,1.50,2.25
2012.01.27 18:25:08.259,1.43709,1.43743,2.25,2.25
2012.01.27 18:25:08.334,1.4371,1.43743,1.50,1.50
2012.01.27 18:25:09.067,1.43708,1.43737,1.50,1.43
2012.01.27 18:25:09.140,1.43705,1.43737,1.50,1.43
2012.01.27 18:25:09.863,1.43705,1.43739,1.50,3.00
2012.01.27 18:25:10.495,1.43711,1.43741,1.50,1.50
2012.01.27 18:25:10.952,1.43709,1.4374,1.50,3.68
2012.01.27 18:25:11.022,1.43706,1.4374,2.25,3.68
2012.01.27 18:25:12.036,1.43706,1.4374,1.50,4.62
2012.01.27 18:25:12.109,1.43701,1.43735,2.25,1.50
2012.01.27 18:25:12.445,1.43701,1.43733,1.50,1.03
2012.01.27 18:25:12.998,1.43701,1.43732,1.50,1.40
2012.01.27 18:25:13.361,1.43701,1.43728,1.50,1.40
2012.01.27 18:25:14.418,1.43697,1.43726,1.50,1.40
2012.01.27 18:25:14.849,1.43695,1.43724,1.50,1.40
2012.01.27 18:25:14.928,1.43693,1.43724,1.50,1.40
2012.01.27 18:25:15.492,1.43693,1.43722,3.18,1.78
2012.01.27 18:25:16.849,1.43697,1.43726,1.50,1.40
2012.01.27 18:25:16.994,1.43697,1.43728,1.50,1.40
2012.01.27 18:25:17.783,1.43697,1.43727,1.50,1.03
2012.01.27 18:25:18.310,1.43697,1.43726,1.50,1.40
2012.01.27 18:25:21.162,1.43697,1.43727,1.50,1.78
2012.01.27 18:25:21.757,1.43697,1.43727,1.50,1.78
2012.01.27 18:25:22.661,1.43697,1.43727,1.50,1.78
2012.01.27 18:25:23.789,1.437,1.43731,1.50,1.40
2012.01.27 18:25:24.573,1.437,1.43732,1.50,2.15
2012.01.27 18:25:25.103,1.437,1.43731,1.50,1.40
2012.01.27 18:25:25.176,1.43696,1.4373,1.50,2.15
2012.01.27 18:25:27.711,1.43696,1.4373,2.25,2.15
2012.01.27 18:25:33.006,1.43699,1.43731,1.50,1.50
2012.01.27 18:25:33.072,1.43699,1.43733,1.50,1.50
2012.01.27 18:25:41.538,1.43697,1.43729,2.25,1.50
2012.01.27 18:25:42.313,1.43699,1.43733,1.50,1.50
2012.01.27 18:25:42.685,1.43699,1.43731,1.50,1.50
2012.01.27 18:25:43.546,1.43697,1.43729,1.50,1.50
2012.01.27 18:25:43.625,1.43697,1.43725,1.50,1.03
2012.01.27 18:25:43.882,1.43699,1.43729,1.50,1.40
2012.01.27 18:25:46.073,1.43699,1.43731,1.50,1.03
2012.01.27 18:25:46.732,1.43699,1.43729,1.50,1.40
2012.01.27 18:25:49.738,1.43695,1.43729,2.25,2.90
2012.01.27 18:25:49.817,1.43694,1.43724,1.50,1.50
2012.01.27 18:25:49.897,1.43692,1.43724,2.25,1.50
2012.01.27 18:25:49.974,1.4369,1.4372,2.25,1.50
2012.01.27 18:25:50.259,1.43688,1.4372,2.25,2.53
2012.01.27 18:25:51.032,1.43692,1.4372,1.50,1.50
2012.01.27 18:25:51.117,1.43694,1.43725,1.50,1.40
2012.01.27 18:25:51.481,1.43698,1.43725,1.50,1.40
2012.01.27 18:25:52.024,1.43698,1.43725,1.50,1.40
2012.01.27 18:25:54.052,1.43698,1.43725,1.50,1.40
2012.01.27 18:25:54.141,1.43693,1.43725,1.50,1.40
2012.01.27 18:25:54.706,1.43693,1.43725,1.50,1.40
2012.01.27 18:25:57.175,1.43687,1.43723,2.82,1.40
2012.01.27 18:25:58.896,1.43689,1.43724,1.13,1.40
2012.01.27 18:25:59.566,1.43689,1.43724,1.13,1.40
2012.01.27 18:26:02.403,1.43687,1.43724,1.50,1.40
2012.01.27 18:26:02.854,1.43694,1.43724,1.50,1.40
2012.01.27 18:26:05.532,1.43694,1.43724,1.50,1.40
2012.01.27 18:26:07.284,1.43694,1.43724,1.50,1.40
2012.01.27 18:26:09.502,1.43697,1.43731,1.50,2.25
2012.01.27 18:26:09.721,1.43697,1.43731,2.25,1.50
2012.01.27 18:26:10.066,1.43702,1.43734,2.25,2.15
2012.01.27 18:26:11.387,1.43702,1.43734,2.25,2.15
2012.01.27 18:26:11.753,1.43705,1.43737,1.50,1.50
2012.01.27 18:26:11.966,1.43705,1.43737,1.50,1.50
2012.01.27 18:26:12.305,1.43708,1.43739,1.50,2.25
2012.01.27 18:26:12.961,1.4371,1.43743,1.50,1.97
2012.01.27 18:26:13.103,1.4371,1.43743,1.50,1.78
2012.01.27 18:26:15.275,1.4371,1.43743,1.50,1.78
2012.01.27 18:26:15.602,1.4371,1.43743,1.50,1.78
2012.01.27 18:26:17.738,1.43706,1.4374,1.50,2.25
2012.01.27 18:26:18.294,1.43706,1.4374,1.50,2.25
2012.01.27 18:26:18.586,1.43706,1.43738,1.50,1.50
2012.01.27 18:26:18.953,1.43704,1.43736,1.50,1.50
2012.01.27 18:26:22.102,1.43704,1.43736,1.50,1.50
2012.01.27 18:26:23.182,1.43702,1.43736,2.25,2.25
2012.01.27 18:26:27.204,1.43702,1.43736,1.50,2.25
2012.01.27 18:26:27.334,1.43702,1.43736,1.50,2.25
2012.01.27 18:26:29.493,1.43702,1.4373,1.50,1.40
2012.01.27 18:26:37.833,1.43698,1.4373,1.50,1.40
2012.01.27 18:26:38.124,1.43698,1.43726,1.50,1.78
2012.01.27 18:26:38.207,1.43694,1.43726,2.25,1.78
2012.01.27 18:26:38.851,1.43694,1.43725,1.50,1.65
2012.01.27 18:26:38.940,1.43695,1.43725,1.50,1.40
2012.01.27 18:26:39.025,1.43695,1.43726,1.50,1.78
2012.01.27 18:26:39.168,1.43691,1.43723,2.25,2.25
2012.01.27 18:26:39.246,1.43691,1.43723,2.25,2.25
2012.01.27 18:26:39.785,1.43695,1.43726,1.50,2.02
2012.01.27 18:26:40.374,1.43695,1.43729,1.88,2.50
2012.01.27 18:26:41.000,1.43695,1.43729,2.63,2.50
2012.01.27 18:26:49.881,1.43692,1.43719,1.50,2.25
2012.01.27 18:26:49.972,1.43687,1.43719,1.50,2.25
2012.01.27 18:26:50.116,1.43687,1.43718,1.50,1.13
2012.01.27 18:26:50.740,1.43692,1.43719,1.50,2.25
2012.01.27 18:26:50.826,1.43694,1.43722,1.50,1.40
2012.01.27 18:26:51.895,1.43691,1.43723,1.50,2.90
2012.01.27 18:26:52.448,1.43691,1.43721,1.50,1.13
2012.01.27 18:26:52.531,1.43691,1.4372,1.50,1.03
2012.01.27 18:26:52.679,1.43682,1.43716,2.07,2.25
2012.01.27 18:26:53.037,1.43687,1.43716,1.50,1.40
2012.01.27 18:27:00.043,1.43687,1.43719,1.50,3.28
2012.01.27 18:27:03.033,1.43687,1.43716,1.50,1.40
2012.01.27 18:27:03.109,1.43682,1.43716,1.50,2.90
2012.01.27 18:27:03.189,1.43686,1.43715,1.50,1.40
2012.01.27 18:27:04.852,1.43683,1.43715,1.50,2.90
2012.01.27 18:27:08.644,1.43683,1.43715,1.50,2.90
2012.01.27 18:27:13.313,1.43683,1.43714,1.50,1.40
2012.01.27 18:27:13.511,1.43679,1.43713,1.50,2.50
2012.01.27 18:27:13.588,1.43679,1.43713,1.50,2.50
2012.01.27 18:27:14.564,1.43679,1.43713,1.50,2.50
2012.01.27 18:27:14.640,1.43679,1.43713,1.50,2.50
2012.01.27 18:27:14.972,1.43682,1.43715,1.50,1.65
2012.01.27 18:27:15.303,1.43686,1.43715,1.50,1.65
2012.01.27 18:27:16.079,1.43682,1.43716,1.50,3.15
2012.01.27 18:27:16.228,1.43682,1.43716,1.50,3.15
2012.01.27 18:27:17.151,1.43679,1.43712,1.43,2.50
2012.01.27 18:27:17.739,1.43679,1.43712,1.43,2.50
2012.01.27 18:27:18.528,1.43676,1.43706,1.50,1.40
2012.01.27 18:27:18.744,1.43674,1.43707,1.50,2.02
2012.01.27 18:27:19.520,1.43671,1.43703,1.50,2.50
2012.01.27 18:27:20.032,1.43666,1.43696,1.50,1.78
2012.01.27 18:27:20.109,1.43663,1.43695,1.50,2.25
2012.01.27 18:27:20.256,1.43665,1.43695,1.50,3.15
2012.01.27 18:27:21.192,1.43666,1.43695,1.50,1.65
2012.01.27 18:27:24.811,1.43666,1.43692,1.50,1.50
2012.01.27 18:27:25.029,1.43666,1.43692,1.50,1.50
2012.01.27 18:27:27.066,1.43666,1.43692,1.50,1.75
2012.01.27 18:27:27.859,1.43666,1.43686,1.50,1.40
2012.01.27 18:27:28.007,1.4366,1.43687,1.50,1.78
2012.01.27 18:27:28.156,1.43658,1.43686,1.50,2.25
2012.01.27 18:27:28.731,1.43654,1.43682,1.50,1.50
2012.01.27 18:27:28.818,1.43646,1.43678,2.25,2.25
2012.01.27 18:27:29.152,1.43646,1.43678,1.50,2.25
2012.01.27 18:27:29.484,1.43653,1.43681,1.50,2.50
2012.01.27 18:27:29.683,1.43653,1.43681,1.50,3.15
2012.01.27 18:27:30.387,1.43654,1.43681,2.25,1.40
2012.01.27 18:27:33.403,1.43656,1.43688,2.25,2.15
2012.01.27 18:27:35.956,1.43659,1.43689,1.50,1.78
2012.01.27 18:27:36.586,1.43659,1.43689,1.50,1.03
2012.01.27 18:27:36.659,1.43659,1.43692,1.50,1.40
2012.01.27 18:27:38.771,1.43659,1.43692,2.25,1.40
2012.01.27 18:27:39.321,1.43659,1.43693,2.25,2.15
2012.01.27 18:27:42.309,1.43664,1.43694,2.25,1.03
2012.01.27 18:27:42.397,1.43667,1.43699,2.25,1.03
2012.01.27 18:27:42.834,1.43662,1.43696,2.25,2.34
2012.01.27 18:27:43.142,1.43662,1.43696,2.76,2.34
2012.01.27 18:27:43.683,1.43662,1.43696,2.76,3.09
2012.01.27 18:27:44.001,1.43669,1.43698,2.25,1.40
2012.01.27 18:27:44.220,1.43669,1.437,2.25,1.03
2012.01.27 18:27:44.902,1.43668,1.437,2.25,1.03
2012.01.27 18:27:45.819,1.43668,1.437,2.25,1.03
2012.01.27 18:27:46.739,1.43668,1.43698,2.25,1.40
2012.01.27 18:27:47.324,1.43668,1.43698,2.25,1.40
2012.01.27 18:27:47.406,1.43665,1.43693,2.25,1.40
2012.01.27 18:27:50.963,1.43665,1.43694,2.25,1.03
2012.01.27 18:27:51.049,1.43669,1.43701,1.50,1.50
2012.01.27 18:27:51.137,1.43676,1.43703,1.50,1.50
2012.01.27 18:27:51.278,1.43676,1.43707,2.25,2.18
2012.01.27 18:27:51.426,1.43676,1.43706,2.25,1.43
2012.01.27 18:27:51.773,1.43676,1.43707,1.50,1.43
2012.01.27 18:27:51.984,1.43676,1.43707,2.25,1.43
2012.01.27 18:27:53.006,1.43671,1.43703,2.25,2.18
2012.01.27 18:27:58.330,1.43671,1.43703,2.25,1.43
2012.01.27 18:27:58.554,1.43671,1.43702,2.25,1.43
2012.01.27 18:27:58.631,1.43671,1.43705,2.25,1.50
2012.01.27 18:27:59.604,1.43671,1.43705,2.25,2.25
2012.01.27 18:27:59.933,1.43671,1.43705,2.25,1.50
2012.01.27 18:28:00.537,1.43671,1.43705,2.25,1.50
2012.01.27 18:28:03.604,1.43671,1.43705,2.25,1.50
2012.01.27 18:28:03.986,1.43671,1.43705,2.25,2.25
2012.01.27 18:28:04.839,1.43668,1.437,3.00,1.50
2012.01.27 18:28:05.127,1.43671,1.43703,2.25,2.18
2012.01.27 18:28:07.775,1.43671,1.43705,2.25,3.00
2012.01.27 18:28:08.514,1.43675,1.43705,1.50,1.50
2012.01.27 18:28:08.728,1.43675,1.43709,2.25,1.50
2012.01.27 18:28:09.274,1.43675,1.43709,3.00,3.19
2012.01.27 18:28:09.816,1.43675,1.43709,2.25,2.44
2012.01.27 18:28:10.454,1.43675,1.43708,2.25,1.43
2012.01.27 18:28:10.609,1.43678,1.43709,2.25,2.25
2012.01.27 18:28:11.397,1.43679,1.43713,2.25,3.00
2012.01.27 18:28:13.084,1.43682,1.43713,2.25,2.15
2012.01.27 18:28:13.592,1.43682,1.43713,2.25,1.50
2012.01.27 18:28:14.333,1.43682,1.43713,1.50,1.13
2012.01.27 18:28:14.419,1.43679,1.43709,2.25,2.18
2012.01.27 18:28:14.935,1.43679,1.43711,2.25,1.43
2012.01.27 18:28:15.022,1.43683,1.43715,2.25,4.33
2012.01.27 18:28:17.116,1.43681,1.43712,2.25,1.50
2012.01.27 18:28:18.100,1.4368,1.43712,2.25,2.93
2012.01.27 18:28:18.277,1.43677,1.43708,2.25,1.50
2012.01.27 18:28:19.194,1.43676,1.43708,2.25,1.50
2012.01.27 18:28:21.755,1.4368,1.43712,2.25,1.50
2012.01.27 18:28:24.262,1.4368,1.43712,2.25,1.50
2012.01.27 18:28:25.715,1.4368,1.43712,3.00,1.50
2012.01.27 18:28:26.049,1.43682,1.43715,2.25,1.50
2012.01.27 18:28:26.646,1.43682,1.43716,2.25,1.50
2012.01.27 18:28:26.730,1.43682,1.43715,2.25,1.69
2012.01.27 18:28:27.404,1.43682,1.43716,2.25,2.44
2012.01.27 18:28:27.733,1.43682,1.43716,2.25,2.44
2012.01.27 18:28:29.921,1.43687,1.43719,1.50,3.68
2012.01.27 18:28:30.761,1.43687,1.43719,1.50,2.25
2012.01.27 18:28:31.172,1.43681,1.43715,3.00,1.50
2012.01.27 18:28:42.363,1.43681,1.43715,2.25,1.50
2012.01.27 18:28:50.262,1.43681,1.43715,2.25,2.25
2012.01.27 18:28:51.618,1.43687,1.43717,2.25,3.87
2012.01.27 18:28:51.846,1.43687,1.43717,2.25,1.62
2012.01.27 18:28:51.998,1.43687,1.43721,2.25,2.25
2012.01.27 18:28:52.558,1.43687,1.43721,2.25,2.25
2012.01.27 18:28:52.636,1.43687,1.43721,2.25,2.25
2012.01.27 18:28:54.729,1.43687,1.43721,2.25,2.25
2012.01.27 18:28:55.253,1.43687,1.43721,2.25,2.25
2012.01.27 18:28:55.793,1.43687,1.43721,2.25,2.25
2012.01.27 18:28:56.478,1.43687,1.43721,2.25,2.25
2012.01.27 18:28:57.273,1.43687,1.43719,2.25,1.50
2012.01.27 18:28:57.829,1.43687,1.43718,2.25,1.50
2012.01.27 18:28:59.608,1.43684,1.43716,2.25,1.50
2012.01.27 18:29:00.738,1.43684,1.43716,2.25,2.25
2012.01.27 18:29:00.813,1.43684,1.43714,2.25,1.50
2012.01.27 18:29:01.217,1.43684,1.43714,2.25,2.93
2012.01.27 18:29:01.983,1.43684,1.43714,2.25,2.93
2012.01.27 18:29:03.172,1.43685,1.43716,2.25,2.15
2012.01.27 18:29:03.795,1.43685,1.43716,2.25,1.50
2012.01.27 18:29:04.006,1.43685,1.43718,2.25,1.88
2012.01.27 18:29:04.077,1.43685,1.43719,2.25,2.63
2012.01.27 18:29:04.274,1.43685,1.43719,2.25,2.25
2012.01.27 18:29:05.025,1.43689,1.43722,2.25,1.40
2012.01.27 18:29:05.475,1.43689,1.43722,2.25,1.40
2012.01.27 18:29:05.900,1.43694,1.43726,2.25,2.63
2012.01.27 18:29:05.979,1.43694,1.43726,2.25,2.15
2012.01.27 18:29:06.996,1.43694,1.43726,2.25,2.90
2012.01.27 18:29:09.263,1.43694,1.43726,2.25,2.90
2012.01.27 18:29:09.898,1.43689,1.43723,2.25,1.50
2012.01.27 18:29:10.043,1.43689,1.43723,2.25,1.50
2012.01.27 18:29:10.119,1.43689,1.4372,2.25,1.13
2012.01.27 18:29:10.268,1.43685,1.43705,1.13,1.50
2012.01.27 18:29:10.416,1.43686,1.43718,2.25,1.65
2012.01.27 18:29:10.486,1.4368,1.4371,2.63,1.50
2012.01.27 18:29:11.237,1.43676,1.4371,2.25,1.50
2012.01.27 18:29:11.543,1.43676,1.4371,1.50,2.25
2012.01.27 18:29:15.156,1.43676,1.4371,1.50,2.90
2012.01.27 18:29:15.823,1.43678,1.4371,1.50,2.15
2012.01.27 18:29:15.902,1.43681,1.43712,1.50,1.78
2012.01.27 18:29:17.233,1.43681,1.43712,1.50,1.78
2012.01.27 18:29:17.680,1.43685,1.43712,1.50,1.78
2012.01.27 18:29:18.039,1.43685,1.43713,1.50,1.78
2012.01.27 18:29:18.838,1.43685,1.43713,1.50,1.40
2012.01.27 18:29:18.921,1.43679,1.4371,1.50,1.78
2012.01.27 18:29:19.163,1.43682,1.4371,1.50,1.40
2012.01.27 18:29:19.662,1.43682,1.4371,1.50,1.40
2012.01.27 18:29:19.794,1.43679,1.4371,1.50,1.40
2012.01.27 18:29:20.321,1.43681,1.4371,1.50,1.40
2012.01.27 18:29:20.402,1.43684,1.43716,1.50,3.25
2012.01.27 18:29:20.544,1.43684,1.43716,1.50,2.25
2012.01.27 18:29:20.684,1.43695,1.43719,1.50,1.50
2012.01.27 18:29:21.691,1.43702,1.43732,1.50,1.50
2012.01.27 18:29:23.239,1.43702,1.43732,1.50,1.50
2012.01.27 18:29:24.387,1.43702,1.43733,1.50,1.13
2012.01.27 18:29:25.116,1.43707,1.43734,1.50,1.78
2012.01.27 18:29:25.194,1.43703,1.43733,1.50,1.50
2012.01.27 18:29:25.519,1.43706,1.43734,1.50,1.40
2012.01.27 18:29:25.595,1.43706,1.43737,1.50,1.69
2012.01.27 18:29:25.736,1.43706,1.4374,2.25,2.25
2012.01.27 18:29:26.250,1.43702,1.43736,2.25,1.50
2012.01.27 18:29:26.607,1.43702,1.43731,1.50,1.40
2012.01.27 18:29:27.608,1.43702,1.43722,1.50,1.03
2012.01.27 18:29:27.852,1.43694,1.43722,1.50,1.03
2012.01.27 18:29:28.355,1.437,1.43724,1.50,1.13
2012.01.27 18:29:28.547,1.43701,1.43728,1.50,1.40
2012.01.27 18:29:28.682,1.43701,1.43728,1.50,1.40
2012.01.27 18:29:31.034,1.43697,1.43727,1.50,1.40
2012.01.27 18:29:31.436,1.43697,1.43725,1.50,1.40
2012.01.27 18:29:31.846,1.43697,1.43726,1.50,1.78
2012.01.27 18:29:32.257,1.43697,1.43724,1.50,1.13
2012.01.27 18:29:33.122,1.43692,1.43713,1.50,1.13
2012.01.27 18:29:33.215,1.43686,1.43709,1.50,1.03
2012.01.27 18:29:33.356,1.43686,1.43718,1.50,2.25
2012.01.27 18:29:33.580,1.43691,1.43718,1.50,2.15
2012.01.27 18:29:33.934,1.43694,1.43723,1.50,1.40
2012.01.27 18:29:34.440,1.43694,1.43723,1.50,1.40
2012.01.27 18:29:35.883,1.43694,1.43723,1.50,2.15
2012.01.27 18:29:37.078,1.43694,1.43723,1.50,1.40
2012.01.27 18:29:38.343,1.43694,1.43724,1.50,1.40
2012.01.27 18:29:38.413,1.43694,1.43724,1.50,1.40
2012.01.27 18:29:40.654,1.43694,1.43724,1.50,1.40
2012.01.27 18:29:43.169,1.43694,1.43719,1.50,1.50
2012.01.27 18:29:43.261,1.43687,1.43711,2.25,1.03
2012.01.27 18:29:43.413,1.43687,1.43711,1.50,1.78
2012.01.27 18:29:43.488,1.43679,1.43711,1.50,3.28
2012.01.27 18:29:44.146,1.43675,1.43707,1.50,2.25
2012.01.27 18:29:47.184,1.43677,1.43707,1.50,2.25
2012.01.27 18:29:47.493,1.43679,1.43711,1.50,3.28
2012.01.27 18:29:49.362,1.43679,1.43711,1.50,3.28
2012.01.27 18:29:51.793,1.43677,1.43708,1.50,1.50
2012.01.27 18:29:51.864,1.43674,1.43708,2.25,1.50
2012.01.27 18:29:52.419,1.43674,1.43708,1.50,3.00
2012.01.27 18:29:53.013,1.43674,1.43708,1.50,3.00
2012.01.27 18:29:57.987,1.43678,1.43707,1.50,1.40
2012.01.27 18:30:00.595,1.43678,1.43708,1.50,1.03
2012.01.27 18:30:01.144,1.43678,1.43709,1.50,1.40
2012.01.27 18:30:03.592,1.43678,1.43712,1.50,2.15
2012.01.27 18:30:08.582,1.43678,1.43712,2.25,1.50
2012.01.27 18:30:09.491,1.43687,1.43719,1.50,2.25
2012.01.27 18:30:09.864,1.43687,1.43719,2.25,2.15
2012.01.27 18:30:10.217,1.43687,1.43698,1.50,1.40
2012.01.27 18:30:10.293,1.43687,1.43706,1.50,1.40
2012.01.27 18:30:10.438,1.43676,1.43705,1.50,1.50
2012.01.27 18:30:11.309,1.43674,1.43707,1.50,1.78
2012.01.27 18:30:11.773,1.43674,1.43707,1.50,1.97
2012.01.27 18:30:13.518,1.43674,1.43708,1.50,3.28
2012.01.27 18:30:13.594,1.43674,1.43708,1.50,3.28
2012.01.27 18:30:14.469,1.43679,1.43707,1.50,1.40
2012.01.27 18:30:16.536,1.43677,1.43708,1.50,3.28
2012.01.27 18:30:16.604,1.43674,1.43708,1.50,3.28
2012.01.27 18:30:17.244,1.43674,1.43708,1.50,3.28
2012.01.27 18:30:18.108,1.43674,1.43708,1.50,3.71
2012.01.27 18:30:18.667,1.43674,1.43707,1.50,1.40
2012.01.27 18:30:19.138,1.43674,1.43707,1.50,1.40
2012.01.27 18:30:19.837,1.43679,1.43708,1.50,1.78
2012.01.27 18:30:20.597,1.43679,1.43708,1.50,1.78
2012.01.27 18:30:28.960,1.43679,1.43709,1.50,1.78
2012.01.27 18:30:29.904,1.43676,1.43708,1.50,2.90
2012.01.27 18:30:29.983,1.43674,1.43708,1.50,2.90
2012.01.27 18:30:30.503,1.43674,1.43708,1.50,2.15
2012.01.27 18:30:31.982,1.43674,1.43708,1.50,2.90
2012.01.27 18:30:32.216,1.43674,1.43708,2.25,1.50
2012.01.27 18:30:37.345,1.43674,1.43708,3.68,2.15
2012.01.27 18:30:40.598,1.43674,1.43708,3.68,2.15
2012.01.27 18:30:40.676,1.43674,1.43704,2.18,1.50
2012.01.27 18:30:41.178,1.43674,1.43704,1.43,1.50
2012.01.27 18:30:44.470,1.4367,1.43704,2.25,1.88
2012.01.27 18:30:44.795,1.43674,1.43704,1.43,1.88
2012.01.27 18:30:46.335,1.43672,1.43704,1.43,1.88
2012.01.27 18:30:47.412,1.43672,1.437,1.43,1.50
2012.01.27 18:30:47.568,1.43673,1.43703,1.43,1.03
2012.01.27 18:30:51.278,1.43672,1.43703,1.50,1.03
2012.01.27 18:30:51.832,1.43672,1.43703,1.50,1.03
2012.01.27 18:30:55.435,1.43672,1.43703,1.50,1.03
2012.01.27 18:30:56.305,1.43672,1.43701,1.50,1.40
2012.01.27 18:30:56.379,1.4367,1.43702,1.50,2.90
2012.01.27 18:30:56.457,1.43672,1.43701,1.43,1.40
2012.01.27 18:30:56.524,1.43672,1.43702,1.43,2.15
2012.01.27 18:30:56.594,1.4367,1.43702,1.50,2.15
2012.01.27 18:30:56.806,1.4367,1.43702,1.50,2.90
2012.01.27 18:31:02.829,1.4367,1.43701,1.50,1.78
2012.01.27 18:31:03.182,1.43673,1.43701,1.50,1.40
2012.01.27 18:31:04.386,1.43673,1.43705,1.50,2.15
2012.01.27 18:31:04.607,1.43669,1.437,3.08,1.50
2012.01.27 18:31:04.749,1.43666,1.43698,2.33,1.50
2012.01.27 18:31:04.903,1.43666,1.43698,3.68,1.50
2012.01.27 18:31:05.385,1.4367,1.43698,1.43,1.50
2012.01.27 18:31:05.598,1.4367,1.437,1.50,1.50
2012.01.27 18:31:05.668,1.4367,1.43702,1.50,3.28
2012.01.27 18:31:06.373,1.4367,1.43701,1.50,1.40
2012.01.27 18:31:09.815,1.43667,1.43698,1.50,1.50
2012.01.27 18:31:10.584,1.43666,1.43698,2.93,1.50
2012.01.27 18:31:14.926,1.43666,1.43698,2.93,2.25
2012.01.27 18:31:15.886,1.43666,1.43691,1.43,1.50
2012.01.27 18:31:15.969,1.43661,1.43687,1.43,1.50
2012.01.27 18:31:19.099,1.43661,1.43691,1.43,2.15
2012.01.27 18:31:19.597,1.4366,1.43691,1.80,1.50
2012.01.27 18:31:19.665,1.4366,1.43688,1.80,1.50
2012.01.27 18:31:19.996,1.4366,1.43686,1.80,1.50
2012.01.27 18:31:21.547,1.43659,1.43686,1.80,1.50
2012.01.27 18:31:21.893,1.43661,1.43686,1.43,1.50
2012.01.27 18:31:24.767,1.4366,1.43686,1.80,1.50
2012.01.27 18:31:24.845,1.4366,1.43689,1.43,1.50
2012.01.27 18:31:27.761,1.4366,1.43692,2.93,1.50
2012.01.27 18:31:28.026,1.4366,1.43692,2.93,2.15
2012.01.27 18:31:28.924,1.4366,1.4369,2.93,1.03
2012.01.27 18:31:29.006,1.4366,1.43692,3.30,1.50
2012.01.27 18:31:32.710,1.43665,1.43696,1.50,1.78
2012.01.27 18:31:35.825,1.43665,1.43697,2.25,2.90
2012.01.27 18:31:35.892,1.43665,1.43697,1.50,2.90
2012.01.27 18:31:36.509,1.43665,1.43697,2.25,2.15
2012.01.27 18:31:37.164,1.43663,1.43694,2.25,2.25
2012.01.27 18:31:37.359,1.43652,1.43684,2.63,1.03
2012.01.27 18:31:37.440,1.43657,1.43684,1.43,1.03
2012.01.27 18:31:37.594,1.43653,1.43684,1.13,1.03
2012.01.27 18:31:37.737,1.43653,1.43684,1.13,1.03
2012.01.27 18:31:38.267,1.43656,1.43688,1.50,1.50
2012.01.27 18:31:38.474,1.43661,1.43688,1.43,1.50
2012.01.27 18:31:39.083,1.4366,1.43688,1.43,1.50
2012.01.27 18:31:39.163,1.43657,1.43688,1.80,1.50
2012.01.27 18:31:39.802,1.43657,1.43688,1.80,1.50
2012.01.27 18:31:39.987,1.43659,1.43688,1.80,1.50
2012.01.27 18:31:40.530,1.4366,1.43692,1.88,1.50
2012.01.27 18:31:40.679,1.43664,1.43694,2.18,1.03
2012.01.27 18:31:41.024,1.43665,1.43697,1.13,2.90
2012.01.27 18:31:41.713,1.43665,1.43697,1.13,2.15
2012.01.27 18:31:41.785,1.43665,1.43697,1.13,1.50
2012.01.27 18:31:41.858,1.43669,1.437,1.50,1.13
2012.01.27 18:31:41.930,1.43673,1.437,1.50,1.13
2012.01.27 18:31:42.074,1.43673,1.43703,1.50,1.78
2012.01.27 18:31:42.612,1.43673,1.43703,1.50,1.03
2012.01.27 18:31:43.854,1.43673,1.43703,1.50,1.03
2012.01.27 18:31:45.679,1.43665,1.43689,1.50,1.03
2012.01.27 18:31:46.227,1.43665,1.43689,1.50,1.03
2012.01.27 18:31:47.088,1.43663,1.43689,1.50,1.03
2012.01.27 18:31:47.655,1.43662,1.43689,1.50,1.03
2012.01.27 18:31:49.269,1.43659,1.43689,1.50,1.03
2012.01.27 18:31:49.352,1.43658,1.43687,2.18,2.15
2012.01.27 18:31:49.566,1.43655,1.43682,1.50,1.03
2012.01.27 18:31:50.214,1.43656,1.43683,1.50,1.03
2012.01.27 18:31:50.351,1.43659,1.43683,1.50,1.03
2012.01.27 18:31:51.247,1.43659,1.43683,1.50,1.03
2012.01.27 18:31:51.825,1.43659,1.43683,1.50,1.03
2012.01.27 18:31:52.484,1.43653,1.43683,1.50,1.03
2012.01.27 18:31:53.045,1.43653,1.43683,1.50,1.03
2012.01.27 18:31:54.157,1.43653,1.43683,1.50,1.03
2012.01.27 18:31:54.871,1.43653,1.43682,1.50,1.03
2012.01.27 18:31:55.498,1.43653,1.43683,1.50,1.03
2012.01.27 18:31:56.132,1.43653,1.43683,1.50,1.03
2012.01.27 18:31:59.088,1.43653,1.43683,1.50,1.03
2012.01.27 18:32:01.337,1.43653,1.43683,1.50,1.03
2012.01.27 18:32:03.838,1.43653,1.43681,1.50,1.13
2012.01.27 18:32:04.050,1.4365,1.43682,1.50,3.28
2012.01.27 18:32:04.185,1.43654,1.43682,1.50,1.03
2012.01.27 18:32:04.847,1.43654,1.43682,1.50,1.03
2012.01.27 18:32:05.873,1.43654,1.43682,1.50,1.03
2012.01.27 18:32:06.144,1.43651,1.43682,1.50,1.03
2012.01.27 18:32:06.215,1.43649,1.43682,3.68,1.03
2012.01.27 18:32:07.202,1.43649,1.43682,3.68,1.03
2012.01.27 18:32:08.297,1.43649,1.43682,4.05,1.03
2012.01.27 18:32:08.938,1.43654,1.43682,1.50,1.03
2012.01.27 18:32:09.623,1.43654,1.43682,1.50,1.03
2012.01.27 18:32:10.159,1.43655,1.43682,1.50,1.03
2012.01.27 18:32:10.958,1.43659,1.43689,1.50,2.15
2012.01.27 18:32:11.104,1.43661,1.43691,1.50,1.03
2012.01.27 18:32:11.219,1.43657,1.43689,1.50,1.03
2012.01.27 18:32:14.250,1.43667,1.43691,1.43,2.90
2012.01.27 18:32:14.404,1.43658,1.43689,1.50,1.03
2012.01.27 18:32:15.278,1.43662,1.4369,1.50,1.03
2012.01.27 18:32:15.833,1.43662,1.4369,1.50,1.03
2012.01.27 18:32:16.865,1.43662,1.43692,1.50,1.13
2012.01.27 18:32:17.325,1.43662,1.43692,1.88,1.40
2012.01.27 18:32:23.737,1.43664,1.43693,1.88,1.40
2012.01.27 18:32:24.427,1.43665,1.43694,1.88,1.13
2012.01.27 18:32:24.634,1.43665,1.43697,1.88,1.78
2012.01.27 18:32:28.340,1.43665,1.43696,1.88,2.15
2012.01.27 18:32:28.424,1.43663,1.43694,1.13,1.50
2012.01.27 18:32:31.375,1.43663,1.43694,1.13,1.50
2012.01.27 18:32:34.793,1.43663,1.43694,1.13,2.15
2012.01.27 18:32:40.512,1.43663,1.43694,1.13,2.15
2012.01.27 18:32:41.205,1.43666,1.43695,1.50,1.78
2012.01.27 18:32:41.557,1.43666,1.43695,1.88,1.78
2012.01.27 18:32:42.093,1.43663,1.43695,2.63,2.90
2012.01.27 18:32:42.841,1.43664,1.43695,1.80,3.28
2012.01.27 18:32:43.519,1.43664,1.43695,1.80,2.15
2012.01.27 18:32:43.672,1.43666,1.43698,1.88,2.25
2012.01.27 18:32:43.817,1.43666,1.43698,1.88,1.50
2012.01.27 18:32:44.015,1.43664,1.43696,1.80,1.50
2012.01.27 18:32:45.032,1.43666,1.43698,1.88,2.25
2012.01.27 18:32:46.069,1.43666,1.43698,1.88,2.25
2012.01.27 18:32:46.629,1.43664,1.43694,1.80,1.50
2012.01.27 18:32:50.334,1.4367,1.43696,1.50,1.40
2012.01.27 18:32:51.090,1.4367,1.43697,1.50,1.78
2012.01.27 18:32:51.672,1.4367,1.43697,1.50,1.78
2012.01.27 18:32:52.827,1.4367,1.43697,1.50,1.78
2012.01.27 18:32:53.373,1.4367,1.43695,1.50,1.40
2012.01.27 18:32:55.555,1.4367,1.43697,1.50,1.03
2012.01.27 18:32:56.064,1.4367,1.43697,1.50,1.03
2012.01.27 18:32:57.248,1.4367,1.43699,1.50,1.78
2012.01.27 18:32:59.515,1.4367,1.43699,1.50,1.78
2012.01.27 18:33:04.443,1.4367,1.43699,1.50,1.78
2012.01.27 18:33:05.107,1.4367,1.43699,1.50,1.78
2012.01.27 18:33:05.747,1.4367,1.43699,1.50,1.78
2012.01.27 18:33:06.158,1.43673,1.43699,1.50,1.40
2012.01.27 18:33:06.910,1.4367,1.43699,1.50,1.40
2012.01.27 18:33:07.797,1.4367,1.43698,1.50,1.40
2012.01.27 18:33:07.877,1.43665,1.43695,1.50,1.40
2012.01.27 18:33:15.186,1.43665,1.43697,1.50,1.40
2012.01.27 18:33:15.781,1.43665,1.43697,1.50,1.40
2012.01.27 18:33:16.498,1.43665,1.43697,1.50,1.40
2012.01.27 18:33:17.357,1.43665,1.43694,1.50,1.03
2012.01.27 18:33:18.375,1.43665,1.43694,1.50,1.03
2012.01.27 18:33:19.623,1.43669,1.43694,1.50,1.03
2012.01.27 18:33:20.418,1.43669,1.43694,1.50,1.03
2012.01.27 18:33:21.041,1.43669,1.43694,1.50,1.03
2012.01.27 18:33:21.115,1.43666,1.43694,1.50,1.03
2012.01.27 18:33:22.629,1.43666,1.43694,1.50,1.03
2012.01.27 18:33:24.460,1.43673,1.43695,1.50,1.03
2012.01.27 18:33:24.986,1.43673,1.43694,1.50,1.03
2012.01.27 18:33:25.819,1.43673,1.43695,1.50,1.03
2012.01.27 18:33:26.597,1.43673,1.43695,1.50,1.03
2012.01.27 18:33:27.160,1.43673,1.43695,1.50,1.03
2012.01.27 18:33:27.502,1.43673,1.43699,1.50,1.03
2012.01.27 18:33:28.499,1.43673,1.43699,1.50,1.78
2012.01.27 18:33:28.651,1.43673,1.43697,1.50,1.03
2012.01.27 18:33:28.729,1.43665,1.43692,1.50,1.50
2012.01.27 18:33:29.429,1.43665,1.43691,2.93,1.50
2012.01.27 18:33:29.520,1.43656,1.43687,1.80,2.63
2012.01.27 18:33:29.604,1.43658,1.43687,1.80,1.50
2012.01.27 18:33:29.819,1.43656,1.43687,1.99,2.15
2012.01.27 18:33:30.176,1.43658,1.43688,1.88,1.03
2012.01.27 18:33:30.705,1.43652,1.43683,1.32,1.50
2012.01.27 18:33:30.838,1.43652,1.43683,1.32,1.50
2012.01.27 18:33:31.669,1.43652,1.43683,1.13,1.50
2012.01.27 18:33:32.287,1.43649,1.43683,2.07,2.63
2012.01.27 18:33:32.361,1.43649,1.43682,1.88,1.03
2012.01.27 18:33:32.439,1.43648,1.43678,3.15,1.50
2012.01.27 18:33:32.867,1.43647,1.43678,1.88,2.25
2012.01.27 18:33:32.946,1.43646,1.43678,3.00,2.25
2012.01.27 18:33:33.027,1.43646,1.43671,3.00,1.03
2012.01.27 18:33:33.705,1.43638,1.43669,1.23,1.50
2012.01.27 18:33:33.788,1.43637,1.43669,1.13,2.15
2012.01.27 18:33:34.123,1.43635,1.43669,2.25,1.50
2012.01.27 18:33:34.566,1.43635,1.43669,3.00,1.50
2012.01.27 18:33:35.156,1.43639,1.4367,1.50,1.03
2012.01.27 18:33:35.660,1.43639,1.4367,1.50,1.03
2012.01.27 18:33:36.561,1.43639,1.4367,1.50,1.03
2012.01.27 18:33:37.071,1.43639,1.4367,1.50,1.03
2012.01.27 18:33:37.964,1.43639,1.4367,1.50,1.03
2012.01.27 18:33:38.222,1.43635,1.43669,2.44,2.15
2012.01.27 18:33:38.691,1.43633,1.43665,3.00,1.50
2012.01.27 18:33:38.978,1.43631,1.43665,4.24,1.50
2012.01.27 18:33:39.619,1.43631,1.43665,4.24,2.15
2012.01.27 18:33:39.997,1.43635,1.43663,1.13,2.90
2012.01.27 18:33:40.353,1.43621,1.43653,2.25,3.58
2012.01.27 18:33:41.337,1.43617,1.4365,1.69,1.50
2012.01.27 18:33:41.411,1.4362,1.43653,1.50,1.03
2012.01.27 18:33:41.868,1.43619,1.4365,1.50,1.50
2012.01.27 18:33:41.940,1.43617,1.4365,1.50,1.50
2012.01.27 18:33:43.502,1.43621,1.43651,1.50,1.50
2012.01.27 18:33:43.583,1.43621,1.43653,1.50,1.50
2012.01.27 18:33:45.711,1.43617,1.43649,3.00,1.50
2012.01.27 18:33:46.594,1.43617,1.43647,1.50,1.50
2012.01.27 18:33:46.937,1.43613,1.43645,3.19,1.50
2012.01.27 18:33:47.294,1.43618,1.43649,1.13,1.03
2012.01.27 18:33:47.837,1.43618,1.43649,1.13,1.03
2012.01.27 18:33:48.548,1.43618,1.43649,1.13,1.03
2012.01.27 18:33:49.228,1.43618,1.43649,1.13,1.03
2012.01.27 18:33:51.984,1.43618,1.43649,1.13,1.03
2012.01.27 18:33:52.195,1.4362,1.43654,1.50,1.50
2012.01.27 18:33:52.265,1.4362,1.43654,2.25,1.50
2012.01.27 18:33:52.786,1.43625,1.43656,1.50,1.03
2012.01.27 18:33:54.009,1.43625,1.43657,2.25,1.50
2012.01.27 18:33:54.819,1.43631,1.43663,1.50,1.88
2012.01.27 18:33:54.914,1.43638,1.4367,1.50,2.25
2012.01.27 18:33:56.715,1.43638,1.4367,1.50,2.63
2012.01.27 18:33:58.255,1.43638,1.43668,1.50,1.03
2012.01.27 18:33:58.685,1.43642,1.43668,1.50,1.03
2012.01.27 18:33:59.152,1.43638,1.4367,1.69,1.88
2012.01.27 18:34:00.130,1.43638,1.4367,1.50,1.50
2012.01.27 18:34:02.166,1.43638,1.4367,2.63,1.50
2012.01.27 18:34:04.587,1.43638,1.43671,1.13,1.50
2012.01.27 18:34:13.229,1.43644,1.43673,2.25,2.15
2012.01.27 18:34:13.377,1.43644,1.43678,3.38,2.63
2012.01.27 18:34:13.516,1.43644,1.43676,3.38,1.50
2012.01.27 18:34:13.893,1.43644,1.43674,1.13,2.25
2012.01.27 18:34:14.294,1.43642,1.43674,1.88,1.50
2012.01.27 18:34:17.306,1.43642,1.43674,1.88,1.50
2012.01.27 18:34:19.330,1.4364,1.43673,2.25,1.69
2012.01.27 18:34:19.637,1.43636,1.43665,1.69,2.15
2012.01.27 18:34:19.784,1.43636,1.43657,2.07,1.50
2012.01.27 18:34:20.002,1.43633,1.43663,1.13,1.50
2012.01.27 18:34:20.079,1.43633,1.43663,1.13,1.50
2012.01.27 18:34:20.297,1.43633,1.43663,1.13,1.50
2012.01.27 18:34:20.928,1.43632,1.43663,1.13,1.50
2012.01.27 18:34:21.492,1.43633,1.43663,1.50,1.50
2012.01.27 18:34:21.850,1.43632,1.43656,1.13,1.50
2012.01.27 18:34:21.996,1.43626,1.43653,1.88,1.50
2012.01.27 18:34:22.336,1.43624,1.43656,2.25,2.15
2012.01.27 18:34:23.057,1.43624,1.43656,1.50,2.15
2012.01.27 18:34:23.132,1.43622,1.43653,1.50,1.50
2012.01.27 18:34:23.497,1.43612,1.43631,1.69,1.40
2012.01.27 18:34:23.788,1.43603,1.43631,2.25,1.78
2012.01.27 18:34:23.868,1.43603,1.43631,3.00,1.78
2012.01.27 18:34:24.630,1.43598,1.43632,2.25,2.15
2012.01.27 18:34:24.854,1.43595,1.43627,2.25,1.50
2012.01.27 18:34:25.212,1.436,1.43627,1.26,1.50
2012.01.27 18:34:25.436,1.43597,1.43627,1.26,1.50
2012.01.27 18:34:26.137,1.43593,1.43627,2.25,1.50
2012.01.27 18:34:26.230,1.43592,1.43622,1.26,1.50
2012.01.27 18:34:26.577,1.4359,1.43622,2.76,1.50
2012.01.27 18:34:27.104,1.4359,1.43622,2.25,1.50
2012.01.27 18:34:27.308,1.4359,1.43616,1.50,1.50
2012.01.27 18:34:27.377,1.43585,1.43615,2.25,1.40
2012.01.27 18:34:27.518,1.43585,1.43609,1.50,1.03
2012.01.27 18:34:27.667,1.43585,1.43606,1.50,1.50
2012.01.27 18:34:28.351,1.43583,1.43606,1.50,1.50
2012.01.27 18:34:28.581,1.43583,1.43615,1.88,3.00
2012.01.27 18:34:28.927,1.43583,1.43615,2.25,2.25
2012.01.27 18:34:29.283,1.43587,1.43618,2.25,1.03
2012.01.27 18:34:29.497,1.43587,1.43619,2.25,1.03
2012.01.27 18:34:30.195,1.43587,1.43619,2.25,1.03
2012.01.27 18:34:30.547,1.43591,1.43624,2.25,1.40
2012.01.27 18:34:30.975,1.43591,1.43618,2.25,1.03
2012.01.27 18:34:31.049,1.43591,1.43617,1.50,1.03
2012.01.27 18:34:31.475,1.43587,1.43618,1.50,1.40
2012.01.27 18:34:32.427,1.43588,1.43618,1.50,1.40
2012.01.27 18:34:32.836,1.43588,1.4362,1.50,1.50
2012.01.27 18:34:32.979,1.43591,1.43623,2.25,2.25
2012.01.27 18:34:33.516,1.43595,1.43623,1.50,1.40
2012.01.27 18:34:34.981,1.43599,1.43631,2.25,1.50
2012.01.27 18:34:35.464,1.43595,1.43627,3.00,1.50
2012.01.27 18:34:36.596,1.43595,1.43627,3.00,1.50
2012.01.27 18:34:37.486,1.43595,1.43627,3.00,1.50
2012.01.27 18:34:38.103,1.43599,1.43631,1.50,2.25
2012.01.27 18:34:38.744,1.43599,1.43631,1.50,1.50
2012.01.27 18:34:39.959,1.43599,1.43631,1.50,1.69
2012.01.27 18:34:40.039,1.43599,1.43631,1.50,2.44
2012.01.27 18:34:40.257,1.43599,1.43631,1.50,1.50
2012.01.27 18:34:42.027,1.43599,1.43631,1.50,2.25
2012.01.27 18:34:42.668,1.43599,1.43631,1.50,2.25
2012.01.27 18:34:43.137,1.43595,1.43627,1.50,1.50
2012.01.27 18:34:46.198,1.43595,1.43626,1.50,2.25
2012.01.27 18:34:46.832,1.43592,1.43624,3.00,1.50
2012.01.27 18:34:47.149,1.43596,1.43627,1.50,1.88
2012.01.27 18:34:47.507,1.4359,1.43616,1.50,1.50
2012.01.27 18:34:47.645,1.4359,1.43622,3.00,1.88
2012.01.27 18:34:48.056,1.4359,1.43622,3.00,1.50
2012.01.27 18:34:48.408,1.4359,1.43622,3.00,1.50
2012.01.27 18:34:49.108,1.4359,1.43624,2.25,6.65
2012.01.27 18:34:49.701,1.4359,1.43623,2.25,1.40
2012.01.27 18:34:49.978,1.43595,1.43624,1.50,4.50
2012.01.27 18:34:50.260,1.43591,1.43624,3.00,4.50
2012.01.27 18:34:50.459,1.43591,1.43624,3.00,4.50
2012.01.27 18:34:52.052,1.43599,1.43624,1.50,4.50
2012.01.27 18:34:52.655,1.43599,1.43628,1.50,1.75
2012.01.27 18:34:52.848,1.43599,1.4363,2.25,1.75
2012.01.27 18:34:52.919,1.43599,1.43631,2.25,2.07
2012.01.27 18:34:53.195,1.43599,1.43631,1.50,1.88
2012.01.27 18:34:54.206,1.43602,1.43633,1.50,1.32
2012.01.27 18:34:54.858,1.43602,1.43636,1.50,1.50
2012.01.27 18:34:55.986,1.43602,1.43636,1.50,2.25
2012.01.27 18:34:56.058,1.43598,1.43632,2.25,1.50
2012.01.27 18:34:58.920,1.43594,1.43628,2.25,1.50
2012.01.27 18:34:59.631,1.43594,1.43628,1.50,2.25
2012.01.27 18:34:59.714,1.43594,1.43626,1.50,1.03
2012.01.27 18:35:00.076,1.43597,1.43616,2.63,1.50
2012.01.27 18:35:00.783,1.43593,1.43621,1.50,1.50
2012.01.27 18:35:00.996,1.43587,1.43618,1.50,1.50
2012.01.27 18:35:01.071,1.43587,1.43618,1.50,1.50
2012.01.27 18:35:01.288,1.43588,1.4362,2.25,1.50
2012.01.27 18:35:02.040,1.43588,1.4362,2.25,1.50
2012.01.27 18:35:02.835,1.43594,1.43626,2.25,1.50
2012.01.27 18:35:02.917,1.43594,1.43626,2.25,1.50
2012.01.27 18:35:03.268,1.43594,1.43626,2.25,3.00
2012.01.27 18:35:03.344,1.43594,1.43624,1.50,1.50
2012.01.27 18:35:03.418,1.43591,1.4362,1.50,1.50
2012.01.27 18:35:03.702,1.43588,1.4362,1.50,1.50
2012.01.27 18:35:03.781,1.43586,1.43618,1.50,1.50
2012.01.27 18:35:03.858,1.43584,1.43618,2.25,1.50
2012.01.27 18:35:05.654,1.43587,1.43619,1.50,1.50
2012.01.27 18:35:06.007,1.43592,1.43621,1.50,1.59
2012.01.27 18:35:06.873,1.43592,1.43624,1.50,3.00
2012.01.27 18:35:06.969,1.43595,1.43627,1.50,1.50
2012.01.27 18:35:08.794,1.43595,1.43626,1.50,1.50
2012.01.27 18:35:08.867,1.43592,1.43624,1.50,1.50
2012.01.27 18:35:10.280,1.43592,1.43623,2.25,1.50
2012.01.27 18:35:10.357,1.43588,1.4362,3.00,1.50
2012.01.27 18:35:10.827,1.43588,1.4362,3.00,1.50
2012.01.27 18:35:12.723,1.43588,1.43608,1.50,1.50
2012.01.27 18:35:13.008,1.4358,1.4361,1.50,1.50
2012.01.27 18:35:13.090,1.43584,1.4361,1.50,1.50
2012.01.27 18:35:13.779,1.43587,1.43616,2.25,1.13
2012.01.27 18:35:13.867,1.43587,1.43621,2.25,1.69
2012.01.27 18:35:14.136,1.43587,1.43621,2.25,1.69
2012.01.27 18:35:14.206,1.43585,1.43617,3.00,1.50
2012.01.27 18:35:15.529,1.43588,1.4362,2.25,1.50
2012.01.27 18:35:17.645,1.43588,1.4362,2.25,1.50
2012.01.27 18:35:19.572,1.43586,1.43617,1.13,1.50
2012.01.27 18:35:20.354,1.43586,1.43617,1.13,1.50
2012.01.27 18:35:22.138,1.43586,1.43617,2.25,1.50
2012.01.27 18:35:22.218,1.43587,1.43621,2.25,1.50
2012.01.27 18:35:22.497,1.43587,1.43621,2.25,1.50
2012.01.27 18:35:23.246,1.43587,1.43621,2.25,1.50
2012.01.27 18:35:24.757,1.43587,1.43621,2.25,1.50
2012.01.27 18:35:25.168,1.43594,1.43618,1.26,1.50
2012.01.27 18:35:26.677,1.43594,1.43618,1.26,1.50
2012.01.27 18:35:27.056,1.43587,1.43625,1.26,2.15
2012.01.27 18:35:27.200,1.43587,1.43624,1.26,1.40
2012.01.27 18:35:27.610,1.43597,1.43623,1.26,1.50
2012.01.27 18:35:27.690,1.43597,1.43627,1.26,2.25
2012.01.27 18:35:27.765,1.43597,1.43628,1.26,1.50
2012.01.27 18:35:28.359,1.43597,1.43631,1.26,1.40
2012.01.27 18:35:28.664,1.43584,1.43614,1.26,1.50
2012.01.27 18:35:29.089,1.43584,1.43612,1.26,1.03
2012.01.27 18:35:29.387,1.43589,1.43612,1.26,1.03
2012.01.27 18:35:30.116,1.43583,1.43603,1.26,1.50
2012.01.27 18:35:30.279,1.43583,1.43612,1.26,1.50
2012.01.27 18:35:30.356,1.43585,1.43612,1.26,1.50
2012.01.27 18:35:30.928,1.43583,1.43612,1.26,1.50
2012.01.27 18:35:31.661,1.43579,1.43612,1.26,1.50
2012.01.27 18:35:31.810,1.43579,1.43608,1.26,1.50
2012.01.27 18:35:32.034,1.43576,1.43608,1.50,1.50
2012.01.27 18:35:32.191,1.43574,1.43608,1.50,2.25
2012.01.27 18:35:33.422,1.43567,1.43587,1.50,1.50
2012.01.27 18:35:33.750,1.43536,1.43557,1.26,1.50
2012.01.27 18:35:34.088,1.43535,1.43564,1.50,3.00
2012.01.27 18:35:34.189,1.43536,1.43555,1.50,1.50
2012.01.27 18:35:34.292,1.43525,1.43552,1.26,3.00
2012.01.27 18:35:35.012,1.43526,1.43549,1.50,1.50
2012.01.27 18:35:35.269,1.43522,1.43544,1.88,1.50
2012.01.27 18:35:35.349,1.43522,1.43552,1.88,2.25
2012.01.27 18:35:36.102,1.43522,1.43549,1.50,2.25
2012.01.27 18:35:36.922,1.43523,1.43554,2.25,1.13
2012.01.27 18:35:37.044,1.43523,1.4355,2.25,1.13
2012.01.27 18:35:37.173,1.4352,1.43549,1.50,2.25
2012.01.27 18:35:37.529,1.43519,1.43549,1.88,2.25
2012.01.27 18:35:38.329,1.43522,1.43551,1.50,1.50
2012.01.27 18:35:38.566,1.43518,1.4355,3.00,1.50
2012.01.27 18:35:38.647,1.43522,1.43556,2.25,3.00
2012.01.27 18:35:38.723,1.43524,1.43556,1.50,3.00
2012.01.27 18:35:39.078,1.43531,1.43556,2.44,1.50
2012.01.27 18:35:39.956,1.43529,1.43553,2.63,1.50
2012.01.27 18:35:40.058,1.43538,1.43551,2.25,1.50
2012.01.27 18:35:40.204,1.43538,1.43551,2.25,1.50
2012.01.27 18:35:40.285,1.43538,1.43551,2.25,1.50
2012.01.27 18:35:40.429,1.43538,1.43551,2.25,1.50
2012.01.27 18:35:40.934,1.43534,1.43555,2.25,1.50
2012.01.27 18:35:41.641,1.43536,1.43562,1.50,2.25
2012.01.27 18:35:42.001,1.43537,1.43562,1.13,2.25
2012.01.27 18:35:42.293,1.43537,1.43562,1.13,2.25
2012.01.27 18:35:42.375,1.43537,1.43561,1.13,1.50
2012.01.27 18:35:42.803,1.43529,1.43558,1.13,2.25
2012.01.27 18:35:43.428,1.4353,1.43561,1.88,1.50
2012.01.27 18:35:43.509,1.43531,1.43563,1.69,1.50
2012.01.27 18:35:43.594,1.4353,1.43563,2.07,1.50
2012.01.27 18:35:43.740,1.43534,1.43565,2.25,2.25
2012.01.27 18:35:43.821,1.43534,1.43566,2.25,1.50
2012.01.27 18:35:44.177,1.43531,1.43562,1.69,1.50
2012.01.27 18:35:44.594,1.4353,1.4356,2.63,1.50
2012.01.27 18:35:44.671,1.43526,1.43558,2.25,1.50
2012.01.27 18:35:45.337,1.43526,1.43558,2.25,1.50
2012.01.27 18:35:45.438,1.43523,1.43548,1.50,1.50
2012.01.27 18:35:45.794,1.43526,1.4356,2.25,1.50
2012.01.27 18:35:46.069,1.43524,1.43556,2.25,1.50
2012.01.27 18:35:46.564,1.43527,1.43558,2.25,1.50
2012.01.27 18:35:47.274,1.43527,1.43559,2.25,1.50
2012.01.27 18:35:47.576,1.43528,1.43559,1.26,1.50
2012.01.27 18:35:49.372,1.43529,1.43559,2.25,1.50
2012.01.27 18:35:49.456,1.43529,1.43559,2.25,1.50
2012.01.27 18:35:49.739,1.43531,1.43563,2.25,1.50
2012.01.27 18:35:50.535,1.4353,1.4356,1.13,1.50
2012.01.27 18:35:51.400,1.43526,1.4356,2.25,1.50
2012.01.27 18:35:51.676,1.43526,1.4356,2.25,1.50
2012.01.27 18:35:53.769,1.43524,1.43556,2.25,3.00
2012.01.27 18:35:53.840,1.43524,1.43556,1.50,3.00
2012.01.27 18:35:53.924,1.43521,1.43553,1.26,2.25
2012.01.27 18:35:54.673,1.43519,1.43553,2.25,2.25
2012.01.27 18:35:54.751,1.43519,1.43553,2.25,1.50
2012.01.27 18:35:54.830,1.43519,1.43553,2.25,1.50
2012.01.27 18:35:55.048,1.43519,1.43553,2.25,1.50
2012.01.27 18:35:56.127,1.43519,1.43553,2.25,2.25
2012.01.27 18:35:56.744,1.43519,1.43551,2.25,1.50
2012.01.27 18:35:57.086,1.43516,1.43548,2.25,1.50
2012.01.27 18:35:57.574,1.4352,1.43552,2.25,1.50
2012.01.27 18:35:58.791,1.4352,1.43552,2.25,1.50
2012.01.27 18:35:59.636,1.43527,1.43554,1.50,1.50
2012.01.27 18:35:59.849,1.43527,1.43561,2.25,1.69
2012.01.27 18:36:00.000,1.43527,1.43561,2.25,1.50
2012.01.27 18:36:01.221,1.43527,1.43561,2.25,2.25
2012.01.27 18:36:01.309,1.43527,1.43553,1.50,1.50
2012.01.27 18:36:01.387,1.43523,1.43552,1.50,1.40
2012.01.27 18:36:01.915,1.43523,1.43551,2.25,1.40
2012.01.27 18:36:02.060,1.43515,1.43547,2.25,1.50
2012.01.27 18:36:02.350,1.43516,1.43547,1.50,1.50
2012.01.27 18:36:02.497,1.43521,1.4355,2.25,1.50
2012.01.27 18:36:02.567,1.43521,1.43553,2.25,1.50
2012.01.27 18:36:02.638,1.43521,1.43553,2.25,1.50
2012.01.27 18:36:02.849,1.43525,1.43555,2.25,1.50
2012.01.27 18:36:03.433,1.43525,1.43557,2.25,1.50
2012.01.27 18:36:05.436,1.43525,1.43557,2.25,1.50
2012.01.27 18:36:08.705,1.43528,1.43559,2.25,1.50
2012.01.27 18:36:08.775,1.43528,1.43562,2.25,1.69
2012.01.27 18:36:09.603,1.43528,1.43562,2.25,1.50
2012.01.27 18:36:09.692,1.43533,1.43565,1.50,1.50
2012.01.27 18:36:10.601,1.43533,1.43565,2.25,1.50
2012.01.27 18:36:10.938,1.43535,1.43565,1.50,1.50
2012.01.27 18:36:11.075,1.43536,1.43569,2.25,3.19
2012.01.27 18:36:11.146,1.43534,1.43565,1.50,1.50
2012.01.27 18:36:11.477,1.43534,1.43564,1.50,1.50
2012.01.27 18:36:11.548,1.43534,1.43564,1.50,1.50
2012.01.27 18:36:12.433,1.43534,1.43565,1.50,2.25
2012.01.27 18:36:12.521,1.43533,1.43564,2.25,1.50
2012.01.27 18:36:13.080,1.43533,1.4356,1.50,1.50
2012.01.27 18:36:13.285,1.43533,1.43566,1.50,3.00
2012.01.27 18:36:13.425,1.43534,1.43566,1.50,2.25
2012.01.27 18:36:13.706,1.43536,1.43566,1.50,2.25
2012.01.27 18:36:14.049,1.43535,1.43561,1.50,1.50
2012.01.27 18:36:14.315,1.43534,1.43561,1.88,1.50
2012.01.27 18:36:15.119,1.43534,1.43561,1.88,3.00
2012.01.27 18:36:15.466,1.43534,1.43561,1.88,2.25
2012.01.27 18:36:15.676,1.43534,1.43561,1.13,3.00
2012.01.27 18:36:16.111,1.43534,1.43561,1.13,3.00
2012.01.27 18:36:16.376,1.43529,1.43554,1.50,1.50
2012.01.27 18:36:16.782,1.43526,1.43554,1.50,1.50
2012.01.27 18:36:17.883,1.43537,1.43568,1.50,1.40
2012.01.27 18:36:17.968,1.43537,1.43569,1.50,1.50
2012.01.27 18:36:18.507,1.43534,1.43567,1.50,1.50
2012.01.27 18:36:18.792,1.43533,1.43567,3.38,2.25
2012.01.27 18:36:19.013,1.43534,1.43566,1.50,2.25
2012.01.27 18:36:19.370,1.43538,1.43567,1.50,1.69
2012.01.27 18:36:19.979,1.43534,1.43567,1.50,3.19
2012.01.27 18:36:20.188,1.43534,1.43565,1.50,1.50
2012.01.27 18:36:20.260,1.43534,1.43563,1.50,1.50
2012.01.27 18:36:21.362,1.43531,1.43562,2.25,1.50
2012.01.27 18:36:21.997,1.43529,1.4356,2.25,1.50
2012.01.27 18:36:22.089,1.43531,1.43563,2.25,3.00
2012.01.27 18:36:22.227,1.43532,1.43563,1.50,2.25
2012.01.27 18:36:22.368,1.43533,1.43563,1.13,1.50
2012.01.27 18:36:22.566,1.43534,1.43563,1.50,1.50
2012.01.27 18:36:25.724,1.43534,1.43565,3.00,1.50
2012.01.27 18:36:25.811,1.43535,1.43566,1.50,1.50
2012.01.27 18:36:25.896,1.43535,1.43566,1.50,1.50
2012.01.27 18:36:26.806,1.43535,1.43564,1.50,1.50
2012.01.27 18:36:27.156,1.43534,1.43564,1.50,1.50
2012.01.27 18:36:27.760,1.4353,1.43564,3.00,1.50
2012.01.27 18:36:29.190,1.43526,1.4356,2.63,1.50
2012.01.27 18:36:29.339,1.43526,1.4356,2.25,1.50
2012.01.27 18:36:29.483,1.43524,1.43556,2.25,1.50
2012.01.27 18:36:29.557,1.43524,1.43556,2.25,1.50
2012.01.27 18:36:30.077,1.43524,1.43556,2.25,1.50
2012.01.27 18:36:32.365,1.43524,1.43556,2.25,1.50
2012.01.27 18:36:32.937,1.43524,1.43554,2.25,4.50
2012.01.27 18:36:33.015,1.4352,1.43552,2.25,2.90
2012.01.27 18:36:33.499,1.43516,1.43548,2.25,1.50
2012.01.27 18:36:34.440,1.43516,1.43548,2.25,2.63
2012.01.27 18:36:35.455,1.43516,1.43548,2.25,2.15
2012.01.27 18:36:36.665,1.43516,1.43548,2.25,2.15
2012.01.27 18:36:37.448,1.43507,1.43548,3.14,1.40
2012.01.27 18:36:37.520,1.43507,1.43548,3.14,1.40
2012.01.27 18:36:38.147,1.43507,1.43548,3.38,1.40
2012.01.27 18:36:38.671,1.43515,1.43547,2.25,2.15
2012.01.27 18:36:40.127,1.43515,1.43547,2.25,2.15
2012.01.27 18:36:42.085,1.43515,1.43547,2.25,1.50
2012.01.27 18:36:45.654,1.43515,1.43547,2.25,2.53
2012.01.27 18:36:45.978,1.4351,1.43539,1.50,1.69
2012.01.27 18:36:46.355,1.4351,1.43539,1.50,1.69
2012.01.27 18:36:46.428,1.4351,1.43539,1.50,1.50
2012.01.27 18:36:46.810,1.43507,1.43539,2.25,1.69
2012.01.27 18:36:47.634,1.43507,1.43539,2.25,1.50
2012.01.27 18:36:47.827,1.43508,1.43539,2.25,1.50
2012.01.27 18:36:47.897,1.4351,1.43542,2.25,2.15
2012.01.27 18:36:49.088,1.4351,1.43542,2.25,1.50
2012.01.27 18:36:49.895,1.4351,1.43542,3.00,1.50
2012.01.27 18:36:50.037,1.43511,1.43542,1.50,1.50
2012.01.27 18:36:50.176,1.43518,1.4355,1.50,1.50
2012.01.27 18:36:50.319,1.43518,1.4355,3.00,1.50
2012.01.27 18:36:50.787,1.43521,1.43554,2.25,4.50
2012.01.27 18:36:50.998,1.43521,1.43555,2.25,2.25
2012.01.27 18:36:51.141,1.43527,1.43555,1.50,1.50
2012.01.27 18:36:51.219,1.43528,1.43559,2.25,1.69
2012.01.27 18:36:51.977,1.43529,1.43558,1.26,1.78
2012.01.27 18:36:52.321,1.43528,1.43556,1.26,1.50
2012.01.27 18:36:52.404,1.43531,1.43559,1.26,2.25
2012.01.27 18:36:52.755,1.43537,1.43564,1.26,2.90
2012.01.27 18:36:53.229,1.43536,1.4356,1.26,1.50
2012.01.27 18:36:54.124,1.43536,1.43557,1.26,1.50
2012.01.27 18:36:54.206,1.43535,1.43557,1.26,1.50
2012.01.27 18:36:54.283,1.43537,1.4356,1.26,1.50
2012.01.27 18:36:54.689,1.43537,1.4356,1.26,1.50
2012.01.27 18:36:56.533,1.43538,1.43563,1.26,1.03
2012.01.27 18:36:56.966,1.4353,1.43557,1.26,1.50
2012.01.27 18:36:57.047,1.4353,1.43557,1.26,1.50
2012.01.27 18:36:57.193,1.43526,1.43556,2.25,2.25
2012.01.27 18:36:57.408,1.43534,1.43559,1.26,1.40
2012.01.27 18:36:57.548,1.43534,1.43559,1.26,1.40
2012.01.27 18:36:58.280,1.43534,1.43559,1.26,2.15
2012.01.27 18:36:59.184,1.43534,1.4356,1.26,2.25
2012.01.27 18:36:59.256,1.43534,1.4356,1.26,1.50
2012.01.27 18:36:59.514,1.43534,1.4356,1.26,2.25
2012.01.27 18:37:00.318,1.43533,1.4356,1.26,2.44
2012.01.27 18:37:03.676,1.43532,1.43559,1.26,1.50
2012.01.27 18:37:04.153,1.4353,1.4356,1.26,3.19
2012.01.27 18:37:04.728,1.4353,1.43557,1.26,2.15
2012.01.27 18:37:05.653,1.43528,1.43553,1.26,1.50
2012.01.27 18:37:05.738,1.43528,1.43553,1.26,1.50
2012.01.27 18:37:06.090,1.4352,1.43546,1.26,1.50
2012.01.27 18:37:06.172,1.43522,1.43551,1.26,1.69
2012.01.27 18:37:06.248,1.43522,1.43551,1.26,1.69
2012.01.27 18:37:06.790,1.43522,1.43551,1.26,2.63
2012.01.27 18:37:07.654,1.43522,1.43546,1.26,1.50
2012.01.27 18:37:07.727,1.43522,1.43549,1.26,1.50
2012.01.27 18:37:09.216,1.43524,1.43549,1.26,3.00
2012.01.27 18:37:09.360,1.43516,1.43546,1.50,1.50
2012.01.27 18:37:10.063,1.43514,1.43548,2.25,2.25
2012.01.27 18:37:10.350,1.4352,1.43554,1.50,2.44
2012.01.27 18:37:10.714,1.4352,1.43554,1.50,2.44
2012.01.27 18:37:11.071,1.4352,1.43554,1.50,2.25
2012.01.27 18:37:11.770,1.4352,1.43554,2.25,1.50
2012.01.27 18:37:11.840,1.43522,1.43554,2.44,1.50
2012.01.27 18:37:12.376,1.43522,1.43554,2.44,1.50
2012.01.27 18:37:12.729,1.43522,1.43554,2.44,2.25
2012.01.27 18:37:12.877,1.43522,1.43553,2.25,2.25
2012.01.27 18:37:13.020,1.43518,1.43549,1.50,2.25
2012.01.27 18:37:13.723,1.43514,1.43546,1.50,2.25
2012.01.27 18:37:14.366,1.43514,1.43546,2.25,2.25
2012.01.27 18:37:14.948,1.43514,1.43546,2.63,2.25
2012.01.27 18:37:15.522,1.43519,1.43546,1.50,1.50
2012.01.27 18:37:16.478,1.43514,1.43546,3.38,1.50
2012.01.27 18:37:16.856,1.43515,1.43546,1.50,1.50
2012.01.27 18:37:16.927,1.43516,1.4355,2.25,1.88
2012.01.27 18:37:17.580,1.43516,1.43547,2.25,1.50
2012.01.27 18:37:17.733,1.43514,1.43546,1.26,1.50
2012.01.27 18:37:18.607,1.43517,1.43549,2.25,2.25
2012.01.27 18:37:18.716,1.43506,1.43525,1.26,1.50
2012.01.27 18:37:18.948,1.43502,1.43525,1.50,1.50
2012.01.27 18:37:19.024,1.43497,1.43523,1.50,1.50
2012.01.27 18:37:19.325,1.43506,1.43527,1.50,1.50
2012.01.27 18:37:20.147,1.435,1.43527,3.00,1.50
2012.01.27 18:37:20.249,1.43527,1.43539,1.50,1.50
2012.01.27 18:37:20.330,1.43521,1.43539,1.50,1.50
2012.01.27 18:37:20.473,1.4352,1.4354,1.50,1.50
2012.01.27 18:37:20.625,1.43514,1.4354,2.25,1.50
2012.01.27 18:37:20.704,1.43514,1.43541,3.00,1.50
2012.01.27 18:37:20.985,1.43517,1.43535,2.25,1.50
2012.01.27 18:37:21.061,1.43517,1.43546,2.25,2.25
2012.01.27 18:37:21.215,1.43517,1.43549,4.43,2.25
2012.01.27 18:37:21.861,1.43522,1.43555,1.50,1.50
2012.01.27 18:37:21.966,1.43524,1.43555,3.00,1.50
2012.01.27 18:37:22.322,1.43531,1.43562,1.50,2.25
2012.01.27 18:37:22.398,1.4353,1.43562,2.25,2.25
2012.01.27 18:37:22.619,1.4353,1.43562,2.25,1.50
2012.01.27 18:37:23.490,1.4353,1.43562,2.25,1.50
2012.01.27 18:37:23.646,1.4353,1.43562,2.25,1.50
2012.01.27 18:37:24.003,1.4353,1.43562,2.25,1.50
2012.01.27 18:37:24.153,1.43527,1.43559,3.00,1.50
2012.01.27 18:37:24.368,1.43528,1.43559,1.50,1.50
2012.01.27 18:37:25.060,1.43528,1.43559,1.50,1.50
2012.01.27 18:37:25.897,1.43528,1.43559,1.50,1.50
2012.01.27 18:37:26.041,1.43531,1.43563,3.75,1.50
2012.01.27 18:37:26.119,1.43533,1.43567,2.25,1.69
2012.01.27 18:37:26.436,1.43533,1.43567,2.25,1.50
2012.01.27 18:37:28.046,1.43537,1.4357,2.25,1.40
2012.01.27 18:37:28.136,1.43535,1.43567,2.25,1.50
2012.01.27 18:37:28.491,1.43536,1.43562,1.50,1.50
2012.01.27 18:37:28.572,1.4353,1.43562,2.25,1.50
2012.01.27 18:37:28.648,1.4353,1.43562,2.25,2.25
2012.01.27 18:37:28.787,1.43529,1.43559,1.50,1.50
2012.01.27 18:37:31.185,1.43526,1.43559,1.50,1.50
2012.01.27 18:37:31.257,1.43525,1.43559,2.25,1.50
2012.01.27 18:37:32.071,1.43525,1.43559,1.50,2.25
2012.01.27 18:37:32.738,1.43529,1.43561,1.50,1.78
2012.01.27 18:37:33.030,1.43533,1.43565,2.25,1.50
2012.01.27 18:37:33.109,1.43535,1.43567,1.50,2.25
2012.01.27 18:37:33.459,1.43537,1.43566,1.50,1.50
2012.01.27 18:37:33.808,1.43541,1.43567,1.13,3.00
2012.01.27 18:37:33.946,1.43541,1.4357,1.13,1.50
2012.01.27 18:37:34.089,1.43547,1.4357,1.13,1.50
2012.01.27 18:37:34.166,1.43547,1.43576,1.13,1.50
2012.01.27 18:37:34.828,1.43554,1.43578,1.88,1.50
2012.01.27 18:37:34.906,1.43554,1.43581,1.88,1.50
2012.01.27 18:37:35.555,1.43553,1.43581,1.88,1.50
2012.01.27 18:37:36.109,1.43553,1.43581,1.88,1.50
2012.01.27 18:37:36.369,1.43553,1.43585,1.88,1.50
2012.01.27 18:37:36.655,1.43553,1.43585,1.88,1.50
2012.01.27 18:37:37.278,1.43554,1.43585,1.50,1.50
2012.01.27 18:37:37.807,1.43555,1.43585,1.50,1.50
2012.01.27 18:37:38.357,1.43552,1.43585,1.50,2.25
2012.01.27 18:37:38.426,1.43551,1.43585,2.25,2.25
2012.01.27 18:37:38.686,1.43552,1.43585,1.13,1.50
2012.01.27 18:37:39.675,1.43555,1.43589,2.25,2.25
2012.01.27 18:37:39.754,1.43555,1.43589,2.25,1.50
2012.01.27 18:37:40.038,1.43557,1.43589,1.13,1.50
2012.01.27 18:37:40.515,1.43559,1.43593,2.25,1.50
2012.01.27 18:37:41.016,1.43559,1.43593,2.25,1.50
2012.01.27 18:37:41.366,1.43559,1.43593,1.50,1.50
2012.01.27 18:37:41.514,1.43558,1.43588,2.63,1.50
2012.01.27 18:37:42.219,1.43556,1.43588,2.76,1.50
2012.01.27 18:37:42.856,1.43564,1.43588,1.13,1.50
2012.01.27 18:37:43.213,1.4356,1.43587,1.50,2.07
2012.01.27 18:37:44.004,1.43565,1.43586,2.25,1.50
2012.01.27 18:37:44.078,1.43567,1.43599,2.25,2.34
2012.01.27 18:37:44.712,1.43563,1.43595,2.76,1.50
2012.01.27 18:37:44.915,1.43563,1.43595,2.76,1.50
2012.01.27 18:37:45.129,1.43564,1.43592,1.26,1.50
2012.01.27 18:37:45.875,1.43565,1.43592,1.26,1.50
2012.01.27 18:37:45.963,1.43561,1.43591,1.26,2.25
2012.01.27 18:37:46.048,1.43558,1.43591,1.13,2.25
2012.01.27 18:37:46.122,1.43558,1.43586,1.13,1.50
2012.01.27 18:37:46.537,1.43554,1.43586,3.00,1.50
2012.01.27 18:37:46.891,1.43559,1.43591,2.25,2.25
2012.01.27 18:37:47.029,1.43559,1.43591,2.25,1.50
2012.01.27 18:37:47.863,1.43559,1.43591,2.25,1.50
2012.01.27 18:37:47.957,1.43565,1.43599,1.50,2.25
2012.01.27 18:37:48.368,1.43561,1.43595,3.00,2.63
2012.01.27 18:37:48.720,1.43552,1.43583,1.50,1.50
2012.01.27 18:37:48.934,1.43553,1.43583,1.50,1.50
2012.01.27 18:37:49.287,1.43553,1.43585,2.25,1.69
2012.01.27 18:37:49.360,1.43553,1.43587,1.50,2.25
2012.01.27 18:37:50.138,1.43548,1.43574,1.50,1.50
2012.01.27 18:37:50.217,1.43543,1.43574,1.50,1.50
2012.01.27 18:37:50.632,1.43541,1.43571,1.13,1.50
2012.01.27 18:37:50.988,1.4354,1.43564,1.26,1.50
2012.01.27 18:37:51.128,1.43538,1.43566,1.50,1.50
2012.01.27 18:37:51.553,1.43538,1.43566,1.50,1.50
2012.01.27 18:37:52.344,1.43538,1.4357,3.00,1.50
2012.01.27 18:37:52.558,1.43542,1.43572,2.25,1.50
2012.01.27 18:37:52.630,1.43542,1.43574,2.25,1.50
2012.01.27 18:37:52.848,1.43543,1.43574,1.26,1.50
2012.01.27 18:37:53.187,1.43543,1.43572,1.26,1.50
2012.01.27 18:37:53.537,1.43538,1.43571,1.26,1.50
2012.01.27 18:37:53.609,1.43539,1.43569,1.13,1.50
2012.01.27 18:37:54.353,1.43539,1.43571,1.64,1.50
2012.01.27 18:37:54.688,1.43538,1.43563,2.01,1.50
2012.01.27 18:37:54.895,1.43538,1.43565,2.01,1.50
2012.01.27 18:37:54.971,1.43538,1.43567,2.01,1.50
2012.01.27 18:37:55.046,1.43539,1.4357,2.25,1.50
2012.01.27 18:37:55.118,1.43539,1.43571,2.25,1.50
2012.01.27 18:37:55.466,1.4355,1.43571,1.26,1.50
2012.01.27 18:37:55.805,1.43553,1.43571,1.26,1.50
2012.01.27 18:37:55.877,1.43553,1.43573,1.26,1.50
2012.01.27 18:37:55.948,1.43553,1.43576,1.26,1.50
2012.01.27 18:37:57.163,1.43549,1.43576,1.26,1.50
2012.01.27 18:37:58.404,1.43549,1.43576,1.26,1.50
2012.01.27 18:37:59.007,1.43548,1.43576,1.50,1.50
2012.01.27 18:38:00.025,1.43548,1.43576,1.50,1.50
2012.01.27 18:38:00.810,1.43548,1.43578,1.88,1.50
2012.01.27 18:38:01.236,1.43548,1.43579,1.13,1.50
2012.01.27 18:38:04.347,1.43552,1.43584,1.13,2.25
2012.01.27 18:38:04.417,1.43552,1.43584,1.13,2.25
2012.01.27 18:38:05.493,1.43556,1.43586,1.50,1.50
2012.01.27 18:38:05.641,1.43557,1.43587,1.26,1.50
2012.01.27 18:38:06.448,1.43559,1.43591,2.63,2.25
2012.01.27 18:38:06.519,1.43559,1.43588,1.13,1.50
2012.01.27 18:38:08.677,1.43559,1.43588,1.13,1.50
2012.01.27 18:38:11.116,1.43555,1.43588,1.50,1.50
2012.01.27 18:38:11.924,1.43555,1.43588,1.50,1.50
2012.01.27 18:38:12.880,1.43555,1.43583,1.50,1.50
2012.01.27 18:38:16.569,1.43557,1.43583,1.50,1.50
2012.01.27 18:38:17.047,1.43556,1.43585,1.50,1.50
2012.01.27 18:38:17.758,1.43556,1.43586,1.50,1.50
2012.01.27 18:38:18.985,1.43557,1.43582,1.50,1.50
2012.01.27 18:38:19.965,1.43556,1.43582,1.50,1.50
2012.01.27 18:38:20.366,1.43556,1.43586,1.50,1.50
2012.01.27 18:38:21.070,1.43554,1.43584,3.38,1.50
2012.01.27 18:38:21.862,1.43551,1.4358,1.13,1.50
2012.01.27 18:38:21.952,1.43549,1.43582,1.50,1.50
2012.01.27 18:38:22.033,1.43546,1.43578,3.00,1.50
2012.01.27 18:38:22.387,1.43548,1.43578,1.13,1.50
2012.01.27 18:38:22.944,1.43551,1.43578,1.50,1.50
2012.01.27 18:38:27.837,1.43551,1.43578,1.50,1.50
2012.01.27 18:38:28.814,1.43551,1.43578,1.50,1.50
2012.01.27 18:38:29.774,1.43549,1.43578,1.88,1.50
2012.01.27 18:38:30.297,1.43549,1.43578,1.88,1.50
2012.01.27 18:38:30.806,1.43549,1.43578,1.88,1.50
2012.01.27 18:38:31.477,1.43549,1.43578,1.50,1.50
2012.01.27 18:38:33.546,1.43549,1.43578,1.50,1.50
2012.01.27 18:38:34.429,1.43548,1.43578,1.13,1.50
2012.01.27 18:38:34.951,1.4355,1.43578,1.50,1.50
2012.01.27 18:38:35.236,1.4355,1.43578,1.50,1.50
2012.01.27 18:38:37.258,1.43553,1.43578,1.50,1.50
2012.01.27 18:38:37.830,1.43555,1.43578,1.13,1.50
2012.01.27 18:38:38.398,1.43555,1.43578,1.13,1.50
2012.01.27 18:38:39.247,1.43554,1.43578,1.13,1.50
2012.01.27 18:38:39.830,1.43554,1.43578,1.13,1.50
2012.01.27 18:38:40.889,1.43554,1.43578,1.13,1.50
2012.01.27 18:38:42.665,1.43561,1.43578,1.13,1.50
2012.01.27 18:38:43.382,1.43561,1.43582,1.13,1.69
2012.01.27 18:38:43.966,1.43562,1.43582,1.13,1.69
2012.01.27 18:38:45.408,1.43562,1.43582,1.13,1.50
2012.01.27 18:38:45.729,1.43556,1.4358,1.13,1.50
2012.01.27 18:38:46.332,1.43556,1.43578,1.13,1.50
2012.01.27 18:38:48.079,1.43557,1.43578,1.13,1.50
2012.01.27 18:38:57.370,1.43549,1.43578,1.50,1.69
2012.01.27 18:38:57.594,1.43546,1.43578,2.25,1.69
2012.01.27 18:38:57.735,1.43549,1.43578,1.50,1.69
2012.01.27 18:38:58.144,1.43551,1.43575,1.13,1.50
2012.01.27 18:38:59.183,1.43554,1.43584,1.50,1.50
2012.01.27 18:38:59.277,1.43558,1.43584,1.50,1.50
2012.01.27 18:38:59.837,1.43558,1.43584,1.50,1.50
2012.01.27 18:39:00.364,1.43558,1.43584,1.50,1.50
2012.01.27 18:39:00.903,1.43558,1.43584,1.50,1.50
2012.01.27 18:39:01.868,1.43558,1.43589,1.50,1.50
2012.01.27 18:39:02.229,1.4356,1.43589,1.88,1.50
2012.01.27 18:39:04.342,1.4356,1.43589,1.13,2.07
2012.01.27 18:39:04.426,1.43557,1.43589,1.13,2.07
2012.01.27 18:39:05.264,1.43557,1.43589,1.13,2.07
2012.01.27 18:39:05.408,1.43557,1.43589,1.13,1.50
2012.01.27 18:39:05.944,1.43557,1.43589,1.13,2.25
2012.01.27 18:39:06.236,1.4356,1.43591,2.25,1.50
2012.01.27 18:39:06.883,1.4356,1.43592,3.00,1.50
2012.01.27 18:39:07.169,1.43559,1.43588,1.50,1.50
2012.01.27 18:39:07.706,1.43557,1.43588,1.50,1.50
2012.01.27 18:39:07.777,1.43556,1.43588,3.00,1.50
2012.01.27 18:39:09.418,1.4356,1.43592,2.25,1.50
2012.01.27 18:39:09.918,1.43561,1.43592,1.13,1.50
2012.01.27 18:39:10.143,1.4356,1.43592,3.38,1.50
2012.01.27 18:39:10.430,1.43569,1.43596,1.13,2.44
2012.01.27 18:39:11.459,1.4357,1.43596,1.13,2.44
2012.01.27 18:39:11.620,1.43569,1.43597,1.13,1.50
2012.01.27 18:39:12.133,1.43569,1.43597,1.13,1.50
2012.01.27 18:39:12.911,1.43569,1.43597,1.13,1.50
2012.01.27 18:39:13.962,1.43569,1.43597,1.13,1.50
2012.01.27 18:39:14.388,1.43563,1.43597,2.25,1.50
2012.01.27 18:39:14.933,1.43563,1.43597,2.25,1.50
2012.01.27 18:39:15.484,1.43563,1.43597,3.00,1.50
2012.01.27 18:39:16.272,1.43563,1.43597,3.00,1.50
2012.01.27 18:39:16.853,1.43565,1.43597,1.50,1.50
2012.01.27 18:39:17.403,1.43565,1.43597,1.50,1.50
2012.01.27 18:39:21.593,1.43565,1.43597,1.50,1.50
2012.01.27 18:39:21.738,1.43562,1.43593,1.88,1.50
2012.01.27 18:39:21.957,1.43562,1.43593,1.50,1.50
2012.01.27 18:39:23.843,1.4356,1.43593,1.50,1.50
2012.01.27 18:39:24.367,1.43558,1.43588,1.13,1.50
2012.01.27 18:39:25.028,1.43559,1.43588,1.50,1.50
2012.01.27 18:39:28.546,1.43559,1.43588,1.50,1.50
2012.01.27 18:39:30.854,1.4356,1.43592,3.00,1.50
2012.01.27 18:39:31.614,1.4356,1.43592,3.00,1.50
2012.01.27 18:39:32.592,1.43562,1.43592,1.50,1.50
2012.01.27 18:39:34.165,1.4356,1.43592,3.38,1.50
2012.01.27 18:39:34.236,1.43564,1.43596,2.25,2.25
2012.01.27 18:39:35.995,1.43564,1.43595,1.50,1.50
2012.01.27 18:39:36.307,1.43564,1.43591,2.25,1.50
2012.01.27 18:39:39.707,1.4356,1.43592,2.63,2.50
2012.01.27 18:39:39.976,1.4356,1.43592,2.63,2.50
2012.01.27 18:39:40.135,1.4356,1.43592,2.63,2.25
2012.01.27 18:39:45.843,1.4356,1.43592,2.25,2.50
2012.01.27 18:39:47.964,1.4356,1.43591,2.25,1.75
2012.01.27 18:39:49.512,1.4356,1.43592,2.25,2.25
2012.01.27 18:39:51.742,1.4356,1.43592,2.25,2.50
2012.01.27 18:39:52.503,1.4356,1.43591,2.25,1.75
2012.01.27 18:39:52.572,1.4356,1.43591,2.25,1.75
2012.01.27 18:39:53.233,1.4356,1.43587,2.25,1.50
2012.01.27 18:39:53.369,1.43556,1.43587,1.13,1.50
2012.01.27 18:39:53.636,1.4356,1.43591,1.50,1.94
2012.01.27 18:39:54.035,1.43556,1.43588,2.63,2.25
2012.01.27 18:39:55.238,1.43556,1.43588,2.25,2.25
2012.01.27 18:39:57.326,1.43556,1.43588,3.00,2.25
2012.01.27 18:39:57.457,1.43556,1.43586,2.25,1.50
2012.01.27 18:39:57.585,1.43556,1.43586,2.25,1.50
2012.01.27 18:39:58.094,1.43556,1.43586,3.00,1.50
2012.01.27 18:39:58.168,1.4356,1.43589,1.88,1.50
2012.01.27 18:39:58.974,1.43562,1.43593,1.13,1.50
2012.01.27 18:39:59.626,1.43562,1.43593,1.13,1.50
2012.01.27 18:40:01.045,1.43562,1.43594,1.13,3.00
2012.01.27 18:40:01.873,1.43564,1.43594,1.13,3.00
2012.01.27 18:40:02.539,1.43571,1.43598,1.13,2.25
2012.01.27 18:40:02.885,1.43568,1.43598,1.13,2.25
2012.01.27 18:40:03.306,1.43566,1.43598,1.88,2.50
2012.01.27 18:40:03.377,1.43566,1.43598,1.50,2.50
2012.01.27 18:40:03.657,1.43563,1.43594,1.88,2.25
2012.01.27 18:40:03.728,1.43562,1.43594,1.50,2.25
2012.01.27 18:40:03.808,1.43562,1.43594,2.25,2.25
2012.01.27 18:40:04.610,1.43553,1.43585,1.50,1.50
2012.01.27 18:40:05.168,1.43554,1.43587,1.13,2.25
2012.01.27 18:40:05.734,1.43553,1.43587,2.25,2.25
2012.01.27 18:40:06.227,1.43553,1.43583,1.50,1.40
2012.01.27 18:40:07.135,1.43542,1.43571,1.50,1.78
2012.01.27 18:40:07.673,1.43538,1.43566,1.50,1.13
2012.01.27 18:40:07.821,1.43538,1.43565,1.50,1.03
2012.01.27 18:40:07.976,1.43538,1.43565,1.50,1.03
2012.01.27 18:40:08.054,1.43537,1.43565,1.50,1.78
2012.01.27 18:40:08.197,1.43533,1.43565,1.50,1.13
2012.01.27 18:40:09.192,1.43542,1.43573,1.50,1.40
2012.01.27 18:40:09.675,1.43538,1.43572,1.50,2.90
2012.01.27 18:40:10.204,1.43538,1.43572,3.30,2.25
2012.01.27 18:40:10.788,1.43538,1.43572,3.30,2.25
2012.01.27 18:40:11.606,1.43538,1.43564,1.43,1.50
2012.01.27 18:40:11.673,1.43535,1.43564,1.50,1.50
2012.01.27 18:40:11.818,1.43535,1.43562,1.50,1.40
2012.01.27 18:40:12.512,1.43527,1.43561,1.50,2.25
2012.01.27 18:40:12.583,1.43529,1.43561,1.43,2.25
2012.01.27 18:40:12.893,1.43532,1.43562,1.50,1.40
2012.01.27 18:40:13.655,1.4353,1.43561,1.50,1.40
2012.01.27 18:40:13.726,1.43528,1.43561,1.50,1.40
2012.01.27 18:40:14.015,1.43528,1.43562,1.50,2.90
2012.01.27 18:40:15.215,1.43528,1.43562,2.25,2.25
2012.01.27 18:40:16.055,1.43528,1.43562,2.63,2.25
2012.01.27 18:40:16.715,1.43528,1.43562,2.63,2.25
2012.01.27 18:40:17.376,1.43528,1.43562,2.25,2.25
2012.01.27 18:40:17.644,1.43528,1.43562,2.25,2.25
2012.01.27 18:40:17.975,1.43528,1.4356,1.50,1.13
2012.01.27 18:40:18.050,1.43532,1.4356,1.50,1.13
2012.01.27 18:40:18.407,1.43532,1.4356,1.50,1.40
2012.01.27 18:40:19.416,1.43536,1.43564,1.43,1.40
2012.01.27 18:40:19.508,1.43536,1.43565,1.50,1.78
2012.01.27 18:40:20.351,1.43536,1.43564,1.50,1.13
2012.01.27 18:40:21.029,1.43533,1.43563,1.50,1.13
2012.01.27 18:40:21.319,1.43533,1.43565,1.88,3.28
2012.01.27 18:40:22.028,1.43533,1.43565,1.50,2.90
2012.01.27 18:40:22.112,1.43529,1.4356,1.50,1.78
2012.01.27 18:40:22.467,1.43524,1.43558,1.88,3.28
2012.01.27 18:40:24.081,1.43521,1.43554,2.18,2.25
2012.01.27 18:40:24.727,1.4352,1.43554,2.25,2.25
2012.01.27 18:40:25.344,1.4352,1.43554,2.25,2.25
2012.01.27 18:40:27.248,1.4352,1.43554,1.50,2.25
2012.01.27 18:40:27.463,1.4352,1.43552,1.50,2.15
2012.01.27 18:40:27.533,1.43518,1.43549,1.50,2.15
2012.01.27 18:40:27.602,1.43518,1.43548,1.50,1.40
2012.01.27 18:40:28.202,1.43517,1.43548,1.50,1.40
2012.01.27 18:40:28.280,1.43517,1.43549,1.50,2.25
2012.01.27 18:40:29.103,1.43517,1.43549,1.50,2.90
2012.01.27 18:40:32.554,1.43517,1.43548,2.63,1.40
2012.01.27 18:40:32.684,1.43517,1.43548,3.30,1.40
2012.01.27 18:40:33.375,1.43517,1.43549,1.50,2.90
2012.01.27 18:40:33.693,1.43514,1.43546,1.50,1.50
2012.01.27 18:40:34.458,1.43514,1.43546,2.25,1.50
2012.01.27 18:40:34.827,1.43515,1.43546,1.13,1.50
2012.01.27 18:40:35.517,1.4352,1.4355,2.25,2.90
2012.01.27 18:40:35.736,1.43522,1.43554,2.63,2.25
2012.01.27 18:40:36.776,1.43522,1.43554,1.50,2.25
2012.01.27 18:40:37.677,1.43522,1.43554,4.05,2.25
2012.01.27 18:40:37.745,1.43522,1.43554,3.30,2.25
2012.01.27 18:40:38.575,1.43517,1.43548,2.25,2.25
2012.01.27 18:40:39.796,1.43515,1.43545,1.13,2.25
2012.01.27 18:40:44.735,1.43516,1.43549,2.63,1.40
2012.01.27 18:40:45.377,1.43511,1.43542,1.50,1.50
2012.01.27 18:40:45.455,1.43509,1.43542,1.50,1.50
2012.01.27 18:40:46.005,1.43508,1.43542,2.25,1.50
2012.01.27 18:40:46.655,1.43508,1.43542,2.25,1.50
2012.01.27 18:40:47.619,1.43508,1.43542,2.25,1.50
2012.01.27 18:40:47.698,1.43508,1.43542,2.25,2.25
2012.01.27 18:40:48.390,1.43508,1.43542,2.25,2.25
2012.01.27 18:40:49.021,1.43508,1.43542,2.25,2.25
2012.01.27 18:40:49.539,1.4351,1.43542,2.18,2.25
2012.01.27 18:40:49.897,1.43513,1.43547,2.93,3.65
2012.01.27 18:40:49.968,1.43513,1.43547,3.68,3.65
2012.01.27 18:40:50.754,1.4352,1.43548,2.25,1.40
2012.01.27 18:40:50.841,1.4352,1.43553,3.68,1.78
2012.01.27 18:40:51.325,1.4352,1.43553,2.25,1.13
2012.01.27 18:40:52.271,1.43517,1.4355,2.55,2.25
2012.01.27 18:40:52.815,1.43517,1.4355,1.13,2.25
2012.01.27 18:40:54.004,1.43517,1.4355,1.13,2.25
2012.01.27 18:40:54.262,1.43516,1.4355,4.05,2.25
2012.01.27 18:40:54.471,1.43521,1.43552,1.50,1.13
2012.01.27 18:40:54.765,1.43523,1.43553,1.50,1.50
2012.01.27 18:40:54.912,1.43525,1.43557,1.50,2.25
2012.01.27 18:40:54.993,1.43528,1.43558,1.50,1.40
2012.01.27 18:40:55.862,1.43527,1.43557,1.50,2.25
2012.01.27 18:40:55.947,1.43525,1.43557,1.50,2.25
2012.01.27 18:40:56.966,1.43525,1.43557,1.88,2.25
2012.01.27 18:40:57.246,1.43525,1.43557,1.88,1.50
2012.01.27 18:40:57.458,1.43529,1.43562,1.50,1.40
2012.01.27 18:40:58.045,1.43527,1.43558,1.50,2.25
2012.01.27 18:40:58.126,1.43524,1.43558,1.50,2.25
2012.01.27 18:40:58.685,1.43522,1.43554,1.50,1.50
2012.01.27 18:40:58.757,1.4352,1.43554,1.88,1.50
2012.01.27 18:40:58.826,1.4352,1.43554,1.88,2.25
2012.01.27 18:40:59.662,1.4352,1.43554,1.88,2.25
2012.01.27 18:41:00.413,1.43525,1.43557,1.50,1.69
2012.01.27 18:41:00.903,1.43525,1.43559,1.50,3.00
2012.01.27 18:41:01.764,1.43525,1.43557,1.50,1.50
2012.01.27 18:41:02.099,1.43525,1.43541,1.50,1.50
2012.01.27 18:41:02.180,1.43522,1.43536,1.50,1.13
2012.01.27 18:41:02.259,1.43522,1.43541,1.50,1.40
2012.01.27 18:41:02.894,1.43522,1.43554,1.50,2.90
2012.01.27 18:41:02.969,1.43523,1.43555,1.50,2.25
2012.01.27 18:41:03.684,1.43523,1.43555,1.50,2.25
2012.01.27 18:41:06.884,1.43523,1.43551,1.88,1.13
2012.01.27 18:41:06.965,1.43523,1.43549,1.88,1.40
2012.01.27 18:41:07.112,1.43523,1.43546,1.50,1.50
2012.01.27 18:41:07.186,1.43519,1.43546,1.50,2.25
2012.01.27 18:41:07.263,1.43512,1.43545,2.74,2.25
2012.01.27 18:41:07.341,1.43516,1.43545,1.13,2.25
2012.01.27 18:41:07.423,1.43517,1.43545,1.80,2.25
2012.01.27 18:41:07.500,1.43521,1.43549,2.18,1.40
2012.01.27 18:41:07.651,1.43518,1.43549,1.50,1.40
2012.01.27 18:41:08.307,1.43514,1.43546,1.50,2.25
2012.01.27 18:41:08.389,1.4351,1.43542,1.50,2.25
2012.01.27 18:41:08.535,1.43514,1.43546,1.50,2.25
2012.01.27 18:41:09.136,1.43514,1.43546,1.50,2.25
2012.01.27 18:41:10.309,1.4351,1.43542,1.50,2.25
2012.01.27 18:41:11.049,1.43514,1.43546,1.50,2.25
2012.01.27 18:41:11.755,1.43514,1.43546,1.50,2.25
2012.01.27 18:41:12.047,1.43512,1.43541,1.50,2.25
2012.01.27 18:41:12.117,1.43509,1.43541,1.50,2.25
2012.01.27 18:41:12.940,1.43509,1.43541,1.69,2.25
2012.01.27 18:41:13.694,1.43509,1.43541,1.69,2.25
2012.01.27 18:41:13.905,1.43509,1.43541,2.44,1.50
2012.01.27 18:41:14.595,1.43509,1.43541,2.25,1.50
2012.01.27 18:41:15.226,1.43509,1.4354,2.25,1.13
2012.01.27 18:41:15.970,1.43509,1.43541,2.25,2.25
2012.01.27 18:41:16.333,1.43509,1.43537,2.25,1.50
2012.01.27 18:41:17.086,1.43509,1.43541,3.00,2.25
2012.01.27 18:41:17.158,1.43509,1.43541,2.25,2.25
2012.01.27 18:41:17.635,1.43509,1.43541,2.25,2.25
2012.01.27 18:41:18.174,1.43509,1.43541,1.50,2.25
2012.01.27 18:41:18.493,1.43509,1.43541,1.50,1.50
2012.01.27 18:41:19.311,1.43509,1.43541,1.50,2.25
2012.01.27 18:41:19.393,1.43509,1.43541,1.50,1.50
2012.01.27 18:41:19.472,1.43504,1.43538,3.00,2.25
2012.01.27 18:41:19.690,1.43509,1.43538,1.43,1.50
2012.01.27 18:41:19.775,1.43506,1.43538,1.13,1.50
2012.01.27 18:41:20.538,1.43504,1.43538,2.25,2.25
2012.01.27 18:41:21.299,1.43504,1.43538,2.25,2.25
2012.01.27 18:41:21.591,1.43508,1.43541,1.50,1.13
2012.01.27 18:41:22.253,1.43508,1.43542,1.50,2.25
2012.01.27 18:41:22.584,1.43508,1.43542,1.50,2.25
2012.01.27 18:41:22.932,1.43508,1.4353,1.50,1.13
2012.01.27 18:41:23.152,1.43504,1.43534,2.25,1.50
2012.01.27 18:41:23.760,1.43504,1.43538,1.50,2.25
2012.01.27 18:41:23.850,1.43504,1.43538,2.25,2.25
2012.01.27 18:41:24.128,1.43508,1.43542,1.50,2.25
2012.01.27 18:41:24.208,1.43508,1.43536,1.50,1.50
2012.01.27 18:41:24.556,1.43505,1.43534,1.50,1.69
2012.01.27 18:41:24.905,1.43509,1.43536,1.50,1.13
2012.01.27 18:41:25.047,1.43509,1.43541,2.25,2.63
2012.01.27 18:41:25.121,1.43509,1.43541,2.25,2.25
2012.01.27 18:41:25.935,1.43509,1.43541,2.25,2.63
2012.01.27 18:41:26.020,1.43501,1.43535,3.00,2.25
2012.01.27 18:41:26.548,1.43501,1.43535,2.25,1.88
2012.01.27 18:41:27.095,1.43502,1.43535,1.50,2.25
2012.01.27 18:41:27.751,1.43501,1.43535,3.00,2.25
2012.01.27 18:41:28.037,1.43505,1.43538,1.50,1.13
2012.01.27 18:41:28.727,1.43505,1.43539,1.50,2.25
2012.01.27 18:41:31.693,1.43505,1.43539,1.50,2.63
2012.01.27 18:41:32.452,1.43505,1.43539,1.50,2.63
2012.01.27 18:41:35.282,1.43503,1.43535,1.50,1.50
2012.01.27 18:41:36.806,1.43506,1.43538,2.25,2.25
2012.01.27 18:41:37.506,1.43506,1.43538,2.63,2.25
2012.01.27 18:41:38.247,1.43506,1.43538,2.63,2.25
2012.01.27 18:41:39.665,1.43506,1.43538,2.63,2.25
2012.01.27 18:41:40.228,1.43506,1.43538,2.63,2.25
2012.01.27 18:41:40.440,1.43509,1.43542,1.50,1.69
2012.01.27 18:41:40.521,1.43509,1.43542,1.50,1.69
2012.01.27 18:41:40.668,1.43506,1.43539,1.13,2.25
2012.01.27 18:41:40.739,1.43506,1.43539,1.13,2.25
2012.01.27 18:41:41.861,1.43506,1.43539,1.13,2.25
2012.01.27 18:41:42.426,1.43506,1.43539,1.13,2.25
2012.01.27 18:41:42.806,1.4351,1.4354,1.50,2.25
2012.01.27 18:41:42.877,1.43515,1.43546,1.50,1.40
2012.01.27 18:41:43.066,1.43515,1.43549,2.25,2.25
2012.01.27 18:41:43.142,1.43515,1.43549,2.76,2.25
2012.01.27 18:41:43.276,1.43515,1.43549,2.20,2.25
2012.01.27 18:41:43.413,1.43515,1.43549,2.20,2.25
2012.01.27 18:41:46.735,1.43515,1.43549,2.25,2.25
2012.01.27 18:41:47.274,1.43515,1.43549,1.50,2.25
2012.01.27 18:41:47.783,1.4351,1.43544,2.44,2.25
2012.01.27 18:41:48.397,1.43514,1.43544,1.50,1.40
2012.01.27 18:41:50.710,1.43514,1.43543,1.50,1.40
2012.01.27 18:41:50.915,1.43514,1.43543,1.50,1.40
2012.01.27 18:41:51.643,1.43514,1.43544,1.50,1.40
2012.01.27 18:41:55.816,1.43514,1.43544,1.50,1.40
2012.01.27 18:42:04.500,1.43514,1.43543,1.50,1.50
2012.01.27 18:42:05.292,1.43514,1.43542,1.50,2.25
2012.01.27 18:42:05.380,1.43512,1.43542,1.50,1.50
2012.01.27 18:42:05.742,1.43516,1.43542,1.50,1.50
2012.01.27 18:42:05.821,1.43514,1.43542,1.50,2.25
2012.01.27 18:42:05.898,1.4351,1.43542,1.50,3.75
2012.01.27 18:42:06.037,1.4351,1.43542,1.50,3.00
2012.01.27 18:42:06.314,1.4351,1.43542,1.50,2.25
2012.01.27 18:42:06.718,1.43511,1.43542,1.50,2.25
2012.01.27 18:42:07.314,1.43511,1.43542,1.50,2.25
2012.01.27 18:42:07.627,1.43511,1.43545,3.00,3.00
2012.01.27 18:42:07.979,1.43511,1.43545,3.00,3.00
2012.01.27 18:42:08.545,1.43511,1.43545,2.25,3.00
2012.01.27 18:42:10.518,1.43511,1.43542,2.25,1.50
2012.01.27 18:42:10.609,1.43505,1.43539,2.25,2.25
2012.01.27 18:42:11.111,1.43505,1.43539,2.25,2.25
2012.01.27 18:42:11.318,1.43505,1.43539,2.25,1.50
2012.01.27 18:42:11.462,1.43513,1.43544,1.50,1.88
2012.01.27 18:42:11.538,1.43514,1.43548,2.25,2.25
2012.01.27 18:42:12.424,1.43511,1.43544,2.03,1.50
2012.01.27 18:42:14.084,1.4351,1.43544,2.25,1.50
2012.01.27 18:42:14.304,1.43515,1.43547,1.50,2.90
2012.01.27 18:42:14.381,1.43515,1.43547,3.00,1.50
2012.01.27 18:42:15.079,1.43519,1.43551,1.50,1.50
2012.01.27 18:42:16.288,1.43519,1.43551,2.25,1.50
2012.01.27 18:42:17.925,1.43519,1.43551,2.25,1.50
2012.01.27 18:42:18.086,1.43519,1.43551,2.25,1.50
2012.01.27 18:42:19.413,1.43519,1.43551,2.25,1.50
2012.01.27 18:42:19.848,1.43516,1.43544,3.00,1.50
2012.01.27 18:42:19.916,1.43516,1.43544,1.50,1.50
2012.01.27 18:42:20.056,1.4351,1.43544,2.25,1.50
2012.01.27 18:42:21.124,1.4351,1.43544,2.25,2.25
2012.01.27 18:42:21.644,1.4351,1.43544,2.25,2.25
2012.01.27 18:42:23.149,1.4351,1.43544,2.25,1.50
2012.01.27 18:42:23.714,1.43515,1.43547,1.50,2.25
2012.01.27 18:42:24.949,1.4351,1.43544,1.50,2.25
2012.01.27 18:42:25.314,1.43515,1.43542,1.50,1.50
2012.01.27 18:42:25.515,1.43515,1.43542,1.50,1.50
2012.01.27 18:42:26.009,1.4351,1.43543,1.50,1.50
2012.01.27 18:42:26.563,1.43507,1.43539,2.25,2.25
2012.01.27 18:42:27.675,1.43507,1.43539,2.25,2.25
2012.01.27 18:42:29.106,1.43508,1.43539,2.18,2.25
2012.01.27 18:42:29.633,1.43507,1.43539,2.25,2.25
2012.01.27 18:42:31.204,1.43507,1.43539,2.25,2.25
2012.01.27 18:42:31.777,1.43507,1.43539,2.25,2.25
2012.01.27 18:42:32.428,1.43507,1.43539,1.50,2.25
2012.01.27 18:42:32.554,1.43507,1.43539,1.50,2.25
2012.01.27 18:42:32.919,1.43505,1.43537,2.18,2.25
2012.01.27 18:42:33.356,1.43507,1.43539,1.50,2.25
2012.01.27 18:42:34.268,1.43507,1.43539,1.50,2.25
2012.01.27 18:42:34.360,1.4351,1.43542,2.25,1.50
2012.01.27 18:42:34.650,1.4351,1.43543,1.50,1.50
2012.01.27 18:42:34.930,1.4351,1.43543,1.50,1.50
2012.01.27 18:42:35.076,1.43508,1.4354,1.43,2.25
2012.01.27 18:42:35.206,1.43511,1.43543,1.50,3.00
2012.01.27 18:42:35.537,1.43511,1.43543,1.50,3.00
2012.01.27 18:42:36.550,1.43511,1.43543,1.50,3.00
2012.01.27 18:42:36.707,1.43506,1.43539,1.13,2.25
2012.01.27 18:42:36.851,1.43505,1.43539,1.50,3.00
2012.01.27 18:42:37.139,1.43501,1.43535,3.68,2.25
2012.01.27 18:42:37.427,1.43505,1.43535,1.43,2.25
2012.01.27 18:42:37.776,1.43501,1.43535,2.93,2.25
2012.01.27 18:42:38.431,1.43506,1.43535,1.50,2.25
2012.01.27 18:42:38.593,1.43507,1.43541,3.00,1.50
2012.01.27 18:42:38.739,1.43507,1.43541,1.50,2.25
2012.01.27 18:42:39.310,1.43506,1.43536,1.13,1.50
2012.01.27 18:42:40.481,1.43507,1.43539,2.25,2.25
2012.01.27 18:42:41.355,1.43507,1.43539,2.25,2.25
2012.01.27 18:42:41.867,1.43507,1.43539,2.25,2.25
2012.01.27 18:42:42.137,1.43507,1.43539,2.25,1.50
2012.01.27 18:42:42.275,1.4351,1.43541,1.50,2.25
2012.01.27 18:42:42.784,1.4351,1.43544,1.88,3.00
2012.01.27 18:42:43.974,1.4351,1.43544,1.50,3.00
2012.01.27 18:42:45.465,1.4351,1.43544,2.25,3.00
2012.01.27 18:42:45.984,1.4351,1.43544,1.50,3.00
2012.01.27 18:42:47.259,1.4351,1.43544,2.25,3.00
2012.01.27 18:42:48.173,1.4351,1.43544,1.50,3.00
2012.01.27 18:42:48.830,1.4351,1.43544,2.25,3.00
2012.01.27 18:42:49.833,1.43511,1.43544,1.50,3.00
2012.01.27 18:42:50.797,1.4351,1.43544,2.25,3.00
2012.01.27 18:42:52.225,1.43511,1.43544,2.18,3.00
2012.01.27 18:42:52.446,1.43511,1.43544,2.93,1.50
2012.01.27 18:42:53.072,1.43511,1.43544,3.68,1.50
2012.01.27 18:42:55.557,1.43512,1.43544,1.13,1.50
2012.01.27 18:42:55.910,1.43516,1.43548,1.50,2.90
2012.01.27 18:42:56.589,1.43519,1.43548,1.43,2.90
2012.01.27 18:42:57.113,1.4352,1.43547,1.43,1.40
2012.01.27 18:42:57.313,1.43518,1.43547,2.18,1.40
2012.01.27 18:42:57.877,1.43518,1.43547,2.18,1.40
2012.01.27 18:42:58.157,1.43516,1.43547,2.25,1.40
2012.01.27 18:42:58.428,1.43516,1.43547,1.50,1.40
2012.01.27 18:42:59.253,1.43514,1.43544,2.25,1.50
2012.01.27 18:42:59.321,1.43512,1.43544,1.50,1.50
2012.01.27 18:43:01.395,1.43516,1.43546,1.50,1.50
2012.01.27 18:43:01.609,1.43511,1.43545,2.25,2.25
2012.01.27 18:43:02.997,1.43512,1.43545,1.50,2.25
2012.01.27 18:43:04.397,1.43512,1.43545,1.50,2.25
2012.01.27 18:43:05.085,1.43511,1.43545,2.25,2.25
2012.01.27 18:43:06.843,1.43511,1.43545,2.25,2.25
2012.01.27 18:43:07.439,1.43511,1.43545,3.00,2.25
2012.01.27 18:43:08.127,1.43513,1.43545,1.43,2.25
2012.01.27 18:43:09.396,1.43516,1.43546,1.50,1.50
2012.01.27 18:43:10.420,1.43516,1.43548,1.50,3.19
2012.01.27 18:43:10.574,1.43512,1.43544,1.50,2.25
2012.01.27 18:43:15.045,1.43515,1.43548,1.50,1.50
2012.01.27 18:43:15.115,1.43515,1.43548,1.50,1.50
2012.01.27 18:43:16.803,1.43518,1.43548,1.43,1.50
2012.01.27 18:43:17.808,1.4352,1.43549,1.43,2.25
2012.01.27 18:43:26.079,1.4352,1.43552,2.93,3.00
2012.01.27 18:43:31.749,1.43515,1.43547,1.50,1.50
2012.01.27 18:43:37.626,1.43518,1.43548,1.50,1.50
2012.01.27 18:43:37.987,1.43522,1.43551,1.50,1.50
2012.01.27 18:43:38.313,1.43525,1.43556,1.43,2.25
2012.01.27 18:43:38.715,1.43527,1.43557,1.43,1.50
2012.01.27 18:43:46.498,1.43532,1.4356,1.50,1.40
2012.01.27 18:43:46.797,1.43532,1.43563,2.25,1.69
2012.01.27 18:43:46.870,1.43532,1.43561,1.50,1.50
2012.01.27 18:43:47.021,1.43525,1.43559,3.68,2.25
2012.01.27 18:43:47.352,1.4353,1.43559,1.50,2.25
2012.01.27 18:43:47.708,1.43532,1.43563,2.25,1.50
2012.01.27 18:43:47.914,1.43532,1.43562,1.50,1.50
2012.01.27 18:43:48.126,1.43528,1.4356,2.25,3.00
2012.01.27 18:43:49.758,1.43528,1.4356,3.68,2.25
2012.01.27 18:43:50.381,1.43528,1.4356,2.25,2.25
2012.01.27 18:43:51.812,1.43528,1.4356,2.25,2.25
2012.01.27 18:43:53.970,1.43528,1.4356,3.68,3.00
2012.01.27 18:43:55.095,1.43528,1.4356,3.68,3.00
2012.01.27 18:43:55.775,1.43528,1.43558,2.25,1.50
2012.01.27 18:43:57.227,1.43524,1.43556,1.50,2.25
2012.01.27 18:43:58.512,1.43524,1.43553,1.50,1.50
2012.01.27 18:43:58.796,1.4352,1.43553,2.18,3.00
2012.01.27 18:43:59.459,1.43523,1.43553,2.25,1.50
2012.01.27 18:44:00.896,1.43523,1.43551,1.50,1.50
2012.01.27 18:44:00.966,1.43517,1.43549,2.93,1.50
2012.01.27 18:44:01.884,1.43517,1.4355,3.68,1.50
2012.01.27 18:44:03.309,1.43517,1.4355,1.50,2.25
2012.01.27 18:44:03.449,1.43517,1.43545,1.50,1.50
2012.01.27 18:44:03.716,1.43512,1.43545,1.50,1.50
2012.01.27 18:44:03.845,1.43515,1.43545,1.50,1.50
2012.01.27 18:44:03.985,1.43517,1.43549,1.50,3.00
2012.01.27 18:44:05.242,1.4352,1.43549,1.50,2.25
2012.01.27 18:44:05.598,1.4353,1.43555,1.50,1.50
2012.01.27 18:44:06.145,1.4353,1.43555,1.50,1.50
2012.01.27 18:44:07.665,1.43527,1.43555,1.50,1.50
2012.01.27 18:44:08.226,1.43526,1.43555,1.50,1.50
2012.01.27 18:44:09.127,1.43528,1.43555,1.43,1.50
2012.01.27 18:44:10.063,1.4353,1.43556,1.50,1.50
2012.01.27 18:44:10.193,1.4353,1.43556,2.25,1.50
2012.01.27 18:44:10.573,1.4353,1.43561,2.63,1.50
2012.01.27 18:44:11.708,1.43533,1.43562,1.13,3.00
2012.01.27 18:44:11.849,1.43532,1.43562,2.18,2.25
2012.01.27 18:44:12.416,1.43538,1.43565,1.50,1.50
2012.01.27 18:44:12.606,1.43535,1.43565,2.25,1.50
2012.01.27 18:44:18.189,1.43535,1.43564,2.25,1.50
2012.01.27 18:44:21.333,1.43537,1.43564,1.50,1.50
2012.01.27 18:44:21.906,1.43538,1.43565,1.50,1.50
2012.01.27 18:44:27.287,1.43538,1.43569,1.50,1.50
2012.01.27 18:44:29.290,1.43538,1.43569,1.50,1.50
2012.01.27 18:44:31.546,1.4354,1.43569,1.50,1.50
2012.01.27 18:44:31.853,1.43543,1.43569,1.50,1.50
2012.01.27 18:44:32.147,1.4354,1.43569,1.50,1.50
2012.01.27 18:44:32.216,1.43538,1.43566,1.50,1.50
2012.01.27 18:44:32.427,1.43538,1.43564,1.50,1.50
2012.01.27 18:44:32.501,1.43535,1.43564,2.18,1.50
2012.01.27 18:44:33.420,1.43534,1.43563,2.25,1.50
2012.01.27 18:44:34.220,1.43542,1.43564,1.50,1.50
2012.01.27 18:44:34.300,1.43542,1.43567,1.50,1.50
2012.01.27 18:44:34.376,1.43542,1.43568,1.50,1.50
2012.01.27 18:44:34.932,1.43542,1.43569,1.50,1.50
2012.01.27 18:44:35.446,1.43542,1.43569,1.50,1.50
2012.01.27 18:44:35.796,1.43549,1.43569,1.43,1.50
2012.01.27 18:44:35.870,1.43542,1.43571,1.50,1.50
2012.01.27 18:44:36.375,1.43538,1.43569,2.25,1.50
2012.01.27 18:44:36.444,1.43538,1.43569,1.50,1.50
2012.01.27 18:44:36.515,1.43538,1.43569,1.50,1.50
2012.01.27 18:44:39.919,1.43538,1.43569,1.50,1.50
2012.01.27 18:44:40.431,1.43538,1.43569,1.50,1.50
2012.01.27 18:44:41.179,1.43538,1.43567,1.50,1.50
2012.01.27 18:44:41.672,1.43535,1.43566,1.13,1.50
2012.01.27 18:44:41.749,1.43538,1.43566,1.43,1.50
2012.01.27 18:44:42.607,1.43538,1.43566,1.50,1.50
2012.01.27 18:44:43.028,1.43538,1.43567,2.25,1.50
2012.01.27 18:44:43.761,1.43542,1.43567,1.50,1.50
2012.01.27 18:44:44.642,1.43542,1.4357,1.50,1.50
2012.01.27 18:44:45.049,1.43542,1.4357,1.50,1.75
2012.01.27 18:44:45.134,1.43539,1.4357,1.50,1.75
2012.01.27 18:44:45.604,1.43537,1.43567,2.25,1.50
2012.01.27 18:44:46.434,1.43537,1.43567,2.25,1.50
2012.01.27 18:44:47.866,1.43537,1.43567,2.25,1.50
2012.01.27 18:44:48.240,1.43541,1.43569,1.50,1.50
2012.01.27 18:44:48.314,1.43541,1.43569,1.50,1.50
2012.01.27 18:44:56.193,1.43541,1.43569,1.50,1.50
2012.01.27 18:45:01.694,1.43541,1.43568,1.50,1.50
2012.01.27 18:45:03.223,1.43541,1.43572,1.50,1.50
2012.01.27 18:45:04.583,1.43541,1.43573,1.50,1.50
2012.01.27 18:45:05.992,1.43546,1.43576,1.50,1.50
2012.01.27 18:45:06.525,1.43546,1.43575,1.50,1.50
2012.01.27 18:45:09.405,1.4355,1.43577,1.50,1.50
2012.01.27 18:45:09.478,1.4355,1.43575,1.50,1.50
2012.01.27 18:45:10.635,1.43549,1.43574,1.62,1.50
2012.01.27 18:45:11.295,1.43549,1.43574,1.62,1.50
2012.01.27 18:45:11.854,1.43549,1.43575,1.62,1.50
2012.01.27 18:45:17.116,1.43547,1.43574,1.50,1.50
2012.01.27 18:45:17.316,1.43547,1.43573,1.50,1.50
2012.01.27 18:45:17.594,1.43547,1.43574,1.50,1.50
2012.01.27 18:45:17.663,1.43547,1.43574,1.69,1.50
2012.01.27 18:45:19.695,1.43547,1.43574,1.69,1.50
2012.01.27 18:45:20.637,1.43547,1.43577,1.69,1.50
2012.01.27 18:45:20.775,1.43551,1.4358,1.50,1.50
2012.01.27 18:45:20.845,1.43552,1.4358,1.80,1.50
2012.01.27 18:45:20.917,1.43552,1.4358,1.80,1.50
2012.01.27 18:45:21.233,1.43554,1.43583,1.69,2.15
2012.01.27 18:45:21.817,1.43554,1.43583,1.69,1.40
2012.01.27 18:45:22.257,1.43554,1.43583,2.93,1.40
2012.01.27 18:45:27.802,1.43554,1.43583,2.93,1.40
2012.01.27 18:45:29.325,1.43554,1.43583,2.93,1.40
2012.01.27 18:45:36.224,1.43554,1.43583,1.43,3.00
2012.01.27 18:45:36.495,1.43554,1.43583,1.43,3.00
2012.01.27 18:45:37.333,1.43554,1.43583,2.93,1.50
2012.01.27 18:45:38.616,1.43554,1.43583,2.93,1.50
2012.01.27 18:45:39.544,1.43554,1.43583,1.50,1.50
2012.01.27 18:45:39.627,1.43551,1.43581,1.43,1.50
2012.01.27 18:45:44.854,1.43549,1.43576,1.69,1.40
2012.01.27 18:45:44.926,1.43547,1.43575,1.43,2.25
2012.01.27 18:45:44.997,1.43547,1.43575,1.43,2.25
2012.01.27 18:45:45.070,1.43539,1.4357,1.43,2.25
2012.01.27 18:45:45.214,1.43539,1.4357,1.43,2.25
2012.01.27 18:45:45.632,1.43538,1.4357,2.93,2.25
2012.01.27 18:45:45.717,1.43544,1.43571,1.43,1.40
2012.01.27 18:45:46.360,1.43542,1.43576,1.50,3.28
2012.01.27 18:45:46.451,1.43543,1.43573,1.50,1.50
2012.01.27 18:45:46.724,1.43543,1.43573,1.50,1.50
2012.01.27 18:45:46.978,1.43543,1.43573,1.50,1.50
2012.01.27 18:45:47.164,1.43543,1.43574,1.50,1.50
2012.01.27 18:45:47.236,1.43543,1.43573,1.50,1.50
2012.01.27 18:45:47.483,1.43543,1.43574,1.50,1.50
2012.01.27 18:45:47.735,1.43543,1.43573,1.50,1.50
2012.01.27 18:45:47.947,1.43543,1.43573,1.50,1.50
2012.01.27 18:45:48.476,1.43543,1.43573,1.50,1.50
2012.01.27 18:45:49.035,1.43543,1.43573,1.50,1.50
2012.01.27 18:45:49.827,1.43543,1.43573,1.50,1.50
2012.01.27 18:45:50.021,1.43543,1.43573,1.50,1.50
2012.01.27 18:45:50.101,1.43546,1.43573,1.50,1.50
2012.01.27 18:45:50.706,1.43546,1.43575,1.50,1.50
2012.01.27 18:45:53.476,1.43546,1.43576,1.50,1.50
2012.01.27 18:45:54.033,1.43546,1.43575,1.50,1.50
2012.01.27 18:45:54.474,1.43544,1.43575,1.43,1.50
2012.01.27 18:45:56.299,1.43544,1.43575,1.43,1.50
2012.01.27 18:45:56.828,1.43544,1.43575,1.43,1.50
2012.01.27 18:45:58.596,1.43544,1.43575,1.43,1.50
2012.01.27 18:45:58.857,1.43544,1.43574,2.93,1.50
2012.01.27 18:45:58.985,1.43547,1.43575,1.50,1.50
2012.01.27 18:46:00.312,1.43543,1.43574,1.43,1.50
2012.01.27 18:46:00.846,1.43543,1.43573,2.18,1.50
2012.01.27 18:46:01.454,1.43542,1.43573,3.68,1.50
2012.01.27 18:46:02.182,1.43542,1.43573,3.68,1.50
2012.01.27 18:46:03.424,1.43543,1.43574,1.50,2.25
2012.01.27 18:46:03.572,1.43543,1.43575,2.93,2.25
2012.01.27 18:46:05.151,1.43543,1.43575,1.50,2.25
2012.01.27 18:46:06.462,1.43543,1.43575,1.50,2.25
2012.01.27 18:46:06.555,1.43543,1.43575,1.50,2.25
2012.01.27 18:46:09.858,1.43543,1.43573,1.50,1.40
2012.01.27 18:46:10.428,1.43543,1.43574,1.50,1.40
2012.01.27 18:46:10.945,1.43543,1.43574,1.50,1.40
2012.01.27 18:46:11.146,1.43543,1.43573,1.50,1.40
2012.01.27 18:46:15.003,1.43543,1.43574,1.50,1.40
2012.01.27 18:46:15.134,1.43543,1.43574,1.50,1.40
2012.01.27 18:46:16.884,1.43543,1.43575,1.50,2.25
2012.01.27 18:46:17.205,1.43543,1.43574,1.50,1.50
2012.01.27 18:46:18.655,1.43539,1.43571,1.50,2.25
2012.01.27 18:46:19.203,1.4354,1.43571,1.43,2.25
2012.01.27 18:46:19.733,1.43539,1.43571,1.50,2.25
2012.01.27 18:46:20.324,1.43539,1.43571,1.50,2.25
2012.01.27 18:46:21.146,1.43541,1.43571,1.43,2.25
2012.01.27 18:46:21.288,1.43544,1.43576,1.50,2.90
2012.01.27 18:46:21.570,1.43544,1.43576,1.50,3.15
2012.01.27 18:46:22.217,1.43541,1.43573,1.50,2.25
2012.01.27 18:46:23.205,1.43543,1.43576,1.50,2.40
2012.01.27 18:46:23.684,1.4354,1.43574,1.50,2.25
2012.01.27 18:46:25.274,1.4354,1.43574,2.93,2.25
2012.01.27 18:46:27.857,1.43541,1.43573,1.50,1.13
2012.01.27 18:46:27.928,1.43543,1.43573,1.50,1.13
2012.01.27 18:46:28.280,1.43546,1.43576,1.43,2.25
2012.01.27 18:46:28.363,1.43543,1.43574,1.50,1.50
2012.01.27 18:46:28.442,1.43547,1.43574,1.50,1.50
2012.01.27 18:46:28.588,1.43544,1.43574,1.50,1.50
2012.01.27 18:46:29.408,1.43545,1.43576,1.43,2.25
2012.01.27 18:46:36.884,1.43544,1.43576,1.50,2.25
2012.01.27 18:46:37.934,1.43541,1.43573,1.50,2.25
2012.01.27 18:46:40.267,1.43541,1.43573,1.50,2.25
2012.01.27 18:46:42.181,1.43545,1.43576,1.50,1.50
2012.01.27 18:46:42.314,1.43545,1.43576,1.50,1.50
2012.01.27 18:46:42.849,1.43544,1.43575,1.43,2.25
2012.01.27 18:46:42.998,1.43544,1.43575,1.43,2.25
2012.01.27 18:46:43.142,1.43541,1.43575,1.50,2.25
2012.01.27 18:46:43.289,1.43546,1.43575,1.43,2.25
2012.01.27 18:46:43.697,1.43541,1.43575,1.50,2.25
2012.01.27 18:46:44.382,1.43545,1.43575,1.43,2.25
2012.01.27 18:46:45.357,1.43541,1.43575,1.50,2.25
2012.01.27 18:46:45.824,1.43541,1.43575,1.50,2.25
2012.01.27 18:46:46.225,1.43537,1.43571,2.25,2.25
2012.01.27 18:46:47.261,1.43537,1.43571,2.25,2.25
2012.01.27 18:46:48.544,1.43537,1.43571,3.68,2.25
2012.01.27 18:46:49.295,1.43539,1.43571,1.50,2.25
2012.01.27 18:46:49.366,1.43543,1.43571,1.50,2.25
2012.01.27 18:46:49.438,1.43549,1.43571,1.43,2.25
2012.01.27 18:46:49.506,1.43542,1.43574,2.25,2.25
2012.01.27 18:46:49.576,1.43542,1.43574,1.50,2.25
2012.01.27 18:46:50.220,1.43542,1.43574,1.50,2.25
2012.01.27 18:46:52.443,1.43539,1.43571,2.25,2.25
2012.01.27 18:46:53.273,1.43537,1.43571,3.68,2.25
2012.01.27 18:46:54.218,1.43537,1.43571,3.68,2.25
2012.01.27 18:46:56.425,1.43537,1.43571,2.93,2.25
2012.01.27 18:46:58.199,1.43537,1.43571,1.50,2.25
2012.01.27 18:46:58.836,1.43536,1.43566,2.18,1.50
2012.01.27 18:46:59.354,1.43535,1.43566,2.18,2.25
2012.01.27 18:47:01.326,1.43535,1.43566,2.18,2.25
2012.01.27 18:47:02.256,1.43535,1.43566,2.18,2.25
2012.01.27 18:47:06.804,1.43538,1.43566,1.43,2.25
2012.01.27 18:47:06.933,1.43538,1.43566,1.43,2.25
2012.01.27 18:47:11.405,1.43538,1.43566,1.43,2.25
2012.01.27 18:47:11.663,1.43541,1.43566,1.43,2.25
2012.01.27 18:47:15.029,1.43541,1.4357,1.43,1.50
2012.01.27 18:47:15.253,1.43546,1.4357,1.43,2.25
2012.01.27 18:47:15.608,1.43545,1.43575,1.43,2.25
2012.01.27 18:47:15.683,1.43543,1.43575,2.18,2.25
2012.01.27 18:47:16.303,1.43543,1.43575,2.18,2.25
2012.01.27 18:47:16.595,1.43539,1.43571,2.55,2.25
2012.01.27 18:47:16.808,1.43539,1.43571,1.80,2.25
2012.01.27 18:47:16.877,1.43539,1.43571,1.80,2.25
2012.01.27 18:47:17.087,1.43539,1.43571,1.80,2.25
2012.01.27 18:47:18.065,1.43539,1.43571,1.80,2.25
2012.01.27 18:47:19.558,1.43539,1.43571,1.43,2.25
2012.01.27 18:47:19.758,1.43545,1.43571,1.43,2.25
2012.01.27 18:47:20.643,1.43545,1.43573,1.43,2.25
2012.01.27 18:47:24.387,1.43545,1.4357,1.43,1.50
2012.01.27 18:47:26.214,1.43545,1.43575,1.43,2.25
2012.01.27 18:47:27.824,1.43544,1.43575,1.43,2.25
2012.01.27 18:47:28.611,1.43544,1.43575,1.43,2.25
2012.01.27 18:47:28.686,1.43541,1.43575,2.93,2.25
2012.01.27 18:47:29.950,1.43541,1.43571,1.43,1.50
2012.01.27 18:47:30.611,1.43541,1.43571,1.43,2.25
2012.01.27 18:47:30.928,1.43541,1.43571,1.43,2.25
2012.01.27 18:47:32.130,1.43541,1.43575,2.93,2.25
2012.01.27 18:47:32.387,1.43543,1.43575,1.43,2.25
2012.01.27 18:47:35.635,1.43542,1.43571,1.43,2.25
2012.01.27 18:47:36.810,1.43542,1.43571,1.43,1.50
2012.01.27 18:47:36.892,1.43543,1.43575,1.50,2.25
2012.01.27 18:47:37.039,1.43544,1.43575,1.43,2.25
2012.01.27 18:47:38.249,1.43544,1.43575,1.43,2.25
2012.01.27 18:47:38.725,1.43546,1.43575,1.43,2.25
2012.01.27 18:47:38.799,1.43544,1.43575,1.43,2.25
2012.01.27 18:47:38.874,1.43544,1.43575,1.43,2.44
2012.01.27 18:47:39.407,1.43543,1.43575,1.50,2.44
2012.01.27 18:47:40.383,1.43547,1.43571,1.43,2.25
2012.01.27 18:47:41.010,1.43547,1.43571,1.43,2.25
2012.01.27 18:47:41.234,1.43551,1.43578,1.43,2.25
2012.01.27 18:47:41.380,1.43551,1.43582,2.93,2.69
2012.01.27 18:47:41.740,1.43553,1.43584,1.50,1.50
2012.01.27 18:47:42.396,1.43554,1.43582,1.50,1.50
2012.01.27 18:47:42.501,1.43554,1.43586,1.50,1.50
2012.01.27 18:47:42.585,1.43551,1.4358,2.18,2.25
2012.01.27 18:47:43.119,1.4355,1.43584,2.63,2.25
2012.01.27 18:47:45.288,1.4355,1.43584,2.93,2.25
2012.01.27 18:47:45.367,1.43555,1.43585,1.50,1.50
2012.01.27 18:47:45.526,1.43551,1.43583,1.50,2.25
2012.01.27 18:47:46.584,1.43548,1.43581,2.93,2.25
2012.01.27 18:47:47.117,1.43548,1.43579,2.93,2.25
2012.01.27 18:47:48.025,1.43548,1.43579,1.43,2.25
2012.01.27 18:47:48.691,1.43548,1.43575,1.43,2.25
2012.01.27 18:47:48.799,1.43541,1.43572,3.75,2.25
2012.01.27 18:47:49.307,1.43544,1.43578,2.25,2.25
2012.01.27 18:47:50.409,1.43544,1.43578,2.25,2.25
2012.01.27 18:47:51.265,1.43543,1.43573,1.50,2.25
2012.01.27 18:47:51.412,1.43539,1.43573,2.25,2.25
2012.01.27 18:47:51.490,1.43545,1.43573,1.43,2.25
2012.01.27 18:47:51.573,1.43539,1.43573,3.00,2.25
2012.01.27 18:47:51.924,1.43544,1.43573,1.43,2.25
2012.01.27 18:47:52.458,1.43543,1.43573,1.43,2.25
2012.01.27 18:47:53.151,1.43541,1.43573,2.18,2.25
2012.01.27 18:47:53.738,1.43542,1.43573,1.43,2.25
2012.01.27 18:47:54.247,1.43544,1.43573,1.43,2.25
2012.01.27 18:47:54.538,1.43541,1.43573,2.18,2.25
2012.01.27 18:47:54.744,1.43543,1.43573,1.43,2.25
2012.01.27 18:47:55.086,1.43543,1.43573,1.43,2.25
2012.01.27 18:47:56.615,1.43541,1.43573,2.18,2.25
2012.01.27 18:47:59.587,1.43542,1.43573,1.43,2.25
2012.01.27 18:48:03.039,1.43541,1.43573,2.93,2.25
2012.01.27 18:48:03.110,1.43541,1.43573,2.18,2.25
2012.01.27 18:48:03.262,1.43545,1.43573,1.43,2.25
2012.01.27 18:48:03.942,1.43545,1.43576,1.43,2.25
2012.01.27 18:48:04.813,1.43544,1.43576,3.68,2.25
2012.01.27 18:48:05.393,1.43544,1.43576,3.87,2.25
2012.01.27 18:48:05.934,1.43546,1.43576,1.43,1.50
2012.01.27 18:48:08.816,1.43545,1.43576,1.43,1.50
2012.01.27 18:48:09.714,1.43546,1.43576,1.43,1.50
2012.01.27 18:48:10.113,1.43546,1.43574,1.43,1.50
2012.01.27 18:48:10.468,1.43541,1.43572,1.50,1.50
2012.01.27 18:48:11.311,1.43544,1.43577,2.37,2.25
2012.01.27 18:48:12.040,1.43544,1.43573,2.18,1.50
2012.01.27 18:48:12.408,1.43541,1.43564,1.50,1.50
2012.01.27 18:48:12.762,1.43538,1.43561,1.43,1.50
2012.01.27 18:48:13.472,1.43537,1.43561,2.18,1.50
2012.01.27 18:48:13.561,1.43536,1.43565,2.18,2.25
2012.01.27 18:48:13.853,1.43537,1.43569,2.25,2.25
2012.01.27 18:48:14.073,1.43537,1.43569,2.93,2.25
2012.01.27 18:48:14.360,1.43537,1.43569,1.50,2.25
2012.01.27 18:48:15.126,1.43533,1.43565,2.93,2.25
2012.01.27 18:48:16.117,1.43534,1.43565,1.43,2.25
2012.01.27 18:48:16.644,1.43533,1.43565,2.93,2.25
2012.01.27 18:48:18.547,1.43533,1.43565,2.93,1.50
2012.01.27 18:48:18.625,1.43533,1.43565,3.68,1.50
2012.01.27 18:48:19.196,1.43533,1.43565,3.68,2.25
2012.01.27 18:48:19.884,1.43534,1.43565,2.18,2.25
2012.01.27 18:48:20.488,1.43534,1.43565,2.18,2.25
2012.01.27 18:48:22.213,1.43535,1.43565,3.44,1.50
2012.01.27 18:48:23.824,1.43539,1.43565,2.18,1.50
2012.01.27 18:48:24.666,1.43539,1.43565,1.50,1.50
2012.01.27 18:48:27.740,1.43535,1.43565,1.50,1.50
2012.01.27 18:48:28.429,1.43535,1.43565,1.50,1.50
2012.01.27 18:48:28.626,1.43535,1.43563,1.50,1.50
2012.01.27 18:48:29.164,1.43533,1.43562,1.88,1.50
2012.01.27 18:48:30.504,1.43533,1.43562,1.88,1.50
2012.01.27 18:48:31.567,1.43533,1.43562,1.50,1.50
2012.01.27 18:48:32.078,1.43533,1.43562,1.50,1.50
2012.01.27 18:48:32.496,1.43536,1.43562,1.43,1.50
2012.01.27 18:48:32.637,1.43536,1.43565,1.43,1.50
2012.01.27 18:48:33.155,1.43534,1.43565,1.88,1.50
2012.01.27 18:48:35.371,1.43534,1.43564,1.88,1.50
2012.01.27 18:48:35.522,1.43535,1.43556,1.13,1.50
2012.01.27 18:48:35.877,1.43538,1.43554,1.43,1.50
2012.01.27 18:48:36.159,1.43538,1.43559,1.43,1.50
2012.01.27 18:48:36.831,1.43541,1.43559,1.43,1.50
2012.01.27 18:48:36.918,1.43539,1.43563,1.43,1.50
2012.01.27 18:48:37.187,1.43539,1.4356,1.43,1.50
2012.01.27 18:48:37.504,1.43537,1.43558,1.43,1.50
2012.01.27 18:48:38.756,1.43528,1.43558,1.32,1.50
2012.01.27 18:48:39.113,1.43534,1.43558,2.18,1.50
2012.01.27 18:48:39.197,1.43534,1.43562,2.18,1.50
2012.01.27 18:48:39.347,1.4353,1.43562,1.50,1.50
2012.01.27 18:48:39.908,1.43528,1.43559,2.18,1.50
2012.01.27 18:48:40.228,1.43529,1.43561,1.13,1.50
2012.01.27 18:48:41.839,1.43528,1.43555,2.18,1.50
2012.01.27 18:48:42.507,1.43524,1.43555,2.18,1.50
2012.01.27 18:48:42.736,1.43524,1.43555,2.18,1.50
2012.01.27 18:48:43.457,1.43527,1.43555,2.37,1.50
2012.01.27 18:48:44.009,1.43528,1.43555,2.18,1.50
2012.01.27 18:48:44.092,1.43527,1.43559,2.25,1.50
2012.01.27 18:48:44.299,1.43527,1.43559,3.00,1.50
2012.01.27 18:48:44.890,1.43527,1.43557,1.50,1.50
2012.01.27 18:48:45.190,1.43543,1.43562,1.43,1.50
2012.01.27 18:48:45.616,1.43537,1.43562,2.93,1.50
2012.01.27 18:48:45.756,1.43537,1.43562,2.18,1.50
2012.01.27 18:48:46.276,1.43532,1.43562,3.12,1.50
2012.01.27 18:48:46.845,1.43537,1.43562,1.50,1.50
2012.01.27 18:48:47.772,1.43531,1.43562,1.50,1.50
2012.01.27 18:48:49.018,1.43531,1.43562,1.50,1.50
2012.01.27 18:48:50.576,1.43532,1.43562,1.50,1.50
2012.01.27 18:48:51.020,1.43532,1.43562,1.50,1.50
2012.01.27 18:48:54.210,1.43537,1.43569,1.50,2.90
2012.01.27 18:48:55.184,1.43537,1.43568,1.50,2.15
2012.01.27 18:48:55.895,1.43532,1.43566,2.25,1.50
2012.01.27 18:48:57.327,1.43532,1.43566,2.25,1.50
2012.01.27 18:49:03.767,1.43536,1.4357,1.50,2.25
2012.01.27 18:49:06.220,1.43536,1.4357,2.44,2.25
2012.01.27 18:49:07.035,1.4354,1.43574,2.44,2.25
2012.01.27 18:49:07.108,1.4354,1.43574,2.25,1.50
2012.01.27 18:49:12.621,1.4354,1.43574,2.25,1.50
2012.01.27 18:49:13.170,1.4354,1.43574,2.25,1.50
2012.01.27 18:49:13.732,1.4354,1.43574,2.25,2.25
2012.01.27 18:49:14.943,1.43541,1.43574,2.63,1.50
2012.01.27 18:49:15.249,1.43549,1.43581,2.25,1.50
2012.01.27 18:49:15.604,1.4355,1.43577,2.37,1.50
2012.01.27 18:49:15.965,1.43556,1.43584,1.43,1.50
2012.01.27 18:49:16.630,1.43552,1.43586,1.50,2.25
2012.01.27 18:49:16.722,1.43557,1.43587,1.50,2.25
2012.01.27 18:49:17.706,1.43554,1.43585,1.50,2.25
2012.01.27 18:49:18.155,1.43553,1.43585,1.50,2.25
2012.01.27 18:49:19.506,1.43556,1.43585,1.80,2.25
2012.01.27 18:49:19.577,1.43556,1.43585,1.99,2.25
2012.01.27 18:49:20.036,1.43558,1.43592,1.50,2.25
2012.01.27 18:49:21.165,1.43558,1.43592,1.69,3.00
2012.01.27 18:49:22.389,1.43558,1.43592,1.69,3.00
2012.01.27 18:49:25.527,1.43558,1.43592,3.68,3.00
2012.01.27 18:49:26.277,1.43558,1.43592,3.68,3.00
2012.01.27 18:49:26.564,1.43559,1.43592,1.50,2.25
2012.01.27 18:49:26.924,1.43558,1.43592,3.87,3.00
2012.01.27 18:49:28.385,1.4356,1.43592,1.43,2.25
2012.01.27 18:49:28.601,1.43558,1.43592,2.93,2.25
2012.01.27 18:49:32.016,1.43561,1.43592,1.50,2.25
2012.01.27 18:49:32.354,1.43563,1.43592,1.43,1.50
2012.01.27 18:49:32.772,1.43563,1.43595,2.93,1.50
2012.01.27 18:49:33.904,1.43569,1.43595,3.00,1.50
2012.01.27 18:49:33.992,1.43568,1.43595,1.43,1.50
2012.01.27 18:49:34.317,1.43561,1.43595,3.00,1.50
2012.01.27 18:49:34.725,1.43569,1.43595,1.43,2.25
2012.01.27 18:49:34.869,1.43562,1.43595,1.43,2.25
2012.01.27 18:49:35.674,1.43561,1.43595,2.25,2.25
2012.01.27 18:49:36.321,1.43561,1.43595,3.68,2.25
2012.01.27 18:49:38.329,1.43561,1.43595,3.68,2.25
2012.01.27 18:49:38.902,1.43561,1.43595,3.68,2.25
2012.01.27 18:49:40.203,1.43569,1.43603,3.68,2.25
2012.01.27 18:49:40.347,1.43569,1.436,2.93,1.50
2012.01.27 18:49:40.677,1.43566,1.43598,1.50,1.50
2012.01.27 18:49:41.030,1.43564,1.43594,2.25,1.50
2012.01.27 18:49:41.678,1.43565,1.43599,1.50,2.25
2012.01.27 18:49:47.166,1.43565,1.43599,1.50,2.25
2012.01.27 18:49:49.626,1.43562,1.43594,3.68,1.50
2012.01.27 18:49:49.978,1.43558,1.43589,3.00,1.50
2012.01.27 18:49:50.398,1.4356,1.43592,1.50,2.25
2012.01.27 18:49:50.468,1.43555,1.43589,4.43,1.50
2012.01.27 18:49:51.136,1.43558,1.4359,1.50,1.50
2012.01.27 18:49:51.709,1.43556,1.4359,3.68,1.50
2012.01.27 18:49:52.066,1.4356,1.43594,1.50,2.25
2012.01.27 18:49:52.255,1.4356,1.43594,1.50,1.50
2012.01.27 18:49:54.504,1.4356,1.43594,1.50,2.25
2012.01.27 18:49:54.647,1.4356,1.43594,1.50,2.25
2012.01.27 18:49:55.305,1.43562,1.43594,1.50,2.25
2012.01.27 18:49:55.892,1.43564,1.43595,1.50,1.50
2012.01.27 18:49:56.043,1.43564,1.43598,2.25,2.25
2012.01.27 18:49:56.116,1.43564,1.43598,3.00,2.25
2012.01.27 18:49:56.621,1.43567,1.43599,1.50,1.50
2012.01.27 18:49:56.772,1.43564,1.43598,1.50,1.50
2012.01.27 18:49:57.275,1.43564,1.43598,1.50,2.25
2012.01.27 18:49:57.687,1.43568,1.43598,1.50,2.25
2012.01.27 18:49:58.501,1.43568,1.43597,1.50,1.50
2012.01.27 18:49:58.591,1.43564,1.43597,1.50,1.50
2012.01.27 18:49:59.021,1.43561,1.43592,1.50,2.18
2012.01.27 18:49:59.098,1.43558,1.4359,1.50,1.50
2012.01.27 18:49:59.441,1.43561,1.43592,1.50,2.18
2012.01.27 18:50:01.018,1.43566,1.43596,1.50,1.50
2012.01.27 18:50:01.089,1.43566,1.43597,1.50,2.15
2012.01.27 18:50:01.622,1.43566,1.43598,1.50,1.50
2012.01.27 18:50:01.888,1.43566,1.43598,1.50,1.50
2012.01.27 18:50:02.513,1.43566,1.43598,1.50,1.50
2012.01.27 18:50:03.546,1.43566,1.43598,1.50,2.93
2012.01.27 18:50:06.729,1.43564,1.43593,1.50,1.50
2012.01.27 18:50:06.817,1.43559,1.43591,1.50,1.50
2012.01.27 18:50:06.889,1.43556,1.43589,1.50,1.50
2012.01.27 18:50:07.528,1.43556,1.43584,1.50,1.50
2012.01.27 18:50:07.623,1.43554,1.43588,2.25,1.50
2012.01.27 18:50:07.766,1.43554,1.43587,2.25,4.50
2012.01.27 18:50:08.106,1.43556,1.43589,1.50,1.13
2012.01.27 18:50:08.381,1.4356,1.4359,1.43,1.50
2012.01.27 18:50:08.919,1.43561,1.43593,2.25,2.25
2012.01.27 18:50:09.055,1.43561,1.43593,2.25,1.50
2012.01.27 18:50:09.125,1.43561,1.43593,2.25,2.25
2012.01.27 18:50:09.458,1.43564,1.43595,1.50,1.50
2012.01.27 18:50:10.094,1.43558,1.43592,4.05,2.25
2012.01.27 18:50:10.537,1.43558,1.43591,4.05,1.69
2012.01.27 18:50:10.610,1.43559,1.4359,1.50,2.15
2012.01.27 18:50:10.968,1.43553,1.43585,1.50,2.25
2012.01.27 18:50:11.537,1.43553,1.43583,1.50,2.18
2012.01.27 18:50:14.087,1.43553,1.43582,1.50,2.18
2012.01.27 18:50:16.779,1.43549,1.43581,1.50,2.25
2012.01.27 18:50:17.227,1.43554,1.43581,1.50,2.25
2012.01.27 18:50:17.761,1.43555,1.43583,1.50,2.18
2012.01.27 18:50:17.848,1.43555,1.43586,1.50,1.50
2012.01.27 18:50:18.204,1.43555,1.43589,2.93,3.15
2012.01.27 18:50:18.279,1.43559,1.43589,1.50,2.50
2012.01.27 18:50:19.034,1.43561,1.43591,1.50,2.42
2012.01.27 18:50:19.394,1.43561,1.43591,1.50,1.75
2012.01.27 18:50:19.735,1.43564,1.43594,1.50,1.75
2012.01.27 18:50:20.426,1.43564,1.43592,1.50,2.18
2012.01.27 18:50:20.938,1.43564,1.43594,1.50,1.50
2012.01.27 18:50:22.652,1.43566,1.43593,1.50,1.50
2012.01.27 18:50:22.873,1.43567,1.43596,1.50,1.50
2012.01.27 18:50:24.199,1.43566,1.436,3.00,3.25
2012.01.27 18:50:24.557,1.43571,1.43596,1.50,1.50
2012.01.27 18:50:24.967,1.43571,1.43596,1.50,1.50
2012.01.27 18:50:25.387,1.43571,1.43595,1.50,1.50
2012.01.27 18:50:25.461,1.43571,1.43595,1.50,1.50
2012.01.27 18:50:25.542,1.43569,1.43595,1.50,1.50
2012.01.27 18:50:25.627,1.43566,1.43592,1.50,1.50
2012.01.27 18:50:26.228,1.43563,1.43593,1.50,1.50
2012.01.27 18:50:27.235,1.43565,1.43592,1.50,1.50
2012.01.27 18:50:27.588,1.43567,1.43592,1.50,1.50
2012.01.27 18:50:28.821,1.43567,1.43594,1.50,1.50
2012.01.27 18:50:28.897,1.4357,1.43594,1.50,1.50
2012.01.27 18:50:35.123,1.4357,1.43594,1.50,1.50
2012.01.27 18:50:35.447,1.4357,1.43594,1.50,1.50
2012.01.27 18:50:35.898,1.4357,1.43601,2.25,2.42
2012.01.27 18:50:37.453,1.4357,1.43584,2.25,1.50
2012.01.27 18:50:37.739,1.43549,1.43581,2.25,2.90
2012.01.27 18:50:38.259,1.43545,1.43577,2.25,1.50
2012.01.27 18:50:38.589,1.43552,1.43577,1.26,1.50
2012.01.27 18:50:39.291,1.43559,1.43589,1.26,2.25
2012.01.27 18:50:39.546,1.4356,1.43589,1.26,2.25
2012.01.27 18:50:40.454,1.43563,1.43589,1.26,2.25
2012.01.27 18:50:40.540,1.43564,1.43598,2.25,2.25
2012.01.27 18:50:40.609,1.43564,1.43598,2.25,2.25
2012.01.27 18:50:41.585,1.43569,1.43595,1.26,2.44
2012.01.27 18:50:41.671,1.43566,1.4359,1.26,2.25
2012.01.27 18:50:42.031,1.43556,1.43586,2.25,2.25
2012.01.27 18:50:42.118,1.43551,1.43577,2.39,1.03
2012.01.27 18:50:42.199,1.43551,1.43574,1.26,1.69
2012.01.27 18:50:42.344,1.43549,1.43571,1.26,2.25
2012.01.27 18:50:42.560,1.43549,1.4357,1.26,2.93
2012.01.27 18:50:42.778,1.43539,1.43566,1.26,1.50
2012.01.27 18:50:43.613,1.43547,1.43575,1.26,2.25
2012.01.27 18:50:44.131,1.43547,1.43571,1.26,1.50
2012.01.27 18:50:44.686,1.43548,1.43571,1.26,1.50
2012.01.27 18:50:45.411,1.43546,1.43571,1.26,1.50
2012.01.27 18:50:46.128,1.43548,1.43567,1.26,1.50
2012.01.27 18:50:46.288,1.43548,1.43572,1.26,1.50
2012.01.27 18:50:46.433,1.43548,1.43575,1.26,1.50
2012.01.27 18:50:46.858,1.43549,1.43575,1.26,1.50
2012.01.27 18:50:48.362,1.4355,1.43575,1.26,1.50
2012.01.27 18:50:48.931,1.43547,1.43575,2.01,1.50
2012.01.27 18:50:49.086,1.43547,1.4358,2.01,1.50
2012.01.27 18:50:49.952,1.43546,1.43575,1.26,1.50
2012.01.27 18:50:50.248,1.43545,1.43571,1.26,1.50
2012.01.27 18:50:50.939,1.43545,1.43571,1.26,1.50
2012.01.27 18:50:51.015,1.43543,1.43574,2.25,1.50
2012.01.27 18:50:51.496,1.43543,1.43575,2.76,1.50
2012.01.27 18:50:52.228,1.43548,1.43577,2.25,1.50
2012.01.27 18:50:52.308,1.43548,1.4358,2.25,1.50
2012.01.27 18:50:56.291,1.43553,1.43585,2.25,1.50
2012.01.27 18:50:57.403,1.43556,1.4359,2.25,1.50
2012.01.27 18:50:57.483,1.43554,1.43584,2.25,1.50
2012.01.27 18:50:58.190,1.43552,1.43584,2.25,1.50
2012.01.27 18:50:58.267,1.43556,1.43588,1.50,1.50
2012.01.27 18:50:59.458,1.43552,1.43584,5.18,1.50
2012.01.27 18:50:59.819,1.43552,1.43584,5.18,1.50
2012.01.27 18:51:01.897,1.43552,1.43584,2.25,2.25
2012.01.27 18:51:02.038,1.43549,1.43581,1.50,1.50
2012.01.27 18:51:02.975,1.43552,1.43584,1.50,1.50
2012.01.27 18:51:03.818,1.43552,1.43584,1.50,1.50
2012.01.27 18:51:04.577,1.43551,1.43584,1.13,1.50
2012.01.27 18:51:05.432,1.43551,1.43581,1.13,1.50
2012.01.27 18:51:06.239,1.43551,1.43581,1.88,1.50
2012.01.27 18:51:06.310,1.43551,1.43585,3.38,1.50
2012.01.27 18:51:07.817,1.43551,1.43583,3.38,1.50
2012.01.27 18:51:08.410,1.43551,1.43581,1.88,1.50
2012.01.27 18:51:10.625,1.43551,1.43577,1.13,1.50
2012.01.27 18:51:10.842,1.43545,1.43577,2.25,1.50
2012.01.27 18:51:12.591,1.43547,1.43577,1.50,1.50
2012.01.27 18:51:12.948,1.43552,1.43577,1.43,1.50
2012.01.27 18:51:13.298,1.43546,1.43577,2.25,1.50
2012.01.27 18:51:14.675,1.43545,1.43577,1.50,1.50
2012.01.27 18:51:22.236,1.43547,1.43577,2.25,1.50
2012.01.27 18:51:24.307,1.43551,1.43579,2.18,1.50
2012.01.27 18:51:24.378,1.43551,1.43583,2.18,1.50
2012.01.27 18:51:24.569,1.43549,1.43583,3.68,1.50
2012.01.27 18:51:24.768,1.4355,1.43583,2.18,1.50
2012.01.27 18:51:26.188,1.4355,1.43583,2.18,1.50
2012.01.27 18:51:26.652,1.43549,1.43579,1.50,1.50
2012.01.27 18:51:28.226,1.43549,1.43579,1.50,1.50
2012.01.27 18:51:28.781,1.43545,1.43579,2.63,1.50
2012.01.27 18:51:34.461,1.43543,1.43573,2.18,1.50
2012.01.27 18:51:34.877,1.43541,1.43573,3.00,1.50
2012.01.27 18:51:36.341,1.43541,1.43573,2.25,2.25
2012.01.27 18:51:37.376,1.43535,1.43567,2.25,2.25
2012.01.27 18:51:37.450,1.43538,1.43572,1.50,2.50
2012.01.27 18:51:37.915,1.43538,1.43572,1.50,2.25
2012.01.27 18:51:38.322,1.43538,1.43572,1.69,2.25
2012.01.27 18:51:38.609,1.43542,1.43573,1.50,2.25
2012.01.27 18:51:39.648,1.43538,1.43572,1.50,2.50
2012.01.27 18:51:42.265,1.43542,1.43572,1.43,2.50
2012.01.27 18:51:43.230,1.43543,1.43572,1.43,2.25
2012.01.27 18:51:43.379,1.43543,1.43575,2.93,2.50
2012.01.27 18:51:43.654,1.4354,1.43569,3.00,2.25
2012.01.27 18:51:43.737,1.43544,1.43569,1.43,2.25
2012.01.27 18:51:44.450,1.4354,1.43569,2.18,2.25
2012.01.27 18:51:44.544,1.43544,1.43574,1.43,3.15
2012.01.27 18:51:44.627,1.43541,1.43574,1.62,2.50
2012.01.27 18:51:45.174,1.4354,1.43574,1.50,2.50
2012.01.27 18:51:45.532,1.43543,1.43577,1.50,2.50
2012.01.27 18:51:46.374,1.43543,1.43577,1.50,2.25
2012.01.27 18:51:46.466,1.43543,1.43577,1.50,2.50
2012.01.27 18:51:46.551,1.43547,1.43578,1.50,2.25
2012.01.27 18:51:46.900,1.43551,1.43585,1.50,2.50
2012.01.27 18:51:47.475,1.43551,1.43585,1.69,2.50
2012.01.27 18:51:48.406,1.43555,1.43587,1.50,2.50
2012.01.27 18:51:48.548,1.43549,1.43581,1.50,2.50
2012.01.27 18:51:49.147,1.43553,1.4358,1.50,1.65
2012.01.27 18:51:49.497,1.43549,1.43581,1.50,3.15
2012.01.27 18:51:49.571,1.43544,1.43578,1.50,2.50
2012.01.27 18:51:50.333,1.43548,1.43579,1.50,2.50
2012.01.27 18:51:50.425,1.43547,1.43581,1.50,2.50
2012.01.27 18:51:50.977,1.43547,1.43581,1.50,2.50
2012.01.27 18:51:51.118,1.43543,1.43577,1.50,2.25
2012.01.27 18:51:51.188,1.43543,1.43577,1.50,2.25
2012.01.27 18:51:51.471,1.43541,1.43573,1.50,2.25
2012.01.27 18:51:53.218,1.43542,1.43573,1.50,2.50
2012.01.27 18:51:53.288,1.43544,1.43576,1.50,2.50
2012.01.27 18:51:53.636,1.43539,1.43573,1.50,2.50
2012.01.27 18:51:55.158,1.43539,1.43573,2.44,2.50
2012.01.27 18:51:55.226,1.43541,1.43573,1.50,2.50
2012.01.27 18:51:55.819,1.43544,1.43573,1.50,2.25
2012.01.27 18:51:56.254,1.43547,1.43579,1.50,2.50
2012.01.27 18:51:58.099,1.4355,1.43579,1.43,2.50
2012.01.27 18:51:58.837,1.43539,1.43571,1.69,2.25
2012.01.27 18:51:59.849,1.43541,1.43571,1.50,2.25
2012.01.27 18:51:59.986,1.43543,1.43573,1.50,1.40
2012.01.27 18:52:02.441,1.43544,1.43574,1.43,1.40
2012.01.27 18:52:03.300,1.43543,1.43573,1.50,1.78
2012.01.27 18:52:03.441,1.43538,1.43572,1.69,2.25
2012.01.27 18:52:03.589,1.43535,1.43567,2.44,2.25
2012.01.27 18:52:03.715,1.43535,1.43567,2.25,2.25
2012.01.27 18:52:03.976,1.43535,1.43567,2.25,2.25
2012.01.27 18:52:04.115,1.43535,1.43567,1.50,2.25
2012.01.27 18:52:05.007,1.43535,1.43567,1.50,2.90
2012.01.27 18:52:06.118,1.43535,1.43567,2.93,2.25
2012.01.27 18:52:06.783,1.43535,1.43567,3.68,2.25
2012.01.27 18:52:08.375,1.43535,1.43567,3.68,2.25
2012.01.27 18:52:09.120,1.43535,1.43567,3.68,2.25
2012.01.27 18:52:10.434,1.43535,1.43567,3.68,2.25
2012.01.27 18:52:12.435,1.43535,1.43567,3.68,2.25
2012.01.27 18:52:12.945,1.43535,1.43567,3.68,2.25
2012.01.27 18:52:14.686,1.43535,1.43567,3.68,2.25
2012.01.27 18:52:14.896,1.43537,1.43567,1.43,2.25
2012.01.27 18:52:15.527,1.43538,1.43567,1.43,2.25
2012.01.27 18:52:16.604,1.43538,1.43567,1.43,2.25
2012.01.27 18:52:20.916,1.43535,1.43567,2.25,2.25
2012.01.27 18:52:21.044,1.43535,1.43567,2.25,2.25
2012.01.27 18:52:21.614,1.43537,1.43567,1.50,2.90
2012.01.27 18:52:22.344,1.43542,1.43567,1.09,1.40
2012.01.27 18:52:22.434,1.43553,1.43578,1.43,2.25
2012.01.27 18:52:22.524,1.43546,1.43578,2.93,2.25
2012.01.27 18:52:22.607,1.43546,1.43578,2.93,2.25
2012.01.27 18:52:22.950,1.43548,1.43578,1.43,2.25
2012.01.27 18:52:23.090,1.43546,1.43578,1.50,2.25
2012.01.27 18:52:23.158,1.43546,1.43578,1.50,2.25
2012.01.27 18:52:23.521,1.43546,1.43578,1.50,2.50
2012.01.27 18:52:24.960,1.43546,1.43578,1.50,2.25
2012.01.27 18:52:28.431,1.43546,1.43578,2.93,2.25
2012.01.27 18:52:28.930,1.4355,1.43579,1.43,1.40
2012.01.27 18:52:29.067,1.4355,1.4358,1.43,1.78
2012.01.27 18:52:29.345,1.43547,1.43578,2.93,2.25
2012.01.27 18:52:31.118,1.43549,1.4358,1.50,2.02
2012.01.27 18:52:31.461,1.43549,1.4358,2.93,1.78
2012.01.27 18:52:32.007,1.43549,1.4358,1.50,1.40
2012.01.27 18:52:32.077,1.43546,1.43578,1.50,2.25
2012.01.27 18:52:34.777,1.43545,1.43575,1.43,2.90
2012.01.27 18:52:34.926,1.43543,1.43573,1.43,2.25
2012.01.27 18:52:35.008,1.43538,1.4357,2.93,1.50
2012.01.27 18:52:35.791,1.43538,1.4357,1.50,2.25
2012.01.27 18:52:35.871,1.43537,1.43566,1.43,2.25
2012.01.27 18:52:36.216,1.43536,1.43566,1.43,2.25
2012.01.27 18:52:36.859,1.43536,1.43566,1.43,2.25
2012.01.27 18:52:37.395,1.43537,1.43566,1.43,2.25
2012.01.27 18:52:37.466,1.43537,1.43566,1.43,2.25
2012.01.27 18:52:39.806,1.43537,1.43566,1.43,2.25
2012.01.27 18:52:40.020,1.4354,1.4357,1.43,2.90
2012.01.27 18:52:40.241,1.43543,1.43574,1.43,2.25
2012.01.27 18:52:40.641,1.43542,1.43574,1.50,2.25
2012.01.27 18:52:40.986,1.43542,1.43569,1.50,1.40
2012.01.27 18:52:42.459,1.43542,1.4357,1.50,1.40
2012.01.27 18:52:42.960,1.43542,1.43569,1.50,1.40
2012.01.27 18:52:45.421,1.43542,1.43569,1.50,1.40
2012.01.27 18:52:45.838,1.43544,1.43573,1.43,1.40
2012.01.27 18:52:45.910,1.43544,1.43573,1.43,1.40
2012.01.27 18:52:45.976,1.43542,1.43573,2.93,1.40
2012.01.27 18:52:46.983,1.43542,1.43572,2.93,1.40
2012.01.27 18:52:47.794,1.43542,1.43573,1.50,1.40
2012.01.27 18:52:48.099,1.43544,1.43572,1.43,1.40
2012.01.27 18:52:48.780,1.43544,1.43572,1.43,1.40
2012.01.27 18:52:49.368,1.43542,1.43572,2.93,1.40
2012.01.27 18:52:49.973,1.43542,1.43573,2.93,1.40
2012.01.27 18:52:52.896,1.43546,1.43572,1.43,1.40
2012.01.27 18:52:54.609,1.43546,1.43573,1.43,1.40
2012.01.27 18:52:54.807,1.43546,1.43573,1.43,1.40
2012.01.27 18:52:55.533,1.43542,1.43573,1.50,1.40
2012.01.27 18:52:56.057,1.43542,1.43572,1.50,1.65
2012.01.27 18:52:56.429,1.43546,1.43573,1.43,1.40
2012.01.27 18:52:57.616,1.43546,1.43574,1.43,2.25
2012.01.27 18:52:58.149,1.43547,1.43576,1.50,1.40
2012.01.27 18:53:02.016,1.43547,1.43576,1.50,1.40
2012.01.27 18:53:05.085,1.43547,1.43575,2.25,1.40
2012.01.27 18:53:05.217,1.43551,1.43579,1.43,2.25
2012.01.27 18:53:05.286,1.43551,1.43579,1.43,2.25
2012.01.27 18:53:06.087,1.43551,1.43579,1.43,2.25
2012.01.27 18:53:06.158,1.43547,1.43579,2.93,2.25
2012.01.27 18:53:12.714,1.43546,1.43575,1.43,2.25
2012.01.27 18:53:13.064,1.43546,1.43575,1.43,2.25
2012.01.27 18:53:13.448,1.43543,1.43575,1.50,2.25
2012.01.27 18:53:13.589,1.43544,1.43575,1.43,2.25
2012.01.27 18:53:15.003,1.43544,1.43575,1.43,2.25
2012.01.27 18:53:16.039,1.43547,1.43577,1.50,1.40
2012.01.27 18:53:16.844,1.43547,1.43577,1.50,1.40
2012.01.27 18:53:18.973,1.43547,1.43579,1.50,2.25
2012.01.27 18:53:20.216,1.43546,1.43576,1.43,2.25
2012.01.27 18:53:20.360,1.43542,1.43576,1.69,2.25
2012.01.27 18:53:20.866,1.43543,1.43576,1.43,2.25
2012.01.27 18:53:21.284,1.43547,1.43579,1.50,2.25
2012.01.27 18:53:21.490,1.43547,1.43579,1.50,2.25
2012.01.27 18:53:23.238,1.43547,1.43579,2.25,1.50
2012.01.27 18:53:24.918,1.43547,1.43579,3.68,1.50
2012.01.27 18:53:25.439,1.43545,1.43576,2.18,1.50
2012.01.27 18:53:26.403,1.43549,1.4358,1.43,1.50
2012.01.27 18:53:27.584,1.43548,1.4358,2.18,2.15
2012.01.27 18:53:29.249,1.43549,1.4358,2.18,1.50
2012.01.27 18:53:33.142,1.43547,1.4358,2.93,1.50
2012.01.27 18:53:39.771,1.43546,1.43577,1.50,1.50
2012.01.27 18:53:39.850,1.43547,1.43577,1.50,1.50
2012.01.27 18:53:40.002,1.43548,1.43579,2.25,1.50
2012.01.27 18:53:40.219,1.43548,1.4358,2.25,2.25
2012.01.27 18:53:40.422,1.43548,1.4358,1.50,2.90
2012.01.27 18:53:41.411,1.43543,1.43577,1.50,2.25
2012.01.27 18:53:41.747,1.43543,1.43577,1.50,1.50
2012.01.27 18:53:41.817,1.43543,1.43577,1.50,2.25
2012.01.27 18:53:42.869,1.43541,1.43573,4.50,1.50
2012.01.27 18:53:45.938,1.43541,1.43573,2.25,1.50
2012.01.27 18:53:46.266,1.43536,1.43568,1.69,1.50
2012.01.27 18:53:59.155,1.43536,1.43568,2.25,1.50
2012.01.27 18:53:59.510,1.4354,1.43569,2.25,1.40
2012.01.27 18:54:00.555,1.43538,1.43568,1.50,2.15
2012.01.27 18:54:00.774,1.43534,1.43564,2.18,1.50
2012.01.27 18:54:00.994,1.43535,1.43566,2.25,1.50
2012.01.27 18:54:01.068,1.43535,1.43569,2.25,1.50
2012.01.27 18:54:01.211,1.43533,1.43563,2.25,1.50
2012.01.27 18:54:01.697,1.43534,1.43566,2.25,1.50
2012.01.27 18:54:02.647,1.43534,1.43566,2.25,2.15
2012.01.27 18:54:03.036,1.43532,1.43563,2.18,1.50
2012.01.27 18:54:04.267,1.43534,1.43566,2.25,2.15
2012.01.27 18:54:04.479,1.4353,1.43564,3.00,1.50
2012.01.27 18:54:04.606,1.4353,1.43564,2.25,1.50
2012.01.27 18:54:05.091,1.43534,1.43566,1.50,2.15
2012.01.27 18:54:05.942,1.43544,1.43569,1.50,2.08
2012.01.27 18:54:06.026,1.43539,1.43573,2.25,2.15
2012.01.27 18:54:06.180,1.43539,1.43573,2.25,2.15
2012.01.27 18:54:06.581,1.43537,1.43567,1.50,1.88
2012.01.27 18:54:06.657,1.43535,1.43567,1.50,1.88
2012.01.27 18:54:10.410,1.43543,1.43567,1.13,1.88
2012.01.27 18:54:10.482,1.43543,1.43573,1.13,2.15
2012.01.27 18:54:11.078,1.43548,1.43569,1.43,1.03
2012.01.27 18:54:11.158,1.43535,1.43567,1.50,1.03
2012.01.27 18:54:11.819,1.43535,1.43567,1.69,1.03
2012.01.27 18:54:12.974,1.43535,1.43567,2.44,1.03
2012.01.27 18:54:13.327,1.43553,1.43576,1.50,2.53
2012.01.27 18:54:13.846,1.43553,1.43576,1.50,2.53
2012.01.27 18:54:14.796,1.43554,1.43576,1.50,2.53
2012.01.27 18:54:15.504,1.43554,1.43579,1.50,2.15
2012.01.27 18:54:15.580,1.43558,1.43579,1.43,2.15
2012.01.27 18:54:16.107,1.43558,1.43582,2.18,1.03
2012.01.27 18:54:18.684,1.43558,1.43582,2.18,1.03
2012.01.27 18:54:19.046,1.43556,1.43582,3.68,1.03
2012.01.27 18:54:19.566,1.43557,1.43582,1.50,1.03
2012.01.27 18:54:20.130,1.43557,1.43582,1.50,1.03
2012.01.27 18:54:20.204,1.43558,1.43584,1.50,1.88
2012.01.27 18:54:20.275,1.43558,1.43584,1.50,1.50
2012.01.27 18:54:22.018,1.43558,1.43584,2.18,1.40
2012.01.27 18:54:22.161,1.43554,1.43582,2.25,1.13
2012.01.27 18:54:22.236,1.43554,1.4358,2.25,1.40
2012.01.27 18:54:22.307,1.43549,1.4358,1.50,2.15
2012.01.27 18:54:22.818,1.43549,1.43579,1.50,1.40
2012.01.27 18:54:26.046,1.43548,1.43578,1.50,2.25
2012.01.27 18:54:26.120,1.43546,1.43578,1.50,2.25
2012.01.27 18:54:26.636,1.43549,1.43578,1.50,1.13
2012.01.27 18:54:27.176,1.43549,1.43578,1.50,1.13
2012.01.27 18:54:28.710,1.43549,1.43578,1.50,1.13
2012.01.27 18:54:36.173,1.43549,1.4358,1.50,1.40
2012.01.27 18:54:37.070,1.43549,1.43579,1.50,1.40
2012.01.27 18:54:37.586,1.43549,1.43579,1.50,1.40
2012.01.27 18:54:38.575,1.43549,1.4358,1.50,1.40
2012.01.27 18:54:40.477,1.43549,1.4358,1.50,1.40
2012.01.27 18:54:43.256,1.43546,1.43578,1.50,1.50
2012.01.27 18:54:43.784,1.43546,1.43578,1.50,2.25
2012.01.27 18:54:57.629,1.43546,1.43578,1.50,2.25
2012.01.27 18:55:03.420,1.4355,1.43579,2.25,1.40
2012.01.27 18:55:03.627,1.43554,1.43579,1.50,1.40
2012.01.27 18:55:03.838,1.43554,1.43579,1.50,1.78
2012.01.27 18:55:03.981,1.43551,1.43579,1.43,1.78
2012.01.27 18:55:05.547,1.43548,1.43579,1.50,1.40
2012.01.27 18:55:07.394,1.43548,1.4358,1.50,1.65
2012.01.27 18:55:13.228,1.43548,1.4358,1.50,1.65
2012.01.27 18:55:13.992,1.43553,1.4358,1.50,1.40
2012.01.27 18:55:15.281,1.43549,1.43581,1.50,2.25
2012.01.27 18:55:15.358,1.43549,1.43581,1.50,2.25
2012.01.27 18:55:17.838,1.43549,1.43581,1.50,2.25
2012.01.27 18:55:19.399,1.43553,1.43582,1.50,1.78
2012.01.27 18:55:20.083,1.43554,1.43585,1.50,2.50
2012.01.27 18:55:20.161,1.43557,1.43588,1.50,1.65
2012.01.27 18:55:27.394,1.43549,1.43581,1.50,2.25
2012.01.27 18:55:27.537,1.43549,1.43581,1.50,2.25
2012.01.27 18:55:27.988,1.43549,1.43581,1.50,1.50
2012.01.27 18:55:28.242,1.43553,1.43583,1.50,1.78
2012.01.27 18:55:29.268,1.43557,1.43583,1.50,1.03
2012.01.27 18:55:30.356,1.43557,1.43587,1.50,1.40
2012.01.27 18:55:30.559,1.43557,1.43589,1.50,2.25
2012.01.27 18:55:30.626,1.43557,1.43589,1.50,2.25
2012.01.27 18:55:31.275,1.43558,1.4359,1.50,3.28
2012.01.27 18:55:31.546,1.43554,1.43586,2.25,1.50
2012.01.27 18:55:32.057,1.43554,1.43586,1.50,2.25
2012.01.27 18:55:34.537,1.43554,1.43585,1.50,1.40
2012.01.27 18:55:35.085,1.43554,1.43586,1.50,2.15
2012.01.27 18:55:36.998,1.43554,1.43586,2.25,2.15
2012.01.27 18:55:37.068,1.43558,1.43586,2.18,1.50
2012.01.27 18:55:39.017,1.43554,1.43586,2.93,1.50
2012.01.27 18:55:39.267,1.43553,1.43582,1.50,1.50
2012.01.27 18:55:39.880,1.4355,1.43582,2.25,1.50
2012.01.27 18:55:40.456,1.4355,1.43582,2.25,1.50
2012.01.27 18:55:41.001,1.4355,1.43579,2.25,1.50
2012.01.27 18:55:41.337,1.43548,1.43577,1.50,1.50
2012.01.27 18:55:41.607,1.43549,1.43577,1.50,1.50
2012.01.27 18:55:41.881,1.43548,1.43582,3.19,1.50
2012.01.27 18:55:43.023,1.43549,1.43582,1.50,1.50
2012.01.27 18:55:43.100,1.43553,1.43584,1.50,1.40
2012.01.27 18:55:43.606,1.43553,1.43585,1.50,2.15
2012.01.27 18:55:47.090,1.43552,1.43585,2.18,2.90
2012.01.27 18:55:47.233,1.43552,1.43585,2.18,2.90
2012.01.27 18:55:47.308,1.43561,1.43585,1.43,2.90
2012.01.27 18:55:47.523,1.43561,1.4359,2.18,2.15
2012.01.27 18:55:47.670,1.43558,1.43589,2.25,1.03
2012.01.27 18:55:48.146,1.43555,1.43585,1.50,1.50
2012.01.27 18:55:48.217,1.43553,1.43585,1.50,1.50
2012.01.27 18:55:48.758,1.43553,1.43585,1.50,1.50
2012.01.27 18:55:50.265,1.43553,1.43585,1.50,1.50
2012.01.27 18:55:51.611,1.43553,1.43585,1.50,1.50
2012.01.27 18:55:51.696,1.43555,1.43589,1.50,3.28
2012.01.27 18:55:51.919,1.4356,1.43591,1.50,2.15
2012.01.27 18:55:51.992,1.4356,1.43591,1.50,2.15
2012.01.27 18:55:52.773,1.4356,1.43592,2.25,2.15
2012.01.27 18:55:52.863,1.4356,1.43594,2.25,2.25
2012.01.27 18:55:52.942,1.4356,1.43594,2.25,2.25
2012.01.27 18:55:53.227,1.43557,1.43591,2.25,1.50
2012.01.27 18:55:54.201,1.4356,1.43592,1.50,1.50
2012.01.27 18:55:54.996,1.4356,1.43594,1.50,3.00
2012.01.27 18:55:55.778,1.4356,1.43593,1.50,1.50
2012.01.27 18:55:56.215,1.4356,1.43594,1.50,2.25
2012.01.27 18:55:56.290,1.43564,1.43595,1.50,1.50
2012.01.27 18:55:56.359,1.43564,1.43597,1.50,1.78
2012.01.27 18:55:57.026,1.43562,1.43593,2.25,1.50
2012.01.27 18:55:58.106,1.43561,1.43593,1.50,1.50
2012.01.27 18:56:00.496,1.43558,1.43588,3.38,1.50
2012.01.27 18:56:01.105,1.43558,1.43588,1.88,1.50
2012.01.27 18:56:03.208,1.43561,1.4359,1.50,1.50
2012.01.27 18:56:03.276,1.43561,1.43593,1.50,2.25
2012.01.27 18:56:05.065,1.43561,1.43593,2.25,1.50
2012.01.27 18:56:05.136,1.43564,1.43595,1.50,1.50
2012.01.27 18:56:05.209,1.43564,1.43597,1.50,1.40
2012.01.27 18:56:05.475,1.43565,1.43598,2.18,1.50
2012.01.27 18:56:07.087,1.43568,1.436,3.68,3.00
2012.01.27 18:56:07.608,1.43568,1.436,3.68,1.50
2012.01.27 18:56:07.749,1.43568,1.436,4.43,1.50
2012.01.27 18:56:08.055,1.43579,1.4361,1.50,2.25
2012.01.27 18:56:08.271,1.43578,1.4361,1.50,2.25
2012.01.27 18:56:08.481,1.43578,1.43607,1.50,1.50
2012.01.27 18:56:09.256,1.43578,1.43606,1.50,1.50
2012.01.27 18:56:09.575,1.43576,1.43601,1.43,1.50
2012.01.27 18:56:10.479,1.43573,1.43601,2.93,1.50
2012.01.27 18:56:10.881,1.43573,1.43597,2.93,1.50
2012.01.27 18:56:10.959,1.43573,1.43597,2.18,1.50
2012.01.27 18:56:11.169,1.43565,1.43597,3.00,1.50
2012.01.27 18:56:11.746,1.43566,1.43597,1.50,1.50
2012.01.27 18:56:15.525,1.43565,1.43597,3.00,1.50
2012.01.27 18:56:16.115,1.43565,1.43597,2.25,1.50
2012.01.27 18:56:16.625,1.43565,1.43597,3.00,1.50
2012.01.27 18:56:18.115,1.43565,1.43597,1.50,1.50
2012.01.27 18:56:18.190,1.43567,1.43601,2.25,1.50
2012.01.27 18:56:18.718,1.43568,1.43601,1.43,1.50
2012.01.27 18:56:19.026,1.43568,1.43601,2.18,1.50
2012.01.27 18:56:19.590,1.43571,1.43601,1.43,1.50
2012.01.27 18:56:20.105,1.43572,1.43601,1.43,1.50
2012.01.27 18:56:20.515,1.43569,1.43601,2.18,1.50
2012.01.27 18:56:21.073,1.43569,1.43601,1.43,1.50
2012.01.27 18:56:22.184,1.43573,1.43601,1.43,1.50
2012.01.27 18:56:22.714,1.4357,1.43601,2.18,1.50
2012.01.27 18:56:25.936,1.43568,1.43601,2.18,1.50
2012.01.27 18:56:28.435,1.43571,1.43601,2.18,1.50
2012.01.27 18:56:31.342,1.43567,1.43601,3.68,1.50
2012.01.27 18:56:35.894,1.43568,1.43601,2.18,1.50
2012.01.27 18:56:37.057,1.4357,1.43601,2.18,1.50
2012.01.27 18:56:37.303,1.43567,1.43601,4.43,1.50
2012.01.27 18:56:40.349,1.43569,1.43601,1.43,1.50
2012.01.27 18:56:41.474,1.43569,1.43597,1.43,1.50
2012.01.27 18:56:41.548,1.43567,1.43597,1.43,1.50
2012.01.27 18:56:42.106,1.43568,1.43597,1.43,1.50
2012.01.27 18:56:42.603,1.43565,1.43597,4.43,1.50
2012.01.27 18:56:43.064,1.43568,1.43597,1.43,2.15
2012.01.27 18:56:43.486,1.43568,1.43587,1.43,1.50
2012.01.27 18:56:43.560,1.43556,1.43587,1.69,1.88
2012.01.27 18:56:43.636,1.43553,1.43587,4.62,1.88
2012.01.27 18:56:43.706,1.43553,1.43587,4.62,2.53
2012.01.27 18:56:43.905,1.43554,1.43587,2.37,1.50
2012.01.27 18:56:44.040,1.43557,1.43591,2.93,2.15
2012.01.27 18:56:44.486,1.43557,1.43591,3.68,2.15
2012.01.27 18:56:45.327,1.43561,1.43593,1.50,3.65
2012.01.27 18:56:45.881,1.43561,1.43593,1.50,2.15
2012.01.27 18:56:50.633,1.43561,1.43593,1.50,2.15
2012.01.27 18:56:51.313,1.43559,1.4359,2.18,2.15
2012.01.27 18:56:53.856,1.4356,1.4359,1.43,1.50
2012.01.27 18:56:54.179,1.4356,1.43593,2.25,1.40
2012.01.27 18:56:54.401,1.4356,1.43594,2.25,2.15
2012.01.27 18:56:54.946,1.4356,1.43594,2.25,2.15
2012.01.27 18:56:55.910,1.43559,1.43589,3.68,1.50
2012.01.27 18:57:01.212,1.43556,1.43586,2.18,1.50
2012.01.27 18:57:01.900,1.43556,1.43586,2.18,1.50
2012.01.27 18:57:05.424,1.43559,1.43588,2.18,1.50
2012.01.27 18:57:06.181,1.43561,1.43593,1.50,2.15
2012.01.27 18:57:06.268,1.43563,1.43593,1.43,1.50
2012.01.27 18:57:10.738,1.43564,1.43593,1.43,1.50
2012.01.27 18:57:13.278,1.43563,1.43593,2.93,1.50
2012.01.27 18:57:18.274,1.43564,1.43593,1.43,1.50
2012.01.27 18:57:19.208,1.43564,1.43593,1.80,1.50
2012.01.27 18:57:19.486,1.43563,1.43595,2.63,1.50
2012.01.27 18:57:19.616,1.43562,1.43592,1.50,1.50
2012.01.27 18:57:19.805,1.43563,1.43596,2.93,1.50
2012.01.27 18:57:21.936,1.43563,1.43596,2.44,1.50
2012.01.27 18:57:22.146,1.4357,1.436,1.43,2.15
2012.01.27 18:57:22.870,1.43569,1.43596,2.18,1.50
2012.01.27 18:57:24.976,1.4357,1.436,2.18,2.15
2012.01.27 18:57:25.524,1.4357,1.436,2.18,2.15
2012.01.27 18:57:27.817,1.4357,1.436,2.18,1.50
2012.01.27 18:57:28.479,1.43566,1.436,1.69,2.25
2012.01.27 18:57:28.573,1.43562,1.43595,1.69,1.50
2012.01.27 18:57:29.065,1.43562,1.43592,1.50,1.50
2012.01.27 18:57:29.539,1.43558,1.43591,1.50,1.50
2012.01.27 18:57:30.457,1.43556,1.43586,1.50,1.50
2012.01.27 18:57:31.209,1.43556,1.43586,1.50,1.50
2012.01.27 18:57:31.562,1.43545,1.43577,3.19,1.50
2012.01.27 18:57:31.644,1.43545,1.43577,3.19,1.50
2012.01.27 18:57:31.726,1.43547,1.43577,1.13,1.50
2012.01.27 18:57:32.470,1.43556,1.43577,1.43,1.50
2012.01.27 18:57:32.708,1.43553,1.43587,2.25,1.50
2012.01.27 18:57:32.985,1.43554,1.43587,2.18,1.50
2012.01.27 18:57:33.187,1.43554,1.43587,2.18,1.50
2012.01.27 18:57:33.388,1.43553,1.43583,2.18,1.50
2012.01.27 18:57:34.102,1.43553,1.43583,1.43,1.50
2012.01.27 18:57:35.498,1.43554,1.43584,1.50,1.50
2012.01.27 18:57:35.566,1.43554,1.43586,1.50,1.50
2012.01.27 18:57:40.269,1.43554,1.43585,1.50,1.50
2012.01.27 18:57:40.341,1.43553,1.43582,2.18,1.50
2012.01.27 18:57:41.357,1.43553,1.43582,1.50,1.50
2012.01.27 18:57:41.886,1.43554,1.43586,2.25,1.50
2012.01.27 18:57:42.031,1.43554,1.43586,2.25,1.50
2012.01.27 18:57:42.371,1.43557,1.43586,1.50,1.50
2012.01.27 18:57:44.158,1.43557,1.43589,3.00,1.50
2012.01.27 18:57:44.229,1.43558,1.43591,1.50,1.50
2012.01.27 18:57:45.179,1.43558,1.43586,1.50,1.50
2012.01.27 18:57:45.997,1.43558,1.43591,1.50,1.50
2012.01.27 18:57:46.065,1.43557,1.43591,3.00,1.50
2012.01.27 18:57:46.688,1.43558,1.43591,1.50,1.50
2012.01.27 18:57:48.861,1.43558,1.4359,2.25,1.50
2012.01.27 18:57:51.003,1.43561,1.43593,1.50,1.50
2012.01.27 18:57:51.734,1.43561,1.43593,2.18,1.50
2012.01.27 18:57:53.305,1.43561,1.43592,2.18,1.50
2012.01.27 18:57:53.654,1.43558,1.4359,2.18,2.15
2012.01.27 18:57:54.655,1.43558,1.4359,2.18,2.15
2012.01.27 18:57:56.447,1.43558,1.4359,2.18,2.15
2012.01.27 18:57:57.867,1.43557,1.43591,2.25,2.15
2012.01.27 18:57:58.065,1.43557,1.4359,1.50,1.03
2012.01.27 18:58:00.400,1.43557,1.43591,2.25,2.90
2012.01.27 18:58:01.082,1.43561,1.43593,2.25,1.50
2012.01.27 18:58:01.162,1.43561,1.43593,2.25,1.50
2012.01.27 18:58:02.595,1.43563,1.43593,1.50,1.50
2012.01.27 18:58:02.666,1.43564,1.43598,2.25,2.15
2012.01.27 18:58:06.053,1.43566,1.43598,1.50,1.50
2012.01.27 18:58:06.131,1.43571,1.436,1.50,1.40
2012.01.27 18:58:06.207,1.43569,1.43601,1.50,3.00
2012.01.27 18:58:06.415,1.43567,1.43601,2.25,2.25
2012.01.27 18:58:06.558,1.43567,1.436,1.50,1.78
2012.01.27 18:58:06.766,1.43564,1.43598,1.50,2.90
2012.01.27 18:58:07.436,1.43564,1.43598,1.50,3.28
2012.01.27 18:58:11.907,1.43564,1.43598,2.25,2.53
2012.01.27 18:58:12.748,1.43564,1.43597,1.50,1.03
2012.01.27 18:58:13.323,1.43564,1.43597,1.50,1.03
2012.01.27 18:58:13.988,1.43564,1.43597,1.50,1.03
2012.01.27 18:58:15.154,1.43564,1.43597,1.50,1.03
2012.01.27 18:58:17.145,1.43561,1.43593,2.25,1.50
2012.01.27 18:58:19.397,1.43561,1.43593,2.25,1.50
2012.01.27 18:58:19.977,1.43559,1.43591,2.25,1.50
2012.01.27 18:58:21.055,1.4356,1.43594,1.50,3.28
2012.01.27 18:58:21.542,1.4356,1.43593,1.50,1.03
2012.01.27 18:58:22.436,1.4356,1.43593,1.50,1.03
2012.01.27 18:58:22.954,1.43559,1.4359,2.18,2.15
2012.01.27 18:58:25.235,1.43559,1.4359,2.18,2.15
2012.01.27 18:58:25.913,1.43559,1.4359,2.18,2.15
2012.01.27 18:58:26.604,1.43558,1.4359,2.25,1.50
2012.01.27 18:58:27.044,1.43558,1.4359,2.25,1.50
2012.01.27 18:58:27.234,1.43558,1.4359,2.25,1.50
2012.01.27 18:58:28.424,1.4356,1.43592,2.25,2.15
2012.01.27 18:58:28.899,1.4356,1.43594,2.25,2.15
2012.01.27 18:58:30.367,1.4356,1.43594,2.25,2.15
2012.01.27 18:58:33.961,1.4356,1.43594,2.44,1.50
2012.01.27 18:58:34.108,1.4356,1.43594,2.44,1.50
2012.01.27 18:58:35.684,1.43565,1.43597,2.25,2.15
2012.01.27 18:58:36.246,1.43565,1.43597,2.25,2.15
2012.01.27 18:58:37.434,1.43565,1.43597,2.25,2.15
2012.01.27 18:58:39.310,1.43565,1.43597,2.25,2.15
2012.01.27 18:58:40.324,1.43565,1.43597,2.25,2.15
2012.01.27 18:58:42.174,1.43561,1.43593,2.25,2.15
2012.01.27 18:58:42.306,1.43558,1.4359,2.44,1.50
2012.01.27 18:58:42.375,1.43558,1.4359,2.44,1.50
2012.01.27 18:58:48.353,1.43561,1.43595,2.25,2.90
2012.01.27 18:58:48.917,1.43561,1.43595,2.44,1.50
2012.01.27 18:58:49.328,1.43562,1.43595,2.18,1.50
2012.01.27 18:58:53.776,1.43562,1.43595,2.37,1.50
2012.01.27 18:58:53.984,1.43566,1.43598,2.25,2.53
2012.01.27 18:58:57.755,1.43566,1.43598,2.25,1.88
2012.01.27 18:59:03.629,1.43566,1.43598,2.44,1.50
2012.01.27 18:59:05.391,1.43566,1.43598,2.25,1.50
2012.01.27 18:59:07.505,1.43566,1.43598,2.25,1.88
2012.01.27 18:59:07.774,1.43566,1.43595,1.50,1.50
2012.01.27 18:59:07.846,1.43561,1.43593,2.44,1.50
2012.01.27 18:59:09.083,1.43561,1.43593,2.25,1.50
2012.01.27 18:59:09.169,1.43561,1.43593,1.50,2.25
2012.01.27 18:59:09.978,1.43543,1.43573,1.50,1.50
2012.01.27 18:59:10.056,1.43547,1.43574,1.43,1.50
2012.01.27 18:59:10.199,1.4355,1.43574,1.43,1.50
2012.01.27 18:59:10.478,1.4355,1.43576,1.43,1.50
2012.01.27 18:59:10.758,1.4355,1.43581,1.43,1.50
2012.01.27 18:59:14.994,1.43552,1.43581,1.43,1.50
2012.01.27 18:59:21.628,1.43552,1.43576,1.43,1.50
2012.01.27 18:59:22.406,1.43548,1.43576,2.93,1.50
2012.01.27 18:59:24.755,1.43548,1.43576,1.43,1.50
2012.01.27 18:59:27.779,1.43546,1.43573,2.18,1.50
2012.01.27 18:59:29.326,1.43544,1.43573,1.13,1.50
2012.01.27 18:59:29.396,1.43541,1.43573,1.88,1.50
2012.01.27 18:59:29.470,1.43541,1.43573,1.50,2.25
2012.01.27 18:59:29.547,1.43538,1.43569,2.18,1.50
2012.01.27 18:59:30.070,1.43538,1.43569,2.18,1.50
2012.01.27 18:59:30.677,1.43538,1.43569,2.18,2.25
2012.01.27 18:59:30.957,1.43537,1.43569,1.50,2.25
2012.01.27 18:59:31.235,1.43537,1.43569,3.68,1.50
2012.01.27 18:59:31.425,1.43537,1.43569,3.68,1.50
2012.01.27 18:59:32.172,1.43542,1.43573,2.93,1.50
2012.01.27 18:59:34.177,1.43542,1.4357,1.50,1.50
2012.01.27 18:59:34.817,1.43541,1.4357,1.50,1.50
2012.01.27 18:59:35.100,1.43538,1.4357,1.43,2.25
2012.01.27 18:59:35.794,1.43536,1.43568,2.25,2.25
2012.01.27 18:59:36.325,1.43538,1.43568,2.18,1.50
2012.01.27 18:59:42.756,1.43538,1.43568,2.18,1.50
2012.01.27 18:59:43.071,1.43541,1.43568,1.43,1.50
2012.01.27 18:59:43.149,1.43541,1.43573,1.43,2.25
2012.01.27 18:59:43.219,1.43545,1.43574,2.18,1.50
2012.01.27 18:59:43.433,1.43543,1.43577,3.68,2.25
2012.01.27 18:59:43.508,1.43543,1.43577,3.68,1.50
2012.01.27 18:59:43.578,1.43543,1.43577,4.43,1.50
2012.01.27 18:59:43.932,1.43552,1.43577,1.43,1.50
2012.01.27 18:59:44.671,1.43552,1.43579,1.43,1.50
2012.01.27 18:59:45.180,1.43552,1.4358,1.43,1.50
2012.01.27 18:59:46.945,1.43552,1.43578,1.43,1.50
2012.01.27 18:59:47.623,1.43552,1.43575,1.43,1.50
2012.01.27 18:59:47.717,1.43545,1.43575,2.18,1.50
2012.01.27 18:59:48.807,1.43545,1.43575,2.18,1.50
2012.01.27 18:59:49.931,1.43545,1.43571,1.43,1.50
2012.01.27 18:59:50.277,1.4354,1.43569,2.18,1.50
2012.01.27 18:59:50.861,1.43539,1.43571,2.63,2.25
2012.01.27 18:59:50.937,1.43543,1.43571,1.50,1.50
2012.01.27 18:59:51.328,1.43541,1.43569,1.50,1.50
2012.01.27 18:59:51.878,1.43539,1.43568,1.88,1.50
2012.01.27 18:59:52.385,1.43539,1.43568,1.88,1.50
2012.01.27 18:59:52.537,1.43539,1.43571,3.38,1.50
2012.01.27 18:59:52.755,1.43544,1.43576,2.18,2.25
2012.01.27 18:59:53.692,1.43542,1.43575,2.25,1.13
2012.01.27 18:59:53.768,1.43541,1.43572,1.50,1.50
2012.01.27 18:59:54.207,1.43545,1.43575,1.43,1.50
2012.01.27 18:59:55.436,1.43545,1.43575,2.18,1.50
2012.01.27 18:59:56.009,1.43545,1.43575,1.43,1.50
2012.01.27 18:59:56.657,1.43543,1.43575,4.43,1.50
