2008.04.07 10:00:00.152,2.0132,2.0138,0.40,0.10
2008.04.07 10:00:00.392,2.0132,2.0138,0.40,0.10
2008.04.07 10:00:00.630,2.0132,2.0138,0.40,0.10
2008.04.07 10:00:00.889,2.0132,2.0138,0.40,0.10
2008.04.07 10:00:01.160,2.0132,2.0138,0.40,0.10
2008.04.07 10:00:01.430,2.0132,2.0138,0.40,0.10
2008.04.07 10:00:01.700,2.0132,2.0138,0.40,0.10
2008.04.07 10:00:01.972,2.0132,2.01385,0.40,1.60
2008.04.07 10:00:02.270,2.01325,2.014,3.20,0.10
2008.04.07 10:00:02.603,2.0135,2.01395,0.40,1.60
2008.04.07 10:00:02.899,2.0136,2.01405,0.40,1.60
2008.04.07 10:00:03.196,2.0136,2.01405,0.40,1.60
2008.04.07 10:00:03.533,2.0136,2.01395,0.40,1.60
2008.04.07 10:00:03.906,2.0136,2.01395,0.40,1.60
2008.04.07 10:00:04.240,2.0136,2.01395,0.40,1.60
2008.04.07 10:00:04.576,2.0136,2.01405,0.40,1.60
2008.04.07 10:00:04.910,2.0136,2.01405,0.40,1.60
2008.04.07 10:00:05.244,2.0136,2.01405,0.40,1.60
2008.04.07 10:00:05.499,2.0136,2.01405,0.40,1.60
2008.04.07 10:00:05.721,2.0136,2.01405,0.40,1.60
2008.04.07 10:00:05.938,2.0136,2.01405,0.40,1.60
2008.04.07 10:00:06.157,2.0136,2.01415,0.40,1.60
2008.04.07 10:00:06.458,2.0137,2.01415,0.40,7.60
2008.04.07 10:00:06.758,2.0135,2.01405,0.40,5.60
2008.04.07 10:00:07.058,2.0135,2.01405,0.40,8.00
2008.04.07 10:00:07.320,2.0135,2.01395,0.40,4.00
2008.04.07 10:00:07.598,2.0133,2.01365,0.40,1.60
2008.04.07 10:00:07.858,2.0133,2.0136,0.40,0.10
2008.04.07 10:00:08.118,2.0132,2.01365,0.80,1.60
2008.04.07 10:00:08.453,2.0132,2.0138,0.80,0.10
2008.04.07 10:00:08.794,2.01315,2.0138,1.60,0.10
2008.04.07 10:00:09.130,2.01315,2.0138,4.00,0.10
2008.04.07 10:00:09.465,2.01325,2.01395,1.60,1.60
2008.04.07 10:00:09.800,2.01325,2.01395,1.60,1.60
2008.04.07 10:00:10.135,2.01325,2.01395,1.60,1.60
2008.04.07 10:00:10.368,2.01325,2.01395,1.60,1.60
2008.04.07 10:00:10.603,2.01325,2.01395,1.60,1.60
2008.04.07 10:00:10.837,2.01325,2.01395,1.60,1.60
2008.04.07 10:00:11.070,2.01325,2.01395,1.60,1.60
2008.04.07 10:00:11.361,2.01325,2.01395,4.00,1.60
2008.04.07 10:00:11.691,2.01325,2.01395,4.00,4.00
2008.04.07 10:00:11.949,2.01325,2.01395,4.00,4.00
2008.04.07 10:00:12.240,2.01325,2.01385,2.40,4.00
2008.04.07 10:00:12.530,2.01325,2.01385,0.80,4.00
2008.04.07 10:00:12.821,2.01325,2.01375,0.80,1.60
2008.04.07 10:00:13.110,2.01315,2.0137,2.40,0.10
2008.04.07 10:00:13.484,2.01315,2.01365,0.80,1.60
2008.04.07 10:00:13.818,2.01315,2.01365,0.80,1.60
2008.04.07 10:00:14.152,2.01315,2.01365,0.80,1.60
2008.04.07 10:00:14.489,2.0131,2.01365,0.40,1.60
2008.04.07 10:00:14.823,2.0131,2.01355,0.40,1.60
2008.04.07 10:00:15.158,2.0131,2.01355,0.40,1.60
2008.04.07 10:00:15.407,2.013,2.01355,0.40,1.60
2008.04.07 10:00:15.634,2.013,2.01355,0.40,1.60
2008.04.07 10:00:15.859,2.013,2.01355,0.40,1.60
2008.04.07 10:00:16.083,2.013,2.01355,0.40,1.60
2008.04.07 10:00:16.405,2.0131,2.01355,0.40,1.60
2008.04.07 10:00:16.723,2.0131,2.01355,0.40,1.60
2008.04.07 10:00:17.042,2.0131,2.01355,0.40,1.60
2008.04.07 10:00:17.363,2.0131,2.01355,0.40,1.60
2008.04.07 10:00:17.618,2.0131,2.01355,0.40,1.60
2008.04.07 10:00:17.872,2.0131,2.01355,0.40,1.60
2008.04.07 10:00:18.128,2.0131,2.0136,0.40,0.10
2008.04.07 10:00:18.503,2.0131,2.01355,0.40,0.30
2008.04.07 10:00:18.836,2.0131,2.01355,0.40,0.30
2008.04.07 10:00:19.172,2.013,2.01355,0.40,0.30
2008.04.07 10:00:19.506,2.013,2.01355,0.40,0.30
2008.04.07 10:00:19.841,2.013,2.01345,0.40,0.30
2008.04.07 10:00:20.176,2.013,2.01355,0.40,1.80
2008.04.07 10:00:20.407,2.013,2.01355,0.40,1.80
2008.04.07 10:00:20.637,2.013,2.0135,0.40,0.30
2008.04.07 10:00:20.866,2.013,2.0135,0.40,0.30
2008.04.07 10:00:21.095,2.013,2.01355,0.40,1.60
2008.04.07 10:00:21.325,2.013,2.0135,0.40,0.30
2008.04.07 10:00:21.625,2.013,2.0135,0.40,0.30
2008.04.07 10:00:21.924,2.013,2.0135,0.40,0.30
2008.04.07 10:00:22.262,2.013,2.0135,0.40,0.30
2008.04.07 10:00:22.560,2.013,2.0135,0.40,0.30
2008.04.07 10:00:22.894,2.013,2.0135,0.40,0.30
2008.04.07 10:00:23.229,2.013,2.0135,0.40,0.30
2008.04.07 10:00:23.602,2.013,2.01355,0.40,1.60
2008.04.07 10:00:23.816,2.013,2.0135,0.40,0.30
2008.04.07 10:00:24.032,2.013,2.0135,0.40,0.30
2008.04.07 10:00:24.246,2.013,2.01355,0.40,1.80
2008.04.07 10:00:24.460,2.013,2.01355,0.40,1.80
2008.04.07 10:00:24.796,2.0131,2.01355,0.40,1.80
2008.04.07 10:00:25.129,2.0131,2.0135,0.40,0.30
2008.04.07 10:00:25.465,2.0131,2.01345,0.40,0.30
2008.04.07 10:00:25.702,2.0131,2.0134,0.40,0.30
2008.04.07 10:00:25.938,2.0131,2.01345,0.40,1.60
2008.04.07 10:00:26.212,2.013,2.0134,0.40,0.30
2008.04.07 10:00:26.446,2.013,2.0134,0.40,0.30
2008.04.07 10:00:26.750,2.013,2.01335,0.40,0.30
2008.04.07 10:00:27.055,2.0129,2.01335,0.40,0.30
2008.04.07 10:00:27.399,2.0127,2.0131,1.10,0.30
2008.04.07 10:00:27.703,2.0127,2.0132,0.40,0.30
2008.04.07 10:00:28.037,2.0127,2.0132,0.40,0.30
2008.04.07 10:00:28.372,2.0127,2.0133,0.40,0.30
2008.04.07 10:00:28.730,2.0127,2.0133,0.40,0.30
2008.04.07 10:00:28.976,2.0127,2.0133,0.40,0.30
2008.04.07 10:00:29.257,2.0127,2.0133,0.40,0.30
2008.04.07 10:00:29.504,2.0127,2.0133,0.40,0.30
2008.04.07 10:00:29.837,2.0127,2.0133,0.40,0.30
2008.04.07 10:00:30.172,2.0127,2.0133,0.40,0.30
2008.04.07 10:00:30.506,2.0127,2.0133,0.40,0.40
2008.04.07 10:00:30.741,2.01275,2.0133,2.40,0.10
2008.04.07 10:00:30.975,2.01275,2.01325,2.40,0.30
2008.04.07 10:00:31.211,2.01275,2.0133,2.40,0.10
2008.04.07 10:00:31.444,2.01275,2.0133,2.40,0.10
2008.04.07 10:00:31.680,2.01275,2.01325,2.40,0.30
2008.04.07 10:00:31.992,2.01275,2.01325,2.40,0.30
2008.04.07 10:00:32.302,2.01275,2.01325,2.40,0.30
2008.04.07 10:00:32.616,2.01275,2.01325,2.40,0.30
2008.04.07 10:00:32.950,2.01275,2.01325,2.40,0.30
2008.04.07 10:00:33.285,2.01275,2.01325,1.60,0.30
2008.04.07 10:00:33.620,2.0127,2.01325,0.40,0.30
2008.04.07 10:00:33.955,2.0127,2.01325,0.40,0.30
2008.04.07 10:00:34.289,2.0127,2.01325,0.40,0.30
2008.04.07 10:00:34.660,2.0127,2.01325,0.40,0.30
2008.04.07 10:00:34.924,2.0127,2.01325,0.40,0.30
2008.04.07 10:00:35.182,2.0127,2.01325,0.40,0.30
2008.04.07 10:00:35.443,2.0127,2.01325,0.40,0.30
2008.04.07 10:00:35.667,2.0127,2.01325,0.40,0.30
2008.04.07 10:00:35.935,2.0127,2.0132,0.40,0.30
2008.04.07 10:00:36.204,2.0127,2.0132,0.40,0.30
2008.04.07 10:00:36.501,2.0127,2.0132,0.40,0.30
2008.04.07 10:00:36.773,2.0127,2.0132,1.10,0.30
2008.04.07 10:00:37.062,2.0127,2.0131,0.80,0.30
2008.04.07 10:00:37.352,2.01255,2.0132,5.60,0.40
2008.04.07 10:00:37.641,2.01255,2.0132,5.60,0.40
2008.04.07 10:00:37.931,2.0126,2.0132,0.10,0.10
2008.04.07 10:00:38.265,2.01255,2.0131,4.00,0.30
2008.04.07 10:00:38.599,2.01255,2.0131,4.00,0.30
2008.04.07 10:00:38.934,2.01265,2.0132,1.60,0.40
2008.04.07 10:00:39.302,2.01265,2.0132,1.60,0.10
2008.04.07 10:00:39.640,2.0126,2.0131,0.80,0.30
2008.04.07 10:00:39.973,2.01255,2.0131,1.60,0.30
2008.04.07 10:00:40.207,2.01255,2.013,1.60,0.30
2008.04.07 10:00:40.441,2.01255,2.013,2.40,0.30
2008.04.07 10:00:40.676,2.01255,2.013,2.40,0.30
2008.04.07 10:00:40.913,2.0125,2.013,0.40,0.40
2008.04.07 10:00:41.207,2.0125,2.013,0.40,0.40
2008.04.07 10:00:41.501,2.0125,2.013,0.40,0.40
2008.04.07 10:00:41.797,2.0125,2.013,0.40,0.10
2008.04.07 10:00:42.066,2.0125,2.013,0.40,0.10
2008.04.07 10:00:42.345,2.0125,2.013,0.40,0.10
2008.04.07 10:00:42.651,2.0125,2.013,0.40,0.10
2008.04.07 10:00:42.922,2.0125,2.01295,0.40,0.30
2008.04.07 10:00:43.220,2.0125,2.01295,0.40,0.30
2008.04.07 10:00:43.591,2.0125,2.01295,0.40,2.60
2008.04.07 10:00:43.926,2.01245,2.01275,1.60,2.40
2008.04.07 10:00:44.263,2.0124,2.01275,0.40,2.60
2008.04.07 10:00:44.597,2.0124,2.01275,0.40,2.60
2008.04.07 10:00:44.933,2.0124,2.0128,0.40,0.10
2008.04.07 10:00:45.157,2.0124,2.0128,0.40,0.10
2008.04.07 10:00:45.382,2.0124,2.0128,0.40,0.10
2008.04.07 10:00:45.606,2.0124,2.0128,0.40,0.10
2008.04.07 10:00:45.831,2.0124,2.0128,0.40,0.10
2008.04.07 10:00:46.140,2.0124,2.0128,0.40,0.10
2008.04.07 10:00:46.449,2.0124,2.0128,0.40,0.10
2008.04.07 10:00:46.759,2.0124,2.0128,0.40,0.10
2008.04.07 10:00:47.069,2.0124,2.0128,0.40,0.10
2008.04.07 10:00:47.388,2.0124,2.0128,0.40,0.40
2008.04.07 10:00:47.666,2.0124,2.0128,0.40,0.40
2008.04.07 10:00:47.947,2.0124,2.0128,0.40,0.40
2008.04.07 10:00:48.282,2.0124,2.0128,0.40,0.40
2008.04.07 10:00:48.616,2.0124,2.0128,0.40,0.40
2008.04.07 10:00:48.958,2.0124,2.0128,0.40,0.40
2008.04.07 10:00:49.299,2.0124,2.0128,0.40,0.10
2008.04.07 10:00:49.630,2.0124,2.0128,0.40,0.10
2008.04.07 10:00:49.965,2.0124,2.0128,0.40,0.10
2008.04.07 10:00:50.219,2.0124,2.0128,0.40,0.10
2008.04.07 10:00:50.446,2.0124,2.0128,0.40,0.10
2008.04.07 10:00:50.707,2.0124,2.0128,0.40,0.10
2008.04.07 10:00:50.962,2.0124,2.0128,0.40,0.10
2008.04.07 10:00:51.229,2.0124,2.0128,0.40,0.10
2008.04.07 10:00:51.569,2.0124,2.0128,0.40,0.10
2008.04.07 10:00:51.872,2.0124,2.0128,0.40,0.10
2008.04.07 10:00:52.178,2.0124,2.0128,0.40,0.10
2008.04.07 10:00:52.413,2.0124,2.0128,0.40,0.10
2008.04.07 10:00:52.648,2.0124,2.0128,0.40,0.10
2008.04.07 10:00:52.881,2.0124,2.0128,0.40,0.10
2008.04.07 10:00:53.116,2.0124,2.0128,0.40,0.10
2008.04.07 10:00:53.451,2.0126,2.013,0.40,0.30
2008.04.07 10:00:53.786,2.0126,2.013,0.40,0.30
2008.04.07 10:00:54.121,2.0126,2.013,0.40,0.30
2008.04.07 10:00:54.455,2.0126,2.013,0.40,0.30
2008.04.07 10:00:54.790,2.0126,2.013,0.40,0.30
2008.04.07 10:00:55.164,2.0126,2.01305,0.40,2.40
2008.04.07 10:00:55.393,2.0126,2.01305,0.40,2.40
2008.04.07 10:00:55.620,2.0128,2.01305,0.40,2.40
2008.04.07 10:00:55.849,2.0125,2.01305,0.40,2.60
2008.04.07 10:00:56.072,2.0125,2.01305,0.40,2.60
2008.04.07 10:00:56.404,2.0125,2.01305,0.40,4.20
2008.04.07 10:00:56.739,2.0125,2.01305,0.40,2.40
2008.04.07 10:00:57.068,2.0125,2.01305,0.40,2.40
2008.04.07 10:00:57.307,2.0125,2.01305,0.40,2.60
2008.04.07 10:00:57.547,2.0125,2.01305,0.40,2.60
2008.04.07 10:00:57.785,2.0125,2.01305,0.40,2.40
2008.04.07 10:00:58.024,2.0125,2.01305,0.40,2.40
2008.04.07 10:00:58.263,2.0125,2.01305,0.40,2.40
2008.04.07 10:00:58.614,2.0125,2.01295,0.40,2.40
2008.04.07 10:00:58.948,2.0125,2.01295,0.50,2.40
2008.04.07 10:00:59.282,2.0125,2.01295,0.40,2.40
2008.04.07 10:00:59.616,2.0125,2.01295,0.40,2.40
2008.04.07 10:00:59.950,2.0125,2.01295,0.40,2.40
2008.04.07 10:01:00.287,2.0125,2.01295,0.40,2.40
2008.04.07 10:01:00.516,2.0125,2.01295,0.40,2.40
2008.04.07 10:01:00.744,2.0125,2.01295,0.40,2.40
2008.04.07 10:01:00.974,2.0125,2.013,0.40,0.30
2008.04.07 10:01:01.205,2.0125,2.013,0.40,0.30
2008.04.07 10:01:01.508,2.0125,2.013,0.40,0.30
2008.04.07 10:01:01.812,2.0125,2.013,0.40,0.30
2008.04.07 10:01:02.116,2.0125,2.013,0.40,0.30
2008.04.07 10:01:02.420,2.0125,2.013,0.40,0.30
2008.04.07 10:01:02.704,2.0125,2.013,0.40,0.30
2008.04.07 10:01:02.987,2.0125,2.013,0.40,0.30
2008.04.07 10:01:03.270,2.0125,2.013,0.40,0.30
2008.04.07 10:01:03.605,2.0125,2.013,0.40,0.30
2008.04.07 10:01:03.940,2.0125,2.013,0.40,0.30
2008.04.07 10:01:04.273,2.0125,2.013,0.40,0.30
2008.04.07 10:01:04.607,2.0125,2.01305,0.40,2.40
2008.04.07 10:01:04.941,2.0125,2.01305,0.40,2.40
2008.04.07 10:01:05.277,2.0125,2.01305,0.40,2.40
2008.04.07 10:01:05.500,2.0125,2.01305,0.40,2.40
2008.04.07 10:01:05.723,2.0125,2.01305,0.40,2.40
2008.04.07 10:01:05.969,2.0125,2.01305,0.40,2.40
2008.04.07 10:01:06.272,2.0125,2.01305,0.40,2.40
2008.04.07 10:01:06.572,2.0125,2.01305,0.40,2.40
2008.04.07 10:01:06.875,2.0125,2.01305,0.40,2.40
2008.04.07 10:01:07.215,2.0125,2.01305,0.40,2.40
2008.04.07 10:01:07.522,2.0125,2.0129,0.40,0.30
2008.04.07 10:01:07.778,2.01245,2.013,1.60,0.40
2008.04.07 10:01:08.038,2.0125,2.013,0.40,0.40
2008.04.07 10:01:08.330,2.0125,2.013,0.40,0.40
2008.04.07 10:01:08.667,2.0125,2.013,0.40,0.40
2008.04.07 10:01:08.998,2.0125,2.013,0.40,0.40
2008.04.07 10:01:09.365,2.0125,2.013,0.40,0.40
2008.04.07 10:01:09.720,2.0125,2.013,0.40,0.40
2008.04.07 10:01:10.067,2.0125,2.013,0.40,0.40
2008.04.07 10:01:10.412,2.0125,2.013,0.40,0.40
2008.04.07 10:01:10.672,2.0125,2.013,0.40,0.40
2008.04.07 10:01:10.933,2.0125,2.013,0.40,0.40
2008.04.07 10:01:11.197,2.0125,2.013,0.40,0.40
2008.04.07 10:01:11.424,2.0125,2.013,0.40,0.40
2008.04.07 10:01:11.732,2.0125,2.013,0.40,0.40
2008.04.07 10:01:12.041,2.0125,2.01295,0.40,0.30
2008.04.07 10:01:12.350,2.0125,2.01295,0.40,0.30
2008.04.07 10:01:12.659,2.0125,2.01295,0.40,0.30
2008.04.07 10:01:12.993,2.0125,2.01295,0.40,0.30
2008.04.07 10:01:13.328,2.0125,2.013,0.40,0.10
2008.04.07 10:01:13.662,2.0125,2.013,0.40,0.10
2008.04.07 10:01:13.897,2.0127,2.013,0.40,0.10
2008.04.07 10:01:14.131,2.0127,2.013,0.40,0.10
2008.04.07 10:01:14.366,2.0127,2.013,0.40,0.10
2008.04.07 10:01:14.600,2.0127,2.013,0.40,0.10
2008.04.07 10:01:14.974,2.0128,2.01305,0.40,2.40
2008.04.07 10:01:15.310,2.0128,2.01305,0.40,2.40
2008.04.07 10:01:15.645,2.0128,2.01305,0.40,2.40
2008.04.07 10:01:15.888,2.0128,2.01305,0.40,2.40
2008.04.07 10:01:16.133,2.0127,2.01305,0.40,2.40
2008.04.07 10:01:16.377,2.0127,2.01305,0.40,2.40
2008.04.07 10:01:16.621,2.0127,2.01305,0.40,2.40
2008.04.07 10:01:16.946,2.0127,2.01305,0.40,2.40
2008.04.07 10:01:17.271,2.0127,2.01305,0.40,2.40
2008.04.07 10:01:17.596,2.0127,2.01305,0.40,2.40
2008.04.07 10:01:17.931,2.0127,2.01305,0.40,2.40
2008.04.07 10:01:18.303,2.0127,2.01305,0.40,2.40
2008.04.07 10:01:18.638,2.0127,2.01305,0.40,2.40
2008.04.07 10:01:18.973,2.0127,2.01305,0.40,2.40
2008.04.07 10:01:19.306,2.0127,2.01305,0.40,2.40
2008.04.07 10:01:19.640,2.0127,2.013,0.40,0.30
2008.04.07 10:01:19.871,2.0127,2.013,0.40,0.30
2008.04.07 10:01:20.100,2.0127,2.0129,0.40,0.10
2008.04.07 10:01:20.357,2.0127,2.0129,0.40,0.10
2008.04.07 10:01:20.625,2.0127,2.0129,0.40,0.10
2008.04.07 10:01:20.925,2.0127,2.0129,0.40,0.10
2008.04.07 10:01:21.244,2.0127,2.0129,0.40,0.10
2008.04.07 10:01:21.538,2.0127,2.0129,0.40,0.10
2008.04.07 10:01:21.827,2.0127,2.0129,0.40,0.10
2008.04.07 10:01:22.169,2.0127,2.0129,0.40,0.10
2008.04.07 10:01:22.471,2.0127,2.0129,0.40,0.10
2008.04.07 10:01:22.816,2.0127,2.0129,0.40,0.10
2008.04.07 10:01:23.153,2.0127,2.0129,0.40,0.10
2008.04.07 10:01:23.505,2.0127,2.0129,0.40,0.10
2008.04.07 10:01:23.804,2.0127,2.0129,0.40,0.10
2008.04.07 10:01:24.142,2.0127,2.0129,0.40,0.10
2008.04.07 10:01:24.476,2.0127,2.0129,0.40,0.10
2008.04.07 10:01:24.811,2.0127,2.0129,0.40,0.10
2008.04.07 10:01:25.073,2.0127,2.0129,0.40,0.10
2008.04.07 10:01:25.336,2.0127,2.0129,0.40,0.10
2008.04.07 10:01:25.597,2.0127,2.0129,0.40,0.10
2008.04.07 10:01:25.822,2.0127,2.0129,0.40,0.10
2008.04.07 10:01:26.046,2.0127,2.0129,0.40,0.10
2008.04.07 10:01:26.325,2.0127,2.0129,0.40,0.10
2008.04.07 10:01:26.605,2.0127,2.0129,0.40,0.10
2008.04.07 10:01:26.885,2.0127,2.0129,0.40,0.10
2008.04.07 10:01:27.163,2.0127,2.0129,0.40,0.10
2008.04.07 10:01:27.442,2.0127,2.0129,0.40,0.10
2008.04.07 10:01:27.721,2.0127,2.0129,0.40,0.10
2008.04.07 10:01:27.999,2.0127,2.0129,0.40,0.10
2008.04.07 10:01:28.332,2.0127,2.0129,0.40,0.10
2008.04.07 10:01:28.666,2.0127,2.0129,0.40,0.10
2008.04.07 10:01:29.001,2.0127,2.0129,0.40,0.10
2008.04.07 10:01:29.334,2.0127,2.0129,0.40,0.10
2008.04.07 10:01:29.667,2.0127,2.0129,0.40,0.10
2008.04.07 10:01:30.000,2.0127,2.0129,0.40,0.10
2008.04.07 10:01:30.210,2.0127,2.0129,0.40,0.10
2008.04.07 10:01:30.444,2.0127,2.0129,0.40,0.10
2008.04.07 10:01:30.689,2.0127,2.0129,0.40,0.10
2008.04.07 10:01:30.920,2.0127,2.0129,0.40,0.10
2008.04.07 10:01:31.130,2.0127,2.0129,0.40,0.10
2008.04.07 10:01:31.467,2.0127,2.0129,0.40,0.10
2008.04.07 10:01:31.800,2.0127,2.0129,0.40,0.10
2008.04.07 10:01:32.137,2.0127,2.0129,0.40,0.10
2008.04.07 10:01:32.376,2.0127,2.0129,0.40,0.10
2008.04.07 10:01:32.646,2.0127,2.0129,0.40,0.10
2008.04.07 10:01:32.927,2.0127,2.0129,0.40,0.10
2008.04.07 10:01:33.200,2.0127,2.0129,0.40,0.10
2008.04.07 10:01:33.563,2.0127,2.0129,0.40,0.10
2008.04.07 10:01:33.910,2.0127,2.0129,0.40,0.10
2008.04.07 10:01:34.283,2.0127,2.0129,0.40,0.10
2008.04.07 10:01:34.617,2.0127,2.0129,0.40,0.10
2008.04.07 10:01:34.950,2.0127,2.0129,0.40,0.10
2008.04.07 10:01:35.316,2.0127,2.0129,0.40,0.10
2008.04.07 10:01:35.561,2.0127,2.0129,0.40,0.10
2008.04.07 10:01:35.799,2.0127,2.0129,0.40,0.10
2008.04.07 10:01:36.052,2.0127,2.0129,0.40,0.10
2008.04.07 10:01:36.352,2.0127,2.0129,0.40,0.10
2008.04.07 10:01:36.663,2.0127,2.0129,0.40,0.10
2008.04.07 10:01:36.973,2.0127,2.0129,0.40,0.10
2008.04.07 10:01:37.286,2.0127,2.0129,0.40,0.10
2008.04.07 10:01:37.535,2.0127,2.0129,0.40,0.10
2008.04.07 10:01:37.824,2.0127,2.0129,0.40,0.10
2008.04.07 10:01:38.113,2.0127,2.0129,0.40,0.10
2008.04.07 10:01:38.448,2.0127,2.0129,0.40,0.10
2008.04.07 10:01:38.782,2.0127,2.0129,0.40,0.10
2008.04.07 10:01:39.116,2.0127,2.0129,0.40,0.10
2008.04.07 10:01:39.450,2.0127,2.0129,0.40,0.10
2008.04.07 10:01:39.785,2.0127,2.0129,0.40,0.10
2008.04.07 10:01:40.120,2.0128,2.0132,0.40,0.40
2008.04.07 10:01:40.485,2.0128,2.0132,0.40,0.10
2008.04.07 10:01:40.700,2.0128,2.0132,0.40,0.10
2008.04.07 10:01:40.914,2.0128,2.0132,0.40,0.10
2008.04.07 10:01:41.130,2.0129,2.0132,0.40,0.10
2008.04.07 10:01:41.464,2.0129,2.0132,0.40,0.10
2008.04.07 10:01:41.799,2.0129,2.0132,0.40,0.10
2008.04.07 10:01:42.133,2.0129,2.0132,0.40,0.10
2008.04.07 10:01:42.467,2.0129,2.0132,0.40,0.10
2008.04.07 10:01:42.706,2.0129,2.0132,0.40,0.10
2008.04.07 10:01:42.946,2.0129,2.0132,0.40,0.10
2008.04.07 10:01:43.183,2.0129,2.0132,0.40,0.10
2008.04.07 10:01:43.517,2.0129,2.0132,0.40,0.10
2008.04.07 10:01:43.851,2.0129,2.0132,0.40,0.10
2008.04.07 10:01:44.185,2.0129,2.0132,0.40,0.10
2008.04.07 10:01:44.521,2.0129,2.0132,0.40,0.10
2008.04.07 10:01:44.852,2.0129,2.0132,0.40,0.10
2008.04.07 10:01:45.180,2.0129,2.0132,0.40,0.10
2008.04.07 10:01:45.509,2.0129,2.0132,0.40,0.10
2008.04.07 10:01:45.748,2.0129,2.0132,0.40,0.10
2008.04.07 10:01:45.987,2.0129,2.0132,0.40,0.10
2008.04.07 10:01:46.227,2.0129,2.0132,0.40,0.10
2008.04.07 10:01:46.507,2.0129,2.0132,0.40,0.10
2008.04.07 10:01:46.786,2.0129,2.0132,0.40,0.10
2008.04.07 10:01:47.065,2.0129,2.0132,0.40,0.10
2008.04.07 10:01:47.344,2.0129,2.0132,0.40,0.10
2008.04.07 10:01:47.607,2.0129,2.0132,0.40,0.10
2008.04.07 10:01:47.873,2.0129,2.0132,0.40,0.10
2008.04.07 10:01:48.141,2.0129,2.0132,0.40,0.10
2008.04.07 10:01:48.410,2.0129,2.0132,0.40,0.10
2008.04.07 10:01:48.744,2.0129,2.0132,0.40,0.40
2008.04.07 10:01:49.122,2.0128,2.0132,0.40,0.40
2008.04.07 10:01:49.457,2.0128,2.0132,0.40,0.40
2008.04.07 10:01:49.790,2.0128,2.0132,0.40,0.40
2008.04.07 10:01:50.125,2.0128,2.0132,0.40,0.40
2008.04.07 10:01:50.460,2.0128,2.0132,0.40,0.40
2008.04.07 10:01:50.695,2.0128,2.0132,0.40,0.40
2008.04.07 10:01:50.929,2.0128,2.0132,0.40,0.40
2008.04.07 10:01:51.165,2.0128,2.0132,0.40,0.40
2008.04.07 10:01:51.399,2.0128,2.0132,0.40,0.40
2008.04.07 10:01:51.713,2.0128,2.0132,0.40,0.40
2008.04.07 10:01:52.028,2.0128,2.0132,0.40,0.40
2008.04.07 10:01:52.343,2.0128,2.0132,0.40,0.40
2008.04.07 10:01:52.587,2.0128,2.0132,0.40,0.40
2008.04.07 10:01:52.831,2.0128,2.01315,0.40,0.30
2008.04.07 10:01:53.076,2.0128,2.01315,0.40,0.30
2008.04.07 10:01:53.323,2.0127,2.01305,0.40,0.30
2008.04.07 10:01:53.657,2.01265,2.01305,1.60,0.30
2008.04.07 10:01:53.991,2.01265,2.01305,1.60,0.30
2008.04.07 10:01:54.325,2.01265,2.01305,1.60,0.30
2008.04.07 10:01:54.659,2.01265,2.01305,1.60,0.30
2008.04.07 10:01:54.994,2.01265,2.0132,5.60,0.10
2008.04.07 10:01:55.331,2.0129,2.0132,0.40,0.10
2008.04.07 10:01:55.560,2.0129,2.0132,0.40,0.10
2008.04.07 10:01:55.790,2.0129,2.0132,0.40,0.10
2008.04.07 10:01:56.033,2.0129,2.0132,0.40,0.10
2008.04.07 10:01:56.297,2.0129,2.0132,0.40,0.10
2008.04.07 10:01:56.548,2.0129,2.0132,0.40,0.10
2008.04.07 10:01:56.849,2.0129,2.0132,0.40,0.10
2008.04.07 10:01:57.163,2.0129,2.0132,0.40,0.10
2008.04.07 10:01:57.477,2.0129,2.0132,0.40,0.10
2008.04.07 10:01:57.734,2.0128,2.0132,0.40,0.40
2008.04.07 10:01:57.989,2.0128,2.0132,0.40,0.40
2008.04.07 10:01:58.244,2.0128,2.0132,0.40,0.40
2008.04.07 10:01:58.498,2.0128,2.0132,0.40,0.40
2008.04.07 10:01:58.832,2.0128,2.0132,0.40,0.40
2008.04.07 10:01:59.166,2.0128,2.0132,0.40,0.40
2008.04.07 10:01:59.501,2.0128,2.0132,0.40,0.40
2008.04.07 10:01:59.834,2.0128,2.0132,0.40,0.40
2008.04.07 10:02:00.169,2.0128,2.0132,0.40,0.40
2008.04.07 10:02:00.541,2.0128,2.0132,0.40,0.40
2008.04.07 10:02:00.769,2.0128,2.0132,0.40,0.40
2008.04.07 10:02:00.995,2.0128,2.01315,0.40,0.30
2008.04.07 10:02:01.220,2.0128,2.01315,0.40,0.30
2008.04.07 10:02:01.445,2.0129,2.0132,0.40,0.40
2008.04.07 10:02:01.782,2.0129,2.0132,0.40,0.40
2008.04.07 10:02:02.117,2.0129,2.0132,0.40,0.40
2008.04.07 10:02:02.451,2.0129,2.0132,0.40,0.40
2008.04.07 10:02:02.787,2.0129,2.0132,0.40,0.10
2008.04.07 10:02:03.122,2.0129,2.01325,0.40,0.30
2008.04.07 10:02:03.494,2.0129,2.0133,0.40,0.40
2008.04.07 10:02:03.718,2.0129,2.0133,0.40,0.40
2008.04.07 10:02:03.942,2.0129,2.0133,0.40,0.40
2008.04.07 10:02:04.164,2.0129,2.0133,0.40,0.40
2008.04.07 10:02:04.425,2.0129,2.0133,0.40,0.10
2008.04.07 10:02:04.653,2.0129,2.0133,0.40,0.10
2008.04.07 10:02:04.989,2.0129,2.0133,0.40,0.10
2008.04.07 10:02:05.327,2.0129,2.0133,0.40,0.10
2008.04.07 10:02:05.659,2.0129,2.0133,0.40,0.10
2008.04.07 10:02:05.895,2.0129,2.0133,0.40,0.10
2008.04.07 10:02:06.130,2.0131,2.0134,0.40,0.30
2008.04.07 10:02:06.364,2.0131,2.01345,0.40,1.80
2008.04.07 10:02:06.636,2.0131,2.01345,0.40,0.30
2008.04.07 10:02:06.965,2.0131,2.0135,0.40,0.10
2008.04.07 10:02:07.268,2.0131,2.0135,0.40,0.10
2008.04.07 10:02:07.570,2.0132,2.0135,0.40,0.10
2008.04.07 10:02:07.904,2.0132,2.0135,0.40,0.10
2008.04.07 10:02:08.241,2.0132,2.0135,0.40,0.10
2008.04.07 10:02:08.574,2.0132,2.0135,0.40,0.10
2008.04.07 10:02:08.801,2.0132,2.0135,0.40,0.10
2008.04.07 10:02:09.028,2.0132,2.0135,0.40,0.10
2008.04.07 10:02:09.253,2.0132,2.0135,0.40,0.10
2008.04.07 10:02:09.478,2.0132,2.0135,0.40,0.10
2008.04.07 10:02:09.703,2.0132,2.0135,0.40,0.10
2008.04.07 10:02:10.039,2.0132,2.01345,0.40,0.30
2008.04.07 10:02:10.416,2.013,2.0134,0.40,0.30
2008.04.07 10:02:10.751,2.013,2.0134,0.40,0.30
2008.04.07 10:02:10.996,2.013,2.0134,0.40,0.30
2008.04.07 10:02:11.259,2.013,2.0134,0.40,0.30
2008.04.07 10:02:11.548,2.013,2.0134,0.40,0.30
2008.04.07 10:02:11.828,2.013,2.0134,0.40,0.30
2008.04.07 10:02:12.138,2.013,2.01335,0.40,2.40
2008.04.07 10:02:12.444,2.013,2.01335,0.40,2.40
2008.04.07 10:02:12.746,2.013,2.01345,0.40,1.60
2008.04.07 10:02:13.063,2.0132,2.01345,0.40,2.40
2008.04.07 10:02:13.378,2.0132,2.01345,0.40,2.60
2008.04.07 10:02:13.695,2.013,2.01345,0.40,0.30
2008.04.07 10:02:14.050,2.013,2.01345,0.40,1.80
2008.04.07 10:02:14.400,2.013,2.01345,0.40,1.80
2008.04.07 10:02:14.720,2.013,2.01345,0.40,1.60
2008.04.07 10:02:15.057,2.0132,2.0135,0.40,0.10
2008.04.07 10:02:15.332,2.0132,2.0135,0.40,0.10
2008.04.07 10:02:15.604,2.0132,2.0135,0.40,0.10
2008.04.07 10:02:15.885,2.0132,2.0135,0.40,0.10
2008.04.07 10:02:16.122,2.0132,2.0135,0.40,0.10
2008.04.07 10:02:16.367,2.0132,2.0135,0.40,0.10
2008.04.07 10:02:16.610,2.0132,2.0135,0.40,0.10
2008.04.07 10:02:16.855,2.0132,2.0135,0.40,0.10
2008.04.07 10:02:17.100,2.0132,2.0137,0.40,0.40
2008.04.07 10:02:17.405,2.0134,2.01365,0.40,0.30
2008.04.07 10:02:17.711,2.0134,2.01365,0.40,0.30
2008.04.07 10:02:18.016,2.0132,2.0137,0.40,0.40
2008.04.07 10:02:18.351,2.0132,2.0137,0.40,0.40
2008.04.07 10:02:18.721,2.0132,2.01365,0.40,0.30
2008.04.07 10:02:19.019,2.0132,2.0137,0.40,0.40
2008.04.07 10:02:19.355,2.0132,2.0137,0.40,0.10
2008.04.07 10:02:19.717,2.0132,2.0137,0.40,0.10
2008.04.07 10:02:20.053,2.0134,2.0137,0.40,0.10
2008.04.07 10:02:20.320,2.0134,2.0137,0.40,0.10
2008.04.07 10:02:20.539,2.0134,2.0137,0.40,0.10
2008.04.07 10:02:20.795,2.0134,2.0137,0.40,0.10
2008.04.07 10:02:21.062,2.0134,2.0137,0.40,0.10
2008.04.07 10:02:21.409,2.0134,2.0137,0.40,0.10
2008.04.07 10:02:21.770,2.0134,2.0137,0.40,0.10
2008.04.07 10:02:22.107,2.0134,2.0137,0.40,0.10
2008.04.07 10:02:22.402,2.0134,2.01365,0.40,0.30
2008.04.07 10:02:22.639,2.0132,2.01365,0.40,0.30
2008.04.07 10:02:22.874,2.0132,2.01365,0.40,0.30
2008.04.07 10:02:23.108,2.0132,2.01365,0.40,0.30
2008.04.07 10:02:23.443,2.0132,2.0136,0.40,0.30
2008.04.07 10:02:23.779,2.0132,2.0136,0.40,0.30
2008.04.07 10:02:24.113,2.0132,2.0136,0.40,0.30
2008.04.07 10:02:24.447,2.0132,2.0136,0.40,0.30
2008.04.07 10:02:24.781,2.0132,2.0136,0.40,0.30
2008.04.07 10:02:25.118,2.0132,2.0135,0.40,0.30
2008.04.07 10:02:25.348,2.0132,2.0135,0.40,0.30
2008.04.07 10:02:25.585,2.0132,2.0135,0.40,0.30
2008.04.07 10:02:25.847,2.0132,2.0135,0.40,0.30
2008.04.07 10:02:26.080,2.0132,2.0136,0.40,0.10
2008.04.07 10:02:26.361,2.0132,2.0136,0.40,0.10
2008.04.07 10:02:26.695,2.0133,2.0136,0.40,0.10
2008.04.07 10:02:27.015,2.0133,2.0136,0.40,0.10
2008.04.07 10:02:27.300,2.0133,2.0136,0.40,0.10
2008.04.07 10:02:27.586,2.0133,2.0136,0.40,0.10
2008.04.07 10:02:27.870,2.0133,2.0136,0.40,0.10
2008.04.07 10:02:28.158,2.0133,2.01365,0.40,0.30
2008.04.07 10:02:28.493,2.0133,2.01365,0.40,0.30
2008.04.07 10:02:28.828,2.0133,2.01365,0.40,0.30
2008.04.07 10:02:29.161,2.0133,2.01365,0.40,0.30
2008.04.07 10:02:29.537,2.0133,2.0136,0.40,0.30
2008.04.07 10:02:29.869,2.0133,2.0136,0.40,0.30
2008.04.07 10:02:30.205,2.0133,2.0137,0.40,0.10
2008.04.07 10:02:30.443,2.0134,2.0137,0.40,0.10
2008.04.07 10:02:30.679,2.0134,2.0137,0.40,0.10
2008.04.07 10:02:30.914,2.0134,2.0137,0.40,0.10
2008.04.07 10:02:31.149,2.0134,2.0137,0.40,0.10
2008.04.07 10:02:31.471,2.0134,2.0137,0.40,0.10
2008.04.07 10:02:31.788,2.0134,2.0137,0.40,0.10
2008.04.07 10:02:32.108,2.0134,2.0137,0.40,0.10
2008.04.07 10:02:32.429,2.0134,2.0137,0.40,0.10
2008.04.07 10:02:32.673,2.0135,2.0137,0.40,0.10
2008.04.07 10:02:32.919,2.0135,2.0137,0.40,0.10
2008.04.07 10:02:33.165,2.0136,2.0139,0.40,0.10
2008.04.07 10:02:33.410,2.0136,2.0139,0.40,0.10
2008.04.07 10:02:33.783,2.0136,2.0139,0.40,0.10
2008.04.07 10:02:34.157,2.0136,2.0139,0.40,0.10
2008.04.07 10:02:34.472,2.0136,2.0139,0.40,0.10
2008.04.07 10:02:34.805,2.0136,2.0139,0.40,0.10
2008.04.07 10:02:35.140,2.0136,2.0139,0.40,0.10
2008.04.07 10:02:35.476,2.01345,2.0138,8.00,0.30
2008.04.07 10:02:35.712,2.01345,2.0138,5.60,0.30
2008.04.07 10:02:35.947,2.01335,2.01375,1.60,0.30
2008.04.07 10:02:36.180,2.01335,2.01375,1.60,0.30
2008.04.07 10:02:36.414,2.01335,2.01375,1.60,0.30
2008.04.07 10:02:36.729,2.0133,2.01375,0.40,0.30
2008.04.07 10:02:37.043,2.0133,2.01375,0.40,0.30
2008.04.07 10:02:37.357,2.0133,2.0138,0.40,0.30
2008.04.07 10:02:37.614,2.0133,2.0138,0.40,0.30
2008.04.07 10:02:37.840,2.0133,2.0138,1.10,0.30
2008.04.07 10:02:38.064,2.0133,2.0139,1.20,0.40
2008.04.07 10:02:38.290,2.0134,2.0139,0.40,0.30
2008.04.07 10:02:38.626,2.0135,2.0139,0.40,0.30
2008.04.07 10:02:38.959,2.0135,2.0139,0.40,0.30
2008.04.07 10:02:39.293,2.0135,2.0139,0.40,0.30
2008.04.07 10:02:39.627,2.0135,2.0139,0.40,0.30
2008.04.07 10:02:39.961,2.0135,2.0139,0.40,0.30
2008.04.07 10:02:40.294,2.0135,2.0139,0.40,0.30
2008.04.07 10:02:40.508,2.0135,2.0139,0.40,0.30
2008.04.07 10:02:40.753,2.0135,2.0139,0.40,0.30
2008.04.07 10:02:41.010,2.0135,2.014,0.40,0.30
2008.04.07 10:02:41.274,2.0135,2.014,0.40,0.30
2008.04.07 10:02:41.527,2.0136,2.014,0.40,0.30
2008.04.07 10:02:41.846,2.0136,2.014,0.40,0.30
2008.04.07 10:02:42.166,2.0136,2.014,0.40,0.30
2008.04.07 10:02:42.486,2.0136,2.014,0.40,0.30
2008.04.07 10:02:42.724,2.0136,2.014,0.40,0.30
2008.04.07 10:02:42.966,2.0136,2.014,0.40,0.30
2008.04.07 10:02:43.230,2.0136,2.014,0.40,0.30
2008.04.07 10:02:43.487,2.0136,2.01405,0.40,1.80
2008.04.07 10:02:43.825,2.0136,2.01405,0.40,0.30
2008.04.07 10:02:44.160,2.01345,2.01405,8.00,0.30
2008.04.07 10:02:44.496,2.0135,2.01415,0.10,1.80
2008.04.07 10:02:44.821,2.01355,2.01415,7.20,0.30
2008.04.07 10:02:45.152,2.0136,2.01405,0.40,0.30
2008.04.07 10:02:45.475,2.0136,2.01405,0.40,0.30
2008.04.07 10:02:45.722,2.0136,2.01405,0.40,0.30
2008.04.07 10:02:46.008,2.0136,2.01415,0.40,1.80
2008.04.07 10:02:46.237,2.0136,2.01415,0.40,1.80
2008.04.07 10:02:46.472,2.0136,2.01405,0.40,0.30
2008.04.07 10:02:46.758,2.0136,2.01405,0.40,0.30
2008.04.07 10:02:47.042,2.0136,2.01405,0.40,0.30
2008.04.07 10:02:47.325,2.0136,2.01405,0.40,0.30
2008.04.07 10:02:47.610,2.0136,2.01405,0.40,0.30
2008.04.07 10:02:47.943,2.0136,2.01405,0.40,0.30
2008.04.07 10:02:48.313,2.0136,2.01405,0.40,0.30
2008.04.07 10:02:48.649,2.0136,2.0141,0.40,0.30
2008.04.07 10:02:48.851,2.0136,2.0141,0.40,0.30
2008.04.07 10:02:49.090,2.0137,2.0141,0.40,0.30
2008.04.07 10:02:49.330,2.0137,2.0141,0.40,0.30
2008.04.07 10:02:49.570,2.0137,2.01415,0.40,1.80
2008.04.07 10:02:49.809,2.0137,2.01415,0.40,1.80
2008.04.07 10:02:50.146,2.01355,2.01415,8.00,0.30
2008.04.07 10:02:50.510,2.01355,2.01415,8.00,0.30
2008.04.07 10:02:50.857,2.01355,2.01415,8.00,0.30
2008.04.07 10:02:51.122,2.0138,2.0142,0.40,0.30
2008.04.07 10:02:51.364,2.0138,2.0142,0.40,0.30
2008.04.07 10:02:51.627,2.0138,2.01425,0.40,1.60
2008.04.07 10:02:51.929,2.0137,2.0142,0.40,0.10
2008.04.07 10:02:52.232,2.0137,2.0142,0.40,0.10
2008.04.07 10:02:52.536,2.0137,2.0142,0.40,0.10
2008.04.07 10:02:52.841,2.0137,2.0141,0.40,0.10
2008.04.07 10:02:53.213,2.0137,2.0142,0.40,0.10
2008.04.07 10:02:53.548,2.0137,2.0142,0.40,0.10
2008.04.07 10:02:53.883,2.0137,2.0142,0.40,0.40
2008.04.07 10:02:54.108,2.0137,2.0142,0.40,0.40
2008.04.07 10:02:54.337,2.0137,2.0142,0.40,0.40
2008.04.07 10:02:54.598,2.0137,2.0142,0.40,0.40
2008.04.07 10:02:54.863,2.0137,2.0142,0.40,0.40
2008.04.07 10:02:55.235,2.0137,2.0142,0.40,0.40
2008.04.07 10:02:55.576,2.0138,2.0142,0.40,0.10
2008.04.07 10:02:55.914,2.0138,2.0142,0.40,0.10
2008.04.07 10:02:56.140,2.0138,2.0143,0.40,0.40
2008.04.07 10:02:56.361,2.0138,2.0143,0.40,0.40
2008.04.07 10:02:56.587,2.0138,2.0143,0.40,0.10
2008.04.07 10:02:56.811,2.0138,2.0143,0.40,0.10
2008.04.07 10:02:57.115,2.01375,2.0143,4.00,0.40
2008.04.07 10:02:57.419,2.0137,2.0143,0.40,0.40
2008.04.07 10:02:57.759,2.0137,2.0143,0.40,0.40
2008.04.07 10:02:58.062,2.0137,2.0143,0.40,0.40
2008.04.07 10:02:58.396,2.0137,2.0143,0.40,0.40
2008.04.07 10:02:58.731,2.0137,2.0143,0.40,0.40
2008.04.07 10:02:59.064,2.0137,2.0143,0.40,0.40
2008.04.07 10:02:59.398,2.0137,2.0143,0.40,0.40
2008.04.07 10:02:59.732,2.0137,2.0143,0.40,0.40
2008.04.07 10:03:00.091,2.0137,2.0142,0.40,0.30
2008.04.07 10:03:00.368,2.0137,2.0142,0.40,0.30
2008.04.07 10:03:00.604,2.0137,2.0142,0.40,0.40
2008.04.07 10:03:00.838,2.0137,2.0142,0.40,0.40
2008.04.07 10:03:01.133,2.0137,2.0142,0.40,0.40
2008.04.07 10:03:01.427,2.0137,2.0142,0.40,0.40
2008.04.07 10:03:01.721,2.0137,2.0142,0.40,0.40
2008.04.07 10:03:02.019,2.01365,2.0141,1.60,0.10
2008.04.07 10:03:02.315,2.01365,2.0141,1.60,0.10
2008.04.07 10:03:02.607,2.01365,2.0141,1.60,0.10
2008.04.07 10:03:02.902,2.01365,2.0141,1.60,0.10
2008.04.07 10:03:03.237,2.01365,2.0141,1.60,0.10
2008.04.07 10:03:03.572,2.01365,2.0141,1.60,0.10
2008.04.07 10:03:03.909,2.01365,2.0141,1.60,0.10
2008.04.07 10:03:04.244,2.0136,2.0141,0.40,0.10
2008.04.07 10:03:04.579,2.0136,2.0141,0.40,0.10
2008.04.07 10:03:04.912,2.0136,2.0141,0.40,0.10
2008.04.07 10:03:05.122,2.01365,2.0141,1.60,0.10
2008.04.07 10:03:05.331,2.01365,2.0141,1.60,0.10
2008.04.07 10:03:05.548,2.0137,2.0141,0.40,0.10
2008.04.07 10:03:05.792,2.0137,2.0141,0.40,0.10
2008.04.07 10:03:06.049,2.0137,2.0141,0.40,0.10
2008.04.07 10:03:06.375,2.0137,2.0141,0.40,0.10
2008.04.07 10:03:06.698,2.0137,2.0141,0.40,0.10
2008.04.07 10:03:07.054,2.0137,2.0141,0.40,0.10
2008.04.07 10:03:07.315,2.0137,2.0141,0.40,0.10
2008.04.07 10:03:07.540,2.01365,2.0141,1.60,0.10
2008.04.07 10:03:07.756,2.0136,2.0141,0.40,0.10
2008.04.07 10:03:07.976,2.0136,2.0141,0.40,0.10
2008.04.07 10:03:08.219,2.0136,2.0141,0.40,0.10
2008.04.07 10:03:08.552,2.0136,2.0141,0.40,0.40
2008.04.07 10:03:08.888,2.0136,2.0141,0.40,0.40
2008.04.07 10:03:09.223,2.01365,2.0141,5.60,0.10
2008.04.07 10:03:09.560,2.0138,2.0142,0.40,0.30
2008.04.07 10:03:09.896,2.0139,2.0142,0.40,0.30
2008.04.07 10:03:10.232,2.0139,2.0142,0.40,0.30
2008.04.07 10:03:10.459,2.0139,2.0142,0.40,0.30
2008.04.07 10:03:10.684,2.0139,2.0143,0.40,0.30
2008.04.07 10:03:10.908,2.0139,2.0143,0.40,0.30
2008.04.07 10:03:11.132,2.0139,2.0143,0.40,0.30
2008.04.07 10:03:11.357,2.0139,2.0143,0.40,0.30
2008.04.07 10:03:11.691,2.0139,2.0143,0.40,0.30
2008.04.07 10:03:12.025,2.0139,2.0143,0.40,0.30
2008.04.07 10:03:12.360,2.0139,2.0143,0.40,0.30
2008.04.07 10:03:12.594,2.0139,2.0143,0.40,0.30
2008.04.07 10:03:12.828,2.0139,2.0143,0.40,0.30
2008.04.07 10:03:13.063,2.0138,2.01415,0.40,0.30
2008.04.07 10:03:13.299,2.0138,2.01415,0.40,0.30
2008.04.07 10:03:13.632,2.0138,2.01415,0.40,0.30
2008.04.07 10:03:13.967,2.0138,2.01425,0.40,1.80
2008.04.07 10:03:14.301,2.0138,2.01425,0.40,0.30
2008.04.07 10:03:14.674,2.0139,2.01425,0.40,0.30
2008.04.07 10:03:15.008,2.0139,2.01425,0.40,0.30
2008.04.07 10:03:15.304,2.0139,2.01425,0.40,0.30
2008.04.07 10:03:15.523,2.0139,2.01425,0.40,0.30
2008.04.07 10:03:15.743,2.0139,2.01425,0.40,0.30
2008.04.07 10:03:15.962,2.0139,2.01425,0.40,0.30
2008.04.07 10:03:16.182,2.0139,2.01425,0.40,0.30
2008.04.07 10:03:16.434,2.0139,2.01425,0.40,0.30
2008.04.07 10:03:16.777,2.0139,2.01425,0.40,0.30
2008.04.07 10:03:17.150,2.0139,2.01425,0.40,0.30
2008.04.07 10:03:17.520,2.0139,2.01425,0.40,0.30
2008.04.07 10:03:17.754,2.0139,2.01425,0.40,0.30
2008.04.07 10:03:18.014,2.0139,2.0142,0.40,0.30
2008.04.07 10:03:18.285,2.0138,2.0142,0.40,0.30
2008.04.07 10:03:18.618,2.0138,2.01425,0.40,1.80
2008.04.07 10:03:18.954,2.0138,2.01425,0.40,1.80
2008.04.07 10:03:19.290,2.0136,2.01425,0.50,1.80
2008.04.07 10:03:19.624,2.0136,2.01425,0.50,1.80
2008.04.07 10:03:19.958,2.0136,2.01425,0.50,1.80
2008.04.07 10:03:20.332,2.0136,2.01425,0.50,1.80
2008.04.07 10:03:20.531,2.0136,2.01415,0.40,0.30
2008.04.07 10:03:20.774,2.0138,2.01415,0.40,0.30
2008.04.07 10:03:21.056,2.0136,2.01425,0.50,1.80
2008.04.07 10:03:21.295,2.0136,2.01425,0.50,1.80
2008.04.07 10:03:21.614,2.0136,2.01425,0.50,1.80
2008.04.07 10:03:21.934,2.0136,2.0142,0.40,0.30
2008.04.07 10:03:22.253,2.0138,2.0142,0.40,0.30
2008.04.07 10:03:22.574,2.0138,2.0142,0.40,0.30
2008.04.07 10:03:22.823,2.0138,2.0142,0.40,0.30
2008.04.07 10:03:23.073,2.0138,2.01425,0.40,1.80
2008.04.07 10:03:23.321,2.0138,2.01425,0.40,1.80
2008.04.07 10:03:23.655,2.0136,2.01425,0.50,1.80
2008.04.07 10:03:23.990,2.0136,2.0142,0.40,0.30
2008.04.07 10:03:24.324,2.0138,2.0142,0.40,0.30
2008.04.07 10:03:24.658,2.0138,2.0142,0.40,0.30
2008.04.07 10:03:24.993,2.0138,2.01425,0.40,1.80
2008.04.07 10:03:25.326,2.0138,2.01425,0.40,1.80
2008.04.07 10:03:25.553,2.0136,2.01425,0.50,1.80
2008.04.07 10:03:25.776,2.0136,2.01425,0.50,1.80
2008.04.07 10:03:26.001,2.0136,2.01425,0.50,1.80
2008.04.07 10:03:26.224,2.0136,2.01425,0.50,1.80
2008.04.07 10:03:26.448,2.0136,2.01425,0.50,1.80
2008.04.07 10:03:26.758,2.0138,2.0142,0.40,0.30
2008.04.07 10:03:27.068,2.0138,2.01415,0.40,0.30
2008.04.07 10:03:27.378,2.0138,2.01415,0.40,0.30
2008.04.07 10:03:27.611,2.0138,2.0142,0.40,0.30
2008.04.07 10:03:27.846,2.0138,2.0142,0.40,0.30
2008.04.07 10:03:28.080,2.0138,2.0142,0.40,0.30
2008.04.07 10:03:28.314,2.0138,2.0142,0.40,0.30
2008.04.07 10:03:28.571,2.0138,2.0142,0.40,0.30
2008.04.07 10:03:28.909,2.0138,2.0142,0.40,0.30
2008.04.07 10:03:29.247,2.0138,2.01425,0.40,1.80
2008.04.07 10:03:29.583,2.0136,2.01425,0.50,1.80
2008.04.07 10:03:29.918,2.0137,2.01425,0.10,1.60
2008.04.07 10:03:30.254,2.0139,2.0143,0.40,0.30
2008.04.07 10:03:30.589,2.0139,2.0143,0.40,0.30
2008.04.07 10:03:30.825,2.0139,2.0143,0.40,0.30
2008.04.07 10:03:31.091,2.0139,2.0143,0.40,0.30
2008.04.07 10:03:31.356,2.0139,2.0143,0.40,0.30
2008.04.07 10:03:31.630,2.0138,2.0143,0.40,0.30
2008.04.07 10:03:31.928,2.0138,2.0143,0.40,0.30
2008.04.07 10:03:32.263,2.0138,2.0143,0.40,0.30
2008.04.07 10:03:32.558,2.0138,2.0143,0.40,0.40
2008.04.07 10:03:32.801,2.0138,2.0143,0.40,0.40
2008.04.07 10:03:33.045,2.0138,2.0143,0.40,0.40
2008.04.07 10:03:33.289,2.0138,2.0143,0.40,0.40
2008.04.07 10:03:33.534,2.0138,2.0143,0.40,0.40
2008.04.07 10:03:33.868,2.0138,2.0143,0.40,0.40
2008.04.07 10:03:34.201,2.0138,2.0143,0.40,0.40
2008.04.07 10:03:34.536,2.0138,2.0142,0.40,0.30
2008.04.07 10:03:34.862,2.0138,2.0142,0.40,0.30
2008.04.07 10:03:35.186,2.0138,2.0142,0.40,0.30
2008.04.07 10:03:35.510,2.0138,2.0142,0.40,0.30
2008.04.07 10:03:35.835,2.0138,2.0142,0.40,0.30
2008.04.07 10:03:36.079,2.0138,2.0142,0.40,0.30
2008.04.07 10:03:36.327,2.0138,2.0142,0.40,0.30
2008.04.07 10:03:36.570,2.0138,2.0142,0.40,0.30
2008.04.07 10:03:36.854,2.0138,2.0142,0.40,0.30
2008.04.07 10:03:37.145,2.0138,2.0143,0.40,0.40
2008.04.07 10:03:37.406,2.0138,2.0143,0.40,0.40
2008.04.07 10:03:37.660,2.0138,2.0143,0.40,0.40
2008.04.07 10:03:38.019,2.0138,2.0143,0.40,0.40
2008.04.07 10:03:38.398,2.0138,2.0143,0.40,0.40
2008.04.07 10:03:38.803,2.0138,2.0143,0.40,0.40
2008.04.07 10:03:39.011,2.0138,2.0143,0.40,0.40
2008.04.07 10:03:39.241,2.0138,2.0143,0.40,0.40
2008.04.07 10:03:39.490,2.0138,2.0143,0.40,0.40
2008.04.07 10:03:39.735,2.0138,2.0143,0.40,0.40
2008.04.07 10:03:40.113,2.0138,2.0143,0.40,0.40
2008.04.07 10:03:40.485,2.0138,2.0143,0.40,0.40
2008.04.07 10:03:40.850,2.0138,2.0143,0.40,0.40
2008.04.07 10:03:41.122,2.0138,2.0143,0.40,0.40
2008.04.07 10:03:41.394,2.0138,2.0143,0.40,0.40
2008.04.07 10:03:41.659,2.0138,2.0143,0.40,0.40
2008.04.07 10:03:41.927,2.0138,2.0143,0.40,0.40
2008.04.07 10:03:42.215,2.0138,2.0143,0.40,0.40
2008.04.07 10:03:42.510,2.0138,2.0143,0.40,0.40
2008.04.07 10:03:42.723,2.0138,2.0143,0.40,0.40
2008.04.07 10:03:43.101,2.0138,2.0143,0.40,0.10
2008.04.07 10:03:43.391,2.0138,2.0143,0.40,0.10
2008.04.07 10:03:43.725,2.0137,2.0143,0.50,0.10
2008.04.07 10:03:44.062,2.0137,2.0143,0.50,0.10
2008.04.07 10:03:44.314,2.0137,2.0143,0.50,0.10
2008.04.07 10:03:44.564,2.0137,2.0143,0.50,0.10
2008.04.07 10:03:44.816,2.0137,2.0143,0.50,0.10
2008.04.07 10:03:45.185,2.0137,2.0143,0.50,0.10
2008.04.07 10:03:45.482,2.0137,2.0143,0.50,0.10
2008.04.07 10:03:45.816,2.0137,2.0143,0.50,0.10
2008.04.07 10:03:46.040,2.0137,2.0142,0.40,0.30
2008.04.07 10:03:46.265,2.0137,2.0142,0.40,0.30
2008.04.07 10:03:46.493,2.0137,2.0142,0.40,0.30
2008.04.07 10:03:46.756,2.0137,2.0142,0.40,0.30
2008.04.07 10:03:47.017,2.0138,2.0143,0.40,0.30
2008.04.07 10:03:47.320,2.0137,2.01415,0.40,0.30
2008.04.07 10:03:47.621,2.0137,2.0142,0.40,0.30
2008.04.07 10:03:47.923,2.0137,2.0142,0.40,0.30
2008.04.07 10:03:48.250,2.0137,2.01435,0.50,0.30
2008.04.07 10:03:48.575,2.0138,2.0144,0.10,0.10
2008.04.07 10:03:48.939,2.01385,2.01445,4.00,1.80
2008.04.07 10:03:49.275,2.0139,2.01435,0.40,1.80
2008.04.07 10:03:49.609,2.0139,2.01435,0.40,1.80
2008.04.07 10:03:49.944,2.0139,2.01435,0.40,1.80
2008.04.07 10:03:50.196,2.0139,2.01435,0.40,1.80
2008.04.07 10:03:50.454,2.0139,2.01435,0.40,1.80
2008.04.07 10:03:50.723,2.0139,2.01435,0.40,1.80
2008.04.07 10:03:50.900,2.0139,2.01435,0.40,1.80
2008.04.07 10:03:51.120,2.0139,2.0143,0.40,0.30
2008.04.07 10:03:51.421,2.0139,2.0143,0.40,0.30
2008.04.07 10:03:51.717,2.0139,2.0143,0.40,0.40
2008.04.07 10:03:52.017,2.0139,2.0143,0.40,0.40
2008.04.07 10:03:52.286,2.0139,2.0143,0.40,0.40
2008.04.07 10:03:52.563,2.0139,2.0143,0.40,0.40
2008.04.07 10:03:52.831,2.0139,2.0143,0.40,0.40
2008.04.07 10:03:53.099,2.0139,2.0143,0.40,0.40
2008.04.07 10:03:53.432,2.0139,2.0143,0.40,0.40
2008.04.07 10:03:53.800,2.0139,2.0143,0.40,0.40
2008.04.07 10:03:54.134,2.0139,2.0143,0.40,0.40
2008.04.07 10:03:54.478,2.014,2.0144,0.40,0.30
2008.04.07 10:03:54.800,2.014,2.0144,0.40,0.30
2008.04.07 10:03:55.122,2.014,2.0144,0.40,0.30
2008.04.07 10:03:55.386,2.014,2.0144,0.40,0.30
2008.04.07 10:03:55.652,2.014,2.0144,0.40,0.30
2008.04.07 10:03:55.889,2.014,2.0144,0.40,0.30
2008.04.07 10:03:56.117,2.014,2.0144,0.40,0.30
2008.04.07 10:03:56.346,2.014,2.0144,0.40,0.30
2008.04.07 10:03:56.645,2.014,2.0144,0.40,0.30
2008.04.07 10:03:56.945,2.014,2.0144,0.40,0.30
2008.04.07 10:03:57.243,2.014,2.0144,0.40,0.30
2008.04.07 10:03:57.507,2.014,2.0144,0.40,0.30
2008.04.07 10:03:57.771,2.014,2.0144,0.40,0.30
2008.04.07 10:03:58.036,2.014,2.01435,0.40,0.30
2008.04.07 10:03:58.300,2.014,2.01435,0.40,0.30
2008.04.07 10:03:58.635,2.01375,2.01435,3.80,0.30
2008.04.07 10:03:58.969,2.01375,2.01435,1.60,0.30
2008.04.07 10:03:59.303,2.01375,2.01435,1.60,0.30
2008.04.07 10:03:59.638,2.014,2.0144,0.40,0.30
2008.04.07 10:03:59.972,2.014,2.0144,0.40,0.30
2008.04.07 10:04:00.329,2.014,2.0144,0.40,0.30
2008.04.07 10:04:00.606,2.014,2.0143,0.40,0.30
2008.04.07 10:04:00.850,2.014,2.0143,0.40,0.30
2008.04.07 10:04:01.123,2.0139,2.0143,0.40,0.30
2008.04.07 10:04:01.357,2.0139,2.0143,0.40,0.30
2008.04.07 10:04:01.658,2.014,2.01435,0.40,1.60
2008.04.07 10:04:01.957,2.014,2.0144,0.40,0.30
2008.04.07 10:04:02.256,2.014,2.0144,0.40,0.30
2008.04.07 10:04:02.495,2.014,2.0144,0.40,0.30
2008.04.07 10:04:02.732,2.014,2.0144,0.40,0.30
2008.04.07 10:04:02.971,2.014,2.0144,0.40,0.30
2008.04.07 10:04:03.210,2.014,2.0144,0.40,0.30
2008.04.07 10:04:03.449,2.014,2.0144,0.40,0.30
2008.04.07 10:04:03.818,2.014,2.0144,0.40,0.30
2008.04.07 10:04:04.152,2.014,2.0144,0.40,0.30
2008.04.07 10:04:04.523,2.014,2.0144,0.40,0.30
2008.04.07 10:04:04.855,2.014,2.0144,0.40,0.30
2008.04.07 10:04:05.192,2.014,2.0144,0.40,0.30
2008.04.07 10:04:05.539,2.014,2.0144,0.40,0.30
2008.04.07 10:04:05.766,2.014,2.0144,0.40,0.30
2008.04.07 10:04:06.026,2.014,2.0144,0.40,0.30
2008.04.07 10:04:06.287,2.014,2.0144,0.40,0.30
2008.04.07 10:04:06.534,2.014,2.0144,0.40,0.30
2008.04.07 10:04:06.818,2.014,2.0144,0.40,0.30
2008.04.07 10:04:07.102,2.014,2.0144,0.40,0.30
2008.04.07 10:04:07.386,2.014,2.0144,0.40,0.30
2008.04.07 10:04:09.033,2.014,2.0144,0.40,0.30
2008.04.07 10:04:10.859,2.014,2.0144,0.40,0.30
2008.04.07 10:04:10.942,2.014,2.0144,0.40,0.30
2008.04.07 10:04:11.040,2.014,2.0144,0.40,0.30
2008.04.07 10:04:11.145,2.014,2.0144,0.40,0.30
2008.04.07 10:04:11.250,2.014,2.0144,0.40,0.30
2008.04.07 10:04:11.391,2.014,2.0144,0.40,0.30
2008.04.07 10:04:11.462,2.014,2.0144,0.40,0.30
2008.04.07 10:04:11.568,2.014,2.0144,0.40,0.30
2008.04.07 10:04:11.699,2.014,2.0144,0.40,0.30
2008.04.07 10:04:11.855,2.014,2.0144,0.40,0.30
2008.04.07 10:04:11.974,2.014,2.0144,0.40,0.30
2008.04.07 10:04:12.311,2.0139,2.01445,0.40,1.80
2008.04.07 10:04:12.647,2.0139,2.01435,0.40,0.30
2008.04.07 10:04:12.982,2.0139,2.01435,0.40,0.30
2008.04.07 10:04:13.316,2.0139,2.01435,0.40,0.30
2008.04.07 10:04:13.651,2.0139,2.01435,0.40,0.30
2008.04.07 10:04:13.986,2.0139,2.01435,0.40,0.30
2008.04.07 10:04:14.360,2.0139,2.01435,0.40,0.30
2008.04.07 10:04:14.704,2.0139,2.01435,0.40,0.30
2008.04.07 10:04:15.038,2.0139,2.01435,0.40,0.30
2008.04.07 10:04:15.290,2.0139,2.01435,0.40,0.30
2008.04.07 10:04:15.565,2.0139,2.01435,0.40,0.30
2008.04.07 10:04:15.836,2.0139,2.01435,0.40,0.30
2008.04.07 10:04:16.072,2.0139,2.0143,0.40,0.30
2008.04.07 10:04:16.396,2.0139,2.0143,0.40,0.30
2008.04.07 10:04:16.719,2.0139,2.0143,0.40,0.30
2008.04.07 10:04:17.043,2.0139,2.0143,0.40,0.30
2008.04.07 10:04:17.283,2.0139,2.0143,0.40,0.30
2008.04.07 10:04:17.525,2.0139,2.0143,0.40,0.30
2008.04.07 10:04:17.763,2.0139,2.0143,0.40,0.30
2008.04.07 10:04:18.002,2.0139,2.0143,0.40,0.30
2008.04.07 10:04:18.336,2.0139,2.0143,0.40,0.30
2008.04.07 10:04:18.670,2.0139,2.0143,0.40,0.30
2008.04.07 10:04:19.044,2.0139,2.0143,0.40,0.30
2008.04.07 10:04:19.337,2.0139,2.0143,0.40,0.30
2008.04.07 10:04:19.670,2.0139,2.0143,0.40,0.30
2008.04.07 10:04:20.004,2.0139,2.0143,0.40,0.30
2008.04.07 10:04:20.338,2.0139,2.0142,0.40,0.30
2008.04.07 10:04:20.563,2.0139,2.0143,0.40,0.30
2008.04.07 10:04:20.787,2.0139,2.0142,0.40,0.30
2008.04.07 10:04:21.011,2.0139,2.0142,0.40,0.30
2008.04.07 10:04:21.235,2.0139,2.0142,0.40,0.30
2008.04.07 10:04:21.524,2.0139,2.0142,0.40,0.30
2008.04.07 10:04:21.814,2.0138,2.01425,0.40,1.80
2008.04.07 10:04:22.104,2.0138,2.01425,0.40,1.80
2008.04.07 10:04:22.339,2.01365,2.01425,0.10,1.80
2008.04.07 10:04:22.602,2.01365,2.01425,0.10,1.80
2008.04.07 10:04:22.836,2.01365,2.01425,0.10,1.80
2008.04.07 10:04:23.098,2.01365,2.01425,0.10,1.80
2008.04.07 10:04:23.436,2.01365,2.01425,0.10,1.80
2008.04.07 10:04:23.772,2.0137,2.0143,0.10,0.30
2008.04.07 10:04:24.108,2.01375,2.01435,0.10,4.20
2008.04.07 10:04:24.445,2.01375,2.01435,0.10,4.20
2008.04.07 10:04:24.779,2.0138,2.01425,0.40,0.30
2008.04.07 10:04:25.115,2.0138,2.01425,0.40,0.30
2008.04.07 10:04:25.341,2.0138,2.01425,0.40,0.30
2008.04.07 10:04:25.558,2.0138,2.01425,0.40,0.30
2008.04.07 10:04:25.779,2.0138,2.01425,0.40,0.30
2008.04.07 10:04:26.036,2.0138,2.01425,0.40,0.30
2008.04.07 10:04:26.297,2.0138,2.01425,0.40,0.30
2008.04.07 10:04:26.632,2.0138,2.01425,0.40,0.30
2008.04.07 10:04:26.965,2.0138,2.01425,0.40,0.30
2008.04.07 10:04:27.293,2.0138,2.01425,0.40,0.30
2008.04.07 10:04:27.527,2.0138,2.01425,0.40,0.30
2008.04.07 10:04:27.763,2.0138,2.01415,0.40,0.30
2008.04.07 10:04:28.020,2.0138,2.01415,0.40,0.30
2008.04.07 10:04:28.292,2.0139,2.0143,0.40,0.30
2008.04.07 10:04:28.666,2.0139,2.0143,0.40,0.30
2008.04.07 10:04:29.000,2.0139,2.0143,0.40,0.30
2008.04.07 10:04:29.335,2.0139,2.0143,0.40,0.30
2008.04.07 10:04:29.671,2.0139,2.0142,0.40,0.30
2008.04.07 10:04:30.009,2.0139,2.0142,0.40,0.30
2008.04.07 10:04:30.370,2.0138,2.0142,0.40,0.30
2008.04.07 10:04:30.623,2.0138,2.0142,0.40,0.30
2008.04.07 10:04:30.876,2.0138,2.0142,0.40,0.30
2008.04.07 10:04:31.092,2.0138,2.0142,0.40,0.30
2008.04.07 10:04:31.342,2.0138,2.0142,0.40,0.30
2008.04.07 10:04:31.688,2.0138,2.0142,0.40,0.30
2008.04.07 10:04:32.036,2.0138,2.0142,0.40,0.30
2008.04.07 10:04:32.384,2.0138,2.0142,0.40,0.30
2008.04.07 10:04:32.656,2.0138,2.0142,0.40,0.30
2008.04.07 10:04:32.908,2.0138,2.0142,0.40,0.30
2008.04.07 10:04:33.181,2.0138,2.0142,0.40,0.30
2008.04.07 10:04:33.399,2.0138,2.0142,0.40,0.30
2008.04.07 10:04:33.733,2.0138,2.0142,0.40,0.30
2008.04.07 10:04:34.105,2.0138,2.0142,0.40,0.30
2008.04.07 10:04:34.411,2.0138,2.0142,0.40,0.30
2008.04.07 10:04:34.781,2.0138,2.0142,0.40,0.30
2008.04.07 10:04:35.153,2.0138,2.0142,0.40,0.30
2008.04.07 10:04:35.487,2.0138,2.0142,0.40,0.30
2008.04.07 10:04:37.417,2.0138,2.01415,0.40,0.30
2008.04.07 10:04:37.430,2.0137,2.01415,0.40,0.30
2008.04.07 10:04:37.552,2.0137,2.01415,0.40,0.30
2008.04.07 10:04:37.666,2.0137,2.01415,1.10,0.30
2008.04.07 10:04:37.718,2.0137,2.01415,1.10,0.30
2008.04.07 10:04:37.736,2.0137,2.01415,1.10,0.30
2008.04.07 10:04:37.803,2.0137,2.01415,1.10,0.30
2008.04.07 10:04:37.882,2.0137,2.01415,0.40,0.30
2008.04.07 10:04:37.959,2.0137,2.01415,0.40,0.30
2008.04.07 10:04:37.987,2.0137,2.01415,0.40,0.30
2008.04.07 10:04:38.109,2.0137,2.01415,0.40,0.30
2008.04.07 10:04:38.199,2.0137,2.01425,0.40,1.80
2008.04.07 10:04:38.227,2.0137,2.01425,0.40,1.80
2008.04.07 10:04:38.301,2.0137,2.01425,0.40,1.80
2008.04.07 10:04:38.316,2.0137,2.01425,0.40,1.80
2008.04.07 10:04:39.454,2.0137,2.01425,0.40,1.80
2008.04.07 10:04:39.526,2.0137,2.01425,0.40,0.30
2008.04.07 10:04:41.242,2.0137,2.0143,0.50,0.10
2008.04.07 10:04:41.285,2.0137,2.0143,0.50,0.10
2008.04.07 10:04:41.429,2.01365,2.01425,5.60,0.30
2008.04.07 10:04:41.573,2.01365,2.01425,5.60,0.30
2008.04.07 10:04:41.723,2.0138,2.0143,0.40,0.40
2008.04.07 10:04:41.871,2.0138,2.0143,0.40,0.40
2008.04.07 10:04:42.020,2.0138,2.0143,0.40,0.40
2008.04.07 10:04:42.196,2.0138,2.0143,0.40,0.10
2008.04.07 10:04:42.532,2.0138,2.01425,0.40,2.40
2008.04.07 10:04:42.868,2.0138,2.0141,0.40,0.30
2008.04.07 10:04:43.202,2.0138,2.0142,0.40,0.30
2008.04.07 10:04:43.537,2.0138,2.0142,0.40,0.30
2008.04.07 10:04:43.948,2.0138,2.0142,0.40,0.30
2008.04.07 10:04:44.321,2.0138,2.0142,0.40,0.30
2008.04.07 10:04:44.657,2.0138,2.0142,0.40,0.30
2008.04.07 10:04:44.992,2.0138,2.0142,0.40,0.30
2008.04.07 10:04:45.326,2.0138,2.0142,0.40,0.30
2008.04.07 10:04:45.550,2.0138,2.0142,0.40,0.30
2008.04.07 10:04:45.804,2.0138,2.0142,0.40,0.30
2008.04.07 10:04:46.051,2.0138,2.0142,0.40,0.30
2008.04.07 10:04:46.305,2.0137,2.0142,0.40,0.40
2008.04.07 10:04:46.618,2.0137,2.0142,0.40,0.40
2008.04.07 10:04:46.934,2.0137,2.0142,0.40,0.40
2008.04.07 10:04:47.248,2.0137,2.0142,0.40,0.40
2008.04.07 10:04:47.561,2.0137,2.0142,0.40,0.40
2008.04.07 10:04:47.850,2.0137,2.0142,0.40,0.40
2008.04.07 10:04:48.139,2.0137,2.0142,0.40,0.40
2008.04.07 10:04:48.440,2.0137,2.0142,0.40,0.40
2008.04.07 10:04:48.771,2.0137,2.0142,0.40,0.40
2008.04.07 10:04:49.105,2.0137,2.0142,0.40,0.40
2008.04.07 10:04:49.443,2.0137,2.0142,0.40,0.40
2008.04.07 10:04:49.775,2.0137,2.0142,0.40,0.40
2008.04.07 10:04:50.109,2.0137,2.0142,0.40,0.40
2008.04.07 10:04:50.444,2.0137,2.0142,0.40,0.40
2008.04.07 10:04:50.662,2.0137,2.0142,0.40,0.40
2008.04.07 10:04:50.881,2.0136,2.0142,0.40,0.40
2008.04.07 10:04:51.121,2.0136,2.0142,0.40,0.40
2008.04.07 10:04:51.342,2.0136,2.0142,0.40,0.40
2008.04.07 10:04:51.560,2.0136,2.0141,0.40,0.30
2008.04.07 10:04:51.883,2.0136,2.01405,0.40,0.30
2008.04.07 10:04:52.200,2.0136,2.01395,0.40,0.30
2008.04.07 10:04:52.522,2.0136,2.01395,0.40,1.80
2008.04.07 10:04:52.741,2.0136,2.01405,0.40,1.80
2008.04.07 10:04:52.959,2.0136,2.01405,0.40,0.30
2008.04.07 10:04:53.177,2.0136,2.01405,0.40,0.30
2008.04.07 10:04:53.397,2.0136,2.01405,0.40,0.30
2008.04.07 10:04:53.653,2.0136,2.01405,0.40,0.30
2008.04.07 10:04:53.986,2.0136,2.01405,0.40,0.30
2008.04.07 10:04:54.323,2.0136,2.0141,0.40,0.40
2008.04.07 10:04:54.656,2.0136,2.0141,0.40,0.40
2008.04.07 10:04:54.967,2.0136,2.0141,0.40,0.40
2008.04.07 10:04:55.276,2.0136,2.0141,0.40,0.10
2008.04.07 10:04:55.586,2.0136,2.01405,0.40,2.40
2008.04.07 10:04:55.897,2.0136,2.014,0.40,0.30
2008.04.07 10:04:56.223,2.0135,2.01405,0.40,1.80
2008.04.07 10:04:56.504,2.0135,2.01405,0.40,1.80
2008.04.07 10:04:56.782,2.0135,2.01405,0.40,1.80
2008.04.07 10:04:57.046,2.0135,2.01405,0.40,1.80
2008.04.07 10:04:57.276,2.0134,2.0138,0.40,0.30
2008.04.07 10:04:57.510,2.0134,2.0138,0.40,0.30
2008.04.07 10:04:57.738,2.0134,2.0139,0.40,0.10
2008.04.07 10:04:58.072,2.0134,2.0139,1.10,0.10
2008.04.07 10:04:58.407,2.0136,2.014,0.40,0.30
2008.04.07 10:04:58.741,2.0136,2.01405,0.40,1.80
2008.04.07 10:04:59.017,2.0136,2.01405,0.40,1.80
2008.04.07 10:04:59.257,2.0136,2.01405,0.40,1.80
2008.04.07 10:04:59.496,2.0136,2.01405,0.40,1.80
2008.04.07 10:04:59.735,2.0136,2.0141,0.40,0.40
2008.04.07 10:04:59.975,2.0136,2.0141,0.40,0.40
2008.04.07 10:05:00.346,2.0136,2.0141,0.40,0.40
2008.04.07 10:05:00.680,2.0136,2.0141,0.40,0.40
2008.04.07 10:05:01.014,2.0136,2.0141,0.40,0.40
2008.04.07 10:05:01.249,2.0136,2.0141,0.40,0.40
2008.04.07 10:05:01.483,2.0136,2.0141,0.40,0.40
2008.04.07 10:05:01.716,2.0136,2.0141,0.40,0.40
2008.04.07 10:05:01.951,2.0136,2.0141,0.40,0.40
2008.04.07 10:05:02.277,2.0136,2.01405,0.40,0.30
2008.04.07 10:05:02.599,2.0136,2.01405,0.40,0.30
2008.04.07 10:05:02.923,2.0136,2.01405,0.40,0.30
2008.04.07 10:05:03.256,2.0136,2.01405,0.40,0.30
2008.04.07 10:05:03.590,2.0136,2.01405,0.40,0.30
2008.04.07 10:05:03.929,2.0136,2.01405,0.40,0.30
2008.04.07 10:05:04.169,2.0136,2.01405,0.40,0.30
2008.04.07 10:05:04.409,2.0136,2.01405,0.40,0.30
2008.04.07 10:05:04.647,2.0136,2.01405,0.40,0.30
2008.04.07 10:05:04.885,2.0136,2.01405,0.40,0.30
2008.04.07 10:05:05.222,2.0136,2.01395,0.40,0.30
2008.04.07 10:05:05.558,2.0136,2.01395,0.40,0.30
2008.04.07 10:05:05.893,2.0136,2.01395,0.40,0.30
2008.04.07 10:05:06.122,2.0136,2.01395,0.40,0.30
2008.04.07 10:05:06.386,2.0137,2.0141,0.40,0.40
2008.04.07 10:05:06.608,2.0137,2.0141,0.40,0.40
2008.04.07 10:05:06.836,2.0137,2.0141,0.40,0.40
2008.04.07 10:05:07.093,2.0137,2.0141,0.40,0.40
2008.04.07 10:05:07.443,2.0135,2.014,0.40,0.30
2008.04.07 10:05:07.750,2.0135,2.014,0.40,0.30
2008.04.07 10:05:08.062,2.0135,2.014,0.40,0.30
2008.04.07 10:05:08.396,2.0135,2.014,0.40,0.30
2008.04.07 10:05:08.730,2.0135,2.014,0.40,0.30
2008.04.07 10:05:09.065,2.0135,2.014,0.40,0.30
2008.04.07 10:05:09.390,2.0135,2.01405,0.40,1.80
2008.04.07 10:05:09.713,2.0135,2.014,0.40,0.30
2008.04.07 10:05:10.037,2.0135,2.014,0.40,0.30
2008.04.07 10:05:10.364,2.0136,2.014,0.40,0.30
2008.04.07 10:05:10.633,2.0136,2.014,0.40,0.30
2008.04.07 10:05:10.928,2.0136,2.01395,0.40,1.80
2008.04.07 10:05:11.184,2.0136,2.01395,0.40,1.80
2008.04.07 10:05:11.443,2.0135,2.0139,0.40,0.30
2008.04.07 10:05:11.728,2.0135,2.014,0.40,0.40
2008.04.07 10:05:11.968,2.0135,2.014,0.40,0.40
2008.04.07 10:05:12.207,2.0135,2.014,0.40,0.40
2008.04.07 10:05:12.502,2.0135,2.014,0.40,0.40
2008.04.07 10:05:12.799,2.0135,2.014,0.40,0.40
2008.04.07 10:05:13.091,2.0135,2.014,0.40,0.40
2008.04.07 10:05:13.385,2.0135,2.014,0.40,0.40
2008.04.07 10:05:13.719,2.0135,2.014,0.40,0.40
2008.04.07 10:05:14.052,2.0135,2.014,0.40,0.40
2008.04.07 10:05:14.387,2.0135,2.014,0.40,0.40
2008.04.07 10:05:14.696,2.0135,2.014,0.40,0.40
2008.04.07 10:05:15.039,2.0135,2.014,0.40,0.40
2008.04.07 10:05:15.383,2.0135,2.014,0.40,0.40
2008.04.07 10:05:15.650,2.0135,2.014,0.40,0.40
2008.04.07 10:05:15.874,2.0135,2.0139,0.40,0.30
2008.04.07 10:05:16.134,2.0135,2.0139,0.40,0.30
2008.04.07 10:05:17.903,2.0135,2.0139,0.40,0.30
2008.04.07 10:05:17.994,2.0135,2.0139,0.40,0.30
2008.04.07 10:05:18.079,2.0135,2.0139,0.40,0.30
2008.04.07 10:05:18.162,2.0135,2.0139,0.40,0.30
2008.04.07 10:05:18.178,2.0135,2.0139,0.40,0.30
2008.04.07 10:05:18.254,2.0135,2.0139,0.40,0.30
2008.04.07 10:05:19.840,2.01335,2.0139,8.00,0.40
2008.04.07 10:05:20.221,2.01335,2.0139,0.10,0.10
2008.04.07 10:05:20.553,2.01345,2.0139,2.40,0.10
2008.04.07 10:05:20.888,2.0136,2.01405,0.40,2.40
2008.04.07 10:05:21.227,2.0137,2.01405,0.40,2.40
2008.04.07 10:05:21.561,2.0137,2.0141,0.40,0.30
2008.04.07 10:05:21.896,2.0136,2.0139,0.40,0.10
2008.04.07 10:05:22.121,2.0136,2.0141,0.40,0.40
2008.04.07 10:05:22.345,2.0136,2.01405,0.40,0.30
2008.04.07 10:05:22.608,2.0136,2.01405,0.40,0.30
2008.04.07 10:05:22.840,2.0136,2.0141,0.40,0.40
2008.04.07 10:05:23.089,2.0136,2.0141,0.40,0.40
2008.04.07 10:05:23.421,2.0136,2.0141,0.40,0.40
2008.04.07 10:05:23.754,2.0136,2.0141,0.40,0.40
2008.04.07 10:05:24.089,2.0136,2.01405,0.40,0.30
2008.04.07 10:05:24.334,2.0136,2.01405,0.40,2.60
2008.04.07 10:05:24.578,2.0136,2.01405,0.40,2.60
2008.04.07 10:05:24.829,2.0136,2.01395,0.40,0.30
2008.04.07 10:05:25.075,2.0136,2.01395,0.40,0.30
2008.04.07 10:05:25.415,2.0136,2.01395,0.40,0.30
2008.04.07 10:05:25.747,2.0136,2.01395,0.40,0.30
2008.04.07 10:05:26.118,2.0136,2.01395,0.40,0.30
2008.04.07 10:05:26.362,2.0136,2.01395,0.40,0.30
2008.04.07 10:05:26.597,2.0136,2.0139,0.40,0.30
2008.04.07 10:05:26.832,2.0136,2.0139,0.40,0.30
2008.04.07 10:05:27.066,2.0136,2.0139,0.40,0.30
2008.04.07 10:05:27.371,2.0136,2.01395,0.40,0.30
2008.04.07 10:05:27.676,2.0136,2.01395,0.40,0.30
2008.04.07 10:05:27.980,2.0136,2.01395,0.40,2.60
2008.04.07 10:05:28.284,2.0136,2.01395,0.40,2.60
2008.04.07 10:05:28.618,2.0136,2.01395,0.40,0.30
2008.04.07 10:05:28.991,2.0136,2.01395,0.40,0.30
2008.04.07 10:05:29.364,2.0136,2.01395,0.40,0.30
2008.04.07 10:05:29.700,2.0136,2.01395,0.40,0.30
2008.04.07 10:05:30.034,2.0136,2.01395,0.40,0.30
2008.04.07 10:05:30.368,2.0136,2.01395,0.40,0.30
2008.04.07 10:05:30.599,2.0136,2.01395,0.40,0.30
2008.04.07 10:05:30.829,2.0136,2.01395,0.40,0.30
2008.04.07 10:05:31.106,2.0136,2.01385,0.40,0.30
2008.04.07 10:05:31.376,2.0136,2.01385,0.40,0.30
2008.04.07 10:05:31.643,2.0135,2.01385,0.40,0.30
2008.04.07 10:05:31.907,2.0135,2.01385,0.40,0.30
2008.04.07 10:05:32.171,2.0135,2.01385,0.40,0.30
2008.04.07 10:05:32.469,2.0135,2.01385,0.40,0.30
2008.04.07 10:05:32.768,2.0135,2.01385,0.40,0.30
2008.04.07 10:05:33.069,2.0135,2.01385,0.40,0.30
2008.04.07 10:05:33.370,2.0135,2.01385,0.40,0.30
2008.04.07 10:05:33.745,2.0135,2.01385,0.40,0.30
2008.04.07 10:05:34.083,2.0135,2.01385,0.40,0.30
2008.04.07 10:05:34.418,2.0135,2.01385,0.40,0.30
2008.04.07 10:05:34.770,2.0135,2.01385,0.40,0.30
2008.04.07 10:05:35.144,2.0135,2.01385,0.40,0.30
2008.04.07 10:05:35.518,2.0135,2.01385,0.40,0.30
2008.04.07 10:05:35.782,2.0135,2.01385,0.40,0.30
2008.04.07 10:05:36.085,2.0135,2.01385,0.40,0.30
2008.04.07 10:05:36.350,2.0135,2.01385,0.40,0.30
2008.04.07 10:05:36.631,2.0135,2.01385,0.40,0.30
2008.04.07 10:05:36.914,2.0135,2.01385,0.40,0.30
2008.04.07 10:05:37.199,2.0135,2.01385,0.40,0.30
2008.04.07 10:05:37.487,2.0135,2.01385,0.40,0.30
2008.04.07 10:05:37.783,2.0135,2.01385,0.40,0.30
2008.04.07 10:05:38.072,2.0135,2.01385,0.40,0.30
2008.04.07 10:05:38.364,2.0135,2.0139,0.40,0.10
2008.04.07 10:05:38.700,2.0135,2.0139,0.40,0.10
2008.04.07 10:05:39.067,2.0135,2.0139,0.40,0.10
2008.04.07 10:05:39.406,2.0135,2.0139,0.40,0.10
2008.04.07 10:05:39.743,2.0135,2.0139,0.40,0.10
2008.04.07 10:05:40.077,2.0135,2.0139,0.40,0.10
2008.04.07 10:05:40.413,2.0135,2.01385,0.40,0.30
2008.04.07 10:05:40.647,2.0135,2.01385,0.40,0.30
2008.04.07 10:05:40.882,2.0135,2.01385,0.40,0.30
2008.04.07 10:05:41.115,2.0135,2.01385,0.40,0.30
2008.04.07 10:05:41.349,2.0135,2.01385,0.40,0.30
2008.04.07 10:05:41.584,2.0135,2.01385,0.40,0.30
2008.04.07 10:05:41.914,2.0135,2.01385,0.40,0.30
2008.04.07 10:05:42.242,2.0135,2.01385,0.40,0.30
2008.04.07 10:05:42.572,2.0135,2.01385,0.40,0.30
2008.04.07 10:05:42.790,2.0135,2.01385,0.40,0.30
2008.04.07 10:05:43.022,2.0135,2.01385,0.40,0.30
2008.04.07 10:05:43.293,2.0135,2.01385,0.40,0.30
2008.04.07 10:05:43.447,2.0135,2.01385,0.40,0.30
2008.04.07 10:05:43.661,2.0135,2.01385,0.40,1.80
2008.04.07 10:05:43.996,2.0134,2.0137,0.40,0.30
2008.04.07 10:05:44.331,2.0134,2.0137,0.40,0.30
2008.04.07 10:05:44.666,2.0134,2.0138,0.40,0.30
2008.04.07 10:05:45.001,2.0134,2.0138,0.40,0.30
2008.04.07 10:05:45.336,2.0134,2.0138,0.40,0.30
2008.04.07 10:05:45.672,2.0134,2.0138,0.40,0.30
2008.04.07 10:05:45.942,2.0134,2.0137,0.40,0.30
2008.04.07 10:05:46.206,2.0134,2.0136,0.40,0.30
2008.04.07 10:05:46.431,2.0133,2.01365,1.10,0.30
2008.04.07 10:05:46.658,2.0133,2.01365,0.80,0.30
2008.04.07 10:05:46.984,2.0133,2.01365,0.80,0.30
2008.04.07 10:05:47.308,2.0133,2.01365,0.80,0.30
2008.04.07 10:05:47.633,2.0133,2.01365,0.80,0.30
2008.04.07 10:05:47.856,2.0133,2.01365,0.80,0.30
2008.04.07 10:05:48.081,2.0133,2.01365,0.80,0.30
2008.04.07 10:05:48.307,2.0133,2.01355,0.80,0.30
2008.04.07 10:05:48.533,2.0133,2.01375,1.10,1.80
2008.04.07 10:05:48.758,2.0132,2.01365,0.40,0.30
2008.04.07 10:05:49.131,2.0132,2.01365,0.40,0.30
2008.04.07 10:05:49.474,2.0132,2.01365,0.40,0.30
2008.04.07 10:05:49.803,2.0132,2.01355,0.40,0.30
2008.04.07 10:05:50.138,2.0132,2.01365,0.40,1.80
2008.04.07 10:05:50.474,2.0131,2.01365,0.40,1.80
2008.04.07 10:05:50.810,2.0131,2.01365,1.10,1.80
2008.04.07 10:05:51.082,2.0132,2.01365,0.40,1.80
2008.04.07 10:05:51.278,2.0132,2.01365,0.40,1.80
2008.04.07 10:05:51.511,2.0132,2.01365,0.40,1.80
2008.04.07 10:05:51.746,2.0132,2.01365,0.40,0.30
2008.04.07 10:05:52.100,2.0132,2.01365,0.40,0.30
2008.04.07 10:05:52.410,2.01325,2.0137,0.80,0.10
2008.04.07 10:05:52.722,2.01325,2.01365,2.40,0.30
2008.04.07 10:05:53.069,2.01325,2.0136,2.40,0.30
2008.04.07 10:05:53.337,2.01325,2.01355,2.40,0.30
2008.04.07 10:05:53.606,2.0131,2.01355,0.40,0.30
2008.04.07 10:05:53.873,2.0131,2.0135,0.40,0.30
2008.04.07 10:05:54.249,2.0131,2.0135,0.40,0.30
2008.04.07 10:05:54.587,2.0131,2.0135,0.40,0.30
2008.04.07 10:05:54.923,2.01315,2.0136,1.60,0.10
2008.04.07 10:05:55.260,2.0132,2.01355,0.80,0.30
2008.04.07 10:05:55.596,2.0133,2.01355,0.40,0.30
2008.04.07 10:05:55.932,2.0132,2.0135,1.10,0.10
2008.04.07 10:05:56.161,2.0132,2.0135,1.10,0.10
2008.04.07 10:05:56.443,2.0132,2.0135,1.10,0.10
2008.04.07 10:05:56.676,2.0132,2.0135,0.40,0.10
2008.04.07 10:05:56.919,2.0132,2.0135,0.40,0.10
2008.04.07 10:05:57.248,2.0132,2.0135,0.40,0.10
2008.04.07 10:05:57.618,2.0132,2.0135,0.40,0.10
2008.04.07 10:05:57.950,2.0131,2.0134,0.80,0.10
2008.04.07 10:05:58.283,2.0131,2.01345,1.10,0.30
2008.04.07 10:05:58.620,2.0131,2.0135,0.40,0.10
2008.04.07 10:05:58.954,2.0131,2.0135,1.10,0.10
2008.04.07 10:05:59.173,2.0132,2.0135,0.40,0.10
2008.04.07 10:05:59.393,2.0133,2.01345,0.40,0.30
2008.04.07 10:05:59.613,2.0132,2.01345,0.80,0.30
2008.04.07 10:05:59.833,2.0132,2.01355,1.10,0.30
2008.04.07 10:06:00.053,2.0132,2.01345,1.10,0.30
2008.04.07 10:06:00.387,2.0132,2.01345,1.10,0.30
2008.04.07 10:06:00.721,2.0132,2.01345,0.80,0.30
2008.04.07 10:06:01.056,2.0132,2.01335,0.80,0.30
2008.04.07 10:06:01.280,2.0132,2.01335,0.80,0.30
2008.04.07 10:06:01.505,2.0131,2.01335,0.40,0.30
2008.04.07 10:06:01.729,2.0131,2.01335,0.40,0.30
2008.04.07 10:06:01.968,2.0131,2.01335,0.40,0.30
2008.04.07 10:06:02.230,2.0131,2.0134,0.40,0.40
2008.04.07 10:06:02.588,2.0131,2.0134,0.40,0.40
2008.04.07 10:06:02.922,2.0131,2.0134,0.40,0.40
2008.04.07 10:06:03.254,2.0131,2.0134,0.40,0.40
2008.04.07 10:06:03.563,2.0131,2.0134,0.40,0.10
2008.04.07 10:06:03.873,2.013,2.01335,0.80,0.30
2008.04.07 10:06:04.179,2.013,2.01335,0.80,0.30
2008.04.07 10:06:04.555,2.013,2.0133,0.80,0.40
2008.04.07 10:06:04.889,2.0131,2.01345,0.40,1.60
2008.04.07 10:06:05.225,2.013,2.0134,0.40,0.10
2008.04.07 10:06:05.454,2.013,2.0134,0.40,0.40
2008.04.07 10:06:05.725,2.013,2.0133,0.40,0.30
2008.04.07 10:06:05.915,2.013,2.0133,0.40,0.30
2008.04.07 10:06:06.146,2.013,2.0134,0.40,0.40
2008.04.07 10:06:06.376,2.013,2.0134,0.40,0.40
2008.04.07 10:06:06.696,2.013,2.0132,0.40,0.30
2008.04.07 10:06:07.051,2.0129,2.01315,0.80,0.30
2008.04.07 10:06:07.371,2.0129,2.0131,0.80,0.10
2008.04.07 10:06:07.634,2.0128,2.01315,1.10,0.30
2008.04.07 10:06:07.859,2.0128,2.01315,1.10,0.30
2008.04.07 10:06:08.083,2.0128,2.01315,1.10,0.30
2008.04.07 10:06:08.343,2.0128,2.01315,1.10,0.30
2008.04.07 10:06:08.680,2.0128,2.0131,1.10,0.10
2008.04.07 10:06:09.014,2.0127,2.01315,0.40,0.30
2008.04.07 10:06:09.349,2.0127,2.0132,1.10,0.40
2008.04.07 10:06:09.684,2.01275,2.0132,1.60,0.10
2008.04.07 10:06:10.018,2.01275,2.0132,1.60,0.10
2008.04.07 10:06:10.354,2.01275,2.01315,1.60,0.30
2008.04.07 10:06:10.584,2.0127,2.01295,1.10,0.30
2008.04.07 10:06:10.813,2.0127,2.01295,0.40,0.30
2008.04.07 10:06:11.044,2.01255,2.0129,6.40,0.10
2008.04.07 10:06:11.274,2.0126,2.0129,0.80,0.10
2008.04.07 10:06:11.599,2.01265,2.0129,1.60,0.10
2008.04.07 10:06:11.925,2.01265,2.0129,1.60,0.10
2008.04.07 10:06:12.284,2.01265,2.0129,1.60,0.10
2008.04.07 10:06:12.545,2.01265,2.0129,1.60,0.10
2008.04.07 10:06:12.771,2.01265,2.0129,0.80,0.10
2008.04.07 10:06:12.995,2.01265,2.0129,0.80,0.10
2008.04.07 10:06:13.219,2.01255,2.0129,6.40,0.10
2008.04.07 10:06:13.443,2.01255,2.0129,6.40,0.10
2008.04.07 10:06:13.780,2.01255,2.0129,6.40,0.10
2008.04.07 10:06:14.115,2.01255,2.0129,2.40,0.10
2008.04.07 10:06:14.449,2.01255,2.0129,2.40,0.10
2008.04.07 10:06:14.782,2.01255,2.0129,2.40,0.10
2008.04.07 10:06:15.115,2.01255,2.0129,2.40,0.10
2008.04.07 10:06:15.451,2.01255,2.01285,0.80,0.30
2008.04.07 10:06:15.684,2.0125,2.01285,0.40,0.30
2008.04.07 10:06:15.919,2.0125,2.0128,0.40,0.10
2008.04.07 10:06:16.153,2.01255,2.0129,1.60,0.10
2008.04.07 10:06:16.388,2.01255,2.0129,6.40,0.10
2008.04.07 10:06:16.669,2.01255,2.0129,6.40,0.10
2008.04.07 10:06:16.949,2.01255,2.0129,6.40,0.10
2008.04.07 10:06:17.229,2.01255,2.0129,2.40,0.10
2008.04.07 10:06:17.508,2.0126,2.0129,0.80,0.10
2008.04.07 10:06:17.781,2.0126,2.0129,0.80,0.10
2008.04.07 10:06:18.092,2.0126,2.0129,0.80,0.10
2008.04.07 10:06:18.367,2.0126,2.0129,0.80,0.10
2008.04.07 10:06:18.643,2.0126,2.0129,0.80,0.10
2008.04.07 10:06:18.980,2.0126,2.0129,0.80,0.10
2008.04.07 10:06:19.316,2.01265,2.01305,0.80,0.30
2008.04.07 10:06:19.650,2.0127,2.0131,0.80,0.10
2008.04.07 10:06:20.022,2.0127,2.0131,0.80,0.10
2008.04.07 10:06:20.393,2.0127,2.0131,0.80,0.10
2008.04.07 10:06:20.747,2.0127,2.01305,0.80,0.30
2008.04.07 10:06:20.972,2.0127,2.01305,0.80,0.30
2008.04.07 10:06:21.196,2.0127,2.01305,0.80,0.30
2008.04.07 10:06:21.419,2.0127,2.01305,0.80,0.30
2008.04.07 10:06:21.645,2.0127,2.0131,0.80,0.10
2008.04.07 10:06:21.943,2.0127,2.0131,0.80,0.10
2008.04.07 10:06:22.242,2.0127,2.0131,0.80,0.10
2008.04.07 10:06:22.543,2.0127,2.0131,0.80,0.10
2008.04.07 10:06:22.828,2.0127,2.01305,0.80,0.30
2008.04.07 10:06:23.112,2.0127,2.01305,0.80,0.30
2008.04.07 10:06:23.398,2.0127,2.01305,0.80,0.30
2008.04.07 10:06:23.681,2.0127,2.01305,0.80,0.30
2008.04.07 10:06:24.026,2.0127,2.0131,0.80,0.40
2008.04.07 10:06:24.360,2.0127,2.0131,0.40,0.40
2008.04.07 10:06:24.693,2.0127,2.0131,0.40,0.40
2008.04.07 10:06:25.027,2.0127,2.0131,0.40,0.40
2008.04.07 10:06:25.362,2.0126,2.01305,1.10,0.30
2008.04.07 10:06:25.733,2.0126,2.01305,0.40,0.30
2008.04.07 10:06:25.957,2.0126,2.01305,0.40,0.30
2008.04.07 10:06:26.145,2.0126,2.01305,0.40,0.30
2008.04.07 10:06:26.370,2.0126,2.01305,0.40,0.30
2008.04.07 10:06:26.594,2.0126,2.01305,1.10,1.80
2008.04.07 10:06:26.915,2.0126,2.01295,1.10,0.30
2008.04.07 10:06:27.234,2.0126,2.01295,0.40,0.30
2008.04.07 10:06:27.556,2.0125,2.0129,0.40,0.40
2008.04.07 10:06:27.913,2.0125,2.0128,0.40,0.10
2008.04.07 10:06:28.170,2.0125,2.0128,0.40,0.10
2008.04.07 10:06:28.444,2.0125,2.0128,0.40,0.10
2008.04.07 10:06:28.704,2.0125,2.0128,0.40,0.10
2008.04.07 10:06:29.039,2.0125,2.0128,0.40,0.40
2008.04.07 10:06:29.373,2.0124,2.0127,0.40,0.10
2008.04.07 10:06:29.725,2.0125,2.0129,0.40,0.40
2008.04.07 10:06:30.060,2.0124,2.0128,0.40,0.40
2008.04.07 10:06:30.395,2.0124,2.0127,0.40,0.30
2008.04.07 10:06:30.728,2.0124,2.0128,0.40,0.40
2008.04.07 10:06:30.957,2.01235,2.0127,0.80,0.10
2008.04.07 10:06:31.186,2.0123,2.0127,1.10,0.10
2008.04.07 10:06:31.415,2.0123,2.0127,1.10,0.10
2008.04.07 10:06:31.645,2.0123,2.0127,1.10,0.10
2008.04.07 10:06:31.874,2.0123,2.0127,1.10,0.10
2008.04.07 10:06:32.220,2.0123,2.0127,1.10,0.10
2008.04.07 10:06:32.546,2.0123,2.0127,1.10,0.10
2008.04.07 10:06:32.875,2.01235,2.0127,2.40,0.10
2008.04.07 10:06:33.120,2.01235,2.0127,2.40,0.10
2008.04.07 10:06:33.365,2.01235,2.0127,2.40,0.10
2008.04.07 10:06:33.611,2.01235,2.0127,2.40,0.10
2008.04.07 10:06:33.895,2.01235,2.0127,2.40,0.10
2008.04.07 10:06:34.230,2.01235,2.0127,2.40,0.10
2008.04.07 10:06:34.611,2.01235,2.0127,0.80,0.10
2008.04.07 10:06:34.943,2.0123,2.0127,0.40,0.10
2008.04.07 10:06:35.237,2.0123,2.0127,0.40,0.10
2008.04.07 10:06:35.572,2.0123,2.0127,0.40,0.10
2008.04.07 10:06:35.952,2.0123,2.0127,0.40,0.10
2008.04.07 10:06:36.182,2.0123,2.0127,0.40,0.10
2008.04.07 10:06:36.414,2.0123,2.0127,0.40,0.10
2008.04.07 10:06:36.645,2.01225,2.0127,1.60,0.10
2008.04.07 10:06:36.875,2.01235,2.0126,4.00,0.10
2008.04.07 10:06:37.192,2.01235,2.01275,4.80,1.80
2008.04.07 10:06:37.548,2.01235,2.01275,0.80,1.80
2008.04.07 10:06:37.863,2.01215,2.01275,1.60,1.80
2008.04.07 10:06:38.123,2.0123,2.01275,0.40,1.80
2008.04.07 10:06:38.384,2.0123,2.01275,0.40,1.80
2008.04.07 10:06:38.644,2.0123,2.01275,0.40,1.80
2008.04.07 10:06:38.904,2.0123,2.01265,0.40,0.30
2008.04.07 10:06:39.243,2.0123,2.01275,0.40,1.80
2008.04.07 10:06:39.615,2.0123,2.01265,0.40,0.30
2008.04.07 10:06:39.951,2.0123,2.01265,0.40,0.30
2008.04.07 10:06:40.287,2.0123,2.01265,0.40,0.30
2008.04.07 10:06:40.620,2.0123,2.01265,0.40,0.30
2008.04.07 10:06:40.954,2.0123,2.01265,0.40,0.30
2008.04.07 10:06:41.190,2.0123,2.01265,0.40,0.30
2008.04.07 10:06:41.424,2.0123,2.01265,0.40,0.30
2008.04.07 10:06:41.657,2.0123,2.01265,0.40,0.30
2008.04.07 10:06:41.891,2.0123,2.01265,0.40,0.30
2008.04.07 10:06:42.185,2.0123,2.01265,0.40,0.30
2008.04.07 10:06:42.479,2.0123,2.01265,0.40,0.30
2008.04.07 10:06:42.774,2.0123,2.01265,0.40,0.30
2008.04.07 10:06:43.068,2.0123,2.01265,0.40,0.30
2008.04.07 10:06:43.442,2.0123,2.01265,0.40,0.30
2008.04.07 10:06:43.780,2.0123,2.01265,0.40,0.30
2008.04.07 10:06:44.115,2.0123,2.01265,0.40,0.30
2008.04.07 10:06:44.392,2.0123,2.0127,0.40,0.40
2008.04.07 10:06:44.665,2.0123,2.0127,0.40,0.40
2008.04.07 10:06:44.941,2.0123,2.0126,0.40,0.30
2008.04.07 10:06:45.276,2.0123,2.0125,0.40,0.10
2008.04.07 10:06:45.612,2.0121,2.0124,0.40,0.10
2008.04.07 10:06:45.991,2.0121,2.0124,0.40,0.10
2008.04.07 10:06:46.248,2.0121,2.0124,0.40,0.10
2008.04.07 10:06:46.535,2.0121,2.0124,0.40,0.10
2008.04.07 10:06:46.813,2.0121,2.0124,0.40,0.10
2008.04.07 10:06:47.096,2.0121,2.0124,0.40,0.10
2008.04.07 10:06:47.430,2.0121,2.0124,0.40,0.10
2008.04.07 10:06:47.776,2.0121,2.0124,0.40,0.10
2008.04.07 10:06:48.097,2.0121,2.0124,0.40,0.10
2008.04.07 10:06:48.432,2.0121,2.0124,0.40,0.10
2008.04.07 10:06:48.835,2.0121,2.0124,0.40,0.10
2008.04.07 10:06:49.154,2.0121,2.0124,0.40,0.10
2008.04.07 10:06:49.393,2.0121,2.0124,0.40,0.10
2008.04.07 10:06:49.670,2.0121,2.0124,0.40,0.10
2008.04.07 10:06:49.891,2.0121,2.0124,0.40,0.10
2008.04.07 10:06:50.131,2.0121,2.0124,0.40,0.10
2008.04.07 10:06:50.466,2.0121,2.0125,0.40,0.10
2008.04.07 10:06:50.801,2.0122,2.01255,0.40,0.30
2008.04.07 10:06:51.136,2.0122,2.01265,0.40,2.40
2008.04.07 10:06:51.375,2.0122,2.01265,0.40,2.40
2008.04.07 10:06:51.615,2.0122,2.0127,0.40,0.40
2008.04.07 10:06:51.874,2.0122,2.0126,0.40,0.30
2008.04.07 10:06:52.114,2.0122,2.0126,0.40,0.30
2008.04.07 10:06:52.424,2.0122,2.01265,0.40,0.30
2008.04.07 10:06:52.734,2.0122,2.01265,0.40,0.30
2008.04.07 10:06:53.043,2.0122,2.01255,0.40,0.30
2008.04.07 10:06:53.378,2.0121,2.01245,0.40,0.30
2008.04.07 10:06:53.714,2.0121,2.0124,0.40,0.10
2008.04.07 10:06:54.089,2.0121,2.0124,0.40,0.10
2008.04.07 10:06:54.327,2.0121,2.0124,0.40,0.10
2008.04.07 10:06:54.577,2.0121,2.0124,0.40,0.10
2008.04.07 10:06:54.814,2.0121,2.0124,0.40,0.10
2008.04.07 10:06:55.051,2.0121,2.0124,0.40,0.10
2008.04.07 10:06:55.416,2.0121,2.0124,0.40,0.10
2008.04.07 10:06:55.721,2.0121,2.0124,0.40,0.10
2008.04.07 10:06:56.056,2.0121,2.0125,0.40,0.10
2008.04.07 10:06:56.286,2.0121,2.0125,0.40,0.10
2008.04.07 10:06:56.534,2.0121,2.0125,0.40,0.10
2008.04.07 10:06:56.792,2.0121,2.0125,0.40,0.10
2008.04.07 10:06:57.062,2.0121,2.0125,0.40,0.10
2008.04.07 10:06:57.374,2.0121,2.0125,0.40,0.10
2008.04.07 10:06:57.690,2.0122,2.01265,0.40,1.80
2008.04.07 10:06:57.999,2.0122,2.01265,0.40,1.80
2008.04.07 10:06:58.312,2.0122,2.01265,0.40,1.80
2008.04.07 10:06:58.651,2.0122,2.01265,0.40,1.80
2008.04.07 10:06:58.984,2.0122,2.01265,0.40,1.80
2008.04.07 10:06:59.319,2.0122,2.01265,0.40,1.80
2008.04.07 10:06:59.544,2.0122,2.01265,0.40,1.80
2008.04.07 10:06:59.769,2.0122,2.01265,0.40,1.80
2008.04.07 10:06:59.994,2.0122,2.01255,0.40,0.30
2008.04.07 10:07:00.226,2.0122,2.01255,0.40,0.30
2008.04.07 10:07:00.556,2.0121,2.01245,0.40,0.30
2008.04.07 10:07:00.892,2.0121,2.0124,0.40,0.10
2008.04.07 10:07:01.227,2.0119,2.01225,0.40,0.30
2008.04.07 10:07:01.482,2.0119,2.01225,0.40,0.30
2008.04.07 10:07:01.698,2.0119,2.0124,0.40,0.10
2008.04.07 10:07:01.912,2.012,2.01245,0.40,0.30
2008.04.07 10:07:02.137,2.012,2.01245,0.40,0.30
2008.04.07 10:07:02.351,2.012,2.01245,0.40,1.80
2008.04.07 10:07:02.689,2.012,2.01235,0.40,0.30
2008.04.07 10:07:03.023,2.0119,2.01235,0.40,0.30
2008.04.07 10:07:03.358,2.0119,2.01235,0.40,0.30
2008.04.07 10:07:03.693,2.0119,2.01235,0.40,0.30
2008.04.07 10:07:04.027,2.0119,2.01235,0.40,0.30
2008.04.07 10:07:04.362,2.0119,2.01235,0.40,0.30
2008.04.07 10:07:04.699,2.0119,2.01235,0.40,0.30
2008.04.07 10:07:05.034,2.0119,2.01225,0.40,0.30
2008.04.07 10:07:05.408,2.0119,2.01235,0.40,0.30
2008.04.07 10:07:05.590,2.0119,2.01235,0.40,0.30
2008.04.07 10:07:05.810,2.0119,2.01235,0.40,0.30
2008.04.07 10:07:06.030,2.0119,2.01235,0.40,0.30
2008.04.07 10:07:06.249,2.0119,2.01235,0.40,0.30
2008.04.07 10:07:06.468,2.0119,2.01235,0.40,0.30
2008.04.07 10:07:06.810,2.0119,2.01235,0.40,0.30
2008.04.07 10:07:07.173,2.0119,2.01235,0.40,0.30
2008.04.07 10:07:07.546,2.0119,2.01235,0.40,0.30
2008.04.07 10:07:07.798,2.0119,2.01235,0.40,0.30
2008.04.07 10:07:08.019,2.0119,2.01225,0.40,0.30
2008.04.07 10:07:08.286,2.0119,2.01225,0.40,0.30
2008.04.07 10:07:09.134,2.0119,2.01235,0.40,0.30
2008.04.07 10:07:09.467,2.0119,2.01235,0.40,0.30
2008.04.07 10:07:09.668,2.0119,2.01235,0.40,0.30
2008.04.07 10:07:09.868,2.0119,2.0124,0.40,0.40
2008.04.07 10:07:10.068,2.0119,2.01225,0.40,0.30
2008.04.07 10:07:10.268,2.0119,2.01225,0.40,0.30
2008.04.07 10:07:10.470,2.0119,2.01195,0.40,0.30
2008.04.07 10:07:10.807,2.0117,2.01205,0.40,0.30
2008.04.07 10:07:11.142,2.0118,2.0122,0.40,0.40
2008.04.07 10:07:11.476,2.0118,2.0122,0.40,0.40
2008.04.07 10:07:11.814,2.0119,2.0123,0.40,0.30
2008.04.07 10:07:12.054,2.0119,2.0123,0.40,0.30
2008.04.07 10:07:12.294,2.0119,2.0123,0.40,0.30
2008.04.07 10:07:12.537,2.0119,2.01215,0.40,0.30
2008.04.07 10:07:12.840,2.0119,2.01215,0.40,0.30
2008.04.07 10:07:13.172,2.0117,2.01215,0.40,0.30
2008.04.07 10:07:13.481,2.0117,2.01215,0.40,0.30
2008.04.07 10:07:13.786,2.0117,2.01205,0.40,0.30
2008.04.07 10:07:14.122,2.0117,2.01215,0.40,0.30
2008.04.07 10:07:14.494,2.0117,2.01205,0.40,0.30
2008.04.07 10:07:14.832,2.0118,2.01215,0.40,0.30
2008.04.07 10:07:15.171,2.0118,2.01215,0.40,0.30
2008.04.07 10:07:15.547,2.0118,2.01205,0.40,0.30
2008.04.07 10:07:15.861,2.0116,2.01215,0.40,0.30
2008.04.07 10:07:16.098,2.0117,2.01195,0.40,0.30
2008.04.07 10:07:16.334,2.0117,2.01195,0.40,0.30
2008.04.07 10:07:16.569,2.0117,2.0119,0.40,0.10
2008.04.07 10:07:16.860,2.0117,2.0119,0.40,0.10
2008.04.07 10:07:17.148,2.0117,2.0119,0.40,0.10
2008.04.07 10:07:17.475,2.0117,2.0118,0.40,0.30
2008.04.07 10:07:17.766,2.0117,2.012,0.40,0.30
2008.04.07 10:07:18.055,2.0117,2.0119,0.40,0.30
2008.04.07 10:07:18.345,2.0117,2.0119,0.40,0.30
2008.04.07 10:07:18.676,2.0115,2.0117,0.40,0.10
2008.04.07 10:07:19.013,2.0115,2.0117,0.40,0.10
2008.04.07 10:07:19.390,2.0115,2.0117,0.40,0.10
2008.04.07 10:07:19.725,2.0112,2.0115,0.40,0.10
2008.04.07 10:07:20.060,2.0113,2.0117,0.40,0.10
2008.04.07 10:07:20.395,2.0113,2.0117,0.40,0.10
2008.04.07 10:07:20.732,2.0112,2.0115,0.40,0.10
2008.04.07 10:07:21.078,2.0113,2.0117,0.40,0.40
2008.04.07 10:07:21.321,2.0113,2.0117,0.40,0.40
2008.04.07 10:07:21.562,2.0113,2.0117,0.40,0.40
2008.04.07 10:07:21.802,2.0113,2.0117,0.40,0.40
2008.04.07 10:07:22.127,2.0113,2.0116,0.40,0.30
2008.04.07 10:07:22.453,2.0113,2.0117,0.40,0.40
2008.04.07 10:07:22.779,2.0113,2.0116,0.40,0.30
2008.04.07 10:07:23.025,2.0113,2.0117,0.40,0.40
2008.04.07 10:07:23.312,2.0113,2.0117,0.40,0.40
2008.04.07 10:07:23.558,2.0113,2.0117,0.40,0.40
2008.04.07 10:07:23.804,2.0113,2.0117,0.40,0.40
2008.04.07 10:07:24.138,2.0113,2.0117,0.40,0.40
2008.04.07 10:07:24.476,2.0114,2.0118,0.40,0.30
2008.04.07 10:07:24.811,2.0114,2.0118,0.40,0.30
2008.04.07 10:07:25.143,2.0114,2.0118,0.40,0.30
2008.04.07 10:07:25.514,2.0114,2.0118,0.40,0.30
2008.04.07 10:07:25.848,2.0114,2.0118,0.40,0.30
2008.04.07 10:07:26.184,2.0114,2.01175,0.40,0.30
2008.04.07 10:07:26.414,2.0114,2.01175,0.40,0.30
2008.04.07 10:07:26.663,2.0114,2.01185,0.40,0.30
2008.04.07 10:07:26.928,2.0114,2.01185,0.40,0.30
2008.04.07 10:07:27.246,2.0114,2.01175,0.40,0.30
2008.04.07 10:07:27.566,2.0114,2.01185,0.40,0.30
2008.04.07 10:07:27.885,2.0115,2.01185,0.40,0.30
2008.04.07 10:07:28.205,2.0115,2.01185,0.40,0.30
2008.04.07 10:07:28.540,2.0115,2.0118,0.40,0.40
2008.04.07 10:07:28.874,2.0115,2.0118,0.40,0.40
2008.04.07 10:07:29.209,2.0115,2.0118,0.40,0.40
2008.04.07 10:07:29.440,2.0115,2.0118,0.40,0.40
2008.04.07 10:07:29.669,2.0115,2.0118,0.40,0.40
2008.04.07 10:07:29.899,2.0115,2.0118,0.40,0.10
2008.04.07 10:07:30.135,2.0115,2.0118,0.40,0.10
2008.04.07 10:07:30.469,2.0115,2.0118,0.40,0.40
2008.04.07 10:07:30.804,2.0115,2.0118,0.40,0.40
2008.04.07 10:07:31.180,2.0115,2.01175,0.40,0.30
2008.04.07 10:07:31.353,2.0115,2.01175,0.40,0.30
2008.04.07 10:07:31.569,2.0115,2.0118,0.40,0.10
2008.04.07 10:07:31.782,2.0115,2.0118,0.40,0.10
2008.04.07 10:07:31.997,2.0115,2.0118,0.40,0.10
2008.04.07 10:07:32.246,2.01135,2.0118,1.60,0.10
2008.04.07 10:07:32.581,2.01135,2.0118,1.60,0.10
2008.04.07 10:07:32.917,2.01135,2.0118,1.60,0.10
2008.04.07 10:07:33.252,2.0114,2.0118,0.40,0.40
2008.04.07 10:07:33.587,2.0114,2.0118,0.40,0.40
2008.04.07 10:07:33.920,2.0114,2.0118,0.40,0.40
2008.04.07 10:07:34.256,2.0114,2.0118,0.40,0.40
2008.04.07 10:07:34.500,2.0114,2.01175,0.40,0.30
2008.04.07 10:07:34.785,2.0114,2.01175,0.40,0.30
2008.04.07 10:07:34.990,2.0114,2.0118,0.40,0.10
2008.04.07 10:07:35.235,2.0114,2.01175,0.40,0.30
2008.04.07 10:07:35.611,2.0114,2.01175,0.40,0.30
2008.04.07 10:07:35.942,2.0114,2.0118,0.40,0.40
2008.04.07 10:07:36.277,2.0114,2.0118,0.40,0.40
2008.04.07 10:07:36.537,2.0114,2.0118,0.40,0.40
2008.04.07 10:07:36.806,2.0114,2.0118,0.40,0.40
2008.04.07 10:07:37.034,2.0114,2.0118,0.40,0.40
2008.04.07 10:07:37.263,2.0114,2.0118,0.40,0.40
2008.04.07 10:07:37.597,2.0114,2.0118,0.40,0.40
2008.04.07 10:07:37.969,2.0114,2.0118,0.40,0.40
2008.04.07 10:07:38.266,2.0114,2.0118,0.40,0.40
2008.04.07 10:07:38.601,2.0114,2.0118,0.40,0.40
2008.04.07 10:07:38.935,2.0114,2.0117,0.40,0.30
2008.04.07 10:07:39.270,2.0114,2.0118,0.40,0.40
2008.04.07 10:07:39.604,2.0114,2.0118,0.40,0.40
2008.04.07 10:07:39.938,2.0114,2.0118,0.40,0.40
2008.04.07 10:07:40.272,2.0114,2.0118,0.40,0.40
2008.04.07 10:07:40.511,2.0114,2.0118,0.40,0.40
2008.04.07 10:07:40.750,2.0114,2.0118,0.40,0.40
2008.04.07 10:07:40.989,2.0114,2.0118,0.40,0.40
2008.04.07 10:07:41.228,2.0114,2.0118,0.40,0.10
2008.04.07 10:07:41.469,2.0114,2.0118,0.40,0.40
2008.04.07 10:07:41.778,2.0114,2.0117,0.40,0.30
2008.04.07 10:07:42.087,2.0114,2.0116,0.40,0.10
2008.04.07 10:07:42.434,2.0114,2.0118,0.40,0.10
2008.04.07 10:07:42.677,2.0114,2.0118,0.40,0.10
2008.04.07 10:07:42.923,2.0114,2.0118,0.40,0.10
2008.04.07 10:07:43.168,2.0115,2.0118,0.40,0.10
2008.04.07 10:07:43.412,2.0115,2.0118,0.40,0.10
2008.04.07 10:07:43.746,2.0115,2.0118,0.40,0.10
2008.04.07 10:07:44.080,2.0115,2.0118,0.40,0.10
2008.04.07 10:07:44.414,2.0115,2.0118,0.40,0.10
2008.04.07 10:07:44.748,2.0115,2.0118,0.40,0.10
2008.04.07 10:07:45.119,2.0115,2.0118,0.40,0.10
2008.04.07 10:07:45.455,2.0115,2.0118,0.40,0.10
2008.04.07 10:07:45.685,2.0115,2.0118,0.40,0.10
2008.04.07 10:07:45.917,2.0115,2.0118,0.40,0.40
2008.04.07 10:07:46.146,2.0115,2.0118,0.40,0.40
2008.04.07 10:07:46.376,2.0115,2.0118,0.40,0.40
2008.04.07 10:07:46.712,2.0115,2.0117,0.40,0.30
2008.04.07 10:07:47.047,2.0113,2.0116,0.40,0.10
2008.04.07 10:07:47.382,2.0114,2.0118,0.40,0.40
2008.04.07 10:07:47.617,2.0114,2.0118,0.40,0.40
2008.04.07 10:07:47.852,2.0114,2.0118,0.40,0.10
2008.04.07 10:07:48.116,2.0114,2.0118,0.40,0.10
2008.04.07 10:07:48.351,2.0115,2.0118,0.40,0.10
2008.04.07 10:07:48.686,2.0115,2.0118,0.40,0.10
2008.04.07 10:07:49.023,2.01135,2.0116,4.00,0.40
2008.04.07 10:07:49.356,2.0113,2.0116,0.40,0.40
2008.04.07 10:07:49.691,2.0113,2.0116,0.40,0.10
2008.04.07 10:07:50.027,2.0114,2.0118,0.40,0.10
2008.04.07 10:07:50.361,2.0114,2.01175,0.40,0.30
2008.04.07 10:07:50.735,2.0114,2.01175,0.40,0.30
2008.04.07 10:07:50.975,2.0114,2.01175,0.40,0.30
2008.04.07 10:07:51.217,2.0114,2.01175,0.40,0.30
2008.04.07 10:07:51.457,2.0114,2.0118,0.40,0.40
2008.04.07 10:07:51.752,2.0114,2.0118,0.40,0.40
2008.04.07 10:07:52.048,2.0114,2.0118,0.40,0.40
2008.04.07 10:07:52.342,2.0114,2.0118,0.40,0.40
2008.04.07 10:07:52.679,2.0114,2.0118,0.40,0.40
2008.04.07 10:07:52.933,2.0114,2.0118,0.40,0.10
2008.04.07 10:07:53.218,2.0114,2.0118,0.40,0.40
2008.04.07 10:07:53.503,2.0114,2.0117,0.40,0.10
2008.04.07 10:07:53.837,2.0114,2.0117,0.40,0.10
2008.04.07 10:07:54.173,2.0114,2.0118,0.40,0.10
2008.04.07 10:07:54.507,2.0114,2.0118,0.40,0.10
2008.04.07 10:07:54.879,2.0115,2.0119,0.40,0.40
2008.04.07 10:07:55.214,2.0115,2.01185,0.40,0.30
2008.04.07 10:07:55.550,2.0113,2.01175,0.40,0.30
2008.04.07 10:07:55.780,2.0113,2.01185,0.40,0.30
2008.04.07 10:07:56.011,2.0113,2.0118,0.40,0.10
2008.04.07 10:07:56.283,2.0113,2.01185,0.40,0.30
2008.04.07 10:07:56.509,2.01135,2.0119,0.10,0.10
2008.04.07 10:07:56.813,2.0113,2.01185,0.40,0.30
2008.04.07 10:07:57.120,2.0114,2.0119,0.40,0.10
2008.04.07 10:07:57.424,2.0114,2.01185,0.40,0.30
2008.04.07 10:07:57.728,2.0114,2.01185,0.40,0.30
2008.04.07 10:07:58.002,2.0114,2.0119,0.40,0.10
2008.04.07 10:07:58.276,2.0114,2.0119,0.40,0.10
2008.04.07 10:07:58.551,2.0114,2.0119,0.40,0.10
2008.04.07 10:07:58.826,2.0114,2.0119,0.40,0.10
2008.04.07 10:07:59.204,2.0114,2.0119,0.40,0.10
2008.04.07 10:07:59.540,2.0114,2.0119,0.40,0.40
2008.04.07 10:07:59.872,2.0114,2.0119,0.40,0.40
2008.04.07 10:08:00.196,2.0114,2.0119,0.40,0.40
2008.04.07 10:08:00.520,2.0114,2.0119,0.40,0.40
2008.04.07 10:08:00.844,2.0114,2.0119,0.40,0.40
2008.04.07 10:08:01.099,2.0114,2.0119,0.40,0.40
2008.04.07 10:08:01.353,2.0114,2.0119,0.40,0.40
2008.04.07 10:08:01.608,2.0114,2.0119,0.40,0.40
2008.04.07 10:08:01.864,2.0114,2.0118,0.40,0.30
2008.04.07 10:08:02.147,2.0114,2.0119,0.40,0.40
2008.04.07 10:08:02.434,2.0114,2.0119,0.40,0.40
2008.04.07 10:08:02.718,2.0114,2.0119,0.40,0.40
2008.04.07 10:08:03.003,2.0114,2.0119,0.40,0.10
2008.04.07 10:08:03.293,2.0115,2.0119,0.40,0.10
2008.04.07 10:08:03.583,2.0115,2.0119,0.40,0.10
2008.04.07 10:08:03.871,2.0115,2.0119,0.40,0.10
2008.04.07 10:08:04.206,2.0116,2.01205,0.40,0.30
2008.04.07 10:08:04.540,2.0116,2.01205,0.40,0.30
2008.04.07 10:08:04.875,2.0116,2.01205,0.40,0.30
2008.04.07 10:08:05.209,2.0116,2.01205,0.40,0.30
2008.04.07 10:08:05.543,2.0116,2.01205,0.40,0.30
2008.04.07 10:08:05.876,2.0116,2.01205,0.40,0.30
2008.04.07 10:08:06.106,2.0116,2.01205,0.40,0.30
2008.04.07 10:08:06.339,2.0116,2.01215,0.40,1.80
2008.04.07 10:08:06.572,2.0116,2.01215,0.40,1.80
2008.04.07 10:08:06.817,2.0117,2.01215,0.40,1.80
2008.04.07 10:08:07.065,2.0117,2.01215,0.40,1.80
2008.04.07 10:08:07.404,2.0117,2.0121,0.40,0.10
2008.04.07 10:08:07.739,2.0117,2.01205,0.40,0.30
2008.04.07 10:08:08.073,2.0117,2.0121,0.40,0.10
2008.04.07 10:08:08.312,2.0117,2.0121,0.40,0.10
2008.04.07 10:08:08.553,2.0118,2.0121,0.40,0.10
2008.04.07 10:08:08.826,2.0119,2.0122,0.40,0.10
2008.04.07 10:08:09.068,2.0117,2.01215,0.40,0.30
2008.04.07 10:08:09.402,2.0117,2.01215,0.40,1.80
2008.04.07 10:08:09.738,2.0118,2.01215,0.40,0.30
2008.04.07 10:08:10.074,2.0118,2.0122,0.40,0.10
2008.04.07 10:08:10.446,2.0119,2.01235,0.40,4.20
2008.04.07 10:08:10.781,2.0119,2.01235,0.40,4.20
2008.04.07 10:08:11.114,2.0119,2.01235,0.40,4.20
2008.04.07 10:08:11.349,2.0119,2.0123,0.40,0.10
2008.04.07 10:08:11.577,2.0119,2.0123,0.40,0.40
2008.04.07 10:08:11.801,2.0119,2.0123,0.40,0.40
2008.04.07 10:08:12.026,2.0121,2.01235,0.40,2.40
2008.04.07 10:08:12.361,2.012,2.0124,0.40,0.30
2008.04.07 10:08:12.697,2.0119,2.0123,0.40,0.30
2008.04.07 10:08:13.035,2.0119,2.0124,0.40,0.40
2008.04.07 10:08:13.270,2.0119,2.0124,0.40,0.40
2008.04.07 10:08:13.504,2.0119,2.0124,0.40,0.40
2008.04.07 10:08:13.738,2.0119,2.0124,0.40,0.40
2008.04.07 10:08:13.972,2.0119,2.0124,0.40,0.40
2008.04.07 10:08:14.306,2.0119,2.0124,0.40,0.40
2008.04.07 10:08:14.642,2.0119,2.0124,0.40,0.40
2008.04.07 10:08:14.976,2.0119,2.0124,0.40,0.40
2008.04.07 10:08:15.350,2.0119,2.0124,0.40,0.10
2008.04.07 10:08:15.685,2.0119,2.0124,0.40,0.10
2008.04.07 10:08:16.025,2.0119,2.0124,0.40,0.10
2008.04.07 10:08:16.249,2.0119,2.0124,0.40,0.10
2008.04.07 10:08:16.472,2.0119,2.0124,0.40,0.10
2008.04.07 10:08:16.696,2.0119,2.0124,0.40,0.10
2008.04.07 10:08:16.922,2.0119,2.0124,0.40,0.10
2008.04.07 10:08:17.146,2.0119,2.0124,0.40,0.10
2008.04.07 10:08:17.518,2.0119,2.0124,0.40,0.10
2008.04.07 10:08:17.816,2.0119,2.0124,0.40,0.40
2008.04.07 10:08:18.151,2.0119,2.0124,0.50,0.10
2008.04.07 10:08:18.437,2.0119,2.0124,0.40,0.40
2008.04.07 10:08:18.721,2.0119,2.0124,0.50,0.10
2008.04.07 10:08:19.005,2.0119,2.0124,0.50,0.10
2008.04.07 10:08:19.290,2.012,2.0124,0.40,0.10
2008.04.07 10:08:19.604,2.012,2.0124,0.40,0.10
2008.04.07 10:08:19.919,2.012,2.0124,0.50,0.10
2008.04.07 10:08:20.233,2.0121,2.0125,0.40,0.30
2008.04.07 10:08:20.575,2.012,2.0126,0.50,0.40
2008.04.07 10:08:20.909,2.012,2.0125,0.40,0.30
2008.04.07 10:08:21.244,2.012,2.0126,0.50,0.40
2008.04.07 10:08:21.492,2.012,2.0126,0.50,0.40
2008.04.07 10:08:21.728,2.012,2.0126,0.50,0.40
2008.04.07 10:08:21.964,2.0121,2.0126,0.40,0.40
2008.04.07 10:08:22.198,2.0121,2.0126,0.40,0.40
2008.04.07 10:08:22.523,2.0121,2.01255,0.40,0.30
2008.04.07 10:08:22.847,2.0121,2.01255,0.40,0.30
2008.04.07 10:08:23.198,2.0121,2.0126,0.40,0.40
2008.04.07 10:08:23.534,2.012,2.0126,0.50,0.30
2008.04.07 10:08:23.870,2.012,2.01255,0.40,0.30
2008.04.07 10:08:24.245,2.012,2.01255,0.40,0.30
2008.04.07 10:08:24.580,2.012,2.01235,0.40,0.30
2008.04.07 10:08:24.915,2.012,2.01225,0.40,0.30
2008.04.07 10:08:25.251,2.0119,2.01235,0.40,0.30
2008.04.07 10:08:25.485,2.0119,2.01235,0.40,0.30
2008.04.07 10:08:25.757,2.01195,2.01255,0.10,1.80
2008.04.07 10:08:26.009,2.01195,2.01255,0.10,1.80
2008.04.07 10:08:26.227,2.0119,2.01245,0.40,0.30
2008.04.07 10:08:26.460,2.0119,2.01245,0.40,0.30
2008.04.07 10:08:26.785,2.0119,2.01245,0.40,0.30
2008.04.07 10:08:27.109,2.0119,2.01245,0.40,0.30
2008.04.07 10:08:27.433,2.0119,2.01245,0.40,0.30
2008.04.07 10:08:27.673,2.0119,2.0125,0.50,0.30
2008.04.07 10:08:27.912,2.0119,2.0125,0.50,0.30
2008.04.07 10:08:28.189,2.012,2.0125,0.40,0.30
2008.04.07 10:08:28.427,2.012,2.0125,0.40,0.30
2008.04.07 10:08:28.762,2.012,2.0125,0.40,0.30
2008.04.07 10:08:29.096,2.012,2.0125,0.40,0.30
2008.04.07 10:08:29.431,2.012,2.0125,0.40,0.30
2008.04.07 10:08:29.765,2.012,2.0125,0.40,0.30
2008.04.07 10:08:30.100,2.012,2.0125,0.40,0.30
2008.04.07 10:08:30.435,2.012,2.01255,0.50,1.60
2008.04.07 10:08:30.663,2.012,2.01255,0.50,1.60
2008.04.07 10:08:30.905,2.012,2.0124,0.40,0.30
2008.04.07 10:08:31.136,2.012,2.0125,0.40,0.30
2008.04.07 10:08:31.366,2.012,2.0125,0.40,0.30
2008.04.07 10:08:31.597,2.012,2.0125,0.40,0.30
2008.04.07 10:08:31.928,2.0119,2.0124,0.40,0.30
2008.04.07 10:08:32.299,2.0119,2.0123,0.40,0.30
2008.04.07 10:08:32.632,2.0119,2.01245,0.10,3.20
2008.04.07 10:08:32.872,2.012,2.01245,0.40,1.60
2008.04.07 10:08:33.112,2.012,2.0124,0.40,0.30
2008.04.07 10:08:33.355,2.012,2.01255,0.50,1.60
2008.04.07 10:08:33.594,2.0122,2.01255,0.40,1.60
2008.04.07 10:08:33.928,2.0122,2.01255,0.40,1.60
2008.04.07 10:08:34.263,2.0122,2.0126,0.40,0.40
2008.04.07 10:08:34.597,2.0122,2.01265,0.40,1.60
2008.04.07 10:08:34.932,2.0122,2.0127,0.50,0.10
2008.04.07 10:08:35.266,2.0124,2.01275,0.40,1.60
2008.04.07 10:08:35.601,2.0124,2.01265,0.40,0.30
2008.04.07 10:08:35.821,2.0124,2.01265,0.40,5.80
2008.04.07 10:08:36.040,2.0124,2.01265,0.40,5.80
2008.04.07 10:08:36.260,2.0123,2.0126,0.40,0.10
2008.04.07 10:08:36.478,2.0123,2.0126,0.40,0.10
2008.04.07 10:08:36.699,2.0123,2.0126,0.40,0.10
2008.04.07 10:08:37.026,2.0123,2.0126,0.40,0.10
2008.04.07 10:08:37.354,2.0123,2.0126,0.40,0.10
2008.04.07 10:08:37.680,2.0123,2.0126,0.40,0.10
2008.04.07 10:08:37.940,2.0123,2.0126,0.40,0.10
2008.04.07 10:08:38.171,2.0123,2.0126,0.40,0.10
2008.04.07 10:08:38.437,2.0123,2.0126,0.40,0.10
2008.04.07 10:08:38.696,2.0123,2.0126,0.40,0.10
2008.04.07 10:08:39.030,2.0123,2.0126,0.40,0.10
2008.04.07 10:08:39.364,2.0123,2.0126,0.40,0.10
2008.04.07 10:08:39.699,2.0122,2.0125,0.40,0.10
2008.04.07 10:08:40.033,2.0122,2.0125,0.40,0.10
2008.04.07 10:08:40.370,2.0121,2.0124,0.40,0.10
2008.04.07 10:08:40.746,2.0121,2.0124,0.40,0.10
2008.04.07 10:08:40.988,2.0121,2.0124,0.40,0.10
2008.04.07 10:08:41.230,2.0121,2.0124,0.40,0.10
2008.04.07 10:08:41.468,2.0121,2.0124,0.40,0.10
2008.04.07 10:08:41.706,2.0121,2.0124,0.40,0.10
2008.04.07 10:08:42.020,2.0121,2.0124,0.40,0.10
2008.04.07 10:08:42.334,2.0121,2.0124,0.40,0.10
2008.04.07 10:08:42.649,2.0121,2.0124,0.40,0.10
2008.04.07 10:08:43.008,2.0121,2.0124,0.40,0.10
2008.04.07 10:08:43.269,2.0121,2.0124,0.40,0.10
2008.04.07 10:08:43.527,2.0121,2.0124,0.40,0.10
2008.04.07 10:08:43.817,2.0121,2.0124,0.40,0.10
2008.04.07 10:08:44.150,2.0121,2.0124,0.40,0.10
2008.04.07 10:08:44.485,2.0121,2.0124,0.40,0.10
2008.04.07 10:08:44.822,2.0121,2.0124,0.40,0.10
2008.04.07 10:08:45.158,2.0121,2.0124,0.40,0.40
2008.04.07 10:08:45.493,2.012,2.0125,0.40,0.30
2008.04.07 10:08:45.829,2.012,2.0124,0.40,0.30
2008.04.07 10:08:46.044,2.012,2.0125,0.40,0.30
2008.04.07 10:08:46.260,2.012,2.0125,0.40,0.30
2008.04.07 10:08:46.473,2.012,2.0125,0.40,0.30
2008.04.07 10:08:46.720,2.012,2.0125,0.40,0.30
2008.04.07 10:08:46.978,2.012,2.0125,0.40,0.30
2008.04.07 10:08:47.368,2.012,2.0125,0.40,0.30
2008.04.07 10:08:47.732,2.012,2.0125,0.40,0.30
2008.04.07 10:08:48.072,2.012,2.0125,0.40,0.30
2008.04.07 10:08:48.266,2.012,2.0125,0.40,0.30
2008.04.07 10:08:48.465,2.012,2.0125,0.40,0.30
2008.04.07 10:08:48.665,2.012,2.01245,0.40,1.60
2008.04.07 10:08:48.864,2.012,2.0124,0.40,0.30
2008.04.07 10:08:49.063,2.012,2.0124,0.40,0.30
2008.04.07 10:08:49.397,2.0119,2.0123,0.40,0.10
2008.04.07 10:08:49.732,2.0119,2.0123,0.40,0.10
2008.04.07 10:08:50.099,2.0119,2.0123,0.40,0.10
2008.04.07 10:08:50.437,2.0119,2.0123,0.40,0.10
2008.04.07 10:08:50.771,2.0119,2.0123,0.40,0.10
2008.04.07 10:08:51.105,2.0119,2.0123,0.40,0.10
2008.04.07 10:08:51.328,2.0119,2.0123,0.40,0.10
2008.04.07 10:08:51.587,2.0119,2.0123,0.40,0.10
2008.04.07 10:08:51.848,2.0119,2.0123,0.40,0.10
2008.04.07 10:08:52.111,2.0119,2.0123,0.40,0.10
2008.04.07 10:08:52.405,2.0119,2.0123,0.40,0.10
2008.04.07 10:08:52.701,2.0121,2.0125,0.40,0.40
2008.04.07 10:08:52.996,2.0121,2.0125,0.40,0.40
2008.04.07 10:08:53.289,2.0121,2.0125,0.40,0.40
2008.04.07 10:08:53.623,2.0121,2.0125,0.40,0.40
2008.04.07 10:08:53.957,2.0121,2.0125,0.40,0.40
2008.04.07 10:08:54.291,2.0121,2.0125,0.40,0.40
2008.04.07 10:08:54.526,2.0121,2.0125,0.40,0.40
2008.04.07 10:08:54.797,2.0121,2.0125,0.40,0.40
2008.04.07 10:08:54.993,2.0121,2.0125,0.40,0.40
2008.04.07 10:08:55.228,2.0121,2.0125,0.40,0.40
2008.04.07 10:08:55.561,2.0121,2.0125,0.40,0.40
2008.04.07 10:08:55.894,2.0121,2.0125,0.40,0.40
2008.04.07 10:08:56.228,2.0121,2.0125,0.40,0.40
2008.04.07 10:08:57.729,2.0121,2.0125,0.40,0.40
2008.04.07 10:08:58.007,2.0121,2.0125,0.40,0.10
2008.04.07 10:08:58.103,2.0121,2.0125,0.40,0.10
2008.04.07 10:08:58.194,2.0121,2.0125,0.40,0.10
2008.04.07 10:08:58.284,2.0122,2.0125,0.40,0.10
2008.04.07 10:08:58.380,2.0121,2.0124,0.40,0.10
2008.04.07 10:08:58.464,2.0121,2.0124,0.40,0.10
2008.04.07 10:08:58.511,2.0121,2.0124,0.40,0.10
2008.04.07 10:08:58.604,2.0121,2.0124,0.40,0.10
2008.04.07 10:08:58.662,2.0121,2.0124,0.40,0.10
2008.04.07 10:08:58.772,2.0122,2.0124,0.40,0.10
2008.04.07 10:08:59.108,2.0122,2.0124,0.40,0.10
2008.04.07 10:08:59.440,2.0122,2.0124,0.40,0.10
2008.04.07 10:08:59.778,2.0122,2.0124,0.40,0.10
2008.04.07 10:09:00.111,2.0122,2.0124,0.40,0.10
2008.04.07 10:09:00.446,2.0122,2.0124,0.40,0.10
2008.04.07 10:09:00.782,2.0122,2.0124,0.40,0.10
2008.04.07 10:09:01.003,2.0123,2.01265,0.40,1.60
2008.04.07 10:09:01.245,2.0123,2.01265,0.40,1.60
2008.04.07 10:09:01.499,2.0123,2.01265,0.40,1.60
2008.04.07 10:09:01.721,2.0123,2.01265,0.40,1.60
2008.04.07 10:09:01.944,2.0123,2.01265,0.40,1.60
2008.04.07 10:09:02.281,2.0123,2.01265,0.40,1.60
2008.04.07 10:09:02.615,2.0123,2.01265,0.40,1.60
2008.04.07 10:09:02.950,2.0123,2.01255,0.40,0.30
2008.04.07 10:09:03.172,2.0123,2.01255,0.40,0.30
2008.04.07 10:09:03.398,2.0121,2.0124,0.40,0.10
2008.04.07 10:09:03.622,2.0121,2.0124,0.40,0.10
2008.04.07 10:09:03.845,2.0121,2.0124,0.40,0.10
2008.04.07 10:09:04.069,2.0121,2.0124,0.40,0.10
2008.04.07 10:09:04.403,2.0121,2.0124,0.40,0.10
2008.04.07 10:09:04.739,2.0122,2.0124,0.40,0.10
2008.04.07 10:09:05.072,2.0122,2.0124,0.40,0.10
2008.04.07 10:09:05.407,2.0122,2.0124,0.40,0.10
2008.04.07 10:09:05.741,2.0122,2.0124,0.40,0.10
2008.04.07 10:09:06.075,2.0122,2.0124,0.40,0.10
2008.04.07 10:09:06.304,2.0122,2.0124,0.40,0.10
2008.04.07 10:09:06.532,2.0122,2.0124,0.40,0.10
2008.04.07 10:09:06.763,2.0122,2.0124,0.40,0.10
2008.04.07 10:09:06.994,2.0122,2.0124,0.40,0.10
2008.04.07 10:09:07.309,2.0122,2.0124,0.40,0.10
2008.04.07 10:09:07.625,2.0122,2.0124,0.40,0.10
2008.04.07 10:09:07.939,2.0122,2.0124,0.40,0.10
2008.04.07 10:09:08.254,2.0122,2.0124,0.40,0.10
2008.04.07 10:09:08.534,2.0122,2.0124,0.40,0.10
2008.04.07 10:09:08.814,2.0122,2.0124,0.40,0.10
2008.04.07 10:09:09.092,2.0122,2.0124,0.40,0.10
2008.04.07 10:09:09.426,2.0122,2.0124,0.40,0.10
2008.04.07 10:09:09.759,2.0122,2.0124,0.40,0.10
2008.04.07 10:09:10.095,2.0122,2.0124,0.40,0.10
2008.04.07 10:09:10.428,2.0122,2.0124,0.40,0.10
2008.04.07 10:09:10.764,2.0123,2.01265,0.40,3.80
2008.04.07 10:09:11.099,2.0123,2.01265,0.40,1.60
2008.04.07 10:09:11.325,2.0123,2.01265,0.40,1.60
2008.04.07 10:09:11.550,2.0123,2.01265,0.40,1.60
2008.04.07 10:09:11.775,2.0123,2.01265,0.40,1.60
2008.04.07 10:09:12.003,2.0123,2.01265,0.40,1.60
2008.04.07 10:09:12.226,2.0123,2.0127,0.40,0.40
2008.04.07 10:09:12.537,2.0123,2.0127,0.40,0.40
2008.04.07 10:09:12.847,2.0123,2.0127,0.40,0.40
2008.04.07 10:09:13.158,2.0123,2.0127,0.40,0.40
2008.04.07 10:09:13.493,2.0123,2.0127,0.40,0.40
2008.04.07 10:09:13.829,2.0123,2.0127,0.40,0.40
2008.04.07 10:09:14.162,2.0123,2.0127,0.40,0.40
2008.04.07 10:09:14.391,2.0123,2.0127,0.40,0.40
2008.04.07 10:09:14.618,2.0123,2.0127,0.40,0.40
2008.04.07 10:09:14.842,2.0123,2.0127,0.40,0.40
2008.04.07 10:09:15.069,2.0123,2.0127,0.40,0.40
2008.04.07 10:09:15.330,2.0123,2.0127,0.40,0.40
2008.04.07 10:09:15.670,2.0123,2.01265,0.40,0.30
2008.04.07 10:09:16.004,2.0123,2.01265,0.40,2.60
2008.04.07 10:09:16.339,2.0123,2.01265,0.40,0.30
2008.04.07 10:09:16.558,2.0121,2.0126,1.10,0.10
2008.04.07 10:09:16.808,2.0121,2.0126,1.10,0.10
2008.04.07 10:09:17.031,2.0121,2.0126,1.10,0.10
2008.04.07 10:09:17.288,2.0121,2.0126,1.10,0.10
2008.04.07 10:09:17.642,2.0121,2.0126,1.10,0.10
2008.04.07 10:09:17.950,2.0121,2.0126,1.10,0.10
2008.04.07 10:09:18.260,2.0121,2.0126,1.10,0.10
2008.04.07 10:09:18.595,2.0121,2.0126,1.10,0.10
2008.04.07 10:09:18.928,2.0121,2.0126,1.10,0.10
2008.04.07 10:09:19.317,2.0121,2.0126,1.10,0.10
2008.04.07 10:09:19.508,2.0121,2.0126,1.10,0.10
2008.04.07 10:09:19.738,2.0121,2.0126,1.10,0.10
2008.04.07 10:09:19.968,2.0121,2.0126,1.10,0.10
2008.04.07 10:09:20.197,2.0121,2.0126,1.10,0.10
2008.04.07 10:09:20.427,2.0121,2.0126,1.10,0.10
2008.04.07 10:09:20.761,2.0121,2.0126,1.10,0.10
2008.04.07 10:09:21.095,2.0121,2.0126,1.10,0.10
2008.04.07 10:09:21.429,2.0121,2.0126,1.10,0.10
2008.04.07 10:09:21.669,2.0121,2.0126,1.10,0.10
2008.04.07 10:09:21.910,2.0121,2.0126,1.10,0.10
2008.04.07 10:09:22.150,2.0121,2.0126,1.10,0.10
2008.04.07 10:09:22.390,2.0121,2.0126,0.40,0.10
2008.04.07 10:09:22.706,2.0121,2.0126,0.40,0.10
2008.04.07 10:09:23.056,2.0121,2.0126,1.10,0.10
2008.04.07 10:09:23.372,2.0121,2.0126,1.10,0.10
2008.04.07 10:09:23.705,2.0121,2.0126,1.10,0.10
2008.04.07 10:09:24.041,2.0121,2.0126,1.10,0.10
2008.04.07 10:09:24.377,2.0121,2.0126,1.10,0.10
2008.04.07 10:09:24.705,2.0121,2.0126,1.20,0.10
2008.04.07 10:09:25.035,2.0122,2.0126,0.80,0.10
2008.04.07 10:09:25.365,2.0123,2.0126,0.40,0.10
2008.04.07 10:09:25.599,2.0123,2.0126,0.40,0.10
2008.04.07 10:09:25.833,2.0123,2.0126,0.40,0.10
2008.04.07 10:09:26.067,2.0123,2.0126,0.40,0.10
2008.04.07 10:09:26.303,2.0123,2.0126,0.40,0.10
2008.04.07 10:09:26.538,2.0123,2.0126,0.40,0.10
2008.04.07 10:09:26.873,2.0123,2.0126,0.40,0.10
2008.04.07 10:09:27.208,2.0123,2.0126,0.40,0.10
2008.04.07 10:09:27.577,2.0123,2.0126,0.40,0.10
2008.04.07 10:09:27.809,2.0123,2.0126,0.40,0.10
2008.04.07 10:09:28.043,2.0123,2.0126,0.40,0.10
2008.04.07 10:09:28.248,2.0123,2.0126,0.40,0.10
2008.04.07 10:09:28.444,2.0123,2.0126,0.40,0.10
2008.04.07 10:09:28.677,2.0123,2.0126,0.40,0.10
2008.04.07 10:09:29.051,2.0123,2.0126,0.40,0.10
2008.04.07 10:09:29.346,2.0123,2.0126,0.40,0.10
2008.04.07 10:09:29.718,2.0123,2.0126,0.40,0.10
2008.04.07 10:09:30.052,2.0123,2.0126,0.40,0.10
2008.04.07 10:09:30.387,2.0123,2.0126,0.40,0.10
2008.04.07 10:09:30.722,2.0123,2.0126,0.40,0.10
2008.04.07 10:09:30.948,2.0123,2.0126,0.40,0.10
2008.04.07 10:09:31.172,2.0123,2.0126,0.40,0.10
2008.04.07 10:09:31.395,2.0123,2.0126,0.40,0.10
2008.04.07 10:09:31.619,2.0123,2.0126,0.40,0.10
2008.04.07 10:09:31.893,2.0123,2.0126,0.40,0.10
2008.04.07 10:09:32.166,2.0123,2.0126,0.40,0.10
2008.04.07 10:09:32.441,2.0123,2.0126,0.40,0.10
2008.04.07 10:09:32.715,2.0123,2.0126,0.40,0.10
2008.04.07 10:09:33.024,2.0123,2.0126,0.40,0.10
2008.04.07 10:09:33.333,2.0123,2.0126,0.40,0.10
2008.04.07 10:09:33.642,2.0123,2.0126,0.40,0.10
2008.04.07 10:09:33.976,2.0123,2.0126,0.40,0.10
2008.04.07 10:09:34.311,2.0123,2.0126,0.40,0.10
2008.04.07 10:09:34.646,2.0123,2.0126,0.40,0.10
2008.04.07 10:09:34.982,2.0123,2.0126,0.40,0.10
2008.04.07 10:09:35.316,2.0123,2.0126,0.40,0.10
2008.04.07 10:09:35.651,2.0123,2.0126,0.40,0.10
2008.04.07 10:09:35.871,2.0123,2.0126,0.40,0.10
2008.04.07 10:09:36.090,2.0123,2.0126,0.40,0.10
2008.04.07 10:09:36.346,2.0123,2.0126,0.40,0.10
2008.04.07 10:09:36.614,2.0123,2.0126,0.40,0.10
2008.04.07 10:09:36.862,2.0123,2.0126,0.40,0.10
2008.04.07 10:09:37.241,2.0123,2.0126,0.40,0.10
2008.04.07 10:09:37.577,2.0123,2.0126,0.40,0.10
2008.04.07 10:09:37.912,2.0123,2.0126,0.40,0.10
2008.04.07 10:09:38.137,2.0123,2.0126,0.40,0.10
2008.04.07 10:09:38.361,2.0123,2.0126,0.40,0.10
2008.04.07 10:09:38.610,2.0123,2.0126,0.40,0.10
2008.04.07 10:09:38.869,2.0123,2.0128,0.40,0.10
2008.04.07 10:09:39.204,2.0123,2.0128,1.10,0.10
2008.04.07 10:09:39.541,2.0125,2.01295,0.40,4.00
2008.04.07 10:09:39.875,2.0125,2.01295,0.40,2.40
2008.04.07 10:09:40.246,2.0125,2.01295,0.40,6.40
2008.04.07 10:09:40.581,2.0125,2.01295,0.40,2.40
2008.04.07 10:09:40.919,2.0125,2.013,0.40,0.10
2008.04.07 10:09:41.151,2.0125,2.013,0.40,0.10
2008.04.07 10:09:41.387,2.0127,2.0132,0.50,0.10
2008.04.07 10:09:41.623,2.0127,2.01325,0.10,1.60
2008.04.07 10:09:41.858,2.0127,2.01325,0.80,1.60
2008.04.07 10:09:42.153,2.0128,2.01325,0.10,1.60
2008.04.07 10:09:42.447,2.0128,2.01325,0.10,1.60
2008.04.07 10:09:42.743,2.0127,2.01325,0.80,0.30
2008.04.07 10:09:42.992,2.01265,2.01325,1.60,2.60
2008.04.07 10:09:43.243,2.01265,2.0132,1.60,0.10
2008.04.07 10:09:43.492,2.0128,2.0132,0.40,0.10
2008.04.07 10:09:43.777,2.0128,2.0132,0.40,0.10
2008.04.07 10:09:44.074,2.0128,2.0132,0.40,0.10
2008.04.07 10:09:44.407,2.0128,2.0132,0.40,0.10
2008.04.07 10:09:44.741,2.0128,2.0132,0.40,0.10
2008.04.07 10:09:45.076,2.0128,2.0132,0.40,0.10
2008.04.07 10:09:45.410,2.0128,2.0132,0.40,0.10
2008.04.07 10:09:45.746,2.0128,2.0132,0.40,0.10
2008.04.07 10:09:46.080,2.0128,2.0132,0.40,0.10
2008.04.07 10:09:46.318,2.0127,2.0132,0.40,0.40
2008.04.07 10:09:46.554,2.0127,2.0132,0.40,0.40
2008.04.07 10:09:46.789,2.0127,2.01305,0.40,0.30
2008.04.07 10:09:47.104,2.0127,2.01305,0.40,0.30
2008.04.07 10:09:47.418,2.01245,2.01305,4.00,0.30
2008.04.07 10:09:47.733,2.0125,2.0131,0.10,0.10
2008.04.07 10:09:48.048,2.01265,2.01305,4.00,0.30
2008.04.07 10:09:48.348,2.01265,2.01305,4.00,0.30
2008.04.07 10:09:48.618,2.01255,2.01305,1.60,0.30
2008.04.07 10:09:48.891,2.0127,2.0131,0.40,0.40
2008.04.07 10:09:49.226,2.0127,2.0132,0.40,0.30
2008.04.07 10:09:49.560,2.0127,2.0132,0.40,0.30
2008.04.07 10:09:49.932,2.0127,2.0132,0.40,0.30
2008.04.07 10:09:50.270,2.0127,2.0132,0.40,0.30
2008.04.07 10:09:50.605,2.0127,2.0132,0.40,0.40
2008.04.07 10:09:50.939,2.0127,2.0132,0.40,0.40
2008.04.07 10:09:51.201,2.0127,2.0132,0.40,0.40
2008.04.07 10:09:51.439,2.0127,2.0132,0.40,0.40
2008.04.07 10:09:51.668,2.0127,2.0132,0.40,0.40
2008.04.07 10:09:51.893,2.0127,2.0132,0.40,0.40
2008.04.07 10:09:52.118,2.0127,2.0132,0.40,0.40
2008.04.07 10:09:52.475,2.0127,2.0132,0.40,0.40
2008.04.07 10:09:52.842,2.0127,2.0132,0.40,0.10
2008.04.07 10:09:53.176,2.0127,2.0132,0.40,0.10
2008.04.07 10:09:53.390,2.0128,2.0132,0.40,0.10
2008.04.07 10:09:53.601,2.0128,2.0132,0.40,0.10
2008.04.07 10:09:53.810,2.0128,2.0132,0.40,0.10
2008.04.07 10:09:54.054,2.0128,2.0132,0.40,0.10
2008.04.07 10:09:54.389,2.0128,2.0132,0.40,0.10
2008.04.07 10:09:54.724,2.0128,2.0132,0.40,0.10
2008.04.07 10:09:55.060,2.0128,2.0132,0.40,0.10
2008.04.07 10:09:55.440,2.0128,2.0132,0.40,0.10
2008.04.07 10:09:55.774,2.0128,2.0132,0.40,0.10
2008.04.07 10:09:56.110,2.0128,2.0132,0.40,0.10
2008.04.07 10:09:56.340,2.01285,2.0132,0.10,0.10
2008.04.07 10:09:56.577,2.01295,2.0132,0.10,0.10
2008.04.07 10:09:56.800,2.01295,2.0132,0.10,0.10
2008.04.07 10:09:57.030,2.0129,2.0132,0.80,0.10
2008.04.07 10:09:57.261,2.01285,2.0132,5.60,0.10
2008.04.07 10:09:57.636,2.01285,2.0132,0.80,0.10
2008.04.07 10:09:57.970,2.0128,2.0132,0.40,0.10
2008.04.07 10:09:58.305,2.0128,2.0133,0.40,0.40
2008.04.07 10:09:58.549,2.0128,2.0133,0.40,0.40
2008.04.07 10:09:58.800,2.0129,2.0134,0.40,0.30
2008.04.07 10:09:59.045,2.0129,2.0134,0.40,0.30
2008.04.07 10:09:59.289,2.0129,2.0134,0.40,0.30
2008.04.07 10:09:59.624,2.0129,2.0134,0.40,0.30
2008.04.07 10:09:59.963,2.0129,2.0134,0.40,0.30
2008.04.07 10:10:00.297,2.0129,2.0133,0.40,0.30
2008.04.07 10:10:00.632,2.0129,2.01325,0.40,2.40
2008.04.07 10:10:01.017,2.0128,2.0132,0.40,0.30
2008.04.07 10:10:01.351,2.0128,2.0132,0.40,0.30
2008.04.07 10:10:01.585,2.0128,2.0132,0.40,0.40
2008.04.07 10:10:01.821,2.0128,2.0132,0.40,0.10
2008.04.07 10:10:02.070,2.0128,2.0132,0.40,0.10
2008.04.07 10:10:02.316,2.0128,2.0132,0.40,0.10
2008.04.07 10:10:02.630,2.0128,2.0132,0.40,0.10
2008.04.07 10:10:02.946,2.0128,2.0132,0.40,0.10
2008.04.07 10:10:03.263,2.0128,2.0132,0.40,0.10
2008.04.07 10:10:03.637,2.0128,2.0132,0.40,0.10
2008.04.07 10:10:03.979,2.0128,2.0132,0.40,0.10
2008.04.07 10:10:04.314,2.0129,2.01325,0.40,2.40
2008.04.07 10:10:04.603,2.0129,2.01335,0.40,2.60
2008.04.07 10:10:04.867,2.0129,2.01335,0.40,2.60
2008.04.07 10:10:05.132,2.0129,2.01335,0.40,2.60
2008.04.07 10:10:05.397,2.0129,2.01335,0.40,2.60
2008.04.07 10:10:05.732,2.0129,2.01335,0.40,2.60
2008.04.07 10:10:06.067,2.0129,2.01335,0.40,2.60
2008.04.07 10:10:06.401,2.0129,2.01335,0.40,2.60
2008.04.07 10:10:06.626,2.0129,2.01335,0.40,2.60
2008.04.07 10:10:06.874,2.0129,2.01335,0.40,2.60
2008.04.07 10:10:07.152,2.0129,2.01335,0.40,2.60
2008.04.07 10:10:07.423,2.0129,2.01335,0.40,2.60
2008.04.07 10:10:07.696,2.0129,2.01335,0.40,2.60
2008.04.07 10:10:07.994,2.0129,2.01335,0.40,2.60
2008.04.07 10:10:08.293,2.0129,2.01335,0.40,2.60
2008.04.07 10:10:08.592,2.0129,2.01335,0.40,2.60
2008.04.07 10:10:08.926,2.0129,2.01335,0.40,2.60
2008.04.07 10:10:09.261,2.0129,2.01335,0.40,2.60
2008.04.07 10:10:09.594,2.0129,2.01335,0.40,2.60
2008.04.07 10:10:09.929,2.0129,2.01335,0.40,2.60
2008.04.07 10:10:10.263,2.0129,2.01335,0.40,2.60
2008.04.07 10:10:10.597,2.0129,2.01335,0.40,2.60
2008.04.07 10:10:10.826,2.0129,2.01335,0.40,2.60
2008.04.07 10:10:11.055,2.0129,2.01335,0.40,2.60
2008.04.07 10:10:11.299,2.0129,2.01335,0.40,2.60
2008.04.07 10:10:11.527,2.0129,2.01335,0.40,2.60
2008.04.07 10:10:11.820,2.0129,2.01335,0.40,2.60
2008.04.07 10:10:12.110,2.0129,2.01335,0.40,2.60
2008.04.07 10:10:12.437,2.0129,2.01335,0.40,2.60
2008.04.07 10:10:12.758,2.0129,2.01335,0.40,2.60
2008.04.07 10:10:13.034,2.0129,2.01335,0.40,2.60
2008.04.07 10:10:13.345,2.0129,2.01335,0.40,2.60
2008.04.07 10:10:13.653,2.0129,2.01335,0.40,2.60
2008.04.07 10:10:14.023,2.0129,2.01335,0.40,2.60
2008.04.07 10:10:15.895,2.0129,2.01335,0.40,2.60
2008.04.07 10:10:15.997,2.0129,2.01335,0.40,2.60
2008.04.07 10:10:16.125,2.0129,2.01335,0.40,2.60
2008.04.07 10:10:16.247,2.0129,2.01335,0.40,2.60
2008.04.07 10:10:16.380,2.0129,2.01335,0.40,2.60
2008.04.07 10:10:16.532,2.0129,2.01335,0.40,2.60
2008.04.07 10:10:16.570,2.0129,2.01335,0.40,0.30
2008.04.07 10:10:16.685,2.0129,2.01335,0.40,0.30
2008.04.07 10:10:16.815,2.0129,2.0134,0.40,0.40
2008.04.07 10:10:16.947,2.0129,2.0134,0.40,0.40
2008.04.07 10:10:17.282,2.0129,2.01335,0.40,0.30
2008.04.07 10:10:17.617,2.0129,2.01335,0.40,0.30
2008.04.07 10:10:17.953,2.0129,2.0134,0.40,0.40
2008.04.07 10:10:18.192,2.0129,2.0133,0.40,0.30
2008.04.07 10:10:18.433,2.0129,2.0133,0.40,0.30
2008.04.07 10:10:18.671,2.0129,2.0133,0.40,0.30
2008.04.07 10:10:18.913,2.0128,2.0133,0.40,0.40
2008.04.07 10:10:19.245,2.0128,2.0133,0.40,0.40
2008.04.07 10:10:19.579,2.0128,2.0133,0.40,0.40
2008.04.07 10:10:19.913,2.0128,2.0133,0.40,0.40
2008.04.07 10:10:20.247,2.0128,2.0133,0.40,0.40
2008.04.07 10:10:20.580,2.0128,2.0133,0.40,0.40
2008.04.07 10:10:20.916,2.0128,2.0133,0.40,0.40
2008.04.07 10:10:21.159,2.0128,2.0133,0.40,0.40
2008.04.07 10:10:21.417,2.0128,2.0133,0.40,0.40
2008.04.07 10:10:21.676,2.0128,2.0133,0.40,0.40
2008.04.07 10:10:21.854,2.0128,2.0133,0.40,0.40
2008.04.07 10:10:22.076,2.0128,2.0133,0.40,0.40
2008.04.07 10:10:22.367,2.0128,2.0133,0.40,0.10
2008.04.07 10:10:22.656,2.0128,2.0133,0.40,0.10
2008.04.07 10:10:22.946,2.0129,2.0133,0.40,0.10
2008.04.07 10:10:23.217,2.0129,2.0133,0.40,0.10
2008.04.07 10:10:23.484,2.0129,2.0133,0.40,0.10
2008.04.07 10:10:23.747,2.0129,2.0133,0.40,0.10
2008.04.07 10:10:24.011,2.0129,2.0133,0.40,0.10
2008.04.07 10:10:24.351,2.0129,2.0133,0.40,0.10
2008.04.07 10:10:24.719,2.0129,2.0133,0.40,0.10
2008.04.07 10:10:25.016,2.0129,2.0133,0.40,0.10
2008.04.07 10:10:25.390,2.0129,2.0133,0.40,0.10
2008.04.07 10:10:25.725,2.0129,2.0133,0.40,0.10
2008.04.07 10:10:26.059,2.0129,2.0133,0.40,0.10
2008.04.07 10:10:26.284,2.0129,2.0133,0.40,0.10
2008.04.07 10:10:26.530,2.0129,2.0133,0.40,0.10
2008.04.07 10:10:26.796,2.0129,2.0133,0.40,0.10
2008.04.07 10:10:27.058,2.0129,2.0133,0.40,0.10
2008.04.07 10:10:27.386,2.0129,2.0133,0.40,0.10
2008.04.07 10:10:27.712,2.0129,2.0133,0.40,0.10
2008.04.07 10:10:28.015,2.0129,2.0133,0.40,0.10
2008.04.07 10:10:28.271,2.0129,2.0133,0.40,0.10
2008.04.07 10:10:28.526,2.0129,2.0133,0.40,0.10
2008.04.07 10:10:28.797,2.0129,2.0133,0.40,0.10
2008.04.07 10:10:29.053,2.0129,2.0133,0.40,0.10
2008.04.07 10:10:29.441,2.0129,2.0133,0.40,0.10
2008.04.07 10:10:29.777,2.0129,2.0133,0.40,0.10
2008.04.07 10:10:30.114,2.0129,2.0133,0.40,0.10
2008.04.07 10:10:30.458,2.0129,2.01345,0.40,0.30
2008.04.07 10:10:30.794,2.0129,2.01345,0.40,0.30
2008.04.07 10:10:31.129,2.0129,2.01345,0.40,0.30
2008.04.07 10:10:31.368,2.0129,2.01335,0.40,0.30
2008.04.07 10:10:31.632,2.0129,2.01335,0.40,0.30
2008.04.07 10:10:31.895,2.013,2.0133,0.40,0.10
2008.04.07 10:10:32.126,2.013,2.0133,0.40,0.10
2008.04.07 10:10:32.434,2.01285,2.01345,4.00,0.30
2008.04.07 10:10:32.740,2.0128,2.01345,0.50,0.30
2008.04.07 10:10:33.096,2.0129,2.0135,0.40,0.40
2008.04.07 10:10:33.405,2.0129,2.0135,0.40,0.40
2008.04.07 10:10:33.694,2.0129,2.0135,0.40,0.40
2008.04.07 10:10:33.985,2.01295,2.0135,0.10,0.10
2008.04.07 10:10:34.275,2.01295,2.0135,0.10,0.10
2008.04.07 10:10:34.609,2.0129,2.0135,0.40,0.40
2008.04.07 10:10:34.944,2.01295,2.0135,1.60,0.10
2008.04.07 10:10:35.279,2.01295,2.0135,1.60,0.10
2008.04.07 10:10:35.614,2.013,2.0135,0.40,0.10
2008.04.07 10:10:35.951,2.01295,2.0135,1.60,0.40
2008.04.07 10:10:36.287,2.01295,2.0135,1.60,0.40
2008.04.07 10:10:36.505,2.01295,2.0135,1.60,0.40
2008.04.07 10:10:36.732,2.01295,2.0135,1.60,0.40
2008.04.07 10:10:36.949,2.01295,2.0135,1.60,0.40
2008.04.07 10:10:37.210,2.01295,2.0135,1.60,0.40
2008.04.07 10:10:37.456,2.01295,2.0135,1.60,0.40
2008.04.07 10:10:37.816,2.01295,2.0135,1.60,0.40
2008.04.07 10:10:38.156,2.01295,2.0135,1.60,0.40
2008.04.07 10:10:38.475,2.01295,2.0135,1.60,0.40
2008.04.07 10:10:38.708,2.01285,2.0135,1.60,0.40
2008.04.07 10:10:38.942,2.01285,2.0135,1.60,0.40
2008.04.07 10:10:39.212,2.01285,2.0135,1.60,0.40
2008.04.07 10:10:39.447,2.01285,2.01345,1.60,0.30
2008.04.07 10:10:39.780,2.01285,2.01345,1.60,0.30
2008.04.07 10:10:40.118,2.01285,2.01345,2.40,0.30
2008.04.07 10:10:40.479,2.0129,2.0135,0.10,0.10
2008.04.07 10:10:40.812,2.0129,2.0135,0.10,0.10
2008.04.07 10:10:41.146,2.0129,2.0135,0.10,0.10
2008.04.07 10:10:41.481,2.01305,2.0135,2.40,0.10
2008.04.07 10:10:41.718,2.01305,2.0135,8.00,0.10
2008.04.07 10:10:41.951,2.0131,2.0136,0.40,0.30
2008.04.07 10:10:42.186,2.01315,2.0136,0.80,0.40
2008.04.07 10:10:42.423,2.01315,2.0136,0.80,0.40
2008.04.07 10:10:42.714,2.01315,2.0136,0.80,0.40
2008.04.07 10:10:42.991,2.01315,2.0136,0.80,0.40
2008.04.07 10:10:43.296,2.01315,2.0136,0.80,0.10
2008.04.07 10:10:43.571,2.01315,2.0136,0.80,0.10
2008.04.07 10:10:43.933,2.01315,2.01355,0.80,4.00
2008.04.07 10:10:44.277,2.0131,2.01345,0.40,2.40
2008.04.07 10:10:44.615,2.0131,2.0135,0.40,0.10
2008.04.07 10:10:44.950,2.0131,2.0135,0.40,0.10
2008.04.07 10:10:45.321,2.0131,2.0135,1.10,0.10
2008.04.07 10:10:45.660,2.0132,2.0137,0.40,0.40
2008.04.07 10:10:45.906,2.0132,2.0137,0.40,0.10
2008.04.07 10:10:46.156,2.01325,2.0137,1.60,0.10
2008.04.07 10:10:46.399,2.01325,2.0137,6.40,0.10
2008.04.07 10:10:46.644,2.0133,2.0137,0.40,0.10
2008.04.07 10:10:46.938,2.0133,2.0137,0.40,0.10
2008.04.07 10:10:47.234,2.0133,2.0137,0.40,0.10
2008.04.07 10:10:47.529,2.0133,2.0137,0.40,0.10
2008.04.07 10:10:47.788,2.0133,2.0137,0.40,0.10
2008.04.07 10:10:48.049,2.0132,2.0137,0.40,0.40
2008.04.07 10:10:48.309,2.0132,2.0137,0.40,0.40
2008.04.07 10:10:48.571,2.01315,2.01355,4.00,0.30
2008.04.07 10:10:48.921,2.0131,2.01365,0.40,2.60
2008.04.07 10:10:49.256,2.0131,2.01365,0.40,0.30
2008.04.07 10:10:49.591,2.0131,2.01365,0.40,0.30
2008.04.07 10:10:49.925,2.0131,2.01365,0.40,0.30
2008.04.07 10:10:50.260,2.0131,2.01365,0.40,0.30
2008.04.07 10:10:50.595,2.0131,2.01365,0.40,0.30
2008.04.07 10:10:50.830,2.0131,2.01365,0.40,0.30
2008.04.07 10:10:51.065,2.0131,2.01355,0.40,0.30
2008.04.07 10:10:51.301,2.01305,2.01355,1.60,0.30
2008.04.07 10:10:51.534,2.01305,2.01355,1.60,0.30
2008.04.07 10:10:51.768,2.01305,2.01355,1.60,0.30
2008.04.07 10:10:52.093,2.013,2.0134,0.40,0.30
2008.04.07 10:10:52.419,2.01295,2.0133,1.60,0.10
2008.04.07 10:10:52.745,2.01295,2.0133,1.60,0.10
2008.04.07 10:10:52.984,2.01295,2.0133,1.60,0.10
2008.04.07 10:10:53.223,2.01295,2.0133,1.60,0.10
2008.04.07 10:10:53.461,2.01295,2.0133,1.60,0.10
2008.04.07 10:10:53.704,2.01295,2.0133,1.60,0.10
2008.04.07 10:10:54.037,2.01295,2.0133,1.60,0.10
2008.04.07 10:10:54.408,2.01295,2.0133,1.60,0.10
2008.04.07 10:10:54.754,2.01295,2.0133,1.60,0.10
2008.04.07 10:10:55.090,2.01305,2.0133,2.40,0.10
2008.04.07 10:10:55.427,2.01305,2.0134,4.00,0.10
2008.04.07 10:10:55.766,2.01305,2.0134,1.60,0.10
2008.04.07 10:10:55.997,2.013,2.0134,0.80,0.10
2008.04.07 10:10:56.225,2.0131,2.0134,0.40,0.10
2008.04.07 10:10:56.498,2.0131,2.0134,0.40,0.10
2008.04.07 10:10:56.723,2.01305,2.0136,1.60,0.40
2008.04.07 10:10:57.052,2.01305,2.0136,1.60,0.40
2008.04.07 10:10:57.382,2.01305,2.0136,1.60,0.40
2008.04.07 10:10:57.709,2.01305,2.0136,1.60,0.40
2008.04.07 10:10:57.949,2.01305,2.0136,1.60,0.40
2008.04.07 10:10:58.188,2.01305,2.0136,1.60,0.40
2008.04.07 10:10:58.427,2.01305,2.0136,1.60,0.40
2008.04.07 10:10:58.665,2.01305,2.0136,1.60,0.40
2008.04.07 10:10:58.904,2.01305,2.0136,1.60,0.40
2008.04.07 10:10:59.238,2.01305,2.0136,1.60,0.40
2008.04.07 10:10:59.614,2.01295,2.0136,3.20,0.40
2008.04.07 10:10:59.948,2.01295,2.0135,9.60,0.30
2008.04.07 10:11:00.282,2.01295,2.0135,9.60,0.30
2008.04.07 10:11:00.616,2.013,2.0135,0.40,0.30
2008.04.07 10:11:00.950,2.013,2.0135,0.40,0.30
2008.04.07 10:11:01.192,2.013,2.0135,0.40,0.30
2008.04.07 10:11:01.431,2.01295,2.0135,10.40,0.30
2008.04.07 10:11:01.673,2.01305,2.0136,2.40,0.40
2008.04.07 10:11:01.913,2.01305,2.0136,4.00,0.10
2008.04.07 10:11:02.267,2.01305,2.0136,1.60,0.10
2008.04.07 10:11:02.582,2.01305,2.0136,3.20,0.40
2008.04.07 10:11:02.897,2.01305,2.0136,2.40,0.10
2008.04.07 10:11:03.152,2.01305,2.0136,1.60,0.40
2008.04.07 10:11:03.406,2.01305,2.0136,1.60,0.40
2008.04.07 10:11:03.662,2.013,2.0136,1.10,0.40
2008.04.07 10:11:03.916,2.013,2.0136,1.10,0.40
2008.04.07 10:11:04.251,2.013,2.0136,1.10,0.40
2008.04.07 10:11:04.618,2.013,2.0136,0.40,0.40
2008.04.07 10:11:04.955,2.013,2.0136,0.40,0.40
2008.04.07 10:11:05.289,2.013,2.0135,0.40,0.30
2008.04.07 10:11:05.625,2.013,2.0136,0.40,0.40
2008.04.07 10:11:05.960,2.013,2.0136,0.40,0.40
2008.04.07 10:11:06.185,2.01305,2.0136,1.60,0.10
2008.04.07 10:11:06.409,2.01305,2.0137,7.20,0.40
2008.04.07 10:11:06.634,2.01305,2.0136,8.00,0.30
2008.04.07 10:11:06.858,2.01305,2.0136,8.00,0.30
2008.04.07 10:11:07.084,2.01305,2.0136,4.00,0.30
2008.04.07 10:11:07.419,2.01305,2.0136,4.00,0.30
2008.04.07 10:11:07.754,2.01305,2.0136,4.00,0.30
2008.04.07 10:11:08.091,2.01305,2.0136,3.20,0.30
2008.04.07 10:11:08.371,2.01305,2.0136,1.60,0.30
2008.04.07 10:11:08.594,2.01305,2.0136,1.60,0.30
2008.04.07 10:11:08.824,2.01305,2.0136,1.60,0.30
2008.04.07 10:11:09.081,2.01305,2.0136,1.60,0.30
2008.04.07 10:11:09.433,2.013,2.01355,0.40,2.60
2008.04.07 10:11:09.769,2.013,2.0135,0.40,0.10
2008.04.07 10:11:10.101,2.013,2.0135,1.10,0.10
2008.04.07 10:11:10.437,2.0131,2.0135,0.40,0.10
2008.04.07 10:11:10.811,2.0131,2.0135,0.40,0.10
2008.04.07 10:11:11.128,2.0131,2.0135,0.40,0.10
2008.04.07 10:11:11.381,2.0131,2.0135,0.40,0.10
2008.04.07 10:11:11.616,2.0131,2.0135,0.40,0.10
2008.04.07 10:11:11.852,2.0131,2.0135,0.40,0.10
2008.04.07 10:11:12.088,2.0131,2.0135,0.40,0.10
2008.04.07 10:11:12.404,2.0131,2.0135,0.40,0.10
2008.04.07 10:11:12.720,2.013,2.0135,0.40,0.10
2008.04.07 10:11:13.036,2.013,2.0135,0.40,0.10
2008.04.07 10:11:13.290,2.013,2.0135,0.40,0.10
2008.04.07 10:11:13.583,2.013,2.0135,0.40,0.10
2008.04.07 10:11:13.849,2.013,2.0135,0.40,0.10
2008.04.07 10:11:14.107,2.013,2.0135,0.40,0.10
2008.04.07 10:11:14.442,2.013,2.0135,0.40,0.10
2008.04.07 10:11:14.798,2.013,2.0135,0.40,0.10
2008.04.07 10:11:15.130,2.013,2.0135,0.40,0.10
2008.04.07 10:11:15.464,2.013,2.0135,0.40,0.10
2008.04.07 10:11:15.839,2.013,2.0135,0.40,0.40
2008.04.07 10:11:16.175,2.01295,2.0135,1.60,0.40
2008.04.07 10:11:16.391,2.01295,2.0135,1.60,0.40
2008.04.07 10:11:16.607,2.01295,2.0135,1.60,0.40
2008.04.07 10:11:16.821,2.01295,2.0135,1.60,0.40
2008.04.07 10:11:17.037,2.01295,2.0135,3.20,0.40
2008.04.07 10:11:17.252,2.01295,2.0135,8.00,0.40
2008.04.07 10:11:17.589,2.01295,2.0135,8.00,0.40
2008.04.07 10:11:17.925,2.0131,2.0135,0.10,0.10
2008.04.07 10:11:18.299,2.0132,2.01365,0.40,1.60
2008.04.07 10:11:18.538,2.0132,2.01365,0.40,1.60
2008.04.07 10:11:18.777,2.0132,2.01365,0.40,1.60
2008.04.07 10:11:19.015,2.0132,2.01365,0.40,1.60
2008.04.07 10:11:19.255,2.0132,2.01365,0.40,1.60
2008.04.07 10:11:19.588,2.0132,2.01365,0.40,1.60
2008.04.07 10:11:19.923,2.0132,2.01365,0.40,1.60
2008.04.07 10:11:20.257,2.0132,2.01365,0.40,1.60
2008.04.07 10:11:20.609,2.0132,2.01365,0.40,1.60
2008.04.07 10:11:20.978,2.0132,2.01365,0.40,1.60
2008.04.07 10:11:21.315,2.0132,2.01365,0.40,1.60
2008.04.07 10:11:21.496,2.0131,2.01365,0.40,1.60
2008.04.07 10:11:21.676,2.0131,2.01365,0.40,1.60
2008.04.07 10:11:21.857,2.0131,2.01365,0.40,1.60
2008.04.07 10:11:22.034,2.0131,2.01365,0.40,1.60
2008.04.07 10:11:22.214,2.0131,2.01365,0.40,1.60
2008.04.07 10:11:22.395,2.0131,2.01365,0.40,1.60
2008.04.07 10:11:22.730,2.0131,2.01365,0.40,1.60
2008.04.07 10:11:23.065,2.0131,2.01365,0.40,1.60
2008.04.07 10:11:23.399,2.0131,2.01365,0.40,1.80
2008.04.07 10:11:23.770,2.0131,2.01365,0.40,1.80
2008.04.07 10:11:24.106,2.0131,2.01365,0.40,1.60
2008.04.07 10:11:24.441,2.013,2.0136,1.10,0.40
2008.04.07 10:11:24.674,2.013,2.0136,1.10,0.40
2008.04.07 10:11:24.911,2.013,2.0136,1.10,0.40
2008.04.07 10:11:25.146,2.013,2.0136,0.40,0.40
2008.04.07 10:11:25.380,2.013,2.0136,0.40,0.40
2008.04.07 10:11:25.615,2.013,2.0136,0.40,0.40
2008.04.07 10:11:25.950,2.013,2.0136,0.40,0.40
2008.04.07 10:11:26.291,2.013,2.0136,0.40,0.40
2008.04.07 10:11:26.625,2.013,2.01355,0.40,0.30
2008.04.07 10:11:26.867,2.013,2.01355,0.40,0.30
2008.04.07 10:11:27.152,2.013,2.01345,0.40,0.30
2008.04.07 10:11:27.434,2.013,2.01345,0.40,0.30
2008.04.07 10:11:27.680,2.0129,2.0134,0.80,0.10
2008.04.07 10:11:27.994,2.0129,2.01345,0.80,0.30
2008.04.07 10:11:28.301,2.01285,2.01335,1.60,0.30
2008.04.07 10:11:28.569,2.01285,2.01335,1.60,0.30
2008.04.07 10:11:28.903,2.01285,2.01335,1.60,0.30
2008.04.07 10:11:29.239,2.01285,2.01345,1.60,0.30
2008.04.07 10:11:29.572,2.01285,2.01345,1.60,0.30
2008.04.07 10:11:29.902,2.01285,2.01335,1.60,0.30
2008.04.07 10:11:30.231,2.0128,2.01345,0.50,1.80
2008.04.07 10:11:30.561,2.0128,2.01335,0.40,0.30
2008.04.07 10:11:30.894,2.0128,2.01345,0.50,1.80
2008.04.07 10:11:31.115,2.0128,2.01345,0.50,1.80
2008.04.07 10:11:31.335,2.0129,2.01345,0.10,1.60
2008.04.07 10:11:31.555,2.0129,2.0135,0.10,0.10
2008.04.07 10:11:31.775,2.013,2.01345,0.40,1.80
2008.04.07 10:11:32.109,2.01285,2.01335,4.80,0.30
2008.04.07 10:11:32.446,2.01285,2.01325,4.80,0.30
2008.04.07 10:11:32.783,2.01285,2.01315,2.40,0.30
2008.04.07 10:11:32.986,2.01285,2.01315,2.40,0.30
2008.04.07 10:11:33.193,2.01285,2.01315,2.40,0.30
2008.04.07 10:11:33.400,2.01285,2.01325,2.40,0.30
2008.04.07 10:11:33.653,2.01285,2.01325,2.40,0.30
2008.04.07 10:11:33.897,2.01285,2.0133,2.40,0.10
2008.04.07 10:11:34.238,2.01285,2.0133,2.40,0.10
2008.04.07 10:11:34.579,2.01285,2.01325,2.40,0.30
2008.04.07 10:11:34.905,2.01285,2.01325,2.40,0.30
2008.04.07 10:11:35.243,2.01285,2.0133,2.40,0.10
2008.04.07 10:11:35.578,2.01285,2.01325,2.40,0.30
2008.04.07 10:11:35.921,2.01285,2.0133,2.40,0.10
2008.04.07 10:11:36.166,2.01285,2.0133,4.00,0.10
2008.04.07 10:11:36.415,2.01285,2.0133,4.00,0.10
2008.04.07 10:11:36.633,2.01285,2.0133,8.00,0.10
2008.04.07 10:11:36.843,2.01285,2.0133,8.00,0.10
2008.04.07 10:11:37.058,2.0129,2.0133,0.40,0.10
2008.04.07 10:11:37.363,2.0129,2.0133,1.10,0.10
2008.04.07 10:11:37.677,2.0129,2.0133,1.10,0.10
2008.04.07 10:11:37.983,2.0129,2.0133,1.10,0.10
2008.04.07 10:11:38.287,2.0129,2.0133,1.10,0.10
2008.04.07 10:11:38.552,2.0129,2.0133,1.10,0.10
2008.04.07 10:11:38.817,2.0129,2.0133,1.10,0.10
2008.04.07 10:11:39.086,2.0129,2.0133,1.10,0.10
2008.04.07 10:11:39.445,2.0129,2.0133,0.40,0.10
2008.04.07 10:11:39.779,2.0129,2.0133,0.40,0.10
2008.04.07 10:11:40.114,2.0129,2.0133,0.40,0.10
2008.04.07 10:11:40.473,2.0129,2.0133,0.40,0.10
2008.04.07 10:11:40.793,2.0129,2.0133,0.40,0.10
2008.04.07 10:11:41.114,2.0129,2.0133,1.10,0.10
2008.04.07 10:11:41.342,2.0129,2.0133,1.10,0.10
2008.04.07 10:11:41.572,2.0129,2.01355,0.50,1.80
2008.04.07 10:11:41.802,2.0129,2.01345,0.40,0.30
2008.04.07 10:11:42.032,2.0129,2.01345,0.40,0.30
2008.04.07 10:11:42.261,2.0129,2.01355,0.50,3.40
2008.04.07 10:11:42.595,2.0129,2.01355,1.20,1.80
2008.04.07 10:11:42.930,2.0129,2.01345,1.10,0.30
2008.04.07 10:11:43.264,2.0129,2.01345,1.10,0.30
2008.04.07 10:11:43.604,2.0129,2.01345,1.10,0.30
2008.04.07 10:11:43.854,2.0129,2.01345,1.10,0.30
2008.04.07 10:11:44.032,2.0129,2.01345,1.10,0.30
2008.04.07 10:11:44.246,2.0129,2.01345,1.10,0.30
2008.04.07 10:11:44.460,2.0129,2.0134,1.10,0.10
2008.04.07 10:11:44.794,2.0129,2.0134,1.10,0.10
2008.04.07 10:11:45.128,2.0129,2.0134,1.10,0.10
2008.04.07 10:11:45.462,2.0129,2.0134,1.10,0.10
2008.04.07 10:11:45.781,2.0129,2.0134,1.10,0.10
2008.04.07 10:11:46.102,2.0129,2.0134,1.10,0.10
2008.04.07 10:11:46.454,2.0129,2.0134,1.10,0.10
2008.04.07 10:11:46.715,2.0129,2.01335,1.10,0.30
2008.04.07 10:11:46.984,2.0129,2.01325,1.10,0.30
2008.04.07 10:11:47.214,2.01285,2.0132,2.40,0.10
2008.04.07 10:11:47.475,2.01285,2.0132,2.40,0.10
2008.04.07 10:11:47.778,2.01285,2.0132,2.40,0.10
2008.04.07 10:11:48.092,2.0128,2.0132,1.10,0.10
2008.04.07 10:11:48.393,2.0128,2.0132,0.80,0.10
2008.04.07 10:11:48.691,2.0128,2.0132,0.80,0.10
2008.04.07 10:11:49.028,2.01275,2.0132,10.40,0.10
2008.04.07 10:11:49.363,2.01275,2.0132,8.80,0.10
2008.04.07 10:11:49.699,2.01275,2.0132,4.80,0.10
2008.04.07 10:11:50.033,2.0128,2.0132,0.80,0.10
2008.04.07 10:11:50.368,2.0128,2.0132,0.80,0.10
2008.04.07 10:11:50.703,2.0128,2.0132,0.80,0.10
2008.04.07 10:11:50.927,2.0128,2.0132,0.80,0.10
2008.04.07 10:11:51.149,2.0128,2.0132,0.80,0.10
2008.04.07 10:11:51.373,2.0128,2.0132,0.80,0.10
2008.04.07 10:11:51.598,2.0128,2.0132,0.80,0.10
2008.04.07 10:11:51.897,2.0128,2.0132,0.80,0.10
2008.04.07 10:11:52.196,2.0128,2.0132,0.80,0.10
2008.04.07 10:11:52.497,2.01305,2.0132,0.80,0.10
2008.04.07 10:11:52.798,2.01305,2.0132,0.80,0.10
2008.04.07 10:11:53.047,2.01305,2.0132,0.80,0.10
2008.04.07 10:11:53.297,2.01305,2.0135,4.80,0.10
2008.04.07 10:11:53.548,2.01315,2.01355,1.60,2.40
2008.04.07 10:11:53.797,2.01315,2.01355,3.20,2.40
2008.04.07 10:11:54.165,2.01315,2.01355,3.20,2.40
2008.04.07 10:11:54.499,2.01315,2.01355,3.20,2.40
2008.04.07 10:11:54.835,2.01325,2.01365,1.60,0.30
2008.04.07 10:11:55.170,2.01325,2.0137,1.60,0.40
2008.04.07 10:11:55.503,2.01325,2.0137,1.60,0.10
2008.04.07 10:11:55.838,2.0133,2.0137,0.80,0.10
2008.04.07 10:11:56.065,2.0133,2.0137,1.10,0.10
2008.04.07 10:11:56.259,2.0133,2.0137,1.10,0.10
2008.04.07 10:11:56.473,2.0133,2.0137,1.10,0.10
2008.04.07 10:11:56.681,2.0133,2.0137,1.10,0.10
2008.04.07 10:11:56.924,2.0133,2.0137,1.10,0.10
2008.04.07 10:11:57.269,2.0133,2.0137,1.10,0.10
2008.04.07 10:11:57.602,2.01325,2.0136,0.80,0.10
2008.04.07 10:11:57.938,2.0132,2.0136,1.10,0.10
2008.04.07 10:11:58.183,2.0132,2.0136,1.20,0.10
2008.04.07 10:11:58.417,2.01325,2.0136,2.40,0.10
2008.04.07 10:11:58.649,2.01325,2.0137,2.40,0.10
2008.04.07 10:11:58.869,2.0133,2.0138,0.40,0.40
2008.04.07 10:11:59.205,2.0133,2.0138,0.40,0.40
2008.04.07 10:11:59.538,2.0133,2.0138,0.40,0.40
2008.04.07 10:11:59.872,2.0133,2.0138,0.40,0.40
2008.04.07 10:12:00.208,2.0133,2.0138,0.40,0.10
2008.04.07 10:12:00.542,2.0133,2.0138,1.10,0.10
2008.04.07 10:12:00.875,2.0133,2.0138,1.10,0.10
2008.04.07 10:12:01.115,2.0133,2.0138,1.10,0.10
2008.04.07 10:12:01.372,2.0133,2.0138,1.10,0.10
2008.04.07 10:12:01.629,2.01335,2.0138,2.40,0.10
2008.04.07 10:12:01.884,2.01335,2.0138,2.40,0.10
2008.04.07 10:12:02.226,2.01335,2.0138,2.40,0.10
2008.04.07 10:12:02.566,2.01335,2.0138,2.40,0.10
2008.04.07 10:12:02.911,2.01335,2.0138,2.40,0.10
2008.04.07 10:12:03.210,2.01335,2.0138,2.40,0.10
2008.04.07 10:12:03.453,2.01335,2.0138,2.40,0.10
2008.04.07 10:12:03.728,2.01335,2.0138,2.40,0.10
2008.04.07 10:12:03.971,2.01335,2.0138,2.40,0.10
2008.04.07 10:12:04.305,2.01335,2.0138,2.40,0.10
2008.04.07 10:12:04.643,2.01335,2.0138,2.40,0.40
2008.04.07 10:12:04.978,2.01335,2.0138,2.40,0.40
2008.04.07 10:12:05.313,2.01335,2.0138,1.60,0.40
2008.04.07 10:12:05.650,2.0134,2.0138,0.40,0.10
2008.04.07 10:12:05.984,2.0134,2.0138,0.40,0.10
2008.04.07 10:12:06.207,2.0134,2.0138,0.40,0.10
2008.04.07 10:12:06.426,2.0134,2.0138,0.40,0.10
2008.04.07 10:12:06.678,2.0134,2.0138,0.40,0.10
2008.04.07 10:12:06.931,2.0134,2.0138,0.40,0.10
2008.04.07 10:12:07.153,2.0134,2.0138,0.40,0.10
2008.04.07 10:12:07.486,2.0134,2.0138,0.40,0.10
2008.04.07 10:12:07.820,2.0134,2.0138,0.40,0.10
2008.04.07 10:12:08.157,2.0134,2.0138,0.40,0.10
2008.04.07 10:12:08.421,2.0134,2.0138,0.40,0.10
2008.04.07 10:12:08.641,2.0134,2.0138,0.40,0.10
2008.04.07 10:12:08.891,2.0134,2.01375,0.40,2.40
2008.04.07 10:12:09.144,2.0134,2.01365,0.40,2.40
2008.04.07 10:12:09.514,2.0134,2.01345,0.50,1.60
2008.04.07 10:12:09.849,2.0135,2.0139,0.40,0.10
2008.04.07 10:12:10.184,2.0135,2.014,0.40,0.40
2008.04.07 10:12:10.519,2.0135,2.0139,0.40,0.40
2008.04.07 10:12:10.855,2.0135,2.0139,0.40,0.40
2008.04.07 10:12:11.188,2.0135,2.0139,0.40,0.40
2008.04.07 10:12:11.408,2.0135,2.0139,0.40,0.40
2008.04.07 10:12:11.628,2.0135,2.0139,0.40,0.10
2008.04.07 10:12:11.847,2.0135,2.0139,0.40,0.10
2008.04.07 10:12:12.066,2.0135,2.0139,0.40,0.10
2008.04.07 10:12:12.385,2.0135,2.0139,0.40,0.10
2008.04.07 10:12:12.741,2.0137,2.014,0.40,0.10
2008.04.07 10:12:13.065,2.0135,2.01395,0.40,0.30
2008.04.07 10:12:13.387,2.0135,2.01385,0.40,0.30
2008.04.07 10:12:13.637,2.0135,2.01395,0.40,4.20
2008.04.07 10:12:13.888,2.0135,2.01395,0.40,0.30
2008.04.07 10:12:14.139,2.0135,2.01395,0.40,0.30
2008.04.07 10:12:14.473,2.0135,2.01395,0.40,0.30
2008.04.07 10:12:14.807,2.0135,2.01395,0.40,0.30
2008.04.07 10:12:15.143,2.0135,2.01385,0.40,0.30
2008.04.07 10:12:15.518,2.01335,2.01395,1.60,1.80
2008.04.07 10:12:15.852,2.0135,2.014,0.40,0.10
2008.04.07 10:12:16.188,2.0135,2.01395,0.40,0.30
2008.04.07 10:12:16.423,2.0136,2.01395,0.40,0.30
2008.04.07 10:12:16.663,2.0135,2.01395,0.40,0.30
2008.04.07 10:12:16.897,2.0135,2.01395,0.40,0.30
2008.04.07 10:12:17.136,2.0135,2.01395,0.40,0.30
2008.04.07 10:12:17.440,2.0135,2.01395,0.40,0.30
2008.04.07 10:12:17.746,2.0135,2.01395,0.40,0.30
2008.04.07 10:12:18.051,2.0135,2.01395,0.40,0.30
2008.04.07 10:12:18.354,2.0135,2.01395,0.40,0.30
2008.04.07 10:12:18.638,2.0135,2.01395,0.40,0.30
2008.04.07 10:12:18.921,2.0135,2.01395,0.40,0.30
2008.04.07 10:12:19.243,2.0135,2.01395,0.40,0.30
2008.04.07 10:12:19.578,2.0135,2.01395,0.40,1.60
2008.04.07 10:12:19.914,2.0135,2.014,0.40,0.40
2008.04.07 10:12:20.249,2.0135,2.01395,0.40,0.30
2008.04.07 10:12:20.583,2.0135,2.01395,1.10,0.30
2008.04.07 10:12:20.916,2.0135,2.01395,1.10,0.30
2008.04.07 10:12:21.250,2.0135,2.014,1.10,0.40
2008.04.07 10:12:21.479,2.0135,2.014,1.10,0.40
2008.04.07 10:12:21.708,2.0135,2.014,1.10,0.40
2008.04.07 10:12:21.937,2.0135,2.014,1.10,0.40
2008.04.07 10:12:22.205,2.0135,2.014,1.10,0.40
2008.04.07 10:12:22.500,2.0135,2.014,1.10,0.40
2008.04.07 10:12:22.795,2.0135,2.014,1.10,0.40
2008.04.07 10:12:23.099,2.0136,2.0141,0.40,0.10
2008.04.07 10:12:23.398,2.0136,2.0141,0.40,0.10
2008.04.07 10:12:23.677,2.0136,2.0141,0.40,0.10
2008.04.07 10:12:23.998,2.0136,2.01405,0.40,0.30
2008.04.07 10:12:24.279,2.0136,2.0141,0.40,0.10
2008.04.07 10:12:24.612,2.0136,2.01415,0.40,1.60
2008.04.07 10:12:24.947,2.0136,2.01415,0.40,1.60
2008.04.07 10:12:25.286,2.0136,2.01415,0.50,1.60
2008.04.07 10:12:25.621,2.0137,2.01415,0.40,1.60
2008.04.07 10:12:25.956,2.0137,2.01415,0.40,1.60
2008.04.07 10:12:26.290,2.0137,2.01415,0.40,1.60
2008.04.07 10:12:26.514,2.0137,2.01415,0.40,1.60
2008.04.07 10:12:26.738,2.0137,2.01415,0.40,1.60
2008.04.07 10:12:26.962,2.0137,2.01415,0.50,1.60
2008.04.07 10:12:27.188,2.0137,2.01415,0.50,1.60
2008.04.07 10:12:27.412,2.0138,2.0143,0.40,0.10
2008.04.07 10:12:27.743,2.0138,2.0143,0.40,0.10
2008.04.07 10:12:28.072,2.0139,2.01435,0.40,1.60
2008.04.07 10:12:28.400,2.0139,2.0144,0.40,0.10
2008.04.07 10:12:28.629,2.0139,2.0144,0.40,0.10
2008.04.07 10:12:28.859,2.0139,2.0144,0.40,0.10
2008.04.07 10:12:29.088,2.0139,2.01435,0.40,0.30
2008.04.07 10:12:29.359,2.0139,2.01435,0.40,0.30
2008.04.07 10:12:29.685,2.0139,2.0143,0.40,0.10
2008.04.07 10:12:30.040,2.0139,2.0143,0.40,0.10
2008.04.07 10:12:30.376,2.0139,2.0143,0.40,0.10
2008.04.07 10:12:30.712,2.0139,2.0143,0.40,0.10
2008.04.07 10:12:31.046,2.014,2.0143,0.80,0.10
2008.04.07 10:12:31.382,2.014,2.01445,1.10,0.30
2008.04.07 10:12:31.613,2.014,2.0144,1.10,0.10
2008.04.07 10:12:31.843,2.014,2.0144,1.10,0.10
2008.04.07 10:12:32.072,2.014,2.0144,1.10,0.10
2008.04.07 10:12:32.301,2.014,2.0144,1.10,0.10
2008.04.07 10:12:32.585,2.01415,2.0144,5.60,0.10
2008.04.07 10:12:32.871,2.0142,2.0147,0.40,0.10
2008.04.07 10:12:33.156,2.0143,2.0148,0.40,0.10
2008.04.07 10:12:33.449,2.0143,2.01475,0.40,1.60
2008.04.07 10:12:33.778,2.0143,2.01455,0.40,1.60
2008.04.07 10:12:34.060,2.0143,2.0148,0.40,0.10
2008.04.07 10:12:34.345,2.0143,2.0148,0.40,0.10
2008.04.07 10:12:34.630,2.0144,2.0148,0.40,0.10
2008.04.07 10:12:34.968,2.0144,2.0148,0.40,0.10
2008.04.07 10:12:35.303,2.0144,2.0148,0.40,0.10
2008.04.07 10:12:35.641,2.0144,2.0148,0.40,0.10
2008.04.07 10:12:36.018,2.0144,2.0148,0.40,0.10
2008.04.07 10:12:36.352,2.0144,2.0148,0.40,0.10
2008.04.07 10:12:36.686,2.0144,2.0148,0.40,0.10
2008.04.07 10:12:36.920,2.0144,2.0148,0.40,0.10
2008.04.07 10:12:37.155,2.0144,2.0149,0.40,0.10
2008.04.07 10:12:37.389,2.0144,2.0149,0.40,0.10
2008.04.07 10:12:37.624,2.0144,2.0149,0.40,0.10
2008.04.07 10:12:37.942,2.0144,2.0149,0.40,0.10
2008.04.07 10:12:39.861,2.0144,2.0149,0.40,0.10
2008.04.07 10:12:41.030,2.0144,2.0149,0.40,0.10
2008.04.07 10:12:41.200,2.0144,2.0148,0.40,0.10
2008.04.07 10:12:41.364,2.0144,2.0148,0.40,0.10
2008.04.07 10:12:41.529,2.0144,2.0148,0.40,0.10
2008.04.07 10:12:41.694,2.01425,2.01485,4.00,5.80
2008.04.07 10:12:41.858,2.01425,2.01485,4.00,5.80
2008.04.07 10:12:42.024,2.01425,2.01485,0.10,1.60
2008.04.07 10:12:42.361,2.0142,2.0148,0.40,0.40
2008.04.07 10:12:42.735,2.01415,2.01465,5.60,0.30
2008.04.07 10:12:43.075,2.01415,2.01465,1.60,0.30
2008.04.07 10:12:43.313,2.01415,2.01475,1.60,0.30
2008.04.07 10:12:43.548,2.01415,2.01465,1.60,0.30
2008.04.07 10:12:43.783,2.01415,2.01465,1.60,0.30
2008.04.07 10:12:44.017,2.01415,2.01465,1.60,0.30
2008.04.07 10:12:44.351,2.01415,2.01465,1.60,0.30
2008.04.07 10:12:44.687,2.01415,2.01465,1.60,0.30
2008.04.07 10:12:45.021,2.01415,2.01465,1.60,0.30
2008.04.07 10:12:45.399,2.01415,2.01465,1.60,0.30
2008.04.07 10:12:45.732,2.01405,2.0145,1.60,0.30
2008.04.07 10:12:46.069,2.01395,2.01445,1.60,0.30
2008.04.07 10:12:46.308,2.0141,2.0146,0.40,0.10
2008.04.07 10:12:46.541,2.0141,2.0146,0.40,0.10
2008.04.07 10:12:46.775,2.0141,2.0146,0.40,0.10
2008.04.07 10:12:47.013,2.0141,2.01445,0.40,0.30
2008.04.07 10:12:47.246,2.0141,2.01445,0.40,0.30
2008.04.07 10:12:47.577,2.0141,2.01435,0.40,0.30
2008.04.07 10:12:47.907,2.01385,2.0143,10.40,0.10
2008.04.07 10:12:50.530,2.01385,2.0142,2.40,0.30
2008.04.07 10:12:50.631,2.01385,2.01435,0.10,1.60
2008.04.07 10:12:50.703,2.01375,2.01435,3.20,0.30
2008.04.07 10:12:50.800,2.01375,2.01435,1.60,1.80
2008.04.07 10:12:50.901,2.01375,2.01425,1.60,0.30
2008.04.07 10:12:51.018,2.01365,2.01425,8.00,0.30
2008.04.07 10:12:51.121,2.01365,2.0141,8.00,0.30
2008.04.07 10:12:51.230,2.01365,2.0141,4.80,0.30
2008.04.07 10:12:51.346,2.01365,2.0141,0.80,0.30
2008.04.07 10:12:51.440,2.0135,2.0141,0.40,0.30
2008.04.07 10:12:51.554,2.0139,2.01415,0.10,3.20
2008.04.07 10:12:51.888,2.0139,2.0145,0.50,0.10
2008.04.07 10:12:52.223,2.0139,2.0145,0.40,0.40
2008.04.07 10:12:52.559,2.01385,2.0142,1.60,0.30
2008.04.07 10:12:52.804,2.01375,2.0143,1.60,0.30
2008.04.07 10:12:53.049,2.0139,2.0144,0.10,0.10
2008.04.07 10:12:53.295,2.01405,2.01455,4.00,0.30
2008.04.07 10:12:53.553,2.01405,2.01415,4.00,0.30
2008.04.07 10:12:53.888,2.01395,2.01425,0.80,0.30
2008.04.07 10:12:54.224,2.01375,2.01435,1.60,0.30
2008.04.07 10:12:54.557,2.01375,2.01435,1.60,0.30
2008.04.07 10:12:54.893,2.0137,2.01425,0.80,0.30
2008.04.07 10:12:55.137,2.0137,2.01425,0.80,0.30
2008.04.07 10:12:55.388,2.0137,2.01425,0.80,0.30
2008.04.07 10:12:55.631,2.01365,2.01425,1.60,0.30
2008.04.07 10:12:55.964,2.01365,2.01425,1.60,0.30
2008.04.07 10:12:56.328,2.0139,2.0145,0.40,0.30
2008.04.07 10:12:56.662,2.0139,2.0145,0.40,0.30
2008.04.07 10:12:56.893,2.01385,2.0145,1.60,0.30
2008.04.07 10:12:57.123,2.0142,2.01455,0.10,1.60
2008.04.07 10:12:57.354,2.01425,2.01475,4.00,2.40
2008.04.07 10:12:57.583,2.01425,2.01475,4.00,2.40
2008.04.07 10:12:57.815,2.01425,2.0148,4.00,0.30
2008.04.07 10:12:58.153,2.01415,2.01465,4.00,1.80
2008.04.07 10:12:58.534,2.01395,2.01455,1.60,0.30
2008.04.07 10:12:58.865,2.0139,2.01455,0.50,1.80
2008.04.07 10:12:59.201,2.01385,2.0145,1.60,0.40
2008.04.07 10:12:59.536,2.01385,2.0145,1.60,0.40
2008.04.07 10:12:59.871,2.01395,2.0145,0.80,0.40
2008.04.07 10:13:00.207,2.0142,2.01455,0.40,1.60
2008.04.07 10:13:00.578,2.014,2.01455,0.40,1.60
2008.04.07 10:13:00.917,2.0142,2.0145,0.40,0.10
2008.04.07 10:13:01.154,2.0142,2.0146,0.40,0.10
2008.04.07 10:13:01.389,2.0142,2.0146,0.40,0.10
2008.04.07 10:13:01.624,2.0144,2.0147,0.40,0.30
2008.04.07 10:13:01.858,2.01425,2.0146,4.00,0.10
2008.04.07 10:13:02.173,2.0142,2.0146,0.40,0.10
2008.04.07 10:13:02.527,2.0141,2.0146,0.40,0.40
2008.04.07 10:13:02.843,2.0141,2.0146,0.40,0.40
2008.04.07 10:13:03.110,2.0141,2.0146,0.40,0.40
2008.04.07 10:13:03.388,2.0141,2.0146,0.40,0.40
2008.04.07 10:13:03.627,2.0141,2.0146,0.40,0.40
2008.04.07 10:13:03.868,2.01415,2.0146,1.60,0.30
2008.04.07 10:13:04.202,2.01415,2.0147,2.40,0.30
2008.04.07 10:13:04.537,2.01415,2.0147,5.60,0.30
2008.04.07 10:13:04.873,2.01415,2.01475,5.60,1.60
2008.04.07 10:13:05.203,2.0143,2.0147,0.40,0.30
2008.04.07 10:13:05.571,2.0143,2.0146,0.40,0.10
2008.04.07 10:13:05.900,2.0143,2.0146,0.40,0.10
2008.04.07 10:13:06.182,2.0143,2.0146,0.40,0.10
2008.04.07 10:13:06.426,2.0143,2.0146,0.40,0.10
2008.04.07 10:13:06.633,2.0143,2.0146,0.40,0.10
2008.04.07 10:13:06.877,2.0143,2.0146,0.40,0.10
2008.04.07 10:13:07.166,2.0143,2.0146,0.40,0.10
2008.04.07 10:13:07.454,2.0143,2.0146,0.40,0.10
2008.04.07 10:13:07.744,2.0143,2.0146,0.40,0.10
2008.04.07 10:13:08.034,2.0143,2.0146,0.40,0.10
2008.04.07 10:13:08.259,2.0143,2.0146,0.40,0.10
2008.04.07 10:13:08.486,2.0141,2.01455,0.40,0.30
2008.04.07 10:13:08.749,2.0141,2.0145,0.40,0.10
2008.04.07 10:13:08.975,2.0141,2.0145,0.40,0.10
2008.04.07 10:13:09.200,2.01405,2.0144,1.60,0.10
2008.04.07 10:13:09.535,2.014,2.0145,0.40,0.40
2008.04.07 10:13:09.871,2.014,2.0145,0.40,0.40
2008.04.07 10:13:10.207,2.014,2.0145,0.40,0.40
2008.04.07 10:13:10.543,2.014,2.0145,0.40,0.40
2008.04.07 10:13:10.878,2.014,2.0145,0.40,0.40
2008.04.07 10:13:11.213,2.014,2.0145,0.40,0.40
2008.04.07 10:13:11.442,2.014,2.0145,0.40,0.40
2008.04.07 10:13:11.671,2.014,2.0145,0.40,0.40
2008.04.07 10:13:11.901,2.014,2.0145,0.50,0.10
2008.04.07 10:13:12.132,2.0141,2.0146,0.40,0.10
2008.04.07 10:13:12.427,2.0141,2.0146,0.40,0.10
2008.04.07 10:13:12.724,2.0141,2.0146,0.40,0.10
2008.04.07 10:13:13.019,2.0141,2.0146,0.40,0.10
2008.04.07 10:13:13.275,2.0141,2.0145,0.40,0.30
2008.04.07 10:13:13.532,2.0141,2.0145,0.40,0.30
2008.04.07 10:13:13.786,2.0141,2.0145,0.40,0.30
2008.04.07 10:13:14.040,2.0141,2.0145,0.40,0.40
2008.04.07 10:13:14.378,2.01385,2.0144,3.20,0.40
2008.04.07 10:13:14.752,2.0139,2.01435,0.40,0.30
2008.04.07 10:13:15.092,2.01395,2.01445,0.10,4.00
2008.04.07 10:13:15.427,2.0141,2.01455,0.40,1.80
2008.04.07 10:13:15.764,2.0141,2.01455,0.40,1.60
2008.04.07 10:13:16.100,2.0141,2.0145,0.40,0.30
2008.04.07 10:13:16.335,2.0141,2.0145,0.40,0.30
2008.04.07 10:13:16.563,2.0141,2.0145,0.40,0.30
2008.04.07 10:13:16.794,2.0141,2.0144,0.40,0.10
2008.04.07 10:13:17.025,2.0141,2.0144,0.40,0.10
2008.04.07 10:13:17.255,2.0141,2.0144,0.40,0.10
2008.04.07 10:13:17.577,2.0141,2.0144,0.40,0.10
2008.04.07 10:13:17.900,2.0141,2.0144,0.40,0.10
2008.04.07 10:13:18.220,2.0141,2.0144,0.40,0.10
2008.04.07 10:13:18.461,2.0141,2.0144,0.40,0.10
2008.04.07 10:13:18.701,2.0141,2.0144,0.40,0.10
2008.04.07 10:13:18.961,2.01395,2.0142,2.40,0.10
2008.04.07 10:13:19.206,2.01395,2.0142,2.40,0.10
2008.04.07 10:13:19.578,2.0139,2.01435,0.40,0.30
2008.04.07 10:13:19.914,2.0139,2.01435,0.40,0.30
2008.04.07 10:13:20.249,2.01395,2.01445,0.10,1.60
2008.04.07 10:13:20.584,2.0141,2.01445,0.40,1.60
2008.04.07 10:13:20.918,2.0141,2.01445,0.40,1.60
2008.04.07 10:13:21.271,2.0141,2.01445,0.40,1.80
2008.04.07 10:13:21.534,2.0141,2.01445,0.40,1.60
2008.04.07 10:13:21.779,2.0141,2.01445,0.40,1.60
2008.04.07 10:13:22.039,2.0141,2.01445,0.40,1.60
2008.04.07 10:13:22.279,2.0141,2.01445,0.40,1.60
2008.04.07 10:13:22.565,2.0141,2.0143,0.40,0.10
2008.04.07 10:13:22.846,2.01385,2.0143,1.60,0.10
2008.04.07 10:13:23.127,2.01385,2.0143,1.60,0.30
2008.04.07 10:13:23.406,2.0138,2.0143,0.40,0.30
2008.04.07 10:13:23.692,2.0138,2.0143,0.40,0.30
2008.04.07 10:13:23.976,2.0138,2.0143,0.40,0.30
2008.04.07 10:13:24.262,2.01375,2.0143,1.60,0.40
2008.04.07 10:13:24.545,2.01375,2.0143,1.60,0.40
2008.04.07 10:13:24.880,2.01375,2.0143,1.60,0.40
2008.04.07 10:13:25.215,2.01375,2.0143,1.60,0.40
2008.04.07 10:13:25.549,2.01375,2.0143,1.60,0.40
2008.04.07 10:13:25.884,2.01375,2.0143,1.60,0.40
2008.04.07 10:13:26.218,2.01375,2.0143,1.60,0.40
2008.04.07 10:13:26.551,2.01375,2.0143,1.60,0.40
2008.04.07 10:13:26.757,2.01375,2.01425,1.60,1.60
2008.04.07 10:13:26.961,2.01375,2.01425,5.60,1.60
2008.04.07 10:13:27.165,2.01375,2.01425,5.60,1.60
2008.04.07 10:13:27.369,2.0138,2.01425,0.40,1.60
2008.04.07 10:13:27.573,2.01375,2.0142,5.60,0.30
2008.04.07 10:13:27.908,2.01375,2.01425,5.60,1.60
2008.04.07 10:13:28.242,2.01375,2.0143,4.00,0.40
2008.04.07 10:13:28.578,2.0137,2.01425,0.10,1.60
2008.04.07 10:13:28.812,2.0137,2.01425,0.10,1.60
2008.04.07 10:13:29.046,2.0137,2.01425,0.10,1.60
2008.04.07 10:13:29.280,2.0137,2.01425,0.10,1.60
2008.04.07 10:13:29.515,2.0138,2.01425,0.40,1.60
2008.04.07 10:13:29.751,2.01365,2.01405,6.40,0.30
2008.04.07 10:13:30.122,2.01365,2.014,2.40,0.30
2008.04.07 10:13:30.460,2.01365,2.01405,4.00,1.60
2008.04.07 10:13:30.795,2.0136,2.01405,0.40,1.80
2008.04.07 10:13:31.129,2.0136,2.01405,0.40,1.80
2008.04.07 10:13:31.465,2.0136,2.01405,0.40,1.80
2008.04.07 10:13:31.800,2.0136,2.01405,0.40,1.60
2008.04.07 10:13:32.035,2.0136,2.01405,0.40,1.60
2008.04.07 10:13:32.270,2.0137,2.014,0.40,0.10
2008.04.07 10:13:32.504,2.0137,2.014,0.40,0.10
2008.04.07 10:13:32.737,2.0137,2.014,0.40,0.10
2008.04.07 10:13:33.041,2.0137,2.014,0.40,0.10
2008.04.07 10:13:33.345,2.0137,2.014,0.40,0.10
2008.04.07 10:13:33.687,2.0137,2.014,0.40,0.10
2008.04.07 10:13:34.022,2.0137,2.014,0.40,0.10
2008.04.07 10:13:34.356,2.0137,2.014,0.40,0.10
2008.04.07 10:13:34.690,2.0137,2.014,0.40,0.10
2008.04.07 10:13:34.941,2.0137,2.014,0.40,0.10
2008.04.07 10:13:35.211,2.0137,2.014,0.40,0.10
2008.04.07 10:13:35.486,2.0137,2.014,0.40,0.10
2008.04.07 10:13:35.759,2.0137,2.014,0.40,0.10
2008.04.07 10:13:36.096,2.0135,2.01395,0.40,0.30
2008.04.07 10:13:36.432,2.0135,2.01395,0.40,0.30
2008.04.07 10:13:36.768,2.0135,2.01385,0.40,0.30
2008.04.07 10:13:36.998,2.0135,2.01385,0.40,0.30
2008.04.07 10:13:37.248,2.0135,2.01385,0.40,0.30
2008.04.07 10:13:37.497,2.0135,2.0139,0.40,0.10
2008.04.07 10:13:37.729,2.0135,2.01385,0.40,0.30
2008.04.07 10:13:38.025,2.0135,2.01385,0.40,0.30
2008.04.07 10:13:38.319,2.0135,2.01385,0.40,0.30
2008.04.07 10:13:38.617,2.0135,2.01385,0.40,0.30
2008.04.07 10:13:38.911,2.0135,2.0139,0.40,0.40
2008.04.07 10:13:39.248,2.01335,2.01375,4.00,0.30
2008.04.07 10:13:39.583,2.0134,2.0138,0.10,0.10
2008.04.07 10:13:39.949,2.0135,2.014,0.40,0.40
2008.04.07 10:13:40.297,2.0134,2.0139,0.40,0.40
2008.04.07 10:13:40.636,2.0134,2.01385,0.40,0.30
2008.04.07 10:13:40.972,2.0133,2.0138,1.10,0.10
2008.04.07 10:13:41.194,2.0133,2.0138,0.80,0.40
2008.04.07 10:13:41.414,2.0133,2.01375,0.80,3.20
2008.04.07 10:13:41.668,2.0133,2.01355,0.80,1.60
2008.04.07 10:13:41.890,2.0133,2.01355,0.80,1.60
2008.04.07 10:13:42.232,2.01325,2.01345,6.40,0.80
2008.04.07 10:13:42.541,2.01325,2.01375,6.40,0.30
2008.04.07 10:13:42.845,2.01325,2.01375,6.40,0.30
2008.04.07 10:13:43.149,2.01325,2.0138,6.40,0.10
2008.04.07 10:13:43.477,2.01325,2.0138,6.40,0.10
2008.04.07 10:13:43.776,2.01325,2.0138,6.40,0.10
2008.04.07 10:13:44.089,2.01325,2.0138,6.40,0.10
2008.04.07 10:13:44.458,2.01325,2.0138,6.40,0.10
2008.04.07 10:13:44.794,2.01325,2.0138,6.40,0.10
2008.04.07 10:13:45.126,2.01325,2.0138,6.40,0.10
2008.04.07 10:13:45.460,2.01325,2.0138,6.40,0.10
2008.04.07 10:13:45.796,2.01325,2.0138,6.40,0.10
2008.04.07 10:13:46.129,2.01325,2.0138,6.40,0.10
2008.04.07 10:13:46.363,2.01325,2.0138,6.40,0.10
2008.04.07 10:13:46.596,2.01325,2.0138,6.40,0.10
2008.04.07 10:13:46.870,2.01325,2.0138,6.40,0.10
2008.04.07 10:13:47.141,2.01325,2.0138,6.40,0.10
2008.04.07 10:13:47.447,2.01325,2.0138,6.40,0.10
2008.04.07 10:13:47.733,2.01325,2.0138,6.40,0.10
2008.04.07 10:13:48.059,2.01325,2.0138,6.40,0.10
2008.04.07 10:13:48.363,2.01325,2.0138,6.40,0.10
2008.04.07 10:13:48.566,2.01325,2.0138,6.40,0.10
2008.04.07 10:13:48.825,2.01325,2.0138,6.40,0.10
2008.04.07 10:13:49.092,2.01325,2.0138,6.40,0.10
2008.04.07 10:13:49.467,2.01325,2.0138,6.40,0.10
2008.04.07 10:13:49.761,2.01325,2.0138,4.00,0.10
2008.04.07 10:13:50.095,2.01325,2.0138,4.00,0.10
2008.04.07 10:13:50.419,2.01325,2.0138,4.00,0.10
2008.04.07 10:13:50.743,2.01325,2.0138,4.00,0.10
2008.04.07 10:13:51.067,2.01325,2.0138,4.00,0.10
2008.04.07 10:13:52.675,2.01325,2.0138,4.00,0.10
2008.04.07 10:13:52.717,2.01325,2.01385,5.60,1.00
2008.04.07 10:13:52.767,2.01325,2.01385,5.60,1.00
2008.04.07 10:13:52.859,2.01325,2.0138,5.60,0.10
2008.04.07 10:13:52.886,2.01325,2.0138,5.60,0.10
2008.04.07 10:13:53.017,2.01325,2.0138,5.60,0.10
2008.04.07 10:13:53.109,2.01325,2.0138,5.60,0.10
2008.04.07 10:13:53.215,2.01325,2.0138,5.60,0.10
2008.04.07 10:13:53.282,2.01325,2.0138,4.00,0.10
2008.04.07 10:13:53.374,2.01325,2.0138,4.00,0.10
2008.04.07 10:13:53.511,2.01325,2.0138,4.00,0.10
2008.04.07 10:13:53.582,2.01325,2.0138,4.00,0.10
2008.04.07 10:13:53.674,2.01325,2.0138,4.00,0.10
2008.04.07 10:13:53.779,2.01325,2.0138,4.00,0.10
2008.04.07 10:13:54.112,2.01325,2.0138,4.00,0.10
2008.04.07 10:13:54.445,2.01325,2.0138,4.00,0.10
2008.04.07 10:13:54.782,2.01325,2.0138,4.00,0.10
2008.04.07 10:13:55.132,2.01335,2.0138,2.40,0.10
2008.04.07 10:13:55.468,2.01335,2.0138,6.40,0.10
2008.04.07 10:13:55.804,2.0135,2.01365,0.40,0.80
2008.04.07 10:13:56.046,2.0135,2.01365,0.40,0.80
2008.04.07 10:13:56.250,2.0135,2.01355,0.40,0.80
2008.04.07 10:13:56.470,2.0135,2.0138,0.40,0.10
2008.04.07 10:13:56.692,2.0135,2.0138,0.40,0.10
2008.04.07 10:13:57.025,2.0135,2.0138,0.40,0.10
2008.04.07 10:13:57.360,2.0135,2.0138,0.40,0.10
2008.04.07 10:13:57.695,2.0135,2.0138,0.50,0.10
2008.04.07 10:13:57.936,2.0135,2.0138,0.50,0.10
2008.04.07 10:13:58.169,2.0135,2.0138,0.50,0.10
2008.04.07 10:13:58.405,2.0137,2.014,0.40,0.10
2008.04.07 10:13:58.639,2.0137,2.014,0.40,0.10
2008.04.07 10:13:58.874,2.0137,2.014,0.40,0.10
2008.04.07 10:13:59.246,2.0137,2.014,0.40,0.10
2008.04.07 10:13:59.580,2.0137,2.01395,0.40,0.80
2008.04.07 10:13:59.915,2.0137,2.01395,0.40,0.80
2008.04.07 10:14:00.250,2.0137,2.01395,0.40,0.80
2008.04.07 10:14:00.585,2.0137,2.01395,0.40,0.80
2008.04.07 10:14:00.920,2.0137,2.01395,0.40,0.80
2008.04.07 10:14:01.166,2.0137,2.014,0.40,0.10
2008.04.07 10:14:01.420,2.0137,2.014,0.40,0.10
2008.04.07 10:14:01.660,2.0137,2.014,0.40,0.10
2008.04.07 10:14:01.903,2.0137,2.014,0.40,0.10
2008.04.07 10:14:02.200,2.0137,2.014,0.40,0.10
2008.04.07 10:14:02.495,2.0137,2.014,0.40,0.10
2008.04.07 10:14:02.794,2.0137,2.014,0.40,0.10
2008.04.07 10:14:03.089,2.0137,2.014,0.40,0.10
2008.04.07 10:14:03.340,2.0137,2.014,0.40,0.10
2008.04.07 10:14:03.625,2.0137,2.014,0.40,0.10
2008.04.07 10:14:03.879,2.0135,2.0138,0.40,0.10
2008.04.07 10:14:04.131,2.0135,2.0138,0.40,0.10
2008.04.07 10:14:04.465,2.0135,2.0138,0.40,0.10
2008.04.07 10:14:04.802,2.0135,2.0138,0.40,0.10
2008.04.07 10:14:05.137,2.0135,2.0138,0.40,0.10
2008.04.07 10:14:05.501,2.0135,2.0138,0.40,0.10
2008.04.07 10:14:05.825,2.0135,2.0138,0.40,0.10
2008.04.07 10:14:06.152,2.0135,2.0138,0.40,0.10
2008.04.07 10:14:06.403,2.0135,2.01395,0.40,1.60
2008.04.07 10:14:06.652,2.0135,2.014,0.40,0.40
2008.04.07 10:14:06.902,2.0135,2.014,0.40,0.40
2008.04.07 10:14:07.152,2.0135,2.014,0.40,0.40
2008.04.07 10:14:07.436,2.0135,2.0138,0.40,0.10
2008.04.07 10:14:07.720,2.0135,2.0138,0.40,0.10
2008.04.07 10:14:08.043,2.0135,2.0138,0.40,0.10
2008.04.07 10:14:08.326,2.0135,2.0138,0.40,0.10
2008.04.07 10:14:08.634,2.0135,2.0138,0.40,0.10
2008.04.07 10:14:08.914,2.0135,2.014,0.40,0.40
2008.04.07 10:14:09.193,2.0135,2.014,0.40,0.40
2008.04.07 10:14:09.527,2.0135,2.014,0.40,0.40
2008.04.07 10:14:09.861,2.0135,2.014,0.40,0.40
2008.04.07 10:14:10.195,2.0135,2.014,0.40,0.40
2008.04.07 10:14:10.530,2.0135,2.014,0.40,0.40
2008.04.07 10:14:10.864,2.0135,2.014,0.40,0.40
2008.04.07 10:14:11.198,2.0135,2.014,0.50,0.10
2008.04.07 10:14:11.417,2.0135,2.014,0.50,0.10
2008.04.07 10:14:11.637,2.0137,2.014,0.40,0.10
2008.04.07 10:14:11.857,2.0137,2.014,0.40,0.10
2008.04.07 10:14:12.076,2.0137,2.014,0.40,0.10
2008.04.07 10:14:12.295,2.0137,2.014,0.40,0.10
2008.04.07 10:14:12.631,2.0137,2.014,0.40,0.10
2008.04.07 10:14:12.966,2.0137,2.014,0.40,0.10
2008.04.07 10:14:13.300,2.0137,2.014,0.40,0.10
2008.04.07 10:14:13.524,2.0137,2.014,0.40,0.10
2008.04.07 10:14:13.747,2.0137,2.014,0.40,0.10
2008.04.07 10:14:13.971,2.0137,2.014,0.40,0.10
2008.04.07 10:14:14.196,2.0137,2.014,0.40,0.10
2008.04.07 10:14:14.420,2.0137,2.014,0.40,0.10
2008.04.07 10:14:14.754,2.0137,2.014,0.40,0.10
2008.04.07 10:14:15.088,2.0137,2.01415,0.40,0.80
2008.04.07 10:14:15.423,2.0137,2.01415,0.40,0.80
2008.04.07 10:14:15.738,2.01375,2.01415,0.10,0.80
2008.04.07 10:14:16.053,2.01375,2.01415,0.10,0.80
2008.04.07 10:14:16.405,2.01375,2.01415,0.10,0.80
2008.04.07 10:14:16.613,2.01375,2.01415,0.10,0.80
2008.04.07 10:14:16.857,2.01375,2.01415,0.10,0.80
2008.04.07 10:14:17.101,2.01375,2.01415,0.10,0.80
2008.04.07 10:14:17.347,2.01375,2.01415,0.10,0.80
2008.04.07 10:14:17.680,2.01375,2.01415,5.60,0.80
2008.04.07 10:14:18.016,2.01375,2.01415,1.60,0.80
2008.04.07 10:14:18.380,2.01375,2.01415,1.60,0.80
2008.04.07 10:14:18.715,2.0137,2.01415,0.40,0.80
2008.04.07 10:14:18.940,2.01375,2.01415,1.60,0.80
2008.04.07 10:14:19.165,2.01375,2.01415,1.60,0.80
2008.04.07 10:14:19.389,2.01375,2.01415,1.60,0.80
2008.04.07 10:14:19.614,2.0139,2.01415,0.40,0.80
2008.04.07 10:14:19.948,2.0139,2.01415,0.40,0.80
2008.04.07 10:14:20.284,2.0139,2.01415,0.40,0.80
2008.04.07 10:14:20.620,2.0139,2.01415,0.40,0.80
2008.04.07 10:14:20.955,2.01375,2.01415,1.60,0.80
2008.04.07 10:14:21.289,2.0137,2.01405,0.80,0.30
2008.04.07 10:14:21.624,2.01355,2.01415,7.20,0.30
2008.04.07 10:14:21.850,2.01365,2.01425,1.60,1.00
2008.04.07 10:14:22.091,2.01365,2.01425,1.60,1.00
2008.04.07 10:14:22.357,2.0137,2.01425,0.10,0.80
2008.04.07 10:14:22.617,2.0137,2.01425,0.10,0.80
2008.04.07 10:14:22.927,2.01365,2.01425,1.60,1.00
2008.04.07 10:14:23.233,2.01365,2.01385,1.60,0.30
2008.04.07 10:14:23.580,2.01365,2.01405,2.40,1.80
2008.04.07 10:14:23.828,2.01355,2.0141,1.60,0.10
2008.04.07 10:14:24.075,2.01355,2.0141,1.60,0.10
2008.04.07 10:14:24.352,2.01355,2.0141,1.60,0.10
2008.04.07 10:14:24.597,2.0135,2.0141,0.80,0.10
2008.04.07 10:14:24.933,2.0135,2.01405,0.80,0.30
2008.04.07 10:14:25.267,2.0135,2.01405,0.80,0.30
2008.04.07 10:14:25.602,2.0135,2.01405,0.80,0.30
2008.04.07 10:14:25.935,2.0135,2.01385,0.80,0.30
2008.04.07 10:14:26.271,2.01345,2.01385,2.40,0.30
2008.04.07 10:14:26.606,2.01345,2.0138,0.80,0.10
2008.04.07 10:14:26.827,2.01345,2.0138,0.80,0.10
2008.04.07 10:14:27.048,2.01345,2.0138,0.80,0.10
2008.04.07 10:14:27.267,2.01345,2.0138,0.80,0.10
2008.04.07 10:14:27.486,2.01345,2.0138,0.80,0.10
2008.04.07 10:14:27.706,2.0134,2.0138,0.40,0.10
2008.04.07 10:14:28.005,2.0134,2.0138,0.40,0.10
2008.04.07 10:14:28.307,2.0135,2.0138,0.40,0.10
2008.04.07 10:14:28.605,2.0135,2.0138,0.40,0.10
2008.04.07 10:14:28.905,2.0135,2.0138,0.40,0.10
2008.04.07 10:14:29.195,2.0135,2.0138,0.40,0.10
2008.04.07 10:14:29.481,2.0135,2.0138,0.40,0.10
2008.04.07 10:14:29.768,2.0133,2.01375,1.10,1.60
2008.04.07 10:14:30.105,2.0133,2.0137,1.10,0.30
2008.04.07 10:14:30.439,2.0133,2.01375,1.10,0.80
2008.04.07 10:14:30.811,2.0133,2.0137,0.40,0.10
2008.04.07 10:14:31.147,2.0133,2.0137,0.40,0.40
2008.04.07 10:14:31.484,2.01325,2.01375,1.60,0.30
2008.04.07 10:14:31.821,2.01325,2.01375,2.40,0.30
2008.04.07 10:14:32.061,2.01325,2.01375,2.40,0.30
2008.04.07 10:14:32.298,2.01325,2.01375,2.40,0.30
2008.04.07 10:14:32.576,2.01325,2.0137,2.40,0.10
2008.04.07 10:14:32.818,2.01325,2.01365,1.60,2.60
2008.04.07 10:14:33.138,2.01315,2.0135,4.00,0.10
2008.04.07 10:14:33.459,2.0132,2.01365,0.40,0.30
2008.04.07 10:14:33.802,2.01315,2.0136,1.60,0.40
2008.04.07 10:14:34.139,2.01315,2.0136,2.40,0.40
2008.04.07 10:14:34.473,2.01315,2.0136,2.40,0.10
2008.04.07 10:14:34.846,2.01305,2.0136,1.60,0.30
2008.04.07 10:14:35.068,2.0131,2.0137,0.10,0.40
2008.04.07 10:14:35.308,2.01305,2.0136,1.60,0.30
2008.04.07 10:14:35.547,2.01305,2.0136,1.60,0.30
2008.04.07 10:14:35.788,2.0131,2.0137,0.10,0.40
2008.04.07 10:14:36.121,2.0131,2.0137,0.10,0.40
2008.04.07 10:14:36.454,2.0131,2.0137,0.10,0.40
2008.04.07 10:14:36.788,2.0131,2.0137,0.10,0.40
2008.04.07 10:14:37.017,2.0131,2.0137,0.10,0.40
2008.04.07 10:14:37.248,2.013,2.01355,0.40,0.30
2008.04.07 10:14:37.510,2.013,2.01355,0.40,0.30
2008.04.07 10:14:37.741,2.013,2.01355,0.40,0.30
2008.04.07 10:14:37.970,2.013,2.01355,0.40,0.30
2008.04.07 10:14:38.304,2.013,2.01355,0.40,0.30
2008.04.07 10:14:38.638,2.013,2.01355,0.40,0.30
2008.04.07 10:14:38.973,2.013,2.01355,0.40,0.30
2008.04.07 10:14:39.307,2.01305,2.01365,2.40,1.80
2008.04.07 10:14:39.697,2.01305,2.01355,2.40,0.30
2008.04.07 10:14:40.031,2.013,2.01345,0.40,0.30
2008.04.07 10:14:40.366,2.013,2.01355,0.40,1.80
2008.04.07 10:14:40.701,2.013,2.01355,0.40,1.80
2008.04.07 10:14:41.065,2.013,2.01355,0.40,1.80
2008.04.07 10:14:41.298,2.013,2.01355,0.40,1.80
2008.04.07 10:14:41.531,2.013,2.01355,0.40,1.80
2008.04.07 10:14:41.766,2.013,2.01355,0.40,1.80
2008.04.07 10:14:42.000,2.013,2.01355,0.40,1.80
2008.04.07 10:14:42.323,2.013,2.01355,0.40,1.80
2008.04.07 10:14:42.648,2.013,2.01355,0.40,1.80
2008.04.07 10:14:42.972,2.013,2.01345,0.40,0.30
2008.04.07 10:14:43.222,2.013,2.01345,0.40,1.60
2008.04.07 10:14:43.471,2.0129,2.01345,0.50,1.60
2008.04.07 10:14:43.758,2.0129,2.01325,0.40,0.30
2008.04.07 10:14:43.977,2.0129,2.01325,0.40,0.30
2008.04.07 10:14:44.312,2.0129,2.01335,0.40,6.60
2008.04.07 10:14:44.649,2.0129,2.0133,0.40,0.10
2008.04.07 10:14:44.983,2.0129,2.01335,0.40,0.80
2008.04.07 10:14:45.317,2.0129,2.01335,0.40,0.80
2008.04.07 10:14:45.651,2.0129,2.01335,0.40,0.80
2008.04.07 10:14:45.985,2.0129,2.01335,0.40,0.80
2008.04.07 10:14:46.224,2.0129,2.01335,0.40,0.80
2008.04.07 10:14:46.463,2.0129,2.01335,0.40,0.80
2008.04.07 10:14:46.702,2.0129,2.01335,0.40,0.80
2008.04.07 10:14:46.942,2.0129,2.01335,0.40,0.80
2008.04.07 10:14:47.300,2.0129,2.0134,0.40,0.10
2008.04.07 10:14:47.576,2.0129,2.01335,0.40,0.30
2008.04.07 10:14:47.883,2.0129,2.0134,0.40,0.10
2008.04.07 10:14:48.165,2.0129,2.0134,0.40,0.10
2008.04.07 10:14:48.450,2.0129,2.0134,0.40,0.10
2008.04.07 10:14:48.735,2.0129,2.0134,0.40,0.10
2008.04.07 10:14:49.065,2.0129,2.0134,0.40,0.10
2008.04.07 10:14:49.408,2.0129,2.0134,0.40,0.10
2008.04.07 10:14:49.747,2.0129,2.0134,0.40,0.10
2008.04.07 10:14:50.082,2.0129,2.0134,0.40,0.10
2008.04.07 10:14:50.416,2.0129,2.01335,0.40,5.60
2008.04.07 10:14:50.749,2.0129,2.0134,0.40,0.40
2008.04.07 10:14:51.084,2.0129,2.0134,0.40,0.40
2008.04.07 10:14:51.324,2.0129,2.0134,0.40,0.10
2008.04.07 10:14:51.601,2.0129,2.0134,0.40,0.10
2008.04.07 10:14:51.802,2.0129,2.0134,0.40,0.10
2008.04.07 10:14:52.042,2.0129,2.0134,0.40,0.10
2008.04.07 10:14:52.390,2.0129,2.0134,0.40,0.10
2008.04.07 10:14:52.696,2.0129,2.0134,0.40,0.10
2008.04.07 10:14:53.005,2.0129,2.0134,0.40,0.10
2008.04.07 10:14:53.255,2.0129,2.0134,0.40,0.10
2008.04.07 10:14:53.506,2.0129,2.0134,1.10,0.10
2008.04.07 10:14:53.755,2.01295,2.0134,1.60,0.10
2008.04.07 10:14:54.005,2.0129,2.0134,1.10,0.10
2008.04.07 10:14:54.379,2.01295,2.01345,0.10,0.80
2008.04.07 10:14:54.714,2.01295,2.01345,1.60,0.80
2008.04.07 10:14:55.048,2.0129,2.01345,0.40,1.00
2008.04.07 10:14:55.382,2.0129,2.0134,0.40,0.10
2008.04.07 10:14:55.716,2.0129,2.0134,0.40,0.10
2008.04.07 10:14:56.079,2.0129,2.01335,0.40,0.30
2008.04.07 10:14:56.313,2.0129,2.0133,0.40,0.10
2008.04.07 10:14:56.546,2.0129,2.0133,0.40,0.10
2008.04.07 10:14:56.781,2.0129,2.0134,0.40,0.10
2008.04.07 10:14:57.016,2.0129,2.0134,0.40,0.10
2008.04.07 10:14:57.350,2.0129,2.0134,0.40,0.10
2008.04.07 10:14:57.684,2.0129,2.0134,0.40,0.10
2008.04.07 10:14:58.018,2.0129,2.0134,0.40,0.10
2008.04.07 10:14:58.382,2.01295,2.0134,5.60,0.10
2008.04.07 10:14:58.634,2.01295,2.0134,6.40,0.10
2008.04.07 10:14:58.884,2.01295,2.0134,6.40,0.10
2008.04.07 10:14:59.132,2.01295,2.0134,6.40,0.10
2008.04.07 10:14:59.466,2.01295,2.0134,6.40,0.10
2008.04.07 10:14:59.801,2.01295,2.01355,2.40,0.30
2008.04.07 10:15:00.135,2.01295,2.01355,2.40,0.30
2008.04.07 10:15:00.469,2.01295,2.01355,2.40,0.30
2008.04.07 10:15:00.840,2.01295,2.01355,1.60,0.30
2008.04.07 10:15:01.143,2.01295,2.01355,1.60,0.30
2008.04.07 10:15:01.379,2.01295,2.01355,1.60,0.30
2008.04.07 10:15:01.620,2.01295,2.01355,1.60,0.30
2008.04.07 10:15:01.892,2.01295,2.01355,1.60,0.30
2008.04.07 10:15:02.127,2.01295,2.01355,1.60,0.30
2008.04.07 10:15:02.359,2.01295,2.01355,1.60,0.30
2008.04.07 10:15:02.642,2.01295,2.01355,1.60,0.30
2008.04.07 10:15:02.958,2.01295,2.0134,3.20,0.30
2008.04.07 10:15:03.245,2.01295,2.0135,4.00,0.30
2008.04.07 10:15:03.536,2.01295,2.0135,4.80,0.30
2008.04.07 10:15:03.825,2.01295,2.0135,4.00,0.30
2008.04.07 10:15:04.115,2.01295,2.0135,4.00,0.30
2008.04.07 10:15:04.410,2.01295,2.0135,4.00,0.30
2008.04.07 10:15:04.739,2.01295,2.0135,4.00,0.30
2008.04.07 10:15:05.073,2.01295,2.0135,4.00,0.30
2008.04.07 10:15:05.408,2.01295,2.0134,1.60,0.30
2008.04.07 10:15:05.742,2.01295,2.0134,1.60,0.40
2008.04.07 10:15:06.078,2.01295,2.0134,1.60,0.40
2008.04.07 10:15:06.411,2.01295,2.0134,1.60,0.40
2008.04.07 10:15:06.630,2.01295,2.0134,1.60,0.40
2008.04.07 10:15:06.848,2.01295,2.0134,1.60,0.40
2008.04.07 10:15:07.067,2.01295,2.0134,1.60,0.40
2008.04.07 10:15:07.288,2.01295,2.0134,1.60,0.40
2008.04.07 10:15:07.507,2.01295,2.0134,1.60,0.40
2008.04.07 10:15:07.842,2.01295,2.0134,1.60,0.40
2008.04.07 10:15:08.177,2.01295,2.0134,1.60,0.40
2008.04.07 10:15:08.511,2.01295,2.0134,1.60,0.40
2008.04.07 10:15:08.761,2.01295,2.0134,1.60,0.40
2008.04.07 10:15:08.990,2.01295,2.0134,1.60,0.40
2008.04.07 10:15:09.220,2.01295,2.0134,1.60,0.40
2008.04.07 10:15:09.447,2.01295,2.0134,1.60,0.10
2008.04.07 10:15:09.786,2.01295,2.0134,1.60,0.40
2008.04.07 10:15:10.121,2.01295,2.0134,1.60,0.40
2008.04.07 10:15:10.474,2.01295,2.0134,1.60,0.40
2008.04.07 10:15:10.817,2.01295,2.0134,1.60,0.40
2008.04.07 10:15:11.149,2.01295,2.0134,1.60,0.40
2008.04.07 10:15:11.483,2.01295,2.0134,1.60,0.40
2008.04.07 10:15:11.714,2.01295,2.0134,1.60,0.40
2008.04.07 10:15:11.959,2.01295,2.0134,1.60,0.40
2008.04.07 10:15:12.195,2.01295,2.0134,1.60,0.40
2008.04.07 10:15:12.465,2.01295,2.0134,1.60,0.40
2008.04.07 10:15:12.798,2.01295,2.0134,1.60,0.40
2008.04.07 10:15:13.128,2.01295,2.0134,1.60,0.40
2008.04.07 10:15:13.461,2.01295,2.0134,1.60,0.10
2008.04.07 10:15:13.692,2.01295,2.0134,1.60,0.10
2008.04.07 10:15:13.910,2.01295,2.0134,1.60,0.10
2008.04.07 10:15:14.134,2.01295,2.0134,1.60,0.10
2008.04.07 10:15:14.357,2.01295,2.0134,1.60,0.10
2008.04.07 10:15:14.690,2.01295,2.0134,1.60,0.10
2008.04.07 10:15:15.025,2.01295,2.0134,1.60,0.10
2008.04.07 10:15:15.358,2.01295,2.0134,1.60,0.10
2008.04.07 10:15:15.692,2.01295,2.0134,1.60,0.10
2008.04.07 10:15:16.028,2.01295,2.0134,1.60,0.10
2008.04.07 10:15:16.361,2.01295,2.0134,1.60,0.10
2008.04.07 10:15:16.584,2.01295,2.0134,1.60,0.10
2008.04.07 10:15:16.808,2.01295,2.0134,1.60,0.10
2008.04.07 10:15:17.055,2.01295,2.0134,1.60,0.10
2008.04.07 10:15:17.319,2.01295,2.0134,1.60,0.10
2008.04.07 10:15:17.539,2.01295,2.0134,5.60,0.10
2008.04.07 10:15:17.868,2.0131,2.01345,0.40,0.30
2008.04.07 10:15:18.193,2.013,2.0134,0.80,0.10
2008.04.07 10:15:18.548,2.013,2.0134,0.80,0.10
2008.04.07 10:15:18.793,2.013,2.0134,0.80,0.10
2008.04.07 10:15:19.028,2.013,2.0134,0.80,0.10
2008.04.07 10:15:19.259,2.013,2.0134,0.80,0.10
2008.04.07 10:15:19.487,2.013,2.0134,0.80,0.10
2008.04.07 10:15:19.823,2.01295,2.0134,1.60,0.10
2008.04.07 10:15:20.157,2.01295,2.0134,1.60,0.10
2008.04.07 10:15:20.493,2.01295,2.0134,1.60,0.10
2008.04.07 10:15:20.827,2.01295,2.0134,1.60,0.10
2008.04.07 10:15:21.161,2.01295,2.0134,1.60,0.10
2008.04.07 10:15:21.496,2.01295,2.0134,1.60,0.10
2008.04.07 10:15:21.721,2.01295,2.0134,1.60,0.10
2008.04.07 10:15:21.945,2.01295,2.0134,1.60,0.10
2008.04.07 10:15:22.170,2.01295,2.0134,1.60,0.10
2008.04.07 10:15:22.394,2.01295,2.0134,1.60,0.10
2008.04.07 10:15:22.618,2.01295,2.0134,1.60,0.10
2008.04.07 10:15:22.953,2.01295,2.0134,1.60,0.10
2008.04.07 10:15:23.288,2.01295,2.0134,1.60,0.10
2008.04.07 10:15:23.623,2.01295,2.0134,1.60,0.10
2008.04.07 10:15:23.847,2.01295,2.0134,1.60,0.10
2008.04.07 10:15:24.072,2.01295,2.0134,1.60,0.10
2008.04.07 10:15:24.296,2.01295,2.0134,1.60,0.10
2008.04.07 10:15:24.524,2.01295,2.0134,1.60,0.10
2008.04.07 10:15:24.747,2.01295,2.0134,1.60,0.10
2008.04.07 10:15:25.081,2.01295,2.0134,1.60,0.10
2008.04.07 10:15:25.415,2.01295,2.0134,1.60,0.10
2008.04.07 10:15:25.751,2.01295,2.0134,1.60,0.10
2008.04.07 10:15:26.086,2.01295,2.0134,1.60,0.10
2008.04.07 10:15:26.418,2.01295,2.0134,1.60,0.10
2008.04.07 10:15:26.753,2.01295,2.0134,1.60,0.10
2008.04.07 10:15:26.982,2.01295,2.0134,1.60,0.10
2008.04.07 10:15:27.206,2.01295,2.0134,1.60,0.10
2008.04.07 10:15:27.433,2.01295,2.0134,1.60,0.10
2008.04.07 10:15:27.657,2.01295,2.0134,1.60,0.10
2008.04.07 10:15:27.901,2.01295,2.0134,1.60,0.10
2008.04.07 10:15:28.271,2.01295,2.0134,1.60,0.10
2008.04.07 10:15:28.636,2.01295,2.0134,1.60,0.10
2008.04.07 10:15:28.977,2.01295,2.0134,1.60,0.10
2008.04.07 10:15:29.234,2.01295,2.0134,1.60,0.10
2008.04.07 10:15:29.499,2.01295,2.0134,1.60,0.10
2008.04.07 10:15:29.758,2.01295,2.0134,1.60,0.10
2008.04.07 10:15:29.981,2.01295,2.0134,1.60,0.10
2008.04.07 10:15:30.351,2.01295,2.0134,1.60,0.10
2008.04.07 10:15:30.689,2.01295,2.0134,1.60,0.10
2008.04.07 10:15:31.022,2.01295,2.0134,1.60,0.10
2008.04.07 10:15:31.357,2.01295,2.0134,1.60,0.10
2008.04.07 10:15:31.694,2.0129,2.0134,0.40,0.10
2008.04.07 10:15:32.029,2.0129,2.0134,0.40,0.10
2008.04.07 10:15:32.284,2.0129,2.0134,0.40,0.10
2008.04.07 10:15:32.533,2.0129,2.0134,0.40,0.10
2008.04.07 10:15:32.801,2.01295,2.0134,1.60,0.10
2008.04.07 10:15:33.012,2.01295,2.0134,1.60,0.10
2008.04.07 10:15:33.324,2.01295,2.0134,1.60,0.10
2008.04.07 10:15:33.633,2.01295,2.0134,1.60,0.10
2008.04.07 10:15:33.941,2.01295,2.0134,1.60,0.10
2008.04.07 10:15:34.277,2.01295,2.0134,1.60,0.10
2008.04.07 10:15:34.611,2.01295,2.0134,1.60,0.10
2008.04.07 10:15:34.943,2.01295,2.0134,1.60,0.10
2008.04.07 10:15:35.321,2.01295,2.0134,1.60,0.10
2008.04.07 10:15:35.654,2.0129,2.0134,1.10,0.40
2008.04.07 10:15:35.994,2.01295,2.0134,1.60,0.10
2008.04.07 10:15:36.252,2.01295,2.0134,1.60,0.10
2008.04.07 10:15:36.508,2.01295,2.0134,1.60,0.10
2008.04.07 10:15:36.689,2.01295,2.0134,1.60,0.10
2008.04.07 10:15:36.909,2.01295,2.0134,1.60,0.10
2008.04.07 10:15:37.128,2.01295,2.0134,1.60,0.10
2008.04.07 10:15:37.451,2.01295,2.0134,1.60,0.10
2008.04.07 10:15:37.775,2.01295,2.0134,1.60,0.10
2008.04.07 10:15:38.099,2.01295,2.0134,1.60,0.10
2008.04.07 10:15:38.335,2.01295,2.0134,1.60,0.10
2008.04.07 10:15:38.606,2.013,2.0135,0.40,0.10
2008.04.07 10:15:38.852,2.013,2.0135,0.40,0.10
2008.04.07 10:15:39.125,2.013,2.0135,0.40,0.10
2008.04.07 10:15:39.496,2.013,2.0135,0.40,0.10
2008.04.07 10:15:39.865,2.013,2.0135,0.40,0.10
2008.04.07 10:15:40.200,2.013,2.0135,0.40,0.10
2008.04.07 10:15:40.534,2.013,2.0135,0.40,0.10
2008.04.07 10:15:40.867,2.013,2.0135,0.40,0.10
2008.04.07 10:15:41.242,2.013,2.0135,0.40,0.10
2008.04.07 10:15:41.491,2.013,2.0135,0.40,0.10
2008.04.07 10:15:41.668,2.013,2.0135,0.40,0.10
2008.04.07 10:15:41.882,2.013,2.0135,0.40,0.10
2008.04.07 10:15:42.099,2.013,2.0135,0.40,0.10
2008.04.07 10:15:42.392,2.013,2.0135,0.40,0.10
2008.04.07 10:15:42.687,2.013,2.01345,0.40,0.30
2008.04.07 10:15:42.982,2.013,2.01345,0.40,0.80
2008.04.07 10:15:43.314,2.013,2.01345,0.40,0.80
2008.04.07 10:15:43.591,2.013,2.01345,0.40,0.80
2008.04.07 10:15:43.828,2.013,2.01345,0.40,0.80
2008.04.07 10:15:44.114,2.013,2.01345,0.40,0.80
2008.04.07 10:15:44.484,2.013,2.01345,0.40,0.80
2008.04.07 10:15:44.863,2.013,2.01345,0.40,0.80
2008.04.07 10:15:45.193,2.01315,2.01345,1.60,0.80
2008.04.07 10:15:45.498,2.01305,2.01345,11.20,0.80
2008.04.07 10:15:45.802,2.01305,2.01345,8.00,0.80
2008.04.07 10:15:46.107,2.01305,2.01345,4.00,0.80
2008.04.07 10:15:46.412,2.013,2.0136,1.20,0.10
2008.04.07 10:15:46.671,2.0131,2.0136,0.40,0.10
2008.04.07 10:15:46.923,2.0131,2.0136,0.40,0.10
2008.04.07 10:15:47.178,2.0131,2.0136,0.40,0.10
2008.04.07 10:15:47.431,2.0131,2.0136,0.40,0.10
2008.04.07 10:15:47.731,2.0131,2.0136,0.40,0.10
2008.04.07 10:15:48.040,2.0131,2.0136,0.40,0.10
2008.04.07 10:15:48.378,2.0131,2.0136,0.40,0.10
2008.04.07 10:15:48.606,2.0131,2.0136,0.40,0.10
2008.04.07 10:15:48.875,2.0131,2.0136,0.40,0.10
2008.04.07 10:15:49.104,2.0131,2.0136,0.40,0.10
2008.04.07 10:15:49.333,2.0131,2.0136,0.40,0.10
2008.04.07 10:15:49.575,2.0131,2.0136,0.40,0.10
2008.04.07 10:15:49.919,2.0131,2.0136,0.40,0.10
2008.04.07 10:15:50.253,2.0131,2.0136,0.40,0.10
2008.04.07 10:15:50.590,2.01315,2.0136,2.40,0.10
2008.04.07 10:15:50.923,2.01315,2.0136,2.40,0.10
2008.04.07 10:15:51.259,2.0132,2.0136,0.40,0.10
2008.04.07 10:15:51.594,2.0132,2.0136,0.40,0.10
2008.04.07 10:15:51.824,2.0132,2.0136,0.40,0.10
2008.04.07 10:15:52.053,2.0132,2.0136,0.40,0.10
2008.04.07 10:15:52.299,2.0132,2.0136,0.40,0.10
2008.04.07 10:15:52.568,2.0132,2.0136,0.40,0.10
2008.04.07 10:15:52.930,2.0132,2.0136,0.40,0.10
2008.04.07 10:15:53.241,2.0132,2.0136,0.40,0.10
2008.04.07 10:15:53.580,2.0134,2.01375,0.40,0.80
2008.04.07 10:15:53.809,2.0134,2.01375,0.40,0.80
2008.04.07 10:15:54.043,2.0133,2.01375,0.40,0.80
2008.04.07 10:15:54.272,2.0133,2.01375,0.40,0.80
2008.04.07 10:15:54.503,2.01335,2.01375,1.60,0.80
2008.04.07 10:15:54.837,2.01335,2.01375,1.60,0.80
2008.04.07 10:15:55.172,2.01345,2.01375,1.60,0.80
2008.04.07 10:15:55.545,2.01345,2.01375,1.60,0.80
2008.04.07 10:15:55.901,2.01345,2.01375,1.60,0.80
2008.04.07 10:15:56.235,2.01335,2.01375,1.60,0.80
2008.04.07 10:15:56.569,2.01335,2.01375,1.60,0.80
2008.04.07 10:15:56.789,2.01335,2.01375,1.60,0.80
2008.04.07 10:15:57.011,2.01335,2.01375,1.60,0.80
2008.04.07 10:15:57.266,2.01335,2.01375,1.60,0.80
2008.04.07 10:15:57.526,2.01335,2.01375,1.60,0.80
2008.04.07 10:15:57.839,2.01335,2.01375,1.60,0.80
2008.04.07 10:15:58.150,2.01335,2.01375,1.60,0.80
2008.04.07 10:15:58.463,2.01325,2.0137,1.60,0.30
2008.04.07 10:15:58.727,2.01315,2.0137,2.40,0.30
2008.04.07 10:15:58.958,2.01315,2.01375,1.60,0.30
2008.04.07 10:15:59.188,2.01315,2.01375,1.60,1.00
2008.04.07 10:15:59.417,2.01315,2.01375,1.60,1.00
2008.04.07 10:15:59.753,2.0131,2.01375,0.50,2.60
2008.04.07 10:16:00.127,2.0131,2.01375,0.50,2.60
2008.04.07 10:16:00.462,2.01315,2.01375,0.10,1.80
2008.04.07 10:16:00.798,2.01315,2.01375,0.10,1.80
2008.04.07 10:16:01.136,2.0131,2.01365,0.40,0.30
2008.04.07 10:16:01.472,2.0131,2.01365,0.40,0.30
2008.04.07 10:16:01.701,2.0131,2.01365,0.40,0.30
2008.04.07 10:16:01.931,2.0131,2.01365,0.40,0.30
2008.04.07 10:16:02.161,2.0131,2.01365,0.40,0.30
2008.04.07 10:16:02.390,2.0131,2.01365,0.40,0.30
2008.04.07 10:16:02.665,2.0131,2.01365,0.40,0.30
2008.04.07 10:16:03.001,2.0131,2.01365,0.40,0.30
2008.04.07 10:16:03.334,2.0131,2.01365,0.40,0.30
2008.04.07 10:16:03.669,2.0131,2.01365,0.40,1.80
2008.04.07 10:16:03.899,2.0131,2.0136,0.40,0.30
2008.04.07 10:16:04.130,2.0131,2.0136,0.40,0.40
2008.04.07 10:16:04.358,2.0131,2.0136,0.40,0.40
2008.04.07 10:16:04.587,2.0131,2.0136,0.40,0.40
2008.04.07 10:16:04.920,2.0131,2.0136,0.40,0.40
2008.04.07 10:16:05.253,2.0131,2.0136,0.40,0.40
2008.04.07 10:16:05.588,2.0131,2.0136,0.40,0.40
2008.04.07 10:16:05.916,2.0131,2.0136,0.40,0.40
2008.04.07 10:16:06.244,2.0131,2.0136,0.40,0.40
2008.04.07 10:16:06.573,2.0131,2.0136,0.40,0.40
2008.04.07 10:16:06.817,2.0131,2.0136,0.40,0.40
2008.04.07 10:16:07.062,2.0131,2.0136,0.40,0.40
2008.04.07 10:16:07.304,2.0131,2.0136,0.40,0.40
2008.04.07 10:16:07.550,2.0132,2.0136,0.40,0.10
2008.04.07 10:16:07.853,2.0132,2.01355,0.40,0.80
2008.04.07 10:16:08.157,2.0132,2.01355,0.40,0.80
2008.04.07 10:16:08.461,2.0132,2.01345,0.40,0.80
2008.04.07 10:16:08.765,2.0132,2.01345,0.40,0.80
2008.04.07 10:16:09.015,2.0132,2.01345,0.40,0.80
2008.04.07 10:16:09.264,2.0132,2.01345,0.40,0.80
2008.04.07 10:16:09.513,2.0132,2.01345,0.40,0.80
2008.04.07 10:16:09.762,2.0132,2.01345,0.40,0.80
2008.04.07 10:16:10.096,2.0132,2.01345,0.40,0.80
2008.04.07 10:16:10.431,2.0132,2.01345,0.40,0.80
2008.04.07 10:16:10.768,2.0132,2.01345,0.40,0.80
2008.04.07 10:16:11.142,2.0132,2.01345,0.40,0.80
2008.04.07 10:16:11.477,2.0132,2.01345,0.40,0.80
2008.04.07 10:16:11.812,2.0132,2.01345,0.40,0.80
2008.04.07 10:16:12.058,2.0132,2.01345,0.40,0.80
2008.04.07 10:16:12.287,2.0132,2.01345,0.40,0.80
2008.04.07 10:16:12.531,2.0132,2.01345,0.40,0.80
2008.04.07 10:16:12.798,2.0132,2.01345,0.40,0.80
2008.04.07 10:16:13.136,2.0132,2.01345,0.40,0.80
2008.04.07 10:16:13.437,2.0132,2.01345,0.40,0.80
2008.04.07 10:16:13.737,2.0132,2.01345,0.40,0.80
2008.04.07 10:16:14.003,2.0132,2.01345,0.40,0.80
2008.04.07 10:16:14.294,2.0132,2.01345,0.40,0.80
2008.04.07 10:16:14.593,2.0132,2.01345,0.40,0.80
2008.04.07 10:16:14.855,2.0132,2.01345,0.40,0.80
2008.04.07 10:16:15.187,2.0132,2.01345,0.40,0.80
2008.04.07 10:16:15.522,2.0132,2.01345,0.40,0.80
2008.04.07 10:16:15.857,2.0132,2.01345,0.40,0.80
2008.04.07 10:16:16.173,2.0131,2.01345,0.40,0.80
2008.04.07 10:16:16.487,2.0131,2.01345,0.40,0.80
2008.04.07 10:16:16.802,2.0131,2.01345,0.40,0.80
2008.04.07 10:16:17.047,2.0131,2.01345,0.40,0.80
2008.04.07 10:16:17.324,2.0131,2.01345,0.40,0.80
2008.04.07 10:16:17.605,2.0131,2.01345,0.40,0.80
2008.04.07 10:16:17.886,2.0131,2.01345,0.40,0.80
2008.04.07 10:16:18.122,2.0131,2.01345,0.40,0.80
2008.04.07 10:16:18.396,2.0131,2.01345,0.40,0.80
2008.04.07 10:16:18.672,2.0131,2.01345,0.40,0.80
2008.04.07 10:16:18.995,2.0131,2.01345,0.40,0.80
2008.04.07 10:16:19.207,2.0131,2.01345,0.40,0.80
2008.04.07 10:16:19.466,2.0131,2.01345,0.40,0.80
2008.04.07 10:16:19.725,2.0131,2.01345,0.40,0.80
2008.04.07 10:16:19.985,2.0131,2.01345,0.40,0.80
2008.04.07 10:16:20.319,2.0131,2.01345,0.40,0.80
2008.04.07 10:16:20.653,2.0131,2.01345,0.40,0.80
2008.04.07 10:16:20.989,2.0131,2.01345,0.40,0.80
2008.04.07 10:16:21.326,2.0131,2.01345,0.40,0.80
2008.04.07 10:16:21.659,2.0131,2.01345,0.40,0.80
2008.04.07 10:16:21.994,2.0132,2.01345,0.40,0.80
2008.04.07 10:16:22.213,2.0132,2.01345,0.40,0.80
2008.04.07 10:16:22.434,2.0132,2.0136,0.40,0.10
2008.04.07 10:16:22.657,2.0132,2.0136,0.40,0.10
2008.04.07 10:16:24.768,2.0132,2.0136,0.40,0.10
2008.04.07 10:16:24.840,2.0132,2.0136,0.40,0.10
2008.04.07 10:16:24.918,2.0132,2.0137,0.40,0.10
2008.04.07 10:16:25.021,2.0132,2.0137,0.40,0.10
2008.04.07 10:16:25.096,2.0132,2.0137,0.40,0.10
2008.04.07 10:16:25.172,2.0132,2.0137,0.40,0.10
2008.04.07 10:16:25.253,2.0132,2.0137,0.40,0.10
2008.04.07 10:16:25.326,2.0132,2.0137,0.40,0.10
2008.04.07 10:16:25.350,2.0132,2.0137,0.40,0.10
2008.04.07 10:16:25.427,2.0132,2.0137,0.40,0.10
2008.04.07 10:16:25.500,2.0132,2.0137,0.40,0.10
2008.04.07 10:16:25.530,2.0132,2.0137,0.40,0.10
2008.04.07 10:16:25.596,2.0132,2.0137,0.40,0.10
2008.04.07 10:16:25.668,2.0132,2.0137,0.40,0.10
2008.04.07 10:16:25.738,2.0132,2.0137,0.40,0.10
2008.04.07 10:16:25.769,2.0132,2.0137,0.40,0.10
2008.04.07 10:16:26.107,2.0133,2.0137,0.40,0.10
2008.04.07 10:16:26.478,2.0133,2.0137,0.40,0.10
2008.04.07 10:16:26.817,2.0133,2.01365,0.40,0.80
2008.04.07 10:16:27.097,2.0133,2.01365,0.40,0.80
2008.04.07 10:16:27.342,2.0133,2.0137,0.40,0.40
2008.04.07 10:16:27.584,2.0131,2.0136,0.40,0.10
2008.04.07 10:16:27.828,2.0131,2.0136,0.40,0.10
2008.04.07 10:16:28.163,2.0131,2.0136,0.40,0.10
2008.04.07 10:16:28.533,2.0131,2.0136,0.40,0.10
2008.04.07 10:16:28.832,2.0131,2.0136,0.40,0.10
2008.04.07 10:16:29.095,2.0131,2.0136,0.40,0.10
2008.04.07 10:16:29.358,2.0131,2.0136,0.40,0.10
2008.04.07 10:16:29.620,2.0131,2.0136,0.50,0.10
2008.04.07 10:16:29.883,2.0131,2.0136,0.50,0.10
2008.04.07 10:16:30.217,2.0133,2.0136,0.40,0.10
2008.04.07 10:16:30.552,2.0133,2.0136,0.40,0.10
2008.04.07 10:16:30.886,2.0133,2.0136,0.40,0.10
2008.04.07 10:16:31.210,2.0133,2.0136,0.40,0.10
2008.04.07 10:16:31.570,2.0133,2.0136,0.40,0.10
2008.04.07 10:16:31.857,2.0133,2.0136,0.40,0.10
2008.04.07 10:16:32.209,2.0133,2.0136,0.40,0.10
2008.04.07 10:16:32.431,2.0133,2.0136,0.40,0.10
2008.04.07 10:16:32.685,2.0133,2.0136,0.40,0.10
2008.04.07 10:16:32.935,2.0133,2.0136,0.40,0.10
2008.04.07 10:16:33.270,2.0133,2.0136,0.40,0.10
2008.04.07 10:16:33.605,2.0133,2.0136,0.40,0.10
2008.04.07 10:16:33.940,2.0133,2.0136,0.40,0.10
2008.04.07 10:16:34.274,2.0133,2.0136,0.40,0.10
2008.04.07 10:16:34.610,2.0132,2.0136,0.40,0.10
2008.04.07 10:16:34.944,2.0132,2.0136,0.40,0.10
2008.04.07 10:16:35.279,2.0132,2.0136,0.40,0.10
2008.04.07 10:16:35.613,2.0132,2.0136,0.40,0.10
2008.04.07 10:16:35.945,2.0132,2.0136,0.40,0.10
2008.04.07 10:16:36.169,2.0132,2.0136,0.40,0.10
2008.04.07 10:16:36.394,2.0132,2.0136,0.40,0.10
2008.04.07 10:16:36.617,2.0132,2.0136,0.40,0.10
2008.04.07 10:16:36.842,2.0132,2.0136,0.40,0.10
2008.04.07 10:16:37.067,2.0131,2.0135,0.80,0.10
2008.04.07 10:16:37.372,2.01305,2.0135,1.60,0.10
2008.04.07 10:16:37.675,2.01305,2.0135,1.60,0.40
2008.04.07 10:16:37.981,2.013,2.0135,0.40,0.10
2008.04.07 10:16:38.223,2.013,2.0135,0.40,0.10
2008.04.07 10:16:38.461,2.013,2.0135,0.40,0.10
2008.04.07 10:16:38.701,2.013,2.0135,1.10,0.10
2008.04.07 10:16:38.940,2.013,2.0135,1.10,0.10
2008.04.07 10:16:39.178,2.013,2.0135,1.10,0.10
2008.04.07 10:16:39.513,2.013,2.0135,0.40,0.10
2008.04.07 10:16:39.849,2.013,2.0135,0.40,0.10
2008.04.07 10:16:40.184,2.013,2.0135,0.40,0.10
2008.04.07 10:16:40.508,2.013,2.0135,0.40,0.10
2008.04.07 10:16:40.836,2.013,2.0135,0.40,0.10
2008.04.07 10:16:43.679,2.013,2.0135,0.40,0.10
2008.04.07 10:16:43.757,2.013,2.0135,0.40,0.10
2008.04.07 10:16:43.840,2.013,2.0135,0.40,0.10
2008.04.07 10:16:43.924,2.013,2.0135,0.40,0.10
2008.04.07 10:16:44.042,2.013,2.0135,0.40,0.10
2008.04.07 10:16:44.168,2.013,2.0135,0.40,0.10
2008.04.07 10:16:44.268,2.013,2.0135,0.40,0.10
2008.04.07 10:16:44.387,2.013,2.0135,0.40,0.10
2008.04.07 10:16:44.456,2.013,2.0135,0.40,0.10
2008.04.07 10:16:44.527,2.013,2.0135,1.10,0.10
2008.04.07 10:16:44.634,2.013,2.0135,1.10,0.10
2008.04.07 10:16:44.763,2.013,2.0135,1.10,0.10
2008.04.07 10:16:45.100,2.013,2.0135,1.10,0.10
2008.04.07 10:16:45.435,2.013,2.0135,1.10,0.10
2008.04.07 10:16:45.781,2.013,2.0135,1.10,0.10
2008.04.07 10:16:46.157,2.013,2.0135,1.10,0.10
2008.04.07 10:16:46.523,2.013,2.0135,1.10,0.10
2008.04.07 10:16:46.888,2.013,2.0135,1.10,0.10
2008.04.07 10:16:47.132,2.013,2.0135,1.20,0.10
2008.04.07 10:16:47.375,2.013,2.0135,1.20,0.10
2008.04.07 10:16:47.586,2.01305,2.0135,0.80,0.10
2008.04.07 10:16:47.796,2.01305,2.0135,2.40,0.10
2008.04.07 10:16:48.005,2.01305,2.0135,2.40,0.10
2008.04.07 10:16:48.338,2.0131,2.0135,0.40,0.10
2008.04.07 10:16:48.672,2.0131,2.0135,0.40,0.10
2008.04.07 10:16:49.008,2.0131,2.0135,0.40,0.10
2008.04.07 10:16:49.243,2.0131,2.0135,0.40,0.10
2008.04.07 10:16:49.477,2.0131,2.0135,0.40,0.10
2008.04.07 10:16:49.711,2.0131,2.0135,0.40,0.10
2008.04.07 10:16:49.951,2.0131,2.0135,0.40,0.10
2008.04.07 10:16:50.283,2.0131,2.0135,0.40,0.10
2008.04.07 10:16:50.617,2.0131,2.0135,0.40,0.10
2008.04.07 10:16:50.975,2.0131,2.0135,0.40,0.10
2008.04.07 10:16:51.305,2.0131,2.0135,0.40,0.10
2008.04.07 10:16:51.635,2.0131,2.0135,0.40,0.10
2008.04.07 10:16:51.965,2.0131,2.0135,1.20,0.10
2008.04.07 10:16:52.300,2.0132,2.01355,0.40,0.80
2008.04.07 10:16:52.550,2.0132,2.01355,0.40,0.80
2008.04.07 10:16:52.806,2.0132,2.01355,0.40,0.80
2008.04.07 10:16:53.060,2.0132,2.01355,0.40,0.80
2008.04.07 10:16:53.346,2.0132,2.01355,0.40,0.80
2008.04.07 10:16:53.633,2.0132,2.01355,0.40,0.80
2008.04.07 10:16:53.962,2.0132,2.01355,0.40,0.80
2008.04.07 10:16:54.208,2.0132,2.01355,0.40,0.80
2008.04.07 10:16:54.543,2.0132,2.01355,0.40,0.80
2008.04.07 10:16:54.878,2.0132,2.01355,0.40,0.80
2008.04.07 10:16:55.214,2.0132,2.01355,0.40,0.80
2008.04.07 10:16:55.549,2.0132,2.01355,0.40,0.80
2008.04.07 10:16:55.926,2.0132,2.01355,0.40,0.80
2008.04.07 10:16:56.261,2.0132,2.01355,0.40,0.80
2008.04.07 10:16:56.495,2.0132,2.01355,0.40,0.80
2008.04.07 10:16:56.770,2.0132,2.01355,0.40,0.80
2008.04.07 10:16:57.007,2.0132,2.01355,0.40,0.80
2008.04.07 10:16:57.242,2.0132,2.01355,0.40,0.80
2008.04.07 10:16:57.572,2.0132,2.01355,0.40,0.80
2008.04.07 10:16:57.903,2.0132,2.01355,0.40,0.80
2008.04.07 10:16:58.272,2.0132,2.01355,0.40,0.80
2008.04.07 10:16:58.536,2.0132,2.01355,0.40,0.80
2008.04.07 10:16:58.768,2.0132,2.01355,0.40,0.80
2008.04.07 10:16:59.007,2.0132,2.01355,0.40,0.80
2008.04.07 10:16:59.247,2.0132,2.01355,0.40,0.80
2008.04.07 10:16:59.581,2.0132,2.01355,0.40,0.80
2008.04.07 10:16:59.915,2.0132,2.01355,0.40,0.80
2008.04.07 10:17:00.285,2.0132,2.01355,0.40,0.80
2008.04.07 10:17:00.619,2.0132,2.01355,0.40,0.80
2008.04.07 10:17:00.954,2.0132,2.01355,0.40,0.80
2008.04.07 10:17:01.288,2.0132,2.01355,0.40,0.80
2008.04.07 10:17:01.524,2.0132,2.01355,0.40,0.80
2008.04.07 10:17:01.759,2.0132,2.01355,0.40,0.80
2008.04.07 10:17:01.994,2.0132,2.01355,0.40,0.80
2008.04.07 10:17:02.244,2.0132,2.01355,0.40,0.80
2008.04.07 10:17:02.539,2.0132,2.01355,0.40,0.80
2008.04.07 10:17:02.836,2.0132,2.01355,0.40,0.80
2008.04.07 10:17:03.134,2.0132,2.01355,0.40,0.80
2008.04.07 10:17:03.428,2.0132,2.01355,0.40,0.80
2008.04.07 10:17:03.714,2.0132,2.01355,0.40,0.80
2008.04.07 10:17:03.997,2.0132,2.0136,0.40,0.10
2008.04.07 10:17:04.320,2.0132,2.0136,0.40,0.10
2008.04.07 10:17:04.586,2.0132,2.0135,0.40,0.50
2008.04.07 10:17:04.922,2.0132,2.0135,0.40,0.50
2008.04.07 10:17:05.258,2.0132,2.0135,0.40,0.50
2008.04.07 10:17:05.592,2.0132,2.01355,0.40,0.80
2008.04.07 10:17:05.926,2.0132,2.01355,0.40,0.80
2008.04.07 10:17:06.263,2.0132,2.01355,0.40,0.80
2008.04.07 10:17:06.597,2.0132,2.01355,0.40,0.80
2008.04.07 10:17:06.857,2.0132,2.01355,0.40,0.80
2008.04.07 10:17:07.045,2.0132,2.01355,0.40,0.80
2008.04.07 10:17:07.270,2.0132,2.01355,0.40,0.80
2008.04.07 10:17:07.495,2.0132,2.01355,0.40,0.80
2008.04.07 10:17:07.847,2.0132,2.01355,0.40,0.80
2008.04.07 10:17:08.168,2.0132,2.01355,0.40,0.80
2008.04.07 10:17:08.487,2.0132,2.01355,0.40,0.80
2008.04.07 10:17:08.741,2.0131,2.01355,0.40,0.80
2008.04.07 10:17:09.003,2.0131,2.01355,0.40,0.80
2008.04.07 10:17:09.258,2.0131,2.01355,0.40,0.80
2008.04.07 10:17:09.511,2.0131,2.01355,0.40,0.80
2008.04.07 10:17:09.846,2.0131,2.01355,0.40,0.80
2008.04.07 10:17:10.180,2.0131,2.01355,0.40,0.80
2008.04.07 10:17:10.515,2.0131,2.01355,0.40,0.80
2008.04.07 10:17:10.850,2.0132,2.01355,0.40,0.80
2008.04.07 10:17:11.184,2.0132,2.01355,0.40,0.80
2008.04.07 10:17:11.519,2.0132,2.01355,0.40,0.80
2008.04.07 10:17:11.743,2.0132,2.01355,0.40,0.80
2008.04.07 10:17:11.967,2.0131,2.01355,0.40,0.80
2008.04.07 10:17:12.191,2.0131,2.01355,0.40,0.80
2008.04.07 10:17:12.415,2.0131,2.01355,0.40,0.80
2008.04.07 10:17:12.682,2.0131,2.01355,0.40,0.80
2008.04.07 10:17:13.011,2.0131,2.01355,0.40,0.80
2008.04.07 10:17:13.345,2.0131,2.01355,0.40,0.80
2008.04.07 10:17:13.680,2.0131,2.01355,0.40,0.80
2008.04.07 10:17:13.925,2.0131,2.01355,0.40,0.80
2008.04.07 10:17:14.205,2.0131,2.01355,0.40,0.80
2008.04.07 10:17:14.457,2.0131,2.01355,0.40,0.80
2008.04.07 10:17:14.735,2.0131,2.01355,0.40,0.80
2008.04.07 10:17:15.070,2.0131,2.01355,0.40,0.80
2008.04.07 10:17:15.403,2.0131,2.01355,0.40,0.80
2008.04.07 10:17:15.737,2.0131,2.01355,0.40,0.80
2008.04.07 10:17:16.072,2.0131,2.01355,0.40,0.80
2008.04.07 10:17:16.404,2.0131,2.01355,0.40,0.80
2008.04.07 10:17:16.739,2.0131,2.01355,0.40,0.80
2008.04.07 10:17:16.978,2.0131,2.01355,0.40,0.80
2008.04.07 10:17:17.216,2.0131,2.01355,0.40,0.80
2008.04.07 10:17:17.455,2.0131,2.01355,0.40,0.80
2008.04.07 10:17:17.693,2.0131,2.01355,0.40,0.80
2008.04.07 10:17:18.042,2.0131,2.01355,0.40,0.80
2008.04.07 10:17:18.356,2.0131,2.01355,0.40,0.80
2008.04.07 10:17:18.674,2.0131,2.01355,0.40,0.80
2008.04.07 10:17:18.925,2.013,2.0135,0.40,0.40
2008.04.07 10:17:19.175,2.013,2.0135,0.40,0.40
2008.04.07 10:17:19.425,2.01295,2.0134,2.40,0.10
2008.04.07 10:17:19.676,2.01295,2.0134,0.10,0.10
2008.04.07 10:17:20.012,2.013,2.0135,0.40,0.10
2008.04.07 10:17:20.345,2.013,2.0135,0.40,0.10
2008.04.07 10:17:20.721,2.013,2.0135,0.40,0.10
2008.04.07 10:17:21.086,2.013,2.0135,0.40,0.10
2008.04.07 10:17:21.454,2.013,2.0135,0.40,0.10
2008.04.07 10:17:21.793,2.013,2.0135,0.40,0.10
2008.04.07 10:17:22.058,2.013,2.0135,0.40,0.10
2008.04.07 10:17:22.322,2.013,2.0135,0.40,0.10
2008.04.07 10:17:22.514,2.013,2.0135,0.40,0.10
2008.04.07 10:17:22.745,2.0131,2.01355,0.10,0.80
2008.04.07 10:17:23.018,2.0131,2.01355,0.10,0.80
2008.04.07 10:17:23.292,2.01315,2.01355,1.60,0.80
2008.04.07 10:17:23.567,2.0132,2.01355,0.40,0.80
2008.04.07 10:17:23.841,2.0132,2.01355,0.40,0.80
2008.04.07 10:17:24.135,2.0132,2.01355,0.40,0.80
2008.04.07 10:17:24.429,2.01325,2.01355,0.10,0.80
2008.04.07 10:17:24.724,2.01325,2.01355,0.10,0.80
2008.04.07 10:17:25.058,2.01325,2.01355,1.60,0.80
2008.04.07 10:17:25.393,2.01325,2.01355,1.60,0.80
2008.04.07 10:17:25.727,2.0132,2.01355,0.50,0.80
2008.04.07 10:17:26.061,2.0132,2.01355,0.50,0.80
2008.04.07 10:17:26.395,2.0133,2.0138,0.40,0.10
2008.04.07 10:17:26.728,2.0133,2.0138,0.40,0.10
2008.04.07 10:17:26.947,2.0133,2.0138,0.40,0.10
2008.04.07 10:17:27.165,2.0133,2.0138,0.40,0.10
2008.04.07 10:17:27.385,2.0133,2.0138,0.40,0.10
2008.04.07 10:17:27.607,2.0133,2.0138,0.40,0.10
2008.04.07 10:17:27.868,2.0133,2.0138,0.40,0.10
2008.04.07 10:17:28.241,2.0133,2.0138,0.40,0.10
2008.04.07 10:17:28.614,2.0133,2.0138,0.40,0.10
2008.04.07 10:17:28.981,2.0133,2.0138,0.40,0.10
2008.04.07 10:17:29.200,2.0133,2.01375,0.40,0.30
2008.04.07 10:17:29.422,2.0133,2.01375,0.40,0.30
2008.04.07 10:17:29.680,2.0133,2.01375,0.40,0.30
2008.04.07 10:17:29.931,2.0133,2.0136,0.40,0.10
2008.04.07 10:17:30.267,2.0133,2.0137,0.40,0.10
2008.04.07 10:17:30.604,2.0133,2.0137,0.40,0.10
2008.04.07 10:17:30.943,2.0133,2.0137,0.40,0.10
2008.04.07 10:17:31.248,2.0133,2.0138,0.40,0.10
2008.04.07 10:17:31.554,2.0133,2.0138,0.40,0.10
2008.04.07 10:17:31.858,2.0133,2.0139,0.40,0.40
2008.04.07 10:17:32.166,2.0133,2.0139,0.40,0.40
2008.04.07 10:17:32.454,2.0133,2.0139,0.40,0.40
2008.04.07 10:17:32.775,2.0133,2.0139,0.40,0.40
2008.04.07 10:17:33.066,2.0133,2.0139,0.40,0.40
2008.04.07 10:17:33.332,2.0133,2.0139,0.40,0.40
2008.04.07 10:17:33.598,2.0133,2.0139,0.40,0.40
2008.04.07 10:17:33.859,2.0133,2.0139,0.40,0.40
2008.04.07 10:17:34.081,2.0133,2.0139,0.40,0.40
2008.04.07 10:17:34.375,2.0133,2.0139,0.40,0.40
2008.04.07 10:17:34.713,2.0133,2.0139,0.40,0.40
2008.04.07 10:17:35.059,2.0133,2.0139,0.40,0.40
2008.04.07 10:17:35.393,2.0133,2.0139,0.40,0.40
2008.04.07 10:17:35.728,2.0133,2.0139,0.40,0.40
2008.04.07 10:17:36.062,2.0133,2.01385,0.40,4.00
2008.04.07 10:17:36.395,2.0133,2.01385,0.40,4.00
2008.04.07 10:17:36.729,2.0133,2.01385,0.40,4.00
2008.04.07 10:17:37.064,2.0133,2.01385,0.40,4.00
2008.04.07 10:17:37.308,2.0133,2.01385,0.40,4.00
2008.04.07 10:17:37.545,2.0133,2.01385,0.40,4.00
2008.04.07 10:17:37.791,2.0133,2.01385,0.40,4.00
2008.04.07 10:17:38.035,2.0133,2.01385,0.40,4.00
2008.04.07 10:17:38.372,2.0133,2.01385,0.40,4.00
2008.04.07 10:17:38.707,2.0133,2.01385,0.40,4.00
2008.04.07 10:17:39.042,2.0133,2.01385,0.40,4.00
2008.04.07 10:17:39.325,2.0133,2.01385,0.40,4.00
2008.04.07 10:17:39.616,2.0133,2.01385,0.40,4.00
2008.04.07 10:17:39.900,2.0133,2.01385,0.40,4.00
2008.04.07 10:17:40.186,2.0133,2.01375,0.50,4.00
2008.04.07 10:17:40.521,2.01335,2.01385,1.60,6.40
2008.04.07 10:17:40.856,2.0134,2.01395,0.40,2.40
2008.04.07 10:17:41.194,2.0134,2.01395,0.40,0.80
2008.04.07 10:17:41.418,2.0134,2.01395,0.40,0.80
2008.04.07 10:17:41.644,2.0134,2.01395,0.40,0.80
2008.04.07 10:17:41.867,2.0134,2.01395,0.40,0.80
2008.04.07 10:17:42.091,2.0134,2.01395,0.40,0.80
2008.04.07 10:17:42.395,2.0134,2.01395,0.40,0.80
2008.04.07 10:17:42.699,2.0134,2.01395,0.40,0.80
2008.04.07 10:17:43.008,2.0134,2.01395,0.40,0.80
2008.04.07 10:17:43.315,2.0134,2.01395,0.40,0.80
2008.04.07 10:17:43.559,2.0134,2.01395,0.40,0.80
2008.04.07 10:17:43.802,2.0134,2.01395,0.40,0.80
2008.04.07 10:17:44.045,2.0134,2.01395,0.40,0.80
2008.04.07 10:17:44.290,2.0134,2.01395,0.40,4.80
2008.04.07 10:17:44.624,2.0134,2.01395,0.40,4.80
2008.04.07 10:17:44.995,2.0134,2.01395,0.40,4.80
2008.04.07 10:17:45.294,2.0134,2.01395,0.40,4.80
2008.04.07 10:17:45.628,2.0134,2.01395,0.40,4.80
2008.04.07 10:17:45.961,2.0134,2.01395,0.40,0.80
2008.04.07 10:17:46.332,2.0134,2.01395,0.40,0.80
2008.04.07 10:17:46.554,2.0134,2.01395,0.40,0.80
2008.04.07 10:17:46.779,2.0134,2.01395,0.40,4.80
2008.04.07 10:17:47.003,2.0134,2.01395,0.40,4.80
2008.04.07 10:17:47.227,2.0134,2.01395,0.40,4.80
2008.04.07 10:17:47.556,2.0134,2.01395,0.40,4.80
2008.04.07 10:17:47.885,2.0134,2.01395,0.40,4.80
2008.04.07 10:17:48.215,2.01345,2.01385,0.10,4.00
2008.04.07 10:17:48.436,2.01345,2.01385,1.60,4.00
2008.04.07 10:17:48.654,2.0135,2.01395,0.40,4.80
2008.04.07 10:17:48.875,2.0135,2.01395,0.40,4.80
2008.04.07 10:17:49.095,2.0135,2.01395,0.40,0.80
2008.04.07 10:17:49.317,2.0135,2.01395,0.40,0.80
2008.04.07 10:17:49.653,2.0135,2.01385,0.40,0.80
2008.04.07 10:17:49.987,2.0135,2.01375,0.40,0.80
2008.04.07 10:17:50.321,2.0135,2.01375,0.40,0.80
2008.04.07 10:17:50.655,2.0135,2.01375,0.40,0.80
2008.04.07 10:17:50.989,2.0135,2.01375,0.40,0.80
2008.04.07 10:17:51.323,2.0135,2.01375,0.40,0.80
2008.04.07 10:17:51.554,2.0135,2.01375,0.40,0.80
2008.04.07 10:17:51.785,2.0135,2.014,0.40,0.10
2008.04.07 10:17:52.015,2.0135,2.014,0.40,0.10
2008.04.07 10:17:52.242,2.0135,2.014,0.40,0.10
2008.04.07 10:17:52.574,2.0135,2.01395,0.40,0.30
2008.04.07 10:17:52.905,2.0135,2.01395,0.40,0.30
2008.04.07 10:17:53.235,2.0135,2.0138,0.40,0.10
2008.04.07 10:17:53.485,2.0135,2.0138,0.40,0.10
2008.04.07 10:17:53.733,2.0135,2.0138,0.40,0.10
2008.04.07 10:17:53.983,2.0135,2.0138,0.40,0.10
2008.04.07 10:17:54.232,2.0135,2.0138,0.40,0.10
2008.04.07 10:17:54.481,2.01335,2.0138,2.40,0.10
2008.04.07 10:17:54.837,2.0133,2.01375,0.40,4.20
2008.04.07 10:17:55.173,2.0133,2.01375,0.40,4.20
2008.04.07 10:17:55.507,2.0133,2.0136,0.40,0.10
2008.04.07 10:17:55.842,2.0133,2.0136,0.40,0.10
2008.04.07 10:17:56.176,2.0133,2.0136,0.40,0.10
2008.04.07 10:17:56.509,2.0133,2.0136,0.40,0.10
2008.04.07 10:17:56.750,2.0133,2.0137,0.40,0.10
2008.04.07 10:17:56.991,2.0133,2.0137,0.40,0.10
2008.04.07 10:17:57.229,2.0133,2.0137,0.40,0.10
2008.04.07 10:17:57.468,2.0133,2.0137,0.40,0.10
2008.04.07 10:17:57.789,2.0133,2.0137,0.40,0.10
2008.04.07 10:17:58.107,2.0133,2.0137,0.40,0.10
2008.04.07 10:17:58.427,2.0134,2.0137,0.40,0.10
2008.04.07 10:17:58.705,2.0134,2.0137,0.40,0.10
2008.04.07 10:17:58.943,2.0134,2.0137,0.40,0.10
2008.04.07 10:17:59.183,2.0134,2.0137,0.40,0.10
2008.04.07 10:17:59.422,2.0134,2.0137,0.40,0.10
2008.04.07 10:17:59.756,2.0134,2.0137,0.40,0.10
2008.04.07 10:18:00.091,2.0134,2.0137,0.40,0.10
2008.04.07 10:18:00.426,2.0134,2.0137,0.40,0.10
2008.04.07 10:18:00.762,2.0134,2.0137,0.40,0.40
2008.04.07 10:18:01.133,2.0134,2.0137,0.40,0.40
2008.04.07 10:18:01.444,2.0134,2.0137,0.40,0.10
2008.04.07 10:18:01.684,2.0134,2.0137,0.40,0.10
2008.04.07 10:18:01.920,2.0134,2.0137,0.40,0.10
2008.04.07 10:18:02.155,2.0134,2.0137,0.40,0.10
2008.04.07 10:18:02.391,2.0134,2.0137,0.40,0.10
2008.04.07 10:18:02.724,2.0134,2.0137,0.40,0.10
2008.04.07 10:18:03.060,2.0134,2.0137,0.40,0.10
2008.04.07 10:18:03.394,2.0134,2.0137,0.40,0.10
2008.04.07 10:18:03.620,2.0134,2.0137,0.40,0.10
2008.04.07 10:18:03.844,2.0134,2.0137,0.40,0.10
2008.04.07 10:18:04.069,2.0134,2.0137,0.40,0.10
2008.04.07 10:18:04.293,2.0134,2.0137,0.40,0.10
2008.04.07 10:18:04.518,2.0134,2.0137,0.40,0.10
2008.04.07 10:18:04.873,2.0134,2.0137,0.40,0.10
2008.04.07 10:18:05.207,2.0134,2.0137,0.40,0.10
2008.04.07 10:18:05.542,2.0134,2.0137,0.40,0.10
2008.04.07 10:18:05.880,2.0134,2.0137,0.40,0.10
2008.04.07 10:18:06.213,2.0134,2.0137,0.40,0.10
2008.04.07 10:18:06.548,2.0134,2.0137,0.40,0.10
2008.04.07 10:18:06.773,2.0134,2.0137,0.40,0.10
2008.04.07 10:18:06.997,2.0134,2.0137,0.40,0.10
2008.04.07 10:18:07.221,2.0134,2.0137,0.40,0.10
2008.04.07 10:18:07.448,2.0134,2.0137,0.40,0.10
2008.04.07 10:18:07.741,2.0134,2.0137,0.40,0.10
2008.04.07 10:18:08.037,2.0135,2.0138,0.40,0.10
2008.04.07 10:18:08.331,2.0135,2.0137,0.40,0.10
2008.04.07 10:18:08.624,2.0135,2.0137,0.40,0.10
2008.04.07 10:18:08.904,2.0132,2.0135,0.40,0.40
2008.04.07 10:18:09.224,2.01305,2.0135,4.00,0.10
2008.04.07 10:18:09.504,2.01305,2.0136,4.00,0.30
2008.04.07 10:18:09.838,2.01305,2.0136,4.00,0.30
2008.04.07 10:18:10.176,2.01305,2.01365,0.10,1.60
2008.04.07 10:18:10.510,2.01315,2.0137,1.60,0.30
2008.04.07 10:18:10.845,2.01315,2.0138,1.60,0.30
2008.04.07 10:18:11.180,2.01315,2.01375,1.60,0.30
2008.04.07 10:18:11.515,2.01315,2.01365,1.60,0.30
2008.04.07 10:18:11.736,2.01315,2.01375,1.60,0.30
2008.04.07 10:18:11.955,2.01315,2.01375,1.60,0.30
2008.04.07 10:18:12.174,2.01315,2.01375,1.60,0.30
2008.04.07 10:18:12.393,2.01315,2.01375,1.60,0.30
2008.04.07 10:18:12.612,2.01315,2.01375,1.60,0.30
2008.04.07 10:18:12.927,2.01325,2.0139,1.60,0.40
2008.04.07 10:18:13.241,2.0133,2.0139,0.40,0.40
2008.04.07 10:18:13.555,2.01315,2.0138,1.60,0.30
2008.04.07 10:18:13.816,2.01315,2.01375,1.60,0.30
2008.04.07 10:18:14.113,2.01315,2.01375,1.60,0.30
2008.04.07 10:18:14.379,2.01315,2.0138,1.60,0.30
2008.04.07 10:18:14.640,2.01315,2.0138,1.60,0.30
2008.04.07 10:18:14.974,2.01315,2.0138,1.60,0.30
2008.04.07 10:18:15.347,2.01315,2.0138,1.60,0.30
2008.04.07 10:18:15.722,2.01315,2.0138,1.60,0.30
2008.04.07 10:18:16.098,2.01315,2.0138,1.60,0.30
2008.04.07 10:18:16.430,2.01315,2.0138,1.60,0.30
2008.04.07 10:18:16.764,2.01315,2.0138,1.60,0.30
2008.04.07 10:18:16.992,2.01325,2.0138,1.60,0.30
2008.04.07 10:18:17.223,2.01325,2.0138,1.60,0.30
2008.04.07 10:18:17.452,2.01325,2.0138,1.60,0.30
2008.04.07 10:18:17.680,2.01325,2.0137,1.60,0.30
2008.04.07 10:18:18.000,2.01315,2.0137,1.60,0.30
2008.04.07 10:18:18.319,2.01315,2.0138,1.60,0.30
2008.04.07 10:18:18.638,2.01315,2.0137,1.60,0.10
2008.04.07 10:18:18.897,2.01315,2.0137,1.60,0.10
2008.04.07 10:18:19.158,2.01315,2.0137,1.60,0.10
2008.04.07 10:18:19.452,2.01315,2.0137,1.60,0.10
2008.04.07 10:18:19.724,2.01315,2.0137,1.60,0.10
2008.04.07 10:18:20.062,2.01315,2.0137,1.60,0.10
2008.04.07 10:18:20.397,2.01315,2.0137,1.60,0.10
2008.04.07 10:18:20.735,2.01315,2.0137,1.60,0.10
2008.04.07 10:18:21.100,2.01315,2.0137,1.60,0.10
2008.04.07 10:18:21.427,2.01315,2.0137,1.60,0.10
2008.04.07 10:18:21.752,2.01315,2.0137,1.60,0.10
2008.04.07 10:18:22.001,2.01315,2.0137,1.60,0.10
2008.04.07 10:18:22.249,2.01315,2.0137,1.60,0.10
2008.04.07 10:18:22.499,2.01315,2.0137,1.60,0.10
2008.04.07 10:18:22.748,2.01315,2.0137,1.60,0.10
2008.04.07 10:18:22.998,2.01315,2.0137,1.60,0.10
2008.04.07 10:18:23.286,2.01315,2.01365,1.60,0.30
2008.04.07 10:18:23.574,2.01315,2.01365,1.60,0.30
2008.04.07 10:18:23.862,2.01315,2.01365,1.60,0.30
2008.04.07 10:18:24.131,2.01315,2.01365,1.60,0.30
2008.04.07 10:18:24.400,2.01315,2.01365,1.60,0.30
2008.04.07 10:18:24.668,2.01315,2.01365,1.60,0.30
2008.04.07 10:18:24.936,2.01315,2.01365,1.60,0.30
2008.04.07 10:18:25.271,2.01315,2.01365,1.60,0.30
2008.04.07 10:18:25.610,2.01315,2.01365,1.60,0.30
2008.04.07 10:18:25.961,2.01315,2.01365,1.60,0.30
2008.04.07 10:18:26.295,2.01315,2.01365,1.60,0.30
2008.04.07 10:18:26.632,2.01315,2.01365,1.60,0.30
2008.04.07 10:18:26.965,2.01315,2.01365,1.60,0.30
2008.04.07 10:18:27.200,2.01315,2.01365,1.60,0.30
2008.04.07 10:18:27.444,2.01315,2.01365,1.60,0.30
2008.04.07 10:18:27.717,2.01315,2.01365,1.60,0.30
2008.04.07 10:18:27.951,2.01315,2.01365,1.60,0.30
2008.04.07 10:18:28.260,2.01315,2.01365,1.60,0.30
2008.04.07 10:18:28.570,2.01315,2.01365,1.60,0.30
2008.04.07 10:18:28.879,2.01315,2.01365,1.60,0.30
2008.04.07 10:18:29.128,2.01315,2.0137,1.60,0.10
2008.04.07 10:18:29.376,2.01315,2.0137,1.60,0.10
2008.04.07 10:18:29.626,2.01315,2.0137,1.60,0.10
2008.04.07 10:18:29.874,2.01315,2.01365,1.60,0.30
2008.04.07 10:18:30.246,2.01315,2.01365,1.60,0.30
2008.04.07 10:18:30.554,2.01315,2.01365,1.60,0.30
2008.04.07 10:18:30.889,2.01315,2.0137,1.60,0.10
2008.04.07 10:18:31.223,2.01325,2.0137,1.60,0.10
2008.04.07 10:18:31.556,2.01325,2.01375,1.60,0.30
2008.04.07 10:18:31.890,2.01325,2.01375,1.60,0.30
2008.04.07 10:18:32.119,2.01325,2.01375,1.60,0.30
2008.04.07 10:18:32.371,2.01325,2.01375,1.60,0.30
2008.04.07 10:18:32.636,2.01325,2.01375,1.60,0.30
2008.04.07 10:18:32.882,2.01325,2.0138,1.60,0.30
2008.04.07 10:18:33.185,2.01325,2.0138,1.60,0.30
2008.04.07 10:18:33.490,2.01325,2.0138,1.60,0.30
2008.04.07 10:18:33.794,2.01325,2.0139,1.60,0.40
2008.04.07 10:18:34.099,2.01325,2.0138,1.60,0.30
2008.04.07 10:18:34.387,2.01325,2.0138,1.60,0.30
2008.04.07 10:18:34.677,2.01325,2.0138,1.60,0.30
2008.04.07 10:18:34.965,2.01325,2.0138,1.60,0.30
2008.04.07 10:18:35.300,2.01325,2.01385,1.60,0.30
2008.04.07 10:18:35.671,2.01325,2.01385,1.60,0.30
2008.04.07 10:18:36.005,2.01315,2.01375,4.00,0.30
2008.04.07 10:18:36.338,2.01315,2.01375,4.00,0.30
2008.04.07 10:18:36.672,2.01315,2.01375,4.00,0.30
2008.04.07 10:18:37.008,2.01315,2.01375,1.60,0.30
2008.04.07 10:18:37.247,2.01315,2.01375,1.60,0.30
2008.04.07 10:18:37.486,2.01315,2.01375,1.60,0.30
2008.04.07 10:18:37.724,2.01315,2.01375,1.60,0.30
2008.04.07 10:18:37.963,2.01315,2.01375,1.60,0.30
2008.04.07 10:18:38.263,2.01315,2.0138,1.60,0.30
2008.04.07 10:18:38.562,2.01315,2.0138,1.60,0.30
2008.04.07 10:18:38.861,2.01315,2.0138,1.60,0.30
2008.04.07 10:18:39.160,2.01315,2.0138,1.60,0.30
2008.04.07 10:18:39.420,2.01315,2.0138,1.60,0.40
2008.04.07 10:18:39.678,2.01315,2.0138,1.60,0.40
2008.04.07 10:18:39.938,2.01315,2.0138,1.60,0.40
2008.04.07 10:18:40.198,2.01315,2.0138,1.60,0.40
2008.04.07 10:18:40.534,2.01325,2.01385,0.10,1.60
2008.04.07 10:18:40.868,2.0132,2.01385,0.10,1.80
2008.04.07 10:18:41.202,2.0132,2.01385,0.10,1.80
2008.04.07 10:18:41.535,2.0132,2.01385,0.10,1.80
2008.04.07 10:18:41.868,2.0132,2.01385,0.10,1.80
2008.04.07 10:18:42.204,2.01325,2.01385,0.10,1.60
2008.04.07 10:18:42.422,2.01325,2.0139,1.60,0.40
2008.04.07 10:18:42.641,2.01325,2.0139,1.60,0.40
2008.04.07 10:18:42.879,2.0133,2.0139,0.10,0.10
2008.04.07 10:18:43.099,2.0134,2.0139,0.10,0.10
2008.04.07 10:18:43.430,2.0135,2.0139,0.40,0.10
2008.04.07 10:18:43.761,2.0135,2.0139,0.50,0.10
2008.04.07 10:18:44.091,2.0135,2.0139,0.50,0.10
2008.04.07 10:18:44.423,2.0137,2.014,0.40,0.10
2008.04.07 10:18:44.684,2.0137,2.0142,0.40,0.10
2008.04.07 10:18:44.943,2.0137,2.0142,0.40,0.10
2008.04.07 10:18:45.203,2.0138,2.01425,0.40,4.00
2008.04.07 10:18:45.575,2.01365,2.0143,1.60,0.40
2008.04.07 10:18:45.913,2.0136,2.01425,0.50,1.80
2008.04.07 10:18:46.247,2.0137,2.01425,0.10,1.60
2008.04.07 10:18:46.583,2.0137,2.0143,0.10,0.10
2008.04.07 10:18:46.918,2.0136,2.01415,0.40,0.30
2008.04.07 10:18:47.251,2.0136,2.01415,0.40,0.30
2008.04.07 10:18:47.489,2.0136,2.01415,0.40,0.30
2008.04.07 10:18:47.729,2.0136,2.01415,0.40,0.30
2008.04.07 10:18:47.967,2.0136,2.01415,0.40,0.30
2008.04.07 10:18:48.206,2.0136,2.0141,0.40,0.30
2008.04.07 10:18:48.496,2.0135,2.014,0.40,0.30
2008.04.07 10:18:48.787,2.0135,2.01415,0.10,1.80
2008.04.07 10:18:49.077,2.01345,2.01405,1.60,0.30
2008.04.07 10:18:49.368,2.01355,2.0142,1.60,0.40
2008.04.07 10:18:49.702,2.01355,2.0142,1.60,0.40
2008.04.07 10:18:50.039,2.01375,2.0142,0.10,0.10
2008.04.07 10:18:50.373,2.0138,2.0143,0.40,0.10
2008.04.07 10:18:50.710,2.01365,2.01425,1.60,0.30
2008.04.07 10:18:51.044,2.01365,2.0143,1.60,0.40
2008.04.07 10:18:51.379,2.01355,2.01415,1.60,0.30
2008.04.07 10:18:51.619,2.0136,2.01425,0.10,4.20
2008.04.07 10:18:51.860,2.0137,2.0141,0.10,0.10
2008.04.07 10:18:52.100,2.0137,2.0141,0.10,0.10
2008.04.07 10:18:52.340,2.0137,2.0142,0.40,0.40
2008.04.07 10:18:52.656,2.01375,2.01415,1.60,0.30
2008.04.07 10:18:52.970,2.0136,2.01425,0.10,1.80
2008.04.07 10:18:53.324,2.0136,2.01425,0.10,1.80
2008.04.07 10:18:53.585,2.0137,2.0143,0.10,0.10
2008.04.07 10:18:53.853,2.0137,2.0143,0.10,0.10
2008.04.07 10:18:54.119,2.0137,2.0143,0.10,0.10
2008.04.07 10:18:54.386,2.01365,2.0143,1.60,0.40
2008.04.07 10:18:54.718,2.01365,2.0143,1.60,0.40
2008.04.07 10:18:55.052,2.01365,2.0143,1.60,0.40
2008.04.07 10:18:56.392,2.01365,2.0142,1.60,0.40
2008.04.07 10:18:56.566,2.01365,2.0142,1.60,0.40
2008.04.07 10:18:56.713,2.01365,2.0142,1.60,0.40
2008.04.07 10:18:56.895,2.0136,2.0142,0.40,0.40
2008.04.07 10:18:57.087,2.0136,2.0142,0.40,0.40
2008.04.07 10:18:57.265,2.0136,2.0141,0.40,0.30
2008.04.07 10:18:57.457,2.01345,2.0141,4.00,0.30
2008.04.07 10:18:57.795,2.01345,2.0141,4.00,0.30
2008.04.07 10:18:58.133,2.01345,2.0141,4.00,0.30
2008.04.07 10:18:58.470,2.01345,2.0141,4.00,0.30
2008.04.07 10:18:58.710,2.01355,2.0141,1.60,0.30
2008.04.07 10:18:58.951,2.01345,2.0141,4.00,0.30
2008.04.07 10:18:59.192,2.01345,2.0141,4.00,0.30
2008.04.07 10:18:59.432,2.01345,2.0141,4.00,0.30
2008.04.07 10:18:59.671,2.01355,2.0141,1.60,0.30
2008.04.07 10:19:00.009,2.01355,2.0141,1.60,0.30
2008.04.07 10:19:00.343,2.01355,2.0141,1.60,0.30
2008.04.07 10:19:00.679,2.01355,2.0141,1.60,0.30
2008.04.07 10:19:01.017,2.01355,2.0141,1.60,0.30
2008.04.07 10:19:01.349,2.01355,2.0141,1.60,0.30
2008.04.07 10:19:01.684,2.01355,2.0141,1.60,0.30
2008.04.07 10:19:01.905,2.01355,2.0141,1.60,0.30
2008.04.07 10:19:02.124,2.01355,2.0141,1.60,0.30
2008.04.07 10:19:02.359,2.01345,2.01405,4.00,0.30
2008.04.07 10:19:02.582,2.01345,2.01395,4.00,0.30
2008.04.07 10:19:02.888,2.01345,2.014,4.00,0.10
2008.04.07 10:19:03.191,2.0135,2.014,0.40,0.10
2008.04.07 10:19:03.495,2.0135,2.014,0.40,0.10
2008.04.07 10:19:03.800,2.0135,2.014,0.40,0.10
2008.04.07 10:19:04.071,2.0135,2.014,0.40,0.10
2008.04.07 10:19:04.341,2.0137,2.0142,0.40,0.10
2008.04.07 10:19:04.612,2.0137,2.0142,0.40,0.10
2008.04.07 10:19:04.946,2.0137,2.0142,0.40,0.10
2008.04.07 10:19:05.282,2.0137,2.0141,0.40,0.10
2008.04.07 10:19:05.617,2.0137,2.0141,0.40,0.10
2008.04.07 10:19:05.951,2.0137,2.0141,0.40,0.10
2008.04.07 10:19:06.285,2.0137,2.0141,0.40,0.10
2008.04.07 10:19:06.619,2.0137,2.0141,0.40,0.10
2008.04.07 10:19:06.840,2.0137,2.0141,0.40,0.10
2008.04.07 10:19:07.060,2.0137,2.0141,0.40,0.10
2008.04.07 10:19:07.280,2.0137,2.0141,0.40,0.10
2008.04.07 10:19:07.499,2.0138,2.0141,0.40,0.10
2008.04.07 10:19:07.721,2.0138,2.0141,0.40,0.10
2008.04.07 10:19:08.049,2.01365,2.0141,4.00,0.10
2008.04.07 10:19:08.376,2.01365,2.0141,1.60,0.10
2008.04.07 10:19:08.703,2.01365,2.01405,1.60,0.30
2008.04.07 10:19:08.983,2.0136,2.014,0.40,0.10
2008.04.07 10:19:09.221,2.0136,2.014,0.40,0.10
2008.04.07 10:19:09.480,2.0136,2.014,0.40,0.10
2008.04.07 10:19:09.757,2.0136,2.014,0.40,0.10
2008.04.07 10:19:10.099,2.0136,2.014,0.40,0.10
2008.04.07 10:19:10.433,2.0136,2.014,0.40,0.10
2008.04.07 10:19:10.769,2.0138,2.01425,0.40,1.60
2008.04.07 10:19:11.142,2.0138,2.0143,0.40,0.10
2008.04.07 10:19:11.440,2.0138,2.0143,0.40,0.10
2008.04.07 10:19:11.813,2.0138,2.0143,0.40,0.40
2008.04.07 10:19:12.000,2.0138,2.0143,0.40,0.40
2008.04.07 10:19:12.225,2.0138,2.0143,0.40,0.40
2008.04.07 10:19:12.449,2.0138,2.0142,0.40,0.10
2008.04.07 10:19:12.674,2.0138,2.0142,0.40,0.10
2008.04.07 10:19:12.900,2.0138,2.0142,0.40,0.10
2008.04.07 10:19:13.222,2.0138,2.0142,0.40,0.10
2008.04.07 10:19:13.546,2.01365,2.0142,4.00,0.40
2008.04.07 10:19:13.872,2.01365,2.0142,4.00,0.10
2008.04.07 10:19:14.111,2.01365,2.0142,4.00,0.10
2008.04.07 10:19:14.337,2.01365,2.0142,4.00,0.10
2008.04.07 10:19:14.614,2.01365,2.0142,4.00,0.10
2008.04.07 10:19:14.868,2.01365,2.0142,4.00,0.10
2008.04.07 10:19:15.253,2.01365,2.0142,4.00,0.10
2008.04.07 10:19:15.588,2.01365,2.0142,0.10,0.10
2008.04.07 10:19:15.925,2.01355,2.0142,4.00,0.40
2008.04.07 10:19:16.293,2.01355,2.0142,4.00,0.40
2008.04.07 10:19:16.626,2.01355,2.0142,4.00,0.40
2008.04.07 10:19:16.960,2.01355,2.0142,4.00,0.40
2008.04.07 10:19:17.194,2.01355,2.0142,4.00,0.40
2008.04.07 10:19:17.429,2.01355,2.0142,4.00,0.40
2008.04.07 10:19:17.661,2.01355,2.0142,4.00,0.40
2008.04.07 10:19:17.895,2.01355,2.0142,4.00,0.40
2008.04.07 10:19:18.128,2.01355,2.0142,4.00,0.40
2008.04.07 10:19:18.483,2.01355,2.0142,4.00,0.40
2008.04.07 10:19:18.845,2.01355,2.0142,4.00,0.40
2008.04.07 10:19:19.176,2.01355,2.0142,4.00,0.40
2008.04.07 10:19:19.384,2.01355,2.0142,4.00,0.40
2008.04.07 10:19:19.594,2.01355,2.0142,4.00,0.40
2008.04.07 10:19:19.804,2.01355,2.0142,4.00,0.40
2008.04.07 10:19:20.021,2.01365,2.0142,0.10,0.10
2008.04.07 10:19:20.230,2.01355,2.0142,4.00,0.40
2008.04.07 10:19:20.566,2.01355,2.0142,4.00,0.40
2008.04.07 10:19:20.899,2.01355,2.0142,4.00,0.40
2008.04.07 10:19:21.233,2.01355,2.0142,6.40,0.40
2008.04.07 10:19:21.566,2.01355,2.0142,6.40,0.40
2008.04.07 10:19:21.900,2.01355,2.0142,6.40,0.40
2008.04.07 10:19:22.236,2.01355,2.0142,6.40,0.40
2008.04.07 10:19:22.457,2.01355,2.0142,6.40,0.40
2008.04.07 10:19:22.678,2.01355,2.0142,6.40,0.40
2008.04.07 10:19:22.898,2.01355,2.0142,6.40,0.40
2008.04.07 10:19:23.119,2.01355,2.0142,6.40,0.40
2008.04.07 10:19:23.433,2.01355,2.0142,6.40,0.40
2008.04.07 10:19:23.786,2.01355,2.0142,6.40,0.40
2008.04.07 10:19:24.102,2.01355,2.0142,6.40,0.40
2008.04.07 10:19:24.396,2.01355,2.0142,6.40,0.40
2008.04.07 10:19:24.692,2.01355,2.0142,6.40,0.40
2008.04.07 10:19:24.957,2.01355,2.0142,6.40,0.40
2008.04.07 10:19:25.215,2.01355,2.0142,6.40,0.40
2008.04.07 10:19:25.549,2.01355,2.0142,6.40,0.40
2008.04.07 10:19:25.885,2.01365,2.0142,1.60,0.10
2008.04.07 10:19:26.221,2.01365,2.0142,1.60,0.10
2008.04.07 10:19:26.592,2.0136,2.01415,0.40,0.30
2008.04.07 10:19:26.889,2.0136,2.01415,0.40,0.30
2008.04.07 10:19:27.224,2.0136,2.0142,0.40,0.40
2008.04.07 10:19:27.441,2.0136,2.0142,0.40,0.40
2008.04.07 10:19:27.659,2.0136,2.0142,0.40,0.40
2008.04.07 10:19:27.879,2.0136,2.0142,0.40,0.40
2008.04.07 10:19:28.099,2.0136,2.0142,0.40,0.40
2008.04.07 10:19:28.358,2.0136,2.0142,0.40,0.40
2008.04.07 10:19:28.708,2.0136,2.0142,0.40,0.40
2008.04.07 10:19:29.055,2.0136,2.0142,0.40,0.40
2008.04.07 10:19:29.368,2.0136,2.0142,0.40,0.40
2008.04.07 10:19:29.682,2.0136,2.0142,0.40,0.40
2008.04.07 10:19:29.995,2.0136,2.0142,0.40,0.40
2008.04.07 10:19:30.309,2.0136,2.0142,0.40,0.40
2008.04.07 10:19:30.613,2.0136,2.0142,0.40,0.40
2008.04.07 10:19:30.916,2.0136,2.0142,0.40,0.40
2008.04.07 10:19:31.220,2.0136,2.0142,0.40,0.40
2008.04.07 10:19:31.544,2.0136,2.0142,0.40,0.40
2008.04.07 10:19:31.867,2.0136,2.0142,0.40,0.40
2008.04.07 10:19:32.210,2.01365,2.0142,2.40,0.40
2008.04.07 10:19:32.534,2.0136,2.0142,0.40,0.40
2008.04.07 10:19:32.785,2.0136,2.0142,0.40,0.40
2008.04.07 10:19:33.059,2.0136,2.0142,0.40,0.40
2008.04.07 10:19:33.345,2.0136,2.0142,0.40,0.40
2008.04.07 10:19:33.631,2.0136,2.0142,0.40,0.40
2008.04.07 10:19:33.902,2.0136,2.0142,0.40,0.40
2008.04.07 10:19:34.164,2.0136,2.0142,0.40,0.40
2008.04.07 10:19:34.398,2.0136,2.0142,0.40,0.40
2008.04.07 10:19:34.732,2.0136,2.0142,0.40,0.40
2008.04.07 10:19:35.066,2.0136,2.0142,0.40,0.40
2008.04.07 10:19:35.401,2.0136,2.0142,0.40,0.40
2008.04.07 10:19:35.737,2.0136,2.0142,0.40,0.40
2008.04.07 10:19:36.052,2.0136,2.0142,0.40,0.40
2008.04.07 10:19:36.367,2.0136,2.0142,0.40,0.40
2008.04.07 10:19:36.682,2.0136,2.0142,0.40,0.40
2008.04.07 10:19:36.949,2.0136,2.0142,0.40,0.40
2008.04.07 10:19:37.218,2.0136,2.0142,0.40,0.40
2008.04.07 10:19:37.492,2.0136,2.0142,0.40,0.40
2008.04.07 10:19:37.754,2.0136,2.0142,0.40,0.40
2008.04.07 10:19:38.032,2.0136,2.0142,0.40,0.40
2008.04.07 10:19:38.306,2.0136,2.0142,0.40,0.40
2008.04.07 10:19:38.507,2.0136,2.0142,0.40,0.40
2008.04.07 10:19:38.801,2.0136,2.0142,0.40,0.40
2008.04.07 10:19:39.096,2.0136,2.0142,0.40,0.40
2008.04.07 10:19:39.389,2.0136,2.0142,0.40,0.40
2008.04.07 10:19:39.683,2.0136,2.0142,0.40,0.40
2008.04.07 10:19:40.017,2.0136,2.0142,0.40,0.40
2008.04.07 10:19:40.374,2.0136,2.0142,0.40,0.40
2008.04.07 10:19:40.709,2.0136,2.0142,0.40,0.40
2008.04.07 10:19:41.070,2.0136,2.0142,0.40,0.40
2008.04.07 10:19:41.430,2.0136,2.0142,0.40,0.40
2008.04.07 10:19:41.717,2.0136,2.0142,0.40,0.40
2008.04.07 10:19:41.970,2.0136,2.0142,0.40,0.40
2008.04.07 10:19:42.224,2.0136,2.0142,0.40,0.40
2008.04.07 10:19:42.477,2.0136,2.0142,0.40,0.40
2008.04.07 10:19:42.733,2.0136,2.0142,0.40,0.40
2008.04.07 10:19:42.980,2.0136,2.0142,0.40,0.40
2008.04.07 10:19:43.229,2.0136,2.0142,0.40,0.40
2008.04.07 10:19:43.478,2.0136,2.0142,0.40,0.40
2008.04.07 10:19:43.748,2.0136,2.0142,0.40,0.40
2008.04.07 10:19:45.394,2.0136,2.0142,0.40,0.40
2008.04.07 10:19:45.494,2.0136,2.0142,0.40,0.40
2008.04.07 10:19:45.557,2.0136,2.0142,0.40,0.40
2008.04.07 10:19:45.654,2.0136,2.0142,0.40,0.40
2008.04.07 10:19:45.719,2.0136,2.0142,0.40,0.40
2008.04.07 10:19:47.840,2.0136,2.0142,0.40,0.40
2008.04.07 10:19:48.102,2.0136,2.0142,0.40,0.40
2008.04.07 10:19:48.364,2.0136,2.0142,0.40,0.40
2008.04.07 10:19:48.626,2.0136,2.0142,0.40,0.40
2008.04.07 10:19:48.848,2.0136,2.0142,0.40,0.40
2008.04.07 10:19:49.072,2.0136,2.0142,0.40,0.40
2008.04.07 10:19:49.406,2.0136,2.0142,0.40,0.40
2008.04.07 10:19:49.739,2.0136,2.0142,0.40,0.40
2008.04.07 10:19:50.073,2.0136,2.0142,0.40,0.40
2008.04.07 10:19:50.407,2.0136,2.0141,0.40,0.30
2008.04.07 10:19:50.742,2.0136,2.0141,0.40,0.30
2008.04.07 10:19:51.077,2.0136,2.01415,0.40,0.30
2008.04.07 10:19:51.411,2.0136,2.01415,0.40,1.80
2008.04.07 10:19:51.745,2.0136,2.01415,0.40,1.80
2008.04.07 10:19:52.081,2.0136,2.0141,0.40,0.30
2008.04.07 10:19:52.348,2.0136,2.01415,0.40,1.60
2008.04.07 10:19:52.615,2.0136,2.01415,0.40,1.60
2008.04.07 10:19:52.806,2.0136,2.01415,0.40,1.60
2008.04.07 10:19:53.035,2.0136,2.0141,0.40,0.30
2008.04.07 10:19:53.320,2.0136,2.0141,0.40,0.30
2008.04.07 10:19:53.604,2.0136,2.0141,0.40,0.30
2008.04.07 10:19:53.889,2.0136,2.01415,0.40,1.60
2008.04.07 10:19:54.174,2.0136,2.01415,0.40,1.60
2008.04.07 10:19:54.447,2.0136,2.01415,0.40,1.60
2008.04.07 10:19:54.722,2.0136,2.01415,0.40,1.60
2008.04.07 10:19:54.995,2.0136,2.01415,0.40,1.60
2008.04.07 10:19:55.329,2.0136,2.01415,0.40,1.60
2008.04.07 10:19:55.663,2.0136,2.01415,0.40,1.60
2008.04.07 10:19:55.997,2.0136,2.01415,0.40,1.60
2008.04.07 10:19:56.332,2.0136,2.01415,0.40,1.60
2008.04.07 10:19:56.700,2.0136,2.01415,0.40,1.60
2008.04.07 10:19:57.081,2.0136,2.01415,0.40,1.60
2008.04.07 10:19:57.332,2.0136,2.01415,0.40,1.60
2008.04.07 10:19:57.540,2.0136,2.01415,0.40,1.60
2008.04.07 10:19:57.753,2.0136,2.01415,0.40,1.60
2008.04.07 10:19:57.961,2.0136,2.0142,0.40,0.40
2008.04.07 10:19:58.171,2.0136,2.0142,0.40,0.40
2008.04.07 10:19:58.505,2.0136,2.0142,0.40,0.40
2008.04.07 10:19:58.839,2.0136,2.0142,0.40,0.40
2008.04.07 10:19:59.174,2.0136,2.0142,0.40,0.40
2008.04.07 10:19:59.410,2.0136,2.0142,0.40,0.40
2008.04.07 10:19:59.682,2.0136,2.0142,0.40,0.40
2008.04.07 10:19:59.956,2.0136,2.0142,0.40,0.40
2008.04.07 10:20:00.189,2.0136,2.0142,0.40,0.40
2008.04.07 10:20:00.547,2.0136,2.0142,0.40,0.40
2008.04.07 10:20:00.881,2.0136,2.0142,0.40,0.40
2008.04.07 10:20:01.216,2.0136,2.0142,0.40,0.40
2008.04.07 10:20:01.549,2.0136,2.0142,0.40,0.40
2008.04.07 10:20:01.883,2.0136,2.0142,0.40,0.40
2008.04.07 10:20:02.217,2.0136,2.0142,0.40,0.40
2008.04.07 10:20:02.447,2.0136,2.0141,0.40,0.30
2008.04.07 10:20:02.676,2.0136,2.0141,0.40,0.30
2008.04.07 10:20:02.906,2.0136,2.0142,0.40,0.40
2008.04.07 10:20:03.165,2.0136,2.0142,0.40,0.40
2008.04.07 10:20:03.488,2.0136,2.0142,0.40,0.40
2008.04.07 10:20:03.802,2.0136,2.0142,0.40,0.40
2008.04.07 10:20:04.098,2.0136,2.0142,0.40,0.40
2008.04.07 10:20:04.403,2.0136,2.0142,0.40,0.40
2008.04.07 10:20:04.685,2.0136,2.0142,0.40,0.40
2008.04.07 10:20:04.963,2.0136,2.0142,0.40,0.40
2008.04.07 10:20:05.319,2.0136,2.0142,0.40,0.40
2008.04.07 10:20:05.688,2.0136,2.0142,0.40,0.40
2008.04.07 10:20:05.986,2.0136,2.0142,0.40,0.40
2008.04.07 10:20:06.320,2.0136,2.0142,0.40,0.40
2008.04.07 10:20:06.649,2.0136,2.0142,0.40,0.40
2008.04.07 10:20:06.977,2.0136,2.0142,0.40,0.40
2008.04.07 10:20:07.306,2.0136,2.0142,0.40,0.40
2008.04.07 10:20:07.541,2.0136,2.0142,0.40,0.40
2008.04.07 10:20:07.775,2.0136,2.0142,0.40,0.40
2008.04.07 10:20:08.037,2.0136,2.0142,0.40,0.40
2008.04.07 10:20:08.310,2.0136,2.0142,0.40,0.40
2008.04.07 10:20:08.597,2.0136,2.0142,0.40,0.40
2008.04.07 10:20:08.907,2.0136,2.0142,0.40,0.40
2008.04.07 10:20:09.218,2.0136,2.0142,0.40,0.40
2008.04.07 10:20:09.481,2.0136,2.0142,0.40,0.40
2008.04.07 10:20:09.779,2.0136,2.0142,0.40,0.40
2008.04.07 10:20:10.113,2.0136,2.0142,0.40,0.40
2008.04.07 10:20:10.484,2.0136,2.0142,0.40,0.40
2008.04.07 10:20:10.853,2.0136,2.0142,0.40,0.40
2008.04.07 10:20:11.151,2.0136,2.0142,0.40,0.40
2008.04.07 10:20:11.485,2.0136,2.0142,0.40,0.40
2008.04.07 10:20:11.716,2.0136,2.0142,0.40,0.40
2008.04.07 10:20:11.945,2.0136,2.0142,0.40,0.30
2008.04.07 10:20:12.174,2.0136,2.0142,0.40,0.30
2008.04.07 10:20:12.435,2.0136,2.01425,0.50,1.80
2008.04.07 10:20:12.718,2.0136,2.01425,0.50,1.80
2008.04.07 10:20:13.002,2.0136,2.01425,0.50,1.80
2008.04.07 10:20:13.287,2.0136,2.01425,0.50,1.80
2008.04.07 10:20:13.609,2.0136,2.01425,0.50,1.80
2008.04.07 10:20:13.931,2.0136,2.01425,0.50,1.80
2008.04.07 10:20:14.187,2.0136,2.01425,0.50,1.80
2008.04.07 10:20:14.470,2.0136,2.01425,0.50,1.80
2008.04.07 10:20:14.755,2.0136,2.01425,0.50,1.80
2008.04.07 10:20:15.090,2.01365,2.01425,1.60,0.30
2008.04.07 10:20:15.424,2.01365,2.01425,1.60,0.30
2008.04.07 10:20:15.757,2.01365,2.01425,1.60,0.30
2008.04.07 10:20:16.080,2.01365,2.01425,1.60,0.30
2008.04.07 10:20:16.405,2.01365,2.01425,1.60,0.30
2008.04.07 10:20:16.729,2.01365,2.01425,1.60,0.30
2008.04.07 10:20:17.021,2.01365,2.01425,1.60,0.30
2008.04.07 10:20:17.324,2.01365,2.01425,1.60,0.30
2008.04.07 10:20:17.550,2.01365,2.01425,1.60,0.30
2008.04.07 10:20:17.788,2.01365,2.01425,1.60,0.30
2008.04.07 10:20:18.027,2.01365,2.01425,1.60,0.30
2008.04.07 10:20:18.266,2.01365,2.01425,1.60,0.30
2008.04.07 10:20:18.505,2.01365,2.01425,1.60,0.30
2008.04.07 10:20:18.743,2.01365,2.01425,1.60,0.30
2008.04.07 10:20:19.077,2.01365,2.01425,1.60,0.30
2008.04.07 10:20:19.355,2.01365,2.01425,1.60,0.30
2008.04.07 10:20:19.648,2.01365,2.01425,1.60,0.30
2008.04.07 10:20:19.978,2.01365,2.01425,1.60,0.30
2008.04.07 10:20:20.348,2.01365,2.01425,1.60,0.30
2008.04.07 10:20:20.684,2.01365,2.01425,1.60,0.30
2008.04.07 10:20:21.017,2.01365,2.01425,1.60,0.30
2008.04.07 10:20:21.352,2.01365,2.01425,1.60,0.30
2008.04.07 10:20:21.685,2.01365,2.01425,1.60,0.30
2008.04.07 10:20:21.947,2.01365,2.01425,1.60,0.30
2008.04.07 10:20:22.141,2.01365,2.01425,1.60,0.30
2008.04.07 10:20:22.359,2.01365,2.01425,1.60,0.30
2008.04.07 10:20:22.579,2.01365,2.01425,1.60,0.30
2008.04.07 10:20:22.834,2.01365,2.01425,1.60,0.30
2008.04.07 10:20:23.204,2.01365,2.01425,1.60,0.30
2008.04.07 10:20:23.534,2.01365,2.01425,1.60,0.30
2008.04.07 10:20:23.860,2.01365,2.0142,1.60,0.30
2008.04.07 10:20:24.075,2.01365,2.0142,1.60,0.30
2008.04.07 10:20:24.312,2.01365,2.0143,1.60,0.40
2008.04.07 10:20:24.527,2.01365,2.0143,1.60,0.40
2008.04.07 10:20:24.742,2.01365,2.0143,1.60,0.40
2008.04.07 10:20:24.995,2.0138,2.0142,0.40,0.30
2008.04.07 10:20:25.329,2.01365,2.0143,1.60,0.40
2008.04.07 10:20:25.663,2.01365,2.0142,1.60,0.30
2008.04.07 10:20:25.998,2.01365,2.01425,1.60,0.30
2008.04.07 10:20:26.332,2.01365,2.01425,1.60,0.30
2008.04.07 10:20:26.665,2.01365,2.01425,1.60,0.30
2008.04.07 10:20:26.998,2.01365,2.01425,1.60,0.30
2008.04.07 10:20:27.223,2.01365,2.01425,1.60,0.30
2008.04.07 10:20:27.445,2.01365,2.01425,1.60,0.30
2008.04.07 10:20:27.669,2.01365,2.01425,1.60,0.30
2008.04.07 10:20:27.893,2.01365,2.01425,1.60,0.30
2008.04.07 10:20:28.242,2.01365,2.01425,1.60,0.30
2008.04.07 10:20:28.569,2.01365,2.01425,1.60,0.30
2008.04.07 10:20:28.895,2.01365,2.01415,1.60,0.30
2008.04.07 10:20:29.133,2.0136,2.01415,0.50,1.60
2008.04.07 10:20:29.368,2.0136,2.01415,0.50,1.60
2008.04.07 10:20:29.623,2.0136,2.01415,0.40,1.80
2008.04.07 10:20:29.903,2.0136,2.01415,0.40,1.80
2008.04.07 10:20:30.242,2.0136,2.01415,0.40,1.80
2008.04.07 10:20:30.577,2.0136,2.01415,0.40,1.80
2008.04.07 10:20:30.916,2.0136,2.01415,0.40,1.80
2008.04.07 10:20:31.252,2.0136,2.01415,0.40,1.80
2008.04.07 10:20:31.590,2.0136,2.0141,0.40,0.30
2008.04.07 10:20:31.933,2.0136,2.01425,0.50,3.40
2008.04.07 10:20:32.154,2.0137,2.01425,0.40,0.30
2008.04.07 10:20:32.373,2.0137,2.01425,0.40,0.30
2008.04.07 10:20:32.594,2.0137,2.01425,0.40,0.30
2008.04.07 10:20:32.817,2.0137,2.01425,0.40,0.30
2008.04.07 10:20:33.079,2.0137,2.01425,0.40,0.30
2008.04.07 10:20:33.431,2.0137,2.01425,0.40,0.30
2008.04.07 10:20:33.753,2.0137,2.01425,0.40,0.30
2008.04.07 10:20:34.073,2.0137,2.01425,0.40,1.80
2008.04.07 10:20:34.345,2.0137,2.0141,0.40,0.10
2008.04.07 10:20:34.579,2.0137,2.0141,0.40,0.10
2008.04.07 10:20:34.810,2.0137,2.0142,0.40,0.10
2008.04.07 10:20:35.040,2.0137,2.01415,0.40,1.60
2008.04.07 10:20:35.274,2.0137,2.01415,0.40,1.60
2008.04.07 10:20:35.610,2.0137,2.0142,0.40,0.10
2008.04.07 10:20:35.947,2.0137,2.0142,0.40,0.10
2008.04.07 10:20:36.281,2.0137,2.0142,0.40,0.10
2008.04.07 10:20:36.650,2.0137,2.0142,0.40,0.10
2008.04.07 10:20:36.982,2.0137,2.01415,0.40,0.30
2008.04.07 10:20:37.318,2.01375,2.0142,0.10,0.10
2008.04.07 10:20:37.558,2.0137,2.0142,0.40,0.10
2008.04.07 10:20:37.798,2.0137,2.0142,0.40,0.10
2008.04.07 10:20:38.075,2.0137,2.01415,0.40,0.30
2008.04.07 10:20:38.314,2.0137,2.0142,0.40,0.10
2008.04.07 10:20:38.630,2.01375,2.0142,0.10,0.10
2008.04.07 10:20:38.945,2.0138,2.0142,0.40,0.10
2008.04.07 10:20:39.260,2.0138,2.0142,0.40,0.10
2008.04.07 10:20:39.524,2.0138,2.0142,0.40,0.10
2008.04.07 10:20:39.790,2.0138,2.0142,0.40,0.10
2008.04.07 10:20:40.059,2.01385,2.01445,0.10,0.30
2008.04.07 10:20:40.323,2.01385,2.01445,0.10,0.30
2008.04.07 10:20:40.657,2.0138,2.01435,0.40,0.30
2008.04.07 10:20:41.029,2.0138,2.0143,0.40,0.30
2008.04.07 10:20:41.366,2.0138,2.0143,0.40,0.40
2008.04.07 10:20:41.695,2.0138,2.0143,0.40,0.40
2008.04.07 10:20:42.025,2.0138,2.0141,0.40,0.40
2008.04.07 10:20:42.355,2.0138,2.0142,0.40,0.30
2008.04.07 10:20:42.615,2.0138,2.0142,0.40,0.40
2008.04.07 10:20:42.875,2.0138,2.01415,0.40,0.30
2008.04.07 10:20:43.134,2.0136,2.0141,0.40,0.10
2008.04.07 10:20:43.393,2.0136,2.0141,0.40,0.10
2008.04.07 10:20:43.662,2.0136,2.0141,0.40,0.10
2008.04.07 10:20:43.932,2.0136,2.0141,0.40,0.10
2008.04.07 10:20:44.200,2.0136,2.0141,0.40,0.10
2008.04.07 10:20:44.469,2.0136,2.0141,0.40,0.10
2008.04.07 10:20:44.757,2.0136,2.0141,0.40,0.10
2008.04.07 10:20:45.046,2.0136,2.0141,0.40,0.10
2008.04.07 10:20:45.335,2.0136,2.0141,0.40,0.10
2008.04.07 10:20:45.672,2.0136,2.0141,0.40,0.10
2008.04.07 10:20:46.004,2.0136,2.0141,0.40,0.10
2008.04.07 10:20:46.337,2.0136,2.0141,0.40,0.10
2008.04.07 10:20:46.570,2.0136,2.0141,0.40,0.10
2008.04.07 10:20:46.807,2.0136,2.0141,0.40,0.10
2008.04.07 10:20:47.084,2.0136,2.0141,0.40,0.10
2008.04.07 10:20:47.335,2.0136,2.0141,0.40,0.10
2008.04.07 10:20:47.597,2.0136,2.0141,0.40,0.10
2008.04.07 10:20:47.860,2.0136,2.0141,0.40,0.10
2008.04.07 10:20:48.124,2.0136,2.0141,0.40,0.10
2008.04.07 10:20:48.423,2.0136,2.0141,0.40,0.10
2008.04.07 10:20:48.726,2.0136,2.0141,0.40,0.10
2008.04.07 10:20:48.996,2.01365,2.0141,0.10,0.10
2008.04.07 10:20:49.268,2.01365,2.01425,1.60,0.30
2008.04.07 10:20:49.578,2.01365,2.01415,1.60,0.30
2008.04.07 10:20:49.912,2.0136,2.01415,0.40,0.30
2008.04.07 10:20:50.246,2.0136,2.0141,0.40,0.10
2008.04.07 10:20:50.580,2.0136,2.0141,0.40,0.10
2008.04.07 10:20:50.913,2.0136,2.0141,0.40,0.10
2008.04.07 10:20:51.247,2.0136,2.0141,0.40,0.10
2008.04.07 10:20:51.581,2.0136,2.0141,0.40,0.10
2008.04.07 10:20:51.797,2.0136,2.0141,0.40,0.10
2008.04.07 10:20:52.012,2.0136,2.0141,0.40,0.10
2008.04.07 10:20:52.226,2.0136,2.0141,0.40,0.10
2008.04.07 10:20:52.441,2.0136,2.0141,0.40,0.10
2008.04.07 10:20:52.655,2.0136,2.0141,0.40,0.10
2008.04.07 10:20:52.976,2.0136,2.0141,0.40,0.10
2008.04.07 10:20:53.335,2.0136,2.0141,0.40,0.10
2008.04.07 10:20:53.690,2.0136,2.0141,0.40,0.10
2008.04.07 10:20:53.962,2.0136,2.0141,0.40,0.10
2008.04.07 10:20:54.227,2.0136,2.0141,0.40,0.10
2008.04.07 10:20:54.458,2.0136,2.0141,0.40,0.10
2008.04.07 10:20:56.257,2.0136,2.0141,0.40,0.10
2008.04.07 10:20:56.473,2.0136,2.0141,0.40,0.10
2008.04.07 10:20:56.617,2.0136,2.0141,0.40,0.10
2008.04.07 10:20:56.687,2.0136,2.0141,0.40,0.10
2008.04.07 10:20:56.917,2.0136,2.0141,0.40,0.10
2008.04.07 10:20:57.165,2.0136,2.0141,0.40,0.10
2008.04.07 10:20:57.500,2.0136,2.0141,0.40,0.10
2008.04.07 10:20:57.835,2.0136,2.0141,0.40,0.10
2008.04.07 10:20:58.193,2.0136,2.0141,0.40,0.10
2008.04.07 10:20:58.410,2.0136,2.0141,0.40,0.10
2008.04.07 10:20:58.628,2.0136,2.0141,0.40,0.10
2008.04.07 10:20:58.848,2.0136,2.0141,0.40,0.10
2008.04.07 10:20:59.067,2.0136,2.0141,0.40,0.10
2008.04.07 10:20:59.285,2.0136,2.0141,0.40,0.10
2008.04.07 10:20:59.619,2.0136,2.0141,0.40,0.10
2008.04.07 10:20:59.953,2.0136,2.0141,0.40,0.10
2008.04.07 10:21:00.286,2.0136,2.0141,0.40,0.10
2008.04.07 10:21:00.620,2.0136,2.0141,0.40,0.10
2008.04.07 10:21:00.969,2.0136,2.0141,0.40,0.10
2008.04.07 10:21:01.299,2.0136,2.0141,0.40,0.10
2008.04.07 10:21:01.627,2.0136,2.0141,0.40,0.10
2008.04.07 10:21:01.955,2.0136,2.0141,0.40,0.10
2008.04.07 10:21:02.284,2.0136,2.0141,0.40,0.10
2008.04.07 10:21:02.613,2.0136,2.0141,0.40,0.10
2008.04.07 10:21:02.816,2.0136,2.0141,0.40,0.10
2008.04.07 10:21:03.020,2.0136,2.0141,0.40,0.10
2008.04.07 10:21:03.228,2.0136,2.0141,0.40,0.10
2008.04.07 10:21:03.462,2.0136,2.0141,0.40,0.10
2008.04.07 10:21:03.792,2.0136,2.0141,0.40,0.10
2008.04.07 10:21:04.100,2.0136,2.0141,0.40,0.10
2008.04.07 10:21:04.412,2.0136,2.0141,0.40,0.10
2008.04.07 10:21:04.720,2.0136,2.0141,0.40,0.10
2008.04.07 10:21:05.054,2.0136,2.0141,0.40,0.10
2008.04.07 10:21:05.389,2.0136,2.0141,0.40,0.10
2008.04.07 10:21:05.723,2.0136,2.0141,0.40,0.10
2008.04.07 10:21:06.059,2.0136,2.0141,0.40,0.10
2008.04.07 10:21:06.394,2.0136,2.01405,0.40,0.30
2008.04.07 10:21:06.730,2.0136,2.0141,0.40,0.10
2008.04.07 10:21:06.965,2.0136,2.0141,0.40,0.10
2008.04.07 10:21:07.199,2.0136,2.0141,0.40,0.10
2008.04.07 10:21:07.433,2.0136,2.0141,0.40,0.10
2008.04.07 10:21:07.671,2.0136,2.0141,0.40,0.10
2008.04.07 10:21:07.944,2.0136,2.0141,0.40,0.10
2008.04.07 10:21:08.219,2.0136,2.01405,0.40,0.30
2008.04.07 10:21:08.494,2.0136,2.01405,0.40,0.30
2008.04.07 10:21:08.801,2.0136,2.01405,0.40,1.80
2008.04.07 10:21:09.094,2.0136,2.0139,0.40,0.10
2008.04.07 10:21:09.386,2.0138,2.0141,0.40,0.10
2008.04.07 10:21:09.676,2.0136,2.0141,0.40,0.10
2008.04.07 10:21:10.012,2.0136,2.0141,0.40,0.10
2008.04.07 10:21:10.385,2.01365,2.01425,0.10,1.80
2008.04.07 10:21:10.716,2.0136,2.01415,0.40,0.30
2008.04.07 10:21:11.049,2.0136,2.01415,0.40,0.30
2008.04.07 10:21:11.383,2.0136,2.0141,0.40,0.10
2008.04.07 10:21:11.719,2.01365,2.01415,0.10,1.60
2008.04.07 10:21:11.952,2.01365,2.01415,0.10,1.60
2008.04.07 10:21:12.186,2.0136,2.01415,0.40,0.30
2008.04.07 10:21:12.420,2.0136,2.01415,0.40,0.30
2008.04.07 10:21:12.693,2.0136,2.01415,0.40,0.30
2008.04.07 10:21:12.968,2.0136,2.01415,0.40,0.30
2008.04.07 10:21:13.282,2.0136,2.01415,0.40,0.30
2008.04.07 10:21:13.596,2.0136,2.01415,0.40,0.30
2008.04.07 10:21:13.924,2.0136,2.01415,0.40,0.30
2008.04.07 10:21:14.179,2.0136,2.01415,0.40,1.80
2008.04.07 10:21:14.467,2.0136,2.0141,0.40,0.10
2008.04.07 10:21:14.724,2.01365,2.0141,0.10,0.10
2008.04.07 10:21:15.060,2.0136,2.01415,0.40,0.30
2008.04.07 10:21:15.396,2.01365,2.01425,0.10,1.80
2008.04.07 10:21:15.731,2.0136,2.01415,0.40,0.30
2008.04.07 10:21:16.061,2.0136,2.01415,0.40,0.30
2008.04.07 10:21:16.391,2.0136,2.01415,0.40,0.30
2008.04.07 10:21:16.719,2.0136,2.01415,0.40,0.30
2008.04.07 10:21:16.963,2.0136,2.01415,0.40,0.30
2008.04.07 10:21:17.207,2.0136,2.01415,0.40,0.30
2008.04.07 10:21:17.450,2.0136,2.01415,0.40,0.30
2008.04.07 10:21:17.695,2.0136,2.01415,0.40,0.30
2008.04.07 10:21:17.940,2.0136,2.01415,0.40,0.30
2008.04.07 10:21:18.256,2.01365,2.01425,0.10,1.80
2008.04.07 10:21:18.570,2.01365,2.01425,0.10,1.80
2008.04.07 10:21:18.882,2.01365,2.01425,0.10,1.80
2008.04.07 10:21:19.141,2.01365,2.01425,0.10,1.80
2008.04.07 10:21:19.401,2.01365,2.01425,0.10,1.80
2008.04.07 10:21:19.660,2.0136,2.01405,0.40,0.30
2008.04.07 10:21:19.919,2.01365,2.01415,0.10,4.00
2008.04.07 10:21:20.254,2.0138,2.0143,0.40,0.10
2008.04.07 10:21:20.630,2.01365,2.0141,1.60,0.10
2008.04.07 10:21:20.966,2.01365,2.01425,3.20,0.30
2008.04.07 10:21:21.300,2.01365,2.01425,1.60,0.30
2008.04.07 10:21:21.636,2.01365,2.01425,1.60,0.30
2008.04.07 10:21:22.011,2.01365,2.01425,1.60,0.30
2008.04.07 10:21:22.236,2.01365,2.0142,1.60,0.30
2008.04.07 10:21:22.470,2.01365,2.0142,1.60,0.30
2008.04.07 10:21:22.705,2.0136,2.0142,0.50,0.30
2008.04.07 10:21:22.977,2.0136,2.0142,0.50,0.30
2008.04.07 10:21:23.342,2.0136,2.0142,0.50,0.40
2008.04.07 10:21:23.662,2.0136,2.0142,0.50,0.40
2008.04.07 10:21:23.986,2.0136,2.0141,0.40,0.30
2008.04.07 10:21:24.222,2.0136,2.0141,0.40,0.30
2008.04.07 10:21:24.455,2.0136,2.0141,0.40,0.30
2008.04.07 10:21:24.690,2.0136,2.0141,0.40,0.30
2008.04.07 10:21:24.924,2.0136,2.0141,0.40,0.30
2008.04.07 10:21:25.257,2.0136,2.0141,0.40,0.30
2008.04.07 10:21:25.592,2.0136,2.0141,0.40,0.30
2008.04.07 10:21:25.926,2.0136,2.0141,0.40,0.30
2008.04.07 10:21:26.249,2.0136,2.0141,0.40,0.30
2008.04.07 10:21:26.575,2.0136,2.01415,0.40,0.30
2008.04.07 10:21:26.900,2.0136,2.01415,0.40,0.30
2008.04.07 10:21:27.226,2.0136,2.0142,0.50,0.40
2008.04.07 10:21:27.495,2.0136,2.0142,0.50,0.40
2008.04.07 10:21:27.766,2.01365,2.0142,1.60,0.40
2008.04.07 10:21:28.035,2.0137,2.0142,0.10,0.10
2008.04.07 10:21:28.305,2.0137,2.0142,0.40,0.10
2008.04.07 10:21:28.575,2.0137,2.0142,0.40,0.10
2008.04.07 10:21:28.845,2.0137,2.0142,0.40,0.10
2008.04.07 10:21:29.114,2.0137,2.0142,0.40,0.10
2008.04.07 10:21:29.404,2.0137,2.0142,0.40,0.10
2008.04.07 10:21:29.731,2.0137,2.0142,0.40,0.10
2008.04.07 10:21:30.020,2.0137,2.0142,0.40,0.10
2008.04.07 10:21:30.309,2.0137,2.0142,0.40,0.10
2008.04.07 10:21:30.645,2.0137,2.0142,0.40,0.10
2008.04.07 10:21:30.979,2.0137,2.0142,0.40,0.10
2008.04.07 10:21:31.312,2.0137,2.0142,0.40,0.10
2008.04.07 10:21:31.647,2.0137,2.0142,0.40,0.10
2008.04.07 10:21:31.980,2.0137,2.0142,0.40,0.10
2008.04.07 10:21:32.315,2.0137,2.0142,0.40,0.10
2008.04.07 10:21:32.528,2.0137,2.0142,0.40,0.10
2008.04.07 10:21:32.743,2.0137,2.0142,0.40,0.10
2008.04.07 10:21:32.955,2.0137,2.0142,0.40,0.10
2008.04.07 10:21:33.169,2.0137,2.0142,0.40,0.10
2008.04.07 10:21:33.504,2.0137,2.0142,0.40,0.10
2008.04.07 10:21:33.837,2.0137,2.0142,0.40,0.10
2008.04.07 10:21:34.171,2.0137,2.0142,0.40,0.10
2008.04.07 10:21:34.504,2.0137,2.0142,0.40,0.10
2008.04.07 10:21:34.748,2.0137,2.0142,0.40,0.10
2008.04.07 10:21:34.992,2.0137,2.0142,0.40,0.10
2008.04.07 10:21:35.236,2.0137,2.0142,0.40,0.10
2008.04.07 10:21:35.570,2.0137,2.0142,0.40,0.10
2008.04.07 10:21:35.904,2.0137,2.0142,0.40,0.10
2008.04.07 10:21:36.267,2.0137,2.0142,0.40,0.10
2008.04.07 10:21:36.601,2.0137,2.0142,0.40,0.10
2008.04.07 10:21:36.935,2.0137,2.0142,0.40,0.10
2008.04.07 10:21:37.269,2.0137,2.0142,0.40,0.10
2008.04.07 10:21:37.508,2.0137,2.0142,0.40,0.10
2008.04.07 10:21:37.742,2.0137,2.0142,0.40,0.10
2008.04.07 10:21:37.994,2.0137,2.0142,0.40,0.10
2008.04.07 10:21:38.262,2.0137,2.0142,0.40,0.10
2008.04.07 10:21:38.550,2.0137,2.0142,0.40,0.10
2008.04.07 10:21:38.840,2.0137,2.0142,0.40,0.10
2008.04.07 10:21:39.129,2.0137,2.0142,0.40,0.10
2008.04.07 10:21:41.004,2.0137,2.0142,0.40,0.10
2008.04.07 10:21:41.101,2.0137,2.0142,0.40,0.10
2008.04.07 10:21:41.153,2.0137,2.0142,0.40,0.10
2008.04.07 10:21:42.575,2.0137,2.0142,0.40,0.10
2008.04.07 10:21:42.830,2.0137,2.0142,0.40,0.10
2008.04.07 10:21:43.086,2.0137,2.0142,0.40,0.10
2008.04.07 10:21:43.342,2.0137,2.0142,0.40,0.10
2008.04.07 10:21:43.556,2.0137,2.0142,0.40,0.10
2008.04.07 10:21:43.808,2.0137,2.0142,0.40,0.10
2008.04.07 10:21:44.141,2.0137,2.0142,0.40,0.10
2008.04.07 10:21:44.475,2.0137,2.0142,0.40,0.10
2008.04.07 10:21:44.833,2.0137,2.0142,0.40,0.10
2008.04.07 10:21:45.201,2.0137,2.0142,0.40,0.10
2008.04.07 10:21:45.535,2.0137,2.0142,0.40,0.10
2008.04.07 10:21:45.868,2.0137,2.0142,0.40,0.10
2008.04.07 10:21:46.203,2.0137,2.0142,0.40,0.10
2008.04.07 10:21:46.537,2.0137,2.0142,0.40,0.10
2008.04.07 10:21:46.871,2.01375,2.0142,0.10,0.10
2008.04.07 10:21:47.090,2.01375,2.0142,0.10,0.10
2008.04.07 10:21:47.309,2.0139,2.0142,0.40,0.10
2008.04.07 10:21:47.528,2.0139,2.0142,0.40,0.10
2008.04.07 10:21:47.748,2.0139,2.0142,0.40,0.10
2008.04.07 10:21:48.082,2.0139,2.0142,0.40,0.10
2008.04.07 10:21:48.415,2.0139,2.0142,0.40,0.10
2008.04.07 10:21:48.750,2.0139,2.0142,0.40,0.10
2008.04.07 10:21:48.990,2.0139,2.0142,0.40,0.10
2008.04.07 10:21:49.261,2.0139,2.0142,0.40,0.10
2008.04.07 10:21:49.500,2.0139,2.0142,0.40,0.10
2008.04.07 10:21:49.738,2.0139,2.0142,0.40,0.10
2008.04.07 10:21:50.074,2.0139,2.0142,0.40,0.10
2008.04.07 10:21:50.418,2.0139,2.0142,0.40,0.10
2008.04.07 10:21:50.752,2.0139,2.0142,0.40,0.10
2008.04.07 10:21:51.088,2.0139,2.0142,0.40,0.10
2008.04.07 10:21:51.421,2.0139,2.0142,0.40,0.10
2008.04.07 10:21:51.791,2.0139,2.0142,0.40,0.10
2008.04.07 10:21:51.986,2.0139,2.0142,0.40,0.10
2008.04.07 10:21:52.216,2.0139,2.0142,0.40,0.10
2008.04.07 10:21:52.444,2.0139,2.0142,0.40,0.10
2008.04.07 10:21:52.716,2.0139,2.0142,0.40,0.10
2008.04.07 10:21:52.903,2.0139,2.0142,0.40,0.10
2008.04.07 10:21:53.232,2.0139,2.0142,0.40,0.10
2008.04.07 10:21:53.560,2.0139,2.0142,0.40,0.10
2008.04.07 10:21:53.889,2.0139,2.0142,0.40,0.10
2008.04.07 10:21:54.133,2.0139,2.0142,0.40,0.10
2008.04.07 10:21:54.380,2.0139,2.0142,0.40,0.10
2008.04.07 10:21:54.656,2.0139,2.0142,0.40,0.10
2008.04.07 10:21:54.900,2.0139,2.0142,0.40,0.10
2008.04.07 10:21:55.233,2.0139,2.0142,0.40,0.10
2008.04.07 10:21:55.567,2.0139,2.0142,0.40,0.10
2008.04.07 10:21:55.903,2.0139,2.0142,0.40,0.10
2008.04.07 10:21:56.270,2.0139,2.0142,0.40,0.10
2008.04.07 10:21:56.605,2.0139,2.0142,0.40,0.10
2008.04.07 10:21:56.943,2.0139,2.0142,0.40,0.10
2008.04.07 10:21:57.187,2.0139,2.0142,0.40,0.10
2008.04.07 10:21:57.466,2.0139,2.0142,0.40,0.10
2008.04.07 10:21:57.710,2.0139,2.0142,0.40,0.10
2008.04.07 10:21:57.950,2.0139,2.0142,0.40,0.10
2008.04.07 10:21:58.258,2.0139,2.0142,0.40,0.10
2008.04.07 10:21:58.562,2.0139,2.0142,0.40,0.10
2008.04.07 10:21:58.866,2.0139,2.0142,0.40,0.10
2008.04.07 10:21:59.160,2.0139,2.0142,0.40,0.10
2008.04.07 10:21:59.418,2.0139,2.0142,0.40,0.10
2008.04.07 10:21:59.680,2.0139,2.0142,0.40,0.10
2008.04.07 10:21:59.939,2.0139,2.0142,0.40,0.10
2008.04.07 10:22:00.274,2.0139,2.0142,0.40,0.10
2008.04.07 10:22:00.608,2.0139,2.0142,0.40,0.10
2008.04.07 10:22:00.943,2.0139,2.0142,0.40,0.10
2008.04.07 10:22:01.277,2.0139,2.0142,0.40,0.10
2008.04.07 10:22:01.609,2.0139,2.0142,0.40,0.10
2008.04.07 10:22:01.943,2.0139,2.0142,0.40,0.10
2008.04.07 10:22:02.172,2.0139,2.0142,0.40,0.10
2008.04.07 10:22:02.402,2.0139,2.0142,0.40,0.10
2008.04.07 10:22:02.631,2.0139,2.0142,0.40,0.10
2008.04.07 10:22:02.861,2.0139,2.0142,0.40,0.10
2008.04.07 10:22:03.090,2.0139,2.0142,0.40,0.10
2008.04.07 10:22:03.424,2.0139,2.0142,0.40,0.10
2008.04.07 10:22:03.759,2.0139,2.0142,0.40,0.10
2008.04.07 10:22:04.093,2.0139,2.0142,0.40,0.10
2008.04.07 10:22:04.332,2.0139,2.0142,0.40,0.10
2008.04.07 10:22:04.572,2.0139,2.0142,0.40,0.10
2008.04.07 10:22:04.810,2.0139,2.0142,0.40,0.10
2008.04.07 10:22:05.052,2.0139,2.0142,0.40,0.10
2008.04.07 10:22:05.388,2.0139,2.0142,0.40,0.10
2008.04.07 10:22:05.761,2.0139,2.0142,0.40,0.10
2008.04.07 10:22:06.082,2.0139,2.0142,0.40,0.10
2008.04.07 10:22:06.418,2.0139,2.0142,0.40,0.10
2008.04.07 10:22:06.754,2.0139,2.0142,0.40,0.10
2008.04.07 10:22:07.090,2.0139,2.0142,0.40,0.10
2008.04.07 10:22:07.328,2.0139,2.0142,0.40,0.10
2008.04.07 10:22:07.577,2.0139,2.0142,0.40,0.10
2008.04.07 10:22:07.869,2.0139,2.0142,0.40,0.10
2008.04.07 10:22:08.141,2.0139,2.0142,0.40,0.10
2008.04.07 10:22:08.449,2.0139,2.0142,0.40,0.10
2008.04.07 10:22:08.760,2.0139,2.0142,0.40,0.10
2008.04.07 10:22:08.996,2.0139,2.0142,0.40,0.10
2008.04.07 10:22:09.269,2.0139,2.0142,0.40,0.10
2008.04.07 10:22:09.556,2.0139,2.0142,0.40,0.10
2008.04.07 10:22:09.836,2.0139,2.0142,0.40,0.10
2008.04.07 10:22:10.084,2.0139,2.0142,0.40,0.10
2008.04.07 10:22:10.372,2.0139,2.0142,0.40,0.10
2008.04.07 10:22:10.669,2.0139,2.0142,0.40,0.10
2008.04.07 10:22:11.004,2.0139,2.0142,0.40,0.10
2008.04.07 10:22:11.339,2.0139,2.0142,0.40,0.10
2008.04.07 10:22:11.672,2.0139,2.0142,0.40,0.10
2008.04.07 10:22:12.006,2.0139,2.0142,0.40,0.10
2008.04.07 10:22:12.341,2.0137,2.014,0.40,0.10
2008.04.07 10:22:12.567,2.0137,2.014,0.40,0.10
2008.04.07 10:22:12.793,2.0137,2.014,0.40,0.10
2008.04.07 10:22:13.017,2.0137,2.014,0.40,0.10
2008.04.07 10:22:13.269,2.0137,2.014,0.40,0.10
2008.04.07 10:22:13.636,2.0137,2.014,0.40,0.10
2008.04.07 10:22:14.002,2.0137,2.014,0.40,0.10
2008.04.07 10:22:14.348,2.0137,2.014,0.40,0.10
2008.04.07 10:22:14.562,2.0137,2.014,0.40,0.10
2008.04.07 10:22:14.815,2.0137,2.014,0.40,0.10
2008.04.07 10:22:15.071,2.0137,2.014,0.40,0.10
2008.04.07 10:22:15.326,2.0137,2.014,0.40,0.10
2008.04.07 10:22:15.657,2.0137,2.014,0.40,0.10
2008.04.07 10:22:15.994,2.0135,2.0138,0.40,0.10
2008.04.07 10:22:16.332,2.0135,2.0138,0.40,0.10
2008.04.07 10:22:16.665,2.0135,2.0138,0.40,0.10
2008.04.07 10:22:17.002,2.0135,2.0138,0.40,0.10
2008.04.07 10:22:17.337,2.0135,2.0138,0.40,0.10
2008.04.07 10:22:17.575,2.0135,2.0138,0.40,0.10
2008.04.07 10:22:17.815,2.0135,2.0138,0.40,0.10
2008.04.07 10:22:18.054,2.0135,2.0138,0.40,0.10
2008.04.07 10:22:18.292,2.0135,2.0138,0.40,0.10
2008.04.07 10:22:18.532,2.0135,2.0138,0.40,0.10
2008.04.07 10:22:18.860,2.0135,2.0138,0.40,0.10
2008.04.07 10:22:19.225,2.0135,2.0138,0.40,0.10
2008.04.07 10:22:19.556,2.0135,2.0138,0.40,0.10
2008.04.07 10:22:19.805,2.0135,2.0138,0.40,0.10
2008.04.07 10:22:20.088,2.0135,2.0138,0.40,0.10
2008.04.07 10:22:20.340,2.0135,2.0138,0.40,0.10
2008.04.07 10:22:20.673,2.0135,2.0138,0.40,0.10
2008.04.07 10:22:21.008,2.0135,2.0138,0.40,0.10
2008.04.07 10:22:21.342,2.0135,2.0138,0.40,0.10
2008.04.07 10:22:21.678,2.0135,2.0138,0.40,0.10
2008.04.07 10:22:22.015,2.0135,2.0138,0.40,0.10
2008.04.07 10:22:22.349,2.0135,2.0138,0.40,0.10
2008.04.07 10:22:22.622,2.0135,2.0138,0.40,0.10
2008.04.07 10:22:22.855,2.01335,2.0138,4.80,0.10
2008.04.07 10:22:23.089,2.01335,2.0138,2.40,0.10
2008.04.07 10:22:23.324,2.0134,2.0138,0.40,0.10
2008.04.07 10:22:23.559,2.0134,2.0138,0.40,0.10
2008.04.07 10:22:23.863,2.0134,2.0138,0.40,0.10
2008.04.07 10:22:24.167,2.0135,2.0138,0.40,0.10
2008.04.07 10:22:24.471,2.01335,2.0138,2.40,0.10
2008.04.07 10:22:24.777,2.0135,2.014,0.40,0.10
2008.04.07 10:22:25.035,2.0135,2.014,0.40,0.10
2008.04.07 10:22:25.297,2.0135,2.014,0.40,0.40
2008.04.07 10:22:25.561,2.0135,2.014,0.40,0.40
2008.04.07 10:22:25.891,2.0135,2.014,0.40,0.40
2008.04.07 10:22:26.226,2.0135,2.014,0.40,0.10
2008.04.07 10:22:26.559,2.0135,2.014,0.40,0.10
2008.04.07 10:22:26.832,2.0135,2.014,0.40,0.10
2008.04.07 10:22:27.106,2.0135,2.014,0.40,0.10
2008.04.07 10:22:27.379,2.0135,2.014,0.40,0.10
2008.04.07 10:22:27.653,2.0135,2.014,0.40,0.10
2008.04.07 10:22:27.888,2.0135,2.014,0.40,0.10
2008.04.07 10:22:28.122,2.0135,2.014,0.40,0.10
2008.04.07 10:22:28.358,2.0135,2.014,0.40,0.10
2008.04.07 10:22:28.619,2.0135,2.014,0.40,0.10
2008.04.07 10:22:28.922,2.0135,2.014,0.40,0.10
2008.04.07 10:22:29.216,2.0135,2.014,0.40,0.10
2008.04.07 10:22:29.540,2.0135,2.014,0.40,0.10
2008.04.07 10:22:29.836,2.0135,2.014,0.40,0.10
2008.04.07 10:22:30.171,2.0135,2.014,0.40,0.10
2008.04.07 10:22:30.509,2.0135,2.014,0.40,0.10
2008.04.07 10:22:30.848,2.0135,2.014,0.40,0.10
2008.04.07 10:22:31.193,2.0135,2.014,0.40,0.10
2008.04.07 10:22:31.565,2.0135,2.014,0.40,0.10
2008.04.07 10:22:31.895,2.0135,2.014,0.40,0.10
2008.04.07 10:22:32.120,2.0135,2.014,0.40,0.10
2008.04.07 10:22:32.347,2.0135,2.014,0.40,0.10
2008.04.07 10:22:32.571,2.0135,2.014,0.40,0.10
2008.04.07 10:22:32.796,2.0135,2.014,0.40,0.10
2008.04.07 10:22:33.116,2.0135,2.01395,0.40,0.30
2008.04.07 10:22:33.473,2.0135,2.014,0.40,0.10
2008.04.07 10:22:33.788,2.0135,2.01395,0.40,0.30
2008.04.07 10:22:34.013,2.0135,2.01395,0.40,0.30
2008.04.07 10:22:34.238,2.0135,2.01395,0.40,0.30
2008.04.07 10:22:34.461,2.0135,2.01395,0.40,0.30
2008.04.07 10:22:34.685,2.0135,2.01395,0.40,1.80
2008.04.07 10:22:34.911,2.0135,2.01395,0.40,1.80
2008.04.07 10:22:35.246,2.0135,2.014,0.40,0.10
2008.04.07 10:22:35.584,2.0135,2.014,0.40,0.10
2008.04.07 10:22:35.919,2.0135,2.014,0.40,0.40
2008.04.07 10:22:36.253,2.0135,2.01395,0.40,0.30
2008.04.07 10:22:36.586,2.0135,2.01395,0.40,0.30
2008.04.07 10:22:36.920,2.0135,2.01395,0.40,0.30
2008.04.07 10:22:37.160,2.0135,2.014,0.40,0.10
2008.04.07 10:22:37.400,2.0135,2.01395,0.40,0.30
2008.04.07 10:22:37.639,2.0135,2.01395,0.40,0.30
2008.04.07 10:22:37.877,2.0135,2.01395,0.40,0.30
2008.04.07 10:22:38.166,2.0135,2.014,0.40,0.40
2008.04.07 10:22:38.455,2.0135,2.014,0.40,0.40
2008.04.07 10:22:38.745,2.0135,2.014,0.40,0.40
2008.04.07 10:22:39.036,2.0135,2.014,0.40,0.40
2008.04.07 10:22:39.311,2.01355,2.014,0.10,0.10
2008.04.07 10:22:39.584,2.01355,2.014,0.10,0.10
2008.04.07 10:22:39.859,2.0137,2.01405,0.40,1.60
2008.04.07 10:22:40.195,2.0137,2.0141,0.40,0.10
2008.04.07 10:22:40.529,2.0137,2.0141,0.40,0.10
2008.04.07 10:22:40.864,2.0138,2.0141,0.40,0.10
2008.04.07 10:22:41.198,2.0138,2.0141,0.40,0.10
2008.04.07 10:22:41.533,2.0138,2.0141,0.40,0.10
2008.04.07 10:22:41.866,2.0138,2.0141,0.40,0.10
2008.04.07 10:22:42.113,2.0138,2.0141,0.40,0.10
2008.04.07 10:22:42.373,2.0138,2.0141,0.40,0.10
2008.04.07 10:22:42.638,2.0138,2.0141,0.40,0.10
2008.04.07 10:22:42.899,2.0138,2.0141,0.40,0.10
2008.04.07 10:22:43.221,2.0138,2.0141,0.40,0.10
2008.04.07 10:22:43.457,2.0138,2.0141,0.40,0.10
2008.04.07 10:22:43.738,2.0138,2.0141,0.40,0.10
2008.04.07 10:22:44.015,2.0138,2.0141,0.40,0.10
2008.04.07 10:22:44.269,2.0138,2.0141,0.40,0.10
2008.04.07 10:22:44.530,2.0138,2.0141,0.40,0.10
2008.04.07 10:22:44.782,2.0138,2.0141,0.40,0.10
2008.04.07 10:22:45.039,2.0138,2.0141,0.40,0.10
2008.04.07 10:22:45.375,2.0138,2.0141,0.40,0.10
2008.04.07 10:22:45.709,2.0138,2.0141,0.40,0.10
2008.04.07 10:22:46.041,2.0138,2.0141,0.40,0.10
2008.04.07 10:22:46.361,2.0138,2.0141,0.40,0.10
2008.04.07 10:22:46.680,2.0138,2.0141,0.40,0.10
2008.04.07 10:22:47.026,2.0138,2.0141,0.40,0.10
2008.04.07 10:22:47.278,2.0138,2.0141,0.40,0.10
2008.04.07 10:22:47.516,2.0138,2.0141,0.40,0.10
2008.04.07 10:22:47.769,2.0138,2.0141,0.40,0.10
2008.04.07 10:22:48.028,2.0138,2.0141,0.40,0.10
2008.04.07 10:22:48.326,2.0138,2.0141,0.40,0.10
2008.04.07 10:22:48.625,2.0138,2.0141,0.40,0.10
2008.04.07 10:22:48.923,2.0138,2.0141,0.40,0.10
2008.04.07 10:22:49.221,2.0138,2.0141,0.40,0.10
2008.04.07 10:22:49.486,2.0138,2.0141,0.40,0.10
2008.04.07 10:22:49.749,2.0138,2.0141,0.40,0.10
2008.04.07 10:22:50.013,2.0138,2.0141,0.40,0.10
2008.04.07 10:22:50.278,2.0138,2.0141,0.40,0.10
2008.04.07 10:22:50.613,2.0138,2.0141,0.40,0.10
2008.04.07 10:22:50.946,2.0138,2.0141,0.40,0.10
2008.04.07 10:22:51.281,2.0138,2.0141,0.40,0.10
2008.04.07 10:22:51.642,2.0138,2.0141,0.40,0.10
2008.04.07 10:22:51.977,2.0138,2.0141,0.40,0.10
2008.04.07 10:22:52.312,2.0138,2.0141,0.40,0.10
2008.04.07 10:22:52.565,2.0138,2.0141,0.40,0.10
2008.04.07 10:22:52.828,2.0138,2.0141,0.40,0.10
2008.04.07 10:22:53.078,2.0138,2.0141,0.40,0.10
2008.04.07 10:22:53.327,2.0138,2.0141,0.40,0.10
2008.04.07 10:22:53.643,2.0138,2.0141,0.40,0.10
2008.04.07 10:22:53.976,2.0138,2.0141,0.40,0.10
2008.04.07 10:22:54.284,2.0138,2.0141,0.40,0.10
2008.04.07 10:22:54.594,2.0138,2.0141,0.40,0.10
2008.04.07 10:22:54.862,2.0138,2.0141,0.40,0.10
2008.04.07 10:22:55.151,2.0138,2.0141,0.40,0.10
2008.04.07 10:22:55.447,2.0138,2.0141,0.40,0.10
2008.04.07 10:22:55.788,2.0138,2.0141,0.40,0.10
2008.04.07 10:22:56.129,2.0138,2.0141,0.40,0.10
2008.04.07 10:22:56.461,2.0138,2.0141,0.40,0.10
2008.04.07 10:22:56.788,2.0138,2.0141,0.40,0.10
2008.04.07 10:22:57.118,2.0138,2.0141,0.40,0.10
2008.04.07 10:22:57.445,2.0138,2.0141,0.40,0.10
2008.04.07 10:22:57.666,2.0138,2.0141,0.40,0.10
2008.04.07 10:22:57.906,2.0138,2.0141,0.40,0.10
2008.04.07 10:22:58.166,2.0138,2.0141,0.40,0.10
2008.04.07 10:22:58.424,2.0138,2.0141,0.40,0.10
2008.04.07 10:22:58.728,2.0138,2.0141,0.40,0.10
2008.04.07 10:22:59.033,2.0138,2.0141,0.40,0.10
2008.04.07 10:22:59.338,2.0138,2.0141,0.40,0.10
2008.04.07 10:22:59.642,2.0138,2.0141,0.40,0.10
2008.04.07 10:22:59.907,2.0138,2.0141,0.40,0.10
2008.04.07 10:23:00.207,2.0138,2.0141,0.40,0.10
2008.04.07 10:23:00.509,2.0138,2.0141,0.40,0.10
2008.04.07 10:23:00.839,2.0138,2.0141,0.40,0.10
2008.04.07 10:23:01.175,2.0138,2.0141,0.40,0.10
2008.04.07 10:23:01.509,2.0138,2.0141,0.40,0.10
2008.04.07 10:23:01.841,2.0138,2.0141,0.40,0.10
2008.04.07 10:23:02.170,2.0138,2.0141,0.40,0.10
2008.04.07 10:23:02.536,2.0138,2.0141,0.40,0.10
2008.04.07 10:23:02.864,2.0138,2.0141,0.40,0.10
2008.04.07 10:23:03.083,2.0138,2.0141,0.40,0.10
2008.04.07 10:23:03.343,2.0138,2.0141,0.40,0.10
2008.04.07 10:23:03.609,2.0138,2.0141,0.40,0.10
2008.04.07 10:23:03.926,2.0138,2.0141,0.40,0.10
2008.04.07 10:23:04.247,2.0138,2.0141,0.40,0.10
2008.04.07 10:23:04.567,2.0138,2.0141,0.40,0.10
2008.04.07 10:23:04.887,2.0138,2.0141,0.40,0.10
2008.04.07 10:23:05.223,2.0138,2.0141,0.40,0.10
2008.04.07 10:23:05.558,2.0138,2.0141,0.40,0.10
2008.04.07 10:23:05.892,2.0138,2.0141,0.40,0.10
2008.04.07 10:23:06.226,2.0138,2.0141,0.40,0.10
2008.04.07 10:23:06.561,2.0138,2.0141,0.40,0.10
2008.04.07 10:23:06.894,2.0138,2.0141,0.40,0.10
2008.04.07 10:23:07.111,2.0138,2.0141,0.40,0.10
2008.04.07 10:23:07.326,2.0138,2.0141,0.40,0.10
2008.04.07 10:23:07.542,2.0138,2.0141,0.40,0.10
2008.04.07 10:23:07.798,2.0138,2.0141,0.40,0.10
2008.04.07 10:23:08.149,2.0138,2.0141,0.40,0.10
2008.04.07 10:23:08.485,2.0138,2.0141,0.40,0.10
2008.04.07 10:23:08.843,2.0138,2.0141,0.40,0.10
2008.04.07 10:23:09.101,2.0138,2.0141,0.40,0.10
2008.04.07 10:23:09.358,2.0138,2.0141,0.40,0.10
2008.04.07 10:23:09.630,2.0138,2.0141,0.40,0.10
2008.04.07 10:23:09.850,2.0138,2.0141,0.40,0.10
2008.04.07 10:23:10.184,2.0138,2.0141,0.40,0.10
2008.04.07 10:23:10.519,2.0138,2.0141,0.40,0.10
2008.04.07 10:23:10.853,2.0138,2.0141,0.40,0.10
2008.04.07 10:23:11.190,2.0138,2.0141,0.40,0.10
2008.04.07 10:23:11.526,2.0138,2.0141,0.40,0.10
2008.04.07 10:23:11.860,2.0138,2.0141,0.40,0.10
2008.04.07 10:23:12.120,2.0138,2.0141,0.40,0.10
2008.04.07 10:23:12.378,2.0138,2.0141,0.40,0.10
2008.04.07 10:23:12.639,2.0138,2.0141,0.40,0.10
2008.04.07 10:23:12.825,2.0138,2.0141,0.40,0.10
2008.04.07 10:23:13.124,2.0138,2.0141,0.40,0.10
2008.04.07 10:23:13.424,2.0138,2.0141,0.40,0.10
2008.04.07 10:23:13.724,2.0138,2.0141,0.40,0.10
2008.04.07 10:23:13.978,2.0138,2.0141,0.40,0.10
2008.04.07 10:23:14.233,2.0138,2.0141,0.40,0.10
2008.04.07 10:23:14.491,2.0138,2.0141,0.40,0.10
2008.04.07 10:23:14.744,2.0138,2.0141,0.40,0.10
2008.04.07 10:23:15.077,2.0138,2.0141,0.40,0.10
2008.04.07 10:23:15.412,2.0138,2.0141,0.40,0.10
2008.04.07 10:23:15.747,2.0138,2.0141,0.40,0.10
2008.04.07 10:23:16.081,2.0138,2.0141,0.40,0.10
2008.04.07 10:23:16.419,2.0139,2.0142,0.40,0.10
2008.04.07 10:23:16.758,2.0139,2.0142,0.40,0.10
2008.04.07 10:23:16.986,2.0139,2.0142,0.40,0.10
2008.04.07 10:23:17.216,2.0139,2.0142,0.40,0.40
2008.04.07 10:23:17.462,2.0138,2.0142,0.40,0.40
2008.04.07 10:23:17.728,2.0138,2.0142,0.40,0.40
2008.04.07 10:23:17.993,2.0138,2.0142,0.40,0.40
2008.04.07 10:23:18.322,2.0138,2.0142,0.40,0.40
2008.04.07 10:23:18.686,2.0138,2.0142,0.40,0.40
2008.04.07 10:23:19.052,2.0138,2.0142,0.40,0.40
2008.04.07 10:23:19.282,2.0138,2.0142,0.40,0.40
2008.04.07 10:23:19.511,2.0138,2.0142,0.40,0.40
2008.04.07 10:23:19.740,2.0138,2.0142,0.40,0.40
2008.04.07 10:23:19.974,2.0138,2.0142,0.40,0.40
2008.04.07 10:23:20.309,2.0138,2.0142,0.40,0.40
2008.04.07 10:23:20.648,2.0138,2.014,0.40,0.10
2008.04.07 10:23:20.982,2.0138,2.0141,0.40,0.10
2008.04.07 10:23:21.354,2.0138,2.0141,0.40,0.10
2008.04.07 10:23:21.688,2.0138,2.0141,0.40,0.10
2008.04.07 10:23:22.024,2.0138,2.0141,0.40,0.10
2008.04.07 10:23:22.297,2.0138,2.0141,0.40,0.10
2008.04.07 10:23:22.532,2.0138,2.0141,0.40,0.10
2008.04.07 10:23:22.796,2.0138,2.0141,0.40,0.10
2008.04.07 10:23:23.058,2.0138,2.0141,0.40,0.10
2008.04.07 10:23:23.326,2.0138,2.0141,0.40,0.10
2008.04.07 10:23:23.626,2.0138,2.0141,0.40,0.10
2008.04.07 10:23:23.928,2.0138,2.0141,0.40,0.10
2008.04.07 10:23:24.271,2.0138,2.0141,0.40,0.10
2008.04.07 10:23:24.606,2.0138,2.0141,0.40,0.10
2008.04.07 10:23:24.914,2.0138,2.0141,0.40,0.10
2008.04.07 10:23:25.224,2.0138,2.0141,0.40,0.10
2008.04.07 10:23:25.534,2.0138,2.0141,0.40,0.10
2008.04.07 10:23:25.843,2.0138,2.014,0.40,0.10
2008.04.07 10:23:26.209,2.0138,2.014,0.40,0.10
2008.04.07 10:23:26.487,2.0138,2.014,0.40,0.10
2008.04.07 10:23:26.819,2.0138,2.014,0.40,0.10
2008.04.07 10:23:27.154,2.0138,2.014,0.40,0.10
2008.04.07 10:23:27.391,2.0138,2.0141,0.40,0.10
2008.04.07 10:23:27.624,2.0138,2.0141,0.40,0.10
2008.04.07 10:23:27.862,2.0138,2.0141,0.40,0.10
2008.04.07 10:23:28.097,2.0138,2.0141,0.40,0.10
2008.04.07 10:23:28.361,2.0138,2.0141,0.40,0.10
2008.04.07 10:23:28.626,2.0138,2.0141,0.40,0.10
2008.04.07 10:23:28.890,2.0138,2.0141,0.40,0.10
2008.04.07 10:23:29.155,2.0138,2.0141,0.40,0.10
2008.04.07 10:23:29.449,2.0138,2.0141,0.40,0.10
2008.04.07 10:23:29.788,2.0138,2.0141,0.40,0.10
2008.04.07 10:23:30.040,2.0138,2.0141,0.40,0.10
2008.04.07 10:23:30.387,2.0137,2.014,0.40,0.10
2008.04.07 10:23:30.721,2.0137,2.014,0.40,0.10
2008.04.07 10:23:31.056,2.0137,2.014,0.40,0.10
2008.04.07 10:23:31.391,2.0137,2.014,0.40,0.10
2008.04.07 10:23:31.725,2.0137,2.014,0.40,0.10
2008.04.07 10:23:32.059,2.0137,2.014,0.40,0.10
2008.04.07 10:23:32.393,2.0137,2.014,0.40,0.10
2008.04.07 10:23:32.631,2.0137,2.014,0.40,0.10
2008.04.07 10:23:32.897,2.0137,2.014,0.40,0.10
2008.04.07 10:23:33.121,2.0137,2.014,0.40,0.10
2008.04.07 10:23:33.399,2.0137,2.014,0.40,0.10
2008.04.07 10:23:33.677,2.0137,2.014,0.40,0.10
2008.04.07 10:23:33.956,2.0137,2.014,0.40,0.10
2008.04.07 10:23:34.236,2.0137,2.014,0.40,0.10
2008.04.07 10:23:34.489,2.0137,2.014,0.40,0.10
2008.04.07 10:23:34.743,2.0137,2.014,0.40,0.10
2008.04.07 10:23:34.997,2.0137,2.014,0.40,0.10
2008.04.07 10:23:35.250,2.0137,2.014,0.40,0.10
2008.04.07 10:23:35.587,2.01345,2.0138,2.40,0.10
2008.04.07 10:23:35.923,2.01345,2.0139,2.40,0.10
2008.04.07 10:23:36.256,2.01345,2.0139,2.40,0.10
2008.04.07 10:23:36.591,2.01345,2.0139,2.40,0.10
2008.04.07 10:23:36.925,2.01345,2.0139,2.40,0.10
2008.04.07 10:23:37.261,2.01355,2.0139,2.40,0.10
2008.04.07 10:23:37.487,2.01355,2.0139,2.40,0.10
2008.04.07 10:23:37.744,2.01355,2.0139,2.40,0.10
2008.04.07 10:23:38.004,2.0136,2.014,0.40,0.10
2008.04.07 10:23:38.268,2.0136,2.01395,0.40,0.30
2008.04.07 10:23:38.574,2.01355,2.0139,2.40,0.10
2008.04.07 10:23:38.913,2.01355,2.0139,2.40,0.10
2008.04.07 10:23:39.237,2.01355,2.0139,2.40,0.10
2008.04.07 10:23:39.524,2.01355,2.0139,2.40,0.10
2008.04.07 10:23:41.699,2.01345,2.0139,4.00,0.10
2008.04.07 10:23:41.877,2.0136,2.0138,0.40,0.10
2008.04.07 10:23:42.021,2.0136,2.014,0.40,0.10
2008.04.07 10:23:42.181,2.0136,2.014,0.40,0.10
2008.04.07 10:23:42.345,2.0136,2.014,0.40,0.10
2008.04.07 10:23:42.464,2.0136,2.014,0.40,0.10
2008.04.07 10:23:42.576,2.0136,2.014,0.40,0.10
2008.04.07 10:23:42.696,2.0136,2.014,0.40,0.10
2008.04.07 10:23:43.031,2.0136,2.014,0.40,0.10
2008.04.07 10:23:43.370,2.0136,2.014,0.40,0.10
2008.04.07 10:23:43.701,2.0136,2.014,0.40,0.10
2008.04.07 10:23:43.964,2.0136,2.014,0.40,0.10
2008.04.07 10:23:44.255,2.0136,2.014,0.40,0.10
2008.04.07 10:23:44.525,2.0136,2.014,0.40,0.10
2008.04.07 10:23:44.760,2.0136,2.014,0.40,0.10
2008.04.07 10:23:45.096,2.01345,2.0139,1.60,0.40
2008.04.07 10:23:45.431,2.0134,2.0139,0.40,0.40
2008.04.07 10:23:45.776,2.0134,2.0139,0.40,0.40
2008.04.07 10:23:46.111,2.0134,2.0139,0.40,0.40
2008.04.07 10:23:46.446,2.0134,2.0139,0.40,0.40
2008.04.07 10:23:46.779,2.0134,2.0139,0.40,0.40
2008.04.07 10:23:47.022,2.0134,2.0139,0.40,0.40
2008.04.07 10:23:47.282,2.0134,2.0139,0.40,0.40
2008.04.07 10:23:47.529,2.0134,2.0139,0.40,0.40
2008.04.07 10:23:47.783,2.0134,2.0139,0.40,0.40
2008.04.07 10:23:48.110,2.0134,2.0139,0.40,0.40
2008.04.07 10:23:48.455,2.0134,2.0139,0.40,0.40
2008.04.07 10:23:48.783,2.0134,2.0139,0.40,0.40
2008.04.07 10:23:49.047,2.0134,2.0139,0.40,0.40
2008.04.07 10:23:49.275,2.0134,2.0139,0.40,0.40
2008.04.07 10:23:49.510,2.0134,2.0139,0.40,0.10
2008.04.07 10:23:49.740,2.0134,2.0139,0.40,0.10
2008.04.07 10:23:49.970,2.0134,2.014,0.40,0.40
2008.04.07 10:23:50.305,2.0134,2.014,0.40,0.40
2008.04.07 10:23:50.637,2.0134,2.014,0.40,0.40
2008.04.07 10:23:50.971,2.0134,2.014,0.40,0.40
2008.04.07 10:23:51.305,2.0134,2.014,0.40,0.40
2008.04.07 10:23:51.640,2.0134,2.014,0.40,0.40
2008.04.07 10:23:51.974,2.0134,2.014,0.40,0.40
2008.04.07 10:23:52.188,2.0134,2.014,0.40,0.40
2008.04.07 10:23:52.403,2.0134,2.014,0.40,0.40
2008.04.07 10:23:52.618,2.0134,2.0139,0.40,0.30
2008.04.07 10:23:52.837,2.0134,2.0138,0.40,0.10
2008.04.07 10:23:53.158,2.0135,2.0139,0.40,0.10
2008.04.07 10:23:53.476,2.0135,2.0139,0.40,0.10
2008.04.07 10:23:53.795,2.0135,2.0139,0.40,0.10
2008.04.07 10:23:54.134,2.0135,2.0139,0.40,0.10
2008.04.07 10:23:54.425,2.0135,2.0139,0.40,0.10
2008.04.07 10:23:54.697,2.0135,2.0139,0.40,0.10
2008.04.07 10:23:54.959,2.0135,2.0139,0.40,0.10
2008.04.07 10:23:55.298,2.0135,2.0139,0.40,0.10
2008.04.07 10:23:55.627,2.0135,2.0139,0.40,0.10
2008.04.07 10:23:55.960,2.0135,2.0139,0.40,0.10
2008.04.07 10:23:56.290,2.0135,2.0139,0.40,0.10
2008.04.07 10:23:56.618,2.0135,2.0139,0.40,0.10
2008.04.07 10:23:56.946,2.0135,2.0139,0.40,0.10
2008.04.07 10:23:57.180,2.0135,2.0139,0.40,0.10
2008.04.07 10:23:57.415,2.0135,2.0139,0.40,0.10
2008.04.07 10:23:57.649,2.0135,2.0139,0.40,0.10
2008.04.07 10:23:57.914,2.0135,2.0139,0.40,0.10
2008.04.07 10:23:58.160,2.0135,2.0139,0.40,0.10
2008.04.07 10:23:58.498,2.0135,2.0139,0.40,0.10
2008.04.07 10:23:58.825,2.0135,2.0139,0.40,0.40
2008.04.07 10:23:59.153,2.0135,2.0139,0.40,0.40
2008.04.07 10:23:59.400,2.0135,2.0139,0.40,0.40
2008.04.07 10:23:59.645,2.0135,2.0139,0.40,0.40
2008.04.07 10:23:59.891,2.0135,2.0139,0.40,0.40
2008.04.07 10:24:00.157,2.0135,2.0139,0.40,0.40
2008.04.07 10:24:00.531,2.0135,2.0139,0.40,0.40
2008.04.07 10:24:00.866,2.0135,2.0139,0.40,0.40
2008.04.07 10:24:01.201,2.0135,2.0139,0.40,0.40
2008.04.07 10:24:01.560,2.0135,2.0139,0.40,0.40
2008.04.07 10:24:01.889,2.0135,2.0139,0.40,0.40
2008.04.07 10:24:02.256,2.0135,2.0139,0.40,0.40
2008.04.07 10:24:02.514,2.0135,2.0139,0.40,0.40
2008.04.07 10:24:02.774,2.0135,2.0139,0.40,0.40
2008.04.07 10:24:03.032,2.0135,2.0139,0.40,0.40
2008.04.07 10:24:03.291,2.0135,2.0139,0.40,0.40
2008.04.07 10:24:03.653,2.0135,2.0139,0.40,0.40
2008.04.07 10:24:03.986,2.0135,2.0139,0.40,0.40
2008.04.07 10:24:04.298,2.0135,2.0139,0.40,0.40
2008.04.07 10:24:04.573,2.0135,2.0139,0.40,0.40
2008.04.07 10:24:04.812,2.0135,2.0139,0.40,0.40
2008.04.07 10:24:05.052,2.0135,2.0139,0.40,0.40
2008.04.07 10:24:05.291,2.0135,2.0139,0.40,0.40
2008.04.07 10:24:05.625,2.0135,2.0139,0.40,0.40
2008.04.07 10:24:05.960,2.0135,2.0139,0.40,0.40
2008.04.07 10:24:06.294,2.0135,2.0139,0.40,0.40
2008.04.07 10:24:06.623,2.0135,2.0139,0.40,0.40
2008.04.07 10:24:06.982,2.0135,2.0139,0.40,0.40
2008.04.07 10:24:07.346,2.0135,2.0139,0.40,0.40
2008.04.07 10:24:07.620,2.0135,2.0139,0.40,0.40
2008.04.07 10:24:07.777,2.0135,2.0139,0.40,0.40
2008.04.07 10:24:07.991,2.0135,2.0139,0.40,0.40
2008.04.07 10:24:08.206,2.0135,2.0139,0.40,0.40
2008.04.07 10:24:08.420,2.0135,2.0139,0.40,0.40
2008.04.07 10:24:08.734,2.0135,2.0139,0.40,0.40
2008.04.07 10:24:09.049,2.0135,2.0139,0.40,0.40
2008.04.07 10:24:09.371,2.0135,2.0139,0.40,0.40
2008.04.07 10:24:09.641,2.0135,2.0139,0.40,0.40
2008.04.07 10:24:09.878,2.0135,2.0139,0.40,0.40
2008.04.07 10:24:10.131,2.0135,2.0139,0.40,0.40
2008.04.07 10:24:10.406,2.0135,2.0139,0.40,0.40
2008.04.07 10:24:10.636,2.0135,2.0139,0.40,0.40
2008.04.07 10:24:10.970,2.0135,2.0139,0.40,0.40
2008.04.07 10:24:11.305,2.0135,2.0139,0.40,0.40
2008.04.07 10:24:11.641,2.0135,2.0139,0.40,0.40
2008.04.07 10:24:11.973,2.0135,2.0139,0.40,0.40
2008.04.07 10:24:12.308,2.0135,2.0139,0.40,0.40
2008.04.07 10:24:12.643,2.0135,2.0139,0.40,0.40
2008.04.07 10:24:12.877,2.0135,2.0139,0.40,0.40
2008.04.07 10:24:13.111,2.0135,2.0139,0.40,0.40
2008.04.07 10:24:13.344,2.0135,2.0139,0.40,0.40
2008.04.07 10:24:13.578,2.0135,2.0139,0.40,0.40
2008.04.07 10:24:13.907,2.0135,2.0139,0.40,0.40
2008.04.07 10:24:14.236,2.0135,2.0139,0.40,0.40
2008.04.07 10:24:14.564,2.0135,2.0139,0.40,0.40
2008.04.07 10:24:14.814,2.0135,2.0139,0.40,0.40
2008.04.07 10:24:15.062,2.0135,2.0139,0.40,0.40
2008.04.07 10:24:15.312,2.0135,2.0139,0.40,0.40
2008.04.07 10:24:15.563,2.0135,2.0139,0.40,0.40
2008.04.07 10:24:15.896,2.0135,2.0139,0.40,0.40
2008.04.07 10:24:16.232,2.0135,2.01385,0.40,4.00
2008.04.07 10:24:16.567,2.0135,2.01385,0.40,4.00
2008.04.07 10:24:16.932,2.0135,2.0139,0.40,0.40
2008.04.07 10:24:17.288,2.0135,2.0139,0.40,0.40
2008.04.07 10:24:17.647,2.0135,2.0139,0.40,0.40
2008.04.07 10:24:17.897,2.0135,2.0139,0.40,0.40
2008.04.07 10:24:18.147,2.0135,2.0139,0.40,0.40
2008.04.07 10:24:18.378,2.0135,2.0139,0.40,0.40
2008.04.07 10:24:18.624,2.0135,2.0139,0.40,0.40
2008.04.07 10:24:18.875,2.0135,2.0139,0.40,0.40
2008.04.07 10:24:19.214,2.0135,2.0139,0.40,0.40
2008.04.07 10:24:19.549,2.0135,2.0139,0.40,0.40
2008.04.07 10:24:19.883,2.0135,2.0139,0.40,0.40
2008.04.07 10:24:20.107,2.0135,2.0139,0.40,0.40
2008.04.07 10:24:20.334,2.0135,2.0139,0.40,0.40
2008.04.07 10:24:20.592,2.0135,2.0139,0.40,0.40
2008.04.07 10:24:20.814,2.0135,2.0139,0.40,0.40
2008.04.07 10:24:21.148,2.0135,2.0139,0.40,0.40
2008.04.07 10:24:21.482,2.0135,2.0139,0.40,0.40
2008.04.07 10:24:21.816,2.0135,2.0139,0.40,0.40
2008.04.07 10:24:22.051,2.0135,2.0139,0.40,0.40
2008.04.07 10:24:22.284,2.0135,2.0139,0.40,0.40
2008.04.07 10:24:22.519,2.0135,2.0139,0.40,0.40
2008.04.07 10:24:22.758,2.0135,2.0139,0.40,0.40
2008.04.07 10:24:23.064,2.0135,2.0139,0.40,0.40
2008.04.07 10:24:23.375,2.0135,2.0139,0.40,0.40
2008.04.07 10:24:23.693,2.0135,2.0139,0.40,0.40
2008.04.07 10:24:24.001,2.0135,2.0139,0.40,0.40
2008.04.07 10:24:24.288,2.0135,2.0139,0.40,0.40
2008.04.07 10:24:24.573,2.0135,2.0139,0.40,0.40
2008.04.07 10:24:24.857,2.0135,2.0139,0.40,0.40
2008.04.07 10:24:25.191,2.0135,2.0139,0.40,0.40
2008.04.07 10:24:25.525,2.0135,2.0139,0.40,0.40
2008.04.07 10:24:25.860,2.0135,2.0139,0.40,0.40
2008.04.07 10:24:26.199,2.0135,2.0139,0.40,0.40
2008.04.07 10:24:26.533,2.0135,2.0137,0.40,0.30
2008.04.07 10:24:26.869,2.0135,2.01385,0.40,1.60
2008.04.07 10:24:27.113,2.0135,2.0139,0.40,0.10
2008.04.07 10:24:27.349,2.0135,2.0139,0.40,0.40
2008.04.07 10:24:27.591,2.0135,2.0139,0.40,0.40
2008.04.07 10:24:27.830,2.0135,2.01385,0.40,0.30
2008.04.07 10:24:28.130,2.0135,2.01385,0.40,0.30
2008.04.07 10:24:28.430,2.0135,2.0138,0.40,0.10
2008.04.07 10:24:28.728,2.0135,2.0138,0.40,0.10
2008.04.07 10:24:29.028,2.0135,2.0139,0.40,0.40
2008.04.07 10:24:29.320,2.0135,2.0139,0.40,0.40
2008.04.07 10:24:29.605,2.0135,2.0139,0.40,0.10
2008.04.07 10:24:29.887,2.0135,2.0139,0.40,0.10
2008.04.07 10:24:30.222,2.0135,2.0139,0.40,0.10
2008.04.07 10:24:30.558,2.0135,2.0139,0.40,0.10
2008.04.07 10:24:30.890,2.0135,2.0139,0.40,0.10
2008.04.07 10:24:31.259,2.0135,2.0139,0.40,0.10
2008.04.07 10:24:31.590,2.0133,2.0138,0.40,0.10
2008.04.07 10:24:31.927,2.0133,2.0134,0.40,0.30
2008.04.07 10:24:32.186,2.0131,2.0134,0.40,0.30
2008.04.07 10:24:32.412,2.0131,2.0134,0.40,0.30
2008.04.07 10:24:32.639,2.0131,2.0134,0.40,0.30
2008.04.07 10:24:32.904,2.0131,2.01345,0.40,0.30
2008.04.07 10:24:33.216,2.0129,2.01355,0.50,0.30
2008.04.07 10:24:33.526,2.01295,2.0135,1.60,0.10
2008.04.07 10:24:33.841,2.0129,2.0133,0.40,0.10
2008.04.07 10:24:34.150,2.0129,2.0133,0.40,0.10
2008.04.07 10:24:34.412,2.0129,2.0132,0.40,0.30
2008.04.07 10:24:34.719,2.0129,2.0133,0.40,0.40
2008.04.07 10:24:34.980,2.0131,2.01345,0.40,4.20
2008.04.07 10:24:35.316,2.0131,2.0135,0.40,0.40
2008.04.07 10:24:35.656,2.0131,2.0135,0.40,0.40
2008.04.07 10:24:35.990,2.0131,2.0135,0.40,0.40
2008.04.07 10:24:36.325,2.0131,2.0135,0.40,0.40
2008.04.07 10:24:36.658,2.0131,2.0135,0.40,0.40
2008.04.07 10:24:36.996,2.0131,2.0135,0.40,0.40
2008.04.07 10:24:37.215,2.0131,2.0135,0.40,0.40
2008.04.07 10:24:37.435,2.0131,2.0135,0.40,0.40
2008.04.07 10:24:37.656,2.0131,2.0135,0.40,0.40
2008.04.07 10:24:37.875,2.0131,2.0135,0.40,0.40
2008.04.07 10:24:38.095,2.0131,2.0135,0.40,0.40
2008.04.07 10:24:38.414,2.0131,2.0135,0.40,0.40
2008.04.07 10:24:38.739,2.0131,2.0135,0.40,0.40
2008.04.07 10:24:39.097,2.0131,2.01365,0.40,1.60
2008.04.07 10:24:39.320,2.0131,2.01365,0.40,1.60
2008.04.07 10:24:39.564,2.01295,2.01355,1.60,0.30
2008.04.07 10:24:39.787,2.0129,2.01355,0.50,1.80
2008.04.07 10:24:40.005,2.0129,2.01355,0.50,1.80
2008.04.07 10:24:40.217,2.013,2.01355,0.40,1.80
2008.04.07 10:24:40.553,2.013,2.0136,0.40,0.40
2008.04.07 10:24:40.894,2.013,2.0136,0.40,0.40
2008.04.07 10:24:41.224,2.013,2.0136,0.40,0.40
2008.04.07 10:24:41.543,2.013,2.0136,0.40,0.40
2008.04.07 10:24:41.863,2.013,2.0136,0.40,0.40
2008.04.07 10:24:42.181,2.013,2.0136,0.40,0.40
2008.04.07 10:24:42.499,2.013,2.0136,0.40,0.40
2008.04.07 10:24:42.772,2.013,2.0136,0.40,0.40
2008.04.07 10:24:43.046,2.013,2.0136,0.40,0.40
2008.04.07 10:24:43.322,2.013,2.0136,0.40,0.40
2008.04.07 10:24:43.570,2.013,2.0136,0.40,0.40
2008.04.07 10:24:43.816,2.013,2.0136,0.40,0.40
2008.04.07 10:24:44.059,2.013,2.0136,0.40,0.40
2008.04.07 10:24:44.309,2.013,2.0136,0.40,0.40
2008.04.07 10:24:44.555,2.01305,2.0136,1.60,0.10
2008.04.07 10:24:44.889,2.01305,2.0136,1.60,0.10
2008.04.07 10:24:45.225,2.0132,2.01365,0.40,0.30
2008.04.07 10:24:45.561,2.0132,2.01365,0.40,0.30
2008.04.07 10:24:45.895,2.0132,2.01365,0.40,0.30
2008.04.07 10:24:46.229,2.0132,2.01365,0.40,0.30
2008.04.07 10:24:46.599,2.0132,2.01365,0.40,0.30
2008.04.07 10:24:46.941,2.0132,2.01365,0.40,0.30
2008.04.07 10:24:47.306,2.0132,2.01365,0.40,0.30
2008.04.07 10:24:47.678,2.0132,2.01365,0.40,0.30
2008.04.07 10:24:47.960,2.0132,2.01365,0.40,0.30
2008.04.07 10:24:48.198,2.0132,2.01365,0.40,0.30
2008.04.07 10:24:48.437,2.0132,2.01365,0.40,0.30
2008.04.07 10:24:48.711,2.0132,2.01365,0.40,0.30
2008.04.07 10:24:48.987,2.0132,2.01365,0.40,0.30
2008.04.07 10:24:49.261,2.0132,2.01365,0.40,0.30
2008.04.07 10:24:49.536,2.0132,2.01365,0.40,0.30
2008.04.07 10:24:49.841,2.0132,2.01365,0.40,0.30
2008.04.07 10:24:50.146,2.01325,2.01365,4.00,0.30
2008.04.07 10:24:50.452,2.0132,2.0135,0.40,0.10
2008.04.07 10:24:50.821,2.0133,2.01365,0.40,1.80
2008.04.07 10:24:51.155,2.0133,2.01365,0.40,0.30
2008.04.07 10:24:51.490,2.0133,2.01365,0.40,0.30
2008.04.07 10:24:51.824,2.0133,2.01365,0.40,0.30
2008.04.07 10:24:52.159,2.0133,2.01365,0.40,0.30
2008.04.07 10:24:52.492,2.0133,2.01365,0.40,0.30
2008.04.07 10:24:52.711,2.0133,2.01355,0.40,0.30
2008.04.07 10:24:52.930,2.0133,2.01355,0.40,0.30
2008.04.07 10:24:53.151,2.0131,2.01345,0.40,0.30
2008.04.07 10:24:53.407,2.0131,2.0133,0.40,0.10
2008.04.07 10:24:53.637,2.0131,2.0136,0.40,0.40
2008.04.07 10:24:53.972,2.01315,2.0136,0.10,0.10
2008.04.07 10:24:54.309,2.0133,2.01365,0.40,1.60
2008.04.07 10:24:54.643,2.0133,2.01375,0.40,1.60
2008.04.07 10:24:54.877,2.0133,2.01375,0.40,1.60
2008.04.07 10:24:55.122,2.0133,2.01375,0.40,1.60
2008.04.07 10:24:55.345,2.0133,2.01375,0.40,1.60
2008.04.07 10:24:55.581,2.0134,2.0139,0.10,0.10
2008.04.07 10:24:55.915,2.01345,2.0139,2.40,0.10
2008.04.07 10:24:56.286,2.0136,2.01395,0.40,1.60
2008.04.07 10:24:56.624,2.0136,2.014,0.40,0.10
2008.04.07 10:24:56.959,2.0136,2.014,0.40,0.10
2008.04.07 10:24:57.293,2.0136,2.01395,0.40,1.60
2008.04.07 10:24:57.630,2.0136,2.014,0.40,0.10
2008.04.07 10:24:57.862,2.0136,2.014,0.40,0.10
2008.04.07 10:24:58.101,2.0136,2.014,0.40,0.10
2008.04.07 10:24:58.369,2.0136,2.014,0.40,0.10
2008.04.07 10:24:58.558,2.0136,2.014,0.40,0.10
2008.04.07 10:24:58.788,2.0136,2.014,0.40,0.10
2008.04.07 10:24:59.123,2.0136,2.0141,0.40,0.10
2008.04.07 10:24:59.491,2.0136,2.0141,0.40,0.10
2008.04.07 10:24:59.827,2.0136,2.01405,0.40,1.60
2008.04.07 10:25:00.067,2.0136,2.014,0.40,0.10
2008.04.07 10:25:00.308,2.0136,2.014,0.40,0.10
2008.04.07 10:25:00.549,2.0136,2.014,0.40,0.10
2008.04.07 10:25:00.787,2.0136,2.014,0.40,0.10
2008.04.07 10:25:01.160,2.0138,2.01415,0.40,1.60
2008.04.07 10:25:01.500,2.0138,2.01415,0.40,1.60
2008.04.07 10:25:01.834,2.0138,2.01415,0.40,1.60
2008.04.07 10:25:02.169,2.0138,2.01415,0.40,1.60
2008.04.07 10:25:02.503,2.0138,2.01415,0.40,1.60
2008.04.07 10:25:02.840,2.0138,2.01405,0.40,1.60
2008.04.07 10:25:03.073,2.0138,2.01405,0.40,1.60
2008.04.07 10:25:03.308,2.0138,2.01405,0.40,1.60
2008.04.07 10:25:03.545,2.0138,2.0141,0.40,0.10
2008.04.07 10:25:03.780,2.0137,2.01415,0.40,1.60
2008.04.07 10:25:04.074,2.0137,2.01415,0.40,1.60
2008.04.07 10:25:04.405,2.0137,2.01415,0.40,1.60
2008.04.07 10:25:04.699,2.0137,2.01415,0.40,1.80
2008.04.07 10:25:04.973,2.0137,2.01415,0.40,1.60
2008.04.07 10:25:05.247,2.0137,2.01415,0.40,1.60
2008.04.07 10:25:05.528,2.0137,2.01395,0.40,1.60
2008.04.07 10:25:05.809,2.0137,2.01395,0.40,1.60
2008.04.07 10:25:06.143,2.0135,2.01385,0.40,1.80
2008.04.07 10:25:06.479,2.0135,2.0137,0.40,0.10
2008.04.07 10:25:06.814,2.0135,2.0137,0.40,0.10
2008.04.07 10:25:07.040,2.0133,2.0136,0.50,0.10
2008.04.07 10:25:07.264,2.0133,2.0136,0.50,0.10
2008.04.07 10:25:07.490,2.0133,2.0136,0.40,0.40
2008.04.07 10:25:07.717,2.0133,2.0135,0.40,0.10
2008.04.07 10:25:08.050,2.0133,2.01355,0.40,1.70
2008.04.07 10:25:08.419,2.0133,2.01355,0.40,1.70
2008.04.07 10:25:08.750,2.0133,2.01355,0.40,0.50
2008.04.07 10:25:08.972,2.0133,2.0136,0.40,0.50
2008.04.07 10:25:09.197,2.0133,2.0136,0.40,0.50
2008.04.07 10:25:09.425,2.0133,2.0136,0.40,0.50
2008.04.07 10:25:09.650,2.0133,2.0136,0.40,0.50
2008.04.07 10:25:09.875,2.0133,2.0136,0.40,0.50
2008.04.07 10:25:10.212,2.0133,2.0136,0.40,0.50
2008.04.07 10:25:10.547,2.0133,2.0135,0.40,0.10
2008.04.07 10:25:10.883,2.0133,2.01365,0.40,1.60
2008.04.07 10:25:11.217,2.0133,2.01365,0.40,1.60
2008.04.07 10:25:11.553,2.0133,2.01365,0.40,1.60
2008.04.07 10:25:11.919,2.0133,2.0137,0.40,0.10
2008.04.07 10:25:12.191,2.0133,2.0137,0.40,0.10
2008.04.07 10:25:12.425,2.0133,2.0137,0.40,0.10
2008.04.07 10:25:12.664,2.0134,2.01375,0.40,1.60
2008.04.07 10:25:12.897,2.0134,2.01365,0.40,0.30
2008.04.07 10:25:13.198,2.0132,2.0136,0.40,0.10
2008.04.07 10:25:13.500,2.0133,2.0136,0.40,0.50
2008.04.07 10:25:13.838,2.0133,2.01365,0.40,0.60
2008.04.07 10:25:14.140,2.0135,2.0137,0.40,0.50
2008.04.07 10:25:14.412,2.0133,2.0136,0.40,0.30
2008.04.07 10:25:14.682,2.0131,2.0135,0.40,0.10
2008.04.07 10:25:14.953,2.0132,2.01365,0.50,1.60
2008.04.07 10:25:15.290,2.01325,2.01375,0.10,3.20
2008.04.07 10:25:15.624,2.0132,2.01375,0.50,1.60
2008.04.07 10:25:15.960,2.01345,2.0139,0.10,0.10
2008.04.07 10:25:16.296,2.0132,2.0138,0.40,0.40
2008.04.07 10:25:16.664,2.0132,2.0138,0.40,0.40
2008.04.07 10:25:16.998,2.0132,2.0138,0.50,0.10
2008.04.07 10:25:17.232,2.0133,2.01385,0.40,1.80
2008.04.07 10:25:17.466,2.0133,2.01385,0.40,1.60
2008.04.07 10:25:17.699,2.0133,2.01385,0.40,1.60
2008.04.07 10:25:17.933,2.0133,2.01385,0.40,1.60
2008.04.07 10:25:18.168,2.0134,2.0139,0.40,0.30
2008.04.07 10:25:18.488,2.0134,2.01395,0.40,3.60
2008.04.07 10:25:18.846,2.0134,2.01395,0.40,3.60
2008.04.07 10:25:19.166,2.0134,2.01395,0.40,3.60
2008.04.07 10:25:19.416,2.0134,2.01395,0.40,3.60
2008.04.07 10:25:19.665,2.0134,2.01395,0.40,3.00
2008.04.07 10:25:19.914,2.0134,2.01395,0.40,3.60
2008.04.07 10:25:20.162,2.0134,2.01395,0.40,3.60
2008.04.07 10:25:20.533,2.0134,2.01395,0.40,3.60
2008.04.07 10:25:20.830,2.0134,2.01395,0.40,3.60
2008.04.07 10:25:21.166,2.0134,2.01385,0.40,1.60
2008.04.07 10:25:21.500,2.0134,2.0138,0.40,0.10
2008.04.07 10:25:21.871,2.0134,2.01385,0.40,1.60
2008.04.07 10:25:22.186,2.0134,2.01385,0.40,1.60
2008.04.07 10:25:22.452,2.0134,2.01385,0.40,1.60
2008.04.07 10:25:22.682,2.0134,2.01385,0.40,1.60
2008.04.07 10:25:22.949,2.0134,2.01385,0.40,1.60
2008.04.07 10:25:23.214,2.0134,2.01385,0.40,1.60
2008.04.07 10:25:23.548,2.0134,2.01385,0.40,1.60
2008.04.07 10:25:23.882,2.0134,2.01385,0.40,1.80
2008.04.07 10:25:24.216,2.0134,2.01385,0.40,1.80
2008.04.07 10:25:24.445,2.0134,2.01385,0.40,1.60
2008.04.07 10:25:24.675,2.0134,2.01385,0.40,1.60
2008.04.07 10:25:24.940,2.0134,2.01385,0.40,1.60
2008.04.07 10:25:25.151,2.0134,2.01385,0.40,0.30
2008.04.07 10:25:25.487,2.0134,2.01385,0.40,0.30
2008.04.07 10:25:25.820,2.0134,2.01385,0.40,0.30
2008.04.07 10:25:26.171,2.0134,2.01385,0.40,0.30
2008.04.07 10:25:26.490,2.0134,2.0139,0.40,0.30
2008.04.07 10:25:26.823,2.0134,2.0139,0.40,0.30
2008.04.07 10:25:27.157,2.0134,2.0139,0.40,0.30
2008.04.07 10:25:27.391,2.0134,2.0139,0.40,0.30
2008.04.07 10:25:27.624,2.0134,2.0139,0.40,0.30
2008.04.07 10:25:27.860,2.0134,2.0139,0.40,0.10
2008.04.07 10:25:28.094,2.0134,2.0139,0.40,0.10
2008.04.07 10:25:28.327,2.0134,2.0139,0.40,0.10
2008.04.07 10:25:28.654,2.0133,2.0136,0.10,0.10
2008.04.07 10:25:28.978,2.01315,2.0135,0.10,0.10
2008.04.07 10:25:29.303,2.01315,2.0135,0.10,0.60
2008.04.07 10:25:29.543,2.013,2.0133,0.10,0.10
2008.04.07 10:25:29.783,2.013,2.0133,0.10,0.10
2008.04.07 10:25:30.027,2.01285,2.0133,0.10,0.10
2008.04.07 10:25:30.266,2.013,2.0134,0.40,0.50
2008.04.07 10:25:30.601,2.013,2.01355,0.40,1.80
2008.04.07 10:25:30.935,2.013,2.0135,0.40,0.30
2008.04.07 10:25:31.271,2.01295,2.01355,0.10,1.60
2008.04.07 10:25:31.605,2.01295,2.0136,1.60,0.30
2008.04.07 10:25:31.972,2.0131,2.0136,0.40,0.30
2008.04.07 10:25:32.306,2.01325,2.0138,0.10,0.60
2008.04.07 10:25:32.542,2.01325,2.0138,0.10,0.50
2008.04.07 10:25:32.778,2.0133,2.0138,0.40,0.80
2008.04.07 10:25:33.013,2.0133,2.0138,0.40,0.80
2008.04.07 10:25:33.246,2.0133,2.0138,0.40,0.50
2008.04.07 10:25:33.541,2.0133,2.0138,0.40,0.50
2008.04.07 10:25:33.835,2.0133,2.0138,0.40,0.50
2008.04.07 10:25:34.130,2.0133,2.01385,0.40,1.60
2008.04.07 10:25:34.424,2.0133,2.01385,0.40,1.60
2008.04.07 10:25:34.674,2.0133,2.01385,0.40,1.80
2008.04.07 10:25:34.924,2.0133,2.01385,0.40,1.80
2008.04.07 10:25:35.177,2.0133,2.01385,0.40,3.00
2008.04.07 10:25:35.425,2.0133,2.01385,0.40,3.60
2008.04.07 10:25:35.762,2.0133,2.01385,0.40,3.60
2008.04.07 10:25:36.134,2.0132,2.01385,0.50,3.60
2008.04.07 10:25:36.469,2.0132,2.01385,0.50,3.60
2008.04.07 10:25:36.803,2.0132,2.01385,0.50,3.60
2008.04.07 10:25:37.136,2.0132,2.01385,0.50,3.20
2008.04.07 10:25:37.470,2.01325,2.01385,2.40,2.60
2008.04.07 10:25:37.710,2.01325,2.0137,2.40,0.10
2008.04.07 10:25:37.989,2.0132,2.01385,0.50,2.60
2008.04.07 10:25:38.229,2.0133,2.01375,0.50,1.60
2008.04.07 10:25:38.468,2.0133,2.01375,0.50,2.40
2008.04.07 10:25:38.778,2.0133,2.01375,0.50,2.40
2008.04.07 10:25:39.087,2.0133,2.01375,0.50,2.40
2008.04.07 10:25:39.396,2.0133,2.01375,0.40,0.80
2008.04.07 10:25:39.652,2.0133,2.01375,0.40,1.60
2008.04.07 10:25:39.908,2.0133,2.01375,0.40,1.60
2008.04.07 10:25:40.200,2.0133,2.01375,0.40,2.40
2008.04.07 10:25:40.453,2.0133,2.01375,0.40,2.40
2008.04.07 10:25:40.789,2.0133,2.01375,0.40,2.40
2008.04.07 10:25:41.121,2.0133,2.01375,0.40,2.40
2008.04.07 10:25:41.456,2.0133,2.01375,0.40,0.80
2008.04.07 10:25:41.792,2.0133,2.0138,0.40,0.10
2008.04.07 10:25:42.125,2.0133,2.0138,0.40,0.10
2008.04.07 10:25:42.458,2.0133,2.0138,0.40,0.10
2008.04.07 10:25:42.689,2.0133,2.0138,0.40,0.10
2008.04.07 10:25:42.919,2.0133,2.0137,0.40,0.10
2008.04.07 10:25:43.148,2.0133,2.0137,0.40,0.10
2008.04.07 10:25:43.419,2.0133,2.0137,0.40,0.10
2008.04.07 10:25:43.744,2.0133,2.0137,0.40,0.10
2008.04.07 10:25:44.068,2.0133,2.0137,0.40,0.10
2008.04.07 10:25:44.394,2.0133,2.0137,0.40,0.10
2008.04.07 10:25:44.632,2.0133,2.0137,0.40,0.10
2008.04.07 10:25:44.871,2.0133,2.0137,0.40,0.10
2008.04.07 10:25:45.109,2.0133,2.0137,0.40,0.10
2008.04.07 10:25:45.349,2.0133,2.0137,0.40,0.10
2008.04.07 10:25:45.587,2.0133,2.0137,0.40,0.10
2008.04.07 10:25:45.920,2.0133,2.0137,0.40,0.10
2008.04.07 10:25:46.255,2.0133,2.0137,0.40,0.10
2008.04.07 10:25:46.625,2.01335,2.0137,4.00,0.10
2008.04.07 10:25:46.960,2.0133,2.0137,0.40,0.10
2008.04.07 10:25:47.293,2.0133,2.0137,0.40,0.10
2008.04.07 10:25:47.628,2.0133,2.0137,0.40,0.10
2008.04.07 10:25:47.868,2.0133,2.0137,0.40,0.10
2008.04.07 10:25:48.152,2.0133,2.0137,0.40,0.10
2008.04.07 10:25:48.368,2.0133,2.0137,0.40,0.10
2008.04.07 10:25:48.614,2.0133,2.0137,0.40,0.10
2008.04.07 10:25:48.929,2.0133,2.0137,0.40,0.10
2008.04.07 10:25:49.243,2.01325,2.0137,1.60,0.10
2008.04.07 10:25:49.557,2.01325,2.0137,1.60,0.10
2008.04.07 10:25:49.811,2.01325,2.0137,1.60,0.10
2008.04.07 10:25:50.066,2.01325,2.0137,0.10,0.10
2008.04.07 10:25:50.322,2.01325,2.0137,0.10,0.10
2008.04.07 10:25:50.576,2.0132,2.0136,0.50,0.10
2008.04.07 10:25:50.910,2.0132,2.0136,0.50,0.10
2008.04.07 10:25:51.243,2.0132,2.0136,0.50,0.10
2008.04.07 10:25:51.577,2.01325,2.0136,2.40,0.10
2008.04.07 10:25:51.911,2.01325,2.0136,2.40,0.10
2008.04.07 10:25:52.245,2.01325,2.0136,2.40,0.10
2008.04.07 10:25:52.579,2.01325,2.0136,2.40,0.10
2008.04.07 10:25:52.797,2.01325,2.0136,2.40,0.10
2008.04.07 10:25:53.020,2.01325,2.0136,2.40,0.10
2008.04.07 10:25:53.238,2.01325,2.0136,2.40,0.10
2008.04.07 10:25:53.461,2.01325,2.0136,2.40,0.10
2008.04.07 10:25:53.684,2.01325,2.0136,2.40,0.10
2008.04.07 10:25:54.024,2.01325,2.0136,2.40,0.10
2008.04.07 10:25:54.364,2.01325,2.0136,2.40,0.10
2008.04.07 10:25:54.706,2.01315,2.0135,1.60,0.10
2008.04.07 10:25:54.940,2.01315,2.0135,1.60,0.10
2008.04.07 10:25:55.174,2.01305,2.0135,4.00,0.10
2008.04.07 10:25:55.415,2.01305,2.0135,4.00,0.10
2008.04.07 10:25:55.672,2.01305,2.0134,4.00,0.10
2008.04.07 10:25:56.011,2.01305,2.0134,4.00,0.10
2008.04.07 10:25:56.383,2.01305,2.0134,4.00,0.10
2008.04.07 10:25:56.752,2.01305,2.0134,8.00,0.10
2008.04.07 10:25:57.073,2.01315,2.0134,4.00,0.10
2008.04.07 10:25:57.394,2.0133,2.0136,0.10,0.10
2008.04.07 10:25:57.713,2.01335,2.0136,4.00,0.10
2008.04.07 10:25:57.954,2.01335,2.0136,4.00,0.10
2008.04.07 10:25:58.193,2.0134,2.0137,0.40,0.10
2008.04.07 10:25:58.433,2.0134,2.0137,0.40,0.10
2008.04.07 10:25:58.673,2.0134,2.0137,0.40,0.10
2008.04.07 10:25:59.004,2.0134,2.0137,0.40,0.10
2008.04.07 10:25:59.371,2.0133,2.0136,0.10,0.10
2008.04.07 10:25:59.702,2.01325,2.0136,5.60,0.10
2008.04.07 10:26:00.031,2.01315,2.0135,1.60,0.10
2008.04.07 10:26:00.261,2.01315,2.0134,1.60,0.10
2008.04.07 10:26:00.491,2.01315,2.0134,1.60,0.10
2008.04.07 10:26:00.723,2.01305,2.0134,5.60,0.10
2008.04.07 10:26:01.056,2.01305,2.0135,4.00,0.10
2008.04.07 10:26:01.390,2.0131,2.0135,0.10,0.10
2008.04.07 10:26:01.724,2.0131,2.0135,0.10,0.10
2008.04.07 10:26:02.060,2.0132,2.0135,0.10,0.10
2008.04.07 10:26:02.408,2.0133,2.0136,0.10,0.10
2008.04.07 10:26:02.744,2.01325,2.0136,1.60,0.10
2008.04.07 10:26:02.979,2.0133,2.0137,0.10,0.10
2008.04.07 10:26:03.214,2.0133,2.0137,0.10,0.10
2008.04.07 10:26:03.468,2.0133,2.0137,0.10,0.10
2008.04.07 10:26:03.704,2.0133,2.0137,0.10,0.10
2008.04.07 10:26:03.940,2.0133,2.0137,0.10,0.10
2008.04.07 10:26:04.240,2.0134,2.0137,0.10,0.10
2008.04.07 10:26:04.539,2.0134,2.0137,0.10,0.10
2008.04.07 10:26:04.840,2.0134,2.0137,0.10,0.10
2008.04.07 10:26:05.121,2.0136,2.0139,0.50,0.80
2008.04.07 10:26:05.405,2.01345,2.0138,1.60,0.10
2008.04.07 10:26:05.684,2.01325,2.0136,0.10,0.10
2008.04.07 10:26:05.967,2.01325,2.0136,0.10,0.10
2008.04.07 10:26:06.342,2.0133,2.0137,0.10,0.10
2008.04.07 10:26:06.678,2.01325,2.0137,0.10,0.10
2008.04.07 10:26:07.011,2.01325,2.0137,0.10,0.10
2008.04.07 10:26:07.252,2.01315,2.0136,1.60,0.10
2008.04.07 10:26:07.491,2.01315,2.0136,0.10,0.10
2008.04.07 10:26:07.731,2.0132,2.0136,0.10,0.10
2008.04.07 10:26:07.969,2.0132,2.0136,0.10,0.10
2008.04.07 10:26:08.283,2.0132,2.0136,0.10,0.10
2008.04.07 10:26:08.597,2.01315,2.0136,0.10,0.10
2008.04.07 10:26:08.912,2.01315,2.0136,0.10,0.10
2008.04.07 10:26:09.179,2.01315,2.0136,0.10,0.10
2008.04.07 10:26:09.440,2.01305,2.0135,4.00,0.10
2008.04.07 10:26:09.703,2.0132,2.0135,0.10,0.10
2008.04.07 10:26:09.964,2.0132,2.0135,0.10,0.10
2008.04.07 10:26:10.249,2.01315,2.0135,4.00,0.10
2008.04.07 10:26:10.535,2.01315,2.0136,2.40,0.10
2008.04.07 10:26:10.859,2.01315,2.0135,2.40,0.10
2008.04.07 10:26:11.145,2.01315,2.0135,4.00,0.10
2008.04.07 10:26:11.483,2.0132,2.0135,0.10,0.10
2008.04.07 10:26:11.840,2.01315,2.0135,2.40,0.10
2008.04.07 10:26:12.180,2.0132,2.0135,0.10,0.10
2008.04.07 10:26:12.411,2.0133,2.0135,0.10,0.10
2008.04.07 10:26:12.649,2.0133,2.0136,0.10,0.10
2008.04.07 10:26:14.154,2.0133,2.0137,0.10,0.10
2008.04.07 10:26:14.294,2.0133,2.0137,0.10,0.10
2008.04.07 10:26:14.439,2.0133,2.0137,0.10,0.10
2008.04.07 10:26:14.585,2.0133,2.0137,0.10,0.10
2008.04.07 10:26:14.773,2.0133,2.0137,0.10,0.10
2008.04.07 10:26:14.945,2.0133,2.0137,0.10,0.10
2008.04.07 10:26:15.133,2.0133,2.0137,0.10,0.10
2008.04.07 10:26:15.315,2.0133,2.0137,0.10,0.10
2008.04.07 10:26:15.649,2.0133,2.0137,0.10,0.10
2008.04.07 10:26:17.499,2.01325,2.0135,1.60,0.10
2008.04.07 10:26:17.635,2.01315,2.0135,2.40,0.10
2008.04.07 10:26:17.770,2.01315,2.0135,2.40,0.10
2008.04.07 10:26:17.942,2.0132,2.0135,0.10,0.10
2008.04.07 10:26:18.117,2.01305,2.0135,4.00,0.10
2008.04.07 10:26:18.282,2.01305,2.0135,2.40,0.10
2008.04.07 10:26:18.459,2.01305,2.0136,2.40,0.10
2008.04.07 10:26:18.628,2.01305,2.0135,2.40,0.10
2008.04.07 10:26:18.998,2.01305,2.0135,2.40,0.10
2008.04.07 10:26:19.334,2.01305,2.0135,2.40,0.10
2008.04.07 10:26:19.667,2.01305,2.0135,2.40,0.10
2008.04.07 10:26:19.898,2.01305,2.0135,2.40,0.10
2008.04.07 10:26:20.126,2.01305,2.0135,2.40,0.10
2008.04.07 10:26:20.358,2.01305,2.0135,2.40,0.10
2008.04.07 10:26:20.588,2.01305,2.0135,2.40,0.10
2008.04.07 10:26:20.920,2.01305,2.0135,2.40,0.10
2008.04.07 10:26:21.254,2.01305,2.0135,2.40,0.10
2008.04.07 10:26:21.588,2.01305,2.0135,2.40,0.10
2008.04.07 10:26:21.923,2.01305,2.0135,2.40,0.10
2008.04.07 10:26:22.298,2.0131,2.0135,0.10,0.10
2008.04.07 10:26:22.593,2.0131,2.0135,0.10,0.10
2008.04.07 10:26:22.835,2.0131,2.0135,0.10,0.10
2008.04.07 10:26:23.106,2.0131,2.0135,0.10,0.10
2008.04.07 10:26:23.375,2.0131,2.0135,0.10,0.10
2008.04.07 10:26:23.647,2.0131,2.0135,0.10,0.10
2008.04.07 10:26:23.841,2.0131,2.0135,0.10,0.10
2008.04.07 10:26:24.131,2.0131,2.0135,0.10,0.10
2008.04.07 10:26:24.420,2.0131,2.0135,0.10,0.10
2008.04.07 10:26:24.708,2.0131,2.0135,0.10,0.10
2008.04.07 10:26:25.031,2.0131,2.0135,0.10,0.10
2008.04.07 10:26:25.315,2.0131,2.0135,0.10,0.10
2008.04.07 10:26:25.598,2.0131,2.0135,0.10,0.10
2008.04.07 10:26:27.603,2.01315,2.0135,4.00,0.10
2008.04.07 10:26:27.640,2.01325,2.0135,1.60,0.10
2008.04.07 10:26:27.710,2.01325,2.0135,1.60,0.10
2008.04.07 10:26:27.767,2.0132,2.0135,0.10,0.10
2008.04.07 10:26:27.869,2.0132,2.0136,0.50,0.10
2008.04.07 10:26:27.933,2.0132,2.0136,0.50,0.10
2008.04.07 10:26:28.004,2.0132,2.0136,0.50,0.10
2008.04.07 10:26:28.127,2.0132,2.0136,0.50,0.10
2008.04.07 10:26:28.252,2.0132,2.0136,0.50,0.10
2008.04.07 10:26:28.343,2.0132,2.0136,0.50,0.10
2008.04.07 10:26:28.440,2.0132,2.0136,0.50,0.10
2008.04.07 10:26:28.553,2.0132,2.0136,0.50,0.10
2008.04.07 10:26:28.891,2.0132,2.0136,0.50,0.10
2008.04.07 10:26:29.224,2.0132,2.0136,0.50,0.10
2008.04.07 10:26:29.601,2.0132,2.0136,0.50,0.10
2008.04.07 10:26:29.851,2.01315,2.0135,1.60,0.10
2008.04.07 10:26:30.104,2.01315,2.0135,1.60,0.10
2008.04.07 10:26:30.359,2.0132,2.0135,0.10,0.10
2008.04.07 10:26:30.624,2.0132,2.0135,0.10,0.10
2008.04.07 10:26:30.957,2.0132,2.0135,0.10,0.10
2008.04.07 10:26:31.294,2.0131,2.0135,0.10,0.10
2008.04.07 10:26:31.625,2.0131,2.0135,0.10,0.10
2008.04.07 10:26:31.962,2.0131,2.0135,0.10,0.10
2008.04.07 10:26:32.296,2.01325,2.0135,2.40,0.10
2008.04.07 10:26:32.631,2.01325,2.0135,2.40,0.10
2008.04.07 10:26:32.870,2.01325,2.0135,2.40,0.10
2008.04.07 10:26:33.109,2.01325,2.0135,2.40,0.10
2008.04.07 10:26:33.348,2.01325,2.0135,2.40,0.10
2008.04.07 10:26:33.588,2.01325,2.0135,2.40,0.10
2008.04.07 10:26:33.897,2.01325,2.0135,2.40,0.10
2008.04.07 10:26:34.207,2.01325,2.0135,2.40,0.10
2008.04.07 10:26:34.517,2.01325,2.0135,2.40,0.10
2008.04.07 10:26:34.863,2.01315,2.0135,2.40,0.10
2008.04.07 10:26:35.108,2.0132,2.0135,0.10,0.10
2008.04.07 10:26:35.353,2.0132,2.0135,0.10,0.10
2008.04.07 10:26:35.598,2.01325,2.0135,2.40,0.10
2008.04.07 10:26:35.842,2.0132,2.0136,0.50,0.10
2008.04.07 10:26:36.176,2.0133,2.0136,0.10,0.10
2008.04.07 10:26:36.511,2.01335,2.0137,6.40,0.10
2008.04.07 10:26:36.846,2.01325,2.0136,4.00,0.10
2008.04.07 10:26:37.180,2.01335,2.0137,4.00,0.10
2008.04.07 10:26:37.516,2.01325,2.0137,2.40,0.10
2008.04.07 10:26:37.850,2.01325,2.0136,2.40,0.10
2008.04.07 10:26:38.073,2.01325,2.0136,2.40,0.10
2008.04.07 10:26:38.330,2.01325,2.0137,2.40,0.90
2008.04.07 10:26:38.576,2.01325,2.0137,2.40,0.10
2008.04.07 10:26:38.812,2.01335,2.0136,2.40,0.10
2008.04.07 10:26:39.137,2.01335,2.0135,2.40,0.10
2008.04.07 10:26:39.467,2.01335,2.0135,2.40,0.10
2008.04.07 10:26:39.790,2.01305,2.0134,4.00,0.10
2008.04.07 10:26:40.151,2.01305,2.0134,4.00,0.10
2008.04.07 10:26:40.423,2.01305,2.0134,2.40,0.10
2008.04.07 10:26:40.697,2.01305,2.0134,2.40,0.10
2008.04.07 10:26:40.964,2.01305,2.0134,2.40,0.10
2008.04.07 10:26:41.299,2.01305,2.0134,2.40,0.10
2008.04.07 10:26:41.634,2.013,2.0134,0.40,0.10
2008.04.07 10:26:41.968,2.013,2.0134,0.40,0.10
2008.04.07 10:26:42.196,2.013,2.0134,0.40,0.10
2008.04.07 10:26:42.426,2.013,2.0134,0.40,0.10
2008.04.07 10:26:42.696,2.013,2.0134,0.40,0.10
2008.04.07 10:26:42.928,2.0129,2.0133,0.50,0.10
2008.04.07 10:26:43.157,2.0129,2.0133,0.40,0.10
2008.04.07 10:26:43.491,2.0129,2.0133,0.40,0.10
2008.04.07 10:26:43.825,2.0129,2.0133,0.40,0.10
2008.04.07 10:26:44.162,2.01285,2.0132,2.40,0.10
2008.04.07 10:26:44.405,2.01285,2.0132,2.40,0.10
2008.04.07 10:26:44.649,2.01285,2.0132,2.40,0.10
2008.04.07 10:26:44.893,2.01285,2.0132,2.40,0.10
2008.04.07 10:26:45.138,2.01285,2.0132,2.40,0.10
2008.04.07 10:26:45.427,2.01285,2.0132,2.40,0.10
2008.04.07 10:26:45.716,2.01285,2.0132,2.40,0.10
2008.04.07 10:26:46.042,2.01285,2.0132,2.40,0.10
2008.04.07 10:26:46.375,2.01285,2.0132,2.40,0.10
2008.04.07 10:26:46.709,2.01285,2.0132,2.40,0.10
2008.04.07 10:26:47.045,2.01285,2.0132,2.40,0.10
2008.04.07 10:26:47.287,2.01285,2.0131,2.40,0.10
2008.04.07 10:26:47.549,2.01285,2.0131,2.40,0.10
2008.04.07 10:26:47.814,2.01285,2.0131,2.40,0.10
2008.04.07 10:26:48.044,2.01285,2.0131,2.40,0.10
2008.04.07 10:26:48.323,2.01285,2.0131,2.40,0.10
2008.04.07 10:26:48.604,2.01285,2.0131,2.40,0.10
2008.04.07 10:26:48.886,2.01285,2.0131,2.40,0.10
2008.04.07 10:26:49.167,2.01285,2.0132,2.40,0.10
2008.04.07 10:26:49.441,2.01285,2.0132,2.40,0.10
2008.04.07 10:26:49.716,2.01285,2.0132,2.40,0.10
2008.04.07 10:26:50.034,2.0129,2.0132,0.10,0.10
2008.04.07 10:26:50.308,2.01285,2.0133,4.00,0.10
2008.04.07 10:26:50.643,2.01285,2.0132,4.00,0.10
2008.04.07 10:26:52.433,2.013,2.0134,0.10,0.10
2008.04.07 10:26:52.547,2.013,2.0134,0.10,0.10
2008.04.07 10:26:54.292,2.013,2.0134,0.10,0.10
2008.04.07 10:26:55.489,2.013,2.0134,0.10,0.10
2008.04.07 10:26:55.574,2.013,2.0134,0.10,0.10
2008.04.07 10:26:55.685,2.013,2.0134,0.10,0.10
2008.04.07 10:26:55.829,2.013,2.0134,0.10,0.10
2008.04.07 10:26:55.931,2.013,2.0134,0.10,0.10
2008.04.07 10:26:56.058,2.013,2.0134,0.10,0.10
2008.04.07 10:26:56.217,2.013,2.0134,0.10,0.10
2008.04.07 10:26:56.333,2.013,2.0134,0.10,0.10
2008.04.07 10:26:56.485,2.013,2.0134,0.10,0.10
2008.04.07 10:26:56.627,2.013,2.0134,0.10,0.10
2008.04.07 10:26:56.995,2.013,2.0134,0.10,0.10
2008.04.07 10:26:57.370,2.013,2.0134,0.10,0.10
2008.04.07 10:26:57.740,2.013,2.0134,0.10,0.10
2008.04.07 10:26:58.003,2.013,2.0134,0.10,0.10
2008.04.07 10:26:58.267,2.013,2.0134,0.10,0.10
2008.04.07 10:26:58.538,2.013,2.0134,0.10,0.10
2008.04.07 10:26:58.804,2.013,2.0134,0.10,0.10
2008.04.07 10:26:59.061,2.013,2.0134,0.10,0.10
2008.04.07 10:26:59.356,2.013,2.0134,0.10,0.10
2008.04.07 10:26:59.650,2.013,2.0134,0.10,0.10
2008.04.07 10:26:59.913,2.013,2.0134,0.10,0.10
2008.04.07 10:27:00.177,2.013,2.0134,0.10,0.10
2008.04.07 10:27:00.441,2.013,2.0134,0.10,0.10
2008.04.07 10:27:00.706,2.013,2.0134,0.10,0.10
2008.04.07 10:27:01.038,2.013,2.0134,0.10,0.10
2008.04.07 10:27:01.372,2.01295,2.0134,2.40,0.10
2008.04.07 10:27:01.707,2.013,2.0134,0.10,0.10
2008.04.07 10:27:02.042,2.013,2.0134,0.10,0.10
2008.04.07 10:27:02.377,2.013,2.0134,0.10,0.10
2008.04.07 10:27:02.710,2.013,2.0134,0.10,0.10
2008.04.07 10:27:02.944,2.013,2.0134,0.10,0.10
2008.04.07 10:27:03.178,2.013,2.0134,0.10,0.10
2008.04.07 10:27:03.411,2.013,2.0134,0.10,0.10
2008.04.07 10:27:03.677,2.01295,2.0134,2.40,0.10
2008.04.07 10:27:03.965,2.01295,2.0134,2.40,0.10
2008.04.07 10:27:04.257,2.01295,2.0134,2.40,0.10
2008.04.07 10:27:04.545,2.01295,2.0134,2.40,0.10
2008.04.07 10:27:04.837,2.01295,2.0133,2.40,0.10
2008.04.07 10:27:05.121,2.01295,2.0133,2.40,0.10
2008.04.07 10:27:05.411,2.01295,2.0133,2.40,0.10
2008.04.07 10:27:05.694,2.01295,2.0133,2.40,0.10
2008.04.07 10:27:06.029,2.01295,2.0133,2.40,0.10
2008.04.07 10:27:06.363,2.01295,2.0133,2.40,0.10
2008.04.07 10:27:06.699,2.01295,2.0133,2.40,0.10
2008.04.07 10:27:07.035,2.01295,2.0133,2.40,0.10
2008.04.07 10:27:07.370,2.01295,2.0133,2.40,0.10
2008.04.07 10:27:07.704,2.01295,2.0133,2.40,0.10
2008.04.07 10:27:07.918,2.01295,2.0133,2.40,0.10
2008.04.07 10:27:08.154,2.01295,2.0133,2.40,0.10
2008.04.07 10:27:08.368,2.01295,2.0132,2.40,0.10
2008.04.07 10:27:08.585,2.01295,2.0132,2.40,0.10
2008.04.07 10:27:08.797,2.01295,2.0132,2.40,0.10
2008.04.07 10:27:09.011,2.01295,2.0133,2.40,0.10
2008.04.07 10:27:09.346,2.01295,2.0133,2.40,0.10
2008.04.07 10:27:09.681,2.01295,2.0133,2.40,0.10
2008.04.07 10:27:10.014,2.01295,2.0133,2.40,0.10
2008.04.07 10:27:10.253,2.01295,2.0133,2.40,0.10
2008.04.07 10:27:10.493,2.01295,2.0133,2.40,0.10
2008.04.07 10:27:10.732,2.01295,2.0133,2.40,0.10
2008.04.07 10:27:10.972,2.01295,2.0133,2.40,0.10
2008.04.07 10:27:11.307,2.01285,2.0132,2.40,0.10
2008.04.07 10:27:11.642,2.01285,2.0132,2.40,0.10
2008.04.07 10:27:11.979,2.01285,2.0131,2.40,0.10
2008.04.07 10:27:12.352,2.01285,2.0132,2.40,0.10
2008.04.07 10:27:12.688,2.01285,2.0132,2.40,0.10
2008.04.07 10:27:13.021,2.01285,2.0132,2.40,0.10
2008.04.07 10:27:13.254,2.01285,2.0132,2.40,0.10
2008.04.07 10:27:13.489,2.01285,2.0132,2.40,0.10
2008.04.07 10:27:13.723,2.01285,2.0132,2.40,0.10
2008.04.07 10:27:13.957,2.01285,2.0132,2.40,0.10
2008.04.07 10:27:14.252,2.01285,2.0132,2.40,0.10
2008.04.07 10:27:14.545,2.01285,2.0132,2.40,0.10
2008.04.07 10:27:14.839,2.01285,2.0132,2.40,0.10
2008.04.07 10:27:15.131,2.01285,2.0132,2.40,0.10
2008.04.07 10:27:15.436,2.01285,2.0132,2.40,0.10
2008.04.07 10:27:15.740,2.01285,2.0132,2.40,0.10
2008.04.07 10:27:16.045,2.01285,2.0132,2.40,0.10
2008.04.07 10:27:16.378,2.01285,2.0132,2.40,0.10
2008.04.07 10:27:16.710,2.01285,2.0132,2.40,0.10
2008.04.07 10:27:17.046,2.01285,2.0132,2.40,0.10
2008.04.07 10:27:17.276,2.01285,2.0132,2.40,0.10
2008.04.07 10:27:17.505,2.01285,2.0132,2.40,0.10
2008.04.07 10:27:17.736,2.01285,2.0132,2.40,0.10
2008.04.07 10:27:17.965,2.01285,2.0132,2.40,0.10
2008.04.07 10:27:18.196,2.01285,2.0132,2.40,0.10
2008.04.07 10:27:18.521,2.01285,2.0132,2.40,0.10
2008.04.07 10:27:18.846,2.01285,2.0132,2.40,0.10
2008.04.07 10:27:19.208,2.01285,2.0132,2.40,0.10
2008.04.07 10:27:19.427,2.01285,2.0132,2.40,0.10
2008.04.07 10:27:19.651,2.01285,2.0132,2.40,0.10
2008.04.07 10:27:19.870,2.01285,2.0132,2.40,0.10
2008.04.07 10:27:20.115,2.01285,2.0132,2.40,0.10
2008.04.07 10:27:20.448,2.01285,2.0132,2.40,0.10
2008.04.07 10:27:20.781,2.01285,2.0132,2.40,0.10
2008.04.07 10:27:21.114,2.01285,2.0132,2.40,0.10
2008.04.07 10:27:21.448,2.01285,2.0132,2.40,0.10
2008.04.07 10:27:21.782,2.01285,2.0132,2.40,0.10
2008.04.07 10:27:22.115,2.01285,2.0132,2.40,0.10
2008.04.07 10:27:22.448,2.01285,2.0132,2.40,0.10
2008.04.07 10:27:22.669,2.01285,2.0132,2.40,0.10
2008.04.07 10:27:22.887,2.01285,2.0132,2.40,0.10
2008.04.07 10:27:23.106,2.01285,2.0132,2.40,0.10
2008.04.07 10:27:23.325,2.01295,2.0132,2.40,0.10
2008.04.07 10:27:23.679,2.01295,2.0132,2.40,0.10
2008.04.07 10:27:24.050,2.01295,2.0132,2.40,0.10
2008.04.07 10:27:24.390,2.01295,2.0132,2.40,0.10
2008.04.07 10:27:24.656,2.01295,2.0132,2.40,0.10
2008.04.07 10:27:24.927,2.01295,2.0132,2.40,0.10
2008.04.07 10:27:25.162,2.01295,2.0132,2.40,0.10
2008.04.07 10:27:25.391,2.01295,2.0132,2.40,0.10
2008.04.07 10:27:25.723,2.01295,2.0132,2.40,0.10
2008.04.07 10:27:26.057,2.01295,2.0132,2.40,0.10
2008.04.07 10:27:26.433,2.01295,2.0132,2.40,0.10
2008.04.07 10:27:26.732,2.01295,2.0132,2.40,0.10
2008.04.07 10:27:27.035,2.01295,2.0132,2.40,0.10
2008.04.07 10:27:27.341,2.01295,2.0132,2.40,0.10
2008.04.07 10:27:27.607,2.01295,2.0132,2.40,0.10
2008.04.07 10:27:27.887,2.01295,2.0132,2.40,0.10
2008.04.07 10:27:28.166,2.01295,2.0132,2.40,0.10
2008.04.07 10:27:28.445,2.01295,2.0132,2.40,0.10
2008.04.07 10:27:28.693,2.01295,2.0132,2.40,0.10
2008.04.07 10:27:28.942,2.01295,2.0132,2.40,0.10
2008.04.07 10:27:29.190,2.01295,2.0132,2.40,0.10
2008.04.07 10:27:29.439,2.01295,2.0132,2.40,0.10
2008.04.07 10:27:29.739,2.01275,2.0132,4.00,0.10
2008.04.07 10:27:30.046,2.01275,2.0132,4.00,0.10
2008.04.07 10:27:30.347,2.01275,2.0132,4.00,0.10
2008.04.07 10:27:30.646,2.0128,2.0132,0.10,0.10
2008.04.07 10:27:30.980,2.0128,2.0132,0.10,0.10
2008.04.07 10:27:31.313,2.0128,2.0132,0.10,0.10
2008.04.07 10:27:31.648,2.01275,2.0132,5.60,0.10
2008.04.07 10:27:31.983,2.01275,2.0132,4.00,0.10
2008.04.07 10:27:32.317,2.01275,2.0132,4.00,0.10
2008.04.07 10:27:32.652,2.0128,2.0132,0.10,0.10
2008.04.07 10:27:32.873,2.0128,2.0132,0.10,0.10
2008.04.07 10:27:33.092,2.0128,2.0132,0.10,0.10
2008.04.07 10:27:33.347,2.0128,2.0132,0.10,0.10
2008.04.07 10:27:33.598,2.0128,2.0132,0.10,0.10
2008.04.07 10:27:33.924,2.0128,2.0132,0.10,0.10
2008.04.07 10:27:34.266,2.0128,2.0132,0.10,0.10
2008.04.07 10:27:34.569,2.0128,2.0132,0.10,0.10
2008.04.07 10:27:34.871,2.0128,2.0132,0.10,0.10
2008.04.07 10:27:35.140,2.0128,2.0132,0.10,0.10
2008.04.07 10:27:35.410,2.0128,2.0132,0.10,0.10
2008.04.07 10:27:35.682,2.0128,2.0132,0.10,0.10
2008.04.07 10:27:36.017,2.0128,2.0132,0.10,0.10
2008.04.07 10:27:36.354,2.0128,2.0132,0.10,0.10
2008.04.07 10:27:36.692,2.0128,2.0132,0.10,0.10
2008.04.07 10:27:37.023,2.0128,2.0132,0.10,0.10
2008.04.07 10:27:37.358,2.0128,2.0132,0.10,0.10
2008.04.07 10:27:37.692,2.0128,2.0132,0.10,0.10
2008.04.07 10:27:37.917,2.0128,2.0132,0.10,0.10
2008.04.07 10:27:38.141,2.0128,2.0132,0.10,0.10
2008.04.07 10:27:38.364,2.0128,2.0132,0.10,0.10
2008.04.07 10:27:38.588,2.0128,2.0132,0.10,0.10
2008.04.07 10:27:38.812,2.0128,2.0132,0.10,0.10
2008.04.07 10:27:39.146,2.0128,2.0132,0.10,0.10
2008.04.07 10:27:39.482,2.0128,2.0132,0.10,0.10
2008.04.07 10:27:39.816,2.0128,2.0132,0.10,0.10
2008.04.07 10:27:40.043,2.0128,2.0132,0.10,0.10
2008.04.07 10:27:40.266,2.0128,2.0132,0.10,0.10
2008.04.07 10:27:40.490,2.0128,2.0132,0.10,0.10
2008.04.07 10:27:40.714,2.0128,2.0132,0.10,0.10
2008.04.07 10:27:40.940,2.0128,2.0132,0.10,0.10
2008.04.07 10:27:41.310,2.0128,2.0132,0.10,0.10
2008.04.07 10:27:41.648,2.0128,2.0132,0.10,0.10
2008.04.07 10:27:41.983,2.0128,2.0132,0.10,0.10
2008.04.07 10:27:42.326,2.0128,2.0132,0.10,0.10
2008.04.07 10:27:42.660,2.0128,2.0132,0.10,0.10
2008.04.07 10:27:42.994,2.0128,2.0132,0.10,0.10
2008.04.07 10:27:43.229,2.0128,2.0132,0.10,0.10
2008.04.07 10:27:43.487,2.0128,2.0132,0.10,0.10
2008.04.07 10:27:43.760,2.0128,2.0132,0.10,0.10
2008.04.07 10:27:44.041,2.0128,2.0132,0.10,0.10
2008.04.07 10:27:44.368,2.01275,2.0132,1.60,0.10
2008.04.07 10:27:44.660,2.01275,2.0132,1.60,0.10
2008.04.07 10:27:44.955,2.01275,2.0132,1.60,0.10
2008.04.07 10:27:45.221,2.01285,2.0132,0.10,0.10
2008.04.07 10:27:45.488,2.01275,2.0132,5.60,0.10
2008.04.07 10:27:45.754,2.0129,2.01325,0.40,0.30
2008.04.07 10:27:46.020,2.0129,2.01325,0.40,0.30
2008.04.07 10:27:46.354,2.0129,2.01325,0.40,0.30
2008.04.07 10:27:46.689,2.0129,2.01325,0.40,0.30
2008.04.07 10:27:47.023,2.0129,2.01325,0.40,0.30
2008.04.07 10:27:47.348,2.0129,2.01325,0.40,0.30
2008.04.07 10:27:47.672,2.0129,2.01325,0.40,0.30
2008.04.07 10:27:47.996,2.0129,2.01325,0.40,0.30
2008.04.07 10:27:48.250,2.0129,2.01325,0.40,0.30
2008.04.07 10:27:48.524,2.0129,2.01325,0.40,0.30
2008.04.07 10:27:48.786,2.0129,2.01325,0.40,0.30
2008.04.07 10:27:49.071,2.0129,2.01325,0.40,0.30
2008.04.07 10:27:49.335,2.0129,2.01325,0.40,0.30
2008.04.07 10:27:49.599,2.0129,2.01335,0.40,0.30
2008.04.07 10:27:51.269,2.0129,2.01335,0.40,1.60
2008.04.07 10:27:51.319,2.0129,2.01335,0.40,1.60
2008.04.07 10:27:51.425,2.0129,2.01335,0.40,1.60
2008.04.07 10:27:51.549,2.0129,2.01335,0.40,1.60
2008.04.07 10:27:51.676,2.0129,2.01335,0.40,1.60
2008.04.07 10:27:51.799,2.0129,2.0133,0.40,0.30
2008.04.07 10:27:51.928,2.0129,2.0133,0.40,0.30
2008.04.07 10:27:51.981,2.0129,2.0133,0.40,0.30
2008.04.07 10:27:52.081,2.0129,2.0133,0.40,0.30
2008.04.07 10:27:52.204,2.0129,2.0133,0.40,0.30
2008.04.07 10:27:52.542,2.0129,2.0133,0.40,0.30
2008.04.07 10:27:52.878,2.0129,2.0133,0.40,1.00
2008.04.07 10:27:53.213,2.0129,2.0133,0.40,1.00
2008.04.07 10:27:53.443,2.0129,2.0133,0.40,1.00
2008.04.07 10:27:53.680,2.0129,2.0133,0.40,0.30
2008.04.07 10:27:53.908,2.0129,2.0133,0.40,0.30
2008.04.07 10:27:54.138,2.0129,2.0133,0.40,0.30
2008.04.07 10:27:54.368,2.0129,2.0133,0.40,0.30
2008.04.07 10:27:54.697,2.0129,2.0133,0.40,0.30
2008.04.07 10:27:55.027,2.0129,2.0133,0.40,0.30
2008.04.07 10:27:55.390,2.0129,2.0133,0.40,1.00
2008.04.07 10:27:55.764,2.0129,2.0133,0.40,1.00
2008.04.07 10:27:56.098,2.0129,2.0133,0.40,0.30
2008.04.07 10:27:56.433,2.0129,2.01335,0.40,4.20
2008.04.07 10:27:56.767,2.0129,2.0133,0.40,0.30
2008.04.07 10:27:57.102,2.0129,2.0133,0.40,0.30
2008.04.07 10:27:57.486,2.0129,2.0133,0.40,0.30
2008.04.07 10:27:57.709,2.0129,2.0133,0.40,0.30
2008.04.07 10:27:57.934,2.0129,2.0133,0.40,0.30
2008.04.07 10:27:58.159,2.0129,2.0133,0.40,0.30
2008.04.07 10:27:58.383,2.0129,2.01325,0.40,0.30
2008.04.07 10:27:58.716,2.0129,2.01325,0.40,0.30
2008.04.07 10:27:59.050,2.0129,2.01325,0.40,0.30
2008.04.07 10:27:59.383,2.0129,2.01325,0.40,0.30
2008.04.07 10:27:59.626,2.0129,2.01325,0.40,0.30
2008.04.07 10:27:59.871,2.0129,2.0132,0.40,0.30
2008.04.07 10:28:00.116,2.0129,2.0132,0.40,0.30
2008.04.07 10:28:00.360,2.0127,2.01325,0.40,0.30
2008.04.07 10:28:00.695,2.0127,2.01325,0.40,0.30
2008.04.07 10:28:01.052,2.0127,2.01325,0.40,0.30
2008.04.07 10:28:01.388,2.0127,2.0132,0.40,0.30
2008.04.07 10:28:01.722,2.0127,2.0133,0.50,0.40
2008.04.07 10:28:02.059,2.0127,2.0133,0.50,0.40
2008.04.07 10:28:02.394,2.0127,2.0133,0.50,0.40
2008.04.07 10:28:02.616,2.0127,2.0133,0.50,0.40
2008.04.07 10:28:02.835,2.0128,2.0133,0.10,0.10
2008.04.07 10:28:03.056,2.0127,2.0133,0.50,0.40
2008.04.07 10:28:03.276,2.0128,2.01325,0.40,0.30
2008.04.07 10:28:03.497,2.0128,2.01325,0.40,1.80
2008.04.07 10:28:03.831,2.0128,2.01325,0.40,1.80
2008.04.07 10:28:04.165,2.0128,2.01325,0.40,1.80
2008.04.07 10:28:04.499,2.0128,2.01325,0.40,1.80
2008.04.07 10:28:04.728,2.0128,2.01325,0.40,1.80
2008.04.07 10:28:04.958,2.0128,2.01325,0.40,1.80
2008.04.07 10:28:05.187,2.0128,2.01325,0.40,1.80
2008.04.07 10:28:05.423,2.0128,2.01325,0.40,0.80
2008.04.07 10:28:05.758,2.0128,2.01325,0.40,0.80
2008.04.07 10:28:06.094,2.0128,2.01325,0.40,0.80
2008.04.07 10:28:06.433,2.0126,2.0131,0.40,0.40
2008.04.07 10:28:06.764,2.0126,2.0131,0.40,0.40
2008.04.07 10:28:07.100,2.0127,2.0132,0.40,0.30
2008.04.07 10:28:07.436,2.0127,2.01325,0.40,4.20
2008.04.07 10:28:07.662,2.0127,2.01325,0.40,4.20
2008.04.07 10:28:07.887,2.0127,2.0132,0.40,0.30
2008.04.07 10:28:08.114,2.0127,2.0132,0.40,0.30
2008.04.07 10:28:08.338,2.0127,2.0132,0.40,0.30
2008.04.07 10:28:08.562,2.0127,2.0132,0.40,0.30
2008.04.07 10:28:08.872,2.0127,2.0132,0.40,0.30
2008.04.07 10:28:09.216,2.0127,2.0132,0.40,0.30
2008.04.07 10:28:09.552,2.0127,2.0132,0.40,0.30
2008.04.07 10:28:09.822,2.0127,2.0132,0.40,0.30
2008.04.07 10:28:10.097,2.0127,2.0132,0.40,0.30
2008.04.07 10:28:10.332,2.0127,2.0132,0.40,0.30
2008.04.07 10:28:10.604,2.0127,2.0132,0.40,0.30
2008.04.07 10:28:10.961,2.0127,2.0132,0.40,0.30
2008.04.07 10:28:11.300,2.0127,2.0132,0.40,0.30
2008.04.07 10:28:11.636,2.0127,2.0132,0.40,0.30
2008.04.07 10:28:11.971,2.0127,2.01315,0.40,1.60
2008.04.07 10:28:12.304,2.0127,2.0132,0.40,0.80
2008.04.07 10:28:12.637,2.0127,2.0132,0.40,0.80
2008.04.07 10:28:12.864,2.0127,2.0132,0.40,1.00
2008.04.07 10:28:13.088,2.0127,2.0132,0.40,0.30
2008.04.07 10:28:13.351,2.0127,2.01325,0.40,4.20
2008.04.07 10:28:13.583,2.0127,2.01325,0.40,4.20
2008.04.07 10:28:13.841,2.0127,2.01325,0.40,4.20
2008.04.07 10:28:14.221,2.0127,2.01325,0.40,4.20
2008.04.07 10:28:14.596,2.0127,2.01325,0.40,4.20
2008.04.07 10:28:14.930,2.0127,2.01315,0.40,0.30
2008.04.07 10:28:15.164,2.0127,2.01315,0.40,0.30
2008.04.07 10:28:15.399,2.0127,2.0131,0.40,0.10
2008.04.07 10:28:15.679,2.0127,2.0131,0.40,0.10
2008.04.07 10:28:16.004,2.0127,2.0131,0.40,0.10
2008.04.07 10:28:16.369,2.0127,2.0131,0.40,0.10
2008.04.07 10:28:16.709,2.0127,2.0131,0.40,0.10
2008.04.07 10:28:17.050,2.0127,2.0131,0.40,0.10
2008.04.07 10:28:17.369,2.0127,2.0131,0.40,0.10
2008.04.07 10:28:17.695,2.0127,2.0131,0.40,0.10
2008.04.07 10:28:18.022,2.0127,2.0131,0.40,0.10
2008.04.07 10:28:18.303,2.0127,2.0131,0.40,0.10
2008.04.07 10:28:18.607,2.0127,2.0131,0.40,0.10
2008.04.07 10:28:18.922,2.0127,2.0131,0.40,0.10
2008.04.07 10:28:19.186,2.0127,2.0131,0.40,0.10
2008.04.07 10:28:19.422,2.0127,2.0131,0.40,0.10
2008.04.07 10:28:19.693,2.0127,2.0131,0.40,0.10
2008.04.07 10:28:19.954,2.0127,2.0131,0.40,0.10
2008.04.07 10:28:20.250,2.0127,2.0131,0.40,0.10
2008.04.07 10:28:20.553,2.0127,2.0131,0.40,0.10
2008.04.07 10:28:20.850,2.0127,2.0131,0.40,0.10
2008.04.07 10:28:21.185,2.0127,2.0131,0.40,0.10
2008.04.07 10:28:21.523,2.0128,2.0132,0.40,0.90
2008.04.07 10:28:21.902,2.0128,2.0132,0.40,0.90
2008.04.07 10:28:22.233,2.0128,2.0132,0.40,0.90
2008.04.07 10:28:22.565,2.0128,2.0132,0.40,0.90
2008.04.07 10:28:22.900,2.0128,2.0132,0.40,0.90
2008.04.07 10:28:23.132,2.0128,2.0132,0.40,0.90
2008.04.07 10:28:23.400,2.0128,2.0132,0.40,0.90
2008.04.07 10:28:23.667,2.0128,2.0132,0.40,0.90
2008.04.07 10:28:23.859,2.0128,2.0132,0.40,0.90
2008.04.07 10:28:24.189,2.0128,2.0132,0.40,0.90
2008.04.07 10:28:24.483,2.0128,2.0132,0.40,0.90
2008.04.07 10:28:24.777,2.0128,2.0132,0.40,0.90
2008.04.07 10:28:25.071,2.0128,2.0132,0.40,0.90
2008.04.07 10:28:25.359,2.0128,2.0132,0.40,0.90
2008.04.07 10:28:25.647,2.0128,2.0132,0.40,0.90
2008.04.07 10:28:25.937,2.0128,2.0132,0.40,0.90
2008.04.07 10:28:26.273,2.0126,2.0131,0.40,0.10
2008.04.07 10:28:26.606,2.0126,2.0131,0.40,0.10
2008.04.07 10:28:26.940,2.0126,2.0131,0.40,0.10
2008.04.07 10:28:27.274,2.0126,2.0131,0.40,0.10
2008.04.07 10:28:27.609,2.0126,2.0131,0.40,0.10
2008.04.07 10:28:27.944,2.0126,2.0131,0.40,0.10
2008.04.07 10:28:28.313,2.0126,2.0131,0.40,0.10
2008.04.07 10:28:28.568,2.0126,2.0131,0.40,0.10
2008.04.07 10:28:28.831,2.0126,2.0131,0.40,0.10
2008.04.07 10:28:29.014,2.0126,2.0131,0.40,0.10
2008.04.07 10:28:29.237,2.0126,2.0131,0.40,0.10
2008.04.07 10:28:29.531,2.0126,2.0131,0.40,0.10
2008.04.07 10:28:29.824,2.0126,2.0131,0.40,0.10
2008.04.07 10:28:30.119,2.0126,2.0131,0.40,0.10
2008.04.07 10:28:30.371,2.0126,2.0131,0.40,0.10
2008.04.07 10:28:30.626,2.0126,2.0131,0.40,0.10
2008.04.07 10:28:30.920,2.0126,2.0131,0.40,0.10
2008.04.07 10:28:31.175,2.0126,2.0131,0.40,0.10
2008.04.07 10:28:31.510,2.0126,2.0131,0.40,0.10
2008.04.07 10:28:31.845,2.0126,2.0131,0.40,0.10
2008.04.07 10:28:32.181,2.0126,2.0131,0.40,0.10
2008.04.07 10:28:32.427,2.0126,2.0131,0.40,0.10
2008.04.07 10:28:32.685,2.0126,2.0131,0.40,0.10
2008.04.07 10:28:32.944,2.0126,2.0131,0.40,0.10
2008.04.07 10:28:33.196,2.0126,2.0131,0.40,0.10
2008.04.07 10:28:33.510,2.0126,2.0131,0.40,0.10
2008.04.07 10:28:33.826,2.0126,2.0131,0.40,0.10
2008.04.07 10:28:34.143,2.0126,2.0131,0.40,0.10
2008.04.07 10:28:34.461,2.0126,2.0131,0.40,0.10
2008.04.07 10:28:34.720,2.0126,2.0131,0.40,0.10
2008.04.07 10:28:34.985,2.0126,2.0131,0.40,0.10
2008.04.07 10:28:35.249,2.0126,2.0131,0.40,0.10
2008.04.07 10:28:35.583,2.0126,2.0131,0.40,0.10
2008.04.07 10:28:35.917,2.0127,2.01315,0.40,1.80
2008.04.07 10:28:36.255,2.0127,2.01315,0.40,1.80
2008.04.07 10:28:36.592,2.0127,2.01315,0.40,1.60
2008.04.07 10:28:36.928,2.0127,2.0132,0.40,0.40
2008.04.07 10:28:37.261,2.0127,2.0132,0.40,0.40
2008.04.07 10:28:37.502,2.0127,2.0132,0.40,0.40
2008.04.07 10:28:37.761,2.0127,2.0132,0.40,0.40
2008.04.07 10:28:38.023,2.0127,2.0132,0.40,0.40
2008.04.07 10:28:38.209,2.0127,2.0132,0.40,0.40
2008.04.07 10:28:38.434,2.0127,2.0132,0.40,0.40
2008.04.07 10:28:38.724,2.0127,2.0132,0.40,0.40
2008.04.07 10:28:39.014,2.0127,2.0132,0.40,0.40
2008.04.07 10:28:39.303,2.0127,2.0132,0.40,0.40
2008.04.07 10:28:39.582,2.0127,2.0132,0.40,0.40
2008.04.07 10:28:39.885,2.0127,2.0132,0.40,0.40
2008.04.07 10:28:40.186,2.0127,2.0132,0.40,0.40
2008.04.07 10:28:40.466,2.0127,2.0132,0.40,0.40
2008.04.07 10:28:40.835,2.0127,2.0132,0.40,0.40
2008.04.07 10:28:41.169,2.0127,2.0132,0.40,0.40
2008.04.07 10:28:41.504,2.0127,2.0132,0.40,0.40
2008.04.07 10:28:41.838,2.0127,2.0132,0.40,0.40
2008.04.07 10:28:42.171,2.0127,2.0132,0.40,0.40
2008.04.07 10:28:42.506,2.0127,2.0132,0.40,0.40
2008.04.07 10:28:42.744,2.0127,2.0132,0.40,0.40
2008.04.07 10:28:42.983,2.0127,2.0132,0.40,0.40
2008.04.07 10:28:43.236,2.0127,2.0132,0.40,0.10
2008.04.07 10:28:43.478,2.0127,2.0132,0.40,0.10
2008.04.07 10:28:43.761,2.0127,2.0132,0.40,0.10
2008.04.07 10:28:44.047,2.0129,2.01325,0.40,1.60
2008.04.07 10:28:44.333,2.0129,2.01325,0.40,1.60
2008.04.07 10:28:44.620,2.0127,2.0132,0.40,0.40
2008.04.07 10:28:44.909,2.0127,2.0132,0.40,0.40
2008.04.07 10:28:45.199,2.0127,2.0132,0.40,0.40
2008.04.07 10:28:45.487,2.0127,2.0132,0.40,0.40
2008.04.07 10:28:45.778,2.0127,2.0132,0.40,0.40
2008.04.07 10:28:46.111,2.0127,2.0132,0.40,0.40
2008.04.07 10:28:46.446,2.0127,2.0132,0.40,0.40
2008.04.07 10:28:46.818,2.0127,2.0132,0.40,0.40
2008.04.07 10:28:47.164,2.0127,2.0132,0.40,0.40
2008.04.07 10:28:47.516,2.0127,2.0132,0.40,0.40
2008.04.07 10:28:47.853,2.0127,2.0132,0.40,0.40
2008.04.07 10:28:48.103,2.0127,2.0132,0.40,0.40
2008.04.07 10:28:48.272,2.0127,2.0132,0.40,0.40
2008.04.07 10:28:48.482,2.0127,2.0132,0.40,0.40
2008.04.07 10:28:48.690,2.0127,2.0132,0.40,0.40
2008.04.07 10:28:48.901,2.0127,2.0132,0.40,0.40
2008.04.07 10:28:49.231,2.0127,2.0132,0.40,0.40
2008.04.07 10:28:49.561,2.0127,2.0132,0.40,0.40
2008.04.07 10:28:49.890,2.0127,2.0132,0.40,0.10
2008.04.07 10:28:50.120,2.0127,2.0132,0.40,0.10
2008.04.07 10:28:50.349,2.0127,2.0132,0.40,0.10
2008.04.07 10:28:50.583,2.0127,2.0132,0.40,0.10
2008.04.07 10:28:50.846,2.0127,2.0132,0.40,0.10
2008.04.07 10:28:51.181,2.0127,2.0132,0.40,0.10
2008.04.07 10:28:51.515,2.0127,2.0132,0.40,0.10
2008.04.07 10:28:51.847,2.0127,2.0132,0.40,0.10
2008.04.07 10:28:52.183,2.0127,2.0132,0.40,0.10
2008.04.07 10:28:52.517,2.0127,2.0132,0.40,0.10
2008.04.07 10:28:52.852,2.0127,2.0132,0.40,0.10
2008.04.07 10:28:53.077,2.0127,2.0132,0.40,0.10
2008.04.07 10:28:53.302,2.0127,2.0132,0.40,0.10
2008.04.07 10:28:53.526,2.0127,2.0132,0.40,0.10
2008.04.07 10:28:53.751,2.0127,2.0132,0.40,0.10
2008.04.07 10:28:54.004,2.0127,2.0132,0.40,0.10
2008.04.07 10:28:54.336,2.0127,2.0132,0.40,0.10
2008.04.07 10:28:54.704,2.0127,2.0132,0.40,0.10
2008.04.07 10:28:55.077,2.0127,2.0132,0.40,0.10
2008.04.07 10:28:55.288,2.0127,2.0132,0.40,0.10
2008.04.07 10:28:55.465,2.0127,2.0132,0.40,0.10
2008.04.07 10:28:55.680,2.0127,2.0132,0.40,0.10
2008.04.07 10:28:55.894,2.0127,2.0132,0.40,0.10
2008.04.07 10:28:56.227,2.0127,2.0132,0.40,0.10
2008.04.07 10:28:56.560,2.0127,2.0132,0.40,0.10
2008.04.07 10:28:56.894,2.0127,2.0132,0.40,0.10
2008.04.07 10:28:57.227,2.0127,2.0132,0.40,0.10
2008.04.07 10:28:57.562,2.0127,2.0132,0.40,0.10
2008.04.07 10:28:57.895,2.0127,2.0132,0.40,0.10
2008.04.07 10:28:58.229,2.0127,2.0132,0.40,0.10
2008.04.07 10:28:58.460,2.0127,2.0132,0.40,0.10
2008.04.07 10:28:58.688,2.0127,2.0132,0.40,0.10
2008.04.07 10:28:58.935,2.0127,2.0132,0.40,0.10
2008.04.07 10:28:59.250,2.0127,2.0132,0.40,0.10
2008.04.07 10:28:59.566,2.0127,2.0132,0.40,0.10
2008.04.07 10:28:59.895,2.0127,2.0132,0.40,0.10
2008.04.07 10:29:00.124,2.0127,2.0132,0.40,0.10
2008.04.07 10:29:00.439,2.0127,2.0132,0.40,0.10
2008.04.07 10:29:00.720,2.0127,2.0132,0.40,0.10
2008.04.07 10:29:00.963,2.0127,2.0132,0.40,0.10
2008.04.07 10:29:01.281,2.0127,2.0132,0.40,0.10
2008.04.07 10:29:01.628,2.0127,2.0132,0.40,0.10
2008.04.07 10:29:01.962,2.0127,2.0132,0.40,0.10
2008.04.07 10:29:02.295,2.0127,2.0132,0.40,0.10
2008.04.07 10:29:02.628,2.0127,2.0132,0.40,0.10
2008.04.07 10:29:02.962,2.0127,2.0132,0.40,0.10
2008.04.07 10:29:03.332,2.0127,2.0132,0.40,0.10
2008.04.07 10:29:03.607,2.0127,2.0132,0.40,0.10
2008.04.07 10:29:03.868,2.0127,2.0132,0.40,0.10
2008.04.07 10:29:04.099,2.0128,2.0132,0.40,0.10
2008.04.07 10:29:04.389,2.0128,2.0132,0.40,0.10
2008.04.07 10:29:04.681,2.0128,2.0132,0.40,0.10
2008.04.07 10:29:04.971,2.0128,2.0132,0.40,0.10
2008.04.07 10:29:05.264,2.0128,2.0132,0.40,0.10
2008.04.07 10:29:05.538,2.0128,2.0132,0.40,0.10
2008.04.07 10:29:05.845,2.0128,2.0132,0.40,0.10
2008.04.07 10:29:06.125,2.0128,2.0132,0.40,0.40
2008.04.07 10:29:06.435,2.0128,2.0132,0.40,0.10
2008.04.07 10:29:06.770,2.0128,2.0132,0.40,0.10
2008.04.07 10:29:07.107,2.0128,2.0132,0.40,0.10
2008.04.07 10:29:07.443,2.0128,2.0132,0.40,0.10
2008.04.07 10:29:07.687,2.0128,2.0132,0.40,0.10
2008.04.07 10:29:07.970,2.0128,2.0132,0.40,0.10
2008.04.07 10:29:08.217,2.0128,2.0132,0.40,0.10
2008.04.07 10:29:08.478,2.0128,2.0132,0.40,0.10
2008.04.07 10:29:08.716,2.0128,2.0132,0.40,0.10
2008.04.07 10:29:08.967,2.0128,2.0132,0.40,0.10
2008.04.07 10:29:09.215,2.0128,2.0132,0.40,0.10
2008.04.07 10:29:09.541,2.0128,2.0132,0.40,0.10
2008.04.07 10:29:09.865,2.0128,2.0132,0.40,0.10
2008.04.07 10:29:10.190,2.0128,2.0132,0.40,0.10
2008.04.07 10:29:10.514,2.0128,2.0132,0.40,0.10
2008.04.07 10:29:10.828,2.0128,2.0132,0.40,0.10
2008.04.07 10:29:11.142,2.0128,2.0132,0.40,0.10
2008.04.07 10:29:11.456,2.0128,2.0132,0.40,0.10
2008.04.07 10:29:11.790,2.0128,2.0132,0.40,0.10
2008.04.07 10:29:12.125,2.0128,2.0132,0.40,0.10
2008.04.07 10:29:12.462,2.0128,2.0132,0.40,0.10
2008.04.07 10:29:12.688,2.0128,2.0132,0.40,0.10
2008.04.07 10:29:14.193,2.0128,2.0132,0.40,0.10
2008.04.07 10:29:14.270,2.0128,2.0132,0.40,0.10
2008.04.07 10:29:14.380,2.0128,2.0132,0.40,0.10
2008.04.07 10:29:14.492,2.0128,2.0132,0.40,0.10
2008.04.07 10:29:14.608,2.0128,2.0132,0.40,0.10
2008.04.07 10:29:14.682,2.0128,2.0132,0.40,0.10
2008.04.07 10:29:14.762,2.0128,2.0132,0.40,0.10
2008.04.07 10:29:14.862,2.0128,2.0132,0.40,0.10
2008.04.07 10:29:14.986,2.0128,2.0132,0.40,0.10
2008.04.07 10:29:15.093,2.0128,2.0132,0.40,0.10
2008.04.07 10:29:15.200,2.0128,2.0132,0.40,0.10
2008.04.07 10:29:15.245,2.0128,2.0132,0.40,0.10
2008.04.07 10:29:15.579,2.0128,2.0132,0.40,0.10
2008.04.07 10:29:15.913,2.0128,2.0132,0.40,0.10
2008.04.07 10:29:16.247,2.0128,2.0132,0.40,0.10
2008.04.07 10:29:16.581,2.0128,2.0132,0.40,0.10
2008.04.07 10:29:16.915,2.0128,2.0132,0.40,0.10
2008.04.07 10:29:17.249,2.0128,2.0132,0.40,0.10
2008.04.07 10:29:17.474,2.0128,2.0132,0.40,0.10
2008.04.07 10:29:17.705,2.0128,2.0132,0.40,0.10
2008.04.07 10:29:17.933,2.0128,2.0132,0.40,0.10
2008.04.07 10:29:18.161,2.0128,2.0132,0.40,0.10
2008.04.07 10:29:18.390,2.0128,2.0132,0.40,0.10
2008.04.07 10:29:18.763,2.0128,2.0132,0.40,0.10
2008.04.07 10:29:19.097,2.0128,2.0132,0.40,0.10
2008.04.07 10:29:19.432,2.0128,2.0132,0.40,0.10
2008.04.07 10:29:19.677,2.0128,2.0132,0.40,0.10
2008.04.07 10:29:19.920,2.0128,2.0132,0.40,0.10
2008.04.07 10:29:20.166,2.0128,2.0132,0.40,0.10
2008.04.07 10:29:20.409,2.0128,2.0132,0.40,0.10
2008.04.07 10:29:20.714,2.0128,2.0132,0.40,0.10
2008.04.07 10:29:21.055,2.0128,2.0132,0.40,0.10
2008.04.07 10:29:21.359,2.0128,2.0132,0.40,0.10
2008.04.07 10:29:21.696,2.0128,2.0132,0.40,0.10
2008.04.07 10:29:22.030,2.0128,2.0132,0.40,0.10
2008.04.07 10:29:22.363,2.0128,2.0132,0.40,0.10
2008.04.07 10:29:22.574,2.0128,2.0132,0.40,0.10
2008.04.07 10:29:22.782,2.0128,2.0132,0.40,0.10
2008.04.07 10:29:23.018,2.0128,2.0132,0.40,0.10
2008.04.07 10:29:23.268,2.0128,2.0132,0.40,0.10
2008.04.07 10:29:23.514,2.0128,2.0132,0.40,0.10
2008.04.07 10:29:23.881,2.0128,2.0132,0.40,0.10
2008.04.07 10:29:24.253,2.0128,2.0132,0.40,0.10
2008.04.07 10:29:24.588,2.0128,2.0132,0.40,0.10
2008.04.07 10:29:24.850,2.0128,2.0132,0.40,0.10
2008.04.07 10:29:25.038,2.0128,2.0132,0.40,0.10
2008.04.07 10:29:25.262,2.0128,2.0132,0.40,0.10
2008.04.07 10:29:25.487,2.0128,2.0132,0.40,0.10
2008.04.07 10:29:25.710,2.0128,2.0132,0.40,0.10
2008.04.07 10:29:26.044,2.0128,2.0132,0.40,0.10
2008.04.07 10:29:26.379,2.0128,2.0132,0.40,0.10
2008.04.07 10:29:26.713,2.0128,2.0132,0.40,0.10
2008.04.07 10:29:27.047,2.0128,2.0132,0.40,0.10
2008.04.07 10:29:27.381,2.0128,2.0132,0.40,0.40
2008.04.07 10:29:27.716,2.0128,2.0132,0.40,0.40
2008.04.07 10:29:27.960,2.0128,2.0132,0.40,0.40
2008.04.07 10:29:28.188,2.0128,2.0132,0.40,0.40
2008.04.07 10:29:28.416,2.0128,2.0132,0.40,0.40
2008.04.07 10:29:28.645,2.0128,2.0132,0.40,0.40
2008.04.07 10:29:28.929,2.0128,2.0132,0.40,0.40
2008.04.07 10:29:29.214,2.0128,2.0132,0.40,0.40
2008.04.07 10:29:29.505,2.0127,2.01315,0.40,1.60
2008.04.07 10:29:29.790,2.0127,2.01315,0.40,1.60
2008.04.07 10:29:30.082,2.0127,2.01315,0.40,1.60
2008.04.07 10:29:30.370,2.0127,2.01315,0.40,1.80
2008.04.07 10:29:30.660,2.0127,2.01315,0.40,1.80
2008.04.07 10:29:30.985,2.0127,2.01315,0.40,1.80
2008.04.07 10:29:31.302,2.0127,2.01315,0.40,1.80
2008.04.07 10:29:31.630,2.0127,2.01315,0.40,1.80
2008.04.07 10:29:31.940,2.0127,2.01315,0.40,1.80
2008.04.07 10:29:32.306,2.0127,2.01315,0.40,1.80
2008.04.07 10:29:32.677,2.0127,2.01315,0.40,1.80
2008.04.07 10:29:32.881,2.0127,2.01315,0.40,1.80
2008.04.07 10:29:33.082,2.0127,2.01315,0.40,1.80
2008.04.07 10:29:33.208,2.0127,2.01315,0.40,1.80
2008.04.07 10:29:33.373,2.0127,2.01315,0.40,1.80
2008.04.07 10:29:33.539,2.0127,2.01315,0.40,1.80
2008.04.07 10:29:33.707,2.0127,2.01315,0.40,1.80
2008.04.07 10:29:34.043,2.0127,2.01315,0.40,1.80
2008.04.07 10:29:34.377,2.0127,2.01315,0.40,1.80
2008.04.07 10:29:34.711,2.0127,2.01315,0.40,1.80
2008.04.07 10:29:34.946,2.0127,2.01315,0.40,1.80
2008.04.07 10:29:35.181,2.0127,2.01315,0.40,1.80
2008.04.07 10:29:35.414,2.0127,2.01315,0.40,1.80
2008.04.07 10:29:35.649,2.0127,2.01315,0.40,1.80
2008.04.07 10:29:35.884,2.0127,2.01315,0.40,1.80
2008.04.07 10:29:36.218,2.0127,2.01315,0.40,1.80
2008.04.07 10:29:36.552,2.0127,2.01315,0.40,1.80
2008.04.07 10:29:36.886,2.0127,2.01315,0.40,1.80
2008.04.07 10:29:37.220,2.0127,2.01315,0.40,1.80
2008.04.07 10:29:37.555,2.0127,2.01315,0.40,1.80
2008.04.07 10:29:37.889,2.0127,2.01315,0.40,1.80
2008.04.07 10:29:38.098,2.0127,2.01315,0.40,1.80
2008.04.07 10:29:38.307,2.0127,2.01315,0.40,1.80
2008.04.07 10:29:38.533,2.0127,2.01315,0.40,1.80
2008.04.07 10:29:38.778,2.0127,2.01315,0.40,1.80
2008.04.07 10:29:39.116,2.0127,2.01315,0.40,1.80
2008.04.07 10:29:39.482,2.0127,2.01315,0.40,1.80
2008.04.07 10:29:39.818,2.0127,2.01315,0.40,1.60
2008.04.07 10:29:40.046,2.0127,2.0132,0.40,0.10
2008.04.07 10:29:40.279,2.0129,2.01325,0.40,2.00
2008.04.07 10:29:40.508,2.0129,2.01325,0.40,2.00
2008.04.07 10:29:40.737,2.0129,2.01325,0.40,2.00
2008.04.07 10:29:40.966,2.0129,2.01325,0.40,2.00
2008.04.07 10:29:41.299,2.0129,2.01325,0.40,2.00
2008.04.07 10:29:41.633,2.0129,2.01325,0.40,2.00
2008.04.07 10:29:41.986,2.0129,2.01325,0.40,2.00
2008.04.07 10:29:42.357,2.0129,2.01325,0.40,2.00
2008.04.07 10:29:42.728,2.0129,2.01325,0.40,2.00
2008.04.07 10:29:43.100,2.0129,2.01325,0.40,2.00
2008.04.07 10:29:43.359,2.0129,2.01325,0.40,2.00
2008.04.07 10:29:43.536,2.0129,2.01325,0.40,2.00
2008.04.07 10:29:43.756,2.0129,2.01325,0.40,2.00
2008.04.07 10:29:43.976,2.0129,2.01325,0.40,2.00
2008.04.07 10:29:44.239,2.0129,2.01325,0.40,2.00
2008.04.07 10:29:46.030,2.0129,2.01325,0.40,0.80
2008.04.07 10:29:46.108,2.01275,2.01335,1.60,0.30
2008.04.07 10:29:46.187,2.01275,2.01335,1.60,0.30
2008.04.07 10:29:46.353,2.01275,2.01335,1.60,0.30
2008.04.07 10:29:46.461,2.01275,2.01335,1.60,0.30
2008.04.07 10:29:46.579,2.01275,2.01335,1.60,0.30
2008.04.07 10:29:46.695,2.01275,2.01335,1.60,0.30
2008.04.07 10:29:46.809,2.01275,2.01335,1.60,0.30
2008.04.07 10:29:46.851,2.01275,2.01335,1.60,0.30
2008.04.07 10:29:46.951,2.01275,2.01335,1.60,0.30
2008.04.07 10:29:47.086,2.01275,2.01335,1.60,0.30
2008.04.07 10:29:47.421,2.0128,2.01335,0.40,0.30
2008.04.07 10:29:47.756,2.01285,2.01345,0.10,2.40
2008.04.07 10:29:48.090,2.01285,2.01345,1.60,0.30
2008.04.07 10:29:48.314,2.0129,2.01345,0.40,0.30
2008.04.07 10:29:48.576,2.01295,2.01355,0.10,1.80
2008.04.07 10:29:48.810,2.01295,2.01355,0.10,1.80
2008.04.07 10:29:49.070,2.01295,2.01355,0.10,1.80
2008.04.07 10:29:49.379,2.0131,2.01355,0.40,1.80
2008.04.07 10:29:49.689,2.0131,2.01355,0.40,1.80
2008.04.07 10:29:49.998,2.0131,2.01355,0.40,1.80
2008.04.07 10:29:50.308,2.0131,2.01355,0.40,1.80
2008.04.07 10:29:50.558,2.0131,2.01355,0.40,1.80
2008.04.07 10:29:50.814,2.0131,2.01355,0.40,1.80
2008.04.07 10:29:51.127,2.0131,2.01355,0.40,1.80
2008.04.07 10:29:51.379,2.0131,2.01355,0.40,1.80
2008.04.07 10:29:51.714,2.0131,2.01355,0.40,1.80
2008.04.07 10:29:52.054,2.0131,2.01355,0.40,1.80
2008.04.07 10:29:52.438,2.0131,2.01355,0.40,1.80
2008.04.07 10:29:52.651,2.0131,2.01355,0.40,1.80
2008.04.07 10:29:52.865,2.0131,2.01355,0.40,1.60
2008.04.07 10:29:53.080,2.0131,2.01355,0.40,1.60
2008.04.07 10:29:53.295,2.0131,2.01355,0.40,1.80
2008.04.07 10:29:53.607,2.0131,2.01355,0.40,1.80
2008.04.07 10:29:53.933,2.0131,2.01345,0.40,0.30
2008.04.07 10:29:54.245,2.0131,2.01345,0.40,1.20
2008.04.07 10:29:54.541,2.0131,2.01345,0.40,1.70
2008.04.07 10:29:54.800,2.0131,2.01345,0.40,2.00
2008.04.07 10:29:55.063,2.0129,2.01345,0.40,1.40
2008.04.07 10:29:55.324,2.0129,2.01345,0.40,0.30
2008.04.07 10:29:55.615,2.0129,2.01345,0.40,0.30
2008.04.07 10:29:55.904,2.0129,2.01345,0.40,0.30
2008.04.07 10:29:56.230,2.0129,2.0134,0.40,0.30
2008.04.07 10:29:56.555,2.0129,2.0134,0.40,0.40
2008.04.07 10:29:56.889,2.0129,2.0134,0.40,0.40
2008.04.07 10:29:57.223,2.0129,2.0134,0.40,0.40
2008.04.07 10:29:57.596,2.0129,2.0134,0.40,0.40
2008.04.07 10:29:57.864,2.0129,2.0134,0.40,0.40
2008.04.07 10:29:58.043,2.0129,2.0134,0.40,0.40
2008.04.07 10:29:58.268,2.0129,2.0134,0.40,0.40
2008.04.07 10:29:58.492,2.0129,2.0134,0.40,0.40
2008.04.07 10:29:58.770,2.0129,2.0134,0.40,0.40
2008.04.07 10:29:59.051,2.0129,2.0133,0.40,0.30
2008.04.07 10:29:59.330,2.0129,2.0133,0.40,0.30
2008.04.07 10:29:59.609,2.0128,2.0133,0.40,0.40
2008.04.07 10:30:01.170,2.0128,2.01325,0.40,0.30
2008.04.07 10:30:01.226,2.0128,2.01325,0.40,0.30
2008.04.07 10:30:01.279,2.0128,2.01325,0.40,0.30
2008.04.07 10:30:01.335,2.0128,2.01325,0.40,0.30
2008.04.07 10:30:01.432,2.0128,2.01325,0.40,0.30
2008.04.07 10:30:01.454,2.0128,2.01325,0.40,0.30
2008.04.07 10:30:01.561,2.0128,2.01325,0.40,0.30
2008.04.07 10:30:01.697,2.0128,2.01325,0.40,0.30
2008.04.07 10:30:01.779,2.0128,2.01325,0.40,0.30
2008.04.07 10:30:01.947,2.0128,2.01325,0.40,0.30
2008.04.07 10:30:02.003,2.0128,2.01325,0.40,0.30
2008.04.07 10:30:02.178,2.0128,2.01325,0.40,0.30
2008.04.07 10:30:02.227,2.0128,2.01325,0.40,0.30
2008.04.07 10:30:02.563,2.0128,2.01325,0.40,0.30
2008.04.07 10:30:02.898,2.0128,2.01325,0.40,0.30
2008.04.07 10:30:03.260,2.0128,2.01325,0.40,0.30
2008.04.07 10:30:03.537,2.0128,2.01325,0.40,0.30
2008.04.07 10:30:03.824,2.0128,2.01325,0.40,0.30
2008.04.07 10:30:04.053,2.0128,2.01325,0.40,0.30
2008.04.07 10:30:04.310,2.0128,2.01325,0.40,0.30
2008.04.07 10:30:04.622,2.0128,2.01325,0.40,0.30
2008.04.07 10:30:04.936,2.0128,2.01325,0.40,2.00
2008.04.07 10:30:05.285,2.0128,2.01325,0.40,2.00
2008.04.07 10:30:05.540,2.0128,2.01315,0.40,0.30
2008.04.07 10:30:05.793,2.0128,2.01325,0.40,3.60
2008.04.07 10:30:06.041,2.0128,2.01325,0.40,3.60
2008.04.07 10:30:06.293,2.0128,2.01315,0.40,0.30
2008.04.07 10:30:06.628,2.0128,2.01315,0.40,0.30
2008.04.07 10:30:06.964,2.0128,2.01325,0.40,2.40
2008.04.07 10:30:07.298,2.0128,2.01325,0.40,1.80
2008.04.07 10:30:07.521,2.0128,2.01325,0.40,1.80
2008.04.07 10:30:07.741,2.0128,2.01325,0.40,0.30
2008.04.07 10:30:07.961,2.0128,2.0133,0.40,0.10
2008.04.07 10:30:08.179,2.0128,2.0133,0.40,0.10
2008.04.07 10:30:08.399,2.013,2.0133,0.40,0.60
2008.04.07 10:30:08.734,2.013,2.0132,0.40,0.10
2008.04.07 10:30:09.069,2.013,2.0132,0.40,0.10
2008.04.07 10:30:09.405,2.0128,2.0132,0.40,0.10
2008.04.07 10:30:09.626,2.0128,2.0132,0.40,0.10
2008.04.07 10:30:09.836,2.0128,2.0132,0.40,0.10
2008.04.07 10:30:10.049,2.01265,2.013,4.00,0.10
2008.04.07 10:30:10.264,2.01265,2.013,2.40,0.10
2008.04.07 10:30:10.479,2.01265,2.013,2.40,0.10
2008.04.07 10:30:10.815,2.0127,2.0131,0.40,0.10
2008.04.07 10:30:11.150,2.0127,2.0131,0.40,0.10
2008.04.07 10:30:11.522,2.0129,2.01325,0.40,1.70
2008.04.07 10:30:11.853,2.0129,2.0132,0.40,0.10
2008.04.07 10:30:12.183,2.0128,2.0132,0.40,0.10
2008.04.07 10:30:12.514,2.0128,2.0132,0.40,0.10
2008.04.07 10:30:12.746,2.0128,2.01315,0.40,0.60
2008.04.07 10:30:12.977,2.0128,2.01315,0.40,1.20
2008.04.07 10:30:13.206,2.0128,2.01315,0.40,3.30
2008.04.07 10:30:13.439,2.01285,2.0131,0.10,0.10
2008.04.07 10:30:13.679,2.0129,2.0132,0.40,0.50
2008.04.07 10:30:14.018,2.0129,2.0132,0.40,0.50
2008.04.07 10:30:14.393,2.0128,2.0133,0.40,0.10
2008.04.07 10:30:14.737,2.0128,2.01325,0.40,2.20
2008.04.07 10:30:14.985,2.0128,2.01325,0.40,2.80
2008.04.07 10:30:15.200,2.0128,2.0132,0.40,0.50
2008.04.07 10:30:15.416,2.0128,2.0132,0.40,0.50
2008.04.07 10:30:15.631,2.0128,2.0132,0.40,0.50
2008.04.07 10:30:15.968,2.0129,2.0132,0.40,0.50
2008.04.07 10:30:16.304,2.0129,2.0132,0.40,0.50
2008.04.07 10:30:16.638,2.0129,2.0133,0.40,0.50
2008.04.07 10:30:16.973,2.0129,2.0133,0.40,0.50
2008.04.07 10:30:17.308,2.0129,2.0133,0.40,0.50
2008.04.07 10:30:17.646,2.0129,2.01335,0.40,1.70
2008.04.07 10:30:17.873,2.0129,2.01335,0.40,1.70
2008.04.07 10:30:18.098,2.0129,2.01335,0.40,2.00
2008.04.07 10:30:18.322,2.0129,2.01335,0.40,1.70
2008.04.07 10:30:18.546,2.0129,2.01335,0.40,1.70
2008.04.07 10:30:18.771,2.0129,2.01335,0.40,1.70
2008.04.07 10:30:19.093,2.0129,2.01335,0.40,1.70
2008.04.07 10:30:19.417,2.0129,2.01335,0.40,2.00
2008.04.07 10:30:19.742,2.0129,2.01335,0.40,2.00
2008.04.07 10:30:20.008,2.0129,2.01335,0.40,0.80
2008.04.07 10:30:20.302,2.0129,2.01335,0.40,0.50
2008.04.07 10:30:20.562,2.013,2.01345,0.40,1.20
2008.04.07 10:30:20.822,2.013,2.0135,0.50,0.50
2008.04.07 10:30:21.157,2.013,2.0135,0.50,0.50
2008.04.07 10:30:21.493,2.013,2.01345,0.40,5.40
2008.04.07 10:30:21.867,2.013,2.0133,0.40,0.10
2008.04.07 10:30:22.202,2.0129,2.0132,0.40,0.10
2008.04.07 10:30:22.537,2.013,2.0133,0.40,0.50
2008.04.07 10:30:22.909,2.0129,2.0133,0.40,0.50
2008.04.07 10:30:23.165,2.0129,2.0133,0.40,0.50
2008.04.07 10:30:23.384,2.0129,2.0133,0.40,0.50
2008.04.07 10:30:23.609,2.0129,2.0134,0.40,0.90
2008.04.07 10:30:23.835,2.013,2.0134,0.40,0.50
2008.04.07 10:30:24.160,2.013,2.0134,0.40,0.50
2008.04.07 10:30:24.486,2.013,2.0134,0.40,0.50
2008.04.07 10:30:24.825,2.0129,2.0134,0.40,0.60
2008.04.07 10:30:25.052,2.0129,2.0134,0.40,0.60
2008.04.07 10:30:25.280,2.0129,2.0134,0.40,0.60
2008.04.07 10:30:25.509,2.0129,2.0134,0.40,0.60
2008.04.07 10:30:25.738,2.0129,2.0134,0.40,0.90
2008.04.07 10:30:25.966,2.0129,2.0134,0.40,0.90
2008.04.07 10:30:26.339,2.0129,2.0134,0.50,0.10
2008.04.07 10:30:26.674,2.013,2.0134,0.40,0.10
2008.04.07 10:30:27.010,2.013,2.0134,0.40,0.10
2008.04.07 10:30:27.352,2.0131,2.01345,0.40,0.50
2008.04.07 10:30:27.676,2.0131,2.01355,0.40,2.60
2008.04.07 10:30:28.000,2.0131,2.0135,0.40,0.50
2008.04.07 10:30:28.250,2.0131,2.0135,0.40,0.50
2008.04.07 10:30:28.534,2.0131,2.0135,0.40,0.50
2008.04.07 10:30:28.823,2.0131,2.0135,0.40,0.50
2008.04.07 10:30:29.102,2.0131,2.0135,0.40,0.50
2008.04.07 10:30:29.367,2.0131,2.0135,0.40,0.50
2008.04.07 10:30:29.636,2.0131,2.0135,0.40,0.50
2008.04.07 10:30:29.898,2.0131,2.01345,0.40,0.60
2008.04.07 10:30:30.203,2.0131,2.01345,0.40,2.00
2008.04.07 10:30:30.507,2.0131,2.01345,0.40,2.00
2008.04.07 10:30:30.811,2.013,2.01345,0.40,2.00
2008.04.07 10:30:31.115,2.013,2.01345,0.40,2.00
2008.04.07 10:30:31.449,2.013,2.01345,0.40,2.00
2008.04.07 10:30:31.784,2.013,2.01345,0.50,0.50
2008.04.07 10:30:32.118,2.013,2.01345,0.50,0.50
2008.04.07 10:30:32.453,2.0131,2.01345,0.40,0.30
2008.04.07 10:30:32.787,2.0131,2.01345,0.40,1.20
2008.04.07 10:30:33.123,2.0133,2.01345,0.40,1.20
2008.04.07 10:30:33.347,2.0133,2.01345,0.40,0.60
2008.04.07 10:30:33.609,2.0131,2.0135,0.40,0.40
2008.04.07 10:30:33.835,2.0131,2.0135,0.40,0.40
2008.04.07 10:30:34.060,2.0131,2.0134,0.40,0.30
2008.04.07 10:30:34.396,2.0131,2.01335,0.40,4.00
2008.04.07 10:30:34.729,2.0129,2.0133,0.40,0.40
2008.04.07 10:30:35.063,2.0129,2.0133,0.40,0.40
2008.04.07 10:30:35.303,2.0129,2.0133,0.40,0.40
2008.04.07 10:30:35.542,2.0129,2.0133,0.40,0.40
2008.04.07 10:30:35.780,2.0129,2.0133,0.40,0.40
2008.04.07 10:30:36.021,2.01295,2.0133,0.80,0.10
2008.04.07 10:30:36.582,2.013,2.0133,0.40,0.10
2008.04.07 10:30:36.922,2.0131,2.0135,0.40,0.40
2008.04.07 10:30:37.258,2.0131,2.01345,0.40,1.70
2008.04.07 10:30:37.522,2.0132,2.01345,0.40,1.70
2008.04.07 10:30:37.778,2.0131,2.01355,0.40,2.00
2008.04.07 10:30:38.032,2.0131,2.01355,0.40,1.70
2008.04.07 10:30:38.287,2.0131,2.01355,0.40,1.70
2008.04.07 10:30:38.580,2.0131,2.01355,0.40,1.70
2008.04.07 10:30:38.896,2.0131,2.01355,0.40,1.70
2008.04.07 10:30:39.224,2.0131,2.01355,0.40,1.70
2008.04.07 10:30:39.479,2.0131,2.01355,0.40,1.70
2008.04.07 10:30:39.775,2.0131,2.01355,0.40,1.70
2008.04.07 10:30:40.064,2.0131,2.01355,0.40,1.70
2008.04.07 10:30:40.352,2.0131,2.01355,0.40,1.70
2008.04.07 10:30:40.648,2.0131,2.01355,0.40,1.70
2008.04.07 10:30:40.949,2.0131,2.01355,0.40,1.70
2008.04.07 10:30:41.249,2.0131,2.01355,0.40,1.70
2008.04.07 10:30:41.582,2.0131,2.01355,0.40,1.70
2008.04.07 10:30:41.916,2.0131,2.01355,0.40,1.70
2008.04.07 10:30:42.251,2.0131,2.0136,0.40,0.10
2008.04.07 10:30:42.496,2.0131,2.0136,0.40,0.10
2008.04.07 10:30:42.740,2.0132,2.0134,0.40,0.10
2008.04.07 10:30:43.024,2.0132,2.0134,0.40,0.10
2008.04.07 10:30:43.268,2.0132,2.01355,0.40,0.80
2008.04.07 10:30:43.513,2.0132,2.01355,0.40,0.80
2008.04.07 10:30:43.802,2.0132,2.01355,0.40,0.80
2008.04.07 10:30:44.092,2.0132,2.0136,0.40,0.60
2008.04.07 10:30:44.381,2.0132,2.0136,0.40,0.60
2008.04.07 10:30:44.672,2.0132,2.0136,0.40,0.50
2008.04.07 10:30:44.960,2.0132,2.0136,0.40,0.50
2008.04.07 10:30:45.251,2.0132,2.0136,0.40,0.60
2008.04.07 10:30:45.541,2.0132,2.01345,0.40,0.80
2008.04.07 10:30:45.789,2.0132,2.01345,0.40,0.80
2008.04.07 10:30:46.040,2.0132,2.01345,0.40,0.80
2008.04.07 10:30:46.288,2.0132,2.0136,0.40,0.10
2008.04.07 10:30:46.538,2.0132,2.0136,0.40,0.60
2008.04.07 10:30:46.871,2.0132,2.0136,0.40,0.60
2008.04.07 10:30:47.205,2.0132,2.0136,0.40,0.60
2008.04.07 10:30:47.572,2.0132,2.0136,0.40,0.10
2008.04.07 10:30:47.812,2.0132,2.0136,0.40,0.10
2008.04.07 10:30:48.051,2.0132,2.0136,0.40,0.10
2008.04.07 10:30:48.290,2.0132,2.0136,0.40,0.60
2008.04.07 10:30:48.530,2.0132,2.0136,0.40,0.60
2008.04.07 10:30:48.850,2.0132,2.0136,0.40,0.60
2008.04.07 10:30:49.175,2.0132,2.0136,0.40,0.60
2008.04.07 10:30:49.489,2.0132,2.0136,0.40,0.60
2008.04.07 10:30:49.743,2.0132,2.0136,0.40,0.60
2008.04.07 10:30:49.997,2.0132,2.0136,0.40,0.60
2008.04.07 10:30:50.260,2.0132,2.0136,0.40,0.60
2008.04.07 10:30:50.516,2.0132,2.01355,0.40,0.80
2008.04.07 10:30:50.828,2.0132,2.01355,0.40,1.20
2008.04.07 10:30:51.136,2.0132,2.01355,0.40,1.20
2008.04.07 10:30:51.447,2.0132,2.01355,0.40,1.20
2008.04.07 10:30:51.783,2.0132,2.01355,0.40,1.20
2008.04.07 10:30:52.118,2.0132,2.01355,0.40,1.20
2008.04.07 10:30:52.454,2.0132,2.01355,0.40,1.20
2008.04.07 10:30:52.679,2.0132,2.0136,0.40,0.60
2008.04.07 10:30:52.903,2.0132,2.0136,0.40,0.60
2008.04.07 10:30:53.129,2.0132,2.0136,0.40,0.60
2008.04.07 10:30:53.353,2.0132,2.0136,0.40,0.60
2008.04.07 10:30:53.577,2.0132,2.0136,0.40,0.60
2008.04.07 10:30:53.894,2.0132,2.0136,0.40,0.60
2008.04.07 10:30:54.209,2.0132,2.0136,0.40,0.60
2008.04.07 10:30:54.523,2.0132,2.0136,0.40,0.60
2008.04.07 10:30:54.767,2.0132,2.0136,0.40,0.60
2008.04.07 10:30:55.011,2.0132,2.0136,0.40,0.60
2008.04.07 10:30:55.265,2.0132,2.0136,0.40,0.60
2008.04.07 10:30:55.509,2.0132,2.0136,0.40,0.60
2008.04.07 10:30:55.845,2.0132,2.0136,0.40,0.60
2008.04.07 10:30:56.219,2.0132,2.0136,0.40,0.60
2008.04.07 10:30:56.512,2.01315,2.0134,0.10,0.10
2008.04.07 10:30:56.846,2.01315,2.0134,0.10,0.10
2008.04.07 10:30:57.174,2.013,2.0134,0.50,0.10
2008.04.07 10:30:57.505,2.013,2.0135,0.50,0.10
2008.04.07 10:30:57.837,2.013,2.0135,0.50,0.10
2008.04.07 10:30:58.084,2.01305,2.0135,0.10,0.10
2008.04.07 10:30:58.332,2.01295,2.0135,0.10,0.10
2008.04.07 10:30:58.575,2.0129,2.01345,0.40,0.30
2008.04.07 10:30:58.873,2.013,2.01345,0.40,0.30
2008.04.07 10:30:59.204,2.013,2.0135,0.40,0.30
2008.04.07 10:30:59.522,2.01285,2.0134,1.60,0.10
2008.04.07 10:30:59.817,2.01285,2.0134,1.60,0.10
2008.04.07 10:31:00.125,2.0129,2.0133,0.10,0.10
2008.04.07 10:31:00.438,2.01285,2.0133,1.60,0.10
2008.04.07 10:31:00.749,2.01285,2.0133,1.60,0.10
2008.04.07 10:31:01.119,2.01285,2.0133,1.60,0.10
2008.04.07 10:31:01.454,2.01285,2.0133,1.60,0.10
2008.04.07 10:31:01.789,2.01285,2.0133,1.60,0.10
2008.04.07 10:31:02.118,2.0128,2.0133,0.50,0.10
2008.04.07 10:31:02.450,2.0128,2.0132,0.50,0.10
2008.04.07 10:31:02.781,2.0128,2.0132,0.50,0.10
2008.04.07 10:31:03.017,2.0128,2.0132,0.50,0.10
2008.04.07 10:31:03.254,2.0132,2.01355,0.40,1.60
2008.04.07 10:31:03.489,2.0132,2.01355,0.40,0.30
2008.04.07 10:31:03.726,2.013,2.01355,0.40,0.30
2008.04.07 10:31:04.053,2.0132,2.0135,0.40,0.10
2008.04.07 10:31:05.378,2.0132,2.0135,0.40,0.10
2008.04.07 10:31:05.481,2.013,2.01355,0.40,0.30
2008.04.07 10:31:05.546,2.013,2.01355,0.40,0.30
2008.04.07 10:31:05.644,2.013,2.01355,0.40,0.30
2008.04.07 10:31:05.707,2.013,2.01355,0.40,0.30
2008.04.07 10:31:05.793,2.013,2.01355,0.40,0.30
2008.04.07 10:31:05.893,2.013,2.01355,0.40,0.30
2008.04.07 10:31:06.003,2.013,2.01355,0.40,0.30
2008.04.07 10:31:06.135,2.013,2.01355,0.40,0.30
2008.04.07 10:31:06.290,2.013,2.01355,0.40,0.30
2008.04.07 10:31:06.337,2.013,2.01355,0.40,0.30
2008.04.07 10:31:06.461,2.013,2.01355,0.40,0.30
2008.04.07 10:31:06.797,2.013,2.01355,0.40,0.30
2008.04.07 10:31:07.131,2.013,2.01355,0.40,0.30
2008.04.07 10:31:07.465,2.013,2.01355,0.40,0.30
2008.04.07 10:31:07.714,2.013,2.01355,0.40,0.30
2008.04.07 10:31:07.942,2.013,2.01355,0.40,0.30
2008.04.07 10:31:08.202,2.013,2.01355,0.40,0.30
2008.04.07 10:31:08.438,2.013,2.0135,0.40,0.10
2008.04.07 10:31:08.752,2.013,2.01355,0.40,0.30
2008.04.07 10:31:09.060,2.01315,2.01355,0.80,0.30
2008.04.07 10:31:09.369,2.01315,2.01365,0.80,1.60
2008.04.07 10:31:09.679,2.0132,2.01365,0.40,1.80
2008.04.07 10:31:09.946,2.0132,2.0135,0.40,0.10
2008.04.07 10:31:10.208,2.0132,2.0135,0.40,0.10
2008.04.07 10:31:10.474,2.0132,2.0135,0.40,0.10
2008.04.07 10:31:10.738,2.0132,2.0135,0.40,0.10
2008.04.07 10:31:11.072,2.0132,2.0135,0.40,0.10
2008.04.07 10:31:11.406,2.0132,2.0135,0.40,0.10
2008.04.07 10:31:11.740,2.0132,2.0135,0.40,0.10
2008.04.07 10:31:12.075,2.0132,2.0135,0.40,0.10
2008.04.07 10:31:12.413,2.0131,2.0134,0.40,0.10
2008.04.07 10:31:12.749,2.0131,2.0134,0.40,0.10
2008.04.07 10:31:12.979,2.0131,2.0134,0.40,0.10
2008.04.07 10:31:13.209,2.0131,2.0134,0.40,0.10
2008.04.07 10:31:13.441,2.0131,2.0134,0.40,0.10
2008.04.07 10:31:13.669,2.0131,2.0134,0.40,0.10
2008.04.07 10:31:13.898,2.0131,2.0134,0.40,0.10
2008.04.07 10:31:14.233,2.0131,2.0134,0.40,0.10
2008.04.07 10:31:14.567,2.0131,2.0134,0.40,0.10
2008.04.07 10:31:14.902,2.0131,2.0134,0.40,0.10
2008.04.07 10:31:15.132,2.01305,2.0134,0.80,0.10
2008.04.07 10:31:15.363,2.01305,2.01335,0.80,4.00
2008.04.07 10:31:15.592,2.0131,2.0134,0.40,0.10
2008.04.07 10:31:15.823,2.0131,2.0134,0.40,0.10
2008.04.07 10:31:16.054,2.0131,2.0134,0.40,0.10
2008.04.07 10:31:16.420,2.013,2.0133,0.40,0.10
2008.04.07 10:31:16.756,2.0129,2.0132,0.40,0.10
2008.04.07 10:31:17.091,2.0129,2.0132,0.40,0.10
2008.04.07 10:31:17.461,2.01285,2.0132,0.80,0.10
2008.04.07 10:31:17.834,2.01285,2.0133,0.80,0.10
2008.04.07 10:31:18.171,2.01285,2.0133,0.80,0.10
2008.04.07 10:31:18.400,2.01285,2.0133,0.80,0.10
2008.04.07 10:31:18.630,2.01285,2.0133,0.80,0.10
2008.04.07 10:31:18.854,2.01285,2.0133,0.80,0.10
2008.04.07 10:31:19.081,2.01285,2.0133,0.80,0.10
2008.04.07 10:31:19.416,2.01285,2.0133,0.80,0.10
2008.04.07 10:31:19.789,2.01285,2.0133,0.80,0.10
2008.04.07 10:31:20.129,2.01285,2.0133,0.80,0.10
2008.04.07 10:31:20.400,2.01285,2.0133,0.80,0.10
2008.04.07 10:31:20.640,2.01285,2.0133,0.80,0.10
2008.04.07 10:31:20.875,2.01285,2.0133,0.80,0.10
2008.04.07 10:31:21.138,2.0129,2.0133,0.10,0.10
2008.04.07 10:31:21.474,2.013,2.0134,0.50,0.10
2008.04.07 10:31:21.809,2.013,2.0134,0.10,0.10
2008.04.07 10:31:22.144,2.013,2.0135,0.50,0.10
2008.04.07 10:31:22.479,2.013,2.0135,0.50,0.10
2008.04.07 10:31:22.812,2.013,2.0135,0.50,0.10
2008.04.07 10:31:23.147,2.013,2.0135,0.50,0.10
2008.04.07 10:31:23.366,2.013,2.0135,0.50,0.10
2008.04.07 10:31:23.586,2.013,2.0135,0.50,0.10
2008.04.07 10:31:23.804,2.013,2.0135,0.50,0.10
2008.04.07 10:31:24.023,2.013,2.0135,0.50,0.10
2008.04.07 10:31:24.353,2.013,2.0135,0.40,0.10
2008.04.07 10:31:24.683,2.013,2.0135,0.50,0.10
2008.04.07 10:31:25.013,2.013,2.0135,0.50,0.10
2008.04.07 10:31:25.345,2.013,2.0135,0.40,0.10
2008.04.07 10:31:25.591,2.013,2.0135,0.40,0.10
2008.04.07 10:31:25.837,2.013,2.0135,0.50,0.10
2008.04.07 10:31:26.081,2.013,2.0135,0.50,0.10
2008.04.07 10:31:26.415,2.013,2.0135,0.50,0.10
2008.04.07 10:31:26.750,2.013,2.0135,0.50,0.10
2008.04.07 10:31:27.088,2.013,2.0135,0.50,0.10
2008.04.07 10:31:27.423,2.0132,2.0135,0.40,0.10
2008.04.07 10:31:27.758,2.013,2.0135,0.50,0.10
2008.04.07 10:31:28.130,2.013,2.0135,0.40,0.10
2008.04.07 10:31:28.321,2.013,2.0135,0.50,0.10
2008.04.07 10:31:28.550,2.013,2.0135,0.50,0.10
2008.04.07 10:31:28.779,2.013,2.0135,0.50,0.10
2008.04.07 10:31:29.007,2.013,2.0135,0.50,0.10
2008.04.07 10:31:29.238,2.013,2.0135,0.40,0.10
2008.04.07 10:31:29.543,2.013,2.0134,0.40,0.10
2008.04.07 10:31:29.848,2.013,2.0134,0.50,0.10
2008.04.07 10:31:30.153,2.013,2.0134,0.40,0.10
2008.04.07 10:31:30.420,2.013,2.0135,0.40,0.10
2008.04.07 10:31:30.685,2.013,2.0135,0.40,0.10
2008.04.07 10:31:30.950,2.013,2.0135,0.40,0.10
2008.04.07 10:31:31.218,2.013,2.0134,0.40,0.10
2008.04.07 10:31:31.551,2.013,2.0134,0.40,0.10
2008.04.07 10:31:31.887,2.01295,2.0133,2.40,0.10
2008.04.07 10:31:32.224,2.01295,2.0133,6.40,0.10
2008.04.07 10:31:32.599,2.0129,2.0133,0.40,0.10
2008.04.07 10:31:32.933,2.0129,2.0133,0.40,0.10
2008.04.07 10:31:33.269,2.0129,2.0133,0.40,0.10
2008.04.07 10:31:33.495,2.01285,2.0133,2.40,0.10
2008.04.07 10:31:33.721,2.01275,2.0132,1.60,0.10
2008.04.07 10:31:33.946,2.0127,2.0132,0.40,0.10
2008.04.07 10:31:34.171,2.01275,2.0132,2.40,0.40
2008.04.07 10:31:34.397,2.01265,2.013,2.40,0.10
2008.04.07 10:31:34.733,2.01265,2.013,2.40,0.10
2008.04.07 10:31:35.068,2.01265,2.013,2.40,0.10
2008.04.07 10:31:35.402,2.01255,2.013,8.00,0.10
2008.04.07 10:31:35.632,2.01265,2.013,0.10,0.10
2008.04.07 10:31:35.864,2.01265,2.013,0.10,0.10
2008.04.07 10:31:36.094,2.01265,2.013,0.10,0.10
2008.04.07 10:31:36.324,2.0127,2.0131,0.40,0.10
2008.04.07 10:31:36.662,2.01275,2.0132,1.60,0.10
2008.04.07 10:31:36.996,2.01275,2.0132,1.60,0.10
2008.04.07 10:31:37.330,2.0128,2.0132,0.10,0.10
2008.04.07 10:31:37.571,2.0128,2.0132,0.10,0.10
2008.04.07 10:31:37.809,2.0128,2.0132,0.10,0.10
2008.04.07 10:31:38.050,2.0129,2.0132,0.10,0.10
2008.04.07 10:31:38.290,2.01285,2.0132,1.60,0.10
2008.04.07 10:31:38.599,2.01285,2.0132,1.60,0.10
2008.04.07 10:31:38.946,2.0129,2.0132,0.10,0.10
2008.04.07 10:31:39.259,2.0129,2.0132,0.10,0.10
2008.04.07 10:31:39.569,2.0129,2.0133,0.50,0.10
2008.04.07 10:31:39.809,2.0129,2.0133,0.50,0.10
2008.04.07 10:31:40.050,2.01285,2.0132,1.60,0.10
2008.04.07 10:31:40.290,2.01285,2.0132,1.60,0.10
2008.04.07 10:31:40.529,2.01285,2.0132,1.60,0.10
2008.04.07 10:31:40.837,2.01285,2.0132,1.60,0.10
2008.04.07 10:31:41.148,2.01285,2.0132,1.60,0.10
2008.04.07 10:31:41.457,2.0129,2.0132,0.10,0.10
2008.04.07 10:31:41.792,2.01285,2.0132,1.60,0.10
2008.04.07 10:31:42.125,2.01285,2.0132,1.60,0.10
2008.04.07 10:31:42.460,2.01285,2.0132,1.60,0.10
2008.04.07 10:31:42.686,2.01285,2.0132,1.60,0.10
2008.04.07 10:31:42.909,2.01285,2.0132,1.60,0.10
2008.04.07 10:31:43.160,2.01285,2.0132,1.60,0.10
2008.04.07 10:31:43.388,2.0129,2.0132,0.10,0.10
2008.04.07 10:31:43.695,2.0129,2.0132,0.10,0.10
2008.04.07 10:31:44.001,2.0129,2.0133,0.50,0.10
2008.04.07 10:31:44.305,2.0129,2.0133,0.50,0.10
2008.04.07 10:31:44.610,2.0129,2.0133,0.50,0.10
2008.04.07 10:31:44.879,2.01285,2.0132,1.60,0.10
2008.04.07 10:31:45.151,2.01285,2.0132,1.60,0.10
2008.04.07 10:31:45.421,2.01285,2.0132,1.60,0.10
2008.04.07 10:31:45.686,2.01285,2.0132,1.60,0.10
2008.04.07 10:31:45.951,2.01285,2.0132,1.60,0.10
2008.04.07 10:31:46.216,2.0129,2.0132,0.10,0.10
2008.04.07 10:31:46.482,2.0129,2.0132,0.10,0.10
2008.04.07 10:31:46.819,2.0129,2.0132,0.10,0.10
2008.04.07 10:31:47.159,2.0129,2.01325,0.50,1.60
2008.04.07 10:31:47.494,2.0129,2.01315,0.50,1.60
2008.04.07 10:31:47.725,2.0129,2.01315,0.40,1.60
2008.04.07 10:31:47.954,2.0129,2.01315,0.40,1.60
2008.04.07 10:31:48.184,2.0129,2.01315,0.40,1.60
2008.04.07 10:31:48.413,2.0129,2.01315,0.40,1.60
2008.04.07 10:31:48.644,2.0129,2.01315,0.40,1.60
2008.04.07 10:31:48.978,2.0129,2.01315,0.40,1.60
2008.04.07 10:31:49.351,2.0129,2.01315,0.40,1.60
2008.04.07 10:31:49.715,2.01275,2.01315,1.60,1.60
2008.04.07 10:31:49.968,2.01275,2.0132,1.60,0.10
2008.04.07 10:31:50.142,2.01275,2.0132,1.60,0.10
2008.04.07 10:31:50.358,2.01275,2.0132,1.60,0.10
2008.04.07 10:31:50.573,2.01275,2.0132,1.60,0.10
2008.04.07 10:31:50.907,2.01275,2.0132,1.60,0.10
2008.04.07 10:31:51.241,2.01275,2.0132,1.60,0.10
2008.04.07 10:31:51.577,2.01285,2.0132,0.10,0.10
2008.04.07 10:31:51.915,2.01275,2.0132,1.60,0.10
2008.04.07 10:31:52.250,2.01275,2.0132,1.60,0.10
2008.04.07 10:31:52.582,2.01275,2.0132,1.60,0.10
2008.04.07 10:31:52.916,2.01275,2.0132,1.60,0.10
2008.04.07 10:31:53.138,2.01275,2.0132,1.60,0.10
2008.04.07 10:31:53.357,2.01275,2.0132,1.60,0.10
2008.04.07 10:31:53.576,2.01275,2.0132,1.60,0.10
2008.04.07 10:31:53.796,2.01285,2.0132,0.10,0.10
2008.04.07 10:31:54.131,2.01275,2.0132,1.60,0.10
2008.04.07 10:31:54.466,2.01275,2.0132,1.60,0.10
2008.04.07 10:31:54.799,2.01275,2.0132,1.60,0.10
2008.04.07 10:31:55.018,2.01275,2.0132,1.60,0.10
2008.04.07 10:31:55.237,2.01275,2.0132,1.60,0.10
2008.04.07 10:31:55.457,2.01275,2.0132,1.60,0.10
2008.04.07 10:31:55.676,2.01275,2.0132,1.60,0.10
2008.04.07 10:31:56.010,2.01275,2.0132,1.60,0.10
2008.04.07 10:31:56.344,2.01275,2.0132,1.60,0.10
2008.04.07 10:31:56.677,2.01275,2.0132,1.60,0.10
2008.04.07 10:31:57.011,2.01275,2.0132,1.60,0.10
2008.04.07 10:31:57.346,2.01275,2.0132,1.60,0.10
2008.04.07 10:31:57.681,2.01275,2.0132,1.60,0.10
2008.04.07 10:31:57.913,2.01275,2.0132,1.60,0.10
2008.04.07 10:31:58.171,2.01275,2.0132,1.60,0.10
2008.04.07 10:31:58.431,2.01275,2.0132,1.60,0.10
2008.04.07 10:31:58.697,2.01275,2.0132,1.60,0.10
2008.04.07 10:31:58.963,2.01275,2.0132,1.60,0.10
2008.04.07 10:31:59.257,2.01275,2.0132,1.60,0.10
2008.04.07 10:31:59.552,2.01275,2.0132,1.60,0.10
2008.04.07 10:31:59.879,2.01275,2.0132,1.60,0.10
2008.04.07 10:32:00.193,2.01275,2.0132,1.60,0.10
2008.04.07 10:32:00.426,2.01275,2.0132,1.60,0.10
2008.04.07 10:32:00.739,2.01275,2.0132,1.60,0.10
2008.04.07 10:32:00.974,2.01275,2.0132,1.60,0.10
2008.04.07 10:32:01.372,2.01275,2.0132,1.60,0.10
2008.04.07 10:32:01.667,2.01285,2.0132,0.10,0.10
2008.04.07 10:32:02.002,2.01285,2.0132,0.10,0.10
2008.04.07 10:32:02.336,2.01285,2.0132,0.10,0.10
2008.04.07 10:32:02.708,2.0129,2.0133,0.40,0.10
2008.04.07 10:32:03.062,2.0129,2.01315,0.40,1.60
2008.04.07 10:32:03.320,2.0129,2.01315,0.40,1.60
2008.04.07 10:32:03.577,2.0129,2.01315,0.40,1.60
2008.04.07 10:32:03.810,2.0129,2.01315,0.40,1.60
2008.04.07 10:32:04.131,2.0129,2.01315,0.40,1.60
2008.04.07 10:32:04.447,2.0129,2.0133,0.40,0.10
2008.04.07 10:32:04.791,2.0129,2.0133,0.40,0.10
2008.04.07 10:32:05.141,2.0129,2.0133,0.40,0.10
2008.04.07 10:32:05.441,2.0129,2.01325,0.40,1.60
2008.04.07 10:32:05.669,2.0129,2.01315,0.50,1.60
2008.04.07 10:32:05.935,2.013,2.01315,0.40,1.30
2008.04.07 10:32:06.270,2.013,2.01315,0.40,0.80
2008.04.07 10:32:06.605,2.0132,2.0135,0.40,0.10
2008.04.07 10:32:06.940,2.013,2.01345,0.50,1.60
2008.04.07 10:32:07.274,2.013,2.0135,0.50,0.10
2008.04.07 10:32:07.608,2.013,2.0135,0.50,0.10
2008.04.07 10:32:07.942,2.013,2.0135,0.50,0.10
2008.04.07 10:32:08.276,2.013,2.0135,0.50,0.10
2008.04.07 10:32:08.499,2.013,2.0135,0.50,0.10
2008.04.07 10:32:08.723,2.013,2.0135,0.50,0.10
2008.04.07 10:32:08.947,2.013,2.0135,0.50,0.10
2008.04.07 10:32:09.176,2.013,2.0135,0.50,0.10
2008.04.07 10:32:09.502,2.013,2.0135,0.50,0.10
2008.04.07 10:32:09.824,2.013,2.0135,0.40,0.10
2008.04.07 10:32:10.150,2.013,2.0135,0.40,0.10
2008.04.07 10:32:10.385,2.013,2.0135,0.50,0.10
2008.04.07 10:32:10.619,2.013,2.0135,0.50,0.10
2008.04.07 10:32:10.853,2.013,2.0135,0.50,0.10
2008.04.07 10:32:11.090,2.0133,2.01365,0.40,4.20
2008.04.07 10:32:11.463,2.0133,2.01365,0.40,2.40
2008.04.07 10:32:11.799,2.0133,2.01365,0.40,2.40
2008.04.07 10:32:12.134,2.0133,2.01365,0.40,2.40
2008.04.07 10:32:12.470,2.0133,2.01375,0.40,4.20
2008.04.07 10:32:12.807,2.0133,2.01375,0.40,4.00
2008.04.07 10:32:13.140,2.0133,2.01375,0.40,4.00
2008.04.07 10:32:13.371,2.01305,2.01365,1.60,0.30
2008.04.07 10:32:13.601,2.01305,2.01365,1.60,0.30
2008.04.07 10:32:13.831,2.01305,2.01365,1.60,0.30
2008.04.07 10:32:14.062,2.01305,2.01365,1.60,0.30
2008.04.07 10:32:14.386,2.0131,2.0137,0.10,0.10
2008.04.07 10:32:14.711,2.0131,2.0137,0.10,0.10
2008.04.07 10:32:15.038,2.0131,2.0137,0.10,0.10
2008.04.07 10:32:15.367,2.0132,2.01365,0.40,0.30
2008.04.07 10:32:15.659,2.0132,2.01365,0.40,0.30
2008.04.07 10:32:15.926,2.0132,2.0137,0.40,0.10
2008.04.07 10:32:16.191,2.0134,2.01375,0.40,0.80
2008.04.07 10:32:16.526,2.0133,2.01365,0.40,0.80
2008.04.07 10:32:16.861,2.0133,2.0137,0.40,0.10
2008.04.07 10:32:17.197,2.0135,2.0138,0.40,0.10
2008.04.07 10:32:17.533,2.0133,2.0137,0.40,0.10
2008.04.07 10:32:17.917,2.01305,2.0134,4.00,0.10
2008.04.07 10:32:18.251,2.013,2.0135,0.40,0.10
2008.04.07 10:32:18.466,2.01295,2.0134,3.20,0.10
2008.04.07 10:32:18.681,2.01295,2.0134,1.60,0.10
2008.04.07 10:32:18.895,2.01295,2.0134,1.60,0.10
2008.04.07 10:32:19.108,2.01295,2.0134,1.60,0.10
2008.04.07 10:32:19.323,2.01295,2.0134,1.60,0.10
2008.04.07 10:32:19.657,2.01295,2.0134,1.60,0.10
2008.04.07 10:32:19.992,2.01295,2.0134,1.60,0.10
2008.04.07 10:32:20.328,2.01285,2.0134,1.60,0.10
2008.04.07 10:32:20.585,2.01285,2.0134,1.60,0.10
2008.04.07 10:32:20.816,2.01295,2.0133,0.10,0.10
2008.04.07 10:32:21.046,2.01295,2.0133,0.10,0.10
2008.04.07 10:32:21.274,2.01285,2.0133,1.60,0.10
2008.04.07 10:32:21.608,2.01285,2.0133,1.60,0.10
2008.04.07 10:32:21.942,2.01285,2.0133,1.60,0.10
2008.04.07 10:32:22.278,2.01285,2.0135,1.60,0.40
2008.04.07 10:32:22.613,2.01285,2.01345,1.60,0.80
2008.04.07 10:32:22.949,2.0129,2.01345,0.10,0.80
2008.04.07 10:32:23.320,2.01285,2.01345,3.20,1.00
2008.04.07 10:32:23.568,2.01285,2.01345,1.60,1.00
2008.04.07 10:32:23.808,2.0129,2.01345,0.10,0.80
2008.04.07 10:32:24.082,2.0131,2.01355,0.40,0.30
2008.04.07 10:32:24.347,2.0131,2.0136,0.40,0.40
2008.04.07 10:32:24.675,2.0131,2.0136,0.40,0.40
2008.04.07 10:32:25.004,2.0131,2.0136,0.40,0.40
2008.04.07 10:32:25.329,2.0131,2.0136,0.40,0.10
2008.04.07 10:32:25.556,2.0131,2.0136,0.40,0.10
2008.04.07 10:32:25.781,2.0131,2.0136,0.40,0.10
2008.04.07 10:32:26.008,2.0132,2.01365,0.40,1.00
2008.04.07 10:32:26.234,2.0132,2.01345,0.40,0.30
2008.04.07 10:32:26.501,2.01295,2.01345,1.60,0.30
2008.04.07 10:32:26.850,2.0131,2.01355,0.40,0.80
2008.04.07 10:32:27.219,2.0131,2.01355,0.40,0.80
2008.04.07 10:32:27.587,2.0131,2.01355,0.40,0.80
2008.04.07 10:32:27.940,2.0131,2.01355,0.40,0.80
2008.04.07 10:32:28.255,2.0132,2.01355,0.40,0.80
2008.04.07 10:32:28.570,2.0132,2.01355,0.40,0.80
2008.04.07 10:32:28.824,2.0131,2.01355,0.40,0.80
2008.04.07 10:32:29.095,2.0131,2.01355,0.40,0.80
2008.04.07 10:32:29.330,2.0131,2.01355,0.40,0.80
2008.04.07 10:32:29.564,2.0131,2.01355,0.40,0.80
2008.04.07 10:32:29.868,2.0131,2.01355,0.40,0.80
2008.04.07 10:32:30.172,2.0131,2.01355,0.40,0.80
2008.04.07 10:32:30.518,2.01285,2.01345,4.00,0.30
2008.04.07 10:32:30.857,2.01295,2.0135,0.10,0.10
2008.04.07 10:32:31.098,2.0131,2.01355,0.40,0.80
2008.04.07 10:32:31.338,2.0131,2.01355,0.40,1.00
2008.04.07 10:32:31.577,2.0131,2.01355,0.40,1.00
2008.04.07 10:32:31.913,2.0131,2.01355,0.40,0.80
2008.04.07 10:32:32.247,2.0131,2.01355,0.40,0.80
2008.04.07 10:32:32.580,2.0131,2.01355,0.40,0.80
2008.04.07 10:32:32.806,2.0131,2.0136,0.40,0.40
2008.04.07 10:32:33.063,2.0131,2.0136,0.40,0.40
2008.04.07 10:32:33.324,2.0131,2.0136,0.40,0.40
2008.04.07 10:32:33.510,2.0131,2.0136,0.40,0.40
2008.04.07 10:32:33.734,2.0131,2.0136,0.40,0.40
2008.04.07 10:32:34.033,2.0131,2.0136,0.40,0.40
2008.04.07 10:32:34.333,2.0131,2.0136,0.40,0.40
2008.04.07 10:32:34.634,2.0131,2.0136,0.40,0.40
2008.04.07 10:32:34.904,2.0131,2.0136,0.40,0.40
2008.04.07 10:32:35.172,2.0131,2.0136,0.40,0.40
2008.04.07 10:32:35.407,2.0131,2.0136,0.40,0.40
2008.04.07 10:32:35.644,2.0131,2.0136,0.40,0.40
2008.04.07 10:32:35.981,2.0131,2.01345,0.40,0.30
2008.04.07 10:32:36.316,2.0131,2.01345,0.40,0.30
2008.04.07 10:32:36.649,2.01285,2.01345,1.60,0.30
2008.04.07 10:32:36.983,2.0128,2.01335,0.40,0.30
2008.04.07 10:32:37.317,2.01285,2.01345,2.40,1.80
2008.04.07 10:32:37.650,2.01285,2.01345,2.40,1.80
2008.04.07 10:32:37.880,2.01285,2.01345,2.40,1.80
2008.04.07 10:32:38.108,2.01285,2.01345,2.40,1.80
2008.04.07 10:32:38.338,2.01285,2.01345,2.40,1.80
2008.04.07 10:32:38.567,2.01285,2.01345,2.40,1.80
2008.04.07 10:32:38.798,2.01285,2.01345,2.40,1.80
2008.04.07 10:32:39.133,2.01285,2.01345,2.40,1.80
2008.04.07 10:32:39.469,2.0129,2.01345,0.10,1.60
2008.04.07 10:32:39.804,2.01285,2.01345,2.40,1.80
2008.04.07 10:32:40.024,2.01285,2.01345,4.00,0.30
2008.04.07 10:32:40.254,2.01285,2.0133,1.60,0.30
2008.04.07 10:32:40.474,2.0129,2.0133,0.40,0.30
2008.04.07 10:32:40.695,2.0129,2.0133,0.40,0.30
2008.04.07 10:32:40.914,2.0129,2.0133,0.40,0.30
2008.04.07 10:32:41.252,2.0129,2.0133,0.40,0.30
2008.04.07 10:32:41.588,2.0128,2.0133,0.40,0.10
2008.04.07 10:32:41.921,2.0128,2.0133,0.40,0.10
2008.04.07 10:32:42.240,2.0128,2.0133,0.40,0.10
2008.04.07 10:32:42.560,2.0128,2.0133,0.40,0.10
2008.04.07 10:32:42.880,2.0128,2.01325,0.40,0.80
2008.04.07 10:32:43.108,2.0128,2.01325,0.40,0.80
2008.04.07 10:32:43.339,2.0128,2.01325,0.50,0.80
2008.04.07 10:32:43.569,2.0128,2.01325,0.50,0.80
2008.04.07 10:32:43.798,2.0128,2.01325,0.50,0.80
2008.04.07 10:32:44.052,2.0128,2.01325,0.50,0.80
2008.04.07 10:32:44.391,2.0128,2.01325,0.40,0.80
2008.04.07 10:32:44.733,2.0128,2.01325,0.40,0.80
2008.04.07 10:32:45.065,2.0128,2.01325,0.40,0.80
2008.04.07 10:32:45.304,2.0128,2.01325,0.40,0.80
2008.04.07 10:32:45.544,2.0128,2.01325,0.40,0.80
2008.04.07 10:32:45.826,2.0128,2.01325,0.40,0.80
2008.04.07 10:32:46.065,2.0128,2.01325,0.40,0.80
2008.04.07 10:32:46.399,2.0128,2.01325,0.40,0.80
2008.04.07 10:32:46.732,2.0128,2.01325,0.40,0.80
2008.04.07 10:32:47.103,2.0128,2.01325,0.40,0.80
2008.04.07 10:32:47.436,2.0129,2.01325,0.40,0.80
2008.04.07 10:32:47.769,2.0129,2.01325,0.40,0.80
2008.04.07 10:32:48.103,2.0129,2.01325,0.40,0.80
2008.04.07 10:32:48.329,2.0129,2.01325,0.40,0.80
2008.04.07 10:32:48.555,2.0129,2.01325,0.40,0.80
2008.04.07 10:32:48.783,2.0129,2.01325,0.40,0.80
2008.04.07 10:32:49.006,2.0129,2.01325,0.40,0.80
2008.04.07 10:32:49.309,2.0129,2.01325,0.40,0.80
2008.04.07 10:32:49.614,2.0129,2.01325,0.40,0.80
2008.04.07 10:32:49.919,2.0129,2.01325,0.40,0.80
2008.04.07 10:32:50.224,2.0129,2.01325,0.40,0.80
2008.04.07 10:32:50.513,2.0129,2.01325,0.40,0.80
2008.04.07 10:32:50.804,2.0129,2.01325,0.40,0.80
2008.04.07 10:32:51.093,2.0129,2.01325,0.40,0.80
2008.04.07 10:32:51.427,2.0129,2.01325,0.40,0.80
2008.04.07 10:32:51.761,2.0129,2.01325,0.40,0.80
2008.04.07 10:32:52.121,2.0129,2.01325,0.40,0.80
2008.04.07 10:32:52.455,2.0129,2.01325,0.40,0.80
2008.04.07 10:32:52.826,2.0129,2.01325,0.40,0.80
2008.04.07 10:32:53.176,2.0129,2.01325,0.40,0.80
2008.04.07 10:32:53.434,2.0129,2.01325,0.40,0.80
2008.04.07 10:32:53.654,2.0129,2.01325,0.40,0.80
2008.04.07 10:32:53.894,2.0129,2.01325,0.40,0.80
2008.04.07 10:32:54.151,2.0128,2.01325,0.40,0.80
2008.04.07 10:32:54.474,2.0131,2.01325,0.40,0.80
2008.04.07 10:32:54.776,2.0131,2.01325,0.40,0.80
2008.04.07 10:32:55.078,2.0131,2.01325,0.40,0.80
2008.04.07 10:32:55.378,2.0131,2.01325,0.40,0.80
2008.04.07 10:32:55.680,2.0131,2.01325,0.40,0.80
2008.04.07 10:32:55.955,2.0131,2.01325,0.40,0.80
2008.04.07 10:32:56.244,2.0131,2.01325,0.40,0.80
2008.04.07 10:32:56.578,2.0131,2.01345,0.40,1.60
2008.04.07 10:32:56.912,2.0131,2.01335,0.40,0.80
2008.04.07 10:32:58.446,2.0131,2.01335,0.40,0.80
2008.04.07 10:32:58.569,2.0131,2.01345,0.40,2.40
2008.04.07 10:32:58.703,2.0131,2.01345,0.40,2.40
2008.04.07 10:32:58.836,2.0131,2.01345,0.40,2.40
2008.04.07 10:32:58.977,2.0131,2.01345,0.40,2.40
2008.04.07 10:32:59.158,2.0131,2.01345,0.40,2.40
2008.04.07 10:32:59.327,2.0131,2.01345,0.40,2.40
2008.04.07 10:32:59.497,2.0131,2.01345,0.40,2.40
2008.04.07 10:32:59.867,2.0131,2.01345,0.40,0.80
2008.04.07 10:33:00.202,2.0131,2.01345,0.40,0.80
2008.04.07 10:33:00.568,2.0131,2.01345,0.40,0.80
2008.04.07 10:33:00.798,2.0131,2.01345,0.40,0.80
2008.04.07 10:33:01.042,2.0131,2.01345,0.40,0.80
2008.04.07 10:33:01.306,2.0131,2.01345,0.40,0.80
2008.04.07 10:33:01.537,2.0131,2.01345,0.40,0.80
2008.04.07 10:33:01.873,2.0131,2.01345,0.40,0.80
2008.04.07 10:33:02.211,2.0131,2.01345,0.40,2.40
2008.04.07 10:33:02.544,2.0131,2.01345,0.40,2.40
2008.04.07 10:33:02.759,2.0131,2.01345,0.40,2.40
2008.04.07 10:33:03.008,2.0131,2.01345,0.40,2.40
2008.04.07 10:33:03.258,2.0131,2.01345,0.40,2.40
2008.04.07 10:33:04.843,2.0131,2.01345,0.40,2.40
2008.04.07 10:33:05.059,2.0128,2.0133,0.40,0.30
2008.04.07 10:33:05.202,2.0128,2.0133,0.40,0.30
2008.04.07 10:33:05.341,2.01295,2.01335,0.10,2.40
2008.04.07 10:33:05.507,2.0131,2.01335,0.40,0.80
2008.04.07 10:33:05.651,2.0131,2.01335,0.40,0.80
2008.04.07 10:33:05.786,2.0131,2.0135,0.40,0.30
2008.04.07 10:33:05.943,2.013,2.0135,0.40,0.30
2008.04.07 10:33:06.279,2.013,2.01335,0.40,0.80
2008.04.07 10:33:06.615,2.01295,2.01335,0.10,0.80
2008.04.07 10:33:06.987,2.01295,2.01335,0.10,0.80
2008.04.07 10:33:07.326,2.0131,2.01355,0.40,1.60
2008.04.07 10:33:07.662,2.0131,2.01345,0.40,0.80
2008.04.07 10:33:07.997,2.0131,2.01355,0.40,1.60
2008.04.07 10:33:08.230,2.0131,2.01355,0.40,1.60
2008.04.07 10:33:08.457,2.0131,2.01355,0.40,1.60
2008.04.07 10:33:08.687,2.0131,2.01355,0.40,1.60
2008.04.07 10:33:08.919,2.0131,2.0136,0.40,0.10
2008.04.07 10:33:09.237,2.0131,2.01365,0.40,4.20
2008.04.07 10:33:09.554,2.0131,2.01355,0.40,0.80
2008.04.07 10:33:09.874,2.0131,2.0135,0.40,0.30
2008.04.07 10:33:10.224,2.0131,2.0135,0.40,0.30
2008.04.07 10:33:10.499,2.0131,2.01365,0.40,4.20
2008.04.07 10:33:10.773,2.0131,2.01365,0.40,4.20
2008.04.07 10:33:11.048,2.0131,2.01365,0.40,4.20
2008.04.07 10:33:11.383,2.0131,2.01365,0.40,4.20
2008.04.07 10:33:11.717,2.0131,2.01365,0.40,5.00
2008.04.07 10:33:12.053,2.0131,2.0136,0.40,0.30
2008.04.07 10:33:12.422,2.0131,2.0136,0.40,0.30
2008.04.07 10:33:12.792,2.0131,2.01365,0.40,4.00
2008.04.07 10:33:13.127,2.0131,2.01365,0.40,4.00
2008.04.07 10:33:14.362,2.0131,2.01355,0.40,0.80
2008.04.07 10:33:14.453,2.0131,2.01355,0.40,0.80
2008.04.07 10:33:14.553,2.0131,2.01355,0.40,0.80
2008.04.07 10:33:14.686,2.0131,2.01355,0.40,0.80
2008.04.07 10:33:14.811,2.0131,2.01355,0.40,0.80
2008.04.07 10:33:14.865,2.0131,2.01355,0.40,0.80
2008.04.07 10:33:14.957,2.0131,2.01355,0.40,0.80
2008.04.07 10:33:15.083,2.0131,2.01355,0.40,2.40
2008.04.07 10:33:15.207,2.0131,2.01355,0.40,2.40
2008.04.07 10:33:15.298,2.0131,2.01355,0.40,2.40
2008.04.07 10:33:15.388,2.0131,2.01355,0.40,2.40
2008.04.07 10:33:15.724,2.0131,2.01365,0.40,4.00
2008.04.07 10:33:16.060,2.0131,2.01365,0.40,4.00
2008.04.07 10:33:18.191,2.01295,2.0135,1.60,0.10
2008.04.07 10:33:18.243,2.0129,2.0135,0.50,0.10
2008.04.07 10:33:18.381,2.01295,2.0135,0.10,0.10
2008.04.07 10:33:18.517,2.01295,2.0135,0.10,0.10
2008.04.07 10:33:18.687,2.01295,2.0135,0.10,0.10
2008.04.07 10:33:18.874,2.01295,2.0135,0.10,0.10
2008.04.07 10:33:19.044,2.01295,2.0135,0.10,0.10
2008.04.07 10:33:19.215,2.01295,2.0135,0.10,0.10
2008.04.07 10:33:19.550,2.01295,2.0135,0.10,0.10
2008.04.07 10:33:19.887,2.01295,2.0135,0.10,0.10
2008.04.07 10:33:20.222,2.01295,2.0135,0.10,0.10
2008.04.07 10:33:20.458,2.01295,2.0135,0.10,0.10
2008.04.07 10:33:20.684,2.01295,2.0135,0.10,0.10
2008.04.07 10:33:20.950,2.01295,2.0135,0.10,0.10
2008.04.07 10:33:21.210,2.01295,2.0135,0.10,0.10
2008.04.07 10:33:21.544,2.01295,2.0135,0.10,0.10
2008.04.07 10:33:21.878,2.01295,2.0135,0.10,0.10
2008.04.07 10:33:22.212,2.01295,2.0135,0.10,0.10
2008.04.07 10:33:22.547,2.0129,2.0135,0.50,0.10
2008.04.07 10:33:22.880,2.0129,2.0135,0.50,0.10
2008.04.07 10:33:23.214,2.0129,2.01345,0.50,0.80
2008.04.07 10:33:23.586,2.0129,2.01345,0.50,0.80
2008.04.07 10:33:23.854,2.0129,2.01345,0.40,1.00
2008.04.07 10:33:24.118,2.0129,2.01345,0.40,2.60
2008.04.07 10:33:24.301,2.0129,2.01345,0.40,2.60
2008.04.07 10:33:24.630,2.0129,2.01345,0.40,2.60
2008.04.07 10:33:24.958,2.0129,2.01345,0.40,2.60
2008.04.07 10:33:25.288,2.0129,2.01345,0.40,2.60
2008.04.07 10:33:25.507,2.0129,2.01345,0.40,2.60
2008.04.07 10:33:25.727,2.0129,2.01345,0.40,2.60
2008.04.07 10:33:25.945,2.0129,2.01345,0.40,2.60
2008.04.07 10:33:26.164,2.0129,2.01345,0.40,2.60
2008.04.07 10:33:26.401,2.013,2.01345,0.10,0.80
2008.04.07 10:33:26.736,2.013,2.01345,0.10,0.80
2008.04.07 10:33:27.071,2.0132,2.01345,0.40,0.80
2008.04.07 10:33:27.407,2.0132,2.01345,0.40,0.80
2008.04.07 10:33:27.740,2.0132,2.01345,0.40,0.80
2008.04.07 10:33:28.069,2.0132,2.01345,0.40,0.80
2008.04.07 10:33:28.398,2.0132,2.01355,0.40,1.80
2008.04.07 10:33:28.628,2.0132,2.01355,0.40,0.30
2008.04.07 10:33:28.859,2.0132,2.01365,0.40,2.60
2008.04.07 10:33:29.101,2.0132,2.01365,0.40,2.60
2008.04.07 10:33:29.354,2.0132,2.01365,0.40,2.40
2008.04.07 10:33:29.623,2.0132,2.01365,0.40,4.80
2008.04.07 10:33:29.952,2.0132,2.01365,0.40,4.80
2008.04.07 10:33:30.288,2.0132,2.01365,0.40,2.40
2008.04.07 10:33:30.612,2.0132,2.01365,0.40,2.40
2008.04.07 10:33:30.880,2.0132,2.01365,0.40,2.40
2008.04.07 10:33:31.149,2.0132,2.01365,0.40,2.60
2008.04.07 10:33:31.419,2.0132,2.01365,0.40,2.60
2008.04.07 10:33:31.754,2.0132,2.01365,0.40,2.60
2008.04.07 10:33:32.089,2.0132,2.01365,0.40,2.60
2008.04.07 10:33:32.423,2.0132,2.01365,0.40,2.60
2008.04.07 10:33:32.758,2.0132,2.01365,0.40,2.60
2008.04.07 10:33:33.130,2.0132,2.01355,0.40,0.30
2008.04.07 10:33:33.466,2.0132,2.01365,0.40,2.40
2008.04.07 10:33:33.685,2.0132,2.01365,0.40,2.40
2008.04.07 10:33:33.907,2.0132,2.01365,0.40,2.40
2008.04.07 10:33:34.126,2.0132,2.01365,0.40,2.40
2008.04.07 10:33:34.345,2.0132,2.0136,0.40,0.30
2008.04.07 10:33:34.564,2.0132,2.01355,0.40,0.80
2008.04.07 10:33:34.899,2.0132,2.01355,0.40,0.80
2008.04.07 10:33:35.234,2.0132,2.01355,0.40,0.80
2008.04.07 10:33:35.567,2.0132,2.01355,0.40,0.80
2008.04.07 10:33:35.796,2.0132,2.01355,0.40,0.80
2008.04.07 10:33:36.027,2.0132,2.01355,0.40,0.80
2008.04.07 10:33:36.258,2.0132,2.01355,0.40,0.80
2008.04.07 10:33:36.487,2.0132,2.01355,0.40,0.80
2008.04.07 10:33:36.718,2.0132,2.01355,0.40,0.80
2008.04.07 10:33:37.051,2.0132,2.01355,0.40,0.80
2008.04.07 10:33:37.412,2.0132,2.01355,0.40,0.80
2008.04.07 10:33:37.779,2.0132,2.01355,0.40,0.80
2008.04.07 10:33:38.046,2.0132,2.01355,0.40,0.80
2008.04.07 10:33:38.310,2.0132,2.01355,0.40,0.80
2008.04.07 10:33:38.589,2.0132,2.01355,0.40,0.80
2008.04.07 10:33:38.913,2.0132,2.01355,0.40,0.80
2008.04.07 10:33:39.237,2.0132,2.01355,0.40,0.80
2008.04.07 10:33:39.564,2.0132,2.01355,0.40,0.80
2008.04.07 10:33:39.849,2.0132,2.01355,0.40,0.80
2008.04.07 10:33:40.117,2.0132,2.01355,0.40,0.80
2008.04.07 10:33:40.396,2.0132,2.01355,0.40,0.80
2008.04.07 10:33:40.669,2.0132,2.01355,0.40,0.80
2008.04.07 10:33:40.985,2.0132,2.01355,0.40,0.80
2008.04.07 10:33:41.316,2.0132,2.01355,0.40,0.80
2008.04.07 10:33:41.616,2.0132,2.01355,0.40,0.80
2008.04.07 10:33:41.949,2.0132,2.01355,0.40,0.80
2008.04.07 10:33:42.286,2.0132,2.01355,0.40,0.80
2008.04.07 10:33:42.628,2.0132,2.01355,0.40,0.80
2008.04.07 10:33:42.883,2.0132,2.01355,0.40,0.80
2008.04.07 10:33:43.134,2.0132,2.01355,0.40,0.80
2008.04.07 10:33:43.386,2.0132,2.01355,0.40,0.80
2008.04.07 10:33:43.634,2.0132,2.01355,0.40,0.80
2008.04.07 10:33:43.997,2.0132,2.01355,0.40,0.80
2008.04.07 10:33:44.358,2.0132,2.01355,0.40,0.80
2008.04.07 10:33:44.686,2.0132,2.01355,0.40,0.80
2008.04.07 10:33:44.906,2.0133,2.01355,0.40,0.80
2008.04.07 10:33:45.156,2.0133,2.01355,0.40,0.80
2008.04.07 10:33:45.417,2.0133,2.01355,0.40,0.80
2008.04.07 10:33:45.676,2.0133,2.01365,0.40,2.60
2008.04.07 10:33:45.894,2.0133,2.0136,0.40,0.10
2008.04.07 10:33:46.202,2.0133,2.0136,0.40,0.10
2008.04.07 10:33:46.507,2.0131,2.0135,0.40,0.10
2008.04.07 10:33:46.813,2.0131,2.0135,0.40,0.10
2008.04.07 10:33:50.710,2.0132,2.01355,0.40,4.00
2008.04.07 10:33:50.886,2.0132,2.01345,0.40,0.80
2008.04.07 10:33:50.901,2.0132,2.01345,0.40,0.80
2008.04.07 10:33:50.993,2.0132,2.01345,0.40,0.80
2008.04.07 10:33:51.082,2.0132,2.01345,0.40,0.80
2008.04.07 10:33:51.160,2.0132,2.01345,0.40,0.80
2008.04.07 10:33:51.258,2.0132,2.01345,0.40,0.80
2008.04.07 10:33:51.344,2.0132,2.01345,0.40,0.80
2008.04.07 10:33:51.443,2.0132,2.01345,0.40,0.80
2008.04.07 10:33:51.528,2.0132,2.01345,0.40,0.80
2008.04.07 10:33:51.616,2.0132,2.01345,0.40,0.80
2008.04.07 10:33:51.700,2.0132,2.01345,0.40,0.80
2008.04.07 10:33:52.033,2.0132,2.01345,0.40,0.80
2008.04.07 10:33:52.368,2.0132,2.01345,0.40,0.80
2008.04.07 10:33:52.705,2.0132,2.01345,0.40,0.80
2008.04.07 10:33:52.939,2.0132,2.01345,0.40,0.80
2008.04.07 10:33:53.174,2.0132,2.01345,0.40,0.80
2008.04.07 10:33:53.408,2.0132,2.01345,0.40,0.80
2008.04.07 10:33:53.642,2.0132,2.01345,0.40,0.80
2008.04.07 10:33:53.876,2.0132,2.01345,0.40,0.80
2008.04.07 10:33:55.337,2.0132,2.01345,0.40,0.80
2008.04.07 10:33:55.729,2.0132,2.01375,0.40,1.00
2008.04.07 10:33:55.826,2.0132,2.01375,0.40,1.00
2008.04.07 10:33:55.921,2.0132,2.01375,0.40,1.00
2008.04.07 10:33:56.022,2.0132,2.01375,0.40,2.60
2008.04.07 10:33:56.114,2.0132,2.01375,0.40,2.60
2008.04.07 10:33:56.227,2.0132,2.01375,0.40,2.60
2008.04.07 10:33:56.286,2.0132,2.01375,0.40,2.60
2008.04.07 10:33:56.375,2.0132,2.01375,0.40,2.60
2008.04.07 10:33:56.708,2.0132,2.01375,0.40,2.60
2008.04.07 10:33:57.044,2.0132,2.0137,0.40,0.30
2008.04.07 10:33:57.381,2.0132,2.01375,0.40,2.60
2008.04.07 10:33:57.716,2.0132,2.01375,0.40,2.60
2008.04.07 10:33:58.050,2.0132,2.0137,0.40,0.30
2008.04.07 10:33:58.384,2.0132,2.0137,0.40,0.30
2008.04.07 10:33:58.622,2.0132,2.0137,0.40,0.30
2008.04.07 10:33:58.861,2.0132,2.0137,0.40,0.30
2008.04.07 10:33:59.100,2.0132,2.0137,0.40,0.30
2008.04.07 10:33:59.339,2.0132,2.0137,0.40,0.30
2008.04.07 10:33:59.577,2.0132,2.01375,0.40,2.60
2008.04.07 10:33:59.886,2.0132,2.01375,0.40,2.60
2008.04.07 10:34:00.196,2.0132,2.0137,0.40,0.30
2008.04.07 10:34:00.506,2.0132,2.01375,0.40,2.60
2008.04.07 10:34:00.794,2.0132,2.01375,0.40,2.60
2008.04.07 10:34:01.004,2.0132,2.01375,0.40,2.60
2008.04.07 10:34:01.253,2.0132,2.01375,0.40,2.60
2008.04.07 10:34:01.537,2.0132,2.01375,0.40,2.60
2008.04.07 10:34:01.871,2.0132,2.01375,0.40,2.60
2008.04.07 10:34:02.205,2.0132,2.01375,0.40,2.60
2008.04.07 10:34:02.539,2.0132,2.01365,0.40,0.80
2008.04.07 10:34:02.938,2.0132,2.01365,0.40,0.80
2008.04.07 10:34:03.236,2.0132,2.01365,0.40,0.80
2008.04.07 10:34:03.572,2.0132,2.01355,0.40,0.80
2008.04.07 10:34:03.808,2.0132,2.01355,0.40,0.80
2008.04.07 10:34:04.031,2.0132,2.01345,0.40,0.80
2008.04.07 10:34:04.291,2.0132,2.01345,0.40,0.80
2008.04.07 10:34:04.479,2.0132,2.01345,0.40,0.80
2008.04.07 10:34:04.807,2.0132,2.01375,0.40,1.80
2008.04.07 10:34:05.137,2.0132,2.01375,0.40,1.60
2008.04.07 10:34:05.505,2.0132,2.01375,0.40,1.60
2008.04.07 10:34:05.794,2.0132,2.01375,0.40,1.60
2008.04.07 10:34:06.019,2.0132,2.01375,0.40,1.60
2008.04.07 10:34:06.243,2.0132,2.01375,0.40,1.60
2008.04.07 10:34:06.467,2.0132,2.01375,0.40,1.60
2008.04.07 10:34:06.801,2.0132,2.01375,0.40,1.60
2008.04.07 10:34:07.135,2.0132,2.01375,0.50,1.60
2008.04.07 10:34:07.469,2.0132,2.01365,0.50,0.80
2008.04.07 10:34:07.803,2.0134,2.0138,0.40,0.10
2008.04.07 10:34:08.137,2.0134,2.0138,0.40,0.10
2008.04.07 10:34:08.472,2.0134,2.01365,0.40,0.80
2008.04.07 10:34:08.806,2.0134,2.01345,0.40,0.80
2008.04.07 10:34:09.056,2.0134,2.01345,0.40,0.80
2008.04.07 10:34:09.302,2.0134,2.01345,0.40,0.80
2008.04.07 10:34:09.553,2.0134,2.01345,0.40,0.80
2008.04.07 10:34:09.857,2.0134,2.01345,0.40,0.80
2008.04.07 10:34:10.161,2.0134,2.01345,0.40,0.80
2008.04.07 10:34:10.474,2.0134,2.01345,0.40,0.80
2008.04.07 10:34:10.779,2.0134,2.01345,0.40,0.80
2008.04.07 10:34:11.069,2.0134,2.01345,0.40,0.80
2008.04.07 10:34:11.359,2.0134,2.01345,0.40,0.80
2008.04.07 10:34:11.649,2.0134,2.01345,0.40,0.80
2008.04.07 10:34:11.983,2.0134,2.01345,0.40,0.80
2008.04.07 10:34:12.318,2.0134,2.01345,0.40,0.80
2008.04.07 10:34:12.653,2.0133,2.01345,0.50,0.80
2008.04.07 10:34:12.882,2.0133,2.01345,0.50,0.80
2008.04.07 10:34:13.112,2.0134,2.01345,0.40,0.80
2008.04.07 10:34:13.341,2.0134,2.01345,0.40,0.80
2008.04.07 10:34:13.571,2.0134,2.01345,0.40,0.80
2008.04.07 10:34:13.799,2.0134,2.01345,0.40,0.80
2008.04.07 10:34:14.123,2.0134,2.01345,0.40,0.80
2008.04.07 10:34:14.484,2.0134,2.01345,0.40,0.80
2008.04.07 10:34:14.809,2.0134,2.01345,0.40,0.80
2008.04.07 10:34:15.074,2.0134,2.01345,0.40,0.80
2008.04.07 10:34:15.338,2.0134,2.01345,0.40,0.80
2008.04.07 10:34:15.603,2.0134,2.01345,0.40,0.80
2008.04.07 10:34:15.866,2.0134,2.01345,0.40,0.80
2008.04.07 10:34:16.141,2.0134,2.01345,0.40,0.80
2008.04.07 10:34:16.420,2.0134,2.01345,0.40,0.80
2008.04.07 10:34:16.693,2.0133,2.01345,0.40,0.80
2008.04.07 10:34:17.028,2.0133,2.01345,0.40,0.80
2008.04.07 10:34:17.361,2.0133,2.0137,0.40,0.10
2008.04.07 10:34:17.697,2.0132,2.0137,0.40,0.10
2008.04.07 10:34:18.031,2.0134,2.01355,0.40,0.80
2008.04.07 10:34:18.271,2.0134,2.01355,0.40,0.80
2008.04.07 10:34:18.512,2.0133,2.01355,0.40,0.80
2008.04.07 10:34:18.750,2.0133,2.01355,0.40,0.80
2008.04.07 10:34:19.060,2.0133,2.01355,0.40,0.80
2008.04.07 10:34:19.369,2.0133,2.01355,0.40,0.80
2008.04.07 10:34:19.678,2.0133,2.01355,0.40,0.80
2008.04.07 10:34:19.987,2.0133,2.01355,0.40,0.80
2008.04.07 10:34:20.233,2.0133,2.01355,0.40,0.80
2008.04.07 10:34:20.477,2.0133,2.01355,0.40,0.80
2008.04.07 10:34:20.722,2.0133,2.01355,0.40,0.80
2008.04.07 10:34:20.966,2.0133,2.01355,0.40,0.80
2008.04.07 10:34:21.283,2.0133,2.01355,0.40,0.80
2008.04.07 10:34:21.598,2.0133,2.01355,0.40,0.80
2008.04.07 10:34:21.913,2.0133,2.01355,0.40,0.80
2008.04.07 10:34:22.248,2.0133,2.01355,0.40,0.80
2008.04.07 10:34:22.582,2.0133,2.01355,0.40,0.80
2008.04.07 10:34:22.918,2.0133,2.01355,0.40,0.80
2008.04.07 10:34:23.133,2.0133,2.01355,0.40,0.80
2008.04.07 10:34:23.349,2.0133,2.01355,0.40,0.80
2008.04.07 10:34:23.564,2.0133,2.01355,0.40,0.80
2008.04.07 10:34:23.782,2.0133,2.01355,0.40,0.80
2008.04.07 10:34:24.005,2.0133,2.01355,0.40,0.80
2008.04.07 10:34:24.358,2.0133,2.01355,0.40,0.80
2008.04.07 10:34:24.694,2.0133,2.01355,0.40,0.80
2008.04.07 10:34:25.065,2.0133,2.01355,0.40,0.80
2008.04.07 10:34:25.320,2.0133,2.01355,0.40,0.80
2008.04.07 10:34:25.495,2.0133,2.01355,0.40,0.80
2008.04.07 10:34:25.709,2.0133,2.01355,0.40,0.80
2008.04.07 10:34:25.959,2.0133,2.01355,0.40,0.80
2008.04.07 10:34:26.136,2.0133,2.01355,0.40,0.80
2008.04.07 10:34:26.469,2.0133,2.01355,0.40,0.80
2008.04.07 10:34:26.802,2.0133,2.01355,0.40,0.80
2008.04.07 10:34:27.135,2.0133,2.01355,0.40,0.80
2008.04.07 10:34:27.470,2.0133,2.01355,0.40,0.80
2008.04.07 10:34:27.806,2.0133,2.01355,0.40,0.80
2008.04.07 10:34:28.140,2.0133,2.01355,0.40,0.80
2008.04.07 10:34:28.364,2.0132,2.0135,0.40,0.10
2008.04.07 10:34:28.589,2.0132,2.0135,0.40,0.10
2008.04.07 10:34:28.843,2.0132,2.0135,0.40,0.10
2008.04.07 10:34:29.099,2.0132,2.0135,0.40,0.10
2008.04.07 10:34:29.433,2.0132,2.0135,0.40,0.10
2008.04.07 10:34:29.804,2.0132,2.0135,0.40,0.10
2008.04.07 10:34:30.176,2.0132,2.0135,0.40,0.10
2008.04.07 10:34:30.400,2.0132,2.0135,0.40,0.10
2008.04.07 10:34:30.623,2.0132,2.0135,0.40,0.10
2008.04.07 10:34:30.846,2.0132,2.0135,0.40,0.10
2008.04.07 10:34:31.070,2.0132,2.0135,0.40,0.10
2008.04.07 10:34:31.404,2.0132,2.0135,0.40,0.10
2008.04.07 10:34:31.738,2.0132,2.0135,0.40,0.10
2008.04.07 10:34:32.073,2.0132,2.0135,0.40,0.10
2008.04.07 10:34:32.406,2.0132,2.0135,0.40,0.10
2008.04.07 10:34:32.740,2.0132,2.0135,0.40,0.10
2008.04.07 10:34:33.074,2.0132,2.0135,0.40,0.10
2008.04.07 10:34:33.303,2.0132,2.0135,0.40,0.10
2008.04.07 10:34:33.532,2.0132,2.0135,0.40,0.10
2008.04.07 10:34:33.764,2.0132,2.0135,0.40,0.10
2008.04.07 10:34:34.030,2.0132,2.0135,0.40,0.10
2008.04.07 10:34:34.294,2.0132,2.0135,0.40,0.10
2008.04.07 10:34:34.580,2.0132,2.0135,0.40,0.10
2008.04.07 10:34:34.900,2.0132,2.0135,0.40,0.10
2008.04.07 10:34:35.234,2.0132,2.0135,0.40,0.10
2008.04.07 10:34:35.453,2.0132,2.0135,0.40,0.10
2008.04.07 10:34:35.723,2.0132,2.0135,0.40,0.10
2008.04.07 10:34:36.034,2.0132,2.0135,0.40,0.10
2008.04.07 10:34:36.342,2.0132,2.0135,0.40,0.10
2008.04.07 10:34:36.674,2.0132,2.0135,0.40,0.10
2008.04.07 10:34:37.053,2.0132,2.0135,0.40,0.10
2008.04.07 10:34:37.422,2.0132,2.0135,0.40,0.10
2008.04.07 10:34:37.801,2.0132,2.0135,0.40,0.10
2008.04.07 10:34:38.169,2.0132,2.0135,0.40,0.10
2008.04.07 10:34:38.350,2.0132,2.0135,0.40,0.10
2008.04.07 10:34:38.529,2.0132,2.0135,0.40,0.10
2008.04.07 10:34:38.708,2.0132,2.0135,0.40,0.10
2008.04.07 10:34:38.886,2.0132,2.0135,0.40,0.10
2008.04.07 10:34:39.078,2.0132,2.0135,0.40,0.10
2008.04.07 10:34:39.298,2.0132,2.0135,0.40,0.10
2008.04.07 10:34:39.632,2.0132,2.0135,0.40,0.10
2008.04.07 10:34:39.967,2.0132,2.0135,0.40,0.10
2008.04.07 10:34:40.302,2.0132,2.0135,0.40,0.10
2008.04.07 10:34:40.555,2.0132,2.0135,0.40,0.10
2008.04.07 10:34:40.827,2.0132,2.0135,0.40,0.10
2008.04.07 10:34:41.056,2.0132,2.0135,0.40,0.10
2008.04.07 10:34:41.286,2.0132,2.0135,0.40,0.10
2008.04.07 10:34:41.622,2.0132,2.0135,0.40,0.10
2008.04.07 10:34:41.957,2.0132,2.0135,0.40,0.10
2008.04.07 10:34:42.291,2.0132,2.0135,0.40,0.10
2008.04.07 10:34:42.612,2.0132,2.0135,0.40,0.10
2008.04.07 10:34:42.930,2.0132,2.0135,0.40,0.10
2008.04.07 10:34:43.249,2.0132,2.0135,0.40,0.10
2008.04.07 10:34:43.571,2.0132,2.0135,0.40,0.10
2008.04.07 10:34:43.851,2.0132,2.0135,0.40,0.10
2008.04.07 10:34:44.164,2.0132,2.0135,0.40,0.10
2008.04.07 10:34:44.442,2.0132,2.0135,0.40,0.10
2008.04.07 10:34:44.701,2.0132,2.0135,0.40,0.10
2008.04.07 10:34:44.963,2.0132,2.0135,0.40,0.10
2008.04.07 10:34:45.227,2.0132,2.0135,0.40,0.10
2008.04.07 10:34:45.488,2.0132,2.0135,0.40,0.10
2008.04.07 10:34:45.812,2.0132,2.0135,0.40,0.10
2008.04.07 10:34:46.102,2.0132,2.0135,0.40,0.10
2008.04.07 10:34:46.394,2.0132,2.0135,0.40,0.10
2008.04.07 10:34:46.683,2.0132,2.0135,0.40,0.10
2008.04.07 10:34:47.018,2.0132,2.0135,0.40,0.10
2008.04.07 10:34:47.351,2.0132,2.0135,0.40,0.10
2008.04.07 10:34:47.687,2.0132,2.0135,0.40,0.10
2008.04.07 10:34:48.022,2.0132,2.0135,0.40,0.10
2008.04.07 10:34:48.355,2.0132,2.0135,0.40,0.10
2008.04.07 10:34:48.689,2.0132,2.0135,0.40,0.10
2008.04.07 10:34:48.920,2.0132,2.0135,0.40,0.10
2008.04.07 10:34:49.185,2.0132,2.0135,0.40,0.10
2008.04.07 10:34:49.416,2.0132,2.0135,0.40,0.10
2008.04.07 10:34:49.646,2.0132,2.0135,0.40,0.10
2008.04.07 10:34:49.935,2.0132,2.0135,0.40,0.10
2008.04.07 10:34:50.223,2.0132,2.0135,0.40,0.10
2008.04.07 10:34:50.509,2.0132,2.0135,0.40,0.10
2008.04.07 10:34:50.796,2.0132,2.0135,0.40,0.10
2008.04.07 10:34:51.070,2.0132,2.0135,0.40,0.10
2008.04.07 10:34:51.354,2.0132,2.0135,0.40,0.10
2008.04.07 10:34:51.604,2.0133,2.01365,0.40,2.40
2008.04.07 10:34:51.937,2.0133,2.01365,0.40,2.40
2008.04.07 10:34:52.271,2.0133,2.01365,0.40,2.40
2008.04.07 10:34:52.606,2.0133,2.01365,0.40,2.40
2008.04.07 10:34:52.910,2.0133,2.01365,0.40,2.40
2008.04.07 10:34:53.215,2.0133,2.01365,0.40,2.40
2008.04.07 10:34:53.519,2.0133,2.01365,0.40,2.40
2008.04.07 10:34:53.824,2.0133,2.01365,0.40,2.40
2008.04.07 10:34:54.100,2.0133,2.01355,0.40,1.60
2008.04.07 10:34:54.370,2.0133,2.01355,0.40,1.60
2008.04.07 10:34:54.643,2.0132,2.0135,0.40,0.10
2008.04.07 10:34:54.944,2.0132,2.0135,0.40,0.10
2008.04.07 10:34:55.209,2.0132,2.0135,0.40,0.10
2008.04.07 10:34:55.511,2.0132,2.0135,0.40,0.10
2008.04.07 10:34:55.811,2.0132,2.0135,0.40,0.10
2008.04.07 10:34:56.078,2.0132,2.0135,0.40,0.10
2008.04.07 10:34:56.383,2.0132,2.0135,0.40,0.10
2008.04.07 10:34:56.687,2.0132,2.0135,0.40,0.10
2008.04.07 10:34:57.022,2.0132,2.0135,0.40,0.10
2008.04.07 10:34:57.359,2.0131,2.0134,0.40,0.10
2008.04.07 10:34:57.693,2.0131,2.0134,0.40,0.10
2008.04.07 10:34:57.922,2.0131,2.0134,0.40,0.10
2008.04.07 10:34:58.151,2.0131,2.0134,0.40,0.10
2008.04.07 10:34:58.379,2.0131,2.0134,0.40,0.10
2008.04.07 10:34:58.610,2.0131,2.0134,0.40,0.10
2008.04.07 10:34:58.857,2.0131,2.0134,0.40,0.10
2008.04.07 10:34:59.162,2.0131,2.0134,0.40,0.10
2008.04.07 10:34:59.469,2.0131,2.0134,0.40,0.10
2008.04.07 10:34:59.806,2.0131,2.0134,0.40,0.10
2008.04.07 10:35:00.088,2.0131,2.0134,0.40,0.10
2008.04.07 10:35:00.371,2.0131,2.0134,0.40,0.10
2008.04.07 10:35:00.577,2.0131,2.0134,0.40,0.10
2008.04.07 10:35:00.865,2.0131,2.0134,0.40,0.10
2008.04.07 10:35:01.121,2.0131,2.0134,0.40,0.10
2008.04.07 10:35:01.417,2.0131,2.0134,0.40,0.10
2008.04.07 10:35:01.751,2.0131,2.0134,0.40,0.10
2008.04.07 10:35:02.124,2.0131,2.0134,0.40,0.10
2008.04.07 10:35:02.495,2.0131,2.0134,0.40,0.10
2008.04.07 10:35:02.829,2.0131,2.0134,0.40,0.10
2008.04.07 10:35:03.095,2.0131,2.0134,0.40,0.10
2008.04.07 10:35:03.285,2.0131,2.0134,0.40,0.10
2008.04.07 10:35:03.514,2.0131,2.0134,0.40,0.10
2008.04.07 10:35:03.744,2.0131,2.0134,0.40,0.10
2008.04.07 10:35:04.027,2.0131,2.0134,0.40,0.10
2008.04.07 10:35:04.311,2.0131,2.0134,0.40,0.10
2008.04.07 10:35:04.596,2.013,2.0134,0.40,0.10
2008.04.07 10:35:04.881,2.013,2.0134,0.40,0.10
2008.04.07 10:35:05.114,2.013,2.0134,0.40,0.10
2008.04.07 10:35:05.348,2.013,2.0134,0.40,0.10
2008.04.07 10:35:05.615,2.013,2.0134,0.40,0.10
2008.04.07 10:35:05.889,2.013,2.0134,0.40,0.10
2008.04.07 10:35:06.195,2.013,2.0134,0.40,0.10
2008.04.07 10:35:06.503,2.013,2.0134,0.40,0.10
2008.04.07 10:35:06.806,2.013,2.0134,0.40,0.10
2008.04.07 10:35:07.117,2.013,2.0134,0.40,0.10
2008.04.07 10:35:07.449,2.013,2.0134,0.40,0.10
2008.04.07 10:35:07.782,2.013,2.0134,0.40,0.10
2008.04.07 10:35:08.165,2.013,2.0134,0.40,0.10
2008.04.07 10:35:08.394,2.013,2.0134,0.40,0.10
2008.04.07 10:35:08.591,2.013,2.0134,0.40,0.10
2008.04.07 10:35:08.825,2.013,2.0134,0.40,0.10
2008.04.07 10:35:09.059,2.013,2.0134,0.40,0.10
2008.04.07 10:35:09.399,2.013,2.0134,0.40,0.10
2008.04.07 10:35:09.709,2.013,2.0134,0.40,0.10
2008.04.07 10:35:10.018,2.013,2.0134,0.40,0.10
2008.04.07 10:35:10.297,2.013,2.0134,0.40,0.10
2008.04.07 10:35:10.586,2.013,2.0134,0.40,0.10
2008.04.07 10:35:10.872,2.013,2.0134,0.40,0.10
2008.04.07 10:35:11.166,2.013,2.0134,0.40,0.10
2008.04.07 10:35:11.460,2.013,2.0134,0.40,0.10
2008.04.07 10:35:11.793,2.013,2.0134,0.40,0.10
2008.04.07 10:35:12.141,2.013,2.0134,0.40,0.10
2008.04.07 10:35:12.514,2.013,2.0134,0.40,0.10
2008.04.07 10:35:12.848,2.013,2.0134,0.40,0.10
2008.04.07 10:35:13.181,2.013,2.0134,0.40,0.10
2008.04.07 10:35:13.396,2.013,2.0134,0.40,0.10
2008.04.07 10:35:13.612,2.013,2.0134,0.40,0.10
2008.04.07 10:35:13.826,2.013,2.0134,0.40,0.10
2008.04.07 10:35:14.039,2.013,2.0134,0.40,0.10
2008.04.07 10:35:14.368,2.013,2.0134,0.40,0.10
2008.04.07 10:35:14.696,2.013,2.0134,0.40,0.10
2008.04.07 10:35:15.024,2.013,2.0134,0.40,0.10
2008.04.07 10:35:15.353,2.013,2.0134,0.40,0.10
2008.04.07 10:35:15.592,2.013,2.0134,0.40,0.10
2008.04.07 10:35:15.833,2.013,2.0134,0.40,0.10
2008.04.07 10:35:16.075,2.013,2.0134,0.40,0.10
2008.04.07 10:35:16.408,2.013,2.0134,0.40,0.10
2008.04.07 10:35:16.743,2.013,2.0134,0.40,0.10
2008.04.07 10:35:17.076,2.013,2.0134,0.40,0.10
2008.04.07 10:35:17.410,2.013,2.0134,0.40,0.10
2008.04.07 10:35:17.744,2.013,2.0134,0.40,0.10
2008.04.07 10:35:18.078,2.013,2.0134,0.40,0.10
2008.04.07 10:35:18.317,2.013,2.0134,0.40,0.10
2008.04.07 10:35:18.584,2.013,2.0134,0.40,0.10
2008.04.07 10:35:18.849,2.013,2.0134,0.40,0.10
2008.04.07 10:35:19.041,2.013,2.0134,0.40,0.10
2008.04.07 10:35:19.320,2.013,2.0134,0.40,0.10
2008.04.07 10:35:19.599,2.013,2.0134,0.40,0.10
2008.04.07 10:35:19.878,2.013,2.0134,0.40,0.10
2008.04.07 10:35:20.158,2.013,2.0134,0.40,0.10
2008.04.07 10:35:20.475,2.013,2.0134,0.40,0.10
2008.04.07 10:35:20.799,2.013,2.0134,0.40,0.10
2008.04.07 10:35:21.083,2.013,2.0134,0.40,0.10
2008.04.07 10:35:21.416,2.013,2.0134,0.40,0.10
2008.04.07 10:35:21.750,2.013,2.0134,0.40,0.10
2008.04.07 10:35:22.084,2.013,2.0134,0.40,0.10
2008.04.07 10:35:22.418,2.013,2.0134,0.40,0.10
2008.04.07 10:35:22.753,2.013,2.0134,0.40,0.10
2008.04.07 10:35:23.086,2.013,2.0134,0.40,0.10
2008.04.07 10:35:23.421,2.013,2.0134,0.40,0.10
2008.04.07 10:35:23.635,2.013,2.0134,0.40,0.10
2008.04.07 10:35:23.849,2.013,2.0134,0.40,0.10
2008.04.07 10:35:24.063,2.013,2.0134,0.40,0.10
2008.04.07 10:35:24.297,2.013,2.0134,0.40,0.10
2008.04.07 10:35:24.669,2.013,2.0134,0.40,0.10
2008.04.07 10:35:25.039,2.013,2.0134,0.40,0.10
2008.04.07 10:35:25.408,2.013,2.0134,0.40,0.10
2008.04.07 10:35:25.680,2.013,2.0134,0.40,0.10
2008.04.07 10:35:25.906,2.013,2.0134,0.40,0.10
2008.04.07 10:35:26.148,2.013,2.0134,0.40,0.10
2008.04.07 10:35:26.484,2.0129,2.01335,0.40,0.30
2008.04.07 10:35:26.857,2.0129,2.01335,0.40,1.00
2008.04.07 10:35:27.193,2.0129,2.01335,0.40,0.80
2008.04.07 10:35:27.529,2.0129,2.01335,0.40,1.00
2008.04.07 10:35:27.864,2.0129,2.01335,0.40,1.00
2008.04.07 10:35:28.200,2.0129,2.01335,0.40,0.80
2008.04.07 10:35:28.464,2.0129,2.01335,0.40,0.80
2008.04.07 10:35:28.724,2.0129,2.01335,0.40,0.80
2008.04.07 10:35:28.987,2.0129,2.01335,0.40,0.80
2008.04.07 10:35:29.173,2.0129,2.01335,0.40,0.80
2008.04.07 10:35:29.395,2.0129,2.01335,0.40,0.80
2008.04.07 10:35:29.700,2.0129,2.01335,0.40,1.00
2008.04.07 10:35:30.005,2.0129,2.01335,0.40,1.00
2008.04.07 10:35:30.309,2.0129,2.01335,0.40,1.00
2008.04.07 10:35:30.573,2.0129,2.01335,0.40,1.00
2008.04.07 10:35:30.837,2.0129,2.01335,0.40,1.00
2008.04.07 10:35:31.101,2.0129,2.01335,0.40,1.00
2008.04.07 10:35:31.366,2.0129,2.01335,0.40,1.00
2008.04.07 10:35:31.700,2.0129,2.01335,0.40,1.00
2008.04.07 10:35:32.034,2.0129,2.01335,0.40,1.00
2008.04.07 10:35:32.370,2.0129,2.01335,0.40,0.80
2008.04.07 10:35:32.685,2.0129,2.01335,0.40,1.00
2008.04.07 10:35:32.998,2.0129,2.01335,0.40,1.00
2008.04.07 10:35:33.312,2.0129,2.01335,0.40,1.00
2008.04.07 10:35:33.625,2.0129,2.01335,0.40,1.00
2008.04.07 10:35:33.901,2.0129,2.01335,0.40,1.00
2008.04.07 10:35:34.174,2.0129,2.01335,0.40,1.00
2008.04.07 10:35:34.485,2.0129,2.01335,0.40,1.00
2008.04.07 10:35:34.733,2.0129,2.01335,0.40,1.00
2008.04.07 10:35:34.984,2.0129,2.01335,0.40,1.00
2008.04.07 10:35:35.244,2.0129,2.01335,0.40,0.80
2008.04.07 10:35:35.460,2.0129,2.01335,0.40,1.00
2008.04.07 10:35:35.802,2.0129,2.01335,0.40,1.00
2008.04.07 10:35:36.128,2.0129,2.01335,0.40,1.00
2008.04.07 10:35:36.458,2.0129,2.01335,0.40,1.00
2008.04.07 10:35:36.792,2.0129,2.01335,0.40,1.00
2008.04.07 10:35:37.126,2.0129,2.01335,0.40,1.00
2008.04.07 10:35:37.460,2.0129,2.01335,0.40,1.00
2008.04.07 10:35:37.794,2.0129,2.01335,0.40,1.00
2008.04.07 10:35:38.129,2.0129,2.01335,0.40,1.00
2008.04.07 10:35:38.462,2.0129,2.01335,0.40,1.00
2008.04.07 10:35:38.703,2.0129,2.01335,0.40,1.00
2008.04.07 10:35:38.969,2.0129,2.01335,0.40,1.00
2008.04.07 10:35:39.230,2.0129,2.01335,0.40,1.00
2008.04.07 10:35:39.495,2.0129,2.01335,0.40,1.00
2008.04.07 10:35:39.786,2.0129,2.01335,0.40,1.00
2008.04.07 10:35:40.095,2.0129,2.01335,0.40,1.00
2008.04.07 10:35:40.402,2.0129,2.01335,0.40,0.80
2008.04.07 10:35:40.679,2.0129,2.01335,0.40,0.80
2008.04.07 10:35:40.970,2.013,2.01335,0.40,0.80
2008.04.07 10:35:41.256,2.013,2.01335,0.40,0.80
2008.04.07 10:35:41.540,2.013,2.01335,0.40,0.80
2008.04.07 10:35:41.877,2.013,2.01335,0.40,0.80
2008.04.07 10:35:42.216,2.013,2.01335,0.40,0.80
2008.04.07 10:35:42.549,2.0129,2.01335,0.40,1.00
2008.04.07 10:35:42.884,2.0129,2.01335,0.40,1.00
2008.04.07 10:35:43.258,2.013,2.01335,0.40,0.80
2008.04.07 10:35:43.623,2.013,2.01335,0.40,0.80
2008.04.07 10:35:43.888,2.0129,2.01335,0.40,0.80
2008.04.07 10:35:44.149,2.0129,2.01335,0.40,0.80
2008.04.07 10:35:44.376,2.0129,2.01335,0.40,0.80
2008.04.07 10:35:44.592,2.0129,2.01335,0.40,0.80
2008.04.07 10:35:44.920,2.0129,2.01335,0.40,0.80
2008.04.07 10:35:45.264,2.0129,2.01335,0.40,1.00
2008.04.07 10:35:45.604,2.0129,2.01335,0.40,1.00
2008.04.07 10:35:45.932,2.0129,2.01335,0.40,1.00
2008.04.07 10:35:46.155,2.0129,2.01335,0.40,1.00
2008.04.07 10:35:46.382,2.0129,2.01335,0.40,1.00
2008.04.07 10:35:46.662,2.0129,2.01335,0.40,1.00
2008.04.07 10:35:46.996,2.0129,2.01335,0.40,1.00
2008.04.07 10:35:47.333,2.0129,2.01335,0.40,0.80
2008.04.07 10:35:47.668,2.0129,2.01335,0.40,1.00
2008.04.07 10:35:48.002,2.0129,2.01335,0.40,1.00
2008.04.07 10:35:48.337,2.0129,2.01335,0.40,1.00
2008.04.07 10:35:48.674,2.0129,2.01335,0.40,1.00
2008.04.07 10:35:48.897,2.0129,2.01335,0.40,1.00
2008.04.07 10:35:49.123,2.0129,2.01335,0.40,1.00
2008.04.07 10:35:49.349,2.0129,2.01335,0.40,1.00
2008.04.07 10:35:49.572,2.0129,2.01335,0.40,1.00
2008.04.07 10:35:49.797,2.0129,2.01335,0.40,1.00
2008.04.07 10:35:50.116,2.0129,2.01335,0.40,1.00
2008.04.07 10:35:50.439,2.0129,2.01335,0.40,1.00
2008.04.07 10:35:50.792,2.0129,2.01335,0.40,1.00
2008.04.07 10:35:51.011,2.0129,2.01335,0.40,1.00
2008.04.07 10:35:51.241,2.0129,2.01335,0.40,1.00
2008.04.07 10:35:51.501,2.0129,2.01335,0.40,1.00
2008.04.07 10:35:51.717,2.0129,2.01335,0.40,1.00
2008.04.07 10:35:51.939,2.0129,2.01335,0.40,1.00
2008.04.07 10:35:52.273,2.0128,2.0133,0.40,0.40
2008.04.07 10:35:52.608,2.0128,2.0133,0.40,0.40
2008.04.07 10:35:52.942,2.0128,2.01325,0.40,0.30
2008.04.07 10:35:53.162,2.0128,2.01325,0.40,0.30
2008.04.07 10:35:53.380,2.0128,2.01325,0.40,0.30
2008.04.07 10:35:53.605,2.0128,2.01325,0.40,0.30
2008.04.07 10:35:53.862,2.0128,2.01325,0.40,0.30
2008.04.07 10:35:54.177,2.0128,2.01325,0.40,0.30
2008.04.07 10:35:54.513,2.0128,2.01325,0.40,0.30
2008.04.07 10:35:54.838,2.0128,2.01325,0.40,0.30
2008.04.07 10:35:55.194,2.0128,2.01325,0.40,0.30
2008.04.07 10:35:55.499,2.0128,2.01325,0.40,0.30
2008.04.07 10:35:55.770,2.0128,2.0132,0.40,0.30
2008.04.07 10:35:56.002,2.0128,2.0132,0.40,0.30
2008.04.07 10:35:56.266,2.01255,2.0132,3.90,0.40
2008.04.07 10:35:56.533,2.01255,2.0132,1.60,0.40
2008.04.07 10:35:56.797,2.01255,2.0132,1.60,0.40
2008.04.07 10:35:57.061,2.01255,2.0132,1.60,0.40
2008.04.07 10:35:57.396,2.01255,2.0132,1.60,0.40
2008.04.07 10:35:57.731,2.0127,2.01315,0.40,0.30
2008.04.07 10:35:58.065,2.0127,2.01315,0.40,1.00
2008.04.07 10:35:58.295,2.0127,2.01315,0.40,2.60
2008.04.07 10:35:58.536,2.0127,2.01315,0.40,2.60
2008.04.07 10:35:58.811,2.0127,2.01315,0.40,2.60
2008.04.07 10:35:59.082,2.0127,2.01315,0.40,2.60
2008.04.07 10:35:59.350,2.0127,2.01315,0.40,2.60
2008.04.07 10:35:59.620,2.0127,2.01315,0.40,2.60
2008.04.07 10:35:59.888,2.0127,2.01315,0.40,2.60
2008.04.07 10:36:00.181,2.0127,2.01315,0.40,2.60
2008.04.07 10:36:00.476,2.0127,2.01315,0.40,2.60
2008.04.07 10:36:00.771,2.0127,2.01315,0.40,2.60
2008.04.07 10:36:01.064,2.0127,2.01315,0.40,2.60
2008.04.07 10:36:01.360,2.0127,2.01315,0.40,2.40
2008.04.07 10:36:01.695,2.0127,2.01315,0.40,2.60
2008.04.07 10:36:02.029,2.0127,2.01315,0.40,2.60
2008.04.07 10:36:02.362,2.0127,2.01315,0.40,2.60
2008.04.07 10:36:02.696,2.0127,2.01315,0.40,2.60
2008.04.07 10:36:03.030,2.0127,2.01315,0.40,2.60
2008.04.07 10:36:03.366,2.0127,2.01305,0.40,0.80
2008.04.07 10:36:03.585,2.0127,2.01305,0.40,0.80
2008.04.07 10:36:03.804,2.0127,2.01305,0.40,0.80
2008.04.07 10:36:04.022,2.0127,2.01305,0.40,0.80
2008.04.07 10:36:04.288,2.0127,2.01305,0.40,0.80
2008.04.07 10:36:04.625,2.0127,2.01305,0.40,0.80
2008.04.07 10:36:04.961,2.0127,2.01305,0.40,0.80
2008.04.07 10:36:05.297,2.0127,2.01305,0.40,0.80
2008.04.07 10:36:05.566,2.0127,2.01305,0.40,0.80
2008.04.07 10:36:05.786,2.0127,2.01305,0.40,0.80
2008.04.07 10:36:06.006,2.0127,2.01305,0.40,0.80
2008.04.07 10:36:06.226,2.0127,2.01305,0.40,0.80
2008.04.07 10:36:06.560,2.0127,2.01305,0.40,0.80
2008.04.07 10:36:06.895,2.0127,2.01305,0.40,0.80
2008.04.07 10:36:07.235,2.0127,2.01305,0.40,0.80
2008.04.07 10:36:07.569,2.0127,2.01305,0.40,0.80
2008.04.07 10:36:07.904,2.0127,2.01305,0.40,0.80
2008.04.07 10:36:08.264,2.0126,2.01305,0.40,0.80
2008.04.07 10:36:08.515,2.0126,2.01305,0.40,0.80
2008.04.07 10:36:08.768,2.0126,2.01305,0.40,1.00
2008.04.07 10:36:09.019,2.0126,2.01305,0.40,1.00
2008.04.07 10:36:09.238,2.0126,2.01305,0.40,1.00
2008.04.07 10:36:09.551,2.0126,2.01305,0.40,1.00
2008.04.07 10:36:09.866,2.0126,2.01305,0.40,1.00
2008.04.07 10:36:10.180,2.0125,2.01305,0.40,1.00
2008.04.07 10:36:10.496,2.0125,2.01305,0.40,2.60
2008.04.07 10:36:10.755,2.0125,2.01305,0.40,2.60
2008.04.07 10:36:11.013,2.0125,2.01305,0.40,2.60
2008.04.07 10:36:11.272,2.0125,2.01305,0.40,2.60
2008.04.07 10:36:11.545,2.0125,2.01305,0.40,2.60
2008.04.07 10:36:11.878,2.0125,2.01305,0.40,2.60
2008.04.07 10:36:12.213,2.0125,2.01305,0.40,2.60
2008.04.07 10:36:12.547,2.0125,2.01305,0.40,2.60
2008.04.07 10:36:12.883,2.0127,2.01305,0.40,2.40
2008.04.07 10:36:13.217,2.0127,2.01305,0.40,2.40
2008.04.07 10:36:13.562,2.0127,2.01305,0.40,2.40
2008.04.07 10:36:13.818,2.0127,2.01305,0.40,2.40
2008.04.07 10:36:14.073,2.0127,2.01305,0.40,2.40
2008.04.07 10:36:14.328,2.0127,2.01305,0.40,0.80
2008.04.07 10:36:14.585,2.0127,2.01305,0.40,0.80
2008.04.07 10:36:14.886,2.0127,2.01305,0.40,0.80
2008.04.07 10:36:15.190,2.0127,2.01305,0.40,0.80
2008.04.07 10:36:15.522,2.0127,2.01305,0.40,0.80
2008.04.07 10:36:15.818,2.0127,2.01305,0.40,0.80
2008.04.07 10:36:16.112,2.0127,2.01305,0.40,0.80
2008.04.07 10:36:16.406,2.0127,2.01305,0.40,0.80
2008.04.07 10:36:16.739,2.0127,2.01305,0.40,0.80
2008.04.07 10:36:17.073,2.0127,2.01305,0.40,0.80
2008.04.07 10:36:17.408,2.0127,2.01305,0.40,0.80
2008.04.07 10:36:17.737,2.0127,2.0131,0.40,0.10
2008.04.07 10:36:18.067,2.0126,2.0131,0.10,0.10
2008.04.07 10:36:18.397,2.0126,2.0131,0.10,0.10
2008.04.07 10:36:18.726,2.0126,2.0131,0.10,0.10
2008.04.07 10:36:18.966,2.0126,2.0131,0.10,0.10
2008.04.07 10:36:19.206,2.0126,2.0131,0.10,0.10
2008.04.07 10:36:19.445,2.0126,2.0131,0.10,0.10
2008.04.07 10:36:19.709,2.0125,2.0131,0.10,0.10
2008.04.07 10:36:19.973,2.0125,2.0131,0.10,0.10
2008.04.07 10:36:20.237,2.0125,2.0131,0.10,0.10
2008.04.07 10:36:20.501,2.0125,2.0131,0.10,0.10
2008.04.07 10:36:20.783,2.0126,2.01305,0.40,0.30
2008.04.07 10:36:21.062,2.0126,2.01305,0.40,0.30
2008.04.07 10:36:21.342,2.0125,2.013,0.40,0.40
2008.04.07 10:36:21.646,2.0125,2.013,0.40,0.40
2008.04.07 10:36:21.982,2.0125,2.013,0.40,0.40
2008.04.07 10:36:22.318,2.0125,2.013,0.40,0.40
2008.04.07 10:36:22.651,2.0125,2.013,0.40,0.40
2008.04.07 10:36:22.986,2.0125,2.013,0.40,0.40
2008.04.07 10:36:23.321,2.0125,2.013,0.40,0.40
2008.04.07 10:36:23.657,2.0125,2.013,0.40,0.40
2008.04.07 10:36:23.897,2.0125,2.013,0.40,0.40
2008.04.07 10:36:24.142,2.0125,2.013,0.40,0.40
2008.04.07 10:36:24.376,2.0125,2.01295,0.40,0.80
2008.04.07 10:36:24.620,2.0125,2.01285,0.40,0.80
2008.04.07 10:36:24.824,2.0125,2.01285,0.40,0.80
2008.04.07 10:36:25.158,2.0125,2.01285,0.40,0.80
2008.04.07 10:36:25.493,2.0125,2.01285,0.40,0.80
2008.04.07 10:36:25.828,2.0126,2.01285,0.40,0.80
2008.04.07 10:36:26.062,2.0126,2.01285,0.40,0.80
2008.04.07 10:36:26.296,2.0126,2.01285,0.40,0.80
2008.04.07 10:36:26.530,2.0126,2.01285,0.40,0.80
2008.04.07 10:36:26.765,2.0126,2.01285,0.40,0.80
2008.04.07 10:36:27.101,2.0126,2.01285,0.40,0.80
2008.04.07 10:36:27.435,2.0129,2.0133,0.40,0.10
2008.04.07 10:36:27.770,2.0128,2.01285,0.40,0.80
2008.04.07 10:36:28.101,2.0128,2.01315,0.40,0.80
2008.04.07 10:36:28.429,2.0128,2.01315,0.40,0.80
2008.04.07 10:36:28.800,2.0128,2.01315,0.40,2.40
2008.04.07 10:36:29.026,2.0128,2.0132,0.40,0.10
2008.04.07 10:36:29.253,2.0128,2.0132,0.40,0.10
2008.04.07 10:36:29.477,2.0128,2.0132,0.40,0.40
2008.04.07 10:36:29.701,2.0128,2.01315,0.40,1.80
2008.04.07 10:36:29.925,2.0128,2.01315,0.40,1.80
2008.04.07 10:36:30.240,2.0128,2.01305,0.40,1.60
2008.04.07 10:36:30.556,2.0125,2.0129,0.40,0.10
2008.04.07 10:36:30.870,2.0126,2.01305,0.40,2.40
2008.04.07 10:36:31.114,2.0126,2.01305,0.40,1.60
2008.04.07 10:36:31.358,2.0126,2.01305,0.40,1.60
2008.04.07 10:36:31.603,2.0127,2.0131,0.40,0.10
2008.04.07 10:36:31.848,2.0127,2.0131,0.40,0.40
2008.04.07 10:36:32.183,2.0127,2.01305,0.40,2.40
2008.04.07 10:36:32.519,2.0127,2.01305,0.40,1.60
2008.04.07 10:36:32.856,2.0126,2.0131,0.50,0.10
2008.04.07 10:36:33.090,2.0126,2.0131,0.50,0.10
2008.04.07 10:36:33.325,2.0125,2.0129,0.40,0.10
2008.04.07 10:36:33.561,2.0126,2.0129,0.40,0.10
2008.04.07 10:36:33.796,2.0126,2.01285,0.40,0.80
2008.04.07 10:36:34.130,2.0127,2.01285,0.40,0.80
2008.04.07 10:36:34.497,2.0125,2.01285,0.40,1.00
2008.04.07 10:36:34.832,2.0123,2.0128,0.40,0.10
2008.04.07 10:36:35.081,2.0124,2.01285,0.40,0.80
2008.04.07 10:36:35.332,2.0124,2.01285,0.40,1.00
2008.04.07 10:36:35.580,2.0124,2.01285,0.40,1.00
2008.04.07 10:36:35.829,2.0124,2.01285,0.50,0.80
2008.04.07 10:36:36.164,2.0124,2.01285,0.50,0.80
2008.04.07 10:36:36.460,2.0125,2.01285,0.40,0.80
2008.04.07 10:36:36.754,2.0125,2.01285,0.40,0.80
2008.04.07 10:36:37.049,2.0123,2.0127,0.40,0.10
2008.04.07 10:36:37.424,2.0125,2.01285,0.40,0.80
2008.04.07 10:36:37.759,2.0124,2.01285,0.40,0.80
2008.04.07 10:36:38.095,2.0124,2.01285,0.40,2.40
2008.04.07 10:36:38.340,2.0124,2.01285,0.40,2.60
2008.04.07 10:36:38.585,2.0123,2.0128,0.50,0.10
2008.04.07 10:36:38.870,2.0124,2.01285,0.40,2.60
2008.04.07 10:36:39.152,2.0124,2.01285,0.40,2.60
2008.04.07 10:36:39.446,2.0124,2.01285,0.40,2.40
2008.04.07 10:36:39.740,2.0124,2.01285,0.40,2.40
2008.04.07 10:36:40.033,2.0124,2.01285,0.40,2.40
2008.04.07 10:36:40.344,2.0124,2.01285,0.40,2.60
2008.04.07 10:36:40.618,2.0124,2.01285,0.40,2.60
2008.04.07 10:36:40.893,2.0124,2.01285,0.40,2.60
2008.04.07 10:36:41.167,2.0124,2.01285,0.40,2.60
2008.04.07 10:36:41.412,2.0124,2.01285,0.40,2.60
2008.04.07 10:36:41.655,2.0124,2.01285,0.40,2.60
2008.04.07 10:36:41.900,2.0124,2.01285,0.40,2.60
2008.04.07 10:36:42.144,2.0124,2.01285,0.40,2.60
2008.04.07 10:36:42.478,2.0124,2.01285,0.40,2.60
2008.04.07 10:36:42.813,2.0124,2.01275,0.40,1.00
2008.04.07 10:36:43.147,2.0124,2.01275,0.40,1.00
2008.04.07 10:36:43.376,2.0124,2.01285,0.40,1.80
2008.04.07 10:36:43.605,2.0124,2.01285,0.40,1.80
2008.04.07 10:36:43.836,2.0124,2.01265,0.40,1.00
2008.04.07 10:36:44.067,2.01205,2.01255,0.10,0.80
2008.04.07 10:36:44.431,2.0124,2.01275,0.40,1.60
2008.04.07 10:36:44.747,2.0124,2.01275,0.40,1.60
2008.04.07 10:36:45.062,2.0124,2.01275,0.40,2.40
2008.04.07 10:36:45.288,2.0124,2.01275,0.40,0.80
2008.04.07 10:36:45.515,2.0124,2.01255,0.40,0.80
2008.04.07 10:36:45.749,2.0124,2.01245,0.40,0.60
2008.04.07 10:36:45.973,2.0124,2.01285,0.40,1.80
2008.04.07 10:36:46.200,2.0124,2.0128,0.40,0.30
2008.04.07 10:36:46.535,2.0124,2.0128,0.40,0.30
2008.04.07 10:36:46.871,2.0125,2.0129,0.40,0.40
2008.04.07 10:36:47.242,2.0125,2.0129,0.40,0.40
2008.04.07 10:36:47.580,2.0125,2.0129,0.40,0.10
2008.04.07 10:36:47.915,2.0125,2.0129,0.40,0.10
2008.04.07 10:36:48.254,2.0125,2.0128,0.40,0.10
2008.04.07 10:36:48.499,2.0122,2.0127,0.40,0.10
2008.04.07 10:36:48.744,2.0122,2.0127,0.40,0.40
2008.04.07 10:36:49.024,2.0123,2.0127,0.40,0.40
2008.04.07 10:36:49.323,2.0122,2.01255,0.40,0.30
2008.04.07 10:36:49.622,2.0122,2.01255,0.40,0.30
2008.04.07 10:36:49.922,2.0122,2.0126,0.40,0.10
2008.04.07 10:36:50.223,2.0122,2.01255,0.40,0.30
2008.04.07 10:36:50.520,2.0122,2.0126,0.40,0.40
2008.04.07 10:36:50.819,2.0122,2.0126,0.40,0.40
2008.04.07 10:36:51.084,2.0122,2.0126,0.40,0.40
2008.04.07 10:36:51.352,2.0122,2.0126,0.40,0.40
2008.04.07 10:36:51.673,2.0122,2.0126,0.40,0.10
2008.04.07 10:36:52.046,2.0122,2.01265,0.40,1.80
2008.04.07 10:36:52.383,2.0121,2.01265,0.40,1.80
2008.04.07 10:36:52.716,2.0121,2.01265,0.40,1.80
2008.04.07 10:36:53.051,2.0121,2.01265,0.40,1.80
2008.04.07 10:36:53.427,2.0122,2.01275,0.40,1.80
2008.04.07 10:36:53.669,2.0122,2.01275,0.40,1.80
2008.04.07 10:36:53.917,2.0122,2.0127,0.40,0.30
2008.04.07 10:36:54.154,2.0122,2.0127,0.40,0.30
2008.04.07 10:36:54.474,2.0125,2.01285,0.40,2.40
2008.04.07 10:36:54.832,2.0125,2.01295,0.40,0.80
2008.04.07 10:36:55.144,2.0125,2.01295,0.40,0.80
2008.04.07 10:36:55.390,2.0124,2.01295,0.40,1.80
2008.04.07 10:36:55.634,2.0124,2.01295,0.40,1.80
2008.04.07 10:36:55.878,2.0124,2.01275,0.40,0.30
2008.04.07 10:36:56.122,2.01215,2.0127,3.90,0.10
2008.04.07 10:36:56.458,2.0124,2.01285,0.40,1.60
2008.04.07 10:36:56.829,2.0122,2.0128,0.50,0.40
2008.04.07 10:36:57.163,2.0122,2.0128,0.50,0.40
2008.04.07 10:36:57.495,2.0122,2.01275,0.50,1.60
2008.04.07 10:36:57.825,2.0122,2.01275,0.40,1.80
2008.04.07 10:36:58.156,2.0122,2.01275,0.40,0.30
2008.04.07 10:36:58.525,2.0122,2.0128,0.50,0.10
2008.04.07 10:36:58.771,2.0122,2.01255,0.40,0.80
2008.04.07 10:36:59.016,2.0122,2.01255,0.40,0.80
2008.04.07 10:36:59.288,2.0123,2.01255,0.40,0.80
2008.04.07 10:36:59.569,2.0123,2.01245,0.40,0.80
2008.04.07 10:36:59.852,2.0122,2.01275,0.40,0.30
2008.04.07 10:37:00.131,2.0122,2.01275,0.40,0.30
2008.04.07 10:37:00.410,2.0122,2.01275,0.40,0.30
2008.04.07 10:37:00.736,2.0122,2.01275,0.40,0.30
2008.04.07 10:37:01.025,2.0122,2.01275,0.40,0.30
2008.04.07 10:37:01.338,2.0122,2.01275,0.40,1.80
2008.04.07 10:37:01.674,2.0122,2.01275,0.40,1.80
2008.04.07 10:37:02.051,2.01235,2.0128,0.10,0.10
2008.04.07 10:37:02.387,2.01225,2.0128,8.00,0.10
2008.04.07 10:37:02.708,2.0124,2.01275,0.40,0.30
2008.04.07 10:37:03.029,2.0124,2.01275,0.40,0.30
2008.04.07 10:37:03.349,2.0124,2.01275,0.40,0.30
2008.04.07 10:37:03.578,2.0124,2.01275,0.40,0.30
2008.04.07 10:37:03.808,2.0124,2.01275,0.40,0.30
2008.04.07 10:37:04.036,2.0124,2.01275,0.40,0.30
2008.04.07 10:37:04.266,2.0124,2.01275,0.40,0.30
2008.04.07 10:37:04.499,2.0124,2.01275,0.40,0.30
2008.04.07 10:37:04.834,2.0123,2.0127,0.40,0.30
2008.04.07 10:37:05.169,2.0123,2.0127,0.40,0.30
2008.04.07 10:37:05.504,2.0123,2.0127,0.40,0.30
2008.04.07 10:37:05.739,2.0123,2.0127,0.40,0.30
2008.04.07 10:37:05.974,2.0123,2.0127,0.40,0.30
2008.04.07 10:37:06.210,2.0123,2.0127,0.40,0.30
2008.04.07 10:37:06.443,2.0123,2.0127,0.40,0.30
2008.04.07 10:37:06.817,2.0123,2.0127,0.40,0.30
2008.04.07 10:37:07.151,2.0123,2.0127,0.40,0.30
2008.04.07 10:37:07.487,2.0123,2.0127,0.40,0.30
2008.04.07 10:37:07.822,2.0123,2.0127,0.40,0.30
2008.04.07 10:37:08.157,2.0123,2.0127,0.40,0.30
2008.04.07 10:37:08.493,2.0123,2.0127,0.40,0.30
2008.04.07 10:37:08.733,2.0123,2.0127,0.40,0.30
2008.04.07 10:37:08.976,2.0123,2.01265,0.40,0.30
2008.04.07 10:37:09.244,2.0123,2.01265,0.40,0.30
2008.04.07 10:37:09.525,2.0123,2.01255,0.40,0.30
2008.04.07 10:37:09.858,2.0123,2.01255,0.40,0.30
2008.04.07 10:37:10.186,2.0123,2.01255,0.40,0.30
2008.04.07 10:37:10.518,2.0123,2.01255,0.40,0.30
2008.04.07 10:37:10.783,2.0123,2.01245,0.40,0.30
2008.04.07 10:37:11.056,2.0123,2.01245,0.40,0.30
2008.04.07 10:37:11.288,2.0123,2.01245,0.40,0.30
2008.04.07 10:37:11.517,2.0124,2.01245,0.40,0.30
2008.04.07 10:37:11.854,2.0123,2.01235,0.40,0.30
2008.04.07 10:37:12.188,2.0124,2.01275,0.40,1.60
2008.04.07 10:37:12.523,2.0124,2.01275,0.40,1.80
2008.04.07 10:37:12.858,2.0123,2.0127,0.40,0.40
2008.04.07 10:37:13.192,2.0123,2.0127,0.40,0.40
2008.04.07 10:37:13.559,2.0123,2.0127,0.40,0.40
2008.04.07 10:37:13.806,2.0123,2.01265,0.40,0.30
2008.04.07 10:37:14.047,2.0123,2.0127,0.40,0.10
2008.04.07 10:37:14.286,2.0123,2.0127,0.40,0.10
2008.04.07 10:37:14.525,2.0123,2.0127,0.40,0.10
2008.04.07 10:37:14.821,2.0124,2.01275,0.40,1.60
2008.04.07 10:37:15.116,2.0122,2.01275,0.40,1.80
2008.04.07 10:37:15.410,2.0122,2.01275,0.40,1.80
2008.04.07 10:37:15.704,2.0122,2.01275,0.40,1.80
2008.04.07 10:37:15.979,2.01225,2.0128,2.40,0.10
2008.04.07 10:37:16.253,2.01225,2.0128,2.40,0.40
2008.04.07 10:37:16.529,2.0123,2.0127,0.40,0.10
2008.04.07 10:37:16.804,2.0123,2.0127,0.40,0.10
2008.04.07 10:37:17.178,2.0123,2.0127,0.40,0.10
2008.04.07 10:37:17.513,2.0123,2.0127,0.40,0.10
2008.04.07 10:37:17.848,2.0123,2.0127,0.40,0.40
2008.04.07 10:37:18.179,2.0123,2.0127,0.40,0.10
2008.04.07 10:37:18.509,2.0122,2.0127,0.40,0.10
2008.04.07 10:37:18.847,2.0124,2.01285,0.40,1.60
2008.04.07 10:37:19.084,2.0124,2.0129,0.40,0.10
2008.04.07 10:37:19.361,2.0124,2.0129,0.40,0.40
2008.04.07 10:37:19.615,2.0124,2.0129,0.40,0.40
2008.04.07 10:37:19.900,2.0124,2.0129,0.40,0.10
2008.04.07 10:37:20.184,2.0124,2.0129,0.40,0.10
2008.04.07 10:37:20.470,2.0124,2.01285,0.40,0.30
2008.04.07 10:37:20.754,2.0124,2.01285,0.40,0.30
2008.04.07 10:37:21.045,2.0124,2.0129,0.40,0.10
2008.04.07 10:37:21.338,2.0124,2.01285,0.40,0.30
2008.04.07 10:37:21.634,2.0124,2.01285,0.40,0.30
2008.04.07 10:37:21.922,2.0124,2.01295,0.40,1.80
2008.04.07 10:37:22.256,2.0123,2.01295,0.50,1.80
2008.04.07 10:37:22.593,2.0123,2.01275,0.40,0.30
2008.04.07 10:37:22.967,2.01225,2.0128,1.60,0.10
2008.04.07 10:37:23.288,2.0124,2.0128,0.40,0.10
2008.04.07 10:37:23.625,2.0124,2.0128,0.40,0.40
2008.04.07 10:37:23.961,2.0123,2.0128,0.40,0.40
2008.04.07 10:37:24.187,2.0123,2.0128,0.40,0.40
2008.04.07 10:37:24.411,2.0123,2.0128,0.40,0.40
2008.04.07 10:37:24.635,2.0123,2.0128,0.40,0.40
2008.04.07 10:37:24.899,2.0123,2.01275,0.40,0.30
2008.04.07 10:37:25.218,2.01225,2.0126,0.10,0.10
2008.04.07 10:37:25.535,2.0125,2.01305,0.40,3.20
2008.04.07 10:37:25.852,2.0124,2.01295,0.40,1.80
2008.04.07 10:37:26.133,2.0123,2.01295,0.50,1.80
2008.04.07 10:37:26.379,2.0125,2.01295,0.40,1.80
2008.04.07 10:37:26.622,2.0125,2.01295,0.40,1.80
2008.04.07 10:37:26.866,2.0125,2.01295,0.40,1.80
2008.04.07 10:37:27.200,2.0125,2.01295,0.40,1.80
2008.04.07 10:37:27.535,2.0125,2.013,0.40,0.10
2008.04.07 10:37:27.869,2.0125,2.013,0.40,0.10
2008.04.07 10:37:28.203,2.0125,2.013,0.40,0.10
2008.04.07 10:37:28.537,2.0125,2.013,0.40,0.10
2008.04.07 10:37:28.871,2.0125,2.013,0.40,0.10
2008.04.07 10:37:29.091,2.0125,2.013,0.40,0.10
2008.04.07 10:37:29.318,2.0125,2.013,0.40,0.40
2008.04.07 10:37:29.538,2.0125,2.0129,0.40,0.10
2008.04.07 10:37:29.758,2.0125,2.0129,0.40,0.10
2008.04.07 10:37:30.072,2.0125,2.0129,0.40,0.10
2008.04.07 10:37:30.386,2.0125,2.0129,0.40,0.10
2008.04.07 10:37:30.700,2.0125,2.0129,0.40,0.10
2008.04.07 10:37:31.015,2.0126,2.0129,0.40,0.10
2008.04.07 10:37:31.302,2.0126,2.0129,0.40,0.10
2008.04.07 10:37:31.558,2.0126,2.0129,0.40,0.10
2008.04.07 10:37:31.831,2.0126,2.0129,0.40,0.10
2008.04.07 10:37:32.164,2.0126,2.0129,0.40,0.10
2008.04.07 10:37:32.535,2.0126,2.0129,0.40,0.10
2008.04.07 10:37:32.832,2.0126,2.0129,0.40,0.10
2008.04.07 10:37:33.166,2.0126,2.0129,0.40,0.10
2008.04.07 10:37:33.500,2.0126,2.0129,0.40,0.10
2008.04.07 10:37:33.834,2.0126,2.0129,0.40,0.10
2008.04.07 10:37:34.058,2.0126,2.0129,0.40,0.10
2008.04.07 10:37:34.282,2.0126,2.0129,0.40,0.10
2008.04.07 10:37:34.507,2.0126,2.0129,0.40,0.10
2008.04.07 10:37:34.731,2.0128,2.0132,0.40,0.40
2008.04.07 10:37:34.956,2.0128,2.01315,0.40,0.30
2008.04.07 10:37:35.291,2.0128,2.0132,0.40,0.10
2008.04.07 10:37:35.625,2.0128,2.0132,0.40,0.10
2008.04.07 10:37:35.961,2.0128,2.0132,0.40,0.10
2008.04.07 10:37:36.199,2.0128,2.0132,0.40,0.10
2008.04.07 10:37:36.452,2.0128,2.0132,0.40,0.10
2008.04.07 10:37:36.676,2.0128,2.0132,0.40,0.10
2008.04.07 10:37:36.902,2.0128,2.0132,0.40,0.10
2008.04.07 10:37:38.543,2.0128,2.0132,0.40,0.10
2008.04.07 10:37:38.692,2.0129,2.0132,0.40,0.10
2008.04.07 10:37:38.825,2.0129,2.0132,0.40,0.10
2008.04.07 10:37:38.968,2.0129,2.0132,0.40,0.10
2008.04.07 10:37:39.103,2.0129,2.0132,0.40,0.10
2008.04.07 10:37:39.265,2.0129,2.0132,0.40,0.10
2008.04.07 10:37:39.436,2.0129,2.0132,0.40,0.10
2008.04.07 10:37:39.612,2.0129,2.0132,0.40,0.10
2008.04.07 10:37:39.951,2.0129,2.0132,0.40,0.10
2008.04.07 10:37:40.287,2.0129,2.0132,0.40,0.10
2008.04.07 10:37:40.624,2.0129,2.0132,0.40,0.10
2008.04.07 10:37:40.858,2.0129,2.0132,0.40,0.10
2008.04.07 10:37:41.102,2.0129,2.0132,0.40,0.10
2008.04.07 10:37:41.338,2.0129,2.0132,0.40,0.10
2008.04.07 10:37:41.575,2.0128,2.0132,0.40,0.40
2008.04.07 10:37:41.947,2.0128,2.0132,0.40,0.40
2008.04.07 10:37:42.280,2.0128,2.0132,0.40,0.40
2008.04.07 10:37:42.613,2.0128,2.0132,0.40,0.40
2008.04.07 10:37:42.949,2.0128,2.0132,0.40,0.40
2008.04.07 10:37:43.283,2.0128,2.0132,0.40,0.40
2008.04.07 10:37:43.621,2.0128,2.0132,0.40,0.10
2008.04.07 10:37:43.840,2.0128,2.0132,0.40,0.10
2008.04.07 10:37:44.060,2.0129,2.0132,0.40,0.10
2008.04.07 10:37:44.281,2.0129,2.0132,0.40,0.10
2008.04.07 10:37:44.501,2.0129,2.0132,0.40,0.10
2008.04.07 10:37:44.725,2.0129,2.0132,0.40,0.10
2008.04.07 10:37:45.062,2.0128,2.0132,0.40,0.40
2008.04.07 10:37:45.395,2.0128,2.0132,0.40,0.40
2008.04.07 10:37:45.728,2.0128,2.0132,0.40,0.40
2008.04.07 10:37:45.960,2.0128,2.0132,0.40,0.40
2008.04.07 10:37:46.188,2.0128,2.0132,0.40,0.40
2008.04.07 10:37:46.419,2.0128,2.0132,0.40,0.40
2008.04.07 10:37:46.648,2.0128,2.0132,0.40,0.40
2008.04.07 10:37:46.985,2.0128,2.0132,0.40,0.10
2008.04.07 10:37:47.320,2.0128,2.0132,0.40,0.10
2008.04.07 10:37:47.657,2.0129,2.0132,0.40,0.10
2008.04.07 10:37:48.029,2.0129,2.0132,0.40,0.10
2008.04.07 10:37:48.365,2.0129,2.0132,0.40,0.40
2008.04.07 10:37:48.700,2.0129,2.0132,0.40,0.40
2008.04.07 10:37:48.941,2.0129,2.0132,0.40,0.40
2008.04.07 10:37:49.180,2.0128,2.0131,0.40,0.10
2008.04.07 10:37:49.420,2.0128,2.0131,0.40,0.10
2008.04.07 10:37:49.659,2.0128,2.0131,0.40,0.10
2008.04.07 10:37:49.964,2.0128,2.0131,0.40,0.10
2008.04.07 10:37:50.268,2.0128,2.0131,0.40,0.10
2008.04.07 10:37:50.572,2.0128,2.0131,0.40,0.10
2008.04.07 10:37:50.875,2.0128,2.0131,0.40,0.10
2008.04.07 10:37:51.150,2.0128,2.0131,0.40,0.10
2008.04.07 10:37:51.390,2.0128,2.0131,0.40,0.10
2008.04.07 10:37:51.629,2.0128,2.0131,0.40,0.10
2008.04.07 10:37:51.868,2.0128,2.0131,0.40,0.10
2008.04.07 10:37:52.202,2.0128,2.0131,0.40,0.10
2008.04.07 10:37:52.537,2.0128,2.0131,0.40,0.10
2008.04.07 10:37:52.873,2.0128,2.0131,0.40,0.10
2008.04.07 10:37:53.207,2.0128,2.0131,0.40,0.10
2008.04.07 10:37:53.541,2.0128,2.0131,0.40,0.10
2008.04.07 10:37:53.876,2.0128,2.0131,0.40,0.10
2008.04.07 10:37:54.110,2.0128,2.0131,0.40,0.10
2008.04.07 10:37:54.344,2.0128,2.0131,0.40,0.10
2008.04.07 10:37:54.581,2.0128,2.0131,0.40,0.10
2008.04.07 10:37:54.844,2.0128,2.0131,0.40,0.10
2008.04.07 10:37:55.134,2.0128,2.0131,0.40,0.10
2008.04.07 10:37:55.425,2.0128,2.0131,0.40,0.10
2008.04.07 10:37:55.715,2.0128,2.0131,0.40,0.10
2008.04.07 10:37:56.042,2.0128,2.0131,0.40,0.10
2008.04.07 10:37:56.325,2.0128,2.0131,0.40,0.10
2008.04.07 10:37:56.610,2.0128,2.0131,0.40,0.10
2008.04.07 10:37:56.895,2.0128,2.0131,0.40,0.10
2008.04.07 10:37:57.229,2.0128,2.0131,0.40,0.10
2008.04.07 10:37:57.563,2.0128,2.0131,0.40,0.10
2008.04.07 10:37:57.897,2.0128,2.0131,0.40,0.10
2008.04.07 10:37:58.231,2.0128,2.0131,0.40,0.10
2008.04.07 10:37:58.459,2.0128,2.0131,0.40,0.10
2008.04.07 10:37:58.688,2.0128,2.0131,0.40,0.10
2008.04.07 10:37:58.917,2.0128,2.0131,0.40,0.10
2008.04.07 10:37:59.147,2.0128,2.0131,0.40,0.10
2008.04.07 10:37:59.462,2.0128,2.0131,0.40,0.10
2008.04.07 10:37:59.776,2.0128,2.0131,0.40,0.10
2008.04.07 10:38:00.128,2.0126,2.0131,0.40,0.10
2008.04.07 10:38:00.393,2.0127,2.0131,0.40,0.10
2008.04.07 10:38:00.620,2.0127,2.0131,0.40,0.10
2008.04.07 10:38:00.880,2.0127,2.0131,0.40,0.10
2008.04.07 10:38:01.136,2.0128,2.0131,0.40,0.10
2008.04.07 10:38:01.446,2.0128,2.0131,0.40,0.10
2008.04.07 10:38:01.755,2.0128,2.0131,0.40,0.10
2008.04.07 10:38:02.066,2.0129,2.0131,0.40,0.10
2008.04.07 10:38:02.401,2.0129,2.0131,0.40,0.10
2008.04.07 10:38:02.779,2.0129,2.0131,0.40,0.10
2008.04.07 10:38:03.109,2.0129,2.0131,0.40,0.10
2008.04.07 10:38:03.373,2.0129,2.0131,0.40,0.10
2008.04.07 10:38:03.565,2.0129,2.0131,0.40,0.10
2008.04.07 10:38:03.794,2.0129,2.0131,0.40,0.10
2008.04.07 10:38:04.025,2.0129,2.0131,0.40,0.10
2008.04.07 10:38:04.254,2.0129,2.0131,0.40,0.10
2008.04.07 10:38:04.581,2.0129,2.0131,0.40,0.10
2008.04.07 10:38:04.873,2.0128,2.0131,0.40,0.10
2008.04.07 10:38:05.162,2.0128,2.0131,0.40,0.10
2008.04.07 10:38:05.452,2.0128,2.01305,0.40,0.30
2008.04.07 10:38:05.752,2.0129,2.0131,0.40,0.10
2008.04.07 10:38:06.052,2.0129,2.0131,0.40,0.10
2008.04.07 10:38:06.350,2.0129,2.0131,0.40,0.10
2008.04.07 10:38:06.685,2.0128,2.0131,0.40,0.10
2008.04.07 10:38:07.018,2.0128,2.0131,0.40,0.10
2008.04.07 10:38:07.352,2.0128,2.0131,0.40,0.10
2008.04.07 10:38:07.682,2.0128,2.0131,0.40,0.10
2008.04.07 10:38:08.011,2.0128,2.0131,0.40,0.10
2008.04.07 10:38:08.342,2.0128,2.0131,0.40,0.10
2008.04.07 10:38:08.560,2.0128,2.0131,0.40,0.10
2008.04.07 10:38:08.779,2.0128,2.0131,0.40,0.10
2008.04.07 10:38:08.998,2.0128,2.0131,0.40,0.10
2008.04.07 10:38:09.251,2.0128,2.0131,0.40,0.10
2008.04.07 10:38:09.471,2.0128,2.0131,0.40,0.10
2008.04.07 10:38:09.817,2.0128,2.0131,0.40,0.10
2008.04.07 10:38:10.153,2.0128,2.0131,0.40,0.10
2008.04.07 10:38:10.486,2.0128,2.0131,0.40,0.10
2008.04.07 10:38:10.736,2.0128,2.0131,0.40,0.10
2008.04.07 10:38:11.006,2.0127,2.0131,0.40,0.10
2008.04.07 10:38:11.242,2.0127,2.0131,0.40,0.10
2008.04.07 10:38:11.471,2.0127,2.0131,0.40,0.10
2008.04.07 10:38:11.808,2.0127,2.0131,0.40,0.10
2008.04.07 10:38:12.143,2.0127,2.0131,0.40,0.10
2008.04.07 10:38:12.476,2.0127,2.0131,0.40,0.10
2008.04.07 10:38:12.797,2.01275,2.0131,0.10,0.10
2008.04.07 10:38:13.118,2.0127,2.0131,0.40,0.10
2008.04.07 10:38:13.438,2.0127,2.0131,0.40,0.10
2008.04.07 10:38:13.689,2.0127,2.0131,0.40,0.10
2008.04.07 10:38:13.938,2.0127,2.0131,0.40,0.10
2008.04.07 10:38:14.228,2.0127,2.0131,0.40,0.10
2008.04.07 10:38:14.517,2.0127,2.0131,0.40,0.10
2008.04.07 10:38:14.807,2.0127,2.0131,0.40,0.10
2008.04.07 10:38:15.092,2.0127,2.0131,0.40,0.10
2008.04.07 10:38:15.380,2.0127,2.0131,0.40,0.10
2008.04.07 10:38:15.640,2.0127,2.0131,0.40,0.10
2008.04.07 10:38:15.937,2.0127,2.0131,0.40,0.10
2008.04.07 10:38:16.233,2.0128,2.0131,0.40,0.10
2008.04.07 10:38:16.530,2.0128,2.0131,0.40,0.10
2008.04.07 10:38:16.826,2.0128,2.0131,0.40,0.10
2008.04.07 10:38:17.160,2.0128,2.0131,0.40,0.10
2008.04.07 10:38:17.493,2.0128,2.0131,0.40,0.10
2008.04.07 10:38:17.828,2.0128,2.0131,0.40,0.10
2008.04.07 10:38:18.161,2.0128,2.0131,0.40,0.10
2008.04.07 10:38:18.495,2.0128,2.0131,0.40,0.10
2008.04.07 10:38:18.868,2.0128,2.0131,0.40,0.10
2008.04.07 10:38:19.096,2.0128,2.0131,0.40,0.10
2008.04.07 10:38:19.339,2.0128,2.0131,0.40,0.10
2008.04.07 10:38:19.536,2.0128,2.0131,0.40,0.10
2008.04.07 10:38:19.758,2.0128,2.0131,0.40,0.10
2008.04.07 10:38:20.091,2.0128,2.0131,0.40,0.10
2008.04.07 10:38:20.461,2.0128,2.0131,0.40,0.10
2008.04.07 10:38:20.798,2.0128,2.0131,0.40,0.10
2008.04.07 10:38:21.065,2.0128,2.0131,0.40,0.10
2008.04.07 10:38:21.296,2.0128,2.0131,0.40,0.10
2008.04.07 10:38:21.524,2.0128,2.0131,0.40,0.10
2008.04.07 10:38:21.759,2.0128,2.0131,0.40,0.10
2008.04.07 10:38:22.094,2.0128,2.0131,0.40,0.10
2008.04.07 10:38:22.467,2.0128,2.0131,0.40,0.10
2008.04.07 10:38:22.762,2.0128,2.0131,0.40,0.10
2008.04.07 10:38:23.100,2.0128,2.0131,0.40,0.10
2008.04.07 10:38:23.435,2.0128,2.0131,0.40,0.10
2008.04.07 10:38:23.770,2.0128,2.0131,0.40,0.10
2008.04.07 10:38:23.989,2.0128,2.0131,0.40,0.10
2008.04.07 10:38:24.210,2.0128,2.0131,0.40,0.10
2008.04.07 10:38:24.464,2.0128,2.0131,0.40,0.10
2008.04.07 10:38:24.720,2.0128,2.0131,0.40,0.10
2008.04.07 10:38:25.061,2.0128,2.0131,0.40,0.10
2008.04.07 10:38:25.404,2.0128,2.0131,0.40,0.10
2008.04.07 10:38:25.747,2.0128,2.0131,0.40,0.10
2008.04.07 10:38:26.006,2.0128,2.0131,0.40,0.10
2008.04.07 10:38:26.265,2.0128,2.0131,0.40,0.10
2008.04.07 10:38:26.455,2.0128,2.0131,0.40,0.10
2008.04.07 10:38:26.680,2.0128,2.0131,0.40,0.10
2008.04.07 10:38:26.906,2.0128,2.0131,0.40,0.10
2008.04.07 10:38:27.241,2.0128,2.0131,0.40,0.10
2008.04.07 10:38:27.575,2.0128,2.0131,0.40,0.10
2008.04.07 10:38:27.912,2.0128,2.0131,0.40,0.10
2008.04.07 10:38:28.227,2.0128,2.0131,0.40,0.10
2008.04.07 10:38:28.545,2.0128,2.0131,0.40,0.10
2008.04.07 10:38:28.861,2.0128,2.0131,0.40,0.10
2008.04.07 10:38:29.175,2.0128,2.0131,0.40,0.10
2008.04.07 10:38:29.449,2.0128,2.0131,0.40,0.10
2008.04.07 10:38:29.755,2.0128,2.0131,0.40,0.10
2008.04.07 10:38:30.068,2.0128,2.0131,0.40,0.10
2008.04.07 10:38:30.288,2.0128,2.0131,0.40,0.10
2008.04.07 10:38:30.509,2.0128,2.0133,0.40,0.10
2008.04.07 10:38:30.729,2.0128,2.0133,0.40,0.10
2008.04.07 10:38:30.952,2.0128,2.0133,0.40,0.10
2008.04.07 10:38:31.173,2.0128,2.0133,0.40,0.10
2008.04.07 10:38:31.507,2.0128,2.0133,0.40,0.10
2008.04.07 10:38:31.842,2.0128,2.0133,0.40,0.10
2008.04.07 10:38:32.175,2.0128,2.01325,0.40,0.30
2008.04.07 10:38:32.508,2.0128,2.0131,0.40,0.10
2008.04.07 10:38:32.842,2.0128,2.0131,0.40,0.10
2008.04.07 10:38:33.176,2.0128,2.0131,0.40,0.10
2008.04.07 10:38:33.404,2.0128,2.0131,0.40,0.10
2008.04.07 10:38:33.634,2.0128,2.0131,0.40,0.10
2008.04.07 10:38:33.863,2.0128,2.0131,0.40,0.10
2008.04.07 10:38:34.092,2.0128,2.0131,0.40,0.10
2008.04.07 10:38:34.339,2.0128,2.0131,0.40,0.10
2008.04.07 10:38:34.660,2.0128,2.0131,0.40,0.10
2008.04.07 10:38:35.015,2.0128,2.0131,0.40,0.10
2008.04.07 10:38:35.377,2.0128,2.0131,0.40,0.10
2008.04.07 10:38:35.653,2.0128,2.0131,0.40,0.10
2008.04.07 10:38:35.892,2.0128,2.0131,0.40,0.10
2008.04.07 10:38:36.133,2.0128,2.0131,0.40,0.10
2008.04.07 10:38:36.399,2.0128,2.0131,0.40,0.10
2008.04.07 10:38:36.654,2.0128,2.0131,0.40,0.10
2008.04.07 10:38:36.914,2.0128,2.0131,0.40,0.10
2008.04.07 10:38:37.172,2.0128,2.0131,0.40,0.10
2008.04.07 10:38:37.507,2.0128,2.0131,0.40,0.10
2008.04.07 10:38:37.859,2.0128,2.0131,0.40,0.10
2008.04.07 10:38:38.194,2.0129,2.0133,0.40,0.40
2008.04.07 10:38:38.418,2.0129,2.0133,0.40,0.40
2008.04.07 10:38:38.641,2.0129,2.0133,0.40,0.40
2008.04.07 10:38:38.866,2.0129,2.0133,0.40,0.40
2008.04.07 10:38:39.090,2.0129,2.0133,0.40,0.40
2008.04.07 10:38:39.314,2.0129,2.0133,0.40,0.40
2008.04.07 10:38:39.645,2.0129,2.0132,0.40,0.30
2008.04.07 10:38:39.974,2.0128,2.0131,0.40,0.10
2008.04.07 10:38:40.314,2.0128,2.0131,0.40,0.10
2008.04.07 10:38:40.589,2.0128,2.0131,0.40,0.10
2008.04.07 10:38:40.851,2.0128,2.0131,0.40,0.10
2008.04.07 10:38:41.120,2.0128,2.0131,0.40,0.10
2008.04.07 10:38:41.356,2.0128,2.0131,0.40,0.10
2008.04.07 10:38:41.691,2.0128,2.0131,0.40,0.10
2008.04.07 10:38:42.024,2.0128,2.0131,0.40,0.10
2008.04.07 10:38:42.360,2.0128,2.0131,0.40,0.10
2008.04.07 10:38:42.693,2.0128,2.0131,0.40,0.10
2008.04.07 10:38:43.027,2.0128,2.0131,0.40,0.10
2008.04.07 10:38:43.361,2.0128,2.0131,0.40,0.10
2008.04.07 10:38:43.595,2.0129,2.01325,0.40,4.00
2008.04.07 10:38:43.871,2.0129,2.0133,0.40,0.40
2008.04.07 10:38:44.134,2.0129,2.0133,0.40,0.40
2008.04.07 10:38:44.399,2.0129,2.0132,0.40,0.30
2008.04.07 10:38:44.666,2.0129,2.0132,0.40,0.30
2008.04.07 10:38:44.934,2.0129,2.0132,0.40,0.30
2008.04.07 10:38:45.200,2.0128,2.0131,0.40,0.10
2008.04.07 10:38:45.503,2.0128,2.0131,0.40,0.10
2008.04.07 10:38:45.834,2.0128,2.0131,0.40,0.10
2008.04.07 10:38:46.164,2.0128,2.0131,0.40,0.10
2008.04.07 10:38:46.459,2.0128,2.0131,0.40,0.10
2008.04.07 10:38:46.796,2.013,2.0133,0.40,0.10
2008.04.07 10:38:47.134,2.013,2.0133,0.40,0.10
2008.04.07 10:38:47.470,2.0129,2.0133,0.40,0.10
2008.04.07 10:38:47.805,2.0129,2.0133,0.40,0.10
2008.04.07 10:38:48.142,2.0129,2.0133,0.40,0.10
2008.04.07 10:38:48.476,2.0129,2.0133,0.40,0.40
2008.04.07 10:38:48.691,2.0129,2.0133,0.40,0.40
2008.04.07 10:38:48.908,2.0129,2.0133,0.40,0.40
2008.04.07 10:38:49.145,2.0129,2.0133,0.40,0.40
2008.04.07 10:38:49.369,2.0129,2.0133,0.40,0.40
2008.04.07 10:38:49.582,2.0127,2.0132,0.40,0.40
2008.04.07 10:38:49.922,2.0127,2.0131,0.40,0.30
2008.04.07 10:38:50.255,2.0127,2.0131,0.40,0.30
2008.04.07 10:38:50.591,2.0127,2.0131,0.40,0.10
2008.04.07 10:38:50.815,2.0127,2.0131,0.40,0.10
2008.04.07 10:38:51.040,2.0127,2.0131,0.40,0.10
2008.04.07 10:38:51.299,2.0127,2.0131,0.50,0.10
2008.04.07 10:38:51.559,2.0127,2.0131,0.50,0.10
2008.04.07 10:38:51.903,2.0127,2.0131,0.40,0.10
2008.04.07 10:38:52.238,2.0128,2.01325,0.40,1.60
2008.04.07 10:38:52.573,2.0128,2.01325,0.40,1.60
2008.04.07 10:38:52.907,2.0128,2.01325,0.40,1.60
2008.04.07 10:38:53.242,2.0128,2.01335,0.40,1.60
2008.04.07 10:38:53.576,2.01285,2.01335,0.10,1.60
2008.04.07 10:38:53.829,2.0129,2.0134,0.40,0.40
2008.04.07 10:38:54.068,2.0128,2.0132,0.40,0.10
2008.04.07 10:38:54.295,2.0128,2.0131,0.40,0.10
2008.04.07 10:38:54.547,2.0128,2.0131,0.40,0.10
2008.04.07 10:38:54.887,2.0128,2.0132,0.40,0.10
2008.04.07 10:38:55.188,2.0128,2.0132,0.40,0.10
2008.04.07 10:38:55.492,2.0128,2.0132,0.40,0.10
2008.04.07 10:38:55.782,2.0128,2.0132,0.40,0.10
2008.04.07 10:38:56.027,2.0128,2.0132,0.40,0.10
2008.04.07 10:38:56.272,2.0128,2.0132,0.40,0.10
2008.04.07 10:38:56.516,2.0128,2.0132,0.40,0.10
2008.04.07 10:38:56.850,2.0128,2.0132,0.40,0.10
2008.04.07 10:38:57.214,2.0128,2.0132,0.40,0.10
2008.04.07 10:38:57.548,2.0128,2.0132,0.40,0.10
2008.04.07 10:38:57.882,2.0128,2.0132,0.40,0.10
2008.04.07 10:38:58.217,2.0128,2.0132,0.40,0.10
2008.04.07 10:38:58.552,2.0128,2.0132,0.40,0.10
2008.04.07 10:38:58.792,2.0128,2.0132,0.40,0.10
2008.04.07 10:38:59.037,2.0128,2.0132,0.40,0.10
2008.04.07 10:38:59.286,2.0128,2.0132,0.40,0.10
2008.04.07 10:38:59.495,2.0128,2.0132,0.40,0.10
2008.04.07 10:38:59.705,2.0128,2.0132,0.40,0.10
2008.04.07 10:39:00.040,2.0127,2.0132,0.40,0.10
2008.04.07 10:39:00.376,2.0127,2.0132,0.40,0.10
2008.04.07 10:39:00.712,2.0127,2.0132,0.40,0.40
2008.04.07 10:39:00.935,2.0127,2.0132,0.40,0.40
2008.04.07 10:39:01.158,2.0127,2.0132,0.40,0.40
2008.04.07 10:39:01.382,2.0127,2.0131,0.40,0.30
2008.04.07 10:39:01.606,2.0127,2.0131,0.40,0.30
2008.04.07 10:39:01.830,2.0127,2.0131,0.40,0.30
2008.04.07 10:39:02.165,2.0127,2.0131,0.40,0.40
2008.04.07 10:39:02.498,2.0127,2.0131,0.40,0.40
2008.04.07 10:39:02.832,2.0127,2.0131,0.40,0.40
2008.04.07 10:39:03.194,2.0127,2.0131,0.40,0.40
2008.04.07 10:39:03.565,2.0127,2.0131,0.40,0.40
2008.04.07 10:39:03.923,2.0127,2.0131,0.40,0.40
2008.04.07 10:39:04.188,2.0127,2.0131,0.40,0.40
2008.04.07 10:39:04.434,2.0127,2.0131,0.40,0.40
2008.04.07 10:39:04.688,2.0127,2.0131,0.40,0.40
2008.04.07 10:39:04.984,2.0127,2.0131,0.40,0.40
2008.04.07 10:39:05.285,2.0127,2.0131,0.40,0.40
2008.04.07 10:39:05.585,2.0127,2.0131,0.40,0.40
2008.04.07 10:39:05.877,2.0127,2.0131,0.40,0.40
2008.04.07 10:39:06.203,2.0127,2.0131,0.40,0.40
2008.04.07 10:39:06.495,2.0127,2.0131,0.40,0.40
2008.04.07 10:39:06.785,2.0127,2.0131,0.40,0.40
2008.04.07 10:39:07.121,2.0127,2.0131,0.40,0.40
2008.04.07 10:39:07.457,2.0127,2.0131,0.40,0.40
2008.04.07 10:39:07.793,2.0127,2.0131,0.40,0.40
2008.04.07 10:39:08.104,2.0127,2.0131,0.40,0.40
2008.04.07 10:39:08.413,2.0127,2.0131,0.40,0.40
2008.04.07 10:39:08.724,2.0127,2.0131,0.40,0.10
2008.04.07 10:39:09.034,2.0127,2.0131,0.40,0.10
2008.04.07 10:39:09.309,2.0127,2.0131,0.40,0.40
2008.04.07 10:39:09.588,2.0127,2.0131,0.40,0.10
2008.04.07 10:39:09.862,2.0127,2.0131,0.40,0.10
2008.04.07 10:39:10.102,2.0127,2.0131,0.40,0.10
2008.04.07 10:39:10.342,2.0127,2.0131,0.40,0.10
2008.04.07 10:39:10.582,2.0127,2.0131,0.40,0.10
2008.04.07 10:39:10.860,2.0127,2.0131,0.40,0.10
2008.04.07 10:39:11.189,2.0127,2.0131,0.40,0.10
2008.04.07 10:39:11.486,2.0127,2.0131,0.40,0.10
2008.04.07 10:39:11.812,2.0127,2.0131,0.40,0.10
2008.04.07 10:39:12.148,2.0127,2.0131,0.40,0.10
2008.04.07 10:39:12.482,2.0127,2.0131,0.40,0.10
2008.04.07 10:39:12.821,2.0127,2.0131,0.40,0.10
2008.04.07 10:39:13.196,2.0127,2.0131,0.40,0.10
2008.04.07 10:39:13.561,2.0127,2.0131,0.40,0.10
2008.04.07 10:39:13.898,2.0127,2.0131,0.40,0.10
2008.04.07 10:39:14.156,2.0127,2.0131,0.40,0.10
2008.04.07 10:39:14.418,2.0127,2.0131,0.40,0.10
2008.04.07 10:39:14.660,2.0127,2.0131,0.40,0.10
2008.04.07 10:39:14.886,2.0127,2.0131,0.40,0.10
2008.04.07 10:39:15.186,2.0127,2.0131,0.40,0.10
2008.04.07 10:39:15.487,2.0127,2.0131,0.40,0.10
2008.04.07 10:39:15.788,2.0127,2.0131,0.40,0.10
2008.04.07 10:39:16.086,2.0127,2.0131,0.40,0.10
2008.04.07 10:39:16.385,2.0127,2.0131,0.40,0.10
2008.04.07 10:39:16.686,2.0127,2.0131,0.40,0.10
2008.04.07 10:39:17.091,2.0127,2.0131,0.40,0.10
2008.04.07 10:39:17.425,2.0127,2.0131,0.40,0.10
2008.04.07 10:39:17.767,2.0127,2.0131,0.40,0.10
2008.04.07 10:39:18.137,2.0127,2.0131,0.40,0.10
2008.04.07 10:39:18.506,2.0127,2.0131,0.40,0.10
2008.04.07 10:39:18.879,2.0127,2.0131,0.40,0.10
2008.04.07 10:39:19.083,2.0127,2.0131,0.40,0.10
2008.04.07 10:39:19.287,2.0127,2.0131,0.40,0.10
2008.04.07 10:39:19.496,2.0127,2.0131,0.40,0.10
2008.04.07 10:39:19.730,2.0127,2.0131,0.40,0.10
2008.04.07 10:39:19.935,2.0127,2.0131,0.40,0.10
2008.04.07 10:39:20.270,2.0127,2.0131,0.40,0.10
2008.04.07 10:39:20.604,2.0127,2.0131,0.40,0.10
2008.04.07 10:39:20.939,2.0127,2.0131,0.40,0.10
2008.04.07 10:39:21.170,2.0127,2.0131,0.40,0.10
2008.04.07 10:39:21.399,2.0127,2.0131,0.40,0.10
2008.04.07 10:39:21.628,2.0127,2.0131,0.40,0.10
2008.04.07 10:39:21.857,2.0127,2.0131,0.40,0.10
2008.04.07 10:39:22.087,2.0127,2.0131,0.40,0.10
2008.04.07 10:39:22.421,2.0127,2.0131,0.40,0.10
2008.04.07 10:39:22.755,2.0127,2.0131,0.40,0.10
2008.04.07 10:39:23.090,2.0127,2.0131,0.40,0.10
2008.04.07 10:39:23.424,2.0127,2.0131,0.40,0.10
2008.04.07 10:39:23.758,2.0127,2.0131,0.40,0.10
2008.04.07 10:39:24.092,2.0127,2.0131,0.40,0.10
2008.04.07 10:39:24.330,2.0127,2.0131,0.40,0.10
2008.04.07 10:39:24.591,2.0127,2.0131,0.40,0.40
2008.04.07 10:39:24.861,2.0126,2.0131,0.40,0.40
2008.04.07 10:39:25.120,2.0126,2.0131,0.40,0.10
2008.04.07 10:39:25.458,2.0126,2.0131,0.40,0.40
2008.04.07 10:39:25.757,2.0126,2.0131,0.40,0.40
2008.04.07 10:39:26.057,2.0126,2.0131,0.40,0.40
2008.04.07 10:39:26.313,2.0126,2.0131,0.40,0.40
2008.04.07 10:39:26.570,2.0125,2.013,0.40,0.10
2008.04.07 10:39:26.860,2.0125,2.0129,0.40,0.10
2008.04.07 10:39:27.115,2.0125,2.0129,0.40,0.10
2008.04.07 10:39:27.449,2.0125,2.0129,0.40,0.10
2008.04.07 10:39:27.784,2.0125,2.0129,0.40,0.10
2008.04.07 10:39:28.120,2.0125,2.0129,0.40,0.10
2008.04.07 10:39:28.449,2.0125,2.0129,0.40,0.10
2008.04.07 10:39:28.778,2.0125,2.0129,0.40,0.10
2008.04.07 10:39:29.107,2.0125,2.0129,0.40,0.10
2008.04.07 10:39:29.327,2.0125,2.0129,0.40,0.10
2008.04.07 10:39:29.574,2.0125,2.0129,0.40,0.10
2008.04.07 10:39:29.830,2.0125,2.0129,0.40,0.10
2008.04.07 10:39:30.076,2.0125,2.0129,0.40,0.10
2008.04.07 10:39:30.381,2.0125,2.0129,0.40,0.10
2008.04.07 10:39:30.681,2.0125,2.0129,0.40,0.10
2008.04.07 10:39:30.990,2.0125,2.0129,0.40,0.10
2008.04.07 10:39:31.298,2.0126,2.0131,0.40,0.10
2008.04.07 10:39:31.632,2.0126,2.0131,0.40,0.10
2008.04.07 10:39:31.915,2.0126,2.0131,0.40,0.10
2008.04.07 10:39:32.213,2.0126,2.0131,0.40,0.10
2008.04.07 10:39:32.582,2.0126,2.0131,0.40,0.10
2008.04.07 10:39:32.880,2.0126,2.0131,0.40,0.10
2008.04.07 10:39:33.216,2.0126,2.0131,0.40,0.10
2008.04.07 10:39:33.434,2.0126,2.0131,0.40,0.10
2008.04.07 10:39:33.652,2.0126,2.0131,0.40,0.10
2008.04.07 10:39:33.873,2.0126,2.0131,0.40,0.10
2008.04.07 10:39:34.132,2.0126,2.0131,0.40,0.10
2008.04.07 10:39:34.448,2.0126,2.0131,0.40,0.10
2008.04.07 10:39:34.766,2.0126,2.0131,0.40,0.10
2008.04.07 10:39:35.086,2.0126,2.0131,0.40,0.10
2008.04.07 10:39:35.408,2.0126,2.0131,0.40,0.10
2008.04.07 10:39:35.663,2.0126,2.0131,0.40,0.10
2008.04.07 10:39:35.917,2.0126,2.0131,0.40,0.10
2008.04.07 10:39:36.171,2.0126,2.0131,0.40,0.10
2008.04.07 10:39:36.426,2.0126,2.0131,0.40,0.10
2008.04.07 10:39:36.720,2.0126,2.01295,0.40,0.30
2008.04.07 10:39:37.054,2.0124,2.0129,0.40,0.10
2008.04.07 10:39:37.347,2.01225,2.0127,1.60,0.10
2008.04.07 10:39:37.682,2.0122,2.0127,0.50,0.10
2008.04.07 10:39:38.016,2.0122,2.0127,0.50,0.10
2008.04.07 10:39:38.350,2.0122,2.0127,0.50,0.10
2008.04.07 10:39:38.574,2.0122,2.0127,0.50,0.10
2008.04.07 10:39:38.798,2.01225,2.0127,6.40,0.10
2008.04.07 10:39:39.022,2.0123,2.01285,0.50,1.60
2008.04.07 10:39:39.246,2.0123,2.01285,0.50,1.60
2008.04.07 10:39:39.471,2.0123,2.01285,0.50,1.60
2008.04.07 10:39:39.805,2.0123,2.01285,0.50,1.60
2008.04.07 10:39:40.146,2.0123,2.01285,0.50,1.60
2008.04.07 10:39:40.479,2.0123,2.01285,0.50,1.60
2008.04.07 10:39:40.713,2.0123,2.01285,0.50,1.60
2008.04.07 10:39:40.959,2.0123,2.01285,0.50,1.60
2008.04.07 10:39:41.228,2.0123,2.01285,0.50,1.60
2008.04.07 10:39:41.463,2.0123,2.01285,0.50,1.60
2008.04.07 10:39:41.765,2.0123,2.01285,0.50,1.60
2008.04.07 10:39:42.070,2.0123,2.01285,0.50,1.60
2008.04.07 10:39:42.402,2.0123,2.01285,0.50,1.60
2008.04.07 10:39:42.774,2.0124,2.01285,0.10,1.60
2008.04.07 10:39:43.112,2.0124,2.01285,0.10,1.60
2008.04.07 10:39:43.450,2.0126,2.01285,0.40,1.60
2008.04.07 10:39:43.679,2.0126,2.01295,0.40,1.60
2008.04.07 10:39:43.926,2.0126,2.01295,0.40,1.60
2008.04.07 10:39:44.198,2.0126,2.01295,0.40,1.60
2008.04.07 10:39:44.429,2.0126,2.01295,0.40,1.60
2008.04.07 10:39:44.719,2.0126,2.01295,0.40,1.60
2008.04.07 10:39:45.017,2.0126,2.01295,0.40,1.60
2008.04.07 10:39:45.331,2.0126,2.01295,0.40,1.60
2008.04.07 10:39:45.616,2.0126,2.01295,0.40,1.60
2008.04.07 10:39:45.903,2.0126,2.01295,0.40,1.60
2008.04.07 10:39:46.114,2.0126,2.01295,0.40,1.60
2008.04.07 10:39:46.364,2.0126,2.01295,0.40,1.60
2008.04.07 10:39:46.611,2.0126,2.01295,0.40,1.60
2008.04.07 10:39:46.947,2.0126,2.01295,0.40,1.60
2008.04.07 10:39:47.281,2.0126,2.01295,0.40,1.60
2008.04.07 10:39:47.615,2.0126,2.01295,0.40,1.60
2008.04.07 10:39:47.950,2.0126,2.01295,0.40,1.60
2008.04.07 10:39:48.284,2.0126,2.01295,0.40,1.60
2008.04.07 10:39:48.618,2.0126,2.01295,0.40,1.60
2008.04.07 10:39:48.861,2.0126,2.01295,0.40,1.60
2008.04.07 10:39:49.123,2.0126,2.01295,0.40,1.60
2008.04.07 10:39:50.764,2.0126,2.01295,0.40,1.60
2008.04.07 10:39:50.797,2.0126,2.01295,0.40,1.60
2008.04.07 10:39:50.922,2.0126,2.01295,0.40,1.60
2008.04.07 10:39:51.045,2.0126,2.01295,0.40,1.60
2008.04.07 10:39:51.169,2.0126,2.01295,0.40,1.60
2008.04.07 10:39:51.325,2.0126,2.01295,0.40,1.60
2008.04.07 10:39:51.488,2.0126,2.01295,0.40,1.60
2008.04.07 10:39:51.657,2.0126,2.01295,0.40,1.60
2008.04.07 10:39:51.736,2.0126,2.01295,0.40,1.60
2008.04.07 10:39:52.069,2.0126,2.01295,0.40,1.60
2008.04.07 10:39:52.404,2.0126,2.01295,0.40,1.60
2008.04.07 10:39:52.741,2.0126,2.01295,0.40,1.60
2008.04.07 10:39:53.074,2.0126,2.01295,0.40,1.60
2008.04.07 10:39:53.408,2.0126,2.01295,0.40,1.60
2008.04.07 10:39:53.743,2.0126,2.013,0.40,0.30
2008.04.07 10:39:53.963,2.0126,2.013,0.40,0.30
2008.04.07 10:39:54.205,2.0126,2.013,0.40,0.30
2008.04.07 10:39:54.460,2.0126,2.013,0.40,0.30
2008.04.07 10:39:54.716,2.0126,2.013,0.40,0.30
2008.04.07 10:39:55.049,2.0126,2.013,0.40,0.30
2008.04.07 10:39:55.384,2.0126,2.013,0.40,0.30
2008.04.07 10:39:55.682,2.0126,2.013,0.40,0.30
2008.04.07 10:39:56.019,2.0126,2.013,0.40,0.30
2008.04.07 10:39:56.263,2.0126,2.013,0.40,0.30
2008.04.07 10:39:56.498,2.0126,2.013,0.40,0.30
2008.04.07 10:39:56.738,2.0126,2.013,0.40,0.30
2008.04.07 10:39:57.085,2.0126,2.013,0.40,0.30
2008.04.07 10:39:57.423,2.0126,2.013,0.40,0.30
2008.04.07 10:39:57.758,2.0126,2.013,0.40,0.30
2008.04.07 10:39:58.088,2.0126,2.013,0.40,0.30
2008.04.07 10:39:58.419,2.0126,2.013,0.40,0.30
2008.04.07 10:39:58.750,2.0126,2.013,0.40,0.30
2008.04.07 10:39:58.994,2.0126,2.013,0.40,0.30
2008.04.07 10:39:59.265,2.0126,2.013,0.40,0.30
2008.04.07 10:39:59.547,2.0126,2.013,0.40,0.30
2008.04.07 10:39:59.826,2.0126,2.013,0.40,0.30
2008.04.07 10:40:00.135,2.0126,2.01295,0.40,0.30
2008.04.07 10:40:00.356,2.0124,2.01295,0.40,0.30
2008.04.07 10:40:00.619,2.0124,2.01295,0.40,0.30
2008.04.07 10:40:00.883,2.0124,2.01295,0.40,0.30
2008.04.07 10:40:01.167,2.0124,2.01295,0.40,0.30
2008.04.07 10:40:01.451,2.0124,2.01295,0.40,0.30
2008.04.07 10:40:01.735,2.0124,2.01295,0.40,0.30
2008.04.07 10:40:02.020,2.0124,2.01295,0.40,0.30
2008.04.07 10:40:02.354,2.0124,2.01295,0.40,0.30
2008.04.07 10:40:02.689,2.0124,2.01295,0.40,0.30
2008.04.07 10:40:03.062,2.0124,2.01295,0.40,1.80
2008.04.07 10:40:03.354,2.0124,2.01275,0.40,0.30
2008.04.07 10:40:03.685,2.0122,2.0128,0.50,0.10
2008.04.07 10:40:04.014,2.0122,2.0128,0.50,0.10
2008.04.07 10:40:04.248,2.0122,2.0127,0.40,0.30
2008.04.07 10:40:04.521,2.0122,2.0127,0.40,0.30
2008.04.07 10:40:04.756,2.01215,2.01275,1.60,0.30
2008.04.07 10:40:04.989,2.01215,2.01265,1.60,0.30
2008.04.07 10:40:05.325,2.0124,2.0127,0.40,0.30
2008.04.07 10:40:05.660,2.0123,2.0127,0.50,0.10
2008.04.07 10:40:05.994,2.0125,2.01285,0.40,1.60
2008.04.07 10:40:06.228,2.0124,2.01285,0.40,1.60
2008.04.07 10:40:06.464,2.0124,2.0128,0.40,0.30
2008.04.07 10:40:06.699,2.0124,2.0128,0.40,0.30
2008.04.07 10:40:06.932,2.0124,2.0128,0.40,0.30
2008.04.07 10:40:07.268,2.0124,2.0129,0.40,0.40
2008.04.07 10:40:07.602,2.0124,2.0128,0.40,0.30
2008.04.07 10:40:07.936,2.0124,2.0128,0.40,0.30
2008.04.07 10:40:08.271,2.0125,2.01285,0.40,0.30
2008.04.07 10:40:08.606,2.0125,2.01285,0.40,0.30
2008.04.07 10:40:08.940,2.0124,2.01285,0.40,0.30
2008.04.07 10:40:09.276,2.0124,2.01285,0.40,0.30
2008.04.07 10:40:09.496,2.0124,2.01285,0.40,0.30
2008.04.07 10:40:09.730,2.0124,2.01285,0.40,0.30
2008.04.07 10:40:09.982,2.0124,2.01285,0.40,0.30
2008.04.07 10:40:10.281,2.0124,2.01285,0.40,0.30
2008.04.07 10:40:10.570,2.0124,2.01285,0.40,0.30
2008.04.07 10:40:10.862,2.0124,2.0129,0.40,0.10
2008.04.07 10:40:11.152,2.0124,2.01285,0.40,0.30
2008.04.07 10:40:11.431,2.0124,2.01285,0.40,0.30
2008.04.07 10:40:11.711,2.0123,2.0128,0.40,0.30
2008.04.07 10:40:11.995,2.0123,2.0128,0.40,0.30
2008.04.07 10:40:12.328,2.0122,2.0128,0.40,0.40
2008.04.07 10:40:12.663,2.01225,2.0128,0.10,0.10
2008.04.07 10:40:13.038,2.01225,2.0128,0.10,0.10
2008.04.07 10:40:13.372,2.0124,2.0128,0.40,0.10
2008.04.07 10:40:13.724,2.0123,2.0128,0.40,0.40
2008.04.07 10:40:14.058,2.0123,2.0128,0.40,0.40
2008.04.07 10:40:14.323,2.0123,2.0128,0.40,0.40
2008.04.07 10:40:14.549,2.0123,2.0128,0.40,0.40
2008.04.07 10:40:14.814,2.0123,2.0128,0.40,0.40
2008.04.07 10:40:15.054,2.0123,2.0128,0.40,0.40
2008.04.07 10:40:15.380,2.0123,2.0128,0.40,0.40
2008.04.07 10:40:15.701,2.0123,2.0128,0.40,0.40
2008.04.07 10:40:16.049,2.0123,2.0128,0.40,0.40
2008.04.07 10:40:16.271,2.0123,2.0128,0.40,0.40
2008.04.07 10:40:16.547,2.0123,2.0128,0.40,0.40
2008.04.07 10:40:16.809,2.0123,2.0128,0.40,0.40
2008.04.07 10:40:16.997,2.0123,2.0128,0.40,0.40
2008.04.07 10:40:17.261,2.0122,2.0128,0.40,0.40
2008.04.07 10:40:17.594,2.0122,2.0128,0.40,0.40
2008.04.07 10:40:17.929,2.0122,2.0128,0.40,0.40
2008.04.07 10:40:18.264,2.0122,2.0128,0.40,0.40
2008.04.07 10:40:18.635,2.0122,2.0128,0.40,0.40
2008.04.07 10:40:19.007,2.0122,2.0128,0.40,0.40
2008.04.07 10:40:19.344,2.0123,2.0128,0.40,0.40
2008.04.07 10:40:19.563,2.0123,2.0128,0.40,0.40
2008.04.07 10:40:19.786,2.0123,2.0128,0.40,0.40
2008.04.07 10:40:20.008,2.0123,2.0128,0.40,0.40
2008.04.07 10:40:20.266,2.0123,2.0128,0.40,0.40
2008.04.07 10:40:20.589,2.0123,2.0128,0.40,0.40
2008.04.07 10:40:20.923,2.0122,2.0128,0.40,0.40
2008.04.07 10:40:21.229,2.0122,2.0128,0.40,0.40
2008.04.07 10:40:21.454,2.0122,2.0128,0.40,0.40
2008.04.07 10:40:21.678,2.0122,2.0128,0.40,0.40
2008.04.07 10:40:21.903,2.0122,2.0128,0.40,0.40
2008.04.07 10:40:22.144,2.0122,2.0128,0.40,0.40
2008.04.07 10:40:22.367,2.0122,2.0128,0.40,0.40
2008.04.07 10:40:22.704,2.0122,2.0128,0.40,0.40
2008.04.07 10:40:23.039,2.0122,2.0128,0.40,0.40
2008.04.07 10:40:23.371,2.0122,2.0128,0.40,0.40
2008.04.07 10:40:23.601,2.0122,2.0128,0.40,0.40
2008.04.07 10:40:23.831,2.0122,2.0128,0.40,0.40
2008.04.07 10:40:24.060,2.0122,2.0128,0.40,0.40
2008.04.07 10:40:24.310,2.0122,2.0128,0.40,0.40
2008.04.07 10:40:24.647,2.0122,2.0128,0.40,0.40
2008.04.07 10:40:24.990,2.0122,2.0128,0.40,0.40
2008.04.07 10:40:25.332,2.0122,2.0128,0.40,0.40
2008.04.07 10:40:25.610,2.0122,2.0128,0.50,0.40
2008.04.07 10:40:25.800,2.0122,2.01275,0.50,1.60
2008.04.07 10:40:26.035,2.0122,2.01275,0.50,1.60
2008.04.07 10:40:26.300,2.0122,2.01275,0.40,1.80
2008.04.07 10:40:26.533,2.0122,2.01275,0.40,1.80
2008.04.07 10:40:26.832,2.0121,2.0127,0.50,0.10
2008.04.07 10:40:27.133,2.0121,2.0127,0.50,0.10
2008.04.07 10:40:27.433,2.0121,2.0127,0.50,0.10
2008.04.07 10:40:27.766,2.0122,2.0127,0.40,0.10
2008.04.07 10:40:28.100,2.0122,2.0127,0.40,0.10
2008.04.07 10:40:28.469,2.0122,2.0127,0.40,0.10
2008.04.07 10:40:28.717,2.0122,2.0127,0.40,0.10
2008.04.07 10:40:28.887,2.0122,2.0127,0.40,0.10
2008.04.07 10:40:29.096,2.0122,2.0127,0.40,0.10
2008.04.07 10:40:29.305,2.0122,2.0127,0.40,0.10
2008.04.07 10:40:29.516,2.0122,2.0127,0.40,0.10
2008.04.07 10:40:29.848,2.0122,2.0127,0.40,0.10
2008.04.07 10:40:30.202,2.0122,2.0127,0.40,0.10
2008.04.07 10:40:30.545,2.0122,2.0127,0.40,0.10
2008.04.07 10:40:30.818,2.0122,2.0127,0.40,0.10
2008.04.07 10:40:31.086,2.0122,2.0127,0.40,0.10
2008.04.07 10:40:31.354,2.0122,2.0127,0.40,0.10
2008.04.07 10:40:31.585,2.0122,2.0127,0.40,0.10
2008.04.07 10:40:31.920,2.0122,2.0127,0.40,0.10
2008.04.07 10:40:32.255,2.0122,2.0127,0.40,0.10
2008.04.07 10:40:32.589,2.0122,2.0127,0.40,0.10
2008.04.07 10:40:32.925,2.0122,2.0127,0.40,0.10
2008.04.07 10:40:33.259,2.0122,2.0127,0.40,0.10
2008.04.07 10:40:33.593,2.0122,2.0127,0.40,0.10
2008.04.07 10:40:33.817,2.0122,2.0127,0.40,0.10
2008.04.07 10:40:34.039,2.0122,2.0127,0.40,0.10
2008.04.07 10:40:34.263,2.0122,2.0127,0.40,0.10
2008.04.07 10:40:34.502,2.0122,2.0127,0.40,0.10
2008.04.07 10:40:34.763,2.0122,2.0127,0.40,0.10
2008.04.07 10:40:35.101,2.0122,2.0127,0.40,0.10
2008.04.07 10:40:35.440,2.0122,2.0127,0.40,0.10
2008.04.07 10:40:35.774,2.0122,2.0127,0.40,0.10
2008.04.07 10:40:35.994,2.0122,2.0127,0.40,0.10
2008.04.07 10:40:36.257,2.0122,2.0127,0.40,0.10
2008.04.07 10:40:36.439,2.0122,2.0127,0.40,0.10
2008.04.07 10:40:36.657,2.0122,2.0127,0.40,0.10
2008.04.07 10:40:37.031,2.0122,2.0127,0.40,0.10
2008.04.07 10:40:37.363,2.0122,2.0127,0.40,0.10
2008.04.07 10:40:37.697,2.0122,2.0127,0.40,0.10
2008.04.07 10:40:38.032,2.0122,2.0127,0.40,0.10
2008.04.07 10:40:38.366,2.0122,2.0127,0.40,0.10
2008.04.07 10:40:38.700,2.0122,2.0127,0.40,0.10
2008.04.07 10:40:38.914,2.0122,2.0127,0.40,0.10
2008.04.07 10:40:39.128,2.0122,2.0127,0.40,0.10
2008.04.07 10:40:39.341,2.0122,2.0127,0.40,0.10
2008.04.07 10:40:39.555,2.0122,2.0127,0.40,0.10
2008.04.07 10:40:39.769,2.0122,2.0127,0.40,0.10
2008.04.07 10:40:40.083,2.0122,2.0127,0.40,0.10
2008.04.07 10:40:40.421,2.0122,2.0127,0.40,0.10
2008.04.07 10:40:40.775,2.0122,2.0127,0.40,0.10
2008.04.07 10:40:41.018,2.0122,2.0127,0.40,0.10
2008.04.07 10:40:41.264,2.0122,2.0127,0.40,0.10
2008.04.07 10:40:41.473,2.0122,2.0127,0.40,0.10
2008.04.07 10:40:41.735,2.0122,2.0127,0.40,0.10
2008.04.07 10:40:41.990,2.0122,2.0127,0.40,0.10
2008.04.07 10:40:42.324,2.0122,2.0127,0.40,0.10
2008.04.07 10:40:42.657,2.0122,2.0127,0.40,0.10
2008.04.07 10:40:43.018,2.0122,2.0127,0.40,0.10
2008.04.07 10:40:43.392,2.0122,2.0127,0.40,0.10
2008.04.07 10:40:43.731,2.0122,2.0127,0.40,0.10
2008.04.07 10:40:44.063,2.0122,2.0127,0.50,0.10
2008.04.07 10:40:44.311,2.0122,2.0127,0.50,0.10
2008.04.07 10:40:44.530,2.0123,2.0127,0.40,0.10
2008.04.07 10:40:44.786,2.0123,2.0127,0.40,0.10
2008.04.07 10:40:45.044,2.0123,2.0127,0.40,0.10
2008.04.07 10:40:45.391,2.0123,2.0127,0.40,0.10
2008.04.07 10:40:45.736,2.0123,2.0127,0.40,0.10
2008.04.07 10:40:46.069,2.0123,2.0127,0.40,0.10
2008.04.07 10:40:46.337,2.0123,2.0127,0.40,0.10
2008.04.07 10:40:46.561,2.0123,2.0127,0.40,0.10
2008.04.07 10:40:46.821,2.0123,2.0127,0.40,0.10
2008.04.07 10:40:47.008,2.0123,2.0127,0.40,0.10
2008.04.07 10:40:47.342,2.0123,2.0127,0.40,0.10
2008.04.07 10:40:47.706,2.0123,2.0127,0.40,0.10
2008.04.07 10:40:48.078,2.0123,2.0127,0.40,0.10
2008.04.07 10:40:48.443,2.0123,2.0127,0.40,0.10
2008.04.07 10:40:48.807,2.0122,2.0127,0.50,0.10
2008.04.07 10:40:49.169,2.0122,2.0127,0.50,0.10
2008.04.07 10:40:49.433,2.0122,2.0127,0.50,0.10
2008.04.07 10:40:49.635,2.0122,2.0127,0.50,0.10
2008.04.07 10:40:49.846,2.0122,2.0127,0.50,0.10
2008.04.07 10:40:50.095,2.0122,2.0127,0.40,0.10
2008.04.07 10:40:50.407,2.0122,2.0127,0.40,0.10
2008.04.07 10:40:50.715,2.0122,2.0127,0.40,0.10
2008.04.07 10:40:51.024,2.0122,2.0126,0.40,0.10
2008.04.07 10:40:51.333,2.0122,2.0126,0.40,0.10
2008.04.07 10:40:51.592,2.0122,2.0126,0.40,0.10
2008.04.07 10:40:51.851,2.0122,2.0126,0.40,0.10
2008.04.07 10:40:52.213,2.0122,2.0126,0.40,0.10
2008.04.07 10:40:52.558,2.0123,2.0126,0.40,0.10
2008.04.07 10:40:52.889,2.0123,2.0126,0.40,0.10
2008.04.07 10:40:53.224,2.0123,2.0126,0.40,0.10
2008.04.07 10:40:53.448,2.0122,2.0126,0.40,0.10
2008.04.07 10:40:53.671,2.0122,2.0126,0.40,0.10
2008.04.07 10:40:53.896,2.0122,2.0126,0.40,0.10
2008.04.07 10:40:54.119,2.0122,2.0126,0.40,0.10
2008.04.07 10:40:54.368,2.0122,2.0126,0.40,0.10
2008.04.07 10:40:54.737,2.0122,2.0126,0.40,0.10
2008.04.07 10:40:55.107,2.0122,2.0126,0.40,0.10
2008.04.07 10:40:55.477,2.0122,2.0126,0.40,0.10
2008.04.07 10:40:55.662,2.0122,2.0126,0.40,0.10
2008.04.07 10:40:55.886,2.0122,2.0126,0.40,0.10
2008.04.07 10:40:56.109,2.0122,2.0126,0.40,0.10
2008.04.07 10:40:56.334,2.0122,2.0126,0.40,0.10
2008.04.07 10:40:56.594,2.0122,2.0126,0.40,0.10
2008.04.07 10:40:56.853,2.0122,2.0126,0.40,0.10
2008.04.07 10:40:57.117,2.0122,2.0126,0.40,0.10
2008.04.07 10:40:57.410,2.0121,2.0126,0.40,0.10
2008.04.07 10:40:57.781,2.0121,2.0126,0.40,0.40
2008.04.07 10:40:58.142,2.0121,2.0126,0.40,0.40
2008.04.07 10:40:58.477,2.0121,2.0126,0.40,0.40
2008.04.07 10:40:58.733,2.0121,2.0126,0.40,0.40
2008.04.07 10:40:58.916,2.0121,2.0126,0.40,0.40
2008.04.07 10:40:59.135,2.0121,2.0126,0.40,0.10
2008.04.07 10:40:59.357,2.0121,2.0126,0.40,0.10
2008.04.07 10:40:59.691,2.0121,2.0126,0.40,0.10
2008.04.07 10:41:00.026,2.0122,2.0126,0.40,0.10
2008.04.07 10:41:00.360,2.0122,2.0126,0.40,0.10
2008.04.07 10:41:00.693,2.0122,2.0126,0.40,0.10
2008.04.07 10:41:00.917,2.0122,2.0126,0.40,0.10
2008.04.07 10:41:01.140,2.0122,2.0126,0.40,0.10
2008.04.07 10:41:01.365,2.0122,2.0126,0.40,0.10
2008.04.07 10:41:01.589,2.0122,2.0126,0.40,0.10
2008.04.07 10:41:01.878,2.0122,2.0126,0.40,0.10
2008.04.07 10:41:02.179,2.0122,2.0126,0.40,0.10
2008.04.07 10:41:02.469,2.0122,2.0126,0.40,0.10
2008.04.07 10:41:02.804,2.0122,2.0126,0.40,0.10
2008.04.07 10:41:03.138,2.0122,2.0126,0.40,0.40
2008.04.07 10:41:03.474,2.0121,2.0126,0.40,0.40
2008.04.07 10:41:03.704,2.0121,2.0126,0.40,0.40
2008.04.07 10:41:03.932,2.0121,2.0126,0.40,0.40
2008.04.07 10:41:04.163,2.0121,2.0126,0.40,0.40
2008.04.07 10:41:04.432,2.0121,2.0125,0.40,0.10
2008.04.07 10:41:04.658,2.0121,2.0125,0.40,0.10
2008.04.07 10:41:04.988,2.0121,2.0125,0.40,0.10
2008.04.07 10:41:05.312,2.0121,2.0125,0.40,0.10
2008.04.07 10:41:05.636,2.0121,2.0125,0.40,0.10
2008.04.07 10:41:05.865,2.0121,2.0125,0.40,0.10
2008.04.07 10:41:06.096,2.0121,2.0125,0.40,0.10
2008.04.07 10:41:06.326,2.0122,2.0125,0.40,0.10
2008.04.07 10:41:06.556,2.0122,2.0125,0.40,0.10
2008.04.07 10:41:06.889,2.0122,2.0125,0.40,0.10
2008.04.07 10:41:07.224,2.0122,2.0125,0.40,0.10
2008.04.07 10:41:07.559,2.0123,2.0127,0.40,0.30
2008.04.07 10:41:07.894,2.0123,2.0127,0.40,0.30
2008.04.07 10:41:08.227,2.0123,2.0127,0.40,0.30
2008.04.07 10:41:08.562,2.0123,2.0127,0.40,0.30
2008.04.07 10:41:08.896,2.0123,2.0127,0.40,0.30
2008.04.07 10:41:09.120,2.0123,2.0127,0.40,0.30
2008.04.07 10:41:09.343,2.0123,2.0127,0.40,0.30
2008.04.07 10:41:09.568,2.0123,2.0127,0.40,0.30
2008.04.07 10:41:09.884,2.0123,2.0127,0.40,0.30
2008.04.07 10:41:10.199,2.0123,2.01275,0.40,1.60
2008.04.07 10:41:10.514,2.0123,2.0127,0.40,0.30
2008.04.07 10:41:10.827,2.0123,2.0127,0.40,0.30
2008.04.07 10:41:11.056,2.0123,2.0127,0.40,0.30
2008.04.07 10:41:11.285,2.0123,2.0127,0.40,0.30
2008.04.07 10:41:11.519,2.0123,2.0127,0.40,0.30
2008.04.07 10:41:11.788,2.0123,2.0127,0.40,0.30
2008.04.07 10:41:12.130,2.0123,2.0127,0.40,0.30
2008.04.07 10:41:12.466,2.0123,2.0127,0.40,0.30
2008.04.07 10:41:12.830,2.0123,2.0127,0.40,0.30
2008.04.07 10:41:13.204,2.0123,2.0127,0.40,0.30
2008.04.07 10:41:13.542,2.0123,2.0127,0.40,0.30
2008.04.07 10:41:13.913,2.0123,2.0127,0.40,0.30
2008.04.07 10:41:14.178,2.0123,2.0127,0.40,0.30
2008.04.07 10:41:14.443,2.0123,2.0127,0.40,0.30
2008.04.07 10:41:14.670,2.0123,2.0127,0.40,0.30
2008.04.07 10:41:14.931,2.0123,2.0127,0.40,0.30
2008.04.07 10:41:15.281,2.0123,2.0127,0.40,0.30
2008.04.07 10:41:15.626,2.0123,2.0127,0.40,0.30
2008.04.07 10:41:15.898,2.0123,2.0127,0.40,0.30
2008.04.07 10:41:16.132,2.0123,2.0127,0.40,0.30
2008.04.07 10:41:16.367,2.0123,2.0127,0.40,0.30
2008.04.07 10:41:16.602,2.0123,2.0127,0.40,0.30
2008.04.07 10:41:16.836,2.0123,2.0127,0.40,0.30
2008.04.07 10:41:17.212,2.0123,2.0127,0.40,0.30
2008.04.07 10:41:17.504,2.0123,2.0127,0.40,0.30
2008.04.07 10:41:17.838,2.0123,2.0127,0.40,0.30
2008.04.07 10:41:18.172,2.0123,2.0127,0.40,0.30
2008.04.07 10:41:18.507,2.0123,2.0127,0.40,0.30
2008.04.07 10:41:18.840,2.0123,2.0127,0.40,0.30
2008.04.07 10:41:19.174,2.0123,2.0127,0.40,0.30
2008.04.07 10:41:19.429,2.0123,2.0127,0.40,0.30
2008.04.07 10:41:19.612,2.0123,2.0127,0.40,0.30
2008.04.07 10:41:19.832,2.0123,2.0127,0.40,0.30
2008.04.07 10:41:20.050,2.0123,2.0127,0.40,0.30
2008.04.07 10:41:20.344,2.0123,2.0127,0.40,0.30
2008.04.07 10:41:20.642,2.0123,2.0127,0.40,0.30
2008.04.07 10:41:20.939,2.0123,2.0127,0.40,0.30
2008.04.07 10:41:21.185,2.0123,2.0127,0.40,0.30
2008.04.07 10:41:21.425,2.0123,2.0127,0.40,0.30
2008.04.07 10:41:21.663,2.0123,2.0127,0.40,0.30
2008.04.07 10:41:21.932,2.0123,2.0127,0.40,0.30
2008.04.07 10:41:22.266,2.0123,2.0127,0.40,0.30
2008.04.07 10:41:22.601,2.0123,2.0127,0.40,0.30
2008.04.07 10:41:22.937,2.0123,2.0126,0.40,0.30
2008.04.07 10:41:23.272,2.0123,2.0127,0.40,0.30
2008.04.07 10:41:23.605,2.0123,2.0127,0.40,0.30
2008.04.07 10:41:23.940,2.0123,2.0127,0.40,0.30
2008.04.07 10:41:24.196,2.0123,2.0127,0.40,0.30
2008.04.07 10:41:24.457,2.0123,2.0127,0.40,0.30
2008.04.07 10:41:24.718,2.0123,2.0127,0.40,0.30
2008.04.07 10:41:24.943,2.0123,2.01265,0.40,1.60
2008.04.07 10:41:25.231,2.0123,2.0127,0.40,0.30
2008.04.07 10:41:25.519,2.0123,2.0127,0.40,0.30
2008.04.07 10:41:25.808,2.0123,2.0127,0.40,0.30
2008.04.07 10:41:26.097,2.0123,2.0127,0.40,0.30
2008.04.07 10:41:26.386,2.0123,2.0127,0.40,0.30
2008.04.07 10:41:26.676,2.0123,2.0127,0.40,0.30
2008.04.07 10:41:26.965,2.0123,2.0127,0.40,0.30
2008.04.07 10:41:27.299,2.0123,2.0127,0.40,0.30
2008.04.07 10:41:27.633,2.0123,2.0127,0.40,0.30
2008.04.07 10:41:27.967,2.0123,2.0127,0.40,0.30
2008.04.07 10:41:28.300,2.0123,2.0127,0.40,0.30
2008.04.07 10:41:28.633,2.0123,2.0127,0.40,0.30
2008.04.07 10:41:28.967,2.0123,2.0127,0.40,0.30
2008.04.07 10:41:29.300,2.0123,2.0127,0.40,0.30
2008.04.07 10:41:29.524,2.0123,2.0127,0.40,0.30
2008.04.07 10:41:29.749,2.0123,2.0127,0.40,0.30
2008.04.07 10:41:29.974,2.0123,2.01265,0.40,1.60
2008.04.07 10:41:30.257,2.0123,2.0127,0.40,0.30
2008.04.07 10:41:30.541,2.0123,2.0127,0.40,0.30
2008.04.07 10:41:30.825,2.0123,2.0127,0.40,0.30
2008.04.07 10:41:31.110,2.0123,2.0127,0.40,0.30
2008.04.07 10:41:31.384,2.0123,2.0127,0.40,0.30
2008.04.07 10:41:31.659,2.0123,2.0127,0.40,0.30
2008.04.07 10:41:31.933,2.0123,2.0127,0.40,0.30
2008.04.07 10:41:32.207,2.0123,2.0127,0.40,0.30
2008.04.07 10:41:32.542,2.0123,2.0127,0.40,0.30
2008.04.07 10:41:32.917,2.0124,2.01275,0.40,1.60
2008.04.07 10:41:33.215,2.0123,2.0127,0.40,0.30
2008.04.07 10:41:33.551,2.0123,2.0127,0.40,0.30
2008.04.07 10:41:33.904,2.0123,2.0127,0.40,0.30
2008.04.07 10:41:34.274,2.0123,2.0127,0.40,0.30
2008.04.07 10:41:34.456,2.0123,2.0127,0.40,0.30
2008.04.07 10:41:34.676,2.0123,2.0127,0.40,0.30
2008.04.07 10:41:34.895,2.0123,2.0127,0.40,0.30
2008.04.07 10:41:35.115,2.0123,2.0127,0.40,0.30
2008.04.07 10:41:35.409,2.0123,2.0127,0.40,0.30
2008.04.07 10:41:35.702,2.0123,2.0127,0.40,0.30
2008.04.07 10:41:36.000,2.0123,2.0127,0.40,0.30
2008.04.07 10:41:36.326,2.0123,2.0127,0.40,0.30
2008.04.07 10:41:36.601,2.0123,2.0127,0.40,0.30
2008.04.07 10:41:36.877,2.0123,2.0127,0.40,0.30
2008.04.07 10:41:37.151,2.0123,2.0127,0.40,0.30
2008.04.07 10:41:37.485,2.0123,2.0127,0.40,0.30
2008.04.07 10:41:37.820,2.0123,2.0127,0.40,0.30
2008.04.07 10:41:38.154,2.0123,2.0127,0.40,0.30
2008.04.07 10:41:38.490,2.0123,2.0127,0.40,0.30
2008.04.07 10:41:38.824,2.0123,2.0127,0.40,0.30
2008.04.07 10:41:39.158,2.0123,2.0127,0.40,0.30
2008.04.07 10:41:39.388,2.0123,2.0127,0.40,0.30
2008.04.07 10:41:39.616,2.0123,2.0127,0.40,0.30
2008.04.07 10:41:39.885,2.0123,2.0127,0.40,0.30
2008.04.07 10:41:40.152,2.0123,2.0127,0.40,0.30
2008.04.07 10:41:40.482,2.0123,2.0127,0.40,0.30
2008.04.07 10:41:40.738,2.0123,2.0127,0.40,0.30
2008.04.07 10:41:41.033,2.0123,2.0127,0.40,0.30
2008.04.07 10:41:41.327,2.0123,2.0127,0.40,0.30
2008.04.07 10:41:41.566,2.0123,2.0127,0.40,0.30
2008.04.07 10:41:41.804,2.0123,2.0127,0.40,0.30
2008.04.07 10:41:42.044,2.0123,2.0127,0.40,0.30
2008.04.07 10:41:42.282,2.0123,2.0127,0.40,0.30
2008.04.07 10:41:42.617,2.0123,2.0127,0.40,0.30
2008.04.07 10:41:42.953,2.0123,2.0127,0.40,0.30
2008.04.07 10:41:43.286,2.0123,2.0127,0.40,0.30
2008.04.07 10:41:43.621,2.0123,2.0127,0.40,0.30
2008.04.07 10:41:43.955,2.0122,2.01265,0.40,0.30
2008.04.07 10:41:44.289,2.0122,2.01265,0.40,0.30
2008.04.07 10:41:44.532,2.0122,2.01265,0.40,0.30
2008.04.07 10:41:44.811,2.0122,2.01265,0.40,0.30
2008.04.07 10:41:45.087,2.0122,2.01265,0.40,0.30
2008.04.07 10:41:45.368,2.0122,2.01265,0.40,0.30
2008.04.07 10:41:45.681,2.0122,2.01265,0.40,0.30
2008.04.07 10:41:46.002,2.0122,2.01265,0.40,0.30
2008.04.07 10:41:46.329,2.0122,2.01265,0.40,0.30
2008.04.07 10:41:46.584,2.0122,2.01265,0.40,0.30
2008.04.07 10:41:46.839,2.0122,2.01265,0.40,0.30
2008.04.07 10:41:47.128,2.0122,2.01265,0.40,0.30
2008.04.07 10:41:47.389,2.0122,2.01265,0.40,0.30
2008.04.07 10:41:47.680,2.0122,2.01265,0.40,0.30
2008.04.07 10:41:48.015,2.0122,2.01265,0.40,0.30
2008.04.07 10:41:48.350,2.0122,2.01265,0.40,0.30
2008.04.07 10:41:48.645,2.0122,2.01265,0.40,0.30
2008.04.07 10:41:48.938,2.0122,2.01265,0.40,0.30
2008.04.07 10:41:49.233,2.0122,2.0127,0.40,0.10
2008.04.07 10:41:49.467,2.0122,2.0127,0.40,0.10
2008.04.07 10:41:49.703,2.0122,2.01265,0.40,0.30
2008.04.07 10:41:49.938,2.0122,2.01265,0.40,0.30
2008.04.07 10:41:50.171,2.0122,2.01265,0.40,0.30
2008.04.07 10:41:50.412,2.0122,2.01265,0.40,0.30
2008.04.07 10:41:50.737,2.0122,2.01265,0.40,0.30
2008.04.07 10:41:51.017,2.0122,2.01265,0.40,0.30
2008.04.07 10:41:51.309,2.0122,2.01265,0.40,0.30
2008.04.07 10:41:51.599,2.0122,2.01265,0.40,0.30
2008.04.07 10:41:51.874,2.0122,2.01265,0.40,0.30
2008.04.07 10:41:52.190,2.0122,2.01265,0.40,0.30
2008.04.07 10:41:52.466,2.0122,2.01265,0.40,0.30
2008.04.07 10:41:52.825,2.0122,2.01265,0.40,0.30
2008.04.07 10:41:53.164,2.0122,2.01265,0.40,0.30
2008.04.07 10:41:53.536,2.0122,2.01265,0.40,0.30
2008.04.07 10:41:53.789,2.0122,2.01265,0.40,0.30
2008.04.07 10:41:54.040,2.0122,2.01265,0.40,0.30
2008.04.07 10:41:54.255,2.0122,2.01265,0.40,0.30
2008.04.07 10:41:54.471,2.0122,2.01255,0.40,0.30
2008.04.07 10:41:54.816,2.0121,2.0125,0.40,0.10
2008.04.07 10:41:55.125,2.0123,2.0127,0.40,0.10
2008.04.07 10:41:55.429,2.0122,2.01265,0.40,0.30
2008.04.07 10:41:55.731,2.0122,2.01265,0.40,0.30
2008.04.07 10:41:56.029,2.0122,2.01265,0.40,0.30
2008.04.07 10:41:56.294,2.0122,2.01265,0.40,0.30
2008.04.07 10:41:56.557,2.0122,2.01265,0.40,0.30
2008.04.07 10:41:56.823,2.0122,2.01255,0.40,0.30
2008.04.07 10:41:57.088,2.0123,2.0127,0.40,0.10
2008.04.07 10:41:57.353,2.0122,2.0127,0.40,0.10
2008.04.07 10:41:57.617,2.0122,2.01265,0.40,0.30
2008.04.07 10:41:57.951,2.0122,2.0127,0.40,0.10
2008.04.07 10:41:58.284,2.0122,2.0127,0.40,0.10
2008.04.07 10:41:58.618,2.0122,2.0127,0.40,0.10
2008.04.07 10:41:58.862,2.0122,2.0127,0.40,0.10
2008.04.07 10:41:59.125,2.0122,2.01255,0.40,0.30
2008.04.07 10:41:59.367,2.0122,2.01255,0.40,0.30
2008.04.07 10:41:59.594,2.0122,2.01255,0.40,0.30
2008.04.07 10:41:59.916,2.0121,2.0125,0.40,0.10
2008.04.07 10:42:00.235,2.0121,2.0125,0.40,0.10
2008.04.07 10:42:00.555,2.0121,2.0125,0.40,0.10
2008.04.07 10:42:00.876,2.0121,2.0125,0.40,0.10
2008.04.07 10:42:01.166,2.0121,2.0125,0.40,0.10
2008.04.07 10:42:01.457,2.0121,2.0125,0.40,0.10
2008.04.07 10:42:01.747,2.0121,2.0125,0.40,0.10
2008.04.07 10:42:02.082,2.0121,2.0125,0.40,0.10
2008.04.07 10:42:02.416,2.0121,2.0125,0.40,0.10
2008.04.07 10:42:02.752,2.0121,2.0125,0.40,0.10
2008.04.07 10:42:03.088,2.0121,2.0125,0.40,0.10
2008.04.07 10:42:03.424,2.0121,2.0125,0.40,0.10
2008.04.07 10:42:03.765,2.0121,2.0125,0.40,0.10
2008.04.07 10:42:03.983,2.0121,2.0125,0.40,0.10
2008.04.07 10:42:04.202,2.0121,2.0125,0.40,0.10
2008.04.07 10:42:04.422,2.0121,2.0125,0.40,0.10
2008.04.07 10:42:04.646,2.0122,2.01265,0.40,0.30
2008.04.07 10:42:04.973,2.0122,2.01265,0.40,0.30
2008.04.07 10:42:05.301,2.0122,2.01265,0.40,0.30
2008.04.07 10:42:05.633,2.0122,2.01265,0.40,0.30
2008.04.07 10:42:05.892,2.0122,2.01265,0.40,0.30
2008.04.07 10:42:06.138,2.0122,2.0127,0.40,0.10
2008.04.07 10:42:06.407,2.0122,2.0127,0.40,0.10
2008.04.07 10:42:06.653,2.0122,2.0127,0.40,0.10
2008.04.07 10:42:06.986,2.0122,2.0127,0.40,0.10
2008.04.07 10:42:07.320,2.0122,2.0127,0.40,0.10
2008.04.07 10:42:07.655,2.0122,2.0127,0.40,0.10
2008.04.07 10:42:07.990,2.0122,2.0127,0.40,0.10
2008.04.07 10:42:08.346,2.0122,2.0127,0.40,0.10
2008.04.07 10:42:08.717,2.0122,2.0127,0.40,0.10
2008.04.07 10:42:08.926,2.0122,2.0127,0.40,0.10
2008.04.07 10:42:09.136,2.0122,2.0127,0.40,0.10
2008.04.07 10:42:09.345,2.0122,2.0127,0.40,0.10
2008.04.07 10:42:09.554,2.0122,2.0127,0.40,0.10
2008.04.07 10:42:09.763,2.0122,2.0127,0.40,0.10
2008.04.07 10:42:10.088,2.0122,2.0127,0.40,0.10
2008.04.07 10:42:10.448,2.0122,2.0127,0.40,0.10
2008.04.07 10:42:10.808,2.0122,2.0127,0.40,0.10
2008.04.07 10:42:11.032,2.0122,2.0127,0.40,0.10
2008.04.07 10:42:11.257,2.0122,2.0127,0.40,0.10
2008.04.07 10:42:11.480,2.0122,2.0127,0.40,0.10
2008.04.07 10:42:11.704,2.0122,2.0127,0.40,0.10
2008.04.07 10:42:11.928,2.0122,2.0127,0.40,0.10
2008.04.07 10:42:12.262,2.0122,2.0127,0.40,0.10
2008.04.07 10:42:12.595,2.0122,2.0127,0.40,0.10
2008.04.07 10:42:12.929,2.0122,2.0127,0.40,0.10
2008.04.07 10:42:13.272,2.0122,2.0127,0.40,0.10
2008.04.07 10:42:13.627,2.0122,2.0127,0.40,0.10
2008.04.07 10:42:13.987,2.0122,2.0127,0.40,0.10
2008.04.07 10:42:14.245,2.0122,2.0127,0.40,0.10
2008.04.07 10:42:14.503,2.0122,2.0127,0.40,0.10
2008.04.07 10:42:14.725,2.0122,2.0127,0.40,0.10
2008.04.07 10:42:14.984,2.0122,2.0127,0.40,0.10
2008.04.07 10:42:15.368,2.0122,2.0127,0.40,0.10
2008.04.07 10:42:15.743,2.0122,2.0127,0.40,0.10
2008.04.07 10:42:16.113,2.0122,2.0127,0.40,0.10
2008.04.07 10:42:16.336,2.0122,2.0127,0.40,0.10
2008.04.07 10:42:17.851,2.0122,2.0127,0.40,0.10
2008.04.07 10:42:17.939,2.0122,2.0127,0.40,0.10
2008.04.07 10:42:18.024,2.0122,2.0127,0.40,0.10
2008.04.07 10:42:18.111,2.0122,2.0127,0.40,0.10
2008.04.07 10:42:18.223,2.0122,2.0127,0.40,0.10
2008.04.07 10:42:18.268,2.0122,2.0127,0.40,0.10
2008.04.07 10:42:18.425,2.0122,2.0127,0.40,0.10
2008.04.07 10:42:18.563,2.0122,2.0127,0.40,0.10
2008.04.07 10:42:18.663,2.0122,2.0127,0.40,0.10
2008.04.07 10:42:18.719,2.0122,2.0127,0.40,0.10
2008.04.07 10:42:18.830,2.0122,2.0127,0.40,0.10
2008.04.07 10:42:18.934,2.0122,2.0127,0.40,0.10
2008.04.07 10:42:19.268,2.0122,2.0127,0.40,0.10
2008.04.07 10:42:19.602,2.0122,2.0127,0.40,0.10
2008.04.07 10:42:19.937,2.0122,2.0127,0.40,0.10
2008.04.07 10:42:20.186,2.0122,2.0127,0.40,0.10
2008.04.07 10:42:20.435,2.0122,2.0127,0.40,0.10
2008.04.07 10:42:20.684,2.0122,2.0127,0.40,0.10
2008.04.07 10:42:20.933,2.0122,2.0127,0.40,0.10
2008.04.07 10:42:21.222,2.0122,2.0127,0.40,0.10
2008.04.07 10:42:21.542,2.0122,2.0127,0.40,0.10
2008.04.07 10:42:21.832,2.0122,2.0127,0.40,0.10
2008.04.07 10:42:22.122,2.0122,2.0127,0.40,0.10
2008.04.07 10:42:22.458,2.0122,2.0127,0.40,0.10
2008.04.07 10:42:22.793,2.0122,2.0127,0.40,0.10
2008.04.07 10:42:23.153,2.0122,2.0127,0.40,0.10
2008.04.07 10:42:23.514,2.0122,2.0127,0.40,0.10
2008.04.07 10:42:23.874,2.0122,2.0127,0.40,0.10
2008.04.07 10:42:24.234,2.0122,2.0127,0.40,0.10
2008.04.07 10:42:24.499,2.0122,2.0127,0.40,0.10
2008.04.07 10:42:24.691,2.0122,2.0127,0.40,0.10
2008.04.07 10:42:24.918,2.0122,2.0127,0.40,0.10
2008.04.07 10:42:26.078,2.0122,2.0127,0.40,0.10
2008.04.07 10:42:26.233,2.0122,2.0127,0.40,0.10
2008.04.07 10:42:26.384,2.0122,2.0127,0.40,0.10
2008.04.07 10:42:26.518,2.0122,2.0127,0.40,0.10
2008.04.07 10:42:26.659,2.0122,2.0127,0.40,0.10
2008.04.07 10:42:26.825,2.0122,2.0127,0.40,0.10
2008.04.07 10:42:27.001,2.0122,2.0127,0.40,0.10
2008.04.07 10:42:27.104,2.0122,2.0127,0.40,0.10
2008.04.07 10:42:27.475,2.0122,2.0127,0.40,0.10
2008.04.07 10:42:27.813,2.0122,2.0127,0.40,0.10
2008.04.07 10:42:28.146,2.0123,2.0127,0.40,0.10
2008.04.07 10:42:28.482,2.0123,2.0127,0.40,0.10
2008.04.07 10:42:28.849,2.0123,2.0127,0.40,0.10
2008.04.07 10:42:29.219,2.0123,2.0127,0.40,0.10
2008.04.07 10:42:29.434,2.0123,2.0127,0.40,0.10
2008.04.07 10:42:29.648,2.0123,2.0127,0.40,0.10
2008.04.07 10:42:29.862,2.0123,2.0127,0.40,0.10
2008.04.07 10:42:30.078,2.0123,2.0127,0.40,0.10
2008.04.07 10:42:30.292,2.0123,2.0127,0.40,0.10
2008.04.07 10:42:30.617,2.0123,2.0127,0.40,0.10
2008.04.07 10:42:30.942,2.0123,2.0127,0.40,0.10
2008.04.07 10:42:31.294,2.0123,2.0127,0.40,0.10
2008.04.07 10:42:31.555,2.0123,2.0127,0.40,0.10
2008.04.07 10:42:31.784,2.0123,2.0127,0.40,0.10
2008.04.07 10:42:32.046,2.0123,2.0127,0.40,0.10
2008.04.07 10:42:32.306,2.0123,2.0127,0.40,0.10
2008.04.07 10:42:32.639,2.0123,2.0127,0.40,0.10
2008.04.07 10:42:34.283,2.0123,2.0127,0.40,0.10
2008.04.07 10:42:35.724,2.0122,2.0127,0.50,0.10
2008.04.07 10:42:35.823,2.0122,2.0127,0.50,0.10
2008.04.07 10:42:35.880,2.0122,2.0127,0.50,0.10
2008.04.07 10:42:35.933,2.0122,2.0127,0.50,0.10
2008.04.07 10:42:35.989,2.0122,2.0127,0.50,0.10
2008.04.07 10:42:36.100,2.0122,2.0127,0.50,0.10
2008.04.07 10:42:36.188,2.0122,2.0127,0.50,0.10
2008.04.07 10:42:36.281,2.0122,2.0127,0.50,0.10
2008.04.07 10:42:36.333,2.0122,2.0127,0.50,0.10
2008.04.07 10:42:36.419,2.0122,2.0127,0.50,0.10
2008.04.07 10:42:36.542,2.0122,2.0127,0.50,0.10
2008.04.07 10:42:36.625,2.0122,2.0127,0.50,0.10
2008.04.07 10:42:36.707,2.0122,2.0127,0.50,0.10
2008.04.07 10:42:37.042,2.0122,2.0127,0.50,0.10
2008.04.07 10:42:37.375,2.0122,2.0127,0.50,0.10
2008.04.07 10:42:37.709,2.0122,2.0127,0.50,0.10
2008.04.07 10:42:38.043,2.0122,2.0127,0.50,0.10
2008.04.07 10:42:38.377,2.0122,2.0127,0.50,0.10
2008.04.07 10:42:38.712,2.0122,2.0127,0.50,0.10
2008.04.07 10:42:38.929,2.0122,2.0127,0.50,0.10
2008.04.07 10:42:39.179,2.0122,2.0127,0.50,0.10
2008.04.07 10:42:39.356,2.0122,2.0127,0.50,0.10
2008.04.07 10:42:39.572,2.0122,2.0127,0.50,0.10
2008.04.07 10:42:39.786,2.0122,2.0127,0.50,0.10
2008.04.07 10:42:40.121,2.0122,2.0127,0.50,0.10
2008.04.07 10:42:40.455,2.0122,2.0127,0.50,0.10
2008.04.07 10:42:40.791,2.0122,2.0127,0.50,0.10
2008.04.07 10:42:41.019,2.0122,2.0127,0.50,0.10
2008.04.07 10:42:41.248,2.0122,2.0127,0.50,0.10
2008.04.07 10:42:41.477,2.0122,2.0127,0.50,0.10
2008.04.07 10:42:41.745,2.0123,2.0127,0.40,0.10
2008.04.07 10:42:41.937,2.0123,2.0127,0.40,0.10
2008.04.07 10:42:42.272,2.0123,2.0127,0.40,0.10
2008.04.07 10:42:42.642,2.0123,2.0127,0.40,0.10
2008.04.07 10:42:42.973,2.0123,2.0127,0.40,0.10
2008.04.07 10:42:43.308,2.0123,2.0127,0.40,0.10
2008.04.07 10:42:43.643,2.0123,2.0127,0.40,0.10
2008.04.07 10:42:44.013,2.0123,2.0127,0.40,0.10
2008.04.07 10:42:44.231,2.0123,2.0127,0.40,0.10
2008.04.07 10:42:44.450,2.0123,2.0127,0.40,0.10
2008.04.07 10:42:44.670,2.0123,2.0127,0.40,0.10
2008.04.07 10:42:44.889,2.0123,2.0127,0.40,0.10
2008.04.07 10:42:45.173,2.0123,2.0127,0.40,0.10
2008.04.07 10:42:45.462,2.0123,2.0127,0.40,0.10
2008.04.07 10:42:45.780,2.0123,2.0127,0.40,0.10
2008.04.07 10:42:46.079,2.0123,2.0127,0.40,0.10
2008.04.07 10:42:46.387,2.0123,2.0127,0.40,0.10
2008.04.07 10:42:46.662,2.0123,2.0127,0.40,0.10
2008.04.07 10:42:46.935,2.0123,2.0127,0.40,0.10
2008.04.07 10:42:47.268,2.0123,2.0127,0.40,0.10
2008.04.07 10:42:47.602,2.0123,2.0127,0.40,0.10
2008.04.07 10:42:47.938,2.0123,2.0127,0.40,0.10
2008.04.07 10:42:48.310,2.0123,2.0127,0.40,0.10
2008.04.07 10:42:48.680,2.0123,2.0127,0.40,0.10
2008.04.07 10:42:48.977,2.0123,2.0127,0.40,0.10
2008.04.07 10:42:49.346,2.0123,2.0127,0.40,0.10
2008.04.07 10:42:49.564,2.0123,2.0127,0.40,0.10
2008.04.07 10:42:49.784,2.0123,2.0127,0.40,0.10
2008.04.07 10:42:50.018,2.0123,2.0127,0.40,0.10
2008.04.07 10:42:50.361,2.0123,2.0127,0.40,0.10
2008.04.07 10:42:50.650,2.0123,2.0127,0.40,0.10
2008.04.07 10:42:50.940,2.0123,2.0127,0.40,0.10
2008.04.07 10:42:51.232,2.0123,2.0127,0.40,0.10
2008.04.07 10:42:51.515,2.0123,2.0127,0.40,0.10
2008.04.07 10:42:51.799,2.0123,2.0127,0.40,0.10
2008.04.07 10:42:52.089,2.0123,2.0127,0.40,0.10
2008.04.07 10:42:52.426,2.0123,2.0127,0.40,0.10
2008.04.07 10:42:52.754,2.0123,2.0127,0.40,0.10
2008.04.07 10:42:53.084,2.0123,2.0127,0.40,0.10
2008.04.07 10:42:53.419,2.0123,2.0127,0.40,0.10
2008.04.07 10:42:53.799,2.0123,2.0127,0.40,0.10
2008.04.07 10:42:54.169,2.0123,2.0127,0.40,0.10
2008.04.07 10:42:54.363,2.0123,2.0127,0.40,0.10
2008.04.07 10:42:54.557,2.0123,2.0127,0.40,0.10
2008.04.07 10:42:54.752,2.0123,2.0127,0.40,0.10
2008.04.07 10:42:54.946,2.0123,2.0127,0.40,0.10
2008.04.07 10:42:55.141,2.0123,2.0127,0.40,0.10
2008.04.07 10:42:55.356,2.0123,2.0127,0.40,0.10
2008.04.07 10:42:55.728,2.0123,2.0127,0.50,0.10
2008.04.07 10:42:56.064,2.0124,2.0129,0.40,0.40
2008.04.07 10:42:56.399,2.0124,2.0129,0.40,0.10
2008.04.07 10:42:56.634,2.0124,2.0129,0.40,0.40
2008.04.07 10:42:56.867,2.0124,2.0129,0.40,0.40
2008.04.07 10:42:57.103,2.0124,2.0129,0.40,0.10
2008.04.07 10:42:57.337,2.0124,2.0129,0.50,0.10
2008.04.07 10:42:57.672,2.0124,2.0129,0.50,0.10
2008.04.07 10:42:58.005,2.0124,2.0129,0.50,0.10
2008.04.07 10:42:58.340,2.0124,2.0129,0.50,0.10
2008.04.07 10:42:58.674,2.0124,2.0129,0.50,0.10
2008.04.07 10:42:59.008,2.0124,2.0129,0.50,0.10
2008.04.07 10:42:59.342,2.0124,2.0129,0.50,0.10
2008.04.07 10:42:59.557,2.0124,2.0129,0.40,0.10
2008.04.07 10:42:59.774,2.0124,2.0129,0.40,0.10
2008.04.07 10:43:00.022,2.0124,2.0129,0.40,0.10
2008.04.07 10:43:00.277,2.0124,2.0129,0.40,0.10
2008.04.07 10:43:00.620,2.0124,2.0129,0.40,0.10
2008.04.07 10:43:00.965,2.0124,2.0129,0.40,0.10
2008.04.07 10:43:01.308,2.0124,2.0129,0.40,0.10
2008.04.07 10:43:01.499,2.0124,2.0129,0.40,0.40
2008.04.07 10:43:01.724,2.0124,2.0129,0.40,0.10
2008.04.07 10:43:01.949,2.01235,2.0129,1.60,0.10
2008.04.07 10:43:02.173,2.01235,2.0129,1.60,0.10
2008.04.07 10:43:02.398,2.01235,2.0129,1.60,0.10
2008.04.07 10:43:02.768,2.01235,2.0129,1.60,0.40
2008.04.07 10:43:03.102,2.0123,2.0129,0.40,0.40
2008.04.07 10:43:03.436,2.0123,2.0129,0.40,0.40
2008.04.07 10:43:03.760,2.01235,2.0129,1.60,0.10
2008.04.07 10:43:04.084,2.01245,2.0129,2.40,0.10
2008.04.07 10:43:04.409,2.0126,2.013,0.40,0.30
2008.04.07 10:43:04.700,2.0126,2.0131,0.40,0.40
2008.04.07 10:43:04.968,2.0126,2.0131,0.40,0.10
2008.04.07 10:43:05.231,2.0126,2.0131,0.40,0.10
2008.04.07 10:43:05.524,2.0126,2.0131,0.40,0.10
2008.04.07 10:43:05.817,2.0126,2.0131,0.40,0.10
2008.04.07 10:43:06.097,2.0126,2.0131,0.40,0.10
2008.04.07 10:43:06.391,2.0126,2.0131,0.40,0.10
2008.04.07 10:43:06.690,2.0126,2.0131,0.40,0.10
2008.04.07 10:43:06.943,2.0126,2.0131,0.40,0.10
2008.04.07 10:43:07.203,2.0126,2.01305,0.40,0.30
2008.04.07 10:43:07.463,2.0126,2.01305,0.40,0.30
2008.04.07 10:43:07.798,2.0126,2.0131,0.40,0.10
2008.04.07 10:43:08.132,2.0126,2.0131,0.40,0.10
2008.04.07 10:43:08.466,2.0127,2.0131,0.40,0.10
2008.04.07 10:43:08.701,2.0127,2.0131,0.40,0.10
2008.04.07 10:43:08.937,2.0127,2.0131,0.40,0.10
2008.04.07 10:43:09.175,2.0127,2.0131,0.40,0.10
2008.04.07 10:43:09.411,2.0127,2.0131,0.40,0.40
2008.04.07 10:43:09.645,2.0127,2.0131,0.40,0.40
2008.04.07 10:43:09.964,2.0127,2.0131,0.40,0.40
2008.04.07 10:43:10.285,2.0127,2.0131,0.40,0.40
2008.04.07 10:43:10.606,2.0127,2.0131,0.40,0.40
2008.04.07 10:43:10.845,2.0127,2.0131,0.40,0.40
2008.04.07 10:43:11.084,2.0127,2.0131,0.40,0.10
2008.04.07 10:43:11.333,2.0127,2.0131,0.40,0.10
2008.04.07 10:43:11.614,2.0129,2.01325,0.40,1.60
2008.04.07 10:43:11.898,2.0128,2.0132,0.40,0.30
2008.04.07 10:43:12.182,2.0128,2.0132,0.40,0.30
2008.04.07 10:43:12.467,2.0128,2.0132,0.40,0.30
2008.04.07 10:43:12.751,2.0128,2.0132,0.40,0.30
2008.04.07 10:43:13.087,2.0128,2.01325,0.40,1.80
2008.04.07 10:43:13.421,2.0128,2.01325,0.40,1.80
2008.04.07 10:43:13.756,2.0128,2.01325,0.40,1.80
2008.04.07 10:43:13.970,2.0128,2.01325,0.40,1.80
2008.04.07 10:43:14.186,2.0128,2.01325,0.40,1.80
2008.04.07 10:43:14.401,2.0128,2.01325,0.40,1.80
2008.04.07 10:43:14.615,2.0128,2.01325,0.40,1.80
2008.04.07 10:43:14.830,2.0128,2.01325,0.40,1.80
2008.04.07 10:43:15.165,2.0128,2.01325,0.40,1.80
2008.04.07 10:43:15.498,2.0128,2.01325,0.40,1.80
2008.04.07 10:43:15.831,2.0128,2.01325,0.40,1.80
2008.04.07 10:43:16.056,2.0128,2.01325,0.40,1.80
2008.04.07 10:43:16.282,2.0128,2.01325,0.40,1.80
2008.04.07 10:43:16.528,2.0128,2.0132,0.40,0.30
2008.04.07 10:43:16.758,2.0128,2.0132,0.40,0.30
2008.04.07 10:43:17.094,2.0128,2.0133,0.40,0.40
2008.04.07 10:43:17.429,2.0128,2.0133,0.40,0.40
2008.04.07 10:43:17.764,2.0128,2.0132,0.40,0.30
2008.04.07 10:43:18.103,2.0128,2.0132,0.40,0.30
2008.04.07 10:43:18.435,2.0128,2.0132,0.40,0.30
2008.04.07 10:43:18.771,2.0128,2.0132,0.40,0.30
2008.04.07 10:43:19.000,2.0128,2.0132,0.40,0.30
2008.04.07 10:43:19.228,2.0128,2.0132,0.40,0.30
2008.04.07 10:43:19.501,2.0128,2.01325,0.40,1.60
2008.04.07 10:43:19.767,2.0128,2.0132,0.40,0.30
2008.04.07 10:43:19.959,2.0128,2.0132,0.40,0.30
2008.04.07 10:43:20.268,2.0128,2.0132,0.40,0.30
2008.04.07 10:43:20.578,2.0128,2.0132,0.40,0.30
2008.04.07 10:43:20.912,2.0128,2.0132,0.40,0.30
2008.04.07 10:43:21.215,2.0128,2.0132,0.40,0.30
2008.04.07 10:43:21.513,2.0128,2.0132,0.40,0.30
2008.04.07 10:43:21.747,2.0128,2.0132,0.40,0.30
2008.04.07 10:43:22.052,2.0128,2.0132,0.40,0.30
2008.04.07 10:43:22.392,2.0128,2.0132,0.40,0.30
2008.04.07 10:43:22.725,2.0128,2.0132,0.40,0.30
2008.04.07 10:43:23.097,2.0128,2.0132,0.40,0.30
2008.04.07 10:43:23.460,2.0128,2.0132,0.40,0.30
2008.04.07 10:43:23.795,2.0128,2.0132,0.40,0.30
2008.04.07 10:43:24.129,2.0128,2.0132,0.40,0.30
2008.04.07 10:43:24.343,2.0128,2.0132,0.40,0.30
2008.04.07 10:43:24.570,2.0128,2.0132,0.40,0.30
2008.04.07 10:43:24.823,2.0128,2.0132,0.40,0.30
2008.04.07 10:43:25.128,2.0128,2.0132,0.40,0.30
2008.04.07 10:43:25.436,2.0128,2.0132,0.40,0.30
2008.04.07 10:43:25.740,2.0128,2.0132,0.40,0.30
2008.04.07 10:43:26.045,2.0128,2.0132,0.40,0.30
2008.04.07 10:43:26.323,2.0128,2.01325,0.40,1.60
2008.04.07 10:43:26.639,2.0128,2.0132,0.40,0.30
2008.04.07 10:43:26.915,2.0128,2.0132,0.40,0.30
2008.04.07 10:43:27.256,2.0128,2.0132,0.40,0.30
2008.04.07 10:43:27.590,2.0128,2.0132,0.40,0.30
2008.04.07 10:43:27.944,2.0128,2.0132,0.40,0.30
2008.04.07 10:43:28.317,2.0128,2.0132,0.40,0.30
2008.04.07 10:43:28.695,2.0128,2.0132,0.40,0.30
2008.04.07 10:43:29.032,2.0128,2.0132,0.40,0.30
2008.04.07 10:43:29.258,2.0128,2.01325,0.40,1.60
2008.04.07 10:43:29.485,2.0128,2.0133,0.40,0.40
2008.04.07 10:43:29.748,2.0127,2.0132,0.40,0.10
2008.04.07 10:43:30.006,2.0127,2.0132,0.40,0.10
2008.04.07 10:43:30.308,2.0126,2.0132,0.50,0.10
2008.04.07 10:43:30.607,2.0126,2.0132,0.50,0.10
2008.04.07 10:43:30.906,2.0126,2.0132,0.50,0.10
2008.04.07 10:43:31.165,2.0126,2.0132,0.50,0.10
2008.04.07 10:43:31.446,2.0126,2.0132,0.50,0.10
2008.04.07 10:43:31.711,2.0126,2.0132,0.50,0.10
2008.04.07 10:43:31.940,2.0126,2.0132,0.50,0.10
2008.04.07 10:43:32.273,2.0126,2.0132,0.50,0.10
2008.04.07 10:43:32.610,2.0126,2.0132,0.50,0.10
2008.04.07 10:43:32.944,2.0126,2.0132,0.50,0.10
2008.04.07 10:43:33.277,2.0126,2.0132,0.50,0.10
2008.04.07 10:43:33.611,2.0126,2.0132,0.50,0.10
2008.04.07 10:43:33.977,2.0126,2.0132,0.50,0.10
2008.04.07 10:43:34.185,2.0126,2.0132,0.50,0.10
2008.04.07 10:43:34.394,2.0126,2.0132,0.50,0.10
2008.04.07 10:43:34.603,2.0126,2.0132,0.50,0.10
2008.04.07 10:43:34.812,2.0126,2.0132,0.50,0.10
2008.04.07 10:43:35.021,2.0126,2.0132,0.50,0.10
2008.04.07 10:43:35.355,2.0126,2.0132,0.50,0.10
2008.04.07 10:43:35.689,2.0126,2.0132,0.50,0.10
2008.04.07 10:43:36.023,2.01265,2.0132,0.10,0.10
2008.04.07 10:43:36.247,2.0126,2.0132,0.40,0.40
2008.04.07 10:43:36.471,2.0126,2.0132,0.40,0.40
2008.04.07 10:43:36.697,2.0126,2.0132,0.40,0.40
2008.04.07 10:43:36.920,2.0126,2.0132,0.40,0.40
2008.04.07 10:43:37.167,2.0126,2.0132,0.40,0.40
2008.04.07 10:43:37.503,2.0126,2.0132,0.40,0.40
2008.04.07 10:43:37.837,2.0126,2.0132,0.40,0.40
2008.04.07 10:43:38.170,2.0126,2.01315,0.40,0.30
2008.04.07 10:43:38.504,2.0126,2.01315,0.40,0.30
2008.04.07 10:43:38.839,2.0126,2.01315,0.40,0.30
2008.04.07 10:43:39.173,2.0126,2.01315,0.40,0.30
2008.04.07 10:43:39.406,2.0126,2.01315,0.40,0.30
2008.04.07 10:43:39.639,2.0126,2.01315,0.40,0.30
2008.04.07 10:43:39.872,2.0126,2.01315,0.40,0.30
2008.04.07 10:43:40.106,2.0126,2.01315,0.40,0.30
2008.04.07 10:43:40.407,2.0126,2.01315,0.40,0.30
2008.04.07 10:43:40.751,2.0126,2.01315,0.40,0.30
2008.04.07 10:43:41.086,2.0126,2.01315,0.40,0.30
2008.04.07 10:43:41.356,2.0126,2.01315,0.40,0.30
2008.04.07 10:43:41.589,2.0126,2.01315,0.40,0.30
2008.04.07 10:43:41.858,2.0126,2.01315,0.40,0.30
2008.04.07 10:43:42.128,2.0126,2.01315,0.40,0.30
2008.04.07 10:43:42.404,2.0126,2.01315,0.40,0.30
2008.04.07 10:43:42.768,2.0126,2.01315,0.40,0.30
2008.04.07 10:43:43.139,2.0126,2.01315,0.40,0.30
2008.04.07 10:43:43.512,2.0126,2.01315,0.40,0.30
2008.04.07 10:43:43.807,2.0126,2.01315,0.40,0.30
2008.04.07 10:43:44.141,2.0126,2.01315,0.40,0.30
2008.04.07 10:43:44.474,2.0126,2.01315,0.40,0.30
2008.04.07 10:43:44.699,2.0126,2.01315,0.40,0.30
2008.04.07 10:43:44.923,2.0126,2.01315,0.40,0.30
2008.04.07 10:43:45.147,2.0126,2.01315,0.40,0.30
2008.04.07 10:43:45.370,2.0126,2.01315,0.40,0.30
2008.04.07 10:43:45.664,2.0126,2.01315,0.40,0.30
2008.04.07 10:43:45.960,2.0126,2.01315,0.40,0.30
2008.04.07 10:43:46.278,2.0126,2.01315,0.40,0.30
2008.04.07 10:43:46.566,2.0126,2.01315,0.40,0.30
2008.04.07 10:43:46.816,2.0126,2.01315,0.40,0.30
2008.04.07 10:43:47.098,2.0126,2.01315,0.40,0.30
2008.04.07 10:43:47.385,2.0126,2.01315,0.40,0.30
2008.04.07 10:43:47.718,2.0126,2.01315,0.40,0.30
2008.04.07 10:43:48.052,2.0126,2.01315,0.40,0.30
2008.04.07 10:43:48.386,2.0126,2.01315,0.40,0.30
2008.04.07 10:43:48.720,2.0126,2.0132,0.40,0.40
2008.04.07 10:43:49.054,2.0126,2.0132,0.40,0.40
2008.04.07 10:43:49.387,2.0126,2.0132,0.40,0.40
2008.04.07 10:43:49.611,2.0126,2.0132,0.40,0.40
2008.04.07 10:43:49.837,2.01265,2.0132,0.10,0.10
2008.04.07 10:43:50.061,2.01265,2.0132,0.10,0.10
2008.04.07 10:43:50.284,2.01265,2.0132,0.10,0.10
2008.04.07 10:43:50.584,2.01265,2.0132,0.10,0.10
2008.04.07 10:43:50.882,2.01265,2.0132,0.10,0.10
2008.04.07 10:43:51.183,2.01265,2.0132,0.10,0.10
2008.04.07 10:43:51.481,2.01265,2.0132,0.10,0.10
2008.04.07 10:43:51.742,2.0127,2.01315,0.40,0.30
2008.04.07 10:43:52.000,2.0127,2.01315,0.40,0.30
2008.04.07 10:43:52.258,2.0127,2.01315,0.40,0.30
2008.04.07 10:43:52.556,2.0127,2.01315,0.40,0.30
2008.04.07 10:43:52.913,2.0127,2.0132,0.40,0.10
2008.04.07 10:43:53.246,2.0127,2.0132,0.40,0.10
2008.04.07 10:43:53.580,2.0127,2.0132,0.40,0.10
2008.04.07 10:43:53.914,2.0127,2.0132,0.40,0.10
2008.04.07 10:43:54.247,2.0127,2.0132,0.40,0.10
2008.04.07 10:43:54.582,2.0127,2.0132,0.40,0.10
2008.04.07 10:43:54.817,2.0128,2.01325,0.40,1.80
2008.04.07 10:43:55.070,2.0127,2.01325,0.40,1.80
2008.04.07 10:43:55.294,2.0127,2.01335,0.50,3.40
2008.04.07 10:43:55.556,2.0127,2.01335,0.50,1.80
2008.04.07 10:43:55.930,2.0127,2.01335,0.50,1.80
2008.04.07 10:43:56.293,2.0127,2.01325,0.40,0.30
2008.04.07 10:43:56.632,2.0128,2.01335,0.40,1.80
2008.04.07 10:43:56.856,2.0128,2.01335,0.40,1.80
2008.04.07 10:43:57.080,2.0128,2.01335,0.40,1.80
2008.04.07 10:43:57.310,2.0128,2.01335,0.50,1.60
2008.04.07 10:43:57.590,2.0129,2.0133,0.40,0.30
2008.04.07 10:43:57.902,2.0129,2.0133,0.40,0.30
2008.04.07 10:43:58.237,2.0129,2.0133,0.40,0.40
2008.04.07 10:43:58.571,2.0129,2.0133,0.40,0.40
2008.04.07 10:43:58.907,2.0129,2.0133,0.40,0.40
2008.04.07 10:43:59.243,2.0127,2.0132,0.40,0.10
2008.04.07 10:43:59.582,2.0127,2.0132,0.50,0.10
2008.04.07 10:43:59.812,2.0127,2.0132,0.50,0.10
2008.04.07 10:44:00.043,2.0127,2.0132,0.50,0.10
2008.04.07 10:44:00.272,2.0127,2.0132,0.50,0.10
2008.04.07 10:44:00.502,2.0127,2.0132,0.50,0.10
2008.04.07 10:44:00.810,2.0127,2.0132,0.50,0.10
2008.04.07 10:44:01.121,2.01275,2.0132,1.60,0.10
2008.04.07 10:44:01.432,2.01275,2.0132,1.60,0.10
2008.04.07 10:44:01.744,2.0129,2.0134,0.40,0.10
2008.04.07 10:44:02.016,2.0129,2.0134,0.40,0.10
2008.04.07 10:44:02.291,2.0129,2.0134,0.40,0.10
2008.04.07 10:44:02.595,2.0129,2.0134,0.40,0.10
2008.04.07 10:44:02.932,2.013,2.0134,0.40,0.10
2008.04.07 10:44:03.268,2.0129,2.0134,0.40,0.10
2008.04.07 10:44:03.602,2.0129,2.0134,0.40,0.10
2008.04.07 10:44:03.846,2.0129,2.0134,0.40,0.10
2008.04.07 10:44:04.090,2.0129,2.0134,0.40,0.10
2008.04.07 10:44:04.333,2.0129,2.0134,0.40,0.10
2008.04.07 10:44:04.577,2.0129,2.0134,0.40,0.10
2008.04.07 10:44:04.872,2.0129,2.0134,0.40,0.10
2008.04.07 10:44:05.165,2.0129,2.0134,0.40,0.10
2008.04.07 10:44:05.460,2.0129,2.0134,0.40,0.40
2008.04.07 10:44:05.762,2.0129,2.0134,0.40,0.40
2008.04.07 10:44:06.051,2.0129,2.0134,0.40,0.40
2008.04.07 10:44:06.340,2.0129,2.0134,0.40,0.40
2008.04.07 10:44:06.663,2.0129,2.0134,0.40,0.40
2008.04.07 10:44:06.921,2.0129,2.0134,0.40,0.40
2008.04.07 10:44:07.147,2.0129,2.0134,0.40,0.40
2008.04.07 10:44:07.378,2.0129,2.0134,0.40,0.40
2008.04.07 10:44:07.609,2.01295,2.0134,0.10,0.10
2008.04.07 10:44:07.978,2.01295,2.0134,0.10,0.10
2008.04.07 10:44:08.277,2.0129,2.0134,0.40,0.10
2008.04.07 10:44:08.612,2.0128,2.0134,0.40,0.40
2008.04.07 10:44:08.850,2.0128,2.0134,0.40,0.40
2008.04.07 10:44:09.090,2.0128,2.0134,0.40,0.40
2008.04.07 10:44:09.328,2.0128,2.0134,0.40,0.40
2008.04.07 10:44:09.569,2.0128,2.0134,0.50,0.40
2008.04.07 10:44:09.808,2.0128,2.0134,0.50,0.40
2008.04.07 10:44:10.118,2.0129,2.0134,0.10,0.10
2008.04.07 10:44:10.426,2.0129,2.0134,0.10,0.10
2008.04.07 10:44:10.736,2.013,2.0134,0.40,0.10
2008.04.07 10:44:11.010,2.013,2.0134,0.40,0.10
2008.04.07 10:44:11.291,2.013,2.0134,0.40,0.10
2008.04.07 10:44:11.591,2.013,2.0134,0.40,0.10
2008.04.07 10:44:11.864,2.013,2.0134,0.40,0.10
2008.04.07 10:44:12.109,2.013,2.01335,0.40,0.30
2008.04.07 10:44:12.353,2.013,2.01335,0.40,0.30
2008.04.07 10:44:12.598,2.013,2.01335,0.40,0.30
2008.04.07 10:44:12.875,2.013,2.01335,0.40,0.30
2008.04.07 10:44:13.244,2.013,2.01335,0.40,0.30
2008.04.07 10:44:13.584,2.013,2.01335,0.40,0.30
2008.04.07 10:44:13.917,2.013,2.01335,0.40,0.30
2008.04.07 10:44:14.189,2.0129,2.01335,0.40,0.30
2008.04.07 10:44:14.386,2.0129,2.01335,0.40,0.30
2008.04.07 10:44:14.623,2.0128,2.0133,0.40,0.30
2008.04.07 10:44:14.855,2.0128,2.0133,0.40,0.30
2008.04.07 10:44:15.159,2.0128,2.0133,0.40,0.30
2008.04.07 10:44:15.463,2.0128,2.0133,0.40,0.30
2008.04.07 10:44:15.767,2.0128,2.0133,0.40,0.30
2008.04.07 10:44:16.006,2.0128,2.0133,0.40,0.30
2008.04.07 10:44:16.246,2.0128,2.01325,0.40,0.30
2008.04.07 10:44:16.484,2.0128,2.01325,0.40,0.30
2008.04.07 10:44:16.724,2.0128,2.01325,0.40,0.30
2008.04.07 10:44:16.963,2.0128,2.01325,0.40,0.30
2008.04.07 10:44:17.277,2.0128,2.01325,0.40,0.30
2008.04.07 10:44:17.591,2.0128,2.01325,0.40,0.30
2008.04.07 10:44:17.905,2.0128,2.01325,0.40,0.30
2008.04.07 10:44:18.239,2.0128,2.01325,0.40,0.30
2008.04.07 10:44:18.573,2.0128,2.01325,0.40,0.30
2008.04.07 10:44:18.907,2.0128,2.01325,0.40,0.30
2008.04.07 10:44:19.128,2.0128,2.0132,0.40,0.30
2008.04.07 10:44:19.347,2.0128,2.0132,0.40,0.30
2008.04.07 10:44:19.563,2.0128,2.0132,0.40,0.30
2008.04.07 10:44:19.785,2.0128,2.0132,0.40,0.30
2008.04.07 10:44:19.997,2.0128,2.0131,0.40,0.30
2008.04.07 10:44:20.397,2.0128,2.0132,0.40,0.30
2008.04.07 10:44:20.698,2.0127,2.0131,0.40,0.40
2008.04.07 10:44:21.035,2.0127,2.013,0.40,0.30
2008.04.07 10:44:21.268,2.0127,2.013,0.40,0.30
2008.04.07 10:44:21.500,2.0127,2.013,0.40,0.30
2008.04.07 10:44:21.732,2.0127,2.013,0.40,0.10
2008.04.07 10:44:21.959,2.0127,2.013,0.40,0.10
2008.04.07 10:44:22.295,2.0127,2.013,0.40,0.10
2008.04.07 10:44:22.629,2.0127,2.013,0.40,0.10
2008.04.07 10:44:22.965,2.0127,2.013,0.40,0.10
2008.04.07 10:44:23.300,2.0127,2.0131,0.40,0.10
2008.04.07 10:44:23.636,2.0127,2.0131,0.40,0.10
2008.04.07 10:44:23.969,2.0127,2.0131,0.40,0.10
2008.04.07 10:44:24.212,2.0127,2.0131,0.40,0.10
2008.04.07 10:44:24.472,2.0127,2.0131,0.40,0.10
2008.04.07 10:44:24.708,2.0127,2.0131,0.40,0.10
2008.04.07 10:44:24.967,2.0127,2.0131,0.40,0.10
2008.04.07 10:44:25.266,2.0127,2.0131,0.40,0.10
2008.04.07 10:44:25.567,2.0127,2.0131,0.40,0.10
2008.04.07 10:44:25.866,2.0127,2.0131,0.40,0.10
2008.04.07 10:44:26.203,2.0127,2.0131,0.40,0.10
2008.04.07 10:44:26.476,2.0127,2.0131,0.40,0.10
2008.04.07 10:44:26.750,2.0127,2.0131,0.40,0.10
2008.04.07 10:44:27.025,2.0127,2.0131,0.40,0.10
2008.04.07 10:44:27.359,2.0127,2.0131,0.40,0.10
2008.04.07 10:44:27.694,2.0127,2.0131,0.40,0.10
2008.04.07 10:44:28.029,2.0127,2.0131,0.40,0.10
2008.04.07 10:44:28.399,2.0127,2.0131,0.40,0.10
2008.04.07 10:44:28.737,2.0127,2.0131,0.40,0.10
2008.04.07 10:44:29.070,2.0127,2.0131,0.40,0.10
2008.04.07 10:44:29.304,2.0127,2.0131,0.40,0.10
2008.04.07 10:44:29.539,2.0127,2.0131,0.40,0.10
2008.04.07 10:44:29.771,2.0127,2.0131,0.40,0.10
2008.04.07 10:44:30.005,2.0127,2.0131,0.40,0.10
2008.04.07 10:44:30.239,2.0127,2.0131,0.40,0.10
2008.04.07 10:44:30.538,2.0127,2.0131,0.40,0.10
2008.04.07 10:44:30.862,2.0127,2.0131,0.40,0.10
2008.04.07 10:44:31.162,2.0127,2.0131,0.40,0.10
2008.04.07 10:44:31.416,2.0127,2.0131,0.40,0.10
2008.04.07 10:44:31.682,2.0127,2.0131,0.40,0.10
2008.04.07 10:44:31.912,2.0127,2.0131,0.40,0.10
2008.04.07 10:44:32.172,2.0127,2.0131,0.40,0.10
2008.04.07 10:44:32.511,2.0127,2.0131,0.40,0.10
2008.04.07 10:44:32.844,2.0127,2.0131,0.40,0.10
2008.04.07 10:44:33.181,2.0127,2.0131,0.40,0.10
2008.04.07 10:44:33.514,2.0127,2.0131,0.40,0.10
2008.04.07 10:44:33.850,2.0127,2.013,0.40,0.30
2008.04.07 10:44:34.183,2.0127,2.013,0.40,0.30
2008.04.07 10:44:34.410,2.0127,2.013,0.40,0.30
2008.04.07 10:44:34.635,2.0127,2.0131,0.40,0.40
2008.04.07 10:44:34.902,2.0127,2.0131,0.40,0.40
2008.04.07 10:44:35.162,2.0127,2.0131,0.40,0.40
2008.04.07 10:44:35.428,2.0127,2.0131,0.40,0.40
2008.04.07 10:44:35.810,2.0127,2.0131,0.40,0.40
2008.04.07 10:44:36.145,2.0127,2.0131,0.40,0.40
2008.04.07 10:44:36.480,2.0127,2.0131,0.40,0.40
2008.04.07 10:44:36.719,2.0127,2.0131,0.40,0.40
2008.04.07 10:44:36.954,2.0127,2.0131,0.40,0.40
2008.04.07 10:44:37.190,2.0127,2.0131,0.40,0.40
2008.04.07 10:44:37.528,2.0127,2.0131,0.40,0.40
2008.04.07 10:44:37.862,2.0127,2.0131,0.40,0.40
2008.04.07 10:44:38.198,2.0127,2.0131,0.40,0.40
2008.04.07 10:44:38.532,2.0127,2.0131,0.40,0.40
2008.04.07 10:44:38.868,2.0127,2.0131,0.40,0.40
2008.04.07 10:44:39.202,2.0127,2.0131,0.40,0.40
2008.04.07 10:44:39.422,2.0127,2.0131,0.40,0.40
2008.04.07 10:44:39.641,2.0127,2.0131,0.40,0.40
2008.04.07 10:44:39.861,2.0127,2.0131,0.40,0.40
2008.04.07 10:44:40.138,2.0127,2.0131,0.40,0.40
2008.04.07 10:44:40.378,2.0127,2.0131,0.40,0.40
2008.04.07 10:44:40.714,2.0127,2.0131,0.40,0.40
2008.04.07 10:44:41.047,2.0127,2.0131,0.40,0.40
2008.04.07 10:44:41.385,2.0126,2.013,0.40,0.10
2008.04.07 10:44:41.624,2.0126,2.013,0.40,0.10
2008.04.07 10:44:41.864,2.0126,2.013,0.40,0.10
2008.04.07 10:44:42.103,2.0126,2.013,0.40,0.10
2008.04.07 10:44:42.344,2.0126,2.013,0.40,0.10
2008.04.07 10:44:42.678,2.0126,2.01295,0.40,0.30
2008.04.07 10:44:43.013,2.0126,2.01295,0.40,0.30
2008.04.07 10:44:43.348,2.0126,2.0129,0.40,0.10
2008.04.07 10:44:43.686,2.0126,2.0129,0.40,0.10
2008.04.07 10:44:44.019,2.0126,2.0129,0.40,0.10
2008.04.07 10:44:44.355,2.0126,2.0129,0.40,0.10
2008.04.07 10:44:44.582,2.0126,2.0129,0.40,0.10
2008.04.07 10:44:44.804,2.0126,2.0129,0.40,0.10
2008.04.07 10:44:45.029,2.0126,2.0129,0.40,0.10
2008.04.07 10:44:45.253,2.0126,2.0129,0.40,0.10
2008.04.07 10:44:45.476,2.0126,2.0129,0.40,0.10
2008.04.07 10:44:45.812,2.0126,2.0129,0.40,0.10
2008.04.07 10:44:46.148,2.0125,2.0128,0.40,0.10
2008.04.07 10:44:46.485,2.0125,2.0128,0.40,0.10
2008.04.07 10:44:46.719,2.0125,2.0128,0.40,0.10
2008.04.07 10:44:46.954,2.0125,2.0128,0.40,0.10
2008.04.07 10:44:47.191,2.0125,2.0128,0.40,0.10
2008.04.07 10:44:47.427,2.0125,2.0128,0.40,0.10
2008.04.07 10:44:47.763,2.0125,2.0128,0.40,0.10
2008.04.07 10:44:48.145,2.0125,2.0128,0.40,0.10
2008.04.07 10:44:48.475,2.0125,2.0128,0.40,0.10
2008.04.07 10:44:48.809,2.0125,2.0128,0.40,0.10
2008.04.07 10:44:49.145,2.0125,2.0128,0.40,0.10
2008.04.07 10:44:49.481,2.0126,2.0128,0.40,0.10
2008.04.07 10:44:49.725,2.0126,2.0128,0.40,0.10
2008.04.07 10:44:49.969,2.0126,2.0128,0.40,0.10
2008.04.07 10:44:50.213,2.0126,2.0128,0.40,0.10
2008.04.07 10:44:50.457,2.0126,2.0128,0.40,0.10
2008.04.07 10:44:50.763,2.0126,2.0128,0.40,0.10
2008.04.07 10:44:51.067,2.0126,2.0128,0.40,0.10
2008.04.07 10:44:51.372,2.0126,2.0128,0.40,0.10
2008.04.07 10:44:51.677,2.0126,2.0128,0.40,0.10
2008.04.07 10:44:51.952,2.0126,2.0128,0.40,0.10
2008.04.07 10:44:52.227,2.0126,2.0128,0.40,0.10
2008.04.07 10:44:52.501,2.0126,2.0128,0.40,0.10
2008.04.07 10:44:52.837,2.0126,2.0128,0.40,0.10
2008.04.07 10:44:53.177,2.0123,2.0127,0.40,0.10
2008.04.07 10:44:53.553,2.0123,2.0127,0.40,0.10
2008.04.07 10:44:53.892,2.0122,2.0126,0.40,0.10
2008.04.07 10:44:54.229,2.0122,2.01245,0.40,0.30
2008.04.07 10:44:54.571,2.012,2.0124,0.40,0.10
2008.04.07 10:44:54.790,2.0121,2.0124,0.40,0.10
2008.04.07 10:44:55.027,2.0121,2.0124,0.40,0.10
2008.04.07 10:44:55.286,2.0121,2.0124,0.40,0.10
2008.04.07 10:44:55.544,2.012,2.0124,0.40,0.10
2008.04.07 10:44:55.800,2.0121,2.01255,0.40,1.80
2008.04.07 10:44:56.094,2.0121,2.01255,0.40,1.80
2008.04.07 10:44:56.388,2.0121,2.01255,0.40,1.80
2008.04.07 10:44:56.682,2.0121,2.01255,0.40,1.80
2008.04.07 10:44:56.986,2.0121,2.01255,0.50,1.60
2008.04.07 10:44:57.295,2.01215,2.0126,4.00,0.10
2008.04.07 10:44:57.601,2.01215,2.0126,6.40,0.10
2008.04.07 10:44:57.906,2.0122,2.0125,0.40,0.40
2008.04.07 10:44:58.240,2.0121,2.0125,0.40,0.10
2008.04.07 10:44:58.574,2.0121,2.0125,0.40,0.40
2008.04.07 10:44:58.910,2.0122,2.0126,0.40,0.30
2008.04.07 10:44:59.138,2.0122,2.0126,0.40,0.30
2008.04.07 10:44:59.368,2.0122,2.0126,0.40,0.30
2008.04.07 10:44:59.596,2.0122,2.0126,0.40,0.30
2008.04.07 10:44:59.833,2.0122,2.0126,0.40,0.30
2008.04.07 10:45:00.176,2.0122,2.0126,0.40,0.30
2008.04.07 10:45:00.484,2.0122,2.0126,0.40,0.30
2008.04.07 10:45:00.794,2.0122,2.01265,0.40,1.60
2008.04.07 10:45:01.058,2.0124,2.01265,0.40,1.60
2008.04.07 10:45:01.322,2.0124,2.01265,0.40,1.60
2008.04.07 10:45:01.588,2.0124,2.01265,0.40,1.60
2008.04.07 10:45:01.860,2.0124,2.01265,0.40,1.60
2008.04.07 10:45:02.119,2.0124,2.0127,0.40,0.10
2008.04.07 10:45:02.379,2.0124,2.0127,0.40,0.10
2008.04.07 10:45:02.638,2.0124,2.0127,0.40,0.10
2008.04.07 10:45:02.897,2.0124,2.0127,0.40,0.10
2008.04.07 10:45:03.231,2.0124,2.0127,0.40,0.10
2008.04.07 10:45:03.565,2.0124,2.0127,0.40,0.10
2008.04.07 10:45:03.899,2.0124,2.0127,0.40,0.10
2008.04.07 10:45:04.118,2.0124,2.0127,0.40,0.10
2008.04.07 10:45:04.338,2.0124,2.0127,0.40,0.10
2008.04.07 10:45:04.615,2.0124,2.0127,0.40,0.10
2008.04.07 10:45:04.873,2.0124,2.0127,0.40,0.10
2008.04.07 10:45:05.203,2.0124,2.0127,0.40,0.10
2008.04.07 10:45:05.517,2.0124,2.0127,0.40,0.10
2008.04.07 10:45:05.832,2.0124,2.0127,0.40,0.10
2008.04.07 10:45:06.099,2.0123,2.0127,0.40,0.40
2008.04.07 10:45:06.372,2.0124,2.01275,0.40,1.60
2008.04.07 10:45:06.643,2.0123,2.0127,0.40,0.30
2008.04.07 10:45:06.922,2.0123,2.01275,0.40,1.60
2008.04.07 10:45:07.221,2.0123,2.01275,0.40,1.60
2008.04.07 10:45:07.546,2.0123,2.01275,0.40,1.60
2008.04.07 10:45:07.845,2.0123,2.01275,0.40,1.60
2008.04.07 10:45:08.182,2.0123,2.01275,0.40,1.60
2008.04.07 10:45:08.516,2.0123,2.01275,0.40,1.60
2008.04.07 10:45:08.850,2.0123,2.01275,0.40,1.60
2008.04.07 10:45:09.075,2.0123,2.01275,0.40,1.60
2008.04.07 10:45:09.298,2.0123,2.01275,0.40,1.60
2008.04.07 10:45:09.523,2.0123,2.01275,0.40,1.60
2008.04.07 10:45:09.746,2.0123,2.01275,0.40,1.80
2008.04.07 10:45:09.997,2.0123,2.01275,0.40,1.80
2008.04.07 10:45:10.330,2.0123,2.01275,0.40,1.80
2008.04.07 10:45:10.666,2.0123,2.01275,0.40,1.80
2008.04.07 10:45:11.000,2.0123,2.01275,0.40,1.80
2008.04.07 10:45:11.225,2.0123,2.01275,0.40,1.60
2008.04.07 10:45:11.448,2.0123,2.01275,0.40,1.60
2008.04.07 10:45:11.675,2.0123,2.01275,0.40,1.60
2008.04.07 10:45:11.922,2.0123,2.01275,0.40,1.60
2008.04.07 10:45:12.241,2.0123,2.0126,0.40,0.30
2008.04.07 10:45:12.561,2.0123,2.0126,0.40,0.30
2008.04.07 10:45:12.882,2.0122,2.0127,0.40,0.40
2008.04.07 10:45:13.201,2.0122,2.0126,0.40,0.30
2008.04.07 10:45:13.535,2.0122,2.0126,0.40,0.30
2008.04.07 10:45:13.871,2.0122,2.0126,0.40,0.30
2008.04.07 10:45:14.205,2.0122,2.0126,0.40,0.30
2008.04.07 10:45:14.438,2.0125,2.01275,0.40,3.20
2008.04.07 10:45:14.706,2.0125,2.01285,0.40,1.60
2008.04.07 10:45:14.957,2.0125,2.01285,0.40,1.60
2008.04.07 10:45:15.228,2.0125,2.01285,0.40,1.60
2008.04.07 10:45:15.524,2.0125,2.0128,0.40,0.10
2008.04.07 10:45:15.817,2.0125,2.0128,0.40,0.10
2008.04.07 10:45:16.128,2.0125,2.0128,0.40,0.10
2008.04.07 10:45:16.420,2.0125,2.0128,0.40,0.10
2008.04.07 10:45:16.709,2.0125,2.0128,0.40,0.10
2008.04.07 10:45:16.963,2.0125,2.0128,0.40,0.10
2008.04.07 10:45:17.219,2.0125,2.0128,0.40,0.10
2008.04.07 10:45:17.555,2.0125,2.0128,0.40,0.10
2008.04.07 10:45:17.889,2.0125,2.0128,0.40,0.10
2008.04.07 10:45:18.224,2.0125,2.0128,0.40,0.10
2008.04.07 10:45:18.550,2.0125,2.0128,0.40,0.10
2008.04.07 10:45:18.875,2.0125,2.0128,0.40,0.10
2008.04.07 10:45:19.198,2.0125,2.0128,0.40,0.10
2008.04.07 10:45:19.522,2.0125,2.0128,0.40,0.10
2008.04.07 10:45:19.766,2.0125,2.0128,0.40,0.10
2008.04.07 10:45:20.012,2.0125,2.0128,0.40,0.10
2008.04.07 10:45:20.260,2.0125,2.0128,0.40,0.10
2008.04.07 10:45:20.523,2.0125,2.0128,0.40,0.10
2008.04.07 10:45:20.786,2.0125,2.0128,0.40,0.10
2008.04.07 10:45:21.051,2.0125,2.0128,0.40,0.10
2008.04.07 10:45:21.315,2.0126,2.0128,0.40,0.10
2008.04.07 10:45:21.598,2.0126,2.0128,0.40,0.10
2008.04.07 10:45:21.883,2.0126,2.0128,0.40,0.10
2008.04.07 10:45:22.167,2.0126,2.0128,0.40,0.10
2008.04.07 10:45:22.453,2.0126,2.0128,0.40,0.10
2008.04.07 10:45:22.787,2.0126,2.0128,0.40,0.10
2008.04.07 10:45:23.122,2.0126,2.0128,0.40,0.10
2008.04.07 10:45:23.456,2.0126,2.0128,0.40,0.10
2008.04.07 10:45:23.777,2.0125,2.0128,0.40,0.10
2008.04.07 10:45:24.135,2.0125,2.0128,0.40,0.10
2008.04.07 10:45:24.457,2.0124,2.0128,0.40,0.10
2008.04.07 10:45:24.690,2.0124,2.0128,0.40,0.10
2008.04.07 10:45:24.924,2.0124,2.0128,0.40,0.10
2008.04.07 10:45:25.158,2.0124,2.0128,0.40,0.10
2008.04.07 10:45:25.392,2.0124,2.0128,0.40,0.10
2008.04.07 10:45:25.626,2.0124,2.0128,0.40,0.10
2008.04.07 10:45:25.955,2.0124,2.0128,0.40,0.10
2008.04.07 10:45:26.284,2.0124,2.0128,0.40,0.10
2008.04.07 10:45:26.651,2.0124,2.0128,0.40,0.10
2008.04.07 10:45:26.890,2.0124,2.0128,0.40,0.10
2008.04.07 10:45:27.118,2.0124,2.0128,0.40,0.40
2008.04.07 10:45:27.356,2.0125,2.0128,0.40,0.40
2008.04.07 10:45:27.585,2.0125,2.01275,0.40,1.60
2008.04.07 10:45:27.921,2.0124,2.01265,0.40,0.30
2008.04.07 10:45:28.256,2.0123,2.0126,0.40,0.10
2008.04.07 10:45:28.594,2.0123,2.0126,0.40,0.10
2008.04.07 10:45:28.926,2.0123,2.0126,0.40,0.10
2008.04.07 10:45:29.262,2.0123,2.0126,0.40,0.10
2008.04.07 10:45:29.599,2.0123,2.0126,0.40,0.10
2008.04.07 10:45:29.828,2.0124,2.01275,0.40,1.60
2008.04.07 10:45:30.098,2.0125,2.01275,0.40,1.60
2008.04.07 10:45:30.326,2.0125,2.0128,0.40,0.40
2008.04.07 10:45:30.570,2.0125,2.0128,0.40,0.40
2008.04.07 10:45:30.893,2.0125,2.0128,0.40,0.40
2008.04.07 10:45:31.220,2.0125,2.01275,0.40,0.30
2008.04.07 10:45:31.524,2.0124,2.01275,0.40,0.30
2008.04.07 10:45:31.812,2.0124,2.01275,0.40,0.30
2008.04.07 10:45:32.066,2.0124,2.01275,0.40,0.30
2008.04.07 10:45:32.320,2.0124,2.01275,0.40,0.30
2008.04.07 10:45:32.603,2.0124,2.01275,0.40,0.30
2008.04.07 10:45:32.939,2.0124,2.01275,0.40,0.30
2008.04.07 10:45:33.274,2.0124,2.0128,0.40,0.40
2008.04.07 10:45:33.645,2.0124,2.0128,0.40,0.40
2008.04.07 10:45:33.980,2.0125,2.0128,0.40,0.10
2008.04.07 10:45:34.313,2.0125,2.0128,0.40,0.10
2008.04.07 10:45:34.648,2.0125,2.0128,0.40,0.10
2008.04.07 10:45:34.873,2.0125,2.0128,0.40,0.10
2008.04.07 10:45:35.097,2.0125,2.0128,0.40,0.10
2008.04.07 10:45:35.320,2.0125,2.0128,0.40,0.10
2008.04.07 10:45:35.545,2.0125,2.0128,0.40,0.10
2008.04.07 10:45:35.783,2.0125,2.0128,0.40,0.10
2008.04.07 10:45:36.109,2.0125,2.0128,0.40,0.10
2008.04.07 10:45:36.471,2.0125,2.0128,0.40,0.10
2008.04.07 10:45:36.795,2.0125,2.0128,0.40,0.10
2008.04.07 10:45:37.025,2.0125,2.0128,0.40,0.40
2008.04.07 10:45:37.256,2.0125,2.0128,0.40,0.40
2008.04.07 10:45:37.484,2.0125,2.0128,0.40,0.40
2008.04.07 10:45:37.713,2.0124,2.0127,0.40,0.10
2008.04.07 10:45:38.045,2.0124,2.0127,0.40,0.10
2008.04.07 10:45:38.378,2.0124,2.0127,0.40,0.10
2008.04.07 10:45:38.711,2.0124,2.0127,0.40,0.10
2008.04.07 10:45:38.930,2.0124,2.0127,0.40,0.10
2008.04.07 10:45:39.149,2.0124,2.0127,0.40,0.10
2008.04.07 10:45:39.367,2.0124,2.0127,0.40,0.10
2008.04.07 10:45:39.588,2.0124,2.0127,0.40,0.10
2008.04.07 10:45:39.808,2.0124,2.0127,0.40,0.10
2008.04.07 10:45:40.135,2.0124,2.0127,0.40,0.10
2008.04.07 10:45:40.459,2.0124,2.0127,0.40,0.10
2008.04.07 10:45:40.783,2.0124,2.0127,0.40,0.10
2008.04.07 10:45:41.035,2.0124,2.0127,0.40,0.10
2008.04.07 10:45:41.289,2.0124,2.0127,0.40,0.10
2008.04.07 10:45:41.509,2.0124,2.0127,0.40,0.10
2008.04.07 10:45:41.727,2.0124,2.0127,0.40,0.10
2008.04.07 10:45:41.948,2.0125,2.01275,0.40,1.60
2008.04.07 10:45:42.269,2.0125,2.0128,0.40,0.30
2008.04.07 10:45:42.587,2.0125,2.0128,0.40,0.30
2008.04.07 10:45:42.907,2.0125,2.0128,0.40,0.30
2008.04.07 10:45:43.243,2.0125,2.0128,0.40,0.30
2008.04.07 10:45:43.576,2.0125,2.0128,0.40,0.30
2008.04.07 10:45:43.911,2.0125,2.01285,0.40,1.60
2008.04.07 10:45:44.141,2.0125,2.0129,0.40,0.40
2008.04.07 10:45:44.371,2.0124,2.0128,0.40,0.10
2008.04.07 10:45:44.603,2.0124,2.01275,0.40,0.30
2008.04.07 10:45:44.836,2.0124,2.01275,0.40,0.30
2008.04.07 10:45:45.101,2.0124,2.01275,0.40,0.30
2008.04.07 10:45:45.406,2.0124,2.0127,0.40,0.10
2008.04.07 10:45:45.675,2.0124,2.0127,0.40,0.40
2008.04.07 10:45:45.942,2.0124,2.0127,0.40,0.40
2008.04.07 10:45:46.236,2.0124,2.0127,0.40,0.10
2008.04.07 10:45:46.533,2.0124,2.0127,0.40,0.10
2008.04.07 10:45:46.828,2.0124,2.0127,0.40,0.10
2008.04.07 10:45:47.158,2.0124,2.0127,0.40,0.10
2008.04.07 10:45:47.458,2.0124,2.0127,0.40,0.10
2008.04.07 10:45:47.749,2.0124,2.0127,0.40,0.10
2008.04.07 10:45:48.040,2.0124,2.0127,0.40,0.10
2008.04.07 10:45:48.375,2.0124,2.0127,0.40,0.10
2008.04.07 10:45:48.712,2.0124,2.0127,0.40,0.10
2008.04.07 10:45:49.078,2.0124,2.0127,0.40,0.10
2008.04.07 10:45:49.361,2.0124,2.0127,0.40,0.10
2008.04.07 10:45:49.585,2.0124,2.0127,0.40,0.10
2008.04.07 10:45:49.821,2.0125,2.0127,0.40,0.10
2008.04.07 10:45:50.057,2.0125,2.0127,0.40,0.10
2008.04.07 10:45:50.363,2.0125,2.0127,0.40,0.10
2008.04.07 10:45:50.667,2.0125,2.0127,0.40,0.10
2008.04.07 10:45:50.973,2.0125,2.0127,0.40,0.10
2008.04.07 10:45:51.240,2.0125,2.0127,0.40,0.10
2008.04.07 10:45:51.533,2.0125,2.0127,0.40,0.10
2008.04.07 10:45:51.831,2.0125,2.0127,0.40,0.10
2008.04.07 10:45:52.116,2.0125,2.0127,0.40,0.10
2008.04.07 10:45:52.455,2.0125,2.0127,0.40,0.10
2008.04.07 10:45:52.787,2.0125,2.0127,0.40,0.10
2008.04.07 10:45:53.127,2.0125,2.0127,0.40,0.10
2008.04.07 10:45:53.452,2.0125,2.0127,0.40,0.10
2008.04.07 10:45:53.777,2.0125,2.0127,0.40,0.10
2008.04.07 10:45:54.101,2.0125,2.0127,0.40,0.10
2008.04.07 10:45:54.425,2.0126,2.01295,0.40,1.60
2008.04.07 10:45:54.681,2.0126,2.01275,0.40,0.30
2008.04.07 10:45:54.937,2.0125,2.01275,0.40,0.30
2008.04.07 10:45:55.189,2.0125,2.01275,0.40,0.30
2008.04.07 10:45:55.446,2.0125,2.0129,0.40,0.10
2008.04.07 10:45:55.733,2.0125,2.0128,0.40,0.30
2008.04.07 10:45:56.022,2.0125,2.0128,0.40,0.30
2008.04.07 10:45:56.350,2.0124,2.0128,0.40,0.30
2008.04.07 10:45:56.621,2.0124,2.0128,0.40,0.30
2008.04.07 10:45:56.913,2.0124,2.0128,0.40,0.30
2008.04.07 10:45:57.166,2.0124,2.0128,0.40,0.30
2008.04.07 10:45:57.420,2.0124,2.0128,0.40,0.30
2008.04.07 10:45:57.756,2.0124,2.0128,0.40,0.30
2008.04.07 10:45:58.129,2.0124,2.0128,0.40,0.30
2008.04.07 10:45:58.494,2.0124,2.0129,0.40,0.10
2008.04.07 10:45:58.840,2.0124,2.0129,0.40,0.10
2008.04.07 10:45:59.225,2.0124,2.0129,0.40,0.10
2008.04.07 10:45:59.508,2.0124,2.0129,0.40,0.10
2008.04.07 10:45:59.719,2.0124,2.0129,0.40,0.10
2008.04.07 10:45:59.930,2.0124,2.0129,0.40,0.10
2008.04.07 10:46:00.167,2.0124,2.0129,0.40,0.10
2008.04.07 10:46:00.409,2.0124,2.0129,0.40,0.10
2008.04.07 10:46:00.775,2.0124,2.0129,0.40,0.10
2008.04.07 10:46:01.149,2.0124,2.0129,0.40,0.10
2008.04.07 10:46:01.520,2.0124,2.0129,0.40,0.10
2008.04.07 10:46:01.775,2.0124,2.0129,0.40,0.10
2008.04.07 10:46:02.007,2.0124,2.0129,0.40,0.10
2008.04.07 10:46:02.231,2.0124,2.0129,0.40,0.10
2008.04.07 10:46:02.485,2.0124,2.0129,0.40,0.10
2008.04.07 10:46:02.817,2.0124,2.0129,0.40,0.10
2008.04.07 10:46:03.184,2.0124,2.0129,0.40,0.10
2008.04.07 10:46:03.518,2.0124,2.0129,0.40,0.10
2008.04.07 10:46:03.851,2.0124,2.0129,0.40,0.10
2008.04.07 10:46:04.222,2.0124,2.0129,0.40,0.10
2008.04.07 10:46:04.556,2.0124,2.0129,0.40,0.10
2008.04.07 10:46:04.805,2.0124,2.0129,0.40,0.10
2008.04.07 10:46:05.055,2.0124,2.0129,0.40,0.10
2008.04.07 10:46:05.231,2.0124,2.0129,0.40,0.10
2008.04.07 10:46:05.446,2.0124,2.0129,0.40,0.10
2008.04.07 10:46:05.730,2.0124,2.0129,0.40,0.10
2008.04.07 10:46:06.016,2.01245,2.0129,0.10,0.10
2008.04.07 10:46:06.299,2.01245,2.0129,0.10,0.10
2008.04.07 10:46:06.584,2.0126,2.0129,0.40,0.10
2008.04.07 10:46:06.863,2.0126,2.0129,0.40,0.10
2008.04.07 10:46:07.143,2.0126,2.0129,0.40,0.10
2008.04.07 10:46:07.422,2.0126,2.013,0.40,0.80
2008.04.07 10:46:07.756,2.01245,2.013,3.20,0.80
2008.04.07 10:46:08.129,2.01245,2.013,1.60,0.80
2008.04.07 10:46:08.498,2.01245,2.013,1.60,0.80
2008.04.07 10:46:08.796,2.01245,2.01305,1.60,4.80
2008.04.07 10:46:09.126,2.01245,2.0131,1.60,1.10
2008.04.07 10:46:09.455,2.01245,2.0131,1.60,1.10
2008.04.07 10:46:09.784,2.01245,2.0131,1.60,1.10
2008.04.07 10:46:10.008,2.01245,2.0131,1.60,1.10
2008.04.07 10:46:10.231,2.01255,2.0131,0.10,0.90
2008.04.07 10:46:10.455,2.01255,2.0131,0.10,0.90
2008.04.07 10:46:10.679,2.01255,2.0131,0.10,0.90
2008.04.07 10:46:10.975,2.01245,2.0131,1.60,1.10
2008.04.07 10:46:11.289,2.01255,2.0131,1.60,0.80
2008.04.07 10:46:11.582,2.01255,2.0131,1.60,0.80
2008.04.07 10:46:11.807,2.01255,2.0131,1.60,0.80
2008.04.07 10:46:12.039,2.01255,2.0131,1.60,0.80
2008.04.07 10:46:12.265,2.01255,2.0131,1.60,0.80
2008.04.07 10:46:12.490,2.01255,2.01305,1.60,0.30
2008.04.07 10:46:12.716,2.0125,2.0131,0.10,0.10
2008.04.07 10:46:13.051,2.01245,2.01305,1.60,0.30
2008.04.07 10:46:13.386,2.0125,2.0131,0.10,0.90
2008.04.07 10:46:13.721,2.01245,2.0131,3.20,1.00
2008.04.07 10:46:14.083,2.01255,2.0131,1.60,1.00
2008.04.07 10:46:14.405,2.01255,2.0131,1.60,1.00
2008.04.07 10:46:14.731,2.01255,2.0131,1.60,1.00
2008.04.07 10:46:14.965,2.01255,2.0131,1.60,1.00
2008.04.07 10:46:15.200,2.01255,2.0131,1.60,0.80
2008.04.07 10:46:15.435,2.01255,2.0131,1.60,1.00
2008.04.07 10:46:15.669,2.01255,2.0131,1.60,1.00
2008.04.07 10:46:15.902,2.01255,2.0131,1.60,1.00
2008.04.07 10:46:16.238,2.01255,2.0131,1.60,1.00
2008.04.07 10:46:16.572,2.01255,2.0131,1.60,0.80
2008.04.07 10:46:16.908,2.01255,2.01305,1.60,0.80
2008.04.07 10:46:17.144,2.01255,2.01305,1.60,2.40
2008.04.07 10:46:17.378,2.01255,2.01305,1.60,2.40
2008.04.07 10:46:17.650,2.01255,2.01305,1.60,2.40
2008.04.07 10:46:17.885,2.01255,2.01305,1.60,2.40
2008.04.07 10:46:18.259,2.01255,2.01305,1.60,0.80
2008.04.07 10:46:18.594,2.01245,2.0131,1.60,1.00
2008.04.07 10:46:18.928,2.01245,2.0131,1.60,1.10
2008.04.07 10:46:19.151,2.01245,2.0131,1.60,1.10
2008.04.07 10:46:19.375,2.01245,2.0131,1.60,1.10
2008.04.07 10:46:19.599,2.01245,2.0131,1.60,1.10
2008.04.07 10:46:19.859,2.01245,2.0131,1.60,1.10
2008.04.07 10:46:20.183,2.01245,2.0131,1.60,1.10
2008.04.07 10:46:20.507,2.01245,2.01305,1.60,2.40
2008.04.07 10:46:20.831,2.01245,2.01305,1.60,2.40
2008.04.07 10:46:21.084,2.01245,2.01305,1.60,2.40
2008.04.07 10:46:21.351,2.01245,2.01305,1.60,2.40
2008.04.07 10:46:21.535,2.01245,2.01305,1.60,2.40
2008.04.07 10:46:21.760,2.01245,2.01305,1.60,2.40
2008.04.07 10:46:21.984,2.01245,2.01305,1.60,2.40
2008.04.07 10:46:22.329,2.0125,2.01305,0.10,2.40
2008.04.07 10:46:22.605,2.01255,2.01305,1.60,2.40
2008.04.07 10:46:22.914,2.01255,2.01305,1.60,2.60
2008.04.07 10:46:23.249,2.01245,2.0129,1.60,0.30
2008.04.07 10:46:23.585,2.0124,2.01295,0.40,2.60
2008.04.07 10:46:23.921,2.0124,2.0129,0.40,0.40
2008.04.07 10:46:24.154,2.0124,2.01285,0.40,0.80
2008.04.07 10:46:24.388,2.0124,2.01285,0.40,1.60
2008.04.07 10:46:24.661,2.0125,2.0128,0.40,0.10
2008.04.07 10:46:24.931,2.0125,2.0128,0.40,0.10
2008.04.07 10:46:25.256,2.0125,2.0128,0.40,0.10
2008.04.07 10:46:25.566,2.0125,2.0128,0.40,0.10
2008.04.07 10:46:25.875,2.0124,2.0128,0.40,0.10
2008.04.07 10:46:26.131,2.0124,2.0128,0.40,0.10
2008.04.07 10:46:26.368,2.0124,2.0128,0.40,0.10
2008.04.07 10:46:26.609,2.0124,2.0128,0.40,0.10
2008.04.07 10:46:26.847,2.0124,2.0128,0.40,0.10
2008.04.07 10:46:27.086,2.0124,2.0128,0.40,0.10
2008.04.07 10:46:27.402,2.0124,2.0128,0.40,0.10
2008.04.07 10:46:27.716,2.0124,2.0128,0.40,0.10
2008.04.07 10:46:28.031,2.0124,2.0128,0.40,0.10
2008.04.07 10:46:28.365,2.0124,2.0128,0.40,0.10
2008.04.07 10:46:28.716,2.0124,2.0128,0.40,0.10
2008.04.07 10:46:29.086,2.0124,2.0128,0.40,0.10
2008.04.07 10:46:29.347,2.0124,2.0128,0.40,0.10
2008.04.07 10:46:29.516,2.0124,2.0128,0.40,0.10
2008.04.07 10:46:29.729,2.0124,2.0128,0.40,0.10
2008.04.07 10:46:29.944,2.0125,2.0128,0.40,0.10
2008.04.07 10:46:30.158,2.0125,2.0128,0.40,0.10
2008.04.07 10:46:30.457,2.0125,2.0128,0.40,0.10
2008.04.07 10:46:30.764,2.01235,2.0127,2.40,0.10
2008.04.07 10:46:31.059,2.0123,2.0128,0.40,0.10
2008.04.07 10:46:31.331,2.0123,2.0128,0.40,0.10
2008.04.07 10:46:31.623,2.0123,2.0128,0.40,0.10
2008.04.07 10:46:31.920,2.01215,2.0126,1.60,0.10
2008.04.07 10:46:32.178,2.01215,2.0126,1.60,0.80
2008.04.07 10:46:32.512,2.01215,2.0126,1.60,0.80
2008.04.07 10:46:32.847,2.0121,2.01265,0.40,1.80
2008.04.07 10:46:33.184,2.0121,2.01265,0.40,1.80
2008.04.07 10:46:33.511,2.0121,2.0126,0.40,0.10
2008.04.07 10:46:33.843,2.0121,2.0126,0.40,0.10
2008.04.07 10:46:34.174,2.0121,2.0126,0.40,0.10
2008.04.07 10:46:34.501,2.0121,2.0126,0.40,0.10
2008.04.07 10:46:34.755,2.0121,2.0126,0.40,0.10
2008.04.07 10:46:35.034,2.0121,2.0126,0.40,0.10
2008.04.07 10:46:35.326,2.01215,2.01265,1.60,0.80
2008.04.07 10:46:35.593,2.01215,2.0128,1.60,1.10
2008.04.07 10:46:35.861,2.0122,2.01275,0.40,0.30
2008.04.07 10:46:36.127,2.0122,2.01275,0.40,0.30
2008.04.07 10:46:36.391,2.0122,2.01265,0.40,1.60
2008.04.07 10:46:36.675,2.0122,2.01265,0.40,2.40
2008.04.07 10:46:36.958,2.0122,2.01265,0.40,2.40
2008.04.07 10:46:37.243,2.0122,2.01265,0.40,2.40
2008.04.07 10:46:37.578,2.0122,2.01265,0.40,2.40
2008.04.07 10:46:37.913,2.0122,2.01265,0.40,2.40
2008.04.07 10:46:38.247,2.0122,2.01265,0.40,2.40
2008.04.07 10:46:38.581,2.0122,2.01265,0.40,2.40
2008.04.07 10:46:38.915,2.0122,2.01265,0.40,2.40
2008.04.07 10:46:39.252,2.0122,2.01265,0.40,2.40
2008.04.07 10:46:39.471,2.0122,2.01265,0.40,2.40
2008.04.07 10:46:39.721,2.0122,2.01265,0.40,2.40
2008.04.07 10:46:39.981,2.0122,2.01265,0.40,2.40
2008.04.07 10:46:40.199,2.0122,2.01265,0.40,2.40
2008.04.07 10:46:40.417,2.0122,2.01265,0.40,2.40
2008.04.07 10:46:40.711,2.0122,2.01265,0.40,2.40
2008.04.07 10:46:41.005,2.0122,2.01265,0.40,2.40
2008.04.07 10:46:41.299,2.0122,2.01265,0.40,2.40
2008.04.07 10:46:41.538,2.0122,2.01265,0.40,2.40
2008.04.07 10:46:41.810,2.0122,2.01265,0.40,2.40
2008.04.07 10:46:42.087,2.0122,2.01265,0.40,2.40
2008.04.07 10:46:42.358,2.0122,2.01265,0.40,2.40
2008.04.07 10:46:42.692,2.0122,2.01265,0.40,2.40
2008.04.07 10:46:43.026,2.0122,2.01265,0.40,2.40
2008.04.07 10:46:43.361,2.0122,2.01265,0.40,2.40
2008.04.07 10:46:43.696,2.0122,2.01265,0.40,2.40
2008.04.07 10:46:44.079,2.0122,2.01265,0.40,2.40
2008.04.07 10:46:44.450,2.0122,2.01265,0.40,2.40
2008.04.07 10:46:44.686,2.0122,2.01265,0.40,2.40
2008.04.07 10:46:44.955,2.0122,2.01265,0.40,2.40
2008.04.07 10:46:45.123,2.0122,2.01265,0.40,2.40
2008.04.07 10:46:45.341,2.0122,2.01265,0.40,2.40
2008.04.07 10:46:45.560,2.0122,2.01265,0.40,2.40
2008.04.07 10:46:45.856,2.0122,2.01265,0.40,2.40
2008.04.07 10:46:46.149,2.0122,2.01265,0.40,2.40
2008.04.07 10:46:46.442,2.0122,2.01265,0.40,2.40
2008.04.07 10:46:46.680,2.0122,2.01265,0.40,2.40
2008.04.07 10:46:46.960,2.0122,2.01265,0.40,2.40
2008.04.07 10:46:47.195,2.0122,2.01265,0.40,2.40
2008.04.07 10:46:47.473,2.0122,2.01265,0.40,1.60
2008.04.07 10:46:47.810,2.0124,2.0127,0.40,0.90
2008.04.07 10:46:48.145,2.0122,2.01265,0.40,2.40
2008.04.07 10:46:48.479,2.0122,2.01265,0.40,2.40
2008.04.07 10:46:48.809,2.0122,2.01265,0.40,2.40
2008.04.07 10:46:49.135,2.0122,2.01265,0.40,2.40
2008.04.07 10:46:49.525,2.0122,2.01265,0.40,2.40
2008.04.07 10:46:49.692,2.0122,2.01265,0.40,2.40
2008.04.07 10:46:49.921,2.0122,2.01265,0.40,2.40
2008.04.07 10:46:50.149,2.0122,2.01265,0.40,2.40
2008.04.07 10:46:50.377,2.0122,2.01265,0.40,2.40
2008.04.07 10:46:50.606,2.0122,2.01265,0.40,2.40
2008.04.07 10:46:50.910,2.0122,2.01265,0.40,2.40
2008.04.07 10:46:51.212,2.0122,2.01265,0.40,2.40
2008.04.07 10:46:51.516,2.0122,2.01265,0.40,2.40
2008.04.07 10:46:51.808,2.0122,2.01265,0.40,2.40
2008.04.07 10:46:52.104,2.0122,2.01265,0.40,2.40
2008.04.07 10:46:52.411,2.0122,2.01265,0.40,2.40
2008.04.07 10:46:52.680,2.0122,2.01265,0.40,2.40
2008.04.07 10:46:53.016,2.0122,2.01265,0.40,2.40
2008.04.07 10:46:53.352,2.0122,2.01265,0.40,2.40
2008.04.07 10:46:53.686,2.0122,2.01265,0.40,2.40
2008.04.07 10:46:53.999,2.0122,2.01265,0.40,2.40
2008.04.07 10:46:54.307,2.0122,2.01265,0.40,2.40
2008.04.07 10:46:54.615,2.0122,2.01265,0.40,2.40
2008.04.07 10:46:54.945,2.0122,2.01265,0.40,2.40
2008.04.07 10:46:55.248,2.0122,2.01265,0.40,2.40
2008.04.07 10:46:55.555,2.0122,2.01265,0.40,2.40
2008.04.07 10:46:55.822,2.0122,2.01265,0.40,2.40
2008.04.07 10:46:56.100,2.0122,2.01265,0.40,2.40
2008.04.07 10:46:56.332,2.0122,2.01265,0.40,2.40
2008.04.07 10:46:56.566,2.0122,2.01265,0.40,2.40
2008.04.07 10:46:56.837,2.0122,2.01265,0.40,2.40
2008.04.07 10:46:57.126,2.0122,2.01265,0.40,2.40
2008.04.07 10:46:57.430,2.0122,2.01265,0.40,0.80
2008.04.07 10:46:57.716,2.0122,2.0127,0.40,0.10
2008.04.07 10:46:58.004,2.0122,2.0127,0.40,0.10
2008.04.07 10:46:58.343,2.0124,2.0127,0.40,0.10
2008.04.07 10:46:58.680,2.0124,2.0128,0.40,0.80
2008.04.07 10:46:59.015,2.0124,2.01285,0.40,1.60
2008.04.07 10:46:59.215,2.0124,2.01285,0.40,1.60
2008.04.07 10:46:59.413,2.0124,2.01285,0.40,1.60
2008.04.07 10:46:59.613,2.0124,2.0129,0.40,1.10
2008.04.07 10:46:59.848,2.0124,2.01285,0.40,0.30
2008.04.07 10:47:00.082,2.0124,2.01285,0.40,0.30
2008.04.07 10:47:00.417,2.0124,2.01285,0.40,1.80
2008.04.07 10:47:00.766,2.0124,2.0128,0.40,0.80
2008.04.07 10:47:01.123,2.0124,2.0128,0.40,0.80
2008.04.07 10:47:01.393,2.0124,2.0128,0.40,0.80
2008.04.07 10:47:01.659,2.0124,2.0128,0.40,0.80
2008.04.07 10:47:01.926,2.0124,2.0128,0.40,0.80
2008.04.07 10:47:02.161,2.0124,2.01285,0.40,2.60
2008.04.07 10:47:02.452,2.0124,2.01285,0.40,2.60
2008.04.07 10:47:02.751,2.0124,2.01285,0.40,2.60
2008.04.07 10:47:03.049,2.0124,2.01285,0.40,2.40
2008.04.07 10:47:03.424,2.0124,2.01285,0.40,2.60
2008.04.07 10:47:03.794,2.0124,2.01285,0.40,2.60
2008.04.07 10:47:04.166,2.0124,2.0129,0.40,0.30
2008.04.07 10:47:04.499,2.0124,2.0129,0.40,0.30
2008.04.07 10:47:04.703,2.0124,2.0129,0.40,0.30
2008.04.07 10:47:04.912,2.0124,2.0129,0.40,0.30
2008.04.07 10:47:05.157,2.0124,2.01295,0.40,4.20
2008.04.07 10:47:05.398,2.0124,2.01295,0.40,3.40
2008.04.07 10:47:05.735,2.0124,2.01295,0.40,4.20
2008.04.07 10:47:06.108,2.0124,2.01295,0.40,4.20
2008.04.07 10:47:06.479,2.0124,2.01295,0.40,4.20
2008.04.07 10:47:06.737,2.0124,2.01295,0.40,4.20
2008.04.07 10:47:07.000,2.0124,2.01295,0.40,4.20
2008.04.07 10:47:07.238,2.0124,2.01295,0.40,4.20
2008.04.07 10:47:07.569,2.0124,2.01295,0.40,4.20
2008.04.07 10:47:07.903,2.0124,2.01295,0.40,4.20
2008.04.07 10:47:08.237,2.0124,2.01295,0.40,4.20
2008.04.07 10:47:08.570,2.0124,2.01295,0.40,4.20
2008.04.07 10:47:08.904,2.0124,2.01295,0.40,4.20
2008.04.07 10:47:09.237,2.0124,2.01295,0.40,4.20
2008.04.07 10:47:09.581,2.0124,2.01295,0.40,4.20
2008.04.07 10:47:09.854,2.0124,2.01295,0.40,4.20
2008.04.07 10:47:10.048,2.0124,2.01295,0.40,4.20
2008.04.07 10:47:10.283,2.0124,2.01295,0.40,4.20
2008.04.07 10:47:10.607,2.0123,2.0129,0.40,0.30
2008.04.07 10:47:10.931,2.0123,2.0129,0.40,0.30
2008.04.07 10:47:11.254,2.0123,2.0129,0.40,0.30
2008.04.07 10:47:11.613,2.0123,2.0129,0.40,0.30
2008.04.07 10:47:11.847,2.0123,2.01285,0.40,1.60
2008.04.07 10:47:12.084,2.01235,2.01285,4.00,1.60
2008.04.07 10:47:12.318,2.01235,2.01285,4.00,1.60
2008.04.07 10:47:12.654,2.0125,2.01305,0.40,3.20
2008.04.07 10:47:12.989,2.01235,2.01295,0.10,5.60
2008.04.07 10:47:13.324,2.01235,2.01295,0.10,1.60
2008.04.07 10:47:13.657,2.01235,2.01295,0.10,1.60
2008.04.07 10:47:13.991,2.01235,2.01295,0.10,1.60
2008.04.07 10:47:14.324,2.01235,2.01295,0.10,1.60
2008.04.07 10:47:14.662,2.01235,2.01295,0.10,1.60
2008.04.07 10:47:14.931,2.01235,2.01295,0.10,1.60
2008.04.07 10:47:15.197,2.01235,2.01295,0.10,1.60
2008.04.07 10:47:15.474,2.01235,2.01295,0.10,1.60
2008.04.07 10:47:15.779,2.01235,2.01295,0.10,1.60
2008.04.07 10:47:16.081,2.01235,2.01295,0.10,1.60
2008.04.07 10:47:16.387,2.01235,2.01295,0.10,1.60
2008.04.07 10:47:16.674,2.01235,2.01295,0.10,1.60
2008.04.07 10:47:16.956,2.01235,2.01295,0.10,1.60
2008.04.07 10:47:17.206,2.01235,2.01295,0.10,1.60
2008.04.07 10:47:17.491,2.01235,2.01295,0.10,1.60
2008.04.07 10:47:17.825,2.01235,2.01295,0.10,1.60
2008.04.07 10:47:18.196,2.01235,2.01295,0.10,1.60
2008.04.07 10:47:18.567,2.0123,2.0129,0.40,0.30
2008.04.07 10:47:18.893,2.01235,2.01285,0.10,2.40
2008.04.07 10:47:19.217,2.01235,2.01285,0.10,2.40
2008.04.07 10:47:19.544,2.01235,2.01285,0.10,0.80
2008.04.07 10:47:19.747,2.01235,2.01285,0.10,0.80
2008.04.07 10:47:19.953,2.0124,2.01285,0.10,0.80
2008.04.07 10:47:20.157,2.0124,2.01285,0.10,0.80
2008.04.07 10:47:20.361,2.01235,2.01285,1.60,0.80
2008.04.07 10:47:20.565,2.01235,2.01295,0.10,5.60
2008.04.07 10:47:20.900,2.01235,2.013,1.60,0.30
2008.04.07 10:47:21.233,2.01235,2.013,1.60,0.30
2008.04.07 10:47:21.568,2.01235,2.01295,0.10,1.60
2008.04.07 10:47:21.808,2.01235,2.01295,0.10,1.60
2008.04.07 10:47:22.047,2.01235,2.01295,0.10,1.60
2008.04.07 10:47:22.285,2.01235,2.01295,0.10,1.60
2008.04.07 10:47:22.524,2.01235,2.01295,0.10,1.60
2008.04.07 10:47:22.763,2.01235,2.01295,0.10,1.60
2008.04.07 10:47:23.096,2.01235,2.01295,0.10,1.60
2008.04.07 10:47:23.430,2.01235,2.01295,0.10,1.60
2008.04.07 10:47:23.764,2.01235,2.01295,0.10,1.60
2008.04.07 10:47:24.098,2.01235,2.01295,0.10,1.60
2008.04.07 10:47:24.432,2.01235,2.01295,0.10,1.60
2008.04.07 10:47:24.766,2.01235,2.01295,0.10,1.60
2008.04.07 10:47:24.966,2.01235,2.01295,0.10,1.60
2008.04.07 10:47:25.199,2.01235,2.01295,0.10,1.60
2008.04.07 10:47:25.439,2.01235,2.01295,0.10,1.60
2008.04.07 10:47:25.678,2.01235,2.01295,0.10,1.60
2008.04.07 10:47:25.915,2.01235,2.01295,0.10,1.60
2008.04.07 10:47:26.254,2.0124,2.01295,0.10,1.60
2008.04.07 10:47:26.588,2.0124,2.01295,0.50,1.60
2008.04.07 10:47:26.926,2.0124,2.01295,0.40,3.40
2008.04.07 10:47:27.150,2.0124,2.0129,0.50,0.80
2008.04.07 10:47:27.375,2.0124,2.0129,0.50,0.80
2008.04.07 10:47:27.599,2.0124,2.0129,0.50,0.80
2008.04.07 10:47:27.821,2.0124,2.0129,0.50,0.80
2008.04.07 10:47:28.156,2.0124,2.0129,0.50,0.80
2008.04.07 10:47:28.490,2.0124,2.0129,0.50,0.80
2008.04.07 10:47:28.824,2.0124,2.01295,0.50,0.80
2008.04.07 10:47:29.058,2.0124,2.01295,0.50,0.80
2008.04.07 10:47:29.292,2.0124,2.01305,0.50,4.20
2008.04.07 10:47:29.526,2.0124,2.01305,0.50,4.20
2008.04.07 10:47:29.759,2.0124,2.01305,0.50,4.20
2008.04.07 10:47:29.993,2.0124,2.01305,0.50,4.20
2008.04.07 10:47:30.307,2.0124,2.01305,0.50,4.20
2008.04.07 10:47:30.651,2.0124,2.01305,0.50,4.20
2008.04.07 10:47:30.990,2.0124,2.01305,0.50,4.20
2008.04.07 10:47:31.228,2.0124,2.01305,0.50,4.20
2008.04.07 10:47:31.468,2.0124,2.01305,0.50,4.20
2008.04.07 10:47:31.666,2.0124,2.01305,0.50,4.20
2008.04.07 10:47:31.865,2.0124,2.01305,0.50,4.20
2008.04.07 10:47:32.064,2.0124,2.01305,0.50,4.20
2008.04.07 10:47:32.398,2.0124,2.01305,0.50,4.20
2008.04.07 10:47:32.741,2.0124,2.01305,0.50,4.20
2008.04.07 10:47:33.082,2.0124,2.01305,0.50,4.20
2008.04.07 10:47:33.455,2.0124,2.01305,0.50,4.20
2008.04.07 10:47:33.788,2.0124,2.01305,0.50,4.20
2008.04.07 10:47:34.122,2.0124,2.01305,0.50,4.20
2008.04.07 10:47:34.340,2.0124,2.01305,0.50,4.20
2008.04.07 10:47:34.559,2.0124,2.01305,0.50,4.20
2008.04.07 10:47:34.778,2.0124,2.01305,0.50,4.20
2008.04.07 10:47:34.996,2.0124,2.01305,0.50,4.20
2008.04.07 10:47:35.215,2.0124,2.01305,0.50,4.20
2008.04.07 10:47:35.509,2.0124,2.01305,0.50,4.20
2008.04.07 10:47:35.803,2.0124,2.01305,0.50,4.20
2008.04.07 10:47:36.099,2.0123,2.0129,0.40,0.30
2008.04.07 10:47:36.393,2.0123,2.01285,0.40,0.30
2008.04.07 10:47:36.689,2.0122,2.01285,0.50,1.80
2008.04.07 10:47:36.967,2.0122,2.01285,0.50,1.80
2008.04.07 10:47:37.246,2.0122,2.01285,0.50,1.80
2008.04.07 10:47:37.495,2.0122,2.01285,0.50,1.80
2008.04.07 10:47:37.807,2.0122,2.01285,0.50,1.80
2008.04.07 10:47:38.020,2.0122,2.01285,0.50,1.80
2008.04.07 10:47:38.269,2.0122,2.01285,0.50,1.80
2008.04.07 10:47:38.603,2.0122,2.01285,0.50,1.80
2008.04.07 10:47:38.937,2.0122,2.01285,0.50,1.80
2008.04.07 10:47:39.314,2.0122,2.01285,0.50,1.80
2008.04.07 10:47:39.586,2.0122,2.01285,0.50,1.80
2008.04.07 10:47:39.862,2.0122,2.01285,0.50,1.80
2008.04.07 10:47:41.508,2.0122,2.01285,0.50,1.80
2008.04.07 10:47:41.752,2.0122,2.01285,0.50,1.80
2008.04.07 10:47:41.862,2.0122,2.01285,0.50,1.80
2008.04.07 10:47:41.976,2.0122,2.01285,0.50,1.80
2008.04.07 10:47:42.113,2.0122,2.01285,0.50,1.80
2008.04.07 10:47:42.231,2.0122,2.01275,0.40,0.30
2008.04.07 10:47:42.382,2.0122,2.01275,0.40,0.30
2008.04.07 10:47:42.535,2.0122,2.01275,0.40,0.30
2008.04.07 10:47:42.684,2.0122,2.01285,0.50,6.60
2008.04.07 10:47:42.991,2.0122,2.01285,0.50,6.60
2008.04.07 10:47:43.360,2.0122,2.01285,0.50,6.60
2008.04.07 10:47:43.729,2.0122,2.01285,0.50,6.60
2008.04.07 10:47:44.062,2.0122,2.01285,0.50,6.60
2008.04.07 10:47:44.395,2.0122,2.01285,0.50,6.60
2008.04.07 10:47:44.729,2.0122,2.01285,0.50,6.60
2008.04.07 10:47:44.952,2.0122,2.01285,0.50,6.60
2008.04.07 10:47:45.177,2.0122,2.01285,0.50,6.60
2008.04.07 10:47:45.440,2.0122,2.01285,0.50,6.60
2008.04.07 10:47:45.627,2.0122,2.01285,0.50,6.60
2008.04.07 10:47:45.962,2.0123,2.01285,0.10,4.00
2008.04.07 10:47:46.296,2.0123,2.01285,0.10,2.40
2008.04.07 10:47:46.630,2.0123,2.01285,0.10,2.40
2008.04.07 10:47:46.964,2.0123,2.01285,0.10,2.40
2008.04.07 10:47:47.178,2.01225,2.01285,1.60,2.60
2008.04.07 10:47:47.391,2.01225,2.01285,1.60,2.60
2008.04.07 10:47:47.606,2.01225,2.01285,1.60,2.60
2008.04.07 10:47:47.820,2.01225,2.01285,1.60,2.60
2008.04.07 10:47:48.154,2.01225,2.01285,1.60,2.60
2008.04.07 10:47:48.487,2.01225,2.01285,1.60,2.60
2008.04.07 10:47:48.820,2.01225,2.01285,1.60,2.60
2008.04.07 10:47:49.143,2.01225,2.01285,1.60,2.60
2008.04.07 10:47:49.509,2.01225,2.01285,1.60,2.60
2008.04.07 10:47:49.810,2.01225,2.01285,1.60,2.60
2008.04.07 10:47:50.022,2.01225,2.01285,1.60,2.60
2008.04.07 10:47:50.237,2.01225,2.01285,1.60,2.60
2008.04.07 10:47:50.452,2.01225,2.01285,1.60,2.60
2008.04.07 10:47:50.667,2.01225,2.01285,1.60,2.60
2008.04.07 10:47:50.904,2.01225,2.01285,1.60,2.60
2008.04.07 10:47:51.275,2.01225,2.01285,1.60,2.60
2008.04.07 10:47:51.623,2.01225,2.01285,1.60,2.60
2008.04.07 10:47:51.998,2.01225,2.01285,1.60,2.60
2008.04.07 10:47:52.216,2.01225,2.01285,1.60,2.60
2008.04.07 10:47:52.470,2.01225,2.01285,1.60,2.60
2008.04.07 10:47:52.730,2.01225,2.01285,1.60,2.60
2008.04.07 10:47:52.908,2.01225,2.01285,1.60,2.60
2008.04.07 10:47:53.242,2.01225,2.01285,1.60,2.60
2008.04.07 10:47:53.576,2.01225,2.01285,1.60,2.60
2008.04.07 10:47:53.910,2.01225,2.01285,1.60,2.60
2008.04.07 10:47:54.243,2.01225,2.01285,1.60,2.60
2008.04.07 10:47:54.472,2.01225,2.01285,1.60,2.60
2008.04.07 10:47:54.701,2.01225,2.01275,1.60,0.30
2008.04.07 10:47:54.931,2.01225,2.0127,1.60,0.80
2008.04.07 10:47:55.221,2.01225,2.0127,1.60,0.80
2008.04.07 10:47:55.511,2.0124,2.0127,0.40,0.10
2008.04.07 10:47:55.801,2.0124,2.0127,0.40,0.10
2008.04.07 10:47:56.089,2.0124,2.0127,0.40,0.10
2008.04.07 10:47:56.329,2.0124,2.0127,0.40,0.10
2008.04.07 10:47:56.568,2.0124,2.0127,0.40,0.10
2008.04.07 10:47:56.806,2.0124,2.0127,0.40,0.10
2008.04.07 10:47:57.065,2.0124,2.0127,0.40,0.10
2008.04.07 10:47:57.351,2.0124,2.0127,0.40,0.10
2008.04.07 10:47:57.642,2.0124,2.0127,0.40,0.10
2008.04.07 10:47:57.930,2.0124,2.0127,0.40,0.10
2008.04.07 10:47:58.220,2.0124,2.0127,0.40,0.10
2008.04.07 10:47:58.554,2.0124,2.0127,0.40,0.10
2008.04.07 10:47:58.890,2.0124,2.0127,0.40,0.10
2008.04.07 10:47:59.264,2.0124,2.0127,0.40,0.10
2008.04.07 10:47:59.536,2.01225,2.0127,1.60,0.10
2008.04.07 10:47:59.807,2.01225,2.0127,1.60,0.10
2008.04.07 10:48:00.040,2.01225,2.0127,1.60,0.10
2008.04.07 10:48:00.274,2.01225,2.0127,1.60,0.10
2008.04.07 10:48:00.587,2.01225,2.0127,1.60,0.10
2008.04.07 10:48:00.902,2.01225,2.0127,1.60,0.10
2008.04.07 10:48:01.215,2.01225,2.0127,1.60,0.10
2008.04.07 10:48:01.567,2.0124,2.0127,0.40,0.10
2008.04.07 10:48:01.808,2.01225,2.0127,1.60,0.10
2008.04.07 10:48:02.068,2.0122,2.0127,0.40,0.10
2008.04.07 10:48:02.305,2.0122,2.01265,0.40,0.80
2008.04.07 10:48:02.641,2.0122,2.01265,0.40,0.80
2008.04.07 10:48:02.976,2.0122,2.01265,0.40,0.80
2008.04.07 10:48:03.310,2.0122,2.01265,0.40,0.80
2008.04.07 10:48:03.646,2.01225,2.01265,1.60,0.80
2008.04.07 10:48:03.980,2.01225,2.0127,1.60,0.10
2008.04.07 10:48:04.315,2.01225,2.0127,1.60,0.10
2008.04.07 10:48:04.551,2.01225,2.0127,1.60,0.10
2008.04.07 10:48:04.776,2.01225,2.0127,1.60,0.10
2008.04.07 10:48:05.006,2.01225,2.0127,1.60,0.10
2008.04.07 10:48:05.269,2.01225,2.0127,1.60,0.10
2008.04.07 10:48:05.528,2.01225,2.0127,1.60,0.10
2008.04.07 10:48:05.862,2.01225,2.0127,1.60,0.10
2008.04.07 10:48:06.190,2.01225,2.0127,1.60,0.10
2008.04.07 10:48:06.514,2.01225,2.0127,1.60,0.10
2008.04.07 10:48:06.749,2.01225,2.0127,1.60,0.10
2008.04.07 10:48:06.985,2.01225,2.0127,1.60,0.10
2008.04.07 10:48:07.220,2.01225,2.0127,1.60,0.10
2008.04.07 10:48:07.453,2.01225,2.0127,1.60,0.10
2008.04.07 10:48:07.789,2.01225,2.0127,1.60,0.10
2008.04.07 10:48:08.123,2.01225,2.0127,1.60,0.10
2008.04.07 10:48:08.456,2.01225,2.0127,1.60,0.10
2008.04.07 10:48:08.781,2.01225,2.0127,1.60,0.10
2008.04.07 10:48:09.105,2.01225,2.0127,1.60,0.10
2008.04.07 10:48:09.429,2.0124,2.0127,0.40,0.10
2008.04.07 10:48:09.755,2.01225,2.0127,1.60,0.10
2008.04.07 10:48:10.010,2.01225,2.01255,1.60,0.30
2008.04.07 10:48:10.264,2.0122,2.01255,0.40,0.30
2008.04.07 10:48:10.517,2.0122,2.0126,0.40,0.10
2008.04.07 10:48:10.786,2.0122,2.0126,0.40,0.10
2008.04.07 10:48:11.055,2.0122,2.0126,0.40,0.10
2008.04.07 10:48:11.325,2.0122,2.0126,0.40,0.10
2008.04.07 10:48:11.595,2.0122,2.0126,0.40,0.10
2008.04.07 10:48:11.890,2.0122,2.0126,0.40,0.10
2008.04.07 10:48:12.232,2.0122,2.0126,0.40,0.10
2008.04.07 10:48:12.565,2.0122,2.0126,0.40,0.10
2008.04.07 10:48:12.862,2.0122,2.0126,0.40,0.10
2008.04.07 10:48:13.196,2.0122,2.0126,0.40,0.10
2008.04.07 10:48:13.542,2.0122,2.0126,0.40,0.10
2008.04.07 10:48:13.912,2.0122,2.0126,0.40,0.10
2008.04.07 10:48:14.247,2.0122,2.0126,0.40,0.10
2008.04.07 10:48:14.559,2.0122,2.0126,0.40,0.10
2008.04.07 10:48:14.892,2.0122,2.0126,0.40,0.10
2008.04.07 10:48:15.126,2.0122,2.0126,0.40,0.10
2008.04.07 10:48:15.360,2.0122,2.0126,0.40,0.10
2008.04.07 10:48:15.630,2.0122,2.0126,0.40,0.10
2008.04.07 10:48:15.916,2.0122,2.0126,0.40,0.10
2008.04.07 10:48:16.205,2.0122,2.0126,0.40,0.10
2008.04.07 10:48:16.494,2.0122,2.0126,0.40,0.10
2008.04.07 10:48:16.782,2.0122,2.0126,0.40,0.10
2008.04.07 10:48:17.037,2.0122,2.0126,0.40,0.10
2008.04.07 10:48:17.290,2.0122,2.0126,0.40,0.10
2008.04.07 10:48:17.544,2.0122,2.0126,0.40,0.10
2008.04.07 10:48:17.797,2.0122,2.0126,0.40,0.10
2008.04.07 10:48:18.130,2.0122,2.0126,0.40,0.10
2008.04.07 10:48:18.465,2.0122,2.0126,0.40,0.10
2008.04.07 10:48:18.799,2.0122,2.0126,0.40,0.10
2008.04.07 10:48:19.124,2.0122,2.0126,0.40,0.10
2008.04.07 10:48:19.448,2.0122,2.0126,0.40,0.10
2008.04.07 10:48:19.772,2.0122,2.0126,0.40,0.10
2008.04.07 10:48:20.034,2.0122,2.0126,0.40,0.10
2008.04.07 10:48:20.221,2.0122,2.0126,0.40,0.10
2008.04.07 10:48:20.444,2.0122,2.0126,0.40,0.10
2008.04.07 10:48:20.669,2.0122,2.0126,0.40,0.10
2008.04.07 10:48:20.896,2.0122,2.0126,0.40,0.10
2008.04.07 10:48:21.261,2.0122,2.0126,0.40,0.10
2008.04.07 10:48:21.622,2.0122,2.0126,0.40,0.10
2008.04.07 10:48:21.955,2.0122,2.0126,0.40,0.10
2008.04.07 10:48:22.221,2.0122,2.0126,0.40,0.10
2008.04.07 10:48:22.445,2.0122,2.0126,0.40,0.10
2008.04.07 10:48:22.669,2.0122,2.0126,0.40,0.10
2008.04.07 10:48:22.895,2.0122,2.0126,0.40,0.10
2008.04.07 10:48:23.231,2.0122,2.0126,0.40,0.10
2008.04.07 10:48:23.606,2.0122,2.0126,0.40,0.10
2008.04.07 10:48:23.941,2.0122,2.0126,0.40,0.10
2008.04.07 10:48:24.276,2.0122,2.0126,0.40,0.10
2008.04.07 10:48:24.612,2.0122,2.0126,0.40,0.10
2008.04.07 10:48:24.945,2.0122,2.0126,0.40,0.10
2008.04.07 10:48:25.174,2.0122,2.0126,0.40,0.10
2008.04.07 10:48:25.403,2.0122,2.0126,0.40,0.10
2008.04.07 10:48:25.633,2.0122,2.0126,0.40,0.10
2008.04.07 10:48:25.862,2.0122,2.0126,0.40,0.10
2008.04.07 10:48:26.182,2.0122,2.0126,0.40,0.10
2008.04.07 10:48:26.537,2.0122,2.0126,0.40,0.10
2008.04.07 10:48:26.855,2.0122,2.0126,0.40,0.10
2008.04.07 10:48:27.108,2.0122,2.0126,0.40,0.40
2008.04.07 10:48:27.357,2.0122,2.0126,0.40,0.40
2008.04.07 10:48:27.606,2.0122,2.0126,0.40,0.40
2008.04.07 10:48:27.856,2.01215,2.0126,1.60,0.40
2008.04.07 10:48:28.106,2.01215,2.0126,1.60,0.40
2008.04.07 10:48:28.441,2.01215,2.0126,1.60,0.40
2008.04.07 10:48:28.776,2.01215,2.0126,1.60,0.40
2008.04.07 10:48:29.111,2.01215,2.0126,1.60,0.40
2008.04.07 10:48:29.354,2.01215,2.0126,1.60,0.40
2008.04.07 10:48:29.599,2.01215,2.0126,1.60,0.40
2008.04.07 10:48:29.843,2.01215,2.0126,1.60,0.40
2008.04.07 10:48:30.088,2.01215,2.0126,1.60,0.40
2008.04.07 10:48:30.392,2.01215,2.0126,1.60,0.40
2008.04.07 10:48:30.697,2.01215,2.0126,1.60,0.40
2008.04.07 10:48:31.001,2.01215,2.0126,1.60,0.40
2008.04.07 10:48:31.261,2.01215,2.0126,1.60,0.40
2008.04.07 10:48:31.522,2.01215,2.0126,1.60,0.40
2008.04.07 10:48:31.821,2.01215,2.0126,1.60,0.40
2008.04.07 10:48:32.115,2.01215,2.0126,1.60,0.40
2008.04.07 10:48:32.414,2.01215,2.0126,1.60,0.40
2008.04.07 10:48:32.712,2.01215,2.0126,1.60,0.40
2008.04.07 10:48:33.014,2.0121,2.0125,0.40,0.30
2008.04.07 10:48:33.348,2.0121,2.0126,0.40,0.40
2008.04.07 10:48:33.682,2.0121,2.0126,0.40,0.40
2008.04.07 10:48:34.018,2.0121,2.0126,0.40,0.40
2008.04.07 10:48:34.353,2.0121,2.0126,0.40,0.10
2008.04.07 10:48:34.582,2.0121,2.0125,0.40,0.30
2008.04.07 10:48:34.810,2.0121,2.0125,0.40,0.30
2008.04.07 10:48:35.041,2.0121,2.0125,0.40,0.30
2008.04.07 10:48:35.370,2.0121,2.01255,0.40,4.00
2008.04.07 10:48:35.699,2.0121,2.0126,0.40,0.40
2008.04.07 10:48:36.031,2.0121,2.0126,0.40,0.40
2008.04.07 10:48:36.359,2.0121,2.0126,0.40,0.40
2008.04.07 10:48:36.593,2.0121,2.0126,0.40,0.40
2008.04.07 10:48:36.827,2.0121,2.0126,0.40,0.40
2008.04.07 10:48:37.061,2.0121,2.0126,0.40,0.40
2008.04.07 10:48:37.293,2.0121,2.0126,0.40,0.40
2008.04.07 10:48:37.597,2.0121,2.0126,0.40,0.40
2008.04.07 10:48:37.900,2.0121,2.0126,0.40,0.40
2008.04.07 10:48:38.205,2.0121,2.0126,0.40,0.40
2008.04.07 10:48:38.539,2.0121,2.0126,0.40,0.40
2008.04.07 10:48:38.873,2.0121,2.0126,0.40,0.10
2008.04.07 10:48:39.208,2.0121,2.0126,0.40,0.10
2008.04.07 10:48:39.434,2.0121,2.0126,0.40,0.10
2008.04.07 10:48:39.657,2.0121,2.0126,0.40,0.10
2008.04.07 10:48:39.883,2.0123,2.0126,0.40,0.10
2008.04.07 10:48:40.110,2.0123,2.0126,0.40,0.10
2008.04.07 10:48:40.339,2.0123,2.01275,0.40,3.20
2008.04.07 10:48:40.708,2.0123,2.01275,0.40,5.60
2008.04.07 10:48:41.040,2.0123,2.0128,0.40,0.40
2008.04.07 10:48:41.371,2.0123,2.0128,0.40,0.40
2008.04.07 10:48:41.599,2.0123,2.0128,0.40,0.40
2008.04.07 10:48:41.825,2.0123,2.01285,0.40,3.20
2008.04.07 10:48:42.053,2.0123,2.0128,0.40,0.30
2008.04.07 10:48:42.276,2.0123,2.0129,0.40,0.30
2008.04.07 10:48:42.600,2.0123,2.0129,0.40,0.30
2008.04.07 10:48:42.961,2.0123,2.0129,0.40,0.30
2008.04.07 10:48:43.294,2.0123,2.0128,0.40,0.30
2008.04.07 10:48:43.629,2.0123,2.01285,0.40,2.40
2008.04.07 10:48:43.985,2.0123,2.0129,0.40,0.30
2008.04.07 10:48:44.329,2.0123,2.0129,0.40,0.30
2008.04.07 10:48:44.592,2.0123,2.0128,0.40,0.30
2008.04.07 10:48:44.817,2.0123,2.01285,0.40,2.40
2008.04.07 10:48:45.043,2.0123,2.0128,0.40,0.10
2008.04.07 10:48:45.268,2.0123,2.0128,0.40,0.40
2008.04.07 10:48:45.576,2.0123,2.0128,0.40,0.40
2008.04.07 10:48:45.880,2.0123,2.0128,0.40,0.40
2008.04.07 10:48:46.184,2.0123,2.0128,0.40,0.30
2008.04.07 10:48:46.488,2.0123,2.01285,0.40,1.60
2008.04.07 10:48:46.759,2.0123,2.0128,0.40,0.30
2008.04.07 10:48:47.028,2.0123,2.0128,0.40,0.30
2008.04.07 10:48:47.297,2.0123,2.0128,0.40,0.30
2008.04.07 10:48:47.551,2.0123,2.0128,0.40,0.30
2008.04.07 10:48:47.812,2.0123,2.0128,0.40,0.30
2008.04.07 10:48:48.066,2.0123,2.01285,0.40,1.60
2008.04.07 10:48:48.321,2.0123,2.01285,0.40,1.60
2008.04.07 10:48:48.657,2.0123,2.01285,0.40,4.00
2008.04.07 10:48:48.993,2.0123,2.01285,0.40,4.00
2008.04.07 10:48:49.327,2.0123,2.01285,0.40,4.00
2008.04.07 10:48:49.558,2.0123,2.01285,0.40,2.40
2008.04.07 10:48:49.790,2.0121,2.0124,0.40,0.10
2008.04.07 10:48:50.021,2.0123,2.01255,0.40,2.40
2008.04.07 10:48:50.252,2.0123,2.01255,0.40,2.40
2008.04.07 10:48:50.482,2.0121,2.0124,0.40,0.10
2008.04.07 10:48:50.820,2.0123,2.01255,0.40,2.40
2008.04.07 10:48:51.119,2.0121,2.0127,0.40,0.30
2008.04.07 10:48:51.423,2.0121,2.0127,0.40,0.30
2008.04.07 10:48:51.704,2.0121,2.0127,0.40,0.30
2008.04.07 10:48:52.021,2.0121,2.0127,0.40,0.30
2008.04.07 10:48:52.298,2.0121,2.0127,0.40,0.30
2008.04.07 10:48:52.568,2.0121,2.0127,0.40,0.30
2008.04.07 10:48:52.902,2.0121,2.0127,0.40,0.30
2008.04.07 10:48:53.236,2.0121,2.0127,0.40,0.30
2008.04.07 10:48:53.569,2.0121,2.0127,0.40,0.30
2008.04.07 10:48:53.903,2.0121,2.0127,0.40,0.30
2008.04.07 10:48:54.237,2.0121,2.0127,0.40,0.30
2008.04.07 10:48:54.571,2.0121,2.0127,0.40,0.30
2008.04.07 10:48:54.810,2.0121,2.0127,0.40,0.30
2008.04.07 10:48:55.058,2.0121,2.0127,0.40,0.30
2008.04.07 10:48:55.332,2.0121,2.0127,0.40,0.30
2008.04.07 10:48:55.613,2.0121,2.0127,0.40,0.30
2008.04.07 10:48:55.851,2.0121,2.0127,0.40,0.30
2008.04.07 10:48:56.130,2.0121,2.0127,0.40,0.30
2008.04.07 10:48:56.410,2.0121,2.0127,0.40,0.30
2008.04.07 10:48:56.669,2.0121,2.0127,0.40,0.30
2008.04.07 10:48:56.928,2.0121,2.0127,0.40,0.30
2008.04.07 10:48:57.187,2.0121,2.0126,0.40,0.30
2008.04.07 10:48:57.448,2.0121,2.0127,0.40,0.30
2008.04.07 10:48:57.782,2.01205,2.0126,4.00,0.30
2008.04.07 10:48:58.117,2.01205,2.0127,4.00,0.30
2008.04.07 10:48:58.452,2.01205,2.0126,4.00,0.30
2008.04.07 10:48:58.788,2.01205,2.0127,4.00,0.30
2008.04.07 10:48:59.122,2.01205,2.0127,4.00,0.30
2008.04.07 10:48:59.456,2.01205,2.0127,4.00,0.30
2008.04.07 10:48:59.675,2.01205,2.0127,4.00,0.30
2008.04.07 10:48:59.894,2.01205,2.0127,4.00,0.30
2008.04.07 10:49:00.170,2.01205,2.0127,4.00,0.30
2008.04.07 10:49:00.496,2.01205,2.0127,4.00,0.30
2008.04.07 10:49:00.787,2.01205,2.0127,4.00,0.30
2008.04.07 10:49:01.084,2.01205,2.0127,4.00,0.30
2008.04.07 10:49:01.370,2.01205,2.0126,4.00,0.30
2008.04.07 10:49:01.627,2.01205,2.0127,4.00,0.30
2008.04.07 10:49:01.939,2.01205,2.0127,4.00,0.30
2008.04.07 10:49:02.254,2.01205,2.0127,4.00,0.30
2008.04.07 10:49:02.535,2.01205,2.0127,4.00,0.30
2008.04.07 10:49:02.824,2.01205,2.0127,4.00,0.30
2008.04.07 10:49:03.164,2.01205,2.0127,4.00,0.30
2008.04.07 10:49:03.498,2.01205,2.0126,4.00,0.30
2008.04.07 10:49:03.875,2.0121,2.01275,0.10,1.80
2008.04.07 10:49:04.206,2.01205,2.01265,4.00,0.30
2008.04.07 10:49:04.539,2.01205,2.01265,4.00,0.30
2008.04.07 10:49:04.876,2.01205,2.01265,4.00,0.30
2008.04.07 10:49:05.096,2.01205,2.01255,4.00,0.30
2008.04.07 10:49:05.318,2.01205,2.01255,4.00,0.30
2008.04.07 10:49:05.582,2.01205,2.01255,2.40,0.30
2008.04.07 10:49:05.829,2.01205,2.01255,2.40,0.30
2008.04.07 10:49:06.153,2.01205,2.01255,2.40,0.30
2008.04.07 10:49:06.498,2.01205,2.01255,2.40,0.30
2008.04.07 10:49:06.824,2.01205,2.01255,2.40,0.30
2008.04.07 10:49:07.092,2.01205,2.01255,2.40,0.30
2008.04.07 10:49:07.342,2.01205,2.01255,2.40,0.30
2008.04.07 10:49:07.610,2.01205,2.01255,2.40,0.30
2008.04.07 10:49:07.869,2.01205,2.01255,2.40,0.30
2008.04.07 10:49:08.222,2.01205,2.01255,2.40,0.30
2008.04.07 10:49:08.556,2.01205,2.01255,2.40,0.30
2008.04.07 10:49:08.890,2.01205,2.01255,2.40,0.30
2008.04.07 10:49:09.224,2.01205,2.01255,2.40,0.30
2008.04.07 10:49:09.559,2.01205,2.01255,2.40,0.30
2008.04.07 10:49:09.913,2.01205,2.01255,2.40,0.30
2008.04.07 10:49:10.162,2.01205,2.01255,2.40,0.30
2008.04.07 10:49:10.364,2.01205,2.01255,2.40,0.30
2008.04.07 10:49:10.586,2.01205,2.01255,2.40,0.30
2008.04.07 10:49:10.822,2.01205,2.01255,2.40,0.30
2008.04.07 10:49:11.061,2.01205,2.01255,2.40,0.30
2008.04.07 10:49:11.394,2.01205,2.01255,2.40,0.30
2008.04.07 10:49:11.759,2.01205,2.01255,2.40,0.30
2008.04.07 10:49:12.098,2.01205,2.01255,2.40,0.30
2008.04.07 10:49:12.346,2.01205,2.01255,2.40,0.30
2008.04.07 10:49:12.576,2.01205,2.01255,2.40,0.30
2008.04.07 10:49:12.812,2.01205,2.01255,2.40,0.30
2008.04.07 10:49:13.042,2.01205,2.0126,2.40,0.10
2008.04.07 10:49:13.377,2.01205,2.0125,2.40,0.30
2008.04.07 10:49:13.717,2.01205,2.01255,2.40,4.00
2008.04.07 10:49:14.053,2.01205,2.0126,2.40,1.10
2008.04.07 10:49:14.281,2.01205,2.0126,2.40,1.10
2008.04.07 10:49:14.512,2.01205,2.0126,2.40,1.10
2008.04.07 10:49:14.789,2.01215,2.0126,2.40,0.40
2008.04.07 10:49:15.015,2.01215,2.0126,2.40,0.40
2008.04.07 10:49:15.351,2.01205,2.0126,2.40,0.40
2008.04.07 10:49:15.684,2.01205,2.0126,2.40,0.40
2008.04.07 10:49:16.019,2.01205,2.0126,2.40,0.40
2008.04.07 10:49:16.355,2.01195,2.01245,2.40,0.30
2008.04.07 10:49:16.595,2.01195,2.0125,2.40,0.80
2008.04.07 10:49:16.834,2.01195,2.0125,1.60,0.80
2008.04.07 10:49:17.081,2.01195,2.0125,1.60,0.30
2008.04.07 10:49:17.399,2.01195,2.0125,1.60,0.30
2008.04.07 10:49:17.755,2.01195,2.0125,1.60,0.30
2008.04.07 10:49:18.075,2.01195,2.0125,1.60,0.30
2008.04.07 10:49:18.395,2.01195,2.0125,1.60,0.30
2008.04.07 10:49:18.728,2.01195,2.0125,1.60,0.30
2008.04.07 10:49:19.062,2.01195,2.01255,1.60,2.60
2008.04.07 10:49:19.397,2.01195,2.01245,2.40,1.80
2008.04.07 10:49:19.637,2.01195,2.01245,2.40,2.40
2008.04.07 10:49:19.877,2.01195,2.01245,2.40,1.60
2008.04.07 10:49:20.116,2.01195,2.01255,4.00,0.30
2008.04.07 10:49:20.420,2.012,2.01255,0.40,0.30
2008.04.07 10:49:20.724,2.012,2.0126,0.40,0.40
2008.04.07 10:49:21.028,2.012,2.0126,0.40,0.40
2008.04.07 10:49:21.333,2.012,2.0125,0.40,0.30
2008.04.07 10:49:21.593,2.012,2.0125,0.40,1.00
2008.04.07 10:49:21.852,2.012,2.0125,0.40,1.10
2008.04.07 10:49:22.111,2.012,2.0125,0.40,1.10
2008.04.07 10:49:22.370,2.012,2.0125,0.40,0.90
2008.04.07 10:49:22.651,2.012,2.0125,0.40,0.90
2008.04.07 10:49:22.930,2.012,2.0125,0.40,0.10
2008.04.07 10:49:23.210,2.012,2.01255,0.40,4.00
2008.04.07 10:49:23.545,2.012,2.0126,0.40,0.30
2008.04.07 10:49:23.878,2.012,2.01255,0.40,0.30
2008.04.07 10:49:24.213,2.012,2.01255,0.40,0.30
2008.04.07 10:49:24.441,2.012,2.01255,0.40,0.30
2008.04.07 10:49:24.670,2.012,2.01255,0.40,0.30
2008.04.07 10:49:24.899,2.012,2.01255,0.40,0.30
2008.04.07 10:49:25.128,2.012,2.01255,0.40,0.30
2008.04.07 10:49:25.358,2.012,2.01255,0.40,0.30
2008.04.07 10:49:25.695,2.012,2.0125,0.40,1.00
2008.04.07 10:49:26.028,2.012,2.0125,0.40,1.00
2008.04.07 10:49:26.363,2.012,2.0125,0.40,1.10
2008.04.07 10:49:26.583,2.012,2.0125,0.40,1.10
2008.04.07 10:49:26.838,2.012,2.0125,0.40,1.10
2008.04.07 10:49:27.095,2.012,2.0125,0.40,1.10
2008.04.07 10:49:27.352,2.012,2.0125,0.40,1.10
2008.04.07 10:49:27.669,2.012,2.0125,0.40,0.90
2008.04.07 10:49:27.983,2.012,2.0125,0.40,0.80
2008.04.07 10:49:28.297,2.012,2.01255,0.40,1.80
2008.04.07 10:49:28.632,2.01205,2.01255,0.10,1.60
2008.04.07 10:49:28.967,2.0122,2.01265,0.40,1.60
2008.04.07 10:49:29.300,2.012,2.0126,0.40,0.30
2008.04.07 10:49:29.529,2.012,2.01255,0.40,1.60
2008.04.07 10:49:29.761,2.012,2.0125,0.40,0.10
2008.04.07 10:49:29.989,2.012,2.0125,0.40,0.10
2008.04.07 10:49:30.217,2.012,2.01245,0.40,0.30
2008.04.07 10:49:30.512,2.012,2.0125,0.50,0.10
2008.04.07 10:49:30.809,2.01215,2.01245,0.10,1.60
2008.04.07 10:49:31.110,2.01215,2.01245,1.60,1.60
2008.04.07 10:49:31.443,2.01195,2.0126,3.20,0.30
2008.04.07 10:49:31.712,2.012,2.01255,0.10,1.60
2008.04.07 10:49:31.981,2.01195,2.01255,1.60,2.60
2008.04.07 10:49:32.251,2.012,2.01255,0.10,2.40
2008.04.07 10:49:32.512,2.012,2.01255,0.10,2.40
2008.04.07 10:49:32.771,2.01195,2.01255,1.60,2.40
2008.04.07 10:49:33.031,2.01195,2.01255,1.60,2.40
2008.04.07 10:49:33.294,2.01195,2.01255,1.60,2.40
2008.04.07 10:49:33.627,2.01195,2.01255,1.60,2.40
2008.04.07 10:49:33.963,2.01195,2.0126,1.60,0.30
2008.04.07 10:49:34.296,2.01195,2.0126,1.60,0.30
2008.04.07 10:49:34.527,2.01195,2.0126,1.60,0.30
2008.04.07 10:49:34.757,2.01195,2.0125,1.60,0.80
2008.04.07 10:49:34.986,2.01195,2.0125,1.60,0.80
2008.04.07 10:49:35.217,2.0119,2.0125,0.50,0.80
2008.04.07 10:49:35.449,2.012,2.0125,0.40,0.10
2008.04.07 10:49:35.782,2.012,2.0125,0.40,0.10
2008.04.07 10:49:36.118,2.012,2.01245,0.40,1.60
2008.04.07 10:49:36.451,2.012,2.01245,0.40,1.60
2008.04.07 10:49:36.682,2.012,2.01245,0.40,1.80
2008.04.07 10:49:36.913,2.012,2.01235,0.40,0.30
2008.04.07 10:49:37.143,2.0118,2.0123,0.40,0.10
2008.04.07 10:49:37.372,2.0118,2.0123,0.40,0.10
2008.04.07 10:49:37.683,2.01195,2.01235,0.10,1.60
2008.04.07 10:49:38.021,2.012,2.01245,0.40,4.00
2008.04.07 10:49:38.330,2.012,2.0125,0.40,0.10
2008.04.07 10:49:38.639,2.0121,2.0125,0.40,0.40
2008.04.07 10:49:38.974,2.0121,2.0125,0.40,0.40
2008.04.07 10:49:39.312,2.012,2.01245,0.40,2.40
2008.04.07 10:49:39.685,2.012,2.01245,0.40,2.40
2008.04.07 10:49:39.918,2.0122,2.0125,0.40,0.10
2008.04.07 10:49:40.148,2.0122,2.01255,0.40,2.40
2008.04.07 10:49:40.377,2.0123,2.01255,0.40,1.60
2008.04.07 10:49:40.608,2.0123,2.0127,0.40,0.10
2008.04.07 10:49:40.941,2.0123,2.0127,0.40,0.10
2008.04.07 10:49:41.276,2.0123,2.0127,0.40,0.10
2008.04.07 10:49:41.612,2.0123,2.0127,0.40,0.10
2008.04.07 10:49:41.839,2.0124,2.0127,0.40,0.10
2008.04.07 10:49:42.065,2.0124,2.0127,0.40,0.10
2008.04.07 10:49:42.295,2.0124,2.01285,0.40,2.40
2008.04.07 10:49:42.520,2.01225,2.01285,1.60,2.40
2008.04.07 10:49:42.894,2.01225,2.01285,1.60,6.40
2008.04.07 10:49:43.229,2.01225,2.0126,1.60,0.30
2008.04.07 10:49:43.569,2.0122,2.0126,0.40,0.30
2008.04.07 10:49:43.910,2.0124,2.01265,0.40,4.00
2008.04.07 10:49:44.248,2.0124,2.0128,0.40,0.80
2008.04.07 10:49:44.581,2.0124,2.0128,0.40,0.80
2008.04.07 10:49:44.799,2.0124,2.0128,0.40,1.00
2008.04.07 10:49:45.049,2.01225,2.01275,1.60,1.60
2008.04.07 10:49:45.301,2.01225,2.0127,1.60,0.80
2008.04.07 10:49:45.548,2.01225,2.0127,1.60,0.80
2008.04.07 10:49:45.853,2.01225,2.0127,1.60,0.80
2008.04.07 10:49:46.157,2.01225,2.0127,1.60,0.80
2008.04.07 10:49:46.462,2.01235,2.0127,1.60,0.80
2008.04.07 10:49:46.767,2.01235,2.01275,1.60,0.80
2008.04.07 10:49:47.046,2.01235,2.01275,1.60,0.80
2008.04.07 10:49:47.327,2.0126,2.01285,0.40,2.40
2008.04.07 10:49:47.608,2.0126,2.01285,0.40,2.40
2008.04.07 10:49:47.943,2.0124,2.01285,0.40,0.80
2008.04.07 10:49:48.277,2.0124,2.0127,0.40,0.30
2008.04.07 10:49:48.646,2.01225,2.0127,1.60,0.90
2008.04.07 10:49:48.975,2.0126,2.0127,0.40,0.80
2008.04.07 10:49:49.305,2.0126,2.013,0.40,1.00
2008.04.07 10:49:49.671,2.0126,2.0128,0.40,0.30
2008.04.07 10:49:50.000,2.0124,2.01285,0.40,5.60
2008.04.07 10:49:50.220,2.01225,2.01285,3.20,2.40
2008.04.07 10:49:50.441,2.01225,2.01285,1.60,0.80
2008.04.07 10:49:50.666,2.01225,2.0128,1.60,0.30
2008.04.07 10:49:50.899,2.01225,2.0128,1.60,0.30
2008.04.07 10:49:51.232,2.01225,2.0128,1.60,0.30
2008.04.07 10:49:51.568,2.0122,2.0128,0.40,0.30
2008.04.07 10:49:51.902,2.0122,2.0128,0.40,0.30
2008.04.07 10:49:52.134,2.0122,2.0128,0.40,0.30
2008.04.07 10:49:52.371,2.0122,2.0128,0.40,0.30
2008.04.07 10:49:52.604,2.0122,2.0128,0.40,1.00
2008.04.07 10:49:52.840,2.0124,2.0128,0.40,0.80
2008.04.07 10:49:55.022,2.0122,2.0127,0.40,0.30
2008.04.07 10:49:55.113,2.0122,2.0127,0.40,0.10
2008.04.07 10:49:55.223,2.0122,2.0127,0.40,0.10
2008.04.07 10:49:55.388,2.0122,2.0127,0.40,0.10
2008.04.07 10:49:55.455,2.01225,2.0127,0.10,0.10
2008.04.07 10:49:55.565,2.01225,2.0127,1.60,0.10
2008.04.07 10:49:55.675,2.01225,2.0127,1.60,0.10
2008.04.07 10:49:55.785,2.0122,2.0127,0.40,0.10
2008.04.07 10:49:55.925,2.0122,2.0127,0.40,0.10
2008.04.07 10:49:56.073,2.0122,2.0127,0.40,0.10
2008.04.07 10:49:56.409,2.0122,2.0127,0.40,0.10
2008.04.07 10:49:56.743,2.01215,2.0127,1.60,0.10
2008.04.07 10:49:57.077,2.01215,2.0127,1.60,0.10
2008.04.07 10:49:57.322,2.01205,2.01255,3.20,0.30
2008.04.07 10:49:57.604,2.0121,2.01255,0.40,0.30
2008.04.07 10:49:57.852,2.0121,2.01255,0.40,0.30
2008.04.07 10:49:58.114,2.0121,2.01255,0.40,0.30
2008.04.07 10:49:58.449,2.0121,2.01255,0.40,0.30
2008.04.07 10:49:58.784,2.0121,2.01255,0.40,1.00
2008.04.07 10:49:59.118,2.0121,2.01255,0.40,4.20
2008.04.07 10:49:59.342,2.0121,2.01255,0.40,4.20
2008.04.07 10:49:59.571,2.0119,2.01245,0.40,0.30
2008.04.07 10:49:59.795,2.0119,2.01255,0.50,4.20
2008.04.07 10:50:00.019,2.0119,2.01255,0.50,4.20
2008.04.07 10:50:00.242,2.0119,2.01255,0.50,4.20
2008.04.07 10:50:00.577,2.0119,2.01255,0.50,9.00
2008.04.07 10:50:00.912,2.0119,2.01245,0.40,1.80
2008.04.07 10:50:01.246,2.0121,2.0124,0.40,0.10
2008.04.07 10:50:01.490,2.0121,2.0124,0.40,0.10
2008.04.07 10:50:01.774,2.0121,2.0124,0.40,0.10
2008.04.07 10:50:02.018,2.0121,2.0124,0.40,0.10
2008.04.07 10:50:02.284,2.0121,2.0124,0.40,0.10
2008.04.07 10:50:02.590,2.0121,2.0124,0.40,0.10
2008.04.07 10:50:02.941,2.0121,2.0124,0.40,0.10
2008.04.07 10:50:03.251,2.0119,2.0124,0.40,0.10
2008.04.07 10:50:03.587,2.012,2.0124,0.40,0.10
2008.04.07 10:50:03.921,2.012,2.0124,0.40,0.10
2008.04.07 10:50:04.256,2.012,2.0124,0.40,0.10
2008.04.07 10:50:04.486,2.012,2.0124,0.40,0.10
2008.04.07 10:50:04.715,2.012,2.0124,0.40,0.10
2008.04.07 10:50:04.964,2.012,2.0124,0.40,0.10
2008.04.07 10:50:05.197,2.012,2.0124,0.40,0.10
2008.04.07 10:50:05.526,2.012,2.0124,0.40,0.10
2008.04.07 10:50:05.874,2.012,2.0124,0.40,0.10
2008.04.07 10:50:06.191,2.012,2.0124,0.40,0.10
2008.04.07 10:50:06.466,2.012,2.0124,0.40,0.10
2008.04.07 10:50:06.743,2.012,2.0124,0.40,0.10
2008.04.07 10:50:07.020,2.012,2.0124,0.40,0.10
2008.04.07 10:50:07.366,2.012,2.0124,0.40,0.10
2008.04.07 10:50:07.657,2.012,2.0124,0.40,0.10
2008.04.07 10:50:08.004,2.012,2.0124,0.40,0.10
2008.04.07 10:50:08.294,2.012,2.0124,0.40,0.40
2008.04.07 10:50:08.630,2.012,2.0124,0.40,0.40
2008.04.07 10:50:08.966,2.0119,2.0124,0.40,0.40
2008.04.07 10:50:09.302,2.0119,2.0124,0.40,0.40
2008.04.07 10:50:09.532,2.0119,2.0124,0.40,0.40
2008.04.07 10:50:09.764,2.0119,2.0123,0.40,0.30
2008.04.07 10:50:09.996,2.0119,2.0123,0.40,0.30
2008.04.07 10:50:10.229,2.0119,2.0122,0.40,0.30
2008.04.07 10:50:10.459,2.0119,2.01225,0.40,0.80
2008.04.07 10:50:10.794,2.0119,2.01225,0.40,0.80
2008.04.07 10:50:11.166,2.0119,2.01225,0.40,0.80
2008.04.07 10:50:11.500,2.0119,2.01225,0.40,0.80
2008.04.07 10:50:11.700,2.0117,2.01225,0.40,0.80
2008.04.07 10:50:11.950,2.0117,2.01225,0.40,0.80
2008.04.07 10:50:12.137,2.0117,2.0123,0.40,0.30
2008.04.07 10:50:12.360,2.0117,2.0123,0.40,0.30
2008.04.07 10:50:12.671,2.0117,2.0123,0.40,0.30
2008.04.07 10:50:13.010,2.0117,2.0123,0.40,0.30
2008.04.07 10:50:13.318,2.0119,2.0122,0.40,0.10
2008.04.07 10:50:13.622,2.0119,2.0122,0.40,0.10
2008.04.07 10:50:13.957,2.0119,2.0122,0.40,0.10
2008.04.07 10:50:14.291,2.0117,2.0122,0.40,0.40
2008.04.07 10:50:14.627,2.0117,2.0122,0.40,0.90
2008.04.07 10:50:14.862,2.0117,2.0122,0.40,1.10
2008.04.07 10:50:15.096,2.0117,2.0122,0.40,1.10
2008.04.07 10:50:15.329,2.0117,2.0122,0.40,1.10
2008.04.07 10:50:15.580,2.0117,2.0122,0.40,1.10
2008.04.07 10:50:15.896,2.0117,2.0122,0.50,0.90
2008.04.07 10:50:16.210,2.01175,2.0122,2.40,0.10
2008.04.07 10:50:16.526,2.01165,2.0121,2.40,0.10
2008.04.07 10:50:16.748,2.0118,2.01215,0.40,0.80
2008.04.07 10:50:16.969,2.01165,2.01215,1.60,1.60
2008.04.07 10:50:17.188,2.01165,2.01215,1.60,1.60
2008.04.07 10:50:17.408,2.01165,2.01215,1.60,1.60
2008.04.07 10:50:17.628,2.0116,2.01215,0.40,0.80
2008.04.07 10:50:18.007,2.0116,2.01215,0.40,0.80
2008.04.07 10:50:18.350,2.0118,2.01215,0.40,0.80
2008.04.07 10:50:18.685,2.01175,2.01215,0.10,0.80
2008.04.07 10:50:19.016,2.01185,2.01235,0.10,1.60
2008.04.07 10:50:19.345,2.01185,2.01235,0.10,1.60
2008.04.07 10:50:19.676,2.01185,2.01245,0.10,1.60
2008.04.07 10:50:19.900,2.01185,2.01245,0.10,1.60
2008.04.07 10:50:20.123,2.01185,2.01245,0.10,1.60
2008.04.07 10:50:20.349,2.01185,2.01245,0.10,1.60
2008.04.07 10:50:20.574,2.01185,2.01245,0.10,2.40
2008.04.07 10:50:20.888,2.01185,2.01245,0.10,4.00
2008.04.07 10:50:21.202,2.01185,2.01245,0.10,4.00
2008.04.07 10:50:21.555,2.01185,2.01245,0.10,4.00
2008.04.07 10:50:21.870,2.01185,2.01245,0.10,4.00
2008.04.07 10:50:22.141,2.01195,2.01245,0.10,2.40
2008.04.07 10:50:22.431,2.01195,2.01245,0.10,2.40
2008.04.07 10:50:22.699,2.012,2.01245,0.40,2.40
2008.04.07 10:50:23.070,2.012,2.01245,0.40,0.80
2008.04.07 10:50:23.403,2.012,2.0125,0.40,0.90
2008.04.07 10:50:23.737,2.012,2.0125,0.40,0.90
2008.04.07 10:50:24.072,2.012,2.0125,0.40,0.90
2008.04.07 10:50:24.406,2.012,2.0125,0.50,0.90
2008.04.07 10:50:24.741,2.0121,2.0125,0.10,0.10
2008.04.07 10:50:24.961,2.0121,2.0125,0.10,0.10
2008.04.07 10:50:25.182,2.0121,2.0125,0.10,0.10
2008.04.07 10:50:25.408,2.0122,2.0125,0.40,0.10
2008.04.07 10:50:25.664,2.0122,2.0125,0.40,0.10
2008.04.07 10:50:25.919,2.0122,2.0125,0.40,0.10
2008.04.07 10:50:26.315,2.0121,2.0125,0.10,0.10
2008.04.07 10:50:26.636,2.012,2.0125,0.50,0.10
2008.04.07 10:50:26.970,2.012,2.0125,0.50,0.10
2008.04.07 10:50:27.203,2.012,2.0125,0.40,0.10
2008.04.07 10:50:29.151,2.012,2.01245,0.40,5.60
2008.04.07 10:50:29.379,2.012,2.0124,0.40,0.90
2008.04.07 10:50:29.503,2.012,2.0124,0.40,0.90
2008.04.07 10:50:29.634,2.012,2.0124,0.40,0.90
2008.04.07 10:50:29.772,2.012,2.0124,0.40,0.90
2008.04.07 10:50:29.899,2.012,2.0124,0.40,0.90
2008.04.07 10:50:30.033,2.012,2.0124,0.40,0.90
2008.04.07 10:50:30.164,2.012,2.0124,0.40,0.10
2008.04.07 10:50:30.500,2.012,2.01245,0.50,0.80
2008.04.07 10:50:30.835,2.012,2.0125,0.50,0.10
2008.04.07 10:50:31.168,2.012,2.0125,0.50,0.10
2008.04.07 10:50:31.397,2.012,2.0125,0.50,0.10
2008.04.07 10:50:31.626,2.012,2.0125,0.50,0.10
2008.04.07 10:50:31.855,2.012,2.0125,0.50,0.10
2008.04.07 10:50:32.086,2.012,2.0125,0.50,0.10
2008.04.07 10:50:32.316,2.012,2.0125,0.40,0.10
2008.04.07 10:50:32.652,2.012,2.01245,0.50,2.40
2008.04.07 10:50:32.985,2.012,2.01245,0.50,2.40
2008.04.07 10:50:33.318,2.012,2.01245,0.50,2.40
2008.04.07 10:50:33.689,2.012,2.01245,0.50,2.40
2008.04.07 10:50:34.023,2.012,2.01245,0.50,0.80
2008.04.07 10:50:34.328,2.012,2.0125,0.50,0.10
2008.04.07 10:50:34.557,2.012,2.0125,0.50,0.10
2008.04.07 10:50:34.786,2.012,2.0125,0.50,0.10
2008.04.07 10:50:35.015,2.012,2.0125,0.50,0.10
2008.04.07 10:50:35.244,2.012,2.0125,0.50,0.10
2008.04.07 10:50:35.473,2.012,2.0125,0.50,0.10
2008.04.07 10:50:35.796,2.012,2.0125,0.50,0.10
2008.04.07 10:50:36.122,2.012,2.0125,0.50,0.10
2008.04.07 10:50:36.445,2.012,2.0125,0.50,0.10
2008.04.07 10:50:36.705,2.012,2.0125,0.50,0.10
2008.04.07 10:50:36.967,2.012,2.0125,0.50,0.10
2008.04.07 10:50:37.233,2.012,2.0125,0.50,0.10
2008.04.07 10:50:37.490,2.012,2.0125,0.50,0.10
2008.04.07 10:50:37.778,2.012,2.0125,0.50,0.10
2008.04.07 10:50:38.047,2.012,2.0125,0.50,0.10
2008.04.07 10:50:38.319,2.012,2.0125,0.50,0.10
2008.04.07 10:50:38.589,2.012,2.0125,0.50,0.10
2008.04.07 10:50:38.925,2.012,2.0125,0.50,0.10
2008.04.07 10:50:39.261,2.012,2.0125,0.40,0.10
2008.04.07 10:50:39.596,2.012,2.01245,0.40,2.40
2008.04.07 10:50:41.205,2.012,2.01245,0.40,2.40
2008.04.07 10:50:41.290,2.0121,2.0124,0.40,0.10
2008.04.07 10:50:41.363,2.0121,2.0124,0.40,0.10
2008.04.07 10:50:41.439,2.0121,2.0124,0.40,0.10
2008.04.07 10:50:41.480,2.0121,2.0124,0.40,0.10
2008.04.07 10:50:41.578,2.0121,2.0124,0.40,0.10
2008.04.07 10:50:41.651,2.0121,2.0124,0.40,0.10
2008.04.07 10:50:41.816,2.0121,2.0124,0.40,0.10
2008.04.07 10:50:41.903,2.0121,2.0124,0.40,0.10
2008.04.07 10:50:42.814,2.0121,2.0124,0.40,0.10
2008.04.07 10:50:43.192,2.0121,2.01255,0.40,5.60
2008.04.07 10:50:43.526,2.0121,2.01255,0.40,1.60
2008.04.07 10:50:43.862,2.0121,2.01255,0.40,1.60
2008.04.07 10:50:44.195,2.0121,2.01255,0.40,1.60
2008.04.07 10:50:44.531,2.0121,2.01255,0.40,1.60
2008.04.07 10:50:44.865,2.0121,2.01255,0.40,1.60
2008.04.07 10:50:45.100,2.0121,2.01255,0.40,1.60
2008.04.07 10:50:45.336,2.0121,2.01255,0.40,1.60
2008.04.07 10:50:45.569,2.0121,2.01255,0.40,1.60
2008.04.07 10:50:45.802,2.0121,2.01255,0.40,1.60
2008.04.07 10:50:46.036,2.0121,2.01255,0.40,1.60
2008.04.07 10:50:46.361,2.0121,2.01255,0.40,1.60
2008.04.07 10:50:46.687,2.0121,2.01255,0.40,1.80
2008.04.07 10:50:47.013,2.012,2.0125,0.50,0.10
2008.04.07 10:50:47.272,2.012,2.0125,0.50,0.10
2008.04.07 10:50:47.533,2.012,2.0125,0.40,0.90
2008.04.07 10:50:47.792,2.012,2.0125,0.40,0.90
2008.04.07 10:50:48.089,2.012,2.0125,0.40,0.90
2008.04.07 10:50:48.423,2.012,2.0125,0.40,0.90
2008.04.07 10:50:48.757,2.012,2.0125,0.40,1.10
2008.04.07 10:50:49.093,2.012,2.0124,0.40,0.10
2008.04.07 10:50:49.427,2.012,2.0124,0.40,0.10
2008.04.07 10:50:49.797,2.012,2.0124,0.40,0.10
2008.04.07 10:50:50.169,2.012,2.0124,0.40,0.10
2008.04.07 10:50:50.385,2.012,2.01235,0.40,2.40
2008.04.07 10:50:50.619,2.012,2.0124,0.40,0.10
2008.04.07 10:50:50.853,2.012,2.0124,0.40,0.10
2008.04.07 10:50:51.088,2.012,2.0124,0.40,0.10
2008.04.07 10:50:51.421,2.012,2.0124,0.40,0.10
2008.04.07 10:50:51.754,2.012,2.0124,0.40,0.10
2008.04.07 10:50:52.088,2.012,2.0124,0.40,0.10
2008.04.07 10:50:52.331,2.012,2.0124,0.40,0.10
2008.04.07 10:50:52.576,2.012,2.0124,0.40,0.10
2008.04.07 10:50:52.820,2.012,2.0124,0.40,0.10
2008.04.07 10:50:53.063,2.012,2.0124,0.40,0.10
2008.04.07 10:50:53.398,2.012,2.0124,0.40,0.10
2008.04.07 10:50:53.734,2.01175,2.0124,6.30,0.40
2008.04.07 10:50:54.066,2.01175,2.0124,1.60,0.40
2008.04.07 10:50:54.401,2.01175,2.0124,1.60,0.40
2008.04.07 10:50:54.735,2.01175,2.0124,1.60,0.40
2008.04.07 10:50:55.098,2.01175,2.0124,1.60,0.40
2008.04.07 10:50:55.355,2.01185,2.0124,0.10,0.10
2008.04.07 10:50:55.581,2.01185,2.0124,0.10,0.10
2008.04.07 10:50:55.815,2.0119,2.0124,0.40,0.10
2008.04.07 10:50:56.041,2.0119,2.0124,0.40,0.10
2008.04.07 10:50:56.340,2.01195,2.0124,0.10,0.10
2008.04.07 10:50:56.639,2.01195,2.0124,0.10,0.10
2008.04.07 10:50:56.938,2.0121,2.0124,0.40,0.10
2008.04.07 10:50:57.274,2.0119,2.0124,0.40,0.10
2008.04.07 10:50:57.554,2.0119,2.0124,0.40,0.10
2008.04.07 10:50:57.834,2.0119,2.0124,0.40,0.10
2008.04.07 10:50:58.113,2.0119,2.0124,0.40,0.10
2008.04.07 10:50:58.447,2.0119,2.0124,0.40,0.10
2008.04.07 10:50:58.782,2.0119,2.01235,0.40,4.00
2008.04.07 10:50:59.149,2.0119,2.0124,0.40,0.10
2008.04.07 10:50:59.379,2.0119,2.0124,0.40,0.10
2008.04.07 10:50:59.607,2.0119,2.0124,0.40,0.10
2008.04.07 10:50:59.836,2.0119,2.0124,0.40,0.40
2008.04.07 10:51:00.065,2.0119,2.0124,0.40,0.40
2008.04.07 10:51:00.294,2.0119,2.0124,0.40,0.40
2008.04.07 10:51:00.627,2.0119,2.0124,0.40,0.40
2008.04.07 10:51:00.963,2.0118,2.0123,0.40,0.10
2008.04.07 10:51:01.297,2.0118,2.0123,0.40,0.10
2008.04.07 10:51:01.525,2.0118,2.0123,0.40,0.10
2008.04.07 10:51:01.755,2.0118,2.0123,0.40,0.10
2008.04.07 10:51:01.983,2.0118,2.0123,0.40,0.10
2008.04.07 10:51:02.212,2.0118,2.0123,0.40,0.10
2008.04.07 10:51:02.441,2.0118,2.0123,0.40,0.10
2008.04.07 10:51:02.771,2.0118,2.0123,0.40,0.10
2008.04.07 10:51:03.139,2.0118,2.0123,0.50,0.10
2008.04.07 10:51:03.460,2.0118,2.0123,0.50,0.10
2008.04.07 10:51:03.796,2.012,2.0123,0.40,0.10
2008.04.07 10:51:04.132,2.012,2.0123,0.40,0.10
2008.04.07 10:51:04.467,2.01165,2.01225,4.80,1.00
2008.04.07 10:51:04.703,2.01165,2.01215,2.40,0.30
2008.04.07 10:51:04.939,2.01165,2.01225,2.40,9.80
2008.04.07 10:51:05.173,2.01165,2.0121,2.40,0.10
2008.04.07 10:51:05.408,2.0118,2.0121,0.40,0.10
2008.04.07 10:51:05.764,2.0118,2.0121,0.40,0.10
2008.04.07 10:51:06.071,2.0118,2.0123,0.40,0.40
2008.04.07 10:51:06.376,2.0118,2.0123,0.40,0.40
2008.04.07 10:51:06.631,2.0118,2.0123,0.40,0.40
2008.04.07 10:51:06.885,2.0118,2.0123,0.40,0.40
2008.04.07 10:51:07.140,2.0118,2.0123,0.40,0.40
2008.04.07 10:51:07.394,2.0118,2.0123,0.40,0.40
2008.04.07 10:51:07.694,2.0118,2.0123,0.40,0.40
2008.04.07 10:51:07.995,2.0118,2.0123,0.40,0.10
2008.04.07 10:51:08.336,2.0118,2.0123,0.40,0.40
2008.04.07 10:51:08.637,2.0118,2.0123,0.40,0.40
2008.04.07 10:51:08.977,2.0118,2.0123,0.40,0.40
2008.04.07 10:51:09.312,2.0118,2.0123,0.40,0.10
2008.04.07 10:51:09.646,2.0118,2.0123,0.40,0.10
2008.04.07 10:51:09.876,2.01185,2.0123,0.10,0.10
2008.04.07 10:51:10.105,2.01185,2.0123,1.60,0.10
2008.04.07 10:51:10.368,2.012,2.0123,0.40,0.10
2008.04.07 10:51:10.637,2.012,2.0123,0.40,0.10
2008.04.07 10:51:10.906,2.012,2.0123,0.40,0.10
2008.04.07 10:51:11.194,2.012,2.0123,0.40,0.10
2008.04.07 10:51:11.509,2.012,2.01245,0.40,2.40
2008.04.07 10:51:11.813,2.012,2.01245,0.40,2.40
2008.04.07 10:51:12.117,2.012,2.01245,0.40,2.40
2008.04.07 10:51:12.423,2.012,2.0124,0.40,0.30
2008.04.07 10:51:12.693,2.012,2.0124,0.40,0.30
2008.04.07 10:51:13.029,2.012,2.0123,0.40,0.10
2008.04.07 10:51:13.361,2.012,2.0123,0.40,0.10
2008.04.07 10:51:13.696,2.012,2.0123,0.40,0.10
2008.04.07 10:51:14.030,2.012,2.0123,0.40,0.10
2008.04.07 10:51:14.363,2.012,2.0123,0.40,0.10
2008.04.07 10:51:14.697,2.012,2.0123,0.40,0.10
2008.04.07 10:51:14.923,2.012,2.0123,0.40,0.10
2008.04.07 10:51:15.148,2.012,2.0123,0.40,0.10
2008.04.07 10:51:15.372,2.012,2.0123,0.40,0.10
2008.04.07 10:51:15.596,2.012,2.0123,0.40,0.10
2008.04.07 10:51:15.925,2.012,2.0123,0.40,0.10
2008.04.07 10:51:16.253,2.012,2.0123,0.40,0.10
2008.04.07 10:51:16.582,2.012,2.0123,0.40,0.10
2008.04.07 10:51:16.912,2.012,2.0123,0.40,0.10
2008.04.07 10:51:17.172,2.0118,2.0123,0.40,0.40
2008.04.07 10:51:17.432,2.0118,2.0123,0.40,0.40
2008.04.07 10:51:17.694,2.0118,2.0123,0.40,0.40
2008.04.07 10:51:18.034,2.0118,2.0123,0.40,0.40
2008.04.07 10:51:18.371,2.0118,2.0123,0.40,0.40
2008.04.07 10:51:18.706,2.0118,2.0123,0.40,0.40
2008.04.07 10:51:19.042,2.0118,2.0123,0.40,0.10
2008.04.07 10:51:19.377,2.0118,2.0123,0.40,0.10
2008.04.07 10:51:19.712,2.012,2.0123,0.40,0.10
2008.04.07 10:51:19.985,2.012,2.0123,0.40,0.10
2008.04.07 10:51:20.215,2.012,2.0123,0.40,0.10
2008.04.07 10:51:20.445,2.012,2.0123,0.40,0.10
2008.04.07 10:51:20.675,2.012,2.0123,0.40,0.10
2008.04.07 10:51:20.936,2.012,2.0123,0.40,0.10
2008.04.07 10:51:21.270,2.012,2.0123,0.40,0.10
2008.04.07 10:51:21.603,2.012,2.0123,0.40,0.10
2008.04.07 10:51:21.937,2.012,2.0123,0.40,0.10
2008.04.07 10:51:22.177,2.012,2.0123,0.40,0.10
2008.04.07 10:51:22.417,2.012,2.0123,0.40,0.10
2008.04.07 10:51:22.657,2.012,2.0123,0.40,0.10
2008.04.07 10:51:22.898,2.012,2.0123,0.40,0.10
2008.04.07 10:51:23.231,2.012,2.0123,0.40,0.10
2008.04.07 10:51:23.568,2.012,2.01245,0.40,0.80
2008.04.07 10:51:23.903,2.01205,2.0125,1.60,0.10
2008.04.07 10:51:24.277,2.0122,2.0125,0.40,0.10
2008.04.07 10:51:24.612,2.0122,2.0125,0.40,0.10
2008.04.07 10:51:24.947,2.01205,2.0126,1.60,0.30
2008.04.07 10:51:25.182,2.01205,2.0126,1.60,0.30
2008.04.07 10:51:25.419,2.01205,2.0126,1.60,0.30
2008.04.07 10:51:25.653,2.01205,2.0126,1.60,0.30
2008.04.07 10:51:25.886,2.01205,2.0126,1.60,0.30
2008.04.07 10:51:26.120,2.01205,2.0126,1.60,0.30
2008.04.07 10:51:26.455,2.01205,2.01265,1.60,2.40
2008.04.07 10:51:26.789,2.01205,2.01265,1.60,2.40
2008.04.07 10:51:27.123,2.01215,2.01265,1.60,2.40
2008.04.07 10:51:27.361,2.01215,2.01265,1.60,2.40
2008.04.07 10:51:27.639,2.0122,2.01265,0.40,2.40
2008.04.07 10:51:27.878,2.0122,2.01265,0.40,2.40
2008.04.07 10:51:28.117,2.01215,2.0126,1.60,0.30
2008.04.07 10:51:28.451,2.01205,2.0126,1.60,0.30
2008.04.07 10:51:28.785,2.01205,2.01265,1.60,2.40
2008.04.07 10:51:29.119,2.01205,2.01265,1.60,2.40
2008.04.07 10:51:29.452,2.01205,2.01265,1.60,2.40
2008.04.07 10:51:29.786,2.01205,2.01265,1.60,2.40
2008.04.07 10:51:30.120,2.01205,2.01265,1.60,2.40
2008.04.07 10:51:30.324,2.01205,2.01265,1.60,2.40
2008.04.07 10:51:30.534,2.01205,2.01265,1.60,2.40
2008.04.07 10:51:30.772,2.01205,2.01265,1.60,2.40
2008.04.07 10:51:31.015,2.01205,2.01265,1.60,2.40
2008.04.07 10:51:31.258,2.01205,2.01265,1.60,2.40
2008.04.07 10:51:31.597,2.0122,2.01265,0.40,2.40
2008.04.07 10:51:31.931,2.0122,2.01265,0.40,2.40
2008.04.07 10:51:32.265,2.0122,2.01265,0.40,2.40
2008.04.07 10:51:32.499,2.0122,2.01265,0.40,2.40
2008.04.07 10:51:32.722,2.0122,2.01265,0.40,2.40
2008.04.07 10:51:32.956,2.0122,2.01265,0.40,2.40
2008.04.07 10:51:33.182,2.0122,2.01245,0.40,2.40
2008.04.07 10:51:33.518,2.0122,2.01245,0.40,2.40
2008.04.07 10:51:33.852,2.0122,2.01245,0.40,2.40
2008.04.07 10:51:34.186,2.0122,2.01245,0.40,2.40
2008.04.07 10:51:34.402,2.0122,2.01245,0.40,2.40
2008.04.07 10:51:34.645,2.0122,2.01245,0.40,2.40
2008.04.07 10:51:34.898,2.0122,2.01245,0.40,2.40
2008.04.07 10:51:35.150,2.0122,2.01245,0.40,2.40
2008.04.07 10:51:35.403,2.0122,2.01245,0.40,2.40
2008.04.07 10:51:35.727,2.0122,2.01245,0.40,2.40
2008.04.07 10:51:36.055,2.0122,2.01245,0.40,2.40
2008.04.07 10:51:36.414,2.0122,2.01245,0.40,2.40
2008.04.07 10:51:36.698,2.0122,2.01245,0.40,2.40
2008.04.07 10:51:36.945,2.0122,2.01245,0.40,2.40
2008.04.07 10:51:37.196,2.01205,2.01245,1.60,2.40
2008.04.07 10:51:37.446,2.01205,2.01245,1.60,0.80
2008.04.07 10:51:37.689,2.01205,2.01245,1.60,0.80
2008.04.07 10:51:37.934,2.01205,2.01245,1.60,0.80
2008.04.07 10:51:38.179,2.01205,2.01245,1.60,0.80
2008.04.07 10:51:38.423,2.01205,2.01245,1.60,0.80
2008.04.07 10:51:38.758,2.01205,2.01245,1.60,0.80
2008.04.07 10:51:39.130,2.01205,2.01245,1.60,0.80
2008.04.07 10:51:39.466,2.01205,2.01245,1.60,0.80
2008.04.07 10:51:39.699,2.01205,2.01245,1.60,0.80
2008.04.07 10:51:39.934,2.01205,2.01245,1.60,0.80
2008.04.07 10:51:40.167,2.01205,2.01245,1.60,0.80
2008.04.07 10:51:40.401,2.01205,2.01245,1.60,0.80
2008.04.07 10:51:40.724,2.01205,2.01245,1.60,0.80
2008.04.07 10:51:41.048,2.01205,2.01245,1.60,0.80
2008.04.07 10:51:41.371,2.01205,2.01245,1.60,0.80
2008.04.07 10:51:41.698,2.01205,2.01245,1.60,0.80
2008.04.07 10:51:41.927,2.01205,2.01245,1.60,0.80
2008.04.07 10:51:42.157,2.01205,2.01245,1.60,0.80
2008.04.07 10:51:42.388,2.01205,2.01245,1.60,0.80
2008.04.07 10:51:42.648,2.01205,2.01245,1.60,0.80
2008.04.07 10:51:42.906,2.01205,2.01245,1.60,0.80
2008.04.07 10:51:43.166,2.01205,2.01245,1.60,0.80
2008.04.07 10:51:43.425,2.01205,2.01245,1.60,0.80
2008.04.07 10:51:43.759,2.01205,2.01245,1.60,0.80
2008.04.07 10:51:44.093,2.01205,2.01245,1.60,0.80
2008.04.07 10:51:44.426,2.01205,2.01245,1.60,0.80
2008.04.07 10:51:44.662,2.01205,2.01245,1.60,0.80
2008.04.07 10:51:44.894,2.01205,2.01245,1.60,0.80
2008.04.07 10:51:45.127,2.01205,2.01245,1.60,0.80
2008.04.07 10:51:45.361,2.01205,2.01245,1.60,0.80
2008.04.07 10:51:45.594,2.01205,2.01245,1.60,0.80
2008.04.07 10:51:45.929,2.01205,2.01245,1.60,0.80
2008.04.07 10:51:46.263,2.01225,2.01245,0.80,0.80
2008.04.07 10:51:46.598,2.01225,2.01245,0.80,0.80
2008.04.07 10:51:46.833,2.01225,2.01245,0.80,0.80
2008.04.07 10:51:47.067,2.01225,2.01245,0.80,0.80
2008.04.07 10:51:47.302,2.01225,2.01245,0.80,0.80
2008.04.07 10:51:47.537,2.01225,2.01245,0.80,0.80
2008.04.07 10:51:47.821,2.01225,2.01245,0.80,0.80
2008.04.07 10:51:48.106,2.01225,2.01245,0.80,0.80
2008.04.07 10:51:48.390,2.01225,2.01245,0.80,0.80
2008.04.07 10:51:48.676,2.0124,2.0128,0.40,0.30
2008.04.07 10:51:49.010,2.01225,2.0127,0.80,0.40
2008.04.07 10:51:49.345,2.01225,2.0125,0.80,0.10
2008.04.07 10:51:49.682,2.0124,2.0126,0.40,0.80
2008.04.07 10:51:49.931,2.01225,2.0126,0.80,0.80
2008.04.07 10:51:50.217,2.01225,2.0126,0.80,0.80
2008.04.07 10:51:50.466,2.01225,2.0127,0.80,1.10
2008.04.07 10:51:50.735,2.01225,2.0127,0.80,1.10
2008.04.07 10:51:51.032,2.01225,2.0127,0.80,1.10
2008.04.07 10:51:51.332,2.01225,2.0127,0.80,1.10
2008.04.07 10:51:51.633,2.01225,2.0127,0.80,1.10
2008.04.07 10:51:51.877,2.01225,2.0127,0.80,1.10
2008.04.07 10:51:52.122,2.01225,2.0127,0.80,1.10
2008.04.07 10:51:52.365,2.01225,2.0127,0.80,1.10
2008.04.07 10:51:52.637,2.01225,2.0127,0.80,1.10
2008.04.07 10:51:52.927,2.01225,2.0127,0.80,1.10
2008.04.07 10:51:53.226,2.01225,2.0127,0.80,1.10
2008.04.07 10:51:53.525,2.01225,2.0127,0.80,1.10
2008.04.07 10:51:53.826,2.01225,2.0127,0.80,1.10
2008.04.07 10:51:54.160,2.01225,2.01265,0.80,0.80
2008.04.07 10:51:54.496,2.01225,2.01265,0.80,1.60
2008.04.07 10:51:54.831,2.01225,2.01265,0.80,1.60
2008.04.07 10:51:55.066,2.0124,2.01265,0.40,1.60
2008.04.07 10:51:55.340,2.0124,2.01265,0.40,1.60
2008.04.07 10:51:55.572,2.0124,2.01265,0.40,1.60
2008.04.07 10:51:55.823,2.01225,2.0125,0.80,0.10
2008.04.07 10:51:56.147,2.0122,2.0125,0.40,0.10
2008.04.07 10:51:56.466,2.0122,2.0125,0.40,0.10
2008.04.07 10:51:56.790,2.012,2.01255,0.40,0.80
2008.04.07 10:51:57.016,2.01205,2.0126,1.60,0.30
2008.04.07 10:51:57.242,2.01205,2.01265,1.60,2.40
2008.04.07 10:51:57.465,2.01205,2.01265,1.60,2.40
2008.04.07 10:51:57.691,2.01205,2.01265,1.60,2.40
2008.04.07 10:51:57.913,2.01205,2.01265,1.60,2.40
2008.04.07 10:51:58.247,2.01205,2.01265,1.60,2.40
2008.04.07 10:51:58.583,2.01205,2.0126,1.60,0.30
2008.04.07 10:51:58.917,2.01205,2.0126,1.60,0.30
2008.04.07 10:51:59.254,2.012,2.0126,0.40,0.30
2008.04.07 10:51:59.587,2.012,2.0126,0.40,0.30
2008.04.07 10:51:59.921,2.012,2.0126,0.40,0.30
2008.04.07 10:52:00.175,2.012,2.0126,0.40,0.30
2008.04.07 10:52:00.427,2.012,2.0126,0.40,0.30
2008.04.07 10:52:00.612,2.012,2.0126,0.40,0.30
2008.04.07 10:52:00.832,2.012,2.0126,0.40,0.30
2008.04.07 10:52:01.051,2.012,2.0126,0.40,0.30
2008.04.07 10:52:01.376,2.012,2.0126,0.40,0.30
2008.04.07 10:52:01.700,2.012,2.0126,0.40,0.30
2008.04.07 10:52:02.024,2.012,2.0126,0.40,0.30
2008.04.07 10:52:02.263,2.012,2.0126,0.40,0.30
2008.04.07 10:52:02.501,2.012,2.0126,0.40,0.30
2008.04.07 10:52:02.741,2.012,2.0126,0.40,0.30
2008.04.07 10:52:02.981,2.012,2.0126,0.40,0.30
2008.04.07 10:52:03.315,2.012,2.0126,0.40,0.30
2008.04.07 10:52:03.649,2.012,2.0126,0.40,0.30
2008.04.07 10:52:03.984,2.012,2.0126,0.40,0.30
2008.04.07 10:52:04.318,2.012,2.0126,0.40,0.30
2008.04.07 10:52:04.652,2.012,2.0126,0.40,0.30
2008.04.07 10:52:04.990,2.012,2.0126,0.40,0.30
2008.04.07 10:52:05.252,2.012,2.0126,0.40,0.30
2008.04.07 10:52:05.498,2.012,2.0126,0.40,0.30
2008.04.07 10:52:05.747,2.012,2.0126,0.40,0.30
2008.04.07 10:52:05.997,2.012,2.0126,0.40,0.30
2008.04.07 10:52:06.320,2.012,2.0126,0.40,0.30
2008.04.07 10:52:06.683,2.012,2.0126,0.40,0.30
2008.04.07 10:52:07.046,2.012,2.0126,0.40,0.30
2008.04.07 10:52:07.275,2.012,2.0126,0.40,0.30
2008.04.07 10:52:07.503,2.012,2.0126,0.40,0.30
2008.04.07 10:52:07.732,2.012,2.0126,0.40,0.30
2008.04.07 10:52:07.961,2.012,2.0126,0.40,0.30
2008.04.07 10:52:08.190,2.012,2.0126,0.40,0.30
2008.04.07 10:52:08.525,2.012,2.0126,0.40,0.30
2008.04.07 10:52:08.859,2.012,2.0126,0.40,0.30
2008.04.07 10:52:09.192,2.012,2.0126,0.40,0.30
2008.04.07 10:52:09.526,2.012,2.0126,0.40,0.30
2008.04.07 10:52:09.860,2.012,2.0126,0.40,0.30
2008.04.07 10:52:10.194,2.012,2.0126,0.40,0.30
2008.04.07 10:52:10.408,2.012,2.0126,0.40,0.30
2008.04.07 10:52:10.622,2.012,2.0126,0.40,0.30
2008.04.07 10:52:10.836,2.012,2.0126,0.40,0.30
2008.04.07 10:52:11.050,2.012,2.0126,0.40,0.30
2008.04.07 10:52:11.384,2.012,2.0126,0.40,0.30
2008.04.07 10:52:11.718,2.012,2.0126,0.40,0.30
2008.04.07 10:52:12.053,2.012,2.0126,0.40,0.30
2008.04.07 10:52:12.288,2.012,2.0126,0.40,0.30
2008.04.07 10:52:12.548,2.012,2.0126,0.40,0.30
2008.04.07 10:52:12.777,2.012,2.0126,0.40,0.30
2008.04.07 10:52:13.046,2.012,2.0126,0.40,0.30
2008.04.07 10:52:13.379,2.012,2.0126,0.40,0.30
2008.04.07 10:52:13.714,2.012,2.0126,0.40,0.30
2008.04.07 10:52:14.048,2.012,2.0126,0.40,0.30
2008.04.07 10:52:14.383,2.012,2.0126,0.40,0.30
2008.04.07 10:52:14.720,2.012,2.0126,0.40,0.30
2008.04.07 10:52:15.055,2.012,2.0126,0.40,0.30
2008.04.07 10:52:15.398,2.01205,2.01265,0.10,2.40
2008.04.07 10:52:15.670,2.01205,2.01265,0.10,2.40
2008.04.07 10:52:15.904,2.01205,2.01265,0.10,2.40
2008.04.07 10:52:16.138,2.01205,2.01265,0.10,2.40
2008.04.07 10:52:16.451,2.01205,2.01265,0.10,2.40
2008.04.07 10:52:16.765,2.01205,2.01265,0.10,2.40
2008.04.07 10:52:17.078,2.01205,2.01265,0.10,2.40
2008.04.07 10:52:17.429,2.01205,2.01265,0.10,2.40
2008.04.07 10:52:17.668,2.01205,2.01265,0.10,2.40
2008.04.07 10:52:17.937,2.01205,2.01265,0.10,2.40
2008.04.07 10:52:18.214,2.01205,2.01265,0.10,2.40
2008.04.07 10:52:18.548,2.01205,2.01265,0.10,2.40
2008.04.07 10:52:18.882,2.012,2.0126,0.40,0.30
2008.04.07 10:52:19.218,2.012,2.01265,0.50,1.80
2008.04.07 10:52:19.578,2.012,2.0126,0.40,0.30
2008.04.07 10:52:19.897,2.012,2.0126,0.40,0.30
2008.04.07 10:52:20.216,2.012,2.0126,0.40,0.30
2008.04.07 10:52:20.462,2.012,2.0126,0.40,0.30
2008.04.07 10:52:20.751,2.012,2.0126,0.40,0.30
2008.04.07 10:52:21.025,2.012,2.0126,0.40,0.30
2008.04.07 10:52:21.307,2.012,2.0126,0.40,0.30
2008.04.07 10:52:21.588,2.012,2.01265,0.50,3.40
2008.04.07 10:52:21.866,2.012,2.01265,0.50,2.60
2008.04.07 10:52:22.146,2.012,2.0126,0.40,0.30
2008.04.07 10:52:22.426,2.012,2.0126,0.40,0.30
2008.04.07 10:52:22.707,2.012,2.0126,0.40,0.30
2008.04.07 10:52:22.987,2.012,2.0126,0.40,0.30
2008.04.07 10:52:23.267,2.012,2.0126,0.40,0.30
2008.04.07 10:52:23.545,2.012,2.0126,0.40,0.30
2008.04.07 10:52:23.883,2.012,2.0126,0.40,0.30
2008.04.07 10:52:24.219,2.012,2.0126,0.40,0.30
2008.04.07 10:52:24.555,2.012,2.0126,0.40,0.30
2008.04.07 10:52:24.784,2.012,2.0126,0.40,0.30
2008.04.07 10:52:25.035,2.012,2.0126,0.40,0.30
2008.04.07 10:52:25.290,2.012,2.0126,0.40,0.30
2008.04.07 10:52:25.540,2.012,2.0126,0.40,0.30
2008.04.07 10:52:25.790,2.012,2.0126,0.40,0.30
2008.04.07 10:52:26.138,2.012,2.0126,0.40,0.30
2008.04.07 10:52:26.471,2.012,2.0126,0.40,0.30
2008.04.07 10:52:26.805,2.012,2.0126,0.40,0.30
2008.04.07 10:52:27.029,2.012,2.0126,0.40,0.30
2008.04.07 10:52:27.252,2.012,2.0126,0.40,0.30
2008.04.07 10:52:27.504,2.012,2.0126,0.40,0.30
2008.04.07 10:52:27.726,2.012,2.0126,0.40,0.30
2008.04.07 10:52:28.096,2.012,2.0126,0.40,0.30
2008.04.07 10:52:28.415,2.012,2.0126,0.40,0.30
2008.04.07 10:52:28.734,2.012,2.0126,0.40,0.30
2008.04.07 10:52:29.069,2.012,2.0126,0.40,0.30
2008.04.07 10:52:29.403,2.012,2.0126,0.40,0.30
2008.04.07 10:52:29.737,2.012,2.0126,0.40,0.30
2008.04.07 10:52:29.977,2.012,2.0126,0.40,0.30
2008.04.07 10:52:30.217,2.012,2.0126,0.40,0.30
2008.04.07 10:52:30.457,2.012,2.0126,0.40,0.30
2008.04.07 10:52:30.700,2.012,2.0126,0.40,0.30
2008.04.07 10:52:31.011,2.012,2.0126,0.40,0.30
2008.04.07 10:52:31.324,2.012,2.0126,0.40,0.30
2008.04.07 10:52:31.597,2.012,2.0126,0.40,0.30
2008.04.07 10:52:31.907,2.012,2.0126,0.40,0.30
2008.04.07 10:52:32.223,2.012,2.0126,0.40,0.30
2008.04.07 10:52:32.456,2.012,2.0126,0.40,0.30
2008.04.07 10:52:32.731,2.012,2.0126,0.40,0.30
2008.04.07 10:52:33.064,2.012,2.0126,0.40,0.30
2008.04.07 10:52:33.398,2.012,2.0126,0.40,0.30
2008.04.07 10:52:33.732,2.012,2.0126,0.40,0.30
2008.04.07 10:52:34.066,2.012,2.0126,0.40,0.30
2008.04.07 10:52:34.400,2.012,2.0126,0.40,0.30
2008.04.07 10:52:34.734,2.012,2.0126,0.40,0.30
2008.04.07 10:52:35.082,2.012,2.0126,0.40,0.30
2008.04.07 10:52:35.355,2.012,2.0126,0.40,0.30
2008.04.07 10:52:35.619,2.012,2.0126,0.40,0.30
2008.04.07 10:52:35.847,2.012,2.0126,0.40,0.30
2008.04.07 10:52:36.136,2.012,2.0126,0.40,0.30
2008.04.07 10:52:36.425,2.012,2.0126,0.40,0.30
2008.04.07 10:52:36.714,2.012,2.0126,0.40,0.30
2008.04.07 10:52:37.003,2.012,2.01255,0.40,0.30
2008.04.07 10:52:37.232,2.012,2.01255,0.40,0.30
2008.04.07 10:52:37.460,2.012,2.01255,0.40,0.30
2008.04.07 10:52:37.692,2.012,2.01255,0.40,0.30
2008.04.07 10:52:37.920,2.012,2.01255,0.40,0.30
2008.04.07 10:52:38.253,2.012,2.01255,0.40,0.30
2008.04.07 10:52:38.589,2.012,2.01255,0.40,0.30
2008.04.07 10:52:38.924,2.012,2.01255,0.40,0.30
2008.04.07 10:52:39.280,2.012,2.01255,0.40,0.30
2008.04.07 10:52:39.638,2.012,2.01255,0.40,0.30
2008.04.07 10:52:39.989,2.012,2.01255,0.40,0.30
2008.04.07 10:52:40.244,2.012,2.01255,0.40,0.30
2008.04.07 10:52:40.498,2.012,2.01255,0.40,0.30
2008.04.07 10:52:40.718,2.012,2.01255,0.40,0.30
2008.04.07 10:52:40.936,2.012,2.01255,0.40,0.30
2008.04.07 10:52:41.156,2.012,2.01255,0.40,0.30
2008.04.07 10:52:41.480,2.012,2.01255,0.40,0.30
2008.04.07 10:52:41.804,2.012,2.01255,0.40,0.30
2008.04.07 10:52:42.129,2.012,2.01255,0.40,0.30
2008.04.07 10:52:42.367,2.012,2.01255,0.40,0.30
2008.04.07 10:52:42.607,2.01205,2.0126,0.80,1.00
2008.04.07 10:52:42.850,2.0123,2.01265,0.40,2.40
2008.04.07 10:52:43.091,2.0125,2.01265,0.40,1.60
2008.04.07 10:52:43.427,2.0125,2.01265,0.40,0.80
2008.04.07 10:52:43.801,2.0124,2.0128,0.40,0.80
2008.04.07 10:52:44.135,2.0124,2.01275,0.40,2.40
2008.04.07 10:52:44.471,2.0122,2.01275,0.40,0.80
2008.04.07 10:52:44.807,2.0122,2.0127,0.40,0.30
2008.04.07 10:52:45.143,2.01205,2.0126,4.00,0.30
2008.04.07 10:52:45.373,2.01205,2.0127,4.00,0.30
2008.04.07 10:52:45.641,2.01205,2.0127,4.00,0.30
2008.04.07 10:52:45.869,2.01205,2.0127,4.00,1.00
2008.04.07 10:52:46.099,2.0122,2.0127,0.40,1.10
2008.04.07 10:52:46.434,2.0122,2.0127,0.40,1.10
2008.04.07 10:52:46.769,2.0122,2.0127,0.40,1.10
2008.04.07 10:52:47.104,2.0122,2.0127,0.40,1.10
2008.04.07 10:52:47.334,2.0122,2.0127,0.40,1.10
2008.04.07 10:52:47.564,2.01205,2.0126,2.40,0.30
2008.04.07 10:52:47.795,2.01205,2.01265,2.40,8.00
2008.04.07 10:52:48.024,2.01205,2.01265,1.60,4.80
2008.04.07 10:52:48.255,2.01215,2.01265,0.10,8.80
2008.04.07 10:52:48.629,2.0122,2.01265,0.40,6.40
2008.04.07 10:52:48.963,2.0122,2.01265,0.40,6.60
2008.04.07 10:52:49.297,2.0122,2.0126,0.40,0.80
2008.04.07 10:52:49.633,2.0121,2.01255,0.40,0.30
2008.04.07 10:52:49.967,2.0121,2.01255,0.40,0.30
2008.04.07 10:52:50.337,2.01195,2.0124,2.40,0.10
2008.04.07 10:52:50.562,2.01195,2.0124,2.40,0.10
2008.04.07 10:52:50.790,2.01195,2.0124,2.40,0.10
2008.04.07 10:52:51.012,2.01195,2.0124,2.40,0.10
2008.04.07 10:52:51.240,2.01195,2.0124,4.00,0.10
2008.04.07 10:52:51.464,2.01195,2.0124,4.00,0.10
2008.04.07 10:52:51.800,2.0121,2.0126,0.40,0.10
2008.04.07 10:52:52.135,2.0121,2.0125,0.40,0.10
2008.04.07 10:52:52.470,2.0121,2.0125,0.40,0.10
2008.04.07 10:52:52.728,2.0121,2.0125,0.40,0.10
2008.04.07 10:52:53.029,2.0121,2.0125,0.40,0.10
2008.04.07 10:52:53.288,2.0121,2.0125,0.40,0.10
2008.04.07 10:52:53.548,2.0121,2.0125,0.40,0.10
2008.04.07 10:52:53.882,2.012,2.0125,0.40,0.10
2008.04.07 10:52:54.217,2.012,2.0125,0.40,0.10
2008.04.07 10:52:54.551,2.012,2.0125,0.40,0.10
2008.04.07 10:52:54.785,2.012,2.0125,0.40,0.10
2008.04.07 10:52:55.019,2.012,2.0125,0.40,0.10
2008.04.07 10:52:55.255,2.0121,2.0125,0.10,0.10
2008.04.07 10:52:55.489,2.01205,2.0125,1.60,0.10
2008.04.07 10:52:55.826,2.012,2.0125,0.50,0.10
2008.04.07 10:52:56.162,2.012,2.0125,0.40,0.10
2008.04.07 10:52:56.496,2.012,2.0125,0.40,0.40
2008.04.07 10:52:56.731,2.01195,2.0124,4.00,0.10
2008.04.07 10:52:56.965,2.01195,2.0124,4.00,0.10
2008.04.07 10:52:57.201,2.01195,2.0124,2.40,0.10
2008.04.07 10:52:57.472,2.01195,2.0124,2.40,0.10
2008.04.07 10:52:57.782,2.01195,2.0124,2.40,0.10
2008.04.07 10:52:58.093,2.01195,2.01235,2.40,0.30
2008.04.07 10:52:58.405,2.01195,2.0123,2.40,0.10
2008.04.07 10:52:58.741,2.012,2.0123,0.40,0.10
2008.04.07 10:52:59.078,2.012,2.0123,0.40,0.10
2008.04.07 10:52:59.414,2.012,2.0124,0.40,1.00
2008.04.07 10:52:59.648,2.012,2.0124,0.40,0.80
2008.04.07 10:52:59.883,2.0121,2.0124,0.40,0.80
2008.04.07 10:53:00.120,2.0121,2.0124,0.40,0.90
2008.04.07 10:53:00.354,2.0119,2.0124,0.40,0.90
2008.04.07 10:53:00.590,2.0119,2.01225,0.40,1.80
2008.04.07 10:53:00.922,2.0121,2.01225,0.40,2.40
2008.04.07 10:53:01.288,2.0119,2.0122,0.40,0.10
2008.04.07 10:53:01.618,2.0119,2.01235,0.40,4.00
2008.04.07 10:53:01.857,2.0119,2.01235,0.40,4.00
2008.04.07 10:53:02.096,2.0119,2.01235,0.40,4.00
2008.04.07 10:53:02.335,2.0121,2.0124,0.40,0.10
2008.04.07 10:53:02.576,2.0121,2.0124,0.40,0.10
2008.04.07 10:53:02.885,2.0121,2.0124,0.40,0.10
2008.04.07 10:53:03.248,2.0121,2.0124,0.40,0.10
2008.04.07 10:53:03.552,2.0121,2.0124,0.40,0.10
2008.04.07 10:53:03.887,2.0121,2.0124,0.40,0.10
2008.04.07 10:53:04.223,2.0121,2.0124,0.40,0.10
2008.04.07 10:53:04.557,2.0123,2.0126,0.40,0.90
2008.04.07 10:53:04.907,2.0123,2.0126,0.40,0.10
2008.04.07 10:53:05.170,2.0123,2.0126,0.40,0.10
2008.04.07 10:53:05.396,2.0123,2.0126,0.40,0.10
2008.04.07 10:53:05.621,2.0123,2.0126,0.40,0.10
2008.04.07 10:53:05.956,2.0123,2.0126,0.40,0.10
2008.04.07 10:53:06.292,2.0123,2.0126,0.40,0.10
2008.04.07 10:53:06.626,2.0123,2.0126,0.40,0.10
2008.04.07 10:53:06.850,2.0123,2.0126,0.40,0.10
2008.04.07 10:53:07.074,2.0123,2.0126,0.40,0.10
2008.04.07 10:53:07.300,2.0123,2.0126,0.40,0.10
2008.04.07 10:53:07.526,2.0123,2.0126,0.40,0.10
2008.04.07 10:53:07.751,2.0123,2.0126,0.40,0.10
2008.04.07 10:53:08.087,2.01235,2.0126,1.60,0.10
2008.04.07 10:53:08.423,2.0125,2.0128,0.40,0.10
2008.04.07 10:53:08.758,2.0125,2.0128,0.40,0.10
2008.04.07 10:53:09.130,2.0125,2.01295,0.40,1.60
2008.04.07 10:53:09.467,2.0125,2.013,0.40,0.10
2008.04.07 10:53:09.802,2.01245,2.013,1.60,0.40
2008.04.07 10:53:10.027,2.01245,2.013,1.60,0.10
2008.04.07 10:53:10.252,2.01275,2.013,1.60,0.10
2008.04.07 10:53:10.477,2.01275,2.01305,2.40,1.60
2008.04.07 10:53:10.701,2.013,2.0132,0.40,0.10
2008.04.07 10:53:11.022,2.013,2.0132,0.40,0.10
2008.04.07 10:53:11.343,2.013,2.0133,0.40,0.80
2008.04.07 10:53:11.693,2.013,2.0133,0.40,0.80
2008.04.07 10:53:11.933,2.0131,2.0133,0.40,0.80
2008.04.07 10:53:12.170,2.0131,2.0135,0.40,0.90
2008.04.07 10:53:12.407,2.0132,2.0135,0.40,0.90
2008.04.07 10:53:12.641,2.0132,2.0135,0.40,0.10
2008.04.07 10:53:12.876,2.0132,2.0135,0.40,0.10
2008.04.07 10:53:13.208,2.0132,2.0135,0.40,0.10
2008.04.07 10:53:13.539,2.0131,2.0135,0.40,0.10
2008.04.07 10:53:13.870,2.01305,2.0135,1.60,0.10
2008.04.07 10:53:14.207,2.0132,2.0135,0.40,0.10
2008.04.07 10:53:14.541,2.0132,2.0135,0.40,0.10
2008.04.07 10:53:14.877,2.0132,2.0135,0.40,0.10
2008.04.07 10:53:15.105,2.0132,2.0135,0.40,0.10
2008.04.07 10:53:15.339,2.0132,2.0135,0.40,0.10
2008.04.07 10:53:15.570,2.0132,2.0135,0.40,0.10
2008.04.07 10:53:15.838,2.01315,2.0135,1.60,0.10
2008.04.07 10:53:16.115,2.01315,2.0135,1.60,0.10
2008.04.07 10:53:16.406,2.0133,2.01365,0.40,0.80
2008.04.07 10:53:16.708,2.0133,2.01365,0.40,0.80
2008.04.07 10:53:17.002,2.0133,2.01365,0.40,0.80
2008.04.07 10:53:17.324,2.0133,2.01365,0.40,0.80
2008.04.07 10:53:17.623,2.0133,2.0137,0.40,0.90
2008.04.07 10:53:17.922,2.0133,2.0137,0.40,0.90
2008.04.07 10:53:18.256,2.01335,2.0137,1.60,0.10
2008.04.07 10:53:18.652,2.01335,2.0137,1.60,0.10
2008.04.07 10:53:18.929,2.0134,2.01385,0.40,1.00
2008.04.07 10:53:19.290,2.0134,2.01385,0.40,0.30
2008.04.07 10:53:19.626,2.0134,2.01385,0.40,0.30
2008.04.07 10:53:19.962,2.0134,2.01385,0.40,0.30
2008.04.07 10:53:20.222,2.0134,2.01385,0.40,0.30
2008.04.07 10:53:20.486,2.0134,2.01385,0.40,0.30
2008.04.07 10:53:20.671,2.0134,2.01385,0.40,0.30
2008.04.07 10:53:20.937,2.0134,2.01385,0.40,0.30
2008.04.07 10:53:21.160,2.0134,2.0139,0.40,0.90
2008.04.07 10:53:21.439,2.0135,2.01385,0.40,4.20
2008.04.07 10:53:21.740,2.0135,2.0139,0.40,0.40
2008.04.07 10:53:22.041,2.0133,2.0139,0.40,0.40
2008.04.07 10:53:22.321,2.0133,2.0139,0.40,0.40
2008.04.07 10:53:22.594,2.01335,2.0139,1.60,0.40
2008.04.07 10:53:22.860,2.01335,2.0139,1.60,0.40
2008.04.07 10:53:23.124,2.01335,2.0139,1.60,0.40
2008.04.07 10:53:23.458,2.01335,2.0139,1.60,0.40
2008.04.07 10:53:23.792,2.0135,2.0139,0.40,0.40
2008.04.07 10:53:24.127,2.0135,2.0139,0.40,0.40
2008.04.07 10:53:24.461,2.0135,2.0139,0.40,0.40
2008.04.07 10:53:24.797,2.0135,2.0139,0.40,0.40
2008.04.07 10:53:25.131,2.0134,2.0137,0.40,0.30
2008.04.07 10:53:25.357,2.0134,2.0137,0.40,0.10
2008.04.07 10:53:25.582,2.0133,2.01365,0.40,0.30
2008.04.07 10:53:25.806,2.0133,2.0136,0.40,0.10
2008.04.07 10:53:26.031,2.0133,2.0136,0.40,0.10
2008.04.07 10:53:26.341,2.0133,2.0138,0.40,0.40
2008.04.07 10:53:26.653,2.0131,2.01365,0.40,0.30
2008.04.07 10:53:26.961,2.0131,2.01365,0.40,0.30
2008.04.07 10:53:27.270,2.0131,2.01365,0.40,0.30
2008.04.07 10:53:27.524,2.0131,2.01365,0.40,0.30
2008.04.07 10:53:27.779,2.0131,2.01365,0.40,0.30
2008.04.07 10:53:28.032,2.0131,2.01365,0.40,0.30
2008.04.07 10:53:28.287,2.0131,2.0136,0.40,0.30
2008.04.07 10:53:28.621,2.0131,2.0136,0.40,0.30
2008.04.07 10:53:28.955,2.0131,2.0136,0.40,0.30
2008.04.07 10:53:29.288,2.0131,2.0136,0.40,0.30
2008.04.07 10:53:29.623,2.0131,2.0136,0.40,0.30
2008.04.07 10:53:29.957,2.0131,2.0136,0.40,0.30
2008.04.07 10:53:30.290,2.0131,2.0136,0.40,0.30
2008.04.07 10:53:30.514,2.0131,2.0136,0.40,0.30
2008.04.07 10:53:30.738,2.0131,2.0136,0.40,0.30
2008.04.07 10:53:30.964,2.0131,2.0136,0.40,0.30
2008.04.07 10:53:31.201,2.0131,2.0136,0.40,0.30
2008.04.07 10:53:31.518,2.0131,2.0136,0.40,0.30
2008.04.07 10:53:31.835,2.0131,2.0136,0.40,0.30
2008.04.07 10:53:32.150,2.0131,2.0136,0.40,0.30
2008.04.07 10:53:32.466,2.0131,2.0136,0.40,0.30
2008.04.07 10:53:32.731,2.0131,2.0136,0.40,0.30
2008.04.07 10:53:32.996,2.0131,2.0136,0.40,0.30
2008.04.07 10:53:33.261,2.0131,2.0136,0.40,0.30
2008.04.07 10:53:33.594,2.0131,2.0136,0.40,0.30
2008.04.07 10:53:33.929,2.0131,2.0136,0.40,0.30
2008.04.07 10:53:34.262,2.0131,2.0136,0.40,0.30
2008.04.07 10:53:34.598,2.0131,2.0136,0.40,0.30
2008.04.07 10:53:34.932,2.0131,2.0136,0.40,0.30
2008.04.07 10:53:35.266,2.0131,2.0136,0.40,0.30
2008.04.07 10:53:35.495,2.0131,2.0136,0.40,0.30
2008.04.07 10:53:35.724,2.0131,2.0136,0.40,0.30
2008.04.07 10:53:35.953,2.0131,2.0136,0.40,0.30
2008.04.07 10:53:36.182,2.0131,2.0136,0.40,0.30
2008.04.07 10:53:36.440,2.0131,2.0136,0.40,0.30
2008.04.07 10:53:36.786,2.0131,2.0136,0.40,0.30
2008.04.07 10:53:37.134,2.0131,2.0136,0.40,0.30
2008.04.07 10:53:37.444,2.0131,2.0136,0.40,0.30
2008.04.07 10:53:37.738,2.0131,2.0136,0.40,0.30
2008.04.07 10:53:37.992,2.0131,2.0136,0.40,0.30
2008.04.07 10:53:38.286,2.0131,2.0136,0.40,0.30
2008.04.07 10:53:38.629,2.0131,2.0136,0.40,0.30
2008.04.07 10:53:38.998,2.0131,2.0136,0.40,0.30
2008.04.07 10:53:39.371,2.0131,2.0136,0.40,0.30
2008.04.07 10:53:39.625,2.0131,2.0136,0.40,0.30
2008.04.07 10:53:39.878,2.0131,2.0136,0.40,0.30
2008.04.07 10:53:40.132,2.0131,2.0136,0.40,0.30
2008.04.07 10:53:40.388,2.0131,2.0136,0.40,0.30
2008.04.07 10:53:40.666,2.0131,2.0136,0.40,0.30
2008.04.07 10:53:40.945,2.0131,2.0136,0.40,0.30
2008.04.07 10:53:41.224,2.0131,2.0136,0.40,0.30
2008.04.07 10:53:41.504,2.0131,2.0136,0.40,0.30
2008.04.07 10:53:41.784,2.0131,2.0136,0.40,0.30
2008.04.07 10:53:42.079,2.0131,2.0136,0.40,0.30
2008.04.07 10:53:42.362,2.0131,2.0136,0.40,0.30
2008.04.07 10:53:42.571,2.0131,2.0136,0.40,0.30
2008.04.07 10:53:42.905,2.0131,2.0135,0.40,0.30
2008.04.07 10:53:43.200,2.0131,2.0136,0.40,0.30
2008.04.07 10:53:43.496,2.0131,2.0136,0.40,0.30
2008.04.07 10:53:43.830,2.0131,2.0136,0.40,0.30
2008.04.07 10:53:44.164,2.0131,2.0136,0.40,0.30
2008.04.07 10:53:44.497,2.0131,2.0136,0.40,0.30
2008.04.07 10:53:44.830,2.0131,2.0136,0.40,0.30
2008.04.07 10:53:45.059,2.0131,2.0136,0.40,0.30
2008.04.07 10:53:45.326,2.0131,2.0136,0.40,0.30
2008.04.07 10:53:45.556,2.0131,2.0136,0.40,0.30
2008.04.07 10:53:45.777,2.0131,2.0136,0.40,0.40
2008.04.07 10:53:46.111,2.0131,2.0136,0.40,0.40
2008.04.07 10:53:46.447,2.0131,2.0136,0.40,0.40
2008.04.07 10:53:46.780,2.0131,2.0136,0.40,0.40
2008.04.07 10:53:47.008,2.0131,2.0136,0.40,0.40
2008.04.07 10:53:47.233,2.0131,2.0136,0.40,0.40
2008.04.07 10:53:47.497,2.0131,2.0136,0.40,0.40
2008.04.07 10:53:47.748,2.0131,2.0136,0.40,0.40
2008.04.07 10:53:48.082,2.0131,2.0136,0.40,0.40
2008.04.07 10:53:48.415,2.0131,2.0136,0.40,0.40
2008.04.07 10:53:48.750,2.0131,2.0136,0.40,0.40
2008.04.07 10:53:49.084,2.0131,2.0136,0.40,0.40
2008.04.07 10:53:49.419,2.0131,2.0136,0.40,0.40
2008.04.07 10:53:49.789,2.0131,2.0136,0.40,0.40
2008.04.07 10:53:50.091,2.0131,2.0136,0.40,0.40
2008.04.07 10:53:50.325,2.0131,2.0136,0.40,0.40
2008.04.07 10:53:50.562,2.0131,2.01355,0.40,0.30
2008.04.07 10:53:50.798,2.0131,2.01355,0.40,0.30
2008.04.07 10:53:51.103,2.0131,2.01355,0.40,0.30
2008.04.07 10:53:51.409,2.0131,2.01355,0.40,0.30
2008.04.07 10:53:51.716,2.0131,2.01355,0.40,0.30
2008.04.07 10:53:52.020,2.0131,2.01355,0.40,0.30
2008.04.07 10:53:52.326,2.0131,2.01355,0.40,0.30
2008.04.07 10:53:52.631,2.0131,2.0136,0.40,0.40
2008.04.07 10:53:52.935,2.0131,2.0136,0.40,0.40
2008.04.07 10:53:53.272,2.0131,2.0135,0.40,0.30
2008.04.07 10:53:53.637,2.0131,2.01355,0.40,4.20
2008.04.07 10:53:53.973,2.013,2.0134,0.40,0.10
2008.04.07 10:53:54.307,2.013,2.0134,0.40,0.10
2008.04.07 10:53:54.643,2.01305,2.0133,2.40,0.10
2008.04.07 10:53:54.979,2.0132,2.0136,0.40,0.40
2008.04.07 10:53:55.203,2.0131,2.0135,0.40,0.10
2008.04.07 10:53:55.427,2.0131,2.0135,0.40,0.10
2008.04.07 10:53:55.653,2.0131,2.0134,0.40,0.30
2008.04.07 10:53:55.878,2.0129,2.0134,0.40,0.30
2008.04.07 10:53:56.102,2.0129,2.0134,0.40,0.30
2008.04.07 10:53:56.462,2.0129,2.01345,0.40,3.20
2008.04.07 10:53:56.782,2.01275,2.01325,1.60,0.30
2008.04.07 10:53:57.102,2.0128,2.0133,0.40,0.10
2008.04.07 10:53:57.340,2.0128,2.01335,0.40,1.80
2008.04.07 10:53:57.570,2.0128,2.01335,0.40,1.80
2008.04.07 10:53:57.838,2.0128,2.0133,0.40,0.30
2008.04.07 10:53:58.068,2.0128,2.01325,0.40,1.60
2008.04.07 10:53:58.405,2.0128,2.0132,0.40,0.30
2008.04.07 10:53:58.741,2.0128,2.0132,0.40,0.30
2008.04.07 10:53:59.116,2.0128,2.01325,0.40,1.60
2008.04.07 10:53:59.457,2.0128,2.01325,0.40,1.60
2008.04.07 10:53:59.800,2.0128,2.01325,0.40,1.60
2008.04.07 10:54:00.162,2.0128,2.01325,0.40,1.60
2008.04.07 10:54:00.417,2.0128,2.01325,0.40,1.60
2008.04.07 10:54:00.684,2.0128,2.01325,0.40,1.60
2008.04.07 10:54:00.953,2.0128,2.01325,0.40,1.60
2008.04.07 10:54:01.204,2.0128,2.01325,0.40,1.60
2008.04.07 10:54:01.548,2.0128,2.01325,0.40,1.60
2008.04.07 10:54:01.874,2.0128,2.01325,0.40,1.60
2008.04.07 10:54:02.201,2.0128,2.01325,0.40,1.60
2008.04.07 10:54:02.469,2.0128,2.01325,0.40,1.60
2008.04.07 10:54:02.740,2.0128,2.01325,0.40,1.60
2008.04.07 10:54:02.974,2.0128,2.01325,0.40,1.60
2008.04.07 10:54:03.247,2.0128,2.01325,0.40,1.60
2008.04.07 10:54:03.580,2.0128,2.01325,0.40,1.60
2008.04.07 10:54:03.914,2.0128,2.01325,0.40,1.60
2008.04.07 10:54:04.248,2.0128,2.01325,0.40,1.60
2008.04.07 10:54:04.582,2.0128,2.01325,0.40,1.60
2008.04.07 10:54:04.933,2.0128,2.01325,0.40,1.60
2008.04.07 10:54:05.305,2.0128,2.01325,0.40,1.60
2008.04.07 10:54:05.557,2.0128,2.01325,0.40,1.60
2008.04.07 10:54:05.809,2.0128,2.01325,0.40,1.60
2008.04.07 10:54:05.985,2.0128,2.01325,0.40,1.60
2008.04.07 10:54:06.199,2.0128,2.01325,0.40,1.60
2008.04.07 10:54:06.413,2.0128,2.01325,0.40,1.60
2008.04.07 10:54:06.727,2.0128,2.01325,0.40,1.60
2008.04.07 10:54:07.042,2.0128,2.0132,0.40,0.30
2008.04.07 10:54:07.359,2.0128,2.0132,0.40,0.30
2008.04.07 10:54:07.595,2.0127,2.0132,0.40,0.40
2008.04.07 10:54:07.830,2.0128,2.0132,0.40,0.30
2008.04.07 10:54:08.065,2.0128,2.01325,0.40,5.60
2008.04.07 10:54:08.330,2.0128,2.01325,0.40,1.60
2008.04.07 10:54:08.664,2.0129,2.01325,0.40,1.60
2008.04.07 10:54:08.998,2.0129,2.01325,0.40,1.60
2008.04.07 10:54:09.333,2.0129,2.01325,0.40,1.60
2008.04.07 10:54:09.574,2.0127,2.0132,0.40,0.40
2008.04.07 10:54:09.814,2.0128,2.01325,0.40,5.60
2008.04.07 10:54:10.053,2.0128,2.01325,0.40,5.60
2008.04.07 10:54:10.318,2.0128,2.01325,0.40,5.60
2008.04.07 10:54:10.593,2.0128,2.01325,0.40,5.60
2008.04.07 10:54:10.930,2.0128,2.01325,0.40,5.60
2008.04.07 10:54:11.230,2.0128,2.01325,0.40,5.60
2008.04.07 10:54:11.529,2.0128,2.01325,0.40,5.60
2008.04.07 10:54:11.810,2.0128,2.01325,0.40,5.60
2008.04.07 10:54:12.092,2.0128,2.01325,0.40,5.60
2008.04.07 10:54:12.299,2.0128,2.01325,0.40,5.60
2008.04.07 10:54:12.542,2.0128,2.01325,0.40,5.60
2008.04.07 10:54:12.850,2.0128,2.01325,0.40,5.60
2008.04.07 10:54:13.081,2.0128,2.01325,0.40,1.60
2008.04.07 10:54:13.351,2.0128,2.01325,0.40,1.60
2008.04.07 10:54:13.619,2.0128,2.01325,0.40,1.60
2008.04.07 10:54:13.953,2.0128,2.01325,0.40,1.60
2008.04.07 10:54:14.293,2.0128,2.01325,0.40,1.60
2008.04.07 10:54:14.665,2.0128,2.01325,0.40,1.60
2008.04.07 10:54:14.902,2.0128,2.01325,0.40,1.60
2008.04.07 10:54:15.163,2.0128,2.01325,0.40,1.60
2008.04.07 10:54:15.351,2.0128,2.01325,0.40,1.60
2008.04.07 10:54:15.576,2.0128,2.01325,0.40,1.60
2008.04.07 10:54:15.876,2.0128,2.01325,0.40,1.60
2008.04.07 10:54:16.172,2.0128,2.01325,0.40,1.60
2008.04.07 10:54:16.472,2.0128,2.01325,0.40,1.60
2008.04.07 10:54:16.791,2.0128,2.01325,0.40,1.60
2008.04.07 10:54:17.080,2.0128,2.01325,0.40,1.60
2008.04.07 10:54:17.368,2.0128,2.01325,0.40,1.60
2008.04.07 10:54:17.675,2.0128,2.01325,0.40,1.60
2008.04.07 10:54:17.929,2.0128,2.01325,0.40,1.60
2008.04.07 10:54:18.186,2.0128,2.01325,0.40,1.80
2008.04.07 10:54:18.441,2.0128,2.01325,0.40,1.80
2008.04.07 10:54:18.696,2.0128,2.01325,0.40,1.80
2008.04.07 10:54:19.042,2.0128,2.01325,0.40,5.80
2008.04.07 10:54:19.368,2.0128,2.01325,0.40,5.80
2008.04.07 10:54:19.702,2.0128,2.01325,0.40,5.80
2008.04.07 10:54:19.936,2.0128,2.01325,0.40,5.80
2008.04.07 10:54:20.170,2.0128,2.01325,0.40,5.80
2008.04.07 10:54:21.654,2.0128,2.01325,0.40,5.80
2008.04.07 10:54:21.919,2.0128,2.01325,0.40,5.80
2008.04.07 10:54:21.992,2.0128,2.01325,0.40,5.80
2008.04.07 10:54:22.106,2.0128,2.01325,0.40,5.80
2008.04.07 10:54:22.250,2.0128,2.01325,0.40,5.80
2008.04.07 10:54:22.401,2.0128,2.01325,0.40,5.80
2008.04.07 10:54:22.550,2.0128,2.01325,0.40,5.80
2008.04.07 10:54:22.708,2.0128,2.01325,0.40,5.60
2008.04.07 10:54:23.015,2.0128,2.0133,0.40,0.10
2008.04.07 10:54:23.353,2.013,2.0134,0.40,1.00
2008.04.07 10:54:23.689,2.013,2.01345,0.40,5.80
2008.04.07 10:54:24.024,2.013,2.01345,0.40,5.80
2008.04.07 10:54:24.360,2.013,2.01345,0.40,1.60
2008.04.07 10:54:24.698,2.013,2.01345,0.40,1.60
2008.04.07 10:54:24.917,2.013,2.0135,0.40,0.40
2008.04.07 10:54:25.137,2.013,2.0135,0.40,0.40
2008.04.07 10:54:25.359,2.0129,2.0135,0.40,0.40
2008.04.07 10:54:25.578,2.0129,2.0135,0.40,0.40
2008.04.07 10:54:25.800,2.0129,2.0135,0.50,0.10
2008.04.07 10:54:26.119,2.0129,2.0135,0.50,0.10
2008.04.07 10:54:26.442,2.0129,2.0135,0.50,0.10
2008.04.07 10:54:26.765,2.0129,2.0135,0.50,0.10
2008.04.07 10:54:27.001,2.0129,2.0135,0.50,0.10
2008.04.07 10:54:27.241,2.0129,2.0135,0.50,0.10
2008.04.07 10:54:27.481,2.0129,2.0135,0.50,0.10
2008.04.07 10:54:27.721,2.0129,2.0135,0.50,0.10
2008.04.07 10:54:27.960,2.0129,2.0135,0.50,0.10
2008.04.07 10:54:28.289,2.0129,2.0135,0.50,0.10
2008.04.07 10:54:28.617,2.0129,2.0135,0.50,0.10
2008.04.07 10:54:28.948,2.0129,2.0135,0.50,0.10
2008.04.07 10:54:29.321,2.0129,2.0135,0.50,0.10
2008.04.07 10:54:29.655,2.0129,2.0135,0.50,0.10
2008.04.07 10:54:29.988,2.0129,2.0135,0.50,0.10
2008.04.07 10:54:30.239,2.0129,2.0135,0.50,0.10
2008.04.07 10:54:30.493,2.0129,2.0135,0.50,0.10
2008.04.07 10:54:30.753,2.0129,2.0135,0.50,0.10
2008.04.07 10:54:30.976,2.0129,2.0135,0.50,0.10
2008.04.07 10:54:31.285,2.0129,2.0135,0.50,0.10
2008.04.07 10:54:31.612,2.0129,2.0135,0.50,0.10
2008.04.07 10:54:31.955,2.0129,2.0135,0.50,0.10
2008.04.07 10:54:32.246,2.0129,2.0135,0.50,0.10
2008.04.07 10:54:32.507,2.0129,2.0135,0.50,0.10
2008.04.07 10:54:32.766,2.0129,2.0135,0.50,0.10
2008.04.07 10:54:33.063,2.0129,2.0135,0.50,0.10
2008.04.07 10:54:33.264,2.0129,2.0135,0.50,0.10
2008.04.07 10:54:33.503,2.0129,2.0135,0.50,0.10
2008.04.07 10:54:33.742,2.0129,2.0135,0.50,0.10
2008.04.07 10:54:33.980,2.0129,2.0135,0.50,0.10
2008.04.07 10:54:34.314,2.0129,2.0135,0.50,0.10
2008.04.07 10:54:34.648,2.0129,2.0135,0.50,0.10
2008.04.07 10:54:34.981,2.0129,2.0135,0.50,0.10
2008.04.07 10:54:35.210,2.0129,2.0135,0.50,0.10
2008.04.07 10:54:35.439,2.0129,2.0135,0.50,0.10
2008.04.07 10:54:35.668,2.0129,2.0135,0.50,0.10
2008.04.07 10:54:35.906,2.0129,2.0135,0.50,0.10
2008.04.07 10:54:36.159,2.0129,2.0135,0.50,0.10
2008.04.07 10:54:36.482,2.0129,2.0135,0.50,0.10
2008.04.07 10:54:36.807,2.0129,2.0135,0.50,0.10
2008.04.07 10:54:37.131,2.0129,2.01345,0.40,0.30
2008.04.07 10:54:37.382,2.0129,2.01345,0.40,0.30
2008.04.07 10:54:37.631,2.0129,2.0135,0.50,0.10
2008.04.07 10:54:37.880,2.0129,2.0135,0.50,0.10
2008.04.07 10:54:38.127,2.0129,2.0135,0.50,0.10
2008.04.07 10:54:38.461,2.0129,2.0135,0.50,0.10
2008.04.07 10:54:38.795,2.0129,2.0135,0.50,0.10
2008.04.07 10:54:39.130,2.0129,2.0135,0.50,0.10
2008.04.07 10:54:39.462,2.0129,2.0135,0.50,0.10
2008.04.07 10:54:39.796,2.0129,2.0135,0.50,0.10
2008.04.07 10:54:40.130,2.0129,2.0135,0.50,0.10
2008.04.07 10:54:40.345,2.0129,2.0135,0.50,0.10
2008.04.07 10:54:40.559,2.013,2.01355,0.40,5.80
2008.04.07 10:54:40.775,2.013,2.01355,0.40,5.80
2008.04.07 10:54:41.051,2.013,2.01355,0.40,5.80
2008.04.07 10:54:41.408,2.013,2.01355,0.40,5.80
2008.04.07 10:54:41.687,2.013,2.01355,0.40,5.80
2008.04.07 10:54:42.043,2.013,2.01355,0.40,5.80
2008.04.07 10:54:42.330,2.013,2.01355,0.40,5.80
2008.04.07 10:54:42.562,2.013,2.01355,0.40,5.80
2008.04.07 10:54:42.800,2.013,2.01355,0.40,5.80
2008.04.07 10:54:43.034,2.013,2.01355,0.40,5.80
2008.04.07 10:54:43.368,2.013,2.01355,0.40,5.80
2008.04.07 10:54:43.703,2.013,2.01355,0.40,5.80
2008.04.07 10:54:44.038,2.013,2.01345,0.40,0.30
2008.04.07 10:54:44.373,2.013,2.01355,0.40,5.80
2008.04.07 10:54:44.739,2.013,2.01355,0.40,5.80
2008.04.07 10:54:45.077,2.013,2.01355,0.40,1.80
2008.04.07 10:54:45.303,2.013,2.01355,0.40,1.80
2008.04.07 10:54:45.541,2.013,2.01355,0.40,0.30
2008.04.07 10:54:45.805,2.013,2.01365,0.50,1.80
2008.04.07 10:54:46.067,2.013,2.01365,0.50,4.20
2008.04.07 10:54:46.368,2.01295,2.0135,1.60,0.30
2008.04.07 10:54:46.666,2.01295,2.0135,1.60,0.30
2008.04.07 10:54:46.965,2.01295,2.0135,1.60,0.30
2008.04.07 10:54:47.264,2.01295,2.0135,1.60,0.30
2008.04.07 10:54:47.559,2.01295,2.0135,1.60,0.30
2008.04.07 10:54:47.852,2.01295,2.0135,1.60,0.30
2008.04.07 10:54:48.146,2.01295,2.0135,1.60,0.30
2008.04.07 10:54:48.440,2.01295,2.0135,1.60,0.30
2008.04.07 10:54:48.774,2.01295,2.0135,1.60,0.30
2008.04.07 10:54:49.108,2.01295,2.0135,1.60,0.30
2008.04.07 10:54:49.442,2.01295,2.0135,1.60,0.30
2008.04.07 10:54:49.777,2.01295,2.0135,1.60,0.30
2008.04.07 10:54:50.110,2.01295,2.0135,1.60,0.30
2008.04.07 10:54:50.443,2.01295,2.0135,1.60,0.30
2008.04.07 10:54:50.682,2.01295,2.0135,1.60,0.30
2008.04.07 10:54:50.921,2.01295,2.0135,1.60,0.30
2008.04.07 10:54:51.160,2.01295,2.01355,1.60,0.30
2008.04.07 10:54:51.400,2.01295,2.01355,4.00,0.30
2008.04.07 10:54:51.700,2.01295,2.01355,4.00,0.30
2008.04.07 10:54:51.999,2.013,2.0136,0.40,0.40
2008.04.07 10:54:52.299,2.013,2.0136,0.40,0.40
2008.04.07 10:54:52.551,2.013,2.0136,0.40,0.40
2008.04.07 10:54:52.801,2.013,2.0136,0.40,0.40
2008.04.07 10:54:53.051,2.013,2.0136,0.40,0.40
2008.04.07 10:54:53.301,2.013,2.0136,0.40,0.40
2008.04.07 10:54:53.635,2.013,2.0136,0.40,0.40
2008.04.07 10:54:53.969,2.013,2.0136,0.40,0.40
2008.04.07 10:54:54.306,2.01305,2.0136,1.60,0.40
2008.04.07 10:54:54.679,2.01305,2.0136,1.60,0.40
2008.04.07 10:54:55.015,2.01305,2.0136,1.60,0.40
2008.04.07 10:54:55.350,2.01305,2.0136,1.60,0.40
2008.04.07 10:54:55.584,2.01305,2.0136,1.60,0.40
2008.04.07 10:54:55.818,2.01305,2.0136,1.60,0.40
2008.04.07 10:54:56.051,2.01305,2.0136,1.60,0.40
2008.04.07 10:54:56.329,2.01305,2.0136,1.60,0.40
2008.04.07 10:54:56.554,2.01305,2.0136,1.60,0.40
2008.04.07 10:54:56.874,2.01305,2.0136,1.60,0.40
2008.04.07 10:54:57.206,2.01305,2.0136,1.60,0.40
2008.04.07 10:54:57.505,2.01305,2.0136,1.60,0.40
2008.04.07 10:54:57.764,2.01305,2.0136,1.60,0.40
2008.04.07 10:54:58.063,2.01305,2.0136,1.60,0.40
2008.04.07 10:54:58.323,2.01305,2.0136,1.60,0.40
2008.04.07 10:54:58.582,2.01305,2.0136,1.60,0.40
2008.04.07 10:54:58.941,2.01305,2.0136,1.60,0.40
2008.04.07 10:54:59.269,2.01305,2.0136,1.60,0.40
2008.04.07 10:54:59.602,2.01305,2.0136,1.60,0.40
2008.04.07 10:54:59.937,2.01305,2.0136,1.60,0.40
2008.04.07 10:55:00.272,2.01305,2.0136,1.60,0.40
2008.04.07 10:55:00.606,2.01305,2.0136,1.60,0.30
2008.04.07 10:55:00.826,2.01305,2.0136,1.60,0.30
2008.04.07 10:55:01.044,2.01305,2.0136,1.60,0.30
2008.04.07 10:55:01.295,2.01305,2.0136,1.60,0.30
2008.04.07 10:55:01.549,2.01305,2.0136,1.60,0.30
2008.04.07 10:55:01.883,2.01305,2.0137,1.60,0.40
2008.04.07 10:55:02.218,2.01305,2.0137,1.60,0.40
2008.04.07 10:55:02.554,2.01305,2.0136,1.60,0.30
2008.04.07 10:55:02.779,2.01305,2.0137,1.60,0.40
2008.04.07 10:55:03.002,2.01305,2.0137,1.60,0.40
2008.04.07 10:55:03.227,2.01305,2.0137,1.60,0.40
2008.04.07 10:55:05.101,2.01305,2.0137,1.60,0.40
2008.04.07 10:55:05.269,2.01305,2.0137,1.60,0.40
2008.04.07 10:55:05.433,2.01305,2.0137,1.60,0.40
2008.04.07 10:55:05.595,2.01305,2.0137,1.60,0.40
2008.04.07 10:55:05.796,2.01305,2.0137,1.60,0.40
2008.04.07 10:55:05.997,2.01305,2.0137,1.60,0.40
2008.04.07 10:55:06.122,2.01305,2.0137,1.60,0.40
2008.04.07 10:55:06.456,2.01305,2.0137,1.60,0.40
2008.04.07 10:55:06.791,2.01305,2.0137,4.00,0.40
2008.04.07 10:55:07.127,2.01305,2.0137,4.00,0.40
2008.04.07 10:55:07.463,2.01305,2.0137,4.00,0.40
2008.04.07 10:55:07.736,2.01305,2.0137,4.00,0.40
2008.04.07 10:55:07.970,2.01305,2.0137,1.60,0.40
2008.04.07 10:55:08.203,2.01305,2.0137,1.60,0.40
2008.04.07 10:55:08.538,2.01325,2.01375,1.60,1.60
2008.04.07 10:55:08.873,2.01325,2.01385,1.60,4.20
2008.04.07 10:55:09.207,2.01325,2.01385,1.60,0.30
2008.04.07 10:55:09.544,2.0133,2.0139,0.40,0.40
2008.04.07 10:55:09.869,2.0133,2.0139,0.40,0.40
2008.04.07 10:55:10.198,2.0133,2.0139,0.40,0.40
2008.04.07 10:55:10.526,2.0133,2.0139,0.40,0.40
2008.04.07 10:55:10.782,2.0133,2.0139,0.40,0.40
2008.04.07 10:55:11.037,2.0133,2.0139,0.40,0.40
2008.04.07 10:55:11.292,2.0133,2.0139,0.40,0.40
2008.04.07 10:55:11.565,2.0133,2.0139,0.40,0.40
2008.04.07 10:55:11.840,2.0133,2.01385,0.40,0.30
2008.04.07 10:55:12.156,2.0133,2.01385,0.40,0.30
2008.04.07 10:55:12.430,2.0133,2.01385,0.40,0.30
2008.04.07 10:55:12.718,2.0133,2.01385,0.40,0.30
2008.04.07 10:55:13.008,2.0133,2.01385,0.40,0.30
2008.04.07 10:55:13.296,2.0133,2.0139,0.40,0.40
2008.04.07 10:55:13.586,2.0133,2.0139,0.40,0.40
2008.04.07 10:55:13.920,2.0133,2.0139,0.40,0.40
2008.04.07 10:55:14.254,2.0133,2.0139,0.40,0.40
2008.04.07 10:55:14.589,2.0133,2.0139,0.40,0.40
2008.04.07 10:55:14.924,2.0133,2.0139,0.40,0.40
2008.04.07 10:55:15.257,2.0133,2.0139,0.40,0.40
2008.04.07 10:55:15.594,2.01335,2.0139,1.60,0.40
2008.04.07 10:55:15.833,2.0134,2.01395,0.40,0.30
2008.04.07 10:55:16.074,2.0134,2.01395,0.40,0.30
2008.04.07 10:55:16.350,2.0134,2.01395,0.40,0.30
2008.04.07 10:55:16.554,2.0134,2.01395,0.40,0.30
2008.04.07 10:55:16.879,2.0134,2.01395,0.40,0.30
2008.04.07 10:55:17.157,2.0134,2.01395,0.40,0.30
2008.04.07 10:55:17.447,2.0134,2.01385,0.40,0.30
2008.04.07 10:55:17.722,2.0134,2.0139,0.40,0.30
2008.04.07 10:55:17.996,2.0134,2.0139,0.40,0.30
2008.04.07 10:55:18.270,2.0134,2.0139,0.40,0.30
2008.04.07 10:55:18.545,2.01335,2.0139,1.60,0.30
2008.04.07 10:55:18.879,2.01335,2.0139,1.60,0.30
2008.04.07 10:55:19.215,2.01335,2.0139,1.60,0.30
2008.04.07 10:55:19.552,2.01335,2.0139,1.60,0.30
2008.04.07 10:55:19.885,2.01345,2.01395,1.60,4.00
2008.04.07 10:55:20.219,2.01345,2.01395,1.60,4.00
2008.04.07 10:55:20.553,2.01335,2.0139,1.60,0.30
2008.04.07 10:55:20.777,2.0133,2.0138,0.40,0.30
2008.04.07 10:55:21.002,2.0133,2.0138,0.40,0.30
2008.04.07 10:55:21.226,2.0133,2.0138,0.40,0.30
2008.04.07 10:55:21.451,2.0133,2.0138,0.40,0.40
2008.04.07 10:55:21.823,2.0133,2.01385,0.40,4.00
2008.04.07 10:55:22.120,2.0133,2.0139,0.40,0.30
2008.04.07 10:55:22.453,2.0133,2.0139,0.40,0.30
2008.04.07 10:55:22.687,2.0133,2.0139,0.40,0.30
2008.04.07 10:55:22.933,2.0134,2.014,0.50,0.10
2008.04.07 10:55:23.169,2.0134,2.014,0.50,0.10
2008.04.07 10:55:23.403,2.0134,2.01395,0.40,1.80
2008.04.07 10:55:23.638,2.0134,2.01395,0.40,1.80
2008.04.07 10:55:23.973,2.0134,2.0139,0.40,0.30
2008.04.07 10:55:24.307,2.0134,2.0139,0.40,0.30
2008.04.07 10:55:24.641,2.0133,2.0139,0.40,0.30
2008.04.07 10:55:24.975,2.0133,2.0139,0.40,0.30
2008.04.07 10:55:25.310,2.0133,2.0139,0.40,0.30
2008.04.07 10:55:25.644,2.0133,2.0139,0.40,0.30
2008.04.07 10:55:25.868,2.0133,2.01395,0.50,1.80
2008.04.07 10:55:26.093,2.0133,2.01395,0.50,5.80
2008.04.07 10:55:26.317,2.0133,2.01395,0.50,5.80
2008.04.07 10:55:26.541,2.0133,2.01395,0.50,5.80
2008.04.07 10:55:26.865,2.0133,2.01395,0.50,5.80
2008.04.07 10:55:27.190,2.0133,2.01395,0.50,5.80
2008.04.07 10:55:27.514,2.0133,2.01395,0.50,5.80
2008.04.07 10:55:27.763,2.0133,2.01395,0.50,5.80
2008.04.07 10:55:28.013,2.0133,2.01395,0.50,5.80
2008.04.07 10:55:28.261,2.0133,2.01395,0.50,5.80
2008.04.07 10:55:28.510,2.01335,2.01395,0.10,5.60
2008.04.07 10:55:28.849,2.01335,2.01395,0.10,5.60
2008.04.07 10:55:29.186,2.0134,2.01395,0.40,5.60
2008.04.07 10:55:29.559,2.0134,2.01395,0.40,5.80
2008.04.07 10:55:29.774,2.0134,2.01395,0.40,1.80
2008.04.07 10:55:30.030,2.0134,2.0139,0.40,0.30
2008.04.07 10:55:30.251,2.0134,2.0139,0.40,0.30
2008.04.07 10:55:30.467,2.01335,2.0139,1.60,0.30
2008.04.07 10:55:30.680,2.01335,2.0139,1.60,0.30
2008.04.07 10:55:31.016,2.01335,2.0139,1.60,0.30
2008.04.07 10:55:31.350,2.01335,2.0139,1.60,0.30
2008.04.07 10:55:31.684,2.01335,2.0139,1.60,0.30
2008.04.07 10:55:31.914,2.01335,2.0139,1.60,0.30
2008.04.07 10:55:32.143,2.01335,2.0139,1.60,0.30
2008.04.07 10:55:32.373,2.01335,2.0139,1.60,0.30
2008.04.07 10:55:32.602,2.01335,2.0139,1.60,0.30
2008.04.07 10:55:32.908,2.01335,2.0139,1.60,0.30
2008.04.07 10:55:33.213,2.01335,2.0139,1.60,0.30
2008.04.07 10:55:33.518,2.01335,2.0139,1.60,0.30
2008.04.07 10:55:33.829,2.01335,2.0139,1.60,0.30
2008.04.07 10:55:34.159,2.01335,2.0139,1.60,0.30
2008.04.07 10:55:34.499,2.01335,2.0139,1.60,0.30
2008.04.07 10:55:34.834,2.01335,2.0139,1.60,0.30
2008.04.07 10:55:35.075,2.01335,2.0139,1.60,0.30
2008.04.07 10:55:35.316,2.01335,2.0139,1.60,0.30
2008.04.07 10:55:35.554,2.01335,2.0139,1.60,0.30
2008.04.07 10:55:35.793,2.01335,2.0139,1.60,0.30
2008.04.07 10:55:36.082,2.01335,2.0139,1.60,0.30
2008.04.07 10:55:36.372,2.01335,2.0139,1.60,0.30
2008.04.07 10:55:36.661,2.01335,2.0139,1.60,0.30
2008.04.07 10:55:36.930,2.01335,2.0139,1.60,0.30
2008.04.07 10:55:37.198,2.01335,2.0139,1.60,0.30
2008.04.07 10:55:37.467,2.01335,2.0139,1.60,0.30
2008.04.07 10:55:37.736,2.01335,2.0139,1.60,0.30
2008.04.07 10:55:38.000,2.01335,2.0139,1.60,0.30
2008.04.07 10:55:38.263,2.01335,2.0139,1.60,0.30
2008.04.07 10:55:38.527,2.01335,2.0139,1.60,0.30
2008.04.07 10:55:38.791,2.01335,2.0139,1.60,0.30
2008.04.07 10:55:39.125,2.01335,2.0139,1.60,0.30
2008.04.07 10:55:39.495,2.01335,2.0139,1.60,0.30
2008.04.07 10:55:39.824,2.01335,2.0139,1.60,0.30
2008.04.07 10:55:40.104,2.01335,2.0139,1.60,0.30
2008.04.07 10:55:40.388,2.01335,2.0139,1.60,0.30
2008.04.07 10:55:40.648,2.01335,2.0139,1.60,0.30
2008.04.07 10:55:40.892,2.01335,2.0139,1.60,0.30
2008.04.07 10:55:41.227,2.01335,2.0139,1.60,0.30
2008.04.07 10:55:41.528,2.01335,2.0139,1.60,0.30
2008.04.07 10:55:41.827,2.01335,2.0139,1.60,0.30
2008.04.07 10:55:42.093,2.01335,2.0139,1.60,0.30
2008.04.07 10:55:42.357,2.01335,2.0139,1.60,0.30
2008.04.07 10:55:42.623,2.01335,2.0139,1.60,0.30
2008.04.07 10:55:42.886,2.01335,2.0139,1.60,0.30
2008.04.07 10:55:43.167,2.01335,2.0139,1.60,0.30
2008.04.07 10:55:43.445,2.01335,2.0139,1.60,0.30
2008.04.07 10:55:43.724,2.01335,2.0139,1.60,0.30
2008.04.07 10:55:44.003,2.01335,2.0139,1.60,0.30
2008.04.07 10:55:44.337,2.01335,2.0139,1.60,0.30
2008.04.07 10:55:44.670,2.01335,2.0139,1.60,0.30
2008.04.07 10:55:45.004,2.01335,2.0139,1.60,0.30
2008.04.07 10:55:45.232,2.01335,2.0139,1.60,0.30
2008.04.07 10:55:45.462,2.01335,2.0139,1.60,0.30
2008.04.07 10:55:45.691,2.01335,2.0139,1.60,0.30
2008.04.07 10:55:45.939,2.01335,2.0139,1.60,0.30
2008.04.07 10:55:46.202,2.01335,2.0139,1.60,0.30
2008.04.07 10:55:46.526,2.01335,2.0139,1.60,0.30
2008.04.07 10:55:46.882,2.01335,2.0139,1.60,0.30
2008.04.07 10:55:47.248,2.01335,2.0139,1.60,0.30
2008.04.07 10:55:47.504,2.01335,2.0139,1.60,0.30
2008.04.07 10:55:47.715,2.01335,2.0139,1.60,0.30
2008.04.07 10:55:47.930,2.01335,2.0139,1.60,0.30
2008.04.07 10:55:48.144,2.01335,2.0139,1.60,0.30
2008.04.07 10:55:48.517,2.01335,2.0139,1.60,0.30
2008.04.07 10:55:48.850,2.01335,2.0139,1.60,0.30
2008.04.07 10:55:49.184,2.01335,2.0139,1.60,0.30
2008.04.07 10:55:49.518,2.01335,2.0139,1.60,0.30
2008.04.07 10:55:49.854,2.01335,2.0139,1.60,0.30
2008.04.07 10:55:50.186,2.01335,2.0139,1.60,0.30
2008.04.07 10:55:50.420,2.01335,2.0139,1.60,0.30
2008.04.07 10:55:50.654,2.01335,2.0139,1.60,0.30
2008.04.07 10:55:50.890,2.01335,2.0139,1.60,0.30
2008.04.07 10:55:51.122,2.01335,2.0139,1.60,0.30
2008.04.07 10:55:51.356,2.01335,2.0139,1.60,0.30
2008.04.07 10:55:51.664,2.01335,2.0139,1.60,0.30
2008.04.07 10:55:51.974,2.01335,2.0139,1.60,0.30
2008.04.07 10:55:52.283,2.01335,2.0139,1.60,0.30
2008.04.07 10:55:52.534,2.01335,2.0139,1.60,0.30
2008.04.07 10:55:52.829,2.01335,2.0139,1.60,0.30
2008.04.07 10:55:53.082,2.01335,2.0139,1.60,0.30
2008.04.07 10:55:53.362,2.0133,2.01385,0.40,0.30
2008.04.07 10:55:53.698,2.0133,2.01385,0.40,0.30
2008.04.07 10:55:54.033,2.0133,2.01385,0.40,0.30
2008.04.07 10:55:54.370,2.0133,2.01385,0.40,0.30
2008.04.07 10:55:54.706,2.0133,2.01385,0.40,0.30
2008.04.07 10:55:55.045,2.0133,2.01385,0.40,0.30
2008.04.07 10:55:55.423,2.01335,2.0139,1.60,0.30
2008.04.07 10:55:55.661,2.01335,2.0139,1.60,0.30
2008.04.07 10:55:55.901,2.01335,2.0139,1.60,0.30
2008.04.07 10:55:56.177,2.01335,2.0139,1.60,0.30
2008.04.07 10:55:56.418,2.01335,2.0139,1.60,0.30
2008.04.07 10:55:56.716,2.01335,2.0139,1.60,0.30
2008.04.07 10:55:57.016,2.01335,2.0139,1.60,0.30
2008.04.07 10:55:57.315,2.01335,2.0139,1.60,0.30
2008.04.07 10:55:57.570,2.01335,2.0139,1.60,0.30
2008.04.07 10:55:57.863,2.01335,2.0139,1.60,0.30
2008.04.07 10:55:58.079,2.01335,2.0139,1.60,0.30
2008.04.07 10:55:58.334,2.01335,2.014,1.60,0.40
2008.04.07 10:55:58.669,2.01335,2.0139,1.60,0.30
2008.04.07 10:55:59.003,2.01335,2.0139,1.60,0.30
2008.04.07 10:55:59.337,2.01335,2.0139,1.60,0.30
2008.04.07 10:55:59.671,2.01335,2.0139,1.60,0.30
2008.04.07 10:56:00.006,2.01335,2.0139,1.60,0.30
2008.04.07 10:56:00.340,2.01335,2.0139,1.60,0.30
2008.04.07 10:56:00.575,2.01335,2.0139,1.60,0.30
2008.04.07 10:56:00.808,2.01335,2.0139,1.60,0.30
2008.04.07 10:56:01.067,2.01335,2.0139,1.60,0.30
2008.04.07 10:56:01.300,2.01335,2.0139,1.60,0.30
2008.04.07 10:56:01.586,2.01335,2.0139,1.60,0.30
2008.04.07 10:56:01.871,2.01335,2.01385,1.60,1.80
2008.04.07 10:56:02.154,2.01335,2.01385,1.60,1.80
2008.04.07 10:56:02.438,2.01335,2.01385,1.60,1.80
2008.04.07 10:56:02.747,2.01335,2.01385,1.60,1.80
2008.04.07 10:56:03.057,2.01335,2.01385,1.60,1.80
2008.04.07 10:56:03.366,2.01335,2.01385,1.60,1.80
2008.04.07 10:56:03.739,2.01335,2.01385,1.60,0.30
2008.04.07 10:56:04.072,2.01335,2.01385,1.60,0.30
2008.04.07 10:56:04.408,2.01335,2.0139,1.60,0.80
2008.04.07 10:56:04.744,2.01365,2.014,2.20,0.10
2008.04.07 10:56:05.078,2.0139,2.0141,0.40,0.80
2008.04.07 10:56:05.448,2.0139,2.01415,0.40,1.60
2008.04.07 10:56:05.695,2.0139,2.0142,0.40,0.10
2008.04.07 10:56:05.933,2.0139,2.0142,0.40,0.10
2008.04.07 10:56:06.174,2.0139,2.0142,0.40,0.10
2008.04.07 10:56:06.413,2.0139,2.0142,0.40,0.10
2008.04.07 10:56:06.720,2.0139,2.0142,0.40,0.10
2008.04.07 10:56:07.027,2.0137,2.0141,0.40,0.10
2008.04.07 10:56:07.330,2.0137,2.0141,0.40,0.10
2008.04.07 10:56:07.635,2.0136,2.014,0.40,0.90
2008.04.07 10:56:07.917,2.0136,2.01395,0.40,2.40
2008.04.07 10:56:08.234,2.0135,2.0139,0.40,0.10
2008.04.07 10:56:08.513,2.0135,2.0139,0.40,0.10
2008.04.07 10:56:08.849,2.0135,2.0139,0.40,0.40
2008.04.07 10:56:09.184,2.0135,2.0139,0.40,1.10
2008.04.07 10:56:09.519,2.0135,2.0138,0.40,0.10
2008.04.07 10:56:10.864,2.0135,2.0138,0.40,0.10
2008.04.07 10:56:10.902,2.0135,2.0138,0.40,0.10
2008.04.07 10:56:10.974,2.0135,2.0138,0.40,0.10
2008.04.07 10:56:11.060,2.0135,2.0138,0.40,0.10
2008.04.07 10:56:11.132,2.0135,2.0138,0.40,0.10
2008.04.07 10:56:12.820,2.0136,2.0138,0.40,0.10
2008.04.07 10:56:13.038,2.0136,2.014,0.40,0.90
2008.04.07 10:56:13.252,2.0136,2.014,0.40,0.10
2008.04.07 10:56:13.468,2.0136,2.014,0.40,0.10
2008.04.07 10:56:13.683,2.0136,2.014,0.40,0.10
2008.04.07 10:56:13.895,2.0136,2.014,0.40,0.10
2008.04.07 10:56:14.229,2.0136,2.014,0.40,0.10
2008.04.07 10:56:14.568,2.0136,2.014,0.40,0.10
2008.04.07 10:56:14.900,2.0136,2.014,0.40,0.10
2008.04.07 10:56:15.143,2.0136,2.014,0.40,0.10
2008.04.07 10:56:15.411,2.0136,2.01395,0.40,0.30
2008.04.07 10:56:15.657,2.0136,2.01395,0.40,6.60
2008.04.07 10:56:15.921,2.0136,2.01395,0.40,6.60
2008.04.07 10:56:16.211,2.0136,2.0139,0.40,0.10
2008.04.07 10:56:16.500,2.0136,2.0139,0.40,0.10
2008.04.07 10:56:16.790,2.0136,2.0139,0.40,0.10
2008.04.07 10:56:17.079,2.0136,2.0139,0.40,0.10
2008.04.07 10:56:17.374,2.0136,2.0139,0.40,0.10
2008.04.07 10:56:17.670,2.0136,2.0139,0.40,0.10
2008.04.07 10:56:17.963,2.0136,2.0139,0.40,0.10
2008.04.07 10:56:18.213,2.0136,2.0139,0.40,0.10
2008.04.07 10:56:18.552,2.0136,2.0139,0.40,0.10
2008.04.07 10:56:18.759,2.0136,2.0139,0.40,0.10
2008.04.07 10:56:19.045,2.0136,2.0139,0.40,0.10
2008.04.07 10:56:19.415,2.0136,2.0139,0.40,0.10
2008.04.07 10:56:19.748,2.0136,2.0139,0.40,0.10
2008.04.07 10:56:20.083,2.0136,2.0139,0.40,0.10
2008.04.07 10:56:20.320,2.0136,2.0139,0.40,0.10
2008.04.07 10:56:20.588,2.0136,2.0139,0.40,0.10
2008.04.07 10:56:20.858,2.0136,2.0139,0.40,0.10
2008.04.07 10:56:21.093,2.0136,2.0139,0.40,0.10
2008.04.07 10:56:21.403,2.0136,2.0139,0.40,0.10
2008.04.07 10:56:21.712,2.0136,2.0139,0.40,0.10
2008.04.07 10:56:22.417,2.0136,2.0139,0.40,0.10
2008.04.07 10:56:22.657,2.0136,2.0139,0.40,0.10
2008.04.07 10:56:23.032,2.0136,2.0139,0.40,0.10
2008.04.07 10:56:23.340,2.0136,2.0139,0.40,0.10
2008.04.07 10:56:23.662,2.0136,2.0139,0.40,0.10
2008.04.07 10:56:23.921,2.0136,2.0139,0.40,0.10
2008.04.07 10:56:24.181,2.0136,2.0139,0.40,0.10
2008.04.07 10:56:24.517,2.0134,2.0137,0.40,0.10
2008.04.07 10:56:24.852,2.0134,2.0137,0.40,0.10
2008.04.07 10:56:25.188,2.0133,2.0137,0.40,0.10
2008.04.07 10:56:25.419,2.0133,2.0137,0.40,0.10
2008.04.07 10:56:25.686,2.0133,2.0137,0.40,0.10
2008.04.07 10:56:25.962,2.0133,2.0137,0.40,0.10
2008.04.07 10:56:26.181,2.0133,2.0137,0.40,0.10
2008.04.07 10:56:26.458,2.0133,2.0137,0.40,0.10
2008.04.07 10:56:26.773,2.0133,2.0137,0.40,0.10
2008.04.07 10:56:27.087,2.0133,2.0137,0.40,0.10
2008.04.07 10:56:27.401,2.0133,2.0137,0.40,0.10
2008.04.07 10:56:27.645,2.0133,2.0137,0.40,0.10
2008.04.07 10:56:27.889,2.0133,2.0137,0.40,0.10
2008.04.07 10:56:28.134,2.0133,2.0137,0.40,0.10
2008.04.07 10:56:28.379,2.0133,2.0137,0.40,0.10
2008.04.07 10:56:28.717,2.0133,2.01375,0.40,1.60
2008.04.07 10:56:29.080,2.0133,2.01375,0.40,1.80
2008.04.07 10:56:29.415,2.0133,2.01375,0.40,1.80
2008.04.07 10:56:29.745,2.0132,2.0137,0.40,0.10
2008.04.07 10:56:30.084,2.0132,2.0137,0.40,0.10
2008.04.07 10:56:30.445,2.0132,2.0137,0.40,0.10
2008.04.07 10:56:30.708,2.0132,2.0137,0.40,0.10
2008.04.07 10:56:30.976,2.0132,2.0136,0.40,0.30
2008.04.07 10:56:31.213,2.0132,2.0136,0.40,0.30
2008.04.07 10:56:31.484,2.0132,2.0135,0.40,0.10
2008.04.07 10:56:31.747,2.0132,2.0135,0.40,0.10
2008.04.07 10:56:32.057,2.0132,2.0135,0.40,0.10
2008.04.07 10:56:32.351,2.0132,2.0135,0.40,0.10
2008.04.07 10:56:32.649,2.0132,2.0135,0.40,0.10
2008.04.07 10:56:32.959,2.0132,2.0135,0.40,0.10
2008.04.07 10:56:33.255,2.0132,2.0135,0.40,0.10
2008.04.07 10:56:33.594,2.0132,2.0137,0.40,0.40
2008.04.07 10:56:33.966,2.0132,2.0137,0.40,0.40
2008.04.07 10:56:34.303,2.0132,2.0137,0.40,0.40
2008.04.07 10:56:34.636,2.0132,2.0137,0.40,0.40
2008.04.07 10:56:34.972,2.0132,2.0137,0.40,0.40
2008.04.07 10:56:35.308,2.0132,2.0137,0.40,0.40
2008.04.07 10:56:35.589,2.0132,2.0137,0.40,0.40
2008.04.07 10:56:35.828,2.0132,2.0137,0.40,0.40
2008.04.07 10:56:36.071,2.0132,2.0137,0.40,0.40
2008.04.07 10:56:36.312,2.0132,2.0137,0.40,0.10
2008.04.07 10:56:36.637,2.01325,2.0137,0.10,0.10
2008.04.07 10:56:37.000,2.0133,2.0137,0.40,0.10
2008.04.07 10:56:37.321,2.0134,2.0138,0.40,0.80
2008.04.07 10:56:37.604,2.0134,2.0138,0.40,0.80
2008.04.07 10:56:37.851,2.0134,2.0138,0.40,0.80
2008.04.07 10:56:38.103,2.0134,2.0138,0.40,0.80
2008.04.07 10:56:38.350,2.0134,2.0137,0.40,0.10
2008.04.07 10:56:38.686,2.0134,2.0138,0.40,0.30
2008.04.07 10:56:39.024,2.0134,2.01385,0.40,5.60
2008.04.07 10:56:39.395,2.0134,2.01385,0.40,1.60
2008.04.07 10:56:39.730,2.0134,2.01385,0.40,1.60
2008.04.07 10:56:40.064,2.0134,2.01385,0.40,1.60
2008.04.07 10:56:40.402,2.0134,2.0138,0.40,0.30
2008.04.07 10:56:40.658,2.0134,2.01385,0.40,9.60
2008.04.07 10:56:40.897,2.0134,2.0138,0.40,0.80
2008.04.07 10:56:41.128,2.0134,2.0138,0.40,0.80
2008.04.07 10:56:41.391,2.0134,2.0138,0.40,0.80
2008.04.07 10:56:41.705,2.0134,2.0138,0.40,0.80
2008.04.07 10:56:42.022,2.0134,2.0137,0.40,0.30
2008.04.07 10:56:42.338,2.0132,2.0136,0.40,0.30
2008.04.07 10:56:42.577,2.0132,2.0136,0.40,0.30
2008.04.07 10:56:42.817,2.0132,2.0135,0.40,0.10
2008.04.07 10:56:43.057,2.0132,2.0135,0.40,0.10
2008.04.07 10:56:43.296,2.0132,2.0135,0.40,0.10
2008.04.07 10:56:43.535,2.0132,2.0135,0.40,0.10
2008.04.07 10:56:43.870,2.0132,2.0135,0.40,0.10
2008.04.07 10:56:44.204,2.0132,2.0135,0.40,0.10
2008.04.07 10:56:44.538,2.0132,2.0135,0.40,0.10
2008.04.07 10:56:44.864,2.0132,2.0135,0.40,0.10
2008.04.07 10:56:45.189,2.0132,2.0135,0.40,0.10
2008.04.07 10:56:45.517,2.0132,2.0135,0.40,0.10
2008.04.07 10:56:45.759,2.01305,2.01345,2.40,0.30
2008.04.07 10:56:46.042,2.01285,2.0134,7.20,0.30
2008.04.07 10:56:46.289,2.01285,2.0135,7.20,0.30
2008.04.07 10:56:46.535,2.01285,2.01345,7.20,4.00
2008.04.07 10:56:46.844,2.01285,2.0133,7.20,0.40
2008.04.07 10:56:47.155,2.013,2.01345,0.40,1.60
2008.04.07 10:56:47.466,2.013,2.01345,0.40,1.60
2008.04.07 10:56:47.731,2.013,2.0135,0.40,0.30
2008.04.07 10:56:47.995,2.013,2.01355,0.40,1.60
2008.04.07 10:56:48.259,2.01305,2.0135,2.40,0.40
2008.04.07 10:56:48.523,2.01305,2.0135,4.00,0.10
2008.04.07 10:56:48.797,2.01305,2.0135,4.00,0.40
2008.04.07 10:56:49.129,2.01305,2.0133,2.40,0.10
2008.04.07 10:56:49.464,2.01305,2.0133,4.00,0.10
2008.04.07 10:56:49.799,2.01305,2.01365,4.00,2.40
2008.04.07 10:56:50.134,2.01305,2.01365,8.00,2.40
2008.04.07 10:56:50.469,2.0132,2.0137,0.40,0.40
2008.04.07 10:56:50.806,2.0132,2.0135,0.40,0.10
2008.04.07 10:56:51.025,2.01305,2.0135,2.40,0.40
2008.04.07 10:56:51.244,2.01305,2.0136,2.40,0.30
2008.04.07 10:56:51.465,2.01305,2.01365,4.00,2.40
2008.04.07 10:56:51.715,2.01305,2.0136,4.00,0.30
2008.04.07 10:56:52.034,2.01305,2.01365,4.00,2.40
2008.04.07 10:56:52.317,2.01305,2.01365,4.00,2.40
2008.04.07 10:56:52.602,2.01305,2.01365,4.00,2.40
2008.04.07 10:56:52.886,2.01305,2.01365,4.00,2.40
2008.04.07 10:56:53.170,2.01305,2.01365,4.00,2.40
2008.04.07 10:56:53.455,2.01305,2.0136,4.00,0.30
2008.04.07 10:56:53.790,2.01305,2.01365,4.00,2.40
2008.04.07 10:56:54.127,2.01305,2.01365,4.00,2.40
2008.04.07 10:56:54.462,2.01305,2.01365,4.00,2.40
2008.04.07 10:56:54.797,2.01305,2.01365,4.00,2.40
2008.04.07 10:56:55.119,2.01305,2.01365,4.00,2.40
2008.04.07 10:56:55.443,2.01305,2.01365,4.00,2.40
2008.04.07 10:56:55.766,2.01305,2.01365,4.00,2.40
2008.04.07 10:56:56.091,2.01315,2.01365,0.10,2.40
2008.04.07 10:56:56.321,2.01315,2.01375,0.10,4.00
2008.04.07 10:56:56.551,2.01315,2.01375,0.10,4.00
2008.04.07 10:56:56.782,2.01315,2.01375,0.10,1.60
2008.04.07 10:56:57.013,2.01315,2.01375,0.10,1.60
2008.04.07 10:56:57.336,2.01315,2.01375,0.10,1.60
2008.04.07 10:56:57.660,2.01315,2.01375,0.10,1.60
2008.04.07 10:56:58.031,2.0131,2.01375,0.50,3.40
2008.04.07 10:56:58.318,2.0131,2.01365,0.40,0.30
2008.04.07 10:56:58.578,2.0131,2.0137,0.40,0.30
2008.04.07 10:56:58.839,2.0132,2.0136,0.40,0.10
2008.04.07 10:56:59.131,2.0132,2.0136,0.40,0.10
2008.04.07 10:56:59.467,2.01305,2.01365,0.10,3.20
2008.04.07 10:56:59.802,2.01305,2.01365,0.10,3.20
2008.04.07 10:57:00.138,2.01305,2.01365,0.10,3.20
2008.04.07 10:57:00.386,2.01305,2.01365,0.10,3.20
2008.04.07 10:57:00.636,2.01305,2.01365,0.10,3.20
2008.04.07 10:57:00.887,2.01305,2.01365,0.10,1.60
2008.04.07 10:57:01.139,2.01305,2.01365,0.10,1.60
2008.04.07 10:57:01.449,2.01305,2.01365,0.10,1.60
2008.04.07 10:57:01.760,2.01305,2.01365,0.10,1.60
2008.04.07 10:57:02.115,2.01305,2.01365,0.10,1.60
2008.04.07 10:57:02.419,2.01305,2.01365,0.10,1.60
2008.04.07 10:57:02.692,2.013,2.0136,0.40,0.30
2008.04.07 10:57:02.960,2.01305,2.01365,0.10,4.00
2008.04.07 10:57:03.224,2.01305,2.01365,0.10,3.20
2008.04.07 10:57:03.559,2.01305,2.01365,0.10,1.60
2008.04.07 10:57:03.892,2.01305,2.01365,0.10,1.60
2008.04.07 10:57:04.226,2.01305,2.01365,0.10,1.60
2008.04.07 10:57:04.560,2.01305,2.01365,0.10,1.60
2008.04.07 10:57:04.893,2.01305,2.01365,0.10,1.60
2008.04.07 10:57:05.227,2.01305,2.01365,0.10,1.60
2008.04.07 10:57:05.457,2.01305,2.01365,0.10,1.60
2008.04.07 10:57:05.686,2.01305,2.01365,0.10,1.60
2008.04.07 10:57:05.915,2.01305,2.01365,0.10,1.60
2008.04.07 10:57:06.145,2.01315,2.01365,0.10,1.60
2008.04.07 10:57:06.374,2.01315,2.0137,0.10,0.80
2008.04.07 10:57:06.710,2.0132,2.01375,0.40,3.20
2008.04.07 10:57:07.044,2.0132,2.01375,0.40,3.20
2008.04.07 10:57:07.378,2.0132,2.01375,0.40,3.20
2008.04.07 10:57:07.601,2.0132,2.01375,0.40,3.20
2008.04.07 10:57:07.828,2.0132,2.01375,0.40,4.00
2008.04.07 10:57:08.087,2.0132,2.01375,0.40,4.00
2008.04.07 10:57:08.313,2.0132,2.01375,0.40,4.00
2008.04.07 10:57:08.647,2.0132,2.01375,0.40,4.00
2008.04.07 10:57:08.980,2.0132,2.01375,0.40,4.00
2008.04.07 10:57:09.314,2.0132,2.01375,0.40,4.00
2008.04.07 10:57:09.649,2.0132,2.01375,0.40,4.00
2008.04.07 10:57:09.982,2.0132,2.01375,0.40,4.00
2008.04.07 10:57:10.317,2.0132,2.01375,0.40,4.00
2008.04.07 10:57:10.651,2.0132,2.01375,0.40,3.20
2008.04.07 10:57:10.890,2.0132,2.01375,0.40,1.60
2008.04.07 10:57:11.128,2.0132,2.0138,0.40,0.30
2008.04.07 10:57:11.368,2.0132,2.0138,0.40,0.30
2008.04.07 10:57:11.702,2.0132,2.0138,0.40,0.30
2008.04.07 10:57:12.035,2.0132,2.0138,0.40,0.30
2008.04.07 10:57:12.369,2.0132,2.0138,0.40,0.30
2008.04.07 10:57:12.621,2.0132,2.0138,0.40,0.30
2008.04.07 10:57:12.859,2.0132,2.0137,0.40,0.80
2008.04.07 10:57:13.138,2.0132,2.0137,0.40,0.80
2008.04.07 10:57:13.389,2.0132,2.0137,0.40,0.80
2008.04.07 10:57:13.722,2.0132,2.0137,0.40,0.80
2008.04.07 10:57:14.062,2.0132,2.0137,0.40,0.80
2008.04.07 10:57:14.395,2.0132,2.0137,0.40,0.80
2008.04.07 10:57:14.731,2.0132,2.0137,0.40,0.80
2008.04.07 10:57:15.067,2.0132,2.0137,0.40,0.80
2008.04.07 10:57:15.404,2.0132,2.0137,0.40,0.80
2008.04.07 10:57:15.629,2.0132,2.0137,0.40,0.80
2008.04.07 10:57:15.853,2.0132,2.0137,0.40,0.80
2008.04.07 10:57:16.079,2.0132,2.0137,0.40,0.80
2008.04.07 10:57:16.304,2.0132,2.0137,0.40,0.80
2008.04.07 10:57:16.529,2.0132,2.0137,0.40,0.80
2008.04.07 10:57:16.864,2.0132,2.0137,0.40,0.80
2008.04.07 10:57:17.197,2.0132,2.0137,0.40,0.80
2008.04.07 10:57:17.532,2.0132,2.0137,0.40,0.80
2008.04.07 10:57:17.778,2.0132,2.0137,0.40,0.80
2008.04.07 10:57:18.021,2.0132,2.0137,0.40,0.80
2008.04.07 10:57:18.266,2.0132,2.0137,0.40,0.80
2008.04.07 10:57:18.512,2.0132,2.0137,0.40,0.80
2008.04.07 10:57:18.846,2.0132,2.0137,0.40,0.80
2008.04.07 10:57:19.181,2.0132,2.0137,0.40,0.80
2008.04.07 10:57:19.517,2.0132,2.0137,0.40,0.80
2008.04.07 10:57:19.846,2.0132,2.0137,0.40,0.80
2008.04.07 10:57:20.177,2.0132,2.0137,0.40,0.80
2008.04.07 10:57:20.508,2.0132,2.0136,0.40,0.80
2008.04.07 10:57:20.757,2.0132,2.0136,0.40,0.80
2008.04.07 10:57:21.008,2.0132,2.0136,0.40,1.00
2008.04.07 10:57:21.258,2.0132,2.0135,0.40,0.10
2008.04.07 10:57:21.507,2.0132,2.0135,0.40,0.10
2008.04.07 10:57:21.756,2.0132,2.0135,0.40,0.10
2008.04.07 10:57:22.040,2.0132,2.0135,0.40,0.10
2008.04.07 10:57:22.325,2.0132,2.0136,0.40,1.00
2008.04.07 10:57:22.610,2.0132,2.0136,0.40,0.80
2008.04.07 10:57:22.889,2.0132,2.0136,0.40,0.80
2008.04.07 10:57:23.195,2.0132,2.0136,0.40,1.00
2008.04.07 10:57:23.453,2.0132,2.0136,0.40,1.00
2008.04.07 10:57:23.749,2.0132,2.0135,0.40,0.10
2008.04.07 10:57:24.082,2.0132,2.0135,0.40,0.10
2008.04.07 10:57:24.416,2.0132,2.0135,0.40,0.10
2008.04.07 10:57:24.750,2.0132,2.0135,0.40,0.10
2008.04.07 10:57:25.086,2.0132,2.0135,0.40,0.10
2008.04.07 10:57:25.420,2.0132,2.0135,0.40,0.10
2008.04.07 10:57:25.755,2.0132,2.0135,0.40,0.10
2008.04.07 10:57:25.976,2.0132,2.0135,0.40,0.10
2008.04.07 10:57:26.231,2.0132,2.0135,0.40,0.10
2008.04.07 10:57:26.415,2.0132,2.0135,0.40,0.10
2008.04.07 10:57:26.677,2.0132,2.0135,0.40,0.10
2008.04.07 10:57:26.934,2.0132,2.0135,0.40,0.10
2008.04.07 10:57:27.295,2.0132,2.0135,0.40,0.10
2008.04.07 10:57:27.658,2.0132,2.0135,0.40,0.10
2008.04.07 10:57:28.031,2.0132,2.0135,0.40,0.10
2008.04.07 10:57:28.258,2.0132,2.0135,0.40,0.10
2008.04.07 10:57:28.490,2.0132,2.0135,0.40,0.10
2008.04.07 10:57:28.765,2.0132,2.0135,0.40,0.10
2008.04.07 10:57:28.991,2.0132,2.0135,0.40,0.10
2008.04.07 10:57:29.325,2.0132,2.0135,0.40,0.10
2008.04.07 10:57:29.660,2.0132,2.0135,0.40,0.10
2008.04.07 10:57:29.996,2.0132,2.0135,0.40,0.10
2008.04.07 10:57:30.235,2.0132,2.0135,0.40,0.10
2008.04.07 10:57:30.462,2.0132,2.0135,0.40,0.10
2008.04.07 10:57:30.730,2.0133,2.0135,0.40,0.10
2008.04.07 10:57:30.997,2.0133,2.0135,0.40,0.10
2008.04.07 10:57:31.313,2.0131,2.0135,0.40,0.10
2008.04.07 10:57:31.624,2.0131,2.0134,0.40,0.10
2008.04.07 10:57:31.934,2.0131,2.01355,0.40,2.40
2008.04.07 10:57:32.182,2.01295,2.01335,4.00,0.30
2008.04.07 10:57:32.428,2.01295,2.0134,2.40,0.10
2008.04.07 10:57:32.673,2.013,2.0134,0.10,0.10
2008.04.07 10:57:32.918,2.0131,2.01345,0.40,1.60
2008.04.07 10:57:33.213,2.0131,2.01345,0.40,2.40
2008.04.07 10:57:33.525,2.0131,2.01345,0.40,2.40
2008.04.07 10:57:33.840,2.0131,2.0135,0.40,0.80
2008.04.07 10:57:34.156,2.013,2.0135,0.40,0.80
2008.04.07 10:57:34.490,2.013,2.0135,0.40,0.80
2008.04.07 10:57:34.825,2.013,2.0135,0.40,0.80
2008.04.07 10:57:35.158,2.013,2.0135,0.40,0.80
2008.04.07 10:57:35.377,2.013,2.0135,0.40,0.80
2008.04.07 10:57:35.597,2.013,2.0135,0.40,0.80
2008.04.07 10:57:35.849,2.013,2.01355,0.40,2.60
2008.04.07 10:57:36.102,2.013,2.01335,0.40,1.60
2008.04.07 10:57:36.382,2.013,2.01335,0.40,1.60
2008.04.07 10:57:36.704,2.013,2.01335,0.40,1.60
2008.04.07 10:57:37.032,2.013,2.01335,0.40,1.60
2008.04.07 10:57:37.310,2.013,2.0135,0.40,1.00
2008.04.07 10:57:37.596,2.0132,2.0135,0.40,0.80
2008.04.07 10:57:37.883,2.0132,2.0135,0.40,0.80
2008.04.07 10:57:38.182,2.0132,2.0135,0.40,0.80
2008.04.07 10:57:38.417,2.0132,2.0136,0.40,0.90
2008.04.07 10:57:38.651,2.0132,2.0136,0.40,0.90
2008.04.07 10:57:38.885,2.0132,2.0136,0.40,0.90
2008.04.07 10:57:39.119,2.0132,2.0136,0.40,0.90
2008.04.07 10:57:39.354,2.0132,2.0136,0.40,0.90
2008.04.07 10:57:39.689,2.0132,2.0136,0.40,0.90
2008.04.07 10:57:40.025,2.0132,2.0136,0.40,0.90
2008.04.07 10:57:40.360,2.0132,2.0136,0.40,0.90
2008.04.07 10:57:40.595,2.0132,2.0136,0.40,0.90
2008.04.07 10:57:40.849,2.0132,2.0136,0.40,0.90
2008.04.07 10:57:41.103,2.0132,2.0136,0.40,0.90
2008.04.07 10:57:41.323,2.0132,2.0136,0.40,0.90
2008.04.07 10:57:41.651,2.0132,2.0136,0.40,0.90
2008.04.07 10:57:41.972,2.0132,2.0136,0.40,0.90
2008.04.07 10:57:42.299,2.0132,2.0136,0.40,0.90
2008.04.07 10:57:42.537,2.0132,2.0136,0.40,0.90
2008.04.07 10:57:42.786,2.0132,2.0136,0.40,0.90
2008.04.07 10:57:43.024,2.0132,2.0136,0.40,0.90
2008.04.07 10:57:43.263,2.0132,2.0136,0.40,0.90
2008.04.07 10:57:43.502,2.0132,2.0136,0.40,0.90
2008.04.07 10:57:43.838,2.0132,2.0136,0.40,0.90
2008.04.07 10:57:44.172,2.0132,2.0136,0.40,0.90
2008.04.07 10:57:44.507,2.0132,2.0136,0.40,0.90
2008.04.07 10:57:44.881,2.0132,2.0136,0.40,0.10
2008.04.07 10:57:45.213,2.0132,2.0136,0.40,0.10
2008.04.07 10:57:45.546,2.0132,2.0136,0.40,0.10
2008.04.07 10:57:45.781,2.0132,2.0136,0.40,0.10
2008.04.07 10:57:46.015,2.0132,2.0136,0.40,0.10
2008.04.07 10:57:46.249,2.0132,2.0136,0.40,0.10
2008.04.07 10:57:46.521,2.0132,2.0136,0.40,0.10
2008.04.07 10:57:46.838,2.0132,2.0136,0.40,0.10
2008.04.07 10:57:47.157,2.0132,2.0136,0.40,0.10
2008.04.07 10:57:47.478,2.0132,2.0136,0.40,0.90
2008.04.07 10:57:47.716,2.0132,2.0136,0.40,0.90
2008.04.07 10:57:47.955,2.0132,2.0136,0.40,0.90
2008.04.07 10:57:48.196,2.0132,2.0136,0.40,0.90
2008.04.07 10:57:48.434,2.0132,2.0136,0.40,0.90
2008.04.07 10:57:48.673,2.0132,2.0136,0.40,0.90
2008.04.07 10:57:49.009,2.0132,2.0136,0.40,0.90
2008.04.07 10:57:49.344,2.0132,2.01355,0.40,0.80
2008.04.07 10:57:49.711,2.0132,2.01355,0.40,2.40
2008.04.07 10:57:50.045,2.0132,2.01355,0.40,2.40
2008.04.07 10:57:50.379,2.0132,2.0136,0.40,0.90
2008.04.07 10:57:50.713,2.0132,2.0136,0.40,0.90
2008.04.07 10:57:50.937,2.0132,2.0136,0.40,0.90
2008.04.07 10:57:51.161,2.0132,2.0136,0.40,0.90
2008.04.07 10:57:51.384,2.0132,2.0136,0.40,0.90
2008.04.07 10:57:51.608,2.0132,2.0136,0.40,0.90
2008.04.07 10:57:51.909,2.0132,2.0136,0.40,0.90
2008.04.07 10:57:52.210,2.0132,2.0136,0.40,1.10
2008.04.07 10:57:52.511,2.0132,2.0136,0.40,1.10
2008.04.07 10:57:52.814,2.0131,2.0136,0.40,1.10
2008.04.07 10:57:53.082,2.0131,2.0136,0.40,1.10
2008.04.07 10:57:53.346,2.0131,2.0136,0.40,1.10
2008.04.07 10:57:53.609,2.0131,2.0136,0.40,1.10
2008.04.07 10:57:53.944,2.0131,2.0136,0.40,1.10
2008.04.07 10:57:54.317,2.0131,2.0136,0.40,1.10
2008.04.07 10:57:54.692,2.0131,2.0136,0.40,1.10
2008.04.07 10:57:55.027,2.0131,2.0136,0.40,1.10
2008.04.07 10:57:55.361,2.0131,2.0136,0.40,1.10
2008.04.07 10:57:55.734,2.0131,2.0136,0.40,1.10
2008.04.07 10:57:55.989,2.0131,2.0136,0.40,1.10
2008.04.07 10:57:56.162,2.0131,2.0136,0.40,1.10
2008.04.07 10:57:56.376,2.0131,2.0136,0.40,1.10
2008.04.07 10:57:56.589,2.0131,2.0136,0.40,1.10
2008.04.07 10:57:56.889,2.0131,2.01355,0.40,1.60
2008.04.07 10:57:57.191,2.0132,2.01355,0.40,2.40
2008.04.07 10:57:57.490,2.0132,2.01355,0.40,0.80
2008.04.07 10:57:57.790,2.0132,2.0136,0.40,0.10
2008.04.07 10:57:58.025,2.0132,2.0136,0.40,0.10
2008.04.07 10:57:58.259,2.0132,2.0136,0.40,0.10
2008.04.07 10:57:58.493,2.0132,2.0136,0.40,0.10
2008.04.07 10:57:58.728,2.0132,2.01355,0.40,0.80
2008.04.07 10:57:59.081,2.0132,2.01355,0.40,2.40
2008.04.07 10:57:59.414,2.0132,2.01355,0.40,2.40
2008.04.07 10:57:59.749,2.0132,2.01355,0.40,2.40
2008.04.07 10:58:00.093,2.0132,2.01355,0.40,2.40
2008.04.07 10:58:00.428,2.0132,2.01355,0.40,0.80
2008.04.07 10:58:00.765,2.0132,2.0136,0.40,1.10
2008.04.07 10:58:01.019,2.0132,2.0136,0.40,1.10
2008.04.07 10:58:01.288,2.0131,2.0135,0.40,0.10
2008.04.07 10:58:01.557,2.0131,2.0135,0.40,0.10
2008.04.07 10:58:01.832,2.0131,2.0135,0.40,0.10
2008.04.07 10:58:02.170,2.0132,2.01355,0.40,2.40
2008.04.07 10:58:02.507,2.0132,2.01355,0.40,2.40
2008.04.07 10:58:02.848,2.0132,2.01355,0.40,2.40
2008.04.07 10:58:03.102,2.0132,2.01355,0.40,2.40
2008.04.07 10:58:03.319,2.0132,2.01355,0.40,2.40
2008.04.07 10:58:03.567,2.0132,2.01355,0.40,2.40
2008.04.07 10:58:03.789,2.0132,2.01365,0.40,2.40
2008.04.07 10:58:04.008,2.0132,2.01365,0.40,2.40
2008.04.07 10:58:04.344,2.0132,2.01365,0.40,2.40
2008.04.07 10:58:04.680,2.0132,2.01365,0.40,2.40
2008.04.07 10:58:05.016,2.0132,2.01365,0.40,2.40
2008.04.07 10:58:05.257,2.0132,2.01365,0.40,2.40
2008.04.07 10:58:05.494,2.0132,2.01365,0.40,2.40
2008.04.07 10:58:05.736,2.0132,2.01365,0.40,2.40
2008.04.07 10:58:06.010,2.0132,2.01365,0.40,2.40
2008.04.07 10:58:06.325,2.0132,2.01365,0.40,2.40
2008.04.07 10:58:06.651,2.0132,2.01365,0.40,2.40
2008.04.07 10:58:06.978,2.0132,2.01365,0.40,2.40
2008.04.07 10:58:07.253,2.0132,2.01365,0.40,2.40
2008.04.07 10:58:07.533,2.0132,2.0136,0.40,0.80
2008.04.07 10:58:07.811,2.0132,2.0136,0.40,0.80
2008.04.07 10:58:08.092,2.0132,2.01365,0.40,2.40
2008.04.07 10:58:08.387,2.0132,2.01365,0.40,2.40
2008.04.07 10:58:08.685,2.0132,2.01365,0.40,2.40
2008.04.07 10:58:08.980,2.0132,2.0136,0.40,0.80
2008.04.07 10:58:09.316,2.0132,2.0136,0.40,0.80
2008.04.07 10:58:09.651,2.0132,2.0136,0.40,0.90
2008.04.07 10:58:10.031,2.0132,2.0136,0.40,0.90
2008.04.07 10:58:10.214,2.0132,2.0136,0.40,0.90
2008.04.07 10:58:10.445,2.0132,2.0136,0.40,0.90
2008.04.07 10:58:10.675,2.0132,2.0136,0.40,0.80
2008.04.07 10:58:10.905,2.0132,2.01365,0.40,3.20
2008.04.07 10:58:11.136,2.0132,2.0136,0.40,0.80
2008.04.07 10:58:11.456,2.0132,2.0136,0.40,0.80
2008.04.07 10:58:11.776,2.0132,2.0136,0.40,0.80
2008.04.07 10:58:12.138,2.0132,2.0136,0.40,0.80
2008.04.07 10:58:12.401,2.0132,2.0136,0.40,0.80
2008.04.07 10:58:12.666,2.0132,2.0136,0.40,0.80
2008.04.07 10:58:12.931,2.0132,2.0136,0.40,0.80
2008.04.07 10:58:13.231,2.0132,2.0136,0.40,0.80
2008.04.07 10:58:13.495,2.0132,2.0136,0.40,0.80
2008.04.07 10:58:13.791,2.0132,2.0136,0.40,0.80
2008.04.07 10:58:14.055,2.0132,2.0136,0.40,0.80
2008.04.07 10:58:14.319,2.0132,2.0136,0.40,0.80
2008.04.07 10:58:14.652,2.0132,2.0136,0.40,0.80
2008.04.07 10:58:14.987,2.0132,2.0136,0.40,0.80
2008.04.07 10:58:15.323,2.0132,2.0136,0.40,0.80
2008.04.07 10:58:15.559,2.0132,2.0136,0.40,0.80
2008.04.07 10:58:15.828,2.0132,2.0136,0.40,0.80
2008.04.07 10:58:16.103,2.0132,2.0136,0.40,0.80
2008.04.07 10:58:16.629,2.0132,2.0136,0.40,0.80
2008.04.07 10:58:16.942,2.0132,2.0136,0.40,0.10
2008.04.07 10:58:17.251,2.0133,2.0136,0.40,0.10
2008.04.07 10:58:17.456,2.0133,2.0136,0.40,0.10
2008.04.07 10:58:17.668,2.0133,2.0136,0.40,0.10
2008.04.07 10:58:17.788,2.0133,2.0136,0.40,0.10
2008.04.07 10:58:17.954,2.0133,2.0136,0.40,0.10
2008.04.07 10:58:18.116,2.0133,2.0136,0.40,0.10
2008.04.07 10:58:18.282,2.0133,2.0136,0.40,0.10
2008.04.07 10:58:18.616,2.0133,2.0136,0.40,0.10
2008.04.07 10:58:18.952,2.0133,2.0136,0.40,0.10
2008.04.07 10:58:19.287,2.0133,2.0136,0.40,0.10
2008.04.07 10:58:19.622,2.0133,2.0136,0.40,0.10
2008.04.07 10:58:19.957,2.0133,2.0136,0.40,0.10
2008.04.07 10:58:20.294,2.0133,2.0136,0.40,0.10
2008.04.07 10:58:20.640,2.0133,2.0136,0.40,0.10
2008.04.07 10:58:20.907,2.0133,2.0136,0.40,0.10
2008.04.07 10:58:21.179,2.0133,2.0136,0.40,0.10
2008.04.07 10:58:21.444,2.0133,2.0136,0.40,0.10
2008.04.07 10:58:21.795,2.0133,2.0136,0.40,0.10
2008.04.07 10:58:22.123,2.0133,2.0136,0.40,0.10
2008.04.07 10:58:22.474,2.0133,2.0136,0.40,0.10
2008.04.07 10:58:22.703,2.0133,2.0136,0.40,0.10
2008.04.07 10:58:22.931,2.0133,2.0136,0.40,0.10
2008.04.07 10:58:23.161,2.0133,2.0136,0.40,0.10
2008.04.07 10:58:23.390,2.0133,2.0136,0.40,0.10
2008.04.07 10:58:24.741,2.0133,2.0136,0.40,0.10
2008.04.07 10:58:24.877,2.0133,2.0136,0.40,0.10
2008.04.07 10:58:24.956,2.0133,2.0136,0.40,0.10
2008.04.07 10:58:25.043,2.0133,2.0137,0.40,0.80
2008.04.07 10:58:25.071,2.0133,2.0137,0.40,0.80
2008.04.07 10:58:25.132,2.0133,2.0137,0.40,0.80
2008.04.07 10:58:25.209,2.0133,2.0137,0.40,0.80
2008.04.07 10:58:25.243,2.0133,2.0137,0.40,0.80
2008.04.07 10:58:25.309,2.0133,2.0137,0.40,0.80
2008.04.07 10:58:25.456,2.0133,2.0137,0.40,0.80
2008.04.07 10:58:25.556,2.0133,2.0137,0.40,0.80
2008.04.07 10:58:25.637,2.0133,2.0137,0.40,0.80
2008.04.07 10:58:25.758,2.0133,2.0137,0.40,0.80
2008.04.07 10:58:26.091,2.0133,2.0137,0.40,0.80
2008.04.07 10:58:26.464,2.0133,2.0137,0.40,0.80
2008.04.07 10:58:26.759,2.0133,2.0137,0.40,1.00
2008.04.07 10:58:26.989,2.0133,2.0137,0.40,1.00
2008.04.07 10:58:27.219,2.0133,2.0137,0.40,1.00
2008.04.07 10:58:27.449,2.0133,2.0136,0.40,0.10
2008.04.07 10:58:27.678,2.0133,2.0136,0.40,0.10
2008.04.07 10:58:27.908,2.0133,2.0136,0.40,0.10
2008.04.07 10:58:28.242,2.0133,2.0136,0.40,0.10
2008.04.07 10:58:28.576,2.0133,2.0136,0.40,0.10
2008.04.07 10:58:28.946,2.0133,2.0136,0.40,0.10
2008.04.07 10:58:29.274,2.0133,2.0136,0.40,0.10
2008.04.07 10:58:29.603,2.0133,2.0136,0.40,0.10
2008.04.07 10:58:29.933,2.0133,2.0136,0.40,0.10
2008.04.07 10:58:30.268,2.0133,2.0136,0.40,0.10
2008.04.07 10:58:30.626,2.0133,2.01375,0.40,4.00
2008.04.07 10:58:30.961,2.0133,2.01375,0.40,4.00
2008.04.07 10:58:31.198,2.0133,2.01375,0.40,4.00
2008.04.07 10:58:31.443,2.0133,2.01375,0.40,4.00
2008.04.07 10:58:31.699,2.0133,2.01375,0.40,4.00
2008.04.07 10:58:31.962,2.0133,2.0137,0.40,0.30
2008.04.07 10:58:32.285,2.0133,2.01375,0.40,4.00
2008.04.07 10:58:32.601,2.0133,2.01375,0.40,4.00
2008.04.07 10:58:32.914,2.0133,2.01375,0.40,4.00
2008.04.07 10:58:33.230,2.0133,2.01375,0.40,4.00
2008.04.07 10:58:33.484,2.0133,2.01375,0.40,4.00
2008.04.07 10:58:33.739,2.0133,2.01375,0.40,4.00
2008.04.07 10:58:33.994,2.0133,2.01375,0.40,4.00
2008.04.07 10:58:34.329,2.0133,2.01375,0.40,4.00
2008.04.07 10:58:34.664,2.0133,2.01375,0.40,4.00
2008.04.07 10:58:34.999,2.0133,2.01375,0.40,4.00
2008.04.07 10:58:35.293,2.0133,2.01375,0.40,4.00
2008.04.07 10:58:35.589,2.0133,2.01375,0.40,4.00
2008.04.07 10:58:35.882,2.0133,2.01375,0.40,4.00
2008.04.07 10:58:36.178,2.0133,2.01375,0.40,4.00
2008.04.07 10:58:36.456,2.0133,2.01375,0.40,4.00
2008.04.07 10:58:36.736,2.0133,2.01375,0.40,4.00
2008.04.07 10:58:37.019,2.0133,2.01375,0.40,4.00
2008.04.07 10:58:37.281,2.0133,2.01375,0.40,4.00
2008.04.07 10:58:37.545,2.01315,2.0137,2.40,0.30
2008.04.07 10:58:37.810,2.0131,2.01365,0.40,1.60
2008.04.07 10:58:38.070,2.0131,2.01365,0.40,2.40
2008.04.07 10:58:38.379,2.0131,2.01365,0.40,2.40
2008.04.07 10:58:38.688,2.0131,2.01365,0.40,1.60
2008.04.07 10:58:39.000,2.0131,2.01365,0.40,2.40
2008.04.07 10:58:39.309,2.0131,2.01365,0.40,2.40
2008.04.07 10:58:39.643,2.0131,2.01365,0.40,2.40
2008.04.07 10:58:39.978,2.0131,2.01365,0.40,2.40
2008.04.07 10:58:40.312,2.0131,2.01365,0.40,2.40
2008.04.07 10:58:40.545,2.0131,2.01365,0.40,2.40
2008.04.07 10:58:40.781,2.0131,2.01365,0.40,2.40
2008.04.07 10:58:41.018,2.0131,2.01365,0.40,2.40
2008.04.07 10:58:41.254,2.01315,2.01365,1.60,1.60
2008.04.07 10:58:41.543,2.01315,2.0137,1.60,0.30
2008.04.07 10:58:41.833,2.0133,2.01375,0.40,2.40
2008.04.07 10:58:42.124,2.01315,2.0137,1.60,0.30
2008.04.07 10:58:42.383,2.01315,2.0137,1.60,0.30
2008.04.07 10:58:42.643,2.01315,2.0137,1.60,0.30
2008.04.07 10:58:42.935,2.01315,2.01365,1.60,1.60
2008.04.07 10:58:43.234,2.01315,2.01365,1.60,2.40
2008.04.07 10:58:43.483,2.01315,2.01365,1.60,2.40
2008.04.07 10:58:43.739,2.01315,2.01365,1.60,2.40
2008.04.07 10:58:43.993,2.01315,2.01365,1.60,2.40
2008.04.07 10:58:44.248,2.01315,2.01365,1.60,2.40
2008.04.07 10:58:44.583,2.01315,2.01365,1.60,2.40
2008.04.07 10:58:44.920,2.01315,2.0137,1.60,0.80
2008.04.07 10:58:45.258,2.01325,2.0137,0.10,0.80
2008.04.07 10:58:45.504,2.0132,2.0138,0.40,1.10
2008.04.07 10:58:45.799,2.0132,2.0138,0.40,1.10
2008.04.07 10:58:46.044,2.0132,2.0138,0.40,1.10
2008.04.07 10:58:46.288,2.0132,2.0138,0.40,1.10
2008.04.07 10:58:46.591,2.0132,2.0138,0.40,1.10
2008.04.07 10:58:46.896,2.0132,2.01375,0.40,0.80
2008.04.07 10:58:47.202,2.0132,2.0137,0.40,0.80
2008.04.07 10:58:47.506,2.0132,2.0137,0.40,0.80
2008.04.07 10:58:47.800,2.0132,2.0137,0.40,0.80
2008.04.07 10:58:48.128,2.0132,2.0137,0.40,0.80
2008.04.07 10:58:48.440,2.0132,2.0137,0.40,0.80
2008.04.07 10:58:48.696,2.0132,2.0137,0.40,0.80
2008.04.07 10:58:48.956,2.0132,2.0137,0.40,0.80
2008.04.07 10:58:49.211,2.0132,2.0137,0.40,0.80
2008.04.07 10:58:49.465,2.0132,2.0137,0.40,0.80
2008.04.07 10:58:49.801,2.0132,2.0137,0.40,0.80
2008.04.07 10:58:50.138,2.0132,2.0137,0.40,0.80
2008.04.07 10:58:50.473,2.0132,2.0137,0.40,0.80
2008.04.07 10:58:50.702,2.0132,2.0137,0.40,0.80
2008.04.07 10:58:50.916,2.0133,2.01375,0.50,0.80
2008.04.07 10:58:51.130,2.0133,2.0138,0.40,0.80
2008.04.07 10:58:51.338,2.0133,2.0137,0.40,0.80
2008.04.07 10:58:51.575,2.0133,2.0137,0.40,0.80
2008.04.07 10:58:51.952,2.01325,2.0137,1.60,0.80
2008.04.07 10:58:52.285,2.01325,2.0137,1.60,0.80
2008.04.07 10:58:52.653,2.01325,2.0137,1.60,0.80
2008.04.07 10:58:52.916,2.01325,2.0137,1.60,0.80
2008.04.07 10:58:53.185,2.01325,2.0137,1.60,0.80
2008.04.07 10:58:53.364,2.01325,2.0137,1.60,0.80
2008.04.07 10:58:53.587,2.01325,2.0137,1.60,0.80
2008.04.07 10:58:53.963,2.01325,2.0137,1.60,0.80
2008.04.07 10:58:54.296,2.01325,2.0138,1.60,0.80
2008.04.07 10:58:54.631,2.01325,2.0137,2.40,0.10
2008.04.07 10:58:54.966,2.01335,2.0137,1.60,0.10
2008.04.07 10:58:55.302,2.0133,2.0138,0.40,0.80
2008.04.07 10:58:55.637,2.0133,2.01385,0.40,2.40
2008.04.07 10:58:55.862,2.0133,2.01385,0.50,2.40
2008.04.07 10:58:56.087,2.0133,2.01385,0.50,2.40
2008.04.07 10:58:56.311,2.0133,2.01385,0.50,2.40
2008.04.07 10:58:56.535,2.0133,2.01385,0.50,2.40
2008.04.07 10:58:56.844,2.01335,2.01385,1.60,2.40
2008.04.07 10:58:57.155,2.01335,2.01385,1.60,2.40
2008.04.07 10:58:57.463,2.01335,2.01385,1.60,2.40
2008.04.07 10:58:57.774,2.01335,2.01385,1.60,2.40
2008.04.07 10:58:58.043,2.01335,2.01385,1.60,2.40
2008.04.07 10:58:58.312,2.01335,2.01385,1.60,2.40
2008.04.07 10:58:58.582,2.01335,2.01385,1.60,2.40
2008.04.07 10:58:58.960,2.01335,2.01385,1.60,2.40
2008.04.07 10:58:59.296,2.01335,2.0139,1.60,0.80
2008.04.07 10:58:59.631,2.01335,2.0139,1.60,0.80
2008.04.07 10:58:59.966,2.01335,2.0139,1.60,0.80
2008.04.07 10:59:00.302,2.01335,2.01385,1.60,1.60
2008.04.07 10:59:00.638,2.01335,2.01385,1.60,2.40
2008.04.07 10:59:00.911,2.01335,2.0138,1.60,0.10
2008.04.07 10:59:01.147,2.01335,2.0138,1.60,0.10
2008.04.07 10:59:01.419,2.01335,2.0138,1.60,0.10
2008.04.07 10:59:01.687,2.01335,2.0138,1.60,0.10
2008.04.07 10:59:01.977,2.01335,2.0138,1.60,0.10
2008.04.07 10:59:02.286,2.01335,2.0138,1.60,0.10
2008.04.07 10:59:02.612,2.01335,2.0138,1.60,0.10
2008.04.07 10:59:02.939,2.01335,2.0138,1.60,0.10
2008.04.07 10:59:03.273,2.01335,2.0138,1.60,0.10
2008.04.07 10:59:03.565,2.01335,2.0138,1.60,0.10
2008.04.07 10:59:03.859,2.01335,2.0138,1.60,0.10
2008.04.07 10:59:04.193,2.01335,2.0138,1.60,0.10
2008.04.07 10:59:04.526,2.01335,2.0138,1.60,0.10
2008.04.07 10:59:04.860,2.01335,2.0138,1.60,0.10
2008.04.07 10:59:05.196,2.01335,2.0138,1.60,0.10
2008.04.07 10:59:05.530,2.01335,2.0138,1.60,0.10
2008.04.07 10:59:05.863,2.01335,2.0138,1.60,0.10
2008.04.07 10:59:06.198,2.01335,2.0138,1.60,0.10
2008.04.07 10:59:06.407,2.01335,2.0138,1.60,0.10
2008.04.07 10:59:06.616,2.01335,2.0138,1.60,0.10
2008.04.07 10:59:06.826,2.01335,2.0138,1.60,0.10
2008.04.07 10:59:07.038,2.01335,2.0138,1.60,0.10
2008.04.07 10:59:07.374,2.01335,2.0138,1.60,0.10
2008.04.07 10:59:07.721,2.01335,2.0138,1.60,0.10
2008.04.07 10:59:08.094,2.01335,2.0138,1.60,0.10
2008.04.07 10:59:08.349,2.01335,2.0138,1.60,0.10
2008.04.07 10:59:08.566,2.01335,2.0138,1.60,0.10
2008.04.07 10:59:08.795,2.01335,2.0138,1.60,0.10
2008.04.07 10:59:09.021,2.01335,2.0138,1.60,0.10
2008.04.07 10:59:09.365,2.01335,2.0138,1.60,0.10
2008.04.07 10:59:09.701,2.01335,2.0138,1.60,0.10
2008.04.07 10:59:10.073,2.01335,2.0138,1.60,0.10
2008.04.07 10:59:10.441,2.01335,2.0138,1.60,0.10
2008.04.07 10:59:10.817,2.01335,2.0138,1.60,0.10
2008.04.07 10:59:11.184,2.01335,2.0138,1.60,0.10
2008.04.07 10:59:11.451,2.01335,2.0138,1.60,0.10
2008.04.07 10:59:11.715,2.01335,2.0138,1.60,0.10
2008.04.07 10:59:11.976,2.01335,2.0138,1.60,0.10
2008.04.07 10:59:12.229,2.01335,2.0138,1.60,0.10
2008.04.07 10:59:12.483,2.01335,2.0138,1.60,0.10
2008.04.07 10:59:12.736,2.01335,2.0138,1.60,0.10
2008.04.07 10:59:12.990,2.01335,2.0138,1.60,0.10
2008.04.07 10:59:13.278,2.01335,2.0138,1.60,0.10
2008.04.07 10:59:13.568,2.01335,2.0138,1.60,0.10
2008.04.07 10:59:13.858,2.01335,2.0138,1.60,0.10
2008.04.07 10:59:14.147,2.01335,2.0138,1.60,0.10
2008.04.07 10:59:14.480,2.01335,2.0138,1.60,0.10
2008.04.07 10:59:14.850,2.01335,2.0138,1.60,0.10
2008.04.07 10:59:15.149,2.01335,2.0138,1.60,0.10
2008.04.07 10:59:15.415,2.01335,2.0138,1.60,0.10
2008.04.07 10:59:15.707,2.01335,2.0138,1.60,0.10
2008.04.07 10:59:15.885,2.01335,2.0138,1.60,0.10
2008.04.07 10:59:16.119,2.01335,2.0138,1.60,0.10
2008.04.07 10:59:16.354,2.01335,2.0138,1.60,0.10
2008.04.07 10:59:16.678,2.01335,2.0138,1.60,0.10
2008.04.07 10:59:17.004,2.0137,2.01385,0.40,2.40
2008.04.07 10:59:17.366,2.0137,2.0141,0.40,0.90
2008.04.07 10:59:17.569,2.0137,2.0141,0.40,0.90
2008.04.07 10:59:17.774,2.0137,2.0141,0.40,0.10
2008.04.07 10:59:17.978,2.01345,2.0138,7.80,0.10
2008.04.07 10:59:18.184,2.01335,2.0138,4.00,0.10
2008.04.07 10:59:18.391,2.01335,2.0138,4.00,0.10
2008.04.07 10:59:18.750,2.01335,2.0138,4.00,0.10
2008.04.07 10:59:19.084,2.01335,2.0138,4.00,0.10
2008.04.07 10:59:19.419,2.01335,2.0138,4.00,0.10
2008.04.07 10:59:19.755,2.01335,2.0138,4.00,0.10
2008.04.07 10:59:20.091,2.01335,2.0138,4.00,0.10
2008.04.07 10:59:20.426,2.01335,2.0138,4.00,0.10
2008.04.07 10:59:20.669,2.01335,2.0138,4.00,0.10
2008.04.07 10:59:20.913,2.01345,2.0138,1.60,0.10
2008.04.07 10:59:21.178,2.01345,2.0138,1.60,0.10
2008.04.07 10:59:21.455,2.01345,2.0138,1.60,0.10
2008.04.07 10:59:21.730,2.01345,2.0138,1.60,0.10
2008.04.07 10:59:22.033,2.01345,2.0138,2.40,0.10
2008.04.07 10:59:22.324,2.01345,2.0138,2.40,0.10
2008.04.07 10:59:22.634,2.01345,2.0138,2.40,0.10
2008.04.07 10:59:22.960,2.01345,2.0138,2.40,0.10
2008.04.07 10:59:23.275,2.01345,2.0138,2.40,0.10
2008.04.07 10:59:23.566,2.01345,2.0138,2.40,0.10
2008.04.07 10:59:23.896,2.01345,2.0138,2.40,0.10
2008.04.07 10:59:24.231,2.01345,2.0138,2.40,0.10
2008.04.07 10:59:24.567,2.0136,2.0138,0.40,0.10
2008.04.07 10:59:24.901,2.0136,2.0138,0.40,0.10
2008.04.07 10:59:25.236,2.0136,2.0138,0.40,0.10
2008.04.07 10:59:25.612,2.0137,2.0141,0.40,0.80
2008.04.07 10:59:25.873,2.0137,2.0141,0.40,0.80
2008.04.07 10:59:26.163,2.0137,2.0141,0.40,0.80
2008.04.07 10:59:26.403,2.01355,2.0141,1.60,0.80
2008.04.07 10:59:26.643,2.01355,2.0141,1.60,0.80
2008.04.07 10:59:26.949,2.01355,2.0141,1.60,0.80
2008.04.07 10:59:27.255,2.0137,2.0141,0.40,0.80
2008.04.07 10:59:27.560,2.0137,2.0141,0.40,0.80
2008.04.07 10:59:27.864,2.0137,2.0141,0.40,0.80
2008.04.07 10:59:28.133,2.0137,2.01415,0.40,2.40
2008.04.07 10:59:28.403,2.01355,2.01415,1.60,2.40
2008.04.07 10:59:28.672,2.01355,2.01415,1.60,2.40
2008.04.07 10:59:29.064,2.01355,2.01415,1.60,2.40
2008.04.07 10:59:29.376,2.01355,2.01415,1.60,2.40
2008.04.07 10:59:29.710,2.01355,2.01415,1.60,2.40
2008.04.07 10:59:30.045,2.01355,2.0141,1.60,0.80
2008.04.07 10:59:30.379,2.01355,2.0141,1.60,0.80
2008.04.07 10:59:30.712,2.01355,2.0141,1.60,0.80
2008.04.07 10:59:30.946,2.01355,2.0141,1.60,0.80
2008.04.07 10:59:31.180,2.01355,2.0141,1.60,0.80
2008.04.07 10:59:31.456,2.01355,2.0141,1.60,0.80
2008.04.07 10:59:31.689,2.01355,2.0141,1.60,0.80
2008.04.07 10:59:31.962,2.01355,2.0141,1.60,0.80
2008.04.07 10:59:32.286,2.01355,2.0141,1.60,0.80
2008.04.07 10:59:32.610,2.01355,2.0142,1.60,1.00
2008.04.07 10:59:32.933,2.01355,2.0142,1.60,1.00
2008.04.07 10:59:33.171,2.01355,2.0142,1.60,1.00
2008.04.07 10:59:33.413,2.01355,2.0142,1.60,1.00
2008.04.07 10:59:33.652,2.01355,2.0142,1.60,1.00
2008.04.07 10:59:33.891,2.01355,2.0142,1.60,1.00
2008.04.07 10:59:34.226,2.01355,2.0142,1.60,1.00
2008.04.07 10:59:34.561,2.01355,2.0142,1.60,1.00
2008.04.07 10:59:34.895,2.01355,2.0142,1.60,1.00
2008.04.07 10:59:35.229,2.01355,2.0142,1.60,1.00
2008.04.07 10:59:35.563,2.01355,2.0142,1.60,1.00
2008.04.07 10:59:35.898,2.0136,2.0142,0.10,0.80
2008.04.07 10:59:36.125,2.0136,2.0142,0.10,0.80
2008.04.07 10:59:36.351,2.0136,2.0142,0.10,0.80
2008.04.07 10:59:36.574,2.0136,2.01425,0.10,4.20
2008.04.07 10:59:36.798,2.0136,2.01425,0.10,4.20
2008.04.07 10:59:37.103,2.01365,2.01425,1.60,2.60
2008.04.07 10:59:37.407,2.01365,2.01425,1.60,2.60
2008.04.07 10:59:37.728,2.01365,2.01425,1.60,2.60
2008.04.07 10:59:38.031,2.01365,2.01425,1.60,2.60
2008.04.07 10:59:38.326,2.01365,2.01425,1.60,2.60
2008.04.07 10:59:38.600,2.01365,2.01425,1.60,2.60
2008.04.07 10:59:38.893,2.01365,2.01425,1.60,2.60
2008.04.07 10:59:39.228,2.01365,2.01425,1.60,1.80
2008.04.07 10:59:39.566,2.0137,2.0143,0.10,0.80
2008.04.07 10:59:39.899,2.0137,2.0143,0.10,0.80
2008.04.07 10:59:40.234,2.01365,2.0143,3.20,1.00
2008.04.07 10:59:40.568,2.01365,2.0143,4.00,1.00
2008.04.07 10:59:40.904,2.01365,2.0143,4.00,1.00
2008.04.07 10:59:41.134,2.01365,2.0143,4.00,1.00
2008.04.07 10:59:41.364,2.01365,2.0143,4.00,1.00
2008.04.07 10:59:41.592,2.01365,2.0143,4.00,1.00
2008.04.07 10:59:41.821,2.01365,2.0143,4.00,1.00
2008.04.07 10:59:42.081,2.01365,2.0143,4.00,1.00
2008.04.07 10:59:42.407,2.01365,2.01425,1.60,1.60
2008.04.07 10:59:42.732,2.01365,2.0142,1.60,1.00
2008.04.07 10:59:43.057,2.01365,2.0142,1.60,1.00
2008.04.07 10:59:43.298,2.01365,2.0142,1.60,1.00
2008.04.07 10:59:43.526,2.01365,2.0142,1.60,1.00
2008.04.07 10:59:43.777,2.01365,2.0142,1.60,0.80
2008.04.07 10:59:44.032,2.01365,2.01425,1.60,2.60
2008.04.07 10:59:44.376,2.01365,2.01425,2.40,2.60
2008.04.07 10:59:44.711,2.01365,2.01425,2.40,2.60
2008.04.07 10:59:45.046,2.01365,2.01425,2.40,2.60
2008.04.07 10:59:45.381,2.01365,2.01425,2.40,2.60
2008.04.07 10:59:45.715,2.01365,2.01425,2.40,2.60
2008.04.07 10:59:46.049,2.01365,2.01425,2.40,2.60
2008.04.07 10:59:46.283,2.01365,2.01425,2.40,2.60
2008.04.07 10:59:46.517,2.01375,2.01425,2.40,2.60
2008.04.07 10:59:46.753,2.0138,2.01425,0.40,2.40
2008.04.07 10:59:46.988,2.0138,2.01425,0.40,0.80
2008.04.07 10:59:47.223,2.0138,2.0143,0.50,0.80
2008.04.07 10:59:47.554,2.0138,2.0143,0.50,0.80
2008.04.07 10:59:47.884,2.0138,2.0143,0.40,0.80
2008.04.07 10:59:48.252,2.0138,2.01425,0.40,1.60
2008.04.07 10:59:48.483,2.0138,2.01425,0.40,2.60
2008.04.07 10:59:48.725,2.0138,2.01425,0.40,2.40
2008.04.07 10:59:48.966,2.0138,2.01425,0.40,2.40
2008.04.07 10:59:49.206,2.0138,2.01425,0.40,2.60
2008.04.07 10:59:49.542,2.0138,2.01425,0.40,2.40
2008.04.07 10:59:49.876,2.0138,2.01425,0.40,2.40
2008.04.07 10:59:50.212,2.0138,2.01425,0.40,2.60
2008.04.07 10:59:50.430,2.0138,2.01425,0.40,2.60
2008.04.07 10:59:50.649,2.0138,2.01425,0.40,2.60
2008.04.07 10:59:50.898,2.0138,2.0141,0.40,0.10
2008.04.07 10:59:51.125,2.0138,2.0141,0.40,0.10
2008.04.07 10:59:51.376,2.0138,2.0141,0.40,0.10
2008.04.07 10:59:51.706,2.0138,2.01415,0.40,1.60
2008.04.07 10:59:52.039,2.0138,2.01415,0.40,1.60
2008.04.07 10:59:52.371,2.0138,2.0142,0.40,0.80
2008.04.07 10:59:52.590,2.0138,2.0142,0.40,0.80
2008.04.07 10:59:52.807,2.0138,2.0142,0.40,0.80
2008.04.07 10:59:53.026,2.0138,2.0142,0.40,0.80
2008.04.07 10:59:53.246,2.0138,2.0142,0.40,0.80
2008.04.07 10:59:53.465,2.0138,2.0142,0.40,1.00
2008.04.07 10:59:53.801,2.0138,2.0141,0.40,0.10
2008.04.07 10:59:54.134,2.0138,2.0141,0.40,0.10
2008.04.07 10:59:54.469,2.0138,2.0141,0.40,0.10
2008.04.07 10:59:54.805,2.0138,2.0141,0.40,0.10
2008.04.07 10:59:55.138,2.0138,2.0141,0.40,0.10
2008.04.07 10:59:55.472,2.0138,2.0141,0.40,0.10
2008.04.07 10:59:55.702,2.0138,2.0141,0.40,0.10
2008.04.07 10:59:55.932,2.0138,2.0141,0.40,0.10
2008.04.07 10:59:56.165,2.0138,2.0141,0.40,0.10
2008.04.07 10:59:56.394,2.0138,2.0141,0.40,0.10
2008.04.07 10:59:56.694,2.0138,2.0141,0.40,0.10
2008.04.07 10:59:56.994,2.0138,2.0141,0.40,0.10
2008.04.07 10:59:57.295,2.01365,2.0141,0.80,0.10
2008.04.07 10:59:57.597,2.0138,2.0141,0.40,0.90
2008.04.07 10:59:57.914,2.0136,2.0139,0.40,0.10
2008.04.07 10:59:58.196,2.01345,2.01395,1.60,1.60
2008.04.07 10:59:58.475,2.0135,2.01395,0.10,2.40
2008.04.07 10:59:58.746,2.01345,2.01395,4.80,2.40
2008.04.07 10:59:59.019,2.0136,2.01395,0.40,1.60
2008.04.07 10:59:59.326,2.0135,2.014,0.40,0.80
2008.04.07 10:59:59.588,2.01355,2.01405,1.60,2.40
2008.04.07 10:59:59.923,2.01355,2.01405,1.60,2.40
