2007.11.16 19:00:00.038,2.2898,2.29035,3.00,2.40
2007.11.16 19:00:01.599,2.2898,2.29035,3.00,2.40
2007.11.16 19:00:01.891,2.28985,2.29035,2.20,2.40
2007.11.16 19:00:02.084,2.28985,2.29035,2.20,4.00
2007.11.16 19:00:02.406,2.28985,2.29035,2.20,1.60
2007.11.16 19:00:02.725,2.28985,2.29035,2.20,1.60
2007.11.16 19:00:03.042,2.28985,2.29035,2.20,1.60
2007.11.16 19:00:04.182,2.28985,2.29035,2.20,4.00
2007.11.16 19:00:07.094,2.28985,2.29035,2.20,1.60
2007.11.16 19:00:08.106,2.28985,2.29035,2.20,1.60
2007.11.16 19:00:08.311,2.28985,2.2904,2.20,2.40
2007.11.16 19:00:08.595,2.28985,2.2904,2.20,2.40
2007.11.16 19:00:08.877,2.2899,2.29045,3.00,6.00
2007.11.16 19:00:09.414,2.2899,2.2904,0.80,2.40
2007.11.16 19:00:09.671,2.2899,2.2904,0.80,2.40
2007.11.16 19:00:09.819,2.2899,2.2904,0.80,2.40
2007.11.16 19:00:09.968,2.28985,2.2904,2.20,2.40
2007.11.16 19:00:12.495,2.28985,2.2904,2.20,2.40
2007.11.16 19:00:13.139,2.28985,2.2904,2.20,2.40
2007.11.16 19:00:16.091,2.28985,2.29035,2.20,2.40
2007.11.16 19:00:16.915,2.28985,2.2904,2.20,2.40
2007.11.16 19:00:17.580,2.28985,2.2904,2.20,0.50
2007.11.16 19:00:18.164,2.28985,2.2904,2.20,0.80
2007.11.16 19:00:18.879,2.28985,2.29045,2.20,6.20
2007.11.16 19:00:19.143,2.28985,2.2904,2.20,0.50
2007.11.16 19:00:19.406,2.28985,2.29045,3.00,6.20
2007.11.16 19:00:19.669,2.28985,2.29015,0.80,0.80
2007.11.16 19:00:19.932,2.2898,2.29015,0.80,0.90
2007.11.16 19:00:20.393,2.28985,2.29045,2.20,6.20
2007.11.16 19:00:21.120,2.2898,2.29045,3.00,6.20
2007.11.16 19:00:21.434,2.28985,2.29035,2.20,0.90
2007.11.16 19:00:23.187,2.28985,2.29045,2.20,6.20
2007.11.16 19:00:23.412,2.28985,2.29045,2.20,6.20
2007.11.16 19:00:23.630,2.28985,2.29045,2.20,6.20
2007.11.16 19:00:23.879,2.28985,2.29045,3.00,6.20
2007.11.16 19:00:24.401,2.28985,2.29045,0.80,6.20
2007.11.16 19:00:24.755,2.28985,2.2904,3.00,0.70
2007.11.16 19:00:25.052,2.28975,2.2901,3.60,0.70
2007.11.16 19:00:25.273,2.2898,2.29015,0.80,0.80
2007.11.16 19:00:25.505,2.2898,2.29035,0.80,11.40
2007.11.16 19:00:25.733,2.28975,2.29035,2.00,10.60
2007.11.16 19:00:25.962,2.28975,2.29035,3.60,6.40
2007.11.16 19:00:26.195,2.28975,2.29045,6.00,10.20
2007.11.16 19:00:26.429,2.2898,2.29045,2.20,6.20
2007.11.16 19:00:26.662,2.2898,2.2903,2.20,0.80
2007.11.16 19:00:26.896,2.28985,2.2903,0.80,0.60
2007.11.16 19:00:27.127,2.28985,2.29035,0.80,4.20
2007.11.16 19:00:27.340,2.28985,2.29035,0.80,4.20
2007.11.16 19:00:27.553,2.28985,2.29025,0.80,0.70
2007.11.16 19:00:27.898,2.2898,2.29035,0.80,4.20
2007.11.16 19:00:28.172,2.2898,2.29035,0.80,4.20
2007.11.16 19:00:28.390,2.2898,2.29035,0.80,4.20
2007.11.16 19:00:28.607,2.2898,2.29035,0.80,4.20
2007.11.16 19:00:29.428,2.2898,2.29035,0.80,4.20
2007.11.16 19:00:29.720,2.2898,2.29035,0.80,4.20
2007.11.16 19:00:31.146,2.2898,2.29025,0.80,0.60
2007.11.16 19:00:31.385,2.2898,2.29035,0.80,4.20
2007.11.16 19:00:31.936,2.2898,2.29035,0.80,4.00
2007.11.16 19:00:32.149,2.2898,2.29035,0.80,6.40
2007.11.16 19:00:32.412,2.28985,2.29035,0.60,6.40
2007.11.16 19:00:33.238,2.28985,2.29035,0.60,6.40
2007.11.16 19:00:33.486,2.28985,2.2903,0.60,0.80
2007.11.16 19:00:33.733,2.28985,2.29035,0.60,6.40
2007.11.16 19:00:34.067,2.28985,2.29035,0.60,6.40
2007.11.16 19:00:34.315,2.28985,2.29035,2.60,6.40
2007.11.16 19:00:34.983,2.28985,2.29035,0.60,6.40
2007.11.16 19:00:35.301,2.28985,2.29035,0.60,6.40
2007.11.16 19:00:35.453,2.28985,2.29035,0.60,6.40
2007.11.16 19:00:35.647,2.28985,2.2903,0.60,0.70
2007.11.16 19:00:36.159,2.28985,2.2903,0.60,0.90
2007.11.16 19:00:38.159,2.28985,2.29035,0.60,6.40
2007.11.16 19:00:38.376,2.28985,2.2902,0.60,0.90
2007.11.16 19:00:38.682,2.2897,2.2902,2.20,0.70
2007.11.16 19:00:38.981,2.28965,2.29025,0.70,8.00
2007.11.16 19:00:39.279,2.28995,2.29055,7.60,6.80
2007.11.16 19:00:39.584,2.29005,2.29045,4.00,0.80
2007.11.16 19:00:39.837,2.29005,2.29055,5.40,4.40
2007.11.16 19:00:40.226,2.2901,2.2906,0.70,4.40
2007.11.16 19:00:40.479,2.2901,2.29055,0.70,0.60
2007.11.16 19:00:40.869,2.2901,2.2906,0.70,4.40
2007.11.16 19:00:43.025,2.2901,2.29055,0.70,0.80
2007.11.16 19:00:43.243,2.29005,2.29065,4.00,9.40
2007.11.16 19:00:43.461,2.29005,2.29065,4.70,9.40
2007.11.16 19:00:43.679,2.29005,2.2905,4.70,0.60
2007.11.16 19:00:43.992,2.29005,2.29055,4.70,4.40
2007.11.16 19:00:44.383,2.29005,2.29055,4.70,4.40
2007.11.16 19:00:45.651,2.29005,2.2905,4.70,4.80
2007.11.16 19:00:46.444,2.29005,2.2905,4.70,4.80
2007.11.16 19:00:46.692,2.29005,2.29055,7.70,4.40
2007.11.16 19:00:46.941,2.29015,2.29055,0.70,2.00
2007.11.16 19:00:47.387,2.29015,2.29055,0.70,2.00
2007.11.16 19:00:47.645,2.29015,2.29055,2.20,2.00
2007.11.16 19:00:47.903,2.2901,2.29055,0.70,4.40
2007.11.16 19:00:48.320,2.2901,2.29055,0.70,4.40
2007.11.16 19:00:48.587,2.2901,2.29055,0.70,4.40
2007.11.16 19:00:50.973,2.2901,2.29055,0.70,4.40
2007.11.16 19:00:51.219,2.29015,2.29055,4.00,4.40
2007.11.16 19:00:51.465,2.29025,2.29055,4.70,2.00
2007.11.16 19:00:51.709,2.29025,2.29055,0.70,2.00
2007.11.16 19:00:51.961,2.29015,2.29055,2.90,2.00
2007.11.16 19:00:52.162,2.29015,2.29055,4.50,2.00
2007.11.16 19:00:52.369,2.29015,2.29055,4.50,2.00
2007.11.16 19:00:52.630,2.29025,2.29055,2.20,2.00
2007.11.16 19:00:52.839,2.29025,2.29055,2.20,2.00
2007.11.16 19:00:53.340,2.29025,2.29055,2.20,2.00
2007.11.16 19:00:53.546,2.29015,2.29055,2.90,2.00
2007.11.16 19:00:53.754,2.29015,2.29055,2.90,2.00
2007.11.16 19:00:53.961,2.29015,2.29055,0.70,2.00
2007.11.16 19:00:54.170,2.29015,2.29055,0.70,2.00
2007.11.16 19:00:54.443,2.29015,2.29055,0.70,2.00
2007.11.16 19:00:55.871,2.29015,2.29055,0.70,2.00
2007.11.16 19:00:56.096,2.29015,2.29055,0.70,2.00
2007.11.16 19:00:57.952,2.29015,2.29055,0.70,2.00
2007.11.16 19:00:58.156,2.29025,2.29055,4.00,2.00
2007.11.16 19:00:58.373,2.2903,2.29055,0.70,2.00
2007.11.16 19:00:58.980,2.2903,2.29055,0.70,2.00
2007.11.16 19:00:59.189,2.29035,2.29055,6.20,2.00
2007.11.16 19:00:59.496,2.29035,2.29055,6.90,2.00
2007.11.16 19:00:59.804,2.29035,2.29055,0.70,2.00
2007.11.16 19:01:00.111,2.2903,2.29055,0.70,2.00
2007.11.16 19:01:00.418,2.29025,2.29055,6.20,2.00
2007.11.16 19:01:00.602,2.29025,2.29055,6.20,2.00
2007.11.16 19:01:00.785,2.29025,2.2908,6.20,2.40
2007.11.16 19:01:02.089,2.29025,2.2908,6.90,2.40
2007.11.16 19:01:02.379,2.29035,2.2908,0.70,2.40
2007.11.16 19:01:02.840,2.29035,2.2907,0.70,2.40
2007.11.16 19:01:03.048,2.29035,2.2907,0.70,2.40
2007.11.16 19:01:03.356,2.2903,2.2907,0.70,2.40
2007.11.16 19:01:03.866,2.2903,2.29075,0.70,2.40
2007.11.16 19:01:04.122,2.2903,2.29075,0.70,2.40
2007.11.16 19:01:04.345,2.2903,2.29075,0.70,2.40
2007.11.16 19:01:04.569,2.2903,2.29075,0.70,2.40
2007.11.16 19:01:05.765,2.2903,2.29075,0.70,4.80
2007.11.16 19:01:06.732,2.2903,2.29075,0.70,4.80
2007.11.16 19:01:06.981,2.2903,2.29075,0.70,4.80
2007.11.16 19:01:08.419,2.2903,2.29075,0.70,4.80
2007.11.16 19:01:08.945,2.2903,2.29075,0.70,4.80
2007.11.16 19:01:09.184,2.2903,2.29055,0.70,2.40
2007.11.16 19:01:09.423,2.29005,2.29055,8.50,2.40
2007.11.16 19:01:10.077,2.29005,2.29055,8.50,2.40
2007.11.16 19:01:11.698,2.29005,2.29055,10.50,2.40
2007.11.16 19:01:13.456,2.29005,2.29055,10.50,2.40
2007.11.16 19:01:13.674,2.29005,2.29055,4.90,6.60
2007.11.16 19:01:13.992,2.29005,2.2905,2.00,2.40
2007.11.16 19:01:14.310,2.29005,2.2905,2.00,2.40
2007.11.16 19:01:14.628,2.29005,2.2905,6.00,2.40
2007.11.16 19:01:14.946,2.29005,2.2905,6.00,2.40
2007.11.16 19:01:15.391,2.29005,2.2905,6.00,2.40
2007.11.16 19:01:16.064,2.29005,2.2905,0.50,2.40
2007.11.16 19:01:17.650,2.29005,2.2905,6.70,2.40
2007.11.16 19:01:17.814,2.29005,2.2905,4.70,2.40
2007.11.16 19:01:17.976,2.29005,2.2905,4.70,2.40
2007.11.16 19:01:18.189,2.29005,2.2905,4.00,2.40
2007.11.16 19:01:18.475,2.29005,2.2905,4.00,2.40
2007.11.16 19:01:21.616,2.29005,2.29045,4.00,2.00
2007.11.16 19:01:21.888,2.29005,2.29045,4.00,2.00
2007.11.16 19:01:22.131,2.29005,2.29045,4.00,2.00
2007.11.16 19:01:23.503,2.29005,2.29045,4.00,2.00
2007.11.16 19:01:26.689,2.29005,2.2905,4.00,2.40
2007.11.16 19:01:26.892,2.29005,2.2905,4.00,2.40
2007.11.16 19:01:27.095,2.29005,2.2905,4.00,2.40
2007.11.16 19:01:28.531,2.29005,2.2905,4.00,2.40
2007.11.16 19:01:33.126,2.29005,2.2905,4.00,2.40
2007.11.16 19:01:33.551,2.29005,2.2905,4.00,2.40
2007.11.16 19:01:38.578,2.29005,2.2905,4.00,2.40
2007.11.16 19:01:40.081,2.29,2.2905,0.70,2.40
2007.11.16 19:01:40.246,2.29005,2.2905,4.00,2.40
2007.11.16 19:01:40.405,2.2902,2.2905,0.60,2.40
2007.11.16 19:01:40.562,2.2902,2.2905,0.60,2.40
2007.11.16 19:01:40.911,2.2902,2.29065,0.60,2.40
2007.11.16 19:01:41.244,2.29015,2.29065,0.60,2.40
2007.11.16 19:01:41.578,2.29015,2.29065,0.60,2.40
2007.11.16 19:01:43.603,2.29015,2.29065,0.60,2.40
2007.11.16 19:01:44.650,2.29015,2.29065,0.60,2.60
2007.11.16 19:01:44.914,2.29015,2.29065,0.60,2.60
2007.11.16 19:01:45.177,2.2901,2.2906,2.20,2.40
2007.11.16 19:01:45.400,2.2901,2.2906,2.20,2.40
2007.11.16 19:01:45.608,2.2901,2.29065,2.20,2.60
2007.11.16 19:01:46.735,2.2901,2.29055,2.20,4.00
2007.11.16 19:01:47.037,2.29005,2.29055,2.80,4.00
2007.11.16 19:01:47.195,2.29005,2.29055,2.80,4.20
2007.11.16 19:01:47.353,2.29005,2.29055,2.80,6.60
2007.11.16 19:01:47.512,2.28995,2.29045,0.60,2.40
2007.11.16 19:01:48.397,2.28995,2.29045,0.60,2.40
2007.11.16 19:01:49.947,2.28995,2.29045,1.30,2.40
2007.11.16 19:01:50.206,2.29,2.29045,0.60,2.40
2007.11.16 19:01:50.496,2.29,2.2905,0.60,2.40
2007.11.16 19:01:50.715,2.29,2.29045,0.60,2.40
2007.11.16 19:01:51.326,2.29,2.2905,0.60,2.40
2007.11.16 19:01:51.594,2.29,2.2905,0.60,2.40
2007.11.16 19:01:51.853,2.28995,2.2905,2.80,2.40
2007.11.16 19:01:53.649,2.28995,2.2905,2.80,2.40
2007.11.16 19:01:55.036,2.28995,2.2905,2.80,2.40
2007.11.16 19:01:55.290,2.28995,2.29045,5.30,2.40
2007.11.16 19:01:55.482,2.29,2.2905,0.60,2.40
2007.11.16 19:01:56.274,2.29005,2.2905,4.00,2.40
2007.11.16 19:01:56.511,2.29005,2.2905,4.00,2.40
2007.11.16 19:01:58.667,2.29005,2.2905,4.00,2.40
2007.11.16 19:02:01.126,2.29005,2.2905,4.00,2.40
2007.11.16 19:02:01.249,2.29005,2.2905,4.60,2.40
2007.11.16 19:02:01.372,2.29015,2.29055,6.80,2.00
2007.11.16 19:02:03.692,2.29015,2.29055,6.80,2.00
2007.11.16 19:02:08.316,2.29015,2.29055,7.50,2.00
2007.11.16 19:02:08.500,2.2902,2.29055,0.60,2.00
2007.11.16 19:02:08.719,2.2902,2.29055,0.60,2.00
2007.11.16 19:02:08.902,2.29025,2.29065,4.00,4.80
2007.11.16 19:02:08.939,2.2902,2.29065,4.60,4.80
2007.11.16 19:02:09.257,2.2902,2.29065,0.60,4.80
2007.11.16 19:02:09.589,2.29015,2.29065,8.20,4.80
2007.11.16 19:02:12.853,2.2902,2.29055,0.60,2.00
2007.11.16 19:02:13.137,2.2902,2.29055,0.60,2.00
2007.11.16 19:02:13.405,2.29015,2.29055,3.50,2.00
2007.11.16 19:02:13.672,2.29015,2.29055,3.20,2.00
2007.11.16 19:02:13.941,2.29005,2.29055,2.10,2.00
2007.11.16 19:02:14.210,2.29,2.29055,6.80,7.00
2007.11.16 19:02:14.532,2.28995,2.29055,2.80,11.00
2007.11.16 19:02:14.855,2.28995,2.29055,2.80,11.00
2007.11.16 19:02:15.178,2.28985,2.2905,9.70,2.40
2007.11.16 19:02:17.609,2.28985,2.2905,9.70,2.40
2007.11.16 19:02:17.795,2.29005,2.2905,8.00,2.40
2007.11.16 19:02:17.977,2.29005,2.29055,10.20,2.00
2007.11.16 19:02:18.160,2.29015,2.29055,1.40,2.00
2007.11.16 19:02:18.469,2.29015,2.29045,2.80,2.00
2007.11.16 19:02:18.872,2.29005,2.29045,3.60,2.00
2007.11.16 19:02:19.191,2.29005,2.29045,1.10,2.40
2007.11.16 19:02:19.455,2.29005,2.29045,0.70,2.00
2007.11.16 19:02:19.717,2.28985,2.29045,8.10,4.40
2007.11.16 19:02:19.988,2.29,2.29045,1.50,4.40
2007.11.16 19:02:20.324,2.28985,2.29045,10.30,4.40
2007.11.16 19:02:20.779,2.28995,2.29045,1.80,4.40
2007.11.16 19:02:21.051,2.28985,2.29045,8.30,4.40
2007.11.16 19:02:21.323,2.29,2.29045,1.00,4.40
2007.11.16 19:02:21.561,2.28995,2.29045,2.90,4.40
2007.11.16 19:02:21.799,2.28995,2.29045,2.90,4.40
2007.11.16 19:02:23.740,2.28995,2.29045,2.90,4.40
2007.11.16 19:02:25.926,2.29005,2.29045,0.60,4.40
2007.11.16 19:02:26.098,2.29,2.29045,3.80,4.40
2007.11.16 19:02:26.408,2.29005,2.29045,1.10,4.40
2007.11.16 19:02:26.696,2.28995,2.29045,4.50,4.40
2007.11.16 19:02:26.985,2.29005,2.29055,9.40,2.00
2007.11.16 19:02:27.274,2.2902,2.29065,1.30,2.40
2007.11.16 19:02:27.564,2.2902,2.29065,0.60,2.40
2007.11.16 19:02:27.942,2.29015,2.29065,3.80,2.40
2007.11.16 19:02:28.175,2.2902,2.29065,0.50,2.40
2007.11.16 19:02:28.408,2.2902,2.29065,6.20,2.40
2007.11.16 19:02:28.627,2.29025,2.29065,1.60,2.40
2007.11.16 19:02:28.844,2.29015,2.29065,3.80,2.40
2007.11.16 19:02:29.062,2.29015,2.29065,3.80,2.40
2007.11.16 19:02:33.139,2.29015,2.29065,3.80,2.40
2007.11.16 19:02:33.384,2.2901,2.29065,4.50,4.80
2007.11.16 19:02:33.970,2.29015,2.29065,0.90,4.80
2007.11.16 19:02:34.192,2.29015,2.29065,0.90,0.50
2007.11.16 19:02:34.201,2.29015,2.29065,0.90,0.80
2007.11.16 19:02:34.724,2.2901,2.2907,2.90,5.00
2007.11.16 19:02:35.343,2.2901,2.29065,2.90,2.40
2007.11.16 19:02:35.645,2.2901,2.29065,2.90,2.40
2007.11.16 19:02:36.187,2.2901,2.29055,2.90,2.00
2007.11.16 19:02:36.901,2.29015,2.29055,0.50,2.00
2007.11.16 19:02:38.993,2.29015,2.29055,2.20,2.00
2007.11.16 19:02:39.227,2.29015,2.29055,2.20,2.00
2007.11.16 19:02:39.460,2.29015,2.29055,2.20,2.00
2007.11.16 19:02:39.692,2.2901,2.29055,2.90,2.00
2007.11.16 19:02:40.331,2.2901,2.29055,2.90,2.00
2007.11.16 19:02:41.266,2.2901,2.29065,2.90,8.60
2007.11.16 19:02:41.580,2.29015,2.29065,2.20,8.60
2007.11.16 19:02:41.732,2.29015,2.29065,6.20,8.40
2007.11.16 19:02:41.995,2.29015,2.29065,6.20,6.80
2007.11.16 19:02:42.327,2.29015,2.29065,2.20,7.00
2007.11.16 19:02:43.104,2.29015,2.29065,2.20,6.80
2007.11.16 19:02:43.257,2.29015,2.29065,6.20,6.80
2007.11.16 19:02:43.676,2.29015,2.29065,2.20,6.80
2007.11.16 19:02:43.833,2.29015,2.29065,2.20,7.00
2007.11.16 19:02:44.134,2.29015,2.29065,2.20,6.80
2007.11.16 19:02:44.427,2.29015,2.29065,6.20,6.80
2007.11.16 19:02:44.809,2.29015,2.29065,6.20,4.80
2007.11.16 19:02:45.103,2.29015,2.29065,7.40,5.00
2007.11.16 19:02:45.401,2.2902,2.29065,0.50,5.00
2007.11.16 19:02:45.700,2.29015,2.29065,2.20,5.00
2007.11.16 19:02:45.999,2.2901,2.29065,2.80,5.00
2007.11.16 19:02:46.344,2.2901,2.29065,2.80,5.00
2007.11.16 19:02:47.763,2.29015,2.29065,0.60,5.00
2007.11.16 19:02:47.977,2.2902,2.29065,0.50,5.00
2007.11.16 19:02:48.196,2.2902,2.29065,0.50,4.80
2007.11.16 19:02:48.413,2.2902,2.29065,0.50,4.80
2007.11.16 19:02:48.632,2.2902,2.29065,0.50,5.00
2007.11.16 19:02:48.849,2.2902,2.29065,0.50,5.00
2007.11.16 19:02:49.095,2.2902,2.29065,0.50,4.80
2007.11.16 19:02:49.357,2.29025,2.29065,4.00,2.40
2007.11.16 19:02:49.687,2.29025,2.29075,4.00,4.80
2007.11.16 19:02:49.952,2.29025,2.29075,5.20,4.80
2007.11.16 19:02:50.196,2.2903,2.29075,0.50,5.00
2007.11.16 19:02:50.433,2.2903,2.29075,0.50,5.00
2007.11.16 19:02:50.672,2.2903,2.29075,0.50,5.00
2007.11.16 19:02:52.957,2.2903,2.29075,0.50,5.00
2007.11.16 19:02:53.131,2.2902,2.29075,2.80,4.80
2007.11.16 19:02:53.389,2.29025,2.29075,4.00,4.80
2007.11.16 19:02:53.646,2.29025,2.29075,4.00,4.80
2007.11.16 19:02:53.905,2.2902,2.29075,2.80,4.80
2007.11.16 19:02:54.163,2.2902,2.29075,2.80,4.80
2007.11.16 19:02:54.380,2.2902,2.29075,2.80,4.80
2007.11.16 19:02:55.626,2.2902,2.29075,2.80,4.80
2007.11.16 19:02:55.914,2.2903,2.2907,0.50,2.40
2007.11.16 19:02:56.613,2.2903,2.2907,0.50,2.40
2007.11.16 19:02:58.747,2.2903,2.2907,0.50,2.40
2007.11.16 19:02:58.935,2.2902,2.2907,0.50,2.40
2007.11.16 19:02:59.124,2.2902,2.2907,0.50,2.40
2007.11.16 19:02:59.311,2.2902,2.2907,0.50,2.40
2007.11.16 19:02:59.619,2.29015,2.29065,0.50,2.40
2007.11.16 19:03:03.233,2.29015,2.29065,0.50,2.40
2007.11.16 19:03:04.103,2.29015,2.29065,0.50,2.40
2007.11.16 19:03:04.375,2.29015,2.2906,0.50,2.40
2007.11.16 19:03:04.623,2.2901,2.2906,0.50,2.40
2007.11.16 19:03:04.709,2.2901,2.29065,0.50,4.80
2007.11.16 19:03:05.919,2.2901,2.2906,0.50,2.40
2007.11.16 19:03:09.146,2.2901,2.2906,0.50,2.40
2007.11.16 19:03:09.705,2.2901,2.2906,0.50,2.60
2007.11.16 19:03:09.997,2.29005,2.2906,4.40,2.60
2007.11.16 19:03:11.160,2.29005,2.29055,4.40,0.20
2007.11.16 19:03:11.317,2.29005,2.29055,2.80,4.20
2007.11.16 19:03:11.475,2.29005,2.29055,0.50,6.60
2007.11.16 19:03:11.664,2.29,2.29055,2.80,6.60
2007.11.16 19:03:11.906,2.29,2.29055,2.80,6.60
2007.11.16 19:03:12.380,2.29,2.29055,2.80,6.60
2007.11.16 19:03:13.842,2.29,2.2904,0.50,2.40
2007.11.16 19:03:14.168,2.29,2.2904,0.50,2.40
2007.11.16 19:03:14.356,2.29,2.2904,0.50,2.40
2007.11.16 19:03:14.874,2.29,2.2905,2.80,2.40
2007.11.16 19:03:17.690,2.29,2.2904,2.80,0.20
2007.11.16 19:03:17.984,2.29,2.2901,0.50,2.40
2007.11.16 19:03:18.183,2.2899,2.2901,0.50,2.40
2007.11.16 19:03:18.380,2.2899,2.29005,0.50,2.40
2007.11.16 19:03:18.862,2.2899,2.2904,0.50,2.60
2007.11.16 19:03:19.199,2.2899,2.2904,0.50,2.60
2007.11.16 19:03:19.521,2.2899,2.2904,2.80,0.20
2007.11.16 19:03:19.844,2.2899,2.2904,2.80,2.60
2007.11.16 19:03:20.124,2.2899,2.2904,2.80,0.20
2007.11.16 19:03:20.501,2.28995,2.2904,0.60,0.20
2007.11.16 19:03:20.771,2.28995,2.29045,0.60,4.80
2007.11.16 19:03:21.039,2.28995,2.29045,0.60,4.80
2007.11.16 19:03:21.286,2.28995,2.2904,0.60,0.20
2007.11.16 19:03:21.525,2.2899,2.2904,2.70,0.20
2007.11.16 19:03:21.763,2.2899,2.2904,2.70,0.20
2007.11.16 19:03:22.148,2.2899,2.2904,2.70,0.20
2007.11.16 19:03:22.910,2.2899,2.2904,2.70,0.20
2007.11.16 19:03:23.153,2.2899,2.2904,2.40,0.20
2007.11.16 19:03:24.230,2.2899,2.2904,2.40,0.20
2007.11.16 19:03:27.703,2.2899,2.2904,2.40,0.20
2007.11.16 19:03:27.991,2.2899,2.2904,2.40,0.20
2007.11.16 19:03:28.514,2.2899,2.2904,2.40,0.20
2007.11.16 19:03:29.262,2.2899,2.2904,2.40,0.20
2007.11.16 19:03:30.708,2.29005,2.2904,0.80,0.20
2007.11.16 19:03:33.894,2.29005,2.2904,0.80,0.20
2007.11.16 19:03:34.284,2.29005,2.2904,0.80,0.20
2007.11.16 19:03:35.190,2.29005,2.29035,0.80,0.20
2007.11.16 19:03:35.468,2.28995,2.29035,0.80,2.60
2007.11.16 19:03:35.821,2.28995,2.29035,0.80,2.60
2007.11.16 19:03:36.048,2.28985,2.29035,3.10,2.60
2007.11.16 19:03:36.331,2.28985,2.29035,3.00,2.60
2007.11.16 19:03:36.615,2.28985,2.29035,1.00,2.60
2007.11.16 19:03:37.444,2.28985,2.29035,3.00,2.60
2007.11.16 19:03:37.668,2.28985,2.29035,3.20,2.60
2007.11.16 19:03:38.375,2.28985,2.29035,3.20,2.60
2007.11.16 19:03:38.977,2.28985,2.29035,3.20,2.60
2007.11.16 19:03:39.189,2.2899,2.29035,1.00,2.40
2007.11.16 19:03:39.402,2.28995,2.29035,0.80,2.40
2007.11.16 19:03:39.614,2.2899,2.29035,3.20,2.40
2007.11.16 19:03:39.928,2.28995,2.29035,0.80,2.60
2007.11.16 19:03:40.567,2.2899,2.29025,3.20,0.20
2007.11.16 19:03:40.881,2.28995,2.29025,0.80,0.20
2007.11.16 19:03:41.093,2.2898,2.29025,1.00,0.20
2007.11.16 19:03:41.306,2.2898,2.29015,1.00,2.40
2007.11.16 19:03:41.518,2.28975,2.29015,1.00,2.40
2007.11.16 19:03:42.088,2.28975,2.29015,1.00,2.40
2007.11.16 19:03:42.336,2.28985,2.29015,0.80,2.40
2007.11.16 19:03:44.179,2.28975,2.29015,1.00,2.40
2007.11.16 19:03:44.362,2.28975,2.2902,1.00,2.40
2007.11.16 19:03:44.577,2.28985,2.29025,0.80,6.80
2007.11.16 19:03:49.198,2.28985,2.29025,0.80,4.40
2007.11.16 19:03:49.430,2.28975,2.29025,1.00,4.40
2007.11.16 19:03:49.664,2.28975,2.29025,1.00,4.40
2007.11.16 19:03:50.394,2.28975,2.29025,3.20,4.40
2007.11.16 19:03:50.722,2.28975,2.29025,3.20,4.40
2007.11.16 19:03:51.045,2.28985,2.29025,1.30,2.00
2007.11.16 19:03:51.312,2.28985,2.29035,4.00,2.40
2007.11.16 19:03:51.489,2.28975,2.29035,13.20,2.40
2007.11.16 19:03:51.672,2.28985,2.29035,1.50,4.80
2007.11.16 19:03:51.848,2.2898,2.29035,7.10,4.80
2007.11.16 19:03:52.086,2.2898,2.29035,7.10,5.00
2007.11.16 19:03:52.369,2.2898,2.29035,3.20,2.60
2007.11.16 19:03:54.039,2.2898,2.29035,3.20,2.40
2007.11.16 19:03:54.243,2.2898,2.29035,7.20,2.40
2007.11.16 19:03:54.445,2.28975,2.29035,13.20,2.40
2007.11.16 19:03:55.384,2.28975,2.29035,13.20,2.40
2007.11.16 19:03:56.230,2.28975,2.29035,13.20,2.60
2007.11.16 19:03:56.399,2.28975,2.29035,5.20,0.20
2007.11.16 19:03:56.567,2.28985,2.29035,2.00,1.80
2007.11.16 19:03:56.735,2.28975,2.29025,1.00,2.40
2007.11.16 19:03:57.224,2.28985,2.29025,0.80,2.40
2007.11.16 19:03:57.558,2.28985,2.29025,0.80,2.40
2007.11.16 19:03:57.891,2.28985,2.29025,0.80,5.00
2007.11.16 19:03:58.223,2.28985,2.2902,0.80,2.40
2007.11.16 19:03:58.408,2.28965,2.2902,9.00,2.40
2007.11.16 19:03:58.595,2.28985,2.29015,0.80,2.40
2007.11.16 19:03:58.779,2.28965,2.29015,2.80,2.40
2007.11.16 19:03:58.961,2.28985,2.29015,0.80,2.40
2007.11.16 19:03:59.411,2.28965,2.29015,2.80,2.40
2007.11.16 19:03:59.676,2.28985,2.29015,0.80,2.40
2007.11.16 19:03:59.948,2.28985,2.29015,0.80,2.40
2007.11.16 19:04:00.221,2.28965,2.29015,4.80,2.40
2007.11.16 19:04:00.781,2.28965,2.29015,4.80,2.40
2007.11.16 19:04:01.091,2.28975,2.29015,1.10,2.40
2007.11.16 19:04:01.398,2.28985,2.29025,0.80,5.00
2007.11.16 19:04:01.594,2.28975,2.29025,0.90,5.00
2007.11.16 19:04:01.786,2.28965,2.29015,6.40,2.40
2007.11.16 19:04:03.632,2.28965,2.29015,6.40,2.40
2007.11.16 19:04:04.434,2.28985,2.29015,0.80,2.40
2007.11.16 19:04:06.386,2.28985,2.29015,0.80,2.40
2007.11.16 19:04:06.663,2.28985,2.29015,0.80,2.40
2007.11.16 19:04:08.247,2.28985,2.29015,0.80,2.40
2007.11.16 19:04:08.456,2.28985,2.29015,0.80,2.40
2007.11.16 19:04:08.664,2.28985,2.29035,0.80,6.40
2007.11.16 19:04:08.893,2.28985,2.29035,0.90,2.40
2007.11.16 19:04:09.120,2.28985,2.2904,3.20,2.40
2007.11.16 19:04:09.456,2.28985,2.2904,3.20,2.40
2007.11.16 19:04:09.805,2.28985,2.2904,3.20,2.40
2007.11.16 19:04:10.122,2.28985,2.29035,3.20,4.80
2007.11.16 19:04:10.437,2.28985,2.29035,3.20,2.40
2007.11.16 19:04:10.750,2.28985,2.2904,3.20,2.40
2007.11.16 19:04:11.591,2.28985,2.2904,3.20,2.40
2007.11.16 19:04:14.479,2.28985,2.2904,3.20,2.40
2007.11.16 19:04:16.637,2.28985,2.2904,3.10,2.40
2007.11.16 19:04:16.829,2.28985,2.2904,3.00,2.40
2007.11.16 19:04:19.511,2.28985,2.2904,3.00,2.40
2007.11.16 19:04:20.272,2.28985,2.2904,3.00,2.40
2007.11.16 19:04:20.534,2.28985,2.29035,3.00,2.40
2007.11.16 19:04:20.797,2.28985,2.29035,3.00,2.40
2007.11.16 19:04:21.066,2.28985,2.29025,3.00,2.40
2007.11.16 19:04:21.294,2.28985,2.29025,3.00,2.40
2007.11.16 19:04:21.522,2.28985,2.29025,0.80,2.40
2007.11.16 19:04:22.314,2.28985,2.29025,0.80,2.40
2007.11.16 19:04:24.057,2.28985,2.29025,0.80,2.40
2007.11.16 19:04:24.310,2.28985,2.29025,0.80,2.40
2007.11.16 19:04:24.513,2.28985,2.2903,0.80,2.40
2007.11.16 19:04:24.716,2.28985,2.2903,0.80,2.40
2007.11.16 19:04:24.925,2.28985,2.2903,4.80,2.40
2007.11.16 19:04:25.141,2.28985,2.29035,4.80,6.40
2007.11.16 19:04:25.351,2.28985,2.29035,4.80,6.40
2007.11.16 19:04:25.683,2.28985,2.29035,4.80,4.00
2007.11.16 19:04:26.015,2.28985,2.29025,0.80,2.40
2007.11.16 19:04:26.348,2.28985,2.29025,0.80,2.40
2007.11.16 19:04:27.727,2.28985,2.29025,0.80,2.40
2007.11.16 19:04:27.995,2.28985,2.29025,0.80,2.40
2007.11.16 19:04:28.881,2.28985,2.29025,0.80,2.40
2007.11.16 19:04:29.100,2.28995,2.29045,6.20,6.40
2007.11.16 19:04:29.317,2.29005,2.29045,4.00,6.40
2007.11.16 19:04:29.537,2.29005,2.29035,4.00,2.40
2007.11.16 19:04:29.790,2.28985,2.29035,7.00,2.40
2007.11.16 19:04:30.044,2.28985,2.29025,3.00,2.40
2007.11.16 19:04:30.297,2.28985,2.29025,3.00,2.40
2007.11.16 19:04:30.550,2.28975,2.2903,12.60,2.40
2007.11.16 19:04:30.883,2.28985,2.29035,0.80,5.00
2007.11.16 19:04:31.216,2.28985,2.29035,0.80,2.40
2007.11.16 19:04:33.114,2.28985,2.29035,0.80,2.40
2007.11.16 19:04:33.291,2.28985,2.29035,0.80,4.00
2007.11.16 19:04:33.836,2.28985,2.29035,0.80,4.00
2007.11.16 19:04:34.091,2.28985,2.29035,4.80,6.40
2007.11.16 19:04:34.452,2.28985,2.29035,4.80,6.40
2007.11.16 19:04:34.704,2.28985,2.2903,4.80,2.40
2007.11.16 19:04:39.607,2.28985,2.2903,4.80,2.40
2007.11.16 19:04:43.885,2.28985,2.2903,4.80,2.40
2007.11.16 19:04:44.101,2.28985,2.2903,4.80,2.40
2007.11.16 19:04:44.311,2.28985,2.29035,4.80,6.40
2007.11.16 19:04:44.517,2.28985,2.29035,0.80,6.40
2007.11.16 19:04:44.733,2.28985,2.29035,0.80,6.40
2007.11.16 19:04:46.064,2.28985,2.29035,0.80,6.60
2007.11.16 19:04:46.253,2.28985,2.29035,0.80,6.60
2007.11.16 19:04:46.441,2.28985,2.29035,0.80,7.10
2007.11.16 19:04:46.779,2.2898,2.2903,3.00,0.30
2007.11.16 19:04:47.047,2.28975,2.2903,3.00,2.60
2007.11.16 19:04:47.358,2.2898,2.2903,3.00,0.30
2007.11.16 19:04:48.568,2.28975,2.2903,3.00,2.60
2007.11.16 19:04:49.657,2.28975,2.2903,3.00,2.60
2007.11.16 19:04:51.459,2.28975,2.2903,3.00,2.60
2007.11.16 19:04:51.649,2.28975,2.2903,3.00,2.40
2007.11.16 19:04:52.088,2.28985,2.2903,0.80,2.40
2007.11.16 19:04:53.415,2.28975,2.2903,3.00,2.40
2007.11.16 19:04:53.602,2.28975,2.2903,3.00,2.40
2007.11.16 19:04:54.560,2.28985,2.2903,0.80,2.40
2007.11.16 19:04:59.703,2.28975,2.2903,3.00,2.40
2007.11.16 19:05:01.518,2.28975,2.2903,3.00,2.40
2007.11.16 19:05:01.836,2.28985,2.29035,0.80,10.60
2007.11.16 19:05:02.248,2.2898,2.29035,3.00,6.60
2007.11.16 19:05:02.375,2.28985,2.2903,0.80,2.40
2007.11.16 19:05:02.558,2.28975,2.2903,3.00,2.40
2007.11.16 19:05:03.066,2.28975,2.2903,3.00,2.40
2007.11.16 19:05:03.583,2.28975,2.2903,3.00,2.40
2007.11.16 19:05:03.786,2.28985,2.2903,0.80,2.40
2007.11.16 19:05:04.717,2.28975,2.2903,3.00,2.40
2007.11.16 19:05:04.984,2.28975,2.2903,3.00,2.40
2007.11.16 19:05:05.277,2.2898,2.29035,7.00,4.40
2007.11.16 19:05:05.546,2.28985,2.29035,7.00,2.00
2007.11.16 19:05:05.861,2.28985,2.29035,7.00,2.00
2007.11.16 19:05:06.174,2.28995,2.29035,1.90,2.00
2007.11.16 19:05:07.345,2.28985,2.29035,7.00,2.00
2007.11.16 19:05:07.472,2.28985,2.29035,7.00,2.00
2007.11.16 19:05:07.600,2.29005,2.29035,0.80,2.00
2007.11.16 19:05:07.856,2.28995,2.29035,7.00,2.00
2007.11.16 19:05:08.191,2.28995,2.29035,3.00,2.00
2007.11.16 19:05:08.523,2.29,2.29035,0.90,2.00
2007.11.16 19:05:09.748,2.28995,2.29035,3.00,2.00
2007.11.16 19:05:12.212,2.29,2.29035,0.70,2.00
2007.11.16 19:05:12.501,2.28995,2.29035,3.00,2.00
2007.11.16 19:05:12.861,2.2899,2.29035,3.00,2.00
2007.11.16 19:05:13.099,2.2899,2.29035,3.00,2.00
2007.11.16 19:05:14.024,2.28995,2.29035,0.80,2.00
2007.11.16 19:05:14.274,2.28995,2.29035,0.80,2.00
2007.11.16 19:05:14.488,2.28995,2.29035,0.80,2.00
2007.11.16 19:05:14.770,2.28995,2.29035,0.80,2.00
2007.11.16 19:05:15.350,2.28995,2.29035,0.80,2.00
2007.11.16 19:05:19.802,2.28995,2.29035,0.80,2.00
2007.11.16 19:05:20.849,2.28985,2.29035,8.60,2.00
2007.11.16 19:05:20.951,2.28995,2.29025,0.80,2.40
2007.11.16 19:05:21.234,2.28985,2.29025,6.40,2.40
2007.11.16 19:05:23.503,2.2898,2.29025,8.60,2.40
2007.11.16 19:05:24.830,2.2898,2.29025,8.60,2.40
2007.11.16 19:05:29.350,2.2898,2.29025,8.60,2.40
2007.11.16 19:05:29.955,2.2898,2.29025,8.60,2.40
2007.11.16 19:05:30.246,2.28985,2.29035,3.20,4.40
2007.11.16 19:05:30.534,2.28985,2.29035,3.70,2.00
2007.11.16 19:05:31.569,2.28995,2.29035,0.80,2.00
2007.11.16 19:05:34.976,2.28985,2.29035,8.60,2.00
2007.11.16 19:05:40.004,2.28985,2.29035,8.60,2.00
2007.11.16 19:05:41.047,2.28985,2.29035,8.60,2.00
2007.11.16 19:05:45.039,2.28985,2.29035,8.60,2.00
2007.11.16 19:05:45.251,2.28985,2.29035,8.70,2.00
2007.11.16 19:05:46.377,2.28985,2.29035,8.70,2.00
2007.11.16 19:05:49.470,2.28995,2.29035,0.80,2.00
2007.11.16 19:05:49.813,2.28995,2.29035,3.00,2.00
2007.11.16 19:05:50.054,2.28995,2.29035,3.00,2.00
2007.11.16 19:05:50.334,2.28995,2.29035,0.80,2.00
2007.11.16 19:05:53.945,2.28995,2.29035,0.80,2.00
2007.11.16 19:05:54.123,2.28995,2.29035,0.80,2.00
2007.11.16 19:05:54.683,2.28995,2.29035,0.80,2.00
2007.11.16 19:05:55.079,2.28995,2.29035,0.80,2.00
2007.11.16 19:05:55.717,2.28995,2.2904,0.80,2.40
2007.11.16 19:05:59.141,2.28995,2.29035,0.80,2.00
2007.11.16 19:06:00.106,2.28995,2.29035,0.80,2.00
2007.11.16 19:06:05.133,2.28995,2.29035,0.80,2.00
2007.11.16 19:06:10.147,2.28995,2.29035,0.80,2.00
2007.11.16 19:06:13.297,2.28995,2.29035,0.80,2.00
2007.11.16 19:06:15.177,2.28995,2.29035,0.80,2.00
2007.11.16 19:06:16.360,2.28995,2.29035,0.80,2.00
2007.11.16 19:06:16.573,2.28995,2.29035,0.80,2.00
2007.11.16 19:06:16.741,2.28995,2.29035,0.80,2.00
2007.11.16 19:06:16.910,2.28995,2.29035,0.90,2.00
2007.11.16 19:06:19.380,2.29005,2.29035,0.80,2.00
2007.11.16 19:06:20.196,2.29005,2.29035,0.80,2.00
2007.11.16 19:06:25.227,2.29005,2.29035,0.80,2.00
2007.11.16 19:06:30.256,2.29005,2.29035,0.80,2.00
2007.11.16 19:06:34.320,2.29005,2.29035,0.80,2.00
2007.11.16 19:06:35.271,2.29005,2.29035,0.80,2.00
2007.11.16 19:06:39.426,2.29005,2.29035,0.80,2.00
2007.11.16 19:06:40.298,2.29005,2.29035,0.80,2.00
2007.11.16 19:06:41.524,2.29005,2.29035,0.80,2.00
2007.11.16 19:06:41.848,2.29005,2.2904,0.80,2.40
2007.11.16 19:06:42.197,2.29005,2.29035,0.80,2.00
2007.11.16 19:06:42.390,2.29005,2.29035,0.80,4.40
2007.11.16 19:06:42.582,2.29005,2.29035,0.80,4.40
2007.11.16 19:06:42.776,2.29005,2.2903,0.80,2.40
2007.11.16 19:06:43.077,2.29005,2.29025,0.80,2.40
2007.11.16 19:06:43.295,2.29005,2.29025,0.80,2.40
2007.11.16 19:06:43.607,2.29005,2.29025,0.80,2.40
2007.11.16 19:06:44.012,2.29005,2.29025,0.80,2.40
2007.11.16 19:06:44.635,2.29005,2.29025,0.80,2.40
2007.11.16 19:06:45.316,2.29005,2.29025,0.80,2.40
2007.11.16 19:06:50.342,2.29005,2.29025,0.80,2.40
2007.11.16 19:06:52.016,2.28995,2.29025,0.80,2.40
2007.11.16 19:06:54.570,2.28995,2.29025,0.80,2.40
2007.11.16 19:06:54.728,2.28995,2.29025,0.80,2.40
2007.11.16 19:06:54.886,2.28995,2.2903,0.80,2.40
2007.11.16 19:06:55.260,2.28995,2.2903,0.80,2.40
2007.11.16 19:06:55.567,2.28995,2.2903,0.80,2.40
2007.11.16 19:07:00.055,2.28995,2.2903,0.80,2.40
2007.11.16 19:07:00.334,2.28995,2.2903,0.80,2.40
2007.11.16 19:07:05.425,2.28995,2.2903,0.80,2.40
2007.11.16 19:07:06.318,2.28995,2.29025,0.80,2.40
2007.11.16 19:07:06.608,2.28995,2.29025,0.80,4.80
2007.11.16 19:07:06.876,2.28995,2.29025,0.80,6.80
2007.11.16 19:07:09.539,2.28995,2.29025,0.80,4.40
2007.11.16 19:07:10.063,2.28995,2.29025,0.80,6.80
2007.11.16 19:07:10.438,2.28995,2.29025,0.80,6.80
2007.11.16 19:07:11.756,2.28985,2.29025,2.40,6.80
2007.11.16 19:07:13.700,2.28995,2.29025,0.80,4.40
2007.11.16 19:07:13.973,2.28995,2.29025,0.80,2.00
2007.11.16 19:07:14.252,2.28995,2.29035,0.80,2.00
2007.11.16 19:07:15.459,2.28995,2.29035,0.80,2.00
2007.11.16 19:07:15.712,2.28995,2.29035,0.80,2.00
2007.11.16 19:07:16.100,2.28995,2.29035,0.80,2.00
2007.11.16 19:07:17.043,2.28995,2.29035,0.80,2.00
2007.11.16 19:07:20.175,2.28995,2.29035,0.80,2.00
2007.11.16 19:07:20.378,2.28995,2.29035,0.80,2.00
2007.11.16 19:07:22.309,2.28995,2.29035,0.80,2.00
2007.11.16 19:07:22.467,2.28995,2.29035,0.80,2.00
2007.11.16 19:07:22.625,2.28995,2.29035,0.80,2.00
2007.11.16 19:07:22.934,2.28995,2.29035,0.80,2.00
2007.11.16 19:07:25.512,2.28995,2.29035,0.80,2.00
2007.11.16 19:07:28.128,2.28995,2.29035,0.80,2.00
2007.11.16 19:07:28.402,2.28995,2.29035,0.80,2.00
2007.11.16 19:07:28.664,2.28995,2.29035,0.80,2.00
2007.11.16 19:07:28.933,2.28995,2.29035,0.80,2.00
2007.11.16 19:07:29.243,2.28995,2.29035,0.80,2.00
2007.11.16 19:07:29.575,2.28995,2.29035,0.80,2.00
2007.11.16 19:07:30.531,2.28995,2.29035,0.80,2.00
2007.11.16 19:07:34.030,2.28995,2.29035,0.80,2.00
2007.11.16 19:07:35.569,2.28995,2.29035,0.80,2.00
2007.11.16 19:07:36.804,2.28995,2.29035,0.80,2.00
2007.11.16 19:07:37.326,2.28995,2.29025,0.80,2.00
2007.11.16 19:07:37.515,2.28995,2.29025,0.80,2.00
2007.11.16 19:07:38.359,2.28995,2.29025,0.80,2.00
2007.11.16 19:07:40.578,2.28995,2.29025,0.80,2.00
2007.11.16 19:07:43.273,2.28995,2.29025,0.80,2.00
2007.11.16 19:07:43.407,2.28995,2.29025,0.80,2.00
2007.11.16 19:07:43.569,2.28995,2.29025,0.80,2.00
2007.11.16 19:07:43.902,2.28995,2.29025,0.80,2.00
2007.11.16 19:07:44.234,2.28995,2.29025,0.80,2.00
2007.11.16 19:07:45.670,2.28995,2.29025,0.80,2.00
2007.11.16 19:07:47.222,2.28995,2.29025,0.80,2.00
2007.11.16 19:07:47.808,2.28995,2.29035,0.80,4.40
2007.11.16 19:07:47.984,2.28995,2.29035,0.80,2.00
2007.11.16 19:07:49.779,2.28995,2.29035,0.80,2.00
2007.11.16 19:07:50.000,2.28995,2.29035,0.80,2.00
2007.11.16 19:07:50.697,2.28995,2.29035,0.80,2.00
2007.11.16 19:07:52.261,2.28995,2.29035,0.80,2.00
2007.11.16 19:07:52.514,2.28995,2.29035,0.80,2.00
2007.11.16 19:07:53.021,2.28995,2.29035,3.00,2.00
2007.11.16 19:07:53.682,2.28995,2.29035,3.00,2.00
2007.11.16 19:07:55.509,2.28995,2.29035,0.80,2.00
2007.11.16 19:07:56.743,2.28995,2.29035,0.80,2.00
2007.11.16 19:07:59.764,2.28995,2.29035,0.80,2.00
2007.11.16 19:08:00.245,2.28995,2.29035,0.80,2.00
2007.11.16 19:08:00.464,2.28995,2.29035,0.80,2.00
2007.11.16 19:08:00.681,2.28995,2.29035,0.80,2.00
2007.11.16 19:08:05.760,2.28995,2.29035,0.80,2.00
2007.11.16 19:08:07.378,2.28995,2.29035,0.80,2.00
2007.11.16 19:08:09.771,2.28995,2.29035,0.80,2.00
2007.11.16 19:08:09.917,2.2899,2.29035,3.00,2.00
2007.11.16 19:08:10.075,2.28995,2.29035,0.80,2.00
2007.11.16 19:08:10.327,2.28985,2.29035,8.60,2.00
2007.11.16 19:08:10.475,2.28995,2.29035,0.80,2.00
2007.11.16 19:08:10.731,2.28995,2.29035,0.80,2.00
2007.11.16 19:08:10.980,2.28995,2.29035,0.80,2.00
2007.11.16 19:08:15.812,2.28985,2.29035,8.60,2.00
2007.11.16 19:08:20.840,2.28955,2.2904,4.40,2.40
2007.11.16 19:08:25.859,2.28955,2.2904,4.40,2.40
2007.11.16 19:08:28.809,2.28955,2.2904,4.40,2.40
2007.11.16 19:08:30.887,2.28985,2.2904,1.10,2.40
2007.11.16 19:08:31.172,2.28955,2.2904,4.40,2.40
2007.11.16 19:08:31.454,2.28955,2.29045,4.40,4.80
2007.11.16 19:08:31.749,2.28955,2.29045,4.40,4.80
2007.11.16 19:08:35.912,2.2899,2.29045,2.20,4.80
2007.11.16 19:08:40.934,2.2899,2.29045,2.20,4.80
2007.11.16 19:08:41.838,2.2899,2.29045,2.20,2.40
2007.11.16 19:08:45.322,2.2899,2.29045,2.20,2.40
2007.11.16 19:08:45.842,2.28965,2.29045,2.70,2.40
2007.11.16 19:08:45.953,2.28965,2.29045,2.70,2.40
2007.11.16 19:08:46.253,2.2897,2.29045,2.70,2.40
2007.11.16 19:08:46.576,2.2899,2.29045,0.70,2.40
2007.11.16 19:08:46.870,2.28975,2.29045,6.80,2.40
2007.11.16 19:08:47.311,2.29015,2.29035,1.30,2.00
2007.11.16 19:08:47.578,2.2901,2.29035,6.20,2.00
2007.11.16 19:08:47.848,2.29005,2.29035,2.00,2.00
2007.11.16 19:08:48.115,2.29,2.29035,3.00,2.00
2007.11.16 19:08:49.387,2.29,2.29035,0.60,2.00
2007.11.16 19:08:49.624,2.28985,2.29035,10.20,2.00
2007.11.16 19:08:51.000,2.28985,2.29035,10.20,2.00
2007.11.16 19:08:52.277,2.28985,2.29035,10.20,2.00
2007.11.16 19:08:52.425,2.28995,2.29035,0.50,2.00
2007.11.16 19:08:56.019,2.28985,2.29035,10.20,2.00
2007.11.16 19:09:01.033,2.28985,2.29035,10.20,2.00
2007.11.16 19:09:02.781,2.2899,2.29035,4.60,2.00
2007.11.16 19:09:03.837,2.2899,2.29035,4.60,2.00
2007.11.16 19:09:06.053,2.2899,2.29035,4.60,2.00
2007.11.16 19:09:07.891,2.2899,2.2904,7.00,2.50
2007.11.16 19:09:11.087,2.2899,2.29035,4.60,2.00
2007.11.16 19:09:11.461,2.2899,2.29035,3.00,2.00
2007.11.16 19:09:11.730,2.28995,2.29035,0.80,4.40
2007.11.16 19:09:11.998,2.28985,2.29035,8.60,6.80
2007.11.16 19:09:12.774,2.28985,2.29035,8.60,6.80
2007.11.16 19:09:15.385,2.28995,2.29035,0.80,6.80
2007.11.16 19:09:15.590,2.29005,2.29035,4.00,2.00
2007.11.16 19:09:15.793,2.29005,2.29035,4.00,2.00
2007.11.16 19:09:15.997,2.29005,2.29035,4.00,2.00
2007.11.16 19:09:16.272,2.29005,2.29035,2.20,2.00
2007.11.16 19:09:16.544,2.29,2.29035,2.20,2.00
2007.11.16 19:09:16.817,2.29,2.29035,2.20,2.00
2007.11.16 19:09:17.090,2.28995,2.29035,4.60,2.00
2007.11.16 19:09:17.382,2.28995,2.29035,4.60,2.00
2007.11.16 19:09:18.878,2.28995,2.29035,4.60,2.00
2007.11.16 19:09:19.037,2.28995,2.29035,8.60,2.00
2007.11.16 19:09:19.206,2.28995,2.29035,8.60,2.00
2007.11.16 19:09:19.529,2.29,2.29035,2.20,2.00
2007.11.16 19:09:19.853,2.29,2.29035,2.20,2.00
2007.11.16 19:09:21.115,2.29,2.29035,2.20,2.00
2007.11.16 19:09:24.897,2.29,2.29035,2.20,2.00
2007.11.16 19:09:25.041,2.29005,2.29035,7.00,2.00
2007.11.16 19:09:25.338,2.29005,2.29035,7.00,2.00
2007.11.16 19:09:25.655,2.29005,2.29035,7.00,2.00
2007.11.16 19:09:26.131,2.29005,2.29035,7.00,2.00
2007.11.16 19:09:30.950,2.29005,2.29035,8.60,2.00
2007.11.16 19:09:31.159,2.29005,2.29035,8.60,2.00
2007.11.16 19:09:31.365,2.29005,2.29035,8.60,2.00
2007.11.16 19:09:32.137,2.29005,2.29035,8.60,2.00
2007.11.16 19:09:32.441,2.29015,2.29035,0.80,2.00
2007.11.16 19:09:32.743,2.29015,2.29035,0.80,2.00
2007.11.16 19:09:33.142,2.29015,2.29035,2.40,2.00
2007.11.16 19:09:34.524,2.29015,2.29035,2.40,2.00
2007.11.16 19:09:34.762,2.29015,2.29055,2.40,2.00
2007.11.16 19:09:35.018,2.29015,2.29055,1.60,2.00
2007.11.16 19:09:35.232,2.29015,2.29025,1.60,2.00
2007.11.16 19:09:35.446,2.29015,2.29025,1.60,2.00
2007.11.16 19:09:35.659,2.29015,2.29025,1.60,2.00
2007.11.16 19:09:35.932,2.29015,2.29055,1.60,2.40
2007.11.16 19:09:36.265,2.29015,2.29055,1.60,2.00
2007.11.16 19:09:36.624,2.29015,2.29055,1.60,2.00
2007.11.16 19:09:36.886,2.29015,2.29055,1.60,2.00
2007.11.16 19:09:37.150,2.29015,2.29055,1.60,2.00
2007.11.16 19:09:38.365,2.29015,2.29055,1.60,2.00
2007.11.16 19:09:38.574,2.29025,2.29055,4.00,2.00
2007.11.16 19:09:38.783,2.29025,2.29055,4.00,2.00
2007.11.16 19:09:39.055,2.29025,2.29055,4.00,2.00
2007.11.16 19:09:41.220,2.29025,2.29055,4.00,2.00
2007.11.16 19:09:41.522,2.29025,2.29055,4.00,2.00
2007.11.16 19:09:41.834,2.29025,2.29055,4.00,2.00
2007.11.16 19:09:46.245,2.29025,2.29055,4.00,2.00
2007.11.16 19:09:48.488,2.29025,2.29055,4.00,2.00
2007.11.16 19:09:48.695,2.29025,2.29055,4.00,2.00
2007.11.16 19:09:48.961,2.29025,2.29055,4.00,2.00
2007.11.16 19:09:49.275,2.29025,2.29055,4.00,2.00
2007.11.16 19:09:49.735,2.29025,2.29055,4.00,2.00
2007.11.16 19:09:50.043,2.29025,2.29055,4.00,2.00
2007.11.16 19:09:51.029,2.29025,2.29055,4.00,2.00
2007.11.16 19:09:51.204,2.29025,2.2906,4.00,4.40
2007.11.16 19:09:51.282,2.29025,2.29055,4.00,0.90
2007.11.16 19:09:55.671,2.29025,2.29055,4.00,2.00
2007.11.16 19:09:55.863,2.29025,2.29055,4.00,2.00
2007.11.16 19:09:56.083,2.29025,2.29055,4.00,2.00
2007.11.16 19:09:56.281,2.29025,2.29055,4.00,2.00
2007.11.16 19:10:01.324,2.29025,2.29055,4.00,2.00
2007.11.16 19:10:03.721,2.29025,2.29055,4.00,2.00
2007.11.16 19:10:03.990,2.29005,2.29055,8.00,2.00
2007.11.16 19:10:04.257,2.29005,2.2905,5.70,2.40
2007.11.16 19:10:04.525,2.29005,2.2905,5.60,2.40
2007.11.16 19:10:04.800,2.29005,2.29045,5.60,2.40
2007.11.16 19:10:05.917,2.29005,2.29045,4.00,2.40
2007.11.16 19:10:06.343,2.29005,2.29045,4.00,2.40
2007.11.16 19:10:06.574,2.29005,2.29045,4.00,2.40
2007.11.16 19:10:06.812,2.29005,2.2905,4.10,2.40
2007.11.16 19:10:07.273,2.29005,2.2905,4.10,2.40
2007.11.16 19:10:11.363,2.29005,2.2905,4.10,2.40
2007.11.16 19:10:15.639,2.29005,2.2905,0.20,2.40
2007.11.16 19:10:15.843,2.28995,2.2905,8.00,2.40
2007.11.16 19:10:16.066,2.28995,2.2905,8.00,2.40
2007.11.16 19:10:16.295,2.29005,2.2905,4.00,2.40
2007.11.16 19:10:16.837,2.29005,2.2905,4.00,2.40
2007.11.16 19:10:18.548,2.28995,2.2905,8.00,2.40
2007.11.16 19:10:18.738,2.28995,2.2905,8.00,2.40
2007.11.16 19:10:19.488,2.28995,2.2905,8.00,2.40
2007.11.16 19:10:19.776,2.28995,2.29045,1.70,2.40
2007.11.16 19:10:19.983,2.28995,2.29045,1.60,2.40
2007.11.16 19:10:20.259,2.28995,2.29045,1.60,2.40
2007.11.16 19:10:21.119,2.28995,2.29035,1.60,2.00
2007.11.16 19:10:21.347,2.28995,2.29035,1.60,2.00
2007.11.16 19:10:25.971,2.28995,2.29035,1.60,2.00
2007.11.16 19:10:26.204,2.28995,2.29035,1.60,2.00
2007.11.16 19:10:26.439,2.28995,2.29035,1.60,2.00
2007.11.16 19:10:27.334,2.28995,2.29035,3.80,2.00
2007.11.16 19:10:27.562,2.28995,2.29035,1.60,2.00
2007.11.16 19:10:28.096,2.28995,2.29035,1.60,2.00
2007.11.16 19:10:28.429,2.28995,2.29035,2.50,2.00
2007.11.16 19:10:28.762,2.29005,2.29035,4.00,2.00
2007.11.16 19:10:28.975,2.29005,2.29035,4.90,2.00
2007.11.16 19:10:29.188,2.29015,2.29035,1.60,2.00
2007.11.16 19:10:29.574,2.29015,2.29035,1.60,2.00
2007.11.16 19:10:29.853,2.29005,2.29035,1.60,2.00
2007.11.16 19:10:30.132,2.29005,2.29035,1.60,2.00
2007.11.16 19:10:30.567,2.29005,2.29035,1.60,2.00
2007.11.16 19:10:30.971,2.29005,2.29035,1.60,2.00
2007.11.16 19:10:31.446,2.29005,2.29035,1.60,2.00
2007.11.16 19:10:32.559,2.29005,2.29035,1.60,2.00
2007.11.16 19:10:32.852,2.29005,2.29035,1.60,2.00
2007.11.16 19:10:33.410,2.29005,2.29035,1.60,2.00
2007.11.16 19:10:33.558,2.29005,2.29035,1.60,2.00
2007.11.16 19:10:33.706,2.29005,2.29025,1.60,2.00
2007.11.16 19:10:34.014,2.29005,2.29025,1.60,2.00
2007.11.16 19:10:34.321,2.29005,2.29025,1.60,2.00
2007.11.16 19:10:34.631,2.29005,2.29025,1.60,2.00
2007.11.16 19:10:36.273,2.29005,2.29025,1.60,2.00
2007.11.16 19:10:36.539,2.29005,2.29025,1.60,2.00
2007.11.16 19:10:36.786,2.29005,2.29025,1.60,2.00
2007.11.16 19:10:37.087,2.29005,2.29025,1.60,2.00
2007.11.16 19:10:37.385,2.29005,2.29025,1.60,2.00
2007.11.16 19:10:38.321,2.29005,2.29025,1.60,2.00
2007.11.16 19:10:38.540,2.29005,2.29025,1.60,2.00
2007.11.16 19:10:39.268,2.29005,2.29025,1.60,2.00
2007.11.16 19:10:41.302,2.29005,2.29025,1.60,2.00
2007.11.16 19:10:41.485,2.29005,2.29025,1.60,2.00
2007.11.16 19:10:41.628,2.29005,2.29025,1.60,2.00
2007.11.16 19:10:41.770,2.29005,2.29025,1.60,2.00
2007.11.16 19:10:46.509,2.29005,2.29025,1.60,2.00
2007.11.16 19:10:46.750,2.29005,2.29025,1.60,2.00
2007.11.16 19:10:46.978,2.29005,2.29025,1.60,2.00
2007.11.16 19:10:47.261,2.29005,2.29025,1.60,2.00
2007.11.16 19:10:49.653,2.28995,2.2904,2.40,2.40
2007.11.16 19:10:49.861,2.28995,2.2904,2.40,2.40
2007.11.16 19:10:50.069,2.28995,2.2904,1.60,2.40
2007.11.16 19:10:51.533,2.28995,2.2904,1.60,2.40
2007.11.16 19:10:51.588,2.28995,2.2904,0.50,2.40
2007.11.16 19:10:51.901,2.2899,2.2904,4.60,2.40
2007.11.16 19:10:52.079,2.28995,2.2904,1.10,2.40
2007.11.16 19:10:52.256,2.2899,2.29045,3.80,4.80
2007.11.16 19:10:53.841,2.28995,2.29045,1.60,2.40
2007.11.16 19:10:54.085,2.28995,2.2904,1.60,2.40
2007.11.16 19:10:55.277,2.28995,2.2904,1.60,2.40
2007.11.16 19:10:55.609,2.28995,2.29045,1.60,4.80
2007.11.16 19:10:56.555,2.28995,2.29045,1.60,4.80
2007.11.16 19:10:56.887,2.28995,2.29045,1.60,4.80
2007.11.16 19:11:01.575,2.28995,2.29045,1.60,4.80
2007.11.16 19:11:01.936,2.28995,2.29045,1.60,4.80
2007.11.16 19:11:02.124,2.28995,2.29045,1.60,4.80
2007.11.16 19:11:02.313,2.28995,2.29045,1.60,2.40
2007.11.16 19:11:02.503,2.28995,2.2904,1.60,2.40
2007.11.16 19:11:02.715,2.28995,2.2904,1.60,2.40
2007.11.16 19:11:03.048,2.28995,2.2904,1.60,2.40
2007.11.16 19:11:06.605,2.28995,2.2904,1.60,2.40
2007.11.16 19:11:07.772,2.29,2.2904,0.60,2.40
2007.11.16 19:11:07.945,2.29005,2.29025,1.60,2.00
2007.11.16 19:11:08.118,2.29005,2.29025,1.60,2.00
2007.11.16 19:11:08.307,2.29005,2.29025,1.60,2.00
2007.11.16 19:11:08.537,2.29005,2.29025,1.60,2.00
2007.11.16 19:11:08.737,2.29005,2.29025,1.60,2.00
2007.11.16 19:11:09.262,2.29005,2.29025,1.60,2.00
2007.11.16 19:11:09.570,2.29005,2.29025,1.60,2.00
2007.11.16 19:11:09.916,2.29005,2.29025,1.60,0.70
2007.11.16 19:11:10.182,2.29,2.29045,0.60,2.40
2007.11.16 19:11:10.371,2.28995,2.2904,2.80,2.40
2007.11.16 19:11:10.564,2.28995,2.2904,2.20,2.40
2007.11.16 19:11:11.633,2.28995,2.2904,2.20,2.40
2007.11.16 19:11:14.020,2.28995,2.29005,1.60,2.00
2007.11.16 19:11:14.268,2.28995,2.29005,1.60,2.00
2007.11.16 19:11:14.501,2.2899,2.2904,2.80,2.40
2007.11.16 19:11:14.733,2.28985,2.2904,6.80,2.40
2007.11.16 19:11:15.291,2.28985,2.2904,6.80,2.40
2007.11.16 19:11:16.659,2.28985,2.2904,6.80,2.40
2007.11.16 19:11:17.239,2.28995,2.29025,2.20,2.00
2007.11.16 19:11:17.548,2.29,2.29025,0.60,2.00
2007.11.16 19:11:18.329,2.29,2.29025,0.60,2.00
2007.11.16 19:11:21.688,2.29,2.29025,0.60,2.00
2007.11.16 19:11:23.108,2.29,2.29025,0.60,2.00
2007.11.16 19:11:23.316,2.29005,2.29025,4.00,2.00
2007.11.16 19:11:23.532,2.2901,2.29025,2.20,2.00
2007.11.16 19:11:24.043,2.2901,2.29025,2.20,2.00
2007.11.16 19:11:24.252,2.2901,2.29025,2.20,2.00
2007.11.16 19:11:26.716,2.2901,2.29025,2.20,2.00
2007.11.16 19:11:31.734,2.2901,2.29025,2.20,2.00
2007.11.16 19:11:33.559,2.2901,2.29025,2.20,2.00
2007.11.16 19:11:33.826,2.29015,2.29025,2.20,2.00
2007.11.16 19:11:33.964,2.29015,2.29065,6.20,4.80
2007.11.16 19:11:35.278,2.29025,2.29035,4.00,2.00
2007.11.16 19:11:35.601,2.29025,2.29035,4.00,2.00
2007.11.16 19:11:36.766,2.29025,2.29035,4.00,2.00
2007.11.16 19:11:40.286,2.29025,2.29035,4.00,2.00
2007.11.16 19:11:41.124,2.29025,2.29035,4.00,2.00
2007.11.16 19:11:41.392,2.29015,2.29035,6.80,2.00
2007.11.16 19:11:41.659,2.29015,2.29035,4.60,2.00
2007.11.16 19:11:44.808,2.29015,2.29025,4.60,2.00
2007.11.16 19:11:44.992,2.29015,2.29025,4.60,0.70
2007.11.16 19:11:45.031,2.29015,2.29025,4.00,0.80
2007.11.16 19:11:46.829,2.29015,2.29025,4.00,0.80
2007.11.16 19:11:51.856,2.29015,2.29025,4.00,0.80
2007.11.16 19:11:52.219,2.29015,2.29025,4.00,0.70
2007.11.16 19:11:52.522,2.29005,2.29025,6.80,0.50
2007.11.16 19:11:52.771,2.29005,2.29045,4.00,4.40
2007.11.16 19:11:53.027,2.29005,2.29045,4.00,4.40
2007.11.16 19:11:56.879,2.29005,2.29045,4.00,4.40
2007.11.16 19:11:58.790,2.29005,2.29035,4.00,0.80
2007.11.16 19:11:58.966,2.29005,2.29045,4.60,4.40
2007.11.16 19:12:00.003,2.29005,2.29045,4.60,4.40
2007.11.16 19:12:00.286,2.29005,2.29045,6.20,4.40
2007.11.16 19:12:00.569,2.29005,2.29045,6.20,4.40
2007.11.16 19:12:01.902,2.29005,2.29045,6.20,4.40
2007.11.16 19:12:02.144,2.29005,2.29045,6.20,4.40
2007.11.16 19:12:02.359,2.29005,2.29035,7.60,0.70
2007.11.16 19:12:02.571,2.2901,2.2906,0.60,4.40
2007.11.16 19:12:03.259,2.2901,2.29035,0.60,0.70
2007.11.16 19:12:03.968,2.2901,2.2906,0.60,4.40
2007.11.16 19:12:05.326,2.2901,2.29055,0.60,4.40
2007.11.16 19:12:05.548,2.2901,2.2904,0.60,4.40
2007.11.16 19:12:05.775,2.2901,2.29035,0.60,0.70
2007.11.16 19:12:06.915,2.2901,2.29055,0.60,4.40
2007.11.16 19:12:09.489,2.2901,2.29035,0.60,0.70
2007.11.16 19:12:10.826,2.2901,2.29055,0.60,4.40
2007.11.16 19:12:11.074,2.29005,2.29045,8.40,4.40
2007.11.16 19:12:11.930,2.29005,2.29045,8.40,4.40
2007.11.16 19:12:12.315,2.29005,2.29035,8.40,0.90
2007.11.16 19:12:12.645,2.2901,2.2905,0.50,2.20
2007.11.16 19:12:12.973,2.2901,2.29045,0.50,4.40
2007.11.16 19:12:13.301,2.28995,2.2904,1.60,4.40
2007.11.16 19:12:13.566,2.28995,2.29035,1.60,2.00
2007.11.16 19:12:14.053,2.28995,2.29035,1.60,2.00
2007.11.16 19:12:14.262,2.28995,2.29035,1.60,2.00
2007.11.16 19:12:14.535,2.29,2.29035,0.50,2.00
2007.11.16 19:12:16.961,2.29,2.29035,0.50,2.00
2007.11.16 19:12:21.982,2.29,2.29035,0.50,2.00
2007.11.16 19:12:23.490,2.29,2.29035,0.50,2.00
2007.11.16 19:12:23.809,2.29,2.29035,0.50,2.00
2007.11.16 19:12:24.008,2.29,2.29035,0.50,2.00
2007.11.16 19:12:24.530,2.29,2.29035,0.50,2.00
2007.11.16 19:12:25.250,2.29,2.29035,0.50,2.00
2007.11.16 19:12:26.333,2.29,2.29035,0.50,2.00
2007.11.16 19:12:26.521,2.28995,2.29035,1.60,2.00
2007.11.16 19:12:26.709,2.28995,2.29035,1.60,2.00
2007.11.16 19:12:26.996,2.28995,2.29035,1.60,2.00
2007.11.16 19:12:29.188,2.28995,2.29035,1.60,2.00
2007.11.16 19:12:29.355,2.28995,2.29035,1.60,2.00
2007.11.16 19:12:32.020,2.28995,2.29035,1.60,2.00
2007.11.16 19:12:32.283,2.28995,2.29035,1.60,2.00
2007.11.16 19:12:32.486,2.28995,2.29035,1.60,2.00
2007.11.16 19:12:35.613,2.28995,2.29035,1.60,2.00
2007.11.16 19:12:35.896,2.28995,2.29035,2.80,2.00
2007.11.16 19:12:36.179,2.29,2.29035,0.50,2.00
2007.11.16 19:12:37.048,2.29,2.29035,0.50,2.00
2007.11.16 19:12:42.079,2.29,2.29035,0.50,2.00
2007.11.16 19:12:43.499,2.29,2.29035,0.50,2.00
2007.11.16 19:12:43.794,2.29,2.29035,0.50,2.00
2007.11.16 19:12:46.070,2.29,2.29035,0.50,2.00
2007.11.16 19:12:46.259,2.29005,2.29035,6.20,2.00
2007.11.16 19:12:46.515,2.29005,2.29035,6.80,2.00
2007.11.16 19:12:46.768,2.2901,2.29035,0.50,2.00
2007.11.16 19:12:47.021,2.2901,2.29035,0.50,2.00
2007.11.16 19:12:47.274,2.29005,2.29035,7.80,2.00
2007.11.16 19:12:47.686,2.29005,2.29035,5.60,2.00
2007.11.16 19:12:48.848,2.29005,2.29035,6.10,2.00
2007.11.16 19:12:49.016,2.29005,2.29035,6.70,2.00
2007.11.16 19:12:49.183,2.2901,2.29035,0.50,2.00
2007.11.16 19:12:49.351,2.2901,2.29035,0.50,2.00
2007.11.16 19:12:50.695,2.2901,2.29035,0.50,0.90
2007.11.16 19:12:51.593,2.2901,2.29035,0.50,2.00
2007.11.16 19:12:51.923,2.2901,2.29035,0.50,2.00
2007.11.16 19:12:52.249,2.29005,2.29035,6.10,2.00
2007.11.16 19:12:52.850,2.29005,2.29035,5.60,2.00
2007.11.16 19:12:53.296,2.29005,2.29035,5.60,2.00
2007.11.16 19:12:54.354,2.29005,2.29045,5.60,2.00
2007.11.16 19:12:54.746,2.29005,2.29045,6.10,2.00
2007.11.16 19:12:57.143,2.29005,2.29045,6.10,2.00
2007.11.16 19:12:57.304,2.29005,2.29045,6.10,2.00
2007.11.16 19:12:57.466,2.29005,2.29045,7.20,2.00
2007.11.16 19:12:57.799,2.2901,2.29045,0.50,2.00
2007.11.16 19:13:02.173,2.2901,2.29045,0.50,2.00
2007.11.16 19:13:05.321,2.2901,2.29035,0.50,2.00
2007.11.16 19:13:05.619,2.29015,2.29035,0.50,2.00
2007.11.16 19:13:06.172,2.29015,2.29035,0.50,2.00
2007.11.16 19:13:06.484,2.29015,2.29035,0.50,2.00
2007.11.16 19:13:07.179,2.29015,2.29035,0.50,2.00
2007.11.16 19:13:08.277,2.29015,2.29035,0.50,2.00
2007.11.16 19:13:08.609,2.2901,2.29035,0.50,2.00
2007.11.16 19:13:09.203,2.2901,2.29035,0.50,2.00
2007.11.16 19:13:09.400,2.2901,2.29035,0.50,2.00
2007.11.16 19:13:09.598,2.2901,2.29035,0.50,2.00
2007.11.16 19:13:09.797,2.2901,2.29035,0.50,2.00
2007.11.16 19:13:09.994,2.2901,2.29035,0.50,2.00
2007.11.16 19:13:10.267,2.29005,2.29035,1.60,2.00
2007.11.16 19:13:12.359,2.29005,2.29035,1.60,2.00
2007.11.16 19:13:14.784,2.29005,2.29035,1.60,2.00
2007.11.16 19:13:14.978,2.29005,2.29035,1.60,2.00
2007.11.16 19:13:15.490,2.29005,2.29035,1.60,2.00
2007.11.16 19:13:16.812,2.29005,2.29035,1.60,2.00
2007.11.16 19:13:16.977,2.29005,2.29035,1.60,2.00
2007.11.16 19:13:17.272,2.29005,2.29035,1.60,2.00
2007.11.16 19:13:20.655,2.29005,2.29045,1.60,2.40
2007.11.16 19:13:20.961,2.29005,2.2905,1.60,2.40
2007.11.16 19:13:21.600,2.29005,2.2905,1.60,2.40
2007.11.16 19:13:21.834,2.29015,2.2905,1.20,2.40
2007.11.16 19:13:22.067,2.2902,2.29065,0.50,2.00
2007.11.16 19:13:22.419,2.2902,2.29065,0.50,2.00
2007.11.16 19:13:23.055,2.2902,2.29065,0.50,2.20
2007.11.16 19:13:23.280,2.29015,2.29065,2.80,2.20
2007.11.16 19:13:23.578,2.2901,2.29065,2.80,4.60
2007.11.16 19:13:24.757,2.2901,2.2906,0.50,2.40
2007.11.16 19:13:25.644,2.2901,2.29055,0.50,0.20
2007.11.16 19:13:25.877,2.29005,2.29055,3.80,6.60
2007.11.16 19:13:26.111,2.29,2.2905,0.50,2.40
2007.11.16 19:13:26.515,2.29,2.29045,0.50,2.40
2007.11.16 19:13:27.246,2.29,2.29045,0.80,2.40
2007.11.16 19:13:28.268,2.29,2.29045,0.80,2.40
2007.11.16 19:13:28.521,2.28995,2.29045,4.40,2.40
2007.11.16 19:13:29.227,2.29,2.29045,0.80,2.40
2007.11.16 19:13:29.535,2.29015,2.29045,2.00,2.40
2007.11.16 19:13:29.711,2.29015,2.2905,2.00,2.40
2007.11.16 19:13:29.890,2.29015,2.29045,2.00,2.40
2007.11.16 19:13:30.068,2.29015,2.29045,2.00,2.40
2007.11.16 19:13:30.267,2.29015,2.2904,2.00,2.40
2007.11.16 19:13:30.444,2.29015,2.2904,2.00,2.40
2007.11.16 19:13:30.821,2.29015,2.2904,2.00,2.40
2007.11.16 19:13:32.479,2.29015,2.2904,2.00,2.40
2007.11.16 19:13:35.210,2.29015,2.2904,2.00,2.40
2007.11.16 19:13:35.429,2.29015,2.29045,2.00,2.40
2007.11.16 19:13:35.648,2.29015,2.29045,2.00,2.40
2007.11.16 19:13:35.980,2.29015,2.29045,2.00,2.40
2007.11.16 19:13:36.288,2.29015,2.2905,2.00,2.60
2007.11.16 19:13:37.500,2.29015,2.2905,2.00,2.60
2007.11.16 19:13:38.706,2.29,2.2905,0.80,2.60
2007.11.16 19:13:38.901,2.29,2.29045,0.80,4.80
2007.11.16 19:13:39.094,2.28995,2.29045,4.20,4.80
2007.11.16 19:13:39.504,2.28995,2.2904,4.20,2.40
2007.11.16 19:13:40.149,2.28995,2.2904,4.20,2.40
2007.11.16 19:13:40.398,2.28995,2.29045,5.60,2.40
2007.11.16 19:13:40.635,2.29005,2.2906,2.80,2.60
2007.11.16 19:13:40.879,2.29005,2.2906,9.80,2.40
2007.11.16 19:13:41.097,2.2901,2.2906,0.60,2.40
2007.11.16 19:13:41.315,2.2901,2.2906,0.60,2.40
2007.11.16 19:13:42.518,2.2901,2.2906,0.60,2.40
2007.11.16 19:13:43.219,2.2901,2.2906,0.60,2.40
2007.11.16 19:13:43.728,2.2901,2.2906,0.60,2.40
2007.11.16 19:13:44.022,2.2901,2.2906,0.60,2.40
2007.11.16 19:13:44.205,2.2901,2.2906,0.60,2.60
2007.11.16 19:13:44.389,2.2901,2.2906,0.60,2.60
2007.11.16 19:13:44.571,2.2901,2.2906,2.20,0.20
2007.11.16 19:13:45.297,2.29005,2.2906,2.80,2.60
2007.11.16 19:13:45.748,2.29005,2.29055,2.80,2.00
2007.11.16 19:13:46.008,2.29005,2.29055,2.80,4.40
2007.11.16 19:13:46.547,2.29005,2.29055,1.70,4.40
2007.11.16 19:13:47.541,2.29005,2.29055,2.80,4.40
2007.11.16 19:13:51.722,2.29005,2.29055,2.80,4.40
2007.11.16 19:13:52.561,2.29005,2.29055,2.80,4.40
2007.11.16 19:13:57.596,2.29005,2.29055,2.80,4.40
2007.11.16 19:13:57.844,2.29005,2.29055,2.80,4.40
2007.11.16 19:13:58.489,2.29005,2.29055,2.80,4.40
2007.11.16 19:14:00.257,2.29005,2.29055,2.80,2.00
2007.11.16 19:14:02.623,2.29005,2.29055,2.80,2.00
2007.11.16 19:14:03.260,2.29005,2.29055,2.80,4.40
2007.11.16 19:14:05.430,2.29005,2.29045,2.80,0.20
2007.11.16 19:14:05.645,2.29005,2.29045,0.60,0.20
2007.11.16 19:14:05.838,2.29,2.29045,0.50,0.20
2007.11.16 19:14:06.019,2.29,2.2905,0.50,2.60
2007.11.16 19:14:06.266,2.29,2.29045,0.50,2.40
2007.11.16 19:14:06.453,2.29,2.29045,0.50,2.40
2007.11.16 19:14:06.642,2.29,2.29045,0.50,4.00
2007.11.16 19:14:06.910,2.29,2.29045,0.50,4.00
2007.11.16 19:14:07.198,2.29,2.29045,0.50,4.00
2007.11.16 19:14:07.513,2.29,2.2904,0.50,2.40
2007.11.16 19:14:08.030,2.29,2.29035,0.50,2.40
2007.11.16 19:14:09.969,2.29,2.29035,0.50,2.40
2007.11.16 19:14:10.117,2.29,2.29035,0.50,2.40
2007.11.16 19:14:10.264,2.29,2.29035,0.50,2.40
2007.11.16 19:14:10.412,2.29005,2.2905,0.50,2.40
2007.11.16 19:14:10.560,2.29005,2.2905,0.50,2.40
2007.11.16 19:14:10.712,2.29005,2.29055,2.80,4.40
2007.11.16 19:14:11.339,2.29005,2.29045,2.80,2.00
2007.11.16 19:14:11.673,2.29005,2.29045,2.20,2.00
2007.11.16 19:14:12.006,2.29,2.29045,0.50,2.00
2007.11.16 19:14:12.199,2.29,2.29045,2.80,2.00
2007.11.16 19:14:12.665,2.29,2.29045,2.80,2.00
2007.11.16 19:14:13.415,2.29,2.29045,2.80,2.00
2007.11.16 19:14:13.747,2.29,2.29045,2.80,2.00
2007.11.16 19:14:14.080,2.29005,2.29045,2.20,2.00
2007.11.16 19:14:14.278,2.29005,2.29045,2.20,2.00
2007.11.16 19:14:17.689,2.29005,2.29045,2.20,2.00
2007.11.16 19:14:18.364,2.29005,2.29045,2.20,2.00
2007.11.16 19:14:18.670,2.29005,2.29045,2.20,4.40
2007.11.16 19:14:18.963,2.28995,2.29045,2.00,6.80
2007.11.16 19:14:22.713,2.28995,2.29045,2.00,6.80
2007.11.16 19:14:23.824,2.28995,2.29045,4.00,4.80
2007.11.16 19:14:24.156,2.28995,2.29045,4.00,4.80
2007.11.16 19:14:24.489,2.28995,2.2904,4.00,2.40
2007.11.16 19:14:24.984,2.28995,2.2904,4.00,2.40
2007.11.16 19:14:25.208,2.28995,2.2904,4.00,2.40
2007.11.16 19:14:25.421,2.28995,2.2904,4.00,2.40
2007.11.16 19:14:25.718,2.28995,2.2904,5.10,2.40
2007.11.16 19:14:26.016,2.29,2.29045,0.60,2.40
2007.11.16 19:14:26.448,2.29,2.29045,0.60,2.40
2007.11.16 19:14:27.488,2.29,2.29045,0.60,2.40
2007.11.16 19:14:27.747,2.29,2.29045,0.60,2.40
2007.11.16 19:14:29.755,2.29,2.29045,0.60,2.40
2007.11.16 19:14:30.268,2.29,2.29045,0.60,2.40
2007.11.16 19:14:32.237,2.29,2.29045,0.60,2.40
2007.11.16 19:14:32.761,2.29,2.29045,0.60,2.40
2007.11.16 19:14:32.953,2.29005,2.29045,2.00,2.40
2007.11.16 19:14:33.146,2.29005,2.29055,4.20,2.40
2007.11.16 19:14:33.338,2.29005,2.29055,2.70,4.40
2007.11.16 19:14:33.531,2.2901,2.29055,0.60,2.00
2007.11.16 19:14:33.864,2.2901,2.29055,0.60,2.00
2007.11.16 19:14:34.196,2.29,2.29055,2.70,4.40
2007.11.16 19:14:35.248,2.29,2.29055,2.70,4.40
2007.11.16 19:14:37.791,2.29,2.29055,2.70,4.40
2007.11.16 19:14:41.476,2.29,2.29045,2.70,0.20
2007.11.16 19:14:41.690,2.28995,2.29045,2.70,2.60
2007.11.16 19:14:42.585,2.28995,2.29045,2.70,2.60
2007.11.16 19:14:42.784,2.28995,2.2904,0.20,2.40
2007.11.16 19:14:43.017,2.28995,2.2904,0.20,2.40
2007.11.16 19:14:47.833,2.28995,2.2904,0.20,2.40
2007.11.16 19:14:48.415,2.28995,2.2904,0.20,2.40
2007.11.16 19:14:48.664,2.28995,2.2904,1.90,2.40
2007.11.16 19:14:48.912,2.29,2.29055,2.40,4.40
2007.11.16 19:14:49.174,2.29,2.29055,2.40,4.40
2007.11.16 19:14:49.437,2.29,2.29055,2.40,4.40
2007.11.16 19:14:52.865,2.29,2.29055,2.40,4.40
2007.11.16 19:14:57.640,2.29,2.29055,2.40,4.40
2007.11.16 19:14:57.890,2.29,2.29055,2.40,4.40
2007.11.16 19:14:58.105,2.29,2.29055,2.40,4.40
2007.11.16 19:14:59.493,2.29,2.29055,2.40,4.40
2007.11.16 19:15:02.917,2.29,2.29055,2.40,4.40
2007.11.16 19:15:07.938,2.29,2.29055,2.40,4.40
2007.11.16 19:15:09.779,2.29,2.29055,2.20,4.40
2007.11.16 19:15:10.276,2.28995,2.29055,4.10,4.40
2007.11.16 19:15:10.481,2.28995,2.29055,4.00,4.40
2007.11.16 19:15:10.618,2.28985,2.2905,11.60,2.40
2007.11.16 19:15:11.226,2.2899,2.2904,3.90,2.40
2007.11.16 19:15:12.742,2.28995,2.2904,1.60,2.40
2007.11.16 19:15:12.900,2.28995,2.2904,1.60,2.40
2007.11.16 19:15:13.260,2.28995,2.29045,1.60,2.40
2007.11.16 19:15:17.981,2.28995,2.29045,1.60,2.40
2007.11.16 19:15:18.640,2.28995,2.29045,1.60,2.40
2007.11.16 19:15:18.894,2.28995,2.29045,1.70,2.40
2007.11.16 19:15:20.746,2.28995,2.29045,1.60,2.40
2007.11.16 19:15:20.944,2.28995,2.29045,1.60,2.40
2007.11.16 19:15:23.003,2.28995,2.29045,1.60,2.40
2007.11.16 19:15:24.189,2.28995,2.29045,1.60,2.40
2007.11.16 19:15:27.663,2.28995,2.29045,1.60,2.40
2007.11.16 19:15:28.028,2.28995,2.29045,1.60,2.40
2007.11.16 19:15:28.788,2.28995,2.29045,1.60,2.40
2007.11.16 19:15:29.010,2.28995,2.29045,1.60,2.40
2007.11.16 19:15:29.944,2.29,2.29045,0.30,2.40
2007.11.16 19:15:30.227,2.29,2.29045,0.30,2.40
2007.11.16 19:15:30.611,2.29,2.29045,0.30,4.40
2007.11.16 19:15:30.982,2.29,2.2904,0.30,2.40
2007.11.16 19:15:31.741,2.29,2.2904,0.30,2.40
2007.11.16 19:15:33.047,2.29,2.2904,0.30,2.40
2007.11.16 19:15:34.547,2.29005,2.2904,0.80,2.40
2007.11.16 19:15:36.707,2.29005,2.2904,0.80,2.40
2007.11.16 19:15:38.092,2.29005,2.2904,0.80,2.40
2007.11.16 19:15:43.083,2.29005,2.2904,0.80,2.40
2007.11.16 19:15:43.256,2.29005,2.2904,0.80,2.40
2007.11.16 19:15:45.839,2.29005,2.2904,0.80,2.40
2007.11.16 19:15:47.929,2.29005,2.2904,0.80,2.40
2007.11.16 19:15:48.207,2.29005,2.2904,4.80,2.40
2007.11.16 19:15:48.484,2.29005,2.29045,4.80,2.00
2007.11.16 19:15:49.265,2.29005,2.29045,4.80,2.00
2007.11.16 19:15:49.517,2.29005,2.29045,7.00,2.00
2007.11.16 19:15:50.012,2.29005,2.29045,7.00,2.00
2007.11.16 19:15:50.236,2.29005,2.29045,7.00,2.00
2007.11.16 19:15:51.813,2.29005,2.29045,7.00,2.00
2007.11.16 19:15:52.060,2.29005,2.29045,7.10,2.00
2007.11.16 19:15:52.739,2.29005,2.29045,7.00,4.40
2007.11.16 19:15:52.902,2.29005,2.29045,7.00,4.40
2007.11.16 19:15:53.160,2.29005,2.29045,7.00,4.40
2007.11.16 19:15:53.388,2.29005,2.29045,7.00,4.40
2007.11.16 19:15:56.222,2.29015,2.29045,0.80,4.40
2007.11.16 19:15:57.774,2.29015,2.29045,0.80,2.00
2007.11.16 19:15:58.175,2.29015,2.29045,0.80,2.00
2007.11.16 19:15:58.408,2.29015,2.29045,0.80,2.00
2007.11.16 19:15:58.640,2.29015,2.29045,0.80,2.00
2007.11.16 19:15:58.873,2.29015,2.29045,0.80,2.00
2007.11.16 19:16:02.312,2.29015,2.29045,0.80,2.00
2007.11.16 19:16:03.213,2.29015,2.29045,0.80,2.00
2007.11.16 19:16:03.545,2.29015,2.29045,0.80,2.00
2007.11.16 19:16:03.793,2.29015,2.29045,0.80,2.00
2007.11.16 19:16:04.041,2.29015,2.29045,0.80,4.40
2007.11.16 19:16:04.360,2.29015,2.29045,0.80,4.40
2007.11.16 19:16:06.765,2.29015,2.29045,0.80,6.80
2007.11.16 19:16:07.214,2.29015,2.29045,0.80,6.80
2007.11.16 19:16:08.237,2.29015,2.29045,0.80,6.80
2007.11.16 19:16:09.210,2.29015,2.29045,0.80,4.40
2007.11.16 19:16:09.510,2.29015,2.29045,0.80,4.40
2007.11.16 19:16:09.807,2.29015,2.29045,0.80,4.40
2007.11.16 19:16:10.502,2.29015,2.29045,0.80,0.90
2007.11.16 19:16:12.760,2.29015,2.29045,0.80,0.50
2007.11.16 19:16:13.269,2.29015,2.29045,0.80,0.50
2007.11.16 19:16:16.067,2.29015,2.2905,0.80,4.60
2007.11.16 19:16:16.336,2.29015,2.2905,0.80,7.00
2007.11.16 19:16:16.683,2.29015,2.29045,0.80,6.80
2007.11.16 19:16:18.295,2.29015,2.29045,0.80,6.80
2007.11.16 19:16:19.867,2.29015,2.2904,0.80,0.80
2007.11.16 19:16:23.336,2.29015,2.29045,0.80,6.80
2007.11.16 19:16:28.348,2.28985,2.29045,2.30,4.80
2007.11.16 19:16:31.711,2.28985,2.29045,2.40,4.80
2007.11.16 19:16:31.974,2.2899,2.2904,0.20,0.70
2007.11.16 19:16:33.373,2.2899,2.29045,0.20,4.80
2007.11.16 19:16:35.451,2.28985,2.2904,2.40,0.90
2007.11.16 19:16:38.404,2.28985,2.29045,2.40,4.80
2007.11.16 19:16:38.737,2.28985,2.2904,2.40,4.80
2007.11.16 19:16:39.035,2.28985,2.29025,2.20,0.80
2007.11.16 19:16:39.768,2.29015,2.29025,0.80,0.70
2007.11.16 19:16:43.437,2.29015,2.29035,0.80,4.40
2007.11.16 19:16:48.453,2.29015,2.29035,0.80,4.40
2007.11.16 19:16:50.877,2.29015,2.29025,0.80,0.80
2007.11.16 19:16:53.253,2.29015,2.2902,0.80,0.20
2007.11.16 19:16:53.441,2.29005,2.2902,0.80,5.00
2007.11.16 19:16:53.630,2.29005,2.29015,0.80,0.50
2007.11.16 19:16:53.818,2.29005,2.29025,0.80,2.60
2007.11.16 19:16:54.006,2.29005,2.29025,0.80,4.20
2007.11.16 19:16:54.338,2.29005,2.2901,0.80,0.70
2007.11.16 19:16:56.197,2.28975,2.2901,2.00,2.40
2007.11.16 19:16:56.266,2.28985,2.2901,0.80,2.40
2007.11.16 19:16:57.195,2.28985,2.2901,0.80,2.40
2007.11.16 19:16:57.872,2.28985,2.2901,0.80,2.40
2007.11.16 19:16:58.507,2.28985,2.2901,0.80,2.40
2007.11.16 19:16:58.738,2.28985,2.2901,0.80,2.40
2007.11.16 19:16:58.904,2.28965,2.2901,0.90,2.40
2007.11.16 19:16:59.058,2.28965,2.29015,0.90,2.40
2007.11.16 19:16:59.268,2.28965,2.29015,0.90,2.40
2007.11.16 19:16:59.602,2.28985,2.2902,0.80,2.40
2007.11.16 19:16:59.935,2.28965,2.2902,3.10,2.40
2007.11.16 19:17:01.368,2.28985,2.2902,0.80,2.40
2007.11.16 19:17:01.546,2.28985,2.2902,0.80,2.40
2007.11.16 19:17:03.536,2.28965,2.2902,8.80,2.40
2007.11.16 19:17:08.544,2.28965,2.2902,8.80,2.40
2007.11.16 19:17:11.202,2.28985,2.2902,0.80,2.40
2007.11.16 19:17:11.424,2.28965,2.2902,8.80,2.40
2007.11.16 19:17:12.248,2.28985,2.2902,0.80,2.40
2007.11.16 19:17:12.581,2.28965,2.2902,8.80,2.40
2007.11.16 19:17:13.493,2.28965,2.2902,8.80,2.40
2007.11.16 19:17:13.727,2.28985,2.2902,0.80,2.40
2007.11.16 19:17:18.750,2.28985,2.2902,0.80,2.40
2007.11.16 19:17:23.777,2.28985,2.2902,0.80,2.40
2007.11.16 19:17:27.133,2.28985,2.2902,0.80,2.40
2007.11.16 19:17:27.750,2.28965,2.28995,8.00,1.60
2007.11.16 19:17:28.792,2.28965,2.28995,8.00,1.60
2007.11.16 19:17:29.449,2.28965,2.28995,8.00,1.60
2007.11.16 19:17:29.968,2.28965,2.28995,8.00,1.60
2007.11.16 19:17:31.926,2.28965,2.28995,5.80,1.60
2007.11.16 19:17:33.464,2.28965,2.28995,8.00,1.60
2007.11.16 19:17:33.819,2.28965,2.28995,8.00,1.60
2007.11.16 19:17:35.282,2.28965,2.28995,8.00,0.70
2007.11.16 19:17:36.289,2.28965,2.28995,8.10,0.60
2007.11.16 19:17:36.422,2.28975,2.28995,0.20,0.50
2007.11.16 19:17:36.981,2.28965,2.2902,8.20,4.00
2007.11.16 19:17:37.259,2.28975,2.28995,0.20,0.50
2007.11.16 19:17:38.437,2.28975,2.29015,0.20,4.00
2007.11.16 19:17:38.846,2.28975,2.29015,0.20,4.00
2007.11.16 19:17:39.450,2.28975,2.28995,0.20,0.90
2007.11.16 19:17:40.465,2.28975,2.28995,0.20,0.60
2007.11.16 19:17:41.196,2.28975,2.28995,0.20,0.60
2007.11.16 19:17:41.464,2.28975,2.28995,0.50,0.90
2007.11.16 19:17:41.732,2.2898,2.28995,0.20,0.70
2007.11.16 19:17:42.445,2.2898,2.28995,0.20,0.80
2007.11.16 19:17:42.954,2.2898,2.28995,0.20,0.90
2007.11.16 19:17:43.876,2.2898,2.28995,0.20,0.80
2007.11.16 19:17:44.126,2.2898,2.28995,0.20,0.90
2007.11.16 19:17:44.520,2.28975,2.28995,0.20,0.80
2007.11.16 19:17:44.812,2.28975,2.28995,0.20,0.60
2007.11.16 19:17:45.154,2.28975,2.28995,0.20,0.70
2007.11.16 19:17:46.079,2.28975,2.28995,2.40,0.50
2007.11.16 19:17:46.307,2.28975,2.28995,2.40,0.70
2007.11.16 19:17:46.534,2.28975,2.28995,2.40,0.80
2007.11.16 19:17:46.842,2.28975,2.28995,2.40,0.80
2007.11.16 19:17:48.896,2.28975,2.28995,2.40,0.50
2007.11.16 19:17:49.414,2.28975,2.28995,2.40,0.50
2007.11.16 19:17:49.688,2.28975,2.28995,6.40,0.90
2007.11.16 19:17:49.961,2.28975,2.28995,4.10,0.50
2007.11.16 19:17:50.233,2.28975,2.28995,4.10,0.60
2007.11.16 19:17:50.507,2.2898,2.28995,0.20,0.50
2007.11.16 19:17:51.726,2.2898,2.28995,0.20,0.60
2007.11.16 19:17:51.921,2.28975,2.28995,4.20,0.70
2007.11.16 19:17:52.319,2.28975,2.28995,4.20,0.80
2007.11.16 19:17:52.512,2.28975,2.28995,4.20,0.90
2007.11.16 19:17:52.928,2.28975,2.28995,4.40,0.50
2007.11.16 19:17:53.216,2.28975,2.29025,4.40,0.60
2007.11.16 19:17:53.505,2.28975,2.29025,4.40,0.60
2007.11.16 19:17:53.910,2.28975,2.29025,4.40,0.80
2007.11.16 19:17:54.102,2.28975,2.29035,4.00,8.40
2007.11.16 19:17:54.295,2.28975,2.29035,4.60,8.40
2007.11.16 19:17:54.499,2.28975,2.29035,4.60,8.40
2007.11.16 19:17:55.085,2.28975,2.29035,4.60,8.40
2007.11.16 19:17:58.947,2.28975,2.29035,4.60,8.40
2007.11.16 19:18:01.103,2.28975,2.2903,4.60,7.00
2007.11.16 19:18:01.256,2.28975,2.2903,4.60,7.00
2007.11.16 19:18:03.479,2.28975,2.29025,4.60,6.80
2007.11.16 19:18:03.961,2.28975,2.29025,4.60,6.80
2007.11.16 19:18:05.494,2.28975,2.29025,6.80,4.40
2007.11.16 19:18:06.754,2.28975,2.29025,7.60,4.40
2007.11.16 19:18:07.069,2.2898,2.29025,0.80,2.00
2007.11.16 19:18:07.382,2.2898,2.29025,0.80,4.40
2007.11.16 19:18:08.993,2.2898,2.29025,0.80,4.40
2007.11.16 19:18:11.430,2.2898,2.29025,0.80,4.40
2007.11.16 19:18:14.022,2.2898,2.29025,0.80,4.40
2007.11.16 19:18:17.629,2.2898,2.29025,0.80,6.00
2007.11.16 19:18:18.894,2.2898,2.2903,0.80,6.20
2007.11.16 19:18:19.031,2.2898,2.29025,0.80,6.00
2007.11.16 19:18:22.389,2.2898,2.29025,0.80,6.00
2007.11.16 19:18:23.061,2.2898,2.29025,0.80,6.00
2007.11.16 19:18:24.051,2.2898,2.29025,0.80,6.00
2007.11.16 19:18:26.649,2.2898,2.29025,0.80,6.00
2007.11.16 19:18:27.189,2.2898,2.29025,0.80,4.40
2007.11.16 19:18:29.084,2.2898,2.29025,0.80,4.40
2007.11.16 19:18:29.385,2.2898,2.29025,0.80,4.40
2007.11.16 19:18:30.205,2.2898,2.29025,0.80,4.40
2007.11.16 19:18:31.148,2.2898,2.29025,0.80,4.40
2007.11.16 19:18:31.457,2.2898,2.29025,0.80,4.40
2007.11.16 19:18:31.680,2.2898,2.29025,0.80,4.40
2007.11.16 19:18:31.872,2.2898,2.29025,0.80,6.00
2007.11.16 19:18:32.155,2.2898,2.29025,0.80,6.00
2007.11.16 19:18:32.438,2.28975,2.29025,0.80,6.00
2007.11.16 19:18:34.105,2.28975,2.29025,0.80,6.00
2007.11.16 19:18:34.391,2.28975,2.29025,0.80,6.00
2007.11.16 19:18:34.670,2.28975,2.29025,4.80,8.40
2007.11.16 19:18:34.948,2.28975,2.29025,7.00,6.00
2007.11.16 19:18:35.283,2.28975,2.29025,7.00,6.00
2007.11.16 19:18:35.615,2.28975,2.29025,7.00,6.00
2007.11.16 19:18:35.962,2.28975,2.29025,3.00,6.00
2007.11.16 19:18:36.224,2.28975,2.29025,3.00,6.00
2007.11.16 19:18:36.402,2.28975,2.29025,3.00,3.60
2007.11.16 19:18:36.580,2.28975,2.29025,2.20,3.60
2007.11.16 19:18:36.757,2.2897,2.29025,3.00,6.00
2007.11.16 19:18:37.175,2.28975,2.29025,0.80,6.00
2007.11.16 19:18:37.507,2.28975,2.29025,0.80,6.00
2007.11.16 19:18:38.220,2.28975,2.2902,0.80,2.40
2007.11.16 19:18:38.940,2.28975,2.2901,0.80,2.40
2007.11.16 19:18:39.131,2.28975,2.2901,0.80,2.40
2007.11.16 19:18:44.161,2.28975,2.2901,0.80,2.40
2007.11.16 19:18:49.189,2.28975,2.2901,0.80,2.40
2007.11.16 19:18:49.442,2.28975,2.2901,0.80,2.40
2007.11.16 19:18:49.901,2.28975,2.2901,0.80,2.40
2007.11.16 19:18:50.194,2.28965,2.29,0.80,2.40
2007.11.16 19:18:50.487,2.28955,2.29,2.40,2.40
2007.11.16 19:18:50.780,2.28955,2.29005,2.40,2.40
2007.11.16 19:18:50.970,2.2896,2.29005,0.80,2.40
2007.11.16 19:18:51.150,2.2896,2.29005,0.80,2.40
2007.11.16 19:18:51.328,2.28965,2.29005,1.60,2.40
2007.11.16 19:18:51.506,2.28975,2.2901,0.80,2.40
2007.11.16 19:18:54.210,2.28975,2.2901,0.80,2.40
2007.11.16 19:18:56.464,2.2897,2.2901,0.80,2.40
2007.11.16 19:18:59.233,2.2897,2.2901,0.80,2.40
2007.11.16 19:19:00.761,2.2897,2.2901,0.80,2.40
2007.11.16 19:19:01.093,2.2897,2.2901,0.80,2.40
2007.11.16 19:19:04.257,2.2897,2.2901,0.80,2.40
2007.11.16 19:19:05.425,2.2897,2.2901,0.80,2.40
2007.11.16 19:19:05.678,2.2897,2.2901,0.80,2.40
2007.11.16 19:19:05.938,2.28965,2.29005,0.80,2.40
2007.11.16 19:19:07.496,2.28965,2.29005,0.80,2.40
2007.11.16 19:19:08.224,2.28965,2.29005,0.80,2.40
2007.11.16 19:19:09.276,2.28965,2.29005,0.80,2.40
2007.11.16 19:19:10.186,2.28965,2.2901,0.80,2.40
2007.11.16 19:19:13.490,2.28965,2.2901,0.80,2.40
2007.11.16 19:19:14.305,2.28965,2.2901,0.80,2.40
2007.11.16 19:19:19.323,2.28965,2.2901,0.80,2.40
2007.11.16 19:19:19.710,2.28965,2.2901,0.80,2.40
2007.11.16 19:19:20.642,2.28965,2.2901,0.80,2.40
2007.11.16 19:19:21.660,2.28965,2.2901,0.80,2.40
2007.11.16 19:19:22.404,2.28965,2.2901,0.80,2.40
2007.11.16 19:19:22.514,2.28965,2.2901,0.80,2.40
2007.11.16 19:19:22.696,2.28965,2.2901,0.80,2.40
2007.11.16 19:19:22.932,2.28965,2.2901,0.80,2.40
2007.11.16 19:19:23.429,2.28955,2.2901,6.20,2.40
2007.11.16 19:19:23.957,2.28965,2.2901,0.80,2.40
2007.11.16 19:19:24.211,2.28965,2.2901,0.80,2.40
2007.11.16 19:19:24.412,2.28965,2.2901,0.80,2.40
2007.11.16 19:19:24.624,2.28965,2.2902,3.00,2.40
2007.11.16 19:19:24.797,2.28965,2.29015,3.00,1.60
2007.11.16 19:19:25.130,2.28965,2.29015,3.00,1.60
2007.11.16 19:19:25.463,2.28965,2.29015,2.20,1.60
2007.11.16 19:19:26.380,2.28965,2.29015,2.20,1.60
2007.11.16 19:19:29.382,2.28965,2.29015,2.20,1.60
2007.11.16 19:19:29.612,2.28965,2.29015,2.20,1.60
2007.11.16 19:19:31.660,2.28965,2.29015,2.20,1.60
2007.11.16 19:19:31.958,2.28965,2.2901,2.20,0.20
2007.11.16 19:19:32.228,2.2896,2.29,0.80,2.40
2007.11.16 19:19:32.496,2.2895,2.29,3.00,2.40
2007.11.16 19:19:32.764,2.2895,2.29,3.00,2.40
2007.11.16 19:19:33.111,2.2895,2.29,3.00,2.40
2007.11.16 19:19:33.520,2.2895,2.29,3.00,2.40
2007.11.16 19:19:33.744,2.28955,2.29005,2.20,2.40
2007.11.16 19:19:33.967,2.28955,2.29005,3.00,2.40
2007.11.16 19:19:34.400,2.28955,2.29005,3.00,2.40
2007.11.16 19:19:34.633,2.28955,2.29005,3.00,2.40
2007.11.16 19:19:34.867,2.2896,2.29015,2.20,6.00
2007.11.16 19:19:35.099,2.2896,2.28975,3.00,0.20
2007.11.16 19:19:35.453,2.2896,2.29005,2.20,1.80
2007.11.16 19:19:35.777,2.2895,2.28995,0.80,5.80
2007.11.16 19:19:36.101,2.2895,2.2899,0.80,2.40
2007.11.16 19:19:36.269,2.28935,2.2899,3.00,2.40
2007.11.16 19:19:36.612,2.28935,2.28975,3.00,0.20
2007.11.16 19:19:36.781,2.28935,2.28975,3.00,4.20
2007.11.16 19:19:36.949,2.28935,2.28975,2.20,4.20
2007.11.16 19:19:37.136,2.28935,2.2897,2.20,0.20
2007.11.16 19:19:37.414,2.2892,2.28965,0.80,2.40
2007.11.16 19:19:37.692,2.2892,2.28965,0.80,2.60
2007.11.16 19:19:37.969,2.2892,2.28965,0.80,2.60
2007.11.16 19:19:38.247,2.2892,2.28965,0.80,2.60
2007.11.16 19:19:38.951,2.2892,2.28955,0.80,1.60
2007.11.16 19:19:39.191,2.2892,2.28945,0.80,2.40
2007.11.16 19:19:39.430,2.28895,2.28945,0.80,2.40
2007.11.16 19:19:39.657,2.28895,2.28945,0.80,2.40
2007.11.16 19:19:39.903,2.28895,2.28945,0.80,2.40
2007.11.16 19:19:40.612,2.28895,2.28945,0.80,2.40
2007.11.16 19:19:41.049,2.28895,2.28935,0.80,0.80
2007.11.16 19:19:41.358,2.28895,2.28915,0.80,4.80
2007.11.16 19:19:41.618,2.28885,2.28915,2.00,4.80
2007.11.16 19:19:41.787,2.28885,2.28925,6.00,2.40
2007.11.16 19:19:41.962,2.28885,2.28925,6.00,2.40
2007.11.16 19:19:42.130,2.28885,2.28925,6.00,2.40
2007.11.16 19:19:42.514,2.28885,2.28925,6.00,2.40
2007.11.16 19:19:42.777,2.2889,2.2894,2.20,2.40
2007.11.16 19:19:43.039,2.28895,2.2894,0.80,2.40
2007.11.16 19:19:43.303,2.28895,2.28945,4.40,4.00
2007.11.16 19:19:43.521,2.28905,2.28945,0.80,4.00
2007.11.16 19:19:43.889,2.28905,2.28945,0.80,2.40
2007.11.16 19:19:44.189,2.28905,2.28945,0.80,2.40
2007.11.16 19:19:44.407,2.28905,2.28945,0.80,2.40
2007.11.16 19:19:44.641,2.28895,2.28945,2.40,2.40
2007.11.16 19:19:44.881,2.28895,2.28945,3.20,2.40
2007.11.16 19:19:45.106,2.28905,2.28955,0.80,2.40
2007.11.16 19:19:45.340,2.28905,2.28955,0.80,2.40
2007.11.16 19:19:46.716,2.289,2.28955,2.20,2.40
2007.11.16 19:19:46.879,2.28905,2.28955,1.60,2.40
2007.11.16 19:19:47.042,2.28915,2.2896,0.80,2.40
2007.11.16 19:19:47.439,2.28915,2.2896,0.80,2.40
2007.11.16 19:19:48.655,2.28915,2.2896,0.80,2.40
2007.11.16 19:19:48.903,2.28915,2.28965,0.80,2.60
2007.11.16 19:19:49.061,2.28915,2.28965,0.80,2.60
2007.11.16 19:19:49.220,2.28915,2.28965,0.80,2.60
2007.11.16 19:19:49.418,2.28915,2.2896,0.80,2.40
2007.11.16 19:19:50.082,2.28915,2.2896,0.80,2.40
2007.11.16 19:19:50.415,2.28915,2.2896,0.80,2.40
2007.11.16 19:19:50.750,2.28915,2.2896,0.80,2.40
2007.11.16 19:19:50.878,2.28915,2.28955,0.80,2.40
2007.11.16 19:19:51.022,2.28915,2.28955,0.80,2.40
2007.11.16 19:19:53.123,2.28915,2.2896,0.80,2.40
2007.11.16 19:19:53.645,2.28915,2.2896,0.80,2.40
2007.11.16 19:19:54.229,2.28915,2.2896,0.80,2.40
2007.11.16 19:19:54.558,2.28915,2.2896,0.80,2.40
2007.11.16 19:19:55.705,2.28915,2.2896,0.80,2.40
2007.11.16 19:19:55.948,2.28915,2.2896,0.80,2.40
2007.11.16 19:19:56.101,2.28915,2.2896,0.80,2.40
2007.11.16 19:19:56.254,2.28915,2.2896,2.40,2.40
2007.11.16 19:19:56.408,2.2892,2.28965,0.80,2.40
2007.11.16 19:19:57.172,2.2892,2.28965,0.80,2.40
2007.11.16 19:19:57.429,2.2892,2.28965,0.80,2.40
2007.11.16 19:19:59.511,2.2892,2.28965,0.80,2.40
2007.11.16 19:20:00.156,2.2892,2.2896,0.80,2.40
2007.11.16 19:20:00.663,2.2892,2.28955,0.80,4.00
2007.11.16 19:20:00.893,2.2892,2.28955,0.80,4.00
2007.11.16 19:20:01.126,2.2892,2.28955,0.80,4.20
2007.11.16 19:20:01.350,2.2892,2.28945,0.80,2.40
2007.11.16 19:20:01.574,2.28895,2.28945,4.60,2.40
2007.11.16 19:20:01.797,2.28905,2.28945,0.80,2.40
2007.11.16 19:20:02.019,2.2891,2.28955,0.80,2.40
2007.11.16 19:20:02.242,2.2891,2.28955,0.80,2.40
2007.11.16 19:20:02.440,2.2891,2.28955,0.80,2.40
2007.11.16 19:20:03.547,2.2891,2.28955,0.80,2.40
2007.11.16 19:20:03.725,2.2891,2.2895,0.80,2.40
2007.11.16 19:20:03.902,2.2891,2.2895,0.80,2.40
2007.11.16 19:20:04.081,2.28905,2.2895,0.80,2.40
2007.11.16 19:20:04.259,2.28905,2.2895,0.80,2.40
2007.11.16 19:20:04.502,2.289,2.28945,0.80,2.40
2007.11.16 19:20:04.745,2.289,2.28945,0.80,2.40
2007.11.16 19:20:04.988,2.28905,2.28955,1.60,2.40
2007.11.16 19:20:05.385,2.2891,2.28955,0.80,2.40
2007.11.16 19:20:05.696,2.2891,2.2895,0.80,2.40
2007.11.16 19:20:08.428,2.2891,2.2896,0.80,2.40
2007.11.16 19:20:08.602,2.2891,2.2896,0.80,2.40
2007.11.16 19:20:08.778,2.2891,2.2896,0.80,2.40
2007.11.16 19:20:08.952,2.2891,2.2896,0.80,2.40
2007.11.16 19:20:09.356,2.2891,2.2896,0.80,2.40
2007.11.16 19:20:09.557,2.2891,2.2896,0.80,2.40
2007.11.16 19:20:11.939,2.2891,2.2896,0.80,2.40
2007.11.16 19:20:12.434,2.2891,2.2896,3.00,2.40
2007.11.16 19:20:14.532,2.2891,2.2896,3.00,2.40
2007.11.16 19:20:14.708,2.2891,2.2896,3.00,2.40
2007.11.16 19:20:14.889,2.2891,2.2896,3.00,2.40
2007.11.16 19:20:15.062,2.2891,2.2896,2.20,2.40
2007.11.16 19:20:15.413,2.2891,2.2896,2.20,2.40
2007.11.16 19:20:15.632,2.2891,2.28965,2.20,6.40
2007.11.16 19:20:15.957,2.2891,2.28965,2.20,6.40
2007.11.16 19:20:16.289,2.2891,2.2896,2.20,2.40
2007.11.16 19:20:16.622,2.2891,2.2896,2.20,2.40
2007.11.16 19:20:16.853,2.2891,2.28965,2.20,4.00
2007.11.16 19:20:17.367,2.2891,2.28965,2.20,4.00
2007.11.16 19:20:17.881,2.2891,2.28965,2.20,4.00
2007.11.16 19:20:18.816,2.2891,2.28965,2.20,4.00
2007.11.16 19:20:18.993,2.2891,2.28965,3.00,4.00
2007.11.16 19:20:19.165,2.28915,2.28965,2.20,1.60
2007.11.16 19:20:19.293,2.28915,2.28965,1.30,1.60
2007.11.16 19:20:19.611,2.28915,2.28965,0.50,1.60
2007.11.16 19:20:20.606,2.28915,2.28965,1.20,1.60
2007.11.16 19:20:23.422,2.28905,2.2897,4.60,2.40
2007.11.16 19:20:23.639,2.28905,2.2897,4.60,2.40
2007.11.16 19:20:23.857,2.28905,2.2897,6.20,2.40
2007.11.16 19:20:24.075,2.28905,2.2897,6.20,2.40
2007.11.16 19:20:24.282,2.28915,2.28975,3.00,6.00
2007.11.16 19:20:24.780,2.2892,2.28975,1.10,6.00
2007.11.16 19:20:26.653,2.2892,2.28975,0.80,6.20
2007.11.16 19:20:26.827,2.2892,2.28975,0.90,10.20
2007.11.16 19:20:27.002,2.28905,2.28965,4.60,2.40
2007.11.16 19:20:29.023,2.2891,2.28965,1.10,2.40
2007.11.16 19:20:29.206,2.28905,2.28975,4.60,10.00
2007.11.16 19:20:29.389,2.28905,2.28975,6.20,6.00
2007.11.16 19:20:29.638,2.28915,2.28975,3.00,6.00
2007.11.16 19:20:31.100,2.28915,2.28975,3.00,6.20
2007.11.16 19:20:31.369,2.2892,2.28975,1.30,10.20
2007.11.16 19:20:31.547,2.28905,2.28975,4.60,10.20
2007.11.16 19:20:31.725,2.2891,2.28965,1.00,2.40
2007.11.16 19:20:32.098,2.28905,2.28965,3.00,4.00
2007.11.16 19:20:32.414,2.2891,2.28965,1.20,4.00
2007.11.16 19:20:32.845,2.28905,2.28965,3.80,4.00
2007.11.16 19:20:33.109,2.28905,2.28965,4.60,4.00
2007.11.16 19:20:33.372,2.28905,2.28965,4.60,4.00
2007.11.16 19:20:33.605,2.2891,2.28965,4.60,4.00
2007.11.16 19:20:33.837,2.28915,2.28965,4.60,1.80
2007.11.16 19:20:34.071,2.2892,2.28965,0.80,1.80
2007.11.16 19:20:34.305,2.289,2.2896,3.00,2.40
2007.11.16 19:20:34.536,2.289,2.28965,3.00,4.20
2007.11.16 19:20:34.824,2.289,2.28965,3.00,4.20
2007.11.16 19:20:35.093,2.2891,2.28965,0.80,4.20
2007.11.16 19:20:35.649,2.289,2.28925,3.00,0.20
2007.11.16 19:20:35.941,2.2891,2.28925,1.30,2.60
2007.11.16 19:20:36.234,2.28865,2.28925,7.00,2.60
2007.11.16 19:20:36.526,2.28865,2.28925,7.00,2.60
2007.11.16 19:20:37.102,2.28875,2.28925,1.10,2.60
2007.11.16 19:20:37.320,2.28875,2.28925,10.20,2.40
2007.11.16 19:20:37.538,2.28885,2.28925,2.30,2.40
2007.11.16 19:20:37.756,2.2888,2.28925,6.20,2.40
2007.11.16 19:20:37.984,2.28885,2.28925,1.70,2.40
2007.11.16 19:20:38.212,2.2888,2.28935,6.20,2.40
2007.11.16 19:20:38.446,2.2888,2.28935,7.00,2.40
2007.11.16 19:20:39.604,2.2888,2.28935,7.00,2.40
2007.11.16 19:20:39.847,2.28885,2.28935,2.10,2.40
2007.11.16 19:20:40.053,2.289,2.28955,3.80,4.60
2007.11.16 19:20:40.255,2.28905,2.28955,2.40,4.40
2007.11.16 19:20:40.459,2.28905,2.28955,2.40,2.40
2007.11.16 19:20:40.662,2.28905,2.2896,1.20,2.40
2007.11.16 19:20:40.865,2.28905,2.2896,0.60,2.40
2007.11.16 19:20:41.204,2.2891,2.28965,3.00,2.40
2007.11.16 19:20:41.531,2.2891,2.28965,3.00,2.40
2007.11.16 19:20:42.388,2.2891,2.28965,3.00,2.40
2007.11.16 19:20:42.826,2.28915,2.28955,1.00,2.40
2007.11.16 19:20:43.265,2.28905,2.28935,3.80,2.00
2007.11.16 19:20:43.583,2.28915,2.28935,0.60,2.00
2007.11.16 19:20:43.944,2.28905,2.28935,3.80,2.00
2007.11.16 19:20:44.366,2.28915,2.28935,1.00,2.00
2007.11.16 19:20:44.659,2.28905,2.28935,7.80,2.00
2007.11.16 19:20:44.885,2.28905,2.28935,7.80,2.00
2007.11.16 19:20:45.076,2.28905,2.28935,7.80,2.00
2007.11.16 19:20:45.411,2.28915,2.28935,1.30,2.00
2007.11.16 19:20:47.889,2.28915,2.28935,1.40,2.00
2007.11.16 19:20:48.431,2.28915,2.28945,0.70,2.00
2007.11.16 19:20:49.911,2.28905,2.28945,7.80,2.00
2007.11.16 19:20:50.183,2.28915,2.28945,1.10,2.00
2007.11.16 19:20:51.269,2.28905,2.28945,7.80,4.40
2007.11.16 19:20:51.481,2.28905,2.28945,7.80,4.40
2007.11.16 19:20:51.695,2.28915,2.28945,1.00,4.40
2007.11.16 19:20:52.150,2.28915,2.28945,0.70,4.40
2007.11.16 19:20:52.653,2.28905,2.28945,7.80,2.40
2007.11.16 19:20:54.935,2.28905,2.28945,7.80,2.40
2007.11.16 19:20:55.620,2.28905,2.28945,3.80,2.40
2007.11.16 19:20:55.888,2.28895,2.28945,6.60,2.40
2007.11.16 19:20:56.346,2.28895,2.28945,6.60,2.40
2007.11.16 19:20:56.544,2.28905,2.28965,3.80,5.80
2007.11.16 19:20:56.742,2.28915,2.28965,1.00,1.80
2007.11.16 19:20:57.136,2.2891,2.28965,3.00,1.80
2007.11.16 19:20:57.648,2.28915,2.28965,1.40,1.80
2007.11.16 19:20:57.975,2.2891,2.28965,3.00,1.80
2007.11.16 19:20:58.367,2.28915,2.28965,1.30,1.80
2007.11.16 19:20:58.672,2.2891,2.28965,3.00,1.80
2007.11.16 19:20:58.850,2.2891,2.28965,3.00,3.80
2007.11.16 19:20:59.018,2.2892,2.28965,1.10,3.80
2007.11.16 19:20:59.281,2.2892,2.28965,0.90,2.20
2007.11.16 19:20:59.936,2.2892,2.28965,0.90,2.20
2007.11.16 19:21:00.269,2.2892,2.28955,0.90,2.40
2007.11.16 19:21:00.602,2.2891,2.28955,3.00,2.40
2007.11.16 19:21:00.854,2.2891,2.28955,3.00,2.40
2007.11.16 19:21:01.108,2.2892,2.28955,1.00,2.40
2007.11.16 19:21:01.360,2.2892,2.28955,1.20,2.40
2007.11.16 19:21:02.247,2.2892,2.28955,0.80,4.40
2007.11.16 19:21:02.484,2.2891,2.28955,3.00,4.40
2007.11.16 19:21:02.786,2.2892,2.28955,0.60,2.00
2007.11.16 19:21:02.939,2.2892,2.28955,1.30,2.00
2007.11.16 19:21:03.091,2.2891,2.28955,3.00,2.00
2007.11.16 19:21:03.245,2.2891,2.28955,3.00,2.00
2007.11.16 19:21:03.662,2.2891,2.28955,3.00,2.00
2007.11.16 19:21:04.965,2.2891,2.28955,3.00,2.00
2007.11.16 19:21:05.700,2.28915,2.2897,0.50,2.60
2007.11.16 19:21:06.034,2.28905,2.28965,7.80,2.40
2007.11.16 19:21:06.367,2.28905,2.2896,7.80,2.40
2007.11.16 19:21:06.700,2.28905,2.2896,2.30,2.40
2007.11.16 19:21:06.904,2.289,2.2896,8.60,2.40
2007.11.16 19:21:10.019,2.28905,2.2896,0.60,2.40
2007.11.16 19:21:11.914,2.28905,2.2896,2.20,2.40
2007.11.16 19:21:12.112,2.28895,2.2896,14.20,2.40
2007.11.16 19:21:12.347,2.28905,2.2896,0.60,2.40
2007.11.16 19:21:12.649,2.28905,2.2896,7.00,2.40
2007.11.16 19:21:13.751,2.28905,2.2896,9.00,2.40
2007.11.16 19:21:14.122,2.28905,2.28955,6.80,2.40
2007.11.16 19:21:14.334,2.28905,2.28955,0.80,2.40
2007.11.16 19:21:14.547,2.28905,2.28955,0.80,2.40
2007.11.16 19:21:14.761,2.28905,2.28955,0.80,2.40
2007.11.16 19:21:14.974,2.289,2.28955,2.20,2.40
2007.11.16 19:21:15.399,2.289,2.28955,2.20,2.40
2007.11.16 19:21:17.745,2.289,2.28955,2.20,2.40
2007.11.16 19:21:17.868,2.289,2.28955,2.20,2.40
2007.11.16 19:21:17.992,2.289,2.28955,2.20,2.40
2007.11.16 19:21:18.325,2.2891,2.28965,2.20,4.20
2007.11.16 19:21:18.657,2.28915,2.28965,2.20,4.20
2007.11.16 19:21:19.112,2.28915,2.28965,2.20,1.80
2007.11.16 19:21:19.634,2.28915,2.28965,2.20,1.80
2007.11.16 19:21:19.931,2.28915,2.28965,2.20,1.80
2007.11.16 19:21:21.419,2.28915,2.28965,2.20,4.20
2007.11.16 19:21:23.232,2.28915,2.28965,2.20,4.20
2007.11.16 19:21:23.460,2.28915,2.28965,2.20,2.60
2007.11.16 19:21:23.688,2.28915,2.28965,2.20,0.20
2007.11.16 19:21:23.916,2.2891,2.28965,2.20,2.60
2007.11.16 19:21:24.150,2.28905,2.2896,6.60,2.40
2007.11.16 19:21:24.458,2.2891,2.28965,2.20,2.60
2007.11.16 19:21:25.082,2.2891,2.28965,2.20,2.60
2007.11.16 19:21:25.263,2.2891,2.28965,2.20,2.60
2007.11.16 19:21:26.176,2.2891,2.28965,2.20,2.60
2007.11.16 19:21:27.126,2.2891,2.28965,2.20,2.60
2007.11.16 19:21:30.102,2.2891,2.28965,2.20,2.60
2007.11.16 19:21:31.191,2.2891,2.28965,2.20,2.40
2007.11.16 19:21:31.525,2.28915,2.2896,1.60,2.40
2007.11.16 19:21:31.712,2.2892,2.28975,2.20,7.00
2007.11.16 19:21:32.099,2.28935,2.28975,2.20,4.60
2007.11.16 19:21:32.286,2.28935,2.28975,2.20,4.40
2007.11.16 19:21:32.591,2.28935,2.28975,2.20,2.00
2007.11.16 19:21:32.900,2.28945,2.28975,2.20,2.00
2007.11.16 19:21:33.197,2.2894,2.28975,2.20,2.00
2007.11.16 19:21:33.500,2.2893,2.28975,2.20,2.00
2007.11.16 19:21:33.728,2.2893,2.28975,2.20,2.00
2007.11.16 19:21:33.956,2.2892,2.28975,3.00,4.40
2007.11.16 19:21:34.185,2.28925,2.28975,3.80,4.40
2007.11.16 19:21:34.414,2.2893,2.28975,0.80,4.40
2007.11.16 19:21:34.715,2.2893,2.28975,0.80,4.40
2007.11.16 19:21:34.964,2.2893,2.28975,0.80,4.40
2007.11.16 19:21:35.368,2.2893,2.28975,0.80,2.00
2007.11.16 19:21:35.900,2.2893,2.28975,0.80,2.00
2007.11.16 19:21:36.232,2.28925,2.28975,2.20,2.00
2007.11.16 19:21:36.566,2.2893,2.28975,2.20,2.00
2007.11.16 19:21:36.760,2.2893,2.28975,2.20,2.00
2007.11.16 19:21:36.958,2.28925,2.28975,2.20,2.00
2007.11.16 19:21:37.151,2.28925,2.28975,2.20,2.00
2007.11.16 19:21:37.364,2.28925,2.28975,2.20,2.00
2007.11.16 19:21:37.596,2.28925,2.28975,2.20,2.00
2007.11.16 19:21:37.899,2.2894,2.28975,2.20,2.00
2007.11.16 19:21:38.414,2.2893,2.28975,0.80,2.00
2007.11.16 19:21:39.075,2.2893,2.28965,0.80,2.00
2007.11.16 19:21:39.590,2.2893,2.28965,0.80,2.00
2007.11.16 19:21:39.793,2.2896,2.28965,2.20,2.00
2007.11.16 19:21:39.996,2.2896,2.28965,2.20,2.00
2007.11.16 19:21:40.199,2.2896,2.28965,2.20,2.00
2007.11.16 19:21:40.402,2.2896,2.28975,2.20,2.00
2007.11.16 19:21:40.605,2.2896,2.28975,2.20,2.40
2007.11.16 19:21:40.747,2.2896,2.28975,0.60,2.40
2007.11.16 19:21:40.938,2.28945,2.28985,2.20,4.40
2007.11.16 19:21:41.271,2.28945,2.28985,2.20,4.60
2007.11.16 19:21:41.603,2.2895,2.28985,2.20,4.60
2007.11.16 19:21:41.845,2.2895,2.28985,2.20,4.60
2007.11.16 19:21:42.087,2.28945,2.28985,2.20,4.60
2007.11.16 19:21:42.330,2.28945,2.28985,2.20,4.60
2007.11.16 19:21:42.573,2.28945,2.28985,2.20,4.60
2007.11.16 19:21:42.845,2.2895,2.28985,2.20,4.60
2007.11.16 19:21:43.118,2.2895,2.28985,2.20,4.60
2007.11.16 19:21:43.391,2.28945,2.28985,2.20,4.60
2007.11.16 19:21:43.713,2.28945,2.28975,2.20,0.20
2007.11.16 19:21:43.964,2.28945,2.28975,2.20,0.20
2007.11.16 19:21:44.213,2.2894,2.2897,2.20,0.20
2007.11.16 19:21:44.462,2.28935,2.28965,2.20,2.40
2007.11.16 19:21:44.730,2.2892,2.28965,2.20,2.40
2007.11.16 19:21:44.999,2.2892,2.2897,2.20,0.20
2007.11.16 19:21:45.267,2.2892,2.2897,2.20,0.20
2007.11.16 19:21:45.534,2.2892,2.2897,2.20,2.60
2007.11.16 19:21:45.813,2.28915,2.28965,2.20,2.40
2007.11.16 19:21:46.091,2.28915,2.28965,2.20,4.40
2007.11.16 19:21:46.368,2.28915,2.28965,2.20,4.40
2007.11.16 19:21:46.733,2.28915,2.28965,2.20,4.40
2007.11.16 19:21:46.937,2.28915,2.28965,2.20,2.00
2007.11.16 19:21:47.171,2.2892,2.28965,2.20,2.00
2007.11.16 19:21:50.144,2.2892,2.28965,2.20,2.00
2007.11.16 19:21:50.373,2.28925,2.28965,2.20,2.00
2007.11.16 19:21:50.601,2.2892,2.28965,2.20,2.00
2007.11.16 19:21:50.907,2.28915,2.28965,3.00,2.00
2007.11.16 19:21:51.206,2.28915,2.28965,3.00,2.00
2007.11.16 19:21:51.595,2.28915,2.28965,3.00,2.00
2007.11.16 19:21:51.888,2.2891,2.2896,2.20,2.40
2007.11.16 19:21:52.357,2.2891,2.28965,2.20,4.40
2007.11.16 19:21:53.186,2.2891,2.28965,2.20,6.80
2007.11.16 19:21:53.436,2.2891,2.28965,3.00,6.80
2007.11.16 19:21:53.684,2.28915,2.28965,2.20,4.40
2007.11.16 19:21:53.932,2.28915,2.28965,2.20,4.40
2007.11.16 19:21:54.140,2.28915,2.28965,2.20,4.40
2007.11.16 19:21:54.436,2.28915,2.28965,2.20,4.40
2007.11.16 19:21:54.832,2.2892,2.28965,2.20,4.40
2007.11.16 19:21:55.218,2.2892,2.28965,2.20,4.40
2007.11.16 19:21:58.130,2.2892,2.28965,2.20,4.40
2007.11.16 19:21:58.373,2.28925,2.28965,2.20,4.40
2007.11.16 19:21:59.061,2.28925,2.28965,2.20,4.40
2007.11.16 19:21:59.284,2.2892,2.28965,2.20,4.40
2007.11.16 19:21:59.772,2.2892,2.28955,2.20,2.40
2007.11.16 19:21:59.995,2.2892,2.28955,2.20,2.40
2007.11.16 19:22:00.248,2.2892,2.28955,2.20,2.40
2007.11.16 19:22:00.502,2.2892,2.28945,2.20,2.40
2007.11.16 19:22:00.757,2.28905,2.28945,2.20,2.40
2007.11.16 19:22:01.009,2.28905,2.28935,2.20,0.20
2007.11.16 19:22:01.342,2.28895,2.28945,4.20,9.00
2007.11.16 19:22:01.675,2.289,2.28945,2.20,2.60
2007.11.16 19:22:01.946,2.289,2.28945,2.20,0.70
2007.11.16 19:22:02.008,2.289,2.2895,2.20,2.80
2007.11.16 19:22:02.300,2.289,2.28945,2.20,0.50
2007.11.16 19:22:02.493,2.289,2.2895,2.20,2.80
2007.11.16 19:22:05.277,2.289,2.2895,2.20,2.80
2007.11.16 19:22:07.931,2.289,2.2895,2.20,5.20
2007.11.16 19:22:08.135,2.28895,2.2895,4.20,5.20
2007.11.16 19:22:08.856,2.28895,2.2895,4.20,5.20
2007.11.16 19:22:09.138,2.28895,2.2895,4.20,5.20
2007.11.16 19:22:10.300,2.28895,2.28945,4.20,0.80
2007.11.16 19:22:11.141,2.289,2.2895,2.20,5.20
2007.11.16 19:22:12.295,2.289,2.2895,2.20,5.20
2007.11.16 19:22:12.705,2.289,2.28945,2.20,0.20
2007.11.16 19:22:12.848,2.289,2.2895,2.20,0.60
2007.11.16 19:22:12.991,2.2891,2.28955,2.20,0.60
2007.11.16 19:22:13.169,2.2891,2.2896,2.20,8.40
2007.11.16 19:22:13.312,2.2891,2.2896,2.20,8.40
2007.11.16 19:22:13.645,2.2891,2.28955,2.20,0.50
2007.11.16 19:22:14.686,2.28905,2.28955,2.20,0.60
2007.11.16 19:22:15.197,2.2891,2.2896,2.20,10.80
2007.11.16 19:22:20.348,2.2891,2.2896,2.20,10.80
2007.11.16 19:22:25.376,2.2891,2.2896,2.20,10.80
2007.11.16 19:22:29.308,2.2891,2.2895,2.20,0.20
2007.11.16 19:22:29.446,2.2891,2.28955,2.20,8.40
2007.11.16 19:22:29.583,2.2891,2.28955,2.20,8.40
2007.11.16 19:22:29.722,2.28905,2.28955,2.20,0.90
2007.11.16 19:22:30.005,2.28905,2.28955,2.20,0.90
2007.11.16 19:22:30.288,2.2891,2.28955,2.20,1.80
2007.11.16 19:22:30.571,2.2891,2.28955,2.20,1.80
2007.11.16 19:22:35.428,2.2891,2.28955,2.20,1.80
2007.11.16 19:22:40.449,2.2891,2.28955,2.20,1.80
2007.11.16 19:22:40.934,2.2891,2.28955,2.20,1.80
2007.11.16 19:22:41.107,2.2891,2.28955,2.20,1.80
2007.11.16 19:22:41.280,2.2891,2.28955,2.20,1.80
2007.11.16 19:22:41.458,2.2891,2.2896,2.20,0.20
2007.11.16 19:22:41.786,2.2891,2.2896,2.20,0.20
2007.11.16 19:22:42.793,2.2891,2.2896,2.20,0.20
2007.11.16 19:22:45.470,2.2891,2.2896,2.20,0.20
2007.11.16 19:22:45.664,2.2891,2.28955,2.20,0.20
2007.11.16 19:22:45.997,2.28905,2.2895,2.00,2.40
2007.11.16 19:22:46.331,2.28905,2.2895,6.00,2.40
2007.11.16 19:22:46.664,2.2891,2.28955,2.20,1.60
2007.11.16 19:22:48.192,2.2891,2.28955,2.20,1.60
2007.11.16 19:22:48.415,2.2891,2.28955,2.20,1.60
2007.11.16 19:22:48.668,2.2891,2.28945,2.20,2.40
2007.11.16 19:22:48.916,2.2891,2.28945,2.20,2.40
2007.11.16 19:22:49.149,2.2891,2.28945,2.20,2.40
2007.11.16 19:22:49.382,2.2891,2.28935,2.20,2.40
2007.11.16 19:22:49.620,2.28905,2.28935,2.00,2.40
2007.11.16 19:22:50.498,2.28905,2.28935,2.00,2.40
2007.11.16 19:22:50.884,2.28905,2.28935,2.00,2.40
2007.11.16 19:22:54.591,2.28905,2.28935,2.00,2.40
2007.11.16 19:22:54.788,2.28905,2.28945,2.00,2.40
2007.11.16 19:22:54.987,2.2891,2.28945,2.20,2.40
2007.11.16 19:22:55.195,2.2891,2.28945,2.20,2.40
2007.11.16 19:22:55.424,2.2891,2.28945,2.20,2.40
2007.11.16 19:22:55.631,2.2891,2.28945,2.20,2.60
2007.11.16 19:22:55.840,2.2891,2.28925,2.20,2.40
2007.11.16 19:22:56.047,2.28905,2.28925,2.00,2.40
2007.11.16 19:22:56.330,2.28905,2.28935,2.00,2.40
2007.11.16 19:22:56.613,2.28905,2.28935,2.00,2.40
2007.11.16 19:23:00.569,2.28905,2.28935,2.00,2.40
2007.11.16 19:23:05.582,2.28905,2.28935,2.00,2.40
2007.11.16 19:23:10.610,2.28905,2.28935,2.00,2.40
2007.11.16 19:23:11.502,2.28915,2.28935,2.00,2.40
2007.11.16 19:23:11.835,2.28915,2.28945,2.00,4.00
2007.11.16 19:23:12.547,2.28915,2.28945,2.00,2.40
2007.11.16 19:23:15.048,2.28905,2.28945,2.00,2.40
2007.11.16 19:23:15.291,2.28905,2.28935,2.00,2.40
2007.11.16 19:23:15.534,2.28905,2.28935,2.00,2.40
2007.11.16 19:23:15.882,2.28905,2.28935,2.80,2.40
2007.11.16 19:23:16.125,2.28905,2.28935,2.80,2.40
2007.11.16 19:23:16.417,2.28905,2.28935,5.00,2.40
2007.11.16 19:23:17.070,2.2891,2.28935,2.20,2.40
2007.11.16 19:23:17.362,2.28915,2.28935,2.20,2.40
2007.11.16 19:23:20.676,2.28915,2.28935,2.20,2.40
2007.11.16 19:23:22.450,2.2891,2.28935,2.20,2.40
2007.11.16 19:23:23.512,2.2891,2.28935,2.20,2.40
2007.11.16 19:23:23.736,2.2891,2.28935,2.20,2.40
2007.11.16 19:23:25.693,2.2891,2.28935,2.20,2.40
2007.11.16 19:23:26.350,2.2891,2.28935,2.20,2.40
2007.11.16 19:23:30.709,2.2891,2.28935,2.20,2.40
2007.11.16 19:23:31.483,2.2891,2.28935,2.20,2.40
2007.11.16 19:23:31.816,2.2891,2.28935,2.20,2.40
2007.11.16 19:23:35.855,2.2891,2.28935,2.20,2.40
2007.11.16 19:23:40.780,2.2891,2.28945,2.20,2.40
2007.11.16 19:23:40.989,2.2891,2.28945,2.20,2.40
2007.11.16 19:23:41.197,2.28915,2.28945,2.20,2.40
2007.11.16 19:23:41.405,2.28915,2.28945,2.20,2.40
2007.11.16 19:23:41.728,2.2891,2.28945,2.20,2.40
2007.11.16 19:23:42.052,2.2891,2.28945,2.20,4.40
2007.11.16 19:23:42.375,2.28905,2.28935,2.20,2.40
2007.11.16 19:23:42.703,2.28905,2.28935,2.20,2.40
2007.11.16 19:23:42.928,2.28905,2.28935,2.20,2.40
2007.11.16 19:23:43.237,2.289,2.28935,2.20,2.40
2007.11.16 19:23:45.720,2.289,2.28935,2.20,2.40
2007.11.16 19:23:45.983,2.28905,2.28935,2.20,2.40
2007.11.16 19:23:46.426,2.28905,2.28935,2.20,2.40
2007.11.16 19:23:47.462,2.289,2.28935,2.20,2.40
2007.11.16 19:23:47.891,2.289,2.28935,2.20,2.40
2007.11.16 19:23:48.158,2.289,2.28935,2.20,2.40
2007.11.16 19:23:48.327,2.289,2.28935,2.20,2.40
2007.11.16 19:23:48.684,2.289,2.28945,2.20,2.40
2007.11.16 19:23:48.968,2.28905,2.28945,2.20,2.40
2007.11.16 19:23:49.250,2.28905,2.28945,2.20,2.40
2007.11.16 19:23:50.853,2.28905,2.28935,2.20,2.40
2007.11.16 19:23:51.080,2.289,2.28935,2.20,2.40
2007.11.16 19:23:51.308,2.289,2.28935,2.20,2.40
2007.11.16 19:23:51.536,2.289,2.28935,2.20,2.40
2007.11.16 19:23:51.764,2.28905,2.28935,2.20,2.40
2007.11.16 19:23:52.162,2.28905,2.28935,2.20,2.40
2007.11.16 19:23:55.256,2.28905,2.28935,2.20,2.40
2007.11.16 19:23:55.961,2.28905,2.28935,2.20,2.40
2007.11.16 19:24:00.121,2.28905,2.28935,2.20,2.40
2007.11.16 19:24:00.294,2.28905,2.28935,6.20,2.40
2007.11.16 19:24:00.484,2.28905,2.28945,7.00,2.40
2007.11.16 19:24:00.671,2.2891,2.28945,2.20,2.40
2007.11.16 19:24:00.988,2.2891,2.28945,2.20,2.40
2007.11.16 19:24:01.251,2.2891,2.28945,2.20,2.40
2007.11.16 19:24:01.656,2.2891,2.28945,2.20,2.40
2007.11.16 19:24:01.919,2.2891,2.28925,2.20,2.40
2007.11.16 19:24:02.197,2.28895,2.28925,2.00,2.40
2007.11.16 19:24:02.475,2.28895,2.28925,4.20,2.40
2007.11.16 19:24:03.610,2.28895,2.28925,4.20,2.40
2007.11.16 19:24:03.799,2.28895,2.28935,4.20,2.40
2007.11.16 19:24:03.988,2.289,2.28935,2.20,2.40
2007.11.16 19:24:05.222,2.289,2.28935,2.20,2.40
2007.11.16 19:24:06.012,2.289,2.28935,2.20,2.40
2007.11.16 19:24:06.250,2.289,2.28935,2.20,2.40
2007.11.16 19:24:06.637,2.289,2.28925,2.20,2.40
2007.11.16 19:24:06.873,2.2889,2.28925,2.20,2.40
2007.11.16 19:24:07.111,2.2889,2.28925,2.20,2.40
2007.11.16 19:24:07.439,2.2889,2.28925,2.20,2.40
2007.11.16 19:24:07.768,2.2889,2.28915,2.20,2.40
2007.11.16 19:24:08.095,2.2889,2.28915,2.20,2.40
2007.11.16 19:24:08.289,2.2889,2.28915,2.20,2.40
2007.11.16 19:24:08.481,2.2889,2.28915,2.20,2.40
2007.11.16 19:24:09.202,2.2889,2.28915,2.20,2.40
2007.11.16 19:24:10.342,2.2889,2.28915,0.60,2.40
2007.11.16 19:24:11.044,2.28885,2.28915,4.20,2.40
2007.11.16 19:24:14.511,2.2889,2.28915,0.50,2.40
2007.11.16 19:24:14.699,2.2889,2.28905,0.70,2.40
2007.11.16 19:24:14.887,2.2888,2.28905,5.00,2.40
2007.11.16 19:24:15.274,2.2888,2.28905,5.00,2.40
2007.11.16 19:24:16.058,2.2888,2.28905,5.00,2.40
2007.11.16 19:24:16.299,2.28885,2.28895,1.30,2.40
2007.11.16 19:24:16.538,2.28885,2.28895,1.00,2.40
2007.11.16 19:24:16.777,2.2887,2.28905,2.80,2.40
2007.11.16 19:24:17.034,2.28865,2.28905,10.60,2.40
2007.11.16 19:24:17.344,2.28865,2.28905,10.60,2.40
2007.11.16 19:24:17.602,2.28865,2.28905,10.60,2.40
2007.11.16 19:24:21.089,2.28875,2.28905,2.20,2.40
2007.11.16 19:24:22.612,2.28865,2.28905,10.60,2.40
2007.11.16 19:24:22.844,2.28865,2.28905,10.60,2.40
2007.11.16 19:24:23.007,2.28875,2.28905,2.40,2.40
2007.11.16 19:24:23.170,2.28865,2.28905,10.60,2.40
2007.11.16 19:24:23.334,2.28865,2.28895,6.00,2.40
2007.11.16 19:24:23.497,2.28875,2.28895,0.80,2.40
2007.11.16 19:24:24.341,2.28865,2.28895,6.80,2.40
2007.11.16 19:24:24.652,2.28875,2.28895,0.50,2.40
2007.11.16 19:24:24.941,2.28875,2.28905,1.00,2.40
2007.11.16 19:24:25.144,2.2887,2.28905,5.00,2.40
2007.11.16 19:24:25.346,2.28875,2.28895,0.90,2.40
2007.11.16 19:24:25.551,2.28875,2.28895,0.70,2.40
2007.11.16 19:24:26.108,2.28865,2.28895,2.80,2.40
2007.11.16 19:24:30.572,2.28865,2.28895,2.80,2.40
2007.11.16 19:24:31.005,2.2886,2.28895,5.00,2.40
2007.11.16 19:24:31.297,2.28865,2.28895,4.20,2.40
2007.11.16 19:24:32.572,2.28865,2.28885,4.20,2.40
2007.11.16 19:24:32.832,2.28865,2.28885,4.20,2.40
2007.11.16 19:24:33.038,2.28875,2.28885,0.80,2.40
2007.11.16 19:24:33.510,2.28875,2.28885,1.10,2.40
2007.11.16 19:24:33.725,2.28875,2.28885,1.00,2.40
2007.11.16 19:24:34.065,2.28875,2.28885,0.90,2.40
2007.11.16 19:24:34.364,2.28875,2.28895,0.60,2.40
2007.11.16 19:24:34.662,2.2887,2.28895,5.00,2.40
2007.11.16 19:24:36.158,2.2887,2.28895,5.00,2.40
2007.11.16 19:24:36.387,2.28875,2.28895,0.50,2.40
2007.11.16 19:24:36.719,2.2887,2.28895,3.00,2.40
2007.11.16 19:24:36.948,2.2887,2.28895,3.00,2.40
2007.11.16 19:24:37.177,2.2886,2.28895,3.00,2.40
2007.11.16 19:24:41.180,2.2887,2.28895,2.20,2.40
2007.11.16 19:24:41.458,2.2887,2.28895,1.00,2.40
2007.11.16 19:24:41.484,2.28875,2.28895,2.20,2.40
2007.11.16 19:24:42.015,2.2887,2.28895,2.20,2.40
2007.11.16 19:24:42.349,2.2887,2.28895,2.20,2.40
2007.11.16 19:24:42.537,2.28885,2.28895,2.20,2.40
2007.11.16 19:24:42.725,2.28885,2.28905,2.20,2.40
2007.11.16 19:24:42.915,2.28885,2.28905,2.20,2.40
2007.11.16 19:24:43.103,2.28885,2.28905,2.20,2.40
2007.11.16 19:24:43.620,2.2888,2.28905,2.20,2.40
2007.11.16 19:24:44.761,2.2888,2.28905,2.20,2.40
2007.11.16 19:24:45.001,2.28885,2.28905,2.20,2.40
2007.11.16 19:24:45.674,2.28885,2.28905,2.20,2.40
2007.11.16 19:24:45.888,2.28885,2.28905,6.20,2.40
2007.11.16 19:24:46.101,2.28885,2.28905,6.20,2.40
2007.11.16 19:24:46.315,2.28885,2.28905,6.20,2.40
2007.11.16 19:24:46.562,2.28885,2.28905,6.20,2.40
2007.11.16 19:24:46.895,2.28885,2.28915,2.20,5.90
2007.11.16 19:24:47.227,2.2888,2.28885,0.80,2.40
2007.11.16 19:24:47.561,2.2887,2.28885,2.20,2.40
2007.11.16 19:24:47.786,2.2887,2.28885,2.20,2.40
2007.11.16 19:24:48.049,2.2887,2.28885,2.20,2.40
2007.11.16 19:24:48.267,2.2887,2.28885,2.20,2.40
2007.11.16 19:24:48.484,2.2887,2.28885,3.00,2.40
2007.11.16 19:24:48.754,2.2887,2.28885,3.00,2.40
2007.11.16 19:24:49.073,2.28865,2.28885,6.20,2.40
2007.11.16 19:24:49.390,2.28865,2.28885,6.20,2.40
2007.11.16 19:24:49.802,2.28865,2.28905,6.20,2.40
2007.11.16 19:24:49.980,2.28865,2.28895,6.20,2.00
2007.11.16 19:24:50.159,2.2887,2.28895,2.20,2.00
2007.11.16 19:24:50.799,2.2887,2.28895,2.20,2.00
2007.11.16 19:24:51.216,2.2887,2.28895,2.20,2.00
2007.11.16 19:24:51.535,2.2887,2.28895,2.20,2.00
2007.11.16 19:24:51.828,2.28865,2.28895,0.80,4.40
2007.11.16 19:24:52.098,2.28855,2.28895,3.00,4.40
2007.11.16 19:24:52.365,2.28855,2.28895,3.00,2.40
2007.11.16 19:24:52.634,2.28855,2.28895,3.00,2.40
2007.11.16 19:24:52.907,2.28855,2.28895,3.00,2.40
2007.11.16 19:24:53.143,2.28855,2.28895,3.00,2.40
2007.11.16 19:24:53.373,2.2887,2.28905,2.20,4.40
2007.11.16 19:24:54.098,2.2887,2.28905,2.20,4.40
2007.11.16 19:24:56.003,2.2887,2.28905,2.20,4.40
2007.11.16 19:24:56.222,2.2887,2.28905,2.20,4.40
2007.11.16 19:24:56.441,2.28885,2.28905,4.00,2.40
2007.11.16 19:24:56.658,2.28885,2.28905,4.00,2.40
2007.11.16 19:24:56.877,2.28885,2.28925,5.60,6.80
2007.11.16 19:24:57.185,2.2889,2.28925,0.80,2.00
2007.11.16 19:24:57.493,2.28895,2.28935,1.60,4.40
2007.11.16 19:24:57.800,2.28895,2.28935,3.80,2.00
2007.11.16 19:24:58.109,2.28895,2.28935,3.80,2.00
2007.11.16 19:24:58.627,2.28895,2.28935,3.80,2.00
2007.11.16 19:24:58.860,2.28905,2.28935,4.00,2.00
2007.11.16 19:24:59.094,2.28915,2.28935,1.60,2.00
2007.11.16 19:24:59.347,2.28915,2.28945,1.60,2.00
2007.11.16 19:24:59.599,2.28915,2.28945,1.60,2.00
2007.11.16 19:24:59.853,2.28915,2.28945,1.60,2.00
2007.11.16 19:25:00.205,2.28915,2.28945,1.60,2.00
2007.11.16 19:25:00.413,2.28915,2.28945,1.60,2.00
2007.11.16 19:25:00.620,2.28915,2.28945,1.60,2.00
2007.11.16 19:25:00.828,2.28915,2.28945,1.60,2.00
2007.11.16 19:25:01.037,2.28915,2.28945,3.80,2.00
2007.11.16 19:25:02.244,2.28915,2.28945,3.80,2.00
2007.11.16 19:25:03.292,2.28915,2.28945,3.80,2.00
2007.11.16 19:25:03.514,2.28915,2.28955,3.80,2.00
2007.11.16 19:25:03.737,2.28915,2.28955,3.80,2.00
2007.11.16 19:25:03.959,2.28915,2.28955,4.60,2.00
2007.11.16 19:25:04.737,2.28915,2.28965,4.60,2.00
2007.11.16 19:25:05.054,2.2892,2.28965,2.20,2.00
2007.11.16 19:25:05.312,2.2892,2.2897,3.00,2.40
2007.11.16 19:25:05.555,2.2892,2.28975,3.00,4.40
2007.11.16 19:25:05.798,2.2892,2.28975,3.00,4.40
2007.11.16 19:25:06.094,2.2892,2.28975,3.00,4.40
2007.11.16 19:25:06.338,2.2892,2.28975,3.00,4.40
2007.11.16 19:25:06.670,2.2892,2.28975,3.00,6.80
2007.11.16 19:25:06.944,2.2892,2.28965,3.00,0.20
2007.11.16 19:25:07.217,2.28915,2.2897,3.80,2.60
2007.11.16 19:25:07.490,2.28915,2.2897,3.80,2.60
2007.11.16 19:25:10.642,2.28915,2.2897,3.80,2.40
2007.11.16 19:25:10.680,2.2891,2.2897,4.60,2.40
2007.11.16 19:25:10.820,2.28915,2.2897,12.60,2.40
2007.11.16 19:25:10.999,2.28915,2.2897,17.40,2.40
2007.11.16 19:25:11.176,2.28925,2.28975,8.60,2.00
2007.11.16 19:25:14.619,2.2893,2.28975,3.00,2.00
2007.11.16 19:25:14.793,2.28945,2.28985,1.60,2.40
2007.11.16 19:25:14.966,2.28945,2.28985,1.60,2.40
2007.11.16 19:25:15.145,2.2895,2.2899,0.80,2.40
2007.11.16 19:25:15.311,2.2895,2.2899,0.80,2.40
2007.11.16 19:25:15.485,2.2895,2.2899,0.80,2.40
2007.11.16 19:25:15.657,2.28955,2.28995,0.80,2.40
2007.11.16 19:25:15.991,2.28955,2.29,3.00,0.20
2007.11.16 19:25:16.331,2.2896,2.2901,0.80,2.40
2007.11.16 19:25:16.663,2.2896,2.2901,0.80,2.40
2007.11.16 19:25:16.916,2.2896,2.2901,0.80,2.40
2007.11.16 19:25:17.170,2.28965,2.29015,2.20,4.40
2007.11.16 19:25:17.424,2.28965,2.29015,2.20,2.40
2007.11.16 19:25:17.676,2.28975,2.2902,2.20,0.20
2007.11.16 19:25:17.930,2.28975,2.2902,2.20,0.20
2007.11.16 19:25:18.182,2.28975,2.2902,2.20,0.20
2007.11.16 19:25:18.442,2.28975,2.2902,2.20,0.20
2007.11.16 19:25:18.801,2.28975,2.29015,2.20,2.00
2007.11.16 19:25:19.049,2.28975,2.29015,2.20,4.40
2007.11.16 19:25:19.630,2.28975,2.29015,2.20,4.40
2007.11.16 19:25:19.853,2.28975,2.29015,2.20,2.00
2007.11.16 19:25:20.077,2.2898,2.29015,2.20,2.00
2007.11.16 19:25:20.299,2.2898,2.29015,2.20,2.00
2007.11.16 19:25:20.748,2.2898,2.29015,2.20,2.00
2007.11.16 19:25:21.006,2.28975,2.29015,2.20,2.00
2007.11.16 19:25:21.264,2.28975,2.29015,2.20,2.00
2007.11.16 19:25:21.521,2.28975,2.2902,2.20,0.20
2007.11.16 19:25:22.660,2.28975,2.2902,2.20,0.20
2007.11.16 19:25:22.982,2.28975,2.2902,2.20,0.20
2007.11.16 19:25:24.008,2.28975,2.2902,2.20,0.20
2007.11.16 19:25:25.053,2.28975,2.2902,2.20,0.20
2007.11.16 19:25:26.069,2.28975,2.2902,2.20,0.20
2007.11.16 19:25:26.261,2.28975,2.2902,2.20,0.20
2007.11.16 19:25:26.485,2.2897,2.2902,2.20,0.20
2007.11.16 19:25:30.482,2.2897,2.2902,2.20,0.20
2007.11.16 19:25:30.794,2.2897,2.2902,2.20,0.20
2007.11.16 19:25:31.430,2.2897,2.2902,2.20,0.20
2007.11.16 19:25:31.727,2.2897,2.2902,2.20,0.20
2007.11.16 19:25:32.497,2.2897,2.2902,2.20,0.20
2007.11.16 19:25:33.016,2.2897,2.2902,2.20,0.20
2007.11.16 19:25:34.271,2.28965,2.2902,3.80,2.60
2007.11.16 19:25:34.583,2.2897,2.2902,2.20,0.20
2007.11.16 19:25:35.000,2.2897,2.2902,2.20,0.20
2007.11.16 19:25:36.461,2.2897,2.2902,2.20,0.20
2007.11.16 19:25:38.822,2.2897,2.2902,2.20,0.20
2007.11.16 19:25:41.491,2.2897,2.2902,2.20,0.20
2007.11.16 19:25:41.821,2.2897,2.2902,2.20,0.20
2007.11.16 19:25:42.073,2.2897,2.2902,2.20,0.20
2007.11.16 19:25:42.751,2.28965,2.29015,1.60,2.40
2007.11.16 19:25:42.997,2.28965,2.29015,1.60,4.40
2007.11.16 19:25:43.270,2.28965,2.29015,1.60,4.40
2007.11.16 19:25:46.516,2.28965,2.29015,1.60,4.40
2007.11.16 19:25:47.233,2.2896,2.29015,3.00,4.40
2007.11.16 19:25:49.305,2.2896,2.29015,3.00,4.40
2007.11.16 19:25:51.536,2.2896,2.29015,3.00,4.40
2007.11.16 19:25:53.029,2.2896,2.29015,3.00,4.40
2007.11.16 19:25:53.287,2.2896,2.29015,3.00,4.40
2007.11.16 19:25:53.741,2.2896,2.29015,2.20,4.40
2007.11.16 19:25:56.561,2.2896,2.29015,2.20,4.40
2007.11.16 19:26:01.581,2.2896,2.29015,2.20,4.40
2007.11.16 19:26:03.214,2.28955,2.29015,4.60,4.40
2007.11.16 19:26:06.608,2.28955,2.29015,4.60,4.40
2007.11.16 19:26:07.564,2.28955,2.29015,4.60,4.40
2007.11.16 19:26:10.263,2.28965,2.29015,1.30,2.00
2007.11.16 19:26:10.583,2.28965,2.29015,1.40,2.00
2007.11.16 19:26:10.805,2.2897,2.29015,0.70,2.00
2007.11.16 19:26:11.309,2.28955,2.29015,4.60,2.00
2007.11.16 19:26:11.626,2.2897,2.29015,1.20,2.00
2007.11.16 19:26:12.944,2.2897,2.29015,1.50,2.00
2007.11.16 19:26:14.080,2.2897,2.29015,0.90,2.00
2007.11.16 19:26:16.655,2.2897,2.29015,0.60,2.00
2007.11.16 19:26:21.681,2.28955,2.29015,4.60,2.00
2007.11.16 19:26:24.552,2.28955,2.2902,3.00,2.40
2007.11.16 19:26:26.714,2.28955,2.2902,3.00,2.40
2007.11.16 19:26:27.833,2.28955,2.29015,3.00,0.20
2007.11.16 19:26:28.096,2.28955,2.29015,3.00,2.60
2007.11.16 19:26:28.545,2.28955,2.2901,0.80,2.40
2007.11.16 19:26:29.571,2.2896,2.29015,1.40,2.60
2007.11.16 19:26:31.735,2.28955,2.29015,3.00,2.60
2007.11.16 19:26:36.359,2.2896,2.29015,2.20,6.20
2007.11.16 19:26:36.588,2.2896,2.29015,2.20,6.20
2007.11.16 19:26:39.209,2.2896,2.29005,2.20,2.40
2007.11.16 19:26:40.798,2.2896,2.29015,2.20,8.60
2007.11.16 19:26:41.792,2.2896,2.29005,2.20,2.40
2007.11.16 19:26:46.982,2.2896,2.29005,2.20,2.40
2007.11.16 19:26:48.845,2.28955,2.29005,3.00,2.40
2007.11.16 19:26:49.363,2.28955,2.29005,0.80,4.80
2007.11.16 19:26:50.607,2.28955,2.29005,3.00,4.80
2007.11.16 19:26:51.016,2.28955,2.29005,3.00,2.40
2007.11.16 19:26:52.001,2.28955,2.29005,3.00,2.40
2007.11.16 19:26:53.126,2.28955,2.29005,3.00,2.40
2007.11.16 19:26:53.554,2.28955,2.29005,0.80,4.80
2007.11.16 19:26:53.974,2.28955,2.29005,0.80,4.80
2007.11.16 19:26:54.107,2.28955,2.29005,3.00,2.40
2007.11.16 19:26:54.281,2.2896,2.29005,2.20,2.40
2007.11.16 19:26:54.595,2.2896,2.29005,2.20,2.40
2007.11.16 19:26:57.038,2.2896,2.29005,2.20,2.40
2007.11.16 19:27:02.062,2.2896,2.29005,2.20,2.40
2007.11.16 19:27:07.033,2.2896,2.29005,2.20,2.40
2007.11.16 19:27:07.322,2.2896,2.29005,2.20,2.40
2007.11.16 19:27:07.977,2.2896,2.29005,2.20,4.00
2007.11.16 19:27:08.214,2.2896,2.29005,2.20,4.00
2007.11.16 19:27:08.453,2.2896,2.29005,2.20,4.00
2007.11.16 19:27:08.690,2.2896,2.29005,2.20,4.00
2007.11.16 19:27:08.854,2.2896,2.29005,0.50,4.00
2007.11.16 19:27:09.207,2.28945,2.29005,9.80,4.00
2007.11.16 19:27:09.395,2.2896,2.29005,0.80,4.00
2007.11.16 19:27:09.700,2.2896,2.29005,1.30,4.00
2007.11.16 19:27:10.111,2.28955,2.29005,3.00,4.00
2007.11.16 19:27:10.350,2.2896,2.29005,0.60,4.00
2007.11.16 19:27:10.621,2.28955,2.29005,3.00,4.00
2007.11.16 19:27:11.099,2.28955,2.29005,3.00,4.00
2007.11.16 19:27:11.277,2.28955,2.29005,3.00,4.00
2007.11.16 19:27:11.609,2.2896,2.29005,1.50,4.00
2007.11.16 19:27:11.787,2.2896,2.29005,0.50,4.00
2007.11.16 19:27:12.020,2.28955,2.29005,3.00,4.00
2007.11.16 19:27:12.228,2.28955,2.29005,3.00,4.00
2007.11.16 19:27:12.535,2.2896,2.29005,1.40,4.00
2007.11.16 19:27:13.613,2.28955,2.29005,3.00,4.00
2007.11.16 19:27:13.904,2.28945,2.29005,9.80,4.00
2007.11.16 19:27:14.203,2.28955,2.29005,3.00,4.00
2007.11.16 19:27:14.365,2.2896,2.29005,0.50,4.00
2007.11.16 19:27:14.590,2.2896,2.29005,0.90,4.00
2007.11.16 19:27:14.753,2.2896,2.29005,1.40,4.00
2007.11.16 19:27:15.019,2.28955,2.29005,3.00,4.00
2007.11.16 19:27:15.181,2.2896,2.29005,1.50,4.00
2007.11.16 19:27:15.419,2.28955,2.29005,3.00,4.00
2007.11.16 19:27:15.663,2.28955,2.29005,3.00,4.00
2007.11.16 19:27:15.895,2.28955,2.29005,3.00,4.00
2007.11.16 19:27:16.133,2.2896,2.29005,1.20,4.00
2007.11.16 19:27:16.632,2.2896,2.29005,1.30,4.00
2007.11.16 19:27:16.850,2.2896,2.29005,1.40,4.00
2007.11.16 19:27:17.118,2.28955,2.29005,3.00,4.00
2007.11.16 19:27:17.335,2.28955,2.29005,3.00,4.00
2007.11.16 19:27:17.777,2.28955,2.29005,3.00,4.00
2007.11.16 19:27:18.021,2.2896,2.29005,1.00,4.00
2007.11.16 19:27:18.263,2.28955,2.29005,3.00,4.00
2007.11.16 19:27:18.506,2.28955,2.29005,3.00,4.00
2007.11.16 19:27:19.108,2.28955,2.29,3.00,0.20
2007.11.16 19:27:19.282,2.28955,2.28985,3.00,2.40
2007.11.16 19:27:19.456,2.28955,2.28985,1.20,2.40
2007.11.16 19:27:20.108,2.28945,2.28985,5.00,2.40
2007.11.16 19:27:20.372,2.28945,2.28985,5.00,2.40
2007.11.16 19:27:20.569,2.28945,2.28985,5.00,2.40
2007.11.16 19:27:21.392,2.28955,2.28985,0.60,2.40
2007.11.16 19:27:21.624,2.28945,2.28985,5.00,2.40
2007.11.16 19:27:21.858,2.2895,2.28985,3.00,2.40
2007.11.16 19:27:22.092,2.2895,2.28985,3.00,2.40
2007.11.16 19:27:22.324,2.2895,2.28985,0.70,2.40
2007.11.16 19:27:22.557,2.2894,2.28985,5.00,2.40
2007.11.16 19:27:23.068,2.2894,2.28985,5.00,2.40
2007.11.16 19:27:24.092,2.2894,2.28985,5.00,2.40
2007.11.16 19:27:27.166,2.28945,2.28985,0.90,2.40
2007.11.16 19:27:29.607,2.28955,2.28985,1.10,2.40
2007.11.16 19:27:29.870,2.28945,2.28985,15.40,2.40
2007.11.16 19:27:30.133,2.28945,2.28985,15.40,2.40
2007.11.16 19:27:30.396,2.28955,2.28995,2.30,2.40
2007.11.16 19:27:30.659,2.28955,2.28995,1.00,2.40
2007.11.16 19:27:30.862,2.28955,2.29005,0.70,4.80
2007.11.16 19:27:31.065,2.2895,2.29005,7.00,4.80
2007.11.16 19:27:31.555,2.2895,2.29005,7.00,4.80
2007.11.16 19:27:31.827,2.2895,2.29005,7.80,4.80
2007.11.16 19:27:32.060,2.2895,2.29005,12.60,4.80
2007.11.16 19:27:32.293,2.28955,2.29005,12.60,2.40
2007.11.16 19:27:32.525,2.28955,2.29005,12.60,2.40
2007.11.16 19:27:33.319,2.28955,2.29005,12.60,2.40
2007.11.16 19:27:33.627,2.28955,2.29005,14.20,2.40
2007.11.16 19:27:34.052,2.28955,2.29005,14.20,2.40
2007.11.16 19:27:37.029,2.2896,2.29005,0.80,2.40
2007.11.16 19:27:37.217,2.28955,2.29005,14.20,2.40
2007.11.16 19:27:39.886,2.28965,2.29005,0.80,2.40
2007.11.16 19:27:40.332,2.28965,2.29005,0.80,2.40
2007.11.16 19:27:40.630,2.28965,2.29005,0.80,2.40
2007.11.16 19:27:41.326,2.28965,2.29005,0.80,4.80
2007.11.16 19:27:42.131,2.28965,2.29005,0.80,4.80
2007.11.16 19:27:42.785,2.28965,2.29005,0.80,4.80
2007.11.16 19:27:45.634,2.28965,2.29005,0.80,4.80
2007.11.16 19:27:45.834,2.28955,2.28995,0.80,2.40
2007.11.16 19:27:46.037,2.28955,2.28995,0.80,2.40
2007.11.16 19:27:46.254,2.28955,2.28995,0.80,2.40
2007.11.16 19:27:46.478,2.28955,2.28995,0.80,2.40
2007.11.16 19:27:47.259,2.28955,2.28995,0.80,2.40
2007.11.16 19:27:48.074,2.28955,2.28995,0.80,2.40
2007.11.16 19:27:49.112,2.28955,2.28995,3.00,2.40
2007.11.16 19:27:52.296,2.28955,2.28995,3.00,2.40
2007.11.16 19:27:52.604,2.28955,2.28995,3.00,2.40
2007.11.16 19:27:54.778,2.28955,2.28995,7.00,2.40
2007.11.16 19:27:54.962,2.28955,2.29005,7.00,2.40
2007.11.16 19:27:56.075,2.28955,2.29005,9.00,2.40
2007.11.16 19:27:56.345,2.28955,2.29005,9.80,2.40
2007.11.16 19:27:57.310,2.28955,2.29005,9.80,2.40
2007.11.16 19:28:01.144,2.28955,2.29005,5.80,2.40
2007.11.16 19:28:01.342,2.28955,2.28995,5.80,2.40
2007.11.16 19:28:02.003,2.28955,2.28995,5.80,2.40
2007.11.16 19:28:02.343,2.28955,2.28995,5.80,2.40
2007.11.16 19:28:02.560,2.28955,2.28995,5.80,2.40
2007.11.16 19:28:07.104,2.28955,2.28995,5.80,2.40
2007.11.16 19:28:07.306,2.28955,2.28995,9.80,2.40
2007.11.16 19:28:07.510,2.28955,2.28995,9.80,2.40
2007.11.16 19:28:07.856,2.28955,2.29005,9.80,2.40
2007.11.16 19:28:08.178,2.28955,2.2901,9.80,4.80
2007.11.16 19:28:12.071,2.28955,2.2901,9.80,4.80
2007.11.16 19:28:12.304,2.28955,2.2901,5.80,4.80
2007.11.16 19:28:12.542,2.28955,2.29005,5.80,4.80
2007.11.16 19:28:13.367,2.28955,2.2901,5.80,4.80
2007.11.16 19:28:14.308,2.28955,2.28995,5.80,0.90
2007.11.16 19:28:14.476,2.28955,2.2901,9.80,4.80
2007.11.16 19:28:14.643,2.28955,2.28995,9.80,0.60
2007.11.16 19:28:14.812,2.28955,2.29005,10.60,0.50
2007.11.16 19:28:15.064,2.2896,2.29015,3.00,6.40
2007.11.16 19:28:17.415,2.2896,2.29005,3.00,0.60
2007.11.16 19:28:22.005,2.2896,2.29005,3.00,0.90
2007.11.16 19:28:22.289,2.2897,2.2902,2.20,0.70
2007.11.16 19:28:22.573,2.28975,2.29025,2.20,0.50
2007.11.16 19:28:22.856,2.28975,2.29025,2.20,0.70
2007.11.16 19:28:23.139,2.28975,2.29025,2.20,0.70
2007.11.16 19:28:23.427,2.28975,2.2903,2.20,10.80
2007.11.16 19:28:23.715,2.28975,2.29035,0.80,16.40
2007.11.16 19:28:24.616,2.28975,2.29025,3.00,0.70
2007.11.16 19:28:24.817,2.28975,2.29025,3.00,0.80
2007.11.16 19:28:25.128,2.28975,2.2903,3.00,10.80
2007.11.16 19:28:25.311,2.28975,2.29025,3.00,8.40
2007.11.16 19:28:25.603,2.28975,2.29025,0.80,11.50
2007.11.16 19:28:26.374,2.28975,2.29025,3.00,9.10
2007.11.16 19:28:27.460,2.28975,2.29015,3.00,0.80
2007.11.16 19:28:28.007,2.28975,2.29025,3.00,9.30
2007.11.16 19:28:28.250,2.28975,2.29025,3.00,9.30
2007.11.16 19:28:28.493,2.28975,2.29015,0.80,0.70
2007.11.16 19:28:29.149,2.28975,2.2902,0.80,4.80
2007.11.16 19:28:29.599,2.28975,2.2902,0.80,4.80
2007.11.16 19:28:29.786,2.2897,2.2902,2.20,4.80
2007.11.16 19:28:32.493,2.2897,2.29015,2.20,0.90
2007.11.16 19:28:32.786,2.2897,2.29015,2.20,0.90
2007.11.16 19:28:35.722,2.2897,2.29015,2.20,0.70
2007.11.16 19:28:36.185,2.2897,2.2902,2.20,4.80
2007.11.16 19:28:36.462,2.2897,2.29035,3.00,16.60
2007.11.16 19:28:36.745,2.2897,2.29035,3.00,8.60
2007.11.16 19:28:36.958,2.2897,2.29025,2.20,0.60
2007.11.16 19:28:37.171,2.2897,2.29035,2.20,8.40
2007.11.16 19:28:37.383,2.2897,2.29025,2.20,6.80
2007.11.16 19:28:38.066,2.28975,2.2902,0.80,2.40
2007.11.16 19:28:38.359,2.28975,2.29015,0.80,2.00
2007.11.16 19:28:39.608,2.28975,2.29015,0.80,2.00
2007.11.16 19:28:39.796,2.28975,2.29015,4.80,2.00
2007.11.16 19:28:39.984,2.28985,2.29015,2.20,2.00
2007.11.16 19:28:40.302,2.2898,2.29015,2.20,2.00
2007.11.16 19:28:40.649,2.2898,2.29015,2.20,2.00
2007.11.16 19:28:40.888,2.28975,2.29015,0.80,2.00
2007.11.16 19:28:41.346,2.28975,2.29015,0.80,2.00
2007.11.16 19:28:42.355,2.28975,2.29015,0.80,2.00
2007.11.16 19:28:45.001,2.28975,2.29015,0.80,2.00
2007.11.16 19:28:45.270,2.28985,2.29015,0.80,2.00
2007.11.16 19:28:45.538,2.28985,2.2902,0.80,2.40
2007.11.16 19:28:45.807,2.28985,2.2902,0.80,2.40
2007.11.16 19:28:46.075,2.28985,2.29025,0.80,4.40
2007.11.16 19:28:46.289,2.28985,2.29025,0.80,4.40
2007.11.16 19:28:46.500,2.28985,2.29025,0.80,4.40
2007.11.16 19:28:46.713,2.28985,2.29025,0.80,4.40
2007.11.16 19:28:46.926,2.28985,2.29025,0.80,4.40
2007.11.16 19:28:47.138,2.28985,2.29025,0.80,4.40
2007.11.16 19:28:47.569,2.28985,2.29025,0.80,4.40
2007.11.16 19:28:49.051,2.28985,2.29025,0.80,4.40
2007.11.16 19:28:49.763,2.28995,2.29025,1.60,4.40
2007.11.16 19:28:49.957,2.28995,2.29025,3.80,2.40
2007.11.16 19:28:50.276,2.28995,2.29025,1.60,2.40
2007.11.16 19:28:50.550,2.29015,2.29035,0.80,2.00
2007.11.16 19:28:50.823,2.2902,2.29035,0.80,2.00
2007.11.16 19:28:51.096,2.29025,2.29065,3.80,8.40
2007.11.16 19:28:51.368,2.29025,2.29065,3.80,2.00
2007.11.16 19:28:51.626,2.29025,2.29065,3.80,2.00
2007.11.16 19:28:51.863,2.2902,2.29065,2.20,2.00
2007.11.16 19:28:52.105,2.2902,2.29065,2.20,2.00
2007.11.16 19:28:52.348,2.29025,2.29065,0.80,2.00
2007.11.16 19:28:52.652,2.2903,2.29055,0.80,2.40
2007.11.16 19:28:52.956,2.2905,2.29065,2.20,4.40
2007.11.16 19:28:53.259,2.2905,2.29065,2.20,4.40
2007.11.16 19:28:53.502,2.2903,2.29065,2.20,4.40
2007.11.16 19:28:53.744,2.29025,2.29065,0.80,6.80
2007.11.16 19:28:53.988,2.29025,2.29065,0.80,4.40
2007.11.16 19:28:54.295,2.29025,2.29065,0.80,4.40
2007.11.16 19:28:55.122,2.29025,2.29065,0.80,4.40
2007.11.16 19:28:56.442,2.29025,2.29065,0.80,4.40
2007.11.16 19:28:57.241,2.29025,2.29065,0.80,4.40
2007.11.16 19:28:57.439,2.29025,2.29065,0.80,4.40
2007.11.16 19:28:58.108,2.29025,2.29065,0.80,4.40
2007.11.16 19:28:58.729,2.29025,2.29065,0.80,4.40
2007.11.16 19:28:58.951,2.29015,2.29065,5.40,4.40
2007.11.16 19:28:59.175,2.29015,2.29065,5.40,2.40
2007.11.16 19:28:59.868,2.29015,2.29065,5.40,2.40
2007.11.16 19:29:00.639,2.29015,2.29055,5.40,2.40
2007.11.16 19:29:00.848,2.29015,2.29055,0.80,4.80
2007.11.16 19:29:01.058,2.29015,2.29055,0.80,4.80
2007.11.16 19:29:01.266,2.29015,2.29035,0.80,2.40
2007.11.16 19:29:01.475,2.2902,2.29035,2.20,2.40
2007.11.16 19:29:01.682,2.2902,2.29035,2.20,2.40
2007.11.16 19:29:01.960,2.2902,2.29035,2.20,2.40
2007.11.16 19:29:02.237,2.2902,2.29035,2.20,2.40
2007.11.16 19:29:02.611,2.29015,2.29035,0.80,2.40
2007.11.16 19:29:02.900,2.29015,2.29025,0.80,2.40
2007.11.16 19:29:03.118,2.29015,2.29025,0.80,2.40
2007.11.16 19:29:03.355,2.28995,2.29015,2.00,2.40
2007.11.16 19:29:03.582,2.28995,2.29015,2.00,2.40
2007.11.16 19:29:03.840,2.28995,2.29015,2.00,2.40
2007.11.16 19:29:04.137,2.28995,2.29015,2.00,2.40
2007.11.16 19:29:04.435,2.28995,2.29015,2.00,2.40
2007.11.16 19:29:05.626,2.28995,2.29015,2.00,2.40
2007.11.16 19:29:05.829,2.29015,2.29025,0.80,2.40
2007.11.16 19:29:06.047,2.29015,2.29025,0.80,2.40
2007.11.16 19:29:06.265,2.29015,2.29025,0.80,2.40
2007.11.16 19:29:06.483,2.29005,2.29025,0.80,2.40
2007.11.16 19:29:06.700,2.29005,2.29025,0.80,2.40
2007.11.16 19:29:06.919,2.29005,2.29025,0.80,2.40
2007.11.16 19:29:07.678,2.29005,2.29025,0.80,2.40
2007.11.16 19:29:08.215,2.28995,2.29025,2.80,2.40
2007.11.16 19:29:09.041,2.28995,2.29025,2.80,2.40
2007.11.16 19:29:09.779,2.28995,2.29025,2.80,2.40
2007.11.16 19:29:09.962,2.29005,2.29025,0.80,2.40
2007.11.16 19:29:10.804,2.29005,2.29025,0.80,2.40
2007.11.16 19:29:12.254,2.29005,2.29025,0.80,2.40
2007.11.16 19:29:12.448,2.29005,2.29025,0.80,2.40
2007.11.16 19:29:12.641,2.29005,2.29025,0.80,2.40
2007.11.16 19:29:12.834,2.29005,2.29025,0.80,2.40
2007.11.16 19:29:13.826,2.29005,2.29025,2.80,2.40
2007.11.16 19:29:14.159,2.29005,2.29025,2.80,2.40
2007.11.16 19:29:14.356,2.29005,2.29025,2.80,2.40
2007.11.16 19:29:14.926,2.2899,2.29025,3.60,2.40
2007.11.16 19:29:15.317,2.28995,2.29025,3.60,2.40
2007.11.16 19:29:15.602,2.29005,2.29025,1.00,2.40
2007.11.16 19:29:16.215,2.29,2.29025,2.80,2.40
2007.11.16 19:29:16.455,2.29005,2.29025,2.80,2.40
2007.11.16 19:29:16.693,2.29005,2.29025,2.80,2.40
2007.11.16 19:29:18.155,2.29015,2.29025,1.80,2.40
2007.11.16 19:29:18.245,2.29015,2.29025,0.80,2.40
2007.11.16 19:29:18.343,2.29015,2.29025,0.80,2.40
2007.11.16 19:29:18.441,2.29015,2.29025,0.80,2.40
2007.11.16 19:29:18.573,2.29015,2.29025,0.80,2.40
2007.11.16 19:29:18.672,2.29015,2.29025,0.80,2.40
2007.11.16 19:29:18.770,2.2898,2.29025,10.60,2.40
2007.11.16 19:29:18.869,2.2898,2.29005,8.40,2.40
2007.11.16 19:29:19.098,2.28985,2.29005,0.60,2.40
2007.11.16 19:29:19.196,2.2898,2.29005,4.40,2.40
2007.11.16 19:29:19.529,2.28975,2.29005,12.40,2.40
2007.11.16 19:29:19.864,2.29005,2.29045,0.80,4.80
2007.11.16 19:29:20.197,2.28995,2.29045,1.60,4.80
2007.11.16 19:29:20.404,2.29005,2.29045,2.80,4.80
2007.11.16 19:29:20.613,2.29005,2.29045,2.80,2.40
2007.11.16 19:29:20.821,2.29025,2.2905,0.60,2.40
2007.11.16 19:29:21.028,2.29025,2.2905,0.80,2.40
2007.11.16 19:29:21.236,2.29015,2.29055,5.00,2.40
2007.11.16 19:29:21.549,2.29035,2.29055,0.80,2.40
2007.11.16 19:29:21.862,2.29015,2.29055,5.00,2.40
2007.11.16 19:29:22.295,2.29015,2.2907,9.00,2.40
2007.11.16 19:29:22.466,2.29035,2.2907,0.50,2.40
2007.11.16 19:29:22.633,2.29015,2.29075,13.80,2.40
2007.11.16 19:29:22.802,2.29035,2.29075,4.20,2.40
2007.11.16 19:29:23.202,2.29035,2.29075,4.20,2.40
2007.11.16 19:29:23.369,2.29035,2.29075,4.20,2.40
2007.11.16 19:29:24.326,2.29055,2.29075,1.30,2.40
2007.11.16 19:29:24.589,2.29035,2.29075,4.20,2.40
2007.11.16 19:29:24.772,2.29035,2.2909,4.20,2.40
2007.11.16 19:29:24.909,2.29055,2.29095,0.60,2.40
2007.11.16 19:29:25.047,2.29045,2.291,4.20,2.40
2007.11.16 19:29:25.185,2.29045,2.291,4.20,2.40
2007.11.16 19:29:25.322,2.29045,2.291,4.20,2.40
2007.11.16 19:29:25.460,2.29055,2.291,0.80,2.40
2007.11.16 19:29:25.794,2.29055,2.29105,2.40,2.40
2007.11.16 19:29:26.126,2.2905,2.29105,10.60,2.40
2007.11.16 19:29:26.460,2.2906,2.29105,5.80,2.40
2007.11.16 19:29:26.643,2.2906,2.29105,6.60,2.40
2007.11.16 19:29:26.826,2.29065,2.29105,1.70,2.40
2007.11.16 19:29:27.120,2.29065,2.29105,2.20,2.40
2007.11.16 19:29:27.320,2.29065,2.29105,0.90,2.40
2007.11.16 19:29:27.843,2.2906,2.29105,6.60,2.40
2007.11.16 19:29:28.151,2.2906,2.29105,5.80,2.40
2007.11.16 19:29:28.464,2.29065,2.29125,9.80,2.40
2007.11.16 19:29:28.688,2.29065,2.29125,9.80,2.40
2007.11.16 19:29:28.914,2.29065,2.29125,12.20,2.40
2007.11.16 19:29:29.137,2.29065,2.29125,12.20,2.40
2007.11.16 19:29:29.360,2.29075,2.29125,1.30,2.40
2007.11.16 19:29:31.108,2.29065,2.29125,12.20,2.40
2007.11.16 19:29:31.286,2.29065,2.29125,13.00,2.40
2007.11.16 19:29:31.465,2.29075,2.29125,8.60,2.40
2007.11.16 19:29:31.715,2.29075,2.29125,10.60,2.40
2007.11.16 19:29:32.033,2.29075,2.29125,10.60,2.40
2007.11.16 19:29:32.351,2.29075,2.29125,10.60,2.40
2007.11.16 19:29:32.669,2.29075,2.29125,1.10,2.40
2007.11.16 19:29:33.252,2.29065,2.29125,13.80,2.40
2007.11.16 19:29:33.454,2.29075,2.29125,4.30,2.40
2007.11.16 19:29:33.794,2.29075,2.29125,3.60,2.40
2007.11.16 19:29:34.126,2.2908,2.2913,2.40,2.40
2007.11.16 19:29:34.621,2.29085,2.2913,1.10,2.40
2007.11.16 19:29:34.953,2.29075,2.2913,12.20,2.40
2007.11.16 19:29:35.146,2.29075,2.2913,12.20,2.40
2007.11.16 19:29:35.338,2.29075,2.2913,12.20,2.40
2007.11.16 19:29:35.531,2.29075,2.29125,10.00,2.40
2007.11.16 19:29:35.929,2.29095,2.29125,3.20,2.40
2007.11.16 19:29:36.212,2.29095,2.29125,3.20,2.40
2007.11.16 19:29:36.498,2.29115,2.2914,1.00,2.40
2007.11.16 19:29:36.781,2.29115,2.2914,0.50,2.40
2007.11.16 19:29:37.012,2.2908,2.29135,5.00,4.00
2007.11.16 19:29:37.240,2.29095,2.29135,1.50,4.00
2007.11.16 19:29:37.468,2.29075,2.2913,9.80,2.40
2007.11.16 19:29:37.696,2.29075,2.2913,9.00,2.40
2007.11.16 19:29:37.963,2.29065,2.2913,9.80,2.40
2007.11.16 19:29:38.231,2.29065,2.2913,9.80,2.40
2007.11.16 19:29:38.526,2.29075,2.2913,2.20,2.40
2007.11.16 19:29:38.794,2.29065,2.2913,9.80,2.40
2007.11.16 19:29:39.057,2.29065,2.2913,9.80,2.40
2007.11.16 19:29:39.321,2.29065,2.2911,7.60,2.40
2007.11.16 19:29:39.584,2.29075,2.2911,1.20,2.40
2007.11.16 19:29:39.847,2.29065,2.2911,3.60,2.40
2007.11.16 19:29:40.115,2.29065,2.2911,3.60,2.40
2007.11.16 19:29:40.383,2.2907,2.29125,4.20,6.40
2007.11.16 19:29:40.793,2.2907,2.29125,4.20,6.40
2007.11.16 19:29:41.020,2.29075,2.29125,4.80,2.40
2007.11.16 19:29:41.247,2.2908,2.2913,0.50,2.40
2007.11.16 19:29:42.540,2.2908,2.2913,1.20,2.40
2007.11.16 19:29:42.797,2.2908,2.2913,1.40,2.40
2007.11.16 19:29:43.314,2.2908,2.2913,0.50,2.40
2007.11.16 19:29:43.513,2.2908,2.2913,2.20,2.40
2007.11.16 19:29:43.831,2.2908,2.2913,2.20,2.40
2007.11.16 19:29:45.783,2.2908,2.2913,2.20,2.40
2007.11.16 19:29:46.958,2.2908,2.2913,2.20,2.40
2007.11.16 19:29:47.566,2.2908,2.2913,2.20,2.40
2007.11.16 19:29:48.344,2.2908,2.2913,2.20,2.40
2007.11.16 19:29:48.802,2.2908,2.2913,2.20,2.40
2007.11.16 19:29:49.356,2.29075,2.2913,13.80,2.40
2007.11.16 19:29:50.062,2.29075,2.2913,13.80,2.40
2007.11.16 19:29:50.325,2.29075,2.29115,2.00,4.80
2007.11.16 19:29:50.513,2.29075,2.29115,2.00,4.80
2007.11.16 19:29:50.701,2.29075,2.29115,2.00,4.80
2007.11.16 19:29:50.890,2.2906,2.29115,2.20,4.80
2007.11.16 19:29:51.077,2.2906,2.29115,2.20,4.80
2007.11.16 19:29:51.347,2.29045,2.29095,2.20,2.40
2007.11.16 19:29:51.614,2.2904,2.29095,2.20,4.80
2007.11.16 19:29:51.889,2.2904,2.29095,2.20,4.80
2007.11.16 19:29:53.121,2.2904,2.29095,2.20,4.80
2007.11.16 19:29:53.352,2.2904,2.29095,2.20,4.80
2007.11.16 19:29:53.627,2.29045,2.29095,4.00,4.80
2007.11.16 19:29:53.875,2.29045,2.29095,4.00,4.80
2007.11.16 19:29:54.117,2.29045,2.2909,4.00,2.40
2007.11.16 19:29:54.362,2.29035,2.2909,13.00,2.40
2007.11.16 19:29:54.659,2.29035,2.2909,12.20,2.40
2007.11.16 19:29:54.958,2.29035,2.2909,6.20,2.40
2007.11.16 19:29:55.256,2.29035,2.2909,2.20,2.40
2007.11.16 19:29:55.484,2.29035,2.2909,2.20,2.40
2007.11.16 19:29:55.711,2.29035,2.2909,2.20,2.40
2007.11.16 19:29:55.939,2.29035,2.2909,2.20,2.40
2007.11.16 19:29:56.167,2.29035,2.2909,2.20,2.40
2007.11.16 19:29:56.509,2.29035,2.29095,2.20,8.80
2007.11.16 19:29:57.852,2.29035,2.29095,2.20,8.80
2007.11.16 19:29:58.016,2.29035,2.29095,3.00,8.80
2007.11.16 19:29:58.179,2.29045,2.2909,1.60,0.50
2007.11.16 19:29:58.341,2.29045,2.29105,1.60,6.80
2007.11.16 19:29:58.505,2.29045,2.29095,1.60,0.70
2007.11.16 19:29:58.812,2.29045,2.29115,1.60,6.40
2007.11.16 19:29:59.120,2.29045,2.29115,3.80,6.40
2007.11.16 19:29:59.428,2.29065,2.29115,2.00,6.40
2007.11.16 19:29:59.735,2.29065,2.291,2.00,0.50
2007.11.16 19:30:00.754,2.29045,2.291,3.80,0.50
2007.11.16 19:30:00.931,2.29045,2.29115,3.80,6.40
2007.11.16 19:30:01.626,2.29045,2.29115,3.80,6.40
2007.11.16 19:30:01.899,2.29045,2.29095,3.80,0.70
2007.11.16 19:30:02.370,2.29045,2.29115,3.80,6.40
2007.11.16 19:30:03.444,2.29045,2.29115,3.80,6.40
2007.11.16 19:30:04.131,2.29045,2.291,3.80,0.60
2007.11.16 19:30:04.444,2.29045,2.29115,1.60,6.40
2007.11.16 19:30:05.765,2.29045,2.29115,1.60,4.00
2007.11.16 19:30:06.038,2.29065,2.29095,4.80,0.50
2007.11.16 19:30:06.312,2.29065,2.29095,8.80,0.90
2007.11.16 19:30:06.584,2.29075,2.29135,1.60,8.40
2007.11.16 19:30:06.858,2.29075,2.29125,1.60,0.90
2007.11.16 19:30:07.123,2.29085,2.29135,1.60,8.40
2007.11.16 19:30:07.401,2.29075,2.29135,1.60,8.40
2007.11.16 19:30:07.662,2.29075,2.29125,1.60,0.80
2007.11.16 19:30:07.919,2.29075,2.29135,1.60,8.40
2007.11.16 19:30:08.289,2.29075,2.29135,1.60,8.40
2007.11.16 19:30:13.485,2.29075,2.29135,1.60,8.40
2007.11.16 19:30:18.504,2.29075,2.29125,1.60,0.50
2007.11.16 19:30:20.852,2.29075,2.29135,1.60,8.40
2007.11.16 19:30:21.104,2.29075,2.29135,1.60,8.40
2007.11.16 19:30:21.276,2.29075,2.2912,1.60,0.80
2007.11.16 19:30:21.448,2.29075,2.2912,1.60,0.80
2007.11.16 19:30:21.621,2.29075,2.29135,1.60,8.40
2007.11.16 19:30:22.679,2.29075,2.29125,1.60,0.90
2007.11.16 19:30:22.817,2.2907,2.29125,2.20,10.40
2007.11.16 19:30:22.955,2.29065,2.2911,1.60,0.60
2007.11.16 19:30:23.093,2.29065,2.29115,1.60,6.40
2007.11.16 19:30:23.335,2.29065,2.29115,1.60,6.40
2007.11.16 19:30:23.473,2.29065,2.2911,1.60,0.70
2007.11.16 19:30:23.617,2.29065,2.2911,1.60,0.60
2007.11.16 19:30:23.931,2.29055,2.2911,6.20,2.40
2007.11.16 19:30:24.246,2.29055,2.2911,7.00,2.40
2007.11.16 19:30:24.560,2.29055,2.2911,7.70,2.40
2007.11.16 19:30:25.274,2.29055,2.2911,7.70,2.40
2007.11.16 19:30:25.481,2.29055,2.2911,7.70,2.40
2007.11.16 19:30:25.690,2.29055,2.2911,2.20,2.40
2007.11.16 19:30:25.923,2.29055,2.29095,2.20,4.00
2007.11.16 19:30:26.157,2.29055,2.29095,2.20,4.00
2007.11.16 19:30:26.390,2.2905,2.29095,2.20,4.00
2007.11.16 19:30:26.623,2.2905,2.29095,2.20,4.00
2007.11.16 19:30:26.901,2.2905,2.29095,2.20,4.00
2007.11.16 19:30:27.180,2.2905,2.29095,2.20,4.00
2007.11.16 19:30:27.458,2.2905,2.29095,2.20,4.00
2007.11.16 19:30:27.736,2.2905,2.29105,2.20,6.40
2007.11.16 19:30:27.980,2.2905,2.29105,2.20,6.40
2007.11.16 19:30:28.222,2.2905,2.29105,2.20,6.40
2007.11.16 19:30:28.466,2.29045,2.29095,2.20,2.40
2007.11.16 19:30:28.710,2.29035,2.2909,2.20,2.40
2007.11.16 19:30:29.024,2.29035,2.2909,2.20,2.40
2007.11.16 19:30:29.337,2.29035,2.2909,2.20,2.40
2007.11.16 19:30:29.650,2.29035,2.2909,2.20,2.40
2007.11.16 19:30:30.247,2.29035,2.2909,2.20,2.40
2007.11.16 19:30:30.504,2.29035,2.2909,2.20,2.40
2007.11.16 19:30:31.217,2.29035,2.2909,2.20,2.40
2007.11.16 19:30:31.506,2.29035,2.2909,2.20,2.40
2007.11.16 19:30:31.795,2.29035,2.29085,2.20,2.40
2007.11.16 19:30:32.004,2.29035,2.29085,2.20,2.40
2007.11.16 19:30:32.245,2.29035,2.29085,2.20,2.40
2007.11.16 19:30:32.448,2.29035,2.29085,2.20,2.40
2007.11.16 19:30:32.660,2.29035,2.29085,2.20,2.40
2007.11.16 19:30:32.868,2.29035,2.29085,2.20,2.40
2007.11.16 19:30:33.131,2.29035,2.29085,2.20,2.40
2007.11.16 19:30:33.394,2.29035,2.29085,2.20,2.40
2007.11.16 19:30:36.272,2.29035,2.29085,2.20,2.40
2007.11.16 19:30:36.487,2.29035,2.29085,2.20,2.40
2007.11.16 19:30:36.701,2.2903,2.29085,2.20,2.40
2007.11.16 19:30:36.918,2.2903,2.29085,2.20,2.40
2007.11.16 19:30:37.202,2.2903,2.29085,2.20,8.80
2007.11.16 19:30:37.485,2.29025,2.2908,2.20,2.40
2007.11.16 19:30:38.051,2.2903,2.29085,2.20,8.80
2007.11.16 19:30:38.609,2.2903,2.29085,2.20,8.80
2007.11.16 19:30:38.835,2.2903,2.29085,2.20,8.80
2007.11.16 19:30:39.118,2.2903,2.29085,2.20,8.80
2007.11.16 19:30:39.407,2.2902,2.29075,2.20,4.40
2007.11.16 19:30:39.694,2.2902,2.29075,2.20,4.40
2007.11.16 19:30:39.983,2.29015,2.29065,2.20,2.40
2007.11.16 19:30:40.180,2.29015,2.29065,2.20,2.40
2007.11.16 19:30:40.873,2.29015,2.29065,2.20,2.40
2007.11.16 19:30:41.070,2.29015,2.29065,2.20,2.40
2007.11.16 19:30:41.787,2.29015,2.29065,2.20,2.40
2007.11.16 19:30:43.646,2.29015,2.29065,2.20,2.40
2007.11.16 19:30:46.366,2.29015,2.29065,2.20,2.40
2007.11.16 19:30:46.681,2.29015,2.29065,0.70,2.40
2007.11.16 19:30:48.671,2.29015,2.29065,1.30,2.40
2007.11.16 19:30:51.474,2.28995,2.29065,7.00,2.40
2007.11.16 19:30:51.749,2.28995,2.29065,7.00,2.40
2007.11.16 19:30:52.018,2.2901,2.2906,0.80,2.40
2007.11.16 19:30:53.286,2.28975,2.2906,7.30,2.40
2007.11.16 19:30:53.465,2.28975,2.2906,7.30,2.40
2007.11.16 19:30:53.693,2.28975,2.2906,7.30,2.40
2007.11.16 19:30:54.875,2.28975,2.2906,7.30,2.40
2007.11.16 19:30:55.158,2.28975,2.2906,7.30,2.40
2007.11.16 19:30:55.442,2.28975,2.29055,7.30,2.40
2007.11.16 19:30:57.600,2.29,2.29055,0.90,2.40
2007.11.16 19:30:57.829,2.29,2.29055,1.20,2.40
2007.11.16 19:30:58.007,2.28995,2.2907,7.00,2.40
2007.11.16 19:30:58.191,2.28995,2.2907,7.00,2.40
2007.11.16 19:30:58.368,2.28995,2.2906,6.20,2.40
2007.11.16 19:30:58.655,2.28995,2.2906,10.20,2.40
2007.11.16 19:30:58.938,2.28995,2.2906,10.20,2.40
2007.11.16 19:30:59.192,2.28995,2.2906,11.00,2.40
2007.11.16 19:30:59.445,2.28995,2.29065,11.00,6.40
2007.11.16 19:31:01.735,2.28995,2.29065,11.00,8.40
2007.11.16 19:31:03.745,2.28995,2.29065,11.00,8.40
2007.11.16 19:31:04.927,2.2901,2.29065,3.80,8.40
2007.11.16 19:31:05.180,2.29025,2.29065,0.50,8.40
2007.11.16 19:31:05.433,2.29025,2.29065,3.80,2.00
2007.11.16 19:31:05.684,2.2903,2.29065,0.50,2.00
2007.11.16 19:31:06.107,2.29025,2.29065,3.80,2.00
2007.11.16 19:31:06.733,2.29025,2.29075,3.80,2.00
2007.11.16 19:31:07.086,2.2903,2.29075,1.30,2.00
2007.11.16 19:31:07.561,2.2903,2.29075,1.10,2.00
2007.11.16 19:31:08.761,2.29025,2.29075,3.80,2.00
2007.11.16 19:31:11.269,2.29025,2.29075,3.80,2.00
2007.11.16 19:31:11.481,2.29025,2.29075,3.80,2.00
2007.11.16 19:31:11.695,2.29035,2.29075,1.60,2.00
2007.11.16 19:31:12.126,2.29035,2.29075,1.40,2.00
2007.11.16 19:31:12.842,2.29025,2.29075,5.40,2.00
2007.11.16 19:31:13.252,2.29035,2.29075,1.40,2.00
2007.11.16 19:31:13.443,2.29025,2.29075,5.40,2.00
2007.11.16 19:31:13.636,2.29025,2.29075,5.40,2.00
2007.11.16 19:31:14.269,2.29025,2.29075,5.40,2.00
2007.11.16 19:31:14.628,2.29035,2.29075,0.80,2.00
2007.11.16 19:31:14.921,2.29025,2.29075,5.40,2.00
2007.11.16 19:31:15.214,2.29035,2.29075,0.80,2.00
2007.11.16 19:31:15.437,2.29035,2.29075,0.90,2.00
2007.11.16 19:31:16.102,2.29025,2.29075,5.40,2.00
2007.11.16 19:31:16.330,2.29035,2.29065,3.80,2.00
2007.11.16 19:31:16.821,2.29035,2.29065,3.80,2.00
2007.11.16 19:31:17.679,2.29035,2.29065,3.80,2.00
2007.11.16 19:31:17.927,2.29035,2.29065,3.80,2.00
2007.11.16 19:31:18.814,2.29035,2.29065,3.80,2.00
2007.11.16 19:31:19.601,2.29035,2.29065,3.80,2.00
2007.11.16 19:31:19.928,2.29035,2.29065,3.80,2.00
2007.11.16 19:31:20.256,2.29035,2.29065,3.80,2.00
2007.11.16 19:31:22.171,2.29035,2.29075,3.80,2.00
2007.11.16 19:31:22.403,2.29035,2.29075,3.80,2.00
2007.11.16 19:31:22.830,2.29035,2.29075,3.80,2.00
2007.11.16 19:31:23.565,2.29035,2.29075,3.80,2.00
2007.11.16 19:31:23.843,2.29035,2.29075,3.80,2.00
2007.11.16 19:31:28.869,2.29035,2.29075,3.80,2.00
2007.11.16 19:31:29.282,2.29035,2.29075,3.80,0.70
2007.11.16 19:31:33.362,2.29035,2.29075,3.80,2.00
2007.11.16 19:31:33.561,2.29035,2.29075,3.80,2.00
2007.11.16 19:31:33.759,2.2904,2.29075,2.20,2.00
2007.11.16 19:31:34.875,2.2904,2.29075,2.20,2.00
2007.11.16 19:31:36.647,2.2904,2.29075,2.20,2.00
2007.11.16 19:31:36.830,2.29035,2.29075,1.60,2.00
2007.11.16 19:31:37.351,2.29035,2.29075,3.80,2.00
2007.11.16 19:31:38.919,2.29035,2.29075,3.80,2.00
2007.11.16 19:31:40.075,2.29035,2.29075,3.80,2.00
2007.11.16 19:31:40.596,2.29035,2.29075,3.80,2.00
2007.11.16 19:31:40.864,2.29035,2.29075,3.80,2.00
2007.11.16 19:31:41.132,2.2904,2.29075,2.20,2.00
2007.11.16 19:31:41.774,2.2904,2.29075,2.20,2.00
2007.11.16 19:31:41.983,2.2904,2.29075,2.20,2.00
2007.11.16 19:31:42.216,2.29035,2.29075,3.80,2.00
2007.11.16 19:31:43.847,2.29035,2.29075,3.80,2.00
2007.11.16 19:31:44.091,2.2904,2.29075,2.20,2.00
2007.11.16 19:31:44.332,2.2904,2.29075,2.20,2.00
2007.11.16 19:31:44.570,2.2904,2.29075,2.20,2.00
2007.11.16 19:31:44.808,2.2904,2.29075,2.20,2.00
2007.11.16 19:31:45.045,2.2904,2.29075,2.20,2.00
2007.11.16 19:31:45.284,2.2904,2.29075,2.20,2.00
2007.11.16 19:31:46.096,2.2904,2.29075,2.20,2.00
2007.11.16 19:31:46.430,2.2904,2.29075,2.20,2.00
2007.11.16 19:31:47.317,2.29035,2.29075,3.80,2.00
2007.11.16 19:31:49.132,2.29035,2.29075,3.80,2.00
2007.11.16 19:31:50.015,2.29035,2.29075,3.80,2.00
2007.11.16 19:31:50.283,2.2904,2.29075,0.70,2.00
2007.11.16 19:31:50.451,2.29035,2.29075,3.80,2.00
2007.11.16 19:31:50.644,2.29035,2.29075,3.80,2.00
2007.11.16 19:31:50.812,2.29035,2.29075,3.80,2.00
2007.11.16 19:31:50.980,2.29025,2.29075,5.40,2.00
2007.11.16 19:31:51.148,2.29035,2.29075,1.60,2.00
2007.11.16 19:31:51.372,2.29035,2.29075,3.80,2.00
2007.11.16 19:31:52.333,2.29,2.29095,3.00,4.80
2007.11.16 19:31:52.643,2.2904,2.29095,0.50,4.80
2007.11.16 19:31:52.847,2.29,2.29095,3.00,4.80
2007.11.16 19:31:54.148,2.2904,2.29095,1.50,4.80
2007.11.16 19:31:57.186,2.2904,2.29095,0.90,2.40
2007.11.16 19:31:57.454,2.29,2.29095,3.00,2.40
2007.11.16 19:31:57.683,2.2904,2.29095,1.40,2.40
2007.11.16 19:31:58.095,2.2904,2.29095,1.00,2.40
2007.11.16 19:31:58.323,2.29035,2.29085,1.50,4.80
2007.11.16 19:31:58.550,2.29035,2.29085,1.30,4.80
2007.11.16 19:31:58.773,2.29,2.29085,3.00,4.80
2007.11.16 19:31:59.170,2.29,2.29085,3.00,4.80
2007.11.16 19:31:59.599,2.29,2.29085,3.00,4.80
2007.11.16 19:31:59.897,2.29035,2.29085,1.40,4.80
2007.11.16 19:32:04.203,2.2901,2.29085,3.00,4.80
2007.11.16 19:32:05.200,2.29025,2.29065,5.40,2.00
2007.11.16 19:32:06.117,2.29035,2.29065,3.80,2.00
2007.11.16 19:32:06.585,2.2904,2.29065,0.90,0.90
2007.11.16 19:32:06.846,2.29035,2.29085,3.80,4.40
2007.11.16 19:32:07.826,2.29035,2.29085,3.80,4.40
2007.11.16 19:32:08.023,2.29035,2.29085,3.80,4.40
2007.11.16 19:32:08.222,2.29035,2.29085,3.80,4.40
2007.11.16 19:32:08.420,2.29035,2.29085,3.80,4.40
2007.11.16 19:32:09.219,2.29035,2.29085,3.80,4.40
2007.11.16 19:32:09.421,2.29035,2.29085,3.80,4.40
2007.11.16 19:32:10.190,2.29035,2.29085,3.80,4.40
2007.11.16 19:32:11.931,2.29035,2.29085,3.80,4.40
2007.11.16 19:32:12.349,2.29035,2.29085,3.80,4.40
2007.11.16 19:32:13.065,2.29035,2.29085,3.80,4.40
2007.11.16 19:32:13.644,2.2904,2.29065,0.70,0.60
2007.11.16 19:32:13.877,2.29035,2.29085,3.80,4.40
2007.11.16 19:32:14.236,2.29045,2.29065,0.70,0.50
2007.11.16 19:32:15.706,2.29045,2.29065,0.50,0.70
2007.11.16 19:32:15.965,2.29045,2.29065,2.20,0.50
2007.11.16 19:32:16.207,2.29045,2.29065,2.20,0.90
2007.11.16 19:32:16.625,2.29045,2.29065,2.20,0.50
2007.11.16 19:32:18.462,2.29045,2.29065,2.20,0.90
2007.11.16 19:32:18.640,2.2903,2.29065,2.20,0.90
2007.11.16 19:32:18.911,2.2903,2.29085,2.20,4.40
2007.11.16 19:32:19.089,2.2903,2.29065,2.20,0.70
2007.11.16 19:32:19.407,2.2903,2.29085,2.20,6.00
2007.11.16 19:32:19.725,2.2903,2.29065,2.20,0.80
2007.11.16 19:32:20.876,2.2903,2.29065,2.20,0.60
2007.11.16 19:32:22.318,2.2903,2.29065,2.20,0.60
2007.11.16 19:32:22.525,2.2903,2.29085,2.20,6.00
2007.11.16 19:32:22.763,2.2903,2.29085,2.20,6.00
2007.11.16 19:32:23.003,2.2903,2.29085,2.20,6.00
2007.11.16 19:32:23.240,2.2903,2.29065,2.20,0.80
2007.11.16 19:32:23.478,2.2903,2.29085,2.20,6.00
2007.11.16 19:32:24.267,2.2903,2.29065,2.20,0.70
2007.11.16 19:32:26.776,2.2903,2.29065,2.20,0.90
2007.11.16 19:32:29.293,2.2903,2.29085,2.20,6.00
2007.11.16 19:32:30.815,2.2903,2.29065,2.20,0.50
2007.11.16 19:32:32.063,2.2903,2.29085,2.20,6.00
2007.11.16 19:32:32.291,2.2903,2.29085,2.20,14.00
2007.11.16 19:32:32.519,2.29035,2.29075,2.20,0.80
2007.11.16 19:32:32.887,2.29025,2.2908,2.20,6.40
2007.11.16 19:32:33.089,2.2903,2.29075,2.20,0.90
2007.11.16 19:32:33.888,2.2903,2.29085,2.20,10.40
2007.11.16 19:32:34.214,2.2903,2.29075,2.20,0.50
2007.11.16 19:32:34.402,2.2903,2.29085,2.20,6.40
2007.11.16 19:32:34.590,2.2903,2.29075,2.20,0.80
2007.11.16 19:32:34.778,2.2903,2.29085,2.20,0.50
2007.11.16 19:32:34.966,2.29045,2.29095,2.20,12.00
2007.11.16 19:32:35.610,2.29045,2.29085,2.20,0.60
2007.11.16 19:32:36.121,2.29045,2.29095,2.20,12.00
2007.11.16 19:32:37.033,2.29045,2.29085,2.20,1.60
2007.11.16 19:32:37.191,2.29045,2.29085,2.20,1.60
2007.11.16 19:32:37.426,2.29055,2.29095,2.20,1.60
2007.11.16 19:32:37.659,2.29055,2.29095,2.20,1.60
2007.11.16 19:32:39.358,2.29055,2.29095,2.20,1.60
2007.11.16 19:32:40.646,2.29055,2.29095,2.20,4.00
2007.11.16 19:32:40.909,2.29055,2.29095,2.20,4.00
2007.11.16 19:32:41.172,2.2904,2.2909,2.20,2.60
2007.11.16 19:32:41.355,2.2904,2.2909,2.20,0.20
2007.11.16 19:32:41.655,2.29035,2.2909,2.20,2.60
2007.11.16 19:32:41.927,2.29035,2.29085,2.20,0.20
2007.11.16 19:32:42.179,2.2904,2.29085,2.20,0.20
2007.11.16 19:32:42.362,2.2904,2.29085,2.20,0.20
2007.11.16 19:32:42.639,2.2904,2.29085,2.20,0.20
2007.11.16 19:32:44.385,2.2904,2.29085,2.20,0.20
2007.11.16 19:32:45.301,2.2904,2.29085,2.20,0.20
2007.11.16 19:32:45.868,2.2903,2.29085,2.20,2.60
2007.11.16 19:32:46.217,2.2903,2.29065,2.20,2.00
2007.11.16 19:32:46.595,2.29025,2.29065,3.80,2.00
2007.11.16 19:32:47.002,2.29025,2.29065,3.80,2.00
2007.11.16 19:32:47.192,2.29015,2.29065,3.80,4.40
2007.11.16 19:32:47.379,2.29015,2.29055,3.80,2.40
2007.11.16 19:32:47.627,2.29015,2.29055,2.20,2.40
2007.11.16 19:32:47.876,2.29015,2.29055,2.20,2.40
2007.11.16 19:32:48.125,2.29005,2.29055,6.20,2.40
2007.11.16 19:32:48.406,2.29015,2.29055,2.20,2.40
2007.11.16 19:32:48.637,2.29015,2.29055,2.20,2.40
2007.11.16 19:32:48.871,2.29015,2.29055,2.00,2.40
2007.11.16 19:32:49.131,2.2902,2.29055,2.20,2.40
2007.11.16 19:32:49.364,2.2902,2.2907,2.20,2.60
2007.11.16 19:32:49.597,2.29025,2.29075,2.20,10.60
2007.11.16 19:32:49.830,2.29025,2.29075,4.20,10.60
2007.11.16 19:32:50.063,2.29025,2.29075,2.00,10.60
2007.11.16 19:32:50.389,2.29025,2.29075,4.20,8.20
2007.11.16 19:32:54.428,2.29025,2.29075,4.20,8.20
2007.11.16 19:32:57.581,2.29025,2.29075,4.20,8.20
2007.11.16 19:32:58.092,2.29025,2.29075,4.20,8.20
2007.11.16 19:32:58.616,2.29025,2.29075,4.20,8.20
2007.11.16 19:32:58.784,2.29025,2.29075,2.20,8.20
2007.11.16 19:32:58.951,2.29025,2.29075,2.20,8.20
2007.11.16 19:32:59.452,2.29025,2.29075,2.20,8.20
2007.11.16 19:33:01.220,2.29025,2.29075,2.20,8.20
2007.11.16 19:33:01.347,2.29025,2.29075,2.20,8.20
2007.11.16 19:33:02.527,2.29025,2.29075,2.20,8.00
2007.11.16 19:33:02.815,2.29025,2.2908,3.80,2.40
2007.11.16 19:33:03.009,2.29045,2.29095,2.20,1.60
2007.11.16 19:33:03.213,2.29045,2.29095,2.20,1.60
2007.11.16 19:33:03.414,2.29045,2.29095,2.20,1.60
2007.11.16 19:33:03.616,2.29045,2.29095,2.20,1.60
2007.11.16 19:33:03.819,2.29045,2.29095,2.20,1.60
2007.11.16 19:33:04.220,2.29045,2.291,2.20,2.40
2007.11.16 19:33:04.508,2.29045,2.291,2.20,2.40
2007.11.16 19:33:04.796,2.29045,2.291,2.20,2.40
2007.11.16 19:33:06.535,2.29045,2.29085,2.20,2.40
2007.11.16 19:33:06.718,2.29045,2.29085,2.20,2.40
2007.11.16 19:33:06.902,2.29045,2.29085,2.20,2.40
2007.11.16 19:33:07.199,2.29035,2.29085,2.20,6.40
2007.11.16 19:33:07.496,2.29025,2.2908,2.20,2.40
2007.11.16 19:33:08.130,2.29035,2.29085,2.20,4.00
2007.11.16 19:33:08.348,2.29035,2.29085,2.20,4.00
2007.11.16 19:33:09.493,2.29035,2.29085,2.20,4.00
2007.11.16 19:33:12.160,2.2904,2.29085,2.20,4.00
2007.11.16 19:33:12.623,2.2904,2.29095,2.20,16.00
2007.11.16 19:33:13.100,2.2904,2.29095,2.20,16.00
2007.11.16 19:33:14.513,2.2904,2.29095,2.20,16.00
2007.11.16 19:33:15.061,2.2904,2.29095,2.20,16.00
2007.11.16 19:33:16.822,2.29035,2.29085,2.20,0.70
2007.11.16 19:33:19.538,2.29035,2.2909,2.20,6.40
2007.11.16 19:33:19.828,2.29035,2.2909,2.20,6.40
2007.11.16 19:33:20.568,2.2903,2.29085,2.20,0.70
2007.11.16 19:33:20.852,2.2903,2.29095,2.20,16.00
2007.11.16 19:33:21.134,2.29035,2.2909,2.20,6.40
2007.11.16 19:33:21.417,2.29035,2.29085,2.20,0.50
2007.11.16 19:33:21.812,2.29035,2.2909,2.20,6.40
2007.11.16 19:33:22.697,2.29035,2.2909,2.20,6.40
2007.11.16 19:33:23.042,2.29035,2.2908,2.20,0.20
2007.11.16 19:33:23.249,2.29035,2.29085,2.20,4.40
2007.11.16 19:33:23.443,2.2903,2.2908,2.20,0.20
2007.11.16 19:33:23.690,2.2903,2.2908,2.20,0.40
2007.11.16 19:33:23.938,2.29025,2.29075,2.20,0.20
2007.11.16 19:33:24.311,2.29025,2.2908,2.20,2.80
2007.11.16 19:33:24.620,2.29025,2.2908,2.20,2.80
2007.11.16 19:33:25.862,2.2903,2.29075,2.20,0.20
2007.11.16 19:33:27.329,2.2903,2.2908,2.20,0.40
2007.11.16 19:33:28.619,2.2903,2.2908,2.20,0.40
2007.11.16 19:33:29.566,2.2903,2.29095,2.20,12.00
2007.11.16 19:33:29.799,2.29075,2.29105,2.20,10.00
2007.11.16 19:33:30.033,2.29075,2.2912,2.20,4.90
2007.11.16 19:33:30.266,2.2908,2.29125,2.20,12.80
2007.11.16 19:33:30.500,2.2908,2.29125,2.20,8.80
2007.11.16 19:33:30.834,2.29075,2.29125,2.20,4.70
2007.11.16 19:33:31.168,2.2906,2.29115,2.40,0.60
2007.11.16 19:33:31.501,2.2906,2.29115,2.40,0.70
2007.11.16 19:33:31.834,2.2906,2.29125,2.20,11.10
2007.11.16 19:33:32.418,2.2906,2.29115,2.20,0.50
2007.11.16 19:33:32.646,2.2906,2.29115,2.20,0.50
2007.11.16 19:33:32.939,2.29065,2.29115,2.20,0.90
2007.11.16 19:33:33.232,2.2906,2.29115,2.20,0.70
2007.11.16 19:33:33.525,2.2906,2.29115,2.20,0.60
2007.11.16 19:33:33.778,2.2906,2.29125,2.20,15.30
2007.11.16 19:33:34.133,2.2906,2.29115,2.20,6.00
2007.11.16 19:33:34.385,2.2906,2.29115,2.20,6.60
2007.11.16 19:33:35.022,2.2905,2.29115,2.20,6.60
2007.11.16 19:33:35.095,2.29055,2.2911,2.20,0.50
2007.11.16 19:33:35.323,2.29055,2.29125,3.80,10.00
2007.11.16 19:33:35.552,2.29065,2.29125,2.20,6.00
2007.11.16 19:33:35.780,2.29065,2.2912,2.20,0.50
2007.11.16 19:33:36.356,2.29065,2.29125,2.20,6.00
2007.11.16 19:33:37.546,2.29065,2.29125,2.20,6.00
2007.11.16 19:33:37.962,2.29065,2.29125,2.20,6.00
2007.11.16 19:33:38.220,2.2907,2.29125,2.20,0.60
2007.11.16 19:33:38.537,2.2907,2.29125,2.20,0.90
2007.11.16 19:33:39.088,2.2907,2.29125,2.20,0.70
2007.11.16 19:33:39.311,2.2907,2.2913,2.20,11.20
2007.11.16 19:33:39.534,2.2907,2.2913,2.20,15.20
2007.11.16 19:33:39.789,2.29065,2.29125,1.60,15.00
2007.11.16 19:33:40.117,2.29065,2.29115,1.60,0.90
2007.11.16 19:33:40.445,2.29055,2.29125,2.20,14.20
2007.11.16 19:33:40.773,2.29055,2.29115,6.20,6.40
2007.11.16 19:33:41.194,2.29055,2.29115,7.80,4.80
2007.11.16 19:33:41.377,2.29055,2.29115,7.80,4.80
2007.11.16 19:33:42.383,2.29055,2.29105,5.60,2.40
2007.11.16 19:33:44.564,2.29055,2.29105,7.80,2.40
2007.11.16 19:33:44.897,2.29055,2.29105,7.80,2.40
2007.11.16 19:33:45.135,2.29055,2.29105,5.60,2.40
2007.11.16 19:33:49.704,2.29055,2.29105,5.60,2.40
2007.11.16 19:33:50.363,2.29055,2.29105,7.80,2.40
2007.11.16 19:33:51.101,2.29065,2.29115,2.20,2.40
2007.11.16 19:33:51.283,2.29065,2.2912,3.80,2.40
2007.11.16 19:33:51.467,2.29065,2.2912,3.80,2.40
2007.11.16 19:33:51.650,2.29065,2.2912,3.80,2.40
2007.11.16 19:33:51.835,2.2907,2.29125,2.20,15.00
2007.11.16 19:33:52.018,2.2907,2.29125,2.20,11.00
2007.11.16 19:33:52.368,2.29065,2.2912,3.80,2.40
2007.11.16 19:33:53.296,2.29065,2.2912,3.80,2.40
2007.11.16 19:33:53.609,2.29065,2.2912,3.80,2.40
2007.11.16 19:33:54.728,2.29065,2.2912,3.80,2.40
2007.11.16 19:33:54.941,2.29065,2.2912,3.80,2.40
2007.11.16 19:33:59.757,2.29065,2.2912,3.80,2.40
2007.11.16 19:34:03.655,2.29065,2.2912,3.80,2.40
2007.11.16 19:34:03.883,2.29065,2.2912,3.80,2.40
2007.11.16 19:34:04.111,2.29065,2.29115,1.60,2.40
2007.11.16 19:34:04.339,2.2906,2.29115,2.20,2.40
2007.11.16 19:34:04.592,2.2906,2.29115,2.20,2.40
2007.11.16 19:34:04.874,2.2906,2.29115,2.20,2.40
2007.11.16 19:34:09.061,2.2906,2.29115,2.20,2.40
2007.11.16 19:34:09.786,2.2906,2.29115,2.20,2.40
2007.11.16 19:34:11.104,2.2906,2.2911,2.20,0.20
2007.11.16 19:34:11.387,2.29055,2.2911,7.80,2.60
2007.11.16 19:34:11.672,2.29055,2.29105,5.60,2.40
2007.11.16 19:34:12.022,2.29055,2.29105,4.00,2.40
2007.11.16 19:34:12.239,2.29055,2.29105,4.00,2.40
2007.11.16 19:34:12.457,2.29055,2.29105,4.00,2.40
2007.11.16 19:34:12.678,2.29055,2.29105,4.00,2.40
2007.11.16 19:34:12.948,2.2906,2.29115,2.20,4.00
2007.11.16 19:34:13.223,2.29075,2.29115,4.00,4.00
2007.11.16 19:34:13.491,2.29085,2.29115,2.00,4.00
2007.11.16 19:34:13.760,2.29065,2.29115,4.00,4.00
2007.11.16 19:34:13.982,2.29065,2.29115,4.00,2.40
2007.11.16 19:34:14.206,2.29075,2.29125,0.60,4.00
2007.11.16 19:34:14.428,2.29075,2.29125,4.60,4.00
2007.11.16 19:34:14.726,2.29075,2.29125,4.60,4.00
2007.11.16 19:34:14.948,2.2908,2.29125,2.20,1.60
2007.11.16 19:34:15.202,2.29095,2.29125,4.00,0.70
2007.11.16 19:34:15.456,2.29095,2.29125,4.00,0.70
2007.11.16 19:34:15.709,2.29095,2.29125,4.00,0.70
2007.11.16 19:34:15.962,2.29095,2.2913,4.00,2.40
2007.11.16 19:34:16.241,2.2909,2.2914,2.80,0.20
2007.11.16 19:34:16.519,2.2909,2.2914,2.20,0.20
2007.11.16 19:34:16.796,2.29095,2.2914,4.00,0.20
2007.11.16 19:34:17.075,2.29095,2.29135,4.00,2.40
2007.11.16 19:34:17.293,2.29095,2.29135,4.00,2.40
2007.11.16 19:34:17.510,2.29095,2.29135,4.00,2.40
2007.11.16 19:34:17.728,2.2909,2.29135,0.50,2.40
2007.11.16 19:34:17.947,2.29095,2.29135,1.60,2.40
2007.11.16 19:34:18.245,2.29095,2.29145,1.60,2.40
2007.11.16 19:34:18.543,2.29095,2.29145,2.10,2.40
2007.11.16 19:34:18.843,2.2911,2.29165,2.20,6.80
2007.11.16 19:34:19.141,2.2911,2.29165,2.20,7.70
2007.11.16 19:34:19.324,2.2911,2.29155,2.20,2.40
2007.11.16 19:34:20.797,2.291,2.29155,2.20,4.80
2007.11.16 19:34:20.886,2.291,2.29155,2.20,4.80
2007.11.16 19:34:21.316,2.291,2.29155,2.20,4.80
2007.11.16 19:34:21.525,2.291,2.29155,2.20,4.80
2007.11.16 19:34:22.371,2.291,2.29155,2.20,4.80
2007.11.16 19:34:22.704,2.291,2.29155,2.20,4.80
2007.11.16 19:34:23.410,2.291,2.29155,2.20,4.80
2007.11.16 19:34:23.616,2.291,2.29155,2.20,4.80
2007.11.16 19:34:23.778,2.291,2.29125,2.20,2.00
2007.11.16 19:34:23.947,2.291,2.29125,2.20,2.00
2007.11.16 19:34:24.219,2.291,2.29125,2.20,0.70
2007.11.16 19:34:24.493,2.291,2.29155,2.20,4.80
2007.11.16 19:34:24.774,2.29095,2.29145,1.60,2.40
2007.11.16 19:34:25.041,2.291,2.29155,2.20,4.80
2007.11.16 19:34:25.377,2.291,2.29155,2.20,4.80
2007.11.16 19:34:25.591,2.2911,2.29155,2.20,2.40
2007.11.16 19:34:25.834,2.2911,2.29155,2.20,2.40
2007.11.16 19:34:26.046,2.29105,2.29155,2.20,2.40
2007.11.16 19:34:27.683,2.29105,2.29155,2.20,2.40
2007.11.16 19:34:27.856,2.2909,2.2913,0.50,0.20
2007.11.16 19:34:28.030,2.2909,2.2913,0.50,0.20
2007.11.16 19:34:28.202,2.29085,2.29125,2.00,0.20
2007.11.16 19:34:28.456,2.29085,2.29125,2.00,0.20
2007.11.16 19:34:28.708,2.29085,2.2913,2.00,2.60
2007.11.16 19:34:28.961,2.29085,2.2913,2.00,2.60
2007.11.16 19:34:29.214,2.29085,2.29125,2.00,2.60
2007.11.16 19:34:29.457,2.29085,2.29125,2.00,2.60
2007.11.16 19:34:29.700,2.29085,2.29125,2.00,2.40
2007.11.16 19:34:29.943,2.29085,2.29125,2.00,2.40
2007.11.16 19:34:30.187,2.29085,2.2912,2.00,2.40
2007.11.16 19:34:30.863,2.29085,2.2912,2.00,2.40
2007.11.16 19:34:31.330,2.29075,2.2912,0.50,2.40
2007.11.16 19:34:31.603,2.29075,2.2912,0.50,2.40
2007.11.16 19:34:31.876,2.29075,2.2913,3.90,2.40
2007.11.16 19:34:32.148,2.29075,2.2913,3.90,2.60
2007.11.16 19:34:32.422,2.29085,2.2913,0.50,2.60
2007.11.16 19:34:32.866,2.29085,2.29115,0.50,2.40
2007.11.16 19:34:33.129,2.29075,2.29115,0.60,2.40
2007.11.16 19:34:33.392,2.29075,2.29115,0.60,2.40
2007.11.16 19:34:33.636,2.29075,2.29115,0.60,2.40
2007.11.16 19:34:33.879,2.29075,2.2911,0.60,2.40
2007.11.16 19:34:34.128,2.29065,2.29125,0.60,4.40
2007.11.16 19:34:34.371,2.29075,2.29105,1.00,2.40
2007.11.16 19:34:34.658,2.29075,2.29105,1.50,2.40
2007.11.16 19:34:34.946,2.29075,2.29115,1.50,2.60
2007.11.16 19:34:35.234,2.29075,2.2911,1.50,2.40
2007.11.16 19:34:35.521,2.29075,2.29115,1.50,2.60
2007.11.16 19:34:35.884,2.29075,2.29115,1.50,2.60
2007.11.16 19:34:36.833,2.29075,2.29115,1.00,2.60
2007.11.16 19:34:37.268,2.2906,2.29115,2.20,2.60
2007.11.16 19:34:37.402,2.2908,2.29115,0.50,2.60
2007.11.16 19:34:37.594,2.29065,2.29115,0.50,2.60
2007.11.16 19:34:37.728,2.29065,2.29105,0.50,2.00
2007.11.16 19:34:37.861,2.29065,2.291,0.50,2.40
2007.11.16 19:34:38.119,2.29065,2.29105,0.50,6.80
2007.11.16 19:34:38.252,2.29065,2.29105,0.50,6.80
2007.11.16 19:34:38.386,2.2906,2.29115,2.20,2.40
2007.11.16 19:34:38.719,2.29055,2.2911,2.60,2.40
2007.11.16 19:34:39.051,2.29055,2.2911,2.60,2.40
2007.11.16 19:34:39.384,2.29065,2.2911,0.50,2.40
2007.11.16 19:34:39.585,2.29065,2.2912,2.60,2.60
2007.11.16 19:34:39.768,2.29065,2.2912,2.60,2.40
2007.11.16 19:34:39.950,2.29065,2.2912,4.60,2.40
2007.11.16 19:34:40.133,2.2907,2.2912,2.60,0.20
2007.11.16 19:34:40.318,2.2907,2.29115,2.60,2.40
2007.11.16 19:34:40.500,2.2907,2.29115,2.60,2.40
2007.11.16 19:34:40.824,2.29065,2.29115,4.20,2.40
2007.11.16 19:34:40.833,2.29075,2.29115,1.60,2.40
2007.11.16 19:34:41.166,2.29075,2.2913,3.80,2.40
2007.11.16 19:34:41.499,2.29075,2.29115,1.60,2.40
2007.11.16 19:34:41.747,2.29075,2.2912,1.60,2.40
2007.11.16 19:34:41.995,2.29075,2.2912,2.00,2.40
2007.11.16 19:34:42.242,2.29075,2.2912,2.00,2.40
2007.11.16 19:34:42.492,2.29075,2.2913,4.20,2.40
2007.11.16 19:34:42.735,2.29075,2.2913,3.80,2.40
2007.11.16 19:34:43.136,2.29075,2.2913,3.80,2.40
2007.11.16 19:34:44.623,2.29075,2.2913,3.80,2.40
2007.11.16 19:34:44.841,2.29075,2.2913,3.80,2.40
2007.11.16 19:34:45.059,2.29085,2.29135,2.20,2.00
2007.11.16 19:34:45.277,2.2908,2.29135,2.20,4.40
2007.11.16 19:34:45.495,2.29085,2.29135,2.20,2.00
2007.11.16 19:34:45.713,2.29085,2.29135,2.20,2.00
2007.11.16 19:34:45.978,2.29085,2.29115,6.20,2.00
2007.11.16 19:34:46.240,2.29085,2.29115,6.20,2.00
2007.11.16 19:34:46.504,2.29085,2.29115,7.80,2.00
2007.11.16 19:34:46.791,2.29085,2.29135,7.80,4.40
2007.11.16 19:34:47.079,2.29085,2.29135,7.80,4.40
2007.11.16 19:34:47.367,2.29085,2.2914,7.80,2.40
2007.11.16 19:34:47.656,2.29095,2.29145,2.20,2.40
2007.11.16 19:34:47.874,2.29095,2.29145,2.20,2.40
2007.11.16 19:34:48.092,2.29095,2.29145,2.20,2.40
2007.11.16 19:34:48.311,2.29095,2.2915,2.20,2.40
2007.11.16 19:34:48.720,2.29095,2.2915,2.20,2.40
2007.11.16 19:34:48.937,2.29095,2.2915,2.20,2.40
2007.11.16 19:34:49.155,2.29095,2.2915,2.20,2.40
2007.11.16 19:34:49.374,2.29095,2.2915,2.20,2.40
2007.11.16 19:34:49.609,2.29095,2.2915,2.20,2.40
2007.11.16 19:34:49.866,2.29095,2.2915,2.20,2.40
2007.11.16 19:34:50.124,2.29095,2.2915,2.20,2.40
2007.11.16 19:34:50.382,2.29095,2.2915,2.20,2.40
2007.11.16 19:34:50.640,2.29095,2.2915,2.20,2.40
2007.11.16 19:34:50.897,2.29095,2.2915,2.20,2.40
2007.11.16 19:34:51.223,2.29095,2.2915,2.20,2.40
2007.11.16 19:34:51.641,2.29095,2.2915,2.20,2.40
2007.11.16 19:34:51.854,2.29095,2.2915,2.20,2.40
2007.11.16 19:34:52.905,2.29095,2.2915,2.20,2.40
2007.11.16 19:34:53.107,2.29095,2.2915,2.20,2.40
2007.11.16 19:34:53.300,2.29095,2.2915,2.20,2.40
2007.11.16 19:34:53.493,2.29095,2.2915,2.20,2.40
2007.11.16 19:34:54.719,2.29095,2.2915,2.20,2.40
2007.11.16 19:34:54.972,2.29095,2.2915,2.20,2.40
2007.11.16 19:34:55.761,2.29095,2.2915,2.20,2.40
2007.11.16 19:34:55.994,2.29095,2.2915,2.20,2.40
2007.11.16 19:34:57.743,2.29095,2.2915,2.20,2.40
2007.11.16 19:34:58.057,2.29095,2.2915,2.20,2.40
2007.11.16 19:34:58.991,2.29095,2.2915,3.80,2.40
2007.11.16 19:34:59.274,2.29105,2.2915,4.00,2.40
2007.11.16 19:34:59.556,2.29105,2.2916,6.60,2.40
2007.11.16 19:34:59.839,2.29105,2.2916,6.60,2.40
2007.11.16 19:35:00.332,2.29105,2.2916,6.60,2.40
2007.11.16 19:35:01.002,2.29105,2.2916,6.60,2.40
2007.11.16 19:35:03.114,2.29105,2.29155,6.60,2.00
2007.11.16 19:35:03.339,2.29105,2.29155,6.60,2.70
2007.11.16 19:35:03.534,2.29105,2.29155,6.60,2.00
2007.11.16 19:35:03.739,2.29105,2.29155,6.60,2.70
2007.11.16 19:35:03.927,2.29105,2.29155,6.40,2.70
2007.11.16 19:35:06.025,2.29105,2.29155,6.40,2.70
2007.11.16 19:35:06.845,2.29105,2.29155,6.20,2.70
2007.11.16 19:35:07.178,2.29105,2.29155,6.20,2.00
2007.11.16 19:35:07.364,2.29105,2.29155,6.20,2.00
2007.11.16 19:35:07.530,2.29105,2.29155,6.20,2.70
2007.11.16 19:35:09.883,2.29105,2.29155,6.20,2.70
2007.11.16 19:35:10.086,2.29105,2.29155,6.40,2.70
2007.11.16 19:35:10.279,2.29105,2.29155,6.40,2.00
2007.11.16 19:35:10.472,2.29105,2.29155,6.40,2.00
2007.11.16 19:35:10.734,2.29105,2.29155,6.20,2.00
2007.11.16 19:35:10.997,2.29105,2.29155,6.20,2.00
2007.11.16 19:35:11.354,2.29105,2.29155,6.20,2.00
2007.11.16 19:35:11.636,2.29105,2.29155,6.20,2.00
2007.11.16 19:35:11.920,2.29105,2.29155,6.20,2.00
2007.11.16 19:35:15.379,2.29105,2.29155,6.20,2.00
2007.11.16 19:35:15.593,2.29105,2.29155,6.40,2.00
2007.11.16 19:35:16.079,2.29105,2.29155,6.40,2.00
2007.11.16 19:35:17.745,2.29105,2.2916,2.40,2.40
2007.11.16 19:35:18.300,2.29105,2.29155,6.40,2.00
2007.11.16 19:35:18.447,2.29105,2.29135,4.00,2.40
2007.11.16 19:35:18.600,2.29105,2.29135,4.00,2.40
2007.11.16 19:35:18.908,2.29105,2.29155,2.20,4.30
2007.11.16 19:35:19.215,2.29105,2.29135,2.20,2.00
2007.11.16 19:35:19.524,2.29095,2.29135,2.20,2.00
2007.11.16 19:35:21.106,2.29095,2.29135,2.20,2.00
2007.11.16 19:35:21.265,2.29095,2.2915,2.20,2.40
2007.11.16 19:35:21.429,2.29095,2.2915,2.20,2.40
2007.11.16 19:35:21.593,2.29095,2.2915,2.20,2.40
2007.11.16 19:35:21.756,2.29095,2.2915,2.20,2.40
2007.11.16 19:35:22.089,2.29095,2.2915,2.20,2.40
2007.11.16 19:35:24.255,2.29095,2.2915,2.20,2.40
2007.11.16 19:35:24.513,2.29095,2.2915,2.20,2.40
2007.11.16 19:35:24.771,2.29095,2.2915,2.20,2.40
2007.11.16 19:35:24.959,2.29095,2.2915,2.20,2.40
2007.11.16 19:35:25.147,2.291,2.2915,2.40,2.40
2007.11.16 19:35:25.335,2.291,2.2915,2.40,2.40
2007.11.16 19:35:25.633,2.291,2.29155,2.40,6.00
2007.11.16 19:35:26.123,2.291,2.29155,2.40,6.00
2007.11.16 19:35:30.319,2.291,2.29155,2.40,8.40
2007.11.16 19:35:30.486,2.291,2.29155,2.40,8.40
2007.11.16 19:35:30.655,2.291,2.29155,2.20,8.40
2007.11.16 19:35:31.149,2.291,2.29155,2.20,8.40
2007.11.16 19:35:32.832,2.29105,2.29155,2.20,6.00
2007.11.16 19:35:33.762,2.29105,2.29155,2.20,6.00
2007.11.16 19:35:33.924,2.291,2.29155,2.20,8.40
2007.11.16 19:35:34.089,2.291,2.29155,2.20,8.40
2007.11.16 19:35:34.377,2.291,2.29155,2.20,8.40
2007.11.16 19:35:36.186,2.291,2.29155,2.20,8.40
2007.11.16 19:35:41.219,2.291,2.29155,2.20,8.40
2007.11.16 19:35:43.564,2.291,2.29155,2.20,8.40
2007.11.16 19:35:46.235,2.291,2.29155,2.20,8.40
2007.11.16 19:35:50.789,2.291,2.29155,2.20,8.40
2007.11.16 19:35:51.255,2.291,2.29155,2.20,8.40
2007.11.16 19:35:56.284,2.291,2.29155,2.20,8.40
2007.11.16 19:35:56.731,2.291,2.29155,2.20,6.40
2007.11.16 19:35:57.063,2.291,2.29155,2.20,6.40
2007.11.16 19:36:01.316,2.291,2.29155,2.20,6.40
2007.11.16 19:36:06.350,2.291,2.29155,2.20,6.40
2007.11.16 19:36:07.259,2.29085,2.29155,8.00,6.40
2007.11.16 19:36:11.372,2.291,2.29155,2.20,6.40
2007.11.16 19:36:16.388,2.291,2.29155,2.20,4.00
2007.11.16 19:36:16.673,2.291,2.29155,2.20,6.40
2007.11.16 19:36:21.423,2.291,2.29155,2.20,6.40
2007.11.16 19:36:23.781,2.291,2.29155,2.20,6.40
2007.11.16 19:36:23.930,2.291,2.29155,2.20,6.40
2007.11.16 19:36:24.263,2.291,2.29155,2.20,6.40
2007.11.16 19:36:25.823,2.291,2.29155,2.20,6.40
2007.11.16 19:36:25.980,2.291,2.29155,2.20,6.40
2007.11.16 19:36:26.263,2.291,2.29155,2.20,6.40
2007.11.16 19:36:26.546,2.291,2.29155,2.20,6.40
2007.11.16 19:36:30.286,2.291,2.29155,2.20,6.40
2007.11.16 19:36:30.448,2.291,2.29155,2.20,6.40
2007.11.16 19:36:30.651,2.291,2.29155,2.20,6.40
2007.11.16 19:36:30.853,2.291,2.29155,2.20,6.40
2007.11.16 19:36:31.059,2.291,2.29155,2.20,6.40
2007.11.16 19:36:31.393,2.2911,2.29155,2.20,1.60
2007.11.16 19:36:31.727,2.2911,2.29155,2.20,4.00
2007.11.16 19:36:32.060,2.291,2.29155,2.40,6.40
2007.11.16 19:36:32.328,2.291,2.29155,2.40,6.40
2007.11.16 19:36:32.596,2.291,2.29155,2.40,6.40
2007.11.16 19:36:32.864,2.291,2.29155,2.20,6.40
2007.11.16 19:36:33.888,2.291,2.2915,2.20,0.20
2007.11.16 19:36:34.099,2.291,2.2915,2.20,2.60
2007.11.16 19:36:34.455,2.291,2.2915,2.20,2.60
2007.11.16 19:36:34.694,2.291,2.2915,2.20,2.60
2007.11.16 19:36:34.932,2.29095,2.2915,2.20,2.60
2007.11.16 19:36:35.354,2.29095,2.2915,2.20,2.60
2007.11.16 19:36:35.455,2.29085,2.2915,7.90,2.60
2007.11.16 19:36:35.601,2.2909,2.29145,2.20,2.40
2007.11.16 19:36:35.849,2.2909,2.29145,2.20,4.00
2007.11.16 19:36:36.097,2.2909,2.2914,2.20,2.40
2007.11.16 19:36:36.345,2.2909,2.29135,2.20,2.40
2007.11.16 19:36:36.609,2.29095,2.29135,2.20,2.40
2007.11.16 19:36:36.872,2.2908,2.29135,2.20,2.40
2007.11.16 19:36:37.136,2.2908,2.2913,2.20,2.40
2007.11.16 19:36:37.399,2.29085,2.2914,2.20,2.40
2007.11.16 19:36:37.702,2.29085,2.2914,2.20,2.40
2007.11.16 19:36:38.005,2.2909,2.29145,2.20,4.00
2007.11.16 19:36:39.806,2.29095,2.29145,2.20,1.60
2007.11.16 19:36:40.329,2.2909,2.29145,2.20,4.00
2007.11.16 19:36:40.619,2.2909,2.29145,2.20,4.00
2007.11.16 19:36:40.809,2.2909,2.2914,2.20,0.20
2007.11.16 19:36:41.136,2.2908,2.29135,2.20,2.40
2007.11.16 19:36:41.364,2.29085,2.2914,2.20,2.60
2007.11.16 19:36:41.704,2.29085,2.2914,2.20,2.60
2007.11.16 19:36:44.115,2.29085,2.2913,2.20,0.20
2007.11.16 19:36:44.358,2.2908,2.2913,2.20,0.20
2007.11.16 19:36:44.601,2.2908,2.2913,2.20,0.20
2007.11.16 19:36:44.844,2.2908,2.29135,2.20,4.00
2007.11.16 19:36:45.052,2.29085,2.29135,2.20,1.60
2007.11.16 19:36:45.363,2.29085,2.29135,2.20,1.60
2007.11.16 19:36:45.885,2.29085,2.2913,2.20,0.20
2007.11.16 19:36:46.054,2.2908,2.2913,2.20,0.20
2007.11.16 19:36:46.222,2.2908,2.2913,2.20,0.20
2007.11.16 19:36:46.390,2.2908,2.2913,2.20,0.20
2007.11.16 19:36:49.348,2.2908,2.2913,2.20,0.20
2007.11.16 19:36:51.560,2.2908,2.2913,2.20,0.20
2007.11.16 19:36:52.569,2.2908,2.2913,2.20,0.20
2007.11.16 19:36:52.943,2.29085,2.29135,2.20,1.60
2007.11.16 19:36:53.635,2.29085,2.2913,2.20,0.20
2007.11.16 19:36:53.793,2.29085,2.2913,2.20,0.20
2007.11.16 19:36:53.952,2.29075,2.2913,2.20,2.60
2007.11.16 19:36:54.321,2.2908,2.2913,2.20,0.20
2007.11.16 19:36:56.040,2.2908,2.29135,2.20,10.40
2007.11.16 19:36:56.213,2.2908,2.29135,2.20,8.00
2007.11.16 19:36:56.386,2.29085,2.29135,2.20,1.60
2007.11.16 19:36:57.074,2.29085,2.2913,2.20,0.20
2007.11.16 19:36:57.407,2.2908,2.2913,2.20,0.20
2007.11.16 19:36:59.124,2.2908,2.29135,2.20,10.40
2007.11.16 19:36:59.343,2.29085,2.29135,2.20,1.60
2007.11.16 19:36:59.551,2.29085,2.29135,2.20,1.60
2007.11.16 19:36:59.760,2.29085,2.29135,2.20,1.60
2007.11.16 19:37:00.166,2.29085,2.2913,2.20,0.20
2007.11.16 19:37:00.375,2.29085,2.2913,2.20,0.20
2007.11.16 19:37:00.649,2.29075,2.2913,2.20,2.60
2007.11.16 19:37:01.607,2.29075,2.2913,2.20,2.60
2007.11.16 19:37:01.830,2.2908,2.2913,2.20,0.20
2007.11.16 19:37:02.202,2.2908,2.29115,2.20,4.00
2007.11.16 19:37:02.425,2.2908,2.29115,2.20,4.00
2007.11.16 19:37:02.723,2.2908,2.29105,2.20,0.20
2007.11.16 19:37:03.021,2.2908,2.29105,2.20,0.20
2007.11.16 19:37:03.319,2.2906,2.2911,2.20,2.40
2007.11.16 19:37:03.617,2.2907,2.2912,2.20,0.20
2007.11.16 19:37:03.799,2.2907,2.2912,2.20,0.20
2007.11.16 19:37:03.982,2.29065,2.2912,2.40,2.60
2007.11.16 19:37:04.310,2.29065,2.2912,2.40,2.60
2007.11.16 19:37:04.494,2.29065,2.2912,2.40,2.60
2007.11.16 19:37:04.677,2.29065,2.2912,2.40,2.60
2007.11.16 19:37:04.945,2.29065,2.29115,2.40,1.60
2007.11.16 19:37:05.639,2.29065,2.29115,6.40,1.60
2007.11.16 19:37:05.819,2.29065,2.29115,6.70,1.60
2007.11.16 19:37:05.997,2.2908,2.29125,2.20,3.60
2007.11.16 19:37:06.177,2.2908,2.29095,2.20,2.00
2007.11.16 19:37:06.636,2.2908,2.29095,2.20,2.00
2007.11.16 19:37:06.912,2.29075,2.29095,2.20,2.00
2007.11.16 19:37:07.737,2.29075,2.29125,2.20,6.00
2007.11.16 19:37:07.985,2.29075,2.29125,2.40,3.60
2007.11.16 19:37:11.257,2.29075,2.29125,2.40,3.60
2007.11.16 19:37:11.444,2.29075,2.29115,2.20,2.40
2007.11.16 19:37:11.614,2.29055,2.291,1.60,2.40
2007.11.16 19:37:11.781,2.29055,2.291,1.60,2.40
2007.11.16 19:37:11.948,2.29055,2.291,1.60,2.40
2007.11.16 19:37:12.281,2.29055,2.2911,2.50,2.40
2007.11.16 19:37:12.619,2.29055,2.2911,2.50,2.40
2007.11.16 19:37:13.124,2.29055,2.2911,2.20,2.40
2007.11.16 19:37:13.337,2.29065,2.29115,2.20,1.60
2007.11.16 19:37:13.546,2.29065,2.29115,2.20,1.60
2007.11.16 19:37:14.161,2.29065,2.29095,2.20,0.20
2007.11.16 19:37:14.435,2.29065,2.29095,2.20,0.20
2007.11.16 19:37:14.707,2.29065,2.29095,2.20,0.20
2007.11.16 19:37:14.981,2.29055,2.29095,2.20,0.20
2007.11.16 19:37:15.254,2.29055,2.29095,2.20,0.20
2007.11.16 19:37:15.623,2.29055,2.29095,2.20,0.20
2007.11.16 19:37:15.840,2.29055,2.29095,2.20,0.20
2007.11.16 19:37:16.578,2.29055,2.29095,2.20,0.20
2007.11.16 19:37:16.835,2.29065,2.29105,4.20,1.60
2007.11.16 19:37:17.092,2.2908,2.29125,2.20,2.30
2007.11.16 19:37:17.351,2.2908,2.2913,2.20,0.20
2007.11.16 19:37:17.648,2.2908,2.2913,2.20,0.20
2007.11.16 19:37:17.946,2.2908,2.2913,2.20,0.20
2007.11.16 19:37:18.246,2.2908,2.2913,2.20,0.20
2007.11.16 19:37:18.470,2.2908,2.2913,2.20,0.20
2007.11.16 19:37:19.288,2.2908,2.2913,2.20,0.20
2007.11.16 19:37:19.546,2.2908,2.2913,2.20,0.20
2007.11.16 19:37:19.804,2.2908,2.29125,2.20,2.00
2007.11.16 19:37:20.061,2.2908,2.29125,2.20,2.00
2007.11.16 19:37:20.324,2.2908,2.29125,2.20,2.00
2007.11.16 19:37:20.631,2.2908,2.29125,2.20,2.00
2007.11.16 19:37:20.685,2.2908,2.2913,2.20,2.20
2007.11.16 19:37:20.858,2.2908,2.29125,2.20,0.80
2007.11.16 19:37:21.085,2.2908,2.2913,2.20,2.20
2007.11.16 19:37:21.313,2.2908,2.29125,2.20,0.50
2007.11.16 19:37:21.700,2.2908,2.2913,2.20,2.20
2007.11.16 19:37:22.219,2.2908,2.2913,2.20,2.20
2007.11.16 19:37:22.498,2.2908,2.29125,2.20,0.50
2007.11.16 19:37:22.770,2.2908,2.2913,2.20,2.20
2007.11.16 19:37:23.043,2.2908,2.29125,2.20,0.90
2007.11.16 19:37:26.740,2.2908,2.2913,2.20,2.20
2007.11.16 19:37:31.767,2.2908,2.2913,2.20,2.20
2007.11.16 19:37:32.822,2.2908,2.2913,2.20,2.20
2007.11.16 19:37:33.156,2.29075,2.29125,4.20,0.60
2007.11.16 19:37:33.378,2.29075,2.29125,4.20,0.70
2007.11.16 19:37:33.592,2.29075,2.29135,2.00,10.80
2007.11.16 19:37:33.771,2.29085,2.29135,4.00,6.80
2007.11.16 19:37:33.950,2.29085,2.2914,6.60,4.40
2007.11.16 19:37:34.268,2.29085,2.29125,2.60,0.60
2007.11.16 19:37:34.587,2.29085,2.2913,0.50,4.60
2007.11.16 19:37:34.905,2.29075,2.29125,2.00,0.50
2007.11.16 19:37:35.223,2.29075,2.2913,2.00,4.60
2007.11.16 19:37:35.401,2.29075,2.29125,2.00,0.90
2007.11.16 19:37:36.022,2.29085,2.2913,2.20,2.20
2007.11.16 19:37:36.255,2.29085,2.29135,6.20,6.00
2007.11.16 19:37:36.488,2.29085,2.29135,6.70,6.00
2007.11.16 19:37:36.792,2.29085,2.29125,6.70,0.90
2007.11.16 19:37:37.054,2.29095,2.29125,0.80,0.70
2007.11.16 19:37:37.342,2.29095,2.2914,0.80,4.40
2007.11.16 19:37:37.641,2.29095,2.29145,0.80,4.00
2007.11.16 19:37:37.930,2.29095,2.2914,0.80,0.50
2007.11.16 19:37:38.221,2.29095,2.2914,1.20,0.50
2007.11.16 19:37:38.521,2.29095,2.29155,3.60,4.40
2007.11.16 19:37:38.819,2.29115,2.29155,4.00,4.40
2007.11.16 19:37:39.119,2.29115,2.29155,4.00,4.40
2007.11.16 19:37:39.346,2.2911,2.2915,0.50,0.90
2007.11.16 19:37:39.575,2.2911,2.29165,2.60,4.40
2007.11.16 19:37:39.802,2.2911,2.29155,2.60,0.80
2007.11.16 19:37:40.030,2.2911,2.29155,2.60,0.60
2007.11.16 19:37:40.258,2.29115,2.29165,2.20,4.40
2007.11.16 19:37:40.497,2.29115,2.29155,2.20,0.50
2007.11.16 19:37:41.145,2.29115,2.29165,2.20,4.40
2007.11.16 19:37:41.384,2.2911,2.29155,2.60,0.90
2007.11.16 19:37:41.810,2.2911,2.29155,2.60,0.70
2007.11.16 19:37:42.017,2.2911,2.29155,2.60,0.70
2007.11.16 19:37:42.224,2.2911,2.29165,2.60,4.40
2007.11.16 19:37:43.219,2.29115,2.29155,4.00,0.80
2007.11.16 19:37:43.546,2.29115,2.29165,4.00,4.40
2007.11.16 19:37:45.627,2.29115,2.29165,4.00,4.40
2007.11.16 19:37:46.358,2.29115,2.29155,4.00,0.60
2007.11.16 19:37:46.842,2.29115,2.29155,4.00,0.70
2007.11.16 19:37:51.852,2.29115,2.29155,4.00,2.00
2007.11.16 19:37:52.896,2.29115,2.29155,4.00,2.00
2007.11.16 19:37:53.229,2.29125,2.29155,4.00,2.00
2007.11.16 19:37:53.562,2.29125,2.29155,4.00,2.00
2007.11.16 19:37:53.756,2.2912,2.29155,2.60,2.00
2007.11.16 19:37:53.948,2.29115,2.29155,4.00,2.00
2007.11.16 19:37:54.142,2.29115,2.29155,4.00,2.00
2007.11.16 19:37:55.545,2.29115,2.29155,4.00,2.00
2007.11.16 19:37:56.597,2.29115,2.29155,4.00,2.00
2007.11.16 19:37:56.901,2.29115,2.29155,4.00,2.00
2007.11.16 19:37:57.572,2.29115,2.29155,4.00,2.00
2007.11.16 19:37:57.831,2.29115,2.29155,4.00,2.00
2007.11.16 19:37:58.119,2.29115,2.29155,4.00,2.00
2007.11.16 19:37:59.652,2.29115,2.29155,4.00,2.20
2007.11.16 19:37:59.860,2.29095,2.29145,4.10,2.40
2007.11.16 19:38:00.312,2.29095,2.29145,4.10,2.40
2007.11.16 19:38:00.620,2.29095,2.29145,1.90,2.40
2007.11.16 19:38:01.039,2.29095,2.29145,0.40,2.40
2007.11.16 19:38:01.278,2.29095,2.29125,0.40,2.00
2007.11.16 19:38:01.517,2.29085,2.29125,8.10,2.00
2007.11.16 19:38:01.922,2.29085,2.29125,8.10,2.00
2007.11.16 19:38:03.313,2.29085,2.29125,8.10,2.00
2007.11.16 19:38:03.636,2.29085,2.29125,8.10,2.00
2007.11.16 19:38:03.965,2.2909,2.29125,2.20,2.00
2007.11.16 19:38:04.363,2.2909,2.29125,2.20,2.00
2007.11.16 19:38:06.948,2.2909,2.29125,2.20,2.00
2007.11.16 19:38:07.607,2.2909,2.29125,2.20,2.00
2007.11.16 19:38:07.939,2.2909,2.29125,2.20,2.00
2007.11.16 19:38:08.272,2.2909,2.29125,2.20,2.00
2007.11.16 19:38:08.425,2.2909,2.29125,2.20,2.00
2007.11.16 19:38:11.674,2.2909,2.29125,2.20,2.00
2007.11.16 19:38:11.882,2.29085,2.29125,1.60,2.00
2007.11.16 19:38:12.091,2.29085,2.29125,1.60,2.00
2007.11.16 19:38:12.346,2.29085,2.29125,1.60,2.00
2007.11.16 19:38:12.560,2.29085,2.29125,1.60,2.00
2007.11.16 19:38:12.893,2.29105,2.29135,6.60,2.00
2007.11.16 19:38:13.227,2.29115,2.29135,4.00,2.00
2007.11.16 19:38:13.560,2.29115,2.29155,4.00,3.60
2007.11.16 19:38:13.732,2.29115,2.29155,4.00,3.60
2007.11.16 19:38:14.039,2.29115,2.29155,4.00,2.00
2007.11.16 19:38:14.212,2.29115,2.29155,4.00,2.00
2007.11.16 19:38:14.426,2.2911,2.29155,6.60,2.00
2007.11.16 19:38:14.658,2.2911,2.29155,6.60,2.00
2007.11.16 19:38:14.962,2.291,2.29155,2.70,2.00
2007.11.16 19:38:15.264,2.291,2.2915,1.10,2.40
2007.11.16 19:38:15.568,2.29095,2.2915,5.20,2.40
2007.11.16 19:38:16.302,2.291,2.2915,0.50,2.40
2007.11.16 19:38:16.984,2.29095,2.2915,5.00,2.40
2007.11.16 19:38:17.361,2.29095,2.2915,5.20,2.40
2007.11.16 19:38:18.082,2.29095,2.2915,5.20,2.60
2007.11.16 19:38:18.375,2.29095,2.2915,4.30,2.60
2007.11.16 19:38:18.668,2.2909,2.29145,4.10,2.40
2007.11.16 19:38:18.991,2.2909,2.29145,1.40,2.40
2007.11.16 19:38:19.625,2.2909,2.2914,1.20,0.20
2007.11.16 19:38:19.876,2.2909,2.2914,1.30,0.20
2007.11.16 19:38:20.205,2.2908,2.2914,4.10,2.60
2007.11.16 19:38:20.451,2.2908,2.2914,4.10,2.60
2007.11.16 19:38:21.554,2.2908,2.2914,2.50,2.60
2007.11.16 19:38:22.013,2.29085,2.2914,1.10,2.60
2007.11.16 19:38:22.274,2.2908,2.29125,2.50,2.00
2007.11.16 19:38:22.538,2.2908,2.29125,0.50,2.00
2007.11.16 19:38:22.801,2.29075,2.29115,2.50,2.40
2007.11.16 19:38:23.110,2.29075,2.29105,1.10,2.00
2007.11.16 19:38:23.419,2.2907,2.29105,1.40,2.00
2007.11.16 19:38:23.727,2.2907,2.29105,1.10,2.00
2007.11.16 19:38:24.035,2.29065,2.29105,6.40,2.00
2007.11.16 19:38:24.640,2.2907,2.29105,0.80,2.00
2007.11.16 19:38:24.854,2.29065,2.29105,6.70,2.00
2007.11.16 19:38:25.118,2.29075,2.29105,0.60,2.00
2007.11.16 19:38:25.380,2.29065,2.29105,6.20,2.00
2007.11.16 19:38:25.643,2.29065,2.29105,6.20,2.00
2007.11.16 19:38:26.368,2.29065,2.29105,6.20,2.00
2007.11.16 19:38:27.035,2.29065,2.29105,6.20,2.00
2007.11.16 19:38:27.305,2.29065,2.29105,6.20,2.00
2007.11.16 19:38:27.826,2.2906,2.29105,6.50,2.00
2007.11.16 19:38:28.752,2.2906,2.29095,6.50,2.40
2007.11.16 19:38:29.085,2.29055,2.29095,11.50,2.40
2007.11.16 19:38:29.299,2.29065,2.29095,3.40,2.40
2007.11.16 19:38:29.508,2.29055,2.2912,11.00,2.40
2007.11.16 19:38:29.715,2.29065,2.29125,6.20,4.40
2007.11.16 19:38:29.923,2.2907,2.29125,1.40,4.40
2007.11.16 19:38:30.185,2.29065,2.29125,7.30,4.40
2007.11.16 19:38:30.514,2.2907,2.29125,1.00,4.40
2007.11.16 19:38:30.842,2.2907,2.29125,1.40,4.40
2007.11.16 19:38:31.382,2.29065,2.29125,8.60,4.40
2007.11.16 19:38:31.805,2.29065,2.29125,8.60,4.40
2007.11.16 19:38:32.061,2.2907,2.29125,1.80,4.40
2007.11.16 19:38:32.325,2.29065,2.29125,8.60,4.40
2007.11.16 19:38:33.795,2.2907,2.2912,0.80,2.40
2007.11.16 19:38:34.124,2.29065,2.29125,8.60,4.40
2007.11.16 19:38:34.523,2.29065,2.2912,8.60,2.40
2007.11.16 19:38:34.720,2.29065,2.2912,4.60,2.40
2007.11.16 19:38:34.919,2.2907,2.29115,0.80,2.40
2007.11.16 19:38:35.117,2.29055,2.29115,14.60,2.40
2007.11.16 19:38:35.322,2.29065,2.29115,1.20,2.40
2007.11.16 19:38:35.644,2.29065,2.29115,1.30,2.40
2007.11.16 19:38:36.097,2.2906,2.29115,3.00,2.40
2007.11.16 19:38:36.420,2.2906,2.29115,7.00,2.40
2007.11.16 19:38:37.088,2.2906,2.29115,7.00,2.40
2007.11.16 19:38:41.784,2.29065,2.2912,2.90,2.40
2007.11.16 19:38:42.008,2.2906,2.2912,7.80,2.40
2007.11.16 19:38:42.231,2.29065,2.2912,10.60,2.40
2007.11.16 19:38:42.468,2.2907,2.29125,0.90,2.40
2007.11.16 19:38:42.871,2.29065,2.29125,9.80,2.40
2007.11.16 19:38:43.205,2.29065,2.29125,10.60,2.40
2007.11.16 19:38:44.590,2.2907,2.29125,3.00,2.40
2007.11.16 19:38:44.884,2.29075,2.2913,6.20,2.60
2007.11.16 19:38:45.177,2.29075,2.2913,7.00,2.60
2007.11.16 19:38:45.470,2.29075,2.2913,3.00,2.60
2007.11.16 19:38:45.763,2.2908,2.2913,2.20,0.20
2007.11.16 19:38:46.021,2.2908,2.2913,2.20,0.20
2007.11.16 19:38:46.280,2.29075,2.291,6.20,0.20
2007.11.16 19:38:46.538,2.29075,2.29095,2.20,2.40
2007.11.16 19:38:46.797,2.29075,2.29095,3.00,2.40
2007.11.16 19:38:47.060,2.29055,2.29085,2.80,2.40
2007.11.16 19:38:47.333,2.29055,2.29085,2.00,2.40
2007.11.16 19:38:47.597,2.29055,2.29085,2.00,2.40
2007.11.16 19:38:48.647,2.29055,2.29075,2.00,0.20
2007.11.16 19:38:48.956,2.29055,2.29075,2.00,0.20
2007.11.16 19:38:49.119,2.29055,2.29075,2.00,0.20
2007.11.16 19:38:49.282,2.29045,2.29075,2.00,4.20
2007.11.16 19:38:49.444,2.29045,2.29075,2.00,4.20
2007.11.16 19:38:49.663,2.29045,2.29075,2.00,4.00
2007.11.16 19:38:49.828,2.29045,2.2908,2.00,2.40
2007.11.16 19:38:50.107,2.29045,2.29085,0.80,2.60
2007.11.16 19:38:50.385,2.29045,2.29085,0.80,0.20
2007.11.16 19:38:50.664,2.2904,2.29095,2.20,10.40
2007.11.16 19:38:51.022,2.2904,2.29095,2.20,6.40
2007.11.16 19:38:51.251,2.29045,2.29095,0.80,2.40
2007.11.16 19:38:51.478,2.29055,2.29105,2.20,2.40
2007.11.16 19:38:51.704,2.29055,2.29105,2.20,2.40
2007.11.16 19:38:51.932,2.29055,2.29105,2.20,2.40
2007.11.16 19:38:52.167,2.29055,2.29105,2.20,2.40
2007.11.16 19:38:52.394,2.29055,2.29105,2.20,2.40
2007.11.16 19:38:52.621,2.29055,2.29105,2.20,2.40
2007.11.16 19:38:54.291,2.29045,2.291,5.40,2.40
2007.11.16 19:38:54.463,2.29045,2.291,3.80,2.40
2007.11.16 19:38:54.636,2.29045,2.291,3.80,2.40
2007.11.16 19:38:54.808,2.29045,2.291,3.80,2.40
2007.11.16 19:38:54.982,2.29045,2.291,3.80,2.40
2007.11.16 19:38:55.290,2.29055,2.29105,2.20,4.00
2007.11.16 19:38:55.599,2.2905,2.29105,2.20,6.40
2007.11.16 19:38:55.907,2.2905,2.291,2.20,2.60
2007.11.16 19:38:56.130,2.2905,2.291,2.20,0.20
2007.11.16 19:38:56.352,2.2905,2.29095,2.20,2.00
2007.11.16 19:38:56.612,2.29045,2.29095,2.20,2.00
2007.11.16 19:38:57.019,2.29045,2.29095,2.20,2.00
2007.11.16 19:38:57.335,2.29045,2.29095,2.20,2.00
2007.11.16 19:38:57.962,2.29045,2.29095,2.20,3.60
2007.11.16 19:38:58.219,2.29045,2.2909,2.20,0.20
2007.11.16 19:38:58.545,2.29035,2.29085,2.20,2.40
2007.11.16 19:38:58.861,2.29035,2.29085,2.20,2.40
2007.11.16 19:38:59.316,2.2904,2.29085,2.20,2.40
2007.11.16 19:39:00.223,2.2904,2.29085,2.20,2.40
2007.11.16 19:39:01.265,2.2904,2.29075,2.20,4.00
2007.11.16 19:39:01.490,2.2904,2.29075,2.20,4.00
2007.11.16 19:39:01.719,2.2904,2.29065,2.20,0.20
2007.11.16 19:39:01.942,2.29025,2.29065,0.80,2.60
2007.11.16 19:39:02.165,2.29015,2.29065,3.00,2.60
2007.11.16 19:39:02.614,2.29015,2.29065,2.20,2.60
2007.11.16 19:39:02.892,2.2902,2.29065,2.20,2.60
2007.11.16 19:39:03.352,2.2902,2.29065,2.20,2.60
2007.11.16 19:39:05.108,2.2902,2.29065,2.20,2.60
2007.11.16 19:39:05.531,2.2902,2.29065,2.20,2.60
2007.11.16 19:39:05.853,2.2904,2.29085,2.20,1.60
2007.11.16 19:39:06.175,2.2904,2.29085,2.20,1.60
2007.11.16 19:39:06.501,2.2905,2.29085,2.20,1.60
2007.11.16 19:39:06.967,2.2905,2.29085,2.20,1.60
2007.11.16 19:39:07.176,2.2905,2.29085,2.20,1.60
2007.11.16 19:39:07.384,2.29045,2.29085,2.20,1.60
2007.11.16 19:39:07.712,2.29045,2.29095,2.20,1.60
2007.11.16 19:39:08.041,2.29045,2.29095,2.20,1.60
2007.11.16 19:39:09.228,2.29045,2.29095,2.20,1.60
2007.11.16 19:39:09.551,2.29045,2.29095,2.20,1.60
2007.11.16 19:39:09.764,2.29045,2.29095,2.20,1.60
2007.11.16 19:39:09.977,2.29065,2.29105,2.20,1.60
2007.11.16 19:39:10.189,2.29065,2.2912,2.20,2.60
2007.11.16 19:39:10.403,2.2907,2.2912,2.20,2.60
2007.11.16 19:39:10.625,2.2907,2.2912,2.20,2.40
2007.11.16 19:39:10.850,2.2907,2.2912,2.20,2.40
2007.11.16 19:39:11.280,2.2907,2.2912,2.20,2.40
2007.11.16 19:39:11.503,2.2907,2.29125,2.20,2.40
2007.11.16 19:39:11.780,2.2907,2.29125,3.00,2.40
2007.11.16 19:39:12.059,2.29085,2.29135,2.20,2.00
2007.11.16 19:39:12.374,2.29085,2.29135,2.20,2.00
2007.11.16 19:39:12.650,2.2909,2.29135,2.20,2.00
2007.11.16 19:39:12.964,2.29075,2.29085,2.20,2.00
2007.11.16 19:39:13.276,2.29075,2.29095,2.20,2.00
2007.11.16 19:39:13.590,2.29075,2.29095,2.20,2.00
2007.11.16 19:39:13.772,2.2908,2.29095,2.20,2.00
2007.11.16 19:39:14.966,2.2908,2.29095,2.20,2.00
2007.11.16 19:39:15.260,2.2908,2.29095,2.20,2.00
2007.11.16 19:39:15.793,2.2908,2.29095,2.20,2.00
2007.11.16 19:39:15.996,2.2908,2.29095,2.20,2.00
2007.11.16 19:39:16.200,2.2908,2.29095,2.20,2.00
2007.11.16 19:39:16.402,2.2908,2.29095,2.20,2.00
2007.11.16 19:39:17.294,2.2908,2.29095,2.20,2.00
2007.11.16 19:39:20.876,2.2908,2.29095,2.20,2.00
2007.11.16 19:39:22.314,2.2908,2.29095,2.20,2.00
2007.11.16 19:39:23.654,2.2908,2.29095,2.20,2.00
2007.11.16 19:39:23.951,2.29095,2.29145,2.20,6.40
2007.11.16 19:39:24.144,2.29095,2.2913,2.20,0.20
2007.11.16 19:39:24.337,2.29095,2.2913,2.20,0.20
2007.11.16 19:39:24.584,2.2908,2.29095,2.20,2.00
2007.11.16 19:39:26.127,2.2908,2.29095,2.20,2.00
2007.11.16 19:39:26.314,2.2908,2.29095,2.20,2.00
2007.11.16 19:39:26.940,2.2908,2.29095,0.70,2.00
2007.11.16 19:39:27.303,2.29075,2.29095,3.80,2.00
2007.11.16 19:39:27.527,2.2908,2.29095,0.90,2.00
2007.11.16 19:39:27.751,2.29075,2.29095,3.80,2.00
2007.11.16 19:39:28.068,2.29085,2.29095,1.10,2.00
2007.11.16 19:39:28.393,2.29075,2.29095,8.60,2.00
2007.11.16 19:39:28.705,2.29075,2.29095,3.50,2.00
2007.11.16 19:39:29.849,2.29075,2.29115,0.80,2.00
2007.11.16 19:39:30.039,2.2907,2.29115,8.00,2.00
2007.11.16 19:39:30.283,2.2908,2.29125,3.00,2.00
2007.11.16 19:39:30.526,2.29085,2.29125,3.80,2.00
2007.11.16 19:39:30.768,2.29085,2.29125,3.80,2.00
2007.11.16 19:39:31.575,2.291,2.29125,0.60,2.00
2007.11.16 19:39:32.366,2.29085,2.29125,3.80,2.00
2007.11.16 19:39:32.620,2.291,2.29125,1.40,2.00
2007.11.16 19:39:32.854,2.29085,2.29115,3.80,2.00
2007.11.16 19:39:36.708,2.29085,2.29115,3.80,2.00
2007.11.16 19:39:36.911,2.29085,2.29115,3.80,4.40
2007.11.16 19:39:37.113,2.29065,2.29115,9.30,4.40
2007.11.16 19:39:37.317,2.2906,2.29115,8.60,4.40
2007.11.16 19:39:38.322,2.29065,2.29115,7.80,4.40
2007.11.16 19:39:41.531,2.2906,2.29115,8.60,4.40
2007.11.16 19:39:42.413,2.2906,2.29115,8.60,4.40
2007.11.16 19:39:43.949,2.2906,2.29115,7.00,4.40
2007.11.16 19:39:44.357,2.29065,2.29115,3.10,4.60
2007.11.16 19:39:44.610,2.29055,2.29105,7.00,2.40
2007.11.16 19:39:44.858,2.29055,2.29105,3.00,2.40
2007.11.16 19:39:45.106,2.29045,2.29105,7.00,4.80
2007.11.16 19:39:45.355,2.29045,2.29105,7.00,6.40
2007.11.16 19:39:45.602,2.2905,2.29095,0.70,2.00
2007.11.16 19:39:47.448,2.29045,2.29095,7.00,2.00
2007.11.16 19:39:48.589,2.29045,2.29095,7.00,2.00
2007.11.16 19:39:48.793,2.29045,2.29095,7.00,2.00
2007.11.16 19:39:50.694,2.29045,2.29095,3.00,2.00
2007.11.16 19:39:50.873,2.29045,2.29095,3.00,2.00
2007.11.16 19:39:51.096,2.29045,2.29095,3.00,2.00
2007.11.16 19:39:51.289,2.29035,2.29095,7.80,2.00
2007.11.16 19:39:51.471,2.2905,2.29095,0.60,2.00
2007.11.16 19:39:51.650,2.2904,2.2909,0.70,2.40
2007.11.16 19:39:52.477,2.29035,2.2909,6.20,2.40
2007.11.16 19:39:55.039,2.2904,2.2909,2.20,2.40
2007.11.16 19:39:55.221,2.2904,2.2909,2.20,2.40
2007.11.16 19:39:55.399,2.2904,2.2909,2.20,2.40
2007.11.16 19:39:55.577,2.2904,2.2909,2.20,2.40
2007.11.16 19:39:55.755,2.29055,2.2909,4.00,2.40
2007.11.16 19:39:55.975,2.29055,2.29095,4.00,2.00
2007.11.16 19:39:56.213,2.2905,2.29095,2.20,2.00
2007.11.16 19:39:56.450,2.2905,2.29095,2.20,2.00
2007.11.16 19:39:56.793,2.2905,2.29095,2.20,2.20
2007.11.16 19:39:56.991,2.2905,2.29095,2.20,2.20
2007.11.16 19:39:57.195,2.29045,2.29095,4.00,4.60
2007.11.16 19:39:57.386,2.29035,2.2909,3.00,2.40
2007.11.16 19:39:59.767,2.29035,2.2909,3.80,2.40
2007.11.16 19:39:59.909,2.2904,2.29095,2.20,6.60
2007.11.16 19:40:00.167,2.2904,2.29095,3.00,6.60
2007.11.16 19:40:00.424,2.2904,2.29095,3.00,6.60
2007.11.16 19:40:00.683,2.2904,2.2908,0.80,2.40
2007.11.16 19:40:00.941,2.2903,2.2908,0.80,2.40
2007.11.16 19:40:02.509,2.2903,2.29085,3.00,2.60
2007.11.16 19:40:03.342,2.2903,2.2908,0.80,2.40
2007.11.16 19:40:04.704,2.2903,2.2908,0.80,2.40
2007.11.16 19:40:04.996,2.2902,2.29075,2.20,2.40
2007.11.16 19:40:05.322,2.2902,2.29075,2.20,2.40
2007.11.16 19:40:05.540,2.2902,2.29075,2.20,2.40
2007.11.16 19:40:05.758,2.2902,2.29075,2.20,2.40
2007.11.16 19:40:05.977,2.2903,2.29075,0.80,2.40
2007.11.16 19:40:06.195,2.2903,2.2908,0.80,2.40
2007.11.16 19:40:06.468,2.2903,2.29085,3.00,2.60
2007.11.16 19:40:06.856,2.2903,2.29085,3.00,2.60
2007.11.16 19:40:07.130,2.2903,2.29085,2.20,2.70
2007.11.16 19:40:07.333,2.29025,2.2908,2.20,2.40
2007.11.16 19:40:07.542,2.29025,2.2908,2.20,2.40
2007.11.16 19:40:07.748,2.29025,2.2908,2.20,2.40
2007.11.16 19:40:07.951,2.29025,2.2908,2.20,2.50
2007.11.16 19:40:08.236,2.29025,2.2908,6.20,2.50
2007.11.16 19:40:08.645,2.29025,2.2908,8.60,2.50
2007.11.16 19:40:08.964,2.2906,2.29105,2.20,2.00
2007.11.16 19:40:09.282,2.2906,2.29105,2.20,2.00
2007.11.16 19:40:10.731,2.2906,2.29105,2.20,2.00
2007.11.16 19:40:10.974,2.2906,2.29105,2.20,2.00
2007.11.16 19:40:11.219,2.2906,2.2911,2.20,2.40
2007.11.16 19:40:11.452,2.2906,2.2911,2.20,2.40
2007.11.16 19:40:11.685,2.2906,2.29115,2.20,2.40
2007.11.16 19:40:11.917,2.29065,2.2912,2.20,2.60
2007.11.16 19:40:12.151,2.29065,2.2912,2.20,2.60
2007.11.16 19:40:12.384,2.29065,2.29115,2.20,0.20
2007.11.16 19:40:12.597,2.29065,2.29115,0.20,8.20
2007.11.16 19:40:12.811,2.29065,2.291,0.20,2.40
2007.11.16 19:40:13.120,2.29065,2.291,0.20,2.40
2007.11.16 19:40:13.333,2.29065,2.291,0.20,2.40
2007.11.16 19:40:13.665,2.29055,2.291,2.10,2.40
2007.11.16 19:40:14.009,2.29055,2.29095,5.90,2.40
2007.11.16 19:40:14.342,2.29065,2.29095,0.70,2.40
2007.11.16 19:40:14.675,2.29075,2.29095,0.40,2.40
2007.11.16 19:40:14.899,2.29065,2.29095,0.40,2.40
2007.11.16 19:40:15.122,2.29065,2.29115,0.40,4.00
2007.11.16 19:40:15.687,2.29065,2.29105,0.40,4.00
2007.11.16 19:40:15.969,2.29065,2.29095,0.40,2.40
2007.11.16 19:40:16.252,2.29065,2.29095,0.40,2.40
2007.11.16 19:40:16.536,2.29075,2.29095,2.30,2.40
2007.11.16 19:40:16.740,2.29085,2.29125,4.00,2.40
2007.11.16 19:40:16.943,2.29095,2.29125,2.20,1.60
2007.11.16 19:40:17.147,2.29095,2.29125,2.20,1.60
2007.11.16 19:40:17.350,2.2908,2.29125,0.50,1.60
2007.11.16 19:40:17.552,2.2908,2.29125,0.50,1.60
2007.11.16 19:40:17.811,2.2908,2.29115,0.50,2.40
2007.11.16 19:40:18.070,2.29075,2.2911,2.60,2.40
2007.11.16 19:40:18.555,2.29075,2.29105,2.60,2.40
2007.11.16 19:40:18.867,2.29095,2.29105,2.00,2.40
2007.11.16 19:40:19.181,2.29095,2.29115,2.00,2.40
2007.11.16 19:40:19.496,2.29105,2.29115,2.00,2.40
2007.11.16 19:40:19.809,2.29105,2.2912,2.00,2.40
2007.11.16 19:40:20.041,2.29105,2.2912,2.00,2.40
2007.11.16 19:40:20.274,2.2909,2.29135,0.60,4.00
2007.11.16 19:40:20.508,2.2909,2.29135,0.60,5.80
2007.11.16 19:40:20.742,2.2908,2.29135,2.80,2.40
2007.11.16 19:40:21.033,2.2908,2.2913,0.60,2.40
2007.11.16 19:40:21.317,2.29075,2.2912,0.60,2.40
2007.11.16 19:40:21.602,2.29075,2.2912,0.60,2.40
2007.11.16 19:40:21.849,2.29075,2.2912,13.10,2.40
2007.11.16 19:40:22.097,2.29085,2.29135,3.80,2.00
2007.11.16 19:40:22.348,2.2909,2.29135,0.60,2.00
2007.11.16 19:40:22.611,2.2909,2.29135,0.60,2.00
2007.11.16 19:40:22.961,2.29095,2.29135,1.60,2.00
2007.11.16 19:40:23.189,2.29095,2.29135,3.80,2.00
2007.11.16 19:40:23.472,2.29095,2.29135,3.80,2.00
2007.11.16 19:40:23.700,2.29095,2.29135,3.80,2.00
2007.11.16 19:40:23.983,2.291,2.29135,2.20,2.00
2007.11.16 19:40:24.266,2.29095,2.29135,1.60,2.00
2007.11.16 19:40:24.550,2.29095,2.29145,1.60,2.40
2007.11.16 19:40:24.833,2.29095,2.2915,3.80,2.40
2007.11.16 19:40:26.579,2.29115,2.2915,0.80,2.40
2007.11.16 19:40:26.819,2.2912,2.29155,2.20,2.00
2007.11.16 19:40:27.077,2.2912,2.29155,2.20,2.00
2007.11.16 19:40:27.502,2.2912,2.29165,2.20,2.80
2007.11.16 19:40:27.760,2.29115,2.29165,8.60,2.80
2007.11.16 19:40:28.742,2.29115,2.29165,8.60,2.80
2007.11.16 19:40:29.059,2.29115,2.29165,8.60,2.80
2007.11.16 19:40:29.233,2.29115,2.29165,8.60,2.80
2007.11.16 19:40:29.405,2.29115,2.29165,7.80,2.80
2007.11.16 19:40:29.645,2.29115,2.29155,8.60,2.00
2007.11.16 19:40:29.820,2.29115,2.29155,7.80,2.00
2007.11.16 19:40:29.996,2.29115,2.29155,8.60,2.00
2007.11.16 19:40:30.259,2.29115,2.29155,7.80,2.00
2007.11.16 19:40:30.584,2.29115,2.29155,7.80,2.00
2007.11.16 19:40:31.335,2.29115,2.29155,7.80,2.00
2007.11.16 19:40:31.568,2.29115,2.29165,7.80,2.80
2007.11.16 19:40:31.801,2.29115,2.29165,8.60,2.80
2007.11.16 19:40:32.034,2.29115,2.29165,8.60,2.80
2007.11.16 19:40:32.332,2.2912,2.29165,2.20,2.80
2007.11.16 19:40:32.647,2.2912,2.29165,2.20,2.80
2007.11.16 19:40:32.944,2.2912,2.29165,2.20,2.80
2007.11.16 19:40:33.281,2.2912,2.29165,2.20,2.80
2007.11.16 19:40:33.525,2.29125,2.29165,1.60,2.80
2007.11.16 19:40:33.767,2.29125,2.29165,1.60,2.80
2007.11.16 19:40:34.010,2.29125,2.29165,3.80,2.80
2007.11.16 19:40:35.796,2.29135,2.29165,4.00,2.80
2007.11.16 19:40:35.980,2.2914,2.29165,2.20,2.00
2007.11.16 19:40:36.162,2.2914,2.29165,2.20,2.00
2007.11.16 19:40:36.421,2.2914,2.29165,2.20,2.00
2007.11.16 19:40:36.678,2.2913,2.29175,2.20,2.00
2007.11.16 19:40:36.937,2.29135,2.29175,4.00,2.00
2007.11.16 19:40:37.194,2.29145,2.29175,2.20,2.00
2007.11.16 19:40:37.452,2.29145,2.29175,2.20,2.00
2007.11.16 19:40:37.687,2.29145,2.29175,2.20,2.00
2007.11.16 19:40:37.965,2.29145,2.29175,2.20,2.00
2007.11.16 19:40:38.198,2.29145,2.29175,2.20,2.00
2007.11.16 19:40:38.431,2.29135,2.29175,7.00,2.00
2007.11.16 19:40:38.764,2.29135,2.29175,7.00,2.00
2007.11.16 19:40:39.097,2.29145,2.29175,2.20,2.00
2007.11.16 19:40:39.801,2.29145,2.29185,2.20,2.80
2007.11.16 19:40:40.107,2.2915,2.29175,2.20,2.00
2007.11.16 19:40:41.200,2.2915,2.29185,2.20,0.80
2007.11.16 19:40:41.523,2.29135,2.29185,4.00,7.20
2007.11.16 19:40:41.686,2.29135,2.29165,4.00,0.80
2007.11.16 19:40:41.966,2.29135,2.29165,2.20,0.80
2007.11.16 19:40:42.305,2.29135,2.29165,2.20,0.80
2007.11.16 19:40:42.583,2.29135,2.29165,2.20,0.80
2007.11.16 19:40:42.861,2.29135,2.29165,2.20,0.80
2007.11.16 19:40:43.271,2.29135,2.29165,2.20,0.80
2007.11.16 19:40:43.660,2.29125,2.29135,1.60,2.00
2007.11.16 19:40:43.970,2.29115,2.29135,5.60,2.00
2007.11.16 19:40:44.254,2.29115,2.29125,5.60,2.00
2007.11.16 19:40:44.537,2.29115,2.29125,5.60,2.00
2007.11.16 19:40:44.720,2.29115,2.29125,5.60,2.00
2007.11.16 19:40:44.903,2.29125,2.29165,2.20,0.80
2007.11.16 19:40:45.088,2.29125,2.29165,2.20,0.80
2007.11.16 19:40:45.308,2.29125,2.29165,2.20,0.80
2007.11.16 19:40:45.492,2.29115,2.29125,1.60,2.00
2007.11.16 19:40:45.776,2.29125,2.29165,2.20,0.80
2007.11.16 19:40:46.059,2.2912,2.29125,2.20,2.00
2007.11.16 19:40:46.341,2.2912,2.29165,2.20,2.80
2007.11.16 19:40:46.723,2.2912,2.29165,2.20,2.80
2007.11.16 19:40:46.977,2.2912,2.29165,2.20,2.80
2007.11.16 19:40:47.730,2.2912,2.29165,2.20,2.80
2007.11.16 19:40:48.122,2.2912,2.29165,2.20,2.80
2007.11.16 19:40:48.375,2.2912,2.29165,2.20,3.00
2007.11.16 19:40:48.628,2.2912,2.29165,2.20,3.00
2007.11.16 19:40:48.915,2.2912,2.29165,2.20,3.00
2007.11.16 19:40:49.203,2.2912,2.29165,2.20,2.00
2007.11.16 19:40:49.497,2.29125,2.29165,2.20,2.00
2007.11.16 19:40:50.043,2.29125,2.29165,2.20,2.20
2007.11.16 19:40:50.256,2.29125,2.29165,2.20,2.20
2007.11.16 19:40:50.475,2.2912,2.29165,2.20,2.20
2007.11.16 19:40:50.682,2.2912,2.29165,2.20,2.20
2007.11.16 19:40:50.880,2.2912,2.29165,2.20,2.20
2007.11.16 19:40:51.334,2.2912,2.29165,2.20,2.20
2007.11.16 19:40:51.547,2.2911,2.29165,2.20,4.60
2007.11.16 19:40:52.063,2.2911,2.29165,2.20,4.60
2007.11.16 19:40:52.748,2.2911,2.29165,2.20,4.60
2007.11.16 19:40:53.756,2.2911,2.29155,2.20,2.00
2007.11.16 19:40:54.729,2.2911,2.29155,2.20,2.00
2007.11.16 19:40:55.024,2.29125,2.29155,2.20,2.00
2007.11.16 19:40:55.244,2.29125,2.29155,2.20,2.00
2007.11.16 19:40:55.463,2.29125,2.29155,2.20,2.00
2007.11.16 19:40:55.803,2.29125,2.29155,2.20,2.00
2007.11.16 19:40:56.061,2.29125,2.29155,3.80,2.00
2007.11.16 19:40:57.137,2.29125,2.29155,3.80,2.00
2007.11.16 19:40:57.777,2.29125,2.29155,3.80,2.00
2007.11.16 19:40:58.297,2.2913,2.29155,2.20,2.00
2007.11.16 19:40:58.608,2.2913,2.29155,2.20,2.00
2007.11.16 19:40:58.910,2.29135,2.29155,2.20,2.00
2007.11.16 19:40:59.127,2.2913,2.29155,2.20,2.00
2007.11.16 19:40:59.346,2.2913,2.29155,2.20,2.00
2007.11.16 19:40:59.564,2.2913,2.29155,2.20,2.00
2007.11.16 19:41:00.637,2.2913,2.29175,2.20,2.00
2007.11.16 19:41:00.891,2.2913,2.29175,2.20,2.00
2007.11.16 19:41:01.143,2.29135,2.29175,2.20,2.00
2007.11.16 19:41:01.671,2.29135,2.29165,2.20,2.00
2007.11.16 19:41:02.203,2.29135,2.29165,2.20,2.00
2007.11.16 19:41:02.442,2.2913,2.29165,2.20,2.00
2007.11.16 19:41:02.679,2.2913,2.29165,2.20,2.00
2007.11.16 19:41:02.918,2.2913,2.2917,2.20,0.20
2007.11.16 19:41:03.205,2.29115,2.2917,3.80,2.60
2007.11.16 19:41:03.585,2.29115,2.2917,3.80,2.60
2007.11.16 19:41:03.872,2.29115,2.29165,3.80,2.00
2007.11.16 19:41:04.160,2.2912,2.29165,2.20,2.00
2007.11.16 19:41:04.377,2.2912,2.29165,2.20,2.00
2007.11.16 19:41:05.035,2.2912,2.29165,2.20,2.00
2007.11.16 19:41:05.777,2.2912,2.29165,2.20,2.00
2007.11.16 19:41:06.088,2.2912,2.29165,2.20,2.00
2007.11.16 19:41:06.312,2.2912,2.29165,2.20,2.00
2007.11.16 19:41:06.857,2.29115,2.29165,3.80,2.00
2007.11.16 19:41:07.039,2.2912,2.29165,1.00,2.00
2007.11.16 19:41:07.341,2.2912,2.29165,1.30,2.00
2007.11.16 19:41:07.821,2.2912,2.29165,1.00,2.00
2007.11.16 19:41:12.860,2.29115,2.29165,3.80,2.00
2007.11.16 19:41:15.089,2.29115,2.29165,3.80,2.00
2007.11.16 19:41:17.592,2.29105,2.29165,12.60,2.00
2007.11.16 19:41:17.845,2.29115,2.29165,3.80,2.00
2007.11.16 19:41:18.721,2.29115,2.29165,7.80,2.00
2007.11.16 19:41:19.009,2.29115,2.29165,7.80,2.00
2007.11.16 19:41:19.578,2.29115,2.29165,7.80,2.00
2007.11.16 19:41:22.419,2.2912,2.29165,0.50,2.00
2007.11.16 19:41:22.676,2.2912,2.29165,0.90,2.00
2007.11.16 19:41:22.934,2.29115,2.29165,9.40,2.00
2007.11.16 19:41:23.191,2.29115,2.29165,9.40,2.00
2007.11.16 19:41:23.449,2.29115,2.29165,9.40,2.00
2007.11.16 19:41:23.707,2.29115,2.29165,9.40,2.00
2007.11.16 19:41:24.092,2.2912,2.29165,1.30,2.00
2007.11.16 19:41:24.352,2.2912,2.29145,1.40,2.00
2007.11.16 19:41:24.618,2.29115,2.29145,1.40,2.00
2007.11.16 19:41:25.106,2.29115,2.29145,3.40,2.00
2007.11.16 19:41:25.299,2.29105,2.29145,14.20,2.00
2007.11.16 19:41:25.600,2.29115,2.29145,7.80,2.00
2007.11.16 19:41:25.816,2.29115,2.29145,2.10,2.00
2007.11.16 19:41:26.076,2.29105,2.29145,14.20,2.00
2007.11.16 19:41:26.329,2.29105,2.29155,15.80,2.00
2007.11.16 19:41:26.841,2.29115,2.29155,3.20,2.00
2007.11.16 19:41:27.095,2.29105,2.29155,16.60,2.00
2007.11.16 19:41:27.935,2.29105,2.29155,16.60,2.00
2007.11.16 19:41:28.662,2.29115,2.29145,1.00,2.00
2007.11.16 19:41:29.109,2.29105,2.29165,14.20,2.80
2007.11.16 19:41:29.344,2.29105,2.29165,13.40,2.80
2007.11.16 19:41:29.706,2.29105,2.2917,15.80,5.20
2007.11.16 19:41:30.030,2.29105,2.2917,16.60,5.20
2007.11.16 19:41:30.646,2.29105,2.29165,17.40,2.80
2007.11.16 19:41:32.955,2.29105,2.29165,17.40,2.80
2007.11.16 19:41:37.981,2.29115,2.29165,7.80,2.80
2007.11.16 19:41:40.063,2.29115,2.29155,7.80,0.50
2007.11.16 19:41:40.351,2.29115,2.29155,7.80,0.80
2007.11.16 19:41:40.686,2.29115,2.29165,7.80,0.80
2007.11.16 19:41:40.964,2.2912,2.29175,2.20,3.40
2007.11.16 19:41:41.279,2.29115,2.29165,7.80,0.80
2007.11.16 19:41:41.598,2.29115,2.2917,7.80,3.20
2007.11.16 19:41:42.541,2.29115,2.2917,7.80,3.20
2007.11.16 19:41:42.830,2.29115,2.29165,7.80,0.80
2007.11.16 19:41:43.198,2.29115,2.2917,7.80,3.20
2007.11.16 19:41:43.615,2.29115,2.29165,7.80,0.80
2007.11.16 19:41:43.943,2.29115,2.2917,9.80,3.20
2007.11.16 19:41:44.270,2.29115,2.2917,9.80,3.20
2007.11.16 19:41:44.599,2.29115,2.2917,9.80,4.80
2007.11.16 19:41:44.777,2.29115,2.2917,9.80,4.80
2007.11.16 19:41:44.954,2.29115,2.29165,9.80,0.70
2007.11.16 19:41:45.132,2.29115,2.29165,9.80,0.50
2007.11.16 19:41:45.311,2.29115,2.2917,9.80,5.00
2007.11.16 19:41:45.489,2.29115,2.2917,9.80,5.00
2007.11.16 19:41:48.026,2.29115,2.29165,9.80,0.50
2007.11.16 19:41:48.227,2.29115,2.29165,8.20,0.70
2007.11.16 19:41:50.008,2.29115,2.2917,8.20,4.80
2007.11.16 19:41:50.225,2.29115,2.2917,8.20,4.80
2007.11.16 19:41:50.437,2.29115,2.29165,8.20,0.70
2007.11.16 19:41:50.731,2.29115,2.29165,6.20,0.70
2007.11.16 19:41:53.058,2.29115,2.29165,6.20,0.70
2007.11.16 19:41:53.832,2.29115,2.2917,6.20,4.80
2007.11.16 19:41:54.075,2.29115,2.29165,7.80,0.50
2007.11.16 19:41:54.317,2.29125,2.2917,1.60,4.80
2007.11.16 19:41:54.559,2.29125,2.29165,1.60,0.90
2007.11.16 19:41:54.803,2.29135,2.29165,2.20,0.80
2007.11.16 19:41:55.086,2.29135,2.29165,2.20,0.50
2007.11.16 19:41:58.078,2.29135,2.29185,2.20,4.40
2007.11.16 19:41:58.807,2.29135,2.29165,2.20,2.40
2007.11.16 19:41:59.848,2.29135,2.29165,2.20,2.40
2007.11.16 19:42:03.102,2.29135,2.29165,2.20,2.40
2007.11.16 19:42:07.550,2.29135,2.29165,2.20,2.40
2007.11.16 19:42:08.280,2.29135,2.29165,2.20,2.40
2007.11.16 19:42:13.048,2.2914,2.29165,2.20,2.40
2007.11.16 19:42:13.303,2.2914,2.29165,2.20,2.40
2007.11.16 19:42:13.571,2.2914,2.29165,2.20,2.40
2007.11.16 19:42:14.761,2.2914,2.29175,2.20,2.40
2007.11.16 19:42:14.919,2.2914,2.29175,2.20,2.40
2007.11.16 19:42:15.077,2.2914,2.29175,2.20,2.40
2007.11.16 19:42:18.328,2.2914,2.29175,2.20,2.40
2007.11.16 19:42:20.694,2.2914,2.29165,2.20,2.00
2007.11.16 19:42:21.019,2.2914,2.29165,2.20,2.00
2007.11.16 19:42:21.522,2.2914,2.29165,2.20,2.00
2007.11.16 19:42:21.711,2.29135,2.29165,2.20,2.00
2007.11.16 19:42:22.052,2.2913,2.29165,2.20,2.00
2007.11.16 19:42:23.352,2.2913,2.29165,2.20,2.00
2007.11.16 19:42:25.999,2.2913,2.29165,2.20,2.00
2007.11.16 19:42:26.273,2.2913,2.29165,2.20,2.00
2007.11.16 19:42:26.546,2.29125,2.29165,2.20,2.00
2007.11.16 19:42:27.028,2.29125,2.29165,2.20,2.00
2007.11.16 19:42:27.255,2.29125,2.29165,2.20,2.00
2007.11.16 19:42:27.484,2.29125,2.29165,2.20,2.00
2007.11.16 19:42:27.712,2.2912,2.29165,2.20,2.00
2007.11.16 19:42:27.939,2.2912,2.29165,2.20,2.00
2007.11.16 19:42:28.384,2.2912,2.29165,2.20,2.00
2007.11.16 19:42:28.822,2.2912,2.29165,2.20,2.00
2007.11.16 19:42:29.420,2.2912,2.29165,2.20,2.00
2007.11.16 19:42:29.709,2.29125,2.29165,2.20,2.00
2007.11.16 19:42:30.078,2.29125,2.29165,2.20,2.00
2007.11.16 19:42:30.365,2.29125,2.29165,2.20,2.00
2007.11.16 19:42:30.624,2.29125,2.29165,2.20,2.00
2007.11.16 19:42:30.976,2.29125,2.29165,2.20,2.00
2007.11.16 19:42:31.236,2.29125,2.29155,2.20,2.00
2007.11.16 19:42:31.484,2.29125,2.29155,2.20,2.00
2007.11.16 19:42:31.732,2.29125,2.29155,2.20,2.00
2007.11.16 19:42:31.981,2.29125,2.29155,2.20,2.00
2007.11.16 19:42:32.229,2.29125,2.29155,2.20,2.00
2007.11.16 19:42:32.486,2.29115,2.29155,2.20,2.00
2007.11.16 19:42:32.744,2.2912,2.29155,2.20,2.00
2007.11.16 19:42:33.003,2.29125,2.29155,2.20,2.00
2007.11.16 19:42:33.407,2.29125,2.29155,2.20,2.00
2007.11.16 19:42:33.765,2.29125,2.29155,2.20,2.00
2007.11.16 19:42:37.714,2.29125,2.29155,2.20,2.00
2007.11.16 19:42:37.888,2.29125,2.29155,2.20,2.00
2007.11.16 19:42:38.056,2.2913,2.29155,2.20,2.00
2007.11.16 19:42:38.429,2.2913,2.29155,2.20,2.00
2007.11.16 19:42:40.933,2.2913,2.29155,2.20,2.00
2007.11.16 19:42:41.175,2.2913,2.29155,2.20,2.00
2007.11.16 19:42:41.603,2.2913,2.29155,2.20,2.00
2007.11.16 19:42:41.626,2.2913,2.29155,1.50,2.00
2007.11.16 19:42:41.846,2.29125,2.29155,2.20,2.00
2007.11.16 19:42:42.114,2.29125,2.29155,2.20,2.00
2007.11.16 19:42:42.382,2.2912,2.29155,2.90,2.00
2007.11.16 19:42:42.650,2.2912,2.29155,2.90,2.00
2007.11.16 19:42:42.916,2.2912,2.29155,2.90,2.00
2007.11.16 19:42:43.184,2.2912,2.29155,2.90,2.00
2007.11.16 19:42:43.592,2.29125,2.29155,2.20,2.00
2007.11.16 19:42:43.860,2.29125,2.29155,2.20,2.00
2007.11.16 19:42:44.755,2.29125,2.29155,2.20,2.00
2007.11.16 19:42:44.984,2.29125,2.29155,2.20,2.00
2007.11.16 19:42:45.256,2.29125,2.29155,2.20,2.00
2007.11.16 19:42:45.483,2.29125,2.29155,2.20,2.00
2007.11.16 19:42:45.712,2.2913,2.29155,2.20,2.00
2007.11.16 19:42:45.947,2.2913,2.29155,2.20,2.00
2007.11.16 19:42:46.168,2.29135,2.29155,2.20,2.00
2007.11.16 19:42:46.537,2.29135,2.29155,2.20,2.00
2007.11.16 19:42:48.487,2.29135,2.29155,2.20,2.00
2007.11.16 19:42:49.670,2.29135,2.29155,2.20,2.00
2007.11.16 19:42:49.972,2.29135,2.29155,2.20,2.00
2007.11.16 19:42:50.148,2.2913,2.29155,2.20,2.00
2007.11.16 19:42:50.321,2.2913,2.29155,2.20,2.00
2007.11.16 19:42:50.494,2.2913,2.29155,2.20,2.00
2007.11.16 19:42:50.667,2.2913,2.29155,2.20,2.00
2007.11.16 19:42:50.840,2.2913,2.29155,2.20,2.00
2007.11.16 19:42:51.013,2.29135,2.29155,2.20,2.00
2007.11.16 19:42:51.408,2.29135,2.29155,2.20,2.00
2007.11.16 19:42:51.741,2.29135,2.29155,6.20,2.00
2007.11.16 19:42:52.074,2.2914,2.29155,2.20,2.00
2007.11.16 19:42:52.253,2.2914,2.29155,2.20,2.00
2007.11.16 19:42:52.429,2.2914,2.29155,2.20,2.00
2007.11.16 19:42:52.608,2.29145,2.29155,2.20,2.00
2007.11.16 19:42:52.834,2.29145,2.29165,2.20,2.00
2007.11.16 19:42:53.011,2.2914,2.29165,2.20,2.00
2007.11.16 19:42:53.189,2.2914,2.29165,2.20,2.00
2007.11.16 19:42:53.627,2.2914,2.29165,2.20,2.00
2007.11.16 19:42:54.359,2.2914,2.29165,2.20,2.00
2007.11.16 19:42:54.603,2.2914,2.29165,2.20,2.00
2007.11.16 19:42:56.778,2.2914,2.29165,2.20,2.00
2007.11.16 19:42:57.067,2.29145,2.29165,2.20,2.00
2007.11.16 19:42:58.320,2.29145,2.29165,2.20,2.00
2007.11.16 19:42:58.537,2.29145,2.29165,2.20,2.00
2007.11.16 19:42:58.742,2.2914,2.29165,2.20,2.00
2007.11.16 19:42:58.944,2.2914,2.29165,2.20,2.00
2007.11.16 19:42:59.147,2.2914,2.29165,2.20,2.00
2007.11.16 19:42:59.349,2.2914,2.29165,2.20,2.00
2007.11.16 19:42:59.683,2.2914,2.29165,2.20,2.00
2007.11.16 19:43:00.016,2.2914,2.29165,2.20,2.00
2007.11.16 19:43:01.768,2.2914,2.29155,2.20,2.00
2007.11.16 19:43:03.270,2.2914,2.29165,2.20,2.00
2007.11.16 19:43:03.556,2.2914,2.29165,2.20,2.00
2007.11.16 19:43:05.052,2.2914,2.29165,2.20,2.00
2007.11.16 19:43:05.362,2.2914,2.29165,2.20,2.00
2007.11.16 19:43:05.780,2.2914,2.29155,2.20,2.00
2007.11.16 19:43:06.100,2.2914,2.29155,2.20,2.00
2007.11.16 19:43:06.308,2.29135,2.29155,2.20,2.00
2007.11.16 19:43:06.516,2.29125,2.29155,0.80,4.40
2007.11.16 19:43:06.726,2.2912,2.29155,0.80,4.40
2007.11.16 19:43:07.013,2.2912,2.29155,0.80,4.40
2007.11.16 19:43:07.303,2.29115,2.2915,1.60,2.40
2007.11.16 19:43:07.592,2.29115,2.29155,1.60,2.00
2007.11.16 19:43:07.848,2.29115,2.29155,1.60,2.00
2007.11.16 19:43:08.086,2.2911,2.29155,0.80,2.00
2007.11.16 19:43:08.324,2.2911,2.29155,0.80,4.40
2007.11.16 19:43:08.582,2.2911,2.29155,0.80,4.40
2007.11.16 19:43:08.843,2.2911,2.29155,0.80,4.40
2007.11.16 19:43:09.110,2.2911,2.29155,0.80,4.40
2007.11.16 19:43:09.379,2.2911,2.29155,0.80,6.80
2007.11.16 19:43:09.646,2.291,2.2915,0.80,2.40
2007.11.16 19:43:10.602,2.291,2.29145,0.80,2.40
2007.11.16 19:43:10.880,2.29105,2.29145,1.60,2.40
2007.11.16 19:43:11.124,2.2911,2.29145,0.80,2.40
2007.11.16 19:43:11.491,2.2911,2.29145,0.80,2.40
2007.11.16 19:43:11.670,2.29105,2.29145,0.80,2.40
2007.11.16 19:43:11.923,2.2911,2.29155,2.20,2.00
2007.11.16 19:43:12.176,2.2911,2.29155,2.20,2.00
2007.11.16 19:43:12.429,2.29115,2.29155,1.60,2.00
2007.11.16 19:43:12.689,2.2912,2.29155,2.20,2.00
2007.11.16 19:43:12.921,2.2912,2.29155,2.20,2.00
2007.11.16 19:43:13.166,2.2912,2.29155,2.20,2.00
2007.11.16 19:43:13.404,2.2912,2.29155,2.20,2.00
2007.11.16 19:43:13.643,2.2912,2.29155,2.20,2.00
2007.11.16 19:43:13.881,2.2912,2.29155,2.20,2.00
2007.11.16 19:43:14.316,2.2912,2.29155,2.20,2.00
2007.11.16 19:43:14.650,2.29125,2.29155,2.20,2.00
2007.11.16 19:43:14.983,2.29125,2.29155,3.80,2.00
2007.11.16 19:43:15.160,2.29125,2.29155,3.80,2.00
2007.11.16 19:43:18.569,2.29125,2.29155,3.80,2.00
2007.11.16 19:43:18.866,2.29125,2.29155,3.80,2.00
2007.11.16 19:43:19.378,2.29125,2.29155,3.80,2.00
2007.11.16 19:43:21.348,2.29125,2.29155,3.80,2.00
2007.11.16 19:43:23.665,2.29125,2.29155,3.80,2.00
2007.11.16 19:43:28.693,2.29125,2.29155,3.80,2.00
2007.11.16 19:43:30.375,2.29115,2.29155,6.20,2.00
2007.11.16 19:43:33.076,2.29125,2.29155,3.80,2.00
2007.11.16 19:43:33.275,2.29125,2.29155,3.80,2.00
2007.11.16 19:43:33.473,2.2913,2.29155,2.20,2.00
2007.11.16 19:43:33.671,2.29125,2.29155,1.60,2.00
2007.11.16 19:43:33.895,2.2912,2.29155,3.00,2.00
2007.11.16 19:43:34.116,2.2912,2.29155,0.80,2.00
2007.11.16 19:43:34.339,2.2912,2.29155,0.80,2.00
2007.11.16 19:43:34.563,2.2912,2.29155,0.80,2.00
2007.11.16 19:43:34.861,2.29115,2.29155,4.60,2.00
2007.11.16 19:43:35.252,2.29115,2.29155,4.60,2.00
2007.11.16 19:43:35.550,2.29115,2.29155,3.80,2.00
2007.11.16 19:43:37.714,2.29115,2.29155,3.80,2.00
2007.11.16 19:43:37.898,2.29115,2.29155,3.80,2.00
2007.11.16 19:43:38.083,2.2912,2.29155,2.20,2.00
2007.11.16 19:43:38.287,2.2912,2.29155,2.20,2.00
2007.11.16 19:43:38.731,2.2912,2.29155,2.20,2.00
2007.11.16 19:43:39.057,2.2912,2.29155,2.20,2.00
2007.11.16 19:43:39.384,2.29125,2.29155,2.20,2.00
2007.11.16 19:43:39.712,2.29125,2.29155,2.20,2.00
2007.11.16 19:43:39.971,2.29125,2.29155,3.80,2.00
2007.11.16 19:43:40.229,2.29125,2.29155,3.80,2.00
2007.11.16 19:43:40.487,2.29135,2.29155,2.20,2.00
2007.11.16 19:43:40.745,2.29135,2.29155,2.20,2.00
2007.11.16 19:43:40.938,2.29135,2.29155,2.20,2.00
2007.11.16 19:43:42.140,2.29135,2.29155,2.20,2.00
2007.11.16 19:43:43.767,2.29135,2.29155,2.20,2.00
2007.11.16 19:43:44.162,2.29135,2.29155,2.20,2.00
2007.11.16 19:43:44.385,2.2913,2.29155,2.20,2.00
2007.11.16 19:43:44.587,2.2913,2.29155,2.20,2.00
2007.11.16 19:43:44.801,2.2913,2.29155,2.20,2.00
2007.11.16 19:43:46.869,2.2913,2.29165,2.20,2.00
2007.11.16 19:43:47.704,2.2913,2.29165,2.20,2.00
2007.11.16 19:43:47.898,2.29125,2.29165,3.80,2.00
2007.11.16 19:43:48.185,2.29125,2.29165,2.20,2.00
2007.11.16 19:43:48.473,2.29145,2.29155,4.00,2.00
2007.11.16 19:43:48.761,2.29145,2.29155,4.00,2.00
2007.11.16 19:43:49.049,2.29145,2.29155,5.60,2.00
2007.11.16 19:43:49.353,2.2915,2.29175,2.20,2.00
2007.11.16 19:43:49.754,2.2915,2.29175,2.20,2.00
2007.11.16 19:43:50.057,2.2915,2.2917,0.80,2.40
2007.11.16 19:43:50.260,2.2915,2.2917,0.80,2.40
2007.11.16 19:43:50.464,2.2915,2.29175,0.80,4.40
2007.11.16 19:43:50.666,2.2915,2.29175,0.80,4.40
2007.11.16 19:43:50.870,2.2915,2.29175,0.80,4.40
2007.11.16 19:43:51.072,2.29145,2.29175,1.60,4.40
2007.11.16 19:43:51.342,2.29155,2.29175,4.80,2.00
2007.11.16 19:43:51.605,2.29155,2.29175,7.00,2.00
2007.11.16 19:43:51.871,2.29155,2.29175,7.00,2.00
2007.11.16 19:43:52.134,2.29155,2.29185,6.20,2.00
2007.11.16 19:43:52.342,2.29155,2.29185,7.80,2.00
2007.11.16 19:43:52.550,2.29155,2.29185,7.80,2.00
2007.11.16 19:43:52.758,2.29155,2.29185,3.80,4.40
2007.11.16 19:43:53.026,2.29155,2.29185,3.80,4.40
2007.11.16 19:43:53.233,2.29155,2.29185,1.60,4.40
2007.11.16 19:43:53.441,2.29145,2.29185,1.60,4.40
2007.11.16 19:43:53.648,2.29145,2.29185,1.60,4.40
2007.11.16 19:43:53.856,2.29145,2.29185,1.60,4.40
2007.11.16 19:43:54.064,2.2914,2.29175,2.20,2.00
2007.11.16 19:43:54.272,2.29135,2.29175,9.40,2.00
2007.11.16 19:43:54.632,2.29135,2.29175,9.40,2.00
2007.11.16 19:43:55.022,2.29135,2.29175,8.60,2.00
2007.11.16 19:43:55.624,2.29135,2.29175,8.60,2.00
2007.11.16 19:43:56.667,2.29135,2.29165,8.60,2.00
2007.11.16 19:43:57.596,2.29135,2.29165,6.40,2.00
2007.11.16 19:43:57.825,2.29135,2.29165,6.40,2.00
2007.11.16 19:43:58.116,2.29135,2.29165,6.40,2.00
2007.11.16 19:43:58.344,2.2914,2.29165,2.20,2.00
2007.11.16 19:43:58.823,2.2914,2.29165,2.20,2.00
2007.11.16 19:43:59.722,2.2914,2.29165,2.20,2.00
2007.11.16 19:43:59.982,2.2914,2.29165,3.00,2.00
2007.11.16 19:44:00.239,2.2914,2.29165,0.80,2.00
2007.11.16 19:44:00.497,2.29125,2.29165,2.20,2.00
2007.11.16 19:44:00.736,2.29125,2.29165,0.80,2.00
2007.11.16 19:44:01.123,2.29125,2.29165,0.80,2.00
2007.11.16 19:44:02.271,2.29125,2.29165,0.80,2.00
2007.11.16 19:44:02.469,2.29125,2.29165,0.80,2.00
2007.11.16 19:44:02.666,2.2912,2.29165,3.00,2.00
2007.11.16 19:44:03.438,2.2912,2.29165,3.00,0.80
2007.11.16 19:44:03.754,2.2912,2.29165,3.00,2.00
2007.11.16 19:44:04.240,2.2912,2.29165,3.00,2.00
2007.11.16 19:44:04.488,2.29125,2.29165,3.80,2.00
2007.11.16 19:44:04.736,2.2913,2.29165,0.80,2.00
2007.11.16 19:44:05.034,2.2913,2.29165,0.80,2.00
2007.11.16 19:44:05.368,2.2913,2.29165,3.00,2.00
2007.11.16 19:44:05.665,2.29135,2.29165,2.20,2.00
2007.11.16 19:44:05.863,2.29135,2.29165,2.20,2.00
2007.11.16 19:44:06.357,2.29135,2.29165,2.20,2.00
2007.11.16 19:44:07.670,2.29135,2.29175,2.20,2.00
2007.11.16 19:44:07.969,2.29135,2.29175,3.00,2.00
2007.11.16 19:44:08.827,2.29135,2.29175,2.20,2.00
2007.11.16 19:44:09.130,2.29135,2.29175,2.20,2.00
2007.11.16 19:44:09.392,2.2914,2.29175,2.20,2.00
2007.11.16 19:44:09.655,2.29135,2.29175,2.20,2.00
2007.11.16 19:44:09.960,2.2914,2.29175,2.20,2.00
2007.11.16 19:44:10.263,2.29145,2.29175,7.20,2.00
2007.11.16 19:44:10.565,2.29155,2.29175,2.20,2.00
2007.11.16 19:44:10.869,2.29155,2.29175,2.20,2.00
2007.11.16 19:44:11.255,2.29155,2.29175,2.20,2.00
2007.11.16 19:44:11.526,2.29155,2.29175,2.20,2.00
2007.11.16 19:44:11.756,2.29155,2.29175,2.20,2.00
2007.11.16 19:44:11.981,2.29145,2.29175,8.60,2.00
2007.11.16 19:44:12.279,2.29145,2.29175,9.40,2.00
2007.11.16 19:44:12.577,2.29155,2.29175,0.80,2.00
2007.11.16 19:44:12.874,2.29155,2.29175,0.80,2.00
2007.11.16 19:44:13.163,2.29155,2.29175,0.80,2.00
2007.11.16 19:44:13.890,2.29155,2.29175,0.80,2.00
2007.11.16 19:44:14.698,2.29155,2.29175,0.80,2.00
2007.11.16 19:44:14.926,2.29155,2.29175,0.80,2.00
2007.11.16 19:44:15.214,2.2915,2.29175,0.80,2.00
2007.11.16 19:44:15.502,2.2915,2.29175,0.80,2.00
2007.11.16 19:44:17.764,2.2915,2.29175,0.80,2.00
2007.11.16 19:44:18.008,2.2915,2.29175,0.80,2.00
2007.11.16 19:44:18.239,2.29135,2.29175,3.00,2.00
2007.11.16 19:44:18.452,2.29135,2.29175,3.00,2.00
2007.11.16 19:44:18.665,2.29135,2.29175,3.00,2.00
2007.11.16 19:44:18.879,2.29135,2.29175,2.20,2.00
2007.11.16 19:44:19.092,2.29135,2.29175,2.20,2.00
2007.11.16 19:44:19.411,2.29135,2.29175,2.20,2.00
2007.11.16 19:44:20.018,2.29135,2.29175,2.20,2.00
2007.11.16 19:44:21.859,2.2913,2.29175,3.00,2.00
2007.11.16 19:44:22.127,2.2913,2.29175,3.00,2.00
2007.11.16 19:44:22.395,2.2913,2.29175,3.00,2.00
2007.11.16 19:44:22.607,2.29145,2.29175,0.80,2.00
2007.11.16 19:44:22.821,2.29145,2.29175,0.80,2.00
2007.11.16 19:44:23.033,2.2915,2.29175,2.20,2.00
2007.11.16 19:44:23.252,2.2915,2.29175,2.20,2.00
2007.11.16 19:44:23.460,2.2916,2.29175,2.20,2.00
2007.11.16 19:44:23.851,2.2916,2.29175,2.20,2.00
2007.11.16 19:44:24.112,2.2916,2.29175,2.20,2.00
2007.11.16 19:44:24.376,2.2916,2.29175,2.20,2.00
2007.11.16 19:44:24.649,2.2916,2.29175,2.20,2.00
2007.11.16 19:44:25.012,2.2916,2.29175,2.20,2.00
2007.11.16 19:44:25.286,2.2916,2.29175,2.20,2.00
2007.11.16 19:44:25.558,2.29155,2.29175,1.60,2.00
2007.11.16 19:44:25.771,2.29165,2.29175,4.00,2.00
2007.11.16 19:44:25.984,2.29175,2.29225,2.20,2.70
2007.11.16 19:44:26.197,2.29175,2.29185,3.80,2.00
2007.11.16 19:44:26.410,2.29175,2.29185,3.80,2.00
2007.11.16 19:44:26.861,2.29175,2.29185,3.80,2.00
2007.11.16 19:44:27.376,2.29175,2.29185,3.80,2.00
2007.11.16 19:44:28.301,2.29175,2.29185,3.80,2.00
2007.11.16 19:44:28.962,2.29175,2.29185,3.80,2.00
2007.11.16 19:44:29.318,2.29175,2.29185,3.80,2.00
2007.11.16 19:44:29.627,2.29175,2.29185,3.80,2.00
2007.11.16 19:44:29.835,2.29175,2.29185,3.80,2.00
2007.11.16 19:44:30.113,2.29175,2.29185,3.80,2.00
2007.11.16 19:44:30.593,2.29175,2.29185,3.80,2.00
2007.11.16 19:44:30.872,2.29175,2.29185,3.80,2.00
2007.11.16 19:44:31.011,2.29175,2.29185,3.80,2.00
2007.11.16 19:44:31.148,2.29175,2.29185,2.20,2.00
2007.11.16 19:44:31.287,2.29175,2.29185,2.20,2.00
2007.11.16 19:44:31.425,2.29175,2.29185,2.20,2.00
2007.11.16 19:44:31.563,2.29165,2.29175,1.60,2.00
2007.11.16 19:44:31.701,2.29175,2.29225,2.20,8.80
2007.11.16 19:44:31.854,2.2917,2.29175,2.20,2.00
2007.11.16 19:44:31.991,2.2917,2.29175,2.20,2.00
2007.11.16 19:44:32.330,2.2917,2.29175,2.20,2.00
2007.11.16 19:44:32.657,2.29175,2.29185,2.20,2.00
2007.11.16 19:44:32.990,2.29175,2.29205,2.20,2.40
2007.11.16 19:44:33.168,2.29165,2.29175,2.20,2.00
2007.11.16 19:44:33.411,2.29155,2.29175,3.80,2.00
2007.11.16 19:44:33.987,2.29155,2.29175,3.80,2.00
2007.11.16 19:44:34.723,2.29165,2.29175,4.00,2.00
2007.11.16 19:44:34.992,2.29165,2.29175,5.60,2.00
2007.11.16 19:44:35.251,2.29165,2.29175,5.60,2.00
2007.11.16 19:44:35.506,2.2917,2.29175,2.20,2.00
2007.11.16 19:44:36.178,2.2917,2.29175,2.20,2.00
2007.11.16 19:44:37.704,2.2917,2.29175,2.20,2.00
2007.11.16 19:44:37.877,2.2917,2.29225,3.00,4.80
2007.11.16 19:44:38.049,2.2917,2.29225,3.00,4.80
2007.11.16 19:44:38.312,2.29175,2.29195,3.80,2.00
2007.11.16 19:44:38.576,2.29175,2.29195,3.80,2.00
2007.11.16 19:44:38.838,2.29175,2.29195,1.60,2.00
2007.11.16 19:44:39.198,2.29175,2.29225,1.60,4.80
2007.11.16 19:44:39.412,2.29175,2.29225,3.80,2.40
2007.11.16 19:44:39.655,2.29175,2.2923,3.80,2.40
2007.11.16 19:44:39.868,2.2918,2.2923,0.80,2.40
2007.11.16 19:44:40.151,2.2918,2.29235,3.00,4.40
2007.11.16 19:44:40.453,2.29185,2.29235,2.20,2.00
2007.11.16 19:44:41.804,2.2918,2.29235,3.00,4.40
2007.11.16 19:44:43.645,2.29185,2.29235,4.00,4.40
2007.11.16 19:44:43.891,2.2919,2.29235,2.20,2.00
2007.11.16 19:44:44.079,2.2919,2.29235,2.20,2.00
2007.11.16 19:44:44.267,2.2919,2.29245,2.20,4.40
2007.11.16 19:44:44.576,2.29195,2.29245,2.20,2.00
2007.11.16 19:44:44.884,2.29205,2.29245,2.20,2.00
2007.11.16 19:44:45.192,2.29205,2.29245,2.20,2.00
2007.11.16 19:44:45.354,2.29205,2.29245,2.20,2.00
2007.11.16 19:44:45.659,2.29205,2.29245,2.20,2.00
2007.11.16 19:44:46.245,2.29205,2.29245,2.20,2.00
2007.11.16 19:44:46.886,2.29205,2.29245,2.20,2.00
2007.11.16 19:44:47.592,2.29205,2.29245,2.20,2.00
2007.11.16 19:44:47.750,2.29205,2.29245,6.20,2.00
2007.11.16 19:44:47.909,2.29215,2.29235,2.20,2.00
2007.11.16 19:44:48.065,2.29215,2.29235,2.20,2.00
2007.11.16 19:44:48.332,2.29215,2.29235,2.20,2.00
2007.11.16 19:44:49.047,2.29215,2.29235,2.20,2.00
2007.11.16 19:44:49.299,2.29225,2.29235,4.00,2.00
2007.11.16 19:44:49.561,2.29225,2.29235,4.00,2.00
2007.11.16 19:44:49.825,2.29225,2.29235,6.20,2.00
2007.11.16 19:44:49.895,2.29225,2.29235,6.20,0.60
2007.11.16 19:44:50.088,2.2923,2.29235,2.20,0.80
2007.11.16 19:44:50.351,2.2923,2.29235,2.20,0.90
2007.11.16 19:44:51.214,2.2923,2.29245,2.20,0.50
2007.11.16 19:44:51.422,2.2923,2.29245,2.20,0.90
2007.11.16 19:44:51.650,2.29235,2.29245,2.20,0.80
2007.11.16 19:44:51.878,2.29235,2.29245,2.20,0.60
2007.11.16 19:44:52.107,2.29235,2.29245,1.60,0.80
2007.11.16 19:44:52.334,2.29235,2.29245,3.80,0.80
2007.11.16 19:44:52.626,2.29235,2.29245,3.80,0.70
2007.11.16 19:44:54.011,2.29235,2.29255,3.80,0.80
2007.11.16 19:44:54.247,2.29235,2.29255,3.80,0.50
2007.11.16 19:44:54.460,2.29235,2.29255,3.80,0.70
2007.11.16 19:44:54.728,2.29245,2.29255,1.60,0.80
2007.11.16 19:44:54.995,2.29245,2.29255,1.60,0.60
2007.11.16 19:44:55.264,2.29245,2.29255,1.60,0.90
2007.11.16 19:44:55.532,2.29245,2.29255,1.60,0.50
2007.11.16 19:44:56.184,2.29235,2.29295,1.60,8.80
2007.11.16 19:44:56.824,2.29235,2.29285,1.60,0.70
2007.11.16 19:44:57.050,2.29235,2.2928,1.60,0.90
2007.11.16 19:44:57.384,2.29235,2.2928,1.60,0.80
2007.11.16 19:44:57.753,2.29245,2.29295,1.60,14.80
2007.11.16 19:44:57.937,2.29245,2.29285,1.60,0.50
2007.11.16 19:44:58.120,2.29235,2.29285,1.60,0.60
2007.11.16 19:44:58.308,2.29235,2.29295,1.60,10.80
2007.11.16 19:44:58.837,2.29235,2.29295,1.60,10.80
2007.11.16 19:44:59.104,2.29235,2.29295,1.60,10.80
2007.11.16 19:44:59.357,2.29235,2.29295,1.60,10.80
2007.11.16 19:45:00.643,2.29235,2.29295,1.60,6.80
2007.11.16 19:45:00.844,2.29245,2.29305,1.60,9.20
2007.11.16 19:45:01.099,2.29245,2.29305,1.60,9.20
2007.11.16 19:45:01.306,2.29245,2.293,3.80,4.40
2007.11.16 19:45:02.185,2.29245,2.29295,1.60,0.80
2007.11.16 19:45:02.412,2.29245,2.2931,1.60,2.60
2007.11.16 19:45:03.265,2.29245,2.29295,1.60,4.40
2007.11.16 19:45:03.488,2.29245,2.2929,1.60,4.40
2007.11.16 19:45:04.125,2.29245,2.29275,1.60,0.80
2007.11.16 19:45:06.562,2.29245,2.29275,1.60,0.90
2007.11.16 19:45:06.730,2.29245,2.2929,1.60,4.40
2007.11.16 19:45:07.000,2.29245,2.29285,1.60,4.40
2007.11.16 19:45:07.328,2.29245,2.29275,1.60,0.50
2007.11.16 19:45:07.838,2.29245,2.29285,1.60,4.40
2007.11.16 19:45:08.388,2.29245,2.29275,1.60,0.60
2007.11.16 19:45:09.152,2.29245,2.29275,1.60,0.80
2007.11.16 19:45:10.646,2.29245,2.29285,1.60,4.40
2007.11.16 19:45:10.954,2.29245,2.29275,1.60,0.80
2007.11.16 19:45:11.204,2.29245,2.29285,1.60,4.40
2007.11.16 19:45:11.367,2.29245,2.29285,1.60,4.40
2007.11.16 19:45:11.505,2.29245,2.29275,1.60,0.50
2007.11.16 19:45:11.643,2.2925,2.29295,2.20,4.40
2007.11.16 19:45:11.891,2.2925,2.29275,2.20,0.60
2007.11.16 19:45:12.028,2.29255,2.29275,1.60,0.70
2007.11.16 19:45:12.351,2.29255,2.29295,3.80,4.40
2007.11.16 19:45:12.681,2.2926,2.29285,2.20,0.80
2007.11.16 19:45:12.997,2.2926,2.29275,2.20,0.60
2007.11.16 19:45:13.201,2.2926,2.29275,2.20,0.80
2007.11.16 19:45:13.404,2.2926,2.29275,2.20,0.90
2007.11.16 19:45:14.170,2.2926,2.29275,2.20,0.50
2007.11.16 19:45:14.375,2.2926,2.29295,2.20,4.40
2007.11.16 19:45:14.579,2.2926,2.29285,2.20,0.90
2007.11.16 19:45:16.747,2.2926,2.29295,2.20,0.80
2007.11.16 19:45:16.910,2.2926,2.29295,2.20,0.90
2007.11.16 19:45:17.747,2.2926,2.29285,2.20,2.00
2007.11.16 19:45:18.175,2.2926,2.29275,2.20,2.00
2007.11.16 19:45:18.363,2.2926,2.29275,2.20,2.00
2007.11.16 19:45:19.342,2.2926,2.29275,2.20,2.00
2007.11.16 19:45:20.661,2.2926,2.29285,2.20,2.00
2007.11.16 19:45:20.919,2.2926,2.29285,2.20,2.00
2007.11.16 19:45:21.706,2.2926,2.29285,2.20,2.00
2007.11.16 19:45:21.879,2.2926,2.29285,2.20,2.00
2007.11.16 19:45:22.092,2.2926,2.29285,2.20,2.00
2007.11.16 19:45:24.367,2.2926,2.29285,2.20,2.00
2007.11.16 19:45:28.325,2.29255,2.29285,3.80,2.00
2007.11.16 19:45:29.383,2.29255,2.29285,3.80,2.00
2007.11.16 19:45:29.647,2.29255,2.29285,3.80,2.00
2007.11.16 19:45:29.946,2.29265,2.29275,2.20,2.00
2007.11.16 19:45:30.244,2.29265,2.29275,3.80,2.00
2007.11.16 19:45:30.542,2.29265,2.29275,3.80,2.00
2007.11.16 19:45:30.720,2.29265,2.29275,3.80,2.00
2007.11.16 19:45:32.636,2.29265,2.29275,3.80,2.00
2007.11.16 19:45:32.835,2.29265,2.29275,2.20,2.00
2007.11.16 19:45:33.033,2.29245,2.29275,1.60,2.00
2007.11.16 19:45:33.231,2.29245,2.29275,1.60,2.00
2007.11.16 19:45:33.428,2.29245,2.29275,1.60,2.00
2007.11.16 19:45:33.644,2.29245,2.29275,1.60,2.00
2007.11.16 19:45:34.265,2.29245,2.29265,1.60,2.00
2007.11.16 19:45:34.593,2.29245,2.29265,1.60,2.00
2007.11.16 19:45:35.043,2.29245,2.29265,1.60,2.00
2007.11.16 19:45:35.301,2.29245,2.29265,5.60,2.00
2007.11.16 19:45:35.559,2.29245,2.29265,5.60,2.00
2007.11.16 19:45:35.794,2.29245,2.29275,5.60,2.00
2007.11.16 19:45:36.027,2.29245,2.29275,5.60,2.00
2007.11.16 19:45:36.350,2.29245,2.29275,5.60,2.00
2007.11.16 19:45:36.724,2.29245,2.29265,5.60,2.00
2007.11.16 19:45:36.938,2.29245,2.29265,5.60,2.00
2007.11.16 19:45:37.141,2.29245,2.29265,1.60,2.00
2007.11.16 19:45:37.382,2.29245,2.29265,1.60,2.00
2007.11.16 19:45:37.590,2.29225,2.29265,6.20,2.00
2007.11.16 19:45:37.825,2.29225,2.29265,6.20,2.00
2007.11.16 19:45:38.120,2.29215,2.29265,6.20,2.00
2007.11.16 19:45:38.586,2.29215,2.29245,6.20,2.00
2007.11.16 19:45:38.879,2.29215,2.29245,2.20,2.00
2007.11.16 19:45:39.108,2.29215,2.29255,2.20,2.00
2007.11.16 19:45:39.335,2.2922,2.29255,2.20,2.00
2007.11.16 19:45:39.563,2.29225,2.29255,4.00,2.00
2007.11.16 19:45:39.791,2.29225,2.29255,4.00,2.00
2007.11.16 19:45:40.114,2.29225,2.29255,4.00,2.00
2007.11.16 19:45:40.576,2.29225,2.29265,4.00,2.00
2007.11.16 19:45:40.900,2.29225,2.29265,6.20,2.00
2007.11.16 19:45:41.145,2.29225,2.29265,6.20,2.00
2007.11.16 19:45:41.328,2.29225,2.29265,4.00,2.00
2007.11.16 19:45:41.512,2.29225,2.29265,4.00,4.40
2007.11.16 19:45:41.695,2.29215,2.29265,6.20,6.80
2007.11.16 19:45:41.878,2.29215,2.29265,6.20,6.80
2007.11.16 19:45:42.146,2.29215,2.29265,6.20,7.60
2007.11.16 19:45:42.414,2.29215,2.29255,4.00,0.20
2007.11.16 19:45:42.682,2.29195,2.2924,4.00,2.40
2007.11.16 19:45:42.951,2.29185,2.2924,6.20,2.40
2007.11.16 19:45:43.134,2.29185,2.2924,6.20,2.40
2007.11.16 19:45:43.317,2.29185,2.2924,6.20,2.40
2007.11.16 19:45:43.500,2.29185,2.2924,6.20,2.60
2007.11.16 19:45:43.683,2.29185,2.2924,2.20,2.60
2007.11.16 19:45:43.992,2.2918,2.29235,2.20,2.40
2007.11.16 19:45:44.293,2.29175,2.2922,6.00,2.40
2007.11.16 19:45:44.608,2.29185,2.2922,2.00,2.40
2007.11.16 19:45:45.163,2.29185,2.29235,2.00,2.40
2007.11.16 19:45:45.402,2.29185,2.29235,2.00,2.40
2007.11.16 19:45:45.640,2.29185,2.29235,6.00,2.40
2007.11.16 19:45:45.877,2.29185,2.29235,6.00,2.40
2007.11.16 19:45:46.115,2.2919,2.29245,2.20,2.40
2007.11.16 19:45:46.333,2.2919,2.2923,2.20,0.20
2007.11.16 19:45:46.551,2.29185,2.29225,2.00,2.40
2007.11.16 19:45:46.769,2.29185,2.29225,2.00,2.40
2007.11.16 19:45:46.987,2.29185,2.2922,2.00,2.40
2007.11.16 19:45:47.231,2.29185,2.29235,2.00,2.40
2007.11.16 19:45:47.474,2.29185,2.29235,2.00,2.40
2007.11.16 19:45:47.530,2.29185,2.29245,2.00,10.60
2007.11.16 19:45:47.717,2.29185,2.29245,2.00,10.60
2007.11.16 19:45:47.960,2.29185,2.2924,4.20,0.70
2007.11.16 19:45:48.203,2.29185,2.2924,4.20,0.50
2007.11.16 19:45:48.462,2.29185,2.29245,4.20,10.80
2007.11.16 19:45:48.725,2.2919,2.29245,2.20,8.00
2007.11.16 19:45:48.983,2.29195,2.29245,2.20,0.60
2007.11.16 19:45:49.241,2.29195,2.29245,2.20,0.50
2007.11.16 19:45:49.485,2.29195,2.2925,2.20,6.40
2007.11.16 19:45:49.723,2.292,2.29255,2.20,0.80
2007.11.16 19:45:49.972,2.292,2.2926,2.20,12.60
2007.11.16 19:45:50.210,2.2921,2.29255,2.20,0.70
2007.11.16 19:45:50.497,2.2921,2.2926,2.20,6.80
2007.11.16 19:45:50.784,2.2921,2.29255,2.20,0.80
2007.11.16 19:45:51.079,2.29215,2.29265,2.20,8.40
2007.11.16 19:45:51.666,2.29215,2.29265,2.20,6.40
2007.11.16 19:45:51.899,2.29215,2.29265,2.20,4.80
2007.11.16 19:45:52.138,2.29215,2.29255,2.20,0.90
2007.11.16 19:45:53.056,2.29215,2.2927,2.20,4.80
2007.11.16 19:45:53.255,2.29215,2.2927,2.20,0.80
2007.11.16 19:45:53.449,2.2923,2.29285,2.20,6.80
2007.11.16 19:45:54.237,2.2923,2.29285,2.20,6.80
2007.11.16 19:45:54.500,2.2923,2.29285,2.20,6.80
2007.11.16 19:45:55.089,2.2923,2.29285,2.20,6.80
2007.11.16 19:45:57.162,2.2923,2.29285,2.20,6.80
2007.11.16 19:45:57.613,2.2923,2.29285,2.20,6.80
2007.11.16 19:45:58.152,2.29225,2.29275,2.20,0.60
2007.11.16 19:45:58.691,2.29225,2.2928,2.20,6.80
2007.11.16 19:45:58.909,2.29225,2.29275,2.20,0.70
2007.11.16 19:45:59.225,2.29225,2.29265,2.20,0.90
2007.11.16 19:45:59.443,2.2922,2.29265,2.20,0.50
2007.11.16 19:45:59.681,2.2922,2.29265,2.20,0.60
2007.11.16 19:45:59.919,2.2922,2.29275,2.20,6.80
2007.11.16 19:46:00.157,2.2922,2.29275,2.20,6.80
2007.11.16 19:46:00.395,2.2922,2.29275,2.20,6.80
2007.11.16 19:46:00.633,2.2922,2.29275,2.20,8.40
2007.11.16 19:46:00.951,2.29215,2.2927,2.20,4.40
2007.11.16 19:46:01.269,2.2922,2.29255,2.20,0.60
2007.11.16 19:46:02.257,2.2922,2.29265,2.20,4.40
2007.11.16 19:46:02.633,2.29225,2.29265,2.20,4.40
2007.11.16 19:46:02.826,2.29225,2.29265,2.20,4.40
2007.11.16 19:46:03.178,2.29225,2.29265,2.20,0.90
2007.11.16 19:46:03.371,2.29225,2.29275,2.20,14.00
2007.11.16 19:46:03.554,2.2923,2.29265,2.20,0.70
2007.11.16 19:46:03.817,2.2923,2.29275,2.20,6.00
2007.11.16 19:46:04.080,2.2923,2.29275,2.20,6.00
2007.11.16 19:46:04.367,2.29225,2.29275,2.20,6.00
2007.11.16 19:46:04.746,2.29225,2.29265,2.20,0.60
2007.11.16 19:46:04.939,2.29225,2.29265,2.20,0.80
2007.11.16 19:46:05.132,2.29225,2.29265,2.20,0.50
2007.11.16 19:46:05.392,2.29225,2.29275,2.20,12.40
2007.11.16 19:46:06.325,2.29225,2.29275,2.20,12.40
2007.11.16 19:46:07.215,2.29225,2.29265,2.20,0.50
2007.11.16 19:46:07.379,2.29225,2.29265,2.20,0.70
2007.11.16 19:46:07.727,2.29225,2.29255,2.20,0.90
2007.11.16 19:46:08.060,2.2922,2.29265,2.20,4.40
2007.11.16 19:46:08.393,2.2922,2.29255,2.20,0.80
2007.11.16 19:46:09.585,2.2922,2.29255,2.20,0.90
2007.11.16 19:46:09.731,2.2922,2.29275,2.20,6.80
2007.11.16 19:46:10.064,2.2922,2.2927,2.20,4.80
2007.11.16 19:46:10.397,2.29225,2.29265,2.20,0.60
2007.11.16 19:46:10.730,2.29215,2.29265,3.80,0.90
2007.11.16 19:46:10.918,2.29215,2.29255,3.80,0.90
2007.11.16 19:46:11.337,2.2922,2.29265,2.20,4.40
2007.11.16 19:46:11.661,2.2922,2.29265,2.20,8.40
2007.11.16 19:46:11.853,2.2922,2.29255,2.20,0.60
2007.11.16 19:46:12.134,2.2922,2.29265,2.20,8.60
2007.11.16 19:46:12.417,2.29215,2.29265,2.20,8.60
2007.11.16 19:46:12.962,2.29215,2.29265,2.20,8.40
2007.11.16 19:46:13.160,2.2923,2.29255,2.20,0.50
2007.11.16 19:46:13.358,2.2923,2.29275,2.20,4.40
2007.11.16 19:46:13.556,2.29235,2.29255,2.20,0.50
2007.11.16 19:46:13.754,2.29235,2.29275,2.20,0.60
2007.11.16 19:46:14.046,2.2924,2.29275,2.20,0.70
2007.11.16 19:46:14.340,2.2924,2.29295,2.20,15.00
2007.11.16 19:46:14.633,2.2924,2.29275,2.20,0.60
2007.11.16 19:46:14.927,2.2924,2.29295,2.20,15.00
2007.11.16 19:46:16.325,2.2924,2.29275,2.20,0.70
2007.11.16 19:46:16.986,2.2924,2.2929,2.20,4.40
2007.11.16 19:46:17.260,2.2924,2.29275,2.20,0.80
2007.11.16 19:46:17.533,2.2923,2.2928,2.20,6.80
2007.11.16 19:46:17.891,2.29225,2.29295,3.80,16.40
2007.11.16 19:46:18.257,2.29225,2.29275,3.80,0.60
2007.11.16 19:46:18.481,2.29225,2.29285,1.60,6.80
2007.11.16 19:46:18.703,2.29225,2.29275,1.60,0.60
2007.11.16 19:46:18.927,2.29225,2.29275,1.60,10.80
2007.11.16 19:46:19.150,2.29225,2.29265,1.60,0.80
2007.11.16 19:46:19.433,2.29225,2.29275,1.60,8.40
2007.11.16 19:46:19.724,2.29225,2.29275,1.60,8.40
2007.11.16 19:46:21.650,2.29225,2.29265,1.60,0.90
2007.11.16 19:46:21.819,2.29225,2.29265,1.60,0.90
2007.11.16 19:46:21.986,2.29225,2.29275,1.60,10.80
2007.11.16 19:46:22.244,2.29215,2.29275,1.60,10.80
2007.11.16 19:46:22.646,2.29215,2.29265,3.80,0.80
2007.11.16 19:46:22.904,2.29215,2.2927,3.80,4.40
2007.11.16 19:46:23.162,2.29215,2.2927,3.80,4.40
2007.11.16 19:46:24.083,2.2922,2.29265,2.20,0.70
2007.11.16 19:46:24.651,2.2922,2.29265,2.20,0.80
2007.11.16 19:46:26.278,2.2922,2.29285,2.20,10.40
2007.11.16 19:46:26.785,2.2922,2.29275,2.20,0.80
2007.11.16 19:46:26.914,2.2923,2.29285,2.20,0.90
2007.11.16 19:46:27.364,2.2923,2.29295,2.20,14.80
2007.11.16 19:46:27.662,2.2923,2.29295,2.20,14.80
2007.11.16 19:46:28.143,2.2923,2.29295,2.20,14.80
2007.11.16 19:46:29.064,2.2923,2.29285,2.20,0.90
2007.11.16 19:46:29.267,2.2923,2.29295,2.20,13.20
2007.11.16 19:46:29.460,2.2923,2.29285,2.20,0.60
2007.11.16 19:46:29.672,2.2923,2.29295,2.20,13.20
2007.11.16 19:46:33.073,2.2923,2.29295,2.20,13.20
2007.11.16 19:46:33.395,2.2923,2.29295,2.20,13.20
2007.11.16 19:46:33.573,2.2923,2.29295,2.20,12.40
2007.11.16 19:46:33.751,2.2923,2.29295,2.20,8.40
2007.11.16 19:46:33.930,2.29235,2.29295,2.20,6.00
2007.11.16 19:46:34.174,2.2924,2.29295,2.20,6.00
2007.11.16 19:46:34.604,2.2923,2.29295,2.20,6.00
2007.11.16 19:46:34.937,2.2923,2.29295,2.20,4.00
2007.11.16 19:46:35.333,2.29235,2.29295,2.20,4.00
2007.11.16 19:46:36.043,2.29235,2.29285,2.20,0.70
2007.11.16 19:46:36.312,2.29235,2.29285,2.20,0.80
2007.11.16 19:46:36.580,2.29235,2.29295,2.20,4.00
2007.11.16 19:46:36.802,2.29235,2.29295,2.20,4.00
2007.11.16 19:46:37.825,2.29235,2.29295,2.20,4.00
2007.11.16 19:46:38.043,2.29235,2.29295,2.20,4.00
2007.11.16 19:46:38.261,2.29235,2.2929,3.80,0.90
2007.11.16 19:46:38.484,2.2924,2.293,2.20,2.60
2007.11.16 19:46:39.491,2.2924,2.293,2.20,2.60
2007.11.16 19:46:39.865,2.29235,2.29295,3.80,2.40
2007.11.16 19:46:43.370,2.29235,2.2929,1.20,2.40
2007.11.16 19:46:43.944,2.29225,2.2929,7.40,2.40
2007.11.16 19:46:44.168,2.29235,2.2929,1.10,2.40
2007.11.16 19:46:44.409,2.2924,2.29295,0.70,6.40
2007.11.16 19:46:44.740,2.2924,2.29295,0.70,6.40
2007.11.16 19:46:44.931,2.29235,2.29295,3.80,6.40
2007.11.16 19:46:45.344,2.29235,2.2929,1.60,2.40
2007.11.16 19:46:46.064,2.2923,2.29285,3.80,2.40
2007.11.16 19:46:46.413,2.29235,2.29285,0.80,2.40
2007.11.16 19:46:46.831,2.2923,2.29285,3.80,2.40
2007.11.16 19:46:47.857,2.29235,2.29285,0.80,2.40
2007.11.16 19:46:48.380,2.29235,2.29285,1.30,2.40
2007.11.16 19:46:49.761,2.29225,2.29285,7.40,2.40
2007.11.16 19:46:50.677,2.29225,2.29285,5.40,2.40
2007.11.16 19:46:50.956,2.29235,2.29285,0.90,2.40
2007.11.16 19:46:54.791,2.29235,2.29285,0.80,2.40
2007.11.16 19:46:56.134,2.29235,2.29285,0.50,2.40
2007.11.16 19:46:59.802,2.29235,2.29285,0.60,2.40
2007.11.16 19:47:00.311,2.2923,2.29285,3.80,2.40
2007.11.16 19:47:01.983,2.29225,2.29285,4.40,2.40
2007.11.16 19:47:02.180,2.29215,2.2928,11.20,2.40
2007.11.16 19:47:04.829,2.29215,2.2928,11.20,2.40
2007.11.16 19:47:08.607,2.2923,2.29285,2.20,2.40
2007.11.16 19:47:09.842,2.2923,2.29285,2.20,2.40
2007.11.16 19:47:10.754,2.2923,2.29285,2.20,2.40
2007.11.16 19:47:10.982,2.2923,2.29285,2.20,4.80
2007.11.16 19:47:11.209,2.29235,2.29285,2.20,4.80
2007.11.16 19:47:11.438,2.29235,2.29285,2.20,4.80
2007.11.16 19:47:12.357,2.29235,2.29285,2.20,4.80
2007.11.16 19:47:14.875,2.29235,2.29285,2.20,4.80
2007.11.16 19:47:15.634,2.29235,2.29285,2.20,4.80
2007.11.16 19:47:15.966,2.2924,2.29285,2.20,2.40
2007.11.16 19:47:16.371,2.29245,2.29285,2.20,2.40
2007.11.16 19:47:16.945,2.29245,2.29285,2.20,2.40
2007.11.16 19:47:17.172,2.29245,2.29285,6.20,2.40
2007.11.16 19:47:17.330,2.29245,2.29295,6.20,4.40
2007.11.16 19:47:17.656,2.29245,2.2929,4.00,2.40
2007.11.16 19:47:19.824,2.29245,2.2929,4.00,2.40
2007.11.16 19:47:20.128,2.29245,2.29295,4.00,4.40
2007.11.16 19:47:20.320,2.2924,2.29295,2.20,4.40
2007.11.16 19:47:20.513,2.2924,2.29295,2.20,4.40
2007.11.16 19:47:22.389,2.2924,2.29295,2.20,4.40
2007.11.16 19:47:22.841,2.2924,2.29285,2.20,2.00
2007.11.16 19:47:23.115,2.29235,2.29285,3.80,2.00
2007.11.16 19:47:23.387,2.29235,2.29285,3.80,2.00
2007.11.16 19:47:23.660,2.2924,2.29285,2.20,2.00
2007.11.16 19:47:24.923,2.2924,2.29285,2.20,2.00
2007.11.16 19:47:25.261,2.2924,2.29285,1.00,2.00
2007.11.16 19:47:25.858,2.29235,2.29285,1.50,2.00
2007.11.16 19:47:26.132,2.29225,2.29285,5.40,2.00
2007.11.16 19:47:26.405,2.2924,2.29285,2.20,2.00
2007.11.16 19:47:27.917,2.2924,2.29285,2.20,2.00
2007.11.16 19:47:28.333,2.29235,2.29285,3.80,2.00
2007.11.16 19:47:28.647,2.29235,2.29285,3.80,4.40
2007.11.16 19:47:29.949,2.29235,2.29285,3.80,4.40
2007.11.16 19:47:30.842,2.29235,2.29285,3.80,4.40
2007.11.16 19:47:31.162,2.29235,2.29285,3.80,4.40
2007.11.16 19:47:31.450,2.29225,2.2928,3.80,2.40
2007.11.16 19:47:31.649,2.29225,2.2928,3.80,2.40
2007.11.16 19:47:31.847,2.29225,2.2928,3.80,2.40
2007.11.16 19:47:32.099,2.29225,2.2928,3.80,2.40
2007.11.16 19:47:32.297,2.29225,2.29275,3.80,0.80
2007.11.16 19:47:32.575,2.29225,2.29275,3.80,0.80
2007.11.16 19:47:32.855,2.29225,2.2926,1.60,2.40
2007.11.16 19:47:33.133,2.29215,2.2926,5.60,2.40
2007.11.16 19:47:33.411,2.29215,2.29265,7.80,2.00
2007.11.16 19:47:33.663,2.29215,2.29265,7.80,2.00
2007.11.16 19:47:33.867,2.29215,2.2927,7.80,2.40
2007.11.16 19:47:34.059,2.29215,2.2927,7.80,2.40
2007.11.16 19:47:34.257,2.29215,2.2927,7.80,2.40
2007.11.16 19:47:34.455,2.2922,2.2927,2.20,2.40
2007.11.16 19:47:34.693,2.29225,2.29275,2.20,6.80
2007.11.16 19:47:35.020,2.29225,2.29275,2.20,6.80
2007.11.16 19:47:35.420,2.29225,2.29275,2.20,6.80
2007.11.16 19:47:35.728,2.29225,2.29275,2.20,4.80
2007.11.16 19:47:36.036,2.29225,2.29275,2.20,4.80
2007.11.16 19:47:36.544,2.29225,2.29275,2.20,4.80
2007.11.16 19:47:36.697,2.29225,2.29275,2.20,4.80
2007.11.16 19:47:36.850,2.29235,2.29275,8.00,2.40
2007.11.16 19:47:37.004,2.29255,2.29295,3.80,6.00
2007.11.16 19:47:37.157,2.2926,2.29295,2.20,2.00
2007.11.16 19:47:37.310,2.2926,2.29295,2.20,2.00
2007.11.16 19:47:37.463,2.2926,2.29295,2.20,2.00
2007.11.16 19:47:37.796,2.2927,2.29295,2.20,2.00
2007.11.16 19:47:38.129,2.2927,2.29295,2.20,2.00
2007.11.16 19:47:38.462,2.29275,2.29305,2.20,2.00
2007.11.16 19:47:38.650,2.2927,2.29305,2.20,2.00
2007.11.16 19:47:39.372,2.2927,2.29305,2.20,2.00
2007.11.16 19:47:40.076,2.2927,2.29305,2.20,2.00
2007.11.16 19:47:44.018,2.2927,2.29305,2.20,2.00
2007.11.16 19:47:45.107,2.2927,2.29305,2.20,2.00
2007.11.16 19:47:45.299,2.2927,2.29315,2.20,4.40
2007.11.16 19:47:46.609,2.2927,2.29305,2.20,2.00
2007.11.16 19:47:46.945,2.29265,2.29305,7.80,4.40
2007.11.16 19:47:47.097,2.29265,2.29305,7.80,4.40
2007.11.16 19:47:47.344,2.29265,2.29305,2.20,4.40
2007.11.16 19:47:47.476,2.29255,2.29305,3.80,4.40
2007.11.16 19:47:47.675,2.29255,2.29305,3.80,4.40
2007.11.16 19:47:47.875,2.29255,2.29295,3.80,2.00
2007.11.16 19:47:48.170,2.29255,2.29295,3.80,2.00
2007.11.16 19:47:49.111,2.29255,2.29295,1.60,2.00
2007.11.16 19:47:49.330,2.29255,2.29295,1.60,2.00
2007.11.16 19:47:49.603,2.29255,2.29295,1.60,2.00
2007.11.16 19:47:49.791,2.29255,2.29295,1.60,2.00
2007.11.16 19:47:49.981,2.29245,2.29295,7.80,2.00
2007.11.16 19:47:50.240,2.2925,2.29295,2.20,2.00
2007.11.16 19:47:50.498,2.2925,2.29295,2.20,2.00
2007.11.16 19:47:50.756,2.2925,2.29295,2.20,2.00
2007.11.16 19:47:55.160,2.2925,2.29295,2.20,2.00
2007.11.16 19:47:56.362,2.2925,2.29295,2.20,2.00
2007.11.16 19:47:56.590,2.2925,2.29295,2.20,2.00
2007.11.16 19:47:56.819,2.2925,2.29295,2.20,2.00
2007.11.16 19:47:57.047,2.29255,2.29295,2.20,2.00
2007.11.16 19:47:57.601,2.2926,2.29295,2.20,2.00
2007.11.16 19:47:57.818,2.2926,2.29295,2.20,2.00
2007.11.16 19:47:58.037,2.2926,2.29295,2.20,2.00
2007.11.16 19:47:58.255,2.29265,2.29295,2.20,2.00
2007.11.16 19:47:58.630,2.2926,2.29295,2.20,2.00
2007.11.16 19:48:00.199,2.2926,2.29295,2.20,2.00
2007.11.16 19:48:00.374,2.2926,2.29295,2.20,2.00
2007.11.16 19:48:00.545,2.2926,2.29295,2.20,2.00
2007.11.16 19:48:00.717,2.2926,2.29295,2.20,2.00
2007.11.16 19:48:00.975,2.2926,2.29295,2.20,2.00
2007.11.16 19:48:01.165,2.2926,2.29295,2.20,2.00
2007.11.16 19:48:01.337,2.2926,2.29295,2.20,2.00
2007.11.16 19:48:01.828,2.2926,2.29305,2.20,4.40
2007.11.16 19:48:03.914,2.2926,2.29295,2.20,2.00
2007.11.16 19:48:04.357,2.2926,2.29295,2.20,2.00
2007.11.16 19:48:05.221,2.2926,2.29295,2.20,2.00
2007.11.16 19:48:06.677,2.2926,2.29305,2.20,4.40
2007.11.16 19:48:07.238,2.2926,2.29295,2.20,0.90
2007.11.16 19:48:07.497,2.29265,2.29315,2.20,9.10
2007.11.16 19:48:07.739,2.29265,2.29295,2.20,2.00
2007.11.16 19:48:07.968,2.29265,2.29295,2.20,2.00
2007.11.16 19:48:10.254,2.29265,2.29295,2.20,2.00
2007.11.16 19:48:12.388,2.29255,2.29295,1.60,2.00
2007.11.16 19:48:12.603,2.29255,2.29295,1.60,2.00
2007.11.16 19:48:12.885,2.2925,2.29295,0.50,2.00
2007.11.16 19:48:13.169,2.29245,2.29295,2.20,4.40
2007.11.16 19:48:13.451,2.29245,2.29295,2.20,4.40
2007.11.16 19:48:13.734,2.2924,2.29295,2.80,4.40
2007.11.16 19:48:13.992,2.2924,2.29295,2.80,6.00
2007.11.16 19:48:14.185,2.29245,2.29295,2.80,3.60
2007.11.16 19:48:14.378,2.29245,2.29295,2.80,10.00
2007.11.16 19:48:14.682,2.29245,2.29285,0.50,2.40
2007.11.16 19:48:14.880,2.2923,2.29285,2.20,2.40
2007.11.16 19:48:15.169,2.2923,2.29285,2.80,4.00
2007.11.16 19:48:15.456,2.29235,2.29285,2.20,4.00
2007.11.16 19:48:15.745,2.29235,2.29285,2.20,4.00
2007.11.16 19:48:16.651,2.29235,2.29285,2.20,4.00
2007.11.16 19:48:16.900,2.29235,2.29285,2.20,4.00
2007.11.16 19:48:17.364,2.2923,2.29285,2.20,4.00
2007.11.16 19:48:19.432,2.2923,2.29285,2.20,4.00
2007.11.16 19:48:20.297,2.2923,2.29285,2.20,4.00
2007.11.16 19:48:20.875,2.2923,2.29285,2.20,4.00
2007.11.16 19:48:21.320,2.2923,2.29285,2.20,4.00
2007.11.16 19:48:21.567,2.2923,2.2928,2.20,2.40
2007.11.16 19:48:22.190,2.2923,2.2928,2.20,2.40
2007.11.16 19:48:22.423,2.2923,2.2928,2.20,2.40
2007.11.16 19:48:22.707,2.2923,2.29265,2.20,2.00
2007.11.16 19:48:23.113,2.2923,2.29265,2.20,2.00
2007.11.16 19:48:23.367,2.2922,2.29265,2.20,2.00
2007.11.16 19:48:23.666,2.29225,2.29265,2.20,2.00
2007.11.16 19:48:23.928,2.29225,2.29265,2.20,2.00
2007.11.16 19:48:24.317,2.2922,2.29265,2.20,2.00
2007.11.16 19:48:24.564,2.2922,2.29265,2.20,2.00
2007.11.16 19:48:24.812,2.2922,2.2927,2.20,2.40
2007.11.16 19:48:25.059,2.2922,2.2927,2.20,2.40
2007.11.16 19:48:25.309,2.29225,2.29275,2.20,6.60
2007.11.16 19:48:25.526,2.29225,2.29275,2.20,6.60
2007.11.16 19:48:25.745,2.2921,2.29265,2.80,4.00
2007.11.16 19:48:25.962,2.29225,2.29265,2.20,1.60
2007.11.16 19:48:26.181,2.29225,2.29265,2.20,1.60
2007.11.16 19:48:26.513,2.29225,2.29265,2.20,1.60
2007.11.16 19:48:27.346,2.29225,2.29265,2.20,1.60
2007.11.16 19:48:27.870,2.29225,2.29265,2.20,1.60
2007.11.16 19:48:28.187,2.29225,2.29265,2.20,1.60
2007.11.16 19:48:28.500,2.2923,2.29265,2.20,1.60
2007.11.16 19:48:28.943,2.2923,2.29275,2.20,1.60
2007.11.16 19:48:29.841,2.2923,2.29275,2.20,1.60
2007.11.16 19:48:30.508,2.2923,2.29275,2.20,1.60
2007.11.16 19:48:32.247,2.2923,2.29275,2.20,1.60
2007.11.16 19:48:32.506,2.2923,2.29275,2.80,1.60
2007.11.16 19:48:33.414,2.2923,2.29275,2.80,1.60
2007.11.16 19:48:34.160,2.2923,2.29275,0.50,1.60
2007.11.16 19:48:35.532,2.2923,2.29275,0.50,1.60
2007.11.16 19:48:37.045,2.2923,2.2928,0.50,2.40
2007.11.16 19:48:37.328,2.2923,2.2928,0.50,2.40
2007.11.16 19:48:37.610,2.2924,2.29285,0.50,1.60
2007.11.16 19:48:37.904,2.2924,2.29285,0.50,1.60
2007.11.16 19:48:38.118,2.2924,2.29285,0.50,1.60
2007.11.16 19:48:38.432,2.2924,2.29285,0.50,1.60
2007.11.16 19:48:38.634,2.2924,2.29285,0.50,1.60
2007.11.16 19:48:39.228,2.2924,2.29285,0.50,1.60
2007.11.16 19:48:39.532,2.29255,2.2929,4.80,2.40
2007.11.16 19:48:39.717,2.2926,2.29295,2.80,2.00
2007.11.16 19:48:39.896,2.29265,2.29295,2.20,2.00
2007.11.16 19:48:40.074,2.29265,2.29295,2.20,2.00
2007.11.16 19:48:40.253,2.29255,2.29295,2.20,2.00
2007.11.16 19:48:40.431,2.29255,2.29295,2.20,2.00
2007.11.16 19:48:40.785,2.29255,2.29295,2.20,2.00
2007.11.16 19:48:41.129,2.2925,2.29295,2.80,2.00
2007.11.16 19:48:41.411,2.2925,2.29295,2.80,2.00
2007.11.16 19:48:41.694,2.29245,2.29295,6.10,4.40
2007.11.16 19:48:41.957,2.29245,2.29295,6.10,4.40
2007.11.16 19:48:42.220,2.29245,2.29295,6.10,4.40
2007.11.16 19:48:42.483,2.29245,2.29295,4.50,4.40
2007.11.16 19:48:42.831,2.2924,2.29295,2.80,4.40
2007.11.16 19:48:43.014,2.2924,2.29295,2.80,4.40
2007.11.16 19:48:43.260,2.2924,2.29295,2.80,4.40
2007.11.16 19:48:43.780,2.2924,2.29295,2.80,4.40
2007.11.16 19:48:44.008,2.2924,2.29295,2.80,4.40
2007.11.16 19:48:44.236,2.2924,2.29295,2.80,4.40
2007.11.16 19:48:45.377,2.2924,2.29295,2.80,4.40
2007.11.16 19:48:45.598,2.2924,2.29295,2.80,4.40
2007.11.16 19:48:48.344,2.2924,2.29295,2.80,4.40
2007.11.16 19:48:49.995,2.2924,2.29295,0.80,4.40
2007.11.16 19:48:50.367,2.2924,2.29295,2.70,4.40
2007.11.16 19:48:50.629,2.2924,2.29295,2.70,4.40
2007.11.16 19:48:55.649,2.29245,2.29295,1.10,4.40
2007.11.16 19:49:00.673,2.29245,2.29295,1.40,4.40
2007.11.16 19:49:03.975,2.2924,2.29295,4.70,2.40
2007.11.16 19:49:04.203,2.29245,2.29295,5.80,2.40
2007.11.16 19:49:05.698,2.29245,2.29295,5.80,2.40
2007.11.16 19:49:07.494,2.29245,2.29295,5.60,2.40
2007.11.16 19:49:07.774,2.29255,2.29295,1.50,2.40
2007.11.16 19:49:09.863,2.29255,2.29295,1.20,2.40
2007.11.16 19:49:10.086,2.2926,2.29295,0.60,2.40
2007.11.16 19:49:10.308,2.29245,2.29295,6.10,2.40
2007.11.16 19:49:10.532,2.29245,2.29295,6.10,2.40
2007.11.16 19:49:10.755,2.29245,2.29295,6.10,2.40
2007.11.16 19:49:11.196,2.29255,2.29295,0.60,2.40
2007.11.16 19:49:11.530,2.29255,2.29295,0.70,2.40
2007.11.16 19:49:11.862,2.2926,2.29295,0.70,2.40
2007.11.16 19:49:12.321,2.2926,2.29295,0.70,2.40
2007.11.16 19:49:15.292,2.29255,2.29295,2.10,2.40
2007.11.16 19:49:15.611,2.29255,2.29295,2.10,2.40
2007.11.16 19:49:15.925,2.2926,2.29295,0.70,2.40
2007.11.16 19:49:16.144,2.2924,2.29295,5.60,2.40
2007.11.16 19:49:16.466,2.29245,2.29295,6.30,2.40
2007.11.16 19:49:16.789,2.29255,2.29295,0.70,2.40
2007.11.16 19:49:17.112,2.29245,2.29295,6.30,2.40
2007.11.16 19:49:17.320,2.29255,2.293,0.70,2.40
2007.11.16 19:49:18.030,2.29255,2.293,2.70,2.40
2007.11.16 19:49:18.314,2.29265,2.293,4.10,2.40
2007.11.16 19:49:18.597,2.2927,2.293,0.70,2.40
2007.11.16 19:49:18.881,2.29255,2.293,4.10,2.40
2007.11.16 19:49:19.166,2.29265,2.293,1.00,2.40
2007.11.16 19:49:19.410,2.29265,2.293,1.70,2.40
2007.11.16 19:49:19.654,2.29265,2.293,4.10,2.40
2007.11.16 19:49:19.898,2.2926,2.293,2.70,2.40
2007.11.16 19:49:20.140,2.29255,2.293,4.10,2.40
2007.11.16 19:49:20.424,2.29255,2.29305,1.60,4.00
2007.11.16 19:49:20.706,2.29255,2.29305,2.50,4.00
2007.11.16 19:49:20.989,2.29265,2.29305,0.90,4.00
2007.11.16 19:49:21.329,2.2926,2.29305,2.50,4.00
2007.11.16 19:49:21.688,2.2926,2.29305,2.50,4.00
2007.11.16 19:49:21.971,2.2926,2.29305,2.50,4.00
2007.11.16 19:49:22.253,2.29265,2.29305,0.70,4.00
2007.11.16 19:49:22.745,2.2926,2.29305,3.10,4.00
2007.11.16 19:49:22.993,2.2927,2.29305,0.50,4.00
2007.11.16 19:49:23.241,2.29265,2.293,3.70,2.40
2007.11.16 19:49:23.495,2.2927,2.293,0.50,2.40
2007.11.16 19:49:24.396,2.29265,2.293,3.70,2.40
2007.11.16 19:49:24.629,2.2927,2.293,0.50,2.40
2007.11.16 19:49:25.801,2.2927,2.293,0.50,2.40
2007.11.16 19:49:27.844,2.29265,2.293,3.70,2.40
2007.11.16 19:49:28.150,2.29265,2.293,3.70,2.40
2007.11.16 19:49:28.347,2.2927,2.293,0.50,2.40
2007.11.16 19:49:28.539,2.2927,2.293,0.50,2.40
2007.11.16 19:49:28.812,2.2927,2.29295,0.50,2.00
2007.11.16 19:49:29.086,2.29245,2.29295,5.50,2.00
2007.11.16 19:49:29.392,2.2925,2.29285,0.50,2.40
2007.11.16 19:49:30.636,2.2925,2.29285,0.50,2.40
2007.11.16 19:49:32.148,2.2925,2.29285,0.50,2.40
2007.11.16 19:49:32.442,2.29255,2.29295,1.70,2.40
2007.11.16 19:49:32.833,2.29255,2.29295,1.70,2.40
2007.11.16 19:49:34.663,2.29265,2.29295,0.50,2.40
2007.11.16 19:49:34.836,2.29265,2.29295,0.50,4.40
2007.11.16 19:49:35.003,2.29245,2.29285,3.30,2.40
2007.11.16 19:49:35.853,2.29245,2.29285,3.30,2.40
2007.11.16 19:49:36.564,2.29245,2.29285,3.30,4.40
2007.11.16 19:49:36.836,2.2925,2.29285,0.50,4.40
2007.11.16 19:49:37.104,2.29225,2.29285,9.90,6.80
2007.11.16 19:49:37.372,2.29225,2.2928,10.00,2.40
2007.11.16 19:49:37.640,2.29225,2.29275,7.20,2.40
2007.11.16 19:49:38.048,2.2922,2.29275,4.40,2.40
2007.11.16 19:49:38.310,2.2922,2.29275,4.40,2.40
2007.11.16 19:49:38.537,2.29225,2.29275,0.80,2.40
2007.11.16 19:49:38.772,2.29215,2.29265,2.70,2.40
2007.11.16 19:49:38.964,2.29205,2.29255,1.40,2.40
2007.11.16 19:49:39.163,2.29205,2.29255,1.00,2.40
2007.11.16 19:49:39.361,2.292,2.2925,0.50,2.40
2007.11.16 19:49:39.559,2.292,2.2925,0.50,2.40
2007.11.16 19:49:39.891,2.292,2.29245,0.50,2.40
2007.11.16 19:49:40.139,2.292,2.29245,0.50,2.40
2007.11.16 19:49:40.419,2.292,2.29245,0.50,2.40
2007.11.16 19:49:40.676,2.292,2.29245,0.50,2.40
2007.11.16 19:49:40.916,2.292,2.29245,0.50,2.40
2007.11.16 19:49:41.139,2.292,2.2924,0.50,2.40
2007.11.16 19:49:41.362,2.292,2.2924,0.50,2.40
2007.11.16 19:49:41.665,2.292,2.29245,0.50,2.40
2007.11.16 19:49:42.254,2.292,2.29245,0.50,2.40
2007.11.16 19:49:42.536,2.292,2.29245,0.50,2.40
2007.11.16 19:49:42.820,2.292,2.29245,0.50,2.40
2007.11.16 19:49:43.103,2.2919,2.2924,0.50,2.40
2007.11.16 19:49:45.422,2.2919,2.29225,0.50,0.20
2007.11.16 19:49:45.585,2.2919,2.29225,0.50,5.00
2007.11.16 19:49:45.748,2.2919,2.29225,0.50,4.80
2007.11.16 19:49:45.925,2.29185,2.29225,2.00,2.40
2007.11.16 19:49:46.088,2.29195,2.2923,2.00,2.40
2007.11.16 19:49:46.422,2.29185,2.29225,1.20,2.40
2007.11.16 19:49:46.756,2.29195,2.29225,0.50,2.40
2007.11.16 19:49:47.091,2.29195,2.29225,0.50,2.40
2007.11.16 19:49:47.876,2.29195,2.29225,0.50,2.40
2007.11.16 19:49:48.413,2.29195,2.29225,0.50,2.40
2007.11.16 19:49:50.166,2.29195,2.29225,0.50,2.40
2007.11.16 19:49:50.929,2.29195,2.29225,0.50,2.40
2007.11.16 19:49:51.606,2.29195,2.29235,0.50,1.60
2007.11.16 19:49:51.878,2.29195,2.2924,1.70,2.40
2007.11.16 19:49:52.151,2.292,2.29245,0.50,2.40
2007.11.16 19:49:52.400,2.29195,2.29245,0.50,2.40
2007.11.16 19:49:52.648,2.29195,2.29245,2.50,2.40
2007.11.16 19:49:52.896,2.292,2.29235,0.50,2.40
2007.11.16 19:49:53.385,2.29195,2.29235,3.10,2.40
2007.11.16 19:49:53.628,2.292,2.29235,0.40,2.40
2007.11.16 19:49:53.871,2.292,2.29235,0.40,2.40
2007.11.16 19:49:54.113,2.29195,2.29235,0.40,2.40
2007.11.16 19:49:55.226,2.29195,2.29235,0.60,2.40
2007.11.16 19:49:55.445,2.292,2.2924,0.40,2.40
2007.11.16 19:49:55.676,2.292,2.2924,0.40,2.40
2007.11.16 19:49:55.895,2.29195,2.2924,2.00,2.40
2007.11.16 19:49:56.152,2.29195,2.2924,2.00,2.40
2007.11.16 19:49:56.485,2.29195,2.29235,2.00,2.40
2007.11.16 19:49:56.845,2.29195,2.29235,2.00,2.40
2007.11.16 19:49:57.179,2.292,2.29235,0.40,2.40
2007.11.16 19:49:59.029,2.292,2.29235,0.40,2.40
2007.11.16 19:49:59.302,2.292,2.29235,0.40,2.40
2007.11.16 19:49:59.490,2.29205,2.29245,0.40,2.40
2007.11.16 19:49:59.733,2.29205,2.29245,0.40,2.40
2007.11.16 19:49:59.914,2.29205,2.29245,0.40,2.40
2007.11.16 19:50:00.181,2.292,2.29245,0.40,2.40
2007.11.16 19:50:00.385,2.292,2.29235,0.40,2.40
2007.11.16 19:50:00.692,2.292,2.29235,0.40,2.40
2007.11.16 19:50:01.662,2.292,2.29235,0.40,2.40
2007.11.16 19:50:01.895,2.292,2.29235,0.40,2.40
2007.11.16 19:50:02.128,2.292,2.29235,0.40,2.40
2007.11.16 19:50:02.367,2.292,2.29235,0.40,2.40
2007.11.16 19:50:02.620,2.29195,2.29235,2.00,2.40
2007.11.16 19:50:02.960,2.29195,2.29225,2.00,2.40
2007.11.16 19:50:03.578,2.29195,2.29225,2.00,2.40
2007.11.16 19:50:04.156,2.29195,2.29225,2.00,4.80
2007.11.16 19:50:04.385,2.29195,2.29225,2.00,4.80
2007.11.16 19:50:05.143,2.29195,2.29225,2.00,4.80
2007.11.16 19:50:05.328,2.2919,2.29225,0.40,4.80
2007.11.16 19:50:05.511,2.29185,2.2922,0.40,2.40
2007.11.16 19:50:05.996,2.29185,2.2922,0.40,2.40
2007.11.16 19:50:06.360,2.29185,2.2922,0.40,2.40
2007.11.16 19:50:07.968,2.29185,2.2922,1.90,2.40
2007.11.16 19:50:08.158,2.29185,2.29225,1.90,2.40
2007.11.16 19:50:08.346,2.29185,2.2923,2.40,2.40
2007.11.16 19:50:08.534,2.29195,2.2923,0.30,2.40
2007.11.16 19:50:09.209,2.29195,2.2923,0.30,2.40
2007.11.16 19:50:09.432,2.29195,2.2923,0.30,2.40
2007.11.16 19:50:09.655,2.29195,2.2923,0.30,2.40
2007.11.16 19:50:09.908,2.29195,2.2923,0.30,2.40
2007.11.16 19:50:10.168,2.29195,2.2923,0.30,2.40
2007.11.16 19:50:11.007,2.29195,2.2923,0.30,2.40
2007.11.16 19:50:12.166,2.29195,2.2923,0.30,2.40
2007.11.16 19:50:15.292,2.29195,2.2923,0.30,2.40
2007.11.16 19:50:15.474,2.29195,2.2923,0.30,2.40
2007.11.16 19:50:15.679,2.29195,2.2923,0.30,0.70
2007.11.16 19:50:16.051,2.29195,2.2923,0.30,2.40
2007.11.16 19:50:16.436,2.29195,2.2923,0.30,2.40
2007.11.16 19:50:16.852,2.29195,2.2923,0.30,2.40
2007.11.16 19:50:17.390,2.29195,2.2923,0.30,2.40
2007.11.16 19:50:17.689,2.29185,2.2923,0.40,2.40
2007.11.16 19:50:17.986,2.29185,2.2923,0.40,2.40
2007.11.16 19:50:18.218,2.29195,2.2923,2.00,2.40
2007.11.16 19:50:18.431,2.29195,2.29235,2.00,2.40
2007.11.16 19:50:20.442,2.29195,2.29235,2.30,2.40
2007.11.16 19:50:20.670,2.29195,2.29235,2.60,2.40
2007.11.16 19:50:20.897,2.292,2.2923,0.40,2.40
2007.11.16 19:50:22.927,2.292,2.2923,0.40,2.40
2007.11.16 19:50:23.182,2.292,2.2925,0.40,2.40
2007.11.16 19:50:23.354,2.292,2.2925,0.40,2.40
2007.11.16 19:50:23.533,2.29205,2.29255,0.30,2.40
2007.11.16 19:50:23.712,2.29205,2.29255,0.80,2.40
2007.11.16 19:50:23.919,2.29205,2.2926,2.80,2.40
2007.11.16 19:50:24.095,2.29205,2.2926,4.40,2.40
2007.11.16 19:50:24.368,2.29215,2.2926,0.80,2.40
2007.11.16 19:50:24.642,2.2922,2.2926,0.30,2.40
2007.11.16 19:50:26.092,2.2922,2.2926,0.30,2.40
2007.11.16 19:50:26.922,2.2922,2.2926,0.30,2.40
2007.11.16 19:50:31.127,2.2922,2.2926,0.30,2.40
2007.11.16 19:50:32.128,2.2922,2.2926,0.30,2.40
2007.11.16 19:50:32.446,2.29215,2.2926,0.30,2.40
2007.11.16 19:50:33.783,2.29215,2.2926,0.50,2.40
2007.11.16 19:50:34.088,2.2922,2.2926,0.40,2.40
2007.11.16 19:50:36.156,2.2922,2.2926,0.40,2.40
2007.11.16 19:50:36.399,2.2922,2.29255,0.40,2.40
2007.11.16 19:50:36.690,2.2922,2.29255,0.40,2.40
2007.11.16 19:50:36.953,2.29215,2.29255,0.40,2.40
2007.11.16 19:50:39.726,2.29215,2.29255,0.40,2.40
2007.11.16 19:50:39.958,2.29215,2.29255,0.40,2.40
2007.11.16 19:50:41.173,2.29215,2.29255,0.40,2.40
2007.11.16 19:50:41.405,2.29215,2.29255,0.40,2.40
2007.11.16 19:50:41.883,2.29215,2.29255,0.40,2.40
2007.11.16 19:50:45.314,2.29215,2.29255,0.40,2.40
2007.11.16 19:50:45.486,2.29215,2.29255,0.40,2.40
2007.11.16 19:50:46.196,2.29215,2.29255,0.40,2.40
2007.11.16 19:50:47.295,2.29215,2.29255,0.40,2.40
2007.11.16 19:50:47.538,2.29215,2.29255,0.40,2.40
2007.11.16 19:50:47.781,2.29215,2.29265,0.90,2.40
2007.11.16 19:50:47.974,2.2922,2.29265,0.40,2.40
2007.11.16 19:50:48.167,2.2922,2.29265,0.40,2.40
2007.11.16 19:50:48.360,2.2922,2.29265,0.40,2.40
2007.11.16 19:50:48.554,2.29215,2.2927,3.80,2.40
2007.11.16 19:50:49.764,2.29215,2.2927,3.80,2.40
2007.11.16 19:50:51.227,2.29215,2.2927,3.80,2.40
2007.11.16 19:50:52.889,2.29215,2.2927,4.10,2.40
2007.11.16 19:50:53.067,2.29215,2.2927,4.40,2.40
2007.11.16 19:50:53.244,2.29225,2.2927,0.40,2.40
2007.11.16 19:50:53.423,2.29225,2.29265,0.40,2.40
2007.11.16 19:50:55.347,2.29225,2.29265,0.40,2.40
2007.11.16 19:50:55.550,2.29215,2.29265,1.60,2.40
2007.11.16 19:50:55.752,2.29215,2.2927,3.80,2.40
2007.11.16 19:50:56.253,2.29215,2.2927,3.80,2.40
2007.11.16 19:50:58.824,2.29215,2.2927,4.10,2.40
2007.11.16 19:50:58.990,2.29205,2.2927,9.70,2.40
2007.11.16 19:50:59.002,2.29215,2.2927,4.80,2.40
2007.11.16 19:50:59.236,2.29215,2.29265,4.60,2.40
2007.11.16 19:50:59.468,2.29225,2.29265,0.60,2.40
2007.11.16 19:50:59.702,2.2923,2.29265,0.40,2.40
2007.11.16 19:50:59.935,2.2923,2.2926,0.40,2.40
2007.11.16 19:51:00.169,2.2923,2.2926,0.40,2.40
2007.11.16 19:51:00.438,2.2923,2.29265,0.40,2.40
2007.11.16 19:51:01.280,2.2923,2.29265,0.40,2.40
2007.11.16 19:51:02.216,2.29225,2.29265,1.00,2.40
2007.11.16 19:51:02.510,2.29225,2.2925,0.60,2.40
2007.11.16 19:51:02.859,2.29215,2.2925,2.00,2.40
2007.11.16 19:51:03.170,2.29225,2.29255,0.40,2.40
2007.11.16 19:51:03.468,2.29215,2.29265,2.00,2.40
2007.11.16 19:51:03.700,2.29215,2.29265,2.00,2.40
2007.11.16 19:51:03.938,2.29225,2.2927,0.40,2.40
2007.11.16 19:51:05.137,2.29225,2.2927,0.20,2.40
2007.11.16 19:51:05.387,2.29225,2.29275,0.30,4.40
2007.11.16 19:51:06.301,2.29225,2.29275,0.30,4.40
2007.11.16 19:51:11.344,2.29225,2.29275,0.30,4.40
2007.11.16 19:51:16.365,2.2922,2.29275,2.50,4.40
2007.11.16 19:51:20.657,2.29225,2.2927,0.30,2.40
2007.11.16 19:51:21.390,2.29215,2.2927,4.10,2.40
2007.11.16 19:51:22.428,2.29215,2.2927,4.60,2.40
2007.11.16 19:51:22.683,2.2923,2.2927,0.60,2.40
2007.11.16 19:51:26.415,2.29225,2.2927,1.90,2.40
2007.11.16 19:51:28.111,2.29225,2.2927,2.50,2.40
2007.11.16 19:51:31.440,2.2923,2.2927,0.60,2.40
2007.11.16 19:51:32.593,2.2923,2.29275,0.60,4.40
2007.11.16 19:51:33.745,2.2923,2.29275,0.60,2.40
2007.11.16 19:51:33.973,2.2923,2.29275,0.60,2.40
2007.11.16 19:51:36.452,2.2923,2.29275,0.60,2.40
2007.11.16 19:51:36.670,2.2923,2.2927,0.60,2.40
2007.11.16 19:51:39.865,2.2923,2.29275,0.60,2.40
2007.11.16 19:51:40.199,2.2923,2.29275,0.60,2.40
2007.11.16 19:51:40.532,2.2923,2.29275,0.60,2.40
2007.11.16 19:51:40.695,2.29235,2.29275,0.60,2.40
2007.11.16 19:51:40.859,2.29235,2.2928,0.60,2.40
2007.11.16 19:51:41.145,2.29235,2.2928,0.60,2.40
2007.11.16 19:51:41.304,2.29235,2.2928,2.20,2.40
2007.11.16 19:51:41.585,2.29235,2.2928,3.50,2.40
2007.11.16 19:51:41.881,2.29245,2.2928,0.60,2.40
2007.11.16 19:51:42.172,2.29245,2.2928,0.60,2.40
2007.11.16 19:51:42.466,2.29255,2.2929,0.60,2.40
2007.11.16 19:51:43.785,2.29255,2.2929,0.60,2.40
2007.11.16 19:51:43.958,2.29255,2.2929,0.60,2.40
2007.11.16 19:51:44.819,2.29255,2.2929,0.60,2.40
2007.11.16 19:51:45.082,2.29255,2.29285,0.60,2.00
2007.11.16 19:51:45.345,2.29245,2.29285,0.50,2.00
2007.11.16 19:51:45.608,2.29245,2.29285,0.50,2.00
2007.11.16 19:51:46.127,2.29245,2.29285,2.80,2.00
2007.11.16 19:51:46.644,2.29245,2.29285,2.80,2.00
2007.11.16 19:51:46.871,2.29245,2.29285,2.80,2.00
2007.11.16 19:51:47.244,2.29245,2.29285,2.80,2.00
2007.11.16 19:51:48.134,2.29245,2.29285,2.80,2.00
2007.11.16 19:51:48.419,2.29245,2.29285,3.40,2.00
2007.11.16 19:51:48.701,2.2925,2.29285,0.50,2.00
2007.11.16 19:51:48.931,2.2925,2.29275,0.50,2.00
2007.11.16 19:51:49.154,2.2925,2.29275,0.50,2.00
2007.11.16 19:51:49.378,2.2925,2.29275,0.50,2.00
2007.11.16 19:51:49.601,2.29235,2.29275,0.50,2.00
2007.11.16 19:51:49.824,2.29235,2.29275,0.50,2.00
2007.11.16 19:51:50.102,2.29235,2.29275,0.50,2.00
2007.11.16 19:51:51.679,2.29235,2.29275,0.50,2.00
2007.11.16 19:51:51.885,2.29235,2.29275,0.50,2.00
2007.11.16 19:51:52.110,2.29235,2.29275,0.50,2.00
2007.11.16 19:51:52.380,2.29235,2.29275,0.50,2.00
2007.11.16 19:51:52.617,2.29235,2.29275,0.50,2.00
2007.11.16 19:51:52.820,2.29235,2.29275,4.10,2.00
2007.11.16 19:51:53.142,2.29235,2.29275,4.10,2.00
2007.11.16 19:51:53.465,2.29235,2.29275,2.10,2.00
2007.11.16 19:51:53.912,2.29235,2.29275,2.10,4.40
2007.11.16 19:51:54.355,2.29235,2.29275,2.10,4.40
2007.11.16 19:51:54.661,2.29235,2.29275,2.10,4.40
2007.11.16 19:51:54.869,2.29235,2.29275,3.30,2.40
2007.11.16 19:51:55.082,2.29245,2.29275,0.50,2.40
2007.11.16 19:51:55.386,2.29245,2.29285,0.50,2.40
2007.11.16 19:51:56.701,2.29245,2.29285,0.50,2.40
2007.11.16 19:51:57.263,2.29245,2.29285,0.50,2.40
2007.11.16 19:51:57.561,2.29245,2.2927,0.50,2.40
2007.11.16 19:51:57.858,2.29245,2.2927,0.50,2.40
2007.11.16 19:51:58.210,2.29245,2.2927,0.50,2.40
2007.11.16 19:51:58.422,2.29245,2.29285,0.50,2.40
2007.11.16 19:51:59.881,2.29245,2.29285,1.10,2.40
2007.11.16 19:52:00.118,2.29255,2.29285,0.50,2.40
2007.11.16 19:52:00.829,2.29255,2.29285,0.50,2.40
2007.11.16 19:52:01.078,2.29235,2.29285,2.70,2.40
2007.11.16 19:52:01.300,2.29245,2.29285,0.50,2.40
2007.11.16 19:52:01.721,2.29245,2.29285,0.50,2.40
2007.11.16 19:52:02.768,2.29245,2.29285,1.00,2.40
2007.11.16 19:52:03.077,2.29255,2.29285,0.60,2.40
2007.11.16 19:52:04.200,2.29255,2.29285,0.60,2.40
2007.11.16 19:52:04.735,2.29255,2.29285,0.60,2.40
2007.11.16 19:52:04.946,2.29245,2.29285,0.60,2.40
2007.11.16 19:52:05.158,2.29245,2.2928,0.60,2.40
2007.11.16 19:52:05.676,2.29245,2.2928,0.60,2.40
2007.11.16 19:52:05.903,2.2924,2.2928,0.60,2.40
2007.11.16 19:52:06.245,2.2924,2.2928,0.60,2.40
2007.11.16 19:52:06.530,2.2924,2.29285,0.60,2.40
2007.11.16 19:52:06.818,2.2924,2.29285,0.60,2.40
2007.11.16 19:52:07.832,2.2924,2.29285,0.60,2.40
2007.11.16 19:52:08.193,2.2924,2.29285,0.60,2.40
2007.11.16 19:52:10.153,2.2924,2.29285,0.60,2.40
2007.11.16 19:52:11.776,2.2924,2.29285,0.60,2.40
2007.11.16 19:52:14.184,2.2924,2.29285,0.60,4.80
2007.11.16 19:52:14.338,2.2924,2.29285,0.60,2.40
2007.11.16 19:52:14.864,2.2924,2.29285,0.60,2.40
2007.11.16 19:52:16.121,2.2924,2.29285,0.60,4.40
2007.11.16 19:52:16.314,2.2924,2.29285,0.60,4.60
2007.11.16 19:52:16.509,2.29235,2.29275,2.00,2.40
2007.11.16 19:52:16.808,2.29235,2.29275,2.00,2.40
2007.11.16 19:52:17.195,2.29235,2.29275,2.00,2.40
2007.11.16 19:52:19.151,2.29235,2.29275,2.00,2.40
2007.11.16 19:52:19.274,2.29235,2.29275,2.00,2.40
2007.11.16 19:52:19.396,2.29235,2.29285,2.00,2.60
2007.11.16 19:52:19.678,2.29235,2.29285,2.00,2.40
2007.11.16 19:52:20.012,2.29235,2.29285,0.80,2.40
2007.11.16 19:52:20.346,2.29245,2.29295,2.20,1.80
2007.11.16 19:52:20.680,2.29245,2.29295,2.20,1.60
2007.11.16 19:52:20.874,2.29245,2.29295,2.20,1.60
2007.11.16 19:52:21.066,2.29245,2.29295,2.20,1.60
2007.11.16 19:52:21.260,2.29245,2.29295,2.20,3.60
2007.11.16 19:52:21.452,2.29245,2.29295,2.20,3.60
2007.11.16 19:52:21.750,2.29245,2.29295,2.20,1.60
2007.11.16 19:52:22.050,2.2924,2.29295,2.60,4.00
2007.11.16 19:52:22.401,2.2924,2.29295,2.60,4.00
2007.11.16 19:52:22.698,2.2924,2.29295,2.60,6.20
2007.11.16 19:52:22.950,2.2924,2.29295,2.60,6.20
2007.11.16 19:52:23.202,2.2924,2.29295,2.60,6.00
2007.11.16 19:52:23.454,2.29245,2.29295,2.20,6.60
2007.11.16 19:52:23.576,2.29245,2.29295,2.20,0.60
2007.11.16 19:52:23.707,2.2924,2.29295,0.50,6.60
2007.11.16 19:52:23.960,2.2924,2.2929,0.50,6.40
2007.11.16 19:52:24.734,2.2924,2.29285,0.50,1.80
2007.11.16 19:52:24.985,2.2924,2.29285,0.50,1.60
2007.11.16 19:52:25.642,2.2924,2.29285,0.50,1.60
2007.11.16 19:52:25.829,2.2924,2.29285,0.50,1.60
2007.11.16 19:52:26.096,2.2924,2.29285,0.50,1.80
2007.11.16 19:52:26.364,2.2924,2.29285,2.60,3.80
2007.11.16 19:52:26.709,2.2924,2.29285,2.60,3.80
2007.11.16 19:52:26.984,2.2924,2.29285,2.20,6.20
2007.11.16 19:52:27.212,2.29235,2.29285,2.20,6.00
2007.11.16 19:52:27.441,2.29235,2.29285,4.20,4.00
2007.11.16 19:52:27.668,2.2924,2.29285,2.20,4.20
2007.11.16 19:52:27.896,2.2924,2.29285,2.20,6.20
2007.11.16 19:52:28.194,2.29235,2.29285,0.50,8.60
2007.11.16 19:52:28.702,2.29235,2.29285,0.50,10.60
2007.11.16 19:52:29.725,2.29235,2.29275,0.50,2.00
2007.11.16 19:52:30.678,2.29235,2.29285,0.50,8.60
2007.11.16 19:52:31.412,2.29235,2.29285,0.50,8.60
2007.11.16 19:52:31.769,2.29235,2.29285,0.50,8.60
2007.11.16 19:52:32.017,2.2923,2.29255,2.20,2.00
2007.11.16 19:52:32.326,2.2923,2.29255,2.20,2.00
2007.11.16 19:52:32.622,2.29225,2.29255,4.20,2.00
2007.11.16 19:52:32.932,2.29225,2.29265,4.20,2.00
2007.11.16 19:52:33.109,2.29235,2.29265,0.80,2.00
2007.11.16 19:52:33.287,2.2923,2.29275,2.20,2.00
2007.11.16 19:52:33.465,2.2923,2.29275,2.20,2.00
2007.11.16 19:52:33.644,2.29235,2.29275,1.60,2.00
2007.11.16 19:52:33.822,2.2923,2.29275,2.20,2.00
2007.11.16 19:52:34.006,2.2923,2.29275,2.20,2.00
2007.11.16 19:52:34.313,2.2924,2.29275,2.20,2.00
2007.11.16 19:52:34.626,2.2923,2.29275,0.50,2.00
2007.11.16 19:52:34.938,2.29225,2.29275,3.00,2.00
2007.11.16 19:52:35.252,2.29225,2.29275,2.60,2.00
2007.11.16 19:52:35.477,2.29225,2.29275,3.80,4.40
2007.11.16 19:52:35.706,2.29225,2.2928,3.80,2.40
2007.11.16 19:52:35.923,2.2923,2.29285,2.20,4.40
2007.11.16 19:52:36.146,2.2924,2.29285,2.20,2.00
2007.11.16 19:52:36.419,2.29245,2.29295,2.20,2.00
2007.11.16 19:52:36.697,2.2925,2.29295,2.20,2.00
2007.11.16 19:52:37.069,2.2926,2.29295,2.20,2.00
2007.11.16 19:52:37.312,2.2926,2.29295,2.20,2.00
2007.11.16 19:52:37.555,2.2926,2.29295,2.20,2.00
2007.11.16 19:52:37.798,2.2926,2.29305,2.20,2.00
2007.11.16 19:52:38.042,2.2925,2.29305,2.20,4.40
2007.11.16 19:52:38.285,2.2925,2.29305,2.20,4.40
2007.11.16 19:52:38.498,2.2925,2.29305,2.20,4.40
2007.11.16 19:52:38.711,2.2925,2.29305,2.20,4.40
2007.11.16 19:52:38.924,2.2926,2.29305,2.20,2.00
2007.11.16 19:52:39.137,2.29265,2.29305,1.60,2.00
2007.11.16 19:52:39.344,2.29265,2.29305,1.60,4.40
2007.11.16 19:52:39.552,2.29265,2.29305,1.60,4.40
2007.11.16 19:52:39.760,2.29265,2.29305,3.80,2.00
2007.11.16 19:52:39.968,2.2927,2.29305,2.20,2.00
2007.11.16 19:52:40.176,2.2927,2.29305,2.20,2.00
2007.11.16 19:52:40.440,2.2927,2.29305,2.20,2.00
2007.11.16 19:52:40.937,2.29285,2.29305,1.60,2.00
2007.11.16 19:52:41.199,2.29285,2.29305,1.60,2.00
2007.11.16 19:52:41.462,2.29285,2.29305,1.60,2.00
2007.11.16 19:52:41.917,2.29285,2.29305,1.60,2.00
2007.11.16 19:52:42.113,2.29285,2.29305,1.60,2.00
2007.11.16 19:52:42.418,2.29285,2.29305,3.80,2.00
2007.11.16 19:52:42.822,2.29285,2.29305,3.80,2.00
2007.11.16 19:52:43.237,2.29285,2.29305,3.80,2.00
2007.11.16 19:52:43.369,2.29285,2.29305,3.80,2.00
2007.11.16 19:52:44.222,2.29285,2.29305,5.80,2.00
2007.11.16 19:52:44.635,2.29285,2.29305,5.80,2.00
2007.11.16 19:52:44.970,2.293,2.29335,2.20,2.40
2007.11.16 19:52:45.297,2.293,2.29335,2.20,2.40
2007.11.16 19:52:45.466,2.293,2.29335,2.20,2.40
2007.11.16 19:52:45.633,2.293,2.29335,2.20,2.40
2007.11.16 19:52:45.888,2.293,2.29335,2.20,2.40
2007.11.16 19:52:46.055,2.293,2.29335,2.20,2.40
2007.11.16 19:52:46.224,2.29295,2.29335,3.80,2.40
2007.11.16 19:52:46.391,2.29295,2.29335,3.80,2.40
2007.11.16 19:52:46.675,2.29295,2.29335,3.80,2.40
2007.11.16 19:52:46.959,2.29295,2.29335,3.80,2.40
2007.11.16 19:52:47.350,2.29295,2.29335,3.80,2.40
2007.11.16 19:52:47.633,2.29295,2.2935,3.80,2.40
2007.11.16 19:52:47.917,2.29295,2.29305,2.20,2.00
2007.11.16 19:52:48.199,2.2929,2.29305,0.40,2.00
2007.11.16 19:52:48.778,2.2929,2.29305,0.40,2.00
2007.11.16 19:52:48.996,2.29295,2.29305,3.20,2.00
2007.11.16 19:52:49.213,2.293,2.29355,2.20,4.80
2007.11.16 19:52:49.432,2.293,2.29355,2.20,4.80
2007.11.16 19:52:49.669,2.29305,2.29355,2.20,4.80
2007.11.16 19:52:49.909,2.29305,2.29355,2.20,4.80
2007.11.16 19:52:50.147,2.29305,2.29355,2.20,4.80
2007.11.16 19:52:50.385,2.29305,2.29355,2.20,4.80
2007.11.16 19:52:51.146,2.29305,2.29355,2.20,4.80
2007.11.16 19:52:51.964,2.29305,2.29355,2.20,4.80
2007.11.16 19:52:52.416,2.29305,2.29355,2.20,4.80
2007.11.16 19:52:52.741,2.29305,2.29355,3.80,4.80
2007.11.16 19:52:53.073,2.29305,2.29355,3.80,4.80
2007.11.16 19:52:53.406,2.29305,2.29355,3.80,4.80
2007.11.16 19:52:53.760,2.29305,2.29355,3.80,4.80
2007.11.16 19:52:53.943,2.29315,2.29355,2.20,6.40
2007.11.16 19:52:54.154,2.29315,2.29355,2.20,6.40
2007.11.16 19:52:54.346,2.29315,2.29345,2.20,2.40
2007.11.16 19:52:54.524,2.29315,2.29345,2.20,2.40
2007.11.16 19:52:54.832,2.29305,2.29345,1.60,4.80
2007.11.16 19:52:55.141,2.29295,2.29345,5.80,6.40
2007.11.16 19:52:55.559,2.29295,2.29345,5.80,6.40
2007.11.16 19:52:55.848,2.29295,2.29345,5.80,6.40
2007.11.16 19:52:56.226,2.29295,2.29345,5.80,6.40
2007.11.16 19:52:56.438,2.29295,2.29345,5.80,6.40
2007.11.16 19:52:56.972,2.29295,2.29345,2.20,6.40
2007.11.16 19:52:57.255,2.29295,2.29305,3.60,2.00
2007.11.16 19:52:57.538,2.29295,2.29305,3.60,2.00
2007.11.16 19:52:57.820,2.29295,2.29305,5.80,2.00
2007.11.16 19:52:59.802,2.29295,2.29345,2.20,2.40
2007.11.16 19:53:00.070,2.2929,2.29345,2.20,4.80
2007.11.16 19:53:00.380,2.2929,2.29345,2.20,4.80
2007.11.16 19:53:01.314,2.2929,2.29345,2.20,4.80
2007.11.16 19:53:01.496,2.2929,2.29335,2.20,2.40
2007.11.16 19:53:01.726,2.2929,2.29335,2.20,2.40
2007.11.16 19:53:01.904,2.29295,2.29335,2.20,2.40
2007.11.16 19:53:02.196,2.2929,2.29335,2.20,2.40
2007.11.16 19:53:02.490,2.2929,2.29335,2.20,2.40
2007.11.16 19:53:02.783,2.2929,2.29335,2.20,2.40
2007.11.16 19:53:03.020,2.2929,2.29335,1.80,2.40
2007.11.16 19:53:03.259,2.29285,2.29335,1.80,2.40
2007.11.16 19:53:03.496,2.29285,2.29335,1.80,2.40
2007.11.16 19:53:03.735,2.29275,2.29285,0.50,2.00
2007.11.16 19:53:03.974,2.29265,2.29285,2.00,2.00
2007.11.16 19:53:04.242,2.2928,2.29285,1.80,2.00
2007.11.16 19:53:04.510,2.2927,2.29285,1.80,2.00
2007.11.16 19:53:04.778,2.2927,2.29285,1.80,2.00
2007.11.16 19:53:05.045,2.2927,2.29285,1.80,2.00
2007.11.16 19:53:05.387,2.2927,2.29285,1.80,2.00
2007.11.16 19:53:06.792,2.2927,2.29285,1.80,2.00
2007.11.16 19:53:07.015,2.29275,2.29285,2.00,2.00
2007.11.16 19:53:07.223,2.2928,2.29335,1.80,4.80
2007.11.16 19:53:07.430,2.2928,2.29335,1.80,4.80
2007.11.16 19:53:07.886,2.29285,2.29335,1.10,2.40
2007.11.16 19:53:08.093,2.29285,2.29335,0.70,2.40
2007.11.16 19:53:08.429,2.29275,2.29285,0.80,2.00
2007.11.16 19:53:08.782,2.2927,2.29325,3.40,2.40
2007.11.16 19:53:09.116,2.29275,2.29285,1.10,2.00
2007.11.16 19:53:10.965,2.29275,2.29285,0.60,2.00
2007.11.16 19:53:11.263,2.29265,2.29285,3.40,2.00
2007.11.16 19:53:11.883,2.2927,2.29285,1.20,2.00
2007.11.16 19:53:12.071,2.29265,2.29285,3.00,2.00
2007.11.16 19:53:12.259,2.2927,2.29285,3.80,2.00
2007.11.16 19:53:12.562,2.29275,2.29285,0.90,2.00
2007.11.16 19:53:12.866,2.29285,2.29335,0.50,6.40
2007.11.16 19:53:13.168,2.29285,2.29335,1.30,6.40
2007.11.16 19:53:13.472,2.2927,2.29285,1.40,2.00
2007.11.16 19:53:13.725,2.29285,2.29325,1.20,2.40
2007.11.16 19:53:14.060,2.29265,2.29285,5.70,2.00
2007.11.16 19:53:14.968,2.29265,2.29285,5.70,2.00
2007.11.16 19:53:15.385,2.29265,2.29285,5.70,2.00
2007.11.16 19:53:15.685,2.2928,2.29285,0.70,2.00
2007.11.16 19:53:16.858,2.2928,2.29285,1.00,2.00
2007.11.16 19:53:17.066,2.2928,2.29285,0.80,2.00
2007.11.16 19:53:17.273,2.2928,2.29285,0.90,2.00
2007.11.16 19:53:17.482,2.2928,2.29285,0.90,2.00
2007.11.16 19:53:17.816,2.29275,2.29285,0.50,2.00
2007.11.16 19:53:18.149,2.29275,2.29285,0.80,2.00
2007.11.16 19:53:19.905,2.29275,2.29285,1.10,2.00
2007.11.16 19:53:20.226,2.29275,2.29285,0.70,2.00
2007.11.16 19:53:20.498,2.29275,2.29285,1.20,2.00
2007.11.16 19:53:21.640,2.29275,2.29285,1.30,2.00
2007.11.16 19:53:21.868,2.29275,2.29285,0.90,2.00
2007.11.16 19:53:22.396,2.29265,2.29285,5.00,2.00
2007.11.16 19:53:24.656,2.29275,2.29285,0.70,2.00
2007.11.16 19:53:24.877,2.29275,2.29285,1.30,2.00
2007.11.16 19:53:27.117,2.29275,2.29285,0.90,2.00
2007.11.16 19:53:28.820,2.2928,2.29285,0.70,2.00
2007.11.16 19:53:29.336,2.2928,2.29315,0.90,2.00
2007.11.16 19:53:29.652,2.29265,2.29315,5.60,2.00
2007.11.16 19:53:32.145,2.29265,2.29315,5.60,2.00
2007.11.16 19:53:32.378,2.29265,2.29315,5.60,2.00
2007.11.16 19:53:33.262,2.29265,2.29325,5.60,4.40
2007.11.16 19:53:33.669,2.2928,2.29325,0.60,2.40
2007.11.16 19:53:33.983,2.2927,2.29325,2.30,2.40
2007.11.16 19:53:36.109,2.29285,2.29325,1.80,2.40
2007.11.16 19:53:36.312,2.29285,2.29335,1.80,4.40
2007.11.16 19:53:36.535,2.293,2.29335,1.80,4.40
2007.11.16 19:53:37.164,2.293,2.29335,1.80,4.40
2007.11.16 19:53:38.413,2.293,2.29335,1.80,4.40
2007.11.16 19:53:38.714,2.29295,2.29335,1.80,4.40
2007.11.16 19:53:38.915,2.29295,2.29335,1.80,4.40
2007.11.16 19:53:42.200,2.29295,2.29335,1.80,4.40
2007.11.16 19:53:43.775,2.29295,2.29335,1.80,4.40
2007.11.16 19:53:43.969,2.2929,2.29325,1.80,2.00
2007.11.16 19:53:44.161,2.2929,2.29315,1.80,2.00
2007.11.16 19:53:44.355,2.2929,2.29315,1.80,2.00
2007.11.16 19:53:44.630,2.2929,2.29315,1.80,2.00
2007.11.16 19:53:45.014,2.2929,2.29305,1.80,2.00
2007.11.16 19:53:46.396,2.2929,2.29305,1.80,2.00
2007.11.16 19:53:47.214,2.2929,2.29305,1.80,2.00
2007.11.16 19:53:47.490,2.2929,2.29315,1.80,2.00
2007.11.16 19:53:48.168,2.2929,2.29315,1.80,2.00
2007.11.16 19:53:48.455,2.29285,2.29315,1.80,2.00
2007.11.16 19:53:51.350,2.29285,2.29315,1.80,2.00
2007.11.16 19:53:52.246,2.29285,2.29315,1.80,2.00
2007.11.16 19:53:57.265,2.29285,2.29315,1.80,2.00
2007.11.16 19:53:59.353,2.29285,2.29315,0.05,2.00
2007.11.16 19:53:59.510,2.2928,2.29315,1.80,2.00
2007.11.16 19:53:59.668,2.2928,2.29315,1.80,2.00
2007.11.16 19:53:59.869,2.2928,2.29315,1.80,2.00
2007.11.16 19:54:02.296,2.2928,2.29315,1.80,2.00
2007.11.16 19:54:03.359,2.2928,2.29315,1.80,0.80
2007.11.16 19:54:07.316,2.2928,2.2933,1.80,4.40
2007.11.16 19:54:10.357,2.29275,2.2933,1.80,4.40
2007.11.16 19:54:12.350,2.29275,2.2933,1.80,4.40
2007.11.16 19:54:13.331,2.2927,2.29315,1.80,0.90
2007.11.16 19:54:16.586,2.2927,2.29325,1.80,4.40
2007.11.16 19:54:16.770,2.29285,2.29315,1.60,0.90
2007.11.16 19:54:16.954,2.29305,2.29315,1.80,0.50
2007.11.16 19:54:17.138,2.29285,2.29325,1.80,0.90
2007.11.16 19:54:17.417,2.29285,2.29335,3.40,6.00
2007.11.16 19:54:17.695,2.29285,2.29325,3.40,0.90
2007.11.16 19:54:17.973,2.29285,2.29335,1.60,8.40
2007.11.16 19:54:18.252,2.2928,2.29335,1.80,4.40
2007.11.16 19:54:18.544,2.2928,2.29335,1.80,4.40
2007.11.16 19:54:18.837,2.2928,2.29325,1.80,0.60
2007.11.16 19:54:19.131,2.2929,2.29325,1.80,0.50
2007.11.16 19:54:22.400,2.2929,2.29345,1.80,10.00
2007.11.16 19:54:22.805,2.2929,2.29345,1.80,0.80
2007.11.16 19:54:23.225,2.2929,2.29345,1.80,0.60
2007.11.16 19:54:23.478,2.29295,2.29345,1.80,0.90
2007.11.16 19:54:24.208,2.29295,2.29345,1.80,0.80
2007.11.16 19:54:24.506,2.29295,2.2935,2.60,4.00
2007.11.16 19:54:25.305,2.29295,2.29355,2.60,6.00
2007.11.16 19:54:25.523,2.29295,2.2935,2.60,0.80
2007.11.16 19:54:27.221,2.29295,2.29355,2.60,6.00
2007.11.16 19:54:27.451,2.29295,2.29355,1.80,6.00
2007.11.16 19:54:28.134,2.29295,2.2935,1.80,0.80
2007.11.16 19:54:31.114,2.29295,2.29355,1.80,6.00
2007.11.16 19:54:32.257,2.29295,2.29345,1.80,0.70
2007.11.16 19:54:33.285,2.29295,2.2935,1.80,2.40
2007.11.16 19:54:34.307,2.29295,2.29345,1.80,2.40
2007.11.16 19:54:34.494,2.29295,2.29345,1.80,2.40
2007.11.16 19:54:34.683,2.29295,2.29345,1.80,6.40
2007.11.16 19:54:34.870,2.29295,2.29345,1.80,4.00
2007.11.16 19:54:35.140,2.29295,2.2935,1.80,2.40
2007.11.16 19:54:35.623,2.29295,2.2935,1.80,2.40
2007.11.16 19:54:37.469,2.29295,2.2935,1.80,2.40
2007.11.16 19:54:38.423,2.29295,2.29355,1.80,10.00
2007.11.16 19:54:39.731,2.29295,2.29345,1.80,0.80
2007.11.16 19:54:39.889,2.29295,2.29345,1.80,0.80
2007.11.16 19:54:40.159,2.293,2.2935,1.80,4.80
2007.11.16 19:54:42.489,2.293,2.2935,1.80,4.80
2007.11.16 19:54:42.729,2.293,2.2935,1.80,0.60
2007.11.16 19:54:42.967,2.2931,2.29355,1.80,8.40
2007.11.16 19:54:43.261,2.2931,2.29365,1.80,12.40
2007.11.16 19:54:43.555,2.29315,2.29345,1.80,0.60
2007.11.16 19:54:43.848,2.29315,2.29345,1.80,0.90
2007.11.16 19:54:44.141,2.29305,2.2936,3.40,4.40
2007.11.16 19:54:46.747,2.29305,2.2936,3.40,4.40
2007.11.16 19:54:46.954,2.29305,2.2936,3.40,4.40
2007.11.16 19:54:47.164,2.29305,2.29355,3.40,0.90
2007.11.16 19:54:47.397,2.29305,2.29365,3.40,4.40
2007.11.16 19:54:47.633,2.29305,2.2936,3.40,0.50
2007.11.16 19:54:47.867,2.2934,2.29365,1.80,0.50
2007.11.16 19:54:48.100,2.2934,2.29385,1.80,8.40
2007.11.16 19:54:48.399,2.2934,2.29385,1.80,6.00
2007.11.16 19:54:48.698,2.2934,2.2939,1.80,4.40
2007.11.16 19:54:48.997,2.29345,2.29365,3.40,0.60
2007.11.16 19:54:49.296,2.29345,2.29395,4.20,4.40
2007.11.16 19:54:49.516,2.2935,2.294,0.80,4.40
2007.11.16 19:54:49.839,2.2935,2.294,0.80,4.40
2007.11.16 19:54:50.079,2.2935,2.29385,0.80,0.80
2007.11.16 19:54:50.297,2.2935,2.29375,0.80,0.80
2007.11.16 19:54:50.516,2.29345,2.29375,1.60,0.80
2007.11.16 19:54:51.250,2.29345,2.29385,1.60,4.40
2007.11.16 19:54:51.503,2.29345,2.29375,1.60,0.90
2007.11.16 19:54:51.725,2.29345,2.29385,1.60,4.40
2007.11.16 19:54:51.948,2.29345,2.29375,1.60,0.80
2007.11.16 19:54:52.171,2.2935,2.29395,1.80,4.40
2007.11.16 19:54:52.395,2.2935,2.29375,1.80,0.60
2007.11.16 19:54:52.683,2.29345,2.29395,1.60,6.80
2007.11.16 19:54:52.970,2.29345,2.29395,1.60,6.80
2007.11.16 19:54:53.258,2.29345,2.29395,1.60,6.80
2007.11.16 19:54:53.547,2.29345,2.29385,1.60,0.90
2007.11.16 19:54:53.801,2.29345,2.29385,1.60,0.80
2007.11.16 19:54:54.142,2.29345,2.29385,1.60,0.70
2007.11.16 19:54:54.401,2.29345,2.29385,3.20,0.70
2007.11.16 19:54:54.603,2.29355,2.29395,1.60,4.40
2007.11.16 19:54:54.811,2.29355,2.294,1.60,4.40
2007.11.16 19:54:55.019,2.29355,2.29405,1.60,4.40
2007.11.16 19:54:55.227,2.29355,2.29405,1.60,4.40
2007.11.16 19:54:55.435,2.29355,2.29405,2.40,4.40
2007.11.16 19:54:55.703,2.29355,2.29385,2.40,0.60
2007.11.16 19:54:56.088,2.29355,2.29405,2.40,4.40
2007.11.16 19:54:56.356,2.29365,2.29385,1.60,0.60
2007.11.16 19:54:56.625,2.29365,2.29385,2.40,0.50
2007.11.16 19:54:56.848,2.29365,2.29385,2.40,0.70
2007.11.16 19:54:57.071,2.29365,2.29385,1.60,0.60
2007.11.16 19:54:57.396,2.29365,2.29385,1.60,0.80
2007.11.16 19:54:59.163,2.29365,2.29385,1.60,0.90
2007.11.16 19:55:00.755,2.29365,2.29385,1.60,0.90
2007.11.16 19:55:00.850,2.29345,2.29385,1.60,0.90
2007.11.16 19:55:00.949,2.29345,2.29385,1.60,0.50
2007.11.16 19:55:01.093,2.2934,2.29395,0.80,6.40
2007.11.16 19:55:01.180,2.2934,2.29385,0.80,4.40
2007.11.16 19:55:01.429,2.29335,2.29385,0.80,4.40
2007.11.16 19:55:01.622,2.29335,2.29385,0.80,4.40
2007.11.16 19:55:02.156,2.29335,2.29395,0.80,6.40
2007.11.16 19:55:02.489,2.29335,2.29385,0.80,0.90
2007.11.16 19:55:03.036,2.29335,2.29395,0.80,6.40
2007.11.16 19:55:03.225,2.29335,2.29395,2.80,6.80
2007.11.16 19:55:03.414,2.2934,2.2939,1.80,4.40
2007.11.16 19:55:03.660,2.2934,2.2939,1.80,4.40
2007.11.16 19:55:03.848,2.29345,2.29385,1.60,4.40
2007.11.16 19:55:04.180,2.29345,2.29385,3.40,4.40
2007.11.16 19:55:04.513,2.29345,2.29385,3.40,4.40
2007.11.16 19:55:04.846,2.29345,2.29395,3.40,4.40
2007.11.16 19:55:05.069,2.29345,2.29395,3.40,4.40
2007.11.16 19:55:05.292,2.29345,2.29385,1.60,4.40
2007.11.16 19:55:05.515,2.29345,2.29385,1.60,4.40
2007.11.16 19:55:05.738,2.29345,2.29385,3.40,4.40
2007.11.16 19:55:06.222,2.29345,2.29375,3.40,0.80
2007.11.16 19:55:06.556,2.29345,2.29395,3.40,4.40
2007.11.16 19:55:07.620,2.29345,2.29385,3.40,2.00
2007.11.16 19:55:07.792,2.29345,2.29385,3.40,2.00
2007.11.16 19:55:07.966,2.29345,2.29385,3.40,2.00
2007.11.16 19:55:08.279,2.2935,2.29385,1.80,2.00
2007.11.16 19:55:08.592,2.29355,2.29385,1.80,2.00
2007.11.16 19:55:08.904,2.2935,2.29385,1.80,2.00
2007.11.16 19:55:09.573,2.2935,2.29385,1.80,2.00
2007.11.16 19:55:09.986,2.2935,2.29385,1.80,2.00
2007.11.16 19:55:10.170,2.29355,2.29385,1.60,2.00
2007.11.16 19:55:10.353,2.29355,2.29385,3.60,2.00
2007.11.16 19:55:10.537,2.29355,2.29385,5.40,2.00
2007.11.16 19:55:10.771,2.29355,2.29385,5.40,2.00
2007.11.16 19:55:11.371,2.29355,2.29385,5.40,2.00
2007.11.16 19:55:12.154,2.29355,2.29385,5.40,2.00
2007.11.16 19:55:12.322,2.29355,2.29385,7.00,2.00
2007.11.16 19:55:12.490,2.2936,2.29385,0.80,2.00
2007.11.16 19:55:12.659,2.29365,2.29385,1.80,2.00
2007.11.16 19:55:14.334,2.29365,2.29385,1.80,2.00
2007.11.16 19:55:14.527,2.29365,2.29385,1.80,2.00
2007.11.16 19:55:14.715,2.29365,2.29395,1.80,2.00
2007.11.16 19:55:15.059,2.29365,2.29395,1.80,2.00
2007.11.16 19:55:15.246,2.29365,2.29395,1.80,2.00
2007.11.16 19:55:15.564,2.2936,2.29395,1.80,2.00
2007.11.16 19:55:15.883,2.2935,2.29395,2.60,2.00
2007.11.16 19:55:16.202,2.2935,2.29395,1.80,4.40
2007.11.16 19:55:16.464,2.29345,2.29395,1.80,6.80
2007.11.16 19:55:16.866,2.29345,2.29395,1.80,6.80
2007.11.16 19:55:17.174,2.29345,2.29395,1.80,4.40
2007.11.16 19:55:17.591,2.29345,2.29395,1.80,6.80
2007.11.16 19:55:17.805,2.29345,2.29395,1.80,4.40
2007.11.16 19:55:18.017,2.29345,2.29395,1.80,4.40
2007.11.16 19:55:18.230,2.2935,2.29385,1.80,2.00
2007.11.16 19:55:18.444,2.2935,2.29385,1.80,2.00
2007.11.16 19:55:18.844,2.2935,2.29385,1.80,2.00
2007.11.16 19:55:19.364,2.2935,2.29385,1.80,2.00
2007.11.16 19:55:19.636,2.2935,2.29385,1.80,2.00
2007.11.16 19:55:19.883,2.2935,2.29385,1.80,2.00
2007.11.16 19:55:20.081,2.2935,2.29385,1.80,2.00
2007.11.16 19:55:20.279,2.29335,2.2937,9.20,2.40
2007.11.16 19:55:20.477,2.29345,2.2937,1.60,2.40
2007.11.16 19:55:20.599,2.29345,2.2937,0.50,2.40
2007.11.16 19:55:20.814,2.29345,2.2937,6.40,2.40
2007.11.16 19:55:21.155,2.29345,2.29385,2.60,2.00
2007.11.16 19:55:21.489,2.29335,2.29385,7.80,2.00
2007.11.16 19:55:21.742,2.2934,2.29385,4.20,2.00
2007.11.16 19:55:21.994,2.2934,2.29385,4.20,2.00
2007.11.16 19:55:22.257,2.29345,2.29385,0.70,2.00
2007.11.16 19:55:22.509,2.2934,2.29385,3.40,2.00
2007.11.16 19:55:22.738,2.29345,2.29385,0.70,2.00
2007.11.16 19:55:23.049,2.29345,2.29385,1.00,2.00
2007.11.16 19:55:23.277,2.2934,2.29385,4.20,2.00
2007.11.16 19:55:23.596,2.2934,2.29385,4.20,2.00
2007.11.16 19:55:23.823,2.2934,2.29385,4.20,2.00
2007.11.16 19:55:24.123,2.2934,2.29385,4.20,2.00
2007.11.16 19:55:25.143,2.2934,2.29385,4.20,2.00
2007.11.16 19:55:25.839,2.29345,2.29385,0.80,2.00
2007.11.16 19:55:27.804,2.2934,2.29385,4.20,2.00
2007.11.16 19:55:27.937,2.2934,2.29385,3.40,2.00
2007.11.16 19:55:28.728,2.29345,2.29385,1.00,2.00
2007.11.16 19:55:29.061,2.2934,2.29385,3.40,2.00
2007.11.16 19:55:29.393,2.2934,2.29385,4.20,2.00
2007.11.16 19:55:29.726,2.29345,2.29385,1.00,2.00
2007.11.16 19:55:29.894,2.2934,2.29385,4.20,2.00
2007.11.16 19:55:30.860,2.29345,2.29385,1.20,2.00
2007.11.16 19:55:31.098,2.2934,2.29385,4.20,2.00
2007.11.16 19:55:31.375,2.29345,2.29385,0.60,2.00
2007.11.16 19:55:31.612,2.2934,2.29385,2.40,2.00
2007.11.16 19:55:32.414,2.2934,2.29385,4.20,2.00
2007.11.16 19:55:32.676,2.2934,2.29375,4.20,2.00
2007.11.16 19:55:32.939,2.2934,2.29375,3.40,2.00
2007.11.16 19:55:33.767,2.2934,2.29375,3.40,2.00
2007.11.16 19:55:34.525,2.29345,2.29375,0.90,2.00
2007.11.16 19:55:34.795,2.2934,2.29375,1.10,2.00
2007.11.16 19:55:35.058,2.29335,2.29375,3.80,2.00
2007.11.16 19:55:35.291,2.2934,2.29375,0.70,2.00
2007.11.16 19:55:35.523,2.29335,2.29375,0.60,2.00
2007.11.16 19:55:35.757,2.2933,2.29375,2.60,2.00
2007.11.16 19:55:35.990,2.2932,2.29375,2.60,2.00
2007.11.16 19:55:36.286,2.29315,2.29375,6.20,4.40
2007.11.16 19:55:36.584,2.2932,2.29375,0.90,4.40
2007.11.16 19:55:37.016,2.2932,2.29375,0.70,4.40
2007.11.16 19:55:37.411,2.29315,2.29375,6.20,4.40
2007.11.16 19:55:37.727,2.29325,2.29375,0.90,2.00
2007.11.16 19:55:38.659,2.2932,2.29375,1.20,4.40
2007.11.16 19:55:38.871,2.2932,2.2937,0.80,2.40
2007.11.16 19:55:40.933,2.29315,2.2937,6.20,2.40
2007.11.16 19:55:41.574,2.29325,2.29375,0.90,4.40
2007.11.16 19:55:41.889,2.29315,2.29375,6.20,4.40
2007.11.16 19:55:42.627,2.29315,2.29375,6.20,4.40
2007.11.16 19:55:42.841,2.2933,2.29375,2.80,2.00
2007.11.16 19:55:43.343,2.2933,2.29375,2.80,2.00
2007.11.16 19:55:44.058,2.2933,2.29375,2.80,2.00
2007.11.16 19:55:44.375,2.2933,2.29375,4.60,2.00
2007.11.16 19:55:45.021,2.29335,2.29375,1.60,2.00
2007.11.16 19:55:45.312,2.29335,2.29375,1.80,2.00
2007.11.16 19:55:45.792,2.2933,2.29375,6.20,2.00
2007.11.16 19:55:46.043,2.29335,2.29375,2.10,2.00
2007.11.16 19:55:46.275,2.2933,2.29375,5.40,2.00
2007.11.16 19:55:47.269,2.2933,2.29375,5.40,2.00
2007.11.16 19:55:47.567,2.29335,2.29375,0.80,2.00
2007.11.16 19:55:47.781,2.2933,2.29375,6.20,2.00
2007.11.16 19:55:50.975,2.29335,2.29375,3.60,2.00
2007.11.16 19:55:52.705,2.29335,2.29375,6.00,2.00
2007.11.16 19:55:52.858,2.29355,2.29375,2.00,2.00
2007.11.16 19:55:53.057,2.29355,2.29375,2.00,2.00
2007.11.16 19:55:53.209,2.29355,2.29375,2.00,2.00
2007.11.16 19:55:53.365,2.29355,2.29375,2.00,2.00
2007.11.16 19:55:53.653,2.29355,2.29375,2.00,2.00
2007.11.16 19:55:54.307,2.29355,2.29375,2.00,2.00
2007.11.16 19:55:55.992,2.29355,2.29375,2.00,2.00
2007.11.16 19:55:57.826,2.29355,2.29375,2.00,2.00
2007.11.16 19:55:58.143,2.29355,2.29375,2.00,2.00
2007.11.16 19:55:58.496,2.29355,2.29375,2.00,2.00
2007.11.16 19:55:58.675,2.29355,2.29375,2.00,2.00
2007.11.16 19:55:58.852,2.29355,2.29385,2.00,2.00
2007.11.16 19:55:59.192,2.29355,2.29375,2.00,2.00
2007.11.16 19:56:00.381,2.29355,2.29375,2.00,2.00
2007.11.16 19:56:01.018,2.29355,2.29375,2.00,2.00
2007.11.16 19:56:04.536,2.29355,2.29375,2.00,2.00
2007.11.16 19:56:04.804,2.29355,2.29375,3.60,2.00
2007.11.16 19:56:05.075,2.29355,2.29375,3.60,2.00
2007.11.16 19:56:05.248,2.29355,2.29375,3.60,2.00
2007.11.16 19:56:06.049,2.29355,2.29375,3.60,2.00
2007.11.16 19:56:06.382,2.29355,2.29375,3.60,2.00
2007.11.16 19:56:06.901,2.29355,2.29375,3.60,2.00
2007.11.16 19:56:07.318,2.29355,2.29375,3.60,2.00
2007.11.16 19:56:07.576,2.29355,2.29375,3.60,2.00
2007.11.16 19:56:07.825,2.29365,2.29405,2.00,2.40
2007.11.16 19:56:08.072,2.29365,2.29415,3.80,2.40
2007.11.16 19:56:08.321,2.29365,2.2942,3.80,2.40
2007.11.16 19:56:08.550,2.29375,2.29395,3.60,2.00
2007.11.16 19:56:08.779,2.29375,2.29395,3.60,2.00
2007.11.16 19:56:09.089,2.29375,2.29395,3.60,2.00
2007.11.16 19:56:09.316,2.29375,2.29395,3.60,2.00
2007.11.16 19:56:09.548,2.29375,2.29395,3.60,2.00
2007.11.16 19:56:09.783,2.29375,2.29405,3.60,2.00
2007.11.16 19:56:10.017,2.29375,2.29405,3.60,2.00
2007.11.16 19:56:10.249,2.29375,2.29405,3.60,2.00
2007.11.16 19:56:10.507,2.29375,2.29405,3.60,2.00
2007.11.16 19:56:10.766,2.29375,2.29405,3.60,2.00
2007.11.16 19:56:11.066,2.29375,2.29405,3.60,2.00
2007.11.16 19:56:12.704,2.29375,2.29405,3.60,2.00
2007.11.16 19:56:13.139,2.29375,2.29405,3.60,2.00
2007.11.16 19:56:13.712,2.29375,2.29395,3.60,2.00
2007.11.16 19:56:14.045,2.29375,2.29395,3.60,2.00
2007.11.16 19:56:14.822,2.29375,2.29395,3.60,2.00
2007.11.16 19:56:15.344,2.29375,2.29395,3.60,2.00
2007.11.16 19:56:15.715,2.29375,2.29405,3.60,2.00
2007.11.16 19:56:15.954,2.29375,2.29405,3.60,2.00
2007.11.16 19:56:16.384,2.29375,2.29405,3.60,2.00
2007.11.16 19:56:17.630,2.29375,2.29405,3.60,2.00
2007.11.16 19:56:18.352,2.29375,2.29405,3.60,2.00
2007.11.16 19:56:18.569,2.29375,2.29405,3.60,2.00
2007.11.16 19:56:20.117,2.29375,2.29405,3.60,2.00
2007.11.16 19:56:20.632,2.29375,2.29405,4.40,2.00
2007.11.16 19:56:21.110,2.29375,2.29405,4.40,2.00
2007.11.16 19:56:21.413,2.29375,2.29405,2.00,2.00
2007.11.16 19:56:21.717,2.29375,2.29405,2.00,2.00
2007.11.16 19:56:21.995,2.29375,2.29405,2.00,2.00
2007.11.16 19:56:24.670,2.29375,2.29405,2.00,2.00
2007.11.16 19:56:24.885,2.29375,2.29405,3.60,2.00
2007.11.16 19:56:25.101,2.29375,2.29405,5.40,2.00
2007.11.16 19:56:25.319,2.2938,2.29405,1.80,2.00
2007.11.16 19:56:25.617,2.2938,2.29405,1.80,2.00
2007.11.16 19:56:25.829,2.29385,2.29405,1.60,2.00
2007.11.16 19:56:26.108,2.29385,2.29405,1.60,2.00
2007.11.16 19:56:26.386,2.29385,2.29405,1.60,2.00
2007.11.16 19:56:28.722,2.29385,2.29405,1.60,2.00
2007.11.16 19:56:28.978,2.29385,2.29405,1.60,2.00
2007.11.16 19:56:29.236,2.29385,2.29405,1.60,2.00
2007.11.16 19:56:29.494,2.29385,2.29405,1.60,2.00
2007.11.16 19:56:30.080,2.29385,2.29405,1.60,2.00
2007.11.16 19:56:30.332,2.29385,2.29405,1.60,2.00
2007.11.16 19:56:30.584,2.29385,2.29405,1.60,2.00
2007.11.16 19:56:30.837,2.29385,2.29405,1.60,2.00
2007.11.16 19:56:31.114,2.29385,2.29405,1.60,2.00
2007.11.16 19:56:31.121,2.2938,2.29405,3.40,2.00
2007.11.16 19:56:31.362,2.29385,2.29405,2.10,2.00
2007.11.16 19:56:32.372,2.29385,2.29405,1.60,2.00
2007.11.16 19:56:32.829,2.29385,2.29405,1.60,2.00
2007.11.16 19:56:33.208,2.29385,2.29405,1.60,2.00
2007.11.16 19:56:33.415,2.29385,2.29405,1.60,2.00
2007.11.16 19:56:33.630,2.29385,2.29405,1.60,2.00
2007.11.16 19:56:33.837,2.29385,2.29405,1.60,2.00
2007.11.16 19:56:34.850,2.29385,2.29405,1.60,2.00
2007.11.16 19:56:35.231,2.29385,2.29405,1.60,2.00
2007.11.16 19:56:35.704,2.29385,2.29405,1.60,2.00
2007.11.16 19:56:35.903,2.29385,2.29395,1.60,2.00
2007.11.16 19:56:36.182,2.29385,2.29395,1.60,2.00
2007.11.16 19:56:36.734,2.29385,2.29395,1.60,2.00
2007.11.16 19:56:37.008,2.29385,2.29395,1.60,2.00
2007.11.16 19:56:37.287,2.29385,2.29395,1.60,2.00
2007.11.16 19:56:37.567,2.29385,2.29395,1.60,2.00
2007.11.16 19:56:37.844,2.29385,2.29395,1.60,2.00
2007.11.16 19:56:38.122,2.29385,2.29395,1.60,2.00
2007.11.16 19:56:38.796,2.29385,2.29395,1.60,2.00
2007.11.16 19:56:39.101,2.29385,2.29395,1.60,2.00
2007.11.16 19:56:39.680,2.29385,2.29395,1.60,2.00
2007.11.16 19:56:39.923,2.29385,2.29395,1.60,2.00
2007.11.16 19:56:40.166,2.29385,2.29395,1.60,2.00
2007.11.16 19:56:40.375,2.29385,2.29395,1.60,2.00
2007.11.16 19:56:40.626,2.29385,2.29395,1.60,2.00
2007.11.16 19:56:40.879,2.29385,2.29395,1.60,2.00
2007.11.16 19:56:41.086,2.29375,2.29425,3.60,2.40
2007.11.16 19:56:41.658,2.29375,2.29425,3.60,2.40
2007.11.16 19:56:42.325,2.29375,2.29425,3.60,2.40
2007.11.16 19:56:42.587,2.29375,2.29425,3.60,2.40
2007.11.16 19:56:42.850,2.29375,2.29425,3.60,2.40
2007.11.16 19:56:43.113,2.29375,2.29425,3.60,2.40
2007.11.16 19:56:43.879,2.29375,2.29425,3.60,2.40
2007.11.16 19:56:45.069,2.29375,2.29425,3.60,2.40
2007.11.16 19:56:45.258,2.29375,2.29425,4.40,2.40
2007.11.16 19:56:45.525,2.2939,2.29405,0.80,2.00
2007.11.16 19:56:45.722,2.2939,2.29405,2.60,2.00
2007.11.16 19:56:46.247,2.2939,2.29405,2.60,2.00
2007.11.16 19:56:46.447,2.2939,2.29405,2.60,2.00
2007.11.16 19:56:46.744,2.2939,2.29405,1.80,2.00
2007.11.16 19:56:47.042,2.2939,2.29405,1.80,2.00
2007.11.16 19:56:47.340,2.2939,2.29405,1.80,2.00
2007.11.16 19:56:47.639,2.29375,2.29405,5.40,2.00
2007.11.16 19:56:47.851,2.29375,2.29405,5.40,2.00
2007.11.16 19:56:48.148,2.29375,2.29405,3.60,2.00
2007.11.16 19:56:48.361,2.29375,2.29405,3.60,2.00
2007.11.16 19:56:48.594,2.29375,2.29405,3.60,2.00
2007.11.16 19:56:50.672,2.29375,2.29415,3.60,2.00
2007.11.16 19:56:50.891,2.29375,2.29415,6.20,2.00
2007.11.16 19:56:51.268,2.29375,2.29415,6.20,2.00
2007.11.16 19:56:53.221,2.29375,2.29415,6.20,2.00
2007.11.16 19:56:53.349,2.29395,2.29415,2.00,2.00
2007.11.16 19:56:53.682,2.29395,2.29415,2.00,2.00
2007.11.16 19:56:53.977,2.29395,2.29415,2.00,2.00
2007.11.16 19:56:54.271,2.29395,2.29415,2.00,2.00
2007.11.16 19:56:54.563,2.29395,2.29415,2.00,2.00
2007.11.16 19:56:54.857,2.29385,2.29415,1.80,2.00
2007.11.16 19:56:55.065,2.29375,2.29415,5.40,2.00
2007.11.16 19:56:55.273,2.29375,2.29415,5.40,2.00
2007.11.16 19:56:55.481,2.29375,2.29415,5.40,2.00
2007.11.16 19:56:56.065,2.29375,2.29415,5.40,2.00
2007.11.16 19:56:56.289,2.29375,2.29415,5.40,2.00
2007.11.16 19:56:56.497,2.29375,2.29415,5.40,2.00
2007.11.16 19:56:58.070,2.29375,2.29415,5.40,2.00
2007.11.16 19:56:58.223,2.29375,2.29415,5.40,2.00
2007.11.16 19:56:58.341,2.29375,2.29415,5.40,2.00
2007.11.16 19:56:58.592,2.29375,2.29415,6.20,2.00
2007.11.16 19:56:58.746,2.29375,2.29415,6.20,2.00
2007.11.16 19:56:58.863,2.29375,2.29415,6.20,2.00
2007.11.16 19:56:58.981,2.29375,2.29415,6.20,2.00
2007.11.16 19:56:59.315,2.29375,2.29415,3.60,2.00
2007.11.16 19:56:59.647,2.29375,2.29415,2.00,2.00
2007.11.16 19:56:59.980,2.29375,2.2942,2.00,2.40
2007.11.16 19:57:00.147,2.29375,2.2942,2.00,2.40
2007.11.16 19:57:00.316,2.29375,2.2942,2.00,2.40
2007.11.16 19:57:01.248,2.29375,2.29415,2.00,0.20
2007.11.16 19:57:01.521,2.2937,2.29415,2.60,2.60
2007.11.16 19:57:01.795,2.29365,2.2941,2.00,2.40
2007.11.16 19:57:02.080,2.29365,2.2941,2.00,2.40
2007.11.16 19:57:02.347,2.29365,2.2941,2.00,2.40
2007.11.16 19:57:02.616,2.29365,2.29415,3.80,2.40
2007.11.16 19:57:02.884,2.29365,2.29415,2.00,4.80
2007.11.16 19:57:03.322,2.29365,2.29415,2.80,4.80
2007.11.16 19:57:03.530,2.29365,2.29415,2.80,2.40
2007.11.16 19:57:03.740,2.29365,2.29415,3.60,2.40
2007.11.16 19:57:04.031,2.29365,2.2942,6.20,2.40
2007.11.16 19:57:04.236,2.2937,2.2942,0.80,2.40
2007.11.16 19:57:05.275,2.2937,2.2942,0.80,2.40
2007.11.16 19:57:05.501,2.2937,2.2942,0.80,2.40
2007.11.16 19:57:05.724,2.29375,2.29415,0.80,2.40
2007.11.16 19:57:05.947,2.29375,2.29415,0.80,4.80
2007.11.16 19:57:06.170,2.29365,2.29415,3.60,4.80
2007.11.16 19:57:06.393,2.29365,2.29415,2.80,4.80
2007.11.16 19:57:06.641,2.29365,2.29415,2.80,4.80
2007.11.16 19:57:07.023,2.29365,2.29415,2.80,4.80
2007.11.16 19:57:08.283,2.29365,2.29415,2.80,5.00
2007.11.16 19:57:08.569,2.29365,2.29415,2.80,5.00
2007.11.16 19:57:08.764,2.29385,2.2941,2.00,2.40
2007.11.16 19:57:08.938,2.29385,2.29425,2.00,1.60
2007.11.16 19:57:09.123,2.29385,2.29425,2.00,1.60
2007.11.16 19:57:09.305,2.29385,2.2943,2.00,2.40
2007.11.16 19:57:09.488,2.29385,2.2943,2.00,2.40
2007.11.16 19:57:09.821,2.29385,2.2943,2.00,2.40
2007.11.16 19:57:10.189,2.29385,2.2943,2.00,2.40
2007.11.16 19:57:10.995,2.29385,2.2943,2.00,2.40
2007.11.16 19:57:11.188,2.29385,2.2943,2.00,2.40
2007.11.16 19:57:11.385,2.29375,2.2943,6.20,2.40
2007.11.16 19:57:12.350,2.29375,2.2943,6.20,2.40
2007.11.16 19:57:13.252,2.29385,2.2943,2.00,2.40
2007.11.16 19:57:13.529,2.29385,2.2943,2.00,2.40
2007.11.16 19:57:13.737,2.29385,2.2943,2.00,2.40
2007.11.16 19:57:15.126,2.29385,2.2943,2.00,2.40
2007.11.16 19:57:16.344,2.29385,2.2943,2.00,2.40
2007.11.16 19:57:16.592,2.29385,2.2943,2.00,2.40
2007.11.16 19:57:16.840,2.29385,2.29435,2.00,6.80
2007.11.16 19:57:17.928,2.29385,2.29435,2.00,4.80
2007.11.16 19:57:18.242,2.29385,2.29435,2.00,4.80
2007.11.16 19:57:18.461,2.29385,2.29435,2.80,4.80
2007.11.16 19:57:20.126,2.29385,2.29435,2.80,4.80
2007.11.16 19:57:20.647,2.29385,2.29435,2.80,4.80
2007.11.16 19:57:21.067,2.29385,2.29435,2.80,4.80
2007.11.16 19:57:21.374,2.29385,2.29435,4.60,2.40
2007.11.16 19:57:21.623,2.29385,2.29435,2.80,4.80
2007.11.16 19:57:21.871,2.29385,2.29435,0.80,4.80
2007.11.16 19:57:22.168,2.29385,2.29435,2.60,4.80
2007.11.16 19:57:22.510,2.29385,2.29435,2.60,4.80
2007.11.16 19:57:22.841,2.29385,2.29435,2.60,2.40
2007.11.16 19:57:26.216,2.29385,2.29435,4.60,2.40
2007.11.16 19:57:26.449,2.29385,2.29435,4.60,2.40
2007.11.16 19:57:27.260,2.29385,2.29435,4.60,2.40
2007.11.16 19:57:27.553,2.29385,2.29435,3.80,2.40
2007.11.16 19:57:27.884,2.29385,2.29435,3.80,2.40
2007.11.16 19:57:28.177,2.29385,2.29435,4.60,2.40
2007.11.16 19:57:30.482,2.29385,2.29435,4.60,2.40
2007.11.16 19:57:31.113,2.29385,2.29435,2.80,4.80
2007.11.16 19:57:31.498,2.29385,2.29435,2.80,4.80
2007.11.16 19:57:31.707,2.29385,2.29435,2.80,6.80
2007.11.16 19:57:33.983,2.29395,2.29435,1.60,6.80
2007.11.16 19:57:34.117,2.29395,2.29435,1.60,6.80
2007.11.16 19:57:34.435,2.29405,2.29435,2.00,4.40
2007.11.16 19:57:34.835,2.29405,2.29435,2.00,4.40
2007.11.16 19:57:35.157,2.29405,2.29435,2.00,4.40
2007.11.16 19:57:35.356,2.29405,2.29435,2.00,2.00
2007.11.16 19:57:35.568,2.29405,2.29435,2.00,2.00
2007.11.16 19:57:36.523,2.29405,2.29435,2.00,2.00
2007.11.16 19:57:36.820,2.29405,2.29435,2.00,2.00
2007.11.16 19:57:37.226,2.29405,2.29445,2.00,2.00
2007.11.16 19:57:37.488,2.29405,2.29445,2.80,2.00
2007.11.16 19:57:38.191,2.29405,2.29445,2.80,2.00
2007.11.16 19:57:38.404,2.29425,2.29445,2.00,2.00
2007.11.16 19:57:38.617,2.29425,2.29445,2.00,2.00
2007.11.16 19:57:38.831,2.29425,2.29455,2.00,2.00
2007.11.16 19:57:39.121,2.29425,2.29455,2.00,2.00
2007.11.16 19:57:40.584,2.29425,2.29455,2.00,2.00
2007.11.16 19:57:40.773,2.29425,2.29455,2.00,2.00
2007.11.16 19:57:41.011,2.29415,2.29455,5.40,2.00
2007.11.16 19:57:41.198,2.2942,2.29455,1.80,2.00
2007.11.16 19:57:41.388,2.29425,2.29455,2.00,2.00
2007.11.16 19:57:41.693,2.29425,2.29455,2.00,2.00
2007.11.16 19:57:42.049,2.29425,2.29455,2.00,2.00
2007.11.16 19:57:43.348,2.29425,2.29455,2.00,2.00
2007.11.16 19:57:43.616,2.29415,2.29455,3.80,2.00
2007.11.16 19:57:43.804,2.29415,2.29455,3.80,2.00
2007.11.16 19:57:43.993,2.29415,2.29455,3.80,2.00
2007.11.16 19:57:44.182,2.29415,2.29455,2.00,2.00
2007.11.16 19:57:44.369,2.29415,2.29455,2.00,2.00
2007.11.16 19:57:46.330,2.29415,2.29455,2.00,2.00
2007.11.16 19:57:46.493,2.29415,2.29455,2.00,2.00
2007.11.16 19:57:46.656,2.29415,2.29455,2.00,2.00
2007.11.16 19:57:46.989,2.29415,2.29455,2.00,2.00
2007.11.16 19:57:47.160,2.2941,2.29455,4.60,2.00
2007.11.16 19:57:49.255,2.29425,2.29455,2.00,2.00
2007.11.16 19:57:49.533,2.29425,2.29455,2.00,2.00
2007.11.16 19:57:51.590,2.29425,2.29455,2.00,2.00
2007.11.16 19:57:52.581,2.29425,2.29455,2.00,2.00
2007.11.16 19:57:53.083,2.29425,2.29455,2.00,2.00
2007.11.16 19:57:56.607,2.29425,2.29455,2.00,2.00
2007.11.16 19:57:58.807,2.29425,2.29455,2.00,2.00
2007.11.16 19:58:00.055,2.29425,2.29455,2.00,2.00
2007.11.16 19:58:00.337,2.29425,2.29455,2.00,2.00
2007.11.16 19:58:00.540,2.29415,2.29455,3.80,2.00
2007.11.16 19:58:00.743,2.29415,2.29455,3.80,2.00
2007.11.16 19:58:00.947,2.29415,2.29455,2.00,2.00
2007.11.16 19:58:01.621,2.29415,2.29455,2.00,2.00
2007.11.16 19:58:03.300,2.29415,2.29455,2.00,2.00
2007.11.16 19:58:03.467,2.29415,2.29455,2.80,2.00
2007.11.16 19:58:06.650,2.29415,2.29455,2.80,2.00
2007.11.16 19:58:07.280,2.29415,2.29455,2.80,2.00
2007.11.16 19:58:07.453,2.29415,2.29455,2.00,2.00
2007.11.16 19:58:07.776,2.29415,2.29455,2.00,2.00
2007.11.16 19:58:08.100,2.29415,2.29465,2.00,5.20
2007.11.16 19:58:08.423,2.29415,2.29465,3.80,2.80
2007.11.16 19:58:10.887,2.29415,2.29465,3.80,2.80
2007.11.16 19:58:11.056,2.29425,2.29465,2.00,2.80
2007.11.16 19:58:11.223,2.29425,2.29465,2.00,2.80
2007.11.16 19:58:11.391,2.29425,2.29465,2.00,2.80
2007.11.16 19:58:11.825,2.29425,2.29465,2.00,2.80
2007.11.16 19:58:13.449,2.29425,2.29465,2.00,2.80
2007.11.16 19:58:13.672,2.29425,2.29465,2.80,2.80
2007.11.16 19:58:14.920,2.29425,2.29465,2.80,2.00
2007.11.16 19:58:15.327,2.29425,2.29465,2.80,2.00
2007.11.16 19:58:16.054,2.29425,2.29465,4.60,2.00
2007.11.16 19:58:16.243,2.29425,2.29455,4.60,2.00
2007.11.16 19:58:16.696,2.29425,2.29455,4.60,2.00
2007.11.16 19:58:17.092,2.29425,2.29455,4.60,2.00
2007.11.16 19:58:17.217,2.29415,2.29455,9.80,2.00
2007.11.16 19:58:19.625,2.29425,2.29455,4.60,2.00
2007.11.16 19:58:19.780,2.29425,2.29455,2.60,2.00
2007.11.16 19:58:20.053,2.29415,2.29455,0.80,2.00
2007.11.16 19:58:20.327,2.29415,2.29455,0.80,2.00
2007.11.16 19:58:20.629,2.29415,2.29455,0.80,2.00
2007.11.16 19:58:20.902,2.2942,2.29465,0.80,6.80
2007.11.16 19:58:21.353,2.2942,2.29465,0.80,6.80
2007.11.16 19:58:21.715,2.2942,2.29465,0.80,6.80
2007.11.16 19:58:21.909,2.2942,2.29465,0.80,7.00
2007.11.16 19:58:22.218,2.2942,2.29455,0.80,2.00
2007.11.16 19:58:22.526,2.2941,2.29455,0.80,2.00
2007.11.16 19:58:22.835,2.294,2.2945,0.80,2.40
2007.11.16 19:58:23.143,2.294,2.2945,0.80,2.40
2007.11.16 19:58:23.351,2.294,2.29455,2.60,10.40
2007.11.16 19:58:23.559,2.294,2.29455,2.60,8.80
2007.11.16 19:58:23.768,2.294,2.29445,2.60,2.00
2007.11.16 19:58:23.976,2.29405,2.29445,0.80,2.00
2007.11.16 19:58:24.562,2.29405,2.29445,0.80,2.00
2007.11.16 19:58:24.805,2.29405,2.29435,0.80,4.40
2007.11.16 19:58:25.054,2.29385,2.29435,0.80,6.80
2007.11.16 19:58:25.247,2.29385,2.29435,0.80,8.80
2007.11.16 19:58:25.614,2.29385,2.29435,0.80,8.80
2007.11.16 19:58:25.837,2.29385,2.29435,0.80,8.80
2007.11.16 19:58:26.340,2.29385,2.29435,0.80,8.80
2007.11.16 19:58:26.578,2.29385,2.29435,0.80,8.80
2007.11.16 19:58:27.064,2.29385,2.29425,0.80,2.00
2007.11.16 19:58:27.302,2.29385,2.29415,0.80,2.00
2007.11.16 19:58:27.570,2.2938,2.29415,1.80,2.00
2007.11.16 19:58:27.838,2.2938,2.29405,1.80,2.00
2007.11.16 19:58:28.106,2.2938,2.29405,1.80,2.00
2007.11.16 19:58:28.375,2.2938,2.29405,1.80,2.00
2007.11.16 19:58:28.577,2.2938,2.29405,1.80,2.00
2007.11.16 19:58:28.780,2.2938,2.29405,1.80,2.00
2007.11.16 19:58:28.983,2.2938,2.29405,1.80,2.00
2007.11.16 19:58:29.187,2.2938,2.29405,2.60,2.00
2007.11.16 19:58:29.435,2.2938,2.29415,1.80,4.40
2007.11.16 19:58:29.683,2.29365,2.29415,0.80,8.80
2007.11.16 19:58:29.930,2.29365,2.29405,0.80,2.00
2007.11.16 19:58:30.311,2.29365,2.29405,0.80,2.00
2007.11.16 19:58:30.523,2.29365,2.29405,2.60,2.00
2007.11.16 19:58:30.905,2.29365,2.29405,2.60,2.00
2007.11.16 19:58:31.120,2.29365,2.29405,0.80,2.00
2007.11.16 19:58:31.332,2.2936,2.29405,2.60,4.00
2007.11.16 19:58:31.534,2.2936,2.29405,2.60,4.00
2007.11.16 19:58:31.738,2.29365,2.29405,3.80,2.00
2007.11.16 19:58:31.941,2.2937,2.29405,1.80,2.00
2007.11.16 19:58:33.797,2.2937,2.29405,1.80,2.00
2007.11.16 19:58:33.940,2.2937,2.29405,2.60,2.00
2007.11.16 19:58:35.865,2.2937,2.29405,2.60,2.00
2007.11.16 19:58:36.033,2.2937,2.29405,2.60,2.00
2007.11.16 19:58:36.200,2.29375,2.29405,1.60,2.00
2007.11.16 19:58:36.481,2.2938,2.29405,0.80,2.00
2007.11.16 19:58:36.795,2.2938,2.29405,0.80,2.00
2007.11.16 19:58:37.114,2.2938,2.29405,0.80,2.00
2007.11.16 19:58:38.053,2.2938,2.29405,0.80,2.00
2007.11.16 19:58:38.302,2.2938,2.29405,0.80,2.00
2007.11.16 19:58:38.550,2.2937,2.29405,1.80,2.00
2007.11.16 19:58:38.719,2.29365,2.29405,0.80,2.00
2007.11.16 19:58:38.886,2.29365,2.29405,0.80,2.00
2007.11.16 19:58:39.054,2.2936,2.29405,0.80,2.00
2007.11.16 19:58:39.222,2.2936,2.29395,0.80,2.00
2007.11.16 19:58:39.390,2.2936,2.29395,0.80,2.00
2007.11.16 19:58:40.054,2.2936,2.29395,0.80,2.00
2007.11.16 19:58:40.341,2.2936,2.29405,0.80,4.40
2007.11.16 19:58:40.630,2.29365,2.2941,0.80,2.40
2007.11.16 19:58:40.817,2.29365,2.2941,0.80,2.40
2007.11.16 19:58:41.005,2.29365,2.29415,2.60,6.40
2007.11.16 19:58:41.193,2.29365,2.29415,3.40,4.40
2007.11.16 19:58:41.381,2.29365,2.29415,3.40,2.00
2007.11.16 19:58:41.486,2.2936,2.29415,4.20,2.00
2007.11.16 19:58:41.569,2.29365,2.29415,5.00,2.00
2007.11.16 19:58:41.909,2.29385,2.29415,0.90,2.00
2007.11.16 19:58:42.235,2.29375,2.29415,5.40,2.00
2007.11.16 19:58:42.646,2.29385,2.29415,3.40,2.00
2007.11.16 19:58:42.870,2.29385,2.29415,3.40,2.00
2007.11.16 19:58:43.100,2.29385,2.29415,3.40,2.00
2007.11.16 19:58:43.322,2.29385,2.29415,3.40,2.00
2007.11.16 19:58:43.545,2.29385,2.29415,3.40,2.00
2007.11.16 19:58:43.768,2.29385,2.29415,3.40,2.00
2007.11.16 19:58:43.992,2.29395,2.29415,1.60,2.00
2007.11.16 19:58:44.215,2.29395,2.2944,1.60,2.40
2007.11.16 19:58:44.438,2.29395,2.2944,1.60,2.40
2007.11.16 19:58:44.661,2.29395,2.29445,1.60,4.40
2007.11.16 19:58:45.454,2.29395,2.29445,1.60,4.40
2007.11.16 19:58:45.688,2.29395,2.29445,1.60,4.40
2007.11.16 19:58:45.920,2.29395,2.29445,1.60,4.40
2007.11.16 19:58:46.083,2.29395,2.29445,3.40,2.00
2007.11.16 19:58:46.247,2.29395,2.29445,3.40,2.00
2007.11.16 19:58:46.410,2.29395,2.29435,3.40,2.00
2007.11.16 19:58:46.576,2.294,2.29435,1.80,2.00
2007.11.16 19:58:46.739,2.294,2.29435,1.80,2.00
2007.11.16 19:58:46.902,2.294,2.29435,1.80,2.00
2007.11.16 19:58:47.237,2.29395,2.29445,3.40,2.00
2007.11.16 19:58:47.570,2.29395,2.29445,3.40,2.00
2007.11.16 19:58:47.904,2.29395,2.29445,3.40,2.00
2007.11.16 19:58:48.219,2.29395,2.29445,1.80,2.00
2007.11.16 19:58:48.469,2.29395,2.29445,1.80,2.00
2007.11.16 19:58:48.807,2.29395,2.29445,3.40,2.00
2007.11.16 19:58:48.962,2.29395,2.29445,3.40,2.00
2007.11.16 19:58:49.121,2.294,2.29445,1.80,2.00
2007.11.16 19:58:49.268,2.294,2.29445,1.80,2.00
2007.11.16 19:58:49.421,2.294,2.29445,1.80,2.00
2007.11.16 19:58:49.593,2.29395,2.29445,1.80,2.00
2007.11.16 19:58:50.013,2.29395,2.29445,3.40,2.00
2007.11.16 19:58:50.302,2.29395,2.29445,3.40,2.00
2007.11.16 19:58:50.589,2.294,2.29445,1.80,2.00
2007.11.16 19:58:50.952,2.294,2.29445,1.80,2.00
2007.11.16 19:58:51.150,2.294,2.29445,1.80,2.00
2007.11.16 19:58:51.349,2.294,2.29435,1.80,2.00
2007.11.16 19:58:51.547,2.294,2.29435,1.80,2.00
2007.11.16 19:58:51.745,2.294,2.29435,1.80,2.00
2007.11.16 19:58:51.943,2.294,2.29435,1.80,2.00
2007.11.16 19:58:52.276,2.294,2.29435,1.80,2.00
2007.11.16 19:58:52.609,2.294,2.29435,1.80,2.00
2007.11.16 19:58:52.942,2.29425,2.29435,0.80,2.00
2007.11.16 19:58:53.125,2.29425,2.29435,0.80,2.00
2007.11.16 19:58:53.308,2.29425,2.29435,0.80,2.00
2007.11.16 19:58:53.492,2.2943,2.29435,1.80,2.00
2007.11.16 19:58:53.676,2.2942,2.29435,1.80,2.00
2007.11.16 19:58:53.858,2.2942,2.29465,1.80,2.00
2007.11.16 19:58:54.041,2.2942,2.29465,1.80,2.00
2007.11.16 19:58:54.374,2.29425,2.29465,1.80,2.00
2007.11.16 19:58:54.707,2.2942,2.2946,1.80,0.20
2007.11.16 19:58:55.041,2.2942,2.29455,1.80,4.40
2007.11.16 19:58:55.239,2.29405,2.2945,4.20,0.20
2007.11.16 19:58:55.437,2.29405,2.2945,2.60,0.20
2007.11.16 19:58:55.635,2.2941,2.29455,1.80,2.00
2007.11.16 19:58:55.876,2.2941,2.29455,1.80,2.00
2007.11.16 19:58:56.073,2.2941,2.29455,1.80,2.00
2007.11.16 19:58:56.362,2.2941,2.29455,1.80,2.00
2007.11.16 19:58:56.650,2.29425,2.29455,1.80,2.00
2007.11.16 19:58:56.938,2.29425,2.29455,1.80,2.00
2007.11.16 19:58:57.225,2.29425,2.29455,1.80,2.00
2007.11.16 19:58:57.503,2.2942,2.29455,1.80,2.00
2007.11.16 19:58:57.781,2.2942,2.29445,1.80,2.00
2007.11.16 19:58:58.059,2.2942,2.29445,1.80,2.00
2007.11.16 19:58:58.267,2.29405,2.29435,0.80,2.00
2007.11.16 19:58:58.475,2.2941,2.29435,1.80,2.00
2007.11.16 19:58:58.683,2.2941,2.29435,1.80,2.00
2007.11.16 19:58:58.891,2.29405,2.29435,2.60,2.00
2007.11.16 19:58:59.145,2.29405,2.29435,2.60,2.00
2007.11.16 19:58:59.378,2.29405,2.29445,1.80,4.40
2007.11.16 19:58:59.612,2.294,2.29445,1.80,4.40
2007.11.16 19:58:59.845,2.294,2.29435,1.80,2.00
2007.11.16 19:59:00.094,2.294,2.29435,1.80,2.00
2007.11.16 19:59:00.302,2.29405,2.29435,1.80,2.00
2007.11.16 19:59:00.509,2.29405,2.29435,1.80,2.00
2007.11.16 19:59:00.718,2.29405,2.29435,1.80,2.00
2007.11.16 19:59:00.929,2.29405,2.29435,1.80,2.00
2007.11.16 19:59:01.137,2.29405,2.29435,1.80,2.00
2007.11.16 19:59:01.369,2.29405,2.29435,1.80,2.00
2007.11.16 19:59:01.915,2.29405,2.29435,1.80,2.00
2007.11.16 19:59:02.881,2.29405,2.29435,1.80,2.00
2007.11.16 19:59:03.165,2.29405,2.29435,1.80,2.00
2007.11.16 19:59:03.448,2.294,2.29435,1.80,2.00
2007.11.16 19:59:03.617,2.294,2.29435,1.80,2.00
2007.11.16 19:59:03.974,2.294,2.29435,1.80,2.00
2007.11.16 19:59:04.142,2.294,2.29425,1.80,0.20
2007.11.16 19:59:04.311,2.294,2.29425,1.80,0.20
2007.11.16 19:59:04.568,2.2938,2.29425,2.60,0.20
2007.11.16 19:59:04.821,2.29385,2.29435,0.80,4.40
2007.11.16 19:59:05.073,2.2939,2.29435,2.60,2.00
2007.11.16 19:59:05.566,2.2939,2.29435,2.60,2.00
2007.11.16 19:59:05.846,2.2939,2.29435,2.60,3.60
2007.11.16 19:59:05.981,2.2939,2.29445,2.60,9.80
2007.11.16 19:59:06.049,2.2939,2.29445,2.60,9.80
2007.11.16 19:59:06.251,2.29385,2.29435,2.60,3.60
2007.11.16 19:59:06.456,2.29385,2.29435,2.60,3.60
2007.11.16 19:59:06.714,2.29385,2.29435,3.80,3.60
2007.11.16 19:59:06.971,2.29385,2.29425,1.80,0.80
2007.11.16 19:59:07.315,2.2939,2.2943,0.80,0.50
2007.11.16 19:59:07.579,2.2939,2.2944,0.80,6.00
2007.11.16 19:59:07.842,2.2939,2.2944,0.80,6.00
2007.11.16 19:59:08.104,2.2939,2.29435,2.60,0.80
2007.11.16 19:59:09.450,2.2939,2.2944,2.60,4.40
2007.11.16 19:59:09.695,2.29395,2.29445,1.80,10.20
2007.11.16 19:59:09.938,2.29395,2.29445,1.80,8.40
2007.11.16 19:59:10.181,2.29395,2.29445,1.80,8.20
2007.11.16 19:59:10.424,2.2939,2.29435,2.60,0.70
2007.11.16 19:59:10.697,2.29395,2.29435,1.80,0.60
2007.11.16 19:59:10.970,2.29395,2.29435,1.80,0.90
2007.11.16 19:59:11.243,2.29395,2.29445,1.80,10.60
2007.11.16 19:59:11.516,2.29395,2.29435,1.80,0.90
2007.11.16 19:59:11.758,2.29395,2.29445,1.80,8.20
2007.11.16 19:59:12.001,2.29395,2.29435,1.80,0.70
2007.11.16 19:59:12.245,2.294,2.29445,1.80,8.00
2007.11.16 19:59:12.487,2.29395,2.29445,3.80,8.00
2007.11.16 19:59:12.806,2.294,2.29435,1.80,0.50
2007.11.16 19:59:13.124,2.294,2.29435,1.80,0.90
2007.11.16 19:59:13.499,2.294,2.29445,1.80,4.00
2007.11.16 19:59:13.691,2.294,2.29445,1.80,4.00
2007.11.16 19:59:13.884,2.294,2.29445,1.80,4.00
2007.11.16 19:59:14.424,2.29395,2.29445,2.60,4.00
2007.11.16 19:59:14.830,2.294,2.29445,1.80,4.00
2007.11.16 19:59:16.002,2.294,2.29435,1.80,0.70
2007.11.16 19:59:16.189,2.294,2.29425,1.80,0.70
2007.11.16 19:59:16.378,2.294,2.29445,1.80,6.40
2007.11.16 19:59:16.727,2.294,2.29445,1.80,6.40
2007.11.16 19:59:17.015,2.294,2.29445,1.80,4.00
2007.11.16 19:59:17.303,2.294,2.29445,1.80,0.60
2007.11.16 19:59:17.591,2.294,2.2945,1.80,8.20
2007.11.16 19:59:17.885,2.29395,2.29445,1.80,8.00
2007.11.16 19:59:18.193,2.29395,2.29435,2.60,0.70
2007.11.16 19:59:18.500,2.29395,2.29445,2.60,8.00
2007.11.16 19:59:18.809,2.294,2.29455,1.80,10.60
2007.11.16 19:59:20.371,2.294,2.29455,1.80,10.60
2007.11.16 19:59:20.608,2.294,2.29435,1.80,0.20
2007.11.16 19:59:20.847,2.294,2.2944,1.80,4.80
2007.11.16 19:59:21.045,2.29395,2.29435,0.70,0.70
2007.11.16 19:59:21.243,2.29385,2.29435,1.80,0.50
2007.11.16 19:59:21.441,2.2938,2.29435,1.80,8.60
2007.11.16 19:59:21.800,2.2938,2.2943,1.80,4.40
2007.11.16 19:59:22.009,2.2938,2.2943,1.80,4.40
2007.11.16 19:59:22.266,2.2938,2.29435,1.80,8.60
2007.11.16 19:59:22.528,2.2938,2.29435,1.80,8.60
2007.11.16 19:59:22.791,2.2938,2.2943,1.80,0.80
2007.11.16 19:59:23.664,2.2938,2.29435,1.80,10.60
2007.11.16 19:59:23.927,2.2938,2.29435,1.80,10.60
2007.11.16 19:59:24.092,2.2938,2.29435,1.80,0.60
2007.11.16 19:59:24.254,2.2938,2.2944,1.80,10.80
2007.11.16 19:59:24.418,2.2938,2.29435,1.80,0.50
2007.11.16 19:59:24.580,2.2938,2.29435,1.80,0.70
2007.11.16 19:59:24.747,2.2938,2.2944,1.80,8.80
2007.11.16 19:59:24.911,2.2938,2.29435,1.80,0.90
2007.11.16 19:59:25.235,2.2938,2.29435,1.80,8.60
2007.11.16 19:59:26.590,2.2938,2.29425,1.80,0.50
2007.11.16 19:59:26.779,2.2938,2.29435,1.80,10.60
2007.11.16 19:59:26.966,2.29375,2.2943,2.50,6.40
2007.11.16 19:59:27.218,2.29375,2.29425,2.50,0.90
2007.11.16 19:59:27.466,2.29375,2.29425,2.50,0.60
2007.11.16 19:59:27.814,2.29375,2.29435,0.70,10.60
2007.11.16 19:59:28.062,2.29375,2.29425,1.50,0.70
2007.11.16 19:59:28.369,2.29385,2.29435,0.50,6.00
2007.11.16 19:59:28.678,2.29385,2.29435,2.40,3.60
2007.11.16 19:59:28.986,2.29385,2.29425,3.60,0.90
2007.11.16 19:59:29.189,2.2939,2.29435,0.50,3.60
2007.11.16 19:59:30.835,2.2939,2.29425,0.50,0.80
2007.11.16 19:59:31.098,2.2939,2.29425,0.50,0.80
2007.11.16 19:59:31.310,2.29385,2.2944,2.40,6.00
2007.11.16 19:59:32.097,2.29385,2.29435,2.40,0.70
2007.11.16 19:59:32.321,2.29385,2.29435,4.40,0.80
2007.11.16 19:59:32.614,2.2939,2.2944,1.80,6.00
2007.11.16 19:59:32.836,2.2939,2.2944,1.80,6.00
2007.11.16 19:59:33.229,2.2939,2.2944,1.80,6.00
2007.11.16 19:59:33.568,2.2939,2.2944,1.80,6.00
2007.11.16 19:59:33.902,2.2938,2.29435,1.80,6.20
2007.11.16 19:59:34.236,2.2938,2.29435,1.80,6.20
2007.11.16 19:59:34.575,2.29375,2.29425,2.40,0.80
2007.11.16 19:59:34.753,2.29375,2.29435,2.40,7.80
2007.11.16 19:59:34.930,2.29375,2.29435,2.40,7.80
2007.11.16 19:59:35.108,2.29375,2.29425,1.80,4.00
2007.11.16 19:59:35.302,2.29365,2.29415,2.40,2.40
2007.11.16 19:59:35.619,2.29365,2.29415,2.40,2.60
2007.11.16 19:59:35.933,2.29365,2.29415,2.40,2.60
2007.11.16 19:59:36.245,2.29365,2.29415,0.50,2.60
2007.11.16 19:59:36.442,2.29365,2.29415,0.50,2.60
2007.11.16 19:59:36.641,2.29365,2.29415,0.50,4.20
2007.11.16 19:59:36.838,2.29365,2.29415,3.70,4.20
2007.11.16 19:59:37.042,2.2937,2.29405,0.50,2.40
2007.11.16 19:59:37.234,2.2937,2.2941,0.50,2.40
2007.11.16 19:59:37.650,2.2937,2.2941,0.50,2.40
2007.11.16 19:59:37.983,2.2938,2.29415,0.50,4.00
2007.11.16 19:59:38.318,2.2938,2.29415,0.50,2.40
2007.11.16 19:59:38.549,2.2938,2.2942,0.50,2.40
2007.11.16 19:59:38.732,2.2938,2.2942,0.50,2.40
2007.11.16 19:59:38.914,2.2938,2.2942,0.50,2.40
2007.11.16 19:59:39.097,2.2937,2.29415,0.50,2.40
2007.11.16 19:59:39.355,2.2937,2.29415,0.50,2.40
2007.11.16 19:59:39.688,2.2937,2.29415,0.50,2.60
2007.11.16 19:59:40.022,2.2936,2.29415,1.80,2.60
2007.11.16 19:59:40.361,2.2936,2.29405,0.50,2.40
2007.11.16 19:59:40.539,2.2936,2.29405,0.50,2.40
2007.11.16 19:59:41.084,2.2936,2.29405,0.50,2.40
2007.11.16 19:59:42.147,2.2936,2.29405,0.50,2.40
2007.11.16 19:59:42.855,2.2936,2.29405,0.50,2.40
2007.11.16 19:59:43.089,2.2936,2.29405,0.50,2.40
2007.11.16 19:59:43.321,2.2936,2.29405,0.50,2.40
2007.11.16 19:59:43.805,2.2936,2.29405,0.50,2.40
2007.11.16 19:59:44.112,2.2936,2.29405,0.50,2.40
2007.11.16 19:59:44.833,2.2936,2.294,0.50,2.40
2007.11.16 19:59:45.567,2.2936,2.29405,0.50,2.40
2007.11.16 19:59:45.884,2.2936,2.29405,0.50,2.40
2007.11.16 19:59:46.379,2.2936,2.29405,0.50,2.40
2007.11.16 19:59:46.663,2.29355,2.29405,2.50,2.40
2007.11.16 19:59:46.861,2.29355,2.29405,2.50,2.40
2007.11.16 19:59:47.059,2.29365,2.29405,1.20,2.40
2007.11.16 19:59:47.256,2.29375,2.29415,0.50,2.40
2007.11.16 19:59:47.454,2.29375,2.29415,0.50,2.40
2007.11.16 19:59:47.787,2.29375,2.2941,0.50,2.40
2007.11.16 19:59:48.120,2.29375,2.2941,0.50,2.40
2007.11.16 19:59:48.615,2.29375,2.29415,0.50,2.40
2007.11.16 19:59:48.813,2.2937,2.29415,0.50,2.40
2007.11.16 19:59:49.130,2.2937,2.2942,0.50,2.40
2007.11.16 19:59:49.335,2.2937,2.2942,0.50,2.40
2007.11.16 19:59:49.554,2.29375,2.29415,0.50,2.40
2007.11.16 19:59:49.882,2.29375,2.2941,0.50,2.40
2007.11.16 19:59:50.210,2.2937,2.2941,0.50,2.40
2007.11.16 19:59:50.556,2.2937,2.2941,0.50,2.40
2007.11.16 19:59:50.825,2.2937,2.29415,0.50,2.40
2007.11.16 19:59:51.007,2.2937,2.29415,0.50,2.40
2007.11.16 19:59:51.598,2.2937,2.29415,0.50,2.40
2007.11.16 19:59:52.199,2.2937,2.29415,0.50,2.40
2007.11.16 19:59:53.937,2.2937,2.29415,0.50,4.00
2007.11.16 19:59:54.175,2.2937,2.29415,0.40,4.00
2007.11.16 19:59:54.413,2.2937,2.29415,0.40,4.00
2007.11.16 19:59:54.556,2.2937,2.29415,0.40,4.00
2007.11.16 19:59:55.345,2.2937,2.29415,0.40,4.00
2007.11.16 19:59:55.583,2.2936,2.29415,4.40,4.00
2007.11.16 19:59:55.821,2.29365,2.29415,1.00,4.00
2007.11.16 19:59:56.296,2.29365,2.29415,1.00,4.00
2007.11.16 19:59:56.534,2.2936,2.29415,3.80,4.00
2007.11.16 19:59:56.772,2.29365,2.29415,0.70,4.00
2007.11.16 19:59:57.010,2.2936,2.29415,3.80,2.40
2007.11.16 19:59:57.263,2.29365,2.29415,0.90,2.40
2007.11.16 19:59:57.516,2.2937,2.29415,0.80,2.40
2007.11.16 19:59:57.826,2.29365,2.29415,4.40,2.40
2007.11.16 19:59:58.595,2.29365,2.29415,4.40,2.40
2007.11.16 19:59:59.088,2.2937,2.29415,0.80,2.40
2007.11.16 19:59:59.311,2.29355,2.29415,10.60,2.40
2007.11.16 19:59:59.534,2.29375,2.29415,1.20,2.40
2007.11.16 19:59:59.756,2.29375,2.29425,2.80,4.40
2007.11.16 19:59:59.980,2.29385,2.29425,0.80,3.60
