2012.12.10 12:00:01.559,1.50047,1.50073,2.48,1.73
2012.12.10 12:00:02.979,1.50047,1.50073,2.48,1.73
2012.12.10 12:00:04.870,1.50047,1.50071,1.73,1.50
2012.12.10 12:00:05.200,1.50047,1.50071,2.85,1.50
2012.12.10 12:00:05.538,1.50047,1.50074,2.85,1.73
2012.12.10 12:00:05.597,1.50047,1.50074,2.48,1.73
2012.12.10 12:00:07.667,1.50046,1.50073,1.13,2.48
2012.12.10 12:00:08.749,1.50046,1.50073,1.88,2.48
2012.12.10 12:00:09.437,1.50046,1.50073,1.13,2.48
2012.12.10 12:00:12.089,1.50046,1.50073,3.38,2.48
2012.12.10 12:00:12.219,1.50047,1.50073,1.73,2.48
2012.12.10 12:00:13.180,1.50047,1.50073,2.48,2.48
2012.12.10 12:00:13.630,1.50049,1.50073,3.00,2.48
2012.12.10 12:00:13.938,1.50047,1.50073,5.48,2.48
2012.12.10 12:00:15.019,1.50048,1.50075,2.48,1.13
2012.12.10 12:00:15.268,1.50048,1.50075,3.00,1.13
2012.12.10 12:00:15.659,1.50052,1.50075,1.50,1.13
2012.12.10 12:00:16.030,1.50048,1.50075,3.23,1.13
2012.12.10 12:00:16.601,1.50048,1.50075,3.23,1.13
2012.12.10 12:00:18.759,1.50048,1.50076,2.48,1.65
2012.12.10 12:00:19.828,1.50052,1.50075,1.50,1.13
2012.12.10 12:00:20.818,1.50048,1.50075,1.73,1.13
2012.12.10 12:00:21.519,1.50048,1.50075,1.73,1.13
2012.12.10 12:00:22.561,1.5005,1.50077,1.35,3.15
2012.12.10 12:00:22.871,1.50051,1.50077,3.23,1.88
2012.12.10 12:00:23.490,1.50054,1.50079,1.50,1.35
2012.12.10 12:00:24.248,1.50054,1.50079,3.00,1.35
2012.12.10 12:00:25.068,1.50054,1.50079,3.00,1.35
2012.12.10 12:00:25.469,1.50054,1.50079,2.25,1.35
2012.12.10 12:00:26.270,1.50053,1.50077,1.73,1.13
2012.12.10 12:00:26.345,1.50052,1.50077,2.48,1.13
2012.12.10 12:00:26.638,1.50052,1.50077,1.73,1.13
2012.12.10 12:00:28.299,1.50049,1.50074,1.73,1.13
2012.12.10 12:00:28.368,1.50051,1.50074,1.73,1.13
2012.12.10 12:00:28.797,1.50052,1.50077,3.23,1.13
2012.12.10 12:00:29.157,1.50052,1.50077,3.98,1.13
2012.12.10 12:00:34.928,1.50053,1.5008,1.35,2.48
2012.12.10 12:00:35.970,1.50053,1.5008,1.35,2.48
2012.12.10 12:00:38.758,1.50053,1.5008,1.35,2.85
2012.12.10 12:00:39.380,1.50053,1.5008,1.88,2.85
2012.12.10 12:00:39.509,1.50053,1.5008,1.88,2.85
2012.12.10 12:00:41.416,1.50053,1.50077,1.88,1.73
2012.12.10 12:00:41.961,1.50053,1.50077,2.10,1.50
2012.12.10 12:00:42.028,1.50053,1.50077,2.10,1.50
2012.12.10 12:00:42.099,1.50053,1.5008,1.88,1.35
2012.12.10 12:00:42.928,1.50053,1.50077,1.88,1.73
2012.12.10 12:00:45.570,1.50054,1.50081,1.13,1.35
2012.12.10 12:00:50.417,1.50054,1.50079,1.35,1.73
2012.12.10 12:00:50.489,1.50054,1.50079,1.35,2.48
2012.12.10 12:00:50.559,1.50054,1.50079,1.13,2.48
2012.12.10 12:00:51.400,1.50054,1.50079,1.13,2.85
2012.12.10 12:00:51.527,1.50054,1.50079,1.35,2.85
2012.12.10 12:00:51.899,1.50054,1.50079,1.35,3.60
2012.12.10 12:00:52.275,1.50054,1.50079,2.10,2.10
2012.12.10 12:00:52.677,1.50054,1.50079,1.88,2.10
2012.12.10 12:00:53.659,1.50054,1.50079,1.88,2.10
2012.12.10 12:00:54.529,1.50054,1.50079,1.88,2.10
2012.12.10 12:00:55.141,1.50054,1.50079,1.88,2.10
2012.12.10 12:00:55.282,1.50054,1.50079,2.10,2.10
2012.12.10 12:00:55.497,1.50054,1.50079,1.88,2.10
2012.12.10 12:00:56.008,1.50054,1.50079,1.88,2.10
2012.12.10 12:00:56.319,1.50055,1.50079,1.65,2.10
2012.12.10 12:01:03.359,1.50054,1.50078,1.13,2.48
2012.12.10 12:01:03.950,1.50058,1.50082,1.50,3.60
2012.12.10 12:01:04.078,1.50058,1.50082,1.73,2.85
2012.12.10 12:01:04.872,1.50056,1.50081,1.13,1.73
2012.12.10 12:01:05.719,1.50063,1.50085,1.50,1.88
2012.12.10 12:01:05.850,1.50063,1.50085,1.50,1.65
2012.12.10 12:01:05.918,1.50063,1.50085,1.88,1.50
2012.12.10 12:01:05.989,1.50066,1.50088,1.28,2.10
2012.12.10 12:01:06.117,1.50067,1.50088,1.50,2.10
2012.12.10 12:01:06.440,1.50069,1.50093,1.50,3.00
2012.12.10 12:01:06.659,1.50069,1.50093,1.73,2.40
2012.12.10 12:01:16.264,1.50067,1.50092,1.73,1.13
2012.12.10 12:01:16.390,1.50068,1.50093,1.50,1.88
2012.12.10 12:01:16.579,1.50067,1.50093,1.73,2.63
2012.12.10 12:01:16.768,1.50066,1.50093,2.63,3.15
2012.12.10 12:01:17.270,1.50072,1.50094,2.48,1.65
2012.12.10 12:01:17.581,1.50068,1.50094,2.85,1.88
2012.12.10 12:01:18.119,1.50068,1.50092,2.63,1.88
2012.12.10 12:01:18.190,1.50068,1.50092,2.63,1.88
2012.12.10 12:01:19.697,1.50068,1.50092,1.50,2.63
2012.12.10 12:01:19.877,1.50066,1.50092,1.65,2.63
2012.12.10 12:01:20.388,1.50072,1.50092,1.13,2.48
2012.12.10 12:01:20.508,1.50073,1.50096,1.13,1.73
2012.12.10 12:01:20.689,1.50073,1.50096,1.13,3.23
2012.12.10 12:01:20.878,1.50072,1.50096,1.13,3.23
2012.12.10 12:01:21.238,1.50072,1.50094,1.13,1.73
2012.12.10 12:01:21.489,1.50072,1.50094,1.13,1.73
2012.12.10 12:01:21.561,1.50072,1.50097,1.13,2.85
2012.12.10 12:01:21.988,1.50071,1.50094,1.13,1.73
2012.12.10 12:01:22.348,1.50066,1.50092,1.13,2.10
2012.12.10 12:01:22.910,1.50062,1.50088,3.23,1.13
2012.12.10 12:01:29.258,1.5006,1.50087,3.90,1.88
2012.12.10 12:01:39.888,1.50058,1.50086,2.10,3.23
2012.12.10 12:01:40.139,1.50058,1.50086,2.10,3.23
2012.12.10 12:01:40.207,1.50063,1.50086,1.13,1.73
2012.12.10 12:01:40.589,1.50066,1.50086,1.73,1.50
2012.12.10 12:01:41.138,1.50066,1.50089,1.73,2.03
2012.12.10 12:01:42.718,1.50063,1.50086,1.13,1.50
2012.12.10 12:01:43.228,1.50063,1.50086,1.13,1.50
2012.12.10 12:01:46.199,1.50067,1.50086,1.50,1.50
2012.12.10 12:01:46.783,1.50065,1.50086,1.50,1.50
2012.12.10 12:01:47.457,1.50064,1.50088,1.50,1.13
2012.12.10 12:01:50.108,1.50067,1.50089,1.73,1.65
2012.12.10 12:02:01.468,1.50068,1.50089,1.73,1.65
2012.12.10 12:02:10.535,1.50067,1.5009,1.73,1.13
2012.12.10 12:02:10.800,1.50071,1.50097,1.73,1.50
2012.12.10 12:02:11.238,1.50071,1.50097,1.50,1.88
2012.12.10 12:02:11.298,1.50071,1.50097,1.50,1.13
2012.12.10 12:02:11.538,1.50071,1.50092,1.50,1.50
2012.12.10 12:02:11.659,1.50078,1.50092,1.13,1.50
2012.12.10 12:02:11.791,1.50078,1.50098,1.13,2.25
2012.12.10 12:02:14.169,1.50079,1.50098,1.65,1.50
2012.12.10 12:02:14.679,1.50078,1.50105,1.13,2.25
2012.12.10 12:02:14.749,1.50079,1.50105,1.65,2.25
2012.12.10 12:02:15.070,1.50081,1.50105,1.13,1.13
2012.12.10 12:02:15.139,1.50081,1.50105,1.13,1.13
2012.12.10 12:02:15.618,1.50079,1.50104,1.13,1.73
2012.12.10 12:02:15.880,1.50078,1.50104,1.13,2.48
2012.12.10 12:02:19.168,1.50074,1.50099,1.13,1.13
2012.12.10 12:02:25.018,1.50076,1.50099,1.50,2.10
2012.12.10 12:02:25.138,1.50078,1.50101,1.88,1.73
2012.12.10 12:02:25.377,1.50078,1.50101,2.10,1.50
2012.12.10 12:02:25.559,1.50078,1.50105,2.10,1.13
2012.12.10 12:02:25.878,1.5008,1.50104,1.65,1.35
2012.12.10 12:02:30.288,1.50078,1.50103,1.35,1.73
2012.12.10 12:02:30.527,1.50078,1.50103,1.35,1.73
2012.12.10 12:02:31.038,1.50077,1.50101,1.35,1.73
2012.12.10 12:02:35.989,1.50078,1.501,1.35,1.73
2012.12.10 12:02:36.508,1.50077,1.501,1.35,2.25
2012.12.10 12:02:37.369,1.50077,1.50104,1.35,3.23
2012.12.10 12:02:38.690,1.50078,1.50103,1.35,1.73
2012.12.10 12:02:39.847,1.50082,1.50103,1.13,1.73
2012.12.10 12:02:40.088,1.50086,1.50108,1.13,4.24
2012.12.10 12:02:40.508,1.50086,1.50109,1.13,1.24
2012.12.10 12:02:41.023,1.50086,1.5011,1.13,1.02
2012.12.10 12:02:46.220,1.50086,1.5011,1.88,1.02
2012.12.10 12:02:46.753,1.50086,1.5011,1.13,1.02
2012.12.10 12:02:55.565,1.50086,1.50109,1.13,2.37
2012.12.10 12:02:55.629,1.50086,1.50109,1.13,2.37
2012.12.10 12:02:55.819,1.50081,1.50106,1.65,1.13
2012.12.10 12:02:56.078,1.50082,1.50107,1.50,1.24
2012.12.10 12:02:57.658,1.50082,1.50109,2.25,2.33
2012.12.10 12:02:59.192,1.50082,1.50108,2.25,1.02
2012.12.10 12:03:05.188,1.50092,1.50109,1.13,1.99
2012.12.10 12:03:05.693,1.50092,1.50115,2.10,1.20
2012.12.10 12:03:06.238,1.5009,1.5011,1.13,1.09
2012.12.10 12:03:06.539,1.50087,1.5011,2.10,1.02
2012.12.10 12:03:07.238,1.50086,1.5011,1.13,1.02
2012.12.10 12:03:07.509,1.50089,1.50112,1.73,2.10
2012.12.10 12:03:08.047,1.50085,1.50109,1.88,1.09
2012.12.10 12:03:08.647,1.50086,1.50111,1.13,1.99
2012.12.10 12:03:09.406,1.50087,1.50111,1.13,1.84
2012.12.10 12:03:09.730,1.50096,1.50118,1.35,1.09
2012.12.10 12:03:10.066,1.50096,1.5012,1.13,2.07
2012.12.10 12:03:10.609,1.50098,1.50116,1.05,1.73
2012.12.10 12:03:10.798,1.50098,1.50116,1.05,1.62
2012.12.10 12:03:10.989,1.50101,1.50116,1.50,1.50
2012.12.10 12:03:11.058,1.50101,1.5012,1.50,1.50
2012.12.10 12:03:11.599,1.501,1.5012,1.65,1.50
2012.12.10 12:03:13.719,1.50098,1.50124,1.05,4.50
2012.12.10 12:03:13.789,1.50097,1.50122,1.50,1.73
2012.12.10 12:03:14.238,1.50101,1.50124,1.73,2.63
2012.12.10 12:03:14.310,1.50102,1.50124,1.50,2.63
2012.12.10 12:03:14.438,1.501,1.50124,1.88,3.90
2012.12.10 12:03:14.628,1.501,1.50124,1.13,2.40
2012.12.10 12:03:15.995,1.501,1.50124,1.50,2.40
2012.12.10 12:03:16.959,1.501,1.50124,1.13,2.40
2012.12.10 12:03:17.518,1.50101,1.50124,2.10,1.13
2012.12.10 12:03:17.942,1.50101,1.50125,2.10,1.13
2012.12.10 12:03:18.440,1.50104,1.50125,1.50,1.13
2012.12.10 12:03:21.580,1.501,1.50124,1.13,1.13
2012.12.10 12:03:22.330,1.50102,1.50123,1.73,2.25
2012.12.10 12:03:22.839,1.501,1.50125,1.13,1.13
2012.12.10 12:03:23.870,1.501,1.50125,1.88,1.13
2012.12.10 12:03:25.089,1.501,1.50123,1.13,2.59
2012.12.10 12:03:25.398,1.50099,1.50111,1.13,1.50
2012.12.10 12:03:25.590,1.50099,1.50118,1.13,1.50
2012.12.10 12:03:25.727,1.50098,1.50118,1.65,1.13
2012.12.10 12:03:25.850,1.50098,1.50125,3.15,3.38
2012.12.10 12:03:28.079,1.50098,1.50124,1.50,2.48
2012.12.10 12:03:32.101,1.50099,1.50124,1.13,2.48
2012.12.10 12:03:32.698,1.50098,1.50124,1.13,2.48
2012.12.10 12:03:45.635,1.50096,1.50123,1.35,1.73
2012.12.10 12:03:46.370,1.50099,1.50124,1.13,2.48
2012.12.10 12:03:49.718,1.50097,1.50124,1.13,2.48
2012.12.10 12:03:52.108,1.50099,1.50124,1.13,2.85
2012.12.10 12:03:54.749,1.50101,1.50122,1.13,1.35
2012.12.10 12:03:55.459,1.50094,1.50116,1.50,1.13
2012.12.10 12:03:55.531,1.50094,1.50117,1.50,2.85
2012.12.10 12:03:55.795,1.50096,1.50119,1.80,2.63
2012.12.10 12:03:55.929,1.50097,1.50119,1.13,3.00
2012.12.10 12:03:57.729,1.50094,1.50119,1.50,3.00
2012.12.10 12:03:58.060,1.50095,1.50111,1.13,1.13
2012.12.10 12:03:58.128,1.50093,1.50111,1.13,1.13
2012.12.10 12:03:58.260,1.5009,1.50111,1.28,1.35
2012.12.10 12:03:58.876,1.5009,1.50111,1.28,1.13
2012.12.10 12:03:59.308,1.5009,1.50111,1.28,1.13
2012.12.10 12:04:00.387,1.50091,1.50111,1.13,1.13
2012.12.10 12:04:00.940,1.5009,1.50111,1.28,1.13
2012.12.10 12:04:01.187,1.50089,1.50112,1.13,1.13
2012.12.10 12:04:02.737,1.50085,1.50111,1.50,1.65
2012.12.10 12:04:03.208,1.50083,1.50108,1.88,2.10
2012.12.10 12:04:03.723,1.50081,1.50105,1.65,1.88
2012.12.10 12:04:04.402,1.50081,1.50105,1.50,1.88
2012.12.10 12:04:05.806,1.50081,1.50099,1.50,1.50
2012.12.10 12:04:06.160,1.50072,1.50085,1.35,1.13
2012.12.10 12:04:06.358,1.50064,1.50085,1.28,1.13
2012.12.10 12:04:06.419,1.50064,1.50085,1.28,1.13
2012.12.10 12:04:06.541,1.50062,1.50085,1.50,1.13
2012.12.10 12:04:06.789,1.50061,1.50085,2.25,1.13
2012.12.10 12:04:06.978,1.50062,1.50085,2.10,1.13
2012.12.10 12:04:07.038,1.50062,1.50085,1.35,1.13
2012.12.10 12:04:07.278,1.50061,1.50085,2.25,1.13
2012.12.10 12:04:07.338,1.50061,1.50085,2.48,1.13
2012.12.10 12:04:07.469,1.50061,1.50085,2.25,1.13
2012.12.10 12:04:07.669,1.50061,1.50085,3.00,1.13
2012.12.10 12:04:08.008,1.50061,1.50085,3.38,1.13
2012.12.10 12:04:08.130,1.50061,1.50087,3.60,1.13
2012.12.10 12:04:10.600,1.50061,1.50087,2.85,1.13
2012.12.10 12:04:11.211,1.50061,1.50086,3.23,1.13
2012.12.10 12:04:12.349,1.50061,1.50087,2.85,1.13
2012.12.10 12:04:16.000,1.50064,1.50087,1.73,1.13
2012.12.10 12:04:16.583,1.50067,1.50087,1.88,1.13
2012.12.10 12:04:16.911,1.50069,1.50093,1.73,1.50
2012.12.10 12:04:18.679,1.50065,1.5009,2.03,2.48
2012.12.10 12:04:19.120,1.50064,1.5009,1.28,2.48
2012.12.10 12:04:19.754,1.50064,1.5009,1.28,2.48
2012.12.10 12:04:21.429,1.5006,1.50083,1.13,2.40
2012.12.10 12:04:21.863,1.50058,1.50082,1.13,1.13
2012.12.10 12:04:22.108,1.5006,1.50083,1.13,2.63
2012.12.10 12:04:22.468,1.5006,1.50082,1.13,1.13
2012.12.10 12:04:23.021,1.5006,1.50082,1.13,1.13
2012.12.10 12:04:26.139,1.50061,1.50082,1.13,1.13
2012.12.10 12:04:26.391,1.50062,1.50083,2.25,2.63
2012.12.10 12:04:26.518,1.50062,1.50083,2.25,2.63
2012.12.10 12:04:26.638,1.50065,1.50085,1.13,1.35
2012.12.10 12:04:26.821,1.50065,1.50089,1.28,1.88
2012.12.10 12:04:26.888,1.50065,1.50089,1.28,1.73
2012.12.10 12:04:27.248,1.50061,1.5009,3.60,1.13
2012.12.10 12:04:27.378,1.50066,1.5009,1.13,1.13
2012.12.10 12:04:27.558,1.50063,1.50087,1.73,1.50
2012.12.10 12:04:28.080,1.50063,1.50087,1.13,2.48
2012.12.10 12:04:28.153,1.50063,1.50087,1.13,1.73
2012.12.10 12:04:28.810,1.50063,1.50088,1.13,1.73
2012.12.10 12:04:28.880,1.5006,1.50085,2.63,1.50
2012.12.10 12:04:28.950,1.50061,1.50086,1.73,3.98
2012.12.10 12:04:29.484,1.5006,1.50084,2.25,1.88
2012.12.10 12:04:30.298,1.50058,1.5008,1.65,1.50
2012.12.10 12:04:30.719,1.50058,1.50077,1.65,1.50
2012.12.10 12:04:30.853,1.50057,1.50077,1.88,1.50
2012.12.10 12:04:31.698,1.50057,1.50077,1.65,1.50
2012.12.10 12:04:32.018,1.5006,1.50077,1.13,1.50
2012.12.10 12:04:32.338,1.50057,1.50082,2.03,1.50
2012.12.10 12:04:35.074,1.50055,1.50079,3.00,1.73
2012.12.10 12:04:35.318,1.50056,1.50082,1.88,1.50
2012.12.10 12:04:35.888,1.50056,1.50082,1.88,1.50
2012.12.10 12:04:36.077,1.50056,1.50082,1.88,1.50
2012.12.10 12:04:40.908,1.50056,1.50082,2.25,1.50
2012.12.10 12:04:41.421,1.50059,1.50078,1.50,1.13
2012.12.10 12:04:41.490,1.50059,1.50079,1.50,1.50
2012.12.10 12:04:41.559,1.50059,1.50078,1.50,1.13
2012.12.10 12:04:41.811,1.50058,1.50078,1.13,2.33
2012.12.10 12:04:42.070,1.50058,1.50079,1.13,1.50
2012.12.10 12:04:46.179,1.50057,1.50081,2.25,1.65
2012.12.10 12:04:46.783,1.50058,1.50082,1.65,2.03
2012.12.10 12:04:49.501,1.50061,1.50082,1.50,2.03
2012.12.10 12:04:49.570,1.50058,1.50082,1.65,2.25
2012.12.10 12:04:52.258,1.50058,1.50076,1.50,1.13
2012.12.10 12:04:52.381,1.50051,1.50074,1.73,2.03
2012.12.10 12:04:52.450,1.50049,1.50072,1.50,1.13
2012.12.10 12:04:53.357,1.50047,1.50069,3.38,1.50
2012.12.10 12:04:53.419,1.50049,1.50069,1.50,1.13
2012.12.10 12:04:53.778,1.50049,1.5007,1.50,1.35
2012.12.10 12:04:54.284,1.50049,1.5007,1.50,1.35
2012.12.10 12:04:54.361,1.5005,1.50072,1.50,1.35
2012.12.10 12:04:57.198,1.50047,1.5007,5.85,1.65
2012.12.10 12:04:58.379,1.50047,1.5007,2.25,1.50
2012.12.10 12:04:59.262,1.50045,1.5007,1.65,2.40
2012.12.10 12:04:59.448,1.50045,1.50068,1.50,1.35
2012.12.10 12:05:00.264,1.50048,1.50068,1.50,1.35
2012.12.10 12:05:01.029,1.50048,1.50069,1.50,1.73
2012.12.10 12:05:04.629,1.50047,1.50068,1.50,1.73
2012.12.10 12:05:04.950,1.50042,1.50068,1.88,1.73
2012.12.10 12:05:05.080,1.50043,1.50065,1.50,1.11
2012.12.10 12:05:05.270,1.50043,1.50066,1.50,1.73
2012.12.10 12:05:05.338,1.50041,1.50066,2.63,1.73
2012.12.10 12:05:05.528,1.50041,1.50066,1.88,2.22
2012.12.10 12:05:05.829,1.50043,1.50066,1.50,1.73
2012.12.10 12:05:06.361,1.50042,1.50065,1.50,1.02
2012.12.10 12:05:06.560,1.50044,1.50066,1.50,1.73
2012.12.10 12:05:07.635,1.50041,1.50066,1.88,1.73
2012.12.10 12:05:07.811,1.50041,1.50066,1.88,2.48
2012.12.10 12:05:07.938,1.50041,1.50064,1.50,1.13
2012.12.10 12:05:08.179,1.50041,1.50064,1.50,1.88
2012.12.10 12:05:09.259,1.50041,1.50064,1.50,1.13
2012.12.10 12:05:09.569,1.50042,1.50065,1.50,1.50
2012.12.10 12:05:10.619,1.50042,1.50066,1.50,2.48
2012.12.10 12:05:10.809,1.50042,1.50066,1.50,3.11
2012.12.10 12:05:11.897,1.50037,1.50063,1.50,4.13
2012.12.10 12:05:12.139,1.50035,1.5006,1.65,2.86
2012.12.10 12:05:24.240,1.50035,1.5006,1.65,3.23
2012.12.10 12:05:24.311,1.50035,1.5006,1.65,3.23
2012.12.10 12:05:24.498,1.50038,1.5006,1.50,3.38
2012.12.10 12:05:24.919,1.50036,1.5006,1.50,2.48
2012.12.10 12:05:25.049,1.50037,1.5006,1.65,2.48
2012.12.10 12:05:25.179,1.50037,1.5006,1.65,1.73
2012.12.10 12:05:31.768,1.50038,1.5006,1.28,1.73
2012.12.10 12:05:31.957,1.50038,1.50062,1.50,1.65
2012.12.10 12:05:32.018,1.50038,1.50063,1.28,1.13
2012.12.10 12:05:32.528,1.50039,1.5006,1.13,1.50
2012.12.10 12:05:32.648,1.50039,1.50064,1.13,1.88
2012.12.10 12:05:41.912,1.50039,1.50063,1.13,1.13
2012.12.10 12:05:46.139,1.50038,1.50063,1.13,1.88
2012.12.10 12:05:46.260,1.50038,1.50063,1.13,1.88
2012.12.10 12:05:47.399,1.50041,1.50063,1.50,1.13
2012.12.10 12:05:48.058,1.50042,1.50063,1.50,1.13
2012.12.10 12:05:48.382,1.50042,1.50065,1.50,1.13
2012.12.10 12:05:48.454,1.50042,1.50065,1.50,1.13
2012.12.10 12:05:49.008,1.50042,1.50065,1.50,1.88
2012.12.10 12:05:49.148,1.50042,1.50065,1.50,1.88
2012.12.10 12:05:49.689,1.50042,1.50066,1.50,1.13
2012.12.10 12:05:50.129,1.5004,1.50066,2.40,2.63
2012.12.10 12:05:51.411,1.5004,1.50063,1.50,1.35
2012.12.10 12:05:51.550,1.50039,1.50063,1.28,1.35
2012.12.10 12:05:52.051,1.50041,1.50063,1.50,1.13
2012.12.10 12:05:52.143,1.50041,1.50064,1.50,1.13
2012.12.10 12:05:53.078,1.50041,1.50066,1.50,1.88
2012.12.10 12:05:56.199,1.5004,1.50064,1.13,1.50
2012.12.10 12:05:56.338,1.5004,1.50064,1.13,1.50
2012.12.10 12:06:00.599,1.50039,1.50064,1.28,1.73
2012.12.10 12:06:01.193,1.50038,1.50064,1.65,2.48
2012.12.10 12:06:02.739,1.50037,1.50063,1.35,2.48
2012.12.10 12:06:03.388,1.50035,1.5006,1.73,3.15
2012.12.10 12:06:03.752,1.50035,1.50058,1.50,1.13
2012.12.10 12:06:04.370,1.50036,1.50059,1.50,1.13
2012.12.10 12:06:05.159,1.50038,1.50062,3.15,1.13
2012.12.10 12:06:05.291,1.50043,1.50063,1.50,1.50
2012.12.10 12:06:05.838,1.50042,1.50065,1.50,1.50
2012.12.10 12:06:21.489,1.50043,1.50065,1.50,1.35
2012.12.10 12:06:31.328,1.50046,1.50069,1.50,1.88
2012.12.10 12:06:33.509,1.50044,1.5007,1.13,1.65
2012.12.10 12:06:34.830,1.50044,1.50069,1.13,1.50
2012.12.10 12:06:36.525,1.50046,1.50069,1.50,1.50
2012.12.10 12:06:37.049,1.50044,1.50069,1.88,1.50
2012.12.10 12:06:37.310,1.50044,1.50067,1.13,1.13
2012.12.10 12:06:37.380,1.50041,1.50065,1.73,1.65
2012.12.10 12:06:37.584,1.50046,1.50065,2.48,1.50
2012.12.10 12:06:37.828,1.50047,1.50071,1.73,2.40
2012.12.10 12:06:38.675,1.50048,1.50074,1.50,2.48
2012.12.10 12:06:43.117,1.50051,1.50072,4.47,1.35
2012.12.10 12:06:43.182,1.50054,1.50076,2.03,1.35
2012.12.10 12:06:43.250,1.50056,1.50076,2.25,1.35
2012.12.10 12:06:43.569,1.5006,1.50083,1.65,1.35
2012.12.10 12:06:43.928,1.5006,1.50083,1.65,1.35
2012.12.10 12:06:44.358,1.5006,1.50083,1.65,2.10
2012.12.10 12:06:44.658,1.50059,1.50082,1.13,1.35
2012.12.10 12:06:44.978,1.50058,1.50082,1.50,2.48
2012.12.10 12:06:45.221,1.50057,1.50082,1.73,2.48
2012.12.10 12:06:46.148,1.50061,1.50082,1.50,1.28
2012.12.10 12:06:46.209,1.50061,1.50085,1.50,1.05
2012.12.10 12:06:46.398,1.50061,1.50086,1.73,2.40
2012.12.10 12:06:46.949,1.50061,1.50086,1.73,2.40
2012.12.10 12:06:47.018,1.50061,1.50086,1.73,2.40
2012.12.10 12:06:47.650,1.50061,1.50085,1.73,1.28
2012.12.10 12:06:47.850,1.50061,1.50085,1.73,1.28
2012.12.10 12:06:48.081,1.50061,1.50086,1.73,3.23
2012.12.10 12:06:48.149,1.50061,1.50086,1.73,3.23
2012.12.10 12:06:48.410,1.5006,1.50085,1.73,1.13
2012.12.10 12:06:48.778,1.5006,1.50085,1.73,1.28
2012.12.10 12:06:49.163,1.50059,1.50085,2.63,1.28
2012.12.10 12:06:49.428,1.5006,1.50085,1.73,2.78
2012.12.10 12:06:49.609,1.50061,1.50087,2.48,1.50
2012.12.10 12:06:49.803,1.50061,1.50085,2.25,1.13
2012.12.10 12:06:50.358,1.5006,1.50083,1.50,1.28
2012.12.10 12:06:51.189,1.50067,1.50085,1.13,1.73
2012.12.10 12:06:51.548,1.50064,1.50086,1.13,2.48
2012.12.10 12:06:52.068,1.50064,1.50086,1.13,1.50
2012.12.10 12:06:52.619,1.50062,1.50086,1.35,2.25
2012.12.10 12:06:52.819,1.50057,1.50083,4.13,1.88
2012.12.10 12:06:53.929,1.50056,1.50081,1.88,1.88
2012.12.10 12:06:54.460,1.50055,1.50077,1.50,1.50
2012.12.10 12:06:55.709,1.50058,1.50077,1.50,1.50
2012.12.10 12:06:57.298,1.50057,1.50082,1.73,1.65
2012.12.10 12:06:57.729,1.50057,1.50083,1.73,1.65
2012.12.10 12:06:57.908,1.50058,1.50083,1.73,1.28
2012.12.10 12:06:58.458,1.50056,1.50081,2.63,1.65
2012.12.10 12:06:59.108,1.50056,1.50081,2.63,1.65
2012.12.10 12:06:59.990,1.50056,1.50082,3.00,1.28
2012.12.10 12:07:01.729,1.50057,1.50081,1.13,1.28
2012.12.10 12:07:01.799,1.50057,1.50082,1.35,1.50
2012.12.10 12:07:02.609,1.50057,1.50082,1.13,1.28
2012.12.10 12:07:05.698,1.50057,1.50083,2.63,1.13
2012.12.10 12:07:06.011,1.50057,1.50082,1.13,1.65
2012.12.10 12:07:08.650,1.50057,1.50082,1.50,3.00
2012.12.10 12:07:09.416,1.50057,1.50082,1.50,3.00
2012.12.10 12:07:10.300,1.50057,1.50082,1.50,3.00
2012.12.10 12:07:12.963,1.50057,1.50082,1.50,3.00
2012.12.10 12:07:15.618,1.50056,1.50081,1.73,1.88
2012.12.10 12:07:15.939,1.50057,1.50079,1.50,1.13
2012.12.10 12:07:16.251,1.50053,1.50079,1.13,2.40
2012.12.10 12:07:16.439,1.50053,1.50078,1.13,1.50
2012.12.10 12:07:16.510,1.50056,1.50077,1.13,2.25
2012.12.10 12:07:16.782,1.50057,1.50078,1.13,1.50
2012.12.10 12:07:16.920,1.50053,1.50078,2.10,1.88
2012.12.10 12:07:17.621,1.50056,1.5008,1.65,1.73
2012.12.10 12:07:17.690,1.50056,1.5008,1.88,1.50
2012.12.10 12:07:17.759,1.50056,1.5008,2.63,1.50
2012.12.10 12:07:18.280,1.50058,1.50081,1.50,1.50
2012.12.10 12:07:18.360,1.50058,1.50083,1.88,1.50
2012.12.10 12:07:18.871,1.50063,1.50086,1.50,2.25
2012.12.10 12:07:19.613,1.50063,1.50088,1.50,2.10
2012.12.10 12:07:20.439,1.5006,1.50085,2.10,2.40
2012.12.10 12:07:20.698,1.50058,1.50085,3.53,2.63
2012.12.10 12:07:20.938,1.50061,1.50085,1.73,1.65
2012.12.10 12:07:22.138,1.50061,1.50085,2.10,2.40
2012.12.10 12:07:22.329,1.50061,1.50085,2.10,2.40
2012.12.10 12:07:23.348,1.50061,1.50086,2.10,1.13
2012.12.10 12:07:23.792,1.50061,1.50085,2.10,1.65
2012.12.10 12:07:25.341,1.50062,1.50084,1.13,1.13
2012.12.10 12:07:25.869,1.50059,1.50085,1.73,2.40
2012.12.10 12:07:26.121,1.50059,1.50084,1.73,2.40
2012.12.10 12:07:26.343,1.50058,1.50081,1.13,1.50
2012.12.10 12:07:26.657,1.50058,1.50079,1.13,1.50
2012.12.10 12:07:27.621,1.50058,1.50081,1.13,3.00
2012.12.10 12:07:27.749,1.50057,1.50081,1.50,1.50
2012.12.10 12:07:28.362,1.50058,1.50081,1.13,1.50
2012.12.10 12:07:33.226,1.50057,1.50081,1.35,2.74
2012.12.10 12:07:33.291,1.50057,1.5008,1.35,1.50
2012.12.10 12:07:33.480,1.50057,1.50081,1.65,2.10
2012.12.10 12:07:33.550,1.50055,1.50079,1.50,1.13
2012.12.10 12:07:33.746,1.50053,1.50073,1.13,1.50
2012.12.10 12:07:34.069,1.50054,1.50073,1.50,1.50
2012.12.10 12:07:34.261,1.50055,1.50078,1.35,2.63
2012.12.10 12:07:34.639,1.50052,1.50078,3.38,1.50
2012.12.10 12:07:34.769,1.50051,1.50076,1.13,1.13
2012.12.10 12:07:35.259,1.50053,1.50078,2.25,2.48
2012.12.10 12:07:36.309,1.50057,1.50078,1.50,1.35
2012.12.10 12:07:36.649,1.50058,1.50081,1.28,1.88
2012.12.10 12:07:36.898,1.50059,1.50083,1.73,1.35
2012.12.10 12:07:38.283,1.50058,1.50082,1.13,1.88
2012.12.10 12:07:38.840,1.50058,1.50083,1.13,3.00
2012.12.10 12:07:39.388,1.50058,1.50083,1.13,2.25
2012.12.10 12:07:47.579,1.50059,1.50086,1.73,3.38
2012.12.10 12:07:48.020,1.50062,1.50086,1.35,2.40
2012.12.10 12:07:48.688,1.50066,1.50086,1.13,1.50
2012.12.10 12:07:49.050,1.50066,1.50092,1.88,1.73
2012.12.10 12:07:49.118,1.50066,1.5009,1.88,1.13
2012.12.10 12:07:49.748,1.50066,1.50092,1.88,1.35
2012.12.10 12:07:51.291,1.50066,1.50092,1.88,1.35
2012.12.10 12:07:51.658,1.50063,1.50089,1.13,3.23
2012.12.10 12:07:51.779,1.50062,1.50088,1.50,1.35
2012.12.10 12:07:55.870,1.50063,1.50087,1.13,1.13
2012.12.10 12:07:56.609,1.50063,1.50087,1.13,1.88
2012.12.10 12:07:57.539,1.50058,1.50084,2.63,1.73
2012.12.10 12:07:57.789,1.50059,1.50084,1.28,1.88
2012.12.10 12:07:58.126,1.50066,1.50088,2.25,1.35
2012.12.10 12:07:58.193,1.50066,1.50088,2.25,1.35
2012.12.10 12:07:59.579,1.50062,1.50087,1.35,1.13
2012.12.10 12:07:59.879,1.50061,1.50084,1.13,1.13
2012.12.10 12:08:00.429,1.5006,1.50084,1.73,1.88
2012.12.10 12:08:01.580,1.50059,1.50084,1.50,1.65
2012.12.10 12:08:02.723,1.50057,1.50084,1.88,1.88
2012.12.10 12:08:06.901,1.50057,1.50082,2.03,2.48
2012.12.10 12:08:07.161,1.50059,1.50083,1.13,1.50
2012.12.10 12:08:07.785,1.50059,1.50083,1.13,2.25
2012.12.10 12:08:09.180,1.50058,1.50083,1.88,3.23
2012.12.10 12:08:09.471,1.50058,1.50082,1.13,1.73
2012.12.10 12:08:12.168,1.50057,1.50083,1.50,3.98
2012.12.10 12:08:12.919,1.50053,1.50078,3.00,1.73
2012.12.10 12:08:15.961,1.50051,1.50076,1.88,1.13
2012.12.10 12:08:16.034,1.50051,1.50076,1.88,1.88
2012.12.10 12:08:16.101,1.50051,1.50076,1.13,2.63
2012.12.10 12:08:17.134,1.50049,1.50074,1.13,1.73
2012.12.10 12:08:17.439,1.50046,1.50069,1.13,1.88
2012.12.10 12:08:17.689,1.50046,1.50069,2.10,1.13
2012.12.10 12:08:35.680,1.5005,1.50074,1.50,1.73
2012.12.10 12:08:35.749,1.5005,1.50074,1.50,1.35
2012.12.10 12:08:35.941,1.5005,1.50075,4.50,1.13
2012.12.10 12:08:36.431,1.50055,1.50078,2.48,1.13
2012.12.10 12:08:37.709,1.50051,1.50078,2.10,1.13
2012.12.10 12:08:37.889,1.50051,1.50075,1.35,1.73
2012.12.10 12:08:43.538,1.50051,1.50077,1.35,1.88
2012.12.10 12:08:48.242,1.50051,1.50077,1.73,1.13
2012.12.10 12:08:50.429,1.50051,1.50075,1.50,1.73
2012.12.10 12:08:57.132,1.50046,1.50072,1.88,3.23
2012.12.10 12:08:57.319,1.50047,1.50072,1.65,2.48
2012.12.10 12:08:57.569,1.50049,1.50073,1.88,2.48
2012.12.10 12:09:03.049,1.50051,1.50078,2.10,3.00
2012.12.10 12:09:06.834,1.50051,1.50077,1.88,1.13
2012.12.10 12:09:07.198,1.50056,1.50079,1.50,1.35
2012.12.10 12:09:07.558,1.50057,1.50079,1.50,1.35
2012.12.10 12:09:07.619,1.50056,1.50079,1.13,1.35
2012.12.10 12:09:08.826,1.50057,1.50081,1.50,1.73
2012.12.10 12:09:08.888,1.50059,1.50082,1.50,1.73
2012.12.10 12:09:09.589,1.50059,1.50082,2.25,2.10
2012.12.10 12:09:10.862,1.50057,1.50082,1.88,1.73
2012.12.10 12:09:11.566,1.50057,1.50082,1.88,1.73
2012.12.10 12:09:14.060,1.50057,1.50081,1.13,1.73
2012.12.10 12:09:24.549,1.50057,1.50081,1.13,1.13
2012.12.10 12:09:24.668,1.50057,1.50078,1.13,1.50
2012.12.10 12:09:24.789,1.50055,1.50078,3.15,1.73
2012.12.10 12:09:25.029,1.50055,1.50078,3.38,1.50
2012.12.10 12:09:26.109,1.50056,1.50081,1.73,3.38
2012.12.10 12:09:26.649,1.50055,1.50081,4.13,1.65
2012.12.10 12:09:27.408,1.50057,1.50082,1.35,1.73
2012.12.10 12:09:27.948,1.50059,1.50086,2.63,2.48
2012.12.10 12:09:29.329,1.50061,1.50084,1.13,1.50
2012.12.10 12:09:29.889,1.50061,1.50087,2.63,1.13
2012.12.10 12:09:31.030,1.50061,1.50088,2.78,1.13
2012.12.10 12:09:31.531,1.50061,1.50087,1.88,1.13
2012.12.10 12:09:32.101,1.50061,1.50088,1.88,1.88
2012.12.10 12:09:32.168,1.50062,1.50088,1.73,1.13
2012.12.10 12:09:32.643,1.50064,1.5009,1.50,2.48
2012.12.10 12:09:33.418,1.50063,1.50088,1.13,1.13
2012.12.10 12:09:33.540,1.50063,1.50088,1.13,1.13
2012.12.10 12:09:33.763,1.50063,1.50088,1.13,1.13
2012.12.10 12:09:34.390,1.50064,1.5009,1.50,2.48
2012.12.10 12:09:37.019,1.50062,1.5009,1.50,3.23
2012.12.10 12:09:37.319,1.50062,1.5009,1.73,3.23
2012.12.10 12:09:40.028,1.50061,1.50089,1.88,1.13
2012.12.10 12:09:40.099,1.50061,1.50089,1.65,1.13
2012.12.10 12:09:43.629,1.50062,1.5009,1.50,3.23
2012.12.10 12:09:43.698,1.50063,1.5009,2.25,1.73
2012.12.10 12:09:43.758,1.50063,1.5009,2.48,1.73
2012.12.10 12:09:45.709,1.50062,1.50087,1.73,1.35
2012.12.10 12:09:46.690,1.50069,1.50089,1.13,2.63
2012.12.10 12:09:48.862,1.50068,1.50092,2.25,1.73
2012.12.10 12:09:49.169,1.5007,1.50095,1.50,1.35
2012.12.10 12:09:49.419,1.5007,1.50095,1.50,1.35
2012.12.10 12:09:49.480,1.50071,1.50096,1.65,2.63
2012.12.10 12:09:49.550,1.50071,1.50096,1.65,2.25
2012.12.10 12:09:49.799,1.50071,1.50099,1.65,1.73
2012.12.10 12:09:54.265,1.50069,1.50096,2.48,1.35
2012.12.10 12:09:54.333,1.50069,1.50096,2.25,1.35
2012.12.10 12:09:54.651,1.50076,1.501,1.50,2.85
2012.12.10 12:09:54.721,1.50076,1.50096,1.50,1.50
2012.12.10 12:09:54.973,1.50071,1.50096,1.13,3.23
2012.12.10 12:09:55.290,1.50072,1.50099,1.65,2.48
2012.12.10 12:09:55.361,1.50075,1.50099,1.50,1.73
2012.12.10 12:09:55.670,1.50073,1.50099,1.50,2.10
2012.12.10 12:09:55.932,1.50075,1.50099,1.50,2.10
2012.12.10 12:09:56.709,1.50077,1.50099,1.13,1.73
2012.12.10 12:09:57.018,1.50073,1.50099,3.00,2.48
2012.12.10 12:09:57.680,1.50073,1.50099,1.13,1.73
2012.12.10 12:09:57.809,1.50075,1.50099,1.50,1.73
2012.12.10 12:10:00.180,1.50076,1.50099,1.88,1.73
2012.12.10 12:10:00.250,1.50079,1.50107,1.35,2.85
2012.12.10 12:10:00.444,1.50081,1.50104,1.88,1.88
2012.12.10 12:10:00.759,1.50081,1.50102,1.65,1.73
2012.12.10 12:10:00.829,1.50082,1.50102,1.13,1.50
2012.12.10 12:10:01.569,1.50082,1.50107,1.13,1.73
2012.12.10 12:10:02.178,1.50082,1.50107,1.13,1.73
2012.12.10 12:10:03.144,1.50081,1.50107,2.03,1.73
2012.12.10 12:10:03.269,1.5008,1.50105,1.50,1.73
2012.12.10 12:10:03.399,1.50079,1.50105,1.13,1.73
2012.12.10 12:10:03.710,1.50081,1.50107,1.28,2.85
2012.12.10 12:10:03.850,1.50086,1.50107,1.50,2.10
2012.12.10 12:10:06.481,1.50081,1.50111,1.28,2.25
2012.12.10 12:10:06.683,1.50081,1.50109,3.15,1.13
2012.12.10 12:10:06.756,1.50081,1.5011,3.15,1.28
2012.12.10 12:10:07.240,1.50085,1.5011,1.13,1.35
2012.12.10 12:10:07.551,1.50083,1.50111,2.25,2.10
2012.12.10 12:10:07.749,1.50085,1.50111,1.13,2.10
2012.12.10 12:10:08.250,1.50085,1.50109,1.13,2.85
2012.12.10 12:10:08.439,1.50087,1.50109,1.50,2.10
2012.12.10 12:10:08.604,1.5009,1.50109,1.50,1.88
2012.12.10 12:10:09.258,1.5009,1.50113,1.50,1.88
2012.12.10 12:10:09.464,1.50087,1.50108,1.88,1.13
2012.12.10 12:10:09.588,1.50087,1.50108,2.25,1.35
2012.12.10 12:10:09.909,1.5009,1.50114,1.50,1.73
2012.12.10 12:10:10.818,1.50087,1.50111,2.25,1.13
2012.12.10 12:10:11.348,1.50087,1.50111,1.88,1.13
2012.12.10 12:10:11.468,1.50086,1.50111,1.50,1.13
2012.12.10 12:10:14.319,1.50087,1.50111,1.50,1.13
2012.12.10 12:10:15.132,1.50087,1.50113,1.50,1.13
2012.12.10 12:10:24.429,1.5009,1.50114,1.50,1.13
2012.12.10 12:10:24.501,1.50093,1.50118,2.25,2.10
2012.12.10 12:10:24.688,1.50093,1.50114,1.50,1.13
2012.12.10 12:10:24.869,1.50093,1.50113,1.50,1.13
2012.12.10 12:10:25.420,1.50089,1.50113,2.25,1.13
2012.12.10 12:10:40.281,1.50087,1.50112,1.50,1.13
2012.12.10 12:10:40.349,1.50087,1.50113,1.50,2.25
2012.12.10 12:10:40.480,1.50087,1.5011,1.50,1.73
2012.12.10 12:10:40.550,1.50086,1.5011,1.50,2.48
2012.12.10 12:10:40.620,1.50085,1.5011,1.50,1.73
2012.12.10 12:10:40.689,1.50085,1.5011,1.73,1.73
2012.12.10 12:10:42.681,1.50085,1.5011,1.73,2.48
2012.12.10 12:10:42.814,1.50085,1.50111,3.00,1.73
2012.12.10 12:10:43.119,1.50081,1.50108,3.38,1.73
2012.12.10 12:10:43.374,1.50083,1.50109,1.13,1.88
2012.12.10 12:10:44.844,1.50084,1.5011,2.10,2.10
2012.12.10 12:10:45.244,1.50083,1.5011,1.65,3.60
2012.12.10 12:10:45.744,1.50083,1.5011,1.65,4.01
2012.12.10 12:10:45.831,1.50081,1.50109,3.15,1.38
2012.12.10 12:10:45.902,1.50081,1.5011,3.53,4.35
2012.12.10 12:10:46.500,1.50081,1.50109,3.53,1.73
2012.12.10 12:10:51.380,1.50084,1.5011,1.50,3.60
2012.12.10 12:10:51.700,1.50088,1.50112,1.13,5.91
2012.12.10 12:10:51.831,1.50086,1.50112,2.25,3.83
2012.12.10 12:10:51.971,1.50086,1.50112,1.50,3.83
2012.12.10 12:10:52.099,1.50088,1.50112,1.50,3.08
2012.12.10 12:10:52.160,1.50087,1.50112,1.50,3.83
2012.12.10 12:10:52.409,1.50088,1.50112,1.50,2.25
2012.12.10 12:10:52.770,1.50085,1.5011,1.50,1.73
2012.12.10 12:10:52.959,1.50085,1.5011,1.50,3.23
2012.12.10 12:10:53.020,1.50085,1.5011,1.50,2.48
2012.12.10 12:10:54.399,1.50085,1.5011,1.50,3.23
2012.12.10 12:10:54.769,1.50085,1.5011,1.50,3.23
2012.12.10 12:10:56.222,1.50083,1.5011,1.65,4.35
2012.12.10 12:10:56.432,1.50086,1.50109,1.50,2.10
2012.12.10 12:10:57.190,1.50086,1.5011,1.50,1.73
2012.12.10 12:10:57.320,1.50086,1.5011,1.50,1.73
2012.12.10 12:10:59.258,1.50087,1.50111,1.50,1.88
2012.12.10 12:10:59.749,1.50087,1.50111,1.50,2.63
2012.12.10 12:11:00.200,1.50085,1.50111,1.50,2.63
2012.12.10 12:11:00.645,1.50084,1.50111,1.65,3.38
2012.12.10 12:11:00.899,1.50082,1.50109,1.50,2.63
2012.12.10 12:11:02.373,1.50084,1.50107,1.13,2.63
2012.12.10 12:11:02.620,1.50084,1.50107,2.63,1.13
2012.12.10 12:11:02.871,1.50088,1.50112,1.65,1.35
2012.12.10 12:11:03.419,1.50088,1.50113,1.65,1.35
2012.12.10 12:11:03.974,1.50091,1.50115,1.50,3.00
2012.12.10 12:11:04.388,1.50089,1.50115,1.65,3.38
2012.12.10 12:11:06.891,1.50092,1.50115,1.50,2.63
2012.12.10 12:11:07.151,1.50094,1.50117,1.50,1.50
2012.12.10 12:11:07.410,1.5009,1.50114,1.73,2.25
2012.12.10 12:11:08.270,1.50087,1.50114,1.65,3.98
2012.12.10 12:11:09.022,1.50086,1.50113,1.13,1.35
2012.12.10 12:11:10.331,1.50086,1.50113,1.13,1.35
2012.12.10 12:11:12.530,1.50086,1.50112,1.88,1.73
2012.12.10 12:11:13.523,1.50086,1.50112,1.88,1.73
2012.12.10 12:11:16.320,1.50087,1.50112,1.65,1.73
2012.12.10 12:11:18.421,1.50087,1.50112,1.65,1.73
2012.12.10 12:11:21.799,1.50087,1.50113,1.43,3.23
2012.12.10 12:11:21.992,1.50088,1.50113,1.50,3.75
2012.12.10 12:11:22.059,1.50089,1.50113,1.50,3.00
2012.12.10 12:11:22.249,1.50088,1.50113,1.28,5.10
2012.12.10 12:11:22.885,1.50086,1.50113,1.88,4.73
2012.12.10 12:11:23.249,1.50087,1.50112,1.65,1.73
2012.12.10 12:11:23.378,1.50087,1.50112,1.65,1.73
2012.12.10 12:11:23.888,1.50086,1.50112,1.88,1.73
2012.12.10 12:11:24.389,1.50087,1.50113,3.15,1.73
2012.12.10 12:11:24.769,1.50091,1.50114,2.10,1.13
2012.12.10 12:11:24.952,1.50088,1.50114,1.65,2.10
2012.12.10 12:11:25.018,1.50088,1.50114,1.65,1.35
2012.12.10 12:11:25.078,1.50089,1.50114,1.13,1.13
2012.12.10 12:11:26.029,1.5009,1.50114,1.35,1.13
2012.12.10 12:11:26.589,1.50092,1.50117,1.50,1.73
2012.12.10 12:11:26.898,1.50091,1.50117,2.10,2.85
2012.12.10 12:11:27.200,1.50095,1.50119,2.85,3.15
2012.12.10 12:11:27.328,1.50093,1.50119,1.50,2.03
2012.12.10 12:11:27.389,1.50093,1.50119,1.50,1.28
2012.12.10 12:11:27.522,1.50095,1.50119,1.13,1.28
2012.12.10 12:11:28.028,1.50094,1.50121,1.13,1.88
2012.12.10 12:11:28.828,1.50093,1.50121,1.28,1.88
2012.12.10 12:11:29.949,1.50093,1.50117,1.28,2.48
2012.12.10 12:11:30.308,1.50092,1.50117,1.65,1.73
2012.12.10 12:11:30.369,1.50092,1.50117,1.65,1.73
2012.12.10 12:11:30.610,1.50092,1.50117,1.28,2.48
2012.12.10 12:11:30.799,1.50092,1.50117,1.28,2.48
2012.12.10 12:11:30.870,1.5009,1.50115,1.35,1.13
2012.12.10 12:11:30.940,1.5009,1.50115,1.35,1.13
2012.12.10 12:11:31.249,1.50088,1.50114,3.53,1.13
2012.12.10 12:11:31.780,1.50088,1.50113,1.13,1.88
2012.12.10 12:11:32.341,1.50086,1.50112,1.65,1.13
2012.12.10 12:11:36.230,1.50086,1.50112,1.65,1.13
2012.12.10 12:11:36.298,1.50086,1.50112,1.65,1.13
2012.12.10 12:11:38.380,1.50086,1.50113,1.65,1.88
2012.12.10 12:11:38.883,1.50086,1.50109,1.65,1.73
2012.12.10 12:11:39.233,1.50083,1.5011,1.35,3.98
2012.12.10 12:11:41.690,1.50082,1.50105,1.13,2.25
2012.12.10 12:11:46.410,1.50081,1.50103,1.13,1.13
2012.12.10 12:11:46.540,1.50081,1.50103,1.13,1.13
2012.12.10 12:11:46.670,1.50079,1.50102,1.28,2.48
2012.12.10 12:11:46.859,1.50081,1.50102,1.13,2.48
2012.12.10 12:11:48.750,1.50077,1.50102,1.50,2.48
2012.12.10 12:11:48.879,1.50079,1.50102,1.13,2.25
2012.12.10 12:11:48.939,1.50079,1.50102,1.13,2.25
2012.12.10 12:11:49.178,1.50079,1.50101,1.13,1.50
2012.12.10 12:11:53.969,1.50081,1.50104,1.50,1.88
2012.12.10 12:11:54.029,1.50081,1.50104,1.73,1.65
2012.12.10 12:11:56.419,1.50081,1.50105,1.35,1.65
2012.12.10 12:11:56.770,1.50081,1.50105,1.13,1.88
2012.12.10 12:12:00.872,1.50081,1.50105,1.13,1.13
2012.12.10 12:12:01.630,1.50081,1.50103,1.13,2.63
2012.12.10 12:12:02.241,1.50081,1.50103,1.13,2.40
2012.12.10 12:12:02.631,1.50081,1.50103,1.13,2.40
2012.12.10 12:12:03.060,1.50077,1.50098,1.13,1.50
2012.12.10 12:12:03.190,1.50074,1.50098,2.25,2.40
2012.12.10 12:12:04.630,1.50078,1.50098,1.13,2.63
2012.12.10 12:12:04.771,1.50073,1.50098,1.05,2.63
2012.12.10 12:12:04.839,1.50073,1.50098,1.05,2.63
2012.12.10 12:12:05.509,1.50073,1.50098,1.43,2.63
2012.12.10 12:12:06.099,1.50073,1.50098,1.28,3.38
2012.12.10 12:12:08.138,1.50067,1.50093,1.50,1.35
2012.12.10 12:12:08.198,1.50067,1.50093,1.50,1.35
2012.12.10 12:12:08.438,1.50064,1.5009,2.03,1.13
2012.12.10 12:12:08.948,1.50067,1.50091,1.50,1.88
2012.12.10 12:12:09.519,1.50068,1.5009,1.50,1.13
2012.12.10 12:12:09.831,1.5007,1.50091,1.65,1.73
2012.12.10 12:12:09.901,1.5007,1.50091,1.65,1.50
2012.12.10 12:12:09.970,1.5007,1.50093,1.65,1.73
2012.12.10 12:12:10.491,1.50073,1.50094,1.13,1.35
2012.12.10 12:12:17.810,1.50072,1.50098,1.28,4.50
2012.12.10 12:12:21.750,1.50071,1.50098,2.03,4.50
2012.12.10 12:12:24.610,1.50071,1.50098,2.40,3.00
2012.12.10 12:12:26.820,1.50072,1.50098,1.28,3.53
2012.12.10 12:12:28.041,1.50072,1.50098,1.28,3.75
2012.12.10 12:12:39.201,1.50071,1.50098,2.63,2.25
2012.12.10 12:12:39.638,1.50071,1.50098,2.40,2.78
2012.12.10 12:12:40.509,1.50071,1.50098,2.03,3.00
2012.12.10 12:12:40.820,1.50079,1.501,1.50,1.35
2012.12.10 12:12:42.044,1.5008,1.50106,1.88,1.35
2012.12.10 12:12:42.182,1.5008,1.50108,1.35,2.25
2012.12.10 12:12:42.741,1.50083,1.50106,1.50,1.35
2012.12.10 12:12:43.386,1.50083,1.50108,1.50,3.00
2012.12.10 12:12:46.911,1.50082,1.50107,1.50,1.13
2012.12.10 12:12:47.024,1.50081,1.50107,2.10,1.88
2012.12.10 12:12:47.148,1.50081,1.50107,2.10,1.88
2012.12.10 12:12:47.329,1.50082,1.50107,1.50,1.88
2012.12.10 12:12:48.021,1.50082,1.50107,1.73,1.88
2012.12.10 12:12:48.090,1.50086,1.50108,1.50,2.63
2012.12.10 12:12:54.599,1.50086,1.50112,1.88,3.23
2012.12.10 12:12:54.754,1.50087,1.50112,1.65,3.23
2012.12.10 12:12:55.090,1.50088,1.50114,1.28,1.88
2012.12.10 12:12:55.160,1.50091,1.50114,1.50,1.88
2012.12.10 12:12:55.678,1.50091,1.50114,1.50,3.38
2012.12.10 12:12:56.000,1.50095,1.50116,1.50,1.80
2012.12.10 12:12:56.829,1.50089,1.50116,1.50,2.40
2012.12.10 12:12:57.420,1.50089,1.50114,1.50,1.13
2012.12.10 12:12:57.920,1.50097,1.50114,1.50,1.88
2012.12.10 12:12:58.263,1.50097,1.50114,1.50,1.28
2012.12.10 12:12:59.370,1.50093,1.50115,1.35,1.65
2012.12.10 12:12:59.644,1.5009,1.50112,1.50,1.73
2012.12.10 12:12:59.888,1.5009,1.50112,1.50,1.73
2012.12.10 12:12:59.949,1.5009,1.50112,1.50,1.73
2012.12.10 12:13:00.011,1.50087,1.50112,1.13,2.48
2012.12.10 12:13:00.561,1.50087,1.50109,1.13,1.50
2012.12.10 12:13:01.070,1.50082,1.50106,1.35,2.25
2012.12.10 12:13:01.140,1.50082,1.50106,1.35,1.50
2012.12.10 12:13:01.884,1.50086,1.50106,1.13,1.50
2012.12.10 12:13:02.271,1.50085,1.5011,1.35,2.25
2012.12.10 12:13:06.331,1.50084,1.5011,1.35,3.00
2012.12.10 12:13:06.401,1.50084,1.5011,1.35,3.00
2012.12.10 12:13:06.529,1.50082,1.50109,1.35,1.73
2012.12.10 12:13:10.389,1.50081,1.50106,2.48,1.50
2012.12.10 12:13:11.080,1.50081,1.50106,2.10,1.65
2012.12.10 12:13:11.331,1.50081,1.50106,1.73,1.88
2012.12.10 12:13:12.122,1.5008,1.50106,2.25,2.63
2012.12.10 12:13:12.584,1.50077,1.50103,1.73,2.10
2012.12.10 12:13:12.958,1.50077,1.50103,1.73,1.50
2012.12.10 12:13:13.900,1.50079,1.50103,2.10,1.50
2012.12.10 12:13:13.969,1.50079,1.50103,2.63,1.50
2012.12.10 12:13:14.622,1.5008,1.50103,1.13,1.73
2012.12.10 12:13:15.420,1.50081,1.50106,1.13,1.73
2012.12.10 12:13:16.615,1.50082,1.50108,1.35,3.98
2012.12.10 12:13:17.893,1.5008,1.50106,1.35,1.73
2012.12.10 12:13:18.942,1.50076,1.50097,1.28,1.50
2012.12.10 12:13:21.001,1.50073,1.50097,4.13,1.73
2012.12.10 12:13:23.391,1.50076,1.501,1.13,1.73
2012.12.10 12:13:24.013,1.50076,1.501,1.13,1.73
2012.12.10 12:13:24.532,1.50075,1.501,1.13,1.73
2012.12.10 12:13:25.870,1.50078,1.50102,1.50,1.73
2012.12.10 12:13:26.359,1.50078,1.50103,1.50,1.88
2012.12.10 12:13:28.730,1.50078,1.50103,1.50,1.88
2012.12.10 12:13:29.239,1.50076,1.50099,1.50,1.73
2012.12.10 12:13:29.697,1.50076,1.50099,1.50,1.50
2012.12.10 12:13:30.012,1.50077,1.50102,2.63,1.35
2012.12.10 12:13:30.081,1.50077,1.50103,5.25,2.25
2012.12.10 12:13:31.342,1.50079,1.50103,1.50,1.13
2012.12.10 12:13:31.590,1.50081,1.50108,2.63,1.73
2012.12.10 12:13:31.659,1.50081,1.50108,2.63,1.73
2012.12.10 12:13:31.730,1.50081,1.50108,1.88,2.48
2012.12.10 12:13:31.802,1.50082,1.50108,1.78,2.62
2012.12.10 12:13:31.869,1.50082,1.50107,3.28,1.50
2012.12.10 12:13:32.463,1.50086,1.50107,1.73,1.50
2012.12.10 12:13:32.650,1.50086,1.50108,1.50,1.50
2012.12.10 12:13:33.020,1.50086,1.5011,2.10,1.65
2012.12.10 12:13:33.378,1.50086,1.50108,1.88,1.73
2012.12.10 12:13:33.789,1.50086,1.5011,1.88,1.88
2012.12.10 12:13:35.338,1.50086,1.5011,1.88,1.88
2012.12.10 12:13:35.699,1.50082,1.50103,1.13,1.50
2012.12.10 12:13:36.240,1.50077,1.50101,1.78,1.65
2012.12.10 12:13:36.691,1.50079,1.50103,2.25,1.73
2012.12.10 12:13:37.929,1.50082,1.50108,1.13,3.23
2012.12.10 12:13:38.110,1.50085,1.50108,1.13,1.73
2012.12.10 12:13:39.339,1.50087,1.50108,3.75,1.50
2012.12.10 12:13:39.459,1.50093,1.50116,1.65,1.50
2012.12.10 12:13:39.650,1.50093,1.50118,1.65,2.48
2012.12.10 12:13:40.383,1.50096,1.50119,2.25,2.10
2012.12.10 12:13:41.899,1.50092,1.50117,1.13,2.48
2012.12.10 12:13:41.964,1.50092,1.50115,1.13,1.73
2012.12.10 12:13:42.729,1.5009,1.50111,1.35,1.50
2012.12.10 12:13:42.970,1.50092,1.50114,1.13,1.50
2012.12.10 12:13:43.032,1.50091,1.50115,1.50,1.35
2012.12.10 12:13:43.159,1.50091,1.50112,1.13,1.13
2012.12.10 12:13:43.279,1.50089,1.50111,1.28,1.13
2012.12.10 12:13:43.610,1.50087,1.50111,1.88,1.13
2012.12.10 12:13:43.679,1.50087,1.50111,1.50,1.13
2012.12.10 12:13:43.749,1.50087,1.50112,1.50,2.25
2012.12.10 12:13:43.810,1.50087,1.50112,1.28,2.25
2012.12.10 12:13:45.230,1.50086,1.50112,1.65,2.25
2012.12.10 12:13:45.301,1.50082,1.50106,1.73,2.63
2012.12.10 12:13:45.629,1.50081,1.50103,1.28,1.13
2012.12.10 12:13:45.929,1.5008,1.50106,1.73,1.88
2012.12.10 12:13:47.235,1.50081,1.50106,1.73,1.88
2012.12.10 12:13:47.770,1.50079,1.50106,1.35,1.88
2012.12.10 12:13:48.089,1.50083,1.50109,1.50,3.75
2012.12.10 12:13:48.608,1.50086,1.50109,1.50,1.50
2012.12.10 12:13:49.392,1.50082,1.50109,1.35,2.25
2012.12.10 12:13:49.700,1.50082,1.50108,1.13,1.35
2012.12.10 12:13:50.869,1.50081,1.50107,1.50,2.10
2012.12.10 12:13:51.123,1.50081,1.50106,1.50,2.10
2012.12.10 12:13:52.249,1.50081,1.50107,1.50,2.10
2012.12.10 12:13:52.370,1.50081,1.50107,1.50,2.10
2012.12.10 12:13:52.999,1.50081,1.50107,1.50,2.10
2012.12.10 12:13:53.238,1.50081,1.50106,1.50,2.10
2012.12.10 12:13:55.610,1.50082,1.50107,1.88,1.73
2012.12.10 12:13:55.679,1.50084,1.50107,1.13,2.85
2012.12.10 12:13:55.748,1.50082,1.50107,1.50,2.85
2012.12.10 12:13:55.810,1.50082,1.50105,1.50,2.10
2012.12.10 12:13:56.000,1.50082,1.50105,1.50,2.10
2012.12.10 12:13:56.068,1.50079,1.50104,1.50,1.13
2012.12.10 12:13:56.189,1.50079,1.50103,1.13,1.88
2012.12.10 12:13:56.570,1.50079,1.50102,1.13,1.13
2012.12.10 12:13:56.641,1.50079,1.50104,1.13,1.13
2012.12.10 12:13:56.892,1.50081,1.50105,1.65,1.73
2012.12.10 12:13:57.089,1.50084,1.50108,1.50,1.88
2012.12.10 12:13:57.150,1.50084,1.50108,1.50,1.88
2012.12.10 12:13:57.219,1.50083,1.50108,1.28,2.25
2012.12.10 12:13:57.922,1.50083,1.50108,1.65,1.13
2012.12.10 12:13:58.460,1.50083,1.50108,1.65,1.13
2012.12.10 12:13:58.770,1.50091,1.50109,1.50,1.13
2012.12.10 12:13:58.900,1.50091,1.50114,1.50,1.50
2012.12.10 12:13:59.199,1.50091,1.50115,1.65,3.00
2012.12.10 12:13:59.260,1.50092,1.50115,1.65,2.25
2012.12.10 12:13:59.330,1.50092,1.50118,1.88,3.15
2012.12.10 12:14:00.329,1.50093,1.50118,1.13,2.63
2012.12.10 12:14:00.829,1.50092,1.50118,1.13,3.38
2012.12.10 12:14:01.338,1.50092,1.50118,1.50,3.38
2012.12.10 12:14:01.945,1.50092,1.50118,1.50,2.63
2012.12.10 12:14:04.119,1.50092,1.50115,1.88,2.25
2012.12.10 12:14:04.181,1.50092,1.50114,1.13,1.50
2012.12.10 12:14:04.493,1.50089,1.50114,1.35,3.23
2012.12.10 12:14:06.241,1.50089,1.50114,1.13,2.48
2012.12.10 12:14:09.847,1.50089,1.50114,1.13,2.48
2012.12.10 12:14:11.439,1.50087,1.50112,1.35,1.13
2012.12.10 12:14:11.979,1.50086,1.50112,1.35,1.13
2012.12.10 12:14:12.519,1.50083,1.50112,3.38,1.13
2012.12.10 12:14:12.878,1.50083,1.50112,3.38,1.88
2012.12.10 12:14:13.379,1.50086,1.50112,1.73,4.13
2012.12.10 12:14:16.789,1.50084,1.50112,2.85,5.63
2012.12.10 12:14:16.970,1.50081,1.50106,1.28,2.48
2012.12.10 12:14:18.211,1.5008,1.50106,2.10,2.48
2012.12.10 12:14:19.807,1.5008,1.50108,3.60,2.85
2012.12.10 12:14:22.049,1.5008,1.50108,2.85,2.48
2012.12.10 12:14:24.375,1.5008,1.50106,2.10,1.73
2012.12.10 12:14:24.439,1.5008,1.50102,1.73,1.35
2012.12.10 12:14:24.959,1.50075,1.50099,1.41,1.13
2012.12.10 12:14:25.319,1.50073,1.50099,4.03,1.13
2012.12.10 12:14:27.052,1.50078,1.501,1.13,1.13
2012.12.10 12:14:27.120,1.50079,1.50102,1.50,3.60
2012.12.10 12:14:27.250,1.50081,1.50102,1.65,1.50
2012.12.10 12:14:27.381,1.50082,1.50102,3.00,1.50
2012.12.10 12:14:28.199,1.50082,1.50103,3.00,1.13
2012.12.10 12:14:28.640,1.5008,1.50106,1.50,1.13
2012.12.10 12:14:29.630,1.50077,1.50106,4.35,1.88
2012.12.10 12:14:33.450,1.50083,1.50106,1.50,1.88
2012.12.10 12:14:33.711,1.50083,1.50108,1.73,1.50
2012.12.10 12:14:35.573,1.50084,1.50108,1.35,1.13
2012.12.10 12:14:37.871,1.50084,1.5011,1.35,1.35
2012.12.10 12:14:41.479,1.50091,1.50112,1.13,1.88
2012.12.10 12:14:41.615,1.50094,1.50114,1.13,1.50
2012.12.10 12:14:41.749,1.50094,1.50117,1.88,2.10
2012.12.10 12:14:46.362,1.50094,1.50119,2.25,1.13
2012.12.10 12:14:47.029,1.50094,1.50119,1.88,1.13
2012.12.10 12:14:47.421,1.50094,1.5012,1.88,1.65
2012.12.10 12:14:48.420,1.50094,1.50119,1.13,2.25
2012.12.10 12:14:48.739,1.50092,1.50118,1.13,3.23
2012.12.10 12:14:54.122,1.50091,1.50118,1.35,3.23
2012.12.10 12:14:54.309,1.50089,1.50113,2.25,1.13
2012.12.10 12:14:54.849,1.50089,1.50113,1.50,1.13
2012.12.10 12:14:55.089,1.50086,1.50112,2.48,1.13
2012.12.10 12:14:56.119,1.50085,1.50112,1.50,1.13
2012.12.10 12:14:56.239,1.50085,1.50113,2.25,1.88
2012.12.10 12:14:56.839,1.50085,1.50113,2.25,1.88
2012.12.10 12:14:57.195,1.50088,1.50113,2.25,1.13
2012.12.10 12:14:57.570,1.50088,1.50113,2.25,1.88
2012.12.10 12:14:57.700,1.50088,1.50113,1.13,2.63
2012.12.10 12:14:58.440,1.50091,1.50118,2.10,1.88
2012.12.10 12:14:58.690,1.50094,1.5012,1.13,1.35
2012.12.10 12:14:59.421,1.50094,1.5012,1.13,1.35
2012.12.10 12:14:59.739,1.50103,1.50121,1.13,2.25
2012.12.10 12:14:59.870,1.50101,1.50121,1.35,1.50
2012.12.10 12:14:59.939,1.50101,1.50125,1.35,2.25
2012.12.10 12:15:01.090,1.50105,1.50125,1.13,1.50
2012.12.10 12:15:01.621,1.50105,1.50128,1.13,1.13
2012.12.10 12:15:01.939,1.50105,1.50129,1.13,1.24
2012.12.10 12:15:03.510,1.50105,1.50128,1.13,1.13
2012.12.10 12:15:03.584,1.50104,1.50125,2.25,1.13
2012.12.10 12:15:04.061,1.501,1.50124,1.35,1.35
2012.12.10 12:15:05.429,1.501,1.50125,1.35,1.13
2012.12.10 12:15:06.293,1.50101,1.50124,1.35,1.13
2012.12.10 12:15:06.420,1.50101,1.50124,1.35,1.13
2012.12.10 12:15:10.590,1.50102,1.50128,2.85,2.07
2012.12.10 12:15:10.730,1.50105,1.50128,1.28,3.57
2012.12.10 12:15:10.799,1.50106,1.50128,2.25,3.00
2012.12.10 12:15:11.421,1.5011,1.50132,1.35,1.13
2012.12.10 12:15:21.353,1.50111,1.50132,2.25,1.13
2012.12.10 12:15:21.951,1.50108,1.50131,2.48,3.15
2012.12.10 12:15:26.149,1.50103,1.50126,1.35,1.13
2012.12.10 12:15:26.661,1.50103,1.50126,1.35,1.13
2012.12.10 12:15:36.157,1.50104,1.50126,1.13,1.13
2012.12.10 12:15:36.263,1.50104,1.50126,1.13,1.13
2012.12.10 12:15:40.760,1.50104,1.50126,1.13,1.13
2012.12.10 12:15:43.990,1.50103,1.50128,1.13,1.73
2012.12.10 12:15:44.329,1.50105,1.5013,1.35,2.25
2012.12.10 12:15:44.873,1.50105,1.50129,1.35,1.50
2012.12.10 12:15:46.167,1.50105,1.50129,1.35,1.50
2012.12.10 12:15:46.321,1.50105,1.50127,1.35,1.50
2012.12.10 12:15:49.570,1.50105,1.50129,1.73,1.50
2012.12.10 12:15:49.640,1.50108,1.50132,1.50,1.88
2012.12.10 12:15:49.841,1.5011,1.50133,3.60,2.25
2012.12.10 12:15:50.089,1.50112,1.50137,1.13,2.03
2012.12.10 12:15:50.522,1.50113,1.50137,1.13,1.13
2012.12.10 12:15:51.019,1.50113,1.50139,1.50,1.65
2012.12.10 12:15:51.571,1.50116,1.50139,1.35,1.88
2012.12.10 12:15:52.225,1.50115,1.50139,1.35,2.40
2012.12.10 12:15:55.420,1.50114,1.50139,1.35,2.40
2012.12.10 12:15:57.342,1.50115,1.50139,1.73,2.40
2012.12.10 12:16:06.080,1.50113,1.50137,1.88,1.65
2012.12.10 12:16:06.142,1.50113,1.50135,1.13,1.50
2012.12.10 12:16:06.211,1.50112,1.50133,1.88,1.50
2012.12.10 12:16:07.250,1.50109,1.50133,1.73,1.50
2012.12.10 12:16:07.379,1.50109,1.50133,1.73,1.50
2012.12.10 12:16:07.741,1.50108,1.50133,1.73,1.50
2012.12.10 12:16:12.260,1.50112,1.50136,1.28,2.48
2012.12.10 12:16:12.740,1.50113,1.50137,1.50,1.13
2012.12.10 12:16:13.321,1.50111,1.50137,1.88,1.13
2012.12.10 12:16:15.319,1.50113,1.50137,1.50,1.13
2012.12.10 12:16:16.503,1.50113,1.50137,1.13,1.13
2012.12.10 12:16:19.151,1.50112,1.50137,1.13,1.13
2012.12.10 12:16:21.111,1.50113,1.50137,1.50,1.13
2012.12.10 12:16:21.239,1.50114,1.50139,1.13,2.85
2012.12.10 12:16:21.478,1.50116,1.50139,1.13,2.25
2012.12.10 12:16:21.779,1.50111,1.50138,2.63,1.73
2012.12.10 12:16:22.081,1.50109,1.50134,1.35,1.65
2012.12.10 12:16:22.470,1.50106,1.50133,2.63,1.13
2012.12.10 12:16:22.659,1.50105,1.50129,1.28,1.50
2012.12.10 12:16:22.780,1.50103,1.50128,1.13,1.50
2012.12.10 12:16:24.107,1.50102,1.50128,1.35,1.88
2012.12.10 12:16:24.500,1.50098,1.50123,2.25,1.50
2012.12.10 12:16:26.575,1.50101,1.50125,1.73,1.28
2012.12.10 12:16:27.349,1.501,1.50124,2.48,1.50
2012.12.10 12:16:28.057,1.50101,1.50125,2.10,1.28
2012.12.10 12:16:28.741,1.50101,1.50124,1.35,1.50
2012.12.10 12:16:31.469,1.50101,1.50125,1.73,1.28
2012.12.10 12:16:36.300,1.50101,1.50126,1.50,1.50
2012.12.10 12:16:36.490,1.50102,1.50128,1.35,1.13
2012.12.10 12:16:42.739,1.50102,1.50128,1.28,1.88
2012.12.10 12:16:43.302,1.50101,1.50124,1.28,1.73
2012.12.10 12:16:45.676,1.50099,1.50126,1.50,3.23
2012.12.10 12:16:46.039,1.50101,1.50126,2.25,2.25
2012.12.10 12:16:46.160,1.50101,1.50123,1.50,1.50
2012.12.10 12:16:46.594,1.50098,1.50123,1.88,2.10
2012.12.10 12:16:47.698,1.50098,1.50123,1.35,3.38
2012.12.10 12:16:48.240,1.50098,1.50123,2.10,1.13
2012.12.10 12:16:48.495,1.50101,1.50125,1.65,1.35
2012.12.10 12:16:48.753,1.50103,1.50128,1.13,2.78
2012.12.10 12:16:49.061,1.50103,1.50126,1.13,1.13
2012.12.10 12:16:49.763,1.50106,1.50131,1.73,1.35
2012.12.10 12:16:50.430,1.50105,1.50131,1.35,1.35
2012.12.10 12:16:50.499,1.50105,1.50131,1.35,1.35
2012.12.10 12:16:52.097,1.50105,1.50131,1.35,1.13
2012.12.10 12:16:53.005,1.50105,1.50131,1.35,1.13
2012.12.10 12:16:59.639,1.50105,1.50132,2.10,1.13
2012.12.10 12:16:59.699,1.50105,1.50132,2.10,1.13
2012.12.10 12:16:59.820,1.50112,1.50133,1.50,2.85
2012.12.10 12:17:00.151,1.50109,1.50133,1.73,1.13
2012.12.10 12:17:00.227,1.50111,1.50133,1.73,1.13
2012.12.10 12:17:00.302,1.50109,1.50133,1.73,1.13
2012.12.10 12:17:00.611,1.50111,1.50139,1.73,1.73
2012.12.10 12:17:02.602,1.5011,1.50139,2.25,2.48
2012.12.10 12:17:03.129,1.50108,1.50134,3.38,1.35
2012.12.10 12:17:03.400,1.50106,1.50134,2.25,3.23
2012.12.10 12:17:03.969,1.50106,1.50131,1.13,1.13
2012.12.10 12:17:04.709,1.50106,1.5013,1.13,1.65
2012.12.10 12:17:04.950,1.50104,1.50128,1.65,1.35
2012.12.10 12:17:05.641,1.50106,1.50128,1.13,1.13
2012.12.10 12:17:06.250,1.50106,1.50128,1.13,1.13
2012.12.10 12:17:06.782,1.50104,1.50129,1.50,1.50
2012.12.10 12:17:08.363,1.50104,1.50127,2.10,1.13
2012.12.10 12:17:08.682,1.50101,1.50124,1.73,2.03
2012.12.10 12:17:08.749,1.50101,1.50124,1.50,1.50
2012.12.10 12:17:09.439,1.50101,1.50124,2.25,1.50
2012.12.10 12:17:09.882,1.50098,1.50124,1.73,2.25
2012.12.10 12:17:11.381,1.50098,1.50124,2.48,1.50
2012.12.10 12:17:11.902,1.50097,1.50124,1.50,2.25
2012.12.10 12:17:12.314,1.50098,1.50124,1.73,1.50
2012.12.10 12:17:13.981,1.50097,1.50123,2.25,1.65
2012.12.10 12:17:14.493,1.50098,1.50123,1.73,1.65
2012.12.10 12:17:14.833,1.50097,1.50117,1.13,1.13
2012.12.10 12:17:14.904,1.50096,1.50117,1.13,1.13
2012.12.10 12:17:15.211,1.50091,1.50115,1.88,1.13
2012.12.10 12:17:15.280,1.50091,1.50115,1.50,1.13
2012.12.10 12:17:16.330,1.50091,1.50116,1.73,1.35
2012.12.10 12:17:16.521,1.50099,1.50121,1.13,1.50
2012.12.10 12:17:16.650,1.50099,1.50124,1.13,1.50
2012.12.10 12:17:17.401,1.50101,1.50125,2.25,1.13
2012.12.10 12:17:17.862,1.50101,1.50126,3.98,1.50
2012.12.10 12:17:19.401,1.50102,1.50126,1.35,1.13
2012.12.10 12:17:19.710,1.50098,1.50123,1.73,1.73
2012.12.10 12:17:19.960,1.50096,1.50119,1.73,1.65
2012.12.10 12:17:22.719,1.50097,1.50124,1.50,4.88
2012.12.10 12:17:23.199,1.50099,1.50125,1.35,1.50
2012.12.10 12:17:23.389,1.50102,1.50128,1.13,3.60
2012.12.10 12:17:24.770,1.50103,1.50128,2.48,1.73
2012.12.10 12:17:25.252,1.50104,1.50129,1.35,2.25
2012.12.10 12:17:25.402,1.50104,1.50128,1.35,1.50
2012.12.10 12:17:25.472,1.50102,1.50124,1.50,1.50
2012.12.10 12:17:25.541,1.50101,1.50124,3.75,1.73
2012.12.10 12:17:26.499,1.50101,1.50124,3.00,1.73
2012.12.10 12:17:27.941,1.50101,1.50122,1.88,1.88
2012.12.10 12:17:29.372,1.50098,1.50116,1.88,1.13
2012.12.10 12:17:29.441,1.50096,1.50116,2.25,1.13
2012.12.10 12:17:29.571,1.50093,1.50114,1.35,1.65
2012.12.10 12:17:29.840,1.50094,1.50118,1.50,1.13
2012.12.10 12:17:30.353,1.50094,1.50116,1.50,3.00
2012.12.10 12:17:30.419,1.50093,1.50116,1.35,3.75
2012.12.10 12:17:30.660,1.50088,1.50115,1.35,1.73
2012.12.10 12:17:31.182,1.50089,1.50114,1.13,1.73
2012.12.10 12:17:31.252,1.50087,1.50111,2.25,1.73
2012.12.10 12:17:31.380,1.50085,1.50106,2.03,1.50
2012.12.10 12:17:31.691,1.50085,1.50106,1.28,1.50
2012.12.10 12:17:32.610,1.50084,1.5011,2.10,1.35
2012.12.10 12:17:32.712,1.50085,1.5011,1.50,1.35
2012.12.10 12:17:34.269,1.50083,1.50108,2.25,2.48
2012.12.10 12:17:34.573,1.50078,1.501,1.58,2.48
2012.12.10 12:17:35.419,1.50076,1.50101,1.13,1.73
2012.12.10 12:17:35.601,1.50077,1.50104,1.13,1.73
2012.12.10 12:17:36.116,1.50078,1.50104,1.73,1.50
2012.12.10 12:17:36.970,1.50074,1.50099,1.88,1.50
2012.12.10 12:17:37.101,1.50074,1.50099,1.50,1.73
2012.12.10 12:17:37.940,1.50076,1.501,1.73,1.35
2012.12.10 12:17:38.119,1.50076,1.501,1.73,1.13
2012.12.10 12:17:43.703,1.50078,1.50102,2.10,1.50
2012.12.10 12:17:43.841,1.50076,1.501,1.35,1.73
2012.12.10 12:17:45.370,1.50074,1.501,2.63,2.10
2012.12.10 12:17:45.963,1.50072,1.50094,1.13,1.88
2012.12.10 12:17:46.607,1.50068,1.50093,1.50,1.73
2012.12.10 12:17:48.040,1.50068,1.50093,1.88,1.73
2012.12.10 12:17:50.430,1.5007,1.50094,1.65,1.13
2012.12.10 12:17:50.500,1.50071,1.50094,1.50,1.13
2012.12.10 12:17:50.870,1.50073,1.50097,1.35,1.50
2012.12.10 12:17:51.652,1.50076,1.501,2.10,1.88
2012.12.10 12:18:13.880,1.50078,1.50102,1.13,2.48
2012.12.10 12:18:14.189,1.50081,1.50102,1.13,1.73
2012.12.10 12:18:14.511,1.50078,1.50102,1.28,2.48
2012.12.10 12:18:15.362,1.50078,1.50102,1.13,2.48
2012.12.10 12:18:15.493,1.50075,1.50102,2.25,3.38
2012.12.10 12:18:15.821,1.50072,1.50097,2.03,2.48
2012.12.10 12:18:18.640,1.50071,1.50097,1.35,3.23
2012.12.10 12:18:18.890,1.50072,1.50097,2.03,2.48
2012.12.10 12:18:19.101,1.50072,1.50097,2.40,2.48
2012.12.10 12:18:19.359,1.50072,1.50099,3.53,1.73
2012.12.10 12:18:19.601,1.50072,1.50097,1.65,2.48
2012.12.10 12:18:21.411,1.50071,1.50097,2.85,1.73
2012.12.10 12:18:21.852,1.50071,1.50097,2.85,2.48
2012.12.10 12:18:22.901,1.50074,1.50099,1.65,1.73
2012.12.10 12:18:26.709,1.50076,1.501,1.50,1.73
2012.12.10 12:18:26.890,1.50076,1.501,1.50,1.73
2012.12.10 12:18:27.019,1.50075,1.50101,1.73,2.63
2012.12.10 12:18:28.341,1.50074,1.50101,1.88,2.63
2012.12.10 12:18:29.489,1.50074,1.50098,1.13,1.73
2012.12.10 12:18:30.090,1.50075,1.50101,1.73,2.63
2012.12.10 12:18:30.778,1.50076,1.50101,1.50,2.63
2012.12.10 12:18:35.119,1.50077,1.50101,1.13,2.48
2012.12.10 12:18:35.479,1.5008,1.50103,1.13,1.73
2012.12.10 12:18:35.789,1.50082,1.50104,1.73,1.65
2012.12.10 12:18:36.331,1.50082,1.50104,1.50,1.88
2012.12.10 12:18:36.883,1.50081,1.50104,1.88,2.63
2012.12.10 12:18:37.282,1.50082,1.50104,1.50,2.63
2012.12.10 12:18:37.541,1.50082,1.50104,1.50,1.88
2012.12.10 12:18:38.091,1.50081,1.50104,1.13,2.40
2012.12.10 12:18:38.160,1.50079,1.50103,1.65,1.35
2012.12.10 12:18:38.810,1.50077,1.50099,1.88,1.50
2012.12.10 12:18:43.210,1.50078,1.501,1.65,1.73
2012.12.10 12:18:43.282,1.5008,1.50104,1.13,1.88
2012.12.10 12:18:43.650,1.50082,1.50104,1.13,1.73
2012.12.10 12:18:47.364,1.5008,1.50103,1.88,1.88
2012.12.10 12:18:52.581,1.5008,1.50103,1.13,1.13
2012.12.10 12:18:52.712,1.50085,1.50104,1.13,1.50
2012.12.10 12:18:52.850,1.50084,1.50108,1.73,2.63
2012.12.10 12:18:53.163,1.5008,1.50103,3.98,1.13
2012.12.10 12:18:53.230,1.5008,1.50103,3.23,1.13
2012.12.10 12:18:53.790,1.50078,1.50101,1.88,2.48
2012.12.10 12:18:54.059,1.50078,1.501,1.88,2.48
2012.12.10 12:18:55.410,1.50076,1.501,1.13,3.23
2012.12.10 12:18:55.482,1.50076,1.501,1.13,3.23
2012.12.10 12:18:57.036,1.50075,1.501,1.65,1.73
2012.12.10 12:18:57.669,1.50075,1.50099,2.03,2.48
2012.12.10 12:18:58.959,1.50076,1.50099,1.13,2.48
2012.12.10 12:19:01.858,1.50077,1.50099,1.50,2.48
2012.12.10 12:19:02.099,1.50077,1.50099,1.50,2.48
2012.12.10 12:19:02.655,1.50078,1.50099,1.50,2.48
2012.12.10 12:19:16.599,1.50077,1.50101,1.88,1.73
2012.12.10 12:19:23.850,1.50077,1.50101,1.65,1.73
2012.12.10 12:19:24.220,1.50078,1.50103,1.88,2.48
2012.12.10 12:19:28.298,1.50081,1.50103,1.73,2.25
2012.12.10 12:19:34.851,1.50081,1.50103,2.48,1.50
2012.12.10 12:19:35.273,1.50082,1.50104,1.50,1.13
2012.12.10 12:19:37.130,1.50081,1.50104,1.50,1.13
2012.12.10 12:19:37.190,1.5008,1.50104,1.50,1.13
2012.12.10 12:19:37.732,1.5008,1.50105,1.73,1.13
2012.12.10 12:19:49.882,1.50081,1.50104,1.50,1.35
2012.12.10 12:19:50.811,1.5008,1.50103,1.73,1.35
2012.12.10 12:19:54.690,1.50079,1.501,2.25,1.13
2012.12.10 12:19:55.032,1.50081,1.50103,1.50,1.35
2012.12.10 12:19:57.424,1.50076,1.50102,3.38,1.13
2012.12.10 12:19:58.982,1.50076,1.501,2.63,1.13
2012.12.10 12:19:59.238,1.50078,1.50103,1.50,1.35
2012.12.10 12:20:02.282,1.50078,1.50102,1.50,1.13
2012.12.10 12:20:02.589,1.50079,1.50105,1.65,2.63
2012.12.10 12:20:02.787,1.50079,1.50105,1.88,2.63
2012.12.10 12:20:03.340,1.50079,1.50104,1.13,1.88
2012.12.10 12:20:06.321,1.50079,1.50104,1.13,2.63
2012.12.10 12:20:09.840,1.50079,1.50105,1.13,5.63
2012.12.10 12:20:10.830,1.50079,1.50104,1.13,1.13
2012.12.10 12:20:11.375,1.50079,1.50105,1.13,5.63
2012.12.10 12:20:12.106,1.50081,1.50105,1.50,1.13
2012.12.10 12:20:12.225,1.50081,1.50105,1.50,1.13
2012.12.10 12:20:14.131,1.50081,1.50104,1.50,1.13
2012.12.10 12:20:14.319,1.50079,1.50103,1.65,1.73
2012.12.10 12:20:19.177,1.50079,1.50103,1.65,1.73
2012.12.10 12:20:26.161,1.50079,1.50105,2.40,1.13
2012.12.10 12:20:26.290,1.50081,1.50105,1.50,1.13
2012.12.10 12:20:37.622,1.50082,1.50105,2.25,3.98
2012.12.10 12:20:37.691,1.50082,1.50102,1.50,1.35
2012.12.10 12:20:38.302,1.5008,1.50098,1.50,1.13
2012.12.10 12:20:38.431,1.50077,1.50098,1.13,1.13
2012.12.10 12:20:39.879,1.50078,1.50098,1.50,1.13
2012.12.10 12:20:40.119,1.50078,1.50102,1.50,1.35
2012.12.10 12:20:42.189,1.50077,1.50099,1.50,1.13
2012.12.10 12:20:42.370,1.50076,1.50099,1.88,1.88
2012.12.10 12:20:43.074,1.50076,1.50099,1.88,1.88
2012.12.10 12:20:51.479,1.50073,1.50094,1.13,2.25
2012.12.10 12:20:51.782,1.50072,1.50094,1.13,5.40
2012.12.10 12:20:52.310,1.50071,1.50092,1.88,1.13
2012.12.10 12:20:52.880,1.50071,1.50092,1.50,1.13
2012.12.10 12:21:01.022,1.50071,1.50092,1.50,2.63
2012.12.10 12:21:01.221,1.50068,1.50092,1.13,2.63
2012.12.10 12:21:03.142,1.50067,1.50092,2.25,1.88
2012.12.10 12:21:05.104,1.50071,1.50092,1.13,1.73
2012.12.10 12:21:05.172,1.50071,1.50092,1.88,1.73
2012.12.10 12:21:05.302,1.50072,1.50095,1.13,1.73
2012.12.10 12:21:07.052,1.50072,1.50095,1.13,2.48
2012.12.10 12:21:16.408,1.50071,1.50095,1.73,2.40
2012.12.10 12:21:21.169,1.50071,1.50096,3.23,1.13
2012.12.10 12:21:21.824,1.50071,1.50093,2.25,1.13
2012.12.10 12:21:23.150,1.50071,1.50093,2.48,1.13
2012.12.10 12:21:25.203,1.50068,1.50093,1.50,1.13
2012.12.10 12:21:27.131,1.50072,1.50092,1.50,1.13
2012.12.10 12:21:27.650,1.50072,1.50097,1.73,1.13
2012.12.10 12:21:29.156,1.50078,1.50097,1.50,1.28
2012.12.10 12:21:29.220,1.50078,1.50097,1.50,1.13
2012.12.10 12:21:30.131,1.50078,1.50098,1.73,1.13
2012.12.10 12:21:30.200,1.50078,1.50098,1.88,1.13
2012.12.10 12:21:30.439,1.50076,1.50095,1.50,1.65
2012.12.10 12:21:30.506,1.50076,1.50094,1.50,1.65
2012.12.10 12:21:36.192,1.50073,1.50094,1.50,1.88
2012.12.10 12:21:39.290,1.50073,1.50094,1.50,1.13
2012.12.10 12:21:40.510,1.50073,1.50094,1.50,1.88
2012.12.10 12:21:42.361,1.50073,1.50094,1.50,1.88
2012.12.10 12:21:42.430,1.50073,1.50094,1.50,1.13
2012.12.10 12:21:45.140,1.50078,1.50097,1.50,2.63
2012.12.10 12:21:45.661,1.50079,1.50098,1.50,1.13
2012.12.10 12:21:45.910,1.50076,1.50098,1.13,1.35
2012.12.10 12:21:46.160,1.50077,1.50099,1.50,1.50
2012.12.10 12:21:46.470,1.50077,1.501,1.73,2.63
2012.12.10 12:21:46.822,1.50077,1.50099,1.73,2.40
2012.12.10 12:21:47.620,1.50077,1.50099,2.10,2.40
2012.12.10 12:21:47.982,1.50075,1.50098,1.73,1.88
2012.12.10 12:21:48.292,1.50077,1.50098,1.50,1.88
2012.12.10 12:21:48.361,1.50074,1.50098,2.48,1.88
2012.12.10 12:21:48.431,1.50074,1.50098,2.85,1.50
2012.12.10 12:21:51.721,1.50077,1.50099,1.88,2.25
2012.12.10 12:22:00.210,1.50077,1.50099,1.13,2.25
2012.12.10 12:22:00.871,1.50077,1.50098,1.65,1.73
2012.12.10 12:22:01.221,1.50079,1.50099,1.50,2.48
2012.12.10 12:22:01.350,1.5008,1.50102,1.13,1.50
2012.12.10 12:22:01.480,1.50084,1.50105,1.88,1.88
2012.12.10 12:22:01.610,1.50087,1.50106,2.63,2.25
2012.12.10 12:22:02.030,1.50091,1.5011,2.25,1.28
2012.12.10 12:22:02.450,1.50087,1.50108,1.65,1.88
2012.12.10 12:22:02.899,1.50084,1.50107,2.55,1.50
2012.12.10 12:22:03.970,1.50084,1.50109,2.10,3.23
2012.12.10 12:22:04.280,1.50089,1.50114,1.13,1.73
2012.12.10 12:22:04.340,1.50091,1.50114,1.13,1.50
2012.12.10 12:22:04.647,1.50095,1.50116,1.50,1.65
2012.12.10 12:22:04.982,1.50091,1.50112,1.13,1.50
2012.12.10 12:22:05.050,1.50089,1.50108,1.35,1.50
2012.12.10 12:22:05.300,1.50087,1.50108,2.70,1.50
2012.12.10 12:22:05.360,1.50087,1.50108,2.10,1.50
2012.12.10 12:22:05.492,1.50087,1.50111,2.10,1.65
2012.12.10 12:22:05.679,1.5009,1.50112,1.50,1.13
2012.12.10 12:22:05.862,1.50092,1.50115,1.13,1.65
2012.12.10 12:22:06.380,1.50092,1.50114,1.88,1.50
2012.12.10 12:22:07.430,1.50092,1.50114,1.88,1.50
2012.12.10 12:22:08.409,1.50092,1.50119,3.23,1.88
2012.12.10 12:22:08.969,1.50092,1.50115,2.25,1.50
2012.12.10 12:22:11.991,1.50092,1.50116,1.13,1.73
2012.12.10 12:22:12.181,1.50092,1.50116,1.88,1.50
2012.12.10 12:22:17.950,1.50091,1.50117,1.13,1.50
2012.12.10 12:22:18.011,1.50091,1.50117,1.13,1.73
2012.12.10 12:22:19.430,1.50093,1.50118,1.13,1.13
2012.12.10 12:22:19.551,1.50094,1.50119,1.35,1.65
2012.12.10 12:22:19.949,1.50093,1.50116,1.50,1.50
2012.12.10 12:22:20.497,1.50093,1.50116,1.13,1.50
2012.12.10 12:22:23.701,1.50093,1.5012,1.88,3.23
2012.12.10 12:22:25.532,1.50095,1.5012,1.13,3.23
2012.12.10 12:22:26.419,1.50096,1.50119,1.13,3.00
2012.12.10 12:22:26.874,1.50095,1.50119,1.13,3.00
2012.12.10 12:22:27.483,1.50095,1.50119,1.13,3.00
2012.12.10 12:22:28.052,1.50096,1.50119,1.88,1.50
2012.12.10 12:22:28.183,1.50096,1.50119,3.38,1.50
2012.12.10 12:22:28.730,1.50096,1.50119,1.88,1.50
2012.12.10 12:22:29.612,1.50096,1.50119,2.25,1.50
2012.12.10 12:22:30.137,1.50096,1.50119,2.25,1.50
2012.12.10 12:22:33.075,1.50096,1.50119,2.25,1.50
2012.12.10 12:22:36.098,1.50096,1.50119,1.88,1.50
2012.12.10 12:22:36.231,1.50096,1.50121,1.88,1.73
2012.12.10 12:22:38.460,1.50096,1.50119,1.88,1.50
2012.12.10 12:22:44.660,1.50096,1.50121,1.88,1.73
2012.12.10 12:22:47.670,1.50096,1.50119,1.88,1.50
2012.12.10 12:22:47.972,1.50094,1.50113,2.10,1.50
2012.12.10 12:22:48.111,1.50092,1.50116,3.38,1.50
2012.12.10 12:22:48.652,1.50095,1.50119,1.50,2.63
2012.12.10 12:22:56.111,1.50093,1.50117,1.88,1.13
2012.12.10 12:22:56.693,1.50091,1.50114,1.65,1.73
2012.12.10 12:22:57.859,1.5009,1.50114,3.38,1.73
2012.12.10 12:22:57.980,1.50093,1.50116,1.50,1.13
2012.12.10 12:22:58.310,1.50093,1.50118,2.48,1.88
2012.12.10 12:22:58.611,1.50093,1.50115,1.13,1.73
2012.12.10 12:22:58.681,1.50092,1.50115,1.13,1.73
2012.12.10 12:22:59.233,1.50091,1.50115,3.38,1.73
2012.12.10 12:22:59.360,1.50097,1.50115,1.50,1.73
2012.12.10 12:22:59.480,1.50097,1.50118,1.50,1.28
2012.12.10 12:22:59.915,1.50094,1.50118,3.23,1.50
2012.12.10 12:23:00.421,1.50097,1.50119,2.25,1.13
2012.12.10 12:23:06.065,1.50097,1.50121,1.50,1.13
2012.12.10 12:23:06.330,1.50098,1.50123,1.13,1.35
2012.12.10 12:23:06.400,1.50098,1.50124,1.13,1.13
2012.12.10 12:23:06.871,1.50098,1.50124,1.13,1.13
2012.12.10 12:23:07.948,1.50101,1.50124,1.50,1.13
2012.12.10 12:23:08.261,1.50101,1.50124,1.50,2.63
2012.12.10 12:23:08.461,1.50099,1.50123,1.50,1.73
2012.12.10 12:23:08.590,1.50099,1.50123,1.50,1.73
2012.12.10 12:23:09.051,1.50098,1.50123,1.13,1.73
2012.12.10 12:23:09.569,1.50098,1.50123,1.13,1.73
2012.12.10 12:23:09.632,1.50099,1.50124,1.13,2.63
2012.12.10 12:23:09.701,1.50098,1.50124,2.63,1.88
2012.12.10 12:23:09.831,1.50101,1.50125,1.50,1.13
2012.12.10 12:23:10.147,1.50101,1.50126,1.73,1.28
2012.12.10 12:23:10.212,1.50099,1.50121,1.35,1.13
2012.12.10 12:23:10.341,1.501,1.50119,1.13,1.13
2012.12.10 12:23:10.590,1.50098,1.50119,1.13,1.13
2012.12.10 12:23:11.190,1.50096,1.50119,1.50,1.13
2012.12.10 12:23:14.491,1.50096,1.50119,1.50,1.13
2012.12.10 12:23:15.570,1.50097,1.50119,1.50,1.13
2012.12.10 12:23:15.900,1.50097,1.50119,2.10,1.13
2012.12.10 12:23:16.430,1.50099,1.50119,1.13,1.13
2012.12.10 12:23:17.551,1.50101,1.50122,1.50,2.85
2012.12.10 12:23:17.621,1.50101,1.50122,1.65,2.48
2012.12.10 12:23:17.690,1.50104,1.50122,1.50,1.73
2012.12.10 12:23:17.821,1.50104,1.50124,1.50,2.25
2012.12.10 12:23:18.462,1.50106,1.50126,1.50,2.25
2012.12.10 12:23:18.733,1.50105,1.50126,1.50,2.25
2012.12.10 12:23:19.282,1.50105,1.50126,1.50,2.25
2012.12.10 12:23:19.803,1.50102,1.50126,1.13,2.25
2012.12.10 12:23:20.330,1.50102,1.50126,1.13,1.50
2012.12.10 12:23:20.581,1.50103,1.50126,1.13,1.50
2012.12.10 12:23:21.860,1.50103,1.50126,1.13,2.25
2012.12.10 12:23:22.180,1.50102,1.50126,1.13,2.25
2012.12.10 12:23:26.169,1.50103,1.50126,1.13,2.25
2012.12.10 12:23:26.773,1.50103,1.50126,1.13,2.25
2012.12.10 12:23:30.271,1.50103,1.50126,1.13,2.25
2012.12.10 12:23:30.590,1.50103,1.50126,1.13,2.25
2012.12.10 12:23:30.651,1.50102,1.50126,1.13,2.25
2012.12.10 12:23:31.332,1.501,1.50126,1.13,3.23
2012.12.10 12:23:31.400,1.50097,1.50122,1.13,1.88
2012.12.10 12:23:32.090,1.50096,1.50119,1.88,1.13
2012.12.10 12:23:34.907,1.50096,1.50119,1.13,1.13
2012.12.10 12:23:37.644,1.50095,1.50118,1.13,1.50
2012.12.10 12:23:38.539,1.50094,1.50118,1.80,1.50
2012.12.10 12:23:38.872,1.50095,1.50118,1.13,1.50
2012.12.10 12:23:39.379,1.50094,1.50117,1.58,1.50
2012.12.10 12:23:43.710,1.50096,1.50122,2.10,2.10
2012.12.10 12:23:43.772,1.50096,1.50122,2.85,2.10
2012.12.10 12:23:43.962,1.501,1.50122,1.13,1.73
2012.12.10 12:23:44.091,1.50102,1.50125,1.13,1.88
2012.12.10 12:23:44.221,1.50102,1.50125,1.88,1.13
2012.12.10 12:23:44.530,1.50098,1.50121,1.35,3.00
2012.12.10 12:23:47.441,1.50097,1.5012,1.13,1.65
2012.12.10 12:23:47.692,1.50095,1.50118,1.13,1.50
2012.12.10 12:23:50.888,1.50094,1.50117,1.13,3.00
2012.12.10 12:23:51.900,1.50094,1.50117,1.50,2.25
2012.12.10 12:23:52.450,1.50097,1.50117,1.50,2.25
2012.12.10 12:23:53.006,1.50094,1.50117,1.13,2.25
2012.12.10 12:23:56.156,1.50094,1.50117,1.13,2.25
2012.12.10 12:23:56.221,1.50094,1.50116,1.13,1.50
2012.12.10 12:23:56.662,1.50092,1.50117,1.88,2.48
2012.12.10 12:23:58.602,1.50094,1.50117,1.50,1.50
2012.12.10 12:23:58.674,1.50095,1.50117,1.50,1.50
2012.12.10 12:23:58.979,1.50099,1.50123,1.50,1.35
2012.12.10 12:24:00.092,1.50101,1.50123,1.50,1.35
2012.12.10 12:24:00.301,1.50094,1.5012,1.50,1.88
2012.12.10 12:24:00.371,1.50094,1.50119,1.13,1.50
2012.12.10 12:24:00.981,1.50095,1.50119,1.13,1.50
2012.12.10 12:24:02.541,1.50096,1.50119,1.50,1.50
2012.12.10 12:24:02.672,1.50101,1.50123,1.50,2.48
2012.12.10 12:24:02.803,1.50101,1.50123,1.73,2.25
2012.12.10 12:24:02.937,1.50101,1.50123,1.50,2.48
2012.12.10 12:24:03.072,1.50101,1.50124,1.50,1.13
2012.12.10 12:24:03.546,1.50099,1.50124,1.13,1.13
2012.12.10 12:24:04.033,1.50099,1.50124,1.13,1.13
2012.12.10 12:24:06.291,1.501,1.50124,2.25,1.13
2012.12.10 12:24:06.897,1.501,1.50125,1.50,1.13
2012.12.10 12:24:11.623,1.501,1.50125,1.50,1.13
2012.12.10 12:24:16.309,1.501,1.50124,1.50,1.13
2012.12.10 12:24:16.430,1.501,1.50125,1.73,1.13
2012.12.10 12:24:16.942,1.50103,1.50124,1.50,1.65
2012.12.10 12:24:17.011,1.50103,1.50123,1.50,1.50
2012.12.10 12:24:17.081,1.50099,1.50119,1.88,1.50
2012.12.10 12:24:17.600,1.50098,1.50123,2.03,2.48
2012.12.10 12:24:17.782,1.50098,1.50123,3.00,2.48
2012.12.10 12:24:18.093,1.501,1.50123,1.50,1.73
2012.12.10 12:24:19.602,1.501,1.50124,1.50,1.13
2012.12.10 12:24:19.851,1.50102,1.50127,2.48,1.13
2012.12.10 12:24:19.921,1.50102,1.50127,2.48,1.35
2012.12.10 12:24:20.371,1.501,1.50124,1.73,1.13
2012.12.10 12:24:20.441,1.501,1.50122,1.73,1.13
2012.12.10 12:24:25.146,1.50095,1.5012,1.50,1.50
2012.12.10 12:24:25.270,1.50095,1.50119,1.50,1.13
2012.12.10 12:24:25.459,1.50095,1.50119,1.50,1.13
2012.12.10 12:24:26.030,1.50094,1.50119,1.73,1.13
2012.12.10 12:24:26.551,1.50094,1.50119,2.48,1.13
2012.12.10 12:24:32.126,1.50094,1.50115,1.73,1.88
2012.12.10 12:24:32.194,1.50093,1.50118,1.13,2.48
2012.12.10 12:24:32.260,1.50093,1.50119,1.13,1.50
2012.12.10 12:24:32.440,1.50095,1.50118,1.73,1.35
2012.12.10 12:24:32.571,1.50095,1.50121,1.73,1.88
2012.12.10 12:24:32.882,1.50105,1.50121,1.88,1.73
2012.12.10 12:24:32.950,1.50105,1.50123,1.50,2.85
2012.12.10 12:24:33.072,1.50103,1.50123,1.35,1.13
2012.12.10 12:24:33.382,1.501,1.50124,1.65,2.48
2012.12.10 12:24:35.830,1.50099,1.50123,1.65,1.73
2012.12.10 12:24:38.412,1.50097,1.5012,1.35,3.00
2012.12.10 12:24:40.939,1.50096,1.5012,1.73,3.53
2012.12.10 12:24:41.120,1.50095,1.50119,1.50,1.88
2012.12.10 12:24:41.423,1.50092,1.5011,1.13,1.13
2012.12.10 12:24:41.730,1.50089,1.50113,1.13,1.73
2012.12.10 12:24:53.210,1.50087,1.5011,1.50,1.13
2012.12.10 12:24:54.205,1.5009,1.50113,2.25,1.88
2012.12.10 12:24:54.860,1.5009,1.50113,2.25,1.13
2012.12.10 12:24:56.441,1.50086,1.50111,1.50,1.35
2012.12.10 12:24:56.991,1.50086,1.50112,1.73,1.35
2012.12.10 12:24:59.029,1.50086,1.50111,1.73,2.85
2012.12.10 12:24:59.091,1.50086,1.50107,1.73,1.28
2012.12.10 12:24:59.220,1.50086,1.50107,1.50,3.08
2012.12.10 12:24:59.530,1.5009,1.50114,2.63,1.50
2012.12.10 12:25:00.521,1.50092,1.50119,2.48,1.35
2012.12.10 12:25:00.859,1.50092,1.50117,1.73,1.13
2012.12.10 12:25:00.980,1.50092,1.50113,1.50,1.73
2012.12.10 12:25:01.041,1.50092,1.50113,1.50,1.73
2012.12.10 12:25:01.113,1.50092,1.50112,1.50,1.13
2012.12.10 12:25:01.181,1.50092,1.50114,1.50,1.13
2012.12.10 12:25:06.904,1.50087,1.50113,3.08,1.65
2012.12.10 12:25:07.360,1.50091,1.50116,1.88,2.48
2012.12.10 12:25:07.600,1.50094,1.50119,1.88,3.38
2012.12.10 12:25:08.130,1.50096,1.50119,1.50,1.88
2012.12.10 12:25:08.440,1.50098,1.50123,1.73,1.73
2012.12.10 12:25:09.487,1.501,1.50123,1.13,1.73
2012.12.10 12:25:09.568,1.50103,1.50124,1.13,1.50
2012.12.10 12:25:09.971,1.50101,1.50124,1.88,2.10
2012.12.10 12:25:10.494,1.50101,1.50124,1.13,2.48
2012.12.10 12:25:10.800,1.501,1.50123,1.73,1.13
2012.12.10 12:25:11.220,1.50101,1.50124,2.48,1.13
2012.12.10 12:25:11.699,1.50103,1.50127,1.73,1.13
2012.12.10 12:25:11.941,1.501,1.50124,2.25,1.65
2012.12.10 12:25:12.072,1.501,1.50123,1.13,1.50
2012.12.10 12:25:12.210,1.50099,1.50119,2.03,2.25
2012.12.10 12:25:12.581,1.50099,1.50121,1.50,2.25
2012.12.10 12:25:13.740,1.50098,1.50123,2.40,1.73
2012.12.10 12:25:14.473,1.50098,1.50123,2.63,1.73
2012.12.10 12:25:15.481,1.50098,1.50121,1.13,2.25
2012.12.10 12:25:15.982,1.50098,1.50121,1.13,2.25
2012.12.10 12:25:18.215,1.50098,1.50121,1.13,1.50
2012.12.10 12:25:18.401,1.501,1.50121,1.13,1.50
2012.12.10 12:25:18.600,1.50099,1.50123,1.13,1.73
2012.12.10 12:25:20.511,1.50098,1.50121,1.88,2.48
2012.12.10 12:25:21.970,1.50098,1.50121,1.13,2.25
2012.12.10 12:25:22.330,1.501,1.50124,1.13,1.88
2012.12.10 12:25:22.510,1.501,1.50123,1.13,1.50
2012.12.10 12:25:22.629,1.50101,1.50124,1.73,1.13
2012.12.10 12:25:23.751,1.50101,1.50124,1.73,1.13
2012.12.10 12:25:24.759,1.50101,1.50124,1.73,1.88
2012.12.10 12:25:24.880,1.50101,1.50123,1.73,1.88
2012.12.10 12:25:25.201,1.50098,1.50121,1.50,1.35
2012.12.10 12:25:26.390,1.50093,1.50121,2.48,2.63
2012.12.10 12:25:26.749,1.50099,1.50124,1.13,1.50
2012.12.10 12:25:26.990,1.50101,1.50126,3.23,1.05
2012.12.10 12:25:27.186,1.50099,1.50121,1.13,1.50
2012.12.10 12:25:28.244,1.50099,1.50121,1.13,2.25
2012.12.10 12:25:28.835,1.50099,1.50121,1.13,2.25
2012.12.10 12:25:30.580,1.50099,1.50125,1.13,5.25
2012.12.10 12:25:31.111,1.50099,1.50125,1.13,6.00
2012.12.10 12:25:34.143,1.50099,1.50123,1.13,1.13
2012.12.10 12:25:34.739,1.50099,1.5012,1.13,1.50
2012.12.10 12:25:34.806,1.50099,1.50117,1.13,1.50
2012.12.10 12:25:35.351,1.50096,1.5012,1.13,2.78
2012.12.10 12:25:35.940,1.50096,1.50119,1.13,1.88
2012.12.10 12:25:36.120,1.50096,1.50119,1.13,1.13
2012.12.10 12:25:36.194,1.50096,1.50119,1.13,1.13
2012.12.10 12:25:38.881,1.50096,1.5012,1.13,2.40
2012.12.10 12:25:39.009,1.50096,1.5012,1.13,2.40
2012.12.10 12:25:40.164,1.50091,1.50117,2.48,1.13
2012.12.10 12:25:40.231,1.50091,1.50116,2.48,1.13
2012.12.10 12:25:40.602,1.50089,1.50116,2.48,1.88
2012.12.10 12:25:41.030,1.50094,1.50121,1.13,2.03
2012.12.10 12:25:41.659,1.50094,1.50121,1.13,1.80
2012.12.10 12:25:42.162,1.50094,1.50119,1.13,1.65
2012.12.10 12:25:42.769,1.50094,1.50119,1.13,1.50
2012.12.10 12:25:47.070,1.50094,1.50119,1.13,1.50
2012.12.10 12:25:48.894,1.50094,1.50119,1.13,1.50
2012.12.10 12:25:50.781,1.50094,1.50119,1.13,2.25
2012.12.10 12:25:50.910,1.50094,1.50119,1.13,1.50
2012.12.10 12:25:51.465,1.50094,1.50114,1.13,1.50
2012.12.10 12:25:52.744,1.50094,1.50114,1.13,1.50
2012.12.10 12:25:59.122,1.50091,1.50114,1.13,1.50
2012.12.10 12:26:01.649,1.50094,1.50116,1.13,1.50
2012.12.10 12:26:01.770,1.50094,1.50119,1.13,1.73
2012.12.10 12:26:09.471,1.50094,1.50119,1.13,3.00
2012.12.10 12:26:10.065,1.50093,1.50119,1.13,2.25
2012.12.10 12:26:10.138,1.50094,1.50119,1.13,2.25
2012.12.10 12:26:10.690,1.50094,1.50119,1.13,1.50
2012.12.10 12:26:12.440,1.50093,1.50119,1.13,1.88
2012.12.10 12:26:20.700,1.50093,1.50118,1.13,1.65
2012.12.10 12:26:21.131,1.50093,1.50119,1.88,2.40
2012.12.10 12:26:21.450,1.50093,1.50119,1.73,3.15
2012.12.10 12:26:21.901,1.5009,1.50116,1.73,1.13
2012.12.10 12:26:34.643,1.50091,1.50114,1.50,1.13
2012.12.10 12:26:34.785,1.50094,1.50119,1.13,1.50
2012.12.10 12:26:34.857,1.50093,1.50119,4.13,1.88
2012.12.10 12:26:35.192,1.50096,1.5012,1.88,3.00
2012.12.10 12:26:35.382,1.50093,1.50119,1.50,1.13
2012.12.10 12:26:35.691,1.50097,1.50119,2.40,1.13
2012.12.10 12:26:35.893,1.50096,1.50122,1.73,2.40
2012.12.10 12:26:36.340,1.50097,1.50122,1.13,1.88
2012.12.10 12:26:42.131,1.50094,1.50121,1.13,1.13
2012.12.10 12:26:43.395,1.50094,1.50122,1.13,2.25
2012.12.10 12:26:45.833,1.50094,1.50121,1.13,1.13
2012.12.10 12:26:46.535,1.50096,1.50121,1.13,2.10
2012.12.10 12:26:47.140,1.50096,1.50121,1.13,2.85
2012.12.10 12:26:47.591,1.50096,1.50121,1.13,1.35
2012.12.10 12:26:49.591,1.50096,1.50121,1.13,1.35
2012.12.10 12:26:50.151,1.50096,1.50121,1.13,1.35
2012.12.10 12:26:52.740,1.50096,1.50121,1.13,1.35
2012.12.10 12:26:53.276,1.50096,1.50117,1.13,1.50
2012.12.10 12:27:00.462,1.50096,1.50119,1.13,1.73
2012.12.10 12:27:00.903,1.50097,1.5012,1.13,2.48
2012.12.10 12:27:01.090,1.50099,1.50122,1.13,1.50
2012.12.10 12:27:01.210,1.50099,1.50123,1.13,2.25
2012.12.10 12:27:01.330,1.50099,1.50123,1.13,2.25
2012.12.10 12:27:01.390,1.50099,1.50119,1.13,1.50
2012.12.10 12:27:02.181,1.50095,1.50124,2.63,3.00
2012.12.10 12:27:06.151,1.50096,1.50119,1.50,2.48
2012.12.10 12:27:06.670,1.50094,1.50119,1.88,2.48
2012.12.10 12:27:07.008,1.50094,1.50119,1.88,2.48
2012.12.10 12:27:07.143,1.50094,1.50119,1.88,2.48
2012.12.10 12:27:07.691,1.50097,1.50119,1.13,3.23
2012.12.10 12:27:07.762,1.50096,1.50118,1.35,1.50
2012.12.10 12:27:08.310,1.50095,1.50119,1.13,2.48
2012.12.10 12:27:14.874,1.50095,1.50115,1.13,1.35
2012.12.10 12:27:14.942,1.50091,1.50114,1.65,1.13
2012.12.10 12:27:15.070,1.5009,1.50114,1.65,1.13
2012.12.10 12:27:15.722,1.50089,1.50112,1.50,1.13
2012.12.10 12:27:18.390,1.50089,1.50113,3.15,1.73
2012.12.10 12:27:18.640,1.50089,1.50116,4.13,1.73
2012.12.10 12:27:18.840,1.50089,1.50113,3.15,1.73
2012.12.10 12:27:18.962,1.50089,1.50117,4.88,1.73
2012.12.10 12:27:19.271,1.50098,1.50119,1.13,1.13
2012.12.10 12:27:19.452,1.50098,1.50119,1.13,1.50
2012.12.10 12:27:19.582,1.50098,1.50119,1.13,1.73
2012.12.10 12:27:19.773,1.50096,1.50119,1.73,1.88
2012.12.10 12:27:20.320,1.5009,1.50114,2.48,1.73
2012.12.10 12:27:21.041,1.5009,1.50118,1.88,1.35
2012.12.10 12:27:21.350,1.50091,1.50118,1.73,2.10
2012.12.10 12:27:21.717,1.50089,1.50112,1.73,2.25
2012.12.10 12:27:21.852,1.50089,1.50111,1.73,1.50
2012.12.10 12:27:21.923,1.50089,1.50112,1.73,2.25
2012.12.10 12:27:22.451,1.50088,1.50112,1.73,1.50
2012.12.10 12:27:22.640,1.50086,1.50108,1.73,1.50
2012.12.10 12:27:32.246,1.50086,1.50111,1.35,1.73
2012.12.10 12:27:43.235,1.50087,1.50112,1.13,3.15
2012.12.10 12:27:43.302,1.50088,1.50112,1.35,2.25
2012.12.10 12:27:43.372,1.50088,1.50112,1.35,2.25
2012.12.10 12:27:43.652,1.50086,1.5011,1.35,1.50
2012.12.10 12:27:45.812,1.50086,1.50108,1.13,1.73
2012.12.10 12:27:46.360,1.50086,1.5011,1.13,1.73
2012.12.10 12:27:47.131,1.50086,1.50108,1.13,1.50
2012.12.10 12:27:47.370,1.50083,1.5011,2.10,1.73
2012.12.10 12:27:48.481,1.50086,1.50109,1.13,2.48
2012.12.10 12:27:49.671,1.50086,1.50109,1.13,2.48
2012.12.10 12:27:49.740,1.50088,1.50109,1.13,2.48
2012.12.10 12:27:50.384,1.50088,1.50114,1.50,2.48
2012.12.10 12:27:50.564,1.50088,1.50112,1.50,1.35
2012.12.10 12:27:50.638,1.50086,1.50112,1.88,1.50
2012.12.10 12:27:51.151,1.50086,1.50109,1.35,2.25
2012.12.10 12:27:51.737,1.50086,1.50109,1.35,1.73
2012.12.10 12:27:52.351,1.50084,1.50109,2.10,1.73
2012.12.10 12:27:57.016,1.50087,1.50113,1.13,3.23
2012.12.10 12:28:01.672,1.50081,1.50104,2.78,1.50
2012.12.10 12:28:01.980,1.50081,1.50104,2.40,1.35
2012.12.10 12:28:02.161,1.50076,1.50104,2.25,4.35
2012.12.10 12:28:02.231,1.50079,1.50104,1.50,2.85
2012.12.10 12:28:02.361,1.50079,1.50104,1.50,2.48
2012.12.10 12:28:02.480,1.50079,1.50106,3.38,1.35
2012.12.10 12:28:03.201,1.50087,1.50106,1.13,1.35
2012.12.10 12:28:03.382,1.50087,1.50107,1.13,2.48
2012.12.10 12:28:09.564,1.50088,1.50113,1.13,1.73
2012.12.10 12:28:09.942,1.50088,1.50113,1.13,1.73
2012.12.10 12:28:10.071,1.50088,1.50112,1.13,1.13
2012.12.10 12:28:10.141,1.50087,1.5011,1.35,1.50
2012.12.10 12:28:10.460,1.50083,1.5011,1.88,1.88
2012.12.10 12:28:10.526,1.50083,1.50106,1.88,1.50
2012.12.10 12:28:18.863,1.50081,1.50106,1.88,1.73
2012.12.10 12:28:19.350,1.50081,1.50106,1.13,1.73
2012.12.10 12:28:19.892,1.5008,1.50106,1.88,1.73
2012.12.10 12:28:20.431,1.50086,1.50108,1.13,2.48
2012.12.10 12:28:20.682,1.50086,1.50108,1.88,1.73
2012.12.10 12:28:21.250,1.50083,1.50104,1.28,1.73
2012.12.10 12:28:21.501,1.50078,1.50103,1.28,1.73
2012.12.10 12:28:21.661,1.50077,1.50103,3.38,1.73
2012.12.10 12:28:25.021,1.50077,1.501,1.88,1.73
2012.12.10 12:28:34.352,1.50079,1.50102,1.50,1.73
2012.12.10 12:28:34.845,1.50083,1.50103,1.50,1.73
2012.12.10 12:28:41.131,1.50085,1.50108,1.13,1.73
2012.12.10 12:28:41.371,1.50086,1.5011,1.65,2.10
2012.12.10 12:28:42.270,1.50087,1.5011,1.65,1.73
2012.12.10 12:28:44.881,1.50087,1.5011,1.65,1.73
2012.12.10 12:28:48.213,1.50085,1.50108,1.13,1.73
2012.12.10 12:28:48.530,1.50084,1.50104,1.13,1.73
2012.12.10 12:28:48.893,1.50086,1.50102,1.13,1.35
2012.12.10 12:28:49.200,1.50086,1.50106,1.13,3.23
2012.12.10 12:28:49.950,1.50083,1.50106,1.28,1.73
2012.12.10 12:28:50.192,1.50083,1.50103,1.28,1.73
2012.12.10 12:28:50.403,1.50082,1.50103,1.50,1.73
2012.12.10 12:28:50.604,1.50083,1.50106,1.13,1.20
2012.12.10 12:28:50.732,1.50083,1.50108,1.13,1.73
2012.12.10 12:28:50.860,1.50085,1.50108,1.65,1.73
2012.12.10 12:28:54.901,1.50085,1.50108,1.65,1.73
2012.12.10 12:28:58.201,1.50085,1.50108,1.13,1.73
2012.12.10 12:28:58.717,1.50086,1.50108,1.13,1.73
2012.12.10 12:28:59.271,1.50086,1.50108,1.13,1.73
2012.12.10 12:28:59.786,1.50086,1.5011,1.73,2.25
2012.12.10 12:29:00.360,1.50088,1.5011,1.13,2.48
2012.12.10 12:29:01.052,1.50087,1.5011,1.35,2.25
2012.12.10 12:29:01.360,1.50086,1.5011,1.35,2.25
2012.12.10 12:29:10.716,1.50086,1.50111,1.88,1.73
2012.12.10 12:29:11.062,1.50083,1.50108,1.50,2.48
2012.12.10 12:29:11.431,1.50082,1.50105,1.50,1.73
2012.12.10 12:29:14.510,1.50086,1.50108,1.13,3.23
2012.12.10 12:29:15.122,1.50085,1.50108,1.13,2.48
2012.12.10 12:29:15.850,1.50086,1.50109,1.65,1.73
2012.12.10 12:29:16.821,1.50085,1.50109,1.13,1.73
2012.12.10 12:29:17.294,1.50082,1.50104,1.35,1.50
2012.12.10 12:29:18.200,1.50082,1.50109,2.10,3.38
2012.12.10 12:29:19.302,1.50084,1.50109,1.35,1.50
2012.12.10 12:29:20.493,1.50082,1.50109,4.35,1.50
2012.12.10 12:29:20.831,1.50085,1.50109,1.13,1.73
2012.12.10 12:29:21.831,1.50082,1.50109,3.60,1.73
2012.12.10 12:29:22.414,1.50085,1.50109,1.13,1.73
2012.12.10 12:29:24.062,1.50082,1.50109,4.13,1.73
2012.12.10 12:29:25.970,1.50082,1.50108,1.13,3.23
2012.12.10 12:29:26.720,1.50081,1.50108,1.35,3.23
2012.12.10 12:29:27.081,1.50079,1.50102,1.88,1.50
2012.12.10 12:29:27.211,1.50081,1.50102,1.50,1.73
2012.12.10 12:29:27.460,1.50081,1.50104,2.25,1.35
2012.12.10 12:29:27.931,1.50081,1.50103,2.25,1.13
2012.12.10 12:29:28.544,1.50082,1.50103,1.50,1.13
2012.12.10 12:29:30.293,1.50081,1.50103,3.00,1.13
2012.12.10 12:29:32.400,1.50082,1.50103,1.50,1.13
2012.12.10 12:29:33.187,1.5008,1.50103,1.50,1.13
2012.12.10 12:29:34.402,1.50082,1.50103,1.50,1.13
2012.12.10 12:29:34.870,1.5008,1.50106,1.88,2.10
2012.12.10 12:29:35.410,1.50081,1.50104,1.50,1.35
2012.12.10 12:29:35.917,1.50081,1.50104,1.50,1.35
2012.12.10 12:29:42.080,1.50081,1.50107,1.73,1.35
2012.12.10 12:29:42.561,1.50081,1.50109,1.73,1.73
2012.12.10 12:29:43.081,1.50084,1.50109,1.13,1.88
2012.12.10 12:29:47.161,1.50087,1.50109,1.50,1.13
2012.12.10 12:29:47.796,1.50082,1.50108,1.65,1.73
2012.12.10 12:29:48.111,1.50082,1.50109,1.65,1.13
2012.12.10 12:29:48.661,1.50082,1.50109,2.40,1.13
2012.12.10 12:29:48.900,1.50084,1.50109,1.28,1.13
2012.12.10 12:29:49.413,1.50087,1.50109,1.50,1.13
2012.12.10 12:29:51.366,1.50084,1.50109,2.78,1.13
2012.12.10 12:29:52.902,1.50086,1.50112,1.65,1.13
2012.12.10 12:29:52.971,1.50086,1.50112,1.88,1.13
2012.12.10 12:29:53.211,1.50086,1.50112,1.13,1.13
2012.12.10 12:29:54.780,1.50084,1.50112,1.65,1.13
2012.12.10 12:29:54.847,1.50084,1.50112,2.03,1.13
2012.12.10 12:29:56.421,1.50087,1.50114,1.65,2.85
2012.12.10 12:29:56.490,1.50087,1.50114,1.88,2.85
2012.12.10 12:29:56.671,1.50087,1.50112,1.88,1.13
2012.12.10 12:29:56.742,1.50086,1.50112,3.53,1.13
2012.12.10 12:30:00.356,1.50086,1.50114,2.40,3.23
2012.12.10 12:30:00.611,1.50088,1.50116,2.25,1.13
2012.12.10 12:30:01.271,1.50089,1.50117,1.13,2.63
2012.12.10 12:30:01.822,1.50089,1.50117,1.13,1.88
2012.12.10 12:30:01.891,1.50089,1.50116,1.13,1.13
2012.12.10 12:30:02.393,1.50088,1.50112,1.13,2.48
2012.12.10 12:30:02.714,1.50084,1.50109,1.13,2.63
2012.12.10 12:30:02.841,1.50083,1.50109,1.13,2.63
2012.12.10 12:30:02.911,1.50083,1.50109,1.13,2.63
2012.12.10 12:30:03.272,1.50081,1.50104,1.50,2.48
2012.12.10 12:30:03.830,1.5008,1.50104,1.65,2.48
2012.12.10 12:30:04.932,1.50078,1.50104,3.00,2.48
2012.12.10 12:30:05.247,1.50078,1.501,1.65,1.73
2012.12.10 12:30:05.914,1.50076,1.501,1.88,2.48
2012.12.10 12:30:07.673,1.50076,1.501,1.13,3.00
2012.12.10 12:30:08.003,1.50071,1.50092,1.35,1.50
2012.12.10 12:30:08.143,1.50067,1.50092,2.40,3.23
2012.12.10 12:30:08.452,1.5007,1.50092,1.13,2.48
2012.12.10 12:30:09.281,1.50067,1.50087,1.28,1.50
2012.12.10 12:30:09.950,1.50066,1.50087,1.28,1.50
2012.12.10 12:30:10.511,1.50066,1.50092,1.28,3.23
2012.12.10 12:30:13.782,1.50067,1.50094,1.13,1.13
2012.12.10 12:30:16.141,1.50067,1.50094,1.28,1.88
2012.12.10 12:30:16.471,1.50068,1.50095,1.65,3.38
2012.12.10 12:30:17.291,1.50068,1.50094,1.88,1.13
2012.12.10 12:30:17.432,1.50068,1.50092,1.13,2.48
2012.12.10 12:30:17.802,1.50068,1.50092,1.88,1.73
2012.12.10 12:30:18.111,1.50068,1.50093,1.13,1.73
2012.12.10 12:30:19.311,1.50068,1.50093,1.65,1.73
2012.12.10 12:30:20.825,1.50067,1.50094,1.13,1.88
2012.12.10 12:30:21.341,1.50067,1.50094,2.25,1.88
2012.12.10 12:30:22.462,1.50065,1.50091,3.23,1.50
2012.12.10 12:30:22.960,1.50066,1.50092,1.65,3.23
2012.12.10 12:30:23.842,1.50069,1.50094,1.65,2.10
2012.12.10 12:30:24.251,1.50068,1.50093,1.13,1.73
2012.12.10 12:30:24.561,1.50062,1.50089,2.25,1.35
2012.12.10 12:30:24.691,1.50062,1.50086,1.13,1.13
2012.12.10 12:30:25.112,1.50061,1.50085,2.25,1.73
2012.12.10 12:30:25.303,1.50059,1.50082,2.10,1.09
2012.12.10 12:30:25.634,1.50056,1.50082,3.23,1.32
2012.12.10 12:30:26.813,1.50056,1.50079,1.13,1.50
2012.12.10 12:30:27.062,1.50055,1.50079,1.65,1.73
2012.12.10 12:30:27.611,1.50053,1.50078,1.65,2.48
2012.12.10 12:30:27.851,1.50053,1.50078,1.65,2.48
2012.12.10 12:30:28.643,1.50053,1.50078,1.65,2.48
2012.12.10 12:30:28.711,1.50053,1.50078,1.88,2.48
2012.12.10 12:30:28.831,1.50053,1.50077,1.13,1.73
2012.12.10 12:30:29.083,1.50052,1.50077,1.65,1.73
2012.12.10 12:30:29.452,1.50053,1.5008,1.50,1.73
2012.12.10 12:30:29.581,1.50052,1.50076,2.40,1.73
2012.12.10 12:30:32.214,1.50052,1.50078,3.15,1.73
2012.12.10 12:30:32.761,1.50052,1.50076,2.40,1.73
2012.12.10 12:30:33.270,1.50052,1.50076,3.15,1.73
2012.12.10 12:30:34.030,1.50051,1.50076,1.65,3.23
2012.12.10 12:30:34.350,1.50052,1.50075,2.48,1.50
2012.12.10 12:30:34.655,1.50052,1.50078,1.50,1.73
2012.12.10 12:30:35.930,1.50053,1.50078,1.13,1.73
2012.12.10 12:30:36.861,1.50056,1.5008,1.13,1.73
2012.12.10 12:30:37.111,1.50056,1.50078,1.35,1.50
2012.12.10 12:30:37.435,1.50052,1.50073,1.13,1.50
2012.12.10 12:30:37.505,1.5005,1.50073,1.65,1.73
2012.12.10 12:30:37.570,1.5005,1.50072,1.88,1.73
2012.12.10 12:30:38.921,1.50047,1.50072,2.10,1.73
2012.12.10 12:30:38.991,1.50047,1.50072,2.10,1.73
2012.12.10 12:30:39.312,1.50047,1.50074,2.48,1.73
2012.12.10 12:30:39.622,1.50051,1.50075,1.35,2.25
2012.12.10 12:30:39.693,1.50051,1.50075,1.35,2.25
2012.12.10 12:30:39.972,1.5005,1.50075,1.50,1.73
2012.12.10 12:30:41.632,1.50052,1.50073,1.65,1.13
2012.12.10 12:30:42.283,1.50051,1.50069,1.65,1.13
2012.12.10 12:30:42.412,1.50045,1.50069,2.25,1.13
2012.12.10 12:30:42.861,1.50045,1.50069,1.50,2.63
2012.12.10 12:30:43.181,1.50045,1.50069,3.00,2.63
2012.12.10 12:30:43.602,1.50044,1.50069,2.25,3.38
2012.12.10 12:30:44.703,1.50045,1.50069,2.25,3.38
2012.12.10 12:30:46.855,1.50046,1.50069,1.50,1.13
2012.12.10 12:30:47.183,1.50047,1.50068,1.13,3.23
2012.12.10 12:30:47.565,1.50047,1.50068,2.63,2.48
2012.12.10 12:30:47.633,1.50047,1.50068,1.88,2.48
2012.12.10 12:30:50.144,1.50046,1.50073,1.28,2.48
2012.12.10 12:30:50.631,1.50048,1.50073,1.13,3.60
2012.12.10 12:30:50.890,1.50046,1.50068,1.28,1.73
2012.12.10 12:30:50.956,1.50044,1.50068,2.40,1.73
2012.12.10 12:30:51.022,1.50044,1.50067,1.50,1.50
2012.12.10 12:30:59.214,1.50044,1.50067,1.50,1.88
2012.12.10 12:31:00.451,1.50044,1.50067,1.50,1.13
2012.12.10 12:31:00.630,1.50044,1.50069,2.63,1.35
2012.12.10 12:31:01.172,1.50044,1.50067,1.50,1.73
2012.12.10 12:31:01.362,1.5004,1.50067,2.25,1.73
2012.12.10 12:31:01.432,1.5004,1.50067,3.00,1.73
2012.12.10 12:31:01.964,1.50041,1.50068,3.00,1.88
2012.12.10 12:31:02.731,1.50041,1.50068,2.25,1.88
2012.12.10 12:31:04.731,1.50037,1.50065,2.07,2.48
2012.12.10 12:31:06.534,1.50039,1.50066,2.40,1.73
2012.12.10 12:31:08.948,1.5004,1.50067,2.48,1.73
2012.12.10 12:31:10.871,1.50041,1.50067,1.50,1.73
2012.12.10 12:31:14.102,1.50044,1.50067,1.50,1.73
2012.12.10 12:31:14.430,1.50044,1.50068,1.50,1.88
2012.12.10 12:31:14.612,1.5004,1.50065,3.75,1.73
2012.12.10 12:31:15.182,1.50039,1.50065,1.13,2.48
2012.12.10 12:31:15.681,1.50035,1.50061,2.25,1.13
2012.12.10 12:31:16.140,1.50032,1.50059,2.40,1.13
2012.12.10 12:31:19.201,1.50035,1.50059,1.50,1.13
2012.12.10 12:31:19.586,1.50037,1.5006,1.88,1.73
2012.12.10 12:31:19.723,1.50037,1.50062,1.13,1.73
2012.12.10 12:31:21.252,1.50037,1.50062,2.63,1.73
2012.12.10 12:31:21.646,1.50037,1.50064,3.38,2.48
2012.12.10 12:31:22.201,1.50039,1.50064,1.65,2.48
2012.12.10 12:31:22.952,1.50037,1.50064,3.75,2.48
2012.12.10 12:31:28.282,1.50038,1.50066,3.15,1.73
2012.12.10 12:31:28.599,1.5004,1.50066,1.28,1.73
2012.12.10 12:31:30.021,1.50041,1.50066,1.50,1.73
2012.12.10 12:31:30.090,1.50041,1.50066,1.50,2.48
2012.12.10 12:31:30.591,1.5004,1.50067,1.88,2.63
2012.12.10 12:31:31.377,1.5004,1.50067,1.65,2.63
2012.12.10 12:31:31.921,1.50041,1.50067,1.73,2.63
2012.12.10 12:31:33.152,1.50041,1.50066,1.50,1.73
2012.12.10 12:31:33.220,1.50038,1.50065,2.78,1.73
2012.12.10 12:31:33.782,1.50039,1.50065,1.13,1.73
2012.12.10 12:31:36.681,1.50037,1.50063,3.23,1.73
2012.12.10 12:31:36.801,1.50037,1.50063,2.85,1.73
2012.12.10 12:31:36.992,1.50034,1.50058,2.03,1.50
2012.12.10 12:31:37.192,1.50036,1.50059,1.50,1.73
2012.12.10 12:31:37.323,1.50036,1.50059,1.50,1.50
2012.12.10 12:31:38.732,1.50034,1.5006,1.88,1.73
2012.12.10 12:31:38.801,1.50035,1.5006,1.13,1.73
2012.12.10 12:31:38.932,1.5004,1.5006,1.88,1.73
2012.12.10 12:31:39.361,1.50043,1.50063,1.35,1.13
2012.12.10 12:31:39.927,1.50042,1.50067,1.35,1.73
2012.12.10 12:31:41.632,1.50042,1.50065,1.13,3.23
2012.12.10 12:31:41.992,1.50042,1.50063,1.13,1.50
2012.12.10 12:31:49.120,1.50042,1.50064,1.13,2.48
2012.12.10 12:31:49.450,1.50037,1.50064,1.13,2.48
2012.12.10 12:31:53.014,1.50036,1.50059,2.63,1.50
2012.12.10 12:31:53.084,1.50036,1.50059,2.40,1.50
2012.12.10 12:31:58.812,1.50034,1.50059,1.73,2.25
2012.12.10 12:31:59.002,1.50034,1.50057,1.50,1.73
2012.12.10 12:32:07.112,1.50034,1.5006,5.10,1.73
2012.12.10 12:32:07.301,1.50041,1.50062,1.13,1.35
2012.12.10 12:32:07.362,1.50041,1.50064,1.88,2.25
2012.12.10 12:32:07.423,1.50041,1.50064,1.88,2.03
2012.12.10 12:32:08.701,1.50041,1.50065,1.13,2.48
2012.12.10 12:32:10.083,1.50041,1.50065,2.10,2.25
2012.12.10 12:32:17.893,1.50041,1.50067,1.35,1.73
2012.12.10 12:32:19.811,1.50042,1.50067,1.35,1.73
2012.12.10 12:32:20.543,1.50041,1.50067,1.35,1.73
2012.12.10 12:32:21.613,1.50042,1.50068,1.35,1.73
2012.12.10 12:32:22.329,1.50041,1.50068,2.10,2.48
2012.12.10 12:32:27.463,1.50041,1.50068,1.88,2.63
2012.12.10 12:32:28.016,1.50039,1.50065,2.63,1.73
2012.12.10 12:32:34.093,1.50039,1.50065,2.40,1.73
2012.12.10 12:32:34.503,1.5004,1.50065,1.13,1.73
2012.12.10 12:32:45.643,1.5004,1.50064,1.13,1.73
2012.12.10 12:32:46.182,1.50041,1.50064,1.13,1.73
2012.12.10 12:32:46.513,1.50037,1.50063,1.65,1.13
2012.12.10 12:32:47.133,1.50041,1.50065,1.13,3.23
2012.12.10 12:32:47.382,1.50041,1.50066,2.10,1.13
2012.12.10 12:32:47.894,1.50041,1.50063,2.10,1.50
2012.12.10 12:32:47.962,1.50041,1.50063,1.35,2.25
2012.12.10 12:32:49.951,1.50042,1.50063,1.35,2.25
2012.12.10 12:32:53.832,1.50041,1.50063,1.35,2.25
2012.12.10 12:32:54.383,1.50041,1.50063,2.10,1.50
2012.12.10 12:32:54.617,1.50041,1.50063,1.35,2.25
2012.12.10 12:32:54.742,1.5004,1.50063,1.13,2.40
2012.12.10 12:32:54.814,1.50039,1.50063,2.78,2.63
2012.12.10 12:32:54.942,1.50035,1.5006,1.43,1.73
2012.12.10 12:32:55.063,1.50036,1.50062,1.28,1.73
2012.12.10 12:32:55.435,1.50035,1.50058,1.65,1.50
2012.12.10 12:32:55.515,1.50034,1.50058,1.73,2.25
2012.12.10 12:32:55.883,1.50032,1.50055,1.50,1.50
2012.12.10 12:33:00.336,1.50034,1.50058,1.13,3.60
2012.12.10 12:33:01.398,1.50032,1.50056,2.03,1.50
2012.12.10 12:33:05.964,1.50029,1.50053,1.05,1.50
2012.12.10 12:33:06.454,1.50029,1.50053,1.05,2.25
2012.12.10 12:33:07.993,1.50028,1.50053,1.13,1.88
2012.12.10 12:33:09.769,1.50028,1.50053,1.88,1.50
2012.12.10 12:33:10.313,1.5003,1.50056,1.88,1.65
2012.12.10 12:33:10.811,1.5003,1.50057,1.88,1.35
2012.12.10 12:33:12.333,1.5003,1.50057,1.88,2.10
2012.12.10 12:33:13.214,1.5003,1.50057,1.13,2.10
2012.12.10 12:33:13.345,1.50027,1.5005,5.10,1.09
2012.12.10 12:33:13.474,1.50024,1.50048,3.90,1.50
2012.12.10 12:33:13.543,1.50024,1.50048,3.75,1.50
2012.12.10 12:33:13.673,1.50024,1.50043,1.73,1.50
2012.12.10 12:33:14.225,1.50022,1.50043,1.13,1.73
2012.12.10 12:33:14.740,1.50022,1.50043,1.13,1.73
2012.12.10 12:33:15.397,1.50017,1.50043,2.63,1.73
2012.12.10 12:33:16.932,1.50017,1.50041,2.25,1.13
2012.12.10 12:33:17.184,1.50013,1.50038,1.50,1.73
2012.12.10 12:33:17.372,1.50012,1.50038,1.13,1.73
2012.12.10 12:33:18.794,1.50009,1.50038,1.88,1.73
2012.12.10 12:33:19.194,1.50009,1.50033,1.73,1.88
2012.12.10 12:33:20.845,1.50011,1.50033,1.50,1.13
2012.12.10 12:33:20.913,1.50011,1.50036,1.88,1.73
2012.12.10 12:33:21.512,1.50011,1.50034,1.13,1.73
2012.12.10 12:33:27.912,1.50011,1.50036,1.88,1.73
2012.12.10 12:33:28.273,1.50014,1.50038,1.13,2.48
2012.12.10 12:33:28.594,1.50011,1.50033,2.63,1.50
2012.12.10 12:33:31.335,1.50011,1.50038,1.13,2.48
2012.12.10 12:33:31.463,1.50011,1.50038,1.88,1.73
2012.12.10 12:33:31.593,1.50014,1.50038,1.13,1.73
2012.12.10 12:33:31.723,1.50014,1.50039,1.88,2.25
2012.12.10 12:33:32.032,1.50014,1.5004,1.13,1.28
2012.12.10 12:33:32.464,1.50013,1.50039,1.13,1.73
2012.12.10 12:33:35.125,1.50009,1.50033,1.73,1.13
2012.12.10 12:33:39.674,1.50015,1.50033,1.13,1.50
2012.12.10 12:33:39.745,1.50015,1.50036,1.13,1.50
2012.12.10 12:33:39.885,1.50016,1.50036,1.13,1.13
2012.12.10 12:33:40.194,1.5002,1.50038,1.13,2.10
2012.12.10 12:33:40.503,1.50019,1.50042,1.88,1.65
2012.12.10 12:33:40.654,1.50019,1.50042,1.88,2.63
2012.12.10 12:33:40.782,1.50019,1.50043,1.88,1.13
2012.12.10 12:33:40.908,1.5002,1.50041,1.13,2.25
2012.12.10 12:33:41.049,1.5002,1.50039,1.13,1.50
2012.12.10 12:33:41.363,1.50012,1.50037,1.13,1.50
2012.12.10 12:33:41.493,1.50013,1.50037,1.50,1.73
2012.12.10 12:33:47.572,1.50013,1.50039,1.73,1.88
2012.12.10 12:33:49.413,1.50012,1.50039,1.13,1.13
2012.12.10 12:33:51.653,1.50012,1.50038,1.13,1.65
2012.12.10 12:33:51.782,1.50011,1.50038,1.05,1.88
2012.12.10 12:33:52.174,1.50012,1.50041,1.50,5.48
2012.12.10 12:33:52.363,1.50016,1.50041,1.50,2.48
2012.12.10 12:33:52.552,1.50018,1.50041,1.13,1.50
2012.12.10 12:33:52.734,1.50018,1.50041,1.13,1.50
2012.12.10 12:33:52.803,1.50018,1.50044,1.13,2.48
2012.12.10 12:33:54.425,1.50017,1.50044,1.13,3.23
2012.12.10 12:33:55.344,1.50017,1.50041,1.13,2.48
2012.12.10 12:33:56.114,1.50017,1.50041,1.13,2.48
2012.12.10 12:33:56.693,1.50017,1.50041,1.13,2.48
2012.12.10 12:33:57.123,1.5002,1.50048,3.90,2.25
2012.12.10 12:33:57.486,1.5002,1.50048,2.63,1.65
2012.12.10 12:33:59.653,1.5002,1.50048,2.63,2.63
2012.12.10 12:33:59.912,1.5002,1.50046,2.63,1.50
2012.12.10 12:34:01.815,1.5002,1.50046,1.13,1.50
2012.12.10 12:34:02.004,1.50022,1.50049,2.48,1.28
2012.12.10 12:34:02.074,1.50022,1.5005,3.23,2.48
2012.12.10 12:34:02.642,1.50023,1.50049,1.73,1.65
2012.12.10 12:34:02.893,1.5002,1.50046,1.13,1.50
2012.12.10 12:34:06.486,1.5002,1.50046,1.13,1.73
2012.12.10 12:34:07.089,1.5002,1.50046,1.13,1.73
2012.12.10 12:34:08.654,1.50018,1.50043,1.13,1.73
2012.12.10 12:34:08.844,1.50021,1.50043,1.13,1.50
2012.12.10 12:34:09.096,1.50021,1.50044,1.13,1.50
2012.12.10 12:34:09.663,1.50013,1.5004,1.73,3.38
2012.12.10 12:34:10.354,1.50012,1.5004,3.38,2.40
2012.12.10 12:34:12.124,1.50014,1.5004,1.35,2.40
2012.12.10 12:34:12.434,1.50014,1.50036,1.35,1.50
2012.12.10 12:34:12.503,1.50014,1.5004,1.35,2.40
2012.12.10 12:34:12.892,1.50014,1.5004,1.35,2.40
2012.12.10 12:34:13.133,1.50012,1.5004,1.13,3.38
2012.12.10 12:34:13.444,1.50011,1.50037,3.38,1.73
2012.12.10 12:34:14.283,1.50013,1.50038,1.50,1.73
2012.12.10 12:34:14.773,1.50013,1.5004,1.88,1.13
2012.12.10 12:34:14.914,1.5002,1.50043,2.48,2.03
2012.12.10 12:34:15.044,1.5002,1.50044,2.48,1.13
2012.12.10 12:34:15.414,1.50021,1.50047,1.50,2.10
2012.12.10 12:34:15.782,1.50022,1.50048,1.50,1.13
2012.12.10 12:34:15.903,1.50022,1.50049,1.73,1.13
2012.12.10 12:34:16.242,1.50022,1.50048,1.73,1.65
2012.12.10 12:34:16.363,1.50022,1.50048,2.48,1.65
2012.12.10 12:34:17.243,1.50022,1.50048,1.50,1.88
2012.12.10 12:34:17.612,1.50022,1.50045,1.50,1.50
2012.12.10 12:34:35.065,1.5002,1.50046,2.48,2.48
2012.12.10 12:34:35.193,1.5002,1.50045,2.48,1.50
2012.12.10 12:34:35.563,1.50024,1.50048,1.50,1.13
2012.12.10 12:34:35.932,1.50025,1.50051,2.25,1.13
2012.12.10 12:34:41.264,1.50026,1.50054,1.35,3.38
2012.12.10 12:34:44.135,1.50025,1.50054,4.35,1.88
2012.12.10 12:34:44.644,1.50026,1.50054,2.85,2.63
2012.12.10 12:34:46.014,1.50027,1.50054,2.85,1.50
2012.12.10 12:34:46.666,1.50032,1.50056,1.73,1.50
2012.12.10 12:34:51.729,1.50032,1.50054,1.73,1.13
2012.12.10 12:34:52.334,1.50032,1.50056,2.48,1.13
2012.12.10 12:34:52.404,1.50036,1.50059,1.13,2.18
2012.12.10 12:34:52.473,1.50036,1.50059,1.13,1.28
2012.12.10 12:34:52.723,1.50036,1.5006,2.63,1.35
2012.12.10 12:34:53.394,1.50036,1.50063,2.40,1.13
2012.12.10 12:34:53.587,1.50036,1.50064,3.38,1.28
2012.12.10 12:34:56.967,1.50038,1.50064,1.50,1.88
2012.12.10 12:34:59.496,1.50037,1.50064,1.73,1.13
2012.12.10 12:34:59.813,1.50036,1.50063,2.40,1.13
2012.12.10 12:35:00.363,1.50035,1.50058,2.48,1.13
2012.12.10 12:35:00.437,1.50033,1.50058,1.73,1.13
2012.12.10 12:35:00.506,1.50033,1.50058,1.73,1.13
2012.12.10 12:35:01.625,1.50033,1.5006,1.88,2.48
2012.12.10 12:35:01.814,1.50035,1.5006,1.13,2.25
2012.12.10 12:35:02.343,1.50034,1.50054,1.13,1.50
2012.12.10 12:35:04.202,1.50034,1.50054,1.13,3.00
2012.12.10 12:35:07.263,1.5003,1.50054,2.10,1.50
2012.12.10 12:35:07.812,1.5003,1.50056,2.10,1.13
2012.12.10 12:35:09.224,1.5003,1.50054,2.10,1.50
2012.12.10 12:35:09.596,1.5003,1.50054,2.10,2.25
2012.12.10 12:35:09.784,1.50031,1.50054,1.73,1.50
2012.12.10 12:35:10.243,1.50031,1.50054,1.50,2.25
2012.12.10 12:35:11.295,1.50027,1.50054,2.10,2.25
2012.12.10 12:35:12.503,1.50031,1.50054,1.50,2.25
2012.12.10 12:35:13.383,1.50026,1.50054,2.85,2.25
2012.12.10 12:35:13.973,1.50031,1.50054,1.50,2.25
2012.12.10 12:35:16.003,1.50029,1.50054,2.10,1.50
2012.12.10 12:35:16.552,1.5003,1.50056,1.35,2.40
2012.12.10 12:35:19.912,1.50029,1.50058,3.98,1.13
2012.12.10 12:35:21.723,1.50034,1.5006,1.13,2.40
2012.12.10 12:35:21.792,1.50035,1.5006,1.73,2.40
2012.12.10 12:35:21.975,1.50037,1.50062,1.73,1.50
2012.12.10 12:35:22.223,1.50037,1.50062,1.73,1.28
2012.12.10 12:35:22.632,1.50035,1.50062,1.35,1.28
2012.12.10 12:35:24.494,1.50034,1.5006,1.88,2.25
2012.12.10 12:35:25.020,1.50036,1.50064,3.23,1.13
2012.12.10 12:35:25.332,1.50036,1.50064,3.98,1.13
2012.12.10 12:35:25.864,1.50036,1.50064,3.98,1.13
2012.12.10 12:35:26.063,1.50036,1.50061,2.48,1.65
2012.12.10 12:35:26.364,1.50032,1.50056,1.35,2.63
2012.12.10 12:35:26.734,1.5003,1.50056,1.73,2.63
2012.12.10 12:35:26.983,1.50028,1.50055,3.98,1.65
2012.12.10 12:35:27.054,1.50028,1.50055,3.23,1.65
2012.12.10 12:35:27.128,1.50028,1.50054,3.23,1.65
2012.12.10 12:35:28.064,1.50024,1.50048,2.48,1.65
2012.12.10 12:35:28.433,1.50024,1.50048,2.25,1.88
2012.12.10 12:35:34.794,1.50022,1.50043,2.25,1.50
2012.12.10 12:35:40.103,1.50019,1.50048,1.88,1.13
2012.12.10 12:35:40.552,1.50019,1.50044,1.88,1.73
2012.12.10 12:36:08.554,1.50019,1.5004,1.50,1.13
2012.12.10 12:36:08.863,1.50018,1.50043,1.13,1.88
2012.12.10 12:36:09.413,1.50018,1.50043,1.28,1.88
2012.12.10 12:36:11.303,1.50016,1.50039,1.13,1.50
2012.12.10 12:36:11.822,1.50017,1.5004,1.13,2.48
2012.12.10 12:36:15.453,1.50016,1.5004,1.13,2.25
2012.12.10 12:36:16.383,1.50015,1.50038,1.50,1.13
2012.12.10 12:36:16.774,1.50009,1.50033,1.65,1.73
2012.12.10 12:36:17.086,1.50009,1.50036,2.85,2.40
2012.12.10 12:36:21.025,1.50016,1.50036,1.13,2.25
2012.12.10 12:36:21.162,1.50017,1.50036,1.50,1.50
2012.12.10 12:36:21.354,1.50019,1.50039,1.13,2.25
2012.12.10 12:36:24.977,1.5002,1.50045,1.65,2.48
2012.12.10 12:36:25.043,1.50021,1.50045,1.13,2.48
2012.12.10 12:36:25.660,1.50022,1.50045,1.28,2.48
2012.12.10 12:36:26.135,1.50022,1.50045,1.88,2.25
2012.12.10 12:36:26.384,1.50024,1.50048,2.63,1.73
2012.12.10 12:36:27.952,1.50023,1.50047,1.73,2.25
2012.12.10 12:36:28.705,1.50022,1.50043,1.50,2.25
2012.12.10 12:36:28.834,1.50024,1.50043,1.13,2.25
2012.12.10 12:36:29.334,1.50023,1.50047,1.50,3.23
2012.12.10 12:36:34.992,1.50021,1.5004,1.13,1.88
2012.12.10 12:36:35.232,1.50016,1.5004,4.50,1.88
2012.12.10 12:36:37.063,1.50017,1.5004,1.13,1.65
2012.12.10 12:36:39.604,1.50017,1.5004,1.13,1.65
2012.12.10 12:36:40.263,1.50017,1.5004,1.13,1.65
2012.12.10 12:36:42.263,1.50017,1.5004,1.13,1.65
2012.12.10 12:36:44.933,1.50016,1.50038,1.35,1.50
2012.12.10 12:36:51.162,1.50012,1.50039,1.65,3.23
2012.12.10 12:36:51.761,1.50015,1.50039,2.25,1.73
2012.12.10 12:36:55.923,1.50015,1.50039,1.50,1.73
2012.12.10 12:37:02.427,1.50015,1.50034,1.13,1.50
2012.12.10 12:37:05.162,1.50016,1.50038,1.28,1.73
2012.12.10 12:37:06.785,1.50013,1.50039,1.13,1.73
2012.12.10 12:37:06.923,1.50013,1.50039,1.13,1.73
2012.12.10 12:37:07.175,1.50014,1.50038,1.13,1.73
2012.12.10 12:37:07.491,1.50017,1.50041,3.15,2.10
2012.12.10 12:37:08.064,1.50018,1.50041,1.13,1.13
2012.12.10 12:37:11.563,1.50021,1.50041,1.13,1.50
2012.12.10 12:37:12.015,1.50022,1.50044,1.13,1.65
2012.12.10 12:37:12.085,1.50021,1.50041,1.35,1.50
2012.12.10 12:37:12.652,1.5002,1.50041,1.35,1.50
2012.12.10 12:37:12.893,1.50024,1.50043,1.13,2.25
2012.12.10 12:37:12.963,1.50024,1.50043,1.13,1.50
2012.12.10 12:37:32.052,1.50024,1.50046,1.13,3.15
2012.12.10 12:37:33.303,1.50024,1.50045,1.13,1.13
2012.12.10 12:37:33.938,1.5002,1.50044,1.13,1.73
2012.12.10 12:37:46.302,1.5002,1.50044,1.28,1.13
2012.12.10 12:37:49.504,1.50021,1.50047,2.48,1.13
2012.12.10 12:37:49.573,1.50021,1.50046,2.48,1.65
2012.12.10 12:37:49.713,1.50021,1.50043,2.48,1.13
2012.12.10 12:37:50.372,1.50021,1.50043,2.48,1.13
2012.12.10 12:37:50.515,1.50022,1.50048,1.13,1.13
2012.12.10 12:37:50.587,1.50022,1.50048,1.88,1.13
2012.12.10 12:38:26.142,1.50023,1.50048,1.13,1.28
2012.12.10 12:38:27.523,1.50023,1.50048,1.13,2.03
2012.12.10 12:38:29.557,1.50023,1.50048,1.13,1.28
2012.12.10 12:38:30.056,1.50023,1.50048,1.13,1.28
2012.12.10 12:38:30.552,1.50023,1.50048,1.13,1.28
2012.12.10 12:38:38.197,1.50023,1.50048,1.13,1.28
2012.12.10 12:38:39.523,1.50023,1.50048,1.13,2.03
2012.12.10 12:38:40.634,1.50023,1.5005,1.13,1.65
2012.12.10 12:38:49.296,1.50025,1.50053,1.35,3.75
2012.12.10 12:38:49.544,1.5003,1.50056,1.13,3.60
2012.12.10 12:38:50.152,1.50032,1.50056,1.50,1.88
2012.12.10 12:38:50.274,1.50032,1.50054,1.50,1.13
2012.12.10 12:38:50.913,1.50032,1.50059,2.63,2.03
2012.12.10 12:39:00.313,1.50031,1.50057,1.13,1.65
2012.12.10 12:39:00.382,1.50031,1.50057,1.13,2.40
2012.12.10 12:39:00.693,1.50029,1.50057,1.13,4.88
2012.12.10 12:39:09.726,1.50029,1.50055,1.13,1.13
2012.12.10 12:39:17.904,1.50029,1.50055,1.13,2.63
2012.12.10 12:39:19.404,1.50029,1.50055,1.13,3.00
2012.12.10 12:39:19.535,1.50027,1.50055,2.48,3.38
2012.12.10 12:39:19.665,1.50026,1.50053,1.13,3.00
2012.12.10 12:39:19.853,1.50025,1.50052,1.73,1.88
2012.12.10 12:39:23.315,1.50027,1.5005,1.35,1.65
2012.12.10 12:39:23.864,1.50023,1.50048,1.88,3.00
2012.12.10 12:39:24.572,1.50023,1.50048,1.13,3.00
2012.12.10 12:39:24.648,1.50022,1.50047,1.88,1.50
2012.12.10 12:39:25.087,1.50023,1.50048,1.88,2.25
2012.12.10 12:39:27.875,1.50022,1.50047,1.88,1.50
2012.12.10 12:39:29.963,1.50022,1.50047,1.88,1.50
2012.12.10 12:39:34.044,1.50022,1.50047,1.88,1.50
2012.12.10 12:39:36.113,1.50022,1.50047,2.10,1.50
2012.12.10 12:39:36.294,1.50027,1.50048,1.13,2.25
2012.12.10 12:39:36.573,1.50027,1.50048,1.13,2.25
2012.12.10 12:39:36.884,1.50025,1.5005,1.50,1.50
2012.12.10 12:39:37.576,1.50023,1.50047,2.85,1.50
2012.12.10 12:40:00.583,1.50022,1.50047,1.13,1.50
2012.12.10 12:40:00.703,1.50026,1.50048,1.50,2.25
2012.12.10 12:40:00.762,1.50026,1.50048,2.10,2.25
2012.12.10 12:40:20.725,1.50028,1.50052,1.50,3.23
2012.12.10 12:40:21.503,1.50026,1.50044,1.13,1.13
2012.12.10 12:40:21.743,1.50023,1.5004,2.40,1.13
2012.12.10 12:40:22.367,1.50016,1.50039,2.25,1.50
2012.12.10 12:40:22.917,1.50016,1.50039,2.48,1.50
2012.12.10 12:40:26.673,1.50016,1.50043,2.48,1.13
2012.12.10 12:40:26.733,1.50018,1.50043,1.73,1.13
2012.12.10 12:40:26.913,1.50022,1.50043,1.13,1.13
2012.12.10 12:40:27.472,1.50023,1.50045,1.50,1.50
2012.12.10 12:40:27.713,1.50022,1.50045,1.50,3.00
2012.12.10 12:40:45.523,1.50022,1.50045,1.13,3.23
2012.12.10 12:40:53.866,1.50021,1.50045,1.50,3.23
2012.12.10 12:41:00.464,1.50021,1.50044,1.35,1.50
2012.12.10 12:41:19.193,1.50021,1.50043,1.73,2.25
2012.12.10 12:41:20.459,1.50021,1.50043,1.50,2.25
2012.12.10 12:41:20.814,1.5002,1.50043,1.88,2.25
2012.12.10 12:41:20.945,1.5002,1.50043,1.88,2.25
2012.12.10 12:41:24.793,1.5002,1.50045,3.15,1.73
2012.12.10 12:41:31.205,1.5002,1.50046,2.78,1.13
2012.12.10 12:41:35.532,1.50021,1.50049,1.13,2.82
2012.12.10 12:41:35.653,1.50023,1.50049,1.35,2.48
2012.12.10 12:41:50.743,1.50021,1.50049,1.73,2.25
2012.12.10 12:41:51.035,1.50023,1.50049,1.35,2.25
2012.12.10 12:41:52.958,1.50021,1.50048,1.73,1.13
2012.12.10 12:41:53.203,1.50021,1.50048,1.50,1.28
2012.12.10 12:41:53.262,1.50021,1.50046,1.28,1.13
2012.12.10 12:41:53.383,1.50021,1.50047,1.28,1.13
2012.12.10 12:41:54.737,1.5002,1.50047,1.65,1.50
2012.12.10 12:41:54.809,1.50019,1.50046,1.50,1.65
2012.12.10 12:41:55.434,1.5002,1.50044,1.28,2.25
2012.12.10 12:42:01.372,1.50019,1.50044,1.20,3.00
2012.12.10 12:42:04.600,1.50021,1.50047,1.50,1.50
2012.12.10 12:42:05.674,1.5002,1.50043,1.13,1.50
2012.12.10 12:42:05.982,1.50014,1.50039,1.28,1.88
2012.12.10 12:42:06.503,1.50011,1.50039,2.25,1.88
2012.12.10 12:42:07.043,1.50011,1.50039,2.25,1.65
2012.12.10 12:42:08.505,1.50013,1.50041,1.13,3.60
2012.12.10 12:42:08.983,1.50012,1.50034,1.73,1.13
2012.12.10 12:42:09.055,1.50009,1.50033,2.25,1.13
2012.12.10 12:42:09.603,1.50008,1.50034,2.48,1.13
2012.12.10 12:42:17.018,1.50009,1.50034,1.20,1.35
2012.12.10 12:42:17.465,1.50009,1.50034,2.18,2.25
2012.12.10 12:42:17.653,1.50009,1.50033,1.43,1.50
2012.12.10 12:42:18.236,1.5001,1.50036,1.50,1.13
2012.12.10 12:42:19.155,1.50008,1.50032,1.43,1.50
2012.12.10 12:42:23.852,1.50008,1.50032,1.43,1.50
2012.12.10 12:42:24.580,1.50008,1.50032,1.20,1.50
2012.12.10 12:42:31.305,1.50008,1.50032,1.20,1.50
2012.12.10 12:42:32.274,1.50008,1.50032,1.20,1.50
2012.12.10 12:42:33.953,1.50008,1.50034,1.95,3.23
2012.12.10 12:42:39.831,1.50011,1.50034,1.28,1.73
2012.12.10 12:42:56.614,1.50009,1.50034,1.80,1.73
2012.12.10 12:42:58.132,1.50011,1.50034,1.13,1.73
2012.12.10 12:43:00.664,1.50009,1.50034,3.45,1.50
2012.12.10 12:43:13.024,1.50009,1.50034,1.88,1.50
2012.12.10 12:43:13.395,1.50009,1.50032,1.13,3.00
2012.12.10 12:43:13.954,1.50006,1.50029,2.55,1.50
2012.12.10 12:43:14.264,1.50006,1.50024,1.43,1.50
2012.12.10 12:43:14.929,1.50002,1.50024,1.13,1.50
2012.12.10 12:43:15.856,1.50002,1.50024,1.13,1.50
2012.12.10 12:43:17.896,1.50006,1.50023,1.20,1.50
2012.12.10 12:43:17.966,1.50006,1.50027,1.20,2.25
2012.12.10 12:43:18.744,1.50006,1.50027,1.43,2.25
2012.12.10 12:43:19.387,1.50006,1.50027,1.43,2.25
2012.12.10 12:43:21.332,1.50004,1.50027,1.05,3.00
2012.12.10 12:43:23.413,1.50007,1.50027,1.20,2.25
2012.12.10 12:43:24.023,1.50007,1.50028,1.20,1.65
2012.12.10 12:43:25.734,1.50004,1.50028,1.35,1.65
2012.12.10 12:43:33.405,1.50004,1.5003,1.80,2.63
2012.12.10 12:43:36.382,1.50004,1.5003,2.93,2.63
2012.12.10 12:43:36.503,1.50009,1.5003,1.13,2.25
2012.12.10 12:43:36.624,1.50009,1.50034,1.13,1.80
2012.12.10 12:43:44.837,1.5001,1.50035,1.73,1.65
2012.12.10 12:43:45.333,1.5001,1.50037,3.23,1.13
2012.12.10 12:43:46.756,1.5001,1.50035,2.48,1.13
2012.12.10 12:43:46.886,1.5001,1.50031,1.35,1.13
2012.12.10 12:43:47.015,1.50009,1.50025,1.13,1.50
2012.12.10 12:43:47.324,1.50006,1.50025,1.20,1.65
2012.12.10 12:43:47.633,1.50006,1.50026,1.65,1.13
2012.12.10 12:43:50.953,1.50006,1.50026,1.65,1.13
2012.12.10 12:43:51.013,1.50006,1.50026,1.20,1.13
2012.12.10 12:43:51.134,1.50007,1.50026,1.20,1.13
2012.12.10 12:43:51.205,1.50001,1.50022,1.65,1.28
2012.12.10 12:43:51.277,1.5,1.50019,1.65,1.35
2012.12.10 12:43:51.465,1.50002,1.50026,1.35,2.03
2012.12.10 12:43:51.602,1.50002,1.50026,1.35,1.28
2012.12.10 12:43:51.724,1.50004,1.50026,1.13,1.13
2012.12.10 12:43:52.153,1.50004,1.50028,1.13,1.13
2012.12.10 12:43:58.624,1.50011,1.5003,1.13,3.00
2012.12.10 12:43:58.753,1.50011,1.5003,1.13,2.25
2012.12.10 12:43:58.873,1.50005,1.50031,2.63,1.65
2012.12.10 12:43:59.053,1.5001,1.50031,1.43,1.65
2012.12.10 12:43:59.115,1.50011,1.50032,1.35,2.25
2012.12.10 12:43:59.183,1.5001,1.50032,1.43,1.65
2012.12.10 12:43:59.243,1.5001,1.50031,1.43,2.40
2012.12.10 12:43:59.764,1.50007,1.50024,1.43,1.50
2012.12.10 12:44:07.193,1.5001,1.50032,1.20,3.53
2012.12.10 12:44:07.584,1.5001,1.50032,1.20,1.65
2012.12.10 12:44:07.975,1.5001,1.50032,1.43,1.28
2012.12.10 12:44:08.103,1.5001,1.50032,1.43,2.03
2012.12.10 12:44:08.294,1.5001,1.50032,1.43,2.03
2012.12.10 12:44:11.524,1.5001,1.50032,1.43,2.03
2012.12.10 12:44:20.124,1.50006,1.50034,1.35,2.40
2012.12.10 12:44:20.193,1.50009,1.50034,1.73,2.40
2012.12.10 12:44:20.650,1.50014,1.50037,1.50,1.50
2012.12.10 12:44:21.323,1.50014,1.50038,1.13,2.63
2012.12.10 12:44:23.094,1.50014,1.50038,1.13,3.38
2012.12.10 12:44:24.085,1.50014,1.50038,1.13,3.38
2012.12.10 12:44:24.643,1.50014,1.50038,1.13,2.63
2012.12.10 12:44:28.082,1.50014,1.50038,1.13,2.63
2012.12.10 12:44:28.453,1.50013,1.50037,1.13,1.35
2012.12.10 12:44:30.134,1.50012,1.50034,1.13,2.25
2012.12.10 12:44:30.203,1.50012,1.50034,1.13,2.25
2012.12.10 12:44:30.562,1.50008,1.5003,1.95,1.13
2012.12.10 12:44:34.323,1.50009,1.50029,1.20,1.73
2012.12.10 12:44:34.924,1.50009,1.5003,1.20,1.13
2012.12.10 12:44:38.663,1.50009,1.5003,1.20,1.13
2012.12.10 12:44:38.784,1.50009,1.50032,1.20,1.13
2012.12.10 12:44:42.935,1.50011,1.50034,1.13,2.48
2012.12.10 12:44:43.183,1.50012,1.50037,1.50,1.13
2012.12.10 12:44:52.886,1.5002,1.50039,1.35,1.65
2012.12.10 12:44:52.956,1.5002,1.50041,1.35,1.28
2012.12.10 12:44:53.026,1.50019,1.50038,1.13,1.73
2012.12.10 12:44:53.155,1.50019,1.50043,1.35,4.13
2012.12.10 12:44:53.465,1.50022,1.50043,1.35,2.25
2012.12.10 12:44:53.714,1.50024,1.50044,1.13,1.50
2012.12.10 12:44:54.694,1.50018,1.50044,2.63,1.88
2012.12.10 12:44:54.825,1.50017,1.50039,3.38,1.50
2012.12.10 12:44:56.624,1.50014,1.50038,1.58,1.50
2012.12.10 12:44:56.764,1.50015,1.50036,1.13,1.73
2012.12.10 12:44:57.304,1.50016,1.50036,1.13,1.50
2012.12.10 12:44:57.814,1.50016,1.50039,1.13,1.73
2012.12.10 12:44:58.325,1.50016,1.50039,1.88,1.50
2012.12.10 12:44:59.274,1.50015,1.50039,2.10,1.50
2012.12.10 12:44:59.524,1.50016,1.50039,1.13,1.50
2012.12.10 12:44:59.874,1.50015,1.50039,2.10,1.50
2012.12.10 12:45:00.064,1.50016,1.50039,1.13,1.50
2012.12.10 12:45:00.393,1.50016,1.5004,1.13,1.50
2012.12.10 12:45:01.174,1.50016,1.50039,1.13,1.50
2012.12.10 12:45:01.903,1.50017,1.50037,1.13,1.50
2012.12.10 12:45:02.023,1.50016,1.50033,1.13,1.50
2012.12.10 12:45:03.154,1.50014,1.50036,1.05,2.25
2012.12.10 12:45:03.274,1.5001,1.5003,1.58,1.50
2012.12.10 12:45:04.884,1.50011,1.50034,1.20,3.00
2012.12.10 12:45:04.953,1.50011,1.50034,1.20,3.00
2012.12.10 12:45:05.265,1.50015,1.50034,1.13,2.25
2012.12.10 12:45:05.573,1.50017,1.50037,1.13,2.25
2012.12.10 12:45:05.935,1.50017,1.5004,1.13,1.50
2012.12.10 12:45:06.064,1.50017,1.5004,1.13,2.25
2012.12.10 12:45:06.245,1.50017,1.5004,1.13,2.25
2012.12.10 12:45:06.795,1.50017,1.50044,1.13,3.38
2012.12.10 12:45:09.403,1.50016,1.50041,2.63,1.50
2012.12.10 12:45:09.923,1.50017,1.50043,1.13,1.13
2012.12.10 12:45:10.373,1.50016,1.50044,2.48,2.40
2012.12.10 12:45:10.634,1.50025,1.50046,1.13,2.48
2012.12.10 12:45:10.705,1.50025,1.50046,1.13,2.48
2012.12.10 12:45:10.895,1.50027,1.5005,1.13,2.40
2012.12.10 12:45:11.387,1.50027,1.50052,1.13,2.63
2012.12.10 12:45:11.514,1.50025,1.50051,1.13,1.13
2012.12.10 12:45:11.694,1.50024,1.50044,1.13,1.50
2012.12.10 12:45:13.894,1.50024,1.50048,1.13,1.35
2012.12.10 12:45:14.015,1.50021,1.50048,1.13,1.50
2012.12.10 12:45:14.585,1.50024,1.50047,1.13,2.25
2012.12.10 12:45:15.024,1.50024,1.50047,1.13,2.25
2012.12.10 12:45:18.847,1.50024,1.50047,1.13,2.25
2012.12.10 12:45:18.973,1.50019,1.50044,1.28,1.50
2012.12.10 12:45:19.034,1.50019,1.50044,1.28,1.50
2012.12.10 12:45:19.214,1.50018,1.50039,2.10,1.50
2012.12.10 12:45:19.393,1.50018,1.50042,1.13,1.73
2012.12.10 12:45:19.454,1.50018,1.50042,1.88,1.35
2012.12.10 12:45:19.693,1.50019,1.50043,1.13,3.00
2012.12.10 12:45:19.754,1.50019,1.50043,1.13,3.38
2012.12.10 12:45:19.813,1.50019,1.50043,1.13,1.88
2012.12.10 12:45:19.876,1.50019,1.50044,1.13,1.13
2012.12.10 12:45:23.424,1.50022,1.50049,2.48,1.88
2012.12.10 12:45:34.883,1.50022,1.50049,2.48,1.65
2012.12.10 12:45:35.385,1.50022,1.50048,2.48,1.65
2012.12.10 12:45:36.422,1.50022,1.50044,2.48,1.50
2012.12.10 12:45:40.887,1.50021,1.50046,1.73,2.40
2012.12.10 12:45:45.394,1.50024,1.50044,1.35,1.50
2012.12.10 12:45:46.014,1.50021,1.50043,1.35,2.25
2012.12.10 12:45:50.733,1.50021,1.50042,1.35,2.25
2012.12.10 12:45:57.974,1.50021,1.50039,1.13,1.50
2012.12.10 12:45:58.034,1.50015,1.50037,1.65,1.13
2012.12.10 12:45:58.094,1.50015,1.50037,1.65,1.13
2012.12.10 12:45:59.414,1.50014,1.50039,1.43,1.88
2012.12.10 12:46:01.883,1.50015,1.50033,1.73,1.50
2012.12.10 12:46:02.136,1.50014,1.50032,1.20,1.13
2012.12.10 12:46:02.203,1.50014,1.50031,1.20,1.13
2012.12.10 12:46:02.445,1.50012,1.50031,1.20,1.13
2012.12.10 12:46:02.574,1.50012,1.50028,1.20,1.35
2012.12.10 12:46:03.244,1.50012,1.50026,1.20,1.13
2012.12.10 12:46:05.453,1.50013,1.50028,1.20,1.35
2012.12.10 12:46:07.894,1.50012,1.50033,1.13,1.35
2012.12.10 12:46:08.083,1.5001,1.50034,1.35,1.13
2012.12.10 12:46:11.314,1.50014,1.50038,1.73,1.13
2012.12.10 12:46:11.443,1.50014,1.50038,2.18,1.13
2012.12.10 12:46:16.893,1.50016,1.50039,1.88,1.50
2012.12.10 12:46:17.132,1.50016,1.50039,1.88,1.50
2012.12.10 12:46:18.073,1.50017,1.50039,1.73,1.50
2012.12.10 12:46:18.193,1.50017,1.50039,1.73,1.50
2012.12.10 12:46:18.434,1.50017,1.50036,1.73,1.50
2012.12.10 12:46:20.435,1.50017,1.50037,1.50,1.50
2012.12.10 12:46:22.803,1.50014,1.50035,1.43,1.13
2012.12.10 12:46:22.983,1.50014,1.50033,1.20,1.65
2012.12.10 12:46:26.744,1.50011,1.50029,2.70,1.50
2012.12.10 12:46:27.213,1.50011,1.50029,1.20,1.73
2012.12.10 12:46:28.243,1.50011,1.50029,1.20,1.73
2012.12.10 12:46:32.663,1.50011,1.50027,1.20,1.13
2012.12.10 12:46:32.995,1.50011,1.50026,1.20,1.13
2012.12.10 12:46:33.724,1.50007,1.50026,1.20,1.13
2012.12.10 12:46:35.155,1.50005,1.50027,1.13,1.35
2012.12.10 12:46:35.453,1.50007,1.50029,1.50,1.35
2012.12.10 12:46:35.514,1.50007,1.5003,1.50,1.50
2012.12.10 12:46:35.944,1.50011,1.50034,1.50,1.73
2012.12.10 12:46:36.133,1.50011,1.50029,1.73,1.13
2012.12.10 12:46:36.253,1.50009,1.50028,1.50,1.50
2012.12.10 12:46:36.443,1.50009,1.5003,1.50,1.13
2012.12.10 12:46:36.505,1.50009,1.50033,1.50,1.13
2012.12.10 12:46:42.562,1.50013,1.5003,1.50,1.13
2012.12.10 12:46:42.864,1.5001,1.5003,1.50,1.13
2012.12.10 12:46:43.206,1.50006,1.50028,1.13,2.85
2012.12.10 12:46:43.276,1.50003,1.50023,1.05,1.65
2012.12.10 12:46:44.024,1.50002,1.50023,1.13,1.88
2012.12.10 12:46:44.094,1.50002,1.50023,1.13,1.88
2012.12.10 12:46:44.486,1.50002,1.50023,1.13,1.88
2012.12.10 12:46:44.613,1.5,1.50023,1.50,1.88
2012.12.10 12:46:57.184,1.49999,1.50024,1.73,1.28
2012.12.10 12:46:57.734,1.50001,1.50024,1.73,1.28
2012.12.10 12:46:59.675,1.50001,1.50026,1.73,1.88
2012.12.10 12:47:01.184,1.49998,1.50023,1.73,1.65
2012.12.10 12:47:01.314,1.49998,1.50023,1.73,1.65
2012.12.10 12:47:03.604,1.49998,1.50023,1.73,3.15
2012.12.10 12:47:13.294,1.50002,1.50023,1.73,3.15
2012.12.10 12:47:13.547,1.50003,1.50023,1.50,2.40
2012.12.10 12:47:17.474,1.50005,1.50025,1.73,1.13
2012.12.10 12:47:22.976,1.5,1.50023,1.35,3.15
2012.12.10 12:47:23.046,1.5,1.50023,1.35,3.15
2012.12.10 12:47:23.235,1.49999,1.50018,1.35,1.50
2012.12.10 12:47:23.754,1.49997,1.50018,1.13,1.50
2012.12.10 12:47:23.826,1.49998,1.50018,1.13,1.50
2012.12.10 12:47:24.144,1.49998,1.50018,1.13,1.50
2012.12.10 12:47:24.314,1.50001,1.50022,1.73,1.28
2012.12.10 12:47:24.385,1.50001,1.50023,1.73,2.78
2012.12.10 12:47:24.513,1.50001,1.50023,1.73,2.40
2012.12.10 12:47:40.776,1.49999,1.50024,2.48,2.03
2012.12.10 12:47:41.276,1.49999,1.50022,1.73,1.28
2012.12.10 12:47:41.488,1.49999,1.50022,1.73,1.28
2012.12.10 12:47:41.743,1.49999,1.50022,1.50,1.28
2012.12.10 12:47:45.295,1.49998,1.50018,1.13,2.25
2012.12.10 12:47:45.833,1.49994,1.50018,1.35,2.63
2012.12.10 12:47:47.683,1.49995,1.50018,1.13,2.63
2012.12.10 12:47:48.247,1.49998,1.50018,1.13,2.25
2012.12.10 12:47:53.847,1.49993,1.50013,1.35,1.50
2012.12.10 12:47:54.125,1.49992,1.50011,1.13,2.25
2012.12.10 12:47:58.132,1.49988,1.50013,1.73,1.50
2012.12.10 12:47:59.197,1.49989,1.50013,1.35,1.50
2012.12.10 12:47:59.737,1.49991,1.50013,1.73,1.50
2012.12.10 12:48:00.755,1.49988,1.5001,1.88,1.50
2012.12.10 12:48:00.947,1.49987,1.50008,1.50,1.50
2012.12.10 12:48:01.464,1.49984,1.50003,1.50,1.50
2012.12.10 12:48:05.206,1.49987,1.5001,1.65,1.13
2012.12.10 12:48:05.334,1.49989,1.50014,3.23,2.03
2012.12.10 12:48:05.394,1.49989,1.50014,3.98,2.63
2012.12.10 12:48:05.941,1.49993,1.50014,1.73,1.13
2012.12.10 12:48:06.460,1.49993,1.50014,1.73,1.13
2012.12.10 12:48:07.044,1.49991,1.50015,2.48,1.50
2012.12.10 12:48:07.514,1.49989,1.50013,1.73,1.50
2012.12.10 12:48:07.573,1.49989,1.50013,1.73,1.73
2012.12.10 12:48:14.386,1.49988,1.5001,1.13,1.50
2012.12.10 12:48:16.959,1.49986,1.50009,1.73,1.13
2012.12.10 12:48:17.085,1.49983,1.50008,1.13,1.73
2012.12.10 12:48:17.284,1.49986,1.50011,1.13,1.50
2012.12.10 12:48:17.527,1.49986,1.50011,1.13,1.13
2012.12.10 12:48:17.595,1.49986,1.50011,1.13,1.13
2012.12.10 12:48:22.426,1.49989,1.50014,1.73,1.65
2012.12.10 12:48:22.559,1.49989,1.50014,1.73,1.65
2012.12.10 12:48:22.896,1.49995,1.50019,1.13,2.78
2012.12.10 12:48:26.705,1.49995,1.50019,1.13,2.40
2012.12.10 12:48:27.094,1.49995,1.50019,1.13,2.40
2012.12.10 12:48:27.725,1.49995,1.50019,1.88,2.40
2012.12.10 12:48:28.384,1.49995,1.50019,1.88,2.40
2012.12.10 12:48:28.514,1.49995,1.50019,1.13,2.78
2012.12.10 12:48:40.844,1.49995,1.5002,1.13,2.03
2012.12.10 12:48:40.917,1.49995,1.50021,1.13,3.00
2012.12.10 12:48:58.826,1.49995,1.50021,1.13,1.65
2012.12.10 12:48:58.958,1.49995,1.50021,1.13,1.65
2012.12.10 12:48:59.884,1.49994,1.50021,1.13,1.65
2012.12.10 12:48:59.948,1.49995,1.50022,1.73,1.50
2012.12.10 12:49:03.416,1.49995,1.50023,1.59,1.88
2012.12.10 12:49:03.486,1.49995,1.50023,2.71,1.88
2012.12.10 12:49:05.294,1.49995,1.50023,1.56,1.88
2012.12.10 12:49:05.366,1.49995,1.50023,1.56,1.13
2012.12.10 12:49:05.436,1.49996,1.50023,1.50,1.13
2012.12.10 12:49:05.564,1.49994,1.50023,2.63,1.13
2012.12.10 12:49:05.631,1.49995,1.50023,1.63,1.13
2012.12.10 12:49:05.757,1.49994,1.50023,2.63,1.13
2012.12.10 12:49:06.777,1.49994,1.50023,2.63,1.13
2012.12.10 12:49:07.056,1.49994,1.50023,2.63,1.13
2012.12.10 12:49:07.605,1.49994,1.50023,2.63,1.13
2012.12.10 12:49:08.605,1.49994,1.50021,1.88,2.78
2012.12.10 12:49:11.376,1.49996,1.50021,1.56,2.78
2012.12.10 12:49:11.505,1.49996,1.50021,1.56,2.40
2012.12.10 12:49:12.435,1.50003,1.50021,1.13,2.25
2012.12.10 12:49:12.507,1.50003,1.50024,1.13,1.50
2012.12.10 12:49:12.575,1.50003,1.50025,1.13,3.00
2012.12.10 12:49:12.995,1.50001,1.50024,1.13,1.50
2012.12.10 12:49:15.095,1.50001,1.50024,1.13,1.50
2012.12.10 12:49:15.496,1.50001,1.50024,1.13,1.50
2012.12.10 12:49:15.567,1.50001,1.50024,1.13,1.50
2012.12.10 12:49:16.267,1.50001,1.50024,1.13,1.50
2012.12.10 12:49:16.337,1.50002,1.50025,1.13,2.25
2012.12.10 12:49:16.405,1.50003,1.50029,1.65,3.75
2012.12.10 12:49:16.476,1.50004,1.50029,2.48,2.03
2012.12.10 12:49:16.546,1.50004,1.50029,2.48,2.03
2012.12.10 12:49:18.788,1.50005,1.50032,3.23,1.13
2012.12.10 12:49:18.858,1.50005,1.50029,3.23,1.65
2012.12.10 12:49:18.986,1.50005,1.50029,3.23,1.65
2012.12.10 12:49:20.416,1.50005,1.50031,2.10,2.40
2012.12.10 12:49:20.866,1.50005,1.50028,2.10,1.50
2012.12.10 12:49:20.935,1.50005,1.50031,2.10,2.40
2012.12.10 12:49:21.206,1.50005,1.50028,2.10,1.50
2012.12.10 12:49:22.835,1.50005,1.50028,1.73,1.50
2012.12.10 12:49:23.233,1.50005,1.50029,1.73,1.65
2012.12.10 12:49:25.898,1.50005,1.50032,3.23,1.35
2012.12.10 12:49:27.209,1.50005,1.50029,3.23,1.65
2012.12.10 12:49:28.370,1.50005,1.50029,1.73,1.50
2012.12.10 12:49:28.885,1.50006,1.50033,2.10,1.65
2012.12.10 12:49:29.366,1.5001,1.50034,1.13,1.50
2012.12.10 12:49:30.816,1.50011,1.50035,1.35,1.50
2012.12.10 12:49:31.266,1.5002,1.50039,1.65,1.50
2012.12.10 12:49:31.349,1.50021,1.50042,1.13,1.50
2012.12.10 12:49:31.487,1.50021,1.50043,1.13,3.00
2012.12.10 12:49:31.694,1.50017,1.50042,1.73,1.50
2012.12.10 12:49:32.825,1.50021,1.50043,1.13,3.00
2012.12.10 12:49:33.377,1.50017,1.50042,1.35,1.50
2012.12.10 12:49:36.076,1.50016,1.50039,2.63,1.50
2012.12.10 12:49:36.223,1.50016,1.50039,1.13,1.50
2012.12.10 12:49:38.357,1.50015,1.50038,1.13,1.50
2012.12.10 12:49:38.425,1.50016,1.50038,1.13,1.50
2012.12.10 12:49:39.465,1.50017,1.50038,1.73,1.50
2012.12.10 12:49:39.776,1.50025,1.50042,1.13,1.50
2012.12.10 12:49:39.907,1.50027,1.50043,1.13,1.50
2012.12.10 12:49:40.336,1.50018,1.50042,1.88,1.50
2012.12.10 12:49:40.767,1.50019,1.50044,1.13,2.63
2012.12.10 12:49:42.206,1.50019,1.50044,2.48,1.50
2012.12.10 12:49:42.854,1.50018,1.50044,1.13,1.50
2012.12.10 12:49:43.246,1.50018,1.50045,1.13,2.25
2012.12.10 12:49:44.636,1.50021,1.50048,1.35,3.15
2012.12.10 12:49:44.778,1.50022,1.50047,3.23,1.65
2012.12.10 12:49:45.186,1.50026,1.50049,2.48,1.13
2012.12.10 12:49:48.051,1.50026,1.50049,2.48,1.13
2012.12.10 12:49:48.355,1.50022,1.50049,2.10,1.13
2012.12.10 12:49:48.805,1.50022,1.50049,1.35,1.13
2012.12.10 12:49:49.226,1.50026,1.50049,2.48,1.13
2012.12.10 12:49:49.546,1.50026,1.50049,3.23,1.13
2012.12.10 12:49:50.395,1.50027,1.50049,1.73,1.13
2012.12.10 12:49:51.175,1.50028,1.50054,1.13,1.80
2012.12.10 12:49:51.248,1.50028,1.50054,1.50,1.65
2012.12.10 12:49:51.390,1.5003,1.50052,2.48,1.13
2012.12.10 12:49:51.455,1.50027,1.50049,2.10,1.13
2012.12.10 12:49:51.659,1.50027,1.50048,1.50,1.88
2012.12.10 12:49:52.157,1.50025,1.50048,2.85,1.13
2012.12.10 12:49:52.732,1.50026,1.50049,1.73,1.13
2012.12.10 12:49:53.218,1.50026,1.50049,1.73,1.13
2012.12.10 12:49:53.406,1.50026,1.50049,1.73,1.13
2012.12.10 12:49:53.477,1.50026,1.50049,1.73,1.13
2012.12.10 12:49:55.848,1.50026,1.50049,1.73,1.13
2012.12.10 12:49:55.915,1.50027,1.50053,1.13,1.65
2012.12.10 12:49:56.047,1.50027,1.50054,1.13,2.40
2012.12.10 12:49:56.606,1.50032,1.50054,1.35,1.65
2012.12.10 12:49:57.257,1.50029,1.50056,3.23,1.13
2012.12.10 12:50:00.125,1.50029,1.50057,4.35,1.13
2012.12.10 12:50:00.956,1.50034,1.50058,1.35,2.48
2012.12.10 12:50:01.026,1.50034,1.50059,2.10,1.13
2012.12.10 12:50:01.396,1.50037,1.50061,1.13,1.80
2012.12.10 12:50:01.465,1.50032,1.50057,2.48,1.13
2012.12.10 12:50:01.775,1.5003,1.50056,2.48,1.13
2012.12.10 12:50:01.834,1.5003,1.50056,2.48,1.13
2012.12.10 12:50:02.726,1.5003,1.50056,2.48,1.13
2012.12.10 12:50:08.917,1.50027,1.50056,2.25,2.40
2012.12.10 12:50:13.826,1.50027,1.50057,2.25,2.63
2012.12.10 12:50:15.385,1.5003,1.50057,3.23,1.13
2012.12.10 12:50:15.445,1.50032,1.50057,1.35,1.13
2012.12.10 12:50:15.625,1.50032,1.50057,1.35,1.50
2012.12.10 12:50:15.697,1.50032,1.50052,1.13,1.13
2012.12.10 12:50:15.767,1.5003,1.5005,1.50,1.13
2012.12.10 12:50:15.837,1.50029,1.5005,1.13,1.13
2012.12.10 12:50:16.086,1.50028,1.50049,1.50,1.13
2012.12.10 12:50:16.156,1.50028,1.5005,1.88,1.13
2012.12.10 12:50:16.479,1.5003,1.50053,1.13,1.50
2012.12.10 12:50:17.099,1.50027,1.50049,1.13,1.13
2012.12.10 12:50:17.165,1.50027,1.50049,1.13,1.88
2012.12.10 12:50:17.226,1.50024,1.50048,1.73,1.65
2012.12.10 12:50:17.418,1.50022,1.50048,1.65,3.38
2012.12.10 12:50:17.486,1.50022,1.50048,1.88,2.40
2012.12.10 12:50:20.857,1.50023,1.50049,2.48,1.65
2012.12.10 12:50:20.925,1.50023,1.50051,2.48,1.13
2012.12.10 12:50:22.276,1.50023,1.50051,2.48,1.13
2012.12.10 12:50:22.407,1.50023,1.50051,2.48,1.13
2012.12.10 12:50:30.257,1.50022,1.50049,1.88,2.63
2012.12.10 12:50:32.339,1.5003,1.50053,1.50,1.88
2012.12.10 12:50:32.792,1.50031,1.50055,1.73,3.00
2012.12.10 12:50:33.563,1.5003,1.50055,1.73,1.50
2012.12.10 12:50:49.200,1.5003,1.50055,2.10,1.13
2012.12.10 12:50:49.506,1.5003,1.50055,2.10,1.13
2012.12.10 12:50:50.155,1.50034,1.50057,1.13,2.25
2012.12.10 12:50:50.215,1.50034,1.50057,1.13,2.25
2012.12.10 12:50:50.276,1.50034,1.5006,1.13,1.05
2012.12.10 12:50:50.465,1.50034,1.50061,1.13,3.15
2012.12.10 12:50:50.886,1.50034,1.50059,1.13,1.50
2012.12.10 12:50:51.206,1.50034,1.50059,1.13,1.50
2012.12.10 12:50:53.396,1.50034,1.5006,1.13,1.28
2012.12.10 12:51:03.045,1.50034,1.50058,1.13,1.50
2012.12.10 12:51:13.394,1.50035,1.50059,1.13,2.40
2012.12.10 12:51:16.184,1.50035,1.50059,1.13,3.15
2012.12.10 12:51:17.874,1.50035,1.50059,1.13,3.15
2012.12.10 12:51:20.757,1.50035,1.50059,1.13,2.40
2012.12.10 12:51:20.825,1.50035,1.50059,1.13,3.15
2012.12.10 12:51:20.976,1.50035,1.50059,1.13,2.40
2012.12.10 12:51:27.547,1.50041,1.50059,1.13,2.40
2012.12.10 12:51:27.816,1.50045,1.50063,1.47,1.73
2012.12.10 12:51:27.887,1.50046,1.50064,1.47,2.25
2012.12.10 12:51:28.016,1.50057,1.50073,1.05,1.50
2012.12.10 12:51:28.148,1.50059,1.50077,2.10,2.40
2012.12.10 12:51:28.776,1.5006,1.50084,1.35,2.25
2012.12.10 12:51:31.285,1.50064,1.50086,1.13,1.50
2012.12.10 12:51:31.806,1.50064,1.50087,1.13,1.73
2012.12.10 12:51:33.034,1.50065,1.50088,1.35,1.50
2012.12.10 12:51:33.739,1.50065,1.50089,1.35,3.75
2012.12.10 12:51:38.255,1.50064,1.50089,1.50,3.98
2012.12.10 12:51:39.495,1.50062,1.50088,2.10,1.73
2012.12.10 12:51:39.856,1.50057,1.5008,1.73,1.50
2012.12.10 12:51:39.986,1.50055,1.5008,1.73,2.25
2012.12.10 12:51:40.055,1.50054,1.5008,1.35,2.25
2012.12.10 12:51:40.175,1.50054,1.50079,1.35,1.50
2012.12.10 12:51:40.236,1.50054,1.50079,1.13,1.73
2012.12.10 12:51:40.685,1.50054,1.50078,1.13,1.73
2012.12.10 12:51:40.745,1.50054,1.5008,1.88,3.23
2012.12.10 12:51:41.475,1.50054,1.5008,3.60,1.50
2012.12.10 12:51:42.447,1.50054,1.50083,3.60,5.48
2012.12.10 12:51:42.885,1.50054,1.50083,3.60,3.98
2012.12.10 12:51:43.005,1.50059,1.50083,1.50,1.73
2012.12.10 12:51:56.908,1.50067,1.50087,1.13,1.13
2012.12.10 12:51:57.156,1.50067,1.50088,1.13,3.00
2012.12.10 12:51:57.405,1.50062,1.50088,2.10,3.00
2012.12.10 12:51:57.825,1.50063,1.50088,1.73,1.50
2012.12.10 12:51:57.956,1.50066,1.5009,1.73,1.50
2012.12.10 12:51:59.004,1.50071,1.50091,1.50,1.50
2012.12.10 12:51:59.065,1.50071,1.50091,1.73,1.50
2012.12.10 12:51:59.366,1.50067,1.5009,2.48,1.50
2012.12.10 12:52:02.266,1.50066,1.5009,1.73,1.50
2012.12.10 12:52:05.698,1.50064,1.50086,1.73,1.65
2012.12.10 12:52:06.017,1.5006,1.50083,2.25,2.25
2012.12.10 12:52:06.218,1.5006,1.5008,1.50,1.50
2012.12.10 12:52:06.406,1.50058,1.50079,1.13,1.50
2012.12.10 12:52:06.466,1.50057,1.50076,2.48,1.13
2012.12.10 12:52:06.679,1.50058,1.50076,1.35,1.13
2012.12.10 12:52:06.752,1.50054,1.50079,1.13,1.88
2012.12.10 12:52:06.897,1.50056,1.50079,1.13,1.50
2012.12.10 12:52:06.969,1.50056,1.50079,1.13,1.50
2012.12.10 12:52:07.289,1.50051,1.50073,1.13,1.50
2012.12.10 12:52:07.617,1.50051,1.50077,1.13,2.63
2012.12.10 12:52:07.687,1.50051,1.50073,1.13,1.50
2012.12.10 12:52:07.818,1.50051,1.50073,1.13,1.50
2012.12.10 12:52:08.836,1.5005,1.50073,1.13,1.50
2012.12.10 12:52:09.145,1.50046,1.50069,1.35,1.50
2012.12.10 12:52:09.326,1.50047,1.5007,2.10,2.25
2012.12.10 12:52:09.886,1.50048,1.5007,1.50,2.25
2012.12.10 12:52:10.787,1.5005,1.5007,1.13,2.25
2012.12.10 12:52:11.096,1.50049,1.5007,1.50,2.25
2012.12.10 12:52:11.347,1.5005,1.50074,1.13,2.40
2012.12.10 12:52:11.478,1.5005,1.50075,1.13,1.88
2012.12.10 12:52:14.245,1.50051,1.50077,1.73,1.13
2012.12.10 12:52:18.688,1.5005,1.50074,1.50,1.65
2012.12.10 12:52:18.756,1.5005,1.50074,1.50,1.65
2012.12.10 12:52:18.945,1.50049,1.5007,2.25,1.50
2012.12.10 12:52:19.067,1.50049,1.5007,1.50,1.65
2012.12.10 12:52:19.315,1.50047,1.50066,1.35,1.50
2012.12.10 12:52:20.756,1.50045,1.5007,1.88,1.65
2012.12.10 12:52:25.601,1.50045,1.5007,1.13,1.65
2012.12.10 12:52:32.217,1.50045,1.5007,1.88,1.65
2012.12.10 12:52:36.608,1.50049,1.50073,1.50,2.48
2012.12.10 12:52:36.678,1.50049,1.50073,1.65,1.88
2012.12.10 12:52:36.927,1.50051,1.50074,1.73,1.65
2012.12.10 12:52:37.395,1.50053,1.50076,1.35,3.00
2012.12.10 12:52:39.285,1.50053,1.50076,2.48,1.88
2012.12.10 12:52:39.836,1.50056,1.50076,1.65,1.50
2012.12.10 12:52:42.486,1.50057,1.50076,1.13,1.50
2012.12.10 12:52:43.245,1.50057,1.50082,1.13,1.13
2012.12.10 12:52:44.449,1.50058,1.50081,1.13,1.13
2012.12.10 12:52:44.636,1.50057,1.5008,1.28,2.48
2012.12.10 12:52:44.707,1.50057,1.50083,1.13,1.73
2012.12.10 12:52:44.921,1.50055,1.5008,1.35,1.65
2012.12.10 12:52:45.476,1.50054,1.50077,1.73,1.50
2012.12.10 12:52:54.107,1.50053,1.50079,1.13,3.15
2012.12.10 12:52:54.616,1.50057,1.50082,2.48,1.13
2012.12.10 12:52:54.786,1.50052,1.50079,2.63,1.65
2012.12.10 12:52:54.976,1.50052,1.50079,2.63,1.65
2012.12.10 12:52:57.355,1.50053,1.5008,1.13,1.13
2012.12.10 12:52:58.758,1.5006,1.50085,1.88,2.48
2012.12.10 12:52:58.827,1.5006,1.50085,1.13,1.73
2012.12.10 12:52:59.131,1.50062,1.50087,1.13,1.65
2012.12.10 12:52:59.396,1.50062,1.50087,1.13,1.13
2012.12.10 12:52:59.646,1.50064,1.50088,1.73,2.55
2012.12.10 12:53:01.405,1.50064,1.50088,3.98,2.40
2012.12.10 12:53:01.465,1.50068,1.50088,1.65,2.25
2012.12.10 12:53:01.649,1.5007,1.50091,1.13,1.50
2012.12.10 12:53:02.075,1.50068,1.50091,1.13,2.25
2012.12.10 12:53:02.258,1.5007,1.50091,1.13,2.25
2012.12.10 12:53:02.518,1.50062,1.50085,1.88,1.50
2012.12.10 12:53:02.588,1.50062,1.50085,1.88,1.50
2012.12.10 12:53:03.147,1.50062,1.50085,1.88,1.50
2012.12.10 12:53:08.936,1.50062,1.50085,1.88,1.50
2012.12.10 12:53:09.188,1.50062,1.50084,1.13,1.50
2012.12.10 12:53:09.497,1.50058,1.50075,2.10,1.50
2012.12.10 12:53:09.626,1.50056,1.50075,1.73,1.50
2012.12.10 12:53:09.757,1.50054,1.50078,1.13,2.03
2012.12.10 12:53:10.364,1.50054,1.50079,1.13,1.65
2012.12.10 12:53:10.538,1.50054,1.50078,1.13,1.65
2012.12.10 12:53:10.738,1.50054,1.50078,1.13,1.65
2012.12.10 12:53:11.257,1.50054,1.50078,1.13,1.65
2012.12.10 12:53:11.658,1.50052,1.50074,1.13,1.50
2012.12.10 12:53:11.856,1.50051,1.50074,1.35,1.50
2012.12.10 12:53:11.915,1.50051,1.50074,1.35,1.50
2012.12.10 12:53:13.397,1.50052,1.50077,1.13,1.50
2012.12.10 12:53:14.147,1.50051,1.50074,1.35,1.50
2012.12.10 12:53:15.935,1.50052,1.50074,1.50,1.50
2012.12.10 12:53:25.717,1.50054,1.50078,1.13,3.15
2012.12.10 12:53:26.165,1.50052,1.50078,1.73,3.72
2012.12.10 12:53:35.648,1.50052,1.50078,1.73,3.72
2012.12.10 12:53:38.197,1.50052,1.50078,3.23,2.22
2012.12.10 12:53:38.636,1.50052,1.50078,2.48,2.22
2012.12.10 12:53:38.705,1.50052,1.50073,2.48,1.50
2012.12.10 12:53:38.884,1.50049,1.50073,1.13,1.50
2012.12.10 12:53:39.951,1.50049,1.50074,1.13,1.50
2012.12.10 12:53:47.907,1.50048,1.50069,1.13,1.50
2012.12.10 12:53:48.095,1.50044,1.50066,2.10,1.50
2012.12.10 12:53:48.155,1.50046,1.50068,1.13,1.65
2012.12.10 12:53:48.275,1.50046,1.50069,2.03,1.35
2012.12.10 12:53:48.585,1.50048,1.50072,1.13,1.50
2012.12.10 12:53:49.128,1.50046,1.5007,1.13,1.50
2012.12.10 12:53:49.435,1.50043,1.50068,1.35,1.50
2012.12.10 12:53:53.645,1.50042,1.50068,1.13,1.65
2012.12.10 12:53:53.825,1.5004,1.50065,2.48,1.50
2012.12.10 12:53:59.547,1.50044,1.50068,1.13,1.73
2012.12.10 12:53:59.688,1.50044,1.50069,1.88,2.48
2012.12.10 12:53:59.878,1.50049,1.50069,1.50,2.25
2012.12.10 12:54:00.246,1.5005,1.50073,1.73,2.03
2012.12.10 12:54:00.527,1.5005,1.50073,1.73,1.28
2012.12.10 12:54:00.976,1.50053,1.50073,2.40,1.28
2012.12.10 12:54:02.089,1.50055,1.50079,1.35,1.28
2012.12.10 12:54:02.169,1.50055,1.50079,1.35,1.13
2012.12.10 12:54:02.895,1.50055,1.50082,1.35,2.48
2012.12.10 12:54:03.015,1.50057,1.50082,2.48,2.48
2012.12.10 12:54:03.725,1.50058,1.50082,1.73,2.25
2012.12.10 12:54:16.595,1.50057,1.50082,1.73,2.25
2012.12.10 12:54:16.896,1.50057,1.50086,3.23,1.13
2012.12.10 12:54:23.397,1.50057,1.50082,3.60,1.35
2012.12.10 12:54:23.765,1.50057,1.50078,1.13,1.65
2012.12.10 12:54:28.075,1.50055,1.5008,1.50,1.13
2012.12.10 12:55:17.419,1.50052,1.50077,1.35,1.13
2012.12.10 12:55:17.489,1.50052,1.50077,1.35,1.13
2012.12.10 12:55:17.677,1.50051,1.50074,1.50,1.50
2012.12.10 12:55:18.006,1.50049,1.50075,3.23,1.50
2012.12.10 12:55:21.217,1.50052,1.50078,1.50,3.90
2012.12.10 12:55:21.286,1.50053,1.50078,1.88,3.90
2012.12.10 12:55:22.075,1.50053,1.50078,1.88,3.15
2012.12.10 12:55:22.445,1.50053,1.50078,2.10,2.40
2012.12.10 12:55:29.016,1.50049,1.50078,3.23,2.40
2012.12.10 12:55:29.144,1.50049,1.50075,3.23,1.50
2012.12.10 12:55:31.479,1.50049,1.50078,3.23,2.74
2012.12.10 12:55:31.787,1.50055,1.50079,1.73,3.15
2012.12.10 12:55:31.927,1.50052,1.50079,2.48,3.15
2012.12.10 12:55:31.997,1.50052,1.50079,2.10,3.15
2012.12.10 12:55:32.127,1.50052,1.50077,1.35,1.50
2012.12.10 12:55:34.796,1.50051,1.50077,1.13,1.50
2012.12.10 12:55:35.225,1.50054,1.50079,1.73,1.65
2012.12.10 12:55:35.787,1.50056,1.50079,1.50,1.05
2012.12.10 12:55:36.305,1.50055,1.50079,1.50,2.55
2012.12.10 12:55:38.806,1.50055,1.50078,1.50,1.65
2012.12.10 12:55:40.125,1.50055,1.50078,1.50,1.65
2012.12.10 12:55:40.906,1.50055,1.50078,1.50,2.40
2012.12.10 12:55:43.648,1.50053,1.50077,1.35,1.65
2012.12.10 12:55:44.107,1.50047,1.50071,1.88,1.50
2012.12.10 12:55:44.356,1.50047,1.50072,1.88,1.13
2012.12.10 12:55:44.857,1.50047,1.5007,1.88,2.25
2012.12.10 12:55:45.315,1.50047,1.5007,1.50,2.25
2012.12.10 12:55:45.437,1.50047,1.5007,1.28,2.25
2012.12.10 12:55:45.506,1.50051,1.50066,1.13,1.50
2012.12.10 12:55:45.576,1.50051,1.50071,1.13,2.59
2012.12.10 12:55:45.875,1.50047,1.50071,1.50,3.34
2012.12.10 12:55:46.425,1.5005,1.50071,1.13,2.25
2012.12.10 12:55:52.358,1.50051,1.50071,1.13,3.00
2012.12.10 12:55:53.126,1.50052,1.50071,1.13,2.25
2012.12.10 12:55:53.195,1.50051,1.50071,1.13,3.00
2012.12.10 12:55:54.006,1.50047,1.50071,2.78,3.00
2012.12.10 12:55:54.076,1.50052,1.50071,1.13,2.25
2012.12.10 12:55:54.886,1.50047,1.50071,2.03,3.00
2012.12.10 12:55:59.886,1.50047,1.50068,1.35,1.88
2012.12.10 12:56:00.664,1.50046,1.50067,1.13,2.40
2012.12.10 12:56:09.450,1.50044,1.50067,1.88,2.40
2012.12.10 12:56:10.296,1.50041,1.50062,1.28,2.25
2012.12.10 12:56:11.340,1.50039,1.50062,1.28,2.25
2012.12.10 12:56:11.726,1.50037,1.50058,1.13,3.00
2012.12.10 12:56:11.887,1.50037,1.50058,1.13,3.00
2012.12.10 12:56:12.338,1.50034,1.50055,1.88,2.25
2012.12.10 12:56:12.590,1.50034,1.50055,2.63,2.25
2012.12.10 12:56:14.035,1.50032,1.50055,1.50,2.25
2012.12.10 12:56:15.306,1.50032,1.50055,1.13,2.25
2012.12.10 12:56:15.888,1.50034,1.50057,1.13,3.00
2012.12.10 12:56:16.335,1.50036,1.50059,1.35,3.00
2012.12.10 12:56:16.740,1.50034,1.50059,2.48,3.00
2012.12.10 12:56:22.525,1.50036,1.50059,2.10,2.25
2012.12.10 12:56:22.885,1.50034,1.50057,1.88,3.00
2012.12.10 12:56:23.427,1.50034,1.50055,1.88,2.25
2012.12.10 12:56:25.491,1.50035,1.50055,1.88,2.25
2012.12.10 12:56:25.634,1.50035,1.50055,1.50,2.25
2012.12.10 12:56:25.698,1.50035,1.50055,1.50,2.25
2012.12.10 12:56:25.957,1.50035,1.50054,1.50,1.50
2012.12.10 12:56:26.145,1.50035,1.50055,2.25,2.25
2012.12.10 12:56:26.207,1.50035,1.50055,1.50,2.25
2012.12.10 12:56:26.396,1.50035,1.50057,2.25,1.50
2012.12.10 12:56:26.677,1.50035,1.50057,1.50,1.50
2012.12.10 12:56:26.995,1.50032,1.50057,2.25,1.50
2012.12.10 12:56:28.659,1.50032,1.50057,1.88,1.50
2012.12.10 12:56:29.655,1.50033,1.50058,1.73,2.25
2012.12.10 12:56:38.766,1.50032,1.50055,1.13,2.25
2012.12.10 12:56:40.527,1.5003,1.5005,1.13,1.50
2012.12.10 12:56:44.928,1.50026,1.50048,1.35,1.50
2012.12.10 12:56:46.176,1.50024,1.50048,2.48,1.65
2012.12.10 12:56:46.356,1.50021,1.50044,1.73,1.50
2012.12.10 12:56:46.487,1.50026,1.50047,1.88,2.25
2012.12.10 12:56:46.796,1.50023,1.50047,1.88,3.00
2012.12.10 12:56:48.686,1.50021,1.50043,1.88,1.50
2012.12.10 12:56:49.051,1.50019,1.50043,2.25,1.50
2012.12.10 12:56:49.196,1.50019,1.50043,1.50,1.50
2012.12.10 12:56:53.417,1.50019,1.50043,1.13,1.50
2012.12.10 12:56:54.679,1.50021,1.50048,2.25,2.40
2012.12.10 12:56:54.749,1.50021,1.50047,2.25,1.50
2012.12.10 12:56:55.137,1.50019,1.50039,1.65,1.50
2012.12.10 12:56:55.211,1.50017,1.50039,2.25,1.50
2012.12.10 12:56:55.769,1.50011,1.50034,3.75,1.50
2012.12.10 12:56:55.955,1.50011,1.50034,3.60,1.88
2012.12.10 12:56:56.496,1.50006,1.50034,3.98,1.88
2012.12.10 12:56:56.967,1.50011,1.50034,1.13,1.50
2012.12.10 12:56:57.038,1.50011,1.50034,1.13,1.50
2012.12.10 12:56:57.108,1.50011,1.50034,1.35,1.50
2012.12.10 12:56:57.427,1.50011,1.50034,1.13,1.50
2012.12.10 12:56:57.496,1.50006,1.50028,3.75,1.50
2012.12.10 12:56:57.887,1.50006,1.50029,2.48,1.50
2012.12.10 12:56:58.525,1.50006,1.50032,3.23,1.65
2012.12.10 12:57:01.281,1.50006,1.50029,2.48,1.50
2012.12.10 12:57:01.598,1.50006,1.50028,2.25,1.13
2012.12.10 12:57:01.787,1.50006,1.50027,2.25,1.13
2012.12.10 12:57:03.435,1.50003,1.50028,3.53,1.50
2012.12.10 12:57:03.963,1.50003,1.50028,4.50,1.50
2012.12.10 12:57:05.069,1.50003,1.50028,4.50,1.50
2012.12.10 12:57:05.181,1.50003,1.50028,4.50,1.50
2012.12.10 12:57:05.305,1.50003,1.50028,5.25,1.50
2012.12.10 12:57:05.856,1.50003,1.50028,4.50,1.50
2012.12.10 12:57:05.927,1.50005,1.50029,1.73,1.50
2012.12.10 12:57:06.238,1.50007,1.5003,1.73,1.50
2012.12.10 12:57:14.026,1.50007,1.5003,2.10,1.50
2012.12.10 12:57:14.387,1.50004,1.50026,1.50,1.50
2012.12.10 12:57:15.484,1.50002,1.50028,2.25,1.50
2012.12.10 12:57:17.064,1.50003,1.50029,1.13,1.50
2012.12.10 12:57:17.449,1.50003,1.50028,1.13,1.50
2012.12.10 12:57:17.717,1.50003,1.50028,1.50,1.50
2012.12.10 12:57:18.027,1.50006,1.5003,2.48,1.50
2012.12.10 12:57:18.898,1.50009,1.50035,2.48,1.13
2012.12.10 12:57:20.608,1.50009,1.50035,3.23,1.13
2012.12.10 12:57:22.276,1.50014,1.50038,1.13,1.80
2012.12.10 12:57:22.408,1.50014,1.50038,1.13,1.80
2012.12.10 12:57:22.937,1.50014,1.50038,1.88,1.65
2012.12.10 12:57:23.246,1.50014,1.50038,1.13,1.65
2012.12.10 12:57:24.307,1.50014,1.50033,1.13,1.50
2012.12.10 12:57:30.136,1.5001,1.50038,3.60,1.50
2012.12.10 12:57:30.315,1.50014,1.50038,2.25,1.50
2012.12.10 12:57:31.035,1.50014,1.50038,2.48,1.50
2012.12.10 12:57:31.957,1.50019,1.50044,2.25,3.38
2012.12.10 12:57:34.757,1.50019,1.50041,1.50,1.50
2012.12.10 12:57:35.289,1.50016,1.50039,1.28,1.50
2012.12.10 12:57:37.046,1.50017,1.50039,1.13,1.50
2012.12.10 12:57:39.181,1.50014,1.50039,3.60,1.50
2012.12.10 12:57:39.647,1.50009,1.50034,1.50,2.40
2012.12.10 12:57:39.956,1.50012,1.50034,1.88,2.25
2012.12.10 12:57:41.207,1.50016,1.50042,1.13,3.38
2012.12.10 12:57:41.401,1.50017,1.50042,1.50,2.63
2012.12.10 12:57:43.006,1.50018,1.50042,1.50,2.63
2012.12.10 12:57:44.647,1.5002,1.50042,1.13,2.25
2012.12.10 12:57:46.394,1.5002,1.50044,1.88,1.73
2012.12.10 12:57:46.896,1.50022,1.50047,2.40,1.88
2012.12.10 12:57:48.457,1.50025,1.5005,1.50,1.13
2012.12.10 12:57:49.233,1.50032,1.50055,1.73,2.40
2012.12.10 12:57:50.418,1.50029,1.50053,1.13,1.50
2012.12.10 12:57:50.688,1.50026,1.50048,2.10,1.50
2012.12.10 12:57:50.880,1.50026,1.5005,2.85,1.50
2012.12.10 12:57:53.659,1.50026,1.5005,1.73,1.50
2012.12.10 12:57:53.995,1.50025,1.5005,2.25,1.50
2012.12.10 12:57:54.687,1.50026,1.50051,2.48,1.65
2012.12.10 12:57:54.819,1.50026,1.50051,3.23,1.65
2012.12.10 12:57:54.946,1.50026,1.50051,2.48,1.65
2012.12.10 12:57:58.136,1.50025,1.50051,2.25,1.65
2012.12.10 12:57:58.266,1.50025,1.50046,1.13,1.50
2012.12.10 12:57:59.923,1.50021,1.50044,2.10,1.50
2012.12.10 12:58:00.908,1.50022,1.50044,1.13,1.50
2012.12.10 12:58:01.325,1.50021,1.50044,1.35,1.50
2012.12.10 12:58:01.386,1.50022,1.50044,1.35,1.50
2012.12.10 12:58:02.538,1.50024,1.50044,1.13,1.50
2012.12.10 12:58:03.145,1.50024,1.50044,1.13,1.50
2012.12.10 12:58:03.566,1.50022,1.50043,1.35,1.50
2012.12.10 12:58:05.166,1.50019,1.50043,2.25,1.50
2012.12.10 12:58:05.689,1.50019,1.50043,1.13,1.65
2012.12.10 12:58:07.387,1.50019,1.50043,3.60,1.65
2012.12.10 12:58:08.636,1.50019,1.50043,3.60,1.65
2012.12.10 12:58:10.226,1.50025,1.50047,1.13,1.50
2012.12.10 12:58:10.416,1.50022,1.50047,2.48,1.50
2012.12.10 12:58:10.729,1.50025,1.50047,1.13,1.50
2012.12.10 12:58:12.395,1.50025,1.50048,1.13,1.50
2012.12.10 12:58:12.817,1.50022,1.50047,2.48,1.50
2012.12.10 12:58:14.306,1.50025,1.50048,1.13,1.50
2012.12.10 12:58:20.914,1.50022,1.50046,1.35,2.03
2012.12.10 12:58:21.096,1.50019,1.50039,1.13,1.50
2012.12.10 12:58:21.166,1.50021,1.50045,1.13,1.50
2012.12.10 12:58:21.226,1.50024,1.50044,1.13,1.50
2012.12.10 12:58:21.647,1.50021,1.50045,3.60,1.50
2012.12.10 12:58:22.216,1.50024,1.50044,1.13,1.50
2012.12.10 12:58:22.956,1.50021,1.50045,3.23,1.50
2012.12.10 12:58:33.926,1.50024,1.50044,1.13,1.50
2012.12.10 12:58:34.322,1.50023,1.50044,1.13,1.50
2012.12.10 12:58:35.069,1.50026,1.50052,3.00,1.65
2012.12.10 12:58:35.196,1.50026,1.5005,1.73,1.65
2012.12.10 12:58:35.437,1.50027,1.50052,1.50,1.65
2012.12.10 12:58:35.976,1.50027,1.50052,1.73,1.65
2012.12.10 12:58:36.515,1.50027,1.50052,1.73,1.65
2012.12.10 12:58:37.867,1.50027,1.50052,1.73,1.88
2012.12.10 12:58:44.409,1.50033,1.50052,1.73,1.50
2012.12.10 12:58:45.078,1.50035,1.50058,2.10,2.40
2012.12.10 12:58:45.145,1.50036,1.50058,1.35,1.65
2012.12.10 12:58:45.456,1.50036,1.50058,1.35,1.65
2012.12.10 12:58:45.758,1.50033,1.50053,1.13,1.50
2012.12.10 12:58:47.718,1.50031,1.50053,1.28,1.50
2012.12.10 12:58:49.766,1.50029,1.50053,2.63,1.50
2012.12.10 12:58:52.726,1.50026,1.50048,1.73,1.65
2012.12.10 12:58:52.787,1.50025,1.50048,1.13,1.65
2012.12.10 12:59:01.857,1.50025,1.50045,1.73,1.50
2012.12.10 12:59:02.168,1.50026,1.50045,1.73,1.50
2012.12.10 12:59:02.356,1.50024,1.50045,2.10,1.50
2012.12.10 12:59:02.416,1.50024,1.50043,2.85,1.50
2012.12.10 12:59:02.926,1.50024,1.50042,1.88,1.13
2012.12.10 12:59:04.946,1.50024,1.50045,1.13,1.50
2012.12.10 12:59:05.006,1.50025,1.50047,1.13,1.13
2012.12.10 12:59:05.817,1.50026,1.50045,1.50,1.50
2012.12.10 12:59:05.888,1.50024,1.50045,2.10,1.50
2012.12.10 12:59:06.396,1.50024,1.50039,1.13,1.65
2012.12.10 12:59:07.419,1.50025,1.50043,1.13,2.25
2012.12.10 12:59:07.486,1.50025,1.50043,1.13,1.50
2012.12.10 12:59:09.457,1.50025,1.50049,1.73,2.10
2012.12.10 12:59:09.980,1.50026,1.50049,2.40,1.88
2012.12.10 12:59:10.530,1.50026,1.50049,2.48,1.88
2012.12.10 12:59:13.419,1.50024,1.50046,1.88,1.88
2012.12.10 12:59:13.611,1.50024,1.50046,1.13,1.88
2012.12.10 12:59:16.278,1.50024,1.50042,1.13,1.50
2012.12.10 12:59:16.755,1.50025,1.50042,1.13,1.50
2012.12.10 12:59:23.077,1.50022,1.50045,2.03,1.73
2012.12.10 12:59:23.387,1.50019,1.50038,1.13,1.73
2012.12.10 12:59:23.937,1.50017,1.50036,2.25,1.50
2012.12.10 12:59:24.661,1.50015,1.50036,1.62,1.50
2012.12.10 12:59:24.978,1.50014,1.50036,1.73,1.50
2012.12.10 12:59:25.227,1.50015,1.50037,1.32,1.73
2012.12.10 12:59:25.296,1.50013,1.50037,2.63,1.73
2012.12.10 12:59:25.953,1.50011,1.50037,2.25,3.00
2012.12.10 12:59:26.426,1.50011,1.50037,1.88,3.00
2012.12.10 12:59:28.416,1.50013,1.50037,3.23,1.50
2012.12.10 12:59:28.486,1.50013,1.50037,2.48,1.50
2012.12.10 12:59:28.609,1.50013,1.50037,2.48,1.50
2012.12.10 12:59:28.926,1.50016,1.50039,1.35,1.50
2012.12.10 12:59:28.986,1.50017,1.50041,1.13,3.23
2012.12.10 12:59:29.166,1.50017,1.50041,1.13,3.38
2012.12.10 12:59:29.537,1.50017,1.50041,1.13,3.38
2012.12.10 12:59:32.417,1.50017,1.50041,1.35,3.00
2012.12.10 12:59:32.927,1.50012,1.50036,1.13,1.65
2012.12.10 12:59:33.607,1.50008,1.50031,2.03,1.50
2012.12.10 12:59:34.365,1.50007,1.50031,1.73,1.50
2012.12.10 12:59:34.907,1.50007,1.50031,1.35,1.50
2012.12.10 12:59:34.966,1.5001,1.50033,1.13,1.50
2012.12.10 12:59:35.536,1.5001,1.50033,1.13,1.50
2012.12.10 12:59:35.666,1.50007,1.50031,2.10,1.50
2012.12.10 12:59:35.976,1.50007,1.50031,2.10,1.50
2012.12.10 12:59:36.226,1.50007,1.50031,2.10,1.50
2012.12.10 12:59:37.718,1.50007,1.50031,2.10,1.50
2012.12.10 12:59:38.226,1.50007,1.50034,3.98,1.50
2012.12.10 12:59:38.406,1.50007,1.50034,3.23,1.50
2012.12.10 12:59:38.646,1.50007,1.50032,2.85,1.50
2012.12.10 12:59:38.945,1.50007,1.50034,2.85,1.50
2012.12.10 12:59:39.306,1.50007,1.50034,4.35,1.50
2012.12.10 12:59:39.498,1.50007,1.50034,2.85,1.50
2012.12.10 12:59:39.627,1.50007,1.50034,4.35,1.50
2012.12.10 12:59:39.937,1.5001,1.50034,1.13,1.50
2012.12.10 12:59:40.065,1.5001,1.50034,1.13,1.50
2012.12.10 12:59:40.628,1.50012,1.50034,1.01,1.50
2012.12.10 12:59:40.697,1.50017,1.50038,1.13,3.53
2012.12.10 12:59:40.771,1.50016,1.50037,2.48,1.05
2012.12.10 12:59:40.898,1.50014,1.50037,2.48,1.05
2012.12.10 12:59:41.206,1.50017,1.5004,2.63,1.65
2012.12.10 12:59:41.527,1.50017,1.50042,2.63,1.50
2012.12.10 12:59:42.237,1.50017,1.50042,2.63,1.50
2012.12.10 12:59:42.776,1.50017,1.50042,2.63,1.50
2012.12.10 12:59:45.339,1.50017,1.50044,3.75,1.65
2012.12.10 12:59:45.588,1.50022,1.50044,1.73,1.65
2012.12.10 12:59:45.657,1.50022,1.50047,1.73,1.13
2012.12.10 12:59:45.846,1.50022,1.50049,2.10,1.50
2012.12.10 12:59:45.907,1.50025,1.5005,1.13,1.50
2012.12.10 12:59:46.038,1.50022,1.50049,2.48,1.50
2012.12.10 12:59:46.168,1.50022,1.50049,2.48,1.50
2012.12.10 12:59:46.476,1.50026,1.50051,1.13,2.63
2012.12.10 12:59:46.716,1.50027,1.50051,1.73,1.13
2012.12.10 12:59:46.786,1.50027,1.50051,2.48,1.13
2012.12.10 12:59:47.180,1.50027,1.50047,1.50,1.50
2012.12.10 12:59:47.845,1.50021,1.50047,3.75,1.65
2012.12.10 12:59:48.898,1.50021,1.50047,2.63,1.65
2012.12.10 12:59:49.475,1.50021,1.50047,2.63,1.65
2012.12.10 12:59:51.806,1.50021,1.50047,2.63,1.65
2012.12.10 12:59:51.935,1.50021,1.50047,2.63,1.65
2012.12.10 12:59:52.936,1.50021,1.50038,2.48,1.50
2012.12.10 12:59:53.241,1.50017,1.50042,2.10,3.75
2012.12.10 12:59:53.307,1.50017,1.50042,2.10,3.75
2012.12.10 12:59:53.615,1.5002,1.50046,1.35,1.50
2012.12.10 12:59:53.736,1.50023,1.50047,1.13,2.40
2012.12.10 12:59:53.860,1.50023,1.50044,1.13,1.50
2012.12.10 12:59:54.166,1.50021,1.50033,1.50,1.50
2012.12.10 12:59:54.347,1.50015,1.50036,1.88,1.50
2012.12.10 12:59:54.858,1.50012,1.50036,1.73,2.25
2012.12.10 12:59:54.932,1.50008,1.50032,1.35,1.65
2012.12.10 12:59:55.748,1.50006,1.50029,1.50,1.50
2012.12.10 12:59:55.935,1.50011,1.50036,1.13,2.25
2012.12.10 12:59:56.056,1.50013,1.50038,1.13,2.40
2012.12.10 12:59:56.125,1.50013,1.5004,1.73,5.03
2012.12.10 12:59:56.185,1.50013,1.5004,1.73,4.50
2012.12.10 12:59:56.366,1.50014,1.5004,2.48,1.50
2012.12.10 12:59:56.867,1.50012,1.5004,4.73,1.50
2012.12.10 12:59:56.937,1.50012,1.5004,3.98,1.50
2012.12.10 12:59:57.299,1.50016,1.50041,1.73,1.50
2012.12.10 12:59:57.427,1.50016,1.50043,1.73,1.88
2012.12.10 12:59:57.569,1.50016,1.50042,1.73,1.13
2012.12.10 12:59:58.228,1.50016,1.50044,1.73,1.50
2012.12.10 12:59:59.439,1.50015,1.50043,3.23,1.50
2012.12.10 12:59:59.837,1.50016,1.50044,1.73,1.50
2012.12.10 12:59:59.967,1.50016,1.50039,1.73,2.25
