2017.10.27 02:00:01.504,1.31023,1.31048,1.00,1.37
2017.10.27 02:00:02.649,1.31024,1.31048,1.00,1.12
2017.10.27 02:00:03.202,1.31023,1.31048,1.00,1.12
2017.10.27 02:00:03.754,1.31022,1.31048,1.00,1.12
2017.10.27 02:00:04.415,1.31023,1.31048,1.00,1.50
2017.10.27 02:00:05.716,1.31022,1.31048,1.00,1.50
2017.10.27 02:00:06.401,1.31023,1.31048,1.00,1.50
2017.10.27 02:00:09.917,1.31022,1.31048,1.00,1.50
2017.10.27 02:00:10.475,1.31023,1.31048,1.00,1.50
2017.10.27 02:00:11.095,1.31023,1.31048,1.00,1.31
2017.10.27 02:00:11.418,1.31021,1.31048,1.00,2.44
2017.10.27 02:00:11.927,1.3102,1.31048,1.50,2.44
2017.10.27 02:00:13.270,1.31021,1.31048,1.00,3.37
2017.10.27 02:00:13.701,1.3102,1.31046,1.00,1.87
2017.10.27 02:00:14.979,1.31022,1.31047,2.25,1.00
2017.10.27 02:00:20.554,1.31022,1.31048,2.25,1.00
2017.10.27 02:00:20.931,1.31022,1.31048,3.45,1.00
2017.10.27 02:00:21.547,1.31022,1.31048,1.45,1.00
2017.10.27 02:00:21.922,1.31023,1.31048,1.57,1.00
2017.10.27 02:00:22.495,1.31023,1.31051,2.70,2.44
2017.10.27 02:00:23.144,1.31025,1.31051,1.95,1.00
2017.10.27 02:00:23.195,1.31026,1.31054,2.32,1.50
2017.10.27 02:00:23.419,1.31026,1.31054,2.32,1.50
2017.10.27 02:00:26.018,1.31026,1.31054,3.82,1.50
2017.10.27 02:00:26.521,1.31026,1.31054,1.10,4.12
2017.10.27 02:00:27.593,1.31026,1.31054,1.07,4.87
2017.10.27 02:00:27.899,1.31025,1.3105,1.45,1.37
2017.10.27 02:00:28.761,1.31025,1.3105,1.45,1.37
2017.10.27 02:00:29.169,1.31027,1.3105,3.45,1.00
2017.10.27 02:00:30.320,1.31029,1.31055,1.20,1.12
2017.10.27 02:00:30.374,1.31029,1.31055,1.45,1.12
2017.10.27 02:00:32.951,1.31029,1.31055,1.07,1.12
2017.10.27 02:00:38.264,1.31029,1.31055,1.10,1.00
2017.10.27 02:00:38.583,1.31026,1.31052,1.76,1.00
2017.10.27 02:00:38.940,1.31026,1.31052,2.51,1.00
2017.10.27 02:00:39.043,1.31029,1.31055,1.39,1.87
2017.10.27 02:00:39.095,1.31029,1.31055,1.39,2.62
2017.10.27 02:00:39.602,1.31029,1.31055,2.51,1.50
2017.10.27 02:00:41.020,1.31029,1.31055,1.10,1.50
2017.10.27 02:00:41.072,1.31027,1.31052,1.95,1.12
2017.10.27 02:00:41.581,1.31027,1.31052,1.95,1.12
2017.10.27 02:00:43.335,1.31027,1.31052,1.57,2.62
2017.10.27 02:00:45.210,1.31027,1.31052,1.57,2.62
2017.10.27 02:00:46.658,1.31027,1.31052,1.50,1.12
2017.10.27 02:00:47.367,1.31026,1.31052,2.06,1.12
2017.10.27 02:00:50.824,1.31027,1.31052,1.00,1.12
2017.10.27 02:00:51.798,1.31026,1.31052,1.50,1.12
2017.10.27 02:00:52.335,1.31026,1.31051,1.12,1.00
2017.10.27 02:00:55.976,1.31026,1.31052,1.00,3.37
2017.10.27 02:00:58.904,1.31026,1.31051,1.00,1.12
2017.10.27 02:00:59.571,1.31026,1.31052,2.06,1.00
2017.10.27 02:01:01.622,1.31027,1.31052,1.19,1.00
2017.10.27 02:01:04.902,1.31028,1.31052,1.00,1.00
2017.10.27 02:01:05.479,1.31026,1.31052,3.37,1.12
2017.10.27 02:01:05.683,1.31023,1.3105,1.87,1.37
2017.10.27 02:01:05.786,1.31022,1.3105,1.87,1.56
2017.10.27 02:01:05.838,1.31021,1.31046,1.50,1.00
2017.10.27 02:01:06.155,1.31021,1.31046,1.00,2.62
2017.10.27 02:01:06.635,1.31021,1.31046,1.50,1.00
2017.10.27 02:01:07.152,1.31021,1.31046,1.00,1.37
2017.10.27 02:01:13.413,1.31016,1.31042,2.62,1.12
2017.10.27 02:01:13.469,1.31016,1.31042,2.62,1.37
2017.10.27 02:01:13.980,1.31016,1.31042,1.12,1.12
2017.10.27 02:01:17.240,1.31016,1.31041,1.12,1.00
2017.10.27 02:01:25.914,1.31016,1.31041,1.12,1.37
2017.10.27 02:01:26.511,1.31013,1.31039,1.12,2.62
2017.10.27 02:01:26.562,1.31012,1.31039,2.62,2.62
2017.10.27 02:01:26.665,1.31011,1.31038,1.00,2.81
2017.10.27 02:01:26.717,1.31009,1.31034,3.00,1.00
2017.10.27 02:01:27.091,1.31012,1.31034,1.50,1.00
2017.10.27 02:01:27.787,1.31012,1.31035,1.00,1.12
2017.10.27 02:01:28.373,1.31012,1.31034,1.00,1.00
2017.10.27 02:01:28.931,1.31012,1.31035,1.50,1.87
2017.10.27 02:01:29.267,1.31012,1.31034,1.50,1.87
2017.10.27 02:01:34.403,1.31011,1.31036,1.00,3.75
2017.10.27 02:01:34.947,1.31012,1.31035,1.50,1.37
2017.10.27 02:01:37.139,1.31012,1.31033,1.50,1.87
2017.10.27 02:01:37.827,1.31011,1.31033,1.50,1.87
2017.10.27 02:01:37.878,1.31012,1.31033,1.00,1.12
2017.10.27 02:01:38.451,1.31012,1.31034,1.00,1.12
2017.10.27 02:01:40.082,1.31012,1.31035,1.00,2.62
2017.10.27 02:01:40.620,1.31012,1.31032,1.50,1.87
2017.10.27 02:01:40.671,1.31009,1.31032,1.50,1.87
2017.10.27 02:01:40.723,1.31011,1.31032,1.00,1.87
2017.10.27 02:01:41.392,1.31011,1.31033,1.50,4.12
2017.10.27 02:01:41.781,1.31008,1.31031,1.50,3.37
2017.10.27 02:01:43.208,1.31005,1.31031,1.75,2.62
2017.10.27 02:01:48.689,1.31005,1.31031,1.00,2.62
2017.10.27 02:01:54.560,1.31005,1.31031,1.00,1.87
2017.10.27 02:02:03.124,1.31005,1.31031,1.50,1.00
2017.10.27 02:02:04.393,1.31007,1.31031,1.00,1.00
2017.10.27 02:02:06.251,1.31008,1.31031,1.00,1.00
2017.10.27 02:02:07.696,1.31007,1.31031,1.00,1.00
2017.10.27 02:02:08.589,1.31008,1.31031,1.00,1.00
2017.10.27 02:02:12.097,1.31007,1.31031,1.00,1.00
2017.10.27 02:02:16.280,1.31006,1.31031,1.50,1.00
2017.10.27 02:02:18.099,1.31008,1.31031,1.00,1.00
2017.10.27 02:02:18.743,1.31007,1.31031,1.00,1.00
2017.10.27 02:02:18.795,1.31008,1.31034,1.50,1.00
2017.10.27 02:02:23.779,1.31008,1.31034,1.00,4.12
2017.10.27 02:02:23.881,1.31008,1.31034,1.12,1.50
2017.10.27 02:02:23.932,1.31008,1.31032,1.00,1.87
2017.10.27 02:02:26.108,1.31005,1.31031,1.00,1.37
2017.10.27 02:02:26.572,1.31005,1.31031,2.62,1.00
2017.10.27 02:02:27.449,1.31008,1.31034,1.00,1.37
2017.10.27 02:02:28.092,1.31009,1.31034,1.00,1.25
2017.10.27 02:02:33.160,1.3101,1.31034,1.00,1.00
2017.10.27 02:02:33.211,1.31012,1.31034,1.00,1.00
2017.10.27 02:02:37.256,1.31011,1.31034,1.00,1.00
2017.10.27 02:02:38.385,1.31012,1.31034,1.00,1.00
2017.10.27 02:02:38.929,1.31012,1.31038,1.50,1.37
2017.10.27 02:02:39.452,1.31013,1.31038,1.00,1.12
2017.10.27 02:02:41.350,1.31012,1.31038,1.50,1.12
2017.10.27 02:02:41.948,1.31013,1.31038,1.00,1.12
2017.10.27 02:02:44.847,1.31012,1.31038,1.50,1.12
2017.10.27 02:02:45.736,1.31013,1.31038,1.00,1.00
2017.10.27 02:02:46.071,1.31015,1.31038,1.00,1.00
2017.10.27 02:02:46.806,1.31014,1.31038,1.50,1.00
2017.10.27 02:02:47.356,1.31015,1.31038,1.00,1.00
2017.10.27 02:02:48.544,1.31014,1.31038,1.00,1.00
2017.10.27 02:02:49.596,1.31015,1.31038,1.00,1.00
2017.10.27 02:02:50.896,1.31014,1.31038,1.50,1.00
2017.10.27 02:02:52.918,1.31015,1.31038,1.00,1.00
2017.10.27 02:02:53.582,1.31012,1.31038,1.50,2.62
2017.10.27 02:02:54.194,1.31012,1.31038,1.00,1.87
2017.10.27 02:02:58.897,1.31012,1.31038,1.00,1.00
2017.10.27 02:03:01.768,1.31012,1.31038,1.00,1.62
2017.10.27 02:03:01.870,1.31012,1.31036,1.00,1.19
2017.10.27 02:03:02.024,1.31009,1.31033,1.00,2.44
2017.10.27 02:03:02.542,1.31008,1.31032,1.00,1.56
2017.10.27 02:03:04.976,1.31008,1.31032,1.00,2.81
2017.10.27 02:03:05.028,1.31006,1.31031,1.00,1.62
2017.10.27 02:03:07.958,1.31004,1.31031,3.00,1.62
2017.10.27 02:03:13.848,1.31005,1.31031,1.12,1.31
2017.10.27 02:03:18.368,1.31005,1.31031,1.12,1.62
2017.10.27 02:03:19.608,1.31004,1.31031,3.00,1.31
2017.10.27 02:03:19.857,1.31008,1.31031,1.00,1.00
2017.10.27 02:03:19.909,1.31009,1.31033,1.00,1.00
2017.10.27 02:03:20.933,1.31008,1.31033,1.50,1.00
2017.10.27 02:03:21.512,1.31009,1.31033,1.00,1.00
2017.10.27 02:03:24.427,1.31008,1.31033,1.50,1.00
2017.10.27 02:03:26.161,1.31009,1.31033,1.00,1.00
2017.10.27 02:03:26.848,1.31008,1.31033,1.50,1.00
2017.10.27 02:03:28.327,1.31009,1.31033,1.00,1.00
2017.10.27 02:03:29.148,1.31008,1.31034,3.37,1.25
2017.10.27 02:03:29.650,1.31009,1.31034,1.12,1.00
2017.10.27 02:03:30.635,1.31009,1.31034,1.50,1.00
2017.10.27 02:03:31.182,1.31011,1.31034,1.00,1.00
2017.10.27 02:03:31.844,1.3101,1.31035,1.00,1.62
2017.10.27 02:03:31.896,1.31008,1.31035,1.00,2.06
2017.10.27 02:03:32.187,1.31008,1.31035,2.62,1.00
2017.10.27 02:03:39.343,1.31012,1.31037,1.00,1.12
2017.10.27 02:03:39.911,1.31011,1.31037,1.00,1.12
2017.10.27 02:03:40.560,1.31012,1.31037,1.00,1.12
2017.10.27 02:03:48.083,1.31012,1.31034,1.00,1.00
2017.10.27 02:03:51.270,1.31012,1.31037,1.00,1.00
2017.10.27 02:03:51.944,1.31011,1.31036,1.12,1.12
2017.10.27 02:03:53.066,1.31011,1.31035,1.12,1.00
2017.10.27 02:03:55.495,1.31011,1.31036,1.12,1.12
2017.10.27 02:03:56.342,1.31012,1.31036,1.00,1.12
2017.10.27 02:03:56.886,1.31011,1.31036,1.12,1.12
2017.10.27 02:03:57.321,1.31009,1.31034,1.00,1.12
2017.10.27 02:03:57.680,1.31009,1.31036,1.87,1.00
2017.10.27 02:03:58.116,1.31011,1.31036,1.00,1.00
2017.10.27 02:03:58.774,1.3101,1.31036,1.00,1.19
2017.10.27 02:03:59.438,1.31011,1.31036,1.00,1.19
2017.10.27 02:03:59.643,1.31009,1.31034,1.87,1.12
2017.10.27 02:04:04.888,1.3101,1.31037,1.00,1.12
2017.10.27 02:04:04.990,1.31012,1.31037,1.00,1.50
2017.10.27 02:04:06.235,1.31013,1.31037,1.00,1.50
2017.10.27 02:04:07.959,1.31012,1.31037,1.00,1.50
2017.10.27 02:04:08.693,1.31013,1.31037,1.00,1.12
2017.10.27 02:04:09.465,1.31012,1.31037,1.00,1.12
2017.10.27 02:04:10.065,1.31013,1.31037,1.00,1.12
2017.10.27 02:04:10.846,1.31012,1.31037,1.12,1.12
2017.10.27 02:04:12.743,1.31014,1.3104,1.00,1.69
2017.10.27 02:04:13.562,1.31014,1.3104,1.00,1.50
2017.10.27 02:04:19.255,1.31013,1.3104,1.12,2.25
2017.10.27 02:04:19.886,1.31014,1.3104,1.00,3.00
2017.10.27 02:04:20.432,1.31013,1.3104,1.00,1.37
2017.10.27 02:04:21.019,1.31014,1.3104,1.00,1.00
2017.10.27 02:04:22.216,1.31013,1.3104,1.12,1.00
2017.10.27 02:04:23.776,1.31014,1.3104,1.00,1.50
2017.10.27 02:04:24.307,1.31014,1.3104,1.00,1.69
2017.10.27 02:04:24.905,1.31013,1.3104,1.12,1.69
2017.10.27 02:04:25.882,1.31014,1.3104,1.00,1.69
2017.10.27 02:04:26.985,1.31013,1.3104,1.12,1.19
2017.10.27 02:04:27.647,1.31014,1.3104,1.00,1.69
2017.10.27 02:04:27.750,1.31012,1.3104,1.00,3.56
2017.10.27 02:04:27.801,1.31012,1.31039,1.50,2.06
2017.10.27 02:04:27.976,1.3101,1.31036,1.50,1.69
2017.10.27 02:04:30.478,1.3101,1.31034,1.00,1.87
2017.10.27 02:04:34.668,1.3101,1.31036,1.50,1.31
2017.10.27 02:04:35.152,1.31012,1.31036,1.00,1.19
2017.10.27 02:04:35.692,1.31011,1.31036,1.00,1.19
2017.10.27 02:04:36.193,1.31012,1.31036,1.00,1.31
2017.10.27 02:04:36.738,1.31012,1.31036,1.00,1.00
2017.10.27 02:04:36.850,1.31013,1.31039,1.00,1.12
2017.10.27 02:04:44.548,1.31013,1.31039,1.00,2.62
2017.10.27 02:04:44.701,1.31014,1.31039,1.00,1.00
2017.10.27 02:04:47.108,1.31015,1.31039,1.00,1.00
2017.10.27 02:04:47.967,1.31014,1.31039,1.00,1.37
2017.10.27 02:04:48.477,1.31013,1.31039,1.87,1.00
2017.10.27 02:04:50.745,1.31014,1.31039,1.00,1.00
2017.10.27 02:04:51.782,1.31013,1.31039,1.87,1.00
2017.10.27 02:04:52.854,1.31014,1.31039,1.12,1.00
2017.10.27 02:04:54.405,1.31015,1.31039,1.00,1.12
2017.10.27 02:04:54.915,1.31013,1.31039,2.62,1.00
2017.10.27 02:04:56.765,1.31014,1.31039,1.00,1.00
2017.10.27 02:04:58.330,1.31013,1.31039,2.62,1.00
2017.10.27 02:04:58.879,1.31014,1.31039,1.00,1.00
2017.10.27 02:05:00.261,1.31015,1.31039,1.00,1.00
2017.10.27 02:05:00.827,1.31016,1.31041,1.00,1.50
2017.10.27 02:05:05.773,1.31016,1.3104,1.00,2.25
2017.10.27 02:05:09.963,1.31016,1.31039,1.00,2.62
2017.10.27 02:05:10.569,1.31016,1.3104,1.00,2.62
2017.10.27 02:05:17.166,1.31016,1.31041,1.12,1.00
2017.10.27 02:05:17.219,1.31018,1.31041,1.00,1.00
2017.10.27 02:05:17.521,1.31023,1.31045,1.00,1.00
2017.10.27 02:05:19.166,1.31021,1.31045,2.62,1.00
2017.10.27 02:05:20.162,1.31022,1.31049,2.25,1.87
2017.10.27 02:05:20.697,1.31022,1.31049,2.25,2.62
2017.10.27 02:05:21.221,1.31022,1.31049,2.70,1.12
2017.10.27 02:05:21.680,1.31022,1.31049,2.32,1.12
2017.10.27 02:05:22.361,1.31022,1.31049,3.00,3.00
2017.10.27 02:05:24.782,1.31022,1.31049,1.12,1.87
2017.10.27 02:05:27.238,1.31022,1.31049,3.75,2.62
2017.10.27 02:05:28.765,1.31022,1.31049,1.50,4.12
2017.10.27 02:05:34.406,1.31022,1.31049,1.50,1.87
2017.10.27 02:05:35.944,1.31022,1.31049,3.00,1.87
2017.10.27 02:05:39.812,1.31022,1.31049,1.00,3.56
2017.10.27 02:05:40.610,1.31022,1.31048,1.00,2.25
2017.10.27 02:05:41.295,1.31022,1.31048,1.00,1.50
2017.10.27 02:05:47.601,1.31022,1.31048,1.00,2.25
2017.10.27 02:05:48.239,1.3102,1.31045,1.12,1.12
2017.10.27 02:05:49.905,1.31021,1.31045,1.00,1.12
2017.10.27 02:05:50.548,1.3102,1.31045,1.12,1.12
2017.10.27 02:05:51.538,1.31021,1.31045,1.00,1.00
2017.10.27 02:05:52.270,1.3102,1.31045,1.50,1.00
2017.10.27 02:05:53.043,1.31021,1.31045,1.00,1.00
2017.10.27 02:05:54.032,1.31021,1.31045,2.62,1.00
2017.10.27 02:05:54.511,1.31021,1.31045,1.50,1.00
2017.10.27 02:05:56.583,1.31022,1.31045,1.87,1.00
2017.10.27 02:05:59.905,1.31022,1.31045,1.00,1.00
2017.10.27 02:06:00.514,1.31021,1.31045,1.50,1.00
2017.10.27 02:06:00.855,1.31023,1.31045,1.00,1.00
2017.10.27 02:06:02.561,1.31023,1.31049,1.12,1.00
2017.10.27 02:06:02.715,1.31023,1.31048,1.00,1.37
2017.10.27 02:06:09.573,1.31023,1.31048,1.00,2.25
2017.10.27 02:06:11.783,1.3102,1.31046,1.12,1.87
2017.10.27 02:06:12.939,1.3102,1.31046,1.00,1.37
2017.10.27 02:06:18.070,1.3102,1.31045,1.00,2.62
2017.10.27 02:06:18.225,1.31016,1.31043,1.87,1.87
2017.10.27 02:06:18.633,1.31016,1.31043,1.00,3.37
2017.10.27 02:06:18.941,1.31021,1.31043,1.00,1.00
2017.10.27 02:06:22.550,1.31018,1.31043,1.12,1.00
2017.10.27 02:06:29.610,1.31017,1.31043,1.57,1.00
2017.10.27 02:06:30.246,1.31017,1.31043,1.50,1.00
2017.10.27 02:06:32.776,1.31017,1.31043,1.12,1.00
2017.10.27 02:06:34.181,1.31018,1.31043,1.00,1.00
2017.10.27 02:06:38.455,1.31017,1.31043,1.69,1.00
2017.10.27 02:06:39.202,1.31018,1.31043,1.00,1.00
2017.10.27 02:06:41.786,1.31018,1.31043,1.07,1.00
2017.10.27 02:06:44.873,1.31018,1.31043,1.10,1.00
2017.10.27 02:06:44.924,1.3102,1.31043,1.00,1.00
2017.10.27 02:06:45.077,1.31017,1.31043,1.00,1.00
2017.10.27 02:06:45.674,1.31021,1.31043,1.00,1.00
2017.10.27 02:06:49.678,1.31016,1.31043,5.81,1.00
2017.10.27 02:06:52.883,1.31021,1.31043,1.00,1.00
2017.10.27 02:06:53.002,1.31017,1.31043,1.37,1.00
2017.10.27 02:06:53.093,1.31021,1.31043,1.00,1.00
2017.10.27 02:06:56.726,1.31017,1.31043,1.87,1.00
2017.10.27 02:06:56.777,1.31017,1.31045,1.87,1.12
2017.10.27 02:06:58.651,1.31016,1.31046,3.56,1.37
2017.10.27 02:06:59.155,1.31016,1.31044,3.00,1.00
2017.10.27 02:07:01.735,1.31016,1.31044,5.44,1.00
2017.10.27 02:07:03.700,1.31016,1.31044,3.56,2.62
2017.10.27 02:07:03.751,1.31018,1.31045,1.00,1.87
2017.10.27 02:07:04.260,1.31017,1.31044,1.37,1.00
2017.10.27 02:07:07.073,1.31017,1.31044,2.62,1.00
2017.10.27 02:07:07.124,1.3102,1.31047,1.00,1.00
2017.10.27 02:07:07.176,1.3102,1.31047,2.62,2.25
2017.10.27 02:07:09.896,1.3102,1.31047,3.75,1.00
2017.10.27 02:07:10.657,1.31021,1.31047,1.45,1.00
2017.10.27 02:07:12.335,1.31021,1.31047,1.45,1.00
2017.10.27 02:07:15.408,1.31021,1.31047,1.10,1.12
2017.10.27 02:07:15.836,1.3102,1.31047,1.57,1.12
2017.10.27 02:07:17.616,1.3102,1.31047,1.12,1.12
2017.10.27 02:07:19.877,1.31019,1.31048,2.25,3.37
2017.10.27 02:07:25.307,1.31021,1.31046,1.00,1.12
2017.10.27 02:07:28.445,1.31021,1.31045,1.87,1.00
2017.10.27 02:07:29.685,1.31021,1.31047,1.12,1.37
2017.10.27 02:07:30.471,1.31021,1.31046,1.57,1.12
2017.10.27 02:07:31.046,1.3102,1.31046,2.32,1.00
2017.10.27 02:07:31.741,1.3102,1.31046,2.32,1.00
2017.10.27 02:07:32.685,1.31021,1.31046,1.57,1.00
2017.10.27 02:07:35.821,1.31021,1.31046,1.57,1.00
2017.10.27 02:07:36.508,1.31021,1.31047,1.57,1.00
2017.10.27 02:07:37.466,1.31021,1.31046,2.32,1.00
2017.10.27 02:07:37.517,1.31021,1.31048,2.32,1.12
2017.10.27 02:07:37.721,1.31022,1.31048,1.10,1.12
2017.10.27 02:07:38.270,1.31021,1.31047,1.95,1.12
2017.10.27 02:07:38.321,1.31019,1.31047,1.57,1.50
2017.10.27 02:07:38.919,1.31019,1.31047,1.57,1.50
2017.10.27 02:07:41.910,1.31018,1.31045,3.07,1.00
2017.10.27 02:07:45.233,1.31019,1.31044,1.45,1.00
2017.10.27 02:07:47.499,1.31019,1.31044,1.45,1.00
2017.10.27 02:07:52.243,1.31018,1.31044,3.07,1.00
2017.10.27 02:07:54.267,1.31018,1.31044,2.32,1.00
2017.10.27 02:07:57.590,1.31018,1.31044,2.32,1.00
2017.10.27 02:07:57.896,1.31018,1.31044,2.32,1.50
2017.10.27 02:08:00.778,1.31018,1.31044,1.95,1.00
2017.10.27 02:08:01.439,1.31021,1.31044,1.00,1.00
2017.10.27 02:08:01.541,1.31018,1.31044,1.87,1.00
2017.10.27 02:08:01.593,1.31017,1.31041,1.50,1.12
2017.10.27 02:08:01.699,1.31016,1.31041,1.00,1.12
2017.10.27 02:08:03.099,1.31021,1.31041,1.00,1.00
2017.10.27 02:08:03.152,1.31021,1.31044,1.00,1.12
2017.10.27 02:08:03.674,1.31022,1.31045,1.00,1.00
2017.10.27 02:08:04.190,1.31021,1.31045,2.06,1.00
2017.10.27 02:08:05.187,1.31022,1.31045,1.00,1.00
2017.10.27 02:08:05.699,1.31021,1.31045,1.87,1.00
2017.10.27 02:08:06.898,1.31022,1.31045,1.00,1.00
2017.10.27 02:08:08.169,1.31021,1.31045,2.62,1.00
2017.10.27 02:08:10.944,1.31022,1.31048,1.00,1.50
2017.10.27 02:08:11.460,1.31022,1.31048,1.12,2.25
2017.10.27 02:08:13.677,1.31022,1.31047,1.12,1.00
2017.10.27 02:08:13.779,1.31022,1.31047,1.00,2.62
2017.10.27 02:08:13.831,1.3102,1.31046,1.00,1.37
2017.10.27 02:08:14.334,1.31019,1.31045,1.12,1.12
2017.10.27 02:08:15.038,1.31019,1.31045,1.20,1.12
2017.10.27 02:08:15.140,1.31019,1.31045,2.32,1.12
2017.10.27 02:08:15.886,1.31019,1.31046,1.57,1.87
2017.10.27 02:08:16.835,1.31019,1.31046,1.57,1.87
2017.10.27 02:08:18.626,1.3102,1.31043,1.45,1.12
2017.10.27 02:08:18.870,1.31008,1.3103,1.10,1.00
2017.10.27 02:08:18.973,1.31006,1.3103,1.00,1.37
2017.10.27 02:08:19.025,1.31004,1.3103,1.20,1.37
2017.10.27 02:08:19.578,1.31004,1.3103,1.57,1.00
2017.10.27 02:08:20.127,1.31005,1.3103,1.10,1.00
2017.10.27 02:08:25.635,1.31004,1.3103,1.82,1.00
2017.10.27 02:08:29.640,1.31004,1.3103,1.45,1.00
2017.10.27 02:08:30.681,1.31006,1.3103,1.00,1.00
2017.10.27 02:08:32.318,1.31004,1.3103,1.45,1.00
2017.10.27 02:08:32.833,1.31004,1.3103,1.95,1.12
2017.10.27 02:08:33.336,1.31004,1.3103,1.10,1.87
2017.10.27 02:08:35.126,1.31005,1.31029,1.00,1.12
2017.10.27 02:08:36.456,1.31005,1.31029,1.00,1.87
2017.10.27 02:08:38.057,1.31004,1.31029,1.00,1.87
2017.10.27 02:08:38.646,1.31004,1.31028,1.00,1.87
2017.10.27 02:08:42.515,1.31004,1.31029,1.50,1.12
2017.10.27 02:08:43.331,1.31005,1.3103,1.00,1.37
2017.10.27 02:08:43.383,1.31004,1.31027,1.50,1.87
2017.10.27 02:08:43.538,1.31002,1.31027,1.00,3.00
2017.10.27 02:08:44.042,1.31003,1.31026,1.00,2.25
2017.10.27 02:08:44.337,1.31001,1.31024,1.00,1.87
2017.10.27 02:08:45.093,1.31001,1.31025,1.00,2.62
2017.10.27 02:08:45.898,1.31001,1.31026,1.00,1.87
2017.10.27 02:08:47.003,1.31001,1.31025,1.00,1.87
2017.10.27 02:08:47.260,1.30999,1.31023,1.00,1.00
2017.10.27 02:08:48.609,1.30999,1.31024,1.00,3.75
2017.10.27 02:08:49.117,1.30998,1.31024,1.00,3.75
2017.10.27 02:08:50.241,1.30999,1.31023,1.00,1.00
2017.10.27 02:08:52.472,1.31001,1.31023,1.00,1.00
2017.10.27 02:08:56.869,1.30998,1.31022,1.50,2.62
2017.10.27 02:08:56.921,1.31001,1.31024,1.00,1.00
2017.10.27 02:08:57.024,1.31005,1.31024,1.00,1.00
2017.10.27 02:08:57.646,1.31004,1.31024,1.20,1.00
2017.10.27 02:08:58.909,1.31004,1.31024,1.20,1.00
2017.10.27 02:09:01.323,1.31005,1.31029,1.00,2.62
2017.10.27 02:09:05.540,1.31004,1.31028,1.00,1.37
2017.10.27 02:09:06.152,1.31003,1.31029,1.00,3.37
2017.10.27 02:09:06.685,1.31004,1.31028,1.00,1.37
2017.10.27 02:09:06.787,1.31002,1.31028,1.00,1.37
2017.10.27 02:09:07.703,1.31003,1.31029,1.00,1.87
2017.10.27 02:09:08.221,1.31002,1.31029,1.00,1.12
2017.10.27 02:09:08.984,1.31005,1.31029,1.00,1.87
2017.10.27 02:09:09.190,1.31002,1.31029,1.26,1.12
2017.10.27 02:09:09.693,1.31005,1.31029,1.00,1.12
2017.10.27 02:09:10.032,1.31002,1.31029,1.26,1.12
2017.10.27 02:09:10.595,1.31005,1.31029,1.00,1.87
2017.10.27 02:09:12.101,1.31006,1.31029,1.19,1.00
2017.10.27 02:09:12.255,1.31006,1.31032,1.50,1.00
2017.10.27 02:09:13.058,1.31007,1.31032,1.01,1.87
2017.10.27 02:09:13.608,1.31007,1.31032,1.32,1.87
2017.10.27 02:09:14.109,1.31007,1.31032,1.20,1.87
2017.10.27 02:09:15.860,1.31007,1.31032,1.76,1.00
2017.10.27 02:09:16.013,1.31011,1.31036,1.19,1.87
2017.10.27 02:09:17.192,1.31012,1.31036,1.00,1.37
2017.10.27 02:09:17.391,1.31011,1.31035,1.95,1.87
2017.10.27 02:09:17.443,1.31011,1.31034,1.00,1.87
2017.10.27 02:09:17.871,1.31009,1.31034,1.10,2.62
2017.10.27 02:09:18.832,1.3101,1.31033,1.00,1.37
2017.10.27 02:09:25.193,1.31009,1.31034,2.14,2.62
2017.10.27 02:09:25.245,1.3101,1.31036,1.39,1.37
2017.10.27 02:09:25.859,1.31011,1.31036,1.45,1.12
2017.10.27 02:09:27.652,1.31011,1.31036,1.00,1.00
2017.10.27 02:09:28.202,1.3101,1.31036,1.20,1.37
2017.10.27 02:09:29.519,1.31009,1.31036,1.57,2.25
2017.10.27 02:09:30.057,1.31009,1.31036,1.20,3.75
2017.10.27 02:09:30.364,1.31008,1.31034,1.10,2.25
2017.10.27 02:09:30.901,1.31008,1.31034,1.95,3.00
2017.10.27 02:09:31.466,1.31008,1.31034,1.45,2.25
2017.10.27 02:09:33.836,1.3101,1.31036,1.00,1.50
2017.10.27 02:09:33.938,1.31011,1.31036,1.45,1.37
2017.10.27 02:09:34.609,1.31011,1.31036,1.45,1.12
2017.10.27 02:09:35.169,1.31013,1.31036,1.00,1.12
2017.10.27 02:09:36.106,1.31012,1.31036,1.00,1.12
2017.10.27 02:09:36.708,1.31012,1.31038,1.95,1.37
2017.10.27 02:09:38.353,1.31012,1.31038,1.20,1.37
2017.10.27 02:09:38.884,1.31013,1.31038,1.00,1.12
2017.10.27 02:09:42.110,1.31013,1.31038,1.00,1.37
2017.10.27 02:09:43.647,1.31012,1.31038,1.95,1.37
2017.10.27 02:09:44.337,1.31013,1.31038,1.31,1.12
2017.10.27 02:09:44.642,1.31013,1.31038,2.51,1.12
2017.10.27 02:09:44.965,1.31013,1.31038,1.57,2.62
2017.10.27 02:09:45.497,1.31014,1.31038,1.00,2.62
2017.10.27 02:09:46.323,1.31013,1.31038,1.57,2.62
2017.10.27 02:09:50.016,1.31014,1.31038,1.00,2.62
2017.10.27 02:09:50.550,1.31013,1.31038,1.10,2.62
2017.10.27 02:09:50.996,1.31013,1.31035,1.00,1.87
2017.10.27 02:09:51.507,1.31012,1.31035,1.57,1.87
2017.10.27 02:09:52.278,1.31012,1.31035,1.57,1.87
2017.10.27 02:09:54.136,1.31012,1.31035,1.50,1.87
2017.10.27 02:09:54.982,1.31012,1.31035,1.95,1.87
2017.10.27 02:09:55.369,1.31012,1.31038,2.32,3.00
2017.10.27 02:09:56.071,1.31013,1.31038,1.20,3.75
2017.10.27 02:09:56.626,1.31012,1.31038,1.87,3.75
2017.10.27 02:09:56.831,1.31014,1.31038,1.00,4.50
2017.10.27 02:09:57.357,1.31013,1.31038,1.12,3.00
2017.10.27 02:09:58.302,1.31014,1.31038,1.00,4.50
2017.10.27 02:10:00.988,1.31013,1.31038,1.12,3.00
2017.10.27 02:10:01.979,1.31014,1.31038,1.00,4.50
2017.10.27 02:10:02.531,1.31013,1.31038,1.20,3.00
2017.10.27 02:10:03.168,1.31014,1.31038,1.00,4.50
2017.10.27 02:10:03.679,1.31013,1.31038,1.20,1.50
2017.10.27 02:10:04.230,1.31014,1.31038,1.00,3.00
2017.10.27 02:10:04.844,1.31013,1.31038,1.31,1.00
2017.10.27 02:10:05.469,1.31013,1.31038,1.76,1.00
2017.10.27 02:10:05.796,1.31016,1.31038,1.00,1.00
2017.10.27 02:10:05.944,1.31016,1.31042,1.00,2.25
2017.10.27 02:10:07.743,1.31015,1.31042,1.00,1.50
2017.10.27 02:10:08.497,1.31016,1.31042,1.00,1.50
2017.10.27 02:10:09.020,1.31015,1.31042,1.00,1.50
2017.10.27 02:10:09.072,1.31014,1.31039,1.95,1.87
2017.10.27 02:10:09.755,1.31014,1.31039,1.10,1.87
2017.10.27 02:10:11.449,1.31016,1.31039,1.00,1.87
2017.10.27 02:10:12.381,1.31016,1.3104,1.00,1.87
2017.10.27 02:10:14.261,1.31014,1.3104,1.50,1.87
2017.10.27 02:10:14.738,1.31014,1.31042,1.37,1.50
2017.10.27 02:10:15.299,1.31016,1.31042,1.00,2.25
2017.10.27 02:10:21.521,1.31015,1.31042,1.12,1.50
2017.10.27 02:10:22.160,1.31016,1.31042,1.00,1.12
2017.10.27 02:10:23.149,1.31015,1.31042,1.00,1.12
2017.10.27 02:10:23.303,1.31018,1.31042,1.00,1.00
2017.10.27 02:10:25.630,1.31019,1.31042,1.00,1.12
2017.10.27 02:10:26.317,1.31018,1.31042,1.00,1.12
2017.10.27 02:10:26.835,1.31019,1.31042,1.00,1.12
2017.10.27 02:10:28.385,1.31018,1.31045,1.12,4.12
2017.10.27 02:10:30.070,1.3102,1.31044,1.00,2.62
2017.10.27 02:10:30.969,1.31019,1.31044,1.00,1.87
2017.10.27 02:10:33.408,1.3102,1.31044,1.00,2.62
2017.10.27 02:10:33.975,1.31019,1.31045,1.12,2.62
2017.10.27 02:10:35.721,1.31018,1.31045,1.76,2.62
2017.10.27 02:10:36.319,1.31019,1.31044,1.20,1.00
2017.10.27 02:10:38.647,1.31018,1.31045,1.76,2.62
2017.10.27 02:10:39.366,1.31022,1.31044,1.00,1.00
2017.10.27 02:10:40.481,1.31022,1.31045,1.00,1.00
2017.10.27 02:10:40.690,1.31021,1.31047,1.87,1.50
2017.10.27 02:10:41.099,1.31021,1.31045,1.00,1.87
2017.10.27 02:10:41.151,1.31017,1.31043,1.20,1.12
2017.10.27 02:10:41.682,1.31017,1.31043,1.00,1.87
2017.10.27 02:10:53.352,1.31017,1.31041,1.00,1.12
2017.10.27 02:10:53.933,1.31017,1.31041,1.00,1.87
2017.10.27 02:10:54.395,1.31017,1.31039,1.00,1.87
2017.10.27 02:10:56.929,1.31014,1.31039,1.00,2.62
2017.10.27 02:10:57.185,1.31016,1.31039,1.20,1.12
2017.10.27 02:10:57.745,1.31015,1.31039,1.95,1.12
2017.10.27 02:10:59.271,1.31017,1.31042,1.20,2.62
2017.10.27 02:11:01.339,1.31017,1.31042,1.45,2.62
2017.10.27 02:11:02.419,1.31016,1.31042,1.95,2.62
2017.10.27 02:11:05.694,1.31016,1.31039,1.45,1.87
2017.10.27 02:11:05.746,1.31018,1.31041,1.07,1.87
2017.10.27 02:11:05.849,1.31017,1.31041,1.00,1.87
2017.10.27 02:11:06.045,1.31018,1.31042,1.12,1.00
2017.10.27 02:11:06.096,1.3102,1.31042,1.00,1.00
2017.10.27 02:11:06.446,1.31017,1.31041,1.00,2.62
2017.10.27 02:11:07.085,1.31017,1.3104,1.00,1.87
2017.10.27 02:11:07.608,1.31017,1.31041,1.00,2.62
2017.10.27 02:11:07.712,1.31017,1.31042,1.12,1.12
2017.10.27 02:11:09.266,1.31018,1.31042,1.00,1.37
2017.10.27 02:11:09.574,1.3102,1.31042,1.00,1.00
2017.10.27 02:11:09.742,1.31023,1.31046,1.00,1.12
2017.10.27 02:11:10.279,1.31024,1.31046,1.00,1.12
2017.10.27 02:11:10.402,1.31022,1.31046,1.00,1.12
2017.10.27 02:11:21.296,1.31023,1.31046,1.00,1.00
2017.10.27 02:11:22.361,1.31023,1.31046,1.57,1.00
2017.10.27 02:11:28.735,1.31024,1.31046,1.20,1.00
2017.10.27 02:11:37.417,1.31023,1.31046,1.45,1.00
2017.10.27 02:11:37.570,1.31022,1.31046,1.00,1.12
2017.10.27 02:11:40.658,1.31022,1.31045,1.00,1.87
2017.10.27 02:11:47.854,1.31023,1.31046,1.00,2.62
2017.10.27 02:11:49.285,1.31022,1.31046,1.00,2.62
2017.10.27 02:11:49.749,1.31022,1.31046,1.00,1.12
2017.10.27 02:11:51.869,1.31023,1.31046,1.00,1.00
2017.10.27 02:11:55.764,1.31022,1.31046,1.20,1.00
2017.10.27 02:11:56.069,1.31023,1.31049,1.95,1.50
2017.10.27 02:11:56.375,1.31023,1.31048,1.00,1.87
2017.10.27 02:12:00.086,1.31023,1.31046,1.00,1.87
2017.10.27 02:12:00.266,1.31021,1.31046,1.50,1.87
2017.10.27 02:12:02.768,1.31021,1.31047,1.37,2.62
2017.10.27 02:12:02.870,1.31024,1.31047,1.00,2.62
2017.10.27 02:12:03.196,1.31022,1.31047,1.10,1.37
2017.10.27 02:12:04.536,1.31022,1.31047,1.00,2.62
2017.10.27 02:12:08.541,1.31021,1.31047,1.10,1.56
2017.10.27 02:12:08.768,1.31023,1.31047,1.00,1.50
2017.10.27 02:12:09.278,1.31024,1.31047,1.00,1.00
2017.10.27 02:12:09.784,1.31023,1.31049,1.50,1.37
2017.10.27 02:12:10.454,1.31024,1.31049,1.00,1.37
2017.10.27 02:12:10.778,1.31023,1.31048,2.70,1.87
2017.10.27 02:12:11.328,1.31024,1.31048,1.00,1.87
2017.10.27 02:12:12.609,1.31023,1.31048,2.70,1.87
2017.10.27 02:12:14.602,1.31025,1.31048,1.00,1.87
2017.10.27 02:12:15.118,1.31024,1.31048,1.00,1.87
2017.10.27 02:12:15.643,1.31025,1.31048,1.00,1.87
2017.10.27 02:12:17.034,1.31024,1.31048,1.20,1.87
2017.10.27 02:12:18.676,1.31025,1.31048,1.00,1.87
2017.10.27 02:12:18.729,1.31026,1.31052,1.00,1.37
2017.10.27 02:12:18.891,1.31028,1.31053,1.20,1.12
2017.10.27 02:12:19.647,1.31028,1.31053,1.95,1.12
2017.10.27 02:12:21.230,1.31028,1.31053,1.57,1.12
2017.10.27 02:12:21.537,1.31026,1.31052,1.95,2.06
2017.10.27 02:12:21.844,1.31026,1.3105,1.00,1.87
2017.10.27 02:12:22.347,1.31025,1.3105,1.50,1.87
2017.10.27 02:12:22.880,1.31026,1.31049,1.00,1.87
2017.10.27 02:12:23.776,1.31025,1.31049,1.50,1.87
2017.10.27 02:12:24.576,1.31026,1.31049,1.00,1.87
2017.10.27 02:12:25.865,1.31025,1.31049,1.50,1.87
2017.10.27 02:12:26.962,1.31026,1.31051,1.00,1.12
2017.10.27 02:12:27.818,1.31025,1.31053,1.95,2.62
2017.10.27 02:12:28.233,1.31025,1.3105,1.50,1.87
2017.10.27 02:12:28.792,1.31025,1.31049,1.50,1.87
2017.10.27 02:12:29.894,1.31025,1.3105,1.50,1.87
2017.10.27 02:12:30.409,1.31026,1.31053,1.00,4.87
2017.10.27 02:12:30.938,1.31025,1.31052,1.50,1.56
2017.10.27 02:12:34.388,1.31025,1.31051,1.50,1.37
2017.10.27 02:12:35.595,1.31025,1.3105,1.00,2.81
2017.10.27 02:12:35.887,1.31023,1.31049,1.50,1.69
2017.10.27 02:12:36.041,1.31024,1.31049,1.00,1.12
2017.10.27 02:12:36.143,1.31026,1.31049,1.00,1.12
2017.10.27 02:12:36.660,1.31026,1.31049,1.00,1.50
2017.10.27 02:12:37.433,1.31026,1.31049,1.00,1.12
2017.10.27 02:12:37.740,1.31021,1.31044,1.00,2.62
2017.10.27 02:12:37.792,1.31021,1.31044,1.00,1.00
2017.10.27 02:12:37.896,1.3102,1.31044,1.00,1.87
2017.10.27 02:12:38.052,1.31018,1.31043,1.50,1.00
2017.10.27 02:12:39.522,1.31018,1.31045,3.37,2.25
2017.10.27 02:12:39.574,1.31018,1.31045,2.62,1.50
2017.10.27 02:12:39.929,1.31018,1.31044,1.50,1.37
2017.10.27 02:12:40.286,1.31016,1.31042,1.00,2.62
2017.10.27 02:12:40.927,1.31016,1.31039,1.50,1.00
2017.10.27 02:12:41.184,1.31014,1.31039,1.00,1.87
2017.10.27 02:12:41.312,1.31016,1.31039,1.00,1.50
2017.10.27 02:12:42.356,1.31015,1.31039,1.00,1.50
2017.10.27 02:12:42.682,1.31016,1.31042,1.87,1.31
2017.10.27 02:12:42.836,1.31016,1.31042,3.07,1.12
2017.10.27 02:12:43.160,1.3102,1.31044,1.00,2.81
2017.10.27 02:12:43.606,1.3102,1.31042,1.00,1.19
2017.10.27 02:12:44.108,1.31019,1.31042,1.50,1.87
2017.10.27 02:12:44.850,1.3102,1.31042,1.00,1.87
2017.10.27 02:12:45.170,1.31016,1.31042,1.95,2.62
2017.10.27 02:12:48.014,1.31016,1.31042,1.10,2.81
2017.10.27 02:12:48.523,1.31016,1.31041,1.50,2.06
2017.10.27 02:12:57.846,1.31016,1.31039,1.00,1.87
2017.10.27 02:12:58.151,1.31016,1.31039,1.00,1.12
2017.10.27 02:12:58.408,1.31017,1.31042,1.50,1.00
2017.10.27 02:12:58.462,1.31017,1.31042,2.32,1.00
2017.10.27 02:12:58.974,1.31017,1.31042,4.57,1.00
2017.10.27 02:13:00.117,1.31021,1.31042,1.00,1.00
2017.10.27 02:13:00.169,1.31019,1.31042,1.00,1.00
2017.10.27 02:13:00.729,1.31021,1.31042,1.00,1.00
2017.10.27 02:13:01.451,1.31018,1.31042,1.00,1.00
2017.10.27 02:13:01.991,1.31019,1.31042,1.00,1.00
2017.10.27 02:13:02.935,1.31021,1.31042,1.00,1.00
2017.10.27 02:13:03.380,1.31022,1.31046,1.00,1.00
2017.10.27 02:13:03.533,1.31025,1.31049,1.00,1.19
2017.10.27 02:13:03.686,1.31024,1.3105,1.00,1.69
2017.10.27 02:13:05.648,1.31024,1.31049,1.57,1.00
2017.10.27 02:13:10.208,1.31024,1.3105,1.10,1.69
2017.10.27 02:13:11.208,1.31024,1.31049,1.57,1.00
2017.10.27 02:13:11.533,1.31024,1.31049,1.57,1.00
2017.10.27 02:13:13.961,1.31024,1.3105,1.20,1.69
2017.10.27 02:13:15.680,1.31024,1.3105,1.07,1.69
2017.10.27 02:13:16.802,1.31024,1.31049,1.57,1.00
2017.10.27 02:13:17.427,1.31024,1.3105,1.07,1.69
2017.10.27 02:13:18.118,1.31024,1.3105,1.95,1.69
2017.10.27 02:13:18.779,1.31024,1.31049,2.70,1.00
2017.10.27 02:13:20.978,1.31024,1.31049,2.70,1.19
2017.10.27 02:13:21.082,1.31024,1.31049,1.57,1.56
2017.10.27 02:13:21.288,1.31024,1.31047,1.00,1.69
2017.10.27 02:13:21.390,1.31024,1.31048,1.00,1.87
2017.10.27 02:13:26.116,1.31024,1.31048,1.00,2.81
2017.10.27 02:13:26.619,1.31024,1.31048,1.00,2.81
2017.10.27 02:13:27.156,1.31024,1.31047,1.00,1.37
2017.10.27 02:13:27.329,1.31024,1.31049,1.00,1.87
2017.10.27 02:13:27.380,1.31025,1.3105,1.00,1.87
2017.10.27 02:13:27.894,1.31024,1.3105,1.50,2.25
2017.10.27 02:13:29.460,1.31025,1.3105,1.00,2.44
2017.10.27 02:13:29.667,1.31024,1.3105,1.00,3.19
2017.10.27 02:13:30.435,1.31024,1.31048,1.00,2.44
2017.10.27 02:13:30.741,1.31024,1.31045,1.00,1.19
2017.10.27 02:13:31.178,1.3102,1.31046,1.00,5.06
2017.10.27 02:13:31.954,1.31019,1.31044,1.50,1.62
2017.10.27 02:13:33.760,1.3102,1.31044,1.00,1.62
2017.10.27 02:13:34.910,1.31019,1.31044,1.50,1.62
2017.10.27 02:13:36.159,1.3102,1.31043,1.00,1.00
2017.10.27 02:13:37.351,1.3102,1.31043,1.00,1.19
2017.10.27 02:13:37.934,1.31019,1.31043,1.50,1.19
2017.10.27 02:13:38.120,1.31017,1.31043,1.00,1.69
2017.10.27 02:13:38.808,1.31015,1.31041,1.50,1.00
2017.10.27 02:13:38.961,1.31015,1.31041,1.00,1.31
2017.10.27 02:13:40.395,1.31015,1.31042,2.25,2.81
2017.10.27 02:13:41.364,1.31016,1.31043,1.50,1.69
2017.10.27 02:13:41.911,1.31017,1.31043,1.87,1.19
2017.10.27 02:13:44.720,1.31016,1.31043,1.50,1.25
2017.10.27 02:13:44.793,1.31016,1.31043,1.50,1.31
2017.10.27 02:13:45.084,1.31016,1.31042,1.50,1.25
2017.10.27 02:13:45.237,1.31015,1.31042,1.50,1.69
2017.10.27 02:13:45.288,1.31016,1.31042,1.00,2.06
2017.10.27 02:13:45.799,1.31015,1.31042,2.25,2.62
2017.10.27 02:13:46.391,1.31016,1.31042,1.00,1.00
2017.10.27 02:13:47.122,1.31015,1.31042,2.25,1.50
2017.10.27 02:13:49.703,1.31015,1.31042,1.50,1.19
2017.10.27 02:13:52.972,1.31015,1.3104,1.50,1.87
2017.10.27 02:13:56.009,1.31015,1.3104,1.00,1.56
2017.10.27 02:13:56.625,1.31015,1.3104,1.50,1.37
2017.10.27 02:13:57.313,1.31016,1.31042,1.00,2.44
2017.10.27 02:13:57.830,1.31015,1.31042,1.57,2.44
2017.10.27 02:14:00.252,1.31015,1.31042,1.07,1.69
2017.10.27 02:14:00.873,1.31015,1.31041,1.50,2.06
2017.10.27 02:14:01.570,1.31015,1.3104,1.50,1.62
2017.10.27 02:14:04.812,1.31016,1.3104,1.00,1.37
2017.10.27 02:14:05.435,1.31015,1.3104,1.57,1.37
2017.10.27 02:14:06.121,1.31017,1.31042,1.50,2.25
2017.10.27 02:14:07.149,1.31016,1.31042,2.32,1.50
2017.10.27 02:14:09.378,1.31017,1.31043,1.00,2.81
2017.10.27 02:14:09.985,1.31019,1.31043,1.50,2.06
2017.10.27 02:14:10.361,1.31021,1.31043,1.00,1.87
2017.10.27 02:14:10.910,1.3102,1.31043,1.00,1.00
2017.10.27 02:14:11.823,1.31021,1.31043,1.00,1.00
2017.10.27 02:14:16.894,1.31022,1.31046,1.50,3.00
2017.10.27 02:14:16.946,1.31024,1.31046,1.00,1.50
2017.10.27 02:14:17.099,1.31027,1.31049,1.00,1.12
2017.10.27 02:14:17.523,1.31025,1.31049,1.00,1.87
2017.10.27 02:14:17.615,1.31025,1.31047,1.00,1.00
2017.10.27 02:14:17.719,1.31026,1.31049,1.00,1.87
2017.10.27 02:14:17.924,1.31025,1.31048,1.00,1.37
2017.10.27 02:14:18.610,1.31024,1.31048,1.00,1.87
2017.10.27 02:14:19.137,1.31025,1.31048,1.00,1.37
2017.10.27 02:14:19.449,1.31023,1.31046,1.00,1.87
2017.10.27 02:14:20.304,1.31024,1.31046,1.00,1.12
2017.10.27 02:14:20.831,1.31023,1.31046,1.00,1.12
2017.10.27 02:14:22.003,1.31024,1.31046,1.00,1.12
2017.10.27 02:14:22.558,1.31024,1.31045,1.00,1.37
2017.10.27 02:14:22.610,1.31022,1.31045,1.00,1.37
2017.10.27 02:14:23.139,1.31024,1.31045,1.00,1.37
2017.10.27 02:14:23.706,1.31023,1.31044,1.00,1.12
2017.10.27 02:14:24.778,1.31024,1.31044,1.00,1.12
2017.10.27 02:14:24.890,1.31022,1.31044,1.00,1.12
2017.10.27 02:14:25.928,1.31024,1.31044,1.00,1.12
2017.10.27 02:14:26.463,1.31023,1.31045,1.00,1.37
2017.10.27 02:14:26.980,1.31024,1.31045,1.00,1.37
2017.10.27 02:14:29.450,1.31023,1.31045,1.00,1.37
2017.10.27 02:14:33.787,1.31029,1.31047,1.00,1.50
2017.10.27 02:14:33.839,1.3103,1.31049,1.00,1.00
2017.10.27 02:14:33.942,1.3103,1.31052,1.00,1.00
2017.10.27 02:14:34.221,1.31032,1.31051,1.00,1.00
2017.10.27 02:14:36.212,1.31032,1.31057,1.50,3.19
2017.10.27 02:14:36.811,1.31031,1.31057,1.50,2.44
2017.10.27 02:14:37.665,1.31032,1.31057,1.50,3.00
2017.10.27 02:14:38.620,1.31033,1.31057,1.00,2.25
2017.10.27 02:14:39.978,1.31034,1.31057,1.00,3.00
2017.10.27 02:14:41.223,1.31037,1.31057,1.00,1.25
2017.10.27 02:14:41.741,1.31036,1.31058,1.10,1.19
2017.10.27 02:14:43.382,1.31035,1.31056,1.00,1.25
2017.10.27 02:14:44.326,1.31033,1.31056,1.10,1.31
2017.10.27 02:14:45.611,1.31033,1.31056,1.10,2.44
2017.10.27 02:14:49.283,1.31032,1.31054,1.10,1.31
2017.10.27 02:14:49.834,1.3103,1.31054,2.32,2.06
2017.10.27 02:14:50.239,1.3103,1.31053,2.32,3.19
2017.10.27 02:14:51.389,1.3103,1.31053,1.57,1.31
2017.10.27 02:14:51.545,1.31033,1.31055,1.00,1.50
2017.10.27 02:14:52.450,1.31032,1.31055,1.10,1.00
2017.10.27 02:14:52.841,1.31032,1.31055,1.20,1.00
2017.10.27 02:14:53.373,1.31033,1.31056,1.07,1.50
2017.10.27 02:14:53.609,1.31033,1.31056,1.10,1.50
2017.10.27 02:14:53.711,1.31034,1.31055,1.07,1.00
2017.10.27 02:14:54.631,1.31034,1.31055,1.00,1.00
2017.10.27 02:14:55.568,1.31034,1.31055,1.07,1.00
2017.10.27 02:14:57.763,1.31034,1.31055,1.10,1.00
2017.10.27 02:14:58.094,1.31036,1.31056,1.00,1.25
2017.10.27 02:14:58.452,1.31034,1.31056,1.57,1.25
2017.10.27 02:14:58.971,1.31035,1.31056,1.57,1.25
2017.10.27 02:14:59.704,1.31034,1.31056,1.57,1.25
2017.10.27 02:15:01.876,1.31036,1.31056,1.07,1.25
2017.10.27 02:15:03.768,1.31035,1.31056,1.57,1.00
2017.10.27 02:15:04.475,1.31031,1.31056,1.45,1.00
2017.10.27 02:15:04.679,1.31036,1.31061,1.10,2.81
2017.10.27 02:15:05.247,1.31035,1.31061,1.57,1.31
2017.10.27 02:15:05.743,1.31036,1.3106,1.00,1.19
2017.10.27 02:15:06.268,1.31035,1.31059,1.10,1.19
2017.10.27 02:15:10.704,1.31036,1.3106,1.00,1.69
2017.10.27 02:15:11.069,1.31035,1.3106,1.00,4.31
2017.10.27 02:15:16.567,1.31035,1.31056,1.00,1.69
2017.10.27 02:15:17.501,1.31035,1.31056,1.00,1.69
2017.10.27 02:15:18.070,1.31031,1.31056,1.07,1.69
2017.10.27 02:15:20.248,1.31031,1.31056,1.10,1.56
2017.10.27 02:15:20.402,1.31032,1.31055,1.10,1.00
2017.10.27 02:15:20.454,1.31034,1.31056,1.00,1.19
2017.10.27 02:15:20.973,1.31032,1.31055,1.50,1.19
2017.10.27 02:15:23.247,1.31031,1.31055,1.57,1.69
2017.10.27 02:15:23.405,1.31031,1.31055,1.57,1.69
2017.10.27 02:15:24.200,1.31031,1.31055,1.57,2.81
2017.10.27 02:15:26.028,1.3103,1.31054,2.32,1.19
2017.10.27 02:15:26.562,1.31031,1.31054,1.50,1.19
2017.10.27 02:15:27.759,1.3103,1.31054,1.07,1.50
2017.10.27 02:15:27.811,1.31032,1.31053,1.00,1.19
2017.10.27 02:15:27.968,1.31032,1.31054,1.00,1.00
2017.10.27 02:15:28.020,1.31032,1.31054,1.07,1.31
2017.10.27 02:15:28.123,1.31031,1.31054,1.00,1.19
2017.10.27 02:15:28.694,1.31032,1.31053,1.00,1.25
2017.10.27 02:15:29.271,1.31031,1.31054,1.57,1.19
2017.10.27 02:15:30.196,1.31028,1.31053,1.95,1.19
2017.10.27 02:15:30.945,1.31029,1.31051,1.20,1.00
2017.10.27 02:15:32.106,1.31028,1.31053,1.45,1.19
2017.10.27 02:15:32.157,1.31029,1.31052,1.10,1.19
2017.10.27 02:15:32.209,1.31028,1.31054,1.57,3.94
2017.10.27 02:15:32.260,1.31028,1.31052,1.57,1.19
2017.10.27 02:15:32.529,1.31028,1.31051,1.00,1.25
2017.10.27 02:15:33.484,1.31026,1.31049,1.10,1.19
2017.10.27 02:15:34.032,1.31027,1.31048,1.00,1.25
2017.10.27 02:15:34.402,1.31025,1.31047,1.00,1.00
2017.10.27 02:15:37.159,1.31026,1.31049,1.57,1.00
2017.10.27 02:15:37.672,1.31027,1.31048,1.57,1.00
2017.10.27 02:15:38.691,1.31026,1.31049,1.57,1.00
2017.10.27 02:15:38.793,1.31029,1.31048,1.00,1.00
2017.10.27 02:15:39.264,1.31029,1.3105,1.10,1.00
2017.10.27 02:15:39.368,1.31031,1.3105,1.00,1.00
2017.10.27 02:15:39.522,1.3103,1.31054,1.10,1.50
2017.10.27 02:15:39.626,1.31031,1.31053,1.00,1.31
2017.10.27 02:15:39.884,1.31029,1.31054,1.50,4.69
2017.10.27 02:15:40.459,1.31029,1.31054,1.57,2.62
2017.10.27 02:15:41.217,1.31029,1.31054,1.10,5.06
2017.10.27 02:15:49.607,1.31028,1.31053,1.87,1.19
2017.10.27 02:15:51.797,1.31029,1.31052,1.00,1.25
2017.10.27 02:15:56.083,1.31028,1.31054,1.50,4.31
2017.10.27 02:15:56.135,1.3103,1.31054,1.00,4.31
2017.10.27 02:16:00.634,1.31031,1.31054,1.00,3.37
2017.10.27 02:16:01.147,1.31032,1.31053,1.00,1.25
2017.10.27 02:16:02.229,1.3103,1.31054,1.00,3.56
2017.10.27 02:16:02.813,1.31031,1.31053,1.00,1.25
2017.10.27 02:16:05.519,1.31029,1.31054,1.07,3.56
2017.10.27 02:16:06.518,1.31029,1.31054,1.07,3.56
2017.10.27 02:16:07.044,1.31029,1.31054,1.10,2.81
2017.10.27 02:16:08.833,1.3103,1.31053,1.00,1.19
2017.10.27 02:16:11.720,1.3103,1.31054,1.07,2.44
2017.10.27 02:16:11.822,1.31029,1.31054,1.10,2.06
2017.10.27 02:16:12.452,1.3103,1.31053,1.10,1.19
2017.10.27 02:16:13.632,1.31031,1.31053,1.00,1.19
2017.10.27 02:16:14.215,1.31028,1.31053,1.95,1.19
2017.10.27 02:16:14.378,1.31028,1.31053,1.10,1.19
2017.10.27 02:16:16.021,1.31028,1.31053,1.57,1.19
2017.10.27 02:16:17.313,1.31028,1.31053,1.07,1.19
2017.10.27 02:16:18.104,1.31028,1.31053,1.57,1.19
2017.10.27 02:16:24.634,1.31028,1.31053,1.10,1.00
2017.10.27 02:16:24.685,1.31028,1.31053,1.95,1.69
2017.10.27 02:16:24.993,1.31024,1.31052,2.32,2.06
2017.10.27 02:16:25.045,1.31024,1.3105,3.45,1.25
2017.10.27 02:16:25.096,1.31024,1.31048,1.95,1.00
2017.10.27 02:16:25.516,1.31022,1.31048,1.20,2.44
2017.10.27 02:16:26.053,1.31022,1.31045,1.20,1.00
2017.10.27 02:16:26.691,1.31022,1.31045,1.10,1.25
2017.10.27 02:16:27.198,1.31022,1.31046,1.07,1.19
2017.10.27 02:16:27.718,1.31022,1.31046,1.10,1.19
2017.10.27 02:16:31.083,1.31022,1.31046,1.07,1.19
2017.10.27 02:16:31.661,1.31022,1.31046,1.10,1.19
2017.10.27 02:16:32.737,1.31022,1.31045,1.20,1.19
2017.10.27 02:16:34.037,1.31022,1.31046,1.07,1.19
2017.10.27 02:16:34.368,1.31022,1.31046,1.10,1.19
2017.10.27 02:16:35.072,1.31018,1.31042,1.57,1.00
2017.10.27 02:16:35.328,1.31018,1.31041,1.20,1.00
2017.10.27 02:16:35.634,1.31018,1.3104,2.32,1.00
2017.10.27 02:16:35.736,1.31018,1.3104,1.95,1.00
2017.10.27 02:16:35.941,1.31018,1.31041,1.07,1.00
2017.10.27 02:16:36.433,1.3102,1.31043,1.07,1.00
2017.10.27 02:16:36.637,1.31021,1.31043,1.20,1.00
2017.10.27 02:16:37.426,1.31021,1.31043,1.20,1.00
2017.10.27 02:16:39.113,1.31021,1.31043,1.45,1.00
2017.10.27 02:16:39.215,1.3102,1.31044,1.57,1.00
2017.10.27 02:16:39.267,1.31018,1.31044,2.32,1.69
2017.10.27 02:16:39.670,1.31017,1.31041,1.45,1.31
2017.10.27 02:16:39.721,1.31017,1.31042,1.45,2.06
2017.10.27 02:16:39.773,1.31017,1.3104,1.45,2.25
2017.10.27 02:16:39.825,1.31014,1.31037,1.10,1.31
2017.10.27 02:16:39.928,1.31009,1.31035,1.57,1.25
2017.10.27 02:16:40.030,1.31008,1.31036,1.87,2.06
2017.10.27 02:16:40.660,1.31008,1.31036,1.37,3.19
2017.10.27 02:16:40.712,1.31008,1.31035,1.37,1.12
2017.10.27 02:16:40.969,1.31005,1.31033,1.12,2.06
2017.10.27 02:16:41.123,1.31006,1.31032,1.00,1.00
2017.10.27 02:16:41.174,1.31008,1.31033,3.00,1.50
2017.10.27 02:16:44.584,1.31008,1.31033,1.57,1.19
2017.10.27 02:16:44.687,1.31011,1.31036,1.00,1.69
2017.10.27 02:16:46.121,1.31011,1.31036,1.57,1.50
2017.10.27 02:16:47.137,1.31011,1.31036,1.07,1.00
2017.10.27 02:16:47.917,1.3101,1.31036,2.32,1.00
2017.10.27 02:16:50.074,1.31012,1.31036,1.00,1.00
2017.10.27 02:16:50.621,1.31013,1.31036,1.00,1.69
2017.10.27 02:16:51.129,1.31008,1.31036,2.70,1.25
2017.10.27 02:16:51.184,1.31012,1.31036,1.57,1.50
2017.10.27 02:16:51.706,1.31014,1.31037,1.10,1.00
2017.10.27 02:16:52.388,1.31013,1.31038,1.00,1.25
2017.10.27 02:16:52.492,1.31011,1.31037,1.87,1.25
2017.10.27 02:16:52.543,1.31011,1.31037,1.87,1.19
2017.10.27 02:16:52.948,1.3101,1.31038,1.87,1.19
2017.10.27 02:16:53.488,1.3101,1.31038,1.00,1.19
2017.10.27 02:16:55.725,1.3101,1.31038,1.07,1.19
2017.10.27 02:16:56.480,1.3101,1.31038,1.07,1.69
2017.10.27 02:16:56.683,1.31011,1.31037,1.45,1.19
2017.10.27 02:16:57.275,1.31011,1.31037,1.45,1.19
2017.10.27 02:16:57.479,1.3101,1.31036,1.20,1.56
2017.10.27 02:16:59.158,1.31011,1.31034,1.07,1.00
2017.10.27 02:17:00.592,1.3101,1.31035,1.45,1.31
2017.10.27 02:17:01.372,1.31011,1.31034,1.20,1.00
2017.10.27 02:17:03.030,1.31011,1.31034,1.07,1.00
2017.10.27 02:17:03.713,1.3101,1.31035,1.20,1.31
2017.10.27 02:17:04.680,1.31009,1.31034,1.20,1.00
2017.10.27 02:17:04.842,1.31008,1.31033,1.07,4.31
2017.10.27 02:17:04.894,1.31007,1.31033,1.10,2.06
2017.10.27 02:17:04.996,1.31008,1.31033,1.07,3.56
2017.10.27 02:17:05.397,1.31006,1.31033,2.70,1.25
2017.10.27 02:17:05.704,1.31011,1.31033,1.07,1.00
2017.10.27 02:17:06.279,1.31011,1.31037,1.07,2.06
2017.10.27 02:17:06.936,1.31011,1.31036,1.20,1.25
2017.10.27 02:17:07.865,1.31011,1.31036,1.07,1.25
2017.10.27 02:17:08.613,1.31011,1.31036,1.07,1.31
2017.10.27 02:17:09.110,1.31011,1.31036,1.20,1.31
2017.10.27 02:17:09.213,1.31011,1.31036,1.07,1.19
2017.10.27 02:17:10.177,1.31013,1.31039,1.01,1.50
2017.10.27 02:17:10.483,1.3102,1.31045,1.45,1.00
2017.10.27 02:17:10.943,1.3102,1.31044,1.07,1.00
2017.10.27 02:17:11.226,1.31019,1.31043,1.00,1.00
2017.10.27 02:17:11.905,1.31018,1.31044,1.57,1.00
2017.10.27 02:17:13.798,1.31019,1.31043,1.00,1.00
2017.10.27 02:17:14.910,1.31018,1.31044,1.50,1.00
2017.10.27 02:17:16.197,1.31018,1.31042,1.50,1.37
2017.10.27 02:17:16.707,1.31016,1.31043,1.00,3.00
2017.10.27 02:17:17.772,1.31017,1.31041,1.00,1.37
2017.10.27 02:17:20.013,1.31017,1.31041,1.07,1.37
2017.10.27 02:17:20.719,1.31016,1.31042,1.10,1.50
2017.10.27 02:17:21.089,1.31018,1.31042,1.00,1.00
2017.10.27 02:17:21.398,1.31022,1.31046,1.10,1.00
2017.10.27 02:17:21.942,1.31021,1.31046,1.95,1.00
2017.10.27 02:17:24.486,1.31021,1.31046,1.95,1.00
2017.10.27 02:17:24.588,1.31025,1.31049,1.07,1.37
2017.10.27 02:17:25.097,1.31022,1.31048,2.32,1.00
2017.10.27 02:17:25.149,1.31022,1.31049,2.32,1.00
2017.10.27 02:17:25.828,1.31021,1.31049,3.45,1.12
2017.10.27 02:17:27.598,1.3102,1.31044,1.45,1.87
2017.10.27 02:17:27.650,1.3102,1.31043,1.07,1.37
2017.10.27 02:17:27.701,1.31015,1.3104,2.70,1.37
2017.10.27 02:17:27.753,1.31015,1.3104,1.20,1.00
2017.10.27 02:17:27.855,1.31016,1.3104,1.10,1.50
2017.10.27 02:17:28.009,1.31013,1.3104,1.95,2.25
2017.10.27 02:17:28.928,1.31013,1.3104,1.95,2.25
2017.10.27 02:17:29.654,1.31013,1.3104,1.20,3.00
2017.10.27 02:17:35.607,1.31013,1.31039,1.07,1.50
2017.10.27 02:17:37.781,1.31013,1.3104,1.00,3.75
2017.10.27 02:17:38.284,1.31013,1.31039,1.00,1.00
2017.10.27 02:17:39.714,1.31013,1.31039,1.20,1.00
2017.10.27 02:17:40.245,1.31016,1.31041,1.00,1.50
2017.10.27 02:17:40.351,1.31015,1.31042,1.00,1.00
2017.10.27 02:17:40.854,1.31016,1.31043,1.57,1.00
2017.10.27 02:17:40.969,1.31019,1.31043,1.00,1.50
2017.10.27 02:17:41.277,1.31021,1.31045,1.32,1.50
2017.10.27 02:17:41.767,1.3102,1.31045,1.10,1.00
2017.10.27 02:17:42.284,1.31021,1.31045,1.00,1.12
2017.10.27 02:17:42.489,1.31021,1.31047,1.00,1.12
2017.10.27 02:17:42.947,1.31021,1.31049,1.00,2.25
2017.10.27 02:17:43.270,1.31021,1.31046,1.00,1.50
2017.10.27 02:17:43.781,1.3102,1.31046,1.00,1.87
2017.10.27 02:17:44.378,1.3102,1.31045,1.00,1.00
2017.10.27 02:17:44.884,1.31021,1.31045,1.00,1.00
2017.10.27 02:17:45.400,1.31021,1.31046,1.00,3.00
2017.10.27 02:17:46.225,1.31021,1.31044,1.00,1.00
2017.10.27 02:17:46.481,1.31021,1.31046,1.19,1.12
2017.10.27 02:17:46.532,1.31021,1.31049,3.19,1.00
2017.10.27 02:17:47.047,1.31022,1.31049,1.31,1.50
2017.10.27 02:17:49.405,1.31023,1.31047,1.25,1.00
2017.10.27 02:17:51.351,1.31022,1.31048,1.00,1.50
2017.10.27 02:17:51.934,1.31023,1.31047,1.00,1.00
2017.10.27 02:17:52.627,1.31022,1.31048,1.00,1.50
2017.10.27 02:17:53.428,1.31022,1.31048,1.00,3.37
2017.10.27 02:17:56.511,1.31023,1.31047,1.00,1.12
2017.10.27 02:17:57.902,1.31022,1.31047,1.00,1.12
2017.10.27 02:17:58.599,1.31023,1.31047,1.00,1.87
2017.10.27 02:18:00.387,1.3102,1.31047,1.00,1.12
2017.10.27 02:18:00.438,1.31019,1.31045,1.00,1.00
2017.10.27 02:18:01.707,1.31019,1.31043,1.00,1.12
2017.10.27 02:18:01.911,1.31017,1.31043,1.69,1.37
2017.10.27 02:18:01.963,1.31017,1.31044,1.69,1.00
2017.10.27 02:18:02.353,1.31019,1.31044,1.00,1.00
2017.10.27 02:18:03.103,1.31018,1.31044,1.00,1.00
2017.10.27 02:18:03.433,1.3102,1.31044,1.00,1.00
2017.10.27 02:18:04.145,1.31018,1.31044,1.19,1.00
2017.10.27 02:18:04.655,1.3102,1.31044,1.00,1.00
2017.10.27 02:18:04.706,1.31022,1.31048,1.00,1.12
2017.10.27 02:18:04.963,1.31021,1.31046,1.50,1.00
2017.10.27 02:18:05.065,1.31021,1.31048,1.50,2.25
2017.10.27 02:18:05.774,1.31022,1.31047,1.00,1.00
2017.10.27 02:18:06.302,1.31021,1.31047,1.50,1.00
2017.10.27 02:18:06.921,1.31022,1.31048,1.00,1.12
2017.10.27 02:18:08.223,1.31021,1.31048,1.50,1.12
2017.10.27 02:18:11.238,1.31021,1.31047,1.50,1.00
2017.10.27 02:18:11.594,1.31022,1.31045,1.00,1.00
2017.10.27 02:18:12.108,1.31022,1.31046,1.00,2.62
2017.10.27 02:18:12.343,1.31017,1.31043,1.50,1.87
2017.10.27 02:18:12.915,1.31017,1.31042,1.50,1.00
2017.10.27 02:18:13.017,1.31017,1.3104,1.50,1.00
2017.10.27 02:18:14.189,1.31017,1.31041,1.50,1.00
2017.10.27 02:18:17.307,1.31017,1.3104,1.50,1.00
2017.10.27 02:18:17.566,1.31017,1.31043,1.50,1.50
2017.10.27 02:18:26.961,1.31019,1.31043,1.00,1.87
2017.10.27 02:18:27.277,1.31018,1.31042,1.00,1.37
2017.10.27 02:18:27.886,1.31017,1.31042,1.50,1.50
2017.10.27 02:18:29.394,1.31017,1.3104,1.00,1.00
2017.10.27 02:18:29.598,1.31014,1.3104,1.50,1.50
2017.10.27 02:18:32.011,1.31014,1.31037,1.50,1.31
2017.10.27 02:18:32.114,1.3101,1.31036,1.00,1.56
2017.10.27 02:18:32.166,1.3101,1.31033,1.50,1.00
2017.10.27 02:18:32.721,1.3101,1.31034,1.00,1.00
2017.10.27 02:18:33.628,1.3101,1.31035,1.00,2.25
2017.10.27 02:18:43.580,1.3101,1.31034,1.00,1.00
2017.10.27 02:18:44.935,1.3101,1.31035,1.50,1.50
2017.10.27 02:18:47.377,1.3101,1.31036,1.00,3.75
2017.10.27 02:19:01.887,1.31011,1.31036,1.00,3.37
2017.10.27 02:19:02.261,1.3101,1.31034,1.00,1.50
2017.10.27 02:19:03.886,1.31004,1.31028,1.50,1.12
2017.10.27 02:19:07.585,1.31006,1.31031,1.00,1.50
2017.10.27 02:19:07.789,1.31009,1.31032,1.00,1.00
2017.10.27 02:19:08.324,1.31008,1.31032,1.00,1.00
2017.10.27 02:19:09.542,1.31009,1.31032,1.00,1.00
2017.10.27 02:19:10.499,1.31009,1.31034,1.00,1.87
2017.10.27 02:19:12.576,1.31008,1.31034,1.00,1.37
2017.10.27 02:19:13.081,1.31009,1.31034,1.00,1.37
2017.10.27 02:19:13.865,1.31008,1.31035,1.50,1.69
2017.10.27 02:19:13.977,1.31011,1.31035,1.00,2.25
2017.10.27 02:19:17.276,1.31008,1.31035,1.00,1.50
2017.10.27 02:19:20.025,1.31009,1.31035,1.00,2.25
2017.10.27 02:19:23.389,1.31012,1.31035,1.00,1.00
2017.10.27 02:19:23.699,1.31017,1.31039,1.00,1.00
2017.10.27 02:19:24.510,1.31016,1.31039,1.25,1.00
2017.10.27 02:19:26.078,1.31016,1.31039,1.19,1.00
2017.10.27 02:19:29.863,1.31018,1.31039,1.00,1.00
2017.10.27 02:19:32.942,1.31016,1.31039,1.19,1.00
2017.10.27 02:19:36.933,1.31016,1.31039,1.19,2.62
2017.10.27 02:19:37.507,1.31016,1.31039,1.00,2.62
2017.10.27 02:19:38.073,1.31017,1.31039,1.00,2.62
2017.10.27 02:19:40.192,1.31017,1.31038,1.00,1.87
2017.10.27 02:19:40.720,1.31017,1.31039,1.00,2.62
2017.10.27 02:19:41.914,1.31017,1.31038,1.00,1.87
2017.10.27 02:19:46.354,1.31017,1.31037,1.25,1.87
2017.10.27 02:19:53.013,1.31018,1.31037,1.00,1.87
2017.10.27 02:19:53.388,1.31016,1.31037,1.25,1.87
2017.10.27 02:19:54.627,1.31017,1.31037,1.00,1.87
2017.10.27 02:19:57.518,1.31017,1.31039,1.25,1.87
2017.10.27 02:19:58.036,1.31018,1.31039,1.00,1.87
2017.10.27 02:19:59.259,1.31018,1.31038,1.00,1.87
2017.10.27 02:20:00.235,1.31017,1.31038,1.25,1.87
2017.10.27 02:20:03.360,1.31018,1.31038,1.00,1.87
2017.10.27 02:20:06.716,1.31016,1.31038,1.00,1.87
2017.10.27 02:20:07.327,1.31016,1.31038,1.19,1.87
2017.10.27 02:20:12.024,1.31016,1.31038,1.25,1.87
2017.10.27 02:20:16.347,1.31017,1.31038,1.00,1.87
2017.10.27 02:20:18.639,1.31018,1.31038,1.00,1.87
2017.10.27 02:20:22.275,1.31018,1.31039,1.00,1.87
2017.10.27 02:20:22.870,1.31018,1.31038,1.00,1.87
2017.10.27 02:20:23.385,1.31015,1.31038,1.50,1.87
2017.10.27 02:20:25.127,1.31015,1.31036,1.00,1.87
2017.10.27 02:20:25.823,1.31015,1.31037,1.00,2.62
2017.10.27 02:20:26.324,1.31014,1.31037,1.00,2.62
2017.10.27 02:20:31.970,1.31015,1.31036,1.00,1.50
2017.10.27 02:20:32.126,1.3101,1.31035,1.19,3.37
2017.10.27 02:20:32.634,1.31013,1.31034,1.00,1.87
2017.10.27 02:20:33.158,1.31012,1.31034,1.00,1.87
2017.10.27 02:20:33.664,1.31012,1.31032,1.00,1.87
2017.10.27 02:20:34.213,1.31011,1.31032,1.00,1.87
2017.10.27 02:20:38.044,1.3101,1.31032,1.00,1.87
2017.10.27 02:20:38.600,1.31009,1.31032,1.00,1.87
2017.10.27 02:20:40.557,1.3101,1.31032,1.00,1.87
2017.10.27 02:20:41.467,1.31009,1.31032,1.00,1.87
2017.10.27 02:20:42.005,1.3101,1.31032,1.00,1.87
2017.10.27 02:20:42.528,1.3101,1.3103,1.00,1.87
2017.10.27 02:20:45.348,1.3101,1.31033,1.00,1.87
2017.10.27 02:20:46.664,1.31009,1.31033,1.00,1.87
2017.10.27 02:20:47.521,1.31009,1.31034,1.00,1.50
2017.10.27 02:20:47.681,1.31009,1.31029,1.00,1.87
2017.10.27 02:20:47.733,1.31007,1.31029,1.00,3.37
2017.10.27 02:20:48.238,1.31006,1.31029,1.00,2.62
2017.10.27 02:20:48.703,1.31006,1.31032,1.50,1.12
2017.10.27 02:20:48.755,1.31011,1.31034,1.00,2.25
2017.10.27 02:20:48.807,1.31011,1.31037,3.37,1.00
2017.10.27 02:20:48.859,1.31013,1.31037,1.19,1.00
2017.10.27 02:20:49.376,1.31015,1.31037,1.00,1.00
2017.10.27 02:20:49.654,1.31015,1.31042,1.19,1.12
2017.10.27 02:20:49.808,1.31019,1.31042,1.00,1.12
2017.10.27 02:20:53.914,1.31018,1.31044,1.50,1.50
2017.10.27 02:20:54.601,1.31019,1.31044,1.00,1.50
2017.10.27 02:20:55.166,1.3102,1.31044,1.00,1.50
2017.10.27 02:20:58.081,1.31019,1.31044,1.00,1.50
2017.10.27 02:20:59.085,1.3102,1.31044,1.00,1.50
2017.10.27 02:21:00.061,1.31019,1.31044,1.00,1.50
2017.10.27 02:21:01.126,1.3102,1.31044,1.00,1.50
2017.10.27 02:21:02.022,1.31019,1.31044,1.00,1.50
2017.10.27 02:21:02.636,1.3102,1.31044,1.00,1.50
2017.10.27 02:21:04.166,1.31021,1.31044,1.00,1.37
2017.10.27 02:21:07.251,1.31022,1.31044,1.00,1.37
2017.10.27 02:21:07.660,1.31021,1.31047,2.25,1.37
2017.10.27 02:21:08.209,1.31022,1.31047,1.00,1.37
2017.10.27 02:21:09.115,1.31021,1.31047,1.50,1.37
2017.10.27 02:21:10.195,1.31022,1.31047,1.00,1.37
2017.10.27 02:21:11.592,1.31022,1.31046,1.00,1.87
2017.10.27 02:21:12.141,1.31022,1.31046,1.00,1.50
2017.10.27 02:21:12.668,1.31023,1.31047,1.00,4.50
2017.10.27 02:21:13.765,1.31022,1.31047,1.00,3.75
2017.10.27 02:21:16.316,1.31023,1.31047,1.00,4.50
2017.10.27 02:21:16.765,1.31023,1.31045,1.00,1.87
2017.10.27 02:21:18.285,1.31022,1.31045,1.00,1.87
2017.10.27 02:21:18.836,1.31023,1.31045,1.00,1.87
2017.10.27 02:21:21.896,1.31022,1.31045,1.00,1.87
2017.10.27 02:21:24.156,1.31023,1.31045,1.00,1.87
2017.10.27 02:21:27.378,1.31022,1.31045,1.00,1.87
2017.10.27 02:21:28.556,1.31021,1.31046,1.00,1.50
2017.10.27 02:21:29.128,1.31022,1.31046,1.00,1.87
2017.10.27 02:21:30.044,1.31021,1.31046,1.50,1.87
2017.10.27 02:21:30.717,1.31022,1.31046,1.00,1.87
2017.10.27 02:21:35.499,1.31022,1.31047,1.25,2.62
2017.10.27 02:21:35.550,1.31022,1.31047,1.31,1.87
2017.10.27 02:21:36.085,1.31022,1.31047,1.62,1.87
2017.10.27 02:21:39.042,1.31022,1.31047,1.12,1.87
2017.10.27 02:21:40.613,1.31025,1.31051,1.00,1.12
2017.10.27 02:21:40.664,1.31027,1.31051,1.00,1.12
2017.10.27 02:21:40.815,1.31028,1.31053,1.00,1.00
2017.10.27 02:21:41.562,1.31029,1.31053,1.00,1.37
2017.10.27 02:21:42.086,1.31028,1.31053,1.00,1.12
2017.10.27 02:21:42.614,1.31029,1.31053,1.00,1.00
2017.10.27 02:21:43.253,1.31028,1.31053,1.00,1.00
2017.10.27 02:21:43.757,1.31029,1.31053,1.00,1.00
2017.10.27 02:21:45.823,1.31028,1.31053,1.00,1.00
2017.10.27 02:21:46.816,1.31029,1.31053,1.00,1.00
2017.10.27 02:21:49.499,1.31028,1.31053,1.50,1.00
2017.10.27 02:21:50.173,1.31029,1.31053,1.00,1.00
2017.10.27 02:21:53.379,1.31028,1.31053,1.50,1.00
2017.10.27 02:21:53.975,1.31029,1.31053,1.00,1.00
2017.10.27 02:21:54.615,1.31028,1.31053,1.50,1.00
2017.10.27 02:21:55.373,1.31029,1.31053,1.00,1.00
2017.10.27 02:21:57.013,1.31028,1.31053,1.50,1.00
2017.10.27 02:21:58.266,1.31029,1.31053,1.00,1.00
2017.10.27 02:21:58.814,1.31028,1.31053,1.50,1.00
2017.10.27 02:21:59.240,1.3103,1.31053,1.00,1.00
2017.10.27 02:22:00.011,1.31031,1.31053,1.00,1.00
2017.10.27 02:22:00.575,1.3103,1.31053,1.50,1.00
2017.10.27 02:22:00.872,1.31031,1.31058,1.00,2.25
2017.10.27 02:22:03.955,1.31031,1.31057,1.00,1.00
2017.10.27 02:22:04.762,1.31031,1.31056,1.00,1.12
2017.10.27 02:22:05.274,1.31028,1.31053,2.25,1.37
2017.10.27 02:22:05.431,1.31027,1.3105,1.00,1.00
2017.10.27 02:22:06.547,1.31028,1.3105,1.00,1.00
2017.10.27 02:22:08.885,1.31027,1.31051,1.00,1.87
2017.10.27 02:22:12.464,1.31028,1.31051,1.00,1.87
2017.10.27 02:22:15.543,1.31026,1.31051,1.87,1.50
2017.10.27 02:22:16.619,1.31027,1.31051,1.00,1.87
2017.10.27 02:22:17.612,1.31026,1.31051,1.87,1.50
2017.10.27 02:22:18.678,1.31026,1.31051,1.12,1.37
2017.10.27 02:22:23.452,1.31027,1.31051,1.00,1.37
2017.10.27 02:22:24.418,1.31026,1.31051,1.00,1.00
2017.10.27 02:22:28.007,1.31026,1.3105,1.00,1.00
2017.10.27 02:22:29.817,1.31026,1.31051,1.50,1.50
2017.10.27 02:22:31.241,1.31023,1.31045,1.00,1.37
2017.10.27 02:22:31.446,1.31017,1.31042,1.50,1.37
2017.10.27 02:22:31.865,1.31018,1.31042,1.25,1.12
2017.10.27 02:22:32.632,1.31017,1.31042,1.50,1.12
2017.10.27 02:22:33.214,1.31018,1.31042,1.00,1.12
2017.10.27 02:22:33.577,1.3102,1.31042,1.00,1.37
2017.10.27 02:22:33.629,1.31017,1.31043,1.50,1.50
2017.10.27 02:22:33.681,1.31018,1.31041,1.00,1.00
2017.10.27 02:22:33.732,1.31018,1.31043,1.00,1.00
2017.10.27 02:22:33.955,1.3102,1.31043,1.00,1.50
2017.10.27 02:22:34.008,1.31017,1.31043,1.50,1.50
2017.10.27 02:22:34.654,1.31018,1.31043,1.00,1.50
2017.10.27 02:22:34.959,1.31018,1.31043,1.00,2.25
2017.10.27 02:22:36.424,1.31019,1.31045,2.06,1.87
2017.10.27 02:22:36.732,1.31025,1.31048,1.00,1.37
2017.10.27 02:22:37.355,1.31024,1.31048,1.00,1.37
2017.10.27 02:22:38.110,1.31025,1.31048,1.00,1.37
2017.10.27 02:22:39.304,1.31024,1.31047,1.00,1.00
2017.10.27 02:22:50.008,1.31026,1.31048,1.00,1.12
2017.10.27 02:22:51.023,1.31025,1.31048,1.00,1.12
2017.10.27 02:22:51.267,1.31024,1.31047,1.00,1.00
2017.10.27 02:22:53.398,1.31024,1.31048,1.00,1.12
2017.10.27 02:22:54.342,1.31025,1.31048,1.00,1.12
2017.10.27 02:22:54.840,1.3102,1.31043,1.00,1.37
2017.10.27 02:22:54.943,1.31019,1.31043,1.00,2.25
2017.10.27 02:22:55.822,1.31018,1.31043,1.50,2.25
2017.10.27 02:23:05.029,1.31018,1.31044,1.50,3.75
2017.10.27 02:23:05.181,1.31021,1.31044,1.00,1.87
2017.10.27 02:23:05.515,1.31023,1.31046,1.00,1.87
2017.10.27 02:23:06.035,1.31023,1.31047,1.00,2.62
2017.10.27 02:23:06.560,1.31024,1.31047,1.00,2.62
2017.10.27 02:23:06.867,1.31026,1.31047,1.00,2.62
2017.10.27 02:23:07.425,1.31024,1.31047,1.00,2.62
2017.10.27 02:23:08.031,1.31025,1.31047,1.00,2.62
2017.10.27 02:23:10.847,1.31024,1.31047,1.00,2.62
2017.10.27 02:23:11.792,1.31025,1.31047,1.00,2.62
2017.10.27 02:23:12.343,1.31024,1.31047,1.00,2.62
2017.10.27 02:23:13.115,1.31025,1.31047,1.00,2.62
2017.10.27 02:23:15.053,1.31024,1.31047,1.00,2.62
2017.10.27 02:23:15.572,1.31025,1.31047,1.00,2.62
2017.10.27 02:23:16.258,1.31025,1.31046,1.00,1.87
2017.10.27 02:23:16.468,1.31027,1.31047,1.00,1.37
2017.10.27 02:23:16.940,1.31024,1.31047,1.50,1.37
2017.10.27 02:23:18.054,1.31025,1.31047,1.00,1.37
2017.10.27 02:23:21.075,1.31024,1.31047,1.00,1.12
2017.10.27 02:23:21.842,1.31025,1.31047,1.00,1.12
2017.10.27 02:23:21.893,1.31025,1.31047,1.00,1.37
2017.10.27 02:23:22.932,1.31024,1.31047,1.00,2.62
2017.10.27 02:23:23.932,1.31024,1.31047,1.00,1.37
2017.10.27 02:23:24.931,1.31024,1.31047,1.00,2.62
2017.10.27 02:23:25.937,1.31024,1.31047,1.00,1.37
2017.10.27 02:23:27.343,1.31026,1.31047,1.00,1.37
2017.10.27 02:23:27.876,1.31025,1.31047,1.00,1.37
2017.10.27 02:23:28.445,1.31026,1.31047,1.00,1.37
2017.10.27 02:23:30.204,1.31025,1.31047,1.00,1.37
2017.10.27 02:23:30.754,1.31026,1.31047,1.00,1.37
2017.10.27 02:23:31.682,1.31026,1.31047,1.00,1.37
2017.10.27 02:23:33.253,1.31025,1.31047,1.00,1.37
2017.10.27 02:23:34.552,1.31026,1.31047,1.00,1.37
2017.10.27 02:23:35.544,1.31025,1.31046,1.00,1.37
2017.10.27 02:23:35.646,1.31022,1.31046,1.00,1.50
2017.10.27 02:23:35.698,1.31019,1.3104,1.00,1.37
2017.10.27 02:23:35.750,1.31016,1.3104,1.50,1.37
2017.10.27 02:23:35.801,1.31017,1.31041,1.00,1.50
2017.10.27 02:23:35.904,1.31016,1.31041,1.00,1.00
2017.10.27 02:23:36.178,1.31021,1.31041,1.00,1.00
2017.10.27 02:23:36.229,1.31021,1.31046,1.00,1.75
2017.10.27 02:23:36.384,1.31022,1.31046,1.00,2.25
2017.10.27 02:23:36.436,1.31022,1.31047,1.00,1.50
2017.10.27 02:23:36.589,1.31019,1.31046,1.50,1.87
2017.10.27 02:23:37.114,1.3102,1.31045,1.00,1.50
2017.10.27 02:23:38.782,1.31019,1.31045,1.50,1.50
2017.10.27 02:23:40.619,1.3102,1.31045,1.00,1.50
2017.10.27 02:23:41.130,1.31019,1.31046,1.50,1.87
2017.10.27 02:23:42.160,1.3102,1.31046,1.00,1.87
2017.10.27 02:23:45.133,1.31019,1.31046,1.50,1.87
2017.10.27 02:23:45.842,1.3102,1.31046,1.00,1.87
2017.10.27 02:23:50.979,1.31019,1.31044,1.50,1.87
2017.10.27 02:23:52.088,1.3102,1.31045,1.00,2.25
2017.10.27 02:23:52.190,1.3102,1.31046,1.00,1.12
2017.10.27 02:23:53.821,1.31023,1.31046,1.00,1.12
2017.10.27 02:23:54.363,1.31022,1.31046,1.00,1.12
2017.10.27 02:23:59.087,1.3102,1.31043,1.00,1.87
2017.10.27 02:23:59.394,1.31014,1.31038,1.50,1.87
2017.10.27 02:23:59.570,1.31016,1.31039,1.00,1.50
2017.10.27 02:24:01.324,1.31013,1.31039,2.25,1.50
2017.10.27 02:24:02.385,1.31016,1.31039,1.00,1.50
2017.10.27 02:24:03.437,1.31013,1.31039,2.25,1.50
2017.10.27 02:24:05.274,1.31015,1.31039,1.00,1.50
2017.10.27 02:24:05.738,1.31013,1.31039,2.25,1.50
2017.10.27 02:24:05.993,1.31015,1.31039,1.00,1.00
2017.10.27 02:24:06.300,1.31018,1.31042,1.00,1.12
2017.10.27 02:24:06.944,1.31019,1.31042,1.00,1.50
2017.10.27 02:24:08.378,1.31017,1.31042,1.00,1.37
2017.10.27 02:24:08.969,1.31018,1.31042,1.00,1.37
2017.10.27 02:24:09.757,1.31017,1.31042,1.00,1.37
2017.10.27 02:24:11.902,1.31018,1.31042,1.00,1.37
2017.10.27 02:24:12.740,1.31017,1.31042,1.00,1.37
2017.10.27 02:24:14.552,1.31017,1.31039,1.00,1.87
2017.10.27 02:24:14.874,1.31011,1.31033,1.00,1.87
2017.10.27 02:24:16.364,1.31012,1.31033,1.00,1.87
2017.10.27 02:24:18.835,1.3101,1.31035,1.00,1.37
2017.10.27 02:24:22.426,1.31011,1.31035,1.00,1.37
2017.10.27 02:24:29.866,1.3101,1.31034,1.00,1.87
2017.10.27 02:24:40.175,1.31011,1.31034,1.00,1.87
2017.10.27 02:24:44.037,1.31009,1.31035,1.50,3.00
2017.10.27 02:24:44.923,1.3101,1.31035,1.00,3.00
2017.10.27 02:24:48.254,1.31009,1.31035,1.50,3.00
2017.10.27 02:24:50.051,1.31011,1.31035,1.87,1.37
2017.10.27 02:24:50.438,1.31015,1.31035,1.00,1.37
2017.10.27 02:24:50.593,1.31012,1.31035,1.00,1.12
2017.10.27 02:24:52.187,1.3101,1.31035,1.00,1.12
2017.10.27 02:24:54.118,1.31011,1.31035,1.00,1.12
2017.10.27 02:24:54.622,1.3101,1.31035,1.00,1.12
2017.10.27 02:24:56.716,1.31009,1.31035,1.50,1.12
2017.10.27 02:24:58.634,1.3101,1.31035,1.00,1.00
2017.10.27 02:24:58.685,1.3101,1.31034,1.00,1.87
2017.10.27 02:24:58.995,1.31016,1.31035,1.00,1.37
2017.10.27 02:24:59.574,1.31013,1.31034,1.00,1.87
2017.10.27 02:25:00.709,1.31014,1.31034,1.00,1.87
2017.10.27 02:25:01.833,1.31014,1.31035,1.00,2.62
2017.10.27 02:25:02.370,1.31012,1.31035,1.00,2.62
2017.10.27 02:25:05.469,1.31013,1.31035,1.00,2.62
2017.10.27 02:25:07.350,1.31012,1.31035,1.00,2.62
2017.10.27 02:25:09.116,1.31013,1.31035,1.00,2.62
2017.10.27 02:25:11.636,1.31011,1.31033,1.00,1.87
2017.10.27 02:25:17.748,1.3101,1.31033,1.00,1.87
2017.10.27 02:25:19.758,1.31011,1.31033,1.00,2.62
2017.10.27 02:25:20.302,1.3101,1.31033,1.50,1.87
2017.10.27 02:25:20.418,1.3101,1.31034,1.00,1.37
2017.10.27 02:25:20.470,1.31012,1.31034,1.00,1.37
2017.10.27 02:25:23.301,1.31011,1.31035,1.50,1.87
2017.10.27 02:25:23.352,1.31012,1.31035,1.00,1.50
2017.10.27 02:25:26.195,1.31011,1.31036,1.00,4.50
2017.10.27 02:25:29.543,1.31012,1.31035,1.00,1.50
2017.10.27 02:25:30.818,1.31011,1.31036,1.00,3.75
2017.10.27 02:25:33.680,1.31012,1.31035,1.00,2.62
2017.10.27 02:25:36.521,1.31011,1.31035,1.00,1.87
2017.10.27 02:25:37.035,1.31011,1.31035,1.00,1.87
2017.10.27 02:25:38.121,1.31012,1.31035,1.00,2.62
2017.10.27 02:25:38.810,1.31011,1.31035,1.00,1.87
2017.10.27 02:25:40.332,1.31012,1.31035,1.00,2.62
2017.10.27 02:25:42.649,1.31011,1.31035,1.00,1.87
2017.10.27 02:25:45.067,1.31012,1.31034,1.00,1.37
2017.10.27 02:25:47.171,1.31012,1.31034,1.00,1.37
2017.10.27 02:25:50.490,1.31011,1.31034,1.00,1.37
2017.10.27 02:25:51.080,1.31012,1.31034,1.00,1.37
2017.10.27 02:25:59.354,1.31012,1.31036,1.00,1.50
2017.10.27 02:25:59.406,1.31012,1.31037,1.50,1.00
2017.10.27 02:25:59.457,1.31014,1.31037,1.00,1.00
2017.10.27 02:25:59.960,1.31013,1.31038,1.00,1.12
2017.10.27 02:26:00.501,1.31014,1.31037,1.00,1.00
2017.10.27 02:26:01.839,1.31014,1.31038,1.00,1.12
2017.10.27 02:26:02.768,1.31014,1.31037,1.00,1.00
2017.10.27 02:26:08.361,1.31014,1.31036,1.00,1.00
2017.10.27 02:26:09.486,1.31013,1.31036,1.00,1.37
2017.10.27 02:26:10.869,1.31014,1.31038,1.00,3.00
2017.10.27 02:26:11.837,1.31013,1.31038,1.50,3.00
2017.10.27 02:26:12.176,1.3103,1.3105,1.00,1.50
2017.10.27 02:26:12.227,1.31028,1.31052,1.50,1.37
2017.10.27 02:26:12.432,1.31029,1.31052,1.00,2.62
2017.10.27 02:26:12.973,1.31028,1.31052,1.50,2.62
2017.10.27 02:26:13.474,1.31029,1.31052,1.00,3.37
2017.10.27 02:26:13.900,1.31029,1.3105,1.00,1.87
2017.10.27 02:26:17.431,1.31028,1.3105,1.50,1.87
2017.10.27 02:26:18.430,1.31028,1.31051,1.50,1.87
2017.10.27 02:26:19.103,1.31029,1.31051,1.00,1.87
2017.10.27 02:26:20.330,1.31028,1.31051,1.50,1.87
2017.10.27 02:26:22.216,1.31029,1.31051,1.00,1.87
2017.10.27 02:26:24.118,1.31028,1.31051,1.50,1.87
2017.10.27 02:26:24.627,1.31028,1.31052,1.50,1.87
2017.10.27 02:26:25.197,1.31027,1.31051,1.00,1.87
2017.10.27 02:26:30.498,1.31026,1.31052,1.25,2.62
2017.10.27 02:26:31.021,1.31027,1.31052,1.00,3.37
2017.10.27 02:26:37.824,1.31027,1.31052,1.00,1.37
2017.10.27 02:26:39.446,1.31028,1.31052,1.00,1.37
2017.10.27 02:26:41.131,1.31027,1.31052,1.00,1.37
2017.10.27 02:26:43.472,1.31026,1.31052,1.25,1.37
2017.10.27 02:26:44.531,1.31026,1.31052,1.25,2.62
2017.10.27 02:26:45.081,1.31027,1.31052,1.00,2.62
2017.10.27 02:26:47.363,1.31028,1.31052,1.00,2.62
2017.10.27 02:26:51.422,1.31028,1.31052,1.00,1.37
2017.10.27 02:26:51.948,1.31027,1.31052,1.00,1.37
2017.10.27 02:26:55.600,1.31028,1.31052,1.00,1.37
2017.10.27 02:26:55.651,1.31026,1.3105,1.00,1.87
2017.10.27 02:26:55.931,1.31027,1.31051,1.00,1.12
2017.10.27 02:26:56.532,1.31028,1.31052,1.00,1.37
2017.10.27 02:26:58.277,1.31028,1.31052,1.00,1.37
2017.10.27 02:26:59.176,1.31025,1.31052,1.25,1.37
2017.10.27 02:26:59.278,1.31028,1.31052,1.00,1.37
2017.10.27 02:26:59.827,1.31027,1.31052,1.00,1.87
2017.10.27 02:27:00.396,1.31028,1.31052,1.00,3.37
2017.10.27 02:27:00.922,1.31027,1.31052,1.00,2.62
2017.10.27 02:27:01.673,1.31028,1.31052,1.00,2.62
2017.10.27 02:27:02.172,1.31026,1.31046,1.00,1.87
2017.10.27 02:27:02.327,1.31023,1.31047,1.50,2.62
2017.10.27 02:27:02.379,1.31026,1.31048,1.12,1.00
2017.10.27 02:27:02.431,1.31026,1.3105,1.12,1.00
2017.10.27 02:27:02.482,1.31028,1.31052,1.00,1.00
2017.10.27 02:27:02.534,1.31026,1.31052,1.12,1.00
2017.10.27 02:27:03.038,1.31027,1.31052,1.00,1.00
2017.10.27 02:27:03.602,1.31026,1.31052,1.12,1.00
2017.10.27 02:27:03.963,1.3103,1.31055,1.00,1.00
2017.10.27 02:27:04.475,1.3103,1.31056,1.00,1.87
2017.10.27 02:27:05.002,1.31029,1.31056,1.31,1.12
2017.10.27 02:27:05.714,1.3103,1.31056,1.00,1.12
2017.10.27 02:27:08.809,1.31031,1.31056,1.00,1.12
2017.10.27 02:27:09.346,1.3103,1.31056,1.00,1.12
2017.10.27 02:27:11.379,1.31032,1.31056,1.00,1.00
2017.10.27 02:27:13.483,1.31031,1.31056,1.00,1.37
2017.10.27 02:27:14.271,1.31032,1.31056,1.00,1.37
2017.10.27 02:27:15.316,1.31031,1.31056,1.00,1.37
2017.10.27 02:27:15.916,1.31032,1.31056,1.00,1.37
2017.10.27 02:27:16.493,1.31031,1.31056,1.00,1.37
2017.10.27 02:27:18.349,1.31031,1.31056,1.00,1.37
2017.10.27 02:27:20.481,1.31031,1.31053,1.00,1.37
2017.10.27 02:27:20.533,1.31029,1.31053,1.00,1.12
2017.10.27 02:27:20.585,1.31028,1.31052,1.50,1.62
2017.10.27 02:27:20.636,1.31026,1.31051,1.00,1.00
2017.10.27 02:27:21.154,1.31027,1.31052,1.00,1.50
2017.10.27 02:27:21.206,1.31027,1.31052,1.00,1.00
2017.10.27 02:27:22.240,1.31026,1.31052,1.50,1.00
2017.10.27 02:27:22.986,1.31027,1.31052,1.00,1.00
2017.10.27 02:27:23.947,1.31026,1.31052,1.00,1.00
2017.10.27 02:27:23.999,1.31029,1.31053,1.00,1.12
2017.10.27 02:27:24.305,1.31033,1.31054,1.00,1.00
2017.10.27 02:27:24.907,1.31034,1.31054,1.00,1.00
2017.10.27 02:27:28.841,1.31034,1.31058,1.00,1.00
2017.10.27 02:27:28.944,1.31036,1.31061,1.50,1.00
2017.10.27 02:27:29.460,1.31036,1.3106,1.00,1.00
2017.10.27 02:27:32.671,1.31036,1.31061,1.50,1.50
2017.10.27 02:27:34.623,1.31036,1.31062,1.00,4.50
2017.10.27 02:27:36.622,1.31036,1.31061,1.50,1.00
2017.10.27 02:27:39.217,1.31037,1.31058,1.00,1.87
2017.10.27 02:27:39.723,1.31036,1.31059,1.00,1.87
2017.10.27 02:27:41.138,1.31036,1.3106,1.50,1.87
2017.10.27 02:27:41.555,1.31036,1.31062,1.00,3.00
2017.10.27 02:27:50.783,1.31036,1.31059,1.50,1.87
2017.10.27 02:27:54.614,1.31037,1.31059,1.00,1.87
2017.10.27 02:27:55.601,1.31036,1.31059,1.50,1.87
2017.10.27 02:27:56.778,1.31037,1.31059,1.00,1.87
2017.10.27 02:28:00.158,1.31036,1.3106,2.44,1.87
2017.10.27 02:28:00.470,1.31038,1.31062,1.00,4.12
2017.10.27 02:28:04.105,1.31036,1.31061,1.50,1.37
2017.10.27 02:28:04.488,1.31036,1.31058,1.50,1.00
2017.10.27 02:28:07.131,1.31036,1.31059,1.00,1.50
2017.10.27 02:28:07.949,1.31036,1.31058,1.50,1.50
2017.10.27 02:28:09.270,1.31036,1.31059,1.00,2.62
2017.10.27 02:28:12.297,1.31036,1.31058,1.50,1.50
2017.10.27 02:28:13.230,1.31036,1.31058,1.00,1.87
2017.10.27 02:28:16.562,1.31036,1.31058,1.00,1.87
2017.10.27 02:28:28.624,1.31036,1.31057,1.50,1.87
2017.10.27 02:28:34.571,1.31035,1.31058,1.00,1.87
2017.10.27 02:28:35.314,1.31036,1.31057,1.00,1.87
2017.10.27 02:28:39.731,1.31035,1.31057,1.00,1.87
2017.10.27 02:28:47.037,1.31037,1.31057,1.00,1.87
2017.10.27 02:28:51.764,1.31036,1.31058,1.00,1.37
2017.10.27 02:28:58.819,1.31037,1.31057,1.00,1.37
2017.10.27 02:28:59.320,1.31037,1.31057,1.00,1.87
2017.10.27 02:29:00.353,1.31036,1.31058,1.00,1.87
2017.10.27 02:29:01.636,1.31037,1.31057,1.00,1.00
2017.10.27 02:29:02.163,1.31037,1.31058,1.00,1.00
2017.10.27 02:29:02.701,1.31036,1.31059,1.00,1.00
2017.10.27 02:29:03.031,1.31038,1.31059,1.00,1.00
2017.10.27 02:29:07.396,1.31038,1.3106,1.00,1.12
2017.10.27 02:29:07.993,1.31039,1.3106,1.00,1.12
2017.10.27 02:29:08.147,1.3104,1.31063,1.00,1.87
2017.10.27 02:29:09.502,1.31041,1.31062,1.00,1.00
2017.10.27 02:29:13.109,1.3104,1.31063,1.00,2.62
2017.10.27 02:29:13.611,1.31041,1.31062,1.00,1.50
2017.10.27 02:29:16.118,1.3104,1.31063,1.00,1.87
2017.10.27 02:29:16.860,1.31041,1.31062,1.00,1.00
2017.10.27 02:29:21.231,1.3104,1.31063,1.00,1.12
2017.10.27 02:29:22.168,1.31041,1.31062,1.00,1.00
2017.10.27 02:29:25.358,1.3104,1.31063,1.00,1.87
2017.10.27 02:29:29.130,1.31042,1.31063,1.00,1.12
2017.10.27 02:29:29.974,1.31041,1.31064,1.00,1.87
2017.10.27 02:29:34.261,1.31042,1.31064,1.00,1.87
2017.10.27 02:29:38.833,1.31041,1.31065,1.00,1.37
2017.10.27 02:29:40.524,1.31042,1.31064,1.00,1.37
2017.10.27 02:29:41.147,1.31041,1.31064,1.00,1.12
2017.10.27 02:29:41.784,1.31042,1.31064,1.00,1.00
2017.10.27 02:29:42.648,1.31041,1.31065,1.00,1.87
2017.10.27 02:29:45.991,1.31042,1.31065,1.00,1.00
2017.10.27 02:29:46.625,1.31042,1.31065,1.12,1.37
2017.10.27 02:29:47.512,1.31041,1.31065,1.50,1.87
2017.10.27 02:29:48.462,1.31042,1.31065,1.87,1.50
2017.10.27 02:29:57.614,1.31043,1.31065,1.00,1.37
2017.10.27 02:29:58.579,1.31044,1.31065,1.00,1.37
2017.10.27 02:30:00.105,1.31043,1.31065,1.00,1.37
2017.10.27 02:30:01.290,1.31042,1.31065,1.87,1.12
2017.10.27 02:30:01.509,1.31042,1.31063,1.50,2.62
2017.10.27 02:30:01.995,1.31035,1.31055,1.00,2.62
2017.10.27 02:30:02.620,1.31034,1.31055,1.12,2.62
2017.10.27 02:30:03.161,1.31035,1.31055,1.00,2.62
2017.10.27 02:30:03.280,1.3103,1.31051,1.12,1.87
2017.10.27 02:30:03.383,1.31031,1.31053,1.00,2.62
2017.10.27 02:30:04.152,1.3103,1.31053,1.12,2.62
2017.10.27 02:30:06.211,1.31031,1.31053,1.00,2.62
2017.10.27 02:30:10.463,1.3103,1.31053,1.12,2.62
2017.10.27 02:30:13.608,1.31031,1.31053,1.00,2.62
2017.10.27 02:30:16.111,1.3103,1.31053,1.12,2.62
2017.10.27 02:30:17.052,1.31031,1.31053,1.00,2.62
2017.10.27 02:30:19.373,1.3103,1.31053,1.12,2.62
2017.10.27 02:30:21.075,1.31031,1.31051,1.00,1.87
2017.10.27 02:30:22.229,1.3103,1.31051,1.12,1.87
2017.10.27 02:30:22.901,1.31031,1.31051,1.00,1.87
2017.10.27 02:30:23.441,1.31029,1.31051,1.00,1.87
2017.10.27 02:30:23.646,1.31031,1.31051,1.00,1.87
2017.10.27 02:30:24.416,1.3103,1.31053,1.00,2.62
2017.10.27 02:30:24.761,1.3103,1.31051,1.00,1.87
2017.10.27 02:30:25.301,1.31029,1.31051,1.00,1.87
2017.10.27 02:30:25.806,1.3103,1.31051,1.00,1.87
2017.10.27 02:30:26.350,1.31029,1.31051,1.00,1.87
2017.10.27 02:30:27.297,1.3103,1.31051,1.00,1.87
2017.10.27 02:30:28.525,1.3103,1.31052,1.00,2.62
2017.10.27 02:30:28.681,1.3103,1.31053,1.50,1.00
2017.10.27 02:30:28.733,1.31032,1.31053,1.00,1.00
2017.10.27 02:30:28.938,1.3103,1.31055,2.25,1.37
2017.10.27 02:30:30.269,1.3103,1.31054,2.25,1.87
2017.10.27 02:30:30.788,1.31035,1.31055,1.00,2.62
2017.10.27 02:30:30.842,1.31035,1.31055,1.00,1.12
2017.10.27 02:30:30.945,1.31034,1.31059,1.00,2.62
2017.10.27 02:30:31.098,1.31035,1.31055,1.00,1.87
2017.10.27 02:30:31.201,1.31033,1.31055,1.00,1.87
2017.10.27 02:30:32.629,1.31033,1.31054,1.00,1.87
2017.10.27 02:30:38.484,1.31033,1.31053,1.00,1.87
2017.10.27 02:30:38.536,1.31031,1.31053,1.00,1.87
2017.10.27 02:30:39.059,1.31032,1.31053,1.00,1.87
2017.10.27 02:30:39.810,1.31032,1.31055,1.00,1.87
2017.10.27 02:30:40.592,1.31031,1.31055,1.00,1.87
2017.10.27 02:30:41.220,1.31032,1.31055,1.00,1.87
2017.10.27 02:30:44.179,1.31031,1.31055,1.00,1.87
2017.10.27 02:30:44.683,1.31032,1.31056,1.00,3.37
2017.10.27 02:30:46.211,1.31032,1.31053,1.00,1.87
2017.10.27 02:30:46.789,1.31031,1.31053,1.12,1.87
2017.10.27 02:30:54.559,1.3103,1.31053,1.00,1.87
2017.10.27 02:30:55.109,1.31031,1.31052,1.00,1.87
2017.10.27 02:30:55.599,1.31031,1.31054,1.00,2.62
2017.10.27 02:30:59.462,1.3103,1.31054,1.00,1.87
2017.10.27 02:30:59.514,1.31033,1.31056,1.00,1.37
2017.10.27 02:31:00.811,1.31032,1.31055,1.00,1.87
2017.10.27 02:31:01.477,1.31031,1.31055,1.00,1.87
2017.10.27 02:31:04.100,1.31032,1.31055,1.00,1.87
2017.10.27 02:31:05.110,1.31031,1.31055,1.00,1.87
2017.10.27 02:31:05.387,1.31032,1.31056,1.00,1.37
2017.10.27 02:31:05.906,1.31031,1.31056,1.50,1.37
2017.10.27 02:31:07.065,1.31032,1.31056,1.00,1.37
2017.10.27 02:31:07.701,1.31031,1.31055,1.12,1.87
2017.10.27 02:31:11.036,1.31032,1.31056,1.00,2.62
2017.10.27 02:31:11.345,1.31034,1.3106,1.69,1.00
2017.10.27 02:31:11.556,1.31038,1.31063,1.50,1.12
2017.10.27 02:31:15.389,1.3104,1.31063,1.00,1.00
2017.10.27 02:31:15.958,1.31039,1.31063,1.12,1.00
2017.10.27 02:31:16.647,1.3104,1.31063,1.00,1.00
2017.10.27 02:31:17.537,1.31039,1.31063,1.12,1.00
2017.10.27 02:31:18.638,1.3104,1.31063,1.00,1.00
2017.10.27 02:31:19.843,1.31039,1.31063,1.12,1.00
2017.10.27 02:31:20.548,1.3104,1.31063,1.00,1.00
2017.10.27 02:31:26.557,1.3104,1.31063,1.00,1.37
2017.10.27 02:31:26.609,1.31038,1.31063,1.12,1.12
2017.10.27 02:31:26.905,1.31039,1.31063,1.50,1.37
2017.10.27 02:31:27.419,1.31039,1.31063,1.50,1.37
2017.10.27 02:31:27.471,1.3104,1.31066,1.12,1.12
2017.10.27 02:31:27.626,1.3104,1.31066,1.00,2.62
2017.10.27 02:31:36.435,1.3104,1.31062,1.50,1.87
2017.10.27 02:31:40.923,1.31041,1.31063,1.31,1.00
2017.10.27 02:31:41.026,1.31042,1.31067,3.19,1.12
2017.10.27 02:31:41.625,1.31043,1.31067,1.12,1.12
2017.10.27 02:31:42.602,1.31044,1.31067,1.00,1.12
2017.10.27 02:31:43.871,1.31043,1.31067,1.12,1.12
2017.10.27 02:31:46.838,1.31044,1.31067,1.00,1.00
2017.10.27 02:31:47.333,1.31045,1.31067,1.50,1.00
2017.10.27 02:31:54.886,1.31047,1.31071,1.00,1.12
2017.10.27 02:31:55.710,1.31046,1.31071,2.25,1.12
2017.10.27 02:31:56.460,1.31046,1.31067,1.50,1.87
2017.10.27 02:31:56.642,1.31042,1.31067,1.50,1.87
2017.10.27 02:31:56.745,1.31042,1.31069,1.12,2.62
2017.10.27 02:31:56.900,1.31046,1.31069,1.00,1.00
2017.10.27 02:31:57.003,1.31047,1.31072,1.00,1.37
2017.10.27 02:32:00.111,1.31046,1.31072,1.25,1.37
2017.10.27 02:32:00.650,1.31047,1.31072,1.00,1.00
2017.10.27 02:32:03.768,1.31046,1.31072,1.25,1.12
2017.10.27 02:32:06.411,1.31047,1.31072,1.00,1.50
2017.10.27 02:32:06.513,1.31046,1.31069,1.25,1.00
2017.10.27 02:32:06.717,1.31047,1.31073,1.00,1.37
2017.10.27 02:32:10.186,1.31048,1.31073,1.00,1.37
2017.10.27 02:32:10.823,1.31047,1.31073,1.00,1.37
2017.10.27 02:32:11.142,1.31048,1.31073,1.00,4.87
2017.10.27 02:32:11.194,1.31048,1.31073,1.00,3.75
2017.10.27 02:32:13.868,1.31047,1.31072,1.00,1.87
2017.10.27 02:32:13.920,1.31045,1.31071,1.50,1.37
2017.10.27 02:32:14.429,1.31046,1.3107,1.00,1.37
2017.10.27 02:32:15.791,1.31045,1.31071,1.50,1.37
2017.10.27 02:32:18.974,1.31045,1.31069,1.00,1.37
2017.10.27 02:32:19.026,1.31042,1.31067,1.50,2.81
2017.10.27 02:32:19.128,1.31042,1.31067,1.00,1.37
2017.10.27 02:32:19.180,1.31042,1.31068,1.00,2.25
2017.10.27 02:32:19.939,1.31042,1.31067,1.50,1.37
2017.10.27 02:32:20.395,1.31042,1.31068,1.00,1.87
2017.10.27 02:32:22.244,1.31043,1.31068,1.00,1.00
2017.10.27 02:32:23.708,1.31042,1.31068,1.50,1.00
2017.10.27 02:32:30.019,1.31043,1.31068,1.00,1.00
2017.10.27 02:32:30.619,1.31042,1.31068,2.62,1.00
2017.10.27 02:32:34.221,1.31043,1.31068,1.00,3.37
2017.10.27 02:32:34.527,1.31042,1.31068,1.00,1.50
2017.10.27 02:32:35.039,1.31042,1.31068,1.12,1.00
2017.10.27 02:32:39.799,1.31043,1.31068,1.00,1.00
2017.10.27 02:32:41.318,1.31047,1.31072,1.37,1.00
2017.10.27 02:32:41.523,1.31049,1.31075,1.00,1.00
2017.10.27 02:32:43.625,1.31049,1.31073,1.00,1.12
2017.10.27 02:32:43.677,1.31046,1.31072,1.87,1.50
2017.10.27 02:32:43.728,1.31049,1.31074,1.12,1.50
2017.10.27 02:32:43.831,1.31049,1.31075,1.50,1.00
2017.10.27 02:32:44.359,1.31049,1.31075,1.87,1.00
2017.10.27 02:32:46.272,1.31051,1.31075,1.00,1.50
2017.10.27 02:32:46.375,1.31049,1.31075,2.25,2.62
2017.10.27 02:32:46.550,1.31049,1.31074,1.00,4.87
2017.10.27 02:32:48.263,1.31049,1.3107,1.00,1.00
2017.10.27 02:32:55.982,1.31046,1.31066,1.00,1.87
2017.10.27 02:32:56.086,1.31043,1.31064,1.50,1.37
2017.10.27 02:32:56.622,1.31043,1.31063,1.00,1.37
2017.10.27 02:33:00.540,1.31043,1.31063,1.00,1.00
2017.10.27 02:33:01.534,1.31043,1.31062,1.00,1.00
2017.10.27 02:33:02.511,1.3104,1.31063,1.00,3.37
2017.10.27 02:33:03.015,1.3104,1.31064,1.00,1.12
2017.10.27 02:33:03.545,1.3104,1.31065,1.00,1.00
2017.10.27 02:33:11.802,1.3104,1.31066,1.00,1.50
2017.10.27 02:33:12.588,1.3104,1.31065,1.00,1.12
2017.10.27 02:33:14.215,1.3104,1.31066,1.00,1.50
2017.10.27 02:33:14.741,1.3104,1.31065,1.50,1.00
2017.10.27 02:33:15.752,1.3104,1.31066,1.50,1.87
2017.10.27 02:33:15.803,1.31041,1.31066,1.37,1.12
2017.10.27 02:33:17.189,1.3104,1.31066,1.87,1.00
2017.10.27 02:33:19.102,1.3104,1.31065,1.00,1.12
2017.10.27 02:33:19.409,1.3104,1.31062,1.00,1.00
2017.10.27 02:33:20.025,1.3104,1.31064,1.00,1.37
2017.10.27 02:33:23.759,1.31037,1.31062,1.87,1.00
2017.10.27 02:33:24.017,1.31037,1.31058,1.00,1.00
2017.10.27 02:33:24.898,1.31037,1.31061,1.00,1.87
2017.10.27 02:33:25.834,1.31037,1.3106,1.00,1.00
2017.10.27 02:33:26.414,1.31037,1.31059,1.00,1.00
2017.10.27 02:33:27.371,1.31037,1.3106,1.00,1.00
2017.10.27 02:33:29.499,1.31037,1.31059,1.00,1.00
2017.10.27 02:33:30.367,1.31032,1.31056,1.50,1.37
2017.10.27 02:33:33.453,1.31032,1.31056,1.00,1.00
2017.10.27 02:33:33.505,1.31032,1.31058,1.12,1.00
2017.10.27 02:33:33.607,1.31032,1.31056,1.00,1.00
2017.10.27 02:33:33.812,1.31032,1.31058,1.00,1.00
2017.10.27 02:33:34.334,1.31032,1.31057,1.00,1.00
2017.10.27 02:33:40.401,1.31032,1.31056,1.00,1.00
2017.10.27 02:33:40.977,1.31032,1.31055,1.00,1.00
2017.10.27 02:33:42.234,1.31032,1.31056,1.00,1.00
2017.10.27 02:33:47.354,1.31032,1.31057,1.00,1.50
2017.10.27 02:33:47.871,1.31032,1.31056,1.00,1.00
2017.10.27 02:33:50.129,1.31032,1.31057,1.00,1.00
2017.10.27 02:33:50.687,1.31032,1.31056,1.00,1.00
2017.10.27 02:33:52.329,1.31032,1.31057,1.00,1.00
2017.10.27 02:33:52.891,1.31032,1.31056,1.00,1.00
2017.10.27 02:33:56.428,1.31032,1.31055,1.00,1.00
2017.10.27 02:33:59.166,1.31032,1.31054,1.00,1.00
2017.10.27 02:34:01.523,1.31032,1.31056,1.00,1.12
2017.10.27 02:34:02.399,1.31032,1.31057,1.00,1.87
2017.10.27 02:34:08.077,1.31032,1.31058,1.50,1.00
2017.10.27 02:34:08.179,1.31033,1.31058,2.06,1.00
2017.10.27 02:34:08.467,1.31035,1.31061,1.00,2.62
2017.10.27 02:34:08.929,1.31035,1.31058,1.00,1.12
2017.10.27 02:34:08.981,1.31031,1.31058,1.12,1.50
2017.10.27 02:34:09.134,1.31028,1.31056,1.12,1.87
2017.10.27 02:34:10.125,1.31028,1.31055,1.87,1.00
2017.10.27 02:34:10.639,1.31028,1.31056,2.06,1.50
2017.10.27 02:34:20.332,1.31028,1.31056,1.31,1.37
2017.10.27 02:34:21.953,1.3103,1.31056,1.37,1.00
2017.10.27 02:34:22.057,1.31032,1.31059,1.69,1.12
2017.10.27 02:34:28.724,1.31034,1.31059,1.00,2.25
2017.10.27 02:34:29.570,1.31033,1.31059,1.25,3.00
2017.10.27 02:34:30.105,1.31032,1.31059,1.25,2.25
2017.10.27 02:34:30.903,1.31033,1.31059,1.00,3.00
2017.10.27 02:34:33.923,1.31033,1.31057,1.00,2.25
2017.10.27 02:34:34.704,1.31031,1.31055,1.69,1.12
2017.10.27 02:34:35.368,1.31031,1.31055,1.00,2.62
2017.10.27 02:34:37.071,1.3103,1.31053,1.00,1.00
2017.10.27 02:34:37.659,1.3103,1.31054,1.00,1.12
2017.10.27 02:34:38.238,1.3103,1.31053,1.00,1.00
2017.10.27 02:34:38.545,1.31027,1.3105,1.00,1.12
2017.10.27 02:34:38.751,1.31021,1.31045,1.00,1.00
2017.10.27 02:34:39.261,1.31021,1.31046,1.00,1.50
2017.10.27 02:34:39.765,1.31022,1.31047,1.00,1.00
2017.10.27 02:34:41.159,1.31022,1.31047,1.31,1.00
2017.10.27 02:34:42.453,1.31022,1.31047,1.19,1.00
2017.10.27 02:34:55.442,1.31025,1.31051,1.00,3.37
2017.10.27 02:35:15.764,1.31025,1.31051,1.00,1.00
2017.10.27 02:35:19.159,1.31027,1.31051,1.00,1.00
2017.10.27 02:35:19.662,1.31028,1.31051,1.00,1.00
2017.10.27 02:35:20.296,1.31027,1.31051,1.25,1.00
2017.10.27 02:35:21.094,1.31028,1.31051,1.00,1.00
2017.10.27 02:35:21.600,1.31027,1.31051,1.25,1.00
2017.10.27 02:35:25.081,1.31028,1.31051,1.00,1.00
2017.10.27 02:35:26.234,1.31027,1.31051,1.25,1.00
2017.10.27 02:35:26.868,1.31028,1.31051,1.00,1.00
2017.10.27 02:35:27.773,1.31027,1.31051,1.25,1.00
2017.10.27 02:35:28.337,1.31028,1.31051,1.00,1.00
2017.10.27 02:35:29.093,1.31027,1.31051,1.00,1.00
2017.10.27 02:35:29.609,1.31028,1.31051,1.12,1.00
2017.10.27 02:35:34.605,1.3103,1.31055,1.00,1.12
2017.10.27 02:35:35.857,1.31029,1.31055,1.50,1.12
2017.10.27 02:35:38.765,1.3103,1.31055,1.00,1.12
2017.10.27 02:35:40.031,1.31029,1.31055,1.50,1.12
2017.10.27 02:35:42.868,1.3103,1.31055,1.00,1.12
2017.10.27 02:35:52.724,1.31029,1.31055,1.50,1.12
2017.10.27 02:35:53.029,1.31032,1.31057,1.00,3.37
2017.10.27 02:35:59.235,1.31034,1.31058,1.00,1.37
2017.10.27 02:36:00.257,1.31033,1.31058,1.00,1.37
2017.10.27 02:36:00.808,1.31034,1.31058,1.00,1.00
2017.10.27 02:36:02.322,1.31033,1.31058,1.00,1.00
2017.10.27 02:36:02.863,1.31034,1.31058,1.00,1.00
2017.10.27 02:36:08.261,1.31033,1.31058,1.00,1.00
2017.10.27 02:36:09.689,1.31034,1.31058,1.00,1.00
2017.10.27 02:36:10.501,1.31033,1.31058,1.00,1.00
2017.10.27 02:36:13.208,1.31034,1.31058,1.00,1.00
2017.10.27 02:36:13.716,1.31033,1.31058,1.00,1.00
2017.10.27 02:36:16.658,1.31032,1.31058,1.00,1.12
2017.10.27 02:36:17.024,1.31036,1.31058,1.00,1.12
2017.10.27 02:36:17.076,1.31032,1.31058,1.50,1.12
2017.10.27 02:36:17.229,1.31034,1.31058,1.00,1.12
2017.10.27 02:36:17.659,1.31036,1.31058,1.00,1.12
2017.10.27 02:36:19.136,1.31037,1.31061,1.00,1.00
2017.10.27 02:36:19.781,1.31038,1.31061,1.00,1.00
2017.10.27 02:36:20.383,1.31038,1.31061,1.00,2.62
2017.10.27 02:36:23.330,1.31037,1.31061,1.00,2.62
2017.10.27 02:36:25.230,1.31038,1.31061,1.00,2.62
2017.10.27 02:36:26.291,1.31037,1.31061,1.00,2.62
2017.10.27 02:36:26.931,1.31038,1.31061,1.00,2.62
2017.10.27 02:36:30.498,1.31038,1.3106,1.00,1.87
2017.10.27 02:36:30.550,1.31036,1.3106,1.50,1.87
2017.10.27 02:36:37.292,1.31036,1.31061,1.50,3.37
2017.10.27 02:36:37.717,1.31039,1.31061,1.00,1.00
2017.10.27 02:36:38.021,1.31041,1.31063,1.00,1.87
2017.10.27 02:36:41.538,1.31038,1.31065,2.06,1.12
2017.10.27 02:36:41.852,1.31039,1.31061,1.00,1.37
2017.10.27 02:36:42.058,1.31038,1.31064,1.00,4.12
2017.10.27 02:36:42.162,1.31038,1.31064,1.00,1.50
2017.10.27 02:36:42.214,1.31038,1.31065,1.56,2.25
2017.10.27 02:36:42.785,1.31041,1.31065,1.00,1.00
2017.10.27 02:36:43.300,1.3104,1.31065,1.25,1.00
2017.10.27 02:36:43.639,1.3104,1.31065,1.19,1.00
2017.10.27 02:36:44.173,1.3104,1.31065,1.19,1.00
2017.10.27 02:36:44.703,1.31039,1.31061,1.00,1.00
2017.10.27 02:36:45.009,1.31037,1.31065,1.50,3.37
2017.10.27 02:36:45.526,1.31038,1.31064,1.00,1.50
2017.10.27 02:36:46.037,1.31037,1.31065,1.50,2.62
2017.10.27 02:36:47.161,1.31038,1.31064,1.00,1.50
2017.10.27 02:36:47.711,1.31037,1.31065,1.50,3.56
2017.10.27 02:36:49.251,1.31038,1.31064,1.00,1.50
2017.10.27 02:36:49.841,1.31041,1.31064,1.00,1.00
2017.10.27 02:36:52.441,1.3104,1.31065,1.00,1.50
2017.10.27 02:36:53.704,1.31041,1.31064,1.00,1.00
2017.10.27 02:36:54.263,1.3104,1.31065,1.00,1.50
2017.10.27 02:36:55.170,1.31041,1.31065,1.00,1.00
2017.10.27 02:36:56.749,1.31043,1.31065,1.00,1.00
2017.10.27 02:36:56.954,1.31044,1.31068,1.00,1.00
2017.10.27 02:36:57.005,1.31046,1.31069,1.00,1.00
2017.10.27 02:36:57.931,1.31045,1.31069,1.00,1.00
2017.10.27 02:36:58.864,1.31046,1.31069,1.00,1.00
2017.10.27 02:36:59.231,1.31048,1.31071,2.44,1.00
2017.10.27 02:36:59.283,1.31051,1.31074,1.00,1.00
2017.10.27 02:36:59.334,1.31053,1.31078,1.00,1.00
2017.10.27 02:37:00.238,1.31054,1.31082,1.00,3.37
2017.10.27 02:37:00.773,1.31054,1.31079,1.00,1.00
2017.10.27 02:37:01.284,1.31054,1.31081,1.50,2.25
2017.10.27 02:37:19.254,1.31054,1.31079,1.00,1.50
2017.10.27 02:37:19.589,1.31054,1.31077,1.00,1.00
2017.10.27 02:37:22.505,1.3105,1.31077,1.50,1.00
2017.10.27 02:37:23.053,1.3105,1.31078,1.00,2.25
2017.10.27 02:37:24.360,1.3105,1.31077,1.50,1.50
2017.10.27 02:37:27.282,1.3105,1.31078,1.00,2.25
2017.10.27 02:37:28.142,1.3105,1.31077,1.50,1.50
2017.10.27 02:37:29.181,1.3105,1.31078,1.00,2.25
2017.10.27 02:37:30.023,1.3105,1.31077,1.50,1.50
2017.10.27 02:37:31.311,1.3105,1.31078,1.00,2.25
2017.10.27 02:37:32.344,1.3105,1.31077,1.50,1.00
2017.10.27 02:37:32.397,1.31051,1.31079,1.00,1.87
2017.10.27 02:37:32.857,1.31053,1.31079,1.00,1.12
2017.10.27 02:37:34.208,1.31052,1.31079,1.00,1.50
2017.10.27 02:37:34.931,1.31053,1.31079,1.00,1.12
2017.10.27 02:37:36.300,1.31056,1.31081,1.19,1.00
2017.10.27 02:37:36.455,1.31063,1.3109,1.00,1.50
2017.10.27 02:37:36.559,1.31061,1.31089,2.25,1.50
2017.10.27 02:37:37.097,1.31061,1.3109,1.69,1.87
2017.10.27 02:37:37.908,1.31061,1.3109,1.69,1.87
2017.10.27 02:37:39.039,1.31062,1.31088,1.00,1.50
2017.10.27 02:37:40.471,1.31063,1.31088,1.00,1.12
2017.10.27 02:37:41.120,1.31061,1.31089,1.50,1.87
2017.10.27 02:37:42.163,1.31062,1.31088,1.00,1.50
2017.10.27 02:37:42.471,1.31062,1.31085,1.00,1.00
2017.10.27 02:37:42.523,1.31059,1.31085,1.50,1.00
2017.10.27 02:37:42.626,1.31059,1.31084,1.00,3.00
2017.10.27 02:37:42.974,1.31048,1.31073,1.12,1.50
2017.10.27 02:37:43.332,1.3105,1.31076,1.00,1.37
2017.10.27 02:37:43.384,1.31049,1.31077,1.12,1.00
2017.10.27 02:37:43.959,1.3105,1.31077,2.62,1.50
2017.10.27 02:37:44.658,1.31051,1.31077,1.12,1.50
2017.10.27 02:37:48.213,1.31053,1.31077,1.00,1.37
2017.10.27 02:37:48.264,1.31051,1.31078,1.50,1.87
2017.10.27 02:37:48.316,1.31051,1.31074,1.00,1.00
2017.10.27 02:37:48.418,1.31052,1.31077,1.00,1.00
2017.10.27 02:37:49.025,1.31051,1.31078,1.00,1.12
2017.10.27 02:37:49.673,1.31051,1.31077,1.00,1.00
2017.10.27 02:37:50.440,1.31051,1.31078,1.87,1.00
2017.10.27 02:37:51.315,1.31051,1.31077,1.50,1.00
2017.10.27 02:37:53.769,1.31051,1.31077,1.00,1.37
2017.10.27 02:37:54.216,1.31051,1.31078,1.50,1.00
2017.10.27 02:37:55.156,1.31051,1.31077,1.50,1.00
2017.10.27 02:37:58.469,1.31051,1.31078,1.50,1.00
2017.10.27 02:37:58.982,1.31051,1.31077,1.00,1.00
2017.10.27 02:37:59.966,1.31051,1.31078,1.00,1.50
2017.10.27 02:38:03.734,1.31049,1.31073,1.00,1.37
2017.10.27 02:38:04.237,1.31048,1.31073,1.00,1.50
2017.10.27 02:38:09.164,1.31048,1.31073,1.00,3.00
2017.10.27 02:38:09.573,1.31046,1.31072,1.00,1.87
2017.10.27 02:38:09.625,1.31045,1.31071,2.62,1.87
2017.10.27 02:38:10.460,1.31046,1.31071,1.00,2.62
2017.10.27 02:38:10.646,1.31045,1.31071,2.62,1.12
2017.10.27 02:38:11.121,1.31047,1.31072,1.00,1.00
2017.10.27 02:38:11.628,1.31046,1.31072,1.00,1.00
2017.10.27 02:38:15.241,1.31047,1.31072,1.00,1.00
2017.10.27 02:38:16.865,1.31046,1.31072,1.00,1.00
2017.10.27 02:38:19.279,1.31047,1.31072,1.00,1.00
2017.10.27 02:38:23.261,1.31048,1.31072,1.00,1.00
2017.10.27 02:38:26.961,1.31047,1.31072,1.00,1.00
2017.10.27 02:38:27.910,1.31048,1.31072,1.00,1.00
2017.10.27 02:38:29.263,1.31047,1.31072,1.00,1.00
2017.10.27 02:38:30.296,1.31048,1.31072,1.00,1.00
2017.10.27 02:38:34.263,1.31047,1.31072,1.00,1.00
2017.10.27 02:38:34.406,1.31048,1.31074,1.00,1.00
2017.10.27 02:38:47.385,1.31048,1.31076,1.00,3.00
2017.10.27 02:38:51.791,1.31048,1.31076,1.50,3.19
2017.10.27 02:38:54.383,1.31051,1.31076,1.00,1.12
2017.10.27 02:38:54.537,1.31052,1.3108,1.37,1.12
2017.10.27 02:38:55.148,1.31054,1.3108,1.00,1.12
2017.10.27 02:38:59.898,1.31053,1.3108,1.12,1.12
2017.10.27 02:39:00.908,1.31053,1.3108,1.69,1.12
2017.10.27 02:39:01.417,1.31053,1.3108,1.12,1.87
2017.10.27 02:39:02.519,1.31056,1.3108,1.87,1.50
2017.10.27 02:39:02.776,1.31056,1.31083,2.62,1.00
2017.10.27 02:39:07.039,1.31061,1.31083,1.37,1.00
2017.10.27 02:39:09.065,1.31063,1.31083,1.37,1.00
2017.10.27 02:39:09.117,1.31063,1.31086,1.37,1.00
2017.10.27 02:39:13.746,1.31062,1.31086,1.00,1.50
2017.10.27 02:39:15.150,1.31062,1.31084,1.00,1.00
2017.10.27 02:39:17.197,1.31061,1.31084,1.50,1.00
2017.10.27 02:39:20.024,1.31061,1.31083,1.00,1.12
2017.10.27 02:39:20.127,1.31056,1.31082,1.94,1.37
2017.10.27 02:39:20.179,1.31054,1.31074,1.94,1.00
2017.10.27 02:39:20.384,1.31053,1.31078,1.37,2.06
2017.10.27 02:39:21.958,1.31052,1.31077,1.00,1.69
2017.10.27 02:39:22.517,1.31052,1.31076,1.50,1.37
2017.10.27 02:39:26.880,1.31052,1.31076,2.07,1.87
2017.10.27 02:39:27.515,1.31052,1.31076,2.07,1.87
2017.10.27 02:39:30.172,1.31053,1.31076,1.00,1.87
2017.10.27 02:39:30.772,1.31052,1.31077,1.32,2.62
2017.10.27 02:39:31.170,1.31053,1.31077,1.69,2.62
2017.10.27 02:39:31.537,1.31053,1.31077,1.69,1.00
2017.10.27 02:39:31.589,1.31053,1.31076,1.69,1.87
2017.10.27 02:39:35.234,1.31053,1.31079,1.37,3.75
2017.10.27 02:39:46.604,1.31053,1.31079,1.37,1.50
2017.10.27 02:39:47.385,1.31053,1.31078,1.87,1.00
2017.10.27 02:39:47.980,1.31053,1.31079,1.37,3.37
2017.10.27 02:39:48.264,1.31051,1.31077,1.69,1.12
2017.10.27 02:39:48.538,1.3105,1.31073,1.50,1.37
2017.10.27 02:39:50.982,1.31046,1.31072,3.19,1.12
2017.10.27 02:39:53.982,1.31046,1.31072,1.87,1.12
2017.10.27 02:39:54.492,1.31047,1.31072,1.00,1.87
2017.10.27 02:39:56.525,1.31046,1.31073,1.87,2.62
2017.10.27 02:39:57.038,1.31047,1.31072,1.00,1.00
2017.10.27 02:40:00.361,1.31047,1.31073,1.87,1.50
2017.10.27 02:40:00.637,1.31049,1.31076,1.50,1.50
2017.10.27 02:40:02.839,1.31049,1.31076,1.50,1.50
2017.10.27 02:40:03.852,1.31049,1.31076,1.12,1.12
2017.10.27 02:40:03.903,1.31051,1.31077,1.00,1.12
2017.10.27 02:40:05.035,1.3105,1.31077,1.00,1.12
2017.10.27 02:40:09.016,1.31051,1.31077,1.00,1.12
2017.10.27 02:40:10.016,1.3105,1.31077,1.25,1.12
2017.10.27 02:40:11.060,1.31051,1.31077,1.00,1.12
2017.10.27 02:40:11.681,1.31052,1.31077,1.00,1.00
2017.10.27 02:40:12.188,1.31052,1.31079,1.00,1.37
2017.10.27 02:40:12.526,1.31052,1.31077,1.50,1.87
2017.10.27 02:40:16.064,1.31052,1.31077,2.62,1.87
2017.10.27 02:40:16.166,1.31054,1.31079,1.00,1.37
2017.10.27 02:40:16.693,1.31055,1.31079,1.12,1.37
2017.10.27 02:40:17.430,1.31054,1.31077,1.12,1.87
2017.10.27 02:40:18.035,1.31053,1.31078,1.37,1.87
2017.10.27 02:40:28.940,1.31053,1.31078,1.87,1.37
2017.10.27 02:40:29.096,1.31053,1.31079,1.87,1.87
2017.10.27 02:40:29.199,1.31056,1.31079,1.12,1.00
2017.10.27 02:40:29.353,1.31058,1.31083,1.12,1.00
2017.10.27 02:40:29.455,1.31056,1.31083,1.50,1.37
2017.10.27 02:40:30.031,1.31055,1.31081,1.87,1.00
2017.10.27 02:40:30.555,1.31055,1.3108,1.50,1.87
2017.10.27 02:40:30.862,1.31053,1.31078,1.12,1.12
2017.10.27 02:40:32.608,1.31052,1.31079,1.50,5.25
2017.10.27 02:40:35.555,1.31052,1.31079,3.75,1.50
2017.10.27 02:40:37.085,1.31052,1.31078,6.00,1.00
2017.10.27 02:40:37.707,1.31053,1.31078,2.25,1.00
2017.10.27 02:40:43.013,1.31057,1.31079,1.00,1.00
2017.10.27 02:40:43.225,1.31057,1.31082,1.00,1.87
2017.10.27 02:40:46.323,1.3106,1.31082,1.37,1.00
2017.10.27 02:40:46.425,1.31063,1.31089,3.00,1.12
2017.10.27 02:40:46.579,1.31064,1.31089,1.37,2.62
2017.10.27 02:40:46.681,1.31061,1.31088,2.62,2.62
2017.10.27 02:40:47.396,1.31063,1.31089,1.12,1.12
2017.10.27 02:40:47.552,1.31063,1.31087,1.12,1.87
2017.10.27 02:40:47.759,1.3106,1.31087,1.37,1.37
2017.10.27 02:40:47.977,1.31059,1.31084,1.00,1.00
2017.10.27 02:40:49.034,1.31059,1.31087,1.00,1.37
2017.10.27 02:40:49.577,1.31058,1.31087,2.25,1.37
2017.10.27 02:40:50.127,1.31059,1.31087,1.00,1.37
2017.10.27 02:40:50.333,1.3106,1.31087,1.37,1.37
2017.10.27 02:40:50.968,1.3106,1.31087,1.37,1.00
2017.10.27 02:40:51.444,1.31058,1.31087,3.37,2.62
2017.10.27 02:40:53.665,1.3106,1.31087,1.37,1.12
2017.10.27 02:40:53.971,1.31064,1.31089,1.00,1.87
2017.10.27 02:40:56.573,1.31063,1.31089,1.50,1.50
2017.10.27 02:40:56.829,1.31068,1.31095,1.50,1.00
2017.10.27 02:40:56.931,1.31069,1.31094,1.00,2.25
2017.10.27 02:40:57.136,1.31066,1.31093,1.00,1.37
2017.10.27 02:40:57.188,1.31065,1.31084,1.00,1.00
2017.10.27 02:40:57.551,1.31064,1.31082,1.00,1.50
2017.10.27 02:40:57.921,1.31061,1.31082,1.12,1.50
2017.10.27 02:40:58.281,1.31063,1.31082,1.31,1.00
2017.10.27 02:40:58.485,1.31064,1.31089,1.50,1.00
2017.10.27 02:40:59.026,1.31064,1.31088,1.00,1.00
2017.10.27 02:40:59.282,1.31063,1.31089,1.00,3.00
2017.10.27 02:40:59.595,1.31062,1.31084,1.00,1.00
2017.10.27 02:40:59.801,1.31062,1.31087,1.00,1.12
2017.10.27 02:40:59.964,1.31062,1.31084,1.00,1.00
2017.10.27 02:41:00.016,1.31062,1.31086,1.00,1.00
2017.10.27 02:41:00.518,1.31062,1.31085,1.00,1.00
2017.10.27 02:41:02.359,1.31062,1.31084,1.00,1.00
2017.10.27 02:41:02.807,1.31056,1.31084,2.62,1.50
2017.10.27 02:41:03.339,1.31057,1.31085,1.12,1.50
2017.10.27 02:41:04.397,1.31058,1.31085,1.00,1.00
2017.10.27 02:41:10.855,1.31056,1.31083,1.50,1.87
2017.10.27 02:41:11.011,1.31057,1.31083,1.00,1.00
2017.10.27 02:41:12.241,1.31057,1.31084,2.62,1.00
2017.10.27 02:41:13.019,1.31058,1.31084,1.50,1.00
2017.10.27 02:41:14.070,1.31062,1.31086,1.12,2.25
2017.10.27 02:41:14.621,1.31062,1.31085,1.37,1.12
2017.10.27 02:41:14.922,1.31064,1.31089,1.37,1.75
2017.10.27 02:41:15.418,1.31062,1.31084,1.00,1.00
2017.10.27 02:41:16.368,1.3106,1.31084,1.12,1.50
2017.10.27 02:41:16.879,1.3106,1.31085,1.12,1.00
2017.10.27 02:41:19.183,1.3106,1.31084,1.12,1.00
2017.10.27 02:41:19.592,1.31062,1.31085,1.37,1.50
2017.10.27 02:41:19.989,1.3106,1.31086,1.00,2.25
2017.10.27 02:41:20.499,1.31057,1.31083,2.62,1.12
2017.10.27 02:41:21.148,1.31057,1.31083,1.62,1.50
2017.10.27 02:41:21.709,1.31057,1.31083,2.81,2.25
2017.10.27 02:41:22.225,1.31058,1.31083,2.62,1.12
2017.10.27 02:41:25.623,1.31057,1.31083,1.12,1.12
2017.10.27 02:41:25.930,1.31057,1.31084,2.62,1.37
2017.10.27 02:41:29.739,1.31057,1.31082,2.62,1.00
2017.10.27 02:41:30.324,1.31057,1.3108,2.62,1.00
2017.10.27 02:41:30.456,1.31057,1.31082,2.62,1.00
2017.10.27 02:41:31.046,1.31057,1.31083,2.62,1.12
2017.10.27 02:41:31.548,1.31057,1.31082,2.62,1.00
2017.10.27 02:41:32.291,1.31058,1.31083,1.37,1.12
2017.10.27 02:41:34.550,1.31057,1.31084,3.37,1.00
2017.10.27 02:41:35.407,1.31057,1.31085,3.37,3.00
2017.10.27 02:41:35.509,1.31057,1.31085,1.00,3.00
2017.10.27 02:41:35.956,1.31057,1.31083,1.00,1.00
2017.10.27 02:41:36.480,1.3106,1.31083,1.87,1.00
2017.10.27 02:41:36.532,1.3106,1.31085,1.87,1.50
2017.10.27 02:41:39.126,1.3106,1.31084,1.87,1.00
2017.10.27 02:41:39.243,1.31059,1.31085,1.50,1.37
2017.10.27 02:41:42.217,1.31058,1.31085,3.37,1.00
2017.10.27 02:41:43.565,1.31063,1.31088,1.87,1.00
2017.10.27 02:41:43.618,1.31064,1.31092,1.87,1.12
2017.10.27 02:41:43.669,1.31064,1.3109,1.87,1.00
2017.10.27 02:41:43.772,1.31062,1.3109,3.37,1.00
2017.10.27 02:41:44.959,1.31062,1.31091,3.37,1.50
2017.10.27 02:41:45.011,1.31066,1.31091,1.87,1.00
2017.10.27 02:41:45.062,1.31067,1.31093,1.87,1.25
2017.10.27 02:41:45.501,1.31066,1.31093,1.37,1.31
2017.10.27 02:41:46.705,1.31066,1.31089,1.00,1.12
2017.10.27 02:41:46.757,1.31063,1.31089,1.00,1.00
2017.10.27 02:41:48.953,1.31065,1.31089,1.87,1.00
2017.10.27 02:41:50.883,1.31063,1.31089,2.62,1.50
2017.10.27 02:41:50.935,1.31063,1.31087,1.00,1.00
2017.10.27 02:41:51.241,1.31065,1.31088,1.87,1.00
2017.10.27 02:41:51.918,1.31065,1.31087,1.87,1.00
2017.10.27 02:41:52.487,1.31065,1.31088,1.87,1.00
2017.10.27 02:41:52.847,1.31063,1.31085,1.00,1.87
2017.10.27 02:41:53.052,1.31058,1.31083,1.37,1.12
2017.10.27 02:41:53.205,1.31059,1.31083,1.87,1.12
2017.10.27 02:41:53.861,1.31059,1.31082,1.87,1.00
2017.10.27 02:41:54.890,1.31059,1.31083,1.87,1.12
2017.10.27 02:41:54.942,1.31058,1.31083,1.37,1.12
2017.10.27 02:41:55.048,1.31058,1.31081,1.37,1.00
2017.10.27 02:41:56.297,1.31055,1.31081,1.00,1.12
2017.10.27 02:41:56.451,1.3105,1.31076,1.87,1.12
2017.10.27 02:41:56.553,1.3105,1.31072,1.00,1.00
2017.10.27 02:41:56.656,1.31046,1.31069,1.12,1.00
2017.10.27 02:41:57.217,1.31044,1.31067,3.37,1.00
2017.10.27 02:41:57.269,1.31044,1.31067,1.50,1.00
2017.10.27 02:41:58.245,1.31042,1.31068,1.87,1.50
2017.10.27 02:41:59.128,1.31041,1.31068,1.87,1.00
2017.10.27 02:41:59.180,1.3104,1.31067,1.37,1.87
2017.10.27 02:41:59.232,1.3104,1.31068,2.62,1.50
2017.10.27 02:41:59.445,1.31043,1.31067,1.87,1.00
2017.10.27 02:42:00.423,1.3104,1.31068,1.37,2.62
2017.10.27 02:42:00.526,1.3104,1.31064,1.00,1.37
2017.10.27 02:42:00.680,1.31035,1.31063,1.87,1.87
2017.10.27 02:42:00.936,1.31037,1.31062,1.87,1.50
2017.10.27 02:42:01.297,1.31039,1.31062,1.87,1.50
2017.10.27 02:42:01.555,1.31039,1.31065,1.87,1.12
2017.10.27 02:42:04.262,1.31038,1.31065,1.87,1.12
2017.10.27 02:42:05.552,1.31037,1.31065,1.87,2.25
2017.10.27 02:42:05.905,1.31036,1.31065,2.62,3.94
2017.10.27 02:42:06.059,1.31035,1.31063,1.37,1.62
2017.10.27 02:42:06.911,1.31035,1.31062,2.62,1.12
2017.10.27 02:42:07.666,1.31036,1.31064,1.87,1.87
2017.10.27 02:42:13.460,1.31037,1.31064,1.87,1.87
2017.10.27 02:42:14.006,1.31038,1.31063,1.87,1.87
2017.10.27 02:42:20.133,1.31039,1.31063,1.87,1.50
2017.10.27 02:42:20.766,1.31039,1.31064,1.87,3.00
2017.10.27 02:42:21.304,1.31039,1.31063,1.87,1.50
2017.10.27 02:42:21.575,1.31037,1.31063,1.37,1.50
2017.10.27 02:42:22.091,1.31036,1.31062,2.62,1.00
2017.10.27 02:42:22.965,1.31035,1.31059,1.12,1.00
2017.10.27 02:42:23.119,1.31029,1.31055,1.00,1.37
2017.10.27 02:42:23.171,1.31025,1.3105,1.87,1.00
2017.10.27 02:42:23.222,1.31022,1.31049,1.37,1.37
2017.10.27 02:42:23.376,1.31022,1.31046,2.62,1.00
2017.10.27 02:42:23.531,1.31022,1.31047,1.12,1.12
2017.10.27 02:42:24.050,1.31022,1.31046,1.12,1.00
2017.10.27 02:42:24.615,1.31022,1.31046,1.37,1.00
2017.10.27 02:42:26.788,1.31022,1.31047,2.62,1.12
2017.10.27 02:42:27.298,1.31023,1.31046,1.87,1.00
2017.10.27 02:42:28.521,1.31023,1.31047,1.87,1.12
2017.10.27 02:42:29.267,1.31023,1.31046,1.87,1.00
2017.10.27 02:42:29.892,1.31024,1.31046,1.87,1.00
2017.10.27 02:42:30.337,1.31026,1.31051,1.37,1.00
2017.10.27 02:42:30.389,1.31028,1.31052,1.87,1.50
2017.10.27 02:42:30.682,1.31031,1.31056,1.87,1.00
2017.10.27 02:42:31.227,1.31031,1.31057,1.87,2.25
2017.10.27 02:42:31.746,1.31031,1.31056,1.87,1.50
2017.10.27 02:42:33.217,1.31031,1.31057,1.87,2.25
2017.10.27 02:42:33.852,1.31031,1.31056,1.87,1.50
2017.10.27 02:42:37.112,1.31031,1.31057,1.87,2.25
2017.10.27 02:42:38.717,1.31031,1.31056,1.87,1.50
2017.10.27 02:42:39.549,1.31031,1.31057,1.87,2.25
2017.10.27 02:42:40.052,1.31031,1.31056,1.87,1.50
2017.10.27 02:42:40.597,1.3103,1.31057,1.87,2.25
2017.10.27 02:42:41.176,1.3103,1.31056,1.87,1.50
2017.10.27 02:42:41.725,1.31031,1.31056,1.87,1.50
2017.10.27 02:42:42.484,1.31031,1.31057,1.87,2.25
2017.10.27 02:42:42.997,1.31031,1.31056,1.87,1.50
2017.10.27 02:42:45.817,1.31031,1.31057,1.87,2.25
2017.10.27 02:42:46.407,1.31031,1.31056,1.87,1.50
2017.10.27 02:42:51.576,1.31029,1.31057,2.62,3.00
2017.10.27 02:42:52.101,1.3103,1.31056,1.87,1.00
2017.10.27 02:42:52.981,1.3103,1.31057,1.87,4.87
2017.10.27 02:42:53.571,1.31029,1.31057,2.62,3.00
2017.10.27 02:42:54.487,1.31029,1.31055,2.62,1.00
2017.10.27 02:42:55.000,1.31029,1.31055,1.37,1.00
2017.10.27 02:42:55.537,1.31029,1.31054,1.37,1.00
2017.10.27 02:42:56.986,1.31029,1.31055,1.37,1.00
2017.10.27 02:42:58.648,1.31029,1.31054,1.37,1.00
2017.10.27 02:42:58.781,1.3103,1.31054,1.87,1.00
2017.10.27 02:42:58.833,1.31031,1.31057,1.87,3.00
2017.10.27 02:42:58.884,1.31033,1.31057,1.87,3.00
2017.10.27 02:42:59.783,1.31034,1.31056,1.87,1.12
2017.10.27 02:42:59.888,1.31036,1.3106,1.87,1.00
2017.10.27 02:43:00.042,1.31038,1.31062,1.87,1.00
2017.10.27 02:43:00.145,1.31038,1.31064,1.87,2.25
2017.10.27 02:43:00.686,1.31039,1.31064,1.87,2.25
2017.10.27 02:43:02.594,1.3104,1.31065,1.87,1.00
2017.10.27 02:43:03.492,1.31038,1.31065,1.62,1.00
2017.10.27 02:43:03.543,1.3104,1.31064,1.87,1.00
2017.10.27 02:43:04.285,1.3104,1.31065,1.87,1.00
2017.10.27 02:43:04.797,1.3104,1.31064,1.87,1.00
2017.10.27 02:43:05.306,1.3104,1.31065,1.87,1.00
2017.10.27 02:43:06.316,1.3104,1.31064,1.87,1.00
2017.10.27 02:43:06.368,1.31038,1.31066,2.62,2.25
2017.10.27 02:43:06.419,1.31038,1.31063,1.00,1.00
2017.10.27 02:43:06.939,1.31038,1.31063,1.37,1.50
2017.10.27 02:43:07.092,1.31036,1.31061,1.37,1.12
2017.10.27 02:43:07.636,1.31035,1.31061,1.37,1.37
2017.10.27 02:43:08.501,1.31035,1.31059,1.37,1.00
2017.10.27 02:43:09.050,1.31035,1.3106,1.37,1.12
2017.10.27 02:43:10.015,1.31035,1.31059,1.37,1.00
2017.10.27 02:43:10.173,1.31033,1.31057,1.00,1.00
2017.10.27 02:43:10.225,1.3103,1.31057,1.00,2.25
2017.10.27 02:43:10.277,1.3103,1.31054,1.00,1.00
2017.10.27 02:43:10.430,1.31029,1.31057,1.12,1.00
2017.10.27 02:43:10.482,1.31032,1.31057,1.87,1.87
2017.10.27 02:43:10.993,1.31033,1.31057,1.87,1.12
2017.10.27 02:43:11.484,1.31033,1.31054,1.50,1.00
2017.10.27 02:43:11.689,1.3103,1.31054,1.12,1.00
2017.10.27 02:43:11.740,1.31032,1.31054,1.87,1.00
2017.10.27 02:43:11.793,1.3103,1.31054,1.00,1.00
2017.10.27 02:43:11.896,1.3103,1.31055,2.62,1.00
2017.10.27 02:43:12.469,1.3103,1.31054,1.37,1.00
2017.10.27 02:43:13.387,1.3103,1.31054,1.12,1.00
2017.10.27 02:43:13.489,1.31026,1.31054,1.87,4.87
2017.10.27 02:43:13.592,1.31027,1.31054,1.87,2.25
2017.10.27 02:43:14.818,1.31026,1.31054,3.37,4.12
2017.10.27 02:43:16.918,1.31026,1.31054,1.37,2.62
2017.10.27 02:43:18.799,1.31026,1.31049,1.37,1.00
2017.10.27 02:43:18.850,1.31026,1.31053,1.37,1.12
2017.10.27 02:43:19.439,1.31027,1.31053,1.87,1.12
2017.10.27 02:43:21.972,1.31028,1.31053,1.87,1.12
2017.10.27 02:43:22.517,1.31029,1.31054,1.87,3.00
2017.10.27 02:43:23.022,1.31031,1.31055,1.37,2.25
2017.10.27 02:43:24.122,1.31031,1.31057,3.37,1.00
2017.10.27 02:43:24.623,1.31033,1.31058,1.37,2.25
2017.10.27 02:43:27.441,1.31034,1.31058,1.37,2.25
2017.10.27 02:43:32.083,1.31033,1.31058,1.37,1.00
2017.10.27 02:43:32.288,1.31034,1.31058,1.87,1.50
2017.10.27 02:43:32.339,1.31034,1.3106,2.62,1.00
2017.10.27 02:43:32.852,1.31034,1.31061,2.62,1.50
2017.10.27 02:43:34.464,1.31035,1.31061,1.87,1.12
2017.10.27 02:43:43.626,1.31034,1.31061,1.00,1.00
2017.10.27 02:43:44.157,1.31033,1.31061,1.12,1.00
2017.10.27 02:43:44.474,1.31032,1.31061,3.37,2.44
2017.10.27 02:43:45.116,1.31033,1.31059,1.12,1.87
2017.10.27 02:43:46.398,1.31035,1.3106,1.87,1.50
2017.10.27 02:43:46.936,1.31035,1.31061,1.87,1.12
2017.10.27 02:43:48.498,1.31035,1.31062,1.12,2.25
2017.10.27 02:43:52.055,1.31035,1.31061,1.12,1.00
2017.10.27 02:43:52.602,1.31034,1.3106,1.12,1.12
2017.10.27 02:43:55.731,1.31044,1.31061,1.87,1.00
2017.10.27 02:43:55.783,1.31043,1.31066,1.87,1.00
2017.10.27 02:43:55.886,1.31043,1.3107,1.87,2.25
2017.10.27 02:43:56.487,1.31044,1.31069,1.00,1.00
2017.10.27 02:43:56.590,1.31046,1.3107,1.00,2.25
2017.10.27 02:43:56.693,1.31044,1.3107,1.12,1.50
2017.10.27 02:43:57.225,1.31045,1.31071,1.00,1.75
2017.10.27 02:43:58.656,1.31046,1.3107,1.00,1.50
2017.10.27 02:44:00.496,1.31045,1.31071,1.00,1.75
2017.10.27 02:44:01.046,1.31046,1.3107,1.12,1.50
2017.10.27 02:44:01.314,1.3105,1.31072,1.87,2.44
2017.10.27 02:44:01.469,1.31051,1.31076,1.50,1.00
2017.10.27 02:44:01.980,1.31052,1.31076,1.00,1.50
2017.10.27 02:44:02.797,1.31051,1.31076,1.50,1.00
2017.10.27 02:44:03.306,1.31052,1.31076,1.00,1.50
2017.10.27 02:44:04.761,1.31051,1.31076,1.50,1.00
2017.10.27 02:44:06.639,1.31052,1.31079,1.12,3.37
2017.10.27 02:44:06.691,1.31054,1.31079,1.00,2.62
2017.10.27 02:44:06.913,1.31051,1.31077,1.50,1.87
2017.10.27 02:44:07.016,1.31052,1.31074,2.81,1.00
2017.10.27 02:44:07.067,1.31053,1.31079,1.00,2.62
2017.10.27 02:44:08.750,1.31051,1.31079,4.12,1.12
2017.10.27 02:44:13.922,1.31054,1.31079,1.00,1.00
2017.10.27 02:44:14.243,1.31054,1.31081,1.50,1.50
2017.10.27 02:44:21.807,1.31054,1.31077,1.50,1.37
2017.10.27 02:44:21.859,1.31051,1.31077,1.12,3.00
2017.10.27 02:44:21.911,1.31049,1.31075,1.00,1.37
2017.10.27 02:44:22.426,1.31048,1.31073,1.00,1.12
2017.10.27 02:44:22.952,1.31048,1.31073,1.00,1.37
2017.10.27 02:44:26.204,1.31045,1.31073,1.50,1.37
2017.10.27 02:44:26.408,1.31047,1.31073,1.87,1.12
2017.10.27 02:44:27.197,1.31048,1.31074,1.87,1.37
2017.10.27 02:44:27.660,1.31049,1.31076,1.87,1.12
2017.10.27 02:44:27.966,1.31049,1.31075,1.87,1.37
2017.10.27 02:44:28.415,1.31049,1.31077,2.62,1.37
2017.10.27 02:44:28.772,1.31052,1.31074,1.00,1.87
2017.10.27 02:44:28.875,1.31047,1.31074,3.37,1.87
2017.10.27 02:44:29.423,1.31049,1.31075,1.87,1.00
2017.10.27 02:44:30.735,1.3105,1.31075,1.87,1.00
2017.10.27 02:44:31.104,1.31049,1.31075,1.12,1.00
2017.10.27 02:44:31.647,1.31047,1.31074,2.62,1.12
2017.10.27 02:44:36.148,1.31047,1.31074,2.62,1.37
2017.10.27 02:44:37.210,1.31045,1.31065,1.00,1.87
2017.10.27 02:44:37.262,1.31042,1.31065,1.00,1.87
2017.10.27 02:44:37.365,1.31039,1.31063,1.00,1.12
2017.10.27 02:44:37.416,1.31037,1.31063,1.87,2.62
2017.10.27 02:44:38.789,1.31037,1.31062,1.12,1.87
2017.10.27 02:44:40.857,1.31036,1.31062,1.12,1.87
2017.10.27 02:44:41.425,1.31038,1.31063,2.25,1.00
2017.10.27 02:44:41.578,1.31044,1.31071,3.37,1.12
2017.10.27 02:44:41.750,1.31044,1.31071,1.50,2.25
2017.10.27 02:44:41.853,1.31045,1.31071,1.50,1.12
2017.10.27 02:44:44.533,1.31048,1.31071,1.87,1.12
2017.10.27 02:44:45.048,1.31047,1.31072,3.00,1.50
2017.10.27 02:44:45.151,1.31048,1.31074,1.87,1.87
2017.10.27 02:44:47.445,1.31051,1.31075,2.25,1.50
2017.10.27 02:44:47.547,1.31054,1.31079,2.25,1.12
2017.10.27 02:44:48.588,1.31055,1.3108,1.87,1.37
2017.10.27 02:44:49.680,1.31059,1.31083,1.87,1.12
2017.10.27 02:44:49.834,1.31062,1.31087,1.00,2.62
2017.10.27 02:44:50.406,1.31061,1.31086,1.00,1.50
2017.10.27 02:44:54.324,1.31061,1.31086,1.00,1.12
2017.10.27 02:44:55.876,1.31061,1.31085,1.00,1.00
2017.10.27 02:44:57.279,1.31061,1.31085,1.37,1.00
2017.10.27 02:44:58.271,1.31061,1.31086,1.87,1.12
2017.10.27 02:44:59.049,1.31061,1.31086,3.37,1.12
2017.10.27 02:44:59.557,1.31062,1.31086,1.87,1.12
2017.10.27 02:44:59.879,1.31062,1.31089,1.87,1.12
2017.10.27 02:45:00.524,1.31063,1.31088,1.87,1.50
2017.10.27 02:45:00.683,1.31061,1.31088,1.37,1.12
2017.10.27 02:45:00.838,1.31061,1.31087,1.37,2.25
2017.10.27 02:45:01.693,1.31058,1.31085,1.87,1.50
2017.10.27 02:45:01.745,1.31055,1.31083,4.12,2.62
2017.10.27 02:45:02.063,1.31055,1.31078,1.12,1.00
2017.10.27 02:45:02.373,1.3106,1.31083,1.87,1.50
2017.10.27 02:45:02.477,1.31058,1.31085,3.37,1.00
2017.10.27 02:45:02.936,1.3106,1.31086,1.87,1.12
2017.10.27 02:45:03.090,1.31058,1.31086,3.37,1.12
2017.10.27 02:45:03.264,1.31058,1.31084,1.00,1.00
2017.10.27 02:45:04.119,1.31058,1.31083,1.00,1.00
2017.10.27 02:45:04.642,1.31058,1.31084,1.00,1.87
2017.10.27 02:45:04.994,1.31058,1.31082,1.00,2.62
2017.10.27 02:45:05.375,1.31053,1.31081,1.87,1.12
2017.10.27 02:45:05.426,1.31053,1.3108,1.12,1.12
2017.10.27 02:45:05.947,1.31053,1.31079,1.00,1.00
2017.10.27 02:45:07.587,1.3106,1.31081,3.37,1.00
2017.10.27 02:45:07.741,1.31061,1.31089,1.37,3.00
2017.10.27 02:45:08.486,1.31061,1.31087,1.37,1.00
2017.10.27 02:45:10.756,1.31061,1.31089,1.37,3.00
2017.10.27 02:45:11.319,1.31061,1.31088,1.37,1.00
2017.10.27 02:45:12.478,1.31061,1.31084,1.37,1.00
2017.10.27 02:45:13.025,1.31061,1.31085,1.37,1.12
2017.10.27 02:45:17.956,1.31061,1.31086,1.37,1.12
2017.10.27 02:45:19.121,1.31061,1.31085,1.37,1.00
2017.10.27 02:45:19.805,1.31062,1.31085,1.87,1.00
2017.10.27 02:45:19.958,1.31062,1.31088,3.00,1.00
2017.10.27 02:45:20.062,1.31062,1.31086,3.37,1.00
2017.10.27 02:45:20.476,1.31064,1.31087,2.62,1.50
2017.10.27 02:45:20.579,1.31064,1.31087,1.00,1.50
2017.10.27 02:45:21.220,1.31062,1.31087,1.37,1.50
2017.10.27 02:45:21.272,1.31064,1.31087,1.87,1.50
2017.10.27 02:45:21.476,1.31062,1.31087,2.62,1.50
2017.10.27 02:45:21.681,1.31066,1.3109,1.87,1.50
2017.10.27 02:45:21.734,1.31063,1.3109,1.87,1.50
2017.10.27 02:45:21.836,1.31063,1.31085,1.87,1.00
2017.10.27 02:45:22.327,1.31063,1.31085,1.87,1.12
2017.10.27 02:45:22.861,1.31064,1.31085,1.87,1.12
2017.10.27 02:45:24.927,1.31064,1.31089,1.87,1.12
2017.10.27 02:45:26.371,1.31065,1.31089,1.87,1.12
2017.10.27 02:45:26.474,1.31064,1.31089,1.12,1.12
2017.10.27 02:45:26.992,1.31062,1.31088,1.37,1.00
2017.10.27 02:45:27.432,1.31063,1.31088,1.87,1.00
2017.10.27 02:45:27.909,1.31062,1.31089,1.37,1.12
2017.10.27 02:45:29.638,1.31062,1.31088,1.87,1.00
2017.10.27 02:45:30.141,1.31062,1.31088,1.37,1.87
2017.10.27 02:45:30.707,1.31062,1.31087,2.62,1.00
2017.10.27 02:45:30.759,1.31062,1.31084,2.62,1.00
2017.10.27 02:45:30.811,1.31062,1.31088,2.62,1.00
2017.10.27 02:45:30.947,1.31062,1.31085,1.00,1.00
2017.10.27 02:45:40.456,1.31062,1.31084,1.00,1.00
2017.10.27 02:45:40.782,1.31062,1.31085,2.62,1.00
2017.10.27 02:45:41.302,1.31063,1.31085,1.87,1.50
2017.10.27 02:45:43.418,1.31063,1.31088,1.87,1.00
2017.10.27 02:45:43.521,1.31063,1.31085,1.87,1.00
2017.10.27 02:45:44.005,1.31063,1.31088,1.87,1.00
2017.10.27 02:45:47.610,1.31062,1.31088,2.62,1.00
2017.10.27 02:45:47.712,1.31062,1.31085,2.62,1.00
2017.10.27 02:45:47.763,1.31062,1.31085,1.12,1.00
2017.10.27 02:45:48.069,1.31057,1.31084,4.12,2.25
2017.10.27 02:45:48.222,1.31059,1.31086,1.37,1.00
2017.10.27 02:45:48.558,1.31057,1.31084,1.12,1.00
2017.10.27 02:45:48.612,1.31057,1.31085,2.62,1.50
2017.10.27 02:45:48.918,1.31057,1.31082,2.62,1.00
2017.10.27 02:45:49.422,1.31058,1.31082,1.87,1.00
2017.10.27 02:45:50.678,1.3106,1.31083,1.87,1.00
2017.10.27 02:45:50.731,1.31057,1.31084,1.12,1.00
2017.10.27 02:45:50.782,1.31057,1.31082,1.12,1.00
2017.10.27 02:45:51.799,1.31057,1.31083,1.12,1.50
2017.10.27 02:45:52.308,1.31057,1.31082,1.00,1.00
2017.10.27 02:45:52.793,1.31057,1.31081,1.87,1.00
2017.10.27 02:45:53.302,1.31057,1.31082,1.87,1.00
2017.10.27 02:45:53.567,1.31055,1.31082,2.62,1.12
2017.10.27 02:45:53.828,1.31055,1.31082,1.12,2.62
2017.10.27 02:45:54.612,1.31055,1.31081,1.12,2.62
2017.10.27 02:45:58.997,1.31051,1.31079,2.06,1.50
2017.10.27 02:45:59.101,1.3105,1.31076,1.50,1.00
2017.10.27 02:45:59.203,1.31048,1.31076,1.50,1.50
2017.10.27 02:45:59.897,1.31049,1.31076,1.00,3.00
2017.10.27 02:46:00.547,1.31048,1.31076,1.50,1.50
2017.10.27 02:46:02.227,1.3105,1.31074,1.37,1.00
2017.10.27 02:46:02.446,1.31051,1.31077,1.87,1.00
2017.10.27 02:46:02.922,1.31052,1.3108,2.62,1.50
2017.10.27 02:46:04.937,1.31053,1.3108,1.37,3.00
2017.10.27 02:46:08.661,1.31052,1.31079,1.87,1.07
2017.10.27 02:46:09.540,1.31052,1.31079,1.87,1.10
2017.10.27 02:46:10.540,1.31052,1.3108,1.00,3.45
2017.10.27 02:46:11.404,1.31052,1.31079,1.00,1.10
2017.10.27 02:46:11.910,1.31052,1.3108,1.00,4.20
2017.10.27 02:46:12.512,1.31052,1.31076,1.00,1.10
2017.10.27 02:46:12.939,1.31052,1.31076,1.00,1.95
2017.10.27 02:46:13.156,1.31048,1.31074,1.00,1.07
2017.10.27 02:46:13.391,1.31048,1.31074,2.62,1.57
2017.10.27 02:46:14.428,1.31048,1.31075,1.37,2.70
2017.10.27 02:46:14.734,1.31048,1.31073,1.12,1.45
2017.10.27 02:46:15.043,1.31048,1.31073,1.00,1.57
2017.10.27 02:46:15.419,1.31045,1.31072,1.00,2.32
2017.10.27 02:46:16.415,1.31045,1.31071,1.00,1.07
2017.10.27 02:46:16.965,1.31045,1.31072,1.87,1.95
2017.10.27 02:46:17.540,1.31045,1.31072,1.87,1.95
2017.10.27 02:46:18.298,1.31045,1.31072,1.87,1.95
2017.10.27 02:46:18.609,1.31038,1.31061,1.00,1.47
2017.10.27 02:46:18.661,1.31035,1.3106,1.00,1.57
2017.10.27 02:46:18.714,1.31034,1.31058,1.00,3.37
2017.10.27 02:46:18.766,1.31029,1.31052,1.50,1.87
2017.10.27 02:46:18.818,1.31027,1.31052,1.12,1.10
2017.10.27 02:46:19.426,1.31026,1.31052,1.12,1.45
2017.10.27 02:46:20.080,1.31025,1.31053,1.87,2.32
2017.10.27 02:46:20.241,1.31028,1.31052,2.62,1.00
2017.10.27 02:46:20.575,1.31042,1.31066,2.62,1.00
2017.10.27 02:46:20.677,1.31043,1.31071,1.37,1.45
2017.10.27 02:46:20.779,1.31043,1.31071,1.87,2.25
2017.10.27 02:46:23.789,1.31043,1.31071,2.62,2.70
2017.10.27 02:46:26.543,1.31045,1.31071,1.12,1.95
2017.10.27 02:46:26.697,1.31043,1.31071,1.00,1.57
2017.10.27 02:46:26.799,1.31045,1.31071,1.00,3.07
2017.10.27 02:46:28.216,1.31044,1.31071,1.00,1.57
2017.10.27 02:46:29.757,1.31045,1.31071,1.00,3.07
2017.10.27 02:46:30.175,1.31045,1.31071,1.87,1.00
2017.10.27 02:46:49.883,1.31046,1.31071,1.12,1.00
2017.10.27 02:46:55.245,1.31046,1.31069,1.00,1.00
2017.10.27 02:46:55.348,1.31041,1.31066,1.00,1.10
2017.10.27 02:46:55.399,1.31043,1.31063,1.87,1.00
2017.10.27 02:46:55.451,1.31043,1.31068,1.87,2.32
2017.10.27 02:46:55.724,1.31042,1.31069,1.87,1.47
2017.10.27 02:46:55.826,1.31042,1.3107,3.37,1.10
2017.10.27 02:46:55.929,1.31043,1.31072,3.37,1.82
2017.10.27 02:46:56.082,1.31045,1.31072,1.87,1.10
2017.10.27 02:46:56.597,1.31045,1.31074,2.62,1.57
2017.10.27 02:46:58.708,1.31046,1.31074,1.87,1.95
2017.10.27 02:46:59.739,1.31052,1.31076,1.87,1.20
2017.10.27 02:46:59.843,1.31054,1.31079,1.37,1.07
2017.10.27 02:46:59.895,1.31055,1.3108,1.87,1.00
2017.10.27 02:46:59.947,1.31056,1.31082,1.37,1.12
2017.10.27 02:47:00.050,1.31056,1.31084,1.87,1.10
2017.10.27 02:47:00.102,1.31056,1.31083,1.12,1.95
2017.10.27 02:47:00.700,1.31055,1.31083,2.62,1.45
2017.10.27 02:47:01.198,1.31055,1.31083,2.62,1.57
2017.10.27 02:47:01.760,1.31055,1.31084,2.62,3.82
2017.10.27 02:47:02.435,1.31055,1.31084,2.62,3.82
2017.10.27 02:47:04.456,1.31055,1.31084,2.62,4.57
2017.10.27 02:47:05.620,1.31055,1.31084,1.37,3.07
2017.10.27 02:47:08.485,1.31055,1.31084,1.37,3.07
2017.10.27 02:47:10.809,1.31055,1.31083,2.62,1.45
2017.10.27 02:47:11.333,1.31055,1.31084,2.62,3.82
2017.10.27 02:47:12.992,1.31055,1.31084,2.62,3.82
2017.10.27 02:47:13.396,1.31055,1.31082,1.12,3.07
2017.10.27 02:47:13.921,1.31055,1.31082,1.12,3.07
2017.10.27 02:47:19.093,1.31055,1.31082,1.37,1.45
2017.10.27 02:47:19.298,1.31057,1.31085,1.12,3.07
2017.10.27 02:47:19.400,1.31059,1.31085,1.00,1.45
2017.10.27 02:47:19.912,1.3106,1.31085,1.00,1.45
2017.10.27 02:47:20.514,1.31059,1.31085,1.00,1.45
2017.10.27 02:47:21.082,1.3106,1.31085,1.00,1.45
2017.10.27 02:47:22.287,1.3106,1.31085,1.00,1.82
2017.10.27 02:47:23.340,1.31059,1.31085,1.12,1.57
2017.10.27 02:47:23.910,1.31059,1.31085,1.12,1.57
2017.10.27 02:47:24.456,1.31059,1.31085,1.12,1.57
2017.10.27 02:47:25.171,1.3106,1.31085,1.00,1.57
2017.10.27 02:47:26.827,1.31059,1.31085,2.62,1.45
2017.10.27 02:47:28.820,1.31059,1.31085,2.62,1.45
2017.10.27 02:47:33.919,1.31059,1.31085,1.12,1.57
2017.10.27 02:47:34.895,1.31059,1.31085,1.12,1.57
2017.10.27 02:47:36.434,1.31059,1.31085,1.12,1.57
2017.10.27 02:47:37.047,1.31059,1.31085,1.12,1.57
2017.10.27 02:47:43.565,1.31058,1.31085,1.37,1.57
2017.10.27 02:47:43.692,1.31059,1.31085,1.12,1.57
2017.10.27 02:47:49.379,1.31059,1.31085,1.37,1.57
2017.10.27 02:48:00.298,1.31059,1.31084,1.12,1.10
2017.10.27 02:48:00.567,1.31061,1.31087,3.37,1.45
2017.10.27 02:48:00.618,1.3106,1.31088,1.37,2.70
2017.10.27 02:48:01.932,1.3106,1.31088,1.37,1.95
2017.10.27 02:48:02.137,1.31061,1.31087,1.12,1.57
2017.10.27 02:48:02.240,1.31061,1.31087,1.12,1.57
2017.10.27 02:48:03.254,1.31061,1.31087,1.12,1.57
2017.10.27 02:48:10.739,1.31059,1.31087,1.37,4.20
2017.10.27 02:48:13.648,1.31059,1.31087,1.37,4.20
2017.10.27 02:48:14.282,1.31059,1.31086,1.00,1.82
2017.10.27 02:48:14.800,1.31059,1.31086,1.00,1.82
2017.10.27 02:48:22.663,1.31058,1.31083,1.12,1.20
2017.10.27 02:48:25.620,1.31058,1.31083,1.12,1.07
2017.10.27 02:48:32.090,1.31058,1.31083,1.12,1.00
2017.10.27 02:48:33.842,1.31058,1.31083,1.12,1.07
2017.10.27 02:48:37.551,1.31057,1.31083,1.37,1.45
2017.10.27 02:48:38.415,1.31057,1.31083,1.37,1.45
2017.10.27 02:48:39.090,1.31058,1.31083,1.37,1.45
2017.10.27 02:48:43.087,1.31057,1.31083,2.62,1.45
2017.10.27 02:48:48.354,1.31059,1.31083,1.87,1.45
2017.10.27 02:48:48.989,1.31059,1.31083,1.87,1.00
2017.10.27 02:48:59.664,1.31058,1.31083,1.37,1.00
2017.10.27 02:49:00.188,1.31057,1.31083,1.37,1.00
2017.10.27 02:49:01.442,1.3106,1.31083,1.87,1.00
2017.10.27 02:49:01.943,1.31061,1.31083,1.87,1.00
2017.10.27 02:49:04.181,1.31062,1.31087,1.37,1.00
2017.10.27 02:49:04.743,1.31062,1.31087,1.12,1.20
2017.10.27 02:49:05.281,1.3106,1.31086,1.37,1.00
2017.10.27 02:49:06.265,1.3106,1.31086,1.12,1.10
2017.10.27 02:49:06.505,1.31061,1.31087,2.62,1.87
2017.10.27 02:49:06.811,1.31064,1.31087,1.37,1.00
2017.10.27 02:49:08.802,1.31065,1.31091,1.00,1.37
2017.10.27 02:49:08.853,1.31063,1.31086,1.00,1.00
2017.10.27 02:49:09.498,1.31062,1.31086,1.00,1.00
2017.10.27 02:49:10.100,1.31061,1.31086,1.00,1.00
2017.10.27 02:49:10.683,1.31062,1.31086,1.00,1.00
2017.10.27 02:49:11.617,1.31066,1.31086,1.87,1.00
2017.10.27 02:49:11.720,1.31068,1.31092,1.12,1.50
2017.10.27 02:49:11.943,1.3107,1.31092,1.37,1.00
2017.10.27 02:49:12.098,1.31071,1.31099,3.37,1.12
2017.10.27 02:49:12.150,1.31075,1.311,2.62,1.00
2017.10.27 02:49:12.358,1.31077,1.31104,1.87,1.87
2017.10.27 02:49:12.461,1.31078,1.31105,1.12,1.37
2017.10.27 02:49:12.975,1.31077,1.31105,2.62,1.12
2017.10.27 02:49:17.822,1.31078,1.31103,1.37,1.00
2017.10.27 02:49:18.611,1.31076,1.31103,2.62,2.25
2017.10.27 02:49:28.436,1.31075,1.31103,1.87,1.37
2017.10.27 02:49:32.930,1.31075,1.31102,1.87,1.57
2017.10.27 02:49:34.004,1.31076,1.31102,1.00,1.20
2017.10.27 02:49:34.056,1.31076,1.31103,1.50,1.20
2017.10.27 02:49:34.159,1.31076,1.31103,1.87,1.20
2017.10.27 02:49:34.211,1.31076,1.31102,1.50,1.95
2017.10.27 02:49:40.530,1.31076,1.31102,1.00,1.95
2017.10.27 02:49:41.040,1.31076,1.31101,1.00,1.45
2017.10.27 02:49:41.636,1.31076,1.31101,1.00,1.45
2017.10.27 02:49:43.385,1.31076,1.31101,1.00,1.45
2017.10.27 02:49:44.605,1.31076,1.31101,1.00,1.20
2017.10.27 02:49:45.288,1.31076,1.31101,1.00,1.20
2017.10.27 02:49:46.195,1.31075,1.31101,1.50,1.20
2017.10.27 02:49:46.527,1.31074,1.31099,1.00,1.20
2017.10.27 02:49:46.578,1.31071,1.31096,1.00,1.01
2017.10.27 02:49:46.630,1.31071,1.31094,1.00,1.07
2017.10.27 02:49:46.784,1.31064,1.31091,1.50,2.07
2017.10.27 02:49:47.305,1.31064,1.3109,1.00,1.95
2017.10.27 02:49:49.990,1.31064,1.31091,2.62,2.70
2017.10.27 02:49:50.092,1.31069,1.31091,1.00,1.00
2017.10.27 02:49:50.471,1.31067,1.31092,1.87,1.10
2017.10.27 02:49:50.978,1.31069,1.31091,1.00,1.00
2017.10.27 02:49:51.285,1.31068,1.31096,1.00,1.20
2017.10.27 02:49:52.057,1.31069,1.31096,1.00,2.70
2017.10.27 02:49:52.593,1.31069,1.31095,1.37,1.45
2017.10.27 02:49:52.747,1.31071,1.31096,1.87,1.10
2017.10.27 02:49:53.119,1.31072,1.31099,2.62,1.85
2017.10.27 02:49:53.171,1.31074,1.311,1.87,1.20
2017.10.27 02:49:54.790,1.31075,1.311,1.00,1.57
2017.10.27 02:49:55.755,1.31075,1.311,1.00,1.95
2017.10.27 02:49:56.271,1.31074,1.31099,1.50,1.10
2017.10.27 02:49:56.830,1.31075,1.31099,1.00,1.10
2017.10.27 02:49:58.800,1.31075,1.31099,1.00,1.20
2017.10.27 02:49:59.309,1.31075,1.31099,1.00,1.00
2017.10.27 02:50:02.502,1.31075,1.311,1.00,1.95
2017.10.27 02:50:02.614,1.31075,1.311,1.00,2.32
2017.10.27 02:50:03.524,1.31075,1.311,1.00,2.32
2017.10.27 02:50:10.059,1.31075,1.311,1.00,2.32
2017.10.27 02:50:10.618,1.31075,1.311,1.00,1.95
2017.10.27 02:50:12.515,1.31075,1.311,1.00,1.95
2017.10.27 02:50:12.567,1.3107,1.31096,1.00,2.32
2017.10.27 02:50:12.849,1.31065,1.31091,1.00,1.20
2017.10.27 02:50:13.442,1.31064,1.31091,1.50,1.95
2017.10.27 02:50:17.034,1.31064,1.31091,1.00,1.20
2017.10.27 02:50:17.085,1.31064,1.31087,1.00,1.45
2017.10.27 02:50:17.392,1.31064,1.31089,1.00,1.95
2017.10.27 02:50:17.965,1.31063,1.3109,1.00,2.32
2017.10.27 02:50:18.523,1.31064,1.31089,1.00,1.45
2017.10.27 02:50:20.634,1.31064,1.31089,1.00,1.45
2017.10.27 02:50:21.467,1.31064,1.31089,1.00,1.45
2017.10.27 02:50:22.065,1.31064,1.31089,1.00,1.45
2017.10.27 02:50:23.393,1.31064,1.31089,1.00,1.45
2017.10.27 02:50:23.445,1.31061,1.31087,1.00,1.57
2017.10.27 02:50:23.496,1.31061,1.31084,1.50,1.20
2017.10.27 02:50:23.650,1.31061,1.31087,1.50,1.45
2017.10.27 02:50:23.753,1.31061,1.31083,1.00,1.10
2017.10.27 02:50:23.856,1.31054,1.31082,1.50,2.70
2017.10.27 02:50:24.408,1.31054,1.31082,2.62,1.75
2017.10.27 02:50:25.116,1.31056,1.31081,1.12,1.50
2017.10.27 02:50:26.757,1.31057,1.31084,1.12,1.12
2017.10.27 02:50:26.861,1.31059,1.31086,1.37,1.75
2017.10.27 02:50:26.914,1.3106,1.31086,1.37,1.00
2017.10.27 02:50:27.168,1.31062,1.3109,1.00,1.87
2017.10.27 02:50:27.495,1.31063,1.31089,1.00,2.32
2017.10.27 02:50:28.254,1.31063,1.31089,1.37,3.45
2017.10.27 02:50:35.886,1.31062,1.3109,2.62,2.70
2017.10.27 02:50:39.058,1.31065,1.31089,1.00,1.57
2017.10.27 02:50:40.858,1.31064,1.3109,1.00,2.70
2017.10.27 02:50:43.391,1.31065,1.3109,1.00,2.70
2017.10.27 02:50:46.474,1.31064,1.31089,1.00,1.45
2017.10.27 02:50:46.679,1.31065,1.31092,1.50,1.82
2017.10.27 02:50:46.731,1.31066,1.31091,1.00,1.57
2017.10.27 02:50:47.219,1.31065,1.3109,1.00,1.57
2017.10.27 02:50:48.890,1.31065,1.3109,1.00,1.57
2017.10.27 02:50:49.451,1.31065,1.3109,1.00,1.12
2017.10.27 02:50:49.965,1.31066,1.3109,1.50,1.10
2017.10.27 02:50:50.770,1.31065,1.3109,1.12,1.00
2017.10.27 02:50:51.285,1.31066,1.3109,1.00,1.00
2017.10.27 02:50:51.905,1.31063,1.31088,1.50,1.00
2017.10.27 02:50:52.007,1.31064,1.31089,1.37,1.12
2017.10.27 02:50:52.314,1.31069,1.31093,1.37,1.12
2017.10.27 02:50:52.933,1.31066,1.31088,1.50,1.00
2017.10.27 02:50:53.138,1.31063,1.31088,1.87,1.12
2017.10.27 02:50:55.698,1.31066,1.31091,1.00,1.37
2017.10.27 02:50:56.237,1.31067,1.31091,1.00,1.37
2017.10.27 02:50:57.292,1.31066,1.31091,1.00,1.00
2017.10.27 02:50:57.701,1.31067,1.31094,1.00,1.37
2017.10.27 02:50:58.210,1.31068,1.31094,1.12,1.12
2017.10.27 02:50:59.502,1.31066,1.31091,1.50,1.37
2017.10.27 02:50:59.658,1.31066,1.31094,2.62,1.12
2017.10.27 02:51:00.688,1.31066,1.31094,1.00,1.87
2017.10.27 02:51:06.919,1.31066,1.31092,1.00,1.87
2017.10.27 02:51:06.972,1.31066,1.31094,1.12,2.89
2017.10.27 02:51:07.079,1.31066,1.31092,1.00,1.87
2017.10.27 02:51:07.133,1.31066,1.31094,1.50,1.20
2017.10.27 02:51:07.442,1.31068,1.31094,1.00,1.95
2017.10.27 02:51:07.680,1.31066,1.31094,1.50,3.45
2017.10.27 02:51:08.657,1.31067,1.31093,1.00,1.50
2017.10.27 02:51:09.355,1.31066,1.31094,1.50,3.45
2017.10.27 02:51:09.878,1.31067,1.31093,1.00,1.50
2017.10.27 02:51:14.058,1.31067,1.31093,1.87,1.87
2017.10.27 02:51:14.109,1.31066,1.31093,1.12,2.25
2017.10.27 02:51:19.234,1.31066,1.31092,1.00,2.25
2017.10.27 02:51:19.337,1.31066,1.31093,1.87,1.87
2017.10.27 02:51:19.954,1.31067,1.31093,1.00,3.00
2017.10.27 02:51:20.526,1.31067,1.31093,1.00,1.50
2017.10.27 02:51:20.577,1.31067,1.31093,3.37,1.50
2017.10.27 02:51:20.883,1.3107,1.31094,1.37,1.00
2017.10.27 02:51:21.942,1.3107,1.31094,1.37,1.20
2017.10.27 02:51:21.994,1.31068,1.31094,1.37,1.20
2017.10.27 02:51:22.045,1.31067,1.31093,1.00,1.57
2017.10.27 02:51:22.097,1.31066,1.31091,1.00,1.45
2017.10.27 02:51:22.199,1.31064,1.31087,1.00,1.20
2017.10.27 02:51:22.302,1.31061,1.31085,1.87,1.57
2017.10.27 02:51:23.005,1.31061,1.31085,1.87,1.95
2017.10.27 02:51:24.232,1.31064,1.31085,1.87,1.45
2017.10.27 02:51:24.283,1.31064,1.31087,1.87,2.25
2017.10.27 02:51:25.338,1.31065,1.3109,1.87,2.70
2017.10.27 02:51:25.390,1.31064,1.3109,1.12,2.70
2017.10.27 02:51:26.005,1.31064,1.31089,1.12,2.32
2017.10.27 02:51:27.489,1.31064,1.31089,1.12,2.32
2017.10.27 02:51:27.541,1.31064,1.31089,2.62,2.32
2017.10.27 02:51:27.848,1.31064,1.3109,2.62,2.70
2017.10.27 02:51:32.990,1.31064,1.31089,2.62,1.20
2017.10.27 02:51:33.507,1.31064,1.3109,2.62,2.32
2017.10.27 02:51:36.092,1.31064,1.3109,1.37,2.32
2017.10.27 02:51:37.017,1.31066,1.31089,1.87,1.20
2017.10.27 02:51:37.120,1.31069,1.31094,1.37,1.20
2017.10.27 02:51:37.275,1.31069,1.31094,1.00,3.45
2017.10.27 02:51:37.479,1.31062,1.31088,1.00,1.95
2017.10.27 02:51:46.346,1.31064,1.31088,3.37,1.50
2017.10.27 02:51:46.398,1.31065,1.31088,2.62,1.00
2017.10.27 02:51:47.118,1.31065,1.31089,2.62,1.00
2017.10.27 02:51:49.515,1.31069,1.31093,1.37,1.75
2017.10.27 02:51:50.720,1.31072,1.31095,1.87,1.12
2017.10.27 02:51:52.850,1.31072,1.31097,1.12,1.75
2017.10.27 02:51:53.360,1.3107,1.31095,1.37,1.12
2017.10.27 02:51:54.224,1.3107,1.31094,1.37,1.00
2017.10.27 02:51:54.769,1.3107,1.31094,2.62,1.00
2017.10.27 02:51:55.557,1.3107,1.31095,2.62,1.12
2017.10.27 02:51:56.257,1.3107,1.31094,2.62,1.00
2017.10.27 02:51:59.147,1.3107,1.31095,2.62,1.12
2017.10.27 02:51:59.687,1.3107,1.31094,2.62,1.00
2017.10.27 02:52:00.231,1.3107,1.31095,2.62,1.12
2017.10.27 02:52:00.738,1.3107,1.31094,2.62,1.00
2017.10.27 02:52:02.794,1.3107,1.31095,2.62,1.12
2017.10.27 02:52:04.008,1.3107,1.31094,2.62,1.00
2017.10.27 02:52:04.618,1.3107,1.31095,2.62,1.12
2017.10.27 02:52:05.147,1.3107,1.31094,2.62,1.00
2017.10.27 02:52:07.382,1.3107,1.31095,2.62,1.00
2017.10.27 02:52:08.582,1.3107,1.31094,3.37,1.00
2017.10.27 02:52:09.052,1.3107,1.31094,1.50,1.00
2017.10.27 02:52:11.198,1.3107,1.31095,1.00,1.00
2017.10.27 02:52:11.909,1.3107,1.31094,1.12,1.00
2017.10.27 02:52:14.595,1.3107,1.31096,1.50,1.12
2017.10.27 02:52:16.138,1.31069,1.31097,1.00,1.87
2017.10.27 02:52:18.926,1.31069,1.31095,1.00,1.00
2017.10.27 02:52:19.696,1.3107,1.31094,1.00,1.00
2017.10.27 02:52:22.227,1.31069,1.31094,1.00,1.00
2017.10.27 02:52:23.207,1.3107,1.31094,1.00,1.00
2017.10.27 02:52:25.819,1.31069,1.31097,1.37,1.47
2017.10.27 02:52:25.924,1.31069,1.31094,1.37,1.00
2017.10.27 02:52:27.114,1.31071,1.31094,1.00,1.00
2017.10.27 02:52:30.474,1.31071,1.31095,1.12,1.00
2017.10.27 02:52:31.001,1.31071,1.31095,2.62,1.00
2017.10.27 02:52:31.787,1.31071,1.31094,2.62,1.00
2017.10.27 02:52:32.941,1.31071,1.31095,2.62,1.00
2017.10.27 02:52:42.439,1.31071,1.31094,1.87,1.00
2017.10.27 02:52:42.541,1.31069,1.31094,1.37,1.00
2017.10.27 02:52:43.071,1.31069,1.31095,1.87,1.10
2017.10.27 02:52:46.168,1.31069,1.31094,1.37,1.00
2017.10.27 02:52:46.725,1.31069,1.31095,1.87,1.00
2017.10.27 02:52:47.787,1.31071,1.31095,1.00,1.00
2017.10.27 02:52:52.700,1.31071,1.31095,1.37,1.00
2017.10.27 02:52:55.158,1.31072,1.31094,1.12,1.00
2017.10.27 02:53:00.652,1.31071,1.31097,1.37,1.00
2017.10.27 02:53:03.768,1.31069,1.31097,4.12,1.50
2017.10.27 02:53:13.756,1.31072,1.31097,1.87,1.00
2017.10.27 02:53:13.808,1.3107,1.31097,1.87,1.12
2017.10.27 02:53:13.859,1.3107,1.31097,2.62,1.00
2017.10.27 02:53:14.013,1.3107,1.31096,1.87,1.50
2017.10.27 02:53:14.067,1.31072,1.31096,1.87,1.50
2017.10.27 02:53:14.119,1.31073,1.31099,1.00,1.00
2017.10.27 02:53:18.478,1.31073,1.31099,1.00,1.50
2017.10.27 02:53:22.648,1.31073,1.311,2.62,2.32
2017.10.27 02:53:23.178,1.31073,1.31099,2.62,1.10
2017.10.27 02:53:25.789,1.31074,1.31099,1.87,1.00
2017.10.27 02:53:26.614,1.31074,1.31099,1.00,1.00
2017.10.27 02:53:27.744,1.31073,1.31099,1.12,1.10
2017.10.27 02:53:28.393,1.31073,1.31101,1.87,1.07
2017.10.27 02:53:31.169,1.31073,1.31101,1.87,1.00
2017.10.27 02:53:36.611,1.31074,1.31101,3.37,1.00
2017.10.27 02:53:39.497,1.31075,1.31101,1.87,1.00
2017.10.27 02:53:44.175,1.31077,1.31101,1.37,1.00
2017.10.27 02:53:44.228,1.31078,1.31103,1.37,1.00
2017.10.27 02:53:45.156,1.31078,1.31103,1.00,1.00
2017.10.27 02:53:45.610,1.31079,1.31103,3.56,1.00
2017.10.27 02:53:45.712,1.31085,1.31113,1.37,1.87
2017.10.27 02:53:45.929,1.31086,1.31113,1.87,1.50
2017.10.27 02:53:51.260,1.31087,1.31113,1.87,1.50
2017.10.27 02:53:57.679,1.31087,1.31113,1.37,1.00
2017.10.27 02:53:57.986,1.31093,1.31119,1.87,1.50
2017.10.27 02:54:08.454,1.31093,1.31119,2.62,1.00
2017.10.27 02:54:09.037,1.31093,1.31119,1.50,1.00
2017.10.27 02:54:18.073,1.31094,1.31119,1.00,1.50
2017.10.27 02:54:18.430,1.31091,1.31119,1.50,2.25
2017.10.27 02:54:20.056,1.31091,1.31119,1.50,3.82
2017.10.27 02:54:22.582,1.31092,1.31118,1.00,1.10
2017.10.27 02:54:24.238,1.31091,1.31119,1.50,3.07
2017.10.27 02:54:24.788,1.31092,1.31118,1.00,1.00
2017.10.27 02:54:26.744,1.31092,1.31118,1.00,1.45
2017.10.27 02:54:26.895,1.31092,1.31118,1.00,1.00
2017.10.27 02:54:32.687,1.31091,1.31118,1.50,1.00
2017.10.27 02:54:33.881,1.31091,1.31115,1.00,1.00
2017.10.27 02:54:34.751,1.31091,1.31115,1.00,2.25
2017.10.27 02:54:35.762,1.31089,1.31114,1.00,1.12
2017.10.27 02:54:36.648,1.31088,1.31114,1.00,1.12
2017.10.27 02:54:37.335,1.31089,1.31114,1.00,2.06
2017.10.27 02:54:38.127,1.31088,1.31114,1.00,2.06
2017.10.27 02:54:38.736,1.31089,1.31114,1.00,2.06
2017.10.27 02:54:39.325,1.31088,1.31114,1.00,2.06
2017.10.27 02:54:39.838,1.31089,1.31114,1.00,2.06
2017.10.27 02:54:39.889,1.31089,1.31112,1.00,1.00
2017.10.27 02:54:40.628,1.31088,1.31112,1.00,1.00
2017.10.27 02:54:41.237,1.31089,1.31112,1.00,1.00
2017.10.27 02:54:41.872,1.31088,1.31112,1.00,1.00
2017.10.27 02:54:44.378,1.31088,1.31115,1.00,1.69
2017.10.27 02:54:44.881,1.31089,1.31115,1.00,2.44
2017.10.27 02:54:45.898,1.31088,1.31116,1.00,3.19
2017.10.27 02:54:46.847,1.31089,1.31115,1.00,2.25
2017.10.27 02:54:47.551,1.31091,1.31117,1.00,1.19
2017.10.27 02:54:48.303,1.31091,1.31117,1.00,1.00
2017.10.27 02:54:49.337,1.3109,1.31117,1.00,1.00
2017.10.27 02:54:52.541,1.31091,1.31117,1.00,1.00
2017.10.27 02:54:54.001,1.31091,1.31119,1.00,2.06
2017.10.27 02:54:54.556,1.3109,1.31119,1.50,1.31
2017.10.27 02:54:56.667,1.31091,1.31119,1.00,2.06
2017.10.27 02:54:59.923,1.3109,1.31117,1.50,1.50
2017.10.27 02:55:00.234,1.3109,1.31112,1.00,1.00
2017.10.27 02:55:03.425,1.3109,1.31114,1.00,1.87
2017.10.27 02:55:04.294,1.31087,1.31114,1.50,1.87
2017.10.27 02:55:06.626,1.31088,1.31113,1.00,1.00
2017.10.27 02:55:06.677,1.31087,1.31111,1.00,1.37
2017.10.27 02:55:06.730,1.31084,1.3111,1.00,1.31
2017.10.27 02:55:06.782,1.31084,1.31107,1.00,1.00
2017.10.27 02:55:06.834,1.3108,1.31106,2.25,1.50
2017.10.27 02:55:11.230,1.31081,1.31106,1.00,1.50
2017.10.27 02:55:11.925,1.3108,1.31106,1.00,1.50
2017.10.27 02:55:13.171,1.3108,1.31106,1.00,2.06
2017.10.27 02:55:24.276,1.31076,1.31101,1.00,1.00
2017.10.27 02:55:24.817,1.31075,1.31103,1.50,1.12
2017.10.27 02:55:25.361,1.31076,1.31103,1.50,1.87
2017.10.27 02:55:29.401,1.31076,1.31104,1.50,1.57
2017.10.27 02:55:30.449,1.31077,1.31103,1.00,1.20
2017.10.27 02:55:30.709,1.31076,1.31103,1.00,1.07
2017.10.27 02:55:31.214,1.31077,1.31103,1.00,1.95
2017.10.27 02:55:31.316,1.31077,1.31104,1.00,1.57
2017.10.27 02:55:31.368,1.31079,1.31107,1.00,1.57
2017.10.27 02:55:31.684,1.31079,1.31107,1.12,1.57
2017.10.27 02:55:31.786,1.31079,1.31107,1.00,1.57
2017.10.27 02:55:32.093,1.31079,1.31102,1.00,1.20
2017.10.27 02:55:32.432,1.31079,1.31103,1.00,1.95
2017.10.27 02:55:32.688,1.31079,1.31105,1.00,1.57
2017.10.27 02:55:33.350,1.3108,1.31107,1.00,2.70
2017.10.27 02:55:34.007,1.31079,1.31107,1.50,1.95
2017.10.27 02:55:34.778,1.31079,1.31103,1.00,1.57
2017.10.27 02:55:35.367,1.31079,1.31103,1.00,1.95
2017.10.27 02:55:35.902,1.31079,1.31103,1.00,1.20
2017.10.27 02:55:36.297,1.31079,1.31101,1.00,1.20
2017.10.27 02:55:37.466,1.31079,1.31104,1.00,3.07
2017.10.27 02:55:38.090,1.31079,1.31103,1.00,1.57
2017.10.27 02:55:38.143,1.31079,1.31104,1.00,2.62
2017.10.27 02:55:40.023,1.31079,1.31103,1.00,1.20
2017.10.27 02:55:40.540,1.31079,1.31103,1.00,1.12
2017.10.27 02:55:43.512,1.3108,1.31103,1.00,1.12
2017.10.27 02:55:44.143,1.31079,1.31104,1.50,1.37
2017.10.27 02:55:45.888,1.31081,1.31104,1.00,1.37
2017.10.27 02:55:47.332,1.31081,1.31104,1.00,1.12
2017.10.27 02:55:47.872,1.31082,1.31104,1.00,1.12
2017.10.27 02:55:48.377,1.31083,1.31103,1.00,1.00
2017.10.27 02:55:50.038,1.31082,1.31104,1.00,1.12
2017.10.27 02:55:52.257,1.31083,1.31103,1.00,1.00
2017.10.27 02:55:52.807,1.31083,1.31106,1.00,1.75
2017.10.27 02:55:53.400,1.31082,1.31107,1.00,2.25
2017.10.27 02:55:54.139,1.31083,1.31106,1.00,1.75
2017.10.27 02:55:54.844,1.31082,1.31107,1.00,2.25
2017.10.27 02:55:59.087,1.31083,1.31107,1.00,2.25
2017.10.27 02:55:59.637,1.31084,1.31106,1.00,1.75
2017.10.27 02:56:06.997,1.31082,1.31107,1.00,2.32
2017.10.27 02:56:07.332,1.31082,1.31107,1.00,1.95
2017.10.27 02:56:07.854,1.31083,1.31106,1.00,1.10
2017.10.27 02:56:11.361,1.31083,1.31105,1.50,1.00
2017.10.27 02:56:14.285,1.31083,1.31106,1.00,1.00
2017.10.27 02:56:14.387,1.31086,1.31105,1.00,1.00
2017.10.27 02:56:14.438,1.31086,1.31107,1.00,1.12
2017.10.27 02:56:14.644,1.31087,1.31109,1.00,1.00
2017.10.27 02:56:17.014,1.31088,1.31109,1.00,1.50
2017.10.27 02:56:17.117,1.31085,1.31109,1.00,1.69
2017.10.27 02:56:17.169,1.31084,1.31105,1.00,1.25
2017.10.27 02:56:17.709,1.31084,1.31106,1.00,1.75
2017.10.27 02:56:19.564,1.31084,1.31107,1.00,1.00
2017.10.27 02:56:19.667,1.31086,1.31106,1.00,1.00
2017.10.27 02:56:19.822,1.31086,1.3111,1.00,2.25
2017.10.27 02:56:21.569,1.31084,1.3111,1.50,2.25
2017.10.27 02:56:25.955,1.31085,1.3111,1.00,1.50
2017.10.27 02:56:27.437,1.31084,1.3111,1.50,1.00
2017.10.27 02:56:28.171,1.31088,1.3111,1.00,1.00
2017.10.27 02:56:28.274,1.31088,1.31113,1.00,1.00
2017.10.27 02:56:28.822,1.31087,1.31111,1.00,1.50
2017.10.27 02:56:34.595,1.31087,1.31113,1.00,1.00
2017.10.27 02:56:34.881,1.31091,1.31113,1.00,1.00
2017.10.27 02:56:34.932,1.31092,1.31116,1.50,1.00
2017.10.27 02:56:35.035,1.31095,1.31119,1.00,1.00
2017.10.27 02:56:35.524,1.31095,1.31121,1.87,1.00
2017.10.27 02:56:36.261,1.31096,1.31121,1.00,1.00
2017.10.27 02:56:37.056,1.31095,1.31121,1.00,1.00
2017.10.27 02:56:38.442,1.31096,1.31121,1.00,1.00
2017.10.27 02:56:38.993,1.31097,1.31121,1.00,1.00
2017.10.27 02:56:43.611,1.31098,1.31121,1.00,1.00
2017.10.27 02:56:44.274,1.31097,1.31121,1.00,1.00
2017.10.27 02:56:45.339,1.31096,1.31121,1.00,1.00
2017.10.27 02:56:45.493,1.31093,1.31124,1.00,1.69
2017.10.27 02:56:45.827,1.31094,1.31124,1.00,1.50
2017.10.27 02:56:47.559,1.31094,1.31123,1.50,1.00
2017.10.27 02:56:48.928,1.31094,1.31124,1.00,1.50
2017.10.27 02:56:51.977,1.31094,1.31123,2.25,1.00
2017.10.27 02:56:52.182,1.31096,1.31124,1.00,1.50
2017.10.27 02:56:52.696,1.31097,1.31124,1.50,1.00
2017.10.27 02:56:53.735,1.31096,1.31124,2.25,1.00
2017.10.27 02:56:54.378,1.31097,1.31124,1.50,1.00
2017.10.27 02:56:55.818,1.31096,1.31124,3.00,1.00
2017.10.27 02:56:56.675,1.31096,1.31124,2.25,1.07
2017.10.27 02:56:57.208,1.31097,1.31124,1.50,1.07
2017.10.27 02:56:57.824,1.31096,1.31124,2.25,1.07
2017.10.27 02:56:59.523,1.31096,1.31124,2.25,1.07
2017.10.27 02:57:00.090,1.31097,1.31124,1.50,1.07
2017.10.27 02:57:00.606,1.31096,1.31124,2.25,1.07
2017.10.27 02:57:01.107,1.31097,1.31124,1.00,1.07
2017.10.27 02:57:02.146,1.31096,1.31124,1.50,1.07
2017.10.27 02:57:07.383,1.31098,1.31124,1.00,1.07
2017.10.27 02:57:09.370,1.31097,1.31124,1.50,1.95
2017.10.27 02:57:09.940,1.31097,1.31124,1.50,1.07
2017.10.27 02:57:10.502,1.31098,1.31124,1.00,1.07
2017.10.27 02:57:12.427,1.31097,1.31124,1.50,1.07
2017.10.27 02:57:13.966,1.31097,1.31124,1.50,1.57
2017.10.27 02:57:14.524,1.31098,1.31124,1.00,1.07
2017.10.27 02:57:15.633,1.31098,1.31124,1.00,1.07
2017.10.27 02:57:16.419,1.31098,1.31124,1.00,1.20
2017.10.27 02:57:17.358,1.31097,1.31124,1.50,2.32
2017.10.27 02:57:19.000,1.31098,1.31124,1.00,1.57
2017.10.27 02:57:19.307,1.31097,1.31123,1.00,2.70
2017.10.27 02:57:19.837,1.31097,1.31122,1.00,2.70
2017.10.27 02:57:20.831,1.31093,1.31121,1.37,1.20
2017.10.27 02:57:23.526,1.31092,1.31122,1.50,1.45
2017.10.27 02:57:23.578,1.31092,1.31122,1.50,1.07
2017.10.27 02:57:27.660,1.31093,1.31122,1.00,2.32
2017.10.27 02:57:28.099,1.31094,1.31122,1.00,1.10
2017.10.27 02:57:30.072,1.31095,1.31122,1.00,1.57
2017.10.27 02:57:34.941,1.31096,1.31122,1.00,1.10
2017.10.27 02:57:36.571,1.31095,1.31122,1.00,1.10
2017.10.27 02:57:36.800,1.31096,1.3112,1.00,1.00
2017.10.27 02:57:37.338,1.31096,1.31122,1.00,1.07
2017.10.27 02:57:38.443,1.31096,1.31122,1.00,1.07
2017.10.27 02:57:39.133,1.31094,1.31119,1.00,1.00
2017.10.27 02:57:39.185,1.31094,1.31115,1.00,1.45
2017.10.27 02:57:39.237,1.3109,1.31114,1.00,1.20
2017.10.27 02:57:39.289,1.31088,1.31114,1.00,1.57
2017.10.27 02:57:40.946,1.31088,1.31114,1.00,1.12
2017.10.27 02:57:41.502,1.31089,1.31114,1.00,2.62
2017.10.27 02:57:41.942,1.31086,1.31114,1.87,2.62
2017.10.27 02:57:42.556,1.31086,1.31114,1.37,1.87
2017.10.27 02:57:49.304,1.31086,1.31111,1.00,1.00
2017.10.27 02:57:49.817,1.31085,1.31111,1.00,1.00
2017.10.27 02:57:50.361,1.31086,1.31111,1.00,1.00
2017.10.27 02:57:51.339,1.31085,1.31111,1.00,1.00
2017.10.27 02:57:51.668,1.31083,1.3111,1.50,1.50
2017.10.27 02:57:51.719,1.31082,1.31108,1.00,1.00
2017.10.27 02:57:52.122,1.31079,1.31106,1.00,3.00
2017.10.27 02:57:53.327,1.3108,1.31105,1.00,2.25
2017.10.27 02:57:53.838,1.31079,1.31105,1.00,1.50
2017.10.27 02:57:54.775,1.3108,1.31105,1.00,2.25
2017.10.27 02:57:56.620,1.31079,1.31105,1.00,1.50
2017.10.27 02:57:57.948,1.3108,1.31105,1.00,2.25
2017.10.27 02:58:00.132,1.31079,1.31105,1.00,1.50
2017.10.27 02:58:00.669,1.3108,1.31105,1.00,2.25
2017.10.27 02:58:02.584,1.31079,1.31105,1.00,1.50
2017.10.27 02:58:03.386,1.3108,1.31104,1.00,1.12
2017.10.27 02:58:04.312,1.31079,1.31104,1.00,1.12
2017.10.27 02:58:07.331,1.31079,1.31106,1.00,3.00
2017.10.27 02:58:07.382,1.31077,1.31106,1.50,1.12
2017.10.27 02:58:14.420,1.31078,1.31106,1.00,1.12
2017.10.27 02:58:20.265,1.31077,1.31106,2.25,1.12
2017.10.27 02:58:21.260,1.31078,1.31106,1.00,1.12
2017.10.27 02:58:21.818,1.31077,1.31106,2.25,1.12
2017.10.27 02:58:22.361,1.31078,1.31106,1.00,1.12
2017.10.27 02:58:25.526,1.31078,1.31106,1.50,1.37
2017.10.27 02:58:26.060,1.31079,1.31106,1.00,1.87
2017.10.27 02:58:26.955,1.31078,1.31106,1.00,1.37
2017.10.27 02:58:27.500,1.31079,1.31106,1.00,1.87
2017.10.27 02:58:27.847,1.31075,1.31103,1.00,2.25
2017.10.27 02:58:28.513,1.31075,1.31099,1.00,1.00
2017.10.27 02:58:29.418,1.31074,1.31099,1.00,1.00
2017.10.27 02:58:30.686,1.31075,1.31099,1.00,1.00
2017.10.27 02:58:30.788,1.31071,1.31098,1.50,1.50
2017.10.27 02:58:31.407,1.31071,1.31099,1.12,1.00
2017.10.27 02:58:31.713,1.31071,1.31096,1.00,1.12
2017.10.27 02:58:31.969,1.31067,1.31095,1.00,1.00
2017.10.27 02:58:33.442,1.31072,1.31095,1.00,1.00
2017.10.27 02:58:33.595,1.31072,1.31099,1.50,1.00
2017.10.27 02:58:33.647,1.31077,1.31099,1.00,1.00
2017.10.27 02:58:33.699,1.31077,1.31105,1.50,1.25
2017.10.27 02:58:33.852,1.31077,1.31103,1.00,1.00
2017.10.27 02:58:34.185,1.31074,1.31099,1.00,1.75
2017.10.27 02:58:35.613,1.31072,1.31098,1.00,1.50
2017.10.27 02:58:35.808,1.31071,1.31099,1.00,1.00
2017.10.27 02:58:36.018,1.31076,1.31099,1.00,1.00
2017.10.27 02:58:42.050,1.31075,1.31099,1.00,1.00
2017.10.27 02:58:44.141,1.31075,1.31097,1.00,1.00
2017.10.27 02:58:44.193,1.31075,1.31099,1.00,1.00
2017.10.27 02:58:45.030,1.31077,1.31101,1.00,1.12
2017.10.27 02:58:45.145,1.3108,1.31105,1.00,1.00
2017.10.27 02:58:45.196,1.31081,1.31109,1.00,1.12
2017.10.27 02:58:47.182,1.31081,1.31109,1.50,1.20
2017.10.27 02:58:48.298,1.31081,1.31106,1.50,1.20
2017.10.27 02:58:48.452,1.31075,1.31103,2.25,1.32
2017.10.27 02:58:48.503,1.31075,1.31103,1.50,1.70
2017.10.27 02:58:48.732,1.31075,1.31103,2.25,1.76
2017.10.27 02:58:50.984,1.31075,1.311,1.50,1.00
2017.10.27 02:58:56.239,1.31075,1.31101,1.00,1.00
2017.10.27 02:58:58.257,1.31075,1.311,1.50,1.00
2017.10.27 02:58:59.172,1.31074,1.31101,1.00,1.07
2017.10.27 02:58:59.223,1.31072,1.31101,1.50,1.07
2017.10.27 02:58:59.478,1.31074,1.311,1.00,1.00
2017.10.27 02:59:00.153,1.31075,1.311,1.00,1.00
2017.10.27 02:59:00.569,1.31077,1.311,1.00,1.00
2017.10.27 02:59:00.671,1.31077,1.31102,1.00,1.00
2017.10.27 02:59:03.164,1.31074,1.31102,1.00,1.00
2017.10.27 02:59:03.686,1.31073,1.31102,1.50,1.00
2017.10.27 02:59:07.382,1.31075,1.31102,1.00,1.00
2017.10.27 02:59:08.588,1.31076,1.31102,1.00,1.00
2017.10.27 02:59:08.639,1.31076,1.31104,1.00,2.62
2017.10.27 02:59:10.537,1.31075,1.31104,1.50,1.87
2017.10.27 02:59:11.618,1.31076,1.31104,1.00,3.37
2017.10.27 02:59:12.170,1.31075,1.311,1.50,1.12
2017.10.27 02:59:12.379,1.31067,1.31093,1.00,1.00
2017.10.27 02:59:12.798,1.31065,1.31092,1.00,1.87
2017.10.27 02:59:13.366,1.31066,1.31092,1.00,2.62
2017.10.27 02:59:14.785,1.31065,1.31092,1.00,1.00
2017.10.27 02:59:16.048,1.31066,1.31092,1.00,1.50
2017.10.27 02:59:16.313,1.31068,1.31092,1.00,1.00
2017.10.27 02:59:16.824,1.31069,1.31095,1.00,1.00
2017.10.27 02:59:19.548,1.31071,1.31095,1.00,1.00
2017.10.27 02:59:19.701,1.31073,1.31098,1.00,1.00
2017.10.27 02:59:19.753,1.31074,1.311,1.00,1.00
2017.10.27 02:59:19.906,1.31074,1.311,1.00,3.75
2017.10.27 02:59:20.298,1.31074,1.311,1.00,2.62
2017.10.27 02:59:20.800,1.31073,1.311,1.00,1.12
2017.10.27 02:59:21.426,1.31074,1.311,1.00,1.00
2017.10.27 02:59:22.361,1.31073,1.311,1.12,1.00
2017.10.27 02:59:26.245,1.31075,1.31097,1.00,1.00
2017.10.27 02:59:26.348,1.31069,1.31096,1.00,1.50
2017.10.27 02:59:26.507,1.31071,1.31099,3.19,1.00
2017.10.27 02:59:26.610,1.31073,1.31099,1.50,1.00
2017.10.27 02:59:26.815,1.31071,1.31099,3.75,1.00
2017.10.27 02:59:26.866,1.31074,1.31099,1.00,1.00
2017.10.27 02:59:26.918,1.31071,1.31099,2.25,1.50
2017.10.27 02:59:27.428,1.31072,1.31099,1.00,1.00
2017.10.27 02:59:28.056,1.31071,1.31099,1.50,1.00
2017.10.27 02:59:44.000,1.31074,1.31099,1.00,1.00
2017.10.27 02:59:44.522,1.31073,1.31099,1.00,1.00
2017.10.27 02:59:45.066,1.31074,1.31099,1.00,1.00
2017.10.27 02:59:45.848,1.31073,1.31099,1.00,1.00
2017.10.27 02:59:47.517,1.31074,1.31099,1.00,1.00
2017.10.27 02:59:48.056,1.31073,1.31099,1.00,1.00
2017.10.27 02:59:49.929,1.31074,1.31099,1.00,1.00
2017.10.27 02:59:50.438,1.31073,1.31099,1.00,1.00
2017.10.27 02:59:51.036,1.31074,1.31099,1.00,1.00
2017.10.27 02:59:51.575,1.31075,1.31099,1.00,1.00
2017.10.27 02:59:54.223,1.31074,1.31101,1.00,1.00
2017.10.27 02:59:54.275,1.31074,1.31098,1.00,1.12
2017.10.27 02:59:54.582,1.31071,1.31094,1.00,1.12
2017.10.27 02:59:58.456,1.31066,1.31095,2.25,1.50
2017.10.27 02:59:59.343,1.31068,1.31095,1.00,1.50
2017.10.27 02:59:59.801,1.31071,1.31095,1.00,1.50
2017.10.27 02:59:59.853,1.31068,1.31094,1.00,1.00
2017.10.27 02:59:59.904,1.31066,1.31092,1.50,1.00
