2011.10.10 13:00:01.340,1.41486,1.4151,1.09,1.43
2011.10.10 13:00:01.699,1.41483,1.41504,2.72,1.43
2011.10.10 13:00:02.230,1.41483,1.41514,2.63,1.80
2011.10.10 13:00:02.375,1.41483,1.4151,3.10,1.43
2011.10.10 13:00:02.630,1.41483,1.41518,2.63,1.43
2011.10.10 13:00:02.757,1.41483,1.41512,2.63,1.43
2011.10.10 13:00:03.123,1.41483,1.41522,3.10,2.18
2011.10.10 13:00:03.254,1.41483,1.41518,3.10,1.43
2011.10.10 13:00:04.451,1.41484,1.41515,2.25,1.43
2011.10.10 13:00:04.894,1.41497,1.4153,1.50,2.55
2011.10.10 13:00:05.273,1.41504,1.41527,1.50,1.43
2011.10.10 13:00:05.765,1.41499,1.41531,1.22,1.13
2011.10.10 13:00:05.894,1.41495,1.4153,1.50,1.88
2011.10.10 13:00:06.025,1.4149,1.4153,1.50,1.50
2011.10.10 13:00:06.390,1.4149,1.41528,1.50,1.43
2011.10.10 13:00:06.513,1.4149,1.41528,2.18,1.43
2011.10.10 13:00:06.939,1.41496,1.41528,1.50,2.18
2011.10.10 13:00:07.067,1.41496,1.41529,1.50,2.18
2011.10.10 13:00:07.310,1.41497,1.41529,1.43,2.18
2011.10.10 13:00:07.670,1.41502,1.41533,1.50,1.09
2011.10.10 13:00:08.019,1.41502,1.41534,1.50,3.38
2011.10.10 13:00:08.850,1.41502,1.41533,1.50,3.38
2011.10.10 13:00:09.104,1.41502,1.41533,1.50,2.63
2011.10.10 13:00:10.930,1.41496,1.41534,1.50,3.30
2011.10.10 13:00:11.507,1.41496,1.41533,1.50,1.88
2011.10.10 13:00:12.120,1.41496,1.41531,1.50,1.50
2011.10.10 13:00:12.364,1.41486,1.41517,1.13,1.50
2011.10.10 13:00:12.493,1.41486,1.41511,1.13,1.50
2011.10.10 13:00:12.863,1.41477,1.41499,1.88,1.13
2011.10.10 13:00:13.884,1.41477,1.41504,1.88,1.13
2011.10.10 13:00:14.012,1.41486,1.41504,1.50,1.13
2011.10.10 13:00:14.368,1.41476,1.41503,1.88,1.13
2011.10.10 13:00:14.881,1.41476,1.41502,1.88,1.50
2011.10.10 13:00:15.243,1.41476,1.41504,1.88,1.13
2011.10.10 13:00:15.721,1.41476,1.41503,1.88,1.13
2011.10.10 13:00:18.790,1.41476,1.41503,1.88,1.13
2011.10.10 13:00:19.380,1.41466,1.41503,1.50,1.13
2011.10.10 13:00:19.501,1.41465,1.41477,1.22,1.43
2011.10.10 13:00:19.634,1.41458,1.41477,1.50,1.43
2011.10.10 13:00:19.767,1.41446,1.41477,1.88,2.18
2011.10.10 13:00:19.892,1.41442,1.41472,1.50,1.43
2011.10.10 13:00:20.029,1.41434,1.41465,1.13,2.18
2011.10.10 13:00:20.640,1.41428,1.41458,1.13,1.50
2011.10.10 13:00:22.389,1.41425,1.41458,1.47,1.50
2011.10.10 13:00:23.561,1.41425,1.41461,2.97,1.43
2011.10.10 13:00:24.006,1.41425,1.41459,2.97,1.43
2011.10.10 13:00:24.714,1.41425,1.41462,2.97,1.80
2011.10.10 13:00:24.846,1.41426,1.41463,1.50,1.13
2011.10.10 13:00:26.025,1.41429,1.41462,1.13,1.43
2011.10.10 13:00:26.392,1.4143,1.41464,1.13,1.50
2011.10.10 13:00:26.519,1.41432,1.41466,1.50,1.43
2011.10.10 13:00:26.764,1.41433,1.41471,1.50,1.84
2011.10.10 13:00:27.192,1.41443,1.41474,1.50,2.22
2011.10.10 13:00:27.329,1.41444,1.41482,1.50,4.05
2011.10.10 13:00:27.458,1.41444,1.41479,1.88,1.13
2011.10.10 13:00:27.820,1.41446,1.41473,1.13,1.88
2011.10.10 13:00:28.181,1.41444,1.41473,1.50,1.88
2011.10.10 13:00:28.310,1.41448,1.41481,1.50,2.18
2011.10.10 13:00:28.911,1.41451,1.41484,1.50,1.88
2011.10.10 13:00:29.404,1.41448,1.41484,3.00,1.88
2011.10.10 13:00:29.926,1.41457,1.41484,1.50,1.88
2011.10.10 13:00:30.055,1.41461,1.41492,1.50,1.43
2011.10.10 13:00:30.652,1.41461,1.41494,1.50,4.05
2011.10.10 13:00:32.252,1.41461,1.41484,1.50,1.43
2011.10.10 13:00:35.851,1.41454,1.41485,1.50,1.43
2011.10.10 13:00:36.340,1.41454,1.41476,1.50,1.43
2011.10.10 13:00:36.703,1.41448,1.41476,1.50,1.43
2011.10.10 13:00:36.836,1.41443,1.41476,1.50,1.43
2011.10.10 13:00:37.325,1.41443,1.41482,1.50,2.18
2011.10.10 13:00:39.381,1.41448,1.41486,1.50,1.77
2011.10.10 13:00:39.740,1.41454,1.41486,1.50,1.77
2011.10.10 13:00:40.101,1.41454,1.41487,1.50,1.43
2011.10.10 13:00:40.235,1.41449,1.41477,1.50,1.43
2011.10.10 13:00:40.560,1.41449,1.41479,1.50,1.43
2011.10.10 13:00:40.700,1.41449,1.41487,1.50,1.13
2011.10.10 13:00:40.827,1.41449,1.41489,1.50,1.50
2011.10.10 13:00:41.675,1.41449,1.41487,1.50,1.50
2011.10.10 13:00:42.041,1.41449,1.41481,1.50,1.43
2011.10.10 13:00:42.400,1.41449,1.41473,1.50,1.43
2011.10.10 13:00:43.103,1.41449,1.41472,2.25,1.43
2011.10.10 13:00:44.479,1.41449,1.41473,1.50,3.30
2011.10.10 13:00:51.688,1.41454,1.41473,1.50,1.88
2011.10.10 13:00:51.808,1.41454,1.4148,1.50,1.43
2011.10.10 13:00:52.386,1.41454,1.41481,1.50,1.43
2011.10.10 13:00:53.914,1.41455,1.41485,1.43,1.43
2011.10.10 13:00:54.041,1.41461,1.41493,1.50,1.09
2011.10.10 13:00:54.174,1.41461,1.41494,1.50,2.22
2011.10.10 13:00:54.421,1.41463,1.41494,1.13,2.22
2011.10.10 13:00:54.779,1.41466,1.41494,1.50,2.22
2011.10.10 13:00:57.881,1.41466,1.41489,1.50,1.43
2011.10.10 13:00:59.191,1.41468,1.41489,1.50,1.43
2011.10.10 13:00:59.320,1.41468,1.41493,1.50,2.22
2011.10.10 13:01:01.162,1.41474,1.41498,1.50,1.80
2011.10.10 13:01:01.536,1.41491,1.41504,1.50,1.88
2011.10.10 13:01:01.782,1.41484,1.41513,2.18,1.88
2011.10.10 13:01:01.911,1.41484,1.41513,2.18,1.88
2011.10.10 13:01:02.152,1.41484,1.41513,1.50,1.88
2011.10.10 13:01:02.391,1.41484,1.41513,1.50,1.88
2011.10.10 13:01:02.745,1.41484,1.41508,1.50,1.80
2011.10.10 13:01:02.883,1.41479,1.41504,1.22,1.88
2011.10.10 13:01:04.472,1.41475,1.41504,1.13,1.13
2011.10.10 13:01:04.603,1.41473,1.41497,1.50,1.13
2011.10.10 13:01:04.972,1.41473,1.41497,1.50,1.50
2011.10.10 13:01:05.103,1.41467,1.41497,1.22,1.50
2011.10.10 13:01:14.470,1.41466,1.41499,1.50,1.80
2011.10.10 13:01:14.950,1.41469,1.41503,1.50,2.63
2011.10.10 13:01:19.198,1.41469,1.41503,1.50,3.00
2011.10.10 13:01:20.386,1.41459,1.41475,1.13,1.50
2011.10.10 13:01:20.513,1.41455,1.41475,1.50,1.50
2011.10.10 13:01:20.645,1.41459,1.41488,4.50,1.43
2011.10.10 13:01:20.773,1.41459,1.41488,1.84,1.50
2011.10.10 13:01:20.902,1.41455,1.41491,1.50,1.09
2011.10.10 13:01:21.154,1.41449,1.41486,1.09,1.43
2011.10.10 13:01:21.623,1.41446,1.41481,1.09,1.50
2011.10.10 13:01:22.190,1.41445,1.41478,1.09,1.50
2011.10.10 13:01:24.165,1.41447,1.41484,1.09,2.63
2011.10.10 13:01:26.081,1.41449,1.41485,1.09,1.50
2011.10.10 13:01:26.447,1.41448,1.41485,1.09,1.50
2011.10.10 13:01:26.573,1.41448,1.41478,1.09,1.50
2011.10.10 13:01:26.707,1.41448,1.41486,1.09,1.50
2011.10.10 13:01:28.489,1.41447,1.41486,1.50,1.50
2011.10.10 13:01:28.983,1.41446,1.41481,1.50,2.97
2011.10.10 13:01:29.111,1.41441,1.41479,1.50,2.89
2011.10.10 13:01:29.244,1.4144,1.41479,1.50,2.89
2011.10.10 13:01:29.850,1.41441,1.41479,1.50,1.13
2011.10.10 13:01:34.442,1.4144,1.41479,1.50,1.88
2011.10.10 13:01:34.573,1.4144,1.41478,1.50,1.13
2011.10.10 13:01:35.160,1.4144,1.41474,1.50,1.88
2011.10.10 13:01:36.173,1.41438,1.41474,1.09,2.63
2011.10.10 13:01:36.304,1.41436,1.41474,1.09,3.38
2011.10.10 13:01:37.285,1.41438,1.41474,1.09,2.63
2011.10.10 13:01:38.111,1.41441,1.41474,1.50,1.88
2011.10.10 13:01:38.477,1.41441,1.41481,1.50,1.50
2011.10.10 13:01:39.281,1.41441,1.41481,1.50,1.50
2011.10.10 13:01:39.873,1.41446,1.41481,2.22,1.50
2011.10.10 13:01:41.796,1.4144,1.41481,1.09,1.50
2011.10.10 13:01:43.394,1.41445,1.41483,1.50,1.88
2011.10.10 13:01:45.497,1.4144,1.41478,1.09,1.13
2011.10.10 13:01:46.811,1.41439,1.41474,1.09,1.50
2011.10.10 13:01:47.415,1.41442,1.41473,1.43,1.09
2011.10.10 13:01:48.142,1.41434,1.41473,1.50,2.22
2011.10.10 13:01:48.404,1.4143,1.41467,1.50,1.09
2011.10.10 13:01:48.780,1.41431,1.41469,1.13,1.09
2011.10.10 13:01:48.909,1.41443,1.41475,2.52,1.13
2011.10.10 13:01:49.512,1.41443,1.41476,2.52,1.80
2011.10.10 13:01:51.014,1.41443,1.41476,2.18,2.14
2011.10.10 13:01:51.144,1.41439,1.41469,1.43,1.43
2011.10.10 13:02:01.016,1.41439,1.41469,1.43,2.18
2011.10.10 13:02:01.143,1.41432,1.41466,1.50,1.43
2011.10.10 13:02:01.274,1.41431,1.41466,1.50,1.77
2011.10.10 13:02:01.924,1.41425,1.41463,2.25,2.52
2011.10.10 13:02:04.671,1.41432,1.41463,1.50,4.02
2011.10.10 13:02:05.030,1.4143,1.41463,1.50,1.88
2011.10.10 13:02:05.768,1.4143,1.41464,1.50,1.80
2011.10.10 13:02:05.900,1.41439,1.4146,1.43,1.09
2011.10.10 13:02:06.150,1.4143,1.41464,1.50,1.43
2011.10.10 13:02:06.513,1.41429,1.41464,1.50,1.43
2011.10.10 13:02:06.876,1.41438,1.4147,1.43,2.52
2011.10.10 13:02:07.240,1.41443,1.41474,1.43,1.80
2011.10.10 13:02:08.806,1.41442,1.41467,2.63,1.43
2011.10.10 13:02:08.960,1.41447,1.41479,1.43,1.43
2011.10.10 13:02:09.083,1.41443,1.41477,1.13,1.43
2011.10.10 13:02:09.591,1.41442,1.41477,1.88,1.43
2011.10.10 13:02:10.212,1.41442,1.41477,1.88,1.43
2011.10.10 13:02:10.821,1.41447,1.41477,1.50,1.43
2011.10.10 13:02:12.311,1.41447,1.41483,1.50,1.88
2011.10.10 13:02:12.539,1.41449,1.41483,1.50,1.88
2011.10.10 13:02:12.903,1.4145,1.41486,2.52,2.18
2011.10.10 13:02:13.151,1.41454,1.41487,1.13,1.50
2011.10.10 13:02:13.736,1.41454,1.41489,1.88,1.50
2011.10.10 13:02:13.868,1.41455,1.41489,1.50,2.18
2011.10.10 13:02:14.398,1.41456,1.41492,2.59,1.13
2011.10.10 13:02:14.770,1.41455,1.41492,1.50,2.55
2011.10.10 13:02:17.014,1.41455,1.41491,1.50,1.13
2011.10.10 13:02:19.735,1.41455,1.41493,3.27,4.13
2011.10.10 13:02:20.988,1.41456,1.41493,4.05,1.50
2011.10.10 13:02:25.329,1.41456,1.41491,3.30,2.18
2011.10.10 13:02:25.914,1.41453,1.41486,1.50,2.18
2011.10.10 13:02:26.047,1.4145,1.41486,1.13,2.18
2011.10.10 13:02:26.180,1.4146,1.41486,1.84,2.18
2011.10.10 13:02:26.514,1.41465,1.41483,1.09,1.43
2011.10.10 13:02:26.683,1.41455,1.41485,1.09,1.88
2011.10.10 13:02:26.816,1.41448,1.41478,2.18,1.50
2011.10.10 13:02:27.064,1.41447,1.41478,2.25,2.93
2011.10.10 13:02:27.195,1.41437,1.41476,1.50,1.50
2011.10.10 13:02:27.447,1.41436,1.41469,2.63,1.50
2011.10.10 13:02:27.815,1.41436,1.41458,1.88,1.50
2011.10.10 13:02:29.005,1.41427,1.41458,1.88,1.50
2011.10.10 13:02:29.499,1.41427,1.41458,1.88,1.50
2011.10.10 13:02:29.850,1.41427,1.41459,1.88,1.50
2011.10.10 13:02:31.881,1.41419,1.41459,1.50,1.50
2011.10.10 13:02:32.680,1.4144,1.41459,1.50,1.50
2011.10.10 13:02:32.803,1.4144,1.4147,1.50,1.43
2011.10.10 13:02:32.933,1.41445,1.41471,1.50,1.50
2011.10.10 13:02:33.062,1.41449,1.41473,2.18,1.88
2011.10.10 13:02:33.310,1.41449,1.41473,1.43,1.88
2011.10.10 13:02:34.163,1.4145,1.41473,1.43,1.88
2011.10.10 13:02:34.295,1.41448,1.41473,1.43,1.88
2011.10.10 13:02:34.875,1.41444,1.4148,1.50,1.88
2011.10.10 13:02:35.001,1.41443,1.41476,1.13,1.50
2011.10.10 13:02:35.339,1.41439,1.41476,1.13,2.25
2011.10.10 13:02:35.707,1.41437,1.41471,2.63,2.18
2011.10.10 13:02:35.953,1.41434,1.41471,1.22,2.93
2011.10.10 13:02:36.314,1.41437,1.41471,1.88,1.50
2011.10.10 13:02:37.671,1.41437,1.41467,2.25,1.43
2011.10.10 13:02:37.935,1.41436,1.41468,1.88,1.50
2011.10.10 13:02:38.534,1.41431,1.41468,1.22,1.50
2011.10.10 13:02:39.133,1.41436,1.41468,1.88,1.50
2011.10.10 13:02:40.243,1.4143,1.41468,1.94,1.50
2011.10.10 13:02:40.493,1.41434,1.41468,1.22,1.50
2011.10.10 13:02:41.070,1.41435,1.4146,1.22,1.50
2011.10.10 13:02:41.438,1.41434,1.41467,1.22,1.50
2011.10.10 13:02:41.564,1.41429,1.41467,1.60,1.50
2011.10.10 13:02:41.692,1.41434,1.41467,1.22,1.50
2011.10.10 13:02:42.053,1.4144,1.41467,1.43,1.50
2011.10.10 13:02:42.600,1.4144,1.41466,1.43,1.50
2011.10.10 13:02:42.720,1.41433,1.41461,1.22,1.43
2011.10.10 13:02:42.961,1.41433,1.41463,1.22,1.88
2011.10.10 13:02:46.060,1.41435,1.41466,1.60,1.13
2011.10.10 13:02:47.278,1.41434,1.41466,1.13,1.13
2011.10.10 13:02:47.408,1.41437,1.41467,1.43,1.50
2011.10.10 13:02:47.535,1.41433,1.41467,1.80,1.50
2011.10.10 13:02:47.663,1.41435,1.41473,1.88,2.63
2011.10.10 13:02:47.793,1.41437,1.41473,1.50,2.63
2011.10.10 13:02:48.762,1.4144,1.41478,1.13,1.13
2011.10.10 13:02:49.292,1.4144,1.41473,1.13,1.13
2011.10.10 13:02:49.428,1.4144,1.41479,1.13,1.50
2011.10.10 13:02:49.563,1.4144,1.41479,1.13,1.88
2011.10.10 13:02:49.935,1.41441,1.4148,1.50,1.50
2011.10.10 13:02:50.189,1.41444,1.41478,1.80,1.43
2011.10.10 13:02:50.688,1.41442,1.41479,1.13,1.50
2011.10.10 13:02:51.083,1.41449,1.41481,1.43,1.13
2011.10.10 13:02:51.462,1.41444,1.4148,1.13,1.50
2011.10.10 13:02:51.597,1.41443,1.41477,2.18,1.13
2011.10.10 13:02:51.728,1.41446,1.41477,1.43,1.13
2011.10.10 13:02:51.981,1.41444,1.4148,2.55,1.13
2011.10.10 13:02:52.113,1.41445,1.4148,1.43,1.50
2011.10.10 13:02:52.527,1.41445,1.41479,1.43,3.00
2011.10.10 13:02:52.666,1.41441,1.41472,1.09,1.80
2011.10.10 13:02:52.794,1.4144,1.41472,1.09,1.80
2011.10.10 13:02:53.167,1.41436,1.4147,1.47,1.88
2011.10.10 13:02:53.546,1.41426,1.41444,1.13,1.50
2011.10.10 13:02:53.774,1.41417,1.41444,2.25,1.50
2011.10.10 13:02:53.917,1.41416,1.41436,1.58,1.50
2011.10.10 13:02:54.312,1.41417,1.41442,1.88,1.88
2011.10.10 13:02:54.456,1.41406,1.41436,2.63,1.50
2011.10.10 13:02:55.069,1.41406,1.41436,3.38,1.50
2011.10.10 13:02:55.201,1.41406,1.41436,2.63,1.50
2011.10.10 13:02:56.089,1.41397,1.41428,2.25,1.50
2011.10.10 13:02:56.213,1.41397,1.41434,1.88,1.50
2011.10.10 13:02:56.460,1.41396,1.41434,3.38,1.50
2011.10.10 13:02:56.812,1.41396,1.41434,2.63,1.50
2011.10.10 13:02:57.061,1.41401,1.41433,1.13,1.88
2011.10.10 13:02:57.458,1.41402,1.4144,1.50,1.50
2011.10.10 13:02:58.051,1.41407,1.41444,1.50,1.88
2011.10.10 13:02:58.782,1.41408,1.41444,1.50,1.88
2011.10.10 13:02:59.395,1.41408,1.41446,1.50,1.13
2011.10.10 13:02:59.832,1.41407,1.41446,3.75,1.13
2011.10.10 13:02:59.962,1.41408,1.41444,1.50,1.88
2011.10.10 13:03:00.850,1.41408,1.41444,1.50,1.88
2011.10.10 13:03:01.697,1.41416,1.41443,2.18,1.88
2011.10.10 13:03:02.074,1.41416,1.41452,4.05,1.13
2011.10.10 13:03:02.200,1.41424,1.41454,1.43,1.13
2011.10.10 13:03:02.322,1.41418,1.41454,2.93,1.88
2011.10.10 13:03:02.571,1.41421,1.41453,1.13,1.13
2011.10.10 13:03:02.691,1.41421,1.41456,1.13,1.09
2011.10.10 13:03:04.459,1.41421,1.41456,1.97,1.09
2011.10.10 13:03:04.587,1.41424,1.41453,1.80,1.50
2011.10.10 13:03:05.037,1.41418,1.41453,1.60,1.50
2011.10.10 13:03:05.409,1.41416,1.41453,2.25,1.50
2011.10.10 13:03:05.660,1.41418,1.41456,1.50,1.09
2011.10.10 13:03:05.902,1.41416,1.41454,2.25,1.88
2011.10.10 13:03:06.490,1.41417,1.41454,1.88,1.50
2011.10.10 13:03:07.172,1.41416,1.41454,1.88,2.25
2011.10.10 13:03:07.665,1.41412,1.41449,2.31,1.13
2011.10.10 13:03:08.049,1.41412,1.41444,1.50,2.63
2011.10.10 13:03:08.495,1.41412,1.41443,1.50,1.06
2011.10.10 13:03:09.057,1.41412,1.41435,1.50,1.13
2011.10.10 13:03:09.590,1.41395,1.41432,1.22,1.50
2011.10.10 13:03:09.790,1.41406,1.41441,1.22,1.13
2011.10.10 13:03:09.923,1.41406,1.41444,1.50,3.68
2011.10.10 13:03:10.305,1.4142,1.41439,1.43,1.84
2011.10.10 13:03:10.958,1.41419,1.41453,1.13,1.09
2011.10.10 13:03:11.114,1.41419,1.41434,1.50,1.88
2011.10.10 13:03:12.088,1.41419,1.41443,1.50,1.88
2011.10.10 13:03:12.588,1.41421,1.41444,1.50,1.88
2011.10.10 13:03:12.723,1.41421,1.41453,1.50,1.88
2011.10.10 13:03:12.859,1.41426,1.41453,1.43,1.88
2011.10.10 13:03:13.223,1.41427,1.41453,2.18,1.88
2011.10.10 13:03:14.911,1.41428,1.41453,1.50,1.88
2011.10.10 13:03:15.031,1.41427,1.41453,1.50,1.88
2011.10.10 13:03:16.235,1.41427,1.41464,1.50,1.88
2011.10.10 13:03:16.369,1.41432,1.41464,1.50,1.88
2011.10.10 13:03:17.238,1.41432,1.41463,1.50,1.88
2011.10.10 13:03:17.732,1.41432,1.41471,1.50,1.13
2011.10.10 13:03:17.975,1.41432,1.41473,1.50,1.50
2011.10.10 13:03:18.224,1.41432,1.41463,1.50,1.88
2011.10.10 13:03:18.838,1.41426,1.41464,1.88,1.88
2011.10.10 13:03:19.089,1.41426,1.41464,1.13,2.63
2011.10.10 13:03:19.415,1.41422,1.4146,1.13,1.50
2011.10.10 13:03:19.795,1.41421,1.41453,1.50,1.88
2011.10.10 13:03:20.523,1.41417,1.41454,1.50,1.88
2011.10.10 13:03:20.906,1.41414,1.41443,2.18,1.88
2011.10.10 13:03:21.566,1.41407,1.41445,3.00,1.13
2011.10.10 13:03:21.710,1.41404,1.41444,1.50,2.63
2011.10.10 13:03:21.954,1.41407,1.41444,1.50,1.13
2011.10.10 13:03:22.459,1.41407,1.41443,1.50,1.88
2011.10.10 13:03:22.713,1.41403,1.41443,1.50,1.88
2011.10.10 13:03:23.445,1.41403,1.41443,1.50,3.38
2011.10.10 13:03:23.575,1.41403,1.41443,1.50,3.38
2011.10.10 13:03:24.282,1.41403,1.41435,1.50,1.50
2011.10.10 13:03:24.512,1.41402,1.41441,1.50,1.50
2011.10.10 13:03:25.003,1.41402,1.41441,2.93,1.50
2011.10.10 13:03:25.443,1.41411,1.41441,1.43,1.50
2011.10.10 13:03:25.949,1.41406,1.41441,1.50,1.50
2011.10.10 13:03:26.309,1.41408,1.41443,1.50,1.88
2011.10.10 13:03:27.143,1.41407,1.41443,1.50,3.38
2011.10.10 13:03:28.323,1.41404,1.41439,2.18,1.09
2011.10.10 13:03:29.951,1.4141,1.41448,2.18,1.50
2011.10.10 13:03:30.332,1.41417,1.41456,2.63,1.43
2011.10.10 13:03:30.461,1.41417,1.41457,2.63,1.50
2011.10.10 13:03:30.705,1.41419,1.41457,1.43,1.50
2011.10.10 13:03:30.953,1.41422,1.41462,1.50,1.88
2011.10.10 13:03:31.082,1.41422,1.41454,1.50,1.88
2011.10.10 13:03:32.192,1.41418,1.41454,2.18,1.88
2011.10.10 13:03:32.318,1.41422,1.41454,1.50,1.88
2011.10.10 13:03:32.808,1.41416,1.41454,1.50,1.88
2011.10.10 13:03:34.751,1.41426,1.41454,1.50,1.88
2011.10.10 13:03:35.720,1.41426,1.41463,1.50,1.88
2011.10.10 13:03:35.856,1.41426,1.41464,1.50,1.88
2011.10.10 13:03:35.986,1.41426,1.41463,1.50,1.88
2011.10.10 13:03:36.119,1.41426,1.41463,1.50,2.63
2011.10.10 13:03:36.482,1.41432,1.41463,1.50,1.88
2011.10.10 13:03:37.817,1.41438,1.41473,1.50,1.88
2011.10.10 13:03:38.382,1.41431,1.41464,1.50,1.88
2011.10.10 13:03:40.269,1.41431,1.41463,1.50,1.88
2011.10.10 13:03:40.393,1.41425,1.41462,1.97,1.80
2011.10.10 13:03:44.527,1.41425,1.41464,1.50,1.88
2011.10.10 13:03:44.774,1.41432,1.41471,1.50,1.13
2011.10.10 13:03:50.161,1.41432,1.41472,1.50,1.50
2011.10.10 13:03:50.390,1.41438,1.41473,1.50,1.88
2011.10.10 13:03:50.918,1.41438,1.41474,1.50,1.88
2011.10.10 13:03:52.761,1.41431,1.41473,1.50,1.50
2011.10.10 13:03:55.848,1.41431,1.41471,1.50,1.13
2011.10.10 13:03:56.393,1.41431,1.41464,1.50,1.88
2011.10.10 13:03:56.802,1.41425,1.41464,1.50,2.63
2011.10.10 13:03:58.493,1.41431,1.41463,1.50,1.88
2011.10.10 13:03:59.826,1.41433,1.4147,1.09,1.13
2011.10.10 13:04:00.083,1.41438,1.41474,1.50,1.88
2011.10.10 13:04:00.334,1.41438,1.41478,2.93,1.50
2011.10.10 13:04:00.468,1.41444,1.41484,1.50,3.30
2011.10.10 13:04:00.836,1.41464,1.41484,1.43,1.43
2011.10.10 13:04:01.089,1.41464,1.41492,1.43,1.50
2011.10.10 13:04:01.606,1.41465,1.41491,1.43,1.50
2011.10.10 13:04:02.192,1.41456,1.41491,1.13,1.50
2011.10.10 13:04:02.325,1.4146,1.41491,1.43,1.50
2011.10.10 13:04:02.682,1.41465,1.41492,1.43,2.25
2011.10.10 13:04:03.790,1.41464,1.41492,1.43,1.50
2011.10.10 13:04:04.399,1.41464,1.41492,1.43,1.50
2011.10.10 13:04:04.527,1.41464,1.41493,1.43,1.13
2011.10.10 13:04:04.656,1.4146,1.41492,1.09,1.43
2011.10.10 13:04:05.463,1.41461,1.41493,1.43,2.63
2011.10.10 13:04:07.486,1.41461,1.41493,1.43,1.13
2011.10.10 13:04:07.736,1.41464,1.41493,1.43,1.13
2011.10.10 13:04:07.863,1.41464,1.41493,1.77,2.63
2011.10.10 13:04:08.821,1.4146,1.41493,1.09,1.88
2011.10.10 13:04:09.670,1.41457,1.41493,3.34,1.50
2011.10.10 13:04:10.548,1.41453,1.4149,2.59,2.18
2011.10.10 13:04:11.516,1.41453,1.4149,1.09,1.50
2011.10.10 13:04:11.645,1.41451,1.41488,1.84,1.50
2011.10.10 13:04:11.774,1.41453,1.41492,1.84,2.25
2011.10.10 13:04:11.907,1.4146,1.41492,1.50,1.50
2011.10.10 13:04:12.501,1.4146,1.41495,1.50,1.50
2011.10.10 13:04:13.244,1.4146,1.41498,2.25,1.50
2011.10.10 13:04:13.373,1.4146,1.41493,1.50,1.50
2011.10.10 13:04:13.970,1.4146,1.4149,1.50,1.50
2011.10.10 13:04:14.645,1.41457,1.41491,2.63,1.50
2011.10.10 13:04:14.773,1.41455,1.41485,1.50,1.09
2011.10.10 13:04:15.145,1.41441,1.41465,1.13,1.43
2011.10.10 13:04:15.624,1.41439,1.41467,1.50,1.43
2011.10.10 13:04:15.767,1.4144,1.41465,1.50,1.43
2011.10.10 13:04:16.067,1.41437,1.41471,1.50,1.50
2011.10.10 13:04:16.206,1.41425,1.41465,2.18,1.09
2011.10.10 13:04:16.455,1.41438,1.41465,1.50,1.43
2011.10.10 13:04:16.584,1.41438,1.41467,1.50,1.43
2011.10.10 13:04:16.958,1.41435,1.41467,1.09,1.43
2011.10.10 13:04:17.095,1.41435,1.41472,1.09,2.18
2011.10.10 13:04:17.224,1.4144,1.41478,1.50,1.50
2011.10.10 13:04:17.354,1.41448,1.41481,1.09,2.93
2011.10.10 13:04:17.605,1.41441,1.41477,2.59,1.50
2011.10.10 13:04:17.852,1.41441,1.41472,2.59,1.43
2011.10.10 13:04:18.593,1.41441,1.41474,2.97,1.43
2011.10.10 13:04:18.739,1.41444,1.41477,1.50,2.18
2011.10.10 13:04:18.989,1.41441,1.41483,3.30,2.55
2011.10.10 13:04:19.119,1.41441,1.4148,2.55,1.50
2011.10.10 13:04:19.250,1.41452,1.41483,1.50,1.43
2011.10.10 13:04:19.622,1.41447,1.41483,2.63,2.18
2011.10.10 13:04:20.211,1.41443,1.41483,1.13,2.55
2011.10.10 13:04:20.339,1.41443,1.41479,1.13,1.50
2011.10.10 13:04:20.689,1.41438,1.41476,1.50,1.50
2011.10.10 13:04:20.822,1.41439,1.41477,1.13,1.50
2011.10.10 13:04:20.945,1.41438,1.41477,1.88,1.50
2011.10.10 13:04:21.204,1.4144,1.41478,1.43,1.50
2011.10.10 13:04:21.572,1.41449,1.41481,1.50,1.09
2011.10.10 13:04:22.139,1.41449,1.41481,1.50,1.09
2011.10.10 13:04:22.396,1.41443,1.41481,1.50,1.84
2011.10.10 13:04:22.860,1.41442,1.41473,1.50,1.88
2011.10.10 13:04:23.137,1.41442,1.41477,1.50,2.18
2011.10.10 13:04:23.743,1.41443,1.4148,1.50,2.93
2011.10.10 13:04:24.600,1.41445,1.41481,1.13,1.50
2011.10.10 13:04:24.727,1.41448,1.41483,1.50,1.13
2011.10.10 13:04:25.105,1.41448,1.41483,1.50,1.13
2011.10.10 13:04:25.475,1.41448,1.41483,2.18,1.13
2011.10.10 13:04:26.306,1.41453,1.41483,2.25,1.13
2011.10.10 13:04:29.497,1.41453,1.41479,1.50,1.43
2011.10.10 13:04:29.851,1.41453,1.41483,1.50,1.13
2011.10.10 13:04:30.421,1.41455,1.41484,1.50,1.13
2011.10.10 13:04:38.130,1.41453,1.4148,1.50,1.43
2011.10.10 13:04:38.359,1.41453,1.41484,1.50,1.13
2011.10.10 13:04:40.160,1.41453,1.41487,2.25,2.18
2011.10.10 13:04:40.717,1.41456,1.41494,1.09,2.63
2011.10.10 13:04:42.510,1.41459,1.41494,1.50,2.63
2011.10.10 13:04:42.795,1.41459,1.41494,1.50,2.63
2011.10.10 13:04:44.704,1.41459,1.41492,1.50,1.50
2011.10.10 13:04:44.951,1.41459,1.41492,1.50,1.50
2011.10.10 13:04:46.190,1.41455,1.41486,1.09,2.18
2011.10.10 13:04:46.808,1.41455,1.41486,1.09,2.18
2011.10.10 13:04:47.890,1.41449,1.41484,1.84,1.43
2011.10.10 13:04:49.606,1.41449,1.41477,1.84,1.43
2011.10.10 13:04:49.733,1.41447,1.41477,3.00,1.43
2011.10.10 13:04:49.864,1.41448,1.41482,1.50,1.43
2011.10.10 13:04:50.593,1.41448,1.41484,1.50,1.13
2011.10.10 13:04:56.910,1.41448,1.41485,1.50,1.13
2011.10.10 13:04:57.362,1.41453,1.41485,1.50,1.13
2011.10.10 13:04:58.285,1.41453,1.41486,2.25,1.43
2011.10.10 13:04:58.417,1.41453,1.41491,2.25,1.09
2011.10.10 13:05:01.694,1.41453,1.41491,2.25,1.09
2011.10.10 13:05:01.832,1.41454,1.41492,2.97,1.50
2011.10.10 13:05:02.334,1.41458,1.41487,1.09,2.18
2011.10.10 13:05:02.733,1.41454,1.41486,2.59,2.93
2011.10.10 13:05:02.866,1.41452,1.41486,1.50,1.50
2011.10.10 13:05:03.233,1.41452,1.41489,1.50,1.50
2011.10.10 13:05:03.367,1.41452,1.41489,1.50,1.50
2011.10.10 13:05:03.731,1.41452,1.41489,1.50,1.50
2011.10.10 13:05:03.853,1.41452,1.41489,1.50,1.50
2011.10.10 13:05:04.405,1.41453,1.4149,1.50,1.50
2011.10.10 13:05:04.958,1.41453,1.4149,1.50,1.50
2011.10.10 13:05:09.362,1.41453,1.4149,1.50,1.50
2011.10.10 13:05:10.009,1.41451,1.41483,1.09,1.50
2011.10.10 13:05:10.684,1.41449,1.41483,1.09,1.50
2011.10.10 13:05:11.330,1.41447,1.41483,3.34,1.50
2011.10.10 13:05:11.578,1.41446,1.41483,1.09,4.13
2011.10.10 13:05:12.182,1.41445,1.4148,1.09,2.18
2011.10.10 13:05:13.534,1.41445,1.41478,1.09,2.18
2011.10.10 13:05:14.135,1.41444,1.41475,1.84,2.93
2011.10.10 13:05:14.729,1.41444,1.41476,1.84,1.50
2011.10.10 13:05:15.822,1.41446,1.41478,1.50,2.93
2011.10.10 13:05:16.532,1.41446,1.41475,1.50,2.18
2011.10.10 13:05:19.144,1.41447,1.4148,1.50,2.18
2011.10.10 13:05:19.673,1.41452,1.41479,1.50,2.18
2011.10.10 13:05:19.800,1.41452,1.41481,1.50,2.18
2011.10.10 13:05:21.161,1.41452,1.41481,1.50,2.18
2011.10.10 13:05:21.299,1.41452,1.41481,1.84,2.93
2011.10.10 13:05:21.422,1.41452,1.41481,1.84,2.93
2011.10.10 13:05:21.795,1.41453,1.41472,1.50,1.43
2011.10.10 13:05:21.926,1.41451,1.41472,1.50,1.43
2011.10.10 13:05:22.659,1.41443,1.41482,1.88,2.25
2011.10.10 13:05:23.212,1.41446,1.41482,1.50,2.25
2011.10.10 13:05:23.813,1.4145,1.41475,1.50,2.93
2011.10.10 13:05:23.947,1.4145,1.41482,1.50,1.50
2011.10.10 13:05:24.194,1.4145,1.41482,1.50,1.50
2011.10.10 13:05:24.324,1.41445,1.41482,1.13,1.50
2011.10.10 13:05:24.450,1.41445,1.4148,1.13,1.50
2011.10.10 13:05:24.694,1.41443,1.41477,1.13,1.50
2011.10.10 13:05:24.826,1.41441,1.41477,1.09,1.50
2011.10.10 13:05:25.176,1.41439,1.41476,1.47,2.93
2011.10.10 13:05:25.543,1.41438,1.41471,1.09,1.50
2011.10.10 13:05:27.298,1.41434,1.41471,2.59,1.50
2011.10.10 13:05:27.542,1.41434,1.4147,2.59,2.18
2011.10.10 13:05:27.987,1.41434,1.41466,1.84,1.43
2011.10.10 13:05:28.356,1.41434,1.41464,1.84,1.88
2011.10.10 13:05:28.723,1.41433,1.41461,1.50,1.43
2011.10.10 13:05:28.852,1.41433,1.41464,1.50,2.63
2011.10.10 13:05:28.996,1.4144,1.41463,2.59,1.43
2011.10.10 13:05:29.126,1.41445,1.41473,1.09,1.13
2011.10.10 13:05:29.260,1.4145,1.41475,2.22,2.18
2011.10.10 13:05:29.887,1.41451,1.41473,2.22,1.43
2011.10.10 13:05:30.033,1.41451,1.41484,1.50,3.38
2011.10.10 13:05:30.165,1.41451,1.41484,1.50,1.50
2011.10.10 13:05:30.300,1.41451,1.41487,1.50,1.50
2011.10.10 13:05:30.429,1.41451,1.41483,1.50,1.88
2011.10.10 13:05:30.558,1.41451,1.41487,1.50,1.50
2011.10.10 13:05:30.684,1.41451,1.41487,1.50,1.50
2011.10.10 13:05:30.813,1.41451,1.41478,1.50,1.43
2011.10.10 13:05:30.944,1.41451,1.41485,1.50,1.13
2011.10.10 13:05:31.191,1.41452,1.41487,1.09,1.50
2011.10.10 13:05:31.767,1.41451,1.41484,1.09,1.13
2011.10.10 13:05:33.424,1.41451,1.41483,1.09,1.13
2011.10.10 13:05:33.792,1.41432,1.41464,1.13,1.43
2011.10.10 13:05:33.921,1.41431,1.41464,2.18,1.43
2011.10.10 13:05:34.164,1.41429,1.41461,1.50,1.43
2011.10.10 13:05:34.598,1.41429,1.41468,3.68,2.25
2011.10.10 13:05:34.729,1.41433,1.41468,1.09,2.25
2011.10.10 13:05:35.215,1.41437,1.41473,1.13,3.38
2011.10.10 13:05:35.341,1.4144,1.41473,1.50,1.88
2011.10.10 13:05:35.944,1.4144,1.41476,1.50,2.18
2011.10.10 13:05:36.663,1.41456,1.41483,1.50,2.22
2011.10.10 13:05:36.799,1.41456,1.41484,1.50,1.88
2011.10.10 13:05:37.110,1.41449,1.41484,1.88,1.88
2011.10.10 13:05:37.601,1.41451,1.41487,1.09,2.18
2011.10.10 13:05:37.723,1.41451,1.41487,1.84,2.18
2011.10.10 13:05:38.093,1.41451,1.41487,1.84,2.93
2011.10.10 13:05:38.466,1.4145,1.41477,1.43,1.50
2011.10.10 13:05:38.832,1.41444,1.41471,2.14,1.50
2011.10.10 13:05:38.966,1.41442,1.41471,1.77,1.50
2011.10.10 13:05:39.799,1.41444,1.41481,1.09,2.18
2011.10.10 13:05:39.924,1.41444,1.41483,1.84,2.55
2011.10.10 13:05:40.290,1.41447,1.41483,1.50,1.43
2011.10.10 13:05:40.656,1.4145,1.41483,1.50,2.18
2011.10.10 13:05:41.031,1.4145,1.41481,1.50,2.18
2011.10.10 13:05:41.513,1.41445,1.4148,2.18,2.18
2011.10.10 13:05:42.010,1.41455,1.41489,1.43,1.50
2011.10.10 13:05:42.387,1.41468,1.41494,1.77,2.63
2011.10.10 13:05:43.111,1.41466,1.415,1.77,2.25
2011.10.10 13:05:43.923,1.41466,1.41502,2.89,2.25
2011.10.10 13:05:44.302,1.41462,1.41502,1.09,1.50
2011.10.10 13:05:45.710,1.4146,1.41491,1.47,1.50
2011.10.10 13:05:46.603,1.41466,1.41491,1.43,1.50
2011.10.10 13:05:46.738,1.41461,1.41491,1.47,1.50
2011.10.10 13:05:47.491,1.41462,1.41497,1.09,1.50
2011.10.10 13:05:52.642,1.41462,1.41495,1.09,1.50
2011.10.10 13:05:53.011,1.41456,1.41491,2.63,1.50
2011.10.10 13:05:53.144,1.41456,1.41491,2.63,1.50
2011.10.10 13:05:53.396,1.41456,1.41491,1.88,1.50
2011.10.10 13:05:53.742,1.41453,1.41491,2.25,1.50
2011.10.10 13:05:53.875,1.41449,1.41486,1.47,1.50
2011.10.10 13:05:56.445,1.41452,1.41486,1.09,1.50
2011.10.10 13:05:56.699,1.41454,1.4149,2.18,1.50
2011.10.10 13:05:57.024,1.41458,1.41492,2.18,1.50
2011.10.10 13:05:57.405,1.41459,1.41484,2.18,1.88
2011.10.10 13:05:57.538,1.41459,1.41492,2.18,1.50
2011.10.10 13:05:57.667,1.41454,1.41492,2.18,1.50
2011.10.10 13:05:57.793,1.41459,1.41494,1.50,2.63
2011.10.10 13:05:57.928,1.41457,1.41494,1.50,2.63
2011.10.10 13:05:58.534,1.4146,1.41494,1.09,2.63
2011.10.10 13:05:58.784,1.41461,1.41494,1.50,1.88
2011.10.10 13:06:00.443,1.41462,1.41502,2.25,1.50
2011.10.10 13:06:00.575,1.41462,1.415,1.50,1.80
2011.10.10 13:06:01.183,1.41462,1.41494,1.50,1.88
2011.10.10 13:06:01.749,1.41462,1.41493,1.50,1.88
2011.10.10 13:06:05.281,1.41468,1.41493,1.50,2.63
2011.10.10 13:06:05.405,1.4146,1.4149,2.18,1.84
2011.10.10 13:06:05.781,1.41455,1.41487,1.09,1.50
2011.10.10 13:06:06.022,1.41455,1.41493,1.84,3.38
2011.10.10 13:06:06.459,1.41455,1.41491,1.88,1.09
2011.10.10 13:06:06.588,1.41461,1.41492,1.50,1.47
2011.10.10 13:06:06.718,1.41461,1.41492,1.50,1.09
2011.10.10 13:06:06.850,1.41454,1.4149,1.50,1.09
2011.10.10 13:06:06.977,1.41454,1.41487,1.50,1.50
2011.10.10 13:06:07.351,1.4145,1.41484,1.13,1.13
2011.10.10 13:06:07.843,1.41449,1.41483,1.50,1.88
2011.10.10 13:06:08.203,1.41447,1.41481,2.22,1.50
2011.10.10 13:06:08.335,1.41447,1.41481,1.88,1.50
2011.10.10 13:06:08.706,1.41447,1.41481,2.22,1.50
2011.10.10 13:06:09.075,1.41455,1.41485,1.50,1.13
2011.10.10 13:06:09.445,1.41453,1.41485,1.09,1.13
2011.10.10 13:06:09.573,1.41451,1.41487,1.50,1.50
2011.10.10 13:06:09.707,1.41451,1.41487,1.50,1.50
2011.10.10 13:06:09.836,1.41448,1.41483,2.25,2.63
2011.10.10 13:06:09.967,1.41448,1.41483,2.25,2.63
2011.10.10 13:06:10.333,1.41443,1.41472,1.43,1.50
2011.10.10 13:06:10.691,1.41437,1.41473,2.63,1.50
2011.10.10 13:06:11.848,1.41436,1.4147,1.88,2.18
2011.10.10 13:06:12.222,1.41433,1.4147,1.84,2.93
2011.10.10 13:06:12.353,1.41433,1.41468,2.52,1.43
2011.10.10 13:06:12.488,1.41436,1.41469,1.88,2.93
2011.10.10 13:06:12.854,1.4143,1.41459,1.50,1.43
2011.10.10 13:06:13.261,1.41426,1.4146,2.22,1.50
2011.10.10 13:06:13.397,1.41428,1.41464,1.09,1.50
2011.10.10 13:06:13.640,1.41428,1.41464,1.09,1.13
2011.10.10 13:06:14.884,1.41428,1.41464,1.09,1.88
2011.10.10 13:06:15.135,1.41431,1.41467,1.84,1.13
2011.10.10 13:06:15.265,1.41431,1.41457,1.50,1.43
2011.10.10 13:06:15.393,1.41431,1.41467,1.50,1.13
2011.10.10 13:06:16.922,1.41438,1.41469,1.50,1.50
2011.10.10 13:06:17.063,1.41438,1.41471,1.50,1.09
2011.10.10 13:06:17.198,1.41438,1.41468,1.50,1.13
2011.10.10 13:06:18.003,1.41437,1.41474,1.50,2.97
2011.10.10 13:06:18.620,1.41437,1.41463,1.50,1.88
2011.10.10 13:06:21.896,1.41443,1.41468,1.50,1.13
2011.10.10 13:06:24.516,1.41443,1.41463,1.50,1.13
2011.10.10 13:06:24.765,1.41443,1.41464,1.50,1.80
2011.10.10 13:06:25.661,1.41438,1.41464,1.50,1.80
2011.10.10 13:06:26.222,1.41438,1.41463,1.50,2.55
2011.10.10 13:06:26.361,1.41438,1.41463,1.50,2.55
2011.10.10 13:06:27.104,1.41438,1.41462,1.50,2.18
2011.10.10 13:06:27.704,1.41438,1.41463,1.50,1.13
2011.10.10 13:06:27.830,1.41438,1.41464,1.50,1.13
2011.10.10 13:06:28.301,1.41438,1.41458,1.50,1.43
2011.10.10 13:06:28.424,1.41431,1.41464,1.13,1.13
2011.10.10 13:06:29.025,1.41428,1.41466,1.50,2.18
2011.10.10 13:06:29.155,1.41428,1.41461,1.50,2.18
2011.10.10 13:06:32.327,1.41428,1.41461,1.50,2.18
2011.10.10 13:06:32.573,1.41429,1.41464,2.93,1.88
2011.10.10 13:06:32.812,1.41431,1.41464,1.09,2.63
2011.10.10 13:06:33.220,1.41424,1.41455,3.30,1.50
2011.10.10 13:06:33.345,1.41426,1.41461,1.13,1.43
2011.10.10 13:06:33.476,1.41428,1.41462,1.80,1.50
2011.10.10 13:06:33.605,1.41429,1.41462,1.13,1.50
2011.10.10 13:06:33.974,1.41442,1.41475,1.84,1.13
2011.10.10 13:06:34.343,1.41443,1.41477,2.14,1.50
2011.10.10 13:06:34.600,1.41445,1.41483,2.89,3.38
2011.10.10 13:06:35.774,1.41449,1.41483,1.47,1.50
2011.10.10 13:06:35.911,1.41451,1.4149,1.88,2.25
2011.10.10 13:06:36.037,1.41451,1.41487,1.88,1.13
2011.10.10 13:06:38.444,1.41451,1.41487,3.72,1.13
2011.10.10 13:06:39.289,1.41457,1.41493,1.09,2.25
2011.10.10 13:06:45.911,1.41457,1.41493,1.09,4.13
2011.10.10 13:06:46.520,1.41457,1.41493,1.09,3.38
2011.10.10 13:06:48.454,1.41457,1.41492,1.09,1.43
2011.10.10 13:06:49.020,1.41457,1.41493,1.09,2.63
2011.10.10 13:06:51.943,1.41449,1.41484,1.43,1.09
2011.10.10 13:06:52.315,1.41445,1.41478,1.84,1.50
2011.10.10 13:06:52.923,1.41451,1.41484,1.09,1.88
2011.10.10 13:06:58.419,1.41451,1.4149,1.09,1.50
2011.10.10 13:07:00.762,1.41451,1.4149,1.47,1.50
2011.10.10 13:07:02.257,1.41457,1.41493,1.13,1.88
2011.10.10 13:07:02.751,1.41457,1.41497,4.05,1.50
2011.10.10 13:07:03.129,1.41452,1.41491,1.09,1.50
2011.10.10 13:07:03.258,1.41451,1.41491,1.09,1.50
2011.10.10 13:07:03.386,1.41456,1.41494,1.50,2.63
2011.10.10 13:07:03.754,1.41456,1.41484,1.50,1.88
2011.10.10 13:07:05.305,1.41456,1.41484,1.50,1.88
2011.10.10 13:07:05.818,1.41456,1.41483,1.50,1.88
2011.10.10 13:07:06.302,1.41449,1.41483,1.50,1.88
2011.10.10 13:07:06.860,1.41449,1.41489,1.50,1.84
2011.10.10 13:07:07.127,1.41449,1.41489,1.50,2.22
2011.10.10 13:07:07.497,1.41444,1.41482,1.84,1.50
2011.10.10 13:07:07.623,1.41449,1.41484,1.50,3.30
2011.10.10 13:07:07.753,1.41455,1.41483,1.50,1.88
2011.10.10 13:07:08.122,1.41449,1.41483,1.50,1.88
2011.10.10 13:07:10.532,1.41449,1.41484,1.50,1.88
2011.10.10 13:07:11.222,1.41455,1.41484,1.50,1.88
2011.10.10 13:07:11.560,1.41455,1.41483,1.50,1.88
2011.10.10 13:07:14.014,1.41455,1.41492,1.50,1.09
2011.10.10 13:07:14.250,1.41455,1.41492,1.50,1.47
2011.10.10 13:07:15.881,1.41455,1.41476,1.50,1.43
2011.10.10 13:07:16.120,1.4145,1.41476,1.50,1.43
2011.10.10 13:07:16.243,1.4145,1.41476,1.50,1.80
2011.10.10 13:07:17.295,1.4145,1.41475,1.50,1.43
2011.10.10 13:07:21.158,1.41458,1.41477,1.50,1.43
2011.10.10 13:07:21.291,1.41458,1.41484,1.50,2.63
2011.10.10 13:07:21.818,1.41458,1.41484,1.50,1.88
2011.10.10 13:07:22.526,1.41458,1.4149,1.50,1.09
2011.10.10 13:07:24.255,1.41458,1.41467,1.50,1.43
2011.10.10 13:07:24.384,1.41447,1.41467,1.50,1.43
2011.10.10 13:07:24.515,1.41442,1.41467,1.50,2.18
2011.10.10 13:07:24.643,1.4144,1.41461,1.50,2.18
2011.10.10 13:07:24.775,1.41434,1.4146,1.50,1.50
2011.10.10 13:07:25.373,1.41442,1.41462,1.50,1.09
2011.10.10 13:07:25.501,1.41442,1.41469,1.50,1.84
2011.10.10 13:07:30.310,1.41442,1.41474,1.50,2.97
2011.10.10 13:07:32.590,1.41449,1.41473,1.50,1.84
2011.10.10 13:07:33.528,1.41449,1.41475,1.50,1.50
2011.10.10 13:07:33.661,1.41449,1.41476,1.50,2.93
2011.10.10 13:07:33.790,1.41449,1.41486,1.50,1.84
2011.10.10 13:07:34.138,1.41449,1.41478,1.50,1.50
2011.10.10 13:07:34.516,1.41435,1.41441,1.43,2.18
2011.10.10 13:07:34.645,1.41434,1.41441,2.10,2.18
2011.10.10 13:07:34.894,1.41423,1.41444,1.50,2.93
2011.10.10 13:07:35.144,1.41424,1.41448,1.13,1.43
2011.10.10 13:07:35.857,1.41423,1.41449,1.50,1.43
2011.10.10 13:07:36.236,1.41423,1.41453,1.50,1.88
2011.10.10 13:07:37.086,1.41428,1.41453,1.50,1.88
2011.10.10 13:07:37.574,1.41428,1.41458,1.50,2.52
2011.10.10 13:07:38.868,1.41437,1.41458,1.50,1.43
2011.10.10 13:07:39.236,1.41476,1.41495,1.43,1.06
2011.10.10 13:07:39.486,1.41488,1.41507,1.50,2.18
2011.10.10 13:07:39.614,1.41493,1.41507,1.50,1.50
2011.10.10 13:07:40.536,1.41493,1.41507,1.50,1.50
2011.10.10 13:07:40.674,1.41484,1.41507,1.50,1.50
2011.10.10 13:07:40.927,1.41487,1.41507,1.50,1.50
2011.10.10 13:07:41.058,1.41486,1.41507,1.50,1.50
2011.10.10 13:07:41.191,1.41479,1.41506,1.50,1.84
2011.10.10 13:07:41.314,1.41479,1.41499,1.50,1.43
2011.10.10 13:07:41.450,1.41472,1.41499,1.50,2.18
2011.10.10 13:07:42.055,1.41475,1.41498,1.50,2.93
2011.10.10 13:07:42.652,1.41496,1.41507,1.50,1.50
2011.10.10 13:07:43.025,1.41486,1.41506,1.50,1.50
2011.10.10 13:07:43.633,1.41486,1.41507,1.50,1.50
2011.10.10 13:07:44.211,1.41486,1.41506,1.50,1.50
2011.10.10 13:07:44.331,1.41483,1.41506,1.50,1.50
2011.10.10 13:07:45.276,1.41483,1.41519,1.50,1.50
2011.10.10 13:07:46.438,1.41487,1.41521,1.09,2.93
2011.10.10 13:07:46.569,1.41487,1.41521,1.84,1.50
2011.10.10 13:07:46.937,1.41508,1.41539,1.09,1.06
2011.10.10 13:07:47.304,1.41508,1.41546,1.09,1.50
2011.10.10 13:07:47.435,1.41508,1.41547,1.84,1.50
2011.10.10 13:07:47.567,1.41516,1.41548,2.63,2.18
2011.10.10 13:07:47.823,1.41523,1.41558,2.55,1.50
2011.10.10 13:07:47.955,1.41535,1.41565,1.43,1.84
2011.10.10 13:07:48.231,1.41535,1.41565,1.80,1.09
2011.10.10 13:07:48.378,1.41537,1.41569,1.88,1.50
2011.10.10 13:07:48.866,1.41539,1.41578,1.50,1.50
2011.10.10 13:07:51.694,1.41539,1.41578,1.50,1.50
2011.10.10 13:07:51.853,1.41545,1.4158,1.50,1.09
2011.10.10 13:07:51.993,1.41539,1.41577,1.50,1.50
2011.10.10 13:07:52.124,1.41534,1.41565,1.09,2.18
2011.10.10 13:07:53.680,1.41535,1.41565,1.84,2.18
2011.10.10 13:07:54.621,1.41536,1.41571,3.06,1.50
2011.10.10 13:07:54.869,1.41536,1.41565,3.06,1.43
2011.10.10 13:07:55.003,1.41536,1.41571,2.59,1.50
2011.10.10 13:07:55.966,1.41536,1.41571,3.44,1.50
2011.10.10 13:07:56.094,1.41536,1.41571,3.34,1.50
2011.10.10 13:07:57.304,1.41536,1.41571,3.34,1.50
2011.10.10 13:07:57.440,1.41536,1.41564,3.81,1.43
2011.10.10 13:07:57.806,1.41541,1.41567,1.50,1.43
2011.10.10 13:07:58.295,1.41536,1.41568,1.56,1.43
2011.10.10 13:07:58.424,1.41536,1.41565,1.22,2.18
2011.10.10 13:07:58.833,1.41535,1.41562,1.22,2.18
2011.10.10 13:07:58.965,1.41527,1.41559,1.88,2.18
2011.10.10 13:07:59.093,1.41522,1.41559,1.09,3.68
2011.10.10 13:07:59.671,1.41522,1.41558,1.09,1.50
2011.10.10 13:08:00.252,1.41521,1.41558,1.09,1.50
2011.10.10 13:08:01.375,1.41522,1.41559,1.47,2.25
2011.10.10 13:08:01.753,1.41528,1.41559,1.43,1.50
2011.10.10 13:08:02.130,1.41527,1.41565,2.63,1.50
2011.10.10 13:08:07.926,1.41527,1.41563,2.63,1.50
2011.10.10 13:08:08.294,1.41525,1.41557,2.22,1.43
2011.10.10 13:08:08.427,1.41525,1.41559,2.89,2.18
2011.10.10 13:08:08.674,1.41527,1.41559,1.88,2.93
2011.10.10 13:08:10.546,1.41528,1.4156,1.43,1.50
2011.10.10 13:08:10.920,1.41536,1.41567,1.77,2.93
2011.10.10 13:08:11.287,1.41533,1.41558,1.13,2.18
2011.10.10 13:08:11.417,1.4153,1.41558,1.50,2.18
2011.10.10 13:08:11.832,1.4153,1.41553,1.50,1.43
2011.10.10 13:08:11.959,1.41521,1.41554,1.77,1.43
2011.10.10 13:08:12.568,1.41517,1.41549,1.50,2.25
2011.10.10 13:08:12.700,1.41514,1.41544,2.18,1.50
2011.10.10 13:08:12.827,1.41506,1.41535,1.50,1.09
2011.10.10 13:08:12.954,1.41497,1.41532,1.88,1.50
2011.10.10 13:08:13.085,1.41497,1.41525,1.88,1.50
2011.10.10 13:08:14.025,1.41497,1.41531,1.88,1.50
2011.10.10 13:08:14.854,1.41497,1.41531,2.63,1.50
2011.10.10 13:08:18.739,1.41498,1.41536,1.50,1.09
2011.10.10 13:08:19.878,1.41498,1.41536,1.50,1.09
2011.10.10 13:08:20.290,1.41498,1.41536,1.50,1.09
2011.10.10 13:08:25.181,1.41497,1.41524,4.13,1.43
2011.10.10 13:08:26.721,1.41498,1.41524,1.50,1.43
2011.10.10 13:08:26.963,1.41497,1.41524,1.88,1.43
2011.10.10 13:08:27.781,1.41504,1.41533,1.50,1.88
2011.10.10 13:08:27.906,1.41504,1.41539,1.50,1.77
2011.10.10 13:08:28.035,1.41504,1.41539,1.50,1.77
2011.10.10 13:08:30.872,1.41501,1.41537,1.50,1.09
2011.10.10 13:08:30.999,1.41498,1.41535,1.88,1.09
2011.10.10 13:08:31.589,1.41502,1.41535,1.43,1.09
2011.10.10 13:08:31.723,1.41498,1.41531,2.18,1.50
2011.10.10 13:08:32.114,1.41492,1.41531,1.50,2.93
2011.10.10 13:08:32.248,1.41492,1.41531,1.50,1.50
2011.10.10 13:08:32.854,1.41492,1.41531,1.50,1.50
2011.10.10 13:08:36.250,1.41493,1.41531,1.13,1.50
2011.10.10 13:08:36.370,1.41498,1.41534,1.50,3.38
2011.10.10 13:08:36.491,1.41498,1.41534,1.50,2.63
2011.10.10 13:08:38.688,1.41505,1.4154,1.09,2.18
2011.10.10 13:08:38.818,1.41514,1.41545,1.50,2.55
2011.10.10 13:08:39.358,1.41514,1.41545,1.50,2.55
2011.10.10 13:08:41.544,1.41516,1.41547,1.13,3.68
2011.10.10 13:08:41.680,1.41519,1.41547,1.88,2.18
2011.10.10 13:08:41.806,1.41527,1.41556,2.18,1.09
2011.10.10 13:08:41.935,1.41528,1.4156,1.50,2.14
2011.10.10 13:08:42.444,1.41528,1.41555,1.50,1.09
2011.10.10 13:08:42.686,1.41523,1.41555,2.93,1.09
2011.10.10 13:08:42.815,1.41526,1.41557,1.13,1.77
2011.10.10 13:08:42.950,1.41526,1.41556,1.13,1.77
2011.10.10 13:08:43.771,1.41527,1.41556,1.13,1.77
2011.10.10 13:08:45.821,1.41527,1.41558,1.13,2.52
2011.10.10 13:08:46.412,1.41527,1.41557,1.13,1.43
2011.10.10 13:08:48.724,1.41528,1.41557,1.50,1.43
2011.10.10 13:08:49.404,1.41528,1.41559,1.50,2.14
2011.10.10 13:08:52.865,1.4153,1.41565,2.18,1.09
2011.10.10 13:08:52.997,1.41531,1.41567,1.13,1.09
2011.10.10 13:08:56.001,1.41536,1.41569,1.13,1.09
2011.10.10 13:08:56.368,1.41536,1.41572,1.88,1.80
2011.10.10 13:08:57.206,1.41536,1.41563,1.13,1.43
2011.10.10 13:08:57.339,1.4153,1.41563,2.18,1.43
2011.10.10 13:08:57.645,1.41537,1.41563,1.88,1.43
2011.10.10 13:08:58.543,1.4153,1.41563,2.18,1.43
2011.10.10 13:08:58.880,1.41536,1.41562,1.13,1.43
2011.10.10 13:08:59.440,1.41535,1.41563,1.13,1.43
2011.10.10 13:09:00.495,1.41537,1.41563,1.88,1.43
2011.10.10 13:09:03.596,1.41537,1.41566,1.88,1.50
2011.10.10 13:09:04.055,1.41537,1.41569,1.88,1.50
2011.10.10 13:09:04.184,1.41537,1.41572,1.88,2.93
2011.10.10 13:09:04.316,1.41541,1.41572,1.50,1.43
2011.10.10 13:09:05.210,1.41537,1.41572,3.38,1.43
2011.10.10 13:09:05.890,1.41537,1.4157,3.38,1.43
2011.10.10 13:09:06.636,1.41537,1.41569,3.75,1.43
2011.10.10 13:09:07.014,1.4155,1.41583,1.50,4.05
2011.10.10 13:09:07.142,1.4155,1.41583,1.50,3.38
2011.10.10 13:09:07.624,1.41552,1.41584,1.50,1.13
2011.10.10 13:09:08.223,1.41552,1.41583,1.50,1.88
2011.10.10 13:09:10.422,1.41547,1.41583,2.97,1.13
2011.10.10 13:09:10.559,1.41557,1.41583,1.50,1.13
2011.10.10 13:09:20.202,1.41546,1.41584,2.63,1.13
2011.10.10 13:09:20.760,1.41547,1.41583,1.88,2.63
2011.10.10 13:09:26.071,1.41547,1.41585,2.63,2.25
2011.10.10 13:09:26.316,1.41554,1.41589,2.18,2.52
2011.10.10 13:09:26.441,1.41567,1.41589,1.88,2.52
2011.10.10 13:09:27.053,1.41557,1.41588,1.88,1.09
2011.10.10 13:09:27.185,1.41557,1.41587,1.88,1.09
2011.10.10 13:09:27.515,1.41557,1.41581,1.88,1.43
2011.10.10 13:09:27.650,1.41546,1.41584,1.88,1.88
2011.10.10 13:09:27.773,1.41547,1.4158,1.88,1.43
2011.10.10 13:09:28.498,1.41547,1.41583,1.88,3.38
2011.10.10 13:09:28.860,1.41547,1.41579,1.88,1.50
2011.10.10 13:09:29.432,1.41546,1.41579,1.88,1.50
2011.10.10 13:09:33.340,1.41547,1.41579,1.88,1.50
2011.10.10 13:09:33.460,1.41547,1.41583,1.88,2.63
2011.10.10 13:09:34.339,1.41546,1.41584,1.88,2.63
2011.10.10 13:09:35.250,1.41546,1.41582,1.88,1.43
2011.10.10 13:09:37.726,1.41546,1.41584,1.88,3.38
2011.10.10 13:09:38.555,1.41546,1.41584,2.63,2.63
2011.10.10 13:09:38.922,1.41555,1.41589,1.13,1.09
2011.10.10 13:09:39.043,1.41556,1.4159,1.88,1.50
2011.10.10 13:09:41.328,1.41557,1.4159,1.88,1.50
2011.10.10 13:09:42.023,1.41556,1.41587,2.63,1.43
2011.10.10 13:09:42.610,1.41551,1.41587,2.22,1.43
2011.10.10 13:09:42.750,1.41553,1.41584,1.09,2.18
2011.10.10 13:09:43.337,1.41556,1.41585,1.88,1.50
2011.10.10 13:09:43.703,1.41552,1.41583,1.09,1.50
2011.10.10 13:09:43.832,1.41552,1.41585,1.09,2.25
2011.10.10 13:09:44.075,1.41557,1.41585,1.88,1.50
2011.10.10 13:09:44.684,1.41556,1.41585,1.88,1.50
2011.10.10 13:09:45.245,1.41559,1.41585,1.43,1.50
2011.10.10 13:09:45.614,1.41557,1.41585,1.88,1.50
2011.10.10 13:09:46.693,1.41548,1.41579,1.84,1.50
2011.10.10 13:09:46.825,1.41546,1.4158,1.88,1.13
2011.10.10 13:09:46.957,1.41541,1.41578,1.13,1.50
2011.10.10 13:09:47.551,1.41547,1.41578,1.88,1.50
2011.10.10 13:09:48.454,1.41546,1.41578,1.88,1.50
2011.10.10 13:09:49.006,1.41547,1.41578,1.88,1.50
2011.10.10 13:09:53.086,1.41547,1.41578,2.63,1.50
2011.10.10 13:09:56.908,1.41547,1.41572,1.88,1.50
2011.10.10 13:09:57.358,1.41552,1.41572,1.43,1.50
2011.10.10 13:09:57.490,1.41552,1.41577,1.43,1.50
2011.10.10 13:09:57.620,1.41546,1.41577,1.88,1.50
2011.10.10 13:09:57.746,1.41556,1.41577,1.50,1.50
2011.10.10 13:09:58.584,1.41546,1.41577,1.88,1.50
2011.10.10 13:09:58.942,1.41551,1.41577,4.50,1.50
2011.10.10 13:09:59.302,1.41556,1.41583,2.97,1.43
2011.10.10 13:09:59.686,1.41557,1.41585,2.22,1.50
2011.10.10 13:10:00.055,1.41561,1.4159,1.43,1.43
2011.10.10 13:10:00.307,1.41559,1.41597,2.52,1.50
2011.10.10 13:10:00.432,1.41566,1.4159,1.88,1.50
2011.10.10 13:10:00.552,1.41566,1.4159,1.88,1.50
2011.10.10 13:10:01.254,1.41566,1.41588,1.88,1.50
2011.10.10 13:10:01.387,1.41557,1.41583,2.22,1.50
2011.10.10 13:10:01.519,1.41557,1.41577,1.88,1.50
2011.10.10 13:10:01.767,1.41547,1.41577,1.88,1.50
2011.10.10 13:10:02.134,1.41553,1.41577,1.43,1.50
2011.10.10 13:10:02.497,1.41562,1.41586,1.43,1.50
2011.10.10 13:10:02.875,1.4157,1.41603,1.50,2.63
2011.10.10 13:10:03.002,1.4157,1.41603,1.50,1.88
2011.10.10 13:10:04.055,1.41574,1.41609,1.43,1.13
2011.10.10 13:10:04.181,1.4158,1.41609,1.43,1.13
2011.10.10 13:10:04.303,1.4158,1.41612,1.43,1.50
2011.10.10 13:10:04.436,1.41583,1.41613,1.43,1.13
2011.10.10 13:10:04.563,1.41579,1.41613,1.43,2.63
2011.10.10 13:10:04.931,1.41576,1.41611,3.00,1.13
2011.10.10 13:10:05.655,1.41576,1.41614,3.38,1.09
2011.10.10 13:10:05.783,1.41582,1.41614,1.43,1.09
2011.10.10 13:10:06.222,1.41586,1.41614,1.88,1.09
2011.10.10 13:10:07.253,1.41586,1.41621,1.88,1.88
2011.10.10 13:10:07.387,1.41595,1.41625,1.13,1.13
2011.10.10 13:10:07.519,1.41588,1.41622,1.09,2.93
2011.10.10 13:10:07.643,1.41588,1.41614,1.09,1.43
2011.10.10 13:10:07.951,1.41588,1.41623,1.47,1.13
2011.10.10 13:10:08.072,1.41589,1.41626,1.09,1.50
2011.10.10 13:10:08.443,1.41589,1.41621,1.09,1.50
2011.10.10 13:10:08.933,1.41603,1.41621,1.43,1.50
2011.10.10 13:10:09.182,1.41605,1.41627,1.43,1.50
2011.10.10 13:10:09.751,1.41602,1.41627,1.43,1.50
2011.10.10 13:10:10.112,1.41602,1.41633,1.43,1.88
2011.10.10 13:10:10.371,1.41597,1.41633,1.88,3.30
2011.10.10 13:10:10.495,1.41597,1.41633,1.88,2.18
2011.10.10 13:10:10.864,1.41606,1.4163,1.88,1.50
2011.10.10 13:10:11.984,1.41609,1.4163,1.43,1.50
2011.10.10 13:10:12.237,1.41604,1.4163,1.77,2.25
2011.10.10 13:10:12.363,1.41604,1.41633,1.77,1.50
2011.10.10 13:10:12.613,1.41614,1.41633,1.43,1.50
2011.10.10 13:10:13.010,1.41601,1.41633,1.77,2.18
2011.10.10 13:10:13.264,1.41603,1.41633,1.77,1.88
2011.10.10 13:10:13.513,1.416,1.41633,1.43,1.88
2011.10.10 13:10:14.002,1.416,1.41633,1.43,3.30
2011.10.10 13:10:14.240,1.416,1.41633,1.43,2.93
2011.10.10 13:10:14.812,1.416,1.41633,1.43,2.93
2011.10.10 13:10:15.742,1.41597,1.41633,3.68,3.30
2011.10.10 13:10:16.093,1.41595,1.41626,1.80,1.50
2011.10.10 13:10:16.465,1.41597,1.41614,1.88,1.47
2011.10.10 13:10:16.592,1.41586,1.41611,1.88,1.13
2011.10.10 13:10:16.942,1.41586,1.41598,1.88,1.50
2011.10.10 13:10:17.318,1.41577,1.41586,1.50,1.50
2011.10.10 13:10:17.444,1.41576,1.41586,1.88,1.50
2011.10.10 13:10:17.577,1.41576,1.41592,1.88,1.50
2011.10.10 13:10:17.822,1.41576,1.4159,1.88,1.50
2011.10.10 13:10:18.400,1.41576,1.41586,1.88,1.50
2011.10.10 13:10:18.952,1.41576,1.41586,1.88,1.50
2011.10.10 13:10:19.412,1.41567,1.41586,1.88,1.50
2011.10.10 13:10:20.783,1.41567,1.41592,1.88,1.50
2011.10.10 13:10:22.354,1.41566,1.41592,1.88,1.50
2011.10.10 13:10:22.603,1.41566,1.41598,1.88,1.50
2011.10.10 13:10:23.117,1.41567,1.41598,1.88,1.50
2011.10.10 13:10:23.365,1.41567,1.41596,1.88,1.50
2011.10.10 13:10:23.734,1.41567,1.4159,1.88,1.50
2011.10.10 13:10:24.101,1.41567,1.41584,1.88,1.50
2011.10.10 13:10:26.772,1.41564,1.41584,1.13,1.50
2011.10.10 13:10:27.254,1.41566,1.41588,1.88,1.50
2011.10.10 13:10:27.381,1.41566,1.41589,1.88,1.50
2011.10.10 13:10:28.190,1.41567,1.41589,1.88,1.50
2011.10.10 13:10:28.438,1.41557,1.41588,2.63,2.18
2011.10.10 13:10:28.807,1.41551,1.41571,1.13,1.50
2011.10.10 13:10:29.411,1.41547,1.41571,1.88,1.50
2011.10.10 13:10:29.974,1.41546,1.41571,1.88,1.50
2011.10.10 13:10:30.109,1.41546,1.41567,1.88,1.50
2011.10.10 13:10:30.479,1.41542,1.41559,1.47,1.50
2011.10.10 13:10:31.115,1.41546,1.41559,1.88,1.50
2011.10.10 13:10:31.252,1.41546,1.41565,1.88,1.50
2011.10.10 13:10:34.701,1.41546,1.41565,2.63,1.50
2011.10.10 13:10:36.065,1.41562,1.41572,1.43,1.43
2011.10.10 13:10:36.192,1.41546,1.41579,3.30,1.50
2011.10.10 13:10:36.317,1.41547,1.41579,2.55,1.50
2011.10.10 13:10:36.442,1.41547,1.41579,4.05,1.50
2011.10.10 13:10:36.676,1.41547,1.41579,1.43,1.50
2011.10.10 13:10:36.807,1.41545,1.41576,1.43,2.18
2011.10.10 13:10:37.320,1.41547,1.41571,1.88,1.43
2011.10.10 13:10:37.680,1.41547,1.41562,1.88,1.50
2011.10.10 13:10:38.540,1.41541,1.41562,1.77,1.50
2011.10.10 13:10:39.032,1.41551,1.41569,1.43,1.50
2011.10.10 13:10:39.273,1.41549,1.41569,1.43,1.50
2011.10.10 13:10:39.791,1.41545,1.41569,1.43,1.50
2011.10.10 13:10:40.502,1.41538,1.41569,1.09,1.50
2011.10.10 13:10:41.113,1.41538,1.41566,1.09,1.50
2011.10.10 13:10:41.485,1.41537,1.4156,1.88,1.50
2011.10.10 13:10:41.858,1.41529,1.41555,1.13,1.50
2011.10.10 13:10:42.104,1.41528,1.41555,1.09,1.50
2011.10.10 13:10:42.479,1.4153,1.41555,1.13,1.50
2011.10.10 13:10:42.727,1.41534,1.41561,1.13,1.50
2011.10.10 13:10:43.202,1.41536,1.41561,2.22,1.50
2011.10.10 13:10:43.803,1.41547,1.41561,1.88,1.50
2011.10.10 13:10:44.756,1.41544,1.41567,1.13,1.50
2011.10.10 13:10:45.994,1.41551,1.41567,1.43,1.50
2011.10.10 13:10:46.508,1.41552,1.41574,1.43,1.50
2011.10.10 13:10:46.637,1.4155,1.41574,1.43,1.50
2011.10.10 13:10:46.894,1.41544,1.41568,2.55,1.50
2011.10.10 13:10:47.149,1.41542,1.41573,1.13,1.50
2011.10.10 13:10:47.624,1.41539,1.41573,1.60,1.88
2011.10.10 13:10:47.757,1.41547,1.41571,1.13,1.50
2011.10.10 13:10:48.006,1.41547,1.41582,1.50,1.09
2011.10.10 13:10:48.254,1.41547,1.41583,1.50,1.09
2011.10.10 13:10:48.885,1.41545,1.41582,1.50,1.09
2011.10.10 13:10:49.019,1.4154,1.41579,1.50,1.50
2011.10.10 13:10:49.145,1.41541,1.41574,1.13,1.50
2011.10.10 13:10:49.279,1.41538,1.41573,1.13,1.13
2011.10.10 13:10:49.596,1.41534,1.41573,1.20,1.43
2011.10.10 13:10:49.758,1.41527,1.41561,4.88,1.13
2011.10.10 13:10:49.886,1.41533,1.41564,1.43,1.50
2011.10.10 13:10:50.136,1.41527,1.41564,1.50,1.50
2011.10.10 13:10:50.265,1.41526,1.41561,2.63,1.13
2011.10.10 13:10:50.399,1.41526,1.41561,2.63,1.88
2011.10.10 13:10:50.767,1.41526,1.41561,2.63,1.13
2011.10.10 13:10:51.558,1.41526,1.41562,2.63,1.50
2011.10.10 13:10:52.163,1.41527,1.41562,1.88,1.50
2011.10.10 13:10:52.515,1.41529,1.41565,1.88,1.50
2011.10.10 13:10:52.642,1.41529,1.41567,1.88,2.25
2011.10.10 13:10:52.763,1.41527,1.41565,3.38,1.13
2011.10.10 13:10:53.134,1.41527,1.41564,3.38,2.93
2011.10.10 13:10:53.498,1.41526,1.41554,1.13,1.50
2011.10.10 13:10:54.105,1.41519,1.41552,1.13,1.50
2011.10.10 13:10:54.239,1.41517,1.41552,2.63,1.50
2011.10.10 13:10:54.367,1.41517,1.41552,2.63,1.50
2011.10.10 13:10:54.975,1.41516,1.41552,3.00,1.50
2011.10.10 13:10:56.243,1.41517,1.41552,1.88,1.50
2011.10.10 13:10:56.612,1.41519,1.41552,1.43,1.50
2011.10.10 13:10:56.731,1.41519,1.41553,1.43,2.63
2011.10.10 13:10:56.971,1.41516,1.4155,1.60,1.43
2011.10.10 13:10:57.567,1.41513,1.41548,1.13,2.93
2011.10.10 13:11:00.071,1.41509,1.41548,1.50,2.93
2011.10.10 13:11:00.436,1.4151,1.41548,1.88,1.50
2011.10.10 13:11:00.808,1.4151,1.41548,1.50,1.50
2011.10.10 13:11:00.934,1.41512,1.41552,1.50,1.50
2011.10.10 13:11:01.066,1.41515,1.41553,1.13,3.38
2011.10.10 13:11:01.193,1.41515,1.41552,1.13,1.50
2011.10.10 13:11:01.777,1.41512,1.41549,1.13,1.50
2011.10.10 13:11:04.991,1.41515,1.41552,1.13,1.50
2011.10.10 13:11:05.118,1.41515,1.41553,1.13,3.38
2011.10.10 13:11:05.251,1.41513,1.41553,1.50,3.38
2011.10.10 13:11:05.802,1.41513,1.4155,1.50,1.80
2011.10.10 13:11:06.275,1.4151,1.41543,1.50,1.88
2011.10.10 13:11:07.264,1.4151,1.41543,1.50,1.88
2011.10.10 13:11:07.512,1.41511,1.41543,1.50,1.88
2011.10.10 13:11:08.282,1.41518,1.41543,1.43,1.88
2011.10.10 13:11:09.018,1.41517,1.41548,1.43,1.50
2011.10.10 13:11:10.950,1.41515,1.41548,1.43,1.50
2011.10.10 13:11:11.072,1.41509,1.41548,2.93,1.50
2011.10.10 13:11:11.430,1.41509,1.41544,2.93,1.88
2011.10.10 13:11:12.032,1.41509,1.41544,1.50,1.88
2011.10.10 13:11:15.919,1.4151,1.41544,2.93,1.88
2011.10.10 13:11:17.020,1.41514,1.41544,1.50,1.88
2011.10.10 13:11:20.612,1.41514,1.41543,1.50,1.43
2011.10.10 13:11:21.200,1.41514,1.41544,2.25,1.88
2011.10.10 13:11:22.061,1.41514,1.4155,2.25,1.77
2011.10.10 13:11:22.603,1.41514,1.41544,1.50,1.88
2011.10.10 13:11:23.492,1.41515,1.41544,1.50,1.88
2011.10.10 13:11:23.611,1.41521,1.41552,1.50,1.77
2011.10.10 13:11:23.844,1.41515,1.41551,1.50,1.09
2011.10.10 13:11:24.450,1.41514,1.41546,1.50,1.13
2011.10.10 13:11:24.700,1.41514,1.41544,1.50,3.68
2011.10.10 13:11:24.832,1.41509,1.41541,2.93,1.13
2011.10.10 13:11:25.078,1.41506,1.4154,2.63,1.50
2011.10.10 13:11:25.326,1.41506,1.4154,2.63,2.25
2011.10.10 13:11:25.692,1.415,1.41536,2.18,1.50
2011.10.10 13:11:26.068,1.415,1.41536,2.18,1.50
2011.10.10 13:11:26.554,1.41505,1.41536,1.43,1.50
2011.10.10 13:11:26.802,1.41503,1.41536,1.43,1.50
2011.10.10 13:11:30.612,1.41502,1.41534,1.43,2.63
2011.10.10 13:11:30.850,1.41504,1.41534,1.43,2.63
2011.10.10 13:11:31.671,1.41503,1.41534,1.43,2.63
2011.10.10 13:11:32.533,1.41503,1.41534,1.43,3.00
2011.10.10 13:11:32.662,1.41501,1.41534,1.43,3.00
2011.10.10 13:11:38.728,1.41501,1.41534,1.43,2.63
2011.10.10 13:11:39.576,1.41502,1.41541,1.50,1.47
2011.10.10 13:11:39.941,1.41502,1.41533,1.50,1.88
2011.10.10 13:11:40.530,1.41502,1.41534,1.50,1.88
2011.10.10 13:11:46.920,1.41504,1.41534,1.43,2.63
2011.10.10 13:11:47.046,1.41501,1.41534,1.43,2.63
2011.10.10 13:11:47.295,1.41499,1.41533,1.43,2.63
2011.10.10 13:11:47.796,1.41497,1.41533,1.88,2.63
2011.10.10 13:11:49.351,1.41497,1.41533,1.88,2.63
2011.10.10 13:11:50.692,1.41502,1.4154,1.50,1.13
2011.10.10 13:11:52.512,1.41502,1.4154,1.50,1.13
2011.10.10 13:11:52.958,1.41502,1.41541,1.50,1.84
2011.10.10 13:11:53.091,1.41502,1.4154,1.50,1.13
2011.10.10 13:11:58.513,1.41502,1.41533,1.50,1.13
2011.10.10 13:11:58.642,1.41501,1.4154,1.50,1.50
2011.10.10 13:11:58.887,1.41494,1.4153,1.94,1.50
2011.10.10 13:11:59.419,1.41494,1.41528,1.60,1.13
2011.10.10 13:11:59.788,1.415,1.41522,1.43,1.13
2011.10.10 13:11:59.924,1.41501,1.41526,1.43,1.43
2011.10.10 13:12:00.062,1.41504,1.41529,1.43,1.13
2011.10.10 13:12:00.425,1.41496,1.41529,1.13,1.13
2011.10.10 13:12:00.557,1.41494,1.41529,1.97,1.13
2011.10.10 13:12:00.811,1.41494,1.41526,1.22,1.50
2011.10.10 13:12:03.022,1.41494,1.4153,1.22,1.88
2011.10.10 13:12:03.262,1.41494,1.4153,1.22,2.22
2011.10.10 13:12:03.621,1.41489,1.41521,1.22,1.13
2011.10.10 13:12:04.237,1.41489,1.4152,1.22,1.13
2011.10.10 13:12:04.610,1.41487,1.41512,1.43,1.09
2011.10.10 13:12:04.955,1.41479,1.41509,1.43,1.13
2011.10.10 13:12:05.324,1.41479,1.41505,1.43,1.50
2011.10.10 13:12:05.454,1.41477,1.41505,1.43,1.50
2011.10.10 13:12:07.167,1.41479,1.41504,1.43,1.47
2011.10.10 13:12:07.536,1.41477,1.41499,1.43,1.50
2011.10.10 13:12:08.068,1.41472,1.41496,1.50,1.50
2011.10.10 13:12:08.204,1.41472,1.41497,1.50,1.13
2011.10.10 13:12:08.703,1.41478,1.41504,1.43,2.25
2011.10.10 13:12:08.841,1.41478,1.41504,1.43,2.25
2011.10.10 13:12:09.209,1.41476,1.41494,1.13,1.50
2011.10.10 13:12:09.574,1.41476,1.41487,1.13,1.50
2011.10.10 13:12:09.857,1.41476,1.41493,1.13,1.50
2011.10.10 13:12:10.467,1.41466,1.41493,2.63,2.25
2011.10.10 13:12:13.468,1.41467,1.41499,1.13,1.50
2011.10.10 13:12:13.954,1.41469,1.41505,2.18,1.88
2011.10.10 13:12:14.543,1.41476,1.41509,1.13,1.50
2011.10.10 13:12:14.660,1.41476,1.41509,1.13,1.13
2011.10.10 13:12:15.524,1.41477,1.41509,1.88,1.13
2011.10.10 13:12:16.366,1.41476,1.41509,3.30,1.13
2011.10.10 13:12:16.961,1.41476,1.41511,3.30,1.50
2011.10.10 13:12:17.830,1.41478,1.41511,1.43,1.50
2011.10.10 13:12:18.347,1.41477,1.41511,1.43,1.50
2011.10.10 13:12:18.715,1.41479,1.41515,2.18,1.50
2011.10.10 13:12:18.965,1.41484,1.41518,1.13,1.13
2011.10.10 13:12:19.442,1.41484,1.4152,1.13,1.47
2011.10.10 13:12:19.684,1.41482,1.41519,2.93,1.09
2011.10.10 13:12:20.051,1.41487,1.41519,1.88,1.09
2011.10.10 13:12:20.715,1.41487,1.41519,1.88,1.09
2011.10.10 13:12:22.807,1.41487,1.41519,3.38,1.09
2011.10.10 13:12:22.933,1.41487,1.41519,3.38,1.09
2011.10.10 13:12:23.402,1.41487,1.41515,3.38,1.84
2011.10.10 13:12:23.528,1.41483,1.41508,1.43,1.84
2011.10.10 13:12:23.658,1.41477,1.41505,1.88,2.18
2011.10.10 13:12:23.786,1.41474,1.41505,1.84,1.43
2011.10.10 13:12:23.914,1.41482,1.41513,1.43,3.38
2011.10.10 13:12:24.498,1.41476,1.41509,2.63,1.80
2011.10.10 13:12:25.282,1.41476,1.4151,1.13,2.55
2011.10.10 13:12:26.416,1.41476,1.41511,1.13,2.14
2011.10.10 13:12:26.772,1.41474,1.4151,1.50,1.80
2011.10.10 13:12:27.550,1.41476,1.4151,1.13,1.80
2011.10.10 13:12:27.685,1.41476,1.4151,1.13,2.18
2011.10.10 13:12:27.941,1.41469,1.415,1.50,1.43
2011.10.10 13:12:28.412,1.41469,1.415,1.50,1.77
2011.10.10 13:12:30.335,1.41469,1.41496,1.50,2.14
2011.10.10 13:12:31.295,1.4146,1.41495,2.93,1.47
2011.10.10 13:12:31.430,1.4146,1.41489,1.50,1.43
2011.10.10 13:12:31.562,1.41464,1.41494,1.43,1.47
2011.10.10 13:12:31.810,1.41469,1.41494,1.43,1.84
2011.10.10 13:12:32.098,1.41459,1.41493,2.55,1.84
2011.10.10 13:12:32.482,1.41464,1.41493,1.43,1.13
2011.10.10 13:12:33.082,1.41463,1.41494,2.18,1.88
2011.10.10 13:12:33.449,1.41467,1.41494,1.43,1.88
2011.10.10 13:12:33.843,1.41467,1.41498,2.18,1.09
2011.10.10 13:12:33.983,1.41467,1.415,1.13,2.97
2011.10.10 13:12:34.484,1.41466,1.415,1.13,1.47
2011.10.10 13:12:34.614,1.41466,1.415,1.13,1.47
2011.10.10 13:12:34.745,1.41468,1.415,1.43,1.47
2011.10.10 13:12:35.353,1.41466,1.415,1.13,1.47
2011.10.10 13:12:35.724,1.41462,1.41498,2.25,1.47
2011.10.10 13:12:36.093,1.41457,1.41494,3.10,2.97
2011.10.10 13:12:37.150,1.41456,1.41493,3.30,1.09
2011.10.10 13:12:37.601,1.41456,1.41489,2.93,1.09
2011.10.10 13:12:38.762,1.41455,1.41489,1.50,1.09
2011.10.10 13:12:41.154,1.41453,1.41487,1.50,1.84
2011.10.10 13:12:41.281,1.41453,1.41487,1.50,1.84
2011.10.10 13:12:41.645,1.41457,1.41487,1.13,1.13
2011.10.10 13:12:42.463,1.41457,1.41489,1.13,1.50
2011.10.10 13:12:42.596,1.41457,1.41493,1.13,2.59
2011.10.10 13:12:42.961,1.41457,1.41493,1.13,2.59
2011.10.10 13:12:44.672,1.41459,1.41493,2.18,2.97
2011.10.10 13:12:46.616,1.41459,1.41493,2.18,2.97
2011.10.10 13:12:49.242,1.41459,1.41488,2.18,1.50
2011.10.10 13:12:49.713,1.41459,1.41488,2.18,1.13
2011.10.10 13:12:49.836,1.4146,1.41489,2.18,1.50
2011.10.10 13:12:50.715,1.4146,1.41489,2.93,1.50
2011.10.10 13:12:50.842,1.41473,1.41493,1.43,2.59
2011.10.10 13:12:51.094,1.41475,1.41493,1.43,2.25
2011.10.10 13:12:51.566,1.41477,1.41494,1.43,1.50
2011.10.10 13:12:53.816,1.41474,1.41494,2.18,1.50
2011.10.10 13:12:53.942,1.41475,1.41494,1.43,1.13
2011.10.10 13:12:55.006,1.41475,1.41494,2.18,1.13
2011.10.10 13:12:55.556,1.41475,1.415,2.18,1.88
2011.10.10 13:12:56.022,1.4148,1.415,1.43,1.88
2011.10.10 13:12:56.371,1.41475,1.415,2.18,1.50
2011.10.10 13:12:56.495,1.41472,1.415,2.18,1.13
2011.10.10 13:12:57.092,1.41476,1.415,1.43,1.13
2011.10.10 13:12:57.462,1.41476,1.415,1.43,1.50
2011.10.10 13:12:58.650,1.41483,1.41498,1.43,1.13
2011.10.10 13:12:59.030,1.41483,1.41506,2.18,1.84
2011.10.10 13:13:01.051,1.41477,1.4151,1.50,1.88
2011.10.10 13:13:01.292,1.41476,1.41507,1.20,1.13
2011.10.10 13:13:02.924,1.41479,1.4151,1.50,1.13
2011.10.10 13:13:03.053,1.41481,1.41513,1.50,2.59
2011.10.10 13:13:03.184,1.41484,1.41513,1.50,1.88
2011.10.10 13:13:03.318,1.41489,1.41523,2.18,1.09
2011.10.10 13:13:04.021,1.415,1.41528,2.18,1.50
2011.10.10 13:13:04.252,1.415,1.41529,2.18,1.50
2011.10.10 13:13:04.843,1.415,1.4153,2.18,1.50
2011.10.10 13:13:05.309,1.415,1.4153,2.18,1.50
2011.10.10 13:13:05.558,1.415,1.41529,2.18,1.50
2011.10.10 13:13:05.694,1.41505,1.41529,1.43,1.50
2011.10.10 13:13:06.286,1.41505,1.41529,1.43,1.50
2011.10.10 13:13:06.895,1.41504,1.41529,1.43,1.50
2011.10.10 13:13:07.503,1.41502,1.41529,2.18,1.50
2011.10.10 13:13:07.753,1.41503,1.41534,2.18,2.22
2011.10.10 13:13:08.102,1.41498,1.41534,1.50,2.22
2011.10.10 13:13:08.690,1.41498,1.41534,1.50,2.22
2011.10.10 13:13:08.815,1.41496,1.41532,3.75,1.50
2011.10.10 13:13:09.066,1.41496,1.41528,2.25,1.50
2011.10.10 13:13:10.542,1.41491,1.41527,1.13,1.50
2011.10.10 13:13:11.553,1.41496,1.41529,1.88,2.18
2011.10.10 13:13:12.046,1.41496,1.41531,1.88,1.81
2011.10.10 13:13:12.884,1.41499,1.41531,1.43,1.50
2011.10.10 13:13:13.256,1.41515,1.4154,1.43,1.13
2011.10.10 13:13:13.388,1.41516,1.41543,2.18,1.88
2011.10.10 13:13:13.751,1.41508,1.41543,1.50,2.63
2011.10.10 13:13:14.354,1.41507,1.41541,1.13,1.50
2011.10.10 13:13:14.605,1.41503,1.41541,1.47,1.50
2011.10.10 13:13:14.731,1.41503,1.41542,1.47,1.50
2011.10.10 13:13:15.332,1.41503,1.41539,1.47,1.43
2011.10.10 13:13:15.926,1.41503,1.41542,1.47,1.50
2011.10.10 13:13:18.025,1.41502,1.41541,1.50,1.13
2011.10.10 13:13:19.096,1.4151,1.41544,1.50,5.14
2011.10.10 13:13:19.466,1.4152,1.41544,1.50,1.88
2011.10.10 13:13:19.979,1.41514,1.4154,1.50,1.50
2011.10.10 13:13:20.109,1.415,1.41539,1.50,2.22
2011.10.10 13:13:20.236,1.41496,1.41533,1.50,1.88
2011.10.10 13:13:20.723,1.41496,1.41524,1.50,1.88
2011.10.10 13:13:21.599,1.41496,1.41533,1.88,1.88
2011.10.10 13:13:23.977,1.41509,1.41533,1.50,1.88
2011.10.10 13:13:24.344,1.4152,1.41534,1.50,1.88
2011.10.10 13:13:24.715,1.41519,1.41544,1.50,1.88
2011.10.10 13:13:25.250,1.41526,1.41544,1.50,1.88
2011.10.10 13:13:25.831,1.41526,1.41543,1.50,1.88
2011.10.10 13:13:26.741,1.41526,1.41554,1.50,1.88
2011.10.10 13:13:27.677,1.41526,1.41553,1.50,1.88
2011.10.10 13:13:29.185,1.41521,1.41553,2.25,1.88
2011.10.10 13:13:31.514,1.41521,1.41559,2.25,1.13
2011.10.10 13:13:32.090,1.41521,1.41553,2.25,1.88
2011.10.10 13:13:32.454,1.41523,1.41553,1.50,1.88
2011.10.10 13:13:33.499,1.41521,1.41553,1.50,1.88
2011.10.10 13:13:33.862,1.41521,1.41553,1.50,1.13
2011.10.10 13:13:34.393,1.41516,1.41543,1.50,1.88
2011.10.10 13:13:34.522,1.41515,1.41543,1.50,1.88
2011.10.10 13:13:35.245,1.41515,1.41554,1.50,3.38
2011.10.10 13:13:35.380,1.41517,1.41553,1.13,1.88
2011.10.10 13:13:35.940,1.41521,1.41554,1.50,2.63
2011.10.10 13:13:39.052,1.41523,1.41554,1.13,1.50
2011.10.10 13:13:40.755,1.41523,1.4156,1.47,1.50
2011.10.10 13:13:41.126,1.41526,1.41561,1.88,1.50
2011.10.10 13:13:41.256,1.41526,1.41561,1.88,1.50
2011.10.10 13:13:43.518,1.41523,1.41551,1.47,1.43
2011.10.10 13:13:43.765,1.41523,1.41561,1.47,2.93
2011.10.10 13:13:44.015,1.41521,1.41548,1.09,2.18
2011.10.10 13:13:44.151,1.41508,1.41533,1.47,1.43
2011.10.10 13:13:44.273,1.41508,1.41546,1.09,1.50
2011.10.10 13:13:44.641,1.41517,1.41547,1.88,1.50
2011.10.10 13:13:45.348,1.41517,1.41551,2.63,1.50
2011.10.10 13:13:45.603,1.41519,1.41555,1.84,1.13
2011.10.10 13:13:45.974,1.41526,1.41559,1.88,1.50
2011.10.10 13:13:46.565,1.41526,1.41558,1.88,1.50
2011.10.10 13:13:47.142,1.4152,1.41559,1.13,2.25
2011.10.10 13:13:47.643,1.4152,1.41558,1.13,1.50
2011.10.10 13:13:47.776,1.41519,1.41553,1.84,1.88
2011.10.10 13:13:48.373,1.41526,1.41558,1.88,1.50
2011.10.10 13:13:51.557,1.41527,1.41559,1.88,1.50
2011.10.10 13:13:52.607,1.41526,1.41559,1.88,1.50
2011.10.10 13:13:53.099,1.4152,1.41558,1.50,1.13
2011.10.10 13:13:53.465,1.41524,1.41553,1.50,1.88
2011.10.10 13:13:53.906,1.41519,1.41554,1.09,1.88
2011.10.10 13:13:54.516,1.41519,1.41553,1.09,1.88
2011.10.10 13:13:54.761,1.41524,1.41553,1.50,1.88
2011.10.10 13:13:55.712,1.4152,1.41553,1.50,1.88
2011.10.10 13:13:55.831,1.41519,1.41553,1.09,1.88
2011.10.10 13:13:56.193,1.41519,1.41553,1.09,1.88
2011.10.10 13:13:57.961,1.41526,1.41563,1.13,1.88
2011.10.10 13:13:58.467,1.41526,1.41564,2.63,2.63
2011.10.10 13:14:00.224,1.41526,1.4156,1.88,1.50
2011.10.10 13:14:00.682,1.41517,1.41549,1.88,1.54
2011.10.10 13:14:01.045,1.41517,1.41533,1.88,1.50
2011.10.10 13:14:01.298,1.415,1.41527,1.13,2.25
2011.10.10 13:14:01.427,1.41494,1.4152,1.50,1.13
2011.10.10 13:14:01.798,1.41476,1.41489,1.50,2.25
2011.10.10 13:14:01.927,1.41467,1.41481,2.63,1.50
2011.10.10 13:14:02.059,1.41452,1.41478,1.50,1.50
2011.10.10 13:14:02.664,1.41455,1.41478,1.13,1.50
2011.10.10 13:14:02.922,1.41456,1.41484,1.13,1.50
2011.10.10 13:14:03.271,1.41457,1.41486,1.13,1.50
2011.10.10 13:14:03.397,1.4146,1.41485,1.50,1.50
2011.10.10 13:14:03.650,1.41461,1.41485,1.13,1.50
2011.10.10 13:14:07.828,1.41457,1.41485,1.50,1.50
2011.10.10 13:14:08.315,1.41457,1.41479,1.13,1.50
2011.10.10 13:14:09.234,1.41457,1.41479,1.13,1.50
2011.10.10 13:14:09.846,1.41457,1.41479,1.13,1.50
2011.10.10 13:14:10.654,1.41456,1.41479,1.50,1.50
2011.10.10 13:14:11.036,1.41456,1.41479,1.13,1.50
2011.10.10 13:14:11.533,1.41457,1.41465,1.13,1.50
2011.10.10 13:14:11.888,1.41433,1.41456,1.20,1.09
2011.10.10 13:14:12.018,1.41436,1.41448,1.20,1.43
2011.10.10 13:14:12.387,1.41413,1.41434,1.95,1.50
2011.10.10 13:14:12.635,1.41409,1.4144,1.09,2.18
2011.10.10 13:14:13.010,1.41407,1.41431,1.88,1.50
2011.10.10 13:14:13.376,1.41406,1.41428,2.63,1.50
2011.10.10 13:14:14.828,1.41406,1.41434,1.88,1.50
2011.10.10 13:14:14.963,1.41426,1.41436,1.22,1.50
2011.10.10 13:14:15.104,1.41431,1.41449,1.43,1.50
2011.10.10 13:14:15.357,1.41417,1.41449,1.13,1.50
2011.10.10 13:14:16.031,1.41414,1.41449,1.13,1.50
2011.10.10 13:14:16.281,1.41414,1.41445,1.13,2.25
2011.10.10 13:14:16.411,1.41411,1.41445,1.22,1.50
2011.10.10 13:14:17.007,1.41409,1.41437,1.50,1.50
2011.10.10 13:14:17.135,1.41406,1.41437,2.63,1.50
2011.10.10 13:14:17.268,1.41406,1.41431,1.13,1.50
2011.10.10 13:14:17.633,1.41405,1.41431,1.50,1.50
2011.10.10 13:14:18.395,1.41398,1.41431,2.35,1.50
2011.10.10 13:14:18.635,1.41399,1.41435,1.50,1.13
2011.10.10 13:14:20.272,1.41399,1.41438,1.50,1.50
2011.10.10 13:14:24.971,1.41403,1.41438,1.50,1.84
2011.10.10 13:14:25.104,1.41399,1.41433,1.50,1.13
2011.10.10 13:14:25.239,1.41398,1.41425,1.50,2.18
2011.10.10 13:14:26.037,1.41384,1.41417,1.50,1.54
2011.10.10 13:14:26.192,1.41381,1.41404,1.50,1.54
2011.10.10 13:14:27.047,1.41378,1.41404,1.09,1.50
2011.10.10 13:14:27.419,1.41378,1.41413,1.84,1.54
2011.10.10 13:14:27.547,1.41378,1.41413,1.09,1.50
2011.10.10 13:14:27.674,1.41379,1.41414,1.50,2.63
2011.10.10 13:14:27.922,1.41379,1.41413,1.50,1.50
2011.10.10 13:14:28.263,1.41379,1.4141,1.50,1.50
2011.10.10 13:14:28.383,1.41377,1.4141,1.47,1.88
2011.10.10 13:14:28.984,1.41376,1.41408,1.13,1.84
2011.10.10 13:14:30.021,1.41371,1.41403,1.50,1.50
2011.10.10 13:14:31.633,1.41369,1.41403,1.60,2.63
2011.10.10 13:14:32.141,1.41369,1.41403,1.13,2.63
2011.10.10 13:14:32.724,1.41365,1.41403,1.50,2.63
2011.10.10 13:14:32.859,1.41365,1.41401,1.50,1.50
2011.10.10 13:14:33.228,1.41365,1.41401,1.50,1.50
2011.10.10 13:14:33.358,1.41365,1.41401,1.50,3.04
2011.10.10 13:14:33.765,1.41362,1.41394,1.84,1.88
2011.10.10 13:14:34.730,1.41359,1.41394,1.50,1.47
2011.10.10 13:14:34.857,1.41359,1.41394,1.22,1.47
2011.10.10 13:14:35.104,1.41359,1.41395,2.72,1.47
2011.10.10 13:14:36.067,1.4137,1.41403,1.50,1.88
2011.10.10 13:14:36.435,1.4137,1.41403,1.50,1.88
2011.10.10 13:14:36.572,1.41364,1.41395,1.09,1.13
2011.10.10 13:14:36.701,1.41359,1.41393,1.22,1.13
2011.10.10 13:14:37.309,1.41359,1.41392,2.18,2.25
2011.10.10 13:14:37.439,1.4136,1.41393,1.50,1.88
2011.10.10 13:14:37.567,1.4136,1.41397,1.50,1.84
2011.10.10 13:14:38.150,1.41359,1.41394,1.50,1.88
2011.10.10 13:14:38.632,1.41359,1.41394,1.50,1.88
2011.10.10 13:14:40.754,1.41356,1.41392,2.18,1.50
2011.10.10 13:14:40.882,1.41352,1.41392,1.88,1.50
2011.10.10 13:14:41.791,1.41354,1.41392,1.50,1.50
2011.10.10 13:14:42.800,1.41355,1.41392,1.50,1.50
2011.10.10 13:14:43.551,1.41352,1.41392,1.50,1.50
2011.10.10 13:14:43.796,1.41352,1.41392,1.50,1.50
2011.10.10 13:14:46.443,1.41353,1.41392,1.50,1.50
2011.10.10 13:14:46.572,1.41354,1.41392,1.84,2.25
2011.10.10 13:14:47.556,1.41362,1.41398,1.50,1.54
2011.10.10 13:14:47.683,1.41362,1.41398,1.50,1.54
2011.10.10 13:14:48.143,1.4136,1.41395,2.52,1.13
2011.10.10 13:14:48.274,1.4136,1.41395,2.52,1.13
2011.10.10 13:14:48.527,1.41358,1.41391,1.50,1.54
2011.10.10 13:14:48.657,1.41352,1.41391,2.93,1.54
2011.10.10 13:14:48.782,1.41352,1.41385,2.18,1.50
2011.10.10 13:14:50.413,1.41352,1.41385,2.18,1.50
2011.10.10 13:14:50.896,1.4135,1.41385,1.13,1.50
2011.10.10 13:14:51.364,1.41348,1.4138,1.22,1.50
2011.10.10 13:14:54.221,1.41348,1.4138,1.22,1.50
2011.10.10 13:14:55.261,1.41348,1.4138,1.22,1.50
2011.10.10 13:14:56.850,1.4135,1.4138,1.50,1.50
2011.10.10 13:14:57.325,1.41348,1.4138,1.22,1.50
2011.10.10 13:14:57.580,1.41349,1.41382,2.18,1.54
2011.10.10 13:14:58.017,1.41347,1.41382,1.97,1.54
2011.10.10 13:14:58.265,1.41348,1.41382,1.22,1.54
2011.10.10 13:14:59.344,1.4135,1.41382,1.43,1.54
2011.10.10 13:14:59.833,1.41347,1.41383,1.50,1.50
2011.10.10 13:15:00.701,1.41347,1.41383,1.50,1.50
2011.10.10 13:15:01.675,1.41347,1.41383,1.50,1.50
2011.10.10 13:15:02.622,1.41349,1.4138,2.18,1.50
2011.10.10 13:15:02.755,1.41342,1.41377,1.50,1.50
2011.10.10 13:15:02.885,1.41349,1.41377,1.43,1.50
2011.10.10 13:15:03.361,1.41349,1.41378,2.18,1.50
2011.10.10 13:15:03.483,1.41349,1.41384,2.18,2.22
2011.10.10 13:15:04.493,1.41349,1.41384,2.18,2.22
2011.10.10 13:15:05.177,1.41353,1.41394,1.50,2.67
2011.10.10 13:15:05.309,1.41353,1.41394,1.50,2.67
2011.10.10 13:15:05.438,1.41353,1.41394,1.50,2.67
2011.10.10 13:15:05.568,1.41353,1.41394,1.50,2.67
2011.10.10 13:15:05.936,1.4135,1.4139,1.50,1.13
2011.10.10 13:15:06.305,1.4135,1.41383,1.50,1.88
2011.10.10 13:15:07.191,1.4135,1.41383,1.50,1.88
2011.10.10 13:15:07.678,1.41357,1.4139,1.09,1.81
2011.10.10 13:15:07.929,1.4136,1.41394,1.50,2.63
2011.10.10 13:15:08.057,1.41357,1.41393,1.50,1.92
2011.10.10 13:15:08.188,1.41363,1.41394,1.43,2.29
2011.10.10 13:15:08.322,1.41358,1.41394,1.50,2.29
2011.10.10 13:15:08.681,1.41358,1.41391,1.43,1.13
2011.10.10 13:15:08.804,1.41353,1.41391,3.45,1.13
2011.10.10 13:15:08.932,1.41357,1.41384,2.18,1.88
2011.10.10 13:15:09.281,1.4136,1.41384,1.50,1.88
2011.10.10 13:15:09.402,1.4136,1.41393,1.50,3.38
2011.10.10 13:15:09.714,1.4136,1.41393,2.25,1.88
2011.10.10 13:15:09.966,1.41366,1.41393,1.50,1.88
2011.10.10 13:15:10.340,1.41366,1.414,2.18,1.50
2011.10.10 13:15:10.588,1.41368,1.414,1.43,1.50
2011.10.10 13:15:10.725,1.41369,1.41403,1.43,1.88
2011.10.10 13:15:11.332,1.41365,1.41403,1.50,1.88
2011.10.10 13:15:12.284,1.41366,1.41403,1.50,2.63
2011.10.10 13:15:13.005,1.41365,1.41403,1.50,2.63
2011.10.10 13:15:13.960,1.41368,1.41403,1.50,1.88
2011.10.10 13:15:14.353,1.41371,1.41407,1.50,1.50
2011.10.10 13:15:15.162,1.41371,1.41406,1.50,1.09
2011.10.10 13:15:16.806,1.41371,1.41411,2.25,1.50
2011.10.10 13:15:16.936,1.41373,1.41411,1.50,1.50
2011.10.10 13:15:17.318,1.41377,1.41413,1.50,1.50
2011.10.10 13:15:18.167,1.41378,1.41411,1.50,1.47
2011.10.10 13:15:18.416,1.41367,1.41404,1.88,1.09
2011.10.10 13:15:19.656,1.41359,1.41399,1.50,1.09
2011.10.10 13:15:19.785,1.41367,1.41402,2.25,2.18
2011.10.10 13:15:21.064,1.41373,1.41409,1.13,2.18
2011.10.10 13:15:21.323,1.4138,1.41423,1.09,2.63
2011.10.10 13:15:21.447,1.41391,1.41424,1.09,4.13
2011.10.10 13:15:21.813,1.41393,1.41423,2.25,2.63
2011.10.10 13:15:22.173,1.41405,1.41423,1.50,2.63
2011.10.10 13:15:22.303,1.41405,1.41423,1.50,1.88
2011.10.10 13:15:23.128,1.41405,1.41434,1.50,1.88
2011.10.10 13:15:23.528,1.41412,1.41434,1.50,1.88
2011.10.10 13:15:24.139,1.41413,1.41443,1.50,1.88
2011.10.10 13:15:24.267,1.41419,1.41443,1.50,1.88
2011.10.10 13:15:24.397,1.41419,1.41443,1.50,1.88
2011.10.10 13:15:25.003,1.41422,1.41444,1.50,1.88
2011.10.10 13:15:25.594,1.41426,1.41453,1.50,1.88
2011.10.10 13:15:25.735,1.41426,1.41452,1.50,1.50
2011.10.10 13:15:26.674,1.41418,1.41452,1.50,1.50
2011.10.10 13:15:27.084,1.4142,1.41452,1.50,1.50
2011.10.10 13:15:27.336,1.41411,1.4145,2.25,1.50
2011.10.10 13:15:27.813,1.41418,1.41448,2.25,1.50
2011.10.10 13:15:31.595,1.41423,1.41453,1.09,1.13
2011.10.10 13:15:31.953,1.41421,1.41456,1.09,1.50
2011.10.10 13:15:32.090,1.41415,1.41451,1.50,1.50
2011.10.10 13:15:32.412,1.41407,1.41439,2.63,1.09
2011.10.10 13:15:32.550,1.41404,1.41437,1.50,1.09
2011.10.10 13:15:32.801,1.41404,1.41438,1.50,1.09
2011.10.10 13:15:32.923,1.41415,1.41443,1.43,2.22
2011.10.10 13:15:33.057,1.41408,1.41443,1.20,2.59
2011.10.10 13:15:33.185,1.41412,1.41444,2.18,1.50
2011.10.10 13:15:33.315,1.41414,1.41446,1.50,1.50
2011.10.10 13:15:33.450,1.41418,1.41446,1.77,1.50
2011.10.10 13:15:33.693,1.41407,1.41444,1.13,1.50
2011.10.10 13:15:33.943,1.41408,1.41444,1.20,1.50
2011.10.10 13:15:34.458,1.41415,1.41452,1.50,2.22
2011.10.10 13:15:34.705,1.41417,1.41452,1.50,1.09
2011.10.10 13:15:35.082,1.41486,1.4156,1.50,1.50
2011.10.10 13:15:35.206,1.41485,1.4156,1.50,1.50
2011.10.10 13:15:35.341,1.41487,1.41549,1.13,1.06
2011.10.10 13:15:35.472,1.41488,1.41565,3.38,1.50
2011.10.10 13:15:35.599,1.41496,1.41567,1.13,1.50
2011.10.10 13:15:36.141,1.41528,1.41548,1.50,1.50
2011.10.10 13:15:36.507,1.41528,1.41543,1.50,1.88
2011.10.10 13:15:37.238,1.41528,1.41554,1.50,2.63
2011.10.10 13:15:37.494,1.41528,1.41556,1.50,1.50
2011.10.10 13:15:37.632,1.41528,1.41561,1.50,1.50
2011.10.10 13:15:37.767,1.41528,1.41559,1.50,1.50
2011.10.10 13:15:38.321,1.41528,1.41554,1.50,2.63
2011.10.10 13:15:38.848,1.41528,1.41554,1.50,2.63
2011.10.10 13:15:39.448,1.41528,1.41553,1.50,1.50
2011.10.10 13:15:40.153,1.41528,1.41553,1.50,1.50
2011.10.10 13:15:40.407,1.41517,1.4155,1.50,1.50
2011.10.10 13:15:40.543,1.41517,1.41551,1.50,1.50
2011.10.10 13:15:41.034,1.41523,1.41554,1.50,3.38
2011.10.10 13:15:41.285,1.41518,1.41554,1.09,3.38
2011.10.10 13:15:43.293,1.41518,1.41554,1.09,3.38
2011.10.10 13:15:43.411,1.41517,1.41554,1.84,3.38
2011.10.10 13:15:43.532,1.41517,1.41544,1.84,1.50
2011.10.10 13:15:43.761,1.41517,1.41553,2.59,2.63
2011.10.10 13:15:43.885,1.41517,1.41553,4.02,2.63
2011.10.10 13:15:44.020,1.41524,1.41553,1.09,1.88
2011.10.10 13:15:44.145,1.41529,1.41562,2.18,1.50
2011.10.10 13:15:44.277,1.41535,1.41563,1.50,2.63
2011.10.10 13:15:44.755,1.41535,1.41563,1.84,1.88
2011.10.10 13:15:44.890,1.41541,1.41563,1.50,1.88
2011.10.10 13:15:45.379,1.41541,1.41554,1.50,1.50
2011.10.10 13:15:45.510,1.41538,1.41554,1.50,1.50
2011.10.10 13:15:45.639,1.41541,1.41553,1.50,1.88
2011.10.10 13:15:45.771,1.41541,1.41564,1.50,1.88
2011.10.10 13:15:46.372,1.41543,1.41563,1.50,1.88
2011.10.10 13:15:46.788,1.41549,1.41574,1.50,2.63
2011.10.10 13:15:47.155,1.41559,1.41574,1.50,1.88
2011.10.10 13:15:47.397,1.41559,1.41583,1.50,1.88
2011.10.10 13:15:47.644,1.41561,1.41583,1.13,1.88
2011.10.10 13:15:48.017,1.41561,1.41593,1.13,2.97
2011.10.10 13:15:48.149,1.41565,1.41593,2.25,2.63
2011.10.10 13:15:48.674,1.41568,1.41593,1.50,1.50
2011.10.10 13:15:49.247,1.41569,1.41594,1.13,2.63
2011.10.10 13:15:50.552,1.41569,1.41594,1.13,2.63
2011.10.10 13:15:51.535,1.41567,1.41594,2.25,1.88
2011.10.10 13:15:51.665,1.41564,1.41594,1.13,1.13
2011.10.10 13:15:52.176,1.41561,1.41593,1.09,2.63
2011.10.10 13:15:52.786,1.41566,1.41593,1.50,1.88
2011.10.10 13:15:53.398,1.41566,1.41593,2.25,1.88
2011.10.10 13:15:54.446,1.41561,1.41593,1.47,1.88
2011.10.10 13:15:54.711,1.41561,1.41593,1.84,1.88
2011.10.10 13:15:55.798,1.41574,1.41593,1.50,1.88
2011.10.10 13:15:56.048,1.41574,1.41603,1.50,1.88
2011.10.10 13:15:56.177,1.41574,1.41603,1.50,1.88
2011.10.10 13:15:56.779,1.41585,1.41604,1.50,1.88
2011.10.10 13:15:57.040,1.41585,1.41614,2.63,1.88
2011.10.10 13:15:57.289,1.41591,1.41615,1.13,1.13
2011.10.10 13:15:57.657,1.41594,1.41623,1.13,2.63
2011.10.10 13:15:57.786,1.41594,1.41623,1.13,2.63
2011.10.10 13:15:58.516,1.41594,1.41623,1.09,2.63
2011.10.10 13:15:58.941,1.41618,1.4163,1.84,1.50
2011.10.10 13:15:59.185,1.4162,1.41637,1.47,1.43
2011.10.10 13:15:59.321,1.41622,1.41654,1.09,2.63
2011.10.10 13:15:59.565,1.41618,1.41654,2.22,2.63
2011.10.10 13:16:00.062,1.41618,1.41654,2.22,2.63
2011.10.10 13:16:00.553,1.41624,1.41654,1.84,1.88
2011.10.10 13:16:00.916,1.41622,1.41654,1.09,1.88
2011.10.10 13:16:02.776,1.41622,1.4166,2.22,1.50
2011.10.10 13:16:03.266,1.41623,1.41661,1.09,1.50
2011.10.10 13:16:03.755,1.41627,1.41664,1.13,2.63
2011.10.10 13:16:03.885,1.41629,1.41664,1.50,1.88
2011.10.10 13:16:04.310,1.41624,1.41663,2.89,1.50
2011.10.10 13:16:04.903,1.41627,1.41663,1.13,1.50
2011.10.10 13:16:05.380,1.41624,1.41662,1.13,1.84
2011.10.10 13:16:05.509,1.41618,1.41656,2.18,1.50
2011.10.10 13:16:05.893,1.41622,1.4166,1.13,1.50
2011.10.10 13:16:06.017,1.41618,1.41633,1.80,1.50
2011.10.10 13:16:06.407,1.41616,1.41633,2.18,1.50
2011.10.10 13:16:06.783,1.41612,1.41647,1.09,1.50
2011.10.10 13:16:07.163,1.41612,1.41649,1.77,1.50
2011.10.10 13:16:07.525,1.41612,1.41649,1.13,1.84
2011.10.10 13:16:07.661,1.4161,1.41648,1.50,1.50
2011.10.10 13:16:08.036,1.41606,1.41635,1.13,1.50
2011.10.10 13:16:09.003,1.41606,1.41635,2.18,1.50
2011.10.10 13:16:09.243,1.41606,1.41635,2.18,1.50
2011.10.10 13:16:09.495,1.41618,1.41646,2.22,1.50
2011.10.10 13:16:09.628,1.41618,1.41646,2.22,1.50
2011.10.10 13:16:09.753,1.41619,1.41647,1.43,1.50
2011.10.10 13:16:10.364,1.41616,1.41647,1.09,1.50
2011.10.10 13:16:10.856,1.41622,1.41647,1.43,1.50
2011.10.10 13:16:11.225,1.41626,1.41647,1.43,1.50
2011.10.10 13:16:11.356,1.4163,1.41653,1.43,3.38
2011.10.10 13:16:11.606,1.41628,1.41653,1.77,3.38
2011.10.10 13:16:12.333,1.41628,1.41653,2.14,1.50
2011.10.10 13:16:12.608,1.41631,1.41653,1.43,1.50
2011.10.10 13:16:12.872,1.41628,1.4166,1.47,2.18
2011.10.10 13:16:13.363,1.41628,1.41664,1.84,1.13
2011.10.10 13:16:13.857,1.41628,1.41663,1.47,1.88
2011.10.10 13:16:13.993,1.41628,1.41652,1.13,1.09
2011.10.10 13:16:14.610,1.41597,1.41624,1.47,1.13
2011.10.10 13:16:14.744,1.41579,1.41609,1.09,1.43
2011.10.10 13:16:14.873,1.41577,1.4161,3.72,1.50
2011.10.10 13:16:15.009,1.41577,1.4161,1.88,1.50
2011.10.10 13:16:15.375,1.41573,1.41603,1.47,1.50
2011.10.10 13:16:16.128,1.41572,1.41605,1.09,1.50
2011.10.10 13:16:16.492,1.41577,1.41605,1.88,1.50
2011.10.10 13:16:16.854,1.41577,1.41599,1.88,1.50
2011.10.10 13:16:16.985,1.41577,1.41604,1.88,1.50
2011.10.10 13:16:17.349,1.41566,1.41602,1.88,1.50
2011.10.10 13:16:17.687,1.41577,1.41603,2.63,1.50
2011.10.10 13:16:17.822,1.41567,1.41599,1.13,1.50
2011.10.10 13:16:17.949,1.41567,1.41599,1.13,1.50
2011.10.10 13:16:18.784,1.41567,1.41591,1.88,1.50
2011.10.10 13:16:18.916,1.41567,1.41596,1.88,1.50
2011.10.10 13:16:19.047,1.41567,1.41589,1.88,1.50
2011.10.10 13:16:19.420,1.41567,1.41583,2.63,1.50
2011.10.10 13:16:19.554,1.41567,1.41576,1.88,1.50
2011.10.10 13:16:19.927,1.41556,1.41576,1.88,1.50
2011.10.10 13:16:20.605,1.41557,1.41576,1.88,1.50
2011.10.10 13:16:20.756,1.41555,1.41585,1.13,2.25
2011.10.10 13:16:20.892,1.41554,1.41585,1.09,2.25
2011.10.10 13:16:21.163,1.41554,1.41584,1.09,2.63
2011.10.10 13:16:21.825,1.41544,1.41583,1.20,2.63
2011.10.10 13:16:22.366,1.41552,1.41583,1.50,1.88
2011.10.10 13:16:22.503,1.41554,1.41583,1.50,1.88
2011.10.10 13:16:22.633,1.41554,1.41593,1.50,3.38
2011.10.10 13:16:23.244,1.41556,1.41593,1.50,3.38
2011.10.10 13:16:23.763,1.41559,1.41593,1.50,1.50
2011.10.10 13:16:24.374,1.41557,1.41593,2.63,1.50
2011.10.10 13:16:24.628,1.41559,1.41597,1.50,1.50
2011.10.10 13:16:24.755,1.41559,1.41599,1.50,1.50
2011.10.10 13:16:25.262,1.41559,1.41599,1.50,1.50
2011.10.10 13:16:25.384,1.41557,1.41599,4.13,1.50
2011.10.10 13:16:26.473,1.41559,1.41599,1.50,1.50
2011.10.10 13:16:26.838,1.41562,1.41603,1.50,2.63
2011.10.10 13:16:26.974,1.41568,1.41603,1.50,1.88
2011.10.10 13:16:27.102,1.41568,1.41609,1.50,1.50
2011.10.10 13:16:28.287,1.4157,1.41609,1.50,1.50
2011.10.10 13:16:28.659,1.41588,1.41613,1.50,1.88
2011.10.10 13:16:28.903,1.41588,1.41623,1.50,1.88
2011.10.10 13:16:29.814,1.41588,1.41624,3.00,1.50
2011.10.10 13:16:30.532,1.41588,1.41623,1.50,1.88
2011.10.10 13:16:30.652,1.41586,1.41623,2.63,1.50
2011.10.10 13:16:31.014,1.41579,1.41616,1.13,1.50
2011.10.10 13:16:31.376,1.41577,1.41615,1.50,1.13
2011.10.10 13:16:31.622,1.41576,1.41615,3.38,1.13
2011.10.10 13:16:32.207,1.41577,1.41613,2.63,1.88
2011.10.10 13:16:33.062,1.41576,1.41614,1.88,1.88
2011.10.10 13:16:33.526,1.41579,1.41615,1.50,1.13
2011.10.10 13:16:33.891,1.4158,1.41614,1.50,2.63
2011.10.10 13:16:34.135,1.41577,1.41613,1.88,1.88
2011.10.10 13:16:34.732,1.41582,1.41614,2.25,1.88
2011.10.10 13:16:36.034,1.41586,1.41622,2.63,1.50
2011.10.10 13:16:36.285,1.41586,1.41624,3.38,3.38
2011.10.10 13:16:36.894,1.41587,1.41623,1.13,1.88
2011.10.10 13:16:37.262,1.41587,1.41624,1.50,1.88
2011.10.10 13:16:37.503,1.41587,1.41624,1.50,1.88
2011.10.10 13:16:37.632,1.41587,1.41624,1.50,1.88
2011.10.10 13:16:38.193,1.41586,1.41624,3.38,1.88
2011.10.10 13:16:38.576,1.41588,1.41623,1.50,1.88
2011.10.10 13:16:38.956,1.41597,1.41623,1.13,1.88
2011.10.10 13:16:39.343,1.41609,1.41623,1.43,1.88
2011.10.10 13:16:39.469,1.41609,1.41633,2.18,1.88
2011.10.10 13:16:40.039,1.41612,1.41633,2.25,1.88
2011.10.10 13:16:40.411,1.41608,1.41643,1.50,1.88
2011.10.10 13:16:40.542,1.41605,1.41643,2.25,2.63
2011.10.10 13:16:40.794,1.41599,1.41634,1.50,1.47
2011.10.10 13:16:41.163,1.41596,1.41632,1.50,1.09
2011.10.10 13:16:41.283,1.41596,1.41632,1.13,1.47
2011.10.10 13:16:41.835,1.41594,1.41632,1.50,1.47
2011.10.10 13:16:42.449,1.41598,1.41623,1.50,1.88
2011.10.10 13:16:42.816,1.416,1.41634,1.50,2.22
2011.10.10 13:16:43.069,1.416,1.41634,1.50,2.22
2011.10.10 13:16:43.195,1.41599,1.41634,1.50,1.84
2011.10.10 13:16:43.963,1.41597,1.41633,1.88,2.22
2011.10.10 13:16:44.089,1.41599,1.41637,1.13,1.47
2011.10.10 13:16:44.220,1.416,1.41637,1.13,1.13
2011.10.10 13:16:44.346,1.41601,1.41637,1.13,1.13
2011.10.10 13:16:44.834,1.41604,1.41639,1.13,1.50
2011.10.10 13:16:47.562,1.41606,1.41644,1.13,4.13
2011.10.10 13:16:49.221,1.41606,1.41644,1.88,3.38
2011.10.10 13:16:49.667,1.41609,1.41643,1.09,1.13
2011.10.10 13:16:49.801,1.41612,1.41643,1.43,1.13
2011.10.10 13:16:50.286,1.41616,1.41651,1.88,1.50
2011.10.10 13:16:53.154,1.41612,1.41648,1.13,1.50
2011.10.10 13:16:53.407,1.41608,1.41644,2.52,1.50
2011.10.10 13:16:54.356,1.41608,1.41643,1.09,1.88
2011.10.10 13:16:55.343,1.41607,1.41643,3.34,1.88
2011.10.10 13:16:55.466,1.41607,1.41643,1.88,1.88
2011.10.10 13:16:55.597,1.41605,1.41643,1.88,1.50
2011.10.10 13:16:56.085,1.41605,1.41638,1.88,1.13
2011.10.10 13:16:57.606,1.41605,1.41641,1.50,1.13
2011.10.10 13:16:58.201,1.4161,1.41634,1.50,1.88
2011.10.10 13:16:59.457,1.41616,1.41643,1.50,2.63
2011.10.10 13:16:59.588,1.41612,1.41643,1.13,2.63
2011.10.10 13:16:59.718,1.41609,1.41644,1.50,2.63
2011.10.10 13:16:59.970,1.41606,1.41642,3.30,1.50
2011.10.10 13:17:00.097,1.41606,1.41642,1.13,1.50
2011.10.10 13:17:00.227,1.41606,1.41642,1.13,1.50
2011.10.10 13:17:00.356,1.416,1.41636,1.09,1.88
2011.10.10 13:17:00.646,1.41596,1.41626,1.88,1.13
2011.10.10 13:17:00.777,1.41592,1.41613,1.50,2.18
2011.10.10 13:17:01.154,1.41573,1.41605,1.09,1.88
2011.10.10 13:17:01.408,1.41558,1.41597,1.84,2.93
2011.10.10 13:17:01.774,1.41558,1.41583,1.50,2.63
2011.10.10 13:17:02.031,1.41543,1.4157,1.43,1.50
2011.10.10 13:17:02.157,1.41538,1.41575,2.52,2.25
2011.10.10 13:17:02.284,1.41547,1.41575,1.43,2.25
2011.10.10 13:17:02.416,1.41543,1.41575,1.43,2.25
2011.10.10 13:17:02.546,1.41547,1.41582,1.43,1.50
2011.10.10 13:17:03.121,1.41546,1.41579,2.18,1.50
2011.10.10 13:17:03.605,1.41544,1.41584,1.50,3.72
2011.10.10 13:17:03.854,1.4154,1.41579,1.84,1.50
2011.10.10 13:17:04.212,1.41543,1.41579,1.50,1.50
2011.10.10 13:17:04.814,1.4154,1.41579,1.84,1.50
2011.10.10 13:17:04.941,1.41541,1.41579,2.18,1.50
2011.10.10 13:17:06.061,1.41544,1.41584,2.25,4.39
2011.10.10 13:17:06.194,1.41546,1.41584,1.50,3.72
2011.10.10 13:17:06.614,1.41546,1.41584,1.50,3.72
2011.10.10 13:17:07.226,1.41548,1.41584,2.18,3.72
2011.10.10 13:17:07.596,1.41542,1.41578,1.20,1.50
2011.10.10 13:17:07.725,1.4154,1.41574,2.29,1.88
2011.10.10 13:17:07.855,1.41542,1.41574,1.43,1.88
2011.10.10 13:17:08.102,1.4154,1.41574,1.84,1.88
2011.10.10 13:17:08.696,1.41536,1.41574,1.22,2.63
2011.10.10 13:17:08.825,1.41534,1.41573,2.93,1.50
2011.10.10 13:17:09.416,1.41533,1.41573,1.50,1.50
2011.10.10 13:17:09.545,1.41534,1.41564,1.50,1.88
2011.10.10 13:17:11.118,1.41538,1.41564,1.50,1.88
2011.10.10 13:17:12.451,1.41535,1.41564,1.50,1.88
2011.10.10 13:17:13.503,1.41535,1.41564,1.50,1.88
2011.10.10 13:17:14.096,1.41539,1.41573,1.88,1.88
2011.10.10 13:17:14.223,1.41539,1.41573,2.63,1.88
2011.10.10 13:17:14.703,1.41539,1.41573,1.84,1.88
2011.10.10 13:17:15.958,1.41541,1.41574,1.50,1.50
2011.10.10 13:17:16.211,1.41539,1.41573,1.09,1.88
2011.10.10 13:17:16.730,1.41539,1.41574,1.09,1.50
2011.10.10 13:17:17.217,1.41537,1.41572,1.09,1.50
2011.10.10 13:17:20.763,1.41533,1.41572,1.50,1.50
2011.10.10 13:17:21.019,1.41535,1.41572,2.18,1.50
2011.10.10 13:17:21.383,1.41532,1.41572,3.00,1.50
2011.10.10 13:17:21.767,1.41532,1.41571,2.25,1.50
2011.10.10 13:17:24.315,1.41533,1.41564,1.50,1.88
2011.10.10 13:17:25.603,1.41531,1.41564,1.09,1.88
2011.10.10 13:17:26.181,1.4153,1.41564,1.09,2.63
2011.10.10 13:17:26.491,1.4153,1.41563,1.09,1.50
2011.10.10 13:17:27.012,1.4153,1.4156,1.09,1.50
2011.10.10 13:17:28.761,1.41531,1.4156,1.84,1.50
2011.10.10 13:17:28.883,1.41531,1.41564,1.84,2.63
2011.10.10 13:17:29.493,1.41533,1.41564,1.50,1.88
2011.10.10 13:17:30.284,1.41534,1.41564,1.50,1.88
2011.10.10 13:17:31.744,1.41534,1.41564,1.50,1.88
2011.10.10 13:17:32.761,1.41534,1.41564,1.50,1.88
2011.10.10 13:17:33.543,1.41531,1.41564,1.09,1.88
2011.10.10 13:17:34.260,1.41533,1.41564,2.25,1.88
2011.10.10 13:17:34.862,1.41534,1.41564,1.50,1.88
2011.10.10 13:17:35.462,1.41534,1.41564,1.50,1.88
2011.10.10 13:17:36.703,1.41534,1.41571,2.25,1.50
2011.10.10 13:17:37.303,1.41534,1.41563,2.25,1.50
2011.10.10 13:17:40.764,1.41534,1.41563,1.50,1.88
2011.10.10 13:17:41.364,1.41532,1.41563,2.25,1.88
2011.10.10 13:17:41.859,1.41534,1.41563,1.50,1.88
2011.10.10 13:17:42.585,1.41531,1.41563,1.50,1.88
2011.10.10 13:17:42.952,1.41528,1.41563,1.50,1.88
2011.10.10 13:17:43.556,1.41531,1.41563,1.50,1.88
2011.10.10 13:17:44.146,1.41529,1.41563,1.84,1.88
2011.10.10 13:17:44.716,1.41533,1.41563,1.50,1.88
2011.10.10 13:17:45.329,1.41539,1.41563,1.43,1.88
2011.10.10 13:17:45.583,1.41539,1.41572,1.43,1.50
2011.10.10 13:17:46.054,1.41539,1.41572,2.18,1.50
2011.10.10 13:17:46.291,1.41539,1.41572,1.43,1.50
2011.10.10 13:17:46.607,1.41539,1.41572,2.18,1.50
2011.10.10 13:17:46.742,1.41541,1.41574,1.09,1.50
2011.10.10 13:17:48.062,1.41539,1.41574,2.89,1.50
2011.10.10 13:17:48.613,1.41541,1.41574,1.09,1.50
2011.10.10 13:17:49.190,1.41541,1.41574,1.09,1.50
2011.10.10 13:17:49.862,1.41541,1.41574,2.52,2.25
2011.10.10 13:17:50.444,1.41537,1.41572,2.14,1.50
2011.10.10 13:17:52.333,1.41542,1.41572,1.43,1.50
2011.10.10 13:17:54.203,1.41542,1.41572,2.55,1.50
2011.10.10 13:17:55.103,1.41542,1.41572,1.80,1.50
2011.10.10 13:17:56.361,1.41539,1.41579,1.09,1.50
2011.10.10 13:17:56.481,1.41538,1.41579,1.09,2.18
2011.10.10 13:17:56.841,1.41538,1.41566,1.09,1.50
2011.10.10 13:17:57.383,1.41536,1.41572,1.09,1.50
2011.10.10 13:17:57.525,1.41531,1.41571,1.50,1.50
2011.10.10 13:17:57.654,1.41528,1.41566,1.50,1.50
2011.10.10 13:17:58.257,1.41527,1.41564,1.09,1.88
2011.10.10 13:17:58.386,1.41527,1.41564,1.84,2.63
2011.10.10 13:17:58.516,1.41527,1.41564,1.09,2.63
2011.10.10 13:17:58.996,1.41526,1.41563,1.09,1.50
2011.10.10 13:18:00.488,1.4152,1.41552,3.27,1.50
2011.10.10 13:18:01.035,1.4152,1.41552,1.43,1.50
2011.10.10 13:18:01.634,1.41516,1.41552,2.22,1.50
2011.10.10 13:18:02.129,1.41513,1.41551,2.52,1.50
2011.10.10 13:18:02.258,1.41513,1.4155,2.18,1.09
2011.10.10 13:18:02.393,1.41509,1.41546,2.18,1.50
2011.10.10 13:18:02.518,1.41507,1.41546,2.25,1.50
2011.10.10 13:18:03.248,1.41507,1.41543,1.50,2.63
2011.10.10 13:18:03.614,1.41512,1.41543,2.18,2.63
2011.10.10 13:18:03.866,1.41521,1.41554,1.09,1.13
2011.10.10 13:18:03.996,1.41526,1.41557,1.43,1.50
2011.10.10 13:18:04.249,1.41526,1.41562,1.43,1.50
2011.10.10 13:18:04.616,1.41523,1.41562,1.50,1.50
2011.10.10 13:18:05.119,1.41519,1.41554,1.09,1.13
2011.10.10 13:18:06.535,1.41521,1.41555,1.09,1.50
2011.10.10 13:18:06.664,1.41523,1.41557,1.80,1.50
2011.10.10 13:18:06.796,1.41524,1.41562,1.13,1.50
2011.10.10 13:18:07.047,1.4153,1.41562,1.43,1.50
2011.10.10 13:18:07.173,1.4153,1.41562,1.43,1.50
2011.10.10 13:18:08.262,1.41524,1.41562,1.47,1.50
2011.10.10 13:18:08.383,1.41524,1.41562,1.47,1.50
2011.10.10 13:18:08.515,1.41523,1.41562,2.18,1.50
2011.10.10 13:18:08.892,1.4153,1.41562,1.77,1.50
2011.10.10 13:18:09.254,1.4153,1.41562,1.09,1.50
2011.10.10 13:18:09.916,1.4153,1.41561,1.09,1.50
2011.10.10 13:18:10.531,1.41527,1.41561,4.09,1.50
2011.10.10 13:18:11.021,1.41527,1.41564,4.84,1.50
2011.10.10 13:18:11.274,1.41527,1.41563,4.02,1.13
2011.10.10 13:18:11.415,1.41533,1.41569,2.52,1.50
2011.10.10 13:18:11.868,1.41534,1.41572,1.09,1.50
2011.10.10 13:18:12.005,1.41535,1.41572,2.22,1.50
2011.10.10 13:18:12.482,1.41539,1.41574,1.09,1.88
2011.10.10 13:18:13.283,1.41539,1.41575,1.09,1.50
2011.10.10 13:18:13.882,1.41539,1.41576,1.09,1.50
2011.10.10 13:18:14.248,1.41548,1.41581,1.50,1.50
2011.10.10 13:18:14.714,1.41561,1.41583,1.09,3.30
2011.10.10 13:18:14.962,1.41568,1.41593,1.50,1.88
2011.10.10 13:18:15.913,1.41575,1.41593,1.50,1.88
2011.10.10 13:18:16.284,1.41586,1.41603,1.50,1.88
2011.10.10 13:18:17.124,1.41582,1.41613,1.50,1.88
2011.10.10 13:18:17.255,1.41571,1.41613,1.50,1.88
2011.10.10 13:18:17.501,1.41568,1.41613,1.50,2.63
2011.10.10 13:18:17.866,1.41567,1.41608,3.85,1.50
2011.10.10 13:18:18.393,1.41569,1.41613,1.43,3.38
2011.10.10 13:18:18.524,1.41574,1.41613,1.50,2.63
2011.10.10 13:18:19.776,1.41569,1.41613,1.43,3.38
2011.10.10 13:18:19.902,1.41568,1.41611,1.50,1.50
2011.10.10 13:18:20.365,1.4157,1.41613,1.50,2.63
2011.10.10 13:18:20.491,1.41573,1.41613,1.50,2.63
2011.10.10 13:18:20.833,1.41568,1.41613,1.50,2.63
2011.10.10 13:18:20.954,1.41567,1.41608,3.10,1.50
2011.10.10 13:18:22.331,1.41568,1.41613,2.25,2.63
2011.10.10 13:18:22.456,1.41574,1.41613,1.50,1.88
2011.10.10 13:18:22.824,1.41579,1.41613,1.50,1.88
2011.10.10 13:18:23.436,1.41581,1.41614,1.50,1.50
2011.10.10 13:18:23.565,1.41581,1.41621,1.50,2.25
2011.10.10 13:18:24.084,1.41581,1.41621,1.50,1.50
2011.10.10 13:18:24.336,1.41586,1.41624,2.25,1.88
2011.10.10 13:18:28.405,1.41578,1.4162,1.50,1.50
2011.10.10 13:18:29.002,1.41578,1.41617,1.50,1.50
2011.10.10 13:18:29.546,1.41581,1.4162,1.50,1.50
2011.10.10 13:18:30.151,1.41581,1.4162,1.50,1.50
2011.10.10 13:18:30.756,1.4158,1.41619,1.43,1.43
2011.10.10 13:18:30.887,1.41576,1.41613,1.88,1.50
2011.10.10 13:18:31.491,1.41576,1.41618,2.63,1.50
2011.10.10 13:18:31.615,1.41579,1.41619,1.50,1.50
2011.10.10 13:18:31.983,1.41579,1.41614,1.50,1.88
2011.10.10 13:18:32.791,1.41579,1.41618,1.50,1.13
2011.10.10 13:18:33.365,1.4158,1.41614,1.50,1.88
2011.10.10 13:18:33.733,1.41588,1.41614,1.43,1.88
2011.10.10 13:18:33.986,1.41587,1.41623,2.25,1.50
2011.10.10 13:18:34.125,1.41593,1.41624,1.43,2.63
2011.10.10 13:18:34.508,1.41599,1.41629,1.09,1.50
2011.10.10 13:18:35.055,1.41599,1.41623,1.77,1.88
2011.10.10 13:18:37.496,1.41601,1.41629,1.84,1.50
2011.10.10 13:18:37.864,1.4161,1.41631,1.43,1.50
2011.10.10 13:18:37.995,1.4161,1.41637,1.43,1.50
2011.10.10 13:18:38.472,1.41607,1.41641,1.77,1.50
2011.10.10 13:18:38.600,1.41605,1.41642,2.52,1.50
2011.10.10 13:18:39.015,1.41605,1.41641,2.52,1.50
2011.10.10 13:18:39.906,1.41609,1.41637,1.43,1.50
2011.10.10 13:18:41.096,1.41611,1.41635,1.43,1.50
2011.10.10 13:18:41.466,1.41598,1.41635,1.09,1.50
2011.10.10 13:18:41.834,1.41598,1.41634,2.52,2.63
2011.10.10 13:18:42.085,1.41598,1.41634,2.52,1.13
2011.10.10 13:18:42.222,1.41608,1.41634,1.43,1.13
2011.10.10 13:18:42.964,1.4161,1.41635,1.43,1.13
2011.10.10 13:18:43.451,1.41605,1.41635,1.43,1.13
2011.10.10 13:18:44.913,1.41606,1.41635,1.43,1.13
2011.10.10 13:18:45.274,1.416,1.41635,2.93,1.13
2011.10.10 13:18:46.339,1.41605,1.41635,1.43,1.13
2011.10.10 13:18:46.683,1.41603,1.41635,2.18,1.13
2011.10.10 13:18:47.847,1.41604,1.41635,1.43,1.13
2011.10.10 13:18:49.184,1.41603,1.41635,1.43,1.13
2011.10.10 13:18:49.657,1.41598,1.41634,1.50,1.13
2011.10.10 13:18:50.016,1.41596,1.41633,1.50,1.50
2011.10.10 13:18:50.632,1.41596,1.41635,2.25,1.50
2011.10.10 13:18:50.759,1.41596,1.41634,2.25,2.63
2011.10.10 13:18:51.010,1.41599,1.41636,1.50,1.50
2011.10.10 13:18:51.136,1.41599,1.41635,1.50,1.13
2011.10.10 13:18:51.513,1.41593,1.41632,2.59,1.50
2011.10.10 13:18:53.953,1.41598,1.41633,1.50,1.88
2011.10.10 13:18:54.084,1.41598,1.41633,1.50,1.88
2011.10.10 13:18:54.790,1.41605,1.41633,2.18,1.88
2011.10.10 13:18:54.917,1.41605,1.41637,2.18,1.50
2011.10.10 13:18:55.047,1.416,1.41636,3.02,1.13
2011.10.10 13:18:55.175,1.41605,1.41637,2.18,1.50
2011.10.10 13:18:55.307,1.41605,1.41633,2.18,1.50
2011.10.10 13:18:55.560,1.41606,1.41636,2.18,1.13
2011.10.10 13:18:56.153,1.41608,1.41636,1.43,1.13
2011.10.10 13:18:58.453,1.41605,1.41634,2.18,1.88
2011.10.10 13:18:58.586,1.41608,1.41634,1.43,1.88
2011.10.10 13:19:01.537,1.416,1.41634,1.60,1.88
2011.10.10 13:19:01.789,1.41595,1.41631,1.20,1.50
2011.10.10 13:19:01.916,1.41593,1.41629,1.54,1.50
2011.10.10 13:19:02.046,1.41593,1.41629,1.09,1.50
2011.10.10 13:19:02.716,1.41592,1.41625,1.09,1.50
2011.10.10 13:19:05.161,1.41593,1.41625,1.09,1.50
2011.10.10 13:19:06.651,1.41593,1.41625,1.09,1.50
2011.10.10 13:19:07.240,1.41593,1.41624,1.09,1.13
2011.10.10 13:19:11.040,1.41593,1.41624,1.09,1.13
2011.10.10 13:19:13.672,1.41586,1.41625,3.68,1.50
2011.10.10 13:19:14.170,1.41585,1.41619,1.50,1.50
2011.10.10 13:19:14.308,1.41584,1.41619,2.27,1.50
2011.10.10 13:19:15.731,1.41586,1.41619,1.84,1.50
2011.10.10 13:19:16.438,1.41592,1.41627,1.09,1.43
2011.10.10 13:19:16.569,1.41592,1.41631,1.09,1.50
2011.10.10 13:19:17.164,1.41592,1.41634,1.47,1.13
2011.10.10 13:19:17.293,1.41592,1.41636,1.47,1.13
2011.10.10 13:19:18.026,1.41591,1.41631,2.22,1.50
2011.10.10 13:19:19.553,1.41595,1.41635,1.50,1.13
2011.10.10 13:19:20.616,1.41595,1.41636,1.50,1.88
2011.10.10 13:19:20.746,1.41599,1.41639,1.50,1.50
2011.10.10 13:19:21.204,1.41594,1.41634,1.50,3.38
2011.10.10 13:19:21.576,1.41594,1.41633,1.50,1.50
2011.10.10 13:19:21.820,1.41594,1.41634,1.50,3.38
2011.10.10 13:19:22.761,1.41594,1.41633,1.50,1.50
2011.10.10 13:19:23.123,1.41589,1.41629,1.94,1.50
2011.10.10 13:19:23.823,1.41589,1.41629,1.60,2.25
2011.10.10 13:19:23.949,1.41589,1.41627,1.60,1.50
2011.10.10 13:19:24.316,1.41581,1.41618,2.18,1.50
2011.10.10 13:19:24.452,1.41576,1.41615,1.88,1.50
2011.10.10 13:19:25.055,1.41576,1.41615,1.13,1.50
2011.10.10 13:19:25.432,1.41576,1.41615,1.13,1.50
2011.10.10 13:19:29.347,1.41576,1.41615,1.13,1.50
2011.10.10 13:19:34.076,1.41575,1.41614,1.50,1.13
2011.10.10 13:19:34.324,1.41583,1.41623,1.50,2.63
2011.10.10 13:19:38.456,1.41578,1.41614,1.50,1.13
2011.10.10 13:19:38.893,1.41578,1.41613,1.50,1.13
2011.10.10 13:19:39.855,1.41578,1.41614,1.50,2.63
2011.10.10 13:19:40.906,1.41578,1.41614,1.50,2.63
2011.10.10 13:19:42.090,1.41571,1.4161,1.50,1.50
2011.10.10 13:19:44.287,1.41571,1.4161,1.50,1.50
2011.10.10 13:19:44.981,1.41576,1.41614,1.50,2.63
2011.10.10 13:19:45.530,1.41576,1.41614,1.50,2.63
2011.10.10 13:19:46.560,1.41576,1.41614,1.50,2.63
2011.10.10 13:19:46.791,1.41571,1.41609,1.50,1.50
2011.10.10 13:19:48.006,1.41565,1.41593,1.09,1.43
2011.10.10 13:19:48.145,1.41568,1.41606,1.09,1.50
2011.10.10 13:19:48.403,1.41568,1.41604,1.50,2.25
2011.10.10 13:19:48.765,1.41572,1.41604,1.50,2.63
2011.10.10 13:19:48.903,1.4156,1.41599,1.50,1.09
2011.10.10 13:19:50.383,1.41551,1.41591,1.09,1.50
2011.10.10 13:19:51.319,1.41545,1.41578,1.13,2.18
2011.10.10 13:19:51.446,1.41544,1.41578,1.50,2.18
2011.10.10 13:19:51.573,1.41538,1.41573,1.97,2.18
2011.10.10 13:19:51.948,1.41541,1.41584,1.50,3.30
2011.10.10 13:19:52.192,1.41543,1.41584,1.50,2.63
2011.10.10 13:19:52.853,1.41541,1.41582,1.50,1.50
2011.10.10 13:19:52.987,1.41539,1.41578,1.50,1.50
2011.10.10 13:19:53.297,1.41544,1.41584,1.50,3.38
2011.10.10 13:19:56.850,1.41546,1.41584,1.50,3.38
2011.10.10 13:19:57.326,1.4155,1.41584,1.50,1.88
2011.10.10 13:19:58.252,1.41551,1.41584,1.50,1.88
2011.10.10 13:19:58.600,1.41555,1.41584,1.50,1.88
2011.10.10 13:20:00.290,1.41555,1.41593,1.50,2.63
2011.10.10 13:20:00.422,1.41552,1.4159,2.18,1.50
2011.10.10 13:20:00.668,1.41549,1.41585,1.43,1.50
2011.10.10 13:20:00.803,1.41546,1.41585,1.13,1.50
2011.10.10 13:20:01.176,1.41543,1.41585,1.50,1.50
2011.10.10 13:20:01.548,1.41545,1.41591,2.72,2.18
2011.10.10 13:20:02.024,1.41551,1.41591,1.50,1.50
2011.10.10 13:20:02.774,1.41553,1.41591,1.50,1.50
2011.10.10 13:20:03.120,1.41553,1.41591,1.50,1.50
2011.10.10 13:20:03.814,1.41558,1.41598,1.50,1.50
2011.10.10 13:20:07.676,1.41558,1.41598,2.25,1.50
2011.10.10 13:20:10.363,1.41558,1.41598,2.25,1.50
2011.10.10 13:20:11.284,1.41556,1.41598,1.50,1.50
2011.10.10 13:20:11.732,1.41551,1.4159,1.50,1.43
2011.10.10 13:20:11.864,1.41547,1.41584,1.50,1.50
2011.10.10 13:20:12.465,1.41547,1.41584,2.25,1.50
2011.10.10 13:20:12.600,1.41552,1.41588,1.50,1.50
2011.10.10 13:20:12.727,1.41552,1.41591,1.50,1.50
2011.10.10 13:20:13.331,1.4155,1.41591,1.50,1.50
2011.10.10 13:20:16.908,1.41547,1.41583,1.50,1.50
2011.10.10 13:20:17.156,1.41543,1.4158,1.50,1.50
2011.10.10 13:20:17.326,1.41542,1.41577,1.50,1.50
2011.10.10 13:20:17.710,1.41547,1.41583,1.13,2.18
2011.10.10 13:20:17.959,1.41544,1.41583,1.50,1.50
2011.10.10 13:20:18.850,1.41544,1.41583,1.50,1.50
2011.10.10 13:20:19.337,1.41535,1.4157,1.13,1.50
2011.10.10 13:20:19.471,1.41531,1.4157,1.50,1.50
2011.10.10 13:20:19.597,1.41528,1.41561,1.20,1.50
2011.10.10 13:20:19.845,1.41527,1.41561,1.88,1.50
2011.10.10 13:20:20.353,1.41532,1.41561,1.50,1.50
2011.10.10 13:20:20.728,1.41538,1.41567,2.25,1.43
2011.10.10 13:20:20.861,1.41538,1.41567,1.50,1.43
2011.10.10 13:20:20.989,1.41535,1.41572,1.50,1.43
2011.10.10 13:20:21.120,1.41538,1.41578,1.50,1.50
2011.10.10 13:20:22.994,1.41538,1.41574,1.50,1.88
2011.10.10 13:20:23.591,1.41538,1.41573,1.50,1.88
2011.10.10 13:20:25.412,1.41533,1.41572,1.50,1.50
2011.10.10 13:20:26.123,1.41526,1.41566,1.50,1.50
2011.10.10 13:20:26.390,1.41527,1.41563,2.25,1.50
2011.10.10 13:20:26.524,1.41527,1.41566,2.25,1.50
2011.10.10 13:20:26.937,1.41527,1.41566,1.50,1.50
2011.10.10 13:20:27.186,1.41527,1.41566,1.50,1.50
2011.10.10 13:20:27.557,1.41532,1.41566,1.50,1.50
2011.10.10 13:20:27.687,1.41533,1.41572,2.25,1.50
2011.10.10 13:20:27.938,1.41533,1.41572,2.25,1.50
2011.10.10 13:20:30.104,1.41532,1.41572,1.50,1.50
2011.10.10 13:20:33.312,1.41533,1.41572,1.50,1.50
2011.10.10 13:20:34.536,1.41528,1.41565,1.50,1.50
2011.10.10 13:20:34.787,1.41534,1.41572,2.25,1.50
2011.10.10 13:20:34.918,1.41534,1.41573,2.25,1.50
2011.10.10 13:20:35.467,1.41542,1.4158,1.13,2.93
2011.10.10 13:20:35.609,1.41549,1.41585,1.50,1.13
2011.10.10 13:20:36.214,1.41549,1.41584,1.50,1.88
2011.10.10 13:20:36.814,1.41551,1.41585,1.43,1.50
2011.10.10 13:20:37.413,1.4155,1.41585,1.43,1.50
2011.10.10 13:20:38.653,1.41551,1.41585,1.43,1.50
2011.10.10 13:20:38.785,1.41547,1.41585,2.18,1.50
2011.10.10 13:20:39.144,1.41549,1.41588,1.50,2.25
2011.10.10 13:20:40.702,1.41555,1.41588,1.43,1.50
2011.10.10 13:20:42.647,1.41557,1.41588,4.50,1.50
2011.10.10 13:20:42.790,1.41559,1.41594,1.77,1.50
2011.10.10 13:20:42.913,1.41557,1.41591,1.84,1.50
2011.10.10 13:20:43.044,1.41552,1.41591,2.25,1.50
2011.10.10 13:20:43.535,1.41552,1.41591,1.50,1.50
2011.10.10 13:20:44.020,1.41552,1.41591,1.50,1.50
2011.10.10 13:20:45.382,1.4155,1.41587,1.09,1.50
2011.10.10 13:20:48.535,1.41557,1.41587,1.43,1.50
2011.10.10 13:20:48.665,1.41557,1.41594,1.77,3.38
2011.10.10 13:20:48.797,1.41561,1.41594,1.50,2.63
2011.10.10 13:20:49.139,1.41562,1.41601,1.50,1.50
2011.10.10 13:20:49.733,1.41563,1.41602,1.50,1.09
2011.10.10 13:20:50.083,1.41566,1.41602,2.93,1.09
2011.10.10 13:20:50.431,1.41568,1.41603,1.50,2.22
2011.10.10 13:20:51.021,1.41568,1.41603,1.50,1.88
2011.10.10 13:20:52.160,1.41568,1.41603,1.50,2.63
2011.10.10 13:20:52.282,1.41568,1.41603,1.50,2.63
2011.10.10 13:20:52.403,1.41573,1.41603,1.50,2.63
2011.10.10 13:20:52.536,1.41576,1.41613,1.50,3.72
2011.10.10 13:20:52.980,1.41576,1.41612,2.59,1.50
2011.10.10 13:20:53.356,1.41582,1.41618,1.09,1.50
2011.10.10 13:20:53.484,1.41582,1.41618,1.09,1.50
2011.10.10 13:20:53.956,1.41586,1.41622,1.50,2.18
2011.10.10 13:20:54.087,1.41586,1.41622,1.50,2.18
2011.10.10 13:20:54.224,1.41591,1.41624,1.50,2.25
2011.10.10 13:20:54.597,1.41591,1.41627,1.50,1.09
2011.10.10 13:20:55.310,1.41591,1.41627,1.50,1.09
2011.10.10 13:20:55.439,1.41587,1.41624,1.13,1.50
2011.10.10 13:20:55.565,1.41587,1.4162,1.13,1.50
2011.10.10 13:20:55.698,1.41582,1.41618,1.13,1.84
2011.10.10 13:20:55.832,1.41585,1.41624,1.50,2.63
2011.10.10 13:20:56.074,1.41585,1.41623,1.50,2.63
2011.10.10 13:20:56.323,1.41586,1.41623,1.43,2.63
2011.10.10 13:20:56.813,1.41592,1.41623,1.50,2.97
2011.10.10 13:20:57.856,1.41586,1.41623,1.50,2.97
2011.10.10 13:20:58.948,1.41586,1.41623,1.50,2.97
2011.10.10 13:20:59.315,1.41586,1.41614,1.50,1.88
2011.10.10 13:20:59.925,1.41586,1.41613,1.50,1.88
2011.10.10 13:21:00.056,1.41586,1.41614,1.50,1.88
2011.10.10 13:21:00.519,1.41586,1.41613,1.50,1.88
2011.10.10 13:21:01.618,1.41586,1.41614,1.50,1.88
2011.10.10 13:21:01.869,1.41586,1.41614,1.50,2.63
2011.10.10 13:21:02.235,1.4158,1.41613,1.50,2.63
2011.10.10 13:21:02.364,1.41578,1.41613,1.50,2.63
2011.10.10 13:21:02.786,1.41578,1.41613,1.50,2.63
2011.10.10 13:21:02.915,1.41578,1.41613,1.50,2.63
2011.10.10 13:21:05.400,1.41578,1.41613,1.50,2.63
2011.10.10 13:21:06.063,1.41578,1.41613,1.50,2.63
2011.10.10 13:21:06.774,1.41578,1.41609,1.50,1.13
2011.10.10 13:21:07.382,1.41576,1.41614,1.50,2.63
2011.10.10 13:21:07.502,1.41577,1.41614,1.50,1.88
2011.10.10 13:21:08.092,1.41577,1.41614,1.50,1.88
2011.10.10 13:21:13.823,1.41583,1.41622,1.50,1.88
2011.10.10 13:21:14.072,1.41583,1.41623,1.50,2.63
2011.10.10 13:21:15.625,1.41577,1.41619,1.50,1.50
2011.10.10 13:21:16.109,1.41577,1.4162,2.18,1.50
2011.10.10 13:21:16.473,1.4159,1.41623,1.50,2.63
2011.10.10 13:21:18.050,1.41591,1.41623,1.50,1.88
2011.10.10 13:21:18.416,1.41596,1.41629,1.50,1.09
2011.10.10 13:21:18.548,1.41601,1.41629,1.50,1.09
2011.10.10 13:21:20.523,1.41601,1.41632,1.50,1.47
2011.10.10 13:21:21.589,1.41601,1.41634,1.50,1.13
2011.10.10 13:21:22.192,1.41601,1.41636,1.50,2.18
2011.10.10 13:21:22.541,1.41601,1.41633,1.50,1.13
2011.10.10 13:21:23.011,1.41594,1.41633,1.50,1.88
2011.10.10 13:21:23.380,1.41594,1.41632,1.50,1.50
2011.10.10 13:21:23.507,1.41594,1.41632,1.50,1.50
2011.10.10 13:21:23.819,1.41594,1.41624,1.50,1.88
2011.10.10 13:21:24.188,1.4159,1.41624,1.50,2.59
2011.10.10 13:21:24.319,1.41583,1.41619,1.43,1.13
2011.10.10 13:21:24.689,1.41583,1.41612,1.43,1.84
2011.10.10 13:21:24.817,1.41583,1.4161,1.43,1.50
2011.10.10 13:21:24.948,1.4158,1.4161,1.43,2.25
2011.10.10 13:21:25.079,1.41565,1.4161,1.84,3.00
2011.10.10 13:21:25.208,1.41565,1.41608,1.54,1.43
2011.10.10 13:21:25.457,1.41565,1.41601,1.09,1.50
2011.10.10 13:21:25.693,1.41565,1.41596,1.09,1.50
2011.10.10 13:21:26.367,1.41566,1.41596,1.84,1.50
2011.10.10 13:21:26.498,1.41566,1.41603,1.09,1.50
2011.10.10 13:21:26.745,1.41562,1.416,1.50,1.09
2011.10.10 13:21:26.876,1.41562,1.41598,1.50,1.88
2011.10.10 13:21:27.246,1.41562,1.41598,1.50,1.13
2011.10.10 13:21:27.602,1.41562,1.41593,1.50,1.50
2011.10.10 13:21:27.964,1.41563,1.41593,1.50,1.50
2011.10.10 13:21:28.845,1.41564,1.41599,1.50,1.50
2011.10.10 13:21:29.804,1.41567,1.41603,1.50,1.50
2011.10.10 13:21:29.937,1.41569,1.41603,1.50,1.13
2011.10.10 13:21:30.309,1.41569,1.41605,1.50,1.50
2011.10.10 13:21:32.055,1.41573,1.41609,1.50,1.47
2011.10.10 13:21:32.306,1.41573,1.41611,1.09,2.25
2011.10.10 13:21:32.434,1.41574,1.41611,1.09,1.50
2011.10.10 13:21:33.018,1.41576,1.41611,1.50,1.50
2011.10.10 13:21:36.525,1.41574,1.4161,1.09,1.13
2011.10.10 13:21:38.155,1.41574,1.41605,1.09,1.50
2011.10.10 13:21:38.526,1.41568,1.41597,2.18,1.50
2011.10.10 13:21:38.860,1.41564,1.41597,2.18,2.18
2011.10.10 13:21:38.999,1.41557,1.41584,1.95,1.50
2011.10.10 13:21:39.127,1.41557,1.41584,1.20,1.54
2011.10.10 13:21:39.255,1.41542,1.41578,1.20,1.50
2011.10.10 13:21:39.382,1.4154,1.41578,1.50,1.50
2011.10.10 13:21:39.501,1.4154,1.41576,1.50,1.50
2011.10.10 13:21:39.867,1.4154,1.41578,1.50,1.54
2011.10.10 13:21:42.074,1.4154,1.41578,1.50,1.54
2011.10.10 13:21:43.311,1.41533,1.41572,2.25,1.50
2011.10.10 13:21:43.541,1.41533,1.41572,1.50,1.50
2011.10.10 13:21:43.891,1.41529,1.41566,1.50,1.50
2011.10.10 13:21:44.852,1.41529,1.41566,1.50,1.50
2011.10.10 13:21:45.493,1.41531,1.41566,1.50,1.50
2011.10.10 13:21:46.084,1.4153,1.41571,1.50,1.50
2011.10.10 13:21:46.217,1.41532,1.41571,1.50,1.54
2011.10.10 13:21:46.345,1.41532,1.41571,1.50,1.54
2011.10.10 13:21:46.721,1.41532,1.41571,1.50,1.54
2011.10.10 13:21:47.207,1.41532,1.41571,1.50,1.54
2011.10.10 13:21:47.336,1.41532,1.41571,1.50,1.54
2011.10.10 13:21:51.684,1.41529,1.41565,1.50,1.50
2011.10.10 13:21:51.921,1.41525,1.41565,2.25,1.50
2011.10.10 13:21:53.568,1.41525,1.41566,3.00,1.50
2011.10.10 13:21:53.936,1.41524,1.41563,1.50,1.88
2011.10.10 13:21:55.516,1.41517,1.41557,1.50,1.50
2011.10.10 13:21:56.125,1.41517,1.41557,1.50,1.50
2011.10.10 13:21:56.381,1.41523,1.41557,1.50,1.50
2011.10.10 13:21:56.747,1.41519,1.41559,1.50,1.50
2011.10.10 13:21:57.234,1.41512,1.41552,1.50,1.50
2011.10.10 13:21:58.006,1.41514,1.41552,1.13,1.50
2011.10.10 13:21:58.134,1.4152,1.41558,1.50,1.50
2011.10.10 13:21:58.744,1.41518,1.41558,1.50,2.29
2011.10.10 13:21:58.874,1.41512,1.41556,1.43,1.54
2011.10.10 13:21:59.127,1.41511,1.41553,1.50,1.50
2011.10.10 13:22:00.574,1.41518,1.41558,1.50,1.50
2011.10.10 13:22:03.523,1.41518,1.41554,1.50,1.88
2011.10.10 13:22:03.880,1.41512,1.41552,1.50,1.50
2011.10.10 13:22:04.592,1.41518,1.41557,1.50,1.13
2011.10.10 13:22:05.202,1.41518,1.41554,1.50,1.88
2011.10.10 13:22:05.794,1.41518,1.4156,1.50,1.50
2011.10.10 13:22:06.623,1.41518,1.41554,1.50,1.50
2011.10.10 13:22:07.202,1.41518,1.41553,1.50,1.88
2011.10.10 13:22:08.920,1.41518,1.4156,1.50,1.50
2011.10.10 13:22:09.151,1.41518,1.41554,1.50,1.50
2011.10.10 13:22:10.791,1.41518,1.4156,1.50,1.50
2011.10.10 13:22:13.022,1.41523,1.41563,1.50,2.63
2011.10.10 13:22:13.143,1.41525,1.41563,1.50,1.88
2011.10.10 13:22:13.864,1.41519,1.41559,2.25,1.50
2011.10.10 13:22:18.027,1.4152,1.41559,1.50,1.50
2011.10.10 13:22:18.155,1.41525,1.41563,1.50,1.88
2011.10.10 13:22:18.934,1.41526,1.41563,1.50,1.88
2011.10.10 13:22:19.062,1.41531,1.41563,1.50,1.88
2011.10.10 13:22:19.923,1.41532,1.41568,1.50,1.50
2011.10.10 13:22:20.165,1.41528,1.41566,1.50,1.50
2011.10.10 13:22:20.523,1.41528,1.41566,1.50,1.50
2011.10.10 13:22:21.878,1.41528,1.41566,1.50,1.50
2011.10.10 13:22:22.129,1.41528,1.41566,1.50,1.50
2011.10.10 13:22:23.943,1.41531,1.41566,1.09,2.25
2011.10.10 13:22:24.072,1.41545,1.41566,1.09,1.50
2011.10.10 13:22:24.442,1.41551,1.41572,1.50,1.43
2011.10.10 13:22:24.807,1.41553,1.41593,1.50,1.50
2011.10.10 13:22:25.495,1.41548,1.41588,1.50,1.50
2011.10.10 13:22:25.646,1.41546,1.41587,2.25,1.13
2011.10.10 13:22:25.776,1.41546,1.41583,2.25,1.50
2011.10.10 13:22:26.147,1.41545,1.41584,1.50,2.63
2011.10.10 13:22:26.393,1.41545,1.41584,1.50,3.38
2011.10.10 13:22:26.757,1.41545,1.41573,1.50,1.88
2011.10.10 13:22:27.008,1.41545,1.41573,1.50,1.50
2011.10.10 13:22:27.377,1.41545,1.41582,1.50,1.43
2011.10.10 13:22:27.966,1.41545,1.41582,1.50,1.43
2011.10.10 13:22:28.100,1.41545,1.41584,1.50,3.38
2011.10.10 13:22:28.347,1.41545,1.41579,1.50,1.43
2011.10.10 13:22:28.475,1.41545,1.41579,1.50,1.43
2011.10.10 13:22:28.905,1.41545,1.41579,1.50,1.43
2011.10.10 13:22:29.491,1.41545,1.4158,1.50,1.43
2011.10.10 13:22:30.304,1.41545,1.41583,1.50,1.13
2011.10.10 13:22:30.544,1.41545,1.41583,1.50,1.13
2011.10.10 13:22:31.901,1.41545,1.41583,1.50,1.13
2011.10.10 13:22:32.269,1.41545,1.41583,1.50,1.13
2011.10.10 13:22:32.745,1.41545,1.41579,1.50,1.43
2011.10.10 13:22:33.092,1.41545,1.4158,1.50,1.43
2011.10.10 13:22:35.576,1.41545,1.41583,1.50,2.63
2011.10.10 13:22:35.706,1.41545,1.41583,1.50,2.63
2011.10.10 13:22:35.948,1.41549,1.41583,1.50,2.25
2011.10.10 13:22:36.316,1.41551,1.41583,1.50,2.25
2011.10.10 13:22:39.014,1.41551,1.41583,1.50,1.50
2011.10.10 13:22:40.564,1.41555,1.41583,1.50,1.50
2011.10.10 13:22:40.697,1.41552,1.41583,1.50,1.84
2011.10.10 13:22:41.387,1.41551,1.41584,1.50,2.59
2011.10.10 13:22:46.720,1.41546,1.41582,1.50,1.47
2011.10.10 13:22:52.072,1.41539,1.41578,1.50,1.50
2011.10.10 13:22:52.192,1.41539,1.41577,1.50,1.13
2011.10.10 13:22:52.629,1.41539,1.41577,1.50,1.50
2011.10.10 13:22:53.167,1.41539,1.41577,1.50,1.50
2011.10.10 13:22:53.571,1.41539,1.41577,1.50,1.50
2011.10.10 13:22:53.935,1.4154,1.41577,2.18,1.50
2011.10.10 13:22:56.326,1.41544,1.41578,1.43,1.50
2011.10.10 13:22:56.460,1.41544,1.41579,1.50,1.84
2011.10.10 13:22:56.821,1.41553,1.4159,2.18,1.09
2011.10.10 13:22:57.814,1.41552,1.41588,1.50,1.50
2011.10.10 13:22:58.307,1.4156,1.41594,1.50,2.22
2011.10.10 13:22:58.554,1.41555,1.41591,1.50,1.09
2011.10.10 13:22:59.153,1.41555,1.41591,1.50,1.09
2011.10.10 13:23:00.361,1.41561,1.41593,1.50,2.22
2011.10.10 13:23:02.759,1.41566,1.41593,1.50,2.22
2011.10.10 13:23:04.516,1.4156,1.41593,1.50,2.22
2011.10.10 13:23:04.863,1.4156,1.41593,1.50,2.22
2011.10.10 13:23:05.494,1.4156,1.41593,1.50,2.22
2011.10.10 13:23:05.914,1.4156,1.41584,1.50,1.88
2011.10.10 13:23:06.454,1.4156,1.41594,1.50,2.59
2011.10.10 13:23:11.030,1.4156,1.41584,1.50,1.88
2011.10.10 13:23:12.893,1.4156,1.41596,1.50,1.09
2011.10.10 13:23:13.252,1.41567,1.41597,1.50,3.34
2011.10.10 13:23:13.590,1.41562,1.41597,1.50,3.34
2011.10.10 13:23:13.710,1.41561,1.41597,1.50,3.34
2011.10.10 13:23:15.702,1.41562,1.41596,1.50,1.47
2011.10.10 13:23:25.709,1.41565,1.41593,1.50,2.22
2011.10.10 13:23:25.955,1.41575,1.41604,1.50,1.88
2011.10.10 13:23:26.312,1.41577,1.41603,1.50,1.88
2011.10.10 13:23:26.675,1.41575,1.41603,1.50,2.22
2011.10.10 13:23:27.045,1.4157,1.41594,1.50,1.88
2011.10.10 13:23:27.406,1.41569,1.41594,1.50,1.88
2011.10.10 13:23:27.543,1.41564,1.41595,1.50,2.22
2011.10.10 13:23:30.014,1.41565,1.41594,1.50,1.88
2011.10.10 13:23:30.148,1.41573,1.41603,1.50,1.88
2011.10.10 13:23:30.274,1.4158,1.41603,1.50,1.88
2011.10.10 13:23:30.798,1.4158,1.41604,1.50,1.88
2011.10.10 13:23:32.005,1.41582,1.41613,1.50,1.88
2011.10.10 13:23:33.455,1.41582,1.41613,1.50,1.88
2011.10.10 13:23:33.993,1.41582,1.41614,1.50,2.22
2011.10.10 13:23:34.601,1.4158,1.41613,1.50,1.88
2011.10.10 13:23:34.729,1.4158,1.41613,1.50,2.14
2011.10.10 13:23:51.414,1.4158,1.41613,2.25,1.88
2011.10.10 13:23:56.578,1.41583,1.41622,1.50,1.50
2011.10.10 13:23:56.706,1.41589,1.41624,1.50,1.88
2011.10.10 13:23:56.834,1.41589,1.41631,1.50,1.50
2011.10.10 13:23:57.892,1.41596,1.41632,1.50,2.25
2011.10.10 13:24:00.753,1.41597,1.41634,1.47,3.00
2011.10.10 13:24:01.123,1.41603,1.41636,1.50,1.13
2011.10.10 13:24:01.253,1.41602,1.4164,1.50,1.13
2011.10.10 13:24:01.374,1.41599,1.41638,1.50,1.50
2011.10.10 13:24:02.675,1.41599,1.41633,1.50,1.43
2011.10.10 13:24:06.988,1.41599,1.41635,1.50,1.13
2011.10.10 13:24:07.231,1.41599,1.41635,1.50,1.13
2011.10.10 13:24:07.645,1.41599,1.41638,1.50,3.00
2011.10.10 13:24:12.201,1.41599,1.41638,1.88,2.25
2011.10.10 13:24:12.621,1.41606,1.41638,1.09,1.50
2011.10.10 13:24:12.748,1.4161,1.41647,1.50,1.13
2011.10.10 13:24:13.351,1.4161,1.41647,1.50,1.13
2011.10.10 13:24:13.943,1.41613,1.4165,1.50,1.09
2011.10.10 13:24:14.666,1.41613,1.4165,1.50,1.09
2011.10.10 13:24:19.145,1.41613,1.4165,1.50,1.09
2011.10.10 13:24:30.063,1.41613,1.41652,1.50,1.50
2011.10.10 13:24:30.673,1.41613,1.41652,1.50,1.50
2011.10.10 13:24:34.071,1.41613,1.41652,1.50,1.50
2011.10.10 13:24:34.643,1.41618,1.41654,1.50,1.88
2011.10.10 13:24:35.169,1.41624,1.41662,1.50,1.47
2011.10.10 13:24:35.293,1.41624,1.41662,1.50,1.09
2011.10.10 13:24:39.070,1.41624,1.41661,1.50,1.09
2011.10.10 13:24:39.522,1.41624,1.41662,1.50,2.89
2011.10.10 13:24:41.588,1.41624,1.41662,1.50,2.93
2011.10.10 13:24:41.715,1.41622,1.4166,1.84,1.50
2011.10.10 13:24:42.478,1.41622,1.41654,2.59,1.88
2011.10.10 13:24:42.844,1.41631,1.41654,1.50,1.50
2011.10.10 13:24:43.426,1.41631,1.41664,1.50,1.88
2011.10.10 13:24:43.556,1.41631,1.41664,1.50,1.88
2011.10.10 13:24:43.926,1.41631,1.41667,1.50,1.13
2011.10.10 13:24:44.055,1.41632,1.41669,2.93,1.50
2011.10.10 13:24:44.184,1.41637,1.41664,2.18,1.88
2011.10.10 13:24:44.314,1.41637,1.41669,2.18,1.50
2011.10.10 13:24:44.700,1.41632,1.41669,1.50,1.50
2011.10.10 13:24:44.826,1.41638,1.41673,1.09,1.88
2011.10.10 13:24:46.894,1.41638,1.41673,1.09,1.88
2011.10.10 13:24:47.264,1.41635,1.41673,1.50,1.88
2011.10.10 13:24:47.741,1.41635,1.41664,1.50,1.50
2011.10.10 13:24:48.096,1.4163,1.41664,1.50,1.88
2011.10.10 13:24:48.223,1.4163,1.41664,1.50,1.88
2011.10.10 13:24:49.315,1.41629,1.41664,1.50,1.88
2011.10.10 13:24:49.819,1.41629,1.41654,1.50,1.88
2011.10.10 13:24:51.621,1.41628,1.41654,1.09,1.88
2011.10.10 13:24:52.106,1.41624,1.41654,1.50,1.88
2011.10.10 13:24:52.361,1.4162,1.41654,1.09,1.88
2011.10.10 13:24:52.604,1.41618,1.41644,1.09,1.50
2011.10.10 13:24:53.232,1.41621,1.41654,1.09,1.88
2011.10.10 13:24:53.368,1.41614,1.41652,1.13,1.50
2011.10.10 13:24:53.736,1.41613,1.41643,1.09,1.88
2011.10.10 13:24:57.764,1.41613,1.41643,1.09,1.88
2011.10.10 13:24:57.897,1.41612,1.4165,1.50,1.09
2011.10.10 13:24:58.031,1.41612,1.4165,1.50,1.09
2011.10.10 13:24:58.394,1.41626,1.41654,1.50,1.88
2011.10.10 13:24:58.647,1.41626,1.41654,1.50,1.88
2011.10.10 13:24:59.045,1.41628,1.41653,1.50,1.88
2011.10.10 13:24:59.173,1.41627,1.41653,1.50,1.88
2011.10.10 13:24:59.785,1.41625,1.41653,1.50,1.88
2011.10.10 13:25:00.919,1.41627,1.41653,1.50,1.88
2011.10.10 13:25:01.279,1.41628,1.41653,1.09,1.88
2011.10.10 13:25:01.655,1.41632,1.41653,1.50,1.88
2011.10.10 13:25:02.607,1.41632,1.41663,1.50,1.88
2011.10.10 13:25:02.860,1.41635,1.41663,1.13,1.88
2011.10.10 13:25:03.102,1.41632,1.41668,1.50,1.50
2011.10.10 13:25:03.224,1.41631,1.41661,1.09,1.50
2011.10.10 13:25:03.728,1.41626,1.41655,1.47,1.50
2011.10.10 13:25:05.645,1.41626,1.41655,1.84,1.50
2011.10.10 13:25:09.329,1.41658,1.41663,1.09,1.43
2011.10.10 13:25:09.460,1.41658,1.41676,1.50,1.06
2011.10.10 13:25:09.712,1.41646,1.41678,1.88,1.43
2011.10.10 13:25:09.838,1.41638,1.4167,2.25,1.50
2011.10.10 13:25:10.237,1.41637,1.41671,3.00,1.50
2011.10.10 13:25:10.833,1.41638,1.41671,1.13,1.50
2011.10.10 13:25:11.353,1.4164,1.41676,1.13,1.50
2011.10.10 13:25:11.475,1.41647,1.41682,1.09,1.88
2011.10.10 13:25:11.608,1.41651,1.41682,1.09,1.88
2011.10.10 13:25:12.214,1.41651,1.41682,1.09,1.88
2011.10.10 13:25:12.346,1.41654,1.41682,1.13,1.50
2011.10.10 13:25:12.779,1.41651,1.41676,1.09,1.50
2011.10.10 13:25:13.145,1.41651,1.41679,1.13,1.50
2011.10.10 13:25:13.514,1.4165,1.41679,1.50,1.13
2011.10.10 13:25:13.644,1.41647,1.41675,1.13,1.50
2011.10.10 13:25:13.888,1.41647,1.41675,1.13,1.50
2011.10.10 13:25:14.014,1.41646,1.41675,2.18,1.50
2011.10.10 13:25:14.269,1.41639,1.41675,1.47,1.50
2011.10.10 13:25:14.626,1.41639,1.41674,1.47,1.43
2011.10.10 13:25:15.096,1.41638,1.41661,1.09,1.50
2011.10.10 13:25:15.234,1.41622,1.41651,1.13,1.50
2011.10.10 13:25:15.853,1.41632,1.41657,1.80,1.50
2011.10.10 13:25:15.976,1.41632,1.4166,1.80,1.50
2011.10.10 13:25:16.102,1.41633,1.4166,1.13,1.50
2011.10.10 13:25:17.323,1.4164,1.4166,1.84,1.50
2011.10.10 13:25:17.449,1.4164,1.41667,1.09,1.13
2011.10.10 13:25:17.574,1.4164,1.41667,1.09,1.13
2011.10.10 13:25:17.702,1.4164,1.41666,1.09,1.50
2011.10.10 13:25:20.542,1.41641,1.41664,1.09,1.50
2011.10.10 13:25:23.831,1.4164,1.4167,1.09,1.13
2011.10.10 13:25:24.180,1.4164,1.41664,1.09,1.50
2011.10.10 13:25:24.740,1.41657,1.41673,1.09,2.55
2011.10.10 13:25:24.866,1.4165,1.41677,1.50,1.50
2011.10.10 13:25:25.123,1.41658,1.41678,1.09,1.50
2011.10.10 13:25:25.455,1.41659,1.41678,1.50,1.50
2011.10.10 13:25:25.589,1.41655,1.41686,1.47,1.50
2011.10.10 13:25:25.960,1.41647,1.41673,3.00,1.13
2011.10.10 13:25:26.086,1.4164,1.41673,1.09,1.88
2011.10.10 13:25:26.671,1.41642,1.41673,1.09,1.88
2011.10.10 13:25:27.254,1.41638,1.41673,1.47,1.88
2011.10.10 13:25:27.382,1.41638,1.4167,1.09,1.13
2011.10.10 13:25:27.748,1.41657,1.41687,2.18,2.18
2011.10.10 13:25:27.877,1.41643,1.41682,1.92,1.50
2011.10.10 13:25:28.003,1.41643,1.41682,1.54,1.50
2011.10.10 13:25:28.376,1.41643,1.41679,1.09,1.50
2011.10.10 13:25:28.748,1.41637,1.41668,2.59,1.50
2011.10.10 13:25:29.338,1.41658,1.4167,1.09,1.50
2011.10.10 13:25:29.466,1.41655,1.41679,1.50,1.50
2011.10.10 13:25:29.593,1.4164,1.41679,1.50,1.50
2011.10.10 13:25:29.955,1.41637,1.41676,2.59,1.50
2011.10.10 13:25:30.083,1.41636,1.41671,3.34,1.13
2011.10.10 13:25:30.209,1.41636,1.4167,2.59,1.13
2011.10.10 13:25:30.564,1.41639,1.41666,1.50,1.50
2011.10.10 13:25:30.936,1.41636,1.41675,2.97,1.50
2011.10.10 13:25:31.185,1.41636,1.41674,3.34,1.50
2011.10.10 13:25:31.861,1.41636,1.41668,2.59,1.13
2011.10.10 13:25:32.341,1.41637,1.41675,3.27,1.50
2011.10.10 13:25:34.275,1.41641,1.41675,1.13,1.13
2011.10.10 13:25:36.259,1.41641,1.41675,1.13,1.13
2011.10.10 13:25:36.490,1.41641,1.41671,1.13,1.50
2011.10.10 13:25:37.756,1.41645,1.41676,1.43,1.50
2011.10.10 13:25:37.886,1.41652,1.41677,1.84,1.50
2011.10.10 13:25:38.015,1.41652,1.41685,1.84,1.88
2011.10.10 13:25:38.349,1.41652,1.41685,1.84,1.88
2011.10.10 13:25:38.713,1.41652,1.41685,1.84,1.88
2011.10.10 13:25:39.576,1.4166,1.41685,1.09,1.50
2011.10.10 13:25:39.708,1.41654,1.41692,1.50,1.50
2011.10.10 13:25:39.838,1.41654,1.41691,1.13,1.50
2011.10.10 13:25:40.321,1.41653,1.41688,1.13,1.13
2011.10.10 13:25:44.677,1.41652,1.41685,1.84,1.50
2011.10.10 13:25:51.206,1.41652,1.41685,2.59,1.50
2011.10.10 13:25:52.503,1.41652,1.41684,1.84,1.13
2011.10.10 13:25:52.973,1.41651,1.41682,1.09,1.50
2011.10.10 13:25:53.562,1.41649,1.41681,2.93,1.50
2011.10.10 13:25:53.984,1.41652,1.41682,1.09,1.50
2011.10.10 13:25:54.496,1.41652,1.41679,1.77,1.50
2011.10.10 13:25:54.843,1.41652,1.41684,1.77,1.50
2011.10.10 13:25:55.091,1.41652,1.41684,1.43,1.50
2011.10.10 13:25:55.212,1.41646,1.41684,2.63,1.50
2011.10.10 13:25:55.575,1.41645,1.41684,1.09,3.38
2011.10.10 13:25:55.825,1.41645,1.41684,1.09,3.38
2011.10.10 13:25:56.195,1.41643,1.41679,2.14,1.50
2011.10.10 13:25:56.563,1.41641,1.41674,2.14,1.50
2011.10.10 13:25:57.024,1.41641,1.41674,1.80,1.88
2011.10.10 13:25:57.174,1.41631,1.41667,1.43,1.43
2011.10.10 13:25:57.314,1.41626,1.41659,2.63,1.50
2011.10.10 13:25:57.568,1.41626,1.41659,1.88,1.88
2011.10.10 13:25:57.815,1.41626,1.41659,1.88,1.13
2011.10.10 13:25:58.184,1.41626,1.41659,2.63,1.13
2011.10.10 13:25:58.763,1.41628,1.41666,1.50,1.50
2011.10.10 13:25:58.889,1.41629,1.41667,1.13,2.25
2011.10.10 13:25:59.936,1.41629,1.41668,3.72,1.50
2011.10.10 13:26:00.902,1.41635,1.41667,1.80,1.88
2011.10.10 13:26:01.603,1.41635,1.41667,1.43,1.13
2011.10.10 13:26:01.726,1.41629,1.41667,2.22,1.13
2011.10.10 13:26:02.204,1.41632,1.41667,1.43,1.13
2011.10.10 13:26:02.845,1.41632,1.41668,1.80,1.50
2011.10.10 13:26:06.775,1.41636,1.41673,2.55,2.63
2011.10.10 13:26:07.030,1.41643,1.41673,1.43,2.63
2011.10.10 13:26:07.277,1.41639,1.41674,2.18,1.13
2011.10.10 13:26:07.663,1.4164,1.41675,1.80,1.50
2011.10.10 13:26:09.614,1.41648,1.41679,1.43,1.50
2011.10.10 13:26:10.277,1.41645,1.4168,1.80,1.50
2011.10.10 13:26:11.975,1.41648,1.4168,1.43,1.50
2011.10.10 13:26:12.685,1.41645,1.41679,1.80,1.50
2011.10.10 13:26:13.282,1.41645,1.41679,1.80,1.50
2011.10.10 13:26:17.115,1.41641,1.41679,2.52,1.50
2011.10.10 13:26:17.484,1.41641,1.41674,1.77,1.88
2011.10.10 13:26:20.389,1.41645,1.41673,1.43,2.63
2011.10.10 13:26:20.517,1.41643,1.41673,1.77,2.63
2011.10.10 13:26:21.002,1.41639,1.41672,1.77,1.50
2011.10.10 13:26:21.943,1.41641,1.41673,1.77,1.50
2011.10.10 13:26:22.545,1.4164,1.41672,1.77,1.50
2011.10.10 13:26:25.049,1.41643,1.41672,1.09,1.50
2011.10.10 13:26:25.423,1.41677,1.41691,1.09,1.73
2011.10.10 13:26:25.555,1.41678,1.41706,1.09,1.06
2011.10.10 13:26:25.687,1.41672,1.41706,1.47,1.06
2011.10.10 13:26:25.814,1.41684,1.41712,1.13,1.50
2011.10.10 13:26:25.948,1.41677,1.41712,1.88,1.50
2011.10.10 13:26:26.075,1.41677,1.41712,1.88,1.50
2011.10.10 13:26:26.207,1.41677,1.41712,1.88,1.50
2011.10.10 13:26:26.592,1.4167,1.41706,1.13,1.50
2011.10.10 13:26:26.724,1.41667,1.417,2.22,1.50
2011.10.10 13:26:26.979,1.41666,1.417,2.22,1.50
2011.10.10 13:26:27.107,1.4167,1.41706,1.13,1.50
2011.10.10 13:26:27.827,1.41677,1.41706,1.88,1.50
2011.10.10 13:26:29.762,1.41677,1.41712,1.88,1.50
2011.10.10 13:26:30.331,1.41676,1.41712,2.63,1.50
2011.10.10 13:26:30.573,1.41673,1.41706,1.47,1.50
2011.10.10 13:26:30.935,1.41672,1.41706,2.52,1.50
2011.10.10 13:26:31.605,1.41672,1.41706,2.52,1.50
2011.10.10 13:26:31.978,1.41672,1.41706,1.43,1.50
2011.10.10 13:26:32.577,1.41671,1.41704,1.43,2.63
2011.10.10 13:26:33.774,1.41669,1.41704,1.43,2.63
2011.10.10 13:26:34.524,1.41669,1.41704,1.43,2.63
2011.10.10 13:26:34.652,1.41672,1.41704,1.43,1.13
2011.10.10 13:26:35.014,1.41675,1.41713,1.09,1.50
2011.10.10 13:26:35.386,1.41675,1.41713,1.09,1.50
2011.10.10 13:26:39.073,1.41675,1.41713,2.89,3.38
2011.10.10 13:26:40.532,1.41676,1.41713,2.22,1.50
2011.10.10 13:26:42.975,1.41677,1.41713,1.43,1.50
2011.10.10 13:26:43.105,1.41681,1.41714,2.18,1.13
2011.10.10 13:26:43.462,1.41681,1.41714,2.18,1.13
2011.10.10 13:26:43.822,1.41685,1.41714,1.43,2.63
2011.10.10 13:26:44.303,1.41683,1.41712,1.43,1.50
2011.10.10 13:26:44.536,1.41685,1.41712,1.43,1.50
2011.10.10 13:26:45.561,1.41678,1.41712,1.43,1.50
2011.10.10 13:26:45.791,1.41676,1.41712,4.39,1.50
2011.10.10 13:26:47.566,1.41676,1.41706,1.88,1.50
2011.10.10 13:26:47.921,1.41676,1.41706,1.88,1.50
2011.10.10 13:26:49.278,1.41676,1.41706,1.88,1.50
2011.10.10 13:26:50.422,1.4167,1.41706,1.50,1.50
2011.10.10 13:26:50.704,1.41671,1.41706,1.13,1.50
2011.10.10 13:26:51.198,1.41677,1.41706,1.88,1.50
2011.10.10 13:26:51.805,1.41677,1.41711,1.88,1.50
2011.10.10 13:26:54.297,1.41677,1.41711,1.88,1.50
2011.10.10 13:26:54.536,1.41673,1.41705,1.84,1.13
2011.10.10 13:27:01.896,1.41681,1.41711,1.43,1.13
2011.10.10 13:27:02.229,1.41674,1.41708,2.18,1.13
2011.10.10 13:27:03.954,1.41679,1.41711,1.43,1.88
2011.10.10 13:27:05.739,1.41679,1.41711,1.50,1.13
2011.10.10 13:27:06.750,1.41675,1.41709,1.50,1.13
2011.10.10 13:27:06.871,1.41674,1.41709,2.93,1.13
2011.10.10 13:27:08.440,1.4168,1.41712,1.43,1.13
2011.10.10 13:27:08.561,1.41678,1.41712,1.43,1.13
2011.10.10 13:27:09.132,1.41678,1.41712,1.43,1.88
2011.10.10 13:27:09.253,1.41678,1.41712,3.27,1.88
2011.10.10 13:27:09.585,1.41682,1.41713,1.84,1.88
2011.10.10 13:27:09.724,1.4169,1.41713,1.43,1.88
2011.10.10 13:27:10.256,1.4169,1.41718,1.43,1.88
2011.10.10 13:27:10.827,1.41686,1.41724,2.18,1.88
2011.10.10 13:27:11.078,1.41686,1.41724,3.30,1.88
2011.10.10 13:27:11.205,1.41691,1.41724,1.43,1.88
2011.10.10 13:27:11.333,1.41687,1.41724,2.18,1.88
2011.10.10 13:27:11.696,1.41691,1.41724,1.43,1.88
2011.10.10 13:27:12.071,1.41699,1.41726,1.84,1.50
2011.10.10 13:27:12.575,1.41706,1.41734,1.43,1.88
2011.10.10 13:27:13.182,1.41701,1.41734,1.77,2.63
2011.10.10 13:27:14.064,1.41708,1.41734,1.43,2.63
2011.10.10 13:27:14.440,1.41715,1.41734,1.43,1.88
2011.10.10 13:27:15.042,1.41711,1.41734,1.77,1.88
2011.10.10 13:27:15.515,1.41707,1.41736,1.43,1.13
2011.10.10 13:27:16.451,1.41708,1.41734,1.43,1.13
2011.10.10 13:27:17.045,1.417,1.41734,2.14,1.88
2011.10.10 13:27:17.630,1.41701,1.41732,1.77,1.50
2011.10.10 13:27:17.991,1.41701,1.41732,1.77,1.50
2011.10.10 13:27:19.317,1.41701,1.41732,1.77,1.50
2011.10.10 13:27:19.915,1.41701,1.41732,2.14,1.50
2011.10.10 13:27:21.742,1.41701,1.41732,2.14,1.50
2011.10.10 13:27:21.984,1.41707,1.41733,1.88,2.63
2011.10.10 13:27:22.114,1.41709,1.41733,1.43,1.13
2011.10.10 13:27:22.463,1.41712,1.41734,1.43,1.50
2011.10.10 13:27:22.814,1.41712,1.41737,1.43,1.50
2011.10.10 13:27:23.404,1.41712,1.41737,2.14,1.50
2011.10.10 13:27:23.769,1.41714,1.41744,1.09,1.88
2011.10.10 13:27:24.134,1.41713,1.41744,1.47,1.88
2011.10.10 13:27:24.385,1.41717,1.41744,1.09,2.25
2011.10.10 13:27:24.787,1.41709,1.41744,1.09,3.38
2011.10.10 13:27:25.182,1.41707,1.41744,1.84,3.38
2011.10.10 13:27:25.303,1.41707,1.41744,1.09,3.38
2011.10.10 13:27:25.650,1.41718,1.41744,1.09,2.63
2011.10.10 13:27:26.136,1.41721,1.4175,1.47,1.50
2011.10.10 13:27:27.472,1.41714,1.4175,1.09,1.50
2011.10.10 13:27:28.045,1.41717,1.4175,2.22,1.50
2011.10.10 13:27:28.560,1.41717,1.4175,2.22,1.50
2011.10.10 13:27:29.172,1.41717,1.4175,1.09,1.50
2011.10.10 13:27:29.935,1.41714,1.4175,1.09,1.50
2011.10.10 13:27:30.703,1.41712,1.41744,1.47,1.13
2011.10.10 13:27:31.312,1.41717,1.41751,1.09,1.50
2011.10.10 13:27:31.674,1.41711,1.41743,1.09,1.50
2011.10.10 13:27:32.512,1.41719,1.41745,2.18,2.25
2011.10.10 13:27:32.876,1.41712,1.4175,1.47,1.50
2011.10.10 13:27:33.465,1.41718,1.4175,2.18,1.50
2011.10.10 13:27:33.594,1.41718,1.4175,2.18,1.50
2011.10.10 13:27:33.836,1.41718,1.4175,1.43,1.50
2011.10.10 13:27:34.446,1.41712,1.4175,2.22,1.50
2011.10.10 13:27:35.770,1.41714,1.4175,1.09,1.50
2011.10.10 13:27:37.251,1.41714,1.4175,1.09,1.50
2011.10.10 13:27:37.379,1.41711,1.41748,1.50,1.06
2011.10.10 13:27:37.509,1.41709,1.41744,1.47,1.50
2011.10.10 13:27:37.869,1.41713,1.41739,1.50,1.50
2011.10.10 13:27:38.125,1.41705,1.41741,1.13,1.50
2011.10.10 13:27:38.374,1.41704,1.41736,1.80,1.50
2011.10.10 13:27:38.495,1.41698,1.41734,1.47,1.13
2011.10.10 13:27:39.845,1.41697,1.41733,2.25,2.63
2011.10.10 13:27:40.172,1.41697,1.41733,2.25,2.63
2011.10.10 13:27:41.182,1.41698,1.41733,1.09,2.63
2011.10.10 13:27:41.541,1.41706,1.41733,1.43,1.88
2011.10.10 13:27:41.890,1.41698,1.41733,2.52,2.63
2011.10.10 13:27:42.013,1.41698,1.41733,3.27,2.63
2011.10.10 13:27:43.071,1.41698,1.41733,1.09,2.63
2011.10.10 13:27:43.208,1.41692,1.41723,1.84,2.63
2011.10.10 13:27:43.460,1.4169,1.41723,1.43,1.50
2011.10.10 13:27:44.306,1.41695,1.41724,1.43,2.63
2011.10.10 13:27:44.852,1.41695,1.41723,1.43,1.50
2011.10.10 13:27:45.372,1.41695,1.41724,1.43,2.63
2011.10.10 13:27:47.839,1.41693,1.41724,1.50,2.63
2011.10.10 13:27:48.207,1.41694,1.41723,1.50,1.50
2011.10.10 13:27:48.505,1.41691,1.41723,1.13,1.50
2011.10.10 13:27:49.218,1.41694,1.41724,1.50,2.63
2011.10.10 13:27:49.704,1.41697,1.41724,2.18,2.63
2011.10.10 13:27:49.832,1.41697,1.41724,2.18,2.63
2011.10.10 13:27:50.075,1.41697,1.41724,1.43,2.63
2011.10.10 13:27:50.593,1.41697,1.41724,1.43,1.88
2011.10.10 13:27:50.714,1.41697,1.41723,1.43,1.88
2011.10.10 13:27:50.844,1.4169,1.41723,1.09,2.63
2011.10.10 13:27:50.973,1.4169,1.41723,1.09,2.63
2011.10.10 13:27:51.098,1.41696,1.41719,1.43,1.13
2011.10.10 13:27:51.343,1.41696,1.41724,1.43,3.38
2011.10.10 13:27:52.717,1.4169,1.41723,1.09,1.50
2011.10.10 13:27:53.084,1.41687,1.41718,1.50,1.13
2011.10.10 13:27:53.219,1.4169,1.41723,2.89,1.50
2011.10.10 13:27:53.343,1.41693,1.41723,1.88,1.50
2011.10.10 13:27:53.586,1.41692,1.41723,1.50,1.50
2011.10.10 13:27:53.716,1.41687,1.41723,1.50,1.50
2011.10.10 13:27:53.843,1.41687,1.41718,1.50,1.13
2011.10.10 13:27:54.419,1.41687,1.41718,1.50,1.13
2011.10.10 13:27:55.133,1.41687,1.41723,2.93,1.50
2011.10.10 13:27:56.276,1.41685,1.41715,1.13,1.13
2011.10.10 13:27:56.864,1.41685,1.41718,1.13,1.13
2011.10.10 13:27:57.883,1.41694,1.41723,1.43,1.88
2011.10.10 13:27:58.367,1.41691,1.41723,1.09,1.88
2011.10.10 13:27:58.622,1.41697,1.41725,1.43,1.50
2011.10.10 13:27:58.750,1.41696,1.4173,1.13,1.50
2011.10.10 13:27:59.353,1.41696,1.4173,1.50,1.50
2011.10.10 13:27:59.918,1.41695,1.41724,1.80,1.50
2011.10.10 13:28:00.289,1.41695,1.41724,1.43,1.13
2011.10.10 13:28:00.419,1.4169,1.41723,2.18,1.13
2011.10.10 13:28:00.786,1.41694,1.41724,1.43,3.38
2011.10.10 13:28:00.920,1.41694,1.41724,1.43,3.38
2011.10.10 13:28:01.293,1.41694,1.41719,1.43,1.13
2011.10.10 13:28:01.414,1.41692,1.41719,1.43,1.13
2011.10.10 13:28:01.546,1.41687,1.41719,1.43,1.13
2011.10.10 13:28:02.076,1.41689,1.41713,1.43,1.88
2011.10.10 13:28:04.151,1.41685,1.41713,1.09,1.50
2011.10.10 13:28:04.516,1.41694,1.41722,3.75,1.50
2011.10.10 13:28:04.648,1.41699,1.41731,1.43,1.50
2011.10.10 13:28:04.780,1.4169,1.41722,1.13,1.50
2011.10.10 13:28:04.904,1.4169,1.41722,1.13,1.50
2011.10.10 13:28:05.523,1.41687,1.41717,1.77,1.50
2011.10.10 13:28:05.890,1.41691,1.41719,1.50,1.50
2011.10.10 13:28:06.172,1.41692,1.41727,2.14,1.50
2011.10.10 13:28:06.305,1.41697,1.4173,1.88,2.25
2011.10.10 13:28:07.864,1.41697,1.41727,1.88,1.50
2011.10.10 13:28:08.114,1.417,1.41734,1.43,1.88
2011.10.10 13:28:08.709,1.4171,1.41734,1.43,1.13
2011.10.10 13:28:13.624,1.4171,1.4174,1.43,1.50
2011.10.10 13:28:14.133,1.41706,1.4174,1.77,1.13
2011.10.10 13:28:14.264,1.41702,1.4174,2.93,1.13
2011.10.10 13:28:14.393,1.41702,1.41733,2.93,1.13
2011.10.10 13:28:14.993,1.41702,1.41733,1.43,1.13
2011.10.10 13:28:15.113,1.41711,1.41733,1.43,1.13
2011.10.10 13:28:15.354,1.41703,1.41739,2.14,1.50
2011.10.10 13:28:15.473,1.41703,1.4174,2.14,1.50
2011.10.10 13:28:15.831,1.41706,1.41739,1.77,1.13
2011.10.10 13:28:16.200,1.41715,1.4174,2.18,1.50
2011.10.10 13:28:16.326,1.41716,1.41743,1.50,1.88
2011.10.10 13:28:16.857,1.41716,1.41745,1.50,1.88
2011.10.10 13:28:17.510,1.41714,1.41743,1.09,2.63
2011.10.10 13:28:17.886,1.41723,1.41744,1.43,1.88
2011.10.10 13:28:18.372,1.41723,1.41751,1.77,1.50
2011.10.10 13:28:18.495,1.41723,1.41751,1.43,1.50
2011.10.10 13:28:18.976,1.41729,1.41751,1.43,1.50
2011.10.10 13:28:19.103,1.41729,1.41753,1.43,1.50
2011.10.10 13:28:19.224,1.41723,1.41753,1.77,1.50
2011.10.10 13:28:19.353,1.41723,1.41751,1.77,1.50
2011.10.10 13:28:19.702,1.41723,1.41748,1.77,2.25
2011.10.10 13:28:20.758,1.41725,1.41753,1.09,1.50
2011.10.10 13:28:20.997,1.41729,1.41753,1.43,1.50
2011.10.10 13:28:21.131,1.41723,1.41751,1.43,1.50
2011.10.10 13:28:21.379,1.41723,1.41747,1.43,1.50
2011.10.10 13:28:21.974,1.41715,1.41747,2.14,1.50
2011.10.10 13:28:23.682,1.41723,1.41747,1.43,1.50
2011.10.10 13:28:25.376,1.41723,1.41753,2.18,1.13
2011.10.10 13:28:25.972,1.41725,1.41753,1.09,1.13
2011.10.10 13:28:28.065,1.41731,1.41754,1.43,1.50
2011.10.10 13:28:28.328,1.41726,1.41754,1.09,1.50
2011.10.10 13:28:28.821,1.41727,1.41754,1.50,1.13
2011.10.10 13:28:28.949,1.41727,1.41757,1.50,1.13
2011.10.10 13:28:29.432,1.41726,1.41762,1.50,1.13
2011.10.10 13:28:29.798,1.41725,1.41753,1.09,2.63
2011.10.10 13:28:30.513,1.41723,1.41751,1.43,2.25
2011.10.10 13:28:30.857,1.41726,1.41751,1.43,2.25
2011.10.10 13:28:33.282,1.41733,1.41751,1.43,1.50
2011.10.10 13:28:33.634,1.41733,1.41753,1.43,1.88
2011.10.10 13:28:34.227,1.41735,1.41756,1.43,1.13
2011.10.10 13:28:34.596,1.41734,1.41757,1.43,1.50
2011.10.10 13:28:36.705,1.41732,1.41757,1.43,1.50
2011.10.10 13:28:36.836,1.41733,1.41756,1.43,1.13
2011.10.10 13:28:37.603,1.41728,1.41756,1.09,1.13
2011.10.10 13:28:37.739,1.41726,1.41752,2.18,1.50
2011.10.10 13:28:37.990,1.41726,1.41752,1.43,1.50
2011.10.10 13:28:38.239,1.4172,1.41752,1.84,1.50
2011.10.10 13:28:38.370,1.4172,1.41749,1.84,1.50
2011.10.10 13:28:38.733,1.4172,1.41746,1.09,1.50
2011.10.10 13:28:39.803,1.4172,1.41746,1.09,2.25
2011.10.10 13:28:39.935,1.41723,1.41746,1.43,2.25
2011.10.10 13:28:40.308,1.41722,1.41751,1.43,1.50
2011.10.10 13:28:40.437,1.41724,1.41751,1.43,1.50
2011.10.10 13:28:40.806,1.41727,1.41751,1.43,1.50
2011.10.10 13:28:42.026,1.41735,1.41759,1.43,1.50
2011.10.10 13:28:42.275,1.41735,1.41759,1.43,1.50
2011.10.10 13:28:43.384,1.41736,1.41763,1.43,2.63
2011.10.10 13:28:43.513,1.41734,1.41763,1.43,2.63
2011.10.10 13:28:44.105,1.41737,1.41763,1.43,2.63
2011.10.10 13:28:44.619,1.41732,1.41764,1.43,2.63
2011.10.10 13:28:44.751,1.4173,1.41764,1.43,2.63
2011.10.10 13:28:44.873,1.4173,1.41764,1.43,2.63
2011.10.10 13:28:45.114,1.4173,1.41764,1.43,2.63
2011.10.10 13:28:45.490,1.41733,1.41764,1.43,2.63
2011.10.10 13:28:46.785,1.41733,1.41761,1.43,1.50
2011.10.10 13:28:47.317,1.41732,1.41758,1.43,1.13
2011.10.10 13:28:48.071,1.41725,1.41755,1.50,1.13
2011.10.10 13:28:48.429,1.41727,1.41757,2.93,1.13
2011.10.10 13:28:48.564,1.41727,1.41753,1.43,1.13
2011.10.10 13:28:48.697,1.41721,1.41753,1.88,1.13
2011.10.10 13:28:49.067,1.41723,1.41753,1.77,1.50
2011.10.10 13:28:49.312,1.41723,1.41753,1.43,1.50
2011.10.10 13:28:49.757,1.41718,1.41753,2.18,1.50
2011.10.10 13:28:50.344,1.41716,1.41751,1.47,1.50
2011.10.10 13:28:50.754,1.41716,1.41748,1.09,1.13
2011.10.10 13:28:51.442,1.41716,1.41748,1.09,1.13
2011.10.10 13:28:54.872,1.41723,1.41747,1.43,1.13
2011.10.10 13:28:55.214,1.41723,1.41737,1.43,1.50
2011.10.10 13:28:55.460,1.41707,1.41738,1.20,1.50
2011.10.10 13:28:55.997,1.41714,1.41743,1.43,1.88
2011.10.10 13:28:56.251,1.4173,1.41757,1.50,1.43
2011.10.10 13:28:56.380,1.41734,1.41762,1.43,1.50
2011.10.10 13:28:56.638,1.41739,1.41769,1.09,1.50
2011.10.10 13:28:56.768,1.41745,1.41769,2.18,1.50
2011.10.10 13:28:56.898,1.41745,1.41774,2.18,2.63
2011.10.10 13:28:57.372,1.41746,1.41774,1.43,1.88
2011.10.10 13:28:57.921,1.41736,1.41768,1.50,4.50
2011.10.10 13:28:58.170,1.41722,1.41756,1.20,1.50
2011.10.10 13:28:58.298,1.41723,1.41754,1.50,1.88
2011.10.10 13:28:58.540,1.41723,1.41754,1.50,1.88
2011.10.10 13:28:58.679,1.4172,1.41754,1.50,1.88
2011.10.10 13:28:58.808,1.41718,1.41754,1.50,2.63
2011.10.10 13:28:58.943,1.4172,1.41756,1.09,1.50
2011.10.10 13:28:59.072,1.41724,1.41763,1.09,1.50
2011.10.10 13:28:59.196,1.41725,1.41756,2.18,1.13
2011.10.10 13:28:59.330,1.41731,1.41764,1.43,2.63
2011.10.10 13:28:59.927,1.41729,1.41763,2.18,1.13
2011.10.10 13:29:00.179,1.41729,1.4176,1.43,1.09
2011.10.10 13:29:00.427,1.41723,1.41754,1.50,2.63
2011.10.10 13:29:02.097,1.41722,1.41757,1.09,1.13
2011.10.10 13:29:02.468,1.41716,1.41753,1.88,1.50
2011.10.10 13:29:02.597,1.41716,1.41746,1.88,1.50
2011.10.10 13:29:03.314,1.4171,1.41746,1.84,1.50
2011.10.10 13:29:03.915,1.41725,1.41746,1.43,1.50
2011.10.10 13:29:04.049,1.41725,1.41753,1.43,2.63
2011.10.10 13:29:04.175,1.4173,1.41753,1.43,2.63
2011.10.10 13:29:04.660,1.4173,1.41757,1.43,1.13
2011.10.10 13:29:05.679,1.4173,1.41757,1.77,1.13
2011.10.10 13:29:05.805,1.41734,1.41764,1.09,3.00
2011.10.10 13:29:06.055,1.4173,1.4176,1.77,1.50
2011.10.10 13:29:06.416,1.41733,1.41758,1.77,1.50
2011.10.10 13:29:06.855,1.41735,1.41764,1.43,3.00
2011.10.10 13:29:06.988,1.41738,1.41763,1.43,1.13
2011.10.10 13:29:07.238,1.41733,1.41763,1.09,1.13
2011.10.10 13:29:07.608,1.41738,1.41763,1.43,1.13
2011.10.10 13:29:07.740,1.41734,1.41764,1.09,1.13
2011.10.10 13:29:07.991,1.41734,1.41763,5.59,1.50
2011.10.10 13:29:08.519,1.41736,1.41763,1.09,1.13
2011.10.10 13:29:10.009,1.41757,1.41771,1.09,1.13
2011.10.10 13:29:10.146,1.41747,1.41773,1.13,1.88
2011.10.10 13:29:10.279,1.41734,1.41773,1.20,1.50
2011.10.10 13:29:10.409,1.4173,1.41766,1.17,1.50
2011.10.10 13:29:10.808,1.41729,1.4176,1.54,1.50
2011.10.10 13:29:11.417,1.4173,1.4176,1.09,1.50
2011.10.10 13:29:12.027,1.4173,1.41753,1.09,1.50
2011.10.10 13:29:12.611,1.4173,1.41753,1.09,1.50
2011.10.10 13:29:13.758,1.41736,1.41753,1.13,1.50
2011.10.10 13:29:14.122,1.4175,1.41777,1.50,2.25
2011.10.10 13:29:14.257,1.41737,1.41744,1.88,1.50
2011.10.10 13:29:14.392,1.41726,1.41742,1.88,1.50
2011.10.10 13:29:14.997,1.41726,1.41738,1.88,1.50
2011.10.10 13:29:16.975,1.41716,1.41744,1.88,1.50
2011.10.10 13:29:17.579,1.41742,1.41769,1.84,1.06
2011.10.10 13:29:17.709,1.41743,1.41772,1.77,1.50
2011.10.10 13:29:18.077,1.41749,1.41782,1.47,1.50
2011.10.10 13:29:18.210,1.41749,1.41779,2.55,1.09
2011.10.10 13:29:18.581,1.41737,1.41758,1.88,1.50
2011.10.10 13:29:19.113,1.41736,1.41758,1.88,1.50
2011.10.10 13:29:19.491,1.41727,1.41753,2.22,1.50
2011.10.10 13:29:20.077,1.41726,1.41746,1.88,1.50
2011.10.10 13:29:20.427,1.41717,1.41746,2.63,1.50
2011.10.10 13:29:20.560,1.4172,1.41746,1.13,1.50
2011.10.10 13:29:20.917,1.41731,1.41746,4.50,1.50
2011.10.10 13:29:21.278,1.41734,1.41762,1.50,1.50
2011.10.10 13:29:21.400,1.41736,1.41764,1.43,1.50
2011.10.10 13:29:21.971,1.41736,1.41764,1.80,1.50
2011.10.10 13:29:22.339,1.41737,1.41768,1.13,1.50
2011.10.10 13:29:22.464,1.41737,1.41768,1.13,1.50
2011.10.10 13:29:24.191,1.41737,1.41768,1.13,1.13
2011.10.10 13:29:26.933,1.41738,1.41768,1.43,1.13
2011.10.10 13:29:27.055,1.41739,1.41769,1.09,1.50
2011.10.10 13:29:30.858,1.41747,1.41773,2.18,2.63
2011.10.10 13:29:31.223,1.41749,1.41778,1.09,1.50
2011.10.10 13:29:33.964,1.41752,1.41784,1.09,1.88
2011.10.10 13:29:40.303,1.41747,1.41784,1.88,1.50
2011.10.10 13:29:40.891,1.41747,1.41781,1.88,1.50
2011.10.10 13:29:42.916,1.41745,1.41781,1.47,1.50
2011.10.10 13:29:43.271,1.41745,1.41781,1.09,1.50
2011.10.10 13:29:43.442,1.41745,1.41781,1.09,1.50
2011.10.10 13:29:43.864,1.41745,1.41781,1.09,1.50
2011.10.10 13:29:44.805,1.41742,1.4178,1.09,1.50
2011.10.10 13:29:46.464,1.41746,1.41778,1.77,1.50
2011.10.10 13:29:46.597,1.41745,1.41784,1.09,4.13
2011.10.10 13:29:50.057,1.41745,1.41784,1.50,5.55
2011.10.10 13:29:50.753,1.41742,1.41782,1.50,1.13
2011.10.10 13:29:50.876,1.41739,1.41778,1.09,2.93
2011.10.10 13:29:51.125,1.41732,1.41771,1.50,1.50
2011.10.10 13:29:51.374,1.41731,1.41763,1.84,1.50
2011.10.10 13:29:51.737,1.41724,1.41759,1.80,1.50
2011.10.10 13:29:51.865,1.41722,1.41759,1.50,1.50
2011.10.10 13:29:52.362,1.41723,1.41759,1.50,1.50
2011.10.10 13:29:52.733,1.41727,1.41763,1.77,2.63
2011.10.10 13:29:53.217,1.41727,1.41758,3.64,1.50
2011.10.10 13:29:53.829,1.41728,1.41764,1.77,1.50
2011.10.10 13:29:54.846,1.41731,1.41763,1.09,1.13
2011.10.10 13:29:55.214,1.41733,1.41763,1.09,2.63
2011.10.10 13:29:56.789,1.41736,1.41771,1.09,1.50
2011.10.10 13:29:57.393,1.4174,1.41771,1.43,1.50
2011.10.10 13:29:57.991,1.41739,1.41771,1.77,1.50
2011.10.10 13:29:58.558,1.41738,1.41774,3.27,1.88
2011.10.10 13:29:59.363,1.41742,1.41776,1.77,1.50
2011.10.10 13:30:00.148,1.41744,1.41781,2.59,1.88
2011.10.10 13:30:00.520,1.41753,1.41783,1.84,2.63
2011.10.10 13:30:01.124,1.41753,1.41783,1.84,2.63
2011.10.10 13:30:01.730,1.41754,1.41776,1.09,1.50
2011.10.10 13:30:02.053,1.41756,1.41783,1.09,3.38
2011.10.10 13:30:03.238,1.41763,1.41785,2.59,1.50
2011.10.10 13:30:03.366,1.41765,1.41789,1.09,1.50
2011.10.10 13:30:04.427,1.41764,1.41789,1.50,1.50
2011.10.10 13:30:04.555,1.41757,1.41789,1.09,1.50
2011.10.10 13:30:04.693,1.41751,1.41782,1.84,1.50
2011.10.10 13:30:05.177,1.41751,1.41786,1.84,1.50
2011.10.10 13:30:06.004,1.41751,1.41782,2.59,1.50
2011.10.10 13:30:06.865,1.41751,1.41787,1.13,1.50
2011.10.10 13:30:06.993,1.41751,1.41782,1.13,1.50
2011.10.10 13:30:07.360,1.41754,1.41782,2.59,1.50
2011.10.10 13:30:07.485,1.41753,1.41786,1.13,1.50
2011.10.10 13:30:07.614,1.41758,1.41788,1.84,1.50
2011.10.10 13:30:07.865,1.41754,1.41792,2.25,1.47
2011.10.10 13:30:07.995,1.41757,1.41792,1.09,1.13
2011.10.10 13:30:08.126,1.41757,1.41793,1.50,2.63
2011.10.10 13:30:08.639,1.41757,1.41793,1.50,1.84
2011.10.10 13:30:08.891,1.41753,1.41789,1.50,1.50
2011.10.10 13:30:09.257,1.41755,1.41786,1.88,1.09
2011.10.10 13:30:09.393,1.41753,1.41783,1.09,1.50
2011.10.10 13:30:09.524,1.41754,1.41783,1.13,2.25
2011.10.10 13:30:09.653,1.41757,1.41783,2.59,1.50
2011.10.10 13:30:09.783,1.41754,1.41783,1.84,3.38
2011.10.10 13:30:09.906,1.41754,1.41783,1.09,2.63
2011.10.10 13:30:10.478,1.4175,1.41783,1.09,2.63
2011.10.10 13:30:10.607,1.41748,1.41783,1.50,2.63
2011.10.10 13:30:10.745,1.41753,1.41783,1.09,2.63
2011.10.10 13:30:10.868,1.41756,1.41783,1.09,1.88
2011.10.10 13:30:11.121,1.41751,1.41783,1.09,3.38
2011.10.10 13:30:11.487,1.41744,1.41773,2.25,3.38
2011.10.10 13:30:11.741,1.41738,1.41773,1.09,3.38
2011.10.10 13:30:11.870,1.41738,1.41768,1.09,1.50
2011.10.10 13:30:12.518,1.41738,1.41773,1.09,2.63
2011.10.10 13:30:12.769,1.41738,1.41769,1.09,1.50
2011.10.10 13:30:13.018,1.41741,1.41772,1.09,1.50
2011.10.10 13:30:13.145,1.41741,1.41773,1.09,3.00
2011.10.10 13:30:14.094,1.41742,1.41773,1.09,2.63
2011.10.10 13:30:14.709,1.41742,1.41776,1.09,1.13
2011.10.10 13:30:14.841,1.4174,1.41773,1.09,1.50
2011.10.10 13:30:15.329,1.41742,1.41773,1.09,1.50
2011.10.10 13:30:15.460,1.41745,1.41776,1.09,1.13
2011.10.10 13:30:15.831,1.41743,1.41771,1.09,1.50
2011.10.10 13:30:17.389,1.4174,1.41775,1.09,1.13
2011.10.10 13:30:17.983,1.4174,1.41774,1.09,1.88
2011.10.10 13:30:19.445,1.4174,1.41771,1.09,1.50
2011.10.10 13:30:19.953,1.41738,1.41771,1.09,1.50
2011.10.10 13:30:20.185,1.41737,1.41771,1.09,1.50
2011.10.10 13:30:20.313,1.41733,1.41771,1.09,1.50
2011.10.10 13:30:22.536,1.41741,1.41771,1.84,1.50
2011.10.10 13:30:24.103,1.41741,1.41771,1.84,2.18
2011.10.10 13:30:24.227,1.41736,1.41765,3.34,1.50
2011.10.10 13:30:25.186,1.41744,1.41774,1.09,1.50
2011.10.10 13:30:25.671,1.41749,1.41777,1.13,1.88
2011.10.10 13:30:25.808,1.4175,1.41777,2.22,1.88
2011.10.10 13:30:26.673,1.41746,1.41777,1.84,1.88
2011.10.10 13:30:28.648,1.41748,1.41777,1.80,1.88
2011.10.10 13:30:28.777,1.41748,1.41779,2.52,1.13
2011.10.10 13:30:30.977,1.41747,1.41779,1.09,1.50
2011.10.10 13:30:31.345,1.41746,1.41774,1.09,1.50
2011.10.10 13:30:31.834,1.41746,1.4178,1.50,1.88
2011.10.10 13:30:32.652,1.41749,1.4178,2.14,1.13
2011.10.10 13:30:32.786,1.41748,1.41778,3.27,1.50
2011.10.10 13:30:33.973,1.41749,1.41778,2.14,1.50
2011.10.10 13:30:34.576,1.41744,1.41772,1.09,1.50
2011.10.10 13:30:35.923,1.41749,1.41772,1.84,1.50
2011.10.10 13:30:36.165,1.41753,1.41778,2.25,1.50
2011.10.10 13:30:36.782,1.41754,1.41778,1.50,1.50
2011.10.10 13:30:37.146,1.41754,1.41779,2.59,1.13
2011.10.10 13:30:37.783,1.41754,1.4178,3.34,1.13
2011.10.10 13:30:38.384,1.41758,1.4178,1.09,1.13
2011.10.10 13:30:38.639,1.41758,1.41788,1.09,1.88
2011.10.10 13:30:38.769,1.41764,1.41788,1.50,1.88
2011.10.10 13:30:39.139,1.41767,1.41788,1.50,1.13
2011.10.10 13:30:39.268,1.41759,1.41788,1.47,1.88
2011.10.10 13:30:39.403,1.41753,1.41788,2.63,1.88
2011.10.10 13:30:39.530,1.41753,1.41783,4.05,1.50
2011.10.10 13:30:40.114,1.41753,1.41784,1.50,1.50
2011.10.10 13:30:40.841,1.41753,1.41784,1.50,1.50
2011.10.10 13:30:41.446,1.41753,1.41783,1.50,2.63
2011.10.10 13:30:42.853,1.41753,1.41777,1.50,1.13
2011.10.10 13:30:44.381,1.4175,1.41776,1.09,1.13
2011.10.10 13:30:45.345,1.41743,1.41774,2.22,2.25
2011.10.10 13:30:45.923,1.41741,1.41773,1.09,1.50
2011.10.10 13:30:47.219,1.41741,1.41765,1.09,1.13
2011.10.10 13:30:50.059,1.41738,1.41765,1.50,1.88
2011.10.10 13:30:50.189,1.41732,1.4176,1.09,1.50
2011.10.10 13:30:51.084,1.4173,1.41754,1.09,1.50
2011.10.10 13:30:52.083,1.41728,1.41754,1.09,1.50
2011.10.10 13:30:55.294,1.41725,1.41754,1.50,1.50
2011.10.10 13:30:58.623,1.41725,1.41753,1.50,3.38
2011.10.10 13:30:58.751,1.4172,1.41753,1.09,1.50
2011.10.10 13:30:59.105,1.4172,1.41747,1.84,1.50
2011.10.10 13:30:59.237,1.41722,1.41754,2.25,3.38
2011.10.10 13:30:59.369,1.41729,1.41754,1.50,3.38
2011.10.10 13:30:59.500,1.4173,1.41754,1.09,1.88
2011.10.10 13:30:59.889,1.4173,1.41759,1.09,1.50
2011.10.10 13:31:00.258,1.41731,1.41759,1.09,1.50
2011.10.10 13:31:00.633,1.4173,1.41759,1.50,1.50
2011.10.10 13:31:00.786,1.4172,1.41744,1.09,1.88
2011.10.10 13:31:01.278,1.41725,1.41753,1.09,1.88
2011.10.10 13:31:01.413,1.41726,1.41753,1.09,2.63
2011.10.10 13:31:01.658,1.41726,1.41754,1.09,1.88
2011.10.10 13:31:01.793,1.41724,1.41759,2.97,1.50
2011.10.10 13:31:02.140,1.41724,1.41758,1.47,1.13
2011.10.10 13:31:02.648,1.41722,1.41758,1.09,1.13
2011.10.10 13:31:02.895,1.4172,1.41754,1.50,1.88
2011.10.10 13:31:03.025,1.4172,1.41754,1.50,1.88
2011.10.10 13:31:03.281,1.41714,1.41752,2.52,1.13
2011.10.10 13:31:04.081,1.41716,1.41752,1.09,1.13
2011.10.10 13:31:05.387,1.4172,1.41753,1.50,1.88
2011.10.10 13:31:05.515,1.41721,1.41753,1.50,1.88
2011.10.10 13:31:06.314,1.41721,1.41754,1.50,1.88
2011.10.10 13:31:07.287,1.41721,1.41754,1.50,1.88
2011.10.10 13:31:07.417,1.41724,1.41759,1.84,1.50
2011.10.10 13:31:08.030,1.41726,1.41764,1.47,2.63
2011.10.10 13:31:08.163,1.41724,1.41764,3.72,2.63
2011.10.10 13:31:09.046,1.41727,1.41763,1.09,1.13
2011.10.10 13:31:09.177,1.41724,1.41763,2.25,1.13
2011.10.10 13:31:09.308,1.41724,1.41764,2.25,2.63
2011.10.10 13:31:11.090,1.41727,1.41764,4.02,2.25
2011.10.10 13:31:12.406,1.41728,1.41764,1.09,1.13
2011.10.10 13:31:13.009,1.41727,1.41764,1.47,2.63
2011.10.10 13:31:13.368,1.41728,1.41766,1.09,1.50
2011.10.10 13:31:13.739,1.41734,1.41772,1.09,2.25
2011.10.10 13:31:14.706,1.41739,1.41772,1.09,1.50
2011.10.10 13:31:15.308,1.41746,1.41775,1.09,1.13
2011.10.10 13:31:15.441,1.41754,1.41778,1.09,1.50
2011.10.10 13:31:15.571,1.41756,1.41778,1.84,1.50
2011.10.10 13:31:15.699,1.41757,1.41778,1.09,1.50
2011.10.10 13:31:16.069,1.41756,1.41785,1.47,1.50
2011.10.10 13:31:16.196,1.41756,1.41789,1.09,1.50
2011.10.10 13:31:16.326,1.41755,1.41789,1.84,2.63
2011.10.10 13:31:17.172,1.41755,1.41789,1.84,1.88
2011.10.10 13:31:20.006,1.41754,1.41785,1.50,1.13
2011.10.10 13:31:20.253,1.41748,1.41784,2.14,1.88
2011.10.10 13:31:21.654,1.41747,1.41783,3.34,2.63
2011.10.10 13:31:22.122,1.41748,1.41783,1.09,1.88
2011.10.10 13:31:23.414,1.41747,1.41784,4.39,1.88
2011.10.10 13:31:26.102,1.41747,1.41784,4.77,1.13
2011.10.10 13:31:26.592,1.41747,1.41783,2.59,1.13
2011.10.10 13:31:26.732,1.41747,1.41783,1.88,1.13
2011.10.10 13:31:27.457,1.41749,1.41783,1.09,2.63
2011.10.10 13:31:27.831,1.41759,1.41784,1.50,1.50
2011.10.10 13:31:28.074,1.4176,1.41794,1.09,2.63
2011.10.10 13:31:29.491,1.41755,1.41793,1.47,3.38
2011.10.10 13:31:29.624,1.41766,1.41793,1.09,3.38
2011.10.10 13:31:29.757,1.4177,1.418,1.09,1.50
2011.10.10 13:31:30.123,1.4177,1.41804,1.09,2.63
2011.10.10 13:31:31.033,1.4177,1.41803,1.84,2.25
2011.10.10 13:31:31.854,1.4177,1.41804,1.84,1.13
2011.10.10 13:31:32.224,1.41773,1.41804,1.84,1.13
2011.10.10 13:31:35.036,1.41773,1.41804,1.84,1.13
2011.10.10 13:31:35.414,1.41788,1.4181,1.13,1.13
2011.10.10 13:31:35.553,1.41788,1.41813,1.13,2.63
2011.10.10 13:31:36.102,1.41788,1.41823,1.13,2.63
2011.10.10 13:31:36.350,1.41788,1.41824,1.13,3.00
2011.10.10 13:31:36.718,1.4179,1.41823,1.84,1.13
2011.10.10 13:31:37.204,1.41792,1.4183,2.25,1.50
2011.10.10 13:31:37.963,1.41796,1.41824,1.13,1.13
2011.10.10 13:31:38.108,1.418,1.4183,1.09,1.13
2011.10.10 13:31:38.718,1.418,1.41834,2.22,2.63
2011.10.10 13:31:38.967,1.41801,1.41834,1.09,2.63
2011.10.10 13:31:39.443,1.41801,1.41834,1.09,2.63
2011.10.10 13:31:39.804,1.41801,1.41834,1.09,2.63
2011.10.10 13:31:40.519,1.41801,1.41833,1.09,1.13
2011.10.10 13:31:40.889,1.41799,1.41833,1.13,2.63
2011.10.10 13:31:41.014,1.41793,1.41829,1.84,1.50
2011.10.10 13:31:41.807,1.41793,1.41824,1.84,1.13
2011.10.10 13:31:42.417,1.41793,1.41824,1.47,1.13
2011.10.10 13:31:43.725,1.41793,1.41824,1.47,1.13
2011.10.10 13:31:44.327,1.41791,1.41824,1.09,1.88
2011.10.10 13:31:44.813,1.41791,1.41824,1.09,1.88
2011.10.10 13:31:46.305,1.4179,1.41824,2.22,1.88
2011.10.10 13:31:47.882,1.4179,1.41824,2.22,3.38
2011.10.10 13:31:49.857,1.41797,1.41824,1.09,3.38
2011.10.10 13:31:49.988,1.41797,1.41824,1.09,1.88
2011.10.10 13:31:50.117,1.41798,1.41831,2.93,1.50
2011.10.10 13:31:50.474,1.41798,1.41831,2.18,1.50
2011.10.10 13:31:50.604,1.418,1.41831,1.43,1.50
2011.10.10 13:31:51.150,1.41796,1.41824,2.22,1.50
2011.10.10 13:31:51.518,1.41791,1.41824,1.43,1.50
2011.10.10 13:31:51.655,1.41786,1.41824,3.75,1.50
2011.10.10 13:31:52.476,1.41787,1.41823,2.63,2.63
2011.10.10 13:31:53.091,1.41787,1.41823,2.63,2.63
2011.10.10 13:31:55.112,1.41787,1.41823,3.38,2.63
2011.10.10 13:31:55.605,1.41785,1.41814,3.27,1.13
2011.10.10 13:31:55.741,1.41785,1.41815,3.27,1.13
2011.10.10 13:31:56.256,1.41793,1.41813,1.09,1.50
2011.10.10 13:31:56.386,1.41793,1.41824,1.09,2.63
2011.10.10 13:31:56.639,1.41798,1.41824,1.50,2.63
2011.10.10 13:31:57.365,1.41798,1.41824,1.50,2.63
2011.10.10 13:31:57.856,1.41793,1.41824,1.09,2.63
2011.10.10 13:31:59.028,1.41793,1.41831,1.09,1.50
2011.10.10 13:31:59.399,1.41793,1.41823,1.47,2.63
2011.10.10 13:31:59.756,1.41797,1.41824,1.50,2.63
2011.10.10 13:32:00.243,1.41795,1.41831,1.13,1.50
2011.10.10 13:32:00.365,1.41793,1.41824,1.47,2.63
2011.10.10 13:32:01.413,1.41793,1.41823,1.09,2.63
2011.10.10 13:32:02.017,1.41793,1.41823,1.09,1.88
2011.10.10 13:32:03.891,1.41787,1.41823,1.13,1.88
2011.10.10 13:32:04.135,1.41787,1.41824,1.13,2.63
2011.10.10 13:32:04.384,1.41787,1.41823,1.13,1.88
2011.10.10 13:32:05.730,1.41786,1.41814,1.13,1.50
2011.10.10 13:32:06.335,1.41787,1.41813,1.50,1.88
2011.10.10 13:32:07.047,1.41785,1.41814,1.84,1.88
2011.10.10 13:32:07.177,1.41783,1.41814,1.47,1.88
2011.10.10 13:32:07.785,1.41778,1.41813,1.50,1.80
2011.10.10 13:32:08.617,1.41777,1.41811,1.09,1.50
2011.10.10 13:32:08.985,1.41777,1.41812,1.09,2.93
2011.10.10 13:32:09.346,1.4178,1.41814,1.50,1.88
2011.10.10 13:32:09.474,1.4178,1.41814,1.50,1.88
2011.10.10 13:32:10.130,1.4178,1.41813,1.50,1.88
2011.10.10 13:32:11.096,1.4178,1.41813,1.88,1.88
2011.10.10 13:32:11.815,1.4178,1.41813,1.88,1.88
2011.10.10 13:32:12.179,1.41779,1.41814,1.50,1.88
2011.10.10 13:32:12.307,1.4178,1.41814,1.50,1.88
2011.10.10 13:32:12.779,1.4178,1.41814,1.50,1.88
2011.10.10 13:32:13.145,1.4178,1.41813,1.50,1.88
2011.10.10 13:32:13.753,1.41779,1.41813,2.25,1.88
2011.10.10 13:32:14.796,1.41779,1.41804,2.25,1.50
2011.10.10 13:32:15.272,1.41775,1.41804,1.09,1.88
2011.10.10 13:32:15.873,1.41777,1.41803,1.09,1.50
2011.10.10 13:32:16.472,1.41778,1.41804,1.50,1.88
2011.10.10 13:32:17.065,1.41779,1.41813,1.50,2.63
2011.10.10 13:32:17.937,1.41781,1.41814,1.50,1.88
2011.10.10 13:32:18.304,1.41778,1.41811,1.13,1.13
2011.10.10 13:32:19.013,1.41778,1.41811,1.13,1.13
2011.10.10 13:32:19.137,1.41778,1.41813,1.13,2.63
2011.10.10 13:32:19.558,1.4178,1.41813,1.13,1.88
2011.10.10 13:32:19.694,1.4178,1.41811,1.13,1.50
2011.10.10 13:32:19.956,1.4178,1.41813,1.50,1.88
2011.10.10 13:32:20.569,1.41781,1.41813,1.47,1.88
2011.10.10 13:32:20.935,1.41786,1.41814,1.50,1.88
2011.10.10 13:32:21.681,1.41785,1.41813,1.09,1.88
2011.10.10 13:32:21.828,1.41783,1.41813,3.00,1.88
2011.10.10 13:32:21.961,1.41783,1.41814,2.25,1.88
2011.10.10 13:32:22.327,1.41773,1.41804,1.84,1.88
2011.10.10 13:32:24.086,1.41772,1.41804,1.50,2.63
2011.10.10 13:32:24.219,1.41766,1.41804,2.25,2.63
2011.10.10 13:32:24.469,1.41767,1.41803,1.88,1.88
2011.10.10 13:32:24.839,1.41767,1.41804,1.50,2.63
2011.10.10 13:32:24.973,1.41767,1.41803,1.50,1.13
2011.10.10 13:32:25.339,1.41765,1.41794,1.50,1.88
2011.10.10 13:32:25.952,1.41766,1.41793,1.50,1.88
2011.10.10 13:32:27.692,1.41762,1.41793,1.50,1.88
2011.10.10 13:32:28.643,1.41758,1.41784,1.09,1.88
2011.10.10 13:32:29.009,1.4176,1.41793,1.50,1.88
2011.10.10 13:32:30.762,1.41762,1.41793,1.88,1.88
2011.10.10 13:32:31.975,1.41762,1.41793,1.13,1.88
2011.10.10 13:32:32.945,1.41762,1.41793,1.13,1.88
2011.10.10 13:32:33.544,1.41761,1.41793,1.50,1.88
2011.10.10 13:32:34.037,1.4176,1.41794,1.50,1.88
2011.10.10 13:32:34.640,1.41759,1.41794,1.84,2.63
2011.10.10 13:32:34.765,1.41762,1.41794,1.50,1.88
2011.10.10 13:32:36.984,1.41762,1.41794,1.13,1.13
2011.10.10 13:32:37.109,1.41762,1.41794,1.09,1.13
2011.10.10 13:32:37.242,1.4176,1.41794,1.50,1.13
2011.10.10 13:32:37.368,1.41757,1.41793,1.88,1.13
2011.10.10 13:32:37.739,1.41763,1.41792,1.50,1.50
2011.10.10 13:32:38.348,1.41763,1.41794,2.25,1.88
2011.10.10 13:32:39.393,1.41764,1.41799,1.47,1.50
2011.10.10 13:32:39.756,1.41769,1.41798,1.09,1.13
2011.10.10 13:32:39.884,1.41765,1.41798,1.47,1.13
2011.10.10 13:32:40.015,1.41765,1.41798,1.13,1.13
2011.10.10 13:32:40.372,1.41765,1.41798,1.13,1.13
2011.10.10 13:32:42.041,1.41771,1.418,1.50,1.50
2011.10.10 13:32:42.162,1.41768,1.418,1.47,1.50
2011.10.10 13:32:42.530,1.41777,1.41804,1.84,3.00
2011.10.10 13:32:44.185,1.41773,1.41811,2.97,1.13
2011.10.10 13:32:44.591,1.41773,1.41812,2.97,2.25
2011.10.10 13:32:44.955,1.41773,1.41811,4.47,1.13
2011.10.10 13:32:45.785,1.4179,1.41811,1.09,1.13
2011.10.10 13:32:45.918,1.4179,1.41814,1.09,1.50
2011.10.10 13:32:46.050,1.4179,1.41818,1.09,1.50
2011.10.10 13:32:46.533,1.4179,1.41818,1.09,1.13
2011.10.10 13:32:47.813,1.41796,1.41818,1.09,1.13
2011.10.10 13:32:49.560,1.41793,1.41813,1.50,1.88
2011.10.10 13:32:49.932,1.41799,1.41823,1.50,1.88
2011.10.10 13:32:50.330,1.41806,1.41823,1.50,1.50
2011.10.10 13:32:50.924,1.41806,1.4183,1.50,1.13
2011.10.10 13:32:51.055,1.41808,1.41831,1.50,1.13
2011.10.10 13:32:51.188,1.41813,1.41834,1.50,1.88
2011.10.10 13:32:51.575,1.41815,1.41833,1.50,1.88
2011.10.10 13:32:52.882,1.41815,1.41834,1.50,1.50
2011.10.10 13:32:53.010,1.41815,1.41843,1.50,3.38
2011.10.10 13:32:53.256,1.41817,1.41843,1.09,2.25
2011.10.10 13:32:54.315,1.41817,1.41843,1.09,3.75
2011.10.10 13:32:54.570,1.41804,1.41841,1.50,2.18
2011.10.10 13:32:54.814,1.41804,1.41833,1.50,1.88
2011.10.10 13:32:55.549,1.41798,1.41833,2.25,1.88
2011.10.10 13:32:56.157,1.418,1.41833,1.50,1.88
2011.10.10 13:32:56.767,1.418,1.41834,1.50,1.88
2011.10.10 13:32:57.328,1.418,1.41833,1.50,1.88
2011.10.10 13:32:58.280,1.418,1.41833,1.13,1.88
2011.10.10 13:32:58.884,1.41797,1.41833,1.88,1.88
2011.10.10 13:32:59.006,1.41792,1.41831,1.13,1.50
2011.10.10 13:32:59.443,1.41801,1.41833,1.09,1.43
2011.10.10 13:32:59.822,1.41809,1.4184,1.50,1.13
2011.10.10 13:33:00.188,1.41811,1.4184,1.84,1.50
2011.10.10 13:33:01.156,1.41811,1.41843,2.59,1.88
2011.10.10 13:33:01.290,1.41814,1.41843,1.13,1.88
2011.10.10 13:33:02.004,1.41811,1.41844,1.09,1.88
2011.10.10 13:33:02.142,1.41823,1.41847,1.50,1.13
2011.10.10 13:33:02.746,1.41812,1.41843,1.09,1.50
2011.10.10 13:33:02.876,1.41811,1.41843,1.47,1.50
2011.10.10 13:33:03.370,1.41811,1.41843,1.47,1.88
2011.10.10 13:33:05.567,1.41811,1.41842,1.09,1.13
2011.10.10 13:33:06.624,1.41811,1.41833,1.09,1.88
2011.10.10 13:33:07.103,1.41811,1.41843,1.09,4.13
2011.10.10 13:33:07.222,1.41811,1.41842,1.09,1.50
2011.10.10 13:33:08.285,1.4181,1.41833,1.09,1.88
2011.10.10 13:33:08.542,1.41797,1.41834,1.50,2.63
2011.10.10 13:33:08.904,1.41797,1.41832,1.50,1.50
2011.10.10 13:33:09.024,1.41794,1.41827,1.13,2.18
2011.10.10 13:33:09.146,1.41792,1.41826,1.13,2.18
2011.10.10 13:33:09.272,1.41791,1.41823,1.09,2.63
2011.10.10 13:33:09.874,1.41792,1.41823,1.13,2.63
2011.10.10 13:33:10.595,1.41798,1.41823,1.09,1.88
2011.10.10 13:33:10.739,1.41798,1.41833,1.84,3.38
2011.10.10 13:33:10.865,1.41802,1.41833,1.43,2.25
2011.10.10 13:33:10.994,1.41799,1.41833,1.50,2.63
2011.10.10 13:33:11.128,1.41797,1.41833,4.47,1.88
2011.10.10 13:33:11.256,1.41797,1.41826,3.72,1.50
2011.10.10 13:33:11.386,1.41797,1.41833,3.72,3.38
2011.10.10 13:33:11.974,1.41798,1.41833,1.09,2.63
2011.10.10 13:33:12.232,1.41795,1.41829,2.25,1.50
2011.10.10 13:33:12.524,1.41793,1.41825,1.50,2.18
2011.10.10 13:33:12.669,1.41789,1.41824,1.09,2.63
2011.10.10 13:33:13.281,1.41794,1.41827,1.88,1.50
2011.10.10 13:33:13.887,1.41789,1.41824,1.09,1.13
2011.10.10 13:33:14.468,1.41788,1.41824,1.09,3.38
2011.10.10 13:33:15.054,1.41787,1.41824,1.50,3.38
2011.10.10 13:33:15.815,1.4179,1.41824,1.09,1.88
2011.10.10 13:33:16.172,1.41796,1.41827,1.88,2.25
2011.10.10 13:33:18.159,1.41796,1.41827,1.13,1.50
2011.10.10 13:33:18.408,1.41796,1.41827,1.88,1.50
2011.10.10 13:33:21.997,1.41791,1.41827,1.13,1.50
2011.10.10 13:33:25.074,1.41788,1.41822,1.09,1.50
2011.10.10 13:33:27.837,1.4179,1.41824,1.09,2.63
2011.10.10 13:33:27.974,1.41787,1.41821,1.50,1.50
2011.10.10 13:33:28.108,1.41785,1.41814,1.50,1.50
2011.10.10 13:33:28.482,1.41787,1.41822,2.63,1.50
2011.10.10 13:33:28.970,1.41787,1.41823,1.88,3.38
2011.10.10 13:33:29.999,1.41787,1.41823,3.72,3.38
2011.10.10 13:33:30.130,1.41787,1.41823,3.72,2.63
2011.10.10 13:33:30.725,1.41787,1.41823,3.72,2.63
2011.10.10 13:33:31.955,1.41798,1.41824,4.50,1.88
2011.10.10 13:33:32.343,1.41797,1.41824,1.09,1.50
2011.10.10 13:33:32.473,1.41797,1.41824,2.22,1.50
2011.10.10 13:33:32.600,1.41797,1.41826,2.97,1.50
2011.10.10 13:33:32.967,1.4179,1.41825,2.22,1.50
2011.10.10 13:33:33.338,1.41801,1.41826,2.18,1.50
2011.10.10 13:33:33.847,1.41808,1.41834,1.50,1.13
2011.10.10 13:33:33.991,1.41796,1.41834,3.38,1.88
2011.10.10 13:33:34.121,1.41796,1.41832,1.13,1.50
2011.10.10 13:33:34.365,1.41789,1.41829,1.47,1.50
2011.10.10 13:33:34.860,1.41802,1.41829,1.50,1.50
2011.10.10 13:33:34.991,1.41807,1.41839,1.09,2.25
2011.10.10 13:33:35.239,1.41797,1.41831,2.63,1.50
2011.10.10 13:33:35.487,1.41797,1.41831,1.88,1.50
2011.10.10 13:33:35.853,1.41796,1.41824,1.88,1.50
2011.10.10 13:33:36.443,1.41796,1.41831,4.39,1.50
2011.10.10 13:33:37.742,1.41803,1.41831,1.50,1.50
2011.10.10 13:33:37.871,1.41803,1.41836,1.09,1.50
2011.10.10 13:33:37.999,1.41802,1.41835,1.84,1.50
2011.10.10 13:33:38.127,1.41797,1.41834,1.09,1.13
2011.10.10 13:33:39.645,1.41796,1.4183,2.97,1.50
2011.10.10 13:33:40.257,1.41797,1.41829,2.22,1.50
2011.10.10 13:33:42.175,1.418,1.4183,1.50,1.50
2011.10.10 13:33:42.551,1.41803,1.4183,1.50,1.50
2011.10.10 13:33:42.918,1.41789,1.41824,1.09,1.88
2011.10.10 13:33:43.047,1.41794,1.41824,1.50,2.25
2011.10.10 13:33:43.667,1.41799,1.41829,1.09,1.50
2011.10.10 13:33:43.929,1.41799,1.4183,1.09,1.50
2011.10.10 13:33:45.447,1.41799,1.4183,1.84,1.50
2011.10.10 13:33:45.817,1.41799,1.4183,1.09,1.50
2011.10.10 13:33:45.947,1.41799,1.4183,1.09,1.50
2011.10.10 13:33:46.200,1.41799,1.41833,1.09,1.88
2011.10.10 13:33:46.327,1.41799,1.41833,1.84,2.25
2011.10.10 13:33:46.976,1.41799,1.41838,1.09,2.25
2011.10.10 13:33:48.045,1.41799,1.41833,1.09,1.88
2011.10.10 13:33:48.413,1.41799,1.41833,1.09,1.88
2011.10.10 13:33:49.115,1.41799,1.4183,1.84,1.13
2011.10.10 13:33:51.124,1.41798,1.41833,1.09,1.88
2011.10.10 13:33:51.243,1.41799,1.41831,1.09,1.13
2011.10.10 13:33:51.604,1.418,1.41833,1.50,2.63
2011.10.10 13:33:51.845,1.41799,1.41831,1.09,1.13
2011.10.10 13:33:52.129,1.418,1.41833,1.50,2.63
2011.10.10 13:33:52.374,1.41799,1.41832,1.09,1.13
2011.10.10 13:33:52.738,1.41796,1.41823,1.50,1.88
2011.10.10 13:33:52.874,1.41787,1.4182,1.09,1.50
2011.10.10 13:33:53.362,1.4178,1.41814,1.84,1.50
2011.10.10 13:33:53.882,1.41781,1.4182,1.47,1.50
2011.10.10 13:33:55.372,1.41795,1.4182,1.84,1.50
2011.10.10 13:33:55.633,1.41797,1.41833,1.84,1.50
2011.10.10 13:33:56.259,1.41799,1.41833,1.09,3.38
2011.10.10 13:33:56.532,1.41799,1.41827,1.09,1.13
2011.10.10 13:33:56.668,1.41791,1.41827,1.09,1.50
2011.10.10 13:33:56.803,1.41791,1.41827,1.47,1.50
2011.10.10 13:33:57.167,1.41797,1.41822,1.50,2.25
2011.10.10 13:33:57.423,1.41797,1.41826,1.50,1.50
2011.10.10 13:33:57.908,1.41796,1.41826,1.88,1.50
2011.10.10 13:33:58.556,1.41797,1.41826,1.50,1.50
2011.10.10 13:33:58.936,1.41804,1.41836,1.09,1.50
2011.10.10 13:33:59.546,1.4181,1.41836,1.50,1.50
2011.10.10 13:34:03.087,1.41807,1.41827,1.88,1.50
2011.10.10 13:34:03.217,1.41799,1.41827,1.50,1.50
2011.10.10 13:34:03.837,1.41797,1.41827,1.50,1.50
2011.10.10 13:34:04.968,1.41796,1.41826,1.88,1.50
2011.10.10 13:34:05.093,1.41791,1.41823,1.09,1.88
2011.10.10 13:34:06.894,1.41791,1.41823,1.09,2.63
2011.10.10 13:34:07.254,1.41791,1.41821,1.09,1.50
2011.10.10 13:34:08.818,1.41784,1.41819,2.59,1.50
2011.10.10 13:34:08.946,1.41785,1.41821,1.09,2.25
2011.10.10 13:34:11.484,1.41785,1.41821,1.47,2.25
2011.10.10 13:34:14.001,1.41785,1.41819,1.09,1.13
2011.10.10 13:34:18.412,1.41785,1.41821,1.09,1.50
2011.10.10 13:34:19.623,1.41784,1.41819,1.09,1.13
2011.10.10 13:34:21.028,1.41795,1.41823,1.13,1.88
2011.10.10 13:34:21.160,1.41805,1.41823,1.50,1.88
2011.10.10 13:34:21.287,1.41805,1.41834,1.50,2.63
2011.10.10 13:34:21.643,1.4181,1.41841,1.50,1.50
2011.10.10 13:34:22.124,1.4181,1.41844,1.50,3.38
2011.10.10 13:34:22.250,1.41806,1.41833,1.50,2.63
2011.10.10 13:34:22.380,1.41805,1.41833,1.50,1.88
2011.10.10 13:34:24.003,1.41805,1.41834,1.50,1.50
2011.10.10 13:34:24.125,1.41805,1.41843,1.50,3.38
2011.10.10 13:34:24.363,1.41805,1.41834,1.50,1.88
2011.10.10 13:34:27.731,1.41804,1.41834,1.50,1.88
2011.10.10 13:34:29.588,1.41803,1.41834,1.50,1.88
2011.10.10 13:34:30.940,1.41804,1.41843,2.25,3.38
2011.10.10 13:34:31.072,1.41808,1.41843,1.09,1.88
2011.10.10 13:34:31.783,1.41812,1.41843,1.50,1.88
2011.10.10 13:34:32.125,1.41812,1.41843,1.47,1.88
2011.10.10 13:34:33.710,1.41817,1.41843,1.13,1.88
2011.10.10 13:34:34.076,1.41821,1.41851,1.09,1.50
2011.10.10 13:34:34.205,1.41824,1.41854,1.13,1.13
2011.10.10 13:34:34.334,1.41824,1.41855,1.13,1.13
2011.10.10 13:34:35.972,1.41824,1.41855,1.13,1.13
2011.10.10 13:34:36.580,1.41824,1.41853,1.50,1.88
2011.10.10 13:34:36.827,1.41824,1.41853,1.13,1.88
2011.10.10 13:34:36.960,1.41823,1.4184,1.50,1.09
2011.10.10 13:34:37.375,1.41816,1.41851,1.88,1.50
2011.10.10 13:34:37.508,1.41816,1.41851,1.88,1.50
2011.10.10 13:34:37.880,1.41811,1.41846,1.50,1.13
2011.10.10 13:34:38.257,1.41809,1.41822,1.13,1.43
2011.10.10 13:34:38.396,1.41795,1.41817,1.20,1.50
2011.10.10 13:34:38.527,1.41787,1.41814,1.95,1.13
2011.10.10 13:34:39.136,1.4178,1.41813,1.09,2.25
2011.10.10 13:34:40.323,1.41783,1.41803,1.50,1.50
2011.10.10 13:34:40.445,1.41781,1.41803,1.50,1.50
2011.10.10 13:34:40.803,1.41781,1.41813,2.25,1.88
2011.10.10 13:34:40.923,1.41787,1.41813,2.59,1.88
2011.10.10 13:34:41.283,1.41795,1.41813,1.50,1.88
2011.10.10 13:34:41.649,1.41797,1.41824,1.09,1.88
2011.10.10 13:34:41.998,1.41801,1.41833,1.09,1.88
2011.10.10 13:34:42.138,1.41798,1.41824,1.09,1.88
2011.10.10 13:34:42.986,1.41798,1.41833,1.09,1.88
2011.10.10 13:34:43.362,1.41804,1.41833,1.50,1.88
2011.10.10 13:34:44.042,1.41805,1.41834,1.50,1.88
2011.10.10 13:34:44.185,1.4182,1.41844,1.09,1.88
2011.10.10 13:34:44.319,1.41824,1.41844,1.09,1.88
2011.10.10 13:34:44.807,1.41825,1.41854,1.09,1.88
2011.10.10 13:34:45.404,1.41825,1.41853,1.09,1.88
2011.10.10 13:34:45.527,1.4183,1.41853,1.84,1.88
2011.10.10 13:34:46.257,1.41819,1.41853,1.09,1.88
2011.10.10 13:34:46.871,1.41826,1.41854,1.13,1.50
2011.10.10 13:34:46.994,1.41826,1.41864,1.13,2.63
2011.10.10 13:34:47.358,1.41823,1.41836,1.13,1.09
2011.10.10 13:34:47.491,1.41811,1.41836,1.84,1.50
2011.10.10 13:34:47.868,1.41818,1.41843,1.09,1.88
2011.10.10 13:34:48.350,1.41818,1.41844,1.09,1.50
2011.10.10 13:34:48.958,1.41818,1.41843,1.09,1.88
2011.10.10 13:34:50.872,1.41824,1.41854,1.50,1.88
2011.10.10 13:34:51.564,1.41824,1.41854,2.18,1.88
2011.10.10 13:34:52.575,1.41829,1.41853,1.50,1.88
2011.10.10 13:34:53.550,1.41829,1.41863,1.50,1.88
2011.10.10 13:35:01.517,1.41829,1.41871,2.93,1.13
2011.10.10 13:35:01.645,1.41836,1.41874,2.63,1.88
2011.10.10 13:35:02.252,1.41837,1.41874,1.13,1.88
2011.10.10 13:35:02.840,1.41836,1.41874,2.63,1.88
2011.10.10 13:35:03.490,1.41836,1.41868,2.22,1.50
2011.10.10 13:35:03.856,1.41837,1.41867,1.88,1.43
2011.10.10 13:35:03.984,1.41837,1.41866,1.88,1.50
2011.10.10 13:35:04.455,1.41829,1.41861,1.84,1.50
2011.10.10 13:35:05.959,1.41829,1.41864,1.84,3.38
2011.10.10 13:35:06.086,1.41829,1.41864,1.84,2.63
2011.10.10 13:35:06.697,1.41829,1.41864,1.84,1.13
2011.10.10 13:35:07.282,1.41837,1.41867,1.88,1.50
2011.10.10 13:35:08.074,1.41837,1.41872,1.88,1.50
2011.10.10 13:35:08.211,1.41846,1.41872,2.22,1.50
2011.10.10 13:35:08.339,1.41846,1.41878,2.22,1.50
2011.10.10 13:35:08.946,1.4184,1.41874,1.09,1.88
2011.10.10 13:35:10.123,1.4184,1.41876,1.09,1.13
2011.10.10 13:35:10.497,1.41839,1.41873,1.84,3.38
2011.10.10 13:35:10.990,1.41837,1.41873,1.88,4.13
2011.10.10 13:35:11.237,1.41834,1.41864,1.09,1.88
2011.10.10 13:35:13.423,1.41827,1.4186,1.84,1.50
2011.10.10 13:35:13.789,1.41814,1.4184,1.60,1.43
2011.10.10 13:35:14.286,1.41799,1.4183,1.20,2.25
2011.10.10 13:35:14.434,1.41812,1.41834,1.50,1.88
2011.10.10 13:35:14.567,1.41812,1.41844,1.50,2.22
2011.10.10 13:35:14.825,1.41812,1.41844,1.50,2.22
2011.10.10 13:35:14.961,1.41812,1.41844,1.50,2.22
2011.10.10 13:35:15.803,1.41812,1.41843,1.50,1.88
2011.10.10 13:35:16.382,1.41812,1.41844,1.50,2.22
2011.10.10 13:35:16.940,1.41816,1.41844,2.18,2.22
2011.10.10 13:35:17.068,1.41813,1.41852,1.50,1.50
2011.10.10 13:35:17.316,1.41813,1.41851,1.09,1.13
2011.10.10 13:35:17.443,1.41812,1.41851,1.50,1.47
2011.10.10 13:35:18.610,1.41816,1.41853,1.43,2.97
2011.10.10 13:35:19.034,1.41814,1.4185,1.50,1.13
2011.10.10 13:35:19.164,1.41813,1.4185,1.50,1.13
2011.10.10 13:35:19.887,1.41813,1.41851,1.50,1.13
2011.10.10 13:35:20.260,1.41811,1.41851,2.25,1.47
2011.10.10 13:35:22.300,1.41807,1.41845,3.38,1.13
2011.10.10 13:35:22.430,1.41807,1.41845,2.63,1.13
2011.10.10 13:35:22.561,1.41801,1.4183,1.50,1.09
2011.10.10 13:35:22.688,1.41799,1.41834,1.50,1.13
2011.10.10 13:35:22.817,1.41799,1.41838,1.50,1.50
2011.10.10 13:35:22.943,1.41799,1.41837,1.50,1.13
2011.10.10 13:35:23.784,1.41799,1.41837,1.50,1.13
2011.10.10 13:35:24.155,1.41799,1.41837,1.50,1.13
2011.10.10 13:35:24.527,1.41812,1.41851,1.09,1.50
2011.10.10 13:35:24.656,1.41814,1.41851,1.13,1.50
2011.10.10 13:35:25.029,1.41816,1.41855,3.38,1.13
2011.10.10 13:35:25.157,1.41816,1.41854,2.63,1.13
2011.10.10 13:35:25.715,1.41812,1.4185,2.22,1.50
2011.10.10 13:35:26.084,1.41806,1.41844,5.22,1.88
2011.10.10 13:35:26.323,1.41806,1.41849,5.97,1.13
2011.10.10 13:35:27.315,1.41809,1.41851,1.50,1.50
2011.10.10 13:35:27.445,1.41815,1.41854,2.18,2.63
2011.10.10 13:35:28.060,1.41816,1.41854,1.13,2.63
2011.10.10 13:35:28.386,1.41818,1.41854,1.09,1.88
2011.10.10 13:35:28.914,1.41818,1.41855,1.09,1.13
2011.10.10 13:35:29.034,1.41817,1.41855,2.63,1.13
2011.10.10 13:35:29.156,1.41817,1.4185,1.88,1.50
2011.10.10 13:35:29.529,1.41821,1.41857,1.84,1.50
2011.10.10 13:35:29.775,1.41818,1.41856,1.47,1.50
2011.10.10 13:35:30.515,1.41818,1.41856,1.09,1.13
2011.10.10 13:35:30.890,1.41817,1.41856,1.50,1.13
2011.10.10 13:35:31.026,1.41817,1.41859,4.05,1.50
2011.10.10 13:35:31.395,1.41823,1.41854,1.50,1.88
2011.10.10 13:35:31.893,1.41817,1.41854,1.50,2.22
2011.10.10 13:35:32.022,1.41817,1.41854,1.50,1.88
2011.10.10 13:35:32.625,1.41822,1.41853,1.50,1.88
2011.10.10 13:35:36.011,1.41828,1.41863,1.50,1.88
2011.10.10 13:35:36.262,1.41828,1.41863,1.50,1.88
2011.10.10 13:35:36.865,1.41828,1.41866,1.50,1.47
2011.10.10 13:35:37.476,1.41828,1.41864,1.50,3.00
2011.10.10 13:35:37.607,1.41822,1.41858,1.50,1.47
2011.10.10 13:35:37.975,1.41817,1.41847,1.88,1.13
2011.10.10 13:35:38.295,1.41808,1.41847,1.84,1.13
2011.10.10 13:35:38.436,1.41808,1.41846,1.84,1.13
2011.10.10 13:35:39.573,1.4181,1.41846,1.09,1.50
2011.10.10 13:35:40.061,1.41807,1.41841,2.97,1.50
2011.10.10 13:35:40.458,1.41807,1.41841,4.39,1.50
2011.10.10 13:35:41.187,1.41808,1.41846,1.47,1.50
2011.10.10 13:35:43.565,1.41816,1.41847,1.88,1.50
2011.10.10 13:35:43.814,1.41817,1.41847,1.88,1.50
2011.10.10 13:35:44.056,1.41817,1.41847,1.88,1.50
2011.10.10 13:35:44.663,1.41808,1.41845,1.84,1.13
2011.10.10 13:35:44.784,1.41811,1.41847,1.13,1.50
2011.10.10 13:35:46.396,1.41807,1.41845,5.55,1.13
2011.10.10 13:35:46.648,1.41807,1.41845,3.38,1.13
2011.10.10 13:35:46.774,1.41807,1.41839,2.63,1.50
2011.10.10 13:35:47.244,1.41807,1.41843,3.38,1.13
2011.10.10 13:35:48.095,1.41807,1.41843,3.38,1.13
2011.10.10 13:35:50.986,1.41811,1.41845,1.47,1.50
2011.10.10 13:35:52.656,1.4181,1.41845,1.47,1.50
2011.10.10 13:35:53.017,1.41805,1.41838,2.18,1.13
2011.10.10 13:35:53.264,1.41798,1.41834,1.50,1.50
2011.10.10 13:35:53.614,1.41798,1.41834,1.50,1.88
2011.10.10 13:35:54.141,1.41798,1.41833,1.50,2.63
2011.10.10 13:35:54.721,1.41795,1.41832,1.13,1.13
2011.10.10 13:35:55.448,1.41794,1.41826,1.84,1.13
2011.10.10 13:35:55.577,1.41789,1.41825,1.50,1.50
2011.10.10 13:35:56.183,1.41787,1.41824,2.25,1.13
2011.10.10 13:35:56.566,1.41789,1.41825,1.50,1.13
2011.10.10 13:35:56.694,1.41787,1.41824,3.00,1.13
2011.10.10 13:35:58.043,1.4179,1.41824,1.77,1.13
2011.10.10 13:35:58.164,1.418,1.41824,1.13,1.13
2011.10.10 13:35:58.529,1.4182,1.41856,1.50,1.39
2011.10.10 13:35:58.897,1.41828,1.41859,1.13,1.13
2011.10.10 13:35:59.030,1.41828,1.41861,1.13,2.55
2011.10.10 13:35:59.274,1.41827,1.41859,2.25,1.88
2011.10.10 13:35:59.659,1.41819,1.4185,1.13,1.09
2011.10.10 13:35:59.906,1.41807,1.41845,1.50,1.13
2011.10.10 13:36:00.157,1.41813,1.41849,1.50,1.43
2011.10.10 13:36:00.529,1.41819,1.41853,1.50,2.89
2011.10.10 13:36:00.658,1.41816,1.41852,1.50,1.13
2011.10.10 13:36:00.903,1.41814,1.41849,1.13,1.50
2011.10.10 13:36:01.655,1.41812,1.41849,1.13,1.50
2011.10.10 13:36:02.184,1.4181,1.41846,1.50,1.13
2011.10.10 13:36:02.553,1.41812,1.41849,1.13,2.93
2011.10.10 13:36:03.396,1.4181,1.41846,1.50,1.13
2011.10.10 13:36:04.342,1.4181,1.41846,1.50,1.50
2011.10.10 13:36:04.475,1.41808,1.41842,1.13,1.50
2011.10.10 13:36:04.732,1.41807,1.41842,2.22,1.50
2011.10.10 13:36:05.338,1.41808,1.41845,1.50,1.47
2011.10.10 13:36:07.599,1.4181,1.41848,1.13,2.25
2011.10.10 13:36:08.178,1.41809,1.41847,1.47,1.50
2011.10.10 13:36:09.148,1.41809,1.41847,1.47,1.50
2011.10.10 13:36:09.392,1.41809,1.41847,1.47,1.50
2011.10.10 13:36:10.807,1.41818,1.41848,1.50,1.50
2011.10.10 13:36:10.940,1.4182,1.41854,1.50,1.50
2011.10.10 13:36:11.067,1.4182,1.41854,1.13,1.50
2011.10.10 13:36:11.436,1.41816,1.41853,1.88,1.50
2011.10.10 13:36:12.286,1.41815,1.41852,1.84,2.18
2011.10.10 13:36:13.207,1.41815,1.41852,1.47,2.18
2011.10.10 13:36:13.335,1.41815,1.41852,1.47,2.18
2011.10.10 13:36:13.795,1.41815,1.41853,1.47,1.50
2011.10.10 13:36:14.046,1.41815,1.41853,1.47,1.50
2011.10.10 13:36:15.398,1.41813,1.41848,1.13,1.50
2011.10.10 13:36:15.646,1.41809,1.41846,1.13,1.13
2011.10.10 13:36:16.242,1.41807,1.41844,1.50,1.13
2011.10.10 13:36:17.206,1.41808,1.41844,1.13,1.13
2011.10.10 13:36:19.572,1.41807,1.41844,1.50,1.13
2011.10.10 13:36:19.997,1.41808,1.41847,1.50,1.50
2011.10.10 13:36:20.123,1.41809,1.41847,1.13,1.50
2011.10.10 13:36:22.819,1.41808,1.41846,1.13,2.25
2011.10.10 13:36:23.071,1.41808,1.41843,1.13,1.50
2011.10.10 13:36:23.556,1.41801,1.41839,1.50,1.13
2011.10.10 13:36:23.808,1.41809,1.41844,1.09,1.88
2011.10.10 13:36:24.443,1.41808,1.41845,1.09,1.88
2011.10.10 13:36:24.813,1.41809,1.41846,1.09,1.50
2011.10.10 13:36:25.176,1.41808,1.41843,1.09,1.13
2011.10.10 13:36:26.475,1.41809,1.41845,1.09,2.18
2011.10.10 13:36:26.604,1.4181,1.41847,1.50,1.50
2011.10.10 13:36:26.724,1.4181,1.41847,2.22,1.50
2011.10.10 13:36:28.749,1.41808,1.41847,1.50,1.50
2011.10.10 13:36:28.854,1.41808,1.41846,1.50,1.13
2011.10.10 13:36:29.214,1.41807,1.41843,3.38,1.13
2011.10.10 13:36:29.798,1.41807,1.41843,3.38,1.13
2011.10.10 13:36:30.069,1.41807,1.41843,3.38,1.13
2011.10.10 13:36:30.197,1.41808,1.41843,2.25,1.13
2011.10.10 13:36:30.446,1.41808,1.41845,1.50,1.13
2011.10.10 13:36:31.004,1.41807,1.41844,3.38,1.13
2011.10.10 13:36:31.585,1.41811,1.41847,1.84,1.50
2011.10.10 13:36:31.952,1.41814,1.41847,1.13,1.50
2011.10.10 13:36:32.533,1.41811,1.41846,2.52,1.50
2011.10.10 13:36:32.651,1.41811,1.41846,1.09,1.88
2011.10.10 13:36:33.143,1.41811,1.41847,2.52,1.50
2011.10.10 13:36:33.372,1.41814,1.41847,1.13,1.50
2011.10.10 13:36:38.257,1.41811,1.41847,1.09,1.50
2011.10.10 13:36:38.397,1.41817,1.41847,1.88,1.50
2011.10.10 13:36:38.648,1.41811,1.41847,1.09,1.50
2011.10.10 13:36:38.779,1.41811,1.41846,1.09,1.13
2011.10.10 13:36:39.178,1.41811,1.41847,1.09,1.50
2011.10.10 13:36:39.309,1.41811,1.41847,1.09,1.50
2011.10.10 13:36:39.667,1.41814,1.41847,1.13,1.50
2011.10.10 13:36:39.794,1.41811,1.41847,1.09,1.50
2011.10.10 13:36:40.209,1.41808,1.41846,2.25,1.13
2011.10.10 13:36:42.463,1.41808,1.41846,2.25,1.13
2011.10.10 13:36:42.944,1.41816,1.41853,1.13,3.38
2011.10.10 13:36:45.077,1.41815,1.41853,1.50,1.50
2011.10.10 13:36:45.674,1.41817,1.41853,1.88,1.88
2011.10.10 13:36:46.348,1.41815,1.41853,1.50,3.38
2011.10.10 13:36:46.474,1.41813,1.41851,1.50,1.50
2011.10.10 13:36:47.249,1.41815,1.41851,1.13,1.50
2011.10.10 13:36:48.036,1.41816,1.41853,3.38,1.50
2011.10.10 13:36:48.410,1.41817,1.41853,1.09,1.50
2011.10.10 13:36:48.657,1.41821,1.41857,1.13,1.50
2011.10.10 13:36:49.191,1.41821,1.41858,1.13,1.50
2011.10.10 13:36:49.894,1.4182,1.41853,1.13,1.50
2011.10.10 13:36:51.078,1.41819,1.41853,1.09,1.50
2011.10.10 13:36:51.208,1.41817,1.41853,1.88,2.25
2011.10.10 13:36:51.444,1.41817,1.41852,1.88,1.50
2011.10.10 13:36:52.029,1.41817,1.41846,1.88,1.50
2011.10.10 13:36:53.092,1.41807,1.41844,1.50,1.13
2011.10.10 13:36:53.978,1.41806,1.41844,3.38,1.13
2011.10.10 13:36:54.336,1.41806,1.41841,1.88,1.50
2011.10.10 13:36:54.469,1.41808,1.41845,1.50,1.13
2011.10.10 13:36:54.960,1.41818,1.41847,1.09,2.25
2011.10.10 13:36:55.100,1.4182,1.41855,1.13,1.13
2011.10.10 13:36:55.590,1.4182,1.41858,1.50,1.88
2011.10.10 13:36:55.840,1.41828,1.41858,1.22,1.50
2011.10.10 13:36:55.966,1.41837,1.41865,1.88,1.84
2011.10.10 13:36:56.101,1.41837,1.41868,1.88,1.09
2011.10.10 13:36:56.230,1.41837,1.41871,2.25,1.50
2011.10.10 13:36:56.479,1.41836,1.41867,2.63,1.13
2011.10.10 13:36:56.847,1.41847,1.41875,1.13,1.50
2011.10.10 13:36:57.268,1.41847,1.41881,1.13,1.13
2011.10.10 13:36:57.422,1.41852,1.41883,1.09,2.55
2011.10.10 13:36:57.673,1.41846,1.41883,2.22,1.50
2011.10.10 13:36:57.805,1.41846,1.41878,2.22,2.25
2011.10.10 13:36:58.197,1.41845,1.41871,1.50,1.50
2011.10.10 13:36:58.328,1.41835,1.41871,1.88,1.50
2011.10.10 13:36:58.749,1.41836,1.41871,2.63,1.50
2011.10.10 13:36:58.904,1.41837,1.41871,1.47,1.50
2011.10.10 13:36:59.032,1.41837,1.41871,1.13,1.50
2011.10.10 13:36:59.408,1.41839,1.41875,1.09,1.50
2011.10.10 13:36:59.544,1.41839,1.41876,1.09,1.50
2011.10.10 13:36:59.668,1.4184,1.41876,1.13,1.50
2011.10.10 13:37:00.498,1.41839,1.41876,1.09,1.50
2011.10.10 13:37:00.642,1.41839,1.41876,1.09,1.88
2011.10.10 13:37:01.246,1.41839,1.41874,1.09,1.13
2011.10.10 13:37:01.944,1.41839,1.41876,1.09,1.88
2011.10.10 13:37:04.639,1.41843,1.41875,1.50,1.43
2011.10.10 13:37:04.890,1.41845,1.41882,1.09,1.50
2011.10.10 13:37:05.549,1.4185,1.41884,1.50,3.38
2011.10.10 13:37:05.677,1.41845,1.41883,1.47,1.50
2011.10.10 13:37:05.930,1.41847,1.41883,1.88,1.88
2011.10.10 13:37:06.534,1.41846,1.41883,1.88,1.50
2011.10.10 13:37:07.144,1.41846,1.41883,2.63,1.88
2011.10.10 13:37:07.706,1.41845,1.4188,1.47,1.13
2011.10.10 13:37:07.958,1.41845,1.4188,1.47,1.13
2011.10.10 13:37:08.568,1.41845,1.4188,1.09,2.25
2011.10.10 13:37:08.943,1.41843,1.41873,1.88,1.88
2011.10.10 13:37:09.482,1.41847,1.41882,2.25,1.50
2011.10.10 13:37:09.608,1.41847,1.41883,2.25,2.63
2011.10.10 13:37:10.455,1.41847,1.41882,2.25,1.50
2011.10.10 13:37:10.696,1.41847,1.41881,2.25,1.09
2011.10.10 13:37:10.947,1.41844,1.4188,2.25,2.25
2011.10.10 13:37:11.570,1.41843,1.41879,2.25,1.09
2011.10.10 13:37:11.697,1.4185,1.41885,1.50,1.09
2011.10.10 13:37:12.189,1.41857,1.41888,1.88,1.50
2011.10.10 13:37:12.558,1.41857,1.41884,1.88,1.50
2011.10.10 13:37:13.651,1.41856,1.41884,1.88,2.25
2011.10.10 13:37:14.137,1.41856,1.41891,2.63,1.50
2011.10.10 13:37:14.267,1.41856,1.41891,2.63,1.50
2011.10.10 13:37:14.518,1.41857,1.41888,2.63,1.13
2011.10.10 13:37:15.126,1.41856,1.41888,2.25,1.13
2011.10.10 13:37:15.605,1.41852,1.41888,1.47,1.50
2011.10.10 13:37:15.965,1.41852,1.41888,1.50,1.50
2011.10.10 13:37:16.097,1.41852,1.41888,1.13,1.50
2011.10.10 13:37:16.574,1.41847,1.41882,1.50,1.13
2011.10.10 13:37:17.044,1.41849,1.41881,1.13,1.13
2011.10.10 13:37:17.285,1.41849,1.41881,1.13,1.13
2011.10.10 13:37:17.895,1.41851,1.41882,1.09,1.13
2011.10.10 13:37:18.282,1.41858,1.41886,1.50,1.13
2011.10.10 13:37:18.404,1.41858,1.41891,1.84,1.06
2011.10.10 13:37:19.106,1.41857,1.4189,1.13,1.06
2011.10.10 13:37:19.238,1.41852,1.41886,1.13,1.88
2011.10.10 13:37:19.364,1.4185,1.41883,1.50,1.13
2011.10.10 13:37:19.484,1.41847,1.41882,1.13,1.50
2011.10.10 13:37:19.602,1.41847,1.41882,1.13,1.88
2011.10.10 13:37:20.329,1.41849,1.41883,1.13,3.00
2011.10.10 13:37:20.932,1.41848,1.41883,1.13,1.13
2011.10.10 13:37:21.178,1.41847,1.41882,1.47,1.13
2011.10.10 13:37:21.682,1.41846,1.41881,1.84,1.13
2011.10.10 13:37:22.051,1.41851,1.41886,1.50,1.13
2011.10.10 13:37:22.420,1.41872,1.41903,1.88,1.88
2011.10.10 13:37:22.550,1.41876,1.41906,1.09,1.13
2011.10.10 13:37:22.681,1.41876,1.41905,1.09,1.43
2011.10.10 13:37:22.806,1.41876,1.41912,1.09,1.50
2011.10.10 13:37:23.181,1.41874,1.41909,1.13,1.13
2011.10.10 13:37:23.313,1.41874,1.41908,1.13,1.50
2011.10.10 13:37:23.655,1.41874,1.41908,1.13,1.13
2011.10.10 13:37:23.777,1.41876,1.41908,2.25,1.13
2011.10.10 13:37:23.909,1.41877,1.41912,1.13,1.88
2011.10.10 13:37:24.514,1.41882,1.41913,1.13,1.13
2011.10.10 13:37:25.231,1.41885,1.4192,1.50,2.25
2011.10.10 13:37:25.362,1.4189,1.41924,1.50,1.13
2011.10.10 13:37:25.490,1.41888,1.41921,1.13,1.13
2011.10.10 13:37:25.737,1.4189,1.41925,1.50,1.09
2011.10.10 13:37:26.090,1.41888,1.41921,1.13,1.13
2011.10.10 13:37:26.453,1.41887,1.41921,2.25,1.13
2011.10.10 13:37:26.579,1.41887,1.41921,2.25,1.13
2011.10.10 13:37:27.557,1.41885,1.41922,1.50,3.98
2011.10.10 13:37:27.686,1.41888,1.41922,1.13,1.13
2011.10.10 13:37:27.933,1.41888,1.41922,1.13,1.13
2011.10.10 13:37:28.287,1.41888,1.41922,1.13,1.13
2011.10.10 13:37:28.758,1.4189,1.41923,1.50,2.63
2011.10.10 13:37:29.127,1.4189,1.41924,1.50,1.88
2011.10.10 13:37:29.616,1.41893,1.41924,1.13,1.50
2011.10.10 13:37:29.749,1.41898,1.41924,1.43,1.50
2011.10.10 13:37:29.879,1.4189,1.41924,3.00,1.13
2011.10.10 13:37:30.246,1.4189,1.41923,2.25,1.13
2011.10.10 13:37:30.508,1.41888,1.41919,1.09,1.13
2011.10.10 13:37:31.500,1.41889,1.41919,1.09,1.50
2011.10.10 13:37:32.452,1.41888,1.4192,1.09,2.25
2011.10.10 13:37:32.809,1.41888,1.41924,1.84,2.25
2011.10.10 13:37:33.222,1.41892,1.41924,1.09,2.25
2011.10.10 13:37:33.689,1.41893,1.4193,1.84,1.50
2011.10.10 13:37:35.805,1.41893,1.4193,1.47,1.88
2011.10.10 13:37:36.525,1.41893,1.41927,1.84,1.13
2011.10.10 13:37:38.236,1.41894,1.41931,1.50,1.50
2011.10.10 13:37:38.368,1.419,1.41934,1.09,2.63
2011.10.10 13:37:38.496,1.419,1.41937,1.09,1.50
2011.10.10 13:37:38.747,1.419,1.41937,1.09,1.88
2011.10.10 13:37:39.116,1.41902,1.41937,1.13,1.50
2011.10.10 13:37:39.729,1.41902,1.41937,1.13,1.50
2011.10.10 13:37:40.045,1.41901,1.41937,1.09,1.50
2011.10.10 13:37:40.188,1.41902,1.41937,1.13,1.50
2011.10.10 13:37:40.562,1.41897,1.41932,1.84,1.50
2011.10.10 13:37:40.807,1.41897,1.41932,3.34,1.50
2011.10.10 13:37:41.543,1.41897,1.41932,1.09,1.50
2011.10.10 13:37:41.669,1.41895,1.41932,1.13,1.50
2011.10.10 13:37:41.918,1.41897,1.41933,1.88,4.13
2011.10.10 13:37:42.347,1.41897,1.41926,1.88,2.25
2011.10.10 13:37:42.600,1.41889,1.41926,1.09,2.25
2011.10.10 13:37:42.733,1.41887,1.41925,1.13,1.09
2011.10.10 13:37:43.206,1.41887,1.41924,1.13,1.13
2011.10.10 13:37:43.793,1.41886,1.41924,3.75,1.13
2011.10.10 13:37:44.787,1.41886,1.41922,3.75,1.50
2011.10.10 13:37:44.913,1.41886,1.41922,3.75,1.50
2011.10.10 13:37:45.686,1.41886,1.41922,3.38,1.50
2011.10.10 13:37:46.077,1.41886,1.41922,3.38,1.50
2011.10.10 13:37:46.208,1.41886,1.41922,3.38,1.50
2011.10.10 13:37:46.688,1.41887,1.41926,1.84,2.25
2011.10.10 13:37:46.816,1.41891,1.41929,1.50,1.13
2011.10.10 13:37:47.182,1.41889,1.41927,1.13,1.50
2011.10.10 13:37:47.699,1.41887,1.41919,2.22,1.50
2011.10.10 13:37:47.829,1.41887,1.41919,2.22,1.50
2011.10.10 13:37:48.251,1.41887,1.41914,2.22,1.50
2011.10.10 13:37:48.373,1.41887,1.4192,2.22,1.50
2011.10.10 13:37:48.604,1.41887,1.41917,2.22,1.50
2011.10.10 13:37:49.199,1.41887,1.41916,2.22,1.50
2011.10.10 13:37:52.474,1.41881,1.41918,1.47,1.50
2011.10.10 13:37:53.068,1.41879,1.41915,1.47,1.50
2011.10.10 13:37:53.434,1.41889,1.41918,1.09,1.50
2011.10.10 13:37:53.557,1.41889,1.41921,1.09,1.50
2011.10.10 13:37:54.016,1.41889,1.41923,1.09,4.13
2011.10.10 13:37:54.147,1.41886,1.41917,1.13,1.50
2011.10.10 13:37:54.496,1.41878,1.41914,1.09,1.50
2011.10.10 13:37:54.749,1.41885,1.41921,1.13,1.50
2011.10.10 13:37:54.872,1.41885,1.41921,1.13,1.50
2011.10.10 13:37:54.995,1.41879,1.41917,1.13,2.25
2011.10.10 13:37:55.596,1.41879,1.41915,1.13,1.50
2011.10.10 13:38:01.244,1.41888,1.41921,1.09,1.50
2011.10.10 13:38:01.495,1.41891,1.41927,1.47,1.50
2011.10.10 13:38:01.626,1.41892,1.41927,1.09,1.50
2011.10.10 13:38:02.225,1.41896,1.41933,2.63,2.18
2011.10.10 13:38:02.831,1.4189,1.41923,1.84,2.63
2011.10.10 13:38:03.083,1.4189,1.41925,1.09,1.13
2011.10.10 13:38:03.336,1.41895,1.41923,1.09,1.50
2011.10.10 13:38:03.588,1.41901,1.41926,1.50,1.50
2011.10.10 13:38:04.309,1.41886,1.41921,3.00,1.50
2011.10.10 13:38:04.471,1.41886,1.41919,1.88,1.50
2011.10.10 13:38:04.603,1.41887,1.41918,1.88,1.50
2011.10.10 13:38:05.207,1.41887,1.41918,1.88,1.50
2011.10.10 13:38:06.551,1.41882,1.41918,1.09,1.50
2011.10.10 13:38:06.919,1.41882,1.41918,1.47,1.50
2011.10.10 13:38:09.199,1.41882,1.41917,1.09,1.50
2011.10.10 13:38:09.329,1.41877,1.41914,3.72,1.50
2011.10.10 13:38:09.460,1.41876,1.41912,3.72,1.50
2011.10.10 13:38:09.828,1.41875,1.41901,1.09,1.50
2011.10.10 13:38:10.200,1.41877,1.41909,1.84,1.50
2011.10.10 13:38:10.347,1.41877,1.41913,1.09,1.88
2011.10.10 13:38:10.483,1.41879,1.41913,1.50,1.50
2011.10.10 13:38:10.730,1.41879,1.41914,1.50,1.50
2011.10.10 13:38:10.859,1.41882,1.41914,1.13,1.50
2011.10.10 13:38:11.353,1.41877,1.41914,1.09,2.63
2011.10.10 13:38:11.479,1.41877,1.41913,1.09,1.50
2011.10.10 13:38:12.584,1.4188,1.41914,1.50,1.13
2011.10.10 13:38:13.186,1.4188,1.41914,1.50,1.13
2011.10.10 13:38:13.896,1.4188,1.41916,1.50,1.50
2011.10.10 13:38:14.139,1.4188,1.41914,1.50,2.63
2011.10.10 13:38:14.898,1.41876,1.41912,1.88,1.50
2011.10.10 13:38:15.025,1.41876,1.41904,1.50,1.88
2011.10.10 13:38:15.394,1.4187,1.41903,1.09,2.63
2011.10.10 13:38:19.665,1.4187,1.41903,1.09,2.63
2011.10.10 13:38:20.639,1.4187,1.41903,1.09,2.63
2011.10.10 13:38:21.379,1.4187,1.41894,1.09,1.13
2011.10.10 13:38:23.384,1.4187,1.41903,1.47,2.63
2011.10.10 13:38:23.615,1.4187,1.41903,1.47,2.63
2011.10.10 13:38:24.213,1.4187,1.41897,1.47,1.13
2011.10.10 13:38:26.538,1.41874,1.41899,1.50,1.13
2011.10.10 13:38:26.671,1.41874,1.41902,1.50,2.18
2011.10.10 13:38:26.800,1.41868,1.41892,1.13,1.43
2011.10.10 13:38:27.262,1.41868,1.41904,1.13,3.38
2011.10.10 13:38:27.506,1.41868,1.41904,1.13,3.38
2011.10.10 13:38:27.996,1.41868,1.41904,2.63,3.38
2011.10.10 13:38:28.974,1.41869,1.41904,2.22,3.38
2011.10.10 13:38:29.930,1.4187,1.41904,2.22,2.63
2011.10.10 13:38:30.178,1.4187,1.41904,3.72,2.63
2011.10.10 13:38:30.546,1.41873,1.41904,1.50,2.63
2011.10.10 13:38:33.665,1.41873,1.41904,3.75,1.13
2011.10.10 13:38:33.799,1.41874,1.41904,1.50,1.13
2011.10.10 13:38:34.153,1.41875,1.41904,1.09,1.13
2011.10.10 13:38:34.913,1.41875,1.41904,1.09,1.13
2011.10.10 13:38:35.164,1.41875,1.41904,1.09,1.13
2011.10.10 13:38:35.413,1.41875,1.41904,1.09,1.13
2011.10.10 13:38:36.026,1.41874,1.41904,1.13,1.13
2011.10.10 13:38:36.745,1.41873,1.41907,1.13,2.18
2011.10.10 13:38:37.218,1.41873,1.41904,1.50,1.13
2011.10.10 13:38:38.706,1.41873,1.41903,1.88,1.13
2011.10.10 13:38:39.230,1.41874,1.41904,1.13,1.13
2011.10.10 13:38:39.598,1.41874,1.41902,1.13,2.18
2011.10.10 13:38:39.842,1.41873,1.41902,1.50,2.18
2011.10.10 13:38:40.905,1.41873,1.41904,1.50,1.13
2011.10.10 13:38:42.961,1.41873,1.41904,1.50,2.55
2011.10.10 13:38:44.094,1.41865,1.41904,1.84,2.63
2011.10.10 13:38:44.335,1.41865,1.41903,1.09,1.50
2011.10.10 13:38:44.728,1.41865,1.419,1.13,2.18
2011.10.10 13:38:45.325,1.41865,1.419,1.50,1.13
2011.10.10 13:38:47.278,1.41866,1.41902,1.50,1.13
2011.10.10 13:38:51.644,1.41865,1.419,1.50,1.13
2011.10.10 13:38:52.011,1.41863,1.41896,1.50,2.56
2011.10.10 13:38:52.258,1.41853,1.41887,1.50,1.13
2011.10.10 13:38:52.388,1.41853,1.41881,1.50,1.88
2011.10.10 13:38:53.512,1.41852,1.41881,1.50,1.88
2011.10.10 13:38:55.931,1.41849,1.4188,1.09,1.13
2011.10.10 13:38:57.886,1.41851,1.4188,1.09,1.13
2011.10.10 13:38:58.253,1.41846,1.41873,1.09,1.50
2011.10.10 13:38:59.081,1.41846,1.41872,1.09,1.13
2011.10.10 13:38:59.641,1.41838,1.41872,1.09,1.13
2011.10.10 13:39:00.616,1.41836,1.41872,1.50,1.50
2011.10.10 13:39:01.258,1.41836,1.41871,2.97,1.13
2011.10.10 13:39:02.187,1.41841,1.41872,1.09,1.50
2011.10.10 13:39:02.793,1.41841,1.41872,1.09,1.13
2011.10.10 13:39:07.496,1.41847,1.41873,1.13,1.88
2011.10.10 13:39:07.866,1.41847,1.41878,1.47,1.50
2011.10.10 13:39:07.998,1.41847,1.41879,1.47,1.50
2011.10.10 13:39:10.552,1.41847,1.41879,1.13,1.50
2011.10.10 13:39:11.772,1.41845,1.41878,1.84,1.50
2011.10.10 13:39:12.019,1.41839,1.41872,1.13,1.13
2011.10.10 13:39:12.349,1.41839,1.41872,1.13,1.13
2011.10.10 13:39:12.520,1.41836,1.41862,2.22,1.50
2011.10.10 13:39:15.394,1.41844,1.41871,1.84,1.50
2011.10.10 13:39:15.520,1.41845,1.41883,2.25,3.38
2011.10.10 13:39:15.652,1.4185,1.41884,1.50,2.63
2011.10.10 13:39:15.781,1.4185,1.41884,1.50,2.63
2011.10.10 13:39:15.906,1.4185,1.41885,1.50,1.13
2011.10.10 13:39:16.036,1.41853,1.41885,2.25,1.13
2011.10.10 13:39:16.453,1.41854,1.41883,1.13,1.13
2011.10.10 13:39:16.685,1.41854,1.41885,1.88,1.13
2011.10.10 13:39:16.935,1.41854,1.41883,1.50,2.63
2011.10.10 13:39:17.360,1.41852,1.41879,1.13,1.13
2011.10.10 13:39:18.452,1.41852,1.41882,1.13,2.18
2011.10.10 13:39:19.055,1.41851,1.41884,1.50,2.63
2011.10.10 13:39:19.944,1.41844,1.41876,2.63,2.18
2011.10.10 13:39:20.547,1.41849,1.41873,1.13,1.13
2011.10.10 13:39:20.909,1.41849,1.41877,1.13,2.18
2011.10.10 13:39:21.279,1.41849,1.41878,1.50,1.50
2011.10.10 13:39:21.973,1.41849,1.41878,1.50,1.50
2011.10.10 13:39:23.019,1.41849,1.41878,1.50,1.50
2011.10.10 13:39:23.508,1.41855,1.41883,1.13,2.63
2011.10.10 13:39:23.875,1.41855,1.41882,1.13,1.13
2011.10.10 13:39:24.007,1.41861,1.41883,1.13,1.88
2011.10.10 13:39:24.135,1.41862,1.4189,1.50,1.50
2011.10.10 13:39:24.268,1.41863,1.41893,1.13,1.88
2011.10.10 13:39:24.779,1.41864,1.41892,1.13,1.50
2011.10.10 13:39:25.388,1.41868,1.41894,1.13,1.13
2011.10.10 13:39:27.075,1.41868,1.41893,1.50,1.13
2011.10.10 13:39:28.091,1.41872,1.41903,1.50,4.43
2011.10.10 13:39:28.216,1.41873,1.41903,1.13,4.05
2011.10.10 13:39:28.346,1.41877,1.41903,1.50,2.63
2011.10.10 13:39:28.475,1.41873,1.41903,1.13,1.13
2011.10.10 13:39:29.403,1.41872,1.41903,1.50,1.50
2011.10.10 13:39:38.864,1.41867,1.41903,1.13,1.13
2011.10.10 13:39:39.232,1.41869,1.41903,1.13,1.13
2011.10.10 13:39:39.552,1.41872,1.41903,1.50,1.13
2011.10.10 13:39:39.914,1.41867,1.41903,1.50,3.00
2011.10.10 13:39:40.437,1.41867,1.41903,1.50,3.00
2011.10.10 13:39:41.287,1.41867,1.41901,1.50,1.50
2011.10.10 13:39:41.943,1.41866,1.41899,1.50,1.13
2011.10.10 13:39:42.066,1.41862,1.41898,1.47,1.50
2011.10.10 13:39:42.194,1.41862,1.41898,1.84,1.50
2011.10.10 13:39:42.795,1.41867,1.419,1.13,1.13
2011.10.10 13:39:43.757,1.41867,1.41903,1.88,2.63
2011.10.10 13:39:44.262,1.41867,1.41903,1.88,1.88
2011.10.10 13:39:44.857,1.41867,1.41903,1.88,2.63
2011.10.10 13:39:45.521,1.41867,1.41903,1.88,2.63
2011.10.10 13:39:45.893,1.41867,1.41899,1.50,1.13
2011.10.10 13:39:46.362,1.41867,1.41899,1.50,1.13
2011.10.10 13:39:46.945,1.41866,1.41894,1.50,1.50
2011.10.10 13:39:47.186,1.41861,1.41894,1.13,1.50
2011.10.10 13:39:49.505,1.4186,1.41894,1.13,3.00
2011.10.10 13:39:49.883,1.41856,1.41877,1.50,1.13
2011.10.10 13:39:50.007,1.41842,1.41876,1.13,1.13
2011.10.10 13:39:50.613,1.41839,1.41874,1.50,1.88
2011.10.10 13:39:50.857,1.41846,1.41877,1.88,1.43
2011.10.10 13:39:50.988,1.4185,1.41882,1.50,1.80
2011.10.10 13:39:51.787,1.4185,1.41882,1.50,3.30
2011.10.10 13:39:52.039,1.41851,1.41887,1.88,2.63
2011.10.10 13:39:52.636,1.41851,1.41886,1.88,1.13
2011.10.10 13:39:53.009,1.4185,1.41877,1.09,1.13
2011.10.10 13:39:53.138,1.41849,1.41877,1.13,1.43
2011.10.10 13:39:53.267,1.4185,1.41885,1.88,2.55
2011.10.10 13:39:53.394,1.4185,1.41883,1.88,2.63
2011.10.10 13:39:53.762,1.4185,1.41883,1.88,1.88
2011.10.10 13:39:54.130,1.4185,1.41876,1.88,4.50
2011.10.10 13:39:54.454,1.4185,1.41882,1.88,1.50
2011.10.10 13:39:54.596,1.41854,1.41883,2.63,2.63
2011.10.10 13:39:54.857,1.41857,1.41892,1.50,1.13
2011.10.10 13:39:54.997,1.41859,1.41887,2.63,2.18
2011.10.10 13:39:55.249,1.41862,1.41893,1.09,3.38
2011.10.10 13:39:55.618,1.41862,1.41891,1.09,2.18
2011.10.10 13:39:56.824,1.41862,1.41893,1.84,2.63
2011.10.10 13:39:56.948,1.41862,1.41893,1.84,1.50
2011.10.10 13:39:57.078,1.41858,1.41889,1.88,1.13
2011.10.10 13:39:57.214,1.41857,1.4189,1.50,1.13
2011.10.10 13:39:57.344,1.41855,1.41888,1.50,1.50
2011.10.10 13:39:57.712,1.41844,1.41868,1.09,1.50
2011.10.10 13:39:57.960,1.41839,1.41864,1.13,1.88
2011.10.10 13:39:58.091,1.41837,1.41856,1.88,1.50
2011.10.10 13:39:58.404,1.41836,1.41856,2.63,1.50
2011.10.10 13:39:58.560,1.41826,1.41846,2.22,1.50
2011.10.10 13:39:58.927,1.41817,1.41841,1.88,1.50
2011.10.10 13:39:59.185,1.41817,1.41844,1.88,1.50
2011.10.10 13:39:59.792,1.41808,1.4184,2.22,1.50
2011.10.10 13:40:00.035,1.41807,1.4184,1.88,1.50
2011.10.10 13:40:00.560,1.41807,1.41837,1.88,1.50
2011.10.10 13:40:00.693,1.41807,1.4184,1.88,1.50
2011.10.10 13:40:00.944,1.41807,1.41833,1.88,1.50
2011.10.10 13:40:02.386,1.41806,1.41833,1.88,1.50
2011.10.10 13:40:03.078,1.41796,1.41832,1.88,2.25
2011.10.10 13:40:03.207,1.41786,1.41813,3.38,1.50
2011.10.10 13:40:03.339,1.41779,1.41813,1.09,1.50
2011.10.10 13:40:03.708,1.41779,1.41806,1.09,1.50
2011.10.10 13:40:03.836,1.41786,1.41814,2.25,1.13
2011.10.10 13:40:04.642,1.41777,1.41813,2.22,1.13
2011.10.10 13:40:07.587,1.41775,1.41813,1.50,2.63
2011.10.10 13:40:07.718,1.41771,1.41807,1.09,1.50
2011.10.10 13:40:08.089,1.41773,1.4181,1.50,1.13
2011.10.10 13:40:08.336,1.41768,1.418,1.50,1.09
2011.10.10 13:40:08.710,1.41767,1.41785,1.13,1.50
2011.10.10 13:40:09.224,1.41752,1.41758,1.43,1.50
2011.10.10 13:40:09.356,1.41728,1.41756,1.43,1.50
2011.10.10 13:40:09.488,1.41736,1.41764,1.50,2.63
2011.10.10 13:40:09.618,1.41738,1.41763,1.50,1.88
2011.10.10 13:40:09.991,1.4174,1.41763,1.50,1.88
2011.10.10 13:40:10.121,1.4174,1.41763,1.50,1.88
2011.10.10 13:40:10.256,1.41739,1.41763,1.50,1.88
2011.10.10 13:40:10.878,1.41735,1.41764,1.50,1.88
2011.10.10 13:40:11.394,1.41735,1.41771,1.50,1.13
2011.10.10 13:40:11.518,1.41735,1.41771,1.50,1.13
2011.10.10 13:40:12.521,1.41744,1.41774,1.50,1.88
2011.10.10 13:40:12.648,1.41747,1.41779,1.50,1.13
2011.10.10 13:40:12.778,1.41742,1.4178,2.93,1.13
2011.10.10 13:40:13.480,1.41748,1.41784,2.25,3.00
2011.10.10 13:40:13.609,1.41754,1.41783,1.50,1.88
2011.10.10 13:40:14.715,1.41754,1.41784,1.50,2.25
2011.10.10 13:40:16.942,1.41751,1.41784,1.50,1.88
2011.10.10 13:40:17.537,1.41751,1.41784,1.50,1.88
2011.10.10 13:40:19.677,1.41754,1.41784,1.50,1.88
2011.10.10 13:40:20.131,1.41762,1.41784,1.09,1.88
2011.10.10 13:40:20.274,1.41761,1.41793,1.09,2.63
2011.10.10 13:40:21.936,1.41763,1.41793,1.09,1.13
2011.10.10 13:40:23.016,1.41761,1.41793,1.84,1.13
2011.10.10 13:40:25.397,1.41764,1.41796,1.09,1.50
2011.10.10 13:40:27.573,1.41765,1.41796,1.09,1.50
2011.10.10 13:40:28.705,1.41766,1.41801,1.13,1.50
2011.10.10 13:40:29.526,1.41772,1.41801,2.25,1.50
2011.10.10 13:40:29.781,1.41776,1.41804,1.09,1.88
2011.10.10 13:40:30.631,1.4178,1.4181,1.13,1.13
2011.10.10 13:40:30.762,1.41783,1.41814,1.13,1.88
2011.10.10 13:40:31.348,1.41783,1.41813,1.88,1.88
2011.10.10 13:40:31.694,1.41783,1.41813,1.88,1.88
2011.10.10 13:40:33.888,1.41785,1.41813,1.13,1.88
2011.10.10 13:40:34.321,1.41792,1.41823,1.13,1.13
2011.10.10 13:40:34.453,1.41789,1.41823,1.50,1.50
2011.10.10 13:40:34.699,1.41791,1.41824,1.13,3.00
2011.10.10 13:40:35.065,1.41792,1.41823,1.50,2.25
2011.10.10 13:40:35.444,1.41795,1.41823,1.50,2.25
2011.10.10 13:40:37.765,1.41791,1.41824,1.13,1.88
2011.10.10 13:40:39.091,1.41791,1.41824,1.13,1.50
2011.10.10 13:40:39.460,1.41797,1.41826,1.13,1.50
2011.10.10 13:40:39.593,1.41796,1.41833,1.09,3.75
2011.10.10 13:40:39.719,1.41799,1.41833,1.13,2.63
2011.10.10 13:40:39.973,1.41796,1.41829,1.09,1.80
2011.10.10 13:40:40.265,1.41795,1.41829,2.59,1.80
2011.10.10 13:40:40.409,1.41795,1.41824,1.47,1.88
2011.10.10 13:40:41.027,1.41796,1.41831,1.09,2.55
2011.10.10 13:40:41.156,1.41796,1.41831,1.47,2.55
2011.10.10 13:40:41.292,1.41795,1.41831,1.88,2.93
2011.10.10 13:40:41.901,1.41795,1.41827,1.50,1.80
2011.10.10 13:40:42.146,1.41795,1.41828,1.50,1.13
2011.10.10 13:40:42.743,1.41795,1.41824,1.50,1.88
2011.10.10 13:40:43.095,1.41795,1.41824,1.50,1.88
2011.10.10 13:40:43.467,1.41797,1.4183,1.13,2.55
2011.10.10 13:40:43.594,1.418,1.4183,1.50,2.55
2011.10.10 13:40:43.935,1.41797,1.4183,1.13,1.50
2011.10.10 13:40:45.471,1.41797,1.41831,1.13,1.80
2011.10.10 13:40:45.600,1.41797,1.41831,1.50,1.43
2011.10.10 13:40:45.968,1.41797,1.41831,1.50,1.80
2011.10.10 13:40:46.703,1.41797,1.41833,1.13,4.09
2011.10.10 13:40:47.326,1.41795,1.41833,1.13,3.34
2011.10.10 13:40:48.025,1.41795,1.41832,1.50,1.50
2011.10.10 13:40:48.626,1.4179,1.41826,1.88,1.50
2011.10.10 13:40:50.363,1.41792,1.41827,1.13,1.50
2011.10.10 13:40:51.324,1.41793,1.41827,1.13,1.13
2011.10.10 13:40:55.926,1.41789,1.41827,1.13,3.30
2011.10.10 13:40:56.181,1.41794,1.41823,1.50,4.13
2011.10.10 13:40:56.314,1.41787,1.41821,1.09,2.18
2011.10.10 13:40:56.786,1.41787,1.41824,1.09,3.00
2011.10.10 13:40:57.266,1.41786,1.41823,1.47,3.38
2011.10.10 13:41:00.323,1.41785,1.41817,1.47,1.13
2011.10.10 13:41:02.518,1.41787,1.41823,1.84,4.80
2011.10.10 13:41:02.650,1.41787,1.41823,1.84,4.80
2011.10.10 13:41:03.765,1.41784,1.41818,1.13,1.50
2011.10.10 13:41:04.363,1.41785,1.41818,1.13,1.13
2011.10.10 13:41:06.168,1.41782,1.41819,1.13,1.13
2011.10.10 13:41:06.422,1.41786,1.41824,1.47,3.38
2011.10.10 13:41:06.666,1.41793,1.41824,1.13,1.88
2011.10.10 13:41:07.039,1.41789,1.41823,1.13,1.13
2011.10.10 13:41:07.170,1.41787,1.41821,1.47,1.13
2011.10.10 13:41:07.743,1.41787,1.41813,1.09,1.88
2011.10.10 13:41:07.989,1.41788,1.41813,1.09,1.88
2011.10.10 13:41:08.484,1.41798,1.41824,1.09,1.88
2011.10.10 13:41:10.215,1.41798,1.41827,1.84,1.13
2011.10.10 13:41:11.959,1.41799,1.41827,1.09,1.13
2011.10.10 13:41:13.037,1.41804,1.41834,1.50,1.88
2011.10.10 13:41:13.653,1.41809,1.41833,1.13,1.88
2011.10.10 13:41:14.259,1.41805,1.41833,1.50,1.88
2011.10.10 13:41:14.605,1.41803,1.41833,1.50,1.88
2011.10.10 13:41:15.403,1.41799,1.41833,1.09,2.63
2011.10.10 13:41:17.054,1.41799,1.41833,1.09,3.38
2011.10.10 13:41:17.416,1.41798,1.41831,1.84,2.18
2011.10.10 13:41:17.787,1.41798,1.41832,1.47,1.50
2011.10.10 13:41:18.393,1.41798,1.41831,1.47,2.93
2011.10.10 13:41:18.745,1.41798,1.41829,1.47,1.13
2011.10.10 13:41:19.454,1.41792,1.41828,1.13,2.18
2011.10.10 13:41:20.152,1.41792,1.41827,1.13,2.55
2011.10.10 13:41:20.274,1.41792,1.41824,1.13,1.88
2011.10.10 13:41:20.867,1.41792,1.41823,1.13,1.88
2011.10.10 13:41:21.235,1.41791,1.41824,1.50,2.63
2011.10.10 13:41:21.355,1.41786,1.41823,1.47,1.80
2011.10.10 13:41:21.593,1.41786,1.41821,1.47,1.50
2011.10.10 13:41:23.286,1.41786,1.41822,1.09,1.88
2011.10.10 13:41:23.433,1.41786,1.41819,1.09,1.13
2011.10.10 13:41:30.223,1.41786,1.41823,1.09,2.63
2011.10.10 13:41:30.896,1.41791,1.41823,1.50,2.25
2011.10.10 13:41:31.489,1.41793,1.41823,1.50,2.25
2011.10.10 13:41:31.858,1.41806,1.41832,1.50,1.09
2011.10.10 13:41:32.696,1.41806,1.41833,1.50,2.97
2011.10.10 13:41:33.066,1.41806,1.41832,1.88,1.09
2011.10.10 13:41:33.563,1.41812,1.41834,1.13,1.88
2011.10.10 13:41:33.944,1.41809,1.41834,1.50,1.88
2011.10.10 13:41:34.398,1.41808,1.41834,1.88,1.88
2011.10.10 13:41:34.548,1.41809,1.41834,1.50,1.88
2011.10.10 13:41:34.925,1.41809,1.41835,1.13,1.88
2011.10.10 13:41:35.406,1.41803,1.41838,1.50,1.13
2011.10.10 13:41:35.781,1.41803,1.41839,1.50,1.50
2011.10.10 13:41:36.030,1.4181,1.41844,1.50,1.88
2011.10.10 13:41:36.423,1.41819,1.41846,1.13,1.50
2011.10.10 13:41:36.787,1.41824,1.41849,1.50,1.50
2011.10.10 13:41:37.047,1.4182,1.41849,1.50,1.50
2011.10.10 13:41:37.180,1.41821,1.41852,1.13,1.50
2011.10.10 13:41:37.308,1.41824,1.41852,1.13,1.50
2011.10.10 13:41:37.675,1.41826,1.41853,1.50,1.13
2011.10.10 13:41:39.932,1.41828,1.41855,1.50,1.50
2011.10.10 13:41:40.178,1.41835,1.41863,2.25,1.88
2011.10.10 13:41:40.306,1.41835,1.41863,1.50,1.88
2011.10.10 13:41:40.561,1.41834,1.41863,1.13,1.88
2011.10.10 13:41:40.691,1.41834,1.41861,1.13,2.18
2011.10.10 13:41:40.935,1.41827,1.41861,1.84,2.18
2011.10.10 13:41:41.065,1.41827,1.41863,1.84,3.00
2011.10.10 13:41:41.305,1.41827,1.4186,1.84,2.18
2011.10.10 13:41:41.873,1.41827,1.41863,1.84,3.00
2011.10.10 13:41:42.128,1.41827,1.41863,1.84,3.00
2011.10.10 13:41:42.714,1.41825,1.4186,1.13,1.50
2011.10.10 13:41:44.336,1.41824,1.4186,1.47,1.50
2011.10.10 13:41:45.774,1.41824,1.41859,1.09,1.88
2011.10.10 13:41:45.901,1.41821,1.41856,1.84,1.43
2011.10.10 13:41:46.271,1.41821,1.41853,1.84,1.88
2011.10.10 13:41:46.983,1.41821,1.41854,1.84,1.13
2011.10.10 13:41:48.082,1.41821,1.41854,1.47,1.50
2011.10.10 13:41:48.207,1.41821,1.41854,1.13,1.50
2011.10.10 13:41:48.336,1.4182,1.41853,1.50,3.38
2011.10.10 13:41:48.467,1.41816,1.41852,1.50,1.13
2011.10.10 13:41:49.184,1.41816,1.4185,1.50,1.13
2011.10.10 13:41:49.546,1.41816,1.4185,1.50,1.13
2011.10.10 13:41:49.676,1.41816,1.41849,1.13,1.13
2011.10.10 13:41:50.284,1.41816,1.41852,1.50,1.50
2011.10.10 13:41:51.518,1.41816,1.41852,1.50,1.13
2011.10.10 13:41:52.696,1.41818,1.41852,1.13,1.13
2011.10.10 13:41:53.309,1.41817,1.41852,2.25,1.13
2011.10.10 13:41:54.455,1.41817,1.41853,2.63,1.13
2011.10.10 13:41:55.298,1.41817,1.41853,2.63,1.80
2011.10.10 13:41:55.669,1.41817,1.41843,1.13,1.50
2011.10.10 13:41:55.798,1.41817,1.41849,2.22,1.13
2011.10.10 13:41:56.275,1.41821,1.41853,1.13,2.63
2011.10.10 13:41:57.139,1.41821,1.41853,1.13,2.63
2011.10.10 13:41:57.511,1.41824,1.41853,1.88,2.63
2011.10.10 13:41:57.876,1.41826,1.41861,1.50,1.84
2011.10.10 13:42:01.766,1.41832,1.41863,1.88,2.63
2011.10.10 13:42:02.455,1.41836,1.41864,1.50,1.13
2011.10.10 13:42:02.709,1.41831,1.41862,1.13,1.50
2011.10.10 13:42:02.837,1.41827,1.4186,1.50,1.13
2011.10.10 13:42:02.968,1.41827,1.4186,1.13,1.13
2011.10.10 13:42:03.562,1.41827,1.4186,1.13,1.13
2011.10.10 13:42:04.440,1.41826,1.41858,1.13,1.13
2011.10.10 13:42:05.835,1.41824,1.41857,1.84,1.13
2011.10.10 13:42:06.448,1.41824,1.41857,1.84,1.13
2011.10.10 13:42:07.406,1.41826,1.41859,1.13,1.50
2011.10.10 13:42:07.776,1.41827,1.4186,1.50,1.50
2011.10.10 13:42:08.916,1.41827,1.41862,1.50,1.13
2011.10.10 13:42:11.680,1.4183,1.41862,1.13,1.13
2011.10.10 13:42:12.279,1.41831,1.41862,1.50,1.13
2011.10.10 13:42:12.774,1.41831,1.41858,1.50,1.13
2011.10.10 13:42:12.906,1.41826,1.41858,1.50,1.50
2011.10.10 13:42:13.046,1.41824,1.41858,1.47,2.25
2011.10.10 13:42:14.579,1.41822,1.41854,1.47,2.63
2011.10.10 13:42:14.961,1.41824,1.41854,3.34,2.63
2011.10.10 13:42:15.100,1.41823,1.41853,1.09,1.13
2011.10.10 13:42:15.231,1.41823,1.41854,1.09,1.13
2011.10.10 13:42:15.716,1.41822,1.41853,1.09,1.50
2011.10.10 13:42:16.989,1.41822,1.41853,1.84,1.13
2011.10.10 13:42:17.128,1.41822,1.41853,1.84,1.80
2011.10.10 13:42:17.502,1.41817,1.41845,2.22,1.13
2011.10.10 13:42:17.632,1.41811,1.41845,1.47,1.13
2011.10.10 13:42:17.766,1.4181,1.41845,1.13,1.13
2011.10.10 13:42:18.261,1.41806,1.41843,1.88,1.13
2011.10.10 13:42:18.624,1.41809,1.4184,2.25,1.50
2011.10.10 13:42:18.759,1.41814,1.41844,1.13,2.63
2011.10.10 13:42:19.255,1.41816,1.41848,1.50,1.50
2011.10.10 13:42:19.631,1.41816,1.41852,2.25,1.50
2011.10.10 13:42:20.540,1.41816,1.41849,2.25,1.13
2011.10.10 13:42:20.682,1.41818,1.41852,1.88,1.50
2011.10.10 13:42:20.811,1.41821,1.41852,1.13,1.13
2011.10.10 13:42:20.947,1.41821,1.41852,1.13,1.13
2011.10.10 13:42:21.556,1.41816,1.41854,1.50,3.75
2011.10.10 13:42:21.927,1.41816,1.41851,1.50,1.13
2011.10.10 13:42:22.060,1.41816,1.41849,1.13,1.13
2011.10.10 13:42:22.706,1.41824,1.41854,2.25,1.88
2011.10.10 13:42:23.069,1.4183,1.41857,1.13,1.13
2011.10.10 13:42:23.198,1.41827,1.41857,1.50,1.13
2011.10.10 13:42:23.573,1.41831,1.41864,2.25,2.63
2011.10.10 13:42:23.698,1.41834,1.41864,1.13,2.63
2011.10.10 13:42:23.830,1.41834,1.41863,1.13,1.13
2011.10.10 13:42:24.371,1.41839,1.4187,2.25,3.68
2011.10.10 13:42:24.511,1.41833,1.41863,1.50,1.88
2011.10.10 13:42:24.766,1.41833,1.41863,2.18,1.88
2011.10.10 13:42:24.904,1.41841,1.4187,1.09,1.43
2011.10.10 13:42:25.122,1.41841,1.41874,1.84,1.13
2011.10.10 13:42:25.370,1.41845,1.41873,1.09,2.63
2011.10.10 13:42:25.505,1.41842,1.41873,1.47,2.63
2011.10.10 13:42:26.962,1.41841,1.41873,1.09,2.63
2011.10.10 13:42:27.453,1.41837,1.41871,1.88,1.09
2011.10.10 13:42:27.805,1.41835,1.41866,1.13,1.50
2011.10.10 13:42:27.957,1.41826,1.41865,3.75,1.50
2011.10.10 13:42:28.091,1.41827,1.4186,1.88,1.50
2011.10.10 13:42:28.457,1.41833,1.41867,1.13,1.84
2011.10.10 13:42:29.057,1.41835,1.41867,1.13,1.09
2011.10.10 13:42:29.188,1.41835,1.41869,1.13,1.09
2011.10.10 13:42:29.321,1.41834,1.41866,1.13,1.50
2011.10.10 13:42:29.451,1.41836,1.41871,1.09,2.25
2011.10.10 13:42:30.284,1.41836,1.41871,1.09,2.25
2011.10.10 13:42:30.527,1.41839,1.41873,1.13,1.80
2011.10.10 13:42:30.662,1.41836,1.41869,1.09,1.13
2011.10.10 13:42:31.028,1.41831,1.41866,1.09,1.50
2011.10.10 13:42:31.163,1.41829,1.41867,2.97,1.50
2011.10.10 13:42:31.288,1.41829,1.41866,2.97,1.13
2011.10.10 13:42:31.735,1.41829,1.41866,1.13,1.13
2011.10.10 13:42:32.811,1.41829,1.41864,1.13,2.22
2011.10.10 13:42:33.058,1.41817,1.41854,2.97,1.13
2011.10.10 13:42:33.189,1.41817,1.41849,2.97,1.50
2011.10.10 13:42:33.558,1.41817,1.41842,2.22,1.50
2011.10.10 13:42:34.081,1.41817,1.41849,2.22,2.18
2011.10.10 13:42:34.446,1.4181,1.41848,1.50,1.50
2011.10.10 13:42:35.302,1.41813,1.41843,1.13,1.50
2011.10.10 13:42:35.554,1.41816,1.41848,1.09,1.50
2011.10.10 13:42:35.799,1.41816,1.41854,1.09,2.63
2011.10.10 13:42:36.244,1.4183,1.41854,1.09,1.88
2011.10.10 13:42:36.512,1.41834,1.41864,1.13,1.88
2011.10.10 13:42:36.646,1.41835,1.41864,1.13,1.88
2011.10.10 13:42:37.395,1.41837,1.41867,1.13,1.13
2011.10.10 13:42:37.649,1.41837,1.41873,1.13,1.50
2011.10.10 13:42:38.031,1.41837,1.41873,1.47,1.50
2011.10.10 13:42:38.171,1.41839,1.41873,1.09,3.38
2011.10.10 13:42:38.301,1.4184,1.41873,1.47,2.63
2011.10.10 13:42:38.433,1.41844,1.4188,1.50,1.50
2011.10.10 13:42:38.686,1.41849,1.41883,1.50,3.38
2011.10.10 13:42:39.060,1.4185,1.41883,1.13,2.63
2011.10.10 13:42:40.136,1.41851,1.4188,1.84,1.50
2011.10.10 13:42:40.270,1.41846,1.41876,1.88,2.14
2011.10.10 13:42:40.397,1.41846,1.41872,1.88,2.18
2011.10.10 13:42:40.527,1.41836,1.41872,1.88,1.50
2011.10.10 13:42:40.660,1.41835,1.41872,1.13,1.88
2011.10.10 13:42:40.788,1.41834,1.4187,1.60,1.13
2011.10.10 13:42:41.045,1.41835,1.4187,1.22,1.50
2011.10.10 13:42:41.625,1.41839,1.41874,1.13,2.63
2011.10.10 13:42:41.763,1.41839,1.41875,1.13,1.13
2011.10.10 13:42:42.362,1.41843,1.41881,1.50,2.25
2011.10.10 13:42:42.730,1.41852,1.41888,1.09,3.00
2011.10.10 13:42:42.861,1.4185,1.41887,2.22,1.13
2011.10.10 13:42:42.990,1.4185,1.41886,1.84,1.50
2011.10.10 13:42:44.318,1.41849,1.41886,1.84,1.50
2011.10.10 13:42:44.926,1.4185,1.41886,1.50,1.50
2011.10.10 13:42:46.335,1.4185,1.41883,1.50,1.88
2011.10.10 13:42:46.706,1.41853,1.41883,1.09,1.88
2011.10.10 13:42:48.376,1.41854,1.41888,1.09,1.50
2011.10.10 13:42:48.945,1.41854,1.41883,1.09,1.88
2011.10.10 13:42:49.322,1.41854,1.41888,1.47,1.50
2011.10.10 13:42:49.583,1.41852,1.41884,1.84,1.88
2011.10.10 13:42:49.715,1.4185,1.41884,1.09,1.88
2011.10.10 13:42:50.999,1.4185,1.41888,2.22,1.88
2011.10.10 13:42:51.490,1.4185,1.41886,1.09,1.88
2011.10.10 13:42:51.856,1.41847,1.41883,2.22,1.50
2011.10.10 13:42:52.109,1.41851,1.41884,1.09,1.13
2011.10.10 13:42:54.525,1.41851,1.41887,1.47,1.50
2011.10.10 13:42:54.656,1.41851,1.41887,2.22,1.50
2011.10.10 13:42:55.144,1.41854,1.4189,1.13,2.25
2011.10.10 13:42:55.525,1.41854,1.41889,1.13,2.18
2011.10.10 13:42:59.256,1.41846,1.41881,2.97,1.50
2011.10.10 13:42:59.385,1.41846,1.41878,1.09,1.50
2011.10.10 13:42:59.748,1.41839,1.4187,1.09,1.13
2011.10.10 13:43:01.248,1.41839,1.4187,1.09,1.13
2011.10.10 13:43:01.618,1.41839,1.4187,1.09,1.50
2011.10.10 13:43:01.992,1.41839,1.41867,1.09,2.25
2011.10.10 13:43:02.719,1.41838,1.41866,1.09,1.50
2011.10.10 13:43:05.275,1.41834,1.41865,1.09,2.25
2011.10.10 13:43:05.407,1.41835,1.41865,1.13,2.25
2011.10.10 13:43:05.768,1.4184,1.41867,1.84,1.06
2011.10.10 13:43:05.897,1.4184,1.41869,1.84,1.13
2011.10.10 13:43:06.569,1.41842,1.41876,1.47,1.88
2011.10.10 13:43:07.154,1.41843,1.41876,1.47,1.88
2011.10.10 13:43:07.517,1.41842,1.41876,1.47,1.88
2011.10.10 13:43:07.890,1.41842,1.41872,1.09,1.13
2011.10.10 13:43:08.021,1.41836,1.41872,3.38,1.13
2011.10.10 13:43:08.487,1.41836,1.4187,1.88,1.50
2011.10.10 13:43:09.206,1.41836,1.41869,1.88,2.25
2011.10.10 13:43:09.578,1.41837,1.41867,1.50,1.13
2011.10.10 13:43:09.947,1.4184,1.41867,1.13,1.13
2011.10.10 13:43:10.081,1.41836,1.41867,2.63,1.13
2011.10.10 13:43:10.206,1.41836,1.41867,2.63,1.13
2011.10.10 13:43:10.335,1.41836,1.41869,2.63,1.50
2011.10.10 13:43:10.975,1.41839,1.41869,1.50,1.50
2011.10.10 13:43:11.108,1.41845,1.41871,1.84,1.88
2011.10.10 13:43:11.355,1.41845,1.41876,2.22,1.50
2011.10.10 13:43:11.586,1.41845,1.41878,2.22,1.50
2011.10.10 13:43:11.962,1.41844,1.41877,1.13,1.43
2011.10.10 13:43:12.213,1.4184,1.41872,1.47,2.25
2011.10.10 13:43:12.342,1.41838,1.41866,2.22,1.50
2011.10.10 13:43:12.868,1.41833,1.41864,1.09,1.50
2011.10.10 13:43:13.119,1.41836,1.41863,1.13,1.13
2011.10.10 13:43:13.371,1.41836,1.41857,1.13,1.50
2011.10.10 13:43:13.854,1.41833,1.41857,1.09,1.50
2011.10.10 13:43:14.097,1.41826,1.41862,4.47,1.50
2011.10.10 13:43:14.469,1.41826,1.41862,2.59,1.50
2011.10.10 13:43:14.845,1.41827,1.41862,2.22,1.50
2011.10.10 13:43:15.324,1.41826,1.41862,1.09,2.93
2011.10.10 13:43:15.930,1.41824,1.4186,1.47,1.43
2011.10.10 13:43:16.295,1.41822,1.41854,1.09,2.18
2011.10.10 13:43:19.209,1.41826,1.41857,1.47,1.50
2011.10.10 13:43:20.573,1.41828,1.41857,1.09,1.50
2011.10.10 13:43:20.803,1.41828,1.41861,1.09,1.13
2011.10.10 13:43:21.596,1.41828,1.41863,1.09,1.88
2011.10.10 13:43:22.195,1.41826,1.41863,1.47,1.88
2011.10.10 13:43:23.963,1.4183,1.41864,1.13,2.63
2011.10.10 13:43:24.324,1.41831,1.41864,1.13,1.88
2011.10.10 13:43:24.689,1.41836,1.41873,1.50,2.59
2011.10.10 13:43:24.935,1.41836,1.41873,1.50,3.34
2011.10.10 13:43:25.305,1.41835,1.4187,1.50,1.13
2011.10.10 13:43:25.952,1.41838,1.41873,1.50,2.59
2011.10.10 13:43:26.327,1.41837,1.41873,1.50,2.59
2011.10.10 13:43:26.693,1.41835,1.4187,1.13,1.50
2011.10.10 13:43:26.821,1.41832,1.41869,1.13,1.50
2011.10.10 13:43:27.071,1.41831,1.41868,1.50,1.13
2011.10.10 13:43:27.977,1.41827,1.41864,2.59,1.50
2011.10.10 13:43:28.587,1.41827,1.41863,1.88,1.09
2011.10.10 13:43:28.839,1.41825,1.41863,1.13,1.09
2011.10.10 13:43:29.204,1.41825,1.41861,1.50,1.88
2011.10.10 13:43:29.572,1.41829,1.41864,1.50,3.75
2011.10.10 13:43:29.703,1.41832,1.4187,1.50,2.22
2011.10.10 13:43:30.030,1.41832,1.4187,1.50,2.22
2011.10.10 13:43:30.172,1.41838,1.41873,1.50,2.22
2011.10.10 13:43:30.665,1.41838,1.41873,1.50,2.22
2011.10.10 13:43:30.790,1.41838,1.41873,1.50,2.22
2011.10.10 13:43:31.769,1.41842,1.4187,1.50,1.09
2011.10.10 13:43:32.017,1.4183,1.41867,1.13,2.18
2011.10.10 13:43:32.147,1.41827,1.41865,2.63,3.30
2011.10.10 13:43:32.279,1.41824,1.41861,1.47,1.50
2011.10.10 13:43:32.826,1.41826,1.41861,1.09,1.50
2011.10.10 13:43:33.424,1.41833,1.41861,2.22,1.50
2011.10.10 13:43:33.669,1.41834,1.41864,1.09,1.88
2011.10.10 13:43:35.159,1.4184,1.41864,1.09,2.63
2011.10.10 13:43:35.284,1.41839,1.41864,1.09,2.63
2011.10.10 13:43:36.320,1.41834,1.41871,1.88,2.55
2011.10.10 13:43:36.566,1.41834,1.4187,1.50,1.50
2011.10.10 13:43:36.818,1.41834,1.41863,1.50,1.88
2011.10.10 13:43:36.952,1.41828,1.41863,1.09,1.88
2011.10.10 13:43:37.483,1.41831,1.41871,1.50,1.88
2011.10.10 13:43:37.983,1.41831,1.4187,1.50,1.50
2011.10.10 13:43:38.439,1.41832,1.4187,1.13,1.13
2011.10.10 13:43:39.164,1.41832,1.4187,1.13,1.88
2011.10.10 13:43:39.408,1.41831,1.41868,1.50,1.13
2011.10.10 13:43:39.539,1.41837,1.41868,1.50,1.13
2011.10.10 13:43:39.913,1.41839,1.41873,1.47,1.88
2011.10.10 13:43:40.039,1.41843,1.41873,1.50,1.88
2011.10.10 13:43:40.319,1.41841,1.41878,1.09,1.13
2011.10.10 13:43:41.475,1.41841,1.41881,1.84,1.88
2011.10.10 13:43:42.071,1.41843,1.41879,1.13,1.13
2011.10.10 13:43:46.319,1.41841,1.41881,1.50,2.25
2011.10.10 13:43:46.805,1.41841,1.41876,1.50,1.43
2011.10.10 13:43:47.407,1.41841,1.41875,1.50,1.43
2011.10.10 13:43:47.661,1.41841,1.41878,1.50,1.13
2011.10.10 13:43:48.254,1.41841,1.41874,2.25,1.43
2011.10.10 13:43:48.374,1.41841,1.41877,2.25,1.13
2011.10.10 13:43:49.160,1.41841,1.41881,1.50,1.50
2011.10.10 13:43:49.411,1.41843,1.41881,1.88,1.50
2011.10.10 13:43:49.776,1.41848,1.41878,1.50,1.13
2011.10.10 13:43:49.913,1.4184,1.41878,1.50,1.88
2011.10.10 13:43:50.167,1.4184,1.41878,2.25,1.88
2011.10.10 13:43:50.299,1.4184,1.41876,1.50,1.50
2011.10.10 13:43:50.797,1.4184,1.41876,1.50,1.50
2011.10.10 13:43:51.880,1.41838,1.41876,2.25,1.88
2011.10.10 13:43:52.124,1.41838,1.41865,2.25,1.43
2011.10.10 13:43:53.316,1.41838,1.41867,1.50,2.18
2011.10.10 13:43:53.815,1.4184,1.41873,1.13,4.39
2011.10.10 13:43:53.938,1.4184,1.41873,1.13,3.64
2011.10.10 13:43:55.189,1.41837,1.41871,1.88,1.13
2011.10.10 13:43:55.561,1.41837,1.41872,1.50,1.13
2011.10.10 13:43:56.452,1.41837,1.41872,1.50,1.13
2011.10.10 13:43:57.055,1.41837,1.41873,1.50,2.59
2011.10.10 13:43:57.535,1.41843,1.41873,1.50,2.59
2011.10.10 13:43:58.036,1.41843,1.41873,1.50,2.22
2011.10.10 13:44:00.270,1.41843,1.41873,1.50,2.97
2011.10.10 13:44:00.736,1.41843,1.41873,1.50,2.97
2011.10.10 13:44:02.317,1.41843,1.41873,1.50,2.97
2011.10.10 13:44:05.244,1.41839,1.41873,1.88,2.97
2011.10.10 13:44:05.363,1.41839,1.41873,1.13,2.97
2011.10.10 13:44:06.054,1.41838,1.41874,2.25,1.77
2011.10.10 13:44:06.174,1.41844,1.41876,1.50,1.13
2011.10.10 13:44:06.294,1.41841,1.41875,1.50,1.13
2011.10.10 13:44:06.419,1.41838,1.41874,1.09,1.43
2011.10.10 13:44:06.664,1.41837,1.41874,1.47,2.18
2011.10.10 13:44:07.346,1.41837,1.41874,1.47,2.18
2011.10.10 13:44:08.797,1.41837,1.41875,1.47,1.50
2011.10.10 13:44:09.047,1.41837,1.41875,1.47,1.50
2011.10.10 13:44:09.178,1.41837,1.41875,1.47,1.50
2011.10.10 13:44:09.306,1.41839,1.41877,1.47,1.50
2011.10.10 13:44:09.815,1.41844,1.4188,1.13,2.93
2011.10.10 13:44:10.296,1.41844,1.41882,1.13,2.63
2011.10.10 13:44:10.430,1.41842,1.4188,1.50,1.50
2011.10.10 13:44:10.804,1.41842,1.41877,1.50,1.13
2011.10.10 13:44:10.925,1.41839,1.41876,1.47,2.25
2011.10.10 13:44:12.160,1.41843,1.41876,1.50,1.50
2011.10.10 13:44:12.528,1.41845,1.41875,1.50,1.13
2011.10.10 13:44:12.889,1.41845,1.41877,1.50,1.13
2011.10.10 13:44:13.258,1.41845,1.41876,1.50,1.50
2011.10.10 13:44:14.077,1.41839,1.41875,1.84,1.50
2011.10.10 13:44:14.433,1.41839,1.41875,1.84,1.13
2011.10.10 13:44:15.234,1.4184,1.41878,1.13,1.50
2011.10.10 13:44:15.704,1.41839,1.41875,1.84,1.13
2011.10.10 13:44:16.076,1.41839,1.41875,1.84,1.13
2011.10.10 13:44:16.683,1.41839,1.41875,1.84,1.13
2011.10.10 13:44:17.046,1.4184,1.41878,1.13,1.50
2011.10.10 13:44:17.974,1.4184,1.41878,1.13,1.50
2011.10.10 13:44:18.459,1.41845,1.41879,1.50,1.13
2011.10.10 13:44:18.829,1.41839,1.41873,1.84,1.13
2011.10.10 13:44:19.520,1.41837,1.41873,1.09,1.50
2011.10.10 13:44:19.887,1.41837,1.41875,1.84,1.50
2011.10.10 13:44:20.016,1.41837,1.41875,1.84,1.50
2011.10.10 13:44:20.494,1.41837,1.41877,1.84,2.25
2011.10.10 13:44:20.616,1.41837,1.41875,3.72,1.13
2011.10.10 13:44:23.474,1.41841,1.41875,1.13,1.13
2011.10.10 13:44:23.823,1.41844,1.41876,1.50,1.13
2011.10.10 13:44:24.394,1.41842,1.41876,1.50,1.13
2011.10.10 13:44:24.638,1.41839,1.41876,1.47,1.13
2011.10.10 13:44:26.093,1.41838,1.41873,1.47,1.13
2011.10.10 13:44:26.569,1.41844,1.41876,1.09,1.88
2011.10.10 13:44:26.700,1.41845,1.41881,1.09,1.50
2011.10.10 13:44:26.945,1.41845,1.41877,1.09,1.13
2011.10.10 13:44:29.137,1.41845,1.41881,1.47,1.50
2011.10.10 13:44:29.280,1.41845,1.41881,1.47,1.50
2011.10.10 13:44:29.409,1.41845,1.41881,1.13,1.50
2011.10.10 13:44:29.768,1.41844,1.41878,1.13,2.63
2011.10.10 13:44:35.037,1.41839,1.41875,1.84,1.50
2011.10.10 13:44:37.947,1.41845,1.41878,1.13,1.13
2011.10.10 13:44:40.572,1.41843,1.41873,1.50,1.13
2011.10.10 13:44:41.694,1.41843,1.41873,1.50,1.13
2011.10.10 13:44:42.155,1.41838,1.41873,1.47,1.13
2011.10.10 13:44:42.805,1.41838,1.41873,1.47,1.13
2011.10.10 13:44:43.712,1.41838,1.41873,1.47,1.13
2011.10.10 13:44:44.666,1.41838,1.41873,1.47,1.13
2011.10.10 13:44:45.024,1.41838,1.41874,2.59,1.13
2011.10.10 13:44:47.083,1.41838,1.41874,2.22,1.13
2011.10.10 13:44:47.203,1.41838,1.41873,1.47,1.13
2011.10.10 13:44:47.560,1.41838,1.41873,1.47,1.13
2011.10.10 13:44:47.811,1.41837,1.41869,2.59,1.50
2011.10.10 13:44:48.057,1.41836,1.4187,1.88,1.50
2011.10.10 13:44:48.187,1.41836,1.41869,1.13,1.13
2011.10.10 13:44:48.319,1.41834,1.41869,1.13,1.13
2011.10.10 13:44:48.686,1.41827,1.41859,1.13,1.13
2011.10.10 13:44:48.822,1.41826,1.41858,1.88,1.50
2011.10.10 13:44:49.263,1.41833,1.41863,1.50,3.38
2011.10.10 13:44:49.391,1.41826,1.41862,1.13,1.50
2011.10.10 13:44:49.747,1.41838,1.41863,1.50,2.18
2011.10.10 13:44:49.887,1.41833,1.41864,2.25,1.13
2011.10.10 13:44:50.020,1.41835,1.41873,1.50,4.80
2011.10.10 13:44:50.151,1.41835,1.41873,1.50,3.38
2011.10.10 13:44:50.279,1.41844,1.41873,1.50,2.63
2011.10.10 13:44:50.414,1.4184,1.41873,1.09,2.63
2011.10.10 13:44:50.837,1.4184,1.41873,1.09,1.88
2011.10.10 13:44:51.205,1.41849,1.41874,1.50,1.88
2011.10.10 13:44:51.327,1.41841,1.41874,1.13,1.88
2011.10.10 13:44:51.465,1.4184,1.41874,1.09,2.63
2011.10.10 13:44:51.829,1.41839,1.41874,1.50,1.13
2011.10.10 13:44:52.077,1.41837,1.41873,1.84,1.50
2011.10.10 13:44:52.208,1.41837,1.41873,1.84,1.50
2011.10.10 13:44:52.949,1.41837,1.41874,1.09,2.25
2011.10.10 13:44:53.317,1.41843,1.41874,1.50,1.50
2011.10.10 13:44:53.574,1.41835,1.41871,1.09,1.50
2011.10.10 13:44:53.695,1.41837,1.41872,1.09,1.50
2011.10.10 13:44:54.046,1.41835,1.4187,1.09,1.50
2011.10.10 13:44:54.665,1.41837,1.4187,2.22,1.50
2011.10.10 13:44:55.195,1.41837,1.4187,1.09,1.50
2011.10.10 13:44:55.786,1.41837,1.4187,2.22,1.50
2011.10.10 13:44:56.151,1.41839,1.4187,1.43,1.50
2011.10.10 13:44:56.284,1.41832,1.4187,1.50,1.50
2011.10.10 13:44:56.406,1.41831,1.41866,1.13,2.25
2011.10.10 13:44:56.657,1.41832,1.41866,1.50,1.50
2011.10.10 13:44:58.066,1.41832,1.4187,1.50,1.50
2011.10.10 13:44:58.314,1.41829,1.41864,1.13,1.88
2011.10.10 13:44:58.823,1.41828,1.41864,1.09,1.88
2011.10.10 13:44:59.337,1.41828,1.41864,1.47,1.13
2011.10.10 13:45:00.041,1.41828,1.41864,1.47,1.13
2011.10.10 13:45:00.665,1.41829,1.41864,2.18,1.13
2011.10.10 13:45:00.790,1.41831,1.41865,2.18,1.50
2011.10.10 13:45:01.202,1.41832,1.4187,1.88,2.25
2011.10.10 13:45:01.596,1.4183,1.41866,1.09,2.63
2011.10.10 13:45:02.327,1.41835,1.41868,1.13,1.13
2011.10.10 13:45:03.693,1.41835,1.41871,1.88,1.50
2011.10.10 13:45:03.816,1.41836,1.41871,1.13,1.50
2011.10.10 13:45:04.186,1.41848,1.41877,1.13,1.50
2011.10.10 13:45:04.797,1.4185,1.41882,1.50,2.18
2011.10.10 13:45:05.095,1.4185,1.41882,1.50,2.18
2011.10.10 13:45:06.518,1.41854,1.4189,1.09,2.25
2011.10.10 13:45:06.755,1.4186,1.41894,1.13,1.13
2011.10.10 13:45:07.228,1.4186,1.41894,1.47,1.13
2011.10.10 13:45:07.357,1.4186,1.41894,2.22,1.13
2011.10.10 13:45:07.826,1.41865,1.41899,1.50,1.50
2011.10.10 13:45:08.438,1.41866,1.41903,1.13,2.25
2011.10.10 13:45:08.571,1.41866,1.41903,1.13,2.25
2011.10.10 13:45:09.404,1.41866,1.41903,1.13,2.25
2011.10.10 13:45:10.273,1.41867,1.41903,2.63,2.63
2011.10.10 13:45:10.637,1.41866,1.41895,1.88,1.50
2011.10.10 13:45:11.008,1.41863,1.41895,1.13,1.50
2011.10.10 13:45:11.142,1.41866,1.41896,2.63,1.50
2011.10.10 13:45:11.395,1.41866,1.41893,1.13,1.50
2011.10.10 13:45:11.529,1.41857,1.41892,3.38,1.13
2011.10.10 13:45:11.657,1.41854,1.41892,2.22,1.13
2011.10.10 13:45:11.914,1.41854,1.41889,2.22,1.13
2011.10.10 13:45:12.514,1.41855,1.41891,1.50,1.13
2011.10.10 13:45:12.643,1.41855,1.41893,1.50,1.84
2011.10.10 13:45:13.128,1.41855,1.41893,1.50,1.84
2011.10.10 13:45:13.495,1.41854,1.41888,1.50,1.50
2011.10.10 13:45:14.561,1.41867,1.41892,1.77,1.13
2011.10.10 13:45:14.686,1.41869,1.41898,1.50,1.50
2011.10.10 13:45:15.066,1.41866,1.41902,1.50,1.50
2011.10.10 13:45:15.199,1.41866,1.41902,1.88,1.50
2011.10.10 13:45:15.328,1.41866,1.41902,3.38,1.50
2011.10.10 13:45:16.858,1.41863,1.41896,1.88,1.50
2011.10.10 13:45:17.348,1.41863,1.41896,1.13,1.50
2011.10.10 13:45:18.133,1.4186,1.41896,1.50,1.88
2011.10.10 13:45:20.316,1.4186,1.41894,1.13,1.13
2011.10.10 13:45:22.057,1.41857,1.41894,1.88,1.13
2011.10.10 13:45:23.432,1.41857,1.41894,1.88,1.13
2011.10.10 13:45:24.294,1.4186,1.41894,1.13,1.13
2011.10.10 13:45:24.852,1.4186,1.41894,1.13,1.13
2011.10.10 13:45:26.274,1.4186,1.41894,1.13,1.13
2011.10.10 13:45:26.875,1.4186,1.41894,1.13,1.13
2011.10.10 13:45:27.464,1.41857,1.41894,1.88,1.13
2011.10.10 13:45:27.584,1.41855,1.41891,1.09,1.50
2011.10.10 13:45:29.195,1.41855,1.41891,1.47,1.50
2011.10.10 13:45:30.350,1.41858,1.41894,1.88,3.00
2011.10.10 13:45:30.948,1.41856,1.4189,1.13,1.50
2011.10.10 13:45:36.704,1.41856,1.41884,1.13,1.50
2011.10.10 13:45:38.286,1.41855,1.41884,1.13,1.50
2011.10.10 13:45:40.147,1.41852,1.41884,1.09,1.50
2011.10.10 13:45:40.284,1.41847,1.4188,2.63,1.50
2011.10.10 13:45:40.410,1.41847,1.4188,1.88,2.25
2011.10.10 13:45:40.659,1.41846,1.41879,1.88,1.50
2011.10.10 13:45:41.024,1.41846,1.41869,1.88,1.50
2011.10.10 13:45:41.508,1.41837,1.41869,1.88,1.50
2011.10.10 13:45:41.638,1.41837,1.41869,2.22,2.25
2011.10.10 13:45:42.044,1.41837,1.41869,2.22,2.25
2011.10.10 13:45:42.191,1.41837,1.4186,1.88,1.50
2011.10.10 13:45:42.677,1.41826,1.4186,2.59,1.50
2011.10.10 13:45:43.047,1.41827,1.4186,2.22,1.50
2011.10.10 13:45:43.989,1.41827,1.4186,2.22,1.50
2011.10.10 13:45:47.057,1.41826,1.41859,1.88,1.13
2011.10.10 13:45:47.739,1.4183,1.41859,1.77,1.13
2011.10.10 13:45:48.106,1.4183,1.41867,2.52,1.50
2011.10.10 13:45:50.035,1.41834,1.41871,1.13,1.13
2011.10.10 13:45:50.635,1.41834,1.41871,1.47,1.13
2011.10.10 13:45:51.336,1.41833,1.41871,2.59,1.88
2011.10.10 13:45:51.575,1.41833,1.41868,1.13,1.13
2011.10.10 13:45:52.794,1.41833,1.41865,1.13,1.13
2011.10.10 13:45:53.784,1.4183,1.41866,1.47,1.13
2011.10.10 13:45:54.276,1.4183,1.41865,1.47,1.13
2011.10.10 13:45:54.768,1.41836,1.41866,1.13,1.13
2011.10.10 13:45:55.018,1.41839,1.41872,1.13,1.88
2011.10.10 13:45:55.895,1.41838,1.41871,1.50,1.13
2011.10.10 13:45:56.140,1.41847,1.41884,1.13,4.13
2011.10.10 13:45:56.270,1.41852,1.41884,1.50,1.88
2011.10.10 13:45:56.398,1.41852,1.41884,1.50,1.88
2011.10.10 13:45:56.771,1.41858,1.41883,1.50,1.88
2011.10.10 13:45:56.898,1.41857,1.41883,1.50,1.88
2011.10.10 13:45:58.086,1.41863,1.41889,2.25,1.13
2011.10.10 13:45:58.229,1.41869,1.41899,1.13,1.50
2011.10.10 13:45:58.722,1.41869,1.419,2.25,1.50
2011.10.10 13:45:58.969,1.41873,1.41906,1.13,1.50
2011.10.10 13:45:59.937,1.41875,1.41906,1.50,1.50
2011.10.10 13:46:00.186,1.41879,1.41906,1.13,1.50
2011.10.10 13:46:01.925,1.41876,1.41906,1.50,1.50
2011.10.10 13:46:03.345,1.41876,1.41906,1.13,1.50
2011.10.10 13:46:03.884,1.41868,1.41903,1.50,1.13
2011.10.10 13:46:04.329,1.41866,1.41899,1.13,1.88
2011.10.10 13:46:04.469,1.41866,1.41895,1.13,1.50
2011.10.10 13:46:05.057,1.41859,1.41892,2.25,1.13
2011.10.10 13:46:05.496,1.41852,1.41887,1.50,1.50
2011.10.10 13:46:06.207,1.41857,1.41889,1.13,1.50
2011.10.10 13:46:06.746,1.41856,1.41892,3.38,1.13
2011.10.10 13:46:06.876,1.41866,1.41894,1.50,1.88
2011.10.10 13:46:07.010,1.41869,1.41902,1.13,3.00
2011.10.10 13:46:07.142,1.4187,1.41903,1.13,1.88
2011.10.10 13:46:07.268,1.41872,1.41903,1.50,1.88
2011.10.10 13:46:08.238,1.41874,1.41904,2.63,1.88
2011.10.10 13:46:08.760,1.41879,1.41912,1.50,1.09
2011.10.10 13:46:09.599,1.41879,1.41914,1.50,2.22
2011.10.10 13:46:09.859,1.41878,1.41912,1.13,1.09
2011.10.10 13:46:10.232,1.41876,1.41912,1.88,1.47
2011.10.10 13:46:10.357,1.41876,1.41912,1.13,1.47
2011.10.10 13:46:10.608,1.41874,1.41912,1.88,1.84
2011.10.10 13:46:12.386,1.41876,1.41912,1.50,1.84
2011.10.10 13:46:12.761,1.41877,1.41912,1.13,1.47
2011.10.10 13:46:12.886,1.41879,1.41912,1.13,1.09
2011.10.10 13:46:13.601,1.41878,1.41912,1.13,1.09
2011.10.10 13:46:13.735,1.41882,1.41914,1.50,3.38
2011.10.10 13:46:14.227,1.41883,1.41915,1.13,1.80
2011.10.10 13:46:14.365,1.41887,1.4192,1.50,1.47
2011.10.10 13:46:14.854,1.41881,1.41914,1.50,1.88
2011.10.10 13:46:16.116,1.41881,1.41914,1.50,1.88
2011.10.10 13:46:16.251,1.41881,1.41914,1.50,1.88
2011.10.10 13:46:16.854,1.41883,1.41919,1.50,1.84
2011.10.10 13:46:17.877,1.41879,1.41919,1.50,2.22
2011.10.10 13:46:18.004,1.41881,1.41919,1.50,1.47
2011.10.10 13:46:22.143,1.41881,1.41919,2.25,1.84
2011.10.10 13:46:22.727,1.4188,1.41913,1.13,1.13
2011.10.10 13:46:23.602,1.41882,1.41913,1.50,1.13
2011.10.10 13:46:23.982,1.41908,1.41943,1.50,1.81
2011.10.10 13:46:24.352,1.41921,1.41953,1.50,2.22
2011.10.10 13:46:24.962,1.41927,1.41954,1.50,1.88
2011.10.10 13:46:25.442,1.41929,1.41954,1.50,1.88
2011.10.10 13:46:25.806,1.41934,1.41954,1.50,1.88
2011.10.10 13:46:26.296,1.41934,1.41963,1.50,2.63
2011.10.10 13:46:26.550,1.41928,1.41963,1.50,2.63
2011.10.10 13:46:26.920,1.41935,1.41963,1.50,2.63
2011.10.10 13:46:27.049,1.41929,1.41963,1.50,2.63
2011.10.10 13:46:27.416,1.41929,1.41963,1.50,2.63
2011.10.10 13:46:27.701,1.41929,1.41967,2.25,1.50
2011.10.10 13:46:27.832,1.41951,1.41973,1.50,2.63
2011.10.10 13:46:28.086,1.41944,1.41983,1.50,2.63
2011.10.10 13:46:28.224,1.41941,1.41979,1.09,1.50
2011.10.10 13:46:28.349,1.41945,1.41983,1.50,2.63
2011.10.10 13:46:28.841,1.41945,1.41983,1.50,4.05
2011.10.10 13:46:28.971,1.41951,1.41983,1.84,2.55
2011.10.10 13:46:29.338,1.41947,1.4198,1.09,2.18
2011.10.10 13:46:29.675,1.41945,1.41984,1.50,1.88
2011.10.10 13:46:29.809,1.4194,1.41976,1.47,1.50
2011.10.10 13:46:30.598,1.41944,1.41978,2.18,1.50
2011.10.10 13:46:30.967,1.4195,1.41985,1.50,1.13
2011.10.10 13:46:31.095,1.41949,1.41985,2.25,1.13
2011.10.10 13:46:31.676,1.4195,1.41987,2.25,1.13
2011.10.10 13:46:31.928,1.4195,1.41988,1.50,1.50
2011.10.10 13:46:32.297,1.4195,1.41984,1.50,2.63
2011.10.10 13:46:32.866,1.41949,1.41984,1.50,2.63
2011.10.10 13:46:33.234,1.41949,1.41984,1.50,2.63
2011.10.10 13:46:33.833,1.41949,1.41984,1.50,2.63
2011.10.10 13:46:34.441,1.41949,1.41984,1.50,2.63
2011.10.10 13:46:34.798,1.41949,1.41984,1.50,2.63
2011.10.10 13:46:35.122,1.41951,1.41984,1.09,1.88
2011.10.10 13:46:35.270,1.41941,1.41979,1.95,1.50
2011.10.10 13:46:35.525,1.41941,1.41978,1.50,1.09
2011.10.10 13:46:35.888,1.41941,1.41977,1.50,1.13
2011.10.10 13:46:36.387,1.41941,1.41978,1.50,1.09
2011.10.10 13:46:36.879,1.41941,1.41976,1.13,1.13
2011.10.10 13:46:37.144,1.41941,1.41976,1.13,1.13
2011.10.10 13:46:37.267,1.4194,1.41976,1.13,1.13
2011.10.10 13:46:37.637,1.41943,1.41977,1.50,1.50
2011.10.10 13:46:39.081,1.41946,1.41974,1.13,1.13
2011.10.10 13:46:39.450,1.41947,1.41982,1.84,1.50
2011.10.10 13:46:39.838,1.4195,1.41982,1.50,1.50
2011.10.10 13:46:41.115,1.41952,1.41986,1.50,1.13
2011.10.10 13:46:41.366,1.41952,1.41986,1.88,1.13
2011.10.10 13:46:41.747,1.41952,1.41986,1.88,1.13
2011.10.10 13:46:42.335,1.41952,1.41988,2.63,1.88
2011.10.10 13:46:42.466,1.41952,1.41987,2.63,1.13
2011.10.10 13:46:42.831,1.41952,1.41987,1.88,1.13
2011.10.10 13:46:44.004,1.41952,1.41988,2.63,1.50
2011.10.10 13:46:44.246,1.41952,1.41988,2.63,1.50
2011.10.10 13:46:45.815,1.41952,1.41988,2.63,1.50
2011.10.10 13:46:46.059,1.41953,1.41988,1.50,1.50
2011.10.10 13:46:46.657,1.41956,1.41988,1.13,1.50
2011.10.10 13:46:47.276,1.41957,1.41988,1.13,1.50
2011.10.10 13:46:48.041,1.4196,1.41993,1.84,1.50
2011.10.10 13:46:48.171,1.41963,1.41994,1.09,2.63
2011.10.10 13:46:48.672,1.41962,1.41994,1.50,1.50
2011.10.10 13:46:49.123,1.41968,1.41997,1.50,2.25
2011.10.10 13:46:49.629,1.41969,1.41999,1.13,1.50
2011.10.10 13:46:50.228,1.41969,1.41999,1.13,1.50
2011.10.10 13:46:50.358,1.41969,1.42001,1.13,2.25
2011.10.10 13:46:51.191,1.41964,1.41997,1.50,1.50
2011.10.10 13:46:51.321,1.41957,1.41987,3.38,1.50
2011.10.10 13:46:51.449,1.41957,1.41986,1.88,1.50
2011.10.10 13:46:51.576,1.41955,1.41979,1.13,1.50
2011.10.10 13:46:51.886,1.41947,1.41979,1.13,1.50
2011.10.10 13:46:52.129,1.4195,1.4198,2.18,1.50
2011.10.10 13:46:52.258,1.41948,1.41984,1.88,1.13
2011.10.10 13:46:52.505,1.41948,1.41983,1.88,1.13
2011.10.10 13:46:52.634,1.41951,1.41983,1.50,1.13
2011.10.10 13:46:52.766,1.41949,1.41983,2.22,1.13
2011.10.10 13:46:53.013,1.41954,1.41991,1.09,1.88
2011.10.10 13:46:53.504,1.41958,1.4199,2.25,2.18
2011.10.10 13:46:53.968,1.41963,1.41992,1.09,1.50
2011.10.10 13:46:55.856,1.41955,1.41991,1.13,1.13
2011.10.10 13:46:56.150,1.41954,1.41991,1.84,1.13
2011.10.10 13:46:56.299,1.41948,1.41984,1.88,2.63
2011.10.10 13:46:56.673,1.41948,1.41983,1.50,4.05
2011.10.10 13:46:57.034,1.41948,1.41975,1.50,1.13
2011.10.10 13:46:57.279,1.41947,1.41975,1.84,1.13
2011.10.10 13:46:58.303,1.41953,1.41981,1.50,1.13
2011.10.10 13:46:59.657,1.41953,1.41981,1.50,1.13
2011.10.10 13:46:59.787,1.41944,1.41981,1.47,1.13
2011.10.10 13:46:59.921,1.41944,1.4198,1.09,1.88
2011.10.10 13:47:00.048,1.41942,1.4198,3.00,1.50
2011.10.10 13:47:00.298,1.41944,1.41982,2.25,1.88
2011.10.10 13:47:00.549,1.41952,1.41984,1.50,2.63
2011.10.10 13:47:01.419,1.41952,1.41985,1.88,1.13
2011.10.10 13:47:01.786,1.41953,1.41985,1.09,1.13
2011.10.10 13:47:01.918,1.41954,1.41991,1.09,1.50
2011.10.10 13:47:02.165,1.41958,1.41994,1.84,2.63
2011.10.10 13:47:02.770,1.41955,1.41991,1.09,1.50
2011.10.10 13:47:03.022,1.41953,1.41991,1.88,1.50
2011.10.10 13:47:03.273,1.41951,1.41983,1.50,2.63
2011.10.10 13:47:03.636,1.41947,1.41978,1.13,1.50
2011.10.10 13:47:04.012,1.41947,1.41978,1.13,1.50
2011.10.10 13:47:04.286,1.41947,1.41979,1.13,2.63
2011.10.10 13:47:04.413,1.41947,1.41979,1.13,2.63
2011.10.10 13:47:04.988,1.4194,1.41978,1.88,1.50
2011.10.10 13:47:05.364,1.41939,1.41974,1.50,1.50
2011.10.10 13:47:05.925,1.41939,1.41973,1.50,1.50
2011.10.10 13:47:06.499,1.41939,1.41973,1.50,1.13
2011.10.10 13:47:07.515,1.41939,1.41973,1.50,1.13
2011.10.10 13:47:08.096,1.41939,1.41974,2.25,2.25
2011.10.10 13:47:08.689,1.41939,1.41973,1.50,1.13
2011.10.10 13:47:09.044,1.41939,1.41973,1.50,1.13
2011.10.10 13:47:09.696,1.41939,1.41973,1.50,1.13
2011.10.10 13:47:10.079,1.41947,1.41976,1.47,1.13
2011.10.10 13:47:10.208,1.41946,1.41984,1.47,3.38
2011.10.10 13:47:10.816,1.41947,1.4198,1.09,1.13
2011.10.10 13:47:10.948,1.41947,1.4198,1.09,1.13
2011.10.10 13:47:11.547,1.41947,1.4198,1.09,1.13
2011.10.10 13:47:12.008,1.41947,1.4198,1.09,1.13
2011.10.10 13:47:12.144,1.41947,1.4198,1.09,1.13
2011.10.10 13:47:12.400,1.41947,1.4198,1.09,1.13
2011.10.10 13:47:12.890,1.41938,1.41974,1.88,1.88
2011.10.10 13:47:13.258,1.41942,1.41974,1.13,1.88
2011.10.10 13:47:13.383,1.41943,1.41974,1.13,1.13
2011.10.10 13:47:14.827,1.41942,1.41974,1.50,1.13
2011.10.10 13:47:15.196,1.41936,1.41974,3.34,2.25
2011.10.10 13:47:15.436,1.41936,1.41974,4.09,2.25
2011.10.10 13:47:16.276,1.41936,1.41972,2.97,1.13
2011.10.10 13:47:16.627,1.41936,1.41972,2.63,1.13
2011.10.10 13:47:16.984,1.41936,1.41974,3.38,1.50
2011.10.10 13:47:17.223,1.41936,1.41972,3.38,1.13
2011.10.10 13:47:17.654,1.41936,1.4197,2.63,1.50
2011.10.10 13:47:17.896,1.41936,1.41964,1.88,1.50
2011.10.10 13:47:18.268,1.41927,1.41961,2.63,1.13
2011.10.10 13:47:19.179,1.41925,1.41959,2.18,2.97
2011.10.10 13:47:19.307,1.4192,1.41952,1.13,1.09
2011.10.10 13:47:19.439,1.4192,1.41955,1.50,1.47
2011.10.10 13:47:19.869,1.41917,1.41951,2.25,1.50
2011.10.10 13:47:20.237,1.41925,1.41954,1.50,1.88
2011.10.10 13:47:20.606,1.41925,1.41963,1.50,3.38
2011.10.10 13:47:20.731,1.41928,1.41963,2.25,2.63
2011.10.10 13:47:20.863,1.41928,1.41964,1.84,2.63
2011.10.10 13:47:21.996,1.41927,1.41964,1.13,1.13
2011.10.10 13:47:23.334,1.41927,1.41963,1.13,1.50
2011.10.10 13:47:23.455,1.41926,1.41963,2.63,1.50
2011.10.10 13:47:23.817,1.41923,1.41954,1.47,1.50
2011.10.10 13:47:24.070,1.41923,1.41961,2.22,1.50
2011.10.10 13:47:24.316,1.41927,1.41961,1.88,1.50
2011.10.10 13:47:25.064,1.41923,1.41959,1.47,1.13
2011.10.10 13:47:25.446,1.41927,1.41962,1.50,1.50
2011.10.10 13:47:25.819,1.4193,1.41964,1.50,1.88
2011.10.10 13:47:25.947,1.4193,1.41962,1.50,1.43
2011.10.10 13:47:26.326,1.41928,1.41962,1.13,2.18
2011.10.10 13:47:26.585,1.41926,1.41959,1.50,1.13
2011.10.10 13:47:27.187,1.41924,1.41958,1.84,2.18
2011.10.10 13:47:27.777,1.41924,1.41953,1.84,1.88
2011.10.10 13:47:28.156,1.41924,1.41953,1.50,2.63
2011.10.10 13:47:28.280,1.41919,1.41953,1.50,2.63
2011.10.10 13:47:28.412,1.41921,1.41953,1.50,2.63
2011.10.10 13:47:29.078,1.41922,1.41957,1.13,1.50
2011.10.10 13:47:29.219,1.41925,1.41957,1.09,1.50
2011.10.10 13:47:29.949,1.41922,1.41957,2.22,1.50
2011.10.10 13:47:30.324,1.41922,1.41951,2.22,1.50
2011.10.10 13:47:30.451,1.41913,1.41946,1.13,1.50
2011.10.10 13:47:31.181,1.41913,1.41949,1.88,1.50
2011.10.10 13:47:31.561,1.41914,1.41947,1.13,1.50
2011.10.10 13:47:31.689,1.41916,1.4195,1.88,1.50
2011.10.10 13:47:31.815,1.41913,1.4195,1.13,1.88
2011.10.10 13:47:32.414,1.41911,1.41944,1.50,1.88
2011.10.10 13:47:32.896,1.41908,1.41944,1.47,3.38
2011.10.10 13:47:33.597,1.4191,1.41944,1.09,3.38
2011.10.10 13:47:34.116,1.41908,1.41943,1.09,2.63
2011.10.10 13:47:34.488,1.4191,1.41943,1.09,1.88
2011.10.10 13:47:35.336,1.41911,1.41946,2.59,2.25
2011.10.10 13:47:35.471,1.41914,1.4195,1.09,1.88
2011.10.10 13:47:35.598,1.41912,1.41949,1.13,2.18
2011.10.10 13:47:36.089,1.41912,1.41943,1.13,2.63
2011.10.10 13:47:36.338,1.41908,1.41943,1.09,2.63
2011.10.10 13:47:36.477,1.41908,1.41939,1.09,1.13
2011.10.10 13:47:37.072,1.41907,1.41942,1.84,1.13
2011.10.10 13:47:38.208,1.41907,1.41942,1.50,1.13
2011.10.10 13:47:39.007,1.41906,1.41935,1.50,1.13
2011.10.10 13:47:39.141,1.41905,1.41942,1.50,1.13
2011.10.10 13:47:39.387,1.41905,1.41936,1.50,1.13
2011.10.10 13:47:40.287,1.41907,1.41939,1.09,1.13
2011.10.10 13:47:41.279,1.41907,1.41943,1.84,3.00
2011.10.10 13:47:41.789,1.41907,1.41943,1.84,3.00
2011.10.10 13:47:41.918,1.41907,1.41943,1.84,3.00
2011.10.10 13:47:42.048,1.41908,1.41943,1.47,2.63
2011.10.10 13:47:46.440,1.41914,1.41947,1.50,1.50
2011.10.10 13:47:46.573,1.41911,1.41947,1.47,1.50
2011.10.10 13:47:46.813,1.41911,1.41946,1.47,1.13
2011.10.10 13:47:47.396,1.4191,1.41944,1.47,1.13
2011.10.10 13:47:47.639,1.4191,1.41945,1.47,1.13
2011.10.10 13:47:47.771,1.41911,1.41945,1.84,1.13
2011.10.10 13:47:48.377,1.41913,1.41946,1.13,1.50
2011.10.10 13:47:49.229,1.41921,1.41948,1.50,1.50
2011.10.10 13:47:49.500,1.41911,1.41946,1.09,1.50
2011.10.10 13:47:49.873,1.41911,1.41943,1.09,1.50
2011.10.10 13:47:50.011,1.41904,1.41941,4.09,1.50
2011.10.10 13:47:50.146,1.41903,1.41941,1.50,1.50
2011.10.10 13:47:50.401,1.41903,1.41941,1.13,1.50
2011.10.10 13:47:50.780,1.41902,1.41933,1.13,1.88
2011.10.10 13:47:51.152,1.41898,1.41933,1.84,1.88
2011.10.10 13:47:51.447,1.41897,1.41933,2.25,1.88
2011.10.10 13:47:52.696,1.41896,1.41931,1.50,1.13
2011.10.10 13:47:53.647,1.41897,1.41933,1.50,2.63
2011.10.10 13:47:54.203,1.41905,1.41934,1.09,1.13
2011.10.10 13:47:54.811,1.41905,1.41938,1.84,1.13
2011.10.10 13:47:55.059,1.41905,1.4194,1.47,1.13
2011.10.10 13:47:55.665,1.41899,1.41936,1.09,1.13
2011.10.10 13:47:56.146,1.41899,1.41936,1.09,1.88
2011.10.10 13:47:57.405,1.41899,1.41936,1.84,1.88
2011.10.10 13:47:57.762,1.41901,1.41936,1.09,1.88
2011.10.10 13:47:59.613,1.41906,1.41943,2.22,1.50
2011.10.10 13:48:00.572,1.41913,1.41943,1.47,1.88
2011.10.10 13:48:00.816,1.41913,1.41943,1.47,3.38
2011.10.10 13:48:00.944,1.41913,1.41943,1.47,3.38
2011.10.10 13:48:01.826,1.41914,1.41943,1.13,3.38
2011.10.10 13:48:02.067,1.41913,1.41943,1.47,3.38
2011.10.10 13:48:02.200,1.41912,1.41943,1.09,3.38
2011.10.10 13:48:02.451,1.41913,1.41944,1.84,1.50
2011.10.10 13:48:02.575,1.41909,1.41939,1.09,1.50
2011.10.10 13:48:02.806,1.41907,1.41944,2.59,2.25
2011.10.10 13:48:03.058,1.41907,1.41943,2.59,1.13
2011.10.10 13:48:03.419,1.41912,1.41944,1.09,3.38
2011.10.10 13:48:03.899,1.41912,1.41944,1.09,2.63
2011.10.10 13:48:04.618,1.41908,1.41944,1.50,3.38
2011.10.10 13:48:04.867,1.41909,1.41944,1.50,3.38
2011.10.10 13:48:05.004,1.41907,1.41943,1.13,1.50
2011.10.10 13:48:05.132,1.41905,1.4194,1.84,1.13
2011.10.10 13:48:05.548,1.41911,1.41938,1.13,1.43
2011.10.10 13:48:05.689,1.41908,1.41943,1.50,3.38
2011.10.10 13:48:06.182,1.41906,1.41942,1.13,1.50
2011.10.10 13:48:06.313,1.41907,1.41939,1.13,1.50
2011.10.10 13:48:06.804,1.41898,1.41936,1.13,1.13
2011.10.10 13:48:07.403,1.41898,1.41933,1.13,1.88
2011.10.10 13:48:07.886,1.41895,1.41932,1.84,1.88
2011.10.10 13:48:11.443,1.41896,1.41932,2.22,1.50
2011.10.10 13:48:11.930,1.41896,1.41932,2.97,1.50
2011.10.10 13:48:12.057,1.41899,1.41935,1.13,1.13
2011.10.10 13:48:12.190,1.41899,1.41934,3.72,1.88
2011.10.10 13:48:12.559,1.41905,1.41941,1.47,1.88
2011.10.10 13:48:13.054,1.41906,1.41941,1.09,2.25
2011.10.10 13:48:13.182,1.41906,1.41943,2.22,2.25
2011.10.10 13:48:13.550,1.41906,1.41941,2.97,1.50
2011.10.10 13:48:14.281,1.41911,1.41943,1.43,1.50
2011.10.10 13:48:14.525,1.41909,1.41943,1.13,1.50
2011.10.10 13:48:15.159,1.41906,1.41941,5.89,1.50
2011.10.10 13:48:15.529,1.41912,1.41943,1.09,1.50
2011.10.10 13:48:16.346,1.41916,1.41947,1.47,1.13
2011.10.10 13:48:16.830,1.41916,1.41952,2.22,1.13
2011.10.10 13:48:17.480,1.41916,1.41954,2.59,3.38
2011.10.10 13:48:17.886,1.41919,1.41954,1.50,1.13
2011.10.10 13:48:18.380,1.41917,1.41955,1.13,2.93
2011.10.10 13:48:18.516,1.41914,1.41948,1.47,1.13
2011.10.10 13:48:20.384,1.41917,1.41953,1.13,2.63
2011.10.10 13:48:20.514,1.4192,1.41953,1.88,2.63
2011.10.10 13:48:21.117,1.4192,1.4196,2.63,1.47
2011.10.10 13:48:21.727,1.41922,1.4196,1.50,1.47
2011.10.10 13:48:21.854,1.41922,1.4196,1.50,1.09
2011.10.10 13:48:22.096,1.41921,1.4196,1.50,1.09
2011.10.10 13:48:22.226,1.41921,1.4196,1.50,1.47
2011.10.10 13:48:23.856,1.41924,1.4196,2.18,1.13
2011.10.10 13:48:24.108,1.4192,1.4196,2.97,1.13
2011.10.10 13:48:24.385,1.41922,1.4196,1.50,1.13
2011.10.10 13:48:28.126,1.41922,1.4196,1.88,1.13
2011.10.10 13:48:28.699,1.4192,1.41953,1.84,1.88
2011.10.10 13:48:29.068,1.41917,1.41953,2.22,1.88
2011.10.10 13:48:29.435,1.41916,1.41953,2.22,1.50
2011.10.10 13:48:29.734,1.41927,1.41954,1.88,2.18
2011.10.10 13:48:29.992,1.41927,1.41959,1.88,1.13
2011.10.10 13:48:30.594,1.41926,1.41959,1.88,1.13
2011.10.10 13:48:36.824,1.41926,1.4196,2.63,1.50
2011.10.10 13:48:37.070,1.41927,1.4196,1.88,1.50
2011.10.10 13:48:37.380,1.41927,1.41964,2.63,2.25
2011.10.10 13:48:37.986,1.41927,1.41964,2.63,1.50
2011.10.10 13:48:38.698,1.41927,1.41961,2.63,1.50
2011.10.10 13:48:40.040,1.41928,1.41963,1.50,2.25
2011.10.10 13:48:40.297,1.41939,1.41974,1.50,2.63
2011.10.10 13:48:40.420,1.41944,1.41974,1.50,2.63
2011.10.10 13:48:40.734,1.41945,1.41973,1.13,2.63
2011.10.10 13:48:41.455,1.4195,1.41973,1.50,1.88
2011.10.10 13:48:41.944,1.41953,1.41982,1.50,1.43
2011.10.10 13:48:42.087,1.41956,1.41992,2.63,1.50
2011.10.10 13:48:42.340,1.41956,1.41995,3.38,1.13
2011.10.10 13:48:42.947,1.41957,1.41993,1.13,1.88
2011.10.10 13:48:43.079,1.41962,1.41993,1.50,1.88
2011.10.10 13:48:48.957,1.41966,1.42002,2.18,1.50
2011.10.10 13:48:49.324,1.41969,1.42003,1.50,2.25
2011.10.10 13:48:49.685,1.4197,1.42003,1.13,2.63
2011.10.10 13:48:50.053,1.41966,1.41998,1.13,1.50
2011.10.10 13:48:50.986,1.41964,1.41998,1.50,1.50
2011.10.10 13:48:51.115,1.41964,1.41998,1.50,1.50
2011.10.10 13:48:52.304,1.4196,1.41997,1.13,1.50
2011.10.10 13:48:52.766,1.41958,1.41996,2.22,1.50
2011.10.10 13:48:53.364,1.41959,1.41996,1.13,1.13
2011.10.10 13:48:54.490,1.41966,1.41997,2.25,1.50
2011.10.10 13:48:54.955,1.41966,1.42004,2.25,5.59
2011.10.10 13:48:55.418,1.41961,1.41997,1.09,2.25
2011.10.10 13:48:55.554,1.41961,1.41997,1.13,2.59
2011.10.10 13:48:55.797,1.41961,1.41993,1.13,1.13
2011.10.10 13:48:56.050,1.41958,1.41993,1.13,2.63
2011.10.10 13:48:56.187,1.41957,1.4199,2.25,1.50
2011.10.10 13:48:56.556,1.41957,1.41986,1.88,1.50
2011.10.10 13:48:57.114,1.41952,1.41983,1.13,1.50
2011.10.10 13:48:57.598,1.41957,1.41989,1.88,1.13
2011.10.10 13:48:57.727,1.41957,1.41985,1.88,1.50
2011.10.10 13:48:57.859,1.41949,1.41983,1.50,1.13
2011.10.10 13:48:58.107,1.41955,1.41985,1.43,1.50
2011.10.10 13:48:58.241,1.41956,1.41987,1.88,1.13
2011.10.10 13:48:58.372,1.41956,1.41991,2.25,1.50
2011.10.10 13:48:58.621,1.41954,1.41989,1.13,1.13
2011.10.10 13:48:59.220,1.4196,1.41998,1.13,1.50
2011.10.10 13:48:59.360,1.41967,1.42001,2.63,1.13
2011.10.10 13:48:59.727,1.41962,1.41998,1.13,1.13
2011.10.10 13:49:00.199,1.41962,1.41993,1.50,1.88
2011.10.10 13:49:00.559,1.41963,1.41993,2.25,1.88
2011.10.10 13:49:00.700,1.41968,1.42006,2.22,1.50
2011.10.10 13:49:00.954,1.41977,1.42007,2.25,1.50
2011.10.10 13:49:01.322,1.41978,1.42009,1.13,1.50
2011.10.10 13:49:01.661,1.41977,1.42009,2.63,1.50
2011.10.10 13:49:02.024,1.41977,1.42007,1.88,1.88
2011.10.10 13:49:02.507,1.41977,1.42012,1.13,1.47
2011.10.10 13:49:02.640,1.41977,1.42012,1.13,1.09
2011.10.10 13:49:03.816,1.41977,1.42014,1.13,2.63
2011.10.10 13:49:04.768,1.41987,1.42019,1.47,1.13
2011.10.10 13:49:05.024,1.41987,1.42019,1.47,1.88
2011.10.10 13:49:05.392,1.41987,1.42014,2.22,1.13
2011.10.10 13:49:06.576,1.41986,1.42013,1.88,1.13
2011.10.10 13:49:07.163,1.41987,1.42013,1.88,1.13
2011.10.10 13:49:07.822,1.41987,1.42013,1.88,1.50
2011.10.10 13:49:07.947,1.41987,1.42012,1.88,1.50
2011.10.10 13:49:08.898,1.41987,1.42009,1.88,1.88
2011.10.10 13:49:10.112,1.41977,1.42009,2.63,1.50
2011.10.10 13:49:10.238,1.41977,1.42013,2.97,3.75
2011.10.10 13:49:12.446,1.41978,1.42013,1.09,2.63
2011.10.10 13:49:12.695,1.41977,1.42013,2.97,2.63
2011.10.10 13:49:14.466,1.41977,1.42013,2.97,2.25
2011.10.10 13:49:15.566,1.41982,1.42013,1.50,2.25
2011.10.10 13:49:15.955,1.41982,1.42014,1.50,1.88
2011.10.10 13:49:16.767,1.41988,1.42014,1.43,1.50
2011.10.10 13:49:17.023,1.4199,1.4202,2.18,1.50
2011.10.10 13:49:17.410,1.41985,1.4202,2.55,1.50
2011.10.10 13:49:17.546,1.4199,1.4202,1.50,1.13
2011.10.10 13:49:17.795,1.41987,1.42019,1.88,1.13
2011.10.10 13:49:18.164,1.41987,1.42022,2.63,1.13
2011.10.10 13:49:18.410,1.41987,1.42022,4.05,1.13
2011.10.10 13:49:18.659,1.41992,1.42025,1.13,1.50
2011.10.10 13:49:18.789,1.41997,1.42029,1.09,1.50
2011.10.10 13:49:18.917,1.41997,1.42031,1.09,2.25
2011.10.10 13:49:19.289,1.41998,1.42033,1.84,1.88
2011.10.10 13:49:19.417,1.41996,1.4203,1.47,1.50
2011.10.10 13:49:20.295,1.41999,1.42034,1.09,1.88
2011.10.10 13:49:20.436,1.41999,1.42036,1.09,1.50
2011.10.10 13:49:20.566,1.42,1.42035,1.50,1.13
2011.10.10 13:49:20.936,1.42004,1.42037,1.13,1.50
2011.10.10 13:49:23.845,1.42002,1.42035,1.13,1.50
2011.10.10 13:49:24.876,1.41999,1.42035,1.09,1.50
2011.10.10 13:49:25.228,1.41997,1.42033,1.50,1.50
2011.10.10 13:49:25.598,1.41997,1.42025,1.13,1.50
2011.10.10 13:49:25.852,1.41987,1.42023,2.63,4.43
2011.10.10 13:49:26.267,1.41981,1.42016,1.47,1.13
2011.10.10 13:49:26.402,1.41979,1.42016,1.50,1.50
2011.10.10 13:49:26.531,1.41978,1.42012,1.13,1.50
2011.10.10 13:49:26.903,1.41989,1.42013,1.43,1.50
2011.10.10 13:49:27.032,1.4198,1.42013,1.50,1.50
2011.10.10 13:49:27.519,1.41977,1.42011,2.97,1.50
2011.10.10 13:49:28.613,1.41977,1.42011,1.47,1.50
2011.10.10 13:49:28.887,1.41982,1.42011,1.50,1.50
2011.10.10 13:49:29.023,1.4198,1.42015,1.50,1.13
2011.10.10 13:49:29.147,1.4198,1.42017,1.50,1.13
2011.10.10 13:49:29.276,1.4198,1.42015,1.50,1.13
2011.10.10 13:49:30.985,1.4198,1.42018,1.88,1.50
2011.10.10 13:49:31.103,1.41982,1.42018,1.13,1.50
2011.10.10 13:49:31.718,1.41982,1.42018,1.13,1.50
2011.10.10 13:49:32.820,1.41982,1.42018,1.13,1.50
2011.10.10 13:49:34.220,1.41977,1.42012,2.97,1.13
2011.10.10 13:49:34.355,1.41977,1.42011,2.97,1.13
2011.10.10 13:49:34.598,1.41979,1.42012,1.50,1.13
2011.10.10 13:49:35.012,1.41984,1.42018,1.50,1.47
2011.10.10 13:49:35.143,1.4198,1.42016,1.88,1.13
2011.10.10 13:49:35.517,1.41979,1.42013,1.80,1.13
2011.10.10 13:49:35.655,1.41976,1.42012,4.43,1.50
2011.10.10 13:49:35.787,1.41978,1.42015,1.50,1.13
2011.10.10 13:49:36.044,1.41978,1.42015,2.93,1.47
2011.10.10 13:49:36.410,1.41983,1.42014,2.25,1.09
2011.10.10 13:49:36.783,1.41985,1.42014,1.50,1.09
2011.10.10 13:49:36.923,1.41991,1.42023,1.50,1.88
2011.10.10 13:49:37.050,1.41991,1.42023,1.50,1.88
2011.10.10 13:49:37.176,1.41991,1.42023,1.50,1.88
2011.10.10 13:49:37.310,1.41991,1.42024,1.50,1.88
2011.10.10 13:49:37.801,1.41995,1.42031,1.13,1.84
2011.10.10 13:49:39.878,1.41994,1.42031,1.13,1.50
2011.10.10 13:49:40.252,1.41998,1.42033,2.25,2.25
2011.10.10 13:49:40.381,1.41998,1.42033,1.50,1.88
2011.10.10 13:49:40.869,1.42005,1.42033,1.50,1.88
2011.10.10 13:49:41.023,1.42013,1.42043,1.84,1.88
2011.10.10 13:49:41.508,1.42013,1.42043,1.84,1.88
2011.10.10 13:49:42.351,1.42016,1.4205,1.09,1.50
2011.10.10 13:49:42.801,1.42019,1.42053,1.47,1.13
2011.10.10 13:49:43.544,1.42018,1.42051,1.09,1.50
2011.10.10 13:49:44.268,1.42019,1.42053,2.97,1.50
2011.10.10 13:49:44.397,1.42022,1.42055,1.13,1.50
2011.10.10 13:49:44.533,1.42022,1.42055,1.13,1.88
2011.10.10 13:49:44.659,1.42022,1.42057,1.13,1.50
2011.10.10 13:49:44.789,1.42022,1.42057,1.47,1.50
2011.10.10 13:49:44.925,1.42028,1.42063,1.09,1.50
2011.10.10 13:49:45.311,1.42028,1.42063,1.09,4.13
2011.10.10 13:49:45.682,1.42031,1.42062,1.13,1.50
2011.10.10 13:49:46.193,1.4203,1.42062,1.50,1.50
2011.10.10 13:49:46.324,1.42022,1.42042,1.43,1.09
2011.10.10 13:49:46.455,1.42008,1.42042,1.50,1.09
2011.10.10 13:49:46.581,1.42008,1.42041,1.50,1.13
2011.10.10 13:49:46.712,1.42011,1.42023,1.43,1.50
2011.10.10 13:49:46.844,1.42009,1.42036,1.43,1.13
2011.10.10 13:49:47.210,1.41996,1.42033,2.22,2.63
2011.10.10 13:49:48.420,1.41999,1.42033,1.84,2.63
2011.10.10 13:49:48.791,1.42006,1.42034,1.09,1.13
2011.10.10 13:49:48.918,1.42006,1.4204,2.97,1.50
2011.10.10 13:49:49.052,1.42007,1.4204,2.63,1.50
2011.10.10 13:49:49.183,1.42008,1.42043,1.50,1.50
2011.10.10 13:49:49.307,1.42014,1.42046,1.13,1.50
2011.10.10 13:49:50.257,1.42007,1.4204,2.63,1.50
2011.10.10 13:49:50.558,1.42007,1.4204,2.63,1.50
2011.10.10 13:49:51.282,1.42007,1.42038,1.88,1.50
2011.10.10 13:49:51.515,1.42006,1.42038,2.22,1.50
2011.10.10 13:49:52.114,1.42007,1.42038,1.88,1.50
2011.10.10 13:49:53.464,1.42002,1.42038,1.47,1.50
2011.10.10 13:49:53.710,1.42005,1.42037,1.77,1.50
2011.10.10 13:49:54.198,1.42004,1.42039,2.14,1.50
2011.10.10 13:49:54.447,1.42011,1.4204,1.09,1.50
2011.10.10 13:49:54.700,1.42008,1.4204,1.80,1.50
2011.10.10 13:49:54.829,1.42,1.42033,2.22,1.88
2011.10.10 13:49:55.286,1.42007,1.42032,2.22,1.50
2011.10.10 13:49:57.829,1.41998,1.42029,1.77,1.50
2011.10.10 13:49:58.167,1.41999,1.42029,2.14,1.50
2011.10.10 13:49:58.305,1.41999,1.42029,1.77,1.50
2011.10.10 13:50:00.509,1.41998,1.4203,2.14,1.50
2011.10.10 13:50:00.649,1.41998,1.42029,2.14,1.50
2011.10.10 13:50:01.257,1.41996,1.42028,1.88,1.50
2011.10.10 13:50:01.391,1.41994,1.42021,1.43,1.50
2011.10.10 13:50:01.885,1.4198,1.42002,1.20,1.50
2011.10.10 13:50:02.380,1.41976,1.42005,2.63,1.50
2011.10.10 13:50:02.507,1.41977,1.42008,2.63,1.50
2011.10.10 13:50:02.760,1.41985,1.42011,1.50,1.09
2011.10.10 13:50:02.894,1.41988,1.4202,2.18,1.50
2011.10.10 13:50:03.019,1.4199,1.42023,1.50,1.88
2011.10.10 13:50:04.270,1.41992,1.42023,1.50,1.88
2011.10.10 13:50:04.766,1.41996,1.42031,2.18,1.13
2011.10.10 13:50:05.138,1.42001,1.42034,1.47,1.88
2011.10.10 13:50:05.513,1.42007,1.42034,1.13,1.88
2011.10.10 13:50:05.638,1.42003,1.4204,1.47,1.50
2011.10.10 13:50:05.765,1.42002,1.42038,1.47,1.50
2011.10.10 13:50:06.011,1.42002,1.42038,1.09,2.25
2011.10.10 13:50:09.656,1.41998,1.42032,1.43,1.50
2011.10.10 13:50:09.995,1.42,1.42032,1.43,1.50
2011.10.10 13:50:10.478,1.41996,1.42032,2.59,1.50
2011.10.10 13:50:11.335,1.41996,1.42032,1.47,1.88
2011.10.10 13:50:11.825,1.41993,1.42024,2.14,1.13
2011.10.10 13:50:12.284,1.41989,1.42024,1.43,1.13
2011.10.10 13:50:12.650,1.41991,1.42024,2.25,2.25
2011.10.10 13:50:12.782,1.41988,1.42024,1.50,3.00
2011.10.10 13:50:13.068,1.41988,1.42023,2.18,2.25
2011.10.10 13:50:13.678,1.41991,1.42025,1.13,1.88
2011.10.10 13:50:14.047,1.41991,1.4203,3.30,1.50
2011.10.10 13:50:14.418,1.41991,1.42025,2.25,1.13
2011.10.10 13:50:14.795,1.41996,1.42033,1.09,1.50
2011.10.10 13:50:14.930,1.41996,1.42029,1.09,1.50
2011.10.10 13:50:15.529,1.41996,1.4203,1.09,2.25
2011.10.10 13:50:15.895,1.41993,1.42023,1.77,1.50
2011.10.10 13:50:17.197,1.4199,1.42023,2.93,1.50
2011.10.10 13:50:17.444,1.41986,1.4202,1.88,1.50
2011.10.10 13:50:17.796,1.41982,1.42017,1.50,1.50
2011.10.10 13:50:18.427,1.41981,1.42017,1.13,2.63
2011.10.10 13:50:18.569,1.4198,1.42017,2.18,1.88
2011.10.10 13:50:19.178,1.41984,1.42014,1.13,1.13
2011.10.10 13:50:19.430,1.4198,1.42014,1.50,1.50
2011.10.10 13:50:19.557,1.41981,1.42014,1.13,1.50
2011.10.10 13:50:19.925,1.41978,1.42013,1.13,1.13
2011.10.10 13:50:20.047,1.41978,1.42013,1.13,1.13
2011.10.10 13:50:20.521,1.41978,1.42014,1.13,3.38
2011.10.10 13:50:21.013,1.41978,1.42013,1.13,1.09
2011.10.10 13:50:21.378,1.41972,1.42008,1.50,1.88
2011.10.10 13:50:21.749,1.41972,1.42002,1.13,1.50
2011.10.10 13:50:22.597,1.41966,1.42,2.63,1.50
2011.10.10 13:50:23.127,1.41959,1.41995,1.47,1.13
2011.10.10 13:50:23.257,1.41959,1.41994,1.09,1.13
2011.10.10 13:50:24.485,1.4196,1.41997,2.22,1.88
2011.10.10 13:50:24.851,1.41966,1.41999,1.47,1.13
2011.10.10 13:50:24.978,1.41967,1.42002,1.09,1.13
2011.10.10 13:50:25.543,1.41967,1.42004,1.09,2.63
2011.10.10 13:50:26.389,1.41966,1.42004,4.09,1.13
2011.10.10 13:50:27.236,1.41969,1.42003,1.47,2.63
2011.10.10 13:50:27.382,1.41972,1.42008,1.50,1.47
2011.10.10 13:50:27.864,1.41966,1.41995,2.63,1.13
2011.10.10 13:50:28.230,1.41967,1.41992,1.88,1.13
2011.10.10 13:50:28.839,1.41957,1.41988,1.88,1.13
2011.10.10 13:50:29.937,1.41957,1.41989,2.97,1.50
2011.10.10 13:50:30.069,1.41957,1.41994,2.97,1.13
2011.10.10 13:50:30.949,1.41957,1.41993,2.59,1.13
2011.10.10 13:50:31.555,1.41957,1.41994,2.59,1.13
2011.10.10 13:50:32.504,1.41957,1.41993,2.59,1.13
2011.10.10 13:50:34.904,1.41957,1.41993,2.22,1.13
2011.10.10 13:50:36.476,1.41957,1.41993,2.22,1.13
2011.10.10 13:50:39.515,1.41957,1.41993,1.09,2.63
2011.10.10 13:50:39.781,1.41955,1.41991,1.47,1.88
2011.10.10 13:50:39.911,1.41954,1.41987,1.47,1.50
2011.10.10 13:50:40.162,1.41955,1.41991,1.84,1.50
2011.10.10 13:50:40.289,1.41955,1.41991,1.84,1.50
2011.10.10 13:50:41.128,1.41961,1.41993,1.50,1.88
2011.10.10 13:50:41.510,1.41962,1.41994,1.09,1.88
2011.10.10 13:50:42.008,1.41961,1.41995,1.50,1.88
2011.10.10 13:50:42.379,1.41957,1.41991,2.97,1.13
2011.10.10 13:50:42.512,1.41961,1.41993,1.47,1.13
2011.10.10 13:50:45.564,1.41966,1.42001,1.09,1.88
2011.10.10 13:50:45.809,1.41967,1.42005,3.72,2.25
2011.10.10 13:50:46.220,1.41969,1.42005,1.50,1.50
2011.10.10 13:50:46.579,1.41967,1.42004,2.59,1.13
2011.10.10 13:50:47.187,1.41969,1.42005,1.13,1.13
2011.10.10 13:50:47.799,1.41969,1.42005,1.88,1.13
2011.10.10 13:50:47.926,1.41972,1.42006,1.43,1.50
2011.10.10 13:50:48.286,1.41976,1.42007,2.63,1.50
2011.10.10 13:50:48.581,1.41976,1.42012,2.63,1.50
2011.10.10 13:50:49.329,1.41977,1.42012,2.63,1.50
2011.10.10 13:50:49.577,1.41977,1.42012,2.63,1.13
2011.10.10 13:50:49.829,1.4198,1.42016,1.88,1.50
2011.10.10 13:50:49.962,1.4198,1.42017,1.84,1.13
2011.10.10 13:50:50.092,1.4198,1.42014,1.09,1.50
2011.10.10 13:50:50.578,1.41981,1.42017,1.84,1.88
2011.10.10 13:50:51.188,1.41981,1.42017,1.84,2.25
2011.10.10 13:50:51.320,1.41982,1.42019,1.09,1.13
2011.10.10 13:50:52.090,1.41984,1.42019,2.22,1.13
2011.10.10 13:50:52.230,1.41986,1.42024,1.13,3.38
2011.10.10 13:50:52.600,1.41986,1.42024,2.97,1.88
2011.10.10 13:50:52.724,1.41986,1.42024,3.34,1.13
2011.10.10 13:50:53.333,1.41986,1.42024,3.34,1.88
2011.10.10 13:50:54.538,1.41987,1.42025,2.59,1.50
2011.10.10 13:50:54.668,1.41987,1.42024,2.22,1.50
2011.10.10 13:50:56.275,1.41987,1.42019,2.59,1.50
2011.10.10 13:50:56.999,1.41987,1.42019,3.00,1.50
2011.10.10 13:50:57.134,1.41987,1.42019,2.63,1.50
2011.10.10 13:50:57.379,1.41987,1.42011,1.88,1.50
2011.10.10 13:50:57.514,1.41987,1.42018,1.88,1.50
2011.10.10 13:50:59.517,1.41985,1.42015,1.09,1.13
2011.10.10 13:50:59.650,1.41978,1.42008,1.50,1.13
2011.10.10 13:51:00.021,1.4197,1.42001,1.09,1.13
2011.10.10 13:51:00.393,1.41971,1.42001,1.13,1.13
2011.10.10 13:51:01.405,1.41972,1.42003,1.13,1.13
2011.10.10 13:51:02.644,1.41972,1.42008,1.50,1.88
2011.10.10 13:51:02.887,1.41971,1.42004,2.25,1.88
2011.10.10 13:51:03.288,1.41972,1.42004,1.13,1.88
2011.10.10 13:51:04.553,1.41971,1.42004,2.59,1.50
2011.10.10 13:51:04.675,1.41971,1.42009,4.09,1.50
2011.10.10 13:51:04.918,1.41977,1.42009,1.88,1.50
2011.10.10 13:51:05.275,1.41977,1.4201,1.88,2.25
2011.10.10 13:51:06.588,1.41977,1.42009,2.63,1.50
2011.10.10 13:51:07.122,1.41977,1.42005,1.88,1.88
2011.10.10 13:51:07.253,1.41967,1.42003,3.00,1.50
2011.10.10 13:51:07.376,1.41971,1.42002,1.50,1.09
2011.10.10 13:51:07.509,1.41974,1.42005,1.13,1.13
2011.10.10 13:51:07.641,1.41978,1.4201,1.43,2.25
2011.10.10 13:51:07.892,1.41978,1.42016,2.93,1.13
2011.10.10 13:51:08.022,1.41986,1.42016,1.88,1.13
2011.10.10 13:51:08.628,1.41979,1.42016,1.13,1.13
2011.10.10 13:51:09.325,1.41984,1.4202,1.88,1.09
2011.10.10 13:51:09.458,1.41984,1.42022,2.25,1.09
2011.10.10 13:51:09.590,1.41984,1.42022,1.50,1.47
2011.10.10 13:51:09.721,1.41984,1.42022,2.59,1.50
2011.10.10 13:51:10.093,1.41986,1.42022,1.47,1.13
2011.10.10 13:51:10.220,1.41986,1.42023,1.47,3.38
2011.10.10 13:51:10.354,1.4199,1.42023,1.50,1.88
2011.10.10 13:51:10.478,1.41987,1.42023,1.13,1.88
2011.10.10 13:51:10.608,1.41988,1.42023,1.50,1.88
2011.10.10 13:51:11.255,1.41993,1.42027,1.13,1.13
2011.10.10 13:51:11.626,1.41996,1.42031,1.09,1.50
2011.10.10 13:51:11.997,1.42006,1.42033,1.13,1.88
2011.10.10 13:51:12.136,1.42006,1.42042,1.13,3.30
2011.10.10 13:51:12.276,1.42003,1.42028,1.50,1.13
2011.10.10 13:51:12.411,1.41997,1.42028,3.38,1.13
2011.10.10 13:51:12.544,1.41997,1.42026,1.50,1.13
2011.10.10 13:51:12.791,1.41992,1.42026,1.50,1.88
2011.10.10 13:51:13.696,1.41992,1.42023,1.50,1.13
2011.10.10 13:51:14.276,1.41992,1.4202,1.50,1.13
2011.10.10 13:51:15.116,1.41992,1.42024,1.50,2.63
2011.10.10 13:51:15.897,1.41992,1.42025,1.50,1.50
2011.10.10 13:51:17.085,1.41988,1.42023,1.09,1.50
2011.10.10 13:51:17.572,1.41989,1.42022,1.09,1.13
2011.10.10 13:51:17.696,1.41987,1.42021,1.50,1.13
2011.10.10 13:51:18.269,1.41982,1.42019,2.22,1.13
2011.10.10 13:51:18.860,1.41987,1.42019,1.88,1.13
2011.10.10 13:51:19.226,1.41982,1.42019,1.47,1.50
2011.10.10 13:51:20.059,1.41979,1.42014,1.47,1.13
2011.10.10 13:51:22.787,1.41978,1.42013,1.47,1.13
2011.10.10 13:51:24.400,1.4198,1.42012,1.77,1.43
2011.10.10 13:51:24.770,1.4198,1.42006,1.43,1.13
2011.10.10 13:51:25.145,1.41978,1.42006,2.18,1.13
2011.10.10 13:51:25.645,1.41982,1.42013,1.43,1.50
2011.10.10 13:51:26.014,1.41982,1.42013,2.18,1.50
2011.10.10 13:51:26.378,1.41976,1.42013,1.88,3.00
2011.10.10 13:51:26.984,1.41977,1.42007,1.88,1.13
2011.10.10 13:51:27.926,1.41977,1.42007,1.88,1.50
2011.10.10 13:51:28.665,1.41977,1.42008,2.25,1.50
2011.10.10 13:51:29.271,1.41977,1.42008,2.25,1.50
2011.10.10 13:51:29.877,1.41977,1.42012,2.25,1.50
2011.10.10 13:51:30.246,1.41976,1.42012,3.72,1.50
2011.10.10 13:51:31.285,1.41977,1.42012,1.88,1.13
2011.10.10 13:51:31.535,1.41977,1.42013,2.63,1.50
2011.10.10 13:51:32.260,1.4198,1.42014,1.50,2.63
2011.10.10 13:51:32.632,1.41975,1.42007,1.13,2.18
2011.10.10 13:51:32.761,1.41974,1.42002,1.50,1.13
2011.10.10 13:51:33.044,1.41968,1.42002,1.88,1.13
2011.10.10 13:51:33.174,1.4197,1.42002,1.13,1.13
2011.10.10 13:51:33.521,1.41975,1.42006,1.13,2.93
2011.10.10 13:51:33.771,1.41972,1.42007,1.13,1.50
2011.10.10 13:51:34.381,1.41977,1.42012,1.88,1.13
2011.10.10 13:51:35.536,1.41976,1.42009,1.13,2.25
2011.10.10 13:51:35.664,1.41976,1.42012,1.13,1.13
2011.10.10 13:51:35.795,1.41979,1.42013,1.13,1.84
2011.10.10 13:51:36.397,1.4198,1.42015,1.13,1.09
2011.10.10 13:51:36.774,1.41982,1.42015,2.55,1.09
2011.10.10 13:51:37.319,1.41982,1.42019,1.88,1.47
2011.10.10 13:51:39.106,1.41986,1.42016,1.88,1.09
2011.10.10 13:51:39.859,1.41982,1.42016,1.13,1.84
2011.10.10 13:51:40.406,1.41977,1.42013,1.88,1.47
2011.10.10 13:51:41.000,1.4198,1.42014,1.50,1.47
2011.10.10 13:51:42.861,1.4198,1.42013,1.13,1.09
2011.10.10 13:51:43.110,1.41977,1.42011,1.88,1.50
2011.10.10 13:51:43.722,1.41975,1.42006,1.13,2.25
2011.10.10 13:51:43.975,1.41966,1.42003,4.13,1.09
2011.10.10 13:51:45.194,1.41967,1.42003,1.13,3.72
2011.10.10 13:51:45.563,1.41962,1.41998,1.13,1.13
2011.10.10 13:51:45.928,1.41962,1.41998,3.00,1.50
2011.10.10 13:51:46.058,1.41963,1.42,1.13,2.25
2011.10.10 13:51:46.187,1.41964,1.41997,1.13,2.25
2011.10.10 13:51:46.438,1.41959,1.41994,2.59,1.13
2011.10.10 13:51:47.190,1.41959,1.41995,3.30,1.84
2011.10.10 13:51:48.776,1.41962,1.41993,1.50,2.63
2011.10.10 13:51:49.839,1.41962,1.41993,1.13,3.38
2011.10.10 13:51:49.970,1.41965,1.41993,1.50,2.63
2011.10.10 13:51:50.101,1.41971,1.42,1.50,1.13
2011.10.10 13:51:50.478,1.41973,1.42004,1.13,2.63
2011.10.10 13:51:50.614,1.41973,1.42003,1.13,1.88
2011.10.10 13:51:50.735,1.41973,1.42008,1.13,1.47
2011.10.10 13:51:50.989,1.41971,1.42005,1.50,1.50
2011.10.10 13:51:51.365,1.41974,1.42008,1.88,1.09
2011.10.10 13:51:51.608,1.41976,1.42008,1.13,1.09
2011.10.10 13:51:52.417,1.41974,1.42007,1.13,1.13
2011.10.10 13:51:53.031,1.41972,1.42004,1.13,1.13
2011.10.10 13:51:53.680,1.41973,1.42004,1.13,1.13
2011.10.10 13:51:54.048,1.41986,1.42012,2.25,1.50
2011.10.10 13:51:54.178,1.41988,1.42018,2.55,1.50
2011.10.10 13:51:54.309,1.4199,1.42026,1.50,1.50
2011.10.10 13:51:54.437,1.4199,1.42024,1.50,1.13
2011.10.10 13:51:54.845,1.41989,1.42025,1.13,1.50
2011.10.10 13:51:55.498,1.41988,1.42025,1.13,1.50
2011.10.10 13:51:56.878,1.4199,1.42025,1.13,1.50
2011.10.10 13:51:57.455,1.4199,1.42025,1.13,1.13
2011.10.10 13:51:57.876,1.4199,1.42026,1.50,1.50
2011.10.10 13:51:58.272,1.41996,1.42027,1.13,1.50
2011.10.10 13:51:58.522,1.41996,1.42027,1.13,1.50
2011.10.10 13:51:58.651,1.41996,1.42032,1.88,1.50
2011.10.10 13:51:58.905,1.42,1.42033,1.13,1.13
2011.10.10 13:51:59.279,1.42009,1.42035,2.18,2.25
2011.10.10 13:52:00.226,1.42006,1.42032,2.97,1.50
2011.10.10 13:52:00.824,1.42006,1.42033,2.97,1.50
2011.10.10 13:52:01.066,1.42006,1.42035,2.97,1.50
2011.10.10 13:52:01.416,1.42006,1.42035,4.47,1.50
2011.10.10 13:52:02.133,1.42008,1.42033,1.13,1.50
2011.10.10 13:52:02.626,1.42009,1.42035,1.13,2.25
2011.10.10 13:52:02.876,1.42008,1.42039,1.13,1.50
2011.10.10 13:52:03.357,1.4201,1.42039,1.13,1.50
2011.10.10 13:52:05.278,1.42017,1.42045,2.22,1.50
2011.10.10 13:52:05.408,1.42017,1.42047,2.22,2.25
2011.10.10 13:52:05.645,1.42022,1.42047,1.09,2.25
2011.10.10 13:52:06.124,1.42022,1.42051,1.09,1.50
2011.10.10 13:52:06.601,1.42027,1.42051,1.13,1.50
2011.10.10 13:52:07.060,1.42013,1.42043,1.09,1.88
2011.10.10 13:52:07.191,1.42013,1.42042,1.09,1.50
2011.10.10 13:52:07.560,1.42006,1.42035,2.59,1.50
2011.10.10 13:52:07.810,1.42006,1.42035,1.09,1.50
2011.10.10 13:52:07.944,1.42006,1.42037,1.09,1.50
2011.10.10 13:52:08.307,1.42006,1.42036,1.09,1.50
2011.10.10 13:52:08.559,1.42008,1.42044,1.50,1.50
2011.10.10 13:52:09.157,1.42013,1.42044,1.50,1.13
2011.10.10 13:52:09.416,1.42012,1.42046,1.13,1.13
2011.10.10 13:52:09.546,1.4201,1.42046,1.50,1.50
2011.10.10 13:52:09.919,1.42017,1.42042,1.88,2.25
2011.10.10 13:52:10.410,1.42013,1.42047,1.13,1.50
2011.10.10 13:52:10.540,1.42013,1.42047,1.13,1.50
2011.10.10 13:52:11.144,1.42011,1.42049,1.88,1.50
2011.10.10 13:52:12.098,1.42018,1.42053,1.50,1.47
2011.10.10 13:52:12.231,1.42023,1.42053,1.09,1.50
2011.10.10 13:52:12.361,1.42018,1.42051,1.09,1.43
2011.10.10 13:52:12.499,1.42017,1.42047,2.63,1.13
2011.10.10 13:52:12.630,1.42013,1.42047,1.13,1.88
2011.10.10 13:52:12.765,1.42012,1.42047,1.13,1.88
2011.10.10 13:52:13.370,1.42012,1.42043,2.22,1.50
2011.10.10 13:52:13.497,1.42014,1.42044,1.13,1.13
2011.10.10 13:52:13.759,1.42014,1.42047,1.13,1.13
2011.10.10 13:52:14.138,1.42015,1.42047,1.13,1.50
2011.10.10 13:52:14.506,1.42012,1.42039,1.09,2.25
2011.10.10 13:52:14.636,1.42012,1.42044,1.09,1.50
2011.10.10 13:52:15.345,1.42009,1.42044,1.09,3.38
2011.10.10 13:52:15.587,1.42008,1.42044,1.09,3.38
2011.10.10 13:52:15.865,1.42008,1.42044,1.09,3.38
2011.10.10 13:52:15.986,1.42008,1.42044,1.09,3.38
2011.10.10 13:52:16.348,1.42019,1.4205,1.13,1.50
2011.10.10 13:52:17.658,1.42018,1.42054,1.88,1.13
2011.10.10 13:52:18.029,1.42022,1.42053,1.13,2.18
2011.10.10 13:52:18.400,1.42023,1.42054,2.25,2.63
2011.10.10 13:52:18.889,1.42022,1.42056,1.88,1.13
2011.10.10 13:52:19.283,1.42026,1.42058,1.84,1.13
2011.10.10 13:52:19.530,1.42022,1.42056,1.88,1.13
2011.10.10 13:52:20.408,1.42022,1.42053,1.13,1.13
2011.10.10 13:52:20.536,1.42021,1.42053,1.13,1.13
2011.10.10 13:52:20.660,1.42021,1.42053,1.50,1.13
2011.10.10 13:52:21.760,1.42021,1.42053,1.13,1.13
2011.10.10 13:52:22.126,1.42021,1.42053,1.13,1.13
2011.10.10 13:52:23.235,1.4202,1.42052,1.88,1.13
2011.10.10 13:52:23.828,1.4202,1.42052,1.13,1.13
2011.10.10 13:52:24.432,1.4202,1.42052,1.88,1.13
2011.10.10 13:52:24.919,1.42016,1.42047,1.88,1.50
2011.10.10 13:52:25.515,1.42017,1.42048,1.50,1.50
2011.10.10 13:52:25.636,1.42017,1.4205,1.13,1.13
2011.10.10 13:52:26.256,1.42017,1.4205,1.13,1.13
2011.10.10 13:52:26.700,1.42017,1.4205,1.13,1.13
2011.10.10 13:52:26.826,1.42017,1.4205,1.13,1.13
2011.10.10 13:52:27.173,1.42017,1.4205,1.13,1.13
2011.10.10 13:52:29.602,1.42016,1.42049,1.88,1.13
2011.10.10 13:52:30.203,1.42009,1.42032,1.50,1.13
2011.10.10 13:52:30.677,1.41996,1.4202,1.88,1.43
2011.10.10 13:52:31.076,1.41987,1.42014,1.88,1.50
2011.10.10 13:52:31.328,1.42,1.42014,1.80,1.50
2011.10.10 13:52:31.466,1.41989,1.42025,1.13,1.47
2011.10.10 13:52:31.597,1.41987,1.42023,3.38,1.50
2011.10.10 13:52:31.739,1.41986,1.42014,2.63,1.50
2011.10.10 13:52:32.111,1.41986,1.4202,1.88,1.88
2011.10.10 13:52:32.241,1.41986,1.4202,2.63,1.88
2011.10.10 13:52:32.612,1.41995,1.4202,1.43,1.50
2011.10.10 13:52:32.749,1.41987,1.4202,2.33,2.18
2011.10.10 13:52:32.883,1.41987,1.42011,1.88,1.13
2011.10.10 13:52:33.254,1.41994,1.42016,2.18,1.43
2011.10.10 13:52:33.384,1.41986,1.42022,1.50,1.84
2011.10.10 13:52:33.514,1.41984,1.42016,1.50,1.09
2011.10.10 13:52:33.639,1.41978,1.42011,1.20,1.09
2011.10.10 13:52:33.934,1.41976,1.42007,2.33,2.18
2011.10.10 13:52:34.073,1.41977,1.42007,1.88,1.50
2011.10.10 13:52:34.324,1.41976,1.42007,2.25,2.25
2011.10.10 13:52:34.572,1.41976,1.42012,2.25,1.88
2011.10.10 13:52:34.704,1.4199,1.42012,1.80,1.50
2011.10.10 13:52:34.830,1.41991,1.42023,1.09,2.63
2011.10.10 13:52:35.207,1.41984,1.42017,2.25,1.13
2011.10.10 13:52:35.696,1.41977,1.42011,1.13,2.56
2011.10.10 13:52:35.836,1.41966,1.41999,2.63,1.13
2011.10.10 13:52:36.218,1.41966,1.41999,2.63,1.50
2011.10.10 13:52:36.490,1.41972,1.42001,1.09,1.50
2011.10.10 13:52:36.635,1.41967,1.42001,1.88,2.18
2011.10.10 13:52:37.824,1.4197,1.41993,1.09,1.13
2011.10.10 13:52:37.959,1.41972,1.42003,1.50,1.88
2011.10.10 13:52:38.212,1.41972,1.42003,1.50,2.25
2011.10.10 13:52:38.342,1.41971,1.42003,1.50,3.75
2011.10.10 13:52:38.950,1.41975,1.42002,1.50,1.13
2011.10.10 13:52:39.302,1.4197,1.42002,1.09,1.13
2011.10.10 13:52:40.509,1.41976,1.42003,1.13,2.25
2011.10.10 13:52:41.334,1.41977,1.42007,1.13,1.50
2011.10.10 13:52:41.472,1.41977,1.42008,1.13,1.50
2011.10.10 13:52:41.840,1.41971,1.42007,1.88,1.13
2011.10.10 13:52:42.508,1.4197,1.42007,1.50,1.88
2011.10.10 13:52:43.165,1.41972,1.42002,1.50,1.50
2011.10.10 13:52:43.531,1.41964,1.41996,1.13,1.50
2011.10.10 13:52:44.133,1.41965,1.41996,1.13,1.50
2011.10.10 13:52:44.490,1.41968,1.41996,4.50,1.50
2011.10.10 13:52:45.088,1.41985,1.4202,1.50,1.50
2011.10.10 13:52:45.232,1.41995,1.42031,1.50,2.25
2011.10.10 13:52:45.710,1.41993,1.42031,1.50,1.50
2011.10.10 13:52:46.080,1.41977,1.42007,2.33,1.13
2011.10.10 13:52:46.207,1.41976,1.42007,1.88,1.88
2011.10.10 13:52:46.815,1.41987,1.42002,1.88,1.50
2011.10.10 13:52:48.127,1.41977,1.42001,1.88,1.50
2011.10.10 13:52:49.090,1.41967,1.42004,2.22,1.88
2011.10.10 13:52:49.449,1.41966,1.42001,2.22,1.13
2011.10.10 13:52:49.818,1.41966,1.41998,2.22,1.50
2011.10.10 13:52:50.186,1.41966,1.41998,2.22,1.50
2011.10.10 13:52:50.548,1.41966,1.42002,3.34,1.50
2011.10.10 13:52:50.676,1.41966,1.42004,3.34,1.13
2011.10.10 13:52:50.904,1.41967,1.42005,2.59,1.50
2011.10.10 13:52:52.245,1.41967,1.41997,2.59,1.50
2011.10.10 13:52:52.948,1.41967,1.42002,2.59,1.50
2011.10.10 13:52:54.024,1.4197,1.42007,1.50,1.50
2011.10.10 13:52:54.395,1.41976,1.42007,1.13,1.50
2011.10.10 13:52:55.595,1.41972,1.42007,1.13,1.50
2011.10.10 13:52:56.242,1.41977,1.42007,2.22,1.50
2011.10.10 13:52:56.367,1.41977,1.42009,2.97,1.50
2011.10.10 13:52:56.505,1.41977,1.42009,2.63,1.50
2011.10.10 13:52:57.467,1.41976,1.42007,1.13,1.50
2011.10.10 13:52:57.844,1.41968,1.42003,1.09,1.50
2011.10.10 13:52:58.316,1.4197,1.42003,1.13,1.50
2011.10.10 13:52:58.668,1.41976,1.42003,1.88,1.50
2011.10.10 13:52:59.017,1.41976,1.42007,1.88,1.50
2011.10.10 13:52:59.568,1.41976,1.42009,1.88,2.63
2011.10.10 13:53:00.088,1.41971,1.42008,1.88,1.50
2011.10.10 13:53:00.217,1.41971,1.42007,1.50,1.50
2011.10.10 13:53:00.606,1.41948,1.41979,1.20,1.09
2011.10.10 13:53:00.746,1.41947,1.41979,1.20,1.09
2011.10.10 13:53:00.873,1.41957,1.41982,1.50,1.50
2011.10.10 13:53:01.237,1.41947,1.41983,1.13,1.50
2011.10.10 13:53:01.385,1.41947,1.4197,1.88,1.13
2011.10.10 13:53:01.756,1.41939,1.41976,1.13,1.50
2011.10.10 13:53:01.885,1.41939,1.41978,1.13,1.09
2011.10.10 13:53:02.249,1.41939,1.41978,1.50,1.09
2011.10.10 13:53:02.387,1.41939,1.41978,1.50,1.47
2011.10.10 13:53:03.018,1.4194,1.41978,1.50,1.09
2011.10.10 13:53:03.148,1.41944,1.41981,1.50,1.09
2011.10.10 13:53:03.517,1.41944,1.41981,1.50,1.47
2011.10.10 13:53:03.894,1.41954,1.41981,1.50,1.09
2011.10.10 13:53:04.022,1.41944,1.41981,1.50,1.09
2011.10.10 13:53:04.270,1.41946,1.41981,2.63,1.09
2011.10.10 13:53:04.640,1.4195,1.41985,1.50,1.13
2011.10.10 13:53:04.984,1.41957,1.41985,1.50,1.13
2011.10.10 13:53:05.125,1.41951,1.41987,2.25,1.47
2011.10.10 13:53:05.253,1.41952,1.41987,1.43,1.09
2011.10.10 13:53:05.623,1.41955,1.41987,1.13,1.09
2011.10.10 13:53:05.870,1.41956,1.41987,1.13,1.09
2011.10.10 13:53:06.004,1.41954,1.41992,1.13,2.93
2011.10.10 13:53:06.249,1.41959,1.41994,1.50,2.63
2011.10.10 13:53:06.740,1.41959,1.41993,1.50,1.13
2011.10.10 13:53:07.103,1.4196,1.41997,1.13,1.09
2011.10.10 13:53:07.245,1.4196,1.41997,1.13,1.09
2011.10.10 13:53:10.607,1.4196,1.41997,1.13,1.09
2011.10.10 13:53:11.097,1.4196,1.41997,1.50,1.09
2011.10.10 13:53:11.229,1.4196,1.41999,1.50,1.09
2011.10.10 13:53:11.363,1.41965,1.42001,1.43,1.50
2011.10.10 13:53:11.500,1.41965,1.42001,1.13,2.93
2011.10.10 13:53:11.631,1.41964,1.42,1.09,1.13
2011.10.10 13:53:12.097,1.41964,1.42,1.09,1.13
2011.10.10 13:53:12.231,1.41963,1.42,1.09,1.13
2011.10.10 13:53:12.589,1.41964,1.42001,1.47,1.50
2011.10.10 13:53:12.719,1.41967,1.42004,1.50,2.63
2011.10.10 13:53:13.793,1.41976,1.42002,1.09,1.43
2011.10.10 13:53:13.923,1.41977,1.42011,1.09,2.18
2011.10.10 13:53:14.977,1.41977,1.42011,2.22,2.25
2011.10.10 13:53:15.348,1.41967,1.42002,1.88,1.50
2011.10.10 13:53:15.843,1.41967,1.42002,2.63,1.50
2011.10.10 13:53:16.285,1.41967,1.42002,1.88,1.50
2011.10.10 13:53:16.412,1.41967,1.42002,1.88,1.50
2011.10.10 13:53:17.006,1.41966,1.42003,1.88,2.63
2011.10.10 13:53:17.889,1.41969,1.42004,1.50,2.63
2011.10.10 13:53:18.020,1.41969,1.42009,2.93,1.09
2011.10.10 13:53:18.150,1.41971,1.42009,1.50,1.09
2011.10.10 13:53:18.900,1.41981,1.42014,1.50,1.47
2011.10.10 13:53:19.509,1.41981,1.42014,1.50,1.47
2011.10.10 13:53:20.108,1.41983,1.42018,1.50,1.77
2011.10.10 13:53:20.241,1.41981,1.42019,1.50,1.09
2011.10.10 13:53:20.846,1.41982,1.42019,1.13,1.09
2011.10.10 13:53:24.954,1.41986,1.42019,1.88,1.09
2011.10.10 13:53:26.233,1.41986,1.4202,2.63,1.84
2011.10.10 13:53:26.602,1.41987,1.4202,2.63,1.50
2011.10.10 13:53:26.736,1.4199,1.42025,1.50,1.84
2011.10.10 13:53:27.107,1.41997,1.42025,1.13,1.84
2011.10.10 13:53:27.253,1.41995,1.42027,1.50,1.47
2011.10.10 13:53:29.078,1.41989,1.42023,2.25,1.88
2011.10.10 13:53:29.456,1.41995,1.42026,1.50,1.09
2011.10.10 13:53:30.654,1.41992,1.42028,1.13,1.50
2011.10.10 13:53:31.016,1.41998,1.42029,1.13,1.06
2011.10.10 13:53:31.625,1.41998,1.42032,1.13,1.06
2011.10.10 13:53:32.219,1.41998,1.4203,1.88,1.06
2011.10.10 13:53:34.756,1.41998,1.4203,1.13,1.06
2011.10.10 13:53:35.000,1.41991,1.42029,1.50,1.50
2011.10.10 13:53:35.126,1.41989,1.42025,1.84,1.13
2011.10.10 13:53:35.250,1.41989,1.42023,1.84,1.50
2011.10.10 13:53:35.620,1.41986,1.4201,1.88,1.50
2011.10.10 13:53:36.225,1.41987,1.4201,1.88,1.50
2011.10.10 13:53:37.959,1.41976,1.4201,1.88,1.50
2011.10.10 13:53:38.327,1.41976,1.4201,2.25,1.50
2011.10.10 13:53:39.703,1.41977,1.4201,1.88,1.50
2011.10.10 13:53:39.847,1.41984,1.42019,1.50,1.43
2011.10.10 13:53:39.987,1.41984,1.4202,1.50,1.13
2011.10.10 13:53:40.711,1.41985,1.42024,1.43,3.34
2011.10.10 13:53:41.080,1.4199,1.42023,1.50,2.25
2011.10.10 13:53:41.330,1.42,1.42023,1.50,2.25
2011.10.10 13:53:41.935,1.41988,1.42023,1.50,1.88
2011.10.10 13:53:44.553,1.41994,1.42023,1.50,1.88
2011.10.10 13:53:45.258,1.41988,1.42023,1.50,3.00
2011.10.10 13:53:46.106,1.41989,1.42027,1.13,1.50
2011.10.10 13:53:46.997,1.41989,1.42027,1.13,1.88
2011.10.10 13:53:47.283,1.41989,1.42026,1.13,1.13
2011.10.10 13:53:47.413,1.41985,1.42021,1.88,1.50
2011.10.10 13:53:47.994,1.41985,1.42022,1.88,1.88
2011.10.10 13:53:48.590,1.41985,1.42017,1.13,1.50
2011.10.10 13:53:49.781,1.41983,1.42017,1.47,1.50
2011.10.10 13:53:50.633,1.41976,1.41995,1.88,1.43
2011.10.10 13:53:50.895,1.41966,1.4199,1.88,1.50
2011.10.10 13:53:51.270,1.41967,1.41997,2.25,1.50
2011.10.10 13:53:51.409,1.41967,1.42004,2.25,2.25
2011.10.10 13:53:51.547,1.41968,1.42005,1.13,2.63
2011.10.10 13:53:51.672,1.41966,1.42,2.25,1.50
2011.10.10 13:53:51.803,1.4196,1.41998,1.50,1.50
2011.10.10 13:53:52.282,1.41959,1.41998,1.13,2.63
2011.10.10 13:53:52.420,1.41956,1.41992,1.88,1.50
2011.10.10 13:53:53.881,1.41958,1.41996,1.50,1.13
2011.10.10 13:53:54.250,1.41958,1.41986,1.13,1.50
2011.10.10 13:53:54.621,1.41962,1.41997,2.25,1.50
2011.10.10 13:53:54.903,1.41975,1.41997,1.43,1.50
2011.10.10 13:53:55.040,1.4197,1.42003,1.09,1.13
2011.10.10 13:53:55.296,1.41977,1.42008,1.13,1.50
2011.10.10 13:53:55.542,1.41985,1.42014,1.13,1.50
2011.10.10 13:53:55.668,1.41985,1.42016,1.13,1.09
2011.10.10 13:53:55.799,1.41986,1.42021,2.63,1.09
2011.10.10 13:53:56.394,1.41987,1.42021,1.88,1.09
2011.10.10 13:53:56.856,1.41987,1.42021,2.63,1.09
2011.10.10 13:53:57.206,1.41991,1.42021,1.13,1.09
2011.10.10 13:53:57.482,1.41987,1.42021,1.88,1.09
2011.10.10 13:53:58.211,1.41987,1.42022,3.38,1.50
2011.10.10 13:53:58.582,1.41987,1.42017,1.13,1.50
2011.10.10 13:53:58.952,1.41976,1.42004,1.88,1.50
2011.10.10 13:53:59.492,1.41966,1.41992,1.88,1.50
2011.10.10 13:54:00.611,1.41957,1.41992,2.22,1.50
2011.10.10 13:54:02.097,1.4196,1.41995,1.47,1.13
2011.10.10 13:54:02.350,1.4196,1.41993,1.17,1.50
2011.10.10 13:54:02.953,1.41962,1.41995,1.13,1.13
2011.10.10 13:54:03.090,1.4197,1.42003,1.43,1.50
2011.10.10 13:54:03.223,1.41971,1.42009,2.25,1.09
2011.10.10 13:54:03.357,1.41976,1.4201,1.50,1.13
2011.10.10 13:54:04.088,1.41979,1.42011,1.50,1.13
2011.10.10 13:54:05.962,1.41977,1.42009,1.88,1.50
2011.10.10 13:54:06.327,1.41977,1.4201,2.63,1.88
2011.10.10 13:54:06.917,1.41977,1.4201,1.50,1.13
2011.10.10 13:54:08.313,1.4198,1.42015,2.18,1.84
2011.10.10 13:54:08.675,1.41989,1.42022,1.50,2.59
2011.10.10 13:54:08.904,1.41989,1.42023,1.50,1.88
2011.10.10 13:54:10.929,1.41989,1.42019,1.50,1.43
2011.10.10 13:54:11.060,1.41986,1.4202,1.13,2.18
2011.10.10 13:54:11.555,1.41986,1.4202,1.50,2.93
2011.10.10 13:54:12.135,1.41986,1.42018,1.88,1.50
2011.10.10 13:54:12.488,1.41986,1.42017,1.88,1.50
2011.10.10 13:54:13.759,1.4198,1.42015,1.50,1.50
2011.10.10 13:54:14.129,1.4198,1.42016,1.50,1.47
2011.10.10 13:54:14.265,1.41985,1.42017,1.13,1.50
2011.10.10 13:54:14.861,1.41986,1.42021,1.13,1.09
2011.10.10 13:54:15.468,1.41987,1.42021,2.63,1.09
2011.10.10 13:54:16.079,1.41986,1.42023,1.13,1.09
2011.10.10 13:54:17.472,1.41979,1.42021,2.18,1.09
2011.10.10 13:54:17.597,1.41978,1.42018,1.50,1.50
2011.10.10 13:54:17.942,1.41987,1.4202,1.13,1.50
2011.10.10 13:54:18.295,1.41987,1.42021,1.13,1.09
2011.10.10 13:54:19.048,1.41987,1.42021,1.13,1.09
2011.10.10 13:54:20.528,1.41985,1.42017,1.50,1.13
2011.10.10 13:54:21.528,1.41985,1.42014,1.50,1.13
2011.10.10 13:54:22.489,1.41985,1.42017,1.50,1.13
2011.10.10 13:54:23.101,1.41986,1.42021,2.63,1.47
2011.10.10 13:54:23.354,1.41986,1.42017,2.63,1.13
2011.10.10 13:54:23.600,1.41985,1.42021,1.50,2.97
2011.10.10 13:54:23.729,1.41985,1.42019,1.50,2.18
2011.10.10 13:54:24.339,1.41985,1.42013,1.50,1.09
2011.10.10 13:54:24.884,1.41986,1.42012,1.50,1.09
2011.10.10 13:54:25.011,1.41985,1.42012,1.50,1.09
2011.10.10 13:54:25.756,1.41982,1.42016,1.50,1.47
2011.10.10 13:54:25.882,1.41984,1.42017,2.25,2.22
2011.10.10 13:54:26.008,1.41984,1.42018,2.25,1.09
2011.10.10 13:54:26.270,1.41984,1.42017,2.25,1.09
2011.10.10 13:54:31.093,1.4198,1.42017,1.50,3.72
2011.10.10 13:54:31.340,1.41977,1.4201,2.63,1.47
2011.10.10 13:54:31.468,1.41972,1.42007,1.50,1.50
2011.10.10 13:54:31.842,1.41976,1.42007,1.13,1.50
2011.10.10 13:54:32.210,1.41968,1.42004,1.50,1.50
2011.10.10 13:54:33.701,1.41973,1.42004,1.50,1.09
2011.10.10 13:54:33.833,1.4198,1.42008,1.50,1.09
2011.10.10 13:54:34.203,1.41982,1.42016,1.50,1.13
2011.10.10 13:54:34.333,1.41987,1.42019,1.88,1.84
2011.10.10 13:54:35.767,1.41988,1.42024,1.13,2.63
2011.10.10 13:54:35.897,1.41994,1.42024,1.13,1.88
2011.10.10 13:54:36.032,1.41994,1.42026,1.13,1.50
2011.10.10 13:54:36.276,1.41994,1.42026,1.13,1.50
2011.10.10 13:54:36.996,1.42,1.42031,1.50,4.43
2011.10.10 13:54:37.126,1.42001,1.42031,1.13,1.50
2011.10.10 13:54:38.446,1.42,1.42031,1.47,1.88
2011.10.10 13:54:38.570,1.42004,1.42031,1.50,1.50
2011.10.10 13:54:38.699,1.42004,1.42036,2.59,1.50
2011.10.10 13:54:39.067,1.42001,1.42033,1.09,1.88
2011.10.10 13:54:40.237,1.42003,1.4204,1.84,1.50
2011.10.10 13:54:41.299,1.42001,1.42038,1.09,2.25
2011.10.10 13:54:41.677,1.42,1.42033,1.50,2.63
2011.10.10 13:54:42.247,1.41999,1.42033,1.13,1.13
2011.10.10 13:54:42.379,1.41996,1.42034,2.97,1.50
2011.10.10 13:54:42.629,1.41996,1.42029,2.22,1.50
2011.10.10 13:54:42.765,1.41993,1.42028,1.13,1.50
2011.10.10 13:54:43.181,1.41994,1.4203,2.55,1.13
2011.10.10 13:54:43.547,1.42,1.42031,1.13,1.13
2011.10.10 13:54:44.050,1.41996,1.42029,1.84,2.18
2011.10.10 13:54:44.676,1.41996,1.42024,1.09,1.88
2011.10.10 13:54:45.039,1.4199,1.42026,1.50,1.50
2011.10.10 13:54:45.291,1.41987,1.42021,2.63,1.13
2011.10.10 13:54:45.601,1.4199,1.42021,1.50,1.13
2011.10.10 13:54:45.742,1.41989,1.42021,1.50,1.13
2011.10.10 13:54:45.873,1.4199,1.42021,1.50,1.13
2011.10.10 13:54:46.003,1.4199,1.42023,1.50,1.50
2011.10.10 13:54:46.128,1.41988,1.42023,1.88,1.50
2011.10.10 13:54:46.259,1.41989,1.42023,1.50,3.38
2011.10.10 13:54:46.618,1.41989,1.42022,1.50,1.13
2011.10.10 13:54:49.140,1.41987,1.42023,1.50,4.88
2011.10.10 13:54:49.270,1.41989,1.42023,1.13,3.00
2011.10.10 13:54:49.521,1.41989,1.42024,1.13,1.50
2011.10.10 13:54:49.765,1.41989,1.42024,1.13,1.50
2011.10.10 13:54:50.250,1.4199,1.42024,1.13,1.13
2011.10.10 13:54:51.542,1.41993,1.42024,1.84,1.13
2011.10.10 13:54:51.671,1.41997,1.42031,1.09,2.25
2011.10.10 13:54:51.805,1.42003,1.42031,1.13,1.50
2011.10.10 13:54:52.051,1.42005,1.42042,1.13,1.13
2011.10.10 13:54:52.859,1.42001,1.42038,1.50,1.50
2011.10.10 13:54:56.460,1.42005,1.42037,1.09,1.50
2011.10.10 13:54:57.061,1.42001,1.42032,1.47,1.13
2011.10.10 13:54:57.312,1.41999,1.42031,1.13,1.88
2011.10.10 13:54:57.561,1.41998,1.42031,1.50,1.50
2011.10.10 13:54:59.471,1.41998,1.42032,1.50,2.25
2011.10.10 13:55:02.946,1.41996,1.42029,1.50,1.13
2011.10.10 13:55:03.571,1.41993,1.42028,1.47,1.13
2011.10.10 13:55:04.270,1.41991,1.42025,1.09,1.88
2011.10.10 13:55:04.797,1.41993,1.42026,1.47,1.13
2011.10.10 13:55:05.407,1.41997,1.42028,1.13,1.13
2011.10.10 13:55:06.016,1.41997,1.42029,1.13,1.13
2011.10.10 13:55:10.284,1.41997,1.42032,1.88,1.13
2011.10.10 13:55:13.725,1.41999,1.42033,1.50,2.63
2011.10.10 13:55:14.963,1.41997,1.42033,1.13,2.63
2011.10.10 13:55:15.083,1.41999,1.42033,1.50,2.63
2011.10.10 13:55:17.288,1.41996,1.42026,2.25,1.13
2011.10.10 13:55:17.420,1.41992,1.42021,1.50,2.25
2011.10.10 13:55:17.811,1.41986,1.42018,1.50,1.50
2011.10.10 13:55:18.303,1.41986,1.42019,1.50,1.50
2011.10.10 13:55:18.431,1.4199,1.42018,1.13,1.50
2011.10.10 13:55:19.026,1.4199,1.4202,1.13,1.88
2011.10.10 13:55:19.374,1.4199,1.4202,1.13,1.88
2011.10.10 13:55:19.606,1.4199,1.4202,1.13,1.88
2011.10.10 13:55:19.833,1.4199,1.4202,1.13,1.13
2011.10.10 13:55:20.199,1.4199,1.42021,1.13,1.13
2011.10.10 13:55:20.327,1.4199,1.42021,1.13,1.13
2011.10.10 13:55:21.747,1.41987,1.42021,3.00,1.13
2011.10.10 13:55:22.346,1.41987,1.42021,1.88,1.88
2011.10.10 13:55:22.708,1.41987,1.4202,1.88,1.13
2011.10.10 13:55:23.419,1.41987,1.4202,1.13,1.13
2011.10.10 13:55:23.549,1.41986,1.4202,1.88,2.18
2011.10.10 13:55:23.680,1.41986,1.42019,1.50,1.13
2011.10.10 13:55:23.809,1.41984,1.42018,1.09,1.13
2011.10.10 13:55:23.940,1.41986,1.42021,2.25,2.93
2011.10.10 13:55:24.076,1.41988,1.42021,1.88,1.13
2011.10.10 13:55:24.681,1.41988,1.42021,1.50,1.13
2011.10.10 13:55:24.932,1.41988,1.42015,1.88,1.43
2011.10.10 13:55:25.448,1.41982,1.42014,1.50,2.63
2011.10.10 13:55:25.774,1.4198,1.42013,1.13,1.50
2011.10.10 13:55:26.375,1.41976,1.42011,1.13,1.13
2011.10.10 13:55:27.138,1.41982,1.42013,1.13,1.50
2011.10.10 13:55:27.502,1.4198,1.42009,1.50,1.13
2011.10.10 13:55:27.870,1.41973,1.42004,1.09,1.88
2011.10.10 13:55:28.649,1.41975,1.42,1.50,1.50
2011.10.10 13:55:29.024,1.41962,1.41988,1.50,1.13
2011.10.10 13:55:29.269,1.41951,1.41984,1.50,3.38
2011.10.10 13:55:29.515,1.41952,1.41984,1.50,3.00
2011.10.10 13:55:29.748,1.41952,1.41984,1.50,2.25
2011.10.10 13:55:29.924,1.41948,1.41984,1.13,2.25
2011.10.10 13:55:30.395,1.41948,1.41984,1.13,3.00
2011.10.10 13:55:31.354,1.41947,1.41984,1.88,3.75
2011.10.10 13:55:31.604,1.41955,1.41983,1.50,2.25
2011.10.10 13:55:32.208,1.41955,1.41984,1.50,2.25
2011.10.10 13:55:32.338,1.41951,1.41984,1.09,3.00
2011.10.10 13:55:32.706,1.41954,1.41983,1.50,2.25
2011.10.10 13:55:33.760,1.41957,1.41984,1.50,1.50
2011.10.10 13:55:34.396,1.41951,1.41984,1.47,2.25
2011.10.10 13:55:34.732,1.41951,1.41983,1.09,2.25
2011.10.10 13:55:35.097,1.41954,1.41983,1.50,1.88
2011.10.10 13:55:35.827,1.41954,1.41983,1.50,2.63
2011.10.10 13:55:35.960,1.41955,1.41986,1.50,2.56
2011.10.10 13:55:36.588,1.41955,1.41985,1.50,2.55
2011.10.10 13:55:36.837,1.41955,1.41983,1.50,2.63
2011.10.10 13:55:36.969,1.41955,1.41985,1.50,2.55
2011.10.10 13:55:37.102,1.41955,1.41983,1.50,2.63
2011.10.10 13:55:37.350,1.41955,1.41983,1.50,2.63
2011.10.10 13:55:37.476,1.41952,1.41983,1.50,2.63
2011.10.10 13:55:37.960,1.41949,1.41977,1.50,1.43
2011.10.10 13:55:38.207,1.41949,1.41977,1.50,1.80
2011.10.10 13:55:38.458,1.41946,1.41977,1.13,1.80
2011.10.10 13:55:38.586,1.41949,1.41977,1.50,1.80
2011.10.10 13:55:42.917,1.41949,1.41977,1.50,1.43
2011.10.10 13:55:43.045,1.41951,1.41977,1.50,1.43
2011.10.10 13:55:43.168,1.41951,1.41979,1.50,1.13
2011.10.10 13:55:43.524,1.41949,1.4198,3.00,1.50
2011.10.10 13:55:43.889,1.41947,1.4198,1.84,1.50
2011.10.10 13:55:44.018,1.41951,1.4198,1.50,1.50
2011.10.10 13:55:44.611,1.41951,1.41984,1.50,1.88
2011.10.10 13:55:44.862,1.41957,1.41984,1.50,1.88
2011.10.10 13:55:51.424,1.41957,1.41989,1.50,1.50
2011.10.10 13:55:51.565,1.41959,1.41993,1.13,1.13
2011.10.10 13:55:51.706,1.41962,1.41991,1.88,1.43
2011.10.10 13:55:52.211,1.41959,1.41991,1.50,1.80
2011.10.10 13:55:53.349,1.41958,1.41991,1.13,1.80
2011.10.10 13:55:55.623,1.41958,1.4199,1.13,1.43
2011.10.10 13:55:56.466,1.41958,1.41992,1.13,1.80
2011.10.10 13:55:57.135,1.41959,1.41991,1.50,1.13
2011.10.10 13:55:58.438,1.41959,1.41992,2.25,1.80
2011.10.10 13:55:59.165,1.41959,1.41992,2.25,1.80
2011.10.10 13:55:59.760,1.4196,1.41993,1.13,2.25
2011.10.10 13:56:03.010,1.4196,1.41993,1.13,2.25
2011.10.10 13:56:03.386,1.41964,1.41994,1.88,2.25
2011.10.10 13:56:03.750,1.41966,1.41999,1.47,2.55
2011.10.10 13:56:03.876,1.41966,1.42,1.84,1.50
2011.10.10 13:56:04.200,1.41966,1.41999,1.84,1.50
2011.10.10 13:56:05.365,1.41968,1.42,1.13,1.50
2011.10.10 13:56:05.871,1.41968,1.42,1.13,1.50
2011.10.10 13:56:06.119,1.41968,1.42,1.50,1.13
2011.10.10 13:56:06.616,1.41968,1.42,1.88,1.50
2011.10.10 13:56:06.750,1.41968,1.42002,1.13,1.50
2011.10.10 13:56:07.008,1.41974,1.42009,1.13,1.50
2011.10.10 13:56:07.140,1.41974,1.42009,1.13,1.88
2011.10.10 13:56:07.269,1.41975,1.4201,1.47,1.13
2011.10.10 13:56:07.397,1.41977,1.4201,1.13,1.13
2011.10.10 13:56:08.001,1.41977,1.4201,1.50,1.13
2011.10.10 13:56:08.481,1.41978,1.4201,1.13,1.88
2011.10.10 13:56:08.869,1.41975,1.42003,1.88,2.63
2011.10.10 13:56:09.481,1.41975,1.42003,1.13,1.13
2011.10.10 13:56:10.089,1.4197,1.42003,2.25,1.50
2011.10.10 13:56:10.470,1.41973,1.42001,1.13,1.13
2011.10.10 13:56:10.597,1.41969,1.41997,1.13,1.13
2011.10.10 13:56:11.077,1.41966,1.41985,1.13,1.43
2011.10.10 13:56:11.465,1.41955,1.41986,1.88,1.80
2011.10.10 13:56:11.602,1.4196,1.41983,1.13,1.43
2011.10.10 13:56:11.730,1.4196,1.41988,1.13,1.13
2011.10.10 13:56:11.864,1.41964,1.41983,1.13,1.88
2011.10.10 13:56:18.829,1.41958,1.41986,1.13,1.50
2011.10.10 13:56:19.363,1.41956,1.4198,1.13,1.43
2011.10.10 13:56:19.848,1.41968,1.41994,1.13,1.47
2011.10.10 13:56:19.980,1.41968,1.41995,1.50,1.47
2011.10.10 13:56:22.297,1.41968,1.42003,1.50,1.88
2011.10.10 13:56:22.874,1.41969,1.42004,1.50,2.63
2011.10.10 13:56:23.227,1.41972,1.42004,1.50,2.63
2011.10.10 13:56:23.457,1.41972,1.42004,1.50,1.88
2011.10.10 13:56:24.069,1.41974,1.4201,1.13,1.47
2011.10.10 13:56:24.316,1.41974,1.4201,1.13,1.84
2011.10.10 13:56:25.020,1.41976,1.42008,1.88,1.50
2011.10.10 13:56:25.511,1.41976,1.42008,1.88,1.50
2011.10.10 13:56:26.212,1.41978,1.4201,1.13,1.84
2011.10.10 13:56:26.707,1.41976,1.42009,1.50,1.50
2011.10.10 13:56:26.840,1.41976,1.42009,1.50,1.13
2011.10.10 13:56:27.303,1.41976,1.42009,1.50,1.13
2011.10.10 13:56:27.453,1.41997,1.42029,1.13,1.50
2011.10.10 13:56:27.581,1.41996,1.4203,1.13,1.50
2011.10.10 13:56:27.829,1.41996,1.42031,1.88,1.13
2011.10.10 13:56:28.441,1.41998,1.42034,1.13,3.72
2011.10.10 13:56:28.967,1.41996,1.42031,3.75,1.13
2011.10.10 13:56:29.112,1.42004,1.42034,1.50,2.63
2011.10.10 13:56:29.719,1.41998,1.42034,1.13,2.63
2011.10.10 13:56:29.849,1.42,1.42035,1.13,1.13
2011.10.10 13:56:29.979,1.42007,1.42041,1.13,1.88
2011.10.10 13:56:30.345,1.4201,1.42043,1.50,1.13
2011.10.10 13:56:31.262,1.42011,1.42043,1.50,1.13
2011.10.10 13:56:31.629,1.42011,1.42042,1.50,1.13
2011.10.10 13:56:31.761,1.42011,1.42042,1.50,1.13
2011.10.10 13:56:31.887,1.42011,1.42041,1.50,1.88
2011.10.10 13:56:32.018,1.42013,1.42044,1.13,3.38
2011.10.10 13:56:32.148,1.42014,1.42044,1.13,2.63
2011.10.10 13:56:32.986,1.42017,1.42046,1.13,1.47
2011.10.10 13:56:33.329,1.42019,1.42046,1.50,1.47
2011.10.10 13:56:34.237,1.42015,1.42044,1.50,1.13
2011.10.10 13:56:34.725,1.42015,1.42046,1.88,1.09
2011.10.10 13:56:35.076,1.42015,1.42046,1.13,1.09
2011.10.10 13:56:35.198,1.42012,1.4204,1.50,1.13
2011.10.10 13:56:35.570,1.42012,1.4204,1.50,1.88
2011.10.10 13:56:36.156,1.42017,1.42046,1.50,1.84
2011.10.10 13:56:36.399,1.42018,1.42051,1.50,1.47
2011.10.10 13:56:37.127,1.42019,1.42053,1.13,1.13
2011.10.10 13:56:37.256,1.42021,1.42054,1.88,2.25
2011.10.10 13:56:38.236,1.42023,1.42053,1.13,2.63
2011.10.10 13:56:38.377,1.4203,1.42056,1.50,1.13
2011.10.10 13:56:38.629,1.42031,1.42064,1.13,3.75
2011.10.10 13:56:39.124,1.42037,1.42064,1.50,2.63
2011.10.10 13:56:39.257,1.4203,1.42062,2.59,1.13
2011.10.10 13:56:39.390,1.42025,1.4206,1.50,1.47
2011.10.10 13:56:39.528,1.42025,1.4205,1.50,1.43
2011.10.10 13:56:39.669,1.42017,1.4205,2.33,1.80
2011.10.10 13:56:39.806,1.42015,1.42043,1.50,1.13
2011.10.10 13:56:40.340,1.42019,1.42044,1.50,2.63
2011.10.10 13:56:41.287,1.42019,1.42044,1.50,2.25
2011.10.10 13:56:41.665,1.42021,1.42052,1.50,1.13
2011.10.10 13:56:41.792,1.42021,1.4205,2.25,1.13
2011.10.10 13:56:42.272,1.42021,1.4205,2.25,1.13
2011.10.10 13:56:42.420,1.42027,1.42054,2.25,2.63
2011.10.10 13:56:42.680,1.42028,1.4206,1.50,1.13
2011.10.10 13:56:42.820,1.4204,1.42071,1.13,1.13
2011.10.10 13:56:42.959,1.42041,1.42073,1.13,2.63
2011.10.10 13:56:43.459,1.4204,1.42064,1.50,2.25
2011.10.10 13:56:43.992,1.42033,1.4207,1.13,1.09
2011.10.10 13:56:44.243,1.42033,1.42065,1.50,1.13
2011.10.10 13:56:44.611,1.42038,1.42065,1.50,1.13
2011.10.10 13:56:44.740,1.42031,1.42063,1.50,2.25
2011.10.10 13:56:44.992,1.42032,1.42063,1.50,1.88
2011.10.10 13:56:45.362,1.42036,1.4207,1.50,1.09
2011.10.10 13:56:47.074,1.42036,1.42071,1.88,1.09
2011.10.10 13:56:47.602,1.4204,1.42072,1.09,1.13
2011.10.10 13:56:47.747,1.4204,1.42078,1.84,1.50
2011.10.10 13:56:48.057,1.4204,1.42076,1.09,1.50
2011.10.10 13:56:48.196,1.42031,1.42069,1.95,1.50
2011.10.10 13:56:48.559,1.4203,1.42064,1.50,1.88
2011.10.10 13:56:48.812,1.42026,1.42064,1.88,3.38
2011.10.10 13:56:49.662,1.42028,1.42063,1.13,1.13
2011.10.10 13:56:49.993,1.42032,1.42064,1.80,1.88
2011.10.10 13:56:50.251,1.42028,1.42063,1.13,1.13
2011.10.10 13:56:50.383,1.42031,1.42064,1.50,1.13
2011.10.10 13:56:50.757,1.42032,1.4207,1.13,1.88
2011.10.10 13:56:51.121,1.42032,1.4207,1.47,1.13
2011.10.10 13:56:51.748,1.42032,1.4207,1.47,1.50
2011.10.10 13:56:51.879,1.42033,1.42071,1.50,1.50
2011.10.10 13:56:52.134,1.42037,1.42072,1.50,1.13
2011.10.10 13:56:52.379,1.42041,1.42074,2.97,1.88
2011.10.10 13:56:53.111,1.42041,1.42076,2.97,1.13
2011.10.10 13:56:53.351,1.42041,1.42076,2.97,1.50
2011.10.10 13:56:54.783,1.42053,1.42078,1.09,1.50
2011.10.10 13:56:54.915,1.42044,1.42078,1.13,1.50
2011.10.10 13:56:55.540,1.42047,1.42078,1.77,1.13
2011.10.10 13:56:56.395,1.42046,1.4208,1.09,1.13
2011.10.10 13:56:56.517,1.42046,1.4208,2.52,1.88
2011.10.10 13:56:56.888,1.42054,1.42086,1.88,1.50
2011.10.10 13:56:57.343,1.42047,1.42074,1.95,1.09
2011.10.10 13:56:57.489,1.42043,1.42072,1.13,1.50
2011.10.10 13:56:58.097,1.42036,1.4207,2.63,1.13
2011.10.10 13:56:58.825,1.42036,1.4207,1.13,1.13
2011.10.10 13:56:59.178,1.42036,1.4207,1.13,1.50
2011.10.10 13:56:59.782,1.42036,1.4207,1.13,1.50
2011.10.10 13:57:00.033,1.42036,1.4207,1.13,1.50
2011.10.10 13:57:00.158,1.42036,1.4207,1.13,1.50
2011.10.10 13:57:00.288,1.42034,1.4207,1.13,1.50
2011.10.10 13:57:01.717,1.42037,1.42069,2.25,1.13
2011.10.10 13:57:01.856,1.42039,1.42072,1.50,1.50
2011.10.10 13:57:01.983,1.42037,1.4207,3.00,1.13
2011.10.10 13:57:02.531,1.42037,1.42069,3.68,1.13
2011.10.10 13:57:03.022,1.42037,1.4207,2.25,1.13
2011.10.10 13:57:03.149,1.42037,1.4207,2.25,1.88
2011.10.10 13:57:03.408,1.42038,1.4207,1.13,1.13
2011.10.10 13:57:03.656,1.42038,1.42073,1.88,2.63
2011.10.10 13:57:05.342,1.4204,1.42073,1.50,2.63
2011.10.10 13:57:05.754,1.4204,1.42072,1.50,1.50
2011.10.10 13:57:05.878,1.42036,1.42067,1.50,1.47
2011.10.10 13:57:06.008,1.42033,1.42067,1.13,2.59
2011.10.10 13:57:06.366,1.42034,1.42067,1.13,2.59
2011.10.10 13:57:06.944,1.42033,1.42067,1.13,2.59
2011.10.10 13:57:08.030,1.42032,1.42067,1.13,2.59
2011.10.10 13:57:09.178,1.42033,1.42063,1.50,2.63
2011.10.10 13:57:10.804,1.42037,1.42068,1.13,1.50
2011.10.10 13:57:11.250,1.42037,1.42065,1.13,1.50
2011.10.10 13:57:11.375,1.42033,1.42065,1.13,1.50
2011.10.10 13:57:12.517,1.42029,1.42063,1.13,1.13
2011.10.10 13:57:12.996,1.42029,1.42063,1.13,1.13
2011.10.10 13:57:13.345,1.42035,1.42065,1.13,1.50
2011.10.10 13:57:14.697,1.42035,1.42065,1.50,1.50
2011.10.10 13:57:15.431,1.42034,1.42063,1.13,1.13
2011.10.10 13:57:15.563,1.42033,1.42063,1.13,3.00
2011.10.10 13:57:15.812,1.42026,1.42056,1.88,1.13
2011.10.10 13:57:15.940,1.42023,1.42055,1.13,1.88
2011.10.10 13:57:16.429,1.42021,1.42049,2.25,1.50
2011.10.10 13:57:16.573,1.42021,1.42054,2.25,1.50
2011.10.10 13:57:16.822,1.42021,1.42053,1.88,1.13
2011.10.10 13:57:17.744,1.42023,1.4205,1.13,2.25
2011.10.10 13:57:17.873,1.42021,1.4205,1.50,2.25
2011.10.10 13:57:18.924,1.42021,1.42052,1.50,3.31
2011.10.10 13:57:20.367,1.42016,1.42051,1.13,1.50
2011.10.10 13:57:21.164,1.42021,1.42051,1.50,1.50
2011.10.10 13:57:22.430,1.42016,1.42051,1.50,1.06
2011.10.10 13:57:23.415,1.42016,1.42051,1.50,1.81
2011.10.10 13:57:23.539,1.42016,1.42051,1.13,1.50
2011.10.10 13:57:24.221,1.42017,1.42052,1.43,2.63
2011.10.10 13:57:25.309,1.42016,1.42051,1.13,1.50
2011.10.10 13:57:25.887,1.42015,1.42052,2.22,1.13
2011.10.10 13:57:28.514,1.42016,1.42052,1.13,1.13
2011.10.10 13:57:29.101,1.42019,1.42053,1.13,1.81
2011.10.10 13:57:29.231,1.42025,1.42053,1.50,1.13
2011.10.10 13:57:29.361,1.42026,1.42059,1.13,1.13
2011.10.10 13:57:29.485,1.42026,1.4206,1.13,1.88
2011.10.10 13:57:29.606,1.42026,1.4206,1.13,1.88
2011.10.10 13:57:30.771,1.42022,1.4205,1.50,1.13
2011.10.10 13:57:31.136,1.42018,1.42047,1.50,1.50
2011.10.10 13:57:31.971,1.42015,1.42047,1.50,1.50
2011.10.10 13:57:33.316,1.42013,1.42045,1.47,1.13
2011.10.10 13:57:34.338,1.42022,1.42045,1.43,1.13
2011.10.10 13:57:34.471,1.42018,1.4205,1.50,1.50
2011.10.10 13:57:34.726,1.42019,1.42055,1.13,1.13
2011.10.10 13:57:34.860,1.42017,1.42048,1.09,1.13
2011.10.10 13:57:35.623,1.42017,1.42046,1.50,1.13
2011.10.10 13:57:35.986,1.42019,1.4205,1.13,1.13
2011.10.10 13:57:37.679,1.42021,1.42049,1.13,1.50
2011.10.10 13:57:38.156,1.42015,1.42045,1.50,1.13
2011.10.10 13:57:38.406,1.42016,1.42049,1.50,1.13
2011.10.10 13:57:39.352,1.42016,1.4205,1.13,1.50
2011.10.10 13:57:39.721,1.42014,1.42044,3.38,1.50
2011.10.10 13:57:40.298,1.42016,1.4205,1.88,1.50
2011.10.10 13:57:40.433,1.42016,1.4205,3.00,1.50
2011.10.10 13:57:41.280,1.42019,1.42057,2.25,1.13
2011.10.10 13:57:41.981,1.42018,1.42053,1.88,1.50
2011.10.10 13:57:42.922,1.42018,1.42053,1.13,1.88
2011.10.10 13:57:44.179,1.42018,1.42053,1.50,2.25
2011.10.10 13:57:44.549,1.42022,1.42053,1.13,2.25
2011.10.10 13:57:45.039,1.42022,1.42053,1.13,1.50
2011.10.10 13:57:46.114,1.42022,1.42056,1.13,1.50
2011.10.10 13:57:46.951,1.4202,1.42056,1.13,1.88
2011.10.10 13:57:47.086,1.42026,1.42056,1.13,1.50
2011.10.10 13:57:47.335,1.42027,1.42064,2.63,2.25
2011.10.10 13:57:48.170,1.4203,1.42064,1.13,1.88
2011.10.10 13:57:49.418,1.42031,1.42064,1.50,1.50
2011.10.10 13:57:55.186,1.42033,1.42068,2.18,1.88
2011.10.10 13:57:55.329,1.42053,1.42073,1.09,1.88
2011.10.10 13:57:55.544,1.42056,1.42088,1.09,1.50
2011.10.10 13:57:56.246,1.42056,1.4209,1.09,1.13
2011.10.10 13:57:59.012,1.4205,1.42083,1.88,1.50
2011.10.10 13:57:59.268,1.42046,1.42078,1.88,1.13
2011.10.10 13:57:59.404,1.42046,1.42077,1.88,2.25
2011.10.10 13:58:05.383,1.42047,1.42075,1.88,1.50
2011.10.10 13:58:05.467,1.42042,1.42076,1.09,1.13
2011.10.10 13:58:05.942,1.42047,1.42077,1.88,1.13
2011.10.10 13:58:06.449,1.42047,1.42077,2.63,1.13
2011.10.10 13:58:07.059,1.42048,1.4208,1.13,1.13
2011.10.10 13:58:07.307,1.42048,1.4208,1.13,1.13
2011.10.10 13:58:07.425,1.42046,1.42081,2.25,1.88
2011.10.10 13:58:08.489,1.42047,1.42082,2.25,1.13
2011.10.10 13:58:09.880,1.42047,1.42082,2.25,1.13
2011.10.10 13:58:11.186,1.42047,1.42082,2.25,1.13
2011.10.10 13:58:18.169,1.42045,1.42081,1.13,3.00
2011.10.10 13:58:19.723,1.42045,1.42081,1.13,3.00
2011.10.10 13:58:20.327,1.42051,1.42083,1.50,2.63
2011.10.10 13:58:20.457,1.42053,1.42083,1.13,1.88
2011.10.10 13:58:21.497,1.42047,1.42083,2.22,3.00
2011.10.10 13:58:25.666,1.42048,1.42083,1.09,2.63
2011.10.10 13:58:25.909,1.42045,1.42079,1.13,1.13
2011.10.10 13:58:26.278,1.42039,1.4207,1.13,2.18
2011.10.10 13:58:26.891,1.42037,1.42068,1.09,2.25
2011.10.10 13:58:28.023,1.42035,1.4207,1.47,1.13
2011.10.10 13:58:28.151,1.42036,1.42071,2.59,1.13
2011.10.10 13:58:30.693,1.42036,1.42073,2.97,1.13
2011.10.10 13:58:31.065,1.42036,1.42067,2.63,1.50
2011.10.10 13:58:31.187,1.42036,1.42067,1.88,1.50
2011.10.10 13:58:32.638,1.42042,1.42074,1.50,1.88
2011.10.10 13:58:32.772,1.42038,1.42071,1.13,1.13
2011.10.10 13:58:32.902,1.42036,1.42071,1.09,1.13
2011.10.10 13:58:33.032,1.42029,1.42062,2.22,1.13
2011.10.10 13:58:33.419,1.42026,1.42057,2.63,1.50
2011.10.10 13:58:33.808,1.42015,1.4204,2.55,1.50
2011.10.10 13:58:33.947,1.42007,1.42027,1.88,1.09
2011.10.10 13:58:34.092,1.41997,1.42024,2.33,1.50
2011.10.10 13:58:34.224,1.41996,1.42024,1.88,1.50
2011.10.10 13:58:34.354,1.41996,1.42022,1.88,2.93
2011.10.10 13:58:34.488,1.41996,1.42025,1.88,2.25
2011.10.10 13:58:34.739,1.41986,1.42022,2.63,1.43
2011.10.10 13:58:35.136,1.41987,1.42029,1.50,1.50
2011.10.10 13:58:35.381,1.41986,1.42023,1.88,1.50
2011.10.10 13:58:35.631,1.4199,1.42029,1.50,1.50
2011.10.10 13:58:35.766,1.41992,1.42027,2.18,1.50
2011.10.10 13:58:36.015,1.41998,1.42034,1.50,2.63
2011.10.10 13:58:36.143,1.42001,1.42037,1.50,2.18
2011.10.10 13:58:36.271,1.42001,1.42037,1.50,2.18
2011.10.10 13:58:36.400,1.42009,1.42042,1.50,1.77
2011.10.10 13:58:36.974,1.42009,1.42043,1.50,3.64
2011.10.10 13:58:38.071,1.42009,1.42043,1.50,2.22
2011.10.10 13:58:38.564,1.42008,1.42047,2.25,1.13
2011.10.10 13:58:38.689,1.42015,1.42047,1.84,1.13
2011.10.10 13:58:38.820,1.4202,1.42051,1.09,2.18
2011.10.10 13:58:38.946,1.4202,1.42049,1.09,1.43
2011.10.10 13:58:39.070,1.4202,1.42054,1.09,3.38
2011.10.10 13:58:42.204,1.42024,1.42058,1.09,1.13
2011.10.10 13:58:43.776,1.42025,1.42058,2.18,1.13
2011.10.10 13:58:44.375,1.42025,1.42058,2.18,1.13
2011.10.10 13:58:44.620,1.42025,1.42058,2.18,1.47
2011.10.10 13:58:44.991,1.42006,1.42037,1.50,1.43
2011.10.10 13:58:45.126,1.42002,1.42035,1.09,1.50
2011.10.10 13:58:45.492,1.41988,1.42023,1.50,1.88
2011.10.10 13:58:46.097,1.41993,1.42023,2.18,1.88
2011.10.10 13:58:46.459,1.41993,1.42023,2.18,1.50
2011.10.10 13:58:46.588,1.41991,1.42024,2.18,1.09
2011.10.10 13:58:46.721,1.42001,1.42024,1.09,1.88
2011.10.10 13:58:46.849,1.41991,1.42028,1.50,1.09
2011.10.10 13:58:47.098,1.41992,1.42028,1.50,1.47
2011.10.10 13:58:47.459,1.41991,1.42029,1.50,1.47
2011.10.10 13:58:47.956,1.41988,1.42025,1.50,1.88
2011.10.10 13:58:48.080,1.41986,1.42023,1.88,1.13
2011.10.10 13:58:48.210,1.41989,1.42023,1.50,1.13
2011.10.10 13:58:48.581,1.41994,1.42028,1.84,1.50
2011.10.10 13:58:48.951,1.41999,1.4203,1.09,1.50
2011.10.10 13:58:49.322,1.41994,1.42026,2.22,1.13
2011.10.10 13:58:49.902,1.41993,1.42025,1.09,1.13
2011.10.10 13:58:50.268,1.41995,1.42028,1.47,1.50
2011.10.10 13:58:50.399,1.41998,1.42031,1.50,1.50
2011.10.10 13:58:50.767,1.41999,1.42032,2.93,1.13
2011.10.10 13:58:51.138,1.42,1.42034,2.18,1.50
2011.10.10 13:58:51.556,1.42,1.42034,2.18,1.88
2011.10.10 13:58:52.529,1.42003,1.42034,1.50,1.13
2011.10.10 13:58:54.437,1.42001,1.42034,1.50,1.13
2011.10.10 13:58:54.798,1.42004,1.42039,1.47,1.43
2011.10.10 13:58:55.290,1.42006,1.42021,1.13,1.09
2011.10.10 13:58:55.421,1.42002,1.42021,1.50,1.50
2011.10.10 13:58:55.548,1.42002,1.42032,1.50,1.50
2011.10.10 13:58:55.674,1.41992,1.42032,2.25,1.50
2011.10.10 13:58:55.796,1.41992,1.42026,2.25,1.13
2011.10.10 13:58:56.542,1.41992,1.42027,2.25,1.09
2011.10.10 13:58:57.141,1.41988,1.42024,1.13,1.47
2011.10.10 13:58:57.270,1.41986,1.42016,2.63,1.50
2011.10.10 13:58:57.401,1.41997,1.42024,1.50,2.59
2011.10.10 13:58:57.533,1.41991,1.42024,1.50,2.25
2011.10.10 13:58:57.665,1.41992,1.42023,1.50,2.25
2011.10.10 13:58:58.257,1.4199,1.42023,1.13,2.25
2011.10.10 13:58:58.630,1.41988,1.42023,1.13,2.25
2011.10.10 13:58:58.761,1.41986,1.42016,1.50,1.13
2011.10.10 13:58:59.280,1.41977,1.42001,2.18,2.56
2011.10.10 13:58:59.414,1.41974,1.41997,1.43,1.13
2011.10.10 13:58:59.549,1.41978,1.42002,1.43,1.06
2011.10.10 13:58:59.809,1.41973,1.42009,1.50,1.09
2011.10.10 13:59:00.062,1.41982,1.42011,1.13,1.50
2011.10.10 13:59:00.674,1.41976,1.4201,1.88,2.25
2011.10.10 13:59:01.207,1.41978,1.42015,1.50,1.88
2011.10.10 13:59:01.338,1.41982,1.42018,1.50,1.09
2011.10.10 13:59:01.715,1.41997,1.42018,1.50,1.09
2011.10.10 13:59:01.849,1.41987,1.42018,1.88,1.09
2011.10.10 13:59:01.983,1.41994,1.42017,1.50,1.09
2011.10.10 13:59:02.707,1.41987,1.4202,1.50,1.13
2011.10.10 13:59:03.381,1.41987,1.4202,1.88,1.13
2011.10.10 13:59:03.640,1.4199,1.42022,1.09,1.13
2011.10.10 13:59:04.132,1.41987,1.42008,2.59,1.50
2011.10.10 13:59:04.263,1.41977,1.42008,1.50,1.47
2011.10.10 13:59:04.388,1.41972,1.4201,2.97,1.50
2011.10.10 13:59:04.519,1.41972,1.42008,2.59,1.50
2011.10.10 13:59:05.040,1.41966,1.42003,1.88,1.50
2011.10.10 13:59:05.409,1.41966,1.42003,1.88,1.50
2011.10.10 13:59:05.784,1.41976,1.42009,1.88,1.09
2011.10.10 13:59:06.152,1.41982,1.42014,1.09,1.13
2011.10.10 13:59:06.519,1.41983,1.42014,2.18,1.13
2011.10.10 13:59:07.114,1.41982,1.42014,1.09,1.13
2011.10.10 13:59:07.602,1.41986,1.42019,1.09,1.50
2011.10.10 13:59:07.731,1.41988,1.42021,1.09,1.13
2011.10.10 13:59:08.102,1.41986,1.42018,1.84,1.13
2011.10.10 13:59:08.470,1.41986,1.42013,1.09,1.13
2011.10.10 13:59:09.480,1.41981,1.42006,1.84,2.56
2011.10.10 13:59:09.610,1.41974,1.42002,1.09,1.13
2011.10.10 13:59:10.544,1.41974,1.42004,1.09,2.63
2011.10.10 13:59:11.204,1.41974,1.42004,1.09,2.25
2011.10.10 13:59:14.617,1.41973,1.42004,1.84,1.13
2011.10.10 13:59:15.879,1.41973,1.42004,1.09,1.88
2011.10.10 13:59:21.237,1.41977,1.42004,1.09,1.13
2011.10.10 13:59:21.766,1.41978,1.42004,2.25,1.13
2011.10.10 13:59:23.542,1.41973,1.41997,1.50,2.25
2011.10.10 13:59:23.669,1.41971,1.41996,1.50,2.25
2011.10.10 13:59:23.801,1.41958,1.41994,1.50,1.50
2011.10.10 13:59:23.927,1.41957,1.41994,1.09,1.88
2011.10.10 13:59:25.709,1.41957,1.41993,3.72,1.13
2011.10.10 13:59:25.957,1.41958,1.41993,2.25,1.13
2011.10.10 13:59:26.316,1.41962,1.41993,2.25,1.13
2011.10.10 13:59:26.436,1.41963,1.41997,1.13,1.13
2011.10.10 13:59:26.801,1.41966,1.42001,2.63,1.09
2011.10.10 13:59:28.195,1.41973,1.42002,2.18,1.47
2011.10.10 13:59:28.785,1.41979,1.42002,4.50,1.47
2011.10.10 13:59:29.159,1.41976,1.4201,2.63,1.50
2011.10.10 13:59:29.293,1.41977,1.4201,2.33,2.25
2011.10.10 13:59:29.422,1.41977,1.42006,1.88,1.88
2011.10.10 13:59:30.228,1.41977,1.42006,2.63,1.88
2011.10.10 13:59:31.713,1.41978,1.42005,2.93,1.13
2011.10.10 13:59:32.079,1.41975,1.42007,2.18,1.13
2011.10.10 13:59:38.032,1.41977,1.42003,1.13,1.13
2011.10.10 13:59:39.529,1.41977,1.4201,1.88,1.09
2011.10.10 13:59:39.659,1.41978,1.4201,1.50,1.09
2011.10.10 13:59:42.135,1.41977,1.42008,1.13,1.50
2011.10.10 13:59:42.379,1.41975,1.42008,1.88,1.50
2011.10.10 13:59:42.804,1.41977,1.42006,1.13,1.50
2011.10.10 13:59:43.472,1.41977,1.42007,1.13,1.50
2011.10.10 13:59:43.602,1.41977,1.42006,1.13,1.13
2011.10.10 13:59:49.416,1.41977,1.42003,1.13,1.13
2011.10.10 13:59:49.579,1.41976,1.42007,1.13,1.50
2011.10.10 13:59:49.739,1.41973,1.42007,2.25,1.13
2011.10.10 13:59:51.437,1.41974,1.42007,1.50,1.13
2011.10.10 13:59:53.697,1.41974,1.42006,1.13,1.13
2011.10.10 13:59:55.404,1.41973,1.42006,1.50,1.50
2011.10.10 13:59:56.594,1.41974,1.42006,1.13,1.13
2011.10.10 13:59:57.459,1.41974,1.42006,1.13,1.50
2011.10.10 13:59:58.168,1.41967,1.41997,1.50,1.88
2011.10.10 13:59:58.541,1.41967,1.41993,2.63,1.88
2011.10.10 13:59:58.667,1.41967,1.41996,2.63,1.13
2011.10.10 13:59:59.259,1.41964,1.41992,1.50,1.13
2011.10.10 13:59:59.674,1.41963,1.41995,1.50,1.13
