2009.09.23 09:00:00.424,1.6795,1.6799,2.70,1.60
2009.09.23 09:00:00.543,1.6795,1.6798,1.50,1.60
2009.09.23 09:00:00.713,1.67955,1.6798,2.20,1.60
2009.09.23 09:00:00.833,1.6796,1.6799,1.80,2.00
2009.09.23 09:00:00.943,1.6796,1.67995,1.80,3.60
2009.09.23 09:00:01.063,1.6796,1.67995,1.80,1.60
2009.09.23 09:00:01.183,1.67955,1.6799,2.30,1.60
2009.09.23 09:00:03.483,1.67955,1.6799,2.60,1.60
2009.09.23 09:00:04.752,1.67955,1.6799,2.70,1.60
2009.09.23 09:00:06.354,1.6796,1.67995,2.20,1.60
2009.09.23 09:00:06.632,1.6796,1.67995,1.00,3.00
2009.09.23 09:00:06.802,1.67955,1.6799,2.70,1.60
2009.09.23 09:00:07.481,1.6797,1.68,1.80,2.00
2009.09.23 09:00:07.832,1.67955,1.67995,4.30,3.00
2009.09.23 09:00:08.061,1.67955,1.67995,2.70,5.00
2009.09.23 09:00:08.791,1.67955,1.67995,2.70,3.00
2009.09.23 09:00:09.071,1.67965,1.67995,1.00,1.60
2009.09.23 09:00:09.311,1.67965,1.68,2.20,3.60
2009.09.23 09:00:09.611,1.6797,1.68,1.80,2.00
2009.09.23 09:00:09.901,1.6797,1.68015,1.80,3.50
2009.09.23 09:00:10.141,1.67975,1.6801,1.80,1.60
2009.09.23 09:00:10.381,1.6798,1.6801,1.40,1.60
2009.09.23 09:00:10.441,1.6798,1.6802,1.80,5.00
2009.09.23 09:00:10.561,1.6798,1.68015,1.00,1.40
2009.09.23 09:00:10.681,1.6798,1.68015,1.00,3.40
2009.09.23 09:00:10.911,1.67975,1.68015,1.40,2.00
2009.09.23 09:00:11.851,1.67985,1.6803,2.20,2.30
2009.09.23 09:00:12.201,1.6798,1.68025,1.80,1.40
2009.09.23 09:00:12.541,1.6798,1.6802,1.00,1.40
2009.09.23 09:00:12.830,1.6799,1.6802,1.00,2.00
2009.09.23 09:00:13.180,1.6799,1.6802,1.00,1.00
2009.09.23 09:00:13.830,1.6799,1.68025,1.00,1.00
2009.09.23 09:00:14.170,1.6798,1.68025,1.00,1.90
2009.09.23 09:00:14.500,1.67975,1.6802,1.80,2.00
2009.09.23 09:00:14.790,1.67975,1.6802,1.40,1.40
2009.09.23 09:00:15.020,1.67975,1.6802,1.40,3.40
2009.09.23 09:00:15.300,1.67975,1.6802,2.20,2.00
2009.09.23 09:00:15.579,1.67975,1.6802,1.40,2.00
2009.09.23 09:00:16.939,1.67975,1.68015,1.40,1.00
2009.09.23 09:00:20.458,1.67975,1.6801,1.40,2.00
2009.09.23 09:00:20.739,1.67975,1.68015,1.40,2.00
2009.09.23 09:00:20.848,1.6798,1.68015,1.40,2.00
2009.09.23 09:00:21.079,1.6798,1.68015,1.40,2.00
2009.09.23 09:00:21.198,1.67975,1.68015,1.40,2.00
2009.09.23 09:00:21.369,1.67975,1.68015,1.40,2.00
2009.09.23 09:00:21.478,1.67975,1.6802,1.40,6.90
2009.09.23 09:00:21.588,1.6797,1.6802,1.80,10.70
2009.09.23 09:00:21.708,1.6797,1.68015,1.80,2.00
2009.09.23 09:00:22.718,1.67975,1.68015,1.80,2.00
2009.09.23 09:00:22.988,1.67975,1.6801,1.80,2.00
2009.09.23 09:00:23.288,1.6797,1.6801,1.90,2.00
2009.09.23 09:00:23.628,1.6797,1.68015,1.90,2.00
2009.09.23 09:00:24.258,1.6797,1.68015,1.40,2.40
2009.09.23 09:00:24.428,1.67975,1.6801,1.40,3.60
2009.09.23 09:00:24.658,1.6798,1.68015,1.00,2.00
2009.09.23 09:00:24.837,1.6797,1.68015,2.30,2.00
2009.09.23 09:00:25.167,1.6797,1.68015,1.90,2.00
2009.09.23 09:00:27.217,1.67975,1.68015,1.00,2.00
2009.09.23 09:00:27.387,1.67975,1.68015,6.30,2.00
2009.09.23 09:00:27.727,1.6799,1.68025,2.20,2.00
2009.09.23 09:00:28.007,1.6799,1.68025,2.20,1.60
2009.09.23 09:00:28.356,1.67995,1.6803,2.20,3.60
2009.09.23 09:00:28.887,1.67985,1.6802,2.20,1.60
2009.09.23 09:00:29.116,1.6799,1.6803,2.20,2.00
2009.09.23 09:00:29.796,1.67985,1.6803,1.50,2.00
2009.09.23 09:00:30.096,1.67985,1.6803,1.90,3.80
2009.09.23 09:00:30.436,1.67985,1.68025,1.50,2.00
2009.09.23 09:00:30.616,1.67985,1.68025,1.40,2.00
2009.09.23 09:00:30.786,1.6798,1.68025,1.50,3.40
2009.09.23 09:00:30.956,1.6798,1.68025,1.40,3.40
2009.09.23 09:00:31.136,1.67985,1.68025,1.40,2.00
2009.09.23 09:00:31.756,1.67995,1.68025,1.40,2.00
2009.09.23 09:00:32.076,1.67995,1.68035,2.20,1.00
2009.09.23 09:00:32.306,1.68,1.68035,2.20,1.00
2009.09.23 09:00:32.945,1.67995,1.68035,1.00,1.00
2009.09.23 09:00:33.295,1.67995,1.68045,1.00,1.00
2009.09.23 09:00:33.675,1.6799,1.6803,1.40,2.00
2009.09.23 09:00:34.125,1.6799,1.68035,1.40,2.00
2009.09.23 09:00:34.995,1.67985,1.68035,2.30,3.40
2009.09.23 09:00:35.225,1.67995,1.68035,1.40,2.00
2009.09.23 09:00:35.445,1.67995,1.68035,2.20,2.00
2009.09.23 09:00:35.615,1.68,1.68035,1.40,2.00
2009.09.23 09:00:36.015,1.68,1.6804,1.40,4.00
2009.09.23 09:00:36.315,1.68,1.6804,1.40,2.00
2009.09.23 09:00:36.605,1.68,1.68035,1.40,2.00
2009.09.23 09:00:36.894,1.68005,1.6804,1.40,2.00
2009.09.23 09:00:37.174,1.68005,1.68045,1.40,2.00
2009.09.23 09:00:37.515,1.68005,1.6805,2.20,2.00
2009.09.23 09:00:37.914,1.68005,1.6805,2.30,2.00
2009.09.23 09:00:38.254,1.68015,1.68055,1.00,2.00
2009.09.23 09:00:38.484,1.6801,1.68055,3.30,3.10
2009.09.23 09:00:38.704,1.6801,1.68055,1.00,1.00
2009.09.23 09:00:38.984,1.68005,1.68055,1.40,2.00
2009.09.23 09:00:39.224,1.68005,1.6805,1.40,1.00
2009.09.23 09:00:39.504,1.67995,1.6805,3.90,3.60
2009.09.23 09:00:39.784,1.68005,1.6805,1.40,2.00
2009.09.23 09:00:40.064,1.68,1.6805,1.40,1.00
2009.09.23 09:00:40.304,1.68015,1.6806,2.20,2.00
2009.09.23 09:00:41.183,1.6802,1.6806,1.00,2.00
2009.09.23 09:00:41.473,1.68015,1.6806,2.20,2.00
2009.09.23 09:00:41.593,1.6802,1.6806,1.00,2.00
2009.09.23 09:00:41.763,1.6802,1.6806,1.00,2.00
2009.09.23 09:00:41.923,1.6802,1.6806,2.20,2.00
2009.09.23 09:00:42.093,1.6802,1.68065,2.20,2.00
2009.09.23 09:00:42.383,1.6802,1.68065,2.20,2.00
2009.09.23 09:00:42.733,1.6802,1.68065,1.00,2.00
2009.09.23 09:00:43.073,1.6803,1.68075,1.00,1.00
2009.09.23 09:00:43.873,1.68035,1.6808,2.20,1.00
2009.09.23 09:00:44.043,1.6804,1.6808,2.20,1.00
2009.09.23 09:00:44.153,1.68035,1.6808,3.00,1.00
2009.09.23 09:00:44.333,1.68045,1.68085,1.40,1.00
2009.09.23 09:00:44.673,1.68035,1.6808,2.80,1.00
2009.09.23 09:00:45.033,1.68035,1.6808,2.40,1.00
2009.09.23 09:00:45.382,1.6805,1.6809,1.00,1.00
2009.09.23 09:00:45.552,1.68045,1.68095,1.20,2.40
2009.09.23 09:00:45.723,1.6804,1.6809,2.20,1.00
2009.09.23 09:00:46.003,1.6804,1.6808,2.20,1.00
2009.09.23 09:00:46.172,1.6804,1.6808,1.00,1.00
2009.09.23 09:00:46.292,1.6804,1.68085,1.00,1.00
2009.09.23 09:00:46.473,1.68035,1.68085,1.00,1.00
2009.09.23 09:00:46.802,1.68035,1.68075,2.20,2.00
2009.09.23 09:00:47.142,1.6804,1.68075,1.40,2.00
2009.09.23 09:00:47.552,1.6804,1.6808,1.60,2.00
2009.09.23 09:00:47.832,1.6804,1.6808,1.00,2.00
2009.09.23 09:00:48.132,1.68035,1.6808,3.00,2.00
2009.09.23 09:00:48.482,1.68035,1.68085,3.00,1.00
2009.09.23 09:00:49.011,1.68035,1.6807,1.00,1.80
2009.09.23 09:00:49.301,1.6803,1.6807,1.00,1.80
2009.09.23 09:00:50.631,1.68025,1.6807,3.80,1.80
2009.09.23 09:00:50.861,1.68025,1.68065,3.80,1.00
2009.09.23 09:00:51.381,1.6803,1.68065,2.20,1.00
2009.09.23 09:00:51.961,1.6803,1.6807,2.20,1.00
2009.09.23 09:00:52.071,1.68035,1.68075,1.40,2.00
2009.09.23 09:00:52.181,1.68035,1.68075,2.20,1.00
2009.09.23 09:00:52.301,1.68035,1.6808,2.20,2.40
2009.09.23 09:00:52.581,1.68035,1.6808,2.20,1.00
2009.09.23 09:00:52.761,1.68035,1.68075,2.20,1.00
2009.09.23 09:00:53.401,1.68035,1.6808,1.00,1.90
2009.09.23 09:00:53.760,1.6803,1.68075,2.20,1.00
2009.09.23 09:00:53.870,1.6803,1.68055,2.20,1.60
2009.09.23 09:00:53.931,1.68025,1.68055,1.00,1.60
2009.09.23 09:00:54.050,1.6802,1.68055,1.00,1.60
2009.09.23 09:00:54.100,1.6803,1.68055,1.00,1.60
2009.09.23 09:00:54.220,1.6803,1.6806,1.00,3.40
2009.09.23 09:00:54.280,1.6803,1.6806,2.20,2.00
2009.09.23 09:00:54.340,1.68025,1.68065,1.40,2.00
2009.09.23 09:00:54.510,1.68025,1.68065,1.40,1.00
2009.09.23 09:00:54.570,1.6802,1.6806,2.20,1.00
2009.09.23 09:00:54.690,1.6802,1.6806,3.00,1.00
2009.09.23 09:00:55.160,1.6802,1.6806,2.20,1.00
2009.09.23 09:00:55.500,1.68025,1.68065,2.20,1.00
2009.09.23 09:00:56.070,1.68025,1.68065,1.00,1.00
2009.09.23 09:00:58.479,1.68025,1.6807,1.00,1.60
2009.09.23 09:00:58.699,1.68015,1.6806,2.40,1.40
2009.09.23 09:00:58.869,1.68015,1.68055,1.00,1.60
2009.09.23 09:00:59.089,1.68015,1.6806,2.20,3.40
2009.09.23 09:00:59.389,1.6802,1.6806,1.00,2.00
2009.09.23 09:01:00.089,1.6803,1.6806,1.80,2.00
2009.09.23 09:01:00.209,1.6803,1.6807,1.80,2.00
2009.09.23 09:01:00.329,1.6803,1.68075,1.80,5.90
2009.09.23 09:01:00.489,1.6803,1.6807,1.00,1.50
2009.09.23 09:01:00.599,1.68025,1.68065,1.90,1.60
2009.09.23 09:01:00.709,1.6803,1.6807,1.80,1.00
2009.09.23 09:01:00.829,1.6803,1.6807,1.80,1.00
2009.09.23 09:01:01.119,1.6803,1.6807,1.00,1.80
2009.09.23 09:01:01.459,1.68025,1.68065,1.80,2.00
2009.09.23 09:01:02.189,1.68015,1.6805,2.20,1.60
2009.09.23 09:01:02.598,1.68015,1.6805,2.30,1.60
2009.09.23 09:01:02.828,1.68015,1.6805,2.20,1.60
2009.09.23 09:01:03.068,1.6801,1.6805,3.10,1.60
2009.09.23 09:01:03.288,1.6801,1.6805,3.00,1.60
2009.09.23 09:01:03.528,1.6801,1.6804,1.00,1.60
2009.09.23 09:01:03.758,1.6801,1.6804,1.40,1.60
2009.09.23 09:01:04.038,1.6801,1.6805,1.40,3.40
2009.09.23 09:01:04.268,1.6801,1.6805,2.20,3.40
2009.09.23 09:01:04.618,1.6801,1.6805,2.20,2.00
2009.09.23 09:01:05.348,1.6802,1.6805,2.20,2.00
2009.09.23 09:01:05.588,1.6803,1.6805,1.40,1.60
2009.09.23 09:01:06.258,1.68015,1.6806,2.20,5.00
2009.09.23 09:01:06.487,1.68015,1.68055,1.40,1.80
2009.09.23 09:01:06.778,1.6802,1.68055,1.40,1.00
2009.09.23 09:01:07.517,1.68015,1.68055,1.40,1.80
2009.09.23 09:01:09.767,1.68015,1.68055,1.40,1.00
2009.09.23 09:01:10.126,1.68015,1.68055,1.50,1.80
2009.09.23 09:01:10.466,1.68015,1.68055,1.40,1.80
2009.09.23 09:01:11.626,1.68025,1.68055,1.40,1.00
2009.09.23 09:01:11.736,1.68025,1.68055,2.20,1.00
2009.09.23 09:01:12.096,1.68035,1.68055,1.40,1.00
2009.09.23 09:01:12.486,1.6805,1.6807,1.40,1.60
2009.09.23 09:01:12.826,1.68045,1.68065,2.20,1.00
2009.09.23 09:01:13.156,1.68035,1.6808,1.60,1.40
2009.09.23 09:01:13.736,1.68035,1.6808,3.80,1.00
2009.09.23 09:01:14.096,1.68035,1.68085,1.90,1.80
2009.09.23 09:01:14.376,1.6803,1.68075,1.50,3.40
2009.09.23 09:01:14.615,1.6804,1.68075,1.00,2.00
2009.09.23 09:01:14.895,1.6804,1.68085,1.00,5.80
2009.09.23 09:01:15.135,1.6804,1.6808,1.00,2.00
2009.09.23 09:01:15.345,1.68045,1.6808,1.00,2.00
2009.09.23 09:01:15.575,1.68045,1.6809,1.00,2.70
2009.09.23 09:01:15.795,1.68045,1.68085,1.00,1.00
2009.09.23 09:01:16.035,1.6804,1.6808,1.00,1.00
2009.09.23 09:01:16.265,1.68045,1.6809,1.00,4.00
2009.09.23 09:01:16.545,1.6806,1.68085,2.20,1.00
2009.09.23 09:01:17.065,1.6805,1.6809,2.20,1.00
2009.09.23 09:01:17.305,1.6805,1.6809,2.20,2.40
2009.09.23 09:01:17.655,1.6805,1.6809,1.80,2.00
2009.09.23 09:01:17.935,1.68045,1.68085,1.40,2.40
2009.09.23 09:01:18.285,1.68045,1.68085,1.40,1.00
2009.09.23 09:01:18.745,1.68045,1.68085,2.20,1.00
2009.09.23 09:01:19.434,1.68045,1.68085,1.40,1.00
2009.09.23 09:01:20.244,1.68045,1.68085,1.40,1.00
2009.09.23 09:01:25.803,1.68045,1.68085,1.40,1.00
2009.09.23 09:01:25.972,1.68055,1.68085,1.00,1.00
2009.09.23 09:01:26.092,1.68055,1.68085,1.80,1.00
2009.09.23 09:01:26.672,1.68055,1.68085,1.00,1.00
2009.09.23 09:01:26.842,1.68045,1.68085,1.50,1.00
2009.09.23 09:01:27.882,1.68045,1.68085,1.40,1.00
2009.09.23 09:01:28.722,1.68045,1.68085,2.20,1.00
2009.09.23 09:01:29.252,1.68045,1.68085,1.60,1.00
2009.09.23 09:01:30.162,1.68045,1.68085,1.00,1.00
2009.09.23 09:01:30.282,1.68045,1.68085,1.40,1.00
2009.09.23 09:01:31.052,1.6804,1.68085,2.20,1.80
2009.09.23 09:01:31.162,1.6804,1.6808,2.20,1.00
2009.09.23 09:01:32.731,1.6804,1.6808,2.20,1.00
2009.09.23 09:01:33.091,1.6804,1.68075,1.00,1.40
2009.09.23 09:01:33.251,1.6803,1.68075,2.30,2.20
2009.09.23 09:01:34.770,1.68035,1.68075,1.00,2.20
2009.09.23 09:01:35.120,1.6805,1.6807,2.20,1.00
2009.09.23 09:01:35.470,1.6805,1.68075,2.20,1.00
2009.09.23 09:01:35.521,1.6805,1.68075,1.00,1.00
2009.09.23 09:01:35.700,1.68035,1.68075,1.50,1.00
2009.09.23 09:01:37.930,1.68035,1.6808,1.50,6.60
2009.09.23 09:01:40.250,1.68025,1.6807,1.90,1.00
2009.09.23 09:01:40.589,1.6803,1.6805,2.20,1.00
2009.09.23 09:01:40.939,1.6802,1.68065,2.20,1.80
2009.09.23 09:01:41.269,1.68015,1.6806,2.20,1.60
2009.09.23 09:01:41.549,1.6801,1.6806,3.90,3.80
2009.09.23 09:01:41.879,1.6802,1.6806,1.40,1.60
2009.09.23 09:01:42.799,1.6802,1.6806,1.40,1.60
2009.09.23 09:01:43.029,1.6802,1.6806,2.20,2.00
2009.09.23 09:01:43.238,1.6802,1.6806,1.40,2.00
2009.09.23 09:01:43.578,1.68015,1.68055,1.40,2.00
2009.09.23 09:01:43.928,1.68015,1.68055,1.40,1.00
2009.09.23 09:01:44.568,1.68015,1.6806,1.40,6.90
2009.09.23 09:01:44.958,1.68015,1.6806,1.40,4.90
2009.09.23 09:01:45.248,1.68015,1.6806,1.40,3.50
2009.09.23 09:01:45.728,1.68015,1.6806,1.40,5.50
2009.09.23 09:01:45.958,1.6801,1.68055,1.50,1.40
2009.09.23 09:01:46.068,1.6801,1.6804,1.00,1.40
2009.09.23 09:01:46.978,1.68005,1.6804,1.90,2.00
2009.09.23 09:01:47.328,1.68005,1.6804,1.00,2.00
2009.09.23 09:01:48.017,1.68,1.6804,1.50,2.00
2009.09.23 09:01:48.367,1.68,1.68045,1.50,3.40
2009.09.23 09:01:48.697,1.68005,1.68045,1.40,2.00
2009.09.23 09:01:48.817,1.68005,1.6804,1.40,2.00
2009.09.23 09:01:48.877,1.68,1.6804,1.90,2.00
2009.09.23 09:01:48.987,1.68,1.6804,1.50,2.00
2009.09.23 09:01:49.377,1.68,1.6804,1.40,2.00
2009.09.23 09:01:50.127,1.68,1.6804,1.90,2.00
2009.09.23 09:01:50.457,1.68,1.6804,1.00,2.00
2009.09.23 09:01:50.757,1.67995,1.6804,1.50,4.80
2009.09.23 09:01:51.086,1.67995,1.68035,1.50,2.00
2009.09.23 09:01:51.437,1.67995,1.6804,1.50,5.40
2009.09.23 09:01:52.656,1.67995,1.68035,1.50,4.40
2009.09.23 09:01:52.836,1.67995,1.6802,1.40,1.60
2009.09.23 09:01:52.996,1.67985,1.6802,2.30,1.60
2009.09.23 09:01:53.236,1.6799,1.6803,1.50,1.60
2009.09.23 09:01:53.406,1.67995,1.6803,1.40,1.60
2009.09.23 09:01:53.626,1.67995,1.6803,1.40,2.00
2009.09.23 09:01:53.796,1.67995,1.6804,1.80,5.50
2009.09.23 09:01:54.016,1.67995,1.6803,1.80,1.00
2009.09.23 09:01:54.246,1.67985,1.6802,2.30,1.60
2009.09.23 09:01:54.536,1.67985,1.68025,2.70,1.60
2009.09.23 09:01:54.766,1.67985,1.6802,2.30,1.60
2009.09.23 09:01:55.926,1.6798,1.6801,2.30,1.60
2009.09.23 09:01:56.105,1.6798,1.6801,1.00,1.60
2009.09.23 09:01:56.156,1.6798,1.6802,1.90,1.60
2009.09.23 09:01:56.335,1.6798,1.68025,1.90,5.40
2009.09.23 09:01:56.385,1.6798,1.68025,2.70,3.40
2009.09.23 09:01:56.795,1.67985,1.68025,1.00,3.40
2009.09.23 09:01:58.045,1.6799,1.6802,1.00,3.00
2009.09.23 09:01:58.225,1.6799,1.6802,1.00,1.40
2009.09.23 09:01:58.395,1.6798,1.6802,1.00,3.00
2009.09.23 09:01:58.555,1.67985,1.6802,1.00,1.60
2009.09.23 09:01:58.735,1.67985,1.6802,1.00,3.40
2009.09.23 09:01:58.955,1.6798,1.6802,1.00,3.40
2009.09.23 09:01:59.474,1.6798,1.6802,1.90,1.60
2009.09.23 09:01:59.804,1.6798,1.6802,2.70,1.60
2009.09.23 09:02:07.253,1.67985,1.6802,1.00,1.60
2009.09.23 09:02:07.433,1.6798,1.6802,1.20,3.00
2009.09.23 09:02:07.593,1.6798,1.6802,1.20,1.40
2009.09.23 09:02:07.762,1.6798,1.68025,2.70,3.00
2009.09.23 09:02:07.883,1.67995,1.6803,1.80,2.00
2009.09.23 09:02:08.053,1.68,1.6803,1.00,2.00
2009.09.23 09:02:08.413,1.68,1.6803,1.00,1.40
2009.09.23 09:02:08.773,1.6799,1.6803,1.00,1.80
2009.09.23 09:02:09.122,1.67985,1.68025,1.00,1.00
2009.09.23 09:02:09.812,1.67985,1.6803,2.30,2.40
2009.09.23 09:02:10.142,1.6799,1.6803,1.00,2.40
2009.09.23 09:02:10.322,1.6799,1.6803,1.50,2.40
2009.09.23 09:02:10.382,1.67995,1.6803,1.00,2.40
2009.09.23 09:02:10.492,1.67995,1.6803,1.00,2.00
2009.09.23 09:02:10.552,1.67995,1.68035,1.00,2.40
2009.09.23 09:02:11.822,1.68,1.68035,1.00,2.40
2009.09.23 09:02:13.161,1.6799,1.68035,1.00,3.40
2009.09.23 09:02:13.441,1.67995,1.68035,1.00,2.40
2009.09.23 09:02:13.801,1.68,1.68035,1.40,1.00
2009.09.23 09:02:13.971,1.68,1.6804,1.50,3.60
2009.09.23 09:02:14.141,1.68,1.68045,1.50,3.40
2009.09.23 09:02:14.301,1.68,1.68045,1.40,3.40
2009.09.23 09:02:14.601,1.68,1.68045,1.40,5.40
2009.09.23 09:02:14.891,1.68,1.6804,1.80,1.40
2009.09.23 09:02:15.181,1.67995,1.6803,2.40,1.40
2009.09.23 09:02:15.711,1.68,1.6803,1.60,1.40
2009.09.23 09:02:15.990,1.68,1.6804,3.40,5.40
2009.09.23 09:02:16.280,1.68,1.6804,3.40,1.40
2009.09.23 09:02:16.861,1.67995,1.68035,1.00,1.00
2009.09.23 09:02:16.971,1.67995,1.68035,1.00,1.00
2009.09.23 09:02:17.251,1.68,1.68035,1.40,1.00
2009.09.23 09:02:17.370,1.68,1.6804,1.40,3.80
2009.09.23 09:02:18.060,1.68,1.6804,1.40,1.80
2009.09.23 09:02:18.740,1.68,1.6804,1.50,1.80
2009.09.23 09:02:19.190,1.68005,1.6804,1.00,1.80
2009.09.23 09:02:19.250,1.68015,1.6804,1.40,1.00
2009.09.23 09:02:19.310,1.68015,1.68045,1.40,3.60
2009.09.23 09:02:19.420,1.6803,1.68045,1.40,1.60
2009.09.23 09:02:19.470,1.68035,1.68045,1.40,1.60
2009.09.23 09:02:20.050,1.6804,1.6806,2.20,1.00
2009.09.23 09:02:20.440,1.68035,1.6807,2.20,1.60
2009.09.23 09:02:20.780,1.6803,1.6807,3.00,2.00
2009.09.23 09:02:21.129,1.68025,1.6807,2.20,1.90
2009.09.23 09:02:21.299,1.68025,1.6807,2.20,1.80
2009.09.23 09:02:21.539,1.68025,1.6807,1.40,3.80
2009.09.23 09:02:21.709,1.6804,1.6807,1.80,2.00
2009.09.23 09:02:21.939,1.6804,1.6807,1.00,2.00
2009.09.23 09:02:22.109,1.68025,1.6807,2.20,1.80
2009.09.23 09:02:22.449,1.68025,1.6807,1.40,3.80
2009.09.23 09:02:22.799,1.68015,1.6806,2.20,5.80
2009.09.23 09:02:23.149,1.68015,1.6806,1.80,3.90
2009.09.23 09:02:23.609,1.68015,1.6806,1.80,4.30
2009.09.23 09:02:23.849,1.68015,1.6806,1.80,3.90
2009.09.23 09:02:24.349,1.6801,1.68055,1.90,1.80
2009.09.23 09:02:24.688,1.6801,1.68045,1.50,1.60
2009.09.23 09:02:25.048,1.68015,1.6805,2.30,2.00
2009.09.23 09:02:25.398,1.6802,1.6806,2.20,2.00
2009.09.23 09:02:25.678,1.68025,1.68065,1.50,1.00
2009.09.23 09:02:25.918,1.68025,1.6807,2.30,1.00
2009.09.23 09:02:28.108,1.68025,1.68065,1.00,3.40
2009.09.23 09:02:28.278,1.68025,1.68065,1.00,1.80
2009.09.23 09:02:28.338,1.68025,1.68065,1.50,1.00
2009.09.23 09:02:28.518,1.68025,1.6807,2.30,1.00
2009.09.23 09:02:28.937,1.6803,1.6807,1.00,1.00
2009.09.23 09:02:29.288,1.68025,1.6807,1.90,3.40
2009.09.23 09:02:29.627,1.68025,1.68065,2.30,1.60
2009.09.23 09:02:29.847,1.68025,1.68065,1.50,2.80
2009.09.23 09:02:30.077,1.68025,1.68065,1.50,1.60
2009.09.23 09:02:30.307,1.6803,1.68065,1.00,1.60
2009.09.23 09:02:31.577,1.68025,1.68065,1.80,1.60
2009.09.23 09:02:31.917,1.6802,1.6805,1.60,2.00
2009.09.23 09:02:32.357,1.6802,1.6805,1.60,3.40
2009.09.23 09:02:32.467,1.68025,1.6805,1.00,2.00
2009.09.23 09:02:32.637,1.68025,1.6806,1.00,3.40
2009.09.23 09:02:33.156,1.6802,1.6806,1.00,1.40
2009.09.23 09:02:33.666,1.68025,1.6806,1.00,1.80
2009.09.23 09:02:34.007,1.68035,1.68065,1.00,2.80
2009.09.23 09:02:34.236,1.6803,1.6806,1.00,1.40
2009.09.23 09:02:36.786,1.6803,1.68065,1.00,2.40
2009.09.23 09:02:36.966,1.6803,1.68065,1.00,1.60
2009.09.23 09:02:37.475,1.6803,1.6807,1.00,4.60
2009.09.23 09:02:37.935,1.6803,1.6807,2.70,2.80
2009.09.23 09:02:38.325,1.6803,1.6807,2.30,1.00
2009.09.23 09:02:38.675,1.6803,1.68075,2.30,5.80
2009.09.23 09:02:38.845,1.68035,1.68075,1.00,5.80
2009.09.23 09:02:39.015,1.6804,1.68075,1.50,2.80
2009.09.23 09:02:39.195,1.6804,1.6808,1.50,3.40
2009.09.23 09:02:39.315,1.6804,1.6808,1.00,3.40
2009.09.23 09:02:39.485,1.6804,1.68075,1.00,2.00
2009.09.23 09:02:40.125,1.6804,1.68075,1.50,2.00
2009.09.23 09:02:40.355,1.6804,1.6808,1.50,2.00
2009.09.23 09:02:40.585,1.6804,1.68085,1.50,3.40
2009.09.23 09:02:41.294,1.6804,1.6808,1.50,1.40
2009.09.23 09:02:41.754,1.6804,1.6808,1.00,1.40
2009.09.23 09:02:41.984,1.6804,1.6808,1.00,2.80
2009.09.23 09:02:43.254,1.6804,1.6808,1.00,1.40
2009.09.23 09:02:43.824,1.6804,1.68085,2.70,4.20
2009.09.23 09:02:44.624,1.6804,1.68085,2.70,6.20
2009.09.23 09:02:44.904,1.68045,1.6808,1.00,2.00
2009.09.23 09:02:45.354,1.68045,1.6808,1.00,1.40
2009.09.23 09:02:45.584,1.68045,1.6808,1.00,3.40
2009.09.23 09:02:46.803,1.68045,1.6808,1.00,2.00
2009.09.23 09:02:47.023,1.68045,1.68085,1.00,6.20
2009.09.23 09:02:48.103,1.68045,1.68085,1.00,10.60
2009.09.23 09:02:48.453,1.68045,1.6808,1.00,1.40
2009.09.23 09:02:48.813,1.68045,1.6808,1.00,3.40
2009.09.23 09:02:49.613,1.68045,1.6806,1.00,1.40
2009.09.23 09:02:49.832,1.6801,1.6806,2.30,1.40
2009.09.23 09:02:50.402,1.68025,1.68065,2.20,2.00
2009.09.23 09:02:50.692,1.6802,1.68075,1.50,1.40
2009.09.23 09:02:51.022,1.6804,1.68075,2.20,2.00
2009.09.23 09:02:51.182,1.6804,1.68085,2.20,3.40
2009.09.23 09:02:51.752,1.68045,1.68085,1.40,4.00
2009.09.23 09:02:51.972,1.6805,1.6809,1.40,3.50
2009.09.23 09:02:52.942,1.6805,1.6809,1.50,3.40
2009.09.23 09:02:53.452,1.6805,1.6809,1.40,3.40
2009.09.23 09:02:53.801,1.6805,1.6809,1.40,1.40
2009.09.23 09:02:54.151,1.6805,1.6809,1.40,3.40
2009.09.23 09:02:54.391,1.6805,1.68085,1.40,2.00
2009.09.23 09:02:54.511,1.6805,1.68085,1.50,2.00
2009.09.23 09:02:54.671,1.6805,1.6809,1.50,5.40
2009.09.23 09:02:54.791,1.6805,1.6809,1.00,3.40
2009.09.23 09:02:55.132,1.6805,1.6809,1.00,1.40
2009.09.23 09:02:55.871,1.6805,1.68085,1.00,1.40
2009.09.23 09:02:56.211,1.68045,1.68085,1.00,1.80
2009.09.23 09:02:56.381,1.68045,1.6809,1.60,4.30
2009.09.23 09:02:56.501,1.68045,1.68085,1.60,1.50
2009.09.23 09:02:56.671,1.68045,1.68085,1.60,3.10
2009.09.23 09:02:56.841,1.68045,1.68085,1.00,1.60
2009.09.23 09:02:57.021,1.68045,1.6809,1.00,2.30
2009.09.23 09:02:57.141,1.68045,1.6809,1.60,2.30
2009.09.23 09:02:57.430,1.68045,1.6809,1.60,3.10
2009.09.23 09:02:57.771,1.68045,1.6809,1.60,5.10
2009.09.23 09:02:58.011,1.68045,1.6809,1.60,3.10
2009.09.23 09:02:58.310,1.6805,1.6809,1.00,1.00
2009.09.23 09:02:58.590,1.6805,1.68095,1.00,5.10
2009.09.23 09:02:59.340,1.68055,1.68095,1.40,3.60
2009.09.23 09:02:59.680,1.6806,1.6809,1.00,2.00
2009.09.23 09:02:59.850,1.6806,1.68095,1.00,3.60
2009.09.23 09:03:00.820,1.6806,1.68095,1.00,3.60
2009.09.23 09:03:02.559,1.68055,1.68095,1.00,5.10
2009.09.23 09:03:03.010,1.68055,1.6808,1.00,2.00
2009.09.23 09:03:04.060,1.68055,1.6808,1.00,3.40
2009.09.23 09:03:04.179,1.6804,1.68085,2.20,1.40
2009.09.23 09:03:04.349,1.6805,1.6809,1.40,2.00
2009.09.23 09:03:04.569,1.68045,1.6809,1.00,3.40
2009.09.23 09:03:04.629,1.68045,1.68085,1.00,2.00
2009.09.23 09:03:04.849,1.6805,1.68085,1.40,2.00
2009.09.23 09:03:05.209,1.68045,1.6809,1.00,1.40
2009.09.23 09:03:05.569,1.68045,1.6809,1.00,3.40
2009.09.23 09:03:05.909,1.68045,1.68075,1.00,1.40
2009.09.23 09:03:06.199,1.68035,1.68075,1.60,3.80
2009.09.23 09:03:06.489,1.6805,1.6808,1.00,2.00
2009.09.23 09:03:06.768,1.68045,1.6808,1.00,2.00
2009.09.23 09:03:07.118,1.68045,1.6808,1.00,2.00
2009.09.23 09:03:07.818,1.68045,1.6809,1.00,1.40
2009.09.23 09:03:08.148,1.68045,1.6809,1.00,1.40
2009.09.23 09:03:08.368,1.68045,1.6809,1.00,1.40
2009.09.23 09:03:08.838,1.68045,1.6809,1.00,3.40
2009.09.23 09:03:09.698,1.68045,1.6809,1.00,2.00
2009.09.23 09:03:09.928,1.68055,1.6809,1.00,2.00
2009.09.23 09:03:10.107,1.68055,1.68095,1.00,3.60
2009.09.23 09:03:10.527,1.68055,1.68095,1.00,1.60
2009.09.23 09:03:10.857,1.68055,1.6809,1.00,1.00
2009.09.23 09:03:12.597,1.6804,1.6809,2.90,2.30
2009.09.23 09:03:12.707,1.6804,1.6809,1.50,2.30
2009.09.23 09:03:12.827,1.6804,1.6808,1.40,1.00
2009.09.23 09:03:12.940,1.68035,1.68075,1.00,2.20
2009.09.23 09:03:13.057,1.6803,1.68075,1.00,2.20
2009.09.23 09:03:13.167,1.68035,1.68075,1.80,2.00
2009.09.23 09:03:13.507,1.6803,1.6807,1.00,2.00
2009.09.23 09:03:13.907,1.6803,1.68065,1.00,2.00
2009.09.23 09:03:14.257,1.6803,1.68065,1.50,2.00
2009.09.23 09:03:14.596,1.68025,1.68065,1.40,2.00
2009.09.23 09:03:14.986,1.68025,1.6807,1.40,1.40
2009.09.23 09:03:16.046,1.6804,1.68075,1.60,2.00
2009.09.23 09:03:16.276,1.6803,1.68065,1.00,3.40
2009.09.23 09:03:16.396,1.6803,1.68065,1.00,1.00
2009.09.23 09:03:16.506,1.6803,1.68075,1.40,2.00
2009.09.23 09:03:16.626,1.6803,1.6807,2.20,2.00
2009.09.23 09:03:16.976,1.6803,1.68075,2.20,2.00
2009.09.23 09:03:17.146,1.68045,1.68075,1.40,2.00
2009.09.23 09:03:17.596,1.6803,1.6808,4.60,5.10
2009.09.23 09:03:17.936,1.6803,1.68075,2.30,2.00
2009.09.23 09:03:18.326,1.6803,1.68075,2.20,2.00
2009.09.23 09:03:19.076,1.68035,1.68075,1.80,2.80
2009.09.23 09:03:19.406,1.68035,1.6808,1.80,7.20
2009.09.23 09:03:19.585,1.68035,1.6808,1.50,1.00
2009.09.23 09:03:19.815,1.68035,1.6808,1.00,1.80
2009.09.23 09:03:19.995,1.68035,1.6808,1.90,2.20
2009.09.23 09:03:20.225,1.68035,1.6808,1.90,3.00
2009.09.23 09:03:20.445,1.68035,1.6807,1.00,1.40
2009.09.23 09:03:20.735,1.68035,1.6807,1.00,1.40
2009.09.23 09:03:21.315,1.6803,1.6807,1.00,1.40
2009.09.23 09:03:21.605,1.6803,1.6807,3.00,2.00
2009.09.23 09:03:21.845,1.6803,1.68075,3.10,1.00
2009.09.23 09:03:22.025,1.68035,1.6808,1.00,3.90
2009.09.23 09:03:22.205,1.6803,1.6807,3.10,2.00
2009.09.23 09:03:22.325,1.6803,1.68075,3.10,2.30
2009.09.23 09:03:23.254,1.6803,1.68065,1.00,1.60
2009.09.23 09:03:23.664,1.68035,1.68075,1.00,3.30
2009.09.23 09:03:23.834,1.68035,1.68075,1.00,2.80
2009.09.23 09:03:24.005,1.68035,1.68075,1.00,2.20
2009.09.23 09:03:24.174,1.6804,1.68075,1.00,2.80
2009.09.23 09:03:24.344,1.68045,1.68075,1.00,2.00
2009.09.23 09:03:24.515,1.68045,1.68085,1.00,2.00
2009.09.23 09:03:25.004,1.6805,1.68085,1.00,2.20
2009.09.23 09:03:25.354,1.68035,1.6808,1.00,2.20
2009.09.23 09:03:26.044,1.68035,1.6808,1.60,2.20
2009.09.23 09:03:26.274,1.68035,1.6808,2.70,2.80
2009.09.23 09:03:26.514,1.6804,1.68075,1.00,7.80
2009.09.23 09:03:26.743,1.68035,1.6807,1.50,1.40
2009.09.23 09:03:27.013,1.6804,1.6808,1.00,2.80
2009.09.23 09:03:27.253,1.68045,1.6808,1.40,1.00
2009.09.23 09:03:27.483,1.68045,1.6809,1.00,6.70
2009.09.23 09:03:27.723,1.68045,1.6808,1.00,2.00
2009.09.23 09:03:28.003,1.68045,1.68085,1.00,2.00
2009.09.23 09:03:29.133,1.68045,1.6809,1.20,5.90
2009.09.23 09:03:29.533,1.6805,1.6809,1.00,5.80
2009.09.23 09:03:29.643,1.6805,1.6809,1.50,5.80
2009.09.23 09:03:29.703,1.6805,1.6809,1.90,5.00
2009.09.23 09:03:29.813,1.6805,1.6809,1.50,5.80
2009.09.23 09:03:29.873,1.6805,1.6809,1.00,3.80
2009.09.23 09:03:30.333,1.68045,1.68085,1.00,2.20
2009.09.23 09:03:30.813,1.6805,1.6809,1.00,3.80
2009.09.23 09:03:31.832,1.6805,1.6809,1.50,3.80
2009.09.23 09:03:32.052,1.68055,1.6809,1.00,3.80
2009.09.23 09:03:32.292,1.6806,1.6809,1.80,1.00
2009.09.23 09:03:32.582,1.6806,1.68095,1.00,1.60
2009.09.23 09:03:33.092,1.6807,1.68095,1.00,1.60
2009.09.23 09:03:33.592,1.68065,1.68095,2.30,1.60
2009.09.23 09:03:33.822,1.68065,1.68095,2.70,1.60
2009.09.23 09:03:34.731,1.6807,1.68095,1.00,1.60
2009.09.23 09:03:35.151,1.68065,1.68095,2.70,1.60
2009.09.23 09:03:35.322,1.68065,1.68095,1.00,1.60
2009.09.23 09:03:35.961,1.68065,1.68095,1.00,1.60
2009.09.23 09:03:36.071,1.68065,1.68095,1.00,3.40
2009.09.23 09:03:36.181,1.6805,1.6809,1.20,1.40
2009.09.23 09:03:36.241,1.6805,1.6809,1.00,3.40
2009.09.23 09:03:36.411,1.68045,1.6809,2.70,3.40
2009.09.23 09:03:36.701,1.6805,1.6809,1.00,3.00
2009.09.23 09:03:36.821,1.6805,1.68095,2.70,3.50
2009.09.23 09:03:37.911,1.6805,1.6809,2.60,1.40
2009.09.23 09:03:38.021,1.6805,1.6809,2.70,1.40
2009.09.23 09:03:40.510,1.68055,1.68095,1.00,4.20
2009.09.23 09:03:40.920,1.68055,1.68095,1.00,3.40
2009.09.23 09:03:43.259,1.6805,1.68095,2.70,3.50
2009.09.23 09:03:43.480,1.68055,1.68095,1.00,3.40
2009.09.23 09:03:43.830,1.6805,1.68095,2.70,4.30
2009.09.23 09:03:44.069,1.6805,1.68085,1.00,3.00
2009.09.23 09:03:44.769,1.68045,1.6808,1.00,1.40
2009.09.23 09:03:45.069,1.6805,1.68075,1.00,1.60
2009.09.23 09:03:45.409,1.68045,1.6808,1.00,1.40
2009.09.23 09:03:45.699,1.6804,1.6808,1.00,1.40
2009.09.23 09:03:45.879,1.6804,1.6808,1.20,1.40
2009.09.23 09:03:46.119,1.6805,1.6808,1.00,1.40
2009.09.23 09:03:46.289,1.6805,1.68075,1.00,1.60
2009.09.23 09:03:46.519,1.68045,1.68075,1.00,1.60
2009.09.23 09:03:46.919,1.6805,1.68085,1.00,3.00
2009.09.23 09:03:47.159,1.6805,1.68085,1.00,1.40
2009.09.23 09:03:47.669,1.6805,1.68085,1.00,3.00
2009.09.23 09:03:47.968,1.6805,1.68085,3.80,1.00
2009.09.23 09:03:48.268,1.6805,1.68075,1.00,1.60
2009.09.23 09:03:48.618,1.6805,1.68085,1.00,1.40
2009.09.23 09:03:51.408,1.6805,1.68075,1.00,1.60
2009.09.23 09:03:51.697,1.68055,1.68075,1.00,1.60
2009.09.23 09:03:51.927,1.68055,1.68085,1.00,1.40
2009.09.23 09:03:52.727,1.6805,1.68085,1.00,1.40
2009.09.23 09:03:53.857,1.6805,1.6808,1.00,1.40
2009.09.23 09:03:54.377,1.68045,1.6808,1.00,1.40
2009.09.23 09:03:55.987,1.68045,1.68085,1.00,2.60
2009.09.23 09:03:56.736,1.6805,1.68085,1.00,2.60
2009.09.23 09:03:56.966,1.6805,1.68085,1.00,1.00
2009.09.23 09:03:57.656,1.68055,1.68085,1.00,1.00
2009.09.23 09:03:58.186,1.6805,1.68085,1.00,1.00
2009.09.23 09:03:59.266,1.68055,1.68085,1.00,2.60
2009.09.23 09:03:59.326,1.68055,1.68085,1.00,1.00
2009.09.23 09:04:00.945,1.6805,1.68085,1.00,1.00
2009.09.23 09:04:01.975,1.68045,1.68085,2.70,1.00
2009.09.23 09:04:02.675,1.68055,1.68085,1.00,1.00
2009.09.23 09:04:02.845,1.68045,1.6809,2.70,3.40
2009.09.23 09:04:03.545,1.6805,1.6809,1.80,3.00
2009.09.23 09:04:03.884,1.6805,1.68095,1.80,5.50
2009.09.23 09:04:04.244,1.68055,1.68095,1.40,3.60
2009.09.23 09:04:04.584,1.6805,1.68095,2.60,3.40
2009.09.23 09:04:04.874,1.6805,1.68095,2.70,3.40
2009.09.23 09:04:05.464,1.6805,1.68095,2.60,3.50
2009.09.23 09:04:05.794,1.68055,1.68095,1.40,2.00
2009.09.23 09:04:05.964,1.68055,1.68095,2.20,1.60
2009.09.23 09:04:06.694,1.68055,1.68095,2.30,1.60
2009.09.23 09:04:07.953,1.68065,1.6809,1.00,1.60
2009.09.23 09:04:08.184,1.68065,1.68095,2.30,1.60
2009.09.23 09:04:08.473,1.68065,1.68095,1.00,1.60
2009.09.23 09:04:08.993,1.6806,1.68095,1.00,1.60
2009.09.23 09:04:09.213,1.6806,1.68095,1.90,1.60
2009.09.23 09:04:10.533,1.6807,1.68095,1.00,1.60
2009.09.23 09:04:10.893,1.6808,1.68095,1.00,1.60
2009.09.23 09:04:10.943,1.68085,1.68095,1.40,1.60
2009.09.23 09:04:11.113,1.6808,1.68095,1.40,1.60
2009.09.23 09:04:11.223,1.6808,1.68095,2.20,1.60
2009.09.23 09:04:11.283,1.6808,1.68095,1.00,1.60
2009.09.23 09:04:11.343,1.6807,1.68095,4.60,1.60
2009.09.23 09:04:11.463,1.6807,1.68095,2.20,1.60
2009.09.23 09:04:11.633,1.6807,1.68095,1.50,1.60
2009.09.23 09:04:11.693,1.6807,1.68095,2.20,1.60
2009.09.23 09:04:11.803,1.6807,1.68095,1.00,1.60
2009.09.23 09:04:11.923,1.68065,1.68095,1.50,1.60
2009.09.23 09:04:12.273,1.6807,1.68095,1.40,1.60
2009.09.23 09:04:12.972,1.6807,1.68095,2.00,1.60
2009.09.23 09:04:13.202,1.68065,1.68095,3.50,1.60
2009.09.23 09:04:13.652,1.68065,1.68095,1.50,1.60
2009.09.23 09:04:15.222,1.6807,1.68095,2.30,1.60
2009.09.23 09:04:16.672,1.68075,1.68095,2.20,1.60
2009.09.23 09:04:16.952,1.68075,1.68095,3.40,1.60
2009.09.23 09:04:17.241,1.68085,1.68095,1.00,1.60
2009.09.23 09:04:18.231,1.68085,1.68095,1.00,1.60
2009.09.23 09:04:18.581,1.6809,1.6815,3.40,5.90
2009.09.23 09:04:18.741,1.6809,1.6815,3.40,3.90
2009.09.23 09:04:18.851,1.6809,1.68145,3.40,1.00
2009.09.23 09:04:18.971,1.6809,1.68145,1.80,1.00
2009.09.23 09:04:20.811,1.6808,1.6813,2.20,1.90
2009.09.23 09:04:21.090,1.6808,1.6813,2.30,1.90
2009.09.23 09:04:21.551,1.6808,1.6813,2.20,3.30
2009.09.23 09:04:22.061,1.68085,1.68125,3.40,1.00
2009.09.23 09:04:22.220,1.6808,1.6812,1.80,1.60
2009.09.23 09:04:22.390,1.68075,1.6812,1.90,3.40
2009.09.23 09:04:22.570,1.68075,1.6812,2.30,3.40
2009.09.23 09:04:22.930,1.68075,1.6812,1.90,3.40
2009.09.23 09:04:23.620,1.68075,1.68115,1.00,1.40
2009.09.23 09:04:23.790,1.68075,1.68105,1.00,1.60
2009.09.23 09:04:23.900,1.68085,1.68115,1.60,4.20
2009.09.23 09:04:24.010,1.68085,1.68115,1.60,4.60
2009.09.23 09:04:24.070,1.68085,1.68115,1.60,1.00
2009.09.23 09:04:24.370,1.68075,1.6812,1.90,4.30
2009.09.23 09:04:24.670,1.6808,1.6812,1.00,4.20
2009.09.23 09:04:25.080,1.68075,1.6812,1.90,4.30
2009.09.23 09:04:25.820,1.68075,1.6812,1.90,4.20
2009.09.23 09:04:25.880,1.68075,1.6812,1.90,3.40
2009.09.23 09:04:26.349,1.6808,1.6812,1.40,2.00
2009.09.23 09:04:26.409,1.6808,1.6812,2.20,1.60
2009.09.23 09:04:26.589,1.68075,1.6812,1.90,3.40
2009.09.23 09:04:26.699,1.6808,1.6812,1.50,2.00
2009.09.23 09:04:26.759,1.68085,1.68125,1.60,2.70
2009.09.23 09:04:27.119,1.68085,1.68125,1.40,1.60
2009.09.23 09:04:27.459,1.6808,1.6812,1.00,3.40
2009.09.23 09:04:28.019,1.6808,1.6812,1.00,3.00
2009.09.23 09:04:28.259,1.68095,1.68125,1.60,1.00
2009.09.23 09:04:28.439,1.68095,1.6813,1.60,2.80
2009.09.23 09:04:28.679,1.68095,1.68125,1.60,1.40
2009.09.23 09:04:28.959,1.68085,1.68125,1.00,1.40
2009.09.23 09:04:29.879,1.68085,1.6813,1.50,3.50
2009.09.23 09:04:30.228,1.68075,1.6812,5.50,1.80
2009.09.23 09:04:30.468,1.68075,1.6812,1.90,3.40
2009.09.23 09:04:31.378,1.68085,1.6812,1.00,3.00
2009.09.23 09:04:31.618,1.6809,1.6813,1.40,2.00
2009.09.23 09:04:31.728,1.6809,1.6813,1.80,1.00
2009.09.23 09:04:31.838,1.68095,1.6813,1.40,1.00
2009.09.23 09:04:32.308,1.68095,1.68135,1.40,2.00
2009.09.23 09:04:32.428,1.68095,1.6814,1.40,3.50
2009.09.23 09:04:32.717,1.68095,1.6814,1.50,3.50
2009.09.23 09:04:32.998,1.68095,1.6814,1.50,7.10
2009.09.23 09:04:33.228,1.6808,1.68125,2.20,1.80
2009.09.23 09:04:33.517,1.6808,1.68125,2.20,3.80
2009.09.23 09:04:33.877,1.6808,1.68125,1.40,3.80
2009.09.23 09:04:34.857,1.68085,1.6812,1.00,5.40
2009.09.23 09:04:35.027,1.6809,1.6812,1.80,2.00
2009.09.23 09:04:35.257,1.6809,1.68125,1.80,1.00
2009.09.23 09:04:35.427,1.6809,1.68125,1.90,1.00
2009.09.23 09:04:35.597,1.68095,1.68135,1.90,1.00
2009.09.23 09:04:35.827,1.68105,1.6814,1.60,1.20
2009.09.23 09:04:35.937,1.68105,1.68135,1.60,1.50
2009.09.23 09:04:36.117,1.6809,1.68135,1.40,1.50
2009.09.23 09:04:36.287,1.6809,1.68135,1.40,1.40
2009.09.23 09:04:36.407,1.6809,1.68135,1.40,6.60
2009.09.23 09:04:37.037,1.68085,1.68135,1.40,7.40
2009.09.23 09:04:37.207,1.68085,1.68125,1.40,2.00
2009.09.23 09:04:37.507,1.68075,1.68125,1.50,3.40
2009.09.23 09:04:37.677,1.68075,1.68125,1.50,4.20
2009.09.23 09:04:37.907,1.68075,1.68125,1.50,1.40
2009.09.23 09:04:38.077,1.68085,1.6813,1.40,3.40
2009.09.23 09:04:38.426,1.6808,1.68125,2.30,2.40
2009.09.23 09:04:38.766,1.68085,1.68135,1.40,1.80
2009.09.23 09:04:39.306,1.68085,1.68135,2.20,1.80
2009.09.23 09:04:39.746,1.68085,1.68135,2.20,3.80
2009.09.23 09:04:39.986,1.6809,1.68135,1.00,3.90
2009.09.23 09:04:40.446,1.6809,1.68135,1.00,3.80
2009.09.23 09:04:40.736,1.68095,1.68135,1.40,3.40
2009.09.23 09:04:41.026,1.6809,1.68135,1.00,2.00
2009.09.23 09:04:41.316,1.6809,1.68135,1.00,1.80
2009.09.23 09:04:41.616,1.6809,1.68135,1.00,3.80
2009.09.23 09:04:42.255,1.6809,1.68135,1.00,1.90
2009.09.23 09:04:42.545,1.68085,1.6812,1.00,2.00
2009.09.23 09:04:42.895,1.68085,1.68125,1.00,1.80
2009.09.23 09:04:43.055,1.68085,1.6813,2.30,5.60
2009.09.23 09:04:43.175,1.68085,1.6813,2.20,5.70
2009.09.23 09:04:43.475,1.68095,1.6813,1.00,4.80
2009.09.23 09:04:44.045,1.68085,1.6813,1.90,3.40
2009.09.23 09:04:44.335,1.68085,1.68135,1.90,6.20
2009.09.23 09:04:44.625,1.68085,1.68125,1.00,5.40
2009.09.23 09:04:44.965,1.68085,1.68125,1.90,2.00
2009.09.23 09:04:45.265,1.68085,1.6813,1.90,2.80
2009.09.23 09:04:45.555,1.6809,1.6813,1.00,2.80
2009.09.23 09:04:46.134,1.6809,1.68125,1.00,1.00
2009.09.23 09:04:46.314,1.68085,1.6813,1.90,3.60
2009.09.23 09:04:46.475,1.68085,1.6812,1.90,1.00
2009.09.23 09:04:46.645,1.6809,1.6812,1.40,1.00
2009.09.23 09:04:46.824,1.68085,1.6812,1.50,1.00
2009.09.23 09:04:46.994,1.6809,1.6812,1.40,1.00
2009.09.23 09:04:47.164,1.6809,1.6812,1.50,1.00
2009.09.23 09:04:47.524,1.68095,1.6812,1.00,1.00
2009.09.23 09:04:47.864,1.68095,1.6812,1.50,1.00
2009.09.23 09:04:48.204,1.68095,1.6813,1.50,1.00
2009.09.23 09:04:48.444,1.68095,1.6813,1.00,1.00
2009.09.23 09:04:48.914,1.68095,1.68135,1.50,1.00
2009.09.23 09:04:49.194,1.68095,1.68135,1.00,2.80
2009.09.23 09:04:49.374,1.68095,1.68135,1.00,1.00
2009.09.23 09:04:50.603,1.68095,1.6814,2.00,1.00
2009.09.23 09:04:50.833,1.68105,1.68145,1.00,4.30
2009.09.23 09:04:51.124,1.68105,1.68145,1.00,2.90
2009.09.23 09:04:51.303,1.681,1.68145,1.40,2.90
2009.09.23 09:04:51.763,1.68095,1.68145,1.50,1.00
2009.09.23 09:04:51.933,1.68095,1.6814,1.50,2.00
2009.09.23 09:04:54.012,1.68095,1.68145,1.50,2.00
2009.09.23 09:04:54.242,1.68095,1.6814,1.40,1.00
2009.09.23 09:04:54.472,1.6809,1.6814,1.40,1.00
2009.09.23 09:04:54.652,1.6809,1.6814,1.40,3.50
2009.09.23 09:04:54.882,1.6809,1.6814,1.40,2.00
2009.09.23 09:04:55.332,1.6809,1.68135,1.40,2.00
2009.09.23 09:04:56.182,1.68105,1.68135,1.00,2.00
2009.09.23 09:04:56.292,1.681,1.68135,2.20,2.00
2009.09.23 09:04:56.462,1.681,1.68145,1.00,6.40
2009.09.23 09:04:56.632,1.68095,1.6814,2.30,2.00
2009.09.23 09:04:56.812,1.6809,1.6814,2.30,4.30
2009.09.23 09:04:57.092,1.6809,1.6813,2.30,2.00
2009.09.23 09:04:57.262,1.681,1.6813,2.20,2.00
2009.09.23 09:04:57.442,1.681,1.6813,1.40,2.00
2009.09.23 09:04:57.622,1.6809,1.6813,1.80,2.00
2009.09.23 09:04:57.742,1.6809,1.68135,1.80,5.40
2009.09.23 09:04:57.922,1.68095,1.68135,1.40,2.00
2009.09.23 09:04:58.091,1.681,1.6814,1.40,1.00
2009.09.23 09:04:58.262,1.681,1.6814,1.40,2.80
2009.09.23 09:04:58.612,1.681,1.6814,2.20,2.80
2009.09.23 09:04:59.811,1.681,1.6814,2.20,2.00
2009.09.23 09:05:00.501,1.68095,1.68145,1.50,1.00
2009.09.23 09:05:00.611,1.68095,1.68145,2.30,2.00
2009.09.23 09:05:00.771,1.68105,1.68145,1.00,3.60
2009.09.23 09:05:00.831,1.68105,1.68145,2.20,1.60
2009.09.23 09:05:00.951,1.68105,1.68145,1.00,1.60
2009.09.23 09:05:01.011,1.681,1.68145,2.30,2.00
2009.09.23 09:05:01.131,1.681,1.68145,2.30,2.00
2009.09.23 09:05:01.681,1.681,1.68145,2.20,2.00
2009.09.23 09:05:02.041,1.681,1.68145,2.20,4.40
2009.09.23 09:05:02.391,1.681,1.68145,2.20,3.20
2009.09.23 09:05:03.110,1.68115,1.68145,1.00,1.00
2009.09.23 09:05:03.350,1.68105,1.6815,2.20,1.00
2009.09.23 09:05:03.520,1.68105,1.6815,4.20,1.00
2009.09.23 09:05:03.740,1.68105,1.6815,6.20,1.00
2009.09.23 09:05:03.920,1.68105,1.68145,1.80,1.00
2009.09.23 09:05:05.550,1.68105,1.6814,1.80,1.00
2009.09.23 09:05:08.699,1.681,1.68135,1.80,1.00
2009.09.23 09:05:09.089,1.68105,1.6814,1.40,1.00
2009.09.23 09:05:09.389,1.68105,1.6814,1.00,1.00
2009.09.23 09:05:15.787,1.681,1.6814,2.20,1.00
2009.09.23 09:05:16.068,1.681,1.68135,2.20,1.00
2009.09.23 09:05:16.127,1.68095,1.68135,3.60,1.00
2009.09.23 09:05:17.227,1.68095,1.6813,3.60,1.00
2009.09.23 09:05:17.917,1.68095,1.6813,3.60,1.40
2009.09.23 09:05:18.207,1.6809,1.6813,3.60,1.90
2009.09.23 09:05:18.557,1.6809,1.6813,5.80,1.00
2009.09.23 09:05:18.907,1.6809,1.6813,2.40,1.90
2009.09.23 09:05:19.197,1.6809,1.6813,1.00,3.10
2009.09.23 09:05:19.436,1.6809,1.6813,2.20,3.10
2009.09.23 09:05:20.127,1.6809,1.6813,2.20,3.00
2009.09.23 09:05:20.876,1.68095,1.6813,1.60,1.50
2009.09.23 09:05:21.166,1.68095,1.68125,1.60,1.40
2009.09.23 09:05:21.396,1.68085,1.68125,3.80,1.40
2009.09.23 09:05:21.566,1.6809,1.6813,1.40,4.30
2009.09.23 09:05:21.736,1.68095,1.6813,1.60,2.30
2009.09.23 09:05:21.906,1.68085,1.6813,3.80,2.30
2009.09.23 09:05:22.196,1.68085,1.68125,2.20,1.40
2009.09.23 09:05:23.016,1.68085,1.68125,3.80,1.40
2009.09.23 09:05:23.195,1.68085,1.68125,3.80,1.50
2009.09.23 09:05:23.766,1.6808,1.6812,2.20,1.40
2009.09.23 09:05:25.455,1.68085,1.6812,1.60,1.50
2009.09.23 09:05:25.675,1.68085,1.68115,1.60,1.40
2009.09.23 09:05:25.795,1.68075,1.68115,1.00,1.40
2009.09.23 09:05:26.195,1.6807,1.68115,3.90,1.40
2009.09.23 09:05:26.425,1.68075,1.68115,1.00,1.40
2009.09.23 09:05:27.105,1.6807,1.68115,3.90,1.40
2009.09.23 09:05:27.394,1.6807,1.6811,1.60,1.40
2009.09.23 09:05:27.455,1.68065,1.68105,2.30,1.60
2009.09.23 09:05:28.385,1.68075,1.68115,1.00,1.40
2009.09.23 09:05:28.734,1.6807,1.68115,3.90,1.50
2009.09.23 09:05:29.084,1.6807,1.68115,3.90,1.90
2009.09.23 09:05:29.314,1.68075,1.68115,1.60,3.90
2009.09.23 09:05:29.484,1.6807,1.6811,1.60,1.40
2009.09.23 09:05:29.714,1.68075,1.68115,1.60,1.90
2009.09.23 09:05:29.894,1.68075,1.68115,1.60,2.70
2009.09.23 09:05:30.244,1.68075,1.6811,1.60,1.50
2009.09.23 09:05:30.604,1.68075,1.68115,1.60,2.70
2009.09.23 09:05:31.394,1.6806,1.68105,5.10,1.40
2009.09.23 09:05:31.683,1.6806,1.68105,5.90,1.80
2009.09.23 09:05:31.963,1.6806,1.68095,1.00,3.00
2009.09.23 09:05:32.243,1.6806,1.68095,1.00,1.40
2009.09.23 09:05:32.813,1.6806,1.681,1.00,1.40
2009.09.23 09:05:33.923,1.6806,1.681,1.00,2.20
2009.09.23 09:05:37.662,1.68055,1.68095,1.00,3.80
2009.09.23 09:05:37.992,1.6805,1.6809,1.40,1.40
2009.09.23 09:05:39.362,1.68045,1.6809,1.40,1.40
2009.09.23 09:05:39.542,1.68045,1.6809,1.40,1.50
2009.09.23 09:05:39.841,1.68045,1.6809,1.40,1.40
2009.09.23 09:05:41.001,1.6804,1.68085,5.90,1.80
2009.09.23 09:05:41.281,1.6804,1.68085,3.90,1.80
2009.09.23 09:05:41.911,1.6804,1.68085,3.80,1.90
2009.09.23 09:05:42.081,1.68035,1.6808,3.90,1.80
2009.09.23 09:05:42.421,1.68035,1.68075,2.20,1.60
2009.09.23 09:05:42.531,1.68035,1.68075,1.00,3.10
2009.09.23 09:05:42.941,1.68015,1.68055,4.20,1.40
2009.09.23 09:05:43.471,1.68015,1.68055,1.50,1.40
2009.09.23 09:05:43.811,1.6801,1.68055,1.50,2.20
2009.09.23 09:05:44.260,1.6801,1.68055,1.50,1.40
2009.09.23 09:05:44.491,1.6801,1.68055,1.50,2.30
2009.09.23 09:05:46.440,1.6801,1.6805,1.40,1.00
2009.09.23 09:05:46.720,1.6801,1.68055,1.40,2.30
2009.09.23 09:05:46.840,1.68005,1.68045,1.90,1.40
2009.09.23 09:05:47.410,1.68005,1.68045,2.30,1.40
2009.09.23 09:05:47.630,1.68005,1.6805,2.30,3.90
2009.09.23 09:05:47.810,1.68005,1.68045,2.30,1.40
2009.09.23 09:05:48.039,1.68005,1.68045,1.90,1.40
2009.09.23 09:05:49.249,1.68005,1.6804,1.40,1.60
2009.09.23 09:05:49.419,1.68005,1.68045,1.00,2.20
2009.09.23 09:05:49.889,1.68005,1.68045,1.50,2.20
2009.09.23 09:05:50.059,1.68005,1.68045,1.90,1.40
2009.09.23 09:05:51.259,1.68005,1.68045,1.80,1.50
2009.09.23 09:05:51.599,1.68005,1.68045,1.00,1.50
2009.09.23 09:05:51.659,1.68,1.68045,3.50,2.30
2009.09.23 09:05:51.769,1.68,1.68045,1.90,2.30
2009.09.23 09:05:52.249,1.68,1.68035,1.00,3.40
2009.09.23 09:05:52.359,1.67995,1.68035,1.80,1.60
2009.09.23 09:05:52.598,1.6799,1.68035,1.90,3.40
2009.09.23 09:05:53.398,1.6799,1.68035,1.90,3.90
2009.09.23 09:05:55.038,1.67995,1.68035,1.00,3.80
2009.09.23 09:05:55.278,1.6799,1.6803,1.00,1.40
2009.09.23 09:05:55.558,1.67985,1.68025,1.50,1.60
2009.09.23 09:05:58.107,1.6799,1.68025,1.00,1.60
2009.09.23 09:05:58.727,1.67985,1.68025,1.50,1.60
2009.09.23 09:06:00.836,1.6799,1.6803,1.40,1.00
2009.09.23 09:06:01.186,1.6799,1.68035,2.20,3.90
2009.09.23 09:06:01.806,1.6799,1.68035,2.30,3.90
2009.09.23 09:06:02.326,1.6799,1.68035,2.70,3.90
2009.09.23 09:06:02.606,1.6799,1.68035,2.30,3.90
2009.09.23 09:06:04.896,1.6799,1.68035,2.30,5.90
2009.09.23 09:06:06.055,1.6799,1.68035,1.90,5.80
2009.09.23 09:06:06.985,1.6799,1.68035,1.90,5.90
2009.09.23 09:06:07.045,1.6799,1.68025,1.00,1.60
2009.09.23 09:06:07.225,1.67995,1.68025,1.00,1.60
2009.09.23 09:06:07.385,1.67995,1.6803,1.50,3.40
2009.09.23 09:06:07.565,1.67995,1.6804,2.30,5.90
2009.09.23 09:06:07.745,1.67995,1.6804,2.30,1.90
2009.09.23 09:06:08.775,1.67995,1.6803,2.20,1.00
2009.09.23 09:06:09.064,1.6798,1.68025,3.90,1.80
2009.09.23 09:06:09.474,1.6798,1.68025,2.30,4.00
2009.09.23 09:06:09.744,1.6798,1.68015,1.00,3.00
2009.09.23 09:06:09.795,1.67975,1.68015,2.20,3.00
2009.09.23 09:06:09.914,1.67975,1.68015,2.20,1.60
2009.09.23 09:06:10.075,1.67975,1.68015,2.20,3.00
2009.09.23 09:06:10.254,1.67975,1.68015,2.20,1.40
2009.09.23 09:06:10.904,1.67985,1.6802,1.40,1.00
2009.09.23 09:06:11.254,1.67975,1.68015,2.30,3.00
2009.09.23 09:06:11.594,1.6798,1.6802,1.40,1.80
2009.09.23 09:06:11.714,1.6798,1.6802,1.40,1.40
2009.09.23 09:06:11.774,1.6798,1.68025,1.40,1.80
2009.09.23 09:06:12.404,1.6798,1.68025,1.40,3.40
2009.09.23 09:06:12.574,1.6798,1.68025,1.40,1.80
2009.09.23 09:06:14.943,1.68,1.68025,1.00,1.40
2009.09.23 09:06:15.183,1.68005,1.6804,1.40,1.40
2009.09.23 09:06:15.753,1.68005,1.6805,1.40,4.80
2009.09.23 09:06:16.213,1.68005,1.6804,1.40,1.40
2009.09.23 09:06:16.903,1.68005,1.6804,1.50,1.40
2009.09.23 09:06:18.502,1.6799,1.6803,1.00,1.40
2009.09.23 09:06:18.792,1.6799,1.6803,2.00,1.40
2009.09.23 09:06:19.072,1.6799,1.6803,1.00,1.40
2009.09.23 09:06:19.372,1.67995,1.6804,1.80,3.40
2009.09.23 09:06:19.612,1.67985,1.6803,2.20,1.40
2009.09.23 09:06:19.852,1.67985,1.6803,1.40,1.40
2009.09.23 09:06:20.312,1.6799,1.6803,1.00,1.40
2009.09.23 09:06:20.542,1.67995,1.6804,2.20,5.40
2009.09.23 09:06:20.882,1.67995,1.6804,2.20,3.40
2009.09.23 09:06:21.272,1.6799,1.68035,3.90,1.80
2009.09.23 09:06:21.622,1.6799,1.68035,3.90,2.20
2009.09.23 09:06:21.792,1.68,1.68035,1.00,2.20
2009.09.23 09:06:22.031,1.67995,1.68035,1.00,2.20
2009.09.23 09:06:22.311,1.6799,1.68035,3.90,2.20
2009.09.23 09:06:22.491,1.6799,1.6803,3.10,1.00
2009.09.23 09:06:22.651,1.67995,1.6803,1.60,1.00
2009.09.23 09:06:22.941,1.6799,1.6803,1.00,1.80
2009.09.23 09:06:23.171,1.68,1.68035,1.00,3.80
2009.09.23 09:06:23.291,1.68,1.68035,1.00,2.20
2009.09.23 09:06:23.401,1.68,1.6804,1.00,1.80
2009.09.23 09:06:24.951,1.68005,1.6804,1.00,1.80
2009.09.23 09:06:27.260,1.68,1.6804,1.00,1.80
2009.09.23 09:06:27.610,1.68,1.6804,1.00,1.40
2009.09.23 09:06:29.470,1.68005,1.6804,1.00,1.40
2009.09.23 09:06:30.750,1.68005,1.68045,1.00,2.20
2009.09.23 09:06:31.439,1.68005,1.68045,1.00,4.20
2009.09.23 09:06:33.449,1.68,1.6804,1.00,1.40
2009.09.23 09:06:33.609,1.68,1.6804,1.00,1.40
2009.09.23 09:06:33.959,1.67995,1.68025,1.40,1.00
2009.09.23 09:06:34.309,1.6799,1.6803,2.00,1.40
2009.09.23 09:06:34.649,1.67995,1.68035,1.40,1.40
2009.09.23 09:06:34.998,1.68,1.68035,1.00,1.40
2009.09.23 09:06:35.398,1.68005,1.68035,1.00,1.40
2009.09.23 09:06:37.078,1.67995,1.68035,1.40,1.40
2009.09.23 09:06:37.128,1.6799,1.68025,1.00,1.40
2009.09.23 09:06:37.248,1.67985,1.68025,4.40,1.80
2009.09.23 09:06:37.308,1.67985,1.68025,2.80,1.80
2009.09.23 09:06:37.368,1.67985,1.68025,1.00,1.80
2009.09.23 09:06:37.418,1.67985,1.68025,1.00,1.80
2009.09.23 09:06:40.527,1.6798,1.68025,1.40,1.90
2009.09.23 09:06:40.697,1.67975,1.68015,2.40,1.40
2009.09.23 09:06:40.867,1.6798,1.68015,1.00,1.80
2009.09.23 09:06:41.037,1.6798,1.68025,1.50,1.80
2009.09.23 09:06:42.117,1.6798,1.6802,1.50,1.00
2009.09.23 09:06:42.227,1.67985,1.6802,1.00,1.80
2009.09.23 09:06:42.337,1.6798,1.6802,1.00,1.80
2009.09.23 09:06:42.457,1.67985,1.6802,1.00,1.40
2009.09.23 09:06:42.567,1.67985,1.6803,1.40,1.90
2009.09.23 09:06:42.687,1.67985,1.68025,1.50,1.60
2009.09.23 09:06:44.296,1.67975,1.68015,2.80,3.00
2009.09.23 09:06:44.396,1.67975,1.68015,2.00,3.80
2009.09.23 09:06:44.566,1.67975,1.68015,1.00,3.80
2009.09.23 09:06:44.806,1.6798,1.68015,1.00,3.80
2009.09.23 09:06:44.866,1.67975,1.68015,1.00,3.80
2009.09.23 09:06:45.096,1.67975,1.6801,1.00,1.40
2009.09.23 09:06:45.146,1.6797,1.6801,1.00,2.20
2009.09.23 09:06:45.256,1.67965,1.68005,1.00,2.20
2009.09.23 09:06:46.016,1.67965,1.68005,1.00,1.80
2009.09.23 09:06:46.355,1.6796,1.68005,2.30,1.80
2009.09.23 09:06:46.765,1.6796,1.68,1.00,1.40
2009.09.23 09:06:47.005,1.67965,1.68,1.60,1.00
2009.09.23 09:06:47.225,1.67965,1.68005,2.00,1.80
2009.09.23 09:06:47.455,1.6796,1.68005,4.30,1.80
2009.09.23 09:06:47.685,1.6796,1.68005,2.30,1.80
2009.09.23 09:06:48.715,1.67965,1.68005,1.00,1.80
2009.09.23 09:06:49.235,1.6796,1.68,1.00,1.40
2009.09.23 09:06:49.355,1.6796,1.68,1.00,2.20
2009.09.23 09:06:53.104,1.6796,1.67995,1.00,1.40
2009.09.23 09:06:53.284,1.6796,1.67995,1.00,2.20
2009.09.23 09:06:54.214,1.6795,1.67985,2.80,1.40
2009.09.23 09:06:54.434,1.6795,1.67985,1.00,2.20
2009.09.23 09:06:55.114,1.6795,1.6799,1.00,4.20
2009.09.23 09:06:55.404,1.67945,1.6798,1.00,1.00
2009.09.23 09:06:55.694,1.67945,1.67985,1.00,1.00
2009.09.23 09:06:56.223,1.67945,1.6799,1.00,4.20
2009.09.23 09:06:56.563,1.67945,1.67985,1.50,2.20
2009.09.23 09:06:57.603,1.6794,1.6798,1.00,1.00
2009.09.23 09:06:57.943,1.67945,1.67975,1.00,1.00
2009.09.23 09:06:58.293,1.6794,1.6798,1.00,2.20
2009.09.23 09:06:58.653,1.6794,1.67975,1.00,2.20
2009.09.23 09:06:58.942,1.6794,1.6798,1.00,2.20
2009.09.23 09:06:59.292,1.67935,1.67965,1.00,1.40
2009.09.23 09:06:59.522,1.6793,1.67975,3.10,2.20
2009.09.23 09:06:59.922,1.6793,1.67975,2.30,2.20
2009.09.23 09:07:00.722,1.6794,1.67975,1.00,2.20
2009.09.23 09:07:02.522,1.6794,1.6798,1.00,2.20
2009.09.23 09:07:02.802,1.6794,1.67975,1.00,2.20
2009.09.23 09:07:03.072,1.6794,1.6798,1.00,2.20
2009.09.23 09:07:03.352,1.6795,1.67985,1.00,1.00
2009.09.23 09:07:03.521,1.67955,1.67995,1.40,1.60
2009.09.23 09:07:03.701,1.67955,1.68,1.40,4.80
2009.09.23 09:07:04.051,1.6795,1.67995,1.40,1.40
2009.09.23 09:07:04.401,1.6795,1.67995,3.40,1.40
2009.09.23 09:07:04.731,1.6795,1.67995,1.50,1.40
2009.09.23 09:07:05.071,1.6795,1.67995,2.00,1.40
2009.09.23 09:07:05.471,1.6795,1.67995,1.00,1.40
2009.09.23 09:07:05.821,1.6795,1.68005,1.50,3.40
2009.09.23 09:07:05.931,1.6795,1.68005,1.50,1.40
2009.09.23 09:07:06.341,1.6795,1.68005,1.50,3.40
2009.09.23 09:07:06.521,1.6795,1.68005,1.50,1.40
2009.09.23 09:07:06.761,1.67955,1.68005,1.00,1.50
2009.09.23 09:07:07.221,1.67955,1.68005,1.00,1.40
2009.09.23 09:07:07.281,1.67965,1.68005,1.00,1.40
2009.09.23 09:07:07.391,1.67965,1.6801,1.00,1.00
2009.09.23 09:07:07.510,1.67965,1.6801,1.00,1.00
2009.09.23 09:07:08.720,1.67965,1.6801,3.90,1.80
2009.09.23 09:07:09.070,1.67965,1.68005,1.40,1.00
2009.09.23 09:07:09.820,1.6796,1.68005,2.30,1.80
2009.09.23 09:07:10.390,1.6796,1.67995,1.40,1.00
2009.09.23 09:07:10.730,1.67955,1.67995,1.00,1.80
2009.09.23 09:07:11.330,1.6795,1.6799,1.50,2.20
2009.09.23 09:07:11.450,1.6795,1.6799,1.50,1.00
2009.09.23 09:07:11.569,1.6795,1.67995,1.90,1.20
2009.09.23 09:07:11.679,1.6795,1.67995,3.30,1.20
2009.09.23 09:07:11.849,1.6795,1.67995,3.30,1.00
2009.09.23 09:07:11.969,1.67955,1.67995,4.40,1.00
2009.09.23 09:07:12.079,1.67975,1.68,1.60,1.00
2009.09.23 09:07:12.199,1.67975,1.68005,1.60,1.60
2009.09.23 09:07:12.539,1.6797,1.68005,1.40,1.40
2009.09.23 09:07:12.830,1.67965,1.68005,1.40,1.40
2009.09.23 09:07:13.129,1.67955,1.67995,1.60,2.20
2009.09.23 09:07:13.409,1.6795,1.6799,1.50,1.40
2009.09.23 09:07:13.749,1.67945,1.6799,2.30,1.40
2009.09.23 09:07:14.109,1.6795,1.6799,1.50,1.40
2009.09.23 09:07:14.389,1.6795,1.6799,1.00,1.40
2009.09.23 09:07:14.629,1.67945,1.67985,1.00,1.40
2009.09.23 09:07:14.859,1.67945,1.67995,3.50,1.40
2009.09.23 09:07:15.089,1.67945,1.67995,1.50,1.40
2009.09.23 09:07:15.309,1.67945,1.67995,3.50,1.40
2009.09.23 09:07:15.539,1.67945,1.6798,1.00,1.40
2009.09.23 09:07:15.898,1.6794,1.6799,1.50,1.00
2009.09.23 09:07:16.458,1.67935,1.6797,2.00,1.40
2009.09.23 09:07:16.918,1.67935,1.6798,2.00,1.40
2009.09.23 09:07:17.098,1.6793,1.6798,3.50,1.40
2009.09.23 09:07:17.258,1.6793,1.6798,4.30,1.40
2009.09.23 09:07:17.378,1.6793,1.67975,2.80,1.80
2009.09.23 09:07:17.608,1.6793,1.67975,1.00,1.80
2009.09.23 09:07:17.959,1.6793,1.67975,1.00,1.40
2009.09.23 09:07:18.258,1.6793,1.67975,1.00,1.80
2009.09.23 09:07:18.608,1.6793,1.67975,1.00,1.40
2009.09.23 09:07:18.908,1.6793,1.67975,1.00,2.20
2009.09.23 09:07:19.928,1.67935,1.6797,1.00,1.00
2009.09.23 09:07:20.148,1.67935,1.67975,1.00,2.20
2009.09.23 09:07:20.607,1.67935,1.6797,1.00,1.00
2009.09.23 09:07:25.566,1.67935,1.67975,1.00,2.20
2009.09.23 09:07:25.796,1.67935,1.6798,1.00,2.20
2009.09.23 09:07:26.076,1.6794,1.67985,1.00,4.30
2009.09.23 09:07:26.366,1.6794,1.67985,1.60,2.30
2009.09.23 09:07:26.816,1.6794,1.67975,1.60,1.40
2009.09.23 09:07:26.876,1.6794,1.67975,1.60,1.40
2009.09.23 09:07:26.996,1.67935,1.6797,1.00,1.80
2009.09.23 09:07:27.456,1.6794,1.67975,1.00,2.20
2009.09.23 09:07:27.626,1.67935,1.67975,1.00,2.20
2009.09.23 09:07:30.605,1.6793,1.6797,1.00,2.20
2009.09.23 09:07:32.385,1.6792,1.67965,3.10,1.00
2009.09.23 09:07:32.565,1.6792,1.6797,3.90,2.20
2009.09.23 09:07:32.724,1.6792,1.6797,5.90,2.20
2009.09.23 09:07:33.074,1.6792,1.6797,3.90,2.20
2009.09.23 09:07:34.004,1.6793,1.6797,1.00,2.20
2009.09.23 09:07:34.274,1.67925,1.6797,1.00,2.30
2009.09.23 09:07:34.504,1.67925,1.67965,1.00,1.40
2009.09.23 09:07:34.744,1.6792,1.6796,1.00,2.20
2009.09.23 09:07:36.553,1.67925,1.6796,1.00,2.20
2009.09.23 09:07:36.733,1.67925,1.67965,1.00,2.20
2009.09.23 09:07:37.383,1.67915,1.67955,1.60,1.40
2009.09.23 09:07:37.504,1.67915,1.67955,1.00,2.20
2009.09.23 09:07:37.673,1.6791,1.67955,1.60,2.20
2009.09.23 09:07:37.893,1.67915,1.67955,5.20,1.00
2009.09.23 09:07:38.243,1.6792,1.6796,3.40,2.20
2009.09.23 09:07:38.623,1.6792,1.6797,1.50,3.40
2009.09.23 09:07:38.923,1.67925,1.6797,1.00,1.40
2009.09.23 09:07:39.203,1.67915,1.67965,4.70,1.40
2009.09.23 09:07:39.433,1.6792,1.6797,1.50,1.40
2009.09.23 09:07:39.943,1.6792,1.67965,1.90,1.40
2009.09.23 09:07:40.303,1.6792,1.67975,2.00,2.20
2009.09.23 09:07:40.642,1.6792,1.67975,1.00,2.20
2009.09.23 09:07:40.992,1.6792,1.67975,2.00,2.20
2009.09.23 09:07:41.332,1.67925,1.67975,1.00,2.20
2009.09.23 09:07:41.672,1.67915,1.67965,7.80,1.00
2009.09.23 09:07:41.952,1.67915,1.67965,7.80,2.20
2009.09.23 09:07:42.582,1.67915,1.67965,4.30,2.20
2009.09.23 09:07:42.882,1.6792,1.67965,1.00,2.20
2009.09.23 09:07:43.442,1.67925,1.67965,3.10,1.00
2009.09.23 09:07:43.682,1.6793,1.6797,1.00,1.40
2009.09.23 09:07:43.892,1.67925,1.67965,1.00,1.40
2009.09.23 09:07:44.122,1.67925,1.67965,1.00,2.20
2009.09.23 09:07:45.381,1.6793,1.67975,1.00,2.30
2009.09.23 09:07:45.671,1.67935,1.6798,1.00,1.00
2009.09.23 09:07:45.961,1.6794,1.67985,1.60,1.40
2009.09.23 09:07:46.241,1.6794,1.67985,2.40,2.20
2009.09.23 09:07:46.521,1.67955,1.67985,1.60,1.00
2009.09.23 09:07:46.801,1.67955,1.6799,2.40,2.00
2009.09.23 09:07:46.981,1.67955,1.67995,3.00,1.00
2009.09.23 09:07:47.211,1.67955,1.68005,3.80,5.00
2009.09.23 09:07:47.431,1.67955,1.68,2.40,1.40
2009.09.23 09:07:47.781,1.6795,1.67995,4.40,1.40
2009.09.23 09:07:48.141,1.67945,1.68005,1.40,8.20
2009.09.23 09:07:48.491,1.67935,1.67995,6.20,1.40
2009.09.23 09:07:48.830,1.67955,1.68,1.60,3.00
2009.09.23 09:07:49.170,1.67945,1.67985,2.00,1.40
2009.09.23 09:07:49.510,1.6794,1.67985,2.00,1.40
2009.09.23 09:07:49.790,1.67935,1.67985,1.40,1.40
2009.09.23 09:07:50.600,1.67935,1.67985,1.40,3.40
2009.09.23 09:07:50.840,1.67935,1.67985,1.40,3.50
2009.09.23 09:07:51.530,1.6794,1.6799,2.20,1.90
2009.09.23 09:07:51.760,1.6794,1.6799,2.20,3.90
2009.09.23 09:07:51.820,1.6794,1.6799,2.20,1.90
2009.09.23 09:07:52.100,1.6794,1.6799,2.30,1.80
2009.09.23 09:07:53.409,1.6794,1.6799,2.30,1.90
2009.09.23 09:07:53.689,1.67945,1.6799,1.60,4.30
2009.09.23 09:07:53.929,1.67945,1.6799,1.60,2.30
2009.09.23 09:07:54.619,1.67945,1.6799,1.60,2.20
2009.09.23 09:07:54.959,1.67945,1.67985,1.60,1.00
2009.09.23 09:07:56.559,1.67945,1.6798,1.60,1.00
2009.09.23 09:07:56.679,1.67935,1.6798,3.90,1.00
2009.09.23 09:07:59.478,1.67935,1.67985,3.90,2.30
2009.09.23 09:07:59.638,1.67935,1.67975,1.60,1.80
2009.09.23 09:07:59.938,1.67935,1.67975,3.10,1.00
2009.09.23 09:08:00.058,1.6794,1.67985,1.00,6.20
2009.09.23 09:08:00.398,1.67945,1.67985,1.00,2.00
2009.09.23 09:08:00.798,1.6794,1.67985,1.00,1.40
2009.09.23 09:08:01.137,1.6794,1.67985,1.00,2.20
2009.09.23 09:08:01.828,1.67945,1.6799,1.00,2.80
2009.09.23 09:08:02.517,1.67945,1.6799,1.00,2.30
2009.09.23 09:08:06.267,1.6795,1.68005,1.00,4.30
2009.09.23 09:08:06.616,1.6795,1.68005,1.00,4.30
2009.09.23 09:08:06.856,1.67955,1.68005,1.00,2.00
2009.09.23 09:08:07.096,1.67955,1.6801,1.00,3.40
2009.09.23 09:08:07.336,1.67955,1.6801,1.90,2.00
2009.09.23 09:08:07.516,1.67955,1.6801,1.00,3.50
2009.09.23 09:08:09.396,1.67955,1.67995,1.00,2.00
2009.09.23 09:08:09.686,1.67955,1.68005,1.00,3.40
2009.09.23 09:08:10.905,1.67955,1.68,1.00,2.20
2009.09.23 09:08:11.025,1.67955,1.68,1.00,4.20
2009.09.23 09:08:12.235,1.67955,1.68,1.00,4.30
2009.09.23 09:08:12.345,1.67945,1.6799,1.00,2.00
2009.09.23 09:08:12.515,1.67945,1.6799,1.90,2.00
2009.09.23 09:08:12.685,1.67945,1.6799,1.00,3.40
2009.09.23 09:08:12.805,1.6795,1.67985,1.00,1.00
2009.09.23 09:08:13.275,1.6795,1.6799,1.00,1.80
2009.09.23 09:08:13.385,1.6795,1.6799,1.00,3.80
2009.09.23 09:08:13.735,1.6795,1.67995,1.00,1.80
2009.09.23 09:08:14.074,1.67945,1.67995,2.30,1.90
2009.09.23 09:08:14.424,1.6795,1.67995,1.00,3.90
2009.09.23 09:08:14.594,1.6795,1.67985,1.00,2.00
2009.09.23 09:08:14.764,1.6795,1.67995,1.00,1.90
2009.09.23 09:08:15.044,1.6796,1.67995,2.40,1.40
2009.09.23 09:08:15.104,1.6796,1.67995,3.90,2.00
2009.09.23 09:08:15.164,1.6796,1.68005,3.90,1.00
2009.09.23 09:08:15.284,1.67965,1.6801,1.00,2.20
2009.09.23 09:08:15.344,1.67965,1.6801,2.20,1.00
2009.09.23 09:08:16.464,1.6797,1.6801,1.00,1.00
2009.09.23 09:08:17.214,1.67975,1.6801,1.00,1.00
2009.09.23 09:08:17.334,1.6798,1.6801,1.60,1.00
2009.09.23 09:08:17.384,1.6798,1.6801,2.40,1.00
2009.09.23 09:08:17.674,1.67975,1.6802,2.00,1.40
2009.09.23 09:08:18.303,1.67975,1.68025,3.40,1.80
2009.09.23 09:08:18.473,1.6798,1.68025,2.00,1.40
2009.09.23 09:08:18.813,1.6798,1.6803,2.00,1.50
2009.09.23 09:08:19.223,1.67975,1.68025,3.50,1.40
2009.09.23 09:08:20.543,1.6798,1.68025,1.00,1.40
2009.09.23 09:08:21.413,1.67975,1.68025,2.40,1.50
2009.09.23 09:08:21.693,1.67975,1.68025,2.40,1.90
2009.09.23 09:08:24.083,1.6798,1.68015,1.00,3.40
2009.09.23 09:08:24.432,1.6798,1.68015,1.00,3.80
2009.09.23 09:08:26.031,1.6798,1.68015,1.00,3.80
2009.09.23 09:08:26.142,1.6798,1.68015,2.30,1.60
2009.09.23 09:08:26.262,1.6798,1.6802,2.30,1.40
2009.09.23 09:08:26.321,1.6798,1.68025,2.30,4.60
2009.09.23 09:08:27.541,1.6798,1.6802,1.00,1.50
2009.09.23 09:08:27.771,1.6798,1.68015,1.00,1.40
2009.09.23 09:08:28.461,1.67975,1.68015,1.60,3.40
2009.09.23 09:08:28.641,1.67975,1.68015,1.00,1.80
2009.09.23 09:08:28.811,1.67975,1.68015,1.00,1.90
2009.09.23 09:08:29.441,1.6797,1.68015,3.50,1.90
2009.09.23 09:08:29.611,1.6797,1.68015,1.90,1.90
2009.09.23 09:08:29.841,1.67975,1.68015,1.00,1.80
2009.09.23 09:08:30.070,1.67975,1.68015,1.00,2.20
2009.09.23 09:08:30.420,1.6797,1.68005,1.00,1.40
2009.09.23 09:08:30.760,1.6797,1.68015,3.40,1.90
2009.09.23 09:08:31.090,1.67965,1.6801,4.70,3.60
2009.09.23 09:08:31.370,1.6797,1.6801,1.00,2.20
2009.09.23 09:08:31.720,1.6797,1.68005,1.00,1.40
2009.09.23 09:08:32.010,1.67965,1.68005,1.00,1.40
2009.09.23 09:08:36.269,1.6798,1.6802,1.60,2.70
2009.09.23 09:08:40.538,1.6798,1.6802,1.60,2.60
2009.09.23 09:08:40.658,1.6798,1.68025,3.40,2.70
2009.09.23 09:08:40.998,1.6798,1.68025,3.50,2.70
2009.09.23 09:08:41.988,1.6798,1.68025,1.90,4.30
2009.09.23 09:08:43.187,1.6798,1.68025,1.90,4.20
2009.09.23 09:08:43.417,1.6798,1.68025,1.90,6.30
2009.09.23 09:08:43.637,1.6798,1.68025,1.90,4.30
2009.09.23 09:08:50.256,1.6798,1.68025,1.90,6.30
2009.09.23 09:08:54.405,1.67975,1.6802,1.90,1.40
2009.09.23 09:08:55.644,1.67975,1.6802,1.90,1.50
2009.09.23 09:08:56.234,1.67975,1.6802,1.90,1.40
2009.09.23 09:08:57.064,1.6798,1.68025,1.80,4.30
2009.09.23 09:08:57.244,1.6798,1.68025,1.80,2.30
2009.09.23 09:08:57.834,1.6798,1.68025,1.90,2.30
2009.09.23 09:08:58.234,1.67985,1.68025,1.40,1.00
2009.09.23 09:08:58.644,1.68,1.68035,2.00,2.00
2009.09.23 09:08:58.994,1.67985,1.68035,1.90,1.00
2009.09.23 09:08:59.344,1.67985,1.68035,1.90,2.40
2009.09.23 09:08:59.523,1.67985,1.6804,1.50,3.60
2009.09.23 09:08:59.684,1.67995,1.6804,1.50,2.20
2009.09.23 09:08:59.864,1.67995,1.6804,1.90,2.20
2009.09.23 09:09:00.253,1.67995,1.6804,1.90,2.30
2009.09.23 09:09:00.613,1.67995,1.68035,1.90,1.40
2009.09.23 09:09:00.993,1.67995,1.6804,1.90,2.30
2009.09.23 09:09:03.123,1.67995,1.6804,2.30,1.50
2009.09.23 09:09:03.302,1.67995,1.6804,1.90,1.90
2009.09.23 09:09:04.332,1.67995,1.6804,2.30,1.50
2009.09.23 09:09:05.472,1.67995,1.6804,2.30,1.40
2009.09.23 09:09:05.592,1.68,1.68045,1.40,1.90
2009.09.23 09:09:06.002,1.68005,1.6805,1.80,4.30
2009.09.23 09:09:06.182,1.68005,1.6805,1.80,2.30
2009.09.23 09:09:06.232,1.68005,1.6805,1.80,4.30
2009.09.23 09:09:07.841,1.68005,1.6805,1.90,4.30
2009.09.23 09:09:08.251,1.6801,1.6805,1.00,3.40
2009.09.23 09:09:08.542,1.6801,1.6805,2.20,2.00
2009.09.23 09:09:08.831,1.6799,1.68035,1.40,1.40
2009.09.23 09:09:09.171,1.67995,1.68035,2.00,1.40
2009.09.23 09:09:09.451,1.67995,1.6804,1.80,2.80
2009.09.23 09:09:09.671,1.68,1.6804,1.00,2.00
2009.09.23 09:09:09.901,1.68,1.6804,1.00,3.60
2009.09.23 09:09:10.081,1.67995,1.6804,1.20,2.40
2009.09.23 09:09:10.311,1.67995,1.6804,1.20,1.00
2009.09.23 09:09:10.661,1.68,1.68045,1.00,1.00
2009.09.23 09:09:11.011,1.68,1.68045,1.00,1.00
2009.09.23 09:09:11.311,1.68,1.68045,1.00,1.00
2009.09.23 09:09:15.710,1.67995,1.6804,2.30,1.40
2009.09.23 09:09:16.010,1.67995,1.6804,2.20,1.40
2009.09.23 09:09:16.230,1.68,1.68045,2.20,1.00
2009.09.23 09:09:16.339,1.68,1.68045,4.20,1.00
2009.09.23 09:09:16.460,1.68,1.68045,2.20,1.00
2009.09.23 09:09:17.769,1.68,1.68045,2.30,1.00
2009.09.23 09:09:19.379,1.68,1.68045,2.20,1.00
2009.09.23 09:09:20.598,1.68,1.68045,1.90,1.00
2009.09.23 09:09:21.248,1.68,1.68045,1.80,1.00
2009.09.23 09:09:21.418,1.68,1.68045,2.20,1.00
2009.09.23 09:09:21.638,1.68,1.68045,1.00,1.00
2009.09.23 09:09:22.748,1.68,1.68045,1.00,1.00
2009.09.23 09:09:23.168,1.68,1.6804,1.00,1.00
2009.09.23 09:09:23.628,1.67995,1.6804,2.30,1.00
2009.09.23 09:09:23.968,1.67995,1.68045,2.30,1.90
2009.09.23 09:09:24.267,1.68,1.68045,1.20,3.90
2009.09.23 09:09:24.387,1.68,1.6804,1.00,1.00
2009.09.23 09:09:25.967,1.67995,1.6804,1.00,1.00
2009.09.23 09:09:27.657,1.67995,1.6804,1.00,1.20
2009.09.23 09:09:30.286,1.6799,1.68035,5.10,1.80
2009.09.23 09:09:30.616,1.6799,1.6803,1.00,1.40
2009.09.23 09:09:30.956,1.6799,1.6803,1.00,1.40
2009.09.23 09:09:31.296,1.6799,1.6803,1.00,1.40
2009.09.23 09:09:32.535,1.6799,1.6803,1.00,2.20
2009.09.23 09:09:33.115,1.6799,1.6803,1.00,2.20
2009.09.23 09:09:33.345,1.6799,1.6803,1.00,2.20
2009.09.23 09:09:34.115,1.6799,1.6803,1.00,2.20
2009.09.23 09:09:34.405,1.6799,1.6803,1.00,2.20
2009.09.23 09:09:35.725,1.67995,1.68035,1.50,3.20
2009.09.23 09:09:35.835,1.68,1.68035,1.40,2.80
2009.09.23 09:09:35.995,1.68,1.68035,1.80,2.00
2009.09.23 09:09:38.434,1.6801,1.68055,2.20,4.30
2009.09.23 09:09:38.894,1.6801,1.68055,2.30,4.30
2009.09.23 09:09:45.942,1.6801,1.68055,2.20,3.50
2009.09.23 09:09:46.522,1.6801,1.6805,2.20,2.00
2009.09.23 09:09:47.892,1.6801,1.6805,2.20,2.00
2009.09.23 09:09:51.751,1.68,1.68045,2.00,1.00
2009.09.23 09:09:52.131,1.68,1.68035,1.00,1.00
2009.09.23 09:09:52.421,1.68,1.6804,1.40,1.20
2009.09.23 09:09:52.761,1.68,1.68045,1.90,1.00
2009.09.23 09:09:53.100,1.68,1.68045,1.90,1.00
2009.09.23 09:09:54.920,1.6801,1.6805,1.00,2.40
2009.09.23 09:09:55.140,1.68005,1.6805,5.50,3.10
2009.09.23 09:09:55.320,1.6801,1.6805,2.80,2.00
2009.09.23 09:09:55.540,1.6801,1.6805,4.40,1.00
2009.09.23 09:09:55.720,1.6801,1.6805,4.80,2.00
2009.09.23 09:09:55.940,1.6801,1.6804,1.60,1.80
2009.09.23 09:09:56.170,1.68,1.68035,1.50,1.60
2009.09.23 09:09:56.400,1.68005,1.68045,2.20,1.60
2009.09.23 09:09:56.630,1.6801,1.6804,1.40,1.00
2009.09.23 09:09:56.860,1.68,1.6804,1.40,1.50
2009.09.23 09:09:57.509,1.68,1.6804,1.40,1.00
2009.09.23 09:09:59.699,1.6801,1.68045,1.00,1.40
2009.09.23 09:09:59.879,1.6801,1.6805,3.80,1.00
2009.09.23 09:09:59.989,1.6801,1.6805,3.40,1.00
2009.09.23 09:10:00.169,1.6801,1.6805,4.80,1.00
2009.09.23 09:10:00.339,1.6801,1.6805,5.20,1.00
2009.09.23 09:10:00.919,1.6802,1.68055,1.60,1.00
2009.09.23 09:10:01.279,1.6802,1.6805,3.00,1.00
2009.09.23 09:10:01.398,1.6802,1.6806,2.80,1.20
2009.09.23 09:10:01.508,1.6803,1.6806,1.60,1.00
2009.09.23 09:10:01.609,1.6803,1.6806,1.60,1.00
2009.09.23 09:10:01.949,1.6802,1.6806,1.80,1.00
2009.09.23 09:10:02.069,1.68015,1.68055,3.80,1.00
2009.09.23 09:10:02.638,1.68015,1.68055,1.60,1.80
2009.09.23 09:10:02.968,1.68015,1.6806,1.40,5.50
2009.09.23 09:10:03.708,1.68015,1.68055,3.00,2.00
2009.09.23 09:10:04.048,1.68015,1.68045,1.00,1.60
2009.09.23 09:10:04.398,1.6802,1.6806,1.50,1.60
2009.09.23 09:10:04.748,1.6803,1.68065,3.80,1.00
2009.09.23 09:10:05.098,1.6803,1.68065,1.80,1.00
2009.09.23 09:10:05.778,1.6803,1.68075,2.20,2.60
2009.09.23 09:10:06.358,1.68035,1.6808,1.80,1.80
2009.09.23 09:10:06.698,1.6804,1.6808,1.60,1.90
2009.09.23 09:10:07.407,1.6804,1.68075,1.60,1.00
2009.09.23 09:10:07.577,1.68035,1.6808,3.50,2.20
2009.09.23 09:10:07.757,1.6804,1.6808,1.60,2.20
2009.09.23 09:10:08.407,1.68045,1.6808,1.40,1.00
2009.09.23 09:10:08.707,1.68055,1.6809,1.60,1.90
2009.09.23 09:10:08.987,1.68055,1.68095,2.40,1.50
2009.09.23 09:10:09.387,1.6805,1.68095,5.40,1.00
2009.09.23 09:10:11.007,1.6805,1.6808,3.50,2.00
2009.09.23 09:10:11.696,1.68045,1.6808,1.00,2.00
2009.09.23 09:10:12.046,1.6804,1.68085,1.00,1.00
2009.09.23 09:10:12.156,1.6804,1.68085,1.00,1.00
2009.09.23 09:10:12.276,1.68045,1.68085,1.60,2.80
2009.09.23 09:10:12.386,1.6805,1.68085,1.40,2.00
2009.09.23 09:10:12.496,1.6805,1.68085,1.40,2.20
2009.09.23 09:10:13.016,1.6805,1.6809,2.80,2.80
2009.09.23 09:10:13.236,1.68055,1.6809,1.60,2.00
2009.09.23 09:10:13.456,1.68055,1.68095,2.40,1.50
2009.09.23 09:10:13.686,1.6805,1.68095,2.20,2.30
2009.09.23 09:10:13.916,1.68045,1.6809,3.90,1.90
2009.09.23 09:10:14.196,1.6805,1.6809,1.00,1.50
2009.09.23 09:10:14.536,1.68045,1.6809,3.90,1.80
2009.09.23 09:10:14.876,1.68045,1.6809,3.80,1.90
2009.09.23 09:10:15.215,1.68045,1.68085,1.60,1.80
2009.09.23 09:10:15.565,1.68045,1.6809,3.90,3.90
2009.09.23 09:10:15.895,1.68045,1.6809,4.70,3.90
2009.09.23 09:10:16.235,1.68045,1.6808,3.20,1.50
2009.09.23 09:10:16.475,1.68035,1.68075,3.80,1.00
2009.09.23 09:10:16.715,1.68035,1.6807,1.60,1.40
2009.09.23 09:10:16.995,1.68035,1.68075,1.00,1.00
2009.09.23 09:10:17.215,1.68035,1.68065,1.00,1.00
2009.09.23 09:10:17.555,1.6803,1.6807,1.00,1.40
2009.09.23 09:10:17.955,1.6803,1.68075,3.40,2.20
2009.09.23 09:10:18.645,1.6803,1.6807,1.00,2.20
2009.09.23 09:10:18.934,1.6803,1.6807,1.90,1.00
2009.09.23 09:10:19.224,1.6803,1.68075,1.90,1.40
2009.09.23 09:10:19.565,1.6803,1.68075,2.40,1.40
2009.09.23 09:10:20.554,1.6803,1.68075,1.00,1.40
2009.09.23 09:10:20.904,1.6803,1.68075,1.00,1.40
2009.09.23 09:10:21.184,1.6803,1.68075,1.00,2.30
2009.09.23 09:10:21.464,1.6803,1.68075,2.40,2.30
2009.09.23 09:10:22.014,1.6803,1.68075,1.00,2.30
2009.09.23 09:10:22.234,1.68035,1.68075,1.50,1.00
2009.09.23 09:10:22.514,1.68035,1.68065,2.00,1.40
2009.09.23 09:10:22.744,1.68025,1.68065,1.00,1.40
2009.09.23 09:10:22.963,1.68025,1.68065,2.00,1.40
2009.09.23 09:10:23.244,1.68025,1.6807,1.40,1.80
2009.09.23 09:10:23.593,1.68025,1.6807,1.80,1.40
2009.09.23 09:10:23.933,1.6802,1.6806,2.00,2.20
2009.09.23 09:10:24.283,1.6802,1.6806,2.40,1.00
2009.09.23 09:10:24.573,1.6802,1.6806,1.00,1.00
2009.09.23 09:10:25.143,1.68015,1.6806,1.40,3.80
2009.09.23 09:10:25.423,1.6801,1.68055,6.80,1.40
2009.09.23 09:10:26.003,1.6801,1.68055,6.60,1.40
2009.09.23 09:10:26.343,1.68005,1.6805,3.20,2.20
2009.09.23 09:10:26.692,1.68005,1.6805,1.20,2.20
2009.09.23 09:10:27.162,1.6801,1.6805,1.00,2.20
2009.09.23 09:10:27.343,1.68015,1.68055,2.20,3.60
2009.09.23 09:10:27.513,1.68015,1.68055,2.30,2.00
2009.09.23 09:10:27.862,1.6802,1.6806,1.40,2.00
2009.09.23 09:10:28.042,1.6802,1.6806,1.00,2.20
2009.09.23 09:10:28.392,1.68025,1.68065,2.20,2.00
2009.09.23 09:10:28.742,1.6803,1.6807,3.40,2.00
2009.09.23 09:10:29.092,1.6804,1.68075,1.40,3.60
2009.09.23 09:10:29.482,1.68035,1.68075,1.00,4.40
2009.09.23 09:10:29.772,1.6802,1.68065,2.00,5.80
2009.09.23 09:10:30.012,1.6802,1.6806,1.40,1.40
2009.09.23 09:10:30.292,1.68025,1.68065,1.00,1.40
2009.09.23 09:10:30.532,1.68015,1.6806,1.00,1.40
2009.09.23 09:10:30.881,1.6801,1.6806,1.90,1.40
2009.09.23 09:10:31.571,1.6801,1.6806,1.90,3.40
2009.09.23 09:10:32.541,1.68015,1.6806,1.40,3.40
2009.09.23 09:10:32.661,1.68015,1.6806,1.40,2.00
2009.09.23 09:10:33.311,1.68015,1.6806,2.20,3.40
2009.09.23 09:10:33.431,1.68005,1.6806,2.70,1.40
2009.09.23 09:10:33.591,1.68005,1.6806,2.70,3.40
2009.09.23 09:10:33.711,1.68005,1.6806,1.90,3.40
2009.09.23 09:10:34.381,1.68005,1.6806,1.90,2.00
2009.09.23 09:10:34.731,1.68005,1.68055,1.90,2.00
2009.09.23 09:10:35.080,1.6801,1.6806,1.00,4.20
2009.09.23 09:10:36.460,1.68015,1.68055,1.40,2.20
2009.09.23 09:10:36.810,1.6802,1.6806,1.00,2.00
2009.09.23 09:10:37.200,1.6802,1.68065,1.00,2.80
2009.09.23 09:10:37.370,1.68025,1.68065,1.00,2.80
2009.09.23 09:10:37.540,1.6802,1.68065,1.20,4.20
2009.09.23 09:10:37.960,1.6802,1.6806,1.20,3.00
2009.09.23 09:10:38.190,1.68015,1.6806,1.00,3.40
2009.09.23 09:10:38.420,1.68025,1.6806,1.00,2.00
2009.09.23 09:10:38.650,1.68025,1.6807,1.00,3.50
2009.09.23 09:10:39.341,1.6802,1.68055,1.00,1.60
2009.09.23 09:10:39.690,1.68015,1.68055,2.30,1.60
2009.09.23 09:10:40.080,1.6803,1.6807,1.40,1.00
2009.09.23 09:10:40.350,1.6803,1.68075,3.60,1.00
2009.09.23 09:10:40.529,1.68035,1.6808,1.00,1.00
2009.09.23 09:10:40.809,1.68035,1.6808,1.00,2.80
2009.09.23 09:10:41.049,1.68035,1.68075,1.00,2.00
2009.09.23 09:10:41.279,1.68035,1.6808,1.00,1.00
2009.09.23 09:10:41.619,1.6804,1.6808,1.00,2.00
2009.09.23 09:10:41.959,1.6804,1.68085,1.00,2.80
2009.09.23 09:10:42.349,1.68035,1.68085,2.70,2.00
2009.09.23 09:10:42.579,1.6803,1.68075,3.20,1.40
2009.09.23 09:10:42.799,1.68025,1.6808,1.00,2.40
2009.09.23 09:10:43.039,1.68035,1.68085,1.00,1.00
2009.09.23 09:10:43.269,1.68035,1.68075,1.00,1.00
2009.09.23 09:10:43.658,1.6802,1.6807,1.00,1.40
2009.09.23 09:10:43.999,1.6803,1.68075,1.00,2.30
2009.09.23 09:10:44.358,1.6803,1.68075,1.00,2.20
2009.09.23 09:10:44.708,1.6803,1.6807,1.00,1.50
2009.09.23 09:10:45.068,1.6802,1.6807,1.80,1.50
2009.09.23 09:10:46.398,1.6802,1.6807,1.90,1.50
2009.09.23 09:10:48.477,1.68035,1.6808,1.00,3.60
2009.09.23 09:10:48.767,1.68035,1.6808,1.00,5.10
2009.09.23 09:10:49.107,1.6802,1.68065,1.20,2.20
2009.09.23 09:10:49.457,1.6803,1.68075,1.00,2.30
2009.09.23 09:10:49.807,1.6802,1.6807,3.50,3.50
2009.09.23 09:10:49.927,1.6802,1.6807,1.90,5.50
2009.09.23 09:10:50.047,1.6802,1.68065,1.90,2.00
2009.09.23 09:10:51.557,1.6802,1.68065,1.00,2.00
2009.09.23 09:10:51.907,1.6802,1.68065,1.00,1.00
2009.09.23 09:10:52.186,1.6802,1.68065,1.90,1.00
2009.09.23 09:10:53.746,1.68025,1.68065,1.00,1.00
2009.09.23 09:10:53.926,1.6803,1.6807,1.00,3.40
2009.09.23 09:10:54.266,1.6803,1.68075,1.00,1.00
2009.09.23 09:10:54.616,1.68035,1.6808,1.00,2.30
2009.09.23 09:10:54.966,1.68035,1.68075,1.00,2.00
2009.09.23 09:10:55.775,1.68035,1.68075,1.00,2.00
2009.09.23 09:11:00.184,1.68035,1.6808,1.00,1.00
2009.09.23 09:11:00.404,1.68035,1.68075,1.00,1.00
2009.09.23 09:11:01.035,1.68035,1.6808,2.40,1.00
2009.09.23 09:11:01.274,1.68035,1.6808,1.00,1.00
2009.09.23 09:11:02.004,1.6804,1.68075,1.00,1.40
2009.09.23 09:11:02.184,1.6803,1.68075,3.50,1.40
2009.09.23 09:11:03.903,1.6803,1.68075,3.50,1.50
2009.09.23 09:11:06.363,1.6803,1.68075,3.50,3.50
2009.09.23 09:11:08.103,1.68025,1.6807,1.20,3.70
2009.09.23 09:11:08.162,1.68025,1.6807,1.00,3.70
2009.09.23 09:11:08.273,1.68025,1.6807,1.00,2.30
2009.09.23 09:11:08.332,1.6803,1.6807,1.00,2.20
2009.09.23 09:11:08.453,1.6803,1.6807,1.00,1.00
2009.09.23 09:11:08.562,1.6803,1.6807,1.00,2.00
2009.09.23 09:11:08.622,1.68025,1.6807,1.00,3.50
2009.09.23 09:11:08.793,1.68025,1.6807,1.00,4.30
2009.09.23 09:11:09.592,1.68035,1.6808,1.00,4.30
2009.09.23 09:11:09.942,1.6803,1.6807,1.00,2.00
2009.09.23 09:11:11.372,1.6804,1.68085,1.00,1.00
2009.09.23 09:11:11.712,1.6803,1.68075,2.00,1.00
2009.09.23 09:11:12.052,1.68035,1.6808,2.20,1.00
2009.09.23 09:11:12.332,1.6804,1.6808,2.20,2.00
2009.09.23 09:11:12.571,1.68035,1.6808,2.30,1.00
2009.09.23 09:11:12.852,1.68035,1.6808,2.30,2.40
2009.09.23 09:11:13.981,1.68035,1.6808,2.30,2.40
2009.09.23 09:11:14.321,1.6804,1.68075,1.00,2.00
2009.09.23 09:11:14.501,1.6804,1.6808,1.00,2.00
2009.09.23 09:11:14.681,1.68045,1.6808,1.00,2.00
2009.09.23 09:11:15.281,1.68045,1.68085,1.00,3.40
2009.09.23 09:11:15.461,1.6804,1.6808,1.00,1.40
2009.09.23 09:11:15.831,1.6803,1.6808,1.00,1.80
2009.09.23 09:11:16.161,1.6803,1.68075,1.00,4.00
2009.09.23 09:11:16.510,1.6803,1.68075,1.00,3.40
2009.09.23 09:11:17.420,1.6803,1.68065,1.00,2.00
2009.09.23 09:11:18.240,1.6803,1.6807,1.00,2.00
2009.09.23 09:11:21.439,1.6803,1.68075,1.00,1.50
2009.09.23 09:11:24.479,1.6803,1.6807,1.00,1.40
2009.09.23 09:11:24.589,1.6803,1.6807,1.00,2.20
2009.09.23 09:11:25.818,1.68025,1.6807,1.00,2.30
2009.09.23 09:11:28.998,1.68035,1.68075,1.00,3.10
2009.09.23 09:11:29.517,1.68035,1.68075,1.00,1.00
2009.09.23 09:11:29.807,1.68035,1.68065,1.00,3.00
2009.09.23 09:11:30.097,1.68035,1.68065,1.00,1.60
2009.09.23 09:11:30.327,1.68035,1.68075,1.00,1.50
2009.09.23 09:11:30.497,1.6803,1.68075,1.00,3.10
2009.09.23 09:11:30.727,1.6803,1.68075,1.00,3.90
2009.09.23 09:11:31.867,1.6803,1.68075,1.00,1.50
2009.09.23 09:11:32.327,1.68025,1.68065,1.00,3.80
2009.09.23 09:11:33.716,1.6802,1.68065,1.00,3.90
2009.09.23 09:11:36.036,1.68025,1.68065,1.50,2.40
2009.09.23 09:11:36.196,1.68025,1.6807,1.90,1.00
2009.09.23 09:11:36.306,1.68025,1.6807,1.50,1.00
2009.09.23 09:11:36.826,1.68025,1.68075,1.40,1.90
2009.09.23 09:11:36.996,1.68025,1.68075,2.20,1.50
2009.09.23 09:11:37.855,1.68025,1.6807,2.30,1.00
2009.09.23 09:11:38.725,1.6803,1.6807,2.00,1.00
2009.09.23 09:11:39.075,1.6803,1.68075,1.00,4.70
2009.09.23 09:11:39.245,1.6803,1.68075,1.00,3.90
2009.09.23 09:11:39.405,1.68035,1.68075,1.00,1.00
2009.09.23 09:11:41.535,1.68035,1.6808,1.00,4.30
2009.09.23 09:11:41.825,1.68035,1.68075,1.00,1.00
2009.09.23 09:11:43.784,1.68035,1.68075,1.00,2.00
2009.09.23 09:11:44.534,1.6803,1.6807,1.00,2.00
2009.09.23 09:11:45.164,1.68035,1.68065,1.00,3.00
2009.09.23 09:11:45.443,1.6802,1.6806,1.00,2.00
2009.09.23 09:11:46.183,1.68025,1.68065,2.30,2.00
2009.09.23 09:11:46.413,1.68025,1.6807,2.30,2.00
2009.09.23 09:11:46.534,1.68025,1.68065,2.30,2.00
2009.09.23 09:11:46.653,1.68025,1.68065,1.00,2.00
2009.09.23 09:11:46.763,1.68025,1.68065,1.00,2.00
2009.09.23 09:11:47.153,1.68025,1.6807,1.50,4.80
2009.09.23 09:11:47.273,1.68025,1.6807,2.30,2.00
2009.09.23 09:11:47.863,1.6803,1.68075,1.00,2.30
2009.09.23 09:11:49.753,1.6803,1.68075,1.00,4.30
2009.09.23 09:11:52.092,1.68035,1.68075,1.50,1.00
2009.09.23 09:11:52.262,1.68035,1.6808,1.90,2.30
2009.09.23 09:11:52.322,1.68035,1.68075,1.80,1.00
2009.09.23 09:11:52.382,1.68045,1.68075,1.40,1.00
2009.09.23 09:11:52.502,1.68035,1.68075,1.40,1.00
2009.09.23 09:11:52.622,1.6803,1.68075,3.50,2.30
2009.09.23 09:11:52.962,1.68035,1.68075,1.50,1.00
2009.09.23 09:11:53.312,1.6804,1.68075,3.40,1.00
2009.09.23 09:11:53.672,1.6803,1.68065,1.00,1.40
2009.09.23 09:11:53.882,1.68025,1.68065,1.00,1.40
2009.09.23 09:11:54.282,1.6803,1.68065,1.40,1.00
2009.09.23 09:11:54.512,1.6802,1.6806,1.00,1.40
2009.09.23 09:11:55.441,1.6802,1.6806,1.00,1.40
2009.09.23 09:11:55.601,1.68025,1.68065,1.40,1.00
2009.09.23 09:11:55.811,1.6802,1.68065,2.30,1.50
2009.09.23 09:11:56.171,1.68025,1.68065,1.40,1.00
2009.09.23 09:11:56.841,1.6802,1.68055,1.00,1.40
2009.09.23 09:11:57.121,1.6802,1.68055,1.00,1.40
2009.09.23 09:11:57.361,1.6803,1.6806,1.80,1.00
2009.09.23 09:11:57.591,1.6802,1.68065,1.00,1.50
2009.09.23 09:11:57.881,1.68015,1.68065,2.30,1.00
2009.09.23 09:11:58.351,1.68015,1.6806,2.20,1.60
2009.09.23 09:11:58.470,1.68015,1.68055,1.40,1.00
2009.09.23 09:11:58.990,1.6802,1.68065,1.00,2.30
2009.09.23 09:11:59.320,1.6802,1.68065,1.00,2.30
2009.09.23 09:11:59.720,1.6802,1.68065,1.00,4.30
2009.09.23 09:12:00.060,1.68025,1.6807,1.00,2.80
2009.09.23 09:12:00.360,1.68025,1.68065,1.40,1.00
2009.09.23 09:12:00.640,1.68025,1.6807,2.20,1.00
2009.09.23 09:12:00.920,1.6803,1.6807,1.00,1.00
2009.09.23 09:12:01.160,1.68025,1.6807,2.20,1.00
2009.09.23 09:12:01.400,1.68025,1.6807,1.00,1.50
2009.09.23 09:12:01.510,1.6802,1.6807,2.30,1.50
2009.09.23 09:12:01.920,1.6803,1.6807,2.20,1.00
2009.09.23 09:12:03.809,1.6803,1.68075,2.30,1.00
2009.09.23 09:12:04.099,1.6803,1.68075,1.00,1.50
2009.09.23 09:12:04.199,1.6803,1.6807,1.00,1.00
2009.09.23 09:12:04.549,1.68025,1.6807,1.00,1.00
2009.09.23 09:12:04.889,1.68025,1.68065,1.00,1.00
2009.09.23 09:12:05.219,1.6802,1.68065,1.00,1.00
2009.09.23 09:12:05.569,1.6802,1.6807,2.30,1.00
2009.09.23 09:12:10.937,1.6803,1.68075,2.30,1.00
2009.09.23 09:12:14.467,1.68035,1.6808,1.40,1.00
2009.09.23 09:12:14.756,1.68035,1.6808,2.20,1.00
2009.09.23 09:12:15.047,1.6804,1.6808,1.00,1.00
2009.09.23 09:12:15.326,1.68035,1.68085,2.30,1.90
2009.09.23 09:12:15.676,1.6804,1.68085,1.00,1.00
2009.09.23 09:12:16.416,1.6804,1.68085,2.30,1.00
2009.09.23 09:12:18.945,1.6804,1.68085,2.30,1.00
2009.09.23 09:12:19.175,1.6804,1.68085,1.00,1.00
2009.09.23 09:12:23.864,1.6804,1.6808,1.00,1.00
2009.09.23 09:12:24.034,1.68035,1.6808,1.40,1.00
2009.09.23 09:12:24.154,1.68025,1.68075,3.60,1.50
2009.09.23 09:12:24.334,1.68025,1.6807,3.60,1.00
2009.09.23 09:12:24.494,1.68025,1.68065,1.00,1.00
2009.09.23 09:12:25.994,1.6802,1.68065,1.00,1.00
2009.09.23 09:12:26.634,1.6802,1.68065,1.00,2.80
2009.09.23 09:12:27.743,1.6802,1.6806,1.00,1.00
2009.09.23 09:12:28.723,1.68015,1.6806,1.00,1.00
2009.09.23 09:12:28.783,1.68015,1.6806,1.00,1.90
2009.09.23 09:12:29.643,1.68015,1.6806,1.00,3.90
2009.09.23 09:12:31.442,1.6802,1.6806,1.00,3.80
2009.09.23 09:12:31.552,1.6802,1.6806,1.00,2.00
2009.09.23 09:12:31.722,1.6802,1.68065,1.00,5.50
2009.09.23 09:12:32.462,1.6802,1.6806,1.00,1.40
2009.09.23 09:12:32.522,1.6802,1.6806,1.00,1.80
2009.09.23 09:12:32.862,1.6802,1.6806,1.00,3.20
2009.09.23 09:12:32.982,1.6802,1.6806,1.00,5.20
2009.09.23 09:12:33.092,1.68015,1.6806,1.00,5.30
2009.09.23 09:12:34.782,1.6802,1.6806,1.00,5.60
2009.09.23 09:12:36.611,1.6802,1.6806,1.50,1.40
2009.09.23 09:12:36.662,1.6802,1.68065,1.50,3.90
2009.09.23 09:12:38.751,1.6802,1.68065,1.50,5.90
2009.09.23 09:12:40.540,1.6802,1.68065,1.50,5.80
2009.09.23 09:12:41.010,1.6802,1.68065,1.40,5.80
2009.09.23 09:12:41.360,1.6802,1.68065,1.50,5.80
2009.09.23 09:12:42.750,1.68025,1.68065,1.00,5.80
2009.09.23 09:12:44.299,1.6802,1.68065,1.50,5.80
2009.09.23 09:12:46.159,1.68025,1.68065,1.00,5.80
2009.09.23 09:12:46.339,1.6802,1.68065,1.50,5.80
2009.09.23 09:12:46.729,1.6802,1.68065,1.50,5.90
2009.09.23 09:12:48.479,1.6802,1.68065,1.90,5.90
2009.09.23 09:12:48.538,1.6802,1.68065,1.80,5.90
2009.09.23 09:12:48.689,1.6802,1.6806,1.00,1.40
2009.09.23 09:12:48.748,1.68015,1.6806,1.90,2.20
2009.09.23 09:12:48.918,1.68015,1.6806,1.90,3.60
2009.09.23 09:12:49.648,1.68015,1.6806,1.90,5.60
2009.09.23 09:12:50.048,1.68015,1.6806,1.80,5.70
2009.09.23 09:12:50.388,1.6801,1.68055,2.20,1.40
2009.09.23 09:12:50.948,1.6801,1.68055,2.20,1.50
2009.09.23 09:12:52.088,1.6801,1.68055,1.40,1.50
2009.09.23 09:12:52.787,1.6801,1.6805,1.40,1.00
2009.09.23 09:12:53.407,1.6802,1.6806,1.40,4.30
2009.09.23 09:12:53.647,1.6802,1.6805,1.40,1.00
2009.09.23 09:12:53.877,1.6801,1.6805,1.40,1.00
2009.09.23 09:12:54.057,1.6801,1.6805,1.40,1.00
2009.09.23 09:12:55.836,1.6801,1.68055,1.40,1.40
2009.09.23 09:12:56.456,1.6802,1.6806,1.80,2.00
2009.09.23 09:12:56.686,1.6802,1.68065,2.60,6.40
2009.09.23 09:12:56.916,1.6802,1.6805,1.00,2.20
2009.09.23 09:12:57.316,1.68015,1.6805,1.00,2.20
2009.09.23 09:12:57.376,1.68015,1.6805,1.00,1.00
2009.09.23 09:12:57.436,1.68015,1.68055,1.00,3.00
2009.09.23 09:12:57.486,1.68015,1.68055,1.00,1.40
2009.09.23 09:12:57.666,1.6801,1.68055,1.40,1.40
2009.09.23 09:12:58.796,1.6801,1.68055,1.50,1.40
2009.09.23 09:12:59.785,1.68,1.6804,3.20,1.40
2009.09.23 09:12:59.896,1.68,1.6804,2.80,1.40
2009.09.23 09:13:00.006,1.68,1.6804,1.00,1.40
2009.09.23 09:13:00.066,1.68,1.6804,1.00,2.20
2009.09.23 09:13:00.176,1.67995,1.6804,1.00,2.20
2009.09.23 09:13:00.466,1.67995,1.6804,1.00,2.20
2009.09.23 09:13:00.525,1.68,1.6804,1.40,1.00
2009.09.23 09:13:00.635,1.68,1.6804,3.00,1.00
2009.09.23 09:13:00.695,1.68,1.6805,3.40,8.30
2009.09.23 09:13:00.815,1.68,1.68045,3.40,1.00
2009.09.23 09:13:01.145,1.67995,1.68035,1.00,1.00
2009.09.23 09:13:01.485,1.67995,1.6804,1.00,2.30
2009.09.23 09:13:01.885,1.67995,1.6804,1.40,1.40
2009.09.23 09:13:02.785,1.67995,1.6804,1.50,1.40
2009.09.23 09:13:06.004,1.68,1.68045,1.40,1.90
2009.09.23 09:13:06.164,1.68,1.68045,1.40,1.50
2009.09.23 09:13:06.964,1.68,1.68045,1.40,1.40
2009.09.23 09:13:07.314,1.68,1.68045,1.40,1.50
2009.09.23 09:13:08.064,1.68,1.68045,1.50,1.40
2009.09.23 09:13:08.184,1.68005,1.6805,1.40,4.20
2009.09.23 09:13:08.304,1.68005,1.6805,1.80,4.20
2009.09.23 09:13:08.833,1.68005,1.6805,1.90,4.20
2009.09.23 09:13:09.063,1.6801,1.6805,1.00,3.80
2009.09.23 09:13:09.174,1.6801,1.6805,1.90,2.40
2009.09.23 09:13:09.403,1.68015,1.6805,1.00,2.40
2009.09.23 09:13:09.753,1.6801,1.6805,1.90,2.40
2009.09.23 09:13:10.743,1.68005,1.68045,1.00,1.40
2009.09.23 09:13:11.083,1.68,1.68045,1.80,1.40
2009.09.23 09:13:11.373,1.68,1.68045,1.40,1.40
2009.09.23 09:13:14.632,1.67995,1.6804,2.30,3.40
2009.09.23 09:13:14.962,1.67995,1.6804,1.90,3.80
2009.09.23 09:13:15.302,1.68,1.6804,1.00,3.80
2009.09.23 09:13:16.222,1.67995,1.6804,1.90,4.20
2009.09.23 09:13:17.242,1.67995,1.68035,1.00,1.80
2009.09.23 09:13:17.411,1.67995,1.68035,1.50,1.00
2009.09.23 09:13:17.571,1.67995,1.6804,1.90,4.30
2009.09.23 09:13:17.911,1.67995,1.6804,1.80,4.30
2009.09.23 09:13:18.841,1.67995,1.6804,1.80,4.20
2009.09.23 09:13:19.251,1.68,1.68045,1.40,2.20
2009.09.23 09:13:20.521,1.68,1.68045,2.80,2.20
2009.09.23 09:13:20.691,1.6801,1.68045,1.60,1.00
2009.09.23 09:13:20.811,1.68005,1.68045,1.40,1.00
2009.09.23 09:13:20.935,1.68005,1.6805,1.40,1.40
2009.09.23 09:13:21.460,1.68005,1.6805,1.40,3.40
2009.09.23 09:13:21.800,1.68005,1.6805,1.40,1.40
2009.09.23 09:13:22.510,1.68005,1.6805,1.40,1.50
2009.09.23 09:13:22.620,1.68,1.68045,3.20,1.40
2009.09.23 09:13:22.790,1.68,1.68045,2.80,1.40
2009.09.23 09:13:22.900,1.68,1.6804,1.40,1.40
2009.09.23 09:13:23.070,1.68,1.6804,1.40,1.80
2009.09.23 09:13:23.780,1.68,1.6804,1.40,3.80
2009.09.23 09:13:24.820,1.68,1.6803,1.40,1.00
2009.09.23 09:13:25.729,1.68,1.68035,1.40,1.00
2009.09.23 09:13:30.648,1.68,1.6804,1.80,1.00
2009.09.23 09:13:34.697,1.68005,1.68045,1.90,2.00
2009.09.23 09:13:35.047,1.68005,1.6805,1.90,4.00
2009.09.23 09:13:35.327,1.68005,1.6805,1.90,2.00
2009.09.23 09:13:35.617,1.68,1.68045,1.80,1.00
2009.09.23 09:13:36.877,1.68005,1.6805,1.80,2.00
2009.09.23 09:13:36.987,1.6801,1.6805,1.00,2.00
2009.09.23 09:13:37.047,1.6801,1.68055,1.80,2.00
2009.09.23 09:13:37.627,1.68025,1.6806,1.80,2.80
2009.09.23 09:13:37.807,1.68025,1.68065,1.00,1.50
2009.09.23 09:13:37.986,1.6802,1.68065,2.80,1.50
2009.09.23 09:13:38.156,1.68025,1.68065,1.80,1.00
2009.09.23 09:13:38.326,1.6803,1.6807,1.80,1.00
2009.09.23 09:13:38.856,1.6803,1.68065,1.00,1.00
2009.09.23 09:13:39.186,1.6803,1.6807,1.40,1.00
2009.09.23 09:13:40.836,1.68025,1.68065,1.00,1.40
2009.09.23 09:13:40.896,1.6802,1.68065,3.20,1.80
2009.09.23 09:13:41.805,1.6802,1.6806,3.20,1.00
2009.09.23 09:13:42.155,1.6803,1.68065,3.00,1.00
2009.09.23 09:13:44.405,1.68025,1.68065,2.60,1.60
2009.09.23 09:13:45.445,1.68025,1.68065,1.20,3.10
2009.09.23 09:13:45.725,1.68025,1.6806,3.40,2.00
2009.09.23 09:13:45.895,1.68025,1.68065,1.60,3.90
2009.09.23 09:13:46.055,1.6802,1.6806,3.40,2.00
2009.09.23 09:13:46.404,1.6802,1.68065,3.40,1.90
2009.09.23 09:13:47.054,1.6802,1.6806,3.40,1.00
2009.09.23 09:13:47.284,1.6803,1.6806,1.60,1.00
2009.09.23 09:13:47.394,1.6803,1.68065,1.60,1.90
2009.09.23 09:13:47.554,1.6803,1.68065,1.40,2.00
2009.09.23 09:13:47.664,1.6803,1.68065,1.40,1.00
2009.09.23 09:13:47.784,1.6803,1.6807,1.40,3.50
2009.09.23 09:13:48.024,1.6802,1.68065,5.90,5.90
2009.09.23 09:13:48.764,1.6802,1.6806,3.40,2.00
2009.09.23 09:13:49.784,1.6802,1.68065,3.40,2.30
2009.09.23 09:13:50.184,1.6802,1.68065,3.40,3.10
2009.09.23 09:13:50.464,1.6802,1.68065,3.40,4.70
2009.09.23 09:13:50.523,1.6802,1.68065,3.50,4.60
2009.09.23 09:13:50.633,1.68035,1.68065,1.40,3.20
2009.09.23 09:13:50.694,1.68035,1.68065,1.40,1.00
2009.09.23 09:13:51.283,1.68025,1.68065,1.90,1.60
2009.09.23 09:13:51.583,1.68035,1.68075,3.40,2.00
2009.09.23 09:13:51.973,1.68035,1.6807,3.40,2.00
2009.09.23 09:13:52.253,1.68035,1.68075,3.40,1.00
2009.09.23 09:13:53.143,1.68035,1.68075,4.20,1.00
2009.09.23 09:13:53.373,1.68035,1.68065,2.60,1.60
2009.09.23 09:13:53.433,1.68035,1.68065,1.00,1.60
2009.09.23 09:13:53.663,1.68035,1.6807,1.00,3.90
2009.09.23 09:13:53.723,1.6803,1.6807,3.80,2.40
2009.09.23 09:13:53.783,1.6803,1.6807,4.20,2.00
2009.09.23 09:13:53.843,1.68035,1.6807,1.40,2.00
2009.09.23 09:13:53.903,1.68035,1.6807,1.80,2.00
2009.09.23 09:13:54.013,1.68035,1.68075,1.80,5.60
2009.09.23 09:13:54.123,1.68035,1.68075,1.80,4.40
2009.09.23 09:13:54.583,1.68035,1.68075,1.80,1.00
2009.09.23 09:13:55.282,1.6803,1.6807,3.40,1.00
2009.09.23 09:13:55.452,1.68025,1.6807,2.70,1.50
2009.09.23 09:13:55.682,1.6802,1.6806,2.40,1.80
2009.09.23 09:13:55.902,1.68025,1.6806,1.00,1.40
2009.09.23 09:13:56.072,1.68025,1.6807,1.90,1.50
2009.09.23 09:13:56.312,1.68025,1.6807,1.90,2.30
2009.09.23 09:13:56.662,1.68025,1.6806,1.40,1.00
2009.09.23 09:13:56.722,1.6802,1.6806,1.60,2.20
2009.09.23 09:13:57.822,1.6802,1.6806,1.60,3.00
2009.09.23 09:13:57.872,1.68015,1.6805,3.50,1.00
2009.09.23 09:14:00.191,1.6802,1.68055,1.40,1.00
2009.09.23 09:14:00.541,1.6802,1.6806,1.40,2.30
2009.09.23 09:14:00.931,1.6802,1.6805,1.00,1.40
2009.09.23 09:14:01.261,1.68015,1.68045,2.00,1.60
2009.09.23 09:14:01.671,1.6801,1.68055,2.40,3.20
2009.09.23 09:14:02.021,1.68015,1.68055,1.90,4.20
2009.09.23 09:14:02.261,1.68015,1.6805,1.00,1.00
2009.09.23 09:14:02.531,1.6801,1.68055,1.00,2.20
2009.09.23 09:14:03.441,1.6801,1.68055,1.90,3.50
2009.09.23 09:14:03.730,1.6801,1.68055,1.90,7.90
2009.09.23 09:14:04.010,1.6801,1.68045,1.00,1.60
2009.09.23 09:14:04.240,1.68015,1.6805,1.40,1.80
2009.09.23 09:14:04.540,1.68015,1.68055,1.90,1.40
2009.09.23 09:14:05.010,1.68015,1.68055,1.00,1.50
2009.09.23 09:14:05.180,1.6801,1.68055,3.50,1.50
2009.09.23 09:14:05.820,1.6801,1.68055,3.40,1.50
2009.09.23 09:14:05.940,1.6801,1.6805,1.80,2.00
2009.09.23 09:14:06.060,1.68015,1.6805,1.80,2.00
2009.09.23 09:14:06.400,1.68,1.68045,4.70,3.40
2009.09.23 09:14:06.750,1.68,1.68035,1.60,1.60
2009.09.23 09:14:07.150,1.68,1.68045,1.00,2.20
2009.09.23 09:14:07.319,1.68,1.68045,1.00,2.20
2009.09.23 09:14:07.559,1.68,1.68045,1.00,5.00
2009.09.23 09:14:08.809,1.68,1.68045,1.00,5.10
2009.09.23 09:14:09.049,1.68,1.68045,1.90,4.30
2009.09.23 09:14:09.279,1.68,1.68045,1.90,2.30
2009.09.23 09:14:13.058,1.68,1.68045,1.90,4.30
2009.09.23 09:14:13.288,1.68,1.68045,1.90,2.30
2009.09.23 09:14:15.568,1.68005,1.68045,1.00,2.20
2009.09.23 09:14:20.866,1.68,1.68045,1.90,2.30
2009.09.23 09:14:20.916,1.68,1.6804,1.80,1.00
2009.09.23 09:14:21.036,1.67995,1.6804,3.50,1.50
2009.09.23 09:14:21.156,1.67995,1.6804,1.90,2.20
2009.09.23 09:14:21.506,1.67995,1.6804,1.90,2.30
2009.09.23 09:14:22.956,1.68005,1.6804,1.00,2.20
2009.09.23 09:14:23.016,1.68005,1.6804,1.00,1.00
2009.09.23 09:14:23.126,1.68005,1.68045,1.00,2.20
2009.09.23 09:14:23.236,1.68,1.6804,1.00,2.20
2009.09.23 09:14:24.225,1.67995,1.68035,1.00,1.40
2009.09.23 09:14:24.335,1.67995,1.68035,1.00,2.20
2009.09.23 09:14:25.335,1.68,1.6803,1.00,1.00
2009.09.23 09:14:26.735,1.68,1.6803,1.00,1.00
2009.09.23 09:14:27.604,1.68,1.6803,1.00,1.00
2009.09.23 09:14:28.124,1.68,1.6803,1.00,1.00
2009.09.23 09:14:28.184,1.68,1.6803,1.00,1.00
2009.09.23 09:14:28.764,1.68,1.6803,1.00,1.00
2009.09.23 09:14:30.464,1.67995,1.6803,1.00,1.00
2009.09.23 09:14:31.254,1.68,1.6803,2.20,1.00
2009.09.23 09:14:31.594,1.67995,1.6803,1.00,1.00
2009.09.23 09:14:31.943,1.67995,1.68035,1.00,1.40
2009.09.23 09:14:33.043,1.67995,1.68035,1.00,2.20
2009.09.23 09:14:33.333,1.67995,1.68035,1.00,4.20
2009.09.23 09:14:33.453,1.68,1.68035,1.40,2.80
2009.09.23 09:14:33.513,1.68,1.68035,1.50,2.80
2009.09.23 09:14:33.623,1.68,1.68035,2.30,2.80
2009.09.23 09:14:33.743,1.68,1.68035,2.30,1.00
2009.09.23 09:14:33.803,1.68,1.6804,1.00,2.20
2009.09.23 09:14:34.033,1.68,1.6804,1.90,1.00
2009.09.23 09:14:34.363,1.68,1.68045,1.90,2.20
2009.09.23 09:14:35.672,1.68005,1.68045,1.00,2.20
2009.09.23 09:14:36.552,1.68,1.68035,1.00,1.40
2009.09.23 09:14:36.612,1.67995,1.68035,1.00,1.40
2009.09.23 09:14:38.112,1.67995,1.68035,1.00,2.20
2009.09.23 09:14:38.402,1.67995,1.6803,1.00,3.00
2009.09.23 09:14:38.682,1.67995,1.6802,1.00,1.40
2009.09.23 09:14:38.982,1.67995,1.6802,1.00,2.80
2009.09.23 09:14:39.312,1.67995,1.68015,1.00,2.00
2009.09.23 09:14:39.902,1.67995,1.68015,1.00,3.80
2009.09.23 09:14:40.132,1.67995,1.68015,1.00,2.20
2009.09.23 09:14:40.542,1.67995,1.68015,1.00,3.80
2009.09.23 09:14:40.891,1.67995,1.68015,1.00,4.20
2009.09.23 09:14:41.282,1.67995,1.68005,1.00,2.00
2009.09.23 09:14:41.961,1.67995,1.6801,1.00,4.00
2009.09.23 09:14:42.191,1.67995,1.6801,1.00,2.00
2009.09.23 09:14:42.361,1.67995,1.6802,1.00,1.00
2009.09.23 09:14:42.761,1.67995,1.6802,1.00,3.00
2009.09.23 09:14:42.931,1.67995,1.6802,1.00,2.60
2009.09.23 09:14:43.291,1.67995,1.6801,1.00,2.00
2009.09.23 09:14:43.981,1.67995,1.68015,1.00,2.00
2009.09.23 09:14:44.560,1.67995,1.68025,1.00,4.30
2009.09.23 09:14:45.180,1.67995,1.68025,1.00,2.00
2009.09.23 09:14:45.350,1.67995,1.6802,1.00,2.00
2009.09.23 09:14:45.681,1.67995,1.68015,1.00,2.00
2009.09.23 09:14:45.861,1.67995,1.68025,1.00,2.00
2009.09.23 09:14:46.030,1.67995,1.68025,1.00,3.40
2009.09.23 09:14:46.580,1.67995,1.68025,1.00,2.40
2009.09.23 09:14:46.910,1.67995,1.68025,1.00,3.90
2009.09.23 09:14:47.270,1.67995,1.68025,1.00,1.40
2009.09.23 09:14:47.670,1.67995,1.6802,1.00,1.80
2009.09.23 09:14:48.360,1.67995,1.68025,1.00,3.40
2009.09.23 09:14:48.980,1.67995,1.68025,1.00,1.40
2009.09.23 09:14:49.979,1.67995,1.68025,1.80,2.00
2009.09.23 09:14:50.489,1.67995,1.68025,1.00,1.40
2009.09.23 09:14:50.999,1.67995,1.68025,1.00,2.20
2009.09.23 09:14:51.289,1.67995,1.68025,1.00,4.20
2009.09.23 09:14:51.559,1.67995,1.6802,1.00,2.20
2009.09.23 09:14:51.899,1.67995,1.68015,1.00,2.00
2009.09.23 09:14:52.579,1.67995,1.6802,1.00,1.40
2009.09.23 09:14:53.168,1.67995,1.68025,1.00,3.80
2009.09.23 09:14:53.398,1.67995,1.68025,1.00,1.40
2009.09.23 09:14:53.619,1.67995,1.6803,1.00,4.70
2009.09.23 09:14:53.968,1.67995,1.6803,1.00,1.80
2009.09.23 09:14:54.308,1.67995,1.6803,1.00,2.40
2009.09.23 09:14:54.659,1.67995,1.6803,1.00,2.00
2009.09.23 09:14:54.998,1.67995,1.68025,1.00,3.80
2009.09.23 09:14:55.348,1.67995,1.68025,1.00,2.00
2009.09.23 09:14:55.708,1.67995,1.6803,1.00,4.20
2009.09.23 09:14:57.378,1.67995,1.6803,1.00,2.80
2009.09.23 09:14:57.607,1.67995,1.6803,1.00,2.00
2009.09.23 09:14:57.888,1.67995,1.68035,1.00,4.20
2009.09.23 09:14:58.817,1.67995,1.68035,1.00,6.30
2009.09.23 09:15:02.426,1.67995,1.6803,1.00,3.40
2009.09.23 09:15:02.596,1.67995,1.68025,1.00,1.60
2009.09.23 09:15:05.095,1.67995,1.6803,1.40,1.00
2009.09.23 09:15:05.435,1.68,1.6804,1.00,1.40
2009.09.23 09:15:06.585,1.68,1.6803,1.00,1.80
2009.09.23 09:15:06.815,1.68,1.68035,4.20,2.00
2009.09.23 09:15:06.925,1.68,1.6804,4.20,1.00
2009.09.23 09:15:07.045,1.68,1.6804,1.00,2.20
2009.09.23 09:15:07.165,1.68,1.6804,1.00,1.40
2009.09.23 09:15:07.575,1.68,1.6804,1.00,3.40
2009.09.23 09:15:09.624,1.67995,1.6804,2.20,3.40
2009.09.23 09:15:09.974,1.67995,1.6804,2.20,3.80
2009.09.23 09:15:10.274,1.67995,1.68035,2.20,2.00
2009.09.23 09:15:12.174,1.67995,1.68035,1.00,1.40
2009.09.23 09:15:12.524,1.67995,1.68035,1.00,1.40
2009.09.23 09:15:13.034,1.67995,1.6803,1.00,1.40
2009.09.23 09:15:13.564,1.67995,1.68025,1.00,2.20
2009.09.23 09:15:13.854,1.67995,1.6803,1.00,2.80
2009.09.23 09:15:14.124,1.67995,1.68025,1.00,2.20
2009.09.23 09:15:15.433,1.67995,1.6803,1.00,1.40
2009.09.23 09:15:15.723,1.67995,1.6803,1.00,2.80
2009.09.23 09:15:15.953,1.67995,1.6803,1.00,3.40
2009.09.23 09:15:16.293,1.67995,1.6803,1.00,1.40
2009.09.23 09:15:17.003,1.67995,1.68035,1.00,3.90
2009.09.23 09:15:18.213,1.67995,1.6803,1.00,3.40
2009.09.23 09:15:18.452,1.67995,1.6803,1.00,4.80
2009.09.23 09:15:19.262,1.67995,1.68025,1.00,1.40
2009.09.23 09:15:20.062,1.67995,1.68025,1.00,3.40
2009.09.23 09:15:26.001,1.67995,1.6802,1.00,1.40
2009.09.23 09:15:26.570,1.67995,1.68025,1.00,3.40
2009.09.23 09:15:27.510,1.67995,1.68015,1.00,1.40
2009.09.23 09:15:27.570,1.67995,1.68015,1.00,1.80
2009.09.23 09:15:28.790,1.67995,1.68015,1.00,1.90
2009.09.23 09:15:34.189,1.67995,1.68015,1.00,2.70
2009.09.23 09:15:35.338,1.67995,1.6801,1.00,1.00
2009.09.23 09:15:35.618,1.6796,1.6801,1.80,2.20
2009.09.23 09:15:35.908,1.6796,1.6801,1.80,1.40
2009.09.23 09:15:36.548,1.6796,1.68015,1.90,1.90
2009.09.23 09:15:40.307,1.67965,1.6801,1.50,2.30
2009.09.23 09:15:41.067,1.67965,1.6801,1.50,3.70
2009.09.23 09:15:41.697,1.67965,1.6801,1.50,2.30
2009.09.23 09:15:42.376,1.67965,1.68005,1.50,2.00
2009.09.23 09:15:42.707,1.67965,1.6801,1.50,6.30
2009.09.23 09:15:42.817,1.67965,1.6801,1.50,4.30
2009.09.23 09:15:42.987,1.67965,1.6801,1.50,5.70
2009.09.23 09:15:43.156,1.67965,1.6801,1.50,4.30
2009.09.23 09:15:43.666,1.67965,1.6801,1.50,5.70
2009.09.23 09:15:43.956,1.67965,1.6801,1.50,4.30
2009.09.23 09:15:44.626,1.67965,1.6801,1.50,5.70
2009.09.23 09:15:44.986,1.67965,1.6801,1.50,4.30
2009.09.23 09:15:45.556,1.67965,1.6801,1.50,5.70
2009.09.23 09:15:45.846,1.6796,1.68005,1.90,4.20
2009.09.23 09:15:46.365,1.6796,1.68005,1.90,8.60
2009.09.23 09:15:46.586,1.6796,1.68,1.90,1.40
2009.09.23 09:15:46.825,1.6796,1.68,1.00,1.40
2009.09.23 09:15:46.946,1.67955,1.68,2.30,2.20
2009.09.23 09:15:47.065,1.67955,1.68,2.30,4.20
2009.09.23 09:15:47.125,1.67955,1.68,1.50,4.20
2009.09.23 09:15:47.585,1.67955,1.68,1.50,5.60
2009.09.23 09:15:47.765,1.67955,1.68,1.50,4.20
2009.09.23 09:15:48.005,1.67955,1.68,1.50,4.30
2009.09.23 09:15:48.535,1.67955,1.68,1.50,5.70
2009.09.23 09:15:49.005,1.67955,1.68,1.50,4.30
2009.09.23 09:15:52.474,1.6795,1.67995,2.70,3.40
2009.09.23 09:15:52.704,1.6795,1.67985,2.70,2.00
2009.09.23 09:15:52.824,1.67955,1.67985,1.40,2.00
2009.09.23 09:15:53.174,1.6796,1.67985,1.00,2.00
2009.09.23 09:15:53.614,1.6795,1.67985,2.30,2.00
2009.09.23 09:15:53.904,1.67945,1.67985,2.30,3.40
2009.09.23 09:15:54.264,1.67945,1.67985,1.00,3.40
2009.09.23 09:15:54.954,1.67945,1.6798,1.50,2.00
2009.09.23 09:15:57.763,1.67945,1.67985,1.50,5.40
2009.09.23 09:15:58.343,1.6795,1.6799,1.50,3.40
2009.09.23 09:15:58.403,1.67955,1.67995,1.40,1.40
2009.09.23 09:15:58.623,1.6795,1.67995,3.50,1.40
2009.09.23 09:15:58.973,1.6796,1.68,1.40,1.40
2009.09.23 09:16:00.842,1.6796,1.68,1.50,1.40
2009.09.23 09:16:04.682,1.67965,1.6801,2.30,1.50
2009.09.23 09:16:05.251,1.67965,1.6801,2.20,1.50
2009.09.23 09:16:05.431,1.6796,1.68,4.30,1.40
2009.09.23 09:16:05.671,1.6796,1.68005,3.50,1.40
2009.09.23 09:16:05.851,1.6796,1.68005,3.40,1.40
2009.09.23 09:16:06.621,1.67965,1.6801,1.40,1.90
2009.09.23 09:16:06.961,1.67965,1.6801,2.20,1.90
2009.09.23 09:16:07.771,1.67965,1.6801,2.30,1.90
2009.09.23 09:16:11.090,1.67965,1.68005,1.90,1.00
2009.09.23 09:16:11.260,1.67965,1.68005,5.50,1.00
2009.09.23 09:16:11.620,1.67965,1.68005,3.50,1.00
2009.09.23 09:16:13.069,1.67965,1.68005,3.40,1.00
2009.09.23 09:16:19.458,1.67965,1.68005,3.40,1.00
2009.09.23 09:16:19.928,1.6797,1.68005,1.40,1.00
2009.09.23 09:16:24.617,1.6797,1.68005,1.40,1.50
2009.09.23 09:16:24.967,1.6797,1.68005,1.40,1.00
2009.09.23 09:16:25.146,1.6797,1.68005,1.40,1.00
2009.09.23 09:16:26.017,1.6797,1.68005,2.20,1.00
2009.09.23 09:16:34.464,1.6797,1.6801,4.00,1.00
2009.09.23 09:16:34.684,1.6797,1.6801,4.00,2.00
2009.09.23 09:16:35.194,1.6797,1.6801,3.60,2.40
2009.09.23 09:16:35.884,1.6797,1.6801,4.00,1.00
2009.09.23 09:16:36.454,1.6797,1.68015,1.80,2.80
2009.09.23 09:16:37.134,1.6797,1.6801,2.20,2.30
2009.09.23 09:16:37.873,1.6797,1.68005,2.20,1.00
2009.09.23 09:16:39.023,1.6797,1.68015,4.40,3.60
2009.09.23 09:16:39.253,1.6797,1.68015,3.00,2.80
2009.09.23 09:16:39.583,1.6797,1.6801,2.20,2.00
2009.09.23 09:16:40.273,1.6797,1.6801,2.20,2.00
2009.09.23 09:16:41.723,1.67985,1.68015,1.60,2.00
2009.09.23 09:16:42.013,1.67975,1.6801,1.00,1.90
2009.09.23 09:16:42.353,1.6797,1.6801,1.00,1.90
2009.09.23 09:16:42.632,1.67965,1.6801,4.60,1.90
2009.09.23 09:16:42.922,1.6797,1.6801,1.00,1.50
2009.09.23 09:16:43.452,1.6797,1.6801,3.00,1.00
2009.09.23 09:16:43.572,1.6797,1.6801,2.20,1.00
2009.09.23 09:16:44.252,1.6797,1.6801,1.00,1.00
2009.09.23 09:16:44.422,1.67965,1.6801,4.60,1.00
2009.09.23 09:16:44.542,1.67965,1.6801,3.80,1.00
2009.09.23 09:16:44.882,1.6797,1.6801,2.20,1.00
2009.09.23 09:16:49.510,1.67965,1.6801,3.90,1.00
2009.09.23 09:16:49.850,1.6797,1.6801,2.20,1.00
2009.09.23 09:16:50.201,1.67965,1.6801,3.90,1.00
2009.09.23 09:17:00.118,1.6796,1.68005,1.00,1.80
2009.09.23 09:17:00.828,1.6796,1.68005,1.00,3.80
2009.09.23 09:17:01.668,1.67955,1.68,2.20,1.00
2009.09.23 09:17:01.968,1.6796,1.68005,1.00,3.90
2009.09.23 09:17:02.767,1.6796,1.68,1.00,1.40
2009.09.23 09:17:02.877,1.67955,1.68,1.90,1.80
2009.09.23 09:17:03.108,1.67955,1.68005,2.30,3.90
2009.09.23 09:17:03.397,1.67955,1.68,1.90,1.80
2009.09.23 09:17:04.927,1.67955,1.68,1.90,1.90
2009.09.23 09:17:07.126,1.67955,1.68005,2.30,3.90
2009.09.23 09:17:08.776,1.67955,1.68,2.30,1.00
2009.09.23 09:17:09.336,1.67955,1.68,2.30,1.50
2009.09.23 09:17:09.396,1.67955,1.68,1.50,1.50
2009.09.23 09:17:09.636,1.67955,1.68,2.30,1.00
2009.09.23 09:17:09.916,1.67955,1.68,2.30,1.50
2009.09.23 09:17:10.036,1.67955,1.68,1.50,1.50
2009.09.23 09:17:13.855,1.67955,1.67995,1.40,4.40
2009.09.23 09:17:14.145,1.67955,1.6799,1.40,3.80
2009.09.23 09:17:14.365,1.67955,1.6799,1.80,2.00
2009.09.23 09:17:14.605,1.67955,1.67995,1.00,1.40
2009.09.23 09:17:15.005,1.67955,1.68,1.50,1.40
2009.09.23 09:17:15.355,1.67955,1.68,1.50,2.80
2009.09.23 09:17:16.004,1.67955,1.67985,1.00,3.00
2009.09.23 09:17:16.414,1.6795,1.6799,1.60,3.80
2009.09.23 09:17:17.104,1.67945,1.67985,1.90,1.60
2009.09.23 09:17:18.524,1.67945,1.67985,2.70,1.60
2009.09.23 09:17:18.693,1.67945,1.67985,1.00,3.40
2009.09.23 09:17:18.814,1.6794,1.67975,2.70,1.60
2009.09.23 09:17:18.873,1.67955,1.67975,1.40,1.60
2009.09.23 09:17:18.993,1.67955,1.6799,1.40,1.00
2009.09.23 09:17:19.154,1.6795,1.6799,3.40,1.00
2009.09.23 09:17:19.554,1.6795,1.67995,1.80,1.50
2009.09.23 09:17:19.963,1.67955,1.68,1.40,1.40
2009.09.23 09:17:20.293,1.6795,1.6799,1.60,1.40
2009.09.23 09:17:20.623,1.67945,1.6799,3.50,1.40
2009.09.23 09:17:21.023,1.6794,1.67975,2.80,1.60
2009.09.23 09:17:21.383,1.6795,1.6799,1.90,3.60
2009.09.23 09:17:21.603,1.67945,1.6799,3.90,1.40
2009.09.23 09:17:21.893,1.67945,1.6799,1.50,1.40
2009.09.23 09:17:23.842,1.67945,1.6799,1.40,1.40
2009.09.23 09:17:23.902,1.6794,1.67975,2.00,1.40
2009.09.23 09:17:24.062,1.6794,1.6797,1.00,1.60
2009.09.23 09:17:24.182,1.6794,1.67975,1.00,1.60
2009.09.23 09:17:24.362,1.6794,1.67975,1.00,3.00
2009.09.23 09:17:24.712,1.6794,1.6797,1.00,1.60
2009.09.23 09:17:25.072,1.6794,1.6798,1.00,3.00
2009.09.23 09:17:25.352,1.67945,1.6798,1.00,3.00
2009.09.23 09:17:25.692,1.6794,1.6798,1.00,3.00
2009.09.23 09:17:25.932,1.6794,1.6797,1.00,1.60
2009.09.23 09:17:30.191,1.67935,1.67975,2.60,1.60
2009.09.23 09:17:30.411,1.67935,1.6797,2.70,1.60
2009.09.23 09:17:30.641,1.67935,1.6797,1.00,1.60
2009.09.23 09:17:30.821,1.67935,1.6797,1.00,1.60
2009.09.23 09:17:31.921,1.6794,1.6797,1.00,1.60
2009.09.23 09:17:34.950,1.67945,1.6798,1.50,2.40
2009.09.23 09:17:35.180,1.67945,1.67985,3.10,3.60
2009.09.23 09:17:35.750,1.67945,1.67985,1.60,3.00
2009.09.23 09:17:35.970,1.6794,1.67985,2.70,3.80
2009.09.23 09:17:36.200,1.6794,1.67985,2.70,5.80
2009.09.23 09:17:36.539,1.6794,1.67985,2.70,5.00
2009.09.23 09:17:36.900,1.6794,1.67985,2.70,5.80
2009.09.23 09:17:37.729,1.67945,1.67985,1.00,5.80
2009.09.23 09:17:38.129,1.6794,1.67985,2.70,5.80
2009.09.23 09:17:38.239,1.6794,1.6798,1.20,1.40
2009.09.23 09:17:38.359,1.6794,1.67975,1.00,1.60
2009.09.23 09:17:38.649,1.6794,1.67985,1.90,5.00
2009.09.23 09:17:38.989,1.6794,1.67985,1.90,3.80
2009.09.23 09:17:39.289,1.6794,1.67985,1.90,5.80
2009.09.23 09:17:39.578,1.6794,1.67975,1.00,1.60
2009.09.23 09:17:39.808,1.6794,1.6798,1.90,1.40
2009.09.23 09:17:40.038,1.6794,1.6798,1.90,2.00
2009.09.23 09:17:40.259,1.67945,1.67975,1.00,1.60
2009.09.23 09:17:40.798,1.6795,1.67985,1.00,2.00
2009.09.23 09:17:41.098,1.67945,1.67985,1.00,5.80
2009.09.23 09:17:41.378,1.67945,1.67975,1.00,1.60
2009.09.23 09:17:42.008,1.6795,1.67975,1.00,1.60
2009.09.23 09:17:42.788,1.67945,1.67975,1.50,1.60
2009.09.23 09:17:42.848,1.67945,1.67975,1.00,1.60
2009.09.23 09:17:42.968,1.67945,1.6798,1.00,2.80
2009.09.23 09:17:43.078,1.67945,1.6798,1.00,1.40
2009.09.23 09:17:43.138,1.67945,1.67985,1.20,1.00
2009.09.23 09:17:43.368,1.67945,1.67985,1.00,1.00
2009.09.23 09:17:43.478,1.67945,1.67985,1.00,5.20
2009.09.23 09:17:44.048,1.67945,1.67975,1.00,3.80
2009.09.23 09:17:44.398,1.6794,1.67975,1.00,3.80
2009.09.23 09:17:44.738,1.67945,1.67975,1.00,1.60
2009.09.23 09:17:45.158,1.67945,1.67985,2.70,2.80
2009.09.23 09:17:45.387,1.67945,1.67985,1.90,1.00
2009.09.23 09:17:45.617,1.67945,1.6799,1.90,2.80
2009.09.23 09:17:46.867,1.6795,1.6799,1.00,4.20
2009.09.23 09:17:47.027,1.6795,1.67985,1.00,1.00
2009.09.23 09:17:47.427,1.6795,1.6799,1.00,5.00
2009.09.23 09:17:47.786,1.6795,1.6799,1.00,3.60
2009.09.23 09:17:48.086,1.6795,1.6799,1.00,2.80
2009.09.23 09:17:48.326,1.6795,1.6799,1.00,4.20
2009.09.23 09:17:48.667,1.6795,1.6799,1.00,2.20
2009.09.23 09:17:49.476,1.67945,1.6799,1.00,2.20
2009.09.23 09:17:49.656,1.67945,1.67985,1.00,1.00
2009.09.23 09:17:49.777,1.6794,1.67985,1.00,2.30
2009.09.23 09:17:50.296,1.6795,1.6799,1.00,3.40
2009.09.23 09:17:50.686,1.67945,1.67985,1.00,2.00
2009.09.23 09:17:52.346,1.67935,1.67985,2.30,2.00
2009.09.23 09:17:52.635,1.67935,1.67985,2.20,2.00
2009.09.23 09:17:52.816,1.6793,1.67985,2.30,3.50
2009.09.23 09:17:53.385,1.6793,1.67985,3.10,3.50
2009.09.23 09:17:53.495,1.6793,1.6798,1.50,3.40
2009.09.23 09:17:53.615,1.6793,1.6798,1.50,2.00
2009.09.23 09:17:53.726,1.6793,1.6798,2.30,2.00
2009.09.23 09:17:53.785,1.6793,1.6798,1.00,2.00
2009.09.23 09:17:53.895,1.6793,1.67975,1.00,4.40
2009.09.23 09:17:54.005,1.67925,1.6797,1.60,1.40
2009.09.23 09:17:54.115,1.67925,1.6797,1.60,1.40
2009.09.23 09:17:54.175,1.67925,1.6797,1.00,2.80
2009.09.23 09:17:54.295,1.67925,1.6797,1.00,2.00
2009.09.23 09:17:54.395,1.6793,1.67975,1.40,2.00
2009.09.23 09:17:54.825,1.67935,1.67985,1.50,2.00
2009.09.23 09:17:55.165,1.6794,1.6799,1.90,3.40
2009.09.23 09:17:55.565,1.67935,1.6799,1.00,3.40
2009.09.23 09:17:55.855,1.67935,1.6799,1.90,3.40
2009.09.23 09:17:56.205,1.67935,1.6799,2.70,3.40
2009.09.23 09:17:56.545,1.67945,1.6799,1.00,4.90
2009.09.23 09:17:56.895,1.67945,1.6799,1.00,3.50
2009.09.23 09:18:02.753,1.67945,1.67975,1.00,1.00
2009.09.23 09:18:02.863,1.67935,1.67975,2.20,1.00
2009.09.23 09:18:02.923,1.67935,1.67975,1.00,2.20
2009.09.23 09:18:03.023,1.6793,1.67975,1.00,3.40
2009.09.23 09:18:03.184,1.6793,1.67975,1.00,7.80
2009.09.23 09:18:03.243,1.6793,1.6797,1.00,1.40
2009.09.23 09:18:03.363,1.6793,1.6797,1.00,4.80
2009.09.23 09:18:03.473,1.6793,1.6796,2.00,1.00
2009.09.23 09:18:03.863,1.67945,1.67965,1.00,2.00
2009.09.23 09:18:04.223,1.67935,1.67985,1.00,1.40
2009.09.23 09:18:04.563,1.6793,1.67985,3.10,1.40
2009.09.23 09:18:04.903,1.67935,1.67985,1.00,3.40
2009.09.23 09:18:05.242,1.6793,1.67975,1.60,2.20
2009.09.23 09:18:05.542,1.6793,1.67975,1.00,4.20
2009.09.23 09:18:05.903,1.6792,1.6796,1.60,1.60
2009.09.23 09:18:06.182,1.67935,1.67965,1.00,3.40
2009.09.23 09:18:06.462,1.67935,1.6797,1.00,2.00
2009.09.23 09:18:06.702,1.67935,1.67975,1.00,2.20
2009.09.23 09:18:07.092,1.6793,1.67975,1.00,2.20
2009.09.23 09:18:07.452,1.6793,1.67975,1.00,4.20
2009.09.23 09:18:07.802,1.6793,1.6797,1.00,2.00
2009.09.23 09:18:10.121,1.6793,1.67965,1.00,2.00
2009.09.23 09:18:10.471,1.67925,1.67965,1.00,2.40
2009.09.23 09:18:10.811,1.67925,1.67965,1.00,2.00
2009.09.23 09:18:11.161,1.67925,1.67965,1.20,3.40
2009.09.23 09:18:11.441,1.67925,1.67955,1.00,2.00
2009.09.23 09:18:11.791,1.67915,1.67955,1.20,2.00
2009.09.23 09:18:12.421,1.67915,1.67955,1.20,2.00
2009.09.23 09:18:12.641,1.67925,1.67965,1.00,2.00
2009.09.23 09:18:13.320,1.67925,1.67965,1.00,2.00
2009.09.23 09:18:14.490,1.67925,1.67965,1.00,2.40
2009.09.23 09:18:14.610,1.67925,1.67965,1.00,3.80
2009.09.23 09:18:14.770,1.67925,1.67965,1.00,3.40
2009.09.23 09:18:14.880,1.6792,1.67955,1.20,1.40
2009.09.23 09:18:15.000,1.6792,1.6796,1.20,1.40
2009.09.23 09:18:17.170,1.67925,1.6796,1.00,1.40
2009.09.23 09:18:20.299,1.6793,1.6797,1.00,3.40
2009.09.23 09:18:20.529,1.67925,1.67965,1.00,3.40
2009.09.23 09:18:20.699,1.6793,1.67965,1.00,2.00
2009.09.23 09:18:21.398,1.6793,1.67965,1.00,1.40
2009.09.23 09:18:22.218,1.6794,1.67965,1.00,1.40
2009.09.23 09:18:22.398,1.6795,1.67985,1.00,3.00
2009.09.23 09:18:22.788,1.6795,1.67995,1.00,3.50
2009.09.23 09:18:23.078,1.67955,1.67995,3.00,1.60
2009.09.23 09:18:23.298,1.67955,1.68,3.00,1.40
2009.09.23 09:18:23.588,1.6796,1.68,1.00,1.40
2009.09.23 09:18:23.818,1.6796,1.67995,1.00,3.40
2009.09.23 09:18:23.988,1.67955,1.67995,1.00,3.40
2009.09.23 09:18:24.158,1.67955,1.67995,1.00,3.40
2009.09.23 09:18:24.338,1.67955,1.67995,1.00,5.40
2009.09.23 09:18:24.498,1.67955,1.6799,1.00,1.00
2009.09.23 09:18:24.678,1.67955,1.6799,1.00,2.20
2009.09.23 09:18:24.858,1.67945,1.67985,1.00,1.00
2009.09.23 09:18:24.978,1.6795,1.6799,1.00,1.00
2009.09.23 09:18:25.338,1.67945,1.67985,3.00,2.00
2009.09.23 09:18:25.677,1.67945,1.6799,3.00,3.90
2009.09.23 09:18:26.037,1.67945,1.6799,3.00,1.90
2009.09.23 09:18:27.027,1.67945,1.6799,3.10,1.90
2009.09.23 09:18:27.937,1.6795,1.67995,1.80,5.50
2009.09.23 09:18:29.687,1.67955,1.67995,1.00,5.40
2009.09.23 09:18:32.056,1.67955,1.6799,1.00,2.00
2009.09.23 09:18:32.636,1.6795,1.6799,1.80,2.00
2009.09.23 09:18:32.746,1.6795,1.6799,1.00,3.50
2009.09.23 09:18:32.806,1.67945,1.6799,3.10,3.90
2009.09.23 09:18:34.625,1.6795,1.6799,1.00,3.80
2009.09.23 09:18:34.965,1.67955,1.6799,1.80,2.00
2009.09.23 09:18:35.785,1.67955,1.6799,1.90,2.00
2009.09.23 09:18:37.325,1.67955,1.67995,1.90,5.60
2009.09.23 09:18:37.604,1.67955,1.6799,1.90,2.00
2009.09.23 09:18:41.204,1.6796,1.6799,1.00,1.00
2009.09.23 09:18:42.004,1.6796,1.6799,1.00,2.80
2009.09.23 09:18:42.294,1.6796,1.6799,1.00,2.00
2009.09.23 09:18:42.524,1.67965,1.67995,1.00,2.00
2009.09.23 09:18:42.804,1.67965,1.67995,1.00,1.40
2009.09.23 09:18:43.083,1.6796,1.67995,1.00,3.40
2009.09.23 09:18:43.383,1.67965,1.67995,1.00,2.00
2009.09.23 09:18:43.683,1.67965,1.68,1.00,2.00
2009.09.23 09:18:44.203,1.67965,1.6801,1.00,5.10
2009.09.23 09:18:44.663,1.67965,1.6801,1.00,5.90
2009.09.23 09:18:44.783,1.67965,1.68,1.00,1.00
2009.09.23 09:18:44.953,1.6797,1.68,1.00,1.00
2009.09.23 09:18:48.422,1.67975,1.68,1.40,1.00
2009.09.23 09:18:48.532,1.67975,1.68,1.50,1.00
2009.09.23 09:18:48.592,1.67975,1.68,2.30,1.00
2009.09.23 09:18:48.652,1.67975,1.6801,2.30,2.80
2009.09.23 09:18:48.712,1.67975,1.6801,2.30,1.00
2009.09.23 09:18:48.872,1.67975,1.68015,2.30,1.00
2009.09.23 09:18:49.402,1.6798,1.68015,1.00,1.00
2009.09.23 09:18:49.462,1.6798,1.68025,1.00,2.70
2009.09.23 09:18:53.101,1.67975,1.68015,1.20,1.40
2009.09.23 09:18:53.331,1.67975,1.68015,1.50,3.00
2009.09.23 09:18:53.551,1.67975,1.68015,1.00,3.00
2009.09.23 09:18:53.791,1.6797,1.68005,2.30,1.60
2009.09.23 09:18:54.031,1.67975,1.68015,1.90,2.00
2009.09.23 09:18:54.321,1.6797,1.68015,4.70,3.10
2009.09.23 09:18:54.610,1.6797,1.68015,2.30,3.10
2009.09.23 09:18:55.880,1.6797,1.68015,3.10,3.10
2009.09.23 09:19:04.188,1.6798,1.6802,1.00,1.00
2009.09.23 09:19:04.238,1.6798,1.6802,1.00,1.00
2009.09.23 09:19:04.598,1.67975,1.68015,1.00,3.00
2009.09.23 09:19:04.938,1.67975,1.68015,2.00,3.00
2009.09.23 09:19:06.028,1.67975,1.68015,2.00,3.10
2009.09.23 09:19:07.108,1.67975,1.68015,2.00,3.50
2009.09.23 09:19:13.006,1.67985,1.6803,2.80,1.50
2009.09.23 09:19:13.236,1.67985,1.6803,2.00,1.50
2009.09.23 09:19:13.806,1.6798,1.6803,5.10,3.50
2009.09.23 09:19:13.856,1.6798,1.6803,3.10,3.50
2009.09.23 09:19:14.306,1.67985,1.6803,1.00,3.50
2009.09.23 09:19:14.426,1.67985,1.6803,1.00,6.30
2009.09.23 09:19:14.486,1.67985,1.68025,1.00,2.00
2009.09.23 09:19:16.165,1.67985,1.6803,1.00,4.30
2009.09.23 09:19:19.035,1.67985,1.6803,1.00,5.10
2009.09.23 09:19:21.044,1.67985,1.68025,1.00,1.00
2009.09.23 09:19:21.864,1.67985,1.6803,1.00,5.10
2009.09.23 09:19:22.834,1.6798,1.6803,3.10,4.30
2009.09.23 09:19:23.114,1.6798,1.68025,1.60,1.40
2009.09.23 09:19:23.344,1.6798,1.68025,1.00,3.80
2009.09.23 09:19:23.644,1.67985,1.68025,1.40,1.00
2009.09.23 09:19:23.983,1.67985,1.6803,1.80,3.90
2009.09.23 09:19:24.333,1.67985,1.6803,1.00,4.30
2009.09.23 09:19:28.393,1.6798,1.68025,2.30,1.00
2009.09.23 09:19:28.512,1.67985,1.68025,1.00,5.00
2009.09.23 09:19:28.633,1.67985,1.68025,1.50,4.40
2009.09.23 09:19:29.212,1.6798,1.6802,1.00,1.40
2009.09.23 09:19:29.392,1.6798,1.68025,1.90,2.00
2009.09.23 09:19:29.622,1.6798,1.68025,2.30,2.00
2009.09.23 09:19:30.652,1.67985,1.68025,1.00,2.00
2009.09.23 09:19:30.982,1.6799,1.68025,1.00,2.00
2009.09.23 09:19:31.322,1.67985,1.68025,1.00,2.00
2009.09.23 09:19:31.712,1.67985,1.68025,1.50,2.00
2009.09.23 09:19:32.042,1.67985,1.6803,1.40,2.20
2009.09.23 09:19:32.402,1.67985,1.68025,1.40,1.00
2009.09.23 09:19:32.741,1.6798,1.6802,1.00,3.80
2009.09.23 09:19:33.081,1.6798,1.68015,1.00,2.00
2009.09.23 09:19:35.921,1.6798,1.6802,1.00,5.80
2009.09.23 09:19:36.371,1.67975,1.6802,2.30,5.80
2009.09.23 09:19:36.591,1.67975,1.68005,1.00,1.60
2009.09.23 09:19:36.761,1.67975,1.6801,1.50,1.40
2009.09.23 09:19:36.921,1.67975,1.68015,1.50,2.00
2009.09.23 09:19:37.511,1.67975,1.6802,1.50,4.20
2009.09.23 09:19:37.860,1.67975,1.6802,1.50,2.20
2009.09.23 09:19:38.830,1.6798,1.6802,1.00,2.20
2009.09.23 09:19:40.949,1.67975,1.6802,1.50,2.20
2009.09.23 09:19:41.120,1.67975,1.6802,1.90,2.20
2009.09.23 09:19:41.289,1.6798,1.6802,1.50,1.00
2009.09.23 09:19:41.399,1.6798,1.6802,1.40,1.00
2009.09.23 09:19:41.570,1.67975,1.68015,1.00,1.00
2009.09.23 09:19:41.970,1.67985,1.68015,1.40,2.80
2009.09.23 09:19:42.319,1.6798,1.68025,1.40,1.40
2009.09.23 09:19:42.669,1.67985,1.6803,1.40,4.80
2009.09.23 09:19:42.999,1.67975,1.6802,1.50,3.80
2009.09.23 09:19:43.399,1.6798,1.68025,1.40,2.40
2009.09.23 09:19:44.209,1.67975,1.68015,1.40,1.40
2009.09.23 09:19:44.569,1.6796,1.68015,1.90,4.20
2009.09.23 09:19:44.969,1.6797,1.6801,1.40,2.00
2009.09.23 09:19:45.259,1.6797,1.68015,1.40,2.50
2009.09.23 09:19:45.538,1.6797,1.68015,1.40,2.00
2009.09.23 09:19:47.298,1.6797,1.68015,1.50,2.00
2009.09.23 09:19:49.768,1.67975,1.68015,1.00,2.00
2009.09.23 09:19:50.787,1.67975,1.6802,1.90,7.30
2009.09.23 09:19:51.197,1.67975,1.6802,1.90,2.80
2009.09.23 09:19:51.897,1.6798,1.68025,1.50,2.50
2009.09.23 09:19:52.227,1.67975,1.68025,1.00,2.50
2009.09.23 09:19:54.636,1.67975,1.68025,1.00,3.70
2009.09.23 09:19:54.806,1.67975,1.68015,1.00,2.20
2009.09.23 09:19:54.926,1.67975,1.68015,1.00,4.20
2009.09.23 09:19:55.506,1.67975,1.6801,1.00,2.00
2009.09.23 09:20:01.814,1.6797,1.6801,1.00,3.40
2009.09.23 09:20:01.924,1.6797,1.68005,1.00,2.00
2009.09.23 09:20:02.094,1.6797,1.68005,1.00,2.80
2009.09.23 09:20:06.823,1.6797,1.68005,1.00,1.00
2009.09.23 09:20:07.123,1.67975,1.6801,1.00,2.00
2009.09.23 09:20:07.293,1.67975,1.68015,1.00,4.20
2009.09.23 09:20:07.513,1.6796,1.67995,1.00,1.40
2009.09.23 09:20:07.743,1.6796,1.67995,1.00,3.80
2009.09.23 09:20:07.913,1.6796,1.67995,1.00,5.80
2009.09.23 09:20:08.143,1.6796,1.6799,1.00,2.00
2009.09.23 09:20:08.443,1.67965,1.6799,1.00,2.00
2009.09.23 09:20:08.733,1.67965,1.68005,1.00,2.80
2009.09.23 09:20:09.013,1.67965,1.68005,1.00,2.00
2009.09.23 09:20:09.302,1.67965,1.67995,1.00,2.00
2009.09.23 09:20:10.162,1.6796,1.67995,1.00,5.80
2009.09.23 09:20:10.383,1.6796,1.6799,1.00,2.00
2009.09.23 09:20:11.082,1.6796,1.67995,1.00,8.10
2009.09.23 09:20:11.352,1.6796,1.67995,1.00,5.80
2009.09.23 09:20:11.702,1.6796,1.67995,1.00,3.60
2009.09.23 09:20:12.062,1.6796,1.6799,1.00,2.00
2009.09.23 09:20:12.712,1.6796,1.6798,1.00,1.60
2009.09.23 09:20:12.992,1.6796,1.6799,1.00,3.40
2009.09.23 09:20:13.342,1.6796,1.6799,1.00,1.00
2009.09.23 09:20:14.141,1.6796,1.6799,3.10,1.00
2009.09.23 09:20:14.371,1.67965,1.68,1.00,2.00
2009.09.23 09:20:14.591,1.67965,1.68005,1.00,1.00
2009.09.23 09:20:17.781,1.67965,1.68005,1.90,1.40
2009.09.23 09:20:17.951,1.67965,1.68005,1.90,3.40
2009.09.23 09:20:18.120,1.67965,1.68,1.50,2.00
2009.09.23 09:20:18.701,1.67965,1.68005,1.00,1.40
2009.09.23 09:20:18.880,1.6796,1.67995,1.00,5.40
2009.09.23 09:20:19.100,1.6796,1.6799,1.00,1.60
2009.09.23 09:20:19.330,1.67955,1.6799,1.00,6.40
2009.09.23 09:20:19.560,1.67945,1.67985,1.00,4.20
2009.09.23 09:20:19.800,1.6794,1.6798,1.00,1.00
2009.09.23 09:20:20.190,1.67945,1.67985,1.00,5.80
2009.09.23 09:20:20.540,1.67945,1.6798,1.00,1.60
2009.09.23 09:20:20.870,1.67935,1.6798,1.80,5.80
2009.09.23 09:20:21.220,1.6794,1.67975,2.30,2.00
2009.09.23 09:20:21.570,1.6795,1.6799,1.00,2.40
2009.09.23 09:20:21.929,1.67945,1.6799,1.00,1.90
2009.09.23 09:20:22.260,1.67945,1.6799,1.00,3.90
2009.09.23 09:20:22.969,1.67945,1.6799,1.00,3.90
2009.09.23 09:20:23.440,1.6795,1.6799,1.00,3.80
2009.09.23 09:20:23.550,1.6795,1.6799,1.80,1.00
2009.09.23 09:20:23.659,1.6795,1.6799,2.60,1.00
2009.09.23 09:20:24.300,1.6795,1.6799,1.00,1.80
2009.09.23 09:20:24.579,1.67955,1.67995,1.00,4.20
2009.09.23 09:20:24.849,1.6796,1.67995,1.00,2.00
2009.09.23 09:20:25.069,1.67955,1.68,1.00,2.40
2009.09.23 09:20:25.359,1.67955,1.67995,1.00,1.00
2009.09.23 09:20:25.699,1.67955,1.67995,1.00,2.40
2009.09.23 09:20:26.049,1.67955,1.67995,1.00,1.00
2009.09.23 09:20:26.739,1.67955,1.67995,1.00,1.00
2009.09.23 09:20:27.128,1.67955,1.67995,1.00,2.40
2009.09.23 09:20:27.778,1.67945,1.6799,1.00,1.00
2009.09.23 09:20:28.648,1.6795,1.67995,1.00,1.00
2009.09.23 09:20:28.868,1.67955,1.67995,1.00,1.00
2009.09.23 09:20:29.048,1.6795,1.67995,1.00,1.20
2009.09.23 09:20:29.258,1.6795,1.68,1.00,2.00
2009.09.23 09:20:29.488,1.6795,1.68,1.00,2.40
2009.09.23 09:20:30.348,1.67965,1.67995,1.40,4.40
2009.09.23 09:20:30.687,1.67945,1.67985,2.00,1.40
2009.09.23 09:20:31.207,1.6795,1.6799,1.80,1.40
2009.09.23 09:20:31.327,1.6794,1.67985,4.40,1.40
2009.09.23 09:20:31.447,1.6794,1.67985,2.80,1.40
2009.09.23 09:20:31.737,1.6794,1.67985,2.00,1.40
2009.09.23 09:20:32.208,1.6794,1.67985,1.50,2.00
2009.09.23 09:20:32.547,1.6794,1.6799,1.00,2.00
2009.09.23 09:20:32.887,1.6794,1.67985,1.40,1.40
2009.09.23 09:20:35.017,1.6794,1.67985,1.50,1.40
2009.09.23 09:20:36.336,1.6794,1.67975,1.00,1.40
2009.09.23 09:20:36.626,1.6794,1.6798,1.00,3.00
2009.09.23 09:20:36.916,1.67935,1.6798,1.90,3.40
2009.09.23 09:20:37.216,1.6794,1.6798,1.00,4.40
2009.09.23 09:20:37.786,1.67955,1.6798,1.40,1.40
2009.09.23 09:20:38.186,1.67955,1.67995,1.40,1.90
2009.09.23 09:20:38.296,1.67945,1.6799,5.90,1.00
2009.09.23 09:20:38.406,1.6795,1.6799,2.00,1.00
2009.09.23 09:20:38.516,1.67945,1.6799,3.90,1.00
2009.09.23 09:20:39.616,1.6795,1.6799,1.00,1.00
2009.09.23 09:20:39.975,1.6795,1.67995,2.20,1.00
2009.09.23 09:20:40.315,1.67945,1.6799,3.90,1.00
2009.09.23 09:20:40.605,1.67945,1.6799,2.30,1.00
2009.09.23 09:20:40.895,1.6794,1.67985,1.00,1.90
2009.09.23 09:20:41.235,1.6794,1.67985,1.00,2.30
2009.09.23 09:20:42.794,1.67935,1.6798,1.00,1.90
2009.09.23 09:20:43.024,1.6794,1.67985,1.00,3.90
2009.09.23 09:20:43.194,1.67935,1.6798,1.00,1.90
2009.09.23 09:20:43.994,1.67935,1.6798,1.00,1.80
2009.09.23 09:20:44.104,1.67935,1.67985,1.00,2.40
2009.09.23 09:20:44.264,1.67935,1.67985,1.00,3.20
2009.09.23 09:20:44.494,1.67935,1.67985,1.00,1.20
2009.09.23 09:20:44.714,1.67935,1.67985,1.00,3.20
2009.09.23 09:20:45.064,1.67935,1.6798,1.00,2.20
2009.09.23 09:20:45.864,1.67935,1.6798,1.40,2.00
2009.09.23 09:20:46.154,1.6793,1.67975,1.00,1.00
2009.09.23 09:20:46.444,1.67935,1.67975,1.00,1.00
2009.09.23 09:20:46.734,1.67935,1.67975,1.00,2.80
2009.09.23 09:20:47.693,1.6793,1.67975,1.00,2.80
2009.09.23 09:20:50.103,1.67925,1.67965,1.00,5.80
2009.09.23 09:20:50.633,1.67925,1.67965,1.00,2.00
2009.09.23 09:20:50.853,1.6793,1.67975,1.90,2.40
2009.09.23 09:20:51.143,1.67935,1.67975,1.00,2.40
2009.09.23 09:20:51.473,1.67925,1.6797,1.00,1.00
2009.09.23 09:20:51.823,1.6792,1.6796,1.00,1.00
2009.09.23 09:20:52.682,1.6793,1.67975,1.40,5.60
2009.09.23 09:20:53.042,1.6793,1.67975,1.40,2.00
2009.09.23 09:20:53.402,1.67935,1.67975,1.40,2.00
2009.09.23 09:20:53.522,1.6793,1.6798,1.00,3.50
2009.09.23 09:20:53.742,1.67925,1.6798,1.00,2.20
2009.09.23 09:20:53.862,1.67925,1.6798,1.50,2.00
2009.09.23 09:20:54.212,1.67925,1.67985,3.50,4.00
2009.09.23 09:20:54.382,1.67925,1.67985,2.60,3.40
2009.09.23 09:20:54.622,1.67925,1.67985,4.60,3.40
2009.09.23 09:20:54.862,1.67935,1.67985,1.40,3.40
2009.09.23 09:20:55.102,1.67935,1.6798,1.40,1.40
2009.09.23 09:20:55.392,1.67935,1.6798,1.80,1.40
2009.09.23 09:20:55.732,1.6794,1.67995,1.50,3.40
2009.09.23 09:20:56.081,1.6794,1.6799,1.50,2.00
2009.09.23 09:20:56.431,1.6794,1.6799,1.40,3.90
2009.09.23 09:20:56.771,1.67935,1.6798,1.00,3.40
2009.09.23 09:20:57.061,1.6793,1.6797,1.00,1.40
2009.09.23 09:20:57.341,1.67925,1.6797,1.00,2.20
2009.09.23 09:20:57.681,1.67925,1.6798,1.40,5.40
2009.09.23 09:20:58.011,1.67925,1.6798,1.40,4.20
2009.09.23 09:20:58.351,1.67925,1.67975,1.40,2.00
2009.09.23 09:20:58.881,1.6792,1.67975,2.90,1.40
2009.09.23 09:20:59.181,1.6792,1.67975,1.50,1.40
2009.09.23 09:20:59.511,1.67925,1.6798,1.50,4.20
2009.09.23 09:20:59.790,1.6792,1.67975,4.90,1.40
2009.09.23 09:21:00.090,1.67925,1.67975,1.50,2.00
2009.09.23 09:21:00.320,1.6792,1.67975,3.50,1.40
2009.09.23 09:21:00.610,1.6792,1.67975,1.50,3.40
2009.09.23 09:21:00.840,1.67925,1.67975,1.50,2.00
2009.09.23 09:21:01.070,1.67925,1.6798,1.50,3.40
2009.09.23 09:21:01.980,1.67925,1.6798,1.40,4.20
2009.09.23 09:21:02.200,1.67925,1.67975,1.00,1.40
2009.09.23 09:21:02.550,1.67925,1.6798,1.50,3.40
2009.09.23 09:21:02.900,1.67925,1.6798,1.50,1.40
2009.09.23 09:21:03.350,1.67935,1.67985,1.40,2.00
2009.09.23 09:21:03.460,1.6793,1.6798,1.00,1.40
2009.09.23 09:21:03.580,1.67925,1.67975,1.00,1.40
2009.09.23 09:21:03.810,1.67925,1.6798,1.50,1.80
2009.09.23 09:21:03.870,1.67925,1.6798,1.40,1.40
2009.09.23 09:21:04.289,1.67925,1.6798,1.50,1.40
2009.09.23 09:21:05.389,1.67925,1.67985,1.40,3.90
2009.09.23 09:21:05.569,1.67925,1.6798,1.50,3.40
2009.09.23 09:21:05.809,1.67925,1.67985,1.40,2.40
2009.09.23 09:21:06.039,1.67925,1.6798,1.40,1.40
2009.09.23 09:21:06.259,1.67925,1.6798,3.50,1.40
2009.09.23 09:21:06.849,1.67925,1.67985,3.50,2.00
2009.09.23 09:21:07.189,1.6793,1.67985,1.00,2.00
2009.09.23 09:21:07.579,1.67935,1.6799,1.40,2.40
2009.09.23 09:21:08.208,1.67935,1.6799,1.40,1.00
2009.09.23 09:21:08.539,1.67945,1.67995,1.40,6.80
2009.09.23 09:21:08.828,1.6794,1.6799,1.80,1.40
2009.09.23 09:21:09.168,1.67945,1.6799,1.40,1.00
2009.09.23 09:21:09.278,1.67945,1.67995,1.40,3.80
2009.09.23 09:21:09.508,1.6794,1.67995,1.00,4.40
2009.09.23 09:21:09.628,1.67935,1.67995,3.50,6.80
2009.09.23 09:21:09.798,1.67935,1.6799,3.40,1.00
2009.09.23 09:21:09.908,1.67935,1.67985,2.00,1.40
2009.09.23 09:21:10.018,1.6793,1.6798,1.50,1.40
2009.09.23 09:21:10.418,1.67925,1.6798,2.00,1.40
2009.09.23 09:21:10.768,1.67925,1.6798,1.00,6.30
2009.09.23 09:21:11.808,1.67925,1.6798,1.00,6.40
2009.09.23 09:21:12.427,1.6793,1.6798,1.40,6.30
2009.09.23 09:21:12.757,1.6793,1.6798,1.40,3.40
2009.09.23 09:21:13.037,1.6793,1.6798,1.50,2.00
2009.09.23 09:21:13.207,1.67935,1.67985,2.20,2.00
2009.09.23 09:21:13.367,1.67935,1.6799,2.30,5.10
2009.09.23 09:21:13.537,1.67935,1.6799,2.30,7.10
2009.09.23 09:21:14.167,1.67935,1.67985,2.30,2.00
2009.09.23 09:21:14.347,1.6794,1.6799,1.40,2.00
2009.09.23 09:21:14.577,1.6794,1.67995,1.40,4.70
2009.09.23 09:21:14.747,1.6794,1.67995,1.50,4.70
2009.09.23 09:21:16.596,1.67935,1.6799,1.00,3.80
2009.09.23 09:21:16.766,1.67935,1.6798,1.00,1.40
2009.09.23 09:21:16.946,1.6793,1.6798,1.50,1.40
2009.09.23 09:21:17.106,1.6793,1.6798,1.40,1.40
2009.09.23 09:21:17.276,1.6793,1.6798,1.50,3.40
2009.09.23 09:21:17.786,1.6793,1.6798,1.50,1.40
2009.09.23 09:21:18.466,1.6793,1.6798,1.50,3.40
2009.09.23 09:21:19.016,1.67925,1.67975,1.40,1.40
2009.09.23 09:21:20.935,1.67925,1.67975,1.50,1.40
2009.09.23 09:21:21.206,1.67925,1.67975,1.50,2.20
2009.09.23 09:21:21.435,1.67935,1.67975,2.20,1.00
2009.09.23 09:21:21.665,1.67935,1.6798,2.20,1.20
2009.09.23 09:21:21.895,1.67935,1.6798,1.00,4.30
2009.09.23 09:21:22.235,1.6793,1.67975,2.30,1.00
2009.09.23 09:21:23.914,1.67935,1.67975,1.00,1.00
2009.09.23 09:21:24.264,1.6794,1.67975,1.00,1.00
2009.09.23 09:21:24.605,1.67945,1.67975,1.00,1.00
2009.09.23 09:21:24.784,1.67955,1.67985,1.60,2.20
2009.09.23 09:21:24.964,1.6795,1.67985,1.00,3.00
2009.09.23 09:21:25.135,1.67945,1.67985,3.00,1.00
2009.09.23 09:21:25.424,1.67945,1.6799,3.40,3.50
2009.09.23 09:21:25.724,1.6795,1.6799,1.00,5.40
2009.09.23 09:21:26.004,1.6795,1.6799,1.00,3.40
2009.09.23 09:21:27.534,1.67945,1.6799,3.50,3.50
2009.09.23 09:21:29.104,1.67945,1.67985,1.00,3.00
2009.09.23 09:21:29.283,1.6794,1.67985,1.90,3.40
2009.09.23 09:21:29.753,1.6794,1.6798,1.90,1.60
2009.09.23 09:21:30.563,1.6794,1.6798,1.00,4.80
2009.09.23 09:21:32.073,1.6794,1.6798,1.90,1.60
2009.09.23 09:21:32.363,1.6794,1.6798,2.70,1.60
2009.09.23 09:21:33.333,1.67945,1.6799,3.40,4.30
2009.09.23 09:21:33.512,1.67945,1.6799,3.40,3.50
2009.09.23 09:21:33.962,1.67945,1.6799,3.50,3.50
2009.09.23 09:21:34.822,1.6795,1.6799,1.00,3.40
2009.09.23 09:21:35.052,1.67955,1.67995,1.80,1.00
2009.09.23 09:21:35.232,1.67955,1.68,2.60,3.50
2009.09.23 09:21:35.922,1.6795,1.67995,1.90,1.80
2009.09.23 09:21:36.972,1.6795,1.67995,1.90,1.90
2009.09.23 09:21:37.311,1.67955,1.67995,1.00,1.80
2009.09.23 09:21:37.642,1.6796,1.68005,3.00,2.30
2009.09.23 09:21:37.862,1.6796,1.68005,2.40,1.90
2009.09.23 09:21:38.081,1.6796,1.68,1.60,1.00
2009.09.23 09:21:38.261,1.6796,1.68,2.40,1.00
2009.09.23 09:21:38.501,1.6795,1.68,2.80,1.00
2009.09.23 09:21:38.781,1.6795,1.68,1.00,1.00
2009.09.23 09:21:39.071,1.67955,1.68,1.00,2.00
2009.09.23 09:21:39.851,1.6795,1.67995,2.30,2.00
2009.09.23 09:21:40.141,1.6795,1.67995,2.30,2.00
2009.09.23 09:21:40.421,1.6795,1.67995,2.30,1.00
2009.09.23 09:21:42.770,1.6795,1.67995,2.30,1.00
2009.09.23 09:21:42.990,1.6795,1.67995,2.30,1.00
2009.09.23 09:21:43.160,1.6795,1.67995,2.30,2.40
2009.09.23 09:21:43.330,1.6795,1.67995,2.30,2.00
2009.09.23 09:21:43.500,1.6795,1.67995,2.30,1.00
2009.09.23 09:21:43.840,1.6795,1.67995,2.30,2.00
2009.09.23 09:21:44.669,1.6795,1.68,2.30,2.40
2009.09.23 09:21:44.949,1.6795,1.67995,2.30,1.00
2009.09.23 09:21:47.219,1.6795,1.67995,1.00,1.00
2009.09.23 09:21:47.559,1.67945,1.6799,2.30,1.00
2009.09.23 09:21:47.899,1.6795,1.67995,2.30,1.00
2009.09.23 09:21:48.979,1.6795,1.67995,1.00,1.00
2009.09.23 09:21:50.088,1.67955,1.68,2.30,1.00
2009.09.23 09:21:52.878,1.67955,1.68,2.30,1.20
2009.09.23 09:21:54.097,1.67955,1.67995,2.20,1.00
2009.09.23 09:21:54.567,1.67955,1.68,2.30,1.20
2009.09.23 09:21:56.027,1.67955,1.68,2.30,3.20
2009.09.23 09:21:56.487,1.6796,1.68,1.60,1.00
2009.09.23 09:21:57.007,1.6797,1.67995,1.60,1.00
2009.09.23 09:21:57.247,1.6795,1.67995,5.70,1.40
2009.09.23 09:21:57.537,1.6795,1.6799,1.00,1.40
2009.09.23 09:21:57.937,1.67945,1.6799,2.30,1.00
2009.09.23 09:21:58.636,1.67945,1.6799,2.30,2.80
2009.09.23 09:21:58.806,1.6795,1.6799,1.00,2.80
2009.09.23 09:21:59.266,1.6795,1.6799,1.50,2.80
2009.09.23 09:21:59.506,1.6795,1.6799,2.30,2.00
2009.09.23 09:21:59.796,1.6795,1.67995,2.30,4.30
2009.09.23 09:21:59.906,1.6795,1.67995,2.30,3.90
2009.09.23 09:22:02.485,1.6795,1.67995,1.00,5.50
2009.09.23 09:22:02.835,1.6795,1.6799,1.00,1.00
2009.09.23 09:22:03.165,1.6795,1.6799,2.20,1.00
2009.09.23 09:22:03.505,1.67945,1.6799,2.30,1.00
2009.09.23 09:22:03.795,1.6795,1.67995,2.30,3.90
2009.09.23 09:22:04.595,1.6795,1.67995,2.30,1.90
2009.09.23 09:22:05.525,1.6795,1.67995,2.30,3.90
2009.09.23 09:22:07.264,1.6795,1.6799,1.00,1.00
2009.09.23 09:22:07.604,1.67945,1.6799,2.30,1.00
2009.09.23 09:22:07.964,1.6795,1.6799,1.50,1.00
2009.09.23 09:22:08.294,1.67955,1.67985,1.00,1.40
2009.09.23 09:22:08.464,1.6794,1.67985,4.40,1.40
2009.09.23 09:22:08.644,1.6794,1.6799,3.40,1.90
2009.09.23 09:22:08.824,1.67945,1.6799,1.00,3.90
2009.09.23 09:22:08.994,1.6794,1.6799,1.40,3.90
2009.09.23 09:22:09.294,1.6794,1.6799,1.40,5.90
2009.09.23 09:22:10.144,1.6794,1.6798,1.40,2.00
2009.09.23 09:22:10.534,1.6795,1.67995,3.40,1.00
2009.09.23 09:22:10.753,1.6795,1.6799,2.00,1.40
2009.09.23 09:22:11.034,1.6794,1.6799,4.90,1.40
2009.09.23 09:22:11.263,1.67945,1.6799,1.00,1.40
2009.09.23 09:22:11.533,1.67945,1.6799,1.00,3.40
2009.09.23 09:22:12.763,1.67945,1.6799,1.00,1.40
2009.09.23 09:22:13.433,1.67945,1.6799,1.00,2.20
2009.09.23 09:22:13.983,1.67945,1.6799,1.00,2.30
2009.09.23 09:22:14.323,1.67945,1.6799,1.00,1.50
2009.09.23 09:22:15.063,1.67945,1.6799,1.00,1.40
2009.09.23 09:22:15.233,1.67945,1.67995,1.90,3.90
2009.09.23 09:22:15.352,1.67945,1.67995,1.00,4.80
2009.09.23 09:22:15.522,1.67945,1.67995,1.00,4.80
2009.09.23 09:22:15.642,1.67945,1.67995,1.00,6.80
2009.09.23 09:22:16.702,1.67945,1.6799,1.00,1.00
2009.09.23 09:22:17.972,1.67945,1.6799,1.00,1.00
2009.09.23 09:22:18.192,1.67945,1.6799,1.00,3.30
2009.09.23 09:22:18.412,1.67945,1.6799,1.00,6.20
2009.09.23 09:22:23.061,1.67945,1.6799,1.80,4.80
2009.09.23 09:22:23.400,1.67945,1.67985,1.80,2.00
2009.09.23 09:22:23.760,1.67945,1.6799,1.80,1.00
2009.09.23 09:22:23.980,1.6795,1.67995,1.60,4.00
2009.09.23 09:22:24.100,1.67955,1.6799,1.00,1.40
2009.09.23 09:22:24.270,1.67945,1.6799,1.90,1.40
2009.09.23 09:22:24.380,1.67945,1.6799,2.30,1.80
2009.09.23 09:22:24.490,1.67945,1.6799,1.80,1.50
2009.09.23 09:22:25.080,1.6795,1.6799,1.00,1.50
2009.09.23 09:22:25.430,1.67945,1.6799,2.20,3.80
2009.09.23 09:22:25.780,1.67945,1.6799,1.80,1.50
2009.09.23 09:22:26.070,1.6795,1.6799,1.80,1.00
2009.09.23 09:22:26.700,1.67945,1.6799,1.90,1.50
2009.09.23 09:22:26.990,1.6795,1.6799,1.40,1.00
2009.09.23 09:22:27.320,1.6795,1.67995,2.20,1.00
2009.09.23 09:22:27.679,1.6795,1.67995,2.20,1.00
2009.09.23 09:22:28.009,1.6795,1.67995,2.20,2.00
2009.09.23 09:22:30.749,1.67955,1.67995,3.00,2.00
2009.09.23 09:22:31.089,1.67965,1.68,1.40,1.00
2009.09.23 09:22:31.469,1.6797,1.68005,1.80,2.00
2009.09.23 09:22:31.819,1.6797,1.6801,1.80,1.00
2009.09.23 09:22:32.168,1.6797,1.6801,1.00,1.00
2009.09.23 09:22:32.869,1.67965,1.6801,1.50,2.60
2009.09.23 09:22:33.378,1.67965,1.6801,1.40,2.70
2009.09.23 09:22:33.728,1.6796,1.68005,1.90,1.40
2009.09.23 09:22:33.848,1.6796,1.68005,1.90,1.50
2009.09.23 09:22:35.107,1.6796,1.68005,2.70,1.50
2009.09.23 09:22:36.817,1.6796,1.68005,4.70,3.50
2009.09.23 09:22:36.997,1.6797,1.6801,1.00,1.20
2009.09.23 09:22:37.117,1.6796,1.68005,3.50,2.70
2009.09.23 09:22:37.627,1.6796,1.68005,3.50,3.40
2009.09.23 09:22:38.327,1.6796,1.68005,3.40,3.50
2009.09.23 09:22:38.677,1.6796,1.68005,3.50,4.30
2009.09.23 09:22:38.947,1.6796,1.68005,3.50,2.70
2009.09.23 09:22:39.966,1.6796,1.68005,3.50,4.30
2009.09.23 09:22:41.416,1.67965,1.68005,1.00,4.20
2009.09.23 09:22:42.466,1.6796,1.68005,3.50,4.20
2009.09.23 09:22:44.395,1.67965,1.68005,1.50,2.80
2009.09.23 09:22:44.625,1.67965,1.68005,1.00,4.20
2009.09.23 09:22:47.445,1.6798,1.68005,1.60,1.00
2009.09.23 09:22:47.664,1.67975,1.6801,1.80,1.00
2009.09.23 09:22:47.904,1.6797,1.6801,1.00,2.20
2009.09.23 09:22:48.135,1.6797,1.6801,1.90,1.40
2009.09.23 09:22:49.184,1.67975,1.6801,1.00,1.40
2009.09.23 09:22:49.364,1.67975,1.6801,1.50,1.40
2009.09.23 09:22:49.424,1.67975,1.68015,1.50,2.00
2009.09.23 09:22:49.594,1.67975,1.68015,1.90,1.60
2009.09.23 09:22:49.654,1.6798,1.6802,1.00,3.40
2009.09.23 09:22:49.824,1.67975,1.6802,1.40,3.40
2009.09.23 09:22:49.884,1.6798,1.6802,1.40,1.40
2009.09.23 09:22:49.994,1.6797,1.68025,1.50,8.70
2009.09.23 09:22:50.044,1.6797,1.68025,1.50,6.70
2009.09.23 09:22:50.394,1.6797,1.68025,1.50,3.80
2009.09.23 09:22:51.103,1.6798,1.68025,1.40,3.40
2009.09.23 09:22:52.653,1.6798,1.68025,1.50,3.40
2009.09.23 09:22:53.573,1.6798,1.68025,1.50,7.80
2009.09.23 09:22:53.863,1.67975,1.6802,1.50,2.80
2009.09.23 09:22:54.033,1.67975,1.6802,1.90,2.80
2009.09.23 09:22:54.143,1.67975,1.68015,1.50,1.00
2009.09.23 09:22:54.203,1.67975,1.68015,1.40,1.00
2009.09.23 09:22:54.253,1.67975,1.6801,1.40,1.00
2009.09.23 09:22:54.313,1.6797,1.6801,1.40,1.00
2009.09.23 09:22:54.883,1.67965,1.6801,2.60,1.00
2009.09.23 09:22:55.233,1.6798,1.6802,1.40,2.50
2009.09.23 09:22:55.573,1.67975,1.6802,1.00,3.30
2009.09.23 09:22:55.922,1.6798,1.68015,1.00,2.00
2009.09.23 09:22:56.262,1.67975,1.6801,1.00,1.40
2009.09.23 09:22:56.602,1.6798,1.68015,1.00,2.00
2009.09.23 09:22:57.003,1.6798,1.6802,1.00,1.00
2009.09.23 09:22:57.302,1.6798,1.6802,1.00,1.30
2009.09.23 09:22:57.592,1.6798,1.6802,1.00,1.00
2009.09.23 09:22:58.802,1.6798,1.68015,1.00,2.00
2009.09.23 09:22:59.032,1.6798,1.68015,1.00,1.40
2009.09.23 09:22:59.262,1.6798,1.6802,1.00,4.10
2009.09.23 09:22:59.322,1.6798,1.6802,1.00,2.50
2009.09.23 09:22:59.492,1.6798,1.6802,1.00,4.50
2009.09.23 09:22:59.552,1.6798,1.68015,1.00,2.00
2009.09.23 09:22:59.722,1.6798,1.6802,1.00,2.50
2009.09.23 09:23:01.461,1.67975,1.68005,1.00,1.00
2009.09.23 09:23:01.631,1.6797,1.68005,1.00,1.00
2009.09.23 09:23:01.971,1.67965,1.6801,1.80,3.80
2009.09.23 09:23:02.421,1.67965,1.68,1.00,1.40
2009.09.23 09:23:02.771,1.6795,1.67995,1.50,1.40
2009.09.23 09:23:03.121,1.67955,1.68,1.40,3.40
2009.09.23 09:23:03.451,1.6795,1.67995,1.50,1.40
2009.09.23 09:23:04.270,1.67955,1.67995,1.00,1.40
2009.09.23 09:23:04.830,1.67945,1.67995,1.50,1.40
2009.09.23 09:23:04.950,1.6795,1.67995,1.00,1.40
2009.09.23 09:23:05.240,1.6795,1.68,1.50,4.10
2009.09.23 09:23:05.351,1.67955,1.67995,1.00,2.00
2009.09.23 09:23:07.120,1.6796,1.67995,1.00,2.00
2009.09.23 09:23:08.479,1.6796,1.68,1.00,3.20
2009.09.23 09:23:08.709,1.6796,1.67995,1.00,2.00
2009.09.23 09:23:09.349,1.6796,1.68,1.00,3.20
2009.09.23 09:23:10.459,1.6796,1.67995,1.00,2.00
2009.09.23 09:23:10.929,1.6796,1.68,1.00,3.20
2009.09.23 09:23:11.099,1.6796,1.68,1.00,2.80
2009.09.23 09:23:11.319,1.6796,1.68,1.90,2.80
2009.09.23 09:23:11.489,1.6796,1.68,1.00,3.60
2009.09.23 09:23:12.179,1.6796,1.68005,1.00,7.00
2009.09.23 09:23:12.518,1.6796,1.68005,1.00,5.00
2009.09.23 09:23:12.809,1.6796,1.68,1.00,1.60
2009.09.23 09:23:13.028,1.6796,1.67995,1.00,8.20
2009.09.23 09:23:13.328,1.6796,1.6799,1.00,3.40
2009.09.23 09:23:13.558,1.6796,1.67995,1.00,3.40
2009.09.23 09:23:14.358,1.6796,1.67995,1.00,5.40
2009.09.23 09:23:14.528,1.6796,1.67995,1.00,3.60
2009.09.23 09:23:15.668,1.67955,1.67995,1.90,3.60
2009.09.23 09:23:15.838,1.67955,1.6798,1.00,1.60
2009.09.23 09:23:16.178,1.67955,1.6799,1.00,2.00
2009.09.23 09:23:16.357,1.67955,1.67995,1.90,3.60
2009.09.23 09:23:16.867,1.67955,1.67995,1.90,1.60
2009.09.23 09:23:17.207,1.6796,1.68,1.90,3.00
2009.09.23 09:23:17.917,1.67965,1.68005,1.00,5.00
2009.09.23 09:23:18.087,1.67965,1.68005,1.50,2.80
2009.09.23 09:23:18.327,1.67965,1.6801,1.50,3.00
2009.09.23 09:23:18.497,1.6797,1.6801,1.00,3.00
2009.09.23 09:23:18.677,1.6797,1.68005,1.50,1.00
2009.09.23 09:23:18.897,1.6797,1.6801,1.50,3.60
2009.09.23 09:23:19.077,1.67965,1.68005,1.90,2.00
2009.09.23 09:23:19.247,1.67965,1.6801,1.50,5.00
2009.09.23 09:23:24.366,1.67965,1.6801,1.50,4.20
2009.09.23 09:23:24.486,1.67965,1.68005,1.50,1.40
2009.09.23 09:23:25.055,1.67965,1.68005,1.00,1.40
2009.09.23 09:23:25.415,1.67965,1.6801,1.00,1.60
2009.09.23 09:23:25.705,1.67965,1.6801,1.00,1.00
2009.09.23 09:23:26.355,1.67965,1.6801,1.00,2.80
2009.09.23 09:23:30.184,1.6796,1.68005,1.90,2.00
2009.09.23 09:23:30.884,1.6796,1.68,1.00,3.80
2009.09.23 09:23:32.044,1.6796,1.68,1.80,3.40
2009.09.23 09:23:32.844,1.67965,1.6801,1.40,3.50
2009.09.23 09:23:33.084,1.6796,1.68005,1.90,1.40
2009.09.23 09:23:35.303,1.67965,1.6801,1.40,5.50
2009.09.23 09:23:35.533,1.67965,1.6801,2.20,1.40
2009.09.23 09:23:35.763,1.6796,1.68,1.00,1.40
2009.09.23 09:23:36.003,1.67955,1.68,3.90,1.80
2009.09.23 09:23:36.283,1.67965,1.6801,1.40,3.80
2009.09.23 09:23:36.563,1.6796,1.68,2.00,1.40
2009.09.23 09:23:36.843,1.6796,1.6801,2.40,2.20
2009.09.23 09:23:37.133,1.6796,1.6801,1.00,2.20
2009.09.23 09:23:37.473,1.6796,1.6801,1.00,4.20
2009.09.23 09:23:39.052,1.67965,1.6801,1.00,4.30
2009.09.23 09:23:40.172,1.67965,1.6801,1.50,4.30
2009.09.23 09:23:40.342,1.6797,1.6801,1.40,2.00
2009.09.23 09:23:40.632,1.67965,1.6801,1.40,3.40
2009.09.23 09:23:41.252,1.67965,1.6801,1.40,1.40
2009.09.23 09:23:41.602,1.67955,1.68,3.10,1.40
2009.09.23 09:23:41.951,1.6796,1.6801,1.00,2.80
2009.09.23 09:23:42.331,1.6796,1.6801,1.00,2.00
2009.09.23 09:23:42.681,1.67965,1.6801,1.80,2.00
2009.09.23 09:23:43.031,1.67965,1.68015,1.80,4.20
2009.09.23 09:23:43.871,1.6797,1.68015,1.40,3.50
2009.09.23 09:23:43.991,1.6797,1.68015,1.50,3.50
2009.09.23 09:23:44.101,1.6797,1.68015,1.40,3.50
2009.09.23 09:23:44.211,1.67965,1.6801,1.00,2.20
2009.09.23 09:23:44.321,1.6797,1.6801,1.00,4.20
2009.09.23 09:23:44.431,1.67965,1.68005,1.00,1.40
2009.09.23 09:23:44.551,1.67965,1.68005,1.00,3.80
2009.09.23 09:23:45.641,1.6797,1.6801,1.00,3.00
2009.09.23 09:23:45.971,1.6797,1.68015,3.80,3.50
2009.09.23 09:23:46.311,1.6797,1.68015,3.90,4.30
2009.09.23 09:23:46.651,1.6797,1.68015,3.90,3.50
2009.09.23 09:23:47.000,1.6797,1.68015,1.50,1.50
2009.09.23 09:23:47.350,1.6797,1.68015,1.50,1.40
2009.09.23 09:23:47.690,1.6797,1.6801,1.50,1.00
2009.09.23 09:23:48.100,1.6796,1.68005,4.30,1.40
2009.09.23 09:23:48.430,1.6796,1.68,1.00,1.40
2009.09.23 09:23:49.530,1.6796,1.68005,1.50,1.80
2009.09.23 09:23:49.760,1.6796,1.68005,1.50,1.40
2009.09.23 09:23:51.369,1.6796,1.68005,1.90,1.40
2009.09.23 09:23:52.859,1.6796,1.68005,1.50,1.40
2009.09.23 09:23:54.938,1.67965,1.6801,1.40,5.50
2009.09.23 09:23:55.058,1.6796,1.67995,1.00,3.80
2009.09.23 09:23:55.119,1.6796,1.6799,1.00,1.40
2009.09.23 09:23:55.288,1.6795,1.6799,1.00,1.40
2009.09.23 09:23:55.669,1.6795,1.6799,1.00,1.40
2009.09.23 09:23:56.018,1.67955,1.67995,1.00,2.00
2009.09.23 09:23:56.368,1.67955,1.68,1.40,3.40
2009.09.23 09:23:56.718,1.6796,1.68,1.00,4.20
2009.09.23 09:23:57.578,1.6796,1.68,1.00,3.40
2009.09.23 09:23:57.807,1.6796,1.68,1.00,1.40
2009.09.23 09:23:58.758,1.67965,1.68,1.00,1.40
2009.09.23 09:23:59.547,1.67965,1.68,1.00,3.00
2009.09.23 09:23:59.837,1.67965,1.68,1.00,5.00
2009.09.23 09:24:00.117,1.67955,1.68,1.00,3.40
2009.09.23 09:24:00.397,1.67965,1.68,1.00,5.40
2009.09.23 09:24:00.627,1.67965,1.67995,1.00,7.00
2009.09.23 09:24:00.987,1.6796,1.67995,1.00,2.00
2009.09.23 09:24:01.327,1.6796,1.68005,1.00,4.20
2009.09.23 09:24:01.667,1.67965,1.67995,1.40,2.00
2009.09.23 09:24:02.027,1.67965,1.68005,1.40,1.40
2009.09.23 09:24:02.367,1.67965,1.6801,1.40,1.40
2009.09.23 09:24:02.996,1.67965,1.6801,1.40,1.50
2009.09.23 09:24:06.076,1.6796,1.68,1.90,1.40
2009.09.23 09:24:06.415,1.6796,1.68,1.00,1.40
2009.09.23 09:24:06.966,1.6796,1.68005,1.50,3.80
2009.09.23 09:24:07.205,1.6796,1.68005,1.50,2.20
2009.09.23 09:24:10.295,1.67965,1.68005,1.00,2.20
2009.09.23 09:24:10.405,1.6796,1.68005,1.50,1.40
2009.09.23 09:24:11.374,1.67965,1.68015,1.50,4.30
2009.09.23 09:24:11.614,1.67965,1.68015,1.50,2.30
2009.09.23 09:24:12.704,1.67965,1.6801,1.00,1.40
2009.09.23 09:24:13.564,1.67965,1.6801,1.00,1.40
2009.09.23 09:24:13.854,1.6796,1.68005,1.40,1.40
2009.09.23 09:24:14.194,1.6796,1.68005,1.00,1.40
2009.09.23 09:24:15.064,1.6796,1.6801,1.00,2.80
2009.09.23 09:24:15.234,1.67965,1.6801,1.00,2.00
2009.09.23 09:24:15.514,1.67965,1.68015,1.40,4.20
2009.09.23 09:24:15.743,1.67965,1.68015,1.40,2.20
2009.09.23 09:24:16.253,1.6797,1.68015,1.40,3.40
2009.09.23 09:24:16.533,1.67965,1.6802,1.00,4.30
2009.09.23 09:24:16.813,1.67965,1.68005,1.00,1.00
2009.09.23 09:24:17.113,1.67965,1.6801,1.00,4.20
2009.09.23 09:24:17.383,1.67965,1.68005,1.00,1.00
2009.09.23 09:24:17.723,1.67965,1.68005,1.00,2.80
2009.09.23 09:24:18.133,1.6796,1.68005,1.90,2.00
2009.09.23 09:24:18.483,1.6796,1.68005,1.00,3.80
2009.09.23 09:24:18.833,1.6796,1.68005,1.90,2.20
2009.09.23 09:24:19.412,1.6796,1.6801,1.90,5.90
2009.09.23 09:24:19.593,1.6796,1.68005,1.90,1.00
2009.09.23 09:24:20.043,1.6796,1.68005,1.90,1.00
2009.09.23 09:24:20.272,1.6796,1.68,1.00,3.00
2009.09.23 09:24:20.442,1.6796,1.68,1.00,3.40
2009.09.23 09:24:20.802,1.6796,1.68,2.30,2.00
2009.09.23 09:24:21.192,1.6796,1.68005,1.00,2.80
2009.09.23 09:24:21.532,1.67965,1.68005,1.00,2.00
2009.09.23 09:24:22.242,1.67965,1.6801,1.00,2.30
2009.09.23 09:24:22.622,1.6796,1.6801,1.90,4.30
2009.09.23 09:24:23.142,1.6796,1.68005,1.90,1.00
2009.09.23 09:24:23.482,1.6796,1.68005,1.00,3.90
2009.09.23 09:24:23.762,1.6796,1.68005,1.50,4.40
2009.09.23 09:24:24.112,1.67955,1.68005,4.30,3.90
2009.09.23 09:24:24.461,1.67955,1.68005,3.50,5.90
2009.09.23 09:24:24.811,1.6796,1.6801,1.90,4.30
2009.09.23 09:24:25.271,1.6796,1.68,1.00,1.40
2009.09.23 09:24:25.391,1.6796,1.68,1.00,2.20
2009.09.23 09:24:25.501,1.67955,1.68,4.30,2.20
2009.09.23 09:24:26.071,1.6796,1.68,1.50,1.00
2009.09.23 09:24:26.311,1.6796,1.6801,2.30,4.30
2009.09.23 09:24:26.821,1.6796,1.68005,2.30,1.00
2009.09.23 09:24:28.190,1.6796,1.68005,1.90,1.00
2009.09.23 09:24:28.420,1.67955,1.68,5.10,3.80
2009.09.23 09:24:28.600,1.6796,1.68,1.80,2.00
2009.09.23 09:24:28.830,1.6796,1.68005,1.80,5.80
2009.09.23 09:24:29.050,1.6796,1.68005,1.80,3.80
2009.09.23 09:24:29.270,1.67955,1.68,2.70,3.40
2009.09.23 09:24:29.560,1.67955,1.68,1.90,3.40
2009.09.23 09:24:29.800,1.6796,1.68,1.90,2.00
2009.09.23 09:24:30.080,1.6796,1.68005,1.90,3.90
2009.09.23 09:24:30.310,1.6797,1.68005,1.40,2.00
2009.09.23 09:24:30.670,1.6796,1.67995,1.00,1.40
2009.09.23 09:24:31.010,1.67955,1.67995,3.50,1.40
2009.09.23 09:24:31.350,1.67955,1.67995,4.70,1.40
2009.09.23 09:24:33.259,1.67965,1.68005,1.40,4.20
2009.09.23 09:24:33.609,1.67955,1.67995,4.70,1.40
2009.09.23 09:24:33.849,1.6796,1.67995,1.00,1.40
2009.09.23 09:24:34.029,1.67965,1.68005,1.40,1.40
2009.09.23 09:24:34.509,1.6796,1.68,3.30,1.40
2009.09.23 09:24:34.569,1.67965,1.68005,1.50,3.40
2009.09.23 09:24:34.729,1.67965,1.68005,1.50,1.40
2009.09.23 09:24:34.849,1.6796,1.68,3.30,1.40
2009.09.23 09:24:34.969,1.6796,1.68,1.00,2.20
2009.09.23 09:24:35.139,1.67965,1.67995,1.00,1.00
2009.09.23 09:24:35.259,1.67965,1.68005,1.00,6.20
2009.09.23 09:24:35.549,1.6796,1.68,1.00,2.00
2009.09.23 09:24:35.908,1.67965,1.67995,1.00,1.00
2009.09.23 09:24:36.248,1.6796,1.67995,1.00,1.00
2009.09.23 09:24:36.578,1.67965,1.68,1.00,2.00
2009.09.23 09:24:36.928,1.6796,1.68005,2.90,1.40
2009.09.23 09:24:37.278,1.6796,1.68005,1.90,2.20
2009.09.23 09:24:37.678,1.6796,1.68,1.00,2.20
2009.09.23 09:24:37.978,1.6796,1.68,1.00,1.00
2009.09.23 09:24:38.328,1.67955,1.68,3.50,1.00
2009.09.23 09:24:38.678,1.67955,1.68,2.00,1.00
2009.09.23 09:24:39.128,1.67955,1.68,3.50,1.00
2009.09.23 09:24:39.868,1.6796,1.68,1.40,1.00
2009.09.23 09:24:40.038,1.6797,1.6801,1.80,1.00
2009.09.23 09:24:40.218,1.67965,1.68015,3.50,3.80
2009.09.23 09:24:40.377,1.67965,1.6801,1.00,1.40
2009.09.23 09:24:40.558,1.67965,1.6801,1.40,1.00
2009.09.23 09:24:40.727,1.67965,1.68015,1.80,2.60
2009.09.23 09:24:40.888,1.67975,1.6801,1.40,2.00
2009.09.23 09:24:41.067,1.67975,1.68025,3.40,9.90
2009.09.23 09:24:41.417,1.67975,1.6802,3.50,1.00
2009.09.23 09:24:42.407,1.67975,1.6801,1.00,3.00
2009.09.23 09:24:43.057,1.6798,1.6802,1.00,4.20
2009.09.23 09:24:43.397,1.6798,1.6802,1.50,1.00
2009.09.23 09:24:43.687,1.67975,1.6802,3.50,1.00
2009.09.23 09:24:44.036,1.67975,1.6802,1.00,2.20
2009.09.23 09:24:44.257,1.67975,1.6802,1.00,1.00
2009.09.23 09:24:45.916,1.6798,1.6802,1.00,1.00
2009.09.23 09:24:46.266,1.6798,1.68025,1.00,4.20
2009.09.23 09:24:46.326,1.6798,1.6802,1.50,1.00
2009.09.23 09:24:46.496,1.6798,1.6802,1.00,2.20
2009.09.23 09:24:46.606,1.6798,1.6802,1.50,1.00
2009.09.23 09:24:46.776,1.67985,1.68025,1.40,1.80
2009.09.23 09:24:46.886,1.6798,1.6803,2.30,4.70
2009.09.23 09:24:46.996,1.6798,1.68025,2.30,1.00
2009.09.23 09:24:47.166,1.67985,1.6803,1.00,4.60
2009.09.23 09:24:47.626,1.67985,1.6803,2.80,1.80
2009.09.23 09:24:48.086,1.6799,1.6803,2.00,1.90
2009.09.23 09:24:48.436,1.67985,1.6803,2.30,1.00
2009.09.23 09:24:48.605,1.6799,1.6804,1.50,4.00
2009.09.23 09:24:48.785,1.68,1.6804,1.00,1.00
2009.09.23 09:24:49.585,1.68,1.6804,1.00,2.40
2009.09.23 09:24:49.865,1.68,1.6804,1.00,2.40
2009.09.23 09:24:50.375,1.68,1.6804,1.60,2.00
2009.09.23 09:24:50.655,1.68005,1.68045,1.00,1.90
2009.09.23 09:24:50.825,1.67995,1.68045,3.10,1.90
2009.09.23 09:24:52.225,1.68,1.68045,1.90,1.40
2009.09.23 09:24:53.374,1.68005,1.68045,1.00,1.80
2009.09.23 09:24:53.954,1.6801,1.68045,1.60,1.80
2009.09.23 09:24:54.014,1.68015,1.68045,1.40,1.00
2009.09.23 09:24:54.194,1.68015,1.68055,1.80,2.00
2009.09.23 09:24:54.424,1.68015,1.6806,1.80,6.30
2009.09.23 09:24:54.474,1.68015,1.6806,1.80,4.30
2009.09.23 09:24:54.764,1.68015,1.68055,1.80,1.00
2009.09.23 09:24:55.724,1.6802,1.6806,1.40,2.80
2009.09.23 09:24:56.104,1.6802,1.68055,1.40,1.00
2009.09.23 09:24:56.224,1.6801,1.68055,2.70,1.80
2009.09.23 09:24:56.394,1.68015,1.68055,1.00,1.80
2009.09.23 09:24:56.674,1.68015,1.6805,1.00,3.40
2009.09.23 09:24:56.794,1.68015,1.6805,1.00,3.80
2009.09.23 09:24:56.953,1.6801,1.68045,1.00,1.80
2009.09.23 09:24:57.113,1.68005,1.68045,1.00,1.80
2009.09.23 09:24:57.453,1.68005,1.6805,1.50,3.50
2009.09.23 09:24:57.813,1.68005,1.6805,1.50,1.50
2009.09.23 09:24:58.403,1.68005,1.6805,1.40,1.50
2009.09.23 09:24:58.643,1.68,1.68045,1.90,1.40
2009.09.23 09:24:58.873,1.68005,1.6805,1.40,1.50
2009.09.23 09:25:00.153,1.68005,1.6805,1.50,1.50
2009.09.23 09:25:01.072,1.68005,1.68045,1.40,2.00
2009.09.23 09:25:01.302,1.68,1.68045,2.70,3.90
2009.09.23 09:25:01.412,1.68,1.68045,1.90,3.90
2009.09.23 09:25:02.042,1.68,1.68045,1.90,1.90
2009.09.23 09:25:03.762,1.68,1.6804,1.00,1.40
2009.09.23 09:25:03.982,1.68,1.68045,1.40,3.90
2009.09.23 09:25:04.202,1.68,1.68045,2.20,3.90
2009.09.23 09:25:04.432,1.68,1.68045,2.20,1.90
2009.09.23 09:25:06.251,1.68,1.6804,2.20,1.00
2009.09.23 09:25:06.601,1.68,1.68035,1.00,3.40
2009.09.23 09:25:06.781,1.6799,1.68035,2.20,3.40
2009.09.23 09:25:07.021,1.6799,1.68035,2.30,1.40
2009.09.23 09:25:07.201,1.68005,1.6804,1.40,2.00
2009.09.23 09:25:07.381,1.6801,1.6805,1.00,1.80
2009.09.23 09:25:07.601,1.6801,1.6805,1.00,1.90
2009.09.23 09:25:07.931,1.68,1.68045,1.00,1.00
2009.09.23 09:25:08.611,1.68005,1.6805,1.40,3.80
2009.09.23 09:25:08.900,1.68005,1.6805,1.40,1.80
2009.09.23 09:25:09.410,1.68005,1.6805,1.40,1.40
2009.09.23 09:25:09.640,1.68,1.6804,1.00,1.40
2009.09.23 09:25:11.080,1.68,1.6804,1.00,1.40
2009.09.23 09:25:11.490,1.68005,1.6805,1.40,3.40
2009.09.23 09:25:11.720,1.68005,1.6805,1.40,4.20
2009.09.23 09:25:11.960,1.68005,1.6805,1.40,3.40
2009.09.23 09:25:12.340,1.6801,1.6805,1.00,1.40
2009.09.23 09:25:13.789,1.6801,1.68055,1.50,3.40
2009.09.23 09:25:14.019,1.6801,1.68055,1.50,1.40
2009.09.23 09:25:14.199,1.6801,1.68055,1.50,3.40
2009.09.23 09:25:16.109,1.68015,1.68055,1.40,2.00
2009.09.23 09:25:16.998,1.68015,1.6806,1.40,3.50
2009.09.23 09:25:17.798,1.6801,1.6805,1.00,4.20
2009.09.23 09:25:18.488,1.67995,1.68035,2.40,1.40
2009.09.23 09:25:18.598,1.67995,1.68025,1.00,2.20
2009.09.23 09:25:18.718,1.67985,1.68025,2.40,2.20
2009.09.23 09:25:18.838,1.67985,1.68025,1.00,2.20
2009.09.23 09:25:18.958,1.6799,1.68025,1.00,2.20
2009.09.23 09:25:19.068,1.6799,1.6803,1.00,3.80
2009.09.23 09:25:19.308,1.6799,1.6803,1.00,1.80
2009.09.23 09:25:19.538,1.6799,1.6803,1.00,3.80
2009.09.23 09:25:20.768,1.6799,1.6803,1.00,3.40
2009.09.23 09:25:21.057,1.6799,1.6803,2.60,2.00
2009.09.23 09:25:21.298,1.6799,1.6803,1.80,2.00
2009.09.23 09:25:21.868,1.67995,1.6803,1.00,2.00
2009.09.23 09:25:21.987,1.6799,1.68035,1.00,2.00
2009.09.23 09:25:23.147,1.67995,1.68035,1.00,3.80
2009.09.23 09:25:24.787,1.6799,1.6803,1.00,1.40
2009.09.23 09:25:24.847,1.6799,1.6803,1.00,3.80
2009.09.23 09:25:26.116,1.6799,1.68025,1.00,2.00
2009.09.23 09:25:28.086,1.67995,1.68025,1.40,2.00
2009.09.23 09:25:28.326,1.6799,1.68035,1.90,4.60
2009.09.23 09:25:28.566,1.67995,1.68035,1.40,2.80
2009.09.23 09:25:28.796,1.6799,1.68035,1.90,3.40
2009.09.23 09:25:29.026,1.6799,1.68035,1.90,3.80
2009.09.23 09:25:30.246,1.67985,1.68035,1.90,3.40
2009.09.23 09:25:30.865,1.6799,1.68035,1.00,3.40
2009.09.23 09:25:31.805,1.6799,1.68035,1.00,3.50
2009.09.23 09:25:32.805,1.67985,1.6803,1.00,1.40
2009.09.23 09:25:33.105,1.67985,1.6803,1.00,4.20
2009.09.23 09:25:33.345,1.6798,1.68025,2.30,1.00
2009.09.23 09:25:33.515,1.6798,1.68025,2.20,1.00
2009.09.23 09:25:33.684,1.67975,1.68025,3.90,4.30
2009.09.23 09:25:34.264,1.67975,1.68025,3.90,6.30
2009.09.23 09:25:34.734,1.67975,1.6802,3.90,1.00
2009.09.23 09:25:34.904,1.67975,1.68025,3.90,6.30
2009.09.23 09:25:35.524,1.67975,1.68015,2.40,1.40
2009.09.23 09:25:35.754,1.67975,1.68015,1.00,2.20
2009.09.23 09:25:35.934,1.6798,1.68015,1.00,2.20
2009.09.23 09:25:36.384,1.6798,1.68015,1.00,4.20
2009.09.23 09:25:36.834,1.6798,1.68015,1.00,2.80
2009.09.23 09:25:37.004,1.67985,1.68015,1.00,2.80
2009.09.23 09:25:37.174,1.67985,1.68015,1.00,2.00
2009.09.23 09:25:37.344,1.6798,1.68015,1.90,2.00
2009.09.23 09:25:37.693,1.6798,1.6802,1.00,1.40
2009.09.23 09:25:38.033,1.67975,1.6802,2.30,1.40
2009.09.23 09:25:38.373,1.67985,1.68025,1.80,2.00
2009.09.23 09:25:38.773,1.6798,1.6802,1.00,4.20
2009.09.23 09:25:39.123,1.6798,1.6802,1.00,2.20
2009.09.23 09:25:39.473,1.6798,1.6802,1.00,4.20
2009.09.23 09:25:41.293,1.67985,1.6802,1.00,2.80
2009.09.23 09:25:41.463,1.67975,1.68015,1.00,2.20
2009.09.23 09:25:43.172,1.6798,1.68015,1.00,2.20
2009.09.23 09:25:43.342,1.6798,1.68015,1.00,1.00
2009.09.23 09:25:43.512,1.6798,1.6802,1.00,5.00
2009.09.23 09:25:44.502,1.6798,1.6802,1.00,3.00
2009.09.23 09:25:44.832,1.6798,1.6802,1.00,5.00
2009.09.23 09:25:50.241,1.6798,1.6802,1.00,3.00
2009.09.23 09:25:50.481,1.6798,1.6802,1.00,5.00
2009.09.23 09:25:50.820,1.6798,1.6802,1.00,3.00
2009.09.23 09:25:53.480,1.67985,1.6802,2.20,1.00
2009.09.23 09:25:53.720,1.6799,1.6802,1.60,1.00
2009.09.23 09:25:53.939,1.6798,1.6802,1.00,3.00
2009.09.23 09:25:54.160,1.6798,1.6802,1.00,3.00
2009.09.23 09:25:55.019,1.6798,1.6802,1.00,5.00
2009.09.23 09:25:55.079,1.6798,1.6802,1.00,3.00
2009.09.23 09:26:02.288,1.67975,1.6802,2.30,3.10
2009.09.23 09:26:03.087,1.67975,1.68015,1.50,1.00
2009.09.23 09:26:03.387,1.67975,1.68015,1.00,2.20
2009.09.23 09:26:08.136,1.67975,1.68015,1.00,1.40
2009.09.23 09:26:08.476,1.6798,1.6802,1.00,4.00
2009.09.23 09:26:08.946,1.6798,1.6802,1.00,6.00
2009.09.23 09:26:10.226,1.6798,1.6802,1.00,4.60
2009.09.23 09:26:20.713,1.6798,1.6802,1.00,4.70
2009.09.23 09:26:21.573,1.67975,1.6802,1.90,4.60
2009.09.23 09:26:21.743,1.67975,1.68015,1.00,1.20
2009.09.23 09:26:21.853,1.67975,1.68015,1.00,3.20
2009.09.23 09:26:22.023,1.67975,1.6801,1.00,2.00
2009.09.23 09:26:22.263,1.6797,1.68005,1.00,2.00
2009.09.23 09:26:22.423,1.6797,1.68005,1.50,2.00
2009.09.23 09:26:22.783,1.6797,1.68015,2.30,4.30
2009.09.23 09:26:23.123,1.6797,1.6801,2.00,3.80
2009.09.23 09:26:23.473,1.6797,1.6801,1.00,3.80
2009.09.23 09:26:29.221,1.6796,1.68,2.00,3.00
2009.09.23 09:26:29.401,1.6796,1.68,1.00,4.60
2009.09.23 09:26:30.931,1.6796,1.68,1.00,3.80
2009.09.23 09:26:31.231,1.67975,1.68,1.00,3.80
2009.09.23 09:26:31.521,1.6795,1.68,1.00,3.80
2009.09.23 09:26:32.380,1.6796,1.68,1.40,2.40
2009.09.23 09:26:32.610,1.67975,1.68015,1.00,4.20
2009.09.23 09:26:33.001,1.6797,1.6801,1.00,1.00
2009.09.23 09:26:33.290,1.6797,1.6801,1.00,2.20
2009.09.23 09:26:33.620,1.6797,1.6801,1.00,4.20
2009.09.23 09:26:34.830,1.67975,1.6801,1.00,4.20
2009.09.23 09:26:35.460,1.67975,1.6801,1.00,7.10
2009.09.23 09:26:35.640,1.67975,1.6801,1.00,8.70
2009.09.23 09:26:35.860,1.6797,1.6801,1.00,8.70
2009.09.23 09:26:36.090,1.6797,1.6801,3.20,5.80
2009.09.23 09:26:36.320,1.67975,1.6801,1.00,2.80
2009.09.23 09:26:36.550,1.67975,1.6801,1.00,1.00
2009.09.23 09:26:36.780,1.67975,1.68015,1.00,2.20
2009.09.23 09:26:37.180,1.67975,1.6801,1.00,2.20
2009.09.23 09:26:37.529,1.67975,1.6801,1.00,4.20
2009.09.23 09:26:37.869,1.67975,1.6801,1.00,8.70
2009.09.23 09:26:39.039,1.6797,1.6801,3.90,2.80
2009.09.23 09:26:39.149,1.67975,1.6801,1.00,2.80
2009.09.23 09:26:39.209,1.67975,1.6801,1.00,2.00
2009.09.23 09:26:39.439,1.67975,1.68015,1.00,1.90
2009.09.23 09:26:40.049,1.67975,1.6801,1.00,1.80
2009.09.23 09:26:40.338,1.6797,1.6801,2.30,1.00
2009.09.23 09:26:40.609,1.6797,1.68015,4.70,4.30
2009.09.23 09:26:40.899,1.67975,1.68015,1.00,2.30
2009.09.23 09:26:41.528,1.67975,1.68015,1.00,2.20
2009.09.23 09:26:41.879,1.67975,1.6801,1.00,5.10
2009.09.23 09:26:42.238,1.6797,1.68005,1.00,1.00
2009.09.23 09:26:46.747,1.6797,1.6801,1.00,7.10
2009.09.23 09:26:46.967,1.6797,1.6801,1.00,7.10
2009.09.23 09:26:52.556,1.67975,1.6801,1.00,3.30
2009.09.23 09:26:52.835,1.67975,1.6801,1.00,2.00
2009.09.23 09:26:53.125,1.6798,1.68015,1.00,3.20
2009.09.23 09:26:53.405,1.6798,1.68015,1.00,1.00
2009.09.23 09:27:00.534,1.6798,1.68015,2.30,1.00
2009.09.23 09:27:00.694,1.6798,1.68015,2.70,1.00
2009.09.23 09:27:01.054,1.6798,1.6802,2.70,1.00
2009.09.23 09:27:01.284,1.6798,1.68015,1.20,1.40
2009.09.23 09:27:01.503,1.6798,1.6802,1.00,1.90
2009.09.23 09:27:01.733,1.67985,1.6801,1.00,1.00
2009.09.23 09:27:01.963,1.6798,1.6801,1.00,1.00
2009.09.23 09:27:08.672,1.6798,1.6802,1.00,5.50
2009.09.23 09:27:08.912,1.6798,1.6802,2.30,4.00
2009.09.23 09:27:09.152,1.6798,1.68025,2.70,5.30
2009.09.23 09:27:09.442,1.67985,1.68025,1.00,5.30
2009.09.23 09:27:09.681,1.67985,1.68025,1.00,3.70
2009.09.23 09:27:09.852,1.67985,1.68025,1.00,3.20
2009.09.23 09:27:10.261,1.67985,1.6802,1.00,2.00
2009.09.23 09:27:10.482,1.6798,1.6802,2.70,2.00
2009.09.23 09:27:10.661,1.67985,1.68025,1.00,5.20
2009.09.23 09:27:10.951,1.67985,1.68025,1.00,6.80
2009.09.23 09:27:11.811,1.68005,1.68035,1.00,4.10
2009.09.23 09:27:12.041,1.68005,1.6804,1.00,2.00
2009.09.23 09:27:12.491,1.68,1.6804,1.00,2.00
2009.09.23 09:27:12.661,1.68,1.68035,1.00,2.00
2009.09.23 09:27:13.281,1.68005,1.6804,1.00,2.00
2009.09.23 09:27:13.631,1.68005,1.68045,1.00,2.50
2009.09.23 09:27:13.930,1.6801,1.68045,1.00,2.50
2009.09.23 09:27:14.160,1.6801,1.68045,1.00,2.00
2009.09.23 09:27:14.780,1.6801,1.6805,1.00,5.90
2009.09.23 09:27:14.960,1.6801,1.6805,1.00,3.90
2009.09.23 09:27:22.878,1.68005,1.68045,1.00,3.40
2009.09.23 09:27:23.528,1.68005,1.6804,1.00,2.00
2009.09.23 09:27:24.008,1.68005,1.68045,1.00,3.50
2009.09.23 09:27:32.226,1.68005,1.6804,1.00,1.40
2009.09.23 09:27:32.396,1.68005,1.6804,1.00,1.50
2009.09.23 09:27:32.906,1.68005,1.6804,1.00,3.50
2009.09.23 09:27:33.596,1.68005,1.6804,1.00,1.50
2009.09.23 09:27:34.595,1.68005,1.68045,4.20,2.80
2009.09.23 09:27:34.765,1.68015,1.68045,1.00,1.00
2009.09.23 09:27:34.876,1.68015,1.68045,1.00,1.00
2009.09.23 09:27:34.986,1.68015,1.6805,1.00,2.60
2009.09.23 09:27:35.045,1.6802,1.6805,1.00,2.60
2009.09.23 09:27:35.165,1.6802,1.68055,1.00,5.50
2009.09.23 09:27:35.225,1.68025,1.68055,1.00,4.70
2009.09.23 09:27:35.345,1.68025,1.68055,1.00,2.70
2009.09.23 09:27:35.755,1.68025,1.6805,1.00,1.40
2009.09.23 09:27:36.045,1.6802,1.68055,1.00,3.20
2009.09.23 09:27:36.395,1.6803,1.68055,1.00,1.00
2009.09.23 09:27:37.025,1.6803,1.68055,1.00,1.00
2009.09.23 09:27:37.665,1.6803,1.6806,1.00,1.00
2009.09.23 09:27:38.525,1.68035,1.6806,1.00,1.00
2009.09.23 09:27:39.484,1.6803,1.68055,1.00,1.00
2009.09.23 09:27:39.655,1.6803,1.68045,1.00,1.40
2009.09.23 09:27:39.834,1.6801,1.68045,1.00,1.40
2009.09.23 09:27:40.184,1.6802,1.68055,1.00,2.00
2009.09.23 09:27:40.994,1.6802,1.6805,1.00,2.00
2009.09.23 09:27:42.244,1.6802,1.6805,1.00,3.40
2009.09.23 09:27:42.404,1.6802,1.6805,1.00,1.40
2009.09.23 09:27:42.464,1.6801,1.6805,1.00,3.40
2009.09.23 09:27:43.813,1.6801,1.6805,1.00,3.50
2009.09.23 09:27:44.653,1.6801,1.6804,1.00,1.40
2009.09.23 09:27:44.823,1.6801,1.68045,1.00,1.40
2009.09.23 09:27:45.503,1.6801,1.68045,1.00,3.40
2009.09.23 09:27:47.612,1.6802,1.6805,1.00,2.80
2009.09.23 09:27:47.902,1.6802,1.68045,1.00,2.00
2009.09.23 09:27:48.182,1.6803,1.6806,1.00,4.30
2009.09.23 09:27:48.472,1.6802,1.68055,1.00,3.40
2009.09.23 09:27:48.992,1.6802,1.68045,1.00,2.00
2009.09.23 09:27:50.241,1.6802,1.6805,1.00,2.00
2009.09.23 09:27:50.462,1.6802,1.68055,1.00,3.50
2009.09.23 09:27:53.881,1.6802,1.68055,1.00,1.50
2009.09.23 09:27:56.300,1.6802,1.6805,1.00,1.00
2009.09.23 09:27:56.630,1.68005,1.6805,1.20,5.70
2009.09.23 09:27:56.910,1.68005,1.68045,1.20,2.00
2009.09.23 09:27:58.380,1.68005,1.68045,1.20,2.00
2009.09.23 09:27:58.670,1.68005,1.68045,1.20,2.00
2009.09.23 09:27:59.289,1.68005,1.68045,1.20,2.80
2009.09.23 09:27:59.410,1.68005,1.68045,1.20,2.00
2009.09.23 09:27:59.640,1.68005,1.6805,1.20,9.60
2009.09.23 09:28:00.099,1.68005,1.6805,1.20,7.20
2009.09.23 09:28:00.219,1.68005,1.6805,1.20,6.50
2009.09.23 09:28:01.839,1.68005,1.68045,1.20,2.00
2009.09.23 09:28:02.119,1.68005,1.6805,1.20,5.70
2009.09.23 09:28:02.389,1.68005,1.68045,1.20,2.00
2009.09.23 09:28:03.079,1.68005,1.68045,1.20,2.00
2009.09.23 09:28:03.429,1.68,1.6804,1.20,2.00
2009.09.23 09:28:03.718,1.6801,1.6804,1.00,2.00
2009.09.23 09:28:04.459,1.6801,1.6805,1.00,2.80
2009.09.23 09:28:04.738,1.68025,1.68055,1.00,1.00
2009.09.23 09:28:05.308,1.68025,1.6806,1.00,1.40
2009.09.23 09:28:05.588,1.68025,1.68065,1.00,1.50
2009.09.23 09:28:05.928,1.68025,1.6806,1.00,1.40
2009.09.23 09:28:06.778,1.68025,1.6806,1.00,1.50
2009.09.23 09:28:07.288,1.68025,1.6806,1.00,1.80
2009.09.23 09:28:07.468,1.68025,1.6806,1.00,1.50
2009.09.23 09:28:08.327,1.6802,1.6806,1.00,1.50
2009.09.23 09:28:08.708,1.68025,1.6806,1.00,1.50
2009.09.23 09:28:09.397,1.6802,1.6806,1.00,1.50
2009.09.23 09:28:09.697,1.68025,1.6806,1.00,1.50
2009.09.23 09:28:09.867,1.6803,1.6806,1.00,1.50
2009.09.23 09:28:10.227,1.68025,1.6806,1.00,1.50
2009.09.23 09:28:10.397,1.6803,1.6806,1.00,1.50
2009.09.23 09:28:11.047,1.68025,1.6806,1.00,1.50
2009.09.23 09:28:11.277,1.6802,1.6806,1.00,1.50
2009.09.23 09:28:14.526,1.6802,1.68055,1.00,1.00
2009.09.23 09:28:14.826,1.6802,1.68055,1.00,1.50
2009.09.23 09:28:19.495,1.6802,1.68055,1.00,1.00
2009.09.23 09:28:21.334,1.6802,1.68055,1.00,1.40
2009.09.23 09:28:21.635,1.6802,1.6805,1.00,1.00
2009.09.23 09:28:24.723,1.6802,1.68045,1.00,1.00
2009.09.23 09:28:24.883,1.6801,1.68045,1.00,1.00
2009.09.23 09:28:27.993,1.6801,1.6805,1.00,2.30
2009.09.23 09:28:29.572,1.6801,1.6805,1.00,1.00
2009.09.23 09:28:29.812,1.6802,1.6805,1.00,1.00
2009.09.23 09:28:30.782,1.68015,1.6805,1.00,1.90
2009.09.23 09:28:32.002,1.68015,1.6805,1.00,1.80
2009.09.23 09:28:37.880,1.6801,1.6805,1.00,3.20
2009.09.23 09:28:38.220,1.68015,1.6805,1.00,1.80
2009.09.23 09:28:39.570,1.6802,1.68055,1.00,2.30
2009.09.23 09:28:39.860,1.6803,1.6806,1.00,2.70
2009.09.23 09:28:40.140,1.6803,1.68055,1.00,1.00
2009.09.23 09:28:40.380,1.6803,1.6806,1.00,2.70
2009.09.23 09:28:40.610,1.6803,1.68055,1.00,1.00
2009.09.23 09:28:40.840,1.6803,1.6806,1.00,2.70
2009.09.23 09:28:42.609,1.6803,1.68055,1.00,1.00
2009.09.23 09:28:43.309,1.6802,1.68045,1.00,1.00
2009.09.23 09:28:43.539,1.68015,1.68045,1.00,1.00
2009.09.23 09:28:44.119,1.6802,1.6805,1.00,1.00
2009.09.23 09:28:45.968,1.6802,1.6805,1.00,1.00
2009.09.23 09:28:46.368,1.6802,1.6805,1.00,2.30
2009.09.23 09:28:47.118,1.6801,1.6804,1.60,1.00
2009.09.23 09:28:47.348,1.6802,1.68055,1.00,3.20
2009.09.23 09:28:47.918,1.6803,1.68055,1.00,1.00
2009.09.23 09:28:48.658,1.67995,1.68045,3.00,1.60
2009.09.23 09:28:49.038,1.6801,1.6805,1.00,1.00
2009.09.23 09:28:49.328,1.6801,1.6805,1.00,2.30
2009.09.23 09:28:49.617,1.68005,1.68045,1.00,1.60
2009.09.23 09:28:49.958,1.6802,1.6804,1.00,1.00
2009.09.23 09:28:50.247,1.6801,1.6805,2.00,1.50
2009.09.23 09:28:50.537,1.6802,1.68055,1.00,2.70
2009.09.23 09:28:50.767,1.6802,1.68055,1.00,4.30
2009.09.23 09:28:51.057,1.6802,1.6805,1.00,2.30
2009.09.23 09:28:51.397,1.68015,1.6805,1.00,2.30
2009.09.23 09:28:52.847,1.68005,1.6804,1.20,1.40
2009.09.23 09:28:53.196,1.68005,1.6804,1.00,2.20
2009.09.23 09:28:54.406,1.6801,1.68045,1.00,3.50
2009.09.23 09:28:55.556,1.6801,1.68045,1.00,1.60
2009.09.23 09:28:55.676,1.68015,1.68045,1.00,1.60
2009.09.23 09:28:55.956,1.6802,1.6805,1.00,1.90
2009.09.23 09:28:56.236,1.6802,1.6805,1.00,1.50
2009.09.23 09:28:56.816,1.6802,1.68045,1.00,1.00
2009.09.23 09:28:57.215,1.68015,1.6805,1.00,1.00
2009.09.23 09:28:57.565,1.6802,1.6805,1.00,1.40
2009.09.23 09:28:57.916,1.68005,1.68055,1.20,1.60
2009.09.23 09:28:58.265,1.68015,1.68055,1.00,1.00
2009.09.23 09:28:59.255,1.6801,1.6804,1.00,1.40
2009.09.23 09:28:59.555,1.6801,1.6804,1.00,3.40
2009.09.23 09:28:59.835,1.68005,1.6805,1.20,2.00
2009.09.23 09:29:00.005,1.6801,1.68055,1.00,2.80
2009.09.23 09:29:00.185,1.6801,1.68045,1.00,1.00
2009.09.23 09:29:00.295,1.68005,1.68045,1.00,1.80
2009.09.23 09:29:00.465,1.68,1.68045,2.70,3.40
2009.09.23 09:29:00.745,1.68,1.6804,1.20,1.40
2009.09.23 09:29:01.085,1.68,1.6804,1.50,1.00
2009.09.23 09:29:01.835,1.68,1.6804,1.00,1.80
2009.09.23 09:29:02.005,1.67995,1.6803,1.60,1.80
2009.09.23 09:29:02.114,1.67995,1.6803,1.00,1.80
2009.09.23 09:29:04.064,1.6799,1.6803,1.90,1.80
2009.09.23 09:29:04.414,1.6799,1.6803,1.80,1.80
2009.09.23 09:29:04.574,1.6799,1.6803,1.00,3.00
2009.09.23 09:29:04.784,1.6799,1.6803,1.00,1.80
2009.09.23 09:29:04.964,1.68,1.68045,3.00,3.50
2009.09.23 09:29:05.314,1.67995,1.68045,1.00,1.60
2009.09.23 09:29:05.644,1.68,1.6804,3.00,1.00
2009.09.23 09:29:05.974,1.68005,1.68035,1.00,3.00
2009.09.23 09:29:06.333,1.67995,1.6803,1.00,1.40
2009.09.23 09:29:06.623,1.67995,1.68025,1.00,1.80
2009.09.23 09:29:06.923,1.67995,1.68035,1.00,1.00
2009.09.23 09:29:07.283,1.68,1.6804,1.40,1.00
2009.09.23 09:29:07.573,1.68,1.6804,1.40,2.00
2009.09.23 09:29:07.903,1.6799,1.6803,2.70,1.40
2009.09.23 09:29:08.193,1.68,1.6804,1.00,4.00
2009.09.23 09:29:08.543,1.68,1.68045,1.00,4.30
2009.09.23 09:29:08.893,1.67995,1.68035,1.00,3.40
2009.09.23 09:29:09.823,1.6799,1.68035,2.70,3.40
2009.09.23 09:29:10.112,1.6799,1.6803,1.20,1.50
2009.09.23 09:29:10.342,1.67985,1.6802,2.20,1.60
2009.09.23 09:29:10.522,1.67985,1.6802,1.40,1.60
2009.09.23 09:29:10.742,1.6798,1.6802,1.00,3.00
2009.09.23 09:29:11.142,1.6798,1.6802,1.00,5.00
2009.09.23 09:29:11.492,1.6798,1.68015,1.00,1.40
2009.09.23 09:29:11.842,1.67975,1.68015,1.00,1.40
2009.09.23 09:29:12.932,1.67985,1.68025,1.00,1.00
2009.09.23 09:29:13.202,1.6798,1.68025,2.80,1.00
2009.09.23 09:29:13.592,1.67985,1.6803,1.40,2.80
2009.09.23 09:29:13.932,1.67985,1.6803,1.00,3.40
2009.09.23 09:29:14.292,1.67985,1.68025,1.40,2.00
2009.09.23 09:29:14.461,1.6799,1.6803,1.00,3.40
2009.09.23 09:29:14.691,1.6798,1.68025,1.20,3.40
2009.09.23 09:29:14.911,1.67975,1.6802,1.20,2.00
2009.09.23 09:29:15.141,1.6798,1.68025,1.40,3.40
2009.09.23 09:29:15.311,1.67985,1.68015,1.40,2.00
2009.09.23 09:29:15.541,1.6799,1.68015,1.00,2.00
2009.09.23 09:29:15.721,1.67985,1.68015,2.20,2.00
2009.09.23 09:29:15.891,1.67985,1.6803,1.00,2.00
2009.09.23 09:29:16.111,1.6799,1.6803,1.00,3.90
2009.09.23 09:29:16.691,1.6798,1.6803,1.00,6.40
2009.09.23 09:29:17.051,1.67965,1.6801,1.00,1.40
2009.09.23 09:29:17.401,1.6796,1.6801,1.00,1.40
2009.09.23 09:29:17.751,1.6796,1.6801,1.00,3.40
2009.09.23 09:29:18.100,1.6796,1.68,1.00,1.40
2009.09.23 09:29:20.810,1.6796,1.68,1.00,3.40
2009.09.23 09:29:21.040,1.6796,1.68,1.00,1.40
2009.09.23 09:29:21.500,1.6796,1.68,1.00,3.40
2009.09.23 09:29:21.680,1.6796,1.68,1.00,1.40
2009.09.23 09:29:23.119,1.6796,1.68005,1.90,3.40
2009.09.23 09:29:23.529,1.6796,1.68005,1.50,3.40
2009.09.23 09:29:24.099,1.67965,1.68005,1.40,2.00
2009.09.23 09:29:24.279,1.67965,1.68005,1.50,2.00
2009.09.23 09:29:25.439,1.67965,1.6801,1.50,4.20
2009.09.23 09:29:25.669,1.6797,1.6801,1.00,4.20
2009.09.23 09:29:27.508,1.6797,1.6801,1.00,6.40
2009.09.23 09:29:27.688,1.6797,1.68005,1.00,2.00
2009.09.23 09:29:29.548,1.67975,1.68005,1.00,2.00
2009.09.23 09:29:29.838,1.6797,1.6801,1.00,3.40
2009.09.23 09:29:29.958,1.6797,1.6801,1.00,1.40
2009.09.23 09:29:30.068,1.67975,1.68015,1.00,1.60
2009.09.23 09:29:30.248,1.67975,1.6801,1.00,1.40
2009.09.23 09:29:30.537,1.6797,1.6801,1.00,1.40
2009.09.23 09:29:30.767,1.67975,1.6801,1.00,3.40
2009.09.23 09:29:31.107,1.6797,1.6801,1.20,1.00
2009.09.23 09:29:31.757,1.6797,1.6801,6.30,1.00
2009.09.23 09:29:31.977,1.6797,1.6801,1.20,1.00
2009.09.23 09:29:34.247,1.6797,1.6801,2.70,1.00
2009.09.23 09:29:34.417,1.67975,1.68015,1.00,1.80
2009.09.23 09:29:34.957,1.6797,1.68015,2.70,1.80
2009.09.23 09:29:35.136,1.67975,1.6802,3.10,5.50
2009.09.23 09:29:35.317,1.67975,1.68015,1.00,1.80
2009.09.23 09:29:35.486,1.67975,1.68015,1.90,1.40
2009.09.23 09:29:36.826,1.6798,1.68015,1.00,1.40
2009.09.23 09:29:36.986,1.6798,1.6801,1.00,1.40
2009.09.23 09:29:42.865,1.67985,1.6802,1.00,2.00
2009.09.23 09:29:43.155,1.67985,1.68025,1.00,2.20
2009.09.23 09:29:48.823,1.67985,1.68025,1.00,1.40
2009.09.23 09:29:49.063,1.6798,1.68025,1.00,2.20
2009.09.23 09:29:49.583,1.6798,1.68015,1.00,1.40
2009.09.23 09:29:49.863,1.67975,1.68015,1.00,1.80
2009.09.23 09:29:50.093,1.67975,1.6801,1.00,1.00
2009.09.23 09:29:50.323,1.6797,1.68005,2.80,3.40
2009.09.23 09:29:50.563,1.6797,1.68005,1.00,3.80
2009.09.23 09:29:50.783,1.6797,1.68005,2.00,2.20
2009.09.23 09:29:51.003,1.6798,1.68005,1.00,1.40
2009.09.23 09:29:51.353,1.67995,1.68015,1.00,1.00
2009.09.23 09:29:51.712,1.6799,1.68025,1.40,1.00
2009.09.23 09:29:52.052,1.68005,1.6803,1.00,2.00
2009.09.23 09:29:52.393,1.67995,1.6803,1.00,1.50
2009.09.23 09:29:52.952,1.67995,1.6803,1.00,1.90
2009.09.23 09:29:53.182,1.67995,1.68035,2.40,1.40
2009.09.23 09:29:53.532,1.68,1.68035,1.00,1.00
2009.09.23 09:29:53.872,1.68005,1.6804,1.00,2.40
2009.09.23 09:29:54.232,1.68015,1.68045,1.00,1.90
2009.09.23 09:29:55.032,1.68015,1.68045,1.00,3.90
2009.09.23 09:29:55.382,1.68015,1.68035,1.00,1.00
2009.09.23 09:29:55.541,1.68005,1.68035,1.00,1.00
2009.09.23 09:29:55.721,1.68005,1.68035,1.00,1.50
2009.09.23 09:29:56.871,1.68005,1.6803,1.00,1.00
2009.09.23 09:29:59.571,1.68005,1.6803,1.00,1.40
2009.09.23 09:30:00.081,1.6799,1.6803,1.00,1.40
2009.09.23 09:30:00.880,1.6799,1.6803,1.00,1.50
2009.09.23 09:30:01.221,1.67985,1.6803,2.70,1.50
2009.09.23 09:30:01.680,1.67985,1.6803,2.70,1.40
2009.09.23 09:30:01.900,1.6799,1.68035,1.50,3.40
2009.09.23 09:30:02.180,1.67985,1.6803,2.60,1.50
2009.09.23 09:30:02.400,1.6799,1.6803,1.00,1.50
2009.09.23 09:30:02.740,1.67985,1.6803,2.20,1.50
2009.09.23 09:30:03.590,1.67985,1.6803,2.30,1.40
2009.09.23 09:30:03.820,1.67995,1.6803,1.00,1.40
2009.09.23 09:30:03.999,1.6799,1.6803,1.00,1.40
2009.09.23 09:30:04.689,1.6799,1.6803,1.00,1.50
2009.09.23 09:30:04.979,1.67995,1.6803,1.00,1.50
2009.09.23 09:30:05.299,1.67995,1.68025,1.00,1.80
2009.09.23 09:30:05.579,1.67995,1.68035,2.20,1.00
2009.09.23 09:30:05.929,1.68,1.68035,1.00,1.40
2009.09.23 09:30:06.269,1.68,1.68035,1.00,1.80
2009.09.23 09:30:06.609,1.67995,1.68025,1.00,1.00
2009.09.23 09:30:06.949,1.68,1.6804,1.00,1.50
2009.09.23 09:30:07.919,1.68,1.6804,2.20,1.00
2009.09.23 09:30:08.269,1.6799,1.6803,3.20,1.40
2009.09.23 09:30:08.618,1.68,1.6804,2.60,2.00
2009.09.23 09:30:08.968,1.68,1.6804,1.00,1.50
2009.09.23 09:30:09.249,1.6799,1.6804,2.70,1.90
2009.09.23 09:30:09.538,1.67995,1.6804,1.00,1.90
2009.09.23 09:30:09.768,1.67995,1.6804,1.00,3.90
2009.09.23 09:30:09.948,1.67995,1.68035,1.00,2.00
2009.09.23 09:30:10.128,1.67995,1.68035,1.00,2.00
2009.09.23 09:30:10.708,1.68,1.68035,1.00,2.00
2009.09.23 09:30:10.828,1.68,1.6804,1.00,3.50
2009.09.23 09:30:11.328,1.68,1.6804,1.00,3.40
2009.09.23 09:30:11.498,1.68,1.68035,1.00,1.40
2009.09.23 09:30:11.948,1.67995,1.68035,1.00,1.40
2009.09.23 09:30:12.117,1.6799,1.68035,1.90,1.40
2009.09.23 09:30:12.278,1.67995,1.68035,1.00,1.40
2009.09.23 09:30:12.447,1.67995,1.68035,1.20,1.40
2009.09.23 09:30:12.747,1.67995,1.6804,3.00,1.50
2009.09.23 09:30:12.917,1.67995,1.68035,1.20,1.40
2009.09.23 09:30:13.277,1.67995,1.6804,2.70,1.40
2009.09.23 09:30:13.957,1.67995,1.6804,3.10,1.40
2009.09.23 09:30:14.777,1.68,1.6804,1.00,1.40
2009.09.23 09:30:15.707,1.68005,1.68045,1.40,1.00
2009.09.23 09:30:15.877,1.6801,1.6805,1.80,2.30
2009.09.23 09:30:15.987,1.6801,1.6805,2.60,1.50
2009.09.23 09:30:16.167,1.6801,1.68045,1.00,1.00
2009.09.23 09:30:16.457,1.68005,1.68045,1.00,3.40
2009.09.23 09:30:16.747,1.68005,1.68045,1.40,2.00
2009.09.23 09:30:17.486,1.68,1.6804,1.00,2.00
2009.09.23 09:30:17.766,1.68005,1.6804,1.20,1.00
2009.09.23 09:30:18.056,1.68005,1.6804,1.00,3.80
2009.09.23 09:30:18.337,1.68005,1.68045,1.00,1.40
2009.09.23 09:30:18.626,1.68005,1.6805,1.20,2.00
2009.09.23 09:30:18.976,1.68005,1.68045,1.00,1.40
2009.09.23 09:30:19.316,1.68,1.6805,1.00,2.00
2009.09.23 09:30:19.666,1.6801,1.6805,1.80,3.00
2009.09.23 09:30:20.295,1.6801,1.6803,1.00,1.60
2009.09.23 09:30:20.625,1.68015,1.68045,1.80,2.00
2009.09.23 09:30:20.805,1.68015,1.68055,1.80,1.40
2009.09.23 09:30:21.715,1.68015,1.68055,1.90,1.40
2009.09.23 09:30:24.015,1.6801,1.6805,2.70,1.60
2009.09.23 09:30:24.235,1.68015,1.6805,1.00,3.00
2009.09.23 09:30:24.924,1.68015,1.6805,1.00,3.00
2009.09.23 09:30:25.325,1.68015,1.6805,1.00,1.60
2009.09.23 09:30:26.474,1.68015,1.6806,1.90,3.00
2009.09.23 09:30:26.814,1.68015,1.6806,1.90,4.20
2009.09.23 09:30:27.104,1.68015,1.6806,1.90,5.60
2009.09.23 09:30:27.384,1.68015,1.6806,1.00,1.00
2009.09.23 09:30:28.753,1.6802,1.6806,1.00,1.00
2009.09.23 09:30:29.654,1.6802,1.6806,1.00,1.00
2009.09.23 09:30:29.714,1.68015,1.6806,1.80,1.80
2009.09.23 09:30:29.834,1.68015,1.68055,1.60,2.20
2009.09.23 09:30:29.894,1.68015,1.68055,2.00,1.40
2009.09.23 09:30:29.953,1.68015,1.68055,1.00,1.40
2009.09.23 09:30:30.073,1.6802,1.68055,1.00,1.40
2009.09.23 09:30:30.133,1.6802,1.68055,1.00,2.20
2009.09.23 09:30:30.303,1.68015,1.68055,1.00,2.20
2009.09.23 09:30:30.363,1.6801,1.68055,2.70,2.20
2009.09.23 09:30:30.823,1.68015,1.68055,1.00,2.20
2009.09.23 09:30:31.293,1.68015,1.68055,1.00,2.20
2009.09.23 09:30:31.703,1.68015,1.68055,2.00,2.20
2009.09.23 09:30:32.323,1.6802,1.6805,1.00,1.80
2009.09.23 09:30:32.673,1.6802,1.68055,1.00,1.40
2009.09.23 09:30:32.973,1.6802,1.6805,1.00,1.80
2009.09.23 09:30:33.322,1.68015,1.68045,1.00,1.40
2009.09.23 09:30:33.672,1.68015,1.6806,1.00,2.00
2009.09.23 09:30:34.022,1.6802,1.6806,1.00,2.20
2009.09.23 09:30:34.312,1.68015,1.68065,1.00,1.50
2009.09.23 09:30:34.612,1.6802,1.68065,1.00,1.00
2009.09.23 09:30:34.892,1.6802,1.68065,1.00,1.00
2009.09.23 09:30:35.252,1.6802,1.68065,1.00,1.00
2009.09.23 09:30:35.422,1.6802,1.68065,1.20,2.60
2009.09.23 09:30:35.542,1.6802,1.6806,1.00,1.00
2009.09.23 09:30:35.662,1.68015,1.6806,1.80,1.00
2009.09.23 09:30:35.772,1.68015,1.6806,1.80,1.80
2009.09.23 09:30:36.172,1.68015,1.6806,2.60,1.80
2009.09.23 09:30:36.851,1.6802,1.6806,1.00,1.00
2009.09.23 09:30:37.242,1.6802,1.68065,1.60,1.90
2009.09.23 09:30:37.982,1.6802,1.68065,1.20,1.80
2009.09.23 09:30:39.781,1.6802,1.68065,1.20,1.90
2009.09.23 09:30:40.301,1.6802,1.68065,1.20,1.90
2009.09.23 09:30:40.531,1.6802,1.68065,1.00,1.50
2009.09.23 09:30:40.751,1.6802,1.6806,1.20,1.40
2009.09.23 09:30:41.030,1.6802,1.68055,1.00,1.40
2009.09.23 09:30:41.270,1.68015,1.6806,1.00,2.20
2009.09.23 09:30:41.550,1.6802,1.68065,1.00,1.00
2009.09.23 09:30:42.580,1.6802,1.68065,1.20,1.80
2009.09.23 09:30:43.900,1.6802,1.68065,1.20,1.90
2009.09.23 09:30:44.290,1.6802,1.68065,1.20,1.80
2009.09.23 09:30:44.930,1.68025,1.6807,1.00,2.40
2009.09.23 09:30:45.159,1.6802,1.6807,1.20,2.00
2009.09.23 09:30:45.320,1.6802,1.68075,1.20,4.30
2009.09.23 09:30:45.440,1.6802,1.68075,1.20,6.70
2009.09.23 09:30:45.610,1.6802,1.68075,1.20,11.10
2009.09.23 09:30:46.139,1.6802,1.6806,1.20,1.40
2009.09.23 09:30:46.489,1.6803,1.6807,1.00,3.40
2009.09.23 09:30:46.839,1.68025,1.68065,1.00,2.20
2009.09.23 09:30:47.799,1.6803,1.68065,1.00,2.20
2009.09.23 09:30:48.299,1.6803,1.68075,1.00,7.60
2009.09.23 09:30:48.589,1.6803,1.68075,1.00,6.80
2009.09.23 09:30:49.179,1.68025,1.6807,2.30,1.80
2009.09.23 09:30:49.519,1.68025,1.6807,2.30,3.80
2009.09.23 09:30:49.638,1.68025,1.6807,2.30,1.80
2009.09.23 09:30:50.858,1.68025,1.6807,2.30,1.90
2009.09.23 09:30:52.378,1.68025,1.6807,1.50,1.80
2009.09.23 09:30:52.548,1.6803,1.6807,1.00,5.40
2009.09.23 09:30:52.788,1.6803,1.6807,3.80,1.00
2009.09.23 09:30:53.118,1.6803,1.6807,1.80,1.60
2009.09.23 09:30:53.468,1.6804,1.68075,1.00,3.50
2009.09.23 09:30:53.858,1.6804,1.68075,1.00,1.50
2009.09.23 09:30:54.027,1.6804,1.6807,1.00,1.80
2009.09.23 09:30:54.247,1.68025,1.6807,1.90,1.80
2009.09.23 09:30:54.647,1.68025,1.6807,1.00,1.80
2009.09.23 09:30:54.877,1.68025,1.68065,1.00,1.00
2009.09.23 09:30:54.937,1.6802,1.68065,4.30,1.80
2009.09.23 09:30:55.057,1.6802,1.68065,3.50,1.80
2009.09.23 09:30:55.108,1.6802,1.6806,1.60,1.80
2009.09.23 09:30:55.227,1.6802,1.6806,1.00,1.80
2009.09.23 09:30:55.287,1.6802,1.6806,1.20,1.00
2009.09.23 09:30:56.557,1.68035,1.6807,1.00,1.00
2009.09.23 09:30:57.867,1.68035,1.6808,2.60,1.00
2009.09.23 09:30:58.216,1.68035,1.68085,1.00,2.30
2009.09.23 09:30:58.566,1.68035,1.68085,1.40,2.30
2009.09.23 09:30:58.896,1.68035,1.6808,4.70,1.00
2009.09.23 09:30:59.247,1.6804,1.6809,1.40,2.30
2009.09.23 09:30:59.586,1.68035,1.6809,3.20,1.30
2009.09.23 09:30:59.886,1.68035,1.6809,1.00,3.30
2009.09.23 09:31:00.176,1.68035,1.6809,1.00,2.70
2009.09.23 09:31:00.406,1.68035,1.6809,1.20,4.20
2009.09.23 09:31:00.646,1.68035,1.6809,1.00,4.20
2009.09.23 09:31:00.866,1.6804,1.68085,1.00,1.40
2009.09.23 09:31:01.096,1.68045,1.68085,1.00,1.00
2009.09.23 09:31:01.446,1.6804,1.68085,2.00,1.80
2009.09.23 09:31:01.775,1.68035,1.6808,6.30,1.80
2009.09.23 09:31:02.397,1.68035,1.6808,6.70,1.80
2009.09.23 09:31:02.565,1.68035,1.6808,3.10,1.80
2009.09.23 09:31:02.675,1.68035,1.68075,1.60,1.50
2009.09.23 09:31:02.855,1.6803,1.6807,3.00,1.80
2009.09.23 09:31:03.025,1.68025,1.6807,5.50,1.80
2009.09.23 09:31:03.136,1.68025,1.6807,2.70,1.80
2009.09.23 09:31:06.165,1.68025,1.6807,4.20,2.30
2009.09.23 09:31:06.335,1.68025,1.6807,3.40,2.30
2009.09.23 09:31:06.684,1.6803,1.6807,1.00,1.50
2009.09.23 09:31:07.074,1.68015,1.68065,5.00,2.30
2009.09.23 09:31:07.414,1.6802,1.68065,1.00,2.30
2009.09.23 09:31:07.764,1.6802,1.68065,2.80,2.30
2009.09.23 09:31:08.124,1.68025,1.68065,2.00,1.00
2009.09.23 09:31:11.014,1.6803,1.68075,1.40,3.50
2009.09.23 09:31:11.074,1.68025,1.6807,1.20,1.40
2009.09.23 09:31:11.183,1.68025,1.68065,2.80,1.00
2009.09.23 09:31:11.294,1.68025,1.68065,2.80,1.00
2009.09.23 09:31:11.353,1.6802,1.6806,2.00,1.80
2009.09.23 09:31:11.533,1.68015,1.6806,3.10,1.80
2009.09.23 09:31:11.593,1.68015,1.6806,2.70,1.80
2009.09.23 09:31:11.874,1.6802,1.68065,1.40,1.90
2009.09.23 09:31:12.333,1.68015,1.6806,2.60,1.40
2009.09.23 09:31:12.683,1.68015,1.6806,1.40,1.80
2009.09.23 09:31:13.023,1.68015,1.6806,1.50,1.80
2009.09.23 09:31:14.692,1.6802,1.6806,1.00,1.80
2009.09.23 09:31:15.372,1.6802,1.68065,4.30,1.80
2009.09.23 09:31:15.892,1.68025,1.68065,1.50,1.00
2009.09.23 09:31:16.182,1.68025,1.68065,1.00,1.40
2009.09.23 09:31:16.462,1.6802,1.68065,6.30,1.80
2009.09.23 09:31:16.692,1.6802,1.68065,4.30,1.80
2009.09.23 09:31:17.502,1.6803,1.68065,1.00,1.00
2009.09.23 09:31:17.672,1.6803,1.6807,1.00,1.00
2009.09.23 09:31:18.382,1.68025,1.6807,1.90,1.00
2009.09.23 09:31:18.901,1.6803,1.6807,1.00,1.00
2009.09.23 09:31:24.690,1.6803,1.6807,1.00,1.00
2009.09.23 09:31:25.160,1.6803,1.6807,1.20,1.00
2009.09.23 09:31:26.930,1.68035,1.6807,1.40,1.00
2009.09.23 09:31:27.160,1.6803,1.68075,1.00,2.20
2009.09.23 09:31:27.380,1.68025,1.68075,4.00,1.80
2009.09.23 09:31:27.670,1.68025,1.6808,3.10,4.20
2009.09.23 09:31:27.910,1.68035,1.6808,1.00,2.30
2009.09.23 09:31:28.709,1.68035,1.6808,1.00,4.30
2009.09.23 09:31:29.059,1.68035,1.6808,1.00,4.30
2009.09.23 09:31:31.019,1.6804,1.6808,1.00,4.30
2009.09.23 09:31:31.078,1.6804,1.6808,1.00,4.20
2009.09.23 09:31:31.129,1.6804,1.6808,1.00,2.80
2009.09.23 09:31:31.699,1.6804,1.6808,1.00,1.00
2009.09.23 09:31:32.858,1.6804,1.6808,1.00,3.00
2009.09.23 09:31:33.248,1.68025,1.6806,1.00,1.40
2009.09.23 09:31:33.548,1.6802,1.6806,1.00,1.40
2009.09.23 09:31:38.277,1.6803,1.68075,2.70,1.40
2009.09.23 09:31:39.037,1.6804,1.6808,1.40,2.20
2009.09.23 09:31:39.326,1.68035,1.6808,2.60,2.20
2009.09.23 09:31:39.557,1.6803,1.68075,4.60,1.50
2009.09.23 09:31:39.797,1.6803,1.68075,2.20,1.50
2009.09.23 09:31:40.866,1.6803,1.68075,2.30,1.50
2009.09.23 09:31:44.745,1.68025,1.6806,1.00,1.40
2009.09.23 09:31:44.975,1.68025,1.68055,1.60,1.00
2009.09.23 09:31:45.085,1.68025,1.68065,1.60,4.20
2009.09.23 09:31:45.805,1.68015,1.6806,1.00,1.40
2009.09.23 09:31:46.025,1.68015,1.6806,1.50,2.80
2009.09.23 09:31:46.365,1.68015,1.6806,1.90,1.40
2009.09.23 09:31:46.705,1.6802,1.68065,1.50,1.40
2009.09.23 09:31:46.995,1.6802,1.68065,2.70,1.40
2009.09.23 09:31:47.615,1.6802,1.68065,2.60,1.50
2009.09.23 09:31:47.844,1.6802,1.68065,1.80,1.40
2009.09.23 09:31:48.834,1.6802,1.68065,1.90,1.40
2009.09.23 09:31:55.423,1.6802,1.68065,2.70,1.40
2009.09.23 09:31:55.603,1.6802,1.68065,1.90,1.40
2009.09.23 09:31:56.292,1.68035,1.6807,1.40,1.50
2009.09.23 09:31:56.343,1.68035,1.6807,1.80,1.50
2009.09.23 09:31:56.522,1.68035,1.6807,1.00,2.90
2009.09.23 09:31:56.572,1.68025,1.6807,4.20,2.90
2009.09.23 09:31:56.962,1.68025,1.6807,1.80,1.40
2009.09.23 09:31:59.303,1.6802,1.6806,1.00,1.40
2009.09.23 09:31:59.592,1.68015,1.6806,5.00,1.40
2009.09.23 09:31:59.772,1.68015,1.6806,3.00,1.80
2009.09.23 09:31:59.892,1.6802,1.6806,1.80,1.40
2009.09.23 09:32:00.052,1.6802,1.6806,1.40,1.00
2009.09.23 09:32:00.162,1.68015,1.6806,1.50,2.20
2009.09.23 09:32:00.322,1.68015,1.6806,1.90,2.80
2009.09.23 09:32:00.671,1.68015,1.6806,3.50,2.80
2009.09.23 09:32:01.001,1.68015,1.6806,3.10,1.40
2009.09.23 09:32:01.361,1.68015,1.6806,1.90,2.80
2009.09.23 09:32:01.951,1.68015,1.68055,1.00,1.40
2009.09.23 09:32:02.821,1.6802,1.68055,1.00,1.40
2009.09.23 09:32:03.201,1.68015,1.6806,1.90,4.80
2009.09.23 09:32:03.541,1.6802,1.68055,1.00,2.00
2009.09.23 09:32:03.821,1.68025,1.6806,1.80,2.00
2009.09.23 09:32:04.051,1.68025,1.6807,1.80,5.40
2009.09.23 09:32:04.341,1.68015,1.6806,1.80,2.20
2009.09.23 09:32:04.580,1.6801,1.68055,2.30,2.20
2009.09.23 09:32:04.860,1.68015,1.68055,1.40,1.40
2009.09.23 09:32:05.040,1.68015,1.6806,1.80,4.20
2009.09.23 09:32:05.940,1.6802,1.6806,1.00,4.20
2009.09.23 09:32:06.360,1.68015,1.6806,1.80,4.20
2009.09.23 09:32:06.530,1.6801,1.68055,1.80,1.40
2009.09.23 09:32:06.810,1.68015,1.6806,1.50,2.80
2009.09.23 09:32:07.090,1.68015,1.6806,1.80,2.20
2009.09.23 09:32:07.450,1.68015,1.6806,1.80,3.60
2009.09.23 09:32:07.740,1.68015,1.6806,2.60,2.20
2009.09.23 09:32:08.089,1.68015,1.6806,1.80,2.20
2009.09.23 09:32:08.820,1.6802,1.6806,1.00,2.20
2009.09.23 09:32:12.109,1.68025,1.6807,1.90,2.20
2009.09.23 09:32:12.409,1.68025,1.68065,1.00,1.40
2009.09.23 09:32:12.639,1.6802,1.68065,2.40,2.20
2009.09.23 09:32:13.029,1.6802,1.68065,1.00,2.20
2009.09.23 09:32:13.738,1.6803,1.68065,1.00,2.20
2009.09.23 09:32:14.658,1.6803,1.68065,1.00,1.40
2009.09.23 09:32:14.878,1.6803,1.68065,1.00,1.80
2009.09.23 09:32:15.728,1.6803,1.68065,1.00,1.40
2009.09.23 09:32:15.888,1.68025,1.6807,1.00,1.80
2009.09.23 09:32:16.058,1.68025,1.68065,1.00,1.00
2009.09.23 09:32:16.178,1.68025,1.6806,1.00,1.40
2009.09.23 09:32:16.358,1.68025,1.68065,1.00,1.40
2009.09.23 09:32:16.538,1.6802,1.68065,5.50,1.40
2009.09.23 09:32:16.708,1.68025,1.6807,1.50,1.40
2009.09.23 09:32:17.067,1.68025,1.6807,1.90,1.40
2009.09.23 09:32:18.747,1.6804,1.6808,1.80,2.00
2009.09.23 09:32:19.157,1.6803,1.6808,1.00,4.20
2009.09.23 09:32:19.327,1.6803,1.68075,1.00,1.40
2009.09.23 09:32:19.557,1.68035,1.68075,1.00,3.40
2009.09.23 09:32:19.777,1.68035,1.68075,1.00,1.40
2009.09.23 09:32:21.576,1.6803,1.68065,1.00,1.40
2009.09.23 09:32:21.746,1.6803,1.68075,1.00,1.40
2009.09.23 09:32:21.926,1.6803,1.68075,1.00,1.40
2009.09.23 09:32:22.086,1.6803,1.68075,2.40,1.40
2009.09.23 09:32:22.726,1.68035,1.68075,1.00,1.40
2009.09.23 09:32:24.046,1.68035,1.6808,1.00,2.80
2009.09.23 09:32:24.386,1.6804,1.68075,1.00,2.00
2009.09.23 09:32:25.236,1.68045,1.6808,1.00,1.00
2009.09.23 09:32:25.465,1.68045,1.6809,1.00,2.00
2009.09.23 09:32:25.705,1.68045,1.68095,1.00,3.80
2009.09.23 09:32:25.886,1.68045,1.68095,1.00,1.90
2009.09.23 09:32:26.336,1.68045,1.68085,1.00,1.00
2009.09.23 09:32:26.565,1.6804,1.68085,2.30,1.00
2009.09.23 09:32:26.925,1.68045,1.68085,1.00,2.20
2009.09.23 09:32:27.955,1.6805,1.68085,1.00,2.20
2009.09.23 09:32:33.843,1.6805,1.68085,1.00,1.00
2009.09.23 09:32:33.963,1.68055,1.68085,1.00,1.00
2009.09.23 09:32:34.663,1.6805,1.68085,1.00,1.80
2009.09.23 09:32:34.833,1.68055,1.68085,1.00,2.20
2009.09.23 09:32:34.993,1.68055,1.68085,1.00,1.00
2009.09.23 09:32:35.823,1.68055,1.6809,1.00,1.80
2009.09.23 09:32:35.873,1.68055,1.6809,1.00,1.40
2009.09.23 09:32:36.163,1.6805,1.68095,1.00,2.40
2009.09.23 09:32:36.393,1.6805,1.68095,1.00,1.00
2009.09.23 09:32:36.863,1.6805,1.68095,1.00,2.40
2009.09.23 09:32:37.143,1.6805,1.68095,1.00,1.00
2009.09.23 09:32:37.712,1.68055,1.68095,1.00,2.40
2009.09.23 09:32:38.812,1.6805,1.68095,1.00,2.40
2009.09.23 09:32:39.112,1.6805,1.6809,1.00,1.00
2009.09.23 09:32:39.342,1.6805,1.6809,1.00,1.80
2009.09.23 09:32:39.812,1.68055,1.6809,1.00,1.80
2009.09.23 09:32:40.542,1.6805,1.68095,1.00,2.30
2009.09.23 09:32:41.942,1.6805,1.68085,1.00,1.40
2009.09.23 09:32:44.861,1.6805,1.6809,1.00,1.80
2009.09.23 09:32:44.921,1.6805,1.6809,1.00,1.40
2009.09.23 09:32:45.041,1.6805,1.68085,1.00,1.40
2009.09.23 09:32:49.450,1.68055,1.6809,1.00,1.80
2009.09.23 09:32:49.620,1.68055,1.68085,1.00,1.40
2009.09.23 09:32:49.850,1.68045,1.68085,1.00,4.20
2009.09.23 09:32:50.070,1.6804,1.6808,1.00,1.40
2009.09.23 09:32:50.600,1.68045,1.6808,1.00,1.40
2009.09.23 09:32:55.098,1.6804,1.6808,1.00,1.40
2009.09.23 09:32:56.418,1.68045,1.68085,1.00,5.80
2009.09.23 09:32:56.698,1.68045,1.68085,1.00,3.80
2009.09.23 09:32:56.978,1.68045,1.68085,1.00,5.80
2009.09.23 09:32:57.158,1.68045,1.68085,1.00,3.80
2009.09.23 09:32:57.917,1.68045,1.68085,1.00,5.80
2009.09.23 09:32:59.558,1.68045,1.68085,1.00,3.80
2009.09.23 09:33:02.427,1.6804,1.6807,1.00,1.60
2009.09.23 09:33:02.757,1.6804,1.68095,3.50,6.20
2009.09.23 09:33:03.037,1.6804,1.68095,1.90,4.60
2009.09.23 09:33:03.947,1.6805,1.68085,1.50,3.20
2009.09.23 09:33:04.307,1.6805,1.6809,1.50,1.40
2009.09.23 09:33:05.516,1.6805,1.68095,1.50,5.80
2009.09.23 09:33:05.576,1.68055,1.68095,1.00,5.80
2009.09.23 09:33:05.746,1.68055,1.6809,1.00,1.40
2009.09.23 09:33:05.866,1.6805,1.6809,1.00,1.40
2009.09.23 09:33:06.156,1.6805,1.68095,1.50,5.80
2009.09.23 09:33:06.386,1.6805,1.68095,1.90,5.80
2009.09.23 09:33:06.566,1.6805,1.68095,1.90,3.80
2009.09.23 09:33:07.756,1.6805,1.68095,1.90,3.90
2009.09.23 09:33:08.915,1.6805,1.68095,2.70,3.90
2009.09.23 09:33:12.375,1.6806,1.681,1.50,4.90
2009.09.23 09:33:12.544,1.6807,1.68105,2.00,1.40
2009.09.23 09:33:13.274,1.68065,1.68105,1.40,3.40
2009.09.23 09:33:13.624,1.68065,1.68105,1.40,1.40
2009.09.23 09:33:16.104,1.68065,1.68105,1.80,1.40
2009.09.23 09:33:16.224,1.68065,1.6811,1.80,6.00
2009.09.23 09:33:16.513,1.68065,1.68105,1.80,2.00
2009.09.23 09:33:17.783,1.68065,1.68105,1.90,2.00
2009.09.23 09:33:23.242,1.68065,1.68105,1.80,2.00
2009.09.23 09:33:23.592,1.68065,1.68105,1.50,2.00
2009.09.23 09:33:23.942,1.68065,1.681,1.50,2.00
2009.09.23 09:33:24.282,1.68065,1.68105,1.50,4.00
2009.09.23 09:33:24.462,1.68065,1.68105,1.50,2.00
2009.09.23 09:33:25.342,1.68065,1.68105,1.40,2.00
2009.09.23 09:33:26.141,1.68065,1.68105,1.90,2.00
2009.09.23 09:33:26.601,1.68065,1.6811,1.90,6.40
2009.09.23 09:33:26.781,1.68065,1.68105,1.90,2.00
2009.09.23 09:33:27.931,1.68065,1.68105,1.50,2.00
2009.09.23 09:33:30.670,1.68065,1.6811,1.50,3.50
2009.09.23 09:33:31.130,1.68065,1.68105,1.50,2.00
2009.09.23 09:33:31.470,1.68065,1.68105,1.40,2.00
2009.09.23 09:33:31.700,1.68065,1.68105,1.80,2.00
2009.09.23 09:33:31.920,1.68065,1.6811,1.80,6.40
2009.09.23 09:33:32.100,1.68065,1.6811,1.80,8.40
2009.09.23 09:33:32.320,1.68065,1.68105,1.80,2.00
2009.09.23 09:33:32.820,1.68065,1.68105,1.90,2.00
2009.09.23 09:33:34.669,1.68065,1.68105,2.70,2.00
2009.09.23 09:33:35.249,1.68065,1.681,2.70,2.00
2009.09.23 09:33:36.399,1.6807,1.681,1.00,2.00
2009.09.23 09:33:37.278,1.6807,1.68095,1.00,3.60
2009.09.23 09:33:37.619,1.68065,1.68095,1.00,3.60
2009.09.23 09:33:38.578,1.68065,1.6809,1.00,1.00
2009.09.23 09:33:38.919,1.68045,1.68085,1.60,2.00
2009.09.23 09:33:39.258,1.68045,1.68085,1.00,2.00
2009.09.23 09:33:39.588,1.68045,1.6809,5.90,1.00
2009.09.23 09:33:39.918,1.6805,1.68095,1.00,9.80
2009.09.23 09:33:40.248,1.6805,1.6809,1.00,1.40
2009.09.23 09:33:40.598,1.6805,1.6809,1.00,1.80
2009.09.23 09:33:40.768,1.6805,1.68095,1.00,5.80
2009.09.23 09:33:41.138,1.6805,1.68095,1.00,5.90
2009.09.23 09:33:44.457,1.6806,1.68095,1.00,3.60
2009.09.23 09:33:44.687,1.6806,1.681,1.00,3.40
2009.09.23 09:33:44.907,1.6806,1.681,1.40,4.20
2009.09.23 09:33:45.077,1.68055,1.68095,1.90,3.60
2009.09.23 09:33:45.187,1.6806,1.68095,1.00,3.00
2009.09.23 09:33:45.767,1.68055,1.681,1.00,4.20
2009.09.23 09:33:45.890,1.68055,1.68095,1.00,2.00
2009.09.23 09:33:47.976,1.68055,1.6809,1.00,2.00
2009.09.23 09:33:49.256,1.68055,1.681,1.00,5.70
2009.09.23 09:33:49.366,1.68055,1.68095,1.00,2.00
2009.09.23 09:33:51.215,1.68055,1.6809,1.00,2.00
2009.09.23 09:33:54.145,1.68055,1.6809,1.90,2.00
2009.09.23 09:33:54.435,1.68055,1.68095,1.00,4.00
2009.09.23 09:33:54.674,1.68055,1.6809,1.90,2.00
2009.09.23 09:33:54.894,1.68055,1.68095,1.00,2.00
2009.09.23 09:33:55.195,1.68055,1.6809,1.00,2.00
2009.09.23 09:33:55.424,1.68055,1.68095,1.00,2.00
2009.09.23 09:33:55.724,1.68055,1.6809,1.00,2.00
2009.09.23 09:33:55.954,1.68055,1.6809,1.00,2.00
2009.09.23 09:33:56.234,1.68055,1.6809,1.50,2.00
2009.09.23 09:33:57.244,1.68055,1.68095,1.00,2.00
2009.09.23 09:33:57.824,1.68055,1.6809,1.00,2.00
2009.09.23 09:33:59.583,1.68055,1.68095,1.00,2.00
2009.09.23 09:34:00.393,1.68055,1.68095,1.50,2.00
2009.09.23 09:34:00.563,1.68055,1.68095,1.00,2.00
2009.09.23 09:34:00.793,1.68055,1.68095,1.50,2.00
2009.09.23 09:34:00.913,1.68055,1.6809,1.00,2.00
2009.09.23 09:34:01.203,1.68055,1.68095,1.00,4.00
2009.09.23 09:34:01.323,1.68055,1.68095,1.00,2.00
2009.09.23 09:34:01.673,1.68055,1.68095,1.00,4.00
2009.09.23 09:34:02.033,1.68055,1.68095,1.90,2.00
2009.09.23 09:34:02.393,1.68055,1.6809,1.00,3.60
2009.09.23 09:34:03.752,1.6805,1.6809,1.00,3.40
2009.09.23 09:34:04.092,1.6805,1.6809,1.90,1.60
2009.09.23 09:34:04.732,1.6805,1.6809,1.00,3.40
2009.09.23 09:34:05.412,1.68055,1.6809,1.00,1.60
2009.09.23 09:34:08.971,1.68055,1.68095,1.00,3.40
2009.09.23 09:34:09.211,1.6805,1.6809,1.00,1.80
2009.09.23 09:34:09.451,1.68055,1.6809,1.00,3.80
2009.09.23 09:34:09.731,1.6805,1.6809,1.90,2.00
2009.09.23 09:34:09.971,1.68055,1.6809,1.60,2.00
2009.09.23 09:34:10.191,1.6805,1.6809,1.90,1.60
2009.09.23 09:34:11.740,1.6805,1.6809,2.70,1.60
2009.09.23 09:34:12.330,1.6806,1.6809,1.80,1.60
2009.09.23 09:34:12.510,1.68065,1.681,1.60,3.10
2009.09.23 09:34:12.690,1.68055,1.681,3.50,4.70
2009.09.23 09:34:13.380,1.68055,1.681,4.30,3.90
2009.09.23 09:34:14.700,1.68055,1.681,1.90,4.70
2009.09.23 09:34:15.340,1.68055,1.681,1.90,6.70
2009.09.23 09:34:15.509,1.68055,1.68095,1.90,2.00
2009.09.23 09:34:16.109,1.68055,1.68095,1.80,4.40
2009.09.23 09:34:16.219,1.68055,1.68095,1.80,4.90
2009.09.23 09:34:16.279,1.68055,1.6809,1.40,1.00
2009.09.23 09:34:16.330,1.6805,1.6809,1.00,1.80
2009.09.23 09:34:16.389,1.6805,1.6809,1.00,3.80
2009.09.23 09:34:16.500,1.6805,1.6809,1.00,4.20
2009.09.23 09:34:16.559,1.6805,1.6809,1.00,2.80
2009.09.23 09:34:16.899,1.68045,1.6809,1.90,4.80
2009.09.23 09:34:17.239,1.6804,1.6808,1.00,2.20
2009.09.23 09:34:17.589,1.6804,1.6808,1.00,5.60
2009.09.23 09:34:18.329,1.6804,1.68075,1.00,2.00
2009.09.23 09:34:19.898,1.68035,1.68075,1.00,2.00
2009.09.23 09:34:20.018,1.68035,1.68075,1.00,3.40
2009.09.23 09:34:20.079,1.6803,1.68065,1.90,4.40
2009.09.23 09:34:20.189,1.6803,1.6807,1.90,1.60
2009.09.23 09:34:20.418,1.68035,1.68065,1.00,2.00
2009.09.23 09:34:20.980,1.6803,1.68065,1.00,2.00
2009.09.23 09:34:21.101,1.6802,1.6806,1.00,1.00
2009.09.23 09:34:22.068,1.6802,1.6806,1.00,1.80
2009.09.23 09:34:22.308,1.68015,1.6806,1.00,3.20
2009.09.23 09:34:22.888,1.68015,1.6806,1.00,5.20
2009.09.23 09:34:23.478,1.6802,1.6806,1.50,3.40
2009.09.23 09:34:23.828,1.6802,1.6806,2.20,1.00
2009.09.23 09:34:24.177,1.68015,1.6806,1.00,5.60
2009.09.23 09:34:24.527,1.6802,1.6806,1.00,1.40
2009.09.23 09:34:24.867,1.68025,1.68065,1.80,6.40
2009.09.23 09:34:25.217,1.68025,1.6806,1.90,1.40
2009.09.23 09:34:25.547,1.6802,1.6806,1.00,2.80
2009.09.23 09:34:25.657,1.6802,1.6806,1.00,4.80
2009.09.23 09:34:26.287,1.68025,1.6806,1.40,3.40
2009.09.23 09:34:26.617,1.68035,1.6806,1.40,1.40
2009.09.23 09:34:26.957,1.68025,1.68075,3.50,2.20
2009.09.23 09:34:27.307,1.68025,1.68075,1.50,4.20
2009.09.23 09:34:27.817,1.68025,1.6807,1.50,2.00
2009.09.23 09:34:30.296,1.6802,1.68065,1.50,1.40
2009.09.23 09:34:30.586,1.6802,1.68065,1.50,3.40
2009.09.23 09:34:31.096,1.6802,1.68065,1.50,1.40
2009.09.23 09:34:31.506,1.6802,1.6806,1.00,1.40
2009.09.23 09:34:31.736,1.68015,1.6806,1.50,3.40
2009.09.23 09:34:32.086,1.68015,1.6806,1.50,6.30
2009.09.23 09:34:32.435,1.68015,1.6806,1.50,9.90
2009.09.23 09:34:32.785,1.68015,1.68055,1.50,2.00
2009.09.23 09:34:33.725,1.68015,1.68055,1.00,3.40
2009.09.23 09:34:36.234,1.6801,1.6805,1.00,3.20
2009.09.23 09:34:36.575,1.6801,1.6805,1.00,4.80
2009.09.23 09:34:37.214,1.6801,1.6805,1.50,3.40
2009.09.23 09:34:37.564,1.68015,1.6805,1.00,1.40
2009.09.23 09:34:37.834,1.6801,1.6805,1.00,3.20
2009.09.23 09:34:38.124,1.6801,1.6805,1.00,5.20
2009.09.23 09:34:38.414,1.6801,1.6805,1.50,3.40
2009.09.23 09:34:38.694,1.6801,1.6805,1.50,2.00
2009.09.23 09:34:39.394,1.6801,1.68055,1.00,8.30
2009.09.23 09:34:39.744,1.6801,1.6805,1.00,2.00
2009.09.23 09:34:40.743,1.6801,1.6805,1.50,2.00
2009.09.23 09:34:40.804,1.6801,1.6805,1.00,2.00
2009.09.23 09:34:41.024,1.6801,1.6805,1.50,2.00
2009.09.23 09:34:41.083,1.6801,1.68055,1.50,5.40
2009.09.23 09:34:41.193,1.6801,1.68055,1.50,3.40
2009.09.23 09:34:41.543,1.6801,1.68055,1.00,3.40
2009.09.23 09:34:41.933,1.6801,1.68055,1.50,3.40
2009.09.23 09:34:42.273,1.6801,1.68055,1.00,3.40
2009.09.23 09:34:42.993,1.68005,1.68045,2.80,1.40
2009.09.23 09:34:43.333,1.6801,1.68045,1.00,2.00
2009.09.23 09:34:43.963,1.6801,1.68045,1.00,4.00
2009.09.23 09:34:44.193,1.6801,1.6804,1.00,4.80
2009.09.23 09:34:44.463,1.68015,1.6804,1.50,2.00
2009.09.23 09:34:44.752,1.68015,1.6806,1.50,3.90
2009.09.23 09:34:45.272,1.68015,1.6806,1.40,3.90
2009.09.23 09:34:45.512,1.68005,1.6806,4.30,4.70
2009.09.23 09:34:45.792,1.6801,1.6806,1.00,4.20
2009.09.23 09:34:46.702,1.6801,1.6806,2.00,2.20
2009.09.23 09:34:47.732,1.68015,1.6806,1.00,2.20
2009.09.23 09:34:48.371,1.6801,1.6806,2.00,2.20
2009.09.23 09:34:48.671,1.68005,1.6806,4.30,3.80
2009.09.23 09:34:49.421,1.6802,1.6806,1.40,2.00
2009.09.23 09:34:49.771,1.68015,1.6806,3.50,1.40
2009.09.23 09:34:50.051,1.68015,1.6806,1.50,1.40
2009.09.23 09:34:50.331,1.6802,1.6806,1.40,2.00
2009.09.23 09:34:50.631,1.68015,1.6806,3.10,1.40
2009.09.23 09:34:50.741,1.68015,1.6806,3.50,1.40
2009.09.23 09:34:50.911,1.68015,1.6806,1.50,1.40
2009.09.23 09:34:51.481,1.68015,1.6806,1.50,3.40
2009.09.23 09:34:51.661,1.68015,1.6806,1.90,3.40
2009.09.23 09:34:51.881,1.68015,1.6806,3.50,2.80
2009.09.23 09:34:52.181,1.68025,1.6806,1.40,1.00
2009.09.23 09:34:52.410,1.68025,1.6806,3.00,2.00
2009.09.23 09:34:53.160,1.68015,1.6806,1.00,1.80
2009.09.23 09:34:53.790,1.68015,1.68055,2.00,2.20
2009.09.23 09:34:54.120,1.68015,1.6806,2.00,3.70
2009.09.23 09:34:54.400,1.68035,1.68065,1.60,3.50
2009.09.23 09:34:54.690,1.6802,1.6806,1.00,1.40
2009.09.23 09:34:54.930,1.6802,1.6806,2.00,1.80
2009.09.23 09:34:55.220,1.68015,1.6806,2.80,1.80
2009.09.23 09:34:55.930,1.68015,1.68055,1.00,2.20
2009.09.23 09:34:56.500,1.68015,1.6806,1.00,2.20
2009.09.23 09:34:56.739,1.68015,1.6806,1.00,4.20
2009.09.23 09:34:56.979,1.68015,1.6806,1.00,2.20
2009.09.23 09:34:57.199,1.6802,1.6806,1.00,1.00
2009.09.23 09:34:57.489,1.6802,1.68065,1.00,4.20
2009.09.23 09:34:57.789,1.6802,1.68065,1.00,2.20
2009.09.23 09:34:58.089,1.6802,1.6806,1.00,1.40
2009.09.23 09:34:58.269,1.6802,1.6806,1.00,1.40
2009.09.23 09:34:58.609,1.68015,1.6806,3.90,2.20
2009.09.23 09:34:59.299,1.6802,1.6806,1.00,1.40
2009.09.23 09:34:59.639,1.6802,1.68065,1.00,2.20
2009.09.23 09:35:00.698,1.6803,1.68065,1.00,1.00
2009.09.23 09:35:00.938,1.6803,1.6807,1.00,3.20
2009.09.23 09:35:01.048,1.6803,1.6807,1.00,1.00
2009.09.23 09:35:01.908,1.68025,1.6807,1.00,1.00
2009.09.23 09:35:02.268,1.6802,1.68065,3.90,1.00
2009.09.23 09:35:03.798,1.6802,1.68065,3.90,1.00
2009.09.23 09:35:09.616,1.6802,1.68065,1.90,1.00
2009.09.23 09:35:13.485,1.68025,1.6807,1.00,3.80
2009.09.23 09:35:13.825,1.68025,1.6807,1.00,2.40
2009.09.23 09:35:14.125,1.68025,1.6807,1.00,1.00
2009.09.23 09:35:14.485,1.68025,1.6807,1.00,2.40
2009.09.23 09:35:15.275,1.6803,1.6807,1.00,2.40
2009.09.23 09:35:15.515,1.6802,1.68065,1.90,1.00
2009.09.23 09:35:16.855,1.68025,1.6807,1.00,2.40
2009.09.23 09:35:17.834,1.6803,1.6807,1.00,2.40
2009.09.23 09:35:18.564,1.6803,1.6807,1.90,2.00
2009.09.23 09:35:18.804,1.68035,1.6807,3.80,2.00
2009.09.23 09:35:19.144,1.6803,1.68075,1.40,1.00
2009.09.23 09:35:19.484,1.68025,1.68075,2.20,3.30
2009.09.23 09:35:19.874,1.68025,1.6807,2.20,2.00
2009.09.23 09:35:20.704,1.6802,1.68065,2.30,1.00
2009.09.23 09:35:20.993,1.68025,1.6807,1.00,4.60
2009.09.23 09:35:21.154,1.68025,1.6807,1.00,3.20
2009.09.23 09:35:21.503,1.6803,1.6807,1.90,1.00
2009.09.23 09:35:21.664,1.6803,1.68075,1.90,4.60
2009.09.23 09:35:22.243,1.6803,1.6807,1.90,2.00
2009.09.23 09:35:23.513,1.68035,1.68075,3.40,1.00
2009.09.23 09:35:23.733,1.68025,1.6807,2.40,1.00
2009.09.23 09:35:24.363,1.68025,1.68065,1.00,1.00
2009.09.23 09:35:33.121,1.68015,1.6806,4.70,1.00
2009.09.23 09:35:33.811,1.68025,1.6806,1.00,1.00
2009.09.23 09:35:34.090,1.6804,1.68065,1.60,1.00
2009.09.23 09:35:34.440,1.68025,1.6807,4.30,2.40
2009.09.23 09:35:34.660,1.68035,1.6807,1.80,2.00
2009.09.23 09:35:34.880,1.68035,1.68065,1.40,1.00
2009.09.23 09:35:35.060,1.6803,1.68065,3.40,1.00
2009.09.23 09:35:35.300,1.68035,1.6807,3.40,2.00
2009.09.23 09:35:35.530,1.68035,1.6808,3.40,4.20
2009.09.23 09:35:35.690,1.68045,1.6808,1.40,2.00
2009.09.23 09:35:35.920,1.6804,1.68085,3.40,1.50
2009.09.23 09:35:36.450,1.6804,1.68085,2.00,1.50
2009.09.23 09:35:36.620,1.6803,1.68085,3.40,3.90
2009.09.23 09:35:37.020,1.68025,1.68075,3.50,1.80
2009.09.23 09:35:37.240,1.6803,1.6808,1.40,3.40
2009.09.23 09:35:37.410,1.6803,1.68075,1.40,2.00
2009.09.23 09:35:38.280,1.6803,1.6808,1.40,2.00
2009.09.23 09:35:38.629,1.6803,1.6808,3.40,2.00
2009.09.23 09:35:38.920,1.68035,1.6808,1.40,2.00
2009.09.23 09:35:39.389,1.6804,1.68085,1.40,2.00
2009.09.23 09:35:39.609,1.6804,1.68085,1.40,1.00
2009.09.23 09:35:39.839,1.68035,1.68085,3.50,1.50
2009.09.23 09:35:40.119,1.68035,1.6809,2.00,3.50
2009.09.23 09:35:40.409,1.6803,1.6808,1.50,2.00
2009.09.23 09:35:41.039,1.6803,1.68085,3.50,2.00
2009.09.23 09:35:41.669,1.6803,1.68085,3.50,2.80
2009.09.23 09:35:41.839,1.68035,1.6808,1.40,1.40
2009.09.23 09:35:42.079,1.6803,1.6808,1.40,3.40
2009.09.23 09:35:42.648,1.6803,1.6808,1.40,3.50
2009.09.23 09:35:43.868,1.68025,1.68075,1.40,8.70
2009.09.23 09:35:44.088,1.6802,1.68065,3.20,2.20
2009.09.23 09:35:44.318,1.68025,1.68065,1.50,2.00
2009.09.23 09:35:45.068,1.6804,1.68075,1.40,2.00
2009.09.23 09:35:45.191,1.68035,1.68065,1.80,2.00
2009.09.23 09:35:45.358,1.68025,1.68065,1.00,2.00
2009.09.23 09:35:45.528,1.68025,1.6807,2.40,1.00
2009.09.23 09:35:46.218,1.68025,1.6807,1.00,1.00
2009.09.23 09:35:46.927,1.6803,1.6807,1.00,1.60
2009.09.23 09:35:47.277,1.6803,1.6807,1.50,1.60
2009.09.23 09:35:47.448,1.6803,1.6807,1.90,1.00
2009.09.23 09:35:47.627,1.6803,1.68075,1.90,2.80
2009.09.23 09:35:47.977,1.6803,1.68075,1.00,2.80
2009.09.23 09:35:48.377,1.6803,1.6807,1.50,2.00
2009.09.23 09:35:48.707,1.6804,1.6808,1.80,2.00
2009.09.23 09:35:49.037,1.6804,1.68085,1.80,2.80
2009.09.23 09:35:49.667,1.68035,1.68075,1.50,1.00
2009.09.23 09:35:49.957,1.6803,1.68075,4.30,1.00
2009.09.23 09:35:50.517,1.6804,1.68085,1.00,4.30
2009.09.23 09:35:50.817,1.6804,1.68085,1.90,2.20
2009.09.23 09:35:51.286,1.6804,1.68085,2.00,1.40
2009.09.23 09:35:51.446,1.6804,1.6809,1.00,4.30
2009.09.23 09:35:51.616,1.68035,1.6808,2.80,1.00
2009.09.23 09:35:51.846,1.68035,1.68075,2.00,1.00
2009.09.23 09:35:52.496,1.6803,1.68075,8.20,1.00
2009.09.23 09:35:53.016,1.6803,1.68075,6.20,1.00
2009.09.23 09:35:53.246,1.68035,1.6808,1.00,2.20
2009.09.23 09:35:53.536,1.68035,1.6808,1.00,1.00
2009.09.23 09:35:54.856,1.68035,1.6808,1.00,2.30
2009.09.23 09:35:55.085,1.6803,1.68075,1.90,1.00
2009.09.23 09:35:57.645,1.68035,1.6808,1.00,2.40
2009.09.23 09:35:57.925,1.68035,1.6808,1.00,1.20
2009.09.23 09:35:58.805,1.6804,1.6808,1.80,1.00
2009.09.23 09:35:59.034,1.68045,1.6808,3.40,1.00
2009.09.23 09:35:59.384,1.6804,1.6808,1.90,1.00
2009.09.23 09:36:00.764,1.6804,1.6808,1.00,1.00
2009.09.23 09:36:00.884,1.6804,1.6808,1.00,1.00
2009.09.23 09:36:00.944,1.68035,1.6808,1.00,1.60
2009.09.23 09:36:01.294,1.68035,1.6808,1.00,3.60
2009.09.23 09:36:01.534,1.68035,1.6808,1.00,1.60
2009.09.23 09:36:02.724,1.6804,1.6808,1.00,1.60
2009.09.23 09:36:04.393,1.6804,1.6808,1.00,3.00
2009.09.23 09:36:04.573,1.68035,1.68075,1.00,1.00
2009.09.23 09:36:04.743,1.68035,1.6808,1.00,1.60
2009.09.23 09:36:05.533,1.68035,1.6808,1.00,3.60
2009.09.23 09:36:05.763,1.6804,1.6808,1.00,1.60
2009.09.23 09:36:05.993,1.6804,1.6808,1.80,1.00
2009.09.23 09:36:07.033,1.6804,1.6808,1.00,1.00
2009.09.23 09:36:07.272,1.68035,1.6808,1.00,1.60
2009.09.23 09:36:07.512,1.68035,1.6808,1.00,3.60
2009.09.23 09:36:07.972,1.68035,1.6808,1.00,1.60
2009.09.23 09:36:08.782,1.6804,1.6808,1.00,1.60
2009.09.23 09:36:09.572,1.68035,1.6808,1.00,1.60
2009.09.23 09:36:12.161,1.68035,1.68075,1.00,1.00
2009.09.23 09:36:12.451,1.6803,1.68075,1.90,1.00
2009.09.23 09:36:12.751,1.6803,1.68075,1.90,1.00
2009.09.23 09:36:13.051,1.6803,1.68075,3.90,1.00
2009.09.23 09:36:13.381,1.6803,1.68075,1.90,1.00
2009.09.23 09:36:13.741,1.68035,1.68075,1.00,1.00
2009.09.23 09:36:15.571,1.6803,1.68075,1.00,1.40
2009.09.23 09:36:15.731,1.6803,1.68075,2.00,1.40
2009.09.23 09:36:15.901,1.6804,1.6808,1.40,2.20
2009.09.23 09:36:16.080,1.6804,1.6808,1.40,1.00
2009.09.23 09:36:16.720,1.68035,1.68075,1.00,1.40
2009.09.23 09:36:16.940,1.68035,1.68085,1.40,4.30
2009.09.23 09:36:17.460,1.68035,1.6808,1.40,2.00
2009.09.23 09:36:17.680,1.6803,1.6808,1.00,2.00
2009.09.23 09:36:17.920,1.6803,1.6808,1.00,2.00
2009.09.23 09:36:18.150,1.6803,1.68075,1.00,1.40
2009.09.23 09:36:18.970,1.68035,1.68075,1.00,3.40
2009.09.23 09:36:19.370,1.6803,1.68075,1.50,4.20
2009.09.23 09:36:19.969,1.6803,1.6807,1.50,2.00
2009.09.23 09:36:21.959,1.6803,1.68075,1.50,4.30
2009.09.23 09:36:22.879,1.6803,1.6807,1.50,2.00
2009.09.23 09:36:23.229,1.6803,1.68075,1.50,4.30
2009.09.23 09:36:24.298,1.6803,1.68075,1.00,4.20
2009.09.23 09:36:24.528,1.6804,1.68075,1.40,2.00
2009.09.23 09:36:24.758,1.68035,1.68075,1.00,2.00
2009.09.23 09:36:25.048,1.68035,1.6808,1.00,1.50
2009.09.23 09:36:25.388,1.68035,1.68085,1.40,4.80
2009.09.23 09:36:26.278,1.68025,1.6808,4.30,2.00
2009.09.23 09:36:26.818,1.68025,1.68075,4.30,2.00
2009.09.23 09:36:26.928,1.68025,1.6808,4.30,2.00
2009.09.23 09:36:28.027,1.68035,1.6808,1.00,2.00
2009.09.23 09:36:28.308,1.6803,1.68075,1.50,2.20
2009.09.23 09:36:28.657,1.68035,1.68075,1.40,2.00
2009.09.23 09:36:28.997,1.68035,1.6808,1.40,2.30
2009.09.23 09:36:29.327,1.68035,1.6808,1.40,4.30
2009.09.23 09:36:29.907,1.68035,1.6808,1.50,4.30
2009.09.23 09:36:32.676,1.68035,1.68075,1.50,2.80
2009.09.23 09:36:33.316,1.68035,1.68075,1.50,1.00
2009.09.23 09:36:33.906,1.68035,1.6808,1.50,4.30
2009.09.23 09:36:38.065,1.68035,1.68075,1.40,1.40
2009.09.23 09:36:38.705,1.68035,1.68075,1.40,1.00
2009.09.23 09:36:40.564,1.68035,1.6808,1.40,4.70
2009.09.23 09:36:41.024,1.68035,1.68075,1.40,2.00
2009.09.23 09:36:41.704,1.68035,1.6808,1.40,3.50
2009.09.23 09:36:41.994,1.6804,1.6808,1.40,2.00
2009.09.23 09:36:43.804,1.6804,1.6808,1.40,2.80
2009.09.23 09:36:44.464,1.6804,1.6808,1.40,2.80
2009.09.23 09:36:44.643,1.6804,1.6808,1.40,2.00
2009.09.23 09:36:45.863,1.6804,1.6808,1.50,2.00
2009.09.23 09:36:46.143,1.6804,1.6808,1.40,2.00
2009.09.23 09:36:50.542,1.6804,1.68085,1.40,5.10
2009.09.23 09:36:50.942,1.68035,1.6808,1.40,1.50
2009.09.23 09:36:51.112,1.68035,1.6808,1.40,3.50
2009.09.23 09:36:52.632,1.68035,1.6808,3.00,6.80
2009.09.23 09:36:52.852,1.6804,1.6808,1.40,4.10
2009.09.23 09:36:53.031,1.6804,1.68075,1.50,2.00
2009.09.23 09:36:53.391,1.6804,1.68085,1.50,7.10
2009.09.23 09:36:54.051,1.6805,1.68085,1.00,2.50
2009.09.23 09:36:54.441,1.68045,1.6809,1.90,3.30
2009.09.23 09:36:54.901,1.68045,1.68085,1.80,2.00
2009.09.23 09:36:55.191,1.6804,1.68085,1.50,3.40
2009.09.23 09:36:55.811,1.6804,1.6808,1.40,1.00
2009.09.23 09:36:56.501,1.6804,1.68085,1.40,3.50
2009.09.23 09:36:56.611,1.6804,1.6808,1.40,1.00
2009.09.23 09:36:56.671,1.68035,1.68075,1.20,1.40
2009.09.23 09:36:56.731,1.6803,1.68075,4.30,1.80
2009.09.23 09:36:56.851,1.6803,1.68075,1.50,1.80
2009.09.23 09:36:57.721,1.68035,1.68075,1.40,1.00
2009.09.23 09:36:58.230,1.6804,1.68075,1.40,1.00
2009.09.23 09:36:58.570,1.6804,1.68085,4.20,1.90
2009.09.23 09:36:58.930,1.6804,1.6808,3.40,1.00
2009.09.23 09:37:02.200,1.6804,1.6808,1.60,3.80
2009.09.23 09:37:03.009,1.6804,1.6808,1.60,3.90
2009.09.23 09:37:04.099,1.68035,1.68065,2.20,1.00
2009.09.23 09:37:04.419,1.68025,1.68065,1.00,1.80
2009.09.23 09:37:06.069,1.6804,1.68065,1.60,1.00
2009.09.23 09:37:06.359,1.6804,1.68065,1.60,1.00
2009.09.23 09:37:06.658,1.68035,1.68075,1.00,1.40
2009.09.23 09:37:06.888,1.68035,1.68075,1.00,2.20
2009.09.23 09:37:07.188,1.68035,1.68075,1.00,4.20
2009.09.23 09:37:07.708,1.6803,1.68075,1.00,4.30
2009.09.23 09:37:08.268,1.6803,1.6806,1.00,1.60
2009.09.23 09:37:08.508,1.68025,1.6806,1.90,2.00
2009.09.23 09:37:08.748,1.68025,1.6807,1.90,2.00
2009.09.23 09:37:09.458,1.6803,1.68065,1.40,2.00
2009.09.23 09:37:09.688,1.6803,1.6807,1.00,5.40
2009.09.23 09:37:09.917,1.6803,1.6807,1.00,3.40
2009.09.23 09:37:10.217,1.6803,1.6807,1.00,1.40
2009.09.23 09:37:10.507,1.6803,1.6807,1.00,3.40
2009.09.23 09:37:12.857,1.68025,1.6807,1.00,4.20
2009.09.23 09:37:13.676,1.6803,1.6807,1.00,3.40
2009.09.23 09:37:14.076,1.6803,1.68065,1.00,2.00
2009.09.23 09:37:14.716,1.68025,1.68065,1.50,2.40
2009.09.23 09:37:15.416,1.68025,1.68065,1.00,5.80
2009.09.23 09:37:15.536,1.68025,1.68065,1.00,3.80
2009.09.23 09:37:15.816,1.68025,1.68065,1.00,4.60
2009.09.23 09:37:15.936,1.68025,1.68065,1.00,6.60
2009.09.23 09:37:16.166,1.68025,1.68065,1.50,3.60
2009.09.23 09:37:16.276,1.68025,1.68065,1.90,2.80
2009.09.23 09:37:16.396,1.68025,1.68065,1.80,2.00
2009.09.23 09:37:16.516,1.68025,1.6807,1.40,3.40
2009.09.23 09:37:16.906,1.68025,1.6807,1.50,1.80
2009.09.23 09:37:17.246,1.6803,1.6807,1.00,3.80
2009.09.23 09:37:19.615,1.6802,1.6805,2.00,1.60
2009.09.23 09:37:19.895,1.6802,1.6805,1.00,1.60
2009.09.23 09:37:20.125,1.6802,1.68055,1.00,2.00
2009.09.23 09:37:20.305,1.68015,1.68055,2.40,3.80
2009.09.23 09:37:20.695,1.6802,1.68055,1.00,1.80
2009.09.23 09:37:20.875,1.6801,1.6804,1.00,1.60
2009.09.23 09:37:21.325,1.68005,1.6804,1.00,1.60
2009.09.23 09:37:21.995,1.68005,1.68045,4.40,1.80
2009.09.23 09:37:22.334,1.6801,1.68055,5.50,2.60
2009.09.23 09:37:23.136,1.68015,1.68055,2.40,1.80
2009.09.23 09:37:24.004,1.68015,1.68055,2.40,1.80
2009.09.23 09:37:24.634,1.6802,1.6806,2.40,2.30
2009.09.23 09:37:24.994,1.68025,1.6806,2.00,2.30
2009.09.23 09:37:25.344,1.68025,1.68055,2.00,1.80
2009.09.23 09:37:25.454,1.6802,1.6805,2.00,1.60
2009.09.23 09:37:25.624,1.68015,1.68055,4.00,1.80
2009.09.23 09:37:25.734,1.68015,1.6806,7.50,2.30
2009.09.23 09:37:25.904,1.6802,1.6806,2.00,2.30
2009.09.23 09:37:26.324,1.68025,1.6806,2.00,2.30
2009.09.23 09:37:27.803,1.6802,1.6806,2.00,2.30
2009.09.23 09:37:28.283,1.6802,1.6805,2.00,1.00
2009.09.23 09:37:28.463,1.68015,1.6805,2.00,2.20
2009.09.23 09:37:28.813,1.68015,1.68055,2.00,2.20
2009.09.23 09:37:29.163,1.6802,1.68055,2.00,2.20
2009.09.23 09:37:29.813,1.68015,1.68055,4.00,2.20
2009.09.23 09:37:30.162,1.68015,1.68055,2.00,2.20
2009.09.23 09:37:30.922,1.68015,1.68055,1.00,2.20
2009.09.23 09:37:30.972,1.68015,1.68055,1.00,4.20
2009.09.23 09:37:31.332,1.6801,1.68055,1.00,3.40
2009.09.23 09:37:31.562,1.6801,1.68055,1.90,3.40
2009.09.23 09:37:31.672,1.6802,1.68055,1.00,3.40
2009.09.23 09:37:31.852,1.6802,1.68055,1.00,1.40
2009.09.23 09:37:31.912,1.6802,1.68065,1.80,8.70
2009.09.23 09:37:32.022,1.6802,1.68065,1.00,8.70
2009.09.23 09:37:32.832,1.68015,1.68065,1.20,4.30
2009.09.23 09:37:33.172,1.68015,1.6806,1.20,2.00
2009.09.23 09:37:33.522,1.68015,1.6806,1.00,2.00
2009.09.23 09:37:34.952,1.68015,1.68065,1.00,4.30
2009.09.23 09:37:35.232,1.68015,1.6806,1.00,1.40
2009.09.23 09:37:35.401,1.68015,1.68065,1.00,4.30
2009.09.23 09:37:37.311,1.68015,1.68065,1.90,2.00
2009.09.23 09:37:37.721,1.68025,1.68065,1.40,2.00
2009.09.23 09:37:37.901,1.6802,1.68065,1.40,2.00
2009.09.23 09:37:38.081,1.6802,1.68065,1.80,2.00
2009.09.23 09:37:38.640,1.6802,1.68065,3.80,1.40
2009.09.23 09:37:38.971,1.68025,1.6807,1.40,2.20
2009.09.23 09:37:39.361,1.68025,1.6807,1.40,4.20
2009.09.23 09:37:39.700,1.6803,1.6807,2.20,2.00
2009.09.23 09:37:39.940,1.6803,1.6807,2.40,1.40
2009.09.23 09:37:40.221,1.68025,1.6807,2.40,1.40
2009.09.23 09:37:40.970,1.68025,1.6807,1.00,1.40
2009.09.23 09:37:41.140,1.68025,1.6807,1.00,3.40
2009.09.23 09:37:41.950,1.6803,1.6807,1.80,2.00
2009.09.23 09:37:42.129,1.6803,1.68075,1.80,1.00
2009.09.23 09:37:42.350,1.68025,1.68075,6.30,1.90
2009.09.23 09:37:42.520,1.68025,1.68075,5.50,3.90
2009.09.23 09:37:42.750,1.68025,1.68075,3.90,3.90
2009.09.23 09:37:43.029,1.68025,1.68075,1.90,3.90
2009.09.23 09:37:43.269,1.68025,1.68065,1.00,1.00
2009.09.23 09:37:44.859,1.6802,1.6807,3.80,1.50
2009.09.23 09:37:45.079,1.6802,1.6807,1.80,3.50
2009.09.23 09:37:45.379,1.6802,1.6807,3.80,1.50
2009.09.23 09:37:46.249,1.68025,1.6807,1.00,1.40
2009.09.23 09:37:46.409,1.6803,1.68075,1.40,3.40
2009.09.23 09:37:46.528,1.6803,1.68055,2.00,1.40
2009.09.23 09:37:46.809,1.6802,1.68055,1.60,1.40
2009.09.23 09:37:47.098,1.6802,1.68065,1.80,3.80
2009.09.23 09:37:47.378,1.68025,1.6807,1.80,2.00
2009.09.23 09:37:47.669,1.68025,1.68075,1.80,3.80
2009.09.23 09:37:48.228,1.68025,1.6807,1.80,2.00
2009.09.23 09:37:48.798,1.68035,1.6807,1.00,2.00
2009.09.23 09:37:49.078,1.68035,1.68075,1.00,2.40
2009.09.23 09:37:51.158,1.68025,1.68065,1.00,2.20
2009.09.23 09:37:51.547,1.68025,1.68065,1.00,4.20
2009.09.23 09:37:51.767,1.68025,1.68065,1.00,3.80
2009.09.23 09:37:51.877,1.68025,1.68065,1.00,2.00
2009.09.23 09:37:52.547,1.6803,1.6807,1.00,2.00
2009.09.23 09:37:52.907,1.68035,1.6807,1.00,2.00
2009.09.23 09:37:53.237,1.68045,1.68085,1.80,2.00
2009.09.23 09:37:54.297,1.68045,1.68085,1.50,2.00
2009.09.23 09:37:54.637,1.68045,1.68085,1.50,4.00
2009.09.23 09:37:54.987,1.6805,1.68085,1.40,2.00
2009.09.23 09:37:55.337,1.6804,1.68085,1.00,4.20
2009.09.23 09:37:55.846,1.6804,1.68085,1.00,4.20
2009.09.23 09:37:56.116,1.6804,1.6808,1.00,2.00
2009.09.23 09:37:56.736,1.6804,1.6808,1.00,2.40
2009.09.23 09:37:56.856,1.6804,1.6808,1.00,2.40
2009.09.23 09:37:57.036,1.6804,1.6808,1.00,2.00
2009.09.23 09:37:57.206,1.6804,1.6808,1.00,2.40
2009.09.23 09:37:59.925,1.6805,1.68085,1.60,2.00
2009.09.23 09:38:00.155,1.68045,1.6808,1.00,1.00
2009.09.23 09:38:00.375,1.68045,1.68085,1.00,1.00
2009.09.23 09:38:00.555,1.68045,1.6809,1.90,2.80
2009.09.23 09:38:00.735,1.68045,1.68085,1.90,2.00
2009.09.23 09:38:01.125,1.68045,1.68085,1.80,6.40
2009.09.23 09:38:01.305,1.68035,1.6807,2.40,1.00
2009.09.23 09:38:01.535,1.6803,1.6807,1.00,2.20
2009.09.23 09:38:02.065,1.6803,1.6807,1.00,2.00
2009.09.23 09:38:02.405,1.6803,1.6807,1.00,2.00
2009.09.23 09:38:03.075,1.68035,1.6807,1.00,2.00
2009.09.23 09:38:03.245,1.6803,1.6807,1.90,2.00
2009.09.23 09:38:03.424,1.6803,1.6807,1.00,2.00
2009.09.23 09:38:03.544,1.6803,1.68075,1.00,4.00
2009.09.23 09:38:03.715,1.6803,1.68075,1.00,2.00
2009.09.23 09:38:04.864,1.68035,1.68075,1.00,2.00
2009.09.23 09:38:06.234,1.68035,1.6808,1.00,2.00
2009.09.23 09:38:06.584,1.6803,1.6807,1.00,1.00
2009.09.23 09:38:07.114,1.6803,1.6806,1.00,3.00
2009.09.23 09:38:07.354,1.68035,1.68075,2.40,1.40
2009.09.23 09:38:07.624,1.68035,1.68075,1.00,3.80
2009.09.23 09:38:07.844,1.68035,1.68075,1.00,1.50
2009.09.23 09:38:08.143,1.6803,1.68075,2.00,1.00
2009.09.23 09:38:08.474,1.6803,1.68055,1.00,1.00
2009.09.23 09:38:08.823,1.68035,1.6809,1.00,2.00
2009.09.23 09:38:09.173,1.6804,1.6809,1.00,2.00
2009.09.23 09:38:09.873,1.68035,1.68085,1.00,4.30
2009.09.23 09:38:10.233,1.6803,1.6807,2.00,1.00
2009.09.23 09:38:10.403,1.6803,1.6807,1.60,2.20
2009.09.23 09:38:10.643,1.68025,1.68065,1.00,2.00
2009.09.23 09:38:12.712,1.68025,1.68065,1.00,2.00
2009.09.23 09:38:13.752,1.68025,1.68065,1.00,3.40
2009.09.23 09:38:13.862,1.6802,1.68065,1.00,4.20
2009.09.23 09:38:14.202,1.6802,1.6806,1.00,2.00
2009.09.23 09:38:14.542,1.6802,1.68065,1.00,4.20
2009.09.23 09:38:15.292,1.6802,1.68065,1.00,2.20
2009.09.23 09:38:15.922,1.6802,1.68065,1.00,4.20
2009.09.23 09:38:16.691,1.68025,1.68065,1.00,4.20
2009.09.23 09:38:17.431,1.6802,1.68065,1.00,2.80
2009.09.23 09:38:18.191,1.6802,1.68065,1.00,4.20
2009.09.23 09:38:18.831,1.68025,1.6807,1.00,2.00
2009.09.23 09:38:19.121,1.68025,1.6807,1.00,4.00
2009.09.23 09:38:19.461,1.68025,1.68065,1.00,2.00
2009.09.23 09:38:19.811,1.68025,1.6807,1.80,2.00
2009.09.23 09:38:20.151,1.68025,1.68075,5.80,3.40
2009.09.23 09:38:20.561,1.68025,1.6808,3.90,2.00
2009.09.23 09:38:20.840,1.68025,1.6808,3.80,2.00
2009.09.23 09:38:21.180,1.68035,1.6809,2.00,3.50
2009.09.23 09:38:21.510,1.6803,1.6808,2.00,1.40
2009.09.23 09:38:21.910,1.6803,1.68075,2.00,1.40
2009.09.23 09:38:22.150,1.68025,1.68075,3.90,1.40
2009.09.23 09:38:22.320,1.68025,1.6808,4.70,3.40
2009.09.23 09:38:22.550,1.6803,1.6808,2.00,3.40
2009.09.23 09:38:23.190,1.6802,1.68065,1.90,2.40
2009.09.23 09:38:23.480,1.6803,1.68075,1.40,2.00
2009.09.23 09:38:23.810,1.6803,1.6808,1.40,3.40
2009.09.23 09:38:24.170,1.6803,1.6808,3.40,3.80
2009.09.23 09:38:24.519,1.6803,1.6808,3.80,3.80
2009.09.23 09:38:25.039,1.6803,1.6808,3.80,1.80
2009.09.23 09:38:25.609,1.6803,1.6808,3.80,1.90
2009.09.23 09:38:25.829,1.6803,1.6807,2.40,1.80
2009.09.23 09:38:26.349,1.6803,1.6807,1.00,1.00
2009.09.23 09:38:26.529,1.6803,1.6807,1.00,2.00
2009.09.23 09:38:27.619,1.6803,1.6807,1.00,2.40
2009.09.23 09:38:27.849,1.6803,1.6807,1.00,2.00
2009.09.23 09:38:28.199,1.6803,1.68075,1.00,2.00
2009.09.23 09:38:28.469,1.6803,1.6808,1.00,2.00
2009.09.23 09:38:29.108,1.6803,1.68075,1.00,2.00
2009.09.23 09:38:29.978,1.6803,1.6808,1.00,2.00
2009.09.23 09:38:30.468,1.6803,1.6808,1.90,2.00
2009.09.23 09:38:34.177,1.68035,1.68075,1.00,2.00
2009.09.23 09:38:35.797,1.6803,1.68075,1.00,3.40
2009.09.23 09:38:39.376,1.68035,1.68075,1.50,2.00
2009.09.23 09:38:41.645,1.68035,1.6808,1.50,5.50
2009.09.23 09:38:41.815,1.68035,1.6808,1.50,7.50
2009.09.23 09:38:41.935,1.68035,1.68075,1.50,2.00
2009.09.23 09:38:43.045,1.68035,1.68075,1.90,2.00
2009.09.23 09:38:44.555,1.68035,1.68075,3.50,2.00
2009.09.23 09:38:45.405,1.68035,1.68075,3.40,2.00
2009.09.23 09:38:45.695,1.6803,1.68075,2.60,3.40
2009.09.23 09:38:45.874,1.6803,1.68075,1.80,3.40
2009.09.23 09:38:46.274,1.6803,1.68075,1.80,1.40
2009.09.23 09:38:46.544,1.6803,1.68075,1.80,3.40
2009.09.23 09:38:47.284,1.6803,1.68075,1.80,1.40
2009.09.23 09:38:47.744,1.6803,1.68075,1.80,1.50
2009.09.23 09:38:52.553,1.6803,1.6807,1.80,1.60
2009.09.23 09:38:52.663,1.68025,1.6807,4.30,3.40
2009.09.23 09:38:52.783,1.68025,1.6807,2.70,3.40
2009.09.23 09:38:53.752,1.68025,1.6807,2.70,3.50
2009.09.23 09:38:54.692,1.68025,1.6807,2.70,5.50
2009.09.23 09:38:55.502,1.68025,1.68065,2.60,1.00
2009.09.23 09:38:55.682,1.68025,1.6806,1.00,1.80
2009.09.23 09:38:58.531,1.6803,1.68075,4.30,1.90
2009.09.23 09:39:00.401,1.6803,1.6807,4.20,1.00
2009.09.23 09:39:00.511,1.6803,1.6806,2.60,1.60
2009.09.23 09:39:00.631,1.6803,1.6806,1.00,3.40
2009.09.23 09:39:00.811,1.6803,1.6807,1.00,1.00
2009.09.23 09:39:00.921,1.68025,1.6807,3.20,1.00
2009.09.23 09:39:01.091,1.68025,1.6807,1.20,2.40
2009.09.23 09:39:01.211,1.68025,1.68065,1.20,2.00
2009.09.23 09:39:01.331,1.68025,1.6807,1.20,4.40
2009.09.23 09:39:01.690,1.68025,1.6807,1.20,2.40
2009.09.23 09:39:02.210,1.68025,1.6807,2.60,2.40
2009.09.23 09:39:02.591,1.6803,1.68075,2.00,1.90
2009.09.23 09:39:05.510,1.6803,1.6807,2.00,1.00
2009.09.23 09:39:05.689,1.6803,1.68075,2.40,1.90
2009.09.23 09:39:05.810,1.6803,1.68075,1.80,1.90
2009.09.23 09:39:05.870,1.6803,1.68075,3.80,1.90
2009.09.23 09:39:06.260,1.6803,1.68075,1.80,1.90
2009.09.23 09:39:06.619,1.6803,1.68075,3.80,1.90
2009.09.23 09:39:06.679,1.6803,1.68075,3.90,1.90
2009.09.23 09:39:11.168,1.68035,1.68075,1.00,1.90
2009.09.23 09:39:13.598,1.68035,1.68075,5.70,1.00
2009.09.23 09:39:13.768,1.6804,1.68075,1.00,1.00
2009.09.23 09:39:14.527,1.68035,1.68075,9.70,1.00
2009.09.23 09:39:15.217,1.68035,1.68075,6.50,1.00
2009.09.23 09:39:16.037,1.68045,1.68075,1.00,1.80
2009.09.23 09:39:16.377,1.68045,1.68075,3.60,1.80
2009.09.23 09:39:16.727,1.68045,1.68085,5.40,1.00
2009.09.23 09:39:17.007,1.68045,1.68085,3.80,1.00
2009.09.23 09:39:17.357,1.68045,1.6808,1.80,1.00
2009.09.23 09:39:17.707,1.68035,1.6807,4.80,1.60
2009.09.23 09:39:18.007,1.6804,1.6807,1.40,2.00
2009.09.23 09:39:18.347,1.68045,1.68085,1.80,2.80
2009.09.23 09:39:18.636,1.68045,1.68085,1.80,2.00
2009.09.23 09:39:19.316,1.6804,1.68085,1.40,3.50
2009.09.23 09:39:23.745,1.6804,1.6808,1.40,1.00
2009.09.23 09:39:25.225,1.6804,1.68085,1.50,3.50
2009.09.23 09:39:25.735,1.6804,1.6808,1.50,2.00
2009.09.23 09:39:26.955,1.6804,1.68085,1.50,3.40
2009.09.23 09:39:27.364,1.6804,1.68085,1.40,3.50
2009.09.23 09:39:27.714,1.6804,1.68085,4.10,3.50
2009.09.23 09:39:27.994,1.68055,1.6808,1.40,2.00
2009.09.23 09:39:28.294,1.68055,1.68095,1.40,2.00
2009.09.23 09:39:28.574,1.68045,1.6809,7.00,1.00
2009.09.23 09:39:28.864,1.6804,1.6808,3.80,1.00
2009.09.23 09:39:29.164,1.6804,1.6808,3.40,1.00
2009.09.23 09:39:29.445,1.6804,1.68085,6.80,2.00
2009.09.23 09:39:30.384,1.6804,1.68085,4.40,2.00
2009.09.23 09:39:30.604,1.6804,1.68085,3.30,2.00
2009.09.23 09:39:30.844,1.6804,1.68085,3.30,2.00
2009.09.23 09:39:31.293,1.6805,1.68085,3.00,2.00
2009.09.23 09:39:31.353,1.6805,1.68085,3.80,2.00
2009.09.23 09:39:31.463,1.6805,1.68095,3.80,3.90
2009.09.23 09:39:31.523,1.6805,1.68085,3.80,2.00
2009.09.23 09:39:31.733,1.6805,1.68085,4.60,2.00
2009.09.23 09:39:32.313,1.6805,1.6809,4.60,1.00
2009.09.23 09:39:32.543,1.6805,1.68085,1.00,2.00
2009.09.23 09:39:32.783,1.6804,1.68075,1.90,2.00
2009.09.23 09:39:33.233,1.6804,1.6808,1.80,2.00
2009.09.23 09:39:33.513,1.6804,1.6808,1.00,2.00
2009.09.23 09:39:33.803,1.68035,1.6808,1.00,3.80
2009.09.23 09:39:34.153,1.68035,1.6807,1.00,2.00
2009.09.23 09:39:34.493,1.68035,1.68075,2.60,2.00
2009.09.23 09:39:35.182,1.68035,1.68075,2.20,2.00
2009.09.23 09:39:35.862,1.6804,1.68075,1.00,2.00
2009.09.23 09:39:36.342,1.6804,1.68075,1.50,2.00
2009.09.23 09:39:36.562,1.6804,1.68075,1.90,2.00
2009.09.23 09:39:36.782,1.6804,1.6808,1.90,2.00
2009.09.23 09:39:39.831,1.6804,1.68085,1.90,4.00
2009.09.23 09:39:39.882,1.6804,1.68085,1.90,2.00
2009.09.23 09:39:40.521,1.6804,1.68085,1.90,2.00
2009.09.23 09:39:40.741,1.6804,1.68085,1.80,5.80
2009.09.23 09:39:40.971,1.6804,1.6808,1.80,2.00
2009.09.23 09:39:41.821,1.6804,1.68085,1.90,3.90
2009.09.23 09:39:43.131,1.6804,1.6808,1.90,2.00
2009.09.23 09:39:43.291,1.6804,1.68085,1.90,3.90
2009.09.23 09:39:45.130,1.6804,1.68085,3.90,1.90
2009.09.23 09:39:46.980,1.6804,1.68085,3.90,1.80
2009.09.23 09:39:47.100,1.68045,1.68085,1.40,1.20
2009.09.23 09:39:47.280,1.68045,1.68085,2.20,1.00
2009.09.23 09:39:47.450,1.68045,1.68095,2.20,4.30
2009.09.23 09:39:47.969,1.68045,1.6809,4.20,1.00
2009.09.23 09:39:48.319,1.6804,1.68085,3.10,1.00
2009.09.23 09:39:48.660,1.6804,1.6809,2.30,4.30
2009.09.23 09:39:49.520,1.6804,1.68085,1.00,1.50
2009.09.23 09:39:49.799,1.68035,1.68085,1.50,4.30
2009.09.23 09:39:50.030,1.68035,1.68075,1.00,1.00
2009.09.23 09:39:50.309,1.68035,1.68075,1.00,2.80
2009.09.23 09:39:50.539,1.68035,1.68075,1.00,1.00
2009.09.23 09:39:53.138,1.68045,1.68075,1.60,1.00
2009.09.23 09:39:53.258,1.68045,1.6809,3.40,1.60
2009.09.23 09:39:53.368,1.68045,1.6808,1.00,1.40
2009.09.23 09:39:53.488,1.6804,1.68075,2.00,1.00
2009.09.23 09:39:53.598,1.68035,1.68075,1.00,1.00
2009.09.23 09:39:53.708,1.68035,1.68085,3.50,2.30
2009.09.23 09:39:54.068,1.68035,1.68085,1.50,4.30
2009.09.23 09:39:57.477,1.68035,1.68085,3.50,2.30
2009.09.23 09:39:57.937,1.68035,1.68085,3.50,2.20
2009.09.23 09:39:58.057,1.68035,1.68085,1.50,4.20
2009.09.23 09:39:58.797,1.68035,1.68085,3.50,2.20
2009.09.23 09:39:59.077,1.68035,1.68085,1.50,4.20
2009.09.23 09:39:59.696,1.68035,1.68085,1.50,4.30
2009.09.23 09:40:00.496,1.68045,1.6808,2.00,1.40
2009.09.23 09:40:00.796,1.68045,1.6808,1.00,1.00
2009.09.23 09:40:01.096,1.6804,1.6808,1.00,1.00
2009.09.23 09:40:01.736,1.6804,1.68075,1.00,1.00
2009.09.23 09:40:01.906,1.68035,1.68075,1.50,1.00
2009.09.23 09:40:02.086,1.68035,1.68085,1.50,4.30
2009.09.23 09:40:03.436,1.68035,1.68085,3.50,2.30
2009.09.23 09:40:04.705,1.68035,1.6807,3.40,1.00
2009.09.23 09:40:04.885,1.6803,1.68075,3.50,5.00
2009.09.23 09:40:05.105,1.68035,1.68075,1.00,5.00
2009.09.23 09:40:05.285,1.68035,1.68075,1.90,2.00
2009.09.23 09:40:05.625,1.68035,1.68075,1.50,1.00
2009.09.23 09:40:05.795,1.68035,1.68075,1.00,1.00
2009.09.23 09:40:06.375,1.68035,1.6808,1.00,3.40
2009.09.23 09:40:06.645,1.6804,1.6808,2.00,1.40
2009.09.23 09:40:07.275,1.68035,1.6808,1.00,3.40
2009.09.23 09:40:07.965,1.68035,1.6808,1.50,2.00
2009.09.23 09:40:09.684,1.6804,1.6808,1.00,2.00
2009.09.23 09:40:13.613,1.68045,1.6808,1.00,2.00
2009.09.23 09:40:13.843,1.68045,1.68085,1.00,4.20
2009.09.23 09:40:14.173,1.68045,1.6808,1.00,2.00
2009.09.23 09:40:14.533,1.6804,1.6808,1.00,2.00
2009.09.23 09:40:15.063,1.68035,1.6808,1.00,3.90
2009.09.23 09:40:15.293,1.6804,1.6808,1.40,1.00
2009.09.23 09:40:15.513,1.6804,1.68085,2.30,3.40
2009.09.23 09:40:15.693,1.68045,1.6808,1.40,2.00
2009.09.23 09:40:15.923,1.68045,1.68085,1.40,2.00
2009.09.23 09:40:16.043,1.6804,1.68085,3.40,1.50
2009.09.23 09:40:16.222,1.6804,1.68085,5.40,1.50
2009.09.23 09:40:16.632,1.6804,1.6808,3.40,2.00
2009.09.23 09:40:16.753,1.6804,1.6808,3.50,2.00
2009.09.23 09:40:17.462,1.6804,1.68085,3.50,1.40
2009.09.23 09:40:17.932,1.6804,1.68085,3.50,1.50
2009.09.23 09:40:20.971,1.68055,1.681,3.90,4.30
2009.09.23 09:40:21.391,1.68055,1.681,4.70,4.30
2009.09.23 09:40:23.161,1.68055,1.68095,4.60,1.00
2009.09.23 09:40:23.261,1.68055,1.6809,2.40,1.80
2009.09.23 09:40:23.441,1.68055,1.6809,1.00,2.40
2009.09.23 09:40:23.913,1.68055,1.6809,1.00,2.00
2009.09.23 09:40:24.181,1.6805,1.68095,2.30,4.30
2009.09.23 09:40:30.129,1.6805,1.68095,2.20,2.00
2009.09.23 09:40:30.289,1.68055,1.6809,1.40,2.00
2009.09.23 09:40:30.509,1.68055,1.6809,3.00,2.00
2009.09.23 09:40:30.789,1.68055,1.68095,2.40,3.40
2009.09.23 09:40:31.029,1.6805,1.68095,3.00,2.30
2009.09.23 09:40:31.319,1.68055,1.68095,2.00,2.30
2009.09.23 09:40:31.609,1.6805,1.68095,4.20,2.30
2009.09.23 09:40:31.949,1.68055,1.68095,3.00,2.00
2009.09.23 09:40:32.299,1.6806,1.68095,3.60,1.00
2009.09.23 09:40:32.649,1.68055,1.68095,1.40,1.00
2009.09.23 09:40:32.939,1.6806,1.68095,1.40,1.00
2009.09.23 09:40:33.459,1.6806,1.681,1.40,1.00
2009.09.23 09:40:35.878,1.6806,1.681,3.40,1.00
2009.09.23 09:40:38.238,1.6806,1.68085,1.40,1.60
2009.09.23 09:40:38.588,1.6806,1.68095,1.40,1.00
2009.09.23 09:40:38.927,1.6806,1.681,1.40,2.00
2009.09.23 09:40:39.257,1.68055,1.68095,1.40,1.00
2009.09.23 09:40:39.647,1.68055,1.6809,1.40,1.60
2009.09.23 09:40:39.977,1.68045,1.6809,6.50,1.90
2009.09.23 09:40:40.267,1.68045,1.6809,8.50,1.90
2009.09.23 09:40:40.607,1.68055,1.6809,2.00,1.90
2009.09.23 09:40:40.897,1.6805,1.6809,2.00,1.50
2009.09.23 09:40:41.187,1.68045,1.6809,1.50,3.50
2009.09.23 09:40:41.946,1.68045,1.6809,1.40,3.50
2009.09.23 09:40:42.126,1.6804,1.68085,3.90,1.80
2009.09.23 09:40:42.306,1.68045,1.68085,2.00,1.80
2009.09.23 09:40:42.886,1.6804,1.68085,3.90,1.80
2009.09.23 09:40:43.126,1.68045,1.68085,1.00,1.40
2009.09.23 09:40:43.236,1.6804,1.6809,3.90,1.90
2009.09.23 09:40:43.346,1.6804,1.68085,3.90,1.40
2009.09.23 09:40:44.036,1.68045,1.6809,2.00,1.80
2009.09.23 09:40:44.376,1.6806,1.68085,1.00,1.00
2009.09.23 09:40:45.076,1.6806,1.68085,1.00,1.00
2009.09.23 09:40:45.685,1.68045,1.68085,1.00,1.00
2009.09.23 09:40:46.985,1.68045,1.68085,1.00,1.00
2009.09.23 09:40:47.155,1.6805,1.68085,1.40,1.00
2009.09.23 09:40:47.275,1.6805,1.6809,1.40,2.30
2009.09.23 09:40:54.183,1.68045,1.6809,5.10,1.90
2009.09.23 09:40:54.943,1.6805,1.6809,1.40,2.30
2009.09.23 09:40:55.113,1.68045,1.68085,3.60,1.40
2009.09.23 09:40:55.763,1.68045,1.6809,5.00,1.00
2009.09.23 09:40:55.983,1.68045,1.6809,2.20,1.00
2009.09.23 09:40:56.153,1.6804,1.68085,4.30,1.40
2009.09.23 09:40:56.373,1.6804,1.6808,4.20,1.60
2009.09.23 09:40:56.553,1.6804,1.6808,1.50,2.00
2009.09.23 09:40:56.763,1.68045,1.6808,1.00,2.00
2009.09.23 09:40:57.103,1.68045,1.68085,1.00,2.00
2009.09.23 09:40:57.783,1.68045,1.68085,1.00,3.40
2009.09.23 09:40:58.083,1.6804,1.68085,2.30,3.40
2009.09.23 09:40:58.552,1.6804,1.6808,1.00,1.40
2009.09.23 09:40:58.833,1.6804,1.6808,1.00,3.80
2009.09.23 09:40:59.062,1.68035,1.6808,4.70,3.80
2009.09.23 09:40:59.762,1.68035,1.6808,4.70,3.90
2009.09.23 09:41:00.182,1.68035,1.6808,3.10,3.90
2009.09.23 09:41:00.412,1.68045,1.6808,1.40,2.00
2009.09.23 09:41:00.642,1.6805,1.6808,1.40,2.00
2009.09.23 09:41:01.052,1.6804,1.6808,2.20,3.80
2009.09.23 09:41:01.282,1.6804,1.6808,1.00,3.80
2009.09.23 09:41:01.572,1.6804,1.68075,1.00,1.60
2009.09.23 09:41:03.152,1.6803,1.68075,5.10,2.00
2009.09.23 09:41:03.661,1.68035,1.68075,1.90,1.60
2009.09.23 09:41:03.891,1.6803,1.6807,3.20,1.40
2009.09.23 09:41:04.121,1.6803,1.68075,3.60,3.80
2009.09.23 09:41:04.341,1.6803,1.68075,2.70,2.20
2009.09.23 09:41:04.691,1.6803,1.68075,4.30,1.00
2009.09.23 09:41:05.031,1.6803,1.68075,6.30,1.00
2009.09.23 09:41:05.721,1.6804,1.6808,1.00,2.00
2009.09.23 09:41:06.061,1.6805,1.6809,1.40,3.60
2009.09.23 09:41:06.401,1.6804,1.68085,1.50,1.40
2009.09.23 09:41:06.571,1.68045,1.68085,1.40,2.00
2009.09.23 09:41:07.271,1.68045,1.6809,1.40,5.90
2009.09.23 09:41:07.440,1.68045,1.6809,1.50,3.90
2009.09.23 09:41:07.840,1.6804,1.68085,1.50,1.40
2009.09.23 09:41:08.190,1.6804,1.6808,1.50,2.00
2009.09.23 09:41:08.490,1.6804,1.68085,1.50,5.40
2009.09.23 09:41:08.730,1.6804,1.68085,1.50,3.40
2009.09.23 09:41:08.950,1.6804,1.68085,2.30,3.40
2009.09.23 09:41:16.178,1.6804,1.68085,2.30,3.40
2009.09.23 09:41:17.628,1.68045,1.68085,1.40,2.00
2009.09.23 09:41:18.728,1.68045,1.68085,1.50,2.00
2009.09.23 09:41:19.597,1.68045,1.68085,2.30,2.00
2009.09.23 09:41:20.267,1.68045,1.6809,2.30,3.90
2009.09.23 09:41:20.437,1.68045,1.68085,1.50,2.00
2009.09.23 09:41:28.335,1.68045,1.68085,1.50,2.00
2009.09.23 09:41:30.185,1.68045,1.6808,1.40,2.00
2009.09.23 09:41:30.425,1.68045,1.68085,1.40,4.00
2009.09.23 09:41:30.655,1.68045,1.68085,1.40,2.00
2009.09.23 09:41:31.874,1.68045,1.68085,1.50,2.00
2009.09.23 09:41:34.054,1.68045,1.68085,1.50,2.00
2009.09.23 09:41:34.394,1.68045,1.6809,1.50,3.50
2009.09.23 09:41:36.043,1.6804,1.68075,2.60,1.40
2009.09.23 09:41:36.163,1.6804,1.68075,2.20,5.80
2009.09.23 09:41:36.283,1.68045,1.68075,1.40,2.00
2009.09.23 09:41:36.343,1.68045,1.6808,1.40,2.00
2009.09.23 09:41:36.453,1.68045,1.6809,1.40,3.50
2009.09.23 09:41:36.863,1.68045,1.68085,1.40,2.00
2009.09.23 09:41:37.133,1.68045,1.6809,1.40,3.50
2009.09.23 09:41:37.723,1.6804,1.68085,3.30,1.40
2009.09.23 09:41:37.903,1.6804,1.68085,1.50,1.40
2009.09.23 09:41:39.503,1.6804,1.68085,1.50,3.40
2009.09.23 09:41:39.792,1.6804,1.68085,1.50,1.40
2009.09.23 09:41:40.372,1.68035,1.68075,3.60,1.40
2009.09.23 09:41:40.552,1.68045,1.68075,3.40,1.00
2009.09.23 09:41:40.722,1.6804,1.68085,3.90,1.40
2009.09.23 09:41:40.892,1.6804,1.68085,1.50,1.40
2009.09.23 09:41:44.661,1.6804,1.68085,1.50,3.40
2009.09.23 09:41:44.961,1.6804,1.68085,1.50,1.40
2009.09.23 09:41:48.990,1.6805,1.6809,2.00,1.50
2009.09.23 09:41:49.230,1.68055,1.68095,2.00,1.50
2009.09.23 09:41:49.720,1.68055,1.6809,2.00,1.00
2009.09.23 09:41:54.729,1.68055,1.6809,3.40,1.00
2009.09.23 09:41:54.899,1.68055,1.68095,2.00,1.50
2009.09.23 09:41:55.069,1.68055,1.68085,2.00,1.40
2009.09.23 09:41:55.369,1.6805,1.6809,4.00,1.40
2009.09.23 09:41:55.489,1.6805,1.6809,2.00,1.40
2009.09.23 09:41:55.849,1.68055,1.6809,2.00,2.30
2009.09.23 09:41:56.148,1.6806,1.6809,2.00,2.30
2009.09.23 09:41:56.498,1.68055,1.6809,2.00,2.30
2009.09.23 09:41:56.968,1.68045,1.6809,3.50,2.30
2009.09.23 09:42:00.308,1.68045,1.6809,3.50,1.50
2009.09.23 09:42:01.047,1.6805,1.6809,2.00,1.50
2009.09.23 09:42:01.787,1.6805,1.6809,4.00,1.80
2009.09.23 09:42:01.847,1.6805,1.6809,2.00,1.40
2009.09.23 09:42:01.898,1.68045,1.6809,3.50,1.40
2009.09.23 09:42:03.597,1.68045,1.6809,3.50,1.50
2009.09.23 09:42:03.657,1.68045,1.6809,3.50,1.90
2009.09.23 09:42:03.827,1.68045,1.68085,2.00,1.90
2009.09.23 09:42:03.997,1.68045,1.6808,2.00,1.60
2009.09.23 09:42:06.146,1.68045,1.68085,2.00,1.40
2009.09.23 09:42:06.616,1.6804,1.68085,3.50,1.40
2009.09.23 09:42:06.896,1.68045,1.68085,2.00,1.40
2009.09.23 09:42:07.696,1.6804,1.68085,3.50,1.40
2009.09.23 09:42:07.976,1.6804,1.68085,4.90,1.40
2009.09.23 09:42:08.216,1.68045,1.68085,2.00,1.40
2009.09.23 09:42:09.485,1.6804,1.68085,3.50,1.40
2009.09.23 09:42:10.005,1.6804,1.68085,1.50,1.40
2009.09.23 09:42:12.275,1.6804,1.68085,1.40,3.40
2009.09.23 09:42:12.735,1.6804,1.68085,1.40,1.40
2009.09.23 09:42:14.004,1.68035,1.68075,3.50,1.40
2009.09.23 09:42:14.354,1.68045,1.68075,2.00,1.40
2009.09.23 09:42:15.104,1.6804,1.68075,2.00,1.40
2009.09.23 09:42:15.634,1.6805,1.6808,1.40,1.00
2009.09.23 09:42:15.804,1.68055,1.68095,1.60,3.90
2009.09.23 09:42:16.034,1.68045,1.6809,5.00,1.80
2009.09.23 09:42:16.214,1.6804,1.68075,1.00,1.40
2009.09.23 09:42:16.554,1.6804,1.68075,2.40,1.80
2009.09.23 09:42:16.783,1.68045,1.6808,1.40,1.00
2009.09.23 09:42:16.954,1.6804,1.68085,2.20,4.20
2009.09.23 09:42:17.683,1.6804,1.68085,2.30,4.30
2009.09.23 09:42:18.713,1.6804,1.68085,3.10,4.30
2009.09.23 09:42:20.333,1.6804,1.6808,3.00,1.00
2009.09.23 09:42:20.623,1.6804,1.6808,3.60,1.50
2009.09.23 09:42:20.903,1.6804,1.68085,3.10,4.30
2009.09.23 09:42:24.652,1.68045,1.68085,1.60,4.20
2009.09.23 09:42:24.992,1.6805,1.68095,2.20,5.10
2009.09.23 09:42:25.322,1.6805,1.68085,1.00,1.80
2009.09.23 09:42:25.671,1.68045,1.68085,1.00,1.00
2009.09.23 09:42:26.022,1.6806,1.6808,2.00,3.80
2009.09.23 09:42:26.251,1.6805,1.6808,2.00,3.80
2009.09.23 09:42:26.641,1.6805,1.6808,2.00,1.60
2009.09.23 09:42:26.881,1.6804,1.68085,2.20,1.40
2009.09.23 09:42:27.161,1.6804,1.68085,1.40,1.80
2009.09.23 09:42:27.381,1.6804,1.6808,1.40,2.00
2009.09.23 09:42:27.671,1.6804,1.68085,1.40,3.80
2009.09.23 09:42:28.021,1.6804,1.6808,1.40,1.00
2009.09.23 09:42:28.711,1.68035,1.68075,2.30,2.00
2009.09.23 09:42:29.231,1.68035,1.6808,2.30,3.40
2009.09.23 09:42:30.100,1.6804,1.6808,2.20,2.00
2009.09.23 09:42:30.500,1.6805,1.68085,3.80,2.00
2009.09.23 09:42:31.010,1.6805,1.68085,2.40,1.40
2009.09.23 09:42:31.250,1.6804,1.6808,1.00,1.40
2009.09.23 09:42:31.530,1.6804,1.68075,1.00,2.00
2009.09.23 09:42:31.760,1.68035,1.68075,3.00,2.00
2009.09.23 09:42:31.990,1.68035,1.6808,3.00,1.40
2009.09.23 09:42:32.800,1.6804,1.6808,1.00,1.40
2009.09.23 09:42:35.649,1.6804,1.6808,1.00,3.40
2009.09.23 09:42:36.109,1.6804,1.6808,1.00,1.40
2009.09.23 09:42:37.149,1.68035,1.6808,1.50,1.40
2009.09.23 09:42:37.439,1.68035,1.6808,1.50,3.40
2009.09.23 09:42:38.559,1.68035,1.6808,2.30,3.40
2009.09.23 09:42:39.148,1.68035,1.6808,2.30,1.40
2009.09.23 09:42:39.808,1.6804,1.6808,1.00,1.40
2009.09.23 09:42:40.738,1.68035,1.6808,1.40,1.40
2009.09.23 09:42:41.118,1.68035,1.68075,1.50,2.00
2009.09.23 09:42:41.298,1.68035,1.6808,1.50,5.40
2009.09.23 09:42:41.398,1.68035,1.6808,1.50,3.40
2009.09.23 09:42:42.458,1.68035,1.6808,1.50,3.50
2009.09.23 09:42:43.098,1.6805,1.6808,1.40,2.00
2009.09.23 09:42:43.387,1.6805,1.68085,1.40,1.00
2009.09.23 09:42:43.947,1.6804,1.68085,5.00,1.00
2009.09.23 09:42:44.297,1.6804,1.68085,5.00,2.00
2009.09.23 09:42:44.597,1.6804,1.68085,5.00,1.00
2009.09.23 09:42:44.937,1.6804,1.68085,1.50,1.00
2009.09.23 09:42:45.447,1.6804,1.68085,1.50,2.00
2009.09.23 09:42:45.627,1.6804,1.68085,2.30,2.00
2009.09.23 09:42:45.687,1.6804,1.68085,1.50,2.00
2009.09.23 09:42:46.027,1.6804,1.68085,2.30,2.00
2009.09.23 09:42:46.267,1.6804,1.68085,1.50,2.00
2009.09.23 09:42:46.446,1.6804,1.68085,2.30,2.00
2009.09.23 09:42:46.866,1.6804,1.68085,1.50,2.00
2009.09.23 09:42:46.986,1.6804,1.68085,2.30,2.00
2009.09.23 09:42:47.336,1.6804,1.68085,1.50,2.00
2009.09.23 09:42:47.566,1.6804,1.68085,2.30,2.00
2009.09.23 09:42:47.906,1.6804,1.68085,1.50,2.00
2009.09.23 09:42:47.966,1.6804,1.68085,2.30,2.00
2009.09.23 09:42:48.376,1.6804,1.68085,1.50,2.00
2009.09.23 09:42:50.625,1.6804,1.68085,1.90,2.40
2009.09.23 09:42:50.736,1.6804,1.68085,2.30,2.00
2009.09.23 09:42:50.846,1.6804,1.68085,1.40,3.50
2009.09.23 09:42:50.965,1.6804,1.68085,1.80,3.90
2009.09.23 09:42:51.435,1.6804,1.68085,1.90,3.80
2009.09.23 09:42:52.995,1.6804,1.68085,1.80,3.90
2009.09.23 09:42:53.345,1.6804,1.68085,1.90,3.80
2009.09.23 09:42:53.855,1.6804,1.68085,1.80,3.90
2009.09.23 09:42:54.714,1.6804,1.68085,1.90,3.90
2009.09.23 09:42:55.054,1.6804,1.68085,2.30,3.90
2009.09.23 09:42:55.344,1.68035,1.68085,2.30,3.90
2009.09.23 09:42:55.624,1.68035,1.6808,2.30,1.00
2009.09.23 09:42:55.894,1.68035,1.6808,2.20,2.00
2009.09.23 09:42:56.174,1.68035,1.6808,2.30,2.00
2009.09.23 09:42:56.404,1.68035,1.6808,2.20,2.00
2009.09.23 09:42:56.934,1.68035,1.6808,2.30,2.00
2009.09.23 09:42:57.644,1.68035,1.6808,2.20,2.00
2009.09.23 09:42:58.144,1.6804,1.6808,1.00,1.40
2009.09.23 09:42:58.434,1.6803,1.68075,1.90,3.40
2009.09.23 09:42:58.704,1.6803,1.6807,1.00,1.40
2009.09.23 09:42:59.104,1.68025,1.6807,2.70,1.40
2009.09.23 09:42:59.453,1.68025,1.68075,1.90,2.00
2009.09.23 09:43:00.423,1.68025,1.6807,1.00,2.00
2009.09.23 09:43:00.703,1.68035,1.6807,1.00,2.00
2009.09.23 09:43:01.043,1.6803,1.68075,1.90,2.00
2009.09.23 09:43:01.213,1.6803,1.6808,1.00,2.40
2009.09.23 09:43:01.443,1.6803,1.68075,1.00,2.00
2009.09.23 09:43:02.862,1.6803,1.68075,1.90,1.00
2009.09.23 09:43:03.212,1.6803,1.68075,1.00,2.00
2009.09.23 09:43:03.432,1.6803,1.68075,1.40,2.00
2009.09.23 09:43:03.652,1.68035,1.6807,1.00,2.00
2009.09.23 09:43:03.872,1.68035,1.68065,1.00,2.00
2009.09.23 09:43:04.722,1.6804,1.68075,1.40,2.00
2009.09.23 09:43:05.082,1.6803,1.68075,2.90,1.40
2009.09.23 09:43:05.192,1.6803,1.68075,1.50,2.00
2009.09.23 09:43:05.302,1.6803,1.6807,1.90,2.00
2009.09.23 09:43:05.522,1.6803,1.6807,1.00,2.00
2009.09.23 09:43:05.632,1.6803,1.6807,1.00,2.00
2009.09.23 09:43:05.742,1.6803,1.6808,1.00,2.00
2009.09.23 09:43:05.972,1.6803,1.68075,1.00,2.00
2009.09.23 09:43:06.851,1.6803,1.68075,1.00,2.00
2009.09.23 09:43:07.881,1.6803,1.68075,1.00,2.00
2009.09.23 09:43:08.171,1.6803,1.68075,1.90,4.00
2009.09.23 09:43:08.461,1.6803,1.6807,1.90,2.00
2009.09.23 09:43:09.521,1.6803,1.68065,1.90,2.00
2009.09.23 09:43:12.071,1.68025,1.68075,4.70,3.90
2009.09.23 09:43:12.290,1.68025,1.68075,5.10,1.00
2009.09.23 09:43:12.570,1.68025,1.68075,4.30,1.00
2009.09.23 09:43:13.030,1.68025,1.68075,4.30,1.90
2009.09.23 09:43:13.720,1.68025,1.6807,4.30,1.00
2009.09.23 09:43:14.110,1.68025,1.68065,2.80,1.00
2009.09.23 09:43:14.730,1.68025,1.68065,3.60,1.00
2009.09.23 09:43:22.868,1.68035,1.68075,2.00,1.00
2009.09.23 09:43:23.847,1.68035,1.6807,2.00,1.00
2009.09.23 09:43:24.207,1.68025,1.6807,5.00,1.00
2009.09.23 09:43:24.547,1.6803,1.6807,2.00,1.00
2009.09.23 09:43:25.437,1.68025,1.6807,5.00,1.00
2009.09.23 09:43:25.837,1.68025,1.68075,5.10,1.00
2009.09.23 09:43:25.897,1.68025,1.68075,9.50,1.00
2009.09.23 09:43:26.007,1.68035,1.68075,1.40,1.00
2009.09.23 09:43:26.067,1.68035,1.68075,1.80,1.00
2009.09.23 09:43:26.187,1.68035,1.68075,3.80,1.00
2009.09.23 09:43:26.477,1.68035,1.68075,1.80,1.00
2009.09.23 09:43:27.397,1.68035,1.6807,1.80,1.00
2009.09.23 09:43:33.865,1.6804,1.6808,3.40,1.00
2009.09.23 09:43:34.045,1.6804,1.6808,1.80,1.00
2009.09.23 09:43:34.215,1.68035,1.68075,3.40,1.50
2009.09.23 09:43:35.015,1.68035,1.6807,1.00,2.00
2009.09.23 09:43:35.305,1.68025,1.68075,2.20,3.90
2009.09.23 09:43:35.595,1.68025,1.6807,2.20,2.00
2009.09.23 09:43:35.834,1.68045,1.6807,1.40,2.00
2009.09.23 09:43:36.115,1.6803,1.68075,6.40,3.50
2009.09.23 09:43:36.285,1.68035,1.68075,1.40,2.00
2009.09.23 09:43:36.614,1.68025,1.6807,5.00,1.00
2009.09.23 09:43:36.785,1.68025,1.6807,3.00,1.00
2009.09.23 09:43:37.114,1.68035,1.6807,1.40,1.00
2009.09.23 09:43:38.304,1.6803,1.6807,3.20,1.00
2009.09.23 09:43:38.704,1.6803,1.6807,1.80,1.00
2009.09.23 09:43:40.213,1.6803,1.6807,3.20,1.00
2009.09.23 09:43:40.503,1.68035,1.6807,1.40,2.00
2009.09.23 09:43:40.853,1.68035,1.6807,1.40,1.00
2009.09.23 09:43:44.342,1.6803,1.6807,3.20,1.00
2009.09.23 09:43:44.512,1.6803,1.6807,1.80,2.00
2009.09.23 09:43:44.632,1.68035,1.6807,1.40,2.00
2009.09.23 09:43:44.952,1.68035,1.6807,1.40,1.00
2009.09.23 09:43:48.922,1.68035,1.6807,1.80,1.00
2009.09.23 09:43:49.611,1.6804,1.68075,1.00,1.00
2009.09.23 09:43:49.941,1.68035,1.6806,1.00,2.00
2009.09.23 09:43:50.291,1.68035,1.6806,2.20,2.00
2009.09.23 09:43:50.641,1.68035,1.68045,1.00,2.00
2009.09.23 09:43:50.871,1.68035,1.6805,1.00,2.00
2009.09.23 09:43:51.101,1.68035,1.68065,1.00,2.00
2009.09.23 09:43:54.540,1.6803,1.68065,1.40,2.00
2009.09.23 09:43:54.890,1.68025,1.68055,4.60,2.00
2009.09.23 09:43:55.120,1.68025,1.6806,4.60,2.00
2009.09.23 09:43:55.410,1.68025,1.6807,4.60,1.90
2009.09.23 09:43:55.640,1.68025,1.6807,6.60,1.90
2009.09.23 09:43:55.920,1.68025,1.68065,6.60,1.00
2009.09.23 09:43:58.209,1.68035,1.68075,1.00,2.00
2009.09.23 09:43:58.379,1.68035,1.68075,2.80,1.00
2009.09.23 09:43:58.499,1.6804,1.68075,1.00,1.00
2009.09.23 09:43:58.669,1.68035,1.68075,2.00,1.00
2009.09.23 09:43:59.309,1.6803,1.68075,4.20,1.00
2009.09.23 09:43:59.539,1.6803,1.68065,2.20,2.00
2009.09.23 09:43:59.769,1.68025,1.6806,1.40,2.00
2009.09.23 09:44:00.299,1.68025,1.68065,1.80,2.00
2009.09.23 09:44:00.649,1.68025,1.68065,1.90,2.00
2009.09.23 09:44:01.788,1.6803,1.68065,1.00,2.00
2009.09.23 09:44:01.909,1.6803,1.68065,1.00,2.00
2009.09.23 09:44:02.019,1.6803,1.68065,1.90,2.00
2009.09.23 09:44:02.348,1.6803,1.68065,1.00,1.40
2009.09.23 09:44:02.748,1.6803,1.6807,1.00,5.80
2009.09.23 09:44:03.078,1.6803,1.6807,1.00,3.00
2009.09.23 09:44:03.428,1.6803,1.6807,1.90,1.60
2009.09.23 09:44:03.718,1.6803,1.68075,1.00,1.00
2009.09.23 09:44:04.358,1.6803,1.68075,1.00,2.70
2009.09.23 09:44:04.708,1.68035,1.6808,2.20,1.00
2009.09.23 09:44:04.938,1.6803,1.68075,4.20,1.00
2009.09.23 09:44:05.218,1.6803,1.68075,3.40,1.00
2009.09.23 09:44:05.448,1.6803,1.6808,3.80,4.30
2009.09.23 09:44:05.728,1.68035,1.6808,1.00,3.40
2009.09.23 09:44:05.968,1.6803,1.6808,4.20,5.60
2009.09.23 09:44:06.677,1.68035,1.6808,2.00,1.80
2009.09.23 09:44:07.467,1.68035,1.68075,4.20,1.00
2009.09.23 09:44:08.337,1.68035,1.68075,2.20,1.00
2009.09.23 09:44:08.627,1.68035,1.68075,1.40,1.00
2009.09.23 09:44:08.967,1.6803,1.68075,2.00,1.00
2009.09.23 09:44:09.187,1.6803,1.6808,3.90,1.90
2009.09.23 09:44:09.486,1.6803,1.68075,2.40,1.50
2009.09.23 09:44:09.716,1.6803,1.6808,3.40,2.30
2009.09.23 09:44:10.326,1.68035,1.68075,1.40,1.00
2009.09.23 09:44:10.676,1.68035,1.68075,4.20,1.00
2009.09.23 09:44:12.226,1.68035,1.68075,2.80,1.00
2009.09.23 09:44:12.386,1.68035,1.68075,2.00,1.00
2009.09.23 09:44:13.006,1.6803,1.68075,3.40,1.00
2009.09.23 09:44:13.236,1.6803,1.6808,4.20,1.00
2009.09.23 09:44:13.516,1.6804,1.6808,1.40,1.00
2009.09.23 09:44:14.335,1.6804,1.6808,1.00,1.00
2009.09.23 09:44:15.495,1.6804,1.68075,1.00,2.00
2009.09.23 09:44:16.005,1.68045,1.68075,1.00,2.00
2009.09.23 09:44:16.295,1.6804,1.68085,3.00,2.00
2009.09.23 09:44:16.585,1.6804,1.6808,1.60,1.00
2009.09.23 09:44:16.755,1.6804,1.6808,1.00,1.00
2009.09.23 09:44:16.995,1.6804,1.68075,1.00,2.00
2009.09.23 09:44:17.165,1.6804,1.6808,1.00,2.00
2009.09.23 09:44:18.804,1.68045,1.68075,2.20,2.00
2009.09.23 09:44:18.914,1.6804,1.68075,3.80,2.00
2009.09.23 09:44:19.024,1.6804,1.68075,1.40,3.60
2009.09.23 09:44:19.084,1.6804,1.68075,1.40,1.60
2009.09.23 09:44:19.194,1.6804,1.68075,1.80,1.60
2009.09.23 09:44:19.304,1.68055,1.68075,1.40,1.60
2009.09.23 09:44:19.424,1.6806,1.6808,1.40,2.00
2009.09.23 09:44:19.754,1.6806,1.6809,1.80,4.00
2009.09.23 09:44:20.104,1.68055,1.68085,1.00,1.00
2009.09.23 09:44:20.804,1.68045,1.68085,3.00,1.00
2009.09.23 09:44:22.014,1.68035,1.6807,5.00,1.00
2009.09.23 09:44:22.353,1.68035,1.6807,4.20,1.00
2009.09.23 09:44:22.643,1.6804,1.6808,2.20,1.00
2009.09.23 09:44:22.923,1.6805,1.6808,3.00,1.00
2009.09.23 09:44:23.153,1.68045,1.6808,2.00,1.00
2009.09.23 09:44:23.443,1.6804,1.6808,4.20,1.00
2009.09.23 09:44:23.713,1.68045,1.6808,2.00,1.00
2009.09.23 09:44:23.943,1.6804,1.6808,2.20,1.00
2009.09.23 09:44:24.223,1.6805,1.6809,2.20,3.60
2009.09.23 09:44:24.563,1.68055,1.6809,2.80,1.60
2009.09.23 09:44:24.783,1.68055,1.6809,1.00,1.00
2009.09.23 09:44:25.143,1.68055,1.68085,3.40,2.00
2009.09.23 09:44:25.483,1.68045,1.6808,1.00,2.00
2009.09.23 09:44:25.773,1.6804,1.68075,1.60,2.00
2009.09.23 09:44:26.303,1.6804,1.6807,1.60,2.00
2009.09.23 09:44:26.872,1.6804,1.6807,1.00,2.00
2009.09.23 09:44:27.512,1.6804,1.68075,1.40,2.00
2009.09.23 09:44:28.212,1.68045,1.6808,1.00,2.00
2009.09.23 09:44:29.222,1.68045,1.68085,1.00,2.00
2009.09.23 09:44:29.562,1.68045,1.6808,1.00,2.00
2009.09.23 09:44:30.431,1.6805,1.68085,1.80,2.00
2009.09.23 09:44:30.551,1.6805,1.68085,1.00,1.00
2009.09.23 09:44:30.652,1.68045,1.68085,1.60,1.00
2009.09.23 09:44:30.821,1.68045,1.68085,1.60,2.00
2009.09.23 09:44:30.932,1.68045,1.68085,1.00,2.00
2009.09.23 09:44:38.389,1.6803,1.68075,2.30,2.00
2009.09.23 09:44:39.769,1.6803,1.68075,2.30,2.00
2009.09.23 09:44:41.669,1.6803,1.68075,2.20,2.00
2009.09.23 09:44:41.839,1.6803,1.68075,1.40,2.00
2009.09.23 09:44:42.009,1.68025,1.6807,1.00,1.40
2009.09.23 09:44:42.169,1.68025,1.68075,1.00,2.00
2009.09.23 09:44:42.289,1.6803,1.68075,2.20,2.00
2009.09.23 09:44:42.529,1.68025,1.68065,1.40,6.40
2009.09.23 09:44:42.648,1.68025,1.68065,1.40,2.00
2009.09.23 09:44:42.769,1.6803,1.68065,1.00,2.00
2009.09.23 09:44:42.889,1.6803,1.68065,3.80,2.00
2009.09.23 09:44:42.999,1.6804,1.68065,1.40,2.00
2009.09.23 09:44:43.358,1.68035,1.6806,2.20,2.00
2009.09.23 09:44:44.078,1.6803,1.6807,1.00,2.00
2009.09.23 09:44:44.438,1.6804,1.6807,1.00,2.00
2009.09.23 09:44:44.788,1.6804,1.68065,1.00,2.00
2009.09.23 09:44:45.138,1.6804,1.68075,1.00,2.00
2009.09.23 09:44:46.657,1.68035,1.68075,1.40,2.00
2009.09.23 09:44:46.718,1.6803,1.68075,1.00,2.00
2009.09.23 09:44:46.778,1.6803,1.68075,1.00,4.00
2009.09.23 09:44:46.837,1.6803,1.6807,1.00,2.00
2009.09.23 09:44:48.177,1.6804,1.68075,1.00,2.00
2009.09.23 09:44:48.537,1.6804,1.6808,1.00,2.00
2009.09.23 09:44:49.617,1.6804,1.68075,1.00,1.00
2009.09.23 09:44:51.406,1.6804,1.6808,1.00,2.00
2009.09.23 09:44:52.786,1.6804,1.6808,1.00,2.00
2009.09.23 09:44:53.136,1.6804,1.6808,1.00,3.50
2009.09.23 09:44:53.186,1.68035,1.6808,2.30,4.30
2009.09.23 09:44:53.246,1.68035,1.68075,2.20,1.00
2009.09.23 09:44:53.936,1.68035,1.68075,2.20,2.00
2009.09.23 09:44:54.266,1.68035,1.68075,1.40,2.80
2009.09.23 09:44:54.616,1.68035,1.68075,2.20,2.00
2009.09.23 09:44:54.966,1.6804,1.68075,1.00,2.00
2009.09.23 09:44:55.256,1.6804,1.6808,1.00,4.00
2009.09.23 09:44:55.436,1.6804,1.6808,1.00,2.00
2009.09.23 09:44:55.606,1.6804,1.6808,2.20,2.00
2009.09.23 09:44:55.775,1.6804,1.6808,1.80,2.00
2009.09.23 09:44:55.895,1.6804,1.6808,1.80,1.00
2009.09.23 09:45:02.794,1.68045,1.6808,1.40,1.00
2009.09.23 09:45:03.074,1.6804,1.6808,2.20,3.40
2009.09.23 09:45:03.364,1.68035,1.6808,1.00,1.00
2009.09.23 09:45:03.594,1.68035,1.6808,2.00,1.00
2009.09.23 09:45:04.003,1.68035,1.68075,2.00,1.00
2009.09.23 09:45:04.183,1.6803,1.68075,2.30,1.00
2009.09.23 09:45:04.763,1.6803,1.68075,2.20,1.00
2009.09.23 09:45:05.743,1.6803,1.6807,2.20,1.00
2009.09.23 09:45:14.891,1.6803,1.6807,4.20,1.00
2009.09.23 09:45:15.241,1.6804,1.6807,1.00,1.00
2009.09.23 09:45:16.031,1.6804,1.6807,2.40,1.00
2009.09.23 09:45:16.210,1.68045,1.6808,1.80,1.00
2009.09.23 09:45:16.270,1.68045,1.68075,1.00,1.00
2009.09.23 09:45:16.430,1.6804,1.68075,2.80,1.00
2009.09.23 09:45:16.600,1.6804,1.68075,1.00,1.00
2009.09.23 09:45:17.770,1.6804,1.6807,1.00,1.00
2009.09.23 09:45:18.560,1.6803,1.6807,4.20,1.00
2009.09.23 09:45:19.060,1.6803,1.6807,2.80,1.50
2009.09.23 09:45:19.290,1.6803,1.6807,2.20,1.00
2009.09.23 09:45:19.870,1.6803,1.6807,4.20,1.00
2009.09.23 09:45:20.689,1.6804,1.6807,1.00,1.00
2009.09.23 09:45:24.139,1.68045,1.68075,1.80,1.00
2009.09.23 09:45:24.299,1.6804,1.68075,3.40,1.00
2009.09.23 09:45:24.459,1.6804,1.6808,2.00,1.00
2009.09.23 09:45:24.629,1.68035,1.6807,4.80,1.40
2009.09.23 09:45:24.749,1.68035,1.68075,1.60,1.00
2009.09.23 09:45:25.148,1.6803,1.68075,2.20,1.00
2009.09.23 09:45:25.488,1.68035,1.68075,4.20,1.00
2009.09.23 09:45:26.008,1.68035,1.6806,1.40,1.60
2009.09.23 09:45:26.178,1.68025,1.6806,5.00,1.60
2009.09.23 09:45:26.358,1.68035,1.68075,1.00,5.60
2009.09.23 09:45:26.538,1.68035,1.68075,1.00,3.60
2009.09.23 09:45:26.708,1.68035,1.68075,2.20,2.00
2009.09.23 09:45:26.928,1.68035,1.6808,1.00,2.40
2009.09.23 09:45:27.108,1.6803,1.68075,3.60,1.00
2009.09.23 09:45:27.338,1.6803,1.68075,5.00,1.00
2009.09.23 09:45:27.518,1.6803,1.68075,2.80,1.00
2009.09.23 09:45:27.688,1.6803,1.68075,2.20,1.00
2009.09.23 09:45:27.868,1.6803,1.68075,2.20,2.00
2009.09.23 09:45:28.577,1.6803,1.6807,1.00,1.00
2009.09.23 09:45:28.918,1.6803,1.6807,1.00,2.00
2009.09.23 09:45:29.147,1.6803,1.6807,2.20,1.50
2009.09.23 09:45:29.897,1.6802,1.6807,5.10,2.90
2009.09.23 09:45:30.127,1.6803,1.68065,1.40,1.00
2009.09.23 09:45:30.637,1.6802,1.68065,5.10,1.00
2009.09.23 09:45:30.917,1.68025,1.68065,2.20,1.50
2009.09.23 09:45:31.247,1.68025,1.6807,1.40,2.00
2009.09.23 09:45:31.577,1.68025,1.6807,1.40,1.00
2009.09.23 09:45:31.877,1.68025,1.6807,1.40,2.00
2009.09.23 09:45:32.796,1.68025,1.6807,1.50,2.00
2009.09.23 09:45:35.036,1.6803,1.6807,1.00,2.00
2009.09.23 09:45:35.386,1.6803,1.6807,1.00,1.00
2009.09.23 09:45:36.836,1.68035,1.6807,1.00,1.00
2009.09.23 09:45:38.105,1.6804,1.6807,1.00,1.00
2009.09.23 09:45:38.275,1.6803,1.6807,1.60,1.50
2009.09.23 09:45:38.495,1.6803,1.6807,1.60,1.90
2009.09.23 09:45:38.725,1.68035,1.6807,1.00,1.90
2009.09.23 09:45:39.195,1.68035,1.6807,1.00,1.00
2009.09.23 09:45:40.165,1.68035,1.6807,2.80,1.00
2009.09.23 09:45:40.455,1.68035,1.6807,1.00,1.00
2009.09.23 09:45:40.634,1.6803,1.6807,2.20,1.00
2009.09.23 09:45:40.914,1.68035,1.6807,1.40,1.00
2009.09.23 09:45:41.085,1.6804,1.6808,1.60,1.90
2009.09.23 09:45:41.824,1.6804,1.68075,1.60,1.00
2009.09.23 09:45:42.394,1.6804,1.68075,1.60,1.50
2009.09.23 09:45:42.564,1.68035,1.68075,3.40,1.90
2009.09.23 09:45:42.744,1.68035,1.68075,1.40,1.90
2009.09.23 09:45:43.024,1.68035,1.68075,2.20,1.90
2009.09.23 09:45:44.074,1.68035,1.6807,2.20,1.00
2009.09.23 09:45:44.414,1.68035,1.6807,1.00,3.50
2009.09.23 09:45:44.744,1.68035,1.6807,1.00,2.00
2009.09.23 09:45:45.034,1.6803,1.6806,1.60,2.00
2009.09.23 09:45:45.384,1.6803,1.6806,1.00,2.00
2009.09.23 09:45:45.664,1.6802,1.68055,3.40,2.00
2009.09.23 09:45:45.953,1.6802,1.6806,1.80,2.00
2009.09.23 09:45:46.183,1.6802,1.68065,3.40,5.50
2009.09.23 09:45:46.873,1.6802,1.68065,3.40,7.50
2009.09.23 09:45:47.153,1.68015,1.68055,2.30,2.00
2009.09.23 09:45:48.063,1.68015,1.6806,2.30,5.50
2009.09.23 09:45:48.223,1.68015,1.6806,1.00,5.50
2009.09.23 09:45:51.922,1.68015,1.6806,2.30,5.50
2009.09.23 09:45:52.542,1.68015,1.68055,2.30,2.00
2009.09.23 09:45:53.422,1.68015,1.6806,2.30,5.50
2009.09.23 09:45:57.231,1.68015,1.6806,2.30,5.40
2009.09.23 09:45:57.871,1.6802,1.6806,2.20,1.60
2009.09.23 09:45:58.840,1.6802,1.6806,2.30,1.60
2009.09.23 09:46:08.068,1.68015,1.68055,2.20,2.00
2009.09.23 09:46:08.348,1.6802,1.6806,2.20,2.00
2009.09.23 09:46:08.998,1.6802,1.6806,2.20,2.00
2009.09.23 09:46:09.338,1.68015,1.68055,2.20,2.00
2009.09.23 09:46:09.738,1.68015,1.68055,3.00,2.00
2009.09.23 09:46:10.077,1.68015,1.6806,3.00,3.90
2009.09.23 09:46:10.767,1.68015,1.68055,1.60,1.40
2009.09.23 09:46:10.827,1.6801,1.68055,2.70,1.40
2009.09.23 09:46:12.637,1.6801,1.68055,2.70,1.50
2009.09.23 09:46:13.217,1.6801,1.68055,1.90,1.50
2009.09.23 09:46:13.397,1.6801,1.68055,1.90,3.50
2009.09.23 09:46:14.706,1.6801,1.68055,1.90,3.40
2009.09.23 09:46:17.876,1.6801,1.68055,1.90,3.50
2009.09.23 09:46:18.625,1.6801,1.68055,2.20,3.90
2009.09.23 09:46:18.795,1.6801,1.6805,2.20,2.00
2009.09.23 09:46:19.085,1.6801,1.68055,2.20,7.50
2009.09.23 09:46:19.665,1.6801,1.6805,2.20,2.00
2009.09.23 09:46:19.945,1.6801,1.6805,1.40,2.00
2009.09.23 09:46:21.675,1.6801,1.68055,1.50,5.50
2009.09.23 09:46:21.964,1.6801,1.6805,1.40,1.00
2009.09.23 09:46:23.644,1.6801,1.68055,1.50,5.00
2009.09.23 09:46:23.934,1.6801,1.68055,1.40,5.10
2009.09.23 09:46:28.343,1.6801,1.68055,5.50,1.40
2009.09.23 09:46:28.563,1.6801,1.68055,3.50,1.40
2009.09.23 09:46:29.303,1.6801,1.68055,3.80,1.50
2009.09.23 09:46:29.523,1.6801,1.68055,3.90,1.40
2009.09.23 09:46:29.863,1.6803,1.68065,1.40,1.00
2009.09.23 09:46:31.123,1.68035,1.68075,1.40,3.50
2009.09.23 09:46:31.292,1.68035,1.68075,1.40,3.90
2009.09.23 09:46:31.462,1.6803,1.68065,1.00,1.60
2009.09.23 09:46:31.692,1.6803,1.68055,1.00,1.40
2009.09.23 09:46:31.862,1.6803,1.68065,1.00,2.30
2009.09.23 09:46:32.102,1.6802,1.6806,2.00,1.40
2009.09.23 09:46:32.322,1.6802,1.6806,4.00,1.40
2009.09.23 09:46:32.492,1.68025,1.6806,2.00,1.40
2009.09.23 09:46:32.722,1.6802,1.6806,2.00,1.50
2009.09.23 09:46:33.422,1.6802,1.6806,3.40,1.50
2009.09.23 09:46:33.772,1.6802,1.68055,2.00,1.40
2009.09.23 09:46:34.582,1.68005,1.6805,1.40,1.50
2009.09.23 09:46:34.852,1.68005,1.6805,3.40,1.50
2009.09.23 09:46:35.152,1.68005,1.6805,2.30,1.90
2009.09.23 09:46:35.392,1.68005,1.6805,3.40,1.50
2009.09.23 09:46:35.681,1.6801,1.6805,2.00,1.40
2009.09.23 09:46:35.971,1.6802,1.6806,1.00,1.40
2009.09.23 09:46:36.201,1.6802,1.6806,1.00,3.40
2009.09.23 09:46:36.421,1.6802,1.6806,1.00,2.00
2009.09.23 09:46:37.171,1.68015,1.6806,1.90,2.00
2009.09.23 09:46:37.681,1.6802,1.6806,1.00,2.00
2009.09.23 09:46:37.921,1.6802,1.6805,1.00,1.60
2009.09.23 09:46:38.031,1.68015,1.6805,1.00,1.60
2009.09.23 09:46:38.361,1.6801,1.6805,1.00,3.40
2009.09.23 09:46:38.710,1.6801,1.6805,1.00,5.40
2009.09.23 09:46:39.100,1.68015,1.6805,1.00,3.60
2009.09.23 09:46:39.341,1.68015,1.6805,1.00,2.00
2009.09.23 09:46:39.621,1.6801,1.6805,1.00,5.40
2009.09.23 09:46:40.790,1.68015,1.6805,1.00,3.60
2009.09.23 09:46:41.090,1.68015,1.68055,1.00,4.20
2009.09.23 09:46:41.270,1.68015,1.68055,2.30,2.80
2009.09.23 09:46:41.850,1.68015,1.68055,2.30,2.00
2009.09.23 09:46:42.010,1.68015,1.68055,4.20,1.00
2009.09.23 09:46:42.120,1.68015,1.6805,2.00,1.40
2009.09.23 09:46:42.290,1.6801,1.6805,2.30,1.40
2009.09.23 09:46:44.069,1.6801,1.6805,2.20,1.50
2009.09.23 09:46:44.589,1.68015,1.68055,1.50,3.60
2009.09.23 09:46:44.879,1.6801,1.6805,2.30,3.40
2009.09.23 09:46:45.109,1.68015,1.6805,2.30,2.00
2009.09.23 09:46:45.499,1.68015,1.6806,2.30,2.30
2009.09.23 09:46:46.339,1.68015,1.6805,2.20,1.00
2009.09.23 09:46:46.669,1.6801,1.68035,1.40,1.00
2009.09.23 09:46:46.959,1.6801,1.6805,1.40,3.60
2009.09.23 09:46:47.259,1.6801,1.68045,1.40,2.00
2009.09.23 09:46:47.528,1.68,1.68045,1.50,3.40
2009.09.23 09:46:47.708,1.68,1.68045,2.20,2.00
2009.09.23 09:46:47.938,1.67995,1.6804,4.20,1.40
2009.09.23 09:46:48.218,1.68,1.6804,1.40,2.00
2009.09.23 09:46:48.438,1.68,1.68045,2.20,2.00
2009.09.23 09:46:48.668,1.68,1.6805,2.20,2.00
2009.09.23 09:46:48.958,1.68,1.68045,2.20,2.00
2009.09.23 09:46:49.828,1.68005,1.68045,1.00,2.00
2009.09.23 09:46:50.448,1.6801,1.68045,2.20,2.00
2009.09.23 09:46:50.798,1.6801,1.6805,2.20,2.00
2009.09.23 09:46:51.488,1.6801,1.6805,1.00,2.00
2009.09.23 09:46:51.707,1.68005,1.6805,1.40,2.00
2009.09.23 09:46:52.397,1.68,1.6805,1.00,2.00
2009.09.23 09:46:52.507,1.68,1.6805,2.40,2.00
2009.09.23 09:46:52.617,1.68,1.6805,1.00,2.00
2009.09.23 09:46:52.907,1.68,1.6805,1.80,2.00
2009.09.23 09:46:53.007,1.68,1.6805,1.40,2.00
2009.09.23 09:46:53.067,1.68005,1.6805,1.40,2.00
2009.09.23 09:46:53.467,1.67995,1.6805,2.40,4.20
2009.09.23 09:46:53.817,1.67995,1.6804,1.00,2.00
2009.09.23 09:46:54.847,1.68,1.6804,1.00,2.00
2009.09.23 09:46:55.716,1.68005,1.6804,1.00,2.00
2009.09.23 09:46:59.806,1.6801,1.68045,1.00,2.00
2009.09.23 09:47:00.625,1.6801,1.6805,1.80,2.00
2009.09.23 09:47:00.735,1.6801,1.6805,1.90,2.00
2009.09.23 09:47:01.075,1.6801,1.68045,1.00,1.40
2009.09.23 09:47:01.195,1.68,1.68045,1.00,1.80
2009.09.23 09:47:01.415,1.68,1.6804,1.00,2.00
2009.09.23 09:47:01.695,1.68,1.6803,1.00,2.00
2009.09.23 09:47:01.815,1.68,1.6802,1.00,2.00
2009.09.23 09:47:01.985,1.6799,1.68015,1.00,2.00
2009.09.23 09:47:02.155,1.6799,1.68005,1.00,2.00
2009.09.23 09:47:02.275,1.67985,1.6801,1.00,2.80
2009.09.23 09:47:02.455,1.67975,1.68,1.00,1.60
2009.09.23 09:47:02.745,1.6798,1.6801,1.00,3.60
2009.09.23 09:47:03.095,1.67985,1.68005,1.80,2.00
2009.09.23 09:47:03.494,1.67985,1.68005,1.00,2.00
2009.09.23 09:47:05.524,1.67985,1.68005,2.20,2.00
2009.09.23 09:47:05.804,1.6799,1.6801,2.20,2.00
2009.09.23 09:47:05.974,1.6799,1.68015,2.20,2.00
2009.09.23 09:47:06.154,1.67985,1.68015,1.00,2.00
2009.09.23 09:47:06.604,1.67985,1.68005,1.00,2.00
2009.09.23 09:47:06.894,1.67985,1.68015,1.00,4.00
2009.09.23 09:47:07.124,1.67985,1.6801,1.00,2.00
2009.09.23 09:47:07.344,1.67985,1.68015,1.00,2.00
2009.09.23 09:47:07.524,1.67985,1.6801,1.00,2.00
2009.09.23 09:47:08.613,1.67985,1.6801,1.00,2.00
2009.09.23 09:47:08.793,1.67985,1.68015,1.00,2.00
2009.09.23 09:47:09.014,1.67985,1.6801,1.00,2.00
2009.09.23 09:47:09.544,1.67985,1.68015,1.00,2.00
2009.09.23 09:47:09.813,1.6799,1.68015,2.20,2.00
2009.09.23 09:47:10.053,1.6799,1.68025,2.20,2.00
2009.09.23 09:47:10.343,1.6799,1.6802,2.20,4.00
2009.09.23 09:47:10.673,1.6799,1.68015,2.20,2.00
2009.09.23 09:47:10.913,1.6799,1.68015,2.30,2.00
2009.09.23 09:47:11.773,1.6799,1.68025,2.30,2.00
2009.09.23 09:47:25.669,1.67985,1.68025,2.30,4.00
2009.09.23 09:47:25.839,1.67985,1.68025,2.30,2.00
2009.09.23 09:47:31.458,1.6799,1.6803,1.00,3.30
2009.09.23 09:47:36.207,1.6799,1.6803,1.00,5.30
2009.09.23 09:47:42.855,1.6799,1.6803,1.00,4.50
2009.09.23 09:47:43.215,1.6799,1.6803,1.00,5.30
2009.09.23 09:47:46.364,1.6799,1.68025,1.00,1.00
2009.09.23 09:47:46.604,1.6799,1.68025,1.00,2.80
2009.09.23 09:47:46.664,1.6799,1.68025,1.00,3.60
2009.09.23 09:47:46.724,1.67985,1.68025,1.00,3.60
2009.09.23 09:47:46.784,1.67985,1.68025,1.00,2.80
2009.09.23 09:47:46.895,1.67985,1.68025,1.00,3.20
2009.09.23 09:47:46.954,1.67985,1.68025,1.00,1.20
2009.09.23 09:47:47.834,1.6798,1.6802,1.00,2.80
2009.09.23 09:47:47.944,1.6798,1.6802,1.00,6.00
2009.09.23 09:47:48.164,1.6798,1.6802,1.00,5.20
2009.09.23 09:47:50.843,1.6798,1.68005,1.00,1.60
2009.09.23 09:47:51.183,1.67975,1.68005,2.20,1.60
2009.09.23 09:47:51.303,1.67975,1.68005,2.20,2.40
2009.09.23 09:47:51.423,1.67975,1.68,1.00,1.60
2009.09.23 09:47:51.533,1.6798,1.68,1.00,2.00
2009.09.23 09:47:51.703,1.67975,1.68,1.00,2.00
2009.09.23 09:47:51.933,1.67975,1.68015,3.40,2.80
2009.09.23 09:47:52.153,1.6797,1.6801,1.00,2.40
2009.09.23 09:47:52.323,1.6797,1.6801,2.30,3.60
2009.09.23 09:47:52.553,1.6797,1.68015,2.30,3.20
2009.09.23 09:47:52.723,1.6797,1.68015,2.30,1.00
2009.09.23 09:47:53.312,1.6797,1.68015,2.30,2.40
2009.09.23 09:47:53.892,1.67975,1.68015,1.00,2.40
2009.09.23 09:47:54.062,1.67975,1.6801,1.00,1.00
2009.09.23 09:47:54.293,1.67965,1.6801,2.40,1.80
2009.09.23 09:47:54.522,1.67965,1.6801,1.00,3.40
2009.09.23 09:47:54.752,1.6797,1.6801,1.00,3.40
2009.09.23 09:47:55.982,1.67975,1.6801,1.00,3.40
2009.09.23 09:47:56.152,1.67975,1.6801,2.30,3.60
2009.09.23 09:47:56.332,1.67975,1.68015,2.40,1.40
2009.09.23 09:47:56.502,1.6797,1.6801,3.90,1.60
2009.09.23 09:47:56.622,1.6797,1.6801,2.30,1.60
2009.09.23 09:47:56.802,1.6797,1.68005,1.00,1.40
2009.09.23 09:47:56.972,1.6797,1.68005,1.00,1.40
2009.09.23 09:47:57.152,1.6797,1.68005,1.00,3.40
2009.09.23 09:47:58.031,1.6796,1.68005,2.30,3.40
2009.09.23 09:47:58.251,1.6796,1.67995,2.30,2.00
2009.09.23 09:47:58.831,1.6796,1.67995,1.50,1.60
2009.09.23 09:47:59.061,1.67965,1.68005,1.00,4.20
2009.09.23 09:47:59.241,1.6797,1.68005,1.00,2.80
2009.09.23 09:47:59.721,1.6797,1.68005,1.00,1.00
2009.09.23 09:47:59.951,1.6797,1.68005,1.00,2.20
2009.09.23 09:48:00.411,1.6797,1.68005,1.00,1.40
2009.09.23 09:48:00.711,1.67965,1.68005,1.00,1.40
2009.09.23 09:48:01.861,1.6797,1.68005,1.00,1.40
2009.09.23 09:48:03.520,1.6796,1.68005,2.30,1.40
2009.09.23 09:48:03.820,1.6796,1.68005,1.40,3.80
2009.09.23 09:48:03.940,1.6796,1.68,1.40,1.80
2009.09.23 09:48:04.060,1.6796,1.67995,1.40,2.00
2009.09.23 09:48:04.350,1.6796,1.68,1.50,3.40
2009.09.23 09:48:04.510,1.6796,1.68,1.50,2.00
2009.09.23 09:48:04.850,1.6796,1.68005,1.50,3.80
2009.09.23 09:48:05.200,1.67955,1.67995,2.20,3.00
2009.09.23 09:48:05.560,1.67955,1.67995,2.20,1.40
2009.09.23 09:48:05.680,1.67955,1.67995,1.00,3.00
2009.09.23 09:48:05.850,1.6795,1.6799,1.50,1.00
2009.09.23 09:48:06.020,1.6795,1.6799,1.50,2.40
2009.09.23 09:48:06.190,1.67955,1.6799,1.40,2.00
2009.09.23 09:48:06.659,1.6796,1.67995,1.40,4.00
2009.09.23 09:48:06.779,1.6796,1.67995,1.40,2.00
2009.09.23 09:48:06.959,1.6796,1.68,1.40,2.40
2009.09.23 09:48:07.129,1.67955,1.68,2.20,3.80
2009.09.23 09:48:07.299,1.67955,1.6799,2.20,1.00
2009.09.23 09:48:07.469,1.67945,1.6798,2.00,2.00
2009.09.23 09:48:07.579,1.6794,1.6798,4.20,4.00
2009.09.23 09:48:07.929,1.6794,1.67975,2.20,1.00
2009.09.23 09:48:08.289,1.67935,1.67975,3.10,1.00
2009.09.23 09:48:09.079,1.67935,1.67965,1.00,1.60
2009.09.23 09:48:09.489,1.67935,1.67945,1.00,1.60
2009.09.23 09:48:09.729,1.67925,1.6796,1.50,1.00
2009.09.23 09:48:09.899,1.67925,1.67965,1.90,4.40
2009.09.23 09:48:10.129,1.67925,1.67965,3.90,2.40
2009.09.23 09:48:10.518,1.6793,1.67965,1.00,3.80
2009.09.23 09:48:10.868,1.67925,1.67965,1.00,3.80
2009.09.23 09:48:11.368,1.67925,1.67965,1.00,3.00
2009.09.23 09:48:11.538,1.6793,1.6797,1.50,2.80
2009.09.23 09:48:11.708,1.6793,1.67965,1.00,3.00
2009.09.23 09:48:12.698,1.6793,1.67965,1.00,5.00
2009.09.23 09:48:13.048,1.6793,1.67965,1.00,3.00
2009.09.23 09:48:13.948,1.6793,1.67965,1.00,1.60
2009.09.23 09:48:16.057,1.67925,1.67965,1.90,1.60
2009.09.23 09:48:16.167,1.67925,1.67965,1.00,3.80
2009.09.23 09:48:16.277,1.67925,1.67965,1.00,4.20
2009.09.23 09:48:16.387,1.6792,1.6796,3.10,1.00
2009.09.23 09:48:16.447,1.6792,1.6796,1.60,2.20
2009.09.23 09:48:16.567,1.6792,1.67945,1.50,1.60
2009.09.23 09:48:16.677,1.6792,1.67955,2.30,3.60
2009.09.23 09:48:16.847,1.6792,1.67955,1.00,1.60
2009.09.23 09:48:17.017,1.6792,1.67955,1.00,3.60
2009.09.23 09:48:18.257,1.6792,1.67955,1.50,3.60
2009.09.23 09:48:18.427,1.6792,1.67955,2.30,1.60
2009.09.23 09:48:19.126,1.6792,1.67955,1.00,1.60
2009.09.23 09:48:19.246,1.6792,1.6795,1.00,1.60
2009.09.23 09:48:19.426,1.6792,1.6795,2.30,1.60
2009.09.23 09:48:19.647,1.6792,1.67955,1.00,3.60
2009.09.23 09:48:19.866,1.6792,1.67955,1.00,3.60
2009.09.23 09:48:20.096,1.6792,1.67945,1.00,1.60
2009.09.23 09:48:20.326,1.67925,1.67955,1.00,1.60
2009.09.23 09:48:20.506,1.67925,1.67955,1.00,2.00
2009.09.23 09:48:20.906,1.6792,1.67955,1.00,3.60
2009.09.23 09:48:21.236,1.6792,1.67955,1.00,1.60
2009.09.23 09:48:21.696,1.6792,1.67955,1.00,3.40
2009.09.23 09:48:21.876,1.6792,1.67955,1.00,5.40
2009.09.23 09:48:24.965,1.6792,1.67945,1.00,1.60
2009.09.23 09:48:25.255,1.67915,1.67945,1.00,1.60
2009.09.23 09:48:25.545,1.67925,1.67955,1.40,2.80
2009.09.23 09:48:25.895,1.6792,1.67955,1.50,2.00
2009.09.23 09:48:26.235,1.6792,1.67965,1.50,4.70
2009.09.23 09:48:26.815,1.6792,1.6795,1.50,1.60
2009.09.23 09:48:27.085,1.6792,1.6797,1.40,2.00
2009.09.23 09:48:27.315,1.6792,1.67975,1.40,3.80
2009.09.23 09:48:28.904,1.67925,1.67965,1.00,3.80
2009.09.23 09:48:29.184,1.6792,1.67965,1.50,3.80
2009.09.23 09:48:32.663,1.6792,1.6796,1.00,1.40
2009.09.23 09:48:33.103,1.67915,1.6796,1.50,1.80
2009.09.23 09:48:33.453,1.6791,1.6795,2.00,1.40
2009.09.23 09:48:33.783,1.67905,1.67955,2.30,5.40
2009.09.23 09:48:34.823,1.67905,1.67955,4.30,3.40
2009.09.23 09:48:35.572,1.67905,1.67955,2.30,5.40
2009.09.23 09:48:36.552,1.6791,1.67955,1.00,5.40
2009.09.23 09:48:36.612,1.6791,1.6796,1.50,9.80
2009.09.23 09:48:37.522,1.67905,1.6795,1.50,1.40
2009.09.23 09:48:38.552,1.67905,1.6795,3.50,1.40
2009.09.23 09:48:38.782,1.67905,1.6795,1.50,1.40
2009.09.23 09:48:39.992,1.67905,1.6795,2.30,1.40
2009.09.23 09:48:40.331,1.67905,1.6795,1.50,1.40
2009.09.23 09:48:40.841,1.6791,1.67955,1.40,5.40
2009.09.23 09:48:41.411,1.67915,1.6796,1.40,9.80
2009.09.23 09:48:41.521,1.6791,1.6796,1.50,10.60
2009.09.23 09:48:41.691,1.67915,1.6796,1.40,9.80
2009.09.23 09:48:41.801,1.67915,1.6795,1.40,6.00
2009.09.23 09:48:42.211,1.67915,1.67955,1.40,4.00
2009.09.23 09:48:42.321,1.67915,1.6796,1.40,7.80
2009.09.23 09:48:42.891,1.67915,1.6796,1.50,7.80
2009.09.23 09:48:43.351,1.6792,1.6796,1.40,6.00
2009.09.23 09:48:43.531,1.6792,1.67965,1.40,10.80
2009.09.23 09:48:43.770,1.6792,1.67965,1.40,12.80
2009.09.23 09:48:44.730,1.6792,1.67965,1.50,12.80
2009.09.23 09:48:46.170,1.6792,1.6796,1.40,2.40
2009.09.23 09:48:47.439,1.6792,1.6796,1.40,1.00
2009.09.23 09:48:48.010,1.6791,1.67955,4.30,2.20
2009.09.23 09:48:48.130,1.67915,1.67955,1.00,3.80
2009.09.23 09:48:49.729,1.67915,1.67955,1.00,9.80
2009.09.23 09:48:51.288,1.67915,1.67955,1.00,7.80
2009.09.23 09:48:53.338,1.6792,1.67955,1.50,2.00
2009.09.23 09:48:53.508,1.6792,1.6795,1.40,1.60
2009.09.23 09:48:53.628,1.6791,1.6795,2.00,3.80
2009.09.23 09:48:53.798,1.6791,1.67955,1.00,6.60
2009.09.23 09:48:54.198,1.67915,1.6796,1.40,11.40
2009.09.23 09:48:54.318,1.67915,1.6796,1.50,5.80
2009.09.23 09:48:54.588,1.67915,1.67965,1.50,11.10
2009.09.23 09:48:54.818,1.67915,1.67965,1.50,7.10
2009.09.23 09:48:58.337,1.67915,1.6796,1.50,3.40
2009.09.23 09:48:59.027,1.67915,1.67955,1.50,2.00
2009.09.23 09:48:59.247,1.67915,1.67955,2.30,2.00
2009.09.23 09:48:59.417,1.67925,1.67965,1.00,8.30
2009.09.23 09:48:59.987,1.6792,1.67965,1.40,8.40
2009.09.23 09:49:00.286,1.6791,1.67955,1.90,4.20
2009.09.23 09:49:00.626,1.67915,1.6796,1.00,9.00
2009.09.23 09:49:01.266,1.6792,1.67965,2.30,8.80
2009.09.23 09:49:01.436,1.6792,1.67965,2.20,8.90
2009.09.23 09:49:01.546,1.6792,1.6797,2.20,16.00
2009.09.23 09:49:02.056,1.6792,1.67965,1.00,8.30
2009.09.23 09:49:02.216,1.67915,1.67955,1.40,7.60
2009.09.23 09:49:02.496,1.67915,1.6796,1.40,9.40
2009.09.23 09:49:02.726,1.67915,1.6796,1.50,5.40
2009.09.23 09:49:03.826,1.6792,1.6796,1.00,5.40
2009.09.23 09:49:05.096,1.67925,1.6796,1.00,1.40
2009.09.23 09:49:05.335,1.67915,1.67955,2.20,2.00
2009.09.23 09:49:05.565,1.67915,1.67955,2.30,2.00
2009.09.23 09:49:05.805,1.67925,1.67955,1.80,2.00
2009.09.23 09:49:06.035,1.67925,1.6796,1.80,2.00
2009.09.23 09:49:06.265,1.67925,1.67965,1.80,2.40
2009.09.23 09:49:06.725,1.6791,1.67955,3.90,1.80
2009.09.23 09:49:06.965,1.6791,1.6796,1.90,6.20
2009.09.23 09:49:07.255,1.67915,1.6796,1.80,6.80
2009.09.23 09:49:07.425,1.67915,1.6796,1.80,6.40
2009.09.23 09:49:07.715,1.67915,1.6796,1.00,6.40
2009.09.23 09:49:07.995,1.67905,1.67965,3.90,10.70
2009.09.23 09:49:08.225,1.6791,1.67965,1.00,9.60
2009.09.23 09:49:08.465,1.67905,1.67965,3.90,9.60
2009.09.23 09:49:08.685,1.67905,1.6796,1.90,6.80
2009.09.23 09:49:08.924,1.6792,1.6796,1.80,6.40
2009.09.23 09:49:09.194,1.67915,1.6796,1.50,9.40
2009.09.23 09:49:09.314,1.67915,1.6796,1.50,7.40
2009.09.23 09:49:09.595,1.67915,1.6796,1.40,5.90
2009.09.23 09:49:09.714,1.6791,1.6796,3.50,9.80
2009.09.23 09:49:10.174,1.6791,1.67955,2.00,5.50
2009.09.23 09:49:10.524,1.67905,1.67955,1.00,5.90
2009.09.23 09:49:10.874,1.6791,1.67955,1.80,9.50
2009.09.23 09:49:11.704,1.67915,1.67955,1.80,2.40
2009.09.23 09:49:11.814,1.67915,1.67955,1.80,1.00
2009.09.23 09:49:11.934,1.6792,1.6796,1.00,2.40
2009.09.23 09:49:12.104,1.67915,1.6796,1.80,2.40
2009.09.23 09:49:12.274,1.6791,1.67955,1.00,1.00
2009.09.23 09:49:12.454,1.6791,1.6796,1.00,8.40
2009.09.23 09:49:12.813,1.6791,1.6796,1.00,8.00
2009.09.23 09:49:13.153,1.67915,1.6796,1.40,6.40
2009.09.23 09:49:13.333,1.67915,1.6796,1.90,4.40
2009.09.23 09:49:13.563,1.67915,1.67965,1.90,8.30
2009.09.23 09:49:14.023,1.67925,1.67965,1.00,7.80
2009.09.23 09:49:14.473,1.6792,1.6796,1.80,3.60
2009.09.23 09:49:14.653,1.67915,1.6796,1.50,9.40
2009.09.23 09:49:14.893,1.6792,1.6796,1.00,6.00
2009.09.23 09:49:15.113,1.6792,1.67965,1.00,7.80
2009.09.23 09:49:15.413,1.6792,1.6797,1.00,15.50
2009.09.23 09:49:15.693,1.67915,1.67965,1.90,8.30
2009.09.23 09:49:15.973,1.67915,1.67965,1.90,8.30
2009.09.23 09:49:17.092,1.67915,1.67955,1.40,1.00
2009.09.23 09:49:17.262,1.6791,1.67955,1.50,1.00
2009.09.23 09:49:17.892,1.6791,1.67955,1.50,1.00
2009.09.23 09:49:18.362,1.6791,1.67955,1.50,1.00
2009.09.23 09:49:28.580,1.6791,1.67955,1.00,3.90
2009.09.23 09:49:28.630,1.6791,1.67955,1.50,4.90
2009.09.23 09:49:28.690,1.6791,1.6795,1.50,2.00
2009.09.23 09:49:29.089,1.6791,1.67955,1.00,8.40
2009.09.23 09:49:29.809,1.67915,1.6796,1.00,8.80
2009.09.23 09:49:30.379,1.67915,1.6796,1.00,10.80
2009.09.23 09:49:30.669,1.67915,1.67955,1.00,6.40
2009.09.23 09:49:31.989,1.67915,1.6796,1.00,6.80
2009.09.23 09:49:33.998,1.6791,1.67945,1.00,2.80
2009.09.23 09:49:34.398,1.67915,1.6795,1.00,9.00
2009.09.23 09:49:34.618,1.67915,1.67955,1.00,6.00
2009.09.23 09:49:34.788,1.67915,1.67965,1.00,9.50
2009.09.23 09:49:35.028,1.6791,1.67965,1.00,9.60
2009.09.23 09:49:35.208,1.6791,1.6796,2.00,4.20
2009.09.23 09:49:35.598,1.6791,1.6796,2.00,4.20
2009.09.23 09:49:35.948,1.67905,1.6796,2.00,8.80
2009.09.23 09:49:36.298,1.67905,1.6796,1.00,12.80
2009.09.23 09:49:36.358,1.67905,1.67955,1.00,4.40
2009.09.23 09:49:36.478,1.67905,1.67955,4.30,4.40
2009.09.23 09:49:36.598,1.67905,1.6796,3.90,9.90
2009.09.23 09:49:36.888,1.6791,1.67955,2.00,1.90
2009.09.23 09:49:38.157,1.6791,1.67955,5.10,1.00
2009.09.23 09:49:38.337,1.6791,1.67955,5.90,1.00
2009.09.23 09:49:38.557,1.6791,1.67955,2.80,1.00
2009.09.23 09:49:38.727,1.6791,1.67945,2.40,1.00
2009.09.23 09:49:38.897,1.6791,1.67945,2.80,1.00
2009.09.23 09:49:39.077,1.6791,1.6795,1.00,1.00
2009.09.23 09:49:39.297,1.6791,1.67955,1.00,2.40
2009.09.23 09:49:39.757,1.67905,1.67955,2.40,2.50
2009.09.23 09:49:40.037,1.67905,1.67955,2.80,3.10
2009.09.23 09:49:40.327,1.67905,1.6796,4.30,5.10
2009.09.23 09:49:40.557,1.67905,1.6795,2.00,3.00
2009.09.23 09:49:40.787,1.6791,1.6795,2.00,3.00
2009.09.23 09:49:41.067,1.67905,1.6795,1.00,3.00
2009.09.23 09:49:41.287,1.67905,1.67955,2.30,5.00
2009.09.23 09:49:41.517,1.67905,1.6796,2.30,9.10
2009.09.23 09:49:41.856,1.6791,1.6795,3.50,1.00
2009.09.23 09:49:42.247,1.67915,1.6796,4.20,2.20
2009.09.23 09:49:42.596,1.67915,1.67965,2.20,3.40
2009.09.23 09:49:42.826,1.67915,1.67965,4.20,1.40
2009.09.23 09:49:43.056,1.6792,1.67965,1.00,3.40
2009.09.23 09:49:43.286,1.6792,1.67965,1.00,1.40
2009.09.23 09:49:43.876,1.6792,1.67965,1.60,1.40
2009.09.23 09:49:44.166,1.6792,1.6796,4.70,1.40
2009.09.23 09:49:44.976,1.6792,1.6796,3.90,1.40
2009.09.23 09:49:45.206,1.67915,1.67955,2.70,1.60
2009.09.23 09:49:45.425,1.6792,1.6796,2.30,2.00
2009.09.23 09:49:45.656,1.67925,1.6796,1.40,2.00
2009.09.23 09:49:45.886,1.6793,1.6796,1.60,2.00
2009.09.23 09:49:46.115,1.6793,1.67965,1.60,2.00
2009.09.23 09:49:46.815,1.67925,1.67965,2.40,2.20
2009.09.23 09:49:47.855,1.67925,1.67965,1.00,2.20
2009.09.23 09:49:48.375,1.67925,1.67965,1.00,3.40
2009.09.23 09:49:48.655,1.6792,1.6796,1.00,1.40
2009.09.23 09:49:48.945,1.6792,1.6796,1.00,3.40
2009.09.23 09:49:49.225,1.6792,1.6796,1.00,1.50
2009.09.23 09:49:49.565,1.6792,1.6796,1.00,3.50
2009.09.23 09:49:51.694,1.67925,1.6796,1.00,1.50
2009.09.23 09:49:52.104,1.6792,1.6796,1.00,3.40
2009.09.23 09:49:52.384,1.6792,1.6796,1.00,3.40
2009.09.23 09:49:53.594,1.67915,1.67955,1.60,1.40
2009.09.23 09:49:53.824,1.67915,1.67955,1.00,2.30
2009.09.23 09:49:54.064,1.67915,1.6795,1.00,1.60
2009.09.23 09:49:54.753,1.6791,1.6795,3.10,1.60
2009.09.23 09:49:55.773,1.6791,1.67955,3.00,5.90
2009.09.23 09:49:56.123,1.67905,1.67955,5.10,6.70
2009.09.23 09:49:56.243,1.67905,1.67955,3.10,6.70
2009.09.23 09:49:57.343,1.67905,1.6795,3.10,9.90
2009.09.23 09:49:57.463,1.67905,1.67945,1.60,5.00
2009.09.23 09:49:57.573,1.67905,1.67945,1.60,5.00
2009.09.23 09:49:57.683,1.679,1.6794,3.10,3.60
2009.09.23 09:49:57.983,1.67905,1.6794,1.40,3.60
2009.09.23 09:49:58.213,1.67905,1.6794,1.00,2.00
2009.09.23 09:49:58.452,1.679,1.6794,3.10,3.60
2009.09.23 09:50:00.292,1.67895,1.6793,1.00,1.40
2009.09.23 09:50:00.702,1.6788,1.67925,1.00,6.60
2009.09.23 09:50:01.052,1.6788,1.67905,1.00,2.50
2009.09.23 09:50:01.402,1.67865,1.6789,1.00,6.00
2009.09.23 09:50:01.742,1.67865,1.6789,1.00,6.00
2009.09.23 09:50:02.092,1.67865,1.67885,1.00,6.00
2009.09.23 09:50:02.322,1.67865,1.6789,1.90,6.00
2009.09.23 09:50:02.552,1.6787,1.6789,1.00,6.00
2009.09.23 09:50:02.792,1.67865,1.67895,1.00,4.40
2009.09.23 09:50:03.012,1.6787,1.6791,1.00,11.60
2009.09.23 09:50:03.252,1.6787,1.6791,1.00,6.00
2009.09.23 09:50:03.602,1.6787,1.67915,1.00,6.00
2009.09.23 09:50:06.111,1.67865,1.67895,2.00,2.80
2009.09.23 09:50:06.381,1.67865,1.679,2.00,1.40
2009.09.23 09:50:06.731,1.67855,1.67895,1.00,1.80
2009.09.23 09:50:07.071,1.6786,1.679,1.00,1.40
2009.09.23 09:50:07.431,1.67865,1.67895,1.40,1.00
2009.09.23 09:50:07.711,1.6787,1.6791,2.40,2.20
2009.09.23 09:50:07.941,1.67875,1.6791,1.00,1.40
2009.09.23 09:50:09.610,1.6788,1.67915,1.60,2.80
2009.09.23 09:50:09.840,1.67885,1.6792,1.00,3.40
2009.09.23 09:50:10.640,1.67885,1.6792,2.00,3.40
2009.09.23 09:50:10.930,1.67885,1.6792,2.00,3.40
2009.09.23 09:50:11.230,1.67885,1.6792,2.00,1.40
2009.09.23 09:50:11.520,1.67885,1.6792,2.00,1.40
2009.09.23 09:50:12.670,1.6788,1.6792,1.00,1.00
2009.09.23 09:50:12.730,1.6788,1.67925,1.00,3.90
2009.09.23 09:50:12.909,1.6788,1.67925,1.00,3.90
2009.09.23 09:50:13.020,1.6788,1.67925,1.00,3.90
2009.09.23 09:50:13.189,1.6787,1.67915,3.90,1.80
2009.09.23 09:50:13.360,1.6787,1.67905,2.80,1.40
2009.09.23 09:50:13.420,1.6787,1.67905,1.00,1.80
2009.09.23 09:50:13.480,1.67865,1.67905,1.20,1.80
2009.09.23 09:50:13.600,1.67865,1.67905,1.00,1.80
2009.09.23 09:50:13.710,1.67865,1.67905,1.00,1.80
2009.09.23 09:50:15.789,1.67865,1.67905,1.00,1.40
2009.09.23 09:50:15.849,1.67865,1.67905,3.20,1.40
2009.09.23 09:50:16.759,1.6787,1.67905,1.00,1.40
2009.09.23 09:50:16.989,1.6787,1.67915,1.00,1.80
2009.09.23 09:50:17.219,1.6787,1.6791,2.00,1.00
2009.09.23 09:50:17.629,1.67875,1.67915,1.00,3.00
2009.09.23 09:50:18.259,1.67885,1.6791,1.60,1.40
2009.09.23 09:50:18.608,1.67875,1.67915,1.00,1.00
2009.09.23 09:50:18.938,1.67875,1.6792,2.40,2.20
2009.09.23 09:50:19.278,1.67875,1.67915,2.40,1.40
2009.09.23 09:50:19.668,1.67875,1.6791,1.00,1.00
2009.09.23 09:50:20.598,1.6787,1.67905,3.20,1.00
2009.09.23 09:50:20.828,1.6787,1.67905,1.20,2.20
2009.09.23 09:50:21.397,1.6787,1.67905,1.00,2.20
2009.09.23 09:50:21.628,1.67865,1.679,1.00,1.40
2009.09.23 09:50:22.327,1.67865,1.67905,1.00,1.80
2009.09.23 09:50:22.837,1.6786,1.67905,2.40,1.90
2009.09.23 09:50:24.157,1.6786,1.679,3.90,1.00
2009.09.23 09:50:24.447,1.67865,1.679,2.00,1.40
2009.09.23 09:50:24.737,1.67865,1.67905,1.00,4.20
2009.09.23 09:50:25.007,1.67865,1.67905,1.00,1.40
2009.09.23 09:50:25.757,1.6787,1.67905,2.00,1.40
2009.09.23 09:50:25.987,1.67865,1.679,1.00,1.80
2009.09.23 09:50:26.256,1.67865,1.67905,2.00,1.40
2009.09.23 09:50:26.496,1.67865,1.679,2.40,1.40
2009.09.23 09:50:26.716,1.67865,1.679,2.40,2.20
2009.09.23 09:50:26.986,1.6787,1.67905,1.00,2.20
2009.09.23 09:50:27.596,1.67865,1.679,1.00,1.40
2009.09.23 09:50:27.836,1.6786,1.67895,2.00,2.20
2009.09.23 09:50:28.056,1.67865,1.67895,1.00,1.40
2009.09.23 09:50:28.346,1.67865,1.679,1.60,1.40
2009.09.23 09:50:28.586,1.67865,1.679,1.60,2.20
2009.09.23 09:50:28.826,1.6786,1.679,1.00,3.80
2009.09.23 09:50:29.516,1.67865,1.679,1.00,1.60
2009.09.23 09:50:30.495,1.6787,1.679,1.00,1.60
2009.09.23 09:50:30.895,1.6787,1.67905,1.00,2.20
2009.09.23 09:50:31.695,1.67865,1.67895,1.00,1.40
2009.09.23 09:50:31.975,1.6786,1.67895,1.00,1.40
2009.09.23 09:50:32.205,1.67855,1.67895,1.00,1.40
2009.09.23 09:50:32.485,1.6786,1.67895,1.00,1.40
2009.09.23 09:50:32.595,1.6785,1.67895,3.50,1.40
2009.09.23 09:50:32.765,1.67855,1.67895,1.00,1.40
2009.09.23 09:50:33.325,1.67855,1.67895,1.00,4.20
2009.09.23 09:50:33.715,1.67855,1.67895,1.40,2.40
2009.09.23 09:50:34.065,1.67855,1.67895,1.00,3.80
2009.09.23 09:50:34.174,1.67855,1.67895,1.50,2.40
2009.09.23 09:50:34.344,1.67855,1.67895,1.50,2.00
2009.09.23 09:50:34.454,1.67855,1.679,3.50,2.20
2009.09.23 09:50:34.854,1.67855,1.67895,3.50,1.40
2009.09.23 09:50:34.974,1.67855,1.6788,2.00,1.60
2009.09.23 09:50:35.154,1.67855,1.6788,1.50,1.60
2009.09.23 09:50:35.514,1.6786,1.6789,1.00,2.00
2009.09.23 09:50:35.864,1.6786,1.67895,1.00,1.40
2009.09.23 09:50:38.244,1.67855,1.6788,1.00,1.60
2009.09.23 09:50:39.593,1.67845,1.67875,1.00,1.60
2009.09.23 09:50:39.823,1.67845,1.6788,1.00,2.00
2009.09.23 09:50:40.103,1.67845,1.6788,1.00,1.60
2009.09.23 09:50:40.623,1.6785,1.6789,1.00,1.80
2009.09.23 09:50:40.903,1.67855,1.67885,1.00,1.60
2009.09.23 09:50:41.183,1.67855,1.6788,1.00,1.60
2009.09.23 09:50:41.933,1.67855,1.67885,1.50,1.00
2009.09.23 09:50:42.052,1.6786,1.6789,1.00,2.00
2009.09.23 09:50:42.223,1.67855,1.6789,1.40,1.00
2009.09.23 09:50:42.403,1.6785,1.67885,1.00,1.40
2009.09.23 09:50:42.572,1.6785,1.67885,1.00,1.80
2009.09.23 09:50:42.922,1.67855,1.67885,1.00,1.00
2009.09.23 09:50:43.152,1.6786,1.67895,1.60,2.00
2009.09.23 09:50:43.322,1.6786,1.679,1.60,3.40
2009.09.23 09:50:43.842,1.6786,1.679,1.60,1.40
2009.09.23 09:50:45.792,1.67855,1.6789,2.00,1.40
2009.09.23 09:50:46.082,1.67855,1.6789,1.00,1.40
2009.09.23 09:50:46.821,1.67855,1.67905,1.40,2.80
2009.09.23 09:50:46.982,1.67855,1.67905,2.00,4.30
2009.09.23 09:50:47.211,1.67865,1.67905,1.00,2.00
2009.09.23 09:50:48.191,1.67865,1.679,1.00,2.00
2009.09.23 09:50:48.421,1.67865,1.6791,1.00,2.00
2009.09.23 09:50:48.651,1.67865,1.67915,1.00,4.20
2009.09.23 09:50:48.931,1.6787,1.67915,1.50,3.40
2009.09.23 09:50:49.231,1.6787,1.67915,1.50,1.40
2009.09.23 09:50:49.981,1.6788,1.67915,1.00,1.80
2009.09.23 09:50:50.331,1.67875,1.67915,1.00,1.00
2009.09.23 09:50:50.670,1.67885,1.6793,1.00,2.80
2009.09.23 09:50:51.010,1.67885,1.6791,2.00,1.00
2009.09.23 09:50:51.251,1.67885,1.6791,2.00,1.80
2009.09.23 09:50:51.470,1.67865,1.6791,3.50,3.80
2009.09.23 09:50:51.680,1.67875,1.6791,1.00,2.00
2009.09.23 09:50:51.920,1.67875,1.67915,1.00,3.40
2009.09.23 09:50:52.080,1.67875,1.67915,1.00,1.40
2009.09.23 09:50:53.050,1.6787,1.67915,3.50,1.40
2009.09.23 09:50:53.510,1.67875,1.67915,1.60,1.40
2009.09.23 09:50:53.800,1.67875,1.6792,3.50,3.40
2009.09.23 09:50:54.030,1.6788,1.6792,1.40,2.00
2009.09.23 09:50:54.250,1.67885,1.67925,1.00,2.00
2009.09.23 09:50:54.649,1.6788,1.6793,1.90,3.50
2009.09.23 09:50:55.679,1.6788,1.6793,3.80,1.50
2009.09.23 09:50:55.970,1.67885,1.6793,1.80,5.90
2009.09.23 09:50:56.259,1.67885,1.67925,1.00,1.00
2009.09.23 09:50:56.429,1.67885,1.6793,1.00,3.80
2009.09.23 09:50:56.659,1.67885,1.6793,1.00,1.80
2009.09.23 09:50:57.070,1.6789,1.6793,2.00,1.80
2009.09.23 09:50:57.959,1.67885,1.6791,4.00,1.00
2009.09.23 09:50:58.519,1.67885,1.6791,2.00,1.80
2009.09.23 09:50:58.809,1.67885,1.6791,1.60,1.00
2009.09.23 09:50:59.039,1.67885,1.6792,1.60,1.40
2009.09.23 09:50:59.318,1.6788,1.6792,1.00,3.40
2009.09.23 09:51:00.188,1.6788,1.67915,1.00,1.40
2009.09.23 09:51:00.538,1.6788,1.67915,1.00,1.80
2009.09.23 09:51:00.898,1.67885,1.6793,1.00,5.60
2009.09.23 09:51:01.118,1.67885,1.6793,1.00,4.20
2009.09.23 09:51:01.878,1.67885,1.6792,2.00,1.40
2009.09.23 09:51:02.218,1.67875,1.67915,3.50,1.00
2009.09.23 09:51:02.558,1.6788,1.67925,1.00,3.90
2009.09.23 09:51:02.887,1.6788,1.67925,1.00,1.90
2009.09.23 09:51:03.128,1.6788,1.6792,1.00,1.40
2009.09.23 09:51:03.357,1.67875,1.67915,3.60,1.00
2009.09.23 09:51:03.647,1.67875,1.6792,1.00,2.20
2009.09.23 09:51:04.657,1.6788,1.6792,1.00,2.00
2009.09.23 09:51:05.007,1.6788,1.67925,1.90,1.00
2009.09.23 09:51:05.807,1.6788,1.67925,1.90,1.00
2009.09.23 09:51:06.137,1.6788,1.67925,3.90,1.00
2009.09.23 09:51:06.647,1.6788,1.67925,1.90,1.00
2009.09.23 09:51:07.216,1.6788,1.67915,1.00,1.40
2009.09.23 09:51:07.396,1.67875,1.67915,5.10,1.80
2009.09.23 09:51:07.577,1.6788,1.67915,1.50,1.00
2009.09.23 09:51:07.856,1.6788,1.67925,1.90,4.80
2009.09.23 09:51:08.136,1.6788,1.67925,1.90,2.80
2009.09.23 09:51:08.486,1.6788,1.67925,1.90,1.00
2009.09.23 09:51:08.836,1.6788,1.67915,1.40,1.00
2009.09.23 09:51:09.186,1.67875,1.6791,1.60,3.80
2009.09.23 09:51:09.466,1.6787,1.67905,1.00,1.80
2009.09.23 09:51:09.826,1.6787,1.67905,2.40,1.40
2009.09.23 09:51:10.106,1.6787,1.67905,1.40,1.00
2009.09.23 09:51:10.466,1.6787,1.6791,3.40,1.40
2009.09.23 09:51:10.756,1.6787,1.6791,3.50,1.40
2009.09.23 09:51:11.045,1.6787,1.6791,1.50,1.40
2009.09.23 09:51:15.664,1.6787,1.6791,2.80,1.40
2009.09.23 09:51:15.964,1.6787,1.67905,2.00,3.40
2009.09.23 09:51:16.144,1.6787,1.67905,2.00,2.00
2009.09.23 09:51:16.264,1.67865,1.67905,1.80,2.00
2009.09.23 09:51:16.604,1.67865,1.6791,1.80,1.80
2009.09.23 09:51:16.724,1.6787,1.6791,1.00,1.80
2009.09.23 09:51:19.584,1.67875,1.67915,1.40,3.90
2009.09.23 09:51:19.864,1.6787,1.67915,1.00,1.80
2009.09.23 09:51:20.773,1.67865,1.67915,3.80,1.90
2009.09.23 09:51:21.123,1.67865,1.6791,1.80,2.00
2009.09.23 09:51:21.534,1.6787,1.67905,1.00,3.00
2009.09.23 09:51:21.593,1.6787,1.67905,1.60,1.80
2009.09.23 09:51:21.653,1.6787,1.67905,1.60,1.00
2009.09.23 09:51:21.703,1.6787,1.67905,1.50,1.60
2009.09.23 09:51:21.813,1.6787,1.67905,1.90,1.60
2009.09.23 09:51:21.873,1.6787,1.679,1.90,2.00
2009.09.23 09:51:22.163,1.6787,1.67905,1.90,2.00
2009.09.23 09:51:22.333,1.6787,1.6791,1.90,4.00
2009.09.23 09:51:22.393,1.6787,1.6791,1.90,2.00
2009.09.23 09:51:22.793,1.6787,1.67905,1.00,2.00
2009.09.23 09:51:23.263,1.6787,1.67905,2.70,2.00
2009.09.23 09:51:23.503,1.6787,1.6791,1.20,3.40
2009.09.23 09:51:23.733,1.6787,1.67905,1.00,3.40
2009.09.23 09:51:23.973,1.6787,1.679,2.70,2.00
2009.09.23 09:51:24.312,1.6787,1.679,1.00,2.00
2009.09.23 09:51:24.542,1.67865,1.67895,1.00,1.80
2009.09.23 09:51:24.822,1.6786,1.6789,1.50,2.00
2009.09.23 09:51:25.153,1.6787,1.67895,1.00,2.00
2009.09.23 09:51:25.502,1.67875,1.67915,1.00,4.00
2009.09.23 09:51:25.882,1.67875,1.67915,1.00,2.00
2009.09.23 09:51:26.242,1.67875,1.67915,1.00,2.00
2009.09.23 09:51:27.172,1.67875,1.6792,1.00,4.30
2009.09.23 09:51:27.631,1.67875,1.6792,1.00,3.50
2009.09.23 09:51:28.831,1.6787,1.67915,1.80,1.00
2009.09.23 09:51:28.891,1.67865,1.6791,3.60,1.80
2009.09.23 09:51:29.001,1.6787,1.6791,1.00,1.80
2009.09.23 09:51:29.182,1.6787,1.6791,1.60,1.80
2009.09.23 09:51:29.521,1.6788,1.6792,1.00,1.00
2009.09.23 09:51:29.811,1.67875,1.6792,1.00,1.50
2009.09.23 09:51:30.161,1.67875,1.6792,1.00,3.50
2009.09.23 09:51:30.911,1.67875,1.6792,1.90,1.80
2009.09.23 09:51:31.441,1.67875,1.6792,1.90,3.80
2009.09.23 09:51:31.831,1.67875,1.6792,1.90,3.90
2009.09.23 09:51:34.070,1.6787,1.67915,1.00,1.80
2009.09.23 09:51:34.430,1.6787,1.67915,1.00,3.90
2009.09.23 09:51:34.760,1.67865,1.6791,1.00,1.40
2009.09.23 09:51:34.990,1.67865,1.6791,2.00,1.40
2009.09.23 09:51:35.340,1.67865,1.6791,1.00,1.40
2009.09.23 09:51:35.700,1.67865,1.6791,2.00,1.40
2009.09.23 09:51:36.230,1.6787,1.6791,1.00,1.40
2009.09.23 09:51:36.529,1.67885,1.67915,1.80,2.00
2009.09.23 09:51:36.859,1.6789,1.6792,2.20,2.00
2009.09.23 09:51:36.979,1.67895,1.6792,1.00,2.00
2009.09.23 09:51:37.199,1.67895,1.6794,1.00,1.40
2009.09.23 09:51:37.310,1.67895,1.6793,1.00,1.40
2009.09.23 09:51:37.429,1.6789,1.6793,2.00,1.00
2009.09.23 09:51:37.549,1.67895,1.6793,2.40,1.00
2009.09.23 09:51:37.659,1.67895,1.67925,2.00,2.00
2009.09.23 09:51:37.779,1.67895,1.67925,1.20,2.00
2009.09.23 09:51:38.239,1.67895,1.6793,3.00,2.00
2009.09.23 09:51:38.589,1.67895,1.67945,2.00,3.40
2009.09.23 09:51:38.939,1.67895,1.67945,1.00,3.40
2009.09.23 09:51:39.269,1.67895,1.6794,1.00,2.00
2009.09.23 09:51:40.948,1.679,1.6794,1.00,2.00
2009.09.23 09:51:41.298,1.679,1.67945,1.00,4.00
2009.09.23 09:51:41.468,1.679,1.67945,1.00,2.00
2009.09.23 09:51:44.288,1.679,1.67945,1.00,3.90
2009.09.23 09:51:44.628,1.679,1.6794,1.00,2.00
2009.09.23 09:51:44.977,1.67895,1.67935,1.00,2.00
2009.09.23 09:51:46.567,1.67895,1.67935,1.00,3.40
2009.09.23 09:51:46.787,1.6789,1.6793,1.00,1.00
2009.09.23 09:51:47.067,1.6789,1.67925,1.00,1.00
2009.09.23 09:51:47.707,1.6789,1.6793,2.30,2.00
2009.09.23 09:51:47.937,1.6789,1.67935,2.30,1.00
2009.09.23 09:51:49.076,1.67895,1.67935,1.00,1.00
2009.09.23 09:51:49.426,1.67895,1.6794,2.40,3.80
2009.09.23 09:51:49.606,1.67895,1.6794,3.90,1.00
2009.09.23 09:51:50.166,1.67895,1.6793,1.60,1.40
2009.09.23 09:51:50.506,1.67895,1.67935,1.90,2.00
2009.09.23 09:51:50.856,1.67895,1.6794,1.90,2.40
2009.09.23 09:51:51.366,1.67895,1.6793,1.90,1.00
2009.09.23 09:51:52.036,1.6789,1.67935,1.80,3.90
2009.09.23 09:51:52.156,1.6789,1.67935,1.80,1.90
2009.09.23 09:51:52.676,1.67905,1.6794,1.40,2.00
2009.09.23 09:51:53.006,1.679,1.6794,3.20,2.00
2009.09.23 09:51:53.345,1.679,1.6795,3.80,1.40
2009.09.23 09:51:54.205,1.679,1.6795,1.80,3.40
2009.09.23 09:51:54.435,1.679,1.67945,1.00,1.40
2009.09.23 09:51:54.735,1.679,1.67945,1.00,1.80
2009.09.23 09:51:55.065,1.679,1.67945,1.00,3.80
2009.09.23 09:51:55.345,1.67895,1.6793,1.60,1.40
2009.09.23 09:51:55.635,1.6789,1.6793,1.90,3.40
2009.09.23 09:51:55.865,1.67895,1.67935,1.80,2.00
2009.09.23 09:51:56.394,1.67895,1.6794,1.80,2.00
2009.09.23 09:51:56.905,1.6789,1.6794,2.00,2.00
2009.09.23 09:51:56.965,1.6789,1.67945,4.00,3.80
2009.09.23 09:51:57.144,1.6789,1.67945,2.40,3.80
2009.09.23 09:51:57.265,1.6789,1.6794,2.40,1.40
2009.09.23 09:51:57.444,1.6789,1.6794,2.40,3.40
2009.09.23 09:51:57.504,1.6789,1.67935,1.00,2.80
2009.09.23 09:51:57.835,1.6789,1.6793,1.00,2.00
2009.09.23 09:51:59.384,1.6789,1.67935,1.00,2.00
2009.09.23 09:51:59.734,1.67895,1.67935,1.40,2.00
2009.09.23 09:51:59.914,1.67895,1.6794,1.80,2.00
2009.09.23 09:52:00.773,1.67905,1.6794,1.40,2.00
2009.09.23 09:52:01.154,1.67905,1.6795,1.80,2.40
2009.09.23 09:52:02.153,1.679,1.67945,1.00,1.80
2009.09.23 09:52:02.323,1.679,1.67945,1.00,3.80
2009.09.23 09:52:02.503,1.679,1.6794,1.00,2.00
2009.09.23 09:52:02.733,1.67915,1.67945,1.40,2.40
2009.09.23 09:52:02.913,1.67915,1.67945,1.80,2.00
2009.09.23 09:52:03.023,1.67915,1.6796,1.80,1.00
2009.09.23 09:52:03.643,1.67915,1.6796,1.80,2.40
2009.09.23 09:52:03.823,1.67915,1.6796,1.90,2.40
2009.09.23 09:52:04.333,1.67915,1.6796,1.90,2.40
2009.09.23 09:52:04.693,1.6791,1.6795,5.70,3.00
2009.09.23 09:52:05.033,1.67915,1.6796,1.80,4.70
2009.09.23 09:52:05.382,1.67915,1.67955,1.00,5.00
2009.09.23 09:52:05.742,1.67915,1.6796,1.00,2.40
2009.09.23 09:52:06.082,1.67915,1.6796,1.80,1.00
2009.09.23 09:52:06.722,1.67915,1.6796,1.90,1.00
2009.09.23 09:52:07.292,1.6791,1.6796,2.40,1.00
2009.09.23 09:52:08.082,1.6791,1.6795,1.00,1.40
2009.09.23 09:52:08.192,1.6791,1.6795,1.00,1.80
2009.09.23 09:52:13.730,1.67905,1.6795,7.40,1.80
2009.09.23 09:52:14.120,1.6791,1.6795,1.00,1.40
2009.09.23 09:52:14.810,1.6791,1.6795,1.00,1.80
2009.09.23 09:52:15.160,1.6791,1.6795,1.00,4.80
2009.09.23 09:52:15.910,1.6791,1.6795,1.00,4.90
2009.09.23 09:52:16.480,1.6791,1.67945,1.00,1.40
2009.09.23 09:52:16.600,1.6791,1.67945,2.80,1.40
2009.09.23 09:52:16.770,1.67925,1.6795,1.60,1.40
2009.09.23 09:52:16.880,1.67915,1.67955,2.00,3.00
2009.09.23 09:52:17.220,1.6791,1.67945,4.80,1.40
2009.09.23 09:52:17.610,1.6791,1.6795,1.00,1.00
2009.09.23 09:52:17.970,1.67905,1.67955,3.00,4.30
2009.09.23 09:52:18.379,1.67905,1.67955,1.40,4.30
2009.09.23 09:52:18.599,1.67905,1.67955,3.40,2.30
2009.09.23 09:52:18.779,1.679,1.6795,4.30,1.40
2009.09.23 09:52:18.999,1.679,1.6795,3.40,1.40
2009.09.23 09:52:19.349,1.679,1.67945,1.40,2.00
2009.09.23 09:52:21.269,1.679,1.6794,1.00,1.40
2009.09.23 09:52:21.439,1.679,1.6794,2.40,1.40
2009.09.23 09:52:21.559,1.679,1.6794,1.00,3.40
2009.09.23 09:52:21.779,1.679,1.67925,1.00,1.40
2009.09.23 09:52:21.899,1.6789,1.67925,5.20,1.40
2009.09.23 09:52:22.009,1.6789,1.67925,4.40,1.40
2009.09.23 09:52:22.068,1.6789,1.67925,2.80,1.40
2009.09.23 09:52:22.128,1.6789,1.67925,1.00,1.40
2009.09.23 09:52:23.098,1.6788,1.6792,1.00,1.40
2009.09.23 09:52:29.257,1.6788,1.6792,1.00,1.40
2009.09.23 09:52:29.377,1.6789,1.6793,1.00,3.40
2009.09.23 09:52:29.487,1.6789,1.6793,1.00,1.40
2009.09.23 09:52:30.706,1.6789,1.6793,1.00,1.40
2009.09.23 09:52:35.795,1.6789,1.6793,1.00,3.40
2009.09.23 09:52:37.095,1.6789,1.6792,1.00,1.60
2009.09.23 09:52:37.315,1.67885,1.67915,1.60,1.80
2009.09.23 09:52:37.475,1.6788,1.67915,2.00,1.80
2009.09.23 09:52:37.645,1.67875,1.67915,1.00,1.80
2009.09.23 09:52:37.875,1.6788,1.6792,1.00,1.60
2009.09.23 09:52:38.055,1.67885,1.67925,1.00,4.20
2009.09.23 09:52:38.634,1.67885,1.67925,1.00,2.20
2009.09.23 09:52:38.964,1.6789,1.67935,1.00,2.00
2009.09.23 09:52:39.554,1.6789,1.67935,1.00,2.00
2009.09.23 09:52:40.204,1.6789,1.67935,1.00,3.50
2009.09.23 09:52:40.604,1.6789,1.67935,1.00,4.30
2009.09.23 09:52:41.654,1.6789,1.67935,1.00,2.80
2009.09.23 09:52:41.714,1.6788,1.6793,4.70,1.90
2009.09.23 09:52:42.473,1.6788,1.6793,4.70,3.90
2009.09.23 09:52:42.713,1.6789,1.6793,1.40,2.40
2009.09.23 09:52:42.993,1.6789,1.6794,4.20,3.50
2009.09.23 09:52:43.813,1.6789,1.6794,3.40,3.50
2009.09.23 09:52:44.034,1.6788,1.67925,2.00,1.40
2009.09.23 09:52:45.033,1.6788,1.67925,1.00,1.40
2009.09.23 09:52:45.383,1.6789,1.6793,1.40,2.00
2009.09.23 09:52:45.673,1.679,1.67935,1.40,2.00
2009.09.23 09:52:45.903,1.6789,1.67925,2.00,1.40
2009.09.23 09:52:46.202,1.67895,1.67925,2.00,1.40
2009.09.23 09:52:46.483,1.67885,1.67925,1.00,1.40
2009.09.23 09:52:46.762,1.67895,1.6793,1.80,3.40
2009.09.23 09:52:47.053,1.679,1.67945,1.80,2.00
2009.09.23 09:52:47.282,1.679,1.67945,2.00,1.00
2009.09.23 09:52:47.562,1.679,1.67945,2.40,1.00
2009.09.23 09:52:47.792,1.67895,1.6794,2.00,1.00
2009.09.23 09:52:48.022,1.67885,1.6794,2.40,2.00
2009.09.23 09:52:48.262,1.6789,1.6794,2.00,1.00
2009.09.23 09:52:48.482,1.6789,1.67935,2.00,1.00
2009.09.23 09:52:49.392,1.6789,1.6794,1.40,3.40
2009.09.23 09:52:50.382,1.6789,1.6794,1.40,3.50
2009.09.23 09:52:50.612,1.67885,1.6793,2.00,1.40
2009.09.23 09:52:50.902,1.6788,1.6793,4.90,1.40
2009.09.23 09:52:51.192,1.67885,1.6793,1.00,2.00
2009.09.23 09:52:51.471,1.67885,1.67935,1.00,2.00
2009.09.23 09:52:51.761,1.6789,1.6794,2.00,3.40
2009.09.23 09:52:52.261,1.67895,1.6794,2.00,1.50
2009.09.23 09:52:52.951,1.6789,1.6793,2.00,1.40
2009.09.23 09:52:53.171,1.6789,1.67935,2.00,1.00
2009.09.23 09:52:53.331,1.6789,1.6794,2.00,3.50
2009.09.23 09:52:53.451,1.6789,1.6794,2.00,5.50
2009.09.23 09:52:53.571,1.6789,1.6794,2.00,3.50
2009.09.23 09:52:53.791,1.67885,1.6794,4.40,3.50
2009.09.23 09:52:54.131,1.67885,1.6794,2.40,3.50
2009.09.23 09:52:54.481,1.6789,1.6794,3.40,3.50
2009.09.23 09:52:54.831,1.679,1.67945,2.20,2.30
2009.09.23 09:52:55.230,1.679,1.67945,2.20,1.50
2009.09.23 09:52:55.560,1.679,1.67945,4.20,1.50
2009.09.23 09:52:58.070,1.679,1.6794,1.40,1.00
2009.09.23 09:52:59.010,1.679,1.67945,1.40,3.40
2009.09.23 09:53:00.099,1.679,1.67945,1.40,1.50
2009.09.23 09:53:00.329,1.679,1.67945,1.40,3.50
2009.09.23 09:53:01.519,1.679,1.6794,1.40,2.00
2009.09.23 09:53:01.799,1.679,1.67945,1.40,5.50
2009.09.23 09:53:01.849,1.679,1.67945,1.40,3.50
2009.09.23 09:53:03.878,1.679,1.67945,1.40,3.40
2009.09.23 09:53:04.468,1.679,1.67945,1.40,3.80
2009.09.23 09:53:04.688,1.67895,1.6794,1.80,3.40
2009.09.23 09:53:04.908,1.67895,1.6794,1.80,1.40
2009.09.23 09:53:05.138,1.67895,1.67935,1.00,1.40
2009.09.23 09:53:05.548,1.6789,1.6794,1.40,3.40
2009.09.23 09:53:05.898,1.6789,1.67935,3.40,1.40
2009.09.23 09:53:10.227,1.67895,1.67935,1.80,2.00
2009.09.23 09:53:12.746,1.67895,1.67935,1.90,2.00
2009.09.23 09:53:15.736,1.67895,1.6794,1.90,3.50
2009.09.23 09:53:16.085,1.679,1.6794,2.20,2.00
2009.09.23 09:53:16.785,1.679,1.6794,2.30,2.00
2009.09.23 09:53:18.505,1.679,1.6794,1.50,2.00
2009.09.23 09:53:19.265,1.679,1.67935,1.90,2.00
2009.09.23 09:53:19.605,1.679,1.6794,1.00,3.40
2009.09.23 09:53:19.964,1.679,1.67935,1.00,1.40
2009.09.23 09:53:20.294,1.679,1.67935,1.00,3.40
2009.09.23 09:53:20.624,1.679,1.67935,1.00,1.40
2009.09.23 09:53:21.024,1.67895,1.67935,1.00,3.40
2009.09.23 09:53:21.305,1.6789,1.67935,1.90,3.40
2009.09.23 09:53:21.825,1.67895,1.67935,1.00,3.40
2009.09.23 09:53:24.174,1.67895,1.67935,1.00,1.40
2009.09.23 09:53:24.633,1.67895,1.6794,1.80,3.40
2009.09.23 09:53:24.914,1.67895,1.6794,3.80,1.40
2009.09.23 09:53:25.263,1.67895,1.67935,2.40,1.40
2009.09.23 09:53:25.603,1.67885,1.6793,4.30,1.40
2009.09.23 09:53:25.963,1.67885,1.6793,3.90,1.40
2009.09.23 09:53:26.243,1.67885,1.6793,3.90,1.80
2009.09.23 09:53:26.483,1.67885,1.6793,5.00,1.50
2009.09.23 09:53:27.123,1.67885,1.67925,2.00,1.80
2009.09.23 09:53:27.233,1.6788,1.67925,1.80,3.80
2009.09.23 09:53:27.403,1.6788,1.67925,3.80,1.80
2009.09.23 09:53:27.513,1.6788,1.6792,1.80,2.00
2009.09.23 09:53:27.693,1.6788,1.6792,1.90,2.00
2009.09.23 09:53:27.933,1.6788,1.67925,1.80,5.50
2009.09.23 09:53:28.212,1.6788,1.67925,1.80,3.90
2009.09.23 09:53:28.552,1.67875,1.6792,3.50,1.40
2009.09.23 09:53:28.902,1.67875,1.6792,1.40,1.50
2009.09.23 09:53:29.233,1.67875,1.67915,1.40,2.00
2009.09.23 09:53:29.562,1.67875,1.6791,1.40,1.00
2009.09.23 09:53:29.852,1.67875,1.67915,1.40,1.00
2009.09.23 09:53:30.202,1.67875,1.67915,1.40,2.00
2009.09.23 09:53:30.502,1.67875,1.67915,1.40,1.00
2009.09.23 09:53:31.182,1.67875,1.67915,2.60,1.00
2009.09.23 09:53:31.542,1.67875,1.67915,1.80,2.00
2009.09.23 09:53:31.772,1.67875,1.67915,1.80,1.00
2009.09.23 09:53:32.971,1.67875,1.67915,1.80,1.00
2009.09.23 09:53:33.321,1.67875,1.67915,4.60,1.00
2009.09.23 09:53:33.711,1.67875,1.67915,4.60,1.00
2009.09.23 09:53:33.891,1.67875,1.67915,2.60,1.00
2009.09.23 09:53:34.481,1.67875,1.67915,4.60,1.00
2009.09.23 09:53:35.131,1.67875,1.67915,4.60,1.00
2009.09.23 09:53:37.080,1.67875,1.67915,4.70,1.00
2009.09.23 09:53:37.200,1.6788,1.67915,4.60,1.00
2009.09.23 09:53:37.380,1.6788,1.67915,6.60,1.00
2009.09.23 09:53:37.610,1.6788,1.67915,3.80,1.00
2009.09.23 09:53:37.840,1.6788,1.6792,3.80,1.00
2009.09.23 09:53:40.140,1.6788,1.6791,1.00,1.40
2009.09.23 09:53:40.200,1.6788,1.6791,1.00,1.40
2009.09.23 09:53:40.320,1.6788,1.6791,1.00,2.00
2009.09.23 09:53:40.430,1.67875,1.6791,1.20,3.40
2009.09.23 09:53:40.780,1.67885,1.67925,1.40,1.00
2009.09.23 09:53:41.189,1.67885,1.67925,2.00,1.50
2009.09.23 09:53:41.530,1.67885,1.67925,1.40,1.00
2009.09.23 09:53:41.710,1.6788,1.67925,2.60,3.50
2009.09.23 09:53:42.169,1.6788,1.67925,1.80,3.50
2009.09.23 09:53:42.579,1.67885,1.67925,1.40,2.00
2009.09.23 09:53:45.638,1.67885,1.6792,1.40,1.00
2009.09.23 09:53:45.868,1.67885,1.67925,1.40,2.00
2009.09.23 09:53:46.328,1.67885,1.6792,1.40,1.00
2009.09.23 09:53:46.948,1.67885,1.67925,1.40,2.00
2009.09.23 09:53:47.698,1.67885,1.6792,1.40,1.00
2009.09.23 09:53:47.808,1.6788,1.6792,1.00,1.00
2009.09.23 09:53:47.918,1.67875,1.6792,4.60,1.00
2009.09.23 09:53:48.208,1.67875,1.6792,1.80,1.00
2009.09.23 09:53:49.848,1.67875,1.6792,1.90,2.00
2009.09.23 09:53:50.547,1.67875,1.67925,1.90,4.30
2009.09.23 09:53:50.897,1.6788,1.67925,1.00,4.30
2009.09.23 09:53:51.297,1.67875,1.67925,3.90,2.30
2009.09.23 09:53:51.647,1.67875,1.6792,1.90,1.80
2009.09.23 09:53:51.757,1.67875,1.67925,3.90,1.50
2009.09.23 09:53:51.937,1.67875,1.67925,5.10,1.50
2009.09.23 09:53:52.117,1.67875,1.67905,1.00,1.40
2009.09.23 09:53:52.287,1.6787,1.67905,2.40,1.40
2009.09.23 09:53:52.997,1.6787,1.67905,1.00,3.40
2009.09.23 09:53:53.287,1.6787,1.6791,1.90,1.40
2009.09.23 09:53:55.006,1.67875,1.6791,1.00,1.40
2009.09.23 09:53:55.176,1.67875,1.6792,1.90,4.20
2009.09.23 09:53:55.356,1.6788,1.6792,1.00,4.20
2009.09.23 09:53:55.536,1.6788,1.6792,1.00,2.20
2009.09.23 09:53:58.665,1.67875,1.6791,1.00,3.40
2009.09.23 09:53:58.836,1.67865,1.6791,7.00,3.80
2009.09.23 09:53:58.955,1.67865,1.6791,7.80,3.80
2009.09.23 09:53:59.245,1.67865,1.67905,2.70,2.00
2009.09.23 09:53:59.405,1.67865,1.67905,1.90,2.00
2009.09.23 09:53:59.755,1.67865,1.6791,1.90,1.90
2009.09.23 09:54:00.105,1.67875,1.6791,1.00,1.80
2009.09.23 09:54:00.455,1.67885,1.67915,2.00,1.60
2009.09.23 09:54:00.805,1.67875,1.6791,2.80,1.40
2009.09.23 09:54:01.154,1.67875,1.67905,2.00,1.40
2009.09.23 09:54:01.505,1.6787,1.67905,1.00,3.40
2009.09.23 09:54:02.175,1.6787,1.67905,1.00,1.40
2009.09.23 09:54:02.354,1.6787,1.6791,1.00,1.40
2009.09.23 09:54:02.575,1.6787,1.67905,1.00,1.40
2009.09.23 09:54:02.854,1.6787,1.6791,1.20,1.40
2009.09.23 09:54:03.084,1.6787,1.67905,1.20,1.40
2009.09.23 09:54:03.364,1.6787,1.67905,1.00,1.40
2009.09.23 09:54:04.214,1.6787,1.67905,1.00,3.40
2009.09.23 09:54:04.494,1.6787,1.67905,1.00,1.40
2009.09.23 09:54:05.234,1.6788,1.67915,1.00,2.00
2009.09.23 09:54:05.524,1.6787,1.67915,2.70,4.00
2009.09.23 09:54:05.754,1.6787,1.6791,1.40,2.00
2009.09.23 09:54:06.053,1.6787,1.67915,1.80,1.00
2009.09.23 09:54:06.404,1.67875,1.6792,1.40,3.80
2009.09.23 09:54:06.753,1.67875,1.6791,3.00,2.00
2009.09.23 09:54:06.934,1.6788,1.6791,2.20,2.00
2009.09.23 09:54:07.163,1.67895,1.6792,1.60,3.40
2009.09.23 09:54:07.393,1.67895,1.6792,1.60,1.40
2009.09.23 09:54:07.633,1.67895,1.6792,1.60,3.40
2009.09.23 09:54:07.853,1.67895,1.6792,1.60,1.40
2009.09.23 09:54:08.603,1.67905,1.67925,1.60,4.30
2009.09.23 09:54:08.943,1.67905,1.67935,1.60,2.80
2009.09.23 09:54:09.753,1.6792,1.67935,1.60,1.00
2009.09.23 09:54:09.993,1.6792,1.6793,1.60,1.60
2009.09.23 09:54:10.283,1.6792,1.67925,1.00,4.00
2009.09.23 09:54:10.582,1.6792,1.67935,1.00,2.40
2009.09.23 09:54:10.862,1.679,1.6792,1.40,2.00
2009.09.23 09:54:11.152,1.67895,1.6792,1.00,2.00
2009.09.23 09:54:11.492,1.6788,1.67925,2.80,2.80
2009.09.23 09:54:11.882,1.6788,1.67925,1.20,2.80
2009.09.23 09:54:12.222,1.67875,1.67915,5.50,1.60
2009.09.23 09:54:12.462,1.679,1.6792,1.60,2.00
2009.09.23 09:54:12.752,1.67905,1.67925,1.40,2.00
2009.09.23 09:54:13.032,1.6789,1.67935,1.00,1.40
2009.09.23 09:54:13.302,1.6788,1.6793,1.80,1.40
2009.09.23 09:54:14.062,1.6789,1.6793,1.80,5.40
2009.09.23 09:54:14.412,1.67885,1.67925,1.00,1.80
2009.09.23 09:54:14.631,1.67905,1.67925,1.40,2.00
2009.09.23 09:54:14.911,1.67905,1.6793,1.40,2.00
2009.09.23 09:54:15.201,1.67905,1.67945,3.40,1.60
2009.09.23 09:54:15.481,1.679,1.67945,2.00,3.00
2009.09.23 09:54:15.711,1.679,1.67945,1.40,3.00
2009.09.23 09:54:16.441,1.679,1.67945,1.50,3.10
2009.09.23 09:54:16.791,1.67895,1.6794,3.80,1.50
2009.09.23 09:54:16.851,1.679,1.6794,1.00,1.50
2009.09.23 09:54:17.171,1.679,1.6794,2.20,1.00
2009.09.23 09:54:17.291,1.679,1.67945,3.10,5.10
2009.09.23 09:54:17.351,1.679,1.67945,4.70,3.50
2009.09.23 09:54:17.571,1.679,1.6794,4.60,1.00
2009.09.23 09:54:17.871,1.679,1.67945,4.70,1.50
2009.09.23 09:54:18.170,1.679,1.6794,4.60,1.00
2009.09.23 09:54:18.460,1.679,1.67945,4.70,1.40
2009.09.23 09:54:18.691,1.679,1.67945,4.60,2.30
2009.09.23 09:54:18.920,1.679,1.67945,5.80,2.30
2009.09.23 09:54:19.100,1.67905,1.67945,1.00,2.30
2009.09.23 09:54:19.281,1.679,1.67945,4.60,2.30
2009.09.23 09:54:19.520,1.679,1.67945,6.60,1.50
2009.09.23 09:54:19.690,1.679,1.67945,4.60,1.50
2009.09.23 09:54:20.870,1.679,1.6794,4.60,1.00
2009.09.23 09:54:21.630,1.679,1.6794,6.60,1.00
2009.09.23 09:54:22.259,1.679,1.67935,3.60,1.00
2009.09.23 09:54:22.489,1.679,1.67935,2.80,1.00
2009.09.23 09:54:22.709,1.679,1.67935,1.00,1.00
2009.09.23 09:54:22.879,1.679,1.6794,1.00,1.50
2009.09.23 09:54:23.109,1.679,1.67935,1.00,1.50
2009.09.23 09:54:23.289,1.67895,1.6793,3.60,1.40
2009.09.23 09:54:23.459,1.67895,1.6793,2.80,1.40
2009.09.23 09:54:23.989,1.67895,1.6793,2.00,1.40
2009.09.23 09:54:24.159,1.6789,1.6793,8.90,1.40
2009.09.23 09:54:24.889,1.6789,1.6793,8.90,1.50
2009.09.23 09:54:25.069,1.67895,1.6793,2.20,1.00
2009.09.23 09:54:25.309,1.67895,1.6793,1.40,1.00
2009.09.23 09:54:25.659,1.679,1.6793,1.40,1.00
2009.09.23 09:54:26.009,1.67895,1.6794,3.00,3.90
2009.09.23 09:54:26.329,1.67895,1.67935,3.30,1.00
2009.09.23 09:54:26.618,1.67895,1.6794,3.30,4.30
2009.09.23 09:54:26.839,1.67895,1.6794,5.30,2.30
2009.09.23 09:54:27.358,1.67895,1.6794,3.30,4.30
2009.09.23 09:54:27.648,1.67895,1.67935,3.30,2.00
2009.09.23 09:54:28.558,1.67895,1.67935,2.20,2.00
2009.09.23 09:54:28.778,1.67895,1.6793,1.40,3.60
2009.09.23 09:54:29.018,1.67895,1.6793,2.20,2.00
2009.09.23 09:54:29.248,1.67895,1.67935,2.20,2.00
2009.09.23 09:54:29.478,1.67905,1.67935,1.40,2.00
2009.09.23 09:54:29.818,1.67895,1.67935,3.90,2.00
2009.09.23 09:54:30.178,1.679,1.67935,1.00,2.00
2009.09.23 09:54:30.528,1.679,1.6794,1.00,2.00
2009.09.23 09:54:31.577,1.679,1.6795,1.20,2.80
2009.09.23 09:54:32.027,1.679,1.6795,1.20,4.80
2009.09.23 09:54:32.137,1.679,1.67945,1.20,2.00
2009.09.23 09:54:32.307,1.679,1.6795,1.20,2.80
2009.09.23 09:54:32.417,1.67915,1.6794,1.40,1.60
2009.09.23 09:54:32.537,1.67905,1.6794,3.40,1.60
2009.09.23 09:54:32.877,1.6791,1.6794,2.00,1.60
2009.09.23 09:54:33.177,1.67905,1.6793,2.00,1.60
2009.09.23 09:54:33.517,1.67895,1.6794,2.30,3.80
2009.09.23 09:54:34.087,1.67895,1.6794,2.30,3.40
2009.09.23 09:54:34.427,1.67905,1.67945,1.80,2.00
2009.09.23 09:54:34.777,1.67895,1.6794,5.90,3.00
2009.09.23 09:54:35.057,1.679,1.67945,1.00,2.00
2009.09.23 09:54:35.336,1.679,1.6795,1.00,2.80
2009.09.23 09:54:36.596,1.679,1.67945,1.00,1.00
2009.09.23 09:54:37.816,1.679,1.6795,1.00,2.80
2009.09.23 09:54:38.786,1.67905,1.67945,1.00,1.60
2009.09.23 09:54:38.966,1.67895,1.6794,5.40,1.50
2009.09.23 09:54:39.316,1.679,1.6794,1.00,3.00
2009.09.23 09:54:39.675,1.679,1.6794,1.00,2.00
2009.09.23 09:54:40.065,1.67905,1.67945,2.20,2.00
2009.09.23 09:54:40.345,1.67905,1.67945,2.20,2.00
2009.09.23 09:54:41.195,1.6791,1.67955,2.20,1.00
2009.09.23 09:54:41.545,1.6791,1.6795,2.20,1.00
2009.09.23 09:54:42.595,1.6791,1.6795,1.00,1.00
2009.09.23 09:54:42.715,1.67905,1.67955,4.60,4.30
2009.09.23 09:54:42.825,1.67905,1.67945,1.00,2.00
2009.09.23 09:54:43.115,1.67905,1.6795,1.00,4.40
2009.09.23 09:54:43.714,1.679,1.6794,1.00,1.00
2009.09.23 09:54:44.114,1.6789,1.67935,4.20,1.00
2009.09.23 09:54:44.754,1.6789,1.67935,2.30,1.00
2009.09.23 09:54:45.054,1.6789,1.67935,2.20,1.00
2009.09.23 09:54:45.344,1.6789,1.67935,4.20,1.00
2009.09.23 09:54:45.694,1.67895,1.6794,2.20,2.40
2009.09.23 09:54:46.384,1.6789,1.67935,4.30,1.00
2009.09.23 09:54:47.763,1.67895,1.67935,1.00,1.00
2009.09.23 09:54:47.873,1.6789,1.67935,3.40,2.00
2009.09.23 09:54:48.344,1.6789,1.67935,2.30,1.00
2009.09.23 09:54:48.574,1.6789,1.67935,2.30,1.00
2009.09.23 09:54:49.333,1.6789,1.6793,1.00,1.00
2009.09.23 09:54:49.693,1.6789,1.67935,2.40,1.90
2009.09.23 09:54:50.673,1.6789,1.6793,2.40,1.00
2009.09.23 09:54:51.153,1.6789,1.67935,3.90,1.00
2009.09.23 09:54:51.382,1.67895,1.67935,1.40,1.00
2009.09.23 09:54:51.553,1.67895,1.6794,2.20,3.20
2009.09.23 09:54:51.953,1.6789,1.67935,4.30,1.00
2009.09.23 09:54:52.243,1.67895,1.67935,1.00,1.00
2009.09.23 09:54:52.532,1.67895,1.6794,2.20,5.20
2009.09.23 09:54:52.832,1.6789,1.6794,1.90,6.70
2009.09.23 09:54:53.112,1.6789,1.67935,2.00,2.30
2009.09.23 09:54:53.342,1.6789,1.67935,4.00,2.30
2009.09.23 09:54:53.512,1.6789,1.67935,2.70,1.00
2009.09.23 09:54:53.632,1.6789,1.67935,2.70,1.00
2009.09.23 09:54:54.312,1.6789,1.6794,3.80,6.70
2009.09.23 09:54:54.602,1.6789,1.67935,3.80,1.90
2009.09.23 09:54:54.942,1.6789,1.67925,1.40,2.00
2009.09.23 09:54:55.282,1.679,1.6794,2.00,4.70
2009.09.23 09:54:55.631,1.6789,1.67935,3.80,1.50
2009.09.23 09:54:56.031,1.67895,1.6793,2.00,1.00
2009.09.23 09:54:56.331,1.67895,1.6793,2.00,1.90
2009.09.23 09:54:56.841,1.6789,1.6793,2.00,3.50
2009.09.23 09:54:57.081,1.67885,1.6792,4.00,1.60
2009.09.23 09:54:57.261,1.67885,1.67925,3.80,1.00
2009.09.23 09:54:57.531,1.67895,1.67925,1.40,1.00
2009.09.23 09:54:57.771,1.67895,1.67925,1.00,1.00
2009.09.23 09:54:58.061,1.67895,1.67935,2.00,2.30
2009.09.23 09:54:58.301,1.6789,1.67935,2.20,5.10
2009.09.23 09:54:58.871,1.6789,1.6793,2.20,1.00
2009.09.23 09:54:59.211,1.67895,1.6793,2.20,1.00
2009.09.23 09:54:59.550,1.67895,1.67935,1.00,3.90
2009.09.23 09:54:59.660,1.67895,1.67915,1.00,1.40
2009.09.23 09:55:00.281,1.6789,1.67915,1.00,1.40
2009.09.23 09:55:00.401,1.67855,1.679,1.40,1.00
2009.09.23 09:55:00.521,1.67855,1.6791,2.20,5.00
2009.09.23 09:55:00.870,1.67855,1.6791,1.80,4.60
2009.09.23 09:55:01.220,1.6785,1.67905,4.30,2.20
2009.09.23 09:55:01.570,1.6786,1.67905,2.30,8.20
2009.09.23 09:55:01.800,1.67855,1.6789,1.50,1.00
2009.09.23 09:55:02.040,1.6786,1.67905,1.80,6.40
2009.09.23 09:55:02.500,1.67865,1.679,1.40,2.00
2009.09.23 09:55:02.730,1.67855,1.679,2.30,2.00
2009.09.23 09:55:03.140,1.6786,1.67905,2.20,5.90
2009.09.23 09:55:03.410,1.6786,1.67895,1.00,1.40
2009.09.23 09:55:03.740,1.6785,1.67895,4.30,1.80
2009.09.23 09:55:04.090,1.67865,1.67905,1.80,2.00
2009.09.23 09:55:04.430,1.67865,1.67905,2.70,2.00
2009.09.23 09:55:04.779,1.67875,1.6792,2.20,5.10
2009.09.23 09:55:04.999,1.6788,1.6792,2.20,2.80
2009.09.23 09:55:05.449,1.6788,1.6792,2.20,1.00
2009.09.23 09:55:05.679,1.67875,1.67915,1.40,1.80
2009.09.23 09:55:06.589,1.67885,1.6792,1.40,1.00
2009.09.23 09:55:06.939,1.6788,1.6792,2.30,1.00
2009.09.23 09:55:07.499,1.6788,1.6792,2.30,2.00
2009.09.23 09:55:07.729,1.6788,1.67925,2.30,5.10
2009.09.23 09:55:07.899,1.6788,1.6792,1.00,1.40
2009.09.23 09:55:08.069,1.6788,1.6792,1.00,5.60
2009.09.23 09:55:08.359,1.6788,1.6792,1.00,3.60
2009.09.23 09:55:09.168,1.6788,1.6792,1.00,6.40
2009.09.23 09:55:09.448,1.6788,1.6792,1.50,5.00
2009.09.23 09:55:09.678,1.6788,1.67925,2.30,5.10
2009.09.23 09:55:09.968,1.67885,1.67925,2.20,4.30
2009.09.23 09:55:10.248,1.6788,1.67925,2.30,5.10
2009.09.23 09:55:11.188,1.67885,1.67925,1.00,5.00
2009.09.23 09:55:11.428,1.67895,1.67925,1.00,2.00
2009.09.23 09:55:11.718,1.6788,1.67925,2.30,2.00
2009.09.23 09:55:12.907,1.6788,1.67925,2.20,1.00
2009.09.23 09:55:13.957,1.6788,1.6793,2.30,5.70
2009.09.23 09:55:14.877,1.67895,1.6793,1.40,4.20
2009.09.23 09:55:15.047,1.6789,1.67935,4.20,1.00
2009.09.23 09:55:15.217,1.6789,1.67935,1.00,4.30
2009.09.23 09:55:15.377,1.67885,1.67935,3.80,3.50
2009.09.23 09:55:15.547,1.6789,1.67935,1.40,2.00
2009.09.23 09:55:16.237,1.67895,1.6794,3.40,1.00
2009.09.23 09:55:16.926,1.67895,1.67945,3.40,1.40
2009.09.23 09:55:17.036,1.67895,1.6794,3.40,1.60
2009.09.23 09:55:17.156,1.67895,1.67935,2.00,1.40
2009.09.23 09:55:18.426,1.6789,1.67935,3.40,1.40
2009.09.23 09:55:18.546,1.67895,1.6794,1.40,3.10
2009.09.23 09:55:18.666,1.679,1.6794,1.40,1.60
2009.09.23 09:55:18.786,1.679,1.6794,1.40,1.60
2009.09.23 09:55:18.956,1.679,1.67945,1.40,1.40
2009.09.23 09:55:19.516,1.679,1.67945,1.80,3.40
2009.09.23 09:55:19.916,1.67905,1.6795,1.40,3.50
2009.09.23 09:55:20.266,1.679,1.67945,3.40,1.40
2009.09.23 09:55:20.616,1.679,1.67945,1.80,1.40
2009.09.23 09:55:21.425,1.679,1.67945,1.80,3.40
2009.09.23 09:55:21.765,1.6789,1.67935,5.70,1.40
2009.09.23 09:55:21.875,1.6789,1.67935,4.60,3.40
2009.09.23 09:55:21.985,1.6789,1.67935,3.00,3.40
2009.09.23 09:55:22.795,1.6789,1.6793,3.00,1.00
2009.09.23 09:55:23.025,1.6789,1.67935,3.10,3.50
2009.09.23 09:55:23.315,1.679,1.67925,1.40,1.60
2009.09.23 09:55:23.485,1.6789,1.67925,1.00,3.00
2009.09.23 09:55:23.765,1.67885,1.6792,2.00,2.20
2009.09.23 09:55:24.115,1.6789,1.6793,1.40,3.60
2009.09.23 09:55:24.465,1.6789,1.6793,2.20,1.00
2009.09.23 09:55:24.814,1.6789,1.6794,4.20,5.90
2009.09.23 09:55:25.624,1.6789,1.67935,2.00,2.30
2009.09.23 09:55:25.924,1.67885,1.67935,3.80,2.30
2009.09.23 09:55:26.094,1.67885,1.67935,3.80,4.30
2009.09.23 09:55:26.314,1.67885,1.67925,2.00,3.00
2009.09.23 09:55:26.494,1.67885,1.67935,4.60,2.00
2009.09.23 09:55:26.674,1.67885,1.67935,3.40,2.00
2009.09.23 09:55:26.904,1.679,1.67935,2.20,2.00
2009.09.23 09:55:27.074,1.679,1.67935,1.00,1.40
2009.09.23 09:55:27.314,1.679,1.67935,2.20,1.00
2009.09.23 09:55:28.014,1.67895,1.67935,4.20,1.00
2009.09.23 09:55:28.454,1.67895,1.67935,2.80,2.20
2009.09.23 09:55:28.794,1.67895,1.67935,2.00,3.00
2009.09.23 09:55:29.083,1.67895,1.67925,2.00,1.00
2009.09.23 09:55:29.433,1.67885,1.67925,2.00,1.00
2009.09.23 09:55:29.783,1.6788,1.6793,4.60,3.80
2009.09.23 09:55:30.463,1.67885,1.6793,1.00,3.80
2009.09.23 09:55:30.753,1.67885,1.6793,1.00,3.80
2009.09.23 09:55:31.083,1.6788,1.6793,4.30,3.90
2009.09.23 09:55:32.123,1.6788,1.67925,4.20,1.00
2009.09.23 09:55:32.233,1.6788,1.67925,4.60,1.00
2009.09.23 09:55:32.293,1.6788,1.67925,4.60,2.30
2009.09.23 09:55:33.732,1.6788,1.6792,4.60,1.00
2009.09.23 09:55:33.962,1.6788,1.67915,4.60,1.60
2009.09.23 09:55:34.082,1.6788,1.6792,3.40,1.20
2009.09.23 09:55:34.192,1.6788,1.6792,3.40,1.00
2009.09.23 09:55:34.302,1.67885,1.6792,1.40,1.00
2009.09.23 09:55:34.582,1.67885,1.67925,1.40,1.00
2009.09.23 09:55:34.822,1.67885,1.6793,1.40,2.30
2009.09.23 09:55:38.281,1.67885,1.6793,1.40,1.50
2009.09.23 09:55:38.571,1.67885,1.6793,3.40,1.90
2009.09.23 09:55:38.851,1.67885,1.67925,2.00,1.40
2009.09.23 09:55:39.141,1.67885,1.6793,3.40,2.20
2009.09.23 09:55:39.481,1.67885,1.67925,2.00,3.00
2009.09.23 09:55:39.831,1.67885,1.6793,3.40,2.20
2009.09.23 09:55:40.691,1.67885,1.6793,3.40,2.30
2009.09.23 09:55:41.490,1.67885,1.6793,3.40,2.20
2009.09.23 09:55:41.651,1.67885,1.6793,3.40,1.00
2009.09.23 09:55:41.890,1.67885,1.6793,3.80,1.00
2009.09.23 09:55:42.400,1.67885,1.6794,3.80,2.00
2009.09.23 09:55:42.570,1.6789,1.6794,1.00,2.00
2009.09.23 09:55:43.020,1.67895,1.6794,1.00,2.00
2009.09.23 09:55:44.670,1.6789,1.67935,1.00,1.80
2009.09.23 09:55:45.420,1.6789,1.67935,1.00,3.80
2009.09.23 09:55:45.539,1.6789,1.67935,1.00,1.80
2009.09.23 09:55:46.119,1.6789,1.6794,1.80,5.60
2009.09.23 09:55:46.469,1.6789,1.6794,1.80,2.00
2009.09.23 09:55:46.819,1.679,1.6794,1.80,2.00
2009.09.23 09:55:47.169,1.67895,1.6794,1.00,2.00
2009.09.23 09:55:47.629,1.67895,1.67945,2.40,2.00
2009.09.23 09:55:47.799,1.67895,1.67945,1.00,2.00
2009.09.23 09:55:48.139,1.67895,1.67945,2.40,2.00
2009.09.23 09:55:48.419,1.67905,1.67945,1.40,2.00
2009.09.23 09:55:48.599,1.679,1.67945,1.40,5.40
2009.09.23 09:55:48.769,1.679,1.6794,1.40,2.00
2009.09.23 09:55:48.939,1.67905,1.6794,1.40,2.00
2009.09.23 09:55:49.298,1.67905,1.67945,1.40,2.00
2009.09.23 09:55:49.988,1.67905,1.6795,1.80,2.00
2009.09.23 09:55:50.338,1.67905,1.67955,1.80,3.50
2009.09.23 09:55:51.008,1.67905,1.67955,1.80,3.40
2009.09.23 09:55:51.698,1.6791,1.67955,1.40,2.00
2009.09.23 09:55:51.928,1.6791,1.67955,2.20,2.00
2009.09.23 09:55:52.108,1.6791,1.67955,1.00,2.20
2009.09.23 09:55:53.368,1.6791,1.6795,1.00,1.00
2009.09.23 09:55:54.327,1.6791,1.6795,1.00,2.30
2009.09.23 09:55:54.617,1.67905,1.6795,1.00,3.00
2009.09.23 09:55:54.917,1.6791,1.6795,1.00,2.40
2009.09.23 09:55:55.857,1.679,1.67945,4.40,2.20
2009.09.23 09:55:56.217,1.679,1.67945,1.80,1.00
2009.09.23 09:55:56.567,1.679,1.67945,1.80,2.00
2009.09.23 09:55:57.077,1.679,1.6794,1.80,1.00
2009.09.23 09:55:57.427,1.67895,1.6793,1.00,1.60
2009.09.23 09:55:57.597,1.6789,1.6793,5.90,1.60
2009.09.23 09:55:57.777,1.67895,1.6793,1.40,1.60
2009.09.23 09:55:57.947,1.679,1.67935,1.00,2.00
2009.09.23 09:55:58.467,1.679,1.6794,1.00,4.80
2009.09.23 09:55:58.637,1.679,1.6794,1.00,2.80
2009.09.23 09:55:58.926,1.679,1.6794,1.00,1.00
2009.09.23 09:55:59.776,1.679,1.6794,1.00,1.00
2009.09.23 09:56:00.706,1.67905,1.6794,2.00,1.00
2009.09.23 09:56:00.936,1.6791,1.67945,1.50,1.60
2009.09.23 09:56:01.156,1.6791,1.67945,2.00,3.00
2009.09.23 09:56:01.336,1.67905,1.67945,2.00,2.20
2009.09.23 09:56:01.515,1.6791,1.67955,1.00,3.10
2009.09.23 09:56:01.726,1.6791,1.6795,2.00,1.40
2009.09.23 09:56:02.016,1.679,1.6795,2.20,4.20
2009.09.23 09:56:02.316,1.67895,1.6794,1.80,3.00
2009.09.23 09:56:02.595,1.679,1.6794,2.20,3.60
2009.09.23 09:56:02.885,1.679,1.67945,2.20,2.80
2009.09.23 09:56:03.415,1.679,1.6794,2.20,2.00
2009.09.23 09:56:03.695,1.679,1.67945,2.20,2.80
2009.09.23 09:56:05.005,1.679,1.67945,3.00,2.80
2009.09.23 09:56:06.455,1.67915,1.6796,1.00,1.00
2009.09.23 09:56:06.854,1.67915,1.6796,3.00,1.00
2009.09.23 09:56:07.024,1.67915,1.6796,3.00,1.00
2009.09.23 09:56:08.074,1.67915,1.6796,5.00,1.00
2009.09.23 09:56:08.184,1.67915,1.6796,3.00,1.00
2009.09.23 09:56:10.554,1.67915,1.6796,5.00,1.00
2009.09.23 09:56:11.353,1.6792,1.6796,2.00,1.00
2009.09.23 09:56:14.812,1.67925,1.6797,2.40,2.20
2009.09.23 09:56:15.092,1.6793,1.67975,1.00,2.30
2009.09.23 09:56:15.422,1.67945,1.67975,2.00,1.40
2009.09.23 09:56:15.712,1.67945,1.6797,2.00,1.60
2009.09.23 09:56:16.322,1.67945,1.67985,4.40,2.20
2009.09.23 09:56:16.682,1.6794,1.67985,3.00,1.40
2009.09.23 09:56:16.802,1.6794,1.6798,3.00,1.00
2009.09.23 09:56:16.982,1.6794,1.67965,1.60,1.40
2009.09.23 09:56:17.042,1.6794,1.67965,1.00,3.00
2009.09.23 09:56:17.162,1.6793,1.67965,3.60,3.00
2009.09.23 09:56:17.402,1.6793,1.6796,2.00,1.60
2009.09.23 09:56:17.462,1.6793,1.67965,1.60,1.40
2009.09.23 09:56:17.582,1.67935,1.6798,2.20,6.50
2009.09.23 09:56:17.702,1.6794,1.6798,1.00,6.00
2009.09.23 09:56:17.752,1.67945,1.6797,1.60,1.00
2009.09.23 09:56:18.102,1.67935,1.6798,5.10,3.00
2009.09.23 09:56:18.452,1.67935,1.6798,3.10,3.00
2009.09.23 09:56:18.812,1.67935,1.6798,4.70,3.00
2009.09.23 09:56:19.151,1.67935,1.6798,4.70,5.00
2009.09.23 09:56:19.452,1.67945,1.6798,1.60,2.00
2009.09.23 09:56:20.091,1.67945,1.67985,1.60,4.30
2009.09.23 09:56:20.376,1.6794,1.67985,4.70,4.30
2009.09.23 09:56:20.651,1.67945,1.67985,1.90,4.40
2009.09.23 09:56:21.241,1.6794,1.67985,4.70,5.90
2009.09.23 09:56:21.591,1.6794,1.6798,3.10,3.60
2009.09.23 09:56:21.941,1.67945,1.6798,1.40,1.60
2009.09.23 09:56:22.101,1.67945,1.67985,3.00,2.80
2009.09.23 09:56:22.281,1.67945,1.67985,5.00,1.00
2009.09.23 09:56:22.391,1.6795,1.6799,3.00,1.60
2009.09.23 09:56:22.681,1.67955,1.6799,1.40,1.60
2009.09.23 09:56:22.801,1.6796,1.67995,1.00,1.00
2009.09.23 09:56:23.090,1.6796,1.67995,1.00,2.80
2009.09.23 09:56:23.721,1.6796,1.67995,1.00,4.20
2009.09.23 09:56:23.890,1.67955,1.6799,1.00,1.60
2009.09.23 09:56:24.240,1.67955,1.6799,2.30,1.60
2009.09.23 09:56:24.420,1.6796,1.67995,1.00,3.40
2009.09.23 09:56:24.600,1.67955,1.6798,1.00,1.60
2009.09.23 09:56:24.760,1.67955,1.6798,2.20,1.60
2009.09.23 09:56:24.930,1.67955,1.6799,1.40,2.00
2009.09.23 09:56:25.110,1.67955,1.67995,1.40,2.80
2009.09.23 09:56:25.280,1.67955,1.67995,1.40,2.00
2009.09.23 09:56:26.010,1.67955,1.6799,1.50,2.00
2009.09.23 09:56:26.340,1.67945,1.6798,2.40,2.00
2009.09.23 09:56:26.460,1.67945,1.6798,1.00,2.00
2009.09.23 09:56:26.580,1.67945,1.67985,2.40,3.40
2009.09.23 09:56:26.809,1.67945,1.6798,1.00,3.00
2009.09.23 09:56:27.720,1.67945,1.6798,1.00,3.10
2009.09.23 09:56:28.070,1.6793,1.6796,2.20,1.60
2009.09.23 09:56:28.419,1.6793,1.6797,1.90,1.60
2009.09.23 09:56:28.599,1.67935,1.67975,1.90,2.00
2009.09.23 09:56:28.819,1.67935,1.67975,1.00,3.40
2009.09.23 09:56:29.049,1.6793,1.67975,2.00,4.20
2009.09.23 09:56:29.229,1.6793,1.67975,1.00,2.20
2009.09.23 09:56:29.949,1.6793,1.67975,1.90,1.00
2009.09.23 09:56:30.239,1.67935,1.6798,2.80,5.30
2009.09.23 09:56:30.519,1.67935,1.6798,2.80,3.90
2009.09.23 09:56:31.168,1.67935,1.67975,2.80,4.40
2009.09.23 09:56:31.458,1.6793,1.6797,1.00,1.40
2009.09.23 09:56:31.858,1.6793,1.6797,1.00,5.20
2009.09.23 09:56:32.268,1.6793,1.6797,1.00,7.20
2009.09.23 09:56:33.069,1.67925,1.6797,3.90,5.00
2009.09.23 09:56:33.128,1.67925,1.6797,3.90,3.00
2009.09.23 09:56:34.808,1.6793,1.6797,1.00,3.00
2009.09.23 09:56:35.408,1.67935,1.6797,1.00,1.60
2009.09.23 09:56:35.707,1.6793,1.67965,1.00,1.60
2009.09.23 09:56:36.857,1.6793,1.6796,1.00,1.60
2009.09.23 09:56:37.207,1.6793,1.6797,1.90,3.60
2009.09.23 09:56:37.557,1.6793,1.6797,1.90,1.60
2009.09.23 09:56:37.727,1.6793,1.6797,1.80,1.60
2009.09.23 09:56:37.837,1.6792,1.67965,8.30,1.00
2009.09.23 09:56:37.947,1.6792,1.67965,5.20,2.20
2009.09.23 09:56:38.177,1.6793,1.67965,1.40,1.00
2009.09.23 09:56:38.407,1.67935,1.67975,1.40,3.40
2009.09.23 09:56:38.697,1.67935,1.67975,1.40,1.40
2009.09.23 09:56:39.167,1.67925,1.67965,4.30,3.00
2009.09.23 09:56:39.506,1.67925,1.6797,2.30,5.40
2009.09.23 09:56:40.696,1.6793,1.6797,1.40,2.00
2009.09.23 09:56:40.996,1.6793,1.6798,2.00,2.20
2009.09.23 09:56:41.286,1.6793,1.6798,3.40,2.20
2009.09.23 09:56:41.516,1.6793,1.6798,1.80,4.20
2009.09.23 09:56:41.756,1.6793,1.6798,1.90,4.20
2009.09.23 09:56:42.456,1.6793,1.6798,3.90,2.20
2009.09.23 09:56:42.746,1.67935,1.6798,1.00,2.20
2009.09.23 09:56:42.926,1.6794,1.6798,1.90,1.00
2009.09.23 09:56:43.206,1.6793,1.6796,2.00,1.60
2009.09.23 09:56:43.326,1.67925,1.6797,3.00,2.00
2009.09.23 09:56:43.436,1.67925,1.6797,1.40,2.00
2009.09.23 09:56:43.546,1.6793,1.6797,1.40,2.00
2009.09.23 09:56:43.726,1.67935,1.67975,2.00,2.00
2009.09.23 09:56:43.836,1.67935,1.6798,2.20,2.00
2009.09.23 09:56:44.415,1.67935,1.6798,2.20,1.00
2009.09.23 09:56:44.765,1.6795,1.67985,1.40,2.00
2009.09.23 09:56:45.165,1.67935,1.67985,2.20,2.00
2009.09.23 09:56:45.395,1.6793,1.67985,1.00,2.00
2009.09.23 09:56:45.665,1.67935,1.67985,1.00,2.00
2009.09.23 09:56:45.955,1.6794,1.6798,1.40,2.00
2009.09.23 09:56:46.235,1.6794,1.67985,2.20,2.00
2009.09.23 09:56:46.565,1.67935,1.6798,3.40,1.00
2009.09.23 09:56:47.425,1.67935,1.6798,1.40,2.00
2009.09.23 09:56:49.624,1.6793,1.6797,1.00,1.60
2009.09.23 09:56:49.854,1.67925,1.6797,1.90,4.40
2009.09.23 09:56:50.014,1.67925,1.67965,1.90,1.00
2009.09.23 09:56:51.014,1.67925,1.67965,1.80,1.00
2009.09.23 09:56:51.884,1.67925,1.67965,1.90,1.00
2009.09.23 09:56:52.054,1.67925,1.67965,1.00,1.00
2009.09.23 09:56:52.283,1.67925,1.67965,1.00,2.80
2009.09.23 09:56:52.464,1.67915,1.6796,2.30,2.80
2009.09.23 09:56:52.643,1.67915,1.6796,1.00,2.80
2009.09.23 09:56:53.363,1.6792,1.67955,1.40,2.80
2009.09.23 09:56:53.653,1.67915,1.6796,3.40,5.80
2009.09.23 09:56:53.883,1.67925,1.67965,1.40,2.00
2009.09.23 09:56:54.173,1.6793,1.6797,1.40,2.80
2009.09.23 09:56:54.463,1.6793,1.6797,1.40,2.00
2009.09.23 09:56:54.763,1.67935,1.67975,2.20,2.00
2009.09.23 09:56:55.043,1.6793,1.67975,1.80,3.10
2009.09.23 09:56:55.273,1.6793,1.67975,1.80,5.10
2009.09.23 09:56:56.213,1.6793,1.67975,1.90,5.10
2009.09.23 09:56:56.443,1.67925,1.6797,2.20,3.50
2009.09.23 09:56:58.292,1.67925,1.67965,2.20,4.40
2009.09.23 09:56:58.402,1.67925,1.67965,2.20,4.40
2009.09.23 09:56:58.752,1.67905,1.6795,9.00,3.40
2009.09.23 09:56:59.092,1.6791,1.67955,2.20,4.20
2009.09.23 09:56:59.442,1.67905,1.6795,4.30,3.80
2009.09.23 09:56:59.722,1.6791,1.67945,2.20,2.00
2009.09.23 09:57:00.251,1.6791,1.6795,2.20,2.00
2009.09.23 09:57:00.871,1.6791,1.6795,2.20,2.00
2009.09.23 09:57:01.221,1.6792,1.6795,1.40,2.00
2009.09.23 09:57:01.561,1.67925,1.67965,1.40,2.00
2009.09.23 09:57:01.911,1.6793,1.67965,1.40,2.00
2009.09.23 09:57:02.091,1.67925,1.67965,1.40,2.00
2009.09.23 09:57:02.211,1.67925,1.6797,1.40,3.50
2009.09.23 09:57:02.441,1.6793,1.6797,1.40,2.00
2009.09.23 09:57:03.881,1.6793,1.67965,1.40,2.00
2009.09.23 09:57:04.001,1.6792,1.6796,2.20,2.00
2009.09.23 09:57:04.120,1.6792,1.6796,1.40,2.80
2009.09.23 09:57:04.281,1.67915,1.6796,2.20,4.20
2009.09.23 09:57:04.520,1.67915,1.6796,2.20,4.30
2009.09.23 09:57:04.680,1.6792,1.67955,1.40,2.00
2009.09.23 09:57:05.020,1.67915,1.67955,2.20,2.00
2009.09.23 09:57:05.380,1.6792,1.67945,1.00,1.60
2009.09.23 09:57:06.060,1.6792,1.67955,2.00,2.00
2009.09.23 09:57:06.350,1.67915,1.6796,2.20,5.10
2009.09.23 09:57:06.870,1.67915,1.67955,2.20,1.00
2009.09.23 09:57:07.680,1.6792,1.67955,1.60,1.00
2009.09.23 09:57:07.790,1.6792,1.6796,1.60,3.90
2009.09.23 09:57:07.900,1.67915,1.6795,1.00,1.60
2009.09.23 09:57:08.000,1.67905,1.67945,4.40,2.20
2009.09.23 09:57:08.110,1.67905,1.67945,2.00,2.20
2009.09.23 09:57:08.160,1.67905,1.6794,2.00,2.20
2009.09.23 09:57:08.279,1.679,1.6794,3.60,2.20
2009.09.23 09:57:08.389,1.679,1.6794,1.60,4.20
2009.09.23 09:57:08.739,1.679,1.6794,3.80,2.00
2009.09.23 09:57:09.069,1.679,1.67945,3.80,2.00
2009.09.23 09:57:09.459,1.67905,1.6795,2.20,4.40
2009.09.23 09:57:09.629,1.67905,1.6794,1.00,1.00
2009.09.23 09:57:09.859,1.67895,1.6794,2.20,4.40
2009.09.23 09:57:14.418,1.67915,1.67955,1.40,2.00
2009.09.23 09:57:14.768,1.67915,1.67955,1.40,1.00
2009.09.23 09:57:15.118,1.6791,1.6795,2.00,1.60
2009.09.23 09:57:15.808,1.679,1.67945,2.20,2.00
2009.09.23 09:57:16.718,1.679,1.6794,1.00,1.00
2009.09.23 09:57:16.947,1.67895,1.6794,2.60,2.80
2009.09.23 09:57:17.568,1.67895,1.6794,2.70,2.80
2009.09.23 09:57:17.797,1.679,1.6794,2.20,2.00
2009.09.23 09:57:17.977,1.679,1.67945,2.20,2.00
2009.09.23 09:57:18.547,1.679,1.6794,2.20,1.00
2009.09.23 09:57:18.707,1.67895,1.6794,2.20,3.50
2009.09.23 09:57:18.877,1.67895,1.67935,2.20,1.60
2009.09.23 09:57:19.047,1.67885,1.6793,5.90,1.80
2009.09.23 09:57:19.217,1.6789,1.6793,1.40,1.00
2009.09.23 09:57:19.577,1.6789,1.6793,1.40,2.80
2009.09.23 09:57:19.917,1.67895,1.6794,1.40,3.40
2009.09.23 09:57:20.317,1.67895,1.6794,1.80,2.00
2009.09.23 09:57:20.617,1.67895,1.6795,3.80,4.30
2009.09.23 09:57:20.966,1.67895,1.6795,3.80,3.50
2009.09.23 09:57:21.786,1.67895,1.6795,3.90,3.50
2009.09.23 09:57:22.026,1.67895,1.6795,3.80,3.50
2009.09.23 09:57:22.256,1.67895,1.6794,3.80,1.40
2009.09.23 09:57:22.486,1.67895,1.6793,1.00,1.80
2009.09.23 09:57:23.286,1.67895,1.67935,1.00,3.80
2009.09.23 09:57:24.296,1.67895,1.67935,1.00,5.40
2009.09.23 09:57:24.886,1.67895,1.67935,1.00,5.50
2009.09.23 09:57:25.436,1.67895,1.67935,1.00,5.00
2009.09.23 09:57:25.605,1.67895,1.67935,2.20,1.60
2009.09.23 09:57:25.775,1.67895,1.67935,2.20,1.00
2009.09.23 09:57:27.715,1.67895,1.6793,2.20,1.60
2009.09.23 09:57:27.835,1.6789,1.6793,5.90,1.60
2009.09.23 09:57:28.015,1.67895,1.6793,2.20,1.60
2009.09.23 09:57:28.185,1.67895,1.67935,2.20,2.00
2009.09.23 09:57:28.355,1.67895,1.67935,2.20,1.00
2009.09.23 09:57:28.774,1.67895,1.67915,2.20,2.00
2009.09.23 09:57:28.935,1.67895,1.67915,2.30,2.00
2009.09.23 09:57:29.505,1.6791,1.67915,1.40,2.00
2009.09.23 09:57:29.804,1.6791,1.67915,2.20,2.00
2009.09.23 09:57:30.034,1.6791,1.6793,2.20,2.00
2009.09.23 09:57:30.734,1.6791,1.67925,2.20,2.00
2009.09.23 09:57:32.634,1.6791,1.67925,1.90,2.00
2009.09.23 09:57:32.984,1.6791,1.6793,1.90,2.00
2009.09.23 09:57:33.503,1.6791,1.6793,1.80,2.00
2009.09.23 09:57:33.613,1.679,1.67925,1.60,2.00
2009.09.23 09:57:33.853,1.679,1.67925,1.00,2.00
2009.09.23 09:57:34.023,1.679,1.6792,1.00,2.00
2009.09.23 09:57:34.133,1.67905,1.6792,1.80,2.00
2009.09.23 09:57:34.253,1.6791,1.6792,1.40,2.00
2009.09.23 09:57:34.763,1.6791,1.67935,1.40,2.00
2009.09.23 09:57:35.063,1.6791,1.67935,1.80,2.00
2009.09.23 09:57:35.403,1.6791,1.6794,1.80,2.00
2009.09.23 09:57:38.312,1.6791,1.67955,1.40,5.90
2009.09.23 09:57:38.672,1.6791,1.6795,1.40,2.00
2009.09.23 09:57:39.382,1.6791,1.67955,1.40,3.40
2009.09.23 09:57:39.942,1.6791,1.67955,1.40,3.50
2009.09.23 09:57:40.662,1.6791,1.67955,1.40,4.30
2009.09.23 09:57:42.361,1.6791,1.67955,1.40,1.50
2009.09.23 09:57:42.471,1.67905,1.6795,2.00,1.40
2009.09.23 09:57:42.582,1.67905,1.67945,2.00,2.00
2009.09.23 09:57:42.691,1.67905,1.6794,2.00,1.40
2009.09.23 09:57:43.091,1.679,1.67945,1.40,2.00
2009.09.23 09:57:43.611,1.679,1.6794,1.40,1.00
2009.09.23 09:57:43.901,1.679,1.67945,1.40,1.00
2009.09.23 09:57:45.651,1.679,1.6795,1.50,3.40
2009.09.23 09:57:45.821,1.67905,1.6795,1.40,3.50
2009.09.23 09:57:45.990,1.67905,1.6795,1.40,3.10
2009.09.23 09:57:46.290,1.67905,1.6795,1.40,7.10
2009.09.23 09:57:46.410,1.67905,1.67945,1.40,2.00
2009.09.23 09:57:46.980,1.67905,1.67945,1.40,2.00
2009.09.23 09:57:47.280,1.67905,1.6794,1.40,1.00
2009.09.23 09:57:47.630,1.67895,1.6794,5.00,1.00
2009.09.23 09:57:47.740,1.67895,1.6794,3.00,2.00
2009.09.23 09:57:47.910,1.67895,1.6794,1.40,2.00
2009.09.23 09:57:48.150,1.6789,1.67935,4.70,3.10
2009.09.23 09:57:48.320,1.6789,1.67935,1.90,3.10
2009.09.23 09:57:48.480,1.67895,1.67935,1.50,1.60
2009.09.23 09:57:48.830,1.67895,1.6794,1.50,2.00
2009.09.23 09:57:50.210,1.6789,1.67935,1.90,1.50
2009.09.23 09:57:50.509,1.6789,1.67935,1.90,5.10
2009.09.23 09:57:50.799,1.6789,1.67935,1.90,3.10
2009.09.23 09:57:56.598,1.67895,1.6794,1.50,2.80
2009.09.23 09:57:56.758,1.67895,1.67935,1.40,1.00
2009.09.23 09:57:56.878,1.67895,1.6794,1.50,2.00
2009.09.23 09:57:57.228,1.6789,1.67935,1.90,3.10
2009.09.23 09:57:57.508,1.67895,1.67935,1.50,1.60
2009.09.23 09:57:57.727,1.67895,1.67935,1.50,2.00
2009.09.23 09:57:57.958,1.67895,1.67935,1.80,2.00
2009.09.23 09:57:58.408,1.67895,1.6794,1.80,2.00
2009.09.23 09:57:58.647,1.679,1.6794,1.80,2.00
2009.09.23 09:57:59.567,1.679,1.6794,1.80,2.00
2009.09.23 09:58:00.417,1.679,1.6794,1.90,2.00
2009.09.23 09:58:01.327,1.679,1.67945,1.90,2.00
2009.09.23 09:58:02.537,1.679,1.6794,1.80,1.40
2009.09.23 09:58:02.817,1.679,1.6794,1.40,1.40
2009.09.23 09:58:03.117,1.67905,1.67935,1.40,2.00
2009.09.23 09:58:03.356,1.67905,1.67945,1.40,2.00
2009.09.23 09:58:04.586,1.67905,1.67945,1.80,1.00
2009.09.23 09:58:04.866,1.67905,1.6795,1.80,4.30
2009.09.23 09:58:05.096,1.67905,1.6795,1.90,4.30
2009.09.23 09:58:05.496,1.67905,1.67945,1.80,1.00
2009.09.23 09:58:05.836,1.67905,1.67945,1.80,3.60
2009.09.23 09:58:06.186,1.67905,1.6794,1.80,2.00
2009.09.23 09:58:06.456,1.67905,1.67945,1.80,2.80
2009.09.23 09:58:06.806,1.67905,1.67945,1.80,1.00
2009.09.23 09:58:07.606,1.67905,1.67935,1.00,1.40
2009.09.23 09:58:07.845,1.67895,1.67915,1.40,1.60
2009.09.23 09:58:08.005,1.67895,1.67925,1.80,1.60
2009.09.23 09:58:08.635,1.67895,1.67925,1.40,1.60
2009.09.23 09:58:08.815,1.6789,1.67925,3.80,1.00
2009.09.23 09:58:09.835,1.6789,1.67925,3.90,1.00
2009.09.23 09:58:10.625,1.679,1.6793,1.40,1.00
2009.09.23 09:58:11.324,1.679,1.67945,1.40,5.10
2009.09.23 09:58:11.984,1.679,1.67945,1.50,5.10
2009.09.23 09:58:12.154,1.679,1.67945,1.50,5.90
2009.09.23 09:58:12.384,1.679,1.6794,1.40,1.60
2009.09.23 09:58:12.554,1.679,1.67935,1.40,1.00
2009.09.23 09:58:12.664,1.6789,1.67935,3.90,1.90
2009.09.23 09:58:12.834,1.6789,1.67935,3.80,1.90
2009.09.23 09:58:13.354,1.6789,1.67935,3.80,3.90
2009.09.23 09:58:14.444,1.6789,1.67935,3.80,4.70
2009.09.23 09:58:14.613,1.6789,1.6793,3.80,1.00
2009.09.23 09:58:14.783,1.6789,1.6793,3.90,1.00
2009.09.23 09:58:15.643,1.67895,1.6793,2.20,1.00
2009.09.23 09:58:16.373,1.6789,1.6793,3.10,1.00
2009.09.23 09:58:16.553,1.6789,1.6793,3.90,1.60
2009.09.23 09:58:17.253,1.67895,1.67925,1.80,1.00
2009.09.23 09:58:17.473,1.6789,1.6793,3.80,1.00
2009.09.23 09:58:17.643,1.6789,1.6793,2.20,2.40
2009.09.23 09:58:17.983,1.6789,1.6793,3.80,1.00
2009.09.23 09:58:18.653,1.6789,1.67925,2.40,1.00
2009.09.23 09:58:18.823,1.67885,1.6793,3.80,4.70
2009.09.23 09:58:18.933,1.67885,1.67925,2.20,1.00
2009.09.23 09:58:19.222,1.67885,1.67925,2.20,2.80
2009.09.23 09:58:20.032,1.67885,1.67925,2.30,2.80
2009.09.23 09:58:20.382,1.6788,1.6792,3.80,2.80
2009.09.23 09:58:20.722,1.67885,1.6792,2.20,1.00
2009.09.23 09:58:21.072,1.67885,1.6792,2.20,1.00
2009.09.23 09:58:21.652,1.67885,1.67925,2.20,1.00
2009.09.23 09:58:22.572,1.67885,1.67925,2.20,1.00
2009.09.23 09:58:23.501,1.67885,1.67925,1.80,1.00
2009.09.23 09:58:23.662,1.67885,1.6792,1.80,1.00
2009.09.23 09:58:23.722,1.6789,1.67925,1.40,1.00
2009.09.23 09:58:23.782,1.6789,1.67925,1.00,1.00
2009.09.23 09:58:23.951,1.6788,1.6792,3.80,1.00
2009.09.23 09:58:24.001,1.6788,1.6792,2.20,1.00
2009.09.23 09:58:24.691,1.6788,1.67925,2.20,5.20
2009.09.23 09:58:25.041,1.67875,1.67915,2.20,1.00
2009.09.23 09:58:25.391,1.67885,1.6792,1.40,2.80
2009.09.23 09:58:25.751,1.67885,1.67915,2.20,1.00
2009.09.23 09:58:26.081,1.67885,1.6792,2.20,1.00
2009.09.23 09:58:26.781,1.67885,1.67925,2.20,1.00
2009.09.23 09:58:28.571,1.67885,1.6792,2.20,1.00
2009.09.23 09:58:28.630,1.67885,1.67925,2.20,1.00
2009.09.23 09:58:28.790,1.67885,1.67925,2.20,2.80
2009.09.23 09:58:29.080,1.67885,1.6792,2.20,1.00
2009.09.23 09:58:29.190,1.67885,1.67925,2.20,2.80
2009.09.23 09:58:30.170,1.67885,1.67925,1.00,4.30
2009.09.23 09:58:30.510,1.67885,1.67925,2.20,4.40
2009.09.23 09:58:30.860,1.67885,1.6792,2.20,1.00
2009.09.23 09:58:31.200,1.67885,1.67915,2.20,1.00
2009.09.23 09:58:34.249,1.67885,1.6792,2.20,1.00
2009.09.23 09:58:35.709,1.67885,1.67925,2.20,2.80
2009.09.23 09:58:35.938,1.67885,1.67925,2.20,2.80
2009.09.23 09:58:36.158,1.6789,1.67925,1.80,2.80
2009.09.23 09:58:37.768,1.6789,1.67925,1.90,2.80
2009.09.23 09:58:37.998,1.6789,1.67925,1.50,4.40
2009.09.23 09:58:38.268,1.6789,1.67925,3.10,2.80
2009.09.23 09:58:38.788,1.6789,1.67925,3.10,1.00
2009.09.23 09:58:39.028,1.6788,1.6791,1.80,1.60
2009.09.23 09:58:39.318,1.6788,1.67925,1.80,4.20
2009.09.23 09:58:39.598,1.6789,1.67925,1.40,2.00
2009.09.23 09:58:39.878,1.67875,1.67925,2.30,2.00
2009.09.23 09:58:40.227,1.67875,1.67925,1.90,2.00
2009.09.23 09:58:40.927,1.6789,1.67925,1.40,2.00
2009.09.23 09:58:41.267,1.6789,1.6793,1.40,2.00
2009.09.23 09:58:43.097,1.6789,1.67925,1.40,1.00
2009.09.23 09:58:43.207,1.6788,1.67925,3.40,3.50
2009.09.23 09:58:43.327,1.6788,1.67925,1.80,3.50
2009.09.23 09:58:43.437,1.67885,1.67925,1.00,3.40
2009.09.23 09:58:43.547,1.6789,1.67925,1.40,2.00
2009.09.23 09:58:43.766,1.6789,1.6793,1.40,2.80
2009.09.23 09:58:44.106,1.6789,1.6793,1.40,2.00
2009.09.23 09:58:44.446,1.67885,1.67925,1.40,2.00
2009.09.23 09:58:44.726,1.6789,1.67925,1.40,2.00
2009.09.23 09:58:44.956,1.679,1.6793,1.40,2.00
2009.09.23 09:58:45.236,1.679,1.6793,1.40,2.00
2009.09.23 09:58:45.456,1.6789,1.6793,1.40,3.50
2009.09.23 09:58:45.816,1.6789,1.6793,1.40,2.00
2009.09.23 09:58:46.096,1.67885,1.6793,1.80,3.50
2009.09.23 09:58:46.386,1.67885,1.67925,1.40,2.00
2009.09.23 09:58:46.626,1.67885,1.67925,2.20,2.00
2009.09.23 09:58:46.846,1.67895,1.67925,1.40,2.00
2009.09.23 09:58:47.126,1.6789,1.6793,1.40,2.00
2009.09.23 09:58:47.776,1.6789,1.67935,1.80,3.10
2009.09.23 09:58:47.996,1.6789,1.6793,1.40,1.00
2009.09.23 09:58:48.165,1.67885,1.6793,1.20,1.50
2009.09.23 09:58:48.326,1.67885,1.6793,1.00,2.30
2009.09.23 09:58:48.505,1.6788,1.6793,1.90,4.30
2009.09.23 09:58:48.725,1.67875,1.67915,4.80,1.40
2009.09.23 09:58:48.905,1.67875,1.67915,2.00,1.40
2009.09.23 09:58:49.135,1.67875,1.67915,1.00,1.40
2009.09.23 09:58:49.425,1.67875,1.67915,2.40,1.40
2009.09.23 09:58:51.155,1.67875,1.67915,4.40,1.40
2009.09.23 09:58:51.485,1.67885,1.67925,1.00,2.40
2009.09.23 09:58:51.785,1.67885,1.6793,1.00,4.30
2009.09.23 09:58:52.084,1.6788,1.6793,1.80,4.30
2009.09.23 09:58:52.384,1.6788,1.67925,1.90,2.00
2009.09.23 09:58:53.195,1.67885,1.67925,1.00,2.00
2009.09.23 09:58:53.365,1.6788,1.67925,3.50,2.00
2009.09.23 09:58:53.544,1.6788,1.67925,1.90,2.00
2009.09.23 09:58:53.774,1.6788,1.6793,1.90,4.30
2009.09.23 09:58:54.654,1.67885,1.6793,1.00,4.30
2009.09.23 09:58:54.834,1.67885,1.6793,1.00,4.30
2009.09.23 09:58:57.573,1.6788,1.6792,1.60,1.80
2009.09.23 09:58:57.753,1.67875,1.6792,3.10,1.80
2009.09.23 09:58:57.993,1.6788,1.67925,1.00,4.30
2009.09.23 09:58:58.163,1.6788,1.6792,1.00,1.00
2009.09.23 09:58:59.023,1.6788,1.67925,1.00,5.10
2009.09.23 09:58:59.293,1.6788,1.67925,1.00,3.10
2009.09.23 09:58:59.523,1.6788,1.67925,1.00,5.10
2009.09.23 09:58:59.753,1.6788,1.6792,1.00,1.00
2009.09.23 09:59:03.862,1.67875,1.6792,6.70,1.00
2009.09.23 09:59:04.152,1.67875,1.6792,5.10,1.00
2009.09.23 09:59:07.401,1.67875,1.6792,3.10,1.00
2009.09.23 09:59:08.750,1.67875,1.6792,5.10,1.00
2009.09.23 09:59:09.041,1.67885,1.67925,1.00,5.00
2009.09.23 09:59:09.220,1.67885,1.67925,1.90,2.80
2009.09.23 09:59:09.570,1.6789,1.67925,1.50,2.80
2009.09.23 09:59:10.261,1.67895,1.67925,1.00,2.80
2009.09.23 09:59:10.550,1.67895,1.6793,1.40,2.00
2009.09.23 09:59:10.880,1.67895,1.67935,2.20,2.00
2009.09.23 09:59:11.400,1.67885,1.6793,5.00,2.30
2009.09.23 09:59:11.760,1.67885,1.67925,2.20,2.00
2009.09.23 09:59:12.460,1.67895,1.67925,2.20,2.00
2009.09.23 09:59:12.580,1.67895,1.67935,2.20,2.00
2009.09.23 09:59:13.789,1.67895,1.67935,2.20,2.00
2009.09.23 09:59:15.129,1.6789,1.67935,2.30,4.20
2009.09.23 09:59:15.459,1.6789,1.6793,2.30,2.00
2009.09.23 09:59:16.629,1.67895,1.67935,2.20,2.00
2009.09.23 09:59:17.648,1.67895,1.67935,2.30,2.00
2009.09.23 09:59:18.178,1.67895,1.67935,2.20,2.00
2009.09.23 09:59:18.348,1.6789,1.67935,2.30,5.00
2009.09.23 09:59:18.408,1.6789,1.6793,2.30,2.00
2009.09.23 09:59:19.108,1.6789,1.67925,2.30,2.00
2009.09.23 09:59:20.428,1.6789,1.67925,1.00,2.00
2009.09.23 09:59:20.718,1.67885,1.67925,1.00,2.00
2009.09.23 09:59:22.027,1.67885,1.67925,1.00,2.00
2009.09.23 09:59:25.987,1.6789,1.67925,2.20,2.00
2009.09.23 09:59:26.217,1.6789,1.67925,1.00,2.00
2009.09.23 09:59:26.396,1.6789,1.67925,1.90,2.00
2009.09.23 09:59:26.616,1.6789,1.67925,2.70,2.00
2009.09.23 09:59:26.966,1.67895,1.67935,1.50,2.80
2009.09.23 09:59:27.326,1.67895,1.67935,2.30,2.00
2009.09.23 09:59:30.165,1.67895,1.67935,1.00,3.40
2009.09.23 09:59:30.505,1.67895,1.67935,2.20,2.00
2009.09.23 09:59:31.235,1.67895,1.67935,1.40,2.00
2009.09.23 09:59:31.575,1.67895,1.6793,2.20,1.00
2009.09.23 09:59:31.925,1.67895,1.6793,2.60,1.00
2009.09.23 09:59:32.155,1.67895,1.6793,1.00,1.00
2009.09.23 09:59:32.385,1.67895,1.67935,1.00,4.20
2009.09.23 09:59:33.824,1.67895,1.67935,1.00,4.30
2009.09.23 09:59:34.534,1.67895,1.67935,2.20,2.00
2009.09.23 09:59:35.974,1.67895,1.67935,1.00,2.80
2009.09.23 09:59:36.744,1.67895,1.67935,1.00,2.80
2009.09.23 09:59:39.343,1.6789,1.67935,2.30,2.80
2009.09.23 09:59:39.733,1.6789,1.6793,2.30,2.00
2009.09.23 09:59:39.963,1.6789,1.67935,2.30,2.80
2009.09.23 09:59:40.183,1.6789,1.67925,1.00,1.60
2009.09.23 09:59:40.463,1.6789,1.6793,1.00,1.80
2009.09.23 09:59:40.803,1.6789,1.67925,2.70,2.00
2009.09.23 09:59:41.153,1.6789,1.67935,2.70,2.80
2009.09.23 09:59:41.953,1.67895,1.6793,1.40,2.00
2009.09.23 09:59:42.233,1.67895,1.67935,2.20,2.00
2009.09.23 09:59:43.722,1.67895,1.6794,2.20,6.70
2009.09.23 09:59:43.772,1.67895,1.6794,2.30,6.60
2009.09.23 09:59:43.882,1.67895,1.6794,2.20,6.70
2009.09.23 09:59:47.651,1.67895,1.6794,2.30,6.70
2009.09.23 09:59:50.281,1.67895,1.6794,2.20,6.70
2009.09.23 09:59:51.210,1.67895,1.6794,2.30,6.60
2009.09.23 09:59:51.570,1.67905,1.6794,1.40,4.40
2009.09.23 09:59:52.440,1.67905,1.6795,1.40,4.30
2009.09.23 09:59:52.550,1.679,1.67945,2.70,2.00
2009.09.23 09:59:52.660,1.679,1.67945,1.50,2.00
2009.09.23 09:59:52.770,1.679,1.6795,3.50,4.90
2009.09.23 09:59:52.880,1.679,1.67945,1.50,2.00
2009.09.23 09:59:54.750,1.679,1.67945,1.40,2.00
2009.09.23 09:59:54.920,1.679,1.67945,1.40,3.40
2009.09.23 09:59:55.089,1.679,1.6794,1.40,2.00
2009.09.23 09:59:56.131,1.679,1.6794,1.50,2.00
2009.09.23 09:59:56.429,1.67895,1.6794,1.50,5.00
2009.09.23 09:59:56.719,1.67895,1.6794,1.50,7.00
2009.09.23 09:59:56.949,1.67895,1.6794,1.50,5.00
2009.09.23 09:59:58.069,1.67895,1.6794,1.90,5.00
2009.09.23 09:59:58.289,1.67895,1.67935,1.00,1.40
2009.09.23 09:59:59.509,1.6789,1.6792,1.00,2.20
2009.09.23 09:59:59.848,1.67895,1.6792,1.00,2.00
