2009.09.22 16:00:00.617,1.67655,1.6767,2.40,1.40
2009.09.22 16:00:00.917,1.6765,1.6767,2.00,1.40
2009.09.22 16:00:01.157,1.6765,1.6768,1.00,1.40
2009.09.22 16:00:01.897,1.6765,1.6768,2.00,1.40
2009.09.22 16:00:04.376,1.67655,1.6768,2.00,1.40
2009.09.22 16:00:04.606,1.6766,1.6768,2.00,1.40
2009.09.22 16:00:07.276,1.67655,1.6768,2.00,1.40
2009.09.22 16:00:08.045,1.6766,1.6768,2.00,1.40
2009.09.22 16:00:08.275,1.67655,1.6768,2.00,1.40
2009.09.22 16:00:09.295,1.6765,1.6768,4.00,1.40
2009.09.22 16:00:09.525,1.6765,1.6768,1.00,1.40
2009.09.22 16:00:09.755,1.6765,1.67685,1.00,1.40
2009.09.22 16:00:10.335,1.67655,1.67685,2.00,1.40
2009.09.22 16:00:10.685,1.6766,1.6768,2.00,1.40
2009.09.22 16:00:11.035,1.6766,1.67685,2.00,1.40
2009.09.22 16:00:11.555,1.6766,1.6768,2.00,1.40
2009.09.22 16:00:11.795,1.67655,1.6768,2.00,1.40
2009.09.22 16:00:12.365,1.67655,1.67685,2.00,1.40
2009.09.22 16:00:13.994,1.67655,1.6769,3.60,1.40
2009.09.22 16:00:14.284,1.67655,1.6769,3.60,2.20
2009.09.22 16:00:14.444,1.67655,1.6769,1.60,3.40
2009.09.22 16:00:14.794,1.67655,1.67695,1.60,3.40
2009.09.22 16:00:15.314,1.6766,1.67695,1.00,3.40
2009.09.22 16:00:15.663,1.6766,1.6769,1.00,1.40
2009.09.22 16:00:20.162,1.6766,1.6769,1.00,1.40
2009.09.22 16:00:20.792,1.67655,1.67675,2.80,1.40
2009.09.22 16:00:21.143,1.6765,1.67685,1.00,3.40
2009.09.22 16:00:21.422,1.6765,1.6768,1.00,1.00
2009.09.22 16:00:21.712,1.6765,1.67685,2.00,1.40
2009.09.22 16:00:21.992,1.6765,1.67685,2.00,1.40
2009.09.22 16:00:22.672,1.6765,1.67685,1.00,1.40
2009.09.22 16:00:23.242,1.67645,1.6768,2.00,1.40
2009.09.22 16:00:23.572,1.6765,1.67685,2.00,1.00
2009.09.22 16:00:23.861,1.67655,1.6769,2.00,1.40
2009.09.22 16:00:24.072,1.6766,1.6769,2.00,1.40
2009.09.22 16:00:24.242,1.6766,1.67695,2.00,2.20
2009.09.22 16:00:24.412,1.6766,1.67695,2.00,1.40
2009.09.22 16:00:24.581,1.67655,1.67695,2.00,1.40
2009.09.22 16:00:24.752,1.6766,1.67695,2.00,1.40
2009.09.22 16:00:24.922,1.6766,1.677,3.40,1.40
2009.09.22 16:00:25.271,1.6766,1.677,3.40,3.40
2009.09.22 16:00:26.021,1.6766,1.677,3.40,1.40
2009.09.22 16:00:26.261,1.6766,1.67695,2.00,1.40
2009.09.22 16:00:26.541,1.6766,1.67685,2.00,1.40
2009.09.22 16:00:26.781,1.67655,1.67685,4.00,1.40
2009.09.22 16:00:27.051,1.67655,1.67685,1.00,1.40
2009.09.22 16:00:28.100,1.67655,1.67685,2.00,1.40
2009.09.22 16:00:30.310,1.67655,1.6769,2.00,2.20
2009.09.22 16:00:30.610,1.67655,1.67685,2.00,1.40
2009.09.22 16:00:31.360,1.67655,1.6768,2.00,1.40
2009.09.22 16:00:31.710,1.67655,1.6768,2.40,1.40
2009.09.22 16:00:32.060,1.67655,1.67685,2.40,1.00
2009.09.22 16:00:32.400,1.67655,1.6769,1.00,1.40
2009.09.22 16:00:32.749,1.6765,1.6768,1.00,1.40
2009.09.22 16:00:33.729,1.6765,1.67685,1.00,2.40
2009.09.22 16:00:34.009,1.6765,1.6769,1.00,4.60
2009.09.22 16:00:34.749,1.6765,1.67675,1.00,1.00
2009.09.22 16:00:35.079,1.67645,1.67675,2.40,1.80
2009.09.22 16:00:35.369,1.6765,1.67675,2.40,1.80
2009.09.22 16:00:35.649,1.6765,1.67675,2.40,1.40
2009.09.22 16:00:36.049,1.6765,1.6769,2.40,1.40
2009.09.22 16:00:36.399,1.6765,1.6769,1.00,3.80
2009.09.22 16:00:36.749,1.6765,1.6769,2.40,3.80
2009.09.22 16:00:37.089,1.6765,1.6769,2.40,1.40
2009.09.22 16:00:37.419,1.6765,1.6769,2.40,1.40
2009.09.22 16:00:37.769,1.67655,1.6769,1.00,1.40
2009.09.22 16:00:38.448,1.67655,1.67685,2.40,1.40
2009.09.22 16:00:38.788,1.6765,1.67685,2.40,1.40
2009.09.22 16:00:39.638,1.67655,1.67685,2.40,1.40
2009.09.22 16:00:39.878,1.67655,1.6767,2.40,1.40
2009.09.22 16:00:40.568,1.67655,1.67675,2.40,1.40
2009.09.22 16:00:40.808,1.67645,1.67665,2.40,1.40
2009.09.22 16:00:41.397,1.6764,1.6768,2.40,2.20
2009.09.22 16:00:41.907,1.67645,1.6768,2.40,2.20
2009.09.22 16:00:42.257,1.6765,1.6768,2.40,2.20
2009.09.22 16:00:42.607,1.6764,1.6768,2.40,4.60
2009.09.22 16:00:43.447,1.6764,1.6768,1.00,4.60
2009.09.22 16:00:44.117,1.6764,1.67675,1.00,2.40
2009.09.22 16:00:44.447,1.6764,1.6768,1.00,4.60
2009.09.22 16:00:44.567,1.6764,1.67675,1.00,2.40
2009.09.22 16:00:44.747,1.6764,1.6768,1.00,7.00
2009.09.22 16:00:44.916,1.6764,1.6768,1.00,4.60
2009.09.22 16:00:47.066,1.6764,1.6768,2.40,2.20
2009.09.22 16:00:47.226,1.6764,1.6766,2.40,2.20
2009.09.22 16:00:47.576,1.67635,1.6767,2.40,1.00
2009.09.22 16:00:47.976,1.67635,1.6768,2.40,4.60
2009.09.22 16:00:48.316,1.6764,1.6768,2.40,2.20
2009.09.22 16:00:48.996,1.6764,1.6768,2.40,2.20
2009.09.22 16:00:49.286,1.6764,1.6768,4.00,2.20
2009.09.22 16:00:49.446,1.6764,1.6768,5.50,1.40
2009.09.22 16:00:49.675,1.67645,1.6768,2.40,1.40
2009.09.22 16:00:50.245,1.67645,1.6768,4.80,1.40
2009.09.22 16:00:50.365,1.6765,1.67675,2.40,1.40
2009.09.22 16:00:50.725,1.67645,1.67675,2.40,1.80
2009.09.22 16:00:52.805,1.6765,1.67675,2.40,1.80
2009.09.22 16:00:53.475,1.67645,1.67675,2.40,1.80
2009.09.22 16:00:53.814,1.67645,1.67675,2.40,1.00
2009.09.22 16:00:54.105,1.6765,1.67685,2.40,1.40
2009.09.22 16:00:54.454,1.67655,1.67685,2.40,1.40
2009.09.22 16:00:54.634,1.6766,1.67685,2.40,1.40
2009.09.22 16:00:55.044,1.67655,1.67685,4.80,1.40
2009.09.22 16:00:55.374,1.6765,1.67685,4.80,1.40
2009.09.22 16:00:55.484,1.6765,1.67685,2.40,1.40
2009.09.22 16:00:56.774,1.67655,1.67685,2.40,1.40
2009.09.22 16:00:56.944,1.6765,1.67685,2.40,1.40
2009.09.22 16:00:57.124,1.67655,1.67685,2.40,1.40
2009.09.22 16:00:57.304,1.6765,1.67685,4.80,1.40
2009.09.22 16:00:57.533,1.6765,1.67685,2.40,1.40
2009.09.22 16:00:58.973,1.6765,1.67685,4.80,1.40
2009.09.22 16:00:59.143,1.67655,1.67685,2.40,1.40
2009.09.22 16:00:59.563,1.67655,1.6769,2.40,1.40
2009.09.22 16:01:03.172,1.6765,1.6769,2.40,3.80
2009.09.22 16:01:03.502,1.6765,1.6769,2.40,1.40
2009.09.22 16:01:04.262,1.6765,1.6769,2.40,1.40
2009.09.22 16:01:04.382,1.6765,1.6769,3.90,1.40
2009.09.22 16:01:04.502,1.67655,1.6769,1.00,1.40
2009.09.22 16:01:05.882,1.67655,1.6769,1.00,1.40
2009.09.22 16:01:06.232,1.6766,1.6769,1.00,1.40
2009.09.22 16:01:06.581,1.6766,1.67675,1.00,1.40
2009.09.22 16:01:06.931,1.6764,1.6768,4.70,1.80
2009.09.22 16:01:07.391,1.6764,1.6768,1.50,1.40
2009.09.22 16:01:07.791,1.6764,1.6768,3.90,1.40
2009.09.22 16:01:08.701,1.67645,1.6768,1.00,1.40
2009.09.22 16:01:09.451,1.6765,1.6768,2.40,1.40
2009.09.22 16:01:09.740,1.6765,1.67675,2.40,1.40
2009.09.22 16:01:13.829,1.67645,1.67675,3.20,1.40
2009.09.22 16:01:14.169,1.67645,1.67675,1.00,1.40
2009.09.22 16:01:17.939,1.67645,1.67675,1.00,1.40
2009.09.22 16:01:18.269,1.6765,1.67675,1.00,1.40
2009.09.22 16:01:19.608,1.6765,1.67675,3.20,1.00
2009.09.22 16:01:19.718,1.6765,1.67675,4.80,1.00
2009.09.22 16:01:19.828,1.6765,1.6768,4.00,1.40
2009.09.22 16:01:19.948,1.6765,1.6767,4.00,1.40
2009.09.22 16:01:20.008,1.6765,1.6767,1.60,1.40
2009.09.22 16:01:20.128,1.6765,1.6767,2.40,1.40
2009.09.22 16:01:20.238,1.67655,1.6767,2.40,1.40
2009.09.22 16:01:20.408,1.6764,1.6767,2.80,1.40
2009.09.22 16:01:20.628,1.6764,1.6767,2.40,1.40
2009.09.22 16:01:20.958,1.6764,1.6767,1.00,3.80
2009.09.22 16:01:21.308,1.6764,1.6767,1.00,3.80
2009.09.22 16:01:22.178,1.6764,1.6767,1.00,1.40
2009.09.22 16:01:25.267,1.6764,1.6767,1.00,1.40
2009.09.22 16:01:25.327,1.6764,1.6767,2.40,1.40
2009.09.22 16:01:25.837,1.6764,1.6767,4.80,1.40
2009.09.22 16:01:26.117,1.6764,1.6767,2.40,1.40
2009.09.22 16:01:27.296,1.6764,1.6767,2.40,3.80
2009.09.22 16:01:27.996,1.6765,1.67675,1.40,2.40
2009.09.22 16:01:28.516,1.6765,1.67695,4.30,3.80
2009.09.22 16:01:29.036,1.6765,1.6769,4.30,1.40
2009.09.22 16:01:29.666,1.6765,1.67685,2.80,1.40
2009.09.22 16:01:29.966,1.6765,1.6769,5.00,1.40
2009.09.22 16:01:30.836,1.6765,1.67685,3.60,1.40
2009.09.22 16:01:31.235,1.6765,1.67685,1.20,1.40
2009.09.22 16:01:31.875,1.6765,1.6769,3.60,3.80
2009.09.22 16:01:32.155,1.6765,1.67685,3.60,1.40
2009.09.22 16:01:32.655,1.6765,1.67685,1.20,1.40
2009.09.22 16:01:32.985,1.6765,1.67685,3.60,1.40
2009.09.22 16:01:33.315,1.6765,1.67685,3.60,1.40
2009.09.22 16:01:35.754,1.6765,1.67685,1.20,1.40
2009.09.22 16:01:36.604,1.67655,1.67685,1.00,1.40
2009.09.22 16:01:36.834,1.6766,1.6769,1.60,2.40
2009.09.22 16:01:37.004,1.6766,1.67695,1.60,1.40
2009.09.22 16:01:37.334,1.6766,1.67695,4.00,1.40
2009.09.22 16:01:38.024,1.67665,1.67695,2.40,1.40
2009.09.22 16:01:39.473,1.6766,1.67695,8.80,1.40
2009.09.22 16:01:39.583,1.6766,1.67695,6.40,1.40
2009.09.22 16:01:41.303,1.6766,1.67695,6.40,2.20
2009.09.22 16:01:41.473,1.6766,1.6769,6.40,1.40
2009.09.22 16:01:42.523,1.6767,1.677,1.60,1.40
2009.09.22 16:01:42.873,1.67665,1.67695,2.40,1.40
2009.09.22 16:01:43.232,1.6766,1.67695,6.40,1.40
2009.09.22 16:01:44.432,1.6766,1.67695,4.00,1.40
2009.09.22 16:01:44.602,1.6766,1.677,1.60,3.80
2009.09.22 16:01:45.332,1.6766,1.677,4.00,3.80
2009.09.22 16:01:45.842,1.6766,1.67695,4.00,1.40
2009.09.22 16:01:46.072,1.6766,1.677,4.00,3.80
2009.09.22 16:01:46.542,1.6766,1.677,4.40,3.80
2009.09.22 16:01:47.061,1.6766,1.67695,4.40,1.40
2009.09.22 16:01:47.395,1.6766,1.67695,1.60,3.80
2009.09.22 16:01:47.921,1.6766,1.67695,4.00,1.40
2009.09.22 16:01:50.141,1.6766,1.67695,1.60,4.60
2009.09.22 16:01:51.310,1.67655,1.6769,3.20,1.40
2009.09.22 16:01:51.771,1.67655,1.6769,1.00,1.40
2009.09.22 16:01:51.950,1.67655,1.67685,1.00,1.40
2009.09.22 16:01:52.120,1.67655,1.67685,1.00,1.80
2009.09.22 16:01:52.360,1.6765,1.67675,3.20,1.40
2009.09.22 16:01:52.540,1.6765,1.67675,2.40,1.40
2009.09.22 16:01:52.761,1.67645,1.67675,1.00,1.40
2009.09.22 16:01:53.050,1.6764,1.6767,4.80,1.40
2009.09.22 16:01:53.390,1.6764,1.6767,2.40,1.40
2009.09.22 16:01:53.680,1.6763,1.6767,2.40,1.40
2009.09.22 16:01:53.970,1.67635,1.67665,2.40,1.40
2009.09.22 16:01:54.200,1.67625,1.6767,6.30,3.80
2009.09.22 16:01:54.430,1.67625,1.6767,6.70,3.80
2009.09.22 16:01:54.610,1.6763,1.67665,2.40,1.40
2009.09.22 16:01:54.830,1.67625,1.67665,5.20,1.40
2009.09.22 16:01:55.170,1.6763,1.6767,3.20,1.40
2009.09.22 16:01:55.469,1.67635,1.67665,1.60,2.40
2009.09.22 16:01:56.079,1.67635,1.6767,1.60,2.80
2009.09.22 16:01:56.309,1.67635,1.6767,1.00,2.80
2009.09.22 16:01:56.529,1.6764,1.6767,1.00,2.40
2009.09.22 16:01:56.769,1.6764,1.67675,1.00,1.40
2009.09.22 16:01:56.989,1.6764,1.67675,1.00,3.80
2009.09.22 16:01:57.679,1.6764,1.67675,2.40,1.40
2009.09.22 16:01:58.069,1.6764,1.67675,2.40,1.40
2009.09.22 16:01:58.309,1.6765,1.6768,2.40,1.80
2009.09.22 16:01:59.459,1.67645,1.6768,4.80,1.80
2009.09.22 16:01:59.569,1.67645,1.6767,2.40,1.40
2009.09.22 16:01:59.909,1.6764,1.6767,2.40,1.40
2009.09.22 16:02:05.457,1.67635,1.6767,1.00,2.20
2009.09.22 16:02:06.887,1.67635,1.6766,1.00,2.40
2009.09.22 16:02:07.347,1.6763,1.6766,1.00,3.20
2009.09.22 16:02:07.517,1.6763,1.6766,1.00,4.60
2009.09.22 16:02:07.697,1.6763,1.67655,1.00,2.40
2009.09.22 16:02:08.047,1.67635,1.67655,1.00,2.40
2009.09.22 16:02:08.386,1.6763,1.67665,1.00,1.80
2009.09.22 16:02:09.016,1.6763,1.67665,2.40,1.80
2009.09.22 16:02:09.576,1.6763,1.6766,1.00,2.20
2009.09.22 16:02:09.866,1.6763,1.6766,2.40,2.20
2009.09.22 16:02:10.486,1.6763,1.6766,2.40,2.20
2009.09.22 16:02:13.006,1.67625,1.6766,2.40,2.20
2009.09.22 16:02:13.525,1.67625,1.67665,2.40,1.80
2009.09.22 16:02:13.815,1.6764,1.67665,1.00,1.00
2009.09.22 16:02:14.045,1.6764,1.67665,1.00,1.40
2009.09.22 16:02:14.335,1.67635,1.67665,3.20,1.40
2009.09.22 16:02:14.685,1.67635,1.67665,2.40,1.40
2009.09.22 16:02:15.375,1.67635,1.6766,2.40,1.40
2009.09.22 16:02:15.734,1.6763,1.67665,2.40,1.40
2009.09.22 16:02:16.074,1.67635,1.67665,2.40,1.40
2009.09.22 16:02:17.005,1.6763,1.67665,2.40,1.40
2009.09.22 16:02:18.724,1.6763,1.67665,2.40,1.40
2009.09.22 16:02:19.474,1.6763,1.67665,2.40,1.40
2009.09.22 16:02:26.262,1.6763,1.67665,2.40,2.20
2009.09.22 16:02:26.432,1.6763,1.6766,2.40,1.40
2009.09.22 16:02:26.772,1.6763,1.6767,2.40,4.20
2009.09.22 16:02:27.122,1.67635,1.67665,2.40,1.40
2009.09.22 16:02:27.422,1.67635,1.6767,2.40,1.40
2009.09.22 16:02:28.501,1.6763,1.6767,2.40,1.40
2009.09.22 16:02:29.221,1.67635,1.6767,2.40,1.40
2009.09.22 16:02:31.981,1.67625,1.6767,5.10,3.80
2009.09.22 16:02:32.221,1.67635,1.6767,2.40,1.40
2009.09.22 16:02:33.620,1.67625,1.67665,2.80,1.40
2009.09.22 16:02:33.980,1.67625,1.67665,2.40,1.40
2009.09.22 16:02:34.150,1.6763,1.67665,2.40,1.40
2009.09.22 16:02:34.390,1.67625,1.67665,4.80,1.40
2009.09.22 16:02:34.560,1.67625,1.67665,2.40,1.40
2009.09.22 16:02:35.320,1.6763,1.67665,2.40,1.40
2009.09.22 16:02:36.010,1.67625,1.67665,4.80,1.40
2009.09.22 16:02:36.180,1.67625,1.67665,2.40,1.40
2009.09.22 16:02:36.360,1.6763,1.67665,2.40,1.40
2009.09.22 16:02:37.340,1.6763,1.6767,2.40,1.40
2009.09.22 16:02:37.629,1.6764,1.67665,2.40,1.40
2009.09.22 16:02:37.909,1.67635,1.67665,2.40,1.40
2009.09.22 16:02:38.239,1.6764,1.6767,2.40,1.40
2009.09.22 16:02:39.959,1.67635,1.6767,2.40,1.40
2009.09.22 16:02:40.249,1.6764,1.6767,2.40,1.40
2009.09.22 16:02:40.729,1.6764,1.67665,2.40,1.40
2009.09.22 16:02:40.959,1.67635,1.6767,2.40,1.40
2009.09.22 16:02:41.129,1.6764,1.6767,2.40,1.40
2009.09.22 16:02:41.358,1.67635,1.67665,2.40,1.40
2009.09.22 16:02:41.588,1.6763,1.6767,4.80,1.40
2009.09.22 16:02:41.768,1.67635,1.6767,2.40,1.40
2009.09.22 16:02:46.278,1.6764,1.6768,1.40,3.80
2009.09.22 16:02:46.747,1.6764,1.6768,3.80,1.40
2009.09.22 16:02:47.187,1.6764,1.6768,1.50,3.80
2009.09.22 16:02:47.767,1.6764,1.6768,3.90,1.40
2009.09.22 16:02:50.136,1.6764,1.67675,2.40,1.40
2009.09.22 16:02:50.756,1.6764,1.67675,2.40,1.40
2009.09.22 16:02:51.686,1.67645,1.6768,2.40,1.00
2009.09.22 16:02:51.976,1.67645,1.67685,2.40,1.90
2009.09.22 16:02:52.326,1.6764,1.67685,2.40,4.30
2009.09.22 16:02:53.006,1.67645,1.6768,2.40,1.40
2009.09.22 16:02:53.416,1.67645,1.6768,4.80,1.40
2009.09.22 16:02:53.656,1.67645,1.6768,2.40,3.80
2009.09.22 16:02:53.886,1.67635,1.6768,4.20,3.80
2009.09.22 16:02:54.055,1.67635,1.67675,4.30,1.40
2009.09.22 16:02:54.285,1.67635,1.67675,5.20,3.80
2009.09.22 16:02:54.515,1.6764,1.67675,2.40,1.40
2009.09.22 16:02:55.255,1.67635,1.67675,3.90,1.40
2009.09.22 16:02:56.405,1.67635,1.67675,4.70,1.40
2009.09.22 16:02:56.635,1.67645,1.67675,1.00,1.40
2009.09.22 16:02:57.035,1.67645,1.67675,3.20,1.40
2009.09.22 16:02:57.435,1.67645,1.67675,2.40,1.40
2009.09.22 16:02:57.724,1.6764,1.67675,2.40,1.40
2009.09.22 16:03:00.044,1.67635,1.6768,2.40,2.40
2009.09.22 16:03:00.574,1.67635,1.6768,4.20,2.40
2009.09.22 16:03:01.284,1.6764,1.67685,2.40,4.20
2009.09.22 16:03:01.633,1.6764,1.67685,2.40,4.30
2009.09.22 16:03:01.854,1.6764,1.67685,2.40,4.70
2009.09.22 16:03:02.084,1.6764,1.67675,2.40,1.40
2009.09.22 16:03:02.603,1.67635,1.67675,3.80,1.40
2009.09.22 16:03:02.903,1.6764,1.67675,2.40,1.40
2009.09.22 16:03:04.173,1.67635,1.67675,3.90,1.40
2009.09.22 16:03:04.523,1.6764,1.67675,2.40,1.40
2009.09.22 16:03:07.112,1.67645,1.67675,2.40,1.40
2009.09.22 16:03:09.822,1.6764,1.67675,2.40,1.40
2009.09.22 16:03:10.162,1.6764,1.67675,2.40,1.40
2009.09.22 16:03:10.281,1.67645,1.6768,2.40,1.40
2009.09.22 16:03:11.611,1.6764,1.6768,4.70,3.80
2009.09.22 16:03:11.961,1.67645,1.6768,3.50,2.40
2009.09.22 16:03:12.141,1.6764,1.6768,4.30,3.80
2009.09.22 16:03:12.301,1.6764,1.6768,5.10,3.80
2009.09.22 16:03:12.481,1.67645,1.6768,2.40,1.40
2009.09.22 16:03:13.181,1.67645,1.67675,2.40,1.40
2009.09.22 16:03:13.521,1.6764,1.6767,1.00,2.40
2009.09.22 16:03:14.960,1.67645,1.6767,1.00,2.40
2009.09.22 16:03:15.480,1.67645,1.6768,1.00,3.80
2009.09.22 16:03:15.880,1.67645,1.6768,2.40,1.40
2009.09.22 16:03:16.470,1.67645,1.6768,2.40,1.40
2009.09.22 16:03:17.760,1.67635,1.67675,3.60,3.80
2009.09.22 16:03:18.110,1.67635,1.6767,1.00,1.40
2009.09.22 16:03:18.460,1.67635,1.6767,2.40,1.40
2009.09.22 16:03:19.819,1.67645,1.6767,2.40,1.40
2009.09.22 16:03:21.649,1.6763,1.6767,1.90,1.40
2009.09.22 16:03:21.929,1.6763,1.6767,1.50,1.40
2009.09.22 16:03:22.149,1.6763,1.67665,1.50,2.40
2009.09.22 16:03:22.328,1.6763,1.6767,1.50,3.80
2009.09.22 16:03:22.888,1.6763,1.6767,1.50,1.40
2009.09.22 16:03:24.128,1.67625,1.67655,1.50,2.40
2009.09.22 16:03:24.248,1.67625,1.67665,1.50,3.80
2009.09.22 16:03:24.298,1.67625,1.6766,1.50,2.40
2009.09.22 16:03:24.408,1.67625,1.6766,1.90,2.40
2009.09.22 16:03:24.528,1.67625,1.6766,1.50,2.40
2009.09.22 16:03:27.737,1.6762,1.67645,1.50,2.40
2009.09.22 16:03:27.907,1.6762,1.6765,1.00,4.80
2009.09.22 16:03:28.087,1.6762,1.6765,1.00,2.40
2009.09.22 16:03:28.857,1.6762,1.67655,1.00,1.40
2009.09.22 16:03:30.647,1.6762,1.6766,1.50,3.80
2009.09.22 16:03:30.887,1.6762,1.6766,3.90,1.40
2009.09.22 16:03:32.066,1.67625,1.6766,1.00,1.40
2009.09.22 16:03:32.656,1.6762,1.6765,1.00,2.40
2009.09.22 16:03:33.356,1.6762,1.67645,1.00,2.40
2009.09.22 16:03:33.716,1.6762,1.67655,1.00,3.80
2009.09.22 16:03:34.636,1.6762,1.67655,1.50,2.40
2009.09.22 16:03:34.986,1.6762,1.6766,1.50,3.80
2009.09.22 16:03:36.495,1.67625,1.6766,1.00,3.80
2009.09.22 16:03:39.904,1.67625,1.6766,1.00,1.40
2009.09.22 16:03:40.194,1.6762,1.6766,3.90,1.40
2009.09.22 16:03:40.364,1.6762,1.67655,1.00,1.40
2009.09.22 16:03:41.744,1.67625,1.6766,1.60,3.80
2009.09.22 16:03:41.924,1.67625,1.6766,1.60,1.40
2009.09.22 16:03:42.144,1.6763,1.67665,1.40,2.40
2009.09.22 16:03:42.324,1.6763,1.6767,3.80,4.20
2009.09.22 16:03:42.504,1.6763,1.67665,3.20,1.40
2009.09.22 16:03:42.854,1.6763,1.67665,2.40,1.40
2009.09.22 16:03:43.184,1.67625,1.67655,1.40,2.40
2009.09.22 16:03:43.534,1.67625,1.67665,1.40,3.80
2009.09.22 16:03:50.942,1.67625,1.67665,3.80,1.40
2009.09.22 16:03:52.491,1.67625,1.67665,1.40,3.80
2009.09.22 16:03:56.450,1.6762,1.67665,3.90,3.80
2009.09.22 16:04:00.339,1.6762,1.6766,2.40,1.40
2009.09.22 16:04:00.919,1.6762,1.6766,1.00,4.60
2009.09.22 16:04:02.709,1.67615,1.6766,3.20,4.60
2009.09.22 16:04:03.989,1.67615,1.67655,3.20,1.40
2009.09.22 16:04:04.218,1.67615,1.67655,2.40,1.40
2009.09.22 16:04:04.278,1.67615,1.6764,1.00,2.40
2009.09.22 16:04:04.968,1.67615,1.67655,1.00,3.80
2009.09.22 16:04:05.728,1.67625,1.67655,1.60,2.40
2009.09.22 16:04:06.018,1.6762,1.67655,1.60,3.80
2009.09.22 16:04:06.248,1.67625,1.6765,1.60,2.40
2009.09.22 16:04:06.538,1.67615,1.6765,1.00,2.40
2009.09.22 16:04:06.878,1.6761,1.6764,1.00,2.40
2009.09.22 16:04:07.618,1.6761,1.67635,1.00,2.40
2009.09.22 16:04:07.958,1.6761,1.6764,1.00,2.40
2009.09.22 16:04:08.298,1.6761,1.67645,1.00,1.40
2009.09.22 16:04:08.657,1.6761,1.6765,1.00,3.80
2009.09.22 16:04:08.948,1.6761,1.6765,2.40,1.40
2009.09.22 16:04:09.927,1.6761,1.6765,2.40,3.80
2009.09.22 16:04:10.617,1.6761,1.6765,1.00,3.80
2009.09.22 16:04:10.857,1.6761,1.67645,1.00,1.40
2009.09.22 16:04:11.137,1.6761,1.6765,1.00,3.80
2009.09.22 16:04:11.547,1.6761,1.67645,1.00,1.40
2009.09.22 16:04:11.777,1.6761,1.67645,2.40,1.40
2009.09.22 16:04:12.007,1.6761,1.6765,2.40,1.40
2009.09.22 16:04:12.287,1.67615,1.67645,2.40,1.40
2009.09.22 16:04:12.927,1.6761,1.6764,2.40,1.40
2009.09.22 16:04:13.606,1.67615,1.6764,1.00,1.40
2009.09.22 16:04:19.445,1.67615,1.67645,1.00,2.40
2009.09.22 16:04:19.565,1.67615,1.67645,1.00,3.80
2009.09.22 16:04:19.965,1.67615,1.67645,1.00,2.40
2009.09.22 16:04:20.245,1.67615,1.6765,1.00,6.20
2009.09.22 16:04:20.415,1.67615,1.6765,1.00,4.60
2009.09.22 16:04:20.714,1.6762,1.67645,1.00,2.40
2009.09.22 16:04:23.294,1.6762,1.6765,1.00,4.60
2009.09.22 16:04:26.573,1.67615,1.67645,1.00,2.20
2009.09.22 16:04:26.683,1.67605,1.6763,1.90,2.40
2009.09.22 16:04:26.794,1.67605,1.6763,1.00,2.40
2009.09.22 16:04:27.133,1.67605,1.67635,1.00,2.40
2009.09.22 16:04:27.533,1.676,1.6764,2.80,1.40
2009.09.22 16:04:27.873,1.676,1.6764,2.40,1.40
2009.09.22 16:04:28.223,1.676,1.67635,2.40,1.80
2009.09.22 16:04:28.603,1.67605,1.6763,2.40,1.40
2009.09.22 16:04:29.363,1.67595,1.6763,2.40,1.40
2009.09.22 16:04:29.533,1.67595,1.6763,2.40,1.40
2009.09.22 16:04:30.333,1.6759,1.6763,5.20,1.40
2009.09.22 16:04:30.682,1.6759,1.6763,2.80,1.40
2009.09.22 16:04:31.032,1.67595,1.6763,1.00,1.40
2009.09.22 16:04:31.542,1.67595,1.6763,2.40,1.40
2009.09.22 16:04:31.822,1.67595,1.67625,2.40,1.40
2009.09.22 16:04:32.112,1.6759,1.6763,3.90,1.40
2009.09.22 16:04:32.622,1.6759,1.6763,5.50,1.40
2009.09.22 16:04:33.022,1.6758,1.6762,1.80,1.00
2009.09.22 16:04:33.321,1.6758,1.67625,1.80,3.80
2009.09.22 16:04:33.662,1.67585,1.67625,1.40,3.80
2009.09.22 16:04:34.061,1.6759,1.67615,1.40,2.40
2009.09.22 16:04:34.402,1.67585,1.6762,1.00,1.40
2009.09.22 16:04:34.631,1.6759,1.67625,3.00,2.40
2009.09.22 16:04:34.861,1.67585,1.67625,1.80,2.80
2009.09.22 16:04:35.141,1.6759,1.6763,2.40,3.80
2009.09.22 16:04:35.501,1.67585,1.6763,1.80,3.80
2009.09.22 16:04:36.181,1.67585,1.6763,1.80,3.00
2009.09.22 16:04:36.521,1.6759,1.6762,1.00,2.40
2009.09.22 16:04:37.171,1.6759,1.67625,1.00,6.20
2009.09.22 16:04:37.531,1.6759,1.67625,1.00,3.80
2009.09.22 16:04:38.060,1.6759,1.67625,1.00,1.40
2009.09.22 16:04:38.400,1.6759,1.67625,1.00,7.00
2009.09.22 16:04:38.761,1.67585,1.6761,1.00,2.40
2009.09.22 16:04:39.100,1.6758,1.67615,2.00,2.40
2009.09.22 16:04:39.620,1.67585,1.67615,1.50,2.40
2009.09.22 16:04:39.850,1.67585,1.6762,1.00,2.40
2009.09.22 16:04:40.190,1.67585,1.6762,1.00,1.40
2009.09.22 16:04:40.420,1.6758,1.6762,3.00,1.40
2009.09.22 16:04:40.590,1.6758,1.6762,3.40,3.80
2009.09.22 16:04:40.930,1.67585,1.6762,1.00,3.80
2009.09.22 16:04:41.290,1.6759,1.67625,1.40,2.40
2009.09.22 16:04:41.610,1.6759,1.6763,1.40,3.80
2009.09.22 16:04:42.360,1.67595,1.6763,2.40,1.40
2009.09.22 16:04:42.929,1.676,1.6763,2.40,1.40
2009.09.22 16:04:45.339,1.676,1.6764,2.40,2.80
2009.09.22 16:04:45.449,1.676,1.67645,2.40,6.60
2009.09.22 16:04:45.719,1.676,1.67645,2.40,4.20
2009.09.22 16:04:46.689,1.676,1.6763,2.40,1.40
2009.09.22 16:04:47.028,1.676,1.67635,2.40,2.20
2009.09.22 16:04:47.368,1.67595,1.67635,2.40,4.60
2009.09.22 16:04:47.658,1.6759,1.67635,2.40,4.60
2009.09.22 16:04:48.228,1.6759,1.67635,2.40,3.20
2009.09.22 16:04:48.508,1.67595,1.6764,2.40,4.20
2009.09.22 16:04:48.858,1.67595,1.6764,2.40,4.60
2009.09.22 16:04:49.198,1.67595,1.6764,2.40,3.20
2009.09.22 16:04:49.548,1.67595,1.6764,2.40,2.80
2009.09.22 16:04:49.728,1.6759,1.67625,1.90,2.40
2009.09.22 16:04:49.967,1.676,1.6764,2.40,2.80
2009.09.22 16:04:50.188,1.67595,1.6763,2.40,1.40
2009.09.22 16:04:50.928,1.6759,1.6763,3.80,1.80
2009.09.22 16:04:51.277,1.67595,1.6763,2.40,1.80
2009.09.22 16:04:51.977,1.67595,1.67625,2.40,1.40
2009.09.22 16:04:53.187,1.6759,1.67625,2.40,1.40
2009.09.22 16:04:53.987,1.6759,1.67635,2.40,4.30
2009.09.22 16:04:54.166,1.6759,1.67635,2.40,4.20
2009.09.22 16:04:55.916,1.6759,1.67625,2.40,1.40
2009.09.22 16:04:56.316,1.67585,1.67625,2.80,1.40
2009.09.22 16:04:56.606,1.67585,1.67625,2.40,1.40
2009.09.22 16:04:56.946,1.6759,1.67625,2.40,1.40
2009.09.22 16:05:00.265,1.67585,1.67625,2.40,1.40
2009.09.22 16:05:03.314,1.6759,1.67625,2.40,1.40
2009.09.22 16:05:04.174,1.67585,1.67625,2.40,1.40
2009.09.22 16:05:05.924,1.6759,1.67625,2.40,1.40
2009.09.22 16:05:08.663,1.67585,1.67625,2.40,1.40
2009.09.22 16:05:09.473,1.6759,1.67625,2.40,1.40
2009.09.22 16:05:09.713,1.67585,1.6762,2.40,2.40
2009.09.22 16:05:10.233,1.6759,1.67625,2.40,1.40
2009.09.22 16:05:10.353,1.67595,1.67625,2.40,1.40
2009.09.22 16:05:11.532,1.67585,1.67625,2.40,3.80
2009.09.22 16:05:12.102,1.6758,1.6762,4.40,1.40
2009.09.22 16:05:12.962,1.6758,1.6762,4.00,1.40
2009.09.22 16:05:13.642,1.67585,1.6762,2.40,1.40
2009.09.22 16:05:19.950,1.67585,1.6761,2.40,1.40
2009.09.22 16:05:20.120,1.6758,1.6761,4.80,1.40
2009.09.22 16:05:20.240,1.67575,1.6761,2.40,1.40
2009.09.22 16:05:23.860,1.67575,1.67605,2.40,1.40
2009.09.22 16:05:24.089,1.6757,1.67605,2.40,1.40
2009.09.22 16:05:25.279,1.6757,1.676,2.40,1.40
2009.09.22 16:05:31.527,1.67565,1.676,2.40,1.40
2009.09.22 16:05:31.877,1.6757,1.676,2.40,1.40
2009.09.22 16:05:32.088,1.6757,1.67605,2.40,1.40
2009.09.22 16:05:32.777,1.67565,1.67605,2.40,3.80
2009.09.22 16:05:33.637,1.67565,1.67605,4.80,3.80
2009.09.22 16:05:33.907,1.6757,1.67605,2.40,1.40
2009.09.22 16:05:34.367,1.67565,1.67605,2.40,1.40
2009.09.22 16:05:35.187,1.67565,1.67605,4.80,1.40
2009.09.22 16:05:35.297,1.6757,1.67605,2.40,1.40
2009.09.22 16:05:35.407,1.6757,1.67615,2.40,4.20
2009.09.22 16:05:35.567,1.6757,1.67615,4.80,4.20
2009.09.22 16:05:35.627,1.67575,1.67615,2.40,1.80
2009.09.22 16:05:36.036,1.67575,1.6761,2.40,1.00
2009.09.22 16:05:36.137,1.6757,1.6761,4.80,1.00
2009.09.22 16:05:36.536,1.6757,1.67615,2.40,4.20
2009.09.22 16:05:36.886,1.67575,1.6762,2.40,4.40
2009.09.22 16:05:37.176,1.6758,1.6762,2.40,1.00
2009.09.22 16:05:37.516,1.6758,1.6762,2.40,1.00
2009.09.22 16:05:39.406,1.6758,1.67605,2.40,1.40
2009.09.22 16:05:39.586,1.67575,1.67605,2.80,1.80
2009.09.22 16:05:39.766,1.67575,1.67615,2.80,3.80
2009.09.22 16:05:39.936,1.67575,1.67615,2.40,1.80
2009.09.22 16:05:40.345,1.67575,1.67615,2.40,1.40
2009.09.22 16:05:40.515,1.6758,1.67615,2.40,1.40
2009.09.22 16:05:41.615,1.6758,1.6761,2.40,1.40
2009.09.22 16:05:41.845,1.67575,1.6761,2.40,1.40
2009.09.22 16:05:42.385,1.67575,1.67605,2.40,1.40
2009.09.22 16:05:42.625,1.67575,1.67605,2.40,1.80
2009.09.22 16:05:42.975,1.6757,1.67605,2.40,1.80
2009.09.22 16:05:48.404,1.6757,1.67605,2.40,1.00
2009.09.22 16:05:48.813,1.67575,1.6761,2.40,1.40
2009.09.22 16:05:50.203,1.6757,1.6761,2.40,1.40
2009.09.22 16:05:50.783,1.6757,1.6761,4.80,1.40
2009.09.22 16:05:50.953,1.67575,1.6761,2.40,1.40
2009.09.22 16:05:51.953,1.67575,1.67605,2.40,1.00
2009.09.22 16:05:52.182,1.6757,1.67605,2.40,1.80
2009.09.22 16:05:52.423,1.67565,1.67605,3.60,1.80
2009.09.22 16:05:52.782,1.67565,1.67605,3.20,1.80
2009.09.22 16:05:53.812,1.6757,1.6761,3.90,1.40
2009.09.22 16:05:53.982,1.67575,1.6761,2.40,1.40
2009.09.22 16:05:55.362,1.67575,1.6761,2.40,1.40
2009.09.22 16:05:55.992,1.67575,1.676,2.40,1.40
2009.09.22 16:05:56.322,1.67575,1.6761,2.40,1.40
2009.09.22 16:05:57.091,1.6757,1.6761,2.40,1.40
2009.09.22 16:06:03.540,1.67575,1.6761,2.40,1.90
2009.09.22 16:06:03.880,1.67575,1.67605,2.40,1.40
2009.09.22 16:06:04.570,1.67575,1.6761,2.40,1.40
2009.09.22 16:06:05.760,1.6757,1.6761,2.40,1.40
2009.09.22 16:06:05.939,1.6757,1.67605,2.40,1.40
2009.09.22 16:06:06.329,1.6757,1.6761,2.40,1.40
2009.09.22 16:06:06.899,1.6757,1.67605,2.40,1.40
2009.09.22 16:06:07.939,1.6757,1.6761,2.40,1.40
2009.09.22 16:06:08.299,1.67575,1.6761,2.40,1.40
2009.09.22 16:06:10.748,1.67575,1.676,2.40,1.40
2009.09.22 16:06:11.148,1.6757,1.676,2.40,1.40
2009.09.22 16:06:15.667,1.6757,1.67605,2.40,1.40
2009.09.22 16:06:16.007,1.6757,1.676,2.40,1.40
2009.09.22 16:06:17.867,1.6757,1.67605,2.40,1.40
2009.09.22 16:06:19.946,1.6757,1.67605,2.40,1.80
2009.09.22 16:06:19.996,1.6757,1.676,2.40,1.40
2009.09.22 16:06:20.476,1.6757,1.6759,2.40,1.40
2009.09.22 16:06:20.536,1.67565,1.6759,2.40,1.40
2009.09.22 16:06:20.596,1.67555,1.6759,1.00,1.40
2009.09.22 16:06:24.425,1.67555,1.67595,2.20,3.80
2009.09.22 16:06:24.655,1.67555,1.67595,2.20,2.40
2009.09.22 16:06:24.835,1.67555,1.676,2.20,1.40
2009.09.22 16:06:24.995,1.67555,1.676,2.60,1.40
2009.09.22 16:06:26.454,1.6756,1.67605,1.40,3.80
2009.09.22 16:06:27.204,1.6757,1.67605,2.40,1.40
2009.09.22 16:06:28.684,1.6757,1.676,2.40,1.40
2009.09.22 16:06:28.914,1.6757,1.67595,2.40,1.40
2009.09.22 16:06:29.204,1.67565,1.676,2.40,1.40
2009.09.22 16:06:29.434,1.67575,1.676,2.40,1.40
2009.09.22 16:06:30.183,1.67565,1.676,1.00,5.00
2009.09.22 16:06:30.564,1.6755,1.67595,5.40,2.40
2009.09.22 16:06:30.854,1.67555,1.67595,1.00,2.40
2009.09.22 16:06:31.883,1.6755,1.67595,4.00,3.80
2009.09.22 16:06:32.103,1.6755,1.67595,5.10,2.80
2009.09.22 16:06:32.393,1.6755,1.67595,5.90,2.40
2009.09.22 16:06:33.053,1.67555,1.67595,1.00,2.40
2009.09.22 16:06:33.403,1.6756,1.676,2.20,2.40
2009.09.22 16:06:33.752,1.6756,1.67605,4.60,2.80
2009.09.22 16:06:34.103,1.6756,1.67605,2.40,4.20
2009.09.22 16:06:34.393,1.6756,1.67605,2.80,4.20
2009.09.22 16:06:34.622,1.6756,1.67605,2.40,4.20
2009.09.22 16:06:34.842,1.6756,1.67605,3.90,2.80
2009.09.22 16:06:35.142,1.6756,1.67605,4.70,2.40
2009.09.22 16:06:36.302,1.67565,1.6761,2.40,2.80
2009.09.22 16:06:38.732,1.67565,1.6761,2.40,4.20
2009.09.22 16:06:41.551,1.67565,1.67605,2.40,1.00
2009.09.22 16:06:45.870,1.67565,1.6761,2.40,5.80
2009.09.22 16:06:46.279,1.67565,1.6761,2.40,4.20
2009.09.22 16:06:46.689,1.67565,1.6761,3.80,2.80
2009.09.22 16:06:47.569,1.6757,1.6761,2.40,1.00
2009.09.22 16:06:52.308,1.67565,1.676,2.40,1.40
2009.09.22 16:06:53.118,1.67565,1.676,2.40,1.80
2009.09.22 16:06:53.928,1.67565,1.67605,3.80,4.60
2009.09.22 16:06:54.218,1.67565,1.676,1.40,2.40
2009.09.22 16:06:55.037,1.6756,1.676,4.60,1.40
2009.09.22 16:06:55.327,1.6756,1.676,3.80,3.80
2009.09.22 16:06:55.897,1.6756,1.676,3.80,1.40
2009.09.22 16:06:58.677,1.6756,1.67595,2.40,1.40
2009.09.22 16:06:59.026,1.6756,1.676,1.40,3.80
2009.09.22 16:06:59.266,1.6756,1.676,3.80,1.40
2009.09.22 16:07:02.426,1.6756,1.67595,1.40,2.40
2009.09.22 16:07:08.434,1.6756,1.676,3.80,1.40
2009.09.22 16:07:09.244,1.6756,1.67595,3.80,1.60
2009.09.22 16:07:09.464,1.67555,1.6759,1.00,1.40
2009.09.22 16:07:09.994,1.67565,1.67595,1.40,2.40
2009.09.22 16:07:10.114,1.67565,1.67605,1.40,4.20
2009.09.22 16:07:10.394,1.67565,1.67605,4.30,2.40
2009.09.22 16:07:10.954,1.67565,1.67605,3.90,1.40
2009.09.22 16:07:11.304,1.67565,1.67605,1.50,3.80
2009.09.22 16:07:11.654,1.67565,1.67605,3.90,3.80
2009.09.22 16:07:12.953,1.67565,1.67605,1.50,3.80
2009.09.22 16:07:13.303,1.67565,1.67605,3.90,3.80
2009.09.22 16:07:13.653,1.67565,1.67605,4.30,2.40
2009.09.22 16:07:13.823,1.67565,1.67605,3.90,2.40
2009.09.22 16:07:14.043,1.67565,1.67605,3.90,3.80
2009.09.22 16:07:14.273,1.67565,1.67605,1.50,3.80
2009.09.22 16:07:14.663,1.67565,1.67605,3.80,1.40
2009.09.22 16:07:14.883,1.67565,1.67605,3.80,3.80
2009.09.22 16:07:16.462,1.6757,1.67605,1.60,3.80
2009.09.22 16:07:16.623,1.6757,1.67605,3.40,2.40
2009.09.22 16:07:16.792,1.67575,1.67605,1.00,2.40
2009.09.22 16:07:16.962,1.6758,1.6761,1.40,2.40
2009.09.22 16:07:17.182,1.6758,1.67615,1.40,2.80
2009.09.22 16:07:17.352,1.6758,1.67615,1.40,2.40
2009.09.22 16:07:26.530,1.6758,1.6762,1.40,3.80
2009.09.22 16:07:29.149,1.6758,1.6762,3.80,1.40
2009.09.22 16:07:32.059,1.6758,1.6762,3.80,1.80
2009.09.22 16:07:32.179,1.6758,1.6762,1.40,4.20
2009.09.22 16:07:32.418,1.6758,1.6762,1.40,3.80
2009.09.22 16:07:33.638,1.6758,1.67625,4.60,2.80
2009.09.22 16:07:33.818,1.6758,1.67625,7.00,2.80
2009.09.22 16:07:33.988,1.67585,1.67625,2.40,1.00
2009.09.22 16:07:34.338,1.67585,1.6763,2.40,2.80
2009.09.22 16:07:35.188,1.67585,1.6763,2.40,3.20
2009.09.22 16:07:35.418,1.67585,1.6763,2.40,2.80
2009.09.22 16:07:36.667,1.67585,1.6763,2.40,3.20
2009.09.22 16:07:36.947,1.67585,1.6763,2.40,2.80
2009.09.22 16:07:37.067,1.67585,1.6763,2.40,2.80
2009.09.22 16:07:37.477,1.6759,1.6763,2.40,1.00
2009.09.22 16:07:37.597,1.6759,1.67635,2.40,5.80
2009.09.22 16:07:37.707,1.6759,1.67635,2.40,4.20
2009.09.22 16:07:40.136,1.6759,1.67625,2.40,1.00
2009.09.22 16:07:40.366,1.6759,1.67625,2.40,1.80
2009.09.22 16:07:40.826,1.67585,1.67625,2.40,4.20
2009.09.22 16:07:40.886,1.6758,1.67625,2.40,4.20
2009.09.22 16:07:41.167,1.6758,1.67625,2.40,2.80
2009.09.22 16:07:41.836,1.67585,1.67625,2.40,1.80
2009.09.22 16:07:42.066,1.6758,1.6762,2.40,2.40
2009.09.22 16:07:42.346,1.67575,1.67615,2.40,2.40
2009.09.22 16:07:42.506,1.6757,1.6761,2.80,2.40
2009.09.22 16:07:42.736,1.6757,1.6761,2.80,3.80
2009.09.22 16:07:42.906,1.6757,1.6761,2.40,3.80
2009.09.22 16:07:43.146,1.6757,1.6761,3.80,3.80
2009.09.22 16:07:43.326,1.67575,1.6761,2.40,1.40
2009.09.22 16:07:43.676,1.67575,1.67615,2.40,4.20
2009.09.22 16:07:44.016,1.6757,1.67615,6.20,4.20
2009.09.22 16:07:44.376,1.6757,1.6761,3.80,2.40
2009.09.22 16:07:44.736,1.67575,1.6761,1.40,2.40
2009.09.22 16:07:45.016,1.67575,1.6762,3.80,4.20
2009.09.22 16:07:45.375,1.6757,1.67615,3.80,3.80
2009.09.22 16:07:46.685,1.67575,1.6761,2.20,2.40
2009.09.22 16:07:46.805,1.67575,1.67615,2.20,2.40
2009.09.22 16:07:46.865,1.6757,1.67615,3.80,3.80
2009.09.22 16:07:47.035,1.6757,1.67615,4.20,3.80
2009.09.22 16:07:47.215,1.67575,1.67615,2.40,3.80
2009.09.22 16:07:47.805,1.67575,1.67615,3.80,2.40
2009.09.22 16:07:48.155,1.67575,1.6762,3.80,4.20
2009.09.22 16:07:51.304,1.6758,1.6762,1.40,2.80
2009.09.22 16:07:51.474,1.67575,1.6762,3.80,4.20
2009.09.22 16:07:52.034,1.67575,1.6762,3.80,3.80
2009.09.22 16:07:52.154,1.6758,1.6762,1.40,2.40
2009.09.22 16:07:52.394,1.67575,1.6762,3.80,3.80
2009.09.22 16:07:52.784,1.6758,1.6762,1.40,2.80
2009.09.22 16:07:53.253,1.6758,1.6762,1.40,2.40
2009.09.22 16:07:53.593,1.6758,1.67625,3.80,7.00
2009.09.22 16:07:53.943,1.6758,1.67625,3.80,4.60
2009.09.22 16:07:55.083,1.6758,1.6762,1.40,2.40
2009.09.22 16:07:58.362,1.6758,1.6762,1.40,3.80
2009.09.22 16:08:02.941,1.67575,1.6762,4.60,3.80
2009.09.22 16:08:03.171,1.67575,1.6762,3.80,4.20
2009.09.22 16:08:03.351,1.67575,1.6762,4.20,4.20
2009.09.22 16:08:03.581,1.67575,1.6762,3.80,4.20
2009.09.22 16:08:06.510,1.6757,1.6761,2.40,1.40
2009.09.22 16:08:07.350,1.6757,1.67605,2.40,1.40
2009.09.22 16:08:08.050,1.6757,1.6761,2.40,3.80
2009.09.22 16:08:08.390,1.67565,1.6761,3.80,4.20
2009.09.22 16:08:08.730,1.6757,1.6761,2.40,1.40
2009.09.22 16:08:14.238,1.6758,1.6761,1.60,1.40
2009.09.22 16:08:14.418,1.6758,1.67615,5.40,1.00
2009.09.22 16:08:14.588,1.6758,1.67615,2.40,1.80
2009.09.22 16:08:14.708,1.67575,1.67615,3.80,1.40
2009.09.22 16:08:14.888,1.67575,1.67615,1.40,3.80
2009.09.22 16:08:15.178,1.67575,1.6761,2.80,1.40
2009.09.22 16:08:15.808,1.67575,1.6761,2.40,1.40
2009.09.22 16:08:16.838,1.67585,1.67615,2.40,1.60
2009.09.22 16:08:17.638,1.67585,1.6762,2.40,1.80
2009.09.22 16:08:18.508,1.67585,1.6762,2.40,1.00
2009.09.22 16:08:18.747,1.6759,1.67625,2.40,2.80
2009.09.22 16:08:19.037,1.67595,1.6763,2.40,1.00
2009.09.22 16:08:19.687,1.67595,1.67635,2.40,1.80
2009.09.22 16:08:19.967,1.67595,1.67635,2.40,1.50
2009.09.22 16:08:20.427,1.676,1.67635,2.40,1.50
2009.09.22 16:08:20.547,1.67595,1.67635,2.40,1.50
2009.09.22 16:08:21.297,1.67595,1.67625,2.40,1.40
2009.09.22 16:08:21.647,1.6759,1.67625,2.40,1.40
2009.09.22 16:08:21.997,1.67585,1.67625,2.40,1.80
2009.09.22 16:08:22.346,1.67585,1.67615,2.40,1.40
2009.09.22 16:08:22.646,1.6758,1.67615,2.40,1.40
2009.09.22 16:08:23.636,1.67585,1.67625,3.00,2.80
2009.09.22 16:08:23.866,1.6759,1.67625,2.20,2.80
2009.09.22 16:08:24.136,1.6759,1.67635,4.60,4.30
2009.09.22 16:08:33.194,1.67595,1.6764,6.20,4.30
2009.09.22 16:08:33.494,1.676,1.6764,2.40,1.90
2009.09.22 16:08:33.774,1.6761,1.67645,1.60,4.30
2009.09.22 16:08:34.114,1.67605,1.6764,2.40,1.80
2009.09.22 16:08:34.394,1.67605,1.6764,2.40,1.90
2009.09.22 16:08:34.744,1.676,1.67635,4.00,1.80
2009.09.22 16:08:36.633,1.676,1.67635,2.40,1.90
2009.09.22 16:08:36.753,1.67595,1.67635,3.20,1.90
2009.09.22 16:08:36.863,1.67595,1.67635,2.40,1.90
2009.09.22 16:08:37.163,1.67595,1.67635,2.40,1.80
2009.09.22 16:08:37.333,1.67595,1.67635,2.40,1.00
2009.09.22 16:08:37.453,1.67595,1.6763,2.40,1.00
2009.09.22 16:08:37.993,1.67595,1.6763,2.40,1.80
2009.09.22 16:08:38.383,1.67595,1.6763,2.40,1.00
2009.09.22 16:08:42.042,1.67595,1.67635,2.40,1.50
2009.09.22 16:08:42.332,1.67595,1.6763,2.40,1.90
2009.09.22 16:08:42.491,1.67595,1.6763,2.40,1.00
2009.09.22 16:08:43.041,1.6759,1.67625,3.20,1.40
2009.09.22 16:08:43.262,1.67595,1.6763,4.00,1.80
2009.09.22 16:08:44.411,1.67595,1.6763,1.60,1.80
2009.09.22 16:08:44.591,1.6759,1.6763,2.20,2.80
2009.09.22 16:08:44.761,1.6759,1.6763,3.00,2.40
2009.09.22 16:08:44.921,1.6759,1.67635,5.40,4.30
2009.09.22 16:08:45.451,1.6759,1.6763,5.40,1.00
2009.09.22 16:08:51.049,1.6759,1.67635,5.40,4.20
2009.09.22 16:08:51.100,1.676,1.67635,1.40,2.80
2009.09.22 16:08:51.220,1.676,1.67635,3.00,2.40
2009.09.22 16:08:51.400,1.676,1.6764,5.40,3.50
2009.09.22 16:08:51.520,1.676,1.6764,5.40,1.90
2009.09.22 16:08:53.639,1.67605,1.67645,3.00,5.80
2009.09.22 16:08:53.989,1.6761,1.67645,2.40,1.40
2009.09.22 16:08:54.389,1.6761,1.67645,3.20,1.40
2009.09.22 16:08:54.669,1.6761,1.6764,3.20,1.40
2009.09.22 16:08:54.958,1.67605,1.6764,3.20,1.40
2009.09.22 16:08:55.528,1.67605,1.6765,5.40,4.20
2009.09.22 16:08:55.638,1.6761,1.6765,5.40,2.80
2009.09.22 16:08:55.748,1.6761,1.6765,6.20,2.80
2009.09.22 16:08:55.858,1.67615,1.67655,2.40,4.20
2009.09.22 16:08:56.098,1.6761,1.67655,6.20,4.20
2009.09.22 16:08:56.218,1.6761,1.67655,8.60,4.20
2009.09.22 16:08:56.328,1.67615,1.67655,2.40,3.80
2009.09.22 16:08:57.018,1.67615,1.67655,2.40,1.40
2009.09.22 16:08:57.638,1.67615,1.67655,2.40,1.50
2009.09.22 16:08:58.788,1.67615,1.6765,2.40,2.30
2009.09.22 16:08:59.478,1.6761,1.6765,4.80,2.20
2009.09.22 16:09:03.736,1.676,1.6764,1.40,3.80
2009.09.22 16:09:04.426,1.676,1.6764,1.40,1.40
2009.09.22 16:09:07.016,1.676,1.67645,1.40,4.30
2009.09.22 16:09:07.186,1.676,1.67645,2.20,4.30
2009.09.22 16:09:07.366,1.676,1.67645,2.20,3.90
2009.09.22 16:09:07.536,1.67605,1.6764,3.80,2.40
2009.09.22 16:09:07.895,1.6761,1.67645,1.40,2.80
2009.09.22 16:09:08.065,1.67605,1.67645,1.40,2.40
2009.09.22 16:09:08.236,1.67605,1.6764,1.40,2.40
2009.09.22 16:09:08.985,1.676,1.6764,1.80,2.40
2009.09.22 16:09:09.046,1.67605,1.67645,2.40,4.80
2009.09.22 16:09:09.405,1.676,1.67645,4.20,3.80
2009.09.22 16:09:09.685,1.676,1.67635,2.00,1.40
2009.09.22 16:09:09.975,1.676,1.6764,5.40,1.00
2009.09.22 16:09:10.255,1.676,1.6764,3.40,2.80
2009.09.22 16:09:10.415,1.676,1.67645,7.80,4.20
2009.09.22 16:09:10.585,1.67605,1.67645,2.40,1.80
2009.09.22 16:09:13.994,1.67605,1.67635,2.40,1.40
2009.09.22 16:09:14.344,1.67595,1.67635,3.90,1.40
2009.09.22 16:09:16.103,1.676,1.67635,2.40,1.40
2009.09.22 16:09:18.023,1.676,1.6763,2.40,1.40
2009.09.22 16:09:19.253,1.67585,1.67625,6.40,1.40
2009.09.22 16:09:21.132,1.67585,1.67625,6.80,1.40
2009.09.22 16:09:23.442,1.67585,1.67625,4.40,1.40
2009.09.22 16:09:23.842,1.67585,1.67615,2.80,1.80
2009.09.22 16:09:24.192,1.6758,1.6762,2.40,1.80
2009.09.22 16:09:25.071,1.6758,1.6762,2.40,1.40
2009.09.22 16:09:25.231,1.6758,1.6762,2.80,1.40
2009.09.22 16:09:25.411,1.67585,1.6762,2.40,1.40
2009.09.22 16:09:32.270,1.67595,1.67625,2.40,1.80
2009.09.22 16:09:32.500,1.6759,1.67625,2.40,1.80
2009.09.22 16:09:33.309,1.6759,1.67625,2.40,1.40
2009.09.22 16:09:33.659,1.67595,1.67625,2.40,1.40
2009.09.22 16:09:36.098,1.6758,1.67615,1.00,1.80
2009.09.22 16:09:36.449,1.6758,1.67615,1.00,1.90
2009.09.22 16:09:37.578,1.6758,1.67615,1.00,1.80
2009.09.22 16:09:42.647,1.6758,1.6761,1.00,1.40
2009.09.22 16:09:43.297,1.67575,1.6761,4.00,1.40
2009.09.22 16:09:44.207,1.6757,1.67605,3.20,1.40
2009.09.22 16:09:44.437,1.6757,1.6761,1.00,4.60
2009.09.22 16:09:45.017,1.6757,1.6761,2.40,4.20
2009.09.22 16:09:45.247,1.6757,1.67605,1.60,2.40
2009.09.22 16:09:45.646,1.6757,1.6761,4.00,1.80
2009.09.22 16:09:45.876,1.6757,1.6761,1.60,4.20
2009.09.22 16:09:47.206,1.6757,1.6761,2.40,4.20
2009.09.22 16:09:56.724,1.67575,1.6761,1.00,4.20
2009.09.22 16:09:59.133,1.67575,1.6761,1.00,4.60
2009.09.22 16:09:59.474,1.67575,1.6761,1.00,4.20
2009.09.22 16:09:59.803,1.67575,1.67605,1.00,2.40
2009.09.22 16:10:00.143,1.67575,1.676,1.00,3.80
2009.09.22 16:10:00.383,1.67575,1.676,1.00,4.20
2009.09.22 16:10:00.613,1.67575,1.67595,1.00,2.40
2009.09.22 16:10:00.843,1.67575,1.676,1.00,1.40
2009.09.22 16:10:01.073,1.67575,1.67605,1.00,2.80
2009.09.22 16:10:01.423,1.67575,1.6761,1.00,3.80
2009.09.22 16:10:04.982,1.67575,1.676,1.00,1.80
2009.09.22 16:10:05.212,1.67575,1.67595,1.00,2.40
2009.09.22 16:10:05.621,1.67575,1.67605,1.00,1.40
2009.09.22 16:10:06.081,1.67575,1.6761,1.00,3.80
2009.09.22 16:10:06.191,1.67575,1.67605,1.00,1.40
2009.09.22 16:10:06.371,1.67575,1.676,1.00,2.40
2009.09.22 16:10:06.491,1.67575,1.67605,1.00,3.80
2009.09.22 16:10:07.011,1.67575,1.67605,1.00,1.40
2009.09.22 16:10:07.351,1.67575,1.67605,1.00,3.80
2009.09.22 16:10:07.701,1.67575,1.67605,1.00,2.40
2009.09.22 16:10:08.041,1.67575,1.6761,1.00,2.80
2009.09.22 16:10:08.371,1.67575,1.6761,1.00,2.40
2009.09.22 16:10:15.189,1.67575,1.67615,1.70,2.40
2009.09.22 16:10:15.309,1.6758,1.67615,1.40,2.40
2009.09.22 16:10:15.700,1.6758,1.6761,1.40,2.40
2009.09.22 16:10:15.919,1.6758,1.67615,1.40,2.40
2009.09.22 16:10:16.489,1.67575,1.67615,2.10,2.40
2009.09.22 16:10:17.209,1.67585,1.6762,1.40,2.40
2009.09.22 16:10:18.069,1.67585,1.67625,1.40,2.40
2009.09.22 16:10:18.299,1.67585,1.6763,3.80,4.20
2009.09.22 16:10:18.638,1.67585,1.6763,3.90,4.20
2009.09.22 16:10:20.838,1.67585,1.67625,3.90,2.40
2009.09.22 16:10:21.068,1.67585,1.67625,1.50,2.40
2009.09.22 16:10:27.206,1.67585,1.67625,1.40,2.40
2009.09.22 16:10:27.486,1.67585,1.67615,3.20,1.40
2009.09.22 16:10:27.776,1.67585,1.67615,2.40,1.40
2009.09.22 16:10:28.126,1.6758,1.67615,1.00,3.80
2009.09.22 16:10:29.486,1.67585,1.67625,1.40,2.80
2009.09.22 16:10:29.816,1.67585,1.6762,1.20,2.40
2009.09.22 16:10:29.996,1.67585,1.6762,1.00,2.40
2009.09.22 16:10:30.276,1.6758,1.6762,2.60,2.40
2009.09.22 16:10:30.446,1.6758,1.6762,2.70,2.40
2009.09.22 16:10:30.736,1.6758,1.67615,1.90,2.40
2009.09.22 16:10:31.245,1.6758,1.6761,1.00,2.40
2009.09.22 16:10:31.576,1.6759,1.6763,3.80,1.00
2009.09.22 16:10:31.875,1.6759,1.6763,1.40,2.80
2009.09.22 16:10:32.165,1.67585,1.67625,4.20,2.40
2009.09.22 16:10:32.505,1.67585,1.6763,4.20,3.80
2009.09.22 16:10:32.795,1.6759,1.6763,2.40,1.40
2009.09.22 16:10:33.475,1.67585,1.67625,4.60,2.40
2009.09.22 16:10:35.514,1.67585,1.67625,3.80,2.40
2009.09.22 16:10:35.674,1.67585,1.67625,2.40,3.80
2009.09.22 16:10:35.844,1.67585,1.67625,2.40,1.40
2009.09.22 16:10:35.964,1.6758,1.67625,5.00,3.80
2009.09.22 16:10:37.084,1.67585,1.67625,2.40,3.80
2009.09.22 16:10:39.333,1.6758,1.67625,7.40,3.80
2009.09.22 16:10:39.563,1.6758,1.6761,2.60,2.40
2009.09.22 16:10:40.253,1.6759,1.6761,1.40,2.40
2009.09.22 16:10:40.363,1.67585,1.6761,1.40,2.40
2009.09.22 16:10:40.953,1.67585,1.67615,1.40,2.40
2009.09.22 16:10:41.243,1.67585,1.67625,3.80,2.40
2009.09.22 16:10:43.343,1.67585,1.67625,3.80,4.80
2009.09.22 16:10:43.522,1.67585,1.6762,1.40,2.40
2009.09.22 16:10:44.202,1.67585,1.6762,2.20,2.40
2009.09.22 16:10:45.152,1.67585,1.67625,2.20,2.40
2009.09.22 16:10:46.032,1.67585,1.67625,1.00,3.80
2009.09.22 16:10:46.202,1.67585,1.67625,1.40,2.40
2009.09.22 16:10:46.382,1.67585,1.6762,1.40,2.40
2009.09.22 16:10:46.542,1.6758,1.6762,1.20,3.80
2009.09.22 16:10:46.712,1.67585,1.6762,1.00,3.80
2009.09.22 16:10:46.892,1.67585,1.67615,1.00,2.40
2009.09.22 16:10:47.062,1.67585,1.67615,1.00,1.40
2009.09.22 16:10:47.402,1.67575,1.67605,3.50,1.40
2009.09.22 16:10:47.741,1.67575,1.67605,2.70,1.40
2009.09.22 16:10:48.091,1.67575,1.67605,1.00,1.40
2009.09.22 16:10:49.341,1.67575,1.67605,2.70,1.40
2009.09.22 16:10:49.581,1.67575,1.67605,2.80,1.40
2009.09.22 16:10:49.881,1.67575,1.67605,2.70,1.40
2009.09.22 16:10:50.451,1.6758,1.67605,2.40,1.40
2009.09.22 16:10:51.180,1.67575,1.67605,2.70,1.40
2009.09.22 16:10:52.040,1.67575,1.67605,1.00,1.40
2009.09.22 16:10:54.760,1.67575,1.67605,3.50,1.40
2009.09.22 16:10:55.260,1.6758,1.6761,2.40,1.40
2009.09.22 16:10:56.089,1.67575,1.67605,1.00,1.40
2009.09.22 16:10:57.709,1.67575,1.67595,1.00,1.00
2009.09.22 16:10:57.939,1.67575,1.6759,1.00,1.40
2009.09.22 16:11:01.618,1.67575,1.67595,1.00,1.40
2009.09.22 16:11:03.778,1.67575,1.6759,1.00,1.40
2009.09.22 16:11:06.947,1.67575,1.67595,1.00,1.80
2009.09.22 16:11:07.517,1.67575,1.67595,1.00,1.40
2009.09.22 16:11:09.956,1.67575,1.6759,1.00,1.40
2009.09.22 16:11:10.716,1.67575,1.67595,1.00,3.20
2009.09.22 16:11:10.956,1.67575,1.67595,1.00,1.00
2009.09.22 16:11:11.416,1.67575,1.676,1.00,4.00
2009.09.22 16:11:12.236,1.67575,1.676,1.00,6.40
2009.09.22 16:11:12.466,1.67575,1.676,1.00,7.80
2009.09.22 16:11:13.595,1.67575,1.67595,1.00,1.40
2009.09.22 16:11:14.655,1.67575,1.6759,1.00,1.40
2009.09.22 16:11:17.214,1.67575,1.67585,1.00,1.40
2009.09.22 16:11:18.044,1.67575,1.6759,1.00,1.40
2009.09.22 16:11:19.084,1.67575,1.6759,1.00,3.80
2009.09.22 16:11:20.304,1.67575,1.6759,1.00,1.40
2009.09.22 16:11:22.543,1.67575,1.6758,1.00,1.40
2009.09.22 16:11:22.783,1.67535,1.6758,2.40,1.40
2009.09.22 16:11:23.053,1.67535,1.67575,2.40,1.40
2009.09.22 16:11:25.302,1.6754,1.67575,2.40,1.40
2009.09.22 16:11:25.362,1.67545,1.67575,2.40,1.40
2009.09.22 16:11:26.152,1.67545,1.6757,2.40,1.40
2009.09.22 16:11:26.553,1.67545,1.6758,2.40,1.40
2009.09.22 16:11:26.832,1.67545,1.6758,2.40,1.80
2009.09.22 16:11:27.112,1.6754,1.6758,3.80,1.40
2009.09.22 16:11:27.782,1.6754,1.67575,2.40,1.40
2009.09.22 16:11:28.112,1.6754,1.6757,3.20,1.40
2009.09.22 16:11:28.472,1.6753,1.6757,2.70,3.80
2009.09.22 16:11:28.812,1.6753,1.6757,2.30,3.80
2009.09.22 16:11:29.512,1.6753,1.6757,4.70,1.40
2009.09.22 16:11:29.801,1.67535,1.67575,1.60,3.80
2009.09.22 16:11:30.091,1.67535,1.67575,5.40,1.40
2009.09.22 16:11:30.491,1.67535,1.67575,4.00,1.40
2009.09.22 16:11:30.771,1.67545,1.67575,2.40,1.40
2009.09.22 16:11:30.941,1.67555,1.67575,2.40,1.40
2009.09.22 16:11:31.441,1.6755,1.6758,2.40,1.40
2009.09.22 16:11:31.611,1.6755,1.6758,2.40,1.80
2009.09.22 16:11:31.971,1.6754,1.6758,2.40,1.40
2009.09.22 16:11:32.961,1.6754,1.6758,3.80,3.80
2009.09.22 16:11:33.250,1.6754,1.6758,2.40,4.20
2009.09.22 16:11:33.581,1.6754,1.67575,1.00,2.40
2009.09.22 16:11:33.860,1.6754,1.6758,2.40,4.20
2009.09.22 16:11:34.211,1.6754,1.67575,2.40,1.40
2009.09.22 16:11:34.550,1.6754,1.67565,2.40,1.40
2009.09.22 16:11:34.910,1.67545,1.67565,2.40,1.40
2009.09.22 16:11:35.030,1.6754,1.67565,4.80,1.40
2009.09.22 16:11:35.200,1.6754,1.67565,2.40,1.40
2009.09.22 16:11:36.740,1.6753,1.67565,3.20,1.40
2009.09.22 16:11:37.130,1.67535,1.6757,1.60,1.40
2009.09.22 16:11:37.820,1.67535,1.67565,1.60,1.00
2009.09.22 16:11:38.169,1.67525,1.67565,3.20,1.40
2009.09.22 16:11:38.540,1.67525,1.67555,2.40,1.40
2009.09.22 16:11:38.889,1.67525,1.67565,2.40,2.80
2009.09.22 16:11:39.239,1.6752,1.6756,2.40,2.40
2009.09.22 16:11:39.579,1.6752,1.67565,2.40,4.20
2009.09.22 16:11:39.979,1.6752,1.67565,3.80,6.60
2009.09.22 16:11:40.089,1.6752,1.6756,3.40,2.40
2009.09.22 16:11:40.249,1.6752,1.6756,3.00,2.40
2009.09.22 16:11:40.419,1.6752,1.67555,3.00,2.40
2009.09.22 16:11:40.589,1.6752,1.6756,3.00,2.40
2009.09.22 16:11:40.889,1.6752,1.6756,5.40,2.40
2009.09.22 16:11:41.339,1.67525,1.67565,2.40,2.20
2009.09.22 16:11:42.029,1.6752,1.67565,5.50,4.60
2009.09.22 16:11:43.408,1.6752,1.6756,5.50,2.40
2009.09.22 16:11:43.698,1.6752,1.6756,5.90,2.40
2009.09.22 16:11:43.988,1.67525,1.67565,2.40,4.20
2009.09.22 16:11:44.628,1.6752,1.67565,5.80,4.30
2009.09.22 16:11:46.537,1.67535,1.6756,1.60,2.40
2009.09.22 16:11:46.887,1.67535,1.67565,1.60,2.80
2009.09.22 16:11:47.057,1.67535,1.67565,1.60,2.40
2009.09.22 16:11:47.217,1.67535,1.6757,1.60,1.40
2009.09.22 16:11:47.867,1.67535,1.6757,4.00,1.40
2009.09.22 16:11:48.217,1.67535,1.6757,1.60,1.40
2009.09.22 16:11:48.617,1.6753,1.6756,2.40,1.40
2009.09.22 16:11:48.967,1.67515,1.6756,8.20,4.20
2009.09.22 16:11:49.307,1.67515,1.6755,4.40,1.40
2009.09.22 16:11:49.706,1.67515,1.6755,2.40,1.40
2009.09.22 16:11:49.926,1.6752,1.6755,2.40,1.40
2009.09.22 16:11:50.156,1.67515,1.6755,2.40,1.40
2009.09.22 16:11:50.386,1.6752,1.6756,3.80,1.80
2009.09.22 16:11:50.856,1.67535,1.6756,2.40,1.80
2009.09.22 16:11:51.027,1.67525,1.6755,2.40,1.40
2009.09.22 16:11:51.616,1.6752,1.6755,2.40,1.40
2009.09.22 16:11:51.786,1.67525,1.6755,2.40,1.40
2009.09.22 16:11:51.956,1.67525,1.6756,2.40,1.00
2009.09.22 16:11:52.306,1.67525,1.6755,2.40,1.40
2009.09.22 16:11:52.996,1.6752,1.6755,2.40,1.40
2009.09.22 16:11:54.275,1.67525,1.6756,1.00,1.40
2009.09.22 16:11:54.776,1.6753,1.67565,1.00,1.40
2009.09.22 16:11:54.995,1.67535,1.67565,1.00,1.40
2009.09.22 16:11:55.155,1.67535,1.6757,1.00,1.40
2009.09.22 16:11:55.855,1.67535,1.67565,1.00,2.40
2009.09.22 16:11:56.025,1.67535,1.67565,1.00,2.40
2009.09.22 16:11:56.255,1.67535,1.67565,1.00,2.40
2009.09.22 16:11:56.945,1.67535,1.67565,1.00,2.40
2009.09.22 16:11:57.285,1.67535,1.67565,1.00,2.40
2009.09.22 16:11:57.345,1.67535,1.67565,1.80,2.40
2009.09.22 16:11:57.405,1.67545,1.67565,1.00,2.40
2009.09.22 16:11:57.525,1.67535,1.67565,1.80,2.40
2009.09.22 16:11:57.575,1.67535,1.6757,1.80,4.80
2009.09.22 16:11:58.095,1.67535,1.6757,1.00,3.80
2009.09.22 16:11:58.375,1.67535,1.67565,1.00,2.40
2009.09.22 16:11:58.605,1.6753,1.6756,1.00,3.80
2009.09.22 16:12:00.154,1.6753,1.6756,1.00,2.40
2009.09.22 16:12:00.514,1.6753,1.67565,1.00,1.40
2009.09.22 16:12:00.684,1.67525,1.67555,2.80,1.00
2009.09.22 16:12:00.914,1.6752,1.6755,3.40,2.40
2009.09.22 16:12:01.084,1.6753,1.6755,1.00,2.40
2009.09.22 16:12:01.254,1.67525,1.67555,2.40,2.40
2009.09.22 16:12:01.644,1.6752,1.67555,2.80,2.40
2009.09.22 16:12:01.994,1.67525,1.6756,1.00,2.40
2009.09.22 16:12:02.623,1.67525,1.67565,1.80,3.80
2009.09.22 16:12:03.143,1.6753,1.67565,3.00,2.40
2009.09.22 16:12:03.433,1.6753,1.67575,5.80,3.80
2009.09.22 16:12:03.723,1.6753,1.6757,3.40,2.40
2009.09.22 16:12:04.403,1.6753,1.6757,5.80,2.40
2009.09.22 16:12:05.313,1.6753,1.6757,3.40,2.40
2009.09.22 16:12:08.002,1.6753,1.6757,5.90,3.80
2009.09.22 16:12:08.522,1.6753,1.6757,5.80,1.40
2009.09.22 16:12:10.402,1.6753,1.6757,5.80,3.80
2009.09.22 16:12:10.791,1.6753,1.6757,5.80,4.60
2009.09.22 16:12:11.021,1.6753,1.67565,2.00,1.40
2009.09.22 16:12:11.581,1.6753,1.67565,4.00,1.40
2009.09.22 16:12:11.971,1.67525,1.67565,4.40,3.80
2009.09.22 16:12:12.321,1.67525,1.6756,2.80,1.40
2009.09.22 16:12:12.661,1.6752,1.6756,1.00,3.80
2009.09.22 16:12:13.001,1.67515,1.67555,1.90,2.40
2009.09.22 16:12:13.361,1.67515,1.6755,1.90,2.40
2009.09.22 16:12:13.661,1.6752,1.67555,1.00,2.40
2009.09.22 16:12:14.001,1.6752,1.67555,1.00,3.80
2009.09.22 16:12:14.631,1.67515,1.6755,1.00,3.80
2009.09.22 16:12:14.961,1.6751,1.6755,2.00,3.80
2009.09.22 16:12:16.510,1.6751,1.6755,1.00,4.60
2009.09.22 16:12:16.690,1.6751,1.67545,1.00,2.40
2009.09.22 16:12:18.370,1.6751,1.6754,1.00,1.40
2009.09.22 16:12:19.110,1.6751,1.67545,1.00,4.80
2009.09.22 16:12:19.989,1.6751,1.67545,1.00,5.40
2009.09.22 16:12:20.219,1.6751,1.67545,1.00,2.40
2009.09.22 16:12:20.699,1.6751,1.67545,1.90,2.40
2009.09.22 16:12:20.869,1.6751,1.6755,1.90,2.40
2009.09.22 16:12:21.429,1.6751,1.6755,2.30,2.40
2009.09.22 16:12:22.079,1.67515,1.6755,1.00,2.40
2009.09.22 16:12:22.299,1.67515,1.6755,1.00,2.40
2009.09.22 16:12:22.479,1.67515,1.67555,1.00,2.40
2009.09.22 16:12:26.857,1.67525,1.67555,1.00,2.40
2009.09.22 16:12:26.968,1.67525,1.67555,1.50,2.40
2009.09.22 16:12:27.088,1.6753,1.6757,1.60,2.80
2009.09.22 16:12:27.498,1.6753,1.6757,2.00,2.40
2009.09.22 16:12:28.487,1.6753,1.6757,1.00,3.80
2009.09.22 16:12:28.757,1.6753,1.67565,3.40,2.40
2009.09.22 16:12:29.037,1.6753,1.67565,3.80,2.40
2009.09.22 16:12:29.377,1.6753,1.6757,3.40,2.40
2009.09.22 16:12:29.737,1.6753,1.6757,1.00,2.40
2009.09.22 16:12:30.077,1.67525,1.6757,5.90,2.40
2009.09.22 16:12:31.277,1.67525,1.6757,4.30,2.40
2009.09.22 16:12:31.626,1.67535,1.6757,3.40,2.40
2009.09.22 16:12:31.907,1.6753,1.67565,1.60,1.40
2009.09.22 16:12:32.176,1.6753,1.67565,1.00,4.60
2009.09.22 16:12:32.406,1.6753,1.67565,1.00,2.20
2009.09.22 16:12:32.686,1.6752,1.67565,2.80,4.60
2009.09.22 16:12:33.776,1.6752,1.6756,2.80,2.20
2009.09.22 16:12:34.126,1.67515,1.67555,1.00,2.40
2009.09.22 16:12:34.766,1.67515,1.67555,4.40,2.40
2009.09.22 16:12:35.056,1.6752,1.6756,2.40,3.80
2009.09.22 16:12:35.115,1.6752,1.6756,2.40,1.40
2009.09.22 16:12:35.346,1.6752,1.6756,1.00,3.80
2009.09.22 16:12:35.846,1.67525,1.6756,1.60,3.80
2009.09.22 16:12:35.905,1.67525,1.6756,3.40,2.40
2009.09.22 16:12:36.025,1.67525,1.67565,3.40,2.40
2009.09.22 16:12:36.085,1.67525,1.6757,5.80,3.80
2009.09.22 16:12:36.375,1.6753,1.6757,1.00,3.80
2009.09.22 16:12:37.175,1.6753,1.67565,1.00,3.80
2009.09.22 16:12:37.505,1.67525,1.67565,1.00,3.80
2009.09.22 16:12:37.745,1.67525,1.67565,2.80,1.40
2009.09.22 16:12:38.085,1.67525,1.67565,1.00,3.80
2009.09.22 16:12:38.775,1.67525,1.6756,1.00,1.40
2009.09.22 16:12:39.064,1.67525,1.6756,1.00,3.80
2009.09.22 16:12:39.395,1.6752,1.6756,1.00,3.80
2009.09.22 16:12:42.144,1.67525,1.6756,1.60,2.40
2009.09.22 16:12:42.564,1.67525,1.67565,1.60,3.80
2009.09.22 16:12:42.744,1.67525,1.6756,1.00,1.40
2009.09.22 16:12:42.974,1.6752,1.6756,2.80,1.40
2009.09.22 16:12:43.154,1.6752,1.6756,2.80,2.20
2009.09.22 16:12:43.544,1.6752,1.6755,2.80,1.40
2009.09.22 16:12:43.654,1.67515,1.6755,2.80,1.40
2009.09.22 16:12:43.994,1.67515,1.6755,2.40,1.40
2009.09.22 16:12:49.012,1.6752,1.6755,1.60,1.40
2009.09.22 16:12:49.192,1.67525,1.67565,4.80,1.80
2009.09.22 16:12:49.542,1.6753,1.67565,4.80,1.40
2009.09.22 16:12:49.882,1.67535,1.67565,2.40,1.40
2009.09.22 16:12:50.235,1.6753,1.67565,2.40,1.40
2009.09.22 16:12:51.032,1.6753,1.6757,2.40,3.80
2009.09.22 16:12:51.262,1.6753,1.6757,2.40,3.20
2009.09.22 16:12:51.432,1.6753,1.6757,2.40,1.00
2009.09.22 16:12:51.952,1.67535,1.6757,2.40,1.00
2009.09.22 16:12:52.182,1.67535,1.6757,2.40,1.40
2009.09.22 16:12:54.191,1.6753,1.6757,2.40,1.40
2009.09.22 16:12:59.660,1.6753,1.6757,2.40,1.80
2009.09.22 16:13:00.010,1.6753,1.67565,2.40,1.40
2009.09.22 16:13:00.360,1.67525,1.6757,3.80,4.20
2009.09.22 16:13:00.709,1.67525,1.6757,3.80,3.90
2009.09.22 16:13:01.539,1.67525,1.6757,3.80,6.30
2009.09.22 16:13:01.779,1.67525,1.67565,1.40,2.40
2009.09.22 16:13:03.699,1.67525,1.67565,1.40,4.80
2009.09.22 16:13:04.059,1.67525,1.6756,1.40,2.40
2009.09.22 16:13:04.749,1.6752,1.6756,1.80,4.80
2009.09.22 16:13:04.919,1.6752,1.67555,1.00,2.40
2009.09.22 16:13:05.548,1.6752,1.6756,3.20,1.40
2009.09.22 16:13:05.778,1.6752,1.67565,4.60,3.80
2009.09.22 16:13:07.488,1.6752,1.67565,5.80,3.80
2009.09.22 16:13:07.788,1.6752,1.67565,4.60,6.20
2009.09.22 16:13:07.958,1.6752,1.6756,2.20,2.40
2009.09.22 16:13:08.128,1.6752,1.6756,1.80,2.40
2009.09.22 16:13:08.298,1.6752,1.67565,4.20,3.80
2009.09.22 16:13:09.018,1.6752,1.6756,4.20,2.40
2009.09.22 16:13:09.357,1.6752,1.67565,4.20,3.80
2009.09.22 16:13:09.647,1.67525,1.6757,3.80,4.30
2009.09.22 16:13:09.997,1.67525,1.6757,3.80,3.80
2009.09.22 16:13:10.287,1.67525,1.6757,3.80,3.90
2009.09.22 16:13:14.156,1.67525,1.67555,2.80,1.40
2009.09.22 16:13:14.846,1.67515,1.67555,1.00,3.80
2009.09.22 16:13:15.526,1.67515,1.6755,1.00,2.40
2009.09.22 16:13:16.586,1.67515,1.67555,1.00,3.80
2009.09.22 16:13:19.545,1.6751,1.6755,1.00,6.20
2009.09.22 16:13:19.895,1.67505,1.6755,5.20,6.20
2009.09.22 16:13:20.235,1.6751,1.6755,1.00,5.40
2009.09.22 16:13:20.295,1.6751,1.6755,1.00,3.80
2009.09.22 16:13:21.505,1.67515,1.6755,1.60,3.80
2009.09.22 16:13:21.845,1.67515,1.6755,2.00,2.40
2009.09.22 16:13:22.195,1.67515,1.6755,2.40,2.40
2009.09.22 16:13:22.424,1.67515,1.6755,1.60,2.40
2009.09.22 16:13:22.645,1.67515,1.67555,4.00,3.80
2009.09.22 16:13:22.874,1.67515,1.67555,4.00,1.40
2009.09.22 16:13:23.274,1.67515,1.67555,1.60,3.80
2009.09.22 16:13:23.614,1.67515,1.67555,4.00,1.40
2009.09.22 16:13:24.004,1.67515,1.67555,4.40,1.40
2009.09.22 16:13:24.694,1.67525,1.6756,2.40,1.40
2009.09.22 16:13:26.613,1.67525,1.67565,2.80,1.50
2009.09.22 16:13:26.944,1.67525,1.6757,4.20,3.80
2009.09.22 16:13:28.353,1.6753,1.6757,1.80,2.40
2009.09.22 16:13:28.513,1.6753,1.6757,2.40,1.40
2009.09.22 16:13:29.063,1.6753,1.6757,2.40,1.80
2009.09.22 16:13:29.413,1.6753,1.6757,2.40,1.40
2009.09.22 16:13:29.773,1.6753,1.67565,2.40,1.40
2009.09.22 16:13:34.571,1.6753,1.6757,2.40,1.90
2009.09.22 16:13:34.911,1.6753,1.6757,2.40,3.80
2009.09.22 16:13:35.271,1.6753,1.6756,2.40,1.40
2009.09.22 16:13:35.501,1.6753,1.67565,2.40,1.80
2009.09.22 16:13:36.021,1.6753,1.6756,2.40,1.40
2009.09.22 16:13:36.131,1.67525,1.67565,2.40,3.80
2009.09.22 16:13:36.431,1.67525,1.6757,2.80,4.60
2009.09.22 16:13:36.791,1.67525,1.6757,2.80,4.70
2009.09.22 16:13:37.131,1.6753,1.6757,2.40,4.70
2009.09.22 16:13:37.611,1.6753,1.67565,2.40,1.40
2009.09.22 16:13:37.671,1.6753,1.6757,2.40,4.70
2009.09.22 16:13:37.781,1.67525,1.67565,2.80,2.40
2009.09.22 16:13:37.950,1.67525,1.67565,5.20,2.40
2009.09.22 16:13:38.061,1.6753,1.67565,2.40,2.20
2009.09.22 16:13:38.581,1.6753,1.6757,2.40,3.80
2009.09.22 16:13:39.610,1.6753,1.6757,2.40,4.70
2009.09.22 16:13:39.910,1.67525,1.67565,1.00,2.40
2009.09.22 16:13:40.210,1.6752,1.67565,6.60,2.40
2009.09.22 16:13:40.490,1.67525,1.67565,2.40,1.00
2009.09.22 16:13:40.660,1.6752,1.67565,2.80,4.60
2009.09.22 16:13:41.420,1.6752,1.6756,2.80,1.00
2009.09.22 16:13:46.698,1.67525,1.6756,2.40,1.40
2009.09.22 16:13:47.448,1.6753,1.6756,1.40,2.40
2009.09.22 16:13:47.568,1.6753,1.6757,1.40,2.40
2009.09.22 16:13:47.928,1.6753,1.67565,1.40,2.40
2009.09.22 16:13:52.767,1.67525,1.67565,4.20,2.40
2009.09.22 16:13:53.277,1.67525,1.6757,4.20,4.80
2009.09.22 16:13:53.337,1.67525,1.6757,4.20,2.40
2009.09.22 16:13:53.567,1.6753,1.67575,2.80,6.30
2009.09.22 16:13:53.627,1.6753,1.6757,1.00,2.40
2009.09.22 16:13:53.847,1.6753,1.67575,2.80,6.30
2009.09.22 16:13:54.197,1.6753,1.67575,2.80,3.90
2009.09.22 16:13:57.316,1.6753,1.67575,2.80,3.80
2009.09.22 16:13:57.436,1.67535,1.67575,2.40,3.80
2009.09.22 16:13:59.166,1.67535,1.67575,2.40,3.90
2009.09.22 16:14:03.684,1.6753,1.67565,2.40,1.40
2009.09.22 16:14:04.944,1.67525,1.6757,2.40,4.20
2009.09.22 16:14:05.114,1.6752,1.67565,2.80,2.40
2009.09.22 16:14:05.224,1.6752,1.67565,2.80,4.20
2009.09.22 16:14:05.404,1.6752,1.67565,2.40,4.20
2009.09.22 16:14:05.524,1.6752,1.6756,2.40,2.40
2009.09.22 16:14:07.363,1.6752,1.67555,2.40,1.40
2009.09.22 16:14:07.704,1.67515,1.67555,2.80,1.40
2009.09.22 16:14:07.884,1.67515,1.67555,2.40,1.40
2009.09.22 16:14:08.513,1.67515,1.67555,1.40,2.40
2009.09.22 16:14:08.853,1.67515,1.6755,1.40,2.40
2009.09.22 16:14:09.153,1.67515,1.6756,4.20,3.80
2009.09.22 16:14:09.823,1.67515,1.67555,1.00,3.80
2009.09.22 16:14:10.893,1.6752,1.6756,5.80,1.00
2009.09.22 16:14:11.182,1.6752,1.67565,5.80,4.30
2009.09.22 16:14:11.532,1.6752,1.6756,3.40,2.40
2009.09.22 16:14:12.463,1.6752,1.6756,3.50,2.40
2009.09.22 16:14:12.752,1.6752,1.67565,5.90,3.80
2009.09.22 16:14:12.812,1.67525,1.67565,1.00,3.80
2009.09.22 16:14:12.862,1.67525,1.67565,1.00,3.90
2009.09.22 16:14:12.912,1.67525,1.6756,1.00,1.40
2009.09.22 16:14:12.972,1.67525,1.6756,1.00,3.80
2009.09.22 16:14:13.032,1.67515,1.6756,6.60,3.80
2009.09.22 16:14:13.082,1.67515,1.6756,7.00,3.80
2009.09.22 16:14:13.192,1.67515,1.6756,4.60,3.80
2009.09.22 16:14:13.642,1.67515,1.6756,4.20,3.80
2009.09.22 16:14:15.022,1.67515,1.6756,4.30,3.80
2009.09.22 16:14:15.192,1.6752,1.67565,5.40,7.00
2009.09.22 16:14:15.361,1.67525,1.67565,1.00,6.60
2009.09.22 16:14:15.532,1.67525,1.67565,1.00,3.80
2009.09.22 16:14:17.841,1.6752,1.67565,6.70,3.80
2009.09.22 16:14:23.210,1.6752,1.67555,2.40,3.00
2009.09.22 16:14:24.019,1.67515,1.67555,3.20,3.00
2009.09.22 16:14:30.378,1.6751,1.67555,3.20,2.40
2009.09.22 16:14:40.585,1.67515,1.6756,2.80,2.40
2009.09.22 16:14:43.115,1.6752,1.6756,2.40,2.40
2009.09.22 16:14:43.515,1.67515,1.6756,5.20,2.40
2009.09.22 16:14:43.575,1.67515,1.6756,2.80,2.40
2009.09.22 16:14:51.953,1.67515,1.6756,2.40,2.40
2009.09.22 16:14:52.182,1.67515,1.6756,2.40,3.90
2009.09.22 16:14:52.403,1.67515,1.6756,2.40,4.30
2009.09.22 16:15:00.281,1.67515,1.6756,2.40,3.90
2009.09.22 16:15:00.461,1.67515,1.67555,2.40,1.00
2009.09.22 16:15:01.570,1.67515,1.6756,2.40,3.90
2009.09.22 16:15:01.860,1.67525,1.6756,2.40,1.00
2009.09.22 16:15:03.540,1.67525,1.67565,2.40,1.90
2009.09.22 16:15:07.569,1.67525,1.67565,2.40,1.80
2009.09.22 16:15:07.689,1.67525,1.67565,2.40,1.00
2009.09.22 16:15:07.929,1.67525,1.6757,2.40,4.30
2009.09.22 16:15:08.689,1.67525,1.67565,2.40,1.00
2009.09.22 16:15:14.758,1.67525,1.6757,2.40,2.80
2009.09.22 16:15:14.927,1.67525,1.6757,2.40,4.20
2009.09.22 16:15:15.097,1.6753,1.6756,2.40,1.40
2009.09.22 16:15:15.807,1.6752,1.6756,2.40,3.80
2009.09.22 16:15:16.657,1.6752,1.6756,2.40,3.90
2009.09.22 16:15:20.106,1.6752,1.6756,1.40,2.40
2009.09.22 16:15:20.286,1.6752,1.67565,6.20,4.30
2009.09.22 16:15:20.516,1.67525,1.67565,2.40,1.90
2009.09.22 16:15:20.696,1.67525,1.6756,2.40,1.40
2009.09.22 16:15:28.624,1.6753,1.6756,1.60,1.40
2009.09.22 16:15:28.744,1.6753,1.67565,3.80,2.40
2009.09.22 16:15:28.864,1.6753,1.6757,1.60,4.20
2009.09.22 16:15:28.974,1.6753,1.6757,1.60,3.80
2009.09.22 16:15:29.144,1.67535,1.6757,2.40,1.40
2009.09.22 16:15:35.912,1.6753,1.6757,4.00,1.40
2009.09.22 16:15:38.361,1.67525,1.6756,1.00,2.40
2009.09.22 16:15:38.712,1.6752,1.6756,6.70,2.40
2009.09.22 16:15:38.881,1.6752,1.6756,6.30,2.40
2009.09.22 16:15:39.121,1.6752,1.6756,5.90,2.40
2009.09.22 16:15:39.352,1.6752,1.6756,8.30,2.40
2009.09.22 16:15:39.591,1.67525,1.67565,2.40,1.40
2009.09.22 16:15:52.558,1.67525,1.67555,2.40,1.40
2009.09.22 16:15:52.668,1.6752,1.67555,2.80,1.40
2009.09.22 16:15:52.968,1.6752,1.67555,2.40,1.40
2009.09.22 16:15:53.198,1.67515,1.67555,4.80,1.40
2009.09.22 16:15:53.298,1.67515,1.67555,2.40,1.40
2009.09.22 16:15:54.577,1.6751,1.67555,4.30,3.80
2009.09.22 16:15:55.627,1.67515,1.6756,2.40,6.30
2009.09.22 16:15:55.927,1.6751,1.6755,2.60,2.40
2009.09.22 16:15:56.087,1.67515,1.6756,3.80,4.20
2009.09.22 16:15:56.537,1.67515,1.6756,3.80,3.80
2009.09.22 16:15:56.707,1.67515,1.67555,2.40,1.40
2009.09.22 16:15:57.097,1.67515,1.67555,2.40,3.80
2009.09.22 16:15:57.777,1.67515,1.67555,2.40,1.40
2009.09.22 16:15:58.217,1.6752,1.6756,2.40,2.80
2009.09.22 16:15:58.557,1.6752,1.67555,2.40,1.40
2009.09.22 16:15:59.117,1.67515,1.6755,2.40,1.50
2009.09.22 16:15:59.856,1.67515,1.6755,2.40,1.00
2009.09.22 16:16:00.036,1.6751,1.67545,2.40,1.80
2009.09.22 16:16:00.496,1.6751,1.67545,2.40,1.90
2009.09.22 16:16:00.716,1.675,1.67545,4.80,4.30
2009.09.22 16:16:01.186,1.675,1.67545,3.80,2.80
2009.09.22 16:16:01.406,1.675,1.6754,3.80,2.40
2009.09.22 16:16:01.586,1.675,1.67545,6.20,2.80
2009.09.22 16:16:02.046,1.675,1.6754,4.00,1.40
2009.09.22 16:16:02.396,1.675,1.67535,1.60,2.40
2009.09.22 16:16:03.416,1.675,1.67535,1.60,2.80
2009.09.22 16:16:03.656,1.6749,1.67535,7.80,3.80
2009.09.22 16:16:03.945,1.6749,1.67535,6.60,3.80
2009.09.22 16:16:04.225,1.6749,1.67535,5.80,3.80
2009.09.22 16:16:04.565,1.67495,1.67535,2.40,1.40
2009.09.22 16:16:04.925,1.675,1.67535,2.40,1.40
2009.09.22 16:16:06.665,1.675,1.6753,2.40,1.40
2009.09.22 16:16:07.005,1.67495,1.6753,4.80,1.40
2009.09.22 16:16:07.234,1.67495,1.6753,2.40,2.20
2009.09.22 16:16:07.575,1.67495,1.6753,4.80,2.20
2009.09.22 16:16:07.685,1.675,1.6753,2.40,2.20
2009.09.22 16:16:08.464,1.675,1.6753,2.40,2.30
2009.09.22 16:16:12.143,1.67495,1.6751,2.40,1.40
2009.09.22 16:16:12.484,1.6748,1.6752,2.80,1.40
2009.09.22 16:16:12.833,1.6748,1.6752,2.40,3.40
2009.09.22 16:16:13.063,1.67475,1.67515,2.40,1.40
2009.09.22 16:16:13.353,1.67475,1.67515,2.40,1.80
2009.09.22 16:16:13.853,1.67475,1.67515,3.80,1.00
2009.09.22 16:16:14.433,1.6748,1.67515,2.40,1.50
2009.09.22 16:16:14.833,1.6748,1.67515,2.40,1.90
2009.09.22 16:16:15.163,1.67475,1.67515,2.40,1.90
2009.09.22 16:16:15.613,1.67475,1.6751,2.40,1.40
2009.09.22 16:16:15.903,1.67475,1.6751,2.40,2.20
2009.09.22 16:16:17.082,1.67465,1.6751,4.80,4.60
2009.09.22 16:16:17.422,1.67465,1.6751,4.80,4.70
2009.09.22 16:16:17.912,1.67465,1.67505,4.80,1.40
2009.09.22 16:16:18.032,1.67465,1.675,4.80,1.40
2009.09.22 16:16:18.202,1.67465,1.675,2.40,1.40
2009.09.22 16:16:19.082,1.6746,1.67495,2.40,1.40
2009.09.22 16:16:19.562,1.67455,1.675,2.80,3.80
2009.09.22 16:16:19.901,1.6746,1.675,2.40,1.50
2009.09.22 16:16:20.231,1.6746,1.67505,4.00,3.90
2009.09.22 16:16:20.921,1.6746,1.675,4.00,2.40
2009.09.22 16:16:23.101,1.6746,1.675,4.00,2.40
2009.09.22 16:16:23.161,1.6746,1.675,5.50,2.40
2009.09.22 16:16:23.211,1.67465,1.675,1.00,2.40
2009.09.22 16:16:23.261,1.67465,1.67505,2.80,2.40
2009.09.22 16:16:23.381,1.67465,1.6751,4.20,4.20
2009.09.22 16:16:23.651,1.67465,1.6751,4.20,3.80
2009.09.22 16:16:23.941,1.6747,1.675,1.00,1.00
2009.09.22 16:16:24.161,1.67465,1.67505,2.40,1.40
2009.09.22 16:16:24.451,1.67465,1.67505,1.40,2.40
2009.09.22 16:16:24.791,1.67465,1.6751,4.20,3.80
2009.09.22 16:16:25.140,1.67475,1.67515,2.40,3.80
2009.09.22 16:16:25.990,1.6748,1.67515,2.40,1.40
2009.09.22 16:16:26.280,1.6748,1.6752,2.40,1.40
2009.09.22 16:16:27.180,1.67485,1.6752,2.40,1.40
2009.09.22 16:16:30.819,1.67485,1.6753,3.80,1.80
2009.09.22 16:16:31.099,1.67485,1.6753,6.20,1.80
2009.09.22 16:16:31.159,1.6749,1.6753,2.40,1.80
2009.09.22 16:16:31.339,1.6749,1.6753,2.40,1.40
2009.09.22 16:16:32.389,1.6749,1.6753,2.40,3.80
2009.09.22 16:16:32.449,1.67485,1.67525,1.00,3.80
2009.09.22 16:16:32.969,1.6748,1.67525,4.40,3.80
2009.09.22 16:16:33.189,1.6748,1.67525,4.20,3.80
2009.09.22 16:16:33.788,1.6748,1.6752,1.80,2.40
2009.09.22 16:16:34.138,1.67485,1.67515,3.00,1.00
2009.09.22 16:16:34.608,1.67485,1.6752,3.40,2.40
2009.09.22 16:16:35.018,1.67495,1.6753,1.40,2.40
2009.09.22 16:16:35.378,1.6749,1.6753,1.80,2.40
2009.09.22 16:16:36.448,1.6749,1.67525,1.00,1.40
2009.09.22 16:16:36.687,1.6749,1.67525,1.40,2.40
2009.09.22 16:16:37.068,1.6749,1.67535,4.20,3.80
2009.09.22 16:16:37.418,1.67495,1.67535,1.40,2.40
2009.09.22 16:16:37.758,1.67495,1.67535,1.80,4.80
2009.09.22 16:16:38.057,1.675,1.6753,1.40,2.40
2009.09.22 16:16:38.287,1.675,1.67535,1.40,2.40
2009.09.22 16:16:38.807,1.675,1.6754,1.00,3.80
2009.09.22 16:16:39.157,1.675,1.67535,1.00,4.80
2009.09.22 16:16:39.497,1.6749,1.6753,1.00,2.40
2009.09.22 16:16:39.847,1.6749,1.67525,1.00,2.40
2009.09.22 16:16:40.187,1.6749,1.6752,1.00,2.40
2009.09.22 16:16:40.927,1.67485,1.67525,4.20,2.40
2009.09.22 16:16:41.046,1.6749,1.67525,1.00,2.40
2009.09.22 16:16:41.816,1.6749,1.67525,1.00,2.40
2009.09.22 16:16:42.386,1.6749,1.6753,1.00,2.40
2009.09.22 16:16:43.956,1.6749,1.6753,3.20,2.40
2009.09.22 16:16:44.016,1.67495,1.6754,2.40,1.80
2009.09.22 16:16:45.395,1.6749,1.6754,2.80,1.80
2009.09.22 16:16:45.635,1.67495,1.6754,2.40,1.80
2009.09.22 16:16:47.875,1.6749,1.6754,5.20,1.80
2009.09.22 16:16:47.935,1.6749,1.6754,2.80,1.80
2009.09.22 16:16:52.434,1.6749,1.67535,2.40,1.40
2009.09.22 16:16:52.764,1.6749,1.67535,2.80,3.80
2009.09.22 16:16:53.633,1.6749,1.6753,2.80,2.40
2009.09.22 16:16:53.813,1.6749,1.6753,1.00,2.40
2009.09.22 16:16:58.112,1.675,1.67535,1.40,2.40
2009.09.22 16:16:59.772,1.67495,1.67535,1.80,2.40
2009.09.22 16:17:02.961,1.675,1.67535,1.40,2.40
2009.09.22 16:17:03.251,1.675,1.6754,1.40,4.80
2009.09.22 16:17:03.521,1.67505,1.6754,1.00,4.80
2009.09.22 16:17:03.871,1.67505,1.6754,1.00,2.40
2009.09.22 16:17:05.590,1.67505,1.6754,1.00,2.40
2009.09.22 16:17:06.500,1.67505,1.6754,1.00,2.40
2009.09.22 16:17:06.910,1.675,1.6754,1.90,2.40
2009.09.22 16:17:07.200,1.67505,1.6754,1.80,2.40
2009.09.22 16:17:08.120,1.67505,1.6754,1.90,2.40
2009.09.22 16:17:12.159,1.6751,1.6754,1.90,2.40
2009.09.22 16:17:12.839,1.6751,1.67545,1.90,2.40
2009.09.22 16:17:16.888,1.6751,1.6755,1.90,4.80
2009.09.22 16:17:16.948,1.6751,1.6755,1.90,2.40
2009.09.22 16:17:20.667,1.6751,1.6755,4.30,2.40
2009.09.22 16:17:21.517,1.6751,1.6755,4.20,2.40
2009.09.22 16:17:22.277,1.6751,1.6755,4.20,4.80
2009.09.22 16:17:22.617,1.67515,1.6755,1.00,2.40
2009.09.22 16:17:24.366,1.6751,1.67545,1.90,2.40
2009.09.22 16:17:25.536,1.67515,1.67545,1.00,2.40
2009.09.22 16:17:30.295,1.67515,1.67545,1.40,2.40
2009.09.22 16:17:30.634,1.67515,1.6755,1.80,2.40
2009.09.22 16:17:30.984,1.67515,1.67555,1.80,2.40
2009.09.22 16:17:31.674,1.67515,1.67555,1.90,2.40
2009.09.22 16:17:32.004,1.67515,1.67555,1.00,2.40
2009.09.22 16:17:32.596,1.67515,1.6755,1.90,2.40
2009.09.22 16:17:32.704,1.67515,1.67555,1.80,2.40
2009.09.22 16:17:36.053,1.67515,1.67555,1.00,3.80
2009.09.22 16:17:37.973,1.6751,1.67545,1.80,2.40
2009.09.22 16:17:38.433,1.6751,1.6755,1.80,2.40
2009.09.22 16:17:38.493,1.6751,1.6755,1.00,3.80
2009.09.22 16:17:39.772,1.6751,1.6755,1.00,4.60
2009.09.22 16:17:40.122,1.6751,1.67545,1.00,1.40
2009.09.22 16:17:40.812,1.67505,1.67545,1.00,3.80
2009.09.22 16:17:41.882,1.67505,1.67545,1.00,3.80
2009.09.22 16:17:42.062,1.67505,1.67545,2.80,1.40
2009.09.22 16:17:42.232,1.6752,1.67555,2.40,1.40
2009.09.22 16:17:42.462,1.67525,1.67555,2.40,1.40
2009.09.22 16:17:43.501,1.6751,1.67555,4.30,3.80
2009.09.22 16:17:47.151,1.6751,1.6755,1.90,2.40
2009.09.22 16:17:47.790,1.6751,1.67555,4.30,3.80
2009.09.22 16:17:48.060,1.6751,1.6755,2.80,1.40
2009.09.22 16:17:49.350,1.6751,1.67555,4.30,3.80
2009.09.22 16:17:49.930,1.67515,1.67555,2.40,3.80
2009.09.22 16:17:52.199,1.67515,1.67545,2.40,1.40
2009.09.22 16:17:55.458,1.67515,1.6754,2.40,1.40
2009.09.22 16:17:55.628,1.67515,1.67555,2.80,1.40
2009.09.22 16:17:55.748,1.67515,1.67555,2.40,1.40
2009.09.22 16:17:56.158,1.6751,1.67555,4.20,3.80
2009.09.22 16:17:56.448,1.6751,1.67555,4.60,3.80
2009.09.22 16:17:57.328,1.6751,1.6755,2.80,1.40
2009.09.22 16:17:58.578,1.6751,1.67555,4.20,3.90
2009.09.22 16:17:58.688,1.6751,1.67555,4.20,3.80
2009.09.22 16:17:59.448,1.6751,1.67555,4.60,3.80
2009.09.22 16:17:59.617,1.6751,1.67555,4.20,3.80
2009.09.22 16:17:59.787,1.6751,1.67555,3.80,4.70
2009.09.22 16:18:00.127,1.67505,1.6755,2.80,3.80
2009.09.22 16:18:00.527,1.67515,1.6755,2.40,1.40
2009.09.22 16:18:00.857,1.6751,1.6755,2.40,1.40
2009.09.22 16:18:01.387,1.67515,1.6755,2.40,1.40
2009.09.22 16:18:02.147,1.6751,1.6755,2.40,1.40
2009.09.22 16:18:02.367,1.67505,1.67545,2.40,2.20
2009.09.22 16:18:02.537,1.67505,1.67545,2.80,1.40
2009.09.22 16:18:02.767,1.67505,1.6755,4.30,3.80
2009.09.22 16:18:02.947,1.67515,1.6755,1.00,2.40
2009.09.22 16:18:03.237,1.6752,1.6756,2.40,1.00
2009.09.22 16:18:03.456,1.67525,1.67565,2.40,1.80
2009.09.22 16:18:04.216,1.67525,1.6756,2.40,1.40
2009.09.22 16:18:05.946,1.6753,1.67565,1.00,4.20
2009.09.22 16:18:06.186,1.67525,1.67555,1.00,2.40
2009.09.22 16:18:06.416,1.6752,1.6756,2.80,3.80
2009.09.22 16:18:06.766,1.67515,1.6756,2.80,3.80
2009.09.22 16:18:07.146,1.6751,1.67545,2.80,1.40
2009.09.22 16:18:07.486,1.6751,1.67545,2.40,1.40
2009.09.22 16:18:07.716,1.67505,1.67545,1.00,3.80
2009.09.22 16:18:10.935,1.6751,1.6755,1.00,3.80
2009.09.22 16:18:13.024,1.6751,1.67545,1.00,1.40
2009.09.22 16:18:13.374,1.6751,1.67545,1.00,3.80
2009.09.22 16:18:13.494,1.6751,1.67545,2.80,1.40
2009.09.22 16:18:18.133,1.6751,1.67545,1.00,2.40
2009.09.22 16:18:18.293,1.6751,1.6755,1.00,3.80
2009.09.22 16:18:18.813,1.6751,1.67545,1.00,2.40
2009.09.22 16:18:19.113,1.67505,1.67545,2.00,3.80
2009.09.22 16:18:19.473,1.67505,1.67545,1.00,3.80
2009.09.22 16:18:19.833,1.6751,1.67545,1.00,3.80
2009.09.22 16:18:20.183,1.67505,1.67545,1.00,3.80
2009.09.22 16:18:20.702,1.67505,1.67545,1.80,2.40
2009.09.22 16:18:21.232,1.67505,1.67545,1.00,3.80
2009.09.22 16:18:21.402,1.67505,1.67545,1.00,3.80
2009.09.22 16:18:22.032,1.67505,1.67545,2.80,1.40
2009.09.22 16:18:24.142,1.6751,1.67545,1.00,1.40
2009.09.22 16:18:24.312,1.6751,1.67545,1.00,3.80
2009.09.22 16:18:24.482,1.6751,1.67545,1.00,2.40
2009.09.22 16:18:25.791,1.6751,1.67545,1.00,3.80
2009.09.22 16:18:26.131,1.6751,1.67545,1.00,1.40
2009.09.22 16:18:36.229,1.67505,1.67545,4.80,1.40
2009.09.22 16:18:36.459,1.67505,1.67545,3.20,1.40
2009.09.22 16:18:38.088,1.6751,1.67545,1.00,3.80
2009.09.22 16:18:38.478,1.6751,1.67545,1.00,1.40
2009.09.22 16:18:40.888,1.6751,1.67545,1.00,3.80
2009.09.22 16:18:42.327,1.67505,1.67545,1.00,3.80
2009.09.22 16:18:42.497,1.6752,1.67545,1.00,2.40
2009.09.22 16:18:42.727,1.6752,1.6755,1.00,3.80
2009.09.22 16:18:42.958,1.6752,1.67545,1.00,1.40
2009.09.22 16:18:43.197,1.67515,1.67545,1.00,1.40
2009.09.22 16:18:43.437,1.6752,1.67545,1.00,1.40
2009.09.22 16:19:12.670,1.67525,1.67545,1.00,1.40
2009.09.22 16:19:12.850,1.67525,1.6755,1.00,3.80
2009.09.22 16:19:13.030,1.67525,1.6755,1.00,1.40
2009.09.22 16:19:13.200,1.67525,1.6755,1.00,1.40
2009.09.22 16:19:13.490,1.67525,1.6756,1.00,3.80
2009.09.22 16:19:13.600,1.6753,1.6756,1.00,3.80
2009.09.22 16:19:14.060,1.6752,1.67555,4.40,1.40
2009.09.22 16:19:14.170,1.6752,1.67555,2.00,1.40
2009.09.22 16:19:14.289,1.6752,1.67555,1.00,1.40
2009.09.22 16:19:15.779,1.6752,1.67555,2.80,1.40
2009.09.22 16:19:19.538,1.6752,1.67545,2.80,1.40
2009.09.22 16:19:19.818,1.67515,1.67545,2.80,1.40
2009.09.22 16:19:20.928,1.67515,1.67545,1.00,1.40
2009.09.22 16:19:23.427,1.67515,1.67545,1.00,1.40
2009.09.22 16:19:23.827,1.6751,1.67545,1.00,1.40
2009.09.22 16:19:28.066,1.67505,1.67545,2.80,1.40
2009.09.22 16:19:29.226,1.67505,1.67545,1.00,3.80
2009.09.22 16:19:30.156,1.67505,1.67545,2.80,1.40
2009.09.22 16:19:30.746,1.67505,1.67545,2.80,1.40
2009.09.22 16:19:30.966,1.67505,1.6754,2.40,2.20
2009.09.22 16:19:31.136,1.67505,1.6754,2.80,2.20
2009.09.22 16:19:31.485,1.67505,1.6754,1.00,2.20
2009.09.22 16:19:33.615,1.675,1.67535,2.40,1.00
2009.09.22 16:19:33.725,1.67505,1.6754,2.40,2.20
2009.09.22 16:19:37.874,1.67505,1.6754,2.80,2.20
2009.09.22 16:19:37.984,1.67505,1.6754,1.00,2.20
2009.09.22 16:19:40.293,1.675,1.67535,1.00,1.40
2009.09.22 16:19:40.623,1.675,1.67535,2.80,1.40
2009.09.22 16:19:40.953,1.675,1.67535,1.00,1.40
2009.09.22 16:19:45.312,1.675,1.6753,1.00,1.40
2009.09.22 16:19:49.281,1.675,1.6753,2.80,1.40
2009.09.22 16:19:56.729,1.675,1.67535,2.80,1.40
2009.09.22 16:19:56.849,1.67505,1.67535,1.00,1.40
2009.09.22 16:19:58.769,1.67505,1.67535,2.80,1.40
2009.09.22 16:20:00.808,1.67515,1.6755,2.40,1.80
2009.09.22 16:20:01.098,1.67515,1.67545,2.40,1.40
2009.09.22 16:20:01.338,1.6752,1.67545,2.40,1.40
2009.09.22 16:20:06.077,1.67515,1.6755,2.80,1.40
2009.09.22 16:20:06.297,1.67515,1.6755,4.40,1.40
2009.09.22 16:20:07.467,1.67515,1.6755,2.80,1.40
2009.09.22 16:20:10.356,1.67525,1.6756,1.00,1.80
2009.09.22 16:20:10.716,1.67515,1.6755,4.40,1.40
2009.09.22 16:20:11.066,1.67515,1.6755,2.80,1.40
2009.09.22 16:20:11.916,1.67515,1.6755,2.40,1.40
2009.09.22 16:20:12.436,1.6751,1.6755,2.80,1.40
2009.09.22 16:20:13.355,1.6751,1.6755,2.80,1.40
2009.09.22 16:20:13.515,1.67515,1.6755,1.00,1.40
2009.09.22 16:20:15.225,1.67515,1.6755,1.00,1.40
2009.09.22 16:20:17.314,1.67515,1.6755,1.20,1.40
2009.09.22 16:20:17.475,1.67515,1.6755,2.80,1.40
2009.09.22 16:20:17.824,1.67515,1.6755,1.00,1.40
2009.09.22 16:20:18.184,1.67515,1.6755,1.00,1.40
2009.09.22 16:20:18.534,1.67515,1.6755,2.80,1.40
2009.09.22 16:20:18.864,1.67515,1.6755,1.00,1.40
2009.09.22 16:20:26.572,1.67525,1.67555,2.40,2.20
2009.09.22 16:20:26.812,1.67535,1.67555,2.40,1.40
2009.09.22 16:20:27.042,1.6753,1.67555,2.40,1.40
2009.09.22 16:20:27.682,1.67525,1.67555,2.40,1.40
2009.09.22 16:20:27.802,1.6752,1.67555,2.40,1.40
2009.09.22 16:20:27.912,1.6752,1.67555,2.80,1.40
2009.09.22 16:20:28.482,1.6752,1.67555,2.40,1.40
2009.09.22 16:20:29.012,1.6752,1.67555,2.80,1.40
2009.09.22 16:20:31.401,1.6752,1.6755,2.80,1.40
2009.09.22 16:20:31.681,1.67515,1.6755,2.40,1.40
2009.09.22 16:20:31.891,1.67515,1.67555,2.40,1.00
2009.09.22 16:20:32.421,1.67515,1.67555,2.40,3.20
2009.09.22 16:20:32.661,1.67515,1.67555,2.40,3.20
2009.09.22 16:20:32.881,1.67515,1.67555,2.40,3.90
2009.09.22 16:20:33.450,1.67515,1.67555,2.40,3.80
2009.09.22 16:20:33.630,1.67515,1.67555,2.80,1.40
2009.09.22 16:20:35.760,1.67515,1.6756,5.80,3.80
2009.09.22 16:20:35.930,1.67515,1.67555,4.40,1.40
2009.09.22 16:20:36.100,1.67515,1.6756,5.80,3.80
2009.09.22 16:20:36.440,1.6752,1.6756,1.00,3.80
2009.09.22 16:20:36.600,1.67525,1.6756,1.60,2.40
2009.09.22 16:20:36.720,1.67525,1.67565,1.60,6.20
2009.09.22 16:20:37.120,1.67525,1.67565,1.60,3.80
2009.09.22 16:20:42.978,1.67525,1.6756,1.60,1.40
2009.09.22 16:20:43.208,1.67525,1.67565,1.60,3.80
2009.09.22 16:20:43.608,1.6752,1.67565,3.90,3.80
2009.09.22 16:20:43.778,1.6752,1.67555,3.20,1.40
2009.09.22 16:20:44.008,1.6752,1.67555,1.60,1.40
2009.09.22 16:20:44.338,1.6752,1.67555,4.00,1.40
2009.09.22 16:20:46.527,1.6752,1.6756,4.00,3.80
2009.09.22 16:20:46.817,1.6752,1.67555,4.00,1.40
2009.09.22 16:20:46.868,1.6752,1.67555,2.40,1.40
2009.09.22 16:20:47.097,1.6752,1.67555,1.00,1.40
2009.09.22 16:20:47.207,1.67515,1.67555,3.20,1.40
2009.09.22 16:20:47.437,1.67515,1.67555,2.80,1.40
2009.09.22 16:20:48.717,1.6752,1.67555,1.00,1.40
2009.09.22 16:20:48.887,1.67515,1.67555,2.80,1.40
2009.09.22 16:20:49.067,1.6752,1.67555,1.00,1.40
2009.09.22 16:20:49.237,1.67515,1.67555,2.80,1.40
2009.09.22 16:20:49.577,1.6752,1.67555,1.00,1.40
2009.09.22 16:20:50.096,1.67515,1.67555,2.80,1.40
2009.09.22 16:20:55.475,1.6752,1.67555,1.00,1.40
2009.09.22 16:20:57.555,1.67515,1.67555,2.80,1.40
2009.09.22 16:20:58.655,1.67515,1.6756,4.30,3.80
2009.09.22 16:20:58.875,1.67515,1.67555,2.80,1.40
2009.09.22 16:20:59.044,1.67515,1.67555,2.80,1.40
2009.09.22 16:20:59.164,1.6752,1.67555,2.40,1.40
2009.09.22 16:20:59.334,1.67515,1.67555,2.80,1.40
2009.09.22 16:21:00.234,1.6752,1.67555,1.00,1.40
2009.09.22 16:21:01.474,1.67515,1.67555,2.80,1.40
2009.09.22 16:21:01.584,1.6752,1.67555,1.00,1.40
2009.09.22 16:21:01.694,1.67515,1.6755,2.80,2.20
2009.09.22 16:21:01.994,1.67515,1.6755,1.00,2.20
2009.09.22 16:21:03.503,1.67515,1.6755,1.00,4.60
2009.09.22 16:21:05.753,1.67515,1.6755,1.00,2.40
2009.09.22 16:21:06.902,1.67515,1.67555,1.00,4.60
2009.09.22 16:21:07.202,1.67515,1.6755,1.00,2.20
2009.09.22 16:21:07.492,1.67515,1.6755,1.00,2.20
2009.09.22 16:21:08.632,1.67515,1.6755,1.00,2.20
2009.09.22 16:21:09.632,1.67515,1.67555,1.00,4.60
2009.09.22 16:21:10.042,1.67515,1.67555,1.00,4.60
2009.09.22 16:21:11.471,1.6752,1.67555,1.00,4.60
2009.09.22 16:21:13.151,1.67515,1.67555,1.00,4.60
2009.09.22 16:21:13.561,1.67515,1.67555,1.00,4.60
2009.09.22 16:21:15.650,1.6752,1.67555,1.00,4.60
2009.09.22 16:21:18.640,1.6752,1.67555,1.00,3.80
2009.09.22 16:21:19.340,1.6752,1.67555,1.00,1.40
2009.09.22 16:21:20.949,1.67515,1.67555,4.40,1.40
2009.09.22 16:21:23.758,1.6752,1.67555,1.00,1.40
2009.09.22 16:21:26.338,1.6752,1.67555,1.00,3.80
2009.09.22 16:21:37.445,1.6752,1.67555,1.00,1.40
2009.09.22 16:21:44.153,1.6752,1.6756,1.40,3.20
2009.09.22 16:21:44.374,1.67525,1.67555,1.00,2.40
2009.09.22 16:21:45.353,1.67525,1.67565,2.80,2.40
2009.09.22 16:21:45.703,1.6753,1.67565,1.00,2.40
2009.09.22 16:21:46.053,1.67525,1.67565,2.80,3.80
2009.09.22 16:21:46.563,1.6753,1.67565,1.00,2.40
2009.09.22 16:21:53.771,1.67525,1.67565,2.80,3.80
2009.09.22 16:21:54.221,1.67525,1.6756,2.80,1.40
2009.09.22 16:21:54.461,1.6752,1.67545,1.00,1.60
2009.09.22 16:21:54.911,1.67515,1.67555,1.00,3.80
2009.09.22 16:21:55.141,1.6752,1.67545,1.00,2.40
2009.09.22 16:21:55.321,1.6752,1.6755,1.00,2.40
2009.09.22 16:21:55.711,1.6752,1.67555,1.00,1.40
2009.09.22 16:21:56.060,1.67515,1.67545,2.40,1.40
2009.09.22 16:21:56.400,1.6751,1.67545,1.00,4.20
2009.09.22 16:21:56.730,1.6751,1.6754,1.00,1.40
2009.09.22 16:21:57.130,1.6751,1.67545,1.00,1.40
2009.09.22 16:21:57.291,1.6751,1.67545,1.00,1.40
2009.09.22 16:21:58.490,1.67515,1.67545,1.00,1.40
2009.09.22 16:22:00.570,1.6751,1.6754,1.00,1.40
2009.09.22 16:22:00.950,1.6751,1.67545,1.00,3.80
2009.09.22 16:22:01.699,1.6751,1.67525,1.00,1.40
2009.09.22 16:22:02.079,1.6751,1.6753,1.00,2.40
2009.09.22 16:22:02.359,1.6751,1.6754,1.00,3.80
2009.09.22 16:22:02.649,1.6751,1.6754,1.00,2.40
2009.09.22 16:22:02.949,1.6751,1.67545,1.00,3.80
2009.09.22 16:22:03.229,1.6751,1.6754,1.00,4.60
2009.09.22 16:22:04.269,1.6751,1.6754,1.00,2.40
2009.09.22 16:22:04.619,1.6751,1.67545,1.00,3.80
2009.09.22 16:22:04.958,1.6751,1.67545,1.00,3.80
2009.09.22 16:22:05.308,1.6751,1.6754,1.00,2.20
2009.09.22 16:22:05.998,1.6751,1.6754,1.00,2.40
2009.09.22 16:22:06.408,1.6751,1.67535,1.00,2.40
2009.09.22 16:22:07.108,1.6751,1.6753,1.00,1.60
2009.09.22 16:22:07.518,1.675,1.6753,1.00,1.60
2009.09.22 16:22:07.758,1.67495,1.6752,2.00,1.60
2009.09.22 16:22:07.988,1.67505,1.67515,1.00,2.40
2009.09.22 16:22:08.638,1.675,1.6752,1.00,2.40
2009.09.22 16:22:08.987,1.675,1.67535,1.00,3.80
2009.09.22 16:22:09.597,1.675,1.67535,1.00,3.80
2009.09.22 16:22:09.947,1.675,1.6753,1.00,1.40
2009.09.22 16:22:10.237,1.67505,1.67535,1.00,3.80
2009.09.22 16:22:10.527,1.6751,1.6754,1.00,3.60
2009.09.22 16:22:10.887,1.6751,1.67545,1.00,3.20
2009.09.22 16:22:11.227,1.67515,1.6755,1.00,3.80
2009.09.22 16:22:11.567,1.67515,1.67545,1.00,2.40
2009.09.22 16:22:11.857,1.67505,1.67545,4.40,4.80
2009.09.22 16:22:12.147,1.67505,1.67545,2.80,4.80
2009.09.22 16:22:12.497,1.67505,1.6754,1.00,2.40
2009.09.22 16:22:13.117,1.67505,1.6753,1.00,2.40
2009.09.22 16:22:13.757,1.67505,1.6754,1.00,2.40
2009.09.22 16:22:13.996,1.67505,1.6754,1.00,3.20
2009.09.22 16:22:14.286,1.67505,1.6754,1.00,2.40
2009.09.22 16:22:14.976,1.67505,1.6754,1.00,4.60
2009.09.22 16:22:15.666,1.675,1.67535,2.00,1.00
2009.09.22 16:22:16.016,1.675,1.6753,1.00,1.60
2009.09.22 16:22:21.444,1.6751,1.6753,1.00,1.60
2009.09.22 16:22:21.605,1.67495,1.67535,2.00,3.80
2009.09.22 16:22:21.834,1.67495,1.67535,1.00,3.80
2009.09.22 16:22:22.004,1.675,1.67535,1.00,3.80
2009.09.22 16:22:22.274,1.67495,1.67535,2.00,3.80
2009.09.22 16:22:22.724,1.67495,1.67535,2.80,1.40
2009.09.22 16:22:23.064,1.675,1.67535,2.40,1.40
2009.09.22 16:22:23.404,1.675,1.67535,2.80,1.40
2009.09.22 16:22:24.334,1.67505,1.67535,2.40,1.40
2009.09.22 16:22:24.904,1.67505,1.6753,2.40,1.40
2009.09.22 16:22:25.204,1.675,1.67525,2.40,1.40
2009.09.22 16:22:25.443,1.67495,1.67525,2.40,1.40
2009.09.22 16:22:25.793,1.6749,1.67525,2.80,1.40
2009.09.22 16:22:26.143,1.67485,1.67525,2.80,3.80
2009.09.22 16:22:27.063,1.67485,1.67525,2.80,3.80
2009.09.22 16:22:27.463,1.6749,1.67525,1.00,2.40
2009.09.22 16:22:27.803,1.675,1.67525,1.00,2.40
2009.09.22 16:22:28.093,1.67495,1.67535,1.00,2.40
2009.09.22 16:22:28.383,1.67505,1.67535,1.00,2.40
2009.09.22 16:22:29.133,1.67505,1.67545,2.80,2.40
2009.09.22 16:22:29.662,1.6751,1.6755,2.40,2.40
2009.09.22 16:22:29.893,1.6751,1.67555,2.40,4.20
2009.09.22 16:22:30.963,1.6751,1.6755,2.40,2.40
2009.09.22 16:22:31.192,1.67505,1.67545,2.80,2.40
2009.09.22 16:22:31.492,1.67505,1.6755,2.80,2.40
2009.09.22 16:22:32.072,1.67505,1.6754,2.80,1.40
2009.09.22 16:22:32.312,1.67505,1.67535,2.80,1.40
2009.09.22 16:22:32.612,1.67505,1.67535,2.40,1.80
2009.09.22 16:22:32.952,1.675,1.6754,2.40,3.80
2009.09.22 16:22:33.232,1.67495,1.6754,2.80,3.80
2009.09.22 16:22:33.572,1.67495,1.67535,2.80,2.40
2009.09.22 16:22:33.922,1.675,1.67535,1.00,2.40
2009.09.22 16:22:34.252,1.67505,1.67535,1.00,2.40
2009.09.22 16:22:34.601,1.675,1.67545,4.40,4.20
2009.09.22 16:22:34.951,1.675,1.67545,2.80,3.80
2009.09.22 16:22:35.301,1.675,1.67545,2.80,3.80
2009.09.22 16:22:35.821,1.675,1.6754,2.80,2.40
2009.09.22 16:22:36.181,1.675,1.67545,2.80,3.80
2009.09.22 16:22:36.571,1.675,1.67545,2.80,3.90
2009.09.22 16:22:40.590,1.67505,1.67545,1.00,3.80
2009.09.22 16:22:45.919,1.6751,1.67545,1.00,3.80
2009.09.22 16:22:46.299,1.67495,1.6753,1.00,4.00
2009.09.22 16:22:46.579,1.67495,1.67525,1.00,2.40
2009.09.22 16:22:46.869,1.675,1.6753,1.00,4.80
2009.09.22 16:22:47.158,1.675,1.6754,1.00,2.40
2009.09.22 16:22:47.388,1.675,1.67535,1.00,2.40
2009.09.22 16:22:48.158,1.67505,1.67535,1.00,2.40
2009.09.22 16:22:48.268,1.67505,1.6754,1.00,2.40
2009.09.22 16:22:48.618,1.67505,1.6755,2.80,2.80
2009.09.22 16:22:48.738,1.67505,1.6755,2.80,4.60
2009.09.22 16:22:48.848,1.6751,1.6755,2.40,4.60
2009.09.22 16:22:49.078,1.6751,1.6755,2.40,4.20
2009.09.22 16:22:49.308,1.67505,1.6754,1.00,2.40
2009.09.22 16:22:49.708,1.67505,1.67545,1.00,2.40
2009.09.22 16:22:50.068,1.67515,1.6754,1.00,2.40
2009.09.22 16:22:50.407,1.67515,1.6755,1.00,2.80
2009.09.22 16:22:50.748,1.67515,1.6755,1.00,2.40
2009.09.22 16:22:51.767,1.67515,1.67555,1.00,4.20
2009.09.22 16:22:52.067,1.67515,1.67555,1.00,3.80
2009.09.22 16:22:52.367,1.67515,1.6755,1.00,2.40
2009.09.22 16:22:52.607,1.67515,1.6755,1.00,4.00
2009.09.22 16:22:52.887,1.6751,1.67545,4.40,3.80
2009.09.22 16:22:53.127,1.6751,1.6754,1.00,2.40
2009.09.22 16:22:53.347,1.67505,1.67545,1.00,3.80
2009.09.22 16:22:53.637,1.67505,1.67545,2.80,3.80
2009.09.22 16:22:54.496,1.67505,1.67545,2.80,3.80
2009.09.22 16:22:55.806,1.67505,1.67545,5.90,2.40
2009.09.22 16:22:56.146,1.6751,1.6755,2.80,3.80
2009.09.22 16:22:57.526,1.6751,1.6755,2.80,3.80
2009.09.22 16:22:58.525,1.6751,1.67545,2.80,1.40
2009.09.22 16:22:58.866,1.6751,1.6753,2.40,1.60
2009.09.22 16:22:59.156,1.67505,1.6753,1.00,3.00
2009.09.22 16:22:59.265,1.67505,1.6753,1.00,1.60
2009.09.22 16:22:59.385,1.675,1.6753,1.00,3.00
2009.09.22 16:23:02.225,1.67495,1.6753,1.00,3.00
2009.09.22 16:23:02.395,1.67495,1.6753,1.90,1.60
2009.09.22 16:23:02.565,1.67495,1.67535,1.00,4.20
2009.09.22 16:23:02.725,1.67495,1.67535,1.90,2.40
2009.09.22 16:23:02.905,1.675,1.67535,2.80,2.40
2009.09.22 16:23:03.365,1.67505,1.67535,2.80,1.40
2009.09.22 16:23:03.714,1.67505,1.6754,1.00,2.40
2009.09.22 16:23:03.994,1.675,1.6754,2.80,1.40
2009.09.22 16:23:04.354,1.675,1.6754,1.00,3.80
2009.09.22 16:23:04.694,1.675,1.67535,1.00,2.40
2009.09.22 16:23:06.034,1.67505,1.6754,1.00,3.80
2009.09.22 16:23:06.434,1.675,1.6754,1.00,3.80
2009.09.22 16:23:06.554,1.675,1.6754,1.00,3.80
2009.09.22 16:23:06.734,1.67505,1.6754,1.00,3.80
2009.09.22 16:23:07.134,1.67505,1.67535,1.00,2.40
2009.09.22 16:23:07.474,1.675,1.67535,1.00,2.40
2009.09.22 16:23:07.983,1.675,1.6754,1.00,3.80
2009.09.22 16:23:10.283,1.675,1.6754,2.80,1.40
2009.09.22 16:23:10.563,1.675,1.6753,1.00,1.40
2009.09.22 16:23:10.803,1.675,1.6754,2.80,1.40
2009.09.22 16:23:11.383,1.675,1.67545,4.40,2.80
2009.09.22 16:23:12.012,1.67505,1.67545,1.00,2.40
2009.09.22 16:23:16.352,1.67505,1.67545,2.80,2.40
2009.09.22 16:23:18.041,1.67505,1.6754,2.80,1.40
2009.09.22 16:23:18.281,1.675,1.6754,4.80,1.40
2009.09.22 16:23:18.571,1.675,1.6754,2.80,1.40
2009.09.22 16:23:22.540,1.675,1.6754,1.00,3.80
2009.09.22 16:23:23.819,1.67495,1.6753,2.40,1.40
2009.09.22 16:23:24.909,1.67495,1.67535,2.40,1.40
2009.09.22 16:23:25.309,1.67495,1.6753,2.80,1.40
2009.09.22 16:23:26.049,1.67495,1.6753,2.40,1.40
2009.09.22 16:23:26.399,1.67485,1.67525,2.80,1.40
2009.09.22 16:23:27.099,1.6749,1.6752,1.00,1.40
2009.09.22 16:23:27.429,1.67485,1.6753,6.20,3.80
2009.09.22 16:23:27.719,1.67485,1.67525,4.60,2.40
2009.09.22 16:23:28.009,1.67485,1.6753,4.60,3.80
2009.09.22 16:23:28.308,1.6749,1.6753,2.40,1.40
2009.09.22 16:23:28.469,1.6749,1.6753,2.80,1.40
2009.09.22 16:23:28.878,1.67495,1.6753,1.00,1.40
2009.09.22 16:23:30.428,1.6749,1.6753,2.80,1.40
2009.09.22 16:23:31.018,1.6749,1.6753,2.40,1.40
2009.09.22 16:23:31.428,1.6749,1.6753,2.40,1.50
2009.09.22 16:23:34.487,1.6749,1.6753,2.40,1.40
2009.09.22 16:23:34.657,1.67495,1.6753,1.00,1.40
2009.09.22 16:23:34.927,1.675,1.6753,1.00,1.40
2009.09.22 16:23:35.047,1.675,1.67535,1.00,2.40
2009.09.22 16:23:35.497,1.67495,1.67535,4.20,2.40
2009.09.22 16:23:35.847,1.67495,1.67535,4.60,2.40
2009.09.22 16:23:36.187,1.67495,1.67535,3.20,1.40
2009.09.22 16:23:36.477,1.67495,1.6753,1.00,1.40
2009.09.22 16:23:36.716,1.6749,1.6753,2.80,1.40
2009.09.22 16:23:39.976,1.6749,1.6753,1.00,3.80
2009.09.22 16:23:41.195,1.6749,1.6753,1.00,2.40
2009.09.22 16:23:41.875,1.6749,1.6753,1.00,3.80
2009.09.22 16:23:42.545,1.67485,1.6753,4.20,3.80
2009.09.22 16:23:42.955,1.67495,1.6753,1.00,3.80
2009.09.22 16:23:45.674,1.67495,1.67525,1.00,1.40
2009.09.22 16:23:45.904,1.6749,1.67525,1.00,3.80
2009.09.22 16:23:46.254,1.67485,1.67525,2.40,3.80
2009.09.22 16:23:46.894,1.67485,1.67515,2.40,1.40
2009.09.22 16:23:47.014,1.6748,1.67515,2.80,3.80
2009.09.22 16:23:47.134,1.6748,1.67515,1.00,3.80
2009.09.22 16:23:47.314,1.67475,1.67515,2.80,3.80
2009.09.22 16:23:47.424,1.67475,1.67515,1.00,3.80
2009.09.22 16:23:48.254,1.67475,1.6751,1.00,2.40
2009.09.22 16:23:48.594,1.67475,1.67505,1.00,1.40
2009.09.22 16:23:49.113,1.67475,1.67505,1.00,3.80
2009.09.22 16:23:49.283,1.67465,1.67505,1.00,3.80
2009.09.22 16:23:51.413,1.67465,1.67505,2.80,1.40
2009.09.22 16:23:52.593,1.6747,1.67505,2.40,1.40
2009.09.22 16:23:53.122,1.67475,1.67505,1.00,1.40
2009.09.22 16:23:53.343,1.67475,1.67515,2.80,1.40
2009.09.22 16:23:53.522,1.6748,1.67525,1.00,2.60
2009.09.22 16:23:54.102,1.67485,1.67525,1.00,1.40
2009.09.22 16:23:56.412,1.67485,1.6751,1.00,2.40
2009.09.22 16:23:56.692,1.67485,1.67515,1.00,2.40
2009.09.22 16:23:57.751,1.67475,1.67505,2.80,1.40
2009.09.22 16:23:58.221,1.67475,1.67505,1.00,1.40
2009.09.22 16:23:59.031,1.6748,1.67505,1.00,1.40
2009.09.22 16:23:59.201,1.6748,1.6751,1.00,2.40
2009.09.22 16:23:59.551,1.67475,1.6751,2.00,2.40
2009.09.22 16:23:59.671,1.67475,1.67505,1.00,1.40
2009.09.22 16:23:59.781,1.67475,1.6751,1.00,2.40
2009.09.22 16:23:59.941,1.67475,1.6751,2.00,2.40
2009.09.22 16:23:59.991,1.6748,1.6751,1.00,2.40
2009.09.22 16:24:00.111,1.67475,1.67505,2.00,1.40
2009.09.22 16:24:00.511,1.6748,1.6751,1.00,2.40
2009.09.22 16:24:00.851,1.67475,1.67505,2.00,1.40
2009.09.22 16:24:01.520,1.6748,1.6751,1.00,2.40
2009.09.22 16:24:01.820,1.67475,1.67505,1.00,1.40
2009.09.22 16:24:02.400,1.67475,1.6751,1.00,2.40
2009.09.22 16:24:02.700,1.67475,1.67505,1.00,1.40
2009.09.22 16:24:02.880,1.67475,1.6751,1.00,2.40
2009.09.22 16:24:03.060,1.6748,1.6751,1.00,2.40
2009.09.22 16:24:03.230,1.67485,1.6751,1.00,2.40
2009.09.22 16:24:03.410,1.67485,1.67515,1.80,2.40
2009.09.22 16:24:03.530,1.67495,1.67515,1.00,2.40
2009.09.22 16:24:03.880,1.67495,1.6752,1.00,2.40
2009.09.22 16:24:04.100,1.67495,1.67525,1.00,2.40
2009.09.22 16:24:04.490,1.67495,1.67525,1.00,2.40
2009.09.22 16:24:05.480,1.6749,1.67515,1.00,2.40
2009.09.22 16:24:05.830,1.6749,1.67515,2.00,2.40
2009.09.22 16:24:06.579,1.67495,1.67525,1.00,2.40
2009.09.22 16:24:07.139,1.67495,1.6752,1.00,2.40
2009.09.22 16:24:07.649,1.6749,1.6752,1.60,2.40
2009.09.22 16:24:08.049,1.67485,1.67525,2.80,3.80
2009.09.22 16:24:08.389,1.67485,1.6752,1.00,2.40
2009.09.22 16:24:10.469,1.67495,1.6752,1.00,2.40
2009.09.22 16:24:11.108,1.675,1.6753,1.00,2.40
2009.09.22 16:24:11.468,1.675,1.67535,1.00,3.80
2009.09.22 16:24:11.818,1.67505,1.67535,1.00,2.40
2009.09.22 16:24:12.158,1.67505,1.6754,1.00,2.40
2009.09.22 16:24:12.448,1.67505,1.67545,1.00,2.40
2009.09.22 16:24:13.318,1.67505,1.6755,2.80,4.60
2009.09.22 16:24:13.548,1.67505,1.6755,2.80,4.70
2009.09.22 16:24:13.668,1.67505,1.67545,2.80,1.40
2009.09.22 16:24:13.778,1.675,1.67545,2.80,3.80
2009.09.22 16:24:13.898,1.675,1.67545,2.80,2.40
2009.09.22 16:24:14.008,1.675,1.67545,2.80,3.80
2009.09.22 16:24:14.238,1.675,1.67525,2.80,1.40
2009.09.22 16:24:15.067,1.67495,1.6753,2.40,1.40
2009.09.22 16:24:15.407,1.67495,1.67535,2.80,2.40
2009.09.22 16:24:15.757,1.67495,1.6754,2.80,3.80
2009.09.22 16:24:16.137,1.67495,1.6754,2.80,2.40
2009.09.22 16:24:16.487,1.675,1.6754,2.40,2.40
2009.09.22 16:24:16.827,1.675,1.67545,2.40,3.80
2009.09.22 16:24:16.997,1.675,1.6754,2.40,2.40
2009.09.22 16:24:17.227,1.675,1.67545,2.40,6.20
2009.09.22 16:24:17.406,1.675,1.67545,2.40,3.80
2009.09.22 16:24:17.586,1.67495,1.6754,5.20,2.40
2009.09.22 16:24:17.807,1.67495,1.6754,2.80,2.40
2009.09.22 16:24:18.286,1.675,1.67545,2.40,3.80
2009.09.22 16:24:18.576,1.675,1.67545,2.40,2.40
2009.09.22 16:24:18.856,1.675,1.67545,2.80,2.40
2009.09.22 16:24:19.156,1.67505,1.67545,2.40,3.80
2009.09.22 16:24:19.496,1.675,1.67545,5.20,2.40
2009.09.22 16:24:19.786,1.675,1.67545,2.80,3.80
2009.09.22 16:24:20.126,1.675,1.67545,2.80,2.40
2009.09.22 16:24:20.476,1.675,1.67535,1.00,3.80
2009.09.22 16:24:20.816,1.67495,1.67535,2.80,2.40
2009.09.22 16:24:21.146,1.675,1.67545,2.80,6.60
2009.09.22 16:24:21.496,1.675,1.67545,2.80,4.20
2009.09.22 16:24:21.856,1.675,1.67545,2.80,3.80
2009.09.22 16:24:26.955,1.67505,1.67545,2.40,1.40
2009.09.22 16:24:27.185,1.67505,1.6754,2.40,1.40
2009.09.22 16:24:27.405,1.6751,1.67545,2.40,1.40
2009.09.22 16:24:27.644,1.67515,1.67545,2.40,1.40
2009.09.22 16:24:27.874,1.67505,1.67545,2.40,1.40
2009.09.22 16:24:28.254,1.67505,1.67545,2.40,2.40
2009.09.22 16:24:29.134,1.675,1.6754,2.80,2.40
2009.09.22 16:24:29.194,1.675,1.6754,2.80,2.40
2009.09.22 16:24:29.754,1.675,1.6754,2.40,2.40
2009.09.22 16:24:29.924,1.675,1.6754,2.80,2.40
2009.09.22 16:24:30.274,1.675,1.67545,2.80,3.80
2009.09.22 16:24:38.312,1.675,1.67545,2.80,6.20
2009.09.22 16:24:38.551,1.675,1.67545,2.80,3.80
2009.09.22 16:24:39.081,1.675,1.67545,2.80,6.20
2009.09.22 16:24:39.252,1.675,1.6754,1.00,2.40
2009.09.22 16:24:43.081,1.6752,1.6754,1.00,2.40
2009.09.22 16:24:43.200,1.6752,1.67545,1.00,2.40
2009.09.22 16:24:45.580,1.6751,1.67545,1.60,2.40
2009.09.22 16:24:45.800,1.67505,1.67545,1.00,2.40
2009.09.22 16:24:46.100,1.675,1.67545,2.80,2.40
2009.09.22 16:24:46.340,1.675,1.67545,2.80,3.80
2009.09.22 16:24:47.259,1.675,1.67545,2.80,2.40
2009.09.22 16:24:47.729,1.67505,1.6755,2.40,4.30
2009.09.22 16:24:47.969,1.67505,1.6755,2.40,3.90
2009.09.22 16:24:48.369,1.6751,1.6755,1.00,3.90
2009.09.22 16:24:49.139,1.6751,1.6755,1.00,3.80
2009.09.22 16:24:51.968,1.67515,1.6755,1.00,2.40
2009.09.22 16:24:52.858,1.67515,1.67555,1.00,3.80
2009.09.22 16:24:54.948,1.67515,1.67555,1.00,2.40
2009.09.22 16:24:55.067,1.67515,1.6756,2.80,6.60
2009.09.22 16:24:55.247,1.67515,1.6756,2.80,4.20
2009.09.22 16:24:55.597,1.67515,1.6756,2.80,3.80
2009.09.22 16:24:57.137,1.67515,1.6756,2.80,3.90
2009.09.22 16:24:57.537,1.67515,1.6756,2.80,4.30
2009.09.22 16:25:02.136,1.67515,1.6756,2.40,4.30
2009.09.22 16:25:02.596,1.67515,1.6755,2.40,1.40
2009.09.22 16:25:02.886,1.6751,1.6755,2.80,1.40
2009.09.22 16:25:03.226,1.6751,1.67545,2.40,1.40
2009.09.22 16:25:03.516,1.67505,1.67545,1.00,6.20
2009.09.22 16:25:03.865,1.67505,1.6754,1.00,2.40
2009.09.22 16:25:07.025,1.67505,1.67545,1.00,3.80
2009.09.22 16:25:08.134,1.67505,1.6754,1.00,2.40
2009.09.22 16:25:08.805,1.675,1.6754,1.00,2.40
2009.09.22 16:25:12.603,1.675,1.6754,1.80,2.40
2009.09.22 16:25:13.003,1.675,1.6754,1.00,2.40
2009.09.22 16:25:13.183,1.675,1.6754,1.80,2.40
2009.09.22 16:25:13.353,1.67505,1.6754,1.00,2.40
2009.09.22 16:25:13.993,1.6751,1.67545,1.00,2.40
2009.09.22 16:25:14.453,1.67515,1.6755,1.00,2.40
2009.09.22 16:25:14.813,1.67515,1.67555,1.00,2.40
2009.09.22 16:25:15.503,1.67515,1.6756,2.80,3.90
2009.09.22 16:25:17.502,1.67515,1.6756,2.80,3.80
2009.09.22 16:25:17.622,1.67515,1.6756,2.80,2.40
2009.09.22 16:25:17.792,1.67525,1.6756,1.00,2.40
2009.09.22 16:25:17.952,1.67525,1.67555,1.00,2.40
2009.09.22 16:25:18.592,1.67525,1.6756,1.00,2.40
2009.09.22 16:25:18.702,1.6753,1.6756,1.00,2.40
2009.09.22 16:25:19.342,1.67525,1.6756,1.00,2.40
2009.09.22 16:25:19.452,1.67525,1.67555,1.00,2.40
2009.09.22 16:25:21.181,1.6753,1.67565,2.40,1.40
2009.09.22 16:25:21.531,1.67525,1.67555,1.00,2.40
2009.09.22 16:25:21.871,1.6752,1.67555,2.00,2.40
2009.09.22 16:25:22.101,1.6752,1.67555,1.00,2.40
2009.09.22 16:25:22.621,1.6752,1.6756,1.00,2.40
2009.09.22 16:25:23.311,1.67515,1.6756,4.40,3.80
2009.09.22 16:25:23.551,1.67515,1.6756,2.80,3.80
2009.09.22 16:25:28.180,1.67515,1.6756,2.40,3.80
2009.09.22 16:25:28.579,1.6751,1.67555,2.80,2.40
2009.09.22 16:25:29.429,1.6751,1.67555,5.80,2.40
2009.09.22 16:25:29.479,1.6752,1.67555,1.00,2.40
2009.09.22 16:25:29.539,1.6752,1.6756,2.80,2.40
2009.09.22 16:25:29.599,1.6752,1.67565,2.80,2.80
2009.09.22 16:25:29.999,1.6752,1.67565,3.20,2.40
2009.09.22 16:25:32.079,1.6752,1.6756,2.80,1.40
2009.09.22 16:25:32.189,1.6752,1.67555,1.00,2.40
2009.09.22 16:25:32.699,1.67515,1.67555,1.00,2.40
2009.09.22 16:25:32.939,1.6751,1.67555,3.20,2.40
2009.09.22 16:25:35.328,1.6751,1.6754,1.00,1.40
2009.09.22 16:25:35.628,1.675,1.6754,2.80,1.40
2009.09.22 16:25:35.968,1.67505,1.67535,2.40,1.40
2009.09.22 16:25:36.258,1.67505,1.67545,1.00,3.80
2009.09.22 16:25:36.608,1.6751,1.67545,2.40,1.40
2009.09.22 16:25:36.898,1.67515,1.67545,2.40,1.40
2009.09.22 16:25:37.807,1.67515,1.6755,2.40,1.40
2009.09.22 16:25:37.927,1.6751,1.6755,2.40,1.40
2009.09.22 16:25:37.987,1.6751,1.67555,3.80,4.20
2009.09.22 16:25:38.287,1.6751,1.67555,3.80,3.80
2009.09.22 16:25:38.527,1.6751,1.6755,1.80,2.40
2009.09.22 16:25:38.767,1.6751,1.6755,1.90,2.40
2009.09.22 16:25:45.225,1.6751,1.6755,1.80,2.40
2009.09.22 16:25:45.335,1.6751,1.6755,1.90,2.40
2009.09.22 16:25:50.034,1.675,1.6753,2.40,1.40
2009.09.22 16:25:50.364,1.6749,1.6753,1.20,3.80
2009.09.22 16:25:50.764,1.6749,1.6753,3.60,1.40
2009.09.22 16:25:51.104,1.6749,1.67535,4.20,3.20
2009.09.22 16:25:51.444,1.6749,1.6753,1.00,2.40
2009.09.22 16:25:51.794,1.67495,1.67535,1.00,3.80
2009.09.22 16:25:52.134,1.67495,1.67535,2.80,3.80
2009.09.22 16:25:52.424,1.67495,1.67535,2.80,1.40
2009.09.22 16:25:53.064,1.67495,1.67535,1.00,3.80
2009.09.22 16:25:54.045,1.6749,1.67535,2.80,3.80
2009.09.22 16:25:54.323,1.6749,1.67535,4.30,2.40
2009.09.22 16:25:54.373,1.67495,1.67535,1.00,2.40
2009.09.22 16:25:54.603,1.67495,1.67535,2.80,3.80
2009.09.22 16:25:54.763,1.67495,1.67535,1.00,3.80
2009.09.22 16:25:55.493,1.67495,1.67535,2.80,1.40
2009.09.22 16:26:01.891,1.67495,1.67535,2.80,3.80
2009.09.22 16:26:02.521,1.67495,1.67535,1.00,3.80
2009.09.22 16:26:03.641,1.6749,1.6753,4.40,1.40
2009.09.22 16:26:03.811,1.67495,1.67535,2.80,1.40
2009.09.22 16:26:04.151,1.67495,1.67535,1.00,3.80
2009.09.22 16:26:06.450,1.67495,1.6753,1.00,1.40
2009.09.22 16:26:07.330,1.67495,1.67535,1.00,4.20
2009.09.22 16:26:07.500,1.67495,1.67535,1.00,3.80
2009.09.22 16:26:11.539,1.6751,1.6754,1.00,5.20
2009.09.22 16:26:11.879,1.6751,1.6754,1.00,2.40
2009.09.22 16:26:17.068,1.67515,1.6755,1.00,2.40
2009.09.22 16:26:17.358,1.67515,1.67555,1.00,7.80
2009.09.22 16:26:17.707,1.67515,1.67555,1.00,5.40
2009.09.22 16:26:24.006,1.67515,1.67555,1.00,5.40
2009.09.22 16:26:28.485,1.67515,1.67555,1.00,5.40
2009.09.22 16:26:29.125,1.67515,1.6755,1.00,2.20
2009.09.22 16:26:29.245,1.67515,1.6755,1.60,1.00
2009.09.22 16:26:29.425,1.67515,1.67545,1.00,2.00
2009.09.22 16:26:29.755,1.6752,1.67545,1.60,2.40
2009.09.22 16:26:30.155,1.67515,1.67555,1.80,2.40
2009.09.22 16:26:30.495,1.67515,1.67555,4.20,2.40
2009.09.22 16:26:30.835,1.67515,1.6756,4.20,3.80
2009.09.22 16:26:32.344,1.6752,1.6756,2.80,2.40
2009.09.22 16:26:32.504,1.67525,1.6756,1.00,2.40
2009.09.22 16:26:32.894,1.67525,1.67565,3.40,2.40
2009.09.22 16:26:33.244,1.67535,1.6757,1.40,2.40
2009.09.22 16:26:33.584,1.67535,1.67575,1.40,2.40
2009.09.22 16:26:33.864,1.67535,1.6758,3.80,4.20
2009.09.22 16:26:34.444,1.67535,1.6758,4.20,4.20
2009.09.22 16:26:35.823,1.67535,1.67575,4.20,2.40
2009.09.22 16:26:36.124,1.6753,1.6757,2.40,1.40
2009.09.22 16:26:36.353,1.67525,1.6757,6.70,3.80
2009.09.22 16:26:36.593,1.67525,1.6757,2.80,3.80
2009.09.22 16:26:36.833,1.6753,1.6757,2.40,3.80
2009.09.22 16:26:37.403,1.6753,1.6757,2.40,2.40
2009.09.22 16:26:37.753,1.6753,1.67575,2.40,4.20
2009.09.22 16:26:38.103,1.67535,1.67575,2.40,4.20
2009.09.22 16:26:39.162,1.67535,1.6757,2.40,1.40
2009.09.22 16:26:39.673,1.67535,1.67565,2.40,1.00
2009.09.22 16:26:39.732,1.67535,1.6757,2.40,1.80
2009.09.22 16:26:39.843,1.67535,1.67565,2.40,1.40
2009.09.22 16:26:39.902,1.67525,1.67565,1.00,3.80
2009.09.22 16:26:40.022,1.67525,1.67565,1.00,3.80
2009.09.22 16:26:40.363,1.6752,1.6756,2.80,1.40
2009.09.22 16:26:40.702,1.67525,1.6756,2.40,1.40
2009.09.22 16:26:45.021,1.67525,1.67565,3.80,3.20
2009.09.22 16:26:45.181,1.67525,1.67565,4.20,2.40
2009.09.22 16:26:45.291,1.6753,1.6757,2.40,4.20
2009.09.22 16:26:45.461,1.6753,1.6757,2.40,1.40
2009.09.22 16:26:45.622,1.67535,1.6757,1.00,1.40
2009.09.22 16:26:45.941,1.6754,1.67575,1.40,2.40
2009.09.22 16:26:46.351,1.6754,1.6758,2.40,1.40
2009.09.22 16:26:46.691,1.6754,1.6758,1.00,3.80
2009.09.22 16:26:47.031,1.67535,1.6758,4.20,3.80
2009.09.22 16:26:47.981,1.67535,1.67575,4.20,2.40
2009.09.22 16:26:49.590,1.67535,1.6758,4.20,3.80
2009.09.22 16:26:49.750,1.67535,1.6758,4.30,3.80
2009.09.22 16:26:51.100,1.67535,1.6758,5.40,3.80
2009.09.22 16:26:51.450,1.67535,1.6757,2.40,1.40
2009.09.22 16:26:51.560,1.6754,1.6757,2.40,1.40
2009.09.22 16:26:52.309,1.67525,1.6757,2.80,3.80
2009.09.22 16:26:52.879,1.6753,1.6757,1.40,2.40
2009.09.22 16:26:53.059,1.67535,1.6757,1.00,2.40
2009.09.22 16:26:53.349,1.67535,1.6757,3.00,2.40
2009.09.22 16:26:53.979,1.67535,1.6758,5.40,3.80
2009.09.22 16:26:57.768,1.67535,1.6758,5.40,4.60
2009.09.22 16:26:57.818,1.67535,1.6758,4.00,4.60
2009.09.22 16:26:57.938,1.67535,1.67565,2.40,1.40
2009.09.22 16:26:58.058,1.67535,1.6757,2.40,1.60
2009.09.22 16:26:58.178,1.67535,1.67575,3.80,1.00
2009.09.22 16:26:58.238,1.67535,1.6757,2.40,1.40
2009.09.22 16:26:58.638,1.67535,1.6757,1.40,2.80
2009.09.22 16:26:58.968,1.67535,1.67575,1.40,2.40
2009.09.22 16:26:59.988,1.67535,1.67575,3.80,2.40
2009.09.22 16:27:03.167,1.67535,1.67575,4.20,2.40
2009.09.22 16:27:04.467,1.67535,1.67575,4.30,2.40
2009.09.22 16:27:05.976,1.67535,1.67575,4.20,2.40
2009.09.22 16:27:06.336,1.67535,1.67575,2.80,3.80
2009.09.22 16:27:06.686,1.67535,1.67575,2.40,1.40
2009.09.22 16:27:07.086,1.67535,1.67575,2.80,1.40
2009.09.22 16:27:07.326,1.6754,1.67575,2.40,1.40
2009.09.22 16:27:07.566,1.6754,1.6757,2.40,1.40
2009.09.22 16:27:07.786,1.6753,1.6757,2.80,1.40
2009.09.22 16:27:08.325,1.67535,1.67575,2.00,2.80
2009.09.22 16:27:08.666,1.6753,1.6757,2.40,1.40
2009.09.22 16:27:08.955,1.6753,1.6757,2.80,1.40
2009.09.22 16:27:09.685,1.6753,1.6756,2.40,1.40
2009.09.22 16:27:10.035,1.67525,1.6756,5.20,1.40
2009.09.22 16:27:10.315,1.67525,1.6756,1.00,1.40
2009.09.22 16:27:10.835,1.67525,1.6756,2.80,1.40
2009.09.22 16:27:11.405,1.6753,1.67565,1.00,1.00
2009.09.22 16:27:11.765,1.67535,1.67565,2.40,1.80
2009.09.22 16:27:12.115,1.67525,1.6757,4.40,4.20
2009.09.22 16:27:12.464,1.67525,1.67565,4.40,1.00
2009.09.22 16:27:12.814,1.67525,1.6757,4.40,4.20
2009.09.22 16:27:13.544,1.67525,1.6757,4.40,4.20
2009.09.22 16:27:14.114,1.6753,1.6757,2.40,1.80
2009.09.22 16:27:17.503,1.6753,1.6757,2.40,3.40
2009.09.22 16:27:18.193,1.6753,1.6757,2.80,1.80
2009.09.22 16:27:18.303,1.67535,1.6757,1.40,1.00
2009.09.22 16:27:18.653,1.67545,1.67575,2.40,1.00
2009.09.22 16:27:18.983,1.67545,1.6758,2.40,3.40
2009.09.22 16:27:20.733,1.67545,1.6758,1.00,1.00
2009.09.22 16:27:21.063,1.67535,1.67575,4.40,2.40
2009.09.22 16:27:21.363,1.67535,1.67575,2.80,3.80
2009.09.22 16:27:21.702,1.6753,1.6757,1.00,2.40
2009.09.22 16:27:23.342,1.67525,1.6757,5.90,2.40
2009.09.22 16:27:23.642,1.67525,1.6757,8.30,2.40
2009.09.22 16:27:23.822,1.6753,1.67575,2.40,3.80
2009.09.22 16:27:24.042,1.6753,1.67575,2.80,3.80
2009.09.22 16:27:27.801,1.6753,1.67575,2.40,3.80
2009.09.22 16:27:35.730,1.6753,1.67565,2.40,1.40
2009.09.22 16:27:35.949,1.67525,1.67565,2.80,1.40
2009.09.22 16:27:36.419,1.6753,1.67565,2.40,1.40
2009.09.22 16:27:38.738,1.67525,1.67565,2.80,1.40
2009.09.22 16:27:41.387,1.67535,1.6757,2.40,1.80
2009.09.22 16:27:41.727,1.67535,1.6757,2.80,1.80
2009.09.22 16:27:42.077,1.6754,1.6757,2.40,1.40
2009.09.22 16:27:42.927,1.67535,1.6757,2.40,1.40
2009.09.22 16:27:51.585,1.6753,1.6757,2.80,1.40
2009.09.22 16:27:51.865,1.67535,1.6757,2.40,1.40
2009.09.22 16:27:58.714,1.67535,1.67565,2.40,1.40
2009.09.22 16:27:58.994,1.6753,1.67565,2.40,1.40
2009.09.22 16:28:00.523,1.67525,1.67565,2.80,3.80
2009.09.22 16:28:00.763,1.67535,1.67565,2.40,1.40
2009.09.22 16:28:02.072,1.67535,1.6756,2.40,1.40
2009.09.22 16:28:02.702,1.6753,1.6756,2.40,1.40
2009.09.22 16:28:07.581,1.67535,1.6757,2.40,1.80
2009.09.22 16:28:07.751,1.6754,1.6757,2.40,1.80
2009.09.22 16:28:08.171,1.6754,1.6757,2.40,1.40
2009.09.22 16:28:08.531,1.6754,1.67565,2.40,1.40
2009.09.22 16:28:08.801,1.67535,1.67565,2.40,1.40
2009.09.22 16:28:10.640,1.67525,1.67565,2.80,1.40
2009.09.22 16:28:17.529,1.67525,1.67565,2.80,3.80
2009.09.22 16:28:21.598,1.67535,1.6757,1.00,4.20
2009.09.22 16:28:21.948,1.6753,1.6757,1.20,3.80
2009.09.22 16:28:23.418,1.6753,1.67565,1.00,1.40
2009.09.22 16:28:23.538,1.67525,1.67565,2.80,1.40
2009.09.22 16:28:23.647,1.67525,1.6757,4.20,4.20
2009.09.22 16:28:23.767,1.6753,1.6757,1.00,3.80
2009.09.22 16:28:24.107,1.6753,1.6757,2.80,3.80
2009.09.22 16:28:24.217,1.67535,1.6757,2.40,1.40
2009.09.22 16:28:28.416,1.67535,1.67555,2.40,1.40
2009.09.22 16:28:28.696,1.67525,1.67555,1.00,1.40
2009.09.22 16:28:28.806,1.67525,1.6754,1.00,1.40
2009.09.22 16:28:28.866,1.67525,1.6754,1.00,1.80
2009.09.22 16:28:28.926,1.67525,1.6754,1.00,2.60
2009.09.22 16:28:29.036,1.67525,1.6753,1.00,1.40
2009.09.22 16:28:29.156,1.6751,1.6753,2.40,1.40
2009.09.22 16:28:29.396,1.67495,1.6753,1.00,1.40
2009.09.22 16:28:29.456,1.6749,1.6753,4.40,1.40
2009.09.22 16:28:29.686,1.67495,1.6753,2.40,1.40
2009.09.22 16:28:30.076,1.6749,1.6753,4.40,1.40
2009.09.22 16:28:30.715,1.6749,1.6753,5.20,1.40
2009.09.22 16:28:31.106,1.67495,1.67535,1.80,1.00
2009.09.22 16:28:31.445,1.675,1.67535,1.00,1.00
2009.09.22 16:28:31.786,1.675,1.6754,1.00,1.40
2009.09.22 16:28:32.015,1.675,1.6753,1.00,2.40
2009.09.22 16:28:35.115,1.67505,1.6753,1.40,2.40
2009.09.22 16:28:35.235,1.6751,1.67545,1.00,2.40
2009.09.22 16:28:35.474,1.6751,1.6755,1.00,2.80
2009.09.22 16:28:35.865,1.6751,1.6755,1.00,2.40
2009.09.22 16:28:36.214,1.6751,1.6755,2.40,1.80
2009.09.22 16:28:36.554,1.675,1.67545,5.90,2.40
2009.09.22 16:28:37.494,1.675,1.67545,5.80,2.40
2009.09.22 16:28:38.424,1.67505,1.6755,2.80,6.60
2009.09.22 16:28:38.544,1.67505,1.6755,2.80,4.20
2009.09.22 16:28:38.784,1.675,1.67535,2.80,1.40
2009.09.22 16:28:39.124,1.675,1.67535,2.40,1.40
2009.09.22 16:28:41.613,1.675,1.6754,2.80,1.40
2009.09.22 16:28:42.013,1.6751,1.67545,1.60,1.00
2009.09.22 16:28:42.413,1.6751,1.6755,2.00,3.80
2009.09.22 16:28:46.492,1.6751,1.6755,3.40,2.40
2009.09.22 16:28:46.832,1.6751,1.6755,3.00,2.40
2009.09.22 16:28:52.171,1.6751,1.67555,5.80,5.40
2009.09.22 16:28:53.210,1.6751,1.67555,5.90,4.00
2009.09.22 16:28:53.440,1.6752,1.67555,1.00,4.60
2009.09.22 16:28:53.720,1.67515,1.6755,3.40,2.40
2009.09.22 16:28:53.830,1.6752,1.67555,1.40,2.40
2009.09.22 16:28:53.950,1.67525,1.67555,1.40,2.40
2009.09.22 16:28:54.060,1.6752,1.67555,1.80,2.40
2009.09.22 16:28:54.180,1.6752,1.67555,1.00,2.40
2009.09.22 16:28:54.580,1.6752,1.6756,4.20,4.80
2009.09.22 16:28:54.690,1.6752,1.6756,3.80,2.40
2009.09.22 16:28:55.040,1.6752,1.6756,1.00,4.60
2009.09.22 16:28:55.420,1.6751,1.67555,4.20,2.40
2009.09.22 16:28:56.450,1.67515,1.67555,1.80,2.40
2009.09.22 16:28:56.789,1.67515,1.6756,4.20,2.40
2009.09.22 16:28:57.719,1.67515,1.6756,4.30,2.40
2009.09.22 16:28:58.529,1.67515,1.6756,4.20,2.40
2009.09.22 16:28:58.699,1.67515,1.67555,2.80,3.00
2009.09.22 16:28:58.809,1.6751,1.6755,3.50,2.40
2009.09.22 16:28:58.979,1.6751,1.67555,5.90,5.40
2009.09.22 16:28:59.499,1.6751,1.67555,5.80,5.40
2009.09.22 16:29:01.498,1.6751,1.67555,5.90,5.40
2009.09.22 16:29:02.548,1.6751,1.6755,2.80,1.40
2009.09.22 16:29:02.778,1.6751,1.6755,1.00,3.80
2009.09.22 16:29:03.058,1.6751,1.67555,5.80,4.20
2009.09.22 16:29:03.288,1.6752,1.67555,2.80,1.00
2009.09.22 16:29:03.568,1.6752,1.67565,2.80,2.40
2009.09.22 16:29:08.017,1.6752,1.67565,2.80,2.40
2009.09.22 16:29:08.237,1.6752,1.67565,2.80,2.40
2009.09.22 16:29:08.417,1.6752,1.67565,2.80,2.40
2009.09.22 16:29:08.596,1.67525,1.67565,1.00,2.40
2009.09.22 16:29:08.826,1.67525,1.6757,2.80,2.80
2009.09.22 16:29:09.066,1.67525,1.6757,2.80,2.40
2009.09.22 16:29:09.516,1.67525,1.6757,2.80,2.40
2009.09.22 16:29:10.016,1.67525,1.6757,2.80,2.40
2009.09.22 16:29:10.136,1.67525,1.6757,2.40,4.70
2009.09.22 16:29:10.616,1.6752,1.67565,4.80,3.20
2009.09.22 16:29:10.796,1.6752,1.67565,2.40,4.60
2009.09.22 16:29:11.667,1.6752,1.67565,2.40,6.60
2009.09.22 16:29:12.006,1.6752,1.6756,2.40,1.60
2009.09.22 16:29:12.356,1.67515,1.6756,2.40,5.80
2009.09.22 16:29:13.466,1.67515,1.6756,2.40,5.90
2009.09.22 16:29:14.215,1.67515,1.6756,2.40,8.30
2009.09.22 16:29:14.395,1.6751,1.67555,5.90,2.40
2009.09.22 16:29:17.684,1.67515,1.67555,1.90,2.40
2009.09.22 16:29:17.974,1.67515,1.6756,4.30,2.40
2009.09.22 16:29:18.154,1.67525,1.6756,1.00,2.40
2009.09.22 16:29:19.814,1.67525,1.67565,1.00,3.80
2009.09.22 16:29:22.363,1.67525,1.6756,1.00,2.40
2009.09.22 16:29:22.713,1.67525,1.6757,2.80,4.20
2009.09.22 16:29:27.732,1.6753,1.6757,1.00,4.20
2009.09.22 16:29:27.852,1.6753,1.6757,1.80,2.80
2009.09.22 16:29:28.082,1.6753,1.6757,4.20,1.00
2009.09.22 16:29:28.202,1.6753,1.6757,6.60,1.00
2009.09.22 16:29:28.322,1.67535,1.67575,2.40,2.30
2009.09.22 16:29:28.903,1.67535,1.67575,2.40,4.70
2009.09.22 16:29:29.082,1.6753,1.6757,2.80,1.40
2009.09.22 16:29:39.209,1.6753,1.6757,1.00,3.80
2009.09.22 16:29:40.539,1.6753,1.6757,2.80,1.40
2009.09.22 16:29:49.397,1.6753,1.67565,2.80,1.00
2009.09.22 16:29:49.567,1.6753,1.6756,2.80,1.40
2009.09.22 16:29:49.737,1.6752,1.6756,2.80,3.80
2009.09.22 16:29:50.007,1.6752,1.6755,2.40,3.40
2009.09.22 16:29:50.187,1.6751,1.6755,1.00,5.80
2009.09.22 16:29:50.406,1.67505,1.6755,2.80,4.20
2009.09.22 16:29:50.646,1.67505,1.67545,2.80,1.00
2009.09.22 16:29:50.876,1.67505,1.6755,2.80,4.60
2009.09.22 16:29:51.556,1.67505,1.6755,2.80,4.60
2009.09.22 16:29:51.906,1.67505,1.6755,5.20,4.60
2009.09.22 16:29:52.086,1.67515,1.6755,1.60,2.80
2009.09.22 16:29:52.306,1.67515,1.6755,4.00,1.00
2009.09.22 16:29:52.527,1.67515,1.67555,4.00,4.20
2009.09.22 16:29:52.646,1.67515,1.67555,4.00,3.80
2009.09.22 16:29:52.826,1.67515,1.67555,4.00,1.40
2009.09.22 16:29:55.725,1.67515,1.6756,4.40,5.10
2009.09.22 16:29:56.005,1.6752,1.6756,2.40,4.30
2009.09.22 16:29:56.235,1.67525,1.6756,2.40,1.90
2009.09.22 16:29:57.835,1.67525,1.6756,2.40,1.40
2009.09.22 16:29:59.624,1.67525,1.6756,2.40,1.50
2009.09.22 16:29:59.734,1.67525,1.6755,2.40,1.40
2009.09.22 16:29:59.854,1.6752,1.6755,1.00,6.20
2009.09.22 16:29:59.964,1.6752,1.67545,1.00,2.40
2009.09.22 16:30:00.024,1.6752,1.6754,1.00,1.40
2009.09.22 16:30:00.354,1.6751,1.6754,1.00,3.80
2009.09.22 16:30:00.814,1.675,1.6754,1.00,3.80
2009.09.22 16:30:01.164,1.675,1.6754,2.80,3.80
2009.09.22 16:30:01.514,1.675,1.6754,2.80,3.80
2009.09.22 16:30:01.864,1.675,1.6754,2.80,6.20
2009.09.22 16:30:02.204,1.675,1.67535,1.00,2.40
2009.09.22 16:30:02.554,1.675,1.67535,1.00,2.40
2009.09.22 16:30:02.903,1.675,1.6754,2.80,6.20
2009.09.22 16:30:02.963,1.675,1.6754,2.80,3.80
2009.09.22 16:30:04.133,1.67505,1.6754,2.40,1.40
2009.09.22 16:30:04.883,1.675,1.67535,2.80,1.40
2009.09.22 16:30:05.053,1.67495,1.67535,2.80,1.40
2009.09.22 16:30:05.584,1.67495,1.67535,1.00,3.80
2009.09.22 16:30:06.272,1.67495,1.6753,1.00,2.40
2009.09.22 16:30:06.453,1.67495,1.6753,1.00,2.40
2009.09.22 16:30:09.942,1.67495,1.67535,2.80,6.20
2009.09.22 16:30:10.122,1.67495,1.67535,2.80,3.80
2009.09.22 16:30:10.532,1.67495,1.67535,2.80,1.40
2009.09.22 16:30:11.261,1.675,1.67535,2.40,1.40
2009.09.22 16:30:15.880,1.67495,1.67535,5.20,1.40
2009.09.22 16:30:16.230,1.67495,1.67535,2.80,1.40
2009.09.22 16:30:17.090,1.675,1.67535,2.40,1.40
2009.09.22 16:30:21.259,1.675,1.67535,2.80,1.40
2009.09.22 16:30:21.619,1.67505,1.67535,2.40,1.40
2009.09.22 16:30:21.969,1.675,1.6754,2.40,1.40
2009.09.22 16:30:22.319,1.675,1.6754,2.40,3.80
2009.09.22 16:30:22.669,1.675,1.6754,2.40,1.40
2009.09.22 16:30:24.148,1.675,1.67545,4.80,4.20
2009.09.22 16:30:24.378,1.67505,1.67545,2.40,4.20
2009.09.22 16:30:24.768,1.67505,1.67545,2.80,3.80
2009.09.22 16:30:25.148,1.67505,1.67545,2.40,3.80
2009.09.22 16:30:25.848,1.67505,1.67545,3.90,2.40
2009.09.22 16:30:26.238,1.67505,1.6755,4.30,2.80
2009.09.22 16:30:26.578,1.67505,1.67545,2.40,3.00
2009.09.22 16:30:27.568,1.67505,1.6755,4.30,2.80
2009.09.22 16:30:27.847,1.6751,1.6755,2.40,2.80
2009.09.22 16:30:28.308,1.6751,1.6755,2.40,1.00
2009.09.22 16:30:28.547,1.6751,1.6755,2.40,2.80
2009.09.22 16:30:29.237,1.6751,1.6755,2.40,1.00
2009.09.22 16:30:33.256,1.6752,1.67555,2.40,2.60
2009.09.22 16:30:33.606,1.6752,1.6755,2.40,1.00
2009.09.22 16:30:34.866,1.67515,1.6755,4.80,1.00
2009.09.22 16:30:35.096,1.67515,1.6755,2.40,1.00
2009.09.22 16:30:39.475,1.67515,1.6755,2.40,1.80
2009.09.22 16:30:41.444,1.6751,1.6755,2.80,4.20
2009.09.22 16:30:43.294,1.6751,1.6755,1.00,4.20
2009.09.22 16:30:43.694,1.67505,1.6755,2.80,4.20
2009.09.22 16:30:44.214,1.67505,1.6755,2.80,4.20
2009.09.22 16:30:44.683,1.6751,1.6755,1.60,2.80
2009.09.22 16:30:44.794,1.6751,1.6755,3.40,2.80
2009.09.22 16:30:45.153,1.67515,1.67555,2.40,4.20
2009.09.22 16:30:45.793,1.6751,1.67555,5.80,4.20
2009.09.22 16:30:48.582,1.6751,1.67555,5.80,4.30
2009.09.22 16:30:56.260,1.6751,1.67555,5.40,4.30
2009.09.22 16:30:56.490,1.6751,1.6755,5.40,2.40
2009.09.22 16:31:00.449,1.6751,1.67545,4.00,1.40
2009.09.22 16:31:00.510,1.6751,1.67545,2.40,1.40
2009.09.22 16:31:00.850,1.67505,1.67545,2.40,1.40
2009.09.22 16:31:01.180,1.67505,1.6755,3.80,4.20
2009.09.22 16:31:01.479,1.67505,1.67545,2.40,1.40
2009.09.22 16:31:03.759,1.67505,1.67545,2.40,1.80
2009.09.22 16:31:04.508,1.67505,1.67545,2.40,1.90
2009.09.22 16:31:04.789,1.67505,1.67545,2.40,1.00
2009.09.22 16:31:05.309,1.67505,1.67545,2.40,1.00
2009.09.22 16:31:10.347,1.67505,1.6755,3.80,4.20
2009.09.22 16:31:12.637,1.67505,1.6755,2.40,4.20
2009.09.22 16:31:12.977,1.67505,1.6755,2.40,4.60
2009.09.22 16:31:13.267,1.67505,1.67545,2.40,2.40
2009.09.22 16:31:14.196,1.6752,1.6755,1.60,1.00
2009.09.22 16:31:14.776,1.6752,1.6756,1.60,4.70
2009.09.22 16:31:14.826,1.6752,1.6756,1.60,4.30
2009.09.22 16:31:14.876,1.6752,1.67555,1.60,1.40
2009.09.22 16:31:14.936,1.67515,1.67555,4.00,1.40
2009.09.22 16:31:15.166,1.67515,1.67555,4.00,3.80
2009.09.22 16:31:15.976,1.67525,1.67565,2.40,4.70
2009.09.22 16:31:16.316,1.67525,1.67565,2.40,2.30
2009.09.22 16:31:16.966,1.67525,1.6756,2.40,3.40
2009.09.22 16:31:17.356,1.6752,1.67555,1.60,2.40
2009.09.22 16:31:22.294,1.675,1.6754,2.00,2.40
2009.09.22 16:31:22.594,1.675,1.6754,1.60,2.40
2009.09.22 16:31:26.583,1.675,1.6754,3.00,2.40
2009.09.22 16:31:26.923,1.67505,1.67545,2.40,2.40
2009.09.22 16:31:29.573,1.67505,1.67545,3.80,2.40
2009.09.22 16:31:29.743,1.67505,1.6755,3.80,5.20
2009.09.22 16:31:29.862,1.67505,1.6755,2.40,4.60
2009.09.22 16:31:30.032,1.67505,1.6755,2.40,7.10
2009.09.22 16:31:30.152,1.67505,1.67545,2.40,5.80
2009.09.22 16:31:30.322,1.675,1.6754,5.90,2.40
2009.09.22 16:31:30.552,1.67505,1.67545,2.80,5.20
2009.09.22 16:31:30.852,1.67505,1.67545,2.80,2.40
2009.09.22 16:31:32.972,1.675,1.6754,2.80,2.40
2009.09.22 16:31:33.032,1.675,1.6754,2.00,2.40
2009.09.22 16:31:33.482,1.67505,1.6754,1.00,2.40
2009.09.22 16:31:33.532,1.6751,1.6754,1.40,2.40
2009.09.22 16:31:33.652,1.6751,1.6754,3.00,2.40
2009.09.22 16:31:34.072,1.6751,1.6755,2.40,2.40
2009.09.22 16:31:35.041,1.6751,1.67555,2.40,5.90
2009.09.22 16:31:35.271,1.6752,1.6755,1.60,2.40
2009.09.22 16:31:35.551,1.6752,1.6755,1.60,1.00
2009.09.22 16:31:35.831,1.6752,1.6755,4.00,1.00
2009.09.22 16:31:36.171,1.6752,1.67565,4.00,6.30
2009.09.22 16:31:36.871,1.6752,1.6756,2.40,1.00
2009.09.22 16:31:37.511,1.6752,1.67565,2.40,6.30
2009.09.22 16:31:38.550,1.6752,1.6756,2.40,1.80
2009.09.22 16:31:38.670,1.6752,1.67555,2.40,1.60
2009.09.22 16:31:39.010,1.6752,1.6756,2.40,1.80
2009.09.22 16:31:39.230,1.6752,1.6756,2.40,1.00
2009.09.22 16:31:39.350,1.6752,1.6756,4.00,1.00
2009.09.22 16:31:39.510,1.6752,1.67565,4.00,5.90
2009.09.22 16:31:39.860,1.6752,1.67565,2.40,5.90
2009.09.22 16:31:41.240,1.6752,1.67565,4.00,4.30
2009.09.22 16:31:41.590,1.6752,1.6756,4.00,2.40
2009.09.22 16:31:45.139,1.6752,1.67565,5.80,2.40
2009.09.22 16:31:45.489,1.6752,1.67565,4.00,4.30
2009.09.22 16:31:48.228,1.6752,1.67565,4.00,6.70
2009.09.22 16:31:48.448,1.6752,1.6756,4.00,2.40
2009.09.22 16:31:48.678,1.6752,1.6756,2.40,2.40
2009.09.22 16:31:51.047,1.6752,1.6755,2.40,1.40
2009.09.22 16:31:51.457,1.6752,1.67545,2.40,1.60
2009.09.22 16:31:52.257,1.6752,1.6756,5.80,2.40
2009.09.22 16:31:52.927,1.67525,1.67565,2.40,2.80
2009.09.22 16:31:53.547,1.67525,1.6756,2.40,1.40
2009.09.22 16:31:53.837,1.67525,1.6756,2.40,3.00
2009.09.22 16:31:54.057,1.6752,1.6756,2.40,5.80
2009.09.22 16:31:54.277,1.6752,1.67555,2.40,3.00
2009.09.22 16:31:54.397,1.67515,1.67555,2.40,5.40
2009.09.22 16:31:54.577,1.67515,1.67555,2.40,5.90
2009.09.22 16:31:55.296,1.67515,1.67555,2.40,4.30
2009.09.22 16:31:55.416,1.67515,1.6755,2.40,1.40
2009.09.22 16:31:55.646,1.67515,1.6754,2.40,1.40
2009.09.22 16:31:55.876,1.67515,1.67535,2.40,1.60
2009.09.22 16:31:56.106,1.675,1.67535,1.20,5.40
2009.09.22 16:31:56.346,1.67495,1.67535,1.00,5.40
2009.09.22 16:31:59.515,1.67495,1.67535,2.80,3.00
2009.09.22 16:32:00.075,1.67495,1.67535,2.80,5.40
2009.09.22 16:32:04.284,1.67495,1.67535,4.20,2.40
2009.09.22 16:32:04.394,1.67495,1.6754,4.20,4.20
2009.09.22 16:32:04.754,1.675,1.6754,2.40,1.80
2009.09.22 16:32:04.994,1.675,1.6754,4.20,1.00
2009.09.22 16:32:05.174,1.675,1.6754,2.80,1.80
2009.09.22 16:32:05.624,1.675,1.6754,8.20,2.80
2009.09.22 16:32:05.974,1.675,1.67545,5.80,5.80
2009.09.22 16:32:09.453,1.675,1.67545,5.90,5.80
2009.09.22 16:32:17.671,1.675,1.6754,2.80,1.40
2009.09.22 16:32:18.011,1.675,1.6754,2.40,3.80
2009.09.22 16:32:21.670,1.675,1.6754,2.80,3.80
2009.09.22 16:32:24.499,1.67505,1.6754,1.40,2.40
2009.09.22 16:32:24.679,1.67505,1.67545,1.80,5.20
2009.09.22 16:32:24.799,1.6751,1.67545,1.40,2.80
2009.09.22 16:32:24.919,1.6751,1.67545,1.40,2.40
2009.09.22 16:32:24.979,1.6751,1.6755,2.40,3.80
2009.09.22 16:32:25.389,1.67505,1.6755,4.20,3.80
2009.09.22 16:32:25.679,1.67505,1.6755,4.20,4.20
2009.09.22 16:32:26.249,1.67495,1.6754,9.10,5.40
2009.09.22 16:32:27.929,1.675,1.6754,1.00,5.40
2009.09.22 16:32:28.089,1.6751,1.6754,3.00,2.40
2009.09.22 16:32:28.209,1.675,1.6754,2.70,2.40
2009.09.22 16:32:28.328,1.67515,1.6754,2.40,1.60
2009.09.22 16:32:28.449,1.67505,1.6755,3.60,5.40
2009.09.22 16:32:28.568,1.67505,1.6754,3.60,2.20
2009.09.22 16:32:28.739,1.67505,1.6754,2.80,2.20
2009.09.22 16:32:29.098,1.675,1.6754,1.00,2.80
2009.09.22 16:32:29.448,1.675,1.6754,1.00,2.40
2009.09.22 16:32:29.778,1.675,1.6754,1.00,2.80
2009.09.22 16:32:32.278,1.675,1.6754,2.80,2.80
2009.09.22 16:32:32.917,1.675,1.6754,2.80,1.00
2009.09.22 16:32:33.217,1.675,1.6754,2.80,2.80
2009.09.22 16:32:33.807,1.67505,1.6754,1.40,1.00
2009.09.22 16:32:33.977,1.67505,1.67545,4.20,2.40
2009.09.22 16:32:34.197,1.6751,1.6755,2.40,2.80
2009.09.22 16:32:34.257,1.6751,1.6755,2.40,1.00
2009.09.22 16:32:36.177,1.67515,1.6755,2.00,1.00
2009.09.22 16:32:36.567,1.67515,1.6755,4.00,1.00
2009.09.22 16:32:36.916,1.67515,1.6756,4.00,5.90
2009.09.22 16:32:37.546,1.6752,1.6756,2.40,5.90
2009.09.22 16:32:43.985,1.6752,1.6756,2.40,4.30
2009.09.22 16:32:44.225,1.6752,1.6756,2.40,3.00
2009.09.22 16:32:44.505,1.6752,1.6756,2.40,5.40
2009.09.22 16:32:48.254,1.6752,1.6756,2.40,1.40
2009.09.22 16:32:48.483,1.6753,1.6756,2.40,1.40
2009.09.22 16:32:48.704,1.6753,1.67575,6.20,2.80
2009.09.22 16:32:48.884,1.6753,1.6756,3.80,2.40
2009.09.22 16:32:49.103,1.6753,1.6756,2.20,2.40
2009.09.22 16:32:49.273,1.67525,1.67575,1.00,2.40
2009.09.22 16:32:49.503,1.67525,1.67575,4.20,2.40
2009.09.22 16:32:49.803,1.67525,1.67575,1.40,2.40
2009.09.22 16:32:50.193,1.67525,1.6757,3.80,2.40
2009.09.22 16:32:55.452,1.67525,1.6757,3.90,2.40
2009.09.22 16:32:57.261,1.67525,1.6757,3.80,2.40
2009.09.22 16:32:57.501,1.67525,1.6756,2.40,1.40
2009.09.22 16:32:58.091,1.6752,1.6756,2.40,1.80
2009.09.22 16:32:58.551,1.6752,1.6756,2.40,1.90
2009.09.22 16:33:03.470,1.67515,1.6756,2.40,4.30
2009.09.22 16:33:06.309,1.675,1.67545,3.80,2.40
2009.09.22 16:33:12.098,1.6751,1.67555,4.20,2.40
2009.09.22 16:33:12.438,1.6751,1.67555,3.80,2.40
2009.09.22 16:33:18.926,1.6751,1.67555,2.40,3.80
2009.09.22 16:33:19.267,1.6751,1.67555,3.80,2.40
2009.09.22 16:33:19.546,1.67515,1.67555,1.40,2.40
2009.09.22 16:33:19.836,1.6751,1.67555,4.20,2.40
2009.09.22 16:33:20.126,1.67515,1.67555,1.40,2.40
2009.09.22 16:33:20.456,1.6751,1.67555,4.20,2.40
2009.09.22 16:33:21.086,1.67515,1.67555,1.40,2.40
2009.09.22 16:33:21.366,1.6751,1.67555,4.20,2.40
2009.09.22 16:33:21.996,1.67515,1.67555,1.40,2.40
2009.09.22 16:33:22.355,1.6751,1.67555,4.20,2.40
2009.09.22 16:33:22.655,1.67515,1.67555,1.40,2.40
2009.09.22 16:33:26.104,1.6751,1.67555,4.20,2.40
2009.09.22 16:33:26.464,1.6751,1.67555,4.60,2.40
2009.09.22 16:33:26.745,1.67515,1.67555,1.40,2.40
2009.09.22 16:33:27.104,1.6751,1.67555,4.20,2.40
2009.09.22 16:33:27.394,1.67515,1.67555,1.40,2.40
2009.09.22 16:33:27.684,1.6751,1.67555,4.60,2.40
2009.09.22 16:33:36.612,1.67485,1.6752,1.00,2.40
2009.09.22 16:33:37.462,1.67485,1.6752,1.00,2.40
2009.09.22 16:33:37.642,1.67485,1.6752,1.00,2.40
2009.09.22 16:33:37.812,1.67485,1.6752,1.00,2.40
2009.09.22 16:33:38.272,1.67485,1.6752,1.00,2.40
2009.09.22 16:33:38.451,1.67485,1.6752,1.00,4.80
2009.09.22 16:33:38.801,1.67485,1.67515,1.00,2.40
2009.09.22 16:33:39.501,1.67475,1.6751,1.00,2.40
2009.09.22 16:33:39.731,1.6747,1.6751,1.00,2.40
2009.09.22 16:33:40.321,1.67465,1.6751,4.20,2.40
2009.09.22 16:33:41.471,1.67465,1.6751,4.20,2.40
2009.09.22 16:33:42.521,1.67465,1.6751,4.20,2.40
2009.09.22 16:33:45.290,1.67465,1.6751,4.60,2.40
2009.09.22 16:33:45.860,1.6747,1.6751,1.40,2.40
2009.09.22 16:33:46.210,1.6747,1.67515,4.20,2.40
2009.09.22 16:33:47.710,1.67475,1.67515,2.60,2.40
2009.09.22 16:33:48.009,1.67475,1.6752,5.00,2.40
2009.09.22 16:33:51.239,1.67475,1.6752,5.00,2.40
2009.09.22 16:33:51.538,1.6747,1.67515,4.20,2.40
2009.09.22 16:33:58.787,1.67475,1.67515,2.20,2.40
2009.09.22 16:33:58.947,1.6747,1.67515,4.20,3.80
2009.09.22 16:33:59.177,1.67475,1.67515,1.40,2.40
2009.09.22 16:33:59.527,1.67475,1.6751,1.40,2.40
2009.09.22 16:33:59.856,1.67475,1.67515,1.40,2.40
2009.09.22 16:34:01.456,1.67475,1.67515,4.20,2.40
2009.09.22 16:34:01.986,1.67475,1.6752,4.20,3.80
2009.09.22 16:34:04.405,1.67475,1.67515,2.80,1.40
2009.09.22 16:34:04.565,1.67475,1.67515,1.00,3.80
2009.09.22 16:34:04.855,1.67475,1.67515,1.80,2.40
2009.09.22 16:34:05.086,1.67475,1.6752,4.20,4.20
2009.09.22 16:34:05.375,1.67475,1.6752,4.20,3.80
2009.09.22 16:34:13.573,1.67475,1.67515,2.80,1.40
2009.09.22 16:34:13.753,1.67475,1.67515,1.00,3.80
2009.09.22 16:34:14.053,1.67475,1.67515,1.80,2.40
2009.09.22 16:34:14.353,1.67475,1.67515,1.00,3.80
2009.09.22 16:34:14.583,1.67475,1.67515,1.80,2.40
2009.09.22 16:34:14.883,1.67475,1.67515,2.80,1.40
2009.09.22 16:34:15.113,1.67475,1.6752,4.20,4.20
2009.09.22 16:34:15.613,1.67475,1.6752,4.20,3.80
2009.09.22 16:34:15.903,1.67475,1.67515,1.00,3.80
2009.09.22 16:34:16.432,1.67475,1.6752,4.20,6.70
2009.09.22 16:34:16.722,1.67475,1.6752,4.20,4.30
2009.09.22 16:34:17.062,1.67475,1.6752,4.20,3.90
2009.09.22 16:34:19.282,1.67475,1.6752,4.20,3.80
2009.09.22 16:34:19.522,1.6748,1.6752,1.40,2.40
2009.09.22 16:34:19.702,1.6748,1.67525,3.80,4.20
2009.09.22 16:34:20.342,1.6748,1.6752,2.40,1.40
2009.09.22 16:34:20.672,1.67475,1.6752,4.20,3.80
2009.09.22 16:34:21.481,1.67475,1.6752,4.20,3.90
2009.09.22 16:34:22.951,1.6748,1.67525,3.80,3.80
2009.09.22 16:34:24.680,1.6748,1.6752,2.40,1.40
2009.09.22 16:34:25.030,1.67475,1.6752,4.20,3.80
2009.09.22 16:34:26.590,1.67475,1.6752,4.20,3.90
2009.09.22 16:34:30.239,1.67475,1.67515,2.40,1.40
2009.09.22 16:34:30.479,1.6747,1.67515,4.30,3.80
2009.09.22 16:34:32.639,1.6747,1.6751,1.00,3.80
2009.09.22 16:34:45.425,1.67465,1.6751,4.30,3.80
2009.09.22 16:34:52.494,1.67465,1.6751,5.10,3.80
2009.09.22 16:34:52.834,1.67465,1.67505,1.90,2.40
2009.09.22 16:34:53.414,1.67465,1.67495,1.90,2.40
2009.09.22 16:34:59.412,1.67465,1.67495,1.80,2.40
2009.09.22 16:35:00.062,1.67465,1.67495,1.90,2.40
2009.09.22 16:35:00.652,1.67465,1.67495,1.80,2.40
2009.09.22 16:35:00.942,1.6746,1.67495,1.90,2.40
2009.09.22 16:35:01.242,1.6746,1.67495,1.80,2.40
2009.09.22 16:35:02.571,1.6746,1.67495,1.40,2.40
2009.09.22 16:35:07.410,1.6746,1.67495,1.50,2.40
2009.09.22 16:35:08.980,1.6746,1.67495,1.00,2.40
2009.09.22 16:35:09.320,1.67455,1.67495,1.00,3.80
2009.09.22 16:35:09.550,1.67455,1.6749,1.00,2.40
2009.09.22 16:35:11.009,1.6746,1.6749,1.00,2.40
2009.09.22 16:35:11.119,1.67465,1.6749,1.00,2.40
2009.09.22 16:35:11.170,1.67475,1.67495,1.60,3.80
2009.09.22 16:35:11.290,1.67475,1.67495,1.60,2.40
2009.09.22 16:35:11.699,1.6746,1.6749,2.00,2.40
2009.09.22 16:35:12.049,1.67455,1.675,5.80,4.20
2009.09.22 16:35:12.429,1.6746,1.675,1.40,4.40
2009.09.22 16:35:12.779,1.6746,1.67505,3.80,4.20
2009.09.22 16:35:13.129,1.6746,1.67505,3.80,3.80
2009.09.22 16:35:16.408,1.67465,1.6751,9.00,3.90
2009.09.22 16:35:16.748,1.6747,1.67505,2.40,1.00
2009.09.22 16:35:17.029,1.67465,1.67505,2.40,3.80
2009.09.22 16:35:17.898,1.67465,1.67505,2.40,1.40
2009.09.22 16:35:18.237,1.6746,1.67505,4.20,3.80
2009.09.22 16:35:18.578,1.6746,1.67505,6.60,3.80
2009.09.22 16:35:18.867,1.67465,1.67505,2.40,3.80
2009.09.22 16:35:20.197,1.6747,1.67505,1.40,2.40
2009.09.22 16:35:20.257,1.67475,1.67505,1.60,2.40
2009.09.22 16:35:20.427,1.67475,1.6751,2.40,2.80
2009.09.22 16:35:20.487,1.67475,1.67505,2.40,1.40
2009.09.22 16:35:20.657,1.67465,1.67505,2.40,3.80
2009.09.22 16:35:21.917,1.67465,1.675,2.40,1.40
2009.09.22 16:35:23.406,1.6746,1.675,2.80,1.40
2009.09.22 16:35:23.926,1.67465,1.675,2.40,1.40
2009.09.22 16:35:24.566,1.6747,1.67505,2.40,1.40
2009.09.22 16:35:24.916,1.6747,1.6751,2.40,4.30
2009.09.22 16:35:25.076,1.6747,1.6751,2.40,3.90
2009.09.22 16:35:26.336,1.67465,1.67505,4.20,2.40
2009.09.22 16:35:27.645,1.6747,1.67505,1.40,2.40
2009.09.22 16:35:27.985,1.6747,1.675,1.80,2.40
2009.09.22 16:35:31.555,1.6747,1.67505,1.80,2.40
2009.09.22 16:35:36.323,1.6747,1.67515,4.20,4.20
2009.09.22 16:35:36.733,1.67475,1.67515,1.00,4.20
2009.09.22 16:35:38.063,1.67475,1.675,1.00,1.40
2009.09.22 16:35:38.293,1.6747,1.67495,2.40,1.40
2009.09.22 16:35:38.473,1.6746,1.6749,2.40,1.40
2009.09.22 16:35:38.653,1.67455,1.6749,1.00,1.40
2009.09.22 16:35:39.043,1.67455,1.6749,1.80,2.40
2009.09.22 16:35:39.392,1.67455,1.67495,2.40,2.20
2009.09.22 16:35:39.633,1.6745,1.6749,2.80,1.40
2009.09.22 16:35:40.312,1.6745,1.6749,2.80,3.80
2009.09.22 16:35:40.552,1.6745,1.6749,1.00,3.80
2009.09.22 16:35:40.792,1.6745,1.6749,2.80,1.40
2009.09.22 16:35:41.372,1.67455,1.6749,1.00,1.40
2009.09.22 16:35:42.172,1.67455,1.6749,2.80,1.40
2009.09.22 16:35:47.161,1.6745,1.6749,2.40,1.80
2009.09.22 16:35:48.010,1.67455,1.6749,2.40,1.00
2009.09.22 16:35:48.130,1.6746,1.67495,2.40,1.80
2009.09.22 16:35:49.720,1.67465,1.675,2.40,1.80
2009.09.22 16:35:59.228,1.6746,1.675,4.80,1.80
2009.09.22 16:35:59.288,1.6746,1.675,2.40,1.80
2009.09.22 16:36:10.845,1.6746,1.675,5.20,1.80
2009.09.22 16:36:10.965,1.6746,1.675,2.80,1.80
2009.09.22 16:36:12.784,1.6746,1.67495,2.80,1.40
2009.09.22 16:36:13.074,1.6746,1.67495,1.00,1.80
2009.09.22 16:36:19.373,1.67455,1.67495,2.80,1.80
2009.09.22 16:36:23.512,1.67455,1.67495,2.80,1.40
2009.09.22 16:36:28.611,1.6746,1.67495,1.00,1.40
2009.09.22 16:36:29.650,1.67455,1.67485,2.40,1.60
2009.09.22 16:36:29.820,1.67455,1.67485,2.40,3.00
2009.09.22 16:36:29.940,1.67455,1.67485,2.80,3.00
2009.09.22 16:36:30.110,1.67455,1.6749,2.80,1.40
2009.09.22 16:36:30.630,1.6746,1.6749,2.40,1.40
2009.09.22 16:36:46.346,1.67465,1.675,2.40,1.40
2009.09.22 16:36:52.165,1.67465,1.675,2.40,1.40
2009.09.22 16:36:52.515,1.6749,1.67505,1.40,1.00
2009.09.22 16:36:52.855,1.67475,1.67515,3.20,1.40
2009.09.22 16:36:53.095,1.6749,1.6752,2.40,2.20
2009.09.22 16:36:53.395,1.6748,1.6752,1.00,2.20
2009.09.22 16:36:53.625,1.6749,1.67515,1.00,1.40
2009.09.22 16:36:53.915,1.67495,1.6753,1.00,1.00
2009.09.22 16:36:54.154,1.67495,1.6753,2.80,1.00
2009.09.22 16:36:54.484,1.675,1.67535,2.40,1.40
2009.09.22 16:36:55.524,1.67505,1.67535,2.40,1.40
2009.09.22 16:36:55.794,1.675,1.67535,4.80,1.40
2009.09.22 16:36:55.914,1.675,1.67535,2.40,1.40
2009.09.22 16:36:57.204,1.67505,1.6754,1.40,1.00
2009.09.22 16:36:57.544,1.6751,1.6754,2.40,1.00
2009.09.22 16:36:57.894,1.67505,1.67545,2.40,1.40
2009.09.22 16:36:58.863,1.6751,1.67545,2.40,1.40
2009.09.22 16:36:59.373,1.6751,1.6755,2.80,1.80
2009.09.22 16:36:59.593,1.6751,1.6755,2.80,1.40
2009.09.22 16:36:59.763,1.6751,1.6755,5.20,1.40
2009.09.22 16:36:59.943,1.6751,1.6755,2.80,1.40
2009.09.22 16:37:01.093,1.67515,1.6755,2.40,1.40
2009.09.22 16:37:01.563,1.6752,1.6755,2.40,1.40
2009.09.22 16:37:01.843,1.67515,1.6755,4.80,1.40
2009.09.22 16:37:02.183,1.67515,1.6755,2.40,1.40
2009.09.22 16:37:02.542,1.6751,1.6755,1.00,3.80
2009.09.22 16:37:04.182,1.6751,1.6755,2.80,1.40
2009.09.22 16:37:05.532,1.6751,1.6755,1.00,3.80
2009.09.22 16:37:07.221,1.67515,1.6755,1.80,2.40
2009.09.22 16:37:07.811,1.6751,1.67555,5.80,3.80
2009.09.22 16:37:08.101,1.6751,1.6755,1.80,2.40
2009.09.22 16:37:10.101,1.67515,1.6755,1.40,2.40
2009.09.22 16:37:10.271,1.6752,1.6755,1.00,2.40
2009.09.22 16:37:10.571,1.6752,1.67555,1.00,2.40
2009.09.22 16:37:13.320,1.6752,1.6756,1.00,3.80
2009.09.22 16:37:17.729,1.6752,1.6756,3.80,2.40
2009.09.22 16:37:18.119,1.6752,1.6756,2.40,2.20
2009.09.22 16:37:18.479,1.67515,1.6756,3.80,4.60
2009.09.22 16:37:18.639,1.67515,1.67555,3.80,2.40
2009.09.22 16:37:19.218,1.67515,1.67555,1.40,2.40
2009.09.22 16:37:31.356,1.6751,1.6755,2.40,5.80
2009.09.22 16:37:36.604,1.6751,1.6755,3.80,2.40
2009.09.22 16:37:36.824,1.6751,1.67555,3.80,4.20
2009.09.22 16:37:37.065,1.6751,1.6755,2.40,3.40
2009.09.22 16:37:37.464,1.6751,1.6755,2.40,5.80
2009.09.22 16:37:38.144,1.67515,1.67555,2.40,4.20
2009.09.22 16:37:39.844,1.6751,1.67555,6.60,4.20
2009.09.22 16:37:40.133,1.6751,1.67555,4.20,4.20
2009.09.22 16:37:45.932,1.6751,1.6755,4.20,1.00
2009.09.22 16:37:45.992,1.6751,1.6755,2.80,1.80
2009.09.22 16:37:46.102,1.6751,1.6755,2.80,3.40
2009.09.22 16:37:46.162,1.6751,1.6755,1.00,5.80
2009.09.22 16:37:46.602,1.67505,1.6755,5.80,5.80
2009.09.22 16:37:47.402,1.67505,1.6755,5.90,5.80
2009.09.22 16:37:48.742,1.6751,1.6755,2.60,2.40
2009.09.22 16:37:48.862,1.67515,1.67555,1.80,5.20
2009.09.22 16:37:48.972,1.67515,1.67555,1.80,2.40
2009.09.22 16:37:49.081,1.67515,1.6755,1.80,2.40
2009.09.22 16:37:49.261,1.6752,1.6755,1.00,2.40
2009.09.22 16:37:49.381,1.6752,1.67555,1.00,4.80
2009.09.22 16:37:49.491,1.6752,1.67555,1.00,2.40
2009.09.22 16:37:49.891,1.67515,1.6756,4.20,5.00
2009.09.22 16:37:53.740,1.67515,1.67555,2.80,1.40
2009.09.22 16:37:59.249,1.67515,1.6756,6.20,4.30
2009.09.22 16:37:59.419,1.67515,1.6756,3.80,4.30
2009.09.22 16:37:59.599,1.67515,1.6756,3.80,4.20
2009.09.22 16:38:06.367,1.67515,1.6756,3.90,4.20
2009.09.22 16:38:14.435,1.67515,1.67555,3.90,1.00
2009.09.22 16:38:14.555,1.67515,1.67545,3.80,1.00
2009.09.22 16:38:14.725,1.67515,1.67545,2.40,3.40
2009.09.22 16:38:14.895,1.67515,1.67545,1.40,4.40
2009.09.22 16:38:15.065,1.6751,1.67545,1.80,2.40
2009.09.22 16:38:15.285,1.6751,1.6755,1.80,4.80
2009.09.22 16:38:15.455,1.6751,1.6755,1.80,2.40
2009.09.22 16:38:15.745,1.6751,1.67555,4.20,5.00
2009.09.22 16:38:16.914,1.6751,1.67555,4.20,4.20
2009.09.22 16:38:17.205,1.6752,1.67555,4.20,1.00
2009.09.22 16:38:17.494,1.67515,1.67555,3.40,2.80
2009.09.22 16:38:17.734,1.6752,1.6756,1.80,2.80
2009.09.22 16:38:18.084,1.6752,1.6756,1.40,2.40
2009.09.22 16:38:18.435,1.6752,1.67565,4.20,4.20
2009.09.22 16:38:18.764,1.6752,1.67565,6.60,4.20
2009.09.22 16:38:19.114,1.6752,1.6756,6.60,2.40
2009.09.22 16:38:19.464,1.6752,1.6756,4.20,2.40
2009.09.22 16:38:19.804,1.6752,1.6756,1.80,2.40
2009.09.22 16:38:20.154,1.6752,1.67555,1.80,1.60
2009.09.22 16:38:20.264,1.67515,1.67555,2.40,3.40
2009.09.22 16:38:20.384,1.6751,1.6755,8.30,4.00
2009.09.22 16:38:20.504,1.6751,1.6755,8.30,1.60
2009.09.22 16:38:20.624,1.6751,1.6755,4.30,1.60
2009.09.22 16:38:20.734,1.67515,1.67555,1.60,4.20
2009.09.22 16:38:21.254,1.67515,1.67555,2.80,1.80
2009.09.22 16:38:21.604,1.6752,1.6755,2.40,1.40
2009.09.22 16:38:22.364,1.67515,1.6755,2.40,1.40
2009.09.22 16:38:25.173,1.67515,1.67545,2.40,1.40
2009.09.22 16:38:25.342,1.6751,1.67545,4.80,1.40
2009.09.22 16:38:25.522,1.6751,1.67545,2.40,1.40
2009.09.22 16:38:28.262,1.6751,1.67545,2.40,3.40
2009.09.22 16:38:28.482,1.67505,1.6754,2.40,1.40
2009.09.22 16:38:30.681,1.67505,1.67545,1.80,4.00
2009.09.22 16:38:30.842,1.67505,1.67545,4.20,1.60
2009.09.22 16:38:31.421,1.67505,1.67545,4.20,4.00
2009.09.22 16:38:31.581,1.67505,1.67545,4.20,1.60
2009.09.22 16:38:32.051,1.67505,1.67545,4.30,1.60
2009.09.22 16:38:32.401,1.6751,1.67545,2.40,1.60
2009.09.22 16:38:34.021,1.67505,1.67545,6.60,1.60
2009.09.22 16:38:34.140,1.6751,1.67545,1.40,1.60
2009.09.22 16:38:34.310,1.6752,1.67555,2.40,3.40
2009.09.22 16:38:35.180,1.6751,1.67555,4.20,5.80
2009.09.22 16:38:36.640,1.6751,1.67555,4.20,5.40
2009.09.22 16:38:40.409,1.6751,1.67555,4.20,5.90
2009.09.22 16:38:43.539,1.67515,1.67555,2.40,3.40
2009.09.22 16:38:43.718,1.6751,1.67555,8.20,5.80
2009.09.22 16:38:43.879,1.6751,1.67555,5.80,5.40
2009.09.22 16:38:44.388,1.6751,1.67545,2.40,1.60
2009.09.22 16:38:48.147,1.6751,1.67545,2.40,1.60
2009.09.22 16:38:48.487,1.6752,1.67555,2.40,3.40
2009.09.22 16:38:48.597,1.6752,1.67555,2.40,3.00
2009.09.22 16:38:48.877,1.67525,1.67555,2.40,3.00
2009.09.22 16:38:49.217,1.67515,1.67555,2.40,3.00
2009.09.22 16:38:50.206,1.67515,1.67545,2.40,1.60
2009.09.22 16:38:50.527,1.6751,1.67545,2.40,1.60
2009.09.22 16:38:52.446,1.675,1.6754,3.80,2.40
2009.09.22 16:38:52.796,1.675,1.6754,1.80,2.40
2009.09.22 16:38:52.976,1.67505,1.67545,2.40,3.40
2009.09.22 16:38:54.126,1.67505,1.6754,2.40,3.00
2009.09.22 16:38:54.636,1.675,1.6754,2.40,3.40
2009.09.22 16:38:55.146,1.675,1.6754,4.30,2.80
2009.09.22 16:38:55.375,1.675,1.6754,4.30,2.40
2009.09.22 16:38:55.435,1.67505,1.67545,2.40,5.80
2009.09.22 16:38:55.675,1.67505,1.67545,2.40,3.40
2009.09.22 16:38:56.545,1.67505,1.6754,2.40,2.20
2009.09.22 16:38:57.225,1.675,1.6754,1.00,4.60
2009.09.22 16:39:01.724,1.67495,1.67535,1.40,4.80
2009.09.22 16:39:01.774,1.67495,1.67535,2.70,4.40
2009.09.22 16:39:02.174,1.67495,1.67535,5.10,1.00
2009.09.22 16:39:02.524,1.67495,1.67535,4.30,1.60
2009.09.22 16:39:03.204,1.67495,1.67535,2.80,3.00
2009.09.22 16:39:03.323,1.67495,1.67535,2.40,3.40
2009.09.22 16:39:03.793,1.6749,1.67535,6.70,5.80
2009.09.22 16:39:03.913,1.67495,1.67535,2.40,3.40
2009.09.22 16:39:06.043,1.67485,1.67525,2.40,2.20
2009.09.22 16:39:06.323,1.6748,1.67525,4.20,4.60
2009.09.22 16:39:06.383,1.6748,1.67525,4.20,5.00
2009.09.22 16:39:09.712,1.6748,1.6752,4.20,1.00
2009.09.22 16:39:09.882,1.6748,1.67515,2.80,3.00
2009.09.22 16:39:10.002,1.6747,1.67515,4.30,6.60
2009.09.22 16:39:10.172,1.6747,1.67515,4.70,6.60
2009.09.22 16:39:10.472,1.6747,1.67515,4.20,7.00
2009.09.22 16:39:10.592,1.6747,1.6751,2.80,1.80
2009.09.22 16:39:10.872,1.67465,1.6751,4.30,4.20
2009.09.22 16:39:13.151,1.67465,1.6751,6.70,4.20
2009.09.22 16:39:13.331,1.6747,1.6751,2.40,4.20
2009.09.22 16:39:13.731,1.67465,1.6751,4.30,4.20
2009.09.22 16:39:14.941,1.6747,1.6751,3.40,2.80
2009.09.22 16:39:15.291,1.6747,1.6751,2.80,1.80
2009.09.22 16:39:15.910,1.6747,1.6751,2.80,4.20
2009.09.22 16:39:16.210,1.6747,1.6751,1.00,4.20
2009.09.22 16:39:17.140,1.6747,1.6751,1.80,2.80
2009.09.22 16:39:17.540,1.6747,1.6751,3.40,2.80
2009.09.22 16:39:17.770,1.6747,1.6751,1.80,2.40
2009.09.22 16:39:18.180,1.6747,1.67515,5.80,6.20
2009.09.22 16:39:18.410,1.6747,1.67515,5.80,5.80
2009.09.22 16:39:19.180,1.6747,1.67515,5.40,5.80
2009.09.22 16:39:19.419,1.67475,1.67515,2.40,3.40
2009.09.22 16:39:19.700,1.67475,1.67515,2.40,3.50
2009.09.22 16:39:22.359,1.67475,1.6751,2.40,1.00
2009.09.22 16:39:22.699,1.6747,1.67515,4.30,4.20
2009.09.22 16:39:22.979,1.67475,1.67515,2.40,1.40
2009.09.22 16:39:23.339,1.6748,1.67515,2.40,1.40
2009.09.22 16:39:26.128,1.6748,1.67525,3.80,4.20
2009.09.22 16:39:27.447,1.6748,1.67525,3.80,4.30
2009.09.22 16:39:28.717,1.6748,1.6752,3.80,1.00
2009.09.22 16:39:28.897,1.67475,1.6752,3.80,3.80
2009.09.22 16:39:29.457,1.6749,1.6752,2.40,1.40
2009.09.22 16:39:29.737,1.6749,1.67525,2.40,1.90
2009.09.22 16:39:30.207,1.6749,1.6752,2.40,1.40
2009.09.22 16:39:30.417,1.67485,1.6752,2.40,1.80
2009.09.22 16:39:30.647,1.6749,1.6752,2.40,1.80
2009.09.22 16:39:32.107,1.67495,1.6752,2.40,1.80
2009.09.22 16:39:32.447,1.6749,1.6752,2.40,1.80
2009.09.22 16:39:33.186,1.6749,1.67515,2.40,1.40
2009.09.22 16:39:34.116,1.67485,1.67515,2.40,1.40
2009.09.22 16:39:34.406,1.67475,1.67515,2.40,1.40
2009.09.22 16:39:37.005,1.67475,1.6751,4.80,1.40
2009.09.22 16:39:37.295,1.67475,1.6751,2.40,1.40
2009.09.22 16:39:38.615,1.67475,1.6751,2.40,1.40
2009.09.22 16:39:38.905,1.67475,1.67515,2.40,3.40
2009.09.22 16:39:40.514,1.67475,1.67515,2.40,3.40
2009.09.22 16:39:40.966,1.67475,1.67515,2.40,4.20
2009.09.22 16:39:41.135,1.67475,1.6751,2.40,1.40
2009.09.22 16:39:41.494,1.67475,1.6751,4.80,1.40
2009.09.22 16:39:41.674,1.6748,1.6751,2.40,1.40
2009.09.22 16:39:42.074,1.6748,1.67515,2.40,4.20
2009.09.22 16:39:43.364,1.6748,1.67515,2.40,3.40
2009.09.22 16:39:43.644,1.67485,1.67515,2.40,3.40
2009.09.22 16:39:43.814,1.67485,1.67515,2.40,3.00
2009.09.22 16:39:44.164,1.67475,1.67515,1.00,3.00
2009.09.22 16:39:44.624,1.67475,1.67515,1.00,3.00
2009.09.22 16:39:45.014,1.6749,1.67515,2.40,3.00
2009.09.22 16:39:45.363,1.67485,1.67515,2.40,3.00
2009.09.22 16:39:46.693,1.6748,1.67515,2.40,3.00
2009.09.22 16:39:49.642,1.6748,1.67515,2.80,1.40
2009.09.22 16:39:49.802,1.6748,1.6751,2.40,1.60
2009.09.22 16:39:50.232,1.67475,1.6751,1.00,1.60
2009.09.22 16:39:50.872,1.67475,1.6751,2.80,1.60
2009.09.22 16:39:52.382,1.67475,1.6751,2.40,3.00
2009.09.22 16:39:53.222,1.67475,1.67515,4.20,4.00
2009.09.22 16:39:53.391,1.67475,1.67515,3.80,2.80
2009.09.22 16:39:53.632,1.67475,1.6752,4.20,5.80
2009.09.22 16:39:53.851,1.6748,1.6751,2.40,1.40
2009.09.22 16:39:54.072,1.67485,1.6751,2.40,1.40
2009.09.22 16:39:54.241,1.67485,1.6751,2.40,3.00
2009.09.22 16:39:54.601,1.6748,1.6751,2.40,3.00
2009.09.22 16:39:54.951,1.67475,1.6751,2.40,3.00
2009.09.22 16:39:55.341,1.6748,1.67505,2.40,1.40
2009.09.22 16:39:55.511,1.6747,1.67505,2.80,1.40
2009.09.22 16:39:55.851,1.67465,1.67505,2.80,1.40
2009.09.22 16:39:56.251,1.67475,1.67505,2.40,1.40
2009.09.22 16:39:57.231,1.67475,1.67495,2.40,1.40
2009.09.22 16:39:57.801,1.6746,1.67495,2.80,1.40
2009.09.22 16:40:01.479,1.6746,1.67495,2.40,1.40
2009.09.22 16:40:01.659,1.67465,1.67505,2.80,1.80
2009.09.22 16:40:01.829,1.67465,1.675,2.80,1.40
2009.09.22 16:40:02.009,1.6747,1.675,2.40,1.40
2009.09.22 16:40:03.869,1.67465,1.675,2.40,1.40
2009.09.22 16:40:08.368,1.6748,1.6752,2.40,1.80
2009.09.22 16:40:10.677,1.67485,1.6752,1.40,1.00
2009.09.22 16:40:10.857,1.6748,1.6752,2.80,1.50
2009.09.22 16:40:11.327,1.67475,1.6752,6.60,3.90
2009.09.22 16:40:11.547,1.67475,1.67515,2.80,1.00
2009.09.22 16:40:11.767,1.6748,1.67515,2.40,1.00
2009.09.22 16:40:12.047,1.67475,1.67515,2.80,1.00
2009.09.22 16:40:12.327,1.67475,1.67515,1.80,2.40
2009.09.22 16:40:12.617,1.67475,1.67515,1.00,2.40
2009.09.22 16:40:13.007,1.67475,1.6752,4.30,2.80
2009.09.22 16:40:13.357,1.67475,1.67515,1.00,2.40
2009.09.22 16:40:13.697,1.67475,1.67515,2.80,2.40
2009.09.22 16:40:14.096,1.67475,1.67515,2.80,2.40
2009.09.22 16:40:14.556,1.67475,1.67515,2.80,2.40
2009.09.22 16:40:14.956,1.67475,1.67515,1.00,2.40
2009.09.22 16:40:16.536,1.67475,1.67515,1.00,2.40
2009.09.22 16:40:16.596,1.6747,1.675,2.40,1.40
2009.09.22 16:40:16.766,1.67465,1.675,1.00,1.40
2009.09.22 16:40:17.146,1.67475,1.67515,1.00,2.40
2009.09.22 16:40:17.816,1.67475,1.67515,1.00,2.80
2009.09.22 16:40:18.825,1.6747,1.6751,4.40,1.40
2009.09.22 16:40:19.065,1.6747,1.6751,2.80,1.40
2009.09.22 16:40:19.285,1.6747,1.6751,2.80,2.20
2009.09.22 16:40:19.515,1.6747,1.6751,1.00,4.60
2009.09.22 16:40:21.075,1.6747,1.67505,1.00,1.40
2009.09.22 16:40:21.374,1.67465,1.67505,2.80,1.40
2009.09.22 16:40:26.163,1.67465,1.67505,2.80,1.50
2009.09.22 16:40:26.343,1.67465,1.675,2.40,1.80
2009.09.22 16:40:26.573,1.6746,1.675,4.40,1.80
2009.09.22 16:40:26.733,1.6746,1.675,2.80,1.40
2009.09.22 16:40:26.963,1.67465,1.675,1.00,1.40
2009.09.22 16:40:29.473,1.67465,1.675,1.00,3.80
2009.09.22 16:40:29.583,1.67465,1.67495,1.00,3.80
2009.09.22 16:40:29.753,1.6746,1.67495,1.00,6.20
2009.09.22 16:40:29.922,1.6746,1.6749,1.00,2.40
2009.09.22 16:40:30.462,1.67455,1.6749,1.00,2.40
2009.09.22 16:40:30.632,1.67455,1.6749,2.80,1.40
2009.09.22 16:40:30.802,1.67455,1.6749,1.00,2.40
2009.09.22 16:40:31.082,1.67455,1.67495,2.80,1.40
2009.09.22 16:40:31.192,1.67455,1.6749,2.80,1.40
2009.09.22 16:40:31.312,1.67455,1.6749,1.00,3.80
2009.09.22 16:40:32.912,1.67455,1.6749,1.00,1.40
2009.09.22 16:40:34.292,1.67455,1.6749,2.80,1.40
2009.09.22 16:40:36.671,1.67455,1.6749,2.80,1.00
2009.09.22 16:40:37.561,1.67455,1.6749,2.80,1.40
2009.09.22 16:40:40.160,1.6745,1.6749,2.80,2.20
2009.09.22 16:40:40.950,1.67455,1.6749,1.00,2.20
2009.09.22 16:40:41.600,1.67455,1.6749,2.80,2.20
2009.09.22 16:40:43.109,1.67455,1.6749,1.00,4.60
2009.09.22 16:40:49.348,1.6745,1.67485,1.00,2.40
2009.09.22 16:40:49.508,1.67455,1.67485,1.00,2.40
2009.09.22 16:40:49.688,1.67455,1.6749,1.00,2.20
2009.09.22 16:40:50.628,1.67455,1.6749,1.00,4.60
2009.09.22 16:40:50.798,1.67455,1.6749,1.00,2.40
2009.09.22 16:40:52.649,1.67455,1.67495,4.20,6.40
2009.09.22 16:40:52.997,1.6746,1.67495,1.00,4.00
2009.09.22 16:40:53.627,1.6746,1.67495,1.00,4.00
2009.09.22 16:40:59.115,1.6746,1.67495,1.00,4.00
2009.09.22 16:40:59.285,1.67455,1.67485,3.20,1.60
2009.09.22 16:40:59.396,1.67455,1.67485,1.00,4.00
2009.09.22 16:40:59.566,1.6746,1.6749,1.00,2.40
2009.09.22 16:41:00.195,1.6746,1.67495,1.00,4.00
2009.09.22 16:41:00.485,1.6746,1.67495,1.00,4.00
2009.09.22 16:41:03.115,1.67465,1.67495,1.00,2.40
2009.09.22 16:41:03.395,1.67465,1.675,1.00,2.40
2009.09.22 16:41:03.734,1.67465,1.67505,1.00,5.80
2009.09.22 16:41:03.965,1.6747,1.67505,2.40,3.40
2009.09.22 16:41:04.264,1.67465,1.67505,2.80,3.40
2009.09.22 16:41:05.294,1.6747,1.67505,1.00,2.00
2009.09.22 16:41:05.414,1.67475,1.67505,2.40,1.00
2009.09.22 16:41:05.824,1.67475,1.6751,2.40,1.80
2009.09.22 16:41:06.714,1.6746,1.67495,3.60,1.60
2009.09.22 16:41:07.073,1.6746,1.675,3.60,1.40
2009.09.22 16:41:07.763,1.6746,1.67495,3.60,1.60
2009.09.22 16:41:08.123,1.6746,1.67495,4.30,1.60
2009.09.22 16:41:08.453,1.6746,1.67495,2.80,1.60
2009.09.22 16:41:09.713,1.6746,1.67495,1.00,1.60
2009.09.22 16:41:09.883,1.67455,1.67495,3.60,3.80
2009.09.22 16:41:10.393,1.67455,1.67495,3.60,3.80
2009.09.22 16:41:11.723,1.6746,1.67495,1.00,3.80
2009.09.22 16:41:13.522,1.6746,1.6749,1.00,1.00
2009.09.22 16:41:13.862,1.6746,1.67495,1.00,6.20
2009.09.22 16:41:26.039,1.6748,1.6752,2.80,1.00
2009.09.22 16:41:28.608,1.6748,1.6752,5.20,1.00
2009.09.22 16:41:28.898,1.67485,1.6752,2.40,1.00
2009.09.22 16:41:30.998,1.67485,1.67515,2.40,1.40
2009.09.22 16:41:31.328,1.6748,1.67515,2.80,1.40
2009.09.22 16:41:32.647,1.67485,1.67515,2.40,1.40
2009.09.22 16:41:35.367,1.67485,1.6752,2.40,1.80
2009.09.22 16:41:37.687,1.6748,1.6752,1.00,4.20
2009.09.22 16:41:38.036,1.6748,1.6752,1.00,4.20
2009.09.22 16:41:39.506,1.6748,1.6752,1.00,4.20
2009.09.22 16:41:40.606,1.6748,1.67515,1.00,1.40
2009.09.22 16:41:40.716,1.67475,1.67515,2.80,1.40
2009.09.22 16:41:40.995,1.67475,1.67515,2.80,1.40
2009.09.22 16:41:47.434,1.67475,1.67515,2.40,1.40
2009.09.22 16:42:03.790,1.6747,1.67515,7.10,3.80
2009.09.22 16:42:08.449,1.6747,1.67515,4.70,3.80
2009.09.22 16:42:08.679,1.67475,1.67515,2.40,1.50
2009.09.22 16:42:08.909,1.67475,1.67515,2.40,1.40
2009.09.22 16:42:09.149,1.67475,1.67515,2.40,1.50
2009.09.22 16:42:10.298,1.67475,1.67515,2.40,1.40
2009.09.22 16:42:10.658,1.67475,1.67515,2.40,1.50
2009.09.22 16:42:10.768,1.67475,1.67515,2.40,1.40
2009.09.22 16:42:11.229,1.67475,1.67515,2.40,1.50
2009.09.22 16:42:11.288,1.67475,1.67515,2.40,1.40
2009.09.22 16:42:16.787,1.67475,1.6751,2.40,1.40
2009.09.22 16:42:17.437,1.67475,1.67515,1.40,2.80
2009.09.22 16:42:17.607,1.6747,1.6751,2.40,1.40
2009.09.22 16:42:19.346,1.6747,1.6751,2.40,1.40
2009.09.22 16:42:19.856,1.6747,1.6751,2.40,1.40
2009.09.22 16:42:20.876,1.6747,1.67515,3.80,4.20
2009.09.22 16:42:22.615,1.6747,1.67515,3.90,4.20
2009.09.22 16:42:23.385,1.6747,1.6751,2.40,1.40
2009.09.22 16:42:23.895,1.6747,1.67515,3.80,4.20
2009.09.22 16:42:25.625,1.6747,1.6751,2.40,1.40
2009.09.22 16:42:25.745,1.6747,1.6751,2.40,1.40
2009.09.22 16:42:27.464,1.67465,1.6751,2.40,3.80
2009.09.22 16:42:27.824,1.6747,1.6751,2.40,1.40
2009.09.22 16:42:29.584,1.6747,1.67515,3.80,4.20
2009.09.22 16:42:32.633,1.6747,1.67515,3.90,4.20
2009.09.22 16:42:33.153,1.6747,1.67515,3.80,4.20
2009.09.22 16:42:34.363,1.6747,1.67515,3.90,4.20
2009.09.22 16:42:39.221,1.6747,1.67515,3.80,4.20
2009.09.22 16:42:40.501,1.6747,1.67515,3.90,4.20
2009.09.22 16:42:41.811,1.6747,1.67515,3.80,4.20
2009.09.22 16:42:45.120,1.6747,1.67515,3.80,3.80
2009.09.22 16:42:46.340,1.6747,1.67515,3.90,3.80
2009.09.22 16:42:49.319,1.6747,1.67515,3.80,3.80
2009.09.22 16:42:49.839,1.6747,1.6751,2.40,1.40
2009.09.22 16:42:51.598,1.6747,1.67515,3.80,4.20
2009.09.22 16:42:55.418,1.6747,1.67515,3.90,4.20
2009.09.22 16:42:57.257,1.6747,1.67515,3.80,4.20
2009.09.22 16:43:00.476,1.67475,1.6751,1.00,1.40
2009.09.22 16:43:00.646,1.67475,1.6751,1.00,2.40
2009.09.22 16:43:00.807,1.6747,1.6751,1.40,2.40
2009.09.22 16:43:00.927,1.6748,1.6751,1.40,2.40
2009.09.22 16:43:01.106,1.6748,1.67515,1.40,2.40
2009.09.22 16:43:01.386,1.6747,1.67515,3.80,4.20
2009.09.22 16:43:01.686,1.6747,1.67515,3.90,4.20
2009.09.22 16:43:03.226,1.6747,1.6751,2.40,1.40
2009.09.22 16:43:03.726,1.6747,1.67515,3.80,4.20
2009.09.22 16:43:04.365,1.6747,1.67515,3.90,4.20
2009.09.22 16:43:09.814,1.6747,1.6751,2.40,1.40
2009.09.22 16:43:09.994,1.6747,1.6751,1.50,2.40
2009.09.22 16:43:10.174,1.6747,1.6751,2.40,1.40
2009.09.22 16:43:10.334,1.67465,1.6751,6.70,3.80
2009.09.22 16:43:10.504,1.6747,1.6751,2.30,2.40
2009.09.22 16:43:11.674,1.67475,1.6752,3.90,4.20
2009.09.22 16:43:11.964,1.67475,1.6752,3.90,3.80
2009.09.22 16:43:13.233,1.67475,1.67515,1.50,2.40
2009.09.22 16:43:13.583,1.67475,1.67515,1.00,5.40
2009.09.22 16:43:14.403,1.6747,1.67515,4.30,5.40
2009.09.22 16:43:14.743,1.67475,1.67515,1.40,4.00
2009.09.22 16:43:14.923,1.67475,1.67515,1.50,2.40
2009.09.22 16:43:33.218,1.6748,1.67515,1.40,2.40
2009.09.22 16:43:33.508,1.6748,1.6752,6.20,2.40
2009.09.22 16:43:34.198,1.6748,1.67525,6.20,3.80
2009.09.22 16:43:34.488,1.67485,1.67525,1.00,3.80
2009.09.22 16:43:35.008,1.67485,1.67525,1.00,4.60
2009.09.22 16:43:35.338,1.6748,1.6752,4.00,1.40
2009.09.22 16:43:35.678,1.67475,1.67515,1.90,2.40
2009.09.22 16:43:36.028,1.67475,1.6752,3.90,4.20
2009.09.22 16:43:36.308,1.6747,1.6751,2.80,3.80
2009.09.22 16:43:36.658,1.67465,1.6751,4.30,3.80
2009.09.22 16:43:36.938,1.67465,1.67505,2.80,3.40
2009.09.22 16:43:37.228,1.6746,1.675,2.80,1.40
2009.09.22 16:43:37.817,1.67455,1.675,4.30,3.80
2009.09.22 16:43:40.537,1.67455,1.67495,2.80,1.40
2009.09.22 16:43:40.707,1.67455,1.675,4.30,4.20
2009.09.22 16:43:40.937,1.6746,1.675,1.40,2.40
2009.09.22 16:43:41.297,1.67465,1.67505,3.80,2.80
2009.09.22 16:43:41.646,1.67465,1.67505,3.80,1.00
2009.09.22 16:43:41.986,1.67465,1.6751,3.80,4.60
2009.09.22 16:43:42.676,1.67465,1.6751,3.90,4.60
2009.09.22 16:43:43.366,1.6746,1.67505,3.90,4.20
2009.09.22 16:43:43.866,1.6746,1.675,2.40,1.40
2009.09.22 16:43:44.156,1.6746,1.67505,3.90,7.00
2009.09.22 16:43:44.506,1.6746,1.67505,3.90,4.20
2009.09.22 16:43:44.986,1.6746,1.675,2.40,1.40
2009.09.22 16:43:45.215,1.6746,1.675,1.50,2.40
2009.09.22 16:43:45.855,1.6746,1.67505,3.80,4.20
2009.09.22 16:43:47.625,1.6746,1.67505,3.90,4.20
2009.09.22 16:43:48.885,1.6746,1.67505,3.90,3.80
2009.09.22 16:43:50.625,1.6746,1.675,2.40,1.40
2009.09.22 16:43:50.744,1.6746,1.675,2.40,1.40
2009.09.22 16:43:51.164,1.6746,1.67505,3.90,3.80
2009.09.22 16:43:51.574,1.67465,1.67505,2.40,1.40
2009.09.22 16:43:52.584,1.67465,1.67505,2.40,3.80
2009.09.22 16:43:53.224,1.6746,1.67505,3.90,3.80
2009.09.22 16:43:58.163,1.6746,1.67505,4.30,3.80
2009.09.22 16:43:58.452,1.6746,1.67505,3.90,3.80
2009.09.22 16:44:00.812,1.6746,1.67505,4.30,3.80
2009.09.22 16:44:06.061,1.6747,1.67515,4.20,8.20
2009.09.22 16:44:06.290,1.6747,1.6751,1.80,2.40
2009.09.22 16:44:07.210,1.6747,1.6751,1.90,2.40
2009.09.22 16:44:07.440,1.6747,1.6751,5.90,2.40
2009.09.22 16:44:07.720,1.6747,1.6751,3.50,2.40
2009.09.22 16:44:08.480,1.6747,1.675,4.00,1.40
2009.09.22 16:44:08.700,1.67465,1.675,1.00,3.80
2009.09.22 16:44:08.990,1.6746,1.675,2.00,3.80
2009.09.22 16:44:12.619,1.6746,1.675,2.00,4.60
2009.09.22 16:44:12.959,1.6746,1.67485,1.00,2.40
2009.09.22 16:44:13.189,1.6745,1.67485,1.00,2.40
2009.09.22 16:44:13.419,1.6745,1.6749,2.80,3.20
2009.09.22 16:44:15.988,1.6745,1.6749,1.00,3.20
2009.09.22 16:44:16.258,1.6745,1.6748,1.00,1.60
2009.09.22 16:44:19.647,1.6745,1.67485,1.00,2.40
2009.09.22 16:44:20.367,1.67445,1.67485,1.90,2.40
2009.09.22 16:44:20.487,1.67445,1.6749,4.30,7.00
2009.09.22 16:44:20.667,1.67445,1.67485,4.30,2.40
2009.09.22 16:44:21.017,1.67445,1.6749,4.30,7.00
2009.09.22 16:44:21.197,1.67445,1.6749,4.30,4.60
2009.09.22 16:44:22.077,1.67445,1.6748,1.90,2.40
2009.09.22 16:44:22.256,1.67445,1.67485,4.30,2.40
2009.09.22 16:44:22.637,1.67445,1.67485,1.90,2.40
2009.09.22 16:44:26.246,1.67445,1.6748,1.00,5.40
2009.09.22 16:44:26.936,1.67445,1.67485,2.00,3.80
2009.09.22 16:44:27.156,1.6745,1.67485,1.00,3.80
2009.09.22 16:44:33.914,1.6745,1.67485,1.00,3.80
2009.09.22 16:44:34.084,1.67445,1.67485,2.00,3.80
2009.09.22 16:44:34.544,1.6745,1.67485,1.00,3.80
2009.09.22 16:44:35.723,1.67445,1.67485,2.00,3.80
2009.09.22 16:44:38.443,1.6745,1.67485,1.00,3.80
2009.09.22 16:44:38.613,1.67445,1.67485,2.00,3.80
2009.09.22 16:44:41.472,1.67445,1.67485,1.00,3.80
2009.09.22 16:44:43.282,1.6745,1.6749,1.40,3.20
2009.09.22 16:44:43.571,1.67455,1.67495,2.40,3.80
2009.09.22 16:44:43.871,1.67455,1.67495,2.40,1.40
2009.09.22 16:44:44.151,1.67455,1.67495,1.40,2.40
2009.09.22 16:44:44.441,1.67455,1.675,5.40,6.60
2009.09.22 16:44:44.681,1.67455,1.675,5.80,4.20
2009.09.22 16:44:45.451,1.67455,1.675,5.90,4.20
2009.09.22 16:44:45.831,1.67455,1.675,6.70,4.20
2009.09.22 16:44:48.570,1.67455,1.675,6.70,5.80
2009.09.22 16:44:48.851,1.67455,1.67495,3.60,1.40
2009.09.22 16:44:49.180,1.67455,1.67495,2.80,3.80
2009.09.22 16:44:49.470,1.67455,1.67495,1.00,3.80
2009.09.22 16:44:49.820,1.6745,1.67495,4.30,3.80
2009.09.22 16:44:52.759,1.6746,1.67495,1.00,3.80
2009.09.22 16:44:56.659,1.67455,1.67495,1.00,3.80
2009.09.22 16:44:57.118,1.67455,1.67495,1.90,2.40
2009.09.22 16:44:57.228,1.67455,1.67485,1.00,1.40
2009.09.22 16:44:57.398,1.67455,1.6748,1.00,1.40
2009.09.22 16:44:57.728,1.67445,1.67485,1.00,3.80
2009.09.22 16:44:58.078,1.67445,1.67485,2.40,1.40
2009.09.22 16:44:58.428,1.6744,1.67485,4.20,3.80
2009.09.22 16:44:58.718,1.6744,1.67475,2.80,1.40
2009.09.22 16:44:58.998,1.6744,1.67475,1.00,3.80
2009.09.22 16:44:59.288,1.67435,1.67475,1.00,3.80
2009.09.22 16:44:59.877,1.6743,1.6747,1.80,3.20
2009.09.22 16:45:00.107,1.67435,1.67475,2.20,4.80
2009.09.22 16:45:00.387,1.67435,1.6748,4.20,3.80
2009.09.22 16:45:00.668,1.6744,1.6748,1.40,2.40
2009.09.22 16:45:01.057,1.6744,1.67485,3.80,3.80
2009.09.22 16:45:01.277,1.6744,1.67485,4.20,3.80
2009.09.22 16:45:01.507,1.67445,1.67485,1.40,2.40
2009.09.22 16:45:01.857,1.6744,1.67485,3.80,7.00
2009.09.22 16:45:02.207,1.6744,1.67485,3.80,3.80
2009.09.22 16:45:02.557,1.6744,1.6748,2.40,1.40
2009.09.22 16:45:02.907,1.6744,1.67485,3.80,3.80
2009.09.22 16:45:03.247,1.6744,1.6748,2.40,1.40
2009.09.22 16:45:04.057,1.67435,1.6747,2.40,1.40
2009.09.22 16:45:04.176,1.67425,1.6747,4.30,3.80
2009.09.22 16:45:05.926,1.67425,1.67465,2.80,1.40
2009.09.22 16:45:06.036,1.67425,1.67465,1.00,3.80
2009.09.22 16:45:06.146,1.67425,1.67465,1.80,2.40
2009.09.22 16:45:06.916,1.67425,1.6747,4.20,3.80
2009.09.22 16:45:07.366,1.6743,1.6747,1.00,3.80
2009.09.22 16:45:08.066,1.6743,1.67465,1.00,2.40
2009.09.22 16:45:08.305,1.6743,1.67465,3.50,2.40
2009.09.22 16:45:08.525,1.6743,1.6747,3.50,2.40
2009.09.22 16:45:08.755,1.6743,1.6747,3.90,2.40
2009.09.22 16:45:08.985,1.6743,1.67475,6.30,3.80
2009.09.22 16:45:21.442,1.67435,1.67475,1.50,2.40
2009.09.22 16:45:21.622,1.67435,1.67475,2.30,2.40
2009.09.22 16:45:21.792,1.6744,1.6748,1.40,2.40
2009.09.22 16:45:21.912,1.6744,1.67485,3.80,4.20
2009.09.22 16:45:22.722,1.6744,1.67485,4.20,3.80
2009.09.22 16:45:23.022,1.67445,1.67485,1.40,2.40
2009.09.22 16:45:23.372,1.67445,1.67485,2.40,1.40
2009.09.22 16:45:23.982,1.6744,1.67485,6.20,3.80
2009.09.22 16:45:24.272,1.67445,1.67485,2.40,1.40
2009.09.22 16:45:35.389,1.67445,1.67485,2.40,1.80
2009.09.22 16:45:35.549,1.6744,1.67485,6.20,4.20
2009.09.22 16:45:35.719,1.6744,1.67485,3.80,4.20
2009.09.22 16:45:40.048,1.6744,1.67485,3.90,4.20
2009.09.22 16:45:40.228,1.6744,1.67485,3.80,4.20
2009.09.22 16:45:41.048,1.67445,1.67485,2.40,1.80
2009.09.22 16:45:42.927,1.67445,1.67485,2.40,1.40
2009.09.22 16:45:49.206,1.6744,1.6748,4.80,1.40
2009.09.22 16:45:49.326,1.6744,1.67485,3.80,3.80
2009.09.22 16:45:49.496,1.67445,1.67485,2.40,1.80
2009.09.22 16:45:49.946,1.67445,1.67485,2.40,1.40
2009.09.22 16:45:52.225,1.67445,1.67485,2.40,1.80
2009.09.22 16:45:52.805,1.67445,1.67485,2.40,1.40
2009.09.22 16:45:53.155,1.67455,1.67485,2.40,1.40
2009.09.22 16:45:54.065,1.67455,1.6749,2.40,1.00
2009.09.22 16:45:54.414,1.67455,1.67495,2.40,1.80
2009.09.22 16:46:04.602,1.6745,1.67495,4.80,4.20
2009.09.22 16:46:04.782,1.6745,1.67495,2.40,4.20
2009.09.22 16:46:05.832,1.6745,1.6749,2.40,2.40
2009.09.22 16:46:06.012,1.6745,1.67495,2.40,4.20
2009.09.22 16:46:06.482,1.6745,1.67485,2.40,1.40
2009.09.22 16:46:06.652,1.67445,1.67485,2.40,1.40
2009.09.22 16:46:07.492,1.67445,1.6749,3.80,4.20
2009.09.22 16:46:07.791,1.6745,1.6749,2.40,1.80
2009.09.22 16:46:08.132,1.6745,1.6749,2.40,4.20
2009.09.22 16:46:08.471,1.6745,1.6749,2.40,1.80
2009.09.22 16:46:08.761,1.6745,1.6749,2.40,4.20
2009.09.22 16:46:10.261,1.6745,1.67485,2.40,1.40
2009.09.22 16:46:11.971,1.6745,1.6749,2.40,1.80
2009.09.22 16:46:12.081,1.67445,1.6749,3.80,4.60
2009.09.22 16:46:12.261,1.67445,1.67485,1.40,2.40
2009.09.22 16:46:12.380,1.67445,1.6749,3.80,4.60
2009.09.22 16:46:12.731,1.67445,1.6749,6.20,4.20
2009.09.22 16:46:13.090,1.67455,1.67495,2.40,1.80
2009.09.22 16:46:13.440,1.67455,1.67495,2.40,1.40
2009.09.22 16:46:14.040,1.67455,1.67495,2.40,3.80
2009.09.22 16:46:15.290,1.6745,1.6749,3.80,2.40
2009.09.22 16:46:15.760,1.6745,1.67495,3.80,4.20
2009.09.22 16:46:18.019,1.67455,1.67495,2.40,4.20
2009.09.22 16:46:18.299,1.67455,1.67495,2.40,1.80
2009.09.22 16:46:21.348,1.67455,1.67495,2.40,4.20
2009.09.22 16:46:21.748,1.6745,1.67495,6.30,4.20
2009.09.22 16:46:21.928,1.6745,1.67495,3.90,4.20
2009.09.22 16:46:24.608,1.67455,1.67495,2.40,4.20
2009.09.22 16:46:25.837,1.67455,1.67495,2.40,3.80
2009.09.22 16:46:26.317,1.67455,1.67495,2.40,4.20
2009.09.22 16:46:26.598,1.6745,1.67495,6.30,3.80
2009.09.22 16:46:26.717,1.6745,1.6749,4.80,1.40
2009.09.22 16:46:27.067,1.6745,1.67495,6.30,3.80
2009.09.22 16:46:27.407,1.6745,1.67495,3.90,3.80
2009.09.22 16:46:28.107,1.6745,1.67495,3.80,3.80
2009.09.22 16:46:28.407,1.6745,1.6749,2.40,1.40
2009.09.22 16:46:32.826,1.6745,1.6749,2.40,1.40
2009.09.22 16:46:33.396,1.67455,1.67495,1.40,2.40
2009.09.22 16:46:33.735,1.67455,1.67495,3.40,2.40
2009.09.22 16:46:34.325,1.6745,1.67495,4.20,6.70
2009.09.22 16:46:34.505,1.6745,1.6749,1.80,2.40
2009.09.22 16:46:34.685,1.67465,1.6749,1.40,2.40
2009.09.22 16:46:34.846,1.6746,1.67495,1.00,2.40
2009.09.22 16:46:35.195,1.6745,1.6749,4.20,2.40
2009.09.22 16:46:35.555,1.67455,1.67495,2.40,4.60
2009.09.22 16:46:35.905,1.6745,1.67495,4.60,4.60
2009.09.22 16:46:36.425,1.6745,1.67495,4.70,4.60
2009.09.22 16:46:37.115,1.6745,1.67495,4.60,4.60
2009.09.22 16:46:37.285,1.6745,1.6749,3.20,1.40
2009.09.22 16:46:37.464,1.6745,1.6749,2.40,2.20
2009.09.22 16:46:37.644,1.67445,1.6749,5.90,4.60
2009.09.22 16:46:37.754,1.67445,1.67485,4.40,2.20
2009.09.22 16:46:37.934,1.67445,1.67485,1.00,4.60
2009.09.22 16:46:38.444,1.6744,1.67485,4.30,4.60
2009.09.22 16:46:43.703,1.6744,1.67485,4.20,4.60
2009.09.22 16:46:43.863,1.6744,1.67485,3.80,4.60
2009.09.22 16:46:44.083,1.6744,1.67475,2.40,1.40
2009.09.22 16:46:44.423,1.67435,1.6748,5.80,4.20
2009.09.22 16:46:44.593,1.6744,1.67485,3.80,7.40
2009.09.22 16:46:44.763,1.6744,1.67485,3.80,4.60
2009.09.22 16:46:45.303,1.6744,1.67485,4.20,4.60
2009.09.22 16:46:45.602,1.67445,1.67485,2.40,4.60
2009.09.22 16:46:46.302,1.6744,1.67485,4.20,4.60
2009.09.22 16:46:46.482,1.6744,1.67485,4.30,4.60
2009.09.22 16:46:47.502,1.67445,1.67485,2.40,4.60
2009.09.22 16:46:48.062,1.6744,1.67485,4.30,4.60
2009.09.22 16:46:48.922,1.67445,1.67485,1.40,3.20
2009.09.22 16:46:49.202,1.67445,1.67485,1.40,2.40
2009.09.22 16:46:49.422,1.67445,1.6749,3.80,3.80
2009.09.22 16:46:49.651,1.6745,1.6749,2.40,1.40
2009.09.22 16:46:50.232,1.6745,1.6749,2.40,3.80
2009.09.22 16:46:50.461,1.67445,1.6749,3.80,3.80
2009.09.22 16:46:50.681,1.6744,1.6748,2.80,1.40
2009.09.22 16:46:51.241,1.67435,1.6748,4.20,3.80
2009.09.22 16:46:51.421,1.6744,1.6748,2.40,1.40
2009.09.22 16:46:52.331,1.6744,1.67485,2.40,3.80
2009.09.22 16:46:52.671,1.6744,1.67485,2.40,2.40
2009.09.22 16:46:53.031,1.6744,1.67485,5.20,2.40
2009.09.22 16:46:53.381,1.6744,1.67485,2.40,2.40
2009.09.22 16:47:02.228,1.67445,1.6749,3.80,3.80
2009.09.22 16:47:02.288,1.67445,1.67485,3.80,2.40
2009.09.22 16:47:03.318,1.6745,1.67485,1.00,2.40
2009.09.22 16:47:03.488,1.6745,1.6749,1.00,2.40
2009.09.22 16:47:03.838,1.6745,1.67495,2.80,2.40
2009.09.22 16:47:04.478,1.67455,1.67495,1.00,2.40
2009.09.22 16:47:06.367,1.67455,1.675,2.40,4.00
2009.09.22 16:47:06.817,1.6746,1.675,1.50,2.40
2009.09.22 16:47:07.238,1.6746,1.675,1.40,2.40
2009.09.22 16:47:07.527,1.6746,1.67505,3.90,6.20
2009.09.22 16:47:07.877,1.67465,1.67505,2.40,3.80
2009.09.22 16:47:08.567,1.67465,1.67505,2.40,3.80
2009.09.22 16:47:08.907,1.6746,1.67505,4.30,3.80
2009.09.22 16:47:09.127,1.6746,1.67505,4.20,3.80
2009.09.22 16:47:09.247,1.6746,1.67505,3.80,3.80
2009.09.22 16:47:09.837,1.6746,1.67505,6.20,3.80
2009.09.22 16:47:09.947,1.67465,1.67505,2.40,1.40
2009.09.22 16:47:11.816,1.6746,1.67505,3.90,3.80
2009.09.22 16:47:14.126,1.6747,1.67505,1.40,2.40
2009.09.22 16:47:14.586,1.67465,1.67505,1.00,3.80
2009.09.22 16:47:15.225,1.67465,1.67505,2.40,1.40
2009.09.22 16:47:17.935,1.67465,1.67505,1.00,3.80
2009.09.22 16:47:39.659,1.6746,1.67505,4.30,3.80
2009.09.22 16:47:39.829,1.6746,1.67495,2.80,1.40
2009.09.22 16:47:39.940,1.6746,1.67495,1.00,3.00
2009.09.22 16:47:39.999,1.6746,1.67495,1.00,3.00
2009.09.22 16:47:40.879,1.67465,1.675,1.00,2.40
2009.09.22 16:47:41.619,1.67465,1.67505,1.00,3.80
2009.09.22 16:47:42.199,1.6746,1.67505,3.90,3.80
2009.09.22 16:47:42.649,1.6746,1.67505,4.30,3.80
2009.09.22 16:47:43.278,1.6746,1.675,2.80,1.40
2009.09.22 16:47:48.177,1.6747,1.675,2.40,1.40
2009.09.22 16:47:53.586,1.6747,1.675,4.80,1.40
2009.09.22 16:47:53.886,1.67475,1.675,2.40,1.40
2009.09.22 16:47:54.576,1.6747,1.675,2.40,1.40
2009.09.22 16:47:56.356,1.6747,1.67505,2.40,1.00
2009.09.22 16:47:56.636,1.6747,1.675,2.40,1.40
2009.09.22 16:47:56.875,1.67475,1.675,2.40,1.40
2009.09.22 16:47:57.146,1.6747,1.675,2.40,1.40
2009.09.22 16:47:59.295,1.6747,1.67505,2.40,1.40
2009.09.22 16:47:59.655,1.6747,1.67505,2.80,1.40
2009.09.22 16:48:00.854,1.6747,1.67495,2.80,1.40
2009.09.22 16:48:01.194,1.6747,1.67495,1.00,1.40
2009.09.22 16:48:01.304,1.67465,1.67495,2.80,1.40
2009.09.22 16:48:02.254,1.67465,1.67495,1.00,1.40
2009.09.22 16:48:05.283,1.67465,1.67495,1.00,1.80
2009.09.22 16:48:05.623,1.6746,1.67495,1.00,1.80
2009.09.22 16:48:05.853,1.6746,1.67495,1.00,4.20
2009.09.22 16:48:08.453,1.6746,1.67495,4.40,1.40
2009.09.22 16:48:09.252,1.67465,1.67495,1.00,1.40
2009.09.22 16:48:10.692,1.67465,1.67495,1.00,4.20
2009.09.22 16:48:11.152,1.6746,1.67495,1.00,4.20
2009.09.22 16:48:11.942,1.6746,1.67495,1.00,3.80
2009.09.22 16:48:12.002,1.6746,1.67495,4.40,1.40
2009.09.22 16:48:15.241,1.6746,1.675,4.40,4.20
2009.09.22 16:48:15.401,1.6746,1.67495,4.40,1.40
2009.09.22 16:48:16.091,1.6746,1.6749,2.80,1.00
2009.09.22 16:48:16.381,1.6746,1.6748,1.00,1.40
2009.09.22 16:48:16.551,1.67445,1.6748,2.40,1.40
2009.09.22 16:48:17.420,1.67445,1.6748,2.40,3.80
2009.09.22 16:48:18.000,1.67445,1.6747,1.00,3.00
2009.09.22 16:48:18.350,1.6743,1.6747,1.20,5.40
2009.09.22 16:48:18.690,1.6743,1.6747,1.00,5.40
2009.09.22 16:48:18.930,1.6743,1.6747,2.80,5.40
2009.09.22 16:48:19.780,1.6743,1.6747,5.20,5.40
2009.09.22 16:48:19.950,1.67435,1.67475,5.40,1.00
2009.09.22 16:48:20.070,1.6744,1.6748,2.40,1.40
2009.09.22 16:48:21.159,1.67435,1.6748,6.60,3.80
2009.09.22 16:48:21.440,1.6744,1.6748,1.00,3.80
2009.09.22 16:48:25.618,1.67455,1.6749,2.40,1.80
2009.09.22 16:48:25.788,1.6746,1.6749,2.40,1.80
2009.09.22 16:48:26.128,1.67455,1.6749,2.40,1.40
2009.09.22 16:48:26.429,1.67455,1.675,2.40,2.20
2009.09.22 16:48:26.608,1.6745,1.675,4.00,1.90
2009.09.22 16:48:26.718,1.6746,1.6749,2.40,1.40
2009.09.22 16:48:26.838,1.67455,1.6749,2.40,1.40
2009.09.22 16:48:26.948,1.6745,1.6749,5.20,1.40
2009.09.22 16:48:27.008,1.6745,1.6749,2.40,1.40
2009.09.22 16:48:27.128,1.6745,1.6749,3.20,1.40
2009.09.22 16:48:27.528,1.6745,1.6749,2.40,1.40
2009.09.22 16:48:28.088,1.67455,1.67495,2.40,1.40
2009.09.22 16:48:28.438,1.6745,1.67495,4.20,1.40
2009.09.22 16:48:29.148,1.67455,1.67495,2.40,1.40
2009.09.22 16:48:29.508,1.67455,1.6749,2.40,1.40
2009.09.22 16:48:30.367,1.67455,1.67485,2.40,1.40
2009.09.22 16:48:30.657,1.67445,1.67485,2.80,3.80
2009.09.22 16:48:31.057,1.67445,1.67485,2.40,3.80
2009.09.22 16:48:31.177,1.6744,1.67485,6.70,3.80
2009.09.22 16:48:31.297,1.6744,1.67485,4.30,3.80
2009.09.22 16:48:33.317,1.6744,1.67485,4.20,3.80
2009.09.22 16:48:34.806,1.6744,1.67485,4.30,3.80
2009.09.22 16:48:35.526,1.67445,1.67485,1.00,3.80
2009.09.22 16:48:35.876,1.67445,1.67485,1.60,3.80
2009.09.22 16:48:36.216,1.67445,1.6748,1.80,2.40
2009.09.22 16:48:36.516,1.67445,1.6749,5.80,3.80
2009.09.22 16:48:36.686,1.6745,1.6749,2.40,1.40
2009.09.22 16:48:38.085,1.6745,1.675,2.40,2.40
2009.09.22 16:48:38.466,1.6746,1.67505,1.40,4.20
2009.09.22 16:48:38.815,1.67465,1.67505,2.40,1.40
2009.09.22 16:48:39.505,1.6747,1.67505,2.40,1.40
2009.09.22 16:48:41.504,1.67465,1.67505,2.80,3.80
2009.09.22 16:48:41.675,1.67465,1.67505,1.00,3.80
2009.09.22 16:48:42.255,1.67465,1.67505,1.00,3.80
2009.09.22 16:48:42.605,1.67465,1.67505,2.80,1.40
2009.09.22 16:48:42.904,1.6747,1.67505,1.00,1.40
2009.09.22 16:48:46.214,1.67475,1.67505,2.40,1.40
2009.09.22 16:48:51.612,1.6747,1.67505,2.80,1.40
2009.09.22 16:48:51.942,1.6747,1.67505,2.40,1.40
2009.09.22 16:48:56.041,1.67475,1.675,2.40,1.40
2009.09.22 16:48:56.381,1.67475,1.67505,2.40,1.40
2009.09.22 16:48:56.441,1.6747,1.67505,2.40,1.40
2009.09.22 16:48:57.661,1.67475,1.67505,2.40,1.40
2009.09.22 16:49:00.480,1.67475,1.6751,2.40,1.80
2009.09.22 16:49:01.000,1.67475,1.6751,2.40,1.40
2009.09.22 16:49:01.630,1.67475,1.6752,2.40,4.20
2009.09.22 16:49:01.870,1.67475,1.6751,2.40,1.80
2009.09.22 16:49:01.980,1.6747,1.6751,2.40,1.80
2009.09.22 16:49:02.140,1.6747,1.6751,4.80,1.80
2009.09.22 16:49:02.250,1.67475,1.6751,2.40,1.80
2009.09.22 16:49:02.960,1.67475,1.6751,2.40,1.00
2009.09.22 16:49:03.299,1.67475,1.6751,2.40,1.80
2009.09.22 16:49:05.349,1.67475,1.67505,2.40,1.40
2009.09.22 16:49:05.589,1.67475,1.67505,2.40,3.00
2009.09.22 16:49:05.809,1.67475,1.67505,2.40,1.40
2009.09.22 16:49:06.039,1.6747,1.67505,2.40,1.40
2009.09.22 16:49:06.788,1.67465,1.67505,5.20,1.40
2009.09.22 16:49:06.898,1.67465,1.67505,2.80,1.40
2009.09.22 16:49:09.858,1.6747,1.67505,1.00,1.40
2009.09.22 16:49:10.668,1.6747,1.6751,1.00,3.80
2009.09.22 16:49:10.998,1.6747,1.67505,2.40,1.40
2009.09.22 16:49:11.328,1.6747,1.675,2.40,1.40
2009.09.22 16:49:12.077,1.67465,1.675,2.80,1.40
2009.09.22 16:49:13.277,1.67465,1.67505,2.80,3.00
2009.09.22 16:49:15.287,1.67465,1.67495,2.80,1.60
2009.09.22 16:49:15.526,1.6746,1.675,3.60,1.40
2009.09.22 16:49:15.687,1.67465,1.675,2.80,1.40
2009.09.22 16:49:16.326,1.67465,1.675,2.80,1.40
2009.09.22 16:49:25.404,1.67465,1.67495,2.80,1.40
2009.09.22 16:49:25.524,1.67465,1.67495,2.80,3.00
2009.09.22 16:49:25.694,1.67465,1.675,1.00,1.40
2009.09.22 16:49:25.814,1.67465,1.675,2.40,1.40
2009.09.22 16:49:25.994,1.67465,1.675,2.80,1.40
2009.09.22 16:49:27.254,1.67465,1.675,3.60,1.40
2009.09.22 16:49:29.173,1.67465,1.675,3.60,1.40
2009.09.22 16:49:36.231,1.67465,1.675,3.20,1.40
2009.09.22 16:49:36.801,1.6747,1.67505,2.40,3.00
2009.09.22 16:49:37.091,1.67475,1.67505,2.40,3.00
2009.09.22 16:49:56.387,1.67475,1.67505,2.40,3.00
2009.09.22 16:49:56.796,1.67475,1.67505,2.40,3.00
2009.09.22 16:50:01.875,1.67475,1.675,2.40,1.60
2009.09.22 16:50:02.535,1.6747,1.675,2.40,1.60
2009.09.22 16:50:04.165,1.6747,1.67495,2.40,1.40
2009.09.22 16:50:05.094,1.6747,1.6749,2.40,1.40
2009.09.22 16:50:05.485,1.67465,1.6749,2.40,1.40
2009.09.22 16:50:06.174,1.6746,1.67495,2.40,1.40
2009.09.22 16:50:06.514,1.67465,1.6749,2.40,1.40
2009.09.22 16:50:07.434,1.67465,1.67495,2.40,1.40
2009.09.22 16:50:08.724,1.6747,1.6749,2.40,1.00
2009.09.22 16:50:09.123,1.67465,1.67485,2.40,3.40
2009.09.22 16:50:09.883,1.67455,1.675,4.20,3.80
2009.09.22 16:50:10.223,1.6747,1.675,2.40,1.40
2009.09.22 16:50:10.563,1.6747,1.67485,2.40,5.40
2009.09.22 16:50:10.863,1.67435,1.6748,1.00,2.40
2009.09.22 16:50:11.193,1.6744,1.67485,2.40,3.40
2009.09.22 16:50:11.433,1.6744,1.6749,2.40,1.80
2009.09.22 16:50:11.663,1.6744,1.6749,2.40,1.40
2009.09.22 16:50:11.903,1.6745,1.6748,2.40,1.60
2009.09.22 16:50:12.133,1.6746,1.6748,2.40,1.60
2009.09.22 16:50:12.363,1.67455,1.6748,2.40,1.60
2009.09.22 16:50:12.533,1.67455,1.67475,2.40,1.40
2009.09.22 16:50:12.763,1.6744,1.67475,1.00,3.80
2009.09.22 16:50:12.933,1.6744,1.67475,1.80,2.40
2009.09.22 16:50:13.163,1.6744,1.67475,1.40,2.40
2009.09.22 16:50:13.332,1.67445,1.6748,2.40,1.40
2009.09.22 16:50:13.683,1.6746,1.6748,2.40,1.40
2009.09.22 16:50:14.032,1.67445,1.6748,2.40,1.40
2009.09.22 16:50:15.882,1.67445,1.6748,4.80,1.40
2009.09.22 16:50:16.462,1.6745,1.6748,2.40,1.40
2009.09.22 16:50:16.642,1.6744,1.67465,2.40,1.40
2009.09.22 16:50:17.042,1.67425,1.67465,2.80,1.40
2009.09.22 16:50:17.162,1.67425,1.67475,5.40,1.00
2009.09.22 16:50:17.272,1.67425,1.6748,6.20,3.80
2009.09.22 16:50:17.392,1.67425,1.6748,3.20,3.80
2009.09.22 16:50:17.512,1.6743,1.6748,2.40,4.60
2009.09.22 16:50:17.742,1.67425,1.6747,5.80,3.80
2009.09.22 16:50:18.141,1.6743,1.6747,2.40,2.20
2009.09.22 16:50:18.482,1.67425,1.6746,3.80,1.00
2009.09.22 16:50:18.811,1.67425,1.6746,2.40,2.20
2009.09.22 16:50:19.161,1.67425,1.6746,2.40,1.40
2009.09.22 16:50:19.501,1.67425,1.6746,2.40,2.20
2009.09.22 16:50:19.841,1.67435,1.6747,2.40,4.20
2009.09.22 16:50:20.081,1.67435,1.6747,2.40,1.40
2009.09.22 16:50:20.561,1.6744,1.6747,2.40,1.80
2009.09.22 16:50:20.791,1.6744,1.6747,4.80,1.80
2009.09.22 16:50:20.901,1.6744,1.6747,4.80,1.00
2009.09.22 16:50:21.191,1.6745,1.67465,2.40,1.40
2009.09.22 16:50:21.830,1.6745,1.6747,2.40,1.80
2009.09.22 16:50:22.051,1.6745,1.6747,2.40,1.40
2009.09.22 16:50:22.230,1.6745,1.6747,2.40,1.80
2009.09.22 16:50:22.731,1.6745,1.6747,2.40,1.40
2009.09.22 16:50:22.960,1.6743,1.67475,6.60,5.40
2009.09.22 16:50:23.290,1.6743,1.67475,4.20,5.40
2009.09.22 16:50:23.640,1.67435,1.67475,3.80,1.60
2009.09.22 16:50:24.040,1.6744,1.6747,2.40,1.40
2009.09.22 16:50:24.390,1.67435,1.67465,1.00,1.40
2009.09.22 16:50:24.720,1.6743,1.67465,2.80,1.40
2009.09.22 16:50:25.410,1.67435,1.67465,2.40,1.40
2009.09.22 16:50:28.129,1.67445,1.67485,2.40,1.00
2009.09.22 16:50:28.469,1.67445,1.6749,2.40,4.30
2009.09.22 16:50:28.819,1.67445,1.6749,4.60,4.30
2009.09.22 16:50:29.159,1.67445,1.6749,4.60,3.90
2009.09.22 16:50:29.509,1.6745,1.6749,2.40,1.50
2009.09.22 16:50:31.528,1.6745,1.6749,2.40,1.40
2009.09.22 16:50:31.758,1.6745,1.67495,4.60,5.50
2009.09.22 16:50:32.048,1.67455,1.67495,2.40,3.10
2009.09.22 16:50:33.458,1.67455,1.6749,2.40,1.00
2009.09.22 16:50:33.688,1.67445,1.67485,2.80,3.90
2009.09.22 16:50:33.978,1.67445,1.67485,2.40,3.90
2009.09.22 16:50:34.217,1.67445,1.67485,3.20,3.00
2009.09.22 16:50:34.507,1.6745,1.6749,2.40,1.90
2009.09.22 16:50:35.187,1.6745,1.67475,2.40,1.40
2009.09.22 16:50:35.357,1.67445,1.67475,2.80,3.80
2009.09.22 16:50:35.537,1.6745,1.67485,2.40,5.50
2009.09.22 16:50:35.707,1.6745,1.67485,2.40,1.50
2009.09.22 16:50:36.297,1.67445,1.67485,2.40,1.50
2009.09.22 16:50:36.417,1.6745,1.67485,2.40,1.50
2009.09.22 16:50:36.657,1.6745,1.67485,2.40,1.40
2009.09.22 16:50:36.777,1.6745,1.67485,2.40,1.50
2009.09.22 16:50:37.077,1.67445,1.67485,4.80,1.50
2009.09.22 16:50:37.187,1.67445,1.67485,2.40,1.50
2009.09.22 16:50:37.657,1.67445,1.67485,2.40,1.40
2009.09.22 16:50:39.006,1.67445,1.67475,2.40,3.80
2009.09.22 16:50:39.296,1.67435,1.67475,2.80,3.80
2009.09.22 16:50:39.586,1.67435,1.67475,2.40,3.80
2009.09.22 16:50:40.456,1.67435,1.67475,2.40,3.90
2009.09.22 16:50:40.626,1.67435,1.6747,2.40,1.00
2009.09.22 16:50:40.806,1.6743,1.67465,2.80,1.60
2009.09.22 16:50:40.976,1.6743,1.67465,4.20,1.60
2009.09.22 16:50:41.156,1.67435,1.67475,1.40,3.20
2009.09.22 16:50:41.336,1.67435,1.6748,3.80,5.10
2009.09.22 16:50:41.856,1.67445,1.6748,2.40,2.30
2009.09.22 16:50:43.045,1.67445,1.6748,2.40,2.20
2009.09.22 16:50:43.256,1.67445,1.6748,2.40,2.30
2009.09.22 16:50:43.595,1.67445,1.6748,2.40,2.20
2009.09.22 16:50:44.675,1.67445,1.6748,2.40,2.30
2009.09.22 16:50:45.175,1.67445,1.6748,2.40,2.20
2009.09.22 16:50:45.765,1.67445,1.67465,2.40,3.40
2009.09.22 16:50:45.945,1.67435,1.67465,2.80,3.40
2009.09.22 16:50:46.175,1.67435,1.67465,2.40,3.40
2009.09.22 16:50:46.354,1.6743,1.67465,2.40,3.40
2009.09.22 16:50:47.214,1.6743,1.67465,2.40,3.50
2009.09.22 16:50:47.384,1.6743,1.67465,3.80,2.00
2009.09.22 16:50:47.434,1.6743,1.67475,3.80,4.20
2009.09.22 16:50:47.664,1.6744,1.67475,2.40,1.80
2009.09.22 16:50:47.784,1.6744,1.67475,2.40,1.40
2009.09.22 16:50:49.644,1.6744,1.6748,2.40,2.60
2009.09.22 16:50:49.994,1.67445,1.6748,2.40,1.80
2009.09.22 16:50:50.174,1.6745,1.6748,2.40,1.40
2009.09.22 16:50:50.404,1.67445,1.6748,2.40,1.40
2009.09.22 16:50:53.183,1.6745,1.6748,1.60,1.40
2009.09.22 16:50:53.523,1.67455,1.6748,2.40,1.40
2009.09.22 16:50:53.873,1.67445,1.6748,2.40,1.40
2009.09.22 16:51:00.211,1.67455,1.67485,1.40,2.40
2009.09.22 16:51:00.381,1.6745,1.67485,1.40,2.40
2009.09.22 16:51:00.561,1.6745,1.6749,3.80,1.00
2009.09.22 16:51:01.061,1.6745,1.67495,3.80,5.80
2009.09.22 16:51:01.401,1.67445,1.67485,3.20,1.40
2009.09.22 16:51:01.801,1.67455,1.67485,2.40,1.40
2009.09.22 16:51:02.331,1.6745,1.67485,2.40,1.40
2009.09.22 16:51:02.901,1.6745,1.6749,3.80,1.00
2009.09.22 16:51:03.071,1.6745,1.67495,3.80,5.90
2009.09.22 16:51:03.420,1.67455,1.67495,2.40,3.50
2009.09.22 16:51:06.550,1.67455,1.67495,3.80,1.00
2009.09.22 16:51:06.670,1.67455,1.67495,2.40,1.50
2009.09.22 16:51:06.850,1.67455,1.67495,2.40,1.90
2009.09.22 16:51:07.089,1.67455,1.67495,2.40,4.30
2009.09.22 16:51:07.380,1.6745,1.67495,2.40,4.30
2009.09.22 16:51:09.269,1.6745,1.67495,2.40,3.90
2009.09.22 16:51:09.609,1.6745,1.67495,2.80,2.40
2009.09.22 16:51:09.989,1.67455,1.675,2.40,4.30
2009.09.22 16:51:13.438,1.67455,1.675,2.40,3.90
2009.09.22 16:51:13.558,1.67455,1.675,3.80,2.40
2009.09.22 16:51:13.848,1.67465,1.675,2.40,1.50
2009.09.22 16:51:14.128,1.67455,1.675,2.80,2.40
2009.09.22 16:51:14.418,1.6746,1.675,2.40,1.00
2009.09.22 16:51:14.758,1.6746,1.67505,2.40,4.30
2009.09.22 16:51:16.527,1.67465,1.67505,2.40,4.30
2009.09.22 16:51:16.867,1.67465,1.67505,2.40,1.90
2009.09.22 16:51:18.097,1.6747,1.6751,2.40,4.60
2009.09.22 16:51:18.337,1.6747,1.6751,2.40,4.20
2009.09.22 16:51:18.627,1.6747,1.6751,2.40,1.80
2009.09.22 16:51:22.126,1.6747,1.6751,2.40,1.40
2009.09.22 16:51:23.506,1.6747,1.6751,2.40,1.40
2009.09.22 16:51:26.775,1.67475,1.67515,1.40,4.40
2009.09.22 16:51:26.945,1.67475,1.67515,1.40,2.80
2009.09.22 16:51:26.995,1.67475,1.67515,2.20,2.80
2009.09.22 16:51:27.105,1.67475,1.67515,4.60,2.80
2009.09.22 16:51:27.275,1.67475,1.67515,4.60,2.40
2009.09.22 16:51:31.814,1.6747,1.67505,3.20,1.40
2009.09.22 16:51:33.613,1.6747,1.67505,5.60,1.40
2009.09.22 16:51:33.953,1.6747,1.67505,3.20,1.40
2009.09.22 16:51:39.502,1.6747,1.6751,3.20,3.80
2009.09.22 16:51:39.732,1.6747,1.6751,5.60,3.80
2009.09.22 16:51:39.972,1.67475,1.6751,3.20,1.40
2009.09.22 16:51:44.351,1.67465,1.675,1.00,1.60
2009.09.22 16:51:48.060,1.6746,1.675,5.10,2.00
2009.09.22 16:51:48.280,1.6746,1.675,3.60,3.40
2009.09.22 16:51:48.510,1.6746,1.675,3.60,5.80
2009.09.22 16:51:48.909,1.6746,1.675,3.60,3.40
2009.09.22 16:51:49.260,1.6746,1.675,5.10,1.60
2009.09.22 16:51:50.479,1.67465,1.675,1.00,1.60
2009.09.22 16:51:52.539,1.67465,1.675,3.20,1.60
2009.09.22 16:51:57.457,1.67465,1.675,3.20,3.00
2009.09.22 16:51:57.628,1.67465,1.675,3.20,3.40
2009.09.22 16:51:57.807,1.67465,1.675,2.40,3.40
2009.09.22 16:51:58.577,1.6746,1.675,3.20,3.40
2009.09.22 16:52:07.485,1.6746,1.675,4.60,1.60
2009.09.22 16:52:07.715,1.6746,1.675,4.70,1.60
2009.09.22 16:52:09.725,1.67465,1.67485,1.00,3.40
2009.09.22 16:52:10.074,1.6746,1.67485,2.40,3.40
2009.09.22 16:52:10.464,1.6745,1.67485,3.60,3.40
2009.09.22 16:52:11.694,1.6745,1.67485,2.80,3.40
2009.09.22 16:52:22.331,1.6745,1.67485,2.80,3.00
2009.09.22 16:52:25.911,1.6745,1.67485,2.80,3.00
2009.09.22 16:52:26.081,1.67455,1.67495,1.00,3.80
2009.09.22 16:52:26.191,1.67455,1.67495,2.80,3.80
2009.09.22 16:52:26.420,1.67455,1.67495,2.80,1.40
2009.09.22 16:52:30.500,1.6746,1.67495,2.40,1.40
2009.09.22 16:52:30.899,1.67455,1.67495,3.60,1.40
2009.09.22 16:52:31.299,1.67455,1.67495,3.60,1.40
2009.09.22 16:52:35.978,1.67455,1.67495,2.80,1.40
2009.09.22 16:52:36.728,1.67455,1.67495,2.80,3.80
2009.09.22 16:52:38.458,1.67465,1.6751,2.40,7.40
2009.09.22 16:52:38.637,1.6747,1.6751,2.40,5.00
2009.09.22 16:52:38.807,1.6747,1.67505,2.40,1.40
2009.09.22 16:52:39.388,1.67465,1.67505,4.80,3.80
2009.09.22 16:52:39.618,1.67465,1.67505,2.40,3.80
2009.09.22 16:52:41.157,1.67465,1.675,2.40,3.00
2009.09.22 16:52:41.327,1.6746,1.675,5.20,5.40
2009.09.22 16:52:41.507,1.67465,1.67505,2.40,3.80
2009.09.22 16:52:41.847,1.67465,1.67505,2.40,2.40
2009.09.22 16:52:42.377,1.67465,1.6751,2.40,5.40
2009.09.22 16:52:42.677,1.67465,1.675,2.80,1.60
2009.09.22 16:52:43.036,1.67465,1.6751,2.80,5.40
2009.09.22 16:52:43.606,1.6747,1.6751,2.40,3.00
2009.09.22 16:52:44.466,1.6747,1.675,2.40,1.60
2009.09.22 16:52:45.226,1.67465,1.675,2.80,1.60
2009.09.22 16:52:45.586,1.67465,1.6751,2.80,5.40
2009.09.22 16:52:45.756,1.6747,1.6751,2.40,3.00
2009.09.22 16:52:45.936,1.6747,1.6751,2.40,1.60
2009.09.22 16:52:46.286,1.6748,1.6751,2.40,1.60
2009.09.22 16:52:46.935,1.67475,1.6751,2.40,1.60
2009.09.22 16:52:47.446,1.67475,1.6751,2.40,1.60
2009.09.22 16:52:48.246,1.67475,1.6751,3.20,1.60
2009.09.22 16:52:48.535,1.6748,1.6751,2.40,1.60
2009.09.22 16:52:48.825,1.67475,1.6751,3.20,1.60
2009.09.22 16:52:49.795,1.67475,1.6751,2.40,1.60
2009.09.22 16:52:50.265,1.6748,1.6751,2.40,1.60
2009.09.22 16:52:53.764,1.67475,1.6751,2.40,1.60
2009.09.22 16:52:55.703,1.6747,1.6751,2.80,3.00
2009.09.22 16:52:56.003,1.6747,1.6751,2.40,3.00
2009.09.22 16:53:04.102,1.67475,1.6751,2.40,1.60
2009.09.22 16:53:04.451,1.6747,1.6751,2.40,1.60
2009.09.22 16:53:04.832,1.67475,1.6751,2.40,1.60
2009.09.22 16:53:05.181,1.6747,1.6751,5.20,1.60
2009.09.22 16:53:05.531,1.6747,1.6751,2.80,1.60
2009.09.22 16:53:05.891,1.6747,1.6751,3.60,1.60
2009.09.22 16:53:06.461,1.6747,1.6751,3.60,1.60
2009.09.22 16:53:06.801,1.6747,1.6751,3.60,1.60
2009.09.22 16:53:09.410,1.6747,1.6751,3.60,1.60
2009.09.22 16:53:22.177,1.67475,1.6751,1.00,1.60
2009.09.22 16:53:22.987,1.67475,1.6751,3.20,1.60
2009.09.22 16:53:23.747,1.67475,1.6751,2.40,1.60
2009.09.22 16:53:30.395,1.67475,1.6751,2.40,1.60
2009.09.22 16:53:33.794,1.67475,1.6751,2.40,1.60
2009.09.22 16:53:34.004,1.6747,1.675,2.80,1.60
2009.09.22 16:53:34.354,1.6747,1.67495,1.00,1.60
2009.09.22 16:53:34.654,1.67465,1.67495,2.80,1.60
2009.09.22 16:53:39.373,1.67465,1.67495,4.30,1.60
2009.09.22 16:53:39.653,1.67465,1.6751,4.30,4.00
2009.09.22 16:53:39.883,1.6747,1.6751,1.20,4.00
2009.09.22 16:53:40.173,1.6747,1.6751,3.60,1.60
2009.09.22 16:53:44.102,1.6747,1.6751,3.20,1.60
2009.09.22 16:53:44.372,1.67475,1.6751,2.40,1.60
2009.09.22 16:53:44.652,1.6747,1.6751,3.20,1.60
2009.09.22 16:53:44.892,1.67475,1.6751,2.40,1.60
2009.09.22 16:53:45.182,1.6747,1.6751,3.60,4.00
2009.09.22 16:53:45.351,1.67475,1.6751,2.40,1.60
2009.09.22 16:53:46.281,1.6747,1.6751,3.20,1.60
2009.09.22 16:53:46.821,1.6747,1.6751,2.80,1.60
2009.09.22 16:53:46.991,1.6747,1.6751,2.40,1.60
2009.09.22 16:53:47.171,1.67475,1.6751,1.00,4.00
2009.09.22 16:53:47.231,1.67475,1.6751,2.40,1.60
2009.09.22 16:53:47.591,1.6747,1.6751,2.80,1.60
2009.09.22 16:53:47.651,1.6747,1.6751,2.40,1.60
2009.09.22 16:53:47.951,1.67475,1.6751,2.40,1.60
2009.09.22 16:53:48.921,1.6747,1.6751,2.80,1.60
2009.09.22 16:53:49.211,1.67475,1.6751,2.40,1.60
2009.09.22 16:53:49.850,1.67465,1.67505,1.20,2.40
2009.09.22 16:53:50.200,1.67465,1.67505,1.00,3.80
2009.09.22 16:53:50.480,1.67465,1.67495,1.00,2.40
2009.09.22 16:53:50.760,1.67465,1.67505,1.00,3.80
2009.09.22 16:53:51.001,1.6746,1.67505,2.80,3.80
2009.09.22 16:53:51.230,1.6746,1.675,1.00,2.40
2009.09.22 16:53:51.630,1.6746,1.67505,2.80,6.20
2009.09.22 16:53:51.750,1.6746,1.67505,2.80,3.80
2009.09.22 16:53:51.920,1.6746,1.67495,1.00,2.40
2009.09.22 16:53:52.030,1.6746,1.675,2.80,2.40
2009.09.22 16:53:52.140,1.6746,1.67505,2.80,3.80
2009.09.22 16:53:52.250,1.6746,1.67505,2.40,3.80
2009.09.22 16:53:52.420,1.67455,1.67495,2.60,2.40
2009.09.22 16:53:52.590,1.6746,1.675,2.40,2.40
2009.09.22 16:53:52.710,1.6746,1.67505,2.40,3.80
2009.09.22 16:53:52.990,1.67455,1.675,5.00,2.40
2009.09.22 16:53:53.279,1.6746,1.67505,2.40,6.20
2009.09.22 16:53:53.450,1.6746,1.67505,2.40,3.80
2009.09.22 16:53:54.239,1.67455,1.675,5.10,2.40
2009.09.22 16:53:54.849,1.6746,1.67505,2.40,3.80
2009.09.22 16:53:55.439,1.67455,1.675,6.70,2.40
2009.09.22 16:53:55.729,1.67455,1.675,4.30,2.40
2009.09.22 16:53:55.899,1.6746,1.67505,2.40,3.80
2009.09.22 16:53:56.369,1.67455,1.675,4.30,2.40
2009.09.22 16:53:57.009,1.6746,1.67505,2.40,3.80
2009.09.22 16:53:57.709,1.67455,1.67495,1.90,2.40
2009.09.22 16:53:57.888,1.6746,1.67505,2.40,3.80
2009.09.22 16:53:58.368,1.67455,1.675,4.30,2.40
2009.09.22 16:53:58.718,1.67455,1.675,4.20,2.40
2009.09.22 16:53:59.748,1.6746,1.67505,2.40,3.80
2009.09.22 16:53:59.928,1.67455,1.675,6.70,2.40
2009.09.22 16:54:00.508,1.67455,1.67495,1.00,2.40
2009.09.22 16:54:00.628,1.67455,1.675,2.80,5.40
2009.09.22 16:54:00.968,1.67455,1.67495,1.00,2.40
2009.09.22 16:54:01.078,1.6746,1.675,2.40,3.00
2009.09.22 16:54:01.248,1.67455,1.675,2.80,5.40
2009.09.22 16:54:01.598,1.6745,1.67495,5.10,2.40
2009.09.22 16:54:01.888,1.67455,1.67495,2.40,2.40
2009.09.22 16:54:02.127,1.6746,1.675,2.40,3.00
2009.09.22 16:54:02.637,1.67455,1.675,2.80,5.40
2009.09.22 16:54:02.817,1.67455,1.67495,1.00,2.40
2009.09.22 16:54:02.868,1.67455,1.675,2.80,5.40
2009.09.22 16:54:03.267,1.67455,1.67495,2.80,2.40
2009.09.22 16:54:03.497,1.67455,1.675,2.80,5.40
2009.09.22 16:54:03.857,1.6746,1.675,2.40,3.00
2009.09.22 16:54:04.247,1.67455,1.675,2.80,5.40
2009.09.22 16:54:04.587,1.6746,1.675,2.40,3.00
2009.09.22 16:54:04.817,1.6746,1.675,2.80,3.00
2009.09.22 16:54:06.977,1.6746,1.675,2.80,1.60
2009.09.22 16:54:07.146,1.67465,1.675,2.40,1.60
2009.09.22 16:54:07.436,1.67465,1.675,2.40,3.00
2009.09.22 16:54:07.606,1.67465,1.675,2.40,1.60
2009.09.22 16:54:07.826,1.6746,1.675,6.60,2.40
2009.09.22 16:54:08.116,1.6746,1.675,2.40,5.40
2009.09.22 16:54:08.356,1.6746,1.675,1.00,5.40
2009.09.22 16:54:08.646,1.6746,1.675,2.40,3.00
2009.09.22 16:54:10.235,1.6746,1.675,3.20,1.60
2009.09.22 16:54:10.455,1.6746,1.67485,2.40,1.60
2009.09.22 16:54:10.626,1.6746,1.67485,2.40,1.60
2009.09.22 16:54:11.205,1.6745,1.67495,2.40,2.40
2009.09.22 16:54:11.545,1.67455,1.675,2.40,10.20
2009.09.22 16:54:12.005,1.67455,1.675,2.40,7.80
2009.09.22 16:54:12.115,1.67455,1.675,2.40,6.20
2009.09.22 16:54:12.395,1.67455,1.675,2.40,6.20
2009.09.22 16:54:19.413,1.67455,1.675,2.40,6.20
2009.09.22 16:54:20.143,1.6746,1.675,2.40,2.00
2009.09.22 16:54:20.833,1.6746,1.675,2.40,1.60
2009.09.22 16:54:21.343,1.6746,1.675,2.40,1.60
2009.09.22 16:54:25.502,1.6746,1.675,2.40,1.60
2009.09.22 16:54:25.802,1.67465,1.67505,1.00,3.80
2009.09.22 16:54:25.972,1.67465,1.67505,1.00,2.40
2009.09.22 16:54:26.202,1.67465,1.67505,1.00,3.80
2009.09.22 16:54:26.601,1.6747,1.67505,2.40,1.40
2009.09.22 16:54:27.071,1.6747,1.6751,2.40,1.00
2009.09.22 16:54:27.301,1.6747,1.67505,2.40,1.40
2009.09.22 16:54:27.642,1.67465,1.67505,2.40,1.40
2009.09.22 16:54:28.641,1.67465,1.67505,2.40,1.40
2009.09.22 16:54:28.911,1.67465,1.67505,2.40,1.40
2009.09.22 16:54:29.131,1.67465,1.67495,2.40,1.40
2009.09.22 16:54:29.431,1.6746,1.67495,1.00,1.40
2009.09.22 16:54:29.671,1.67455,1.67495,2.80,1.40
2009.09.22 16:54:29.901,1.67455,1.67495,2.40,1.40
2009.09.22 16:54:31.290,1.67465,1.67495,2.40,1.40
2009.09.22 16:54:31.460,1.67465,1.675,2.40,1.00
2009.09.22 16:54:31.640,1.6747,1.675,2.40,1.00
2009.09.22 16:54:31.990,1.67475,1.6751,2.40,1.80
2009.09.22 16:54:32.170,1.67475,1.6751,2.40,1.00
2009.09.22 16:54:32.510,1.67475,1.6752,2.40,5.80
2009.09.22 16:54:32.680,1.6748,1.6752,2.40,3.40
2009.09.22 16:54:32.800,1.67475,1.6752,2.40,5.80
2009.09.22 16:54:33.740,1.67475,1.6752,2.40,5.80
2009.09.22 16:54:34.310,1.67475,1.6752,3.20,5.80
2009.09.22 16:54:34.640,1.67475,1.6751,3.20,1.40
2009.09.22 16:54:34.930,1.67475,1.6751,2.40,1.40
2009.09.22 16:54:35.229,1.6747,1.67505,2.40,1.40
2009.09.22 16:54:35.689,1.67465,1.67505,2.40,1.40
2009.09.22 16:54:37.029,1.67465,1.675,2.40,1.40
2009.09.22 16:54:37.209,1.6746,1.675,3.60,1.40
2009.09.22 16:54:37.549,1.6746,1.675,2.80,1.40
2009.09.22 16:54:37.719,1.6746,1.675,2.40,1.40
2009.09.22 16:54:38.469,1.6746,1.675,2.80,1.40
2009.09.22 16:54:40.048,1.67465,1.675,2.40,1.40
2009.09.22 16:54:40.558,1.67465,1.6749,2.40,1.60
2009.09.22 16:54:40.828,1.67455,1.6749,2.80,1.60
2009.09.22 16:54:41.128,1.6746,1.6749,2.40,1.60
2009.09.22 16:54:46.097,1.67475,1.6749,2.40,1.60
2009.09.22 16:54:46.277,1.67475,1.67495,2.40,1.60
2009.09.22 16:54:46.797,1.67475,1.675,2.40,3.00
2009.09.22 16:54:47.087,1.67475,1.67495,2.40,3.00
2009.09.22 16:54:47.437,1.6746,1.6749,2.40,1.60
2009.09.22 16:54:56.354,1.6746,1.67495,2.40,3.00
2009.09.22 16:55:07.842,1.6746,1.67495,2.40,3.00
2009.09.22 16:55:08.022,1.67465,1.67505,1.60,2.80
2009.09.22 16:55:08.142,1.6747,1.67505,2.40,2.80
2009.09.22 16:55:08.302,1.67475,1.67495,2.40,1.40
2009.09.22 16:55:08.421,1.6747,1.6749,2.40,1.60
2009.09.22 16:55:08.711,1.6747,1.67495,2.40,1.40
2009.09.22 16:55:08.831,1.6746,1.675,2.40,3.00
2009.09.22 16:55:09.171,1.67465,1.675,2.40,3.00
2009.09.22 16:55:12.061,1.67465,1.67505,2.40,1.40
2009.09.22 16:55:12.651,1.67475,1.67505,2.40,1.40
2009.09.22 16:55:16.549,1.6747,1.67505,2.40,1.40
2009.09.22 16:55:16.839,1.67475,1.67505,2.40,1.40
2009.09.22 16:55:18.129,1.6747,1.67505,4.80,1.40
2009.09.22 16:55:18.299,1.6747,1.67505,2.40,1.40
2009.09.22 16:55:19.999,1.6748,1.6751,2.40,1.40
2009.09.22 16:55:22.328,1.6748,1.67505,2.40,1.40
2009.09.22 16:55:22.548,1.6747,1.67505,3.20,1.40
2009.09.22 16:55:22.778,1.6747,1.675,3.20,1.40
2009.09.22 16:55:22.948,1.6747,1.675,1.00,1.40
2009.09.22 16:55:23.008,1.67465,1.675,3.20,1.40
2009.09.22 16:55:23.068,1.67465,1.675,2.40,1.40
2009.09.22 16:55:34.525,1.67465,1.67505,2.40,2.20
2009.09.22 16:55:34.855,1.6747,1.67505,3.20,1.40
2009.09.22 16:55:37.185,1.6747,1.6751,3.20,3.80
2009.09.22 16:55:37.754,1.6748,1.67515,2.40,4.20
2009.09.22 16:55:37.934,1.6748,1.67515,2.40,1.00
2009.09.22 16:55:38.044,1.67475,1.67515,2.40,1.00
2009.09.22 16:55:38.224,1.67475,1.67515,2.40,2.80
2009.09.22 16:55:38.344,1.67475,1.6752,2.40,5.90
2009.09.22 16:55:39.674,1.67475,1.6752,2.40,5.80
2009.09.22 16:55:43.233,1.67475,1.6751,2.40,1.40
2009.09.22 16:55:43.863,1.6747,1.6751,2.40,1.40
2009.09.22 16:55:44.213,1.67465,1.67505,4.80,1.40
2009.09.22 16:55:44.433,1.67465,1.6751,4.30,2.40
2009.09.22 16:55:44.613,1.67475,1.6751,2.40,1.80
2009.09.22 16:55:44.953,1.6747,1.6751,2.40,1.40
2009.09.22 16:55:45.303,1.67465,1.67505,1.00,2.40
2009.09.22 16:55:48.392,1.6747,1.67505,1.00,2.40
2009.09.22 16:55:58.549,1.6747,1.6751,1.00,3.80
2009.09.22 16:55:58.909,1.6747,1.67505,1.00,2.40
2009.09.22 16:55:59.699,1.6747,1.67505,1.00,2.40
2009.09.22 16:56:04.198,1.67465,1.67505,1.00,2.40
2009.09.22 16:56:07.047,1.67465,1.67505,2.30,2.40
2009.09.22 16:56:07.507,1.6747,1.6751,1.00,2.40
2009.09.22 16:56:07.687,1.6747,1.6751,1.00,2.40
2009.09.22 16:56:07.917,1.6747,1.6751,1.20,2.40
2009.09.22 16:56:08.557,1.67475,1.6751,1.00,2.40
2009.09.22 16:56:09.247,1.6747,1.6751,1.20,2.40
2009.09.22 16:56:10.597,1.67475,1.6751,1.00,2.40
2009.09.22 16:56:26.993,1.6748,1.6751,1.00,2.40
2009.09.22 16:56:27.053,1.6748,1.6752,1.00,2.80
2009.09.22 16:56:27.222,1.67475,1.6752,4.30,2.80
2009.09.22 16:56:27.343,1.67475,1.6752,2.80,2.40
2009.09.22 16:56:27.403,1.67475,1.6752,2.40,2.40
2009.09.22 16:56:28.192,1.67475,1.6752,3.20,2.40
2009.09.22 16:56:32.231,1.67475,1.6752,2.40,3.20
2009.09.22 16:56:32.341,1.67475,1.6752,2.40,4.60
2009.09.22 16:56:33.231,1.67475,1.67515,2.40,2.40
2009.09.22 16:56:33.401,1.67475,1.6752,2.40,4.60
2009.09.22 16:56:39.840,1.67475,1.6752,2.40,2.40
2009.09.22 16:56:40.069,1.67475,1.6752,3.20,2.40
2009.09.22 16:56:41.159,1.67475,1.6752,3.20,2.40
2009.09.22 16:56:41.389,1.67475,1.6752,3.20,2.40
2009.09.22 16:56:42.339,1.67475,1.6752,3.20,4.40
2009.09.22 16:56:42.459,1.67475,1.6752,3.20,6.80
2009.09.22 16:56:42.519,1.67475,1.67515,2.40,1.40
2009.09.22 16:56:42.629,1.67475,1.6752,2.40,8.20
2009.09.22 16:56:42.739,1.67475,1.67515,2.40,2.40
2009.09.22 16:56:42.919,1.67475,1.67515,2.40,4.80
2009.09.22 16:56:42.979,1.6747,1.6751,1.80,2.40
2009.09.22 16:56:43.029,1.6747,1.6751,4.20,2.40
2009.09.22 16:56:43.549,1.6747,1.6751,4.30,2.40
2009.09.22 16:56:43.849,1.67475,1.6751,1.50,2.40
2009.09.22 16:56:44.249,1.67475,1.67515,3.90,2.40
2009.09.22 16:56:44.488,1.67475,1.6752,3.90,4.00
2009.09.22 16:56:45.048,1.67475,1.6752,4.70,4.00
2009.09.22 16:56:45.318,1.6748,1.6752,1.00,4.00
2009.09.22 16:56:45.558,1.67475,1.6752,5.10,4.00
2009.09.22 16:56:45.858,1.67475,1.6752,4.70,4.00
2009.09.22 16:56:47.598,1.6748,1.6752,1.00,4.00
2009.09.22 16:56:48.917,1.6748,1.6752,1.00,4.00
2009.09.22 16:56:49.257,1.6748,1.6752,1.00,4.00
2009.09.22 16:56:49.557,1.6748,1.6752,2.40,4.00
2009.09.22 16:56:49.967,1.67485,1.6752,1.00,4.00
2009.09.22 16:56:51.417,1.6748,1.6752,3.60,4.00
2009.09.22 16:56:52.287,1.6748,1.6752,3.60,1.60
2009.09.22 16:56:52.346,1.6748,1.6752,2.80,1.60
2009.09.22 16:56:52.817,1.6748,1.6752,2.80,3.00
2009.09.22 16:56:52.936,1.6748,1.6752,2.80,3.40
2009.09.22 16:56:52.996,1.6748,1.6752,1.00,5.80
2009.09.22 16:56:53.346,1.6748,1.6752,1.00,5.80
2009.09.22 16:56:54.576,1.6748,1.6752,1.00,5.40
2009.09.22 16:56:54.986,1.6748,1.6752,1.00,5.40
2009.09.22 16:56:55.226,1.6748,1.6751,1.00,1.40
2009.09.22 16:56:55.466,1.6748,1.67505,1.00,1.60
2009.09.22 16:56:55.816,1.6748,1.67505,1.00,4.00
2009.09.22 16:56:55.996,1.67475,1.67505,1.00,1.60
2009.09.22 16:56:56.356,1.6748,1.6751,1.00,2.40
2009.09.22 16:56:56.895,1.6748,1.67515,1.00,2.40
2009.09.22 16:57:00.175,1.6748,1.6752,1.00,5.40
2009.09.22 16:57:08.943,1.6748,1.6752,1.00,3.80
2009.09.22 16:57:09.163,1.6748,1.67515,2.30,2.40
2009.09.22 16:57:09.402,1.6749,1.6752,2.40,2.40
2009.09.22 16:57:09.642,1.6749,1.6753,2.40,2.40
2009.09.22 16:57:09.992,1.6749,1.67535,2.40,7.00
2009.09.22 16:57:10.332,1.6749,1.67535,2.40,4.60
2009.09.22 16:57:10.922,1.6749,1.67535,2.40,7.00
2009.09.22 16:57:11.092,1.67485,1.6753,3.60,2.40
2009.09.22 16:57:11.272,1.67485,1.6753,6.00,2.40
2009.09.22 16:57:11.442,1.6749,1.67535,2.40,4.60
2009.09.22 16:57:11.612,1.6749,1.67535,2.40,4.60
2009.09.22 16:57:12.082,1.6749,1.67535,2.40,4.60
2009.09.22 16:57:14.692,1.67485,1.6753,6.00,2.40
2009.09.22 16:57:15.021,1.67485,1.6753,3.60,2.40
2009.09.22 16:57:17.041,1.6749,1.6753,1.00,2.40
2009.09.22 16:57:17.721,1.67485,1.6753,3.60,2.40
2009.09.22 16:57:20.480,1.6749,1.6753,1.00,2.40
2009.09.22 16:57:21.280,1.67485,1.6753,3.60,2.40
2009.09.22 16:57:23.429,1.6749,1.6753,1.00,2.40
2009.09.22 16:57:24.109,1.67485,1.6753,3.60,2.40
2009.09.22 16:57:25.708,1.67485,1.67525,3.60,2.40
2009.09.22 16:57:27.818,1.6749,1.67525,1.00,2.40
2009.09.22 16:57:27.868,1.6749,1.6753,1.00,2.40
2009.09.22 16:57:28.498,1.6749,1.6753,1.00,2.40
2009.09.22 16:57:29.448,1.6749,1.6753,1.00,2.40
2009.09.22 16:57:29.788,1.6749,1.67525,1.00,2.40
2009.09.22 16:57:30.087,1.6749,1.67535,2.80,4.60
2009.09.22 16:57:31.387,1.6749,1.67535,2.80,4.60
2009.09.22 16:57:31.787,1.6749,1.67535,2.80,4.60
2009.09.22 16:57:34.806,1.6749,1.67535,2.80,4.60
2009.09.22 16:57:35.866,1.6749,1.67525,1.00,2.40
2009.09.22 16:57:36.206,1.6749,1.67525,1.00,2.40
2009.09.22 16:57:36.496,1.6749,1.67525,1.00,2.40
2009.09.22 16:57:37.486,1.6749,1.67525,1.00,2.40
2009.09.22 16:57:39.725,1.6749,1.6753,1.00,7.00
2009.09.22 16:57:39.995,1.6749,1.6753,1.00,4.60
2009.09.22 16:57:40.345,1.6749,1.6753,1.00,2.40
2009.09.22 16:57:40.685,1.67485,1.6753,2.80,4.80
2009.09.22 16:57:41.025,1.67485,1.6753,2.80,2.40
2009.09.22 16:57:41.365,1.67485,1.6753,2.80,4.60
2009.09.22 16:57:41.645,1.6749,1.6753,1.00,4.60
2009.09.22 16:57:41.865,1.6749,1.6753,1.00,4.60
2009.09.22 16:57:42.165,1.6749,1.6753,1.00,4.60
2009.09.22 16:57:43.504,1.67485,1.6753,2.80,2.40
2009.09.22 16:57:45.834,1.67485,1.6753,2.80,3.20
2009.09.22 16:57:45.944,1.67485,1.6753,2.80,3.80
2009.09.22 16:57:46.104,1.67485,1.6753,2.80,2.40
2009.09.22 16:57:46.804,1.67485,1.6753,2.80,5.40
2009.09.22 16:57:47.144,1.67485,1.67525,1.00,2.40
2009.09.22 16:57:47.483,1.67485,1.67525,1.00,2.40
2009.09.22 16:57:56.491,1.6749,1.67525,1.00,2.40
2009.09.22 16:57:56.831,1.6749,1.67535,3.90,2.40
2009.09.22 16:57:56.991,1.67495,1.6754,2.40,2.80
2009.09.22 16:57:57.341,1.67495,1.67535,2.40,2.40
2009.09.22 16:57:57.861,1.67495,1.67535,2.40,2.40
2009.09.22 16:57:58.201,1.67495,1.67535,1.00,2.40
2009.09.22 16:58:02.090,1.6749,1.67535,2.80,2.40
2009.09.22 16:58:04.429,1.67495,1.67535,1.00,2.40
2009.09.22 16:58:21.335,1.67495,1.6753,1.00,1.00
2009.09.22 16:58:21.455,1.6749,1.6752,2.80,1.60
2009.09.22 16:58:21.635,1.6749,1.67515,1.00,2.40
2009.09.22 16:58:21.915,1.67485,1.67525,1.00,2.40
2009.09.22 16:58:22.145,1.6749,1.6753,1.00,4.00
2009.09.22 16:58:22.315,1.6749,1.6753,1.00,6.40
2009.09.22 16:58:22.535,1.67485,1.67525,2.80,2.40
2009.09.22 16:58:22.715,1.67485,1.6753,2.80,4.00
2009.09.22 16:58:22.825,1.6749,1.6753,1.00,4.00
2009.09.22 16:58:22.945,1.6749,1.67535,2.80,2.40
2009.09.22 16:58:23.125,1.6749,1.6753,1.00,2.40
2009.09.22 16:58:23.235,1.6749,1.6753,1.90,2.40
2009.09.22 16:58:23.405,1.67495,1.67535,2.40,2.40
2009.09.22 16:58:23.795,1.6749,1.67535,2.80,2.40
2009.09.22 16:58:24.954,1.67495,1.67535,2.40,2.40
2009.09.22 16:58:25.124,1.67495,1.67535,2.40,2.40
2009.09.22 16:58:25.304,1.67495,1.67535,2.80,2.40
2009.09.22 16:58:25.474,1.6749,1.67535,2.80,2.40
2009.09.22 16:58:26.994,1.67495,1.67535,2.40,2.40
2009.09.22 16:58:27.344,1.67495,1.67535,1.00,2.40
2009.09.22 16:58:27.464,1.67495,1.67535,2.80,2.40
2009.09.22 16:58:27.923,1.67495,1.67535,2.40,2.40
2009.09.22 16:58:28.153,1.67495,1.67535,2.80,2.40
2009.09.22 16:58:28.503,1.67495,1.67535,1.00,2.40
2009.09.22 16:58:28.793,1.67495,1.67535,1.00,2.40
2009.09.22 16:58:29.073,1.67495,1.67535,2.80,2.40
2009.09.22 16:58:29.303,1.67495,1.67535,2.80,2.40
2009.09.22 16:58:29.643,1.67495,1.67535,1.00,2.40
2009.09.22 16:58:30.333,1.6749,1.67535,2.80,2.40
2009.09.22 16:58:30.503,1.6749,1.67535,4.30,2.40
2009.09.22 16:58:30.743,1.67495,1.67535,2.40,2.40
2009.09.22 16:58:31.143,1.67495,1.67535,2.80,2.40
2009.09.22 16:58:31.613,1.67495,1.67535,2.80,2.40
2009.09.22 16:58:31.843,1.67495,1.67535,2.80,2.40
2009.09.22 16:58:32.083,1.67495,1.67535,2.80,2.40
2009.09.22 16:58:32.263,1.67495,1.67535,2.80,2.40
2009.09.22 16:58:33.522,1.67495,1.67535,2.80,2.40
2009.09.22 16:58:34.622,1.67495,1.67535,1.00,2.40
2009.09.22 16:58:36.901,1.67495,1.67535,2.40,2.40
2009.09.22 16:58:37.231,1.6749,1.67535,2.80,2.40
2009.09.22 16:58:37.351,1.6749,1.67535,4.30,2.40
2009.09.22 16:58:37.521,1.6749,1.67535,2.80,2.40
2009.09.22 16:58:37.701,1.67495,1.67535,2.40,2.40
2009.09.22 16:58:38.353,1.67495,1.67535,2.40,2.40
2009.09.22 16:58:38.471,1.67495,1.67535,2.40,2.40
2009.09.22 16:58:38.591,1.67495,1.67535,2.80,2.40
2009.09.22 16:58:38.711,1.67495,1.67535,2.80,2.40
2009.09.22 16:58:39.751,1.67495,1.67535,2.80,2.40
2009.09.22 16:58:41.400,1.67495,1.67535,2.80,2.40
2009.09.22 16:58:43.430,1.67495,1.67535,1.00,2.40
2009.09.22 16:58:43.899,1.67495,1.67535,2.80,2.40
2009.09.22 16:58:44.949,1.6751,1.67535,1.40,2.40
2009.09.22 16:58:45.309,1.67495,1.67535,3.20,2.40
2009.09.22 16:58:45.640,1.67495,1.6754,2.80,2.40
2009.09.22 16:58:45.939,1.67495,1.6754,4.30,2.40
2009.09.22 16:58:49.788,1.67495,1.6754,4.20,3.20
2009.09.22 16:58:49.958,1.67495,1.6753,1.00,2.40
2009.09.22 16:58:50.368,1.6749,1.6753,1.00,2.40
2009.09.22 16:58:51.688,1.6749,1.67525,1.00,2.40
2009.09.22 16:58:52.428,1.67485,1.67525,1.00,2.40
2009.09.22 16:58:58.296,1.6749,1.67525,1.00,2.40
2009.09.22 16:58:59.906,1.67485,1.67525,1.00,2.40
2009.09.22 16:59:05.435,1.6749,1.67525,1.00,2.40
2009.09.22 16:59:05.665,1.67485,1.67525,1.00,2.40
2009.09.22 16:59:06.124,1.67485,1.6752,1.00,2.40
2009.09.22 16:59:06.974,1.6749,1.6752,1.00,2.40
2009.09.22 16:59:07.334,1.6749,1.67525,1.00,2.40
2009.09.22 16:59:07.944,1.6749,1.6752,1.00,2.40
2009.09.22 16:59:09.214,1.67495,1.6752,1.00,2.40
2009.09.22 16:59:10.373,1.6749,1.6752,1.00,2.40
2009.09.22 16:59:11.803,1.6749,1.67525,1.00,2.40
2009.09.22 16:59:11.983,1.6749,1.6753,1.00,2.40
2009.09.22 16:59:12.393,1.6749,1.67525,1.00,2.40
2009.09.22 16:59:12.953,1.67495,1.67525,1.00,2.40
2009.09.22 16:59:13.472,1.67495,1.6753,1.00,2.40
2009.09.22 16:59:14.173,1.6749,1.67525,1.00,3.80
2009.09.22 16:59:14.512,1.67485,1.6752,1.00,2.40
2009.09.22 16:59:14.862,1.67485,1.67515,1.00,2.40
2009.09.22 16:59:15.872,1.67485,1.6752,1.00,2.40
2009.09.22 16:59:16.812,1.6749,1.6752,1.00,2.40
2009.09.22 16:59:20.911,1.6749,1.6752,1.00,2.40
2009.09.22 16:59:22.320,1.6749,1.67525,1.00,4.80
2009.09.22 16:59:22.490,1.6749,1.67525,1.00,2.40
2009.09.22 16:59:23.410,1.6749,1.67525,1.00,2.40
2009.09.22 16:59:23.580,1.6749,1.67525,1.00,4.80
2009.09.22 16:59:23.700,1.6749,1.6752,1.00,2.40
2009.09.22 16:59:24.900,1.67485,1.67515,1.00,2.40
2009.09.22 16:59:25.640,1.6749,1.67515,1.00,2.40
2009.09.22 16:59:26.050,1.6749,1.6752,1.00,2.40
2009.09.22 16:59:26.390,1.67495,1.67525,1.00,2.40
2009.09.22 16:59:26.680,1.67495,1.6753,1.00,4.80
2009.09.22 16:59:26.969,1.67495,1.6753,1.00,2.40
2009.09.22 16:59:27.259,1.67495,1.6753,1.00,2.40
2009.09.22 16:59:27.659,1.67495,1.6753,1.00,2.40
2009.09.22 16:59:28.009,1.67495,1.67535,1.00,2.40
2009.09.22 16:59:28.179,1.675,1.67525,1.00,2.40
2009.09.22 16:59:28.349,1.67505,1.6753,1.00,2.40
2009.09.22 16:59:28.689,1.6751,1.6753,1.00,2.40
2009.09.22 16:59:29.389,1.6751,1.67535,1.00,2.40
2009.09.22 16:59:29.969,1.67505,1.67535,1.00,2.40
2009.09.22 16:59:30.719,1.675,1.67535,1.00,2.40
2009.09.22 16:59:31.128,1.675,1.67535,1.00,4.80
2009.09.22 16:59:31.349,1.675,1.6753,1.00,2.40
2009.09.22 16:59:31.628,1.675,1.6753,1.90,2.40
2009.09.22 16:59:31.798,1.6751,1.6753,1.00,2.40
2009.09.22 16:59:32.078,1.6751,1.6753,3.40,2.40
2009.09.22 16:59:32.318,1.6751,1.6754,1.00,2.40
2009.09.22 16:59:32.598,1.67515,1.6754,1.00,2.40
2009.09.22 16:59:32.828,1.6751,1.67535,1.60,2.40
2009.09.22 16:59:33.568,1.675,1.6754,1.00,2.40
2009.09.22 16:59:33.918,1.67495,1.6753,1.00,2.40
2009.09.22 16:59:34.448,1.675,1.67535,1.00,2.40
2009.09.22 16:59:35.537,1.675,1.6754,1.00,6.20
2009.09.22 16:59:35.927,1.675,1.6754,1.00,3.80
2009.09.22 16:59:36.277,1.675,1.6753,1.00,2.40
2009.09.22 16:59:36.507,1.67495,1.6753,1.00,2.40
2009.09.22 16:59:38.447,1.67495,1.6753,1.00,2.40
2009.09.22 16:59:38.627,1.675,1.67525,1.00,2.40
2009.09.22 16:59:38.986,1.675,1.6753,1.00,2.40
2009.09.22 16:59:39.666,1.675,1.6753,1.00,4.00
2009.09.22 16:59:40.196,1.6749,1.6752,1.00,2.40
2009.09.22 16:59:41.056,1.67495,1.6752,1.00,2.40
2009.09.22 16:59:41.356,1.67495,1.67525,1.00,2.40
2009.09.22 16:59:41.876,1.67495,1.6754,2.80,2.40
2009.09.22 16:59:42.556,1.675,1.6754,1.00,2.40
2009.09.22 16:59:42.786,1.675,1.67535,1.00,2.40
2009.09.22 16:59:43.306,1.67495,1.67535,1.00,2.40
2009.09.22 16:59:43.486,1.67495,1.67535,2.00,2.40
2009.09.22 16:59:43.655,1.67495,1.67535,1.00,2.40
2009.09.22 16:59:43.826,1.67495,1.6753,1.00,2.40
2009.09.22 16:59:44.005,1.675,1.6753,1.00,2.40
2009.09.22 16:59:44.345,1.67495,1.6753,1.00,2.40
2009.09.22 16:59:44.705,1.67495,1.67535,1.00,2.40
2009.09.22 16:59:49.104,1.675,1.67535,1.00,2.40
2009.09.22 16:59:49.334,1.67495,1.67535,2.00,2.40
2009.09.22 16:59:49.634,1.67495,1.67535,1.00,2.40
2009.09.22 16:59:50.594,1.67495,1.6753,1.00,2.40
2009.09.22 16:59:50.944,1.67495,1.6753,1.00,2.40
2009.09.22 16:59:51.643,1.67495,1.6753,1.00,4.80
2009.09.22 16:59:52.284,1.67495,1.6753,1.00,2.40
2009.09.22 16:59:53.203,1.67495,1.6753,1.00,2.40
2009.09.22 16:59:53.493,1.675,1.6753,1.00,2.40
2009.09.22 16:59:53.723,1.675,1.67525,1.00,2.40
2009.09.22 16:59:53.843,1.67495,1.67525,1.00,2.40
2009.09.22 16:59:54.243,1.67495,1.6753,1.00,2.40
2009.09.22 16:59:54.893,1.67495,1.6753,1.00,2.40
2009.09.22 16:59:55.942,1.67495,1.6753,1.00,2.40
2009.09.22 16:59:56.972,1.67495,1.6753,2.00,2.40
2009.09.22 16:59:57.192,1.67495,1.67535,2.00,2.40
2009.09.22 16:59:57.842,1.675,1.6753,1.00,2.40
