2012.05.01 19:00:00.470,1.47327,1.47354,2.25,1.13
2012.05.01 19:00:00.914,1.47323,1.47352,2.25,1.88
2012.05.01 19:00:01.264,1.47323,1.47352,2.25,1.88
2012.05.01 19:00:01.676,1.47323,1.4735,2.25,1.13
2012.05.01 19:00:02.916,1.47323,1.4735,2.25,1.13
2012.05.01 19:00:03.457,1.47323,1.4735,2.25,1.13
2012.05.01 19:00:04.032,1.47322,1.47349,1.50,1.88
2012.05.01 19:00:05.779,1.47322,1.47349,1.50,1.88
2012.05.01 19:00:10.485,1.47323,1.4735,2.25,1.13
2012.05.01 19:00:10.814,1.4732,1.47348,2.25,1.13
2012.05.01 19:00:24.714,1.4732,1.47348,2.25,2.07
2012.05.01 19:00:26.547,1.47326,1.47348,1.50,1.13
2012.05.01 19:00:26.617,1.47326,1.47348,1.50,1.13
2012.05.01 19:00:27.157,1.47328,1.47355,2.25,2.18
2012.05.01 19:00:27.225,1.47331,1.47355,1.50,2.18
2012.05.01 19:00:27.651,1.47331,1.47356,1.50,1.13
2012.05.01 19:00:30.388,1.47332,1.47358,1.50,1.13
2012.05.01 19:00:30.905,1.47328,1.47357,2.25,1.13
2012.05.01 19:00:31.477,1.47328,1.47357,2.25,1.13
2012.05.01 19:00:46.785,1.47331,1.47357,1.50,1.13
2012.05.01 19:00:47.153,1.47328,1.47357,2.25,1.13
2012.05.01 19:00:47.539,1.47324,1.47354,2.25,1.32
2012.05.01 19:00:48.347,1.47329,1.47354,2.25,1.13
2012.05.01 19:00:48.875,1.47329,1.47354,2.25,1.13
2012.05.01 19:00:50.005,1.47329,1.47357,2.25,1.32
2012.05.01 19:00:50.314,1.47329,1.47357,2.25,1.32
2012.05.01 19:00:55.345,1.47329,1.47357,2.25,1.13
2012.05.01 19:01:03.659,1.47331,1.47353,1.50,1.13
2012.05.01 19:01:04.020,1.47325,1.47348,2.25,1.88
2012.05.01 19:01:04.585,1.47322,1.47348,1.50,1.88
2012.05.01 19:01:08.845,1.47321,1.47348,1.50,1.88
2012.05.01 19:01:11.685,1.47322,1.47348,1.50,1.88
2012.05.01 19:01:11.969,1.47317,1.47346,3.00,1.13
2012.05.01 19:01:12.122,1.47317,1.47339,2.25,1.69
2012.05.01 19:01:12.197,1.47317,1.47339,1.50,1.69
2012.05.01 19:01:12.410,1.47316,1.47338,1.50,2.07
2012.05.01 19:01:12.911,1.47312,1.47338,1.50,2.07
2012.05.01 19:01:15.056,1.47312,1.47338,1.50,2.07
2012.05.01 19:01:15.266,1.47311,1.47338,1.50,2.07
2012.05.01 19:01:16.011,1.47312,1.47338,1.50,2.07
2012.05.01 19:01:16.826,1.47312,1.47338,1.50,2.07
2012.05.01 19:01:17.127,1.47312,1.47339,2.25,1.13
2012.05.01 19:01:17.981,1.47306,1.4733,2.25,2.59
2012.05.01 19:01:18.065,1.47299,1.47324,2.25,1.13
2012.05.01 19:01:18.138,1.47299,1.47324,2.25,1.47
2012.05.01 19:01:18.659,1.47293,1.47315,3.45,1.47
2012.05.01 19:01:18.756,1.47293,1.47312,1.50,1.13
2012.05.01 19:01:19.864,1.47287,1.47316,2.25,1.32
2012.05.01 19:01:20.623,1.47287,1.47317,2.25,1.13
2012.05.01 19:01:20.930,1.47287,1.47318,2.25,3.00
2012.05.01 19:01:21.014,1.47287,1.47318,3.00,2.44
2012.05.01 19:01:21.086,1.47287,1.47318,3.00,3.57
2012.05.01 19:01:21.438,1.47292,1.47314,1.50,1.50
2012.05.01 19:01:21.728,1.47292,1.47318,1.50,1.50
2012.05.01 19:01:21.808,1.47292,1.47318,1.50,1.50
2012.05.01 19:01:22.021,1.47292,1.47317,1.50,1.50
2012.05.01 19:01:23.020,1.47292,1.47317,1.50,1.88
2012.05.01 19:01:23.339,1.4729,1.47317,1.50,2.07
2012.05.01 19:01:23.412,1.4729,1.47315,1.50,1.50
2012.05.01 19:01:23.855,1.47282,1.47311,3.00,2.75
2012.05.01 19:01:23.933,1.47282,1.47311,2.25,2.63
2012.05.01 19:01:24.280,1.47283,1.47311,2.25,1.50
2012.05.01 19:01:24.360,1.47285,1.47314,2.25,1.13
2012.05.01 19:01:24.437,1.47284,1.47312,1.50,1.69
2012.05.01 19:01:25.190,1.47282,1.47312,1.05,2.82
2012.05.01 19:01:25.268,1.4728,1.47308,2.25,1.50
2012.05.01 19:01:25.826,1.47279,1.47308,1.41,2.07
2012.05.01 19:01:25.900,1.47279,1.47303,1.41,1.50
2012.05.01 19:01:26.896,1.47278,1.47307,2.44,1.88
2012.05.01 19:01:27.035,1.47278,1.47307,2.44,1.50
2012.05.01 19:01:27.894,1.47281,1.47307,1.50,1.50
2012.05.01 19:01:28.458,1.47278,1.47307,2.44,1.50
2012.05.01 19:01:28.795,1.47283,1.47312,2.25,1.88
2012.05.01 19:01:30.753,1.47286,1.47312,1.50,1.88
2012.05.01 19:01:31.265,1.47283,1.47312,2.25,1.88
2012.05.01 19:01:31.915,1.47286,1.47309,1.50,1.50
2012.05.01 19:01:32.443,1.47289,1.47309,1.50,1.50
2012.05.01 19:01:32.697,1.47289,1.47313,1.50,1.88
2012.05.01 19:01:33.222,1.47289,1.47313,1.50,1.50
2012.05.01 19:01:34.154,1.47286,1.47313,1.50,1.50
2012.05.01 19:01:34.286,1.47286,1.47313,1.50,2.44
2012.05.01 19:01:34.628,1.47286,1.47308,1.50,1.50
2012.05.01 19:01:38.257,1.47286,1.47308,1.50,1.50
2012.05.01 19:01:38.767,1.47282,1.47308,1.05,1.69
2012.05.01 19:01:39.490,1.47281,1.47308,1.80,1.69
2012.05.01 19:01:39.709,1.47282,1.47312,2.25,1.50
2012.05.01 19:01:40.126,1.47285,1.47312,2.25,2.07
2012.05.01 19:01:40.687,1.47282,1.47311,3.00,2.07
2012.05.01 19:01:42.936,1.47282,1.4731,2.25,1.13
2012.05.01 19:01:43.076,1.47282,1.4731,3.00,1.13
2012.05.01 19:01:43.464,1.47282,1.47307,1.50,1.50
2012.05.01 19:01:44.998,1.47282,1.47312,2.25,2.25
2012.05.01 19:01:45.067,1.47282,1.47312,2.25,1.13
2012.05.01 19:01:49.903,1.47286,1.47313,1.50,2.25
2012.05.01 19:01:53.116,1.47287,1.47313,1.50,1.88
2012.05.01 19:01:53.673,1.47283,1.47313,1.69,1.50
2012.05.01 19:01:53.885,1.47283,1.47313,1.50,1.88
2012.05.01 19:01:55.800,1.47284,1.47313,1.69,1.50
2012.05.01 19:01:56.427,1.47284,1.47313,1.50,1.69
2012.05.01 19:01:56.638,1.47284,1.47308,1.50,1.50
2012.05.01 19:01:57.667,1.47282,1.47311,3.00,2.25
2012.05.01 19:02:01.810,1.47282,1.47308,1.50,1.50
2012.05.01 19:02:01.961,1.4728,1.47308,1.50,1.50
2012.05.01 19:02:02.111,1.47277,1.47308,2.25,2.44
2012.05.01 19:02:03.377,1.47277,1.47308,3.00,2.44
2012.05.01 19:02:03.444,1.47277,1.47308,3.00,2.44
2012.05.01 19:02:10.818,1.47279,1.47308,1.50,2.25
2012.05.01 19:02:17.770,1.47277,1.47303,1.50,1.50
2012.05.01 19:02:17.845,1.47277,1.47307,1.69,2.25
2012.05.01 19:02:18.445,1.47276,1.47302,1.69,2.25
2012.05.01 19:02:19.627,1.47277,1.47308,3.00,2.25
2012.05.01 19:02:19.696,1.4728,1.47308,1.50,2.25
2012.05.01 19:02:20.484,1.4728,1.47308,2.25,2.25
2012.05.01 19:02:20.553,1.47282,1.47309,1.50,1.13
2012.05.01 19:02:21.786,1.4728,1.47307,1.50,2.25
2012.05.01 19:02:22.134,1.47278,1.47307,2.25,1.88
2012.05.01 19:02:22.735,1.47278,1.47307,2.25,1.88
2012.05.01 19:02:22.806,1.47278,1.47307,1.50,2.63
2012.05.01 19:02:23.017,1.47278,1.47307,2.25,5.07
2012.05.01 19:02:24.657,1.47279,1.47307,2.25,1.13
2012.05.01 19:02:26.104,1.47279,1.47307,3.00,1.13
2012.05.01 19:02:26.861,1.47279,1.47307,3.00,1.13
2012.05.01 19:02:27.376,1.47279,1.47307,3.00,1.13
2012.05.01 19:02:28.188,1.4728,1.47307,1.69,1.13
2012.05.01 19:02:33.457,1.47276,1.47307,1.50,1.13
2012.05.01 19:02:34.716,1.47275,1.47307,1.50,1.13
2012.05.01 19:02:35.035,1.47275,1.47304,1.50,1.13
2012.05.01 19:02:37.018,1.47273,1.47303,1.50,1.13
2012.05.01 19:02:37.467,1.47273,1.47299,1.50,1.13
2012.05.01 19:02:38.097,1.47273,1.47302,1.50,2.63
2012.05.01 19:02:38.440,1.47273,1.47302,1.50,2.63
2012.05.01 19:02:41.947,1.47273,1.47303,1.69,1.13
2012.05.01 19:02:42.074,1.47273,1.47303,1.69,1.13
2012.05.01 19:02:43.148,1.47275,1.47303,1.69,1.13
2012.05.01 19:02:43.217,1.47276,1.47305,1.50,1.13
2012.05.01 19:02:43.735,1.47276,1.47306,1.50,1.13
2012.05.01 19:02:49.576,1.47277,1.47307,1.50,1.13
2012.05.01 19:02:53.267,1.47276,1.47306,1.69,1.13
2012.05.01 19:02:53.645,1.47272,1.47302,1.69,1.13
2012.05.01 19:02:53.905,1.47272,1.47301,1.69,1.13
2012.05.01 19:02:54.226,1.47272,1.47303,1.69,1.13
2012.05.01 19:02:54.757,1.47277,1.47307,1.69,1.13
2012.05.01 19:03:00.304,1.47277,1.47304,1.69,1.13
2012.05.01 19:03:11.537,1.47271,1.47302,1.69,1.13
2012.05.01 19:03:12.049,1.47267,1.47302,1.50,1.32
2012.05.01 19:03:12.243,1.47267,1.47301,1.50,1.32
2012.05.01 19:03:15.244,1.47267,1.47301,1.50,1.32
2012.05.01 19:03:21.752,1.47267,1.47302,1.50,2.07
2012.05.01 19:03:26.066,1.4727,1.47303,2.25,2.82
2012.05.01 19:03:26.739,1.4727,1.47303,2.25,2.82
2012.05.01 19:03:30.204,1.4727,1.47303,2.25,2.82
2012.05.01 19:03:36.334,1.4727,1.47303,2.25,2.82
2012.05.01 19:03:42.895,1.47268,1.47299,1.50,1.13
2012.05.01 19:03:43.163,1.47267,1.47299,1.69,1.13
2012.05.01 19:03:43.657,1.47268,1.47297,2.25,1.13
2012.05.01 19:03:43.730,1.47267,1.47301,1.69,2.63
2012.05.01 19:03:44.077,1.47269,1.47301,2.44,1.13
2012.05.01 19:03:44.943,1.47273,1.47303,1.69,1.13
2012.05.01 19:03:45.075,1.47273,1.47305,1.69,2.63
2012.05.01 19:03:46.288,1.47271,1.47301,1.50,1.50
2012.05.01 19:03:46.559,1.47271,1.47301,1.50,2.44
2012.05.01 19:03:46.946,1.47272,1.473,1.50,1.13
2012.05.01 19:03:48.024,1.47271,1.47297,1.50,1.13
2012.05.01 19:03:54.957,1.47268,1.47297,2.25,1.13
2012.05.01 19:03:58.563,1.47268,1.47299,2.25,2.63
2012.05.01 19:03:58.693,1.47268,1.47299,2.25,2.63
2012.05.01 19:03:58.827,1.47273,1.47301,2.25,1.50
2012.05.01 19:03:59.558,1.47273,1.47304,2.25,2.82
2012.05.01 19:04:00.023,1.47273,1.47301,1.50,2.75
2012.05.01 19:04:00.374,1.47268,1.47298,2.25,1.13
2012.05.01 19:04:01.039,1.47268,1.47297,2.25,1.13
2012.05.01 19:04:04.444,1.47269,1.47297,1.50,1.13
2012.05.01 19:04:11.402,1.47269,1.47297,1.69,1.13
2012.05.01 19:04:18.275,1.47273,1.47297,1.50,1.13
2012.05.01 19:04:18.345,1.47273,1.47299,1.50,1.13
2012.05.01 19:04:18.766,1.47273,1.47299,1.50,1.13
2012.05.01 19:04:37.302,1.47273,1.47299,1.50,1.13
2012.05.01 19:04:41.905,1.47273,1.47299,1.50,1.13
2012.05.01 19:04:42.646,1.47273,1.47299,1.50,1.13
2012.05.01 19:04:48.043,1.47273,1.47299,1.50,1.13
2012.05.01 19:04:58.633,1.47273,1.47299,2.25,1.13
2012.05.01 19:05:01.567,1.47273,1.47298,1.50,1.13
2012.05.01 19:05:03.440,1.47273,1.47302,2.44,2.63
2012.05.01 19:05:03.517,1.47273,1.47302,2.44,2.63
2012.05.01 19:05:03.590,1.47277,1.47302,1.50,1.50
2012.05.01 19:05:03.903,1.47281,1.47307,1.69,2.25
2012.05.01 19:05:04.531,1.47282,1.47311,1.50,1.13
2012.05.01 19:05:09.934,1.47279,1.4731,2.25,2.63
2012.05.01 19:05:22.664,1.47283,1.47309,1.50,1.13
2012.05.01 19:05:26.055,1.47283,1.4731,1.69,1.13
2012.05.01 19:05:27.966,1.47283,1.4731,1.69,1.13
2012.05.01 19:05:28.751,1.47279,1.47308,1.50,2.25
2012.05.01 19:05:30.349,1.47277,1.47308,1.69,2.25
2012.05.01 19:05:30.906,1.47277,1.47308,1.50,2.82
2012.05.01 19:05:31.980,1.47277,1.47303,1.50,1.50
2012.05.01 19:05:33.549,1.47277,1.47302,1.50,1.50
2012.05.01 19:05:33.623,1.47277,1.47302,1.50,1.81
2012.05.01 19:05:34.107,1.47272,1.47303,1.50,2.44
2012.05.01 19:05:34.175,1.47272,1.47303,2.25,2.44
2012.05.01 19:05:34.694,1.47271,1.47298,1.50,1.50
2012.05.01 19:05:36.101,1.47272,1.47303,3.75,2.25
2012.05.01 19:05:36.307,1.47272,1.47303,3.94,2.25
2012.05.01 19:05:43.853,1.47276,1.47304,1.50,1.13
2012.05.01 19:05:47.929,1.47276,1.47304,2.25,1.50
2012.05.01 19:05:48.009,1.47277,1.47305,1.50,1.50
2012.05.01 19:05:48.080,1.47277,1.47305,2.25,1.50
2012.05.01 19:05:48.369,1.47277,1.47306,1.50,2.25
2012.05.01 19:05:48.441,1.47277,1.47306,2.25,2.25
2012.05.01 19:05:48.798,1.47277,1.47302,1.50,1.81
2012.05.01 19:05:49.136,1.47277,1.47298,1.50,1.13
2012.05.01 19:05:49.213,1.47271,1.47298,2.25,1.13
2012.05.01 19:05:49.776,1.4727,1.47299,2.25,2.25
2012.05.01 19:05:50.275,1.47273,1.473,1.50,1.13
2012.05.01 19:05:51.417,1.47273,1.473,1.50,1.13
2012.05.01 19:05:52.144,1.47272,1.473,1.50,2.63
2012.05.01 19:05:53.184,1.47269,1.473,3.19,2.63
2012.05.01 19:05:53.515,1.47273,1.473,1.50,1.13
2012.05.01 19:05:54.036,1.47273,1.47304,1.50,4.62
2012.05.01 19:05:54.176,1.47273,1.47304,2.44,3.38
2012.05.01 19:05:54.527,1.47279,1.47307,1.69,1.13
2012.05.01 19:05:55.665,1.47279,1.47307,1.50,1.13
2012.05.01 19:05:59.176,1.47276,1.47305,3.19,2.25
2012.05.01 19:05:59.785,1.47275,1.47305,1.50,2.25
2012.05.01 19:06:00.533,1.47274,1.47305,3.19,2.25
2012.05.01 19:06:01.692,1.47274,1.47305,3.19,2.25
2012.05.01 19:06:05.718,1.47274,1.47303,3.19,1.88
2012.05.01 19:06:07.323,1.47274,1.47303,3.19,1.13
2012.05.01 19:06:11.803,1.47274,1.47303,3.19,1.88
2012.05.01 19:06:12.245,1.47274,1.47302,2.25,1.13
2012.05.01 19:06:12.568,1.47271,1.473,2.25,2.63
2012.05.01 19:06:12.906,1.47271,1.473,2.25,2.25
2012.05.01 19:06:12.979,1.47271,1.473,2.25,3.00
2012.05.01 19:06:13.118,1.47271,1.473,2.25,3.00
2012.05.01 19:06:13.449,1.47271,1.473,2.25,3.00
2012.05.01 19:06:13.964,1.47273,1.473,1.50,2.25
2012.05.01 19:06:14.512,1.47273,1.473,1.50,2.25
2012.05.01 19:06:15.772,1.47271,1.473,3.19,2.25
2012.05.01 19:06:16.366,1.47271,1.473,3.00,2.25
2012.05.01 19:06:16.506,1.47271,1.473,3.75,1.50
2012.05.01 19:06:16.908,1.47271,1.473,3.00,2.25
2012.05.01 19:06:17.108,1.47271,1.47299,3.00,1.88
2012.05.01 19:06:17.176,1.47271,1.47299,3.00,1.88
2012.05.01 19:06:18.535,1.47265,1.47293,1.50,1.50
2012.05.01 19:06:18.878,1.47266,1.47291,1.50,2.25
2012.05.01 19:06:19.148,1.47266,1.47291,1.50,1.50
2012.05.01 19:06:19.698,1.47263,1.47291,1.69,1.88
2012.05.01 19:06:20.405,1.47262,1.4729,2.25,1.13
2012.05.01 19:06:20.481,1.47261,1.47287,1.69,1.50
2012.05.01 19:06:20.556,1.47261,1.47289,3.19,1.50
2012.05.01 19:06:21.028,1.47263,1.47292,2.25,1.13
2012.05.01 19:06:21.372,1.47263,1.47293,2.25,1.88
2012.05.01 19:06:21.846,1.47269,1.47297,2.44,1.88
2012.05.01 19:06:21.918,1.47271,1.47302,2.25,3.38
2012.05.01 19:06:22.127,1.47275,1.47304,2.25,1.32
2012.05.01 19:06:22.478,1.47275,1.47304,2.25,1.13
2012.05.01 19:06:22.738,1.47275,1.47305,2.25,1.13
2012.05.01 19:06:23.074,1.47276,1.47302,1.50,2.63
2012.05.01 19:06:23.769,1.47273,1.473,1.50,1.13
2012.05.01 19:06:23.908,1.4727,1.47297,2.25,1.50
2012.05.01 19:06:24.488,1.47269,1.47297,1.50,2.63
2012.05.01 19:06:24.696,1.47268,1.47296,2.25,1.13
2012.05.01 19:06:24.986,1.47268,1.47297,2.25,2.82
2012.05.01 19:06:25.536,1.47271,1.47299,2.25,1.32
2012.05.01 19:06:25.897,1.47271,1.47299,2.25,1.32
2012.05.01 19:06:26.238,1.47268,1.47297,2.44,1.50
2012.05.01 19:06:26.307,1.47274,1.47299,2.44,2.63
2012.05.01 19:06:26.379,1.47274,1.47301,2.44,1.28
2012.05.01 19:06:26.448,1.47274,1.47304,2.44,1.65
2012.05.01 19:06:26.519,1.47274,1.47303,2.44,1.65
2012.05.01 19:06:26.589,1.47274,1.47303,1.69,1.50
2012.05.01 19:06:26.938,1.4727,1.47297,1.50,2.25
2012.05.01 19:06:27.457,1.47266,1.47297,2.25,2.25
2012.05.01 19:06:28.487,1.47266,1.47297,2.25,3.19
2012.05.01 19:06:28.628,1.47266,1.47297,2.25,3.19
2012.05.01 19:06:28.698,1.47266,1.47292,2.25,1.50
2012.05.01 19:06:28.908,1.47259,1.47288,2.25,1.69
2012.05.01 19:06:29.121,1.47255,1.47284,2.25,1.50
2012.05.01 19:06:29.196,1.47255,1.47284,2.25,1.50
2012.05.01 19:06:33.083,1.47259,1.47286,2.25,1.50
2012.05.01 19:06:33.586,1.47259,1.4729,2.25,2.44
2012.05.01 19:06:34.307,1.47257,1.47286,3.00,1.50
2012.05.01 19:06:39.201,1.47259,1.47287,2.25,1.50
2012.05.01 19:06:39.900,1.47259,1.4729,2.25,2.44
2012.05.01 19:06:40.525,1.47259,1.4729,2.25,2.44
2012.05.01 19:06:41.184,1.47256,1.47285,2.25,1.50
2012.05.01 19:06:41.256,1.47257,1.47285,2.25,1.50
2012.05.01 19:06:41.707,1.47255,1.47284,2.25,1.32
2012.05.01 19:06:42.188,1.47257,1.47284,2.25,2.25
2012.05.01 19:06:42.264,1.47259,1.47285,2.25,1.50
2012.05.01 19:06:42.806,1.47259,1.47287,2.25,1.13
2012.05.01 19:06:43.768,1.47259,1.47286,2.25,1.13
2012.05.01 19:06:44.479,1.47259,1.47288,2.44,1.13
2012.05.01 19:06:45.942,1.47259,1.4729,2.25,2.63
2012.05.01 19:06:46.509,1.47259,1.47288,2.25,1.13
2012.05.01 19:06:46.647,1.47257,1.47286,1.50,2.25
2012.05.01 19:06:47.226,1.47255,1.47285,2.44,1.13
2012.05.01 19:06:47.698,1.4726,1.47287,2.44,1.13
2012.05.01 19:06:48.435,1.4726,1.47288,3.19,1.13
2012.05.01 19:06:50.389,1.4726,1.47287,3.19,1.13
2012.05.01 19:06:51.386,1.4726,1.47289,2.44,1.13
2012.05.01 19:06:54.055,1.47261,1.47287,3.19,1.13
2012.05.01 19:06:55.542,1.47261,1.4729,3.19,2.63
2012.05.01 19:06:55.971,1.47261,1.4729,3.19,2.63
2012.05.01 19:06:56.196,1.47261,1.4729,3.19,1.50
2012.05.01 19:06:56.326,1.47265,1.47293,2.44,1.28
2012.05.01 19:06:56.800,1.47266,1.47294,2.25,1.50
2012.05.01 19:07:00.834,1.47266,1.47293,2.25,1.50
2012.05.01 19:07:00.964,1.47266,1.47294,2.25,1.50
2012.05.01 19:07:04.049,1.47267,1.47295,1.69,3.00
2012.05.01 19:07:16.746,1.4727,1.47297,2.25,1.50
2012.05.01 19:07:17.137,1.4727,1.47297,3.19,1.50
2012.05.01 19:07:17.668,1.4727,1.47299,2.44,1.13
2012.05.01 19:07:17.936,1.4727,1.47299,2.25,1.13
2012.05.01 19:07:19.204,1.47271,1.47297,2.25,1.13
2012.05.01 19:07:33.390,1.47272,1.47296,1.69,2.25
2012.05.01 19:07:33.725,1.47272,1.47299,1.69,1.13
2012.05.01 19:07:34.624,1.47268,1.47297,1.69,1.13
2012.05.01 19:07:39.364,1.47265,1.47297,3.00,1.13
2012.05.01 19:07:41.558,1.47267,1.47297,1.69,1.13
2012.05.01 19:07:44.615,1.47268,1.47295,1.69,1.13
2012.05.01 19:07:54.746,1.47269,1.473,1.69,1.13
2012.05.01 19:07:55.561,1.47265,1.47299,3.19,1.69
2012.05.01 19:07:56.101,1.47265,1.47294,3.00,1.32
2012.05.01 19:07:56.741,1.47259,1.47291,1.69,1.13
2012.05.01 19:08:04.126,1.47259,1.47291,2.25,1.13
2012.05.01 19:08:14.863,1.47259,1.47291,3.00,1.13
2012.05.01 19:08:16.428,1.47265,1.47292,2.25,1.13
2012.05.01 19:08:20.275,1.47265,1.47294,2.25,2.63
2012.05.01 19:08:20.467,1.47271,1.47297,1.20,2.25
2012.05.01 19:08:20.540,1.4728,1.47302,2.44,2.25
2012.05.01 19:08:20.864,1.4728,1.47309,2.44,1.50
2012.05.01 19:08:21.300,1.4728,1.47309,2.44,1.50
2012.05.01 19:08:28.185,1.4728,1.47308,2.44,1.50
2012.05.01 19:08:28.940,1.47285,1.4731,2.25,1.50
2012.05.01 19:08:29.504,1.47285,1.47313,2.25,2.63
2012.05.01 19:08:40.334,1.47285,1.47313,2.44,1.50
2012.05.01 19:08:40.839,1.47285,1.47313,2.44,1.50
2012.05.01 19:08:42.590,1.47285,1.47314,2.44,2.25
2012.05.01 19:08:46.406,1.47285,1.47314,2.25,3.00
2012.05.01 19:08:46.688,1.47286,1.47314,1.50,2.25
2012.05.01 19:08:47.576,1.47288,1.47314,2.25,1.50
2012.05.01 19:08:48.674,1.47288,1.47316,2.44,2.25
2012.05.01 19:08:49.016,1.47288,1.47319,2.44,3.00
2012.05.01 19:09:01.617,1.47288,1.47319,2.44,3.00
2012.05.01 19:09:06.393,1.47288,1.47319,2.44,3.00
2012.05.01 19:09:12.994,1.47288,1.47319,2.44,3.00
2012.05.01 19:09:17.554,1.47288,1.47318,3.19,1.50
2012.05.01 19:09:19.659,1.47289,1.47319,1.69,2.25
2012.05.01 19:09:19.726,1.47288,1.47319,4.39,2.25
2012.05.01 19:09:20.049,1.47293,1.47319,1.69,1.50
2012.05.01 19:09:21.255,1.47292,1.47323,2.44,3.00
2012.05.01 19:09:23.501,1.47292,1.47323,2.44,3.00
2012.05.01 19:09:27.763,1.47296,1.47323,1.50,1.50
2012.05.01 19:09:27.835,1.47293,1.47322,1.69,2.25
2012.05.01 19:09:28.037,1.47295,1.47322,1.50,2.25
2012.05.01 19:09:28.761,1.47296,1.47323,1.50,1.50
2012.05.01 19:09:30.947,1.47293,1.47322,1.69,2.25
2012.05.01 19:09:32.186,1.47293,1.47322,1.69,2.25
2012.05.01 19:09:35.184,1.47293,1.47322,2.44,2.25
2012.05.01 19:09:40.825,1.47293,1.47322,1.50,2.25
2012.05.01 19:09:51.151,1.47293,1.47322,2.44,2.25
2012.05.01 19:09:54.196,1.47293,1.47322,2.44,2.25
2012.05.01 19:09:54.400,1.47295,1.47322,2.89,2.25
2012.05.01 19:09:54.478,1.473,1.47322,1.69,2.25
2012.05.01 19:09:54.818,1.47301,1.47325,1.50,1.13
2012.05.01 19:09:55.021,1.47297,1.47324,1.50,1.88
2012.05.01 19:09:55.287,1.47297,1.47324,1.50,1.88
2012.05.01 19:10:02.111,1.47297,1.47323,1.50,1.50
2012.05.01 19:10:02.519,1.47302,1.47323,1.50,1.50
2012.05.01 19:10:02.829,1.47307,1.47323,1.50,1.50
2012.05.01 19:10:02.977,1.47307,1.47329,1.50,1.50
2012.05.01 19:10:03.187,1.47307,1.47329,1.50,1.50
2012.05.01 19:10:03.257,1.47303,1.47324,1.50,1.50
2012.05.01 19:10:03.767,1.47302,1.47324,1.50,1.50
2012.05.01 19:10:03.969,1.47296,1.4732,2.25,1.50
2012.05.01 19:10:04.556,1.47296,1.4732,1.50,1.50
2012.05.01 19:10:16.058,1.473,1.47319,1.50,1.50
2012.05.01 19:10:16.208,1.473,1.47323,1.50,1.50
2012.05.01 19:10:20.024,1.47298,1.47323,1.50,1.50
2012.05.01 19:10:20.094,1.47296,1.47323,1.50,1.50
2012.05.01 19:10:23.306,1.47296,1.47319,1.50,1.50
2012.05.01 19:10:23.864,1.47296,1.47319,1.50,1.50
2012.05.01 19:10:39.616,1.47298,1.47323,1.50,1.88
2012.05.01 19:10:39.936,1.473,1.47323,1.50,1.50
2012.05.01 19:10:40.977,1.473,1.47324,1.50,1.50
2012.05.01 19:10:41.312,1.47295,1.47323,3.00,1.50
2012.05.01 19:10:41.391,1.47295,1.47323,2.25,1.50
2012.05.01 19:10:41.726,1.47295,1.47313,1.50,1.50
2012.05.01 19:10:41.800,1.47292,1.47313,1.50,1.50
2012.05.01 19:10:42.470,1.47288,1.47313,2.25,1.50
2012.05.01 19:10:46.006,1.47288,1.47317,2.25,1.69
2012.05.01 19:10:46.079,1.47293,1.47318,1.50,1.69
2012.05.01 19:10:46.414,1.47293,1.47318,1.50,1.50
2012.05.01 19:10:47.458,1.47293,1.47319,1.50,1.50
2012.05.01 19:10:48.878,1.47293,1.47319,1.50,1.69
2012.05.01 19:10:59.090,1.47293,1.47321,2.25,1.50
2012.05.01 19:10:59.159,1.47299,1.47321,1.50,1.50
2012.05.01 19:10:59.233,1.47299,1.47323,1.50,1.50
2012.05.01 19:10:59.308,1.47303,1.47323,1.50,1.50
2012.05.01 19:10:59.648,1.47303,1.47325,1.50,1.88
2012.05.01 19:11:00.059,1.47299,1.47323,1.50,1.50
2012.05.01 19:11:01.275,1.47299,1.47323,1.50,1.50
2012.05.01 19:11:01.666,1.47295,1.4732,1.50,1.69
2012.05.01 19:11:06.033,1.47295,1.47319,1.50,1.50
2012.05.01 19:11:07.353,1.47296,1.47323,1.50,1.69
2012.05.01 19:11:07.769,1.47296,1.47318,1.50,1.50
2012.05.01 19:11:07.841,1.47286,1.47313,3.19,1.50
2012.05.01 19:11:07.917,1.47286,1.47313,2.44,1.50
2012.05.01 19:11:08.455,1.47283,1.47313,3.19,1.50
2012.05.01 19:11:08.705,1.47283,1.47313,3.19,1.50
2012.05.01 19:11:08.995,1.47286,1.47313,1.50,1.50
2012.05.01 19:11:11.749,1.47282,1.47313,1.50,1.50
2012.05.01 19:11:12.007,1.47281,1.47312,1.69,1.13
2012.05.01 19:11:12.737,1.47282,1.47312,1.50,1.13
2012.05.01 19:11:13.001,1.47281,1.47313,1.50,1.50
2012.05.01 19:11:13.556,1.4728,1.47317,1.50,2.07
2012.05.01 19:11:14.515,1.4728,1.47317,1.69,2.07
2012.05.01 19:11:15.517,1.47278,1.47313,2.03,1.69
2012.05.01 19:11:15.731,1.47278,1.47313,2.03,1.69
2012.05.01 19:11:15.880,1.47274,1.4731,1.69,1.69
2012.05.01 19:11:16.679,1.47282,1.47309,1.50,1.32
2012.05.01 19:11:17.010,1.47284,1.47311,1.69,1.50
2012.05.01 19:11:17.575,1.47284,1.47314,1.69,1.50
2012.05.01 19:11:17.927,1.47284,1.47313,2.44,1.50
2012.05.01 19:11:19.765,1.47284,1.47313,2.44,1.50
2012.05.01 19:11:21.245,1.47284,1.47314,1.50,1.50
2012.05.01 19:11:23.517,1.47284,1.47314,1.69,1.50
2012.05.01 19:11:24.045,1.47284,1.47313,1.69,1.50
2012.05.01 19:11:29.755,1.47284,1.47314,1.50,1.50
2012.05.01 19:11:32.306,1.47283,1.47318,2.25,1.50
2012.05.01 19:11:33.333,1.47284,1.47314,1.69,1.50
2012.05.01 19:11:34.138,1.47284,1.47309,1.69,1.50
2012.05.01 19:11:34.616,1.47284,1.47314,1.69,1.50
2012.05.01 19:11:35.144,1.47283,1.47317,1.69,1.13
2012.05.01 19:11:42.123,1.47284,1.47314,1.69,1.50
2012.05.01 19:11:49.506,1.47285,1.47313,1.69,1.50
2012.05.01 19:12:05.246,1.47285,1.47312,2.25,1.50
2012.05.01 19:12:13.685,1.47285,1.47309,1.50,1.50
2012.05.01 19:12:15.776,1.47285,1.47309,1.50,1.50
2012.05.01 19:12:23.055,1.47282,1.47309,1.69,1.50
2012.05.01 19:12:23.414,1.47281,1.47309,2.44,1.50
2012.05.01 19:12:23.993,1.47281,1.47309,2.44,1.50
2012.05.01 19:12:35.028,1.47281,1.47309,3.19,1.50
2012.05.01 19:12:37.822,1.47281,1.47313,2.25,1.69
2012.05.01 19:12:38.097,1.47278,1.47309,3.19,1.50
2012.05.01 19:12:38.300,1.4728,1.47309,2.25,1.50
2012.05.01 19:12:38.706,1.47285,1.47305,1.50,1.50
2012.05.01 19:12:43.034,1.47285,1.47309,1.50,1.50
2012.05.01 19:12:48.454,1.4728,1.47309,2.25,1.50
2012.05.01 19:12:53.247,1.4728,1.47309,2.25,1.50
2012.05.01 19:12:53.315,1.47285,1.47309,1.50,1.50
2012.05.01 19:12:53.846,1.47285,1.47308,1.50,1.50
2012.05.01 19:12:55.375,1.47285,1.47309,1.50,1.50
2012.05.01 19:12:57.567,1.47285,1.47309,1.50,1.50
2012.05.01 19:13:13.102,1.47285,1.47309,1.69,1.50
2012.05.01 19:13:13.252,1.47293,1.47314,1.50,3.00
2012.05.01 19:13:13.518,1.47295,1.47314,1.50,1.50
2012.05.01 19:13:17.426,1.47295,1.47319,1.50,1.50
2012.05.01 19:13:27.618,1.473,1.47319,1.50,1.50
2012.05.01 19:13:27.688,1.47295,1.47319,1.50,1.50
2012.05.01 19:13:27.818,1.473,1.47319,1.50,1.50
2012.05.01 19:13:30.096,1.473,1.47318,1.50,1.50
2012.05.01 19:13:41.258,1.47301,1.47328,1.50,1.50
2012.05.01 19:13:41.330,1.47303,1.47328,1.50,1.50
2012.05.01 19:13:41.856,1.47303,1.47323,1.50,1.50
2012.05.01 19:13:47.036,1.47303,1.47323,1.50,1.69
2012.05.01 19:13:47.345,1.47298,1.47323,1.50,1.69
2012.05.01 19:13:47.420,1.47294,1.4732,1.50,1.50
2012.05.01 19:13:48.031,1.47294,1.47318,1.50,1.50
2012.05.01 19:13:50.308,1.47292,1.47318,1.50,1.50
2012.05.01 19:13:50.378,1.47292,1.47317,1.50,1.50
2012.05.01 19:13:50.446,1.4729,1.47317,2.25,1.50
2012.05.01 19:13:51.093,1.4729,1.47314,1.50,1.50
2012.05.01 19:13:58.213,1.47292,1.47314,1.50,1.50
2012.05.01 19:13:58.624,1.47294,1.47314,1.50,1.50
2012.05.01 19:14:00.186,1.47294,1.47309,1.50,1.50
2012.05.01 19:14:00.266,1.47287,1.47309,1.50,1.50
2012.05.01 19:14:00.337,1.47285,1.47309,1.50,1.50
2012.05.01 19:14:05.645,1.47288,1.47309,1.50,1.50
2012.05.01 19:14:10.517,1.47288,1.47313,1.50,1.65
2012.05.01 19:14:23.537,1.47292,1.47313,1.50,1.50
2012.05.01 19:14:31.406,1.47292,1.47318,1.50,1.50
2012.05.01 19:14:33.906,1.47292,1.47315,1.50,1.50
2012.05.01 19:14:33.976,1.47292,1.47319,1.50,1.50
2012.05.01 19:14:34.117,1.47292,1.47319,1.50,1.50
2012.05.01 19:14:34.255,1.47297,1.47319,1.50,1.50
2012.05.01 19:14:41.547,1.47294,1.47319,1.50,1.50
2012.05.01 19:14:42.171,1.47293,1.47319,2.25,1.50
2012.05.01 19:14:46.600,1.47293,1.47319,1.69,1.50
2012.05.01 19:14:46.679,1.47293,1.47317,1.69,1.50
2012.05.01 19:14:46.886,1.47288,1.47315,3.00,1.50
2012.05.01 19:14:48.116,1.47293,1.47315,1.50,1.50
2012.05.01 19:14:48.516,1.47293,1.47318,1.50,1.50
2012.05.01 19:14:52.814,1.47293,1.47318,1.69,1.50
2012.05.01 19:14:58.187,1.47296,1.47319,1.50,1.13
2012.05.01 19:14:58.261,1.47296,1.4732,1.50,1.13
2012.05.01 19:15:00.874,1.47296,1.4732,1.50,1.50
2012.05.01 19:15:01.759,1.47292,1.4732,2.25,1.50
2012.05.01 19:15:02.161,1.47292,1.47319,3.19,1.50
2012.05.01 19:15:08.475,1.47291,1.47318,2.25,1.50
2012.05.01 19:15:08.548,1.47291,1.47319,2.25,3.94
2012.05.01 19:15:08.618,1.47291,1.47319,1.50,3.94
2012.05.01 19:15:08.887,1.47288,1.47314,1.50,1.50
2012.05.01 19:15:12.545,1.47288,1.47314,2.25,1.50
2012.05.01 19:15:13.696,1.47288,1.47314,1.50,1.50
2012.05.01 19:15:14.214,1.47289,1.47314,1.50,1.50
2012.05.01 19:15:14.694,1.47289,1.47315,1.50,1.50
2012.05.01 19:15:22.000,1.47289,1.47311,1.50,1.50
2012.05.01 19:15:23.535,1.47289,1.47313,1.50,1.88
2012.05.01 19:15:23.915,1.47289,1.47313,1.50,1.50
2012.05.01 19:15:39.006,1.47287,1.47313,1.50,1.50
2012.05.01 19:15:39.740,1.47284,1.47313,2.44,1.50
2012.05.01 19:15:43.584,1.47284,1.47313,2.44,1.50
2012.05.01 19:15:44.174,1.47284,1.47313,2.44,1.88
2012.05.01 19:15:44.986,1.4729,1.47313,1.50,1.13
2012.05.01 19:15:51.344,1.4729,1.47315,1.50,1.13
2012.05.01 19:15:53.840,1.47286,1.47315,2.25,2.07
2012.05.01 19:15:54.377,1.47286,1.47313,2.25,1.50
2012.05.01 19:15:54.450,1.47286,1.47316,3.00,1.50
2012.05.01 19:15:54.531,1.47286,1.47314,2.25,1.50
2012.05.01 19:15:55.084,1.47288,1.47314,1.50,1.50
2012.05.01 19:15:55.798,1.47286,1.47314,2.25,3.00
2012.05.01 19:15:56.471,1.47283,1.47314,2.25,3.57
2012.05.01 19:15:57.885,1.47283,1.47314,2.44,3.38
2012.05.01 19:16:08.525,1.47283,1.47314,2.44,3.00
2012.05.01 19:16:08.603,1.47283,1.47314,2.44,3.00
2012.05.01 19:16:22.005,1.47283,1.47314,2.25,3.00
2012.05.01 19:16:24.644,1.47284,1.47313,1.69,1.50
2012.05.01 19:16:28.183,1.47284,1.47312,1.69,1.50
2012.05.01 19:16:28.825,1.47284,1.47314,1.69,3.38
2012.05.01 19:16:29.059,1.47284,1.47312,1.69,1.50
2012.05.01 19:16:29.266,1.47284,1.47313,1.69,1.50
2012.05.01 19:16:31.795,1.47284,1.47312,1.69,1.50
2012.05.01 19:16:31.864,1.47284,1.47313,1.69,1.50
2012.05.01 19:16:32.035,1.47284,1.47312,1.69,1.50
2012.05.01 19:16:33.066,1.47288,1.47312,2.25,1.50
2012.05.01 19:16:33.134,1.47288,1.47313,2.25,1.88
2012.05.01 19:16:33.247,1.47288,1.47312,2.25,1.50
2012.05.01 19:16:54.612,1.47283,1.47312,3.19,1.13
2012.05.01 19:16:57.550,1.47283,1.47312,3.19,1.13
2012.05.01 19:17:03.935,1.47283,1.47312,3.19,1.88
2012.05.01 19:17:04.383,1.47283,1.47312,3.19,1.13
2012.05.01 19:17:07.216,1.47283,1.47314,3.19,1.88
2012.05.01 19:17:07.525,1.47285,1.47314,1.69,2.63
2012.05.01 19:17:32.843,1.47285,1.47314,1.69,3.00
2012.05.01 19:17:38.791,1.47284,1.47314,1.69,3.38
2012.05.01 19:17:41.996,1.47284,1.47314,2.25,3.38
2012.05.01 19:17:47.194,1.47284,1.47314,1.69,3.38
2012.05.01 19:17:56.429,1.47284,1.47309,1.69,1.50
2012.05.01 19:17:56.747,1.47283,1.47308,1.69,1.50
2012.05.01 19:17:56.817,1.47283,1.47311,1.69,2.25
2012.05.01 19:17:57.971,1.47283,1.4731,1.69,1.13
2012.05.01 19:18:26.681,1.47282,1.47311,3.19,2.25
2012.05.01 19:18:27.213,1.47282,1.47311,3.19,2.25
2012.05.01 19:18:33.776,1.47283,1.47311,1.50,2.25
2012.05.01 19:18:35.576,1.47285,1.47314,2.44,1.50
2012.05.01 19:18:44.493,1.47285,1.47314,1.69,1.50
2012.05.01 19:18:50.030,1.47285,1.47314,1.69,1.50
2012.05.01 19:18:53.330,1.47282,1.47312,1.50,2.25
2012.05.01 19:18:53.457,1.47282,1.4731,2.25,1.50
2012.05.01 19:18:53.847,1.47286,1.47313,2.44,1.50
2012.05.01 19:18:53.991,1.47285,1.47311,1.69,1.50
2012.05.01 19:18:54.259,1.47287,1.47314,1.50,3.00
2012.05.01 19:18:54.778,1.47283,1.47312,3.72,1.50
2012.05.01 19:18:58.916,1.47284,1.47312,1.50,1.50
2012.05.01 19:19:04.217,1.47286,1.47314,2.25,1.50
2012.05.01 19:19:08.598,1.47286,1.47314,1.50,1.50
2012.05.01 19:19:08.801,1.47283,1.47312,2.25,2.25
2012.05.01 19:19:11.365,1.47287,1.47314,1.50,1.50
2012.05.01 19:19:11.435,1.47287,1.47314,2.25,1.50
2012.05.01 19:19:19.274,1.47283,1.47314,2.25,3.00
2012.05.01 19:19:44.488,1.47283,1.47311,2.25,1.50
2012.05.01 19:19:47.196,1.47282,1.4731,2.14,2.25
2012.05.01 19:19:48.460,1.4728,1.47302,2.03,1.50
2012.05.01 19:19:48.670,1.47279,1.47302,1.50,1.50
2012.05.01 19:19:49.068,1.47273,1.47302,2.44,1.50
2012.05.01 19:19:49.673,1.47273,1.47302,2.44,1.50
2012.05.01 19:19:50.400,1.47273,1.47302,2.44,2.25
2012.05.01 19:19:54.688,1.47269,1.47298,1.28,1.50
2012.05.01 19:19:55.748,1.47272,1.47301,2.25,2.25
2012.05.01 19:20:02.876,1.47269,1.47297,2.78,1.50
2012.05.01 19:20:10.218,1.47268,1.47297,3.19,2.25
2012.05.01 19:20:10.790,1.47268,1.47297,2.44,1.50
2012.05.01 19:20:23.617,1.47271,1.473,2.25,2.25
2012.05.01 19:20:40.434,1.47271,1.47302,2.44,2.25
2012.05.01 19:20:41.032,1.47271,1.47302,2.44,2.25
2012.05.01 19:20:51.124,1.47271,1.47302,2.25,2.25
2012.05.01 19:21:11.566,1.47273,1.47298,1.50,2.25
2012.05.01 19:21:11.698,1.47275,1.473,1.50,1.50
2012.05.01 19:21:12.030,1.47277,1.47304,2.44,1.50
2012.05.01 19:21:12.607,1.47277,1.47304,3.00,1.50
2012.05.01 19:21:14.875,1.47277,1.47306,3.19,2.25
2012.05.01 19:21:16.116,1.47277,1.47306,3.75,2.25
2012.05.01 19:21:16.471,1.47279,1.47306,1.69,2.25
2012.05.01 19:21:16.789,1.47277,1.47306,3.19,2.25
2012.05.01 19:21:17.465,1.47277,1.47304,3.19,1.50
2012.05.01 19:21:26.676,1.4728,1.47304,1.50,1.50
2012.05.01 19:21:27.222,1.4728,1.47306,1.69,1.50
2012.05.01 19:21:28.404,1.4728,1.47306,1.69,1.65
2012.05.01 19:21:28.484,1.4727,1.47298,2.44,1.50
2012.05.01 19:21:28.887,1.4727,1.47296,2.25,1.50
2012.05.01 19:21:28.966,1.4727,1.47293,1.50,2.00
2012.05.01 19:21:29.322,1.47252,1.47278,1.39,1.50
2012.05.01 19:21:29.613,1.47251,1.47274,1.50,1.50
2012.05.01 19:21:29.692,1.47249,1.47274,1.20,1.50
2012.05.01 19:21:36.870,1.47247,1.47274,2.44,1.50
2012.05.01 19:21:40.993,1.47251,1.47274,2.25,1.50
2012.05.01 19:21:41.280,1.4726,1.47285,1.69,2.25
2012.05.01 19:21:41.829,1.47257,1.47285,2.63,2.25
2012.05.01 19:21:42.413,1.47257,1.47285,2.07,2.25
2012.05.01 19:21:42.938,1.4726,1.47285,1.50,2.25
2012.05.01 19:21:43.711,1.47261,1.47285,1.50,1.50
2012.05.01 19:21:45.025,1.47263,1.47294,2.44,2.25
2012.05.01 19:21:45.366,1.47263,1.47294,2.44,2.25
2012.05.01 19:21:45.920,1.47263,1.47294,2.44,2.25
2012.05.01 19:21:46.418,1.47263,1.47291,2.25,1.50
2012.05.01 19:21:47.128,1.47263,1.47292,2.25,1.13
2012.05.01 19:21:48.423,1.47263,1.47293,2.25,1.69
2012.05.01 19:21:51.181,1.47263,1.47294,2.25,3.00
2012.05.01 19:21:51.698,1.47266,1.47294,1.69,1.50
2012.05.01 19:21:51.768,1.47268,1.47296,2.25,2.25
2012.05.01 19:21:52.051,1.47268,1.47299,2.25,4.50
2012.05.01 19:21:58.247,1.47268,1.47297,2.25,1.50
2012.05.01 19:21:59.716,1.47268,1.47299,2.25,4.32
2012.05.01 19:21:59.859,1.47268,1.47299,2.25,3.75
2012.05.01 19:22:01.137,1.47268,1.47299,2.25,4.50
2012.05.01 19:22:01.267,1.47268,1.47299,2.25,3.75
2012.05.01 19:22:01.586,1.47268,1.47299,2.25,3.19
2012.05.01 19:22:01.896,1.47268,1.47299,2.25,3.00
2012.05.01 19:22:04.777,1.47268,1.47299,2.25,3.94
2012.05.01 19:22:05.116,1.47265,1.47294,2.25,1.50
2012.05.01 19:22:05.788,1.47265,1.47294,2.25,2.25
2012.05.01 19:22:08.651,1.47265,1.47293,2.25,3.19
2012.05.01 19:22:08.730,1.47261,1.4729,3.00,2.25
2012.05.01 19:22:09.245,1.47261,1.4729,3.00,2.82
2012.05.01 19:22:12.566,1.47261,1.4729,3.00,2.82
2012.05.01 19:22:13.710,1.47265,1.47291,2.44,1.50
2012.05.01 19:22:14.018,1.47265,1.47294,2.44,1.50
2012.05.01 19:22:14.086,1.47265,1.47294,2.44,2.25
2012.05.01 19:22:17.454,1.47265,1.47294,2.44,3.38
2012.05.01 19:22:23.749,1.47265,1.47292,2.44,1.50
2012.05.01 19:22:24.291,1.47262,1.47291,1.69,1.50
2012.05.01 19:22:26.579,1.47265,1.47294,2.25,3.38
2012.05.01 19:22:36.608,1.47265,1.47293,2.25,1.50
2012.05.01 19:22:36.939,1.47261,1.4729,2.44,1.50
2012.05.01 19:22:49.938,1.47262,1.4729,1.20,1.50
2012.05.01 19:22:50.157,1.47269,1.47298,3.19,2.25
2012.05.01 19:22:50.300,1.47269,1.47298,3.19,1.50
2012.05.01 19:22:53.477,1.47272,1.47298,1.50,1.50
2012.05.01 19:22:53.916,1.47272,1.47303,3.00,3.00
2012.05.01 19:22:55.123,1.47272,1.47303,2.44,1.50
2012.05.01 19:22:55.419,1.47278,1.47307,2.44,2.25
2012.05.01 19:23:00.277,1.47282,1.47308,1.50,1.50
2012.05.01 19:23:00.345,1.47277,1.47308,2.44,3.00
2012.05.01 19:23:02.287,1.47277,1.47308,2.44,2.25
2012.05.01 19:23:13.977,1.47277,1.47304,2.25,1.50
2012.05.01 19:23:33.068,1.47277,1.47308,2.44,3.00
2012.05.01 19:23:35.594,1.47277,1.47308,2.44,3.00
2012.05.01 19:23:38.515,1.47277,1.47308,2.44,3.00
2012.05.01 19:23:39.054,1.47281,1.47306,1.50,1.50
2012.05.01 19:23:39.567,1.47281,1.47312,1.69,2.25
2012.05.01 19:23:43.164,1.47281,1.47312,2.44,2.25
2012.05.01 19:23:45.330,1.47281,1.47312,3.19,2.25
2012.05.01 19:23:45.457,1.47286,1.47313,1.50,1.50
2012.05.01 19:23:45.707,1.47281,1.47312,2.44,2.25
2012.05.01 19:23:52.665,1.47281,1.47309,2.44,1.50
2012.05.01 19:23:52.798,1.47281,1.47308,2.25,1.50
2012.05.01 19:24:09.486,1.47278,1.47307,2.44,2.25
2012.05.01 19:24:18.347,1.47278,1.47307,2.44,2.25
2012.05.01 19:24:29.007,1.47278,1.47305,2.44,1.50
2012.05.01 19:24:51.526,1.47277,1.47308,2.44,2.25
2012.05.01 19:24:51.598,1.47277,1.47308,2.44,2.25
2012.05.01 19:25:01.716,1.4728,1.47308,2.25,3.00
2012.05.01 19:25:31.723,1.47282,1.47311,2.25,2.25
2012.05.01 19:25:51.044,1.47284,1.47311,1.50,2.25
2012.05.01 19:25:51.359,1.47285,1.47312,2.25,1.50
2012.05.01 19:25:51.426,1.47281,1.47312,2.44,3.00
2012.05.01 19:26:09.665,1.47281,1.47309,2.44,1.50
2012.05.01 19:26:14.777,1.47277,1.47308,4.50,2.25
2012.05.01 19:26:44.523,1.47283,1.47312,1.50,2.25
2012.05.01 19:26:45.091,1.47283,1.47312,1.50,2.25
2012.05.01 19:26:47.504,1.4728,1.4731,2.44,2.25
2012.05.01 19:27:08.178,1.47279,1.4731,2.44,2.25
2012.05.01 19:27:16.176,1.47279,1.4731,2.44,2.25
2012.05.01 19:27:41.514,1.47283,1.47314,1.50,3.57
2012.05.01 19:27:47.514,1.47279,1.4731,2.44,2.25
2012.05.01 19:27:54.888,1.47279,1.4731,2.25,2.25
2012.05.01 19:28:09.557,1.47282,1.47313,2.25,2.25
2012.05.01 19:28:09.876,1.47283,1.47312,3.00,2.25
2012.05.01 19:28:10.186,1.47283,1.47312,2.25,2.25
2012.05.01 19:28:13.452,1.47283,1.47312,2.25,2.25
2012.05.01 19:28:14.006,1.47283,1.47312,2.44,2.25
2012.05.01 19:28:25.497,1.47287,1.47314,1.50,2.25
2012.05.01 19:28:26.926,1.47287,1.47312,1.50,1.13
2012.05.01 19:28:29.036,1.47283,1.47312,2.25,2.63
2012.05.01 19:28:56.671,1.47283,1.47312,2.25,2.25
2012.05.01 19:28:57.174,1.47283,1.47312,2.25,2.25
2012.05.01 19:29:07.969,1.47278,1.47308,2.25,1.50
2012.05.01 19:29:08.937,1.47277,1.47305,2.25,1.50
2012.05.01 19:29:09.835,1.47278,1.47309,2.25,2.25
2012.05.01 19:29:23.587,1.47283,1.47312,2.25,2.25
2012.05.01 19:29:29.346,1.47279,1.47308,2.25,2.25
2012.05.01 19:29:38.368,1.47279,1.47308,2.25,1.50
2012.05.01 19:29:39.518,1.47283,1.47309,2.25,1.50
2012.05.01 19:29:40.281,1.47289,1.47312,1.50,1.50
2012.05.01 19:29:40.348,1.47289,1.47312,2.25,1.50
2012.05.01 19:29:41.080,1.47285,1.47311,2.25,1.50
2012.05.01 19:29:44.837,1.47285,1.4731,2.25,1.50
2012.05.01 19:29:48.236,1.47285,1.4731,2.25,1.50
2012.05.01 19:29:51.059,1.47284,1.47312,2.25,1.69
2012.05.01 19:29:52.352,1.47281,1.4731,2.25,2.25
2012.05.01 19:29:52.433,1.47281,1.47309,2.25,1.50
2012.05.01 19:29:52.891,1.47281,1.47304,2.25,1.50
2012.05.01 19:29:53.228,1.47278,1.47298,2.25,1.50
2012.05.01 19:29:53.847,1.47269,1.47298,2.25,2.25
2012.05.01 19:29:54.181,1.47269,1.47297,2.25,1.50
2012.05.01 19:29:56.467,1.47269,1.47297,2.25,1.69
2012.05.01 19:29:56.659,1.47269,1.47296,2.25,1.69
2012.05.01 19:29:57.026,1.47269,1.47298,2.25,2.44
2012.05.01 19:29:57.567,1.47269,1.47298,2.25,1.50
2012.05.01 19:29:57.856,1.47272,1.47301,2.25,1.25
2012.05.01 19:29:58.533,1.47272,1.47301,2.25,1.06
2012.05.01 19:30:01.363,1.47272,1.47301,2.25,1.06
2012.05.01 19:30:02.471,1.47272,1.47303,2.25,2.82
2012.05.01 19:30:03.595,1.47272,1.47303,2.25,4.25
2012.05.01 19:30:08.771,1.47272,1.47303,3.00,2.44
2012.05.01 19:30:09.338,1.47272,1.47303,3.00,2.44
2012.05.01 19:30:10.529,1.47272,1.47303,3.00,2.44
2012.05.01 19:30:12.409,1.47272,1.47303,3.00,2.44
2012.05.01 19:30:12.480,1.47272,1.47302,2.25,1.06
2012.05.01 19:30:12.617,1.47268,1.47299,3.19,1.50
2012.05.01 19:30:19.463,1.47272,1.47301,2.25,2.93
2012.05.01 19:30:23.437,1.47272,1.47301,2.25,1.62
2012.05.01 19:30:29.336,1.47272,1.47301,2.25,1.81
2012.05.01 19:30:41.620,1.47269,1.47298,2.25,1.50
2012.05.01 19:30:46.138,1.47273,1.473,2.25,1.50
2012.05.01 19:30:46.209,1.47273,1.473,2.25,1.50
2012.05.01 19:30:46.527,1.47273,1.47302,2.25,1.69
2012.05.01 19:30:47.521,1.47273,1.47302,2.25,1.50
2012.05.01 19:30:47.869,1.47278,1.47307,2.25,2.25
2012.05.01 19:30:47.940,1.4728,1.4731,2.25,1.25
2012.05.01 19:30:49.892,1.47276,1.47307,3.19,1.50
2012.05.01 19:30:50.560,1.47276,1.47307,3.19,1.50
2012.05.01 19:30:51.480,1.47276,1.47307,2.44,2.25
2012.05.01 19:30:57.706,1.47276,1.47305,2.25,1.50
2012.05.01 19:30:58.252,1.47273,1.47302,2.44,1.50
2012.05.01 19:31:01.600,1.47276,1.47305,2.25,1.50
2012.05.01 19:31:01.667,1.47276,1.47307,2.25,2.25
2012.05.01 19:31:16.003,1.47276,1.47304,2.25,1.50
2012.05.01 19:31:16.328,1.47273,1.47304,2.25,3.19
2012.05.01 19:31:16.848,1.47273,1.47304,2.25,2.25
2012.05.01 19:31:20.502,1.47273,1.47304,2.25,2.56
2012.05.01 19:31:20.695,1.47273,1.47301,2.25,1.50
2012.05.01 19:31:21.413,1.47269,1.473,2.25,1.50
2012.05.01 19:31:24.598,1.47274,1.47301,2.25,1.50
2012.05.01 19:31:24.908,1.47276,1.47301,1.50,1.50
2012.05.01 19:31:24.994,1.47276,1.47303,1.50,1.50
2012.05.01 19:31:25.859,1.47274,1.47303,2.25,2.56
2012.05.01 19:31:26.410,1.47274,1.47303,2.25,2.56
2012.05.01 19:31:28.826,1.47274,1.47303,2.25,3.50
2012.05.01 19:31:30.253,1.47274,1.47303,2.25,3.50
2012.05.01 19:31:32.198,1.47274,1.47303,2.25,2.75
2012.05.01 19:31:34.542,1.47274,1.47303,2.25,2.56
2012.05.01 19:31:37.157,1.47274,1.47303,2.25,1.81
2012.05.01 19:31:39.245,1.47269,1.473,3.19,1.50
2012.05.01 19:31:43.481,1.47273,1.47304,2.25,4.25
2012.05.01 19:31:50.268,1.47273,1.47304,2.25,4.25
2012.05.01 19:31:50.951,1.47273,1.47303,2.25,1.06
2012.05.01 19:31:51.015,1.47272,1.473,2.25,1.50
2012.05.01 19:31:51.587,1.47269,1.473,2.25,1.50
2012.05.01 19:32:07.675,1.47269,1.473,2.25,1.69
2012.05.01 19:32:12.167,1.47269,1.473,2.25,1.69
2012.05.01 19:32:20.248,1.47269,1.47299,2.25,1.69
2012.05.01 19:32:24.376,1.47269,1.47299,2.25,1.69
2012.05.01 19:32:29.207,1.47269,1.47299,2.25,2.25
2012.05.01 19:32:34.425,1.47269,1.47299,2.25,2.00
2012.05.01 19:32:34.938,1.47269,1.47295,2.25,1.39
2012.05.01 19:32:35.140,1.4726,1.47288,1.50,1.69
2012.05.01 19:32:35.279,1.4726,1.47288,1.50,1.50
2012.05.01 19:32:35.348,1.47263,1.47292,2.25,3.68
2012.05.01 19:32:35.877,1.47263,1.47292,2.25,3.68
2012.05.01 19:32:36.949,1.47263,1.4729,2.25,1.50
2012.05.01 19:32:37.021,1.47258,1.47289,2.25,3.19
2012.05.01 19:32:37.695,1.47258,1.47288,2.25,2.82
2012.05.01 19:32:37.908,1.47258,1.47288,2.25,1.32
2012.05.01 19:32:38.229,1.47262,1.4729,2.25,1.13
2012.05.01 19:32:38.419,1.47262,1.47291,2.25,1.88
2012.05.01 19:32:39.497,1.47258,1.47289,2.25,2.44
2012.05.01 19:32:39.568,1.47258,1.47289,2.25,3.19
2012.05.01 19:32:40.488,1.47258,1.47288,2.25,1.88
2012.05.01 19:32:40.564,1.47258,1.47289,2.25,2.25
2012.05.01 19:32:41.108,1.47263,1.47291,2.25,2.82
2012.05.01 19:32:41.949,1.47263,1.47287,1.50,1.50
2012.05.01 19:32:42.211,1.47253,1.47282,2.25,2.25
2012.05.01 19:32:42.518,1.47258,1.47284,1.50,1.06
2012.05.01 19:32:42.588,1.47258,1.47285,2.25,2.33
2012.05.01 19:32:43.129,1.47258,1.47285,2.25,2.33
2012.05.01 19:32:43.921,1.47256,1.4728,1.50,1.50
2012.05.01 19:32:44.128,1.47249,1.47279,2.25,1.50
2012.05.01 19:32:44.389,1.47253,1.47281,2.25,1.43
2012.05.01 19:32:44.458,1.47253,1.47284,2.25,3.50
2012.05.01 19:32:44.658,1.47253,1.47284,2.25,2.75
2012.05.01 19:32:44.947,1.47253,1.47284,2.25,2.00
2012.05.01 19:32:45.988,1.47256,1.4728,2.25,2.44
2012.05.01 19:32:46.058,1.47249,1.47279,2.25,1.69
2012.05.01 19:32:46.186,1.47249,1.4728,2.25,2.25
2012.05.01 19:32:46.258,1.47254,1.47281,2.25,2.44
2012.05.01 19:32:46.608,1.47254,1.47285,2.25,1.81
2012.05.01 19:32:49.447,1.47258,1.47284,1.50,1.50
2012.05.01 19:32:49.518,1.47258,1.47283,1.50,1.50
2012.05.01 19:32:49.589,1.47252,1.47281,3.00,2.44
2012.05.01 19:32:49.728,1.47252,1.47281,2.25,1.50
2012.05.01 19:32:50.110,1.47256,1.47285,2.25,2.75
2012.05.01 19:32:50.357,1.47256,1.47285,2.25,1.81
2012.05.01 19:32:50.988,1.47259,1.47287,2.25,2.00
2012.05.01 19:32:51.060,1.47259,1.47287,2.25,1.25
2012.05.01 19:32:51.642,1.47259,1.47289,2.25,2.00
2012.05.01 19:32:56.378,1.47259,1.47288,2.25,1.25
2012.05.01 19:32:57.622,1.47256,1.47285,3.00,1.50
2012.05.01 19:32:57.758,1.47262,1.47288,1.50,2.25
2012.05.01 19:32:57.900,1.47262,1.47288,1.50,1.81
2012.05.01 19:32:58.231,1.47265,1.47292,2.25,1.06
2012.05.01 19:33:07.706,1.47265,1.47292,2.25,1.06
2012.05.01 19:33:23.591,1.47265,1.47292,2.25,1.06
2012.05.01 19:33:23.659,1.47264,1.47292,2.25,1.06
2012.05.01 19:33:23.732,1.47264,1.47295,2.25,3.31
2012.05.01 19:33:24.085,1.47266,1.47295,1.50,2.25
2012.05.01 19:33:29.666,1.47264,1.47295,2.25,3.00
2012.05.01 19:33:30.790,1.47267,1.47295,2.25,2.25
2012.05.01 19:33:30.931,1.47269,1.47295,2.25,1.81
2012.05.01 19:33:31.005,1.47266,1.47293,2.25,1.06
2012.05.01 19:33:36.467,1.47266,1.47293,2.44,1.81
2012.05.01 19:33:36.796,1.47262,1.47292,1.69,1.81
2012.05.01 19:33:41.665,1.47261,1.47292,2.44,1.50
2012.05.01 19:33:46.670,1.47266,1.47293,2.44,1.50
2012.05.01 19:33:47.197,1.47266,1.47293,2.44,1.50
2012.05.01 19:33:47.945,1.4726,1.47291,3.75,1.50
2012.05.01 19:33:51.297,1.4726,1.47291,2.44,1.50
2012.05.01 19:34:10.040,1.47258,1.47284,3.00,1.50
2012.05.01 19:34:10.112,1.47256,1.47284,1.50,2.25
2012.05.01 19:34:10.448,1.47257,1.47284,1.69,1.50
2012.05.01 19:34:10.519,1.47258,1.47289,2.44,1.88
2012.05.01 19:34:11.106,1.47258,1.47289,2.44,1.50
2012.05.01 19:34:12.009,1.47259,1.47284,1.50,2.25
2012.05.01 19:34:12.077,1.47259,1.47284,1.50,2.25
2012.05.01 19:34:12.147,1.47255,1.47284,2.25,2.25
2012.05.01 19:34:18.336,1.47255,1.47284,2.44,2.25
2012.05.01 19:34:19.866,1.47255,1.47284,2.25,2.25
2012.05.01 19:34:20.077,1.47255,1.47284,2.25,2.25
2012.05.01 19:34:21.057,1.47255,1.47284,2.25,2.25
2012.05.01 19:34:34.430,1.47259,1.47286,2.25,1.13
2012.05.01 19:34:34.502,1.47259,1.47288,3.00,1.50
2012.05.01 19:34:35.238,1.47259,1.47288,2.44,1.50
2012.05.01 19:34:38.028,1.4726,1.47288,1.50,1.50
2012.05.01 19:34:38.230,1.47259,1.47288,2.44,3.00
2012.05.01 19:34:38.298,1.47259,1.47288,2.44,3.00
2012.05.01 19:34:38.944,1.4726,1.47288,2.25,1.50
2012.05.01 19:34:39.019,1.47265,1.47288,1.50,1.50
2012.05.01 19:34:39.289,1.47265,1.47291,2.25,1.88
2012.05.01 19:34:39.418,1.47265,1.47291,2.44,1.13
2012.05.01 19:34:39.976,1.47265,1.47292,2.44,1.13
2012.05.01 19:34:41.077,1.47265,1.47292,2.44,1.13
2012.05.01 19:34:42.184,1.47262,1.4729,2.44,2.25
2012.05.01 19:34:42.327,1.47259,1.4729,2.44,3.00
2012.05.01 19:34:44.303,1.47259,1.4729,2.44,2.25
2012.05.01 19:34:45.368,1.47263,1.47292,2.25,1.88
2012.05.01 19:34:46.849,1.47263,1.47291,2.25,1.50
2012.05.01 19:34:47.489,1.4726,1.47289,2.44,3.00
2012.05.01 19:34:51.641,1.47266,1.47289,1.50,3.00
2012.05.01 19:34:51.990,1.47269,1.47293,1.69,1.50
2012.05.01 19:34:52.310,1.47263,1.47292,3.00,1.50
2012.05.01 19:34:52.824,1.47267,1.47293,1.69,1.50
2012.05.01 19:34:57.966,1.47263,1.47292,2.44,1.50
2012.05.01 19:34:58.565,1.47263,1.47292,2.44,1.88
2012.05.01 19:35:10.716,1.47263,1.47291,2.25,1.13
2012.05.01 19:35:14.421,1.47263,1.47292,2.44,1.88
2012.05.01 19:35:24.419,1.47263,1.47291,2.44,1.88
2012.05.01 19:35:32.028,1.47263,1.47291,2.44,1.13
2012.05.01 19:35:45.448,1.47263,1.47292,2.25,2.44
2012.05.01 19:35:46.008,1.47258,1.47289,2.25,1.50
2012.05.01 19:35:48.728,1.47263,1.47292,2.25,1.88
2012.05.01 19:35:48.858,1.47263,1.47292,2.25,1.88
2012.05.01 19:35:50.828,1.47263,1.47292,2.25,1.69
2012.05.01 19:35:51.017,1.47263,1.47292,2.25,2.07
2012.05.01 19:36:09.318,1.47263,1.47291,2.25,1.13
2012.05.01 19:36:27.645,1.47263,1.47291,2.25,1.88
2012.05.01 19:36:28.009,1.47263,1.47292,2.44,2.25
2012.05.01 19:36:28.431,1.47266,1.47295,2.25,2.18
2012.05.01 19:36:30.188,1.47266,1.47295,2.25,2.18
2012.05.01 19:36:30.258,1.47265,1.47291,2.25,1.69
2012.05.01 19:36:30.448,1.47262,1.47291,2.25,2.44
2012.05.01 19:36:31.536,1.47262,1.47291,2.25,2.63
2012.05.01 19:36:32.646,1.47262,1.4729,2.25,1.13
2012.05.01 19:36:34.737,1.47262,1.47291,2.25,1.88
2012.05.01 19:36:35.055,1.47262,1.47291,2.25,1.50
2012.05.01 19:36:41.696,1.47262,1.47291,2.25,2.25
2012.05.01 19:36:43.540,1.47262,1.47291,2.44,3.38
2012.05.01 19:36:43.739,1.47258,1.47287,3.00,1.50
2012.05.01 19:36:44.060,1.47258,1.47286,2.25,1.50
2012.05.01 19:36:44.188,1.47258,1.47285,2.25,1.81
2012.05.01 19:36:46.135,1.47254,1.47283,1.50,1.50
2012.05.01 19:36:47.728,1.47254,1.47281,1.50,1.06
2012.05.01 19:36:48.001,1.47246,1.47276,1.50,1.81
2012.05.01 19:36:48.530,1.47245,1.47276,2.44,2.18
2012.05.01 19:36:50.352,1.47245,1.47276,2.44,3.38
2012.05.01 19:36:50.560,1.47245,1.47276,2.25,3.57
2012.05.01 19:36:51.330,1.47245,1.47274,2.25,1.69
2012.05.01 19:37:07.930,1.47249,1.47275,2.25,1.13
2012.05.01 19:37:08.307,1.47247,1.47275,1.50,2.25
2012.05.01 19:37:09.114,1.47246,1.47275,2.25,2.25
2012.05.01 19:37:14.001,1.47246,1.47275,2.25,1.50
2012.05.01 19:37:14.308,1.4725,1.47278,2.25,3.00
2012.05.01 19:37:17.597,1.4725,1.47277,1.50,1.81
2012.05.01 19:37:23.297,1.47245,1.47274,2.25,1.50
2012.05.01 19:37:31.058,1.47245,1.47276,2.44,1.50
2012.05.01 19:37:31.672,1.4725,1.47279,2.25,2.63
2012.05.01 19:37:38.250,1.4725,1.47277,2.25,1.06
2012.05.01 19:37:38.697,1.47245,1.47274,2.44,2.25
2012.05.01 19:37:39.779,1.47245,1.47274,2.44,1.50
2012.05.01 19:37:47.236,1.47245,1.47274,2.25,2.25
2012.05.01 19:37:47.526,1.47246,1.47274,1.50,2.25
2012.05.01 19:37:48.716,1.47245,1.47274,2.44,2.25
2012.05.01 19:38:09.221,1.47245,1.47273,2.25,2.25
2012.05.01 19:38:09.289,1.47245,1.4727,2.25,1.69
2012.05.01 19:38:09.360,1.47245,1.47267,2.25,1.50
2012.05.01 19:38:09.688,1.4724,1.47267,2.25,1.50
2012.05.01 19:38:10.216,1.47238,1.47269,2.44,3.75
2012.05.01 19:38:14.397,1.47238,1.47268,2.44,1.50
2012.05.01 19:38:14.528,1.47238,1.47268,2.44,1.50
2012.05.01 19:38:14.660,1.47238,1.47268,2.44,1.50
2012.05.01 19:38:14.790,1.4724,1.47269,2.25,2.25
2012.05.01 19:38:14.928,1.47243,1.47272,2.25,2.44
2012.05.01 19:38:15.058,1.47243,1.47272,2.25,2.44
2012.05.01 19:38:17.037,1.4724,1.47269,2.25,1.50
2012.05.01 19:38:19.867,1.47242,1.47271,2.25,1.13
2012.05.01 19:38:36.272,1.47242,1.47271,2.25,1.13
2012.05.01 19:38:42.977,1.47242,1.47273,2.25,2.25
2012.05.01 19:38:44.963,1.47242,1.47273,2.25,2.25
2012.05.01 19:38:45.196,1.47242,1.47273,2.25,2.25
2012.05.01 19:38:49.101,1.47247,1.47275,2.25,1.50
2012.05.01 19:38:49.428,1.47247,1.47276,2.25,2.25
2012.05.01 19:39:10.907,1.4725,1.47275,2.25,1.06
2012.05.01 19:39:11.240,1.47246,1.47275,2.25,1.06
2012.05.01 19:39:11.316,1.47236,1.47265,2.44,1.06
2012.05.01 19:39:11.519,1.47236,1.47266,2.44,1.06
2012.05.01 19:39:11.591,1.47236,1.47267,2.44,2.56
2012.05.01 19:39:43.046,1.47237,1.47266,2.44,2.25
2012.05.01 19:40:08.548,1.47238,1.47266,1.69,2.25
2012.05.01 19:40:09.696,1.47238,1.47266,1.69,1.50
2012.05.01 19:40:09.770,1.4724,1.47269,2.25,1.06
2012.05.01 19:40:20.354,1.4724,1.47271,2.25,2.56
2012.05.01 19:40:34.327,1.4724,1.4727,2.44,1.06
2012.05.01 19:40:34.837,1.47245,1.47271,1.50,1.50
2012.05.01 19:40:34.915,1.47245,1.47274,1.50,1.06
2012.05.01 19:40:40.269,1.47244,1.47275,3.38,2.56
2012.05.01 19:40:48.469,1.47251,1.47274,1.50,1.06
2012.05.01 19:40:48.809,1.47254,1.47283,1.13,3.45
2012.05.01 19:40:48.949,1.47254,1.47283,1.13,2.25
2012.05.01 19:40:49.459,1.47254,1.47283,1.50,2.25
2012.05.01 19:40:56.318,1.47254,1.47283,1.69,2.25
2012.05.01 19:40:58.276,1.47254,1.47283,1.69,2.25
2012.05.01 19:41:19.010,1.47255,1.47283,1.69,2.25
2012.05.01 19:41:19.714,1.47255,1.47283,1.69,2.25
2012.05.01 19:42:20.088,1.47257,1.47286,2.82,2.25
2012.05.01 19:43:00.235,1.47259,1.47291,1.50,2.37
2012.05.01 19:43:16.677,1.47257,1.47288,2.07,1.50
2012.05.01 19:43:23.468,1.47257,1.47285,1.88,1.13
2012.05.01 19:43:27.720,1.47257,1.47285,1.50,1.13
2012.05.01 19:43:46.587,1.47257,1.47286,1.50,1.13
2012.05.01 19:43:47.306,1.47257,1.47286,1.50,1.13
2012.05.01 19:44:03.489,1.47255,1.47288,1.69,1.77
2012.05.01 19:44:04.077,1.47255,1.47288,1.69,1.47
2012.05.01 19:44:05.050,1.47255,1.47288,1.69,1.47
2012.05.01 19:44:32.096,1.47255,1.47287,1.69,1.13
2012.05.01 19:44:33.506,1.47255,1.47287,1.69,1.13
2012.05.01 19:44:34.246,1.47255,1.47287,1.69,1.13
2012.05.01 19:44:45.524,1.47253,1.47284,2.07,2.25
2012.05.01 19:44:45.864,1.47249,1.47278,2.63,3.00
2012.05.01 19:44:46.222,1.47249,1.47268,1.50,1.50
2012.05.01 19:44:46.619,1.47249,1.47268,1.50,1.13
2012.05.01 19:44:47.091,1.47239,1.47266,3.00,1.13
2012.05.01 19:44:47.302,1.47237,1.47266,2.63,1.88
2012.05.01 19:44:48.944,1.47238,1.47266,1.50,1.13
2012.05.01 19:44:55.013,1.47241,1.47267,2.44,1.13
2012.05.01 19:44:55.570,1.47241,1.47269,2.44,1.88
2012.05.01 19:44:55.638,1.47241,1.47267,2.44,1.13
2012.05.01 19:44:56.200,1.47241,1.47264,2.25,1.13
2012.05.01 19:44:58.478,1.47238,1.47263,1.50,1.13
2012.05.01 19:44:58.988,1.47238,1.47265,1.69,1.13
2012.05.01 19:44:59.599,1.47238,1.47263,1.69,1.13
2012.05.01 19:45:00.338,1.47238,1.47263,1.50,1.13
2012.05.01 19:45:00.409,1.47238,1.47266,1.50,1.13
2012.05.01 19:45:00.552,1.47238,1.47268,1.50,3.68
2012.05.01 19:45:00.760,1.47238,1.47267,1.50,1.13
2012.05.01 19:45:00.832,1.47238,1.47267,2.25,1.13
2012.05.01 19:45:00.975,1.47237,1.47263,1.50,2.25
2012.05.01 19:45:02.060,1.47236,1.47263,2.07,2.63
2012.05.01 19:45:04.519,1.47236,1.47263,1.88,2.63
2012.05.01 19:45:05.747,1.47236,1.4726,2.07,1.13
2012.05.01 19:45:06.283,1.47236,1.4726,1.50,1.50
2012.05.01 19:45:06.631,1.47226,1.47253,1.69,1.06
2012.05.01 19:45:06.840,1.47226,1.47253,1.69,1.43
2012.05.01 19:45:06.982,1.47226,1.47248,1.69,1.13
2012.05.01 19:45:10.808,1.47225,1.47248,3.00,1.13
2012.05.01 19:45:17.199,1.47225,1.47248,2.25,1.13
2012.05.01 19:45:30.756,1.47225,1.47245,1.50,1.13
2012.05.01 19:45:31.008,1.47222,1.47245,1.50,1.13
2012.05.01 19:45:31.079,1.4722,1.47245,3.00,1.13
2012.05.01 19:45:31.238,1.4722,1.47243,3.00,1.13
2012.05.01 19:45:32.889,1.47219,1.47244,1.13,1.13
2012.05.01 19:45:35.259,1.47219,1.47245,1.13,3.38
2012.05.01 19:45:35.864,1.47218,1.47245,1.88,3.38
2012.05.01 19:45:41.077,1.4722,1.47245,1.50,1.13
2012.05.01 19:45:41.636,1.4722,1.47245,1.50,1.88
2012.05.01 19:45:44.140,1.47223,1.47245,1.50,1.13
2012.05.01 19:45:45.995,1.47223,1.47248,2.25,1.13
2012.05.01 19:45:47.095,1.47223,1.47248,1.50,1.13
2012.05.01 19:45:50.688,1.47223,1.47245,1.50,1.13
2012.05.01 19:45:51.051,1.47223,1.47248,1.50,1.13
2012.05.01 19:45:51.585,1.4722,1.47248,2.25,1.13
2012.05.01 19:45:52.508,1.47223,1.47248,1.50,1.13
2012.05.01 19:45:55.842,1.47223,1.47248,2.25,1.13
2012.05.01 19:45:56.203,1.47223,1.4725,2.25,1.13
2012.05.01 19:45:56.407,1.47223,1.4725,2.25,1.13
2012.05.01 19:46:01.557,1.47223,1.4725,2.25,1.88
2012.05.01 19:46:03.369,1.47223,1.4725,2.25,1.13
2012.05.01 19:46:03.960,1.47223,1.47248,2.25,1.13
2012.05.01 19:46:04.327,1.47223,1.47247,2.25,1.13
2012.05.01 19:46:05.042,1.47223,1.47249,2.25,1.13
2012.05.01 19:46:05.110,1.47223,1.4725,2.25,1.50
2012.05.01 19:46:05.311,1.47223,1.47249,2.25,1.50
2012.05.01 19:46:05.511,1.47223,1.47248,2.25,1.13
2012.05.01 19:46:07.718,1.47223,1.47249,2.25,1.88
2012.05.01 19:46:10.668,1.47223,1.47248,2.25,1.13
2012.05.01 19:46:16.708,1.47223,1.47245,1.50,1.13
2012.05.01 19:46:17.017,1.47223,1.47244,1.50,1.13
2012.05.01 19:46:17.276,1.47223,1.47245,1.50,1.13
2012.05.01 19:46:17.809,1.4722,1.47244,1.50,1.13
2012.05.01 19:46:29.489,1.47222,1.47244,1.50,1.13
2012.05.01 19:46:30.014,1.47224,1.47244,1.50,1.13
2012.05.01 19:46:30.279,1.4722,1.47244,1.50,1.13
2012.05.01 19:46:30.608,1.47224,1.47244,1.50,1.13
2012.05.01 19:46:30.796,1.4722,1.47244,1.50,1.13
2012.05.01 19:46:36.028,1.4722,1.47243,1.50,1.13
2012.05.01 19:46:37.530,1.4722,1.47245,2.25,1.13
2012.05.01 19:46:37.849,1.4722,1.47246,2.25,1.13
2012.05.01 19:46:40.819,1.47224,1.47246,1.50,1.13
2012.05.01 19:46:41.731,1.47216,1.47243,2.25,1.50
2012.05.01 19:46:42.000,1.47216,1.47243,1.50,1.50
2012.05.01 19:46:42.349,1.47216,1.4724,1.50,1.13
2012.05.01 19:46:46.019,1.47216,1.47242,1.50,1.13
2012.05.01 19:46:46.389,1.47216,1.47242,1.50,1.13
2012.05.01 19:46:48.199,1.47213,1.47242,2.25,2.63
2012.05.01 19:46:48.458,1.47213,1.47242,2.25,2.82
2012.05.01 19:46:48.959,1.47213,1.47242,2.25,2.82
2012.05.01 19:46:49.717,1.47216,1.47242,1.50,1.13
2012.05.01 19:46:53.926,1.47216,1.47242,1.50,1.13
2012.05.01 19:46:56.231,1.47216,1.47242,1.50,1.32
2012.05.01 19:46:56.299,1.47216,1.4724,1.50,1.13
2012.05.01 19:46:56.915,1.47216,1.47238,1.50,1.13
2012.05.01 19:47:14.309,1.47216,1.47242,2.25,1.13
2012.05.01 19:47:16.023,1.47219,1.47242,1.50,1.13
2012.05.01 19:47:16.340,1.47221,1.47243,1.50,1.13
2012.05.01 19:47:16.683,1.47217,1.47243,2.25,1.13
2012.05.01 19:47:17.321,1.47221,1.47243,1.50,1.13
2012.05.01 19:47:17.903,1.47221,1.47247,1.50,1.13
2012.05.01 19:47:21.681,1.47221,1.47247,1.50,1.13
2012.05.01 19:47:25.241,1.47221,1.47248,2.44,1.88
2012.05.01 19:47:25.452,1.47225,1.47251,1.50,1.88
2012.05.01 19:47:25.524,1.47225,1.47253,2.25,1.13
2012.05.01 19:47:25.883,1.47225,1.47253,2.25,1.13
2012.05.01 19:47:31.561,1.47225,1.47252,2.25,1.13
2012.05.01 19:47:42.179,1.47225,1.47246,2.25,1.28
2012.05.01 19:47:42.326,1.47214,1.47243,3.00,2.25
2012.05.01 19:47:42.406,1.47214,1.47241,1.88,2.82
2012.05.01 19:47:42.556,1.47212,1.47237,1.50,1.84
2012.05.01 19:47:42.703,1.47212,1.4724,2.44,1.20
2012.05.01 19:47:42.854,1.47218,1.4724,1.50,1.58
2012.05.01 19:47:42.931,1.47218,1.4724,1.50,1.20
2012.05.01 19:47:43.001,1.47214,1.4724,2.25,1.20
2012.05.01 19:47:43.071,1.47214,1.47239,2.44,1.35
2012.05.01 19:47:43.280,1.47216,1.47243,2.63,1.50
2012.05.01 19:47:43.414,1.47218,1.47243,1.50,1.50
2012.05.01 19:47:43.758,1.47223,1.47251,2.44,1.13
2012.05.01 19:47:43.828,1.47223,1.47251,2.44,1.13
2012.05.01 19:47:47.751,1.47223,1.47252,2.44,1.13
2012.05.01 19:47:52.550,1.47223,1.47251,2.44,1.13
2012.05.01 19:48:20.148,1.47223,1.47253,3.00,1.13
2012.05.01 19:48:22.108,1.47223,1.47253,2.44,1.13
2012.05.01 19:48:30.910,1.47223,1.47249,2.44,1.13
2012.05.01 19:48:31.253,1.47223,1.47249,1.50,1.13
2012.05.01 19:48:31.589,1.47223,1.4725,1.50,1.13
2012.05.01 19:48:32.300,1.47223,1.4725,2.25,1.13
2012.05.01 19:48:33.011,1.47223,1.47248,2.25,1.13
2012.05.01 19:48:33.079,1.47223,1.47248,2.25,1.13
2012.05.01 19:48:38.502,1.47223,1.47248,2.44,1.13
2012.05.01 19:48:41.147,1.47223,1.47248,2.25,1.13
2012.05.01 19:48:42.999,1.47223,1.4725,2.44,1.13
2012.05.01 19:48:43.068,1.47223,1.4725,2.44,1.13
2012.05.01 19:48:43.309,1.47223,1.4725,2.44,1.13
2012.05.01 19:48:46.288,1.47228,1.4725,1.50,1.13
2012.05.01 19:48:55.242,1.47228,1.4725,1.50,1.32
2012.05.01 19:48:55.523,1.47225,1.47248,1.50,1.69
2012.05.01 19:48:55.810,1.4722,1.47247,2.25,1.13
2012.05.01 19:48:56.318,1.4722,1.47248,2.25,1.50
2012.05.01 19:48:57.752,1.47223,1.47248,1.50,1.50
2012.05.01 19:48:58.326,1.47223,1.47249,1.50,1.88
2012.05.01 19:49:11.261,1.47223,1.47249,1.50,1.13
2012.05.01 19:49:11.447,1.47223,1.47252,2.44,1.13
2012.05.01 19:49:12.123,1.47223,1.47251,2.44,1.13
2012.05.01 19:49:14.287,1.47223,1.47249,2.25,1.13
2012.05.01 19:49:18.317,1.47223,1.47249,2.25,1.13
2012.05.01 19:49:33.242,1.47223,1.47249,2.25,1.13
2012.05.01 19:49:40.230,1.47223,1.47248,2.25,1.13
2012.05.01 19:49:45.702,1.4722,1.47248,1.32,1.43
2012.05.01 19:49:45.770,1.4722,1.47246,1.32,1.43
2012.05.01 19:49:46.018,1.4722,1.47246,1.32,1.43
2012.05.01 19:49:58.919,1.47219,1.47249,2.25,2.18
2012.05.01 19:49:58.987,1.47219,1.47249,2.25,1.88
2012.05.01 19:49:59.380,1.47223,1.47249,1.50,1.88
2012.05.01 19:50:00.250,1.47221,1.47249,2.25,1.88
2012.05.01 19:50:00.379,1.47219,1.47246,3.00,1.13
2012.05.01 19:50:00.450,1.47219,1.47246,3.00,1.13
2012.05.01 19:50:01.043,1.47219,1.47246,3.00,1.13
2012.05.01 19:50:06.694,1.47219,1.47246,2.25,1.13
2012.05.01 19:50:06.978,1.47219,1.47246,2.25,1.13
2012.05.01 19:50:07.193,1.47221,1.47249,2.44,1.13
2012.05.01 19:50:07.720,1.47224,1.47249,1.50,1.13
2012.05.01 19:50:08.250,1.47224,1.47249,1.50,1.13
2012.05.01 19:50:08.903,1.4722,1.47249,2.44,2.63
2012.05.01 19:50:09.538,1.47224,1.47249,1.50,1.13
2012.05.01 19:50:11.058,1.47219,1.47249,3.57,1.13
2012.05.01 19:50:14.008,1.47223,1.47249,2.44,1.13
2012.05.01 19:50:14.327,1.47223,1.47249,2.25,1.13
2012.05.01 19:50:14.627,1.47223,1.47249,2.44,1.13
2012.05.01 19:50:15.098,1.47223,1.47249,2.25,1.13
2012.05.01 19:50:17.504,1.47223,1.47249,2.25,1.13
2012.05.01 19:50:17.583,1.47223,1.47251,2.44,1.13
2012.05.01 19:50:17.657,1.47231,1.47256,1.50,1.88
2012.05.01 19:50:17.732,1.47231,1.47256,1.50,1.50
2012.05.01 19:50:18.255,1.47232,1.47261,2.25,1.13
2012.05.01 19:50:18.846,1.47232,1.47261,2.25,1.13
2012.05.01 19:50:21.068,1.47234,1.47261,1.50,1.13
2012.05.01 19:50:21.139,1.47237,1.47261,1.50,1.13
2012.05.01 19:50:22.652,1.47239,1.47261,1.50,1.13
2012.05.01 19:50:23.223,1.47241,1.47261,1.50,1.13
2012.05.01 19:50:24.418,1.47237,1.47261,1.50,1.13
2012.05.01 19:50:31.030,1.47237,1.47261,1.50,1.13
2012.05.01 19:50:45.968,1.47237,1.4726,1.50,1.13
2012.05.01 19:50:47.569,1.47241,1.4726,1.50,1.13
2012.05.01 19:50:47.704,1.47241,1.4726,1.50,1.13
2012.05.01 19:50:48.510,1.47239,1.4726,1.50,1.13
2012.05.01 19:50:48.579,1.47236,1.4726,1.50,1.13
2012.05.01 19:50:50.502,1.47236,1.4726,1.50,1.88
2012.05.01 19:50:51.032,1.47236,1.4726,1.50,1.13
2012.05.01 19:51:06.341,1.47236,1.47261,2.25,1.13
2012.05.01 19:51:12.228,1.47236,1.47261,2.25,1.13
2012.05.01 19:51:18.110,1.47234,1.4726,1.50,1.13
2012.05.01 19:51:18.679,1.47233,1.4726,1.50,1.13
2012.05.01 19:51:18.869,1.47236,1.4726,1.50,1.13
2012.05.01 19:51:19.466,1.47238,1.4726,1.50,1.13
2012.05.01 19:51:26.478,1.47238,1.47263,1.50,1.88
2012.05.01 19:51:26.549,1.47238,1.47263,1.50,1.88
2012.05.01 19:51:26.618,1.47233,1.47263,2.25,1.88
2012.05.01 19:51:27.078,1.47233,1.47263,2.25,1.88
2012.05.01 19:51:27.807,1.47238,1.47263,1.50,1.88
2012.05.01 19:51:29.217,1.4724,1.47263,1.50,1.13
2012.05.01 19:51:29.592,1.47242,1.47263,1.50,1.13
2012.05.01 19:51:37.846,1.47242,1.47263,1.50,1.13
2012.05.01 19:51:45.229,1.47242,1.47263,1.50,1.13
2012.05.01 19:51:53.459,1.47242,1.47263,1.50,1.13
2012.05.01 19:51:53.797,1.47242,1.47263,1.50,1.13
2012.05.01 19:51:54.560,1.47242,1.47263,1.50,1.13
2012.05.01 19:51:55.227,1.47242,1.47263,1.50,1.13
2012.05.01 19:52:17.079,1.4724,1.47264,1.50,1.13
2012.05.01 19:52:17.208,1.47237,1.47265,2.25,1.13
2012.05.01 19:52:18.800,1.47237,1.47265,2.25,1.13
2012.05.01 19:52:19.336,1.47237,1.47262,1.50,1.13
2012.05.01 19:52:22.858,1.47237,1.47262,2.25,1.13
2012.05.01 19:52:45.268,1.47243,1.47264,1.50,1.13
2012.05.01 19:52:50.620,1.47238,1.47264,1.50,1.13
2012.05.01 19:52:53.781,1.47238,1.47262,1.50,1.13
2012.05.01 19:52:54.481,1.47241,1.4726,1.50,1.13
2012.05.01 19:52:54.799,1.47241,1.47262,1.50,1.13
2012.05.01 19:52:55.569,1.47238,1.47262,1.50,1.13
2012.05.01 19:52:56.252,1.47237,1.47262,1.50,1.13
2012.05.01 19:52:57.749,1.4724,1.47262,1.50,1.13
2012.05.01 19:52:58.768,1.4724,1.47265,1.50,1.13
2012.05.01 19:52:59.299,1.47238,1.47266,1.50,2.56
2012.05.01 19:52:59.801,1.47237,1.47266,2.25,2.56
2012.05.01 19:53:03.498,1.4724,1.47267,1.50,1.13
2012.05.01 19:53:07.680,1.4724,1.47267,2.25,1.13
2012.05.01 19:53:15.530,1.4724,1.47267,2.25,1.13
2012.05.01 19:53:16.104,1.47241,1.47269,1.88,1.50
2012.05.01 19:53:16.183,1.47244,1.47271,2.44,3.00
2012.05.01 19:53:16.309,1.47244,1.47271,2.44,2.25
2012.05.01 19:53:19.041,1.47246,1.47273,1.69,1.13
2012.05.01 19:53:22.089,1.47249,1.47273,1.50,1.13
2012.05.01 19:53:26.184,1.47248,1.47273,1.50,1.88
2012.05.01 19:53:26.249,1.47245,1.47273,1.69,1.13
2012.05.01 19:53:33.292,1.47247,1.47273,1.50,1.13
2012.05.01 19:53:33.360,1.4725,1.47273,1.50,1.13
2012.05.01 19:53:46.088,1.4725,1.47278,1.50,1.13
2012.05.01 19:53:46.157,1.4725,1.47278,1.50,1.13
2012.05.01 19:53:49.302,1.47245,1.47276,2.44,2.25
2012.05.01 19:53:50.372,1.47245,1.47276,2.44,2.25
2012.05.01 19:53:50.729,1.4725,1.47279,1.50,3.00
2012.05.01 19:54:08.101,1.47245,1.47274,2.82,1.50
2012.05.01 19:54:09.412,1.47245,1.47273,1.69,1.50
2012.05.01 19:54:12.858,1.47245,1.47269,1.50,1.50
2012.05.01 19:54:13.292,1.47245,1.47274,2.25,1.50
2012.05.01 19:54:13.489,1.4725,1.47274,1.50,1.50
2012.05.01 19:54:18.668,1.47247,1.47274,1.50,1.50
2012.05.01 19:54:18.739,1.47245,1.47274,2.25,1.50
2012.05.01 19:54:20.981,1.47245,1.47275,2.25,1.13
2012.05.01 19:54:36.020,1.47245,1.47275,2.25,1.88
2012.05.01 19:54:36.570,1.47245,1.47276,2.25,2.82
2012.05.01 19:54:37.060,1.4725,1.47273,1.50,1.50
2012.05.01 19:54:37.701,1.47247,1.47273,1.50,1.50
2012.05.01 19:54:37.772,1.47244,1.47273,2.25,1.50
2012.05.01 19:54:51.009,1.47244,1.47273,2.25,1.88
2012.05.01 19:55:15.108,1.47244,1.47273,1.50,1.13
2012.05.01 19:55:22.784,1.47244,1.4727,1.50,1.13
2012.05.01 19:55:23.113,1.47244,1.47265,1.50,1.50
2012.05.01 19:55:23.689,1.47244,1.47263,1.50,1.50
2012.05.01 19:55:23.777,1.4723,1.47258,2.25,1.69
2012.05.01 19:55:23.926,1.4723,1.47256,1.50,1.50
2012.05.01 19:55:24.002,1.4723,1.47258,1.50,1.13
2012.05.01 19:55:24.507,1.4723,1.47256,1.50,1.13
2012.05.01 19:55:25.140,1.4723,1.47255,1.50,1.13
2012.05.01 19:55:25.878,1.4723,1.47255,1.69,1.13
2012.05.01 19:55:28.278,1.4723,1.47255,1.69,1.13
2012.05.01 19:55:31.080,1.4723,1.47255,1.69,1.13
2012.05.01 19:55:33.043,1.4723,1.47256,1.69,1.13
2012.05.01 19:55:33.321,1.4723,1.47258,2.44,1.13
2012.05.01 19:55:33.642,1.47235,1.47258,1.69,1.13
2012.05.01 19:55:33.712,1.47235,1.4726,1.69,1.50
2012.05.01 19:55:34.354,1.47235,1.4726,1.69,1.50
2012.05.01 19:55:34.629,1.47235,1.4726,1.69,1.50
2012.05.01 19:55:35.340,1.47235,1.4726,1.69,1.50
2012.05.01 19:55:35.473,1.47235,1.47262,2.44,1.13
2012.05.01 19:55:35.768,1.47235,1.47262,2.44,1.13
2012.05.01 19:55:36.100,1.4723,1.47259,2.44,1.50
2012.05.01 19:55:36.641,1.47234,1.47259,1.69,1.50
2012.05.01 19:55:37.904,1.47234,1.47263,2.44,1.88
2012.05.01 19:55:37.970,1.47238,1.47263,1.50,1.88
2012.05.01 19:55:41.195,1.47235,1.47263,2.44,1.88
2012.05.01 19:55:41.701,1.47235,1.47263,2.25,1.88
2012.05.01 19:55:42.041,1.47239,1.47266,1.50,1.13
2012.05.01 19:55:42.570,1.47239,1.47264,1.50,1.50
2012.05.01 19:55:43.491,1.47239,1.47264,1.50,1.50
2012.05.01 19:55:44.042,1.47239,1.47263,1.50,1.88
2012.05.01 19:55:48.608,1.47236,1.47262,1.50,1.13
2012.05.01 19:55:50.259,1.4724,1.47262,1.50,1.13
2012.05.01 19:55:50.570,1.47244,1.47264,1.50,1.50
2012.05.01 19:55:50.640,1.47244,1.47264,1.50,1.50
2012.05.01 19:55:50.710,1.4724,1.47264,1.69,1.50
2012.05.01 19:55:51.040,1.47235,1.47263,2.25,1.88
2012.05.01 19:55:57.235,1.47235,1.47263,2.25,1.88
2012.05.01 19:55:57.743,1.47241,1.47264,1.50,3.00
2012.05.01 19:55:58.342,1.47238,1.47264,2.44,1.50
2012.05.01 19:55:58.829,1.47238,1.47263,2.25,1.50
2012.05.01 19:56:00.381,1.47233,1.47263,2.44,1.50
2012.05.01 19:56:00.941,1.47233,1.47262,2.25,1.13
2012.05.01 19:56:01.272,1.47233,1.4726,2.25,1.50
2012.05.01 19:56:01.589,1.47233,1.47262,2.25,1.13
2012.05.01 19:56:02.731,1.47233,1.4726,2.25,1.50
2012.05.01 19:56:07.771,1.47233,1.47264,2.44,3.00
2012.05.01 19:56:08.404,1.47239,1.47264,1.50,1.50
2012.05.01 19:56:08.813,1.47241,1.47264,1.50,1.50
2012.05.01 19:56:09.114,1.47241,1.47264,1.50,1.50
2012.05.01 19:56:09.850,1.47241,1.47263,1.50,1.50
2012.05.01 19:56:09.922,1.47238,1.47263,1.50,1.50
2012.05.01 19:56:09.993,1.47233,1.47263,2.44,1.50
2012.05.01 19:56:14.991,1.47234,1.47262,1.69,1.13
2012.05.01 19:56:15.120,1.47235,1.47262,1.50,1.13
2012.05.01 19:56:15.442,1.47246,1.47269,1.50,1.13
2012.05.01 19:56:15.633,1.47246,1.4727,1.50,1.13
2012.05.01 19:56:15.705,1.47246,1.47272,1.50,1.50
2012.05.01 19:56:16.081,1.47248,1.47274,1.50,1.50
2012.05.01 19:56:16.461,1.47248,1.47274,1.50,1.50
2012.05.01 19:56:18.955,1.47246,1.47272,1.50,1.13
2012.05.01 19:56:19.500,1.47244,1.47272,2.25,1.13
2012.05.01 19:56:19.694,1.47244,1.47272,2.25,1.13
2012.05.01 19:56:20.056,1.47252,1.4728,1.50,1.32
2012.05.01 19:56:20.590,1.47252,1.47281,2.25,1.13
2012.05.01 19:56:20.664,1.47249,1.47278,2.44,2.25
2012.05.01 19:56:21.324,1.47253,1.4728,1.50,1.13
2012.05.01 19:56:21.871,1.47249,1.47278,2.25,2.25
2012.05.01 19:56:22.380,1.47249,1.47278,2.25,3.00
2012.05.01 19:56:22.950,1.47249,1.47276,2.25,1.13
2012.05.01 19:56:32.355,1.47249,1.47275,1.50,1.13
2012.05.01 19:56:37.367,1.47245,1.47274,2.44,1.50
2012.05.01 19:56:40.542,1.47248,1.47275,2.25,1.13
2012.05.01 19:56:41.988,1.47245,1.47274,2.44,1.50
2012.05.01 19:56:46.121,1.47249,1.47275,1.50,1.88
2012.05.01 19:56:46.820,1.47245,1.47275,2.44,1.88
2012.05.01 19:56:50.799,1.47249,1.47275,1.50,1.50
2012.05.01 19:57:02.035,1.47249,1.47278,2.25,2.25
2012.05.01 19:57:02.643,1.47252,1.47278,1.50,1.50
2012.05.01 19:57:03.371,1.47252,1.47278,1.50,1.50
2012.05.01 19:57:03.466,1.47248,1.47277,2.25,2.25
2012.05.01 19:57:09.972,1.47248,1.47277,1.50,2.63
2012.05.01 19:57:10.401,1.47248,1.47277,1.50,2.63
2012.05.01 19:57:12.299,1.47244,1.47273,2.44,2.25
2012.05.01 19:57:13.502,1.47247,1.47277,1.50,1.13
2012.05.01 19:57:16.619,1.47247,1.47277,2.25,1.88
2012.05.01 19:57:30.952,1.47247,1.47278,2.44,2.25
2012.05.01 19:57:32.960,1.47247,1.47278,2.44,2.25
2012.05.01 19:57:33.231,1.47247,1.47274,1.69,1.50
2012.05.01 19:57:34.033,1.47243,1.47271,2.44,1.13
2012.05.01 19:57:34.103,1.47243,1.47269,2.25,1.13
2012.05.01 19:57:34.621,1.47243,1.47269,1.50,1.13
2012.05.01 19:57:37.822,1.4725,1.4727,1.50,1.13
2012.05.01 19:57:37.965,1.47252,1.47275,1.50,1.13
2012.05.01 19:57:38.042,1.47252,1.47273,1.50,1.50
2012.05.01 19:57:39.069,1.47247,1.47272,1.69,1.88
2012.05.01 19:57:39.379,1.47247,1.47272,1.69,1.13
2012.05.01 19:57:41.222,1.47247,1.47272,1.69,1.88
2012.05.01 19:57:42.309,1.47247,1.47272,1.69,1.13
2012.05.01 19:57:42.861,1.47247,1.47273,2.25,1.50
2012.05.01 19:57:44.980,1.47247,1.47278,1.69,2.25
2012.05.01 19:57:47.561,1.47247,1.47278,1.69,2.25
2012.05.01 19:57:48.880,1.47247,1.47278,1.69,2.25
2012.05.01 19:57:50.200,1.47247,1.47278,1.69,2.25
2012.05.01 19:57:52.878,1.47247,1.47278,1.69,2.25
2012.05.01 19:57:57.280,1.47247,1.47278,3.19,2.25
2012.05.01 19:57:57.423,1.47247,1.47275,2.44,1.50
2012.05.01 19:57:57.800,1.47247,1.47274,2.44,1.50
2012.05.01 19:57:58.012,1.47247,1.47273,1.69,1.50
2012.05.01 19:57:59.332,1.47247,1.47272,1.50,1.13
2012.05.01 19:58:00.384,1.47247,1.4727,1.50,1.50
2012.05.01 19:58:01.131,1.47245,1.4727,1.50,1.50
2012.05.01 19:58:04.562,1.47246,1.47272,1.50,1.13
2012.05.01 19:58:04.630,1.47248,1.47272,1.50,1.13
2012.05.01 19:58:05.302,1.47243,1.47272,2.44,2.63
2012.05.01 19:58:05.894,1.47243,1.47272,1.69,2.63
2012.05.01 19:58:06.221,1.47247,1.47272,1.50,1.13
2012.05.01 19:58:10.900,1.47242,1.47272,1.69,1.13
2012.05.01 19:58:11.409,1.47244,1.47272,1.69,1.13
2012.05.01 19:58:11.480,1.47247,1.47272,1.50,1.13
2012.05.01 19:58:12.091,1.47247,1.47269,1.50,1.13
2012.05.01 19:58:12.802,1.47247,1.47268,1.50,1.13
2012.05.01 19:58:14.349,1.47247,1.47272,1.50,1.13
2012.05.01 19:58:21.729,1.47244,1.47272,1.50,1.13
2012.05.01 19:58:21.798,1.47242,1.47272,1.50,1.13
2012.05.01 19:58:26.952,1.47242,1.47272,1.50,1.13
2012.05.01 19:58:27.276,1.47251,1.47274,1.50,2.25
2012.05.01 19:58:28.032,1.47247,1.47273,1.69,1.50
2012.05.01 19:58:28.244,1.47247,1.47273,2.44,1.50
2012.05.01 19:58:28.500,1.47248,1.47276,1.69,2.25
2012.05.01 19:58:28.640,1.47253,1.47278,1.50,1.88
2012.05.01 19:58:29.876,1.47253,1.47278,1.50,1.88
2012.05.01 19:58:31.165,1.47253,1.47278,2.44,1.50
2012.05.01 19:58:31.516,1.47256,1.47284,1.69,1.50
2012.05.01 19:58:32.070,1.47256,1.47283,1.50,1.50
2012.05.01 19:58:32.380,1.47256,1.47283,1.50,1.50
2012.05.01 19:58:36.923,1.47256,1.47283,1.50,1.50
2012.05.01 19:58:37.577,1.47256,1.47287,1.50,3.19
2012.05.01 19:58:50.181,1.47256,1.47281,1.50,1.50
2012.05.01 19:58:50.323,1.4725,1.47274,1.50,1.50
2012.05.01 19:58:50.522,1.47246,1.47272,3.00,1.50
2012.05.01 19:58:50.654,1.47246,1.47272,2.25,1.50
2012.05.01 19:58:50.992,1.47246,1.47268,1.50,1.50
2012.05.01 19:58:53.965,1.47246,1.47268,1.50,1.50
2012.05.01 19:58:57.659,1.47242,1.47268,1.50,1.50
2012.05.01 19:59:00.465,1.47242,1.47264,1.50,1.50
2012.05.01 19:59:00.544,1.47242,1.47263,1.50,1.50
2012.05.01 19:59:01.063,1.47239,1.47259,1.50,1.50
2012.05.01 19:59:06.091,1.47234,1.47258,1.50,1.50
2012.05.01 19:59:07.111,1.47234,1.47258,1.50,1.50
2012.05.01 19:59:11.902,1.47229,1.47258,2.25,1.65
2012.05.01 19:59:11.978,1.47229,1.47251,1.50,1.25
2012.05.01 19:59:12.476,1.47228,1.47248,1.50,2.07
2012.05.01 19:59:12.766,1.47223,1.47248,2.25,2.07
2012.05.01 19:59:12.847,1.47221,1.47247,2.25,1.13
2012.05.01 19:59:16.001,1.47221,1.47247,1.50,1.13
2012.05.01 19:59:19.138,1.47221,1.47244,1.50,1.13
2012.05.01 19:59:22.083,1.47217,1.47244,2.25,1.13
2012.05.01 19:59:34.482,1.47217,1.47244,2.25,1.13
2012.05.01 19:59:35.080,1.47217,1.47245,2.25,1.13
2012.05.01 19:59:35.598,1.47217,1.47246,2.25,2.25
2012.05.01 19:59:39.450,1.47217,1.47242,2.25,1.50
2012.05.01 19:59:39.663,1.47213,1.4724,1.50,1.50
2012.05.01 19:59:39.732,1.47213,1.4724,1.50,2.25
2012.05.01 19:59:40.231,1.47206,1.47237,3.19,1.88
2012.05.01 19:59:40.571,1.47206,1.47237,2.25,1.88
2012.05.01 19:59:41.130,1.47201,1.47232,3.19,1.88
2012.05.01 19:59:41.626,1.47201,1.47232,3.19,1.88
2012.05.01 19:59:41.771,1.47207,1.47235,2.25,1.13
2012.05.01 19:59:47.031,1.47212,1.47236,1.50,1.88
2012.05.01 19:59:47.101,1.47212,1.47241,3.00,1.50
2012.05.01 19:59:47.240,1.47212,1.47241,3.00,1.50
2012.05.01 19:59:50.733,1.47219,1.47241,3.19,1.50
2012.05.01 19:59:50.808,1.47226,1.47252,1.69,1.50
2012.05.01 19:59:50.881,1.47226,1.47254,2.44,1.13
2012.05.01 19:59:50.953,1.47227,1.47255,1.69,1.88
2012.05.01 19:59:51.289,1.4723,1.47258,2.25,1.13
2012.05.01 19:59:51.361,1.4723,1.47258,2.25,1.13
2012.05.01 19:59:51.490,1.4723,1.47258,2.25,1.43
2012.05.01 19:59:51.560,1.4723,1.47256,2.25,1.06
2012.05.01 19:59:54.452,1.47223,1.47249,1.69,2.25
2012.05.01 19:59:54.521,1.47223,1.47249,1.50,2.56
2012.05.01 19:59:54.712,1.47218,1.47249,3.00,3.31
2012.05.01 19:59:55.351,1.47218,1.47248,2.44,1.13
2012.05.01 19:59:57.135,1.47218,1.47248,3.00,1.13
2012.05.01 19:59:57.663,1.47218,1.47248,3.00,1.13
