2017.04.10 04:00:00.026,1.24971,1.24994,1.00,1.46
2017.04.10 04:00:03.180,1.2497,1.24993,1.00,1.12
2017.04.10 04:00:12.067,1.24968,1.24993,1.50,1.12
2017.04.10 04:00:12.617,1.24967,1.24993,1.37,1.37
2017.04.10 04:00:13.199,1.24967,1.24991,1.37,1.12
2017.04.10 04:00:13.590,1.24966,1.2499,1.12,1.12
2017.04.10 04:00:22.262,1.24966,1.24992,1.46,1.00
2017.04.10 04:00:26.676,1.24966,1.24993,1.37,1.87
2017.04.10 04:00:27.655,1.24966,1.24991,1.37,1.00
2017.04.10 04:00:58.287,1.24967,1.24992,1.12,1.00
2017.04.10 04:01:01.458,1.24966,1.24992,1.37,1.37
2017.04.10 04:01:01.773,1.24967,1.24994,2.96,4.12
2017.04.10 04:01:07.117,1.24968,1.24993,2.21,1.00
2017.04.10 04:01:08.026,1.24968,1.24994,1.71,3.37
2017.04.10 04:01:08.592,1.24968,1.24994,1.71,2.62
2017.04.10 04:01:09.106,1.24968,1.24993,1.87,1.00
2017.04.10 04:01:09.259,1.24967,1.24994,2.21,3.37
2017.04.10 04:01:16.122,1.24967,1.24993,2.96,1.87
2017.04.10 04:01:25.405,1.24969,1.24994,1.12,1.00
2017.04.10 04:01:27.775,1.24968,1.24993,1.37,1.00
2017.04.10 04:01:30.739,1.24969,1.24993,1.37,1.87
2017.04.10 04:01:31.275,1.24968,1.24994,3.34,2.62
2017.04.10 04:01:31.921,1.24971,1.24994,1.87,1.87
2017.04.10 04:01:32.813,1.24969,1.24994,2.62,1.87
2017.04.10 04:01:33.894,1.24969,1.24995,2.21,2.62
2017.04.10 04:01:39.850,1.24969,1.24992,1.87,1.87
2017.04.10 04:01:47.348,1.24969,1.24994,2.21,1.87
2017.04.10 04:01:48.156,1.24968,1.24993,4.84,2.62
2017.04.10 04:01:48.925,1.2497,1.24993,1.87,1.87
2017.04.10 04:01:51.304,1.24968,1.24992,2.59,1.87
2017.04.10 04:01:51.355,1.24969,1.24993,2.62,1.12
2017.04.10 04:01:51.609,1.24968,1.24992,2.59,1.87
2017.04.10 04:02:01.438,1.2497,1.24994,1.87,2.96
2017.04.10 04:02:01.848,1.24968,1.24992,2.62,1.87
2017.04.10 04:02:02.388,1.24971,1.24993,1.87,1.46
2017.04.10 04:02:10.101,1.24971,1.24994,1.87,1.71
2017.04.10 04:02:10.406,1.24973,1.24996,1.87,1.09
2017.04.10 04:02:19.519,1.24973,1.24995,1.87,1.37
2017.04.10 04:02:31.463,1.24974,1.24997,1.87,1.87
2017.04.10 04:02:31.565,1.24977,1.24999,1.87,1.00
2017.04.10 04:02:31.617,1.24977,1.25002,1.87,1.46
2017.04.10 04:02:31.719,1.24979,1.25002,1.87,2.62
2017.04.10 04:02:31.922,1.24977,1.25002,3.37,1.87
2017.04.10 04:02:32.024,1.24981,1.25003,1.87,1.46
2017.04.10 04:02:32.075,1.24979,1.25003,1.87,1.50
2017.04.10 04:02:32.328,1.24979,1.25006,2.25,4.09
2017.04.10 04:02:33.195,1.2498,1.25006,2.62,2.96
2017.04.10 04:02:50.139,1.24982,1.25006,1.37,1.87
2017.04.10 04:02:50.240,1.24982,1.25008,4.46,1.00
2017.04.10 04:02:50.493,1.24984,1.25008,2.62,1.00
2017.04.10 04:02:50.797,1.24982,1.25007,1.87,2.96
2017.04.10 04:02:51.545,1.24982,1.25007,1.12,1.46
2017.04.10 04:03:01.502,1.24983,1.25007,2.62,2.62
2017.04.10 04:03:02.009,1.24984,1.25008,1.87,2.59
2017.04.10 04:03:03.415,1.24985,1.25008,1.87,1.84
2017.04.10 04:03:04.225,1.24985,1.25009,1.12,3.00
2017.04.10 04:03:04.326,1.24985,1.25009,1.87,3.34
2017.04.10 04:03:04.843,1.24984,1.25008,2.62,2.25
2017.04.10 04:03:06.926,1.24984,1.25009,1.37,1.46
2017.04.10 04:03:07.335,1.24985,1.25008,1.37,1.87
2017.04.10 04:03:07.863,1.24985,1.25008,1.12,2.21
2017.04.10 04:03:08.371,1.24984,1.25009,1.37,2.96
2017.04.10 04:03:10.935,1.24983,1.25008,2.25,2.21
2017.04.10 04:03:11.379,1.24984,1.25009,1.37,1.46
2017.04.10 04:03:11.532,1.24984,1.25008,1.87,2.21
2017.04.10 04:03:11.788,1.24983,1.25009,1.50,2.21
2017.04.10 04:03:11.992,1.24984,1.2501,1.87,2.96
2017.04.10 04:03:12.544,1.24983,1.25008,2.25,1.46
2017.04.10 04:03:31.515,1.24986,1.25008,1.00,1.71
2017.04.10 04:03:33.733,1.24986,1.25009,1.00,1.71
2017.04.10 04:03:33.835,1.24986,1.25008,1.00,1.46
2017.04.10 04:03:33.937,1.24983,1.25008,1.46,1.46
2017.04.10 04:03:33.988,1.24985,1.25009,1.87,2.96
2017.04.10 04:03:34.495,1.24985,1.25009,1.87,1.71
2017.04.10 04:03:34.597,1.24985,1.25009,1.12,2.96
2017.04.10 04:03:34.851,1.24985,1.25009,2.21,1.87
2017.04.10 04:03:34.902,1.24985,1.2501,1.87,1.84
2017.04.10 04:03:35.155,1.24984,1.2501,2.62,2.59
2017.04.10 04:03:54.500,1.24986,1.25009,1.12,1.46
2017.04.10 04:03:55.034,1.24984,1.2501,1.87,2.96
2017.04.10 04:03:55.338,1.24984,1.2501,1.87,4.46
2017.04.10 04:03:55.490,1.24984,1.2501,1.87,1.71
2017.04.10 04:03:55.693,1.24985,1.2501,1.87,2.96
2017.04.10 04:03:55.795,1.24985,1.25009,1.87,1.71
2017.04.10 04:03:56.303,1.24984,1.2501,1.87,2.96
2017.04.10 04:03:56.931,1.24984,1.2501,2.62,2.96
2017.04.10 04:03:57.184,1.24985,1.2501,1.87,1.46
2017.04.10 04:03:57.286,1.24984,1.2501,1.87,2.96
2017.04.10 04:03:57.336,1.24984,1.2501,1.87,2.96
2017.04.10 04:03:57.812,1.24983,1.2501,2.21,2.96
2017.04.10 04:03:58.014,1.24985,1.2501,1.87,1.46
2017.04.10 04:03:58.268,1.24983,1.2501,2.62,1.71
2017.04.10 04:03:58.370,1.24984,1.25009,1.87,2.96
2017.04.10 04:03:58.471,1.24984,1.2501,1.87,2.21
2017.04.10 04:03:58.522,1.24982,1.25009,4.09,2.21
2017.04.10 04:03:58.624,1.24986,1.25011,1.87,2.96
2017.04.10 04:03:58.725,1.24983,1.2501,2.21,2.21
2017.04.10 04:03:58.928,1.24985,1.25011,1.87,1.71
2017.04.10 04:03:59.232,1.24983,1.25011,2.62,2.96
2017.04.10 04:03:59.814,1.24983,1.25009,1.37,2.21
2017.04.10 04:04:00.118,1.24984,1.25009,2.62,2.21
2017.04.10 04:04:00.220,1.24982,1.25009,2.25,2.21
2017.04.10 04:04:00.764,1.24984,1.25009,1.12,2.21
2017.04.10 04:04:01.332,1.24982,1.25009,3.00,2.21
2017.04.10 04:04:03.362,1.24982,1.25009,3.37,2.96
2017.04.10 04:04:03.907,1.24982,1.25009,3.37,2.96
2017.04.10 04:04:04.458,1.24982,1.25009,3.37,2.96
2017.04.10 04:04:05.159,1.24982,1.25009,3.37,2.96
2017.04.10 04:04:05.709,1.24982,1.25009,3.00,3.34
2017.04.10 04:04:06.870,1.24982,1.25009,2.25,3.34
2017.04.10 04:04:07.677,1.24982,1.25009,2.25,3.34
2017.04.10 04:04:07.778,1.24985,1.25008,1.87,2.21
2017.04.10 04:04:08.252,1.24983,1.25008,1.87,2.21
2017.04.10 04:04:15.361,1.24982,1.25007,2.25,2.21
2017.04.10 04:04:24.045,1.24983,1.25007,1.87,2.96
2017.04.10 04:04:24.582,1.24986,1.25007,1.87,1.46
2017.04.10 04:04:25.160,1.24985,1.25009,1.87,2.21
2017.04.10 04:04:25.666,1.24986,1.25009,1.87,2.96
2017.04.10 04:04:25.717,1.24984,1.25009,1.87,1.71
2017.04.10 04:04:25.819,1.24984,1.25008,1.87,2.21
2017.04.10 04:04:34.860,1.24982,1.25008,2.62,2.96
2017.04.10 04:04:35.243,1.24984,1.25008,1.87,2.96
2017.04.10 04:04:35.597,1.24984,1.25008,1.87,2.21
2017.04.10 04:04:35.700,1.24984,1.25008,1.87,2.21
2017.04.10 04:04:36.527,1.24984,1.25008,1.87,2.21
2017.04.10 04:04:37.108,1.24984,1.25008,1.87,2.21
2017.04.10 04:04:37.659,1.24983,1.25007,1.87,2.21
2017.04.10 04:05:05.278,1.24985,1.25008,1.87,2.96
2017.04.10 04:05:08.433,1.24986,1.25009,2.62,2.96
2017.04.10 04:05:09.043,1.24986,1.25009,1.37,1.46
2017.04.10 04:05:09.352,1.24986,1.2501,1.87,2.21
2017.04.10 04:05:09.973,1.24985,1.2501,1.87,4.46
2017.04.10 04:05:10.491,1.24985,1.25009,1.87,1.71
2017.04.10 04:05:11.841,1.24985,1.25009,1.87,2.96
2017.04.10 04:05:11.942,1.24985,1.25009,1.87,1.71
2017.04.10 04:05:12.044,1.24985,1.25009,1.87,2.96
2017.04.10 04:05:12.146,1.24985,1.25009,1.87,1.71
2017.04.10 04:05:12.602,1.24986,1.25009,1.87,1.46
2017.04.10 04:05:19.354,1.24989,1.2501,1.87,1.46
2017.04.10 04:05:19.507,1.24987,1.25012,1.87,3.71
2017.04.10 04:05:19.608,1.24987,1.25012,1.87,3.71
2017.04.10 04:05:19.710,1.24987,1.25012,1.87,3.71
2017.04.10 04:05:19.863,1.24989,1.25012,1.87,3.71
2017.04.10 04:05:20.016,1.24987,1.25012,1.87,3.71
2017.04.10 04:05:20.562,1.2499,1.25012,1.87,2.21
2017.04.10 04:05:21.059,1.2499,1.25012,1.87,2.21
2017.04.10 04:05:21.262,1.24987,1.25012,1.87,3.71
2017.04.10 04:05:21.364,1.24989,1.25011,1.87,1.46
2017.04.10 04:05:21.466,1.24987,1.25012,1.87,3.71
2017.04.10 04:05:24.046,1.24987,1.25011,1.87,1.34
2017.04.10 04:05:24.098,1.24988,1.25011,1.87,2.96
2017.04.10 04:05:24.926,1.2499,1.25011,1.87,1.46
2017.04.10 04:05:25.130,1.24987,1.25011,2.21,1.37
2017.04.10 04:05:25.231,1.2499,1.25011,1.87,1.46
2017.04.10 04:05:25.282,1.24987,1.25011,1.87,1.46
2017.04.10 04:05:25.384,1.24989,1.25011,1.87,1.09
2017.04.10 04:05:25.721,1.24989,1.25011,1.87,1.34
2017.04.10 04:05:25.772,1.2499,1.25011,1.87,1.12
2017.04.10 04:05:25.924,1.24988,1.25011,1.87,2.96
2017.04.10 04:05:26.230,1.24997,1.25019,2.21,1.50
2017.04.10 04:05:26.331,1.24997,1.25022,1.87,1.71
2017.04.10 04:05:26.543,1.24997,1.25021,1.87,2.21
2017.04.10 04:05:27.145,1.24995,1.2502,2.62,1.46
2017.04.10 04:05:27.571,1.24995,1.2502,1.37,2.96
2017.04.10 04:05:32.463,1.24995,1.2502,1.00,2.96
2017.04.10 04:05:38.233,1.24995,1.25018,1.12,1.46
2017.04.10 04:05:38.753,1.24995,1.25018,1.37,1.46
2017.04.10 04:05:39.348,1.24995,1.25018,1.12,1.46
2017.04.10 04:05:40.444,1.24995,1.25018,1.37,1.46
2017.04.10 04:05:40.869,1.24997,1.2502,1.87,1.87
2017.04.10 04:05:41.224,1.24997,1.25022,3.34,1.87
2017.04.10 04:05:41.346,1.25,1.25021,1.87,1.34
2017.04.10 04:05:41.397,1.24998,1.25021,2.25,2.96
2017.04.10 04:05:41.549,1.25,1.25021,1.87,1.12
2017.04.10 04:05:42.061,1.24999,1.25021,1.87,1.37
2017.04.10 04:05:42.164,1.24997,1.25021,2.62,1.37
2017.04.10 04:05:43.297,1.24997,1.25022,1.37,2.21
2017.04.10 04:05:43.899,1.24997,1.25022,1.00,1.46
2017.04.10 04:05:43.958,1.24997,1.25021,1.12,1.87
2017.04.10 04:05:45.867,1.24997,1.2502,1.00,2.21
2017.04.10 04:05:50.879,1.24996,1.25019,2.62,1.12
2017.04.10 04:05:52.232,1.24997,1.25019,1.00,1.12
2017.04.10 04:05:53.512,1.24996,1.25019,1.37,1.46
2017.04.10 04:05:54.078,1.24994,1.2502,3.00,2.21
2017.04.10 04:05:54.902,1.24995,1.2502,2.25,2.21
2017.04.10 04:06:07.789,1.24993,1.2502,3.71,2.21
2017.04.10 04:06:08.878,1.24995,1.25019,1.87,2.96
2017.04.10 04:06:09.899,1.24993,1.25016,1.37,1.34
2017.04.10 04:06:10.253,1.24992,1.25016,1.87,1.09
2017.04.10 04:06:10.771,1.24991,1.25016,1.87,1.50
2017.04.10 04:06:11.810,1.24991,1.25016,1.87,1.84
2017.04.10 04:06:13.418,1.24991,1.25016,1.87,1.34
2017.04.10 04:06:14.278,1.24991,1.25016,1.87,1.34
2017.04.10 04:06:14.582,1.24993,1.25017,1.87,1.46
2017.04.10 04:06:14.963,1.24993,1.25017,1.87,1.46
2017.04.10 04:06:15.521,1.24991,1.25017,2.62,1.46
2017.04.10 04:06:16.762,1.24992,1.25016,1.87,2.21
2017.04.10 04:06:28.927,1.24992,1.25015,1.87,2.21
2017.04.10 04:06:52.645,1.24994,1.25017,1.87,2.96
2017.04.10 04:06:58.892,1.24991,1.25016,2.59,2.96
2017.04.10 04:07:02.094,1.24991,1.25012,1.50,1.87
2017.04.10 04:07:02.333,1.24991,1.25014,1.00,2.21
2017.04.10 04:07:02.536,1.24998,1.25018,1.87,1.00
2017.04.10 04:07:02.689,1.24994,1.25017,2.21,1.87
2017.04.10 04:07:02.740,1.24994,1.25015,1.34,1.87
2017.04.10 04:07:02.791,1.24992,1.25017,2.21,1.87
2017.04.10 04:07:02.994,1.24994,1.2502,2.21,3.00
2017.04.10 04:07:09.371,1.24993,1.25018,2.96,1.37
2017.04.10 04:07:10.893,1.24994,1.25019,2.21,1.46
2017.04.10 04:07:11.440,1.24993,1.25019,2.96,1.87
2017.04.10 04:07:12.851,1.24993,1.2502,2.96,1.84
2017.04.10 04:07:12.952,1.24997,1.25021,1.87,2.96
2017.04.10 04:07:16.232,1.24997,1.25019,1.87,1.00
2017.04.10 04:07:16.702,1.24995,1.25019,1.09,1.37
2017.04.10 04:07:17.402,1.24997,1.25019,1.87,1.09
2017.04.10 04:07:17.503,1.24995,1.25019,1.09,1.46
2017.04.10 04:07:22.685,1.24995,1.25019,1.09,2.96
2017.04.10 04:07:23.195,1.24995,1.25019,1.09,1.87
2017.04.10 04:07:23.297,1.24995,1.2502,1.09,1.46
2017.04.10 04:07:23.348,1.24995,1.25019,1.09,1.87
2017.04.10 04:07:23.870,1.24995,1.25018,2.59,1.12
2017.04.10 04:07:25.222,1.24994,1.25018,2.62,1.37
2017.04.10 04:07:25.599,1.24994,1.25015,2.62,1.00
2017.04.10 04:07:25.752,1.24991,1.25018,1.71,2.96
2017.04.10 04:07:25.854,1.24992,1.25018,1.87,1.46
2017.04.10 04:07:25.905,1.24992,1.25018,1.87,1.46
2017.04.10 04:07:25.956,1.24994,1.25018,1.87,1.46
2017.04.10 04:07:26.260,1.24992,1.25015,1.37,1.87
2017.04.10 04:07:26.805,1.24991,1.25015,2.21,1.87
2017.04.10 04:07:27.944,1.24991,1.25015,2.21,1.87
2017.04.10 04:07:30.090,1.24992,1.25018,2.21,1.37
2017.04.10 04:07:32.093,1.24992,1.25018,1.87,1.71
2017.04.10 04:07:32.144,1.2499,1.25016,3.71,2.21
2017.04.10 04:07:32.829,1.2499,1.25017,4.46,1.71
2017.04.10 04:07:32.880,1.2499,1.25016,2.62,1.71
2017.04.10 04:07:33.185,1.24992,1.25015,1.87,1.34
2017.04.10 04:07:33.766,1.24991,1.25015,1.87,1.46
2017.04.10 04:07:34.613,1.24989,1.25015,2.21,1.71
2017.04.10 04:07:36.216,1.24989,1.25015,1.87,1.71
2017.04.10 04:07:37.759,1.24988,1.25014,1.87,1.71
2017.04.10 04:07:38.064,1.24989,1.25014,1.87,1.34
2017.04.10 04:07:38.278,1.2499,1.25014,1.87,1.46
2017.04.10 04:07:38.838,1.24992,1.25014,1.87,1.34
2017.04.10 04:07:41.034,1.2499,1.25014,1.87,1.34
2017.04.10 04:07:41.541,1.24991,1.25014,1.87,1.34
2017.04.10 04:07:42.840,1.24987,1.25014,3.37,2.96
2017.04.10 04:07:42.942,1.24991,1.25014,1.87,1.34
2017.04.10 04:07:43.443,1.2499,1.25013,1.87,1.84
2017.04.10 04:07:43.544,1.24988,1.25014,1.87,1.71
2017.04.10 04:07:43.646,1.2499,1.25014,1.87,1.34
2017.04.10 04:07:43.747,1.24987,1.25014,3.37,1.46
2017.04.10 04:07:43.849,1.24989,1.25014,1.87,2.59
2017.04.10 04:07:43.950,1.24988,1.25013,1.87,1.46
2017.04.10 04:07:44.052,1.2499,1.25013,1.87,1.34
2017.04.10 04:07:44.223,1.24988,1.25013,1.87,1.46
2017.04.10 04:07:44.324,1.2499,1.25013,1.87,1.34
2017.04.10 04:07:44.426,1.24987,1.25013,2.96,1.34
2017.04.10 04:07:44.528,1.2499,1.25013,1.87,1.34
2017.04.10 04:07:44.630,1.24988,1.25013,1.87,1.46
2017.04.10 04:07:44.732,1.2499,1.25013,1.87,1.34
2017.04.10 04:07:44.843,1.24988,1.25013,1.87,1.46
2017.04.10 04:07:45.349,1.24988,1.25013,2.21,1.46
2017.04.10 04:07:45.624,1.24988,1.25013,1.87,2.21
2017.04.10 04:07:46.310,1.24988,1.25013,1.87,1.46
2017.04.10 04:07:46.614,1.24987,1.25013,2.25,3.34
2017.04.10 04:07:47.020,1.24989,1.25013,1.87,1.34
2017.04.10 04:07:47.121,1.24987,1.25013,2.25,1.34
2017.04.10 04:07:47.223,1.24989,1.25013,1.87,1.34
2017.04.10 04:07:47.376,1.24987,1.25013,2.25,1.34
2017.04.10 04:07:47.427,1.24989,1.25013,1.87,1.34
2017.04.10 04:07:47.781,1.2499,1.25013,1.87,1.34
2017.04.10 04:07:47.832,1.24987,1.25013,2.25,1.34
2017.04.10 04:07:47.984,1.24986,1.25013,4.12,1.46
2017.04.10 04:07:48.036,1.24987,1.25013,2.25,1.34
2017.04.10 04:07:48.372,1.24989,1.25013,1.87,1.34
2017.04.10 04:07:48.423,1.24989,1.25013,1.87,1.34
2017.04.10 04:07:48.525,1.24987,1.25013,2.25,1.34
2017.04.10 04:07:51.964,1.24988,1.25012,1.87,1.84
2017.04.10 04:07:52.468,1.24987,1.25012,1.87,2.96
2017.04.10 04:07:53.192,1.24985,1.25011,2.62,1.34
2017.04.10 04:07:53.495,1.24985,1.2501,2.62,1.84
2017.04.10 04:07:55.673,1.24987,1.25012,1.87,1.84
2017.04.10 04:07:55.774,1.24991,1.25014,1.37,2.21
2017.04.10 04:07:55.826,1.24991,1.25015,2.62,1.09
2017.04.10 04:07:55.978,1.24993,1.25016,1.87,1.09
2017.04.10 04:07:56.879,1.24993,1.25016,2.21,1.00
2017.04.10 04:07:57.329,1.24992,1.25017,2.21,1.09
2017.04.10 04:07:57.431,1.24992,1.25019,2.96,1.84
2017.04.10 04:07:58.260,1.24993,1.25019,2.21,1.46
2017.04.10 04:07:59.495,1.24992,1.25019,2.21,1.09
2017.04.10 04:08:05.267,1.24994,1.2502,2.21,2.59
2017.04.10 04:08:06.446,1.24994,1.25018,2.21,1.00
2017.04.10 04:08:12.439,1.24996,1.25018,1.87,1.00
2017.04.10 04:08:13.193,1.24997,1.25018,1.87,1.00
2017.04.10 04:08:19.777,1.24997,1.2502,1.87,1.84
2017.04.10 04:08:20.081,1.25001,1.25023,1.87,1.84
2017.04.10 04:08:20.385,1.25002,1.25023,1.87,1.34
2017.04.10 04:08:20.816,1.24999,1.25022,2.21,1.00
2017.04.10 04:08:21.323,1.25,1.25022,1.87,1.00
2017.04.10 04:08:25.276,1.24997,1.25022,2.59,1.00
2017.04.10 04:08:25.794,1.24999,1.25022,1.87,1.00
2017.04.10 04:08:26.301,1.24998,1.2502,2.25,1.34
2017.04.10 04:08:26.606,1.24998,1.2502,1.87,1.34
2017.04.10 04:08:27.137,1.24995,1.2502,2.25,1.34
2017.04.10 04:08:27.188,1.24996,1.25019,1.37,2.59
2017.04.10 04:08:27.290,1.24993,1.25018,3.34,1.00
2017.04.10 04:08:27.391,1.24994,1.25021,1.09,1.34
2017.04.10 04:08:27.443,1.24996,1.25017,1.37,1.09
2017.04.10 04:08:27.598,1.24996,1.2502,1.37,1.34
2017.04.10 04:08:27.649,1.24998,1.2502,1.87,1.00
2017.04.10 04:08:27.751,1.24995,1.2502,1.87,1.00
2017.04.10 04:08:28.525,1.24996,1.25022,1.46,1.09
2017.04.10 04:08:29.712,1.24997,1.25022,1.87,1.09
2017.04.10 04:08:30.122,1.24995,1.25022,2.21,1.09
2017.04.10 04:08:30.944,1.24997,1.25022,1.87,1.09
2017.04.10 04:08:31.272,1.24996,1.25019,1.87,1.34
2017.04.10 04:08:31.323,1.24994,1.25018,3.00,1.34
2017.04.10 04:08:31.425,1.24993,1.25018,1.12,1.34
2017.04.10 04:08:31.999,1.24991,1.25018,1.46,1.34
2017.04.10 04:08:32.050,1.24991,1.25018,1.37,1.34
2017.04.10 04:08:41.252,1.24991,1.25018,3.75,1.34
2017.04.10 04:08:41.556,1.24994,1.25018,1.87,1.34
2017.04.10 04:08:42.177,1.24994,1.2502,1.87,1.84
2017.04.10 04:08:42.653,1.24996,1.2502,1.37,1.84
2017.04.10 04:08:43.199,1.24996,1.2502,1.37,1.84
2017.04.10 04:08:45.200,1.24996,1.2502,1.37,1.09
2017.04.10 04:08:50.133,1.24996,1.2502,1.37,1.09
2017.04.10 04:08:52.386,1.24996,1.2502,1.37,1.09
2017.04.10 04:08:52.690,1.24994,1.25019,1.87,1.34
2017.04.10 04:08:53.240,1.24995,1.25019,1.37,1.09
2017.04.10 04:08:59.155,1.24995,1.25022,1.37,1.34
2017.04.10 04:08:59.656,1.24995,1.25022,1.37,1.84
2017.04.10 04:09:02.059,1.24995,1.25022,2.62,1.84
2017.04.10 04:09:02.404,1.24996,1.2502,1.37,1.84
2017.04.10 04:09:03.248,1.24996,1.2502,1.37,1.84
2017.04.10 04:09:05.510,1.24996,1.2502,1.37,1.34
2017.04.10 04:09:12.398,1.24996,1.2502,1.37,1.34
2017.04.10 04:09:13.519,1.24996,1.25021,1.50,2.59
2017.04.10 04:09:18.996,1.24995,1.25021,3.75,1.84
2017.04.10 04:09:20.162,1.24995,1.25021,3.00,3.71
2017.04.10 04:09:29.344,1.24999,1.25023,1.87,1.71
2017.04.10 04:09:30.814,1.2501,1.25026,1.87,1.00
2017.04.10 04:09:30.865,1.25006,1.25027,1.87,1.09
2017.04.10 04:09:31.321,1.25006,1.2503,2.62,1.34
2017.04.10 04:09:33.992,1.2501,1.25031,1.00,1.46
2017.04.10 04:09:34.096,1.25006,1.25033,2.62,2.96
2017.04.10 04:09:34.147,1.2501,1.25031,1.00,1.34
2017.04.10 04:09:36.663,1.25006,1.25031,2.62,1.34
2017.04.10 04:09:44.132,1.25006,1.25024,1.87,1.34
2017.04.10 04:09:44.184,1.25002,1.25026,1.12,3.71
2017.04.10 04:09:44.235,1.25003,1.25027,2.25,1.84
2017.04.10 04:09:44.336,1.25003,1.25027,1.87,1.34
2017.04.10 04:09:44.438,1.25001,1.25026,2.62,2.21
2017.04.10 04:09:44.978,1.25002,1.25027,2.25,1.71
2017.04.10 04:09:45.479,1.25002,1.25025,2.25,1.00
2017.04.10 04:09:46.447,1.25005,1.25028,1.87,1.46
2017.04.10 04:09:46.997,1.25004,1.25027,1.87,1.46
2017.04.10 04:09:48.978,1.25004,1.25027,1.87,1.46
2017.04.10 04:09:49.029,1.25002,1.25027,2.25,1.71
2017.04.10 04:09:49.131,1.25001,1.25024,3.37,1.34
2017.04.10 04:09:49.779,1.25001,1.25026,3.37,1.71
2017.04.10 04:09:57.295,1.25002,1.25026,1.00,1.34
2017.04.10 04:10:00.312,1.25001,1.25026,3.37,1.34
2017.04.10 04:10:00.884,1.25001,1.25026,1.87,1.34
2017.04.10 04:10:01.651,1.25,1.25025,1.37,1.34
2017.04.10 04:10:04.962,1.24998,1.25024,2.25,1.71
2017.04.10 04:10:05.475,1.24998,1.25025,3.00,2.21
2017.04.10 04:10:05.801,1.25,1.25026,1.87,2.96
2017.04.10 04:10:06.309,1.25,1.25026,1.87,2.96
2017.04.10 04:10:08.810,1.25,1.25026,1.87,2.96
2017.04.10 04:10:08.861,1.24998,1.25026,3.00,1.71
2017.04.10 04:10:09.747,1.24999,1.25025,2.25,2.21
2017.04.10 04:10:10.220,1.24999,1.25025,2.25,3.71
2017.04.10 04:10:10.800,1.24998,1.25024,2.25,1.71
2017.04.10 04:10:15.944,1.24998,1.25024,2.25,2.96
2017.04.10 04:10:16.760,1.24997,1.25024,2.62,2.59
2017.04.10 04:10:19.789,1.24998,1.25024,2.25,2.96
2017.04.10 04:10:30.423,1.24998,1.25023,1.87,2.21
2017.04.10 04:10:30.910,1.24998,1.25024,1.87,2.96
2017.04.10 04:10:34.985,1.24998,1.25023,1.87,2.21
2017.04.10 04:10:37.293,1.25001,1.25026,2.21,1.00
2017.04.10 04:10:37.803,1.25001,1.25025,2.25,1.09
2017.04.10 04:10:43.883,1.25001,1.25024,2.25,1.00
2017.04.10 04:10:45.919,1.25002,1.25024,1.00,1.37
2017.04.10 04:10:47.436,1.25,1.25024,1.12,2.62
2017.04.10 04:10:47.546,1.25001,1.25025,2.25,1.46
2017.04.10 04:10:47.647,1.25,1.25024,1.46,1.87
2017.04.10 04:10:47.698,1.25002,1.25025,1.00,1.46
2017.04.10 04:10:47.850,1.25,1.25023,1.09,1.87
2017.04.10 04:10:48.379,1.25,1.25024,1.71,1.87
2017.04.10 04:10:51.130,1.25,1.25024,1.12,1.87
2017.04.10 04:10:54.401,1.25,1.25025,1.00,2.62
2017.04.10 04:10:58.874,1.25,1.25023,1.12,2.21
2017.04.10 04:10:59.026,1.24998,1.25024,1.12,2.21
2017.04.10 04:11:09.040,1.24996,1.25021,2.59,1.87
2017.04.10 04:11:09.142,1.24994,1.25019,1.84,1.87
2017.04.10 04:11:14.754,1.24993,1.25018,1.00,2.21
2017.04.10 04:11:15.022,1.24992,1.25016,1.00,1.87
2017.04.10 04:11:20.084,1.24989,1.25015,5.21,1.87
2017.04.10 04:11:20.620,1.24991,1.25016,1.00,2.96
2017.04.10 04:11:20.671,1.24991,1.25016,1.12,1.46
2017.04.10 04:11:25.189,1.24989,1.25015,4.46,1.00
2017.04.10 04:11:25.910,1.24989,1.25015,3.37,1.34
2017.04.10 04:11:34.478,1.2499,1.25015,1.00,1.46
2017.04.10 04:11:34.997,1.2499,1.25015,1.00,1.46
2017.04.10 04:11:36.984,1.2499,1.25015,1.00,2.96
2017.04.10 04:11:37.538,1.24989,1.25015,2.96,1.46
2017.04.10 04:11:41.525,1.24989,1.25015,2.62,1.71
2017.04.10 04:11:42.047,1.2499,1.25015,2.25,1.71
2017.04.10 04:11:42.592,1.24991,1.25015,1.87,1.46
2017.04.10 04:11:45.238,1.2499,1.25015,2.25,1.71
2017.04.10 04:11:48.032,1.2499,1.25015,2.25,1.71
2017.04.10 04:11:55.060,1.24988,1.25014,2.25,1.46
2017.04.10 04:11:55.608,1.24988,1.25013,1.50,1.87
2017.04.10 04:12:01.110,1.2499,1.25013,1.00,1.87
2017.04.10 04:12:03.536,1.2499,1.25014,1.00,1.71
2017.04.10 04:12:03.587,1.2499,1.25013,1.00,2.96
2017.04.10 04:12:03.891,1.2499,1.25012,1.00,1.71
2017.04.10 04:12:04.428,1.24991,1.25012,1.00,1.46
2017.04.10 04:12:05.161,1.24988,1.25012,1.00,1.46
2017.04.10 04:12:05.634,1.2499,1.25012,1.00,1.34
2017.04.10 04:12:05.736,1.24988,1.25011,1.00,1.09
2017.04.10 04:12:05.787,1.24988,1.25011,1.87,1.00
2017.04.10 04:12:05.889,1.24989,1.25013,2.21,1.00
2017.04.10 04:12:06.142,1.24988,1.25012,1.00,1.00
2017.04.10 04:12:06.827,1.24991,1.25012,1.00,1.46
2017.04.10 04:12:08.938,1.2499,1.25013,1.00,1.50
2017.04.10 04:12:14.990,1.2499,1.25013,1.00,1.84
2017.04.10 04:12:15.652,1.2499,1.25012,1.00,1.12
2017.04.10 04:12:17.418,1.2499,1.25014,1.34,1.87
2017.04.10 04:12:17.722,1.24991,1.25016,1.12,1.46
2017.04.10 04:12:18.025,1.2499,1.25014,1.37,1.87
2017.04.10 04:12:18.252,1.24992,1.25017,1.87,2.59
2017.04.10 04:12:18.304,1.24991,1.25016,1.87,1.46
2017.04.10 04:12:18.609,1.24996,1.25018,1.00,2.62
2017.04.10 04:12:19.153,1.24993,1.25018,2.21,2.62
2017.04.10 04:12:19.762,1.24993,1.25017,2.21,1.00
2017.04.10 04:12:20.438,1.24993,1.25017,1.87,1.00
2017.04.10 04:12:20.742,1.24996,1.25017,1.00,1.00
2017.04.10 04:12:21.311,1.24996,1.25018,1.00,2.62
2017.04.10 04:12:23.098,1.24996,1.25017,1.00,1.00
2017.04.10 04:12:23.149,1.24991,1.25017,4.09,1.00
2017.04.10 04:12:23.200,1.24995,1.25017,1.00,1.00
2017.04.10 04:12:23.302,1.24991,1.25017,4.84,1.00
2017.04.10 04:12:23.657,1.24991,1.25017,2.62,2.25
2017.04.10 04:12:24.210,1.24992,1.25016,1.87,1.37
2017.04.10 04:12:24.716,1.24991,1.25015,2.62,1.71
2017.04.10 04:12:29.285,1.24991,1.25015,2.62,1.09
2017.04.10 04:12:30.240,1.24991,1.25015,2.62,1.46
2017.04.10 04:12:35.493,1.24993,1.25016,1.87,1.12
2017.04.10 04:12:36.181,1.24991,1.25015,2.62,1.37
2017.04.10 04:12:36.692,1.24991,1.25015,2.62,1.00
2017.04.10 04:12:37.722,1.24991,1.25014,1.87,1.00
2017.04.10 04:12:38.329,1.24991,1.25015,1.87,1.00
2017.04.10 04:12:38.633,1.24993,1.25014,1.87,1.09
2017.04.10 04:12:38.953,1.24993,1.25014,1.87,1.34
2017.04.10 04:12:39.752,1.24993,1.25013,1.87,1.09
2017.04.10 04:12:40.938,1.24993,1.25013,1.87,1.34
2017.04.10 04:12:41.710,1.24993,1.25013,1.87,1.00
2017.04.10 04:12:43.060,1.24991,1.25013,1.87,1.00
2017.04.10 04:12:43.964,1.2499,1.25013,1.50,1.37
2017.04.10 04:12:45.953,1.24991,1.25011,1.12,1.09
2017.04.10 04:12:47.003,1.24988,1.25011,1.87,1.09
2017.04.10 04:12:49.678,1.24987,1.25011,1.50,1.87
2017.04.10 04:12:49.779,1.24987,1.25005,1.00,1.00
2017.04.10 04:12:50.286,1.24986,1.25009,1.00,2.02
2017.04.10 04:12:53.336,1.24986,1.25009,1.00,2.02
2017.04.10 04:12:54.591,1.24982,1.25009,2.25,2.02
2017.04.10 04:12:55.137,1.24986,1.25009,1.00,2.02
2017.04.10 04:12:55.840,1.24985,1.25009,1.00,1.69
2017.04.10 04:12:56.348,1.24986,1.25009,1.00,1.25
2017.04.10 04:13:01.511,1.24986,1.25011,1.37,2.62
2017.04.10 04:13:02.051,1.24991,1.25012,1.34,1.00
2017.04.10 04:13:02.305,1.24996,1.25019,2.62,1.12
2017.04.10 04:13:02.406,1.24996,1.25019,1.12,1.00
2017.04.10 04:13:02.659,1.24996,1.25019,1.12,1.69
2017.04.10 04:13:02.862,1.24994,1.25019,2.62,1.12
2017.04.10 04:13:02.913,1.24994,1.25019,2.62,2.62
2017.04.10 04:13:03.015,1.24994,1.25019,1.12,2.62
2017.04.10 04:13:03.117,1.24994,1.25019,1.12,1.12
2017.04.10 04:13:03.218,1.24994,1.25019,1.37,1.69
2017.04.10 04:13:03.421,1.24994,1.25019,1.37,1.12
2017.04.10 04:13:03.838,1.24994,1.25019,1.12,3.19
2017.04.10 04:13:06.037,1.24994,1.25019,1.00,3.19
2017.04.10 04:13:06.239,1.24994,1.25019,1.00,1.12
2017.04.10 04:13:06.467,1.24996,1.2502,1.00,3.19
2017.04.10 04:13:07.009,1.24995,1.2502,2.62,1.69
2017.04.10 04:13:11.303,1.24995,1.2502,1.37,1.69
2017.04.10 04:13:12.204,1.24995,1.2502,1.37,1.69
2017.04.10 04:13:22.912,1.24995,1.25019,2.62,1.87
2017.04.10 04:13:23.493,1.24996,1.2502,1.87,1.87
2017.04.10 04:13:26.960,1.24995,1.2502,2.62,1.12
2017.04.10 04:13:40.153,1.24995,1.25021,2.62,2.02
2017.04.10 04:13:42.270,1.24995,1.25021,2.62,2.83
2017.04.10 04:13:42.792,1.24995,1.25019,1.37,1.20
2017.04.10 04:13:43.330,1.24995,1.25019,1.46,1.00
2017.04.10 04:13:43.872,1.24996,1.2502,1.12,1.00
2017.04.10 04:13:53.482,1.25001,1.2502,1.00,1.12
2017.04.10 04:13:56.838,1.24995,1.2502,3.34,1.33
2017.04.10 04:13:57.576,1.24995,1.2502,3.34,1.12
2017.04.10 04:14:00.307,1.25,1.25021,1.00,1.37
2017.04.10 04:14:02.971,1.24996,1.25021,1.37,1.37
2017.04.10 04:14:05.570,1.25001,1.2502,1.00,1.12
2017.04.10 04:14:05.902,1.24995,1.25019,2.62,1.00
2017.04.10 04:14:09.562,1.24995,1.25019,1.37,1.00
2017.04.10 04:14:10.303,1.24995,1.25019,2.62,1.00
2017.04.10 04:14:10.720,1.24995,1.25021,3.37,1.12
2017.04.10 04:14:14.210,1.24995,1.25021,3.37,1.46
2017.04.10 04:14:14.942,1.24995,1.25021,3.37,1.12
2017.04.10 04:14:15.277,1.25,1.25021,1.00,1.12
2017.04.10 04:14:15.552,1.24995,1.25021,3.37,1.46
2017.04.10 04:14:16.626,1.24995,1.25021,3.37,1.46
2017.04.10 04:14:19.098,1.25001,1.25022,1.00,1.71
2017.04.10 04:14:20.697,1.24996,1.25022,1.37,1.71
2017.04.10 04:14:22.550,1.25001,1.25022,1.00,1.71
2017.04.10 04:14:36.574,1.25001,1.25023,1.00,2.96
2017.04.10 04:14:36.851,1.25001,1.25024,1.00,1.00
2017.04.10 04:14:36.902,1.25001,1.25024,2.62,1.00
2017.04.10 04:14:37.208,1.25005,1.2503,3.71,1.50
2017.04.10 04:14:37.259,1.25008,1.2503,2.62,1.12
2017.04.10 04:14:38.377,1.25011,1.25031,1.00,1.87
2017.04.10 04:14:38.674,1.25006,1.25031,3.37,3.37
2017.04.10 04:15:10.724,1.25007,1.25031,1.87,1.37
2017.04.10 04:15:23.120,1.25006,1.25031,2.21,2.62
2017.04.10 04:15:23.424,1.25005,1.25029,1.00,1.37
2017.04.10 04:15:30.482,1.25005,1.25028,1.00,1.87
2017.04.10 04:15:52.946,1.25002,1.25028,2.59,1.87
2017.04.10 04:15:53.650,1.25003,1.25028,2.21,1.87
2017.04.10 04:15:57.860,1.25001,1.25028,2.62,2.21
2017.04.10 04:16:00.613,1.25003,1.25028,1.87,2.96
2017.04.10 04:16:01.214,1.25002,1.25027,1.87,2.21
2017.04.10 04:16:15.347,1.25004,1.25027,1.87,2.96
2017.04.10 04:16:20.690,1.25001,1.25024,1.00,1.87
2017.04.10 04:16:21.204,1.25001,1.25023,1.00,1.87
2017.04.10 04:16:21.306,1.24997,1.25021,2.59,1.87
2017.04.10 04:16:21.408,1.24997,1.25023,2.59,2.25
2017.04.10 04:16:21.510,1.24997,1.25021,2.21,1.87
2017.04.10 04:16:21.815,1.24996,1.25021,1.37,1.87
2017.04.10 04:16:21.967,1.24995,1.25019,2.96,1.87
2017.04.10 04:16:22.069,1.24995,1.2502,1.46,1.87
2017.04.10 04:16:22.815,1.24996,1.2502,1.46,1.87
2017.04.10 04:16:22.916,1.24996,1.2502,2.96,1.87
2017.04.10 04:16:26.290,1.24995,1.2502,1.12,2.21
2017.04.10 04:16:26.443,1.24995,1.25018,1.12,1.87
2017.04.10 04:17:08.424,1.24996,1.25018,1.00,2.62
2017.04.10 04:17:26.518,1.24996,1.25018,1.00,1.00
2017.04.10 04:17:27.176,1.24996,1.25018,1.12,1.37
2017.04.10 04:17:27.227,1.24992,1.25016,2.25,1.87
2017.04.10 04:17:27.379,1.24991,1.25015,2.25,1.87
2017.04.10 04:17:27.532,1.24995,1.25016,1.00,1.87
2017.04.10 04:17:28.054,1.24995,1.25017,1.00,1.87
2017.04.10 04:17:50.887,1.24995,1.25016,1.00,1.87
2017.04.10 04:17:53.937,1.24996,1.25016,1.00,1.87
2017.04.10 04:17:54.506,1.24995,1.25016,1.00,1.87
2017.04.10 04:18:00.130,1.24995,1.25017,1.00,1.87
2017.04.10 04:18:03.415,1.24995,1.25016,1.00,1.87
2017.04.10 04:18:03.922,1.24996,1.25016,1.00,1.87
2017.04.10 04:18:08.054,1.24996,1.25018,1.00,2.59
2017.04.10 04:18:13.387,1.24996,1.25019,1.12,2.62
2017.04.10 04:18:13.438,1.24996,1.25019,2.62,2.62
2017.04.10 04:18:15.516,1.24996,1.25021,2.62,1.09
2017.04.10 04:18:16.127,1.24996,1.25022,2.62,2.96
2017.04.10 04:18:16.396,1.24999,1.25022,1.87,1.12
2017.04.10 04:18:16.599,1.25002,1.25026,1.87,1.00
2017.04.10 04:18:16.903,1.25001,1.25025,2.96,1.87
2017.04.10 04:18:19.587,1.25005,1.25025,1.00,1.87
2017.04.10 04:18:29.443,1.25001,1.25025,2.62,1.87
2017.04.10 04:18:29.729,1.25002,1.25026,1.87,1.00
2017.04.10 04:18:30.010,1.25002,1.25026,1.87,2.25
2017.04.10 04:18:32.713,1.25002,1.25028,1.87,3.37
2017.04.10 04:18:41.512,1.25005,1.25028,1.87,2.62
2017.04.10 04:18:44.581,1.25001,1.25027,3.71,1.87
2017.04.10 04:18:44.834,1.25005,1.25028,1.87,2.62
2017.04.10 04:18:45.425,1.25003,1.25027,1.87,1.87
2017.04.10 04:18:46.351,1.25002,1.25026,2.21,1.87
2017.04.10 04:18:52.443,1.25003,1.25027,1.87,1.87
2017.04.10 04:19:03.002,1.25001,1.25024,2.62,2.62
2017.04.10 04:19:03.053,1.25,1.25023,1.50,2.96
2017.04.10 04:19:03.105,1.25,1.2502,1.00,2.21
2017.04.10 04:19:03.308,1.24991,1.25012,1.12,1.87
2017.04.10 04:19:03.359,1.24996,1.25012,1.00,1.87
2017.04.10 04:19:03.410,1.24996,1.25014,1.00,1.87
2017.04.10 04:19:03.461,1.24996,1.25016,1.00,2.62
2017.04.10 04:19:03.512,1.24992,1.25016,1.87,2.62
2017.04.10 04:19:04.552,1.24996,1.25016,1.00,2.62
2017.04.10 04:19:07.906,1.24996,1.25018,1.00,2.62
2017.04.10 04:19:08.089,1.24996,1.25016,1.00,1.87
2017.04.10 04:19:13.682,1.24996,1.25015,1.00,1.87
2017.04.10 04:19:13.936,1.24991,1.25015,2.62,1.87
2017.04.10 04:19:14.477,1.24991,1.25016,1.37,2.96
2017.04.10 04:19:14.579,1.24991,1.25014,1.37,1.87
2017.04.10 04:19:16.316,1.24991,1.25016,1.37,2.96
2017.04.10 04:19:17.237,1.24991,1.25014,1.37,1.87
2017.04.10 04:19:18.096,1.24991,1.25014,2.62,1.37
2017.04.10 04:19:22.564,1.24991,1.25014,1.37,1.87
2017.04.10 04:19:22.742,1.24991,1.25015,1.37,1.37
2017.04.10 04:19:26.743,1.24992,1.25016,1.87,2.96
2017.04.10 04:19:26.946,1.2499,1.25015,1.37,1.71
2017.04.10 04:19:27.048,1.24997,1.25017,1.87,1.00
2017.04.10 04:19:27.099,1.24992,1.25017,2.96,1.00
2017.04.10 04:19:27.150,1.24996,1.25017,1.00,1.00
2017.04.10 04:19:27.333,1.24996,1.25019,1.12,1.12
2017.04.10 04:19:31.162,1.24995,1.25019,1.12,1.37
2017.04.10 04:19:33.625,1.24996,1.25019,1.00,1.37
2017.04.10 04:19:38.515,1.24993,1.25019,1.87,1.37
2017.04.10 04:19:42.189,1.24992,1.25015,1.50,1.37
2017.04.10 04:19:42.493,1.24986,1.25012,1.87,2.62
2017.04.10 04:19:45.874,1.24986,1.25012,1.00,2.96
2017.04.10 04:19:53.725,1.24986,1.25011,1.00,1.87
2017.04.10 04:19:54.029,1.24986,1.25009,1.00,1.87
2017.04.10 04:19:57.304,1.24985,1.25009,1.12,1.87
2017.04.10 04:20:04.150,1.24984,1.25008,1.87,1.87
2017.04.10 04:20:04.252,1.24985,1.25011,1.00,1.87
2017.04.10 04:20:04.782,1.24984,1.2501,1.37,2.25
2017.04.10 04:20:10.384,1.24984,1.2501,1.37,1.09
2017.04.10 04:20:10.739,1.24985,1.25011,1.12,1.12
2017.04.10 04:20:11.258,1.24986,1.25011,1.00,1.12
2017.04.10 04:20:11.774,1.24985,1.25011,1.12,1.12
2017.04.10 04:20:12.276,1.24984,1.25011,1.87,1.12
2017.04.10 04:20:18.751,1.24985,1.25011,1.46,2.62
2017.04.10 04:20:18.852,1.24985,1.25011,1.46,1.12
2017.04.10 04:20:19.044,1.24985,1.25011,1.87,1.12
2017.04.10 04:20:19.598,1.24986,1.25011,1.00,1.12
2017.04.10 04:20:20.266,1.24986,1.25011,1.00,1.12
2017.04.10 04:20:24.987,1.2499,1.25012,1.00,2.62
2017.04.10 04:20:25.139,1.24985,1.25012,1.12,2.96
2017.04.10 04:20:25.639,1.24991,1.25011,1.00,1.37
2017.04.10 04:20:25.690,1.24985,1.25011,1.12,2.62
2017.04.10 04:20:26.095,1.24985,1.25013,1.46,2.62
2017.04.10 04:20:26.600,1.24985,1.2501,1.46,1.87
2017.04.10 04:20:26.912,1.24991,1.2501,1.00,1.87
2017.04.10 04:20:27.418,1.24985,1.2501,1.87,1.87
2017.04.10 04:20:27.924,1.24985,1.25009,1.00,2.25
2017.04.10 04:20:32.911,1.24985,1.25007,1.00,1.87
2017.04.10 04:20:36.471,1.24986,1.25007,1.00,1.87
2017.04.10 04:20:37.164,1.24986,1.25009,1.00,2.25
2017.04.10 04:20:37.215,1.24986,1.2501,1.84,1.12
2017.04.10 04:20:37.316,1.24986,1.2501,1.37,1.37
2017.04.10 04:20:37.718,1.24986,1.25012,1.84,1.87
2017.04.10 04:20:38.022,1.24987,1.25014,1.50,1.87
2017.04.10 04:20:45.068,1.2499,1.25015,1.87,3.75
2017.04.10 04:20:54.098,1.2499,1.25013,1.87,1.87
2017.04.10 04:21:02.125,1.24991,1.25016,1.87,3.37
2017.04.10 04:21:02.456,1.24991,1.25014,1.87,1.87
2017.04.10 04:21:02.842,1.24993,1.25016,1.87,3.75
2017.04.10 04:21:03.344,1.24992,1.25016,1.87,3.75
2017.04.10 04:21:05.077,1.24993,1.25016,1.87,3.34
2017.04.10 04:21:05.474,1.2499,1.25015,1.87,2.21
2017.04.10 04:21:05.694,1.24992,1.25016,1.87,1.84
2017.04.10 04:21:08.001,1.24991,1.25014,1.87,2.62
2017.04.10 04:21:08.502,1.2499,1.25013,1.87,2.62
2017.04.10 04:21:12.145,1.24989,1.25013,1.87,1.87
2017.04.10 04:21:13.140,1.24987,1.25009,1.37,2.96
2017.04.10 04:21:13.675,1.24986,1.25008,1.87,1.09
2017.04.10 04:21:14.335,1.24986,1.25008,1.87,1.09
2017.04.10 04:21:17.458,1.24983,1.25006,1.87,1.37
2017.04.10 04:21:22.130,1.24981,1.25006,3.00,2.96
2017.04.10 04:21:22.282,1.24984,1.25005,1.87,1.00
2017.04.10 04:21:22.800,1.24984,1.25008,1.87,3.34
2017.04.10 04:21:23.336,1.24983,1.25007,1.87,1.87
2017.04.10 04:21:28.275,1.24982,1.25006,1.87,1.87
2017.04.10 04:21:33.265,1.24982,1.25006,1.87,1.46
2017.04.10 04:21:33.798,1.24981,1.25006,1.87,1.46
2017.04.10 04:21:35.774,1.24986,1.25008,1.12,2.62
2017.04.10 04:21:35.926,1.24986,1.25009,2.62,1.09
2017.04.10 04:21:36.179,1.24984,1.25011,2.62,2.96
2017.04.10 04:21:36.230,1.24987,1.25011,1.87,1.71
2017.04.10 04:21:36.281,1.24984,1.25011,1.87,2.96
2017.04.10 04:21:36.946,1.24985,1.25009,1.87,1.12
2017.04.10 04:21:42.372,1.24984,1.2501,1.87,2.62
2017.04.10 04:21:49.545,1.24985,1.25009,1.12,1.87
2017.04.10 04:21:50.322,1.24985,1.2501,1.37,2.62
2017.04.10 04:21:52.834,1.24985,1.2501,2.62,1.00
2017.04.10 04:21:52.935,1.24988,1.25013,1.87,2.25
2017.04.10 04:21:53.138,1.24985,1.25011,2.21,1.87
2017.04.10 04:21:53.240,1.24987,1.25009,1.87,1.00
2017.04.10 04:21:53.291,1.24985,1.25009,1.37,1.00
2017.04.10 04:21:53.443,1.24986,1.25009,1.00,2.62
2017.04.10 04:21:53.494,1.24986,1.25009,1.37,1.12
2017.04.10 04:21:54.020,1.24985,1.25009,1.37,1.37
2017.04.10 04:21:54.121,1.24986,1.25011,1.87,1.12
2017.04.10 04:21:54.223,1.24986,1.2501,1.09,1.87
2017.04.10 04:21:54.324,1.24986,1.25012,2.21,1.12
2017.04.10 04:21:54.375,1.24985,1.25012,3.37,2.62
2017.04.10 04:21:54.780,1.24985,1.2501,2.21,1.87
2017.04.10 04:21:54.933,1.24983,1.25009,3.34,1.87
2017.04.10 04:21:54.984,1.24986,1.25011,2.21,1.37
2017.04.10 04:21:55.290,1.24986,1.25009,1.46,1.87
2017.04.10 04:21:55.341,1.24985,1.25011,2.21,1.37
2017.04.10 04:21:55.392,1.24983,1.2501,2.59,2.62
2017.04.10 04:21:55.696,1.24986,1.25011,2.96,1.87
2017.04.10 04:21:55.869,1.24986,1.2501,1.00,1.87
2017.04.10 04:21:55.920,1.24986,1.25011,1.87,1.87
2017.04.10 04:21:56.073,1.24985,1.25011,1.46,1.87
2017.04.10 04:21:56.124,1.24987,1.25012,1.87,1.87
2017.04.10 04:21:56.437,1.24985,1.25009,1.37,1.87
2017.04.10 04:21:58.221,1.24985,1.25011,1.12,1.87
2017.04.10 04:22:00.875,1.24985,1.25011,2.62,1.87
2017.04.10 04:22:01.051,1.24985,1.25011,1.12,1.87
2017.04.10 04:22:06.263,1.24985,1.25008,1.12,1.87
2017.04.10 04:22:16.808,1.24985,1.25008,1.00,1.87
2017.04.10 04:22:18.886,1.24985,1.25009,1.50,1.87
2017.04.10 04:22:19.190,1.24986,1.25012,1.00,3.71
2017.04.10 04:22:19.710,1.24985,1.25012,1.00,3.71
2017.04.10 04:22:20.260,1.24985,1.25011,1.50,2.21
2017.04.10 04:22:21.766,1.24985,1.25012,1.50,2.21
2017.04.10 04:22:22.022,1.24985,1.2501,1.00,2.21
2017.04.10 04:22:22.350,1.24985,1.25012,1.00,3.71
2017.04.10 04:22:22.502,1.24984,1.25013,1.50,2.21
2017.04.10 04:22:22.553,1.24986,1.25011,1.00,1.87
2017.04.10 04:22:22.655,1.24986,1.25013,1.09,2.96
2017.04.10 04:22:23.190,1.24987,1.25014,1.00,4.09
2017.04.10 04:22:26.020,1.24986,1.25013,1.09,1.46
2017.04.10 04:22:32.228,1.24985,1.25013,1.84,1.37
2017.04.10 04:22:45.331,1.24986,1.25013,1.00,1.71
2017.04.10 04:22:53.834,1.24986,1.25011,1.00,1.87
2017.04.10 04:22:56.800,1.24986,1.25012,1.50,1.46
2017.04.10 04:22:59.997,1.24986,1.25011,1.37,1.09
2017.04.10 04:23:12.440,1.24987,1.25012,1.87,4.09
2017.04.10 04:23:25.030,1.24988,1.25012,1.87,3.34
2017.04.10 04:23:30.077,1.24987,1.25014,1.87,2.59
2017.04.10 04:23:30.411,1.24991,1.25014,1.00,3.71
2017.04.10 04:23:31.287,1.24987,1.25014,2.21,3.71
2017.04.10 04:23:32.448,1.24988,1.25014,1.87,3.71
2017.04.10 04:23:33.420,1.24986,1.25012,2.62,2.96
2017.04.10 04:23:33.725,1.24991,1.2501,1.00,2.21
2017.04.10 04:23:37.745,1.24986,1.2501,1.37,2.96
2017.04.10 04:23:40.246,1.24991,1.2501,1.00,2.62
2017.04.10 04:23:41.599,1.24991,1.2501,1.00,2.62
2017.04.10 04:23:41.851,1.24985,1.2501,1.00,2.62
2017.04.10 04:23:42.401,1.24991,1.2501,1.00,2.62
2017.04.10 04:23:45.350,1.24991,1.2501,1.00,1.37
2017.04.10 04:23:45.554,1.24985,1.2501,1.00,1.37
2017.04.10 04:23:46.112,1.24985,1.2501,1.00,1.46
2017.04.10 04:23:46.218,1.24991,1.25011,1.00,1.37
2017.04.10 04:23:47.600,1.24991,1.25011,1.00,1.87
2017.04.10 04:23:48.206,1.24991,1.25012,1.00,1.37
2017.04.10 04:23:49.303,1.24996,1.25014,1.00,1.37
2017.04.10 04:23:49.813,1.24991,1.25014,1.00,1.37
2017.04.10 04:23:52.361,1.24991,1.25015,1.00,1.37
2017.04.10 04:23:53.228,1.24991,1.25015,1.00,1.37
2017.04.10 04:23:54.087,1.24987,1.25012,1.00,1.46
2017.04.10 04:23:54.138,1.24986,1.25012,2.25,2.21
2017.04.10 04:23:54.190,1.24986,1.25014,3.00,1.71
2017.04.10 04:23:54.242,1.24986,1.25012,1.50,2.21
2017.04.10 04:23:54.395,1.24987,1.25014,1.12,2.96
2017.04.10 04:23:54.901,1.24987,1.25015,1.12,2.21
2017.04.10 04:23:54.951,1.24991,1.25015,1.00,2.21
2017.04.10 04:23:55.053,1.24987,1.25014,1.50,2.21
2017.04.10 04:23:55.728,1.24987,1.25014,1.84,1.37
2017.04.10 04:23:55.981,1.24988,1.25015,1.46,2.96
2017.04.10 04:23:56.032,1.2499,1.25015,1.00,2.96
2017.04.10 04:23:56.083,1.2499,1.25015,1.12,1.46
2017.04.10 04:23:56.592,1.24991,1.25016,1.00,1.37
2017.04.10 04:23:56.694,1.24987,1.25016,1.09,1.37
2017.04.10 04:23:56.897,1.24986,1.25016,3.00,2.21
2017.04.10 04:23:57.403,1.24991,1.25015,1.00,1.87
2017.04.10 04:23:57.657,1.24991,1.25016,1.00,2.21
2017.04.10 04:23:58.106,1.24991,1.25015,1.00,2.62
2017.04.10 04:23:58.157,1.24991,1.25015,1.12,1.37
2017.04.10 04:23:58.663,1.24991,1.25016,1.00,2.21
2017.04.10 04:23:58.815,1.24991,1.25016,1.00,4.46
2017.04.10 04:23:58.866,1.24991,1.25016,1.00,2.96
2017.04.10 04:23:58.917,1.24991,1.25016,1.00,4.46
2017.04.10 04:23:59.019,1.24991,1.25016,1.00,2.96
2017.04.10 04:23:59.171,1.24989,1.25016,1.00,2.21
2017.04.10 04:23:59.323,1.24988,1.25016,1.37,3.71
2017.04.10 04:23:59.829,1.24986,1.25015,2.44,2.21
2017.04.10 04:24:00.133,1.2499,1.25013,1.12,1.87
2017.04.10 04:24:00.738,1.2499,1.25014,1.00,1.87
2017.04.10 04:24:01.289,1.2499,1.25013,1.00,1.87
2017.04.10 04:24:01.797,1.24991,1.25014,1.37,1.87
2017.04.10 04:24:02.303,1.24991,1.25013,1.12,1.46
2017.04.10 04:24:02.607,1.24991,1.25011,1.00,1.87
2017.04.10 04:24:02.837,1.24991,1.25013,1.00,2.62
2017.04.10 04:24:03.343,1.24991,1.25012,1.00,2.25
2017.04.10 04:24:04.429,1.24991,1.25011,1.00,1.87
2017.04.10 04:24:04.733,1.24991,1.25013,1.00,1.87
2017.04.10 04:24:04.785,1.24991,1.25011,1.00,1.87
2017.04.10 04:24:04.987,1.24991,1.25013,1.00,1.87
2017.04.10 04:24:05.089,1.24991,1.2501,1.00,1.87
2017.04.10 04:24:05.140,1.24991,1.25013,1.00,1.87
2017.04.10 04:24:05.698,1.24991,1.25012,1.00,2.25
2017.04.10 04:24:06.340,1.24991,1.25011,1.00,1.87
2017.04.10 04:24:06.848,1.24991,1.2501,1.00,1.87
2017.04.10 04:24:07.050,1.24988,1.25012,1.87,2.25
2017.04.10 04:24:07.506,1.24986,1.2501,3.37,1.87
2017.04.10 04:24:07.832,1.2499,1.2501,1.00,1.87
2017.04.10 04:24:08.338,1.2499,1.25011,1.12,1.87
2017.04.10 04:24:08.954,1.2499,1.25012,1.12,2.25
2017.04.10 04:24:09.489,1.24991,1.25013,1.00,2.62
2017.04.10 04:24:09.540,1.24987,1.25012,1.87,2.25
2017.04.10 04:24:09.944,1.24989,1.25012,1.87,2.59
2017.04.10 04:24:10.451,1.24991,1.25011,1.00,1.87
2017.04.10 04:24:10.906,1.24991,1.25013,1.00,2.96
2017.04.10 04:24:11.311,1.24987,1.25013,2.21,2.62
2017.04.10 04:24:11.514,1.24991,1.25013,1.00,2.62
2017.04.10 04:24:11.716,1.24986,1.25012,2.96,2.25
2017.04.10 04:24:11.917,1.24988,1.25011,1.87,1.87
2017.04.10 04:24:12.221,1.2499,1.25013,1.12,2.62
2017.04.10 04:24:12.324,1.2499,1.25011,1.12,1.87
2017.04.10 04:24:12.679,1.24988,1.25012,1.87,1.09
2017.04.10 04:24:12.730,1.2499,1.25012,1.87,1.00
2017.04.10 04:24:12.833,1.24987,1.25012,1.87,2.25
2017.04.10 04:24:13.339,1.24986,1.25012,1.87,2.59
2017.04.10 04:24:13.390,1.24988,1.25012,1.87,2.25
2017.04.10 04:24:13.492,1.24986,1.25011,2.21,1.87
2017.04.10 04:24:13.662,1.24988,1.25012,1.87,2.59
2017.04.10 04:24:16.479,1.24987,1.25012,1.87,2.59
2017.04.10 04:24:16.987,1.24988,1.25012,1.87,2.59
2017.04.10 04:24:17.494,1.24988,1.25011,1.87,1.87
2017.04.10 04:24:18.000,1.24988,1.25012,1.87,2.59
2017.04.10 04:24:20.996,1.24988,1.25011,1.87,2.21
2017.04.10 04:24:21.401,1.24987,1.25013,1.87,2.59
2017.04.10 04:24:21.907,1.24988,1.25011,1.87,2.21
2017.04.10 04:24:22.292,1.24987,1.25013,1.87,3.34
2017.04.10 04:24:22.393,1.24988,1.25011,1.87,1.87
2017.04.10 04:24:22.900,1.24988,1.25012,1.87,2.21
2017.04.10 04:24:24.166,1.24987,1.25012,1.87,2.21
2017.04.10 04:24:24.671,1.24987,1.25013,1.87,3.34
2017.04.10 04:24:25.082,1.24988,1.25011,1.87,1.87
2017.04.10 04:24:25.631,1.24987,1.2501,1.87,1.87
2017.04.10 04:24:25.834,1.24987,1.25013,1.87,2.25
2017.04.10 04:24:25.936,1.24987,1.2501,1.87,1.87
2017.04.10 04:24:25.986,1.24987,1.25013,1.87,2.59
2017.04.10 04:24:26.139,1.24986,1.25011,2.96,1.87
2017.04.10 04:24:26.442,1.24988,1.25012,1.87,1.87
2017.04.10 04:24:26.957,1.24987,1.25013,1.87,2.59
2017.04.10 04:24:27.492,1.24988,1.25012,1.87,1.87
2017.04.10 04:24:27.855,1.24986,1.25011,2.96,1.87
2017.04.10 04:24:27.906,1.24988,1.25012,1.87,1.87
2017.04.10 04:24:28.210,1.24986,1.25012,1.71,1.87
2017.04.10 04:24:28.311,1.24987,1.25013,2.21,2.25
2017.04.10 04:24:30.607,1.24986,1.2501,2.62,2.21
2017.04.10 04:24:30.912,1.24988,1.25012,1.87,2.21
2017.04.10 04:24:31.218,1.24991,1.25013,1.87,1.09
2017.04.10 04:24:31.270,1.24988,1.25011,1.87,1.87
2017.04.10 04:24:31.677,1.24986,1.25011,2.62,2.21
2017.04.10 04:24:32.296,1.24986,1.25012,2.62,2.21
2017.04.10 04:24:33.745,1.24986,1.25012,2.62,2.21
2017.04.10 04:24:33.847,1.24986,1.25011,2.62,2.21
2017.04.10 04:24:33.898,1.24986,1.25011,2.62,2.21
2017.04.10 04:24:33.949,1.24986,1.2501,1.12,1.87
2017.04.10 04:24:34.000,1.24986,1.25012,2.62,2.21
2017.04.10 04:24:34.354,1.24987,1.2501,1.87,2.21
2017.04.10 04:24:34.936,1.24986,1.25011,1.37,1.87
2017.04.10 04:24:35.038,1.24985,1.25011,3.00,2.21
2017.04.10 04:24:35.342,1.24985,1.25009,1.87,1.46
2017.04.10 04:24:35.393,1.24983,1.25008,2.25,1.00
2017.04.10 04:24:35.444,1.24983,1.25008,2.25,2.25
2017.04.10 04:24:35.596,1.24981,1.25006,1.84,1.87
2017.04.10 04:24:35.647,1.24981,1.25002,1.34,1.87
2017.04.10 04:24:35.901,1.24981,1.25004,1.00,1.87
2017.04.10 04:24:36.445,1.24981,1.25003,1.00,1.87
2017.04.10 04:24:36.547,1.24981,1.25005,1.00,2.21
2017.04.10 04:24:36.746,1.24981,1.25003,1.00,1.87
2017.04.10 04:24:39.505,1.24981,1.25002,1.00,1.87
2017.04.10 04:24:40.759,1.24977,1.25002,2.62,1.87
2017.04.10 04:24:40.912,1.24977,1.25004,2.62,1.09
2017.04.10 04:24:41.541,1.24977,1.25003,1.87,1.71
2017.04.10 04:24:42.065,1.24977,1.25004,1.87,4.09
2017.04.10 04:24:42.648,1.24977,1.25002,1.87,1.46
2017.04.10 04:24:43.382,1.24977,1.25002,1.87,1.46
2017.04.10 04:24:44.044,1.24977,1.25002,1.87,1.46
2017.04.10 04:24:47.437,1.24977,1.25001,1.87,1.34
2017.04.10 04:24:49.565,1.24977,1.25001,1.87,1.09
2017.04.10 04:24:50.554,1.24977,1.25001,1.87,1.34
2017.04.10 04:24:51.164,1.24977,1.25001,1.87,1.09
2017.04.10 04:24:55.264,1.2498,1.25002,1.87,1.34
2017.04.10 04:24:55.795,1.2498,1.25002,1.87,1.34
2017.04.10 04:24:56.446,1.2498,1.25002,1.87,1.34
2017.04.10 04:25:00.700,1.2498,1.25002,1.87,1.84
2017.04.10 04:25:01.068,1.24978,1.25002,1.87,1.84
2017.04.10 04:25:01.224,1.24978,1.25002,1.87,1.84
2017.04.10 04:25:02.000,1.24978,1.25002,1.87,1.84
2017.04.10 04:25:03.241,1.24978,1.25002,1.87,1.84
2017.04.10 04:25:03.292,1.2498,1.25002,1.87,1.84
2017.04.10 04:25:03.798,1.24979,1.25002,1.87,1.34
2017.04.10 04:25:04.084,1.24977,1.25001,1.87,1.34
2017.04.10 04:25:04.441,1.24977,1.25001,1.87,1.34
2017.04.10 04:25:04.997,1.24977,1.25003,1.87,1.84
2017.04.10 04:25:05.509,1.24977,1.25002,1.87,1.84
2017.04.10 04:25:05.915,1.24979,1.25001,1.87,1.34
2017.04.10 04:25:06.436,1.24979,1.25002,1.87,1.46
2017.04.10 04:25:06.690,1.24979,1.25003,1.87,2.59
2017.04.10 04:25:06.742,1.24979,1.25003,1.87,2.59
2017.04.10 04:25:06.792,1.24979,1.25003,1.87,2.59
2017.04.10 04:25:06.843,1.24979,1.25003,1.87,2.59
2017.04.10 04:25:06.895,1.24979,1.25003,1.87,2.59
2017.04.10 04:25:07.047,1.2498,1.25003,1.87,2.21
2017.04.10 04:25:07.529,1.24979,1.25003,1.87,1.84
2017.04.10 04:25:07.681,1.24979,1.25003,1.87,1.84
2017.04.10 04:25:07.883,1.2498,1.25004,1.87,2.96
2017.04.10 04:25:08.391,1.2498,1.25004,1.87,2.21
2017.04.10 04:25:08.899,1.24979,1.25003,1.87,1.84
2017.04.10 04:25:08.950,1.24979,1.25002,1.87,1.46
2017.04.10 04:25:09.456,1.2498,1.25003,1.87,2.21
2017.04.10 04:25:10.327,1.2498,1.25003,1.87,1.34
2017.04.10 04:25:10.480,1.2498,1.25003,1.87,1.34
2017.04.10 04:25:10.787,1.2498,1.25003,1.87,1.34
2017.04.10 04:25:11.393,1.2498,1.25003,1.87,1.34
2017.04.10 04:25:11.899,1.2498,1.25004,1.87,1.46
2017.04.10 04:25:12.448,1.2498,1.25003,1.87,1.34
2017.04.10 04:25:13.023,1.2498,1.25003,1.87,1.34
2017.04.10 04:25:13.259,1.2498,1.25003,1.87,1.34
2017.04.10 04:25:14.258,1.2498,1.25003,1.87,1.34
2017.04.10 04:25:14.410,1.2498,1.25003,1.87,1.34
2017.04.10 04:25:15.282,1.2498,1.25003,1.87,1.84
2017.04.10 04:25:15.485,1.2498,1.25003,1.87,1.84
2017.04.10 04:25:15.535,1.2498,1.25003,1.87,1.34
2017.04.10 04:25:15.687,1.2498,1.25003,1.87,1.34
2017.04.10 04:25:16.169,1.2498,1.25003,1.87,1.34
2017.04.10 04:25:16.767,1.24975,1.25003,1.50,1.71
2017.04.10 04:25:18.116,1.24975,1.25003,1.50,1.71
2017.04.10 04:25:18.675,1.24975,1.25002,1.50,1.71
2017.04.10 04:25:19.280,1.24975,1.25002,1.50,1.71
2017.04.10 04:25:21.424,1.24974,1.25002,1.46,1.71
2017.04.10 04:25:21.728,1.24981,1.25004,1.00,3.71
2017.04.10 04:25:21.987,1.24976,1.25004,1.00,4.46
2017.04.10 04:25:24.094,1.24981,1.25003,1.00,1.37
2017.04.10 04:25:26.019,1.2498,1.25003,1.00,1.84
2017.04.10 04:25:26.540,1.24981,1.25004,1.00,1.46
2017.04.10 04:25:29.504,1.2498,1.25004,1.00,2.21
2017.04.10 04:25:32.578,1.2498,1.25004,1.00,2.96
2017.04.10 04:25:35.088,1.24981,1.25004,1.00,2.62
2017.04.10 04:25:35.600,1.2498,1.25004,1.00,1.12
2017.04.10 04:25:52.799,1.2498,1.25005,1.00,1.84
2017.04.10 04:26:06.207,1.2498,1.25004,1.00,2.25
2017.04.10 04:26:06.298,1.24976,1.25001,2.25,1.87
2017.04.10 04:26:13.737,1.24974,1.24997,1.37,1.87
2017.04.10 04:26:13.839,1.24972,1.24999,1.37,1.09
2017.04.10 04:26:13.890,1.24976,1.24997,1.00,1.71
2017.04.10 04:26:13.992,1.24971,1.24996,1.37,1.46
2017.04.10 04:26:14.043,1.2497,1.24997,3.37,1.71
2017.04.10 04:26:14.549,1.24971,1.24997,1.00,1.46
2017.04.10 04:26:15.253,1.24971,1.24998,1.00,1.71
2017.04.10 04:26:16.686,1.24971,1.24997,1.00,1.37
2017.04.10 04:26:16.737,1.24971,1.24997,1.00,1.46
2017.04.10 04:26:17.090,1.24971,1.24995,1.00,1.46
2017.04.10 04:26:17.620,1.2497,1.24995,1.46,1.37
2017.04.10 04:26:18.351,1.2497,1.24998,1.12,2.62
2017.04.10 04:26:18.953,1.2497,1.24997,2.21,1.37
2017.04.10 04:26:19.459,1.2497,1.24997,2.21,1.37
2017.04.10 04:26:19.966,1.24971,1.24998,1.09,1.37
2017.04.10 04:26:20.494,1.2497,1.24998,2.21,1.87
2017.04.10 04:26:20.798,1.2497,1.24999,1.46,4.12
2017.04.10 04:26:21.051,1.24969,1.24998,1.09,3.34
2017.04.10 04:26:21.355,1.24969,1.24996,1.09,1.37
2017.04.10 04:26:21.406,1.24969,1.24996,1.09,1.37
2017.04.10 04:26:21.912,1.2497,1.24997,1.12,1.46
2017.04.10 04:26:22.419,1.2497,1.24996,1.12,1.37
2017.04.10 04:26:22.807,1.2497,1.24996,1.12,1.37
2017.04.10 04:26:22.858,1.2497,1.24996,1.12,2.62
2017.04.10 04:26:23.395,1.2497,1.24996,1.12,1.37
2017.04.10 04:26:23.547,1.2497,1.24996,1.12,1.37
2017.04.10 04:26:23.598,1.2497,1.24997,1.87,2.21
2017.04.10 04:26:23.910,1.2497,1.24997,2.21,1.87
2017.04.10 04:26:23.961,1.2497,1.24997,1.87,2.21
2017.04.10 04:26:24.062,1.2497,1.24997,1.87,2.21
2017.04.10 04:26:24.113,1.2497,1.24997,1.87,1.71
2017.04.10 04:26:24.618,1.2497,1.24998,1.46,3.34
2017.04.10 04:26:25.127,1.2497,1.24997,1.87,1.37
2017.04.10 04:26:25.634,1.2497,1.24998,1.46,3.00
2017.04.10 04:26:26.438,1.2497,1.24998,1.46,3.75
2017.04.10 04:26:27.111,1.2497,1.24997,1.12,1.37
2017.04.10 04:26:27.724,1.2497,1.24997,1.12,2.62
2017.04.10 04:26:28.180,1.2497,1.24998,1.12,1.09
2017.04.10 04:26:28.717,1.2497,1.24998,1.12,2.25
2017.04.10 04:26:29.255,1.2497,1.24998,1.50,1.09
2017.04.10 04:26:29.458,1.2497,1.24997,1.84,1.87
2017.04.10 04:26:29.963,1.2497,1.24998,1.84,2.21
2017.04.10 04:26:42.733,1.2497,1.24996,1.09,1.46
2017.04.10 04:26:42.885,1.24967,1.24993,1.75,1.37
2017.04.10 04:26:42.937,1.24967,1.24992,1.00,2.96
2017.04.10 04:26:43.241,1.24966,1.2499,1.00,1.37
2017.04.10 04:26:43.378,1.24964,1.24991,1.12,2.62
2017.04.10 04:26:43.821,1.24971,1.24992,1.00,2.62
2017.04.10 04:26:43.923,1.24968,1.24992,1.00,1.87
2017.04.10 04:26:43.974,1.24968,1.24992,1.00,1.87
2017.04.10 04:26:44.335,1.24967,1.24992,1.46,2.62
2017.04.10 04:26:46.041,1.24966,1.24993,2.59,1.87
2017.04.10 04:26:52.934,1.24966,1.24992,2.25,2.62
2017.04.10 04:26:53.138,1.24965,1.24992,1.84,2.25
2017.04.10 04:26:53.710,1.24965,1.2499,1.12,1.37
2017.04.10 04:26:54.440,1.24966,1.24991,1.00,2.25
2017.04.10 04:27:04.219,1.24966,1.24992,1.09,1.12
2017.04.10 04:27:10.264,1.24964,1.24992,2.21,1.12
2017.04.10 04:27:10.467,1.24965,1.24991,1.12,1.87
2017.04.10 04:27:10.841,1.24963,1.24989,1.50,1.87
2017.04.10 04:27:13.741,1.24963,1.24989,1.50,1.87
2017.04.10 04:27:14.364,1.2496,1.24987,4.09,1.46
2017.04.10 04:27:14.415,1.2496,1.24987,3.71,1.46
2017.04.10 04:27:14.957,1.24961,1.24988,1.00,2.96
2017.04.10 04:27:15.143,1.24965,1.24986,1.00,1.37
2017.04.10 04:27:15.195,1.24965,1.24988,1.00,1.37
2017.04.10 04:27:15.296,1.24961,1.24988,1.12,1.46
2017.04.10 04:27:15.397,1.24961,1.24988,1.00,1.46
2017.04.10 04:27:15.701,1.24961,1.24987,1.00,1.37
2017.04.10 04:27:16.211,1.24961,1.24987,1.00,1.37
2017.04.10 04:27:17.302,1.2496,1.24987,3.37,1.37
2017.04.10 04:27:26.807,1.2496,1.24986,1.87,1.37
2017.04.10 04:27:30.372,1.2496,1.24986,1.87,1.37
2017.04.10 04:27:32.453,1.2496,1.24987,1.37,1.37
2017.04.10 04:27:41.035,1.24961,1.24988,2.59,1.37
2017.04.10 04:27:43.025,1.24963,1.24991,1.34,2.62
2017.04.10 04:27:44.624,1.24963,1.2499,1.50,1.50
2017.04.10 04:27:45.157,1.24963,1.2499,1.46,1.50
2017.04.10 04:27:45.688,1.24963,1.2499,1.46,1.50
2017.04.10 04:27:53.750,1.24963,1.2499,1.84,1.37
2017.04.10 04:28:00.767,1.24964,1.24991,1.00,1.87
2017.04.10 04:28:01.821,1.24964,1.24991,1.34,1.87
2017.04.10 04:28:02.331,1.24964,1.24991,1.34,1.87
2017.04.10 04:28:03.612,1.24963,1.24991,2.21,1.37
2017.04.10 04:28:03.966,1.24967,1.24994,1.34,2.62
2017.04.10 04:28:04.473,1.24966,1.24993,2.96,1.37
2017.04.10 04:28:07.002,1.24967,1.24995,1.12,2.21
2017.04.10 04:28:07.053,1.24967,1.24994,1.12,1.71
2017.04.10 04:28:07.559,1.24967,1.24996,1.12,1.71
2017.04.10 04:28:07.661,1.24966,1.24996,2.62,2.21
2017.04.10 04:28:10.074,1.24966,1.24995,2.21,1.37
2017.04.10 04:28:10.226,1.24966,1.24996,2.21,1.87
2017.04.10 04:28:10.378,1.24966,1.24994,1.37,1.71
2017.04.10 04:28:10.480,1.24966,1.24996,2.21,1.71
2017.04.10 04:28:10.531,1.24966,1.24996,2.21,2.96
2017.04.10 04:28:10.708,1.24966,1.24997,1.84,1.84
2017.04.10 04:28:11.064,1.24966,1.24996,2.59,2.96
2017.04.10 04:28:11.268,1.24966,1.24997,2.59,1.84
2017.04.10 04:28:11.369,1.24966,1.24996,3.00,2.21
2017.04.10 04:28:12.028,1.24966,1.24995,2.59,1.37
2017.04.10 04:28:13.356,1.24966,1.24995,2.59,1.46
2017.04.10 04:28:13.904,1.24966,1.24996,2.96,1.37
2017.04.10 04:28:14.006,1.24967,1.24997,2.21,1.50
2017.04.10 04:28:14.310,1.24967,1.24997,2.21,3.00
2017.04.10 04:28:14.361,1.24967,1.24997,1.09,1.84
2017.04.10 04:28:14.716,1.24966,1.24996,3.34,1.87
2017.04.10 04:28:14.767,1.24966,1.24996,2.59,1.37
2017.04.10 04:28:14.818,1.24968,1.24996,1.84,1.37
2017.04.10 04:28:14.869,1.24966,1.24997,3.71,3.34
2017.04.10 04:28:24.039,1.24967,1.24994,1.09,1.37
2017.04.10 04:28:25.029,1.24967,1.24993,1.37,1.50
2017.04.10 04:28:32.609,1.24967,1.24992,1.37,1.71
2017.04.10 04:28:32.661,1.24965,1.24992,1.84,1.37
2017.04.10 04:28:33.099,1.24967,1.24993,1.37,1.50
2017.04.10 04:28:39.819,1.24967,1.24993,1.37,1.09
2017.04.10 04:29:16.762,1.24968,1.24994,1.00,1.87
2017.04.10 04:29:26.615,1.24967,1.24994,1.71,1.87
2017.04.10 04:29:41.141,1.24967,1.24994,1.09,1.37
2017.04.10 04:29:43.670,1.24967,1.24994,1.34,1.37
2017.04.10 04:29:49.382,1.24967,1.24994,1.50,1.37
2017.04.10 04:29:49.433,1.24967,1.24994,1.50,1.37
2017.04.10 04:29:51.996,1.24967,1.24995,1.84,2.21
2017.04.10 04:29:53.633,1.24967,1.24995,1.34,1.87
2017.04.10 04:29:53.734,1.24967,1.24993,1.09,1.37
2017.04.10 04:29:53.785,1.24967,1.24993,1.09,1.37
2017.04.10 04:29:54.090,1.24968,1.24994,1.87,1.87
2017.04.10 04:29:55.617,1.24971,1.24994,1.00,1.87
2017.04.10 04:30:00.930,1.24971,1.24994,1.00,3.37
2017.04.10 04:30:01.658,1.24971,1.24993,1.00,2.62
2017.04.10 04:30:03.880,1.24966,1.24993,1.46,1.87
2017.04.10 04:30:06.705,1.24967,1.24994,1.84,1.37
2017.04.10 04:30:08.226,1.24969,1.24995,1.00,2.62
2017.04.10 04:30:11.676,1.24969,1.24993,1.00,1.87
2017.04.10 04:30:12.492,1.24968,1.24993,1.87,1.87
2017.04.10 04:30:14.637,1.24969,1.24995,1.37,1.37
2017.04.10 04:30:21.914,1.24969,1.24996,1.87,1.37
2017.04.10 04:30:21.965,1.24971,1.24997,1.46,1.37
2017.04.10 04:30:22.270,1.24973,1.25,1.09,1.87
2017.04.10 04:30:22.321,1.24973,1.25,1.09,1.37
2017.04.10 04:30:23.119,1.24973,1.25,1.09,2.62
2017.04.10 04:30:28.465,1.24974,1.25,1.09,1.37
2017.04.10 04:30:29.172,1.24976,1.25,1.00,1.37
2017.04.10 04:30:30.324,1.24974,1.24999,2.21,1.37
2017.04.10 04:30:31.035,1.24974,1.24999,1.37,1.37
2017.04.10 04:30:32.233,1.24974,1.24999,1.37,1.37
2017.04.10 04:30:38.128,1.24975,1.24997,1.37,1.37
2017.04.10 04:30:39.550,1.24975,1.25002,2.25,1.94
2017.04.10 04:30:47.607,1.24973,1.25,3.00,1.94
2017.04.10 04:30:47.709,1.24973,1.25,3.34,1.94
2017.04.10 04:30:52.109,1.24973,1.25,2.62,1.94
2017.04.10 04:31:01.487,1.24973,1.25002,2.96,2.44
2017.04.10 04:31:06.391,1.24974,1.25,1.09,1.94
2017.04.10 04:31:07.621,1.24974,1.24996,1.00,1.37
2017.04.10 04:31:07.926,1.24968,1.24995,1.84,1.94
2017.04.10 04:31:08.459,1.24968,1.24995,1.12,3.52
2017.04.10 04:31:14.033,1.24968,1.24993,1.46,1.37
2017.04.10 04:31:18.943,1.24968,1.24993,1.12,1.37
2017.04.10 04:31:24.113,1.24968,1.24996,1.46,3.19
2017.04.10 04:31:24.469,1.24968,1.24993,1.00,1.37
2017.04.10 04:31:25.106,1.24967,1.24993,2.21,1.37
2017.04.10 04:31:31.028,1.24967,1.24993,2.21,1.37
2017.04.10 04:31:31.633,1.24967,1.24993,2.21,1.37
2017.04.10 04:31:42.745,1.24967,1.24993,1.71,1.37
2017.04.10 04:31:43.422,1.24967,1.24993,1.71,1.37
2017.04.10 04:32:00.876,1.24966,1.24992,1.34,1.37
2017.04.10 04:32:04.987,1.24965,1.24992,1.46,1.50
2017.04.10 04:32:05.531,1.24965,1.24992,1.46,1.50
2017.04.10 04:32:10.483,1.24965,1.24992,1.46,1.50
2017.04.10 04:32:11.339,1.24965,1.24992,1.46,1.50
2017.04.10 04:32:13.623,1.24965,1.24992,1.84,1.50
2017.04.10 04:32:15.939,1.24965,1.24993,1.09,2.44
2017.04.10 04:32:17.678,1.24965,1.24992,1.84,1.50
2017.04.10 04:32:18.684,1.24965,1.24992,1.84,1.50
2017.04.10 04:32:19.192,1.24965,1.24992,1.09,1.50
2017.04.10 04:32:23.178,1.24965,1.24992,2.59,1.50
2017.04.10 04:32:24.972,1.24965,1.24992,2.59,1.50
2017.04.10 04:32:30.042,1.24966,1.24993,1.37,1.12
2017.04.10 04:32:30.436,1.24966,1.24993,1.46,1.46
2017.04.10 04:32:30.821,1.24966,1.24992,1.00,3.34
2017.04.10 04:32:30.873,1.24964,1.24992,1.46,1.84
2017.04.10 04:32:31.300,1.24966,1.24992,1.00,1.09
2017.04.10 04:32:35.954,1.24966,1.24991,1.00,1.57
2017.04.10 04:32:36.216,1.24965,1.24992,1.12,1.09
2017.04.10 04:32:36.520,1.24966,1.24991,1.50,1.27
2017.04.10 04:32:36.622,1.24966,1.2499,1.00,1.57
2017.04.10 04:32:39.140,1.24966,1.24992,1.00,1.09
2017.04.10 04:32:39.241,1.24965,1.24992,1.12,1.09
2017.04.10 04:32:39.343,1.24965,1.24992,1.46,1.09
2017.04.10 04:32:39.960,1.24965,1.24992,1.50,1.84
2017.04.10 04:32:40.264,1.24966,1.24991,1.00,1.87
2017.04.10 04:32:40.366,1.24966,1.24993,1.00,3.71
2017.04.10 04:32:40.633,1.24966,1.24992,1.00,1.09
2017.04.10 04:32:40.735,1.24966,1.24992,1.00,2.59
2017.04.10 04:32:40.786,1.24965,1.24993,1.87,2.21
2017.04.10 04:32:40.887,1.24965,1.24992,1.87,1.09
2017.04.10 04:32:41.040,1.24965,1.24992,2.59,1.09
2017.04.10 04:32:41.453,1.24965,1.24993,1.87,2.21
2017.04.10 04:32:41.990,1.24966,1.24993,1.00,2.21
2017.04.10 04:32:42.041,1.24966,1.24993,1.12,2.21
2017.04.10 04:32:42.142,1.24965,1.24993,2.59,3.71
2017.04.10 04:32:42.844,1.24965,1.24993,2.25,1.87
2017.04.10 04:32:43.167,1.24965,1.24993,1.50,3.71
2017.04.10 04:32:43.521,1.24965,1.24993,2.25,2.21
2017.04.10 04:32:44.026,1.24965,1.24993,2.59,3.71
2017.04.10 04:32:44.660,1.24966,1.24993,2.21,1.37
2017.04.10 04:32:44.814,1.24967,1.24993,1.37,1.37
2017.04.10 04:32:44.915,1.24971,1.24992,1.00,1.87
2017.04.10 04:32:45.134,1.24971,1.24995,1.00,1.87
2017.04.10 04:32:45.188,1.24976,1.24995,1.00,1.09
2017.04.10 04:32:45.510,1.24976,1.24995,1.00,1.37
2017.04.10 04:32:45.663,1.24971,1.24998,1.46,1.87
2017.04.10 04:32:45.764,1.24975,1.24998,1.00,3.37
2017.04.10 04:32:45.866,1.24975,1.24997,1.00,1.75
2017.04.10 04:32:46.018,1.24971,1.24997,1.09,1.75
2017.04.10 04:32:46.628,1.24971,1.24996,1.09,1.50
2017.04.10 04:32:47.891,1.24971,1.24997,1.46,1.75
2017.04.10 04:32:47.942,1.24976,1.24998,1.00,1.87
2017.04.10 04:32:49.016,1.24972,1.24999,2.59,1.87
2017.04.10 04:32:49.647,1.24972,1.24999,2.21,3.37
2017.04.10 04:32:50.084,1.24971,1.24998,2.21,1.37
2017.04.10 04:32:50.586,1.24975,1.24998,1.00,1.37
2017.04.10 04:32:51.445,1.24975,1.24995,1.00,1.37
2017.04.10 04:32:51.715,1.24971,1.24995,1.46,1.37
2017.04.10 04:32:52.299,1.24971,1.24995,1.46,1.37
2017.04.10 04:32:56.151,1.24968,1.24994,2.59,1.37
2017.04.10 04:32:56.202,1.24967,1.24994,1.84,1.46
2017.04.10 04:32:56.812,1.24967,1.24994,1.84,1.46
2017.04.10 04:32:58.802,1.24967,1.24994,1.84,1.46
2017.04.10 04:33:01.586,1.2497,1.24994,1.00,1.37
2017.04.10 04:33:03.725,1.24967,1.24994,1.50,1.37
2017.04.10 04:33:07.042,1.24966,1.24992,1.84,1.87
2017.04.10 04:33:07.850,1.24966,1.24991,1.84,1.87
2017.04.10 04:33:12.554,1.24966,1.24991,1.09,1.87
2017.04.10 04:33:13.683,1.24966,1.24992,1.09,1.37
2017.04.10 04:33:18.083,1.24967,1.24992,1.87,2.62
2017.04.10 04:33:27.657,1.24967,1.24992,1.87,1.12
2017.04.10 04:33:29.485,1.24967,1.24992,1.87,2.62
2017.04.10 04:33:31.248,1.24965,1.24988,1.50,1.87
2017.04.10 04:33:31.502,1.24963,1.24987,1.87,1.12
2017.04.10 04:33:31.604,1.24966,1.24989,1.87,2.62
2017.04.10 04:33:31.917,1.24966,1.24991,2.62,1.09
2017.04.10 04:33:32.424,1.24967,1.24992,1.87,1.37
2017.04.10 04:33:32.644,1.24966,1.24992,1.37,1.37
2017.04.10 04:33:39.066,1.24966,1.24992,1.37,2.62
2017.04.10 04:33:39.952,1.24966,1.24991,1.37,1.87
2017.04.10 04:33:50.812,1.24966,1.24989,1.37,1.37
2017.04.10 04:33:51.485,1.24966,1.24989,1.12,1.37
2017.04.10 04:33:52.254,1.24966,1.24989,1.37,1.46
2017.04.10 04:33:52.305,1.24966,1.24991,1.37,1.84
2017.04.10 04:33:52.812,1.24966,1.24991,2.62,1.84
2017.04.10 04:33:52.937,1.24966,1.2499,1.12,1.87
2017.04.10 04:33:53.279,1.24966,1.24991,1.12,1.84
2017.04.10 04:33:55.972,1.24966,1.2499,1.12,2.21
2017.04.10 04:33:57.138,1.24966,1.24991,1.37,1.50
2017.04.10 04:33:57.341,1.24966,1.24991,1.00,2.59
2017.04.10 04:33:59.011,1.2497,1.24991,1.00,3.00
2017.04.10 04:33:59.062,1.24965,1.24991,1.12,3.00
2017.04.10 04:34:06.133,1.24966,1.2499,1.12,1.00
2017.04.10 04:34:06.614,1.24965,1.2499,1.71,2.25
2017.04.10 04:34:06.715,1.24966,1.2499,2.21,1.00
2017.04.10 04:34:06.918,1.2497,1.2499,1.00,2.25
2017.04.10 04:34:07.019,1.2497,1.2499,1.00,1.00
2017.04.10 04:34:07.323,1.24971,1.2499,1.00,2.25
2017.04.10 04:34:07.839,1.2497,1.2499,1.00,1.00
2017.04.10 04:34:08.042,1.24967,1.24992,1.71,1.12
2017.04.10 04:34:08.093,1.24968,1.24992,2.21,1.12
2017.04.10 04:34:08.194,1.24971,1.24994,1.09,1.87
2017.04.10 04:34:08.476,1.24971,1.24996,1.87,3.19
2017.04.10 04:34:08.993,1.24973,1.24996,1.71,1.37
2017.04.10 04:34:10.109,1.24973,1.24996,2.62,1.00
2017.04.10 04:34:10.713,1.24976,1.24998,1.00,1.87
2017.04.10 04:34:11.081,1.24977,1.25001,1.87,1.87
2017.04.10 04:34:11.132,1.24976,1.25001,1.12,1.50
2017.04.10 04:34:11.335,1.24976,1.25001,2.62,2.62
2017.04.10 04:34:11.537,1.24977,1.25004,2.96,3.37
2017.04.10 04:34:11.740,1.24981,1.25004,1.00,2.62
2017.04.10 04:34:12.527,1.24981,1.25003,1.00,1.87
2017.04.10 04:34:12.685,1.24977,1.25003,1.87,1.46
2017.04.10 04:34:12.736,1.24976,1.25,2.25,1.12
2017.04.10 04:34:13.041,1.24972,1.24997,2.25,2.21
2017.04.10 04:34:18.360,1.24972,1.24995,1.87,1.46
2017.04.10 04:34:18.563,1.24972,1.24995,1.87,1.46
2017.04.10 04:34:18.816,1.24969,1.24994,2.25,1.00
2017.04.10 04:34:19.303,1.24969,1.24992,1.87,1.46
2017.04.10 04:34:19.354,1.24966,1.24992,1.87,1.71
2017.04.10 04:34:19.651,1.24966,1.2499,1.87,1.34
2017.04.10 04:34:21.066,1.24966,1.24991,1.87,1.46
2017.04.10 04:34:21.579,1.24965,1.24991,2.62,1.71
2017.04.10 04:34:22.725,1.24965,1.24991,1.00,1.71
2017.04.10 04:34:31.819,1.24966,1.24991,1.00,1.46
2017.04.10 04:34:32.342,1.24966,1.24993,1.12,1.71
2017.04.10 04:34:34.507,1.24966,1.24994,1.87,1.57
2017.04.10 04:34:50.175,1.24966,1.24994,1.12,3.71
2017.04.10 04:34:54.262,1.24965,1.24994,2.96,2.96
2017.04.10 04:34:54.313,1.24966,1.24993,2.96,1.37
2017.04.10 04:35:07.777,1.24967,1.24994,1.34,2.62
2017.04.10 04:35:08.082,1.24966,1.24991,1.00,3.00
2017.04.10 04:35:08.157,1.24965,1.24991,1.09,1.50
2017.04.10 04:35:08.320,1.24966,1.2499,1.00,1.37
2017.04.10 04:35:08.472,1.24966,1.2499,1.00,1.37
2017.04.10 04:35:17.789,1.24966,1.24991,1.00,1.84
2017.04.10 04:35:18.554,1.24963,1.24989,1.37,1.37
2017.04.10 04:35:18.655,1.24962,1.2499,1.12,1.71
2017.04.10 04:35:18.706,1.24961,1.24987,2.25,2.96
2017.04.10 04:35:18.808,1.2496,1.24986,1.00,2.96
2017.04.10 04:35:19.331,1.24961,1.24985,1.00,3.34
2017.04.10 04:35:20.847,1.2496,1.24982,1.00,1.37
2017.04.10 04:35:29.565,1.2496,1.24983,1.00,1.71
2017.04.10 04:35:36.930,1.24957,1.24983,1.50,1.71
2017.04.10 04:35:37.538,1.24957,1.24983,1.00,1.71
2017.04.10 04:35:39.416,1.24961,1.24983,1.00,1.71
2017.04.10 04:35:42.476,1.24961,1.24983,1.00,1.71
2017.04.10 04:35:58.353,1.24961,1.24983,1.00,1.71
2017.04.10 04:35:58.607,1.24956,1.24982,1.50,1.37
2017.04.10 04:35:59.373,1.24961,1.24982,1.00,1.37
2017.04.10 04:36:00.091,1.24961,1.24982,1.00,1.71
2017.04.10 04:36:04.136,1.24961,1.24982,1.00,1.71
2017.04.10 04:36:04.187,1.24956,1.24982,1.00,1.71
2017.04.10 04:36:05.227,1.24956,1.24982,1.46,1.37
2017.04.10 04:36:11.686,1.24961,1.24982,1.00,1.46
2017.04.10 04:36:20.974,1.24961,1.24981,1.00,1.37
2017.04.10 04:36:30.117,1.24961,1.24981,1.00,2.62
2017.04.10 04:36:30.219,1.24956,1.24981,1.09,2.62
2017.04.10 04:36:36.154,1.24956,1.24982,1.84,2.21
2017.04.10 04:36:42.601,1.24956,1.24982,1.87,1.87
2017.04.10 04:36:43.107,1.24956,1.24982,2.59,1.37
2017.04.10 04:36:43.728,1.24956,1.24982,2.59,1.46
2017.04.10 04:36:44.233,1.24961,1.24983,1.00,2.21
2017.04.10 04:36:44.283,1.24961,1.24984,1.00,1.46
2017.04.10 04:36:44.335,1.24966,1.24985,1.00,1.50
2017.04.10 04:36:44.539,1.24966,1.24988,1.00,1.00
2017.04.10 04:36:50.995,1.24963,1.24989,1.34,1.75
2017.04.10 04:36:51.505,1.24962,1.24988,1.37,1.50
2017.04.10 04:36:51.743,1.2496,1.24988,3.71,1.50
2017.04.10 04:36:52.006,1.24965,1.24989,1.00,1.75
2017.04.10 04:36:52.311,1.24966,1.24989,1.00,1.75
2017.04.10 04:37:01.343,1.24962,1.24988,1.34,3.00
2017.04.10 04:37:01.394,1.24963,1.2499,1.09,3.37
2017.04.10 04:37:01.445,1.24963,1.2499,2.21,1.87
2017.04.10 04:37:01.988,1.24965,1.24991,1.09,1.50
2017.04.10 04:37:08.607,1.24965,1.24991,1.46,3.00
2017.04.10 04:37:14.116,1.24965,1.24991,1.46,1.50
2017.04.10 04:37:19.247,1.24965,1.24992,1.46,4.12
2017.04.10 04:37:19.349,1.24965,1.24992,2.21,1.75
2017.04.10 04:37:19.450,1.24965,1.24992,2.21,1.75
2017.04.10 04:37:21.538,1.24965,1.24991,2.21,1.50
2017.04.10 04:37:22.246,1.24965,1.24991,2.21,1.50
2017.04.10 04:37:23.504,1.24965,1.24991,2.21,1.50
2017.04.10 04:37:24.875,1.24965,1.24991,2.21,1.50
2017.04.10 04:37:25.405,1.24965,1.24991,2.21,1.50
2017.04.10 04:37:30.364,1.24965,1.24991,2.21,1.50
2017.04.10 04:37:31.518,1.24965,1.24992,2.59,1.75
2017.04.10 04:37:32.469,1.24965,1.24992,2.59,1.75
2017.04.10 04:37:37.856,1.24965,1.24992,2.59,1.75
2017.04.10 04:37:40.433,1.24965,1.24992,2.59,1.75
2017.04.10 04:37:41.474,1.24965,1.24992,1.46,3.00
2017.04.10 04:37:41.728,1.24956,1.24984,1.87,1.71
2017.04.10 04:37:41.981,1.24956,1.24984,2.21,1.87
2017.04.10 04:37:42.083,1.24959,1.24984,1.00,1.37
2017.04.10 04:37:42.432,1.24961,1.24985,1.00,1.84
2017.04.10 04:37:45.276,1.24961,1.24985,1.00,1.50
2017.04.10 04:37:51.531,1.2496,1.24986,1.09,1.87
2017.04.10 04:37:56.002,1.2496,1.24986,1.34,1.87
2017.04.10 04:37:56.697,1.24958,1.24986,1.84,1.87
2017.04.10 04:37:57.407,1.24958,1.24986,1.84,1.87
2017.04.10 04:37:58.132,1.24958,1.24986,1.84,1.87
2017.04.10 04:38:01.205,1.24958,1.24986,1.84,1.87
2017.04.10 04:38:04.428,1.24961,1.24986,1.00,1.87
2017.04.10 04:38:23.946,1.24961,1.24985,1.00,1.87
2017.04.10 04:38:24.493,1.24961,1.24986,1.00,3.00
2017.04.10 04:38:28.051,1.24961,1.24984,1.00,1.87
2017.04.10 04:38:41.641,1.24959,1.24985,1.34,1.87
2017.04.10 04:38:41.692,1.24959,1.24986,1.34,1.37
2017.04.10 04:38:42.009,1.24959,1.24985,1.34,1.87
2017.04.10 04:39:02.493,1.2496,1.24986,1.34,1.37
2017.04.10 04:39:03.048,1.2496,1.24985,1.34,1.50
2017.04.10 04:39:03.310,1.2496,1.24985,1.00,3.90
2017.04.10 04:39:03.563,1.24957,1.24985,1.84,1.50
2017.04.10 04:39:03.614,1.24959,1.24985,1.34,1.50
2017.04.10 04:39:03.918,1.24959,1.24985,1.00,1.50
2017.04.10 04:39:04.161,1.24961,1.24984,1.00,2.44
2017.04.10 04:39:04.672,1.24961,1.24984,1.00,1.69
2017.04.10 04:39:13.819,1.2496,1.24985,1.84,1.31
2017.04.10 04:39:13.921,1.2496,1.24985,2.21,1.87
2017.04.10 04:39:13.972,1.24963,1.24988,1.09,1.37
2017.04.10 04:39:14.277,1.24965,1.24986,1.00,1.37
2017.04.10 04:39:14.328,1.24961,1.24986,1.50,1.46
2017.04.10 04:39:14.430,1.24961,1.24986,1.00,1.37
2017.04.10 04:39:14.987,1.24961,1.24986,1.00,1.46
2017.04.10 04:39:15.294,1.24961,1.24985,1.37,1.37
2017.04.10 04:39:15.396,1.24958,1.24983,3.37,2.25
2017.04.10 04:39:15.601,1.24959,1.24983,1.87,1.00
2017.04.10 04:39:16.331,1.24961,1.24984,1.87,1.87
2017.04.10 04:39:18.378,1.24958,1.24984,2.21,1.87
2017.04.10 04:39:18.612,1.24961,1.24984,1.00,1.87
2017.04.10 04:39:18.663,1.24958,1.24984,1.12,1.87
2017.04.10 04:39:18.966,1.24957,1.24984,1.00,1.87
2017.04.10 04:39:19.493,1.24957,1.24984,1.84,1.12
2017.04.10 04:39:25.225,1.24957,1.24984,1.84,1.87
2017.04.10 04:39:32.114,1.24957,1.24984,1.87,2.21
2017.04.10 04:39:39.166,1.24956,1.24982,4.46,1.37
2017.04.10 04:39:47.882,1.24956,1.24982,3.71,1.37
2017.04.10 04:39:47.983,1.24956,1.24982,1.50,1.46
2017.04.10 04:39:48.549,1.24955,1.2498,1.50,1.37
2017.04.10 04:39:50.683,1.24954,1.2498,1.12,1.37
2017.04.10 04:39:50.734,1.24953,1.24977,1.37,1.37
2017.04.10 04:39:50.785,1.24952,1.24977,1.12,1.37
2017.04.10 04:40:00.444,1.24955,1.24977,1.00,1.37
2017.04.10 04:40:00.995,1.24955,1.24981,1.34,1.87
2017.04.10 04:40:01.047,1.24956,1.24979,1.00,1.50
2017.04.10 04:40:01.199,1.24956,1.24981,1.00,1.12
2017.04.10 04:40:01.754,1.24956,1.24982,1.09,1.37
2017.04.10 04:40:05.763,1.24956,1.24983,1.00,2.25
2017.04.10 04:40:07.279,1.24956,1.24982,1.34,1.37
2017.04.10 04:40:07.800,1.24957,1.24982,1.09,1.37
2017.04.10 04:40:09.952,1.24957,1.24983,1.09,3.75
2017.04.10 04:40:11.262,1.24961,1.24982,1.00,1.37
2017.04.10 04:40:17.656,1.24957,1.24983,1.09,3.00
2017.04.10 04:40:25.570,1.24957,1.24983,1.34,1.50
2017.04.10 04:40:25.673,1.24957,1.24983,1.00,1.50
2017.04.10 04:40:26.428,1.24956,1.24982,2.21,1.37
2017.04.10 04:40:31.740,1.24956,1.24982,1.84,1.37
2017.04.10 04:40:31.993,1.24961,1.24983,1.00,3.00
2017.04.10 04:40:32.044,1.24961,1.24984,1.00,1.12
2017.04.10 04:40:38.317,1.24961,1.24984,1.34,1.87
2017.04.10 04:40:38.368,1.2496,1.24984,1.34,1.12
2017.04.10 04:40:38.419,1.24962,1.24986,1.34,2.62
2017.04.10 04:40:38.623,1.24961,1.24989,1.84,1.37
2017.04.10 04:40:38.812,1.24961,1.24989,1.84,1.37
2017.04.10 04:40:39.465,1.24961,1.24989,1.84,1.37
2017.04.10 04:40:39.516,1.24962,1.24989,1.09,1.87
2017.04.10 04:40:39.769,1.24963,1.24989,1.00,1.37
2017.04.10 04:40:39.871,1.24965,1.24989,1.00,1.37
2017.04.10 04:40:40.405,1.24966,1.24989,1.00,1.37
2017.04.10 04:40:41.048,1.24969,1.24992,1.37,1.12
2017.04.10 04:40:41.353,1.24972,1.24993,1.37,1.50
2017.04.10 04:40:47.435,1.24972,1.24994,1.37,1.87
2017.04.10 04:40:47.987,1.24972,1.24994,1.37,1.12
2017.04.10 04:40:51.701,1.24972,1.24993,1.37,2.25
2017.04.10 04:40:52.673,1.24972,1.24994,1.37,1.12
2017.04.10 04:40:53.437,1.24972,1.24993,1.37,2.25
2017.04.10 04:40:53.976,1.24972,1.24994,1.37,2.62
2017.04.10 04:40:55.254,1.24972,1.24994,1.37,1.12
2017.04.10 04:40:56.359,1.24974,1.24994,1.37,1.12
2017.04.10 04:41:01.231,1.24974,1.24994,1.37,1.12
2017.04.10 04:41:18.631,1.24972,1.24997,1.12,1.75
2017.04.10 04:41:18.682,1.24972,1.24997,1.00,1.75
2017.04.10 04:41:22.205,1.24971,1.24987,1.50,2.62
2017.04.10 04:41:22.432,1.24962,1.24983,1.00,1.87
2017.04.10 04:41:22.485,1.24958,1.24984,1.12,2.62
2017.04.10 04:41:22.839,1.24961,1.24983,1.00,1.12
2017.04.10 04:41:23.253,1.24958,1.24983,1.00,1.87
2017.04.10 04:41:23.304,1.24961,1.24983,1.00,1.87
2017.04.10 04:41:27.644,1.24961,1.24983,1.00,1.12
2017.04.10 04:41:29.589,1.2496,1.24983,1.00,1.12
2017.04.10 04:41:33.644,1.24961,1.24983,1.00,1.12
2017.04.10 04:41:33.746,1.2496,1.24983,1.09,1.12
2017.04.10 04:41:33.798,1.24962,1.24986,1.00,1.87
2017.04.10 04:41:34.102,1.24965,1.24987,1.00,1.87
2017.04.10 04:41:34.204,1.24962,1.24987,1.09,1.87
2017.04.10 04:41:34.675,1.24961,1.24988,1.87,1.87
2017.04.10 04:41:36.263,1.24962,1.24987,1.00,1.87
2017.04.10 04:41:37.015,1.24961,1.24987,1.00,1.87
2017.04.10 04:41:37.554,1.24962,1.24987,1.00,1.87
2017.04.10 04:41:38.542,1.24961,1.24987,1.84,2.62
2017.04.10 04:41:38.745,1.24961,1.24987,2.62,1.37
2017.04.10 04:41:39.273,1.24962,1.24988,1.12,1.37
2017.04.10 04:41:43.284,1.24965,1.24988,1.00,1.37
2017.04.10 04:41:43.411,1.24962,1.24988,1.12,1.37
2017.04.10 04:41:43.462,1.24961,1.24986,1.87,2.96
2017.04.10 04:41:43.883,1.24957,1.24981,1.00,1.87
2017.04.10 04:41:44.465,1.24956,1.24981,2.25,1.87
2017.04.10 04:41:52.886,1.24961,1.24983,1.00,1.37
2017.04.10 04:41:52.988,1.24958,1.24983,1.00,1.87
2017.04.10 04:41:53.039,1.2496,1.24986,1.00,3.00
2017.04.10 04:41:53.140,1.24966,1.24987,1.00,1.37
2017.04.10 04:41:53.445,1.24966,1.24988,1.00,1.87
2017.04.10 04:41:53.648,1.24963,1.24988,1.00,1.87
2017.04.10 04:42:00.123,1.24962,1.24987,1.46,1.87
2017.04.10 04:42:00.225,1.24962,1.24988,1.46,1.37
2017.04.10 04:42:00.739,1.24963,1.24989,1.00,2.62
2017.04.10 04:42:00.840,1.24966,1.24989,1.00,2.62
2017.04.10 04:42:02.872,1.24966,1.24988,1.00,1.87
2017.04.10 04:42:24.903,1.24961,1.24988,2.21,1.87
2017.04.10 04:42:25.448,1.24961,1.24987,1.46,1.87
2017.04.10 04:42:27.515,1.24966,1.24986,1.00,1.87
2017.04.10 04:42:27.944,1.24961,1.24986,1.84,1.87
2017.04.10 04:42:35.021,1.2496,1.24986,2.21,2.62
2017.04.10 04:42:37.523,1.2496,1.24986,2.21,1.37
2017.04.10 04:42:37.676,1.24966,1.24988,1.00,1.87
2017.04.10 04:42:38.132,1.24961,1.24987,1.34,1.87
2017.04.10 04:42:38.643,1.2496,1.24987,3.71,1.87
2017.04.10 04:42:39.170,1.24962,1.24987,1.00,1.87
2017.04.10 04:42:43.731,1.24964,1.24987,1.00,1.87
2017.04.10 04:42:43.782,1.24967,1.2499,1.46,1.37
2017.04.10 04:42:43.833,1.24971,1.24992,1.00,1.75
2017.04.10 04:42:43.883,1.24966,1.24992,1.00,3.37
2017.04.10 04:42:43.934,1.24966,1.24992,1.00,1.37
2017.04.10 04:42:44.036,1.24965,1.2499,1.50,1.37
2017.04.10 04:42:44.340,1.24966,1.2499,1.00,2.62
2017.04.10 04:42:45.251,1.24966,1.24988,1.00,1.37
2017.04.10 04:42:50.603,1.24965,1.24988,1.50,1.37
2017.04.10 04:42:51.962,1.24966,1.2499,1.00,1.37
2017.04.10 04:42:52.484,1.24965,1.2499,1.50,1.37
2017.04.10 04:42:55.452,1.24966,1.24991,1.00,1.37
2017.04.10 04:43:13.801,1.24966,1.24993,1.12,1.37
2017.04.10 04:43:14.131,1.24971,1.24993,1.00,1.37
2017.04.10 04:43:15.981,1.24966,1.24993,1.12,1.37
2017.04.10 04:43:16.135,1.2497,1.24993,1.00,1.37
2017.04.10 04:43:19.809,1.2497,1.24996,1.84,3.75
2017.04.10 04:43:20.340,1.2497,1.24996,1.00,2.62
2017.04.10 04:43:20.876,1.2497,1.24995,1.50,1.87
2017.04.10 04:43:21.389,1.2497,1.24996,1.34,1.87
2017.04.10 04:43:21.440,1.2497,1.24995,1.00,1.87
2017.04.10 04:43:22.004,1.2497,1.24995,1.50,1.87
2017.04.10 04:43:32.445,1.24971,1.24994,1.12,2.62
2017.04.10 04:43:34.417,1.24971,1.24994,1.12,1.37
2017.04.10 04:43:41.827,1.24971,1.24995,1.46,1.37
2017.04.10 04:43:43.397,1.2497,1.24995,1.00,1.37
2017.04.10 04:43:43.448,1.2497,1.24995,1.09,1.37
2017.04.10 04:43:44.099,1.2497,1.24997,1.34,1.37
2017.04.10 04:43:44.632,1.2497,1.24998,1.84,3.37
2017.04.10 04:43:46.886,1.24976,1.24998,1.50,1.37
2017.04.10 04:43:47.445,1.24975,1.25,1.00,1.37
2017.04.10 04:43:56.210,1.24975,1.24997,1.00,1.87
2017.04.10 04:43:56.261,1.24972,1.24997,1.84,1.87
2017.04.10 04:43:56.312,1.24976,1.24997,1.00,1.87
2017.04.10 04:43:56.435,1.24976,1.25,1.00,2.62
2017.04.10 04:44:00.378,1.24971,1.24997,3.00,1.37
2017.04.10 04:44:00.581,1.24971,1.24997,1.87,2.62
2017.04.10 04:44:01.899,1.24975,1.24997,1.00,1.87
2017.04.10 04:44:02.001,1.2497,1.24997,2.59,1.87
2017.04.10 04:44:02.103,1.24975,1.24999,1.00,2.62
2017.04.10 04:44:02.406,1.24975,1.24997,1.00,1.87
2017.04.10 04:44:02.559,1.24975,1.25,1.00,3.75
2017.04.10 04:44:03.063,1.24976,1.25,1.00,1.87
2017.04.10 04:44:03.738,1.24975,1.25,1.00,1.87
2017.04.10 04:44:04.357,1.24975,1.24999,1.84,1.87
2017.04.10 04:44:05.249,1.24976,1.25,1.50,1.87
2017.04.10 04:44:05.402,1.24973,1.24997,1.50,1.37
2017.04.10 04:44:05.455,1.24973,1.24997,1.00,2.62
2017.04.10 04:44:05.807,1.24971,1.24995,1.00,1.37
2017.04.10 04:44:06.939,1.2497,1.24995,1.00,1.37
2017.04.10 04:44:06.990,1.2497,1.24995,1.00,1.37
2017.04.10 04:44:07.984,1.24975,1.24998,1.09,1.87
2017.04.10 04:44:08.137,1.24976,1.24999,1.00,1.12
2017.04.10 04:44:08.643,1.24975,1.25001,2.21,2.62
2017.04.10 04:44:09.229,1.24975,1.25001,2.21,2.62
2017.04.10 04:44:09.879,1.24975,1.24999,2.21,1.87
2017.04.10 04:44:11.475,1.24975,1.24999,2.21,1.87
2017.04.10 04:44:11.997,1.24976,1.24999,1.00,1.87
2017.04.10 04:44:12.571,1.24981,1.24999,1.00,1.87
2017.04.10 04:44:12.917,1.24975,1.24999,2.21,1.87
2017.04.10 04:44:22.784,1.24975,1.24999,1.12,2.62
2017.04.10 04:44:22.835,1.24975,1.24995,1.12,1.87
2017.04.10 04:44:22.886,1.24975,1.24997,1.12,1.37
2017.04.10 04:44:22.937,1.24975,1.24996,1.12,1.87
2017.04.10 04:44:23.559,1.24971,1.24996,1.00,1.87
2017.04.10 04:44:24.117,1.2497,1.24996,1.50,1.87
2017.04.10 04:44:26.395,1.24971,1.24996,1.00,1.87
2017.04.10 04:44:27.926,1.24971,1.24995,1.00,1.87
2017.04.10 04:44:29.376,1.24971,1.24995,1.00,1.37
2017.04.10 04:44:29.893,1.2497,1.24995,1.50,1.37
2017.04.10 04:44:30.718,1.24972,1.24996,1.00,1.87
2017.04.10 04:44:31.263,1.24971,1.24994,1.87,1.87
2017.04.10 04:44:31.528,1.24971,1.24995,1.50,1.87
2017.04.10 04:44:31.956,1.24975,1.24995,1.00,1.87
2017.04.10 04:44:32.223,1.24975,1.24998,1.00,1.87
2017.04.10 04:44:34.268,1.24975,1.24996,1.00,1.87
2017.04.10 04:44:34.798,1.24975,1.24995,1.00,1.87
2017.04.10 04:44:35.060,1.2497,1.24996,1.50,2.25
2017.04.10 04:44:35.339,1.24975,1.24996,1.00,2.25
2017.04.10 04:44:35.898,1.24971,1.24996,1.00,3.00
2017.04.10 04:44:36.734,1.24975,1.24994,1.00,1.37
2017.04.10 04:44:37.040,1.2497,1.24994,1.50,1.37
2017.04.10 04:44:41.267,1.2497,1.24995,2.25,1.87
2017.04.10 04:44:52.249,1.2497,1.24993,1.00,2.62
2017.04.10 04:44:52.300,1.24967,1.24992,1.50,1.87
2017.04.10 04:44:52.452,1.24971,1.24992,1.00,1.37
2017.04.10 04:44:52.604,1.2497,1.24992,1.71,1.00
2017.04.10 04:44:52.655,1.24976,1.24994,1.00,1.00
2017.04.10 04:44:52.807,1.24977,1.25,1.00,1.37
2017.04.10 04:44:53.000,1.24975,1.24998,1.84,1.87
2017.04.10 04:44:53.506,1.24975,1.24996,1.00,2.62
2017.04.10 04:44:53.658,1.24971,1.24996,1.37,2.62
2017.04.10 04:44:54.165,1.24971,1.24996,1.71,1.87
2017.04.10 04:44:54.721,1.24972,1.24997,1.50,1.87
2017.04.10 04:44:55.541,1.24972,1.24997,1.12,1.87
2017.04.10 04:45:01.059,1.2497,1.24995,1.75,1.87
2017.04.10 04:45:01.588,1.2497,1.24995,1.75,1.37
2017.04.10 04:45:03.259,1.24969,1.24994,2.25,1.87
2017.04.10 04:45:03.361,1.24973,1.24996,1.00,1.87
2017.04.10 04:45:03.881,1.24972,1.24996,1.12,1.87
2017.04.10 04:45:04.521,1.24972,1.24997,1.12,1.87
2017.04.10 04:45:05.089,1.24973,1.24997,1.00,1.87
2017.04.10 04:45:07.169,1.24972,1.24997,1.12,1.87
2017.04.10 04:45:08.461,1.24973,1.24997,1.00,1.87
2017.04.10 04:45:09.099,1.24971,1.24997,1.50,1.87
2017.04.10 04:45:09.503,1.24971,1.24995,1.00,1.87
2017.04.10 04:45:09.820,1.2497,1.24993,1.12,1.87
2017.04.10 04:45:10.924,1.2497,1.24993,1.12,1.87
2017.04.10 04:45:12.876,1.2497,1.24993,1.12,1.87
2017.04.10 04:45:14.630,1.24968,1.24992,2.25,1.87
2017.04.10 04:45:14.731,1.24968,1.24992,1.50,1.87
2017.04.10 04:45:18.431,1.24968,1.24994,1.50,2.62
2017.04.10 04:45:19.006,1.24968,1.24991,1.00,1.87
2017.04.10 04:45:19.209,1.24968,1.24994,1.00,2.62
2017.04.10 04:45:25.128,1.24968,1.24993,1.00,2.25
2017.04.10 04:45:25.664,1.24967,1.24993,1.12,3.00
2017.04.10 04:45:33.373,1.24967,1.24992,1.09,1.87
2017.04.10 04:45:34.616,1.24967,1.24993,1.09,3.00
2017.04.10 04:45:38.172,1.24967,1.24992,1.09,1.87
2017.04.10 04:45:46.816,1.24967,1.24993,1.09,2.62
2017.04.10 04:45:47.357,1.24967,1.24993,1.09,1.37
2017.04.10 04:46:24.401,1.24968,1.24994,1.00,2.62
2017.04.10 04:46:24.729,1.24968,1.24994,1.00,1.37
2017.04.10 04:46:29.222,1.24968,1.24994,1.00,2.62
2017.04.10 04:46:41.420,1.24968,1.24994,1.00,1.37
2017.04.10 04:46:41.657,1.24969,1.24995,1.34,1.50
2017.04.10 04:46:44.226,1.24969,1.24995,1.09,1.50
2017.04.10 04:46:44.725,1.24969,1.24995,1.09,1.50
2017.04.10 04:46:45.314,1.24969,1.24995,1.00,1.50
2017.04.10 04:46:47.201,1.24968,1.24994,1.00,1.37
2017.04.10 04:46:49.865,1.24971,1.24996,1.00,1.87
2017.04.10 04:46:50.241,1.24973,1.24998,1.34,1.87
2017.04.10 04:46:50.546,1.24976,1.25002,2.62,1.50
2017.04.10 04:46:50.597,1.24978,1.25003,1.00,2.62
2017.04.10 04:46:51.110,1.24978,1.25003,1.00,2.62
2017.04.10 04:46:51.376,1.24976,1.25002,2.62,2.25
2017.04.10 04:46:51.478,1.24978,1.25002,1.00,1.87
2017.04.10 04:46:51.630,1.24978,1.25004,1.00,2.62
2017.04.10 04:46:54.947,1.24977,1.25004,1.46,1.87
2017.04.10 04:46:55.985,1.24977,1.25003,1.46,1.87
2017.04.10 04:47:02.231,1.24978,1.25003,1.00,1.87
2017.04.10 04:47:02.767,1.24978,1.25002,1.00,1.87
2017.04.10 04:47:02.818,1.24978,1.25004,1.00,2.62
2017.04.10 04:47:02.869,1.24978,1.25002,1.00,1.87
2017.04.10 04:47:03.325,1.24977,1.25003,1.87,1.37
2017.04.10 04:47:03.426,1.24977,1.25001,1.87,1.87
2017.04.10 04:47:03.549,1.24977,1.25003,1.87,1.37
2017.04.10 04:47:08.519,1.24976,1.25005,3.34,1.37
2017.04.10 04:47:08.571,1.24978,1.25006,2.21,1.87
2017.04.10 04:47:10.550,1.24979,1.25004,1.00,1.87
2017.04.10 04:47:10.854,1.24979,1.25005,1.34,1.87
2017.04.10 04:47:11.057,1.24982,1.25008,1.00,3.37
2017.04.10 04:47:11.591,1.24982,1.25008,1.00,1.87
2017.04.10 04:47:13.680,1.24982,1.25007,1.00,1.75
2017.04.10 04:47:14.225,1.24982,1.25008,1.00,1.87
2017.04.10 04:47:15.064,1.24981,1.25007,1.87,2.25
2017.04.10 04:47:15.115,1.24981,1.25007,1.12,3.00
2017.04.10 04:47:15.891,1.24981,1.25005,1.12,1.87
2017.04.10 04:47:19.010,1.2498,1.25006,1.84,2.25
2017.04.10 04:47:19.779,1.2498,1.25006,1.84,2.25
2017.04.10 04:47:20.973,1.24982,1.25006,1.00,2.25
2017.04.10 04:47:25.226,1.24982,1.25007,1.00,2.25
2017.04.10 04:47:26.938,1.2498,1.25007,1.84,2.62
2017.04.10 04:47:28.249,1.2498,1.25004,1.00,1.87
2017.04.10 04:47:28.300,1.24978,1.25004,1.12,1.87
2017.04.10 04:47:28.567,1.24978,1.25001,1.12,1.87
2017.04.10 04:47:28.618,1.24978,1.25003,1.12,1.87
2017.04.10 04:47:28.721,1.24976,1.25002,1.84,3.37
2017.04.10 04:47:32.396,1.24976,1.25001,1.00,1.87
2017.04.10 04:47:43.461,1.24975,1.25001,1.87,1.37
2017.04.10 04:47:43.513,1.24975,1.25,1.87,1.87
2017.04.10 04:47:50.027,1.24976,1.25,1.00,1.87
2017.04.10 04:47:50.129,1.24976,1.25001,1.00,1.37
2017.04.10 04:47:50.184,1.24976,1.25,1.00,1.87
2017.04.10 04:47:50.286,1.24976,1.25001,1.00,1.37
2017.04.10 04:47:51.801,1.24976,1.25001,1.00,1.87
2017.04.10 04:47:57.411,1.24975,1.25001,2.62,2.62
2017.04.10 04:48:00.103,1.24976,1.25001,1.00,1.87
2017.04.10 04:48:01.011,1.24976,1.25,1.00,1.87
2017.04.10 04:48:01.322,1.24976,1.25002,1.00,2.62
2017.04.10 04:48:01.396,1.24976,1.25,1.00,1.87
2017.04.10 04:48:01.888,1.24976,1.25002,1.00,2.62
2017.04.10 04:48:05.381,1.24975,1.25002,1.87,2.62
2017.04.10 04:48:05.994,1.24974,1.25,3.00,2.62
2017.04.10 04:48:06.045,1.24974,1.25,1.87,1.37
2017.04.10 04:48:06.096,1.24974,1.25,1.87,2.62
2017.04.10 04:48:06.198,1.24974,1.25,2.25,1.37
2017.04.10 04:48:06.299,1.24974,1.25,1.12,2.62
2017.04.10 04:48:06.603,1.24976,1.25,1.00,1.37
2017.04.10 04:48:06.906,1.24976,1.25,1.00,2.62
2017.04.10 04:48:07.008,1.24976,1.25,1.00,1.37
2017.04.10 04:48:07.417,1.24976,1.25,1.00,1.87
2017.04.10 04:48:08.025,1.24976,1.25001,1.00,1.37
2017.04.10 04:48:08.127,1.24976,1.25001,1.00,2.62
2017.04.10 04:48:08.651,1.24976,1.25001,1.00,1.46
2017.04.10 04:48:13.061,1.24976,1.25,1.00,1.87
2017.04.10 04:48:13.593,1.24976,1.25001,1.00,1.87
2017.04.10 04:48:21.361,1.24975,1.25,1.00,1.87
2017.04.10 04:48:21.463,1.24975,1.25,1.00,1.37
2017.04.10 04:48:22.259,1.24976,1.25,1.00,1.37
2017.04.10 04:48:22.825,1.24976,1.25001,1.50,1.87
2017.04.10 04:48:24.177,1.24976,1.24999,1.00,1.87
2017.04.10 04:48:24.685,1.24976,1.25,1.00,2.62
2017.04.10 04:48:29.016,1.24976,1.24999,1.00,2.62
2017.04.10 04:48:29.335,1.24976,1.24999,1.00,1.37
2017.04.10 04:48:29.841,1.24975,1.24999,1.00,1.37
2017.04.10 04:48:30.226,1.24976,1.24999,1.00,2.62
2017.04.10 04:48:30.438,1.24971,1.24999,5.59,1.87
2017.04.10 04:48:30.540,1.24976,1.24998,1.00,1.37
2017.04.10 04:48:31.065,1.24976,1.24999,1.00,3.00
2017.04.10 04:48:40.644,1.24972,1.24999,1.12,2.25
2017.04.10 04:48:42.248,1.24971,1.24998,1.37,2.62
2017.04.10 04:48:42.299,1.2497,1.24998,1.87,2.62
2017.04.10 04:48:50.510,1.2497,1.24998,1.87,1.46
2017.04.10 04:48:51.039,1.24971,1.24998,1.00,1.46
2017.04.10 04:48:51.343,1.24971,1.24997,1.00,2.96
2017.04.10 04:48:52.319,1.2497,1.24996,1.12,1.37
2017.04.10 04:48:54.437,1.2497,1.24995,1.12,1.37
2017.04.10 04:48:54.488,1.2497,1.24998,2.59,1.37
2017.04.10 04:48:54.843,1.24974,1.24999,1.00,1.87
2017.04.10 04:48:55.045,1.2497,1.24999,3.00,1.37
2017.04.10 04:48:55.096,1.2497,1.24998,3.00,1.87
2017.04.10 04:48:55.440,1.2497,1.24996,1.87,2.62
2017.04.10 04:48:56.150,1.24971,1.24996,1.00,1.87
2017.04.10 04:48:58.038,1.24971,1.24997,1.50,2.62
2017.04.10 04:49:00.227,1.2497,1.24997,1.87,1.87
2017.04.10 04:49:06.265,1.24971,1.24996,1.00,1.46
2017.04.10 04:49:21.423,1.24971,1.24996,1.34,1.87
2017.04.10 04:49:21.524,1.24971,1.24998,1.50,3.34
2017.04.10 04:49:21.685,1.24971,1.24996,1.50,1.87
2017.04.10 04:49:22.474,1.24971,1.24995,1.00,2.21
2017.04.10 04:49:23.084,1.24971,1.24994,1.00,1.46
2017.04.10 04:49:23.135,1.24971,1.24994,1.00,1.46
2017.04.10 04:49:23.186,1.24971,1.24994,1.00,1.46
2017.04.10 04:49:23.468,1.24971,1.24994,1.00,1.46
2017.04.10 04:49:23.520,1.24969,1.24995,1.12,2.62
2017.04.10 04:49:23.824,1.2497,1.24995,1.34,1.37
2017.04.10 04:49:24.077,1.2497,1.24995,1.00,1.37
2017.04.10 04:49:24.230,1.24971,1.24996,1.09,1.87
2017.04.10 04:49:24.735,1.24971,1.24996,1.00,1.37
2017.04.10 04:49:26.875,1.24971,1.24998,1.34,4.09
2017.04.10 04:49:26.926,1.2497,1.24998,1.84,4.09
2017.04.10 04:49:27.432,1.24971,1.24998,1.09,4.50
2017.04.10 04:49:27.483,1.24971,1.24998,1.34,4.50
2017.04.10 04:49:27.635,1.2497,1.24998,1.84,3.75
2017.04.10 04:49:28.170,1.24972,1.24998,1.00,4.09
2017.04.10 04:49:28.378,1.2497,1.24998,1.84,4.09
2017.04.10 04:49:28.927,1.2497,1.24998,1.84,4.09
2017.04.10 04:49:34.160,1.2497,1.24996,1.84,1.87
2017.04.10 04:49:34.499,1.24972,1.24998,1.34,3.75
2017.04.10 04:49:34.702,1.24972,1.24997,1.09,1.87
2017.04.10 04:49:35.216,1.24972,1.24996,1.09,1.87
2017.04.10 04:49:35.757,1.24972,1.24997,1.09,1.87
2017.04.10 04:49:36.277,1.2497,1.24998,1.84,3.75
2017.04.10 04:49:36.884,1.2497,1.24997,1.84,1.87
2017.04.10 04:49:38.282,1.24972,1.24997,1.09,1.87
2017.04.10 04:49:39.539,1.24972,1.24997,1.34,1.87
2017.04.10 04:49:40.307,1.24972,1.24997,1.09,1.87
2017.04.10 04:49:40.845,1.24972,1.24996,1.34,1.87
2017.04.10 04:49:40.896,1.24972,1.24998,1.34,3.75
2017.04.10 04:49:42.320,1.24972,1.24998,1.09,3.75
2017.04.10 04:49:43.240,1.24972,1.24998,1.34,3.75
2017.04.10 04:49:43.291,1.24972,1.24998,1.09,3.75
2017.04.10 04:49:45.168,1.24972,1.24998,1.09,2.25
2017.04.10 04:49:45.899,1.24972,1.24998,1.09,3.75
2017.04.10 04:49:46.404,1.24972,1.24998,1.09,2.25
2017.04.10 04:49:46.948,1.24972,1.24998,1.09,3.75
2017.04.10 04:49:47.453,1.24972,1.24998,1.34,3.75
2017.04.10 04:49:47.984,1.24972,1.24998,1.34,2.25
2017.04.10 04:49:48.523,1.24972,1.24998,1.34,3.75
2017.04.10 04:49:49.351,1.24972,1.24998,1.34,2.25
2017.04.10 04:49:49.913,1.24972,1.24998,1.34,3.75
2017.04.10 04:49:52.146,1.24972,1.24998,1.09,3.75
2017.04.10 04:49:52.651,1.24972,1.24998,1.34,3.75
2017.04.10 04:49:55.127,1.24972,1.24998,1.34,2.25
2017.04.10 04:49:55.654,1.24972,1.24998,1.34,3.75
2017.04.10 04:49:56.160,1.24972,1.24998,1.34,2.25
2017.04.10 04:49:56.727,1.24972,1.24998,1.34,3.75
2017.04.10 04:49:57.555,1.24972,1.24998,1.34,2.25
2017.04.10 04:49:58.058,1.24972,1.24998,1.34,3.75
2017.04.10 04:49:59.083,1.24972,1.24997,1.34,1.87
2017.04.10 04:49:59.681,1.24972,1.24998,1.34,3.75
2017.04.10 04:50:00.200,1.24972,1.24998,1.34,2.25
2017.04.10 04:50:00.804,1.24972,1.24998,1.34,3.75
2017.04.10 04:50:01.355,1.24972,1.24997,1.34,1.87
2017.04.10 04:50:02.266,1.24972,1.24997,1.09,1.87
2017.04.10 04:50:03.386,1.24972,1.24998,1.09,2.25
2017.04.10 04:50:03.496,1.24972,1.24997,1.09,1.87
2017.04.10 04:50:04.059,1.24972,1.24998,1.09,3.75
2017.04.10 04:50:04.752,1.24972,1.24998,1.34,3.75
2017.04.10 04:50:05.262,1.24972,1.24998,1.09,2.25
2017.04.10 04:50:05.784,1.24972,1.24998,1.34,3.75
2017.04.10 04:50:06.354,1.24972,1.24998,1.09,3.75
2017.04.10 04:50:08.159,1.24972,1.24998,1.34,3.75
2017.04.10 04:50:08.667,1.24972,1.24998,1.09,3.75
2017.04.10 04:50:09.213,1.24972,1.24998,1.09,2.25
2017.04.10 04:50:09.769,1.24972,1.24997,1.09,1.87
2017.04.10 04:50:10.193,1.24972,1.24998,1.09,2.25
2017.04.10 04:50:10.716,1.24972,1.24998,1.34,2.25
2017.04.10 04:50:11.218,1.24972,1.24998,1.34,3.75
2017.04.10 04:50:11.726,1.24972,1.24998,1.34,2.25
2017.04.10 04:50:12.365,1.24972,1.24998,1.34,3.75
2017.04.10 04:50:12.871,1.24972,1.24998,1.34,1.87
2017.04.10 04:50:13.701,1.24972,1.24998,1.34,3.37
2017.04.10 04:50:14.268,1.24972,1.24998,1.34,1.87
2017.04.10 04:50:14.774,1.24972,1.24998,1.34,3.37
2017.04.10 04:50:15.415,1.24972,1.24998,1.34,1.87
2017.04.10 04:50:15.921,1.24972,1.24998,1.34,3.37
2017.04.10 04:50:16.667,1.24972,1.24998,1.34,1.87
2017.04.10 04:50:17.225,1.24972,1.24998,1.34,3.37
2017.04.10 04:50:18.004,1.24972,1.24998,1.34,1.87
2017.04.10 04:50:18.519,1.24972,1.24998,1.34,3.37
2017.04.10 04:50:19.115,1.24972,1.24998,1.34,1.87
2017.04.10 04:50:19.622,1.24972,1.24998,1.34,3.37
2017.04.10 04:50:20.129,1.24972,1.24998,1.34,1.87
2017.04.10 04:50:20.669,1.24972,1.24998,1.34,3.37
2017.04.10 04:50:21.276,1.24972,1.24998,1.34,1.87
2017.04.10 04:50:21.782,1.24972,1.24998,1.34,2.62
2017.04.10 04:50:22.321,1.24972,1.24998,1.34,1.37
2017.04.10 04:50:22.871,1.24972,1.24998,1.34,2.62
2017.04.10 04:50:23.380,1.24972,1.24998,1.34,1.37
2017.04.10 04:50:23.431,1.24972,1.24997,1.34,1.87
2017.04.10 04:50:23.482,1.24972,1.24998,1.34,1.37
2017.04.10 04:50:23.937,1.24972,1.24997,1.09,1.87
2017.04.10 04:50:24.479,1.24972,1.24998,1.09,2.96
2017.04.10 04:50:24.985,1.24972,1.24998,1.00,1.37
2017.04.10 04:50:25.364,1.24972,1.24997,1.34,1.87
2017.04.10 04:50:25.870,1.24972,1.24998,1.00,2.62
2017.04.10 04:50:26.477,1.24972,1.24998,1.34,2.62
2017.04.10 04:50:27.019,1.24972,1.24997,1.34,1.87
2017.04.10 04:50:27.260,1.24972,1.24998,1.34,1.37
2017.04.10 04:50:27.771,1.24972,1.24998,1.09,2.62
2017.04.10 04:50:28.320,1.24972,1.24998,1.09,1.37
2017.04.10 04:50:28.977,1.24972,1.24998,1.09,2.62
2017.04.10 04:50:29.483,1.24972,1.24998,1.09,1.37
2017.04.10 04:50:30.023,1.24972,1.24998,1.00,2.62
2017.04.10 04:50:30.675,1.24972,1.24998,1.00,1.37
2017.04.10 04:50:31.217,1.24972,1.24998,1.00,2.62
2017.04.10 04:50:31.880,1.24972,1.24998,1.09,1.46
2017.04.10 04:50:32.415,1.24972,1.24998,1.09,2.96
2017.04.10 04:50:32.724,1.24971,1.24998,1.34,1.84
2017.04.10 04:50:32.775,1.24971,1.24998,1.09,3.00
2017.04.10 04:50:33.079,1.24971,1.24998,1.34,1.75
2017.04.10 04:50:33.617,1.2497,1.24998,1.84,3.00
2017.04.10 04:50:34.280,1.2497,1.24998,1.34,1.75
2017.04.10 04:50:34.785,1.2497,1.24998,1.34,3.00
2017.04.10 04:50:35.666,1.2497,1.24998,1.34,1.75
2017.04.10 04:50:36.180,1.2497,1.24998,1.34,3.00
2017.04.10 04:50:36.889,1.24972,1.24998,1.34,1.75
2017.04.10 04:50:37.428,1.24972,1.24998,1.34,1.75
2017.04.10 04:50:37.934,1.24972,1.24998,1.34,3.00
2017.04.10 04:50:38.339,1.24972,1.24998,1.00,1.84
2017.04.10 04:50:38.885,1.24972,1.24997,1.09,1.09
2017.04.10 04:50:39.488,1.24972,1.24997,1.00,2.25
2017.04.10 04:50:40.095,1.24971,1.24997,1.50,3.34
2017.04.10 04:50:40.634,1.24972,1.24997,1.00,1.09
2017.04.10 04:50:41.297,1.24972,1.24998,1.09,1.84
2017.04.10 04:50:41.833,1.24972,1.24998,1.09,3.34
2017.04.10 04:50:42.480,1.24972,1.24998,1.09,1.84
2017.04.10 04:50:43.189,1.24972,1.24998,1.09,3.34
2017.04.10 04:50:43.696,1.24972,1.24998,1.09,1.84
2017.04.10 04:50:44.585,1.24972,1.24998,1.09,3.34
2017.04.10 04:50:45.091,1.24972,1.24998,1.09,1.84
2017.04.10 04:50:45.618,1.24972,1.24998,1.09,3.34
2017.04.10 04:50:46.186,1.24972,1.24998,1.09,1.84
2017.04.10 04:50:46.793,1.24972,1.24998,1.09,3.34
2017.04.10 04:50:47.686,1.24972,1.24998,1.09,1.84
2017.04.10 04:50:48.386,1.24972,1.24998,1.09,3.34
2017.04.10 04:50:49.093,1.24972,1.24998,1.09,1.84
2017.04.10 04:50:49.700,1.24972,1.24998,1.09,3.34
2017.04.10 04:50:50.386,1.24972,1.24998,1.09,1.84
2017.04.10 04:50:50.892,1.24972,1.24998,1.09,3.34
2017.04.10 04:50:51.586,1.24972,1.24998,1.09,1.84
2017.04.10 04:50:52.394,1.24972,1.24998,1.09,3.34
2017.04.10 04:50:53.005,1.24972,1.24998,1.09,1.84
2017.04.10 04:50:53.894,1.24971,1.24998,1.34,3.34
2017.04.10 04:50:54.436,1.24971,1.24998,1.34,1.84
2017.04.10 04:50:54.993,1.24971,1.24998,1.34,3.34
2017.04.10 04:50:55.600,1.24971,1.24998,1.34,1.84
2017.04.10 04:50:56.139,1.24971,1.24998,1.34,3.34
2017.04.10 04:50:56.799,1.24971,1.24998,1.34,1.84
2017.04.10 04:50:57.408,1.24971,1.24998,1.34,3.34
2017.04.10 04:50:58.291,1.24971,1.24998,1.34,1.84
2017.04.10 04:50:58.799,1.24971,1.24998,1.34,3.34
2017.04.10 04:50:59.305,1.24971,1.24998,1.34,1.84
2017.04.10 04:50:59.842,1.24971,1.24998,1.34,3.34
2017.04.10 04:51:00.399,1.24971,1.24998,1.34,1.84
2017.04.10 04:51:00.950,1.24971,1.24998,1.34,3.34
2017.04.10 04:51:01.559,1.24971,1.24998,1.34,1.84
2017.04.10 04:51:02.065,1.24971,1.24998,1.46,3.34
2017.04.10 04:51:03.297,1.24971,1.24998,1.46,1.84
2017.04.10 04:51:03.903,1.24971,1.24998,1.46,3.34
2017.04.10 04:51:04.452,1.24971,1.24998,1.46,1.84
2017.04.10 04:51:05.007,1.24971,1.24998,1.46,3.34
2017.04.10 04:51:05.544,1.24971,1.24998,1.46,1.84
2017.04.10 04:51:06.050,1.24971,1.24998,1.46,3.34
2017.04.10 04:51:06.556,1.24971,1.24998,1.46,3.34
2017.04.10 04:51:07.202,1.24971,1.24998,1.46,1.84
2017.04.10 04:51:07.809,1.24971,1.24998,1.46,3.00
2017.04.10 04:51:08.347,1.24971,1.24998,1.46,1.50
2017.04.10 04:51:08.903,1.24971,1.24998,1.46,3.00
2017.04.10 04:51:09.445,1.24971,1.24998,1.46,1.50
2017.04.10 04:51:09.947,1.24971,1.24998,1.46,3.34
2017.04.10 04:51:10.454,1.24971,1.24998,1.46,3.34
2017.04.10 04:51:10.999,1.24971,1.24998,1.46,1.84
2017.04.10 04:51:11.505,1.24971,1.24998,1.46,3.34
2017.04.10 04:51:11.860,1.24977,1.24998,1.84,2.25
2017.04.10 04:51:11.911,1.24979,1.25,2.59,1.37
2017.04.10 04:51:12.053,1.24979,1.25,2.59,1.00
2017.04.10 04:51:12.157,1.24981,1.25005,1.09,1.87
2017.04.10 04:51:12.208,1.24981,1.25006,1.34,3.00
2017.04.10 04:51:12.739,1.24982,1.25005,1.34,1.87
2017.04.10 04:51:14.630,1.24982,1.25005,1.34,1.87
2017.04.10 04:51:15.176,1.24981,1.25005,1.34,1.87
2017.04.10 04:51:18.758,1.24981,1.25005,1.34,1.87
2017.04.10 04:51:20.327,1.2498,1.25005,1.84,1.87
2017.04.10 04:51:23.249,1.24981,1.25005,1.34,1.87
2017.04.10 04:51:28.323,1.24981,1.25005,1.09,1.87
2017.04.10 04:51:28.840,1.24981,1.25005,1.84,1.87
2017.04.10 04:51:29.377,1.24981,1.25005,1.84,1.87
2017.04.10 04:51:31.281,1.24981,1.25007,1.84,3.37
2017.04.10 04:51:31.690,1.24981,1.25007,1.84,3.37
2017.04.10 04:51:32.671,1.24981,1.25007,1.84,2.62
2017.04.10 04:51:32.722,1.24981,1.25005,1.84,1.87
2017.04.10 04:51:33.948,1.24981,1.25005,1.50,1.87
2017.04.10 04:51:34.477,1.24979,1.25005,1.34,3.19
2017.04.10 04:51:37.263,1.24979,1.25004,1.34,1.87
2017.04.10 04:51:38.163,1.2498,1.25004,1.34,1.87
2017.04.10 04:51:38.711,1.2498,1.25005,1.34,1.87
2017.04.10 04:51:40.137,1.2498,1.25005,1.84,1.87
2017.04.10 04:51:40.364,1.2498,1.25006,1.84,1.37
2017.04.10 04:51:40.567,1.24985,1.25008,1.00,4.12
2017.04.10 04:51:40.719,1.2498,1.25008,1.84,4.12
2017.04.10 04:51:42.885,1.2498,1.25008,1.84,4.12
2017.04.10 04:51:43.118,1.2498,1.25008,1.84,4.12
2017.04.10 04:51:43.927,1.2498,1.25006,1.84,1.87
2017.04.10 04:51:44.675,1.2498,1.25006,1.34,1.87
2017.04.10 04:51:51.117,1.2498,1.25006,1.09,1.87
2017.04.10 04:51:51.219,1.24981,1.25007,1.00,1.37
2017.04.10 04:51:51.863,1.24981,1.25007,1.34,1.50
2017.04.10 04:51:56.594,1.2498,1.25005,1.09,1.37
2017.04.10 04:51:57.112,1.24981,1.25006,1.00,1.87
2017.04.10 04:51:57.658,1.24981,1.25007,1.00,3.00
2017.04.10 04:51:58.993,1.24981,1.25007,1.34,3.00
2017.04.10 04:52:05.270,1.24981,1.25007,1.84,3.00
2017.04.10 04:52:05.371,1.24981,1.25007,1.84,3.34
2017.04.10 04:52:13.957,1.24981,1.25005,1.00,1.37
2017.04.10 04:52:26.120,1.24981,1.25005,1.00,1.87
2017.04.10 04:52:26.773,1.2498,1.25006,1.50,2.62
2017.04.10 04:52:33.170,1.2498,1.25006,1.84,1.46
2017.04.10 04:52:33.706,1.24981,1.25007,1.09,1.46
2017.04.10 04:52:34.210,1.24981,1.25007,1.09,2.96
2017.04.10 04:52:52.004,1.2498,1.25006,1.34,2.62
2017.04.10 04:52:52.511,1.2498,1.25005,1.34,2.62
2017.04.10 04:52:53.112,1.2498,1.25005,1.00,2.96
2017.04.10 04:52:54.862,1.2498,1.25004,1.00,1.87
2017.04.10 04:52:55.298,1.24977,1.25002,1.84,1.87
2017.04.10 04:52:55.871,1.24975,1.25002,1.00,2.21
2017.04.10 04:52:56.398,1.24974,1.25002,1.09,2.96
2017.04.10 04:52:56.551,1.24975,1.25,1.09,1.87
2017.04.10 04:52:56.893,1.24975,1.25,1.34,1.87
2017.04.10 04:52:57.046,1.24975,1.25,1.34,1.87
2017.04.10 04:52:57.458,1.24973,1.25,1.34,2.96
2017.04.10 04:52:57.844,1.24976,1.25,1.00,2.62
2017.04.10 04:53:34.931,1.24972,1.25,1.46,1.50
2017.04.10 04:53:38.232,1.24976,1.25,1.00,1.50
2017.04.10 04:53:52.445,1.24976,1.24999,1.09,1.87
2017.04.10 04:53:56.890,1.24976,1.24999,1.09,1.37
2017.04.10 04:53:58.810,1.24976,1.25001,1.34,3.00
2017.04.10 04:54:03.215,1.24976,1.24999,1.09,1.37
2017.04.10 04:54:04.116,1.24976,1.24999,1.34,1.37
2017.04.10 04:54:04.719,1.24976,1.24999,1.09,1.37
2017.04.10 04:54:18.032,1.24973,1.24999,1.34,1.37
2017.04.10 04:54:20.612,1.24972,1.24995,1.12,2.21
2017.04.10 04:54:20.814,1.2497,1.24995,1.00,2.21
2017.04.10 04:54:30.008,1.24969,1.24995,1.46,2.62
2017.04.10 04:54:33.361,1.24968,1.24993,1.09,1.87
2017.04.10 04:54:33.884,1.24966,1.24993,1.34,1.87
2017.04.10 04:54:36.716,1.24966,1.24993,1.34,1.87
2017.04.10 04:54:38.437,1.24966,1.24991,1.34,1.87
2017.04.10 04:54:39.007,1.24966,1.24992,1.84,1.87
2017.04.10 04:55:03.604,1.24966,1.24991,1.84,1.87
2017.04.10 04:55:04.141,1.24967,1.24992,1.34,1.87
2017.04.10 04:55:07.211,1.24966,1.24992,1.34,1.37
2017.04.10 04:55:07.492,1.24966,1.24991,1.34,1.75
2017.04.10 04:55:07.770,1.24965,1.24991,1.09,3.37
2017.04.10 04:55:08.310,1.24963,1.24991,1.34,3.37
2017.04.10 04:55:12.250,1.24962,1.24989,1.84,1.87
2017.04.10 04:55:12.453,1.24962,1.24989,1.84,1.87
2017.04.10 04:55:12.504,1.24962,1.24989,1.84,1.87
2017.04.10 04:55:13.056,1.24962,1.24989,1.84,1.87
2017.04.10 04:55:16.797,1.24962,1.24989,1.50,1.87
2017.04.10 04:55:17.395,1.24965,1.24989,1.00,1.87
2017.04.10 04:55:24.376,1.24962,1.24989,1.00,1.87
2017.04.10 04:55:38.905,1.2496,1.24988,2.25,1.37
2017.04.10 04:55:39.422,1.24961,1.24987,1.00,1.37
2017.04.10 04:55:40.478,1.2496,1.24987,3.00,1.37
2017.04.10 04:55:41.389,1.2496,1.24987,2.25,1.37
2017.04.10 04:55:41.441,1.24964,1.2499,1.00,1.75
2017.04.10 04:55:41.745,1.24966,1.24991,1.00,3.37
2017.04.10 04:55:42.325,1.24968,1.24991,1.00,1.37
2017.04.10 04:55:42.428,1.24971,1.24995,1.50,1.75
2017.04.10 04:55:42.732,1.24974,1.25,1.00,4.87
2017.04.10 04:55:43.358,1.24974,1.24998,1.00,1.87
2017.04.10 04:55:43.454,1.24972,1.24998,1.50,1.87
2017.04.10 04:55:47.311,1.24972,1.25,1.50,4.87
2017.04.10 04:55:47.818,1.24973,1.24999,1.00,1.50
2017.04.10 04:55:48.331,1.24974,1.25,1.00,3.37
2017.04.10 04:55:48.772,1.24973,1.24998,1.00,1.87
2017.04.10 04:55:49.315,1.24974,1.24998,1.00,1.87
2017.04.10 04:55:59.705,1.24974,1.25,1.00,3.75
2017.04.10 04:56:00.352,1.24976,1.25,1.00,3.00
2017.04.10 04:56:02.431,1.24976,1.25,1.00,3.00
2017.04.10 04:56:05.061,1.24967,1.24993,3.00,2.62
2017.04.10 04:56:05.163,1.24969,1.24994,1.00,1.37
2017.04.10 04:56:05.265,1.24971,1.24992,1.00,1.12
2017.04.10 04:56:05.774,1.2497,1.24996,1.50,2.25
2017.04.10 04:56:08.862,1.2497,1.24996,1.50,1.50
2017.04.10 04:56:09.382,1.24971,1.24998,1.00,4.87
2017.04.10 04:56:10.250,1.24972,1.24998,1.00,4.87
2017.04.10 04:56:10.756,1.24972,1.24997,1.00,2.25
2017.04.10 04:56:15.144,1.24971,1.24997,1.00,3.00
2017.04.10 04:56:15.674,1.24971,1.24997,1.00,1.75
2017.04.10 04:56:16.280,1.2497,1.24998,1.50,4.12
2017.04.10 04:56:18.340,1.24971,1.24997,1.00,1.75
2017.04.10 04:56:21.840,1.24971,1.24997,1.00,3.00
2017.04.10 04:56:22.345,1.24972,1.24997,1.00,2.25
2017.04.10 04:56:29.477,1.24975,1.24998,1.00,1.87
2017.04.10 04:56:29.629,1.24972,1.24998,1.00,3.37
2017.04.10 04:56:30.136,1.24973,1.24998,1.00,2.62
2017.04.10 04:56:30.855,1.24971,1.24998,1.50,2.62
2017.04.10 04:56:40.592,1.24973,1.24998,1.00,2.62
2017.04.10 04:56:54.008,1.24972,1.24997,1.00,1.37
2017.04.10 04:56:58.839,1.24971,1.24996,1.50,1.87
2017.04.10 04:57:00.598,1.24971,1.24997,1.50,1.87
2017.04.10 04:57:05.730,1.24973,1.24997,1.00,1.12
2017.04.10 04:57:07.143,1.24971,1.24997,1.50,1.12
2017.04.10 04:57:24.926,1.24975,1.24997,1.00,1.12
2017.04.10 04:57:25.665,1.24975,1.24997,1.00,1.37
2017.04.10 04:57:30.146,1.24975,1.24997,1.50,1.37
2017.04.10 04:57:30.456,1.24975,1.24997,1.50,1.37
2017.04.10 04:57:39.496,1.24975,1.24997,1.00,1.37
2017.04.10 04:57:42.148,1.24975,1.24997,1.00,2.62
2017.04.10 04:57:42.199,1.24971,1.24997,1.50,2.62
2017.04.10 04:57:44.487,1.24975,1.24997,1.00,1.37
2017.04.10 04:57:44.589,1.24971,1.24997,1.12,1.37
2017.04.10 04:57:45.198,1.24971,1.24996,1.00,1.37
2017.04.10 04:57:45.709,1.24971,1.24996,1.00,2.62
2017.04.10 04:57:52.342,1.24967,1.24992,1.50,1.37
2017.04.10 04:57:52.596,1.24961,1.24988,2.25,2.25
2017.04.10 04:57:52.748,1.24966,1.24988,1.00,2.25
2017.04.10 04:57:56.481,1.24961,1.24988,1.50,3.00
2017.04.10 04:57:58.481,1.24961,1.24986,1.50,1.87
2017.04.10 04:58:00.176,1.24966,1.24986,1.00,1.87
2017.04.10 04:58:02.027,1.24966,1.24986,1.00,1.87
2017.04.10 04:58:08.352,1.24966,1.24987,1.00,1.87
2017.04.10 04:58:08.504,1.24966,1.24989,1.00,1.87
2017.04.10 04:58:09.013,1.24965,1.24989,1.50,1.87
2017.04.10 04:58:15.164,1.24962,1.24988,1.00,1.87
2017.04.10 04:58:18.580,1.24963,1.24988,1.00,1.87
2017.04.10 04:58:18.631,1.24966,1.24988,1.00,1.87
2017.04.10 04:58:30.488,1.24962,1.24988,1.50,1.87
2017.04.10 04:58:34.612,1.24963,1.24988,1.00,1.87
2017.04.10 04:58:36.095,1.24965,1.24988,1.00,1.87
2017.04.10 04:58:38.932,1.24963,1.24988,1.00,1.87
2017.04.10 04:58:39.159,1.24966,1.24988,1.00,1.87
2017.04.10 04:58:39.262,1.24963,1.24988,1.00,1.87
2017.04.10 04:59:00.901,1.24963,1.24988,1.00,1.87
2017.04.10 04:59:03.892,1.24963,1.24989,1.00,1.50
2017.04.10 04:59:05.881,1.24963,1.24989,1.00,1.50
2017.04.10 04:59:11.883,1.24963,1.24989,1.00,1.50
2017.04.10 04:59:12.387,1.24962,1.24989,1.00,1.50
2017.04.10 04:59:12.639,1.24966,1.2499,1.00,1.12
2017.04.10 04:59:12.791,1.24963,1.2499,1.00,1.12
2017.04.10 04:59:13.044,1.24965,1.2499,1.00,1.12
2017.04.10 04:59:13.096,1.24968,1.24991,1.00,1.12
2017.04.10 04:59:13.605,1.24968,1.2499,1.00,1.12
2017.04.10 04:59:14.154,1.24967,1.2499,1.00,1.37
2017.04.10 04:59:14.693,1.24968,1.2499,1.00,1.37
2017.04.10 04:59:15.207,1.24967,1.2499,1.00,1.37
2017.04.10 04:59:18.138,1.24971,1.24993,1.00,1.75
2017.04.10 04:59:18.241,1.2497,1.24995,1.00,1.87
2017.04.10 04:59:18.748,1.24971,1.24996,1.00,1.87
2017.04.10 04:59:19.289,1.24972,1.24996,1.00,1.12
2017.04.10 04:59:22.866,1.24971,1.24996,1.00,1.12
2017.04.10 04:59:27.066,1.24972,1.24996,1.00,1.87
2017.04.10 04:59:28.436,1.24971,1.24996,1.50,1.87
2017.04.10 04:59:36.090,1.24971,1.24997,1.00,1.87
2017.04.10 04:59:44.928,1.24971,1.24998,1.50,1.00
2017.04.10 04:59:45.232,1.2497,1.24996,1.00,1.00
2017.04.10 04:59:45.282,1.24968,1.24996,1.87,1.00
2017.04.10 04:59:45.384,1.24971,1.24996,1.00,1.00
2017.04.10 04:59:45.688,1.24964,1.24989,1.50,1.00
2017.04.10 04:59:46.144,1.24966,1.24991,1.00,1.87
2017.04.10 04:59:46.400,1.24966,1.24992,1.00,1.12
2017.04.10 04:59:51.744,1.24964,1.24992,1.00,1.12
2017.04.10 04:59:52.159,1.24966,1.24992,1.00,1.12
2017.04.10 04:59:53.195,1.24965,1.24991,1.50,1.00
2017.04.10 04:59:57.599,1.24966,1.24991,1.00,1.00
2017.04.10 04:59:57.803,1.24966,1.24994,3.00,1.00
2017.04.10 04:59:57.854,1.24969,1.24995,1.00,2.25
2017.04.10 04:59:59.539,1.24966,1.24995,3.00,2.44
2017.04.10 04:59:59.590,1.24966,1.24992,3.00,1.00
2017.04.10 04:59:59.641,1.24968,1.24994,1.00,1.25
2017.04.10 04:59:59.743,1.2497,1.24995,1.00,1.19
