2016.11.22 17:00:00.078,1.25483,1.25501,1.00,2.62
2016.11.22 17:00:00.596,1.25484,1.25501,1.00,1.25
2016.11.22 17:00:00.850,1.25481,1.25498,1.00,1.00
2016.11.22 17:00:01.205,1.25479,1.25498,1.00,1.12
2016.11.22 17:00:01.307,1.25481,1.25498,1.00,1.12
2016.11.22 17:00:01.851,1.25481,1.255,1.00,2.14
2016.11.22 17:00:02.388,1.25481,1.255,1.00,1.76
2016.11.22 17:00:02.541,1.25485,1.255,1.00,1.00
2016.11.22 17:00:03.038,1.25484,1.25504,1.00,2.14
2016.11.22 17:00:03.443,1.25483,1.25501,1.00,1.87
2016.11.22 17:00:03.545,1.25483,1.25502,1.00,1.37
2016.11.22 17:00:03.596,1.25481,1.25501,1.50,1.87
2016.11.22 17:00:03.950,1.25481,1.255,1.50,1.37
2016.11.22 17:00:04.758,1.25481,1.25498,1.00,1.00
2016.11.22 17:00:05.062,1.25485,1.25503,1.00,1.01
2016.11.22 17:00:05.113,1.25485,1.25504,1.00,1.64
2016.11.22 17:00:05.749,1.25485,1.25504,1.00,1.76
2016.11.22 17:00:06.250,1.25484,1.25504,1.00,1.76
2016.11.22 17:00:06.487,1.25482,1.25501,1.00,1.26
2016.11.22 17:00:06.791,1.25481,1.255,1.00,1.64
2016.11.22 17:00:07.335,1.25478,1.25497,1.00,1.87
2016.11.22 17:00:07.487,1.25477,1.25495,1.00,1.12
2016.11.22 17:00:07.791,1.25476,1.25493,1.00,1.39
2016.11.22 17:00:07.943,1.25473,1.25493,1.00,2.14
2016.11.22 17:00:08.045,1.25476,1.25492,1.00,1.00
2016.11.22 17:00:08.608,1.25475,1.25492,1.00,1.00
2016.11.22 17:00:09.125,1.25476,1.25495,1.00,1.76
2016.11.22 17:00:09.964,1.25476,1.25494,1.00,2.89
2016.11.22 17:00:10.671,1.25475,1.25493,1.00,1.39
2016.11.22 17:00:12.072,1.25475,1.25493,1.00,2.89
2016.11.22 17:00:12.123,1.25473,1.25493,1.00,2.89
2016.11.22 17:00:12.627,1.25473,1.25492,1.00,1.00
2016.11.22 17:00:14.364,1.25475,1.25492,1.00,1.00
2016.11.22 17:00:14.567,1.25476,1.25494,1.00,2.14
2016.11.22 17:00:15.304,1.25478,1.25494,1.00,1.39
2016.11.22 17:00:16.274,1.25476,1.25494,1.00,1.00
2016.11.22 17:00:16.725,1.25474,1.25495,1.00,1.87
2016.11.22 17:00:17.141,1.25476,1.25495,1.00,1.87
2016.11.22 17:00:18.475,1.25477,1.25495,1.00,1.50
2016.11.22 17:00:19.599,1.25478,1.25497,1.00,1.87
2016.11.22 17:00:19.938,1.25476,1.25493,1.00,1.00
2016.11.22 17:00:20.453,1.25475,1.25494,1.50,1.39
2016.11.22 17:00:20.605,1.25477,1.25495,1.00,1.76
2016.11.22 17:00:21.115,1.25477,1.25495,1.00,1.00
2016.11.22 17:00:21.598,1.25475,1.25496,1.50,1.69
2016.11.22 17:00:21.852,1.25475,1.25496,1.50,3.19
2016.11.22 17:00:22.380,1.25476,1.25494,1.00,1.12
2016.11.22 17:00:22.685,1.25476,1.25493,1.00,1.50
2016.11.22 17:00:23.652,1.25475,1.25493,1.50,1.50
2016.11.22 17:00:23.916,1.25476,1.25493,1.00,1.00
2016.11.22 17:00:24.766,1.25473,1.25493,1.56,1.12
2016.11.22 17:00:24.817,1.25472,1.25492,1.00,1.00
2016.11.22 17:00:24.868,1.25472,1.2549,1.00,1.00
2016.11.22 17:00:25.860,1.25473,1.25491,1.00,1.00
2016.11.22 17:00:26.867,1.25474,1.25491,1.00,1.00
2016.11.22 17:00:29.296,1.25471,1.2549,1.00,1.00
2016.11.22 17:00:29.864,1.25473,1.25491,1.00,2.06
2016.11.22 17:00:30.849,1.25472,1.2549,1.00,1.12
2016.11.22 17:00:32.147,1.25473,1.25491,1.00,1.50
2016.11.22 17:00:32.248,1.25474,1.25492,1.00,1.00
2016.11.22 17:00:32.350,1.2547,1.25489,1.99,1.00
2016.11.22 17:00:32.502,1.25469,1.25489,1.00,1.00
2016.11.22 17:00:32.808,1.25471,1.25489,1.00,1.00
2016.11.22 17:00:35.402,1.25471,1.2549,1.00,1.69
2016.11.22 17:00:35.707,1.25467,1.25485,1.56,1.00
2016.11.22 17:00:36.240,1.25467,1.25485,1.31,1.00
2016.11.22 17:00:36.755,1.25468,1.25485,1.00,1.00
2016.11.22 17:00:39.080,1.25468,1.25486,1.00,1.00
2016.11.22 17:00:39.651,1.2547,1.25487,1.00,1.12
2016.11.22 17:00:40.257,1.25471,1.25488,1.00,1.87
2016.11.22 17:00:41.374,1.25469,1.25486,1.56,1.00
2016.11.22 17:00:41.425,1.25467,1.25484,1.00,1.00
2016.11.22 17:00:41.931,1.25467,1.25484,1.00,1.50
2016.11.22 17:00:42.187,1.25464,1.25484,1.31,1.50
2016.11.22 17:00:42.322,1.25461,1.25478,2.06,1.00
2016.11.22 17:00:43.377,1.2546,1.25478,1.00,1.00
2016.11.22 17:00:43.920,1.25461,1.25479,1.50,1.12
2016.11.22 17:00:45.290,1.25461,1.25478,1.00,1.00
2016.11.22 17:00:45.391,1.25458,1.25478,1.31,1.00
2016.11.22 17:00:46.585,1.25458,1.25476,1.31,1.00
2016.11.22 17:00:47.523,1.25458,1.25477,1.00,1.00
2016.11.22 17:00:47.826,1.25458,1.25475,1.00,1.00
2016.11.22 17:00:49.495,1.25457,1.25474,1.00,1.00
2016.11.22 17:00:50.486,1.25457,1.25475,1.00,1.00
2016.11.22 17:00:52.526,1.25458,1.25477,1.69,1.00
2016.11.22 17:00:52.829,1.25463,1.2548,1.00,1.00
2016.11.22 17:00:55.293,1.25462,1.2548,1.00,1.00
2016.11.22 17:00:56.269,1.25461,1.25479,1.00,1.12
2016.11.22 17:00:56.791,1.2546,1.25479,1.00,1.50
2016.11.22 17:00:57.121,1.2546,1.25479,1.00,3.00
2016.11.22 17:00:57.476,1.25458,1.25477,1.00,1.00
2016.11.22 17:00:58.245,1.2546,1.25478,1.00,1.12
2016.11.22 17:00:59.238,1.2546,1.25477,1.00,1.00
2016.11.22 17:01:00.623,1.25459,1.25479,1.00,3.00
2016.11.22 17:01:01.167,1.25459,1.25479,1.00,1.50
2016.11.22 17:01:01.849,1.25459,1.25479,1.00,1.12
2016.11.22 17:01:02.501,1.25458,1.25478,1.00,1.00
2016.11.22 17:01:03.058,1.2546,1.25477,1.00,1.00
2016.11.22 17:01:03.848,1.2546,1.2548,1.00,1.87
2016.11.22 17:01:04.071,1.25462,1.2548,2.44,1.12
2016.11.22 17:01:04.377,1.25479,1.25497,1.00,1.75
2016.11.22 17:01:04.428,1.25479,1.25497,1.00,1.50
2016.11.22 17:01:04.800,1.25475,1.25493,1.31,1.00
2016.11.22 17:01:05.055,1.25478,1.25495,1.00,1.00
2016.11.22 17:01:05.589,1.25477,1.25496,1.00,1.49
2016.11.22 17:01:08.127,1.25477,1.25494,1.00,1.00
2016.11.22 17:01:08.431,1.25473,1.25491,1.00,1.37
2016.11.22 17:01:08.584,1.25471,1.2549,1.00,1.12
2016.11.22 17:01:08.888,1.25469,1.25486,1.00,1.00
2016.11.22 17:01:09.243,1.25465,1.25484,1.12,1.00
2016.11.22 17:01:09.408,1.25466,1.25485,1.00,1.12
2016.11.22 17:01:10.123,1.2547,1.25488,1.00,4.49
2016.11.22 17:01:10.275,1.2547,1.25488,1.00,2.25
2016.11.22 17:01:11.252,1.25469,1.25487,1.00,1.00
2016.11.22 17:01:11.770,1.25475,1.25488,1.00,1.87
2016.11.22 17:01:11.923,1.25475,1.25492,1.00,1.00
2016.11.22 17:01:13.618,1.25472,1.25492,1.00,1.00
2016.11.22 17:01:14.145,1.25473,1.25493,1.00,1.00
2016.11.22 17:01:14.337,1.25472,1.25491,1.00,1.00
2016.11.22 17:01:15.343,1.25474,1.25491,1.00,1.00
2016.11.22 17:01:15.823,1.25472,1.25491,1.00,1.00
2016.11.22 17:01:16.688,1.25475,1.25494,1.00,2.05
2016.11.22 17:01:17.269,1.25474,1.25493,1.00,1.68
2016.11.22 17:01:19.257,1.25473,1.25492,1.00,1.00
2016.11.22 17:01:19.734,1.25472,1.25489,1.00,1.00
2016.11.22 17:01:20.353,1.25472,1.25489,1.00,1.87
2016.11.22 17:01:20.455,1.25469,1.25489,1.00,4.12
2016.11.22 17:01:23.246,1.25468,1.25487,1.00,1.79
2016.11.22 17:01:23.398,1.25465,1.25484,1.31,1.00
2016.11.22 17:01:23.536,1.25464,1.25481,1.00,1.00
2016.11.22 17:01:23.587,1.25461,1.2548,1.50,1.00
2016.11.22 17:01:23.740,1.25463,1.25482,1.00,1.50
2016.11.22 17:01:25.380,1.25461,1.25481,1.00,1.79
2016.11.22 17:01:25.431,1.25461,1.25478,1.50,1.00
2016.11.22 17:01:25.482,1.25458,1.25476,1.00,1.00
2016.11.22 17:01:26.353,1.25456,1.25476,1.56,1.00
2016.11.22 17:01:26.647,1.25454,1.25474,1.56,1.00
2016.11.22 17:01:26.698,1.25454,1.25474,1.31,1.50
2016.11.22 17:01:26.850,1.25454,1.25474,1.00,2.62
2016.11.22 17:01:27.042,1.25454,1.25474,1.00,1.00
2016.11.22 17:01:27.144,1.25458,1.25476,1.00,1.12
2016.11.22 17:01:28.103,1.25458,1.25477,1.56,1.50
2016.11.22 17:01:28.474,1.25457,1.25476,1.31,1.12
2016.11.22 17:01:28.576,1.25457,1.25474,1.00,1.00
2016.11.22 17:01:29.501,1.25459,1.25476,1.00,1.49
2016.11.22 17:01:30.260,1.25457,1.25474,1.00,1.00
2016.11.22 17:01:30.874,1.25454,1.25472,1.00,1.00
2016.11.22 17:01:31.234,1.25453,1.2547,1.00,1.00
2016.11.22 17:01:32.759,1.25451,1.2547,1.00,1.00
2016.11.22 17:01:33.300,1.25449,1.25468,1.00,1.00
2016.11.22 17:01:33.654,1.25452,1.25469,1.00,1.00
2016.11.22 17:01:33.755,1.25453,1.25472,1.00,1.05
2016.11.22 17:01:34.753,1.25453,1.25471,1.00,1.00
2016.11.22 17:01:35.702,1.25453,1.2547,1.00,1.00
2016.11.22 17:01:36.985,1.25451,1.25468,1.00,1.00
2016.11.22 17:01:37.137,1.25449,1.25467,1.00,1.00
2016.11.22 17:01:37.643,1.2545,1.25468,1.00,1.00
2016.11.22 17:01:38.161,1.2545,1.25467,1.00,1.00
2016.11.22 17:01:39.558,1.25449,1.25467,1.00,1.00
2016.11.22 17:01:40.113,1.25449,1.25467,1.00,1.50
2016.11.22 17:01:40.643,1.25448,1.25466,1.00,1.12
2016.11.22 17:01:42.302,1.25449,1.25467,1.00,1.50
2016.11.22 17:01:43.194,1.25448,1.25465,1.00,1.00
2016.11.22 17:01:43.728,1.25447,1.25464,1.00,1.00
2016.11.22 17:01:44.155,1.25445,1.25463,1.00,1.00
2016.11.22 17:01:44.205,1.25447,1.25464,1.00,1.12
2016.11.22 17:01:44.964,1.25448,1.25464,1.00,1.00
2016.11.22 17:01:45.065,1.25448,1.25466,1.00,1.00
2016.11.22 17:01:45.738,1.25451,1.25469,1.00,1.87
2016.11.22 17:01:46.050,1.25456,1.25476,1.00,1.75
2016.11.22 17:01:46.101,1.25456,1.25476,1.00,1.56
2016.11.22 17:01:46.731,1.25456,1.25476,1.00,1.00
2016.11.22 17:01:46.833,1.25459,1.25477,1.00,1.12
2016.11.22 17:01:47.796,1.2546,1.25478,1.00,1.56
2016.11.22 17:01:48.350,1.25461,1.25478,1.00,1.31
2016.11.22 17:01:48.871,1.2546,1.25478,1.00,1.31
2016.11.22 17:01:51.265,1.25458,1.25478,1.00,1.12
2016.11.22 17:01:51.316,1.2546,1.25478,1.00,1.12
2016.11.22 17:01:52.362,1.2546,1.25478,1.00,1.69
2016.11.22 17:01:52.665,1.2546,1.25478,1.00,1.56
2016.11.22 17:01:53.132,1.2546,1.25478,1.00,1.56
2016.11.22 17:01:53.650,1.25458,1.25476,1.00,1.31
2016.11.22 17:01:53.752,1.25458,1.25476,1.00,1.56
2016.11.22 17:01:53.803,1.25456,1.25476,1.00,1.56
2016.11.22 17:01:54.019,1.25459,1.25474,1.00,1.25
2016.11.22 17:01:54.120,1.25456,1.25476,1.50,1.94
2016.11.22 17:01:54.626,1.25456,1.25476,1.00,1.31
2016.11.22 17:01:54.791,1.25458,1.25476,1.00,1.31
2016.11.22 17:01:55.151,1.25456,1.25476,1.00,1.56
2016.11.22 17:01:57.335,1.25456,1.25476,1.00,1.56
2016.11.22 17:01:58.553,1.25457,1.25475,1.00,1.56
2016.11.22 17:01:58.655,1.25455,1.25473,1.00,1.69
2016.11.22 17:01:59.155,1.25456,1.25475,1.00,1.69
2016.11.22 17:01:59.711,1.25457,1.25475,1.00,1.31
2016.11.22 17:02:01.137,1.25457,1.25476,1.00,1.25
2016.11.22 17:02:01.670,1.25458,1.25476,1.00,1.31
2016.11.22 17:02:02.629,1.25459,1.25477,1.00,1.56
2016.11.22 17:02:03.177,1.25459,1.25477,1.00,1.00
2016.11.22 17:02:03.728,1.25459,1.25478,1.00,1.25
2016.11.22 17:02:06.092,1.25461,1.25479,1.00,1.69
2016.11.22 17:02:06.376,1.25465,1.25483,1.00,1.69
2016.11.22 17:02:06.882,1.25466,1.25486,1.00,3.19
2016.11.22 17:02:07.136,1.25464,1.25484,1.00,1.50
2016.11.22 17:02:07.237,1.25464,1.25483,1.00,1.87
2016.11.22 17:02:07.879,1.25464,1.25484,1.00,1.50
2016.11.22 17:02:10.615,1.25465,1.25482,1.00,1.00
2016.11.22 17:02:11.163,1.25465,1.25482,1.00,1.56
2016.11.22 17:02:12.118,1.25465,1.25482,1.00,1.12
2016.11.22 17:02:13.133,1.25465,1.25484,1.00,1.12
2016.11.22 17:02:15.112,1.25466,1.25484,1.00,1.12
2016.11.22 17:02:15.627,1.25467,1.25486,1.00,1.00
2016.11.22 17:02:15.728,1.2547,1.25489,1.00,2.81
2016.11.22 17:02:15.843,1.2547,1.25489,1.00,1.00
2016.11.22 17:02:15.995,1.25469,1.25486,1.00,1.00
2016.11.22 17:02:16.437,1.25466,1.25486,1.12,1.31
2016.11.22 17:02:16.809,1.25471,1.25488,1.00,1.31
2016.11.22 17:02:16.860,1.25472,1.2549,1.00,1.12
2016.11.22 17:02:17.650,1.2547,1.25489,1.00,1.12
2016.11.22 17:02:17.701,1.25468,1.25488,1.00,1.00
2016.11.22 17:02:17.803,1.25466,1.25486,1.12,1.00
2016.11.22 17:02:18.106,1.25469,1.25487,1.00,1.00
2016.11.22 17:02:18.703,1.2547,1.25488,1.00,1.00
2016.11.22 17:02:20.348,1.25469,1.25488,1.00,1.00
2016.11.22 17:02:21.334,1.2547,1.25488,1.00,1.00
2016.11.22 17:02:22.451,1.25467,1.25485,1.00,1.00
2016.11.22 17:02:23.048,1.25466,1.25485,1.00,1.00
2016.11.22 17:02:23.577,1.25467,1.25485,1.00,1.37
2016.11.22 17:02:25.066,1.25465,1.25484,1.00,1.12
2016.11.22 17:02:25.579,1.25464,1.25484,1.00,2.06
2016.11.22 17:02:25.781,1.25464,1.25484,1.00,1.69
2016.11.22 17:02:26.111,1.25462,1.25479,1.00,1.00
2016.11.22 17:02:26.213,1.25461,1.25481,1.00,1.00
2016.11.22 17:02:26.829,1.25464,1.25481,1.00,1.00
2016.11.22 17:02:27.872,1.25463,1.25481,1.00,1.00
2016.11.22 17:02:27.973,1.25463,1.25483,1.00,1.00
2016.11.22 17:02:28.548,1.25463,1.25483,1.00,1.87
2016.11.22 17:02:29.589,1.25462,1.25479,1.00,1.00
2016.11.22 17:02:31.219,1.25463,1.25481,1.00,1.00
2016.11.22 17:02:31.550,1.25466,1.25482,1.00,1.00
2016.11.22 17:02:32.073,1.25464,1.25482,1.00,1.00
2016.11.22 17:02:37.238,1.25462,1.25479,1.00,1.00
2016.11.22 17:02:37.863,1.25461,1.2548,1.50,1.00
2016.11.22 17:02:38.378,1.25461,1.25479,1.00,1.00
2016.11.22 17:02:39.925,1.25461,1.25478,1.00,1.00
2016.11.22 17:02:40.994,1.2546,1.25478,1.00,1.00
2016.11.22 17:02:41.045,1.25458,1.25478,1.00,1.00
2016.11.22 17:02:41.438,1.25459,1.25476,1.00,1.00
2016.11.22 17:02:42.749,1.25461,1.25476,1.00,1.00
2016.11.22 17:02:42.859,1.25458,1.25476,1.00,1.00
2016.11.22 17:02:43.062,1.25456,1.25475,1.87,1.00
2016.11.22 17:02:43.113,1.25456,1.25472,1.12,1.00
2016.11.22 17:02:43.334,1.25453,1.25474,1.00,1.00
2016.11.22 17:02:43.436,1.25456,1.25474,1.00,1.00
2016.11.22 17:02:43.741,1.25454,1.25471,1.12,1.00
2016.11.22 17:02:44.255,1.25456,1.25473,1.50,1.12
2016.11.22 17:02:46.858,1.25457,1.25474,1.00,1.00
2016.11.22 17:02:47.380,1.25458,1.25475,1.00,1.00
2016.11.22 17:02:47.952,1.25457,1.25474,1.00,1.00
2016.11.22 17:02:51.211,1.25455,1.25473,1.00,1.00
2016.11.22 17:02:54.025,1.25455,1.25472,1.00,1.00
2016.11.22 17:02:57.501,1.25455,1.25474,1.00,1.50
2016.11.22 17:02:59.436,1.25451,1.25474,2.06,1.50
2016.11.22 17:02:59.922,1.25456,1.25474,1.00,1.87
2016.11.22 17:03:00.317,1.25459,1.25474,1.00,1.37
2016.11.22 17:03:00.519,1.25462,1.25479,1.00,1.37
2016.11.22 17:03:00.621,1.25462,1.2548,1.00,1.00
2016.11.22 17:03:01.196,1.25461,1.25479,1.00,1.00
2016.11.22 17:03:02.207,1.25466,1.25479,1.00,1.00
2016.11.22 17:03:02.308,1.25461,1.2548,1.00,1.12
2016.11.22 17:03:03.282,1.2546,1.2548,1.50,1.00
2016.11.22 17:03:03.986,1.2546,1.2548,1.00,1.56
2016.11.22 17:03:04.383,1.2546,1.2548,1.00,1.00
2016.11.22 17:03:04.939,1.25461,1.2548,1.00,1.00
2016.11.22 17:03:05.625,1.25462,1.25479,1.00,1.00
2016.11.22 17:03:06.387,1.25461,1.25479,1.50,1.00
2016.11.22 17:03:09.110,1.25463,1.25483,1.00,1.87
2016.11.22 17:03:09.262,1.25466,1.25485,1.00,1.00
2016.11.22 17:03:09.763,1.25465,1.25485,1.00,1.12
2016.11.22 17:03:11.026,1.25466,1.25485,1.00,1.00
2016.11.22 17:03:11.128,1.25468,1.25485,1.00,1.00
2016.11.22 17:03:11.330,1.25465,1.25485,1.00,1.00
2016.11.22 17:03:11.583,1.25467,1.25487,1.00,1.50
2016.11.22 17:03:12.564,1.25467,1.25486,1.00,1.00
2016.11.22 17:03:13.587,1.25467,1.25485,1.00,1.00
2016.11.22 17:03:14.006,1.25467,1.25487,1.00,1.12
2016.11.22 17:03:14.107,1.25471,1.25487,1.00,1.00
2016.11.22 17:03:14.641,1.25471,1.25488,1.00,1.00
2016.11.22 17:03:15.174,1.25471,1.25489,1.00,1.00
2016.11.22 17:03:16.317,1.2547,1.25488,1.00,1.00
2016.11.22 17:03:18.676,1.25471,1.25489,1.00,1.31
2016.11.22 17:03:19.547,1.25469,1.25489,1.00,1.31
2016.11.22 17:03:20.092,1.2547,1.25489,1.00,1.25
2016.11.22 17:03:20.547,1.25472,1.2549,1.00,1.31
2016.11.22 17:03:24.817,1.25473,1.25491,1.00,1.69
2016.11.22 17:03:25.323,1.25472,1.25492,1.00,1.56
2016.11.22 17:03:25.838,1.25472,1.25492,1.00,1.31
2016.11.22 17:03:26.213,1.25472,1.2549,1.00,1.31
2016.11.22 17:03:29.487,1.25472,1.25492,1.00,1.31
2016.11.22 17:03:29.538,1.25474,1.25492,1.00,1.00
2016.11.22 17:03:30.174,1.25475,1.25493,1.00,1.00
2016.11.22 17:03:31.099,1.25476,1.25493,1.00,1.00
2016.11.22 17:03:33.248,1.25477,1.25495,1.00,2.06
2016.11.22 17:03:34.232,1.25476,1.25494,1.00,1.00
2016.11.22 17:03:34.476,1.25473,1.25491,1.00,1.00
2016.11.22 17:03:34.780,1.25472,1.25489,1.00,1.00
2016.11.22 17:03:35.283,1.25472,1.25492,1.00,2.25
2016.11.22 17:03:35.587,1.25474,1.25492,1.00,2.25
2016.11.22 17:03:36.675,1.25471,1.25492,1.00,1.75
2016.11.22 17:03:36.776,1.25471,1.25488,1.00,1.00
2016.11.22 17:03:36.878,1.25471,1.2549,1.00,1.12
2016.11.22 17:03:36.980,1.2547,1.25488,1.00,1.00
2016.11.22 17:03:37.875,1.2547,1.25489,1.00,1.00
2016.11.22 17:03:38.759,1.25472,1.25489,1.00,1.00
2016.11.22 17:03:40.584,1.25471,1.25491,1.00,1.00
2016.11.22 17:03:41.586,1.2547,1.2549,1.50,1.00
2016.11.22 17:03:48.805,1.2547,1.25488,1.00,1.00
2016.11.22 17:03:49.312,1.25468,1.25488,1.37,1.00
2016.11.22 17:03:49.812,1.25468,1.25486,1.37,1.00
2016.11.22 17:03:50.738,1.25469,1.25486,1.56,1.00
2016.11.22 17:03:50.840,1.25469,1.25487,1.69,1.00
2016.11.22 17:03:52.628,1.2547,1.25488,1.00,1.00
2016.11.22 17:03:52.729,1.2547,1.25486,1.00,1.00
2016.11.22 17:03:52.931,1.25468,1.25486,1.00,1.00
2016.11.22 17:03:54.761,1.25469,1.25486,1.00,1.00
2016.11.22 17:03:55.319,1.25472,1.2549,1.00,1.00
2016.11.22 17:03:55.870,1.25471,1.25491,1.50,1.00
2016.11.22 17:03:56.388,1.25471,1.25491,1.87,1.00
2016.11.22 17:03:57.193,1.25473,1.25491,1.00,1.00
2016.11.22 17:03:58.425,1.25472,1.2549,1.00,1.00
2016.11.22 17:03:58.973,1.25471,1.25489,1.31,1.00
2016.11.22 17:03:59.138,1.25468,1.25487,2.62,1.00
2016.11.22 17:03:59.240,1.25468,1.25487,1.00,1.00
2016.11.22 17:04:00.154,1.25467,1.25487,1.12,1.00
2016.11.22 17:04:00.875,1.25465,1.25484,2.44,1.00
2016.11.22 17:04:00.977,1.25464,1.25484,1.50,1.00
2016.11.22 17:04:01.534,1.25465,1.25484,1.00,1.00
2016.11.22 17:04:02.432,1.25464,1.25484,1.00,1.00
2016.11.22 17:04:02.943,1.25466,1.25484,1.00,1.00
2016.11.22 17:04:05.050,1.25467,1.25484,1.00,1.00
2016.11.22 17:04:07.612,1.25466,1.25486,1.50,1.50
2016.11.22 17:04:08.218,1.25467,1.25487,1.00,2.25
2016.11.22 17:04:14.597,1.25465,1.25485,1.00,1.00
2016.11.22 17:04:19.640,1.25468,1.25488,1.00,2.06
2016.11.22 17:04:19.948,1.2547,1.25488,1.00,1.00
2016.11.22 17:04:21.797,1.25468,1.25486,2.06,1.00
2016.11.22 17:04:22.126,1.25466,1.25484,1.00,1.00
2016.11.22 17:04:22.826,1.25464,1.25484,1.00,1.00
2016.11.22 17:04:23.700,1.25466,1.25484,1.00,1.00
2016.11.22 17:04:24.354,1.25467,1.25485,1.00,1.31
2016.11.22 17:04:24.979,1.25467,1.25484,1.00,1.00
2016.11.22 17:04:25.970,1.25468,1.25487,1.00,1.69
2016.11.22 17:04:26.475,1.25467,1.25485,1.00,1.00
2016.11.22 17:04:26.627,1.25466,1.25483,1.00,1.00
2016.11.22 17:04:28.240,1.25464,1.25484,1.12,1.31
2016.11.22 17:04:28.848,1.25466,1.25485,1.00,1.00
2016.11.22 17:04:29.356,1.25467,1.25486,1.00,1.31
2016.11.22 17:04:29.926,1.25465,1.25485,2.25,1.00
2016.11.22 17:04:30.470,1.25465,1.25485,1.00,1.00
2016.11.22 17:04:30.773,1.25466,1.25483,1.00,1.00
2016.11.22 17:04:31.960,1.25466,1.25484,1.00,1.00
2016.11.22 17:04:32.839,1.25466,1.25483,1.00,1.00
2016.11.22 17:04:34.330,1.25464,1.25484,1.94,1.00
2016.11.22 17:04:34.809,1.25464,1.25484,1.00,1.00
2016.11.22 17:04:35.352,1.25465,1.25485,1.00,1.00
2016.11.22 17:04:35.821,1.25465,1.25483,1.00,1.00
2016.11.22 17:04:35.872,1.25463,1.25483,1.69,1.00
2016.11.22 17:04:36.025,1.25465,1.25483,1.00,1.00
2016.11.22 17:04:38.303,1.25464,1.25482,1.00,1.00
2016.11.22 17:04:38.892,1.25462,1.25482,1.50,1.00
2016.11.22 17:04:39.398,1.25462,1.25482,1.00,1.00
2016.11.22 17:04:39.836,1.25462,1.2548,1.00,1.00
2016.11.22 17:04:40.368,1.25463,1.25481,1.12,1.00
2016.11.22 17:04:41.964,1.25462,1.25481,1.00,1.00
2016.11.22 17:04:42.509,1.25461,1.25481,1.00,1.00
2016.11.22 17:04:43.283,1.25462,1.25482,1.00,1.00
2016.11.22 17:04:43.836,1.25462,1.25482,1.00,1.37
2016.11.22 17:04:45.026,1.25461,1.25479,1.56,1.00
2016.11.22 17:04:45.128,1.25459,1.25478,1.50,1.00
2016.11.22 17:04:45.318,1.25457,1.25475,1.31,1.00
2016.11.22 17:04:46.072,1.25459,1.25477,1.00,1.00
2016.11.22 17:04:48.987,1.25458,1.25477,1.00,1.00
2016.11.22 17:04:50.555,1.25458,1.25476,1.00,1.00
2016.11.22 17:04:51.329,1.25458,1.25478,1.00,1.00
2016.11.22 17:04:51.380,1.25458,1.25476,1.00,1.00
2016.11.22 17:04:51.431,1.25459,1.25479,1.00,1.12
2016.11.22 17:04:52.586,1.25459,1.25477,1.00,1.00
2016.11.22 17:04:53.143,1.25458,1.25476,2.25,1.00
2016.11.22 17:04:54.925,1.25459,1.25477,1.12,1.00
2016.11.22 17:04:57.852,1.25458,1.25475,2.25,1.00
2016.11.22 17:04:58.417,1.25458,1.25475,1.00,1.00
2016.11.22 17:04:58.944,1.25456,1.25476,1.50,1.00
2016.11.22 17:05:00.050,1.25454,1.25471,1.31,1.00
2016.11.22 17:05:00.354,1.25453,1.25471,1.87,1.00
2016.11.22 17:05:00.504,1.25456,1.25474,1.00,1.00
2016.11.22 17:05:00.555,1.25454,1.25473,1.00,1.00
2016.11.22 17:05:00.606,1.25455,1.25475,1.00,1.31
2016.11.22 17:05:05.016,1.25455,1.25474,1.00,1.00
2016.11.22 17:05:05.581,1.25456,1.25475,1.00,1.00
2016.11.22 17:05:06.592,1.25454,1.25474,1.50,1.00
2016.11.22 17:05:10.960,1.25454,1.25472,1.12,1.00
2016.11.22 17:05:11.466,1.25453,1.25472,1.00,1.00
2016.11.22 17:05:12.007,1.25453,1.25471,1.00,1.00
2016.11.22 17:05:12.880,1.25454,1.25474,1.00,1.56
2016.11.22 17:05:13.124,1.25454,1.25472,3.00,1.00
2016.11.22 17:05:13.280,1.25457,1.25475,1.00,1.00
2016.11.22 17:05:15.469,1.25457,1.25477,1.00,1.00
2016.11.22 17:05:16.018,1.25457,1.25477,2.06,1.00
2016.11.22 17:05:16.275,1.2546,1.25478,1.00,1.31
2016.11.22 17:05:16.579,1.25464,1.25481,1.00,1.00
2016.11.22 17:05:19.061,1.25463,1.25481,1.00,1.00
2016.11.22 17:05:20.088,1.25463,1.25483,1.00,1.00
2016.11.22 17:05:20.732,1.25463,1.2548,1.00,1.00
2016.11.22 17:05:20.858,1.2546,1.25478,1.50,1.00
2016.11.22 17:05:21.726,1.25461,1.25479,1.00,1.00
2016.11.22 17:05:23.647,1.25462,1.25479,1.00,1.31
2016.11.22 17:05:25.595,1.25461,1.25479,1.12,1.00
2016.11.22 17:05:27.933,1.25462,1.25479,1.00,1.00
2016.11.22 17:05:28.551,1.25463,1.2548,1.00,1.00
2016.11.22 17:05:29.615,1.25462,1.25482,1.00,1.31
2016.11.22 17:05:30.331,1.25462,1.2548,1.00,1.00
2016.11.22 17:05:30.710,1.25458,1.25475,1.75,1.00
2016.11.22 17:05:30.810,1.25454,1.25469,1.50,1.00
2016.11.22 17:05:30.913,1.25447,1.25465,1.00,1.00
2016.11.22 17:05:30.964,1.25444,1.25461,1.50,1.00
2016.11.22 17:05:31.116,1.2544,1.25461,1.57,1.56
2016.11.22 17:05:31.167,1.2544,1.25456,1.57,1.00
2016.11.22 17:05:31.269,1.25438,1.25456,1.00,1.31
2016.11.22 17:05:31.842,1.25438,1.25456,1.12,1.56
2016.11.22 17:05:32.135,1.25432,1.2545,1.50,1.00
2016.11.22 17:05:32.287,1.25431,1.2545,1.00,1.00
2016.11.22 17:05:32.339,1.25431,1.25448,1.00,1.00
2016.11.22 17:05:33.150,1.25431,1.25448,1.50,1.56
2016.11.22 17:05:34.604,1.2543,1.25448,1.00,1.56
2016.11.22 17:05:35.125,1.25428,1.25449,1.37,1.61
2016.11.22 17:05:35.634,1.25429,1.25447,1.00,1.31
2016.11.22 17:05:35.685,1.25426,1.25446,1.50,1.00
2016.11.22 17:05:35.862,1.25426,1.25446,1.50,1.56
2016.11.22 17:05:36.177,1.25426,1.25446,1.50,1.56
2016.11.22 17:05:36.481,1.25426,1.2544,1.00,1.00
2016.11.22 17:05:36.532,1.25423,1.2544,1.00,1.00
2016.11.22 17:05:37.081,1.25422,1.25439,1.00,1.00
2016.11.22 17:05:37.704,1.25421,1.2544,1.00,1.00
2016.11.22 17:05:38.090,1.25422,1.25442,1.00,1.25
2016.11.22 17:05:38.140,1.25424,1.25442,1.00,1.00
2016.11.22 17:05:39.194,1.25419,1.25439,1.00,1.00
2016.11.22 17:05:39.245,1.25419,1.25439,1.00,1.24
2016.11.22 17:05:39.650,1.25419,1.25439,1.00,1.79
2016.11.22 17:05:40.205,1.25419,1.25437,1.00,1.19
2016.11.22 17:05:40.948,1.25417,1.25437,1.00,1.19
2016.11.22 17:05:41.623,1.25417,1.25437,1.00,1.00
2016.11.22 17:05:42.178,1.25417,1.25437,1.00,1.35
2016.11.22 17:05:42.716,1.25417,1.25437,1.00,1.00
2016.11.22 17:05:43.591,1.25417,1.25436,1.00,1.00
2016.11.22 17:05:43.743,1.25419,1.25436,1.00,1.50
2016.11.22 17:05:46.146,1.25417,1.25436,1.00,1.00
2016.11.22 17:05:46.197,1.25416,1.25433,1.00,1.00
2016.11.22 17:05:46.318,1.25418,1.25436,1.00,1.00
2016.11.22 17:05:46.369,1.25422,1.2544,1.00,1.05
2016.11.22 17:05:46.420,1.25422,1.25441,1.00,1.05
2016.11.22 17:05:46.471,1.2542,1.25438,1.00,1.00
2016.11.22 17:05:46.623,1.25421,1.25441,1.00,1.37
2016.11.22 17:05:47.129,1.25421,1.25441,1.05,1.00
2016.11.22 17:05:47.371,1.25423,1.25441,1.00,1.00
2016.11.22 17:05:47.675,1.2542,1.25437,1.00,1.00
2016.11.22 17:05:47.868,1.2542,1.25439,1.00,2.55
2016.11.22 17:05:49.104,1.25419,1.25439,1.00,2.55
2016.11.22 17:05:49.974,1.25418,1.25437,1.00,1.00
2016.11.22 17:05:50.050,1.25416,1.25437,1.12,1.00
2016.11.22 17:05:50.402,1.25413,1.25433,1.37,1.00
2016.11.22 17:05:50.706,1.25414,1.25431,1.00,1.00
2016.11.22 17:05:51.885,1.25414,1.25432,1.00,1.00
2016.11.22 17:05:52.585,1.25414,1.25431,1.00,1.00
2016.11.22 17:05:52.852,1.25411,1.25431,2.25,1.00
2016.11.22 17:05:52.904,1.25414,1.25431,1.00,1.00
2016.11.22 17:05:53.812,1.25412,1.25431,1.00,1.00
2016.11.22 17:05:54.345,1.25411,1.25431,1.00,1.00
2016.11.22 17:05:54.907,1.25413,1.2543,1.00,1.00
2016.11.22 17:05:55.794,1.25411,1.2543,1.00,1.00
2016.11.22 17:05:55.845,1.25413,1.2543,1.00,1.00
2016.11.22 17:05:56.827,1.25412,1.2543,1.00,1.00
2016.11.22 17:05:58.014,1.25413,1.2543,1.00,1.00
2016.11.22 17:05:58.818,1.25411,1.25428,1.50,1.00
2016.11.22 17:05:59.138,1.25407,1.25425,1.00,1.00
2016.11.22 17:06:01.200,1.25408,1.25425,1.00,1.00
2016.11.22 17:06:01.302,1.2541,1.25427,1.00,1.00
2016.11.22 17:06:01.606,1.25416,1.25432,1.00,1.00
2016.11.22 17:06:02.113,1.25415,1.25432,1.50,1.00
2016.11.22 17:06:02.701,1.25415,1.25433,1.50,1.00
2016.11.22 17:06:03.358,1.25417,1.25435,1.00,1.00
2016.11.22 17:06:03.864,1.25418,1.25436,1.00,1.00
2016.11.22 17:06:06.021,1.25418,1.25437,1.00,1.00
2016.11.22 17:06:06.659,1.25418,1.25438,1.00,1.00
2016.11.22 17:06:07.334,1.2542,1.25439,1.00,1.00
2016.11.22 17:06:09.812,1.2542,1.25438,1.00,1.00
2016.11.22 17:06:11.920,1.25419,1.25438,1.00,1.25
2016.11.22 17:06:16.814,1.25419,1.25439,1.12,1.56
2016.11.22 17:06:17.324,1.2542,1.2544,1.00,1.56
2016.11.22 17:06:18.066,1.2542,1.25438,1.00,1.56
2016.11.22 17:06:18.902,1.25419,1.25437,1.00,1.31
2016.11.22 17:06:19.210,1.25421,1.25437,1.00,1.31
2016.11.22 17:06:21.104,1.25419,1.25439,1.00,1.56
2016.11.22 17:06:22.148,1.25418,1.25438,1.00,1.56
2016.11.22 17:06:22.805,1.25418,1.25438,1.00,1.31
2016.11.22 17:06:24.480,1.25417,1.25435,1.12,1.00
2016.11.22 17:06:24.929,1.25417,1.25437,1.12,1.00
2016.11.22 17:06:25.443,1.25416,1.25436,1.50,1.31
2016.11.22 17:06:26.687,1.25418,1.25437,1.00,1.69
2016.11.22 17:06:26.992,1.2542,1.25438,1.00,1.00
2016.11.22 17:06:27.502,1.2542,1.25438,1.00,1.56
2016.11.22 17:06:28.008,1.2542,1.25438,1.00,1.31
2016.11.22 17:06:31.723,1.25416,1.25432,1.00,1.00
2016.11.22 17:06:31.774,1.25416,1.25434,1.50,1.00
2016.11.22 17:06:32.077,1.25413,1.25433,1.25,1.00
2016.11.22 17:06:32.784,1.25415,1.25433,1.00,1.00
2016.11.22 17:06:33.958,1.25415,1.25435,1.00,1.87
2016.11.22 17:06:34.262,1.25417,1.25429,1.37,1.00
2016.11.22 17:06:34.313,1.25414,1.25431,1.75,1.00
2016.11.22 17:06:34.414,1.25413,1.25431,1.00,1.00
2016.11.22 17:06:34.616,1.25414,1.25434,1.12,1.00
2016.11.22 17:06:34.983,1.25417,1.25437,1.00,1.87
2016.11.22 17:06:35.301,1.25417,1.25437,2.25,1.00
2016.11.22 17:06:36.223,1.25418,1.25436,1.00,1.00
2016.11.22 17:06:36.919,1.25417,1.25435,1.00,1.00
2016.11.22 17:06:38.463,1.25419,1.25437,1.00,1.00
2016.11.22 17:06:38.735,1.25426,1.25445,1.00,1.00
2016.11.22 17:06:39.264,1.25426,1.25445,1.80,1.00
2016.11.22 17:06:39.785,1.25426,1.25446,1.80,1.00
2016.11.22 17:06:40.968,1.25428,1.25445,1.00,1.00
2016.11.22 17:06:41.070,1.25425,1.25439,1.80,1.00
2016.11.22 17:06:41.223,1.25421,1.25439,1.42,1.00
2016.11.22 17:06:41.274,1.25419,1.25435,1.75,1.00
2016.11.22 17:06:41.326,1.2542,1.25438,1.50,1.00
2016.11.22 17:06:41.377,1.25423,1.25441,1.00,1.00
2016.11.22 17:06:42.085,1.25421,1.2544,1.12,1.00
2016.11.22 17:06:42.464,1.2542,1.25438,1.50,1.00
2016.11.22 17:06:42.785,1.2542,1.25435,1.50,1.00
2016.11.22 17:06:42.837,1.25417,1.25435,1.00,1.00
2016.11.22 17:06:43.457,1.25417,1.25437,1.12,1.00
2016.11.22 17:06:43.929,1.25415,1.25435,3.00,1.00
2016.11.22 17:06:44.031,1.25419,1.25438,1.00,1.00
2016.11.22 17:06:44.436,1.25421,1.25438,1.00,1.00
2016.11.22 17:06:44.790,1.25421,1.25436,1.00,1.00
2016.11.22 17:06:45.258,1.25419,1.25437,1.12,1.00
2016.11.22 17:06:45.561,1.25419,1.25439,1.12,1.00
2016.11.22 17:06:45.612,1.25421,1.25439,1.00,1.00
2016.11.22 17:06:47.698,1.25421,1.25442,1.00,1.05
2016.11.22 17:06:47.749,1.25427,1.25443,1.00,1.05
2016.11.22 17:06:47.952,1.25426,1.25445,1.12,1.00
2016.11.22 17:06:48.053,1.25425,1.25445,1.75,1.00
2016.11.22 17:06:48.256,1.25425,1.25445,1.00,1.00
2016.11.22 17:06:48.449,1.25425,1.25442,1.00,1.00
2016.11.22 17:06:49.238,1.25426,1.25442,1.00,1.00
2016.11.22 17:06:49.291,1.25426,1.25446,1.50,1.00
2016.11.22 17:06:49.443,1.25427,1.25446,1.75,1.00
2016.11.22 17:06:50.740,1.25427,1.25442,1.75,1.00
2016.11.22 17:06:50.955,1.25424,1.25442,1.87,1.00
2016.11.22 17:06:52.689,1.25425,1.25443,1.50,1.00
2016.11.22 17:06:52.791,1.25426,1.25445,1.12,1.00
2016.11.22 17:06:53.319,1.25426,1.25444,1.12,1.00
2016.11.22 17:06:53.674,1.25422,1.25443,2.25,1.00
2016.11.22 17:06:53.906,1.25425,1.25442,1.00,1.00
2016.11.22 17:06:54.396,1.25424,1.25444,1.00,1.00
2016.11.22 17:06:55.379,1.25425,1.25445,1.00,1.00
2016.11.22 17:06:57.005,1.25427,1.25444,1.00,1.00
2016.11.22 17:06:57.774,1.25422,1.25439,1.87,1.00
2016.11.22 17:06:57.876,1.25425,1.25442,1.00,1.00
2016.11.22 17:06:57.977,1.25422,1.25442,1.50,1.00
2016.11.22 17:06:58.180,1.2542,1.2544,1.00,1.00
2016.11.22 17:06:58.781,1.25421,1.25439,1.75,1.00
2016.11.22 17:06:59.044,1.25417,1.25436,1.00,1.00
2016.11.22 17:06:59.991,1.25417,1.25437,1.50,1.00
2016.11.22 17:07:00.092,1.25419,1.25437,1.00,1.00
2016.11.22 17:07:03.435,1.25417,1.25437,1.50,1.00
2016.11.22 17:07:03.944,1.25418,1.25436,1.00,1.09
2016.11.22 17:07:04.422,1.25416,1.25436,1.00,1.68
2016.11.22 17:07:04.966,1.25413,1.25431,1.75,1.00
2016.11.22 17:07:05.169,1.2541,1.25428,1.00,1.00
2016.11.22 17:07:05.967,1.25409,1.25427,1.12,1.00
2016.11.22 17:07:06.538,1.25408,1.25426,1.50,1.00
2016.11.22 17:07:07.197,1.25409,1.25427,1.00,1.00
2016.11.22 17:07:07.350,1.25411,1.25429,1.00,1.00
2016.11.22 17:07:07.458,1.25408,1.25428,1.00,1.00
2016.11.22 17:07:07.509,1.25407,1.25425,1.00,1.00
2016.11.22 17:07:08.302,1.25406,1.25425,1.00,1.00
2016.11.22 17:07:09.357,1.25404,1.25425,1.50,1.00
2016.11.22 17:07:09.664,1.25407,1.25427,1.00,1.00
2016.11.22 17:07:09.968,1.25412,1.2543,1.00,1.00
2016.11.22 17:07:10.323,1.2541,1.25428,1.12,1.00
2016.11.22 17:07:10.577,1.25407,1.25426,1.00,1.00
2016.11.22 17:07:11.378,1.25409,1.25429,1.00,1.30
2016.11.22 17:07:11.581,1.25412,1.25432,1.12,1.12
2016.11.22 17:07:11.682,1.25409,1.25427,1.75,1.00
2016.11.22 17:07:11.784,1.25409,1.25427,1.12,1.00
2016.11.22 17:07:12.379,1.25407,1.25425,1.75,1.00
2016.11.22 17:07:13.599,1.25409,1.25427,1.12,1.00
2016.11.22 17:07:13.852,1.25411,1.25429,1.00,1.00
2016.11.22 17:07:14.389,1.25411,1.25429,1.50,1.00
2016.11.22 17:07:14.913,1.25412,1.2543,1.12,1.00
2016.11.22 17:07:15.483,1.25412,1.25431,1.12,1.00
2016.11.22 17:07:15.964,1.25413,1.25433,1.00,1.00
2016.11.22 17:07:17.857,1.25414,1.25431,1.00,1.00
2016.11.22 17:07:18.384,1.25412,1.2543,1.31,1.00
2016.11.22 17:07:18.658,1.25412,1.25432,1.31,1.00
2016.11.22 17:07:18.710,1.25412,1.25428,1.56,1.00
2016.11.22 17:07:18.761,1.25412,1.25432,1.87,1.00
2016.11.22 17:07:18.813,1.25412,1.25426,1.75,1.00
2016.11.22 17:07:19.017,1.25409,1.25426,1.99,1.00
2016.11.22 17:07:19.526,1.25411,1.25426,1.00,1.00
2016.11.22 17:07:19.678,1.25411,1.25428,1.00,1.00
2016.11.22 17:07:24.472,1.2541,1.25428,1.12,1.00
2016.11.22 17:07:24.647,1.25408,1.25432,2.00,1.00
2016.11.22 17:07:24.849,1.25408,1.25426,1.00,1.00
2016.11.22 17:07:25.186,1.2541,1.25428,1.00,1.00
2016.11.22 17:07:25.653,1.25408,1.25426,1.00,1.00
2016.11.22 17:07:26.688,1.25408,1.25428,1.00,1.00
2016.11.22 17:07:27.687,1.25408,1.25426,1.00,1.00
2016.11.22 17:07:28.572,1.25408,1.25426,1.19,1.00
2016.11.22 17:07:30.839,1.25406,1.25424,1.56,1.00
2016.11.22 17:07:31.042,1.25406,1.25426,1.69,1.00
2016.11.22 17:07:31.967,1.25406,1.25426,1.69,1.00
2016.11.22 17:07:33.068,1.25406,1.25426,1.69,1.00
2016.11.22 17:07:33.711,1.25406,1.25426,1.69,1.00
2016.11.22 17:07:37.071,1.25406,1.25426,1.69,1.00
2016.11.22 17:07:37.624,1.25407,1.25427,1.31,1.00
2016.11.22 17:07:38.169,1.25407,1.25427,1.56,1.00
2016.11.22 17:07:39.475,1.25409,1.25427,1.00,1.00
2016.11.22 17:07:39.576,1.25409,1.25427,1.56,1.00
2016.11.22 17:07:40.310,1.25406,1.25426,3.11,1.00
2016.11.22 17:07:40.378,1.25406,1.25424,2.81,1.00
2016.11.22 17:07:40.738,1.2541,1.25427,1.00,1.00
2016.11.22 17:07:40.810,1.25407,1.25427,1.56,1.00
2016.11.22 17:07:40.861,1.2541,1.25428,1.00,1.00
2016.11.22 17:07:41.166,1.25412,1.2543,1.00,1.00
2016.11.22 17:07:41.671,1.25413,1.25431,1.00,1.00
2016.11.22 17:07:42.128,1.25412,1.25429,1.00,1.00
2016.11.22 17:07:42.251,1.25407,1.25427,2.29,1.00
2016.11.22 17:07:42.454,1.25407,1.25427,1.25,1.00
2016.11.22 17:07:42.555,1.25406,1.25425,1.31,1.00
2016.11.22 17:07:43.061,1.25406,1.25425,1.00,1.00
2016.11.22 17:07:43.424,1.25405,1.25423,1.19,1.00
2016.11.22 17:07:43.936,1.25405,1.25424,1.19,1.00
2016.11.22 17:07:44.268,1.25406,1.25426,1.00,1.00
2016.11.22 17:07:44.823,1.25405,1.25425,1.25,1.00
2016.11.22 17:07:45.560,1.25405,1.25425,1.19,1.00
2016.11.22 17:07:45.863,1.25407,1.25427,1.25,1.00
2016.11.22 17:07:46.066,1.25405,1.25425,1.56,1.00
2016.11.22 17:07:46.850,1.25406,1.25425,1.25,1.00
2016.11.22 17:07:47.364,1.25407,1.25425,1.00,1.00
2016.11.22 17:07:47.495,1.25407,1.25427,1.00,1.00
2016.11.22 17:07:47.596,1.25411,1.25427,1.00,1.00
2016.11.22 17:07:47.799,1.25409,1.25428,1.00,1.00
2016.11.22 17:07:48.625,1.25408,1.25428,1.25,1.00
2016.11.22 17:07:52.506,1.25412,1.2543,1.00,1.50
2016.11.22 17:07:52.839,1.25416,1.25434,1.00,1.00
2016.11.22 17:07:53.570,1.25415,1.25433,1.00,1.00
2016.11.22 17:07:55.113,1.25416,1.25434,1.00,1.00
2016.11.22 17:07:57.724,1.25421,1.25438,1.00,2.32
2016.11.22 17:07:57.928,1.25421,1.25441,1.00,1.00
2016.11.22 17:07:58.080,1.25418,1.25437,1.69,1.00
2016.11.22 17:07:58.384,1.25417,1.25434,1.00,1.00
2016.11.22 17:07:58.536,1.25413,1.25432,1.37,1.00
2016.11.22 17:07:58.790,1.25418,1.25437,1.00,2.55
2016.11.22 17:07:58.942,1.25419,1.25439,1.25,1.00
2016.11.22 17:07:58.994,1.25421,1.25439,1.00,1.00
2016.11.22 17:07:59.499,1.25424,1.25442,1.00,1.00
2016.11.22 17:08:00.014,1.25425,1.25443,1.00,1.00
2016.11.22 17:08:01.807,1.25428,1.25446,1.00,1.87
2016.11.22 17:08:01.858,1.25428,1.25448,1.00,1.00
2016.11.22 17:08:01.959,1.25426,1.25446,1.69,1.00
2016.11.22 17:08:02.414,1.25425,1.25445,1.31,1.00
2016.11.22 17:08:02.981,1.25426,1.25444,1.00,1.00
2016.11.22 17:08:03.504,1.25424,1.25445,1.69,1.00
2016.11.22 17:08:03.555,1.25429,1.25447,1.00,1.37
2016.11.22 17:08:03.707,1.25431,1.25449,1.00,1.12
2016.11.22 17:08:03.909,1.25433,1.25451,1.00,1.87
2016.11.22 17:08:04.414,1.25433,1.25451,1.00,1.00
2016.11.22 17:08:04.969,1.25433,1.25452,1.00,1.00
2016.11.22 17:08:05.070,1.25431,1.25451,1.00,1.00
2016.11.22 17:08:05.827,1.25431,1.25451,2.10,1.00
2016.11.22 17:08:06.361,1.25433,1.25451,1.00,1.00
2016.11.22 17:08:06.983,1.25433,1.25453,1.00,1.00
2016.11.22 17:08:09.466,1.25432,1.2545,1.12,1.00
2016.11.22 17:08:10.047,1.25433,1.25453,1.00,2.81
2016.11.22 17:08:10.549,1.25433,1.25453,1.00,1.00
2016.11.22 17:08:12.539,1.25432,1.25452,1.00,1.00
2016.11.22 17:08:15.806,1.25432,1.25452,1.00,1.56
2016.11.22 17:08:16.461,1.25432,1.25452,1.00,1.00
2016.11.22 17:08:18.414,1.25434,1.25452,1.00,1.25
2016.11.22 17:08:18.718,1.25432,1.2545,1.00,1.00
2016.11.22 17:08:19.229,1.25431,1.25452,1.00,1.19
2016.11.22 17:08:21.474,1.25431,1.25453,1.00,1.31
2016.11.22 17:08:21.777,1.25434,1.25453,1.12,1.25
2016.11.22 17:08:22.514,1.25435,1.25453,1.00,1.25
2016.11.22 17:08:23.244,1.25437,1.25457,1.37,1.31
2016.11.22 17:08:23.295,1.25437,1.25458,1.37,1.62
2016.11.22 17:08:23.700,1.25441,1.25461,1.00,2.44
2016.11.22 17:08:23.946,1.25445,1.25462,1.00,1.25
2016.11.22 17:08:25.188,1.25445,1.25465,1.00,1.19
2016.11.22 17:08:26.371,1.25445,1.25465,1.00,1.19
2016.11.22 17:08:27.653,1.25444,1.25462,1.42,1.00
2016.11.22 17:08:28.635,1.25444,1.25461,1.12,1.00
2016.11.22 17:08:31.473,1.25446,1.25461,1.00,1.00
2016.11.22 17:08:31.526,1.25444,1.25461,1.12,1.00
2016.11.22 17:08:33.358,1.25445,1.25465,1.00,1.24
2016.11.22 17:08:33.919,1.25443,1.25463,1.50,1.00
2016.11.22 17:08:34.921,1.25445,1.25462,1.00,1.00
2016.11.22 17:08:35.924,1.25445,1.25463,1.00,1.00
2016.11.22 17:08:38.084,1.25444,1.25462,1.12,1.00
2016.11.22 17:08:38.590,1.25443,1.25461,1.50,1.00
2016.11.22 17:08:42.161,1.25445,1.25463,1.00,1.19
2016.11.22 17:08:42.313,1.25445,1.25463,1.00,1.25
2016.11.22 17:08:42.487,1.25444,1.25461,1.12,1.00
2016.11.22 17:08:43.049,1.25447,1.25467,1.00,2.81
2016.11.22 17:08:43.352,1.25451,1.25468,1.00,1.19
2016.11.22 17:08:43.483,1.25449,1.25468,1.00,1.19
2016.11.22 17:08:43.999,1.25449,1.25468,1.00,1.25
2016.11.22 17:08:44.354,1.25448,1.25466,1.00,1.00
2016.11.22 17:08:44.826,1.25446,1.25466,1.00,1.00
2016.11.22 17:08:44.980,1.25446,1.25463,1.00,1.00
2016.11.22 17:08:45.311,1.25448,1.25465,1.00,1.00
2016.11.22 17:08:45.616,1.25446,1.25463,1.00,1.00
2016.11.22 17:08:45.970,1.25448,1.25467,1.00,1.25
2016.11.22 17:08:46.488,1.25448,1.25467,1.00,1.19
2016.11.22 17:08:46.684,1.25446,1.25466,1.00,1.25
2016.11.22 17:08:46.836,1.25446,1.25464,1.00,1.00
2016.11.22 17:08:47.657,1.25446,1.25463,1.00,1.00
2016.11.22 17:08:47.708,1.25446,1.25465,1.50,1.00
2016.11.22 17:08:48.163,1.25444,1.25463,1.00,1.00
2016.11.22 17:08:48.598,1.25446,1.25465,1.00,1.61
2016.11.22 17:08:49.122,1.25446,1.25465,1.00,1.00
2016.11.22 17:08:50.403,1.25445,1.25462,1.00,1.00
2016.11.22 17:08:50.906,1.25442,1.2546,1.00,1.00
2016.11.22 17:08:51.108,1.25442,1.2546,1.00,1.31
2016.11.22 17:08:51.613,1.25441,1.25459,1.12,1.19
2016.11.22 17:08:51.816,1.25443,1.25463,1.00,1.31
2016.11.22 17:08:52.472,1.25445,1.25463,1.00,1.19
2016.11.22 17:08:53.927,1.25443,1.2546,1.00,1.00
2016.11.22 17:08:54.230,1.25445,1.25463,1.00,2.06
2016.11.22 17:08:54.911,1.25445,1.25463,1.00,1.19
2016.11.22 17:08:55.349,1.25444,1.25461,1.00,1.19
2016.11.22 17:08:55.400,1.25442,1.25459,1.12,1.00
2016.11.22 17:08:55.919,1.25442,1.25461,1.00,1.19
2016.11.22 17:08:56.424,1.25441,1.2546,1.00,1.24
2016.11.22 17:08:56.476,1.25439,1.25459,1.12,1.25
2016.11.22 17:08:56.527,1.25439,1.25459,1.12,1.56
2016.11.22 17:08:57.283,1.25438,1.25457,1.00,1.25
2016.11.22 17:08:58.924,1.25433,1.25451,2.81,1.00
2016.11.22 17:08:59.077,1.2543,1.25447,1.12,1.00
2016.11.22 17:08:59.229,1.2543,1.25447,1.00,1.31
2016.11.22 17:08:59.322,1.2543,1.25447,1.00,1.25
2016.11.22 17:08:59.526,1.25427,1.25444,1.00,1.00
2016.11.22 17:08:59.830,1.25418,1.25439,1.37,1.50
2016.11.22 17:08:59.881,1.25418,1.25439,1.00,1.87
2016.11.22 17:09:00.395,1.25416,1.25436,1.50,1.00
2016.11.22 17:09:00.883,1.25422,1.25439,1.00,1.37
2016.11.22 17:09:01.035,1.25424,1.25444,1.00,2.81
2016.11.22 17:09:01.137,1.2542,1.25442,1.87,1.00
2016.11.22 17:09:01.188,1.2542,1.25442,1.37,1.00
2016.11.22 17:09:01.289,1.2542,1.25442,1.00,1.19
2016.11.22 17:09:01.824,1.25422,1.25442,1.00,1.00
2016.11.22 17:09:02.330,1.25422,1.25442,1.00,1.87
2016.11.22 17:09:02.869,1.25424,1.25442,1.00,1.12
2016.11.22 17:09:03.285,1.25426,1.25443,1.00,1.37
2016.11.22 17:09:03.589,1.25429,1.25443,1.00,1.37
2016.11.22 17:09:03.641,1.25427,1.25443,1.00,1.37
2016.11.22 17:09:03.742,1.25429,1.25447,1.00,1.12
2016.11.22 17:09:03.793,1.25429,1.25448,1.00,1.62
2016.11.22 17:09:04.097,1.25427,1.25447,1.00,1.12
2016.11.22 17:09:04.630,1.25428,1.25448,1.00,1.50
2016.11.22 17:09:04.984,1.25431,1.25449,1.00,2.00
2016.11.22 17:09:05.486,1.2543,1.25449,1.00,2.44
2016.11.22 17:09:05.823,1.25426,1.25446,1.50,1.56
2016.11.22 17:09:06.044,1.25426,1.25443,1.50,1.00
2016.11.22 17:09:06.703,1.25424,1.25442,1.00,1.00
2016.11.22 17:09:08.950,1.25424,1.25442,1.00,1.56
2016.11.22 17:09:09.471,1.25425,1.25442,1.00,1.56
2016.11.22 17:09:10.525,1.25425,1.25443,1.00,1.56
2016.11.22 17:09:10.683,1.25423,1.25443,1.00,2.06
2016.11.22 17:09:10.785,1.25423,1.25442,1.00,1.31
2016.11.22 17:09:11.113,1.25419,1.25439,1.00,1.50
2016.11.22 17:09:11.164,1.25419,1.25439,1.00,2.44
2016.11.22 17:09:11.701,1.25422,1.25439,1.00,1.56
2016.11.22 17:09:11.752,1.25422,1.25439,1.00,1.31
2016.11.22 17:09:11.855,1.25422,1.25439,1.00,1.56
2016.11.22 17:09:12.058,1.2542,1.25438,1.00,1.56
2016.11.22 17:09:12.868,1.2542,1.25438,1.00,1.56
2016.11.22 17:09:13.371,1.25421,1.25439,1.00,1.56
2016.11.22 17:09:15.649,1.2542,1.25438,1.00,1.31
2016.11.22 17:09:16.161,1.2542,1.25437,1.00,1.00
2016.11.22 17:09:16.667,1.25417,1.25437,1.00,2.06
2016.11.22 17:09:17.186,1.25412,1.2543,1.00,1.00
2016.11.22 17:09:17.760,1.25411,1.25433,1.00,1.94
2016.11.22 17:09:18.064,1.25413,1.25426,1.00,1.25
2016.11.22 17:09:18.217,1.2541,1.25427,1.00,1.56
2016.11.22 17:09:18.370,1.25411,1.2543,1.00,2.06
2016.11.22 17:09:18.436,1.25411,1.2543,1.00,2.06
2016.11.22 17:09:18.941,1.25411,1.2543,1.00,1.56
2016.11.22 17:09:19.347,1.25411,1.2543,1.00,1.19
2016.11.22 17:09:19.744,1.25412,1.25432,1.00,1.64
2016.11.22 17:09:19.795,1.25414,1.25433,1.00,1.64
2016.11.22 17:09:20.136,1.25417,1.25435,1.00,5.58
2016.11.22 17:09:20.187,1.25413,1.25429,1.00,1.00
2016.11.22 17:09:20.693,1.25414,1.25431,1.00,2.02
2016.11.22 17:09:21.223,1.25414,1.25431,1.00,1.00
2016.11.22 17:09:21.774,1.25413,1.25432,1.00,1.00
2016.11.22 17:09:22.330,1.25414,1.25434,1.00,1.75
2016.11.22 17:09:22.532,1.25419,1.25438,1.00,1.37
2016.11.22 17:09:23.035,1.25419,1.25436,1.00,1.00
2016.11.22 17:09:23.189,1.25419,1.25434,1.00,1.00
2016.11.22 17:09:23.505,1.25417,1.25434,1.00,1.50
2016.11.22 17:09:23.556,1.25415,1.2543,1.00,1.00
2016.11.22 17:09:23.657,1.25415,1.25434,1.00,1.00
2016.11.22 17:09:23.910,1.25413,1.25432,1.00,1.00
2016.11.22 17:09:24.214,1.25413,1.25429,1.00,1.00
2016.11.22 17:09:24.315,1.25413,1.25432,1.00,1.37
2016.11.22 17:09:24.366,1.25413,1.25429,1.00,1.00
2016.11.22 17:09:24.693,1.25415,1.25429,1.00,1.00
2016.11.22 17:09:25.130,1.25413,1.25429,1.00,1.00
2016.11.22 17:09:25.632,1.25414,1.25429,1.00,1.00
2016.11.22 17:09:26.301,1.25415,1.25429,1.00,1.00
2016.11.22 17:09:26.757,1.25417,1.25429,1.00,1.00
2016.11.22 17:09:26.961,1.25414,1.25429,1.00,1.00
2016.11.22 17:09:27.315,1.2541,1.25428,2.44,1.00
2016.11.22 17:09:27.366,1.2541,1.25424,2.25,1.00
2016.11.22 17:09:27.520,1.25408,1.25424,1.00,1.00
2016.11.22 17:09:27.874,1.25408,1.25419,1.00,1.00
2016.11.22 17:09:27.925,1.25406,1.25419,1.00,1.00
2016.11.22 17:09:28.128,1.25409,1.25419,1.00,1.00
2016.11.22 17:09:28.179,1.25409,1.25425,1.00,1.00
2016.11.22 17:09:28.381,1.25411,1.25424,1.00,1.00
2016.11.22 17:09:28.482,1.25413,1.25429,1.00,1.00
2016.11.22 17:09:28.836,1.25411,1.25428,1.00,1.00
2016.11.22 17:09:29.395,1.2541,1.25427,1.00,1.00
2016.11.22 17:09:29.496,1.2541,1.25425,1.00,1.00
2016.11.22 17:09:29.699,1.25411,1.25428,1.00,1.00
2016.11.22 17:09:30.002,1.25411,1.25425,1.00,1.00
2016.11.22 17:09:30.362,1.25415,1.25425,1.00,1.00
2016.11.22 17:09:30.414,1.25417,1.25429,1.00,1.00
2016.11.22 17:09:30.619,1.25419,1.2543,1.00,1.00
2016.11.22 17:09:30.743,1.25416,1.2543,1.00,1.00
2016.11.22 17:09:30.811,1.25412,1.25427,1.75,1.00
2016.11.22 17:09:30.963,1.25403,1.25423,1.50,1.50
2016.11.22 17:09:31.065,1.25403,1.25421,1.00,1.00
2016.11.22 17:09:31.758,1.25401,1.25421,1.87,1.00
2016.11.22 17:09:32.097,1.254,1.2542,1.12,1.00
2016.11.22 17:09:32.161,1.25403,1.2542,1.00,1.50
2016.11.22 17:09:32.415,1.25403,1.25423,1.00,1.00
2016.11.22 17:09:32.466,1.25403,1.25423,1.19,1.00
2016.11.22 17:09:32.770,1.25408,1.25425,1.00,1.00
2016.11.22 17:09:33.074,1.2541,1.25425,1.00,1.00
2016.11.22 17:09:33.580,1.2541,1.25424,1.00,1.00
2016.11.22 17:09:33.722,1.25408,1.25426,1.19,1.00
2016.11.22 17:09:34.269,1.25408,1.25426,1.00,1.00
2016.11.22 17:09:34.884,1.25409,1.25426,1.00,1.00
2016.11.22 17:09:35.652,1.25408,1.25428,1.00,1.00
2016.11.22 17:09:35.805,1.25408,1.25425,1.00,1.00
2016.11.22 17:09:36.201,1.25411,1.25425,1.00,1.00
2016.11.22 17:09:36.509,1.25411,1.25428,1.00,1.00
2016.11.22 17:09:37.213,1.25411,1.25429,1.00,1.50
2016.11.22 17:09:37.314,1.25413,1.2543,1.00,1.00
2016.11.22 17:09:37.584,1.25413,1.25433,1.12,1.00
2016.11.22 17:09:38.296,1.25416,1.25435,1.00,1.50
2016.11.22 17:09:38.599,1.25416,1.25429,1.00,1.00
2016.11.22 17:09:39.564,1.25418,1.25429,1.00,1.00
2016.11.22 17:09:39.615,1.25418,1.25434,1.00,1.00
2016.11.22 17:09:39.969,1.25416,1.25433,1.12,1.00
2016.11.22 17:09:40.610,1.25416,1.2543,1.00,1.00
2016.11.22 17:09:41.124,1.25418,1.2543,1.00,1.00
2016.11.22 17:09:41.225,1.25418,1.25434,1.00,1.00
2016.11.22 17:09:41.733,1.25418,1.25435,1.00,1.00
2016.11.22 17:09:42.274,1.25419,1.25435,1.00,1.00
2016.11.22 17:09:43.113,1.25416,1.25434,1.00,1.00
2016.11.22 17:09:43.215,1.25416,1.2543,1.00,1.00
2016.11.22 17:09:43.317,1.25414,1.2543,1.00,1.00
2016.11.22 17:09:43.418,1.2541,1.25429,2.25,1.00
2016.11.22 17:09:43.519,1.2541,1.25424,1.50,1.00
2016.11.22 17:09:43.621,1.2541,1.25429,1.50,1.00
2016.11.22 17:09:43.723,1.2541,1.25424,1.00,1.00
2016.11.22 17:09:44.147,1.25412,1.25424,1.00,1.00
2016.11.22 17:09:44.299,1.2541,1.25427,1.00,1.00
2016.11.22 17:09:44.350,1.25413,1.25429,1.00,1.12
2016.11.22 17:09:44.502,1.25411,1.25428,1.00,1.00
2016.11.22 17:09:44.638,1.2541,1.25426,1.37,1.00
2016.11.22 17:09:44.690,1.25406,1.25425,1.00,1.00
2016.11.22 17:09:45.145,1.25404,1.25422,1.00,1.00
2016.11.22 17:09:45.473,1.25407,1.25424,1.00,1.50
2016.11.22 17:09:45.777,1.25405,1.25419,1.00,1.00
2016.11.22 17:09:46.104,1.25412,1.25425,1.00,1.00
2016.11.22 17:09:46.458,1.25404,1.25424,2.55,1.00
2016.11.22 17:09:46.509,1.25404,1.25422,2.55,1.00
2016.11.22 17:09:46.813,1.25403,1.25421,1.00,1.00
2016.11.22 17:09:47.067,1.25402,1.25419,1.00,1.00
2016.11.22 17:09:48.233,1.25403,1.25419,1.00,1.00
2016.11.22 17:09:48.334,1.25401,1.25419,1.00,1.00
2016.11.22 17:09:48.840,1.254,1.25419,1.00,1.00
2016.11.22 17:09:48.891,1.25405,1.25424,1.00,4.42
2016.11.22 17:09:48.942,1.25403,1.25421,1.00,1.00
2016.11.22 17:09:48.993,1.254,1.25418,1.00,1.00
2016.11.22 17:09:49.296,1.25396,1.2542,1.75,1.00
2016.11.22 17:09:49.504,1.25403,1.2542,1.00,1.00
2016.11.22 17:09:49.556,1.25403,1.25424,1.00,3.00
2016.11.22 17:09:49.607,1.25403,1.25424,1.00,2.25
2016.11.22 17:09:49.760,1.25403,1.25419,1.00,1.00
2016.11.22 17:09:50.337,1.25402,1.25419,1.00,1.00
2016.11.22 17:09:50.644,1.25404,1.2542,1.00,1.00
2016.11.22 17:09:50.745,1.25404,1.25423,1.00,1.12
2016.11.22 17:09:51.020,1.25409,1.25424,1.00,1.00
2016.11.22 17:09:51.324,1.25406,1.25424,1.00,1.00
2016.11.22 17:09:51.639,1.25406,1.25419,1.00,1.00
2016.11.22 17:09:52.146,1.25405,1.25419,1.12,1.00
2016.11.22 17:09:52.806,1.25406,1.25419,1.00,1.00
2016.11.22 17:09:52.857,1.25406,1.25424,1.00,1.00
2016.11.22 17:09:53.211,1.25408,1.25424,1.00,1.00
2016.11.22 17:09:53.433,1.25408,1.25429,1.00,2.62
2016.11.22 17:09:53.534,1.25409,1.25424,1.00,1.00
2016.11.22 17:09:53.636,1.25409,1.25428,1.00,1.00
2016.11.22 17:09:53.940,1.25408,1.25424,1.00,1.00
2016.11.22 17:09:54.566,1.25409,1.25424,1.00,1.00
2016.11.22 17:09:55.137,1.25408,1.25425,1.00,1.00
2016.11.22 17:09:55.452,1.25408,1.25419,1.00,1.00
2016.11.22 17:09:55.503,1.25406,1.25419,1.00,1.00
2016.11.22 17:09:55.554,1.25405,1.25423,1.00,1.00
2016.11.22 17:09:55.646,1.25408,1.25424,1.00,1.00
2016.11.22 17:09:56.196,1.25408,1.25425,1.00,1.00
2016.11.22 17:09:56.504,1.25405,1.25425,1.00,1.00
2016.11.22 17:09:57.391,1.25407,1.25425,1.00,1.00
2016.11.22 17:09:57.915,1.25407,1.25424,1.00,1.00
2016.11.22 17:09:58.817,1.25408,1.25424,1.00,1.00
2016.11.22 17:09:58.868,1.25408,1.25427,1.00,1.00
2016.11.22 17:09:59.019,1.25408,1.25429,1.00,1.00
2016.11.22 17:09:59.272,1.25411,1.25429,1.00,1.00
2016.11.22 17:09:59.576,1.25413,1.2543,1.12,1.00
2016.11.22 17:09:59.728,1.25413,1.25434,1.12,1.00
2016.11.22 17:09:59.779,1.25416,1.25434,1.00,1.00
2016.11.22 17:10:00.079,1.25418,1.25435,1.00,1.00
2016.11.22 17:10:00.402,1.25418,1.2543,1.00,1.00
2016.11.22 17:10:00.453,1.25418,1.25434,1.00,1.00
2016.11.22 17:10:00.606,1.2542,1.25434,1.00,1.00
2016.11.22 17:10:00.759,1.25421,1.25438,1.00,1.00
2016.11.22 17:10:00.962,1.25421,1.25435,1.00,1.00
2016.11.22 17:10:01.457,1.25422,1.25439,1.00,1.00
2016.11.22 17:10:01.559,1.25421,1.25435,1.00,1.00
2016.11.22 17:10:01.710,1.25419,1.25435,1.50,1.00
2016.11.22 17:10:01.862,1.25421,1.25435,1.00,1.00
2016.11.22 17:10:01.964,1.25421,1.25439,1.00,1.50
2016.11.22 17:10:02.268,1.25422,1.25441,1.00,1.00
2016.11.22 17:10:02.370,1.2542,1.2544,1.00,1.00
2016.11.22 17:10:02.422,1.25422,1.25442,1.00,1.00
2016.11.22 17:10:02.624,1.25423,1.25444,1.00,1.00
2016.11.22 17:10:02.827,1.25422,1.25442,1.00,1.00
2016.11.22 17:10:03.850,1.25422,1.25439,1.00,1.00
2016.11.22 17:10:04.252,1.25422,1.25441,1.00,1.00
2016.11.22 17:10:04.650,1.25422,1.25439,1.00,1.00
2016.11.22 17:10:05.193,1.25422,1.2544,1.00,1.00
2016.11.22 17:10:05.498,1.25424,1.25439,1.00,1.00
2016.11.22 17:10:05.755,1.25424,1.25442,1.00,1.00
2016.11.22 17:10:05.812,1.25426,1.25444,1.00,1.00
2016.11.22 17:10:06.066,1.25421,1.25441,1.12,1.00
2016.11.22 17:10:06.269,1.25421,1.25439,1.00,1.00
2016.11.22 17:10:07.097,1.25422,1.25439,1.00,1.00
2016.11.22 17:10:07.868,1.25422,1.2544,1.00,1.50
2016.11.22 17:10:08.020,1.2542,1.2544,1.00,1.50
2016.11.22 17:10:08.171,1.25421,1.25434,1.00,1.00
2016.11.22 17:10:08.273,1.25423,1.2544,1.00,1.00
2016.11.22 17:10:08.781,1.25423,1.25441,1.00,1.00
2016.11.22 17:10:09.311,1.25421,1.25442,1.37,1.00
2016.11.22 17:10:09.565,1.25426,1.25444,1.00,1.37
2016.11.22 17:10:10.045,1.2543,1.25444,1.00,1.00
2016.11.22 17:10:10.198,1.2543,1.25447,1.00,1.00
2016.11.22 17:10:10.722,1.25429,1.25447,1.00,1.00
2016.11.22 17:10:10.964,1.25429,1.25444,1.00,1.00
2016.11.22 17:10:11.015,1.25427,1.25444,1.00,1.00
2016.11.22 17:10:11.644,1.25427,1.25445,1.00,1.50
2016.11.22 17:10:12.174,1.25427,1.25444,1.00,1.00
2016.11.22 17:10:12.885,1.25425,1.25444,1.00,1.00
2016.11.22 17:10:13.391,1.25429,1.25444,1.00,1.00
2016.11.22 17:10:13.696,1.25429,1.25449,1.00,1.50
2016.11.22 17:10:13.899,1.25427,1.25447,1.00,1.00
2016.11.22 17:10:14.202,1.25427,1.25444,1.00,1.00
2016.11.22 17:10:15.289,1.25427,1.25445,1.00,1.50
2016.11.22 17:10:15.999,1.25424,1.25442,2.25,1.00
2016.11.22 17:10:16.050,1.25424,1.25442,1.00,1.00
2016.11.22 17:10:16.505,1.25422,1.2544,1.00,1.00
2016.11.22 17:10:16.927,1.2542,1.25438,1.00,1.00
2016.11.22 17:10:17.529,1.25422,1.2544,1.00,1.50
2016.11.22 17:10:18.036,1.25421,1.25439,1.00,1.00
2016.11.22 17:10:18.404,1.25416,1.25434,1.00,1.00
2016.11.22 17:10:18.726,1.25419,1.25434,1.00,1.00
2016.11.22 17:10:18.828,1.25422,1.2544,1.00,2.17
2016.11.22 17:10:18.930,1.25422,1.2544,1.00,1.50
2016.11.22 17:10:19.726,1.25423,1.2544,1.00,1.05
2016.11.22 17:10:19.980,1.25421,1.25439,1.00,1.50
2016.11.22 17:10:20.489,1.25421,1.25439,1.56,1.00
2016.11.22 17:10:20.590,1.25421,1.25439,1.00,1.00
2016.11.22 17:10:21.103,1.2542,1.25439,1.31,1.00
2016.11.22 17:10:21.358,1.25416,1.25436,1.50,1.00
2016.11.22 17:10:21.577,1.25413,1.25434,1.12,1.00
2016.11.22 17:10:21.871,1.25415,1.25433,1.00,1.00
2016.11.22 17:10:23.000,1.25413,1.25433,1.12,1.00
2016.11.22 17:10:23.434,1.25413,1.25431,1.69,1.00
2016.11.22 17:10:23.737,1.25411,1.2543,1.00,1.50
2016.11.22 17:10:23.788,1.25415,1.2543,1.56,1.50
2016.11.22 17:10:23.890,1.25416,1.25432,1.00,1.80
2016.11.22 17:10:23.991,1.25413,1.25433,2.06,1.00
2016.11.22 17:10:24.143,1.25413,1.25429,1.37,1.00
2016.11.22 17:10:24.295,1.2541,1.2543,1.00,1.12
2016.11.22 17:10:24.397,1.25412,1.2543,1.00,1.12
2016.11.22 17:10:24.711,1.25408,1.25424,1.00,1.00
2016.11.22 17:10:24.762,1.25408,1.25429,1.00,1.50
2016.11.22 17:10:24.864,1.25407,1.25424,1.00,1.00
2016.11.22 17:10:25.017,1.25407,1.25427,1.00,1.50
2016.11.22 17:10:25.068,1.25407,1.25425,1.56,1.00
2016.11.22 17:10:25.170,1.25407,1.25425,1.31,1.00
2016.11.22 17:10:25.423,1.25408,1.25429,1.12,1.12
2016.11.22 17:10:25.474,1.25407,1.25426,1.37,1.00
2016.11.22 17:10:26.014,1.25407,1.25426,1.00,1.00
2016.11.22 17:10:26.467,1.25407,1.25424,1.00,1.00
2016.11.22 17:10:26.983,1.25406,1.25425,1.00,1.00
2016.11.22 17:10:27.539,1.25408,1.25425,1.00,1.00
2016.11.22 17:10:27.843,1.25408,1.25427,1.00,1.00
2016.11.22 17:10:28.349,1.25407,1.25426,1.00,1.00
2016.11.22 17:10:29.056,1.25405,1.25426,1.50,1.00
2016.11.22 17:10:29.165,1.25407,1.25426,1.00,1.00
2016.11.22 17:10:29.516,1.25408,1.25429,1.00,2.62
2016.11.22 17:10:29.568,1.2541,1.2543,1.00,1.37
2016.11.22 17:10:29.721,1.25408,1.25428,1.00,1.00
2016.11.22 17:10:29.875,1.25404,1.25423,1.50,1.00
2016.11.22 17:10:30.322,1.25408,1.25419,1.00,1.00
2016.11.22 17:10:30.373,1.25409,1.25425,1.00,1.42
2016.11.22 17:10:30.425,1.25405,1.25424,1.00,1.05
2016.11.22 17:10:30.567,1.25403,1.2542,1.50,1.00
2016.11.22 17:10:30.618,1.25401,1.25421,1.00,1.00
2016.11.22 17:10:31.128,1.254,1.25421,1.00,1.00
2016.11.22 17:10:31.325,1.25402,1.25423,1.00,1.50
2016.11.22 17:10:31.831,1.25402,1.25423,1.12,1.00
2016.11.22 17:10:32.332,1.25402,1.25423,2.62,1.00
2016.11.22 17:10:32.850,1.25402,1.25423,1.37,1.00
2016.11.22 17:10:33.214,1.25407,1.25428,1.00,1.12
2016.11.22 17:10:33.519,1.25426,1.25446,1.00,1.75
2016.11.22 17:10:33.621,1.25425,1.25446,1.12,1.00
2016.11.22 17:10:34.121,1.25422,1.25443,1.37,1.00
2016.11.22 17:10:34.474,1.2542,1.25443,1.80,1.00
2016.11.22 17:10:34.880,1.25418,1.25441,1.00,1.00
2016.11.22 17:10:35.185,1.25423,1.25444,1.00,1.37
2016.11.22 17:10:35.695,1.25423,1.25444,1.12,1.00
2016.11.22 17:10:36.103,1.25425,1.25446,1.00,1.12
2016.11.22 17:10:36.905,1.25425,1.25444,1.00,1.00
2016.11.22 17:10:37.167,1.25422,1.25443,1.37,1.00
2016.11.22 17:10:37.269,1.25423,1.25445,1.12,1.00
2016.11.22 17:10:37.522,1.25422,1.25443,1.00,1.12
2016.11.22 17:10:37.945,1.25424,1.25443,1.00,1.12
2016.11.22 17:10:38.248,1.25425,1.2544,1.00,1.00
2016.11.22 17:10:38.299,1.25425,1.25445,1.00,1.50
2016.11.22 17:10:38.703,1.25428,1.25444,1.00,1.12
2016.11.22 17:10:38.856,1.25428,1.25449,1.12,1.50
2016.11.22 17:10:38.906,1.25425,1.25445,2.92,1.00
2016.11.22 17:10:38.957,1.25426,1.25447,1.37,1.00
2016.11.22 17:10:39.211,1.25429,1.25449,1.00,2.25
2016.11.22 17:10:39.312,1.25429,1.25449,1.00,1.12
2016.11.22 17:10:40.259,1.25427,1.25449,1.00,1.12
2016.11.22 17:10:40.814,1.25425,1.25446,1.00,1.00
2016.11.22 17:10:41.118,1.25429,1.25449,1.00,2.25
2016.11.22 17:10:41.320,1.25429,1.2545,1.00,1.12
2016.11.22 17:10:41.831,1.2543,1.2545,1.00,1.00
2016.11.22 17:10:41.882,1.2543,1.25452,1.00,1.00
2016.11.22 17:10:41.983,1.25431,1.25454,1.00,1.87
2016.11.22 17:10:42.135,1.2543,1.25451,1.00,1.00
2016.11.22 17:10:42.439,1.25428,1.25449,1.00,1.00
2016.11.22 17:10:43.308,1.25426,1.25449,1.50,1.12
2016.11.22 17:10:43.634,1.25426,1.25446,1.00,1.00
2016.11.22 17:10:43.736,1.25422,1.25445,3.49,1.00
2016.11.22 17:10:43.788,1.25424,1.25447,1.12,1.12
2016.11.22 17:10:44.091,1.25426,1.25446,1.00,1.00
2016.11.22 17:10:45.052,1.25426,1.25447,1.00,1.00
2016.11.22 17:10:45.389,1.25426,1.25445,1.00,1.00
2016.11.22 17:10:45.693,1.25428,1.25447,1.00,1.00
2016.11.22 17:10:45.997,1.25427,1.25445,1.75,1.00
2016.11.22 17:10:46.048,1.25429,1.25449,1.12,1.37
2016.11.22 17:10:46.251,1.25429,1.25452,2.06,1.00
2016.11.22 17:10:46.419,1.25431,1.25454,1.31,1.00
2016.11.22 17:10:46.722,1.25434,1.25455,1.00,1.50
2016.11.22 17:10:47.026,1.25436,1.25457,1.00,1.00
2016.11.22 17:10:47.330,1.25434,1.25455,1.00,1.00
2016.11.22 17:10:47.634,1.25438,1.2546,1.00,1.00
2016.11.22 17:10:47.939,1.25436,1.25455,1.75,1.00
2016.11.22 17:10:48.244,1.25435,1.25457,1.75,1.00
2016.11.22 17:10:48.548,1.25435,1.25457,1.00,1.00
2016.11.22 17:10:49.003,1.25436,1.25459,1.50,1.42
2016.11.22 17:10:49.105,1.25443,1.2546,1.00,1.42
2016.11.22 17:10:49.257,1.25443,1.25462,1.00,1.00
2016.11.22 17:10:49.393,1.25443,1.25464,1.37,1.00
2016.11.22 17:10:50.243,1.25444,1.25465,1.12,1.00
2016.11.22 17:10:50.395,1.25446,1.25467,1.00,1.00
2016.11.22 17:10:50.598,1.25443,1.25466,1.37,1.00
2016.11.22 17:10:50.700,1.25444,1.25463,1.12,1.00
2016.11.22 17:10:51.688,1.25445,1.25464,1.00,1.00
2016.11.22 17:10:51.789,1.25443,1.25464,1.00,1.00
2016.11.22 17:10:52.493,1.25441,1.2546,1.12,1.00
2016.11.22 17:10:53.496,1.2544,1.25459,1.00,1.00
2016.11.22 17:10:54.875,1.25441,1.25458,1.00,1.00
2016.11.22 17:10:56.053,1.25442,1.25459,1.00,1.00
2016.11.22 17:10:56.611,1.2544,1.25458,1.00,1.00
2016.11.22 17:10:57.257,1.25439,1.25458,1.00,1.00
2016.11.22 17:10:58.248,1.2544,1.25458,1.00,1.00
2016.11.22 17:10:58.448,1.25438,1.25458,1.00,1.00
2016.11.22 17:10:59.511,1.2544,1.25458,1.00,1.00
2016.11.22 17:10:59.817,1.25436,1.25453,1.00,1.00
2016.11.22 17:11:00.121,1.25436,1.25455,1.00,1.00
2016.11.22 17:11:00.172,1.25438,1.25458,1.00,1.00
2016.11.22 17:11:00.274,1.25436,1.25455,1.12,1.00
2016.11.22 17:11:00.791,1.25437,1.25456,1.00,1.00
2016.11.22 17:11:01.345,1.25438,1.25457,1.00,1.00
2016.11.22 17:11:01.671,1.25434,1.25452,2.17,1.00
2016.11.22 17:11:01.722,1.25436,1.25457,1.50,1.12
2016.11.22 17:11:02.149,1.25439,1.25458,1.00,1.00
2016.11.22 17:11:03.401,1.25438,1.25458,1.00,1.00
2016.11.22 17:11:03.922,1.25436,1.25457,1.50,1.00
2016.11.22 17:11:04.276,1.25432,1.25451,1.12,1.00
2016.11.22 17:11:04.378,1.25431,1.25451,1.12,1.00
2016.11.22 17:11:04.654,1.25431,1.25453,1.00,1.00
2016.11.22 17:11:04.705,1.25434,1.25454,1.00,1.00
2016.11.22 17:11:05.009,1.25436,1.25456,1.00,1.00
2016.11.22 17:11:05.263,1.25433,1.25455,1.50,1.00
2016.11.22 17:11:05.314,1.25432,1.25452,1.87,1.00
2016.11.22 17:11:05.416,1.25431,1.25452,1.00,1.00
2016.11.22 17:11:05.977,1.25431,1.25451,1.00,1.00
2016.11.22 17:11:06.029,1.25431,1.25453,1.50,1.50
2016.11.22 17:11:06.181,1.25434,1.25454,1.87,1.50
2016.11.22 17:11:06.314,1.2543,1.25454,3.00,1.50
2016.11.22 17:11:06.365,1.25434,1.25456,1.00,1.50
2016.11.22 17:11:06.720,1.25435,1.25457,1.00,1.50
2016.11.22 17:11:06.822,1.25434,1.25457,1.00,2.25
2016.11.22 17:11:07.180,1.25436,1.25459,1.00,1.87
2016.11.22 17:11:07.231,1.25436,1.25459,1.00,1.12
2016.11.22 17:11:07.484,1.25437,1.25459,2.17,1.00
2016.11.22 17:11:07.973,1.25439,1.25461,1.42,1.00
2016.11.22 17:11:08.025,1.25441,1.25464,1.05,1.87
2016.11.22 17:11:08.177,1.25442,1.25464,1.37,1.12
2016.11.22 17:11:08.482,1.2544,1.25462,1.67,1.00
2016.11.22 17:11:08.533,1.25442,1.25465,1.42,1.00
2016.11.22 17:11:08.584,1.25445,1.25467,1.00,1.12
2016.11.22 17:11:09.462,1.25443,1.25467,1.35,1.12
2016.11.22 17:11:09.669,1.25443,1.25467,1.35,1.12
2016.11.22 17:11:10.145,1.25445,1.25465,1.00,1.00
2016.11.22 17:11:10.447,1.25443,1.25464,1.00,1.00
2016.11.22 17:11:10.650,1.25442,1.25462,1.00,1.00
2016.11.22 17:11:11.310,1.25441,1.25461,1.50,1.00
2016.11.22 17:11:11.846,1.2544,1.25461,1.50,1.00
2016.11.22 17:11:12.152,1.25442,1.25462,1.00,1.00
2016.11.22 17:11:12.406,1.25442,1.25465,1.00,2.25
2016.11.22 17:11:12.460,1.25442,1.25462,1.00,1.00
2016.11.22 17:11:12.715,1.25443,1.25464,1.00,1.12
2016.11.22 17:11:13.196,1.25445,1.25465,1.87,1.00
2016.11.22 17:11:13.499,1.25447,1.25467,1.00,1.00
2016.11.22 17:11:13.904,1.25448,1.25471,1.00,1.12
2016.11.22 17:11:14.006,1.25446,1.25468,1.87,1.00
2016.11.22 17:11:14.310,1.25442,1.25464,1.00,1.12
2016.11.22 17:11:14.641,1.25446,1.25469,1.00,2.25
2016.11.22 17:11:14.742,1.25446,1.25469,1.50,1.50
2016.11.22 17:11:15.071,1.2545,1.25474,1.00,2.55
2016.11.22 17:11:15.224,1.2545,1.25474,1.87,1.00
2016.11.22 17:11:15.276,1.2545,1.25474,2.25,1.00
2016.11.22 17:11:15.431,1.25449,1.25473,1.50,1.00
2016.11.22 17:11:15.533,1.25447,1.25466,1.75,1.00
2016.11.22 17:11:15.818,1.25444,1.25466,1.00,1.12
2016.11.22 17:11:15.899,1.25446,1.25469,1.00,2.55
2016.11.22 17:11:16.102,1.25446,1.25469,1.00,1.60
2016.11.22 17:11:16.226,1.25444,1.25467,1.00,1.00
2016.11.22 17:11:16.379,1.25445,1.2547,1.00,1.50
2016.11.22 17:11:16.480,1.25442,1.25464,1.50,1.00
2016.11.22 17:11:16.784,1.25438,1.2546,1.37,1.00
2016.11.22 17:11:16.886,1.25437,1.2546,1.00,1.00
2016.11.22 17:11:17.416,1.25435,1.25459,1.50,1.50
2016.11.22 17:11:17.571,1.25434,1.25457,1.50,1.00
2016.11.22 17:11:17.725,1.25432,1.25454,1.00,1.00
2016.11.22 17:11:17.841,1.25433,1.25456,1.00,1.00
2016.11.22 17:11:17.892,1.25433,1.25456,1.87,1.00
2016.11.22 17:11:18.145,1.25436,1.25458,1.50,1.00
2016.11.22 17:11:18.297,1.25439,1.25459,1.00,1.00
2016.11.22 17:11:18.348,1.25439,1.25462,1.00,1.12
2016.11.22 17:11:18.400,1.25444,1.25464,1.00,1.75
2016.11.22 17:11:18.616,1.25445,1.25469,1.12,1.37
2016.11.22 17:11:18.667,1.25445,1.25469,1.50,1.00
2016.11.22 17:11:19.541,1.25444,1.25464,1.75,1.00
2016.11.22 17:11:19.846,1.25436,1.25459,2.06,1.50
2016.11.22 17:11:20.027,1.25438,1.25461,1.31,1.00
2016.11.22 17:11:20.231,1.25436,1.25459,1.31,1.00
2016.11.22 17:11:20.536,1.2544,1.2546,1.69,1.00
2016.11.22 17:11:20.941,1.25437,1.25459,1.25,1.00
2016.11.22 17:11:21.144,1.25437,1.2546,1.56,1.00
2016.11.22 17:11:21.330,1.25437,1.25459,1.00,1.00
2016.11.22 17:11:21.432,1.25441,1.2546,1.00,1.00
2016.11.22 17:11:21.634,1.25437,1.2546,1.12,1.00
2016.11.22 17:11:21.686,1.25437,1.2546,1.37,1.00
2016.11.22 17:11:21.787,1.25436,1.25459,1.50,1.00
2016.11.22 17:11:21.889,1.25436,1.25456,1.12,1.00
2016.11.22 17:11:21.940,1.25433,1.25456,1.00,1.00
2016.11.22 17:11:22.042,1.25435,1.25456,1.00,1.50
2016.11.22 17:11:22.446,1.25431,1.25455,2.44,1.00
2016.11.22 17:11:22.762,1.25435,1.25457,1.00,1.50
2016.11.22 17:11:23.066,1.25436,1.25459,1.87,1.00
2016.11.22 17:11:23.521,1.25438,1.25459,1.00,1.00
2016.11.22 17:11:23.824,1.2544,1.25463,1.00,1.37
2016.11.22 17:11:23.875,1.2544,1.25463,1.12,1.00
2016.11.22 17:11:24.042,1.25438,1.25461,1.12,1.00
2016.11.22 17:11:24.348,1.25436,1.25454,1.12,1.00
2016.11.22 17:11:24.450,1.2543,1.25453,1.00,1.00
2016.11.22 17:11:24.552,1.25428,1.2545,1.37,1.00
2016.11.22 17:11:24.604,1.25428,1.25453,1.37,1.12
2016.11.22 17:11:24.656,1.25428,1.25453,1.00,1.50
2016.11.22 17:11:24.961,1.25432,1.25454,1.25,1.00
2016.11.22 17:11:25.352,1.25429,1.25452,1.50,1.00
2016.11.22 17:11:25.656,1.25431,1.25455,1.37,1.00
2016.11.22 17:11:25.707,1.25428,1.25452,2.06,1.00
2016.11.22 17:11:25.815,1.25431,1.25455,1.37,1.00
2016.11.22 17:11:26.078,1.25436,1.25458,1.00,1.87
2016.11.22 17:11:26.180,1.25436,1.25459,1.00,1.75
2016.11.22 17:11:26.382,1.25441,1.25461,1.00,1.00
2016.11.22 17:11:26.539,1.25437,1.25461,1.72,1.00
2016.11.22 17:11:26.590,1.2544,1.25463,1.00,1.50
2016.11.22 17:11:26.895,1.25446,1.25464,1.00,1.00
2016.11.22 17:11:26.946,1.2544,1.25464,2.81,1.00
2016.11.22 17:11:27.149,1.2544,1.25466,3.56,1.12
2016.11.22 17:11:27.553,1.25437,1.25465,1.69,2.17
2016.11.22 17:11:27.938,1.25444,1.25469,1.19,3.37
2016.11.22 17:11:27.989,1.25444,1.25469,1.24,2.25
2016.11.22 17:11:28.040,1.25443,1.25468,1.45,1.50
2016.11.22 17:11:28.347,1.25443,1.25468,1.16,1.50
2016.11.22 17:11:28.853,1.25445,1.25469,1.00,1.75
2016.11.22 17:11:29.158,1.25447,1.25472,1.54,1.75
2016.11.22 17:11:29.462,1.25454,1.25478,1.50,1.00
2016.11.22 17:11:29.759,1.25451,1.25474,1.75,1.00
2016.11.22 17:11:29.860,1.25451,1.25474,1.50,1.12
2016.11.22 17:11:29.912,1.25451,1.25474,1.37,2.25
2016.11.22 17:11:30.014,1.25448,1.25472,1.00,1.00
2016.11.22 17:11:30.516,1.25446,1.25472,2.06,1.05
2016.11.22 17:11:30.795,1.25446,1.25469,1.56,1.50
2016.11.22 17:11:31.077,1.25443,1.25469,2.44,1.80
2016.11.22 17:11:31.128,1.25445,1.25469,1.00,1.05
2016.11.22 17:11:31.280,1.25448,1.25474,1.00,1.50
2016.11.22 17:11:31.432,1.25451,1.25474,1.00,1.00
2016.11.22 17:11:31.736,1.25451,1.25474,1.69,1.00
2016.11.22 17:11:32.241,1.25454,1.25475,1.00,1.00
2016.11.22 17:11:32.771,1.25451,1.25475,1.50,1.00
2016.11.22 17:11:33.277,1.25451,1.25474,1.50,1.00
2016.11.22 17:11:33.379,1.25451,1.25476,1.00,1.87
2016.11.22 17:11:33.531,1.25452,1.25475,1.55,1.12
2016.11.22 17:11:33.684,1.25452,1.25478,3.04,1.87
2016.11.22 17:11:34.531,1.25452,1.25477,1.24,1.00
2016.11.22 17:11:34.583,1.2545,1.25475,1.87,1.00
2016.11.22 17:11:34.887,1.25443,1.25468,1.94,1.00
2016.11.22 17:11:35.291,1.25447,1.2547,1.00,1.50
2016.11.22 17:11:35.494,1.25451,1.25476,2.74,1.00
2016.11.22 17:11:35.848,1.25451,1.25474,1.61,1.00
2016.11.22 17:11:36.025,1.25451,1.25477,1.61,1.50
2016.11.22 17:11:36.722,1.25451,1.25476,1.24,1.00
2016.11.22 17:11:37.282,1.25451,1.25473,1.00,2.25
2016.11.22 17:11:37.687,1.25451,1.25477,2.81,1.00
2016.11.22 17:11:38.599,1.25451,1.25477,2.17,1.50
2016.11.22 17:11:39.189,1.25451,1.25477,1.87,1.50
2016.11.22 17:11:39.272,1.25451,1.25477,1.00,1.58
2016.11.22 17:11:39.425,1.25447,1.25473,2.06,1.50
2016.11.22 17:11:39.476,1.25451,1.25471,1.00,1.00
2016.11.22 17:11:39.679,1.25451,1.25477,1.31,1.50
2016.11.22 17:11:39.780,1.25452,1.25477,1.87,1.50
2016.11.22 17:11:40.393,1.25452,1.25478,1.69,1.75
2016.11.22 17:11:40.890,1.2545,1.25477,1.31,1.50
2016.11.22 17:11:41.197,1.25451,1.25474,1.00,1.00
2016.11.22 17:11:42.196,1.25449,1.25474,2.44,1.50
2016.11.22 17:11:42.498,1.25453,1.25473,1.00,1.00
2016.11.22 17:11:42.701,1.25453,1.25478,1.56,1.50
2016.11.22 17:11:42.904,1.25453,1.25476,1.99,1.00
2016.11.22 17:11:43.436,1.25452,1.25475,1.00,1.00
2016.11.22 17:11:44.844,1.25452,1.25474,1.00,1.00
2016.11.22 17:11:45.726,1.25449,1.25474,1.50,1.12
2016.11.22 17:11:45.853,1.25449,1.25472,1.50,1.00
2016.11.22 17:11:46.338,1.25448,1.2547,1.75,1.00
2016.11.22 17:11:46.641,1.25446,1.25468,1.00,1.00
2016.11.22 17:11:47.245,1.25446,1.25467,1.00,1.00
2016.11.22 17:11:47.922,1.25446,1.25465,1.00,1.00
2016.11.22 17:11:48.679,1.25446,1.25466,1.50,1.00
2016.11.22 17:11:49.028,1.25441,1.25466,2.06,1.12
2016.11.22 17:11:49.079,1.25443,1.25464,1.50,1.00
2016.11.22 17:11:50.089,1.25443,1.25466,1.50,1.35
2016.11.22 17:11:50.241,1.25442,1.25465,1.00,1.50
2016.11.22 17:11:50.292,1.25441,1.25461,1.00,1.00
2016.11.22 17:11:50.343,1.25439,1.25461,1.20,1.00
2016.11.22 17:11:50.444,1.25441,1.25464,1.00,1.87
2016.11.22 17:11:50.840,1.25441,1.25464,1.69,1.00
2016.11.22 17:11:51.218,1.25441,1.25466,1.31,1.80
2016.11.22 17:11:51.269,1.25443,1.25465,1.00,1.00
2016.11.22 17:11:52.443,1.25443,1.25464,1.00,1.00
2016.11.22 17:11:52.494,1.25441,1.25463,1.00,1.00
2016.11.22 17:11:52.545,1.25441,1.25463,1.00,1.50
2016.11.22 17:11:53.425,1.25441,1.25463,1.37,1.00
2016.11.22 17:11:55.397,1.25443,1.25463,1.00,1.00
2016.11.22 17:11:55.599,1.25444,1.25465,1.00,1.00
2016.11.22 17:11:56.105,1.25444,1.25467,1.00,1.37
2016.11.22 17:11:56.258,1.25444,1.25467,1.42,1.37
2016.11.22 17:11:56.359,1.25447,1.25468,1.00,1.00
2016.11.22 17:11:56.796,1.25449,1.25468,1.00,1.00
2016.11.22 17:11:57.338,1.25448,1.25467,1.00,1.00
2016.11.22 17:11:58.103,1.25449,1.25467,1.00,1.00
2016.11.22 17:11:58.451,1.25451,1.25467,1.00,1.00
2016.11.22 17:11:58.640,1.25449,1.25467,1.00,1.00
2016.11.22 17:12:00.217,1.25447,1.25468,1.00,1.00
2016.11.22 17:12:00.612,1.25446,1.25465,1.50,1.00
2016.11.22 17:12:01.615,1.25446,1.25464,1.00,1.00
2016.11.22 17:12:01.990,1.25449,1.25468,1.00,1.00
2016.11.22 17:12:02.345,1.25451,1.25468,1.00,1.00
2016.11.22 17:12:02.598,1.25451,1.2547,1.50,1.00
2016.11.22 17:12:02.932,1.25451,1.25472,1.50,1.00
2016.11.22 17:12:03.871,1.25451,1.2547,1.50,1.00
2016.11.22 17:12:04.499,1.2545,1.25469,1.00,1.00
2016.11.22 17:12:04.804,1.25448,1.25467,1.50,1.00
2016.11.22 17:12:06.447,1.25446,1.25466,1.87,1.00
2016.11.22 17:12:06.498,1.25446,1.25466,1.00,1.00
2016.11.22 17:12:07.032,1.25446,1.25467,1.00,1.00
2016.11.22 17:12:07.847,1.25444,1.25465,1.50,1.00
2016.11.22 17:12:08.152,1.25446,1.25465,1.00,1.00
2016.11.22 17:12:08.257,1.25444,1.25465,1.50,1.00
2016.11.22 17:12:08.308,1.25444,1.25463,1.00,1.00
2016.11.22 17:12:08.613,1.25447,1.25466,1.00,1.00
2016.11.22 17:12:08.816,1.25447,1.25468,1.00,1.00
2016.11.22 17:12:09.315,1.2545,1.2547,1.00,1.00
2016.11.22 17:12:09.619,1.25455,1.25475,1.00,2.55
2016.11.22 17:12:10.125,1.25454,1.25474,1.12,1.12
2016.11.22 17:12:10.431,1.25457,1.25477,1.00,1.00
2016.11.22 17:12:11.233,1.25456,1.25477,1.00,1.00
2016.11.22 17:12:11.795,1.25457,1.25478,1.00,1.00
2016.11.22 17:12:12.301,1.25457,1.25477,1.00,1.00
2016.11.22 17:12:12.687,1.25454,1.25475,1.37,1.00
2016.11.22 17:12:12.991,1.25453,1.25473,1.00,1.00
2016.11.22 17:12:13.296,1.25447,1.25467,1.50,1.00
2016.11.22 17:12:13.600,1.25441,1.25462,1.37,1.00
2016.11.22 17:12:13.904,1.25441,1.2546,1.00,1.00
2016.11.22 17:12:14.086,1.25439,1.25459,1.00,1.00
2016.11.22 17:12:14.416,1.25435,1.25458,2.25,1.00
2016.11.22 17:12:14.517,1.25431,1.25456,5.06,1.00
2016.11.22 17:12:14.619,1.25431,1.25456,2.25,1.42
2016.11.22 17:12:15.125,1.25431,1.25456,2.81,1.12
2016.11.22 17:12:15.176,1.25431,1.25453,2.81,1.00
2016.11.22 17:12:15.723,1.25431,1.25453,2.06,1.00
2016.11.22 17:12:16.074,1.25431,1.25451,1.00,1.00
2016.11.22 17:12:16.587,1.25431,1.25451,1.56,1.00
2016.11.22 17:12:17.106,1.25431,1.25451,1.50,1.00
2016.11.22 17:12:17.961,1.25433,1.25454,1.00,1.00
2016.11.22 17:12:18.265,1.25431,1.25451,1.00,1.00
2016.11.22 17:12:18.417,1.25433,1.25454,1.00,2.81
2016.11.22 17:12:19.350,1.25432,1.25452,1.00,1.00
2016.11.22 17:12:19.855,1.25431,1.25451,1.00,1.00
2016.11.22 17:12:20.260,1.25434,1.25454,1.00,2.44
2016.11.22 17:12:20.767,1.25434,1.25454,1.00,1.50
2016.11.22 17:12:21.106,1.25432,1.25452,1.00,1.00
2016.11.22 17:12:22.061,1.25433,1.25452,1.00,1.00
2016.11.22 17:12:23.035,1.25432,1.25451,1.00,1.00
2016.11.22 17:12:23.452,1.25432,1.25453,1.00,1.12
2016.11.22 17:12:23.806,1.25431,1.25451,1.50,1.00
2016.11.22 17:12:24.312,1.25432,1.2545,1.00,1.00
2016.11.22 17:12:24.864,1.2543,1.25449,1.00,1.00
2016.11.22 17:12:25.383,1.25429,1.25448,1.00,1.00
2016.11.22 17:12:26.053,1.25429,1.25447,1.00,1.00
2016.11.22 17:12:26.719,1.25423,1.25443,1.50,1.00
2016.11.22 17:12:26.771,1.25423,1.25443,1.12,1.00
2016.11.22 17:12:26.822,1.25421,1.25441,1.37,1.00
2016.11.22 17:12:27.127,1.25421,1.25441,2.06,1.00
2016.11.22 17:12:27.889,1.25421,1.25441,1.50,1.00
2016.11.22 17:12:28.127,1.25421,1.25441,1.56,1.00
2016.11.22 17:12:28.529,1.25424,1.25444,1.00,1.50
2016.11.22 17:12:28.734,1.25423,1.25441,1.12,1.00
2016.11.22 17:12:29.395,1.25424,1.25442,1.00,1.00
2016.11.22 17:12:30.399,1.25423,1.25444,1.31,1.00
2016.11.22 17:12:31.367,1.25427,1.25445,1.00,1.00
2016.11.22 17:12:31.524,1.25428,1.25448,1.00,1.37
2016.11.22 17:12:31.575,1.25427,1.25445,1.12,1.00
2016.11.22 17:12:32.457,1.25424,1.25444,1.00,1.00
2016.11.22 17:12:33.419,1.25424,1.25443,1.25,1.00
2016.11.22 17:12:33.947,1.25426,1.25444,1.37,1.00
2016.11.22 17:12:34.453,1.25427,1.25445,1.00,1.00
2016.11.22 17:12:34.606,1.25429,1.25448,1.00,1.00
2016.11.22 17:12:35.581,1.25429,1.25449,1.00,1.00
2016.11.22 17:12:36.141,1.25432,1.25451,1.00,1.00
2016.11.22 17:12:36.444,1.25428,1.25448,1.75,1.00
2016.11.22 17:12:36.648,1.25427,1.25449,1.00,1.00
2016.11.22 17:12:36.800,1.25428,1.25447,1.00,1.00
2016.11.22 17:12:38.325,1.25432,1.2545,1.00,1.00
2016.11.22 17:12:38.427,1.25429,1.25452,1.12,1.00
2016.11.22 17:12:38.478,1.25429,1.25447,1.50,1.00
2016.11.22 17:12:38.681,1.25425,1.25445,1.25,1.00
2016.11.22 17:12:38.833,1.25422,1.25443,2.06,1.00
2016.11.22 17:12:39.178,1.2542,1.25439,1.56,1.00
2016.11.22 17:12:39.483,1.25416,1.25434,1.69,1.00
2016.11.22 17:12:39.585,1.25416,1.25437,2.44,1.00
2016.11.22 17:12:40.108,1.25416,1.25437,2.44,1.00
2016.11.22 17:12:40.159,1.25416,1.25437,2.06,1.00
2016.11.22 17:12:40.734,1.25417,1.25439,1.25,1.00
2016.11.22 17:12:40.843,1.25418,1.2544,2.06,1.00
2016.11.22 17:12:41.612,1.25418,1.25438,2.06,1.00
2016.11.22 17:12:42.691,1.25419,1.2544,1.50,1.00
2016.11.22 17:12:43.095,1.2542,1.25438,1.12,1.00
2016.11.22 17:12:43.601,1.25419,1.25439,1.69,1.00
2016.11.22 17:12:43.955,1.2542,1.25442,1.12,1.00
2016.11.22 17:12:44.362,1.25421,1.25442,1.62,1.00
2016.11.22 17:12:44.893,1.25421,1.2544,2.44,1.00
2016.11.22 17:12:44.944,1.25426,1.25444,1.25,1.00
2016.11.22 17:12:44.995,1.25429,1.25444,1.00,1.00
2016.11.22 17:12:45.046,1.25429,1.25449,1.00,2.25
2016.11.22 17:12:45.097,1.25429,1.25449,1.00,1.50
2016.11.22 17:12:45.148,1.25428,1.25447,1.00,1.00
2016.11.22 17:12:45.250,1.25426,1.25447,1.12,1.00
2016.11.22 17:12:45.301,1.25425,1.25444,1.50,1.00
2016.11.22 17:12:46.542,1.25425,1.25443,1.50,1.00
2016.11.22 17:12:46.851,1.25425,1.25445,2.25,1.00
2016.11.22 17:12:46.953,1.25428,1.2545,1.00,1.50
2016.11.22 17:12:47.004,1.25431,1.25451,1.00,1.00
2016.11.22 17:12:47.309,1.25434,1.25454,1.00,1.00
2016.11.22 17:12:47.614,1.25429,1.25449,1.75,1.00
2016.11.22 17:12:47.665,1.25429,1.25449,1.37,1.00
2016.11.22 17:12:48.206,1.2543,1.2545,1.50,1.00
2016.11.22 17:12:48.632,1.2543,1.25452,1.50,1.00
2016.11.22 17:12:48.683,1.25432,1.2545,1.00,1.00
2016.11.22 17:12:49.090,1.25432,1.2545,1.75,1.00
2016.11.22 17:12:49.142,1.2543,1.25453,2.25,1.00
2016.11.22 17:12:49.243,1.2543,1.25449,1.50,1.00
2016.11.22 17:12:49.294,1.25429,1.25449,1.75,1.00
2016.11.22 17:12:49.497,1.25429,1.25449,1.00,1.00
2016.11.22 17:12:50.042,1.25428,1.2545,1.69,1.00
2016.11.22 17:12:50.255,1.2543,1.25448,1.12,1.00
2016.11.22 17:12:50.761,1.25426,1.25447,2.06,1.00
2016.11.22 17:12:50.971,1.25426,1.25447,2.06,1.00
2016.11.22 17:12:51.514,1.25426,1.25446,3.00,1.00
2016.11.22 17:12:52.092,1.25428,1.25448,1.00,1.00
2016.11.22 17:12:52.143,1.2543,1.25449,1.00,1.00
2016.11.22 17:12:53.165,1.25431,1.2545,1.00,1.00
2016.11.22 17:12:53.942,1.2543,1.25449,1.00,1.00
2016.11.22 17:12:54.246,1.25432,1.25452,1.62,1.00
2016.11.22 17:12:54.590,1.25432,1.25452,2.00,1.00
2016.11.22 17:12:55.096,1.25433,1.25453,1.50,1.00
2016.11.22 17:12:55.603,1.25435,1.25453,1.31,1.00
2016.11.22 17:12:55.809,1.25436,1.25455,1.25,1.00
2016.11.22 17:12:56.507,1.25435,1.25453,1.31,1.00
2016.11.22 17:12:57.013,1.25436,1.25454,1.25,1.00
2016.11.22 17:12:57.623,1.25434,1.25455,1.56,1.00
2016.11.22 17:12:58.207,1.25435,1.25456,1.12,1.12
2016.11.22 17:12:59.055,1.25435,1.25456,1.31,1.12
2016.11.22 17:12:59.441,1.25432,1.25452,1.75,1.00
2016.11.22 17:12:59.492,1.25434,1.25454,1.62,1.00
2016.11.22 17:12:59.543,1.25437,1.25455,1.00,1.50
2016.11.22 17:13:00.312,1.25434,1.25454,1.62,1.00
2016.11.22 17:13:00.514,1.25434,1.25452,1.62,1.00
2016.11.22 17:13:01.519,1.25434,1.25453,1.62,1.00
2016.11.22 17:13:02.127,1.25432,1.25454,1.94,1.00
2016.11.22 17:13:04.989,1.25432,1.25453,2.44,1.00
2016.11.22 17:13:05.321,1.25432,1.25455,1.94,1.00
2016.11.22 17:13:06.284,1.25433,1.25452,1.50,1.00
2016.11.22 17:13:06.587,1.25429,1.25447,3.56,1.00
2016.11.22 17:13:06.751,1.25428,1.25445,1.42,1.00
2016.11.22 17:13:06.803,1.25427,1.25445,1.37,1.00
2016.11.22 17:13:06.854,1.25427,1.25445,1.00,1.00
2016.11.22 17:13:07.107,1.25426,1.25442,1.00,1.00
2016.11.22 17:13:07.893,1.25422,1.25442,1.31,1.00
2016.11.22 17:13:08.220,1.25422,1.2544,2.06,1.00
2016.11.22 17:13:09.099,1.25422,1.25438,1.31,1.00
2016.11.22 17:13:09.251,1.25419,1.25438,1.25,1.00
2016.11.22 17:13:10.060,1.25419,1.25438,1.19,1.00
2016.11.22 17:13:10.365,1.25419,1.25442,2.06,1.05
2016.11.22 17:13:10.416,1.25422,1.2544,1.25,1.00
2016.11.22 17:13:11.439,1.25421,1.25442,1.31,1.00
2016.11.22 17:13:11.954,1.25421,1.25442,1.31,1.00
2016.11.22 17:13:12.452,1.25422,1.2544,1.19,1.00
2016.11.22 17:13:13.071,1.25423,1.25443,1.25,1.00
2016.11.22 17:13:13.731,1.25424,1.25442,1.00,1.00
2016.11.22 17:13:13.805,1.25424,1.25445,1.19,1.12
2016.11.22 17:13:14.347,1.25426,1.25445,1.50,1.00
2016.11.22 17:13:14.398,1.25427,1.25448,1.00,1.00
2016.11.22 17:13:14.653,1.25426,1.25443,1.69,1.00
2016.11.22 17:13:14.754,1.25424,1.25443,1.37,1.00
2016.11.22 17:13:15.649,1.25424,1.25444,1.37,1.00
2016.11.22 17:13:16.056,1.25429,1.25448,1.00,1.00
2016.11.22 17:13:16.833,1.25426,1.25445,2.63,1.00
2016.11.22 17:13:16.985,1.25425,1.25445,1.00,1.00
2016.11.22 17:13:18.841,1.25426,1.25446,1.00,1.00
2016.11.22 17:13:19.331,1.25425,1.25444,1.00,1.00
2016.11.22 17:13:19.844,1.25424,1.25444,1.00,1.00
2016.11.22 17:13:20.362,1.25424,1.25443,1.00,1.00
2016.11.22 17:13:20.413,1.25424,1.25445,1.00,1.05
2016.11.22 17:13:20.515,1.25426,1.25444,1.00,1.00
2016.11.22 17:13:20.617,1.25424,1.25444,1.00,1.00
2016.11.22 17:13:21.065,1.25424,1.25446,1.50,1.00
2016.11.22 17:13:21.572,1.25425,1.25446,1.00,1.00
2016.11.22 17:13:24.901,1.25427,1.25446,1.00,1.00
2016.11.22 17:13:25.407,1.25426,1.25445,1.00,1.00
2016.11.22 17:13:25.749,1.25428,1.25446,1.12,1.00
2016.11.22 17:13:26.629,1.25428,1.25447,1.51,1.00
2016.11.22 17:13:26.731,1.25428,1.25449,1.51,1.00
2016.11.22 17:13:27.698,1.25429,1.25449,1.00,1.00
2016.11.22 17:13:28.250,1.2543,1.25448,1.00,1.00
2016.11.22 17:13:30.431,1.25431,1.25449,1.00,1.37
2016.11.22 17:13:30.785,1.25428,1.25449,1.51,1.00
2016.11.22 17:13:31.240,1.25426,1.25442,1.75,1.00
2016.11.22 17:13:31.486,1.25423,1.25442,1.00,1.12
2016.11.22 17:13:32.242,1.25422,1.25441,1.00,1.00
2016.11.22 17:13:33.570,1.25424,1.25444,1.00,1.00
2016.11.22 17:13:35.003,1.25426,1.25447,1.00,4.12
2016.11.22 17:13:35.345,1.25426,1.25447,1.75,1.12
2016.11.22 17:13:36.070,1.25426,1.25446,1.75,1.00
2016.11.22 17:13:37.279,1.25425,1.25443,2.25,1.00
2016.11.22 17:13:37.432,1.25425,1.25443,1.00,1.00
2016.11.22 17:13:37.959,1.25426,1.25444,1.00,1.00
2016.11.22 17:13:38.608,1.25426,1.25446,1.00,1.12
2016.11.22 17:13:38.839,1.25421,1.25444,1.12,1.00
2016.11.22 17:13:38.890,1.2542,1.25436,2.81,1.00
2016.11.22 17:13:39.093,1.25414,1.25434,1.12,1.00
2016.11.22 17:13:39.913,1.25413,1.25433,1.00,1.00
2016.11.22 17:13:42.796,1.25412,1.25433,1.00,1.12
2016.11.22 17:13:43.730,1.25412,1.25433,1.37,1.00
2016.11.22 17:13:44.273,1.25412,1.25432,1.12,1.00
2016.11.22 17:13:44.790,1.25411,1.25432,1.00,1.00
2016.11.22 17:13:45.400,1.25412,1.2543,1.00,1.00
2016.11.22 17:13:45.913,1.25411,1.25429,1.00,1.00
2016.11.22 17:13:51.642,1.25411,1.25431,1.12,1.00
2016.11.22 17:13:51.794,1.25417,1.25436,1.00,1.12
2016.11.22 17:13:52.098,1.2542,1.25438,1.00,1.00
2016.11.22 17:13:52.401,1.25422,1.2544,1.56,1.00
2016.11.22 17:13:53.124,1.25422,1.2544,1.56,1.00
2016.11.22 17:13:54.125,1.25421,1.2544,1.56,1.00
2016.11.22 17:13:54.656,1.25421,1.25441,1.56,1.00
2016.11.22 17:13:55.191,1.25421,1.25441,1.56,1.00
2016.11.22 17:13:55.727,1.25421,1.25441,1.56,1.00
2016.11.22 17:13:56.407,1.25421,1.25441,1.56,1.00
2016.11.22 17:13:57.273,1.25419,1.25437,2.62,1.00
2016.11.22 17:13:57.425,1.25422,1.2544,1.56,1.00
2016.11.22 17:13:57.851,1.25422,1.25443,1.56,1.87
2016.11.22 17:13:57.902,1.2542,1.25438,1.56,1.00
2016.11.22 17:13:57.953,1.2542,1.25438,1.00,1.00
2016.11.22 17:13:58.207,1.25417,1.25435,1.94,1.00
2016.11.22 17:13:58.309,1.25419,1.25439,1.00,1.00
2016.11.22 17:13:58.511,1.2542,1.25435,1.25,1.00
2016.11.22 17:13:58.664,1.25417,1.25435,2.44,1.00
2016.11.22 17:13:58.867,1.25418,1.25437,1.56,1.00
2016.11.22 17:13:59.053,1.25418,1.25437,1.00,1.00
2016.11.22 17:14:00.028,1.25418,1.25437,1.69,1.00
2016.11.22 17:14:00.415,1.25422,1.2544,1.00,1.00
2016.11.22 17:14:00.466,1.25419,1.25437,2.06,1.00
2016.11.22 17:14:00.568,1.25418,1.25438,1.31,1.00
2016.11.22 17:14:00.741,1.25418,1.25438,2.19,1.00
2016.11.22 17:14:00.792,1.25419,1.2544,1.69,1.00
2016.11.22 17:14:00.964,1.25419,1.2544,1.12,1.00
2016.11.22 17:14:01.016,1.25417,1.25437,1.31,1.00
2016.11.22 17:14:01.337,1.25414,1.25434,1.69,1.00
2016.11.22 17:14:01.819,1.25412,1.25432,1.56,1.00
2016.11.22 17:14:02.356,1.25412,1.25432,1.56,1.00
2016.11.22 17:14:02.761,1.2541,1.2543,1.69,1.00
2016.11.22 17:14:02.913,1.25407,1.25429,1.94,1.00
2016.11.22 17:14:03.166,1.25413,1.25431,1.00,1.00
2016.11.22 17:14:03.268,1.25415,1.25434,1.00,1.00
2016.11.22 17:14:03.774,1.25415,1.25434,1.56,1.00
2016.11.22 17:14:03.865,1.25415,1.25434,1.56,1.00
2016.11.22 17:14:03.919,1.25417,1.25436,1.56,1.00
2016.11.22 17:14:04.426,1.25419,1.25437,1.00,1.00
2016.11.22 17:14:05.125,1.25418,1.25439,1.31,1.00
2016.11.22 17:14:05.639,1.25418,1.25438,1.31,1.00
2016.11.22 17:14:05.690,1.25416,1.25435,2.44,1.00
2016.11.22 17:14:05.847,1.25415,1.25433,1.00,1.00
2016.11.22 17:14:06.150,1.25412,1.2543,1.25,1.00
2016.11.22 17:14:06.656,1.25415,1.25434,1.31,1.50
2016.11.22 17:14:07.190,1.25413,1.25432,1.69,1.00
2016.11.22 17:14:07.696,1.25413,1.25432,1.56,1.00
2016.11.22 17:14:08.202,1.25413,1.25433,1.56,1.00
2016.11.22 17:14:08.547,1.25413,1.25433,1.56,1.00
2016.11.22 17:14:09.081,1.25414,1.25434,2.25,1.00
2016.11.22 17:14:09.592,1.25415,1.25434,1.12,1.00
2016.11.22 17:14:10.093,1.25415,1.25435,1.81,1.00
2016.11.22 17:14:10.543,1.25414,1.25435,1.56,1.00
2016.11.22 17:14:10.962,1.25415,1.25436,1.31,1.00
2016.11.22 17:14:11.050,1.25415,1.25436,1.56,1.00
2016.11.22 17:14:11.589,1.25418,1.25436,1.56,1.00
2016.11.22 17:14:12.083,1.25415,1.25436,1.69,1.00
2016.11.22 17:14:12.653,1.25415,1.25436,1.69,1.00
2016.11.22 17:14:13.441,1.25417,1.25438,1.00,1.00
2016.11.22 17:14:13.492,1.25419,1.25438,1.00,1.00
2016.11.22 17:14:14.036,1.25419,1.25438,1.56,1.00
2016.11.22 17:14:14.379,1.25417,1.25437,1.69,1.00
2016.11.22 17:14:14.430,1.2542,1.25438,1.00,1.00
2016.11.22 17:14:15.660,1.2542,1.25438,1.94,1.00
2016.11.22 17:14:15.711,1.25426,1.25444,1.00,1.05
2016.11.22 17:14:15.808,1.25429,1.25448,1.12,1.87
2016.11.22 17:14:15.910,1.25429,1.25448,1.69,1.50
2016.11.22 17:14:16.496,1.25429,1.25445,1.25,1.00
2016.11.22 17:14:16.951,1.25427,1.25445,1.12,1.00
2016.11.22 17:14:17.187,1.25425,1.25443,2.44,1.00
2016.11.22 17:14:17.288,1.25425,1.25443,1.69,1.00
2016.11.22 17:14:18.392,1.25423,1.25442,1.62,1.00
2016.11.22 17:14:18.799,1.25423,1.25437,1.62,1.00
2016.11.22 17:14:19.103,1.25393,1.25415,1.87,3.37
2016.11.22 17:14:19.205,1.25393,1.25415,1.87,1.12
2016.11.22 17:14:19.256,1.25393,1.25412,1.87,1.37
2016.11.22 17:14:19.420,1.25385,1.25407,2.00,1.00
2016.11.22 17:14:19.472,1.25384,1.25407,1.69,1.00
2016.11.22 17:14:19.573,1.25383,1.25407,1.56,2.62
2016.11.22 17:14:19.981,1.25389,1.25407,1.00,1.75
2016.11.22 17:14:20.185,1.25392,1.25417,2.06,1.50
2016.11.22 17:14:20.287,1.25397,1.25418,1.00,1.75
2016.11.22 17:14:20.389,1.25397,1.2542,1.69,1.50
2016.11.22 17:14:20.441,1.254,1.2542,1.00,1.00
2016.11.22 17:14:20.593,1.254,1.25425,1.00,3.37
2016.11.22 17:14:21.089,1.25402,1.25424,1.00,1.12
2016.11.22 17:14:24.031,1.25403,1.25424,1.00,1.12
2016.11.22 17:14:24.608,1.25402,1.25425,1.72,2.25
2016.11.22 17:14:25.125,1.25402,1.25423,1.00,1.00
2016.11.22 17:14:25.649,1.25401,1.25423,1.87,1.00
2016.11.22 17:14:26.269,1.25402,1.25423,1.00,1.00
2016.11.22 17:14:26.816,1.25402,1.25425,1.37,2.25
2016.11.22 17:14:27.198,1.25403,1.25424,1.87,1.12
2016.11.22 17:14:28.375,1.25404,1.25423,1.37,1.00
2016.11.22 17:14:29.772,1.25405,1.25424,1.37,1.00
2016.11.22 17:14:30.917,1.25405,1.25424,1.50,1.00
2016.11.22 17:14:31.250,1.25409,1.25428,1.00,2.62
2016.11.22 17:14:31.554,1.25414,1.25433,1.37,1.00
2016.11.22 17:14:31.894,1.25417,1.25436,1.87,1.00
2016.11.22 17:14:32.431,1.25417,1.25436,1.37,1.00
2016.11.22 17:14:33.396,1.25419,1.25436,1.87,1.00
2016.11.22 17:14:33.497,1.25419,1.25438,1.87,1.00
2016.11.22 17:14:33.548,1.25423,1.25442,1.00,1.50
2016.11.22 17:14:33.599,1.25423,1.25442,2.62,1.50
2016.11.22 17:14:33.802,1.25424,1.25446,1.12,1.00
2016.11.22 17:14:35.029,1.25424,1.25444,1.72,1.00
2016.11.22 17:14:35.392,1.25426,1.25444,1.87,1.00
2016.11.22 17:14:35.494,1.25425,1.25444,1.25,1.00
2016.11.22 17:14:36.771,1.2543,1.25448,1.00,1.50
2016.11.22 17:14:37.024,1.25435,1.25454,1.00,1.00
2016.11.22 17:14:37.496,1.25433,1.25451,2.17,1.00
2016.11.22 17:14:37.547,1.25432,1.25451,1.67,1.00
2016.11.22 17:14:37.800,1.25431,1.25452,1.12,1.00
2016.11.22 17:14:38.375,1.25431,1.2545,1.12,1.00
2016.11.22 17:14:39.365,1.25431,1.25451,1.12,1.00
2016.11.22 17:14:39.517,1.25431,1.25453,1.37,1.00
2016.11.22 17:14:40.107,1.25431,1.25453,2.62,1.00
2016.11.22 17:14:40.643,1.25433,1.25452,1.00,1.00
2016.11.22 17:14:41.195,1.25432,1.25453,1.12,1.00
2016.11.22 17:14:42.391,1.25434,1.25452,1.00,1.00
2016.11.22 17:14:42.742,1.25437,1.25456,1.00,1.00
2016.11.22 17:14:43.627,1.25437,1.25457,1.00,1.00
2016.11.22 17:14:43.678,1.25439,1.25456,1.00,1.00
2016.11.22 17:14:44.620,1.25437,1.25457,1.12,1.00
2016.11.22 17:14:44.722,1.25439,1.25456,1.00,1.00
2016.11.22 17:14:46.995,1.25439,1.25457,1.00,1.00
2016.11.22 17:14:48.065,1.25438,1.25457,1.00,1.00
2016.11.22 17:14:48.367,1.25438,1.25457,1.56,1.00
2016.11.22 17:14:48.468,1.25438,1.25457,1.00,1.00
2016.11.22 17:14:48.837,1.25435,1.25454,1.69,1.00
2016.11.22 17:14:48.888,1.25435,1.25454,1.12,1.00
2016.11.22 17:14:50.229,1.25434,1.25454,1.31,1.00
2016.11.22 17:14:51.221,1.25434,1.25453,1.25,1.00
2016.11.22 17:14:52.341,1.25435,1.25454,1.00,1.00
2016.11.22 17:14:52.443,1.25436,1.25456,1.00,1.12
2016.11.22 17:14:52.990,1.25435,1.25455,1.50,1.00
2016.11.22 17:14:53.504,1.25436,1.25456,1.25,1.12
2016.11.22 17:14:54.550,1.25437,1.25454,1.00,1.00
2016.11.22 17:14:54.601,1.25437,1.25456,1.00,1.00
2016.11.22 17:14:54.855,1.2544,1.25459,1.00,2.62
2016.11.22 17:14:55.226,1.25447,1.25465,1.37,1.12
2016.11.22 17:14:55.761,1.25447,1.25464,1.63,1.00
2016.11.22 17:14:56.541,1.25448,1.25467,1.12,1.00
2016.11.22 17:14:56.958,1.25448,1.25466,2.62,1.00
2016.11.22 17:14:57.252,1.25454,1.25473,1.37,1.00
2016.11.22 17:14:57.758,1.25454,1.25473,1.00,1.00
2016.11.22 17:14:57.808,1.25457,1.25474,1.00,1.00
2016.11.22 17:14:58.113,1.25446,1.25453,1.00,1.00
2016.11.22 17:14:58.266,1.25431,1.25443,1.12,1.12
2016.11.22 17:14:58.376,1.25423,1.25443,2.13,1.00
2016.11.22 17:14:58.427,1.25423,1.2544,2.13,1.00
2016.11.22 17:14:58.478,1.25425,1.25444,1.75,1.00
2016.11.22 17:14:58.580,1.25426,1.25444,1.75,1.50
2016.11.22 17:14:58.782,1.25426,1.25449,1.75,2.25
2016.11.22 17:14:58.884,1.25426,1.25449,1.75,1.00
2016.11.22 17:14:58.986,1.25432,1.25452,1.50,1.37
2016.11.22 17:14:59.088,1.25435,1.25455,1.50,1.87
2016.11.22 17:14:59.186,1.25438,1.25459,1.75,1.00
2016.11.22 17:14:59.287,1.25436,1.25459,1.75,1.00
2016.11.22 17:14:59.390,1.25435,1.25459,2.19,1.12
2016.11.22 17:15:00.107,1.25435,1.25458,1.25,1.00
2016.11.22 17:15:00.631,1.25435,1.25458,1.55,1.00
2016.11.22 17:15:01.328,1.2544,1.25461,1.00,1.87
2016.11.22 17:15:01.480,1.25442,1.25466,1.50,1.00
2016.11.22 17:15:02.002,1.25444,1.25467,1.50,1.00
2016.11.22 17:15:02.366,1.25447,1.25468,1.00,1.12
2016.11.22 17:15:02.671,1.25448,1.2547,1.50,1.50
2016.11.22 17:15:03.024,1.25448,1.2547,1.25,1.00
2016.11.22 17:15:03.543,1.25448,1.2547,1.50,1.00
2016.11.22 17:15:05.214,1.25448,1.25469,1.50,1.00
2016.11.22 17:15:05.433,1.25451,1.25471,1.00,1.12
2016.11.22 17:15:05.737,1.25451,1.25471,1.88,1.00
2016.11.22 17:15:05.822,1.25453,1.25474,1.50,1.37
2016.11.22 17:15:05.874,1.25454,1.25476,1.25,1.50
2016.11.22 17:15:06.078,1.25454,1.25476,1.50,1.00
2016.11.22 17:15:06.480,1.25457,1.25478,1.25,1.00
2016.11.22 17:15:07.116,1.25457,1.25478,1.50,1.00
2016.11.22 17:15:07.420,1.25458,1.2548,1.50,1.50
2016.11.22 17:15:08.026,1.25457,1.25479,1.50,1.00
2016.11.22 17:15:08.566,1.25456,1.25478,1.82,1.00
2016.11.22 17:15:08.718,1.25457,1.25479,1.25,1.00
2016.11.22 17:15:08.769,1.25454,1.25476,2.00,1.00
2016.11.22 17:15:08.921,1.25454,1.25476,1.25,2.25
2016.11.22 17:15:09.579,1.25451,1.25472,1.50,1.00
2016.11.22 17:15:10.129,1.25452,1.25473,2.19,1.00
2016.11.22 17:15:10.715,1.25452,1.25473,1.56,1.00
2016.11.22 17:15:11.226,1.25452,1.25473,1.56,1.00
2016.11.22 17:15:13.457,1.25454,1.25473,1.56,1.00
2016.11.22 17:15:13.962,1.25453,1.25475,1.56,1.87
2016.11.22 17:15:14.294,1.25459,1.25479,1.00,1.00
2016.11.22 17:15:14.345,1.25459,1.2548,1.56,1.50
2016.11.22 17:15:14.937,1.25459,1.2548,1.56,1.00
2016.11.22 17:15:15.649,1.25458,1.25479,1.56,1.00
2016.11.22 17:15:15.751,1.25458,1.25479,1.00,1.00
2016.11.22 17:15:16.360,1.25458,1.25477,1.31,1.00
2016.11.22 17:15:20.247,1.25458,1.25477,1.19,1.00
2016.11.22 17:15:21.054,1.25458,1.25476,1.19,1.00
2016.11.22 17:15:21.308,1.25446,1.25467,1.00,1.00
2016.11.22 17:15:21.561,1.25446,1.25467,1.19,1.00
2016.11.22 17:15:22.069,1.2545,1.25469,1.25,1.50
2016.11.22 17:15:22.843,1.25451,1.25472,1.00,1.84
2016.11.22 17:15:22.894,1.25451,1.25472,1.00,1.00
2016.11.22 17:15:23.439,1.25451,1.25472,1.19,1.00
2016.11.22 17:15:23.954,1.25453,1.25471,1.00,1.00
2016.11.22 17:15:24.750,1.25459,1.25475,1.00,1.50
2016.11.22 17:15:25.003,1.25463,1.25485,1.19,1.00
2016.11.22 17:15:25.054,1.25463,1.25484,1.25,1.00
2016.11.22 17:15:25.246,1.25461,1.2548,1.50,1.00
2016.11.22 17:15:25.983,1.25459,1.2548,1.00,1.50
2016.11.22 17:15:28.500,1.25461,1.2548,1.00,1.00
2016.11.22 17:15:28.754,1.25465,1.25486,1.00,1.50
2016.11.22 17:15:28.805,1.25465,1.25484,1.00,1.00
2016.11.22 17:15:28.958,1.25468,1.25489,1.00,3.75
2016.11.22 17:15:29.509,1.25468,1.25487,1.00,1.00
2016.11.22 17:15:33.116,1.25467,1.25486,1.50,1.00
2016.11.22 17:15:33.629,1.25468,1.25486,1.00,1.00
2016.11.22 17:15:35.308,1.25468,1.25485,1.00,1.00
2016.11.22 17:15:35.540,1.25467,1.25483,1.00,1.00
2016.11.22 17:15:35.692,1.25463,1.25481,1.00,1.00
2016.11.22 17:15:35.743,1.25462,1.25479,1.12,1.00
2016.11.22 17:15:35.973,1.25459,1.25479,1.00,1.00
2016.11.22 17:15:36.480,1.25461,1.25482,1.00,1.00
2016.11.22 17:15:38.621,1.25464,1.25483,1.00,1.00
2016.11.22 17:15:39.579,1.25465,1.25483,1.00,1.00
2016.11.22 17:15:40.002,1.25463,1.25483,1.25,1.00
2016.11.22 17:15:40.104,1.25462,1.25481,1.19,1.00
2016.11.22 17:15:40.408,1.25463,1.25479,1.00,1.12
2016.11.22 17:15:40.992,1.25464,1.25481,1.00,2.25
2016.11.22 17:15:44.061,1.25463,1.2548,1.00,1.37
2016.11.22 17:15:45.045,1.25464,1.25481,1.00,1.50
2016.11.22 17:15:45.147,1.25464,1.25482,1.00,1.12
2016.11.22 17:15:45.198,1.25466,1.25482,1.00,1.12
2016.11.22 17:15:45.451,1.25467,1.25484,1.00,1.00
2016.11.22 17:15:46.596,1.25463,1.25482,2.81,1.00
2016.11.22 17:15:46.749,1.25463,1.25484,1.19,1.50
2016.11.22 17:15:46.800,1.25466,1.25484,1.00,1.50
2016.11.22 17:15:47.640,1.25465,1.25483,1.00,1.00
2016.11.22 17:15:49.340,1.25464,1.25482,1.00,1.00
2016.11.22 17:15:56.233,1.25464,1.25479,1.00,1.00
2016.11.22 17:15:56.334,1.25464,1.25482,1.00,1.00
2016.11.22 17:15:56.752,1.25463,1.25484,1.37,1.87
2016.11.22 17:15:57.347,1.25464,1.25484,1.37,1.00
2016.11.22 17:15:58.412,1.25463,1.25483,2.62,1.00
2016.11.22 17:15:58.463,1.25463,1.25483,1.12,1.00
2016.11.22 17:15:59.335,1.25463,1.25481,1.00,1.00
2016.11.22 17:16:00.502,1.25462,1.25481,1.00,1.00
2016.11.22 17:16:01.021,1.25463,1.25481,1.00,1.00
2016.11.22 17:16:01.132,1.25461,1.25481,1.50,1.00
2016.11.22 17:16:01.183,1.25459,1.25477,1.00,1.00
2016.11.22 17:16:01.587,1.25461,1.2548,1.00,1.00
2016.11.22 17:16:02.951,1.2546,1.2548,1.12,1.00
2016.11.22 17:16:03.002,1.25466,1.25483,1.00,2.25
2016.11.22 17:16:03.306,1.25468,1.25485,1.00,1.00
2016.11.22 17:16:03.610,1.2547,1.25488,1.00,1.37
2016.11.22 17:16:04.043,1.25471,1.25491,1.00,2.06
2016.11.22 17:16:04.094,1.25471,1.25488,1.00,1.00
2016.11.22 17:16:04.630,1.2547,1.25488,1.00,1.00
2016.11.22 17:16:05.085,1.2547,1.25486,1.00,1.31
2016.11.22 17:16:05.288,1.25468,1.25488,1.12,1.00
2016.11.22 17:16:05.498,1.25469,1.25486,1.00,1.00
2016.11.22 17:16:06.270,1.25468,1.25486,1.00,1.00
2016.11.22 17:16:07.034,1.25467,1.25484,1.00,1.00
2016.11.22 17:16:07.548,1.25468,1.25485,1.00,1.00
2016.11.22 17:16:08.271,1.25468,1.25484,1.00,1.00
2016.11.22 17:16:10.994,1.25467,1.25486,1.00,1.00
2016.11.22 17:16:11.998,1.25469,1.25486,1.00,1.00
2016.11.22 17:16:13.001,1.25467,1.25486,1.00,1.00
2016.11.22 17:16:13.103,1.25467,1.25483,1.00,1.00
2016.11.22 17:16:13.240,1.25467,1.25486,1.00,1.00
2016.11.22 17:16:13.443,1.25463,1.25483,2.62,1.00
2016.11.22 17:16:13.948,1.25463,1.25483,1.00,1.00
2016.11.22 17:16:14.252,1.25466,1.25483,1.00,1.00
2016.11.22 17:16:14.961,1.25468,1.25485,1.00,1.00
2016.11.22 17:16:15.214,1.25473,1.25491,1.00,1.00
2016.11.22 17:16:15.949,1.25476,1.25493,1.00,1.50
2016.11.22 17:16:16.304,1.25476,1.25495,1.00,1.00
2016.11.22 17:16:16.399,1.25479,1.25496,1.00,1.00
2016.11.22 17:16:17.157,1.25474,1.25493,2.25,1.00
2016.11.22 17:16:17.258,1.25472,1.25491,1.75,1.00
2016.11.22 17:16:17.309,1.25472,1.25491,1.56,1.00
2016.11.22 17:16:17.360,1.25477,1.25495,1.00,1.00
2016.11.22 17:16:18.273,1.25475,1.25494,1.00,1.00
2016.11.22 17:16:19.394,1.25474,1.25493,1.31,1.00
2016.11.22 17:16:22.727,1.25472,1.25491,1.69,1.00
2016.11.22 17:16:23.133,1.25472,1.2549,1.00,1.00
2016.11.22 17:16:24.588,1.25468,1.25488,2.44,1.00
2016.11.22 17:16:24.639,1.25468,1.25488,1.69,1.00
2016.11.22 17:16:25.727,1.25468,1.25485,1.00,1.00
2016.11.22 17:16:26.142,1.25466,1.25485,1.31,1.00
2016.11.22 17:16:26.496,1.25469,1.25486,1.00,1.00
2016.11.22 17:16:26.598,1.2547,1.25489,1.56,1.00
2016.11.22 17:16:27.273,1.25468,1.25487,1.56,1.00
2016.11.22 17:16:27.324,1.25468,1.25487,1.56,1.00
2016.11.22 17:16:27.628,1.25466,1.25484,1.56,1.00
2016.11.22 17:16:28.162,1.25466,1.25484,1.00,1.00
2016.11.22 17:16:28.769,1.25466,1.25485,1.00,1.00
2016.11.22 17:16:30.163,1.25466,1.25485,1.56,1.00
2016.11.22 17:16:30.546,1.25466,1.25485,1.00,1.00
2016.11.22 17:16:30.828,1.25468,1.25486,1.00,1.12
2016.11.22 17:16:31.333,1.25469,1.25486,1.00,1.12
2016.11.22 17:16:31.858,1.25467,1.25485,1.00,1.00
2016.11.22 17:16:32.011,1.25465,1.25483,1.00,1.00
2016.11.22 17:16:32.344,1.25468,1.25486,1.00,1.42
2016.11.22 17:16:32.850,1.25473,1.2549,1.00,1.30
2016.11.22 17:16:33.153,1.25475,1.25492,1.00,2.06
2016.11.22 17:16:34.895,1.25474,1.25493,1.00,3.19
2016.11.22 17:16:35.403,1.25475,1.25492,1.00,1.75
2016.11.22 17:16:35.950,1.25475,1.25494,1.00,1.50
2016.11.22 17:16:36.052,1.25475,1.25492,1.00,1.00
2016.11.22 17:16:36.570,1.25475,1.25492,1.00,1.69
2016.11.22 17:16:37.131,1.25476,1.25493,1.00,2.25
2016.11.22 17:16:37.542,1.25476,1.25495,1.00,1.69
2016.11.22 17:16:38.560,1.25476,1.25495,1.00,1.69
2016.11.22 17:16:43.001,1.25477,1.25496,1.00,2.25
2016.11.22 17:16:43.978,1.25478,1.25494,1.00,1.00
2016.11.22 17:16:44.469,1.25478,1.25497,1.00,1.37
2016.11.22 17:16:44.982,1.25478,1.25497,1.00,1.00
2016.11.22 17:16:47.703,1.2548,1.25496,1.00,1.00
2016.11.22 17:16:49.270,1.25479,1.25496,1.00,1.00
2016.11.22 17:16:57.192,1.25478,1.25498,1.00,1.50
2016.11.22 17:16:59.332,1.2548,1.25497,1.00,1.00
2016.11.22 17:17:00.894,1.25479,1.25497,1.00,1.12
2016.11.22 17:17:02.579,1.25477,1.25497,1.00,1.50
2016.11.22 17:17:03.539,1.25478,1.25495,1.00,1.00
2016.11.22 17:17:04.046,1.25477,1.25495,1.00,1.00
2016.11.22 17:17:06.169,1.25477,1.25497,1.00,1.87
2016.11.22 17:17:06.490,1.25472,1.25492,1.00,1.00
2016.11.22 17:17:07.131,1.25472,1.25492,1.00,1.37
2016.11.22 17:17:07.282,1.25472,1.2549,1.00,1.87
2016.11.22 17:17:08.307,1.2547,1.25487,1.00,1.00
2016.11.22 17:17:09.303,1.25471,1.25488,1.00,1.00
2016.11.22 17:17:10.660,1.2547,1.25487,1.00,1.00
2016.11.22 17:17:13.841,1.25469,1.25486,1.00,1.37
2016.11.22 17:17:14.106,1.25465,1.25485,1.00,1.37
2016.11.22 17:17:14.157,1.25464,1.25482,1.00,1.00
2016.11.22 17:17:14.360,1.25461,1.2548,1.00,1.87
2016.11.22 17:17:14.412,1.25463,1.2548,1.00,1.12
2016.11.22 17:17:14.716,1.25461,1.25478,1.00,1.00
2016.11.22 17:17:14.772,1.25462,1.2548,1.00,1.12
2016.11.22 17:17:15.769,1.25461,1.25478,1.00,1.00
2016.11.22 17:17:15.936,1.25463,1.25482,1.00,1.37
2016.11.22 17:17:16.446,1.25463,1.25483,1.00,1.50
2016.11.22 17:17:16.655,1.25461,1.25478,1.00,1.12
2016.11.22 17:17:16.959,1.25458,1.25475,1.00,1.00
2016.11.22 17:17:17.533,1.25457,1.25474,1.00,1.00
2016.11.22 17:17:19.641,1.25458,1.25475,1.00,1.00
2016.11.22 17:17:19.692,1.25459,1.25478,1.00,1.05
2016.11.22 17:17:20.677,1.25459,1.25477,1.00,1.00
2016.11.22 17:17:21.673,1.2546,1.25477,1.00,1.00
2016.11.22 17:17:22.117,1.25458,1.25477,1.00,1.00
2016.11.22 17:17:22.168,1.25458,1.25475,1.00,1.00
2016.11.22 17:17:22.430,1.25455,1.25475,1.00,1.00
2016.11.22 17:17:22.532,1.25455,1.25474,1.00,1.50
2016.11.22 17:17:24.852,1.25456,1.25474,1.00,2.25
2016.11.22 17:17:25.156,1.25462,1.25478,1.00,3.67
2016.11.22 17:17:25.309,1.25464,1.25476,1.00,1.00
2016.11.22 17:17:25.360,1.25461,1.25478,1.00,1.12
2016.11.22 17:17:25.411,1.25457,1.25477,1.12,1.00
2016.11.22 17:17:25.563,1.25456,1.25477,1.00,1.00
2016.11.22 17:17:25.748,1.25456,1.25477,1.00,1.75
2016.11.22 17:17:25.850,1.25456,1.25477,1.00,1.00
2016.11.22 17:17:26.360,1.25457,1.25477,1.00,1.00
2016.11.22 17:17:26.717,1.25456,1.25475,1.00,1.00
2016.11.22 17:17:27.056,1.25451,1.25466,1.00,1.00
2016.11.22 17:17:27.159,1.25447,1.25465,1.00,1.00
2016.11.22 17:17:27.210,1.25449,1.25467,1.00,1.12
2016.11.22 17:17:27.514,1.25446,1.25463,1.56,1.00
2016.11.22 17:17:27.682,1.25444,1.25463,1.00,1.00
2016.11.22 17:17:28.086,1.25446,1.25465,1.00,1.00
2016.11.22 17:17:28.614,1.25444,1.25463,1.00,1.00
2016.11.22 17:17:28.716,1.25442,1.25463,1.00,1.00
2016.11.22 17:17:28.818,1.25441,1.25461,1.69,1.00
2016.11.22 17:17:29.121,1.25432,1.25454,1.12,1.00
2016.11.22 17:17:29.172,1.25431,1.2545,2.25,1.00
2016.11.22 17:17:29.702,1.25433,1.2545,1.00,1.12
2016.11.22 17:17:29.955,1.25436,1.25455,1.00,1.00
2016.11.22 17:17:30.158,1.25438,1.25457,1.00,1.00
2016.11.22 17:17:31.161,1.25439,1.25458,1.00,1.00
2016.11.22 17:17:32.071,1.2544,1.25458,1.00,1.00
2016.11.22 17:17:32.630,1.2544,1.25457,1.00,1.00
2016.11.22 17:17:33.147,1.25441,1.25458,1.00,1.00
2016.11.22 17:17:38.033,1.2544,1.25458,1.00,1.00
2016.11.22 17:17:38.705,1.25442,1.25459,1.00,1.00
2016.11.22 17:17:38.907,1.25447,1.25467,1.00,1.50
2016.11.22 17:17:39.211,1.25447,1.25467,1.00,1.00
2016.11.22 17:17:39.721,1.2545,1.25467,1.00,1.00
2016.11.22 17:17:42.264,1.25449,1.25467,1.00,1.00
2016.11.22 17:17:42.315,1.25446,1.25466,1.00,1.00
2016.11.22 17:17:42.890,1.25446,1.25466,1.37,1.00
2016.11.22 17:17:43.490,1.25448,1.25466,1.00,1.00
2016.11.22 17:17:44.444,1.25449,1.25467,1.00,1.00
2016.11.22 17:17:45.049,1.25448,1.25466,1.00,1.00
2016.11.22 17:17:48.792,1.25447,1.25465,1.00,1.00
2016.11.22 17:17:49.641,1.25446,1.25464,1.00,1.12
2016.11.22 17:17:50.149,1.25446,1.25463,1.00,1.00
2016.11.22 17:17:50.573,1.25445,1.25465,1.00,1.12
2016.11.22 17:17:50.961,1.25447,1.25464,1.00,1.00
2016.11.22 17:17:52.500,1.25446,1.25463,1.00,1.00
2016.11.22 17:17:52.905,1.25446,1.25466,1.00,1.69
2016.11.22 17:17:53.260,1.25446,1.25466,2.62,1.00
2016.11.22 17:17:54.990,1.25448,1.25466,1.37,1.00
2016.11.22 17:17:58.080,1.25448,1.25466,1.00,1.00
2016.11.22 17:17:58.549,1.2545,1.25469,1.00,1.31
2016.11.22 17:17:58.599,1.2545,1.25467,1.00,1.00
2016.11.22 17:17:58.701,1.25447,1.25466,1.00,1.00
2016.11.22 17:18:00.678,1.25449,1.25466,1.00,1.00
2016.11.22 17:18:00.830,1.25447,1.25466,1.00,1.00
2016.11.22 17:18:07.618,1.25447,1.25464,1.00,1.00
2016.11.22 17:18:07.669,1.25445,1.25464,1.00,1.00
2016.11.22 17:18:08.212,1.25445,1.25464,1.37,1.00
2016.11.22 17:18:08.263,1.25448,1.25465,1.00,1.00
2016.11.22 17:18:10.613,1.25451,1.25468,1.00,1.00
2016.11.22 17:18:11.119,1.25452,1.25469,1.00,1.00
2016.11.22 17:18:11.603,1.25453,1.25471,1.00,1.00
2016.11.22 17:18:12.798,1.25452,1.25471,1.00,1.00
2016.11.22 17:18:12.849,1.25454,1.25471,1.00,1.00
2016.11.22 17:18:13.382,1.25455,1.25474,1.00,3.00
2016.11.22 17:18:18.294,1.25457,1.25474,1.00,1.37
2016.11.22 17:18:18.858,1.25457,1.25474,1.00,1.00
2016.11.22 17:18:20.475,1.25457,1.25475,1.00,1.00
2016.11.22 17:18:21.454,1.25458,1.25475,1.00,1.00
2016.11.22 17:18:24.271,1.25457,1.25474,1.00,1.00
2016.11.22 17:18:24.473,1.25454,1.25474,1.00,1.00
2016.11.22 17:18:24.524,1.25457,1.25474,1.00,1.00
2016.11.22 17:18:25.288,1.25458,1.25475,1.00,1.00
2016.11.22 17:18:27.279,1.25458,1.25477,1.00,2.25
2016.11.22 17:18:28.277,1.25457,1.25477,1.00,2.25
2016.11.22 17:18:31.249,1.25455,1.25474,1.00,1.00
2016.11.22 17:18:31.759,1.25454,1.25473,1.12,1.00
2016.11.22 17:18:32.260,1.25454,1.25474,1.00,1.00
2016.11.22 17:18:32.902,1.25456,1.25474,1.50,1.00
2016.11.22 17:18:33.410,1.25457,1.25475,1.00,1.12
2016.11.22 17:18:34.184,1.25458,1.25477,1.00,2.25
2016.11.22 17:18:35.433,1.2546,1.25477,1.00,2.25
2016.11.22 17:18:35.585,1.2546,1.25477,1.00,1.00
2016.11.22 17:18:35.990,1.2546,1.25479,1.00,1.00
2016.11.22 17:18:36.800,1.25459,1.25478,1.00,1.00
2016.11.22 17:18:36.901,1.25457,1.25476,1.00,1.00
2016.11.22 17:18:37.356,1.2546,1.25477,1.00,1.00
2016.11.22 17:18:38.253,1.25462,1.25481,1.00,1.12
2016.11.22 17:18:38.456,1.25463,1.25483,1.12,1.00
2016.11.22 17:18:39.206,1.25464,1.25483,1.00,1.00
2016.11.22 17:18:41.146,1.25468,1.25486,1.00,1.50
2016.11.22 17:18:41.401,1.25469,1.25488,1.00,1.00
2016.11.22 17:18:41.834,1.25471,1.25489,1.00,1.00
2016.11.22 17:18:42.350,1.2547,1.25487,1.00,1.00
2016.11.22 17:18:43.228,1.25469,1.25487,1.00,1.12
2016.11.22 17:18:43.894,1.25469,1.25489,1.00,1.37
2016.11.22 17:18:44.407,1.25468,1.25488,1.00,1.12
2016.11.22 17:18:45.064,1.25469,1.25488,1.00,1.12
2016.11.22 17:18:48.202,1.25469,1.25486,1.00,1.00
2016.11.22 17:18:48.743,1.2547,1.25487,1.00,1.00
2016.11.22 17:18:50.708,1.2547,1.25488,1.00,1.00
2016.11.22 17:18:51.666,1.25471,1.25488,1.00,1.00
2016.11.22 17:18:55.803,1.25474,1.25491,1.00,1.12
2016.11.22 17:18:55.955,1.25476,1.25494,1.00,1.50
2016.11.22 17:18:56.057,1.25473,1.25492,1.00,1.00
2016.11.22 17:18:57.061,1.25473,1.25493,1.00,1.00
2016.11.22 17:18:59.710,1.25476,1.25493,1.00,1.00
2016.11.22 17:19:00.014,1.25475,1.25496,2.25,1.00
2016.11.22 17:19:00.370,1.25475,1.25493,1.50,1.00
2016.11.22 17:19:00.930,1.25473,1.25494,1.50,1.00
2016.11.22 17:19:01.031,1.25474,1.25494,1.37,1.00
2016.11.22 17:19:01.083,1.25476,1.25496,1.50,1.00
2016.11.22 17:19:01.134,1.2548,1.25497,1.12,1.50
2016.11.22 17:19:01.439,1.25484,1.25502,1.00,1.12
2016.11.22 17:19:02.291,1.25484,1.25503,1.00,1.00
2016.11.22 17:19:03.275,1.25485,1.25503,1.00,1.00
2016.11.22 17:19:07.162,1.25486,1.25503,1.00,1.00
2016.11.22 17:19:07.213,1.2549,1.25506,1.00,1.87
2016.11.22 17:19:07.415,1.25489,1.25507,1.00,1.12
2016.11.22 17:19:08.350,1.25489,1.25508,1.00,1.12
2016.11.22 17:19:09.574,1.25485,1.25505,1.87,1.00
2016.11.22 17:19:09.675,1.25485,1.25502,1.00,1.00
2016.11.22 17:19:09.878,1.25486,1.25505,1.00,1.50
2016.11.22 17:19:09.929,1.25486,1.25503,1.00,1.00
2016.11.22 17:19:10.030,1.25479,1.25499,2.44,1.00
2016.11.22 17:19:10.233,1.25477,1.25495,1.50,1.00
2016.11.22 17:19:11.048,1.25476,1.25495,1.00,1.00
2016.11.22 17:19:12.027,1.25476,1.25494,1.00,1.00
2016.11.22 17:19:12.359,1.25474,1.25493,1.00,1.00
2016.11.22 17:19:13.685,1.25475,1.25494,1.00,1.00
2016.11.22 17:19:14.699,1.25475,1.25495,1.00,1.12
2016.11.22 17:19:20.685,1.25476,1.25496,1.00,1.50
2016.11.22 17:19:22.002,1.25482,1.25497,1.00,1.75
2016.11.22 17:19:22.054,1.25477,1.25494,1.00,1.00
2016.11.22 17:19:22.567,1.25478,1.25495,1.00,1.12
2016.11.22 17:19:23.073,1.25477,1.25494,1.00,1.00
2016.11.22 17:19:24.053,1.25476,1.25493,1.00,1.00
2016.11.22 17:19:25.089,1.25474,1.25494,1.00,1.00
2016.11.22 17:19:25.241,1.25474,1.25492,1.00,1.00
2016.11.22 17:19:25.293,1.25472,1.25491,1.00,1.00
2016.11.22 17:19:25.344,1.25471,1.25488,1.00,1.00
2016.11.22 17:19:25.394,1.25468,1.25487,1.37,1.00
2016.11.22 17:19:25.446,1.25466,1.25485,1.12,1.00
2016.11.22 17:19:25.850,1.25464,1.25482,1.00,1.00
2016.11.22 17:19:26.413,1.25464,1.25483,1.00,1.00
2016.11.22 17:19:28.840,1.25462,1.25481,1.00,1.00
2016.11.22 17:19:29.349,1.25462,1.25482,1.00,1.00
2016.11.22 17:19:30.110,1.25459,1.25477,1.00,1.00
2016.11.22 17:19:30.617,1.25459,1.25476,1.00,1.00
2016.11.22 17:19:31.234,1.25458,1.25476,1.00,1.00
2016.11.22 17:19:31.806,1.25457,1.25475,1.00,1.00
2016.11.22 17:19:32.132,1.25454,1.25473,1.00,1.00
2016.11.22 17:19:32.247,1.25452,1.25472,1.00,1.00
2016.11.22 17:19:34.202,1.25453,1.2547,1.00,1.00
2016.11.22 17:19:34.354,1.25451,1.25469,1.50,1.00
2016.11.22 17:19:34.725,1.25449,1.25468,1.00,1.00
2016.11.22 17:19:35.258,1.25448,1.25467,1.00,1.00
2016.11.22 17:19:36.233,1.25449,1.25467,1.00,1.00
2016.11.22 17:19:39.228,1.2545,1.25469,1.00,1.37
2016.11.22 17:19:39.734,1.2545,1.25467,1.00,1.00
2016.11.22 17:19:40.038,1.25452,1.25469,1.00,1.37
2016.11.22 17:19:40.542,1.25452,1.25469,1.00,1.00
2016.11.22 17:19:41.133,1.25452,1.25471,1.00,1.00
2016.11.22 17:19:41.235,1.25453,1.25473,1.00,1.12
2016.11.22 17:19:41.337,1.25456,1.25475,1.00,1.50
2016.11.22 17:19:41.489,1.25458,1.25477,1.00,1.12
2016.11.22 17:19:42.307,1.25459,1.25477,1.00,1.00
2016.11.22 17:19:43.718,1.2546,1.25478,1.00,1.00
2016.11.22 17:19:43.820,1.25465,1.25482,1.00,1.87
2016.11.22 17:19:43.972,1.25467,1.25486,1.00,1.00
2016.11.22 17:19:44.023,1.25469,1.25487,1.00,1.00
2016.11.22 17:19:44.328,1.25467,1.25484,1.00,1.00
2016.11.22 17:19:45.103,1.25467,1.25485,1.00,1.00
2016.11.22 17:19:48.445,1.25465,1.25485,1.50,1.00
2016.11.22 17:19:48.584,1.25467,1.25487,1.00,1.00
2016.11.22 17:19:50.096,1.25469,1.25486,1.00,1.00
2016.11.22 17:19:51.073,1.25469,1.25488,1.00,1.00
2016.11.22 17:19:52.075,1.25468,1.25487,1.00,1.00
2016.11.22 17:19:52.305,1.25471,1.25488,1.00,1.00
2016.11.22 17:19:54.210,1.25472,1.2549,1.00,1.12
2016.11.22 17:19:54.879,1.25471,1.2549,1.00,1.12
2016.11.22 17:19:55.751,1.25473,1.2549,1.00,1.12
2016.11.22 17:19:56.771,1.25471,1.25491,1.00,1.00
2016.11.22 17:19:57.749,1.25472,1.25489,1.00,1.00
2016.11.22 17:19:58.400,1.2547,1.25489,1.50,1.87
2016.11.22 17:19:58.603,1.25464,1.25482,1.00,1.31
2016.11.22 17:19:58.704,1.25464,1.25482,1.00,1.56
2016.11.22 17:19:59.144,1.25461,1.25481,1.50,1.56
2016.11.22 17:19:59.195,1.25461,1.25479,1.50,1.12
2016.11.22 17:19:59.397,1.25461,1.25481,1.00,1.56
2016.11.22 17:20:00.150,1.2546,1.25478,1.00,1.31
2016.11.22 17:20:00.893,1.2546,1.25478,1.00,1.56
2016.11.22 17:20:01.141,1.25465,1.25482,1.00,1.31
2016.11.22 17:20:01.446,1.25468,1.25484,1.00,1.56
2016.11.22 17:20:01.497,1.25468,1.25485,1.00,1.00
2016.11.22 17:20:01.599,1.25464,1.25483,1.12,1.31
2016.11.22 17:20:01.651,1.25463,1.2548,1.37,1.00
2016.11.22 17:20:01.753,1.2546,1.25477,1.00,1.00
2016.11.22 17:20:01.994,1.25456,1.25476,1.00,1.31
2016.11.22 17:20:04.021,1.25455,1.25475,1.00,1.00
2016.11.22 17:20:05.035,1.25455,1.25475,1.00,1.56
2016.11.22 17:20:05.634,1.25455,1.25475,1.00,1.00
2016.11.22 17:20:08.091,1.25454,1.25472,1.12,1.00
2016.11.22 17:20:08.294,1.25451,1.25471,1.00,1.31
2016.11.22 17:20:08.800,1.25451,1.25471,1.00,2.06
2016.11.22 17:20:09.305,1.2545,1.25469,1.00,1.00
2016.11.22 17:20:10.289,1.2545,1.25468,1.00,1.00
2016.11.22 17:20:10.441,1.25447,1.25465,1.00,1.00
2016.11.22 17:20:12.787,1.25452,1.25468,1.00,1.31
2016.11.22 17:20:12.939,1.25454,1.25471,1.00,1.69
2016.11.22 17:20:13.142,1.25452,1.25469,1.00,1.00
2016.11.22 17:20:13.798,1.25449,1.25469,1.00,1.31
2016.11.22 17:20:14.425,1.25449,1.25467,1.00,1.00
2016.11.22 17:20:15.092,1.2545,1.25467,1.00,1.00
2016.11.22 17:20:15.722,1.25451,1.25468,1.00,2.06
2016.11.22 17:20:16.603,1.25448,1.25467,1.00,1.12
2016.11.22 17:20:17.157,1.25449,1.25467,1.00,1.00
2016.11.22 17:20:18.492,1.25448,1.25469,1.00,1.69
2016.11.22 17:20:20.592,1.2545,1.25468,1.00,1.31
2016.11.22 17:20:21.384,1.25453,1.25472,1.00,2.06
2016.11.22 17:20:21.435,1.25453,1.25472,1.00,1.50
2016.11.22 17:20:21.486,1.25453,1.25471,1.00,1.87
2016.11.22 17:20:21.587,1.25453,1.25472,1.00,1.50
2016.11.22 17:20:21.638,1.25455,1.25472,1.00,1.12
2016.11.22 17:20:25.530,1.25454,1.25474,1.00,1.62
2016.11.22 17:20:25.833,1.25456,1.25474,1.00,1.00
2016.11.22 17:20:26.179,1.25455,1.25472,1.00,1.00
2016.11.22 17:20:27.443,1.25455,1.25475,1.00,1.12
2016.11.22 17:20:29.264,1.25455,1.25475,1.00,1.69
2016.11.22 17:20:29.714,1.25456,1.25476,1.50,2.06
2016.11.22 17:20:32.398,1.25455,1.25476,1.00,1.25
2016.11.22 17:20:32.914,1.25455,1.25476,1.00,1.31
2016.11.22 17:20:33.851,1.25455,1.25476,1.00,1.56
2016.11.22 17:20:35.266,1.25455,1.25476,1.00,1.25
2016.11.22 17:20:36.990,1.25457,1.25475,1.00,1.00
2016.11.22 17:20:37.874,1.25456,1.25474,1.50,1.00
2016.11.22 17:20:38.025,1.25456,1.25476,1.00,1.31
2016.11.22 17:20:38.590,1.25457,1.25475,1.00,1.00
2016.11.22 17:20:43.181,1.25461,1.25479,1.00,2.44
2016.11.22 17:20:43.231,1.2546,1.25479,1.00,1.50
2016.11.22 17:20:43.536,1.25458,1.25477,1.12,1.00
2016.11.22 17:20:43.587,1.25461,1.25482,1.00,2.06
2016.11.22 17:20:43.740,1.25465,1.25483,1.00,1.50
2016.11.22 17:20:43.892,1.25467,1.25486,1.00,1.00
2016.11.22 17:20:44.083,1.2547,1.25488,1.00,2.44
2016.11.22 17:20:44.171,1.25466,1.25485,1.00,1.00
2016.11.22 17:20:44.475,1.25466,1.25485,1.00,1.94
2016.11.22 17:20:44.779,1.25464,1.25481,1.00,1.00
2016.11.22 17:20:45.326,1.25463,1.2548,1.00,1.00
2016.11.22 17:20:45.876,1.25463,1.25481,1.00,1.00
2016.11.22 17:20:47.425,1.25465,1.25482,1.00,1.12
2016.11.22 17:20:47.628,1.25462,1.2548,1.00,1.00
2016.11.22 17:20:48.213,1.25461,1.2548,1.00,1.00
2016.11.22 17:20:48.592,1.2546,1.25478,1.00,1.00
2016.11.22 17:20:48.946,1.25455,1.25475,1.87,1.00
2016.11.22 17:20:49.658,1.25457,1.25475,1.00,1.00
2016.11.22 17:20:51.950,1.25456,1.25475,1.12,1.00
2016.11.22 17:20:52.582,1.25457,1.25475,1.00,1.00
2016.11.22 17:20:52.885,1.25455,1.25476,1.50,1.00
2016.11.22 17:20:53.432,1.25455,1.25475,1.00,1.00
2016.11.22 17:20:53.768,1.25455,1.25473,1.00,1.00
2016.11.22 17:20:55.285,1.25453,1.25471,1.00,1.00
2016.11.22 17:20:55.593,1.25451,1.25469,1.50,1.00
2016.11.22 17:20:56.389,1.25451,1.2547,1.00,1.00
2016.11.22 17:20:57.653,1.25452,1.2547,1.00,1.00
2016.11.22 17:20:59.138,1.25454,1.25472,1.00,1.69
2016.11.22 17:20:59.240,1.25456,1.25474,1.00,1.50
2016.11.22 17:20:59.696,1.25459,1.25477,1.00,1.00
2016.11.22 17:21:00.169,1.25457,1.25478,1.12,1.56
2016.11.22 17:21:00.440,1.25456,1.25476,1.00,1.56
2016.11.22 17:21:00.763,1.25454,1.25472,1.00,1.00
2016.11.22 17:21:01.314,1.25452,1.25472,1.00,1.31
2016.11.22 17:21:01.365,1.25452,1.25472,1.00,1.87
2016.11.22 17:21:01.416,1.25449,1.25467,1.87,1.00
2016.11.22 17:21:01.922,1.25451,1.25467,1.00,1.31
2016.11.22 17:21:01.973,1.25449,1.25467,1.00,1.31
2016.11.22 17:21:02.024,1.25447,1.25465,1.12,1.00
2016.11.22 17:21:02.554,1.25446,1.25464,1.87,1.00
2016.11.22 17:21:02.955,1.25446,1.25463,1.00,1.56
2016.11.22 17:21:03.463,1.25446,1.25461,1.00,1.00
2016.11.22 17:21:03.564,1.25443,1.25461,1.00,1.00
2016.11.22 17:21:05.757,1.25448,1.25465,1.00,1.75
2016.11.22 17:21:05.833,1.2545,1.25465,1.00,1.12
2016.11.22 17:21:05.885,1.25452,1.25468,1.00,1.75
2016.11.22 17:21:05.936,1.25452,1.25473,1.00,1.69
2016.11.22 17:21:05.987,1.25455,1.25474,1.00,2.06
2016.11.22 17:21:06.391,1.25455,1.25474,1.00,1.56
2016.11.22 17:21:06.869,1.25455,1.25474,1.12,1.56
2016.11.22 17:21:07.081,1.25454,1.25474,1.00,1.56
2016.11.22 17:21:07.382,1.25456,1.25474,1.00,1.56
2016.11.22 17:21:07.928,1.25456,1.25474,1.00,1.31
2016.11.22 17:21:08.080,1.25453,1.25473,1.00,1.31
2016.11.22 17:21:08.383,1.25455,1.25473,1.00,1.31
2016.11.22 17:21:09.195,1.25455,1.25472,1.50,1.00
2016.11.22 17:21:09.450,1.25456,1.25474,1.00,1.31
2016.11.22 17:21:10.540,1.25457,1.25476,1.00,1.69
2016.11.22 17:21:11.372,1.25457,1.25476,1.00,1.69
2016.11.22 17:21:11.864,1.25453,1.25472,2.62,1.00
2016.11.22 17:21:11.916,1.25453,1.25472,1.12,1.00
2016.11.22 17:21:12.140,1.25456,1.25472,1.00,1.31
2016.11.22 17:21:12.292,1.25456,1.25474,1.00,1.00
2016.11.22 17:21:12.519,1.25456,1.25471,1.00,1.00
2016.11.22 17:21:14.616,1.25453,1.25471,1.00,1.00
2016.11.22 17:21:16.527,1.25454,1.25472,1.00,1.00
2016.11.22 17:21:19.275,1.25453,1.25471,1.00,1.00
2016.11.22 17:21:20.582,1.25454,1.25472,1.00,1.00
2016.11.22 17:21:24.025,1.25455,1.25473,1.00,1.00
2016.11.22 17:21:26.416,1.25454,1.25472,1.00,1.00
2016.11.22 17:21:26.905,1.25451,1.25469,1.87,1.00
2016.11.22 17:21:27.218,1.25451,1.25463,1.00,1.00
2016.11.22 17:21:27.470,1.25445,1.25463,1.12,1.00
2016.11.22 17:21:28.490,1.25446,1.25464,1.00,1.00
2016.11.22 17:21:32.472,1.25443,1.25457,1.00,1.00
2016.11.22 17:21:32.574,1.2544,1.25457,1.00,1.00
2016.11.22 17:21:32.676,1.2544,1.25455,1.00,1.00
2016.11.22 17:21:32.726,1.25437,1.25455,1.00,1.00
2016.11.22 17:21:35.132,1.25436,1.25453,1.00,1.00
2016.11.22 17:21:36.102,1.25435,1.25453,1.00,1.00
2016.11.22 17:21:39.077,1.25433,1.25453,1.12,1.00
2016.11.22 17:21:40.298,1.25432,1.25452,1.00,1.00
2016.11.22 17:21:40.753,1.25437,1.25455,1.00,1.12
2016.11.22 17:21:40.804,1.25438,1.25458,1.00,1.12
2016.11.22 17:21:41.057,1.25441,1.2546,1.00,1.00
2016.11.22 17:21:41.462,1.25443,1.25461,1.00,1.00
2016.11.22 17:21:41.513,1.25441,1.25462,1.00,1.00
2016.11.22 17:21:41.563,1.25444,1.25464,1.00,1.12
2016.11.22 17:21:42.474,1.25445,1.25465,1.00,1.00
2016.11.22 17:21:43.354,1.25446,1.25465,1.00,1.00
2016.11.22 17:21:48.535,1.25446,1.25466,1.00,1.00
2016.11.22 17:21:48.839,1.2545,1.2547,1.12,1.00
2016.11.22 17:21:49.143,1.25453,1.25472,1.31,1.50
2016.11.22 17:21:49.774,1.25453,1.25472,1.00,1.00
2016.11.22 17:21:50.121,1.25449,1.25469,1.87,1.00
2016.11.22 17:21:50.629,1.25449,1.25469,1.00,1.00
2016.11.22 17:21:51.161,1.2545,1.25469,1.00,1.00
2016.11.22 17:21:51.531,1.25453,1.2547,1.00,1.12
2016.11.22 17:21:56.926,1.25453,1.25471,1.00,1.00
2016.11.22 17:21:57.432,1.25452,1.25471,1.00,1.00
2016.11.22 17:21:59.146,1.25452,1.25469,1.00,1.00
2016.11.22 17:21:59.752,1.2545,1.25468,1.12,1.00
2016.11.22 17:22:00.157,1.25448,1.25466,1.00,1.00
2016.11.22 17:22:02.984,1.25448,1.25467,1.00,1.12
2016.11.22 17:22:03.490,1.25449,1.25468,1.00,1.00
2016.11.22 17:22:04.953,1.25449,1.25467,1.00,1.00
2016.11.22 17:22:05.128,1.25447,1.25466,1.00,1.00
2016.11.22 17:22:10.024,1.25447,1.25464,1.00,1.00
2016.11.22 17:22:12.650,1.25446,1.25464,1.00,1.00
2016.11.22 17:22:12.995,1.25445,1.25462,1.00,1.00
2016.11.22 17:22:13.848,1.25445,1.25463,1.00,1.00
2016.11.22 17:22:15.487,1.25447,1.25464,1.00,1.00
2016.11.22 17:22:15.671,1.2545,1.25469,1.00,1.00
2016.11.22 17:22:15.823,1.25446,1.25463,3.00,1.00
2016.11.22 17:22:15.875,1.25446,1.25463,1.00,1.00
2016.11.22 17:22:15.925,1.25444,1.25461,1.00,1.00
2016.11.22 17:22:16.532,1.25445,1.25464,1.00,1.12
2016.11.22 17:22:16.583,1.25449,1.25467,1.00,1.12
2016.11.22 17:22:16.887,1.25452,1.25469,1.00,1.00
2016.11.22 17:22:17.768,1.25453,1.2547,1.00,1.00
2016.11.22 17:22:18.252,1.25451,1.25468,1.00,1.00
2016.11.22 17:22:19.512,1.25452,1.25469,1.00,1.00
2016.11.22 17:22:21.403,1.25457,1.25473,1.00,1.37
2016.11.22 17:22:21.557,1.25455,1.25474,1.00,1.37
2016.11.22 17:22:21.608,1.25455,1.25475,1.00,1.00
2016.11.22 17:22:21.787,1.25455,1.25475,1.00,1.75
2016.11.22 17:22:21.889,1.25455,1.25475,1.00,1.00
2016.11.22 17:22:22.469,1.25456,1.25475,1.00,1.00
2016.11.22 17:22:22.576,1.25457,1.25478,1.00,1.62
2016.11.22 17:22:22.828,1.25459,1.25477,1.00,1.12
2016.11.22 17:22:23.082,1.25461,1.25481,2.25,1.00
2016.11.22 17:22:23.701,1.25459,1.25478,1.00,1.00
2016.11.22 17:22:24.415,1.25459,1.25477,1.00,1.00
2016.11.22 17:22:27.274,1.25459,1.25476,1.00,1.00
2016.11.22 17:22:27.426,1.25459,1.25479,1.00,1.12
2016.11.22 17:22:28.222,1.25461,1.25481,1.00,1.19
2016.11.22 17:22:28.526,1.25461,1.25478,1.00,1.00
2016.11.22 17:22:29.360,1.25459,1.25479,1.00,1.00
2016.11.22 17:22:29.904,1.25458,1.25479,1.00,1.87
2016.11.22 17:22:32.070,1.25458,1.25479,1.00,2.44
2016.11.22 17:22:32.250,1.25458,1.25479,1.00,1.87
2016.11.22 17:22:33.564,1.25458,1.25474,1.00,1.00
2016.11.22 17:22:33.615,1.25456,1.25473,1.00,1.00
2016.11.22 17:22:33.716,1.25453,1.2547,1.12,1.00
2016.11.22 17:22:34.543,1.25451,1.25471,1.00,1.00
2016.11.22 17:22:34.645,1.25449,1.25468,1.00,1.00
2016.11.22 17:22:35.671,1.2545,1.25468,1.00,1.00
2016.11.22 17:22:36.217,1.2545,1.25469,1.00,1.12
2016.11.22 17:22:37.040,1.2545,1.25467,1.00,1.00
2016.11.22 17:22:37.665,1.25449,1.25469,1.00,1.12
2016.11.22 17:22:37.716,1.25448,1.25466,1.00,1.00
2016.11.22 17:22:40.365,1.25449,1.25467,1.00,1.00
2016.11.22 17:22:40.880,1.25447,1.25467,1.00,1.00
2016.11.22 17:22:42.424,1.2545,1.25468,1.00,1.00
2016.11.22 17:22:42.963,1.25451,1.25468,1.00,1.00
2016.11.22 17:22:43.474,1.25452,1.2547,1.00,1.00
2016.11.22 17:22:43.991,1.25454,1.25471,1.00,1.00
2016.11.22 17:22:45.373,1.25454,1.25474,1.00,1.12
2016.11.22 17:22:46.374,1.25455,1.25472,1.00,1.00
2016.11.22 17:22:46.425,1.25452,1.25472,1.00,1.00
2016.11.22 17:22:47.435,1.25453,1.2547,1.00,1.00
2016.11.22 17:22:49.408,1.25451,1.2547,1.00,1.00
2016.11.22 17:22:49.561,1.25449,1.25468,1.00,1.00
2016.11.22 17:22:49.865,1.25451,1.25469,1.00,1.50
2016.11.22 17:22:50.447,1.2545,1.25468,1.00,1.00
2016.11.22 17:22:51.187,1.25449,1.25468,1.00,1.00
2016.11.22 17:22:51.736,1.25449,1.25467,1.00,1.00
2016.11.22 17:22:52.349,1.25448,1.25466,1.00,1.00
2016.11.22 17:22:57.894,1.25449,1.25466,1.00,1.00
2016.11.22 17:23:00.150,1.25448,1.25465,1.00,1.00
2016.11.22 17:23:00.690,1.25445,1.25464,1.00,1.00
2016.11.22 17:23:01.599,1.25444,1.25464,1.00,1.00
2016.11.22 17:23:01.650,1.25446,1.25464,1.00,1.00
2016.11.22 17:23:01.701,1.25443,1.25464,1.50,1.00
2016.11.22 17:23:02.245,1.25443,1.25464,1.00,1.37
2016.11.22 17:23:02.774,1.25443,1.25464,1.00,1.00
2016.11.22 17:23:04.181,1.25444,1.25464,1.00,1.00
2016.11.22 17:23:05.002,1.25443,1.25464,1.31,1.00
2016.11.22 17:23:06.853,1.25445,1.25463,1.00,1.00
2016.11.22 17:23:07.143,1.25446,1.25465,1.00,1.00
2016.11.22 17:23:07.514,1.25448,1.25468,1.00,1.12
2016.11.22 17:23:08.034,1.25447,1.25467,1.00,1.00
2016.11.22 17:23:08.541,1.25445,1.25467,1.50,1.00
2016.11.22 17:23:09.546,1.25447,1.25466,1.00,1.00
2016.11.22 17:23:10.445,1.25448,1.25468,1.00,1.00
2016.11.22 17:23:10.496,1.25449,1.2547,1.00,1.50
2016.11.22 17:23:10.951,1.25453,1.2547,1.00,1.00
2016.11.22 17:23:11.207,1.25457,1.25479,1.31,1.50
2016.11.22 17:23:11.747,1.25457,1.25479,1.56,1.50
2016.11.22 17:23:12.057,1.25458,1.25477,1.31,1.00
2016.11.22 17:23:12.563,1.25458,1.25476,1.00,1.00
2016.11.22 17:23:14.280,1.25459,1.25477,1.00,1.00
2016.11.22 17:23:14.634,1.25456,1.25476,1.69,1.00
2016.11.22 17:23:15.257,1.25457,1.25476,1.00,1.00
2016.11.22 17:23:19.271,1.25461,1.25476,1.00,1.00
2016.11.22 17:23:19.848,1.25461,1.25477,1.00,1.00
2016.11.22 17:23:20.383,1.25461,1.25476,1.00,1.00
2016.11.22 17:23:20.602,1.25461,1.25478,1.00,1.00
2016.11.22 17:23:21.167,1.2546,1.25478,1.00,1.00
2016.11.22 17:23:23.852,1.2546,1.25479,1.00,1.00
2016.11.22 17:23:24.436,1.25461,1.25479,1.00,1.00
2016.11.22 17:23:25.142,1.2546,1.25479,1.50,1.00
2016.11.22 17:23:25.243,1.25467,1.25486,1.00,3.37
2016.11.22 17:23:25.294,1.25467,1.25487,1.00,1.75
2016.11.22 17:23:25.395,1.25471,1.25487,1.00,1.00
2016.11.22 17:23:25.790,1.25468,1.25487,1.00,1.00
2016.11.22 17:23:26.347,1.25469,1.25487,1.00,1.00
2016.11.22 17:23:28.115,1.2547,1.25488,1.50,1.00
2016.11.22 17:23:29.954,1.25471,1.25488,1.00,1.00
2016.11.22 17:23:31.163,1.2547,1.25489,1.00,1.00
2016.11.22 17:23:31.754,1.25471,1.25489,1.00,1.00
2016.11.22 17:23:32.426,1.25468,1.25488,1.50,1.00
2016.11.22 17:23:32.731,1.25471,1.25488,1.00,1.00
2016.11.22 17:23:33.187,1.25471,1.25491,1.50,1.50
2016.11.22 17:23:33.238,1.25473,1.25491,1.56,1.50
2016.11.22 17:23:33.340,1.25477,1.25496,1.00,1.12
2016.11.22 17:23:33.542,1.2548,1.25498,1.00,1.00
2016.11.22 17:23:34.216,1.25481,1.25498,1.00,1.00
2016.11.22 17:23:34.318,1.25481,1.255,1.00,1.00
2016.11.22 17:23:35.403,1.25481,1.25499,1.00,1.00
2016.11.22 17:23:37.150,1.25481,1.255,1.50,1.00
2016.11.22 17:23:37.252,1.25483,1.25503,1.00,1.37
2016.11.22 17:23:37.553,1.25487,1.25505,1.00,1.00
2016.11.22 17:23:38.236,1.25486,1.25504,1.00,1.00
2016.11.22 17:23:39.255,1.25485,1.25503,1.00,1.00
2016.11.22 17:23:39.565,1.25477,1.25497,1.00,1.56
2016.11.22 17:23:39.869,1.25477,1.25496,1.00,3.00
2016.11.22 17:23:40.493,1.25476,1.25494,1.00,1.56
2016.11.22 17:23:40.747,1.25471,1.25491,2.25,1.00
2016.11.22 17:23:40.839,1.25476,1.25491,1.00,1.00
2016.11.22 17:23:41.847,1.25476,1.2549,1.00,1.00
2016.11.22 17:23:42.840,1.25476,1.25491,1.00,1.00
2016.11.22 17:23:43.639,1.25476,1.25493,1.00,1.25
2016.11.22 17:23:43.818,1.25476,1.25495,1.12,1.25
2016.11.22 17:23:44.122,1.25477,1.25497,1.00,1.00
2016.11.22 17:23:44.532,1.25481,1.25497,1.00,1.00
2016.11.22 17:23:45.056,1.25477,1.25497,1.00,1.00
2016.11.22 17:23:45.570,1.25477,1.25497,1.00,1.19
2016.11.22 17:23:45.672,1.25475,1.25491,1.00,1.00
2016.11.22 17:23:46.207,1.25473,1.25491,1.50,1.00
2016.11.22 17:23:46.837,1.25473,1.25491,1.00,1.00
2016.11.22 17:23:48.209,1.25472,1.2549,1.00,1.00
2016.11.22 17:23:49.286,1.25472,1.25491,1.00,1.00
2016.11.22 17:23:49.850,1.25473,1.25491,1.00,1.00
2016.11.22 17:23:50.805,1.2547,1.2549,1.50,1.00
2016.11.22 17:23:51.320,1.25471,1.2549,1.00,1.00
2016.11.22 17:23:51.895,1.25471,1.25491,1.50,1.00
2016.11.22 17:23:52.782,1.25471,1.2549,1.50,1.00
2016.11.22 17:23:56.502,1.25471,1.25489,1.50,1.00
2016.11.22 17:23:57.466,1.2547,1.25488,1.50,1.00
2016.11.22 17:23:59.465,1.25468,1.25488,1.50,1.00
2016.11.22 17:23:59.819,1.25467,1.25485,1.75,1.00
2016.11.22 17:23:59.971,1.25467,1.25485,1.00,1.00
2016.11.22 17:24:00.416,1.25471,1.25489,1.00,1.00
2016.11.22 17:24:00.568,1.25474,1.25494,1.00,1.87
2016.11.22 17:24:00.822,1.25476,1.25494,1.00,1.50
2016.11.22 17:24:01.744,1.25479,1.25497,1.00,1.31
2016.11.22 17:24:02.885,1.25477,1.25497,1.00,1.00
2016.11.22 17:24:05.069,1.25478,1.25498,1.00,1.00
2016.11.22 17:24:05.171,1.2548,1.255,1.00,1.31
2016.11.22 17:24:05.600,1.2548,1.25495,1.00,1.00
2016.11.22 17:24:05.752,1.2548,1.25499,1.00,1.00
2016.11.22 17:24:05.808,1.2548,1.25496,1.00,1.00
2016.11.22 17:24:05.961,1.25477,1.25496,1.00,1.00
2016.11.22 17:24:06.012,1.25475,1.25494,1.12,1.00
2016.11.22 17:24:07.130,1.25479,1.25494,1.00,1.00
2016.11.22 17:24:07.332,1.25479,1.25499,1.00,1.75
2016.11.22 17:24:07.485,1.25479,1.25499,1.00,2.06
2016.11.22 17:24:08.155,1.25479,1.25499,1.00,4.31
2016.11.22 17:24:09.749,1.25478,1.25496,1.00,1.00
2016.11.22 17:24:10.558,1.2548,1.25496,1.00,1.00
2016.11.22 17:24:10.659,1.25478,1.25498,1.00,1.50
2016.11.22 17:24:10.862,1.25481,1.25498,1.00,1.12
2016.11.22 17:24:12.493,1.25478,1.25498,1.00,1.12
2016.11.22 17:24:12.844,1.2548,1.25498,1.00,1.12
2016.11.22 17:24:13.811,1.25478,1.25498,1.00,1.12
2016.11.22 17:24:14.248,1.2548,1.25498,1.00,1.25
2016.11.22 17:24:14.502,1.25478,1.25498,1.00,1.12
2016.11.22 17:24:16.520,1.25481,1.25498,1.00,1.25
2016.11.22 17:24:16.621,1.25476,1.25496,1.12,1.00
2016.11.22 17:24:16.672,1.25475,1.25493,1.00,1.00
2016.11.22 17:24:16.976,1.25473,1.25491,1.00,1.31
2016.11.22 17:24:18.442,1.25474,1.25492,1.00,1.50
2016.11.22 17:24:18.644,1.25477,1.25495,1.00,1.00
2016.11.22 17:24:19.301,1.25476,1.25496,1.00,1.50
2016.11.22 17:24:19.352,1.25476,1.25486,1.00,1.00
2016.11.22 17:24:19.403,1.25471,1.25486,1.05,1.00
2016.11.22 17:24:19.999,1.2547,1.25486,1.00,1.00
2016.11.22 17:24:20.302,1.25467,1.25485,1.00,1.00
2016.11.22 17:24:24.114,1.25471,1.25486,1.00,1.00
2016.11.22 17:24:24.673,1.2547,1.25486,1.00,1.00
2016.11.22 17:24:24.927,1.25475,1.25493,1.50,1.00
2016.11.22 17:24:26.297,1.25476,1.25493,1.00,1.00
2016.11.22 17:24:27.275,1.25475,1.25495,1.50,1.19
2016.11.22 17:24:27.540,1.25477,1.25495,1.00,1.19
2016.11.22 17:24:27.591,1.25477,1.25495,1.00,1.00
2016.11.22 17:24:28.483,1.25477,1.25494,1.00,1.00
2016.11.22 17:24:30.785,1.25478,1.25496,1.00,1.00
2016.11.22 17:24:33.170,1.25482,1.255,1.12,1.00
2016.11.22 17:24:34.123,1.2548,1.255,1.50,1.00
2016.11.22 17:24:35.197,1.25481,1.255,1.00,1.00
2016.11.22 17:24:37.086,1.25481,1.25498,1.50,1.00
2016.11.22 17:24:37.491,1.25479,1.25497,1.00,1.00
2016.11.22 17:24:37.903,1.25481,1.25497,1.00,1.00
2016.11.22 17:24:40.668,1.25481,1.25496,1.00,1.00
2016.11.22 17:24:41.525,1.25479,1.25498,1.00,1.15
2016.11.22 17:24:41.677,1.25476,1.25492,1.00,1.69
2016.11.22 17:24:41.728,1.25472,1.25492,1.00,1.69
2016.11.22 17:24:41.880,1.25471,1.25492,1.00,1.00
2016.11.22 17:24:42.434,1.25475,1.25494,1.00,1.50
2016.11.22 17:24:42.962,1.25475,1.25494,1.00,1.00
2016.11.22 17:24:43.496,1.25475,1.25495,1.00,1.00
2016.11.22 17:24:44.040,1.25475,1.25496,1.00,1.12
2016.11.22 17:24:44.576,1.25476,1.25496,1.00,1.12
2016.11.22 17:24:45.093,1.25475,1.25497,1.87,1.37
2016.11.22 17:24:45.784,1.25475,1.25497,2.25,1.00
2016.11.22 17:24:46.418,1.25478,1.25498,1.00,1.12
2016.11.22 17:24:46.965,1.25479,1.25497,1.00,1.00
2016.11.22 17:24:47.999,1.2548,1.25498,1.00,1.00
2016.11.22 17:24:48.281,1.2548,1.255,1.50,1.00
2016.11.22 17:24:48.798,1.25481,1.255,1.00,1.00
2016.11.22 17:24:48.950,1.25481,1.25498,1.00,1.00
2016.11.22 17:24:49.928,1.25481,1.25499,1.50,1.00
2016.11.22 17:24:50.902,1.25484,1.25502,1.00,1.69
2016.11.22 17:24:51.205,1.25487,1.25507,1.00,1.31
2016.11.22 17:24:51.509,1.2549,1.25508,1.00,1.00
2016.11.22 17:24:52.014,1.2549,1.25507,1.00,1.00
2016.11.22 17:24:52.512,1.25486,1.25506,1.12,1.00
2016.11.22 17:24:52.562,1.25488,1.25507,1.00,1.00
2016.11.22 17:24:52.815,1.25481,1.25501,1.00,1.00
2016.11.22 17:24:54.639,1.25486,1.25504,1.00,2.25
2016.11.22 17:24:54.791,1.25485,1.25507,1.00,2.25
2016.11.22 17:24:54.841,1.25488,1.25506,1.00,1.12
2016.11.22 17:24:57.579,1.25487,1.25505,1.00,1.00
2016.11.22 17:24:57.832,1.25488,1.25508,1.00,1.00
2016.11.22 17:24:58.035,1.25487,1.25505,1.00,1.00
2016.11.22 17:24:58.339,1.25486,1.25503,1.00,1.00
2016.11.22 17:24:58.642,1.25486,1.25501,1.00,1.00
2016.11.22 17:25:00.220,1.25483,1.25501,1.00,1.00
2016.11.22 17:25:01.214,1.25482,1.25502,1.12,1.00
2016.11.22 17:25:01.265,1.25486,1.25502,1.00,1.00
2016.11.22 17:25:01.773,1.25486,1.25503,1.00,1.00
2016.11.22 17:25:02.225,1.25488,1.25506,1.00,1.00
2016.11.22 17:25:03.153,1.25489,1.25507,1.00,1.00
2016.11.22 17:25:03.204,1.25486,1.25506,1.50,1.00
2016.11.22 17:25:03.645,1.25489,1.25507,1.00,1.00
2016.11.22 17:25:04.663,1.25487,1.25507,1.00,1.00
2016.11.22 17:25:05.052,1.25489,1.25507,1.00,1.00
2016.11.22 17:25:05.153,1.25486,1.25506,1.50,1.00
2016.11.22 17:25:05.458,1.25485,1.25503,1.50,1.00
2016.11.22 17:25:06.185,1.25481,1.25503,2.25,1.00
2016.11.22 17:25:06.236,1.25483,1.25501,1.00,1.00
2016.11.22 17:25:07.456,1.25483,1.25502,1.00,1.00
2016.11.22 17:25:08.325,1.25483,1.25501,1.00,1.00
2016.11.22 17:25:09.961,1.25481,1.25501,1.50,1.00
2016.11.22 17:25:10.063,1.25481,1.25499,1.50,1.00
2016.11.22 17:25:10.975,1.25482,1.255,1.00,1.00
2016.11.22 17:25:11.983,1.2548,1.255,1.00,1.00
2016.11.22 17:25:12.035,1.25479,1.25497,1.12,1.00
2016.11.22 17:25:12.612,1.2548,1.25497,1.00,1.00
2016.11.22 17:25:13.160,1.2548,1.25498,1.00,1.00
2016.11.22 17:25:13.211,1.25481,1.25501,1.00,1.00
2016.11.22 17:25:13.933,1.25481,1.25498,1.00,1.00
2016.11.22 17:25:14.135,1.25478,1.25497,1.50,1.00
2016.11.22 17:25:14.186,1.25479,1.25499,1.12,1.00
2016.11.22 17:25:14.720,1.25478,1.25498,1.50,1.00
2016.11.22 17:25:15.248,1.2548,1.25498,1.00,1.00
2016.11.22 17:25:17.694,1.25481,1.25499,1.00,1.12
2016.11.22 17:25:19.033,1.25479,1.25499,1.00,1.12
2016.11.22 17:25:19.387,1.25481,1.255,1.00,1.50
2016.11.22 17:25:20.470,1.2548,1.255,1.00,1.50
2016.11.22 17:25:21.017,1.2548,1.25498,1.50,1.00
2016.11.22 17:25:21.539,1.25481,1.255,1.00,1.37
2016.11.22 17:25:22.074,1.2548,1.255,1.00,1.00
2016.11.22 17:25:22.379,1.25468,1.25486,1.00,1.00
2016.11.22 17:25:23.329,1.25467,1.25486,1.00,1.00
2016.11.22 17:25:23.889,1.25467,1.25485,1.00,1.00
2016.11.22 17:25:24.408,1.25465,1.25484,1.50,1.00
2016.11.22 17:25:24.459,1.25462,1.2548,1.50,1.00
2016.11.22 17:25:24.510,1.25462,1.2548,1.00,1.00
2016.11.22 17:25:24.562,1.25461,1.25478,1.00,1.00
2016.11.22 17:25:25.471,1.25461,1.25479,1.50,1.00
2016.11.22 17:25:25.724,1.25461,1.25481,1.50,1.00
2016.11.22 17:25:26.014,1.25463,1.25483,1.00,1.50
2016.11.22 17:25:27.754,1.25461,1.25475,1.87,1.00
2016.11.22 17:25:27.805,1.25457,1.25474,1.12,1.00
2016.11.22 17:25:27.906,1.25452,1.25475,1.95,1.00
2016.11.22 17:25:28.008,1.25452,1.25472,1.50,1.00
2016.11.22 17:25:28.773,1.25452,1.25471,1.00,1.00
2016.11.22 17:25:29.135,1.25453,1.25473,1.00,1.00
2016.11.22 17:25:29.237,1.25456,1.25476,1.00,1.30
2016.11.22 17:25:29.762,1.25455,1.25473,1.00,1.00
2016.11.22 17:25:30.479,1.25455,1.25474,1.00,1.00
2016.11.22 17:25:30.962,1.25453,1.25474,1.00,1.00
2016.11.22 17:25:31.013,1.25451,1.25471,1.87,1.00
2016.11.22 17:25:31.361,1.2545,1.25469,1.00,1.00
2016.11.22 17:25:31.697,1.25449,1.25467,1.00,1.00
2016.11.22 17:25:32.052,1.25447,1.25466,1.00,1.00
2016.11.22 17:25:32.457,1.25445,1.25464,1.12,1.87
2016.11.22 17:25:32.966,1.25446,1.25463,1.00,1.87
2016.11.22 17:25:33.067,1.25446,1.25465,1.00,1.87
2016.11.22 17:25:33.582,1.25446,1.25466,1.00,1.00
2016.11.22 17:25:33.683,1.25448,1.25466,1.00,1.00
2016.11.22 17:25:34.800,1.25446,1.25468,1.00,1.00
2016.11.22 17:25:34.851,1.25449,1.25467,1.00,1.00
2016.11.22 17:25:35.117,1.25446,1.25467,1.00,1.00
2016.11.22 17:25:35.689,1.25447,1.25467,1.00,1.00
2016.11.22 17:25:36.112,1.25449,1.25467,1.00,1.00
2016.11.22 17:25:38.669,1.25448,1.25466,1.00,1.00
2016.11.22 17:25:39.659,1.25447,1.25466,1.00,1.00
2016.11.22 17:25:40.962,1.25445,1.25465,1.12,1.00
2016.11.22 17:25:41.064,1.25445,1.25463,1.12,1.00
2016.11.22 17:25:41.267,1.25445,1.25465,1.12,1.00
2016.11.22 17:25:41.804,1.25445,1.25464,1.12,1.00
2016.11.22 17:25:43.564,1.25443,1.25463,1.50,1.00
2016.11.22 17:25:43.615,1.25442,1.2546,1.87,1.00
2016.11.22 17:25:43.666,1.25442,1.2546,1.12,1.00
2016.11.22 17:25:46.073,1.25441,1.25461,1.00,1.00
2016.11.22 17:25:46.124,1.2544,1.25458,1.00,1.00
2016.11.22 17:25:46.428,1.25431,1.25453,2.25,1.00
2016.11.22 17:25:46.631,1.25431,1.25453,1.00,1.00
2016.11.22 17:25:47.166,1.25432,1.25452,1.00,1.00
2016.11.22 17:25:48.345,1.25433,1.2545,1.00,1.00
2016.11.22 17:25:49.333,1.25433,1.25451,1.00,1.00
2016.11.22 17:25:49.648,1.25431,1.25449,1.00,1.00
2016.11.22 17:25:50.481,1.2543,1.25448,1.00,1.00
2016.11.22 17:25:51.015,1.25431,1.25449,1.00,1.00
2016.11.22 17:25:53.163,1.25429,1.25449,1.00,1.00
2016.11.22 17:25:53.365,1.25427,1.25445,1.00,1.00
2016.11.22 17:25:53.620,1.25424,1.25443,1.00,1.00
2016.11.22 17:25:53.923,1.25422,1.2544,1.00,1.00
2016.11.22 17:25:55.365,1.25421,1.25439,1.00,1.00
2016.11.22 17:25:57.398,1.25416,1.25441,1.87,1.12
2016.11.22 17:25:57.500,1.2542,1.2544,1.00,1.00
2016.11.22 17:25:57.934,1.25417,1.25435,1.50,1.00
2016.11.22 17:25:58.238,1.25415,1.25433,1.00,1.00
2016.11.22 17:25:58.677,1.25419,1.25437,1.00,1.00
2016.11.22 17:25:59.391,1.25419,1.25439,1.00,1.37
2016.11.22 17:25:59.695,1.25427,1.25444,1.00,1.50
2016.11.22 17:26:00.200,1.25427,1.25445,1.00,1.00
2016.11.22 17:26:00.554,1.2542,1.25444,1.37,2.62
2016.11.22 17:26:00.605,1.25419,1.25441,3.37,1.00
2016.11.22 17:26:00.656,1.25419,1.25441,1.87,1.00
2016.11.22 17:26:00.707,1.25421,1.25441,1.00,1.00
2016.11.22 17:26:01.062,1.25421,1.25438,1.00,1.87
2016.11.22 17:26:01.170,1.25421,1.25441,1.00,2.62
2016.11.22 17:26:01.546,1.25416,1.25436,1.12,1.00
2016.11.22 17:26:01.850,1.25405,1.25423,1.82,1.12
2016.11.22 17:26:01.951,1.25405,1.25421,1.12,1.00
2016.11.22 17:26:02.053,1.25402,1.2542,1.00,1.50
2016.11.22 17:26:02.206,1.25403,1.25422,1.00,1.00
2016.11.22 17:26:02.560,1.25404,1.25425,1.00,1.37
2016.11.22 17:26:03.115,1.25407,1.25425,1.00,1.37
2016.11.22 17:26:03.217,1.25407,1.25429,1.12,2.25
2016.11.22 17:26:03.906,1.25409,1.25429,1.00,2.25
2016.11.22 17:26:04.212,1.25406,1.25424,1.12,1.00
2016.11.22 17:26:04.416,1.25402,1.25421,1.00,1.00
2016.11.22 17:26:05.023,1.25403,1.25423,1.00,1.00
2016.11.22 17:26:06.021,1.25402,1.25423,1.12,1.00
2016.11.22 17:26:06.528,1.25402,1.25422,1.00,1.00
2016.11.22 17:26:07.138,1.25404,1.25424,1.00,1.12
2016.11.22 17:26:08.104,1.25405,1.25425,1.00,1.50
2016.11.22 17:26:08.256,1.25406,1.25426,1.00,2.25
2016.11.22 17:26:08.870,1.25406,1.25424,1.00,1.00
2016.11.22 17:26:09.383,1.25405,1.25424,1.00,1.00
2016.11.22 17:26:09.687,1.25412,1.25429,1.00,1.87
2016.11.22 17:26:09.739,1.25412,1.2543,1.00,1.00
2016.11.22 17:26:11.204,1.25412,1.25429,1.00,1.00
2016.11.22 17:26:12.206,1.25411,1.25429,1.00,1.00
2016.11.22 17:26:12.974,1.25409,1.25427,1.00,1.00
2016.11.22 17:26:13.672,1.25407,1.25425,1.00,1.00
2016.11.22 17:26:13.976,1.25405,1.25425,1.00,1.00
2016.11.22 17:26:15.546,1.25407,1.25425,1.00,1.00
2016.11.22 17:26:16.060,1.25408,1.25426,1.00,1.00
2016.11.22 17:26:17.622,1.2541,1.25428,1.00,2.25
2016.11.22 17:26:18.139,1.25411,1.25429,1.00,1.50
2016.11.22 17:26:18.738,1.25408,1.25421,1.00,1.00
2016.11.22 17:26:18.840,1.25403,1.25421,1.37,1.00
2016.11.22 17:26:18.891,1.25401,1.25422,1.50,1.00
2016.11.22 17:26:18.941,1.25397,1.2542,2.62,1.00
2016.11.22 17:26:19.282,1.25395,1.25416,1.00,1.87
2016.11.22 17:26:19.485,1.25395,1.25417,1.00,1.00
2016.11.22 17:26:19.942,1.25397,1.25419,1.00,1.00
2016.11.22 17:26:20.247,1.25394,1.25416,1.00,1.00
2016.11.22 17:26:20.703,1.25396,1.2542,1.00,1.00
2016.11.22 17:26:21.287,1.25395,1.2542,1.00,1.00
2016.11.22 17:26:21.338,1.25394,1.25416,1.00,1.00
2016.11.22 17:26:24.137,1.25396,1.25416,1.00,1.00
2016.11.22 17:26:24.775,1.254,1.25419,1.00,1.30
2016.11.22 17:26:24.876,1.254,1.25419,1.00,1.00
2016.11.22 17:26:25.507,1.254,1.2542,1.00,1.00
2016.11.22 17:26:25.915,1.254,1.25422,1.00,1.12
2016.11.22 17:26:26.354,1.25402,1.25424,1.00,1.00
2016.11.22 17:26:27.541,1.25402,1.25423,1.00,1.00
2016.11.22 17:26:27.765,1.254,1.25422,1.00,1.00
2016.11.22 17:26:28.175,1.254,1.2542,1.00,1.00
2016.11.22 17:26:29.655,1.25398,1.25418,1.00,1.00
2016.11.22 17:26:29.720,1.25396,1.25417,1.00,1.00
2016.11.22 17:26:30.176,1.25398,1.25416,1.00,1.00
2016.11.22 17:26:31.428,1.25399,1.25419,1.00,1.50
2016.11.22 17:26:31.967,1.25399,1.25419,1.00,1.00
2016.11.22 17:26:32.104,1.25401,1.25419,1.00,1.00
2016.11.22 17:26:32.668,1.25401,1.25419,1.00,1.56
2016.11.22 17:26:33.019,1.25407,1.25421,1.00,1.69
2016.11.22 17:26:33.273,1.25409,1.25429,1.00,1.87
2016.11.22 17:26:33.425,1.25407,1.25427,1.00,1.31
2016.11.22 17:26:34.127,1.25406,1.25427,1.00,1.00
2016.11.22 17:26:35.064,1.25405,1.25425,1.00,1.00
2016.11.22 17:26:35.571,1.25407,1.25428,1.00,2.81
2016.11.22 17:26:35.774,1.25407,1.25428,1.00,1.00
2016.11.22 17:26:36.495,1.25407,1.25429,1.00,1.00
2016.11.22 17:26:38.004,1.25408,1.25427,1.00,1.00
2016.11.22 17:26:39.072,1.25407,1.25427,1.00,1.00
2016.11.22 17:26:39.617,1.25407,1.25428,1.00,1.00
2016.11.22 17:26:40.123,1.25409,1.25427,1.00,1.00
2016.11.22 17:26:44.371,1.25408,1.25427,1.00,1.00
2016.11.22 17:26:44.868,1.25406,1.25425,1.00,1.00
2016.11.22 17:26:45.172,1.25406,1.25423,1.00,1.00
2016.11.22 17:26:45.425,1.25403,1.25422,1.00,1.00
2016.11.22 17:26:47.607,1.25403,1.25423,1.00,1.00
2016.11.22 17:26:48.593,1.25401,1.25423,1.00,1.00
2016.11.22 17:26:50.263,1.25401,1.25423,1.00,1.56
2016.11.22 17:26:50.790,1.25402,1.25424,1.00,1.69
2016.11.22 17:26:51.044,1.25403,1.25421,1.00,1.00
2016.11.22 17:26:51.247,1.25403,1.25423,1.00,1.25
2016.11.22 17:26:51.298,1.25407,1.25425,1.00,1.31
2016.11.22 17:26:51.349,1.25407,1.25425,1.00,1.00
2016.11.22 17:26:52.033,1.25408,1.25426,1.00,1.69
2016.11.22 17:26:52.530,1.25408,1.25426,1.00,1.56
2016.11.22 17:26:53.082,1.25408,1.25426,1.00,1.19
2016.11.22 17:26:53.400,1.25409,1.25427,1.00,1.56
2016.11.22 17:26:53.451,1.25409,1.25427,1.00,1.31
2016.11.22 17:26:53.986,1.25408,1.25426,1.00,1.19
2016.11.22 17:26:54.346,1.25407,1.25425,1.00,1.31
2016.11.22 17:26:54.409,1.25405,1.25423,1.00,1.25
2016.11.22 17:26:54.460,1.25403,1.25422,1.00,1.00
2016.11.22 17:26:55.003,1.25403,1.25422,1.00,1.31
2016.11.22 17:26:55.722,1.25403,1.25422,1.00,1.12
2016.11.22 17:26:56.227,1.25404,1.25423,1.00,1.69
2016.11.22 17:26:56.328,1.25408,1.25426,1.00,1.94
2016.11.22 17:26:56.379,1.25409,1.25429,1.00,2.29
2016.11.22 17:26:56.480,1.25409,1.25429,1.00,1.56
2016.11.22 17:26:57.337,1.25408,1.25428,1.00,1.56
2016.11.22 17:26:57.540,1.2541,1.25428,1.00,1.31
2016.11.22 17:26:58.559,1.2541,1.25428,1.00,1.56
2016.11.22 17:26:59.066,1.25409,1.25427,1.00,1.75
2016.11.22 17:26:59.168,1.25409,1.25427,1.00,1.75
2016.11.22 17:26:59.947,1.25407,1.25427,1.00,1.75
2016.11.22 17:27:00.054,1.25407,1.25427,1.00,1.75
2016.11.22 17:27:00.358,1.25412,1.25429,1.00,1.75
2016.11.22 17:27:00.409,1.25408,1.25428,1.00,1.75
2016.11.22 17:27:00.460,1.25408,1.25428,1.00,1.00
2016.11.22 17:27:00.816,1.25411,1.25429,1.00,1.62
2016.11.22 17:27:01.334,1.25411,1.25429,1.00,1.00
2016.11.22 17:27:01.995,1.25412,1.2543,1.00,1.00
2016.11.22 17:27:03.821,1.25409,1.25428,1.00,1.00
2016.11.22 17:27:03.923,1.25411,1.2543,1.00,1.00
2016.11.22 17:27:04.278,1.25411,1.25432,1.00,1.00
2016.11.22 17:27:04.379,1.25415,1.25433,1.00,1.00
2016.11.22 17:27:04.939,1.25416,1.25434,1.00,1.50
2016.11.22 17:27:06.100,1.25415,1.25433,1.00,1.00
2016.11.22 17:27:06.653,1.25414,1.25433,1.00,1.00
2016.11.22 17:27:08.137,1.25415,1.25434,1.00,1.00
2016.11.22 17:27:08.441,1.25419,1.25438,1.00,1.75
2016.11.22 17:27:08.543,1.25419,1.25438,1.00,1.00
2016.11.22 17:27:08.796,1.25427,1.25444,1.00,2.44
2016.11.22 17:27:09.089,1.25435,1.25453,1.00,1.00
2016.11.22 17:27:09.293,1.25439,1.25454,1.00,1.00
2016.11.22 17:27:09.344,1.25437,1.25454,1.00,1.00
2016.11.22 17:27:09.598,1.25439,1.25454,1.00,1.00
2016.11.22 17:27:09.852,1.25439,1.25457,1.00,1.00
2016.11.22 17:27:10.360,1.25441,1.25458,1.00,1.00
2016.11.22 17:27:11.222,1.25439,1.25458,1.00,1.00
2016.11.22 17:27:11.273,1.25437,1.25456,1.00,1.00
2016.11.22 17:27:11.693,1.25436,1.25454,1.00,1.00
2016.11.22 17:27:11.845,1.25435,1.25457,1.50,1.87
2016.11.22 17:27:11.947,1.25438,1.25456,1.00,1.12
2016.11.22 17:27:12.356,1.2544,1.25457,1.50,1.00
2016.11.22 17:27:13.039,1.25438,1.25455,1.00,1.00
2016.11.22 17:27:13.090,1.25435,1.25454,3.15,1.00
2016.11.22 17:27:13.192,1.25435,1.25451,1.00,1.00
2016.11.22 17:27:13.243,1.25435,1.25453,1.00,1.00
2016.11.22 17:27:13.294,1.25432,1.2545,1.37,1.00
2016.11.22 17:27:13.395,1.25428,1.25448,1.12,1.00
2016.11.22 17:27:13.978,1.25427,1.25448,1.65,1.00
2016.11.22 17:27:14.282,1.25433,1.25454,1.00,1.50
2016.11.22 17:27:14.383,1.25434,1.25453,1.00,1.12
2016.11.22 17:27:14.536,1.25428,1.25449,2.78,1.00
2016.11.22 17:27:14.587,1.25428,1.25449,2.03,1.00
2016.11.22 17:27:15.093,1.25428,1.25449,1.00,1.00
2016.11.22 17:27:15.877,1.2543,1.25447,1.00,1.00
2016.11.22 17:27:16.188,1.25432,1.25449,1.00,1.00
2016.11.22 17:27:16.695,1.25433,1.2545,1.00,1.00
2016.11.22 17:27:17.049,1.2543,1.25449,1.65,1.00
2016.11.22 17:27:18.627,1.2543,1.25447,1.12,1.00
2016.11.22 17:27:19.596,1.25428,1.25448,1.37,1.00
2016.11.22 17:27:20.071,1.25432,1.2545,1.00,1.00
2016.11.22 17:27:20.416,1.25429,1.2545,1.75,1.00
2016.11.22 17:27:20.467,1.25433,1.25452,1.37,1.12
2016.11.22 17:27:20.621,1.25431,1.2545,2.25,1.00
2016.11.22 17:27:20.723,1.25435,1.25453,1.37,1.37
2016.11.22 17:27:20.774,1.25435,1.25453,1.50,1.37
2016.11.22 17:27:20.997,1.25438,1.25458,1.37,1.37
2016.11.22 17:27:21.099,1.25438,1.25459,1.37,1.50
2016.11.22 17:27:21.223,1.25437,1.25457,1.37,1.00
2016.11.22 17:27:21.973,1.25438,1.25457,1.00,1.00
2016.11.22 17:27:22.741,1.25439,1.25458,1.00,1.00
2016.11.22 17:27:23.053,1.25441,1.2546,1.37,1.00
2016.11.22 17:27:23.824,1.25441,1.25461,1.37,1.00
2016.11.22 17:27:24.128,1.25446,1.25464,1.00,1.37
2016.11.22 17:27:24.444,1.25443,1.25465,1.50,1.00
2016.11.22 17:27:25.535,1.25451,1.25466,1.00,1.12
2016.11.22 17:27:25.789,1.25455,1.25474,1.00,1.12
2016.11.22 17:27:25.899,1.2546,1.25479,1.00,1.75
2016.11.22 17:27:26.203,1.25464,1.25484,1.00,1.00
2016.11.22 17:27:26.391,1.25466,1.25485,1.00,1.00
2016.11.22 17:27:26.593,1.25466,1.25488,1.00,1.37
2016.11.22 17:27:26.949,1.25466,1.25486,1.00,2.62
2016.11.22 17:27:27.202,1.25463,1.25483,1.50,1.00
2016.11.22 17:27:28.178,1.25464,1.25483,1.00,1.00
2016.11.22 17:27:29.120,1.25464,1.25482,1.00,1.00
2016.11.22 17:27:29.921,1.25463,1.2548,1.12,1.00
2016.11.22 17:27:30.023,1.2546,1.2548,1.12,1.00
2016.11.22 17:27:31.072,1.25458,1.25478,1.87,1.00
2016.11.22 17:27:31.224,1.25456,1.25478,1.12,1.37
2016.11.22 17:27:31.275,1.25455,1.25475,2.25,1.00
2016.11.22 17:27:31.923,1.25455,1.25475,1.00,1.00
2016.11.22 17:27:32.430,1.25454,1.25474,1.56,1.12
2016.11.22 17:27:32.963,1.25454,1.25473,1.00,1.12
2016.11.22 17:27:33.466,1.25455,1.25474,1.00,1.00
2016.11.22 17:27:34.001,1.25455,1.25475,1.00,1.00
2016.11.22 17:27:34.462,1.25455,1.25473,1.00,1.00
2016.11.22 17:27:34.994,1.25459,1.25476,1.00,1.12
2016.11.22 17:27:35.096,1.25457,1.25478,1.00,1.42
2016.11.22 17:27:35.601,1.25455,1.25477,1.50,1.00
2016.11.22 17:27:35.702,1.25455,1.25477,3.00,1.00
2016.11.22 17:27:36.232,1.25458,1.25478,1.00,1.12
2016.11.22 17:27:36.740,1.25457,1.25475,1.00,1.00
2016.11.22 17:27:36.791,1.25454,1.25476,1.12,1.00
2016.11.22 17:27:37.246,1.25454,1.25474,1.12,1.00
2016.11.22 17:27:37.566,1.25456,1.25478,1.00,2.10
2016.11.22 17:27:37.627,1.25456,1.25478,1.37,2.10
2016.11.22 17:27:38.923,1.25456,1.25478,1.37,1.12
2016.11.22 17:27:39.361,1.25459,1.25479,1.37,2.55
2016.11.22 17:27:40.025,1.25459,1.25477,1.00,1.00
2016.11.22 17:27:40.788,1.25457,1.25475,1.37,1.00
2016.11.22 17:27:40.846,1.25456,1.25474,1.37,1.00
2016.11.22 17:27:41.149,1.25455,1.25473,1.00,1.00
2016.11.22 17:27:41.759,1.25454,1.25472,1.12,1.00
2016.11.22 17:27:45.471,1.25455,1.25472,1.00,1.00
2016.11.22 17:27:45.856,1.25453,1.25471,1.00,1.00
2016.11.22 17:27:50.669,1.25453,1.2547,1.00,1.00
2016.11.22 17:27:51.471,1.25452,1.25472,1.00,1.00
2016.11.22 17:27:52.472,1.25454,1.25472,1.00,1.00
2016.11.22 17:27:52.725,1.25454,1.25474,1.00,1.00
2016.11.22 17:27:52.826,1.25454,1.25473,1.00,1.87
2016.11.22 17:27:53.332,1.25453,1.25471,1.00,1.37
2016.11.22 17:27:53.604,1.25451,1.25471,1.00,1.37
2016.11.22 17:27:54.144,1.2545,1.2547,1.00,1.12
2016.11.22 17:27:54.937,1.2545,1.2547,1.00,1.37
2016.11.22 17:27:59.653,1.2545,1.2547,1.00,2.62
2016.11.22 17:28:00.187,1.25449,1.25467,1.00,1.37
2016.11.22 17:28:00.535,1.25448,1.25466,1.00,2.62
2016.11.22 17:28:01.089,1.25446,1.25466,1.00,2.62
2016.11.22 17:28:02.790,1.25446,1.25464,1.00,1.87
2016.11.22 17:28:02.874,1.25444,1.25462,1.00,1.00
2016.11.22 17:28:03.076,1.25441,1.25461,1.12,1.00
2016.11.22 17:28:06.657,1.2544,1.25458,1.00,1.00
2016.11.22 17:28:06.809,1.2544,1.2546,1.00,1.00
2016.11.22 17:28:07.753,1.25441,1.25458,1.00,1.00
2016.11.22 17:28:08.771,1.25439,1.25457,1.00,1.00
2016.11.22 17:28:09.812,1.25437,1.25457,1.00,1.00
2016.11.22 17:28:12.923,1.25436,1.25456,1.00,1.37
2016.11.22 17:28:13.274,1.25435,1.25453,1.00,1.00
2016.11.22 17:28:15.144,1.25435,1.25452,1.00,1.00
2016.11.22 17:28:16.048,1.2543,1.25448,2.62,1.00
2016.11.22 17:28:16.149,1.25426,1.25446,2.62,1.00
2016.11.22 17:28:16.200,1.25426,1.25446,1.12,1.00
2016.11.22 17:28:16.360,1.25426,1.25443,1.00,1.00
2016.11.22 17:28:17.166,1.25425,1.25443,1.00,1.00
2016.11.22 17:28:18.698,1.25425,1.25443,2.25,1.00
2016.11.22 17:28:21.053,1.25426,1.25444,1.37,1.00
2016.11.22 17:28:21.876,1.25426,1.25443,1.37,1.00
2016.11.22 17:28:22.078,1.25426,1.25445,1.37,1.00
2016.11.22 17:28:24.352,1.25425,1.25445,2.25,2.62
2016.11.22 17:28:24.505,1.25423,1.25441,1.12,1.00
2016.11.22 17:28:24.555,1.25418,1.25439,1.27,2.62
2016.11.22 17:28:24.607,1.25418,1.25439,1.57,2.62
2016.11.22 17:28:26.133,1.25417,1.25439,2.25,1.12
2016.11.22 17:28:27.154,1.25421,1.25441,1.00,2.62
2016.11.22 17:28:27.255,1.25419,1.2544,1.12,1.37
2016.11.22 17:28:27.817,1.25419,1.2544,1.12,1.00
2016.11.22 17:28:28.028,1.25422,1.2544,1.00,1.00
2016.11.22 17:28:28.551,1.25422,1.25441,1.00,1.12
2016.11.22 17:28:30.169,1.25423,1.25441,1.00,1.12
2016.11.22 17:28:33.791,1.25422,1.2544,1.00,1.00
2016.11.22 17:28:35.196,1.25419,1.2544,1.12,1.00
2016.11.22 17:28:36.869,1.2542,1.25441,1.00,1.00
2016.11.22 17:28:37.838,1.25419,1.2544,1.12,1.00
2016.11.22 17:28:38.830,1.25422,1.25441,1.00,1.00
2016.11.22 17:28:40.198,1.25427,1.25445,1.00,2.44
2016.11.22 17:28:40.300,1.25428,1.25448,1.00,1.00
2016.11.22 17:28:40.451,1.25427,1.25445,1.00,1.00
2016.11.22 17:28:40.756,1.25431,1.25449,1.00,1.00
2016.11.22 17:28:42.913,1.25431,1.25451,1.00,1.50
2016.11.22 17:28:43.896,1.25433,1.25451,1.00,1.50
2016.11.22 17:28:44.897,1.25431,1.25451,1.00,1.50
2016.11.22 17:28:46.651,1.25431,1.25451,1.00,1.50
2016.11.22 17:28:47.885,1.25433,1.25453,1.00,1.00
2016.11.22 17:28:48.266,1.25432,1.25449,1.00,1.00
2016.11.22 17:28:48.849,1.2543,1.25448,1.00,1.00
2016.11.22 17:28:50.152,1.25428,1.25448,1.00,1.00
2016.11.22 17:28:50.657,1.25427,1.25447,1.00,1.00
2016.11.22 17:28:50.809,1.25429,1.25447,1.00,1.00
2016.11.22 17:28:51.112,1.25429,1.25447,1.56,1.00
2016.11.22 17:28:51.777,1.25429,1.25449,1.87,1.00
2016.11.22 17:28:52.081,1.25434,1.25451,1.12,1.12
2016.11.22 17:28:52.132,1.25435,1.25453,1.56,2.25
2016.11.22 17:28:52.284,1.25435,1.25453,1.56,1.00
2016.11.22 17:28:52.335,1.25435,1.25453,1.56,1.00
2016.11.22 17:28:52.437,1.25435,1.25453,1.31,1.00
2016.11.22 17:28:52.959,1.25436,1.25453,1.00,1.00
2016.11.22 17:28:53.112,1.25436,1.25451,1.00,1.00
2016.11.22 17:28:53.374,1.25427,1.25444,1.00,1.00
2016.11.22 17:28:53.932,1.25424,1.25442,1.00,1.00
2016.11.22 17:28:54.034,1.25422,1.25439,1.50,1.00
2016.11.22 17:28:55.027,1.2542,1.2544,1.00,1.00
2016.11.22 17:28:56.365,1.2542,1.25439,1.00,1.00
2016.11.22 17:28:57.041,1.25431,1.25439,1.00,1.00
2016.11.22 17:28:57.396,1.25431,1.25436,1.00,1.00
2016.11.22 17:28:57.447,1.25426,1.2544,1.00,1.87
2016.11.22 17:28:57.653,1.25424,1.25441,1.00,1.00
2016.11.22 17:28:57.956,1.25426,1.25441,1.00,1.00
2016.11.22 17:28:58.473,1.25426,1.25442,1.00,1.12
2016.11.22 17:28:59.685,1.25426,1.25443,1.00,1.12
2016.11.22 17:29:00.069,1.2543,1.25443,1.00,1.12
2016.11.22 17:29:00.329,1.25425,1.25443,1.50,1.12
2016.11.22 17:29:00.481,1.25425,1.25445,1.50,1.50
2016.11.22 17:29:02.266,1.25425,1.25445,1.50,1.50
2016.11.22 17:29:05.142,1.25423,1.25441,1.00,1.00
2016.11.22 17:29:05.648,1.25422,1.25441,1.00,1.87
2016.11.22 17:29:06.223,1.25422,1.25439,1.00,1.00
2016.11.22 17:29:06.477,1.25418,1.25436,1.00,1.00
2016.11.22 17:29:06.859,1.25416,1.25434,1.50,1.00
2016.11.22 17:29:07.751,1.25417,1.25436,1.00,1.00
2016.11.22 17:29:08.747,1.25416,1.25436,1.00,1.00
2016.11.22 17:29:09.369,1.25415,1.25435,1.50,1.00
2016.11.22 17:29:14.629,1.25416,1.25435,1.00,1.12
2016.11.22 17:29:15.481,1.25416,1.25433,1.00,1.00
2016.11.22 17:29:19.370,1.25415,1.25434,1.00,1.37
2016.11.22 17:29:20.915,1.25416,1.25434,1.00,1.37
2016.11.22 17:29:21.178,1.25414,1.25434,1.00,1.37
2016.11.22 17:29:22.449,1.25415,1.25434,1.00,1.37
2016.11.22 17:29:22.985,1.25415,1.25433,1.00,1.50
2016.11.22 17:29:23.622,1.25414,1.25433,1.00,1.50
2016.11.22 17:29:24.070,1.25416,1.25433,1.00,1.50
2016.11.22 17:29:24.332,1.25414,1.25433,1.00,1.50
2016.11.22 17:29:24.722,1.25416,1.25433,1.00,1.50
2016.11.22 17:29:26.218,1.25416,1.25431,1.00,1.00
2016.11.22 17:29:26.913,1.25416,1.25432,1.00,1.00
2016.11.22 17:29:28.395,1.25416,1.25431,1.00,1.00
2016.11.22 17:29:28.547,1.25413,1.25431,1.00,1.50
2016.11.22 17:29:29.518,1.25414,1.25431,1.00,2.25
2016.11.22 17:29:29.569,1.25416,1.25431,1.00,2.25
2016.11.22 17:29:33.034,1.25415,1.25431,1.00,2.25
2016.11.22 17:29:38.681,1.25415,1.2543,2.59,1.00
2016.11.22 17:29:40.483,1.25415,1.25434,2.59,1.00
2016.11.22 17:29:41.462,1.25416,1.25433,1.09,1.00
2016.11.22 17:29:41.614,1.25418,1.25435,1.00,1.12
2016.11.22 17:29:43.749,1.25418,1.25436,1.00,1.12
2016.11.22 17:29:44.291,1.25417,1.25435,1.00,1.37
2016.11.22 17:29:44.704,1.25416,1.25434,1.09,1.87
2016.11.22 17:29:45.773,1.25416,1.25435,1.09,1.50
2016.11.22 17:29:46.297,1.25417,1.25434,1.00,1.12
2016.11.22 17:29:47.922,1.25416,1.25436,1.09,1.50
2016.11.22 17:29:49.390,1.25416,1.25435,1.84,1.50
2016.11.22 17:29:49.441,1.25415,1.25431,1.84,1.00
2016.11.22 17:29:55.786,1.25415,1.25432,1.84,1.00
2016.11.22 17:29:55.900,1.25418,1.25435,1.00,1.00
2016.11.22 17:29:55.950,1.25422,1.25436,1.84,1.12
2016.11.22 17:29:56.254,1.25428,1.25443,1.84,1.00
2016.11.22 17:29:56.355,1.25428,1.25445,1.84,1.12
2016.11.22 17:29:56.999,1.25428,1.25445,1.34,1.00
2016.11.22 17:29:57.101,1.25426,1.25444,1.00,1.12
2016.11.22 17:29:57.152,1.25426,1.25441,1.00,1.00
2016.11.22 17:29:57.455,1.25424,1.25441,1.00,1.00
2016.11.22 17:29:57.664,1.25422,1.25439,1.00,1.00
2016.11.22 17:29:58.179,1.25421,1.25438,1.50,1.00
2016.11.22 17:29:59.135,1.2542,1.25437,1.00,1.00
2016.11.22 17:29:59.237,1.25417,1.25437,1.00,1.00
2016.11.22 17:29:59.388,1.25419,1.25437,1.00,1.50
2016.11.22 17:29:59.593,1.25419,1.25438,1.00,1.00
2016.11.22 17:29:59.797,1.25418,1.25435,1.12,1.00
2016.11.22 17:30:00.303,1.25418,1.25438,1.00,1.50
2016.11.22 17:30:00.607,1.25417,1.25434,1.00,1.00
2016.11.22 17:30:01.431,1.25417,1.25435,1.00,1.00
2016.11.22 17:30:01.936,1.25418,1.25436,1.00,1.00
2016.11.22 17:30:02.681,1.25418,1.25435,1.00,1.00
2016.11.22 17:30:03.205,1.25418,1.25438,1.00,2.25
2016.11.22 17:30:03.752,1.25417,1.25437,1.00,1.50
2016.11.22 17:30:04.101,1.25416,1.25432,1.00,1.00
2016.11.22 17:30:04.203,1.25414,1.25432,1.00,1.00
2016.11.22 17:30:04.856,1.25416,1.25433,1.00,2.25
2016.11.22 17:30:05.863,1.25415,1.25432,1.00,1.12
2016.11.22 17:30:07.719,1.25416,1.25433,1.00,1.00
2016.11.22 17:30:08.363,1.25414,1.25432,1.00,1.00
2016.11.22 17:30:08.515,1.25413,1.2543,1.00,1.00
2016.11.22 17:30:08.869,1.25411,1.25428,1.84,1.00
2016.11.22 17:30:09.392,1.25411,1.25429,1.84,1.00
2016.11.22 17:30:09.960,1.25411,1.2543,1.84,1.50
2016.11.22 17:30:10.475,1.25411,1.25429,1.84,1.12
2016.11.22 17:30:10.803,1.25411,1.25427,1.84,1.00
2016.11.22 17:30:10.854,1.25408,1.25427,1.00,1.00
2016.11.22 17:30:10.905,1.25405,1.25423,1.09,1.00
2016.11.22 17:30:11.168,1.25404,1.25423,1.00,1.00
2016.11.22 17:30:11.474,1.25403,1.2542,1.00,1.00
2016.11.22 17:30:11.930,1.25403,1.25423,1.00,1.00
2016.11.22 17:30:12.896,1.25403,1.25421,1.00,1.00
2016.11.22 17:30:12.997,1.25401,1.2542,1.84,1.00
2016.11.22 17:30:14.118,1.25401,1.25419,1.84,1.00
2016.11.22 17:30:15.988,1.25403,1.2542,1.00,1.00
2016.11.22 17:30:16.090,1.25404,1.25422,1.00,1.12
2016.11.22 17:30:16.335,1.25405,1.25424,1.00,1.00
2016.11.22 17:30:17.021,1.25407,1.25424,1.00,1.00
2016.11.22 17:30:17.072,1.25405,1.25424,1.09,1.00
2016.11.22 17:30:17.579,1.25404,1.25424,1.00,1.00
2016.11.22 17:30:17.711,1.25408,1.25425,1.00,1.00
2016.11.22 17:30:17.763,1.25405,1.25424,1.09,1.00
2016.11.22 17:30:17.896,1.25409,1.25426,1.00,1.12
2016.11.22 17:30:18.146,1.25411,1.2543,1.00,1.37
2016.11.22 17:30:18.306,1.25413,1.25431,1.84,1.00
2016.11.22 17:30:18.680,1.25419,1.25434,1.00,2.00
2016.11.22 17:30:18.933,1.25425,1.25442,1.00,1.00
2016.11.22 17:30:19.034,1.25425,1.25441,1.00,1.37
2016.11.22 17:30:19.086,1.2542,1.25439,1.87,1.12
2016.11.22 17:30:19.807,1.25421,1.25439,1.00,1.00
2016.11.22 17:30:21.595,1.25422,1.25439,1.00,1.00
2016.11.22 17:30:22.262,1.25421,1.25439,1.00,1.50
2016.11.22 17:30:24.911,1.25421,1.25441,1.00,2.44
2016.11.22 17:30:25.169,1.25423,1.25441,1.00,1.69
2016.11.22 17:30:25.513,1.25436,1.25453,1.46,1.00
2016.11.22 17:30:25.717,1.25437,1.25455,1.00,1.50
2016.11.22 17:30:26.242,1.25437,1.25454,1.00,1.00
2016.11.22 17:30:26.789,1.25437,1.25454,1.00,1.19
2016.11.22 17:30:28.200,1.25437,1.25454,1.00,1.00
2016.11.22 17:30:28.970,1.25436,1.25454,1.09,1.00
2016.11.22 17:30:29.021,1.25434,1.25451,1.84,1.00
2016.11.22 17:30:29.073,1.25433,1.25451,1.00,1.00
2016.11.22 17:30:29.124,1.25432,1.25449,1.00,1.00
2016.11.22 17:30:29.226,1.25429,1.25448,1.00,1.19
2016.11.22 17:30:29.278,1.25429,1.25448,1.00,1.56
2016.11.22 17:30:30.095,1.25428,1.25447,1.00,1.69
2016.11.22 17:30:30.697,1.25432,1.25449,1.00,1.31
2016.11.22 17:30:30.950,1.25438,1.25456,1.34,1.31
2016.11.22 17:30:31.468,1.25438,1.25456,1.34,1.31
2016.11.22 17:30:31.634,1.25436,1.25453,1.34,1.00
2016.11.22 17:30:31.685,1.25436,1.25453,1.09,1.37
2016.11.22 17:30:32.192,1.25436,1.25453,1.00,1.25
2016.11.22 17:30:32.345,1.25438,1.25453,1.00,1.00
2016.11.22 17:30:36.235,1.25435,1.25452,1.00,1.00
2016.11.22 17:30:37.072,1.25433,1.25453,1.09,1.50
2016.11.22 17:30:37.865,1.25433,1.25451,1.09,1.00
2016.11.22 17:30:38.396,1.25433,1.2545,1.09,1.00
2016.11.22 17:30:39.128,1.25433,1.25452,1.09,1.19
2016.11.22 17:30:39.915,1.25432,1.25449,1.84,1.00
2016.11.22 17:30:40.265,1.25432,1.25448,1.84,1.50
2016.11.22 17:30:41.736,1.25431,1.25448,1.00,1.69
2016.11.22 17:30:41.787,1.25428,1.25447,2.59,1.12
2016.11.22 17:30:42.734,1.25428,1.25445,2.59,1.00
2016.11.22 17:30:43.424,1.25425,1.25444,1.34,1.00
2016.11.22 17:30:45.835,1.25425,1.25443,1.34,1.00
2016.11.22 17:30:46.632,1.25427,1.25444,1.09,1.25
2016.11.22 17:30:47.720,1.25426,1.25446,1.34,1.69
2016.11.22 17:30:49.282,1.25426,1.25443,1.34,1.00
2016.11.22 17:30:49.384,1.25423,1.2544,1.00,1.00
2016.11.22 17:30:49.486,1.25425,1.25442,1.00,1.62
2016.11.22 17:30:50.207,1.25425,1.25445,1.09,1.25
2016.11.22 17:30:50.526,1.25425,1.25443,1.09,1.00
2016.11.22 17:30:52.084,1.25425,1.25445,1.09,1.00
2016.11.22 17:30:52.135,1.25427,1.25445,1.00,1.00
2016.11.22 17:30:52.715,1.25427,1.25446,1.00,1.00
2016.11.22 17:30:53.324,1.25429,1.25446,1.00,1.50
2016.11.22 17:30:54.290,1.25428,1.25446,1.00,1.25
2016.11.22 17:30:54.796,1.25427,1.25446,1.00,1.25
2016.11.22 17:30:55.508,1.25427,1.25445,1.00,1.00
2016.11.22 17:30:56.190,1.25426,1.25444,1.00,1.00
2016.11.22 17:30:59.110,1.25431,1.25446,1.00,1.25
2016.11.22 17:30:59.211,1.25432,1.25451,2.59,1.00
2016.11.22 17:30:59.581,1.25435,1.25452,1.00,1.00
2016.11.22 17:31:00.100,1.25432,1.25452,2.59,1.00
2016.11.22 17:31:00.699,1.25432,1.2545,2.59,1.00
2016.11.22 17:31:01.415,1.25432,1.25451,1.84,1.19
2016.11.22 17:31:01.924,1.25432,1.2545,1.84,2.06
2016.11.22 17:31:03.258,1.25431,1.25449,1.00,1.31
2016.11.22 17:31:03.763,1.25432,1.25451,1.00,1.19
2016.11.22 17:31:03.814,1.25432,1.25452,1.00,1.62
2016.11.22 17:31:04.120,1.25431,1.25449,1.09,1.00
2016.11.22 17:31:04.475,1.25427,1.25446,1.84,1.00
2016.11.22 17:31:04.627,1.25427,1.25446,1.84,1.69
2016.11.22 17:31:04.831,1.25428,1.25446,1.00,1.12
2016.11.22 17:31:06.331,1.25428,1.25446,1.00,1.19
2016.11.22 17:31:06.881,1.25427,1.25447,2.59,1.19
2016.11.22 17:31:07.745,1.25427,1.25447,2.59,1.25
2016.11.22 17:31:07.934,1.25427,1.25445,2.59,1.00
2016.11.22 17:31:08.036,1.25427,1.25447,2.59,1.25
2016.11.22 17:31:08.239,1.25427,1.25446,1.84,1.37
2016.11.22 17:31:08.543,1.25429,1.25447,1.00,2.44
2016.11.22 17:31:08.695,1.2543,1.25448,1.00,1.31
2016.11.22 17:31:09.185,1.25432,1.25449,1.00,1.69
2016.11.22 17:31:11.152,1.2543,1.25448,1.00,1.12
2016.11.22 17:31:11.646,1.25427,1.25445,2.59,1.00
2016.11.22 17:31:11.950,1.25429,1.25447,1.00,1.25
2016.11.22 17:31:12.633,1.25428,1.25447,1.00,1.25
2016.11.22 17:31:14.883,1.25428,1.25446,1.00,1.00
2016.11.22 17:31:15.887,1.25428,1.25448,1.00,1.31
2016.11.22 17:31:16.889,1.25427,1.25447,2.59,1.25
2016.11.22 17:31:17.822,1.25427,1.25447,2.59,1.19
2016.11.22 17:31:18.280,1.25429,1.25447,1.84,1.19
2016.11.22 17:31:18.331,1.25429,1.25448,1.84,1.31
2016.11.22 17:31:18.433,1.25429,1.25448,1.84,1.31
2016.11.22 17:31:19.065,1.25428,1.25448,1.00,1.31
2016.11.22 17:31:20.231,1.25428,1.25446,1.00,1.69
2016.11.22 17:31:20.776,1.25427,1.25445,2.59,1.00
2016.11.22 17:31:21.476,1.25427,1.25444,1.84,1.00
2016.11.22 17:31:22.443,1.25426,1.25443,1.00,1.00
2016.11.22 17:31:22.646,1.25432,1.2545,1.00,1.00
2016.11.22 17:31:22.697,1.25429,1.25447,1.25,1.00
2016.11.22 17:31:23.237,1.25429,1.25449,1.00,1.37
2016.11.22 17:31:23.566,1.25436,1.25453,1.00,1.12
2016.11.22 17:31:23.668,1.25434,1.25452,1.00,1.00
2016.11.22 17:31:23.971,1.25434,1.25454,1.00,1.50
2016.11.22 17:31:24.608,1.25436,1.25454,1.00,1.00
2016.11.22 17:31:25.212,1.25434,1.25454,1.00,1.50
2016.11.22 17:31:25.714,1.25435,1.25452,1.00,1.00
2016.11.22 17:31:26.377,1.25433,1.25451,1.00,1.00
2016.11.22 17:31:26.886,1.25434,1.25452,1.00,1.87
2016.11.22 17:31:27.228,1.25432,1.25452,1.00,1.50
2016.11.22 17:31:27.777,1.25432,1.25452,1.00,1.00
2016.11.22 17:31:28.632,1.25433,1.25453,1.00,1.37
2016.11.22 17:31:28.895,1.25435,1.25453,1.00,1.37
2016.11.22 17:31:29.428,1.25433,1.25451,1.00,1.00
2016.11.22 17:31:29.731,1.25431,1.25448,1.00,1.00
2016.11.22 17:31:30.255,1.2543,1.25448,1.00,1.00
2016.11.22 17:31:30.559,1.2543,1.25448,1.00,1.38
2016.11.22 17:31:31.859,1.25429,1.25447,1.00,1.38
2016.11.22 17:31:33.066,1.25429,1.25447,1.00,1.00
2016.11.22 17:31:34.124,1.2543,1.25448,1.00,1.12
2016.11.22 17:31:34.650,1.25429,1.25447,1.00,1.11
2016.11.22 17:31:34.953,1.25431,1.25448,1.00,1.12
2016.11.22 17:31:35.004,1.25428,1.25447,1.00,1.00
2016.11.22 17:31:35.989,1.25428,1.25446,1.00,1.00
2016.11.22 17:31:36.338,1.25428,1.25448,1.00,1.00
2016.11.22 17:31:37.049,1.25429,1.25449,1.00,1.00
2016.11.22 17:31:37.457,1.25428,1.25446,1.00,1.00
2016.11.22 17:31:37.779,1.25426,1.25444,1.00,1.00
2016.11.22 17:31:38.715,1.25427,1.25445,1.00,1.00
2016.11.22 17:31:39.560,1.25429,1.25447,1.00,1.50
2016.11.22 17:31:40.076,1.25429,1.25447,1.00,1.00
2016.11.22 17:31:40.378,1.25427,1.25445,1.00,1.00
2016.11.22 17:31:40.682,1.25425,1.25443,1.00,1.00
2016.11.22 17:31:43.252,1.25425,1.25443,1.00,1.37
2016.11.22 17:31:43.756,1.25424,1.25443,1.00,1.87
2016.11.22 17:31:44.392,1.25425,1.25443,1.00,1.87
2016.11.22 17:31:44.746,1.25422,1.2544,1.00,1.00
2016.11.22 17:31:44.847,1.25421,1.25438,1.50,1.00
2016.11.22 17:31:45.372,1.2542,1.25438,1.00,1.00
2016.11.22 17:31:46.098,1.25419,1.25438,1.00,1.00
2016.11.22 17:31:46.484,1.25422,1.25439,1.00,1.00
2016.11.22 17:31:46.636,1.25423,1.25442,1.00,1.37
2016.11.22 17:31:47.179,1.25422,1.2544,1.00,1.00
2016.11.22 17:31:47.459,1.2542,1.2544,1.00,1.00
2016.11.22 17:31:48.122,1.25421,1.25441,1.00,1.50
2016.11.22 17:31:48.173,1.25423,1.25441,1.00,1.50
2016.11.22 17:31:49.300,1.25424,1.25442,1.00,1.50
2016.11.22 17:31:49.606,1.25421,1.25438,1.50,1.12
2016.11.22 17:31:49.809,1.25418,1.25436,1.00,1.00
2016.11.22 17:31:50.491,1.25416,1.25436,1.50,1.00
2016.11.22 17:31:51.813,1.25418,1.25436,1.00,1.00
2016.11.22 17:31:52.095,1.25418,1.25438,1.00,1.00
2016.11.22 17:31:52.537,1.25418,1.25436,1.00,1.00
2016.11.22 17:31:53.156,1.25419,1.25437,1.00,1.00
2016.11.22 17:31:53.308,1.2542,1.25439,1.00,1.50
2016.11.22 17:31:53.854,1.25422,1.25441,1.00,1.00
2016.11.22 17:31:54.309,1.25424,1.25443,1.00,1.37
2016.11.22 17:31:54.815,1.25424,1.25443,1.00,1.12
2016.11.22 17:31:55.444,1.25424,1.25442,1.00,1.00
2016.11.22 17:31:56.155,1.25425,1.25443,1.00,1.12
2016.11.22 17:31:57.178,1.25426,1.25444,1.00,1.50
2016.11.22 17:32:01.074,1.25428,1.25446,1.00,1.37
2016.11.22 17:32:01.125,1.25428,1.25446,1.00,1.00
2016.11.22 17:32:06.301,1.25427,1.25444,1.37,1.00
2016.11.22 17:32:06.880,1.25426,1.25444,1.12,1.00
2016.11.22 17:32:09.697,1.25427,1.25444,1.00,1.12
2016.11.22 17:32:09.950,1.25424,1.25443,1.00,1.12
2016.11.22 17:32:10.304,1.25421,1.25441,1.37,1.87
2016.11.22 17:32:10.810,1.25421,1.25441,1.00,1.50
2016.11.22 17:32:12.575,1.2542,1.25439,1.00,1.00
2016.11.22 17:32:13.118,1.2542,1.2544,1.00,1.12
2016.11.22 17:32:14.114,1.2542,1.2544,1.00,1.50
2016.11.22 17:32:14.649,1.2542,1.25438,1.00,1.00
2016.11.22 17:32:16.251,1.25419,1.2544,1.00,1.50
2016.11.22 17:32:17.237,1.2542,1.25438,1.00,1.00
2016.11.22 17:32:18.203,1.25421,1.25439,1.00,1.37
2016.11.22 17:32:18.746,1.25421,1.25439,1.00,1.00
2016.11.22 17:32:19.629,1.25421,1.25441,1.00,2.62
2016.11.22 17:32:20.620,1.2542,1.2544,1.00,1.50
2016.11.22 17:32:22.521,1.25425,1.2544,1.00,1.00
2016.11.22 17:32:22.775,1.25427,1.25447,1.12,1.00
2016.11.22 17:32:22.906,1.25424,1.25444,1.50,1.00
2016.11.22 17:32:23.485,1.25422,1.25442,1.69,1.00
2016.11.22 17:32:24.317,1.25428,1.25445,1.00,1.00
2016.11.22 17:32:24.620,1.2543,1.25447,1.00,1.00
2016.11.22 17:32:24.823,1.25426,1.25446,1.12,1.00
2016.11.22 17:32:25.036,1.25426,1.25446,1.12,1.37
2016.11.22 17:32:25.393,1.25425,1.25443,1.00,1.37
2016.11.22 17:32:25.599,1.25425,1.25443,1.50,1.12
2016.11.22 17:32:26.120,1.25423,1.25443,1.87,1.00
2016.11.22 17:32:26.347,1.25423,1.25441,1.87,1.00
2016.11.22 17:32:26.848,1.25423,1.25441,1.00,1.00
2016.11.22 17:32:27.388,1.25421,1.25441,2.62,1.00
2016.11.22 17:32:28.473,1.25423,1.25441,1.00,1.12
2016.11.22 17:32:29.340,1.25424,1.25441,1.00,1.00
2016.11.22 17:32:30.035,1.25425,1.25443,1.00,1.00
2016.11.22 17:32:31.026,1.25423,1.25443,1.00,1.00
2016.11.22 17:32:32.899,1.25424,1.25441,1.00,1.00
2016.11.22 17:32:33.467,1.25423,1.25441,1.00,1.00
2016.11.22 17:32:35.122,1.25422,1.2544,1.00,1.00
2016.11.22 17:32:36.493,1.2542,1.25438,1.12,1.00
2016.11.22 17:32:36.594,1.25421,1.25441,1.00,2.25
2016.11.22 17:32:36.696,1.2542,1.25438,1.00,1.00
2016.11.22 17:32:37.588,1.25419,1.25438,1.00,1.00
2016.11.22 17:32:39.256,1.25417,1.25437,1.12,1.00
2016.11.22 17:32:39.307,1.25421,1.25439,1.00,1.30
2016.11.22 17:32:39.409,1.25422,1.25441,1.00,1.12
2016.11.22 17:32:44.143,1.25423,1.25441,1.00,1.25
2016.11.22 17:32:45.150,1.25423,1.25442,1.00,1.00
2016.11.22 17:32:46.643,1.25423,1.25441,1.00,1.00
2016.11.22 17:32:47.631,1.25422,1.25442,1.00,1.05
2016.11.22 17:32:48.155,1.25421,1.25442,1.00,1.24
2016.11.22 17:32:48.470,1.2542,1.2544,1.00,1.69
2016.11.22 17:32:48.622,1.25418,1.2544,1.00,1.31
2016.11.22 17:32:48.724,1.25422,1.25441,1.00,1.31
2016.11.22 17:32:48.825,1.2542,1.2544,1.00,1.69
2016.11.22 17:32:53.301,1.25421,1.25439,1.00,1.00
2016.11.22 17:32:53.403,1.25428,1.25441,1.00,1.05
2016.11.22 17:32:53.558,1.25428,1.25446,1.00,1.80
2016.11.22 17:32:54.165,1.25428,1.25446,1.00,1.50
2016.11.22 17:32:54.216,1.25424,1.25445,1.50,1.12
2016.11.22 17:32:54.369,1.25424,1.25442,1.00,1.00
2016.11.22 17:32:56.884,1.25425,1.25445,1.00,1.00
2016.11.22 17:32:57.325,1.25424,1.25443,1.12,1.00
2016.11.22 17:32:57.849,1.25426,1.25444,1.00,1.50
2016.11.22 17:32:58.809,1.25423,1.25443,1.00,1.50
2016.11.22 17:33:00.922,1.25421,1.25441,1.37,1.00
2016.11.22 17:33:01.226,1.25418,1.25435,1.37,1.00
2016.11.22 17:33:01.277,1.25417,1.25435,1.00,1.00
2016.11.22 17:33:01.621,1.2542,1.25435,1.00,1.00
2016.11.22 17:33:01.723,1.25418,1.25438,1.00,1.87
2016.11.22 17:33:01.774,1.25418,1.25438,1.00,1.50
2016.11.22 17:33:02.279,1.25419,1.25437,1.00,1.00
2016.11.22 17:33:02.906,1.25418,1.25436,1.00,1.00
2016.11.22 17:33:03.160,1.25418,1.25438,1.00,1.00
2016.11.22 17:33:03.719,1.25419,1.25437,1.00,1.00
2016.11.22 17:33:03.921,1.2542,1.2544,1.00,1.12
2016.11.22 17:33:04.344,1.25422,1.2544,1.00,1.00
2016.11.22 17:33:04.446,1.25423,1.25442,1.00,1.00
2016.11.22 17:33:06.058,1.25422,1.25441,1.00,1.00
2016.11.22 17:33:06.210,1.25426,1.25444,1.00,1.37
2016.11.22 17:33:06.463,1.25426,1.25445,1.50,1.87
2016.11.22 17:33:07.173,1.25426,1.25444,1.00,1.00
2016.11.22 17:33:08.198,1.25425,1.25443,1.00,1.00
2016.11.22 17:33:08.688,1.25422,1.25442,1.87,1.00
2016.11.22 17:33:08.790,1.25422,1.25441,1.00,1.37
2016.11.22 17:33:09.663,1.25421,1.25441,1.50,2.25
2016.11.22 17:33:10.296,1.2542,1.25437,1.50,1.00
2016.11.22 17:33:10.448,1.25421,1.2544,1.00,1.50
2016.11.22 17:33:11.439,1.25421,1.25441,1.00,1.12
2016.11.22 17:33:11.908,1.25425,1.25442,1.00,1.00
2016.11.22 17:33:12.127,1.25422,1.25441,1.50,1.00
2016.11.22 17:33:13.102,1.25425,1.25443,1.00,1.00
2016.11.22 17:33:13.635,1.25426,1.25444,1.00,1.00
2016.11.22 17:33:14.344,1.25427,1.25444,1.00,1.25
2016.11.22 17:33:15.390,1.25427,1.25445,1.00,1.00
2016.11.22 17:33:15.441,1.25423,1.25444,1.00,1.00
2016.11.22 17:33:15.951,1.25423,1.25443,1.00,1.25
2016.11.22 17:33:16.577,1.25423,1.25443,1.00,1.31
2016.11.22 17:33:17.095,1.25423,1.25443,1.00,1.31
2016.11.22 17:33:20.090,1.25423,1.25443,1.00,1.00
2016.11.22 17:33:20.593,1.25421,1.2544,1.87,1.00
2016.11.22 17:33:20.904,1.25424,1.25442,1.00,2.81
2016.11.22 17:33:21.157,1.25426,1.25446,1.00,1.31
2016.11.22 17:33:22.115,1.25426,1.25444,1.00,1.00
2016.11.22 17:33:22.812,1.25425,1.25444,1.00,1.00
2016.11.22 17:33:24.382,1.25423,1.25443,1.12,1.00
2016.11.22 17:33:24.433,1.25422,1.25438,1.87,1.00
2016.11.22 17:33:24.534,1.25417,1.25437,4.12,1.00
2016.11.22 17:33:24.585,1.25417,1.25437,1.00,1.00
2016.11.22 17:33:25.503,1.25417,1.25436,1.00,1.00
2016.11.22 17:33:27.311,1.25423,1.2544,1.00,2.44
2016.11.22 17:33:27.615,1.25425,1.25443,1.00,1.50
2016.11.22 17:33:27.870,1.25423,1.25441,1.00,1.00
2016.11.22 17:33:28.199,1.25423,1.25441,1.00,1.50
2016.11.22 17:33:28.743,1.25422,1.2544,1.00,1.37
2016.11.22 17:33:28.794,1.2542,1.2544,1.00,1.37
2016.11.22 17:33:28.845,1.25423,1.25442,1.00,2.00
2016.11.22 17:33:28.998,1.25425,1.25445,1.00,1.50
2016.11.22 17:33:29.152,1.25427,1.25445,1.00,1.50
2016.11.22 17:33:29.768,1.25426,1.25444,1.31,1.00
2016.11.22 17:33:32.700,1.25426,1.25445,1.00,1.50
2016.11.22 17:33:32.751,1.25424,1.25444,1.31,1.00
2016.11.22 17:33:33.826,1.25424,1.25442,1.00,1.00
2016.11.22 17:33:33.876,1.25424,1.25444,1.00,1.00
2016.11.22 17:33:36.047,1.25425,1.25445,1.00,1.50
2016.11.22 17:33:36.149,1.25425,1.25443,1.00,1.00
2016.11.22 17:33:37.293,1.25426,1.25444,1.00,1.00
2016.11.22 17:33:37.344,1.25424,1.25443,1.00,1.00
2016.11.22 17:33:38.456,1.25423,1.25443,1.00,1.00
2016.11.22 17:33:38.816,1.25422,1.2544,1.00,1.00
2016.11.22 17:33:39.433,1.2542,1.2544,1.12,1.00
2016.11.22 17:33:41.102,1.2542,1.2544,1.12,1.56
2016.11.22 17:33:41.410,1.25422,1.25441,1.00,1.56
2016.11.22 17:33:41.512,1.25424,1.25444,1.00,1.56
2016.11.22 17:33:42.398,1.25424,1.25444,1.00,1.56
2016.11.22 17:33:42.827,1.25426,1.25444,1.00,1.56
2016.11.22 17:33:43.348,1.25425,1.25443,1.00,1.31
2016.11.22 17:33:43.715,1.25425,1.25443,1.00,1.56
2016.11.22 17:33:44.019,1.25424,1.25442,1.00,1.56
2016.11.22 17:33:45.428,1.25424,1.25442,1.00,1.56
2016.11.22 17:33:46.693,1.25425,1.25444,1.00,1.81
2016.11.22 17:33:47.198,1.25426,1.25444,1.00,2.62
2016.11.22 17:33:47.950,1.25424,1.25442,1.00,1.56
2016.11.22 17:33:48.489,1.25422,1.25442,1.00,1.56
2016.11.22 17:33:48.772,1.25422,1.2544,1.00,1.37
2016.11.22 17:33:49.026,1.25422,1.2544,1.00,1.00
2016.11.22 17:33:49.436,1.25422,1.2544,1.00,1.56
2016.11.22 17:33:49.944,1.25423,1.25441,1.00,2.25
2016.11.22 17:33:52.215,1.25422,1.2544,1.00,1.56
2016.11.22 17:33:53.604,1.25424,1.25441,1.00,1.56
2016.11.22 17:33:54.311,1.2542,1.25438,1.00,1.56
2016.11.22 17:33:54.616,1.25417,1.25435,1.00,1.31
2016.11.22 17:33:54.920,1.25419,1.25437,1.00,1.31
2016.11.22 17:33:55.816,1.25416,1.25436,1.87,1.56
2016.11.22 17:33:57.023,1.25417,1.25437,1.00,1.56
2016.11.22 17:33:57.544,1.25418,1.25436,1.00,1.31
2016.11.22 17:33:58.015,1.25418,1.25436,1.00,1.81
2016.11.22 17:33:58.210,1.25417,1.25437,1.00,1.56
2016.11.22 17:34:00.536,1.25418,1.25436,1.00,1.56
2016.11.22 17:34:01.210,1.25418,1.25436,1.00,1.00
2016.11.22 17:34:02.713,1.25418,1.25436,1.00,1.19
2016.11.22 17:34:03.296,1.25416,1.25437,1.50,1.69
2016.11.22 17:34:03.347,1.25416,1.25436,1.50,1.50
2016.11.22 17:34:03.802,1.25418,1.25436,1.00,2.25
2016.11.22 17:34:04.988,1.25418,1.25437,1.00,1.87
2016.11.22 17:34:05.504,1.25418,1.25437,1.00,1.87
2016.11.22 17:34:08.208,1.25418,1.25436,1.00,1.44
2016.11.22 17:34:08.732,1.25417,1.25435,1.00,1.19
2016.11.22 17:34:08.896,1.25415,1.25434,1.12,1.19
2016.11.22 17:34:09.048,1.25417,1.25435,1.00,1.75
2016.11.22 17:34:09.150,1.25417,1.25435,1.00,1.19
2016.11.22 17:34:10.042,1.25418,1.25436,1.00,1.87
2016.11.22 17:34:10.954,1.25415,1.25435,1.00,1.19
2016.11.22 17:34:11.220,1.25418,1.25436,1.00,1.31
2016.11.22 17:34:12.019,1.25416,1.25436,1.00,1.31
2016.11.22 17:34:12.302,1.25418,1.25436,1.00,1.31
2016.11.22 17:34:12.980,1.25416,1.25434,1.00,1.25
2016.11.22 17:34:13.233,1.25417,1.25436,1.00,1.00
2016.11.22 17:34:13.755,1.25416,1.25435,1.00,1.00
2016.11.22 17:34:15.160,1.25415,1.25435,1.00,1.00
2016.11.22 17:34:15.772,1.25417,1.25435,1.00,1.00
2016.11.22 17:34:16.775,1.25415,1.25435,1.00,1.25
2016.11.22 17:34:17.767,1.25417,1.25435,1.00,1.25
2016.11.22 17:34:18.321,1.25418,1.25437,1.00,1.31
2016.11.22 17:34:18.765,1.25416,1.25435,1.00,1.19
2016.11.22 17:34:19.353,1.25416,1.25435,1.00,1.19
2016.11.22 17:34:20.022,1.25416,1.25435,1.00,1.19
2016.11.22 17:34:20.677,1.25417,1.25437,1.00,2.62
2016.11.22 17:34:21.182,1.25416,1.25436,1.00,1.56
2016.11.22 17:34:21.633,1.25418,1.25436,1.00,1.19
2016.11.22 17:34:22.277,1.25417,1.25435,1.00,1.56
2016.11.22 17:34:22.670,1.25416,1.25432,1.00,1.44
2016.11.22 17:34:23.120,1.25413,1.25432,1.37,1.44
2016.11.22 17:34:23.172,1.25413,1.25431,1.37,1.44
2016.11.22 17:34:23.939,1.25413,1.25433,1.37,1.87
2016.11.22 17:34:24.344,1.25416,1.25433,1.00,1.44
2016.11.22 17:34:24.446,1.25416,1.25435,1.00,1.24
2016.11.22 17:34:25.363,1.25418,1.25436,1.00,1.87
2016.11.22 17:34:25.699,1.25415,1.25433,1.12,1.19
2016.11.22 17:34:27.774,1.25415,1.25435,1.12,1.87
2016.11.22 17:34:28.744,1.25417,1.25434,1.00,1.19
2016.11.22 17:34:29.856,1.25418,1.25437,1.00,1.87
2016.11.22 17:34:29.959,1.25418,1.25437,1.00,1.19
2016.11.22 17:34:30.263,1.25421,1.25439,1.00,1.44
2016.11.22 17:34:30.365,1.25421,1.2544,1.00,1.19
2016.11.22 17:34:30.934,1.25421,1.25438,1.00,1.19
2016.11.22 17:34:31.349,1.25422,1.2544,1.00,1.56
2016.11.22 17:34:31.399,1.25424,1.25441,1.00,1.81
2016.11.22 17:34:31.950,1.25425,1.25441,1.00,1.81
2016.11.22 17:34:32.576,1.25425,1.25442,1.00,1.81
2016.11.22 17:34:33.540,1.25426,1.25442,1.00,1.81
2016.11.22 17:34:35.423,1.25425,1.25442,1.00,1.81
2016.11.22 17:34:37.075,1.25425,1.25443,1.00,2.25
2016.11.22 17:34:37.607,1.25426,1.25443,1.00,2.25
2016.11.22 17:34:38.150,1.25427,1.25444,1.00,2.25
2016.11.22 17:34:38.646,1.25427,1.25444,1.00,1.56
2016.11.22 17:34:39.170,1.25426,1.25444,1.00,1.56
2016.11.22 17:34:40.060,1.25422,1.25435,1.00,1.00
2016.11.22 17:34:40.213,1.25418,1.25435,1.00,1.00
2016.11.22 17:34:40.720,1.25418,1.25435,1.00,1.50
2016.11.22 17:34:41.034,1.25416,1.25436,1.00,2.85
2016.11.22 17:34:42.121,1.25417,1.25436,1.00,2.55
2016.11.22 17:34:42.828,1.2542,1.25437,1.00,1.37
2016.11.22 17:34:42.879,1.25421,1.25439,1.00,1.12
2016.11.22 17:34:42.930,1.25426,1.2544,1.00,1.50
2016.11.22 17:34:43.082,1.25426,1.25443,1.00,1.00
2016.11.22 17:34:43.446,1.25423,1.25442,1.50,1.00
2016.11.22 17:34:44.405,1.25425,1.25442,1.00,1.00
2016.11.22 17:34:44.934,1.25424,1.25441,1.00,1.00
2016.11.22 17:34:45.137,1.25424,1.25443,1.00,1.00
2016.11.22 17:34:45.727,1.25429,1.25445,1.00,1.00
2016.11.22 17:34:45.880,1.25431,1.25448,1.00,1.00
2016.11.22 17:34:47.838,1.2543,1.2545,1.00,1.31
2016.11.22 17:34:48.169,1.2543,1.2545,1.00,1.56
2016.11.22 17:34:48.496,1.25426,1.25443,1.50,1.00
2016.11.22 17:34:48.547,1.25424,1.25443,1.00,1.00
2016.11.22 17:34:49.484,1.25423,1.25442,1.00,1.00
2016.11.22 17:34:54.450,1.25425,1.25443,1.00,1.31
2016.11.22 17:34:54.552,1.25425,1.25445,1.12,1.12
2016.11.22 17:34:55.129,1.25426,1.25445,1.00,1.00
2016.11.22 17:34:55.415,1.25425,1.25443,1.12,1.00
2016.11.22 17:34:55.744,1.25423,1.25443,1.00,1.31
2016.11.22 17:34:56.424,1.25422,1.25441,1.00,1.00
2016.11.22 17:34:57.421,1.25423,1.25441,1.00,1.00
2016.11.22 17:34:59.045,1.25424,1.25441,1.00,1.00
2016.11.22 17:35:01.595,1.25423,1.2544,1.00,1.00
2016.11.22 17:35:03.592,1.25424,1.25441,1.00,1.31
2016.11.22 17:35:06.545,1.25426,1.25444,1.00,1.00
2016.11.22 17:35:06.596,1.25426,1.25446,1.00,1.00
2016.11.22 17:35:07.587,1.25426,1.25446,1.00,1.69
2016.11.22 17:35:08.089,1.25427,1.25444,1.00,1.00
2016.11.22 17:35:08.546,1.25425,1.25444,1.00,1.00
2016.11.22 17:35:09.150,1.25424,1.25443,1.00,1.00
2016.11.22 17:35:09.673,1.25424,1.25441,1.00,1.31
2016.11.22 17:35:09.775,1.25425,1.25443,1.00,1.69
2016.11.22 17:35:10.705,1.25427,1.25444,1.00,1.00
2016.11.22 17:35:11.212,1.25426,1.25443,1.00,1.00
2016.11.22 17:35:11.526,1.25427,1.25446,1.00,1.31
2016.11.22 17:35:12.133,1.25429,1.25446,1.00,1.00
2016.11.22 17:35:12.387,1.25426,1.25446,1.00,1.00
2016.11.22 17:35:12.933,1.25428,1.25446,1.00,1.00
2016.11.22 17:35:13.463,1.25429,1.25447,1.00,1.00
2016.11.22 17:35:14.008,1.25427,1.25446,1.00,1.00
2016.11.22 17:35:14.160,1.25429,1.25447,1.00,1.00
2016.11.22 17:35:14.464,1.25431,1.25449,1.00,1.00
2016.11.22 17:35:14.767,1.25428,1.25447,1.87,1.00
2016.11.22 17:35:15.171,1.25427,1.25445,1.50,1.00
2016.11.22 17:35:15.505,1.2543,1.25448,1.00,1.56
2016.11.22 17:35:15.658,1.25431,1.2545,1.12,1.50
2016.11.22 17:35:16.042,1.25433,1.25453,1.00,1.00
2016.11.22 17:35:16.588,1.25433,1.25451,1.00,1.00
2016.11.22 17:35:17.294,1.25435,1.25453,1.00,1.00
2016.11.22 17:35:17.598,1.25432,1.2545,1.50,1.00
2016.11.22 17:35:18.602,1.25433,1.25452,1.00,1.00
2016.11.22 17:35:19.273,1.25433,1.25451,1.00,1.00
2016.11.22 17:35:20.570,1.25433,1.2545,1.00,1.00
2016.11.22 17:35:21.077,1.25432,1.25449,1.12,1.00
2016.11.22 17:35:21.625,1.25432,1.25451,1.12,1.69
2016.11.22 17:35:22.199,1.25432,1.25451,1.12,1.00
2016.11.22 17:35:22.773,1.25432,1.25452,1.12,1.31
2016.11.22 17:35:23.573,1.25433,1.2545,1.00,1.00
2016.11.22 17:35:24.482,1.25434,1.25451,1.00,1.00
2016.11.22 17:35:24.849,1.25432,1.25451,1.12,1.00
2016.11.22 17:35:26.900,1.25432,1.25449,1.12,1.00
2016.11.22 17:35:27.822,1.25432,1.25451,1.12,1.31
2016.11.22 17:35:28.043,1.25431,1.25449,1.37,1.00
2016.11.22 17:35:28.094,1.25429,1.25449,1.50,1.31
2016.11.22 17:35:28.500,1.25435,1.25452,1.00,1.69
2016.11.22 17:35:28.704,1.25438,1.25455,1.00,1.12
2016.11.22 17:35:29.654,1.25436,1.25451,1.87,1.00
2016.11.22 17:35:29.756,1.25429,1.25448,1.12,1.00
2016.11.22 17:35:29.807,1.25429,1.25442,1.12,1.00
2016.11.22 17:35:29.858,1.25427,1.25445,1.00,1.12
2016.11.22 17:35:29.960,1.25427,1.25446,1.00,1.00
2016.11.22 17:35:30.114,1.25423,1.25444,1.87,1.12
2016.11.22 17:35:30.475,1.25421,1.25439,1.50,1.00
2016.11.22 17:35:30.926,1.25419,1.25438,1.00,1.00
2016.11.22 17:35:31.848,1.25418,1.25437,1.00,1.00
2016.11.22 17:35:32.349,1.25416,1.25434,1.37,1.00
2016.11.22 17:35:32.501,1.25409,1.25428,1.12,1.00
2016.11.22 17:35:32.552,1.25408,1.25426,1.37,1.00
2016.11.22 17:35:32.603,1.25406,1.25426,1.87,1.00
2016.11.22 17:35:32.958,1.25409,1.25427,1.00,1.00
2016.11.22 17:35:33.265,1.25411,1.25427,1.00,1.00
2016.11.22 17:35:33.467,1.25408,1.25428,1.00,1.00
2016.11.22 17:35:33.822,1.25409,1.25426,1.00,1.00
2016.11.22 17:35:35.373,1.25412,1.25431,1.00,2.92
2016.11.22 17:35:35.676,1.25416,1.25433,1.00,1.00
2016.11.22 17:35:35.782,1.25417,1.25435,1.31,1.12
2016.11.22 17:35:36.037,1.25421,1.25437,1.00,1.00
2016.11.22 17:35:36.139,1.25423,1.2544,1.00,1.00
2016.11.22 17:35:36.849,1.25422,1.2544,1.00,1.00
2016.11.22 17:35:37.419,1.2542,1.25439,1.00,1.00
2016.11.22 17:35:37.740,1.25418,1.25436,1.00,1.00
2016.11.22 17:35:38.505,1.25418,1.25434,1.00,1.00
2016.11.22 17:35:39.495,1.25417,1.25433,1.00,1.00
2016.11.22 17:35:40.406,1.25414,1.25433,1.12,1.00
2016.11.22 17:35:41.467,1.25414,1.25432,1.12,1.00
2016.11.22 17:35:42.356,1.25413,1.2543,1.50,1.00
2016.11.22 17:35:42.510,1.25411,1.25428,1.12,1.00
2016.11.22 17:35:44.896,1.2541,1.25428,1.00,1.00
2016.11.22 17:35:44.997,1.2541,1.25426,1.00,1.00
2016.11.22 17:35:46.024,1.25409,1.25426,1.00,1.00
2016.11.22 17:35:46.993,1.25409,1.25427,1.00,1.00
2016.11.22 17:35:47.682,1.2541,1.25427,1.00,1.00
2016.11.22 17:35:49.051,1.25407,1.25424,1.00,1.00
2016.11.22 17:35:49.592,1.25406,1.25423,1.00,1.00
2016.11.22 17:35:50.007,1.25406,1.25425,1.50,1.50
2016.11.22 17:35:50.772,1.25407,1.25425,1.00,1.00
2016.11.22 17:35:50.924,1.25414,1.25425,1.00,1.00
2016.11.22 17:35:51.026,1.25414,1.25432,1.00,2.00
2016.11.22 17:35:51.128,1.25414,1.25432,1.00,1.25
2016.11.22 17:35:51.279,1.25416,1.25432,1.00,1.25
2016.11.22 17:35:51.914,1.25416,1.25433,1.00,1.00
2016.11.22 17:35:52.889,1.25415,1.25433,1.00,1.00
2016.11.22 17:35:53.472,1.25416,1.25432,1.00,1.00
2016.11.22 17:35:53.523,1.25417,1.25434,1.00,1.25
2016.11.22 17:35:56.249,1.25416,1.25433,2.62,1.00
2016.11.22 17:35:56.557,1.25416,1.25431,1.00,1.00
2016.11.22 17:35:56.709,1.25412,1.25431,1.12,1.00
2016.11.22 17:35:57.429,1.25412,1.25429,1.00,1.00
2016.11.22 17:35:57.936,1.25413,1.2543,1.00,1.00
2016.11.22 17:35:58.104,1.25411,1.2543,1.12,1.00
2016.11.22 17:35:58.689,1.2541,1.25427,1.37,1.00
2016.11.22 17:35:58.843,1.25407,1.25424,2.25,1.00
2016.11.22 17:35:58.905,1.2541,1.25427,1.00,1.00
2016.11.22 17:35:58.956,1.25412,1.25431,1.12,1.87
2016.11.22 17:35:59.058,1.25415,1.25432,1.00,1.00
2016.11.22 17:35:59.109,1.25412,1.2543,1.12,1.00
2016.11.22 17:35:59.161,1.25416,1.25433,1.00,2.62
2016.11.22 17:35:59.263,1.25416,1.25433,1.50,1.00
2016.11.22 17:35:59.314,1.25419,1.25439,1.00,4.27
2016.11.22 17:35:59.365,1.25419,1.25439,1.00,1.52
2016.11.22 17:35:59.416,1.25419,1.25439,1.00,1.00
2016.11.22 17:35:59.669,1.25421,1.25439,1.00,1.00
2016.11.22 17:36:00.260,1.25419,1.25439,1.00,1.00
2016.11.22 17:36:00.792,1.2542,1.25439,1.00,1.00
2016.11.22 17:36:01.228,1.25418,1.25439,1.50,1.00
2016.11.22 17:36:01.434,1.2542,1.25439,1.00,1.00
2016.11.22 17:36:02.024,1.25421,1.25439,1.00,1.00
2016.11.22 17:36:02.075,1.25418,1.25439,1.12,1.00
2016.11.22 17:36:02.176,1.25418,1.25437,1.50,1.00
2016.11.22 17:36:02.479,1.25426,1.25442,1.00,1.50
2016.11.22 17:36:02.530,1.25426,1.25446,1.00,1.37
2016.11.22 17:36:02.733,1.25428,1.25449,1.00,1.00
2016.11.22 17:36:03.150,1.2543,1.25449,1.12,1.00
2016.11.22 17:36:03.744,1.2543,1.25448,1.50,1.00
2016.11.22 17:36:03.896,1.25431,1.25451,1.00,1.00
2016.11.22 17:36:03.947,1.25436,1.25451,1.00,1.00
2016.11.22 17:36:04.150,1.25431,1.25451,1.00,1.00
2016.11.22 17:36:04.771,1.25431,1.2545,1.00,1.00
2016.11.22 17:36:05.542,1.25431,1.25449,1.00,1.00
2016.11.22 17:36:06.066,1.2543,1.25449,1.00,1.00
2016.11.22 17:36:06.781,1.2543,1.2545,1.50,1.12
2016.11.22 17:36:06.984,1.2543,1.25448,1.00,1.00
2016.11.22 17:36:07.137,1.25426,1.25447,1.87,1.00
2016.11.22 17:36:07.188,1.25426,1.25447,1.00,1.00
2016.11.22 17:36:07.831,1.25429,1.25446,1.00,1.00
2016.11.22 17:36:07.984,1.25431,1.2545,1.00,1.00
2016.11.22 17:36:08.035,1.25436,1.2545,1.00,1.00
2016.11.22 17:36:08.346,1.2543,1.2545,1.50,1.12
2016.11.22 17:36:08.892,1.25431,1.25449,1.00,1.00
2016.11.22 17:36:09.435,1.2543,1.25448,1.50,1.00
2016.11.22 17:36:10.440,1.25431,1.25448,1.00,1.00
2016.11.22 17:36:10.990,1.25431,1.25449,1.00,1.00
2016.11.22 17:36:11.540,1.2543,1.25449,1.50,1.12
2016.11.22 17:36:12.042,1.2543,1.25448,1.00,1.00
2016.11.22 17:36:12.572,1.2543,1.25447,1.50,1.00
2016.11.22 17:36:13.086,1.25431,1.25447,1.00,1.00
2016.11.22 17:36:13.640,1.25431,1.25446,1.00,1.00
2016.11.22 17:36:13.691,1.25431,1.25444,1.00,1.00
2016.11.22 17:36:13.815,1.2543,1.25446,1.00,1.00
2016.11.22 17:36:13.956,1.25428,1.25446,1.00,1.00
2016.11.22 17:36:14.518,1.25427,1.25446,1.00,1.00
2016.11.22 17:36:15.775,1.25428,1.25448,1.00,1.50
2016.11.22 17:36:15.917,1.25431,1.25448,1.00,1.50
2016.11.22 17:36:18.319,1.25432,1.25449,1.00,1.50
2016.11.22 17:36:18.775,1.25436,1.25449,1.00,1.00
2016.11.22 17:36:19.307,1.25436,1.25451,1.00,1.00
2016.11.22 17:36:19.358,1.25431,1.25451,1.00,1.00
2016.11.22 17:36:19.459,1.25433,1.25452,1.00,1.12
2016.11.22 17:36:19.818,1.25437,1.25455,1.00,1.12
2016.11.22 17:36:20.124,1.25435,1.25453,1.00,1.00
2016.11.22 17:36:20.637,1.25436,1.25454,1.00,1.00
2016.11.22 17:36:20.959,1.25436,1.25451,1.00,1.00
2016.11.22 17:36:21.061,1.25434,1.25451,1.12,1.00
2016.11.22 17:36:21.906,1.25433,1.2545,1.00,1.00
2016.11.22 17:36:22.910,1.25433,1.25451,1.00,1.00
2016.11.22 17:36:23.908,1.25434,1.25451,1.00,1.00
2016.11.22 17:36:24.958,1.25432,1.25453,1.00,1.00
2016.11.22 17:36:25.160,1.25435,1.25454,1.00,2.62
2016.11.22 17:36:25.666,1.25434,1.25452,1.00,1.00
2016.11.22 17:36:26.117,1.25432,1.25452,1.00,1.72
2016.11.22 17:36:26.682,1.25432,1.25451,1.00,1.00
2016.11.22 17:36:27.016,1.25434,1.25451,1.00,1.37
2016.11.22 17:36:27.558,1.25434,1.25451,1.00,1.00
2016.11.22 17:36:28.080,1.25433,1.2545,1.00,1.00
2016.11.22 17:36:28.593,1.25432,1.25449,1.00,1.00
2016.11.22 17:36:29.170,1.25431,1.25451,1.87,1.00
2016.11.22 17:36:29.463,1.25431,1.25449,1.87,1.00
2016.11.22 17:36:30.121,1.25432,1.25449,1.00,1.00
2016.11.22 17:36:31.128,1.25431,1.25449,1.12,1.00
2016.11.22 17:36:33.271,1.25429,1.25448,1.87,1.00
2016.11.22 17:36:34.018,1.25428,1.25448,1.00,1.00
2016.11.22 17:36:34.548,1.25429,1.25448,1.00,1.00
2016.11.22 17:36:36.134,1.25428,1.25447,1.00,1.00
2016.11.22 17:36:37.145,1.2543,1.2545,1.00,1.72
2016.11.22 17:36:37.246,1.2543,1.25448,1.00,1.12
2016.11.22 17:36:38.614,1.2543,1.25446,1.00,1.00
2016.11.22 17:36:39.148,1.2543,1.25447,1.50,1.00
2016.11.22 17:36:39.670,1.2543,1.25448,1.00,1.00
2016.11.22 17:36:40.642,1.25429,1.25448,1.12,1.00
2016.11.22 17:36:41.184,1.25428,1.25448,1.00,1.00
2016.11.22 17:36:41.980,1.25431,1.25448,1.00,1.00
2016.11.22 17:36:42.515,1.2543,1.25447,1.50,1.00
2016.11.22 17:36:42.863,1.25428,1.25445,1.31,1.00
2016.11.22 17:36:43.471,1.25428,1.25446,1.00,1.00
2016.11.22 17:36:48.373,1.25431,1.25448,1.00,1.00
2016.11.22 17:36:49.054,1.25429,1.25448,1.00,1.00
2016.11.22 17:36:49.570,1.2543,1.25448,1.00,1.00
2016.11.22 17:36:50.075,1.25429,1.25448,1.00,1.00
2016.11.22 17:36:50.593,1.25429,1.25449,1.00,1.00
2016.11.22 17:36:52.860,1.2543,1.25449,1.00,1.12
2016.11.22 17:36:53.395,1.2543,1.25449,1.50,1.37
2016.11.22 17:36:54.011,1.25431,1.25449,1.00,1.37
2016.11.22 17:36:54.884,1.25428,1.25448,1.31,1.00
2016.11.22 17:36:54.935,1.25428,1.25447,1.00,1.87
2016.11.22 17:36:55.486,1.25428,1.25448,1.00,2.62
2016.11.22 17:36:57.526,1.25427,1.25447,1.31,1.12
2016.11.22 17:36:57.830,1.25432,1.2545,1.00,1.00
2016.11.22 17:36:58.078,1.25428,1.25448,1.56,1.00
2016.11.22 17:36:58.925,1.25428,1.25448,1.31,1.12
2016.11.22 17:37:00.875,1.2543,1.25448,1.00,1.00
2016.11.22 17:37:01.180,1.25425,1.25442,1.00,1.00
2016.11.22 17:37:01.282,1.25422,1.25442,1.87,1.00
2016.11.22 17:37:02.680,1.25424,1.25441,1.00,1.00
2016.11.22 17:37:06.894,1.25424,1.25443,1.00,1.00
2016.11.22 17:37:06.945,1.25423,1.25441,1.00,1.00
2016.11.22 17:37:07.213,1.25419,1.25439,1.87,1.00
2016.11.22 17:37:07.764,1.25421,1.25439,1.00,1.00
2016.11.22 17:37:08.296,1.25421,1.2544,1.50,1.00
2016.11.22 17:37:08.806,1.25421,1.25441,1.50,1.00
2016.11.22 17:37:09.078,1.25423,1.25441,1.00,1.00
2016.11.22 17:37:09.323,1.25421,1.25441,1.50,1.00
2016.11.22 17:37:11.799,1.25421,1.25438,1.50,1.00
2016.11.22 17:37:13.173,1.25422,1.2544,1.00,1.00
2016.11.22 17:37:16.176,1.25421,1.25438,1.00,1.00
2016.11.22 17:37:16.227,1.25422,1.2544,1.00,1.12
2016.11.22 17:37:18.295,1.25422,1.25441,1.00,1.12
2016.11.22 17:37:19.782,1.25424,1.25442,1.00,1.37
2016.11.22 17:37:20.287,1.25424,1.25442,1.00,1.12
2016.11.22 17:37:20.490,1.25421,1.25441,1.50,1.37
2016.11.22 17:37:20.996,1.25421,1.25441,1.00,1.00
2016.11.22 17:37:21.478,1.25422,1.2544,1.00,1.37
2016.11.22 17:37:21.986,1.25422,1.2544,1.00,1.12
2016.11.22 17:37:22.831,1.25422,1.25439,1.00,1.00
2016.11.22 17:37:23.876,1.25421,1.25439,1.50,1.00
2016.11.22 17:37:24.389,1.25422,1.2544,1.00,1.37
2016.11.22 17:37:25.006,1.25422,1.2544,1.00,1.12
2016.11.22 17:37:25.312,1.25431,1.25451,1.50,1.82
2016.11.22 17:37:25.667,1.25429,1.25447,1.00,1.00
2016.11.22 17:37:26.108,1.25427,1.25445,1.37,1.00
2016.11.22 17:37:26.649,1.25427,1.25445,1.00,1.00
2016.11.22 17:37:28.869,1.25428,1.25446,1.00,1.00
2016.11.22 17:37:30.684,1.25428,1.25445,1.00,1.00
2016.11.22 17:37:31.466,1.25427,1.25448,1.00,1.50
2016.11.22 17:37:32.356,1.25427,1.25447,1.00,1.00
2016.11.22 17:37:32.407,1.2543,1.25447,1.00,1.00
2016.11.22 17:37:32.935,1.25431,1.25447,1.00,1.00
2016.11.22 17:37:33.355,1.25431,1.2545,1.00,1.12
2016.11.22 17:37:33.518,1.25429,1.2545,1.00,1.12
2016.11.22 17:37:34.019,1.25431,1.2545,1.00,1.12
2016.11.22 17:37:35.351,1.25432,1.2545,1.00,1.12
2016.11.22 17:37:36.222,1.25431,1.2545,1.00,1.12
2016.11.22 17:37:36.526,1.25428,1.25446,1.00,1.00
2016.11.22 17:37:37.032,1.25428,1.25446,1.00,1.37
2016.11.22 17:37:37.604,1.25428,1.25446,1.00,1.00
2016.11.22 17:37:38.242,1.25428,1.25447,1.00,1.50
2016.11.22 17:37:38.950,1.25429,1.25447,1.00,1.87
2016.11.22 17:37:39.455,1.25429,1.25447,1.00,1.87
2016.11.22 17:37:39.724,1.25427,1.25447,1.00,1.87
2016.11.22 17:37:40.244,1.25427,1.25447,1.00,1.87
2016.11.22 17:37:40.345,1.25427,1.25444,1.00,1.00
2016.11.22 17:37:43.716,1.25427,1.25445,1.00,1.12
2016.11.22 17:37:44.250,1.25426,1.25445,1.00,1.37
2016.11.22 17:37:44.402,1.25426,1.25446,1.00,1.00
2016.11.22 17:37:44.605,1.25426,1.25446,1.00,2.62
2016.11.22 17:37:44.794,1.25427,1.25447,1.00,1.00
2016.11.22 17:37:45.009,1.25426,1.25444,1.00,1.00
2016.11.22 17:37:45.312,1.25428,1.25446,1.00,1.00
2016.11.22 17:37:46.125,1.25427,1.25445,1.00,1.00
2016.11.22 17:37:51.748,1.25428,1.25447,1.00,1.00
2016.11.22 17:37:52.250,1.25428,1.25447,1.00,1.37
2016.11.22 17:37:52.777,1.25427,1.25447,1.00,1.12
2016.11.22 17:37:53.311,1.25426,1.25446,1.00,1.00
2016.11.22 17:37:53.983,1.25428,1.25446,1.00,1.00
2016.11.22 17:37:55.019,1.25427,1.25445,1.00,1.00
2016.11.22 17:37:55.393,1.25423,1.25441,1.00,1.37
2016.11.22 17:37:56.197,1.25421,1.25441,1.00,1.37
2016.11.22 17:38:00.195,1.25421,1.25441,1.00,2.62
2016.11.22 17:38:01.750,1.25426,1.2544,1.00,1.37
2016.11.22 17:38:01.852,1.25421,1.25441,1.50,2.25
2016.11.22 17:38:04.401,1.25421,1.2544,1.50,1.12
2016.11.22 17:38:05.808,1.25421,1.2544,1.50,1.37
2016.11.22 17:38:07.182,1.2542,1.2544,1.50,1.37
2016.11.22 17:38:07.233,1.2542,1.25435,1.00,1.00
2016.11.22 17:38:07.334,1.25418,1.25435,1.00,1.12
2016.11.22 17:38:08.177,1.25416,1.25435,1.00,1.12
2016.11.22 17:38:09.180,1.25417,1.25434,1.00,1.00
2016.11.22 17:38:14.951,1.25415,1.25434,1.50,1.00
2016.11.22 17:38:15.458,1.25416,1.25435,1.00,1.12
2016.11.22 17:38:16.007,1.25416,1.25435,1.00,1.37
2016.11.22 17:38:17.698,1.25417,1.25436,1.00,2.62
2016.11.22 17:38:18.286,1.25417,1.25436,1.00,1.37
2016.11.22 17:38:19.654,1.25417,1.25436,1.00,2.62
2016.11.22 17:38:21.986,1.25417,1.25436,1.00,1.12
2016.11.22 17:38:23.154,1.25418,1.25436,1.00,1.12
2016.11.22 17:38:25.084,1.2542,1.25438,1.00,1.87
2016.11.22 17:38:25.387,1.25416,1.25434,1.00,1.00
2016.11.22 17:38:34.990,1.25415,1.25433,1.00,1.00
2016.11.22 17:38:39.037,1.25416,1.25434,1.00,1.12
2016.11.22 17:38:39.527,1.25414,1.25432,1.00,1.00
2016.11.22 17:38:40.104,1.25414,1.25432,1.00,1.37
2016.11.22 17:38:40.634,1.25415,1.25432,1.00,1.37
2016.11.22 17:38:42.515,1.25414,1.25432,1.00,1.00
2016.11.22 17:38:43.106,1.25414,1.25432,1.00,1.37
2016.11.22 17:38:44.783,1.25412,1.25432,1.37,1.37
2016.11.22 17:38:45.836,1.25414,1.25431,1.00,1.00
2016.11.22 17:38:46.577,1.25419,1.25435,1.00,2.92
2016.11.22 17:38:46.628,1.25421,1.25435,1.00,1.00
2016.11.22 17:38:46.679,1.25422,1.25439,1.00,1.37
2016.11.22 17:38:46.780,1.25419,1.25437,1.00,1.00
2016.11.22 17:38:46.932,1.25416,1.25435,2.25,1.00
2016.11.22 17:38:47.456,1.25416,1.25435,1.00,1.00
2016.11.22 17:38:48.025,1.25415,1.25434,1.12,1.00
2016.11.22 17:38:49.858,1.25414,1.25434,1.12,1.00
2016.11.22 17:38:50.161,1.25413,1.25432,1.00,1.00
2016.11.22 17:38:50.655,1.25413,1.25432,1.00,3.19
2016.11.22 17:38:51.201,1.25412,1.2543,1.00,1.00
2016.11.22 17:38:54.173,1.25411,1.25429,1.00,1.00
2016.11.22 17:38:54.751,1.25411,1.25431,1.00,1.12
2016.11.22 17:38:55.281,1.25411,1.25429,1.00,1.00
2016.11.22 17:38:55.912,1.25411,1.25429,1.00,1.37
2016.11.22 17:38:56.063,1.25412,1.25432,1.00,3.79
2016.11.22 17:38:56.617,1.25412,1.25429,1.00,1.00
2016.11.22 17:38:57.092,1.25412,1.25432,1.00,2.29
2016.11.22 17:38:57.193,1.25412,1.25429,1.00,1.00
2016.11.22 17:38:57.786,1.25412,1.25431,1.00,1.00
2016.11.22 17:38:58.309,1.25412,1.25431,1.00,1.42
2016.11.22 17:38:58.846,1.25411,1.25431,1.00,1.35
2016.11.22 17:39:01.353,1.25411,1.2543,1.00,1.37
2016.11.22 17:39:01.883,1.2541,1.25428,1.00,1.00
2016.11.22 17:39:03.464,1.25411,1.25429,1.00,1.12
2016.11.22 17:39:03.978,1.25412,1.25429,1.00,1.00
2016.11.22 17:39:07.688,1.25413,1.25432,1.00,3.00
2016.11.22 17:39:07.790,1.25413,1.25432,1.00,1.12
2016.11.22 17:39:11.471,1.25415,1.25432,1.00,1.12
2016.11.22 17:39:12.542,1.25413,1.2543,1.00,1.00
2016.11.22 17:39:14.666,1.25412,1.25429,1.00,1.00
2016.11.22 17:39:14.970,1.25414,1.25431,1.00,1.12
2016.11.22 17:39:16.758,1.25414,1.25432,1.00,1.12
2016.11.22 17:39:17.034,1.25412,1.25432,1.00,1.12
2016.11.22 17:39:17.650,1.25413,1.25433,1.00,1.37
2016.11.22 17:39:17.802,1.25412,1.25431,1.00,2.62
2016.11.22 17:39:17.903,1.25412,1.25431,1.00,1.12
2016.11.22 17:39:18.208,1.25414,1.25435,1.00,4.12
2016.11.22 17:39:18.705,1.25414,1.25434,1.00,1.25
2016.11.22 17:39:19.256,1.25415,1.25435,1.00,1.50
2016.11.22 17:39:19.698,1.25415,1.25434,1.00,1.87
2016.11.22 17:39:20.702,1.25415,1.25434,1.00,1.87
2016.11.22 17:39:21.700,1.25411,1.25428,1.42,1.00
2016.11.22 17:39:21.751,1.25412,1.25432,1.00,1.12
2016.11.22 17:39:21.802,1.25411,1.2543,1.12,1.12
2016.11.22 17:39:24.276,1.25412,1.25429,1.00,1.00
2016.11.22 17:39:25.810,1.25414,1.25431,1.00,1.37
2016.11.22 17:39:25.953,1.25414,1.25432,1.00,1.00
2016.11.22 17:39:26.528,1.25414,1.25431,1.00,1.00
2016.11.22 17:39:26.882,1.25416,1.25432,1.00,1.00
2016.11.22 17:39:26.983,1.25414,1.25432,1.00,1.00
2016.11.22 17:39:27.680,1.25411,1.2543,1.00,1.00
2016.11.22 17:39:27.731,1.2541,1.25428,1.50,1.00
2016.11.22 17:39:28.650,1.25408,1.25427,1.00,1.00
2016.11.22 17:39:29.700,1.25407,1.25426,1.00,1.00
2016.11.22 17:39:37.937,1.25404,1.25423,1.87,1.00
2016.11.22 17:39:38.448,1.25404,1.25423,1.00,1.12
2016.11.22 17:39:39.108,1.25403,1.25423,1.00,1.12
2016.11.22 17:39:45.923,1.25404,1.25423,1.00,1.12
2016.11.22 17:39:47.848,1.25404,1.25421,1.00,1.00
2016.11.22 17:39:47.900,1.25404,1.25424,1.00,1.00
2016.11.22 17:39:47.951,1.25403,1.2542,1.00,1.00
2016.11.22 17:39:48.973,1.25404,1.25421,1.00,1.12
2016.11.22 17:39:49.560,1.25406,1.25422,1.00,2.25
2016.11.22 17:39:49.612,1.25406,1.25423,1.50,1.00
2016.11.22 17:39:51.550,1.25406,1.25423,1.00,1.56
2016.11.22 17:39:52.526,1.25407,1.25425,1.00,1.00
2016.11.22 17:39:53.529,1.25407,1.25424,1.00,1.00
2016.11.22 17:39:54.481,1.25405,1.25425,1.00,1.00
2016.11.22 17:39:55.006,1.25405,1.25424,1.00,1.00
2016.11.22 17:39:56.692,1.25406,1.25422,1.00,1.00
2016.11.22 17:39:57.720,1.25405,1.25422,1.00,1.00
2016.11.22 17:39:58.959,1.25406,1.25423,1.00,1.00
2016.11.22 17:39:59.363,1.25403,1.25422,1.00,1.00
2016.11.22 17:39:59.565,1.25405,1.25424,1.00,1.00
2016.11.22 17:40:00.551,1.25406,1.25422,1.00,1.00
2016.11.22 17:40:00.754,1.25404,1.25421,1.00,1.00
2016.11.22 17:40:02.831,1.25403,1.2542,1.00,1.00
2016.11.22 17:40:02.882,1.25404,1.25422,1.00,1.00
2016.11.22 17:40:04.869,1.25406,1.25423,1.00,1.00
2016.11.22 17:40:08.215,1.25406,1.25424,1.00,1.00
2016.11.22 17:40:09.111,1.25404,1.25423,1.00,1.00
2016.11.22 17:40:09.816,1.25406,1.25424,1.00,1.00
2016.11.22 17:40:13.946,1.25406,1.25424,1.00,1.56
2016.11.22 17:40:14.491,1.25406,1.25424,1.00,1.00
2016.11.22 17:40:15.023,1.25407,1.25424,1.00,1.00
2016.11.22 17:40:15.992,1.25405,1.25424,1.00,1.00
2016.11.22 17:40:17.001,1.25407,1.25424,1.00,1.00
2016.11.22 17:40:18.355,1.25405,1.25424,1.00,1.00
2016.11.22 17:40:25.214,1.25406,1.25425,1.00,1.50
2016.11.22 17:40:25.892,1.25406,1.25425,1.00,1.50
2016.11.22 17:40:27.644,1.25409,1.25425,1.00,1.50
2016.11.22 17:40:27.897,1.25409,1.25427,1.12,1.00
2016.11.22 17:40:28.212,1.25411,1.25428,1.00,1.00
2016.11.22 17:40:28.465,1.25417,1.25435,1.00,1.00
2016.11.22 17:40:30.013,1.25417,1.25436,1.00,1.50
2016.11.22 17:40:30.725,1.25418,1.25436,1.00,1.00
2016.11.22 17:40:31.130,1.25421,1.25437,1.00,2.25
2016.11.22 17:40:31.283,1.25421,1.25437,1.00,1.00
2016.11.22 17:40:31.738,1.25417,1.25436,1.00,1.00
2016.11.22 17:40:31.940,1.25419,1.25436,1.00,1.50
2016.11.22 17:40:32.569,1.25417,1.25434,1.00,1.00
2016.11.22 17:40:32.976,1.25415,1.25434,1.50,1.12
2016.11.22 17:40:34.888,1.25417,1.25434,1.00,1.12
2016.11.22 17:40:38.324,1.25416,1.25433,1.00,1.00
2016.11.22 17:40:38.633,1.25414,1.25429,1.37,1.00
2016.11.22 17:40:38.684,1.2541,1.25429,1.00,1.00
2016.11.22 17:40:38.886,1.2541,1.25429,1.00,1.75
2016.11.22 17:40:39.199,1.25409,1.25425,1.00,1.00
2016.11.22 17:40:42.776,1.2541,1.25427,1.00,1.12
2016.11.22 17:40:44.014,1.25409,1.25426,1.00,1.00
2016.11.22 17:40:44.697,1.25408,1.25425,1.00,1.00
2016.11.22 17:40:44.748,1.25407,1.25423,1.00,1.00
2016.11.22 17:40:45.717,1.25407,1.25424,1.00,1.00
2016.11.22 17:40:47.902,1.25407,1.25425,1.00,1.12
2016.11.22 17:40:48.487,1.25406,1.25425,1.00,1.00
2016.11.22 17:40:52.998,1.25406,1.25423,1.00,1.00
2016.11.22 17:40:54.025,1.25406,1.25422,1.00,1.00
2016.11.22 17:40:54.126,1.25403,1.2542,1.50,1.00
2016.11.22 17:40:55.416,1.25403,1.25422,1.00,1.00
2016.11.22 17:40:59.963,1.25404,1.2542,1.00,1.00
2016.11.22 17:41:00.115,1.25396,1.25414,1.50,1.00
2016.11.22 17:41:00.267,1.25394,1.25412,1.00,1.00
2016.11.22 17:41:00.570,1.25401,1.25418,1.00,1.00
2016.11.22 17:41:05.697,1.254,1.25417,1.00,1.00
2016.11.22 17:41:06.260,1.25399,1.25415,1.00,1.00
2016.11.22 17:41:08.335,1.25398,1.25417,1.00,1.12
2016.11.22 17:41:08.559,1.25395,1.25411,1.00,1.00
2016.11.22 17:41:08.610,1.25392,1.25411,1.12,1.00
2016.11.22 17:41:09.555,1.25392,1.2541,1.00,1.00
2016.11.22 17:41:10.060,1.25393,1.25411,1.00,1.00
2016.11.22 17:41:11.470,1.25393,1.2541,1.00,1.00
2016.11.22 17:41:13.037,1.25391,1.2541,1.12,1.00
2016.11.22 17:41:14.469,1.2539,1.25408,1.37,1.00
2016.11.22 17:41:15.047,1.2539,1.25408,1.00,1.00
2016.11.22 17:41:15.581,1.25391,1.25408,1.00,1.00
2016.11.22 17:41:16.635,1.2539,1.25407,1.00,1.00
2016.11.22 17:41:17.186,1.25389,1.25406,1.00,1.12
2016.11.22 17:41:17.643,1.25387,1.25407,1.50,1.37
2016.11.22 17:41:17.744,1.25387,1.25405,1.50,1.87
2016.11.22 17:41:18.250,1.25387,1.25406,1.50,1.87
2016.11.22 17:41:19.671,1.25387,1.254,1.00,1.00
2016.11.22 17:41:19.721,1.25383,1.254,1.00,1.00
2016.11.22 17:41:19.772,1.25383,1.254,1.00,2.62
2016.11.22 17:41:20.025,1.25381,1.25398,1.12,1.00
2016.11.22 17:41:20.993,1.25379,1.25399,2.62,1.12
2016.11.22 17:41:21.845,1.25384,1.25401,1.00,2.62
2016.11.22 17:41:22.263,1.25384,1.25401,1.00,1.12
2016.11.22 17:41:22.715,1.25382,1.25401,1.00,1.12
2016.11.22 17:41:23.075,1.25382,1.25401,1.00,2.62
2016.11.22 17:41:23.867,1.25382,1.25401,1.00,1.62
2016.11.22 17:41:24.378,1.25382,1.25399,1.00,1.00
2016.11.22 17:41:25.040,1.25384,1.254,1.00,1.87
2016.11.22 17:41:26.041,1.25382,1.254,1.00,2.06
2016.11.22 17:41:26.464,1.25382,1.25401,1.00,1.56
2016.11.22 17:41:27.749,1.25382,1.25401,1.00,2.81
2016.11.22 17:41:28.055,1.25379,1.25396,1.00,1.12
2016.11.22 17:41:28.409,1.25376,1.25394,1.00,1.00
2016.11.22 17:41:28.955,1.25376,1.25394,1.00,1.37
2016.11.22 17:41:29.208,1.25375,1.25391,1.00,1.00
2016.11.22 17:41:30.207,1.25375,1.25392,1.00,1.00
2016.11.22 17:41:31.749,1.25374,1.25391,1.00,1.00
2016.11.22 17:41:31.952,1.25372,1.25392,1.00,1.00
2016.11.22 17:41:32.054,1.25371,1.25387,1.00,1.00
2016.11.22 17:41:32.257,1.25372,1.25389,1.00,1.00
2016.11.22 17:41:32.891,1.25373,1.25391,1.00,1.00
2016.11.22 17:41:33.785,1.25371,1.25391,1.00,1.12
2016.11.22 17:41:33.836,1.2537,1.25389,1.00,1.00
2016.11.22 17:41:34.355,1.2537,1.25389,1.00,1.37
2016.11.22 17:41:34.610,1.2537,1.2539,1.00,1.31
2016.11.22 17:41:34.771,1.2537,1.2539,1.00,2.62
2016.11.22 17:41:35.299,1.25369,1.25388,1.00,1.00
2016.11.22 17:41:35.993,1.25371,1.2539,1.00,1.25
2016.11.22 17:41:37.018,1.25373,1.2539,1.00,1.00
2016.11.22 17:41:37.906,1.25371,1.25389,1.00,1.00
2016.11.22 17:41:38.212,1.25372,1.25391,1.00,1.00
2016.11.22 17:41:38.415,1.25371,1.25388,1.00,1.00
2016.11.22 17:41:38.950,1.25369,1.25388,1.37,1.56
2016.11.22 17:41:39.052,1.25368,1.25385,1.00,1.31
2016.11.22 17:41:39.629,1.25368,1.25385,1.00,1.00
2016.11.22 17:41:40.541,1.25368,1.25385,1.00,1.31
2016.11.22 17:41:40.949,1.25365,1.25382,2.25,1.00
2016.11.22 17:41:41.000,1.25365,1.25384,2.25,1.25
2016.11.22 17:41:41.051,1.25369,1.25385,1.00,1.69
2016.11.22 17:41:41.103,1.25367,1.25385,1.00,1.69
2016.11.22 17:41:41.456,1.25369,1.25385,1.00,1.19
2016.11.22 17:41:42.034,1.25369,1.25387,1.00,2.06
2016.11.22 17:41:42.322,1.25369,1.25387,1.00,1.69
2016.11.22 17:41:42.826,1.2537,1.25387,1.00,1.69
2016.11.22 17:41:43.468,1.25369,1.25387,1.00,1.69
2016.11.22 17:41:43.925,1.2537,1.25387,1.00,1.31
2016.11.22 17:41:44.439,1.25371,1.25388,1.00,1.19
2016.11.22 17:41:45.070,1.2537,1.25388,1.00,1.31
2016.11.22 17:41:45.468,1.2537,1.25388,1.00,1.25
2016.11.22 17:41:45.569,1.2537,1.25386,1.00,1.19
2016.11.22 17:41:45.772,1.25366,1.25386,1.87,1.19
2016.11.22 17:41:46.322,1.25366,1.25386,1.50,1.19
2016.11.22 17:41:46.543,1.25368,1.25385,1.00,1.25
2016.11.22 17:41:47.320,1.25366,1.25382,1.00,1.00
2016.11.22 17:41:47.422,1.25363,1.25382,1.12,1.25
2016.11.22 17:41:47.676,1.25365,1.25383,1.00,1.31
2016.11.22 17:41:48.648,1.25364,1.25383,1.00,1.31
2016.11.22 17:41:49.340,1.25364,1.25383,1.00,1.31
2016.11.22 17:41:49.847,1.25361,1.25376,1.00,1.00
2016.11.22 17:41:50.561,1.25361,1.25378,1.00,1.31
2016.11.22 17:41:50.974,1.25365,1.2538,1.00,1.00
2016.11.22 17:41:51.075,1.25367,1.25384,1.00,1.25
2016.11.22 17:41:51.279,1.25367,1.25386,1.00,1.00
2016.11.22 17:41:51.801,1.2537,1.25388,1.00,1.62
2016.11.22 17:41:52.314,1.2537,1.25388,1.00,1.00
2016.11.22 17:41:52.675,1.25372,1.25389,1.00,1.25
2016.11.22 17:41:53.655,1.25373,1.2539,1.00,1.19
2016.11.22 17:41:53.908,1.25361,1.2538,2.62,1.00
2016.11.22 17:41:54.534,1.25361,1.2538,1.50,1.19
2016.11.22 17:41:57.080,1.25362,1.2538,1.12,1.00
2016.11.22 17:41:57.438,1.25366,1.25384,1.00,1.56
2016.11.22 17:41:57.783,1.25368,1.25385,1.12,1.00
2016.11.22 17:41:57.834,1.2537,1.25388,1.00,1.00
2016.11.22 17:41:57.885,1.25368,1.25386,1.12,1.00
2016.11.22 17:41:58.189,1.25371,1.25384,1.00,1.00
2016.11.22 17:41:58.241,1.25367,1.25384,1.50,1.00
2016.11.22 17:41:58.872,1.25368,1.25385,1.12,1.00
2016.11.22 17:42:00.195,1.25367,1.25387,1.50,1.00
2016.11.22 17:42:00.586,1.25366,1.25381,1.37,1.00
2016.11.22 17:42:00.637,1.25364,1.25381,1.12,1.00
2016.11.22 17:42:00.892,1.25364,1.25383,1.12,1.25
2016.11.22 17:42:00.943,1.25365,1.25381,1.00,1.00
2016.11.22 17:42:01.445,1.25364,1.25381,1.12,1.00
2016.11.22 17:42:01.580,1.25363,1.25383,1.37,1.25
2016.11.22 17:42:01.833,1.25366,1.25378,1.00,1.00
2016.11.22 17:42:01.935,1.25358,1.25375,2.62,1.00
2016.11.22 17:42:02.087,1.2536,1.25377,1.12,1.00
2016.11.22 17:42:02.608,1.25361,1.25377,1.00,1.00
2016.11.22 17:42:03.163,1.2536,1.25377,1.87,1.00
2016.11.22 17:42:03.778,1.2536,1.25374,1.12,1.00
2016.11.22 17:42:03.880,1.25357,1.25374,1.00,1.00
2016.11.22 17:42:04.374,1.25357,1.25378,1.00,1.00
2016.11.22 17:42:05.160,1.25358,1.25375,1.00,1.00
2016.11.22 17:42:05.640,1.25356,1.25376,1.50,1.00
2016.11.22 17:42:05.843,1.2536,1.25377,1.00,1.00
2016.11.22 17:42:06.291,1.2536,1.25378,1.75,1.00
2016.11.22 17:42:06.818,1.25361,1.25379,1.50,1.00
2016.11.22 17:42:07.493,1.25359,1.25377,1.75,1.00
2016.11.22 17:42:07.645,1.25359,1.25377,1.00,1.00
2016.11.22 17:42:09.746,1.25359,1.25376,1.00,1.00
2016.11.22 17:42:09.848,1.25358,1.25378,1.12,1.00
2016.11.22 17:42:09.898,1.2536,1.2538,1.00,1.19
2016.11.22 17:42:10.203,1.25358,1.25377,1.12,1.00
2016.11.22 17:42:10.508,1.25361,1.25378,1.50,1.00
2016.11.22 17:42:11.197,1.25363,1.2538,1.00,1.19
2016.11.22 17:42:11.869,1.25363,1.2538,1.00,1.00
2016.11.22 17:42:12.224,1.25364,1.25382,1.00,1.25
2016.11.22 17:42:13.147,1.25363,1.25382,1.00,1.00
2016.11.22 17:42:13.349,1.25363,1.2538,1.00,1.00
2016.11.22 17:42:14.138,1.25361,1.25379,2.25,1.00
2016.11.22 17:42:15.227,1.2536,1.25377,2.25,1.00
2016.11.22 17:42:16.728,1.2536,1.25375,2.25,1.00
2016.11.22 17:42:17.061,1.25346,1.25364,1.12,1.19
2016.11.22 17:42:17.162,1.25343,1.25362,1.37,1.19
2016.11.22 17:42:17.213,1.25343,1.25362,1.00,1.19
2016.11.22 17:42:17.746,1.25341,1.25363,1.50,1.94
2016.11.22 17:42:18.280,1.25339,1.2536,1.37,1.19
2016.11.22 17:42:18.804,1.25339,1.2536,1.00,1.19
2016.11.22 17:42:19.448,1.25339,1.2536,1.00,1.00
2016.11.22 17:42:19.953,1.25341,1.2536,1.00,1.00
2016.11.22 17:42:22.816,1.25341,1.25359,1.00,1.00
2016.11.22 17:42:22.867,1.25339,1.25359,1.00,1.12
2016.11.22 17:42:23.215,1.25341,1.25358,1.00,1.00
2016.11.22 17:42:23.579,1.25338,1.25357,1.00,1.25
2016.11.22 17:42:23.681,1.25336,1.25354,1.87,1.19
2016.11.22 17:42:23.782,1.25336,1.25357,2.25,1.69
2016.11.22 17:42:23.833,1.25336,1.25357,2.25,1.12
2016.11.22 17:42:24.579,1.2534,1.25357,1.00,1.00
2016.11.22 17:42:24.767,1.25337,1.25358,1.12,1.00
2016.11.22 17:42:24.818,1.25337,1.25356,1.12,1.00
2016.11.22 17:42:25.396,1.25337,1.25355,1.12,1.00
2016.11.22 17:42:25.946,1.25337,1.25356,1.00,1.00
2016.11.22 17:42:26.466,1.2534,1.25354,1.00,1.00
2016.11.22 17:42:26.972,1.25341,1.25356,1.00,1.00
2016.11.22 17:42:27.341,1.25341,1.25359,1.00,1.00
2016.11.22 17:42:27.506,1.25342,1.25361,1.00,1.00
2016.11.22 17:42:27.557,1.25345,1.25362,1.00,1.00
2016.11.22 17:42:28.066,1.25346,1.25363,1.00,1.00
2016.11.22 17:42:28.691,1.25348,1.25365,1.00,1.00
2016.11.22 17:42:28.844,1.2535,1.25369,1.00,1.50
2016.11.22 17:42:29.046,1.25347,1.25366,2.25,1.00
2016.11.22 17:42:31.086,1.25351,1.25366,1.00,1.00
2016.11.22 17:42:32.369,1.25351,1.25365,1.00,1.00
2016.11.22 17:42:32.673,1.2535,1.25367,1.00,1.00
2016.11.22 17:42:33.309,1.25351,1.25368,1.00,1.00
2016.11.22 17:42:33.824,1.25352,1.25369,1.00,1.00
2016.11.22 17:42:34.768,1.2535,1.25369,1.50,1.00
2016.11.22 17:42:36.067,1.2535,1.25368,1.00,1.00
2016.11.22 17:42:36.586,1.25351,1.25368,1.00,1.00
2016.11.22 17:42:38.326,1.25352,1.2537,1.00,1.00
2016.11.22 17:42:39.310,1.25353,1.2537,1.00,1.00
2016.11.22 17:42:39.848,1.25352,1.2537,1.00,1.00
2016.11.22 17:42:39.899,1.25357,1.25374,1.00,1.12
2016.11.22 17:42:40.440,1.25357,1.25375,1.00,1.00
2016.11.22 17:42:40.987,1.25358,1.25376,1.00,1.00
2016.11.22 17:42:41.528,1.25358,1.25378,1.00,1.00
2016.11.22 17:42:41.743,1.25356,1.25375,1.50,1.00
2016.11.22 17:42:42.213,1.2536,1.25376,1.00,1.00
2016.11.22 17:42:43.553,1.25358,1.25376,1.00,1.00
2016.11.22 17:42:43.806,1.25356,1.25373,1.00,1.00
2016.11.22 17:42:43.857,1.25353,1.25372,1.00,1.00
2016.11.22 17:42:44.828,1.25354,1.25373,1.00,1.12
2016.11.22 17:42:44.929,1.25353,1.2537,1.00,1.00
2016.11.22 17:42:45.436,1.25354,1.25371,1.00,1.00
2016.11.22 17:42:45.638,1.25355,1.25374,1.00,1.00
2016.11.22 17:42:47.180,1.25357,1.25373,1.00,1.00
2016.11.22 17:42:48.109,1.25357,1.25376,1.00,1.00
2016.11.22 17:42:57.201,1.25357,1.25373,1.00,1.00
2016.11.22 17:42:58.560,1.25362,1.25378,1.00,1.00
2016.11.22 17:42:58.914,1.25364,1.25381,1.00,1.00
2016.11.22 17:42:58.965,1.25366,1.25381,1.00,1.00
2016.11.22 17:42:59.117,1.25364,1.25381,1.00,1.00
2016.11.22 17:42:59.521,1.25365,1.25384,1.00,1.00
2016.11.22 17:43:00.214,1.25364,1.25383,1.00,1.00
2016.11.22 17:43:01.518,1.25364,1.25386,1.00,1.87
2016.11.22 17:43:02.327,1.25365,1.25386,1.00,1.50
2016.11.22 17:43:03.697,1.25366,1.25385,1.00,1.00
2016.11.22 17:43:04.019,1.25368,1.25389,1.00,1.12
2016.11.22 17:43:04.928,1.2537,1.25389,1.00,1.00
2016.11.22 17:43:07.226,1.2537,1.25389,1.19,1.00
2016.11.22 17:43:08.185,1.2537,1.25389,1.00,1.00
2016.11.22 17:43:12.447,1.2537,1.2539,1.00,1.50
2016.11.22 17:43:13.248,1.25369,1.25389,1.25,1.00
2016.11.22 17:43:13.558,1.25371,1.2539,1.00,1.50
2016.11.22 17:43:14.823,1.25369,1.2539,1.00,1.50
2016.11.22 17:43:15.298,1.25365,1.25384,1.00,1.00
2016.11.22 17:43:15.551,1.25363,1.25384,1.00,1.00
2016.11.22 17:43:16.337,1.25363,1.25383,1.00,1.00
2016.11.22 17:43:17.791,1.25363,1.25382,1.00,1.00
2016.11.22 17:43:18.814,1.25362,1.25382,1.00,1.00
2016.11.22 17:43:18.865,1.25362,1.25382,1.00,2.62
2016.11.22 17:43:19.833,1.25362,1.25382,1.00,1.00
2016.11.22 17:43:21.569,1.2536,1.25378,1.00,1.00
2016.11.22 17:43:21.772,1.25357,1.25376,1.00,1.00
2016.11.22 17:43:21.823,1.25356,1.25373,1.00,1.00
2016.11.22 17:43:21.874,1.25352,1.25373,2.44,1.00
2016.11.22 17:43:22.287,1.25351,1.25371,1.87,1.00
2016.11.22 17:43:22.625,1.25351,1.25369,1.00,1.12
2016.11.22 17:43:22.947,1.25353,1.2537,1.00,1.00
2016.11.22 17:43:23.804,1.25351,1.25371,1.00,1.00
2016.11.22 17:43:24.748,1.25347,1.25365,2.44,1.00
2016.11.22 17:43:24.910,1.25346,1.25365,1.00,1.00
2016.11.22 17:43:25.469,1.25345,1.25365,1.00,1.00
2016.11.22 17:43:25.984,1.25346,1.25366,1.00,1.12
2016.11.22 17:43:27.211,1.25348,1.25366,1.00,1.12
2016.11.22 17:43:28.254,1.25349,1.25366,1.00,1.00
2016.11.22 17:43:31.362,1.25349,1.25367,1.00,1.00
2016.11.22 17:43:31.677,1.25347,1.25367,1.12,1.00
2016.11.22 17:43:34.906,1.25347,1.25365,1.00,1.00
2016.11.22 17:43:35.280,1.25346,1.25363,1.12,1.00
2016.11.22 17:43:35.763,1.25343,1.25363,1.00,1.12
2016.11.22 17:43:35.864,1.25346,1.25363,1.00,1.00
2016.11.22 17:43:36.067,1.25343,1.25361,1.00,1.00
2016.11.22 17:43:36.977,1.25344,1.25361,1.00,1.12
2016.11.22 17:43:37.997,1.25342,1.25362,1.00,1.12
2016.11.22 17:43:39.397,1.25342,1.25362,1.00,1.50
2016.11.22 17:43:40.726,1.25342,1.25362,1.00,3.00
2016.11.22 17:43:42.426,1.25341,1.2536,1.00,2.62
2016.11.22 17:43:42.961,1.2534,1.2536,1.50,2.62
2016.11.22 17:43:44.176,1.25342,1.2536,1.00,2.62
2016.11.22 17:43:44.227,1.25342,1.2536,1.00,1.00
2016.11.22 17:43:44.328,1.25346,1.25363,1.00,2.25
2016.11.22 17:43:44.531,1.25345,1.25365,1.50,1.50
2016.11.22 17:43:44.746,1.25345,1.25365,1.75,1.12
2016.11.22 17:43:45.294,1.25345,1.25365,1.87,1.37
2016.11.22 17:43:45.395,1.25348,1.25366,1.00,1.12
2016.11.22 17:43:48.191,1.25348,1.25368,1.12,1.37
2016.11.22 17:43:49.222,1.25347,1.25364,1.37,1.00
2016.11.22 17:43:49.324,1.25344,1.25364,1.50,1.12
2016.11.22 17:43:49.425,1.25344,1.25361,1.00,1.00
2016.11.22 17:43:50.011,1.25343,1.25361,1.00,1.00
2016.11.22 17:43:51.114,1.25347,1.25365,1.00,1.42
2016.11.22 17:43:51.367,1.25347,1.25367,1.00,1.00
2016.11.22 17:43:52.157,1.25349,1.25367,1.00,1.00
2016.11.22 17:43:53.665,1.2535,1.25367,1.00,1.00
2016.11.22 17:43:54.667,1.25349,1.25367,1.00,1.12
2016.11.22 17:43:55.949,1.25354,1.2537,1.00,1.12
2016.11.22 17:43:56.151,1.25359,1.25379,1.37,1.37
2016.11.22 17:43:56.202,1.25362,1.2538,1.00,2.25
2016.11.22 17:43:56.354,1.25362,1.2538,1.12,1.00
2016.11.22 17:43:56.405,1.25361,1.25377,1.37,1.00
2016.11.22 17:43:56.456,1.25363,1.25382,1.00,1.00
2016.11.22 17:43:56.811,1.25371,1.25382,1.00,1.00
2016.11.22 17:43:57.343,1.25371,1.25383,1.00,1.00
2016.11.22 17:43:58.804,1.2537,1.25384,1.00,1.00
2016.11.22 17:44:00.094,1.25371,1.25384,1.00,1.00
2016.11.22 17:44:00.398,1.2537,1.25381,1.00,1.00
2016.11.22 17:44:01.017,1.25365,1.25381,1.00,1.00
2016.11.22 17:44:02.174,1.2537,1.25381,1.00,1.00
2016.11.22 17:44:02.701,1.25371,1.25381,1.00,1.00
2016.11.22 17:44:03.351,1.25371,1.2538,1.00,1.00
2016.11.22 17:44:03.402,1.25365,1.2538,1.00,1.00
2016.11.22 17:44:03.608,1.2537,1.2538,1.00,1.00
2016.11.22 17:44:03.899,1.25366,1.2538,1.00,1.00
2016.11.22 17:44:04.396,1.25365,1.25382,1.00,1.00
2016.11.22 17:44:06.516,1.25361,1.25379,1.12,1.00
2016.11.22 17:44:06.567,1.25359,1.25377,1.00,1.00
2016.11.22 17:44:06.871,1.25361,1.25375,1.00,1.00
2016.11.22 17:44:07.182,1.25366,1.25375,1.00,1.00
2016.11.22 17:44:07.497,1.25366,1.25377,1.00,1.00
2016.11.22 17:44:09.697,1.25366,1.25378,1.00,1.00
2016.11.22 17:44:09.849,1.25366,1.25375,1.00,1.00
2016.11.22 17:44:10.392,1.25365,1.25375,1.00,1.00
2016.11.22 17:44:10.588,1.2536,1.25375,1.00,1.00
2016.11.22 17:44:10.740,1.25361,1.25373,1.00,1.00
2016.11.22 17:44:11.044,1.25355,1.25364,1.00,1.00
2016.11.22 17:44:11.728,1.25356,1.25364,1.00,1.00
2016.11.22 17:44:12.276,1.25355,1.25364,1.00,1.00
2016.11.22 17:44:15.248,1.25355,1.25363,1.00,1.00
2016.11.22 17:44:17.807,1.25356,1.25364,1.00,2.62
2016.11.22 17:44:17.940,1.25356,1.25364,1.00,1.12
2016.11.22 17:44:18.171,1.2535,1.25364,1.00,1.12
2016.11.22 17:44:18.973,1.25355,1.25364,1.00,1.12
2016.11.22 17:44:20.428,1.25355,1.2537,1.00,1.75
2016.11.22 17:44:20.530,1.25355,1.2537,1.00,1.00
2016.11.22 17:44:20.632,1.25361,1.2537,1.00,1.00
2016.11.22 17:44:20.953,1.25361,1.25372,1.00,1.00
2016.11.22 17:44:21.540,1.25361,1.2537,1.00,1.00
2016.11.22 17:44:21.744,1.25355,1.2537,1.00,1.12
2016.11.22 17:44:21.983,1.25361,1.2537,1.00,1.12
2016.11.22 17:44:23.835,1.2536,1.2537,1.00,1.12
2016.11.22 17:44:24.425,1.2536,1.25369,1.00,1.00
2016.11.22 17:44:24.672,1.25356,1.25369,1.00,1.00
2016.11.22 17:44:24.981,1.25356,1.25367,1.00,1.00
2016.11.22 17:44:29.143,1.25355,1.25372,1.00,1.42
2016.11.22 17:44:29.245,1.25365,1.25374,1.00,1.37
2016.11.22 17:44:29.296,1.25365,1.25374,1.00,1.00
2016.11.22 17:44:29.549,1.25361,1.25374,1.00,1.00
2016.11.22 17:44:30.175,1.25361,1.25373,1.00,1.00
2016.11.22 17:44:30.748,1.2536,1.25373,1.00,1.31
2016.11.22 17:44:31.263,1.25366,1.25374,1.00,1.00
2016.11.22 17:44:31.877,1.25366,1.25373,1.00,1.00
2016.11.22 17:44:32.653,1.25365,1.25374,1.00,1.12
2016.11.22 17:44:34.073,1.2536,1.25374,1.00,1.00
2016.11.22 17:44:34.873,1.2536,1.25376,1.00,1.00
2016.11.22 17:44:35.380,1.2536,1.25376,1.00,1.37
2016.11.22 17:44:36.036,1.25361,1.25376,1.00,1.37
2016.11.22 17:44:36.088,1.25366,1.25378,1.00,1.87
2016.11.22 17:44:36.241,1.25365,1.25379,1.00,1.00
2016.11.22 17:44:36.342,1.25365,1.25382,1.00,1.00
2016.11.22 17:44:36.885,1.25366,1.25382,1.00,1.00
2016.11.22 17:44:37.759,1.2537,1.25382,1.00,1.00
2016.11.22 17:44:38.260,1.2537,1.25383,1.00,1.00
2016.11.22 17:44:39.082,1.25363,1.25383,1.00,1.00
2016.11.22 17:44:39.133,1.25362,1.2538,1.12,1.00
2016.11.22 17:44:39.437,1.2537,1.25381,1.00,1.05
2016.11.22 17:44:42.451,1.2537,1.25379,1.00,1.00
2016.11.22 17:44:43.198,1.2537,1.25378,1.00,1.00
2016.11.22 17:44:43.300,1.25366,1.25378,1.00,1.12
2016.11.22 17:44:43.808,1.25366,1.25376,1.00,1.00
2016.11.22 17:44:45.525,1.25366,1.25378,1.00,1.12
2016.11.22 17:44:46.280,1.25365,1.25379,1.00,1.00
2016.11.22 17:44:46.382,1.25371,1.25379,1.00,1.00
2016.11.22 17:44:46.483,1.25366,1.25379,1.00,1.00
2016.11.22 17:44:46.535,1.25366,1.25377,1.00,1.00
2016.11.22 17:44:46.839,1.25366,1.25375,1.00,1.00
2016.11.22 17:44:46.992,1.25361,1.25375,1.00,1.00
2016.11.22 17:44:47.606,1.25361,1.25373,1.00,1.00
2016.11.22 17:44:48.099,1.25361,1.25375,1.00,1.00
2016.11.22 17:44:48.319,1.2536,1.25377,1.00,1.12
2016.11.22 17:44:50.625,1.25363,1.25381,1.00,1.37
2016.11.22 17:44:50.929,1.25366,1.25383,1.00,1.00
2016.11.22 17:44:51.283,1.25361,1.25382,1.12,1.12
2016.11.22 17:44:52.385,1.25361,1.25382,1.00,1.37
2016.11.22 17:44:53.776,1.25366,1.25382,1.00,1.37
2016.11.22 17:44:54.314,1.25366,1.25382,1.00,1.12
2016.11.22 17:44:54.617,1.25365,1.2538,1.00,1.00
2016.11.22 17:44:54.718,1.25365,1.25383,1.00,1.50
2016.11.22 17:44:54.769,1.25366,1.2538,1.00,1.37
2016.11.22 17:44:55.099,1.25366,1.25377,1.00,1.00
2016.11.22 17:44:55.535,1.25366,1.25382,1.00,1.87
2016.11.22 17:44:55.738,1.25366,1.25379,1.00,1.00
2016.11.22 17:44:56.343,1.2537,1.25379,1.00,1.00
2016.11.22 17:44:56.394,1.2537,1.25381,1.00,1.12
2016.11.22 17:44:58.930,1.25371,1.25381,1.00,1.00
2016.11.22 17:45:00.531,1.2537,1.25381,1.00,1.00
2016.11.22 17:45:01.602,1.2537,1.25382,1.00,1.00
2016.11.22 17:45:01.703,1.25371,1.25386,1.00,1.50
2016.11.22 17:45:01.754,1.25379,1.25386,1.00,1.50
2016.11.22 17:45:01.957,1.25381,1.25396,1.00,1.00
2016.11.22 17:45:02.158,1.25386,1.25396,1.00,1.00
2016.11.22 17:45:02.781,1.25386,1.25398,1.00,1.00
2016.11.22 17:45:04.152,1.25386,1.25399,1.00,1.00
2016.11.22 17:45:04.253,1.25391,1.25399,1.00,1.00
2016.11.22 17:45:05.154,1.25391,1.25398,1.00,1.00
2016.11.22 17:45:06.517,1.25391,1.25399,1.00,1.00
2016.11.22 17:45:06.568,1.25391,1.25402,1.00,1.12
2016.11.22 17:45:07.269,1.25385,1.25402,1.00,1.00
2016.11.22 17:45:07.569,1.2539,1.25403,1.00,1.00
2016.11.22 17:45:07.969,1.2539,1.25406,1.00,2.62
2016.11.22 17:45:08.073,1.25396,1.25406,1.00,1.12
2016.11.22 17:45:08.580,1.25395,1.25407,1.00,1.00
2016.11.22 17:45:09.153,1.25395,1.25408,1.00,1.00
2016.11.22 17:45:09.793,1.25391,1.25408,1.00,1.00
2016.11.22 17:45:09.946,1.25395,1.25409,1.00,1.12
2016.11.22 17:45:10.048,1.25395,1.25413,1.00,1.37
2016.11.22 17:45:10.563,1.25396,1.25414,1.31,1.87
2016.11.22 17:45:10.614,1.25396,1.25414,1.56,2.25
2016.11.22 17:45:10.917,1.25401,1.25416,1.00,1.50
2016.11.22 17:45:11.467,1.254,1.25416,1.56,1.50
2016.11.22 17:45:11.727,1.25398,1.25414,2.25,1.00
2016.11.22 17:45:12.185,1.25396,1.25414,1.56,1.00
2016.11.22 17:45:13.483,1.25396,1.25414,1.56,1.00
2016.11.22 17:45:16.260,1.25396,1.25413,1.56,1.00
2016.11.22 17:45:16.311,1.25396,1.25412,1.00,1.00
2016.11.22 17:45:16.842,1.25396,1.25409,1.00,1.00
2016.11.22 17:45:17.227,1.2539,1.25409,3.75,1.00
2016.11.22 17:45:18.137,1.2539,1.2541,3.75,1.00
2016.11.22 17:45:18.640,1.2539,1.25409,3.75,1.00
2016.11.22 17:45:19.345,1.2539,1.25403,3.00,1.00
2016.11.22 17:45:19.505,1.25391,1.25403,1.00,1.00
2016.11.22 17:45:19.758,1.2539,1.25406,1.31,1.87
2016.11.22 17:45:20.296,1.2539,1.25406,1.31,1.00
2016.11.22 17:45:20.347,1.2539,1.25408,1.31,1.00
2016.11.22 17:45:21.792,1.2539,1.25408,1.56,1.00
2016.11.22 17:45:23.521,1.2539,1.25408,1.31,1.00
2016.11.22 17:45:24.463,1.25391,1.25408,1.00,1.00
2016.11.22 17:45:24.968,1.25391,1.25408,1.56,1.00
2016.11.22 17:45:26.586,1.2539,1.25407,1.56,1.00
2016.11.22 17:45:26.637,1.2539,1.25407,1.00,1.00
2016.11.22 17:45:26.688,1.2539,1.25404,1.00,1.00
2016.11.22 17:45:26.739,1.2539,1.25406,1.00,1.00
2016.11.22 17:45:27.796,1.25391,1.25408,1.00,1.50
2016.11.22 17:45:28.049,1.25391,1.25408,1.31,1.00
2016.11.22 17:45:28.786,1.25391,1.25411,1.31,1.00
2016.11.22 17:45:28.837,1.25391,1.25411,1.56,1.00
2016.11.22 17:45:29.140,1.25395,1.25412,1.00,1.00
2016.11.22 17:45:29.623,1.25395,1.2541,1.00,1.00
2016.11.22 17:45:30.138,1.25395,1.25411,1.00,1.00
2016.11.22 17:45:30.771,1.25401,1.25411,1.00,1.00
2016.11.22 17:45:32.069,1.25401,1.25414,1.00,1.80
2016.11.22 17:45:32.326,1.25401,1.25417,1.00,1.00
2016.11.22 17:45:32.781,1.25405,1.2542,1.00,1.75
2016.11.22 17:45:33.287,1.25401,1.2542,1.00,1.75
2016.11.22 17:45:33.517,1.25406,1.2542,1.00,1.75
2016.11.22 17:45:33.922,1.25406,1.2542,1.00,1.00
2016.11.22 17:45:34.074,1.25406,1.25422,1.00,1.12
2016.11.22 17:45:35.697,1.25405,1.25422,1.31,1.12
2016.11.22 17:45:36.330,1.25405,1.25421,1.31,1.00
2016.11.22 17:45:36.839,1.25405,1.25422,1.31,1.12
2016.11.22 17:45:37.345,1.25406,1.25422,1.00,1.12
2016.11.22 17:45:37.869,1.25405,1.25422,1.00,1.12
2016.11.22 17:45:38.376,1.25406,1.25422,1.00,1.12
2016.11.22 17:45:38.904,1.25406,1.25421,1.00,1.00
2016.11.22 17:45:39.571,1.25406,1.25422,1.00,1.12
2016.11.22 17:45:48.331,1.25411,1.25423,1.00,1.87
2016.11.22 17:45:48.836,1.25405,1.25423,1.31,1.00
2016.11.22 17:45:49.449,1.25405,1.25424,1.31,1.00
2016.11.22 17:45:51.568,1.25406,1.25424,1.00,1.00
2016.11.22 17:45:51.665,1.25406,1.25424,1.75,1.00
2016.11.22 17:45:52.003,1.25416,1.25427,1.00,1.00
2016.11.22 17:45:52.587,1.25416,1.25428,1.00,1.00
2016.11.22 17:45:53.459,1.25416,1.25426,1.00,1.00
2016.11.22 17:45:53.663,1.25411,1.25425,1.00,1.00
2016.11.22 17:45:53.865,1.25416,1.25425,1.00,1.00
2016.11.22 17:45:54.352,1.2541,1.25425,1.00,1.00
2016.11.22 17:45:54.555,1.25415,1.25425,1.00,1.00
2016.11.22 17:45:54.757,1.2541,1.25428,1.00,1.12
2016.11.22 17:45:55.061,1.25415,1.25428,1.00,1.00
2016.11.22 17:45:56.661,1.25416,1.25427,1.00,1.00
2016.11.22 17:45:56.763,1.25416,1.25431,1.00,1.12
2016.11.22 17:45:57.247,1.25415,1.25424,1.00,1.00
2016.11.22 17:45:57.451,1.2541,1.25424,1.00,1.00
2016.11.22 17:45:57.958,1.25411,1.25424,1.00,1.00
2016.11.22 17:45:58.009,1.25411,1.25422,1.00,1.00
2016.11.22 17:45:58.538,1.25411,1.25423,1.00,1.00
2016.11.22 17:45:59.778,1.25411,1.25421,1.00,1.00
2016.11.22 17:45:59.961,1.25406,1.25421,1.00,1.00
2016.11.22 17:46:00.013,1.25406,1.25418,1.00,1.00
2016.11.22 17:46:00.240,1.25405,1.25421,1.00,1.12
2016.11.22 17:46:00.291,1.25411,1.25421,1.00,1.12
2016.11.22 17:46:01.349,1.25406,1.25419,1.00,1.00
2016.11.22 17:46:02.303,1.25406,1.25421,1.00,1.42
2016.11.22 17:46:03.445,1.25405,1.25421,1.00,1.42
2016.11.22 17:46:04.784,1.25411,1.25421,1.00,1.42
2016.11.22 17:46:05.659,1.25406,1.25421,1.00,1.12
2016.11.22 17:46:05.761,1.25406,1.25419,1.00,1.00
2016.11.22 17:46:06.268,1.25406,1.25418,1.00,1.00
2016.11.22 17:46:06.597,1.25406,1.25416,1.00,1.00
2016.11.22 17:46:06.916,1.25406,1.25414,1.00,1.00
2016.11.22 17:46:07.776,1.25406,1.25416,1.00,1.00
2016.11.22 17:46:08.929,1.25406,1.25417,1.00,1.00
2016.11.22 17:46:09.858,1.25405,1.25417,1.00,1.00
2016.11.22 17:46:09.910,1.25405,1.25419,1.00,1.00
2016.11.22 17:46:10.439,1.25406,1.25419,1.00,1.00
2016.11.22 17:46:10.650,1.25408,1.25426,1.00,2.62
2016.11.22 17:46:10.701,1.2541,1.25426,1.00,1.50
2016.11.22 17:46:10.752,1.2541,1.25426,1.00,1.00
2016.11.22 17:46:10.904,1.2541,1.25428,1.50,1.12
2016.11.22 17:46:12.034,1.2541,1.25426,1.00,1.00
2016.11.22 17:46:12.361,1.2541,1.25421,1.00,1.00
2016.11.22 17:46:12.852,1.25403,1.25421,1.25,1.00
2016.11.22 17:46:14.964,1.25406,1.25421,1.00,1.00
2016.11.22 17:46:16.684,1.25406,1.2542,1.00,1.00
2016.11.22 17:46:18.294,1.2541,1.2542,1.00,1.00
2016.11.22 17:46:18.396,1.25406,1.25418,1.00,1.00
2016.11.22 17:46:18.905,1.25405,1.25418,1.00,1.00
2016.11.22 17:46:20.575,1.25405,1.2542,1.00,1.00
2016.11.22 17:46:21.578,1.25405,1.25418,1.00,1.00
2016.11.22 17:46:22.649,1.25405,1.25419,1.00,1.00
2016.11.22 17:46:25.115,1.25401,1.25419,1.00,1.00
2016.11.22 17:46:25.980,1.25406,1.25419,1.00,1.00
2016.11.22 17:46:26.547,1.25406,1.2542,1.00,1.00
2016.11.22 17:46:28.672,1.25406,1.25418,1.00,1.00
2016.11.22 17:46:28.723,1.25401,1.25418,1.00,1.00
2016.11.22 17:46:33.545,1.25401,1.25418,1.56,1.00
2016.11.22 17:46:34.440,1.25401,1.25418,1.00,1.00
2016.11.22 17:46:37.000,1.25406,1.25415,1.00,1.00
2016.11.22 17:46:37.101,1.25401,1.25415,1.00,1.00
2016.11.22 17:46:37.607,1.25401,1.25416,1.00,1.00
2016.11.22 17:46:38.019,1.25406,1.25416,1.00,1.00
2016.11.22 17:46:38.335,1.25401,1.25415,1.00,1.00
2016.11.22 17:46:38.873,1.254,1.25415,1.00,1.00
2016.11.22 17:46:39.380,1.254,1.25417,1.00,1.00
2016.11.22 17:46:39.481,1.25402,1.25417,1.00,1.00
2016.11.22 17:46:39.785,1.25405,1.25419,1.00,1.00
2016.11.22 17:46:40.298,1.25406,1.25419,1.00,1.00
2016.11.22 17:46:41.500,1.25405,1.25419,1.00,1.00
2016.11.22 17:46:41.804,1.2541,1.25423,1.00,1.00
2016.11.22 17:46:41.906,1.25406,1.25423,1.00,1.00
2016.11.22 17:46:43.298,1.25409,1.25426,1.00,1.00
2016.11.22 17:46:43.603,1.25426,1.2544,1.00,1.75
2016.11.22 17:46:43.654,1.25428,1.25445,1.00,1.50
2016.11.22 17:46:43.705,1.25431,1.25445,1.00,1.00
2016.11.22 17:46:44.211,1.2543,1.25445,1.00,1.00
2016.11.22 17:46:44.745,1.2543,1.25444,1.00,1.00
2016.11.22 17:46:46.796,1.2543,1.25445,1.00,1.00
2016.11.22 17:46:47.228,1.25425,1.25443,1.50,1.00
2016.11.22 17:46:47.279,1.25425,1.25443,2.25,1.00
2016.11.22 17:46:47.381,1.25425,1.25443,1.50,1.00
2016.11.22 17:46:47.483,1.25424,1.25441,1.00,1.00
2016.11.22 17:46:49.008,1.25423,1.2544,1.00,1.00
2016.11.22 17:46:49.312,1.25418,1.25435,1.50,1.00
2016.11.22 17:46:49.900,1.25418,1.25435,1.00,1.00
2016.11.22 17:46:50.001,1.25416,1.25435,1.50,1.00
2016.11.22 17:46:50.703,1.25418,1.25435,1.00,1.00
2016.11.22 17:46:51.007,1.25424,1.25441,1.31,1.00
2016.11.22 17:46:52.282,1.25421,1.25441,2.25,1.00
2016.11.22 17:46:52.701,1.25421,1.25441,1.00,1.00
2016.11.22 17:46:53.226,1.25422,1.25441,1.00,1.00
2016.11.22 17:46:53.328,1.25429,1.25443,1.00,1.00
2016.11.22 17:46:53.581,1.25431,1.25446,1.00,1.00
2016.11.22 17:46:53.820,1.25436,1.25446,1.00,1.00
2016.11.22 17:46:54.022,1.2543,1.25444,1.00,1.00
2016.11.22 17:46:54.174,1.25431,1.25438,1.00,1.00
2016.11.22 17:46:54.225,1.25426,1.25438,1.00,1.00
2016.11.22 17:46:54.745,1.25425,1.25437,1.00,1.00
2016.11.22 17:46:56.119,1.25426,1.25437,1.00,1.00
2016.11.22 17:46:56.721,1.25425,1.25437,1.00,1.00
2016.11.22 17:46:57.506,1.25425,1.2544,1.00,1.00
2016.11.22 17:46:58.057,1.25426,1.2544,1.00,1.00
2016.11.22 17:46:58.572,1.25426,1.25441,1.00,1.00
2016.11.22 17:47:00.346,1.25426,1.25442,1.00,1.00
2016.11.22 17:47:00.498,1.25426,1.25442,1.56,1.00
2016.11.22 17:47:01.003,1.25426,1.25441,1.56,1.00
2016.11.22 17:47:01.284,1.25426,1.25443,1.56,1.00
2016.11.22 17:47:02.230,1.25426,1.25441,1.56,1.00
2016.11.22 17:47:02.799,1.25426,1.25444,1.56,1.00
2016.11.22 17:47:02.850,1.25426,1.25442,1.56,1.00
2016.11.22 17:47:03.001,1.25426,1.25445,1.56,1.00
2016.11.22 17:47:04.171,1.25426,1.25445,1.56,1.00
2016.11.22 17:47:05.360,1.25426,1.25444,1.56,1.00
2016.11.22 17:47:05.411,1.25426,1.2544,1.00,1.00
2016.11.22 17:47:05.513,1.25421,1.25438,1.56,1.00
2016.11.22 17:47:05.615,1.25421,1.2544,2.06,1.00
2016.11.22 17:47:05.716,1.25423,1.25442,1.56,1.00
2016.11.22 17:47:06.247,1.25421,1.25441,1.56,1.00
2016.11.22 17:47:06.687,1.25427,1.25445,1.56,1.75
2016.11.22 17:47:07.001,1.25431,1.25441,1.00,1.00
2016.11.22 17:47:07.053,1.25423,1.25441,1.69,1.00
2016.11.22 17:47:07.104,1.25421,1.25439,1.56,1.00
2016.11.22 17:47:07.409,1.2542,1.25437,1.56,1.00
2016.11.22 17:47:07.511,1.25421,1.25437,1.00,1.00
2016.11.22 17:47:08.067,1.2542,1.25438,1.00,1.50
2016.11.22 17:47:09.668,1.25421,1.25438,1.00,1.50
2016.11.22 17:47:10.128,1.25423,1.25438,1.00,1.00
2016.11.22 17:47:10.327,1.25423,1.2544,1.31,1.00
2016.11.22 17:47:11.598,1.2542,1.25437,2.06,1.00
2016.11.22 17:47:11.750,1.25415,1.25433,1.75,1.00
2016.11.22 17:47:11.852,1.25415,1.25433,1.00,1.00
2016.11.22 17:47:11.903,1.25416,1.25435,1.00,1.00
2016.11.22 17:47:11.954,1.25421,1.25435,1.00,1.00
2016.11.22 17:47:12.519,1.25421,1.25435,1.00,1.50
2016.11.22 17:47:12.846,1.25421,1.25431,1.00,1.00
2016.11.22 17:47:12.972,1.25416,1.25432,1.00,1.00
2016.11.22 17:47:13.638,1.25416,1.25433,1.50,1.00
2016.11.22 17:47:14.555,1.25421,1.25436,1.00,1.87
2016.11.22 17:47:14.657,1.25416,1.25434,1.50,1.00
2016.11.22 17:47:16.248,1.25413,1.2543,1.00,1.00
2016.11.22 17:47:16.400,1.2541,1.25429,1.50,1.00
2016.11.22 17:47:16.906,1.25411,1.25431,1.00,1.80
2016.11.22 17:47:16.957,1.25415,1.25431,1.00,1.30
2016.11.22 17:47:17.058,1.25415,1.25432,1.50,1.12
2016.11.22 17:47:18.576,1.25415,1.2543,1.00,1.00
2016.11.22 17:47:18.830,1.2541,1.25429,1.87,1.00
2016.11.22 17:47:19.453,1.25411,1.25429,1.00,1.00
2016.11.22 17:47:19.752,1.25411,1.25427,1.00,1.00
2016.11.22 17:47:19.913,1.25411,1.25429,1.00,1.00
2016.11.22 17:47:20.992,1.25412,1.25429,1.00,1.00
2016.11.22 17:47:21.235,1.25416,1.25429,1.00,1.00
2016.11.22 17:47:21.517,1.25412,1.25429,1.00,1.00
2016.11.22 17:47:24.060,1.25413,1.2543,1.00,1.00
2016.11.22 17:47:26.528,1.25413,1.25432,1.00,1.87
2016.11.22 17:47:26.823,1.25416,1.25432,1.00,1.87
2016.11.22 17:47:27.330,1.25415,1.25432,1.50,1.87
2016.11.22 17:47:30.650,1.25415,1.25433,1.00,1.12
2016.11.22 17:47:31.477,1.25415,1.2543,1.00,1.00
2016.11.22 17:47:31.730,1.2541,1.2543,1.50,1.00
2016.11.22 17:47:32.035,1.25414,1.25431,1.00,1.12
2016.11.22 17:47:32.187,1.25416,1.25434,1.00,1.00
2016.11.22 17:47:32.238,1.2542,1.25434,1.00,1.00
2016.11.22 17:47:32.421,1.2542,1.25437,1.00,1.37
2016.11.22 17:47:33.130,1.2542,1.25435,1.00,1.00
2016.11.22 17:47:35.564,1.25418,1.25435,1.00,1.00
2016.11.22 17:47:35.666,1.25421,1.25435,1.00,1.00
2016.11.22 17:47:35.717,1.25421,1.25438,1.00,1.00
2016.11.22 17:47:37.437,1.25426,1.25438,1.00,1.00
2016.11.22 17:47:37.880,1.25421,1.25438,1.00,1.00
2016.11.22 17:47:38.631,1.2542,1.25438,1.50,1.00
2016.11.22 17:47:38.935,1.25425,1.25438,1.00,1.00
2016.11.22 17:47:39.512,1.25426,1.25437,1.00,1.00
2016.11.22 17:47:40.163,1.25426,1.25438,1.00,1.00
2016.11.22 17:47:40.366,1.25421,1.25438,1.50,1.12
2016.11.22 17:47:40.467,1.25426,1.25438,1.00,1.12
2016.11.22 17:47:41.061,1.25425,1.25438,1.00,1.00
2016.11.22 17:47:41.163,1.2542,1.25435,1.00,1.00
2016.11.22 17:47:41.214,1.2542,1.25433,1.00,1.00
2016.11.22 17:47:41.416,1.25421,1.25435,1.00,1.00
2016.11.22 17:47:41.568,1.25421,1.25433,1.00,1.00
2016.11.22 17:47:42.098,1.25421,1.25432,1.00,1.12
2016.11.22 17:47:42.149,1.25414,1.25432,1.00,1.12
2016.11.22 17:47:42.932,1.25413,1.25431,1.00,1.56
2016.11.22 17:47:43.236,1.25413,1.25429,1.00,3.00
2016.11.22 17:47:43.287,1.25411,1.25429,1.50,3.00
2016.11.22 17:47:43.337,1.25411,1.25428,1.00,3.00
2016.11.22 17:47:43.641,1.25411,1.2543,1.50,3.75
2016.11.22 17:47:43.904,1.25413,1.2543,1.00,1.56
2016.11.22 17:47:46.886,1.25412,1.2543,1.00,1.56
2016.11.22 17:47:48.044,1.25412,1.2543,1.00,1.56
2016.11.22 17:47:48.625,1.25415,1.25432,1.00,1.61
2016.11.22 17:47:48.727,1.25416,1.25433,1.00,1.24
2016.11.22 17:47:48.778,1.25421,1.25434,1.00,1.56
2016.11.22 17:47:48.981,1.25416,1.25434,1.50,1.56
2016.11.22 17:47:49.082,1.25416,1.25431,1.00,1.00
2016.11.22 17:47:49.411,1.25416,1.2543,1.00,3.00
2016.11.22 17:47:49.857,1.25411,1.25428,1.50,1.56
2016.11.22 17:47:50.415,1.25411,1.25428,1.00,4.12
2016.11.22 17:47:52.055,1.2541,1.25427,1.00,1.56
2016.11.22 17:47:52.589,1.25411,1.25428,1.00,1.56
2016.11.22 17:47:53.298,1.25411,1.25425,1.00,1.00
2016.11.22 17:47:53.349,1.25406,1.25423,1.00,1.00
2016.11.22 17:47:53.400,1.25406,1.25421,1.00,1.00
2016.11.22 17:47:53.763,1.25406,1.25419,1.00,1.00
2016.11.22 17:47:54.547,1.25406,1.25421,1.00,1.00
2016.11.22 17:47:55.194,1.25406,1.25423,1.00,1.00
2016.11.22 17:47:55.245,1.25411,1.25423,1.00,1.00
2016.11.22 17:47:55.368,1.25405,1.25423,1.00,1.00
2016.11.22 17:47:55.624,1.2541,1.25423,1.00,1.00
2016.11.22 17:47:56.189,1.25411,1.25423,1.00,1.00
2016.11.22 17:47:56.515,1.2541,1.25425,1.00,2.06
2016.11.22 17:47:58.869,1.2541,1.25424,1.00,1.00
2016.11.22 17:47:59.138,1.25406,1.25424,1.00,1.31
2016.11.22 17:47:59.240,1.25405,1.25422,1.50,1.31
2016.11.22 17:47:59.545,1.25407,1.25424,1.00,1.37
2016.11.22 17:48:00.050,1.25406,1.2542,1.00,1.00
2016.11.22 17:48:00.448,1.25401,1.25418,1.12,1.00
2016.11.22 17:48:00.549,1.25406,1.25418,1.00,1.00
2016.11.22 17:48:00.752,1.25401,1.25418,1.87,1.00
2016.11.22 17:48:01.072,1.25405,1.25421,1.00,1.00
2016.11.22 17:48:01.173,1.25407,1.25424,1.00,1.00
2016.11.22 17:48:01.803,1.25408,1.25426,1.00,1.00
2016.11.22 17:48:01.956,1.2541,1.25426,1.00,1.00
2016.11.22 17:48:02.147,1.25408,1.25426,1.00,1.00
2016.11.22 17:48:02.652,1.25407,1.25426,1.00,1.00
2016.11.22 17:48:03.125,1.25411,1.25426,1.00,1.00
2016.11.22 17:48:04.649,1.2541,1.25426,1.00,1.00
2016.11.22 17:48:06.170,1.25411,1.25426,1.00,1.00
2016.11.22 17:48:06.502,1.25411,1.25424,1.00,1.00
2016.11.22 17:48:06.658,1.25407,1.25424,1.00,1.00
2016.11.22 17:48:07.012,1.25406,1.2542,1.00,1.00
2016.11.22 17:48:07.063,1.25402,1.25419,1.12,1.00
2016.11.22 17:48:07.164,1.254,1.25415,1.12,1.00
2016.11.22 17:48:07.998,1.254,1.25416,1.00,1.00
2016.11.22 17:48:08.585,1.25401,1.25416,1.00,1.00
2016.11.22 17:48:09.269,1.25406,1.25416,1.00,1.00
2016.11.22 17:48:09.817,1.25406,1.25418,1.00,1.00
2016.11.22 17:48:09.868,1.25406,1.2542,1.00,1.12
2016.11.22 17:48:10.071,1.25406,1.25422,1.00,1.00
2016.11.22 17:48:10.852,1.25405,1.25422,1.00,1.00
2016.11.22 17:48:11.057,1.25406,1.2542,1.00,1.00
2016.11.22 17:48:11.218,1.25406,1.25423,1.50,1.00
2016.11.22 17:48:12.062,1.25407,1.25425,1.00,1.00
2016.11.22 17:48:13.039,1.25407,1.25424,1.00,1.00
2016.11.22 17:48:15.698,1.25408,1.25427,1.00,1.00
2016.11.22 17:48:15.852,1.25407,1.25425,1.00,1.00
2016.11.22 17:48:16.847,1.25408,1.25425,1.00,1.00
2016.11.22 17:48:23.215,1.25407,1.25424,1.00,1.00
2016.11.22 17:48:27.080,1.25406,1.25424,1.00,1.00
2016.11.22 17:48:27.619,1.25406,1.25425,1.00,1.00
2016.11.22 17:48:28.211,1.25405,1.25425,1.87,1.00
2016.11.22 17:48:29.330,1.25406,1.25423,1.00,1.00
2016.11.22 17:48:29.650,1.25405,1.25425,1.87,1.00
2016.11.22 17:48:30.199,1.25406,1.25426,1.00,1.00
2016.11.22 17:48:34.118,1.25406,1.25424,1.00,1.00
2016.11.22 17:48:34.422,1.25406,1.25426,1.50,1.00
2016.11.22 17:48:34.472,1.25411,1.25426,1.00,1.00
2016.11.22 17:48:36.517,1.25406,1.25426,1.00,1.00
2016.11.22 17:48:37.633,1.25411,1.25426,1.00,1.00
2016.11.22 17:48:40.265,1.25407,1.25426,1.00,1.00
2016.11.22 17:48:40.896,1.25405,1.25425,1.50,1.00
2016.11.22 17:48:41.414,1.25406,1.25425,1.00,1.00
2016.11.22 17:48:41.924,1.25405,1.25422,1.00,1.00
2016.11.22 17:48:42.025,1.25401,1.25421,3.00,1.00
2016.11.22 17:48:44.022,1.25402,1.25419,1.00,1.00
2016.11.22 17:48:45.014,1.25401,1.25421,1.00,1.00
2016.11.22 17:48:46.015,1.25401,1.2542,1.00,1.00
2016.11.22 17:48:48.070,1.25401,1.25421,1.50,1.00
2016.11.22 17:48:51.299,1.25407,1.25424,1.56,1.50
2016.11.22 17:48:51.451,1.25412,1.2543,1.00,1.00
2016.11.22 17:48:51.814,1.25409,1.25429,1.00,1.00
2016.11.22 17:48:52.534,1.2541,1.25429,1.00,1.00
2016.11.22 17:48:54.073,1.25411,1.25429,1.00,1.00
2016.11.22 17:48:54.734,1.2541,1.25428,1.50,1.00
2016.11.22 17:48:55.280,1.25411,1.25428,1.00,1.37
2016.11.22 17:48:55.802,1.2541,1.25428,1.00,1.37
2016.11.22 17:48:56.550,1.25407,1.25427,1.00,1.12
2016.11.22 17:48:56.601,1.25405,1.25425,3.00,1.37
2016.11.22 17:48:57.107,1.25407,1.25424,1.00,1.00
2016.11.22 17:48:57.693,1.25408,1.25425,1.00,1.12
2016.11.22 17:48:58.221,1.25409,1.25427,1.00,2.92
2016.11.22 17:48:58.578,1.2541,1.25427,1.00,1.00
2016.11.22 17:48:58.933,1.25416,1.25427,1.00,1.00
2016.11.22 17:48:59.085,1.25416,1.25429,1.00,1.00
2016.11.22 17:49:00.003,1.25416,1.25431,1.00,1.12
2016.11.22 17:49:00.433,1.25416,1.25429,1.00,1.00
2016.11.22 17:49:00.637,1.2541,1.25427,1.00,1.00
2016.11.22 17:49:03.019,1.2541,1.25422,1.00,1.00
2016.11.22 17:49:03.171,1.25405,1.25422,1.87,1.00
2016.11.22 17:49:03.729,1.25408,1.25426,1.00,2.25
2016.11.22 17:49:03.933,1.2541,1.25427,1.00,1.12
2016.11.22 17:49:04.142,1.25408,1.25427,1.00,2.62
2016.11.22 17:49:04.666,1.25407,1.25425,1.00,1.00
2016.11.22 17:49:05.168,1.25408,1.25426,1.00,1.12
2016.11.22 17:49:08.750,1.25408,1.25425,1.00,1.12
2016.11.22 17:49:09.634,1.25407,1.25427,1.00,3.22
2016.11.22 17:49:09.925,1.25407,1.25427,1.00,1.00
2016.11.22 17:49:10.077,1.25411,1.25427,1.00,1.37
2016.11.22 17:49:14.954,1.2541,1.25426,1.00,1.12
2016.11.22 17:49:15.260,1.25408,1.25426,1.00,1.12
2016.11.22 17:49:15.311,1.25406,1.25425,1.50,1.00
2016.11.22 17:49:15.361,1.25406,1.25423,1.00,1.00
2016.11.22 17:49:17.861,1.25405,1.25425,1.50,1.50
2016.11.22 17:49:18.544,1.25405,1.25425,1.50,1.50
2016.11.22 17:49:19.202,1.25406,1.25426,1.00,1.50
2016.11.22 17:49:20.647,1.25407,1.25426,1.00,1.50
2016.11.22 17:49:21.949,1.25406,1.25424,1.00,1.00
2016.11.22 17:49:24.029,1.25408,1.25426,1.00,1.87
2016.11.22 17:49:24.259,1.25403,1.25423,2.81,1.12
2016.11.22 17:49:24.563,1.25403,1.25423,1.00,1.37
2016.11.22 17:49:25.181,1.25402,1.25422,1.00,1.37
2016.11.22 17:49:25.690,1.25404,1.25423,1.00,3.00
2016.11.22 17:49:25.741,1.25404,1.25423,1.00,1.12
2016.11.22 17:49:25.843,1.25406,1.25423,1.00,1.00
2016.11.22 17:49:25.962,1.25404,1.25423,1.00,1.00
2016.11.22 17:49:26.647,1.25404,1.25424,1.00,1.00
2016.11.22 17:49:27.703,1.25406,1.25424,1.00,1.00
2016.11.22 17:49:28.210,1.25407,1.25425,1.00,1.12
2016.11.22 17:49:30.137,1.25406,1.25424,1.00,1.00
2016.11.22 17:49:30.451,1.25408,1.25425,1.00,1.00
2016.11.22 17:49:31.027,1.25411,1.25425,1.00,1.00
2016.11.22 17:49:31.078,1.25411,1.25428,1.00,1.12
2016.11.22 17:49:31.129,1.25415,1.25428,1.00,1.87
2016.11.22 17:49:31.679,1.25415,1.25428,1.00,1.00
2016.11.22 17:49:32.926,1.25411,1.25428,1.00,1.00
2016.11.22 17:49:36.930,1.2541,1.25428,1.50,1.00
2016.11.22 17:49:37.110,1.2541,1.25426,1.00,1.00
2016.11.22 17:49:37.675,1.25411,1.25425,1.00,1.00
2016.11.22 17:49:37.947,1.25407,1.25425,1.00,1.00
2016.11.22 17:49:41.278,1.25405,1.25425,1.50,1.00
2016.11.22 17:49:41.796,1.25406,1.25424,1.00,1.00
2016.11.22 17:49:41.897,1.25406,1.25421,1.00,1.00
2016.11.22 17:49:42.200,1.25406,1.25419,1.00,1.00
2016.11.22 17:49:43.329,1.25406,1.25421,1.00,1.12
2016.11.22 17:49:43.430,1.25407,1.25424,1.00,1.67
2016.11.22 17:49:43.481,1.25411,1.25425,1.00,1.87
2016.11.22 17:49:43.532,1.25411,1.25425,1.00,1.00
2016.11.22 17:49:43.985,1.25407,1.25425,1.00,1.12
2016.11.22 17:49:44.036,1.25405,1.25423,1.50,1.00
2016.11.22 17:49:44.741,1.25406,1.25424,1.00,1.37
2016.11.22 17:49:45.395,1.25406,1.25424,1.00,1.00
2016.11.22 17:49:46.106,1.25407,1.25425,1.00,1.12
2016.11.22 17:49:47.291,1.25407,1.25425,1.00,1.37
2016.11.22 17:49:47.803,1.25406,1.25423,1.00,1.00
2016.11.22 17:49:48.686,1.25406,1.25422,1.00,1.00
2016.11.22 17:49:49.333,1.25405,1.25422,1.00,1.00
2016.11.22 17:49:49.876,1.25406,1.25421,1.00,1.00
2016.11.22 17:49:50.181,1.25411,1.25425,1.00,1.56
2016.11.22 17:49:50.436,1.25406,1.25421,1.00,1.00
2016.11.22 17:49:51.944,1.25405,1.25423,1.50,1.00
2016.11.22 17:49:52.046,1.25406,1.25425,1.00,1.00
2016.11.22 17:49:52.097,1.25406,1.25423,1.00,1.00
2016.11.22 17:49:52.249,1.25404,1.25423,1.12,1.12
2016.11.22 17:49:52.652,1.25406,1.25423,1.00,1.00
2016.11.22 17:49:53.231,1.25406,1.25422,1.00,1.00
2016.11.22 17:49:53.996,1.25406,1.25423,1.00,1.00
2016.11.22 17:49:55.435,1.25405,1.25423,1.00,1.00
2016.11.22 17:49:56.126,1.25406,1.25425,1.00,1.00
2016.11.22 17:49:56.232,1.2541,1.25425,1.00,1.00
2016.11.22 17:49:56.333,1.25406,1.25425,1.50,1.12
2016.11.22 17:49:56.434,1.25406,1.25423,1.50,1.00
2016.11.22 17:49:56.485,1.25406,1.25426,1.50,1.12
2016.11.22 17:49:56.536,1.25409,1.25426,1.00,1.37
2016.11.22 17:49:57.043,1.25409,1.25426,1.00,1.00
2016.11.22 17:49:59.322,1.2541,1.25427,1.00,1.00
2016.11.22 17:49:59.921,1.2541,1.25429,1.00,1.12
2016.11.22 17:50:00.328,1.2541,1.25427,1.50,1.00
2016.11.22 17:50:00.875,1.25411,1.25424,1.00,1.00
2016.11.22 17:50:01.638,1.25405,1.25424,1.50,1.00
2016.11.22 17:50:01.841,1.25403,1.2542,1.00,1.00
2016.11.22 17:50:02.819,1.25402,1.25419,1.00,1.00
2016.11.22 17:50:05.167,1.25401,1.25418,1.50,1.00
2016.11.22 17:50:05.850,1.25401,1.2542,1.50,1.00
2016.11.22 17:50:06.919,1.254,1.25419,1.87,1.00
2016.11.22 17:50:07.665,1.25402,1.25419,1.00,1.00
2016.11.22 17:50:08.031,1.25402,1.25422,1.00,1.05
2016.11.22 17:50:08.082,1.25404,1.25423,1.00,1.30
2016.11.22 17:50:08.133,1.25405,1.25424,1.00,1.50
2016.11.22 17:50:08.729,1.25407,1.25425,1.00,1.00
2016.11.22 17:50:09.275,1.25408,1.25425,1.00,1.00
2016.11.22 17:50:09.427,1.25406,1.25425,1.50,1.00
2016.11.22 17:50:10.016,1.25406,1.25424,1.50,1.00
2016.11.22 17:50:10.219,1.25409,1.25426,1.00,1.12
2016.11.22 17:50:11.024,1.2541,1.25428,1.00,1.00
2016.11.22 17:50:11.800,1.25408,1.25427,1.00,1.00
2016.11.22 17:50:11.851,1.25411,1.25427,1.00,1.00
2016.11.22 17:50:12.352,1.25409,1.25427,1.00,1.50
2016.11.22 17:50:12.874,1.25408,1.25425,1.00,1.00
2016.11.22 17:50:13.872,1.25409,1.25426,1.00,1.00
2016.11.22 17:50:15.016,1.25409,1.25428,1.00,1.00
2016.11.22 17:50:15.617,1.25408,1.25427,1.00,1.00
2016.11.22 17:50:15.668,1.25411,1.25426,1.00,1.00
2016.11.22 17:50:16.604,1.25411,1.25428,1.00,1.00
2016.11.22 17:50:16.655,1.25418,1.25431,1.00,1.87
2016.11.22 17:50:16.757,1.25418,1.25438,1.00,1.12
2016.11.22 17:50:16.859,1.25419,1.25436,1.00,1.00
2016.11.22 17:50:17.018,1.25418,1.25439,1.12,1.00
2016.11.22 17:50:17.070,1.25421,1.25439,1.00,1.31
2016.11.22 17:50:17.373,1.25417,1.25436,1.00,1.37
2016.11.22 17:50:17.716,1.25416,1.25431,1.00,1.12
2016.11.22 17:50:17.767,1.2541,1.25431,3.00,1.12
2016.11.22 17:50:18.110,1.25411,1.25428,1.00,1.00
2016.11.22 17:50:18.493,1.25413,1.2543,1.00,1.00
2016.11.22 17:50:19.682,1.25412,1.25429,1.00,1.00
2016.11.22 17:50:22.920,1.25413,1.25431,1.00,1.00
2016.11.22 17:50:23.072,1.25416,1.25431,1.00,1.00
2016.11.22 17:50:23.598,1.25415,1.25432,1.50,1.00
2016.11.22 17:50:26.891,1.25416,1.25434,1.50,1.12
2016.11.22 17:50:27.430,1.25416,1.25434,1.50,1.37
2016.11.22 17:50:27.994,1.25416,1.25434,1.50,1.12
2016.11.22 17:50:28.363,1.25416,1.25434,1.50,2.62
2016.11.22 17:50:28.958,1.25416,1.25434,1.50,1.12
2016.11.22 17:50:31.193,1.25415,1.25434,1.00,1.12
2016.11.22 17:50:32.244,1.25415,1.25435,1.00,1.00
2016.11.22 17:50:32.793,1.25414,1.25434,1.00,1.12
2016.11.22 17:50:34.864,1.25413,1.25433,1.50,2.62
2016.11.22 17:50:35.285,1.25413,1.25431,1.50,1.87
2016.11.22 17:50:35.755,1.25413,1.25433,1.50,1.37
2016.11.22 17:50:40.347,1.25413,1.25433,1.50,1.37
2016.11.22 17:50:40.992,1.25413,1.25433,1.50,1.37
2016.11.22 17:50:41.043,1.25414,1.25433,1.00,1.12
2016.11.22 17:50:41.246,1.25415,1.25435,1.00,1.00
2016.11.22 17:50:41.895,1.25416,1.25435,1.00,1.00
2016.11.22 17:50:42.047,1.25416,1.25431,1.00,1.00
2016.11.22 17:50:42.098,1.25412,1.25429,1.00,1.00
2016.11.22 17:50:42.200,1.25415,1.25429,1.00,1.00
2016.11.22 17:50:42.758,1.25411,1.25429,1.87,1.00
2016.11.22 17:50:43.022,1.25415,1.25429,1.00,1.00
2016.11.22 17:50:43.343,1.25411,1.25429,1.12,1.00
2016.11.22 17:50:44.125,1.2541,1.25428,1.37,1.00
2016.11.22 17:50:44.782,1.25411,1.25429,1.12,1.00
2016.11.22 17:50:45.504,1.25412,1.2543,1.00,1.00
2016.11.22 17:50:46.103,1.25411,1.2543,1.87,1.00
2016.11.22 17:50:46.340,1.25415,1.2543,1.00,1.00
2016.11.22 17:50:46.542,1.25411,1.25431,1.87,1.00
2016.11.22 17:50:46.861,1.25415,1.25431,1.00,1.00
2016.11.22 17:50:47.191,1.25415,1.25429,1.00,1.00
2016.11.22 17:50:47.242,1.25415,1.25431,1.00,1.12
2016.11.22 17:50:47.909,1.25415,1.25429,1.00,1.00
2016.11.22 17:50:50.624,1.25415,1.25432,1.50,1.80
2016.11.22 17:50:50.877,1.25416,1.25434,1.50,1.12
2016.11.22 17:50:50.928,1.25418,1.25435,1.00,1.50
2016.11.22 17:50:50.979,1.25416,1.25434,1.00,1.12
2016.11.22 17:50:51.029,1.25421,1.25434,1.00,1.12
2016.11.22 17:50:51.720,1.25421,1.25435,1.00,1.12
2016.11.22 17:50:52.521,1.25421,1.25436,1.00,1.00
2016.11.22 17:50:53.070,1.2542,1.25435,1.00,1.00
2016.11.22 17:50:53.860,1.25416,1.25435,1.00,1.00
2016.11.22 17:50:53.911,1.25415,1.25431,1.00,1.00
2016.11.22 17:50:54.090,1.25416,1.25434,1.00,1.37
2016.11.22 17:50:54.595,1.25415,1.25435,1.50,1.37
2016.11.22 17:50:54.781,1.25415,1.25432,1.50,1.00
2016.11.22 17:50:55.094,1.25416,1.25427,1.00,1.00
2016.11.22 17:50:55.601,1.25416,1.25428,1.00,1.00
2016.11.22 17:50:55.885,1.25411,1.25428,1.00,1.00
2016.11.22 17:50:55.986,1.25411,1.25431,1.00,1.12
2016.11.22 17:50:56.764,1.2541,1.25428,1.50,1.00
2016.11.22 17:50:56.815,1.25411,1.2543,1.00,1.00
2016.11.22 17:50:57.719,1.25411,1.25427,1.00,1.00
2016.11.22 17:50:57.873,1.2541,1.25429,1.50,1.00
2016.11.22 17:50:58.126,1.25412,1.25429,1.00,1.00
2016.11.22 17:51:00.095,1.25413,1.2543,1.00,1.00
2016.11.22 17:51:00.197,1.25413,1.25432,1.00,1.50
2016.11.22 17:51:01.401,1.25414,1.25433,1.00,1.37
2016.11.22 17:51:01.540,1.25416,1.25433,1.00,1.37
2016.11.22 17:51:01.850,1.25413,1.25432,1.00,1.00
2016.11.22 17:51:02.800,1.25411,1.2543,1.87,1.00
2016.11.22 17:51:03.103,1.25414,1.25431,1.00,1.00
2016.11.22 17:51:05.297,1.25415,1.25432,1.00,1.00
2016.11.22 17:51:05.701,1.25417,1.25433,1.00,1.00
2016.11.22 17:51:05.853,1.25418,1.25436,1.00,1.00
2016.11.22 17:51:08.581,1.25419,1.25437,1.00,1.00
2016.11.22 17:51:09.582,1.2542,1.25437,1.00,1.00
2016.11.22 17:51:09.902,1.25417,1.25437,1.50,1.00
2016.11.22 17:51:09.953,1.2542,1.25437,1.00,1.00
2016.11.22 17:51:11.428,1.25417,1.25437,1.50,1.00
2016.11.22 17:51:11.479,1.25419,1.25436,1.00,1.00
2016.11.22 17:51:11.783,1.2542,1.25434,1.00,1.00
2016.11.22 17:51:12.592,1.2542,1.25433,1.00,1.00
2016.11.22 17:51:14.332,1.25416,1.25433,1.00,1.00
2016.11.22 17:51:14.839,1.25415,1.25433,1.00,1.00
2016.11.22 17:51:14.954,1.25418,1.25435,1.00,1.00
2016.11.22 17:51:15.005,1.25419,1.25437,1.00,1.12
2016.11.22 17:51:15.460,1.25421,1.25438,1.00,1.12
2016.11.22 17:51:15.861,1.25421,1.25438,1.00,1.37
2016.11.22 17:51:16.481,1.25421,1.25438,1.00,1.37
2016.11.22 17:51:17.015,1.2542,1.25438,1.00,1.37
2016.11.22 17:51:17.532,1.25421,1.25437,1.00,1.37
2016.11.22 17:51:18.052,1.25421,1.25437,1.00,1.12
2016.11.22 17:51:18.264,1.25419,1.25437,1.00,1.12
2016.11.22 17:51:18.786,1.25421,1.25437,1.00,1.12
2016.11.22 17:51:19.486,1.2542,1.25437,1.00,1.12
2016.11.22 17:51:20.022,1.25421,1.25438,1.00,1.37
2016.11.22 17:51:20.481,1.25418,1.25439,1.31,1.37
2016.11.22 17:51:20.583,1.2542,1.25438,1.00,1.12
2016.11.22 17:51:21.163,1.25421,1.25438,1.00,1.12
2016.11.22 17:51:23.743,1.2542,1.25438,1.00,1.12
2016.11.22 17:51:24.668,1.25421,1.25438,1.00,1.00
2016.11.22 17:51:25.174,1.25422,1.25439,1.00,1.00
2016.11.22 17:51:25.732,1.25421,1.2544,1.00,1.37
2016.11.22 17:51:26.301,1.25421,1.2544,1.00,1.00
2016.11.22 17:51:27.770,1.2542,1.2544,1.50,1.00
2016.11.22 17:51:28.372,1.25421,1.2544,1.00,1.00
2016.11.22 17:51:29.414,1.25424,1.25441,1.00,1.50
2016.11.22 17:51:29.668,1.25425,1.25443,1.00,1.12
2016.11.22 17:51:30.201,1.25424,1.25443,1.00,1.00
2016.11.22 17:51:30.464,1.25422,1.25441,1.00,1.00
2016.11.22 17:51:30.810,1.25422,1.25439,1.00,1.00
2016.11.22 17:51:32.096,1.25422,1.25441,1.00,1.12
2016.11.22 17:51:32.669,1.25423,1.25441,1.00,1.12
2016.11.22 17:51:34.440,1.25421,1.25441,1.50,1.00
2016.11.22 17:51:34.560,1.25424,1.25441,1.00,1.00
2016.11.22 17:51:34.763,1.25425,1.25444,1.00,1.87
2016.11.22 17:51:34.865,1.25428,1.25444,1.00,1.50
2016.11.22 17:51:35.053,1.2543,1.25447,1.00,1.12
2016.11.22 17:51:35.104,1.25431,1.25447,1.00,2.25
2016.11.22 17:51:35.205,1.25426,1.25444,1.12,1.00
2016.11.22 17:51:35.256,1.25429,1.25446,1.00,1.00
2016.11.22 17:51:35.408,1.25431,1.25449,1.00,1.00
2016.11.22 17:51:35.746,1.25434,1.25451,1.00,1.00
2016.11.22 17:51:37.086,1.25436,1.25451,1.00,1.00
2016.11.22 17:51:37.744,1.25436,1.25452,1.00,1.00
2016.11.22 17:51:38.015,1.25436,1.25455,1.50,1.00
2016.11.22 17:51:38.354,1.25438,1.25456,1.00,1.00
2016.11.22 17:51:38.658,1.25442,1.25466,1.56,1.87
2016.11.22 17:51:38.759,1.25442,1.25463,1.56,1.00
2016.11.22 17:51:39.193,1.25446,1.25466,1.00,1.50
2016.11.22 17:51:39.575,1.25446,1.25463,1.00,1.00
2016.11.22 17:51:39.879,1.25451,1.25463,1.00,1.00
2016.11.22 17:51:39.930,1.25446,1.25463,1.50,1.00
2016.11.22 17:51:41.255,1.25446,1.25465,1.00,1.00
2016.11.22 17:51:41.306,1.25448,1.25465,1.00,1.00
2016.11.22 17:51:42.256,1.25447,1.25464,1.00,1.00
2016.11.22 17:51:43.051,1.25448,1.25466,1.00,1.00
2016.11.22 17:51:43.152,1.25451,1.25466,1.00,1.00
2016.11.22 17:51:43.568,1.25451,1.25464,1.00,1.00
2016.11.22 17:51:43.669,1.25447,1.25464,1.00,1.00
2016.11.22 17:51:43.970,1.25447,1.25467,1.00,1.00
2016.11.22 17:51:44.021,1.25447,1.25465,1.00,1.00
2016.11.22 17:51:44.623,1.25448,1.25466,1.00,1.00
2016.11.22 17:51:45.219,1.25447,1.25466,1.00,1.00
2016.11.22 17:51:47.093,1.25448,1.25466,1.00,1.00
2016.11.22 17:51:48.131,1.25451,1.25466,1.00,1.00
2016.11.22 17:51:49.661,1.25451,1.25467,1.00,1.00
2016.11.22 17:51:50.172,1.2545,1.25467,1.00,1.00
2016.11.22 17:51:51.550,1.2545,1.25466,1.00,1.00
2016.11.22 17:51:51.903,1.2545,1.25468,1.00,1.00
2016.11.22 17:51:56.237,1.25449,1.25468,1.12,1.00
2016.11.22 17:52:00.002,1.25447,1.25467,1.75,1.00
2016.11.22 17:52:00.103,1.25447,1.25467,1.00,1.00
2016.11.22 17:52:00.972,1.25448,1.25467,1.00,1.00
2016.11.22 17:52:01.343,1.25451,1.25467,1.00,1.00
2016.11.22 17:52:01.888,1.25448,1.25467,1.00,1.00
2016.11.22 17:52:02.058,1.25448,1.25465,1.00,1.00
2016.11.22 17:52:02.109,1.25445,1.25466,2.17,1.00
2016.11.22 17:52:02.313,1.25449,1.25466,1.00,1.00
2016.11.22 17:52:02.861,1.25448,1.25467,1.00,1.00
2016.11.22 17:52:05.397,1.25446,1.25463,1.00,1.00
2016.11.22 17:52:05.448,1.25447,1.25467,1.00,1.00
2016.11.22 17:52:06.079,1.25447,1.25468,1.00,1.00
2016.11.22 17:52:12.927,1.25448,1.25468,1.00,1.00
2016.11.22 17:52:13.079,1.25451,1.25469,1.00,1.50
2016.11.22 17:52:14.095,1.25451,1.25468,1.00,1.00
2016.11.22 17:52:14.922,1.25451,1.25469,1.00,1.00
2016.11.22 17:52:15.179,1.25456,1.25475,1.00,1.12
2016.11.22 17:52:15.938,1.25458,1.25476,1.00,1.00
2016.11.22 17:52:16.444,1.25457,1.25476,1.00,1.00
2016.11.22 17:52:17.081,1.25455,1.25477,1.50,1.00
2016.11.22 17:52:17.385,1.25459,1.25479,1.00,1.37
2016.11.22 17:52:17.487,1.25459,1.2548,1.00,2.06
2016.11.22 17:52:18.111,1.25463,1.25481,1.00,1.50
2016.11.22 17:52:18.314,1.25463,1.25483,1.00,1.00
2016.11.22 17:52:18.966,1.25466,1.25483,1.00,1.00
2016.11.22 17:52:19.689,1.25464,1.25483,1.00,1.00
2016.11.22 17:52:20.084,1.25466,1.25483,1.00,1.00
2016.11.22 17:52:20.690,1.25464,1.25483,1.00,1.00
2016.11.22 17:52:21.310,1.25467,1.25484,1.00,1.00
2016.11.22 17:52:21.894,1.25466,1.25486,1.00,1.50
2016.11.22 17:52:22.484,1.25466,1.25484,1.00,1.00
2016.11.22 17:52:23.244,1.25463,1.25483,1.00,1.00
2016.11.22 17:52:24.237,1.25463,1.25482,1.00,1.00
2016.11.22 17:52:24.753,1.25464,1.25482,1.00,1.00
2016.11.22 17:52:25.691,1.25463,1.25481,1.00,1.00
2016.11.22 17:52:27.672,1.25463,1.25483,1.00,1.00
2016.11.22 17:52:28.642,1.25463,1.25481,1.00,1.00
2016.11.22 17:52:30.898,1.25463,1.25482,1.00,1.00
2016.11.22 17:52:31.133,1.25461,1.25482,1.87,1.00
2016.11.22 17:52:31.756,1.25462,1.25482,1.00,1.00
2016.11.22 17:52:33.148,1.25461,1.25482,1.87,1.05
2016.11.22 17:52:33.721,1.2546,1.25479,1.12,1.00
2016.11.22 17:52:34.623,1.2546,1.2548,1.00,1.00
2016.11.22 17:52:39.713,1.2546,1.25481,1.00,1.69
2016.11.22 17:52:40.744,1.25461,1.25481,1.00,1.25
2016.11.22 17:52:41.971,1.25462,1.25481,1.31,1.12
2016.11.22 17:52:43.980,1.25462,1.25479,1.00,1.00
2016.11.22 17:52:44.283,1.2546,1.25477,1.00,1.37
2016.11.22 17:52:44.587,1.25461,1.25474,1.00,1.00
2016.11.22 17:52:46.492,1.25461,1.25475,1.00,1.00
2016.11.22 17:52:47.428,1.2546,1.25475,1.00,1.00
2016.11.22 17:52:48.092,1.2546,1.25476,1.00,1.12
2016.11.22 17:52:48.722,1.25462,1.2548,1.00,1.87
2016.11.22 17:52:48.834,1.25463,1.2548,1.00,1.87
2016.11.22 17:52:49.225,1.25466,1.2548,1.00,1.12
2016.11.22 17:52:49.529,1.25463,1.2548,1.00,1.00
2016.11.22 17:52:49.658,1.25464,1.25483,1.00,1.00
2016.11.22 17:52:54.786,1.25464,1.25482,1.00,1.00
2016.11.22 17:52:55.745,1.25464,1.25483,1.00,1.00
2016.11.22 17:52:56.917,1.25465,1.25483,1.00,1.00
2016.11.22 17:52:59.621,1.25466,1.25483,1.00,1.00
2016.11.22 17:52:59.999,1.25466,1.25485,1.00,1.00
2016.11.22 17:53:00.101,1.25469,1.25486,1.00,1.00
2016.11.22 17:53:00.635,1.25469,1.25487,1.00,1.00
2016.11.22 17:53:01.245,1.25468,1.25489,1.00,1.50
2016.11.22 17:53:03.654,1.25471,1.25489,1.00,1.50
2016.11.22 17:53:07.839,1.25468,1.25489,1.00,1.50
2016.11.22 17:53:11.114,1.25468,1.25489,1.00,1.00
2016.11.22 17:53:11.243,1.25471,1.25489,1.00,1.00
2016.11.22 17:53:12.185,1.2547,1.25489,1.00,1.00
2016.11.22 17:53:12.809,1.25471,1.25489,1.00,1.00
2016.11.22 17:53:13.510,1.25471,1.25488,1.00,1.00
2016.11.22 17:53:16.497,1.25471,1.25489,1.00,1.00
2016.11.22 17:53:16.800,1.25476,1.25493,1.31,1.00
2016.11.22 17:53:17.003,1.25479,1.25497,1.00,1.00
2016.11.22 17:53:17.949,1.25478,1.25496,1.00,1.00
2016.11.22 17:53:19.476,1.25479,1.25497,1.00,1.00
2016.11.22 17:53:19.527,1.25476,1.25494,1.50,1.00
2016.11.22 17:53:19.784,1.25472,1.25491,1.00,1.00
2016.11.22 17:53:20.644,1.25474,1.2549,1.00,1.00
2016.11.22 17:53:23.067,1.25476,1.2549,1.00,1.00
2016.11.22 17:53:23.559,1.25474,1.2549,1.00,1.00
2016.11.22 17:53:23.661,1.25472,1.2549,1.31,1.00
2016.11.22 17:53:24.170,1.25471,1.2549,1.00,1.00
2016.11.22 17:53:24.586,1.25475,1.25489,1.00,1.00
2016.11.22 17:53:27.239,1.25475,1.2549,1.00,1.00
2016.11.22 17:53:29.072,1.25476,1.25488,1.00,1.00
2016.11.22 17:53:29.174,1.25476,1.2549,1.00,1.00
2016.11.22 17:53:31.676,1.2547,1.2549,1.87,1.00
2016.11.22 17:53:32.122,1.2547,1.25488,1.87,1.00
2016.11.22 17:53:32.731,1.25471,1.25488,1.00,1.00
2016.11.22 17:53:33.665,1.25471,1.25489,1.50,1.00
2016.11.22 17:53:33.968,1.25476,1.2549,1.00,1.00
2016.11.22 17:53:34.283,1.25471,1.2549,1.50,1.00
2016.11.22 17:53:35.022,1.25471,1.25491,1.00,1.00
2016.11.22 17:53:35.267,1.25471,1.25489,1.00,1.00
2016.11.22 17:53:40.299,1.2547,1.25487,1.00,1.00
2016.11.22 17:53:40.400,1.25467,1.25487,2.06,1.00
2016.11.22 17:53:41.665,1.25467,1.25487,1.69,1.00
2016.11.22 17:53:43.083,1.25471,1.25487,1.00,1.00
2016.11.22 17:53:44.220,1.25471,1.25484,1.00,1.00
2016.11.22 17:53:44.474,1.25461,1.25476,1.00,1.00
2016.11.22 17:53:44.626,1.25459,1.25476,1.31,1.00
2016.11.22 17:53:45.147,1.2546,1.25475,1.00,1.00
2016.11.22 17:53:45.248,1.2546,1.25473,1.00,1.00
2016.11.22 17:53:45.299,1.2546,1.25475,1.00,2.25
2016.11.22 17:53:45.446,1.25466,1.25475,1.00,1.00
2016.11.22 17:53:45.547,1.25466,1.2548,1.50,1.00
2016.11.22 17:53:45.649,1.25466,1.25483,1.50,1.00
2016.11.22 17:53:46.003,1.25466,1.2548,1.00,1.00
2016.11.22 17:53:46.104,1.25463,1.2548,1.12,1.00
2016.11.22 17:53:46.307,1.25461,1.25478,1.00,1.00
2016.11.22 17:53:48.007,1.25461,1.25479,1.00,1.00
2016.11.22 17:53:48.354,1.25466,1.25484,1.00,1.75
2016.11.22 17:53:48.455,1.25469,1.25487,1.00,1.00
2016.11.22 17:53:48.658,1.2547,1.25489,1.00,1.00
2016.11.22 17:53:49.172,1.2547,1.25488,1.50,1.00
2016.11.22 17:53:49.404,1.25471,1.25486,1.00,1.00
2016.11.22 17:53:51.500,1.2547,1.25486,1.00,1.00
2016.11.22 17:53:52.027,1.2547,1.25485,1.00,1.00
2016.11.22 17:53:52.129,1.25466,1.25483,1.50,1.00
2016.11.22 17:53:53.053,1.25466,1.25482,1.00,1.00
2016.11.22 17:53:53.559,1.25466,1.25483,1.50,1.00
2016.11.22 17:53:54.201,1.25467,1.25485,1.00,1.31
2016.11.22 17:53:54.341,1.25467,1.25485,1.00,1.75
2016.11.22 17:53:54.494,1.25467,1.25485,1.00,1.00
2016.11.22 17:53:55.201,1.25467,1.25484,1.00,1.00
2016.11.22 17:53:55.353,1.25471,1.25483,1.00,1.00
2016.11.22 17:53:55.555,1.25465,1.25483,1.50,1.00
2016.11.22 17:53:56.102,1.25466,1.25484,1.50,1.00
2016.11.22 17:53:56.355,1.25467,1.25484,1.19,1.00
2016.11.22 17:53:56.660,1.25465,1.25481,1.25,1.00
2016.11.22 17:53:57.506,1.25465,1.25483,1.25,1.00
2016.11.22 17:53:57.557,1.25465,1.25481,1.19,1.00
2016.11.22 17:53:57.659,1.25461,1.25478,1.69,1.00
2016.11.22 17:53:57.810,1.25465,1.25482,1.00,2.25
2016.11.22 17:53:58.115,1.2547,1.25484,1.00,1.00
2016.11.22 17:53:58.166,1.25466,1.25484,1.19,1.00
2016.11.22 17:53:58.706,1.25466,1.25484,1.25,1.00
2016.11.22 17:53:59.222,1.25466,1.25485,1.00,1.00
2016.11.22 17:54:00.031,1.25465,1.25483,1.69,1.00
2016.11.22 17:54:00.444,1.25466,1.25483,2.25,1.00
2016.11.22 17:54:01.455,1.25466,1.25483,1.19,1.00
2016.11.22 17:54:02.111,1.25465,1.25484,1.69,1.00
2016.11.22 17:54:03.606,1.25468,1.25485,1.00,1.00
2016.11.22 17:54:04.129,1.25471,1.25486,1.00,1.12
2016.11.22 17:54:05.088,1.25471,1.25488,1.00,1.00
2016.11.22 17:54:06.090,1.25471,1.25486,1.00,1.00
2016.11.22 17:54:06.635,1.25469,1.25486,1.19,1.00
2016.11.22 17:54:07.177,1.25469,1.25486,1.25,1.00
2016.11.22 17:54:07.279,1.2547,1.25489,1.00,1.50
2016.11.22 17:54:07.330,1.25476,1.25489,1.00,1.00
2016.11.22 17:54:07.381,1.25477,1.25491,1.00,1.00
2016.11.22 17:54:07.533,1.25477,1.25496,1.00,1.37
2016.11.22 17:54:07.787,1.2548,1.25499,1.00,1.00
2016.11.22 17:54:08.308,1.25481,1.25499,1.00,1.00
2016.11.22 17:54:08.831,1.25479,1.25498,1.00,1.00
2016.11.22 17:54:11.736,1.25481,1.25498,1.00,1.00
2016.11.22 17:54:11.937,1.25479,1.25498,1.00,1.00
2016.11.22 17:54:13.774,1.25479,1.25497,1.12,1.00
2016.11.22 17:54:14.761,1.25477,1.25498,1.19,1.00
2016.11.22 17:54:16.642,1.25478,1.25496,1.25,1.00
2016.11.22 17:54:17.642,1.25479,1.25497,1.00,1.00
2016.11.22 17:54:18.248,1.25479,1.25498,1.00,1.00
2016.11.22 17:54:18.631,1.25481,1.25498,1.00,1.00
2016.11.22 17:54:19.248,1.25481,1.25497,1.00,1.00
2016.11.22 17:54:21.459,1.25479,1.25497,1.00,1.00
2016.11.22 17:54:21.974,1.25479,1.25498,1.00,1.00
2016.11.22 17:54:22.567,1.25481,1.25498,1.00,1.00
2016.11.22 17:54:22.872,1.25478,1.25497,1.00,1.00
2016.11.22 17:54:23.802,1.25477,1.25496,1.00,1.00
2016.11.22 17:54:27.159,1.2548,1.25496,1.00,1.00
2016.11.22 17:54:29.008,1.25477,1.25496,1.56,1.00
2016.11.22 17:54:29.662,1.25481,1.25496,1.00,1.00
2016.11.22 17:54:31.917,1.25481,1.25498,1.00,1.00
2016.11.22 17:54:32.389,1.25479,1.25498,1.00,1.00
2016.11.22 17:54:33.194,1.25478,1.25498,1.31,1.00
2016.11.22 17:54:34.567,1.25478,1.25498,1.56,1.00
2016.11.22 17:54:39.377,1.25481,1.25498,1.00,1.00
2016.11.22 17:54:40.679,1.25479,1.25498,1.31,1.00
2016.11.22 17:54:40.955,1.25478,1.255,1.56,1.12
2016.11.22 17:54:43.983,1.25478,1.255,1.31,1.12
2016.11.22 17:54:44.434,1.25477,1.25496,1.56,1.00
2016.11.22 17:54:44.692,1.25476,1.25496,1.31,1.00
2016.11.22 17:54:44.849,1.2548,1.25497,1.00,1.00
2016.11.22 17:54:44.900,1.25482,1.25501,1.00,1.87
2016.11.22 17:54:44.951,1.2548,1.25499,1.00,1.00
2016.11.22 17:54:45.987,1.2548,1.25498,1.50,1.00
2016.11.22 17:54:50.865,1.25481,1.25498,1.00,1.00
2016.11.22 17:54:51.876,1.2548,1.25498,1.00,1.00
2016.11.22 17:54:52.843,1.25481,1.255,1.00,1.00
2016.11.22 17:54:52.894,1.25485,1.25502,1.00,1.37
2016.11.22 17:54:53.096,1.25487,1.25504,1.00,1.00
2016.11.22 17:54:53.350,1.25483,1.25501,1.12,1.00
2016.11.22 17:54:53.833,1.25486,1.25505,1.00,1.50
2016.11.22 17:54:54.340,1.25486,1.25505,1.00,1.00
2016.11.22 17:54:54.882,1.25487,1.25504,1.00,1.00
2016.11.22 17:54:55.387,1.25486,1.25504,1.50,1.00
2016.11.22 17:54:56.974,1.25489,1.25506,1.00,1.00
2016.11.22 17:54:57.227,1.25495,1.25513,1.00,1.00
2016.11.22 17:54:57.278,1.25493,1.2551,1.00,1.00
2016.11.22 17:54:57.618,1.2549,1.25507,1.00,1.00
2016.11.22 17:55:01.732,1.2549,1.25509,1.00,1.00
2016.11.22 17:55:01.972,1.25492,1.25509,1.00,1.00
2016.11.22 17:55:02.340,1.25488,1.25505,1.25,1.00
2016.11.22 17:55:02.697,1.25486,1.25503,1.50,1.00
2016.11.22 17:55:02.748,1.25484,1.25503,1.00,1.00
2016.11.22 17:55:02.958,1.25486,1.25503,1.00,1.00
2016.11.22 17:55:03.009,1.25487,1.25506,1.00,1.50
2016.11.22 17:55:03.514,1.25486,1.25506,1.50,2.25
2016.11.22 17:55:04.460,1.25485,1.25504,1.00,1.00
2016.11.22 17:55:04.727,1.2549,1.25506,1.00,1.87
2016.11.22 17:55:04.924,1.25492,1.25512,1.00,2.25
2016.11.22 17:55:05.025,1.25492,1.25512,1.00,1.87
2016.11.22 17:55:05.430,1.25494,1.25513,1.00,1.00
2016.11.22 17:55:05.936,1.25493,1.25512,1.25,1.00
2016.11.22 17:55:06.749,1.25495,1.25512,1.00,1.00
2016.11.22 17:55:06.954,1.25493,1.25515,1.25,1.50
2016.11.22 17:55:07.720,1.25495,1.25514,1.00,1.12
2016.11.22 17:55:08.264,1.25496,1.25516,1.00,1.75
2016.11.22 17:55:08.523,1.25497,1.25517,1.00,1.00
2016.11.22 17:55:08.676,1.25501,1.25517,1.00,1.37
2016.11.22 17:55:08.778,1.25501,1.25518,1.50,1.12
2016.11.22 17:55:09.337,1.255,1.25517,1.50,1.00
2016.11.22 17:55:10.130,1.25499,1.25516,1.00,1.00
2016.11.22 17:55:10.181,1.25497,1.25514,1.00,1.00
2016.11.22 17:55:11.396,1.25496,1.2551,1.00,1.00
2016.11.22 17:55:11.649,1.25488,1.25504,1.12,1.00
2016.11.22 17:55:12.004,1.25485,1.25504,1.00,1.00
2016.11.22 17:55:12.411,1.25486,1.25501,1.00,1.00
2016.11.22 17:55:12.462,1.25482,1.25501,1.50,1.00
2016.11.22 17:55:12.967,1.25481,1.25502,1.00,1.00
2016.11.22 17:55:13.452,1.25486,1.25502,1.00,1.00
2016.11.22 17:55:13.978,1.25486,1.25501,1.00,1.00
2016.11.22 17:55:14.114,1.25486,1.25503,1.00,1.00
2016.11.22 17:55:14.628,1.25485,1.25502,1.00,1.00
2016.11.22 17:55:15.107,1.25487,1.25504,1.00,1.00
2016.11.22 17:55:15.259,1.25487,1.25506,1.00,1.00
2016.11.22 17:55:15.309,1.2549,1.25506,1.00,1.00
2016.11.22 17:55:15.715,1.25488,1.25507,1.00,1.12
2016.11.22 17:55:15.817,1.25491,1.25507,1.00,1.12
2016.11.22 17:55:17.049,1.25491,1.25509,1.00,1.37
2016.11.22 17:55:17.342,1.25489,1.25509,1.00,1.00
2016.11.22 17:55:17.891,1.25489,1.25508,1.00,1.00
2016.11.22 17:55:18.054,1.25491,1.25508,1.00,1.00
2016.11.22 17:55:19.192,1.25491,1.25507,1.00,1.00
2016.11.22 17:55:20.262,1.2549,1.25507,1.00,1.00
2016.11.22 17:55:20.566,1.25488,1.25507,1.00,1.00
2016.11.22 17:55:21.076,1.25489,1.25506,1.00,1.00
2016.11.22 17:55:21.257,1.2549,1.25508,1.56,1.00
2016.11.22 17:55:21.791,1.2549,1.25508,2.06,1.00
2016.11.22 17:55:24.083,1.25491,1.25508,1.50,1.00
2016.11.22 17:55:24.716,1.25491,1.25508,2.06,1.00
2016.11.22 17:55:25.236,1.25491,1.25509,1.56,1.00
2016.11.22 17:55:25.917,1.25491,1.25508,1.56,1.00
2016.11.22 17:55:26.920,1.25491,1.25508,1.31,1.00
2016.11.22 17:55:28.426,1.25491,1.25508,2.06,1.00
2016.11.22 17:55:30.117,1.25491,1.25508,1.56,1.00
2016.11.22 17:55:31.147,1.25491,1.25509,1.56,1.00
2016.11.22 17:55:31.697,1.25491,1.25509,1.56,1.00
2016.11.22 17:55:32.146,1.25494,1.25511,1.00,1.00
2016.11.22 17:55:32.450,1.25494,1.25511,1.56,1.00
2016.11.22 17:55:32.552,1.25493,1.25511,1.31,1.00
2016.11.22 17:55:32.603,1.25496,1.25513,1.00,1.50
2016.11.22 17:55:33.112,1.25496,1.25513,1.56,1.00
2016.11.22 17:55:33.163,1.25497,1.25516,1.31,1.00
2016.11.22 17:55:33.700,1.25496,1.25516,1.56,1.50
2016.11.22 17:55:34.158,1.25496,1.25516,1.00,1.50
2016.11.22 17:55:34.360,1.25498,1.25516,1.00,1.50
2016.11.22 17:55:35.615,1.25498,1.25517,1.00,1.00
2016.11.22 17:55:35.995,1.25501,1.2552,1.00,1.37
2016.11.22 17:55:36.097,1.255,1.2552,1.56,1.12
2016.11.22 17:55:36.148,1.25499,1.25517,1.56,1.00
2016.11.22 17:55:36.656,1.25499,1.25517,1.56,1.00
2016.11.22 17:55:37.171,1.25499,1.25517,1.56,1.00
2016.11.22 17:55:38.028,1.25501,1.25517,1.31,1.00
2016.11.22 17:55:38.836,1.25499,1.25517,1.56,1.00
2016.11.22 17:55:40.473,1.25498,1.25517,1.19,1.00
2016.11.22 17:55:41.076,1.25499,1.25518,1.25,1.12
2016.11.22 17:55:42.647,1.25498,1.25517,1.25,1.00
2016.11.22 17:55:43.496,1.25498,1.25518,1.25,1.12
2016.11.22 17:55:43.801,1.25504,1.25521,1.00,1.00
2016.11.22 17:55:43.852,1.25502,1.2552,1.00,1.00
2016.11.22 17:55:44.058,1.25504,1.25523,1.00,1.87
2016.11.22 17:55:44.363,1.25511,1.25524,1.00,1.00
2016.11.22 17:55:44.414,1.25511,1.25529,1.00,1.12
2016.11.22 17:55:44.869,1.2551,1.25527,1.50,1.00
2016.11.22 17:55:45.225,1.2551,1.25525,1.00,1.00
2016.11.22 17:55:45.276,1.25507,1.25525,1.50,1.00
2016.11.22 17:55:45.378,1.25506,1.25527,1.75,1.00
2016.11.22 17:55:45.430,1.25505,1.25527,1.12,1.00
2016.11.22 17:55:45.893,1.25507,1.25526,1.00,1.00
2016.11.22 17:55:46.196,1.25507,1.25524,1.00,1.00
2016.11.22 17:55:46.281,1.25505,1.25524,1.00,1.00
2016.11.22 17:55:46.383,1.25507,1.25524,1.00,1.00
2016.11.22 17:55:46.697,1.25512,1.25527,1.00,1.50
2016.11.22 17:55:46.748,1.25512,1.25531,1.00,1.00
2016.11.22 17:55:47.001,1.25511,1.25529,1.00,1.00
2016.11.22 17:55:47.544,1.25512,1.25529,1.00,1.00
2016.11.22 17:55:47.860,1.25507,1.25523,1.37,1.00
2016.11.22 17:55:47.961,1.25506,1.25523,1.00,1.00
2016.11.22 17:55:48.771,1.25503,1.25523,1.00,1.00
2016.11.22 17:55:48.893,1.25505,1.25521,1.00,1.00
2016.11.22 17:55:49.426,1.25505,1.25522,1.00,1.00
2016.11.22 17:55:50.054,1.25506,1.25522,1.00,1.00
2016.11.22 17:55:50.419,1.25506,1.2552,1.00,1.00
2016.11.22 17:55:50.679,1.25506,1.25522,1.00,1.00
2016.11.22 17:55:50.781,1.25503,1.25522,1.00,1.00
2016.11.22 17:55:51.372,1.25501,1.2552,1.50,1.00
2016.11.22 17:55:52.062,1.25502,1.2552,1.00,1.00
2016.11.22 17:55:53.052,1.25503,1.25521,1.00,1.00
2016.11.22 17:55:54.986,1.25503,1.25523,1.00,1.00
2016.11.22 17:55:56.106,1.25505,1.25522,1.00,1.00
2016.11.22 17:55:56.636,1.25506,1.25522,1.00,1.00
2016.11.22 17:55:56.736,1.25506,1.25524,1.00,1.00
2016.11.22 17:55:57.116,1.25504,1.25524,1.00,1.00
2016.11.22 17:55:58.737,1.25505,1.25524,1.50,1.00
2016.11.22 17:55:58.788,1.25507,1.25523,1.00,1.00
2016.11.22 17:55:59.383,1.25509,1.25525,1.00,1.00
2016.11.22 17:55:59.854,1.25507,1.25523,1.00,1.00
2016.11.22 17:55:59.945,1.25509,1.25527,1.00,1.12
2016.11.22 17:56:00.047,1.25511,1.25527,1.00,1.12
2016.11.22 17:56:00.251,1.25509,1.25527,1.00,1.12
2016.11.22 17:56:00.923,1.25509,1.25526,1.00,1.00
2016.11.22 17:56:01.450,1.25508,1.25525,1.00,1.00
2016.11.22 17:56:02.063,1.25507,1.25524,1.00,1.00
2016.11.22 17:56:02.569,1.25506,1.25524,1.00,1.00
2016.11.22 17:56:03.232,1.25505,1.25524,1.69,1.00
2016.11.22 17:56:03.842,1.25506,1.25524,1.00,1.00
2016.11.22 17:56:05.270,1.25505,1.25524,1.69,1.00
2016.11.22 17:56:05.528,1.25507,1.25524,1.00,1.00
2016.11.22 17:56:06.531,1.25506,1.25524,1.50,1.00
2016.11.22 17:56:08.653,1.25505,1.25523,1.56,1.00
2016.11.22 17:56:09.047,1.25503,1.25519,2.06,1.00
2016.11.22 17:56:09.149,1.25503,1.25518,1.37,1.00
2016.11.22 17:56:09.200,1.25501,1.25518,1.31,1.00
2016.11.22 17:56:10.371,1.25502,1.25519,1.00,1.00
2016.11.22 17:56:10.423,1.25502,1.25522,1.00,1.00
2016.11.22 17:56:10.727,1.25505,1.25522,1.00,1.00
2016.11.22 17:56:11.411,1.25505,1.25521,1.00,1.00
2016.11.22 17:56:11.462,1.25502,1.25521,1.56,1.00
2016.11.22 17:56:12.075,1.25502,1.25521,1.00,1.00
2016.11.22 17:56:12.306,1.25505,1.25523,1.00,1.50
2016.11.22 17:56:12.639,1.25509,1.25527,1.00,1.12
2016.11.22 17:56:13.285,1.25507,1.25527,1.00,1.12
2016.11.22 17:56:14.074,1.25507,1.25527,1.56,1.12
2016.11.22 17:56:14.454,1.25507,1.25525,1.56,1.00
2016.11.22 17:56:15.455,1.25507,1.25525,1.31,1.00
2016.11.22 17:56:16.087,1.25506,1.25522,1.31,1.00
2016.11.22 17:56:16.607,1.25506,1.25524,1.31,1.00
2016.11.22 17:56:17.143,1.25505,1.25523,1.31,1.00
2016.11.22 17:56:17.928,1.25505,1.25524,1.31,1.00
2016.11.22 17:56:18.928,1.2551,1.25527,1.00,1.12
2016.11.22 17:56:18.979,1.25508,1.25527,1.00,1.12
2016.11.22 17:56:19.907,1.25508,1.25526,1.00,1.00
2016.11.22 17:56:20.700,1.25508,1.25528,1.00,1.37
2016.11.22 17:56:20.751,1.2551,1.25528,1.00,1.37
2016.11.22 17:56:21.079,1.25508,1.25528,1.00,1.00
2016.11.22 17:56:22.609,1.25508,1.25526,1.00,1.00
2016.11.22 17:56:23.184,1.25508,1.25524,1.00,1.00
2016.11.22 17:56:23.488,1.25513,1.2553,1.00,1.37
2016.11.22 17:56:23.539,1.25511,1.25528,1.00,1.00
2016.11.22 17:56:23.641,1.25507,1.25527,1.42,1.00
2016.11.22 17:56:24.221,1.25509,1.25527,1.00,1.00
2016.11.22 17:56:26.197,1.25508,1.25527,1.00,1.00
2016.11.22 17:56:26.719,1.25507,1.25526,1.00,1.00
2016.11.22 17:56:27.446,1.25508,1.25529,1.00,1.00
2016.11.22 17:56:28.427,1.25509,1.25527,1.00,1.00
2016.11.22 17:56:28.529,1.25507,1.25527,1.00,1.00
2016.11.22 17:56:29.361,1.25509,1.25526,1.00,1.00
2016.11.22 17:56:31.067,1.2551,1.25527,1.00,1.00
2016.11.22 17:56:31.677,1.25509,1.25527,1.00,1.00
2016.11.22 17:56:32.593,1.25509,1.25528,1.00,1.00
2016.11.22 17:56:33.138,1.25508,1.25528,1.00,1.00
2016.11.22 17:56:33.442,1.25512,1.25532,1.00,1.00
2016.11.22 17:56:34.140,1.25511,1.2553,1.00,1.00
2016.11.22 17:56:34.651,1.2551,1.2553,1.00,1.00
2016.11.22 17:56:36.069,1.25511,1.25529,1.00,1.00
2016.11.22 17:56:36.626,1.2551,1.25529,1.00,1.00
2016.11.22 17:56:37.286,1.25511,1.25529,1.00,1.00
2016.11.22 17:56:37.847,1.25511,1.2553,1.00,1.00
2016.11.22 17:56:38.554,1.2551,1.25529,1.00,1.00
2016.11.22 17:56:39.027,1.25512,1.25529,1.00,1.00
2016.11.22 17:56:39.179,1.25508,1.25526,1.00,1.00
2016.11.22 17:56:39.230,1.25507,1.25524,1.00,1.00
2016.11.22 17:56:40.230,1.25506,1.25523,1.00,1.00
2016.11.22 17:56:40.534,1.25504,1.25523,1.00,1.00
2016.11.22 17:56:40.938,1.25506,1.25522,1.00,1.00
2016.11.22 17:56:42.204,1.25506,1.25523,1.50,1.00
2016.11.22 17:56:46.377,1.25505,1.2552,1.00,1.00
2016.11.22 17:56:46.468,1.25502,1.25519,1.00,1.00
2016.11.22 17:56:46.570,1.25499,1.25518,1.50,1.00
2016.11.22 17:56:47.294,1.25502,1.25519,1.00,1.00
2016.11.22 17:56:47.800,1.25501,1.25518,1.00,1.00
2016.11.22 17:56:48.283,1.25503,1.25519,1.00,1.00
2016.11.22 17:56:48.689,1.25501,1.25518,1.00,1.00
2016.11.22 17:56:48.739,1.25499,1.25516,1.00,1.00
2016.11.22 17:56:49.989,1.25499,1.25515,1.00,1.00
2016.11.22 17:56:51.213,1.255,1.25517,1.00,1.00
2016.11.22 17:56:51.466,1.255,1.25519,1.00,1.00
2016.11.22 17:56:51.568,1.25504,1.25521,1.00,1.12
2016.11.22 17:56:51.872,1.25506,1.25523,1.00,1.00
2016.11.22 17:56:53.782,1.25507,1.25524,1.00,1.50
2016.11.22 17:56:56.226,1.25505,1.25524,1.00,1.50
2016.11.22 17:56:56.861,1.25506,1.25524,1.00,1.50
2016.11.22 17:56:57.382,1.25506,1.25523,1.50,1.00
2016.11.22 17:56:58.917,1.25506,1.25522,1.00,1.00
2016.11.22 17:56:59.437,1.25505,1.25521,1.00,1.00
2016.11.22 17:57:00.520,1.25505,1.2552,1.00,1.00
2016.11.22 17:57:00.722,1.25505,1.25518,1.00,1.00
2016.11.22 17:57:00.773,1.25503,1.25522,1.00,1.00
2016.11.22 17:57:00.875,1.25505,1.25522,1.00,1.00
2016.11.22 17:57:01.346,1.25503,1.25522,1.00,1.00
2016.11.22 17:57:01.696,1.25503,1.2552,1.00,1.00
2016.11.22 17:57:01.797,1.25503,1.25522,1.00,1.00
2016.11.22 17:57:02.491,1.25503,1.25522,1.00,1.87
2016.11.22 17:57:03.771,1.25503,1.25519,1.00,1.00
2016.11.22 17:57:11.255,1.25501,1.2552,1.50,1.12
2016.11.22 17:57:11.681,1.25506,1.25519,1.00,1.00
2016.11.22 17:57:12.188,1.25502,1.25519,1.00,1.37
2016.11.22 17:57:12.798,1.25503,1.2552,1.00,2.62
2016.11.22 17:57:12.849,1.25506,1.2552,1.00,1.87
2016.11.22 17:57:12.952,1.25506,1.25524,1.50,1.12
2016.11.22 17:57:13.459,1.25506,1.25523,1.00,1.00
2016.11.22 17:57:14.009,1.25506,1.25524,1.00,1.00
2016.11.22 17:57:15.245,1.25506,1.25523,1.00,1.00
2016.11.22 17:57:15.770,1.25505,1.25524,1.25,1.00
2016.11.22 17:57:16.722,1.25506,1.25524,1.00,1.00
2016.11.22 17:57:17.246,1.25505,1.25524,1.00,1.12
2016.11.22 17:57:17.398,1.25505,1.25522,1.00,1.00
2016.11.22 17:57:18.390,1.25504,1.25521,1.00,1.00
2016.11.22 17:57:18.920,1.25506,1.25521,1.00,1.00
2016.11.22 17:57:19.746,1.25501,1.25518,1.00,1.00
2016.11.22 17:57:19.848,1.25498,1.25515,1.87,1.00
2016.11.22 17:57:19.900,1.25499,1.25517,1.37,1.00
2016.11.22 17:57:20.409,1.255,1.25519,1.00,1.12
2016.11.22 17:57:23.827,1.255,1.25517,1.00,1.00
2016.11.22 17:57:24.826,1.25501,1.25518,1.00,1.50
2016.11.22 17:57:25.876,1.255,1.25518,1.00,1.50
2016.11.22 17:57:27.786,1.25502,1.25518,1.00,1.50
2016.11.22 17:57:30.145,1.255,1.25519,1.00,1.00
2016.11.22 17:57:31.130,1.255,1.25518,1.00,1.00
2016.11.22 17:57:32.165,1.25501,1.25518,1.00,1.00
2016.11.22 17:57:33.546,1.255,1.2552,1.00,1.12
2016.11.22 17:57:33.799,1.25502,1.2552,1.00,1.12
2016.11.22 17:57:35.561,1.25501,1.25518,1.50,1.00
2016.11.22 17:57:35.875,1.25504,1.2552,1.00,1.87
2016.11.22 17:57:35.983,1.25506,1.25521,1.00,1.00
2016.11.22 17:57:36.491,1.25505,1.2552,1.00,1.12
2016.11.22 17:57:36.997,1.25505,1.25519,1.00,1.00
2016.11.22 17:57:38.280,1.25505,1.25519,1.00,2.62
2016.11.22 17:57:38.829,1.25505,1.25517,1.00,1.37
2016.11.22 17:57:38.880,1.25501,1.25517,1.00,1.37
2016.11.22 17:57:39.519,1.255,1.25515,1.00,1.00
2016.11.22 17:57:40.659,1.25499,1.25515,1.00,1.00
2016.11.22 17:57:41.131,1.25496,1.25515,1.50,1.00
2016.11.22 17:57:42.293,1.25496,1.25513,1.50,1.00
2016.11.22 17:57:42.798,1.25495,1.25513,1.00,1.00
2016.11.22 17:57:43.335,1.25496,1.25513,1.00,1.00
2016.11.22 17:57:44.710,1.25496,1.2551,1.00,1.00
2016.11.22 17:57:45.023,1.25496,1.25508,1.00,1.00
2016.11.22 17:57:45.161,1.25496,1.2551,1.00,1.00
2016.11.22 17:57:50.684,1.25496,1.25509,1.00,1.00
2016.11.22 17:57:51.089,1.25493,1.2551,1.00,1.00
2016.11.22 17:57:52.458,1.25498,1.25514,1.00,1.37
2016.11.22 17:57:52.711,1.255,1.25516,1.00,1.00
2016.11.22 17:57:52.813,1.25502,1.25518,1.00,1.00
2016.11.22 17:57:54.382,1.25502,1.25521,1.00,1.12
2016.11.22 17:57:54.433,1.255,1.25519,1.31,1.00
2016.11.22 17:57:54.807,1.25506,1.25519,1.00,1.00
2016.11.22 17:57:54.994,1.255,1.25519,2.06,1.00
2016.11.22 17:57:55.441,1.25505,1.25519,1.00,1.00
2016.11.22 17:57:55.947,1.25505,1.25517,1.00,1.00
2016.11.22 17:57:55.997,1.25501,1.25517,1.50,1.00
2016.11.22 17:57:59.201,1.25501,1.25519,1.00,1.00
2016.11.22 17:57:59.252,1.25503,1.2552,1.00,1.00
2016.11.22 17:57:59.556,1.25505,1.2552,1.00,1.00
2016.11.22 17:58:00.066,1.25506,1.25522,1.00,1.50
2016.11.22 17:58:00.610,1.25505,1.2552,1.00,1.00
2016.11.22 17:58:01.116,1.25505,1.25519,1.00,1.00
2016.11.22 17:58:01.470,1.25502,1.25519,1.00,1.00
2016.11.22 17:58:02.013,1.25501,1.25518,1.50,1.00
2016.11.22 17:58:02.811,1.25501,1.25517,1.50,1.00
2016.11.22 17:58:03.807,1.25501,1.25518,1.00,1.00
2016.11.22 17:58:03.908,1.25501,1.25516,1.00,1.00
2016.11.22 17:58:04.212,1.25492,1.25511,1.37,1.12
2016.11.22 17:58:04.263,1.25492,1.25511,1.00,1.12
2016.11.22 17:58:06.728,1.25492,1.25509,1.00,1.00
2016.11.22 17:58:07.405,1.25496,1.25513,1.00,1.50
2016.11.22 17:58:07.557,1.25498,1.25515,1.00,1.00
2016.11.22 17:58:08.347,1.25497,1.25514,1.00,1.00
2016.11.22 17:58:09.485,1.25496,1.25513,1.50,1.00
2016.11.22 17:58:09.990,1.25495,1.25512,1.00,1.00
2016.11.22 17:58:10.041,1.25494,1.2551,1.00,1.00
2016.11.22 17:58:10.092,1.25495,1.25512,1.00,1.00
2016.11.22 17:58:10.930,1.25496,1.25514,1.00,1.12
2016.11.22 17:58:11.432,1.25495,1.25512,1.00,1.00
2016.11.22 17:58:11.960,1.25491,1.25508,1.50,1.00
2016.11.22 17:58:12.264,1.2549,1.25506,1.00,1.00
2016.11.22 17:58:12.770,1.25489,1.25506,1.00,1.00
2016.11.22 17:58:13.274,1.25488,1.25505,1.00,1.00
2016.11.22 17:58:13.822,1.25487,1.25504,1.00,1.00
2016.11.22 17:58:14.691,1.25487,1.25506,1.00,1.00
2016.11.22 17:58:15.198,1.25487,1.25505,1.00,1.00
2016.11.22 17:58:15.967,1.25486,1.25503,1.50,1.00
2016.11.22 17:58:17.042,1.25486,1.25504,1.00,1.00
2016.11.22 17:58:19.298,1.25485,1.25502,1.00,1.00
2016.11.22 17:58:19.400,1.25483,1.25501,1.31,1.00
2016.11.22 17:58:19.451,1.25485,1.25501,1.00,1.00
2016.11.22 17:58:19.653,1.25481,1.25499,1.50,1.00
2016.11.22 17:58:20.159,1.25481,1.25498,1.00,1.00
2016.11.22 17:58:20.966,1.25481,1.25497,1.00,1.00
2016.11.22 17:58:21.548,1.25481,1.25498,1.00,1.00
2016.11.22 17:58:22.796,1.25481,1.25491,1.00,1.00
2016.11.22 17:58:22.847,1.25474,1.25491,1.87,1.00
2016.11.22 17:58:22.949,1.2547,1.25488,2.62,1.00
2016.11.22 17:58:23.000,1.25469,1.25486,1.25,1.00
2016.11.22 17:58:23.505,1.25468,1.25486,1.00,1.00
2016.11.22 17:58:23.723,1.25466,1.25483,1.00,1.00
2016.11.22 17:58:24.034,1.25462,1.25481,1.00,1.00
2016.11.22 17:58:25.001,1.25462,1.2548,1.00,1.00
2016.11.22 17:58:25.153,1.2546,1.2548,1.50,1.00
2016.11.22 17:58:25.754,1.25461,1.2548,1.00,1.00
2016.11.22 17:58:26.334,1.25462,1.2548,1.00,1.00
2016.11.22 17:58:28.040,1.25461,1.2548,1.00,1.00
2016.11.22 17:58:28.125,1.25461,1.25478,1.00,1.00
2016.11.22 17:58:28.327,1.25458,1.25476,1.00,1.00
2016.11.22 17:58:28.631,1.25456,1.25471,1.00,1.00
2016.11.22 17:58:28.733,1.25452,1.25469,1.87,1.00
2016.11.22 17:58:28.834,1.25453,1.25471,1.00,1.00
2016.11.22 17:58:29.168,1.25456,1.25471,1.00,1.00
2016.11.22 17:58:29.674,1.25455,1.25472,1.00,1.12
2016.11.22 17:58:29.978,1.25456,1.25469,1.00,1.00
2016.11.22 17:58:30.231,1.2545,1.25468,1.00,1.00
2016.11.22 17:58:31.033,1.2545,1.25469,1.50,1.00
2016.11.22 17:58:32.178,1.25446,1.25463,1.12,1.00
2016.11.22 17:58:32.721,1.25445,1.25462,1.00,1.00
2016.11.22 17:58:33.249,1.25445,1.25462,1.56,1.00
2016.11.22 17:58:33.773,1.25445,1.25464,1.50,1.42
2016.11.22 17:58:33.824,1.25443,1.25463,1.69,1.00
2016.11.22 17:58:33.876,1.25445,1.25464,1.00,1.00
2016.11.22 17:58:34.130,1.25446,1.25466,1.50,1.00
2016.11.22 17:58:34.582,1.25447,1.25468,1.00,1.12
2016.11.22 17:58:34.887,1.2545,1.25467,1.00,1.00
2016.11.22 17:58:35.039,1.25448,1.25468,1.00,1.00
2016.11.22 17:58:35.141,1.25446,1.25467,1.00,1.00
2016.11.22 17:58:36.038,1.25445,1.25465,1.00,1.00
2016.11.22 17:58:36.342,1.25445,1.25461,1.00,1.00
2016.11.22 17:58:36.876,1.25446,1.2546,1.00,1.00
2016.11.22 17:58:36.927,1.25441,1.2546,1.50,1.00
2016.11.22 17:58:37.572,1.25446,1.2546,1.00,1.00
2016.11.22 17:58:38.150,1.2544,1.25459,1.87,1.00
2016.11.22 17:58:38.865,1.25445,1.25459,1.00,1.00
2016.11.22 17:58:39.162,1.25442,1.2546,1.31,1.00
2016.11.22 17:58:39.213,1.2544,1.25462,2.44,1.00
2016.11.22 17:58:39.771,1.25444,1.25462,1.00,1.00
2016.11.22 17:58:40.117,1.25446,1.25464,2.06,1.00
2016.11.22 17:58:40.371,1.25443,1.25463,2.06,1.00
2016.11.22 17:58:40.548,1.2544,1.25462,2.81,1.00
2016.11.22 17:58:40.599,1.2544,1.25458,2.81,1.00
2016.11.22 17:58:41.553,1.25441,1.25459,1.31,1.00
2016.11.22 17:58:42.103,1.25442,1.25459,1.00,1.00
2016.11.22 17:58:42.677,1.25441,1.25459,1.50,1.00
2016.11.22 17:58:43.285,1.25442,1.2546,1.31,1.00
2016.11.22 17:58:43.822,1.2544,1.25461,3.00,1.00
2016.11.22 17:58:44.392,1.25441,1.25461,1.12,1.00
2016.11.22 17:58:44.904,1.2544,1.2546,3.00,1.00
2016.11.22 17:58:46.271,1.2544,1.25458,1.87,1.00
2016.11.22 17:58:46.581,1.25441,1.25458,1.50,1.00
2016.11.22 17:58:48.224,1.25441,1.25459,1.50,1.00
2016.11.22 17:58:48.326,1.25446,1.25462,1.00,1.42
2016.11.22 17:58:48.478,1.25447,1.25465,1.00,1.00
2016.11.22 17:58:49.319,1.25447,1.25464,1.00,1.00
2016.11.22 17:58:49.420,1.25447,1.25466,1.00,1.12
2016.11.22 17:58:49.471,1.25446,1.25466,2.62,1.00
2016.11.22 17:58:49.981,1.25449,1.25465,1.12,1.00
2016.11.22 17:58:50.496,1.25449,1.25466,1.87,1.50
2016.11.22 17:58:50.801,1.25448,1.25462,1.00,1.00
2016.11.22 17:58:51.852,1.25447,1.25462,1.00,1.00
2016.11.22 17:58:52.363,1.25448,1.25462,1.00,1.00
2016.11.22 17:58:53.250,1.25451,1.25468,1.00,1.12
2016.11.22 17:58:53.301,1.25452,1.25468,1.00,1.00
2016.11.22 17:58:53.403,1.25453,1.2547,1.00,1.00
2016.11.22 17:58:53.454,1.25455,1.25472,1.00,1.12
2016.11.22 17:58:54.042,1.25455,1.25474,1.50,1.00
2016.11.22 17:58:54.615,1.25456,1.25475,1.50,1.50
2016.11.22 17:58:55.148,1.25456,1.25474,2.25,1.00
2016.11.22 17:58:56.156,1.25456,1.25474,1.56,1.00
2016.11.22 17:58:56.600,1.25455,1.25472,1.56,1.00
2016.11.22 17:58:57.751,1.25456,1.25474,1.56,1.00
2016.11.22 17:59:00.627,1.25456,1.25473,1.56,1.00
2016.11.22 17:59:00.678,1.25456,1.25474,1.56,1.12
2016.11.22 17:59:01.037,1.25465,1.25478,1.00,1.12
2016.11.22 17:59:01.139,1.25461,1.25478,1.00,1.12
2016.11.22 17:59:01.241,1.25466,1.25479,1.00,1.12
2016.11.22 17:59:01.342,1.25461,1.25476,1.00,1.00
2016.11.22 17:59:01.848,1.2546,1.25476,1.00,1.12
2016.11.22 17:59:02.305,1.25457,1.25474,1.56,1.00
2016.11.22 17:59:02.840,1.25457,1.25474,1.56,1.00
2016.11.22 17:59:03.144,1.25456,1.2547,1.00,1.00
2016.11.22 17:59:03.421,1.25453,1.2547,1.00,1.00
2016.11.22 17:59:03.522,1.25455,1.25471,1.00,1.12
2016.11.22 17:59:04.354,1.25454,1.25473,1.00,1.87
2016.11.22 17:59:04.863,1.25453,1.25471,1.00,1.12
2016.11.22 17:59:05.569,1.25453,1.2547,1.00,1.00
2016.11.22 17:59:06.334,1.25454,1.25471,1.00,1.12
2016.11.22 17:59:07.274,1.25452,1.25469,1.00,1.00
2016.11.22 17:59:07.638,1.25451,1.25464,1.00,1.37
2016.11.22 17:59:07.840,1.25445,1.25463,1.00,1.00
2016.11.22 17:59:08.094,1.25445,1.25461,1.00,1.00
2016.11.22 17:59:08.600,1.25445,1.25462,1.00,1.12
2016.11.22 17:59:09.866,1.25448,1.25464,1.00,1.50
2016.11.22 17:59:10.002,1.2545,1.25465,1.00,1.00
2016.11.22 17:59:10.281,1.2545,1.25467,1.00,1.12
2016.11.22 17:59:10.332,1.2545,1.25465,1.00,1.00
2016.11.22 17:59:10.433,1.25448,1.25465,1.00,1.00
2016.11.22 17:59:10.674,1.25451,1.25465,1.00,1.00
2016.11.22 17:59:10.879,1.25448,1.25465,1.00,1.00
2016.11.22 17:59:11.294,1.2545,1.25465,1.00,1.00
2016.11.22 17:59:12.017,1.2545,1.25467,1.00,1.12
2016.11.22 17:59:12.169,1.25451,1.25463,1.00,1.00
2016.11.22 17:59:12.473,1.25446,1.25463,1.50,1.00
2016.11.22 17:59:14.955,1.25446,1.25465,1.00,1.00
2016.11.22 17:59:15.057,1.2545,1.25466,1.00,1.00
2016.11.22 17:59:15.360,1.25451,1.25463,1.00,1.00
2016.11.22 17:59:15.925,1.2545,1.25461,1.00,1.00
2016.11.22 17:59:17.074,1.2545,1.25463,1.00,1.50
2016.11.22 17:59:17.556,1.2545,1.25465,1.00,1.50
2016.11.22 17:59:17.910,1.25451,1.25467,1.00,1.50
2016.11.22 17:59:18.163,1.25451,1.25468,1.50,1.00
2016.11.22 17:59:20.622,1.25451,1.25469,1.50,1.00
2016.11.22 17:59:22.120,1.25453,1.25472,1.00,1.75
2016.11.22 17:59:22.473,1.25456,1.25472,1.00,1.75
2016.11.22 17:59:23.136,1.25455,1.25472,1.00,1.75
2016.11.22 17:59:23.348,1.25453,1.25472,1.00,1.75
2016.11.22 17:59:23.658,1.25456,1.25471,1.00,1.50
2016.11.22 17:59:27.233,1.25455,1.25472,1.00,1.75
2016.11.22 17:59:29.860,1.25455,1.25473,1.50,1.00
2016.11.22 17:59:29.962,1.25461,1.25474,1.00,1.12
2016.11.22 17:59:30.467,1.2546,1.25475,1.00,1.50
2016.11.22 17:59:30.997,1.25461,1.25476,1.00,1.75
2016.11.22 17:59:31.098,1.25461,1.25478,1.00,1.50
2016.11.22 17:59:33.089,1.25461,1.25476,1.00,1.00
2016.11.22 17:59:33.241,1.25457,1.25476,1.00,1.37
2016.11.22 17:59:33.343,1.25461,1.25475,1.00,1.00
2016.11.22 17:59:35.232,1.2546,1.25475,1.00,1.50
2016.11.22 17:59:36.217,1.2546,1.25473,1.00,1.00
2016.11.22 17:59:36.267,1.25455,1.25473,1.50,1.00
2016.11.22 17:59:36.319,1.25455,1.2547,1.00,1.00
2016.11.22 17:59:36.420,1.25456,1.25473,1.00,1.50
2016.11.22 17:59:37.649,1.25456,1.25471,1.00,1.00
2016.11.22 17:59:38.347,1.25452,1.25471,1.00,1.00
2016.11.22 17:59:38.498,1.25452,1.25469,1.00,1.00
2016.11.22 17:59:39.011,1.25451,1.25471,1.50,2.44
2016.11.22 17:59:39.322,1.25451,1.25468,1.00,1.00
2016.11.22 17:59:39.373,1.25449,1.25468,1.00,1.00
2016.11.22 17:59:40.070,1.25449,1.25466,1.00,1.00
2016.11.22 17:59:41.605,1.25449,1.25467,1.00,1.00
2016.11.22 17:59:43.775,1.2545,1.25469,1.00,1.69
2016.11.22 17:59:43.826,1.25454,1.25469,1.00,1.25
2016.11.22 17:59:44.161,1.25457,1.25474,1.00,1.75
2016.11.22 17:59:44.544,1.25455,1.25472,1.00,1.12
2016.11.22 17:59:46.580,1.25455,1.25471,1.00,1.00
2016.11.22 17:59:46.731,1.25454,1.25471,1.00,2.25
2016.11.22 17:59:47.187,1.25455,1.25471,1.00,1.00
2016.11.22 17:59:47.692,1.25456,1.25474,1.00,2.25
2016.11.22 17:59:50.244,1.25453,1.25473,1.00,1.50
2016.11.22 17:59:50.584,1.25456,1.25473,1.00,1.50
2016.11.22 17:59:50.943,1.2545,1.25468,2.62,1.00
2016.11.22 17:59:51.004,1.2545,1.25468,1.00,2.25
2016.11.22 17:59:51.598,1.25451,1.25467,1.00,1.50
2016.11.22 17:59:53.270,1.2545,1.25468,1.00,2.25
2016.11.22 17:59:53.372,1.25447,1.25465,1.00,1.00
2016.11.22 17:59:53.422,1.25447,1.25465,1.00,1.75
2016.11.22 17:59:53.947,1.25446,1.25465,1.50,2.25
2016.11.22 17:59:54.502,1.25446,1.2546,1.00,1.00
2016.11.22 17:59:54.605,1.25446,1.25462,1.00,1.00
2016.11.22 17:59:54.808,1.25448,1.25465,1.00,1.12
2016.11.22 17:59:54.909,1.25448,1.25466,1.00,1.00
2016.11.22 17:59:55.345,1.25451,1.25466,1.00,1.00
2016.11.22 17:59:55.920,1.25451,1.25468,1.00,2.06
2016.11.22 17:59:57.769,1.25455,1.25469,1.00,1.75
2016.11.22 17:59:57.820,1.25455,1.25469,1.00,1.00
2016.11.22 17:59:58.023,1.25456,1.25475,1.50,2.25
2016.11.22 17:59:58.632,1.25458,1.25475,1.00,1.75
2016.11.22 17:59:59.770,1.25456,1.25474,1.50,1.50
2016.11.22 17:59:59.871,1.25454,1.25473,1.00,1.12
