2012.07.30 20:00:00.145,1.53935,1.53953,1.50,1.50
2012.07.30 20:00:00.325,1.53928,1.53953,1.41,1.50
2012.07.30 20:00:00.929,1.53928,1.53953,1.41,1.50
2012.07.30 20:00:01.497,1.53926,1.53953,2.91,1.50
2012.07.30 20:00:01.942,1.53926,1.53954,2.91,1.50
2012.07.30 20:00:02.516,1.53926,1.53954,2.91,1.50
2012.07.30 20:00:04.779,1.53926,1.53956,2.25,2.25
2012.07.30 20:00:07.617,1.53929,1.53956,1.41,1.50
2012.07.30 20:00:08.311,1.5393,1.53956,1.41,1.50
2012.07.30 20:00:08.374,1.5393,1.53952,1.41,1.50
2012.07.30 20:00:10.436,1.5393,1.53954,1.41,1.50
2012.07.30 20:00:10.499,1.5393,1.53956,1.41,1.50
2012.07.30 20:00:15.265,1.5393,1.53956,1.41,2.25
2012.07.30 20:00:15.773,1.53929,1.53956,1.41,2.25
2012.07.30 20:00:17.004,1.53929,1.5395,1.41,1.50
2012.07.30 20:00:20.865,1.53925,1.5395,1.41,1.50
2012.07.30 20:00:37.084,1.53925,1.53952,1.41,2.25
2012.07.30 20:00:41.880,1.53927,1.53952,1.41,1.50
2012.07.30 20:00:42.627,1.53927,1.53953,1.41,3.00
2012.07.30 20:01:03.469,1.53925,1.53952,1.41,1.50
2012.07.30 20:01:05.566,1.53926,1.53953,1.41,2.25
2012.07.30 20:01:09.011,1.53926,1.53951,1.41,1.50
2012.07.30 20:01:14.283,1.53926,1.53951,1.41,2.25
2012.07.30 20:01:14.516,1.53924,1.53951,1.41,1.50
2012.07.30 20:01:14.939,1.53924,1.53951,1.41,2.25
2012.07.30 20:01:15.288,1.53925,1.53952,1.41,2.25
2012.07.30 20:01:16.554,1.53928,1.53955,1.50,0.95
2012.07.30 20:01:17.108,1.53927,1.53955,1.41,2.95
2012.07.30 20:01:20.947,1.53926,1.53955,1.41,2.95
2012.07.30 20:01:21.731,1.53925,1.53955,2.16,2.95
2012.07.30 20:01:24.445,1.53925,1.53955,2.16,2.95
2012.07.30 20:01:50.631,1.53925,1.53952,1.41,2.25
2012.07.30 20:01:51.198,1.53926,1.53952,1.41,2.25
2012.07.30 20:01:53.453,1.53925,1.53952,1.41,2.25
2012.07.30 20:01:53.573,1.53925,1.53951,1.41,1.50
2012.07.30 20:01:53.953,1.53924,1.53947,1.41,2.25
2012.07.30 20:01:54.129,1.53924,1.53947,1.41,2.25
2012.07.30 20:01:56.407,1.53924,1.53947,1.41,2.25
2012.07.30 20:01:58.809,1.53924,1.53947,1.41,2.25
2012.07.30 20:02:01.891,1.53924,1.53947,1.41,2.25
2012.07.30 20:02:03.043,1.53924,1.53947,1.41,1.50
2012.07.30 20:02:03.457,1.53924,1.53954,3.28,3.00
2012.07.30 20:02:04.439,1.53925,1.53954,1.41,2.25
2012.07.30 20:02:07.010,1.53928,1.53954,1.41,2.25
2012.07.30 20:02:07.364,1.53935,1.53955,1.41,0.20
2012.07.30 20:02:09.680,1.53934,1.53955,1.41,0.20
2012.07.30 20:02:19.924,1.53935,1.53955,1.41,0.20
2012.07.30 20:02:27.218,1.53937,1.53955,2.16,0.20
2012.07.30 20:02:27.747,1.53938,1.53955,1.41,0.20
2012.07.30 20:02:28.383,1.53939,1.53955,1.41,0.20
2012.07.30 20:02:45.181,1.53932,1.53955,2.16,0.20
2012.07.30 20:02:45.250,1.53932,1.53955,1.50,0.20
2012.07.30 20:02:45.618,1.53932,1.53955,1.50,0.20
2012.07.30 20:02:47.220,1.53935,1.53955,1.50,0.20
2012.07.30 20:02:48.296,1.53935,1.53955,2.25,0.20
2012.07.30 20:02:52.001,1.53936,1.53955,2.16,0.20
2012.07.30 20:03:14.894,1.53936,1.53955,1.41,0.20
2012.07.30 20:03:18.306,1.53934,1.53955,1.41,0.20
2012.07.30 20:03:43.053,1.53934,1.53955,1.41,0.20
2012.07.30 20:04:13.062,1.53938,1.53955,1.41,0.20
2012.07.30 20:04:15.716,1.53938,1.53955,1.41,0.20
2012.07.30 20:04:21.373,1.53938,1.53955,1.41,0.20
2012.07.30 20:04:23.016,1.53937,1.53955,1.41,0.20
2012.07.30 20:04:27.642,1.53937,1.53955,1.41,0.20
2012.07.30 20:04:28.501,1.53938,1.53955,1.41,0.20
2012.07.30 20:04:28.565,1.53937,1.53955,1.50,0.20
2012.07.30 20:04:31.480,1.53935,1.53955,1.41,0.20
2012.07.30 20:04:31.600,1.53937,1.53955,2.25,0.20
2012.07.30 20:04:38.698,1.53939,1.53955,1.41,0.20
2012.07.30 20:04:42.723,1.53942,1.53955,1.56,0.20
2012.07.30 20:04:43.254,1.53942,1.53955,1.50,0.20
2012.07.30 20:04:46.637,1.53939,1.53955,1.50,0.20
2012.07.30 20:04:49.708,1.53941,1.53955,1.50,0.20
2012.07.30 20:04:50.016,1.53944,1.53955,1.50,0.20
2012.07.30 20:04:50.124,1.53941,1.53955,2.25,0.20
2012.07.30 20:04:56.431,1.53942,1.53955,1.50,0.20
2012.07.30 20:05:13.938,1.53943,1.53955,2.31,0.20
2012.07.30 20:05:14.511,1.5395,1.53955,1.41,0.20
2012.07.30 20:05:14.838,1.53951,1.53978,1.41,1.50
2012.07.30 20:05:19.497,1.53953,1.53978,1.41,1.50
2012.07.30 20:05:19.735,1.53955,1.5398,1.41,1.50
2012.07.30 20:05:19.799,1.53955,1.53985,1.41,2.25
2012.07.30 20:05:19.919,1.53955,1.53985,1.41,1.50
2012.07.30 20:05:23.574,1.53956,1.53985,1.50,1.50
2012.07.30 20:05:23.926,1.53956,1.53985,1.50,2.25
2012.07.30 20:05:24.500,1.53956,1.53985,2.25,2.25
2012.07.30 20:05:24.793,1.53958,1.53985,1.50,2.25
2012.07.30 20:05:29.461,1.53955,1.53985,2.16,2.25
2012.07.30 20:05:34.532,1.53959,1.53988,2.25,1.50
2012.07.30 20:05:36.394,1.53961,1.5399,1.50,3.10
2012.07.30 20:05:36.515,1.53961,1.5399,1.50,3.10
2012.07.30 20:05:37.350,1.53961,1.5399,1.50,3.10
2012.07.30 20:05:38.595,1.53961,1.5399,1.50,3.10
2012.07.30 20:05:38.922,1.53961,1.5399,1.50,2.25
2012.07.30 20:05:41.656,1.53961,1.5399,1.50,2.25
2012.07.30 20:05:43.100,1.53959,1.5399,2.25,2.25
2012.07.30 20:05:54.870,1.53958,1.53984,1.41,2.25
2012.07.30 20:05:57.041,1.53961,1.53984,1.50,2.25
2012.07.30 20:05:57.219,1.53964,1.53991,1.13,1.50
2012.07.30 20:05:59.435,1.53959,1.53989,2.63,1.50
2012.07.30 20:06:00.027,1.53959,1.53984,1.13,3.00
2012.07.30 20:06:00.151,1.53959,1.53983,1.13,1.50
2012.07.30 20:06:00.753,1.53955,1.53983,1.50,1.50
2012.07.30 20:06:01.327,1.53959,1.53989,1.13,1.50
2012.07.30 20:06:04.571,1.53959,1.53989,1.13,1.50
2012.07.30 20:06:14.230,1.53964,1.53994,2.25,3.10
2012.07.30 20:06:14.805,1.53964,1.53994,2.25,3.10
2012.07.30 20:06:15.657,1.53964,1.5399,2.25,1.50
2012.07.30 20:06:15.780,1.53961,1.5399,1.50,2.25
2012.07.30 20:06:16.425,1.53959,1.5399,1.41,3.00
2012.07.30 20:06:19.624,1.53959,1.53988,1.41,1.50
2012.07.30 20:06:21.758,1.53958,1.53988,1.88,1.50
2012.07.30 20:06:27.554,1.53956,1.53985,1.03,2.25
2012.07.30 20:06:28.317,1.53957,1.53985,1.03,2.25
2012.07.30 20:06:31.457,1.53957,1.53985,1.03,2.25
2012.07.30 20:06:32.606,1.53957,1.53985,1.78,2.25
2012.07.30 20:06:32.909,1.53958,1.53985,1.13,2.25
2012.07.30 20:06:34.550,1.53957,1.53985,1.78,2.25
2012.07.30 20:06:50.956,1.53957,1.53987,1.03,3.00
2012.07.30 20:06:51.697,1.53957,1.53987,1.03,3.00
2012.07.30 20:06:55.839,1.53957,1.53987,2.53,2.25
2012.07.30 20:06:55.902,1.53957,1.53987,2.53,2.25
2012.07.30 20:06:56.787,1.5396,1.5399,2.25,2.73
2012.07.30 20:06:56.853,1.53963,1.5399,1.03,2.63
2012.07.30 20:06:56.917,1.53963,1.5399,1.78,2.25
2012.07.30 20:06:57.038,1.53963,1.5399,2.59,2.25
2012.07.30 20:06:57.163,1.53966,1.53997,2.31,2.25
2012.07.30 20:06:57.644,1.53966,1.53997,2.16,2.25
2012.07.30 20:06:58.600,1.53967,1.53992,1.78,2.25
2012.07.30 20:07:00.567,1.53964,1.53992,1.41,2.25
2012.07.30 20:07:01.667,1.53962,1.53992,3.72,2.25
2012.07.30 20:07:06.839,1.53966,1.53998,2.97,1.50
2012.07.30 20:07:08.440,1.53964,1.53994,1.78,2.25
2012.07.30 20:07:11.571,1.53964,1.53993,1.41,1.50
2012.07.30 20:07:11.693,1.53962,1.53993,2.25,1.50
2012.07.30 20:07:12.231,1.53957,1.53988,1.03,2.25
2012.07.30 20:07:12.755,1.53956,1.53988,1.41,2.25
2012.07.30 20:07:13.424,1.53959,1.53988,1.03,2.25
2012.07.30 20:07:13.665,1.53962,1.53988,1.41,2.25
2012.07.30 20:07:13.964,1.53966,1.53993,1.41,2.25
2012.07.30 20:07:14.598,1.53966,1.53993,2.16,2.25
2012.07.30 20:07:24.716,1.53966,1.53993,1.41,2.25
2012.07.30 20:07:26.468,1.53963,1.53993,1.03,2.25
2012.07.30 20:07:31.712,1.53963,1.53993,1.03,2.25
2012.07.30 20:07:42.316,1.5396,1.53986,1.41,2.25
2012.07.30 20:08:01.578,1.53959,1.5399,2.16,2.25
2012.07.30 20:08:05.458,1.53956,1.53985,3.58,2.25
2012.07.30 20:08:06.119,1.53955,1.53985,2.91,2.25
2012.07.30 20:08:06.298,1.53955,1.53985,2.16,2.25
2012.07.30 20:08:08.434,1.53953,1.53985,1.03,2.25
2012.07.30 20:08:17.979,1.53966,1.53987,1.13,1.50
2012.07.30 20:08:18.102,1.53966,1.53989,1.13,1.50
2012.07.30 20:08:26.376,1.53966,1.53999,1.88,1.60
2012.07.30 20:08:27.219,1.53967,1.53994,1.88,2.25
2012.07.30 20:08:27.283,1.53967,1.53994,1.88,2.25
2012.07.30 20:08:28.281,1.53969,1.53994,1.41,2.25
2012.07.30 20:08:31.518,1.53974,1.54,1.13,2.25
2012.07.30 20:08:45.381,1.53974,1.54,1.13,2.25
2012.07.30 20:08:47.699,1.53972,1.54,1.13,2.25
2012.07.30 20:08:55.281,1.53971,1.53993,1.13,1.50
2012.07.30 20:08:55.959,1.53971,1.53993,1.13,1.50
2012.07.30 20:08:58.893,1.53968,1.53991,1.41,1.50
2012.07.30 20:08:58.956,1.53968,1.53989,1.41,1.50
2012.07.30 20:08:59.581,1.53965,1.53989,1.13,2.25
2012.07.30 20:09:00.792,1.53965,1.53989,1.13,1.50
2012.07.30 20:09:08.947,1.53963,1.53989,1.41,2.25
2012.07.30 20:09:16.135,1.53963,1.53989,1.41,1.50
2012.07.30 20:09:19.085,1.53963,1.53991,1.41,2.25
2012.07.30 20:09:33.830,1.53963,1.53991,1.50,2.25
2012.07.30 20:09:36.500,1.5396,1.53986,1.50,1.50
2012.07.30 20:09:36.679,1.53957,1.53986,1.41,2.25
2012.07.30 20:09:38.731,1.53957,1.53984,1.41,1.50
2012.07.30 20:09:38.797,1.53956,1.53977,1.41,2.25
2012.07.30 20:09:38.977,1.53948,1.53977,1.50,2.25
2012.07.30 20:09:43.450,1.53946,1.53971,1.50,1.50
2012.07.30 20:09:52.970,1.53943,1.53971,1.03,2.25
2012.07.30 20:09:54.155,1.53943,1.5397,1.41,1.13
2012.07.30 20:09:54.510,1.53936,1.53968,2.16,2.63
2012.07.30 20:09:57.125,1.53936,1.53967,1.41,1.50
2012.07.30 20:09:57.501,1.5394,1.53969,2.25,1.50
2012.07.30 20:10:00.887,1.5394,1.53971,2.91,1.50
2012.07.30 20:10:02.800,1.5394,1.53971,2.91,1.50
2012.07.30 20:10:03.692,1.53942,1.53973,1.41,2.25
2012.07.30 20:10:14.316,1.5394,1.53969,1.50,1.50
2012.07.30 20:10:14.923,1.53936,1.53968,1.41,2.25
2012.07.30 20:10:28.534,1.53935,1.53968,2.91,2.25
2012.07.30 20:10:28.597,1.53941,1.5397,1.50,2.25
2012.07.30 20:10:28.775,1.53941,1.53971,1.50,3.00
2012.07.30 20:10:29.282,1.53941,1.53971,2.25,2.25
2012.07.30 20:10:31.450,1.53941,1.53971,2.25,2.25
2012.07.30 20:10:31.516,1.53941,1.53971,2.25,2.25
2012.07.30 20:10:31.790,1.53942,1.53971,1.41,2.25
2012.07.30 20:10:48.728,1.53944,1.53976,1.50,2.25
2012.07.30 20:10:55.723,1.53944,1.53976,2.25,2.25
2012.07.30 20:11:00.681,1.53944,1.53976,1.50,2.25
2012.07.30 20:11:01.402,1.53944,1.53976,1.50,2.25
2012.07.30 20:11:05.371,1.53944,1.53976,2.25,2.25
2012.07.30 20:11:06.274,1.53954,1.53979,1.50,1.60
2012.07.30 20:11:08.393,1.53947,1.53979,1.50,3.10
2012.07.30 20:11:16.346,1.53943,1.53974,2.25,2.25
2012.07.30 20:11:16.472,1.53948,1.53975,1.50,1.13
2012.07.30 20:11:17.564,1.53948,1.53979,1.50,1.50
2012.07.30 20:11:24.985,1.53948,1.5398,2.16,2.25
2012.07.30 20:11:25.050,1.53948,1.5398,2.16,2.25
2012.07.30 20:11:32.292,1.53948,1.5398,2.25,2.25
2012.07.30 20:11:35.755,1.53948,1.5398,3.00,2.25
2012.07.30 20:11:45.724,1.53947,1.53977,2.16,2.25
2012.07.30 20:11:45.790,1.5395,1.53977,1.50,2.25
2012.07.30 20:11:46.976,1.53945,1.53977,1.88,2.35
2012.07.30 20:11:50.620,1.53944,1.53971,1.50,2.25
2012.07.30 20:11:51.103,1.53941,1.53971,1.50,2.25
2012.07.30 20:11:51.585,1.53941,1.53971,1.50,2.25
2012.07.30 20:11:51.886,1.53945,1.53976,3.00,2.25
2012.07.30 20:11:52.066,1.53948,1.53976,1.41,2.25
2012.07.30 20:11:54.975,1.53952,1.53981,1.13,2.25
2012.07.30 20:11:57.048,1.53952,1.53981,1.88,2.25
2012.07.30 20:11:57.111,1.53952,1.53981,1.13,2.25
2012.07.30 20:11:58.898,1.53953,1.53981,1.13,2.25
2012.07.30 20:11:59.252,1.53954,1.53981,1.50,2.25
2012.07.30 20:12:06.005,1.53954,1.53982,1.50,2.25
2012.07.30 20:12:09.483,1.53954,1.53982,1.13,2.25
2012.07.30 20:12:11.005,1.53954,1.53986,1.88,2.25
2012.07.30 20:12:19.477,1.53951,1.53981,1.50,2.25
2012.07.30 20:12:23.664,1.53951,1.53981,1.50,2.25
2012.07.30 20:12:24.014,1.53951,1.53981,1.50,2.25
2012.07.30 20:12:24.539,1.53951,1.53975,1.50,2.25
2012.07.30 20:12:25.297,1.53951,1.53975,1.50,2.25
2012.07.30 20:12:29.446,1.53951,1.53975,1.50,2.25
2012.07.30 20:12:32.864,1.53948,1.5398,4.03,2.25
2012.07.30 20:12:37.370,1.53948,1.53979,2.25,1.50
2012.07.30 20:12:37.608,1.53948,1.53979,2.91,1.50
2012.07.30 20:12:45.187,1.53952,1.53978,1.13,1.50
2012.07.30 20:12:45.253,1.53952,1.53978,1.13,1.50
2012.07.30 20:12:45.489,1.53951,1.5398,1.03,2.25
2012.07.30 20:12:52.728,1.53955,1.53978,1.13,1.50
2012.07.30 20:13:12.737,1.53962,1.53978,2.25,1.50
2012.07.30 20:13:12.803,1.53966,1.53987,1.13,1.50
2012.07.30 20:13:12.926,1.53966,1.53988,1.13,1.50
2012.07.30 20:13:13.490,1.53962,1.53989,2.16,3.00
2012.07.30 20:13:16.052,1.5396,1.53987,1.13,1.50
2012.07.30 20:13:16.187,1.5396,1.53985,1.13,1.50
2012.07.30 20:13:21.202,1.53961,1.53988,1.13,1.50
2012.07.30 20:13:21.268,1.5396,1.53982,1.13,1.50
2012.07.30 20:13:21.813,1.5396,1.53985,1.13,1.50
2012.07.30 20:13:25.798,1.53958,1.53988,1.50,2.25
2012.07.30 20:13:39.841,1.53955,1.53988,3.66,2.25
2012.07.30 20:13:40.183,1.53955,1.53988,3.66,3.00
2012.07.30 20:13:40.454,1.53959,1.53988,1.41,2.25
2012.07.30 20:13:40.659,1.53969,1.5399,1.50,1.50
2012.07.30 20:13:41.077,1.53969,1.53993,1.50,1.50
2012.07.30 20:13:42.727,1.53959,1.53989,1.50,1.50
2012.07.30 20:13:46.556,1.53958,1.53989,1.50,2.25
2012.07.30 20:13:52.250,1.53958,1.53989,1.50,2.63
2012.07.30 20:13:54.533,1.53958,1.53989,1.50,2.63
2012.07.30 20:13:58.763,1.53957,1.53985,1.41,1.13
2012.07.30 20:13:59.162,1.53956,1.53984,3.00,1.13
2012.07.30 20:14:06.676,1.53958,1.53985,1.41,2.25
2012.07.30 20:14:16.356,1.53956,1.53985,1.41,2.25
2012.07.30 20:14:16.596,1.53954,1.5398,1.50,2.25
2012.07.30 20:14:20.835,1.53954,1.5398,1.41,2.25
2012.07.30 20:14:24.258,1.53953,1.5398,3.00,2.25
2012.07.30 20:14:24.379,1.53949,1.53978,2.16,2.25
2012.07.30 20:14:27.772,1.53953,1.53981,2.25,1.50
2012.07.30 20:14:33.161,1.53953,1.53985,2.25,2.25
2012.07.30 20:14:36.640,1.53957,1.53985,1.50,2.25
2012.07.30 20:14:38.385,1.53957,1.53985,1.50,2.25
2012.07.30 20:15:05.486,1.53956,1.53989,3.75,2.25
2012.07.30 20:15:05.844,1.53957,1.53989,1.50,2.25
2012.07.30 20:15:09.213,1.53958,1.53989,1.50,2.25
2012.07.30 20:15:19.197,1.53956,1.53984,1.50,1.50
2012.07.30 20:15:19.796,1.53954,1.53984,2.91,2.25
2012.07.30 20:15:24.338,1.53954,1.53979,2.91,1.50
2012.07.30 20:15:24.712,1.53949,1.53973,1.41,1.50
2012.07.30 20:15:26.388,1.53949,1.53975,1.41,1.50
2012.07.30 20:15:26.455,1.53949,1.53977,1.41,2.25
2012.07.30 20:15:29.472,1.53951,1.53977,1.50,2.25
2012.07.30 20:15:56.430,1.53947,1.53977,2.91,2.25
2012.07.30 20:16:04.021,1.53947,1.53977,2.25,2.25
2012.07.30 20:16:06.532,1.53947,1.53976,2.25,1.50
2012.07.30 20:16:08.811,1.5395,1.5398,2.25,2.25
2012.07.30 20:16:10.843,1.5395,1.53976,1.50,2.25
2012.07.30 20:16:11.354,1.53944,1.53974,2.25,2.25
2012.07.30 20:16:13.342,1.53944,1.5397,2.25,1.50
2012.07.30 20:16:13.525,1.53941,1.53969,1.50,2.25
2012.07.30 20:16:16.710,1.53942,1.53969,1.50,2.25
2012.07.30 20:16:23.184,1.53942,1.53969,1.50,2.25
2012.07.30 20:16:25.871,1.5395,1.5397,1.50,2.25
2012.07.30 20:16:27.956,1.53949,1.53972,1.50,2.25
2012.07.30 20:16:28.019,1.53941,1.53972,2.25,2.25
2012.07.30 20:16:42.265,1.53939,1.53966,1.41,1.50
2012.07.30 20:16:42.799,1.53939,1.53966,1.41,2.25
2012.07.30 20:16:46.397,1.53939,1.53966,1.41,1.50
2012.07.30 20:16:48.174,1.53941,1.53966,1.41,1.50
2012.07.30 20:17:02.340,1.5394,1.53968,1.13,1.50
2012.07.30 20:17:22.262,1.53941,1.53969,1.13,2.25
2012.07.30 20:17:22.791,1.53941,1.53969,1.13,2.25
2012.07.30 20:17:23.468,1.53937,1.53963,1.50,2.25
2012.07.30 20:17:34.053,1.53941,1.53965,1.50,2.25
2012.07.30 20:17:34.468,1.53941,1.53968,2.25,1.50
2012.07.30 20:17:34.534,1.53949,1.53968,1.50,1.50
2012.07.30 20:17:34.600,1.53946,1.53969,1.50,1.50
2012.07.30 20:17:34.724,1.53946,1.53969,2.25,1.50
2012.07.30 20:17:34.847,1.53951,1.53972,1.50,1.60
2012.07.30 20:17:35.384,1.53951,1.53974,1.50,2.35
2012.07.30 20:17:36.072,1.53941,1.53968,1.50,3.00
2012.07.30 20:17:39.401,1.53937,1.53968,2.25,3.00
2012.07.30 20:17:44.460,1.53937,1.53968,2.25,3.00
2012.07.30 20:17:59.912,1.53938,1.53969,2.25,1.50
2012.07.30 20:18:00.502,1.53938,1.53971,2.25,2.25
2012.07.30 20:18:03.714,1.53938,1.53971,2.25,2.25
2012.07.30 20:18:06.627,1.53941,1.5397,1.13,1.50
2012.07.30 20:18:07.194,1.53946,1.53974,2.25,2.25
2012.07.30 20:18:10.191,1.53946,1.53971,2.25,1.50
2012.07.30 20:18:18.515,1.53946,1.53973,2.25,1.50
2012.07.30 20:18:46.584,1.53941,1.5397,1.13,1.50
2012.07.30 20:18:58.741,1.53941,1.5397,1.13,2.25
2012.07.30 20:18:59.290,1.53941,1.53969,1.13,1.50
2012.07.30 20:19:00.850,1.53941,1.53968,1.13,1.50
2012.07.30 20:19:02.741,1.53945,1.53968,1.90,1.50
2012.07.30 20:19:02.807,1.53948,1.5397,1.13,2.25
2012.07.30 20:19:02.873,1.53952,1.53976,1.50,1.50
2012.07.30 20:19:02.937,1.53957,1.53977,1.50,2.25
2012.07.30 20:19:03.003,1.53958,1.53979,1.50,1.50
2012.07.30 20:19:04.820,1.53958,1.53983,1.50,3.00
2012.07.30 20:19:05.238,1.53955,1.53983,2.25,1.50
2012.07.30 20:19:05.679,1.53955,1.53978,2.25,1.50
2012.07.30 20:19:05.977,1.53948,1.53973,3.81,1.50
2012.07.30 20:19:09.751,1.53948,1.53978,2.25,1.50
2012.07.30 20:19:10.745,1.53949,1.53976,1.50,1.50
2012.07.30 20:19:14.467,1.53948,1.53981,3.00,2.25
2012.07.30 20:19:25.863,1.53948,1.53971,2.25,1.54
2012.07.30 20:19:26.164,1.53948,1.53971,1.50,1.42
2012.07.30 20:19:26.230,1.53941,1.53968,1.50,1.50
2012.07.30 20:19:26.531,1.53938,1.53968,1.50,3.10
2012.07.30 20:19:27.064,1.53931,1.53959,1.09,2.25
2012.07.30 20:19:29.563,1.5393,1.53961,1.50,2.35
2012.07.30 20:19:37.280,1.53929,1.53958,2.25,2.25
2012.07.30 20:19:43.201,1.53925,1.53955,2.25,2.25
2012.07.30 20:19:44.458,1.53925,1.53955,2.25,2.25
2012.07.30 20:19:54.266,1.53926,1.53952,1.50,2.25
2012.07.30 20:19:59.887,1.53922,1.53952,2.25,2.25
2012.07.30 20:20:00.753,1.53923,1.53952,1.13,2.25
2012.07.30 20:20:00.896,1.53923,1.53947,1.13,1.50
2012.07.30 20:20:01.449,1.53927,1.53947,1.13,1.50
2012.07.30 20:20:01.803,1.53928,1.53947,1.13,1.50
2012.07.30 20:20:06.322,1.53928,1.53947,1.13,1.50
2012.07.30 20:20:06.445,1.53928,1.53953,1.13,1.50
2012.07.30 20:20:12.459,1.53928,1.53947,1.50,1.50
2012.07.30 20:20:12.523,1.53928,1.53947,1.50,1.50
2012.07.30 20:20:12.587,1.53928,1.53952,1.50,1.50
2012.07.30 20:20:18.693,1.53925,1.53952,1.13,2.73
2012.07.30 20:20:18.757,1.53921,1.53947,2.25,1.50
2012.07.30 20:20:19.168,1.53913,1.53944,2.25,2.35
2012.07.30 20:20:19.232,1.53913,1.53943,2.25,1.60
2012.07.30 20:20:24.192,1.53913,1.53944,3.00,2.25
2012.07.30 20:20:24.969,1.53913,1.53944,3.00,2.25
2012.07.30 20:20:26.826,1.53913,1.53944,3.00,2.25
2012.07.30 20:20:27.655,1.53914,1.53943,1.50,1.50
2012.07.30 20:20:38.821,1.53914,1.53942,1.50,1.50
2012.07.30 20:20:50.217,1.53914,1.53942,1.50,1.50
2012.07.30 20:20:57.803,1.53912,1.53942,2.53,1.50
2012.07.30 20:21:01.918,1.53913,1.53942,1.50,1.50
2012.07.30 20:21:01.981,1.53912,1.53942,1.88,1.50
2012.07.30 20:21:04.182,1.53913,1.53942,1.50,1.50
2012.07.30 20:21:19.001,1.53912,1.5394,1.50,1.50
2012.07.30 20:21:38.357,1.53911,1.5394,1.50,1.50
2012.07.30 20:21:38.820,1.53914,1.53945,2.25,1.50
2012.07.30 20:21:46.713,1.53911,1.53941,2.25,1.50
2012.07.30 20:21:47.368,1.53911,1.53941,2.25,1.50
2012.07.30 20:21:56.049,1.53912,1.53941,1.50,1.50
2012.07.30 20:21:58.936,1.53912,1.53941,1.50,1.50
2012.07.30 20:22:29.267,1.53914,1.53941,1.50,1.50
2012.07.30 20:22:30.529,1.53914,1.53941,1.50,1.50
2012.07.30 20:22:43.329,1.53917,1.53941,1.50,1.50
2012.07.30 20:22:43.454,1.5392,1.53947,1.50,1.50
2012.07.30 20:22:43.518,1.53921,1.53947,1.50,1.50
2012.07.30 20:22:43.641,1.53925,1.53951,1.50,1.50
2012.07.30 20:22:46.585,1.53921,1.53951,3.00,1.50
2012.07.30 20:23:00.700,1.53921,1.53951,3.00,1.50
2012.07.30 20:23:00.763,1.53921,1.53947,1.50,1.50
2012.07.30 20:23:09.016,1.53921,1.53951,2.25,1.50
2012.07.30 20:23:18.272,1.53923,1.53948,1.50,1.50
2012.07.30 20:23:19.494,1.5392,1.53948,1.88,1.50
2012.07.30 20:23:28.310,1.5392,1.53948,1.50,1.50
2012.07.30 20:23:29.394,1.5392,1.53948,1.50,1.50
2012.07.30 20:23:44.463,1.53917,1.53948,1.50,1.50
2012.07.30 20:24:04.506,1.53917,1.53943,2.25,1.50
2012.07.30 20:24:07.910,1.53916,1.53943,1.50,1.50
2012.07.30 20:24:24.547,1.53916,1.53944,1.50,1.50
2012.07.30 20:24:34.092,1.53915,1.53944,1.50,1.50
2012.07.30 20:24:38.053,1.53916,1.53944,1.50,1.50
2012.07.30 20:24:42.071,1.53914,1.53944,1.50,2.25
2012.07.30 20:25:00.528,1.53912,1.53943,1.13,1.50
2012.07.30 20:25:00.650,1.53915,1.53946,2.25,1.50
2012.07.30 20:25:06.348,1.53917,1.53948,1.50,2.25
2012.07.30 20:25:06.483,1.53917,1.53943,1.50,1.50
2012.07.30 20:25:18.065,1.53918,1.53947,1.50,2.25
2012.07.30 20:25:18.862,1.53918,1.53947,1.50,2.25
2012.07.30 20:25:34.875,1.53918,1.53947,1.50,2.25
2012.07.30 20:25:35.032,1.53918,1.53942,1.50,1.50
2012.07.30 20:25:43.195,1.53916,1.53948,1.13,2.25
2012.07.30 20:25:49.231,1.53917,1.53948,1.50,2.25
2012.07.30 20:26:19.503,1.53921,1.53949,1.50,1.50
2012.07.30 20:26:39.478,1.53919,1.53949,2.25,3.00
2012.07.30 20:26:43.691,1.53918,1.53947,2.25,2.25
2012.07.30 20:26:43.812,1.53914,1.53944,3.00,2.25
2012.07.30 20:26:44.637,1.53914,1.53944,2.25,2.25
2012.07.30 20:26:47.971,1.53914,1.53944,2.25,1.50
2012.07.30 20:26:52.161,1.53914,1.53944,2.25,1.88
2012.07.30 20:26:52.460,1.5391,1.53935,1.50,2.25
2012.07.30 20:26:52.525,1.53905,1.53935,0.95,2.25
2012.07.30 20:26:52.589,1.53905,1.53935,0.20,2.25
2012.07.30 20:26:53.004,1.53905,1.5393,1.20,1.50
2012.07.30 20:26:53.131,1.53905,1.53936,2.20,2.25
2012.07.30 20:26:54.203,1.53905,1.53936,2.58,1.50
2012.07.30 20:26:54.443,1.53908,1.53939,1.50,1.50
2012.07.30 20:26:54.509,1.53908,1.53941,3.00,2.25
2012.07.30 20:26:54.573,1.53913,1.53941,1.13,1.50
2012.07.30 20:26:54.637,1.53913,1.53941,1.13,1.50
2012.07.30 20:26:55.370,1.53913,1.53944,2.63,1.50
2012.07.30 20:26:56.038,1.53919,1.53946,1.13,2.25
2012.07.30 20:26:56.293,1.53913,1.53946,3.00,2.25
2012.07.30 20:26:56.360,1.5391,1.5394,2.25,1.50
2012.07.30 20:26:56.784,1.53911,1.5394,1.13,1.50
2012.07.30 20:26:57.698,1.53911,1.5394,1.50,1.50
2012.07.30 20:26:57.763,1.53911,1.53934,1.50,1.50
2012.07.30 20:26:58.370,1.53908,1.53934,1.50,1.50
2012.07.30 20:27:01.083,1.5391,1.53941,2.25,1.50
2012.07.30 20:27:06.783,1.53911,1.53941,1.50,1.50
2012.07.30 20:27:07.029,1.53915,1.53943,1.50,1.50
2012.07.30 20:27:10.890,1.53915,1.53944,1.50,1.50
2012.07.30 20:27:22.268,1.53915,1.53946,1.50,2.25
2012.07.30 20:27:29.400,1.53911,1.53941,1.50,2.25
2012.07.30 20:27:29.465,1.5391,1.53937,2.25,1.50
2012.07.30 20:27:29.995,1.5391,1.53937,1.50,1.50
2012.07.30 20:27:30.533,1.53905,1.53936,0.95,2.25
2012.07.30 20:27:36.296,1.53905,1.53936,0.95,2.25
2012.07.30 20:27:37.418,1.53905,1.53936,0.95,3.00
2012.07.30 20:27:41.830,1.53905,1.53935,0.95,1.50
2012.07.30 20:27:41.893,1.53905,1.53935,0.95,1.50
2012.07.30 20:27:45.426,1.53906,1.53936,1.50,3.00
2012.07.30 20:27:45.548,1.53906,1.53935,1.50,1.50
2012.07.30 20:27:46.253,1.53905,1.5393,0.95,1.50
2012.07.30 20:27:49.231,1.53905,1.53928,0.95,2.25
2012.07.30 20:27:49.295,1.53905,1.53934,0.95,2.25
2012.07.30 20:27:49.420,1.53905,1.53934,0.95,1.50
2012.07.30 20:27:49.854,1.53905,1.53931,0.95,1.50
2012.07.30 20:27:50.172,1.53905,1.53929,0.95,2.25
2012.07.30 20:27:50.522,1.53905,1.5393,0.20,1.50
2012.07.30 20:27:52.844,1.53905,1.53932,0.20,2.63
2012.07.30 20:27:54.154,1.53905,1.53932,0.95,3.00
2012.07.30 20:27:54.278,1.53905,1.53932,0.20,1.50
2012.07.30 20:27:54.460,1.53906,1.53935,1.50,1.50
2012.07.30 20:27:55.119,1.53906,1.53936,3.00,1.50
2012.07.30 20:27:55.309,1.53906,1.53936,2.25,2.25
2012.07.30 20:27:55.799,1.53906,1.53932,1.50,1.50
2012.07.30 20:28:03.642,1.53906,1.53932,2.25,2.25
2012.07.30 20:28:03.885,1.53905,1.53932,1.20,2.25
2012.07.30 20:28:14.648,1.53905,1.53932,0.20,1.50
2012.07.30 20:28:16.807,1.53905,1.53932,0.20,2.25
2012.07.30 20:28:17.717,1.53905,1.53932,0.20,1.50
2012.07.30 20:28:23.300,1.53902,1.53932,1.50,1.50
2012.07.30 20:28:23.595,1.53925,1.53932,0.20,1.50
2012.07.30 20:28:30.653,1.53914,1.53937,0.20,1.50
2012.07.30 20:28:30.882,1.53904,1.53924,1.50,1.50
2012.07.30 20:28:32.730,1.53902,1.53935,2.25,2.10
2012.07.30 20:28:36.829,1.53906,1.53934,1.50,1.43
2012.07.30 20:28:56.947,1.53906,1.53937,3.00,2.25
2012.07.30 20:29:09.745,1.53906,1.53937,3.00,1.50
2012.07.30 20:29:09.863,1.53906,1.53937,3.00,2.25
2012.07.30 20:29:11.588,1.53906,1.53937,3.00,1.50
2012.07.30 20:29:13.065,1.53906,1.53937,3.00,1.50
2012.07.30 20:29:27.058,1.53907,1.53937,1.50,1.50
2012.07.30 20:29:45.051,1.53906,1.53937,3.00,2.25
2012.07.30 20:29:45.671,1.53906,1.53937,2.25,2.25
2012.07.30 20:29:46.638,1.53906,1.53937,1.50,2.25
2012.07.30 20:29:46.818,1.53903,1.53933,1.50,1.50
2012.07.30 20:29:47.320,1.53901,1.53933,3.00,1.50
2012.07.30 20:29:51.766,1.53901,1.53931,2.25,1.50
2012.07.30 20:29:52.189,1.53904,1.53932,2.25,2.18
2012.07.30 20:29:52.559,1.53911,1.53936,1.50,1.50
2012.07.30 20:29:53.273,1.53914,1.53939,1.50,2.25
2012.07.30 20:29:53.610,1.53916,1.53935,1.50,1.50
2012.07.30 20:29:53.883,1.53906,1.53935,1.50,1.50
2012.07.30 20:29:53.949,1.53906,1.53934,1.50,1.50
2012.07.30 20:29:54.306,1.53904,1.53935,3.00,1.50
2012.07.30 20:29:54.372,1.53908,1.53935,1.50,1.50
2012.07.30 20:29:56.280,1.53905,1.53934,3.00,3.10
2012.07.30 20:29:56.459,1.53901,1.53929,1.50,1.50
2012.07.30 20:30:02.240,1.53901,1.53932,2.25,2.18
2012.07.30 20:30:02.305,1.53907,1.53934,1.50,1.50
2012.07.30 20:30:02.369,1.53907,1.53936,2.25,1.50
2012.07.30 20:30:02.987,1.53907,1.53937,1.50,1.50
2012.07.30 20:30:03.166,1.5391,1.53941,1.50,1.60
2012.07.30 20:30:03.419,1.5391,1.53943,2.25,3.00
2012.07.30 20:30:03.775,1.53914,1.53943,1.50,3.00
2012.07.30 20:30:04.091,1.53916,1.53944,1.50,1.50
2012.07.30 20:30:04.898,1.53912,1.53943,1.50,2.25
2012.07.30 20:30:08.335,1.53912,1.53934,1.50,1.50
2012.07.30 20:30:08.841,1.53906,1.53932,1.50,1.50
2012.07.30 20:30:10.665,1.5391,1.53941,1.50,1.50
2012.07.30 20:30:16.332,1.53911,1.53936,1.50,1.50
2012.07.30 20:30:16.920,1.53905,1.53936,2.25,1.50
2012.07.30 20:30:36.140,1.53907,1.53934,1.50,1.50
2012.07.30 20:30:46.960,1.53907,1.53934,1.50,1.50
2012.07.30 20:31:11.116,1.53908,1.53937,1.50,1.50
2012.07.30 20:31:13.919,1.53908,1.53932,1.50,1.50
2012.07.30 20:31:14.157,1.53907,1.53932,1.50,1.50
2012.07.30 20:31:14.396,1.53907,1.53932,1.50,1.50
2012.07.30 20:31:14.517,1.53905,1.53932,0.85,1.50
2012.07.30 20:31:26.879,1.53905,1.53932,0.85,1.50
2012.07.30 20:31:34.621,1.53907,1.53937,2.25,2.25
2012.07.30 20:31:34.687,1.53907,1.53934,3.00,1.50
2012.07.30 20:31:35.018,1.53907,1.53932,1.50,1.50
2012.07.30 20:31:35.502,1.53911,1.53941,1.50,2.25
2012.07.30 20:31:37.562,1.53911,1.53937,1.50,1.50
2012.07.30 20:31:38.116,1.53909,1.53935,1.50,1.50
2012.07.30 20:31:44.174,1.53907,1.53935,2.25,1.50
2012.07.30 20:31:55.809,1.5391,1.5394,2.25,1.50
2012.07.30 20:31:58.374,1.5391,1.53938,2.25,1.50
2012.07.30 20:31:58.730,1.53907,1.53936,1.50,1.50
2012.07.30 20:31:58.793,1.53907,1.53936,1.50,1.50
2012.07.30 20:32:11.372,1.53905,1.53936,3.85,1.50
2012.07.30 20:32:17.987,1.5391,1.53938,2.25,1.50
2012.07.30 20:32:18.050,1.5391,1.53942,2.25,1.50
2012.07.30 20:32:21.510,1.5391,1.53942,2.25,1.60
2012.07.30 20:32:21.627,1.5391,1.53942,2.25,1.60
2012.07.30 20:32:22.098,1.5391,1.53942,2.25,1.60
2012.07.30 20:32:23.781,1.5391,1.5394,2.25,2.25
2012.07.30 20:32:24.294,1.53905,1.53938,3.85,1.50
2012.07.30 20:32:35.948,1.53905,1.53938,3.85,2.35
2012.07.30 20:32:36.511,1.53905,1.53938,3.85,3.10
2012.07.30 20:32:43.923,1.53905,1.53935,0.85,1.50
2012.07.30 20:32:57.302,1.53905,1.53934,0.85,1.50
2012.07.30 20:32:57.423,1.53905,1.53934,0.85,1.60
2012.07.30 20:32:57.544,1.53905,1.53934,0.10,2.35
2012.07.30 20:32:58.953,1.53907,1.53935,1.50,1.60
2012.07.30 20:32:59.366,1.53905,1.53928,0.10,1.50
2012.07.30 20:33:04.269,1.53906,1.53933,1.50,1.60
2012.07.30 20:33:05.035,1.53905,1.53933,0.10,3.10
2012.07.30 20:33:06.241,1.53905,1.53927,0.10,1.50
2012.07.30 20:33:06.366,1.53905,1.53931,0.10,1.50
2012.07.30 20:33:26.296,1.53905,1.5393,0.10,1.50
2012.07.30 20:34:06.502,1.53905,1.53929,0.10,1.50
2012.07.30 20:34:43.957,1.53905,1.53923,0.10,1.50
2012.07.30 20:35:24.076,1.53905,1.53926,0.10,3.00
2012.07.30 20:35:44.070,1.53905,1.53927,0.10,1.50
2012.07.30 20:36:04.141,1.53905,1.53929,0.10,1.50
2012.07.30 20:36:08.786,1.53905,1.53929,0.85,1.50
2012.07.30 20:36:16.244,1.53905,1.53929,0.10,1.50
2012.07.30 20:36:24.085,1.53905,1.53927,0.10,1.50
2012.07.30 20:36:27.712,1.53905,1.53922,0.10,1.50
2012.07.30 20:36:47.866,1.53905,1.53919,0.10,1.50
2012.07.30 20:37:07.747,1.53905,1.53922,0.10,1.50
2012.07.30 20:37:24.535,1.53905,1.53917,0.10,1.50
2012.07.30 20:37:54.816,1.53905,1.53923,0.10,1.50
2012.07.30 20:38:01.350,1.53905,1.53915,0.10,1.50
2012.07.30 20:38:01.687,1.53905,1.53913,0.10,1.50
2012.07.30 20:38:10.061,1.53895,1.53913,1.10,1.50
2012.07.30 20:38:10.402,1.5391,1.53913,0.10,1.50
2012.07.30 20:38:21.356,1.5391,1.53914,0.10,1.50
2012.07.30 20:38:41.022,1.5391,1.53923,0.10,2.25
2012.07.30 20:39:00.403,1.5391,1.53923,0.10,3.75
2012.07.30 20:39:00.709,1.5391,1.53917,0.10,1.50
2012.07.30 20:39:03.858,1.5391,1.53921,0.10,1.50
2012.07.30 20:39:04.100,1.5391,1.53923,0.10,1.50
2012.07.30 20:39:06.689,1.5391,1.53923,0.10,1.50
2012.07.30 20:39:09.532,1.5391,1.53923,0.10,2.25
2012.07.30 20:39:09.970,1.5391,1.53923,0.10,2.25
2012.07.30 20:39:10.528,1.53895,1.53923,0.10,2.25
2012.07.30 20:39:10.802,1.53915,1.53923,0.10,2.25
2012.07.30 20:39:23.359,1.53915,1.53923,0.10,1.50
2012.07.30 20:39:31.953,1.53915,1.53923,0.10,3.00
2012.07.30 20:39:51.472,1.53915,1.53926,0.10,3.10
2012.07.30 20:39:53.070,1.53915,1.53922,0.10,1.50
2012.07.30 20:39:53.135,1.53915,1.5392,0.10,1.50
2012.07.30 20:40:27.401,1.53915,1.5392,0.10,2.25
2012.07.30 20:40:33.118,1.53915,1.53917,0.10,1.50
2012.07.30 20:40:53.212,1.53915,1.5392,0.10,1.50
2012.07.30 20:40:57.457,1.53895,1.53909,0.10,1.50
2012.07.30 20:40:57.577,1.53895,1.53907,0.10,1.50
2012.07.30 20:40:58.256,1.53895,1.53908,0.10,1.43
2012.07.30 20:40:59.526,1.53895,1.53918,0.10,1.43
2012.07.30 20:41:15.183,1.53895,1.53912,0.10,1.50
2012.07.30 20:41:34.406,1.53895,1.53919,0.10,2.25
2012.07.30 20:41:41.256,1.53895,1.53919,0.10,3.10
2012.07.30 20:41:41.321,1.53895,1.53913,0.10,1.50
2012.07.30 20:41:49.753,1.53895,1.53915,0.10,1.50
2012.07.30 20:41:49.820,1.53895,1.53919,0.10,3.00
2012.07.30 20:41:49.883,1.53895,1.53919,0.10,2.25
2012.07.30 20:42:29.783,1.53895,1.53921,0.10,4.50
2012.07.30 20:42:50.643,1.53895,1.53921,0.85,1.50
2012.07.30 20:42:54.947,1.53896,1.53921,1.50,1.50
2012.07.30 20:42:55.011,1.53896,1.53923,1.50,2.25
2012.07.30 20:42:55.075,1.53896,1.53926,2.25,2.25
2012.07.30 20:42:57.342,1.53902,1.53929,1.50,2.25
2012.07.30 20:42:57.407,1.53902,1.53932,1.50,1.60
2012.07.30 20:42:57.474,1.53905,1.53933,1.50,2.25
2012.07.30 20:42:57.949,1.53902,1.53933,1.50,2.25
2012.07.30 20:43:00.435,1.53902,1.53933,2.25,2.25
2012.07.30 20:43:00.502,1.53905,1.53933,1.50,1.50
2012.07.30 20:43:05.168,1.53905,1.53933,1.50,1.50
2012.07.30 20:43:07.802,1.53906,1.53933,1.50,1.50
2012.07.30 20:43:07.866,1.53907,1.53936,1.50,2.25
2012.07.30 20:43:08.049,1.53907,1.53939,1.50,2.25
2012.07.30 20:43:08.114,1.53912,1.53944,1.50,1.50
2012.07.30 20:43:08.659,1.53908,1.53939,1.50,1.50
2012.07.30 20:43:10.765,1.53908,1.53939,1.50,1.50
2012.07.30 20:43:11.364,1.53906,1.53939,2.25,2.25
2012.07.30 20:43:11.867,1.53906,1.53939,2.25,2.35
2012.07.30 20:43:12.180,1.53906,1.53934,2.25,1.50
2012.07.30 20:43:12.360,1.539,1.53931,2.25,1.50
2012.07.30 20:43:15.219,1.539,1.53931,1.50,1.50
2012.07.30 20:43:18.413,1.539,1.53931,1.50,1.50
2012.07.30 20:43:18.711,1.53905,1.53938,2.25,2.25
2012.07.30 20:43:19.267,1.53905,1.53938,1.50,2.25
2012.07.30 20:43:22.459,1.53903,1.53932,1.50,1.50
2012.07.30 20:44:02.577,1.53902,1.53935,3.00,2.25
2012.07.30 20:44:09.911,1.53902,1.53935,2.25,2.25
2012.07.30 20:44:22.314,1.53902,1.53935,2.25,2.25
2012.07.30 20:44:22.434,1.53905,1.53935,1.50,1.50
2012.07.30 20:44:22.978,1.53905,1.53936,3.00,1.50
2012.07.30 20:44:42.512,1.53905,1.53936,1.50,2.25
2012.07.30 20:44:43.016,1.53905,1.53936,1.50,2.25
2012.07.30 20:44:44.910,1.53907,1.53936,1.50,2.25
2012.07.30 20:44:45.332,1.5391,1.53939,1.50,1.50
2012.07.30 20:44:46.928,1.53904,1.53935,1.50,2.25
2012.07.30 20:44:51.425,1.53904,1.53935,1.50,3.00
2012.07.30 20:45:00.127,1.53904,1.53935,1.50,3.00
2012.07.30 20:45:04.026,1.53904,1.53935,1.50,3.00
2012.07.30 20:45:08.430,1.53902,1.53935,3.00,3.00
2012.07.30 20:45:09.042,1.53902,1.53935,3.00,3.00
2012.07.30 20:45:18.037,1.53902,1.53933,2.25,1.50
2012.07.30 20:45:18.450,1.53902,1.53935,3.75,2.25
2012.07.30 20:45:27.009,1.53905,1.53936,1.50,2.25
2012.07.30 20:46:07.118,1.53907,1.53938,1.50,3.00
2012.07.30 20:46:08.518,1.53907,1.53938,1.50,3.00
2012.07.30 20:46:47.112,1.53905,1.53935,1.50,1.50
2012.07.30 20:46:58.245,1.53907,1.53936,1.50,2.25
2012.07.30 20:46:58.684,1.53909,1.53937,1.50,1.50
2012.07.30 20:47:01.783,1.53904,1.53935,1.50,1.50
2012.07.30 20:47:08.430,1.53904,1.53935,1.50,1.50
2012.07.30 20:47:16.581,1.53904,1.53937,1.50,3.00
2012.07.30 20:47:21.302,1.53904,1.53937,2.25,2.25
2012.07.30 20:47:21.748,1.53906,1.53939,1.50,3.00
2012.07.30 20:47:22.619,1.53906,1.53939,1.50,3.75
2012.07.30 20:47:23.476,1.53907,1.53937,1.50,1.60
2012.07.30 20:47:23.830,1.53907,1.53937,1.50,1.60
2012.07.30 20:47:24.441,1.53902,1.53935,1.50,3.00
2012.07.30 20:47:25.290,1.53907,1.53935,1.50,3.00
2012.07.30 20:47:25.672,1.53908,1.53939,1.50,1.60
2012.07.30 20:47:26.841,1.53908,1.53936,1.50,1.50
2012.07.30 20:47:26.906,1.53904,1.53934,2.25,2.25
2012.07.30 20:47:27.088,1.53909,1.53936,1.50,1.50
2012.07.30 20:47:27.153,1.53909,1.53939,1.50,3.68
2012.07.30 20:47:41.182,1.53909,1.53939,1.50,1.50
2012.07.30 20:47:46.877,1.53912,1.53941,1.50,1.50
2012.07.30 20:47:57.112,1.53912,1.53941,1.50,1.50
2012.07.30 20:47:58.325,1.53912,1.53944,1.50,3.00
2012.07.30 20:48:06.931,1.53914,1.53944,1.50,1.50
2012.07.30 20:48:18.502,1.53914,1.53944,1.50,1.60
2012.07.30 20:48:18.854,1.53908,1.53937,2.25,2.18
2012.07.30 20:48:19.160,1.53908,1.53937,1.50,2.18
2012.07.30 20:48:38.783,1.53903,1.53935,1.50,1.50
2012.07.30 20:48:49.152,1.53903,1.53935,1.50,1.50
2012.07.30 20:48:58.791,1.53902,1.53934,1.50,2.25
2012.07.30 20:49:00.151,1.53907,1.53935,1.50,1.50
2012.07.30 20:49:00.214,1.53907,1.53936,1.50,2.25
2012.07.30 20:49:00.507,1.53907,1.5394,1.50,2.25
2012.07.30 20:49:20.288,1.53907,1.53939,1.50,1.50
2012.07.30 20:49:20.619,1.53906,1.53937,1.50,1.50
2012.07.30 20:49:28.269,1.53906,1.53937,1.50,3.00
2012.07.30 20:49:32.673,1.53908,1.53937,1.50,2.25
2012.07.30 20:49:33.086,1.53911,1.53939,1.50,1.50
2012.07.30 20:49:33.378,1.53911,1.53941,1.50,3.00
2012.07.30 20:49:49.765,1.53911,1.53941,1.50,3.00
2012.07.30 20:49:52.758,1.53908,1.53939,3.00,1.50
2012.07.30 20:49:55.413,1.53908,1.53939,1.50,3.00
2012.07.30 20:49:55.969,1.53908,1.53939,1.50,2.25
2012.07.30 20:50:00.443,1.53908,1.53939,1.50,3.00
2012.07.30 20:50:10.974,1.53908,1.53939,1.50,2.25
2012.07.30 20:50:12.865,1.5391,1.5394,1.50,1.50
2012.07.30 20:50:42.808,1.53914,1.53943,1.50,2.25
2012.07.30 20:50:42.929,1.53914,1.53944,1.50,1.50
2012.07.30 20:50:44.204,1.53912,1.53939,1.50,1.50
2012.07.30 20:50:44.819,1.53909,1.53939,2.25,2.25
2012.07.30 20:50:46.207,1.53915,1.53939,1.50,1.50
2012.07.30 20:50:46.277,1.53918,1.53945,1.50,1.50
2012.07.30 20:50:46.799,1.53918,1.53945,1.50,1.50
2012.07.30 20:50:51.289,1.53918,1.53945,1.50,1.50
2012.07.30 20:50:58.230,1.53915,1.53944,1.50,1.50
2012.07.30 20:50:58.517,1.53913,1.53944,1.50,1.50
2012.07.30 20:51:03.903,1.53913,1.53944,1.50,2.25
2012.07.30 20:51:04.260,1.53902,1.53931,2.25,1.50
2012.07.30 20:51:04.495,1.53899,1.5393,1.50,2.25
2012.07.30 20:51:04.567,1.53897,1.5393,2.22,1.50
2012.07.30 20:51:10.609,1.53904,1.53934,2.25,1.50
2012.07.30 20:51:12.415,1.53904,1.53934,1.50,3.00
2012.07.30 20:51:12.674,1.53904,1.53934,1.50,3.00
2012.07.30 20:51:12.979,1.53902,1.53929,1.50,1.50
2012.07.30 20:51:13.042,1.53898,1.53929,2.25,1.50
2012.07.30 20:51:13.601,1.53898,1.53929,2.25,1.50
2012.07.30 20:51:13.909,1.53898,1.53929,2.25,1.50
2012.07.30 20:51:18.986,1.53898,1.53929,2.25,1.50
2012.07.30 20:51:20.073,1.53898,1.53929,2.25,2.25
2012.07.30 20:51:25.347,1.539,1.53929,1.50,1.50
2012.07.30 20:51:32.654,1.53901,1.53931,2.25,1.50
2012.07.30 20:51:42.431,1.53906,1.53939,1.50,2.35
2012.07.30 20:51:42.494,1.53906,1.53939,1.50,2.35
2012.07.30 20:51:43.181,1.53906,1.53939,1.50,2.25
2012.07.30 20:51:44.258,1.53906,1.53939,2.25,2.25
2012.07.30 20:51:44.868,1.53906,1.53939,2.25,1.50
2012.07.30 20:51:46.722,1.53906,1.53939,1.50,1.50
2012.07.30 20:51:48.645,1.53906,1.53939,2.25,1.50
2012.07.30 20:51:48.778,1.53907,1.53939,1.50,1.50
2012.07.30 20:51:54.000,1.53912,1.53943,1.50,2.25
2012.07.30 20:51:56.788,1.53912,1.5394,1.50,2.25
2012.07.30 20:51:57.144,1.53907,1.53933,1.50,1.50
2012.07.30 20:51:57.547,1.53902,1.53933,2.25,3.00
2012.07.30 20:52:06.697,1.53902,1.53933,2.25,3.00
2012.07.30 20:52:06.935,1.53902,1.53933,2.25,2.25
2012.07.30 20:52:11.317,1.539,1.53928,2.25,1.50
2012.07.30 20:52:11.839,1.53897,1.53928,2.25,1.50
2012.07.30 20:52:12.165,1.53897,1.53928,3.00,1.50
2012.07.30 20:52:13.646,1.53901,1.53928,1.50,2.25
2012.07.30 20:52:15.588,1.53898,1.53928,1.50,2.25
2012.07.30 20:52:27.587,1.53902,1.53934,2.25,2.25
2012.07.30 20:52:32.829,1.53896,1.53935,2.25,2.25
2012.07.30 20:52:33.008,1.53907,1.53937,1.47,3.00
2012.07.30 20:52:42.429,1.53907,1.5394,1.50,2.25
2012.07.30 20:52:42.604,1.53907,1.5394,1.50,2.25
2012.07.30 20:52:46.508,1.53907,1.5394,1.50,2.25
2012.07.30 20:52:50.500,1.53903,1.5394,3.00,1.50
2012.07.30 20:52:51.101,1.53904,1.53941,1.50,2.35
2012.07.30 20:52:51.338,1.53904,1.53941,2.25,3.10
2012.07.30 20:53:22.860,1.53898,1.53941,2.25,1.50
2012.07.30 20:53:43.674,1.53901,1.53943,1.50,1.60
2012.07.30 20:53:43.738,1.53901,1.53943,1.50,1.60
2012.07.30 20:53:50.472,1.539,1.53943,2.25,1.60
2012.07.30 20:53:50.954,1.539,1.53943,2.25,1.50
2012.07.30 20:53:55.368,1.53896,1.53939,1.50,1.50
2012.07.30 20:53:55.701,1.53896,1.53939,1.50,1.50
2012.07.30 20:54:00.710,1.53896,1.53939,1.50,1.50
2012.07.30 20:54:02.243,1.53896,1.53935,1.50,1.50
2012.07.30 20:54:02.565,1.53895,1.53935,0.85,2.25
2012.07.30 20:54:03.451,1.53895,1.53935,0.85,2.25
2012.07.30 20:54:03.642,1.53895,1.53935,0.85,1.50
2012.07.30 20:54:10.332,1.53895,1.53939,0.85,3.00
2012.07.30 20:54:10.418,1.53895,1.53939,0.85,3.00
2012.07.30 20:54:11.094,1.53895,1.53939,0.85,3.00
2012.07.30 20:54:21.012,1.53895,1.53936,0.85,1.50
2012.07.30 20:54:21.533,1.53895,1.53934,0.85,1.50
2012.07.30 20:54:30.069,1.53895,1.53934,1.85,1.50
2012.07.30 20:54:40.212,1.53895,1.53934,1.85,1.50
2012.07.30 20:54:49.281,1.53895,1.53934,1.85,2.25
2012.07.30 20:54:49.404,1.53895,1.53923,0.10,1.50
2012.07.30 20:54:49.631,1.53895,1.53923,0.10,1.50
2012.07.30 20:54:50.733,1.53895,1.53926,0.10,1.50
2012.07.30 20:55:00.125,1.53895,1.53926,0.91,1.50
2012.07.30 20:55:00.188,1.53895,1.53926,0.85,1.50
2012.07.30 20:55:00.461,1.53895,1.53928,0.85,1.50
2012.07.30 20:55:00.526,1.53895,1.53928,0.10,1.50
2012.07.30 20:55:01.105,1.53895,1.53928,1.85,1.50
2012.07.30 20:55:12.566,1.53895,1.53927,0.85,1.50
2012.07.30 20:55:12.788,1.53895,1.53927,0.10,1.50
2012.07.30 20:55:14.097,1.53895,1.53927,0.85,1.50
2012.07.30 20:55:27.482,1.53895,1.53923,0.10,1.50
2012.07.30 20:55:30.423,1.53895,1.53928,0.85,1.50
2012.07.30 20:55:30.543,1.53895,1.53924,0.10,1.50
2012.07.30 20:55:34.592,1.53895,1.53929,1.85,1.50
2012.07.30 20:55:41.924,1.53895,1.53929,1.85,1.50
2012.07.30 20:55:42.426,1.53895,1.53929,1.10,2.25
2012.07.30 20:55:42.834,1.53895,1.53929,2.10,1.50
2012.07.30 20:55:50.584,1.53895,1.53929,1.10,1.50
2012.07.30 20:55:51.620,1.53895,1.53932,0.85,2.18
2012.07.30 20:55:51.739,1.53895,1.53932,0.85,1.43
2012.07.30 20:55:59.172,1.53895,1.53932,0.85,1.43
2012.07.30 20:55:59.974,1.53895,1.53932,0.85,2.18
2012.07.30 20:56:00.868,1.53895,1.5393,0.85,1.50
2012.07.30 20:56:14.126,1.53895,1.53937,0.85,1.50
2012.07.30 20:56:14.300,1.53897,1.53941,1.41,3.00
2012.07.30 20:56:14.362,1.53897,1.53941,1.41,2.25
2012.07.30 20:56:15.145,1.53897,1.53941,1.41,2.25
2012.07.30 20:56:25.917,1.53896,1.53941,2.91,2.25
2012.07.30 20:56:26.035,1.53896,1.53941,2.91,2.25
2012.07.30 20:56:29.333,1.53896,1.53941,2.25,2.25
2012.07.30 20:56:34.080,1.53896,1.53941,1.50,2.25
2012.07.30 20:56:34.197,1.53896,1.53936,1.50,1.50
2012.07.30 20:56:41.787,1.53895,1.53936,0.85,2.25
2012.07.30 20:56:41.906,1.53895,1.53936,0.85,2.25
2012.07.30 20:56:51.797,1.53895,1.53933,0.85,1.50
2012.07.30 20:57:01.513,1.53895,1.53933,0.85,1.50
2012.07.30 20:57:07.948,1.53897,1.53939,1.50,2.25
2012.07.30 20:57:08.304,1.53907,1.53949,1.50,1.50
2012.07.30 20:57:08.534,1.53907,1.53949,1.50,1.50
2012.07.30 20:57:09.551,1.53903,1.53945,1.50,1.50
2012.07.30 20:57:09.848,1.53906,1.53949,1.50,2.25
2012.07.30 20:57:09.912,1.53906,1.53949,1.50,1.50
2012.07.30 20:57:10.259,1.53911,1.53951,1.50,2.25
2012.07.30 20:57:10.437,1.53912,1.53951,1.50,2.25
2012.07.30 20:57:10.500,1.5391,1.53946,1.50,1.50
2012.07.30 20:57:10.677,1.53905,1.53946,2.16,1.50
2012.07.30 20:57:11.659,1.53904,1.53945,1.41,1.50
2012.07.30 20:57:21.350,1.539,1.53938,1.50,3.00
2012.07.30 20:57:21.505,1.53898,1.53938,1.50,3.00
2012.07.30 20:57:34.602,1.53898,1.53935,1.50,1.50
2012.07.30 20:57:35.235,1.53897,1.53931,1.50,1.50
2012.07.30 20:57:40.011,1.53897,1.5393,1.50,1.50
2012.07.30 20:57:40.971,1.53896,1.53937,1.50,1.50
2012.07.30 20:57:48.342,1.53895,1.53933,0.85,1.50
2012.07.30 20:57:48.875,1.53896,1.53936,1.50,3.00
2012.07.30 20:57:52.721,1.53895,1.53934,0.85,1.50
2012.07.30 20:57:53.268,1.53895,1.53934,0.85,1.50
2012.07.30 20:58:01.174,1.53895,1.53933,1.10,1.50
2012.07.30 20:58:02.287,1.53895,1.53932,2.10,2.25
2012.07.30 20:58:08.550,1.53895,1.5393,0.10,1.50
2012.07.30 20:58:09.243,1.53895,1.53929,1.85,1.50
2012.07.30 20:58:16.415,1.53895,1.53922,0.10,1.50
2012.07.30 20:58:16.695,1.53895,1.53928,0.85,1.50
2012.07.30 20:58:17.272,1.53895,1.53922,0.10,1.50
2012.07.30 20:58:18.148,1.53895,1.53924,0.10,1.50
2012.07.30 20:58:18.501,1.53895,1.53923,0.10,1.50
2012.07.30 20:58:18.692,1.53895,1.5393,0.10,2.18
2012.07.30 20:58:21.428,1.53895,1.53931,0.10,1.50
2012.07.30 20:58:21.747,1.53895,1.5393,1.10,1.50
2012.07.30 20:58:34.522,1.53895,1.5393,1.10,1.50
2012.07.30 20:58:35.138,1.5391,1.5393,0.10,1.50
2012.07.30 20:58:46.847,1.5391,1.53928,0.10,3.00
2012.07.30 20:58:47.355,1.5391,1.53928,0.10,3.00
2012.07.30 20:58:58.638,1.5391,1.53933,0.10,3.75
2012.07.30 20:59:00.463,1.5391,1.53929,0.10,0.75
2012.07.30 20:59:00.521,1.5391,1.53934,0.10,0.75
2012.07.30 20:59:02.402,1.5391,1.53929,0.10,0.75
2012.07.30 20:59:02.630,1.5391,1.53933,0.10,0.75
2012.07.30 20:59:12.037,1.5391,1.53938,0.10,0.75
2012.07.30 20:59:14.452,1.5391,1.53933,0.10,0.75
2012.07.30 20:59:14.563,1.5391,1.53938,0.10,1.50
2012.07.30 20:59:24.975,1.5391,1.53934,0.10,0.75
2012.07.30 20:59:25.090,1.5391,1.53938,0.10,0.75
2012.07.30 20:59:27.813,1.5391,1.53934,0.10,1.43
2012.07.30 20:59:32.808,1.5391,1.53928,0.10,0.75
2012.07.30 20:59:43.760,1.5391,1.53933,0.10,0.75
2012.07.30 20:59:51.298,1.5391,1.53928,0.10,0.75
2012.07.30 20:59:59.510,1.5391,1.53921,0.10,1.50
