2017.12.28 06:00:00.142,1.32037,1.32064,1.00,1.00
2017.12.28 06:00:00.194,1.32041,1.32064,1.00,1.00
2017.12.28 06:00:00.794,1.32041,1.32066,1.00,1.00
2017.12.28 06:00:01.994,1.32039,1.32066,1.00,1.00
2017.12.28 06:00:02.597,1.32038,1.32067,1.50,1.12
2017.12.28 06:00:03.238,1.32039,1.32066,1.00,1.00
2017.12.28 06:00:04.112,1.32038,1.32067,1.50,1.12
2017.12.28 06:00:04.704,1.32039,1.32066,1.00,1.00
2017.12.28 06:00:05.003,1.32041,1.32062,1.00,1.00
2017.12.28 06:00:05.055,1.32038,1.32061,1.00,1.00
2017.12.28 06:00:07.140,1.32038,1.32062,1.00,1.00
2017.12.28 06:00:08.033,1.32038,1.32061,1.00,1.00
2017.12.28 06:00:08.795,1.32038,1.32064,1.50,1.00
2017.12.28 06:00:10.203,1.32038,1.32065,1.00,1.00
2017.12.28 06:00:10.786,1.32038,1.32064,1.50,1.00
2017.12.28 06:00:11.288,1.32038,1.32065,1.00,1.00
2017.12.28 06:00:11.811,1.32038,1.32064,1.50,1.00
2017.12.28 06:00:13.703,1.3204,1.32065,1.00,1.00
2017.12.28 06:00:13.827,1.32038,1.32065,1.00,1.00
2017.12.28 06:00:14.656,1.32038,1.32065,1.00,1.75
2017.12.28 06:00:15.016,1.32038,1.32065,1.00,1.00
2017.12.28 06:00:15.550,1.32038,1.32064,1.50,1.00
2017.12.28 06:00:17.843,1.32038,1.32065,1.00,1.00
2017.12.28 06:00:21.174,1.32038,1.32064,1.50,1.00
2017.12.28 06:00:22.445,1.32038,1.32066,1.00,1.00
2017.12.28 06:00:22.637,1.32038,1.32061,1.00,1.00
2017.12.28 06:00:24.124,1.32035,1.32059,1.00,1.00
2017.12.28 06:00:24.899,1.32035,1.32061,1.00,1.00
2017.12.28 06:00:25.162,1.32035,1.32059,1.00,1.00
2017.12.28 06:00:25.562,1.32035,1.32064,1.00,3.00
2017.12.28 06:00:27.641,1.32034,1.3206,1.00,1.00
2017.12.28 06:00:28.177,1.32034,1.32059,1.00,1.00
2017.12.28 06:00:28.850,1.32034,1.3206,1.00,1.00
2017.12.28 06:00:30.443,1.32034,1.32061,1.00,1.00
2017.12.28 06:00:31.142,1.32034,1.3206,1.00,1.00
2017.12.28 06:00:32.438,1.32034,1.32061,1.00,1.00
2017.12.28 06:00:33.210,1.32034,1.3206,1.00,1.00
2017.12.28 06:00:33.736,1.32037,1.32062,1.00,1.00
2017.12.28 06:00:33.890,1.32037,1.32065,1.00,1.00
2017.12.28 06:00:34.743,1.32037,1.32064,1.00,1.00
2017.12.28 06:00:35.549,1.32037,1.32065,1.00,1.00
2017.12.28 06:00:36.644,1.32037,1.32064,1.00,1.00
2017.12.28 06:00:41.209,1.32037,1.32065,1.00,1.00
2017.12.28 06:00:42.603,1.32037,1.32064,1.00,1.00
2017.12.28 06:00:43.171,1.32037,1.32065,1.00,1.00
2017.12.28 06:00:43.800,1.32037,1.32064,1.00,1.00
2017.12.28 06:00:44.344,1.32037,1.32065,1.00,1.00
2017.12.28 06:00:45.373,1.32037,1.32064,1.00,1.00
2017.12.28 06:00:47.673,1.32037,1.32065,1.00,1.00
2017.12.28 06:00:48.281,1.32037,1.32064,1.00,1.00
2017.12.28 06:00:49.045,1.32037,1.32065,1.00,1.00
2017.12.28 06:00:49.539,1.32037,1.32059,1.00,1.00
2017.12.28 06:00:49.694,1.32031,1.32057,1.00,1.00
2017.12.28 06:00:49.798,1.32031,1.32052,1.00,1.00
2017.12.28 06:00:49.902,1.32028,1.32052,1.00,1.00
2017.12.28 06:00:50.183,1.3203,1.32052,1.00,1.00
2017.12.28 06:00:52.052,1.3203,1.32051,1.00,1.00
2017.12.28 06:00:52.349,1.32028,1.32051,1.00,1.00
2017.12.28 06:00:53.171,1.32028,1.3205,1.00,1.00
2017.12.28 06:00:53.955,1.32028,1.32054,1.00,1.00
2017.12.28 06:00:54.060,1.32028,1.32052,1.00,1.50
2017.12.28 06:00:54.165,1.32025,1.32051,1.00,1.00
2017.12.28 06:00:54.708,1.32025,1.32052,1.00,1.00
2017.12.28 06:00:55.221,1.32025,1.32054,1.00,1.50
2017.12.28 06:00:55.735,1.32026,1.32054,1.00,1.50
2017.12.28 06:00:56.768,1.32025,1.32054,1.50,1.50
2017.12.28 06:00:57.533,1.32026,1.32054,1.00,2.25
2017.12.28 06:00:58.309,1.32025,1.32053,1.00,1.00
2017.12.28 06:00:58.362,1.3203,1.32056,1.00,1.00
2017.12.28 06:00:58.501,1.3203,1.32059,1.00,1.00
2017.12.28 06:00:59.578,1.3203,1.3206,1.50,1.00
2017.12.28 06:01:00.090,1.3203,1.32059,1.50,1.00
2017.12.28 06:01:03.385,1.3203,1.3206,1.00,1.00
2017.12.28 06:01:03.436,1.32032,1.32061,1.00,1.50
2017.12.28 06:01:03.982,1.32032,1.32062,1.00,1.50
2017.12.28 06:01:04.712,1.32033,1.32061,1.00,1.00
2017.12.28 06:01:05.280,1.32033,1.32062,1.00,1.50
2017.12.28 06:01:05.589,1.32035,1.32064,1.00,1.00
2017.12.28 06:01:07.303,1.32035,1.32063,1.00,1.00
2017.12.28 06:01:08.366,1.32036,1.32064,1.00,1.00
2017.12.28 06:01:10.074,1.32035,1.32064,1.00,1.50
2017.12.28 06:01:10.679,1.32036,1.32063,1.00,1.00
2017.12.28 06:01:12.293,1.32035,1.32063,1.00,1.00
2017.12.28 06:01:12.823,1.32036,1.32063,1.00,1.00
2017.12.28 06:01:13.344,1.32035,1.32063,1.00,1.00
2017.12.28 06:01:14.215,1.32035,1.32064,1.00,1.00
2017.12.28 06:01:14.971,1.32035,1.32063,1.00,1.00
2017.12.28 06:01:16.055,1.32035,1.32064,1.00,1.00
2017.12.28 06:01:23.308,1.32035,1.32063,1.00,1.00
2017.12.28 06:01:29.588,1.32036,1.32063,1.00,1.00
2017.12.28 06:01:32.146,1.32036,1.32064,1.00,1.00
2017.12.28 06:01:36.351,1.32036,1.32063,1.00,1.00
2017.12.28 06:01:40.071,1.32036,1.32064,1.00,1.00
2017.12.28 06:01:40.752,1.32036,1.32063,1.00,1.00
2017.12.28 06:01:43.282,1.32036,1.32064,1.00,1.00
2017.12.28 06:01:44.915,1.32035,1.32064,1.00,1.00
2017.12.28 06:01:45.630,1.32035,1.32065,1.00,1.50
2017.12.28 06:01:46.987,1.32036,1.32062,1.00,1.00
2017.12.28 06:01:52.664,1.32035,1.32062,2.25,1.00
2017.12.28 06:01:56.272,1.32035,1.32063,1.50,1.00
2017.12.28 06:01:56.798,1.32035,1.32062,2.25,1.00
2017.12.28 06:02:00.345,1.32035,1.32063,1.50,1.00
2017.12.28 06:02:01.299,1.32035,1.3206,1.00,1.00
2017.12.28 06:02:01.532,1.32035,1.32065,1.00,1.00
2017.12.28 06:02:03.798,1.32035,1.3206,1.00,1.00
2017.12.28 06:02:04.003,1.32035,1.32062,1.50,1.00
2017.12.28 06:02:04.764,1.32035,1.32063,1.00,1.00
2017.12.28 06:02:05.471,1.32034,1.32063,1.12,1.00
2017.12.28 06:02:06.225,1.32035,1.32062,1.00,1.00
2017.12.28 06:02:06.981,1.32034,1.32063,1.12,1.00
2017.12.28 06:02:07.394,1.32036,1.32062,1.00,1.00
2017.12.28 06:02:08.125,1.32035,1.32062,1.00,1.00
2017.12.28 06:02:13.402,1.32034,1.32063,1.12,1.00
2017.12.28 06:02:19.037,1.32035,1.32063,1.00,1.00
2017.12.28 06:02:20.443,1.32047,1.32063,1.00,1.00
2017.12.28 06:02:20.495,1.32038,1.32062,1.00,1.00
2017.12.28 06:02:20.869,1.32038,1.3206,1.00,1.00
2017.12.28 06:02:21.372,1.32038,1.32061,1.00,1.00
2017.12.28 06:02:22.772,1.32038,1.3206,1.00,1.00
2017.12.28 06:02:24.074,1.32038,1.32064,1.00,1.00
2017.12.28 06:02:24.584,1.32038,1.32065,1.00,1.00
2017.12.28 06:02:31.131,1.32038,1.32064,1.00,1.00
2017.12.28 06:02:32.368,1.32038,1.32065,1.00,1.00
2017.12.28 06:02:36.993,1.3204,1.32065,1.00,1.00
2017.12.28 06:02:37.874,1.3204,1.32064,1.00,1.00
2017.12.28 06:02:40.095,1.3204,1.32065,1.00,1.00
2017.12.28 06:02:44.354,1.3204,1.32064,1.00,1.50
2017.12.28 06:03:01.789,1.3204,1.32062,1.00,1.00
2017.12.28 06:03:02.403,1.3204,1.32063,1.00,1.00
2017.12.28 06:03:05.093,1.3204,1.32062,1.00,1.00
2017.12.28 06:03:05.556,1.3204,1.32058,1.00,1.00
2017.12.28 06:03:05.608,1.32037,1.32058,1.00,1.00
2017.12.28 06:03:08.825,1.32037,1.32059,1.00,1.00
2017.12.28 06:03:08.877,1.32033,1.32059,1.00,1.00
2017.12.28 06:03:08.929,1.32033,1.32053,1.00,1.00
2017.12.28 06:03:09.032,1.3203,1.32053,1.00,1.00
2017.12.28 06:03:09.251,1.3203,1.3205,1.00,1.00
2017.12.28 06:03:09.805,1.3203,1.32051,1.00,1.00
2017.12.28 06:03:10.377,1.3203,1.3205,1.00,1.00
2017.12.28 06:03:13.022,1.3203,1.32051,1.00,1.00
2017.12.28 06:03:13.261,1.32025,1.32048,1.00,1.00
2017.12.28 06:03:13.313,1.32021,1.32045,1.00,1.00
2017.12.28 06:03:13.365,1.32021,1.32043,1.00,1.00
2017.12.28 06:03:24.677,1.32021,1.32044,1.00,1.00
2017.12.28 06:03:25.257,1.3202,1.32043,1.00,1.00
2017.12.28 06:03:25.561,1.32022,1.32044,1.00,1.00
2017.12.28 06:03:25.767,1.32025,1.3205,1.00,1.12
2017.12.28 06:03:25.875,1.32028,1.32052,1.00,1.00
2017.12.28 06:03:25.928,1.32032,1.32059,1.00,1.00
2017.12.28 06:03:26.536,1.32032,1.3206,1.00,1.00
2017.12.28 06:03:29.822,1.32034,1.32061,1.00,1.50
2017.12.28 06:03:32.440,1.32034,1.32062,1.00,1.00
2017.12.28 06:03:34.012,1.32034,1.32058,1.00,1.00
2017.12.28 06:03:34.073,1.32034,1.32061,1.00,1.00
2017.12.28 06:03:34.125,1.3203,1.32057,1.00,1.12
2017.12.28 06:03:34.178,1.32025,1.32054,1.00,1.37
2017.12.28 06:03:34.282,1.32025,1.3205,1.00,1.50
2017.12.28 06:03:34.499,1.32021,1.3205,1.50,1.00
2017.12.28 06:03:34.759,1.32021,1.32053,1.00,1.00
2017.12.28 06:03:34.813,1.32028,1.32054,1.00,1.87
2017.12.28 06:03:36.999,1.32024,1.32054,1.00,1.12
2017.12.28 06:03:39.641,1.32024,1.32052,1.00,1.00
2017.12.28 06:03:40.235,1.32024,1.32053,1.00,1.00
2017.12.28 06:03:41.402,1.32024,1.32052,1.00,1.00
2017.12.28 06:03:43.050,1.32024,1.32053,1.00,1.00
2017.12.28 06:03:43.556,1.32024,1.32052,1.00,1.00
2017.12.28 06:03:44.403,1.32024,1.32053,1.00,1.00
2017.12.28 06:03:44.712,1.32036,1.32053,1.00,1.00
2017.12.28 06:03:44.764,1.32028,1.32053,1.00,1.00
2017.12.28 06:03:45.408,1.32028,1.32052,1.00,1.00
2017.12.28 06:03:49.241,1.32028,1.32053,1.00,1.00
2017.12.28 06:03:49.840,1.32028,1.32052,1.00,1.00
2017.12.28 06:03:51.941,1.32028,1.32053,1.00,1.00
2017.12.28 06:03:51.993,1.32038,1.32053,1.00,1.00
2017.12.28 06:03:52.045,1.32029,1.32052,1.00,1.00
2017.12.28 06:03:53.723,1.32029,1.32053,1.00,1.00
2017.12.28 06:03:54.862,1.32029,1.32052,1.00,1.00
2017.12.28 06:03:55.450,1.32029,1.32053,1.00,1.00
2017.12.28 06:03:57.568,1.32029,1.32058,1.00,1.12
2017.12.28 06:03:57.878,1.32033,1.32061,1.00,1.00
2017.12.28 06:03:58.994,1.32033,1.3206,1.00,1.00
2017.12.28 06:03:59.588,1.32033,1.32061,1.00,1.00
2017.12.28 06:04:00.247,1.3204,1.32063,1.00,2.25
2017.12.28 06:04:00.299,1.32033,1.32063,1.00,2.25
2017.12.28 06:04:05.642,1.32039,1.32064,1.00,3.37
2017.12.28 06:04:05.694,1.32035,1.32063,1.00,2.25
2017.12.28 06:04:07.304,1.32043,1.32066,1.00,1.12
2017.12.28 06:04:07.355,1.32037,1.32067,1.00,1.37
2017.12.28 06:04:08.259,1.32035,1.32065,1.00,3.00
2017.12.28 06:04:08.774,1.32038,1.32069,1.50,2.25
2017.12.28 06:04:12.114,1.32038,1.32064,1.00,1.00
2017.12.28 06:04:12.490,1.32041,1.32065,1.00,1.00
2017.12.28 06:04:13.001,1.32041,1.32064,1.00,1.00
2017.12.28 06:04:13.615,1.32041,1.32065,1.00,1.00
2017.12.28 06:04:15.311,1.32041,1.32064,1.00,1.00
2017.12.28 06:04:18.012,1.32041,1.32069,1.00,3.75
2017.12.28 06:04:18.219,1.32041,1.32064,1.00,1.00
2017.12.28 06:04:18.271,1.32041,1.32069,1.00,3.00
2017.12.28 06:04:18.646,1.32041,1.32071,1.00,1.12
2017.12.28 06:04:19.281,1.32041,1.3207,1.00,1.00
2017.12.28 06:04:23.968,1.32034,1.32059,1.00,1.00
2017.12.28 06:04:24.021,1.32032,1.3206,1.00,1.12
2017.12.28 06:04:24.124,1.32032,1.32057,1.00,1.00
2017.12.28 06:04:26.962,1.32032,1.32056,1.00,1.00
2017.12.28 06:04:30.498,1.32032,1.32057,1.00,1.00
2017.12.28 06:04:31.298,1.32032,1.32056,1.00,1.00
2017.12.28 06:04:31.349,1.32029,1.32056,1.00,1.00
2017.12.28 06:04:31.853,1.3203,1.32057,1.00,1.00
2017.12.28 06:04:32.654,1.32029,1.32051,1.00,1.00
2017.12.28 06:04:33.172,1.32029,1.3205,1.00,1.00
2017.12.28 06:04:33.490,1.32031,1.3205,1.00,1.00
2017.12.28 06:04:33.873,1.32031,1.32055,1.00,1.00
2017.12.28 06:04:34.155,1.32029,1.32055,1.00,1.00
2017.12.28 06:04:34.657,1.3203,1.32055,1.00,1.00
2017.12.28 06:04:35.939,1.3203,1.32056,1.00,1.00
2017.12.28 06:04:39.304,1.3203,1.32055,1.00,1.00
2017.12.28 06:04:39.853,1.3203,1.32056,1.00,1.00
2017.12.28 06:04:40.392,1.3203,1.32055,1.00,1.00
2017.12.28 06:04:41.083,1.32031,1.32055,1.12,1.00
2017.12.28 06:04:41.785,1.32029,1.32055,1.00,1.00
2017.12.28 06:04:41.967,1.32045,1.32053,1.00,1.00
2017.12.28 06:04:42.019,1.32034,1.32054,1.00,1.00
2017.12.28 06:04:42.125,1.32031,1.32054,1.00,1.00
2017.12.28 06:04:42.229,1.32028,1.32054,1.00,1.00
2017.12.28 06:04:42.789,1.32028,1.32053,1.00,1.00
2017.12.28 06:04:43.328,1.32028,1.32054,1.00,1.00
2017.12.28 06:04:44.030,1.32028,1.32053,1.00,1.00
2017.12.28 06:04:45.941,1.32028,1.32054,1.00,1.00
2017.12.28 06:04:46.501,1.32028,1.32053,1.00,1.00
2017.12.28 06:04:47.351,1.32028,1.32054,1.00,1.00
2017.12.28 06:04:47.881,1.32028,1.32053,1.00,1.00
2017.12.28 06:04:48.452,1.32028,1.32054,1.00,1.00
2017.12.28 06:04:49.058,1.32028,1.32053,1.00,1.00
2017.12.28 06:04:51.363,1.32028,1.32054,1.00,1.00
2017.12.28 06:04:52.278,1.32028,1.32053,1.00,1.00
2017.12.28 06:04:52.330,1.3203,1.32054,1.00,1.00
2017.12.28 06:04:52.381,1.32028,1.32054,1.00,1.00
2017.12.28 06:04:53.102,1.32028,1.32053,1.00,1.00
2017.12.28 06:04:55.633,1.32028,1.32054,1.00,1.00
2017.12.28 06:04:56.374,1.32028,1.32053,1.00,1.00
2017.12.28 06:04:56.988,1.32028,1.32054,1.00,1.00
2017.12.28 06:04:58.105,1.32028,1.32053,1.00,1.00
2017.12.28 06:04:58.631,1.32028,1.32054,1.00,1.00
2017.12.28 06:04:59.474,1.32028,1.32053,1.00,1.00
2017.12.28 06:05:00.804,1.32028,1.32054,1.00,1.00
2017.12.28 06:05:01.258,1.32028,1.32056,1.00,1.00
2017.12.28 06:05:01.763,1.32028,1.32055,1.00,1.00
2017.12.28 06:05:02.382,1.32028,1.32056,1.00,1.00
2017.12.28 06:05:02.894,1.32028,1.32055,1.00,1.00
2017.12.28 06:05:03.428,1.32028,1.32056,1.00,1.00
2017.12.28 06:05:05.023,1.32028,1.32055,1.00,1.00
2017.12.28 06:05:05.923,1.32028,1.32056,1.00,1.00
2017.12.28 06:05:07.642,1.32028,1.32055,1.00,1.00
2017.12.28 06:05:07.693,1.32028,1.32051,1.00,1.00
2017.12.28 06:05:08.367,1.32028,1.3205,1.00,1.00
2017.12.28 06:05:09.182,1.32028,1.32051,1.00,1.00
2017.12.28 06:05:09.234,1.32028,1.32056,1.00,1.00
2017.12.28 06:05:11.472,1.32028,1.32055,1.00,1.00
2017.12.28 06:05:12.242,1.32028,1.32056,1.00,1.00
2017.12.28 06:05:13.312,1.32028,1.32055,1.00,1.00
2017.12.28 06:05:15.303,1.32028,1.32056,1.00,1.00
2017.12.28 06:05:16.405,1.32028,1.32055,1.00,1.00
2017.12.28 06:05:17.002,1.32028,1.32056,1.00,1.00
2017.12.28 06:05:17.591,1.32028,1.32055,1.00,1.00
2017.12.28 06:05:22.583,1.32028,1.32056,1.00,1.00
2017.12.28 06:05:23.677,1.32027,1.3205,1.00,1.00
2017.12.28 06:05:23.730,1.32023,1.32047,1.00,1.00
2017.12.28 06:05:24.231,1.32023,1.32048,1.00,1.00
2017.12.28 06:05:24.770,1.32023,1.32047,1.00,1.00
2017.12.28 06:05:29.152,1.32023,1.32048,1.00,1.00
2017.12.28 06:05:29.926,1.32023,1.32047,1.00,1.00
2017.12.28 06:05:33.429,1.32023,1.32048,1.00,1.00
2017.12.28 06:05:34.555,1.32023,1.32047,1.00,1.00
2017.12.28 06:05:35.072,1.32023,1.32048,1.00,1.00
2017.12.28 06:05:35.741,1.32023,1.32047,1.00,1.00
2017.12.28 06:05:39.074,1.32023,1.32048,1.00,1.00
2017.12.28 06:05:40.279,1.32023,1.32047,1.00,1.00
2017.12.28 06:05:43.057,1.32023,1.32051,1.00,1.50
2017.12.28 06:05:43.737,1.32023,1.3205,1.00,1.00
2017.12.28 06:05:44.441,1.32023,1.32051,1.00,1.50
2017.12.28 06:05:51.150,1.32023,1.3205,1.00,1.00
2017.12.28 06:05:51.849,1.32023,1.32051,1.00,1.50
2017.12.28 06:05:52.942,1.32023,1.3205,1.00,1.00
2017.12.28 06:05:53.721,1.32023,1.32051,1.00,1.50
2017.12.28 06:05:53.824,1.32023,1.32049,1.00,1.00
2017.12.28 06:05:53.876,1.32023,1.32051,1.00,1.50
2017.12.28 06:05:54.099,1.32021,1.32046,1.00,1.00
2017.12.28 06:05:55.198,1.32021,1.32047,1.00,1.00
2017.12.28 06:05:58.016,1.32021,1.32046,1.00,1.00
2017.12.28 06:05:58.595,1.32021,1.32047,1.00,1.00
2017.12.28 06:05:59.112,1.32021,1.32046,1.00,1.00
2017.12.28 06:06:00.337,1.32021,1.32047,1.00,1.00
2017.12.28 06:06:00.883,1.32021,1.32046,1.00,1.00
2017.12.28 06:06:01.432,1.32021,1.32047,1.00,1.00
2017.12.28 06:06:01.986,1.32021,1.32046,1.00,1.00
2017.12.28 06:06:06.089,1.32021,1.32047,1.00,1.00
2017.12.28 06:06:06.703,1.32021,1.32046,1.50,1.00
2017.12.28 06:06:07.450,1.32021,1.32047,1.50,1.00
2017.12.28 06:06:07.760,1.32023,1.32046,1.00,1.00
2017.12.28 06:06:08.744,1.32023,1.32047,1.00,1.00
2017.12.28 06:06:09.246,1.32023,1.32046,1.00,1.00
2017.12.28 06:06:13.036,1.32023,1.32047,1.00,1.00
2017.12.28 06:06:13.582,1.32023,1.32046,1.00,1.00
2017.12.28 06:06:15.062,1.32023,1.32047,1.00,1.00
2017.12.28 06:06:15.845,1.32023,1.32046,1.00,1.00
2017.12.28 06:06:18.831,1.32023,1.32047,1.00,1.00
2017.12.28 06:06:20.172,1.32023,1.32046,1.00,1.00
2017.12.28 06:06:22.855,1.32023,1.32047,1.00,1.00
2017.12.28 06:06:23.425,1.32023,1.32044,1.00,1.00
2017.12.28 06:06:23.528,1.32023,1.32049,1.00,1.50
2017.12.28 06:06:24.131,1.32023,1.3205,1.00,1.00
2017.12.28 06:06:24.482,1.32021,1.32049,1.00,1.50
2017.12.28 06:06:28.460,1.32024,1.32049,1.00,1.00
2017.12.28 06:06:29.739,1.32021,1.32049,1.00,1.00
2017.12.28 06:06:29.790,1.32025,1.32049,1.00,1.00
2017.12.28 06:06:32.730,1.32022,1.3205,1.00,1.50
2017.12.28 06:06:36.964,1.32025,1.32049,1.00,1.00
2017.12.28 06:06:40.304,1.32022,1.32042,1.00,1.00
2017.12.28 06:06:40.356,1.3202,1.32042,1.00,1.00
2017.12.28 06:06:40.408,1.32016,1.32041,1.00,1.50
2017.12.28 06:06:41.858,1.32016,1.3204,1.00,1.00
2017.12.28 06:06:42.063,1.32012,1.32035,1.00,1.00
2017.12.28 06:06:42.325,1.32016,1.32041,1.00,2.25
2017.12.28 06:06:42.377,1.32013,1.3204,1.00,1.50
2017.12.28 06:06:44.294,1.32013,1.32037,1.00,1.00
2017.12.28 06:06:45.029,1.32013,1.32036,1.00,1.00
2017.12.28 06:06:45.738,1.32017,1.32036,1.00,1.00
2017.12.28 06:06:50.410,1.32013,1.32036,1.00,1.00
2017.12.28 06:06:51.122,1.32017,1.32037,1.00,1.00
2017.12.28 06:06:51.174,1.32014,1.32036,1.00,1.00
2017.12.28 06:06:51.918,1.32014,1.32041,1.00,1.87
2017.12.28 06:06:52.612,1.32014,1.32036,1.00,1.00
2017.12.28 06:06:53.281,1.32013,1.32036,1.00,1.00
2017.12.28 06:06:53.821,1.32013,1.32037,1.00,1.00
2017.12.28 06:06:56.244,1.32013,1.32036,1.00,1.00
2017.12.28 06:06:56.296,1.32013,1.32041,1.00,1.37
2017.12.28 06:07:00.296,1.32017,1.32042,1.00,1.87
2017.12.28 06:07:00.844,1.32014,1.32042,1.00,2.62
2017.12.28 06:07:01.048,1.32014,1.32037,1.00,1.00
2017.12.28 06:07:01.652,1.32014,1.32036,1.00,1.00
2017.12.28 06:07:02.734,1.32014,1.32037,1.00,1.00
2017.12.28 06:07:03.238,1.32014,1.32036,1.00,1.00
2017.12.28 06:07:09.702,1.32014,1.32042,1.00,1.87
2017.12.28 06:07:09.758,1.32014,1.32036,1.00,1.00
2017.12.28 06:07:10.284,1.32014,1.32037,1.00,1.00
2017.12.28 06:07:10.627,1.32014,1.32034,1.00,1.00
2017.12.28 06:07:10.936,1.3202,1.3204,1.00,1.00
2017.12.28 06:07:10.989,1.32015,1.32041,1.00,1.00
2017.12.28 06:07:11.143,1.32019,1.32039,1.00,1.00
2017.12.28 06:07:11.195,1.32014,1.32035,1.00,1.00
2017.12.28 06:07:11.988,1.32014,1.32036,1.00,1.00
2017.12.28 06:07:14.203,1.32014,1.32035,1.00,1.00
2017.12.28 06:07:14.812,1.32014,1.3204,1.00,1.00
2017.12.28 06:07:16.823,1.32014,1.32034,1.00,1.00
2017.12.28 06:07:17.419,1.32014,1.32035,1.00,1.00
2017.12.28 06:07:19.321,1.32014,1.32034,1.00,1.00
2017.12.28 06:07:20.102,1.32014,1.32035,1.00,1.00
2017.12.28 06:07:20.604,1.32014,1.32034,1.00,1.00
2017.12.28 06:07:22.315,1.32014,1.32035,1.00,1.00
2017.12.28 06:07:22.368,1.32011,1.32035,1.50,1.00
2017.12.28 06:07:23.028,1.32011,1.32034,1.50,1.00
2017.12.28 06:07:23.691,1.32011,1.32035,1.50,1.00
2017.12.28 06:07:26.855,1.32011,1.32034,1.50,1.00
2017.12.28 06:07:27.369,1.32011,1.32035,1.50,1.00
2017.12.28 06:07:27.889,1.32011,1.32034,1.50,1.00
2017.12.28 06:07:30.511,1.32011,1.32035,1.50,1.00
2017.12.28 06:07:31.122,1.32011,1.32034,1.50,1.00
2017.12.28 06:07:32.882,1.32015,1.32035,1.00,1.00
2017.12.28 06:07:33.428,1.32015,1.32034,1.00,1.00
2017.12.28 06:07:35.908,1.32011,1.32034,1.50,1.00
2017.12.28 06:07:36.413,1.32012,1.32035,1.00,1.00
2017.12.28 06:07:37.091,1.32012,1.32034,1.00,1.00
2017.12.28 06:07:37.914,1.32012,1.32035,1.00,1.00
2017.12.28 06:07:38.481,1.32012,1.32034,1.00,1.00
2017.12.28 06:07:39.043,1.32012,1.32035,1.00,1.00
2017.12.28 06:07:39.565,1.32012,1.32034,1.00,1.00
2017.12.28 06:07:41.809,1.32012,1.32038,1.00,1.00
2017.12.28 06:07:41.912,1.32016,1.32041,1.00,1.00
2017.12.28 06:07:42.629,1.32016,1.3204,1.00,1.00
2017.12.28 06:07:43.234,1.32016,1.32041,1.00,1.00
2017.12.28 06:07:44.187,1.32016,1.32038,1.00,1.00
2017.12.28 06:07:45.899,1.32016,1.32039,1.00,1.00
2017.12.28 06:07:47.446,1.32016,1.32041,1.00,1.00
2017.12.28 06:07:48.036,1.32016,1.32042,1.00,1.12
2017.12.28 06:07:48.631,1.32016,1.32041,1.00,1.00
2017.12.28 06:07:49.177,1.32016,1.32042,1.00,1.12
2017.12.28 06:07:49.724,1.32016,1.32041,1.00,1.00
2017.12.28 06:07:50.281,1.32016,1.32042,1.00,1.12
2017.12.28 06:07:51.046,1.32016,1.32041,1.00,1.00
2017.12.28 06:07:51.154,1.32016,1.32038,1.50,1.00
2017.12.28 06:07:51.931,1.32016,1.32039,1.50,1.00
2017.12.28 06:07:58.411,1.32016,1.32038,1.00,1.00
2017.12.28 06:07:58.969,1.32016,1.32039,1.00,1.00
2017.12.28 06:08:03.467,1.32016,1.32038,1.00,1.00
2017.12.28 06:08:04.363,1.32016,1.32039,1.00,1.00
2017.12.28 06:08:04.911,1.32016,1.32038,1.00,1.00
2017.12.28 06:08:06.035,1.32016,1.32039,1.00,1.00
2017.12.28 06:08:06.554,1.32016,1.32038,1.00,1.00
2017.12.28 06:08:07.179,1.32016,1.32039,1.00,1.00
2017.12.28 06:08:11.848,1.32016,1.3204,1.00,1.00
2017.12.28 06:08:12.573,1.32016,1.32039,1.00,1.00
2017.12.28 06:08:13.751,1.32016,1.3204,1.00,1.00
2017.12.28 06:08:14.389,1.32016,1.32039,1.00,1.00
2017.12.28 06:08:17.616,1.32027,1.32039,1.00,1.00
2017.12.28 06:08:17.668,1.32017,1.32039,1.00,1.00
2017.12.28 06:08:17.719,1.3202,1.32039,1.00,1.00
2017.12.28 06:08:18.518,1.32017,1.32039,1.00,1.00
2017.12.28 06:08:23.248,1.32017,1.3204,1.00,1.00
2017.12.28 06:08:23.884,1.32017,1.32039,1.00,1.00
2017.12.28 06:08:25.488,1.32017,1.3204,1.00,1.00
2017.12.28 06:08:26.132,1.32017,1.32039,1.00,1.00
2017.12.28 06:08:30.847,1.32017,1.3204,1.00,1.00
2017.12.28 06:08:31.488,1.32017,1.32039,1.00,1.00
2017.12.28 06:08:31.879,1.32014,1.32039,1.00,1.00
2017.12.28 06:08:32.141,1.32016,1.32038,1.00,1.00
2017.12.28 06:08:32.434,1.32016,1.3204,1.00,1.00
2017.12.28 06:08:34.664,1.32014,1.3204,1.00,1.00
2017.12.28 06:08:35.827,1.32014,1.32039,1.00,1.00
2017.12.28 06:08:36.438,1.32014,1.3204,1.00,1.00
2017.12.28 06:08:37.371,1.32014,1.32039,1.00,1.00
2017.12.28 06:08:45.171,1.32014,1.3204,1.00,1.00
2017.12.28 06:08:50.261,1.32016,1.3204,1.00,1.00
2017.12.28 06:08:50.684,1.32014,1.3204,1.00,1.00
2017.12.28 06:08:52.093,1.32014,1.32041,1.00,1.00
2017.12.28 06:08:52.663,1.32014,1.3204,1.00,1.00
2017.12.28 06:08:53.357,1.32014,1.32041,1.00,1.00
2017.12.28 06:08:56.624,1.32014,1.32039,1.00,1.00
2017.12.28 06:08:57.232,1.32014,1.32038,1.00,1.00
2017.12.28 06:09:00.256,1.32015,1.32041,1.00,1.00
2017.12.28 06:09:00.733,1.32015,1.32039,1.00,1.00
2017.12.28 06:09:02.862,1.32015,1.32035,1.00,1.00
2017.12.28 06:09:04.902,1.32015,1.32036,1.00,1.00
2017.12.28 06:09:06.844,1.32015,1.32035,1.50,1.00
2017.12.28 06:09:10.972,1.32015,1.32036,1.00,1.00
2017.12.28 06:09:11.494,1.32016,1.32035,1.00,1.00
2017.12.28 06:09:12.088,1.32015,1.32035,1.00,1.00
2017.12.28 06:09:16.004,1.32015,1.32036,1.00,1.00
2017.12.28 06:09:21.510,1.32015,1.32035,1.50,1.00
2017.12.28 06:09:22.043,1.32015,1.32036,1.50,1.00
2017.12.28 06:09:28.992,1.32015,1.32035,1.00,1.00
2017.12.28 06:09:29.552,1.32016,1.32035,1.00,1.00
2017.12.28 06:09:30.371,1.32016,1.32036,1.00,1.00
2017.12.28 06:09:31.989,1.32015,1.32036,1.00,1.00
2017.12.28 06:09:32.842,1.32015,1.32035,1.00,1.00
2017.12.28 06:09:33.390,1.32015,1.32036,1.00,1.00
2017.12.28 06:09:34.005,1.32015,1.32037,1.00,1.00
2017.12.28 06:09:34.533,1.32015,1.32036,1.00,1.00
2017.12.28 06:09:36.815,1.32015,1.32037,1.00,1.00
2017.12.28 06:09:41.610,1.32009,1.32035,1.00,1.50
2017.12.28 06:09:42.199,1.32009,1.32034,1.00,1.00
2017.12.28 06:09:42.942,1.32009,1.32033,1.00,1.00
2017.12.28 06:09:44.306,1.32009,1.32034,1.00,1.00
2017.12.28 06:09:44.358,1.32007,1.32034,1.00,1.00
2017.12.28 06:09:44.560,1.32011,1.32034,1.00,1.00
2017.12.28 06:09:44.663,1.32008,1.32033,1.00,1.00
2017.12.28 06:09:45.283,1.32008,1.32034,1.00,1.00
2017.12.28 06:09:45.854,1.32008,1.32033,1.00,1.00
2017.12.28 06:09:46.468,1.32008,1.3203,1.00,1.00
2017.12.28 06:09:46.623,1.32005,1.32029,1.00,1.00
2017.12.28 06:09:47.026,1.32005,1.32027,1.00,1.00
2017.12.28 06:09:48.740,1.32005,1.32026,1.00,1.00
2017.12.28 06:09:57.981,1.32005,1.32027,1.00,1.00
2017.12.28 06:09:58.539,1.32005,1.32026,1.00,1.00
2017.12.28 06:10:01.032,1.32005,1.32027,1.00,1.00
2017.12.28 06:10:02.408,1.32004,1.32028,1.00,1.00
2017.12.28 06:10:02.460,1.32004,1.3203,1.00,1.00
2017.12.28 06:10:02.828,1.32006,1.3203,1.00,1.00
2017.12.28 06:10:06.112,1.32006,1.32031,1.00,1.00
2017.12.28 06:10:06.618,1.32006,1.3203,1.00,1.00
2017.12.28 06:10:06.812,1.32004,1.3203,1.00,1.00
2017.12.28 06:10:08.557,1.32004,1.32029,1.00,1.00
2017.12.28 06:10:10.547,1.32018,1.3203,1.00,1.00
2017.12.28 06:10:10.599,1.32005,1.32029,1.00,1.00
2017.12.28 06:10:10.912,1.32003,1.32029,1.00,1.00
2017.12.28 06:10:10.964,1.32009,1.3203,1.00,1.00
2017.12.28 06:10:11.015,1.32006,1.3203,1.00,1.00
2017.12.28 06:10:11.893,1.32004,1.32029,1.00,1.00
2017.12.28 06:10:14.321,1.32006,1.32029,1.00,1.00
2017.12.28 06:10:14.373,1.32004,1.32029,1.00,1.00
2017.12.28 06:10:17.503,1.32007,1.3203,1.50,1.00
2017.12.28 06:10:17.554,1.32004,1.32029,1.00,1.00
2017.12.28 06:10:21.694,1.32004,1.3203,1.00,1.00
2017.12.28 06:10:22.382,1.32004,1.32029,1.00,1.00
2017.12.28 06:10:22.735,1.32009,1.32029,1.00,1.00
2017.12.28 06:10:23.422,1.32009,1.3203,1.00,1.00
2017.12.28 06:10:24.924,1.32009,1.32029,1.00,1.00
2017.12.28 06:10:25.555,1.32009,1.3203,1.00,1.00
2017.12.28 06:10:26.064,1.32009,1.32029,1.00,1.00
2017.12.28 06:10:26.800,1.32005,1.32029,1.00,1.00
2017.12.28 06:10:27.311,1.32006,1.32029,1.00,1.00
2017.12.28 06:10:27.827,1.32009,1.32029,1.00,1.00
2017.12.28 06:10:28.264,1.32006,1.3203,1.00,1.00
2017.12.28 06:10:30.783,1.32006,1.32029,1.00,1.00
2017.12.28 06:10:33.662,1.32006,1.3203,1.00,1.00
2017.12.28 06:10:35.982,1.32005,1.3203,1.50,1.00
2017.12.28 06:10:36.793,1.32005,1.32029,1.50,1.00
2017.12.28 06:10:37.857,1.32005,1.3203,1.50,1.00
2017.12.28 06:10:38.243,1.3201,1.3203,1.00,1.00
2017.12.28 06:10:38.295,1.32005,1.3203,1.50,1.00
2017.12.28 06:10:38.804,1.32005,1.32029,1.50,1.00
2017.12.28 06:10:42.032,1.32006,1.32029,1.00,1.00
2017.12.28 06:10:49.092,1.32006,1.3203,1.00,1.00
2017.12.28 06:10:49.897,1.32006,1.32029,1.00,1.00
2017.12.28 06:10:50.742,1.32006,1.32024,1.00,1.00
2017.12.28 06:10:52.048,1.32006,1.32025,1.00,1.00
2017.12.28 06:10:52.868,1.32006,1.32024,1.00,1.00
2017.12.28 06:10:53.425,1.32006,1.32025,1.00,1.00
2017.12.28 06:10:54.186,1.32005,1.32025,1.00,1.00
2017.12.28 06:10:54.949,1.32005,1.32024,1.00,1.00
2017.12.28 06:10:55.897,1.32006,1.32024,1.00,1.00
2017.12.28 06:11:01.362,1.32005,1.32027,1.00,1.00
2017.12.28 06:11:02.215,1.32006,1.32027,1.00,1.00
2017.12.28 06:11:10.766,1.32005,1.32027,1.00,1.00
2017.12.28 06:11:11.298,1.32004,1.32028,1.00,1.00
2017.12.28 06:11:12.193,1.32004,1.32027,1.00,1.00
2017.12.28 06:11:13.407,1.32004,1.32028,1.00,1.00
2017.12.28 06:11:14.883,1.32004,1.32027,1.00,1.00
2017.12.28 06:11:15.667,1.32004,1.32028,1.00,1.00
2017.12.28 06:11:18.360,1.32006,1.32028,1.00,1.00
2017.12.28 06:11:18.412,1.32004,1.32028,1.00,1.00
2017.12.28 06:11:18.686,1.32006,1.32027,1.00,1.00
2017.12.28 06:11:18.788,1.32004,1.32028,1.00,1.00
2017.12.28 06:11:19.304,1.32004,1.32027,1.00,1.00
2017.12.28 06:11:19.732,1.32004,1.32032,1.00,1.00
2017.12.28 06:11:19.784,1.32008,1.32032,1.00,1.00
2017.12.28 06:11:19.836,1.32006,1.32031,1.00,1.00
2017.12.28 06:11:21.732,1.32006,1.32032,1.00,1.00
2017.12.28 06:11:22.272,1.32006,1.32031,1.00,1.00
2017.12.28 06:11:23.363,1.32006,1.32032,1.00,1.00
2017.12.28 06:11:23.472,1.32006,1.32027,1.00,1.00
2017.12.28 06:11:24.042,1.32006,1.32028,1.00,1.00
2017.12.28 06:11:24.710,1.32006,1.32027,1.00,1.00
2017.12.28 06:11:25.242,1.32006,1.32028,1.00,1.00
2017.12.28 06:11:26.403,1.32006,1.32027,1.00,1.00
2017.12.28 06:11:27.341,1.32006,1.32028,1.00,1.00
2017.12.28 06:11:29.585,1.32006,1.32027,1.50,1.00
2017.12.28 06:11:30.140,1.32006,1.32028,1.00,1.00
2017.12.28 06:11:30.677,1.32006,1.32027,1.00,1.00
2017.12.28 06:11:33.731,1.32006,1.32028,1.00,1.00
2017.12.28 06:11:34.269,1.32006,1.32027,1.00,1.00
2017.12.28 06:11:34.714,1.32003,1.32027,1.00,1.00
2017.12.28 06:11:34.817,1.32005,1.32027,1.00,1.00
2017.12.28 06:11:35.333,1.32005,1.32028,1.00,1.00
2017.12.28 06:11:35.644,1.32003,1.32028,1.00,1.00
2017.12.28 06:11:35.696,1.32006,1.32027,1.00,1.00
2017.12.28 06:11:36.782,1.32006,1.32028,1.00,1.00
2017.12.28 06:11:40.333,1.32006,1.32027,1.00,1.00
2017.12.28 06:11:41.243,1.32006,1.32028,1.00,1.00
2017.12.28 06:11:41.760,1.32006,1.32027,1.00,1.00
2017.12.28 06:11:41.865,1.32003,1.32028,1.00,1.00
2017.12.28 06:11:42.018,1.32006,1.32027,1.00,1.00
2017.12.28 06:11:42.272,1.32006,1.32031,1.50,1.00
2017.12.28 06:11:42.323,1.32011,1.32032,1.00,1.00
2017.12.28 06:11:42.375,1.32008,1.32031,1.00,1.00
2017.12.28 06:11:42.505,1.32011,1.32031,1.00,1.00
2017.12.28 06:11:43.078,1.32011,1.32032,1.00,1.00
2017.12.28 06:11:43.410,1.32006,1.32026,1.00,1.00
2017.12.28 06:11:43.614,1.32003,1.32025,1.00,1.00
2017.12.28 06:11:43.767,1.32006,1.32025,1.00,1.00
2017.12.28 06:11:44.383,1.32006,1.32026,1.00,1.00
2017.12.28 06:11:45.124,1.32006,1.32025,1.00,1.00
2017.12.28 06:11:45.651,1.32006,1.32026,1.00,1.00
2017.12.28 06:11:46.067,1.32004,1.32025,1.00,1.00
2017.12.28 06:11:47.431,1.32004,1.32026,1.00,1.00
2017.12.28 06:11:47.989,1.32004,1.32025,1.00,1.00
2017.12.28 06:11:48.756,1.32004,1.32026,1.00,1.00
2017.12.28 06:11:51.231,1.32004,1.32025,1.00,1.00
2017.12.28 06:11:51.859,1.32004,1.32026,1.00,1.00
2017.12.28 06:11:52.245,1.32007,1.32026,1.00,1.00
2017.12.28 06:11:53.063,1.32007,1.32025,1.00,1.00
2017.12.28 06:11:53.919,1.32005,1.32025,1.00,1.00
2017.12.28 06:11:54.962,1.32005,1.32026,1.00,1.00
2017.12.28 06:11:56.862,1.32004,1.32025,1.00,1.00
2017.12.28 06:11:57.071,1.32006,1.32026,1.00,1.00
2017.12.28 06:12:02.635,1.32006,1.32025,1.00,1.00
2017.12.28 06:12:03.909,1.32011,1.32025,1.00,1.00
2017.12.28 06:12:03.960,1.32004,1.32025,1.00,1.00
2017.12.28 06:12:04.115,1.32006,1.32025,1.00,1.00
2017.12.28 06:12:05.913,1.32004,1.32025,1.00,1.00
2017.12.28 06:12:12.844,1.32004,1.32026,1.00,1.00
2017.12.28 06:12:16.887,1.32006,1.32026,1.00,1.00
2017.12.28 06:12:16.940,1.32004,1.32026,1.00,1.00
2017.12.28 06:12:17.527,1.32004,1.32025,1.00,1.00
2017.12.28 06:12:18.227,1.32004,1.32026,1.00,1.00
2017.12.28 06:12:18.993,1.32004,1.32025,1.00,1.00
2017.12.28 06:12:21.542,1.32006,1.32025,1.00,1.00
2017.12.28 06:12:27.397,1.32004,1.32025,1.00,1.00
2017.12.28 06:12:29.125,1.32004,1.32026,1.00,1.00
2017.12.28 06:12:29.672,1.32004,1.32025,1.00,1.00
2017.12.28 06:12:31.221,1.32004,1.32026,1.00,1.00
2017.12.28 06:12:41.951,1.32004,1.32025,1.00,1.00
2017.12.28 06:12:43.772,1.32004,1.32026,1.00,1.00
2017.12.28 06:12:54.026,1.32,1.32026,1.50,1.00
2017.12.28 06:12:54.581,1.32001,1.32025,1.00,1.00
2017.12.28 06:13:00.447,1.32,1.32026,1.87,1.00
2017.12.28 06:13:11.861,1.32,1.32025,1.87,1.00
2017.12.28 06:13:13.152,1.32,1.32026,1.37,1.00
2017.12.28 06:13:14.514,1.32,1.32025,1.87,1.00
2017.12.28 06:13:16.867,1.32,1.32026,1.37,1.00
2017.12.28 06:13:17.404,1.32,1.32025,1.87,1.00
2017.12.28 06:13:18.060,1.32,1.32026,1.37,1.00
2017.12.28 06:13:20.481,1.32,1.32025,1.87,1.00
2017.12.28 06:13:23.478,1.32009,1.32025,1.00,1.00
2017.12.28 06:13:24.760,1.32005,1.32025,1.00,1.00
2017.12.28 06:13:24.812,1.32008,1.32025,1.00,1.00
2017.12.28 06:13:25.606,1.32005,1.32025,1.00,1.00
2017.12.28 06:13:29.269,1.32005,1.32026,1.00,1.00
2017.12.28 06:13:29.809,1.32005,1.32025,1.00,1.00
2017.12.28 06:13:30.614,1.32005,1.32026,1.00,1.00
2017.12.28 06:13:33.423,1.32005,1.32025,1.00,1.00
2017.12.28 06:13:35.852,1.32005,1.32026,1.00,1.00
2017.12.28 06:13:36.794,1.32005,1.32025,1.00,1.00
2017.12.28 06:13:37.914,1.32005,1.32026,1.00,1.00
2017.12.28 06:13:38.568,1.32005,1.32025,1.00,1.00
2017.12.28 06:13:40.328,1.32005,1.32026,1.00,1.00
2017.12.28 06:13:40.985,1.32005,1.32025,1.00,1.00
2017.12.28 06:13:41.915,1.32005,1.32026,1.00,1.00
2017.12.28 06:13:42.441,1.32005,1.32025,1.00,1.00
2017.12.28 06:13:48.681,1.32005,1.32026,1.00,1.00
2017.12.28 06:13:49.203,1.32005,1.32025,1.00,1.00
2017.12.28 06:13:54.002,1.32005,1.32026,1.00,1.00
2017.12.28 06:13:54.543,1.32005,1.32025,1.00,1.00
2017.12.28 06:13:55.462,1.32005,1.32026,1.00,1.00
2017.12.28 06:13:57.163,1.32005,1.32025,1.00,1.00
2017.12.28 06:13:58.494,1.32013,1.32035,1.00,1.00
2017.12.28 06:13:58.598,1.32025,1.32044,1.84,1.00
2017.12.28 06:13:58.650,1.32031,1.32047,1.00,1.00
2017.12.28 06:13:58.814,1.32033,1.32057,1.00,1.00
2017.12.28 06:13:58.866,1.32029,1.32057,1.50,1.50
2017.12.28 06:13:59.021,1.32029,1.32051,1.00,1.00
2017.12.28 06:14:00.489,1.32029,1.32052,1.00,1.00
2017.12.28 06:14:01.013,1.32029,1.32051,1.00,1.00
2017.12.28 06:14:01.842,1.32029,1.32052,1.00,1.00
2017.12.28 06:14:02.392,1.32029,1.32051,1.00,1.00
2017.12.28 06:14:05.088,1.32029,1.32052,1.00,1.00
2017.12.28 06:14:06.187,1.32025,1.32046,1.12,1.00
2017.12.28 06:14:06.291,1.32025,1.32048,1.00,1.00
2017.12.28 06:14:06.343,1.32025,1.32051,1.00,1.00
2017.12.28 06:14:07.065,1.32025,1.32052,1.00,1.00
2017.12.28 06:14:10.190,1.32025,1.32051,1.00,1.00
2017.12.28 06:14:10.796,1.32025,1.32052,1.00,1.00
2017.12.28 06:14:12.413,1.32025,1.32048,1.00,1.00
2017.12.28 06:14:13.106,1.32025,1.32047,1.00,1.00
2017.12.28 06:14:13.997,1.32025,1.32051,1.00,1.00
2017.12.28 06:14:14.536,1.32025,1.32052,1.00,1.00
2017.12.28 06:14:26.242,1.32025,1.32051,1.00,1.00
2017.12.28 06:14:26.747,1.32025,1.32052,1.00,1.00
2017.12.28 06:14:28.871,1.32025,1.32051,1.00,1.00
2017.12.28 06:14:30.802,1.32025,1.32052,1.00,1.00
2017.12.28 06:14:33.350,1.32025,1.32051,1.00,1.00
2017.12.28 06:14:34.744,1.32025,1.32052,1.00,1.00
2017.12.28 06:14:36.239,1.32025,1.32051,1.00,1.00
2017.12.28 06:14:36.694,1.32025,1.32047,1.00,1.00
2017.12.28 06:14:44.483,1.32029,1.32047,1.00,1.00
2017.12.28 06:14:45.497,1.32024,1.32046,1.00,1.00
2017.12.28 06:14:49.515,1.32024,1.32047,1.00,1.00
2017.12.28 06:14:49.721,1.32024,1.3205,1.00,1.00
2017.12.28 06:14:53.068,1.32024,1.32046,1.00,1.00
2017.12.28 06:14:53.171,1.32022,1.3205,1.00,1.00
2017.12.28 06:14:53.744,1.32022,1.32049,2.62,1.00
2017.12.28 06:14:54.193,1.32025,1.32049,1.00,1.00
2017.12.28 06:14:58.806,1.32025,1.3205,1.00,1.00
2017.12.28 06:15:00.141,1.32025,1.32054,1.50,1.00
2017.12.28 06:15:01.311,1.32026,1.32053,1.00,1.00
2017.12.28 06:15:06.597,1.32025,1.32047,1.00,1.00
2017.12.28 06:15:06.760,1.32022,1.32046,1.00,1.00
2017.12.28 06:15:06.864,1.32019,1.32045,1.50,1.00
2017.12.28 06:15:07.536,1.32019,1.32046,1.00,1.00
2017.12.28 06:15:07.639,1.32019,1.32042,1.00,1.00
2017.12.28 06:15:11.219,1.32019,1.32043,1.00,1.00
2017.12.28 06:15:11.814,1.32019,1.32042,1.00,1.00
2017.12.28 06:15:23.763,1.32019,1.32043,1.00,1.00
2017.12.28 06:15:24.064,1.32016,1.32038,1.00,1.00
2017.12.28 06:15:29.192,1.32016,1.32039,1.00,1.00
2017.12.28 06:15:34.319,1.32016,1.32038,1.00,1.00
2017.12.28 06:15:34.720,1.32016,1.32036,1.00,1.00
2017.12.28 06:15:38.072,1.32013,1.32036,1.00,1.00
2017.12.28 06:15:38.680,1.32013,1.32037,1.00,1.00
2017.12.28 06:15:43.793,1.32013,1.32036,1.00,1.00
2017.12.28 06:15:54.852,1.32013,1.32037,1.00,1.00
2017.12.28 06:15:58.079,1.32013,1.32036,1.00,1.00
2017.12.28 06:15:58.808,1.32013,1.32037,1.00,1.00
2017.12.28 06:15:59.534,1.32013,1.32036,1.00,1.00
2017.12.28 06:16:01.733,1.3201,1.32036,1.00,1.00
2017.12.28 06:16:05.661,1.3201,1.32035,1.00,1.00
2017.12.28 06:16:09.198,1.3201,1.32036,1.00,1.00
2017.12.28 06:16:09.809,1.3201,1.32035,1.00,1.00
2017.12.28 06:16:10.496,1.3201,1.32036,1.00,1.00
2017.12.28 06:16:15.626,1.32013,1.3204,1.00,1.37
2017.12.28 06:16:16.141,1.32018,1.32041,1.00,1.00
2017.12.28 06:16:17.706,1.32013,1.3204,1.00,1.00
2017.12.28 06:16:17.757,1.32016,1.32041,1.00,1.00
2017.12.28 06:16:22.756,1.32016,1.3204,1.00,1.00
2017.12.28 06:16:23.427,1.32016,1.32041,1.00,1.00
2017.12.28 06:16:27.297,1.32016,1.3204,1.00,1.00
2017.12.28 06:16:27.821,1.32016,1.32041,1.00,1.00
2017.12.28 06:16:30.232,1.32016,1.3204,1.00,1.00
2017.12.28 06:16:37.322,1.32016,1.32041,1.00,1.00
2017.12.28 06:16:37.705,1.32014,1.32038,1.00,1.00
2017.12.28 06:16:37.811,1.32012,1.32039,1.00,1.00
2017.12.28 06:16:38.854,1.32012,1.32038,1.00,1.00
2017.12.28 06:16:41.367,1.32012,1.32039,1.00,1.00
2017.12.28 06:16:42.753,1.32012,1.32038,1.00,1.00
2017.12.28 06:16:43.337,1.32012,1.32039,1.00,1.50
2017.12.28 06:16:45.562,1.32012,1.32038,1.00,1.00
2017.12.28 06:16:55.554,1.32012,1.32039,1.00,1.00
2017.12.28 06:16:56.604,1.32012,1.32038,1.00,1.00
2017.12.28 06:16:57.680,1.32012,1.32037,1.00,1.00
2017.12.28 06:16:58.212,1.32012,1.32036,1.00,1.00
2017.12.28 06:17:00.642,1.32012,1.32037,1.00,1.00
2017.12.28 06:17:01.014,1.32012,1.32035,1.00,1.00
2017.12.28 06:17:01.383,1.32012,1.32031,1.00,1.00
2017.12.28 06:17:06.183,1.32007,1.32031,1.00,1.00
2017.12.28 06:17:06.287,1.32007,1.32026,1.00,1.00
2017.12.28 06:17:06.520,1.32002,1.32027,1.00,1.00
2017.12.28 06:17:07.065,1.32002,1.32026,1.00,1.00
2017.12.28 06:17:11.303,1.32005,1.32033,1.00,1.37
2017.12.28 06:17:11.355,1.32003,1.32033,1.00,1.37
2017.12.28 06:17:12.013,1.32002,1.32032,1.50,1.12
2017.12.28 06:17:12.841,1.32003,1.32031,1.00,1.00
2017.12.28 06:17:15.176,1.32002,1.32032,1.50,1.12
2017.12.28 06:17:16.873,1.32003,1.32032,1.00,1.12
2017.12.28 06:17:17.485,1.32002,1.32034,1.50,2.25
2017.12.28 06:17:18.323,1.32003,1.3203,1.00,1.00
2017.12.28 06:17:20.108,1.32006,1.3203,1.00,1.00
2017.12.28 06:17:20.974,1.32011,1.32031,1.00,1.00
2017.12.28 06:17:21.500,1.32011,1.3203,1.00,1.00
2017.12.28 06:17:23.272,1.32008,1.32026,1.00,1.00
2017.12.28 06:17:23.325,1.32004,1.32027,1.00,1.00
2017.12.28 06:17:23.941,1.32004,1.32026,1.00,1.00
2017.12.28 06:17:25.943,1.32004,1.32027,1.00,1.00
2017.12.28 06:17:26.453,1.32004,1.32026,1.00,1.00
2017.12.28 06:17:27.385,1.32009,1.32026,1.00,1.00
2017.12.28 06:17:28.142,1.32009,1.32027,1.00,1.00
2017.12.28 06:17:28.658,1.32009,1.32026,1.00,1.00
2017.12.28 06:17:28.709,1.32005,1.32027,1.00,1.00
2017.12.28 06:17:28.761,1.32008,1.32027,1.00,1.00
2017.12.28 06:17:29.466,1.32008,1.32026,1.00,1.00
2017.12.28 06:17:30.123,1.32008,1.32027,1.00,1.00
2017.12.28 06:17:30.723,1.32008,1.32026,1.00,1.00
2017.12.28 06:17:31.337,1.32008,1.32027,1.00,1.00
2017.12.28 06:17:31.928,1.32008,1.32026,1.00,1.00
2017.12.28 06:17:32.186,1.31999,1.32026,1.00,1.00
2017.12.28 06:17:32.288,1.32005,1.32026,1.00,1.00
2017.12.28 06:17:32.861,1.32006,1.32017,1.00,1.00
2017.12.28 06:17:32.913,1.32,1.32016,1.00,1.00
2017.12.28 06:17:33.497,1.32,1.32017,1.00,1.00
2017.12.28 06:17:34.181,1.32,1.32016,1.00,1.00
2017.12.28 06:17:34.422,1.32,1.32025,1.00,1.12
2017.12.28 06:17:34.474,1.32004,1.32024,1.00,1.00
2017.12.28 06:17:34.578,1.32004,1.32027,1.00,1.00
2017.12.28 06:17:34.629,1.32007,1.32028,1.00,1.00
2017.12.28 06:17:35.138,1.32007,1.32029,1.00,1.00
2017.12.28 06:17:36.381,1.32007,1.32028,1.00,1.00
2017.12.28 06:17:36.850,1.3201,1.32029,1.00,1.00
2017.12.28 06:17:38.161,1.3201,1.32028,1.00,1.00
2017.12.28 06:17:38.742,1.3201,1.32029,1.00,1.00
2017.12.28 06:17:39.846,1.3201,1.32029,1.00,1.50
2017.12.28 06:17:40.155,1.32001,1.32018,1.00,1.00
2017.12.28 06:17:40.291,1.32001,1.32023,1.00,1.37
2017.12.28 06:17:40.343,1.32001,1.32026,1.00,2.25
2017.12.28 06:17:40.395,1.32005,1.32025,1.00,1.00
2017.12.28 06:17:42.626,1.32005,1.32026,1.00,1.00
2017.12.28 06:17:43.784,1.32001,1.32018,1.00,1.00
2017.12.28 06:17:44.329,1.32001,1.32016,1.00,1.00
2017.12.28 06:17:45.657,1.32001,1.32017,1.00,1.00
2017.12.28 06:17:46.171,1.31996,1.3202,1.00,1.00
2017.12.28 06:17:46.223,1.32,1.3202,1.00,1.00
2017.12.28 06:17:46.755,1.32,1.32021,1.00,1.00
2017.12.28 06:17:48.962,1.32,1.3202,1.00,1.00
2017.12.28 06:17:49.793,1.32,1.32021,1.00,1.00
2017.12.28 06:17:50.829,1.32,1.3202,1.00,1.00
2017.12.28 06:17:51.971,1.32,1.32021,1.00,1.00
2017.12.28 06:17:53.717,1.32,1.3202,1.00,1.00
2017.12.28 06:17:54.283,1.32,1.32021,1.00,1.00
2017.12.28 06:17:54.489,1.31996,1.3202,1.00,1.00
2017.12.28 06:17:54.646,1.32001,1.3202,1.00,1.00
2017.12.28 06:17:54.698,1.31997,1.3202,1.00,1.00
2017.12.28 06:17:54.802,1.32,1.32021,1.00,1.00
2017.12.28 06:17:55.542,1.32,1.3202,1.00,1.00
2017.12.28 06:17:56.064,1.32,1.32021,1.00,1.00
2017.12.28 06:18:06.551,1.32,1.3202,1.00,1.00
2017.12.28 06:18:06.893,1.32,1.32017,1.00,1.00
2017.12.28 06:18:08.689,1.32,1.32018,1.00,1.00
2017.12.28 06:18:12.844,1.32,1.32017,1.00,1.00
2017.12.28 06:18:15.665,1.32,1.32018,1.00,1.00
2017.12.28 06:18:15.768,1.31998,1.32017,1.00,1.00
2017.12.28 06:18:15.819,1.32003,1.32017,1.00,1.00
2017.12.28 06:18:16.398,1.32003,1.32018,1.00,1.00
2017.12.28 06:18:16.906,1.32003,1.32017,1.00,1.00
2017.12.28 06:18:21.779,1.31999,1.32017,1.00,1.00
2017.12.28 06:18:22.462,1.31998,1.32018,1.00,1.00
2017.12.28 06:18:22.514,1.31998,1.32021,1.00,1.00
2017.12.28 06:18:23.109,1.31998,1.32022,1.00,1.00
2017.12.28 06:18:26.493,1.31998,1.32021,1.00,1.00
2017.12.28 06:18:27.929,1.31998,1.32022,1.00,1.12
2017.12.28 06:18:28.436,1.31998,1.32021,1.00,1.00
2017.12.28 06:18:32.817,1.31998,1.3202,1.00,1.00
2017.12.28 06:18:35.898,1.31998,1.32021,1.00,1.00
2017.12.28 06:18:36.401,1.31998,1.3202,1.00,1.00
2017.12.28 06:18:45.607,1.31998,1.32021,1.00,1.12
2017.12.28 06:18:52.204,1.31996,1.32021,1.00,1.12
2017.12.28 06:18:52.699,1.31999,1.32021,1.00,1.12
2017.12.28 06:18:55.862,1.31998,1.32022,1.00,1.37
2017.12.28 06:18:59.566,1.31998,1.32018,1.00,1.00
2017.12.28 06:19:03.353,1.31998,1.32017,1.00,1.00
2017.12.28 06:19:07.862,1.31998,1.32018,1.00,1.00
2017.12.28 06:19:08.572,1.31998,1.32017,1.00,1.00
2017.12.28 06:19:11.742,1.31998,1.32019,1.00,1.00
2017.12.28 06:19:19.217,1.31995,1.32013,1.00,1.00
2017.12.28 06:19:19.702,1.31995,1.32011,1.00,1.00
2017.12.28 06:19:21.095,1.31995,1.32012,1.00,1.00
2017.12.28 06:19:23.672,1.31995,1.32011,1.00,1.00
2017.12.28 06:19:27.214,1.31995,1.32012,1.00,1.00
2017.12.28 06:19:29.195,1.31995,1.32013,1.00,1.00
2017.12.28 06:19:30.018,1.31992,1.32013,1.00,1.00
2017.12.28 06:19:32.911,1.31992,1.32012,1.00,1.00
2017.12.28 06:19:35.353,1.31996,1.32013,1.00,1.00
2017.12.28 06:19:35.504,1.31993,1.32012,1.00,1.00
2017.12.28 06:19:38.705,1.31993,1.32013,1.00,1.00
2017.12.28 06:19:39.459,1.31993,1.32012,1.00,1.00
2017.12.28 06:19:39.703,1.31997,1.32012,1.00,1.00
2017.12.28 06:19:39.755,1.31995,1.32013,1.00,1.00
2017.12.28 06:19:40.449,1.31995,1.32012,1.00,1.00
2017.12.28 06:19:43.274,1.31995,1.32013,1.00,1.00
2017.12.28 06:19:43.659,1.31998,1.32012,1.00,1.00
2017.12.28 06:19:44.289,1.31998,1.32013,1.00,1.00
2017.12.28 06:19:44.858,1.31996,1.32012,1.00,1.00
2017.12.28 06:19:48.351,1.31996,1.32013,1.00,1.00
2017.12.28 06:19:52.801,1.31996,1.32012,1.00,1.00
2017.12.28 06:19:53.192,1.31996,1.32014,1.00,1.00
2017.12.28 06:19:53.696,1.31996,1.32015,1.00,1.00
2017.12.28 06:19:54.379,1.31996,1.32014,1.00,1.00
2017.12.28 06:19:59.230,1.31996,1.32011,1.00,1.00
2017.12.28 06:20:00.493,1.31996,1.32014,1.00,1.00
2017.12.28 06:20:01.312,1.31996,1.32013,1.00,1.00
2017.12.28 06:20:02.235,1.31989,1.32013,1.50,1.00
2017.12.28 06:20:02.287,1.31993,1.32013,1.00,1.00
2017.12.28 06:20:03.435,1.31996,1.32013,1.00,1.00
2017.12.28 06:20:03.537,1.31994,1.32013,1.00,1.00
2017.12.28 06:20:07.685,1.31994,1.32014,1.00,1.00
2017.12.28 06:20:08.238,1.31994,1.32013,1.00,1.00
2017.12.28 06:20:33.397,1.31994,1.32014,1.00,1.00
2017.12.28 06:20:34.693,1.31994,1.32013,1.00,1.00
2017.12.28 06:20:34.744,1.3199,1.32013,2.25,1.00
2017.12.28 06:20:35.394,1.31991,1.32013,1.00,1.00
2017.12.28 06:20:41.638,1.31991,1.32014,1.00,1.00
2017.12.28 06:20:42.327,1.31991,1.32013,1.00,1.00
2017.12.28 06:20:42.496,1.31998,1.32013,1.00,1.00
2017.12.28 06:20:42.548,1.3199,1.32014,1.50,1.00
2017.12.28 06:20:42.748,1.31992,1.32013,1.00,1.00
2017.12.28 06:20:43.244,1.31996,1.32013,1.00,1.00
2017.12.28 06:20:49.843,1.31996,1.32014,1.00,1.12
2017.12.28 06:20:50.524,1.31996,1.32013,1.00,1.00
2017.12.28 06:20:52.410,1.31991,1.32013,1.00,1.00
2017.12.28 06:20:54.194,1.31991,1.32014,1.00,1.12
2017.12.28 06:20:55.758,1.31995,1.32014,1.00,1.12
2017.12.28 06:20:57.196,1.31991,1.32014,1.00,1.12
2017.12.28 06:20:57.658,1.31995,1.32014,1.00,1.12
2017.12.28 06:20:59.040,1.31995,1.32013,1.00,1.00
2017.12.28 06:20:59.498,1.31992,1.32008,1.00,1.00
2017.12.28 06:20:59.603,1.31989,1.32008,2.25,1.00
2017.12.28 06:20:59.654,1.31992,1.32008,1.00,1.00
2017.12.28 06:21:00.015,1.31995,1.32008,1.00,1.00
2017.12.28 06:21:00.068,1.31991,1.32008,1.00,1.00
2017.12.28 06:21:00.120,1.31994,1.32007,1.00,1.00
2017.12.28 06:21:00.787,1.31994,1.32009,1.00,1.00
2017.12.28 06:21:01.378,1.31989,1.32009,1.50,1.00
2017.12.28 06:21:02.194,1.3199,1.32009,1.00,1.00
2017.12.28 06:21:03.649,1.3199,1.3201,1.00,1.00
2017.12.28 06:21:11.624,1.3199,1.32009,1.00,1.00
2017.12.28 06:21:14.164,1.3199,1.3201,1.00,1.00
2017.12.28 06:21:15.961,1.3199,1.32009,1.00,1.00
2017.12.28 06:21:19.333,1.3199,1.32006,1.00,1.00
2017.12.28 06:21:23.341,1.3199,1.32007,1.00,1.00
2017.12.28 06:21:25.607,1.3199,1.32006,1.00,1.00
2017.12.28 06:21:31.528,1.3199,1.32007,2.25,1.00
2017.12.28 06:21:32.326,1.3199,1.32006,1.50,1.00
2017.12.28 06:21:32.863,1.3199,1.32007,1.50,1.00
2017.12.28 06:21:33.375,1.3199,1.32006,1.50,1.00
2017.12.28 06:21:34.182,1.31989,1.32006,1.50,1.00
2017.12.28 06:21:42.453,1.31989,1.3201,1.50,1.00
2017.12.28 06:21:43.812,1.3199,1.32009,1.00,1.00
2017.12.28 06:21:43.865,1.31993,1.32009,1.00,1.00
2017.12.28 06:21:44.664,1.31993,1.3201,1.00,1.00
2017.12.28 06:21:44.767,1.31989,1.3201,1.50,1.00
2017.12.28 06:21:44.869,1.31993,1.3201,1.00,1.00
2017.12.28 06:21:45.473,1.31993,1.32009,1.00,1.00
2017.12.28 06:21:46.019,1.31993,1.3201,1.00,1.00
2017.12.28 06:21:46.885,1.31993,1.32009,1.00,1.00
2017.12.28 06:21:52.842,1.31993,1.3201,1.00,1.00
2017.12.28 06:21:54.290,1.31993,1.32009,1.00,1.00
2017.12.28 06:21:58.713,1.31993,1.3201,1.00,1.00
2017.12.28 06:22:01.793,1.31993,1.32009,1.00,1.00
2017.12.28 06:22:07.290,1.31993,1.3201,1.00,1.00
2017.12.28 06:22:12.083,1.31993,1.32009,1.00,1.00
2017.12.28 06:22:12.591,1.31993,1.3201,1.00,1.00
2017.12.28 06:22:21.251,1.31993,1.32009,1.00,1.00
2017.12.28 06:22:23.072,1.31993,1.3201,1.00,1.00
2017.12.28 06:22:23.620,1.31993,1.32009,1.00,1.00
2017.12.28 06:22:24.522,1.31993,1.3201,1.00,1.00
2017.12.28 06:22:24.625,1.31993,1.32013,1.00,1.00
2017.12.28 06:22:24.770,1.31995,1.32012,1.00,1.00
2017.12.28 06:22:29.153,1.31995,1.32013,1.00,1.00
2017.12.28 06:22:32.723,1.31992,1.32013,1.00,1.00
2017.12.28 06:22:32.826,1.31997,1.32013,1.00,1.00
2017.12.28 06:22:33.334,1.31997,1.32012,1.00,1.00
2017.12.28 06:22:34.641,1.31997,1.32013,1.00,1.00
2017.12.28 06:22:34.839,1.31995,1.32012,1.00,1.00
2017.12.28 06:22:35.126,1.31997,1.32012,1.00,1.00
2017.12.28 06:22:37.088,1.32001,1.3202,1.00,1.00
2017.12.28 06:22:37.140,1.32004,1.32021,1.00,1.00
2017.12.28 06:22:37.296,1.31999,1.32018,1.00,1.00
2017.12.28 06:22:37.808,1.32003,1.32018,1.00,1.00
2017.12.28 06:22:38.362,1.32003,1.32019,1.00,1.00
2017.12.28 06:22:38.907,1.32003,1.32018,1.00,1.00
2017.12.28 06:22:40.030,1.32003,1.32019,1.00,1.00
2017.12.28 06:22:40.745,1.32003,1.32018,1.00,1.00
2017.12.28 06:22:41.404,1.32003,1.32019,1.00,1.00
2017.12.28 06:22:41.892,1.31998,1.32018,1.00,1.00
2017.12.28 06:22:41.944,1.32002,1.32018,1.00,1.00
2017.12.28 06:22:46.170,1.32002,1.32014,1.00,1.00
2017.12.28 06:22:46.223,1.32002,1.32018,1.00,1.00
2017.12.28 06:22:46.276,1.31998,1.32019,1.00,1.00
2017.12.28 06:22:46.330,1.31995,1.32017,1.00,1.00
2017.12.28 06:22:47.019,1.3199,1.32017,1.50,1.12
2017.12.28 06:22:47.242,1.3199,1.32015,1.50,1.00
2017.12.28 06:22:47.586,1.31994,1.32015,1.00,1.00
2017.12.28 06:22:48.098,1.31994,1.32014,1.00,1.00
2017.12.28 06:22:48.645,1.31994,1.32015,1.00,1.00
2017.12.28 06:22:49.157,1.31994,1.32014,1.00,1.00
2017.12.28 06:22:49.766,1.31994,1.3201,1.00,1.00
2017.12.28 06:22:51.084,1.31994,1.32009,1.00,1.00
2017.12.28 06:22:51.632,1.31994,1.3201,1.00,1.00
2017.12.28 06:22:52.087,1.3199,1.3201,1.50,1.00
2017.12.28 06:22:52.139,1.31995,1.3201,1.00,1.00
2017.12.28 06:22:52.190,1.3199,1.3201,1.50,1.00
2017.12.28 06:22:52.242,1.31996,1.3201,1.00,1.00
2017.12.28 06:22:52.377,1.31994,1.32009,1.00,1.00
2017.12.28 06:22:52.492,1.31994,1.3202,1.00,2.25
2017.12.28 06:22:52.544,1.31994,1.32019,1.00,1.00
2017.12.28 06:22:52.596,1.31999,1.32019,1.00,1.00
2017.12.28 06:22:53.143,1.31999,1.3202,1.00,1.00
2017.12.28 06:22:54.732,1.31995,1.3202,1.00,1.00
2017.12.28 06:22:54.784,1.32002,1.32019,1.00,1.00
2017.12.28 06:22:54.836,1.31999,1.32019,1.00,1.00
2017.12.28 06:22:55.642,1.31999,1.3202,1.00,1.00
2017.12.28 06:22:56.348,1.31999,1.32019,1.00,1.00
2017.12.28 06:23:00.681,1.31999,1.3202,1.00,1.00
2017.12.28 06:23:02.593,1.31999,1.32019,1.00,1.00
2017.12.28 06:23:03.296,1.31999,1.3202,1.00,1.00
2017.12.28 06:23:04.077,1.31999,1.32019,1.00,1.00
2017.12.28 06:23:06.941,1.31999,1.3202,1.00,1.00
2017.12.28 06:23:08.591,1.31999,1.32019,1.00,1.00
2017.12.28 06:23:09.115,1.31999,1.3202,1.00,1.00
2017.12.28 06:23:09.729,1.31999,1.32019,1.00,1.00
2017.12.28 06:23:14.069,1.31999,1.3202,1.00,1.00
2017.12.28 06:23:14.678,1.31999,1.32019,1.00,1.00
2017.12.28 06:23:15.982,1.31999,1.3202,1.00,1.00
2017.12.28 06:23:16.657,1.31999,1.32019,1.00,1.00
2017.12.28 06:23:20.565,1.31999,1.3202,1.00,1.00
2017.12.28 06:23:21.280,1.31999,1.32019,1.00,1.00
2017.12.28 06:23:34.868,1.31996,1.32019,1.00,1.00
2017.12.28 06:23:34.973,1.32,1.3202,1.00,1.00
2017.12.28 06:23:35.869,1.32,1.32019,1.00,1.00
2017.12.28 06:23:36.972,1.32,1.3202,1.00,1.00
2017.12.28 06:23:44.264,1.32,1.32019,1.00,1.00
2017.12.28 06:23:47.200,1.32,1.3202,1.00,1.00
2017.12.28 06:23:47.809,1.32,1.32019,1.00,1.00
2017.12.28 06:23:49.987,1.32,1.3202,1.00,1.00
2017.12.28 06:23:50.498,1.32,1.32019,1.00,1.00
2017.12.28 06:23:52.328,1.32,1.3202,1.00,1.00
2017.12.28 06:23:54.106,1.32,1.32019,1.00,1.00
2017.12.28 06:23:54.783,1.32,1.3202,1.00,1.00
2017.12.28 06:23:55.336,1.32,1.32019,1.00,1.00
2017.12.28 06:23:56.587,1.32,1.3202,1.00,1.00
2017.12.28 06:23:57.093,1.32,1.32019,1.00,1.00
2017.12.28 06:23:57.177,1.31996,1.32019,1.00,1.00
2017.12.28 06:23:57.228,1.31999,1.32019,1.00,1.00
2017.12.28 06:24:00.447,1.31993,1.3202,1.00,1.00
2017.12.28 06:24:00.500,1.32002,1.3202,1.00,1.00
2017.12.28 06:24:00.551,1.31995,1.3202,1.00,1.00
2017.12.28 06:24:00.604,1.31999,1.32019,1.00,1.00
2017.12.28 06:24:01.331,1.31999,1.3202,1.00,1.00
2017.12.28 06:24:02.327,1.31996,1.32019,1.00,1.00
2017.12.28 06:24:02.639,1.31992,1.3202,1.00,1.00
2017.12.28 06:24:02.690,1.31995,1.32019,1.00,1.00
2017.12.28 06:24:03.034,1.31998,1.32019,1.00,1.00
2017.12.28 06:24:03.517,1.31995,1.3202,1.00,1.00
2017.12.28 06:24:03.687,1.32,1.32019,1.00,1.00
2017.12.28 06:24:04.333,1.32,1.3202,1.00,1.00
2017.12.28 06:24:04.722,1.31994,1.32019,1.00,1.00
2017.12.28 06:24:04.774,1.31999,1.32019,1.00,1.00
2017.12.28 06:24:05.559,1.31996,1.32014,1.00,1.00
2017.12.28 06:24:06.105,1.31999,1.32015,1.00,1.00
2017.12.28 06:24:06.788,1.31999,1.32014,1.00,1.00
2017.12.28 06:24:07.245,1.31994,1.32014,1.00,1.00
2017.12.28 06:24:07.783,1.31995,1.32015,1.00,1.00
2017.12.28 06:24:08.323,1.31995,1.32014,1.00,1.00
2017.12.28 06:24:09.443,1.31995,1.32015,1.00,1.00
2017.12.28 06:24:10.840,1.32003,1.3202,1.00,1.00
2017.12.28 06:24:20.091,1.32003,1.32019,1.00,1.00
2017.12.28 06:24:25.863,1.32003,1.3202,1.00,1.00
2017.12.28 06:24:31.783,1.32003,1.32019,1.00,1.00
2017.12.28 06:24:32.952,1.32003,1.3202,1.00,1.00
2017.12.28 06:24:35.040,1.32,1.3202,1.00,1.00
2017.12.28 06:24:39.782,1.32003,1.3202,1.00,1.00
2017.12.28 06:24:40.528,1.32004,1.32019,1.00,1.00
2017.12.28 06:24:48.503,1.32004,1.3202,1.00,1.00
2017.12.28 06:24:49.109,1.32004,1.32019,1.00,1.00
2017.12.28 06:24:53.333,1.32004,1.3202,1.00,1.00
2017.12.28 06:24:54.232,1.32004,1.32019,1.00,1.00
2017.12.28 06:24:55.532,1.32004,1.3202,1.00,1.00
2017.12.28 06:25:00.134,1.32004,1.32019,1.00,1.00
2017.12.28 06:25:00.288,1.31999,1.32015,1.00,1.00
2017.12.28 06:25:00.457,1.31997,1.32014,1.00,1.00
2017.12.28 06:25:01.450,1.31997,1.32012,1.00,1.00
2017.12.28 06:25:03.154,1.31997,1.32013,1.00,1.00
2017.12.28 06:25:03.660,1.31997,1.32012,1.00,1.00
2017.12.28 06:25:13.231,1.31997,1.32013,1.00,1.00
2017.12.28 06:25:13.803,1.31997,1.32012,1.00,1.00
2017.12.28 06:25:14.820,1.31994,1.32012,1.00,1.00
2017.12.28 06:25:18.497,1.31996,1.32013,1.00,1.00
2017.12.28 06:25:19.043,1.31996,1.32012,1.00,1.00
2017.12.28 06:25:21.616,1.31996,1.32013,1.00,1.00
2017.12.28 06:25:22.225,1.31996,1.32012,1.00,1.00
2017.12.28 06:25:36.486,1.31996,1.32013,1.00,1.00
2017.12.28 06:25:37.169,1.31996,1.32012,1.00,1.00
2017.12.28 06:25:47.036,1.31996,1.32013,1.00,1.00
2017.12.28 06:25:47.744,1.31996,1.32012,1.00,1.00
2017.12.28 06:25:50.604,1.31996,1.32013,1.00,1.00
2017.12.28 06:25:50.941,1.32,1.32013,1.00,1.00
2017.12.28 06:25:51.482,1.32,1.32014,1.00,1.00
2017.12.28 06:25:52.101,1.32,1.32013,1.00,1.00
2017.12.28 06:26:01.647,1.32,1.32014,1.00,1.00
2017.12.28 06:26:01.955,1.31996,1.32013,1.00,1.00
2017.12.28 06:26:02.583,1.32,1.32014,1.00,1.00
2017.12.28 06:26:02.636,1.31991,1.32014,1.00,1.00
2017.12.28 06:26:03.477,1.31991,1.32013,1.00,1.00
2017.12.28 06:26:05.743,1.31991,1.32014,1.00,1.00
2017.12.28 06:26:06.752,1.31991,1.32013,1.00,1.00
2017.12.28 06:26:11.133,1.31994,1.32013,1.00,1.00
2017.12.28 06:26:13.330,1.31992,1.32013,1.00,1.00
2017.12.28 06:26:13.883,1.31992,1.32014,1.00,1.50
2017.12.28 06:26:20.822,1.31992,1.32013,1.00,1.00
2017.12.28 06:26:21.383,1.31992,1.32014,1.00,1.00
2017.12.28 06:26:34.636,1.31995,1.32014,1.00,1.00
2017.12.28 06:26:35.154,1.31995,1.32013,1.00,1.00
2017.12.28 06:26:39.291,1.31995,1.32008,1.00,1.00
2017.12.28 06:26:46.038,1.31991,1.32008,1.00,1.00
2017.12.28 06:26:46.243,1.31995,1.32009,1.00,1.00
2017.12.28 06:26:49.263,1.31995,1.32008,1.00,1.00
2017.12.28 06:27:02.213,1.31992,1.32008,1.00,1.00
2017.12.28 06:27:02.399,1.31996,1.32008,1.00,1.00
2017.12.28 06:27:03.392,1.31996,1.32009,1.00,1.00
2017.12.28 06:27:04.382,1.31996,1.32008,1.00,1.00
2017.12.28 06:27:05.295,1.31993,1.32008,1.00,1.00
2017.12.28 06:27:05.346,1.31996,1.32008,1.00,1.00
2017.12.28 06:27:06.401,1.31996,1.32009,1.00,1.00
2017.12.28 06:27:06.984,1.31996,1.32008,1.00,1.00
2017.12.28 06:27:07.403,1.31993,1.32009,1.00,1.00
2017.12.28 06:27:07.455,1.31995,1.32008,1.00,1.00
2017.12.28 06:27:08.103,1.31995,1.32009,1.00,1.00
2017.12.28 06:27:08.640,1.31995,1.32008,1.00,1.00
2017.12.28 06:27:09.142,1.31995,1.32009,1.00,1.00
2017.12.28 06:27:09.751,1.31995,1.32008,1.00,1.00
2017.12.28 06:27:20.556,1.31995,1.32009,1.00,1.00
2017.12.28 06:27:21.567,1.31991,1.32009,1.00,1.00
2017.12.28 06:27:21.618,1.31995,1.32008,1.00,1.00
2017.12.28 06:27:22.123,1.31995,1.32009,1.00,1.00
2017.12.28 06:27:23.751,1.31995,1.3201,1.00,1.00
2017.12.28 06:27:26.442,1.31995,1.32011,1.00,1.00
2017.12.28 06:27:26.964,1.31995,1.3201,1.00,1.00
2017.12.28 06:27:29.696,1.31995,1.32011,1.00,1.00
2017.12.28 06:27:31.143,1.31995,1.3201,1.00,1.00
2017.12.28 06:27:31.279,1.31991,1.32007,1.00,1.00
2017.12.28 06:27:31.433,1.31994,1.32007,1.00,1.00
2017.12.28 06:27:32.151,1.31994,1.32008,1.00,1.00
2017.12.28 06:27:32.791,1.31994,1.32007,1.00,1.00
2017.12.28 06:27:33.265,1.31994,1.3201,1.00,1.00
2017.12.28 06:27:33.420,1.31994,1.32012,1.00,1.00
2017.12.28 06:27:34.001,1.31999,1.32016,1.00,1.00
2017.12.28 06:27:38.250,1.31999,1.32017,1.00,1.00
2017.12.28 06:27:42.582,1.31999,1.32016,1.00,1.00
2017.12.28 06:27:43.020,1.32002,1.32017,1.00,1.00
2017.12.28 06:27:43.571,1.32002,1.32016,1.00,1.00
2017.12.28 06:27:44.728,1.31993,1.32016,1.00,1.00
2017.12.28 06:27:44.779,1.31997,1.32016,1.00,1.00
2017.12.28 06:27:45.176,1.32002,1.32016,1.00,1.00
2017.12.28 06:27:46.491,1.32002,1.32017,1.00,1.00
2017.12.28 06:27:47.102,1.32002,1.32016,1.00,1.00
2017.12.28 06:27:47.874,1.32002,1.32017,1.00,1.00
2017.12.28 06:27:50.973,1.32002,1.32016,1.00,1.00
2017.12.28 06:27:53.454,1.32002,1.32017,1.00,1.00
2017.12.28 06:27:54.036,1.32002,1.32016,1.00,1.00
2017.12.28 06:27:54.721,1.32002,1.32017,1.00,1.00
2017.12.28 06:28:00.263,1.32002,1.32016,1.00,1.00
2017.12.28 06:28:01.055,1.32002,1.32017,1.00,1.00
2017.12.28 06:28:02.692,1.31993,1.32017,1.00,1.00
2017.12.28 06:28:02.744,1.32,1.32017,1.00,1.00
2017.12.28 06:28:07.118,1.32002,1.32017,1.00,1.00
2017.12.28 06:28:07.221,1.31998,1.32016,1.00,1.00
2017.12.28 06:28:10.925,1.31998,1.32017,1.00,1.00
2017.12.28 06:28:11.553,1.32001,1.32016,1.00,1.00
2017.12.28 06:28:15.227,1.31998,1.32016,1.00,1.00
2017.12.28 06:28:16.017,1.31998,1.32017,1.00,1.00
2017.12.28 06:28:16.563,1.31998,1.32016,1.00,1.00
2017.12.28 06:28:17.287,1.31998,1.32017,1.00,1.00
2017.12.28 06:28:18.589,1.31998,1.32016,1.00,1.00
2017.12.28 06:28:19.200,1.31998,1.32017,1.00,1.00
2017.12.28 06:28:20.969,1.32002,1.32017,1.00,1.00
2017.12.28 06:28:21.022,1.31998,1.32017,1.00,1.00
2017.12.28 06:28:21.179,1.32002,1.32016,1.00,1.00
2017.12.28 06:28:21.730,1.31999,1.32016,1.00,1.00
2017.12.28 06:28:21.783,1.31994,1.32017,1.00,1.00
2017.12.28 06:28:21.835,1.31999,1.32016,1.00,1.00
2017.12.28 06:28:21.888,1.31991,1.32016,1.00,1.00
2017.12.28 06:28:21.940,1.31994,1.32017,1.00,1.00
2017.12.28 06:28:22.253,1.31997,1.32017,1.00,1.00
2017.12.28 06:28:23.951,1.31997,1.32016,1.00,1.00
2017.12.28 06:28:27.484,1.31997,1.32017,1.00,1.00
2017.12.28 06:28:28.186,1.31997,1.32016,1.00,1.00
2017.12.28 06:28:28.909,1.31997,1.32017,1.00,1.00
2017.12.28 06:28:31.296,1.31999,1.32017,1.00,1.00
2017.12.28 06:28:35.041,1.31999,1.32016,1.00,1.00
2017.12.28 06:28:38.461,1.31999,1.32017,1.00,1.00
2017.12.28 06:28:45.608,1.31999,1.32016,1.00,1.00
2017.12.28 06:28:46.474,1.31999,1.32017,1.00,1.00
2017.12.28 06:28:54.693,1.31996,1.32017,1.00,1.00
2017.12.28 06:28:54.745,1.31999,1.32016,1.00,1.00
2017.12.28 06:29:00.511,1.31999,1.32024,1.00,1.50
2017.12.28 06:29:00.564,1.32003,1.32023,1.00,1.00
2017.12.28 06:29:00.889,1.32008,1.32026,1.00,1.00
2017.12.28 06:29:02.462,1.32008,1.32027,1.00,1.00
2017.12.28 06:29:06.082,1.32008,1.32026,1.00,1.00
2017.12.28 06:29:18.811,1.32008,1.32027,1.00,1.00
2017.12.28 06:29:19.611,1.32008,1.32023,1.00,1.00
2017.12.28 06:29:19.715,1.31999,1.32016,1.00,1.00
2017.12.28 06:29:20.221,1.31999,1.32017,1.00,1.00
2017.12.28 06:29:21.442,1.31999,1.32016,1.00,1.00
2017.12.28 06:29:22.044,1.31999,1.32017,1.00,1.00
2017.12.28 06:29:23.801,1.31999,1.32016,1.00,1.00
2017.12.28 06:29:24.510,1.31999,1.32017,1.00,1.00
2017.12.28 06:29:25.143,1.31999,1.32016,1.00,1.00
2017.12.28 06:29:25.716,1.31999,1.32017,1.00,1.00
2017.12.28 06:29:27.118,1.31999,1.32016,1.00,1.00
2017.12.28 06:29:27.802,1.31999,1.32017,1.00,1.00
2017.12.28 06:29:32.651,1.31999,1.32016,1.00,1.00
2017.12.28 06:29:33.636,1.31999,1.32017,1.00,1.00
2017.12.28 06:29:34.152,1.31999,1.32016,1.00,1.00
2017.12.28 06:29:36.717,1.31999,1.32017,1.00,1.00
2017.12.28 06:29:38.841,1.31999,1.32016,1.00,1.00
2017.12.28 06:29:40.804,1.31999,1.32017,1.00,1.00
2017.12.28 06:29:41.411,1.31999,1.32016,1.00,1.00
2017.12.28 06:29:45.855,1.31999,1.32017,1.00,1.00
2017.12.28 06:29:47.263,1.31995,1.32011,1.00,1.00
2017.12.28 06:29:48.746,1.31995,1.32012,1.00,1.00
2017.12.28 06:29:49.332,1.31995,1.32011,1.00,1.00
2017.12.28 06:29:50.319,1.31995,1.32012,1.00,1.00
2017.12.28 06:29:51.750,1.31995,1.32011,1.00,1.00
2017.12.28 06:29:52.265,1.31995,1.32012,1.00,1.00
2017.12.28 06:29:58.741,1.31995,1.32011,1.00,1.00
2017.12.28 06:30:07.513,1.31995,1.32012,1.00,1.00
2017.12.28 06:30:09.984,1.31995,1.32011,1.00,1.00
2017.12.28 06:30:10.693,1.31995,1.32012,1.00,1.00
2017.12.28 06:30:12.637,1.31995,1.32013,1.00,1.00
2017.12.28 06:30:17.238,1.3199,1.32013,1.50,1.00
2017.12.28 06:30:17.290,1.31993,1.32013,1.00,1.00
2017.12.28 06:30:19.042,1.31993,1.32009,1.00,1.00
2017.12.28 06:30:19.398,1.31995,1.32012,1.00,1.00
2017.12.28 06:30:19.501,1.3199,1.32013,1.50,1.00
2017.12.28 06:30:19.553,1.31995,1.32013,1.00,1.00
2017.12.28 06:30:19.656,1.31995,1.32017,1.00,1.00
2017.12.28 06:30:20.220,1.31995,1.32016,1.00,1.00
2017.12.28 06:30:20.587,1.31999,1.32016,1.00,1.00
2017.12.28 06:30:25.444,1.31999,1.32017,1.00,1.00
2017.12.28 06:30:26.545,1.31999,1.32016,1.00,1.00
2017.12.28 06:30:33.061,1.31999,1.32017,1.00,1.00
2017.12.28 06:30:33.582,1.31999,1.32016,1.00,1.00
2017.12.28 06:30:34.101,1.31999,1.32017,1.00,1.00
2017.12.28 06:30:34.971,1.31999,1.32016,1.00,1.00
2017.12.28 06:30:38.840,1.31999,1.32017,1.00,1.00
2017.12.28 06:30:39.451,1.31999,1.32016,1.00,1.00
2017.12.28 06:30:40.909,1.31999,1.32012,1.00,1.00
2017.12.28 06:30:41.229,1.31995,1.32012,1.00,1.00
2017.12.28 06:30:41.732,1.31995,1.32013,1.00,1.00
2017.12.28 06:30:48.014,1.31995,1.32012,1.00,1.00
2017.12.28 06:30:50.520,1.31995,1.32013,1.00,1.00
2017.12.28 06:30:53.367,1.31998,1.32013,1.00,1.00
2017.12.28 06:30:53.419,1.31994,1.32013,1.00,1.00
2017.12.28 06:30:53.470,1.31998,1.32013,1.00,1.00
2017.12.28 06:30:54.034,1.31998,1.32012,1.00,1.00
2017.12.28 06:30:54.567,1.31998,1.32013,1.00,1.00
2017.12.28 06:30:55.119,1.31998,1.32012,1.00,1.00
2017.12.28 06:30:55.673,1.31998,1.32013,1.00,1.00
2017.12.28 06:30:56.000,1.31998,1.32011,1.00,1.00
2017.12.28 06:30:56.155,1.31995,1.3201,1.00,1.00
2017.12.28 06:30:57.272,1.31995,1.32011,1.00,1.00
2017.12.28 06:30:58.262,1.31995,1.3201,1.00,1.00
2017.12.28 06:30:58.856,1.31995,1.32011,1.00,1.00
2017.12.28 06:31:05.551,1.31995,1.3201,1.00,1.00
2017.12.28 06:31:06.122,1.31995,1.32011,1.00,1.00
2017.12.28 06:31:06.813,1.31995,1.3201,1.00,1.00
2017.12.28 06:31:07.228,1.31991,1.32011,1.00,1.00
2017.12.28 06:31:07.280,1.31995,1.3201,1.00,1.00
2017.12.28 06:31:07.809,1.31995,1.32011,1.00,1.00
2017.12.28 06:31:09.523,1.31995,1.3201,1.00,1.00
2017.12.28 06:31:10.125,1.31995,1.32011,1.00,1.00
2017.12.28 06:31:11.489,1.31995,1.3201,1.00,1.00
2017.12.28 06:31:19.072,1.31995,1.32011,1.00,1.00
2017.12.28 06:31:19.123,1.31992,1.3201,1.00,1.00
2017.12.28 06:31:19.791,1.31992,1.32011,1.00,1.00
2017.12.28 06:31:19.986,1.31995,1.32011,1.00,1.00
2017.12.28 06:31:20.192,1.3199,1.32011,1.50,1.00
2017.12.28 06:31:20.295,1.31995,1.32011,1.00,1.00
2017.12.28 06:31:20.986,1.31995,1.3201,1.00,1.00
2017.12.28 06:31:21.857,1.31995,1.32011,1.00,1.00
2017.12.28 06:31:25.492,1.31995,1.3201,1.00,1.00
2017.12.28 06:31:26.133,1.31995,1.32011,1.00,1.00
2017.12.28 06:31:26.645,1.31995,1.3201,1.00,1.00
2017.12.28 06:31:27.106,1.31991,1.32011,1.00,1.00
2017.12.28 06:31:27.157,1.31994,1.32011,1.00,1.00
2017.12.28 06:31:27.662,1.31995,1.3201,1.00,1.00
2017.12.28 06:31:29.222,1.31995,1.32011,1.00,1.00
2017.12.28 06:31:29.784,1.31995,1.3201,1.00,1.00
2017.12.28 06:31:30.349,1.31995,1.32011,1.00,1.00
2017.12.28 06:31:30.902,1.31995,1.3201,1.00,1.00
2017.12.28 06:31:31.432,1.31995,1.32011,1.00,1.00
2017.12.28 06:31:31.974,1.31995,1.3201,1.00,1.00
2017.12.28 06:31:33.459,1.31995,1.32011,1.00,1.00
2017.12.28 06:31:35.805,1.31995,1.3201,1.00,1.00
2017.12.28 06:31:36.627,1.31995,1.32011,1.00,1.00
2017.12.28 06:31:37.944,1.31995,1.3201,1.00,1.00
2017.12.28 06:31:38.662,1.31995,1.32013,1.00,1.00
2017.12.28 06:31:40.513,1.31995,1.32012,1.00,1.00
2017.12.28 06:31:41.851,1.31995,1.32013,1.00,1.00
2017.12.28 06:31:42.569,1.31995,1.32012,1.00,1.00
2017.12.28 06:31:43.478,1.31995,1.32013,1.00,1.00
2017.12.28 06:31:44.333,1.31995,1.32012,1.00,1.00
2017.12.28 06:31:44.893,1.31995,1.32011,1.00,1.00
2017.12.28 06:31:45.794,1.31995,1.32012,1.00,1.00
2017.12.28 06:31:46.545,1.31995,1.32011,1.00,1.00
2017.12.28 06:31:47.260,1.31995,1.32012,1.00,1.00
2017.12.28 06:31:47.774,1.31995,1.32011,1.00,1.00
2017.12.28 06:31:48.331,1.31995,1.32012,1.00,1.00
2017.12.28 06:31:51.281,1.31995,1.32011,1.00,1.00
2017.12.28 06:31:51.782,1.31995,1.32012,1.00,1.00
2017.12.28 06:31:52.789,1.3199,1.32011,1.50,1.00
2017.12.28 06:31:52.841,1.31994,1.32011,1.00,1.00
2017.12.28 06:31:53.281,1.3199,1.32011,1.50,1.00
2017.12.28 06:31:54.173,1.3199,1.32012,1.50,1.00
2017.12.28 06:31:54.327,1.31993,1.32011,1.00,1.00
2017.12.28 06:31:54.681,1.31996,1.32011,1.00,1.00
2017.12.28 06:31:55.471,1.31996,1.32012,1.00,1.00
2017.12.28 06:31:56.017,1.31996,1.32011,1.00,1.00
2017.12.28 06:31:56.872,1.31996,1.32012,1.00,1.00
2017.12.28 06:31:57.823,1.31993,1.32011,1.00,1.00
2017.12.28 06:31:57.978,1.31997,1.32011,1.00,1.00
2017.12.28 06:31:58.030,1.31993,1.32011,1.00,1.00
2017.12.28 06:31:58.750,1.31998,1.32012,1.00,1.00
2017.12.28 06:31:59.771,1.31994,1.32012,1.00,1.00
2017.12.28 06:32:00.267,1.3199,1.32011,1.50,1.00
2017.12.28 06:32:00.318,1.31994,1.32011,1.00,1.00
2017.12.28 06:32:00.421,1.31992,1.32011,1.00,1.00
2017.12.28 06:32:01.770,1.31996,1.32011,1.00,1.00
2017.12.28 06:32:01.975,1.3199,1.32012,1.50,1.00
2017.12.28 06:32:02.082,1.31996,1.32012,1.00,1.00
2017.12.28 06:32:02.624,1.31996,1.32011,1.00,1.00
2017.12.28 06:32:03.623,1.31996,1.32012,1.00,1.00
2017.12.28 06:32:04.139,1.31996,1.32011,1.00,1.00
2017.12.28 06:32:05.303,1.31992,1.32012,1.00,1.00
2017.12.28 06:32:05.355,1.31994,1.32012,1.00,1.00
2017.12.28 06:32:05.897,1.31994,1.32011,1.00,1.00
2017.12.28 06:32:06.563,1.31994,1.32012,1.00,1.00
2017.12.28 06:32:07.183,1.31994,1.32011,1.00,1.00
2017.12.28 06:32:10.602,1.31994,1.32012,1.00,1.12
2017.12.28 06:32:12.000,1.31991,1.32011,1.00,1.00
2017.12.28 06:32:12.611,1.31991,1.32012,1.00,1.12
2017.12.28 06:32:13.154,1.31991,1.32011,1.00,1.00
2017.12.28 06:32:13.258,1.31994,1.32011,1.00,1.00
2017.12.28 06:32:13.823,1.31994,1.32012,1.00,1.12
2017.12.28 06:32:14.372,1.31994,1.32011,1.00,1.00
2017.12.28 06:32:15.012,1.31994,1.32012,1.00,1.12
2017.12.28 06:32:15.538,1.31994,1.32011,1.00,1.00
2017.12.28 06:32:16.377,1.31994,1.32012,1.00,1.00
2017.12.28 06:32:16.904,1.31994,1.32011,1.00,1.00
2017.12.28 06:32:17.450,1.31994,1.32012,1.00,1.00
2017.12.28 06:32:18.083,1.31994,1.32011,1.00,1.00
2017.12.28 06:32:18.597,1.31994,1.32012,1.00,1.00
2017.12.28 06:32:19.709,1.31994,1.32011,1.00,1.00
2017.12.28 06:32:20.294,1.31994,1.32012,1.00,1.00
2017.12.28 06:32:20.836,1.31994,1.32011,1.00,1.00
2017.12.28 06:32:21.447,1.31994,1.32012,1.00,1.00
2017.12.28 06:32:21.953,1.31994,1.32011,1.00,1.00
2017.12.28 06:32:22.004,1.31992,1.32011,1.00,1.00
2017.12.28 06:32:22.893,1.31992,1.32012,1.00,1.00
2017.12.28 06:32:23.697,1.31996,1.32011,1.00,1.00
2017.12.28 06:32:24.518,1.31993,1.32011,1.00,2.25
2017.12.28 06:32:24.723,1.3199,1.32011,1.50,2.25
2017.12.28 06:32:24.928,1.31991,1.32012,1.00,1.50
2017.12.28 06:32:25.489,1.31991,1.32011,1.00,1.50
2017.12.28 06:32:25.541,1.31994,1.32012,1.00,1.00
2017.12.28 06:32:25.695,1.3199,1.32011,2.25,2.25
2017.12.28 06:32:26.237,1.3199,1.32012,2.25,1.50
2017.12.28 06:32:26.289,1.31995,1.32011,1.00,1.00
2017.12.28 06:32:26.546,1.31992,1.32011,1.00,2.25
2017.12.28 06:32:26.752,1.31992,1.32012,1.00,1.50
2017.12.28 06:32:27.274,1.31992,1.32011,1.00,1.50
2017.12.28 06:32:27.793,1.31992,1.32012,1.00,1.00
2017.12.28 06:32:27.994,1.31995,1.32011,1.00,1.00
2017.12.28 06:32:28.561,1.31995,1.32012,1.00,1.12
2017.12.28 06:32:29.080,1.31995,1.32011,1.00,1.00
2017.12.28 06:32:29.570,1.31991,1.32011,1.00,1.00
2017.12.28 06:32:30.184,1.31991,1.32011,1.00,1.37
2017.12.28 06:32:30.410,1.31991,1.32011,1.00,1.00
2017.12.28 06:32:30.876,1.31994,1.32011,1.00,1.00
2017.12.28 06:32:30.979,1.31992,1.32011,1.00,1.50
2017.12.28 06:32:31.587,1.31992,1.32012,1.00,1.50
2017.12.28 06:32:31.775,1.31992,1.32012,1.00,1.00
2017.12.28 06:32:31.980,1.31989,1.32011,1.50,1.00
2017.12.28 06:32:32.051,1.31991,1.32011,1.00,1.00
2017.12.28 06:32:32.621,1.31994,1.32012,1.00,1.00
2017.12.28 06:32:33.122,1.31994,1.32011,1.00,1.12
2017.12.28 06:32:33.689,1.31991,1.32012,1.00,1.12
2017.12.28 06:32:34.202,1.31991,1.32012,1.00,1.50
2017.12.28 06:32:34.748,1.31994,1.32011,1.00,1.00
2017.12.28 06:32:35.112,1.3199,1.32011,2.25,1.12
2017.12.28 06:32:35.625,1.31994,1.32011,1.00,1.12
2017.12.28 06:32:36.376,1.31991,1.32011,1.00,1.12
2017.12.28 06:32:36.707,1.31994,1.32011,1.00,1.12
2017.12.28 06:32:36.758,1.31991,1.32011,1.00,1.12
2017.12.28 06:32:37.168,1.31991,1.32011,1.00,1.75
2017.12.28 06:32:37.377,1.31991,1.32011,1.00,1.00
2017.12.28 06:32:38.530,1.31991,1.32011,1.00,1.37
2017.12.28 06:32:39.103,1.31991,1.32011,1.00,1.12
2017.12.28 06:32:39.658,1.31991,1.32011,1.00,1.50
2017.12.28 06:32:39.813,1.31991,1.32012,1.00,1.00
2017.12.28 06:32:40.353,1.31991,1.32011,1.00,1.00
2017.12.28 06:32:40.912,1.31991,1.32012,1.00,1.75
2017.12.28 06:32:41.586,1.31993,1.32011,1.00,1.37
2017.12.28 06:32:41.742,1.3199,1.32012,2.25,1.50
2017.12.28 06:32:42.103,1.3199,1.32012,2.25,1.00
2017.12.28 06:32:42.207,1.3199,1.32012,2.25,1.37
2017.12.28 06:32:44.563,1.3199,1.32011,2.25,1.00
2017.12.28 06:32:45.208,1.3199,1.32012,2.25,1.00
2017.12.28 06:32:45.727,1.3199,1.32011,2.25,1.00
2017.12.28 06:32:47.643,1.3199,1.32012,2.25,1.00
2017.12.28 06:32:48.156,1.3199,1.32011,2.25,1.00
2017.12.28 06:32:48.766,1.31994,1.32011,1.00,1.00
2017.12.28 06:32:50.977,1.31994,1.32012,1.00,1.00
2017.12.28 06:32:51.302,1.31994,1.32011,1.00,1.37
2017.12.28 06:32:51.669,1.31994,1.32012,1.00,1.00
2017.12.28 06:32:51.977,1.3199,1.32012,1.00,1.50
2017.12.28 06:32:53.234,1.3199,1.32012,1.00,1.00
2017.12.28 06:32:53.763,1.3199,1.32011,1.00,1.00
2017.12.28 06:32:54.752,1.3199,1.32012,1.00,1.00
2017.12.28 06:32:55.466,1.31989,1.32011,2.25,1.00
2017.12.28 06:32:55.793,1.31993,1.32011,1.00,1.00
2017.12.28 06:32:55.845,1.31991,1.32011,1.00,1.00
2017.12.28 06:32:56.525,1.31991,1.32012,1.00,1.00
2017.12.28 06:32:57.287,1.31991,1.32011,1.00,1.00
2017.12.28 06:32:57.832,1.31991,1.32012,1.00,1.00
2017.12.28 06:32:58.532,1.31991,1.32011,1.00,1.00
2017.12.28 06:32:59.349,1.31991,1.32012,1.00,1.00
2017.12.28 06:32:59.875,1.31991,1.32011,1.00,1.00
2017.12.28 06:33:00.402,1.31991,1.32012,1.00,1.00
2017.12.28 06:33:00.894,1.31993,1.32011,1.00,1.00
2017.12.28 06:33:01.959,1.31993,1.32012,1.00,1.00
2017.12.28 06:33:02.605,1.31993,1.32011,1.00,1.00
2017.12.28 06:33:03.176,1.31993,1.32012,1.00,1.00
2017.12.28 06:33:03.713,1.31993,1.32011,1.00,1.00
2017.12.28 06:33:04.292,1.31993,1.32012,1.00,1.00
2017.12.28 06:33:04.618,1.31991,1.32011,1.00,1.00
2017.12.28 06:33:04.670,1.31994,1.32012,1.00,1.00
2017.12.28 06:33:05.207,1.31994,1.32011,1.00,1.00
2017.12.28 06:33:05.921,1.31994,1.32012,1.00,1.00
2017.12.28 06:33:06.478,1.31994,1.32011,1.00,1.00
2017.12.28 06:33:07.094,1.31994,1.32012,1.00,1.00
2017.12.28 06:33:07.196,1.3199,1.32011,1.50,1.00
2017.12.28 06:33:07.575,1.31994,1.32011,1.00,1.00
2017.12.28 06:33:08.133,1.31994,1.32012,1.00,1.00
2017.12.28 06:33:08.702,1.31994,1.32011,1.00,1.00
2017.12.28 06:33:09.286,1.31994,1.32012,1.00,1.00
2017.12.28 06:33:09.587,1.3199,1.32012,2.25,1.00
2017.12.28 06:33:10.114,1.3199,1.32011,2.25,1.87
2017.12.28 06:33:10.166,1.31994,1.32011,1.00,1.00
2017.12.28 06:33:10.218,1.31991,1.32012,1.00,1.00
2017.12.28 06:33:10.270,1.31989,1.32011,1.50,1.00
2017.12.28 06:33:10.775,1.3199,1.32011,1.00,1.00
2017.12.28 06:33:11.156,1.3199,1.32011,1.00,1.75
2017.12.28 06:33:11.214,1.3199,1.32011,1.00,1.00
2017.12.28 06:33:11.646,1.31995,1.32012,1.00,1.00
2017.12.28 06:33:12.117,1.31992,1.32012,1.00,1.00
2017.12.28 06:33:12.652,1.31992,1.32011,1.00,1.00
2017.12.28 06:33:13.223,1.31992,1.32012,1.00,1.00
2017.12.28 06:33:13.806,1.31992,1.32011,1.00,1.00
2017.12.28 06:33:14.348,1.31992,1.32012,1.00,1.00
2017.12.28 06:33:14.885,1.31992,1.32011,1.00,1.00
2017.12.28 06:33:16.052,1.31992,1.32012,1.00,1.00
2017.12.28 06:33:16.444,1.31992,1.32011,1.00,1.37
2017.12.28 06:33:16.673,1.31992,1.32012,1.00,1.00
2017.12.28 06:33:17.215,1.3199,1.32011,1.50,1.00
2017.12.28 06:33:17.267,1.31992,1.32012,1.00,1.50
2017.12.28 06:33:17.791,1.31992,1.32011,1.00,1.00
2017.12.28 06:33:18.551,1.31992,1.32012,1.00,1.50
2017.12.28 06:33:19.272,1.31992,1.32011,1.00,1.00
2017.12.28 06:33:19.804,1.31992,1.32012,1.00,1.50
2017.12.28 06:33:20.483,1.31992,1.32011,1.00,1.00
2017.12.28 06:33:21.235,1.31992,1.32012,1.00,1.12
2017.12.28 06:33:21.737,1.31992,1.32011,1.00,1.00
2017.12.28 06:33:24.620,1.31992,1.32012,1.00,1.00
2017.12.28 06:33:25.043,1.31992,1.32012,1.00,1.75
2017.12.28 06:33:26.804,1.31992,1.32012,1.00,1.12
2017.12.28 06:33:26.918,1.31992,1.32012,1.00,1.75
2017.12.28 06:33:27.205,1.31992,1.32011,1.00,1.00
2017.12.28 06:33:27.742,1.31992,1.3201,1.00,1.00
2017.12.28 06:33:28.253,1.31992,1.32009,1.00,1.12
2017.12.28 06:33:29.073,1.31992,1.32011,1.00,1.00
2017.12.28 06:33:29.797,1.31992,1.3201,1.00,1.00
2017.12.28 06:33:30.307,1.31992,1.32011,1.00,1.12
2017.12.28 06:33:31.005,1.31992,1.3201,1.00,1.00
2017.12.28 06:33:31.686,1.31992,1.32011,1.00,1.12
2017.12.28 06:33:32.467,1.31992,1.3201,1.00,1.00
2017.12.28 06:33:33.084,1.31992,1.32012,1.00,2.25
2017.12.28 06:33:35.142,1.31992,1.32012,1.00,1.00
2017.12.28 06:33:35.720,1.31992,1.32011,1.00,1.00
2017.12.28 06:33:36.664,1.31992,1.32012,1.00,1.00
2017.12.28 06:33:37.166,1.31992,1.32011,1.00,1.00
2017.12.28 06:33:37.701,1.31992,1.32012,1.00,1.50
2017.12.28 06:33:38.684,1.31992,1.32012,1.00,1.00
2017.12.28 06:33:39.221,1.31992,1.32011,1.00,1.00
2017.12.28 06:33:39.866,1.31992,1.32012,1.00,1.12
2017.12.28 06:33:40.393,1.31992,1.32011,1.00,1.00
2017.12.28 06:33:40.902,1.31992,1.32012,1.00,1.12
2017.12.28 06:33:41.453,1.31992,1.32011,1.00,1.00
2017.12.28 06:33:41.983,1.31992,1.32012,1.00,1.12
2017.12.28 06:33:42.511,1.31992,1.32011,1.00,1.00
2017.12.28 06:33:43.364,1.31992,1.32012,1.00,1.12
2017.12.28 06:33:43.866,1.31992,1.32011,1.00,1.00
2017.12.28 06:33:44.382,1.31992,1.32012,1.00,1.12
2017.12.28 06:33:44.993,1.31992,1.32011,1.00,1.00
2017.12.28 06:33:45.614,1.31992,1.32012,1.00,1.12
2017.12.28 06:33:46.137,1.31992,1.32011,1.00,1.12
2017.12.28 06:33:46.966,1.31989,1.32011,1.50,1.12
2017.12.28 06:33:47.017,1.3199,1.32007,1.00,1.00
2017.12.28 06:33:47.901,1.3199,1.32008,2.25,1.00
2017.12.28 06:33:48.422,1.3199,1.32007,2.25,1.00
2017.12.28 06:33:48.930,1.3199,1.32008,2.25,1.00
2017.12.28 06:33:49.581,1.31992,1.32009,1.00,1.00
2017.12.28 06:33:49.633,1.31992,1.32011,1.00,1.12
2017.12.28 06:33:50.275,1.31992,1.3201,1.00,1.00
2017.12.28 06:33:50.871,1.31992,1.32011,1.00,1.12
2017.12.28 06:33:50.923,1.31992,1.32008,1.00,1.00
2017.12.28 06:33:51.824,1.31992,1.32009,1.00,1.00
2017.12.28 06:33:52.244,1.31995,1.32009,1.00,1.00
2017.12.28 06:33:52.830,1.31995,1.32008,1.00,1.00
2017.12.28 06:33:52.984,1.31995,1.32015,1.00,2.25
2017.12.28 06:33:53.036,1.31995,1.32008,1.00,1.00
2017.12.28 06:33:53.235,1.31995,1.32011,1.00,1.00
2017.12.28 06:33:53.287,1.31992,1.3201,1.00,1.00
2017.12.28 06:33:53.714,1.31995,1.3201,1.00,1.00
2017.12.28 06:33:54.458,1.31992,1.3201,1.00,1.00
2017.12.28 06:33:54.943,1.31995,1.32011,1.00,1.00
2017.12.28 06:33:56.003,1.31995,1.3201,1.00,1.00
2017.12.28 06:33:56.950,1.31995,1.32011,1.00,1.00
2017.12.28 06:33:57.536,1.31995,1.3201,1.00,1.00
2017.12.28 06:33:58.340,1.31995,1.32011,1.00,1.00
2017.12.28 06:33:58.913,1.31995,1.3201,1.00,1.00
2017.12.28 06:34:00.481,1.31995,1.32011,1.00,1.12
2017.12.28 06:34:08.316,1.31995,1.3201,1.00,1.00
2017.12.28 06:34:09.506,1.31995,1.32011,1.00,1.12
2017.12.28 06:34:10.153,1.31995,1.3201,1.00,1.00
2017.12.28 06:34:15.979,1.31991,1.3201,1.00,1.00
2017.12.28 06:34:23.602,1.31991,1.32011,1.00,1.12
2017.12.28 06:34:24.126,1.31991,1.3201,1.00,1.00
2017.12.28 06:34:30.235,1.3199,1.3201,1.50,1.00
2017.12.28 06:34:30.286,1.31992,1.3201,1.00,1.00
2017.12.28 06:34:43.151,1.31992,1.32011,1.00,1.00
2017.12.28 06:34:43.879,1.31992,1.3201,1.00,1.00
2017.12.28 06:34:45.967,1.3199,1.3201,1.50,1.00
2017.12.28 06:34:46.190,1.31992,1.3201,1.00,1.00
2017.12.28 06:34:47.653,1.3199,1.3201,1.50,1.00
2017.12.28 06:34:47.757,1.31992,1.3201,1.00,1.00
2017.12.28 06:34:49.515,1.31993,1.32011,1.00,1.00
2017.12.28 06:34:50.045,1.31993,1.3201,1.00,1.00
2017.12.28 06:34:50.975,1.31993,1.32011,1.00,1.00
2017.12.28 06:34:52.527,1.31993,1.3201,1.00,1.00
2017.12.28 06:34:53.277,1.3199,1.3201,2.25,1.00
2017.12.28 06:34:55.213,1.3199,1.32011,2.25,1.00
2017.12.28 06:35:04.551,1.3199,1.3201,1.00,1.00
2017.12.28 06:35:05.984,1.3199,1.32011,1.00,1.00
2017.12.28 06:35:06.514,1.3199,1.3201,1.00,1.00
2017.12.28 06:35:06.981,1.3199,1.32013,1.00,1.00
2017.12.28 06:35:07.512,1.3199,1.32012,2.25,1.00
2017.12.28 06:35:07.702,1.31995,1.32012,1.00,1.00
2017.12.28 06:35:09.202,1.31995,1.32013,1.00,1.00
2017.12.28 06:35:09.900,1.31995,1.32012,1.00,1.00
2017.12.28 06:35:10.682,1.31995,1.32013,1.00,1.00
2017.12.28 06:35:11.220,1.31995,1.32012,1.00,1.00
2017.12.28 06:35:11.972,1.31995,1.32013,1.00,1.00
2017.12.28 06:35:13.742,1.31995,1.32012,1.00,1.00
2017.12.28 06:35:14.006,1.31992,1.32012,1.00,1.00
2017.12.28 06:35:14.484,1.3199,1.32012,1.50,1.00
2017.12.28 06:35:14.738,1.31992,1.32012,1.00,1.00
2017.12.28 06:35:15.301,1.31992,1.32013,1.00,1.00
2017.12.28 06:35:15.789,1.31994,1.32012,1.00,1.00
2017.12.28 06:35:15.998,1.31992,1.32013,1.00,1.00
2017.12.28 06:35:16.590,1.31992,1.32012,1.00,1.00
2017.12.28 06:35:17.276,1.31992,1.32013,1.00,1.00
2017.12.28 06:35:17.813,1.31991,1.32012,1.00,1.00
2017.12.28 06:35:17.865,1.31993,1.32012,1.00,1.00
2017.12.28 06:35:18.553,1.31993,1.32013,1.00,1.00
2017.12.28 06:35:19.105,1.31993,1.32012,1.00,1.00
2017.12.28 06:35:19.615,1.31997,1.32012,1.00,1.00
2017.12.28 06:35:20.178,1.31997,1.32013,1.00,1.00
2017.12.28 06:35:20.806,1.31997,1.32012,1.00,1.00
2017.12.28 06:35:21.138,1.31992,1.32013,1.00,1.00
2017.12.28 06:35:21.650,1.31992,1.32012,1.00,1.00
2017.12.28 06:35:22.231,1.31992,1.32013,1.00,1.00
2017.12.28 06:35:22.774,1.31992,1.32012,1.00,1.00
2017.12.28 06:35:23.438,1.31996,1.32012,1.00,1.00
2017.12.28 06:35:23.490,1.31993,1.32012,1.00,1.00
2017.12.28 06:35:24.012,1.31993,1.32013,1.00,1.00
2017.12.28 06:35:24.545,1.31993,1.32012,1.00,1.00
2017.12.28 06:35:25.095,1.31993,1.32013,1.00,1.00
2017.12.28 06:35:26.016,1.31993,1.32012,1.00,1.00
2017.12.28 06:35:26.811,1.31993,1.32013,1.00,1.00
2017.12.28 06:35:27.196,1.31996,1.32012,1.00,1.00
2017.12.28 06:35:27.402,1.31991,1.32012,1.00,1.00
2017.12.28 06:35:27.967,1.31991,1.32013,1.00,1.00
2017.12.28 06:35:28.487,1.31991,1.32012,1.00,1.00
2017.12.28 06:35:29.223,1.31991,1.32013,1.00,1.00
2017.12.28 06:35:29.753,1.31991,1.32012,1.00,1.00
2017.12.28 06:35:30.519,1.31991,1.32013,1.00,1.00
2017.12.28 06:35:30.827,1.31994,1.32012,1.00,1.00
2017.12.28 06:35:31.339,1.31993,1.32012,1.00,1.00
2017.12.28 06:35:31.877,1.31992,1.32012,1.00,1.00
2017.12.28 06:35:32.305,1.31997,1.32013,1.00,1.00
2017.12.28 06:35:32.357,1.31994,1.32013,1.00,1.00
2017.12.28 06:35:32.991,1.31994,1.32012,1.00,1.00
2017.12.28 06:35:33.510,1.31994,1.32013,1.00,1.00
2017.12.28 06:35:34.012,1.31994,1.32012,1.00,1.00
2017.12.28 06:35:34.502,1.31989,1.32012,2.25,1.00
2017.12.28 06:35:35.204,1.31989,1.32013,2.25,1.00
2017.12.28 06:35:35.901,1.31989,1.32012,2.25,1.00
2017.12.28 06:35:36.713,1.3199,1.32013,1.50,1.00
2017.12.28 06:35:37.221,1.3199,1.32012,1.50,1.00
2017.12.28 06:35:37.751,1.31989,1.32012,3.75,1.00
2017.12.28 06:35:38.262,1.3199,1.32012,1.50,1.00
2017.12.28 06:35:38.833,1.3199,1.32013,1.50,1.00
2017.12.28 06:35:39.347,1.3199,1.32012,1.50,1.00
2017.12.28 06:35:40.282,1.3199,1.32013,1.50,1.00
2017.12.28 06:35:40.994,1.3199,1.32012,1.50,1.00
2017.12.28 06:35:41.811,1.3199,1.32013,1.50,1.00
2017.12.28 06:35:42.324,1.3199,1.32012,1.50,1.00
2017.12.28 06:35:42.880,1.3199,1.32013,1.50,1.00
2017.12.28 06:35:43.401,1.3199,1.32012,1.50,1.00
2017.12.28 06:35:43.863,1.3199,1.32006,1.50,1.00
2017.12.28 06:35:44.202,1.31988,1.32002,2.25,1.00
2017.12.28 06:35:44.954,1.31988,1.32003,2.25,1.00
2017.12.28 06:35:46.655,1.31988,1.32002,2.25,1.00
2017.12.28 06:35:47.319,1.31988,1.32003,2.25,1.00
2017.12.28 06:35:48.972,1.31988,1.32002,2.25,1.00
2017.12.28 06:35:51.436,1.31987,1.32001,2.25,1.00
2017.12.28 06:35:52.240,1.31988,1.32001,2.25,1.00
2017.12.28 06:35:52.914,1.31988,1.32002,2.25,1.00
2017.12.28 06:35:53.445,1.31988,1.32001,2.25,1.00
2017.12.28 06:35:54.552,1.31988,1.32002,2.25,1.00
2017.12.28 06:35:58.233,1.31988,1.32001,2.25,1.00
2017.12.28 06:36:08.857,1.31988,1.32002,2.25,1.00
2017.12.28 06:36:09.498,1.31987,1.32001,2.25,1.00
2017.12.28 06:36:16.151,1.31987,1.32002,2.25,1.00
2017.12.28 06:36:17.318,1.31987,1.32001,2.25,1.00
2017.12.28 06:36:18.080,1.31987,1.32002,2.25,1.00
2017.12.28 06:36:18.588,1.31987,1.32001,2.25,1.00
2017.12.28 06:36:19.173,1.31987,1.32002,2.25,1.00
2017.12.28 06:36:22.416,1.31987,1.32001,2.25,1.00
2017.12.28 06:36:24.165,1.31987,1.32002,2.25,1.00
2017.12.28 06:36:24.771,1.31987,1.32001,2.25,1.00
2017.12.28 06:36:25.606,1.31988,1.32002,2.25,1.00
2017.12.28 06:36:26.250,1.31988,1.32001,2.25,1.00
2017.12.28 06:36:27.503,1.31988,1.32002,2.25,1.00
2017.12.28 06:36:28.150,1.31988,1.32001,2.25,1.00
2017.12.28 06:36:28.656,1.31988,1.32002,2.25,1.00
2017.12.28 06:36:29.118,1.31988,1.32001,2.25,1.37
2017.12.28 06:36:29.639,1.31987,1.32001,2.25,1.50
2017.12.28 06:36:31.239,1.31987,1.32002,2.25,1.00
2017.12.28 06:36:32.036,1.31987,1.32001,2.25,1.00
2017.12.28 06:36:37.898,1.31987,1.32002,2.25,1.00
2017.12.28 06:36:38.413,1.31987,1.32001,2.25,1.00
2017.12.28 06:36:39.405,1.31987,1.32002,2.25,1.00
2017.12.28 06:36:40.364,1.31987,1.32001,2.25,1.00
2017.12.28 06:36:41.153,1.31987,1.32002,2.25,1.00
2017.12.28 06:36:41.922,1.31987,1.32001,2.25,1.00
2017.12.28 06:36:42.625,1.31987,1.32002,2.25,1.00
2017.12.28 06:36:43.152,1.31987,1.32001,2.25,1.00
2017.12.28 06:36:44.042,1.31987,1.32002,2.25,1.00
2017.12.28 06:36:45.640,1.31987,1.32001,2.25,1.00
2017.12.28 06:36:46.474,1.31987,1.32002,2.25,1.00
2017.12.28 06:36:47.123,1.3199,1.32002,1.00,1.00
2017.12.28 06:36:47.401,1.31987,1.32001,2.25,1.00
2017.12.28 06:36:48.900,1.31987,1.32002,2.25,1.00
2017.12.28 06:36:49.722,1.31987,1.32001,2.25,1.00
2017.12.28 06:36:53.860,1.31986,1.31998,1.50,1.00
2017.12.28 06:37:03.572,1.31986,1.31999,1.50,1.00
2017.12.28 06:37:03.879,1.31988,1.31998,2.25,1.00
2017.12.28 06:37:04.879,1.31988,1.31999,2.25,1.00
2017.12.28 06:37:05.658,1.31988,1.31998,2.25,1.00
2017.12.28 06:37:08.511,1.31988,1.31999,2.25,1.00
2017.12.28 06:37:09.048,1.31988,1.31998,2.25,1.00
2017.12.28 06:37:10.755,1.31988,1.31999,2.25,1.00
2017.12.28 06:37:13.171,1.31988,1.31998,2.25,1.00
2017.12.28 06:37:15.772,1.31988,1.31999,2.25,1.00
2017.12.28 06:37:16.381,1.31988,1.31998,2.25,1.00
2017.12.28 06:37:21.312,1.31988,1.31999,2.25,1.00
2017.12.28 06:37:28.617,1.31988,1.31996,2.25,1.00
2017.12.28 06:37:28.911,1.31988,1.32,2.25,1.00
2017.12.28 06:37:33.587,1.31988,1.31999,2.25,1.00
2017.12.28 06:37:43.742,1.31988,1.32,2.25,1.00
2017.12.28 06:37:45.608,1.31987,1.31999,2.25,1.00
2017.12.28 06:37:50.177,1.31988,1.32,2.25,1.00
2017.12.28 06:37:55.777,1.3199,1.32,1.00,1.00
2017.12.28 06:37:58.872,1.31988,1.32,2.25,1.00
2017.12.28 06:37:59.444,1.31988,1.31999,2.25,1.00
2017.12.28 06:38:05.671,1.31988,1.32,2.25,1.00
2017.12.28 06:38:15.172,1.31988,1.31997,2.25,1.00
2017.12.28 06:38:15.397,1.31988,1.32001,2.25,1.00
2017.12.28 06:38:15.952,1.31988,1.32,2.25,1.00
2017.12.28 06:38:16.484,1.31988,1.32001,2.25,1.00
2017.12.28 06:38:30.956,1.31988,1.32,2.25,1.00
2017.12.28 06:38:31.463,1.31988,1.32001,2.25,1.00
2017.12.28 06:38:39.226,1.31988,1.32,2.25,1.00
2017.12.28 06:38:39.329,1.31988,1.32004,2.25,1.12
2017.12.28 06:38:39.433,1.31988,1.32007,1.00,1.00
2017.12.28 06:38:39.588,1.3199,1.32008,1.50,1.00
2017.12.28 06:38:40.252,1.3199,1.32007,1.50,1.00
2017.12.28 06:38:40.935,1.3199,1.32008,1.50,1.00
2017.12.28 06:38:41.547,1.3199,1.32007,1.50,1.00
2017.12.28 06:38:42.201,1.31991,1.32008,1.00,1.00
2017.12.28 06:38:42.718,1.3199,1.32008,1.50,1.00
2017.12.28 06:38:45.433,1.31991,1.32008,1.00,1.00
2017.12.28 06:38:46.023,1.31991,1.32007,1.00,1.00
2017.12.28 06:38:47.752,1.3199,1.32007,1.50,1.00
2017.12.28 06:38:48.581,1.3199,1.32008,2.25,1.00
2017.12.28 06:38:51.721,1.3199,1.32007,2.25,1.00
2017.12.28 06:38:57.251,1.3199,1.32008,2.25,1.00
2017.12.28 06:38:59.692,1.3199,1.32007,2.25,1.00
2017.12.28 06:39:02.733,1.3199,1.32008,2.25,1.00
2017.12.28 06:39:03.430,1.3199,1.32007,2.25,1.00
2017.12.28 06:39:03.973,1.3199,1.32008,2.25,1.00
2017.12.28 06:39:04.492,1.3199,1.32007,1.50,1.00
2017.12.28 06:39:05.993,1.3199,1.32011,1.50,1.00
2017.12.28 06:39:06.746,1.31989,1.32011,3.00,1.00
2017.12.28 06:39:11.982,1.31989,1.32012,2.25,1.00
2017.12.28 06:39:12.685,1.31989,1.32011,3.00,1.00
2017.12.28 06:39:13.405,1.31989,1.32011,2.25,1.87
2017.12.28 06:39:13.508,1.31989,1.3201,1.00,1.75
2017.12.28 06:39:14.034,1.31987,1.32011,3.00,2.25
2017.12.28 06:39:23.027,1.31987,1.32007,2.25,1.50
2017.12.28 06:39:23.337,1.31972,1.31992,2.25,1.00
2017.12.28 06:39:23.596,1.31984,1.32008,1.00,1.87
2017.12.28 06:39:23.750,1.31986,1.32012,1.00,1.75
2017.12.28 06:39:27.584,1.31981,1.32008,1.00,1.75
2017.12.28 06:39:27.636,1.31981,1.32004,1.00,1.00
2017.12.28 06:39:28.202,1.31981,1.32003,1.00,1.50
2017.12.28 06:39:29.434,1.31978,1.32003,1.00,1.50
2017.12.28 06:39:29.598,1.3198,1.32003,1.00,1.00
2017.12.28 06:39:29.650,1.31978,1.32003,1.00,1.00
2017.12.28 06:39:29.704,1.3198,1.32003,1.00,1.00
2017.12.28 06:39:29.757,1.31978,1.32003,1.00,1.00
2017.12.28 06:39:35.692,1.31978,1.31999,1.00,1.00
2017.12.28 06:39:35.797,1.31975,1.31999,1.00,1.50
2017.12.28 06:39:35.953,1.31977,1.32,1.00,2.25
2017.12.28 06:39:36.005,1.31975,1.32,1.00,3.00
2017.12.28 06:39:52.548,1.31971,1.31998,1.00,1.12
2017.12.28 06:39:52.793,1.31971,1.31998,1.00,1.50
2017.12.28 06:40:12.843,1.31971,1.31997,1.00,1.12
2017.12.28 06:40:16.268,1.31975,1.31998,1.00,1.00
2017.12.28 06:40:16.807,1.31976,1.32,1.00,1.37
2017.12.28 06:40:17.115,1.31979,1.31998,1.00,1.00
2017.12.28 06:40:17.218,1.31975,1.31998,1.00,1.00
2017.12.28 06:40:22.695,1.31975,1.31999,1.00,1.00
2017.12.28 06:40:23.215,1.31976,1.31999,1.00,1.00
2017.12.28 06:40:23.739,1.31975,1.31999,1.00,1.00
2017.12.28 06:40:24.348,1.31976,1.31999,1.00,1.00
2017.12.28 06:40:24.906,1.31975,1.31999,1.00,1.00
2017.12.28 06:40:25.515,1.31976,1.31999,1.00,1.00
2017.12.28 06:40:26.199,1.31975,1.31999,1.00,1.00
2017.12.28 06:40:27.584,1.31976,1.31999,1.00,1.00
2017.12.28 06:40:28.095,1.31976,1.32,1.00,1.12
2017.12.28 06:40:28.504,1.31975,1.31997,1.00,1.00
2017.12.28 06:40:28.739,1.31972,1.31997,1.00,1.50
2017.12.28 06:40:29.532,1.31975,1.31997,1.00,1.00
2017.12.28 06:40:29.805,1.31972,1.31997,1.00,1.50
2017.12.28 06:40:30.183,1.31975,1.31997,1.00,1.50
2017.12.28 06:40:34.205,1.31975,1.31995,1.00,1.00
2017.12.28 06:40:34.257,1.31972,1.31993,1.00,1.00
2017.12.28 06:40:34.839,1.31972,1.31992,1.00,1.00
2017.12.28 06:40:45.093,1.31972,1.31993,1.00,1.00
2017.12.28 06:40:45.625,1.31972,1.31992,1.00,1.00
2017.12.28 06:40:48.096,1.31972,1.31997,1.00,1.50
2017.12.28 06:40:48.200,1.31972,1.31998,1.00,1.50
2017.12.28 06:40:48.704,1.31972,1.31997,1.00,1.50
2017.12.28 06:40:50.963,1.31972,1.31998,1.00,1.50
2017.12.28 06:40:51.542,1.31972,1.31997,1.00,1.50
2017.12.28 06:40:52.197,1.31972,1.31998,1.00,1.50
2017.12.28 06:40:52.709,1.31972,1.31997,1.00,1.50
2017.12.28 06:40:53.232,1.31972,1.31998,1.00,1.50
2017.12.28 06:40:53.985,1.31972,1.31997,1.00,1.50
2017.12.28 06:40:56.037,1.31972,1.31998,1.00,1.00
2017.12.28 06:40:56.603,1.31972,1.31997,1.00,1.12
2017.12.28 06:41:03.344,1.31977,1.31997,1.00,1.12
2017.12.28 06:41:03.396,1.31975,1.31998,1.00,1.50
2017.12.28 06:41:03.899,1.31975,1.31998,1.00,1.00
2017.12.28 06:41:04.585,1.31975,1.31997,1.00,1.00
2017.12.28 06:41:05.355,1.31975,1.31998,1.00,1.00
2017.12.28 06:41:05.849,1.31975,1.31991,1.00,1.00
2017.12.28 06:41:05.901,1.31969,1.31991,1.00,1.00
2017.12.28 06:41:06.842,1.31969,1.3199,1.00,1.00
2017.12.28 06:41:06.996,1.3197,1.31993,1.00,1.00
2017.12.28 06:41:07.408,1.31969,1.3199,1.00,1.00
2017.12.28 06:41:07.989,1.31969,1.31991,1.00,1.00
2017.12.28 06:41:08.646,1.31969,1.3199,1.00,1.00
2017.12.28 06:41:20.556,1.31969,1.31993,1.00,1.00
2017.12.28 06:41:21.176,1.31969,1.31992,1.00,1.00
2017.12.28 06:41:23.500,1.31969,1.31993,1.00,1.00
2017.12.28 06:41:24.016,1.31969,1.31992,1.00,1.00
2017.12.28 06:41:24.564,1.3197,1.31992,1.00,1.00
2017.12.28 06:41:26.084,1.3197,1.31993,1.00,1.00
2017.12.28 06:41:26.593,1.3197,1.31992,1.00,1.00
2017.12.28 06:41:32.015,1.31969,1.31992,1.12,1.00
2017.12.28 06:41:33.592,1.31969,1.31993,1.00,1.00
2017.12.28 06:41:34.969,1.31969,1.31992,1.00,1.00
2017.12.28 06:41:39.849,1.31969,1.31991,1.00,1.00
2017.12.28 06:41:40.384,1.31969,1.31992,1.00,1.00
2017.12.28 06:41:40.999,1.31969,1.31991,1.00,1.00
2017.12.28 06:41:41.505,1.31969,1.31992,1.00,1.00
2017.12.28 06:41:42.189,1.31971,1.31991,1.00,1.00
2017.12.28 06:41:42.293,1.31969,1.31991,1.00,1.00
2017.12.28 06:41:42.656,1.31971,1.31991,1.00,1.00
2017.12.28 06:41:42.759,1.31969,1.31991,1.00,1.00
2017.12.28 06:41:42.863,1.31972,1.31991,1.00,1.00
2017.12.28 06:41:42.915,1.31967,1.31991,1.00,1.00
2017.12.28 06:41:43.461,1.31967,1.31992,1.00,1.12
2017.12.28 06:41:43.879,1.3197,1.31992,1.00,1.00
2017.12.28 06:41:43.930,1.31967,1.31991,1.00,1.00
2017.12.28 06:41:45.367,1.3197,1.31991,1.00,1.00
2017.12.28 06:41:45.573,1.31968,1.31991,1.00,1.00
2017.12.28 06:41:45.959,1.3197,1.31991,1.00,1.00
2017.12.28 06:41:46.010,1.31968,1.31991,1.00,1.00
2017.12.28 06:41:46.170,1.31971,1.31991,1.00,1.00
2017.12.28 06:41:46.375,1.31968,1.31991,1.00,1.00
2017.12.28 06:41:46.989,1.31968,1.31992,1.00,1.12
2017.12.28 06:41:48.350,1.31968,1.31991,1.00,1.00
2017.12.28 06:41:50.713,1.31968,1.31992,1.00,1.00
2017.12.28 06:41:50.868,1.3197,1.31991,1.00,1.00
2017.12.28 06:41:51.512,1.3197,1.31992,1.50,1.00
2017.12.28 06:41:52.374,1.31968,1.31991,1.00,1.00
2017.12.28 06:41:52.425,1.31971,1.31992,1.00,1.00
2017.12.28 06:41:52.594,1.31968,1.31992,1.00,1.00
2017.12.28 06:41:52.929,1.31971,1.31991,1.00,1.00
2017.12.28 06:41:53.033,1.31971,1.31998,1.00,1.75
2017.12.28 06:41:53.085,1.31971,1.31991,1.00,1.00
2017.12.28 06:41:53.453,1.31969,1.31991,1.00,1.00
2017.12.28 06:41:54.203,1.3197,1.31991,1.00,1.00
2017.12.28 06:41:54.813,1.31968,1.31991,1.00,1.00
2017.12.28 06:41:56.682,1.31968,1.31992,1.00,1.00
2017.12.28 06:41:57.197,1.31968,1.31991,1.00,1.00
2017.12.28 06:41:58.481,1.31968,1.31992,1.00,1.00
2017.12.28 06:42:08.345,1.31968,1.31991,1.00,1.00
2017.12.28 06:42:08.889,1.31968,1.31992,1.12,1.00
2017.12.28 06:42:09.249,1.3197,1.31991,1.00,1.00
2017.12.28 06:42:09.408,1.31968,1.31991,1.00,1.00
2017.12.28 06:42:11.422,1.31968,1.31992,1.00,1.00
2017.12.28 06:42:11.473,1.3197,1.31992,1.00,1.00
2017.12.28 06:42:13.535,1.3197,1.31991,1.00,1.00
2017.12.28 06:42:14.188,1.3197,1.31992,1.00,1.00
2017.12.28 06:42:18.681,1.3197,1.31991,1.00,1.00
2017.12.28 06:42:22.099,1.31968,1.31991,1.00,1.00
2017.12.28 06:42:22.275,1.31971,1.31991,1.00,1.00
2017.12.28 06:42:26.452,1.31971,1.31992,1.00,1.12
2017.12.28 06:42:27.060,1.31971,1.31991,1.00,1.00
2017.12.28 06:42:45.680,1.31971,1.31992,1.00,1.00
2017.12.28 06:42:59.259,1.31971,1.31991,1.00,1.00
2017.12.28 06:42:59.779,1.31971,1.31992,1.00,1.00
2017.12.28 06:43:02.001,1.31971,1.31991,1.00,1.00
2017.12.28 06:43:12.264,1.31971,1.31992,1.00,1.12
2017.12.28 06:43:13.048,1.31971,1.31991,1.00,1.00
2017.12.28 06:43:16.581,1.31971,1.31992,1.00,1.12
2017.12.28 06:43:21.804,1.3197,1.31992,1.00,1.12
2017.12.28 06:43:24.051,1.3197,1.31991,1.00,1.00
2017.12.28 06:43:24.582,1.3197,1.31992,1.00,1.12
2017.12.28 06:43:25.607,1.3197,1.31991,1.00,1.00
2017.12.28 06:43:28.757,1.31971,1.31991,1.00,1.00
2017.12.28 06:43:29.103,1.31975,1.31993,1.00,1.00
2017.12.28 06:43:32.192,1.31971,1.31993,1.00,1.00
2017.12.28 06:43:33.064,1.31971,1.31994,1.00,1.00
2017.12.28 06:43:33.800,1.31971,1.31993,1.00,1.00
2017.12.28 06:43:34.625,1.31972,1.31993,1.00,1.00
2017.12.28 06:43:34.881,1.31976,1.31993,1.00,1.00
2017.12.28 06:43:35.191,1.31972,1.31993,1.00,1.00
2017.12.28 06:43:35.242,1.31972,1.31991,1.00,1.00
2017.12.28 06:43:35.756,1.31972,1.31992,1.00,1.00
2017.12.28 06:43:36.130,1.31968,1.31988,1.00,1.00
2017.12.28 06:43:36.947,1.31968,1.31987,1.00,1.00
2017.12.28 06:43:37.429,1.31973,1.31988,1.00,1.00
2017.12.28 06:43:38.339,1.31973,1.31987,1.00,1.00
2017.12.28 06:43:40.051,1.31966,1.31987,1.50,1.00
2017.12.28 06:43:40.735,1.31966,1.31988,1.50,1.00
2017.12.28 06:43:41.589,1.31966,1.31987,1.50,1.00
2017.12.28 06:43:42.107,1.31966,1.31988,1.50,1.00
2017.12.28 06:43:42.614,1.31966,1.31987,1.00,1.00
2017.12.28 06:43:44.902,1.31966,1.31988,1.50,1.00
2017.12.28 06:43:46.039,1.31966,1.31987,1.00,1.00
2017.12.28 06:43:46.640,1.31971,1.31988,1.00,1.00
2017.12.28 06:43:47.110,1.31967,1.31988,1.00,1.00
2017.12.28 06:43:48.253,1.31972,1.31987,1.00,1.00
2017.12.28 06:43:48.969,1.31972,1.31988,1.00,1.00
2017.12.28 06:43:49.255,1.31966,1.31987,1.50,1.00
2017.12.28 06:43:49.850,1.31966,1.31988,1.50,1.00
2017.12.28 06:43:50.362,1.31966,1.31987,1.50,1.00
2017.12.28 06:43:51.382,1.31966,1.31988,1.00,1.00
2017.12.28 06:43:51.954,1.31965,1.31988,1.00,1.00
2017.12.28 06:43:52.330,1.31971,1.31988,1.00,1.00
2017.12.28 06:43:52.867,1.31971,1.31987,1.00,1.00
2017.12.28 06:43:53.547,1.31966,1.31987,1.50,1.00
2017.12.28 06:43:54.274,1.31966,1.31988,1.50,1.00
2017.12.28 06:43:54.791,1.31966,1.31987,1.50,1.00
2017.12.28 06:43:54.996,1.31972,1.31987,1.00,1.00
2017.12.28 06:43:55.048,1.31967,1.31988,1.00,1.00
2017.12.28 06:43:55.641,1.31967,1.31987,1.00,1.00
2017.12.28 06:43:56.281,1.31967,1.31988,1.00,1.50
2017.12.28 06:43:56.754,1.31964,1.31987,1.00,1.12
2017.12.28 06:43:58.560,1.31964,1.31986,1.00,1.00
2017.12.28 06:43:59.081,1.31964,1.31987,1.00,1.12
2017.12.28 06:43:59.236,1.31966,1.31987,1.00,1.12
2017.12.28 06:43:59.287,1.31964,1.31988,1.00,1.87
2017.12.28 06:43:59.951,1.3197,1.31986,1.00,1.00
2017.12.28 06:44:00.003,1.31964,1.31987,1.00,1.12
2017.12.28 06:44:00.107,1.31968,1.31986,1.00,1.00
2017.12.28 06:44:00.310,1.31963,1.31982,1.00,1.00
2017.12.28 06:44:00.567,1.31958,1.31982,1.00,1.00
2017.12.28 06:44:05.798,1.31958,1.31983,1.00,1.87
2017.12.28 06:44:18.568,1.31958,1.31982,1.00,1.00
2017.12.28 06:44:31.445,1.31961,1.31983,1.00,1.00
2017.12.28 06:44:31.920,1.31965,1.31983,1.00,1.00
2017.12.28 06:44:31.972,1.31962,1.31983,1.00,1.00
2017.12.28 06:44:32.521,1.31962,1.31984,1.00,1.50
2017.12.28 06:44:33.265,1.31962,1.31985,1.00,1.50
2017.12.28 06:44:33.368,1.31962,1.31983,1.00,1.00
2017.12.28 06:44:33.524,1.31962,1.31985,1.00,1.50
2017.12.28 06:44:33.576,1.31962,1.31983,1.00,1.00
2017.12.28 06:44:34.118,1.31962,1.3198,1.00,1.00
2017.12.28 06:44:34.221,1.31962,1.31983,1.00,1.00
2017.12.28 06:44:34.325,1.31962,1.31985,1.00,1.50
2017.12.28 06:44:34.428,1.31962,1.31983,1.00,1.00
2017.12.28 06:44:34.634,1.31962,1.31985,1.00,1.50
2017.12.28 06:44:34.685,1.31962,1.31983,1.00,1.00
2017.12.28 06:44:35.854,1.31962,1.31984,1.00,1.00
2017.12.28 06:44:36.393,1.31962,1.31985,1.00,1.50
2017.12.28 06:44:36.702,1.31964,1.31983,1.00,1.00
2017.12.28 06:44:37.011,1.31976,1.31983,1.00,1.00
2017.12.28 06:44:37.063,1.31965,1.31983,1.00,1.00
2017.12.28 06:44:37.115,1.31961,1.31983,1.00,1.00
2017.12.28 06:44:37.218,1.31957,1.31983,1.00,1.00
2017.12.28 06:44:37.270,1.31959,1.31983,1.00,1.00
2017.12.28 06:44:37.583,1.31961,1.31983,1.00,1.00
2017.12.28 06:44:37.991,1.31964,1.31984,1.00,1.00
2017.12.28 06:44:38.304,1.31961,1.31983,1.00,1.00
2017.12.28 06:44:38.822,1.31961,1.31984,1.50,1.00
2017.12.28 06:44:39.640,1.31961,1.31985,1.50,1.50
2017.12.28 06:44:40.461,1.31965,1.31984,1.00,1.00
2017.12.28 06:44:40.515,1.31961,1.31984,1.00,1.00
2017.12.28 06:44:41.041,1.31961,1.31985,1.00,1.50
2017.12.28 06:44:41.882,1.31961,1.31984,1.00,1.00
2017.12.28 06:44:43.603,1.31961,1.31985,1.00,1.50
2017.12.28 06:44:45.088,1.31961,1.31984,1.00,1.00
2017.12.28 06:44:48.349,1.31961,1.31983,1.00,1.00
2017.12.28 06:44:49.448,1.31961,1.31984,1.00,1.00
2017.12.28 06:44:49.499,1.31974,1.31984,1.00,1.00
2017.12.28 06:44:49.551,1.31964,1.31984,1.00,1.00
2017.12.28 06:44:50.074,1.31964,1.31985,1.00,1.50
2017.12.28 06:44:50.637,1.31964,1.31984,1.00,1.00
2017.12.28 06:44:51.065,1.31964,1.31982,1.00,1.00
2017.12.28 06:44:51.116,1.31964,1.31985,1.00,1.50
2017.12.28 06:44:51.711,1.31964,1.31984,1.00,1.00
2017.12.28 06:44:52.792,1.31968,1.31984,1.00,1.00
2017.12.28 06:44:52.896,1.31962,1.31985,1.00,1.50
2017.12.28 06:44:53.781,1.31962,1.31984,1.00,1.00
2017.12.28 06:44:54.632,1.31962,1.31985,1.00,1.87
2017.12.28 06:44:55.148,1.31962,1.31984,1.00,1.00
2017.12.28 06:44:57.183,1.31962,1.31985,1.00,1.87
2017.12.28 06:44:58.435,1.3197,1.31991,1.00,1.00
2017.12.28 06:44:58.589,1.3197,1.31995,1.50,1.50
2017.12.28 06:44:59.053,1.31976,1.32002,1.00,1.50
2017.12.28 06:44:59.109,1.31976,1.32003,1.50,1.00
2017.12.28 06:44:59.515,1.3198,1.32004,1.00,1.50
2017.12.28 06:45:00.036,1.3198,1.32003,1.00,1.00
2017.12.28 06:45:00.837,1.3198,1.32002,1.00,1.00
2017.12.28 06:45:04.397,1.3198,1.32004,1.00,1.00
2017.12.28 06:45:22.806,1.3198,1.32003,1.00,1.00
2017.12.28 06:45:22.910,1.31983,1.32004,1.00,1.00
2017.12.28 06:45:23.118,1.3198,1.32003,1.00,1.00
2017.12.28 06:45:23.729,1.3198,1.32004,1.00,1.00
2017.12.28 06:45:23.974,1.31982,1.32003,1.00,1.00
2017.12.28 06:45:24.026,1.31978,1.32004,1.00,1.12
2017.12.28 06:45:24.231,1.31982,1.32003,1.00,1.00
2017.12.28 06:45:24.591,1.31979,1.32004,1.00,1.00
2017.12.28 06:45:24.643,1.31982,1.32004,1.00,1.00
2017.12.28 06:45:25.053,1.31979,1.32004,1.00,1.12
2017.12.28 06:45:25.487,1.31982,1.32003,1.00,1.00
2017.12.28 06:45:26.294,1.31982,1.32004,1.00,1.00
2017.12.28 06:45:26.397,1.31978,1.32003,1.00,1.00
2017.12.28 06:45:26.603,1.31981,1.32004,1.00,1.12
2017.12.28 06:45:27.015,1.31993,1.32003,1.00,1.00
2017.12.28 06:45:27.067,1.31983,1.32003,1.00,1.00
2017.12.28 06:45:27.118,1.3198,1.32003,1.00,1.00
2017.12.28 06:45:27.222,1.31978,1.32004,1.00,1.12
2017.12.28 06:45:27.611,1.31984,1.32003,1.00,1.00
2017.12.28 06:45:27.819,1.3198,1.32004,1.00,1.00
2017.12.28 06:45:28.025,1.31983,1.32003,1.00,1.00
2017.12.28 06:45:28.078,1.3198,1.32003,1.00,1.00
2017.12.28 06:45:28.490,1.31983,1.32004,1.00,1.00
2017.12.28 06:45:28.901,1.31978,1.32004,1.00,1.12
2017.12.28 06:45:29.475,1.31978,1.32003,1.00,1.00
2017.12.28 06:45:29.527,1.31982,1.32004,1.00,1.00
2017.12.28 06:45:29.631,1.31978,1.32003,1.00,1.00
2017.12.28 06:45:29.734,1.31983,1.32003,1.00,1.00
2017.12.28 06:45:30.042,1.31977,1.32003,1.00,1.00
2017.12.28 06:45:30.197,1.31981,1.32003,1.00,1.00
2017.12.28 06:45:30.248,1.31977,1.32003,1.00,1.00
2017.12.28 06:45:30.300,1.31979,1.32004,1.00,1.00
2017.12.28 06:45:30.809,1.31979,1.32003,1.00,1.00
2017.12.28 06:45:31.117,1.3198,1.31997,1.00,1.00
2017.12.28 06:45:31.169,1.31974,1.31999,1.00,1.00
2017.12.28 06:45:31.415,1.31978,1.32,1.00,1.00
2017.12.28 06:45:31.928,1.31978,1.31999,1.00,1.00
2017.12.28 06:45:32.241,1.31992,1.32,1.00,1.00
2017.12.28 06:45:32.293,1.31978,1.32,1.00,1.00
2017.12.28 06:45:33.542,1.31978,1.31999,1.00,1.00
2017.12.28 06:45:34.471,1.31974,1.31999,1.12,1.00
2017.12.28 06:45:34.523,1.31978,1.31999,1.00,1.00
2017.12.28 06:45:35.121,1.31978,1.32,1.00,1.00
2017.12.28 06:45:36.992,1.31978,1.31999,1.00,1.00
2017.12.28 06:45:37.781,1.31978,1.32,1.00,1.00
2017.12.28 06:45:38.413,1.31978,1.31999,1.00,1.00
2017.12.28 06:45:38.817,1.31975,1.31999,1.00,1.12
2017.12.28 06:45:38.973,1.31975,1.31995,1.00,1.00
2017.12.28 06:45:39.127,1.31971,1.31992,1.50,1.00
2017.12.28 06:45:39.179,1.31971,1.31994,1.50,1.00
2017.12.28 06:45:39.231,1.31971,1.31992,1.50,1.00
2017.12.28 06:45:40.667,1.31971,1.31995,1.50,1.12
2017.12.28 06:45:41.498,1.31971,1.31994,1.50,1.00
2017.12.28 06:45:43.225,1.31971,1.31993,1.00,1.00
2017.12.28 06:45:43.328,1.31971,1.31997,1.00,1.00
2017.12.28 06:45:47.290,1.31971,1.31996,1.00,1.00
2017.12.28 06:45:47.764,1.31975,1.31995,1.00,1.00
2017.12.28 06:45:48.372,1.31975,1.31996,1.00,1.00
2017.12.28 06:45:48.736,1.31973,1.31996,1.00,1.00
2017.12.28 06:45:49.359,1.31973,1.31995,1.00,1.00
2017.12.28 06:45:49.742,1.31973,1.31998,1.00,1.00
2017.12.28 06:45:49.794,1.31973,1.31995,1.00,1.00
2017.12.28 06:45:50.216,1.31969,1.31995,1.00,1.00
2017.12.28 06:45:50.742,1.31969,1.31996,1.00,1.00
2017.12.28 06:45:50.794,1.31971,1.31996,1.00,1.00
2017.12.28 06:45:54.883,1.31969,1.31996,1.00,1.00
2017.12.28 06:45:54.994,1.31971,1.31993,1.00,1.00
2017.12.28 06:45:55.045,1.31969,1.31993,1.00,1.00
2017.12.28 06:45:57.321,1.31969,1.31992,1.00,1.00
2017.12.28 06:45:59.054,1.31973,1.31992,1.00,1.00
2017.12.28 06:45:59.837,1.3197,1.31988,1.00,1.00
2017.12.28 06:45:59.941,1.31967,1.31989,1.00,1.12
2017.12.28 06:46:00.144,1.31964,1.31989,1.00,1.12
2017.12.28 06:46:00.247,1.31961,1.31989,1.00,1.12
2017.12.28 06:46:00.472,1.31961,1.31984,1.00,1.00
2017.12.28 06:46:00.983,1.3196,1.31985,1.00,1.00
2017.12.28 06:46:01.622,1.3196,1.31984,1.00,1.00
2017.12.28 06:46:02.160,1.3196,1.31985,1.00,1.00
2017.12.28 06:46:03.822,1.3196,1.31984,1.00,1.00
2017.12.28 06:46:04.826,1.3196,1.31985,1.00,1.00
2017.12.28 06:46:08.332,1.3196,1.31984,1.00,1.00
2017.12.28 06:46:12.288,1.31963,1.31984,1.00,1.00
2017.12.28 06:46:13.645,1.31963,1.31986,1.00,1.00
2017.12.28 06:46:13.748,1.31963,1.31988,1.00,1.00
2017.12.28 06:46:13.902,1.31963,1.31986,1.00,1.00
2017.12.28 06:46:22.654,1.31963,1.31987,1.00,1.50
2017.12.28 06:46:23.275,1.31963,1.31985,1.00,1.00
2017.12.28 06:46:25.867,1.31963,1.31986,1.00,1.00
2017.12.28 06:46:26.453,1.31963,1.31985,1.00,1.00
2017.12.28 06:46:26.993,1.31963,1.31986,1.00,1.00
2017.12.28 06:46:29.635,1.31967,1.31987,1.00,1.00
2017.12.28 06:46:30.714,1.31967,1.3199,1.00,1.50
2017.12.28 06:46:30.869,1.31967,1.31987,1.00,1.00
2017.12.28 06:46:33.281,1.31967,1.31988,1.00,1.00
2017.12.28 06:46:33.815,1.31967,1.31987,1.00,1.00
2017.12.28 06:46:37.322,1.31967,1.31988,1.00,1.00
2017.12.28 06:46:37.702,1.31962,1.31987,1.00,1.00
2017.12.28 06:46:38.192,1.31966,1.31987,1.00,1.00
2017.12.28 06:46:38.815,1.31966,1.31988,1.00,1.00
2017.12.28 06:46:39.728,1.31962,1.31988,1.00,1.00
2017.12.28 06:46:40.652,1.31962,1.31987,1.00,1.00
2017.12.28 06:46:41.040,1.31965,1.3199,1.00,1.00
2017.12.28 06:46:41.762,1.31965,1.31991,1.00,1.00
2017.12.28 06:46:42.553,1.31965,1.31992,1.00,1.00
2017.12.28 06:46:43.335,1.31965,1.31991,1.00,1.00
2017.12.28 06:46:43.851,1.31965,1.31992,1.00,1.00
2017.12.28 06:46:44.642,1.31965,1.31991,1.00,1.00
2017.12.28 06:46:45.006,1.3197,1.31992,1.00,1.00
2017.12.28 06:46:49.259,1.3197,1.31991,1.00,1.00
2017.12.28 06:46:53.271,1.3197,1.31992,1.00,1.00
2017.12.28 06:46:53.632,1.31967,1.31992,1.00,1.00
2017.12.28 06:46:54.216,1.31967,1.31991,1.00,1.00
2017.12.28 06:46:56.282,1.31967,1.31992,1.00,1.00
2017.12.28 06:46:57.453,1.31969,1.31992,1.00,1.00
2017.12.28 06:46:59.062,1.31969,1.31991,1.00,1.00
2017.12.28 06:46:59.370,1.31969,1.31989,1.00,1.00
2017.12.28 06:47:00.171,1.31969,1.3199,1.00,1.00
2017.12.28 06:47:00.726,1.31969,1.31989,1.00,1.00
2017.12.28 06:47:01.764,1.31969,1.3199,1.00,1.00
2017.12.28 06:47:01.958,1.31966,1.31989,1.00,1.00
2017.12.28 06:47:04.201,1.31966,1.3199,1.00,1.00
2017.12.28 06:47:04.716,1.31966,1.31989,1.00,1.00
2017.12.28 06:47:05.222,1.31966,1.3199,1.00,1.00
2017.12.28 06:47:05.723,1.31966,1.31989,1.00,1.00
2017.12.28 06:47:06.972,1.31969,1.31989,1.00,1.00
2017.12.28 06:47:07.133,1.31966,1.31989,1.00,1.00
2017.12.28 06:47:07.700,1.31966,1.3199,1.00,1.00
2017.12.28 06:47:08.346,1.31966,1.31989,1.00,1.00
2017.12.28 06:47:08.857,1.31966,1.3199,1.00,1.00
2017.12.28 06:47:09.522,1.31966,1.31989,1.00,1.00
2017.12.28 06:47:10.281,1.31966,1.3199,1.00,1.00
2017.12.28 06:47:10.858,1.31966,1.31989,1.00,1.00
2017.12.28 06:47:11.374,1.31966,1.3199,1.00,1.00
2017.12.28 06:47:11.958,1.31966,1.31989,1.00,1.00
2017.12.28 06:47:12.651,1.31966,1.3199,1.00,1.00
2017.12.28 06:47:13.221,1.31966,1.31989,1.00,1.00
2017.12.28 06:47:13.762,1.31966,1.3199,1.00,1.00
2017.12.28 06:47:14.353,1.31966,1.31989,1.00,1.00
2017.12.28 06:47:15.241,1.31966,1.3199,1.00,1.00
2017.12.28 06:47:16.134,1.31966,1.31989,1.00,1.00
2017.12.28 06:47:17.461,1.31966,1.3199,1.00,1.00
2017.12.28 06:47:18.031,1.31966,1.31989,1.00,1.00
2017.12.28 06:47:18.561,1.31966,1.3199,1.00,1.00
2017.12.28 06:47:19.691,1.31966,1.31989,1.00,1.00
2017.12.28 06:47:21.104,1.31966,1.3199,1.00,1.00
2017.12.28 06:47:21.861,1.31966,1.31989,1.00,1.00
2017.12.28 06:47:22.372,1.31966,1.3199,1.00,1.00
2017.12.28 06:47:22.874,1.31966,1.31989,1.00,1.00
2017.12.28 06:47:23.318,1.31963,1.31989,1.00,2.62
2017.12.28 06:47:23.370,1.31967,1.3199,1.00,2.25
2017.12.28 06:47:23.422,1.31962,1.31989,1.00,1.87
2017.12.28 06:47:23.906,1.31962,1.3199,1.00,1.50
2017.12.28 06:47:24.532,1.31962,1.31989,1.00,1.00
2017.12.28 06:47:25.112,1.31962,1.3199,1.12,1.00
2017.12.28 06:47:25.722,1.31962,1.31989,1.00,1.12
2017.12.28 06:47:26.223,1.31962,1.3199,1.00,1.00
2017.12.28 06:47:26.766,1.31962,1.31989,1.00,1.12
2017.12.28 06:47:27.704,1.31973,1.31989,1.00,1.00
2017.12.28 06:47:27.755,1.31965,1.3199,1.00,1.00
2017.12.28 06:47:28.282,1.31965,1.31989,1.00,1.00
2017.12.28 06:47:28.461,1.31969,1.3199,1.00,1.00
2017.12.28 06:47:28.564,1.31964,1.31989,1.00,1.00
2017.12.28 06:47:29.101,1.31964,1.3199,1.00,1.12
2017.12.28 06:47:29.620,1.31964,1.3199,1.00,1.37
2017.12.28 06:47:29.671,1.31968,1.31989,1.00,1.12
2017.12.28 06:47:30.553,1.31968,1.3199,1.00,1.00
2017.12.28 06:47:31.062,1.31968,1.31989,1.00,1.00
2017.12.28 06:47:32.263,1.31968,1.3199,1.00,1.50
2017.12.28 06:47:32.879,1.31968,1.31989,1.00,1.00
2017.12.28 06:47:33.529,1.31968,1.3199,1.00,1.50
2017.12.28 06:47:34.262,1.31968,1.31989,1.00,1.00
2017.12.28 06:47:36.222,1.31968,1.3199,1.00,1.00
2017.12.28 06:47:36.732,1.31968,1.31989,1.00,1.12
2017.12.28 06:47:38.381,1.31968,1.3199,1.00,1.50
2017.12.28 06:47:38.714,1.31968,1.31985,1.00,1.00
2017.12.28 06:47:38.884,1.31963,1.31984,1.00,1.00
2017.12.28 06:47:39.038,1.31963,1.31982,1.00,1.00
2017.12.28 06:47:39.141,1.31963,1.31986,1.00,1.00
2017.12.28 06:47:39.722,1.31963,1.31985,1.00,1.00
2017.12.28 06:47:44.727,1.31964,1.31993,1.00,1.50
2017.12.28 06:47:44.778,1.3197,1.31992,1.00,1.37
2017.12.28 06:47:44.831,1.3197,1.31995,1.00,1.00
2017.12.28 06:47:45.563,1.3197,1.31996,1.00,1.12
2017.12.28 06:47:46.761,1.3197,1.31996,1.00,1.46
2017.12.28 06:47:47.120,1.3197,1.31987,1.00,1.00
2017.12.28 06:47:47.223,1.31966,1.31986,1.00,1.00
2017.12.28 06:47:48.522,1.31966,1.31987,1.00,1.00
2017.12.28 06:47:48.626,1.31968,1.31986,1.00,1.00
2017.12.28 06:47:48.885,1.31968,1.31988,1.00,1.00
2017.12.28 06:47:49.432,1.31968,1.31989,1.00,1.00
2017.12.28 06:47:49.684,1.31963,1.31989,1.50,1.00
2017.12.28 06:47:49.787,1.31966,1.31989,1.00,1.00
2017.12.28 06:47:50.352,1.31966,1.3199,1.00,1.00
2017.12.28 06:47:50.885,1.31966,1.31989,1.00,1.00
2017.12.28 06:47:51.193,1.31966,1.31987,1.00,1.00
2017.12.28 06:47:51.454,1.31966,1.3199,1.00,1.00
2017.12.28 06:47:51.967,1.31966,1.31989,1.00,1.00
2017.12.28 06:47:56.439,1.31966,1.3199,1.00,1.00
2017.12.28 06:47:57.240,1.31966,1.31989,1.00,1.00
2017.12.28 06:47:57.901,1.31966,1.3199,1.00,1.00
2017.12.28 06:48:04.583,1.31966,1.31989,1.00,1.00
2017.12.28 06:48:12.274,1.31966,1.31992,1.00,1.12
2017.12.28 06:48:12.812,1.31966,1.31993,1.00,1.75
2017.12.28 06:48:31.003,1.31966,1.31992,1.00,1.00
2017.12.28 06:48:31.463,1.31972,1.31993,1.00,1.00
2017.12.28 06:48:31.515,1.31967,1.31993,1.00,1.00
2017.12.28 06:48:32.521,1.31967,1.31992,1.00,1.00
2017.12.28 06:48:32.574,1.31971,1.31996,1.00,1.00
2017.12.28 06:48:33.163,1.31971,1.31995,1.00,1.00
2017.12.28 06:48:36.113,1.31971,1.31996,1.00,1.00
2017.12.28 06:48:39.741,1.31971,1.31995,1.00,1.00
2017.12.28 06:48:41.994,1.31982,1.31995,1.00,1.00
2017.12.28 06:48:42.047,1.31971,1.31996,1.50,1.00
2017.12.28 06:48:42.650,1.31971,1.31995,2.25,1.00
2017.12.28 06:48:43.152,1.31974,1.31996,1.00,1.00
2017.12.28 06:48:43.670,1.31974,1.31995,1.00,1.00
2017.12.28 06:48:44.715,1.31974,1.31996,1.00,1.00
2017.12.28 06:48:45.179,1.31976,1.31995,1.00,1.00
2017.12.28 06:48:45.708,1.31973,1.31996,1.00,1.00
2017.12.28 06:48:47.946,1.31973,1.31995,1.00,1.00
2017.12.28 06:48:52.542,1.31973,1.31996,1.00,1.00
2017.12.28 06:48:53.601,1.31973,1.31995,1.00,1.00
2017.12.28 06:48:54.137,1.31973,1.31996,1.00,1.00
2017.12.28 06:48:54.497,1.31976,1.31996,1.00,1.00
2017.12.28 06:48:54.602,1.31972,1.31995,1.00,1.00
2017.12.28 06:48:55.119,1.31972,1.31996,1.00,1.00
2017.12.28 06:48:55.635,1.31972,1.31995,1.00,1.00
2017.12.28 06:48:56.492,1.31972,1.31996,1.00,1.00
2017.12.28 06:48:57.015,1.31972,1.31995,1.00,1.00
2017.12.28 06:48:57.557,1.31972,1.31996,1.00,1.00
2017.12.28 06:48:58.214,1.31972,1.31995,1.00,1.00
2017.12.28 06:48:59.004,1.31972,1.31996,1.00,1.00
2017.12.28 06:49:00.792,1.31972,1.31995,1.00,1.00
2017.12.28 06:49:12.842,1.31972,1.31996,1.00,1.00
2017.12.28 06:49:13.716,1.31969,1.31995,1.00,1.00
2017.12.28 06:49:14.595,1.31969,1.31991,1.00,1.00
2017.12.28 06:49:14.701,1.31966,1.3199,1.00,1.00
2017.12.28 06:49:15.217,1.31973,1.31991,1.00,1.00
2017.12.28 06:49:15.269,1.31971,1.31991,1.00,1.00
2017.12.28 06:49:15.321,1.31966,1.3199,1.50,1.00
2017.12.28 06:49:15.828,1.31966,1.3199,1.87,1.00
2017.12.28 06:49:16.692,1.31966,1.3199,1.50,1.00
2017.12.28 06:49:19.415,1.31966,1.31987,1.00,1.00
2017.12.28 06:49:19.733,1.31963,1.31982,1.00,1.00
2017.12.28 06:49:19.989,1.31963,1.31984,1.00,1.00
2017.12.28 06:49:21.654,1.31963,1.31983,1.00,1.00
2017.12.28 06:49:22.199,1.31963,1.31984,1.00,1.00
2017.12.28 06:49:22.947,1.31963,1.31988,1.00,1.00
2017.12.28 06:49:23.643,1.31963,1.31983,1.00,1.00
2017.12.28 06:49:24.145,1.31963,1.31984,1.00,1.00
2017.12.28 06:49:25.519,1.31963,1.31983,1.00,1.00
2017.12.28 06:49:32.562,1.31963,1.31988,1.00,1.00
2017.12.28 06:49:32.614,1.31963,1.3199,1.00,1.12
2017.12.28 06:49:32.666,1.31963,1.31986,1.00,1.00
2017.12.28 06:49:32.719,1.31965,1.31989,1.50,1.00
2017.12.28 06:49:32.773,1.31967,1.3199,1.00,1.00
2017.12.28 06:49:33.133,1.31967,1.31988,1.00,1.00
2017.12.28 06:49:33.699,1.31967,1.31987,1.00,1.00
2017.12.28 06:49:34.281,1.31967,1.31988,1.00,1.00
2017.12.28 06:49:34.744,1.3198,1.31988,1.00,1.00
2017.12.28 06:49:34.796,1.31967,1.31988,1.00,1.00
2017.12.28 06:49:34.847,1.3197,1.31987,1.00,1.00
2017.12.28 06:49:34.899,1.31967,1.31988,1.00,1.00
2017.12.28 06:49:35.513,1.31967,1.31987,1.00,1.00
2017.12.28 06:49:37.685,1.31967,1.31988,1.00,1.00
2017.12.28 06:49:37.737,1.31971,1.31988,1.00,1.00
2017.12.28 06:49:37.789,1.31966,1.31987,1.00,1.00
2017.12.28 06:49:38.096,1.31968,1.31988,1.00,1.00
2017.12.28 06:49:38.148,1.31966,1.31987,1.00,1.00
2017.12.28 06:49:38.661,1.31966,1.31988,1.00,1.00
2017.12.28 06:49:39.410,1.31966,1.31987,1.00,1.00
2017.12.28 06:49:39.513,1.31969,1.31988,1.00,1.00
2017.12.28 06:49:39.565,1.31967,1.31987,1.00,1.00
2017.12.28 06:49:39.719,1.31969,1.31987,1.00,1.00
2017.12.28 06:49:39.771,1.31967,1.31987,1.00,1.00
2017.12.28 06:49:40.283,1.31967,1.31988,1.00,1.00
2017.12.28 06:49:41.101,1.31967,1.31993,1.00,1.00
2017.12.28 06:49:41.153,1.31967,1.31992,1.00,1.37
2017.12.28 06:49:41.256,1.31967,1.31993,1.00,1.00
2017.12.28 06:49:41.361,1.31967,1.31991,1.00,1.00
2017.12.28 06:49:41.412,1.31967,1.31993,1.00,1.00
2017.12.28 06:49:41.670,1.31972,1.31992,1.00,1.37
2017.12.28 06:49:41.723,1.31968,1.31992,1.00,1.37
2017.12.28 06:49:41.980,1.31965,1.31991,1.00,1.37
2017.12.28 06:49:42.219,1.31965,1.31992,1.00,1.00
2017.12.28 06:49:42.323,1.31971,1.31993,1.00,1.00
2017.12.28 06:49:47.383,1.31968,1.31992,1.00,1.00
2017.12.28 06:49:47.715,1.31974,1.31991,1.00,1.00
2017.12.28 06:49:47.767,1.31968,1.31991,1.00,1.00
2017.12.28 06:49:47.819,1.31972,1.31992,1.00,1.00
2017.12.28 06:49:48.025,1.31968,1.31992,1.00,2.25
2017.12.28 06:49:48.231,1.31972,1.31992,1.00,1.50
2017.12.28 06:49:48.334,1.31968,1.31992,1.00,2.25
2017.12.28 06:49:48.796,1.31972,1.31992,1.00,2.25
2017.12.28 06:49:48.950,1.31968,1.31993,1.00,1.50
2017.12.28 06:49:49.159,1.31972,1.31992,1.00,1.00
2017.12.28 06:49:49.262,1.31968,1.31992,1.00,1.50
2017.12.28 06:49:49.698,1.31974,1.31992,1.00,1.50
2017.12.28 06:49:49.750,1.31968,1.31991,1.00,1.00
2017.12.28 06:49:49.802,1.31968,1.31993,1.00,1.00
2017.12.28 06:49:50.007,1.31968,1.31991,1.00,1.00
2017.12.28 06:49:50.162,1.31965,1.31991,1.00,1.12
2017.12.28 06:49:50.213,1.31963,1.31991,1.50,1.12
2017.12.28 06:49:50.265,1.31965,1.31993,1.00,2.25
2017.12.28 06:49:50.983,1.31965,1.31993,1.00,2.25
2017.12.28 06:49:51.137,1.31969,1.31992,1.00,1.50
2017.12.28 06:49:51.291,1.31965,1.31992,1.00,2.25
2017.12.28 06:49:51.623,1.31965,1.31993,1.00,3.00
2017.12.28 06:49:53.164,1.31965,1.31992,1.00,1.50
2017.12.28 06:49:53.846,1.31965,1.31992,1.00,2.25
2017.12.28 06:49:54.000,1.31965,1.31993,1.00,2.25
2017.12.28 06:49:54.103,1.31965,1.31991,1.00,1.00
2017.12.28 06:49:54.623,1.31966,1.31991,1.00,1.00
2017.12.28 06:49:54.982,1.31964,1.31991,1.00,1.00
2017.12.28 06:49:55.188,1.31976,1.31992,1.00,1.50
2017.12.28 06:49:55.240,1.31967,1.31992,1.00,1.50
2017.12.28 06:49:55.806,1.31967,1.31992,1.00,2.25
2017.12.28 06:49:56.101,1.31967,1.31992,1.00,1.50
2017.12.28 06:49:56.614,1.31967,1.31991,1.00,1.00
2017.12.28 06:49:56.666,1.31967,1.31993,1.00,3.00
2017.12.28 06:49:56.975,1.31967,1.31992,1.00,2.25
2017.12.28 06:49:57.387,1.31963,1.31993,1.00,4.50
2017.12.28 06:49:57.755,1.31966,1.31992,1.00,2.25
2017.12.28 06:49:58.115,1.31966,1.31993,1.00,2.25
2017.12.28 06:49:58.502,1.31966,1.31992,1.00,2.25
2017.12.28 06:49:58.896,1.31966,1.31993,1.00,1.50
2017.12.28 06:49:59.153,1.31966,1.31993,1.00,3.00
2017.12.28 06:49:59.461,1.31979,1.31993,1.00,3.00
2017.12.28 06:49:59.513,1.31963,1.31993,1.00,3.75
2017.12.28 06:49:59.565,1.31966,1.31993,1.00,2.25
2017.12.28 06:49:59.875,1.31964,1.31991,1.00,1.00
2017.12.28 06:50:00.202,1.31967,1.31993,1.00,1.50
2017.12.28 06:50:00.526,1.31967,1.31992,1.00,1.87
2017.12.28 06:50:01.116,1.31967,1.31992,1.00,1.50
2017.12.28 06:50:01.650,1.31967,1.31992,1.00,1.87
2017.12.28 06:50:01.944,1.31967,1.31993,1.00,1.50
2017.12.28 06:50:02.201,1.31978,1.31992,1.00,1.50
2017.12.28 06:50:02.253,1.31968,1.31992,1.00,1.50
2017.12.28 06:50:02.510,1.31964,1.31993,1.00,3.00
2017.12.28 06:50:02.664,1.31969,1.31993,1.00,1.50
2017.12.28 06:50:02.716,1.31964,1.31992,1.00,2.25
2017.12.28 06:50:03.126,1.31964,1.31993,1.00,2.62
2017.12.28 06:50:03.178,1.31964,1.31992,1.00,2.25
2017.12.28 06:50:03.495,1.31964,1.31992,1.00,1.50
2017.12.28 06:50:03.681,1.31964,1.31992,1.00,2.25
2017.12.28 06:50:04.197,1.31964,1.31993,1.00,2.25
2017.12.28 06:50:04.505,1.31968,1.31993,1.00,1.50
2017.12.28 06:50:04.609,1.31966,1.31992,1.00,1.50
2017.12.28 06:50:04.712,1.31971,1.31993,1.00,3.00
2017.12.28 06:50:04.763,1.31965,1.31992,1.00,2.25
2017.12.28 06:50:04.918,1.31968,1.31992,1.00,1.50
2017.12.28 06:50:05.227,1.31968,1.31992,1.00,2.25
2017.12.28 06:50:05.278,1.31964,1.31992,1.00,2.25
2017.12.28 06:50:05.385,1.31964,1.31992,1.12,1.50
2017.12.28 06:50:05.437,1.31967,1.31993,1.00,2.25
2017.12.28 06:50:05.746,1.31964,1.31992,1.00,3.75
2017.12.28 06:50:05.798,1.31967,1.31993,1.00,1.50
2017.12.28 06:50:06.209,1.31967,1.31991,1.00,1.50
2017.12.28 06:50:07.001,1.31967,1.31993,1.00,1.00
2017.12.28 06:50:07.104,1.31967,1.31992,1.00,1.50
2017.12.28 06:50:07.627,1.31967,1.31991,1.00,1.37
2017.12.28 06:50:07.782,1.31968,1.31994,1.00,2.62
2017.12.28 06:50:07.886,1.31978,1.31994,1.00,1.75
2017.12.28 06:50:07.938,1.31967,1.31992,1.00,1.50
2017.12.28 06:50:08.144,1.31969,1.31995,1.00,1.50
2017.12.28 06:50:08.196,1.31969,1.31995,1.00,1.75
2017.12.28 06:50:08.453,1.31967,1.31996,1.50,1.50
2017.12.28 06:50:08.505,1.31967,1.31992,1.50,1.00
2017.12.28 06:50:10.408,1.31967,1.31993,1.00,1.00
2017.12.28 06:50:10.781,1.31968,1.31991,1.00,1.37
2017.12.28 06:50:12.153,1.31968,1.31995,1.00,1.87
2017.12.28 06:50:12.256,1.31967,1.31992,1.00,1.50
2017.12.28 06:50:12.617,1.31968,1.31993,1.00,2.25
2017.12.28 06:50:12.719,1.31968,1.31993,1.00,1.50
2017.12.28 06:50:13.232,1.31967,1.31992,1.00,1.37
2017.12.28 06:50:13.489,1.31967,1.31993,1.00,1.00
2017.12.28 06:50:13.619,1.31968,1.31991,1.00,1.00
2017.12.28 06:50:13.978,1.31973,1.31993,1.00,2.25
2017.12.28 06:50:14.030,1.31967,1.31993,1.00,2.25
2017.12.28 06:50:14.590,1.31968,1.31991,1.00,1.00
2017.12.28 06:50:14.846,1.31966,1.31991,1.00,1.00
2017.12.28 06:50:15.430,1.31966,1.31992,1.00,1.12
2017.12.28 06:50:15.635,1.31968,1.31991,1.00,1.00
2017.12.28 06:50:16.047,1.31964,1.31992,1.12,1.00
2017.12.28 06:50:16.480,1.31968,1.31994,1.00,1.12
2017.12.28 06:50:16.788,1.31968,1.31991,1.00,1.50
2017.12.28 06:50:16.840,1.31968,1.31993,1.00,1.50
2017.12.28 06:50:16.943,1.31968,1.31992,1.00,1.50
2017.12.28 06:50:17.253,1.31966,1.31993,1.00,1.12
2017.12.28 06:50:18.104,1.31966,1.31993,1.00,2.25
2017.12.28 06:50:18.463,1.31968,1.3199,1.00,1.00
2017.12.28 06:50:18.599,1.31965,1.31993,1.00,2.62
2017.12.28 06:50:18.651,1.31969,1.31993,1.00,1.12
2017.12.28 06:50:18.857,1.31965,1.31993,1.00,1.75
2017.12.28 06:50:19.475,1.31969,1.31993,1.00,1.75
2017.12.28 06:50:19.527,1.31965,1.31993,1.00,3.00
2017.12.28 06:50:20.025,1.31964,1.31993,1.50,2.62
2017.12.28 06:50:20.180,1.3197,1.31994,1.00,1.87
2017.12.28 06:50:20.336,1.31964,1.3199,1.50,1.12
2017.12.28 06:50:20.542,1.31964,1.31986,1.00,1.00
2017.12.28 06:50:20.781,1.31964,1.3199,1.00,1.87
2017.12.28 06:50:25.726,1.31968,1.31992,1.00,1.00
2017.12.28 06:50:25.886,1.31983,1.32008,1.00,1.50
2017.12.28 06:50:26.298,1.31983,1.32004,1.00,1.00
2017.12.28 06:50:26.402,1.31983,1.32008,1.00,1.50
2017.12.28 06:50:28.768,1.31983,1.32004,1.00,1.00
2017.12.28 06:50:28.926,1.31983,1.32009,1.00,1.12
2017.12.28 06:50:29.132,1.31984,1.32007,1.00,1.50
2017.12.28 06:50:29.338,1.31984,1.32009,1.00,1.12
2017.12.28 06:50:29.390,1.31982,1.32005,1.00,1.00
2017.12.28 06:50:30.573,1.31982,1.32004,1.00,1.00
2017.12.28 06:50:32.041,1.31982,1.32005,1.00,1.00
2017.12.28 06:50:32.934,1.31982,1.32009,1.00,1.00
2017.12.28 06:50:33.542,1.31982,1.3201,1.00,1.87
2017.12.28 06:50:36.679,1.31982,1.32008,1.00,1.50
2017.12.28 06:50:36.988,1.31994,1.32007,1.00,1.50
2017.12.28 06:50:37.040,1.31982,1.32007,1.00,1.00
2017.12.28 06:50:37.143,1.31982,1.3201,1.00,2.25
2017.12.28 06:50:37.502,1.31982,1.32007,1.00,1.00
2017.12.28 06:50:37.861,1.3198,1.32008,1.00,2.25
2017.12.28 06:50:38.272,1.3198,1.32007,1.00,1.00
2017.12.28 06:50:40.891,1.3198,1.32008,1.00,1.00
2017.12.28 06:50:41.474,1.3198,1.32007,1.00,1.00
2017.12.28 06:50:41.527,1.3198,1.32003,1.00,1.00
2017.12.28 06:50:41.579,1.31977,1.32002,1.00,1.12
2017.12.28 06:50:42.962,1.31977,1.32003,1.00,1.00
2017.12.28 06:50:43.531,1.31977,1.32002,1.00,1.00
2017.12.28 06:50:46.666,1.31979,1.32007,1.12,1.00
2017.12.28 06:50:48.812,1.31979,1.32006,1.12,1.00
2017.12.28 06:50:55.105,1.31979,1.32007,1.12,1.00
2017.12.28 06:50:55.157,1.31984,1.32007,1.00,1.00
2017.12.28 06:50:55.260,1.3198,1.32007,1.00,1.00
2017.12.28 06:50:55.866,1.3198,1.32006,1.00,1.00
2017.12.28 06:50:56.397,1.3198,1.32007,1.00,1.00
2017.12.28 06:50:56.908,1.3198,1.32006,1.00,1.00
2017.12.28 06:50:57.467,1.3198,1.32007,1.00,1.12
2017.12.28 06:50:57.519,1.31984,1.32006,1.00,1.00
2017.12.28 06:50:59.474,1.31984,1.32007,1.00,1.12
2017.12.28 06:51:00.368,1.31984,1.32006,1.00,1.00
2017.12.28 06:51:00.627,1.3198,1.32006,1.00,1.12
2017.12.28 06:51:01.041,1.31983,1.32006,1.00,1.00
2017.12.28 06:51:01.205,1.3198,1.32007,1.00,1.50
2017.12.28 06:51:01.257,1.31982,1.32007,1.00,1.00
2017.12.28 06:51:01.564,1.3198,1.32006,1.50,1.00
2017.12.28 06:51:02.023,1.31983,1.32006,1.00,1.00
2017.12.28 06:51:04.122,1.31981,1.32006,1.00,1.00
2017.12.28 06:51:04.277,1.31983,1.32007,1.00,1.00
2017.12.28 06:51:04.380,1.31981,1.32007,1.00,1.12
2017.12.28 06:51:04.726,1.31992,1.32007,1.00,1.00
2017.12.28 06:51:04.779,1.31981,1.32006,1.00,1.00
2017.12.28 06:51:05.219,1.31991,1.32009,1.00,2.25
2017.12.28 06:51:05.272,1.31979,1.32008,1.00,1.87
2017.12.28 06:51:05.324,1.31982,1.32009,1.00,3.00
2017.12.28 06:51:05.838,1.31982,1.32009,1.00,3.00
2017.12.28 06:51:06.222,1.31982,1.32009,1.00,2.25
2017.12.28 06:51:06.736,1.31982,1.32007,1.00,1.00
2017.12.28 06:51:06.993,1.31979,1.32009,1.00,1.50
2017.12.28 06:51:07.045,1.31976,1.32006,2.25,1.12
2017.12.28 06:51:07.371,1.31982,1.32009,1.00,2.25
2017.12.28 06:51:07.686,1.3198,1.32009,1.00,2.25
2017.12.28 06:51:07.737,1.31983,1.32009,1.00,2.25
2017.12.28 06:51:08.046,1.31983,1.32008,1.00,1.50
2017.12.28 06:51:08.253,1.31981,1.32009,1.00,2.25
2017.12.28 06:51:08.408,1.31983,1.32009,1.00,1.50
2017.12.28 06:51:08.562,1.3198,1.32009,1.00,2.25
2017.12.28 06:51:08.614,1.3198,1.32009,1.12,1.50
2017.12.28 06:51:08.717,1.3198,1.32008,1.00,2.25
2017.12.28 06:51:09.241,1.3198,1.32005,1.00,1.00
2017.12.28 06:51:09.551,1.31976,1.32002,1.00,1.00
2017.12.28 06:51:10.149,1.31976,1.32004,1.00,1.00
2017.12.28 06:51:10.703,1.31979,1.32003,1.00,1.00
2017.12.28 06:51:11.218,1.31979,1.32004,1.00,1.00
2017.12.28 06:51:11.719,1.31976,1.32004,1.00,1.50
2017.12.28 06:51:11.976,1.31991,1.32,1.00,1.00
2017.12.28 06:51:12.028,1.31973,1.32,1.00,1.00
2017.12.28 06:51:12.079,1.31974,1.32002,1.00,1.50
2017.12.28 06:51:12.234,1.3199,1.32002,1.00,1.50
2017.12.28 06:51:12.286,1.31977,1.32002,1.00,1.00
2017.12.28 06:51:12.645,1.31977,1.32004,1.00,1.00
2017.12.28 06:51:12.697,1.31987,1.32003,1.00,1.75
2017.12.28 06:51:12.749,1.31976,1.32003,1.00,1.75
2017.12.28 06:51:12.904,1.31976,1.32003,1.00,1.00
2017.12.28 06:51:13.007,1.31979,1.32004,1.00,2.25
2017.12.28 06:51:13.086,1.31977,1.32003,1.00,1.50
2017.12.28 06:51:13.583,1.31977,1.32003,1.00,2.25
2017.12.28 06:51:13.687,1.31977,1.32003,1.00,1.50
2017.12.28 06:51:13.791,1.31977,1.32003,1.00,2.25
2017.12.28 06:51:13.895,1.31977,1.32003,1.00,1.00
2017.12.28 06:51:14.410,1.31977,1.32004,1.00,2.25
2017.12.28 06:51:14.720,1.31979,1.32004,1.00,1.50
2017.12.28 06:51:14.986,1.31979,1.32003,1.00,1.87
2017.12.28 06:51:15.090,1.31976,1.32004,1.00,2.25
2017.12.28 06:51:15.142,1.31979,1.32003,1.00,1.00
2017.12.28 06:51:15.297,1.31975,1.32002,1.00,1.87
2017.12.28 06:51:15.502,1.31979,1.32004,1.00,1.50
2017.12.28 06:51:15.811,1.31977,1.32003,1.00,1.87
2017.12.28 06:51:15.915,1.31977,1.32003,1.00,2.25
2017.12.28 06:51:16.018,1.31977,1.32003,1.00,1.87
2017.12.28 06:51:16.122,1.3198,1.32004,1.00,1.00
2017.12.28 06:51:16.329,1.31977,1.32002,1.00,1.50
2017.12.28 06:51:16.535,1.31977,1.32004,1.00,1.00
2017.12.28 06:51:16.638,1.31977,1.32003,1.00,2.25
2017.12.28 06:51:16.894,1.31975,1.32003,1.00,1.75
2017.12.28 06:51:16.997,1.31991,1.32004,1.00,1.00
2017.12.28 06:51:17.049,1.31977,1.32003,1.00,1.00
2017.12.28 06:51:17.100,1.31987,1.32003,1.00,1.00
2017.12.28 06:51:17.152,1.31978,1.32003,1.00,1.00
2017.12.28 06:51:17.205,1.31993,1.32004,1.00,1.00
2017.12.28 06:51:17.256,1.31981,1.32002,1.00,1.00
2017.12.28 06:51:17.411,1.31976,1.32003,1.00,1.50
2017.12.28 06:51:17.514,1.31979,1.32002,1.00,1.00
2017.12.28 06:51:17.617,1.31976,1.32002,1.00,1.50
2017.12.28 06:51:17.720,1.31976,1.32003,1.00,1.12
2017.12.28 06:51:17.772,1.31981,1.32003,1.00,1.12
2017.12.28 06:51:17.824,1.31977,1.32003,1.00,1.12
2017.12.28 06:51:18.337,1.31977,1.32002,1.00,1.50
2017.12.28 06:51:18.869,1.31977,1.32003,1.00,1.00
2017.12.28 06:51:18.921,1.31977,1.32003,1.00,1.75
2017.12.28 06:51:19.331,1.31977,1.32003,1.00,1.00
2017.12.28 06:51:19.486,1.31975,1.32002,1.00,1.87
2017.12.28 06:51:19.640,1.31983,1.32003,1.00,1.00
2017.12.28 06:51:19.692,1.31979,1.32002,1.00,1.00
2017.12.28 06:51:20.001,1.31983,1.32002,1.00,1.00
2017.12.28 06:51:20.105,1.31977,1.32002,1.00,1.12
2017.12.28 06:51:20.208,1.31981,1.32002,1.00,1.00
2017.12.28 06:51:20.260,1.31979,1.32003,1.00,1.00
2017.12.28 06:51:20.433,1.31977,1.32002,1.00,1.12
2017.12.28 06:51:20.536,1.31981,1.32003,1.00,1.00
2017.12.28 06:51:20.642,1.31978,1.32003,1.00,1.00
2017.12.28 06:51:21.003,1.31981,1.32003,1.00,1.00
2017.12.28 06:51:21.415,1.31978,1.32002,1.00,1.00
2017.12.28 06:51:21.467,1.31981,1.32002,1.00,1.00
2017.12.28 06:51:21.519,1.31977,1.32003,1.12,1.00
2017.12.28 06:51:22.085,1.31977,1.32002,1.00,1.00
2017.12.28 06:51:22.239,1.31982,1.32002,1.00,1.00
2017.12.28 06:51:22.366,1.31978,1.32003,1.00,1.00
2017.12.28 06:51:22.469,1.3198,1.32003,1.00,1.00
2017.12.28 06:51:22.573,1.31978,1.32002,1.00,1.00
2017.12.28 06:51:22.934,1.3198,1.32003,1.00,1.00
2017.12.28 06:51:23.242,1.31978,1.32002,1.00,1.00
2017.12.28 06:51:23.345,1.31981,1.32002,1.00,1.00
2017.12.28 06:51:23.550,1.31978,1.32003,1.00,1.00
2017.12.28 06:51:23.653,1.31981,1.32002,1.00,1.00
2017.12.28 06:51:23.757,1.31976,1.32002,1.00,2.25
2017.12.28 06:51:23.962,1.3198,1.32002,1.00,1.00
2017.12.28 06:51:24.168,1.31976,1.32003,1.00,1.37
2017.12.28 06:51:24.367,1.31978,1.32003,1.00,1.12
2017.12.28 06:51:24.727,1.31983,1.32002,1.00,1.00
2017.12.28 06:51:24.780,1.31979,1.32002,1.50,1.00
2017.12.28 06:51:24.987,1.31982,1.32003,1.00,1.00
2017.12.28 06:51:25.195,1.3198,1.32002,1.00,1.00
2017.12.28 06:51:25.757,1.3198,1.32003,1.00,1.00
2017.12.28 06:51:27.312,1.3198,1.32002,1.00,1.00
2017.12.28 06:51:27.517,1.31982,1.32007,1.00,1.87
2017.12.28 06:51:27.825,1.31982,1.32005,1.00,1.00
2017.12.28 06:51:27.980,1.31985,1.32011,1.00,1.84
2017.12.28 06:51:28.135,1.31989,1.32011,1.00,1.09
2017.12.28 06:51:28.323,1.31987,1.3201,1.00,1.00
2017.12.28 06:51:30.203,1.31996,1.3201,1.00,1.00
2017.12.28 06:51:30.255,1.31991,1.3201,1.00,1.00
2017.12.28 06:51:30.307,1.31986,1.3201,1.00,1.00
2017.12.28 06:51:30.595,1.31988,1.3201,1.00,1.00
2017.12.28 06:51:31.108,1.31988,1.32011,1.00,1.00
2017.12.28 06:51:31.417,1.31984,1.3201,1.00,2.25
2017.12.28 06:51:31.520,1.31984,1.3201,1.00,1.00
2017.12.28 06:51:31.675,1.31984,1.32008,1.00,1.00
2017.12.28 06:51:31.831,1.31984,1.32011,1.00,1.50
2017.12.28 06:51:31.883,1.31984,1.32008,1.00,1.00
2017.12.28 06:51:31.935,1.31984,1.3201,1.00,1.12
2017.12.28 06:51:32.038,1.31984,1.32007,1.00,1.00
2017.12.28 06:51:33.042,1.31984,1.32011,1.00,2.25
2017.12.28 06:51:33.457,1.31984,1.32011,1.00,2.25
2017.12.28 06:51:33.719,1.31984,1.32011,1.00,2.25
2017.12.28 06:51:34.209,1.31984,1.32011,1.00,1.75
2017.12.28 06:51:34.605,1.31984,1.3201,1.00,1.12
2017.12.28 06:51:35.233,1.31987,1.3201,1.00,1.12
2017.12.28 06:51:35.337,1.31984,1.32008,1.00,1.00
2017.12.28 06:51:35.841,1.31984,1.32007,1.00,1.00
2017.12.28 06:51:36.691,1.31984,1.32008,1.00,1.00
2017.12.28 06:51:37.248,1.31982,1.32007,1.00,1.00
2017.12.28 06:51:37.713,1.31979,1.32007,1.50,1.00
2017.12.28 06:51:37.764,1.31982,1.32007,1.00,1.00
2017.12.28 06:51:38.074,1.31986,1.32007,1.00,1.00
2017.12.28 06:51:38.384,1.31986,1.32005,1.00,1.00
2017.12.28 06:51:38.437,1.31983,1.32004,1.00,1.00
2017.12.28 06:51:38.569,1.31981,1.32005,1.00,1.00
2017.12.28 06:51:38.827,1.31985,1.32004,1.00,1.00
2017.12.28 06:51:39.394,1.31985,1.32005,1.00,1.00
2017.12.28 06:51:39.921,1.31985,1.32004,1.00,1.00
2017.12.28 06:51:40.130,1.31982,1.32004,1.00,1.00
2017.12.28 06:51:40.542,1.31985,1.32005,1.00,1.00
2017.12.28 06:51:40.645,1.31982,1.32005,1.00,1.00
2017.12.28 06:51:40.697,1.31984,1.32004,1.00,1.00
2017.12.28 06:51:40.749,1.31981,1.32005,1.00,1.00
2017.12.28 06:51:40.955,1.31985,1.32005,1.00,1.00
2017.12.28 06:51:41.571,1.31985,1.32004,1.00,1.00
2017.12.28 06:51:41.674,1.31982,1.32005,1.00,1.00
2017.12.28 06:51:41.829,1.31986,1.32004,1.00,1.00
2017.12.28 06:51:41.881,1.31982,1.32004,1.00,1.00
2017.12.28 06:51:42.063,1.31989,1.32004,1.00,1.00
2017.12.28 06:51:42.116,1.3198,1.32004,2.25,1.00
2017.12.28 06:51:42.729,1.31982,1.32005,1.00,1.00
2017.12.28 06:51:43.242,1.31982,1.32004,1.00,1.00
2017.12.28 06:51:43.755,1.31982,1.32005,1.00,1.00
2017.12.28 06:51:44.278,1.31982,1.32004,1.00,1.00
2017.12.28 06:51:44.895,1.31982,1.32005,1.00,1.00
2017.12.28 06:51:45.204,1.31985,1.32005,1.00,1.00
2017.12.28 06:51:45.358,1.31981,1.32004,1.00,1.12
2017.12.28 06:51:45.873,1.31982,1.32005,1.00,1.00
2017.12.28 06:51:46.400,1.31982,1.32004,1.00,1.00
2017.12.28 06:51:46.916,1.31982,1.32005,1.00,1.00
2017.12.28 06:51:47.122,1.31987,1.32004,1.00,1.00
2017.12.28 06:51:47.174,1.31982,1.32004,1.00,1.00
2017.12.28 06:51:47.226,1.31994,1.32004,1.00,1.00
2017.12.28 06:51:47.279,1.31985,1.32005,1.00,1.00
2017.12.28 06:51:47.485,1.31981,1.32004,1.00,1.00
2017.12.28 06:51:47.779,1.31993,1.32004,1.00,1.00
2017.12.28 06:51:47.831,1.31984,1.32004,1.00,1.00
2017.12.28 06:51:48.192,1.31979,1.32004,1.00,1.00
2017.12.28 06:51:48.399,1.31983,1.32004,1.00,1.00
2017.12.28 06:51:48.920,1.31983,1.32005,1.00,1.00
2017.12.28 06:51:49.025,1.3198,1.32004,1.00,1.12
2017.12.28 06:51:49.078,1.31978,1.32004,1.00,1.12
2017.12.28 06:51:49.323,1.31982,1.32003,1.00,1.00
2017.12.28 06:51:50.195,1.31995,1.32008,1.00,1.00
2017.12.28 06:51:50.246,1.31985,1.32008,1.00,1.00
2017.12.28 06:51:52.151,1.31985,1.32009,1.00,1.00
2017.12.28 06:51:55.086,1.31985,1.32008,1.00,1.00
2017.12.28 06:51:55.895,1.31985,1.32009,1.00,1.00
2017.12.28 06:51:57.381,1.31985,1.32008,1.00,1.00
2017.12.28 06:52:00.155,1.31985,1.32009,1.00,1.00
2017.12.28 06:52:00.814,1.31985,1.32008,1.00,1.00
2017.12.28 06:52:01.564,1.31985,1.32009,1.00,1.00
2017.12.28 06:52:03.272,1.3198,1.32006,1.00,1.50
2017.12.28 06:52:03.376,1.3198,1.32006,1.00,1.50
2017.12.28 06:52:03.479,1.3198,1.32006,1.00,1.50
2017.12.28 06:52:03.684,1.3198,1.32007,2.25,1.00
2017.12.28 06:52:03.782,1.31983,1.32007,1.00,1.00
2017.12.28 06:52:04.093,1.3198,1.32005,1.00,1.75
2017.12.28 06:52:04.661,1.3198,1.32005,1.00,1.00
2017.12.28 06:52:05.249,1.3198,1.32004,1.00,1.00
2017.12.28 06:52:05.912,1.3198,1.32005,1.00,1.00
2017.12.28 06:52:09.273,1.3198,1.32004,1.00,1.00
2017.12.28 06:52:09.325,1.3198,1.32007,1.00,1.00
2017.12.28 06:52:09.480,1.3198,1.32004,1.00,1.00
2017.12.28 06:52:09.907,1.31979,1.32005,1.00,1.75
2017.12.28 06:52:10.113,1.31979,1.32005,1.00,1.50
2017.12.28 06:52:10.217,1.31976,1.32,1.00,1.37
2017.12.28 06:52:11.955,1.31989,1.32001,1.00,1.00
2017.12.28 06:52:12.007,1.31978,1.32002,1.00,1.50
2017.12.28 06:52:12.059,1.31975,1.32001,1.00,1.00
2017.12.28 06:52:12.264,1.3198,1.32001,1.00,1.00
2017.12.28 06:52:12.316,1.3198,1.32005,1.00,3.00
2017.12.28 06:52:12.786,1.3198,1.32001,1.00,1.37
2017.12.28 06:52:13.044,1.31977,1.32002,1.00,1.50
2017.12.28 06:52:13.508,1.31974,1.32001,1.00,1.37
2017.12.28 06:52:13.849,1.31977,1.32001,1.00,1.50
2017.12.28 06:52:13.952,1.31977,1.32002,1.00,1.00
2017.12.28 06:52:14.003,1.31977,1.32003,1.00,1.75
2017.12.28 06:52:14.261,1.31977,1.32004,1.00,1.00
2017.12.28 06:52:14.313,1.31977,1.32001,1.00,1.00
2017.12.28 06:52:14.723,1.3199,1.32002,1.00,1.50
2017.12.28 06:52:14.775,1.31978,1.32002,1.00,1.00
2017.12.28 06:52:14.827,1.31978,1.32004,1.00,2.25
2017.12.28 06:52:14.879,1.31974,1.32001,1.00,1.75
2017.12.28 06:52:15.135,1.31977,1.32001,1.00,1.00
2017.12.28 06:52:15.739,1.31981,1.32001,1.00,1.00
2017.12.28 06:52:15.791,1.31978,1.32002,1.00,1.00
2017.12.28 06:52:15.894,1.31978,1.32004,1.00,1.00
2017.12.28 06:52:16.048,1.31978,1.32001,1.00,1.00
2017.12.28 06:52:16.408,1.31978,1.32005,1.00,1.00
2017.12.28 06:52:16.459,1.31978,1.32003,1.00,1.00
2017.12.28 06:52:16.614,1.31975,1.32003,1.00,3.00
2017.12.28 06:52:16.925,1.31978,1.32003,1.00,1.50
2017.12.28 06:52:17.448,1.31978,1.32003,1.00,1.37
2017.12.28 06:52:17.916,1.31978,1.32004,1.00,1.00
2017.12.28 06:52:18.173,1.31978,1.32001,1.00,1.00
2017.12.28 06:52:18.276,1.31978,1.32003,1.00,1.50
2017.12.28 06:52:18.833,1.31978,1.31999,1.00,1.00
2017.12.28 06:52:19.914,1.31978,1.32003,1.00,1.87
2017.12.28 06:52:21.751,1.31978,1.32003,1.00,1.50
2017.12.28 06:52:21.803,1.31975,1.32,1.00,1.50
2017.12.28 06:52:22.231,1.31975,1.32001,1.00,1.00
2017.12.28 06:52:22.334,1.31977,1.32,1.00,1.37
2017.12.28 06:52:22.386,1.31974,1.32,1.00,1.37
2017.12.28 06:52:22.437,1.31974,1.32001,1.00,1.00
2017.12.28 06:52:22.540,1.31977,1.32003,1.00,2.25
2017.12.28 06:52:24.242,1.31977,1.32003,1.00,2.25
2017.12.28 06:52:24.294,1.31973,1.32,1.50,1.37
2017.12.28 06:52:24.397,1.31975,1.32001,1.00,1.00
2017.12.28 06:52:24.551,1.31973,1.32003,1.50,2.25
2017.12.28 06:52:24.603,1.31978,1.32003,1.00,2.25
2017.12.28 06:52:24.655,1.31972,1.32001,1.00,2.25
2017.12.28 06:52:24.758,1.31974,1.32,1.00,1.50
2017.12.28 06:52:24.952,1.31974,1.32003,1.00,1.50
2017.12.28 06:52:25.004,1.31976,1.32003,1.00,2.25
2017.12.28 06:52:25.056,1.31974,1.32001,1.00,1.00
2017.12.28 06:52:25.210,1.31977,1.32003,1.00,2.25
2017.12.28 06:52:25.262,1.31975,1.32001,1.00,1.00
2017.12.28 06:52:25.519,1.31978,1.32001,1.00,1.00
2017.12.28 06:52:25.571,1.31975,1.32,1.12,1.00
2017.12.28 06:52:25.778,1.31973,1.32,1.00,1.87
2017.12.28 06:52:25.881,1.31973,1.32,1.75,1.50
2017.12.28 06:52:26.035,1.31973,1.32,1.00,2.25
2017.12.28 06:52:26.386,1.31976,1.32,1.00,1.00
2017.12.28 06:52:27.111,1.3198,1.32,1.00,1.12
2017.12.28 06:52:27.162,1.31975,1.32,1.00,1.12
2017.12.28 06:52:29.332,1.31975,1.32,1.00,1.50
2017.12.28 06:52:29.537,1.31972,1.32,1.00,1.50
2017.12.28 06:52:33.211,1.31972,1.32,1.87,1.00
2017.12.28 06:52:33.528,1.31976,1.32,1.00,1.00
2017.12.28 06:52:34.266,1.31976,1.32001,1.00,1.00
2017.12.28 06:52:36.171,1.31976,1.32,1.00,1.00
2017.12.28 06:52:37.928,1.31973,1.32,1.00,1.00
2017.12.28 06:52:37.980,1.31973,1.31998,1.00,1.75
2017.12.28 06:52:38.032,1.31969,1.31995,1.00,1.00
2017.12.28 06:52:40.468,1.31969,1.31994,1.00,1.00
2017.12.28 06:52:42.514,1.31969,1.31998,1.00,2.25
2017.12.28 06:52:46.755,1.31969,1.31994,1.00,1.00
2017.12.28 06:52:47.338,1.31969,1.31997,1.00,2.25
2017.12.28 06:52:51.046,1.31969,1.31995,1.00,1.00
2017.12.28 06:52:59.431,1.31969,1.31996,1.00,1.12
2017.12.28 06:53:01.079,1.31969,1.31995,1.00,1.00
2017.12.28 06:53:01.443,1.31973,1.31996,1.00,1.00
2017.12.28 06:53:01.598,1.31973,1.31999,1.00,1.50
2017.12.28 06:53:05.231,1.31972,1.31999,1.00,1.50
2017.12.28 06:53:08.781,1.31972,1.31998,1.00,1.00
2017.12.28 06:53:10.031,1.31972,1.31999,1.00,1.50
2017.12.28 06:53:10.616,1.31971,1.31998,1.00,1.00
2017.12.28 06:53:14.878,1.31971,1.31999,1.00,1.50
2017.12.28 06:53:15.391,1.31971,1.31998,1.00,1.00
2017.12.28 06:53:15.894,1.31971,1.31999,1.00,2.25
2017.12.28 06:53:15.996,1.31976,1.31999,1.00,2.25
2017.12.28 06:53:16.048,1.31971,1.31999,1.00,2.25
2017.12.28 06:53:16.304,1.31969,1.31999,1.50,3.00
2017.12.28 06:53:16.356,1.31973,1.31998,1.00,1.00
2017.12.28 06:53:16.478,1.31969,1.31999,1.50,3.00
2017.12.28 06:53:16.998,1.31973,1.31999,1.00,2.25
2017.12.28 06:53:17.101,1.31969,1.31999,1.50,3.00
2017.12.28 06:53:17.152,1.31973,1.31999,1.00,2.25
2017.12.28 06:53:17.255,1.3197,1.31998,1.00,1.00
2017.12.28 06:53:17.306,1.31973,1.31999,1.00,2.25
2017.12.28 06:53:17.358,1.31969,1.31999,1.50,3.00
2017.12.28 06:53:17.409,1.31972,1.31999,1.00,2.25
2017.12.28 06:53:17.461,1.31969,1.31999,1.50,3.00
2017.12.28 06:53:17.512,1.31973,1.31999,1.00,2.25
2017.12.28 06:53:17.564,1.31969,1.31998,1.50,1.00
2017.12.28 06:53:17.615,1.31973,1.31999,1.00,2.25
2017.12.28 06:53:18.527,1.31973,1.31998,1.00,1.00
2017.12.28 06:53:19.463,1.31973,1.31999,1.00,1.50
2017.12.28 06:53:19.999,1.31973,1.31998,1.00,1.00
2017.12.28 06:53:21.372,1.3197,1.31998,1.00,1.00
2017.12.28 06:53:21.629,1.31973,1.31998,1.00,1.00
2017.12.28 06:53:21.945,1.31973,1.31993,1.00,1.00
2017.12.28 06:53:22.135,1.3197,1.31993,1.00,1.00
2017.12.28 06:53:22.188,1.31979,1.31993,1.00,1.00
2017.12.28 06:53:22.240,1.31971,1.31994,1.00,1.00
2017.12.28 06:53:22.394,1.31969,1.31993,2.25,1.00
2017.12.28 06:53:22.445,1.31972,1.31993,1.00,1.00
2017.12.28 06:53:23.399,1.31972,1.31994,1.00,1.00
2017.12.28 06:53:23.976,1.31977,1.31993,1.00,1.00
2017.12.28 06:53:24.028,1.31974,1.31994,1.00,1.00
2017.12.28 06:53:24.131,1.31974,1.31998,1.00,1.00
2017.12.28 06:53:24.762,1.31978,1.31998,1.00,1.00
2017.12.28 06:53:24.814,1.31975,1.31999,1.00,1.00
2017.12.28 06:53:25.335,1.31975,1.31998,1.00,1.00
2017.12.28 06:53:25.800,1.31975,1.32,1.00,2.25
2017.12.28 06:53:25.852,1.31977,1.31999,1.00,1.00
2017.12.28 06:53:25.904,1.31977,1.32004,1.00,1.50
2017.12.28 06:53:26.009,1.31977,1.32001,1.00,1.00
2017.12.28 06:53:26.413,1.31977,1.31997,1.00,1.00
2017.12.28 06:53:26.517,1.31973,1.31998,1.00,1.00
2017.12.28 06:53:26.570,1.31975,1.31997,1.00,1.00
2017.12.28 06:53:27.172,1.31976,1.31997,1.00,1.00
2017.12.28 06:53:29.670,1.31976,1.31998,1.00,1.00
2017.12.28 06:53:30.225,1.31976,1.31999,1.00,1.00
2017.12.28 06:53:30.568,1.31972,1.31999,1.00,1.50
2017.12.28 06:53:31.597,1.31972,1.31995,1.00,1.00
2017.12.28 06:53:33.233,1.31972,1.31998,1.00,1.00
2017.12.28 06:53:33.752,1.31972,1.31999,1.00,1.50
2017.12.28 06:53:35.287,1.31982,1.31999,1.00,1.50
2017.12.28 06:53:35.338,1.31974,1.31999,1.00,1.50
2017.12.28 06:53:38.124,1.31974,1.31996,1.00,1.00
2017.12.28 06:53:38.425,1.31976,1.31998,1.00,1.00
2017.12.28 06:53:40.165,1.31976,1.31999,1.00,1.00
2017.12.28 06:53:43.814,1.31976,1.32,1.00,1.50
2017.12.28 06:53:45.135,1.31976,1.31999,1.00,1.00
2017.12.28 06:53:46.232,1.31976,1.31998,1.00,1.00
2017.12.28 06:53:49.192,1.31982,1.31998,1.00,1.00
2017.12.28 06:53:50.092,1.31982,1.31999,1.00,1.50
2017.12.28 06:53:50.348,1.31972,1.31992,1.00,1.00
2017.12.28 06:53:54.152,1.31972,1.31991,1.00,1.00
2017.12.28 06:53:57.290,1.31972,1.31992,1.00,1.00
2017.12.28 06:53:57.929,1.31972,1.31991,1.00,1.00
2017.12.28 06:54:03.652,1.31972,1.31992,1.00,1.00
2017.12.28 06:54:03.961,1.31974,1.31991,1.50,1.00
2017.12.28 06:54:07.131,1.31974,1.31992,1.00,1.00
2017.12.28 06:54:09.350,1.31975,1.31995,1.00,1.00
2017.12.28 06:54:11.414,1.31979,1.31999,1.00,1.00
2017.12.28 06:54:16.584,1.31979,1.31998,1.00,1.00
2017.12.28 06:54:16.984,1.31983,1.31998,1.00,1.00
2017.12.28 06:54:17.796,1.31983,1.31999,1.00,1.50
2017.12.28 06:54:22.689,1.31983,1.31998,1.00,1.00
2017.12.28 06:54:25.348,1.31983,1.31999,1.00,1.00
2017.12.28 06:54:28.540,1.31983,1.32004,1.00,1.00
2017.12.28 06:54:28.707,1.31983,1.32002,1.00,1.00
2017.12.28 06:54:30.253,1.31983,1.32001,1.00,1.00
2017.12.28 06:54:32.647,1.31983,1.31999,1.00,1.00
2017.12.28 06:54:32.751,1.3198,1.31998,1.00,1.00
2017.12.28 06:54:34.233,1.3198,1.31999,1.00,1.00
2017.12.28 06:54:34.639,1.3198,1.32001,1.00,1.00
2017.12.28 06:54:35.762,1.3198,1.31999,1.00,1.00
2017.12.28 06:54:37.132,1.3198,1.31999,1.50,1.00
2017.12.28 06:54:37.874,1.3198,1.32,2.25,1.00
2017.12.28 06:54:41.203,1.3198,1.31999,2.25,1.00
2017.12.28 06:54:46.055,1.3198,1.32,2.25,1.00
2017.12.28 06:54:46.955,1.3198,1.31997,2.25,1.00
2017.12.28 06:54:48.539,1.3198,1.31998,1.50,1.00
2017.12.28 06:54:52.842,1.3198,1.31998,1.12,1.00
2017.12.28 06:54:56.956,1.3198,1.31997,1.12,1.00
2017.12.28 06:55:02.222,1.3198,1.31999,1.12,1.00
2017.12.28 06:55:02.276,1.3198,1.31994,1.12,1.00
2017.12.28 06:55:02.787,1.31978,1.31991,1.75,1.00
2017.12.28 06:55:03.323,1.31978,1.31995,1.75,1.00
2017.12.28 06:55:03.376,1.31983,1.31999,1.50,1.00
2017.12.28 06:55:04.459,1.31986,1.32,1.00,1.00
2017.12.28 06:55:04.993,1.31986,1.31999,1.00,1.00
2017.12.28 06:55:05.513,1.31987,1.31999,1.12,1.00
2017.12.28 06:55:05.736,1.31987,1.32004,1.87,1.00
2017.12.28 06:55:05.788,1.31989,1.3201,1.50,1.00
2017.12.28 06:55:05.842,1.31994,1.32015,1.00,3.37
2017.12.28 06:55:05.894,1.32004,1.32024,1.00,1.00
2017.12.28 06:55:06.216,1.32008,1.32024,1.00,1.00
2017.12.28 06:55:06.741,1.32001,1.32018,1.12,1.00
2017.12.28 06:55:06.998,1.32001,1.32016,1.00,1.00
2017.12.28 06:55:08.695,1.32001,1.32019,1.00,1.00
2017.12.28 06:55:16.131,1.32001,1.32021,1.00,1.00
2017.12.28 06:55:16.243,1.31998,1.32017,1.87,1.00
2017.12.28 06:55:16.452,1.31999,1.3202,1.00,1.00
2017.12.28 06:55:16.504,1.32,1.32028,1.50,1.50
2017.12.28 06:55:16.556,1.32005,1.32028,1.00,1.00
2017.12.28 06:55:16.860,1.32015,1.32028,1.00,1.00
2017.12.28 06:55:17.534,1.32005,1.32028,1.50,1.00
2017.12.28 06:55:17.586,1.3201,1.32028,1.00,1.00
2017.12.28 06:55:17.689,1.32006,1.32029,1.00,1.00
2017.12.28 06:55:18.862,1.32006,1.32028,1.00,1.00
2017.12.28 06:55:20.964,1.32006,1.32029,1.00,1.00
2017.12.28 06:55:21.016,1.32009,1.32029,1.00,1.00
2017.12.28 06:55:27.438,1.32011,1.32029,1.00,1.00
2017.12.28 06:55:27.491,1.32007,1.3203,1.00,1.00
2017.12.28 06:55:27.543,1.32007,1.32027,1.00,1.00
2017.12.28 06:55:29.099,1.32007,1.32026,1.00,1.00
2017.12.28 06:55:29.711,1.32007,1.32027,1.00,1.00
2017.12.28 06:55:31.552,1.32007,1.32026,1.00,1.00
2017.12.28 06:55:32.289,1.32004,1.32026,1.87,1.00
2017.12.28 06:55:33.481,1.32004,1.32027,1.12,1.00
2017.12.28 06:55:33.996,1.32004,1.32026,1.87,1.00
2017.12.28 06:55:34.697,1.32004,1.32027,1.12,1.00
2017.12.28 06:55:37.261,1.32004,1.32025,1.12,1.00
2017.12.28 06:55:37.609,1.32007,1.32025,1.00,1.00
2017.12.28 06:55:38.148,1.32007,1.32024,1.00,1.00
2017.12.28 06:55:38.735,1.32007,1.32025,1.12,1.00
2017.12.28 06:55:39.741,1.32007,1.32024,1.12,1.00
2017.12.28 06:55:42.271,1.32007,1.32025,1.00,1.00
2017.12.28 06:55:52.845,1.32007,1.32024,1.00,1.00
2017.12.28 06:56:00.222,1.32007,1.32025,1.00,1.00
2017.12.28 06:56:01.293,1.32007,1.32024,1.00,1.00
2017.12.28 06:56:01.448,1.32005,1.32025,1.00,1.00
2017.12.28 06:56:03.011,1.32005,1.32024,1.00,1.00
2017.12.28 06:56:04.305,1.32005,1.32025,1.00,1.00
2017.12.28 06:56:06.522,1.32005,1.32024,1.00,1.00
2017.12.28 06:56:09.658,1.32005,1.32025,1.00,1.00
2017.12.28 06:56:11.988,1.32006,1.32024,1.00,1.00
2017.12.28 06:56:22.264,1.32006,1.32027,1.00,1.00
2017.12.28 06:56:25.565,1.32006,1.32028,1.00,1.00
2017.12.28 06:56:41.381,1.32006,1.32027,1.00,1.00
2017.12.28 06:56:42.065,1.32006,1.32028,1.00,1.00
2017.12.28 06:56:42.692,1.32006,1.32027,1.00,1.00
2017.12.28 06:56:45.162,1.32006,1.32028,1.00,1.00
2017.12.28 06:56:48.447,1.32006,1.32027,1.00,1.00
2017.12.28 06:56:55.910,1.32006,1.32028,1.00,1.00
2017.12.28 06:56:57.458,1.32006,1.32027,1.00,1.00
2017.12.28 06:56:58.382,1.32004,1.32027,1.00,1.00
2017.12.28 06:56:58.805,1.32008,1.32028,1.00,1.00
2017.12.28 06:56:58.857,1.32005,1.32028,1.00,1.00
2017.12.28 06:57:00.797,1.3201,1.32028,1.00,1.00
2017.12.28 06:57:01.039,1.32007,1.32027,1.00,1.00
2017.12.28 06:57:01.760,1.32007,1.32028,1.00,1.12
2017.12.28 06:57:01.965,1.32004,1.32028,1.00,1.00
2017.12.28 06:57:02.341,1.32007,1.32027,1.00,1.00
2017.12.28 06:57:04.564,1.32003,1.32022,1.00,1.00
2017.12.28 06:57:05.076,1.32002,1.32021,1.00,1.00
2017.12.28 06:57:09.219,1.32002,1.32022,1.00,1.00
2017.12.28 06:57:09.584,1.32004,1.32024,1.00,1.00
2017.12.28 06:57:09.892,1.32006,1.32025,1.00,1.00
2017.12.28 06:57:10.073,1.32006,1.32029,1.00,1.00
2017.12.28 06:57:19.570,1.32009,1.32029,1.00,1.00
2017.12.28 06:57:19.622,1.32007,1.32029,1.00,1.00
2017.12.28 06:57:22.979,1.32007,1.3203,1.00,1.00
2017.12.28 06:57:25.408,1.32007,1.32029,1.00,1.00
2017.12.28 06:57:29.323,1.32004,1.32025,1.00,1.00
2017.12.28 06:57:29.844,1.32004,1.32028,1.00,1.00
2017.12.28 06:57:30.366,1.32004,1.32026,1.00,1.00
2017.12.28 06:57:30.923,1.32004,1.32025,1.00,1.00
2017.12.28 06:57:31.462,1.32004,1.32026,1.00,1.00
2017.12.28 06:57:31.977,1.32004,1.32025,1.00,1.00
2017.12.28 06:57:38.364,1.32004,1.32026,1.00,1.00
2017.12.28 06:57:45.607,1.32004,1.32025,1.00,1.00
2017.12.28 06:57:52.820,1.32004,1.32026,1.00,1.00
2017.12.28 06:57:53.128,1.32004,1.32023,1.00,1.00
2017.12.28 06:57:53.385,1.32002,1.32026,1.00,1.00
2017.12.28 06:57:53.894,1.32002,1.32025,1.00,1.00
2017.12.28 06:57:53.946,1.32004,1.32026,1.00,1.00
2017.12.28 06:57:55.825,1.32004,1.32025,1.00,1.00
2017.12.28 06:57:58.332,1.32004,1.32026,1.00,1.00
2017.12.28 06:58:02.540,1.32004,1.32025,1.00,1.00
2017.12.28 06:58:06.425,1.32004,1.32026,1.00,1.00
2017.12.28 06:58:08.541,1.32004,1.32025,1.00,1.00
2017.12.28 06:58:13.798,1.32004,1.32026,1.00,1.00
2017.12.28 06:58:14.615,1.32004,1.32025,1.00,1.00
2017.12.28 06:58:21.360,1.32004,1.32026,1.00,1.00
2017.12.28 06:58:22.233,1.32004,1.32025,1.00,1.00
2017.12.28 06:58:24.393,1.32004,1.3203,1.00,1.00
2017.12.28 06:58:27.066,1.32004,1.32031,1.00,1.00
2017.12.28 06:58:27.858,1.32004,1.3203,1.00,1.00
2017.12.28 06:58:30.113,1.32009,1.32035,1.12,1.00
2017.12.28 06:58:30.429,1.32015,1.32036,1.00,1.00
2017.12.28 06:58:30.971,1.32015,1.32037,1.00,1.00
2017.12.28 06:58:31.491,1.32015,1.32036,1.00,1.00
2017.12.28 06:58:31.997,1.32016,1.32036,1.00,1.00
2017.12.28 06:58:32.049,1.32012,1.32037,1.00,1.00
2017.12.28 06:58:32.973,1.32012,1.32036,1.00,1.00
2017.12.28 06:58:40.210,1.32022,1.32036,1.00,1.00
2017.12.28 06:58:40.348,1.32014,1.32036,1.00,1.00
2017.12.28 06:58:44.483,1.32014,1.32037,1.00,1.00
2017.12.28 06:58:45.591,1.32014,1.32036,1.00,1.00
2017.12.28 06:58:50.162,1.32014,1.32037,1.00,1.00
2017.12.28 06:58:50.755,1.32014,1.32036,1.00,1.00
2017.12.28 06:58:54.002,1.32014,1.32041,1.00,1.50
2017.12.28 06:58:55.424,1.32014,1.32041,1.00,1.00
2017.12.28 06:58:55.942,1.32014,1.3204,1.00,1.00
2017.12.28 06:59:00.736,1.32014,1.32041,1.00,1.00
2017.12.28 06:59:01.295,1.32014,1.3204,1.00,1.00
2017.12.28 06:59:01.869,1.32014,1.32041,1.00,1.00
2017.12.28 06:59:02.530,1.32014,1.3204,1.00,1.00
2017.12.28 06:59:05.611,1.32014,1.32041,1.00,1.00
2017.12.28 06:59:09.334,1.32014,1.3204,1.00,1.00
2017.12.28 06:59:18.333,1.32014,1.32041,1.00,1.12
2017.12.28 06:59:20.447,1.32014,1.32036,1.00,1.00
2017.12.28 06:59:20.550,1.32014,1.32038,1.00,1.50
2017.12.28 06:59:20.654,1.32017,1.32041,1.00,1.00
2017.12.28 06:59:21.437,1.32017,1.3204,1.00,1.00
2017.12.28 06:59:22.417,1.32017,1.32041,1.00,1.00
2017.12.28 06:59:22.957,1.32017,1.3204,1.00,1.00
2017.12.28 06:59:25.667,1.32017,1.32041,1.00,1.00
2017.12.28 06:59:26.393,1.32017,1.3204,1.00,1.00
2017.12.28 06:59:27.532,1.32017,1.32041,1.00,1.00
2017.12.28 06:59:28.311,1.32017,1.3204,1.00,1.00
2017.12.28 06:59:29.472,1.32017,1.32041,1.00,1.00
2017.12.28 06:59:30.024,1.32017,1.3204,1.00,1.00
2017.12.28 06:59:33.381,1.32017,1.32041,1.00,1.00
2017.12.28 06:59:45.589,1.32017,1.3204,1.00,1.00
2017.12.28 06:59:53.071,1.32017,1.32041,1.00,1.00
2017.12.28 06:59:54.100,1.32017,1.3204,1.00,1.00
