2008.07.06 21:00:00.704,2.0316,2.03204,2.70,1.00
2008.07.06 21:00:08.384,2.03159,2.03209,2.00,1.00
2008.07.06 21:00:09.682,2.03162,2.03207,1.90,1.00
2008.07.06 21:00:13.803,2.0316,2.0321,1.00,1.00
2008.07.06 21:00:16.743,2.03164,2.03209,1.00,1.00
2008.07.06 21:00:17.691,2.03168,2.03208,4.90,1.00
2008.07.06 21:00:18.175,2.03171,2.03206,1.00,1.00
2008.07.06 21:00:18.361,2.03163,2.03218,2.00,2.10
2008.07.06 21:00:18.551,2.03166,2.03216,3.80,1.00
2008.07.06 21:00:18.728,2.03167,2.03212,2.00,1.00
2008.07.06 21:00:18.912,2.0318,2.032,1.00,1.00
2008.07.06 21:00:19.634,2.03179,2.03204,1.00,2.80
2008.07.06 21:00:21.215,2.03177,2.03207,1.00,1.00
2008.07.06 21:00:22.243,2.03179,2.03204,1.00,2.80
2008.07.06 21:00:22.548,2.03168,2.03213,1.00,1.00
2008.07.06 21:00:22.966,2.03184,2.03199,1.00,1.00
2008.07.06 21:00:25.134,2.03175,2.03205,1.00,1.00
2008.07.06 21:00:26.268,2.03171,2.03206,1.00,1.00
2008.07.06 21:00:26.309,2.03171,2.03211,1.00,1.00
2008.07.06 21:00:28.818,2.03173,2.03213,2.00,1.00
2008.07.06 21:00:29.195,2.03173,2.03208,1.00,1.00
2008.07.06 21:00:29.340,2.03172,2.03202,2.00,1.00
2008.07.06 21:00:30.839,2.03161,2.03211,1.90,1.00
2008.07.06 21:00:31.021,2.03174,2.03204,1.00,1.20
2008.07.06 21:00:33.587,2.03173,2.03213,2.00,2.10
2008.07.06 21:00:33.771,2.0318,2.0321,1.00,1.00
2008.07.06 21:00:36.120,2.03169,2.03219,1.90,2.10
2008.07.06 21:00:36.457,2.03161,2.03225,3.60,2.10
2008.07.06 21:00:37.141,2.03169,2.03214,1.00,1.00
2008.07.06 21:00:37.427,2.03159,2.03219,1.90,1.00
2008.07.06 21:00:37.556,2.03158,2.03218,2.80,2.10
2008.07.06 21:00:38.558,2.03161,2.03211,1.00,1.00
2008.07.06 21:00:38.837,2.03165,2.03205,1.90,1.00
2008.07.06 21:00:39.266,2.03168,2.03203,1.00,1.00
2008.07.06 21:00:39.592,2.03162,2.03212,3.60,1.00
2008.07.06 21:00:39.735,2.03161,2.03216,1.00,1.00
2008.07.06 21:00:40.088,2.03162,2.03217,1.00,1.00
2008.07.06 21:00:41.060,2.03157,2.03221,1.00,1.20
2008.07.06 21:00:41.353,2.03158,2.03218,1.90,1.00
2008.07.06 21:00:45.286,2.03157,2.03221,1.00,1.00
2008.07.06 21:00:45.841,2.03157,2.03221,1.00,1.00
2008.07.06 21:00:45.962,2.03157,2.03221,1.00,1.00
2008.07.06 21:00:46.298,2.0316,2.0322,1.00,1.20
2008.07.06 21:00:47.298,2.03157,2.03222,1.00,1.90
2008.07.06 21:00:47.801,2.03158,2.03218,2.80,2.10
2008.07.06 21:00:48.935,2.03157,2.03221,1.00,2.80
2008.07.06 21:00:51.259,2.03159,2.03219,1.90,1.00
2008.07.06 21:00:51.480,2.03157,2.03221,1.00,1.00
2008.07.06 21:00:54.771,2.03159,2.03219,1.00,1.00
2008.07.06 21:00:59.123,2.03163,2.03217,1.00,1.00
2008.07.06 21:01:18.688,2.03162,2.03222,1.00,1.20
2008.07.06 21:01:19.610,2.03161,2.03226,1.00,1.00
2008.07.06 21:01:19.832,2.03165,2.03225,2.70,2.10
2008.07.06 21:01:25.107,2.03165,2.03225,1.00,1.00
2008.07.06 21:01:48.563,2.03164,2.03229,1.00,1.00
2008.07.06 21:01:48.776,2.03162,2.03227,2.70,1.00
2008.07.06 21:01:48.997,2.03163,2.03228,1.90,4.50
2008.07.06 21:01:49.119,2.03162,2.03227,1.00,1.00
2008.07.06 21:01:49.235,2.03163,2.03228,1.00,1.20
2008.07.06 21:01:51.375,2.03164,2.03229,1.00,1.00
2008.07.06 21:01:52.166,2.03166,2.03231,1.00,1.00
2008.07.06 21:01:52.265,2.03165,2.0323,1.00,1.00
2008.07.06 21:01:56.241,2.03167,2.03232,1.00,2.10
2008.07.06 21:01:56.470,2.03168,2.03228,1.00,1.00
2008.07.06 21:01:56.590,2.03168,2.03228,1.00,1.00
2008.07.06 21:01:56.708,2.03166,2.03232,1.00,1.00
2008.07.06 21:02:08.155,2.03158,2.03218,2.70,2.10
2008.07.06 21:02:08.991,2.03161,2.03216,1.00,1.00
2008.07.06 21:02:09.271,2.03166,2.03216,1.00,1.00
2008.07.06 21:02:09.569,2.0317,2.0322,1.00,1.00
2008.07.06 21:02:09.956,2.0317,2.03214,1.00,2.80
2008.07.06 21:02:13.076,2.03153,2.03213,1.00,1.00
2008.07.06 21:02:19.476,2.03146,2.03206,1.00,4.00
2008.07.06 21:02:22.915,2.03143,2.03203,3.00,4.00
2008.07.06 21:02:24.901,2.03145,2.03205,1.00,1.20
2008.07.06 21:02:36.191,2.03145,2.03205,1.00,2.40
2008.07.06 21:02:36.485,2.03147,2.03207,1.00,1.00
2008.07.06 21:02:36.690,2.03155,2.03205,1.00,1.00
2008.07.06 21:02:46.813,2.03156,2.03211,1.00,1.00
2008.07.06 21:02:47.019,2.03158,2.03208,1.00,1.00
2008.07.06 21:02:55.181,2.03152,2.03212,1.00,1.00
2008.07.06 21:03:02.010,2.03131,2.03191,1.00,1.00
2008.07.06 21:03:02.677,2.03132,2.03192,3.00,1.00
2008.07.06 21:03:02.763,2.03139,2.03194,1.00,2.10
2008.07.06 21:03:03.076,2.03144,2.03199,1.00,5.20
2008.07.06 21:03:03.522,2.03153,2.03198,1.00,1.00
2008.07.06 21:03:05.458,2.0315,2.03205,1.90,2.10
2008.07.06 21:03:05.892,2.03145,2.0321,2.80,2.10
2008.07.06 21:03:13.476,2.03149,2.03209,1.00,1.00
2008.07.06 21:03:17.220,2.03147,2.03207,1.00,1.20
2008.07.06 21:03:17.575,2.03147,2.03207,1.00,2.40
2008.07.06 21:03:19.804,2.03148,2.03203,2.70,1.00
2008.07.06 21:03:19.889,2.0315,2.032,1.00,1.00
2008.07.06 21:03:22.117,2.03155,2.03195,1.00,1.00
2008.07.06 21:03:25.450,2.03151,2.03201,1.00,1.00
2008.07.06 21:03:30.627,2.03154,2.03194,1.00,1.00
2008.07.06 21:03:31.646,2.0315,2.032,1.00,1.00
2008.07.06 21:03:40.079,2.03147,2.03207,1.00,5.20
2008.07.06 21:03:48.587,2.03152,2.03217,1.00,2.80
2008.07.06 21:03:48.709,2.03155,2.03221,1.00,1.00
2008.07.06 21:03:48.908,2.03153,2.03213,1.00,1.00
2008.07.06 21:03:50.309,2.03153,2.03213,1.00,1.00
2008.07.06 21:03:50.392,2.0315,2.03215,1.00,1.00
2008.07.06 21:03:50.795,2.0315,2.03215,1.00,2.80
2008.07.06 21:03:52.391,2.03153,2.03218,1.00,1.00
2008.07.06 21:03:52.867,2.0316,2.0322,1.00,1.20
2008.07.06 21:03:53.097,2.0316,2.0322,1.00,1.00
2008.07.06 21:03:53.463,2.03157,2.03222,1.00,3.00
2008.07.06 21:03:55.051,2.03155,2.0322,3.00,4.00
2008.07.06 21:03:55.742,2.03156,2.03211,1.00,2.10
2008.07.06 21:03:55.944,2.03146,2.03206,1.00,2.10
2008.07.06 21:03:57.711,2.03141,2.03206,3.60,1.00
2008.07.06 21:04:01.582,2.03127,2.03193,1.00,1.00
2008.07.06 21:04:01.751,2.0313,2.03185,2.70,2.10
2008.07.06 21:04:03.446,2.03139,2.03174,1.00,1.00
2008.07.06 21:04:03.828,2.03136,2.03181,1.00,1.00
2008.07.06 21:04:04.019,2.03147,2.03177,1.00,1.20
2008.07.06 21:04:09.425,2.03135,2.03195,1.00,1.00
2008.07.06 21:04:09.584,2.03136,2.03196,2.70,2.80
2008.07.06 21:04:09.653,2.03144,2.03194,2.70,1.00
2008.07.06 21:04:10.241,2.0314,2.032,1.00,4.00
2008.07.06 21:04:10.422,2.03138,2.03203,1.00,1.00
2008.07.06 21:04:10.559,2.03128,2.03203,3.00,2.10
2008.07.06 21:04:12.762,2.03127,2.03192,1.90,4.50
2008.07.06 21:04:12.828,2.03124,2.03189,3.00,1.00
2008.07.06 21:04:14.085,2.0312,2.0319,1.00,1.00
2008.07.06 21:04:15.099,2.03121,2.03186,1.00,1.00
2008.07.06 21:04:15.172,2.03122,2.03182,1.90,1.00
2008.07.06 21:04:15.355,2.03118,2.03178,1.00,1.00
2008.07.06 21:04:15.580,2.03107,2.03182,1.00,1.00
2008.07.06 21:04:15.722,2.03112,2.03177,1.90,2.10
2008.07.06 21:04:16.561,2.03114,2.03179,2.70,1.00
2008.07.06 21:04:16.842,2.03118,2.03183,1.00,1.00
2008.07.06 21:04:18.152,2.03115,2.0318,1.00,2.10
2008.07.06 21:04:22.637,2.03109,2.03169,1.00,3.30
2008.07.06 21:04:25.227,2.03099,2.03169,1.00,2.10
2008.07.06 21:04:25.619,2.03108,2.03168,1.00,1.90
2008.07.06 21:04:26.518,2.03112,2.03172,1.00,1.90
2008.07.06 21:04:26.825,2.03119,2.03174,1.00,1.20
2008.07.06 21:04:26.910,2.0313,2.03175,1.00,1.00
2008.07.06 21:04:31.572,2.03126,2.03191,1.00,1.00
2008.07.06 21:04:31.738,2.03128,2.03193,1.00,1.20
2008.07.06 21:04:31.958,2.03134,2.03189,1.00,1.00
2008.07.06 21:04:45.178,2.0313,2.03195,1.00,2.10
2008.07.06 21:04:45.339,2.03131,2.03191,1.00,2.80
2008.07.06 21:04:45.447,2.03132,2.03177,1.00,1.00
2008.07.06 21:04:45.552,2.03116,2.03181,1.00,1.20
2008.07.06 21:04:46.121,2.03114,2.03184,1.00,1.00
2008.07.06 21:04:46.608,2.03123,2.03183,1.00,1.00
2008.07.06 21:04:46.880,2.03122,2.03187,1.00,1.00
2008.07.06 21:04:49.160,2.0312,2.03185,1.00,2.80
2008.07.06 21:04:49.380,2.0312,2.0318,1.00,1.00
2008.07.06 21:04:52.172,2.03116,2.03181,1.00,1.20
2008.07.06 21:04:52.323,2.03113,2.03178,1.00,2.10
2008.07.06 21:04:52.888,2.03114,2.03174,1.00,1.00
2008.07.06 21:04:58.007,2.03115,2.0318,1.00,2.80
2008.07.06 21:04:58.049,2.03126,2.03191,1.00,1.00
2008.07.06 21:04:58.166,2.03141,2.03201,1.00,1.00
2008.07.06 21:04:58.351,2.0315,2.0321,2.00,1.00
2008.07.06 21:05:02.404,2.03133,2.03198,1.90,1.00
2008.07.06 21:05:02.621,2.0313,2.03195,1.00,1.00
2008.07.06 21:05:03.168,2.0313,2.03195,1.00,3.30
2008.07.06 21:05:03.423,2.0313,2.03195,1.00,1.00
2008.07.06 21:05:03.538,2.03131,2.03196,1.00,2.10
2008.07.06 21:05:05.550,2.03132,2.03197,1.00,1.20
2008.07.06 21:05:07.132,2.03128,2.03193,1.00,4.00
2008.07.06 21:05:07.400,2.03125,2.0319,1.00,1.20
2008.07.06 21:05:07.452,2.03125,2.0319,2.70,1.00
2008.07.06 21:05:09.460,2.03128,2.03193,1.00,1.00
2008.07.06 21:05:09.612,2.03133,2.03193,1.00,1.00
2008.07.06 21:05:09.835,2.03138,2.03188,2.00,2.80
2008.07.06 21:05:13.218,2.03124,2.03194,1.00,1.20
2008.07.06 21:05:13.401,2.03123,2.03188,1.00,1.00
2008.07.06 21:05:15.163,2.03121,2.03191,1.00,1.00
2008.07.06 21:05:15.518,2.03125,2.0319,1.00,1.00
2008.07.06 21:05:16.336,2.03125,2.03195,1.90,1.00
2008.07.06 21:05:16.427,2.03133,2.03188,1.00,1.00
2008.07.06 21:05:16.978,2.03139,2.03189,1.00,3.30
2008.07.06 21:05:18.095,2.03141,2.03196,1.00,1.00
2008.07.06 21:05:18.179,2.03145,2.0319,1.00,1.00
2008.07.06 21:05:18.330,2.03138,2.03183,1.20,1.00
2008.07.06 21:05:18.442,2.03135,2.03175,1.00,3.10
2008.07.06 21:05:18.716,2.03131,2.03181,1.00,1.00
2008.07.06 21:05:20.823,2.03136,2.03186,1.00,1.00
2008.07.06 21:05:20.988,2.03144,2.03189,1.00,1.00
2008.07.06 21:05:21.214,2.03148,2.03183,2.70,1.00
2008.07.06 21:05:21.527,2.03134,2.03194,1.00,1.90
2008.07.06 21:05:22.212,2.0313,2.0319,1.20,1.00
2008.07.06 21:05:22.428,2.03125,2.03185,1.00,1.00
2008.07.06 21:05:22.678,2.03119,2.03179,1.00,1.20
2008.07.06 21:05:26.657,2.0311,2.03175,1.90,1.00
2008.07.06 21:05:26.909,2.03111,2.03171,1.00,2.10
2008.07.06 21:05:27.049,2.03118,2.03178,1.00,1.00
2008.07.06 21:05:27.178,2.0312,2.03185,1.00,1.00
2008.07.06 21:05:27.306,2.03124,2.03184,1.00,1.90
2008.07.06 21:05:27.925,2.03125,2.03185,2.00,1.00
2008.07.06 21:05:28.420,2.03128,2.03178,1.90,1.00
2008.07.06 21:05:28.611,2.03121,2.03171,1.00,2.80
2008.07.06 21:05:28.931,2.03124,2.03164,1.00,2.80
2008.07.06 21:05:29.163,2.03117,2.03177,1.00,1.00
2008.07.06 21:05:30.138,2.03119,2.03184,1.00,1.00
2008.07.06 21:05:30.529,2.03126,2.03186,1.00,1.00
2008.07.06 21:05:31.213,2.03128,2.03188,1.00,2.10
2008.07.06 21:05:31.348,2.03128,2.03183,1.00,1.00
2008.07.06 21:05:31.856,2.0312,2.03175,1.00,2.80
2008.07.06 21:05:32.128,2.0312,2.0317,1.00,1.00
2008.07.06 21:05:32.422,2.03125,2.0317,1.00,1.90
2008.07.06 21:05:33.098,2.0312,2.03185,1.90,1.00
2008.07.06 21:05:33.403,2.03124,2.03189,1.90,2.10
2008.07.06 21:05:33.712,2.03129,2.03194,1.90,1.00
2008.07.06 21:05:33.980,2.03132,2.03197,1.00,1.00
2008.07.06 21:05:34.120,2.03149,2.03194,1.90,1.00
2008.07.06 21:05:34.413,2.03156,2.03206,1.00,1.00
2008.07.06 21:05:34.571,2.03175,2.032,1.00,1.00
2008.07.06 21:05:34.861,2.03169,2.03199,1.00,1.00
2008.07.06 21:05:34.926,2.03156,2.03186,1.00,1.90
2008.07.06 21:05:35.528,2.03147,2.03167,1.00,1.20
2008.07.06 21:05:39.865,2.0312,2.0318,1.00,1.00
2008.07.06 21:05:41.093,2.03118,2.03173,1.00,1.00
2008.07.06 21:05:41.807,2.03112,2.03172,1.90,1.00
2008.07.06 21:05:42.447,2.03109,2.03174,1.00,1.00
2008.07.06 21:05:42.596,2.03115,2.0318,2.70,1.00
2008.07.06 21:05:42.825,2.03127,2.03187,1.00,1.20
2008.07.06 21:05:43.062,2.03134,2.03199,2.00,1.00
2008.07.06 21:05:43.300,2.03142,2.03202,1.00,5.20
2008.07.06 21:05:44.260,2.03148,2.03208,1.00,1.00
2008.07.06 21:05:44.771,2.03148,2.03213,1.90,1.00
2008.07.06 21:05:44.885,2.03145,2.03209,1.00,1.00
2008.07.06 21:05:46.535,2.03133,2.03193,1.00,1.00
2008.07.06 21:05:48.892,2.03124,2.03179,1.00,4.00
2008.07.06 21:05:48.949,2.03119,2.03174,2.70,1.00
2008.07.06 21:05:49.216,2.03124,2.03174,1.00,1.00
2008.07.06 21:05:49.389,2.03132,2.03172,1.00,1.00
2008.07.06 21:05:49.503,2.03134,2.03174,3.00,1.00
2008.07.06 21:05:51.805,2.03121,2.03181,1.90,1.00
2008.07.06 21:05:51.938,2.03118,2.03178,1.00,1.00
2008.07.06 21:05:52.061,2.03123,2.03173,1.00,1.00
2008.07.06 21:05:52.192,2.03129,2.03169,1.00,1.00
2008.07.06 21:05:52.319,2.0313,2.03175,1.00,1.00
2008.07.06 21:05:52.592,2.0313,2.0319,5.60,1.00
2008.07.06 21:05:52.703,2.03132,2.03192,1.00,1.20
2008.07.06 21:05:55.529,2.03129,2.03189,1.00,1.20
2008.07.06 21:05:56.306,2.03124,2.03184,2.00,2.10
2008.07.06 21:05:56.679,2.03118,2.03183,1.00,1.00
2008.07.06 21:05:56.973,2.03127,2.03177,2.70,1.00
2008.07.06 21:05:57.104,2.03131,2.03176,1.90,1.00
2008.07.06 21:05:57.367,2.03136,2.03176,1.00,1.00
2008.07.06 21:05:59.400,2.03124,2.03184,1.00,1.00
2008.07.06 21:05:59.584,2.03122,2.03182,1.00,1.00
2008.07.06 21:06:02.667,2.03144,2.0321,1.00,2.80
2008.07.06 21:06:03.318,2.03146,2.03206,1.00,1.00
2008.07.06 21:06:03.622,2.03143,2.03208,1.20,1.00
2008.07.06 21:06:03.743,2.03141,2.03206,1.00,1.00
2008.07.06 21:06:05.397,2.03143,2.03203,1.00,1.00
2008.07.06 21:06:06.070,2.03142,2.03202,2.80,2.10
2008.07.06 21:06:06.556,2.03144,2.03209,2.70,1.00
2008.07.06 21:06:07.466,2.03148,2.03213,1.00,1.00
2008.07.06 21:06:07.580,2.03149,2.03209,1.00,1.00
2008.07.06 21:06:09.457,2.03142,2.03207,1.00,1.00
2008.07.06 21:06:09.685,2.03138,2.03208,1.00,1.90
2008.07.06 21:06:09.774,2.03143,2.03203,1.00,1.00
2008.07.06 21:06:10.618,2.03144,2.03204,3.00,1.00
2008.07.06 21:06:11.446,2.03144,2.03214,3.80,1.00
2008.07.06 21:06:11.905,2.03153,2.03213,1.00,1.00
2008.07.06 21:06:12.264,2.03155,2.0322,1.00,1.00
2008.07.06 21:06:12.641,2.03153,2.03223,1.90,2.10
2008.07.06 21:06:12.977,2.03154,2.03219,1.00,1.00
2008.07.06 21:06:13.160,2.03149,2.03224,3.80,1.00
2008.07.06 21:06:13.387,2.03155,2.03225,1.00,3.30
2008.07.06 21:06:13.605,2.03158,2.03224,2.70,1.20
2008.07.06 21:06:13.922,2.03149,2.03224,1.90,1.00
2008.07.06 21:06:14.296,2.03147,2.03217,1.00,1.00
2008.07.06 21:06:14.468,2.03149,2.03214,1.00,2.10
2008.07.06 21:06:14.681,2.0315,2.03215,4.80,1.00
2008.07.06 21:06:15.101,2.03146,2.03216,1.00,1.00
2008.07.06 21:06:15.772,2.03152,2.03212,1.00,1.00
2008.07.06 21:06:16.480,2.03151,2.03216,1.00,2.10
2008.07.06 21:06:16.768,2.03149,2.03214,1.00,1.90
2008.07.06 21:06:17.062,2.03144,2.03209,1.00,1.00
2008.07.06 21:06:17.721,2.03164,2.03184,2.00,2.10
2008.07.06 21:06:17.919,2.03166,2.03191,1.00,1.90
2008.07.06 21:06:18.435,2.03166,2.03196,1.00,1.00
2008.07.06 21:06:18.991,2.03158,2.03203,1.00,1.20
2008.07.06 21:06:19.369,2.03151,2.03201,1.00,1.00
2008.07.06 21:06:19.675,2.03146,2.03206,1.00,1.00
2008.07.06 21:06:21.566,2.03147,2.03212,1.00,1.00
2008.07.06 21:06:21.888,2.0315,2.03215,1.00,1.20
2008.07.06 21:06:22.035,2.03152,2.03217,1.00,1.00
2008.07.06 21:06:22.337,2.03151,2.03216,1.00,1.00
2008.07.06 21:06:23.048,2.03154,2.03219,2.70,1.90
2008.07.06 21:06:23.478,2.03158,2.03223,1.00,1.00
2008.07.06 21:06:28.399,2.03161,2.03226,1.00,1.00
2008.07.06 21:06:32.507,2.03162,2.03222,2.00,2.10
2008.07.06 21:06:32.537,2.03165,2.03205,1.00,1.00
2008.07.06 21:06:32.829,2.03164,2.03194,1.00,1.00
2008.07.06 21:06:55.660,2.03139,2.03204,1.00,1.00
2008.07.06 21:06:56.741,2.03133,2.03199,1.00,1.00
2008.07.06 21:07:05.892,2.03135,2.032,1.00,1.20
2008.07.06 21:07:07.901,2.03138,2.03198,1.00,2.80
2008.07.06 21:07:08.206,2.03144,2.03199,1.00,1.00
2008.07.06 21:07:11.672,2.03142,2.03207,1.00,2.10
2008.07.06 21:07:14.110,2.03146,2.03211,3.60,1.00
2008.07.06 21:07:17.818,2.03152,2.03212,2.70,1.00
2008.07.06 21:07:19.103,2.03153,2.03218,2.70,2.80
2008.07.06 21:07:19.348,2.03157,2.03222,1.00,1.00
2008.07.06 21:07:23.719,2.03156,2.03222,1.00,1.00
2008.07.06 21:07:28.097,2.03151,2.03216,1.90,1.00
2008.07.06 21:07:30.433,2.03147,2.03212,1.00,1.00
2008.07.06 21:07:30.921,2.03146,2.03211,1.00,1.00
2008.07.06 21:07:31.186,2.03144,2.03209,1.00,2.80
2008.07.06 21:07:31.953,2.03145,2.03205,1.90,2.10
2008.07.06 21:07:32.092,2.03152,2.03192,1.00,1.00
2008.07.06 21:07:32.234,2.03154,2.03184,3.00,1.00
2008.07.06 21:07:33.533,2.03132,2.03198,1.00,2.40
2008.07.06 21:07:33.645,2.03141,2.03191,1.00,1.90
2008.07.06 21:07:33.795,2.03137,2.03202,1.00,1.90
2008.07.06 21:07:34.005,2.03143,2.03208,1.90,1.00
2008.07.06 21:07:34.134,2.0316,2.03205,1.00,1.00
2008.07.06 21:07:34.189,2.03167,2.03207,1.00,1.90
2008.07.06 21:07:34.519,2.03172,2.03202,1.00,1.00
2008.07.06 21:07:45.171,2.03152,2.03217,1.00,1.00
2008.07.06 21:07:45.398,2.03153,2.03213,1.00,1.00
2008.07.06 21:07:45.494,2.03154,2.03209,1.00,1.00
2008.07.06 21:07:45.781,2.03146,2.03206,1.00,1.90
2008.07.06 21:07:46.556,2.03141,2.03206,2.70,2.10
2008.07.06 21:08:00.864,2.03168,2.03228,3.00,1.90
2008.07.06 21:08:02.840,2.03162,2.03227,1.00,1.00
2008.07.06 21:08:03.064,2.03158,2.03218,1.00,1.00
2008.07.06 21:08:03.375,2.03144,2.03204,1.00,1.00
2008.07.06 21:08:34.666,2.03137,2.03197,1.00,1.00
2008.07.06 21:08:41.470,2.03148,2.03198,1.00,1.00
2008.07.06 21:08:41.579,2.03164,2.03209,1.00,1.00
2008.07.06 21:08:41.689,2.03162,2.03227,1.00,3.30
2008.07.06 21:08:41.839,2.0316,2.03225,1.00,1.00
2008.07.06 21:08:41.879,2.03158,2.03218,1.90,1.00
2008.07.06 21:08:48.965,2.03154,2.03214,1.00,1.00
2008.07.06 21:08:49.129,2.03152,2.03212,1.00,1.00
2008.07.06 21:08:49.320,2.03154,2.03208,1.00,1.00
2008.07.06 21:09:06.745,2.03179,2.03229,1.00,1.90
2008.07.06 21:09:13.030,2.03174,2.03239,2.70,1.00
2008.07.06 21:09:13.153,2.0317,2.0323,2.00,2.80
2008.07.06 21:09:16.479,2.0315,2.03215,1.00,2.80
2008.07.06 21:09:16.559,2.03142,2.03206,1.00,4.80
2008.07.06 21:09:26.286,2.03153,2.03213,1.00,1.00
2008.07.06 21:09:51.339,2.03163,2.03228,1.00,1.00
2008.07.06 21:09:51.525,2.03169,2.03234,1.00,1.00
2008.07.06 21:10:12.177,2.03158,2.03224,1.00,1.90
2008.07.06 21:10:12.601,2.03148,2.03213,1.00,1.00
2008.07.06 21:10:19.098,2.03147,2.03207,1.00,2.40
2008.07.06 21:10:35.236,2.03164,2.03219,1.00,2.80
2008.07.06 21:10:44.164,2.03175,2.03229,2.00,2.10
2008.07.06 21:10:45.200,2.03175,2.03225,1.00,1.90
2008.07.06 21:10:58.582,2.03163,2.03228,1.00,1.00
2008.07.06 21:10:58.740,2.0316,2.03224,1.00,1.00
2008.07.06 21:11:17.545,2.03169,2.03235,2.70,1.00
2008.07.06 21:11:17.709,2.03173,2.03238,1.00,1.00
2008.07.06 21:11:43.377,2.03166,2.0323,1.00,1.00
2008.07.06 21:11:43.890,2.03143,2.03208,1.00,1.00
2008.07.06 21:11:43.943,2.03138,2.03192,1.00,1.00
2008.07.06 21:11:44.176,2.03138,2.03203,1.00,1.00
2008.07.06 21:11:54.707,2.03146,2.03211,1.00,1.00
2008.07.06 21:11:54.833,2.03154,2.03214,1.00,1.00
2008.07.06 21:12:05.015,2.03154,2.03214,1.90,1.00
2008.07.06 21:12:07.404,2.03136,2.03191,1.00,3.30
2008.07.06 21:12:07.919,2.0313,2.0319,1.00,1.00
2008.07.06 21:12:12.448,2.03147,2.03207,1.00,1.20
2008.07.06 21:12:16.353,2.03156,2.03216,1.00,1.00
2008.07.06 21:12:29.251,2.03149,2.03214,1.00,1.00
2008.07.06 21:12:33.884,2.03143,2.03208,5.60,1.00
2008.07.06 21:13:03.288,2.03163,2.03227,1.00,1.00
2008.07.06 21:13:03.418,2.03168,2.03233,1.00,1.00
2008.07.06 21:13:07.164,2.0316,2.03224,2.70,1.00
2008.07.06 21:13:07.354,2.03134,2.03194,1.00,1.00
2008.07.06 21:13:07.540,2.03113,2.03179,1.00,1.00
2008.07.06 21:13:24.231,2.03119,2.03184,1.00,1.20
2008.07.06 21:13:24.290,2.03132,2.03197,1.00,1.00
2008.07.06 21:13:47.417,2.03146,2.03206,1.00,1.00
2008.07.06 21:13:47.517,2.03161,2.03206,1.00,1.00
2008.07.06 21:13:53.361,2.03155,2.0322,1.00,1.20
2008.07.06 21:14:06.995,2.03172,2.03232,1.00,1.00
2008.07.06 21:14:15.263,2.03175,2.0324,1.00,1.20
2008.07.06 21:14:31.920,2.03174,2.0324,2.70,1.00
2008.07.06 21:14:46.584,2.03167,2.03232,1.00,1.20
2008.07.06 21:14:48.941,2.03162,2.03226,1.00,1.00
2008.07.06 21:14:54.374,2.03165,2.0323,3.00,1.00
2008.07.06 21:14:54.805,2.03166,2.03226,1.00,2.40
2008.07.06 21:14:59.892,2.03162,2.03226,1.00,1.00
2008.07.06 21:15:02.988,2.03137,2.03202,1.00,1.00
2008.07.06 21:15:03.020,2.03136,2.03201,4.90,1.00
2008.07.06 21:15:03.155,2.03137,2.03197,1.00,1.00
2008.07.06 21:15:06.076,2.03133,2.03198,1.00,1.00
2008.07.06 21:15:06.454,2.03131,2.03196,1.00,1.00
2008.07.06 21:15:08.233,2.03126,2.03191,2.70,2.10
2008.07.06 21:15:08.605,2.03125,2.03185,1.00,1.00
2008.07.06 21:15:11.802,2.0312,2.0318,1.00,1.00
2008.07.06 21:15:19.812,2.03117,2.03182,2.70,1.00
2008.07.06 21:15:19.973,2.0312,2.03175,1.90,1.00
2008.07.06 21:15:20.949,2.03127,2.03172,1.00,1.00
2008.07.06 21:15:21.007,2.03122,2.03182,1.00,1.00
2008.07.06 21:15:21.106,2.03125,2.03185,1.90,2.80
2008.07.06 21:15:21.537,2.03127,2.03187,1.00,1.20
2008.07.06 21:15:22.671,2.03123,2.03188,1.00,1.20
2008.07.06 21:15:23.034,2.03127,2.03172,1.00,1.20
2008.07.06 21:15:23.375,2.03107,2.03172,1.00,3.00
2008.07.06 21:15:23.519,2.03094,2.03159,1.00,1.00
2008.07.06 21:15:23.897,2.03094,2.03154,1.00,3.00
2008.07.06 21:15:25.112,2.03099,2.03164,1.00,1.00
2008.07.06 21:15:25.351,2.03106,2.03171,1.00,1.00
2008.07.06 21:15:25.480,2.0311,2.03175,1.00,1.00
2008.07.06 21:15:25.709,2.03112,2.03177,3.60,1.00
2008.07.06 21:15:27.051,2.0311,2.03175,1.00,1.00
2008.07.06 21:15:27.220,2.03111,2.03166,1.20,1.00
2008.07.06 21:15:27.342,2.03104,2.03164,1.00,1.00
2008.07.06 21:15:27.702,2.03104,2.03164,3.80,1.00
2008.07.06 21:15:27.928,2.03104,2.03169,2.70,1.00
2008.07.06 21:15:27.990,2.03112,2.03177,1.00,1.00
2008.07.06 21:15:28.211,2.03123,2.03178,1.00,1.00
2008.07.06 21:15:50.799,2.03122,2.03187,1.00,1.00
2008.07.06 21:15:51.024,2.0313,2.03195,1.00,3.30
2008.07.06 21:15:51.598,2.03141,2.03206,1.00,1.00
2008.07.06 21:15:53.584,2.03159,2.03219,1.00,2.10
2008.07.06 21:15:53.871,2.03174,2.03224,1.00,2.80
2008.07.06 21:16:07.545,2.03149,2.03214,1.90,1.00
2008.07.06 21:16:07.834,2.0316,2.03225,1.00,1.00
2008.07.06 21:16:15.157,2.03165,2.0323,2.70,1.00
2008.07.06 21:16:15.394,2.03162,2.03227,1.00,2.10
2008.07.06 21:16:57.013,2.03157,2.03222,1.00,1.00
2008.07.06 21:16:57.309,2.03149,2.03214,2.70,1.00
2008.07.06 21:16:57.401,2.03144,2.03209,1.90,2.10
2008.07.06 21:17:15.239,2.03158,2.03218,1.00,1.00
2008.07.06 21:17:15.399,2.03154,2.03219,1.00,1.00
2008.07.06 21:17:16.131,2.03151,2.03216,1.00,1.00
2008.07.06 21:17:21.841,2.03148,2.03213,1.00,1.00
2008.07.06 21:17:34.763,2.03145,2.0321,1.00,1.00
2008.07.06 21:17:34.885,2.03145,2.0321,1.90,1.00
2008.07.06 21:17:35.924,2.03147,2.03207,2.00,1.00
2008.07.06 21:17:42.439,2.03144,2.03209,1.00,1.00
2008.07.06 21:17:47.721,2.03145,2.0321,1.90,2.10
2008.07.06 21:17:47.900,2.03146,2.03211,1.00,1.00
2008.07.06 21:17:48.132,2.03145,2.0321,1.00,1.00
2008.07.06 21:17:48.558,2.03147,2.03207,1.00,2.10
2008.07.06 21:17:55.109,2.03143,2.03208,1.00,1.00
2008.07.06 21:17:56.823,2.03141,2.03206,1.00,1.00
2008.07.06 21:17:59.463,2.0314,2.03205,1.00,1.00
2008.07.06 21:18:01.675,2.0315,2.03214,2.70,2.10
2008.07.06 21:18:01.926,2.03151,2.03216,1.00,1.00
2008.07.06 21:18:07.495,2.03152,2.03217,1.00,1.00
2008.07.06 21:18:15.685,2.03153,2.03218,1.00,1.00
2008.07.06 21:18:17.011,2.03153,2.03218,1.00,1.00
2008.07.06 21:18:17.826,2.03153,2.03218,1.00,1.00
2008.07.06 21:18:18.086,2.03154,2.03219,1.00,1.00
2008.07.06 21:18:20.406,2.03157,2.03217,3.60,1.00
2008.07.06 21:18:20.853,2.03156,2.03216,3.80,1.00
2008.07.06 21:18:21.304,2.03152,2.03217,1.00,3.30
2008.07.06 21:18:21.476,2.03153,2.03213,1.00,1.00
2008.07.06 21:18:21.643,2.03152,2.03217,2.70,1.20
2008.07.06 21:18:21.934,2.03156,2.03216,1.00,1.00
2008.07.06 21:18:22.500,2.03156,2.03216,1.00,1.00
2008.07.06 21:18:39.610,2.03153,2.03218,1.90,1.00
2008.07.06 21:18:46.510,2.03154,2.03214,1.00,1.90
2008.07.06 21:18:48.127,2.03153,2.03213,1.00,1.20
2008.07.06 21:18:48.887,2.03155,2.03215,3.60,1.00
2008.07.06 21:18:53.379,2.03158,2.03218,1.00,1.00
2008.07.06 21:18:53.436,2.03156,2.0322,1.00,1.00
2008.07.06 21:19:00.677,2.0312,2.03184,6.70,2.10
2008.07.06 21:19:00.907,2.03122,2.03187,1.00,1.00
2008.07.06 21:19:02.933,2.03126,2.03191,1.90,1.00
2008.07.06 21:19:04.989,2.03133,2.03198,1.00,1.00
2008.07.06 21:19:05.286,2.03144,2.03209,1.00,3.30
2008.07.06 21:19:11.643,2.03155,2.03215,1.00,1.00
2008.07.06 21:19:19.972,2.0315,2.03215,1.00,2.10
2008.07.06 21:19:20.164,2.03144,2.03209,1.00,1.00
2008.07.06 21:19:23.971,2.03137,2.03202,1.00,1.00
2008.07.06 21:19:24.001,2.0313,2.03195,1.90,1.00
2008.07.06 21:19:24.470,2.03126,2.03191,1.00,1.00
2008.07.06 21:19:24.679,2.03119,2.03184,1.00,1.00
2008.07.06 21:19:27.872,2.0311,2.03175,1.90,1.00
2008.07.06 21:19:30.091,2.03101,2.03166,1.00,1.00
2008.07.06 21:19:31.831,2.03094,2.0316,1.00,1.00
2008.07.06 21:20:20.764,2.03153,2.03218,1.00,1.00
2008.07.06 21:20:27.524,2.0315,2.03215,1.00,1.00
2008.07.06 21:20:28.133,2.0315,2.03215,1.00,1.00
2008.07.06 21:20:28.265,2.03152,2.03217,1.00,2.10
2008.07.06 21:20:34.791,2.0316,2.03225,1.00,3.00
2008.07.06 21:20:39.349,2.03167,2.03232,1.00,1.00
2008.07.06 21:20:39.560,2.03169,2.03229,1.00,2.10
2008.07.06 21:20:39.623,2.03159,2.03224,1.90,1.00
2008.07.06 21:20:42.920,2.03153,2.03218,1.00,1.00
2008.07.06 21:20:43.669,2.03147,2.03212,1.00,1.00
2008.07.06 21:20:55.475,2.03143,2.03208,1.00,1.00
2008.07.06 21:21:16.233,2.03161,2.03221,1.90,2.10
2008.07.06 21:21:17.140,2.0316,2.03225,1.00,1.00
2008.07.06 21:21:19.070,2.03164,2.03229,1.90,1.00
2008.07.06 21:21:19.206,2.03169,2.03234,1.00,1.00
2008.07.06 21:21:25.288,2.03173,2.03238,2.70,1.90
2008.07.06 21:21:25.381,2.03176,2.03236,1.00,1.20
2008.07.06 21:21:32.900,2.03173,2.03238,1.00,2.80
2008.07.06 21:21:39.153,2.03173,2.03233,1.00,1.90
2008.07.06 21:21:39.445,2.03166,2.03231,1.00,1.20
2008.07.06 21:21:47.589,2.03162,2.03222,1.00,1.00
2008.07.06 21:21:51.773,2.03153,2.03213,1.00,2.80
2008.07.06 21:21:52.369,2.0315,2.0321,1.00,1.00
2008.07.06 21:21:52.425,2.0315,2.03215,1.00,1.00
2008.07.06 21:21:52.645,2.0315,2.03215,2.70,1.00
2008.07.06 21:21:54.157,2.03155,2.0321,1.90,1.00
2008.07.06 21:21:55.028,2.03159,2.03209,1.00,2.80
2008.07.06 21:21:59.307,2.0316,2.03205,1.00,1.20
2008.07.06 21:21:59.513,2.03161,2.03201,1.00,1.00
2008.07.06 21:22:01.173,2.03168,2.03218,1.00,2.40
2008.07.06 21:22:01.781,2.03174,2.03219,1.00,1.00
2008.07.06 21:22:02.092,2.03177,2.03217,2.70,1.00
2008.07.06 21:22:02.225,2.03172,2.03222,1.00,1.00
2008.07.06 21:22:08.741,2.03174,2.03224,2.70,1.00
2008.07.06 21:22:09.091,2.03177,2.03222,3.60,1.00
2008.07.06 21:22:33.732,2.03171,2.03226,1.00,1.20
2008.07.06 21:22:34.089,2.03173,2.03223,1.00,1.00
2008.07.06 21:22:34.403,2.03168,2.03228,2.70,1.20
2008.07.06 21:22:45.438,2.03166,2.03231,1.00,1.20
2008.07.06 21:22:45.654,2.03166,2.03231,1.00,2.80
2008.07.06 21:22:45.994,2.03166,2.03231,1.00,1.00
2008.07.06 21:22:46.186,2.03165,2.0323,1.00,1.00
2008.07.06 21:22:57.597,2.03171,2.03226,1.00,1.00
2008.07.06 21:22:57.675,2.03173,2.03228,1.00,1.00
2008.07.06 21:22:57.766,2.03178,2.03228,1.00,1.00
2008.07.06 21:22:57.941,2.03183,2.03228,3.00,1.00
2008.07.06 21:23:01.296,2.03182,2.03247,1.00,1.20
2008.07.06 21:23:01.561,2.03187,2.03252,1.00,1.00
2008.07.06 21:23:16.589,2.03175,2.0324,3.80,1.00
2008.07.06 21:23:21.064,2.0315,2.0321,1.00,1.20
2008.07.06 21:23:26.062,2.03133,2.03193,1.00,1.20
2008.07.06 21:23:47.907,2.03131,2.03196,1.00,2.10
2008.07.06 21:23:54.698,2.03133,2.03193,2.00,1.00
2008.07.06 21:23:54.832,2.03142,2.03182,2.70,2.10
2008.07.06 21:24:14.784,2.03171,2.03231,3.60,1.00
2008.07.06 21:24:15.246,2.03146,2.03211,1.00,2.10
2008.07.06 21:24:30.996,2.03137,2.03201,1.90,1.00
2008.07.06 21:24:31.109,2.03148,2.03213,1.00,2.80
2008.07.06 21:24:31.563,2.03157,2.03223,2.70,1.90
2008.07.06 21:25:13.284,2.03181,2.03241,1.00,1.00
2008.07.06 21:25:15.561,2.03172,2.03232,1.00,1.00
2008.07.06 21:25:23.534,2.03167,2.03227,1.00,1.00
2008.07.06 21:25:39.879,2.0317,2.0323,1.00,1.00
2008.07.06 21:25:57.205,2.0317,2.03235,1.00,2.10
2008.07.06 21:25:57.403,2.03171,2.03236,1.00,1.00
2008.07.06 21:25:59.351,2.0317,2.03236,3.00,1.00
2008.07.06 21:26:05.652,2.03176,2.03241,1.00,1.00
2008.07.06 21:26:05.812,2.03174,2.03239,1.00,1.00
2008.07.06 21:26:07.141,2.03173,2.03238,1.00,2.10
2008.07.06 21:26:09.212,2.03174,2.03239,1.00,1.00
2008.07.06 21:26:09.607,2.03176,2.03241,1.00,1.00
2008.07.06 21:26:10.857,2.03177,2.03242,1.00,1.00
2008.07.06 21:26:10.977,2.0318,2.03245,1.00,1.00
2008.07.06 21:26:11.092,2.03183,2.03248,1.00,1.90
2008.07.06 21:26:13.132,2.03184,2.0325,1.00,1.20
2008.07.06 21:26:16.911,2.03185,2.0325,1.00,1.00
2008.07.06 21:26:18.820,2.03184,2.03249,1.00,1.00
2008.07.06 21:26:18.938,2.03182,2.03247,1.00,1.00
2008.07.06 21:26:23.487,2.03184,2.03249,1.00,1.00
2008.07.06 21:26:35.706,2.03182,2.03247,2.00,1.00
2008.07.06 21:26:38.387,2.03181,2.03246,1.00,1.00
2008.07.06 21:26:38.603,2.03182,2.03247,1.90,1.00
2008.07.06 21:26:38.935,2.03182,2.03247,3.70,2.10
2008.07.06 21:26:39.132,2.0318,2.03245,1.00,1.00
2008.07.06 21:26:41.111,2.03182,2.03242,1.00,1.00
2008.07.06 21:26:41.988,2.03178,2.03243,1.00,1.00
2008.07.06 21:26:42.191,2.03175,2.0324,1.90,2.10
2008.07.06 21:26:47.286,2.03174,2.03234,1.00,1.00
2008.07.06 21:27:02.880,2.03186,2.03246,1.90,1.00
2008.07.06 21:27:04.496,2.03178,2.03238,1.00,2.10
2008.07.06 21:27:04.749,2.03169,2.03229,1.00,1.00
2008.07.06 21:27:05.285,2.03157,2.03222,1.00,1.00
2008.07.06 21:27:08.358,2.03158,2.03218,1.00,1.00
2008.07.06 21:27:13.564,2.03157,2.03222,1.00,1.20
2008.07.06 21:27:16.318,2.03159,2.03224,2.70,1.00
2008.07.06 21:27:23.525,2.03164,2.03224,1.00,2.80
2008.07.06 21:27:34.768,2.03167,2.03227,3.60,2.10
2008.07.06 21:28:28.577,2.03172,2.03237,1.00,1.90
2008.07.06 21:28:31.463,2.03172,2.03232,1.00,1.00
2008.07.06 21:28:32.121,2.03171,2.03236,1.00,1.20
2008.07.06 21:28:32.394,2.03187,2.03232,1.90,2.10
2008.07.06 21:28:32.472,2.0319,2.03234,1.00,1.00
2008.07.06 21:28:33.577,2.0319,2.03225,1.00,2.80
2008.07.06 21:28:34.149,2.03188,2.03213,1.00,1.00
2008.07.06 21:28:40.319,2.03172,2.03212,1.00,1.00
2008.07.06 21:28:46.521,2.03159,2.03209,3.00,2.10
2008.07.06 21:28:56.988,2.03144,2.03209,1.00,1.00
2008.07.06 21:28:57.787,2.03141,2.03206,1.90,1.00
2008.07.06 21:29:14.766,2.03166,2.03232,1.00,1.00
2008.07.06 21:29:14.810,2.03165,2.03225,1.00,1.00
2008.07.06 21:29:22.534,2.03156,2.03221,1.00,1.00
2008.07.06 21:29:53.227,2.03158,2.03218,1.00,1.00
2008.07.06 21:29:53.612,2.0316,2.03225,1.90,1.00
2008.07.06 21:29:56.000,2.03165,2.03225,2.70,2.10
2008.07.06 21:29:56.443,2.03167,2.03232,1.00,2.80
2008.07.06 21:29:56.859,2.03175,2.0324,2.00,1.00
2008.07.06 21:29:56.971,2.03179,2.03245,1.00,1.00
2008.07.06 21:30:02.112,2.03186,2.0325,1.00,1.00
2008.07.06 21:30:02.507,2.03184,2.03249,1.00,3.30
2008.07.06 21:30:02.642,2.03182,2.03247,3.60,1.00
2008.07.06 21:30:33.359,2.03178,2.03243,1.00,1.00
2008.07.06 21:30:36.159,2.03174,2.03239,1.90,2.10
2008.07.06 21:30:54.668,2.0318,2.03235,1.00,1.00
2008.07.06 21:30:54.738,2.0318,2.0324,1.40,1.00
2008.07.06 21:30:58.632,2.03175,2.0324,1.00,1.00
2008.07.06 21:30:59.201,2.03172,2.03238,1.00,3.30
2008.07.06 21:31:01.659,2.03172,2.03232,2.00,1.00
2008.07.06 21:31:01.987,2.03175,2.0323,1.90,1.00
2008.07.06 21:31:04.282,2.03173,2.03223,1.00,1.90
2008.07.06 21:31:11.584,2.03165,2.03225,1.00,1.20
2008.07.06 21:31:22.003,2.03168,2.03223,2.00,1.00
2008.07.06 21:31:22.876,2.03167,2.03227,5.60,1.00
2008.07.06 21:31:23.816,2.03174,2.03224,2.70,1.20
2008.07.06 21:31:24.030,2.03176,2.03236,1.00,2.10
2008.07.06 21:31:25.188,2.03187,2.03227,1.00,1.00
2008.07.06 21:31:25.615,2.0318,2.03225,1.00,1.00
2008.07.06 21:31:25.951,2.03172,2.03227,1.00,4.00
2008.07.06 21:31:30.318,2.03169,2.03229,1.90,1.00
2008.07.06 21:31:48.971,2.03167,2.03232,1.00,1.00
2008.07.06 21:31:49.277,2.03167,2.03232,1.00,1.90
2008.07.06 21:31:55.606,2.03168,2.03233,2.70,2.80
2008.07.06 21:31:55.895,2.0317,2.0323,1.00,1.20
2008.07.06 21:32:03.707,2.03181,2.03245,1.00,1.00
2008.07.06 21:32:14.827,2.03175,2.0324,2.70,2.10
2008.07.06 21:32:45.973,2.03171,2.03236,1.00,1.00
2008.07.06 21:32:49.269,2.03168,2.03233,1.90,1.00
2008.07.06 21:32:51.769,2.03166,2.0323,2.80,1.00
2008.07.06 21:32:52.784,2.03172,2.03232,3.60,2.10
2008.07.06 21:32:53.246,2.03179,2.03239,1.00,1.20
2008.07.06 21:32:55.323,2.03182,2.03247,2.70,1.00
2008.07.06 21:32:55.551,2.03184,2.0325,1.00,2.80
2008.07.06 21:33:00.923,2.03173,2.03239,1.00,1.00
2008.07.06 21:33:00.970,2.03182,2.03247,2.70,1.20
2008.07.06 21:33:02.398,2.03192,2.03252,1.00,1.90
2008.07.06 21:33:10.819,2.03189,2.03254,1.00,1.00
2008.07.06 21:33:11.609,2.0319,2.0325,1.00,1.20
2008.07.06 21:33:11.675,2.03187,2.03252,1.00,1.00
2008.07.06 21:33:11.860,2.03189,2.03254,1.00,1.00
2008.07.06 21:33:12.110,2.03194,2.03259,1.00,1.00
2008.07.06 21:33:12.334,2.03193,2.03259,1.00,2.10
2008.07.06 21:33:17.328,2.03186,2.03251,1.00,2.10
2008.07.06 21:33:17.819,2.03184,2.03244,1.00,1.00
2008.07.06 21:33:19.574,2.0318,2.03245,1.00,1.20
2008.07.06 21:33:21.180,2.03176,2.03241,3.80,1.00
2008.07.06 21:33:23.305,2.03172,2.03237,1.00,1.00
2008.07.06 21:33:23.351,2.03167,2.03227,2.00,1.00
2008.07.06 21:33:38.494,2.03158,2.03223,3.60,1.00
2008.07.06 21:33:39.320,2.03159,2.03219,1.00,1.00
2008.07.06 21:33:42.280,2.03161,2.03226,1.00,1.20
2008.07.06 21:33:52.768,2.03164,2.03229,1.00,1.00
2008.07.06 21:33:54.340,2.03168,2.03233,1.00,2.10
2008.07.06 21:33:55.340,2.03169,2.03234,1.00,1.00
2008.07.06 21:33:55.827,2.03173,2.03233,1.00,1.00
2008.07.06 21:33:56.945,2.03174,2.03239,1.00,1.00
2008.07.06 21:33:57.186,2.03174,2.03239,1.90,1.00
2008.07.06 21:33:58.429,2.03175,2.0324,1.00,1.00
2008.07.06 21:33:58.719,2.03176,2.03241,1.00,1.00
2008.07.06 21:34:01.688,2.03187,2.03251,1.90,1.00
2008.07.06 21:34:01.897,2.03183,2.03248,2.00,2.10
2008.07.06 21:34:02.052,2.03182,2.03242,1.00,3.30
2008.07.06 21:34:04.558,2.03182,2.03237,1.00,1.00
2008.07.06 21:34:06.497,2.03185,2.03245,1.00,1.00
2008.07.06 21:34:06.630,2.03194,2.03254,1.00,1.90
2008.07.06 21:34:06.811,2.03194,2.0326,3.80,1.00
2008.07.06 21:34:07.142,2.03191,2.03251,1.00,1.00
2008.07.06 21:34:10.988,2.03187,2.03242,1.00,2.80
2008.07.06 21:34:11.185,2.03183,2.03233,1.00,1.00
2008.07.06 21:34:11.479,2.03176,2.03216,1.00,1.00
2008.07.06 21:34:14.547,2.0315,2.0321,1.00,1.00
2008.07.06 21:34:14.962,2.03149,2.03203,2.00,1.00
2008.07.06 21:34:31.588,2.03158,2.03223,1.00,1.00
2008.07.06 21:34:31.921,2.03176,2.03236,2.70,1.20
2008.07.06 21:34:32.301,2.03183,2.03248,1.00,1.00
2008.07.06 21:34:53.354,2.03189,2.03254,2.00,1.00
2008.07.06 21:34:57.505,2.03193,2.03258,2.00,1.00
2008.07.06 21:34:57.917,2.03195,2.0326,3.60,1.00
2008.07.06 21:35:01.036,2.03173,2.03223,1.00,5.20
2008.07.06 21:35:01.235,2.03152,2.03217,1.00,1.20
2008.07.06 21:35:01.875,2.03141,2.03206,1.20,1.00
2008.07.06 21:35:02.237,2.03137,2.03197,2.10,1.00
2008.07.06 21:35:04.226,2.03128,2.03193,1.00,1.00
2008.07.06 21:35:06.409,2.03121,2.03186,1.00,1.00
2008.07.06 21:35:06.629,2.03113,2.03178,3.00,2.10
2008.07.06 21:35:06.746,2.03121,2.03181,1.00,1.00
2008.07.06 21:35:08.027,2.03139,2.03199,1.00,1.00
2008.07.06 21:35:08.418,2.0315,2.03215,1.90,1.00
2008.07.06 21:35:08.848,2.03155,2.0322,1.00,1.00
2008.07.06 21:35:22.170,2.03153,2.03218,1.00,1.00
2008.07.06 21:35:22.534,2.03149,2.03214,1.00,1.00
2008.07.06 21:35:23.769,2.03147,2.03212,1.00,1.00
2008.07.06 21:35:27.504,2.03151,2.03216,1.00,1.00
2008.07.06 21:35:28.054,2.03155,2.0322,1.00,1.00
2008.07.06 21:35:28.264,2.03164,2.03229,1.00,2.10
2008.07.06 21:35:28.455,2.03178,2.03238,1.00,1.20
2008.07.06 21:35:28.701,2.03178,2.03238,1.90,1.00
2008.07.06 21:35:28.836,2.03162,2.03227,1.00,2.80
2008.07.06 21:35:29.146,2.03149,2.03214,5.60,1.00
2008.07.06 21:35:29.216,2.03142,2.03207,2.00,1.00
2008.07.06 21:35:31.763,2.03141,2.03196,1.00,1.00
2008.07.06 21:35:32.084,2.03137,2.03197,1.00,1.00
2008.07.06 21:35:38.161,2.03137,2.03202,1.00,1.00
2008.07.06 21:35:38.251,2.03142,2.03202,1.00,3.30
2008.07.06 21:35:38.327,2.03147,2.03202,1.00,1.00
2008.07.06 21:35:44.430,2.03148,2.03213,1.00,1.00
2008.07.06 21:35:46.329,2.03156,2.03221,1.00,2.10
2008.07.06 21:35:50.996,2.0316,2.03226,2.70,1.20
2008.07.06 21:36:11.333,2.03194,2.03259,1.00,1.90
2008.07.06 21:36:15.592,2.03192,2.03252,4.90,1.00
2008.07.06 21:36:23.498,2.03184,2.03249,1.90,1.00
2008.07.06 21:36:23.795,2.03183,2.03243,2.80,1.00
2008.07.06 21:36:25.477,2.03182,2.03242,1.00,1.00
2008.07.06 21:36:26.389,2.03183,2.03238,2.70,1.00
2008.07.06 21:36:28.517,2.03178,2.03238,1.00,1.00
2008.07.06 21:36:29.608,2.03172,2.03237,1.00,1.00
2008.07.06 21:36:30.188,2.03167,2.03232,1.00,1.20
2008.07.06 21:36:30.536,2.03163,2.03223,2.00,1.00
2008.07.06 21:36:31.790,2.03162,2.03222,1.00,1.00
2008.07.06 21:36:33.190,2.03165,2.0323,1.00,1.00
2008.07.06 21:36:34.414,2.03168,2.03233,1.00,1.00
2008.07.06 21:36:34.736,2.03169,2.03229,1.00,5.70
2008.07.06 21:36:35.214,2.03174,2.03224,1.00,1.00
2008.07.06 21:36:35.367,2.03182,2.03227,1.00,1.00
2008.07.06 21:36:35.604,2.03185,2.03235,1.00,4.00
2008.07.06 21:36:35.751,2.03188,2.03228,1.00,4.00
2008.07.06 21:36:36.076,2.03182,2.03227,1.00,1.20
2008.07.06 21:36:36.948,2.03173,2.03233,1.00,1.00
2008.07.06 21:36:38.488,2.03172,2.03237,1.90,1.00
2008.07.06 21:36:39.446,2.03174,2.03239,3.60,1.00
2008.07.06 21:36:39.480,2.03175,2.0324,3.80,1.00
2008.07.06 21:36:39.524,2.03177,2.03242,1.00,2.80
2008.07.06 21:36:43.033,2.03182,2.03237,1.00,1.00
2008.07.06 21:36:44.920,2.03177,2.03237,1.00,1.00
2008.07.06 21:36:44.993,2.03178,2.03233,1.00,1.00
2008.07.06 21:36:45.081,2.03176,2.03231,1.00,1.90
2008.07.06 21:36:47.891,2.03168,2.03228,5.60,1.00
2008.07.06 21:36:59.130,2.03165,2.03225,1.00,1.00
2008.07.06 21:37:05.543,2.03156,2.03216,3.60,1.00
2008.07.06 21:37:13.741,2.03139,2.03199,1.00,4.00
2008.07.06 21:37:20.429,2.03134,2.03194,1.90,1.00
2008.07.06 21:37:20.688,2.03149,2.03209,1.00,1.00
2008.07.06 21:37:22.411,2.03158,2.03218,1.00,1.00
2008.07.06 21:37:44.354,2.03152,2.03212,1.00,1.00
2008.07.06 21:37:50.093,2.03141,2.03206,1.00,1.00
2008.07.06 21:37:50.289,2.0314,2.03205,1.20,1.00
2008.07.06 21:37:54.242,2.03148,2.03208,1.00,1.90
2008.07.06 21:37:54.419,2.03152,2.03212,1.00,1.00
2008.07.06 21:38:02.398,2.03177,2.03237,3.60,1.00
2008.07.06 21:38:05.177,2.03172,2.03237,2.70,2.80
2008.07.06 21:38:07.225,2.03174,2.03234,1.00,1.00
2008.07.06 21:38:12.152,2.03173,2.03233,1.00,1.00
2008.07.06 21:38:12.186,2.03172,2.03232,1.00,1.00
2008.07.06 21:38:15.948,2.0317,2.03235,3.60,1.00
2008.07.06 21:38:17.184,2.03171,2.03236,1.00,2.10
2008.07.06 21:38:17.403,2.03175,2.03235,1.00,1.00
2008.07.06 21:38:17.527,2.03176,2.03236,1.00,3.30
2008.07.06 21:38:23.351,2.03173,2.03233,1.00,1.00
2008.07.06 21:38:23.600,2.03174,2.03229,1.00,1.00
2008.07.06 21:38:24.961,2.03169,2.03234,1.00,3.30
2008.07.06 21:38:26.585,2.03168,2.03233,1.00,2.10
2008.07.06 21:38:27.143,2.03172,2.03232,2.70,1.00
2008.07.06 21:38:29.424,2.03171,2.03231,1.00,1.00
2008.07.06 21:38:29.635,2.03169,2.03229,2.00,2.10
2008.07.06 21:38:29.962,2.03166,2.03231,1.00,1.00
2008.07.06 21:38:34.047,2.03167,2.03232,1.00,1.00
2008.07.06 21:38:34.261,2.03165,2.0323,1.00,1.00
2008.07.06 21:38:37.546,2.03168,2.03228,2.70,1.00
2008.07.06 21:38:39.021,2.03166,2.03231,1.00,1.00
2008.07.06 21:38:39.147,2.03164,2.03229,1.00,1.20
2008.07.06 21:38:39.542,2.03163,2.03223,1.00,1.00
2008.07.06 21:39:19.322,2.03153,2.03218,1.00,1.00
2008.07.06 21:39:20.702,2.03154,2.03214,1.00,1.00
2008.07.06 21:39:20.840,2.03156,2.03216,1.00,1.00
2008.07.06 21:39:32.047,2.03157,2.03222,1.90,1.00
2008.07.06 21:39:34.778,2.03159,2.03224,1.00,1.00
2008.07.06 21:39:35.095,2.03156,2.03221,1.00,1.00
2008.07.06 21:39:35.171,2.03153,2.03218,1.00,1.20
2008.07.06 21:39:36.883,2.03154,2.03219,1.00,2.80
2008.07.06 21:39:37.049,2.0316,2.0322,1.00,1.00
2008.07.06 21:39:39.022,2.03166,2.03231,1.90,1.00
2008.07.06 21:39:39.062,2.03179,2.03244,2.70,1.00
2008.07.06 21:39:49.764,2.03184,2.03249,4.90,1.00
2008.07.06 21:39:49.895,2.03185,2.03245,1.00,1.20
2008.07.06 21:39:51.397,2.03181,2.03246,1.00,2.40
2008.07.06 21:39:51.715,2.03181,2.03246,3.00,1.00
2008.07.06 21:39:52.581,2.03182,2.03247,1.00,1.00
2008.07.06 21:39:55.906,2.03183,2.03243,1.00,1.00
2008.07.06 21:39:56.705,2.03177,2.03242,1.00,1.00
2008.07.06 21:39:57.862,2.03166,2.03231,2.70,2.10
2008.07.06 21:39:59.268,2.0315,2.03215,1.00,1.00
2008.07.06 21:39:59.442,2.03142,2.03202,2.00,1.00
2008.07.06 21:40:15.905,2.03202,2.03268,1.90,1.00
2008.07.06 21:40:16.133,2.03194,2.03259,1.00,1.00
2008.07.06 21:40:17.073,2.03187,2.03252,1.00,1.00
2008.07.06 21:40:19.807,2.03183,2.03248,1.00,1.00
2008.07.06 21:40:20.049,2.03185,2.0325,1.00,2.80
2008.07.06 21:40:20.731,2.0319,2.0325,1.00,1.00
2008.07.06 21:40:20.863,2.03191,2.03256,1.00,1.00
2008.07.06 21:40:21.018,2.03189,2.03254,1.00,1.90
2008.07.06 21:40:21.753,2.03182,2.03247,1.00,1.00
2008.07.06 21:40:21.938,2.0318,2.0324,2.00,1.00
2008.07.06 21:40:22.511,2.03181,2.03241,1.90,1.00
2008.07.06 21:40:22.678,2.03182,2.03247,1.00,4.00
2008.07.06 21:40:23.043,2.03187,2.03247,1.00,1.00
2008.07.06 21:40:26.437,2.03186,2.03251,2.00,2.10
2008.07.06 21:40:28.664,2.03187,2.03252,1.00,1.00
2008.07.06 21:40:28.844,2.03188,2.03253,1.00,1.00
2008.07.06 21:40:29.863,2.03187,2.03252,1.90,1.00
2008.07.06 21:40:31.019,2.03186,2.03251,1.00,1.00
2008.07.06 21:40:31.234,2.03188,2.03248,2.70,2.10
2008.07.06 21:40:31.639,2.03185,2.0325,1.00,1.00
2008.07.06 21:40:44.758,2.03188,2.03248,1.00,2.10
2008.07.06 21:40:50.080,2.03188,2.03248,1.00,2.80
2008.07.06 21:40:51.175,2.03186,2.03246,1.00,1.00
2008.07.06 21:40:55.056,2.03181,2.03246,1.00,1.00
2008.07.06 21:41:04.155,2.03155,2.03215,1.00,1.20
2008.07.06 21:41:04.220,2.0314,2.03195,5.60,1.00
2008.07.06 21:41:04.718,2.03139,2.03193,1.90,1.00
2008.07.06 21:41:04.792,2.03157,2.03207,3.70,1.00
2008.07.06 21:41:27.921,2.03159,2.03224,2.70,1.00
2008.07.06 21:41:38.608,2.03155,2.0322,1.00,2.10
2008.07.06 21:41:40.676,2.03157,2.03211,2.70,1.00
2008.07.06 21:42:04.475,2.03195,2.03255,1.00,1.00
2008.07.06 21:42:04.620,2.03191,2.03251,2.70,1.00
2008.07.06 21:42:07.669,2.03195,2.03245,1.00,1.00
2008.07.06 21:42:07.838,2.03186,2.03251,1.00,5.20
2008.07.06 21:42:08.009,2.03182,2.03247,1.00,1.00
2008.07.06 21:42:08.262,2.03176,2.03241,1.00,1.00
2008.07.06 21:42:08.515,2.03175,2.03235,1.00,1.00
2008.07.06 21:42:09.094,2.03179,2.03229,2.00,1.00
2008.07.06 21:42:25.765,2.03174,2.03234,1.00,1.00
2008.07.06 21:42:34.620,2.03179,2.03234,1.00,1.20
2008.07.06 21:42:36.785,2.03178,2.03233,1.00,1.00
2008.07.06 21:42:39.062,2.0317,2.0323,1.00,1.00
2008.07.06 21:42:55.300,2.03163,2.03228,2.00,2.10
2008.07.06 21:43:04.289,2.03158,2.03222,1.00,1.00
2008.07.06 21:43:21.129,2.0316,2.0322,5.50,1.00
2008.07.06 21:43:22.067,2.03158,2.03223,2.00,1.00
2008.07.06 21:43:24.406,2.03159,2.03219,1.90,2.10
2008.07.06 21:43:27.503,2.03156,2.03221,1.00,1.00
2008.07.06 21:43:28.127,2.03159,2.03224,1.00,1.00
2008.07.06 21:43:30.815,2.0316,2.03225,1.00,2.80
2008.07.06 21:43:31.637,2.0316,2.0322,1.00,1.00
2008.07.06 21:43:32.354,2.03157,2.03221,1.00,2.80
2008.07.06 21:43:35.619,2.03159,2.03224,1.00,1.00
2008.07.06 21:43:37.773,2.03161,2.03226,1.00,1.00
2008.07.06 21:43:41.529,2.03162,2.03227,1.00,1.00
2008.07.06 21:43:42.943,2.03167,2.03227,1.00,2.10
2008.07.06 21:43:48.967,2.03169,2.03229,1.00,1.00
2008.07.06 21:43:49.070,2.03174,2.03234,1.00,1.20
2008.07.06 21:44:01.810,2.03168,2.03233,1.00,1.00
2008.07.06 21:44:01.945,2.03165,2.0321,1.00,2.80
2008.07.06 21:44:01.999,2.03149,2.03199,1.00,1.00
2008.07.06 21:44:03.341,2.03137,2.03187,1.00,2.10
2008.07.06 21:44:03.618,2.0314,2.03175,1.90,2.10
2008.07.06 21:44:05.488,2.03125,2.0319,1.00,1.00
2008.07.06 21:44:12.715,2.03131,2.03196,1.00,1.00
2008.07.06 21:44:12.785,2.03134,2.03199,1.00,1.00
2008.07.06 21:44:13.334,2.03133,2.03198,5.60,1.00
2008.07.06 21:44:21.284,2.03129,2.03194,4.80,1.00
2008.07.06 21:44:21.496,2.03129,2.03189,1.00,1.00
2008.07.06 21:44:21.629,2.03128,2.03188,1.00,2.80
2008.07.06 21:44:22.095,2.03123,2.03188,1.90,1.00
2008.07.06 21:44:29.138,2.03116,2.03181,1.00,1.00
2008.07.06 21:44:29.291,2.03119,2.03185,5.70,1.00
2008.07.06 21:44:29.433,2.03137,2.03202,2.00,1.00
2008.07.06 21:44:31.149,2.0315,2.03215,1.00,1.00
2008.07.06 21:44:34.449,2.03161,2.03216,2.00,2.10
2008.07.06 21:44:34.610,2.03153,2.03218,1.00,1.00
2008.07.06 21:44:34.815,2.03149,2.03209,1.00,1.00
2008.07.06 21:44:35.077,2.03147,2.03207,1.00,1.20
2008.07.06 21:44:36.231,2.03157,2.03217,3.00,1.00
2008.07.06 21:44:36.776,2.03177,2.03237,2.70,1.00
2008.07.06 21:44:37.347,2.03191,2.03247,5.60,1.00
2008.07.06 21:44:37.888,2.03183,2.03243,1.00,1.00
2008.07.06 21:44:41.822,2.03166,2.03231,1.00,1.00
2008.07.06 21:44:42.009,2.03153,2.03218,1.00,1.00
2008.07.06 21:44:42.523,2.03144,2.03209,1.00,1.00
2008.07.06 21:44:42.788,2.03141,2.03206,1.00,1.20
2008.07.06 21:44:46.748,2.03141,2.03206,1.00,2.10
2008.07.06 21:44:46.836,2.03146,2.03206,1.00,1.00
2008.07.06 21:44:46.993,2.03149,2.03214,1.00,1.00
2008.07.06 21:44:47.260,2.0316,2.0322,1.00,2.80
2008.07.06 21:44:47.838,2.03166,2.03231,3.80,1.00
2008.07.06 21:44:48.188,2.03174,2.03234,1.00,2.80
2008.07.06 21:44:48.757,2.03184,2.03234,1.00,1.00
2008.07.06 21:44:56.492,2.03179,2.03239,1.00,1.90
2008.07.06 21:45:29.433,2.0319,2.0336,7.20,4.80
2008.07.06 21:45:34.165,2.0321,2.0335,1.00,4.80
2008.07.06 21:45:35.690,2.032,2.0335,7.20,4.80
2008.07.06 21:45:36.495,2.0319,2.0336,7.20,4.80
2008.07.06 21:46:10.438,2.0319,2.0336,8.10,4.80
2008.07.06 21:46:10.596,2.032,2.0336,1.00,4.80
2008.07.06 21:46:10.757,2.0321,2.0335,1.00,4.80
2008.07.06 21:46:13.026,2.0322,2.0335,1.00,4.80
2008.07.06 21:46:13.163,2.032,2.0335,8.10,4.80
2008.07.06 21:46:13.377,2.032,2.0335,7.20,4.80
2008.07.06 21:46:13.585,2.0319,2.0335,7.20,4.80
2008.07.06 21:46:14.806,2.0319,2.0336,7.20,4.80
2008.07.06 21:46:31.037,2.0319,2.0335,7.20,4.80
2008.07.06 21:46:32.869,2.0319,2.0336,7.20,4.80
2008.07.06 21:47:07.600,2.032,2.0336,7.20,4.80
2008.07.06 21:47:08.659,2.032,2.0336,7.20,12.00
2008.07.06 21:47:18.068,2.032,2.0336,13.90,12.00
2008.07.06 21:47:18.283,2.0321,2.0336,1.00,12.00
2008.07.06 21:47:20.095,2.0322,2.0336,1.00,12.00
2008.07.06 21:47:20.592,2.0322,2.0336,1.00,4.80
2008.07.06 21:47:21.620,2.0322,2.0336,1.00,12.00
2008.07.06 21:47:22.676,2.032,2.0336,12.00,12.00
2008.07.06 21:47:22.865,2.032,2.0336,7.20,12.00
2008.07.06 21:47:25.867,2.032,2.0336,13.90,12.00
2008.07.06 21:47:26.017,2.0321,2.0336,1.00,12.00
2008.07.06 21:47:27.063,2.0322,2.0336,1.00,12.00
2008.07.06 21:47:28.366,2.032,2.0336,8.10,12.00
2008.07.06 21:47:28.526,2.032,2.0336,7.20,12.00
2008.07.06 21:47:42.383,2.032,2.0334,7.20,4.80
2008.07.06 21:47:42.516,2.0318,2.0334,7.20,4.80
2008.07.06 21:47:43.798,2.0318,2.0335,7.20,7.20
2008.07.06 21:47:44.523,2.0318,2.0336,7.20,12.00
2008.07.06 21:47:45.175,2.0323,2.0336,1.00,12.00
2008.07.06 21:47:46.302,2.032,2.0336,1.00,12.00
2008.07.06 21:47:46.571,2.0319,2.0336,7.20,12.00
2008.07.06 21:47:47.447,2.032,2.0336,7.20,12.00
2008.07.06 21:47:48.732,2.032,2.0334,7.20,4.80
2008.07.06 21:47:49.711,2.032,2.0336,7.20,12.00
2008.07.06 21:47:50.001,2.032,2.0336,7.20,7.20
2008.07.06 21:47:50.761,2.032,2.0336,7.20,12.00
2008.07.06 21:48:20.802,2.032,2.0335,7.20,1.00
2008.07.06 21:49:42.374,2.0319,2.0335,12.00,1.00
2008.07.06 21:49:42.535,2.032,2.0335,4.80,1.00
2008.07.06 21:49:44.382,2.032,2.0335,5.70,1.00
2008.07.06 21:49:44.663,2.032,2.0335,12.90,1.00
2008.07.06 21:49:47.050,2.032,2.0335,12.00,1.00
2008.07.06 21:49:47.212,2.032,2.0335,7.20,1.00
2008.07.06 21:49:47.543,2.0319,2.0335,12.00,1.00
2008.07.06 21:49:47.782,2.0319,2.0335,7.20,1.00
2008.07.06 21:49:49.952,2.032,2.0335,7.20,1.00
2008.07.06 21:50:22.305,2.032,2.0335,7.20,4.80
2008.07.06 21:50:22.410,2.0318,2.0335,1.00,5.70
2008.07.06 21:50:28.912,2.0318,2.0335,1.00,4.80
2008.07.06 21:50:29.071,2.0318,2.0337,5.70,4.80
2008.07.06 21:50:29.221,2.0318,2.0335,5.70,1.00
2008.07.06 21:50:29.581,2.0318,2.0335,12.90,1.00
2008.07.06 21:50:30.750,2.0319,2.0335,7.20,1.00
2008.07.06 21:50:32.659,2.032,2.0335,7.20,1.00
2008.07.06 21:51:23.587,2.0321,2.0335,7.20,1.00
2008.07.06 21:52:07.181,2.032,2.03266,1.00,1.00
2008.07.06 21:52:10.208,2.03196,2.03256,2.00,1.90
2008.07.06 21:52:10.313,2.0319,2.03255,1.00,6.00
2008.07.06 21:52:12.271,2.0319,2.0325,1.00,2.10
2008.07.06 21:52:12.624,2.03183,2.03248,1.00,1.90
2008.07.06 21:52:12.770,2.03182,2.03247,1.00,4.00
2008.07.06 21:52:15.937,2.03182,2.03242,1.00,1.00
2008.07.06 21:52:16.256,2.03179,2.03244,1.00,4.00
2008.07.06 21:52:16.510,2.0318,2.0324,1.00,1.00
2008.07.06 21:52:18.361,2.03175,2.0324,1.00,1.00
2008.07.06 21:52:18.505,2.03176,2.03231,1.20,1.00
2008.07.06 21:52:18.951,2.03178,2.03228,1.00,1.00
2008.07.06 21:52:20.787,2.03173,2.03238,1.00,1.00
2008.07.06 21:52:20.968,2.03181,2.03236,1.00,1.90
2008.07.06 21:52:21.147,2.03182,2.03237,1.00,1.90
2008.07.06 21:52:21.325,2.03178,2.03238,1.00,1.00
2008.07.06 21:52:21.506,2.03173,2.03233,1.00,3.30
2008.07.06 21:52:21.689,2.03173,2.03233,1.00,1.00
2008.07.06 21:52:23.008,2.03174,2.03234,1.00,1.00
2008.07.06 21:52:24.077,2.0318,2.0322,1.20,3.10
2008.07.06 21:52:24.332,2.0318,2.03215,1.00,1.00
2008.07.06 21:52:25.006,2.0317,2.03225,3.00,1.00
2008.07.06 21:52:26.934,2.03171,2.03231,1.00,1.00
2008.07.06 21:52:27.098,2.03172,2.03237,1.00,1.00
2008.07.06 21:52:27.233,2.0317,2.03235,1.00,1.90
2008.07.06 21:52:28.628,2.03175,2.03235,1.00,1.00
2008.07.06 21:52:28.855,2.03177,2.03242,1.00,2.10
2008.07.06 21:52:28.978,2.03184,2.03234,1.00,3.30
2008.07.06 21:52:30.911,2.03178,2.03238,1.00,1.00
2008.07.06 21:52:30.943,2.03178,2.03233,1.00,1.00
2008.07.06 21:52:31.099,2.03174,2.03229,1.00,1.00
2008.07.06 21:52:32.389,2.03179,2.03224,1.00,1.00
2008.07.06 21:52:34.353,2.03188,2.03228,1.00,1.90
2008.07.06 21:52:34.899,2.03199,2.03239,1.00,2.10
2008.07.06 21:52:36.409,2.03208,2.03243,1.00,1.00
2008.07.06 21:52:36.572,2.03208,2.03238,4.90,1.00
2008.07.06 21:52:41.332,2.03195,2.03235,1.00,1.00
2008.07.06 21:52:41.522,2.03174,2.03239,2.00,1.00
2008.07.06 21:52:41.627,2.03182,2.03222,1.00,1.90
2008.07.06 21:52:42.880,2.03178,2.03218,1.00,1.00
2008.07.06 21:52:45.493,2.03175,2.0322,1.00,1.00
2008.07.06 21:52:49.850,2.03178,2.03228,1.00,6.70
2008.07.06 21:52:50.719,2.03187,2.03232,1.00,1.00
2008.07.06 21:52:50.833,2.0318,2.03245,1.40,2.10
2008.07.06 21:52:51.096,2.03183,2.03243,1.00,4.00
2008.07.06 21:52:51.860,2.03177,2.03242,1.00,1.00
2008.07.06 21:52:53.115,2.03179,2.03229,1.00,1.00
2008.07.06 21:52:53.174,2.03168,2.03233,1.40,2.10
2008.07.06 21:52:53.465,2.0317,2.0323,1.00,1.20
2008.07.06 21:52:53.698,2.03165,2.03225,1.00,2.80
2008.07.06 21:52:53.991,2.03156,2.0322,2.70,1.00
2008.07.06 21:53:01.144,2.0321,2.0327,1.00,2.10
2008.07.06 21:53:22.064,2.03208,2.03274,1.40,1.20
2008.07.06 21:53:22.204,2.03209,2.03275,1.00,1.20
2008.07.06 21:53:23.319,2.03209,2.03275,1.00,1.00
2008.07.06 21:53:23.873,2.03209,2.03275,1.00,1.90
2008.07.06 21:53:23.933,2.03209,2.03275,1.00,1.00
2008.07.06 21:53:28.197,2.03209,2.03275,1.00,1.00
2008.07.06 21:53:28.682,2.03209,2.03275,1.00,1.20
2008.07.06 21:53:29.079,2.03214,2.03274,1.00,1.20
2008.07.06 21:53:31.462,2.03209,2.03275,1.00,2.80
2008.07.06 21:53:32.103,2.03209,2.03275,1.00,1.00
2008.07.06 21:53:32.336,2.03213,2.03273,1.00,3.10
2008.07.06 21:53:47.325,2.03213,2.03273,1.00,1.00
2008.07.06 21:53:52.445,2.03209,2.03275,1.00,1.90
2008.07.06 21:53:52.826,2.03209,2.03275,1.00,1.20
2008.07.06 21:53:53.415,2.03209,2.03275,1.00,1.20
2008.07.06 21:53:53.709,2.03209,2.03275,1.00,1.90
2008.07.06 21:53:55.019,2.03212,2.03272,1.00,1.00
2008.07.06 21:53:55.203,2.03213,2.03273,1.20,1.00
2008.07.06 21:53:55.348,2.03213,2.03273,2.70,1.00
2008.07.06 21:53:55.531,2.03215,2.03275,1.00,1.00
2008.07.06 21:53:55.949,2.03222,2.03272,1.00,1.90
2008.07.06 21:54:00.960,2.03194,2.03254,1.00,1.90
2008.07.06 21:54:01.470,2.032,2.03255,1.00,1.00
2008.07.06 21:54:01.538,2.03202,2.03262,1.00,1.90
2008.07.06 21:54:03.747,2.03205,2.0326,2.70,1.00
2008.07.06 21:54:04.096,2.03209,2.03259,1.00,1.00
2008.07.06 21:54:04.464,2.03216,2.03256,1.00,1.00
2008.07.06 21:54:05.668,2.03209,2.03264,1.00,1.00
2008.07.06 21:54:05.956,2.03214,2.03254,1.00,1.20
2008.07.06 21:54:07.366,2.03202,2.03257,1.00,2.10
2008.07.06 21:54:08.796,2.032,2.0325,1.00,1.00
2008.07.06 21:54:09.062,2.03202,2.03242,1.00,3.10
2008.07.06 21:54:09.939,2.03194,2.03249,1.00,5.20
2008.07.06 21:54:16.597,2.03195,2.0325,1.00,1.90
2008.07.06 21:54:16.933,2.03194,2.03254,1.20,3.10
2008.07.06 21:54:17.201,2.03204,2.03254,1.00,1.00
2008.07.06 21:54:24.910,2.03206,2.03256,1.00,1.20
2008.07.06 21:54:25.142,2.03207,2.03252,1.00,1.20
2008.07.06 21:54:26.261,2.03197,2.03257,1.00,1.90
2008.07.06 21:54:33.702,2.03195,2.03255,1.00,1.90
2008.07.06 21:54:33.980,2.03196,2.03256,1.00,1.00
2008.07.06 21:54:34.096,2.03195,2.03255,1.00,1.00
2008.07.06 21:54:37.053,2.032,2.0325,1.00,1.00
2008.07.06 21:54:37.189,2.03202,2.03247,1.00,4.30
2008.07.06 21:54:37.399,2.03204,2.03244,1.00,4.00
2008.07.06 21:54:37.636,2.03201,2.03251,3.60,1.00
2008.07.06 21:54:39.259,2.032,2.0326,3.60,1.00
2008.07.06 21:54:39.387,2.03206,2.03261,1.00,2.80
2008.07.06 21:54:39.525,2.03206,2.03261,1.00,1.90
2008.07.06 21:54:39.886,2.03205,2.03265,1.00,1.00
2008.07.06 21:54:40.366,2.03212,2.03252,1.00,1.90
2008.07.06 21:54:40.978,2.03198,2.03263,2.00,1.00
2008.07.06 21:54:41.199,2.032,2.0326,1.00,2.80
2008.07.06 21:54:45.358,2.03198,2.03263,1.00,1.00
2008.07.06 21:54:45.583,2.03202,2.03262,1.00,2.10
2008.07.06 21:54:45.678,2.03201,2.03261,1.00,1.00
2008.07.06 21:54:45.847,2.03199,2.03264,1.00,3.30
2008.07.06 21:54:46.299,2.03197,2.03262,1.00,1.00
2008.07.06 21:54:46.427,2.03195,2.0326,1.00,1.00
2008.07.06 21:54:47.525,2.03197,2.03262,1.00,1.00
2008.07.06 21:54:49.119,2.03196,2.03261,1.00,2.10
2008.07.06 21:54:49.584,2.03198,2.03263,1.00,2.10
2008.07.06 21:54:50.022,2.03202,2.03262,1.00,2.40
2008.07.06 21:54:51.817,2.032,2.03265,1.00,1.00
2008.07.06 21:54:51.927,2.03199,2.03264,1.00,2.40
2008.07.06 21:54:52.036,2.03201,2.03261,1.00,1.00
2008.07.06 21:54:52.246,2.03201,2.03266,1.00,1.00
2008.07.06 21:54:52.353,2.03207,2.03267,1.00,1.20
2008.07.06 21:55:13.436,2.032,2.0335,7.20,1.00
2008.07.06 21:55:29.542,2.0321,2.0335,7.20,1.00
2008.07.06 21:55:58.600,2.0322,2.0335,7.20,1.00
2008.07.06 21:56:01.114,2.0322,2.0335,7.20,1.00
2008.07.06 21:56:02.600,2.0322,2.0335,7.20,1.00
2008.07.06 21:56:03.658,2.0323,2.0335,7.20,1.00
2008.07.06 21:56:04.613,2.0323,2.0335,7.20,1.00
2008.07.06 21:56:05.691,2.0323,2.0335,7.20,1.00
2008.07.06 21:56:06.639,2.0323,2.0335,7.20,1.00
2008.07.06 21:56:07.606,2.0323,2.0335,7.20,1.00
2008.07.06 21:56:09.616,2.0323,2.0335,7.20,1.00
2008.07.06 21:56:26.228,2.033,2.0335,1.00,1.00
2008.07.06 21:56:26.562,2.0323,2.0335,7.20,1.00
2008.07.06 21:56:26.669,2.0327,2.0335,1.00,1.00
2008.07.06 21:56:26.773,2.0328,2.0335,1.00,1.00
2008.07.06 21:56:26.891,2.0325,2.0335,1.00,1.00
2008.07.06 21:56:27.014,2.0326,2.0335,1.00,1.00
2008.07.06 21:56:27.310,2.0325,2.0335,1.00,1.00
2008.07.06 21:56:27.429,2.0323,2.0335,12.00,1.00
2008.07.06 21:56:27.636,2.0324,2.0335,1.00,1.00
2008.07.06 21:56:43.025,2.0325,2.0335,1.00,1.00
2008.07.06 21:56:56.319,2.0323,2.0335,12.70,1.00
2008.07.06 21:56:58.878,2.0323,2.0339,12.70,4.80
2008.07.06 21:56:59.212,2.0324,2.034,4.80,12.00
2008.07.06 21:56:59.512,2.0325,2.034,4.80,7.20
2008.07.06 21:56:59.641,2.0325,2.0342,4.80,12.00
2008.07.06 21:57:00.029,2.0325,2.0342,5.70,12.00
2008.07.06 21:57:00.718,2.0325,2.0342,12.90,12.00
2008.07.06 21:57:01.320,2.0326,2.0342,1.00,12.00
2008.07.06 21:57:01.348,2.0326,2.0342,1.60,12.00
2008.07.06 21:57:01.429,2.0325,2.0342,12.00,12.00
2008.07.06 21:57:02.604,2.0326,2.0342,7.20,12.00
2008.07.06 21:57:04.199,2.0327,2.0342,1.00,12.00
2008.07.06 21:57:04.306,2.0327,2.0342,1.00,7.20
2008.07.06 21:57:04.478,2.0328,2.0343,1.00,12.00
2008.07.06 21:57:06.253,2.0329,2.0343,1.00,12.00
2008.07.06 21:57:08.727,2.0329,2.0342,1.00,4.80
2008.07.06 21:57:09.475,2.0327,2.0341,1.00,4.80
2008.07.06 21:57:09.720,2.0327,2.0339,1.00,4.80
2008.07.06 21:57:11.303,2.0326,2.0339,1.00,4.80
2008.07.06 21:57:13.119,2.0326,2.034,1.00,4.80
2008.07.06 21:57:17.544,2.0325,2.034,1.00,4.80
2008.07.06 21:57:17.674,2.0324,2.0339,1.00,4.80
2008.07.06 21:57:17.804,2.0324,2.0339,1.60,4.80
2008.07.06 21:57:18.064,2.0324,2.034,1.00,4.80
2008.07.06 21:57:18.314,2.0324,2.0339,1.00,4.80
2008.07.06 21:57:20.610,2.0324,2.0339,1.00,12.00
2008.07.06 21:57:28.702,2.0324,2.034,1.00,12.00
2008.07.06 21:57:30.278,2.0323,2.034,7.20,12.00
2008.07.06 21:57:30.595,2.0322,2.034,5.70,4.80
2008.07.06 21:57:31.671,2.0323,2.034,7.20,12.00
2008.07.06 21:57:32.210,2.0323,2.034,8.10,12.00
2008.07.06 21:57:33.606,2.0324,2.034,7.20,12.00
2008.07.06 21:57:34.677,2.0324,2.034,7.20,12.00
2008.07.06 21:57:35.626,2.0324,2.034,7.20,12.00
2008.07.06 21:57:36.677,2.0324,2.034,7.20,12.00
2008.07.06 21:57:37.678,2.0324,2.034,7.20,12.00
2008.07.06 21:57:38.625,2.0324,2.034,7.20,12.00
2008.07.06 21:57:47.669,2.0324,2.0339,7.20,4.80
2008.07.06 21:57:47.797,2.0323,2.0339,8.10,4.80
2008.07.06 21:57:47.928,2.0323,2.0339,1.00,4.80
2008.07.06 21:57:48.058,2.0322,2.0339,7.20,4.80
2008.07.06 21:57:48.188,2.0323,2.0338,7.20,4.80
2008.07.06 21:57:48.317,2.0321,2.0338,7.20,4.80
2008.07.06 21:57:48.827,2.032,2.0337,8.10,4.80
2008.07.06 21:57:48.957,2.032,2.0337,12.90,4.80
2008.07.06 21:57:49.433,2.032,2.0337,8.10,4.80
2008.07.06 21:57:49.651,2.032,2.0338,12.90,4.80
2008.07.06 21:57:49.825,2.032,2.0338,12.90,12.00
2008.07.06 21:57:51.691,2.032,2.0337,12.90,7.20
2008.07.06 21:58:37.203,2.032,2.0337,12.00,7.20
2008.07.06 21:58:37.781,2.032,2.0338,4.80,4.80
2008.07.06 21:59:37.707,2.0319,2.0339,4.80,4.80
2008.07.06 21:59:52.189,2.0321,2.0337,4.80,4.80
