2010.12.20 11:00:02.266,1.50446,1.50483,1.50,2.85
2010.12.20 11:00:02.661,1.50446,1.50478,1.50,1.50
2010.12.20 11:00:03.108,1.50436,1.50474,1.50,1.50
2010.12.20 11:00:07.183,1.50447,1.50476,1.50,1.50
2010.12.20 11:00:07.405,1.50447,1.50478,1.50,1.50
2010.12.20 11:00:07.684,1.50447,1.5048,1.50,1.50
2010.12.20 11:00:09.377,1.50447,1.50477,1.50,1.50
2010.12.20 11:00:11.056,1.50447,1.5048,1.50,1.50
2010.12.20 11:00:11.637,1.50448,1.50483,1.50,1.50
2010.12.20 11:00:12.415,1.50447,1.50483,3.00,1.50
2010.12.20 11:00:13.218,1.50448,1.50483,1.88,1.50
2010.12.20 11:00:14.245,1.50447,1.50483,4.88,1.50
2010.12.20 11:00:14.479,1.50457,1.5049,1.50,1.69
2010.12.20 11:00:15.217,1.50457,1.5049,1.50,3.56
2010.12.20 11:00:15.335,1.5045,1.50483,1.50,1.50
2010.12.20 11:00:17.083,1.50447,1.50483,4.88,1.50
2010.12.20 11:00:17.833,1.50456,1.50492,1.50,1.50
2010.12.20 11:00:18.165,1.50448,1.50483,1.88,1.50
2010.12.20 11:00:18.683,1.50447,1.50483,1.50,1.50
2010.12.20 11:00:23.715,1.50457,1.5049,1.50,4.12
2010.12.20 11:00:24.564,1.50457,1.5049,1.50,2.25
2010.12.20 11:00:24.784,1.50457,1.50487,1.50,1.50
2010.12.20 11:00:24.893,1.50447,1.50483,3.38,1.50
2010.12.20 11:00:26.954,1.50448,1.50483,1.50,1.50
2010.12.20 11:00:27.553,1.50456,1.5049,1.50,2.62
2010.12.20 11:00:28.383,1.50456,1.50492,1.50,1.50
2010.12.20 11:00:28.935,1.50456,1.50491,1.50,2.62
2010.12.20 11:00:36.545,1.50449,1.50483,1.88,2.25
2010.12.20 11:00:37.326,1.50447,1.50483,3.08,2.25
2010.12.20 11:00:37.454,1.50447,1.50488,3.00,4.24
2010.12.20 11:00:37.573,1.50455,1.50493,1.50,3.38
2010.12.20 11:00:37.874,1.50457,1.50493,1.50,2.44
2010.12.20 11:00:38.216,1.50457,1.50489,1.50,1.12
2010.12.20 11:00:38.596,1.5045,1.50484,1.50,3.00
2010.12.20 11:00:38.717,1.50448,1.50484,1.88,3.00
2010.12.20 11:00:38.946,1.50446,1.50484,3.00,3.00
2010.12.20 11:00:41.984,1.50446,1.50484,3.00,2.25
2010.12.20 11:00:42.204,1.50446,1.50484,3.08,2.25
2010.12.20 11:00:42.864,1.50446,1.50483,3.08,1.50
2010.12.20 11:00:45.445,1.50447,1.50484,1.65,2.25
2010.12.20 11:00:46.099,1.50447,1.50484,1.58,2.25
2010.12.20 11:00:46.620,1.50447,1.50484,1.58,2.25
2010.12.20 11:00:46.744,1.50447,1.50489,1.58,2.62
2010.12.20 11:00:46.859,1.50446,1.50489,1.58,1.50
2010.12.20 11:00:46.975,1.50456,1.50489,1.50,1.50
2010.12.20 11:00:47.315,1.50456,1.50489,1.50,2.25
2010.12.20 11:00:47.844,1.50456,1.50489,1.50,2.25
2010.12.20 11:00:47.956,1.50456,1.50489,1.50,1.50
2010.12.20 11:00:49.885,1.50456,1.50489,1.50,3.00
2010.12.20 11:00:50.116,1.50447,1.50483,3.38,1.50
2010.12.20 11:00:50.455,1.50447,1.50483,3.38,2.25
2010.12.20 11:00:54.289,1.5044,1.50481,3.38,2.10
2010.12.20 11:00:54.408,1.5044,1.50481,3.45,1.35
2010.12.20 11:00:54.707,1.50449,1.50483,1.50,3.67
2010.12.20 11:00:54.835,1.50456,1.50486,1.50,1.88
2010.12.20 11:00:55.480,1.50457,1.50494,2.25,1.88
2010.12.20 11:00:55.708,1.50467,1.50495,1.50,1.88
2010.12.20 11:00:55.828,1.50467,1.50499,1.50,1.88
2010.12.20 11:00:56.041,1.50467,1.50503,1.50,2.25
2010.12.20 11:00:56.553,1.50467,1.50503,1.50,1.50
2010.12.20 11:00:56.663,1.50467,1.505,1.50,1.50
2010.12.20 11:00:57.107,1.50467,1.50496,1.50,1.50
2010.12.20 11:00:57.233,1.50467,1.50502,1.50,1.69
2010.12.20 11:00:57.458,1.50467,1.50503,1.50,3.00
2010.12.20 11:00:57.832,1.50467,1.50498,1.50,1.50
2010.12.20 11:00:58.202,1.50467,1.50496,1.50,1.50
2010.12.20 11:00:58.608,1.50467,1.50494,1.50,2.25
2010.12.20 11:00:58.739,1.50457,1.50492,1.50,1.50
2010.12.20 11:00:58.858,1.50456,1.50489,1.50,1.50
2010.12.20 11:00:59.256,1.50456,1.50487,1.50,1.50
2010.12.20 11:01:00.145,1.50456,1.50489,1.50,1.50
2010.12.20 11:01:00.713,1.50461,1.50494,1.50,1.50
2010.12.20 11:01:01.050,1.50466,1.50499,2.25,2.25
2010.12.20 11:01:01.167,1.50466,1.50499,1.50,2.25
2010.12.20 11:01:01.626,1.50466,1.50504,1.50,1.50
2010.12.20 11:01:01.859,1.50466,1.50504,1.50,3.26
2010.12.20 11:01:02.454,1.50476,1.50501,1.50,1.50
2010.12.20 11:01:02.574,1.50476,1.50503,1.50,1.50
2010.12.20 11:01:02.846,1.50466,1.50503,1.50,1.50
2010.12.20 11:01:02.866,1.50466,1.50501,1.50,1.50
2010.12.20 11:01:03.436,1.50466,1.50487,1.50,1.12
2010.12.20 11:01:03.708,1.50454,1.50484,1.50,1.88
2010.12.20 11:01:03.837,1.5045,1.50478,1.88,1.91
2010.12.20 11:01:04.274,1.50439,1.50473,1.88,1.50
2010.12.20 11:01:04.637,1.50427,1.50463,1.50,1.50
2010.12.20 11:01:05.040,1.50429,1.50463,1.12,1.50
2010.12.20 11:01:05.162,1.50427,1.50463,1.50,1.50
2010.12.20 11:01:05.282,1.5043,1.50463,1.50,1.50
2010.12.20 11:01:05.508,1.50427,1.50463,1.50,1.50
2010.12.20 11:01:05.769,1.50423,1.50463,1.12,1.50
2010.12.20 11:01:05.895,1.5042,1.50454,3.38,1.50
2010.12.20 11:01:06.128,1.50427,1.50463,1.50,1.50
2010.12.20 11:01:06.356,1.50432,1.50468,1.50,1.50
2010.12.20 11:01:06.819,1.50437,1.50473,1.50,3.00
2010.12.20 11:01:07.204,1.50437,1.50469,1.50,1.50
2010.12.20 11:01:08.545,1.50437,1.50473,1.50,1.50
2010.12.20 11:01:08.890,1.50437,1.50469,1.50,1.50
2010.12.20 11:01:09.145,1.50437,1.50472,1.50,1.50
2010.12.20 11:01:09.745,1.50437,1.50469,1.50,1.50
2010.12.20 11:01:11.425,1.50429,1.50464,2.62,1.50
2010.12.20 11:01:13.824,1.50426,1.50464,1.50,1.50
2010.12.20 11:01:14.059,1.50426,1.50464,2.25,1.50
2010.12.20 11:01:14.412,1.50436,1.50469,1.50,1.50
2010.12.20 11:01:14.746,1.50436,1.50471,2.25,1.50
2010.12.20 11:01:14.867,1.50436,1.50474,2.25,1.50
2010.12.20 11:01:15.140,1.50451,1.50474,2.44,1.50
2010.12.20 11:01:15.265,1.50451,1.50477,2.44,1.50
2010.12.20 11:01:15.387,1.50457,1.50484,1.50,1.88
2010.12.20 11:01:15.727,1.50457,1.50488,1.50,1.50
2010.12.20 11:01:15.848,1.50457,1.50485,1.50,1.50
2010.12.20 11:01:16.437,1.50457,1.5048,1.50,1.50
2010.12.20 11:01:17.446,1.50457,1.50481,1.50,1.50
2010.12.20 11:01:18.275,1.50457,1.5048,1.50,1.50
2010.12.20 11:01:20.237,1.50457,1.50482,1.50,1.50
2010.12.20 11:01:21.179,1.50457,1.50483,1.50,1.50
2010.12.20 11:01:21.554,1.50457,1.50485,1.50,1.50
2010.12.20 11:01:21.789,1.50457,1.50478,1.50,1.50
2010.12.20 11:01:22.458,1.50457,1.50477,1.50,1.50
2010.12.20 11:01:22.582,1.50457,1.50483,1.50,1.50
2010.12.20 11:01:25.561,1.50457,1.5048,1.50,1.50
2010.12.20 11:01:26.005,1.50457,1.50477,1.50,1.50
2010.12.20 11:01:26.534,1.50457,1.50479,1.50,1.50
2010.12.20 11:01:26.647,1.50457,1.50483,1.50,1.50
2010.12.20 11:01:26.881,1.50457,1.50485,1.50,1.50
2010.12.20 11:01:27.585,1.50447,1.50483,1.50,1.50
2010.12.20 11:01:27.805,1.50457,1.50485,1.50,1.50
2010.12.20 11:01:27.916,1.50447,1.50483,1.50,1.65
2010.12.20 11:01:28.997,1.50451,1.50483,1.50,1.50
2010.12.20 11:01:29.227,1.50457,1.50492,2.62,1.95
2010.12.20 11:01:29.568,1.50457,1.50492,2.62,1.88
2010.12.20 11:01:29.831,1.50457,1.50485,1.50,1.50
2010.12.20 11:01:30.182,1.50457,1.50472,1.12,1.50
2010.12.20 11:01:30.296,1.50457,1.50483,1.12,1.50
2010.12.20 11:01:30.527,1.50457,1.50473,1.12,3.38
2010.12.20 11:01:30.874,1.50454,1.50473,1.12,1.50
2010.12.20 11:01:30.986,1.50437,1.50473,1.50,1.50
2010.12.20 11:01:32.805,1.50437,1.50469,1.50,1.69
2010.12.20 11:01:32.924,1.5043,1.50473,1.69,2.40
2010.12.20 11:01:33.039,1.50429,1.50473,1.69,9.60
2010.12.20 11:01:33.358,1.50434,1.5047,1.50,2.10
2010.12.20 11:01:33.489,1.50434,1.50463,1.88,1.95
2010.12.20 11:01:33.610,1.50427,1.50463,3.38,1.95
2010.12.20 11:01:33.726,1.50427,1.50463,3.38,4.16
2010.12.20 11:01:33.975,1.50427,1.50462,3.38,1.27
2010.12.20 11:01:34.765,1.50427,1.50457,1.50,3.15
2010.12.20 11:01:35.382,1.50427,1.50457,1.50,1.27
2010.12.20 11:01:35.735,1.50427,1.50457,1.50,1.27
2010.12.20 11:01:36.104,1.50427,1.50457,1.50,1.35
2010.12.20 11:01:36.977,1.50416,1.5046,1.50,2.03
2010.12.20 11:01:37.098,1.50416,1.5046,1.50,5.14
2010.12.20 11:01:37.621,1.50417,1.5045,1.50,1.42
2010.12.20 11:01:37.739,1.50417,1.50451,1.50,1.27
2010.12.20 11:01:38.452,1.50417,1.50451,1.50,1.12
2010.12.20 11:01:38.473,1.50417,1.50451,1.50,1.20
2010.12.20 11:01:38.701,1.50417,1.50451,1.50,1.12
2010.12.20 11:01:38.820,1.50417,1.50453,1.50,1.80
2010.12.20 11:01:40.930,1.50417,1.50453,1.50,1.65
2010.12.20 11:01:42.835,1.50417,1.50453,1.50,1.80
2010.12.20 11:01:43.576,1.50417,1.50453,1.50,1.65
2010.12.20 11:01:44.768,1.50417,1.50453,1.50,1.58
2010.12.20 11:01:44.885,1.50417,1.50453,1.50,1.65
2010.12.20 11:01:45.476,1.50417,1.50453,1.50,3.97
2010.12.20 11:01:45.601,1.50417,1.5045,1.50,1.20
2010.12.20 11:01:46.819,1.50417,1.50451,1.50,1.20
2010.12.20 11:01:47.575,1.50417,1.50451,1.50,1.12
2010.12.20 11:01:48.107,1.50417,1.50453,1.50,1.58
2010.12.20 11:01:48.750,1.50417,1.50453,1.50,1.50
2010.12.20 11:01:50.706,1.50417,1.5045,1.50,1.88
2010.12.20 11:01:51.116,1.50417,1.50448,1.50,2.17
2010.12.20 11:01:51.457,1.50417,1.50447,1.50,2.59
2010.12.20 11:01:51.635,1.50417,1.50447,1.50,1.42
2010.12.20 11:01:51.764,1.50407,1.50443,1.50,1.65
2010.12.20 11:01:51.881,1.50417,1.50446,1.50,2.40
2010.12.20 11:01:53.118,1.50417,1.50451,1.50,1.58
2010.12.20 11:01:53.518,1.50406,1.50444,1.50,1.50
2010.12.20 11:01:53.968,1.50406,1.50431,1.50,4.69
2010.12.20 11:01:54.091,1.50396,1.50431,3.38,4.69
2010.12.20 11:01:54.477,1.50391,1.50423,1.50,1.50
2010.12.20 11:01:54.603,1.50397,1.50432,1.50,1.12
2010.12.20 11:01:54.939,1.50397,1.50429,1.50,1.88
2010.12.20 11:01:55.166,1.50397,1.50433,1.50,1.50
2010.12.20 11:01:58.605,1.50399,1.50433,4.50,1.50
2010.12.20 11:01:58.727,1.5041,1.50441,1.88,1.88
2010.12.20 11:01:59.019,1.50417,1.5044,1.50,1.88
2010.12.20 11:01:59.246,1.50417,1.5045,1.50,1.95
2010.12.20 11:01:59.367,1.50417,1.50453,2.25,1.65
2010.12.20 11:01:59.874,1.50417,1.50453,2.25,4.95
2010.12.20 11:02:00.286,1.50417,1.50453,2.25,4.95
2010.12.20 11:02:00.913,1.50417,1.50452,2.25,1.95
2010.12.20 11:02:02.363,1.50417,1.50453,2.25,3.00
2010.12.20 11:02:02.999,1.50427,1.50457,1.50,1.88
2010.12.20 11:02:03.116,1.50427,1.5046,1.50,1.88
2010.12.20 11:02:03.649,1.50427,1.50462,1.50,1.50
2010.12.20 11:02:04.332,1.50427,1.50463,1.50,1.58
2010.12.20 11:02:04.792,1.50427,1.50461,2.25,1.88
2010.12.20 11:02:05.123,1.50429,1.50461,1.50,1.88
2010.12.20 11:02:05.357,1.50426,1.50464,1.50,1.58
2010.12.20 11:02:06.105,1.50426,1.50464,2.25,1.58
2010.12.20 11:02:06.658,1.50436,1.50468,1.50,1.65
2010.12.20 11:02:07.729,1.50436,1.50468,1.50,1.65
2010.12.20 11:02:08.778,1.50436,1.50468,1.50,1.95
2010.12.20 11:02:09.132,1.50428,1.50464,2.62,1.65
2010.12.20 11:02:09.574,1.50437,1.50467,1.50,1.65
2010.12.20 11:02:10.255,1.50437,1.50467,1.50,1.65
2010.12.20 11:02:10.379,1.50437,1.50467,1.50,1.65
2010.12.20 11:02:10.606,1.50427,1.50463,2.44,1.58
2010.12.20 11:02:10.843,1.50427,1.50463,1.69,1.58
2010.12.20 11:02:11.418,1.50427,1.50463,1.69,1.58
2010.12.20 11:02:11.955,1.50427,1.50463,1.69,1.58
2010.12.20 11:02:13.266,1.50427,1.50463,2.44,1.65
2010.12.20 11:02:13.836,1.50427,1.50463,2.44,1.80
2010.12.20 11:02:14.581,1.50427,1.50463,2.25,1.58
2010.12.20 11:02:15.005,1.50427,1.50463,2.25,1.65
2010.12.20 11:02:15.554,1.50427,1.50463,1.50,1.65
2010.12.20 11:02:15.886,1.50427,1.50463,1.50,2.17
2010.12.20 11:02:16.737,1.50427,1.50463,1.50,1.50
2010.12.20 11:02:19.917,1.50427,1.50463,1.50,3.94
2010.12.20 11:02:20.568,1.50427,1.5046,1.50,1.88
2010.12.20 11:02:21.161,1.50427,1.50463,1.50,4.88
2010.12.20 11:02:23.732,1.50426,1.50454,1.50,1.50
2010.12.20 11:02:25.319,1.50427,1.50463,3.08,2.06
2010.12.20 11:02:25.445,1.50443,1.50468,2.25,1.88
2010.12.20 11:02:25.681,1.5045,1.50468,2.25,1.88
2010.12.20 11:02:25.797,1.50452,1.50479,2.25,1.12
2010.12.20 11:02:26.024,1.50452,1.50484,2.25,1.50
2010.12.20 11:02:27.286,1.50457,1.50493,1.50,1.50
2010.12.20 11:02:27.625,1.50452,1.50484,2.25,1.50
2010.12.20 11:02:27.848,1.50449,1.50484,1.88,1.50
2010.12.20 11:02:28.320,1.50449,1.50484,2.62,1.50
2010.12.20 11:02:28.787,1.50453,1.50484,2.25,1.50
2010.12.20 11:02:29.078,1.50456,1.50494,2.25,1.50
2010.12.20 11:02:29.759,1.50458,1.50494,2.25,1.50
2010.12.20 11:02:30.684,1.50457,1.50494,2.25,1.50
2010.12.20 11:02:31.236,1.50457,1.50494,1.50,1.50
2010.12.20 11:02:31.755,1.50456,1.50494,1.50,1.50
2010.12.20 11:02:33.955,1.50457,1.50494,1.12,1.50
2010.12.20 11:02:34.873,1.50456,1.50494,1.50,1.50
2010.12.20 11:02:35.995,1.50456,1.50494,1.58,1.50
2010.12.20 11:02:36.443,1.50458,1.50494,3.90,1.50
2010.12.20 11:02:36.558,1.50467,1.50502,1.50,1.88
2010.12.20 11:02:37.060,1.50467,1.50503,1.50,1.50
2010.12.20 11:02:43.384,1.50467,1.50503,1.50,3.15
2010.12.20 11:02:43.606,1.50466,1.50503,2.25,1.50
2010.12.20 11:02:43.947,1.50486,1.50507,1.50,1.88
2010.12.20 11:02:44.174,1.50486,1.50511,1.50,1.88
2010.12.20 11:02:44.560,1.50477,1.50511,1.50,1.88
2010.12.20 11:02:44.676,1.50477,1.50509,1.50,1.88
2010.12.20 11:02:45.236,1.50477,1.50508,1.50,1.88
2010.12.20 11:02:45.755,1.50477,1.50507,1.50,1.88
2010.12.20 11:02:45.868,1.50477,1.5051,2.25,1.88
2010.12.20 11:02:46.679,1.50477,1.50511,3.75,1.88
2010.12.20 11:02:48.024,1.50477,1.50506,1.50,1.88
2010.12.20 11:02:48.375,1.50477,1.50508,1.50,1.88
2010.12.20 11:02:48.885,1.50477,1.50511,1.50,1.88
2010.12.20 11:02:49.108,1.50477,1.50508,1.50,1.88
2010.12.20 11:02:49.805,1.50477,1.50509,1.50,1.88
2010.12.20 11:02:49.918,1.50477,1.50511,1.50,1.88
2010.12.20 11:02:51.255,1.50477,1.50513,1.50,3.38
2010.12.20 11:02:51.473,1.50477,1.50511,1.50,1.88
2010.12.20 11:02:51.877,1.50477,1.50509,2.25,1.88
2010.12.20 11:02:52.636,1.50477,1.50507,2.25,1.88
2010.12.20 11:02:52.755,1.50477,1.5051,2.25,1.88
2010.12.20 11:02:53.443,1.50477,1.50509,2.25,1.88
2010.12.20 11:02:53.826,1.50477,1.50511,2.25,1.88
2010.12.20 11:02:54.729,1.50477,1.50508,1.50,1.88
2010.12.20 11:02:55.295,1.50477,1.50509,1.50,1.88
2010.12.20 11:02:55.644,1.50477,1.50507,1.50,1.88
2010.12.20 11:02:56.041,1.50477,1.50509,1.50,1.88
2010.12.20 11:02:56.265,1.50477,1.50506,1.50,1.88
2010.12.20 11:02:56.714,1.50477,1.50502,1.50,1.88
2010.12.20 11:02:56.996,1.50467,1.50502,1.50,1.88
2010.12.20 11:02:57.516,1.50467,1.50501,1.50,1.88
2010.12.20 11:02:58.118,1.50467,1.50502,1.50,1.88
2010.12.20 11:02:58.886,1.50462,1.50504,1.50,2.85
2010.12.20 11:02:59.010,1.50457,1.50504,4.28,2.85
2010.12.20 11:02:59.292,1.50463,1.50493,1.50,1.50
2010.12.20 11:02:59.520,1.50457,1.50493,1.50,1.50
2010.12.20 11:03:01.056,1.50455,1.50483,1.50,1.50
2010.12.20 11:03:06.205,1.50456,1.50483,1.50,1.50
2010.12.20 11:03:06.322,1.50457,1.50492,1.50,1.88
2010.12.20 11:03:06.854,1.50457,1.50493,1.50,1.50
2010.12.20 11:03:09.396,1.50457,1.50493,1.58,1.50
2010.12.20 11:03:10.634,1.50454,1.50484,1.58,1.50
2010.12.20 11:03:10.898,1.50462,1.50494,1.50,1.50
2010.12.20 11:03:11.139,1.50457,1.50493,1.58,1.88
2010.12.20 11:03:11.714,1.50457,1.50494,1.58,1.50
2010.12.20 11:03:12.008,1.50457,1.50494,1.65,1.50
2010.12.20 11:03:13.081,1.50457,1.50494,1.80,1.50
2010.12.20 11:03:14.675,1.50459,1.50494,1.65,1.50
2010.12.20 11:03:21.849,1.50464,1.50494,1.50,1.50
2010.12.20 11:03:21.969,1.5046,1.50494,1.65,1.50
2010.12.20 11:03:22.088,1.50462,1.50494,1.80,1.50
2010.12.20 11:03:22.211,1.50464,1.50494,1.50,1.50
2010.12.20 11:03:22.430,1.50472,1.50501,4.50,1.88
2010.12.20 11:03:22.781,1.50488,1.50501,1.01,1.88
2010.12.20 11:03:23.101,1.50488,1.50507,1.09,1.88
2010.12.20 11:03:23.340,1.50488,1.50513,1.50,1.50
2010.12.20 11:03:23.724,1.50491,1.50513,1.88,1.50
2010.12.20 11:03:24.057,1.50494,1.50513,1.12,1.50
2010.12.20 11:03:25.565,1.50493,1.50513,1.12,1.50
2010.12.20 11:03:26.167,1.50492,1.50513,1.50,1.50
2010.12.20 11:03:27.267,1.50488,1.50513,1.58,1.50
2010.12.20 11:03:31.805,1.50484,1.50513,1.58,1.50
2010.12.20 11:03:32.648,1.50484,1.50513,1.58,1.50
2010.12.20 11:03:35.404,1.50487,1.50523,1.58,1.50
2010.12.20 11:03:35.904,1.50487,1.50523,1.80,1.50
2010.12.20 11:03:36.021,1.50487,1.50523,1.58,1.50
2010.12.20 11:03:36.619,1.50487,1.50523,1.50,1.50
2010.12.20 11:03:38.395,1.5048,1.50514,1.50,1.50
2010.12.20 11:03:39.206,1.50477,1.50514,1.58,1.50
2010.12.20 11:03:40.251,1.50476,1.50514,3.00,1.50
2010.12.20 11:03:40.369,1.50478,1.50514,1.50,1.50
2010.12.20 11:03:40.718,1.5048,1.50514,1.50,1.50
2010.12.20 11:03:41.285,1.5048,1.50514,1.58,1.50
2010.12.20 11:03:42.005,1.50487,1.50522,3.00,1.88
2010.12.20 11:03:42.546,1.50489,1.50523,1.50,1.50
2010.12.20 11:03:42.767,1.50487,1.50523,1.50,1.50
2010.12.20 11:03:43.460,1.50487,1.50523,1.65,1.50
2010.12.20 11:03:44.758,1.50487,1.50523,1.50,1.50
2010.12.20 11:03:45.841,1.50487,1.50523,1.69,1.50
2010.12.20 11:03:47.346,1.5049,1.50523,5.96,1.50
2010.12.20 11:03:47.466,1.5049,1.50523,2.51,1.50
2010.12.20 11:03:47.696,1.50498,1.50523,1.58,1.50
2010.12.20 11:03:48.565,1.50497,1.50523,1.58,1.50
2010.12.20 11:03:48.895,1.50494,1.50523,1.50,1.50
2010.12.20 11:03:49.298,1.50494,1.50523,1.58,1.50
2010.12.20 11:03:49.725,1.50494,1.50523,1.50,1.50
2010.12.20 11:03:49.847,1.50491,1.50523,1.50,1.50
2010.12.20 11:03:50.368,1.5049,1.50523,1.50,1.50
2010.12.20 11:03:50.597,1.50487,1.50523,3.83,1.50
2010.12.20 11:03:51.117,1.50487,1.50523,2.25,1.50
2010.12.20 11:03:55.276,1.50487,1.50523,1.58,1.50
2010.12.20 11:03:56.285,1.50487,1.50523,1.58,1.50
2010.12.20 11:03:57.606,1.50487,1.50523,2.33,1.50
2010.12.20 11:03:57.835,1.50496,1.5053,1.50,1.88
2010.12.20 11:03:58.313,1.50496,1.50532,1.50,1.88
2010.12.20 11:03:58.917,1.50496,1.50533,1.50,1.88
2010.12.20 11:03:59.476,1.50496,1.50534,1.50,3.38
2010.12.20 11:04:00.086,1.50496,1.50533,1.50,1.88
2010.12.20 11:04:01.495,1.50496,1.50534,1.50,3.38
2010.12.20 11:04:01.605,1.50496,1.50534,1.65,3.38
2010.12.20 11:04:02.858,1.50496,1.50534,1.65,3.38
2010.12.20 11:04:03.480,1.50504,1.50534,1.50,3.38
2010.12.20 11:04:03.604,1.50496,1.50534,1.65,1.50
2010.12.20 11:04:04.227,1.50496,1.50534,3.00,1.50
2010.12.20 11:04:04.735,1.50496,1.50534,3.08,1.50
2010.12.20 11:04:05.437,1.50496,1.50534,3.00,1.50
2010.12.20 11:04:06.433,1.50489,1.50524,2.62,1.50
2010.12.20 11:04:06.552,1.50485,1.50517,1.88,1.50
2010.12.20 11:04:06.775,1.50482,1.50514,2.62,1.50
2010.12.20 11:04:07.005,1.50487,1.50523,2.25,1.50
2010.12.20 11:04:07.816,1.50487,1.50523,1.50,1.50
2010.12.20 11:04:09.183,1.50487,1.50523,1.58,1.50
2010.12.20 11:04:10.062,1.50487,1.50523,1.50,1.50
2010.12.20 11:04:10.725,1.50496,1.50527,1.50,1.50
2010.12.20 11:04:10.836,1.50496,1.50529,1.50,1.50
2010.12.20 11:04:11.992,1.50496,1.5053,1.50,1.50
2010.12.20 11:04:12.695,1.50496,1.50533,1.50,1.88
2010.12.20 11:04:15.671,1.50496,1.5053,1.50,1.50
2010.12.20 11:04:18.326,1.50496,1.50532,1.50,1.50
2010.12.20 11:04:20.535,1.5049,1.50523,1.88,1.50
2010.12.20 11:04:21.181,1.50487,1.50523,1.50,3.00
2010.12.20 11:04:23.140,1.50487,1.50518,1.50,3.56
2010.12.20 11:04:23.259,1.50481,1.50517,1.88,1.50
2010.12.20 11:04:23.380,1.5048,1.50513,1.88,1.69
2010.12.20 11:04:23.956,1.5047,1.50504,1.50,1.50
2010.12.20 11:04:24.187,1.50477,1.50513,1.50,1.88
2010.12.20 11:04:25.694,1.50477,1.50509,1.50,1.88
2010.12.20 11:04:26.254,1.50477,1.5051,1.50,1.88
2010.12.20 11:04:27.405,1.50477,1.50509,1.50,1.88
2010.12.20 11:04:28.013,1.50477,1.50507,1.50,1.88
2010.12.20 11:04:28.804,1.50477,1.50505,1.50,1.88
2010.12.20 11:04:29.029,1.50477,1.50509,1.50,1.88
2010.12.20 11:04:30.325,1.50477,1.50501,1.50,1.12
2010.12.20 11:04:30.442,1.50467,1.50501,1.50,1.12
2010.12.20 11:04:33.255,1.50467,1.50496,1.50,4.50
2010.12.20 11:04:33.377,1.50459,1.50484,1.42,1.50
2010.12.20 11:04:33.606,1.5046,1.50489,1.88,1.88
2010.12.20 11:04:33.727,1.50451,1.50484,1.88,1.50
2010.12.20 11:04:34.555,1.50448,1.50479,1.50,1.12
2010.12.20 11:04:34.887,1.50445,1.50474,1.50,1.12
2010.12.20 11:04:35.005,1.50442,1.50474,1.88,1.12
2010.12.20 11:04:35.225,1.50446,1.50474,1.50,1.12
2010.12.20 11:04:35.334,1.50442,1.50473,1.88,1.50
2010.12.20 11:04:35.444,1.50437,1.50473,1.58,1.50
2010.12.20 11:04:35.956,1.50437,1.50472,1.58,1.12
2010.12.20 11:04:36.537,1.50441,1.50473,1.50,1.50
2010.12.20 11:04:36.914,1.50443,1.50464,1.50,1.50
2010.12.20 11:04:37.036,1.50446,1.50474,1.50,1.50
2010.12.20 11:04:37.267,1.50443,1.50474,1.50,1.50
2010.12.20 11:04:38.437,1.50447,1.50483,1.50,2.25
2010.12.20 11:04:38.667,1.50441,1.50473,1.50,1.50
2010.12.20 11:04:39.641,1.50442,1.50473,1.50,1.50
2010.12.20 11:04:39.979,1.50445,1.50473,1.50,1.50
2010.12.20 11:04:40.205,1.50447,1.50483,1.50,1.50
2010.12.20 11:04:44.604,1.50457,1.50492,1.50,1.50
2010.12.20 11:04:48.226,1.50447,1.50483,1.58,1.50
2010.12.20 11:04:49.069,1.50456,1.50491,1.50,1.50
2010.12.20 11:04:50.946,1.50447,1.50483,3.30,1.50
2010.12.20 11:04:51.516,1.5045,1.50483,3.45,1.50
2010.12.20 11:04:53.555,1.50451,1.50483,1.27,1.50
2010.12.20 11:04:54.725,1.50451,1.50483,1.20,1.50
2010.12.20 11:04:55.756,1.50448,1.50483,1.27,1.50
2010.12.20 11:04:56.728,1.50457,1.50483,1.27,1.50
2010.12.20 11:04:56.847,1.50457,1.50493,1.27,1.88
2010.12.20 11:04:57.634,1.50457,1.50494,1.27,1.50
2010.12.20 11:04:57.746,1.50457,1.50494,1.42,1.50
2010.12.20 11:04:58.437,1.50457,1.50494,1.42,1.50
2010.12.20 11:04:59.238,1.50457,1.50494,1.20,1.50
2010.12.20 11:04:59.609,1.50457,1.50494,1.27,1.50
2010.12.20 11:04:59.726,1.50457,1.50494,1.27,1.50
2010.12.20 11:05:00.287,1.50458,1.50494,1.12,1.50
2010.12.20 11:05:01.011,1.50456,1.50494,1.58,1.50
2010.12.20 11:05:01.127,1.50467,1.50502,1.50,1.50
2010.12.20 11:05:01.986,1.50458,1.50493,1.88,1.50
2010.12.20 11:05:02.328,1.50458,1.50493,2.03,1.50
2010.12.20 11:05:03.045,1.50466,1.505,1.50,1.50
2010.12.20 11:05:03.726,1.50458,1.50493,2.03,1.50
2010.12.20 11:05:06.145,1.50467,1.50502,1.50,1.50
2010.12.20 11:05:09.376,1.50458,1.50493,1.88,1.50
2010.12.20 11:05:09.977,1.50457,1.50493,1.50,1.50
2010.12.20 11:05:10.605,1.50466,1.505,1.50,1.50
2010.12.20 11:05:10.939,1.50466,1.50503,1.50,3.38
2010.12.20 11:05:11.451,1.50466,1.50504,1.50,1.50
2010.12.20 11:05:11.574,1.50467,1.50504,2.40,1.50
2010.12.20 11:05:11.686,1.50477,1.50509,1.50,1.88
2010.12.20 11:05:12.137,1.50477,1.50505,1.50,1.50
2010.12.20 11:05:12.857,1.50477,1.50504,1.50,1.50
2010.12.20 11:05:15.818,1.50477,1.50502,1.50,1.50
2010.12.20 11:05:15.941,1.50477,1.50506,1.50,1.50
2010.12.20 11:05:16.259,1.50477,1.50508,1.50,1.50
2010.12.20 11:05:16.598,1.50477,1.50504,1.50,1.50
2010.12.20 11:05:16.719,1.50477,1.50509,1.50,1.50
2010.12.20 11:05:17.058,1.50477,1.50511,1.50,2.62
2010.12.20 11:05:18.782,1.50477,1.50505,1.50,1.50
2010.12.20 11:05:19.405,1.50467,1.50503,3.38,1.50
2010.12.20 11:05:19.955,1.50467,1.50503,2.25,3.00
2010.12.20 11:05:20.952,1.50467,1.50499,2.25,1.50
2010.12.20 11:05:21.066,1.50467,1.50499,2.25,1.50
2010.12.20 11:05:21.296,1.50467,1.50501,2.25,1.50
2010.12.20 11:05:21.931,1.50475,1.50512,1.50,1.88
2010.12.20 11:05:22.057,1.50477,1.5051,1.12,1.88
2010.12.20 11:05:22.182,1.50478,1.50514,1.12,1.50
2010.12.20 11:05:22.417,1.50476,1.50514,3.38,1.50
2010.12.20 11:05:23.216,1.50476,1.50518,2.25,1.12
2010.12.20 11:05:23.644,1.50486,1.50517,1.50,1.88
2010.12.20 11:05:24.191,1.50486,1.50516,1.50,1.50
2010.12.20 11:05:24.857,1.50476,1.50514,1.50,1.50
2010.12.20 11:05:38.267,1.50467,1.50513,1.50,2.25
2010.12.20 11:05:38.495,1.50467,1.50503,1.50,1.50
2010.12.20 11:05:39.900,1.50475,1.50511,1.50,1.88
2010.12.20 11:05:40.238,1.50486,1.50514,1.50,1.88
2010.12.20 11:05:40.357,1.50486,1.5052,1.50,2.25
2010.12.20 11:05:42.238,1.50486,1.5052,1.50,2.25
2010.12.20 11:05:42.577,1.50486,1.50512,1.50,1.12
2010.12.20 11:05:45.727,1.50486,1.50519,1.50,1.50
2010.12.20 11:05:46.252,1.50476,1.50514,1.50,1.50
2010.12.20 11:05:46.480,1.50486,1.50518,1.50,1.88
2010.12.20 11:05:46.975,1.50486,1.5052,1.50,3.38
2010.12.20 11:05:48.264,1.50486,1.50521,1.50,1.50
2010.12.20 11:05:49.590,1.50486,1.50522,1.50,1.50
2010.12.20 11:05:50.040,1.50486,1.50524,1.50,3.00
2010.12.20 11:05:50.838,1.50486,1.50523,1.50,1.50
2010.12.20 11:05:54.234,1.50486,1.50523,3.00,1.50
2010.12.20 11:05:54.457,1.50489,1.50529,1.42,1.50
2010.12.20 11:05:54.688,1.50486,1.50529,1.50,1.50
2010.12.20 11:05:55.308,1.50496,1.50527,1.50,1.50
2010.12.20 11:05:55.543,1.50496,1.50531,1.50,2.62
2010.12.20 11:05:55.658,1.50496,1.50529,1.50,1.50
2010.12.20 11:05:56.164,1.50497,1.50529,1.50,1.50
2010.12.20 11:05:57.176,1.50497,1.50527,1.50,1.50
2010.12.20 11:05:59.285,1.50497,1.50525,1.50,1.50
2010.12.20 11:05:59.900,1.50497,1.50528,1.50,1.50
2010.12.20 11:06:00.131,1.50497,1.50526,1.50,1.50
2010.12.20 11:06:00.249,1.50487,1.50523,1.50,1.50
2010.12.20 11:06:00.856,1.50497,1.50529,1.50,1.50
2010.12.20 11:06:01.635,1.50497,1.50528,1.50,1.50
2010.12.20 11:06:02.078,1.50497,1.5053,1.50,2.62
2010.12.20 11:06:02.858,1.50497,1.50528,1.50,1.50
2010.12.20 11:06:03.440,1.50497,1.50527,1.50,1.12
2010.12.20 11:06:03.853,1.50497,1.50529,1.50,1.50
2010.12.20 11:06:03.971,1.50497,1.50527,1.50,1.50
2010.12.20 11:06:04.917,1.50497,1.50529,1.50,1.50
2010.12.20 11:06:05.605,1.50497,1.50528,1.50,1.50
2010.12.20 11:06:06.769,1.50487,1.50523,1.50,1.50
2010.12.20 11:06:06.994,1.50497,1.50528,1.50,1.50
2010.12.20 11:06:07.582,1.50497,1.50529,1.50,1.50
2010.12.20 11:06:08.410,1.50497,1.50522,1.50,1.12
2010.12.20 11:06:08.638,1.50487,1.50519,1.88,1.12
2010.12.20 11:06:08.867,1.50487,1.50513,1.88,1.50
2010.12.20 11:06:08.986,1.50477,1.50513,3.75,1.50
2010.12.20 11:06:09.215,1.50477,1.50513,3.00,1.50
2010.12.20 11:06:13.425,1.50474,1.50511,1.88,3.19
2010.12.20 11:06:13.542,1.50472,1.50511,1.88,3.19
2010.12.20 11:06:14.094,1.50471,1.50495,1.88,1.12
2010.12.20 11:06:14.370,1.50469,1.50494,1.88,1.50
2010.12.20 11:06:14.686,1.50456,1.50494,3.38,1.69
2010.12.20 11:06:14.797,1.50458,1.50494,1.50,1.69
2010.12.20 11:06:15.196,1.50456,1.50492,1.50,1.50
2010.12.20 11:06:15.761,1.50457,1.50492,1.50,1.95
2010.12.20 11:06:16.070,1.50457,1.50487,1.50,1.88
2010.12.20 11:06:16.190,1.50457,1.50489,1.50,1.50
2010.12.20 11:06:16.310,1.50457,1.50491,1.50,1.50
2010.12.20 11:06:16.702,1.50447,1.50483,1.50,1.50
2010.12.20 11:06:30.400,1.50447,1.50482,1.50,2.25
2010.12.20 11:06:30.804,1.50447,1.50478,1.50,1.50
2010.12.20 11:06:30.917,1.50436,1.50474,3.38,1.50
2010.12.20 11:06:33.004,1.50436,1.50472,1.50,1.88
2010.12.20 11:06:33.845,1.50432,1.50463,1.50,1.50
2010.12.20 11:06:34.208,1.50429,1.50463,2.62,1.50
2010.12.20 11:06:34.667,1.50431,1.50463,1.50,1.50
2010.12.20 11:06:34.788,1.50441,1.50474,1.12,1.50
2010.12.20 11:06:35.207,1.50437,1.50473,1.50,1.50
2010.12.20 11:06:44.525,1.50438,1.50473,1.50,1.50
2010.12.20 11:06:47.009,1.50437,1.50473,3.00,1.50
2010.12.20 11:06:47.616,1.50436,1.50471,1.50,1.12
2010.12.20 11:06:47.957,1.50432,1.50463,1.50,1.50
2010.12.20 11:06:48.296,1.50427,1.50459,1.50,1.12
2010.12.20 11:06:48.526,1.50423,1.50454,2.25,1.50
2010.12.20 11:06:48.647,1.50423,1.50454,1.50,1.50
2010.12.20 11:06:49.182,1.50421,1.50454,2.25,1.50
2010.12.20 11:06:49.858,1.50421,1.50454,1.50,1.50
2010.12.20 11:06:51.526,1.50416,1.50454,3.00,1.50
2010.12.20 11:06:54.370,1.50416,1.50452,1.50,1.88
2010.12.20 11:06:54.657,1.50416,1.50454,1.50,1.50
2010.12.20 11:06:55.956,1.50413,1.50453,2.25,1.65
2010.12.20 11:06:56.293,1.50407,1.50437,1.50,2.47
2010.12.20 11:06:56.412,1.50402,1.50433,1.12,2.10
2010.12.20 11:06:56.530,1.50397,1.50431,1.50,1.88
2010.12.20 11:06:57.057,1.50386,1.50424,1.50,1.50
2010.12.20 11:07:05.045,1.50384,1.50414,1.50,1.50
2010.12.20 11:07:06.836,1.50387,1.50414,1.50,1.50
2010.12.20 11:07:07.595,1.50383,1.50414,1.50,1.50
2010.12.20 11:07:07.709,1.50389,1.50414,1.50,1.50
2010.12.20 11:07:07.831,1.50387,1.50414,1.50,1.50
2010.12.20 11:07:07.946,1.50384,1.50414,1.50,1.50
2010.12.20 11:07:08.976,1.50381,1.50414,1.50,1.50
2010.12.20 11:07:09.087,1.50381,1.50414,1.50,2.47
2010.12.20 11:07:09.321,1.50375,1.50407,1.88,1.61
2010.12.20 11:07:09.824,1.50364,1.50401,1.88,2.06
2010.12.20 11:07:09.936,1.50365,1.50393,1.88,1.50
2010.12.20 11:07:10.057,1.50357,1.50392,1.50,1.12
2010.12.20 11:07:10.356,1.50352,1.50383,1.88,1.50
2010.12.20 11:07:10.700,1.50347,1.50382,1.50,1.12
2010.12.20 11:07:11.297,1.50347,1.50381,1.50,1.12
2010.12.20 11:07:12.617,1.50347,1.50383,1.50,4.50
2010.12.20 11:07:13.506,1.50347,1.50383,3.00,1.50
2010.12.20 11:07:17.277,1.50352,1.50383,1.50,1.50
2010.12.20 11:07:17.628,1.50362,1.50383,1.50,1.50
2010.12.20 11:07:17.747,1.50362,1.50393,1.50,3.38
2010.12.20 11:07:18.748,1.50364,1.50393,1.50,1.50
2010.12.20 11:07:18.870,1.50365,1.50403,2.25,1.50
2010.12.20 11:07:18.987,1.50369,1.50403,2.25,1.50
2010.12.20 11:07:19.347,1.50376,1.50404,1.50,1.88
2010.12.20 11:07:19.462,1.50376,1.50414,2.25,1.50
2010.12.20 11:07:21.650,1.50376,1.50414,1.50,1.50
2010.12.20 11:07:22.669,1.50377,1.50414,1.50,1.50
2010.12.20 11:07:23.121,1.50377,1.50414,4.20,1.50
2010.12.20 11:07:23.346,1.50376,1.50414,2.33,1.50
2010.12.20 11:07:23.631,1.50393,1.50423,4.50,2.17
2010.12.20 11:07:23.989,1.50408,1.50434,12.30,1.88
2010.12.20 11:07:24.402,1.50417,1.50453,1.50,4.88
2010.12.20 11:07:24.521,1.50417,1.50445,2.25,1.50
2010.12.20 11:07:26.235,1.50417,1.5045,2.25,1.88
2010.12.20 11:07:26.565,1.50417,1.50452,2.25,1.88
2010.12.20 11:07:27.077,1.50417,1.50453,2.25,1.50
2010.12.20 11:07:34.480,1.50417,1.50453,2.25,1.50
2010.12.20 11:07:36.571,1.50417,1.50452,2.25,1.69
2010.12.20 11:07:37.036,1.50422,1.50444,4.50,1.50
2010.12.20 11:07:37.156,1.50428,1.50455,3.11,1.88
2010.12.20 11:07:37.280,1.50429,1.50454,1.50,1.88
2010.12.20 11:07:37.508,1.50437,1.50467,1.50,1.50
2010.12.20 11:07:38.074,1.50441,1.50473,1.69,1.50
2010.12.20 11:07:38.189,1.50437,1.50473,3.19,1.50
2010.12.20 11:07:38.651,1.50439,1.50473,1.50,1.50
2010.12.20 11:07:38.902,1.50449,1.50473,1.88,1.50
2010.12.20 11:07:39.125,1.50449,1.50483,1.50,3.38
2010.12.20 11:07:41.837,1.50447,1.50483,2.25,3.00
2010.12.20 11:07:42.406,1.50447,1.5048,2.25,1.50
2010.12.20 11:07:42.939,1.50447,1.50481,2.25,1.50
2010.12.20 11:07:44.102,1.50447,1.5048,1.50,1.50
2010.12.20 11:07:45.156,1.50447,1.50483,1.50,1.50
2010.12.20 11:07:45.277,1.50447,1.50483,2.25,1.50
2010.12.20 11:07:45.642,1.50456,1.50491,1.50,1.50
2010.12.20 11:07:45.760,1.50466,1.50491,1.50,1.50
2010.12.20 11:07:46.315,1.50466,1.50492,1.50,1.50
2010.12.20 11:07:49.467,1.50466,1.50494,1.50,1.50
2010.12.20 11:07:49.862,1.50466,1.50498,1.50,1.50
2010.12.20 11:07:50.431,1.50466,1.505,1.50,1.50
2010.12.20 11:07:53.465,1.50466,1.50503,1.50,1.50
2010.12.20 11:07:55.275,1.50466,1.50503,1.50,2.44
2010.12.20 11:07:55.401,1.50463,1.50498,1.88,4.28
2010.12.20 11:07:55.518,1.5046,1.50495,2.62,1.50
2010.12.20 11:07:55.640,1.5046,1.50494,1.88,1.50
2010.12.20 11:07:56.102,1.50466,1.50496,1.50,1.88
2010.12.20 11:07:56.325,1.50466,1.50498,1.50,1.50
2010.12.20 11:07:56.437,1.50467,1.50498,1.50,1.50
2010.12.20 11:07:56.561,1.50476,1.50504,1.50,3.00
2010.12.20 11:07:56.677,1.50473,1.50504,2.36,1.50
2010.12.20 11:07:56.923,1.50473,1.50507,1.42,1.88
2010.12.20 11:07:57.040,1.50477,1.505,1.50,1.50
2010.12.20 11:07:57.155,1.50466,1.505,1.50,1.50
2010.12.20 11:07:57.730,1.50466,1.50499,1.50,1.50
2010.12.20 11:08:02.777,1.50466,1.50498,1.50,1.50
2010.12.20 11:08:03.308,1.50466,1.50501,1.50,1.50
2010.12.20 11:08:03.426,1.50466,1.50504,1.50,1.50
2010.12.20 11:08:07.066,1.50466,1.50504,2.25,1.50
2010.12.20 11:08:10.827,1.50471,1.50504,1.12,1.50
2010.12.20 11:08:11.165,1.50474,1.50504,2.62,1.50
2010.12.20 11:08:11.454,1.50477,1.50513,1.50,1.50
2010.12.20 11:08:11.898,1.5048,1.50513,2.25,1.50
2010.12.20 11:08:12.238,1.50477,1.50513,1.50,1.50
2010.12.20 11:08:12.529,1.50487,1.50519,1.50,1.50
2010.12.20 11:08:14.567,1.50487,1.50519,1.50,1.58
2010.12.20 11:08:14.797,1.50487,1.50519,1.50,1.50
2010.12.20 11:08:15.328,1.50496,1.50521,1.50,1.50
2010.12.20 11:08:15.563,1.50496,1.50525,3.00,1.50
2010.12.20 11:08:15.678,1.50496,1.5053,3.00,1.58
2010.12.20 11:08:16.162,1.50496,1.5053,3.00,1.50
2010.12.20 11:08:16.385,1.50496,1.50532,3.75,1.50
2010.12.20 11:08:17.076,1.50496,1.50534,3.75,3.00
2010.12.20 11:08:18.858,1.50496,1.50534,3.75,3.00
2010.12.20 11:08:19.685,1.50496,1.50531,3.00,1.50
2010.12.20 11:08:20.017,1.50496,1.50532,2.25,1.50
2010.12.20 11:08:21.710,1.50496,1.50534,2.25,3.00
2010.12.20 11:08:22.126,1.50492,1.50534,1.12,3.00
2010.12.20 11:08:22.254,1.50496,1.50529,1.50,1.50
2010.12.20 11:08:22.372,1.50497,1.50533,1.88,1.50
2010.12.20 11:08:22.706,1.50497,1.50534,1.50,1.50
2010.12.20 11:08:22.834,1.50496,1.50536,2.25,1.50
2010.12.20 11:08:23.152,1.50497,1.50531,1.50,1.50
2010.12.20 11:08:23.806,1.50492,1.50523,1.12,1.50
2010.12.20 11:08:24.137,1.50488,1.50523,3.00,1.50
2010.12.20 11:08:25.295,1.5049,1.50523,1.50,1.50
2010.12.20 11:08:25.516,1.5049,1.50523,1.50,1.50
2010.12.20 11:08:28.175,1.5049,1.50523,1.50,1.50
2010.12.20 11:08:28.286,1.50496,1.50534,3.00,1.50
2010.12.20 11:08:29.638,1.50496,1.50534,3.00,1.50
2010.12.20 11:08:35.336,1.50496,1.50532,3.00,1.50
2010.12.20 11:08:35.457,1.50496,1.50532,2.25,1.50
2010.12.20 11:08:35.580,1.50493,1.50532,1.50,1.50
2010.12.20 11:08:35.696,1.50489,1.50526,2.62,1.50
2010.12.20 11:08:36.063,1.50488,1.50523,1.50,1.50
2010.12.20 11:08:38.044,1.50487,1.50523,3.00,1.50
2010.12.20 11:08:38.965,1.50487,1.50523,3.00,1.50
2010.12.20 11:08:42.206,1.50487,1.50523,2.25,1.50
2010.12.20 11:08:42.844,1.50487,1.50523,3.00,1.50
2010.12.20 11:08:53.637,1.50487,1.50524,1.50,1.50
2010.12.20 11:08:57.047,1.50488,1.50524,1.88,1.50
2010.12.20 11:08:57.427,1.50487,1.50524,4.12,1.50
2010.12.20 11:08:58.776,1.50489,1.50524,1.50,1.50
2010.12.20 11:08:59.212,1.50487,1.50524,1.50,1.50
2010.12.20 11:09:01.385,1.50486,1.50524,3.19,1.50
2010.12.20 11:09:02.263,1.50487,1.50524,1.50,1.50
2010.12.20 11:09:03.327,1.50486,1.50523,3.38,1.88
2010.12.20 11:09:04.208,1.50486,1.50524,1.50,1.50
2010.12.20 11:09:04.815,1.50486,1.50524,2.25,3.38
2010.12.20 11:09:04.936,1.50489,1.50524,1.88,1.50
2010.12.20 11:09:05.387,1.50486,1.50524,2.25,1.50
2010.12.20 11:09:06.266,1.50486,1.50524,2.25,1.50
2010.12.20 11:09:08.103,1.50481,1.50513,1.50,1.50
2010.12.20 11:09:08.220,1.50477,1.50513,3.00,1.50
2010.12.20 11:09:08.339,1.50477,1.50513,1.50,1.50
2010.12.20 11:09:10.644,1.50481,1.50504,1.12,1.50
2010.12.20 11:09:10.765,1.50478,1.50514,1.88,1.50
2010.12.20 11:09:11.393,1.50487,1.50519,2.25,1.88
2010.12.20 11:09:11.849,1.50487,1.50519,1.50,1.42
2010.12.20 11:09:12.178,1.50486,1.50518,1.50,1.42
2010.12.20 11:09:12.521,1.50486,1.5051,1.50,1.12
2010.12.20 11:09:13.002,1.50476,1.50514,1.50,2.62
2010.12.20 11:09:13.576,1.50476,1.50513,1.50,1.12
2010.12.20 11:09:14.292,1.50476,1.50514,1.50,1.50
2010.12.20 11:09:17.498,1.50472,1.50503,1.50,1.50
2010.12.20 11:09:17.801,1.50476,1.50514,1.50,1.50
2010.12.20 11:09:19.388,1.50466,1.50504,3.00,1.50
2010.12.20 11:09:20.811,1.50467,1.50504,1.50,1.50
2010.12.20 11:09:21.221,1.50471,1.50493,1.50,1.50
2010.12.20 11:09:21.347,1.50468,1.50493,1.50,1.50
2010.12.20 11:09:21.468,1.50476,1.50493,1.50,1.50
2010.12.20 11:09:21.865,1.50476,1.50504,1.50,1.50
2010.12.20 11:09:22.208,1.50473,1.50504,2.62,1.50
2010.12.20 11:09:22.852,1.50477,1.50504,1.50,1.50
2010.12.20 11:09:23.745,1.50479,1.50504,1.50,1.50
2010.12.20 11:09:24.206,1.50479,1.50514,1.50,1.50
2010.12.20 11:09:24.442,1.50481,1.50514,1.50,1.50
2010.12.20 11:09:27.125,1.50484,1.50514,1.50,1.50
2010.12.20 11:09:27.681,1.50485,1.50514,1.50,1.50
2010.12.20 11:09:29.483,1.50482,1.50514,1.50,1.50
2010.12.20 11:09:30.037,1.50483,1.50514,1.50,1.50
2010.12.20 11:09:30.304,1.50489,1.50514,1.50,1.50
2010.12.20 11:09:30.756,1.50487,1.50514,1.50,1.50
2010.12.20 11:09:31.315,1.50481,1.50514,1.50,1.50
2010.12.20 11:09:31.430,1.50484,1.50514,1.50,1.50
2010.12.20 11:09:32.017,1.50485,1.50514,1.50,1.50
2010.12.20 11:09:32.687,1.50489,1.50514,1.50,1.50
2010.12.20 11:09:33.686,1.50494,1.50514,1.50,1.50
2010.12.20 11:09:34.086,1.50497,1.50514,1.50,1.50
2010.12.20 11:09:34.306,1.50497,1.50523,1.50,1.50
2010.12.20 11:09:34.819,1.50496,1.50523,1.50,1.50
2010.12.20 11:09:36.046,1.50498,1.50523,1.50,1.50
2010.12.20 11:09:36.629,1.50496,1.50523,1.50,1.50
2010.12.20 11:09:36.977,1.50494,1.50523,1.50,1.50
2010.12.20 11:09:39.005,1.50495,1.50523,1.50,1.50
2010.12.20 11:09:39.939,1.50492,1.50523,1.50,1.50
2010.12.20 11:09:40.736,1.50489,1.50523,1.50,1.50
2010.12.20 11:09:41.804,1.50487,1.50523,1.50,1.50
2010.12.20 11:09:42.666,1.50486,1.50513,1.50,1.50
2010.12.20 11:09:42.927,1.50478,1.50513,1.50,2.25
2010.12.20 11:09:43.293,1.50478,1.50498,1.88,1.42
2010.12.20 11:09:43.532,1.5047,1.50493,1.88,2.25
2010.12.20 11:09:43.756,1.50463,1.50483,1.88,1.50
2010.12.20 11:09:44.090,1.50446,1.50484,1.50,2.25
2010.12.20 11:09:45.716,1.50444,1.50484,1.50,1.50
2010.12.20 11:09:45.832,1.50444,1.50474,1.50,1.50
2010.12.20 11:09:49.917,1.5044,1.50474,1.50,1.50
2010.12.20 11:09:50.043,1.50437,1.50474,1.50,1.50
2010.12.20 11:09:50.568,1.50437,1.50473,3.00,1.50
2010.12.20 11:09:50.894,1.50432,1.50464,1.50,1.50
2010.12.20 11:09:51.134,1.50428,1.50464,1.50,1.50
2010.12.20 11:09:51.468,1.50435,1.50464,1.50,1.50
2010.12.20 11:09:51.767,1.50432,1.50464,1.50,1.50
2010.12.20 11:09:52.466,1.50433,1.50464,1.50,1.50
2010.12.20 11:09:52.585,1.50431,1.50464,1.50,1.50
2010.12.20 11:09:53.754,1.50433,1.50464,1.50,1.50
2010.12.20 11:09:58.522,1.50426,1.50464,1.50,1.50
2010.12.20 11:09:58.642,1.50422,1.50464,1.50,1.50
2010.12.20 11:09:58.761,1.50418,1.50464,1.88,2.25
2010.12.20 11:09:58.945,1.50418,1.50454,1.88,1.50
2010.12.20 11:09:59.290,1.50416,1.50454,1.50,1.50
2010.12.20 11:10:00.461,1.50416,1.50437,1.50,4.50
2010.12.20 11:10:00.700,1.50404,1.50425,1.88,1.88
2010.12.20 11:10:01.088,1.50388,1.50424,1.88,2.62
2010.12.20 11:10:01.704,1.50396,1.50433,1.50,1.12
2010.12.20 11:10:01.822,1.50396,1.50426,1.50,1.12
2010.12.20 11:10:01.936,1.50389,1.50424,1.50,1.50
2010.12.20 11:10:02.389,1.50387,1.50424,1.50,1.50
2010.12.20 11:10:02.946,1.50388,1.50424,1.50,1.50
2010.12.20 11:10:04.407,1.5039,1.50424,1.50,1.50
2010.12.20 11:10:04.778,1.50394,1.50424,1.50,1.50
2010.12.20 11:10:05.549,1.50393,1.50424,1.50,1.50
2010.12.20 11:10:05.885,1.50397,1.50424,1.50,1.50
2010.12.20 11:10:07.409,1.50399,1.50424,1.50,1.50
2010.12.20 11:10:07.646,1.50401,1.50433,1.50,1.50
2010.12.20 11:10:08.274,1.50402,1.50433,1.50,1.50
2010.12.20 11:10:09.104,1.50404,1.50433,1.50,1.50
2010.12.20 11:10:11.725,1.50407,1.50443,1.50,1.58
2010.12.20 11:10:12.636,1.50407,1.50443,1.50,1.50
2010.12.20 11:10:13.215,1.50407,1.50443,1.50,1.65
2010.12.20 11:10:13.818,1.50407,1.50443,1.50,1.58
2010.12.20 11:10:15.386,1.50404,1.50433,1.88,1.50
2010.12.20 11:10:15.836,1.50402,1.50433,1.50,1.50
2010.12.20 11:10:17.757,1.50406,1.50444,1.50,4.69
2010.12.20 11:10:20.558,1.50406,1.50444,3.00,2.92
2010.12.20 11:10:20.675,1.50406,1.50434,1.50,1.50
2010.12.20 11:10:20.846,1.50407,1.50443,1.50,1.50
2010.12.20 11:10:21.186,1.50406,1.50433,1.50,1.50
2010.12.20 11:10:21.306,1.50404,1.50433,1.50,1.50
2010.12.20 11:10:21.919,1.504,1.50433,1.50,1.69
2010.12.20 11:10:25.556,1.504,1.50433,1.50,1.50
2010.12.20 11:10:26.067,1.50401,1.50433,1.50,1.50
2010.12.20 11:10:26.784,1.504,1.50433,1.50,1.50
2010.12.20 11:10:27.659,1.50398,1.50433,1.50,1.50
2010.12.20 11:10:28.235,1.50399,1.50433,1.50,1.50
2010.12.20 11:10:31.359,1.50397,1.50433,1.50,1.50
2010.12.20 11:10:32.490,1.50399,1.50433,1.50,1.50
2010.12.20 11:10:33.047,1.50401,1.50433,1.88,1.50
2010.12.20 11:10:33.447,1.50399,1.50433,1.50,1.50
2010.12.20 11:10:34.981,1.50398,1.50433,1.50,1.50
2010.12.20 11:10:35.694,1.50397,1.50433,3.38,1.50
2010.12.20 11:10:36.574,1.50398,1.50433,1.88,1.50
2010.12.20 11:10:36.964,1.504,1.50433,1.12,1.50
2010.12.20 11:10:37.078,1.50404,1.50444,1.50,1.50
2010.12.20 11:10:37.197,1.50407,1.50443,1.50,1.50
2010.12.20 11:10:43.038,1.50408,1.50443,1.88,1.50
2010.12.20 11:10:43.946,1.50407,1.50443,3.38,1.50
2010.12.20 11:10:44.725,1.50408,1.50443,1.88,1.50
2010.12.20 11:10:49.481,1.50407,1.50443,1.50,1.50
2010.12.20 11:10:50.984,1.50408,1.50443,1.88,1.50
2010.12.20 11:10:54.566,1.50408,1.50444,1.88,1.50
2010.12.20 11:10:55.355,1.50407,1.50444,3.38,1.50
2010.12.20 11:11:01.985,1.50406,1.50444,1.50,1.50
2010.12.20 11:11:05.426,1.50407,1.50452,1.50,1.65
2010.12.20 11:11:05.547,1.50412,1.50453,1.50,1.58
2010.12.20 11:11:05.946,1.50406,1.50444,2.25,1.50
2010.12.20 11:11:06.855,1.50411,1.50454,1.50,4.46
2010.12.20 11:11:07.245,1.50406,1.50449,1.50,1.50
2010.12.20 11:11:07.354,1.50414,1.50443,1.88,1.50
2010.12.20 11:11:07.644,1.50407,1.50443,1.50,1.50
2010.12.20 11:11:16.635,1.50407,1.50442,1.50,1.42
2010.12.20 11:11:16.965,1.50401,1.50433,3.38,1.50
2010.12.20 11:11:18.088,1.50402,1.50433,1.50,1.50
2010.12.20 11:11:18.319,1.504,1.50433,1.50,1.50
2010.12.20 11:11:18.749,1.50398,1.50433,3.38,1.50
2010.12.20 11:11:23.516,1.50406,1.50442,1.50,3.67
2010.12.20 11:11:24.564,1.50406,1.50442,1.50,4.76
2010.12.20 11:11:25.147,1.50406,1.50441,1.50,2.25
2010.12.20 11:11:27.814,1.50406,1.50438,1.50,1.50
2010.12.20 11:11:30.264,1.50406,1.50437,1.50,1.50
2010.12.20 11:11:32.908,1.50406,1.50433,1.50,1.50
2010.12.20 11:11:33.219,1.50396,1.50433,1.50,1.50
2010.12.20 11:11:33.786,1.50396,1.50433,1.50,1.58
2010.12.20 11:11:34.110,1.50396,1.50429,1.50,1.50
2010.12.20 11:11:36.591,1.50396,1.50428,1.50,1.50
2010.12.20 11:11:36.823,1.50388,1.50423,1.88,1.50
2010.12.20 11:11:37.193,1.50387,1.5042,1.88,1.88
2010.12.20 11:11:37.417,1.50386,1.50424,3.38,1.50
2010.12.20 11:11:43.045,1.50389,1.50424,1.50,1.50
2010.12.20 11:11:43.156,1.50386,1.50424,1.50,1.50
2010.12.20 11:11:44.746,1.50386,1.5042,1.50,1.12
2010.12.20 11:11:44.864,1.50386,1.50424,1.50,2.25
2010.12.20 11:11:45.381,1.50386,1.50424,1.50,3.19
2010.12.20 11:11:45.728,1.50385,1.50414,1.88,1.50
2010.12.20 11:11:45.848,1.50378,1.50414,1.88,1.50
2010.12.20 11:11:46.079,1.50377,1.50414,1.88,2.25
2010.12.20 11:11:46.605,1.50376,1.50414,1.50,2.25
2010.12.20 11:11:46.935,1.50376,1.50412,1.50,2.25
2010.12.20 11:11:47.596,1.5037,1.50403,1.88,1.50
2010.12.20 11:11:48.216,1.50376,1.5041,1.50,2.25
2010.12.20 11:11:49.366,1.50376,1.50407,1.50,3.75
2010.12.20 11:11:49.486,1.50372,1.50404,1.88,2.25
2010.12.20 11:11:49.595,1.50369,1.50404,1.88,2.25
2010.12.20 11:11:50.655,1.50366,1.504,1.50,2.78
2010.12.20 11:11:52.756,1.50367,1.504,1.12,1.35
2010.12.20 11:11:52.873,1.50367,1.504,1.12,2.78
2010.12.20 11:11:53.161,1.50367,1.504,1.12,2.17
2010.12.20 11:11:53.299,1.50357,1.50393,4.88,2.25
2010.12.20 11:11:53.718,1.50357,1.5039,3.00,1.42
2010.12.20 11:11:53.850,1.50352,1.50384,1.88,1.50
2010.12.20 11:11:54.549,1.50351,1.50384,1.50,1.50
2010.12.20 11:11:54.885,1.50353,1.50384,1.50,1.50
2010.12.20 11:11:55.439,1.50352,1.50384,1.50,1.50
2010.12.20 11:11:56.078,1.50346,1.50384,3.75,1.50
2010.12.20 11:11:58.179,1.50347,1.50384,1.50,1.50
2010.12.20 11:11:58.805,1.50346,1.50384,1.50,1.50
2010.12.20 11:12:10.187,1.50347,1.50384,1.50,1.50
2010.12.20 11:12:10.747,1.50346,1.50384,1.50,1.50
2010.12.20 11:12:16.077,1.50347,1.50383,1.50,1.50
2010.12.20 11:12:16.926,1.50347,1.50382,1.50,4.50
2010.12.20 11:12:17.160,1.50342,1.50374,1.88,1.69
2010.12.20 11:12:17.277,1.50341,1.50369,1.88,1.42
2010.12.20 11:12:17.592,1.50341,1.50364,1.88,1.50
2010.12.20 11:12:17.717,1.50332,1.50364,1.50,1.50
2010.12.20 11:12:18.074,1.50337,1.50366,1.50,1.61
2010.12.20 11:12:18.698,1.5033,1.50364,1.50,2.25
2010.12.20 11:12:19.211,1.50329,1.50364,1.50,2.25
2010.12.20 11:12:19.787,1.50327,1.50364,1.50,2.25
2010.12.20 11:12:20.124,1.50327,1.50364,1.50,2.25
2010.12.20 11:12:22.766,1.50327,1.50364,1.50,1.50
2010.12.20 11:12:23.106,1.5033,1.50364,1.50,1.50
2010.12.20 11:12:24.841,1.50332,1.50364,1.50,1.50
2010.12.20 11:12:27.285,1.5033,1.50364,1.50,1.50
2010.12.20 11:12:28.735,1.5033,1.50364,1.50,2.25
2010.12.20 11:12:29.298,1.5033,1.50364,1.50,3.11
2010.12.20 11:12:29.694,1.5033,1.50361,1.50,1.42
2010.12.20 11:12:30.037,1.50332,1.50364,1.50,1.58
2010.12.20 11:12:31.178,1.50332,1.50364,1.50,1.58
2010.12.20 11:12:31.722,1.50332,1.50364,1.50,1.58
2010.12.20 11:12:32.455,1.50329,1.50364,1.50,1.50
2010.12.20 11:12:32.676,1.50326,1.50364,3.00,2.44
2010.12.20 11:12:33.008,1.50327,1.50353,1.50,1.50
2010.12.20 11:12:37.257,1.50319,1.50353,1.88,1.50
2010.12.20 11:12:37.390,1.50321,1.50342,1.88,1.69
2010.12.20 11:12:37.621,1.50319,1.50339,1.88,3.04
2010.12.20 11:12:37.742,1.50318,1.50339,1.88,2.17
2010.12.20 11:12:38.023,1.50311,1.50338,1.88,1.12
2010.12.20 11:12:38.151,1.50307,1.50338,1.50,1.50
2010.12.20 11:12:38.268,1.50307,1.5034,1.50,1.69
2010.12.20 11:12:38.498,1.50307,1.5034,1.50,1.50
2010.12.20 11:12:39.066,1.50307,1.50338,1.50,1.12
2010.12.20 11:12:39.582,1.50307,1.50337,1.50,1.12
2010.12.20 11:12:40.241,1.50297,1.50333,1.50,1.50
2010.12.20 11:12:44.692,1.50297,1.50333,1.50,1.58
2010.12.20 11:12:46.345,1.50297,1.50333,1.50,2.33
2010.12.20 11:12:46.455,1.50297,1.50333,1.50,2.55
2010.12.20 11:12:47.006,1.50297,1.50331,1.50,1.50
2010.12.20 11:12:47.337,1.50294,1.50324,1.50,1.50
2010.12.20 11:12:47.908,1.50293,1.50324,1.50,1.50
2010.12.20 11:12:48.328,1.50298,1.50324,1.50,1.50
2010.12.20 11:12:48.457,1.50292,1.50324,1.50,1.50
2010.12.20 11:12:49.067,1.50291,1.50324,1.50,1.50
2010.12.20 11:12:49.520,1.50287,1.50324,3.38,1.50
2010.12.20 11:12:50.120,1.50286,1.50324,1.50,1.50
2010.12.20 11:12:52.198,1.50288,1.50324,1.50,1.50
2010.12.20 11:12:52.321,1.50286,1.50324,3.00,1.50
2010.12.20 11:12:53.585,1.50281,1.50313,1.50,1.50
2010.12.20 11:12:54.237,1.50282,1.50313,1.50,1.50
2010.12.20 11:12:54.577,1.50285,1.50313,1.50,1.50
2010.12.20 11:12:54.696,1.50281,1.50313,1.50,1.50
2010.12.20 11:12:55.388,1.50279,1.50313,1.50,1.50
2010.12.20 11:12:55.729,1.50277,1.50313,3.00,2.17
2010.12.20 11:12:56.063,1.50277,1.50313,3.00,2.92
2010.12.20 11:12:56.736,1.50267,1.50303,1.50,3.38
2010.12.20 11:12:56.850,1.50267,1.50303,1.50,2.62
2010.12.20 11:12:57.359,1.50272,1.50303,1.50,1.50
2010.12.20 11:12:57.704,1.50279,1.50303,1.50,1.50
2010.12.20 11:12:57.821,1.50276,1.50312,1.50,1.88
2010.12.20 11:12:58.458,1.50276,1.50314,3.00,1.50
2010.12.20 11:12:58.580,1.5028,1.50314,1.50,1.50
2010.12.20 11:12:58.701,1.50276,1.50314,1.50,1.50
2010.12.20 11:12:58.937,1.50278,1.50314,1.50,1.50
2010.12.20 11:12:59.277,1.50286,1.50314,1.50,1.50
2010.12.20 11:12:59.505,1.50286,1.50324,3.00,1.50
2010.12.20 11:13:00.664,1.50288,1.50331,1.65,1.88
2010.12.20 11:13:00.887,1.50296,1.50334,1.50,2.25
2010.12.20 11:13:01.555,1.50296,1.50334,1.50,1.50
2010.12.20 11:13:02.219,1.50296,1.50331,1.50,1.50
2010.12.20 11:13:02.888,1.50286,1.50324,1.50,1.50
2010.12.20 11:13:04.957,1.50286,1.50324,1.50,2.92
2010.12.20 11:13:05.406,1.50282,1.50313,1.50,1.50
2010.12.20 11:13:07.919,1.50279,1.50313,1.50,1.50
2010.12.20 11:13:08.561,1.50278,1.50313,1.50,1.50
2010.12.20 11:13:10.237,1.50277,1.50313,1.50,1.50
2010.12.20 11:13:10.361,1.50281,1.50313,1.50,1.50
2010.12.20 11:13:10.601,1.50287,1.50322,1.50,1.88
2010.12.20 11:13:11.314,1.50287,1.50323,1.50,1.50
2010.12.20 11:13:14.527,1.50287,1.50323,1.50,1.58
2010.12.20 11:13:15.088,1.50287,1.50323,1.50,3.15
2010.12.20 11:13:15.847,1.50287,1.50323,1.50,4.65
2010.12.20 11:13:15.965,1.50279,1.50313,1.50,1.50
2010.12.20 11:13:16.298,1.50286,1.50318,1.50,1.95
2010.12.20 11:13:16.815,1.50286,1.5032,1.50,1.88
2010.12.20 11:13:17.723,1.50286,1.5032,1.50,1.95
2010.12.20 11:13:18.709,1.50286,1.5032,1.50,2.03
2010.12.20 11:13:19.004,1.50286,1.5032,1.50,1.95
2010.12.20 11:13:19.618,1.50277,1.50314,4.12,1.50
2010.12.20 11:13:20.164,1.50286,1.50319,1.50,1.95
2010.12.20 11:13:20.678,1.50286,1.50319,1.50,2.17
2010.12.20 11:13:22.288,1.50286,1.50318,1.50,1.35
2010.12.20 11:13:22.618,1.50276,1.50314,1.50,1.65
2010.12.20 11:13:22.915,1.50276,1.50314,1.50,1.58
2010.12.20 11:13:24.660,1.50276,1.50314,1.50,1.65
2010.12.20 11:13:25.564,1.50276,1.50314,3.00,1.50
2010.12.20 11:13:28.105,1.50276,1.50314,1.50,1.58
2010.12.20 11:13:31.395,1.50276,1.50314,1.50,1.50
2010.12.20 11:13:31.507,1.50276,1.50314,1.50,1.65
2010.12.20 11:13:35.037,1.50276,1.50314,1.50,1.50
2010.12.20 11:13:39.007,1.50276,1.50314,1.50,1.58
2010.12.20 11:13:46.372,1.50276,1.50314,1.50,1.50
2010.12.20 11:13:47.109,1.50276,1.50314,1.50,1.58
2010.12.20 11:13:48.693,1.50276,1.50314,1.50,1.50
2010.12.20 11:13:50.730,1.50276,1.50314,1.50,1.58
2010.12.20 11:14:00.442,1.50276,1.50314,1.50,3.30
2010.12.20 11:14:00.556,1.50276,1.50314,1.50,3.08
2010.12.20 11:14:00.890,1.50277,1.50313,1.50,1.65
2010.12.20 11:14:01.693,1.50277,1.50313,1.50,1.80
2010.12.20 11:14:01.936,1.50277,1.50313,1.50,1.65
2010.12.20 11:14:03.758,1.50277,1.50313,1.50,1.65
2010.12.20 11:14:07.321,1.50277,1.50313,1.50,1.58
2010.12.20 11:14:07.439,1.50277,1.50313,1.50,1.95
2010.12.20 11:14:09.206,1.50277,1.50306,1.50,1.09
2010.12.20 11:14:09.441,1.50257,1.503,1.88,1.27
2010.12.20 11:14:09.691,1.50261,1.503,1.88,2.03
2010.12.20 11:14:10.027,1.50257,1.50293,1.50,1.50
2010.12.20 11:14:10.647,1.50257,1.50293,2.25,1.50
2010.12.20 11:14:10.891,1.50266,1.503,1.50,1.88
2010.12.20 11:14:11.466,1.50266,1.50304,1.50,1.50
2010.12.20 11:14:14.423,1.50261,1.50293,1.50,1.50
2010.12.20 11:14:15.877,1.5026,1.50293,1.50,1.50
2010.12.20 11:14:20.649,1.50258,1.50293,1.50,1.50
2010.12.20 11:14:21.878,1.50257,1.50293,1.50,1.50
2010.12.20 11:14:23.906,1.50258,1.50293,1.50,1.50
2010.12.20 11:14:29.086,1.50259,1.50293,1.50,1.50
2010.12.20 11:14:29.308,1.50264,1.50293,1.50,1.50
2010.12.20 11:14:30.588,1.50263,1.50293,2.25,1.50
2010.12.20 11:14:30.712,1.50263,1.50293,1.50,1.50
2010.12.20 11:14:30.925,1.5026,1.50293,2.03,1.50
2010.12.20 11:14:31.143,1.50263,1.50293,1.50,1.50
2010.12.20 11:14:31.271,1.5026,1.50299,1.88,4.99
2010.12.20 11:14:31.597,1.50257,1.50284,1.88,1.50
2010.12.20 11:14:31.937,1.50255,1.50284,3.38,1.50
2010.12.20 11:14:33.137,1.50254,1.50284,1.50,1.50
2010.12.20 11:14:34.161,1.50249,1.50284,1.50,1.50
2010.12.20 11:14:34.445,1.50246,1.50284,1.50,1.50
2010.12.20 11:14:34.919,1.50246,1.50284,1.50,1.58
2010.12.20 11:14:35.037,1.50246,1.50284,1.50,1.50
2010.12.20 11:14:35.636,1.50247,1.50284,1.50,1.50
2010.12.20 11:14:35.756,1.50249,1.50284,1.50,1.50
2010.12.20 11:14:36.266,1.50248,1.50284,1.50,1.50
2010.12.20 11:14:36.858,1.50248,1.50284,1.50,4.16
2010.12.20 11:14:37.263,1.50213,1.50264,1.50,35.46
2010.12.20 11:14:37.560,1.50229,1.50242,1.88,4.50
2010.12.20 11:14:37.803,1.5022,1.50234,1.88,1.50
2010.12.20 11:14:38.026,1.50207,1.50234,1.88,1.50
2010.12.20 11:14:38.489,1.50207,1.50243,1.50,1.50
2010.12.20 11:14:40.447,1.50211,1.50243,1.50,1.50
2010.12.20 11:14:40.976,1.50213,1.50243,1.50,1.50
2010.12.20 11:14:41.094,1.50216,1.50254,1.50,1.50
2010.12.20 11:14:41.427,1.50218,1.50254,1.88,1.50
2010.12.20 11:14:41.950,1.50219,1.50254,1.88,1.50
2010.12.20 11:14:42.295,1.50216,1.50254,1.50,1.50
2010.12.20 11:14:42.726,1.50216,1.50254,1.50,1.58
2010.12.20 11:14:43.328,1.50216,1.50254,1.50,1.50
2010.12.20 11:14:44.476,1.50218,1.50254,1.50,1.50
2010.12.20 11:14:45.404,1.5022,1.50254,1.88,1.50
2010.12.20 11:14:46.304,1.50221,1.50254,1.88,1.50
2010.12.20 11:14:46.865,1.5022,1.50254,1.88,1.50
2010.12.20 11:14:47.387,1.50219,1.50254,1.88,1.50
2010.12.20 11:14:47.913,1.50216,1.50254,3.00,1.50
2010.12.20 11:14:50.367,1.50217,1.50254,1.88,1.50
2010.12.20 11:14:50.595,1.50219,1.50254,1.88,1.50
2010.12.20 11:14:51.256,1.50225,1.50254,1.50,1.50
2010.12.20 11:14:51.367,1.50226,1.50264,1.50,1.50
2010.12.20 11:14:51.604,1.50234,1.50264,1.50,1.50
2010.12.20 11:14:52.202,1.50237,1.50264,1.50,1.50
2010.12.20 11:14:52.539,1.50239,1.50264,1.88,1.50
2010.12.20 11:14:52.946,1.50238,1.50273,1.50,1.50
2010.12.20 11:14:53.276,1.50241,1.50273,1.88,1.50
2010.12.20 11:14:53.616,1.50238,1.50273,3.38,1.50
2010.12.20 11:14:54.251,1.50243,1.50273,1.88,1.50
2010.12.20 11:14:54.737,1.50247,1.50283,1.50,1.50
2010.12.20 11:14:55.347,1.50247,1.50283,1.50,1.65
2010.12.20 11:14:55.908,1.50238,1.50274,1.88,1.50
2010.12.20 11:14:56.416,1.50237,1.50274,1.88,1.50
2010.12.20 11:14:57.013,1.50238,1.50274,3.38,1.50
2010.12.20 11:14:57.238,1.50243,1.50274,1.50,1.50
2010.12.20 11:14:57.359,1.50239,1.50274,1.88,1.50
2010.12.20 11:14:57.808,1.50241,1.50274,1.88,1.50
2010.12.20 11:14:58.537,1.50246,1.50284,1.50,1.50
2010.12.20 11:14:58.772,1.50248,1.50282,1.88,1.50
2010.12.20 11:14:59.106,1.50248,1.50279,1.88,1.50
2010.12.20 11:14:59.293,1.50248,1.50282,1.88,1.50
2010.12.20 11:14:59.423,1.50251,1.50282,1.88,1.50
2010.12.20 11:14:59.539,1.50242,1.50282,2.62,1.50
2010.12.20 11:14:59.659,1.50247,1.50282,1.50,1.50
2010.12.20 11:15:00.256,1.50248,1.50282,1.88,1.50
2010.12.20 11:15:00.597,1.50253,1.50284,1.88,1.50
2010.12.20 11:15:01.195,1.50254,1.50284,1.88,1.50
2010.12.20 11:15:02.464,1.50253,1.50284,1.88,1.50
2010.12.20 11:15:02.803,1.50257,1.50292,1.50,1.65
2010.12.20 11:15:02.923,1.50253,1.50284,1.88,1.50
2010.12.20 11:15:03.297,1.50251,1.50284,1.88,1.50
2010.12.20 11:15:04.230,1.50248,1.50284,1.88,1.50
2010.12.20 11:15:05.691,1.50252,1.50284,1.88,1.50
2010.12.20 11:15:06.407,1.50255,1.50284,1.88,1.50
2010.12.20 11:15:06.666,1.50252,1.50284,1.88,1.50
2010.12.20 11:15:06.874,1.50254,1.50284,1.88,1.50
2010.12.20 11:15:08.024,1.50255,1.50284,1.88,1.50
2010.12.20 11:15:08.362,1.50257,1.50283,1.88,1.50
2010.12.20 11:15:08.934,1.50256,1.50283,1.88,1.50
2010.12.20 11:15:09.089,1.50254,1.50283,1.88,1.50
2010.12.20 11:15:09.316,1.50252,1.50283,1.88,1.65
2010.12.20 11:15:09.867,1.50252,1.50283,1.88,1.65
2010.12.20 11:15:10.208,1.50249,1.50274,1.88,1.58
2010.12.20 11:15:10.659,1.50243,1.50274,1.88,1.65
2010.12.20 11:15:10.780,1.50242,1.50274,1.88,1.65
2010.12.20 11:15:11.008,1.50246,1.50281,1.50,1.65
2010.12.20 11:15:11.126,1.50246,1.50281,1.50,1.65
2010.12.20 11:15:11.236,1.50246,1.50281,1.50,1.65
2010.12.20 11:15:12.127,1.50246,1.50281,1.50,1.65
2010.12.20 11:15:12.597,1.50243,1.50273,1.88,1.58
2010.12.20 11:15:12.718,1.50243,1.50273,2.62,1.58
2010.12.20 11:15:12.841,1.50246,1.50284,2.25,3.53
2010.12.20 11:15:13.263,1.50248,1.50283,1.50,1.80
2010.12.20 11:15:13.611,1.50249,1.50283,2.62,3.97
2010.12.20 11:15:13.801,1.50249,1.50283,1.88,3.97
2010.12.20 11:15:14.027,1.50247,1.50274,1.88,1.58
2010.12.20 11:15:14.147,1.50247,1.50274,1.88,1.50
2010.12.20 11:15:14.608,1.50243,1.50274,4.12,1.58
2010.12.20 11:15:15.289,1.50242,1.50274,2.62,1.65
2010.12.20 11:15:16.200,1.50241,1.50274,1.88,4.57
2010.12.20 11:15:16.549,1.50239,1.50255,1.88,1.50
2010.12.20 11:15:16.954,1.50225,1.5026,1.88,3.71
2010.12.20 11:15:17.075,1.50218,1.50253,1.88,1.50
2010.12.20 11:15:17.628,1.5022,1.50253,1.50,1.50
2010.12.20 11:15:18.344,1.50223,1.50253,1.50,1.65
2010.12.20 11:15:18.895,1.50221,1.50253,1.88,1.65
2010.12.20 11:15:19.134,1.50223,1.50253,1.88,1.65
2010.12.20 11:15:19.247,1.50219,1.50253,1.88,1.65
2010.12.20 11:15:19.897,1.5022,1.50253,1.88,1.65
2010.12.20 11:15:20.871,1.50224,1.50253,1.50,1.50
2010.12.20 11:15:21.208,1.50228,1.50253,1.50,1.50
2010.12.20 11:15:21.548,1.50232,1.50253,1.42,1.50
2010.12.20 11:15:21.999,1.50228,1.50253,2.62,1.50
2010.12.20 11:15:22.118,1.50228,1.50264,2.62,1.58
2010.12.20 11:15:22.238,1.50227,1.50264,2.17,1.65
2010.12.20 11:15:22.576,1.50226,1.50264,2.25,7.72
2010.12.20 11:15:23.114,1.50225,1.50263,1.88,4.57
2010.12.20 11:15:23.348,1.50223,1.50254,1.88,3.97
2010.12.20 11:15:23.704,1.50217,1.50243,1.88,1.80
2010.12.20 11:15:23.941,1.50212,1.50234,1.50,1.50
2010.12.20 11:15:24.439,1.50209,1.50234,1.50,1.50
2010.12.20 11:15:25.261,1.50211,1.50243,1.50,1.65
2010.12.20 11:15:26.149,1.50211,1.50243,1.50,1.58
2010.12.20 11:15:27.288,1.50213,1.50243,1.50,1.58
2010.12.20 11:15:27.517,1.5021,1.50243,1.88,1.58
2010.12.20 11:15:28.447,1.50211,1.50243,1.88,1.65
2010.12.20 11:15:28.582,1.50209,1.50243,1.88,1.65
2010.12.20 11:15:29.685,1.50209,1.50243,1.88,1.58
2010.12.20 11:15:30.766,1.50209,1.50243,1.88,1.50
2010.12.20 11:15:31.315,1.50211,1.50243,3.38,1.50
2010.12.20 11:15:33.219,1.50211,1.50243,4.12,1.50
2010.12.20 11:15:33.465,1.50223,1.50254,1.69,3.38
2010.12.20 11:15:33.581,1.50228,1.50259,3.19,1.95
2010.12.20 11:15:33.964,1.5022,1.50254,3.56,1.58
2010.12.20 11:15:34.079,1.50226,1.50254,1.88,1.50
2010.12.20 11:15:34.306,1.50222,1.50254,2.62,1.50
2010.12.20 11:15:34.686,1.50222,1.50254,2.62,1.58
2010.12.20 11:15:35.606,1.50221,1.50254,2.81,1.65
2010.12.20 11:15:40.327,1.5022,1.50254,1.69,1.58
2010.12.20 11:15:42.997,1.5022,1.50254,1.69,1.50
2010.12.20 11:15:43.123,1.50234,1.50263,2.55,1.88
2010.12.20 11:15:43.529,1.50243,1.50261,1.42,1.88
2010.12.20 11:15:43.660,1.50238,1.50266,1.50,1.95
2010.12.20 11:15:43.785,1.50232,1.50273,2.25,1.73
2010.12.20 11:15:44.010,1.5023,1.50273,1.50,1.73
2010.12.20 11:15:44.137,1.50237,1.50273,1.50,1.80
2010.12.20 11:15:44.939,1.50222,1.50253,1.88,1.58
2010.12.20 11:15:45.667,1.50227,1.50263,1.50,1.58
2010.12.20 11:15:46.007,1.50227,1.50263,1.50,4.28
2010.12.20 11:15:46.567,1.50227,1.50263,1.50,1.80
2010.12.20 11:15:47.626,1.50227,1.50263,1.50,1.65
2010.12.20 11:15:48.026,1.50227,1.50263,1.50,1.58
2010.12.20 11:15:48.551,1.50227,1.50263,2.25,1.50
2010.12.20 11:15:48.670,1.50228,1.50263,3.00,1.50
2010.12.20 11:15:49.397,1.50228,1.50263,1.50,1.50
2010.12.20 11:15:49.629,1.50225,1.50263,3.53,1.58
2010.12.20 11:15:49.893,1.50226,1.50261,1.88,1.50
2010.12.20 11:15:50.469,1.50236,1.50267,1.50,1.88
2010.12.20 11:15:50.971,1.50236,1.5027,1.50,1.50
2010.12.20 11:15:51.198,1.50236,1.5027,1.50,1.58
2010.12.20 11:15:52.699,1.50236,1.50268,1.50,1.27
2010.12.20 11:15:53.136,1.50226,1.50264,1.50,1.58
2010.12.20 11:15:53.257,1.50226,1.50264,1.50,1.80
2010.12.20 11:15:53.581,1.50226,1.50264,1.50,1.65
2010.12.20 11:15:54.034,1.50226,1.50264,1.50,1.65
2010.12.20 11:15:54.596,1.50226,1.50264,1.50,1.80
2010.12.20 11:15:55.195,1.50226,1.50264,1.50,1.65
2010.12.20 11:15:55.527,1.50226,1.50264,1.50,1.65
2010.12.20 11:15:56.617,1.50226,1.50264,1.50,1.65
2010.12.20 11:15:56.870,1.5022,1.50254,1.88,1.50
2010.12.20 11:15:57.426,1.50216,1.50254,1.50,1.50
2010.12.20 11:15:58.086,1.50227,1.50263,1.50,1.58
2010.12.20 11:15:58.428,1.50227,1.50263,1.50,3.15
2010.12.20 11:15:59.172,1.50227,1.50263,1.50,3.45
2010.12.20 11:15:59.728,1.50227,1.50263,1.50,8.32
2010.12.20 11:16:00.020,1.50217,1.50254,1.88,1.80
2010.12.20 11:16:00.728,1.50216,1.50254,1.50,1.65
2010.12.20 11:16:02.721,1.50216,1.50254,1.50,1.58
2010.12.20 11:16:08.848,1.50216,1.50254,1.50,1.50
2010.12.20 11:16:09.567,1.50217,1.50254,1.88,1.50
2010.12.20 11:16:11.531,1.50227,1.50261,1.50,1.50
2010.12.20 11:16:11.649,1.50219,1.50254,1.88,1.50
2010.12.20 11:16:12.136,1.50217,1.50253,3.75,1.50
2010.12.20 11:16:12.371,1.50219,1.50253,1.88,1.50
2010.12.20 11:16:13.882,1.50221,1.50253,1.50,1.50
2010.12.20 11:16:14.106,1.50219,1.50253,1.50,1.50
2010.12.20 11:16:14.373,1.50224,1.50253,1.50,1.50
2010.12.20 11:16:14.849,1.50228,1.50253,1.50,1.50
2010.12.20 11:16:15.160,1.50227,1.50263,3.00,1.50
2010.12.20 11:16:15.817,1.50231,1.50263,1.50,1.50
2010.12.20 11:16:16.200,1.50227,1.50263,3.00,1.50
2010.12.20 11:16:17.189,1.50227,1.50252,3.00,4.50
2010.12.20 11:16:17.312,1.50225,1.50248,1.88,1.50
2010.12.20 11:16:17.756,1.50226,1.50248,1.88,2.47
2010.12.20 11:16:17.884,1.50227,1.50263,1.12,1.50
2010.12.20 11:16:18.001,1.50227,1.50263,1.88,1.50
2010.12.20 11:16:18.447,1.50233,1.50264,2.81,1.50
2010.12.20 11:16:18.578,1.5024,1.50281,1.73,2.03
2010.12.20 11:16:18.809,1.50246,1.50278,1.50,1.65
2010.12.20 11:16:19.314,1.50246,1.50283,1.50,1.65
2010.12.20 11:16:19.435,1.50246,1.5028,1.50,1.80
2010.12.20 11:16:19.769,1.50244,1.50273,1.88,1.58
2010.12.20 11:16:20.273,1.5024,1.50272,1.88,1.50
2010.12.20 11:16:20.397,1.50237,1.50269,1.50,1.50
2010.12.20 11:16:20.729,1.50237,1.50272,1.50,1.50
2010.12.20 11:16:22.547,1.50237,1.50271,1.50,1.50
2010.12.20 11:16:23.167,1.50237,1.50271,1.50,1.65
2010.12.20 11:16:24.724,1.50228,1.50263,2.62,1.65
2010.12.20 11:16:24.840,1.50228,1.50263,1.88,1.65
2010.12.20 11:16:25.425,1.50228,1.50263,1.88,1.50
2010.12.20 11:16:25.987,1.50227,1.50263,4.12,1.50
2010.12.20 11:16:26.921,1.50227,1.50263,4.12,1.58
2010.12.20 11:16:27.434,1.50228,1.50263,2.62,1.50
2010.12.20 11:16:27.559,1.5023,1.50263,1.69,1.50
2010.12.20 11:16:32.948,1.50229,1.50263,4.50,1.50
2010.12.20 11:16:36.488,1.50235,1.50263,1.50,1.50
2010.12.20 11:16:36.607,1.50237,1.50271,1.50,1.58
2010.12.20 11:16:37.835,1.50237,1.50273,1.50,1.73
2010.12.20 11:16:38.507,1.50237,1.50273,1.50,12.64
2010.12.20 11:16:40.711,1.50237,1.50273,1.50,3.45
2010.12.20 11:16:43.425,1.50237,1.50273,1.50,3.15
2010.12.20 11:16:46.097,1.50237,1.50273,2.25,1.65
2010.12.20 11:16:46.852,1.50237,1.50273,2.25,1.58
2010.12.20 11:16:48.283,1.50237,1.50273,2.25,1.80
2010.12.20 11:16:49.985,1.50237,1.50273,1.50,1.80
2010.12.20 11:16:50.536,1.50237,1.50273,1.50,1.65
2010.12.20 11:16:52.286,1.50237,1.50273,1.50,1.65
2010.12.20 11:16:52.402,1.50237,1.50273,1.50,1.80
2010.12.20 11:16:52.956,1.50237,1.50273,1.50,1.58
2010.12.20 11:16:53.654,1.50237,1.50273,1.50,1.65
2010.12.20 11:16:54.865,1.50236,1.50274,2.25,3.15
2010.12.20 11:16:55.335,1.50236,1.50274,2.25,1.65
2010.12.20 11:16:55.893,1.50236,1.50274,3.94,1.50
2010.12.20 11:16:56.528,1.50238,1.50274,1.12,1.50
2010.12.20 11:16:56.868,1.50237,1.50274,3.56,1.58
2010.12.20 11:16:57.316,1.50237,1.50274,2.81,1.50
2010.12.20 11:16:59.596,1.50236,1.50274,8.44,1.58
2010.12.20 11:17:00.115,1.50237,1.50274,1.69,1.58
2010.12.20 11:17:00.535,1.50247,1.5028,1.50,2.03
2010.12.20 11:17:00.648,1.50247,1.50282,1.50,1.65
2010.12.20 11:17:01.205,1.5024,1.50273,1.88,1.50
2010.12.20 11:17:01.426,1.50237,1.50273,2.44,1.50
2010.12.20 11:17:02.060,1.50239,1.50273,1.35,1.50
2010.12.20 11:17:03.838,1.5025,1.50273,1.50,1.50
2010.12.20 11:17:03.958,1.5025,1.50284,1.50,3.38
2010.12.20 11:17:04.370,1.50257,1.50283,1.88,1.65
2010.12.20 11:17:04.818,1.50249,1.50283,1.88,1.58
2010.12.20 11:17:04.937,1.50251,1.50283,1.88,1.58
2010.12.20 11:17:05.436,1.50247,1.50283,1.50,1.65
2010.12.20 11:17:08.136,1.50247,1.50283,1.50,1.65
2010.12.20 11:17:08.469,1.50246,1.50284,1.50,3.97
2010.12.20 11:17:09.627,1.50246,1.50284,3.00,1.65
2010.12.20 11:17:09.745,1.50246,1.50284,3.00,1.65
2010.12.20 11:17:10.731,1.50246,1.50284,3.75,1.65
2010.12.20 11:17:11.076,1.50256,1.50293,1.50,5.10
2010.12.20 11:17:11.798,1.50256,1.50291,1.50,3.22
2010.12.20 11:17:11.918,1.50256,1.50289,1.50,3.97
2010.12.20 11:17:12.193,1.50248,1.50284,2.03,1.58
2010.12.20 11:17:12.540,1.50248,1.50284,3.60,1.58
2010.12.20 11:17:12.987,1.50257,1.50293,1.50,4.20
2010.12.20 11:17:18.548,1.50257,1.50293,1.50,3.22
2010.12.20 11:17:21.665,1.50257,1.50293,1.50,7.91
2010.12.20 11:17:21.779,1.50257,1.50293,1.50,7.72
2010.12.20 11:17:22.939,1.50257,1.50293,2.25,8.32
2010.12.20 11:17:23.608,1.50257,1.50293,1.50,8.32
2010.12.20 11:17:25.750,1.50257,1.50293,1.50,7.91
2010.12.20 11:17:27.219,1.50257,1.50292,2.25,1.20
2010.12.20 11:17:27.340,1.50257,1.50293,2.25,7.91
2010.12.20 11:17:27.574,1.50254,1.50284,1.50,1.58
2010.12.20 11:17:27.691,1.50256,1.50294,2.25,8.66
2010.12.20 11:17:28.083,1.50256,1.50289,1.50,3.97
2010.12.20 11:17:28.746,1.50256,1.50292,1.50,4.57
2010.12.20 11:17:30.677,1.50256,1.50292,1.50,3.97
2010.12.20 11:17:34.080,1.50256,1.50293,2.44,8.89
2010.12.20 11:17:34.307,1.50256,1.50293,2.25,4.16
2010.12.20 11:17:35.542,1.50256,1.50293,1.50,4.35
2010.12.20 11:17:36.452,1.50256,1.50293,1.50,4.16
2010.12.20 11:17:36.927,1.50256,1.50293,1.50,4.20
2010.12.20 11:17:39.197,1.50256,1.50293,1.50,4.16
2010.12.20 11:17:41.266,1.50256,1.50293,1.50,3.97
2010.12.20 11:17:41.382,1.50256,1.50293,1.50,1.50
2010.12.20 11:17:41.610,1.5026,1.50294,2.10,1.50
2010.12.20 11:17:41.947,1.50267,1.50303,1.69,1.50
2010.12.20 11:17:42.177,1.50269,1.50303,1.88,1.50
2010.12.20 11:17:42.618,1.50271,1.50303,1.88,1.50
2010.12.20 11:17:43.202,1.50272,1.50303,1.88,1.50
2010.12.20 11:17:50.608,1.50272,1.50313,1.88,1.50
2010.12.20 11:17:50.733,1.50277,1.50313,1.50,1.50
2010.12.20 11:17:51.461,1.50278,1.50313,1.12,1.50
2010.12.20 11:17:53.429,1.50284,1.50313,1.88,1.50
2010.12.20 11:17:53.552,1.50281,1.50313,1.88,1.50
2010.12.20 11:17:54.121,1.5028,1.50313,1.88,1.50
2010.12.20 11:17:54.826,1.50281,1.50313,1.88,1.50
2010.12.20 11:17:57.900,1.50286,1.50324,1.50,1.50
2010.12.20 11:18:04.688,1.50287,1.50324,1.50,1.50
2010.12.20 11:18:06.574,1.50288,1.50324,1.88,1.50
2010.12.20 11:18:15.626,1.50287,1.50324,1.88,1.50
2010.12.20 11:18:16.289,1.50287,1.50323,1.50,1.50
2010.12.20 11:18:17.373,1.5029,1.50323,1.88,1.50
2010.12.20 11:18:17.937,1.5029,1.50323,3.38,1.50
2010.12.20 11:18:18.209,1.5029,1.50323,2.62,1.50
2010.12.20 11:18:18.332,1.50296,1.50331,1.50,1.50
2010.12.20 11:18:19.669,1.50296,1.50334,1.50,1.50
2010.12.20 11:18:20.011,1.503,1.50334,1.88,1.50
2010.12.20 11:18:20.126,1.50298,1.50334,1.88,3.00
2010.12.20 11:18:20.367,1.50296,1.50334,1.50,3.00
2010.12.20 11:18:29.550,1.50296,1.50334,1.50,1.58
2010.12.20 11:18:30.311,1.50296,1.50334,1.50,3.00
2010.12.20 11:18:43.105,1.50296,1.50331,1.50,1.50
2010.12.20 11:18:43.857,1.50296,1.50331,1.50,1.58
2010.12.20 11:18:44.078,1.50296,1.50331,1.50,1.50
2010.12.20 11:18:44.494,1.50296,1.50336,2.25,1.12
2010.12.20 11:18:44.608,1.50307,1.50336,1.50,1.12
2010.12.20 11:18:44.839,1.50307,1.50338,1.50,1.50
2010.12.20 11:18:44.960,1.50307,1.50335,1.50,1.50
2010.12.20 11:18:45.827,1.50307,1.50337,1.50,1.50
2010.12.20 11:18:47.134,1.50307,1.50338,1.50,1.65
2010.12.20 11:18:47.688,1.50307,1.50339,1.50,1.50
2010.12.20 11:18:48.198,1.50307,1.50338,1.50,1.50
2010.12.20 11:18:49.128,1.50307,1.50338,1.50,2.44
2010.12.20 11:18:49.249,1.50299,1.50334,1.88,1.50
2010.12.20 11:18:49.478,1.50298,1.50323,1.88,1.50
2010.12.20 11:18:49.596,1.50292,1.50323,2.62,1.50
2010.12.20 11:18:50.526,1.5029,1.50323,1.12,1.50
2010.12.20 11:18:50.638,1.50292,1.50323,1.88,1.50
2010.12.20 11:18:50.964,1.5029,1.50323,1.88,1.50
2010.12.20 11:18:51.205,1.50288,1.50323,1.88,1.50
2010.12.20 11:18:53.306,1.50289,1.50323,1.50,1.50
2010.12.20 11:18:54.327,1.5029,1.50323,1.12,1.50
2010.12.20 11:18:57.806,1.50288,1.50323,1.12,1.50
2010.12.20 11:18:59.357,1.50287,1.50323,3.38,1.50
2010.12.20 11:19:00.735,1.50297,1.50333,1.50,1.50
2010.12.20 11:19:07.591,1.50306,1.50339,1.50,1.50
2010.12.20 11:19:08.199,1.50306,1.50343,1.50,1.50
2010.12.20 11:19:08.668,1.50307,1.50348,3.38,1.50
2010.12.20 11:19:08.787,1.50313,1.50352,1.42,3.38
2010.12.20 11:19:08.900,1.50313,1.50351,2.25,1.50
2010.12.20 11:19:09.407,1.50316,1.50352,1.50,1.65
2010.12.20 11:19:09.748,1.50316,1.50352,2.25,1.50
2010.12.20 11:19:10.473,1.50316,1.50353,1.50,1.58
2010.12.20 11:19:11.028,1.50316,1.50354,2.33,1.58
2010.12.20 11:19:11.148,1.50316,1.50354,2.25,1.58
2010.12.20 11:19:11.710,1.50316,1.50354,2.25,1.58
2010.12.20 11:19:12.047,1.50316,1.50354,2.25,1.58
2010.12.20 11:19:12.368,1.50316,1.50354,1.50,1.65
2010.12.20 11:19:12.488,1.5031,1.50353,1.20,2.51
2010.12.20 11:19:12.607,1.5031,1.50348,1.88,1.50
2010.12.20 11:19:12.727,1.5031,1.50344,1.88,1.50
2010.12.20 11:19:12.837,1.50307,1.50343,1.50,1.50
2010.12.20 11:19:15.958,1.50307,1.50343,2.25,2.44
2010.12.20 11:19:16.313,1.50325,1.50347,1.42,1.88
2010.12.20 11:19:16.877,1.5033,1.50364,2.25,3.38
2010.12.20 11:19:18.107,1.50331,1.50364,1.58,1.50
2010.12.20 11:19:18.829,1.5033,1.50364,2.25,1.58
2010.12.20 11:19:19.190,1.50325,1.5036,1.42,1.50
2010.12.20 11:19:19.313,1.50322,1.50354,1.88,1.50
2010.12.20 11:19:19.430,1.50316,1.50354,4.12,1.50
2010.12.20 11:19:20.429,1.50316,1.50354,2.33,1.50
2010.12.20 11:19:21.868,1.5032,1.50354,2.25,1.50
2010.12.20 11:19:21.981,1.50316,1.50354,1.50,1.50
2010.12.20 11:19:31.910,1.50319,1.50354,1.12,1.50
2010.12.20 11:19:32.248,1.50322,1.50354,2.70,1.50
2010.12.20 11:19:32.586,1.50325,1.50354,1.12,1.50
2010.12.20 11:19:33.197,1.50323,1.50354,3.00,1.50
2010.12.20 11:19:33.834,1.50326,1.50362,1.50,1.58
2010.12.20 11:19:37.196,1.50326,1.50362,2.25,1.65
2010.12.20 11:19:37.417,1.50326,1.50362,2.25,1.65
2010.12.20 11:19:40.211,1.50326,1.5036,1.50,1.50
2010.12.20 11:19:41.449,1.50326,1.5036,1.50,1.58
2010.12.20 11:19:42.600,1.50326,1.5036,1.50,1.50
2010.12.20 11:19:43.647,1.50326,1.5036,1.50,1.58
2010.12.20 11:19:45.356,1.50326,1.5036,1.50,1.65
2010.12.20 11:19:46.697,1.50326,1.5036,1.50,1.58
2010.12.20 11:19:51.906,1.50327,1.5036,1.50,1.58
2010.12.20 11:19:52.207,1.50327,1.5036,1.50,3.97
2010.12.20 11:19:52.832,1.50324,1.50353,1.42,1.80
2010.12.20 11:19:53.308,1.50324,1.50353,1.42,3.97
2010.12.20 11:19:53.913,1.50324,1.50353,1.42,1.73
2010.12.20 11:19:54.667,1.50324,1.50353,1.42,1.65
2010.12.20 11:19:55.507,1.50324,1.50353,1.42,1.80
2010.12.20 11:19:55.617,1.50324,1.50353,1.42,4.20
2010.12.20 11:19:58.039,1.50324,1.50353,1.42,1.65
2010.12.20 11:19:58.156,1.50324,1.50353,1.42,1.73
2010.12.20 11:19:58.477,1.50318,1.50353,1.42,1.73
2010.12.20 11:19:59.069,1.50309,1.5035,3.75,1.65
2010.12.20 11:19:59.193,1.50309,1.50344,3.00,1.58
2010.12.20 11:20:00.784,1.50309,1.50344,2.25,1.58
2010.12.20 11:20:01.795,1.50308,1.50344,2.17,1.58
2010.12.20 11:20:02.879,1.50308,1.50344,2.17,1.58
2010.12.20 11:20:02.997,1.50306,1.50344,4.50,1.65
2010.12.20 11:20:03.109,1.50304,1.50334,1.88,1.50
2010.12.20 11:20:03.638,1.50301,1.50334,2.17,1.50
2010.12.20 11:20:04.352,1.50301,1.50334,2.17,1.50
2010.12.20 11:20:05.377,1.50301,1.5034,2.17,2.51
2010.12.20 11:20:05.688,1.50301,1.50339,2.17,1.01
2010.12.20 11:20:06.497,1.50301,1.50334,2.17,1.50
2010.12.20 11:20:10.470,1.50303,1.50334,1.42,1.50
2010.12.20 11:20:10.932,1.50301,1.50334,2.17,1.50
2010.12.20 11:20:12.245,1.50301,1.50334,2.17,1.50
2010.12.20 11:20:13.076,1.50301,1.50334,2.17,1.58
2010.12.20 11:20:13.533,1.50308,1.50334,2.17,1.58
2010.12.20 11:20:14.881,1.50308,1.50334,2.17,1.58
2010.12.20 11:20:14.995,1.50308,1.50334,2.17,1.65
2010.12.20 11:20:15.218,1.503,1.50334,1.42,1.65
2010.12.20 11:20:15.759,1.503,1.50334,1.42,1.58
2010.12.20 11:20:23.358,1.503,1.50334,1.42,1.65
2010.12.20 11:20:31.678,1.503,1.50333,1.42,1.58
2010.12.20 11:20:32.130,1.50297,1.50333,1.50,1.76
2010.12.20 11:20:33.037,1.50299,1.50333,1.42,1.58
2010.12.20 11:20:34.204,1.50299,1.50333,2.17,1.58
2010.12.20 11:20:38.416,1.50297,1.50333,3.67,1.84
2010.12.20 11:20:41.307,1.50297,1.50333,1.50,1.69
2010.12.20 11:20:45.826,1.50297,1.50334,1.50,3.00
2010.12.20 11:20:49.727,1.50296,1.50334,4.43,3.00
2010.12.20 11:20:50.331,1.50296,1.50334,3.00,1.50
2010.12.20 11:20:59.292,1.50299,1.50334,2.17,1.50
2010.12.20 11:20:59.922,1.503,1.50334,2.17,1.50
2010.12.20 11:21:00.315,1.50299,1.50334,2.17,1.50
2010.12.20 11:21:00.816,1.50299,1.50333,2.17,1.50
2010.12.20 11:21:06.762,1.50297,1.50333,3.00,1.50
2010.12.20 11:21:07.727,1.50297,1.50333,2.25,1.50
2010.12.20 11:21:10.478,1.50297,1.50333,1.50,1.65
2010.12.20 11:21:11.638,1.50297,1.50333,1.50,1.50
2010.12.20 11:21:12.218,1.50297,1.50333,1.50,1.58
2010.12.20 11:21:12.571,1.50306,1.50339,1.50,1.65
2010.12.20 11:21:12.689,1.50306,1.50339,1.50,1.58
2010.12.20 11:21:12.809,1.50306,1.50339,1.50,1.80
2010.12.20 11:21:13.103,1.50306,1.50337,1.50,1.50
2010.12.20 11:21:13.508,1.50297,1.50333,3.38,1.50
2010.12.20 11:21:19.278,1.50297,1.50333,1.50,1.84
2010.12.20 11:21:19.398,1.50294,1.50333,1.50,1.65
2010.12.20 11:21:19.657,1.50294,1.50318,1.50,4.50
2010.12.20 11:21:19.777,1.5027,1.50307,1.50,1.50
2010.12.20 11:21:19.891,1.50273,1.50293,1.50,4.50
2010.12.20 11:21:20.012,1.50252,1.50286,1.50,1.50
2010.12.20 11:21:20.130,1.50247,1.50283,1.50,1.50
2010.12.20 11:21:20.250,1.50247,1.50282,1.50,1.88
2010.12.20 11:21:20.660,1.50247,1.50278,3.38,1.12
2010.12.20 11:21:20.996,1.50247,1.50278,1.50,1.88
2010.12.20 11:21:27.450,1.5024,1.50275,1.88,2.25
2010.12.20 11:21:28.007,1.50239,1.50274,1.50,1.50
2010.12.20 11:21:29.557,1.50239,1.50264,1.50,1.50
2010.12.20 11:21:33.838,1.50235,1.50264,1.50,1.50
2010.12.20 11:21:36.770,1.50239,1.50264,1.50,1.50
2010.12.20 11:21:42.047,1.50242,1.50274,1.50,1.50
2010.12.20 11:21:42.159,1.50244,1.50274,1.50,1.50
2010.12.20 11:21:42.655,1.50236,1.50274,3.00,1.50
2010.12.20 11:21:45.779,1.50236,1.50274,1.50,1.58
2010.12.20 11:21:46.249,1.50236,1.50274,1.50,1.50
2010.12.20 11:21:46.760,1.50232,1.50263,2.85,1.50
2010.12.20 11:21:46.882,1.50237,1.50269,2.92,1.50
2010.12.20 11:21:47.000,1.50237,1.50273,2.92,1.50
2010.12.20 11:21:51.338,1.50237,1.50273,1.50,1.65
2010.12.20 11:21:52.133,1.50237,1.50273,1.50,3.15
2010.12.20 11:21:52.247,1.50237,1.50271,1.50,1.50
2010.12.20 11:21:52.617,1.50232,1.50264,1.88,2.25
2010.12.20 11:21:52.980,1.50231,1.50258,1.88,1.01
2010.12.20 11:21:53.102,1.50228,1.50258,1.88,1.01
2010.12.20 11:21:53.446,1.50226,1.50257,1.50,1.88
2010.12.20 11:21:53.560,1.50226,1.50257,1.50,1.88
2010.12.20 11:21:57.198,1.50217,1.50254,1.88,2.33
2010.12.20 11:21:57.784,1.50224,1.50254,1.50,2.33
2010.12.20 11:21:57.899,1.50216,1.50254,1.50,1.58
2010.12.20 11:21:58.128,1.50217,1.50244,1.88,1.50
2010.12.20 11:21:58.357,1.50209,1.50244,3.38,2.25
2010.12.20 11:21:58.578,1.50207,1.50243,1.50,1.88
2010.12.20 11:21:59.138,1.50206,1.50244,3.00,2.25
2010.12.20 11:21:59.262,1.50206,1.50227,3.00,1.88
2010.12.20 11:21:59.380,1.50206,1.5023,1.50,2.62
2010.12.20 11:21:59.499,1.50203,1.5023,1.88,2.62
2010.12.20 11:21:59.619,1.50203,1.50224,1.88,1.50
2010.12.20 11:21:59.887,1.50191,1.50224,1.88,1.50
2010.12.20 11:22:00.003,1.50196,1.50233,1.50,1.88
2010.12.20 11:22:00.120,1.50196,1.50231,1.50,1.88
2010.12.20 11:22:00.347,1.50196,1.50233,1.50,1.88
2010.12.20 11:22:00.457,1.50188,1.50224,2.25,1.50
2010.12.20 11:22:05.958,1.50188,1.5022,1.50,2.44
2010.12.20 11:22:06.313,1.50188,1.50203,1.50,1.50
2010.12.20 11:22:06.802,1.50167,1.50203,1.50,1.50
2010.12.20 11:22:11.911,1.5017,1.50203,2.25,1.50
2010.12.20 11:22:12.035,1.50175,1.5021,2.25,1.88
2010.12.20 11:22:12.334,1.50177,1.50209,1.50,1.88
2010.12.20 11:22:12.557,1.50177,1.50213,1.50,1.50
2010.12.20 11:22:16.897,1.50176,1.50204,1.88,1.50
2010.12.20 11:22:17.006,1.50172,1.50204,2.62,1.50
2010.12.20 11:22:18.600,1.50171,1.50204,5.59,1.50
2010.12.20 11:22:18.903,1.50191,1.50225,7.33,1.88
2010.12.20 11:22:19.239,1.50214,1.50224,1.50,1.88
2010.12.20 11:22:19.358,1.50215,1.50242,1.50,1.88
2010.12.20 11:22:19.898,1.50217,1.50254,1.50,1.50
2010.12.20 11:22:20.367,1.50217,1.50243,3.38,1.50
2010.12.20 11:22:20.814,1.50218,1.50253,1.88,1.50
2010.12.20 11:22:21.368,1.50217,1.50253,1.50,1.50
2010.12.20 11:22:22.735,1.50215,1.50244,1.88,1.50
2010.12.20 11:22:22.850,1.50212,1.50244,1.88,1.50
2010.12.20 11:22:23.078,1.50208,1.50244,1.88,1.50
2010.12.20 11:22:23.198,1.50206,1.50244,1.50,1.50
2010.12.20 11:22:24.750,1.50202,1.50233,1.88,1.50
2010.12.20 11:22:25.144,1.50207,1.50243,1.50,1.50
2010.12.20 11:22:26.377,1.50207,1.5024,1.50,1.12
2010.12.20 11:22:26.728,1.50207,1.50237,1.50,1.12
2010.12.20 11:22:27.068,1.50198,1.50233,1.88,1.50
2010.12.20 11:22:27.599,1.50197,1.50233,1.50,1.50
2010.12.20 11:22:27.941,1.50197,1.50233,2.25,1.50
2010.12.20 11:22:28.547,1.502,1.50233,1.50,1.50
2010.12.20 11:22:29.035,1.50197,1.50233,1.50,2.25
2010.12.20 11:22:30.097,1.50197,1.50233,1.50,2.25
2010.12.20 11:22:30.684,1.50187,1.50223,1.50,1.50
2010.12.20 11:22:31.021,1.50197,1.50233,1.50,2.25
2010.12.20 11:22:31.812,1.50206,1.5023,1.50,1.88
2010.12.20 11:22:32.045,1.50196,1.50228,1.50,1.88
2010.12.20 11:22:32.159,1.50196,1.50234,1.50,4.12
2010.12.20 11:22:32.383,1.50207,1.50234,1.50,2.40
2010.12.20 11:22:32.503,1.50196,1.50229,1.50,2.06
2010.12.20 11:22:32.619,1.50196,1.50228,1.50,2.62
2010.12.20 11:22:32.960,1.50206,1.50226,1.50,1.88
2010.12.20 11:22:33.191,1.50206,1.50232,1.50,3.75
2010.12.20 11:22:33.615,1.50206,1.50242,1.50,3.38
2010.12.20 11:22:33.729,1.50206,1.50239,1.50,1.01
2010.12.20 11:22:34.067,1.50206,1.50235,1.50,1.88
2010.12.20 11:22:36.157,1.50197,1.50227,1.50,1.69
2010.12.20 11:22:36.597,1.50197,1.50223,1.50,1.88
2010.12.20 11:22:37.252,1.50191,1.50221,1.50,1.50
2010.12.20 11:22:37.371,1.50197,1.50224,1.50,1.88
2010.12.20 11:22:37.492,1.5019,1.50224,1.50,2.44
2010.12.20 11:22:37.718,1.50186,1.50224,3.38,2.44
2010.12.20 11:22:38.443,1.50197,1.50225,1.50,1.09
2010.12.20 11:22:38.563,1.50196,1.50226,1.50,2.62
2010.12.20 11:22:38.795,1.50196,1.50228,1.50,2.62
2010.12.20 11:22:39.205,1.50197,1.50225,1.50,1.12
2010.12.20 11:22:40.089,1.50197,1.5023,1.50,4.50
2010.12.20 11:22:41.868,1.50197,1.50229,1.50,1.69
2010.12.20 11:22:42.536,1.50197,1.50227,1.50,1.50
2010.12.20 11:22:43.258,1.50191,1.50223,1.88,1.50
2010.12.20 11:22:43.487,1.50187,1.50223,1.50,1.50
2010.12.20 11:22:44.405,1.50197,1.50228,1.50,2.62
2010.12.20 11:22:46.016,1.50197,1.50227,1.50,1.50
2010.12.20 11:22:46.347,1.50191,1.50224,1.88,3.38
2010.12.20 11:22:46.464,1.50189,1.50224,1.42,2.25
2010.12.20 11:22:46.737,1.50189,1.50224,3.53,2.25
2010.12.20 11:22:46.855,1.50196,1.50229,1.50,2.62
2010.12.20 11:22:49.631,1.50189,1.50223,1.50,1.50
2010.12.20 11:22:51.292,1.50188,1.50223,1.88,1.50
2010.12.20 11:22:51.857,1.50187,1.50223,1.50,2.25
2010.12.20 11:22:51.968,1.50187,1.5022,1.50,1.50
2010.12.20 11:22:52.309,1.50176,1.50206,1.50,2.29
2010.12.20 11:22:52.702,1.50169,1.502,1.88,1.35
2010.12.20 11:22:52.926,1.50164,1.50193,1.50,1.50
2010.12.20 11:23:09.436,1.50167,1.50202,1.50,2.06
2010.12.20 11:23:09.546,1.50167,1.50202,1.50,1.31
2010.12.20 11:23:09.657,1.5017,1.50203,1.50,3.56
2010.12.20 11:23:09.767,1.50168,1.50203,1.50,4.76
2010.12.20 11:23:09.996,1.50168,1.50193,1.50,1.50
2010.12.20 11:23:10.838,1.50169,1.50193,1.50,1.50
2010.12.20 11:23:11.176,1.50172,1.50193,1.50,1.50
2010.12.20 11:23:11.399,1.50172,1.50204,1.50,1.69
2010.12.20 11:23:11.518,1.50174,1.50204,1.50,1.69
2010.12.20 11:23:13.918,1.50177,1.50204,1.50,1.69
2010.12.20 11:23:14.158,1.50174,1.50204,1.50,1.69
2010.12.20 11:23:15.905,1.50175,1.50204,1.50,1.69
2010.12.20 11:23:16.849,1.50175,1.50204,1.50,1.50
2010.12.20 11:23:16.970,1.5018,1.50211,1.50,1.88
2010.12.20 11:23:17.088,1.5018,1.50213,1.50,1.88
2010.12.20 11:23:17.395,1.50183,1.50214,1.50,1.50
2010.12.20 11:23:19.429,1.50183,1.50214,2.25,1.50
2010.12.20 11:23:19.682,1.50188,1.50223,1.50,1.88
2010.12.20 11:23:19.800,1.50191,1.50223,1.50,1.88
2010.12.20 11:23:20.139,1.50193,1.50224,1.50,1.50
2010.12.20 11:23:20.422,1.50188,1.50224,3.00,1.50
2010.12.20 11:23:27.506,1.50197,1.50234,1.50,1.50
2010.12.20 11:23:28.057,1.50198,1.50234,1.88,1.50
2010.12.20 11:23:30.400,1.50199,1.50234,1.88,1.50
2010.12.20 11:23:30.754,1.50202,1.50234,1.88,1.50
2010.12.20 11:23:30.989,1.50199,1.50234,1.88,1.50
2010.12.20 11:23:33.646,1.50207,1.50239,2.25,1.50
2010.12.20 11:23:33.942,1.50207,1.50246,2.25,1.50
2010.12.20 11:23:34.060,1.50206,1.50243,1.50,1.50
2010.12.20 11:23:34.617,1.50206,1.50244,2.25,1.50
2010.12.20 11:23:43.556,1.50207,1.50244,1.88,1.50
2010.12.20 11:23:47.205,1.50208,1.50244,1.88,1.50
2010.12.20 11:23:50.474,1.50209,1.50244,1.88,1.50
2010.12.20 11:23:50.990,1.50208,1.50244,1.88,1.50
2010.12.20 11:23:51.611,1.50216,1.50251,1.50,1.58
2010.12.20 11:23:51.748,1.50216,1.50251,1.50,1.50
2010.12.20 11:23:52.247,1.50216,1.50254,1.50,1.50
2010.12.20 11:23:52.482,1.50217,1.50254,2.29,1.50
2010.12.20 11:23:52.997,1.50218,1.50254,3.90,1.50
2010.12.20 11:23:53.217,1.50227,1.50263,1.50,3.00
2010.12.20 11:23:54.027,1.50227,1.50262,1.50,1.50
2010.12.20 11:23:55.140,1.50222,1.50254,2.62,1.50
2010.12.20 11:23:55.917,1.50216,1.50254,3.38,1.50
2010.12.20 11:23:57.528,1.50227,1.50254,1.50,1.50
2010.12.20 11:23:57.871,1.50226,1.5026,1.50,2.62
2010.12.20 11:23:57.988,1.50227,1.5026,1.50,1.88
2010.12.20 11:23:58.107,1.50228,1.50263,1.88,1.50
2010.12.20 11:23:58.619,1.50227,1.50263,1.50,1.58
2010.12.20 11:24:00.448,1.50227,1.50259,1.50,1.50
2010.12.20 11:24:05.657,1.50227,1.50256,1.50,1.50
2010.12.20 11:24:10.736,1.50227,1.50253,1.50,1.50
2010.12.20 11:24:19.137,1.50227,1.50256,1.50,1.50
2010.12.20 11:24:19.440,1.50227,1.50258,1.50,1.50
2010.12.20 11:24:19.560,1.50227,1.50252,1.50,1.50
2010.12.20 11:24:20.146,1.50217,1.50252,1.50,1.50
2010.12.20 11:24:21.454,1.50217,1.50253,1.50,1.50
2010.12.20 11:24:30.618,1.50227,1.50256,1.50,1.50
2010.12.20 11:24:33.949,1.50227,1.50256,1.50,2.25
2010.12.20 11:24:34.069,1.50218,1.50254,1.88,2.25
2010.12.20 11:24:34.417,1.50219,1.50247,1.88,1.65
2010.12.20 11:24:34.760,1.50216,1.50242,1.50,1.50
2010.12.20 11:24:35.280,1.50216,1.50241,1.50,1.50
2010.12.20 11:24:35.877,1.50216,1.5024,1.50,1.50
2010.12.20 11:24:36.526,1.50216,1.50244,1.50,2.25
2010.12.20 11:24:37.328,1.50216,1.50242,1.50,1.50
2010.12.20 11:24:39.178,1.50216,1.50239,1.50,1.50
2010.12.20 11:24:40.227,1.50216,1.50241,1.50,1.50
2010.12.20 11:24:40.848,1.50207,1.50241,1.50,1.50
2010.12.20 11:24:41.707,1.50207,1.50239,1.50,1.50
2010.12.20 11:24:42.289,1.50207,1.5024,1.50,1.50
2010.12.20 11:24:42.898,1.50207,1.50238,1.50,1.50
2010.12.20 11:24:44.099,1.50207,1.50239,1.50,1.50
2010.12.20 11:24:44.680,1.50207,1.50238,1.50,1.58
2010.12.20 11:24:45.739,1.50207,1.50238,1.50,1.65
2010.12.20 11:24:49.327,1.50207,1.50239,1.50,1.65
2010.12.20 11:24:49.660,1.50197,1.50233,1.50,1.58
2010.12.20 11:24:49.782,1.50197,1.50233,1.50,1.80
2010.12.20 11:24:50.143,1.50197,1.50233,1.50,3.08
2010.12.20 11:24:50.270,1.50197,1.50226,1.50,1.50
2010.12.20 11:24:52.292,1.50197,1.50223,1.50,1.50
2010.12.20 11:24:52.911,1.50197,1.50222,1.50,1.50
2010.12.20 11:24:55.017,1.50187,1.50222,1.88,1.50
2010.12.20 11:24:55.566,1.50186,1.50223,1.50,1.50
2010.12.20 11:24:56.227,1.50186,1.50223,2.25,1.50
2010.12.20 11:24:56.787,1.50197,1.50226,1.50,1.50
2010.12.20 11:24:56.901,1.50197,1.5023,1.50,1.50
2010.12.20 11:24:57.127,1.50197,1.50232,1.50,1.50
2010.12.20 11:24:57.679,1.50197,1.50233,2.25,1.50
2010.12.20 11:24:58.274,1.50206,1.5024,1.50,1.50
2010.12.20 11:24:58.828,1.50206,1.50244,1.50,3.00
2010.12.20 11:24:58.947,1.50206,1.50241,1.50,1.50
2010.12.20 11:25:00.307,1.50206,1.50242,1.50,1.50
2010.12.20 11:25:01.288,1.50216,1.50242,1.50,1.50
2010.12.20 11:25:01.407,1.50216,1.50245,1.50,1.50
2010.12.20 11:25:01.957,1.50216,1.50248,1.50,1.50
2010.12.20 11:25:02.177,1.50226,1.50248,1.50,1.50
2010.12.20 11:25:02.488,1.50226,1.5025,1.50,1.50
2010.12.20 11:25:02.719,1.50226,1.50253,1.50,1.50
2010.12.20 11:25:04.479,1.50226,1.5025,1.50,1.50
2010.12.20 11:25:05.076,1.50226,1.50249,1.50,1.50
2010.12.20 11:25:05.549,1.50226,1.50251,1.50,1.50
2010.12.20 11:25:06.229,1.50226,1.50253,1.50,1.50
2010.12.20 11:25:06.355,1.50226,1.50255,1.50,1.50
2010.12.20 11:25:06.470,1.50226,1.50257,1.50,1.50
2010.12.20 11:25:10.100,1.50226,1.50256,1.50,1.50
2010.12.20 11:25:10.817,1.50226,1.50254,1.50,1.50
2010.12.20 11:25:19.374,1.50226,1.50257,1.50,1.50
2010.12.20 11:25:19.942,1.50227,1.50256,1.50,1.50
2010.12.20 11:25:20.460,1.50227,1.50257,1.50,1.50
2010.12.20 11:25:22.042,1.50227,1.50257,2.25,1.50
2010.12.20 11:25:22.160,1.50228,1.50263,1.50,1.50
2010.12.20 11:25:22.280,1.50227,1.50263,1.50,1.50
2010.12.20 11:25:22.465,1.50227,1.50263,1.50,2.25
2010.12.20 11:25:22.814,1.50225,1.50246,1.88,2.25
2010.12.20 11:25:22.934,1.50217,1.50248,1.50,4.50
2010.12.20 11:25:23.769,1.50217,1.50242,1.50,1.12
2010.12.20 11:25:24.051,1.50217,1.50249,1.50,4.50
2010.12.20 11:25:25.416,1.50217,1.50248,1.50,1.50
2010.12.20 11:25:30.082,1.50207,1.50243,3.38,1.50
2010.12.20 11:25:32.219,1.50207,1.50243,1.50,2.25
2010.12.20 11:25:32.559,1.50207,1.5024,1.50,1.50
2010.12.20 11:25:33.118,1.50207,1.5024,1.50,1.50
2010.12.20 11:25:35.621,1.50207,1.5024,1.50,1.50
2010.12.20 11:25:35.929,1.50197,1.50234,1.88,3.38
2010.12.20 11:25:36.275,1.50196,1.50232,1.50,1.50
2010.12.20 11:25:36.687,1.50187,1.50223,3.38,1.50
2010.12.20 11:25:37.558,1.50187,1.50223,1.50,2.25
2010.12.20 11:25:48.258,1.50187,1.50221,1.50,1.50
2010.12.20 11:25:50.178,1.50187,1.50214,1.50,1.12
2010.12.20 11:25:50.298,1.50177,1.50213,1.50,1.50
2010.12.20 11:25:50.528,1.50177,1.50213,1.50,2.25
2010.12.20 11:25:51.780,1.50166,1.50204,1.50,1.50
2010.12.20 11:25:54.052,1.50166,1.50204,1.50,2.25
2010.12.20 11:25:54.171,1.50162,1.502,1.88,1.50
2010.12.20 11:25:54.403,1.50162,1.50197,1.88,1.50
2010.12.20 11:25:54.818,1.50157,1.50193,1.50,3.75
2010.12.20 11:25:55.396,1.50157,1.50193,1.50,3.00
2010.12.20 11:25:59.412,1.50157,1.50193,1.50,2.33
2010.12.20 11:25:59.540,1.50149,1.50183,1.88,1.50
2010.12.20 11:25:59.987,1.50147,1.50183,1.50,1.50
2010.12.20 11:26:05.129,1.50157,1.50189,1.50,1.88
2010.12.20 11:26:05.246,1.50146,1.50184,1.50,1.50
2010.12.20 11:26:05.789,1.50148,1.50184,1.88,1.50
2010.12.20 11:26:06.628,1.50147,1.50184,1.88,1.50
2010.12.20 11:26:07.282,1.50146,1.50184,1.50,3.00
2010.12.20 11:26:08.095,1.50146,1.50184,1.50,3.67
2010.12.20 11:26:08.429,1.50146,1.50181,1.50,2.25
2010.12.20 11:26:08.550,1.50146,1.50184,1.50,1.50
2010.12.20 11:26:08.934,1.50149,1.50184,1.50,1.50
2010.12.20 11:26:09.269,1.50157,1.50192,1.50,4.50
2010.12.20 11:26:09.394,1.50157,1.50192,1.50,1.69
2010.12.20 11:26:09.514,1.50152,1.50183,1.88,1.50
2010.12.20 11:26:09.900,1.50154,1.50183,1.88,1.50
2010.12.20 11:26:10.022,1.50157,1.50193,1.50,2.25
2010.12.20 11:26:11.868,1.50157,1.50193,1.50,1.50
2010.12.20 11:26:12.566,1.50161,1.50194,1.88,3.60
2010.12.20 11:26:12.896,1.50157,1.50184,1.88,1.50
2010.12.20 11:26:13.011,1.50151,1.50184,3.38,1.50
2010.12.20 11:26:13.349,1.50157,1.50184,1.50,1.50
2010.12.20 11:26:13.473,1.50159,1.50194,1.50,3.38
2010.12.20 11:26:13.699,1.50162,1.50194,1.50,1.50
2010.12.20 11:26:14.251,1.50163,1.50194,1.88,1.50
2010.12.20 11:26:14.938,1.50167,1.50203,1.50,3.00
2010.12.20 11:26:15.499,1.50167,1.50203,3.38,2.25
2010.12.20 11:26:15.839,1.50167,1.50193,1.88,1.50
2010.12.20 11:26:15.957,1.50165,1.50193,1.88,1.50
2010.12.20 11:26:16.424,1.50163,1.50193,1.88,1.50
2010.12.20 11:26:16.978,1.50159,1.50193,3.38,1.50
2010.12.20 11:26:17.364,1.50164,1.50193,1.88,1.50
2010.12.20 11:26:17.588,1.50162,1.50193,3.38,1.50
2010.12.20 11:26:18.912,1.50162,1.50204,1.88,2.25
2010.12.20 11:26:19.139,1.50166,1.50204,1.50,2.25
2010.12.20 11:26:19.691,1.50167,1.50204,1.50,1.50
2010.12.20 11:26:20.027,1.50167,1.50204,3.00,1.50
2010.12.20 11:26:20.888,1.50171,1.50204,1.12,1.50
2010.12.20 11:26:21.389,1.5017,1.50204,3.38,1.50
2010.12.20 11:26:21.509,1.5017,1.50204,1.88,1.50
2010.12.20 11:26:22.069,1.50168,1.50204,2.62,1.50
2010.12.20 11:26:22.187,1.50171,1.50204,1.88,1.50
2010.12.20 11:26:26.319,1.50167,1.50204,1.88,3.00
2010.12.20 11:26:26.773,1.50166,1.50194,1.88,1.50
2010.12.20 11:26:26.887,1.50161,1.50194,1.88,1.50
2010.12.20 11:26:27.360,1.50159,1.50194,1.88,1.50
2010.12.20 11:26:27.949,1.50158,1.50194,2.62,1.50
2010.12.20 11:26:28.574,1.50158,1.50194,1.88,1.65
2010.12.20 11:26:28.884,1.50158,1.50194,1.88,1.58
2010.12.20 11:26:29.459,1.50156,1.50193,1.50,2.33
2010.12.20 11:26:30.924,1.50156,1.50194,1.50,3.00
2010.12.20 11:26:31.781,1.50158,1.50194,1.12,1.50
2010.12.20 11:26:34.836,1.50161,1.50194,1.12,1.50
2010.12.20 11:26:35.168,1.50167,1.50199,1.50,1.50
2010.12.20 11:26:36.208,1.50167,1.50203,1.50,3.00
2010.12.20 11:26:36.328,1.50167,1.50201,1.50,1.50
2010.12.20 11:26:36.668,1.50176,1.50201,1.50,1.50
2010.12.20 11:26:36.800,1.50166,1.50202,1.50,1.50
2010.12.20 11:26:37.658,1.50166,1.50203,1.50,1.50
2010.12.20 11:26:38.281,1.50166,1.50204,1.50,1.50
2010.12.20 11:26:42.019,1.50167,1.50204,2.62,1.50
2010.12.20 11:26:42.347,1.50177,1.5021,1.50,1.50
2010.12.20 11:26:43.864,1.50177,1.50212,1.50,2.25
2010.12.20 11:26:55.011,1.50177,1.50212,1.50,3.08
2010.12.20 11:26:55.238,1.50177,1.50211,1.50,3.00
2010.12.20 11:26:55.912,1.50177,1.50213,1.50,1.50
2010.12.20 11:26:56.139,1.50187,1.50214,1.50,2.25
2010.12.20 11:27:10.147,1.50187,1.50214,1.50,2.25
2010.12.20 11:27:14.610,1.50186,1.50214,1.50,2.25
2010.12.20 11:27:18.157,1.50186,1.50216,1.50,1.50
2010.12.20 11:27:18.672,1.50186,1.50218,1.50,2.25
2010.12.20 11:27:23.717,1.50186,1.50216,1.50,1.50
2010.12.20 11:27:27.400,1.50178,1.50213,1.88,1.50
2010.12.20 11:27:27.688,1.50177,1.5021,1.50,1.50
2010.12.20 11:27:29.397,1.50177,1.50211,1.50,1.50
2010.12.20 11:27:32.458,1.50172,1.50196,1.88,1.50
2010.12.20 11:27:32.580,1.50172,1.50204,1.88,2.55
2010.12.20 11:27:32.810,1.50171,1.50201,1.88,1.50
2010.12.20 11:27:32.932,1.50167,1.50201,1.50,1.50
2010.12.20 11:27:33.451,1.50167,1.502,1.50,1.50
2010.12.20 11:27:33.678,1.50167,1.502,1.50,2.25
2010.12.20 11:27:41.012,1.50162,1.50194,1.88,2.17
2010.12.20 11:27:41.363,1.50156,1.50194,1.50,2.17
2010.12.20 11:27:41.928,1.50156,1.50194,1.50,2.17
2010.12.20 11:27:42.307,1.50156,1.50194,2.40,1.69
2010.12.20 11:27:42.644,1.50166,1.50198,1.27,1.88
2010.12.20 11:27:42.998,1.50176,1.50198,1.50,1.88
2010.12.20 11:27:43.125,1.50166,1.50202,2.25,1.88
2010.12.20 11:27:43.239,1.50166,1.50204,4.12,1.50
2010.12.20 11:27:43.467,1.50172,1.50204,1.88,1.50
2010.12.20 11:27:43.577,1.50167,1.50204,2.62,1.50
2010.12.20 11:27:44.268,1.50169,1.50204,1.88,3.00
2010.12.20 11:27:44.383,1.50169,1.50202,1.88,1.50
2010.12.20 11:27:45.071,1.50166,1.50202,1.50,1.50
2010.12.20 11:27:45.192,1.50166,1.502,3.38,1.50
2010.12.20 11:27:55.911,1.50166,1.50203,1.50,2.25
2010.12.20 11:27:56.142,1.50166,1.50201,3.38,1.50
2010.12.20 11:27:56.785,1.50166,1.50201,1.50,1.50
2010.12.20 11:27:56.898,1.50166,1.50198,1.50,1.50
2010.12.20 11:27:57.513,1.50166,1.50202,1.50,1.50
2010.12.20 11:27:57.933,1.50166,1.502,1.50,1.50
2010.12.20 11:28:00.018,1.50166,1.50199,1.50,1.50
2010.12.20 11:28:01.770,1.50167,1.50199,1.88,1.50
2010.12.20 11:28:02.108,1.50166,1.50197,1.50,1.50
2010.12.20 11:28:13.491,1.50163,1.50196,1.88,2.25
2010.12.20 11:28:13.611,1.50156,1.50194,1.50,1.88
2010.12.20 11:28:13.729,1.50166,1.50192,1.50,1.50
2010.12.20 11:28:13.957,1.50156,1.50192,1.50,1.50
2010.12.20 11:28:14.067,1.50156,1.50194,1.50,1.50
2010.12.20 11:28:14.399,1.50156,1.50192,1.50,1.50
2010.12.20 11:28:14.972,1.50156,1.50192,1.50,2.25
2010.12.20 11:28:15.421,1.50156,1.50194,1.50,1.50
2010.12.20 11:28:16.029,1.50156,1.50193,1.50,1.50
2010.12.20 11:28:17.769,1.50156,1.50181,1.50,1.50
2010.12.20 11:28:17.888,1.50156,1.5019,1.50,2.25
2010.12.20 11:28:18.011,1.50156,1.50185,1.50,1.50
2010.12.20 11:28:18.237,1.50147,1.50183,3.38,1.50
2010.12.20 11:28:18.737,1.50156,1.50187,1.50,1.50
2010.12.20 11:28:19.267,1.50156,1.50188,1.50,1.50
2010.12.20 11:28:23.099,1.50158,1.50188,1.69,1.50
2010.12.20 11:28:23.222,1.5016,1.50194,3.00,3.00
2010.12.20 11:28:23.340,1.50166,1.50203,1.50,1.61
2010.12.20 11:28:23.752,1.50166,1.502,1.50,1.50
2010.12.20 11:28:24.088,1.50166,1.50202,1.50,1.50
2010.12.20 11:28:36.297,1.50166,1.50198,1.50,1.50
2010.12.20 11:28:36.527,1.50166,1.502,1.50,1.50
2010.12.20 11:28:37.954,1.50166,1.50193,1.50,1.50
2010.12.20 11:28:38.398,1.50156,1.50194,1.50,3.00
2010.12.20 11:28:38.618,1.50156,1.50191,1.50,1.50
2010.12.20 11:28:39.879,1.50156,1.50187,1.50,1.50
2010.12.20 11:28:42.901,1.50151,1.50183,1.88,1.42
2010.12.20 11:28:43.424,1.50146,1.50182,1.50,2.25
2010.12.20 11:28:45.397,1.50142,1.50173,2.62,1.50
2010.12.20 11:28:45.947,1.50137,1.50173,1.50,1.50
2010.12.20 11:28:51.191,1.50137,1.50173,1.50,2.25
2010.12.20 11:28:51.530,1.50134,1.50163,1.88,1.50
2010.12.20 11:28:52.146,1.50136,1.5017,1.50,1.50
2010.12.20 11:28:52.261,1.50136,1.50173,1.50,1.50
2010.12.20 11:28:52.724,1.50136,1.5017,1.50,1.50
2010.12.20 11:28:53.370,1.50136,1.50173,1.50,1.50
2010.12.20 11:28:54.017,1.50136,1.50174,3.38,1.50
2010.12.20 11:28:54.137,1.50147,1.50176,1.50,1.50
2010.12.20 11:28:54.535,1.50147,1.50178,1.50,2.25
2010.12.20 11:28:57.196,1.50147,1.50179,1.50,1.50
2010.12.20 11:28:59.727,1.50147,1.5018,1.50,1.50
2010.12.20 11:28:59.838,1.50147,1.50176,1.50,1.50
2010.12.20 11:29:00.266,1.50147,1.50179,1.50,1.50
2010.12.20 11:29:00.491,1.50147,1.50176,1.50,1.50
2010.12.20 11:29:01.429,1.50147,1.5018,3.38,1.50
2010.12.20 11:29:02.661,1.50149,1.50182,1.88,1.50
2010.12.20 11:29:03.188,1.50148,1.50182,1.88,1.50
2010.12.20 11:29:03.712,1.5015,1.50182,1.88,1.50
2010.12.20 11:29:05.146,1.5015,1.50183,1.88,1.50
2010.12.20 11:29:05.663,1.50152,1.50183,1.88,1.50
2010.12.20 11:29:06.329,1.50148,1.50183,1.88,3.00
2010.12.20 11:29:07.098,1.50148,1.50183,1.88,3.00
2010.12.20 11:29:09.948,1.50149,1.50183,1.88,1.50
2010.12.20 11:29:10.507,1.5015,1.50183,1.88,1.50
2010.12.20 11:29:11.570,1.5015,1.50184,1.88,1.50
2010.12.20 11:29:13.219,1.50149,1.50184,1.88,1.50
2010.12.20 11:29:13.337,1.50149,1.50188,1.88,2.17
2010.12.20 11:29:13.449,1.50152,1.50191,1.50,2.62
2010.12.20 11:29:13.567,1.50147,1.5019,3.38,1.50
2010.12.20 11:29:13.678,1.50157,1.5019,1.50,1.50
2010.12.20 11:29:14.209,1.50157,1.50191,1.50,2.44
2010.12.20 11:29:19.590,1.50157,1.50193,1.50,1.50
2010.12.20 11:29:19.710,1.50157,1.50188,1.50,1.50
2010.12.20 11:29:20.053,1.50157,1.50191,1.50,1.50
2010.12.20 11:29:20.523,1.50157,1.50189,1.50,1.50
2010.12.20 11:29:20.751,1.50157,1.50191,1.50,1.50
2010.12.20 11:29:20.869,1.50157,1.50189,1.50,1.50
2010.12.20 11:29:21.384,1.50157,1.5019,1.50,1.50
2010.12.20 11:29:22.736,1.50157,1.50182,1.50,1.50
2010.12.20 11:29:25.068,1.50146,1.50182,1.50,1.50
2010.12.20 11:29:25.653,1.50146,1.50181,1.50,1.50
2010.12.20 11:29:26.210,1.50146,1.5018,1.50,1.50
2010.12.20 11:29:26.333,1.50146,1.50177,1.50,1.50
2010.12.20 11:29:26.838,1.50146,1.50168,1.50,1.50
2010.12.20 11:29:27.288,1.50146,1.50166,1.50,1.50
2010.12.20 11:29:27.398,1.50137,1.50166,1.50,1.50
2010.12.20 11:29:28.908,1.50137,1.50173,1.50,1.50
2010.12.20 11:29:29.031,1.50137,1.50173,2.25,1.50
2010.12.20 11:29:29.669,1.50146,1.50183,1.50,2.25
2010.12.20 11:29:31.638,1.50146,1.50174,1.50,1.50
2010.12.20 11:29:31.749,1.50146,1.50181,1.50,3.00
2010.12.20 11:29:32.462,1.50146,1.5018,1.50,1.88
2010.12.20 11:29:33.018,1.50146,1.50179,1.50,1.12
2010.12.20 11:29:33.567,1.50146,1.50181,1.50,4.12
2010.12.20 11:29:34.191,1.50146,1.50177,1.50,1.12
2010.12.20 11:29:34.502,1.50136,1.50173,2.25,2.25
2010.12.20 11:29:34.841,1.50146,1.50175,1.50,1.50
2010.12.20 11:29:35.830,1.50146,1.50177,1.50,1.50
2010.12.20 11:29:36.771,1.50146,1.50179,1.50,2.25
2010.12.20 11:29:37.340,1.50146,1.50183,1.50,1.50
2010.12.20 11:29:38.438,1.50146,1.50184,1.50,1.50
2010.12.20 11:29:41.911,1.50146,1.50171,1.50,4.50
2010.12.20 11:29:42.167,1.50142,1.50164,1.88,1.42
2010.12.20 11:29:42.295,1.50139,1.50153,1.88,1.50
2010.12.20 11:29:42.525,1.50133,1.50152,1.88,1.50
2010.12.20 11:29:42.896,1.50125,1.50153,1.88,1.50
2010.12.20 11:29:43.122,1.50122,1.50153,1.88,1.50
2010.12.20 11:29:45.054,1.50121,1.50153,1.88,1.50
2010.12.20 11:29:45.501,1.50121,1.50144,1.88,1.50
2010.12.20 11:29:46.469,1.50126,1.50144,1.88,1.50
2010.12.20 11:29:47.197,1.50125,1.50144,1.88,1.50
2010.12.20 11:29:47.431,1.50125,1.50154,1.88,1.50
2010.12.20 11:29:47.550,1.5012,1.50154,1.88,1.50
2010.12.20 11:29:48.166,1.50123,1.50154,1.88,1.50
2010.12.20 11:29:49.004,1.50126,1.50154,1.88,1.50
2010.12.20 11:29:49.117,1.50122,1.50154,1.88,1.50
2010.12.20 11:29:53.580,1.50124,1.50154,1.88,1.50
2010.12.20 11:29:55.288,1.50126,1.50154,1.88,1.50
2010.12.20 11:29:56.107,1.50126,1.50159,3.38,1.50
2010.12.20 11:29:56.327,1.50126,1.50157,3.38,1.50
2010.12.20 11:29:56.786,1.5013,1.50157,1.88,1.50
2010.12.20 11:29:59.791,1.50129,1.50155,1.88,1.50
2010.12.20 11:29:59.919,1.50128,1.50166,2.62,1.50
2010.12.20 11:30:00.045,1.50128,1.50168,2.62,1.50
2010.12.20 11:30:00.168,1.50128,1.50168,1.88,1.50
2010.12.20 11:30:00.295,1.50137,1.50164,1.50,1.50
2010.12.20 11:30:00.919,1.50137,1.50163,1.50,1.50
2010.12.20 11:30:01.389,1.50137,1.5016,1.50,1.50
2010.12.20 11:30:01.853,1.50137,1.50158,1.50,1.50
2010.12.20 11:30:06.288,1.5013,1.50158,1.88,1.50
2010.12.20 11:30:06.506,1.50127,1.50158,3.38,1.50
2010.12.20 11:30:17.670,1.50127,1.50162,1.50,1.50
2010.12.20 11:30:18.898,1.50127,1.50159,1.50,1.50
2010.12.20 11:30:22.200,1.50127,1.50157,1.50,1.50
2010.12.20 11:30:22.318,1.50127,1.50159,1.50,1.50
2010.12.20 11:30:22.548,1.50127,1.50159,1.50,2.25
2010.12.20 11:30:23.025,1.50127,1.50151,1.50,1.50
2010.12.20 11:30:23.146,1.50118,1.50151,1.88,1.50
2010.12.20 11:30:23.261,1.50116,1.50148,1.50,1.50
2010.12.20 11:30:23.713,1.50116,1.50145,1.50,1.50
2010.12.20 11:30:23.828,1.50116,1.50148,1.50,1.50
2010.12.20 11:30:24.878,1.50107,1.50143,3.38,1.50
2010.12.20 11:30:28.650,1.50107,1.50141,1.50,1.50
2010.12.20 11:30:31.088,1.50107,1.50145,2.40,1.12
2010.12.20 11:30:31.210,1.50112,1.50148,1.50,2.62
2010.12.20 11:30:31.553,1.50117,1.50153,1.50,2.25
2010.12.20 11:30:32.257,1.50117,1.50153,1.50,1.50
2010.12.20 11:30:33.040,1.50123,1.50153,1.50,1.50
2010.12.20 11:30:33.382,1.50133,1.50155,2.25,1.88
2010.12.20 11:30:33.694,1.50147,1.50158,1.50,1.88
2010.12.20 11:30:33.814,1.50147,1.50161,1.50,1.88
2010.12.20 11:30:36.105,1.50138,1.50174,2.25,1.50
2010.12.20 11:30:37.635,1.50143,1.50181,2.25,1.88
2010.12.20 11:30:38.187,1.50147,1.50183,2.25,1.50
2010.12.20 11:30:40.970,1.50147,1.50183,1.50,1.50
2010.12.20 11:30:41.493,1.50147,1.50182,1.50,2.25
2010.12.20 11:30:41.900,1.50138,1.50174,1.88,2.25
2010.12.20 11:30:42.202,1.50136,1.50174,1.50,2.25
2010.12.20 11:30:42.433,1.50136,1.50174,1.50,2.25
2010.12.20 11:30:42.782,1.50133,1.50163,1.65,1.50
2010.12.20 11:30:42.900,1.50142,1.50173,1.50,1.50
2010.12.20 11:30:43.184,1.50142,1.50176,3.75,1.88
2010.12.20 11:30:43.301,1.50147,1.50183,2.25,3.38
2010.12.20 11:30:43.829,1.50147,1.50183,2.25,1.50
2010.12.20 11:30:44.433,1.50147,1.50183,1.50,1.50
2010.12.20 11:30:46.798,1.50147,1.50181,1.50,1.50
2010.12.20 11:30:48.219,1.50147,1.50182,1.50,1.50
2010.12.20 11:30:48.748,1.50147,1.50183,1.50,1.50
2010.12.20 11:30:52.909,1.50157,1.50187,1.50,3.38
2010.12.20 11:30:53.030,1.50147,1.50183,1.50,1.50
2010.12.20 11:30:57.679,1.50147,1.50183,3.45,1.50
2010.12.20 11:30:57.793,1.50156,1.50192,1.50,1.50
2010.12.20 11:30:57.913,1.50156,1.5019,1.50,1.50
2010.12.20 11:30:58.450,1.50156,1.50189,1.50,1.50
2010.12.20 11:31:01.437,1.50156,1.5019,1.50,1.50
2010.12.20 11:31:01.659,1.50156,1.50192,1.50,1.50
2010.12.20 11:31:02.860,1.50156,1.50189,1.50,1.50
2010.12.20 11:31:03.102,1.50157,1.50192,1.50,1.50
2010.12.20 11:31:03.220,1.50157,1.50194,1.50,1.50
2010.12.20 11:31:03.513,1.50167,1.50194,1.50,1.50
2010.12.20 11:31:05.011,1.50167,1.50196,1.50,1.50
2010.12.20 11:31:05.468,1.50176,1.50197,1.50,1.88
2010.12.20 11:31:06.071,1.50176,1.50198,1.50,1.50
2010.12.20 11:31:09.934,1.50166,1.502,1.50,4.12
2010.12.20 11:31:13.150,1.50156,1.50194,1.50,1.50
2010.12.20 11:31:15.609,1.50161,1.50194,1.50,1.50
2010.12.20 11:31:16.167,1.50162,1.50194,1.50,1.50
2010.12.20 11:31:20.248,1.50166,1.50202,1.50,1.88
2010.12.20 11:31:20.371,1.50169,1.50202,1.50,1.88
2010.12.20 11:31:20.708,1.50169,1.50204,1.50,1.50
2010.12.20 11:31:20.818,1.50171,1.50204,1.50,1.50
2010.12.20 11:31:22.021,1.5017,1.50204,1.50,1.50
2010.12.20 11:31:24.787,1.50172,1.50204,1.50,1.50
2010.12.20 11:31:25.641,1.50182,1.5021,1.50,2.62
2010.12.20 11:31:25.872,1.50182,1.50211,1.50,2.62
2010.12.20 11:31:25.990,1.50185,1.50211,1.50,1.88
2010.12.20 11:31:26.108,1.50185,1.50213,1.50,1.50
2010.12.20 11:31:26.329,1.50178,1.50213,1.50,1.50
2010.12.20 11:31:27.529,1.50178,1.50213,2.10,1.50
2010.12.20 11:31:27.653,1.50178,1.50213,1.50,1.50
2010.12.20 11:31:28.288,1.50186,1.5022,1.50,1.88
2010.12.20 11:31:28.899,1.50186,1.5022,1.50,1.12
2010.12.20 11:31:29.237,1.50186,1.50217,1.50,1.12
2010.12.20 11:31:29.463,1.50187,1.50222,1.50,2.62
2010.12.20 11:31:30.259,1.50184,1.50214,1.50,1.50
2010.12.20 11:31:30.838,1.50183,1.50214,1.88,1.50
2010.12.20 11:31:30.952,1.5018,1.50214,2.25,1.50
2010.12.20 11:31:32.294,1.50177,1.50214,1.50,1.50
2010.12.20 11:31:32.961,1.50176,1.50214,2.25,1.50
2010.12.20 11:31:33.187,1.50178,1.50214,1.50,1.50
2010.12.20 11:31:33.376,1.50176,1.50214,2.25,1.50
2010.12.20 11:31:40.352,1.50179,1.50214,1.50,1.50
2010.12.20 11:31:41.532,1.50176,1.50214,1.50,1.50
2010.12.20 11:31:42.933,1.50176,1.50219,2.25,2.62
2010.12.20 11:31:43.237,1.50176,1.50219,2.25,1.88
2010.12.20 11:31:43.360,1.50177,1.50213,1.50,1.50
2010.12.20 11:31:43.816,1.50171,1.50203,1.50,1.50
2010.12.20 11:31:43.934,1.50176,1.50214,1.50,2.25
2010.12.20 11:31:46.478,1.50176,1.50209,3.00,2.78
2010.12.20 11:31:46.842,1.50169,1.50204,1.88,1.50
2010.12.20 11:31:47.070,1.50167,1.50204,1.50,1.50
2010.12.20 11:31:47.689,1.50166,1.50203,1.50,1.12
2010.12.20 11:31:48.261,1.50166,1.50204,1.50,1.50
2010.12.20 11:31:48.902,1.50163,1.50194,1.50,1.50
2010.12.20 11:31:50.191,1.50166,1.50203,1.50,1.88
2010.12.20 11:31:50.311,1.50176,1.50203,1.50,1.88
2010.12.20 11:31:50.429,1.50169,1.50203,1.50,1.88
2010.12.20 11:31:50.661,1.50176,1.50213,1.50,2.62
2010.12.20 11:31:51.194,1.50176,1.50212,1.50,1.88
2010.12.20 11:31:51.424,1.50185,1.50214,4.50,2.25
2010.12.20 11:31:51.939,1.50183,1.50214,1.12,1.88
2010.12.20 11:31:52.066,1.50186,1.50216,2.25,1.50
2010.12.20 11:31:52.400,1.50186,1.5022,2.25,1.88
2010.12.20 11:31:52.519,1.50186,1.5022,3.94,1.88
2010.12.20 11:31:52.970,1.50189,1.50224,2.25,1.50
2010.12.20 11:31:53.091,1.50196,1.50228,1.50,1.88
2010.12.20 11:31:53.643,1.50196,1.50231,1.50,1.88
2010.12.20 11:31:53.760,1.50196,1.50233,1.50,1.88
2010.12.20 11:31:54.339,1.50196,1.50234,1.50,1.50
2010.12.20 11:31:55.169,1.50197,1.50234,1.50,1.50
2010.12.20 11:31:56.968,1.50217,1.50243,1.50,1.88
2010.12.20 11:31:57.077,1.50206,1.50243,1.50,1.88
2010.12.20 11:31:57.626,1.50206,1.5024,1.50,1.88
2010.12.20 11:31:57.788,1.50206,1.50244,1.50,1.50
2010.12.20 11:31:58.334,1.50206,1.50243,1.50,1.50
2010.12.20 11:31:58.719,1.50206,1.50244,2.44,4.12
2010.12.20 11:31:59.062,1.50206,1.50243,2.25,1.88
2010.12.20 11:31:59.792,1.50206,1.50244,1.50,1.50
2010.12.20 11:32:01.212,1.50209,1.50244,1.50,3.38
2010.12.20 11:32:01.427,1.50206,1.50244,2.25,3.38
2010.12.20 11:32:01.545,1.50216,1.50244,1.50,1.88
2010.12.20 11:32:01.658,1.50207,1.50243,1.50,1.50
2010.12.20 11:32:02.171,1.50207,1.50242,1.50,1.88
2010.12.20 11:32:03.000,1.50207,1.50243,1.50,1.50
2010.12.20 11:32:04.504,1.50207,1.50241,1.50,1.50
2010.12.20 11:32:05.779,1.50207,1.50243,1.50,3.38
2010.12.20 11:32:05.899,1.50209,1.50243,1.50,3.38
2010.12.20 11:32:06.285,1.50216,1.50241,1.50,1.88
2010.12.20 11:32:06.509,1.50216,1.50247,1.50,1.88
2010.12.20 11:32:07.074,1.50216,1.50246,1.50,1.88
2010.12.20 11:32:07.251,1.50206,1.50244,1.50,1.50
2010.12.20 11:32:07.372,1.50206,1.50234,1.50,1.50
2010.12.20 11:32:09.230,1.50206,1.50236,1.50,1.88
2010.12.20 11:32:09.680,1.50217,1.50236,1.50,1.88
2010.12.20 11:32:10.010,1.50217,1.50244,1.50,1.50
2010.12.20 11:32:10.820,1.50217,1.50248,1.50,3.38
2010.12.20 11:32:11.295,1.50206,1.50244,1.50,1.50
2010.12.20 11:32:12.059,1.50206,1.5024,1.50,1.50
2010.12.20 11:32:12.723,1.50206,1.50241,1.50,1.50
2010.12.20 11:32:13.262,1.50206,1.50243,1.50,1.50
2010.12.20 11:32:17.228,1.50206,1.50239,1.50,1.50
2010.12.20 11:32:17.562,1.50206,1.50237,1.50,1.50
2010.12.20 11:32:17.970,1.50206,1.50234,1.50,1.50
2010.12.20 11:32:18.198,1.50206,1.50238,1.50,4.50
2010.12.20 11:32:18.422,1.50206,1.50235,1.50,1.88
2010.12.20 11:32:18.681,1.50196,1.50234,1.50,1.50
2010.12.20 11:32:19.030,1.50196,1.50234,1.50,2.25
2010.12.20 11:32:21.076,1.50196,1.50231,1.50,3.00
2010.12.20 11:32:21.414,1.5021,1.50231,6.19,1.88
2010.12.20 11:32:21.817,1.50207,1.50233,1.50,1.88
2010.12.20 11:32:22.154,1.50206,1.50227,1.50,1.50
2010.12.20 11:32:22.643,1.50196,1.50224,1.50,1.50
2010.12.20 11:32:22.867,1.50207,1.50224,1.50,1.50
2010.12.20 11:32:24.425,1.50207,1.50231,1.50,1.50
2010.12.20 11:32:24.977,1.50206,1.50231,1.50,1.50
2010.12.20 11:32:26.323,1.50196,1.50224,1.50,1.50
2010.12.20 11:32:26.442,1.50196,1.50228,1.50,1.50
2010.12.20 11:32:27.108,1.50196,1.50226,1.50,1.50
2010.12.20 11:32:27.518,1.50196,1.50223,1.50,1.50
2010.12.20 11:32:28.230,1.50196,1.5022,1.50,1.50
2010.12.20 11:32:30.345,1.50196,1.50221,1.50,1.50
2010.12.20 11:32:30.467,1.50196,1.50223,1.50,1.50
2010.12.20 11:32:31.200,1.50197,1.50223,1.50,1.50
2010.12.20 11:32:32.618,1.50197,1.50224,1.50,1.50
2010.12.20 11:32:32.730,1.50187,1.50223,1.50,1.50
2010.12.20 11:32:33.840,1.50187,1.50218,1.50,1.50
2010.12.20 11:32:34.068,1.5018,1.50214,1.88,1.50
2010.12.20 11:32:34.178,1.50176,1.50214,1.50,1.50
2010.12.20 11:32:34.408,1.50176,1.50211,1.50,1.50
2010.12.20 11:32:34.869,1.5018,1.50212,1.50,1.88
2010.12.20 11:32:35.209,1.50187,1.50212,1.50,1.88
2010.12.20 11:32:35.438,1.50187,1.5022,1.50,1.50
2010.12.20 11:32:35.559,1.50187,1.50222,1.50,1.88
2010.12.20 11:32:36.195,1.50187,1.50221,1.50,1.88
2010.12.20 11:32:37.239,1.50196,1.50221,1.50,1.88
2010.12.20 11:32:37.680,1.50196,1.50226,1.50,3.38
2010.12.20 11:32:38.419,1.50196,1.50224,1.50,1.12
2010.12.20 11:32:40.241,1.50196,1.50226,1.50,1.50
2010.12.20 11:32:40.368,1.50186,1.50224,1.50,1.50
2010.12.20 11:32:45.172,1.50186,1.50223,1.50,1.88
2010.12.20 11:32:45.456,1.50186,1.50221,1.50,1.88
2010.12.20 11:32:45.779,1.50186,1.50223,1.50,1.88
2010.12.20 11:32:47.597,1.50186,1.50222,1.50,1.88
2010.12.20 11:32:49.588,1.50186,1.50221,1.50,1.88
2010.12.20 11:32:50.147,1.50186,1.5022,1.50,3.38
2010.12.20 11:32:50.265,1.50176,1.50214,1.50,1.50
2010.12.20 11:32:54.137,1.50176,1.50213,1.50,1.12
2010.12.20 11:32:59.377,1.50176,1.50214,1.50,1.50
2010.12.20 11:33:00.798,1.50176,1.50213,1.50,1.50
2010.12.20 11:33:00.910,1.50166,1.50204,3.00,1.50
2010.12.20 11:33:04.823,1.50176,1.50213,1.50,1.88
2010.12.20 11:33:05.706,1.50176,1.50214,1.50,1.50
2010.12.20 11:33:10.981,1.50176,1.50214,2.25,1.50
2010.12.20 11:33:11.101,1.50183,1.5022,2.10,2.62
2010.12.20 11:33:11.220,1.50187,1.5022,1.50,2.62
2010.12.20 11:33:11.339,1.50187,1.5022,1.50,1.88
2010.12.20 11:33:11.570,1.50183,1.50213,1.88,1.50
2010.12.20 11:33:11.688,1.50177,1.50213,1.50,1.50
2010.12.20 11:33:14.452,1.50182,1.50213,1.50,1.50
2010.12.20 11:33:14.800,1.50187,1.50213,2.25,1.50
2010.12.20 11:33:15.213,1.50195,1.50234,1.50,3.38
2010.12.20 11:33:16.412,1.50196,1.50234,2.55,1.50
2010.12.20 11:33:16.541,1.502,1.50242,1.50,1.88
2010.12.20 11:33:16.666,1.50207,1.50242,1.50,1.88
2010.12.20 11:33:17.097,1.50209,1.50243,1.50,1.50
2010.12.20 11:33:20.837,1.50217,1.50248,1.50,1.88
2010.12.20 11:33:21.063,1.50217,1.50253,1.50,3.38
2010.12.20 11:33:21.759,1.50217,1.50252,1.50,1.88
2010.12.20 11:33:21.988,1.50217,1.50247,1.50,1.88
2010.12.20 11:33:22.207,1.50217,1.5025,1.50,1.88
2010.12.20 11:33:22.868,1.50217,1.50251,1.50,1.88
2010.12.20 11:33:22.977,1.50217,1.50253,1.50,3.00
2010.12.20 11:33:24.011,1.50224,1.50253,1.50,3.00
2010.12.20 11:33:24.461,1.50237,1.50258,1.50,1.88
2010.12.20 11:33:24.690,1.50237,1.50268,1.50,1.88
2010.12.20 11:33:25.190,1.50237,1.50266,3.75,1.88
2010.12.20 11:33:25.539,1.50242,1.50269,1.50,1.88
2010.12.20 11:33:25.877,1.50242,1.50273,1.50,3.00
2010.12.20 11:33:30.397,1.50242,1.50272,1.50,1.50
2010.12.20 11:33:32.748,1.50242,1.50271,1.50,1.50
2010.12.20 11:33:32.858,1.50242,1.50268,1.50,1.50
2010.12.20 11:33:33.079,1.50242,1.50273,1.50,4.88
2010.12.20 11:33:35.955,1.50242,1.50272,1.50,1.50
2010.12.20 11:33:40.664,1.50247,1.50272,1.50,1.50
2010.12.20 11:33:48.042,1.50247,1.50268,1.50,1.50
2010.12.20 11:33:48.421,1.50247,1.50266,1.50,1.50
2010.12.20 11:33:48.540,1.50237,1.50266,2.25,1.50
2010.12.20 11:33:48.773,1.50237,1.50268,2.25,1.50
2010.12.20 11:33:48.897,1.50237,1.50268,1.50,1.50
2010.12.20 11:33:51.835,1.50237,1.50264,1.50,1.50
2010.12.20 11:33:52.169,1.50237,1.50266,1.50,1.50
2010.12.20 11:33:52.619,1.50233,1.50263,1.50,1.50
2010.12.20 11:33:53.590,1.50233,1.50254,1.50,2.25
2010.12.20 11:33:53.710,1.50225,1.50257,1.88,2.25
2010.12.20 11:33:54.130,1.50215,1.50243,1.50,1.50
2010.12.20 11:33:54.458,1.50223,1.50243,1.50,1.50
2010.12.20 11:33:55.309,1.50233,1.50243,1.12,1.50
2010.12.20 11:33:55.540,1.50234,1.50255,1.50,1.88
2010.12.20 11:33:55.660,1.50242,1.50255,1.50,1.88
2010.12.20 11:33:55.778,1.50242,1.5027,1.50,1.88
2010.12.20 11:33:56.178,1.50242,1.50272,1.50,1.88
2010.12.20 11:33:56.715,1.50242,1.50274,1.50,3.38
2010.12.20 11:34:00.709,1.50242,1.50274,1.50,1.50
2010.12.20 11:34:00.949,1.50249,1.50276,1.50,1.88
2010.12.20 11:34:01.347,1.50257,1.50282,1.50,1.88
2010.12.20 11:34:01.789,1.50257,1.50291,1.50,1.88
2010.12.20 11:34:02.122,1.50257,1.50293,1.50,4.88
2010.12.20 11:34:02.239,1.50257,1.50291,1.50,1.88
2010.12.20 11:34:05.149,1.50257,1.50293,1.50,4.88
2010.12.20 11:34:05.268,1.50257,1.50293,3.00,4.88
2010.12.20 11:34:06.020,1.50257,1.50293,3.00,3.75
2010.12.20 11:34:10.739,1.50267,1.50292,1.50,1.50
2010.12.20 11:34:12.827,1.50267,1.5029,1.50,1.50
2010.12.20 11:34:13.170,1.50267,1.50286,1.50,1.50
2010.12.20 11:34:13.438,1.50257,1.50287,3.00,1.50
2010.12.20 11:34:13.658,1.50267,1.50288,1.50,1.50
2010.12.20 11:34:14.772,1.50257,1.50288,3.00,1.50
2010.12.20 11:34:14.998,1.50257,1.50285,3.00,1.50
2010.12.20 11:34:15.658,1.50257,1.50288,3.00,1.50
2010.12.20 11:34:15.887,1.50257,1.50286,3.00,1.50
2010.12.20 11:34:16.817,1.5026,1.50284,1.50,1.50
2010.12.20 11:34:17.385,1.50266,1.5029,1.50,1.50
2010.12.20 11:34:18.097,1.50257,1.50287,1.50,1.50
2010.12.20 11:34:18.118,1.50257,1.50292,1.50,1.50
2010.12.20 11:34:18.448,1.50257,1.50292,2.25,1.50
2010.12.20 11:34:18.968,1.50261,1.50293,1.50,1.50
2010.12.20 11:34:19.775,1.50257,1.50293,3.00,1.50
2010.12.20 11:34:20.059,1.50259,1.50295,1.50,1.50
2010.12.20 11:34:20.184,1.50262,1.50298,2.10,1.50
2010.12.20 11:34:20.300,1.50266,1.50298,1.50,1.50
2010.12.20 11:34:20.849,1.50266,1.50297,1.50,1.50
2010.12.20 11:34:21.321,1.5026,1.50289,1.88,2.25
2010.12.20 11:34:21.446,1.50254,1.50293,3.75,1.50
2010.12.20 11:34:21.566,1.50254,1.50288,1.88,1.50
2010.12.20 11:34:21.928,1.50256,1.50294,1.50,1.50
2010.12.20 11:34:22.150,1.50256,1.50292,1.50,1.50
2010.12.20 11:34:22.384,1.50256,1.50294,1.50,1.50
2010.12.20 11:34:22.501,1.50267,1.50295,1.50,1.50
2010.12.20 11:34:22.906,1.50267,1.50293,1.50,1.50
2010.12.20 11:34:23.795,1.50267,1.50292,1.50,1.50
2010.12.20 11:34:23.911,1.50257,1.50292,1.50,1.50
2010.12.20 11:34:24.609,1.50266,1.50296,1.50,1.50
2010.12.20 11:34:25.138,1.50257,1.50294,3.00,1.50
2010.12.20 11:34:25.580,1.50266,1.50294,1.50,1.50
2010.12.20 11:34:25.704,1.50257,1.50289,2.25,1.50
2010.12.20 11:34:25.819,1.50257,1.50293,1.50,1.50
2010.12.20 11:34:26.418,1.50256,1.50293,1.50,1.50
2010.12.20 11:34:38.902,1.50256,1.50294,2.25,1.50
2010.12.20 11:34:39.021,1.50256,1.50294,2.33,1.50
2010.12.20 11:34:39.349,1.50259,1.50283,1.58,1.50
2010.12.20 11:34:39.461,1.50259,1.50294,1.58,1.50
2010.12.20 11:34:39.585,1.50259,1.50294,1.50,1.50
2010.12.20 11:34:39.810,1.50259,1.50294,1.58,1.50
2010.12.20 11:34:40.384,1.5026,1.50294,1.50,1.50
2010.12.20 11:34:40.503,1.50266,1.503,1.50,1.88
2010.12.20 11:34:41.030,1.50266,1.50302,3.00,1.88
2010.12.20 11:34:41.152,1.50271,1.50302,1.50,1.88
2010.12.20 11:34:41.722,1.50271,1.50303,1.50,1.50
2010.12.20 11:34:42.224,1.50271,1.50304,1.50,1.50
2010.12.20 11:34:43.817,1.50275,1.50304,1.50,1.50
2010.12.20 11:34:44.192,1.5027,1.50304,1.50,1.50
2010.12.20 11:34:47.460,1.50273,1.50304,1.50,1.50
2010.12.20 11:34:47.818,1.50275,1.50304,1.50,1.50
2010.12.20 11:34:49.818,1.50271,1.50304,1.50,1.50
2010.12.20 11:34:50.639,1.50276,1.50309,1.50,1.50
2010.12.20 11:34:50.980,1.50276,1.50312,1.50,1.50
2010.12.20 11:34:53.267,1.50279,1.50312,4.50,1.50
2010.12.20 11:34:53.391,1.50278,1.50314,1.50,3.00
2010.12.20 11:34:53.621,1.50286,1.50315,1.50,1.50
2010.12.20 11:34:54.022,1.50286,1.50317,1.50,1.88
2010.12.20 11:34:54.736,1.50286,1.50316,1.50,1.50
2010.12.20 11:34:54.859,1.50286,1.50313,1.50,1.50
2010.12.20 11:34:55.092,1.50286,1.50316,1.50,1.50
2010.12.20 11:34:55.716,1.50286,1.50318,1.50,1.88
2010.12.20 11:34:55.951,1.50286,1.5032,1.50,1.88
2010.12.20 11:34:56.070,1.50286,1.50318,1.50,2.25
2010.12.20 11:35:00.821,1.50286,1.50316,1.50,1.50
2010.12.20 11:35:02.708,1.50286,1.50318,1.50,1.50
2010.12.20 11:35:03.338,1.50287,1.50318,1.50,1.50
2010.12.20 11:35:03.454,1.50296,1.50318,1.50,1.50
2010.12.20 11:35:03.967,1.50296,1.50319,1.50,1.50
2010.12.20 11:35:10.318,1.50286,1.50318,1.50,1.50
2010.12.20 11:35:11.108,1.50286,1.50318,2.25,1.50
2010.12.20 11:35:13.761,1.50289,1.50318,1.50,1.50
2010.12.20 11:35:14.293,1.50288,1.50319,1.50,1.50
2010.12.20 11:35:14.632,1.50296,1.50319,1.50,1.50
2010.12.20 11:35:14.859,1.50288,1.50319,1.50,1.50
2010.12.20 11:35:15.222,1.50287,1.50319,1.50,1.50
2010.12.20 11:35:15.468,1.50287,1.50317,1.50,1.50
2010.12.20 11:35:17.224,1.50287,1.50315,1.50,1.50
2010.12.20 11:35:17.668,1.50287,1.50317,1.50,1.50
2010.12.20 11:35:18.108,1.50287,1.50314,1.50,1.50
2010.12.20 11:35:22.922,1.50283,1.50313,2.62,1.50
2010.12.20 11:35:24.007,1.50287,1.50323,2.62,3.00
2010.12.20 11:35:24.449,1.5029,1.50323,1.88,1.50
2010.12.20 11:35:25.031,1.5029,1.50323,2.62,1.50
2010.12.20 11:35:26.013,1.50297,1.50332,1.24,1.88
2010.12.20 11:35:26.351,1.50297,1.50328,2.25,1.50
2010.12.20 11:35:26.688,1.50295,1.50328,1.88,1.50
2010.12.20 11:35:26.807,1.50292,1.50328,1.88,2.25
2010.12.20 11:35:27.068,1.50288,1.50323,1.12,1.50
2010.12.20 11:35:27.380,1.50286,1.50319,1.50,1.50
2010.12.20 11:35:27.964,1.50286,1.50321,1.50,2.25
2010.12.20 11:35:29.553,1.50286,1.50321,1.50,2.25
2010.12.20 11:35:30.899,1.50286,1.50316,1.50,1.73
2010.12.20 11:35:31.020,1.50275,1.50316,1.88,3.22
2010.12.20 11:35:31.140,1.50276,1.50315,1.88,2.17
2010.12.20 11:35:31.261,1.50268,1.5031,1.12,1.50
2010.12.20 11:35:31.467,1.50268,1.50294,1.12,1.50
2010.12.20 11:35:31.586,1.50266,1.50294,1.50,1.50
2010.12.20 11:35:31.700,1.50266,1.50304,3.00,1.50
2010.12.20 11:35:33.312,1.50268,1.50304,1.12,1.50
2010.12.20 11:35:33.539,1.50266,1.50304,2.62,1.50
2010.12.20 11:35:37.339,1.50266,1.503,1.50,1.50
2010.12.20 11:35:37.679,1.50266,1.50297,1.50,1.50
2010.12.20 11:35:37.800,1.50257,1.50293,1.50,1.50
2010.12.20 11:35:38.410,1.50257,1.50293,2.33,1.50
2010.12.20 11:35:39.251,1.50257,1.50293,2.25,1.50
2010.12.20 11:35:39.590,1.50257,1.50302,3.38,2.25
2010.12.20 11:35:39.823,1.50266,1.50302,1.50,1.50
2010.12.20 11:35:41.561,1.50266,1.50298,1.50,2.25
2010.12.20 11:35:41.681,1.50259,1.50298,1.88,3.38
2010.12.20 11:35:42.017,1.50258,1.50293,1.88,1.50
2010.12.20 11:35:42.622,1.50257,1.50293,1.50,1.50
2010.12.20 11:35:49.687,1.50247,1.50293,2.25,1.50
2010.12.20 11:35:49.806,1.50247,1.50284,1.50,1.50
2010.12.20 11:35:50.141,1.50246,1.5028,1.50,3.00
2010.12.20 11:35:50.368,1.50237,1.50273,1.50,2.25
2010.12.20 11:35:53.078,1.50237,1.50273,1.50,3.00
2010.12.20 11:35:53.187,1.50237,1.50273,1.50,2.25
2010.12.20 11:35:53.299,1.50237,1.50268,1.50,1.50
2010.12.20 11:35:53.421,1.50228,1.50266,1.88,1.50
2010.12.20 11:35:53.870,1.50226,1.50264,1.50,4.12
2010.12.20 11:35:54.200,1.50226,1.50264,1.50,5.25
2010.12.20 11:35:54.758,1.50226,1.50258,1.50,2.62
2010.12.20 11:35:57.048,1.50217,1.50253,1.50,1.50
2010.12.20 11:36:02.820,1.50217,1.50248,1.50,1.50
2010.12.20 11:36:03.344,1.50217,1.50247,1.50,1.65
2010.12.20 11:36:03.570,1.50207,1.50243,1.50,1.50
2010.12.20 11:36:08.948,1.50211,1.50243,1.88,1.50
2010.12.20 11:36:09.460,1.50211,1.50243,3.38,1.50
2010.12.20 11:36:09.582,1.50212,1.50254,3.41,3.38
2010.12.20 11:36:09.809,1.50224,1.50254,1.50,3.38
2010.12.20 11:36:10.153,1.50226,1.50264,2.47,1.50
2010.12.20 11:36:10.376,1.50227,1.50268,2.10,1.88
2010.12.20 11:36:10.495,1.50232,1.50272,2.25,2.62
2010.12.20 11:36:10.828,1.50236,1.50274,3.38,3.00
2010.12.20 11:36:11.161,1.50239,1.5027,1.88,1.50
2010.12.20 11:36:11.718,1.50238,1.50263,1.88,1.50
2010.12.20 11:36:11.828,1.5023,1.50263,1.88,1.50
2010.12.20 11:36:12.374,1.50229,1.50263,1.88,1.50
2010.12.20 11:36:12.707,1.50227,1.50263,1.50,1.50
2010.12.20 11:36:13.281,1.50236,1.50272,1.50,1.50
2010.12.20 11:36:13.400,1.50236,1.50274,1.50,1.50
2010.12.20 11:36:13.938,1.50236,1.50274,2.25,1.50
2010.12.20 11:36:14.174,1.5024,1.50274,1.88,1.50
2010.12.20 11:36:14.619,1.50238,1.50273,1.88,1.50
2010.12.20 11:36:15.070,1.5024,1.5028,1.35,1.88
2010.12.20 11:36:15.421,1.50247,1.50281,1.50,1.88
2010.12.20 11:36:15.758,1.50248,1.50283,2.62,1.50
2010.12.20 11:36:20.679,1.50249,1.50283,1.50,1.50
2010.12.20 11:36:20.909,1.50259,1.50292,1.50,1.50
2010.12.20 11:36:21.030,1.50259,1.50294,1.50,3.00
2010.12.20 11:36:21.149,1.50267,1.50294,1.50,1.50
2010.12.20 11:36:21.741,1.50267,1.50297,1.50,1.50
2010.12.20 11:36:21.862,1.50267,1.503,1.50,1.50
2010.12.20 11:36:21.978,1.50267,1.50303,1.50,3.00
2010.12.20 11:36:22.311,1.50267,1.50301,1.50,1.50
2010.12.20 11:36:22.540,1.50267,1.50303,1.50,1.50
2010.12.20 11:36:22.929,1.50267,1.50299,1.50,1.50
2010.12.20 11:36:23.830,1.50267,1.50291,1.50,1.50
2010.12.20 11:36:23.949,1.50267,1.50297,1.50,1.50
2010.12.20 11:36:24.070,1.50267,1.50292,1.50,1.50
2010.12.20 11:36:24.319,1.50267,1.50298,1.50,1.50
2010.12.20 11:36:24.770,1.50267,1.50293,1.50,1.50
2010.12.20 11:36:25.108,1.50267,1.50297,1.50,1.50
2010.12.20 11:36:25.218,1.50267,1.50291,1.50,1.50
2010.12.20 11:36:26.428,1.50267,1.50288,1.50,1.50
2010.12.20 11:36:26.691,1.50267,1.50291,1.50,1.50
2010.12.20 11:36:28.263,1.50267,1.50297,1.50,2.25
2010.12.20 11:36:28.600,1.50267,1.503,1.50,1.50
2010.12.20 11:36:28.830,1.50271,1.50303,1.69,1.50
2010.12.20 11:36:29.169,1.50277,1.50307,2.03,1.50
2010.12.20 11:36:29.290,1.50277,1.5031,2.03,3.38
2010.12.20 11:36:29.571,1.50277,1.50307,1.42,1.50
2010.12.20 11:36:29.998,1.50286,1.50313,1.50,1.50
2010.12.20 11:36:30.479,1.50286,1.50311,1.50,1.50
2010.12.20 11:36:31.260,1.50286,1.50313,1.50,1.50
2010.12.20 11:36:31.868,1.50286,1.50314,1.50,1.50
2010.12.20 11:36:32.087,1.50286,1.50309,1.50,1.50
2010.12.20 11:36:33.502,1.50286,1.50316,1.50,1.50
2010.12.20 11:36:33.621,1.50286,1.50314,1.50,1.50
2010.12.20 11:36:34.179,1.50286,1.50315,1.50,1.50
2010.12.20 11:36:35.279,1.50286,1.50316,1.50,1.50
2010.12.20 11:36:35.529,1.50286,1.50318,1.50,1.50
2010.12.20 11:36:35.776,1.50286,1.50322,1.50,1.50
2010.12.20 11:36:36.000,1.50286,1.50318,1.50,1.50
2010.12.20 11:36:36.625,1.50286,1.50321,1.50,1.50
2010.12.20 11:36:36.744,1.50286,1.50319,1.50,1.50
2010.12.20 11:36:37.354,1.50286,1.50315,1.50,1.50
2010.12.20 11:36:37.590,1.50286,1.50319,1.50,1.50
2010.12.20 11:36:37.819,1.50286,1.50315,1.50,1.50
2010.12.20 11:36:38.160,1.50286,1.50319,1.50,1.50
2010.12.20 11:36:39.100,1.50286,1.5032,1.50,1.50
2010.12.20 11:36:41.767,1.50286,1.5032,2.25,1.50
2010.12.20 11:36:42.495,1.50286,1.5032,2.25,1.50
2010.12.20 11:36:42.804,1.50286,1.50318,2.25,1.50
2010.12.20 11:36:43.540,1.50286,1.50322,2.25,1.50
2010.12.20 11:36:44.470,1.50286,1.5032,2.25,1.50
2010.12.20 11:36:47.160,1.50283,1.50313,2.62,1.50
2010.12.20 11:36:48.809,1.50284,1.50313,1.50,1.50
2010.12.20 11:36:48.922,1.50287,1.50323,2.62,1.50
2010.12.20 11:36:49.161,1.50288,1.50323,1.88,1.50
2010.12.20 11:36:49.555,1.50295,1.50328,2.03,1.88
2010.12.20 11:36:49.832,1.50306,1.50329,1.50,1.88
2010.12.20 11:36:49.954,1.50306,1.50339,1.50,1.88
2010.12.20 11:36:50.073,1.50306,1.50341,1.50,3.56
2010.12.20 11:36:50.190,1.50306,1.50337,1.50,1.50
2010.12.20 11:36:50.311,1.50306,1.50341,1.50,2.25
2010.12.20 11:36:50.580,1.50306,1.50336,1.50,1.69
2010.12.20 11:36:51.151,1.50306,1.5034,1.50,2.25
2010.12.20 11:36:52.781,1.50306,1.50334,1.50,1.50
2010.12.20 11:36:53.463,1.50306,1.50333,1.50,4.50
2010.12.20 11:36:53.724,1.50293,1.50323,1.88,1.35
2010.12.20 11:36:53.963,1.50293,1.50324,1.88,3.00
2010.12.20 11:36:54.080,1.50286,1.50324,1.50,1.50
2010.12.20 11:36:54.645,1.50287,1.50324,1.50,1.50
2010.12.20 11:36:55.088,1.50289,1.50324,1.50,1.50
2010.12.20 11:36:55.420,1.50284,1.50322,1.12,2.25
2010.12.20 11:36:55.540,1.50283,1.50314,1.50,1.50
2010.12.20 11:36:56.113,1.50285,1.50314,1.50,1.50
2010.12.20 11:36:56.340,1.50289,1.50323,1.50,3.38
2010.12.20 11:36:57.163,1.50289,1.50323,2.25,1.50
2010.12.20 11:36:58.038,1.50289,1.50323,1.50,1.50
2010.12.20 11:36:58.161,1.50284,1.50313,1.88,1.50
2010.12.20 11:36:58.617,1.50278,1.50313,3.38,1.50
2010.12.20 11:36:59.246,1.50277,1.50313,3.00,1.50
2010.12.20 11:37:01.738,1.50278,1.50313,1.50,1.50
2010.12.20 11:37:02.179,1.5028,1.50313,1.50,1.50
2010.12.20 11:37:02.628,1.5028,1.50313,1.65,1.50
2010.12.20 11:37:03.040,1.5028,1.50313,3.38,1.50
2010.12.20 11:37:04.161,1.5028,1.50313,3.45,1.50
2010.12.20 11:37:08.540,1.5028,1.50313,3.38,1.50
2010.12.20 11:37:09.119,1.50282,1.50313,1.50,1.50
2010.12.20 11:37:09.687,1.50283,1.50313,1.95,1.50
2010.12.20 11:37:10.247,1.50282,1.50313,3.38,1.50
2010.12.20 11:37:10.798,1.50281,1.50313,1.50,1.50
2010.12.20 11:37:11.630,1.50283,1.50313,1.50,1.50
2010.12.20 11:37:13.646,1.50286,1.50313,1.50,1.50
2010.12.20 11:37:13.989,1.50284,1.50313,1.50,1.50
2010.12.20 11:37:14.111,1.50287,1.50313,1.88,1.50
2010.12.20 11:37:14.613,1.50288,1.50313,1.88,1.50
2010.12.20 11:37:14.729,1.50286,1.50313,1.88,1.50
2010.12.20 11:37:15.837,1.50283,1.50314,3.38,1.50
2010.12.20 11:37:16.967,1.50284,1.50314,1.50,1.50
2010.12.20 11:37:19.127,1.50287,1.50323,1.50,1.50
2010.12.20 11:37:19.352,1.50289,1.50323,1.50,1.50
2010.12.20 11:37:20.284,1.5029,1.50323,1.50,1.50
2010.12.20 11:37:23.580,1.50287,1.50323,1.50,3.00
2010.12.20 11:37:32.725,1.50289,1.50323,1.88,1.50
2010.12.20 11:37:33.240,1.50288,1.50323,1.88,1.50
2010.12.20 11:37:36.551,1.50288,1.50324,1.88,1.50
2010.12.20 11:37:37.192,1.50289,1.50324,1.88,1.50
2010.12.20 11:37:37.760,1.5029,1.50324,1.88,3.00
2010.12.20 11:37:38.324,1.50288,1.50324,1.88,3.00
2010.12.20 11:37:41.407,1.50286,1.50323,1.50,1.50
2010.12.20 11:37:46.588,1.50297,1.50323,1.50,1.50
2010.12.20 11:37:46.923,1.50297,1.50328,1.50,1.88
2010.12.20 11:37:47.317,1.50297,1.50333,1.50,1.50
2010.12.20 11:37:50.001,1.50297,1.50333,2.10,1.50
2010.12.20 11:37:50.338,1.50307,1.5034,1.50,1.88
2010.12.20 11:37:50.919,1.50307,1.50343,1.50,2.25
2010.12.20 11:37:51.295,1.50307,1.50343,1.50,1.50
2010.12.20 11:37:51.890,1.50307,1.50343,1.50,2.25
2010.12.20 11:37:54.329,1.50307,1.50343,1.50,1.50
2010.12.20 11:37:57.150,1.503,1.50334,1.88,1.50
2010.12.20 11:37:57.488,1.50296,1.50334,3.00,1.50
2010.12.20 11:37:59.221,1.50299,1.50334,1.12,1.50
2010.12.20 11:38:02.619,1.50307,1.50342,1.50,1.88
2010.12.20 11:38:05.735,1.50302,1.50343,1.50,1.50
2010.12.20 11:38:06.293,1.50302,1.50333,1.50,1.50
2010.12.20 11:38:06.743,1.50307,1.50343,1.50,1.50
2010.12.20 11:38:07.569,1.50303,1.50333,1.88,1.50
2010.12.20 11:38:08.239,1.50298,1.50333,2.62,1.50
2010.12.20 11:38:08.360,1.50298,1.50324,2.62,1.50
2010.12.20 11:38:12.239,1.50297,1.50334,2.62,1.50
2010.12.20 11:38:14.874,1.50301,1.50334,1.12,1.50
2010.12.20 11:38:15.275,1.50304,1.50334,1.50,1.50
2010.12.20 11:38:15.609,1.50308,1.50334,1.12,1.50
2010.12.20 11:38:17.460,1.5031,1.50334,1.88,1.50
2010.12.20 11:38:17.907,1.50308,1.50344,2.62,1.50
2010.12.20 11:38:40.411,1.50306,1.50344,2.62,1.50
2010.12.20 11:38:45.141,1.50307,1.50344,1.12,1.50
2010.12.20 11:38:47.010,1.50306,1.50344,2.62,1.50
2010.12.20 11:38:47.395,1.50306,1.50334,1.12,1.50
2010.12.20 11:39:01.969,1.50307,1.50334,1.12,1.50
2010.12.20 11:39:02.090,1.5031,1.50344,1.12,3.38
2010.12.20 11:39:02.462,1.50317,1.50352,1.50,2.62
2010.12.20 11:39:02.978,1.50317,1.50353,1.50,1.50
2010.12.20 11:39:12.562,1.50325,1.50358,1.42,1.88
2010.12.20 11:39:12.979,1.50335,1.50367,1.05,2.62
2010.12.20 11:39:13.098,1.50332,1.50369,1.05,2.62
2010.12.20 11:39:16.875,1.50331,1.50364,1.88,2.25
2010.12.20 11:39:16.990,1.50329,1.50364,1.88,2.25
2010.12.20 11:39:17.269,1.50326,1.50364,1.50,2.25
2010.12.20 11:39:33.408,1.50326,1.50364,2.17,2.25
2010.12.20 11:39:33.707,1.50326,1.50364,1.65,2.25
2010.12.20 11:39:33.822,1.50326,1.50364,2.17,2.25
2010.12.20 11:39:34.228,1.50326,1.50364,1.50,2.25
2010.12.20 11:39:34.560,1.50324,1.50353,1.88,1.50
2010.12.20 11:39:34.679,1.50322,1.50353,1.88,1.50
2010.12.20 11:39:34.802,1.50318,1.50353,1.88,1.50
2010.12.20 11:39:35.388,1.50318,1.50353,1.88,1.50
2010.12.20 11:39:35.711,1.50317,1.50353,3.53,1.50
2010.12.20 11:39:35.829,1.50317,1.50353,3.67,1.50
2010.12.20 11:39:36.898,1.50317,1.50353,3.45,1.50
2010.12.20 11:39:39.825,1.50318,1.50353,1.88,1.50
2010.12.20 11:39:42.466,1.50317,1.50353,1.58,1.50
2010.12.20 11:39:42.841,1.50319,1.50353,1.88,1.50
2010.12.20 11:39:43.417,1.50318,1.50353,1.88,1.50
2010.12.20 11:39:48.482,1.5032,1.50353,2.17,1.50
2010.12.20 11:39:48.889,1.5032,1.50353,2.92,1.50
2010.12.20 11:39:49.002,1.50323,1.50363,1.42,2.25
2010.12.20 11:39:53.416,1.50327,1.50363,2.17,2.25
2010.12.20 11:39:54.958,1.50327,1.50363,2.25,2.25
2010.12.20 11:39:55.304,1.50331,1.50363,1.05,2.25
2010.12.20 11:39:55.519,1.50331,1.50363,2.47,1.50
2010.12.20 11:39:56.179,1.50329,1.50364,1.88,2.25
2010.12.20 11:39:56.303,1.50337,1.50373,1.50,2.62
2010.12.20 11:39:56.814,1.50349,1.50374,1.35,1.12
2010.12.20 11:39:56.937,1.50351,1.50376,2.62,1.88
2010.12.20 11:39:57.268,1.5035,1.50377,1.50,1.88
2010.12.20 11:39:57.380,1.5035,1.50383,1.50,1.50
2010.12.20 11:40:01.560,1.50354,1.50383,1.88,1.50
2010.12.20 11:40:01.971,1.50356,1.50383,1.50,1.50
2010.12.20 11:40:02.198,1.5036,1.50393,1.12,2.46
2010.12.20 11:40:03.598,1.5036,1.50393,1.12,1.50
2010.12.20 11:40:05.461,1.50358,1.50393,1.12,1.50
2010.12.20 11:40:07.460,1.50357,1.50393,1.50,1.50
2010.12.20 11:40:11.519,1.50357,1.50393,6.00,1.50
2010.12.20 11:40:11.875,1.50371,1.50393,1.42,1.50
2010.12.20 11:40:12.272,1.50366,1.50401,1.42,1.88
2010.12.20 11:40:12.395,1.50363,1.50393,1.12,1.50
2010.12.20 11:40:12.728,1.50357,1.50393,1.50,1.50
2010.12.20 11:40:13.959,1.50354,1.50394,1.88,1.50
2010.12.20 11:40:14.321,1.50353,1.50389,1.69,1.42
2010.12.20 11:40:14.439,1.50352,1.50394,3.00,1.50
2010.12.20 11:40:14.559,1.50353,1.5039,1.12,1.88
2010.12.20 11:40:14.897,1.50349,1.50383,2.06,1.50
2010.12.20 11:40:15.749,1.50349,1.50383,2.81,1.50
2010.12.20 11:40:19.149,1.50352,1.50383,2.81,1.50
2010.12.20 11:40:19.370,1.5035,1.50384,2.62,1.50
2010.12.20 11:40:19.846,1.50353,1.50384,1.12,1.50
2010.12.20 11:40:22.030,1.5035,1.50384,1.12,1.50
2010.12.20 11:40:22.418,1.50353,1.50384,1.12,1.50
2010.12.20 11:40:23.018,1.50352,1.50384,1.12,1.50
2010.12.20 11:40:23.888,1.5035,1.50384,1.12,1.50
2010.12.20 11:40:25.128,1.50353,1.50384,1.12,1.50
2010.12.20 11:40:25.239,1.50351,1.50384,1.12,1.50
2010.12.20 11:40:26.130,1.50356,1.50393,2.25,1.88
2010.12.20 11:40:26.249,1.50356,1.5039,2.25,1.88
2010.12.20 11:40:26.597,1.50356,1.50394,2.25,1.50
2010.12.20 11:40:27.831,1.50356,1.50394,1.50,1.50
2010.12.20 11:40:28.168,1.50351,1.50384,2.62,1.50
2010.12.20 11:40:28.281,1.50349,1.50384,1.88,1.50
2010.12.20 11:40:28.728,1.50346,1.50384,4.12,1.50
2010.12.20 11:40:29.758,1.50346,1.50383,1.50,1.88
2010.12.20 11:40:30.021,1.50346,1.50384,1.50,4.20
2010.12.20 11:40:30.140,1.5034,1.50381,2.62,2.17
2010.12.20 11:40:30.262,1.5034,1.50373,2.62,1.50
2010.12.20 11:40:30.380,1.50338,1.50373,1.88,1.50
2010.12.20 11:40:30.939,1.50337,1.50373,1.50,1.50
2010.12.20 11:40:31.279,1.50337,1.50376,1.12,1.88
2010.12.20 11:40:31.520,1.50346,1.50376,1.50,1.88
2010.12.20 11:40:31.650,1.50351,1.50383,1.12,3.38
2010.12.20 11:40:31.881,1.50356,1.50383,1.50,1.88
2010.12.20 11:40:32.003,1.50356,1.50387,1.50,1.88
2010.12.20 11:40:32.121,1.50348,1.50383,1.88,1.50
2010.12.20 11:40:36.033,1.50356,1.50386,1.50,1.88
2010.12.20 11:40:36.589,1.50356,1.5039,1.50,1.88
2010.12.20 11:40:37.314,1.50356,1.50391,1.50,1.88
2010.12.20 11:40:37.431,1.50349,1.50383,3.75,1.50
2010.12.20 11:40:37.756,1.50348,1.50383,1.88,1.50
2010.12.20 11:40:37.869,1.50347,1.50381,1.50,1.88
2010.12.20 11:40:38.434,1.50347,1.50378,1.50,1.88
2010.12.20 11:40:39.913,1.50337,1.50373,1.50,1.50
2010.12.20 11:40:40.471,1.50337,1.50372,1.50,1.88
2010.12.20 11:40:41.081,1.50337,1.5037,1.50,1.88
2010.12.20 11:40:41.628,1.50337,1.50371,1.50,1.88
2010.12.20 11:40:42.500,1.50337,1.50371,1.50,2.62
2010.12.20 11:40:42.921,1.50327,1.50363,3.38,1.50
2010.12.20 11:40:44.120,1.5033,1.50363,1.12,1.50
2010.12.20 11:40:44.709,1.50333,1.50363,1.12,1.50
2010.12.20 11:41:04.402,1.50331,1.50363,1.12,1.50
2010.12.20 11:41:04.631,1.50329,1.50363,1.88,1.50
2010.12.20 11:41:12.246,1.50327,1.50363,2.40,1.50
2010.12.20 11:41:12.372,1.50327,1.50364,1.12,1.50
2010.12.20 11:41:12.847,1.50332,1.50369,1.50,1.88
2010.12.20 11:41:12.967,1.50331,1.50372,1.50,1.88
2010.12.20 11:41:13.494,1.50337,1.50373,1.50,1.50
2010.12.20 11:41:15.830,1.50337,1.50373,1.50,2.25
2010.12.20 11:41:16.063,1.50335,1.50373,1.50,1.50
2010.12.20 11:41:16.450,1.5033,1.50373,1.88,1.50
2010.12.20 11:41:16.695,1.50337,1.50373,1.50,1.50
2010.12.20 11:41:17.043,1.50329,1.50363,2.62,1.50
2010.12.20 11:41:17.658,1.5033,1.50363,1.12,1.50
2010.12.20 11:41:18.260,1.50329,1.50363,1.88,1.50
2010.12.20 11:41:21.489,1.50336,1.50374,1.50,1.50
2010.12.20 11:41:21.790,1.50327,1.50363,1.50,1.50
2010.12.20 11:41:22.128,1.50337,1.50373,1.50,1.50
2010.12.20 11:41:24.430,1.50337,1.50373,1.50,2.25
2010.12.20 11:41:28.758,1.50337,1.50373,1.50,1.50
2010.12.20 11:41:36.284,1.50346,1.50378,1.50,2.62
2010.12.20 11:41:36.612,1.50341,1.50373,1.12,1.50
2010.12.20 11:41:37.207,1.50337,1.50373,4.88,1.50
2010.12.20 11:41:37.327,1.50337,1.50373,4.88,1.50
2010.12.20 11:41:37.443,1.50337,1.50373,4.88,1.50
2010.12.20 11:41:37.948,1.50337,1.50373,4.12,1.50
2010.12.20 11:41:38.065,1.50346,1.50384,1.50,1.50
2010.12.20 11:41:41.658,1.50346,1.50382,1.50,1.88
2010.12.20 11:41:42.268,1.50346,1.50381,1.50,1.88
2010.12.20 11:41:42.628,1.50346,1.50382,1.50,2.62
2010.12.20 11:41:43.206,1.50346,1.5038,1.50,2.62
2010.12.20 11:41:43.429,1.50336,1.50374,1.50,2.25
2010.12.20 11:41:49.303,1.50326,1.50357,1.50,1.88
2010.12.20 11:41:49.531,1.50326,1.50367,1.50,3.75
2010.12.20 11:41:49.766,1.50337,1.50367,1.50,3.75
2010.12.20 11:41:49.887,1.50327,1.50363,1.50,1.50
2010.12.20 11:41:50.329,1.50337,1.50372,1.50,2.62
2010.12.20 11:41:50.890,1.50337,1.50373,1.50,2.25
2010.12.20 11:41:51.617,1.50326,1.50361,1.50,1.50
2010.12.20 11:41:52.169,1.50327,1.50363,1.50,4.12
2010.12.20 11:41:55.380,1.50327,1.50359,1.50,1.88
2010.12.20 11:41:55.827,1.50317,1.50353,1.50,2.25
2010.12.20 11:41:56.881,1.50317,1.50353,1.50,3.00
2010.12.20 11:41:57.288,1.50312,1.50344,1.88,1.50
2010.12.20 11:41:57.620,1.50306,1.50344,1.50,1.50
2010.12.20 11:41:59.076,1.50299,1.50343,1.88,1.35
2010.12.20 11:41:59.192,1.50298,1.50341,1.88,1.50
2010.12.20 11:41:59.533,1.50297,1.50333,1.50,1.50
2010.12.20 11:42:08.816,1.50287,1.50323,3.67,1.50
2010.12.20 11:42:08.930,1.50287,1.50323,4.20,1.50
2010.12.20 11:42:09.172,1.50287,1.50323,2.40,1.50
2010.12.20 11:42:09.403,1.50287,1.50323,3.53,1.50
2010.12.20 11:42:09.794,1.50288,1.50314,1.95,1.50
2010.12.20 11:42:10.438,1.50286,1.50324,2.33,1.50
2010.12.20 11:42:11.580,1.50286,1.50324,2.33,1.50
2010.12.20 11:42:11.950,1.50287,1.50324,1.05,1.50
2010.12.20 11:42:12.402,1.50286,1.50324,2.40,1.50
2010.12.20 11:42:12.626,1.50286,1.50324,2.40,1.50
2010.12.20 11:42:12.746,1.50287,1.50332,2.40,1.88
2010.12.20 11:42:13.085,1.50297,1.50332,1.58,1.88
2010.12.20 11:42:13.648,1.50297,1.50333,1.50,1.50
2010.12.20 11:42:24.170,1.50297,1.50333,1.50,3.19
2010.12.20 11:42:25.951,1.50297,1.50329,1.50,2.62
2010.12.20 11:42:26.181,1.50297,1.50331,1.50,1.88
2010.12.20 11:42:26.409,1.50297,1.50333,1.50,1.50
2010.12.20 11:42:30.069,1.50306,1.50341,1.50,3.38
2010.12.20 11:42:31.772,1.50306,1.50341,1.50,2.29
2010.12.20 11:42:32.222,1.50296,1.50334,1.50,1.50
2010.12.20 11:42:32.748,1.50296,1.50334,1.50,2.44
2010.12.20 11:42:36.093,1.50296,1.50334,1.50,4.12
2010.12.20 11:42:37.049,1.50296,1.50344,3.38,4.12
2010.12.20 11:42:37.284,1.50306,1.50344,1.50,2.25
2010.12.20 11:42:37.896,1.50297,1.50345,2.62,2.62
2010.12.20 11:42:38.012,1.50307,1.50343,1.50,1.50
2010.12.20 11:42:38.570,1.50317,1.50348,1.50,2.62
2010.12.20 11:42:40.960,1.50317,1.5035,1.50,3.75
2010.12.20 11:42:41.631,1.50307,1.50343,1.50,1.50
2010.12.20 11:42:49.309,1.50316,1.50352,1.50,2.62
2010.12.20 11:42:50.050,1.50316,1.50352,1.50,1.88
2010.12.20 11:42:50.510,1.50316,1.50352,1.50,1.88
2010.12.20 11:42:51.033,1.50317,1.50349,1.50,1.88
2010.12.20 11:42:52.023,1.50307,1.50343,2.25,1.50
2010.12.20 11:42:52.386,1.50301,1.50343,1.88,1.50
2010.12.20 11:42:52.799,1.50297,1.50333,1.50,1.50
2010.12.20 11:42:53.130,1.50306,1.50344,1.50,3.38
2010.12.20 11:43:01.601,1.50306,1.50341,1.50,1.88
2010.12.20 11:43:01.935,1.50306,1.5034,1.50,1.50
2010.12.20 11:43:02.043,1.50296,1.50334,1.88,2.25
2010.12.20 11:43:02.599,1.50296,1.50334,2.25,2.25
2010.12.20 11:43:05.453,1.50296,1.50334,1.88,2.25
2010.12.20 11:43:05.881,1.50296,1.50332,1.88,1.12
2010.12.20 11:43:06.656,1.50296,1.50334,2.25,1.50
2010.12.20 11:43:07.318,1.50296,1.50334,1.88,1.50
2010.12.20 11:43:08.180,1.50296,1.50334,1.88,1.50
2010.12.20 11:43:14.009,1.50296,1.50334,1.88,1.50
2010.12.20 11:43:15.087,1.50296,1.50334,1.88,1.50
2010.12.20 11:43:17.507,1.50299,1.50334,2.25,1.50
2010.12.20 11:43:17.733,1.50299,1.50334,3.19,1.50
2010.12.20 11:43:17.853,1.50307,1.50342,1.50,1.88
2010.12.20 11:43:18.439,1.50307,1.50343,1.50,1.50
2010.12.20 11:43:19.304,1.50307,1.50343,1.50,2.29
2010.12.20 11:43:19.424,1.50304,1.50334,1.88,1.50
2010.12.20 11:43:25.572,1.50296,1.50334,2.25,1.50
2010.12.20 11:43:25.909,1.50296,1.50334,2.25,2.44
2010.12.20 11:43:26.195,1.50296,1.50334,2.25,1.50
2010.12.20 11:43:26.635,1.50296,1.50334,2.25,1.50
2010.12.20 11:43:27.221,1.50296,1.50334,2.25,1.50
2010.12.20 11:43:31.500,1.50296,1.50334,2.25,2.44
2010.12.20 11:43:33.401,1.503,1.50334,1.88,1.50
2010.12.20 11:43:33.969,1.50301,1.50334,1.88,1.50
2010.12.20 11:43:34.521,1.50302,1.50334,1.88,1.50
2010.12.20 11:43:37.357,1.503,1.50334,1.88,1.50
2010.12.20 11:43:37.689,1.50302,1.50334,1.88,1.50
2010.12.20 11:43:38.690,1.50302,1.50333,1.88,1.50
2010.12.20 11:43:40.935,1.50305,1.50333,1.88,1.50
2010.12.20 11:43:41.023,1.50303,1.50333,1.88,1.50
2010.12.20 11:43:42.069,1.50302,1.50333,1.88,1.50
2010.12.20 11:43:45.149,1.50303,1.50333,2.25,1.50
2010.12.20 11:43:52.646,1.50297,1.50333,2.25,1.50
2010.12.20 11:43:52.767,1.50306,1.50344,1.50,2.44
2010.12.20 11:43:53.207,1.50305,1.50344,1.88,2.25
2010.12.20 11:43:53.452,1.50302,1.50344,2.25,2.25
2010.12.20 11:43:53.573,1.50306,1.50344,1.50,2.25
2010.12.20 11:43:55.832,1.50297,1.50333,3.00,1.50
2010.12.20 11:43:56.401,1.50293,1.50324,1.50,1.50
2010.12.20 11:43:57.001,1.50293,1.50324,1.50,1.50
2010.12.20 11:43:58.280,1.50293,1.50324,1.50,1.50
2010.12.20 11:44:05.078,1.50291,1.50324,1.50,1.50
2010.12.20 11:44:14.545,1.50292,1.50323,1.50,1.50
2010.12.20 11:44:39.370,1.50297,1.50333,1.88,1.50
2010.12.20 11:44:39.899,1.50297,1.50333,1.88,1.50
2010.12.20 11:44:40.620,1.50301,1.50333,1.88,1.50
2010.12.20 11:44:40.961,1.50297,1.50333,7.50,1.50
2010.12.20 11:44:41.306,1.50307,1.50343,1.88,1.50
2010.12.20 11:44:51.310,1.50307,1.50343,1.88,1.50
2010.12.20 11:44:55.481,1.50307,1.50343,1.88,1.50
2010.12.20 11:44:56.008,1.50307,1.50343,1.88,1.50
2010.12.20 11:44:58.879,1.50306,1.50344,1.88,1.50
2010.12.20 11:45:00.648,1.50306,1.50344,1.88,1.50
2010.12.20 11:45:01.308,1.50306,1.50344,1.88,1.50
2010.12.20 11:45:02.840,1.50306,1.50343,1.88,1.12
2010.12.20 11:45:02.964,1.50306,1.50339,1.88,1.50
2010.12.20 11:45:03.462,1.50306,1.50334,1.50,1.12
2010.12.20 11:45:03.812,1.50287,1.50323,2.25,1.50
2010.12.20 11:45:04.369,1.50287,1.50323,2.25,1.50
2010.12.20 11:45:05.131,1.50279,1.50314,1.12,1.50
2010.12.20 11:45:05.252,1.50282,1.50314,1.12,1.50
2010.12.20 11:45:05.686,1.50286,1.50324,2.25,1.50
2010.12.20 11:45:06.409,1.50293,1.50324,1.50,1.50
2010.12.20 11:45:07.209,1.50293,1.50324,1.50,1.50
2010.12.20 11:45:07.922,1.50294,1.50324,1.12,1.50
2010.12.20 11:45:08.498,1.50294,1.50324,1.50,1.50
2010.12.20 11:45:10.164,1.50297,1.50324,1.12,1.50
2010.12.20 11:45:11.600,1.50293,1.50314,1.50,1.50
2010.12.20 11:45:13.403,1.50291,1.50313,1.50,1.50
2010.12.20 11:45:15.050,1.50286,1.50313,2.25,1.50
2010.12.20 11:45:15.939,1.50286,1.50313,1.50,1.50
2010.12.20 11:45:16.519,1.50286,1.50313,1.50,1.50
2010.12.20 11:45:17.922,1.50285,1.50313,1.50,1.50
2010.12.20 11:45:18.387,1.50281,1.50313,2.62,1.50
2010.12.20 11:45:18.501,1.50283,1.50313,1.50,1.50
2010.12.20 11:45:18.842,1.50284,1.50313,2.25,1.50
2010.12.20 11:45:19.405,1.50295,1.50313,1.12,1.50
2010.12.20 11:45:19.960,1.50294,1.50323,1.12,1.50
2010.12.20 11:45:20.313,1.50294,1.50323,1.12,1.50
2010.12.20 11:45:22.000,1.50295,1.50323,1.12,1.50
2010.12.20 11:45:23.430,1.50294,1.50323,1.95,1.50
2010.12.20 11:45:23.551,1.50309,1.50323,1.50,1.50
2010.12.20 11:45:23.874,1.50314,1.50343,2.25,1.50
2010.12.20 11:45:24.432,1.50317,1.50344,1.88,1.50
2010.12.20 11:45:24.940,1.50315,1.50344,1.50,1.50
2010.12.20 11:45:25.500,1.50315,1.50344,2.62,1.50
2010.12.20 11:45:25.620,1.50316,1.50354,2.25,1.50
2010.12.20 11:45:25.848,1.50317,1.50363,2.25,3.38
2010.12.20 11:45:26.913,1.50329,1.50364,2.25,1.50
2010.12.20 11:45:27.231,1.50332,1.50364,1.88,2.25
2010.12.20 11:45:27.470,1.50332,1.50362,1.88,3.11
2010.12.20 11:45:27.812,1.50329,1.50353,1.88,2.03
2010.12.20 11:45:28.085,1.50313,1.50344,1.88,1.50
2010.12.20 11:45:28.229,1.50317,1.50344,1.88,1.50
2010.12.20 11:45:28.345,1.50317,1.50352,3.38,1.12
2010.12.20 11:45:28.613,1.50306,1.50344,2.25,1.50
2010.12.20 11:45:29.948,1.50306,1.50344,2.25,1.50
2010.12.20 11:45:31.200,1.50299,1.50334,2.25,1.50
2010.12.20 11:45:31.711,1.50299,1.50334,2.25,1.50
2010.12.20 11:45:33.118,1.50296,1.50334,2.25,1.50
2010.12.20 11:45:33.421,1.50299,1.50343,2.25,1.50
2010.12.20 11:45:33.951,1.50306,1.50344,2.25,1.50
2010.12.20 11:45:35.328,1.50306,1.50344,2.25,1.50
2010.12.20 11:45:35.859,1.50306,1.50344,2.25,1.50
2010.12.20 11:45:36.459,1.50306,1.50344,2.25,1.50
2010.12.20 11:45:36.570,1.50307,1.50344,1.88,1.50
2010.12.20 11:45:37.039,1.50307,1.50334,2.25,1.50
2010.12.20 11:45:38.179,1.50301,1.50334,1.50,1.50
2010.12.20 11:45:38.731,1.50306,1.50344,3.00,1.50
2010.12.20 11:45:41.341,1.50313,1.50344,1.88,1.50
2010.12.20 11:45:41.568,1.50306,1.50344,2.62,1.50
2010.12.20 11:45:42.570,1.503,1.50334,1.50,1.50
2010.12.20 11:45:42.909,1.50299,1.50324,1.88,1.50
2010.12.20 11:45:43.019,1.50295,1.50324,1.12,1.50
2010.12.20 11:45:45.821,1.50293,1.50324,1.12,2.17
2010.12.20 11:45:46.217,1.50286,1.50322,3.38,2.10
2010.12.20 11:45:46.333,1.50282,1.50322,1.88,2.10
2010.12.20 11:45:46.839,1.50282,1.50313,1.88,1.50
2010.12.20 11:45:48.115,1.50288,1.50313,1.88,1.50
2010.12.20 11:45:50.062,1.50289,1.50313,1.88,1.50
2010.12.20 11:45:52.304,1.50287,1.50313,1.88,1.50
2010.12.20 11:45:52.749,1.50287,1.50313,2.62,1.50
2010.12.20 11:45:53.579,1.50293,1.50313,1.12,1.50
2010.12.20 11:45:54.119,1.5029,1.50313,1.12,1.50
2010.12.20 11:45:54.355,1.50281,1.50313,1.88,1.50
2010.12.20 11:45:54.472,1.50277,1.50313,1.88,1.50
2010.12.20 11:45:55.081,1.50277,1.50313,1.88,2.25
2010.12.20 11:45:55.679,1.50277,1.50313,1.88,2.25
2010.12.20 11:45:56.267,1.50277,1.50304,1.88,1.12
2010.12.20 11:45:56.385,1.50269,1.50303,1.88,1.50
2010.12.20 11:45:56.726,1.50267,1.50303,2.25,1.50
2010.12.20 11:45:56.840,1.50276,1.50312,1.50,1.88
2010.12.20 11:45:56.967,1.50276,1.50305,1.50,1.88
2010.12.20 11:45:57.441,1.50258,1.50294,2.25,1.50
2010.12.20 11:45:57.961,1.50259,1.50294,2.25,1.50
2010.12.20 11:45:58.616,1.50258,1.50294,2.25,1.50
2010.12.20 11:45:59.339,1.50259,1.50294,2.25,1.50
2010.12.20 11:45:59.902,1.50258,1.50294,2.25,1.50
2010.12.20 11:46:01.574,1.50258,1.50294,4.76,1.50
2010.12.20 11:46:02.178,1.50259,1.50294,4.65,1.50
2010.12.20 11:46:02.698,1.50259,1.50294,2.25,1.50
2010.12.20 11:46:03.387,1.50268,1.50301,1.12,1.88
2010.12.20 11:46:03.510,1.50268,1.50303,1.12,1.50
2010.12.20 11:46:03.902,1.5026,1.50294,1.88,1.50
2010.12.20 11:46:04.404,1.50267,1.50303,1.88,1.50
2010.12.20 11:46:04.961,1.50267,1.50303,2.25,1.50
2010.12.20 11:46:05.700,1.50267,1.50303,1.88,1.50
2010.12.20 11:46:06.094,1.50276,1.5031,1.50,2.62
2010.12.20 11:46:09.578,1.50266,1.50304,1.50,1.50
2010.12.20 11:46:12.519,1.50267,1.50304,1.88,1.50
2010.12.20 11:46:13.059,1.50266,1.50304,1.50,1.50
2010.12.20 11:46:21.576,1.50262,1.50293,1.88,1.50
2010.12.20 11:46:23.080,1.50261,1.50293,1.88,1.50
2010.12.20 11:46:23.719,1.5026,1.50293,1.88,1.50
2010.12.20 11:46:25.936,1.50261,1.50293,1.88,1.50
2010.12.20 11:46:29.823,1.5026,1.50293,1.88,1.50
2010.12.20 11:46:30.739,1.50262,1.50293,1.88,1.50
2010.12.20 11:46:31.268,1.50263,1.50293,1.88,1.50
2010.12.20 11:46:31.768,1.50261,1.50293,1.88,1.50
2010.12.20 11:46:31.881,1.50264,1.50293,1.88,1.50
2010.12.20 11:46:32.286,1.50266,1.50293,1.88,1.50
2010.12.20 11:46:34.363,1.50266,1.50294,1.88,1.50
2010.12.20 11:46:34.951,1.50268,1.50294,1.88,1.50
2010.12.20 11:46:35.419,1.50262,1.50294,1.88,1.50
2010.12.20 11:46:35.978,1.50261,1.50294,1.88,1.50
2010.12.20 11:46:36.785,1.5026,1.50294,1.88,1.50
2010.12.20 11:46:38.059,1.5026,1.50294,1.95,1.50
2010.12.20 11:46:40.440,1.5026,1.50294,1.95,1.50
2010.12.20 11:46:40.972,1.50261,1.50294,2.03,1.50
2010.12.20 11:46:41.688,1.5026,1.50294,1.88,1.50
2010.12.20 11:46:41.911,1.50265,1.50294,1.88,1.50
2010.12.20 11:46:43.821,1.50266,1.50294,1.88,1.50
2010.12.20 11:46:44.232,1.50263,1.50304,1.88,3.19
2010.12.20 11:46:44.452,1.50259,1.50301,1.88,1.61
2010.12.20 11:46:44.856,1.50259,1.50293,1.88,2.25
2010.12.20 11:46:44.979,1.50251,1.50282,1.88,2.10
2010.12.20 11:46:45.309,1.5025,1.50273,1.88,1.50
2010.12.20 11:46:45.424,1.50245,1.50273,1.88,1.50
2010.12.20 11:46:46.079,1.5024,1.50273,1.88,1.50
2010.12.20 11:46:46.299,1.50237,1.50273,1.50,1.50
2010.12.20 11:46:47.915,1.50237,1.50272,1.50,1.42
2010.12.20 11:46:48.287,1.50237,1.50272,1.50,2.10
2010.12.20 11:46:48.658,1.50232,1.50263,1.50,1.50
2010.12.20 11:46:51.398,1.50232,1.50263,1.50,1.50
2010.12.20 11:46:52.611,1.50228,1.50263,3.38,1.50
2010.12.20 11:46:54.340,1.50228,1.50263,1.50,1.50
2010.12.20 11:46:55.699,1.50226,1.50253,1.88,1.50
2010.12.20 11:46:55.811,1.5022,1.50253,2.62,1.50
2010.12.20 11:46:56.437,1.50219,1.50253,2.62,1.50
2010.12.20 11:46:57.799,1.50218,1.50253,2.62,1.50
2010.12.20 11:46:59.419,1.50217,1.50253,4.12,1.50
2010.12.20 11:47:00.172,1.50216,1.50244,1.88,1.50
2010.12.20 11:47:00.475,1.50216,1.50254,1.50,1.50
2010.12.20 11:47:14.051,1.50227,1.50262,1.50,2.62
2010.12.20 11:47:14.390,1.50227,1.50263,1.50,1.50
2010.12.20 11:47:16.801,1.5022,1.50253,1.88,1.50
2010.12.20 11:47:16.922,1.50218,1.50253,1.88,1.50
2010.12.20 11:47:17.497,1.50217,1.50253,1.50,1.50
2010.12.20 11:47:19.652,1.50212,1.50244,2.62,1.50
2010.12.20 11:47:27.094,1.50214,1.50244,1.88,1.50
2010.12.20 11:47:27.949,1.50216,1.50244,1.88,1.50
2010.12.20 11:47:28.390,1.50211,1.50244,2.62,1.50
2010.12.20 11:47:28.501,1.50216,1.50244,1.88,1.50
2010.12.20 11:47:29.620,1.50217,1.50253,1.50,1.50
2010.12.20 11:47:29.849,1.50222,1.50253,1.88,1.50
2010.12.20 11:47:31.011,1.50221,1.50253,1.88,1.50
2010.12.20 11:47:31.942,1.50221,1.50263,1.88,1.50
2010.12.20 11:47:32.344,1.50223,1.50254,1.12,1.50
2010.12.20 11:47:32.571,1.50229,1.50263,1.88,1.50
2010.12.20 11:47:32.689,1.50232,1.50263,1.88,1.50
2010.12.20 11:47:33.019,1.5023,1.50263,1.88,1.50
2010.12.20 11:47:33.350,1.50233,1.50263,1.88,1.50
2010.12.20 11:47:33.952,1.50232,1.50263,1.88,1.50
2010.12.20 11:47:34.639,1.50231,1.50263,1.88,1.50
2010.12.20 11:47:35.156,1.5023,1.50263,1.88,1.50
2010.12.20 11:47:38.419,1.50227,1.50263,3.38,1.50
2010.12.20 11:47:39.429,1.50228,1.50263,1.50,1.50
2010.12.20 11:47:39.829,1.50231,1.50263,1.88,1.50
2010.12.20 11:47:40.360,1.50232,1.50263,1.88,1.50
2010.12.20 11:47:40.839,1.50236,1.50273,1.50,1.88
2010.12.20 11:47:41.409,1.50236,1.50274,1.50,1.50
2010.12.20 11:47:42.391,1.50236,1.50274,2.21,1.50
2010.12.20 11:47:42.620,1.50237,1.50274,1.88,1.50
2010.12.20 11:47:42.849,1.50242,1.50274,1.88,1.50
2010.12.20 11:47:43.280,1.50237,1.50274,1.88,1.50
2010.12.20 11:47:43.887,1.50237,1.50274,1.88,1.69
2010.12.20 11:47:44.442,1.50236,1.50274,1.50,1.69
2010.12.20 11:47:45.403,1.50229,1.50269,2.62,1.88
2010.12.20 11:47:45.740,1.50222,1.50254,1.88,1.50
2010.12.20 11:47:46.228,1.50224,1.50254,1.88,1.50
2010.12.20 11:47:46.570,1.50227,1.50254,1.88,1.50
2010.12.20 11:47:46.911,1.5022,1.50254,1.88,1.50
2010.12.20 11:47:47.139,1.50227,1.50254,1.88,1.50
2010.12.20 11:47:47.758,1.50226,1.50254,1.88,1.50
2010.12.20 11:47:48.472,1.50227,1.50253,1.88,1.50
2010.12.20 11:47:48.921,1.50223,1.50243,1.88,1.50
2010.12.20 11:47:49.309,1.50217,1.50243,1.88,1.50
2010.12.20 11:47:49.860,1.50218,1.50243,1.88,2.17
2010.12.20 11:47:49.980,1.50218,1.50233,1.88,1.50
2010.12.20 11:47:50.199,1.5021,1.50233,3.38,1.50
2010.12.20 11:47:50.309,1.5021,1.50233,1.88,1.50
2010.12.20 11:47:50.937,1.50209,1.50233,1.88,1.50
2010.12.20 11:47:51.160,1.50212,1.50233,1.88,1.50
2010.12.20 11:47:51.721,1.50213,1.50244,1.88,1.50
2010.12.20 11:47:52.539,1.5021,1.50244,1.88,1.50
2010.12.20 11:47:59.133,1.50211,1.50244,1.95,1.50
2010.12.20 11:47:59.392,1.5021,1.50244,1.88,1.50
2010.12.20 11:47:59.517,1.50212,1.50244,1.88,1.50
2010.12.20 11:47:59.960,1.50214,1.50244,1.88,1.50
2010.12.20 11:48:01.661,1.50211,1.50244,1.88,1.50
2010.12.20 11:48:08.330,1.5021,1.50244,1.88,1.50
2010.12.20 11:48:09.541,1.50212,1.50244,1.88,1.50
2010.12.20 11:48:10.091,1.50212,1.50243,1.88,1.50
2010.12.20 11:48:10.618,1.50211,1.50243,1.88,1.50
2010.12.20 11:48:16.131,1.50209,1.50243,1.88,1.50
2010.12.20 11:48:16.821,1.50207,1.50243,1.50,1.50
2010.12.20 11:48:21.022,1.50212,1.50243,1.88,1.50
2010.12.20 11:48:21.250,1.50207,1.50243,1.50,2.25
2010.12.20 11:48:21.481,1.50203,1.50233,1.88,1.50
2010.12.20 11:48:21.710,1.50206,1.50244,1.50,1.69
2010.12.20 11:48:29.449,1.50204,1.50234,1.88,1.50
2010.12.20 11:48:29.807,1.50201,1.50234,1.88,1.50
2010.12.20 11:48:30.692,1.50201,1.50234,1.88,2.25
2010.12.20 11:48:31.095,1.502,1.50224,1.88,1.50
2010.12.20 11:48:31.211,1.50192,1.50224,1.88,1.50
2010.12.20 11:48:31.441,1.50197,1.50233,1.50,1.50
2010.12.20 11:48:31.889,1.50201,1.50233,1.88,1.50
2010.12.20 11:48:33.602,1.50201,1.50233,1.88,2.17
2010.12.20 11:48:34.569,1.50198,1.50224,1.88,1.50
2010.12.20 11:48:34.678,1.50196,1.50224,1.88,1.50
2010.12.20 11:48:35.008,1.50193,1.50224,1.88,1.50
2010.12.20 11:48:36.690,1.50195,1.50224,1.88,1.50
2010.12.20 11:48:37.105,1.50197,1.50224,1.88,1.50
2010.12.20 11:48:37.226,1.50194,1.50224,1.88,1.50
2010.12.20 11:48:37.341,1.50197,1.50224,1.88,1.50
2010.12.20 11:48:37.571,1.50198,1.50233,1.88,1.50
2010.12.20 11:48:37.802,1.50204,1.50233,1.88,1.50
2010.12.20 11:48:38.134,1.50207,1.50243,1.50,2.25
2010.12.20 11:48:38.479,1.50211,1.50243,1.88,1.50
2010.12.20 11:48:39.091,1.50212,1.50243,1.88,1.50
2010.12.20 11:48:41.056,1.50213,1.50243,1.88,1.50
2010.12.20 11:48:41.630,1.50213,1.50234,1.88,1.50
2010.12.20 11:48:41.745,1.50205,1.50234,1.88,1.50
2010.12.20 11:48:42.387,1.50202,1.50234,1.88,1.50
2010.12.20 11:48:42.500,1.50207,1.50234,1.88,1.50
2010.12.20 11:48:42.889,1.50203,1.50234,1.88,1.50
2010.12.20 11:48:43.939,1.50204,1.50234,1.88,1.50
2010.12.20 11:48:47.187,1.50203,1.50234,1.88,1.50
2010.12.20 11:48:47.631,1.50202,1.50223,1.88,1.50
2010.12.20 11:48:48.082,1.50202,1.50233,1.88,1.50
2010.12.20 11:48:52.795,1.50206,1.50233,1.88,1.50
2010.12.20 11:48:53.385,1.50207,1.50233,1.88,1.50
2010.12.20 11:48:55.378,1.50209,1.50233,1.88,1.50
2010.12.20 11:48:56.071,1.50208,1.50233,1.88,1.50
2010.12.20 11:48:56.534,1.50209,1.50244,1.88,1.50
2010.12.20 11:48:57.200,1.5021,1.50244,1.88,1.50
2010.12.20 11:48:57.315,1.50214,1.50244,1.88,1.50
2010.12.20 11:48:58.101,1.50215,1.50244,1.88,1.50
2010.12.20 11:48:58.682,1.50214,1.50244,1.88,1.50
2010.12.20 11:49:02.290,1.50214,1.50252,1.88,1.76
2010.12.20 11:49:02.797,1.5022,1.50243,2.62,1.50
2010.12.20 11:49:03.131,1.50222,1.50243,1.50,1.50
2010.12.20 11:49:03.363,1.50225,1.50254,1.88,1.50
2010.12.20 11:49:11.120,1.50227,1.50254,1.88,1.50
2010.12.20 11:49:12.058,1.50224,1.50254,2.62,1.50
2010.12.20 11:49:13.483,1.50223,1.50254,1.88,1.50
2010.12.20 11:49:14.078,1.50224,1.50254,1.88,1.50
2010.12.20 11:49:20.920,1.50228,1.50253,1.88,1.50
2010.12.20 11:49:21.263,1.50223,1.50253,1.88,1.50
2010.12.20 11:49:21.538,1.50223,1.50244,1.88,1.50
2010.12.20 11:49:21.659,1.50221,1.50253,1.88,1.50
2010.12.20 11:49:22.009,1.50223,1.50253,1.88,1.50
2010.12.20 11:49:23.790,1.5022,1.50253,1.88,1.50
2010.12.20 11:49:24.010,1.50217,1.50253,1.50,1.50
2010.12.20 11:49:25.460,1.50217,1.50259,2.25,3.75
2010.12.20 11:49:25.801,1.50227,1.50259,1.50,2.62
2010.12.20 11:49:26.104,1.50227,1.50263,1.50,2.25
2010.12.20 11:49:29.470,1.50228,1.50263,3.38,1.50
2010.12.20 11:49:34.320,1.50228,1.50263,2.78,1.50
2010.12.20 11:49:34.432,1.50237,1.50271,1.69,1.88
2010.12.20 11:49:34.555,1.50244,1.50271,1.50,1.88
2010.12.20 11:49:34.782,1.50237,1.50273,1.50,1.50
2010.12.20 11:49:41.030,1.50237,1.50273,2.44,1.50
2010.12.20 11:49:41.582,1.50238,1.50273,1.88,1.50
2010.12.20 11:49:42.191,1.50237,1.50273,1.50,1.50
2010.12.20 11:49:45.348,1.50238,1.50273,1.88,1.50
2010.12.20 11:49:48.529,1.50237,1.50273,1.58,1.50
2010.12.20 11:50:00.719,1.50236,1.50274,1.50,1.50
2010.12.20 11:50:01.319,1.50236,1.50274,1.50,2.33
2010.12.20 11:50:04.699,1.50236,1.50274,1.50,2.40
2010.12.20 11:50:05.122,1.50236,1.50274,1.50,2.40
2010.12.20 11:50:05.360,1.50236,1.50273,1.50,1.42
2010.12.20 11:50:05.911,1.50236,1.50269,1.50,5.03
2010.12.20 11:50:09.552,1.50236,1.50267,1.50,1.88
2010.12.20 11:50:10.363,1.50226,1.50264,1.50,1.50
2010.12.20 11:50:10.675,1.50228,1.50264,1.88,1.50
2010.12.20 11:50:10.913,1.50226,1.50264,1.50,1.50
2010.12.20 11:50:20.670,1.50219,1.50253,3.00,1.50
2010.12.20 11:50:21.191,1.5022,1.50253,1.12,1.50
2010.12.20 11:50:22.441,1.50223,1.50253,1.88,1.50
2010.12.20 11:50:22.671,1.50227,1.50263,1.50,1.50
2010.12.20 11:50:40.941,1.50226,1.50264,1.50,1.50
2010.12.20 11:50:43.006,1.50228,1.50264,1.88,1.50
2010.12.20 11:50:45.788,1.50228,1.50263,1.88,1.50
2010.12.20 11:50:56.490,1.50227,1.50263,3.38,1.50
2010.12.20 11:50:59.117,1.50227,1.50263,3.38,1.58
2010.12.20 11:50:59.571,1.50227,1.50254,1.88,1.50
2010.12.20 11:51:00.131,1.50225,1.50254,1.88,1.50
2010.12.20 11:51:00.546,1.50221,1.50254,1.88,1.50
2010.12.20 11:51:02.360,1.5022,1.50254,1.88,1.50
2010.12.20 11:51:03.263,1.5022,1.50254,1.88,2.55
2010.12.20 11:51:04.267,1.5022,1.5024,1.88,2.40
2010.12.20 11:51:04.804,1.50209,1.50234,3.30,4.65
2010.12.20 11:51:04.975,1.50202,1.50234,1.88,1.50
2010.12.20 11:51:05.509,1.50191,1.50223,1.88,1.50
2010.12.20 11:51:05.921,1.50188,1.50223,1.88,1.50
2010.12.20 11:51:06.447,1.50187,1.50223,3.38,1.50
2010.12.20 11:51:09.304,1.50187,1.50223,3.00,1.50
2010.12.20 11:51:09.425,1.5019,1.50223,1.12,1.50
2010.12.20 11:51:09.893,1.50197,1.50233,1.50,1.50
2010.12.20 11:51:10.431,1.50187,1.50223,3.00,1.50
2010.12.20 11:51:10.660,1.50197,1.50233,1.50,1.50
2010.12.20 11:51:15.140,1.502,1.50233,1.88,1.50
2010.12.20 11:51:17.400,1.50205,1.50233,1.88,1.50
2010.12.20 11:51:18.079,1.50204,1.50233,1.88,1.50
2010.12.20 11:51:19.648,1.50202,1.50233,1.88,1.50
2010.12.20 11:51:20.669,1.50198,1.50224,1.95,1.50
2010.12.20 11:51:21.211,1.50199,1.50233,1.88,1.50
2010.12.20 11:51:21.450,1.50197,1.50233,1.50,3.38
2010.12.20 11:51:21.571,1.50191,1.50223,2.62,1.50
2010.12.20 11:51:22.078,1.50202,1.50233,1.88,1.50
2010.12.20 11:51:22.202,1.50197,1.50233,1.50,1.69
2010.12.20 11:51:22.542,1.502,1.50233,1.88,1.69
2010.12.20 11:51:23.100,1.50199,1.50233,1.88,1.69
2010.12.20 11:51:23.750,1.50202,1.50233,1.88,1.69
2010.12.20 11:51:24.440,1.50203,1.50233,1.88,1.69
2010.12.20 11:51:25.292,1.50206,1.50244,1.50,2.44
2010.12.20 11:51:26.079,1.50207,1.50242,1.88,1.50
2010.12.20 11:51:26.681,1.50205,1.50233,1.88,1.50
2010.12.20 11:51:27.178,1.50203,1.50233,1.88,1.50
2010.12.20 11:51:27.632,1.50206,1.50233,1.88,1.50
2010.12.20 11:51:29.247,1.50207,1.50243,1.50,1.50
2010.12.20 11:51:29.366,1.5021,1.50243,1.88,1.50
2010.12.20 11:51:29.899,1.50207,1.50243,3.38,1.50
2010.12.20 11:51:31.239,1.50213,1.50243,1.88,1.50
2010.12.20 11:51:31.643,1.50217,1.50243,1.88,1.50
2010.12.20 11:51:31.762,1.50213,1.50243,1.88,1.50
2010.12.20 11:51:34.055,1.50216,1.50243,1.12,1.50
2010.12.20 11:51:34.175,1.50217,1.50253,1.50,1.50
2010.12.20 11:51:34.402,1.50221,1.50253,1.12,1.50
2010.12.20 11:51:34.740,1.50225,1.50253,1.88,1.50
2010.12.20 11:51:35.295,1.50226,1.50253,1.88,1.50
2010.12.20 11:51:35.890,1.50227,1.50253,1.88,1.50
2010.12.20 11:51:39.002,1.50227,1.50245,1.88,1.50
2010.12.20 11:51:39.412,1.50226,1.50253,1.50,1.50
2010.12.20 11:51:40.710,1.50226,1.50264,3.00,1.50
2010.12.20 11:51:42.090,1.50226,1.50264,1.50,1.50
2010.12.20 11:51:42.809,1.50227,1.50264,1.88,1.50
2010.12.20 11:51:43.364,1.50226,1.50264,3.38,1.50
2010.12.20 11:51:43.906,1.50226,1.50264,3.38,1.58
2010.12.20 11:51:44.890,1.50226,1.50264,1.50,3.45
2010.12.20 11:51:45.968,1.50226,1.50261,1.50,1.88
2010.12.20 11:51:47.311,1.50226,1.50262,1.50,1.88
2010.12.20 11:51:47.517,1.50226,1.50264,1.50,4.12
2010.12.20 11:51:48.414,1.50226,1.50264,1.50,4.20
2010.12.20 11:51:48.646,1.50226,1.5026,1.50,1.69
2010.12.20 11:51:48.770,1.50221,1.50253,1.88,1.50
2010.12.20 11:51:49.164,1.50218,1.50253,1.88,1.50
2010.12.20 11:51:49.688,1.50219,1.50253,1.88,1.50
2010.12.20 11:51:49.810,1.50214,1.50243,1.88,1.50
2010.12.20 11:51:50.338,1.50213,1.50243,1.88,1.50
2010.12.20 11:51:50.457,1.50211,1.50243,1.88,1.50
2010.12.20 11:51:50.968,1.50208,1.50243,3.38,1.50
2010.12.20 11:51:52.555,1.50217,1.50252,1.50,1.88
2010.12.20 11:51:53.286,1.50218,1.50253,1.88,1.50
2010.12.20 11:51:53.419,1.50222,1.50253,1.50,1.50
2010.12.20 11:51:55.562,1.50227,1.50253,1.50,1.50
2010.12.20 11:51:55.937,1.50223,1.50253,1.50,1.50
2010.12.20 11:51:58.293,1.50226,1.50253,1.12,1.50
2010.12.20 11:51:59.070,1.50228,1.50253,1.50,1.50
2010.12.20 11:52:00.539,1.50228,1.50263,2.62,1.50
2010.12.20 11:52:01.252,1.5023,1.50263,1.12,1.50
2010.12.20 11:52:01.762,1.50228,1.50263,1.50,1.50
2010.12.20 11:52:03.282,1.50229,1.50263,2.62,1.50
2010.12.20 11:52:03.406,1.50236,1.50271,1.50,1.88
2010.12.20 11:52:04.140,1.50229,1.50264,1.50,1.50
2010.12.20 11:52:04.643,1.50228,1.50264,1.50,1.50
2010.12.20 11:52:05.201,1.50232,1.50264,1.88,1.50
2010.12.20 11:52:05.576,1.50236,1.50264,1.88,1.50
2010.12.20 11:52:05.803,1.50232,1.50264,1.88,1.50
2010.12.20 11:52:06.140,1.50237,1.50273,1.50,1.50
2010.12.20 11:52:10.214,1.50237,1.50273,1.50,1.65
2010.12.20 11:52:10.440,1.50237,1.50273,1.50,1.58
2010.12.20 11:52:11.054,1.50234,1.50263,1.88,1.50
2010.12.20 11:52:11.415,1.50236,1.50274,1.50,1.50
2010.12.20 11:52:11.532,1.50236,1.50274,1.50,1.58
2010.12.20 11:52:12.391,1.50236,1.50274,1.50,1.58
2010.12.20 11:52:12.951,1.50236,1.50274,1.50,1.65
2010.12.20 11:52:13.135,1.50229,1.50264,1.88,1.50
2010.12.20 11:52:13.255,1.50227,1.50264,2.03,1.50
2010.12.20 11:52:13.485,1.50233,1.50264,1.88,1.50
2010.12.20 11:52:13.820,1.50231,1.50264,1.88,1.50
2010.12.20 11:52:14.232,1.50234,1.50264,1.12,1.50
2010.12.20 11:52:14.356,1.50229,1.50264,3.38,1.50
2010.12.20 11:52:14.860,1.50236,1.50273,1.50,1.88
2010.12.20 11:52:15.853,1.5024,1.50274,1.88,1.50
2010.12.20 11:52:17.964,1.50243,1.50274,1.88,1.50
2010.12.20 11:52:18.300,1.5024,1.50274,2.62,1.50
2010.12.20 11:52:24.373,1.50238,1.50274,1.50,1.50
2010.12.20 11:52:25.861,1.50239,1.50274,1.88,1.50
2010.12.20 11:52:26.431,1.50241,1.50274,1.88,1.50
2010.12.20 11:52:26.672,1.50236,1.50274,2.25,1.65
2010.12.20 11:52:28.126,1.50236,1.50274,2.25,1.50
2010.12.20 11:52:29.744,1.50236,1.50274,4.12,1.65
2010.12.20 11:52:30.149,1.50238,1.50274,1.88,1.65
2010.12.20 11:52:30.357,1.50236,1.50274,2.25,1.65
2010.12.20 11:52:34.261,1.5024,1.50274,1.12,1.65
2010.12.20 11:52:34.385,1.50237,1.50274,1.88,1.50
2010.12.20 11:52:34.738,1.50236,1.50274,3.38,1.58
2010.12.20 11:52:35.730,1.50236,1.50274,1.50,1.50
2010.12.20 11:52:35.849,1.50236,1.50274,1.50,1.58
2010.12.20 11:52:36.333,1.50236,1.50274,1.50,1.50
2010.12.20 11:52:36.963,1.50236,1.50274,3.38,1.50
2010.12.20 11:52:37.685,1.50236,1.50274,2.25,1.58
2010.12.20 11:52:40.611,1.50235,1.50264,2.62,1.50
2010.12.20 11:52:41.637,1.50237,1.50273,2.25,1.50
2010.12.20 11:52:45.773,1.50242,1.50273,1.12,1.50
2010.12.20 11:52:46.079,1.5024,1.50273,1.88,1.50
2010.12.20 11:52:46.303,1.50242,1.50273,1.12,1.50
2010.12.20 11:52:46.860,1.50241,1.50273,2.25,1.50
2010.12.20 11:52:47.403,1.50246,1.50273,1.12,1.50
2010.12.20 11:52:47.631,1.50247,1.50283,1.50,1.58
2010.12.20 11:52:48.293,1.50247,1.50283,1.50,1.65
2010.12.20 11:52:52.014,1.50246,1.50284,1.50,2.25
2010.12.20 11:52:52.662,1.50246,1.50284,1.50,1.50
2010.12.20 11:52:53.873,1.50246,1.50284,2.25,1.50
2010.12.20 11:52:55.867,1.50249,1.50284,1.88,1.50
2010.12.20 11:52:55.985,1.50246,1.50284,1.50,1.50
2010.12.20 11:53:00.264,1.50246,1.50284,1.50,1.58
2010.12.20 11:53:00.389,1.50246,1.50284,1.50,1.50
2010.12.20 11:53:09.546,1.50247,1.50283,1.50,1.50
2010.12.20 11:53:12.087,1.50247,1.50283,1.50,2.25
2010.12.20 11:53:15.446,1.5025,1.50283,1.88,2.25
2010.12.20 11:53:16.076,1.50249,1.50284,1.88,2.25
2010.12.20 11:53:20.211,1.50249,1.50273,1.88,1.50
2010.12.20 11:53:21.194,1.5025,1.50273,1.88,1.50
2010.12.20 11:53:21.316,1.50248,1.50283,1.88,1.50
2010.12.20 11:53:21.542,1.50248,1.50273,1.88,1.50
2010.12.20 11:53:21.969,1.50253,1.50273,1.88,1.50
2010.12.20 11:53:22.765,1.50252,1.50273,1.88,1.50
2010.12.20 11:53:23.269,1.50249,1.50273,1.88,1.50
2010.12.20 11:53:25.242,1.50249,1.50284,1.88,1.50
2010.12.20 11:53:25.935,1.50253,1.50283,1.88,1.50
2010.12.20 11:53:26.356,1.50255,1.50283,1.88,1.50
2010.12.20 11:53:26.991,1.50254,1.50283,1.88,1.50
2010.12.20 11:53:28.699,1.50252,1.50283,1.88,1.50
2010.12.20 11:53:32.008,1.50251,1.50283,1.88,1.50
2010.12.20 11:53:33.022,1.5025,1.50283,1.88,1.50
2010.12.20 11:53:36.994,1.50249,1.50283,1.88,1.50
2010.12.20 11:53:37.440,1.50251,1.50283,1.88,1.50
2010.12.20 11:53:38.169,1.50252,1.50283,1.88,1.50
2010.12.20 11:53:40.131,1.50252,1.50283,3.38,1.50
2010.12.20 11:53:40.469,1.50259,1.50283,1.88,1.50
2010.12.20 11:53:41.968,1.50259,1.50294,1.88,1.50
2010.12.20 11:53:42.333,1.50259,1.50301,1.88,1.88
2010.12.20 11:53:42.454,1.50265,1.50299,1.42,1.88
2010.12.20 11:53:42.573,1.50263,1.50301,1.12,1.88
2010.12.20 11:53:43.031,1.50271,1.50303,1.50,1.50
2010.12.20 11:53:43.582,1.50267,1.50303,2.25,1.50
2010.12.20 11:53:44.452,1.5027,1.50303,2.62,1.50
2010.12.20 11:53:44.793,1.50274,1.50303,1.50,1.50
2010.12.20 11:53:46.738,1.50281,1.50313,1.50,1.50
2010.12.20 11:53:46.846,1.50277,1.50303,3.00,1.50
2010.12.20 11:53:47.441,1.50279,1.50303,1.88,1.50
2010.12.20 11:53:47.549,1.50277,1.50303,1.88,1.50
2010.12.20 11:53:48.542,1.5028,1.50303,1.88,1.50
2010.12.20 11:53:50.091,1.50279,1.50303,1.88,1.50
2010.12.20 11:53:50.765,1.50277,1.50303,1.88,1.50
2010.12.20 11:53:50.989,1.50277,1.50313,3.38,1.50
2010.12.20 11:53:52.584,1.50277,1.50322,4.12,1.88
2010.12.20 11:53:52.710,1.50281,1.50322,1.50,1.88
2010.12.20 11:53:53.264,1.50286,1.50324,1.50,1.50
2010.12.20 11:53:53.674,1.50289,1.50324,1.50,1.50
2010.12.20 11:53:55.393,1.50293,1.50324,1.88,1.50
2010.12.20 11:53:55.995,1.50294,1.50324,1.88,1.50
2010.12.20 11:53:56.287,1.50292,1.50324,1.88,1.50
2010.12.20 11:53:56.401,1.50288,1.50324,3.38,1.50
2010.12.20 11:53:58.870,1.50292,1.50324,1.88,1.50
2010.12.20 11:53:59.314,1.50296,1.50334,1.50,1.50
2010.12.20 11:54:00.550,1.50291,1.50333,2.70,1.50
2010.12.20 11:54:00.773,1.50297,1.50333,1.50,1.50
2010.12.20 11:54:01.330,1.503,1.50333,1.88,1.50
2010.12.20 11:54:01.767,1.50302,1.50333,1.88,1.50
2010.12.20 11:54:02.160,1.50305,1.50333,1.88,1.50
2010.12.20 11:54:05.600,1.50303,1.50333,1.88,1.50
2010.12.20 11:54:06.689,1.50302,1.50333,1.88,1.50
2010.12.20 11:54:08.990,1.50303,1.50333,1.88,1.50
2010.12.20 11:54:09.220,1.503,1.50333,1.88,1.50
2010.12.20 11:54:10.050,1.50299,1.50333,1.88,1.50
2010.12.20 11:54:10.689,1.50299,1.50333,1.88,2.25
2010.12.20 11:54:11.025,1.50298,1.50324,1.88,1.50
2010.12.20 11:54:11.451,1.50298,1.50334,1.88,2.25
2010.12.20 11:54:11.579,1.50296,1.50334,1.50,1.50
2010.12.20 11:54:11.801,1.503,1.50334,1.88,1.50
2010.12.20 11:54:12.139,1.50304,1.50334,1.88,1.50
2010.12.20 11:54:12.746,1.50303,1.50334,1.88,1.50
2010.12.20 11:54:13.104,1.50308,1.50334,2.62,1.50
2010.12.20 11:54:13.833,1.50311,1.50344,1.88,2.25
2010.12.20 11:54:14.063,1.50311,1.50334,1.88,1.50
2010.12.20 11:54:14.459,1.50308,1.50334,1.88,1.50
2010.12.20 11:54:15.183,1.50302,1.50324,1.88,1.50
2010.12.20 11:54:15.601,1.50299,1.50324,2.62,1.50
2010.12.20 11:54:16.000,1.50299,1.50333,1.88,1.50
2010.12.20 11:54:16.120,1.50307,1.50343,3.38,1.69
2010.12.20 11:54:16.238,1.50307,1.50349,1.88,2.70
2010.12.20 11:54:16.357,1.50309,1.50351,1.88,2.62
2010.12.20 11:54:16.772,1.50311,1.50344,1.88,1.50
2010.12.20 11:54:16.899,1.50309,1.50351,2.62,1.88
2010.12.20 11:54:17.142,1.50316,1.50351,1.50,1.88
2010.12.20 11:54:17.271,1.50317,1.50353,2.25,3.38
2010.12.20 11:54:17.850,1.50319,1.50353,1.88,1.50
2010.12.20 11:54:18.474,1.50318,1.50353,1.88,1.50
2010.12.20 11:54:18.952,1.50318,1.50352,1.88,1.50
2010.12.20 11:54:19.295,1.50314,1.50343,1.88,1.50
2010.12.20 11:54:19.800,1.50311,1.50343,1.88,1.50
2010.12.20 11:54:20.245,1.50309,1.50343,1.88,1.50
2010.12.20 11:54:20.481,1.50309,1.50343,1.88,2.25
2010.12.20 11:54:20.891,1.50307,1.50333,1.88,2.25
2010.12.20 11:54:21.015,1.50297,1.50333,1.50,2.25
2010.12.20 11:54:21.572,1.50297,1.50328,1.50,1.12
2010.12.20 11:54:22.175,1.50297,1.50331,1.50,1.50
2010.12.20 11:54:22.625,1.50297,1.50331,1.50,1.88
2010.12.20 11:54:22.746,1.50286,1.50324,1.50,1.50
2010.12.20 11:54:23.371,1.50287,1.50324,1.88,1.50
2010.12.20 11:54:23.986,1.50289,1.50324,2.62,1.50
2010.12.20 11:54:24.334,1.50289,1.50324,1.88,1.50
2010.12.20 11:54:24.913,1.50288,1.50324,2.81,1.50
2010.12.20 11:54:25.155,1.50292,1.50337,2.10,1.88
2010.12.20 11:54:25.654,1.50296,1.50334,1.50,1.50
2010.12.20 11:54:27.126,1.50307,1.50343,1.50,2.62
2010.12.20 11:54:27.553,1.50299,1.50333,1.50,1.50
2010.12.20 11:54:27.678,1.50306,1.50344,1.50,1.50
2010.12.20 11:54:28.913,1.50306,1.50344,1.50,2.25
2010.12.20 11:54:29.306,1.50297,1.50333,2.25,1.50
2010.12.20 11:54:29.424,1.50297,1.50333,1.50,2.25
2010.12.20 11:54:30.309,1.50289,1.50324,2.62,1.50
2010.12.20 11:54:35.686,1.50288,1.50313,3.38,1.12
2010.12.20 11:54:35.808,1.50285,1.50317,2.62,1.12
2010.12.20 11:54:35.922,1.50285,1.50314,1.88,1.50
2010.12.20 11:54:36.153,1.50277,1.50313,1.50,1.50
2010.12.20 11:54:37.049,1.50275,1.50303,1.88,1.50
2010.12.20 11:54:37.610,1.50267,1.50303,4.31,1.50
2010.12.20 11:54:37.732,1.50277,1.50313,1.50,1.50
2010.12.20 11:54:42.632,1.50277,1.50313,4.12,1.50
2010.12.20 11:54:42.862,1.50286,1.50324,1.50,1.50
2010.12.20 11:54:43.422,1.50286,1.50313,1.88,1.50
2010.12.20 11:54:45.207,1.50291,1.50323,1.12,1.50
2010.12.20 11:54:45.323,1.50297,1.50332,1.50,1.88
2010.12.20 11:54:45.915,1.50297,1.50333,1.50,1.50
2010.12.20 11:54:46.711,1.50294,1.50332,1.88,1.01
2010.12.20 11:54:46.839,1.50295,1.50327,1.88,2.25
2010.12.20 11:54:47.403,1.50286,1.50322,1.50,1.12
2010.12.20 11:54:47.631,1.50286,1.50324,1.50,2.25
2010.12.20 11:54:48.211,1.50278,1.50323,1.50,2.06
2010.12.20 11:54:48.610,1.50276,1.50314,1.50,1.50
2010.12.20 11:54:49.542,1.50278,1.50314,1.50,1.50
2010.12.20 11:54:49.774,1.50273,1.50314,2.70,1.50
2010.12.20 11:54:49.891,1.50278,1.50314,1.88,1.50
2010.12.20 11:54:50.386,1.5028,1.50313,1.88,1.50
2010.12.20 11:54:51.093,1.50279,1.50313,1.88,1.50
2010.12.20 11:54:51.632,1.50278,1.50313,1.88,1.50
2010.12.20 11:54:52.203,1.50277,1.50313,1.50,1.50
2010.12.20 11:54:52.522,1.5028,1.50313,1.88,1.50
2010.12.20 11:54:52.960,1.50277,1.50313,1.50,1.50
2010.12.20 11:54:53.942,1.50276,1.50314,1.50,1.50
2010.12.20 11:54:59.471,1.5027,1.50304,1.50,1.50
2010.12.20 11:54:59.922,1.50269,1.50304,1.88,1.50
2010.12.20 11:55:00.262,1.50266,1.50304,5.25,1.50
2010.12.20 11:55:00.380,1.50267,1.50304,1.50,1.50
2010.12.20 11:55:00.757,1.50276,1.50314,1.50,1.50
2010.12.20 11:55:03.482,1.50276,1.50314,1.50,1.58
2010.12.20 11:55:03.749,1.50276,1.50314,1.50,1.50
2010.12.20 11:55:04.628,1.50277,1.50314,1.88,1.50
2010.12.20 11:55:06.170,1.50277,1.50314,3.38,1.50
2010.12.20 11:55:06.512,1.50286,1.50324,1.50,3.53
2010.12.20 11:55:10.318,1.50286,1.50324,1.50,1.65
2010.12.20 11:55:10.939,1.50286,1.50324,1.50,1.58
2010.12.20 11:55:12.365,1.50276,1.50314,2.25,1.50
2010.12.20 11:55:13.003,1.50276,1.50314,2.25,1.50
2010.12.20 11:55:15.790,1.50275,1.50303,1.88,1.50
2010.12.20 11:55:16.010,1.50271,1.50303,1.50,1.50
2010.12.20 11:55:17.076,1.50268,1.50303,2.03,1.50
2010.12.20 11:55:17.643,1.50267,1.50303,1.50,1.50
2010.12.20 11:55:17.761,1.50269,1.50303,1.88,1.50
2010.12.20 11:55:18.172,1.50267,1.50303,1.50,1.50
2010.12.20 11:55:21.730,1.50262,1.50303,1.88,1.50
2010.12.20 11:55:21.841,1.50262,1.50303,1.88,2.33
2010.12.20 11:55:22.342,1.50256,1.50294,3.38,1.50
2010.12.20 11:55:23.352,1.50256,1.50294,2.47,1.50
2010.12.20 11:55:23.476,1.50257,1.50294,1.88,1.50
2010.12.20 11:55:23.759,1.50257,1.503,1.88,1.50
2010.12.20 11:55:23.880,1.5026,1.50293,1.88,1.50
2010.12.20 11:55:24.142,1.50257,1.50293,3.38,1.50
2010.12.20 11:55:27.760,1.50257,1.50293,1.50,2.25
2010.12.20 11:55:30.361,1.50254,1.50283,1.88,1.50
2010.12.20 11:55:30.484,1.5025,1.50283,1.88,1.50
2010.12.20 11:55:31.101,1.50246,1.50284,1.50,2.25
2010.12.20 11:55:34.259,1.50246,1.50284,3.38,2.25
2010.12.20 11:55:36.077,1.50246,1.50284,1.50,1.50
2010.12.20 11:55:37.239,1.50249,1.50284,1.88,1.50
2010.12.20 11:55:39.487,1.50249,1.50284,1.88,1.58
2010.12.20 11:55:39.819,1.50251,1.50284,1.88,1.58
2010.12.20 11:55:40.027,1.50249,1.50284,1.88,1.58
2010.12.20 11:55:40.449,1.50246,1.50284,4.12,1.58
2010.12.20 11:55:40.688,1.50246,1.50284,4.12,1.80
2010.12.20 11:55:41.077,1.50248,1.50284,1.88,1.80
2010.12.20 11:55:41.770,1.50248,1.50284,1.88,1.50
2010.12.20 11:55:42.731,1.50254,1.50284,1.88,1.50
2010.12.20 11:55:43.320,1.50255,1.50284,1.88,1.50
2010.12.20 11:55:44.151,1.50253,1.50284,1.88,1.50
2010.12.20 11:55:44.270,1.50253,1.50284,2.62,1.50
2010.12.20 11:55:44.802,1.50257,1.50284,1.88,1.50
2010.12.20 11:55:45.391,1.50256,1.50284,1.88,1.50
2010.12.20 11:55:46.246,1.50256,1.50294,2.25,1.50
2010.12.20 11:55:50.351,1.50257,1.50297,3.71,2.62
2010.12.20 11:55:50.581,1.50258,1.50297,2.03,1.88
2010.12.20 11:55:50.810,1.50267,1.50301,1.50,1.88
2010.12.20 11:55:51.031,1.50267,1.50303,1.50,1.50
2010.12.20 11:55:56.833,1.50267,1.50303,1.50,1.65
2010.12.20 11:55:57.971,1.50267,1.50303,1.50,1.58
2010.12.20 11:55:59.072,1.50267,1.50303,1.50,1.65
2010.12.20 11:55:59.634,1.50267,1.50303,1.50,1.50
2010.12.20 11:56:00.223,1.50267,1.50303,3.19,1.50
2010.12.20 11:56:05.302,1.50267,1.50303,1.50,1.50
2010.12.20 11:56:08.155,1.50267,1.50303,1.50,1.65
2010.12.20 11:56:08.734,1.50266,1.50304,1.50,1.65
2010.12.20 11:56:10.985,1.50266,1.50304,1.50,1.50
2010.12.20 11:56:11.214,1.50266,1.50304,1.69,1.50
2010.12.20 11:56:11.891,1.5027,1.50304,1.12,1.50
2010.12.20 11:56:12.863,1.50268,1.50304,1.88,1.50
2010.12.20 11:56:12.983,1.50266,1.50304,3.38,1.50
2010.12.20 11:56:13.652,1.50267,1.50294,1.88,1.50
2010.12.20 11:56:13.993,1.50267,1.50294,3.38,1.50
2010.12.20 11:56:14.632,1.50268,1.50294,1.50,1.50
2010.12.20 11:56:14.756,1.50275,1.50303,1.50,1.50
2010.12.20 11:56:18.871,1.50282,1.50314,1.50,1.50
2010.12.20 11:56:18.993,1.50287,1.50314,1.50,1.50
2010.12.20 11:56:19.667,1.50288,1.50314,1.88,1.50
2010.12.20 11:56:19.892,1.50283,1.50314,2.62,1.50
2010.12.20 11:56:20.511,1.50286,1.50314,1.50,1.50
2010.12.20 11:56:20.629,1.50287,1.50323,2.25,1.50
2010.12.20 11:56:21.491,1.50288,1.50323,1.88,1.50
2010.12.20 11:56:22.334,1.50287,1.50323,4.12,1.50
2010.12.20 11:56:24.210,1.50287,1.50323,3.38,1.65
2010.12.20 11:56:24.514,1.50287,1.50323,1.50,3.26
2010.12.20 11:56:24.635,1.5028,1.50314,1.88,1.50
2010.12.20 11:56:24.755,1.50282,1.50314,1.88,1.50
2010.12.20 11:56:25.258,1.50281,1.50314,1.88,1.50
2010.12.20 11:56:25.377,1.50276,1.50314,1.50,1.50
2010.12.20 11:56:28.620,1.50276,1.50314,3.00,1.50
2010.12.20 11:56:28.945,1.50287,1.5032,1.50,2.70
2010.12.20 11:56:34.583,1.5028,1.50314,1.88,1.65
2010.12.20 11:56:35.200,1.5028,1.50314,1.88,1.50
2010.12.20 11:56:35.395,1.50276,1.50314,1.50,1.50
2010.12.20 11:56:35.850,1.50272,1.50304,2.62,1.50
2010.12.20 11:56:38.116,1.5027,1.50304,3.56,1.50
2010.12.20 11:56:39.748,1.50276,1.50314,1.50,1.50
2010.12.20 11:56:40.286,1.50278,1.50314,1.50,1.58
2010.12.20 11:56:40.416,1.50276,1.50314,2.44,1.50
2010.12.20 11:56:40.776,1.50276,1.50314,2.25,1.50
2010.12.20 11:56:43.007,1.50278,1.50314,1.35,1.50
2010.12.20 11:56:43.343,1.50286,1.50319,1.50,1.88
2010.12.20 11:56:43.463,1.50286,1.50324,1.50,2.25
2010.12.20 11:56:50.792,1.50286,1.50324,1.69,2.25
2010.12.20 11:56:51.462,1.50286,1.50324,2.44,1.50
2010.12.20 11:56:51.808,1.50285,1.50314,1.50,1.50
2010.12.20 11:56:52.143,1.50291,1.50314,1.12,1.50
2010.12.20 11:56:52.390,1.50285,1.50314,1.50,1.50
2010.12.20 11:56:52.520,1.50287,1.50323,1.50,1.50
2010.12.20 11:56:53.065,1.50288,1.50323,1.88,1.50
2010.12.20 11:56:53.573,1.50287,1.50323,3.38,1.50
2010.12.20 11:56:56.684,1.50296,1.50334,1.50,2.40
2010.12.20 11:56:57.401,1.50296,1.50334,1.50,2.25
2010.12.20 11:56:58.324,1.50296,1.50334,1.50,2.40
2010.12.20 11:56:59.519,1.50296,1.50334,1.50,2.25
2010.12.20 11:57:00.749,1.50296,1.50334,1.50,1.50
2010.12.20 11:57:01.650,1.50296,1.50334,1.50,1.65
2010.12.20 11:57:02.520,1.50296,1.50334,1.50,1.50
2010.12.20 11:57:04.215,1.50296,1.50334,1.50,1.80
2010.12.20 11:57:04.908,1.50296,1.50334,1.50,1.50
2010.12.20 11:57:05.023,1.50296,1.50334,1.50,2.25
2010.12.20 11:57:05.183,1.50296,1.50334,1.50,2.25
2010.12.20 11:57:05.692,1.50296,1.50334,1.50,2.25
2010.12.20 11:57:13.442,1.50296,1.50333,1.50,1.88
2010.12.20 11:57:14.520,1.50296,1.50332,1.50,1.88
2010.12.20 11:57:15.434,1.50296,1.50331,1.50,1.88
2010.12.20 11:57:15.910,1.50296,1.50333,1.50,1.88
2010.12.20 11:57:16.870,1.50296,1.50332,1.50,1.88
2010.12.20 11:57:18.293,1.50296,1.50334,1.50,3.38
2010.12.20 11:57:20.207,1.50296,1.50334,1.50,3.00
2010.12.20 11:57:20.431,1.50288,1.50323,1.50,1.50
2010.12.20 11:57:23.887,1.50287,1.50323,1.50,1.50
2010.12.20 11:57:26.121,1.50287,1.50323,2.25,1.50
2010.12.20 11:57:26.231,1.50287,1.50323,1.50,1.50
2010.12.20 11:57:26.635,1.50289,1.50323,1.50,1.50
2010.12.20 11:57:28.149,1.50287,1.50323,2.25,1.50
2010.12.20 11:57:28.260,1.50287,1.50323,1.50,1.50
2010.12.20 11:57:28.370,1.50281,1.50313,1.88,1.50
2010.12.20 11:57:29.411,1.50286,1.50324,1.50,1.50
2010.12.20 11:57:31.283,1.50286,1.50324,1.50,1.58
2010.12.20 11:57:32.853,1.50286,1.50324,1.50,1.50
2010.12.20 11:57:39.457,1.50279,1.50313,1.88,1.50
2010.12.20 11:57:39.570,1.50277,1.50313,1.50,1.50
2010.12.20 11:57:41.790,1.50277,1.50313,3.38,1.50
2010.12.20 11:57:43.684,1.50278,1.50313,1.88,1.50
2010.12.20 11:57:44.306,1.50279,1.50313,1.88,1.50
2010.12.20 11:57:44.529,1.50281,1.50313,1.88,1.50
2010.12.20 11:57:47.460,1.50278,1.50313,1.88,1.50
2010.12.20 11:57:47.710,1.5028,1.50313,1.88,1.50
2010.12.20 11:57:48.442,1.50279,1.50313,1.88,1.65
2010.12.20 11:57:49.010,1.5028,1.50313,1.88,1.65
2010.12.20 11:57:49.206,1.50278,1.50313,1.88,1.65
2010.12.20 11:57:49.770,1.50279,1.50313,1.50,1.50
2010.12.20 11:57:50.334,1.50284,1.50313,1.50,1.50
2010.12.20 11:57:50.565,1.50296,1.50328,1.50,1.88
2010.12.20 11:57:50.877,1.50296,1.50336,2.25,1.88
2010.12.20 11:57:50.993,1.50296,1.50334,2.25,1.50
2010.12.20 11:57:51.332,1.503,1.50334,1.50,1.50
2010.12.20 11:57:51.930,1.50306,1.50344,2.25,1.50
2010.12.20 11:57:52.045,1.50308,1.50344,1.50,1.50
2010.12.20 11:57:54.851,1.50308,1.50344,1.50,1.50
2010.12.20 11:57:55.685,1.50308,1.50342,1.50,1.88
2010.12.20 11:57:56.267,1.50308,1.50344,1.50,1.50
2010.12.20 11:57:57.420,1.50306,1.50344,1.50,2.25
2010.12.20 11:57:57.861,1.50306,1.50342,1.50,1.88
2010.12.20 11:57:58.201,1.50297,1.50333,3.38,1.50
2010.12.20 11:58:11.544,1.50298,1.50333,1.50,1.50
2010.12.20 11:58:11.673,1.50307,1.50341,1.50,1.88
2010.12.20 11:58:11.793,1.50307,1.50343,1.50,1.65
2010.12.20 11:58:11.916,1.50299,1.50334,1.50,1.50
2010.12.20 11:58:12.533,1.50299,1.50334,1.50,1.50
2010.12.20 11:58:13.819,1.50296,1.50334,2.25,1.50
2010.12.20 11:58:13.932,1.50296,1.50334,1.50,1.50
2010.12.20 11:58:14.274,1.5029,1.50334,1.88,3.19
2010.12.20 11:58:14.500,1.5029,1.50324,1.88,1.50
2010.12.20 11:58:14.610,1.50288,1.50324,1.88,1.50
2010.12.20 11:58:14.831,1.50286,1.50324,1.50,1.50
2010.12.20 11:58:20.338,1.50286,1.50324,1.50,1.58
2010.12.20 11:58:22.261,1.50286,1.50324,1.50,1.50
2010.12.20 11:58:23.995,1.50286,1.50324,1.50,2.33
2010.12.20 11:58:29.242,1.50286,1.5032,1.50,1.50
2010.12.20 11:58:29.361,1.50277,1.50313,1.50,1.50
2010.12.20 11:58:41.121,1.50278,1.50313,1.50,1.50
2010.12.20 11:58:43.252,1.50278,1.50321,2.25,1.88
2010.12.20 11:58:43.488,1.50286,1.50321,1.50,1.88
2010.12.20 11:58:43.604,1.50286,1.50324,1.50,1.50
2010.12.20 11:58:45.330,1.50286,1.50323,1.50,1.73
2010.12.20 11:58:45.448,1.50286,1.50324,1.50,2.62
2010.12.20 11:58:45.985,1.50287,1.50323,1.50,2.25
2010.12.20 11:58:46.216,1.50283,1.50314,1.50,1.50
2010.12.20 11:58:46.557,1.50295,1.50327,5.25,1.42
2010.12.20 11:58:46.987,1.50297,1.50329,2.06,1.88
2010.12.20 11:58:47.238,1.50302,1.50332,1.50,1.88
2010.12.20 11:58:47.357,1.50297,1.50333,2.25,1.50
2010.12.20 11:58:47.962,1.50297,1.50333,1.50,2.25
2010.12.20 11:58:51.012,1.50297,1.50333,1.50,2.25
2010.12.20 11:58:51.874,1.50287,1.50323,2.25,1.50
2010.12.20 11:58:52.433,1.50287,1.50323,1.50,3.00
2010.12.20 11:58:52.556,1.50287,1.50323,1.50,2.25
2010.12.20 11:58:53.820,1.50287,1.50323,1.50,2.25
2010.12.20 11:58:54.262,1.50278,1.50313,1.50,1.50
2010.12.20 11:58:55.276,1.50277,1.50313,2.25,1.50
2010.12.20 11:58:55.397,1.50274,1.50303,3.38,1.50
2010.12.20 11:58:55.513,1.50274,1.50305,1.88,2.03
2010.12.20 11:58:55.634,1.50272,1.50303,2.17,1.50
2010.12.20 11:58:55.972,1.50272,1.50303,1.95,1.50
2010.12.20 11:58:56.093,1.50278,1.50303,2.62,1.50
2010.12.20 11:58:56.448,1.5028,1.50314,2.03,1.50
2010.12.20 11:58:56.574,1.50281,1.50323,1.58,1.88
2010.12.20 11:58:56.694,1.50287,1.50321,1.50,1.88
2010.12.20 11:58:56.813,1.50287,1.50323,1.50,1.50
2010.12.20 11:58:57.386,1.50287,1.50323,2.25,1.50
2010.12.20 11:59:00.817,1.50289,1.50323,1.50,1.50
2010.12.20 11:59:01.400,1.50297,1.50333,1.50,1.50
2010.12.20 11:59:02.762,1.50297,1.50333,1.50,1.65
2010.12.20 11:59:03.171,1.50287,1.50323,2.25,1.50
2010.12.20 11:59:03.952,1.50296,1.50332,1.50,2.03
2010.12.20 11:59:04.571,1.50296,1.50334,1.50,4.20
2010.12.20 11:59:04.690,1.50296,1.50334,1.50,4.43
2010.12.20 11:59:05.215,1.50296,1.50333,1.50,2.96
2010.12.20 11:59:05.335,1.50296,1.5033,1.50,1.95
2010.12.20 11:59:05.453,1.50287,1.5033,1.50,1.95
2010.12.20 11:59:05.574,1.50287,1.50328,1.50,1.09
2010.12.20 11:59:06.160,1.50286,1.50324,1.50,3.53
2010.12.20 11:59:06.492,1.50286,1.50323,1.50,2.78
2010.12.20 11:59:06.979,1.50286,1.5032,1.50,3.71
2010.12.20 11:59:07.284,1.50277,1.50313,1.50,1.50
2010.12.20 11:59:09.274,1.50277,1.50313,1.50,1.80
2010.12.20 11:59:09.677,1.5027,1.50304,1.88,1.50
2010.12.20 11:59:09.795,1.50266,1.50304,1.50,1.50
2010.12.20 11:59:12.499,1.50263,1.50304,1.88,1.50
2010.12.20 11:59:12.625,1.50263,1.50303,1.88,3.22
2010.12.20 11:59:12.960,1.50257,1.50293,1.50,1.50
2010.12.20 11:59:15.652,1.50257,1.50294,3.38,1.88
2010.12.20 11:59:16.041,1.50267,1.50294,1.50,2.62
2010.12.20 11:59:16.163,1.50256,1.50294,3.00,1.50
2010.12.20 11:59:16.750,1.50256,1.50294,2.25,1.50
2010.12.20 11:59:17.913,1.50256,1.50299,3.00,1.88
2010.12.20 11:59:18.318,1.50257,1.50293,3.38,1.50
2010.12.20 11:59:18.651,1.50266,1.50303,1.50,3.38
2010.12.20 11:59:19.261,1.50259,1.50303,1.88,1.50
2010.12.20 11:59:19.374,1.50259,1.50293,1.88,1.50
2010.12.20 11:59:19.615,1.5026,1.50303,1.12,1.50
2010.12.20 11:59:19.734,1.50262,1.503,1.12,1.88
2010.12.20 11:59:20.138,1.50267,1.50303,1.50,1.58
2010.12.20 11:59:20.692,1.50267,1.50303,1.50,1.58
2010.12.20 11:59:21.031,1.50267,1.50303,1.50,2.25
2010.12.20 11:59:21.594,1.50267,1.503,1.50,1.95
2010.12.20 11:59:21.911,1.50267,1.50295,1.50,2.70
2010.12.20 11:59:22.022,1.50257,1.50295,1.50,3.45
2010.12.20 11:59:22.473,1.50257,1.50293,1.50,4.20
2010.12.20 11:59:22.995,1.50257,1.50293,1.50,2.40
2010.12.20 11:59:23.225,1.50257,1.50292,1.50,1.01
2010.12.20 11:59:23.345,1.50251,1.50284,1.88,1.50
2010.12.20 11:59:23.871,1.50249,1.50284,1.88,1.50
2010.12.20 11:59:26.343,1.50248,1.50284,1.88,1.50
2010.12.20 11:59:26.571,1.50248,1.50284,3.75,1.50
2010.12.20 11:59:27.181,1.50251,1.50284,1.88,1.50
2010.12.20 11:59:27.694,1.50254,1.50284,1.88,1.50
2010.12.20 11:59:28.032,1.50254,1.50283,1.88,1.16
2010.12.20 11:59:28.153,1.50252,1.50282,1.88,2.03
2010.12.20 11:59:28.652,1.50246,1.50283,1.50,2.03
2010.12.20 11:59:28.761,1.50248,1.50283,1.50,2.03
2010.12.20 11:59:28.872,1.50248,1.50284,1.50,1.50
2010.12.20 11:59:29.916,1.50256,1.5029,1.50,1.88
2010.12.20 11:59:30.141,1.50256,1.50293,1.50,1.88
2010.12.20 11:59:30.262,1.50256,1.50293,1.50,2.62
2010.12.20 11:59:30.731,1.50256,1.50293,1.50,2.03
2010.12.20 11:59:31.012,1.50248,1.50284,1.50,1.50
2010.12.20 11:59:31.147,1.50247,1.50284,1.88,1.50
2010.12.20 11:59:31.767,1.50249,1.50284,1.88,1.50
2010.12.20 11:59:31.991,1.50246,1.50284,1.50,1.50
2010.12.20 11:59:32.111,1.50246,1.50284,1.50,1.58
2010.12.20 11:59:32.654,1.50248,1.50284,1.88,1.50
2010.12.20 11:59:32.994,1.50248,1.50284,1.50,1.50
2010.12.20 11:59:33.330,1.50249,1.50284,3.38,1.50
2010.12.20 11:59:34.572,1.50257,1.50284,1.88,1.50
2010.12.20 11:59:35.096,1.50256,1.50284,2.62,1.50
2010.12.20 11:59:35.871,1.50258,1.50284,1.88,1.50
2010.12.20 11:59:36.091,1.50255,1.50284,2.62,1.50
2010.12.20 11:59:40.126,1.50255,1.50294,1.50,1.50
2010.12.20 11:59:40.252,1.50256,1.50295,1.35,1.88
2010.12.20 11:59:40.595,1.50261,1.50294,1.50,1.50
2010.12.20 11:59:40.996,1.50266,1.50304,1.50,1.50
2010.12.20 11:59:41.120,1.50268,1.50293,1.50,1.50
2010.12.20 11:59:41.781,1.50264,1.50293,2.62,1.50
2010.12.20 11:59:42.481,1.50267,1.50293,1.88,1.50
2010.12.20 11:59:42.923,1.50264,1.50293,2.62,1.50
2010.12.20 11:59:43.465,1.50265,1.50293,1.88,1.50
2010.12.20 11:59:43.587,1.50268,1.50293,1.88,1.50
2010.12.20 11:59:43.811,1.50265,1.50293,1.88,1.50
2010.12.20 11:59:44.367,1.50264,1.50293,1.88,1.50
2010.12.20 11:59:44.918,1.50263,1.50293,1.88,1.50
2010.12.20 11:59:45.250,1.50265,1.50293,1.88,1.50
2010.12.20 11:59:46.153,1.50261,1.50293,1.88,1.50
2010.12.20 11:59:46.713,1.50259,1.50293,2.62,1.50
2010.12.20 11:59:49.351,1.50266,1.50293,1.88,1.50
2010.12.20 11:59:49.461,1.50262,1.50293,1.88,1.50
2010.12.20 11:59:50.047,1.50261,1.50293,1.88,1.50
2010.12.20 11:59:50.384,1.50258,1.50293,3.38,1.50
2010.12.20 11:59:50.729,1.50264,1.50293,1.88,1.50
2010.12.20 11:59:51.284,1.50265,1.50293,1.88,1.50
2010.12.20 11:59:53.410,1.50262,1.50293,1.88,1.50
2010.12.20 11:59:55.335,1.50266,1.50293,1.88,1.50
2010.12.20 11:59:56.280,1.5026,1.50293,1.88,1.50
2010.12.20 11:59:56.609,1.5026,1.50284,1.88,1.50
2010.12.20 11:59:57.252,1.5026,1.50293,1.88,1.50
2010.12.20 11:59:57.600,1.50264,1.50293,2.62,1.50
2010.12.20 11:59:57.934,1.50268,1.50293,1.88,1.50
2010.12.20 11:59:58.433,1.50266,1.50293,1.88,1.50
2010.12.20 11:59:59.035,1.50267,1.50293,1.88,1.50
2010.12.20 11:59:59.564,1.50266,1.50293,1.88,1.50
